Element Number	Structural Error (J)
1	5.7219e-011
2	5.5081e-011
3	7.3129e-011
4	6.2963e-011
5	6.956e-011
6	6.2004e-011
7	6.429e-011
8	6.9043e-011
9	6.4213e-011
10	7.1324e-011
11	7.1452e-011
12	7.0005e-011
13	7.7652e-011
14	7.2199e-011
15	8.0228e-011
16	7.8019e-011
17	8.1282e-011
18	8.3342e-011
19	8.3505e-011
20	8.8125e-011
21	8.6704e-011
22	9.2403e-011
23	9.087e-011
24	9.6053e-011
25	9.5948e-011
26	9.907e-011
27	1.0223e-010
28	1.0141e-010
29	1.0851e-010
30	1.0515e-010
31	1.1252e-010
32	1.1347e-010
33	1.136e-010
34	1.2002e-010
35	1.204e-010
36	1.2211e-010
37	1.2776e-010
38	1.3009e-010
39	1.2951e-010
40	1.3606e-010
41	1.3887e-010
42	1.4168e-010
43	1.4243e-010
44	1.4773e-010
45	1.5127e-010
46	1.5485e-010
47	1.5781e-010
48	1.6119e-010
49	1.6503e-010
50	1.6787e-010
51	1.7262e-010
52	1.7651e-010
53	1.8044e-010
54	1.8441e-010
55	1.888e-010
56	1.938e-010
57	1.959e-010
58	2.0198e-010
59	2.0611e-010
60	2.111e-010
61	2.1784e-010
62	2.2327e-010
63	2.2405e-010
64	2.2583e-010
65	2.4218e-010
66	2.4331e-010
67	2.2631e-010
68	2.2408e-010
69	2.2604e-010
70	2.2163e-010
71	2.1424e-010
72	2.0937e-010
73	2.0606e-010
74	1.9638e-010
75	1.9877e-010
76	1.9283e-010
77	1.8891e-010
78	1.8527e-010
79	1.82e-010
80	1.7867e-010
81	1.7027e-010
82	1.7164e-010
83	1.6774e-010
84	1.6533e-010
85	1.6613e-010
86	1.6412e-010
87	1.6607e-010
88	1.4176e-010
89	1.6243e-010
90	1.5788e-010
91	1.6418e-010
92	1.3147e-010
93	1.5603e-010
94	1.5877e-010
95	1.2516e-010
96	1.2961e-010
97	1.591e-010
98	1.188e-010
99	1.4346e-010
100	1.5686e-010
101	1.1128e-010
102	1.6266e-010
103	1.0522e-010
104	1.4134e-010
105	1.2297e-010
106	1.0504e-010
107	1.2518e-010
108	9.3589e-011
109	1.2441e-010
110	8.8749e-011
111	1.1521e-010
112	8.9922e-011
113	1.017e-010
114	9.8901e-011
115	8.5043e-011
116	1.2058e-010
117	8.0087e-011
118	1.2016e-010
119	7.6264e-011
120	8.7982e-011
121	9.1498e-011
122	7.3948e-011
123	1.0377e-010
124	1.2219e-010
125	1.5964e-010
126	2.9312e-010
127	7.7608e-010
128	8.2745e-010
129	9.7984e-010
130	1.1847e-009
131	3.9321e-011
132	4.8377e-011
133	6.7951e-011
134	7.2689e-011
135	7.7264e-011
136	7.1835e-011
137	7.3372e-011
138	7.5887e-011
139	7.7757e-011
140	7.8657e-011
141	8.0299e-011
142	8.2678e-011
143	8.4031e-011
144	8.736e-011
145	8.7838e-011
146	9.0321e-011
147	9.2054e-011
148	9.4093e-011
149	9.6717e-011
150	9.812e-011
151	1.0148e-010
152	1.0243e-010
153	1.062e-010
154	1.0723e-010
155	1.1065e-010
156	1.1263e-010
157	1.1469e-010
158	1.1891e-010
159	1.1912e-010
160	1.25e-010
161	1.2502e-010
162	1.2846e-010
163	1.3274e-010
164	1.3338e-010
165	1.3778e-010
166	1.4154e-010
167	1.4298e-010
168	1.4663e-010
169	1.5216e-010
170	1.5308e-010
171	1.566e-010
172	1.605e-010
173	1.6563e-010
174	1.6794e-010
175	1.7149e-010
176	1.7541e-010
177	1.7967e-010
178	1.8387e-010
179	1.8789e-010
180	1.9274e-010
181	1.9651e-010
182	2.0085e-010
183	2.0538e-010
184	2.1012e-010
185	2.1486e-010
186	2.1945e-010
187	2.2629e-010
188	2.298e-010
189	2.3556e-010
190	2.4069e-010
191	2.4508e-010
192	2.5019e-010
193	2.588e-010
194	2.6796e-010
195	2.6645e-010
196	2.6626e-010
197	2.6944e-010
198	2.6155e-010
199	2.518e-010
200	2.4672e-010
201	2.4371e-010
202	2.388e-010
203	2.3312e-010
204	2.3255e-010
205	2.2227e-010
206	2.1904e-010
207	2.1443e-010
208	2.1011e-010
209	2.0581e-010
210	2.0123e-010
211	2.0173e-010
212	1.9455e-010
213	1.9235e-010
214	1.8775e-010
215	1.8155e-010
216	1.7999e-010
217	1.7877e-010
218	1.9547e-010
219	1.7289e-010
220	1.6559e-010
221	1.6555e-010
222	1.9215e-010
223	1.6104e-010
224	1.5156e-010
225	1.6701e-010
226	1.543e-010
227	1.4132e-010
228	1.6644e-010
229	1.4846e-010
230	1.4554e-010
231	1.81e-010
232	1.2883e-010
233	1.5607e-010
234	1.3518e-010
235	1.3367e-010
236	1.3288e-010
237	1.1785e-010
238	1.3134e-010
239	1.1199e-010
240	1.2517e-010
241	1.0854e-010
242	1.1496e-010
243	1.0703e-010
244	1.0606e-010
245	1.0561e-010
246	1.0423e-010
247	1.2278e-010
248	9.662e-011
249	9.7026e-011
250	8.2106e-011
251	8.4025e-011
252	8.5941e-011
253	9.4053e-011
254	1.3349e-010
255	1.6374e-010
256	3.2434e-010
257	7.9356e-010
258	8.8867e-010
259	9.3416e-010
260	1.2706e-009
261	5.7237e-011
262	5.5081e-011
263	7.3115e-011
264	6.2916e-011
265	6.9541e-011
266	6.2023e-011
267	6.4288e-011
268	6.9057e-011
269	6.4266e-011
270	7.1361e-011
271	7.1492e-011
272	7.0041e-011
273	7.7701e-011
274	7.2208e-011
275	8.0253e-011
276	7.8025e-011
277	8.1259e-011
278	8.3323e-011
279	8.3463e-011
280	8.8142e-011
281	8.6717e-011
282	9.2406e-011
283	9.0843e-011
284	9.6057e-011
285	9.5943e-011
286	9.9038e-011
287	1.0223e-010
288	1.0148e-010
289	1.0856e-010
290	1.052e-010
291	1.1252e-010
292	1.1347e-010
293	1.1358e-010
294	1.2002e-010
295	1.2038e-010
296	1.2214e-010
297	1.2776e-010
298	1.3022e-010
299	1.2932e-010
300	1.362e-010
301	1.3887e-010
302	1.4169e-010
303	1.4242e-010
304	1.4768e-010
305	1.513e-010
306	1.5487e-010
307	1.5786e-010
308	1.6122e-010
309	1.6509e-010
310	1.6797e-010
311	1.7267e-010
312	1.7654e-010
313	1.8046e-010
314	1.8454e-010
315	1.8889e-010
316	1.9398e-010
317	1.9589e-010
318	2.02e-010
319	2.0624e-010
320	2.1108e-010
321	2.1787e-010
322	2.2343e-010
323	2.2425e-010
324	2.2603e-010
325	2.422e-010
326	2.4346e-010
327	2.2658e-010
328	2.243e-010
329	2.2629e-010
330	2.2186e-010
331	2.144e-010
332	2.0959e-010
333	2.0613e-010
334	1.9646e-010
335	1.9897e-010
336	1.9298e-010
337	1.8899e-010
338	1.8535e-010
339	1.8193e-010
340	1.7929e-010
341	1.6892e-010
342	1.722e-010
343	1.6771e-010
344	1.6535e-010
345	1.6615e-010
346	1.6425e-010
347	1.6605e-010
348	1.4182e-010
349	1.6249e-010
350	1.5802e-010
351	1.6425e-010
352	1.3155e-010
353	1.5611e-010
354	1.5883e-010
355	1.2528e-010
356	1.2963e-010
357	1.5922e-010
358	1.1888e-010
359	1.4355e-010
360	1.5691e-010
361	1.1132e-010
362	1.6274e-010
363	1.052e-010
364	1.414e-010
365	1.2302e-010
366	1.0515e-010
367	1.2523e-010
368	9.3597e-011
369	1.2442e-010
370	8.8777e-011
371	1.1528e-010
372	8.9967e-011
373	1.0174e-010
374	9.8931e-011
375	8.502e-011
376	1.2057e-010
377	8.0096e-011
378	1.2016e-010
379	7.632e-011
380	8.8031e-011
381	9.1531e-011
382	7.3954e-011
383	1.0382e-010
384	1.2217e-010
385	1.5965e-010
386	2.931e-010
387	7.7598e-010
388	8.2747e-010
389	9.7985e-010
390	1.1847e-009
391	5.7224e-011
392	5.5068e-011
393	7.3104e-011
394	6.2942e-011
395	6.9587e-011
396	6.2081e-011
397	6.4377e-011
398	6.9113e-011
399	6.4305e-011
400	7.1408e-011
401	7.1531e-011
402	7.0079e-011
403	7.771e-011
404	7.2202e-011
405	8.0234e-011
406	7.7992e-011
407	8.1265e-011
408	8.3344e-011
409	8.3502e-011
410	8.8139e-011
411	8.6694e-011
412	9.2368e-011
413	9.0819e-011
414	9.6025e-011
415	9.5937e-011
416	9.9046e-011
417	1.0221e-010
418	1.0148e-010
419	1.0854e-010
420	1.0517e-010
421	1.1251e-010
422	1.1347e-010
423	1.1359e-010
424	1.2008e-010
425	1.2038e-010
426	1.2214e-010
427	1.2779e-010
428	1.3025e-010
429	1.2927e-010
430	1.3631e-010
431	1.389e-010
432	1.4168e-010
433	1.4241e-010
434	1.4771e-010
435	1.5126e-010
436	1.5488e-010
437	1.579e-010
438	1.6124e-010
439	1.6507e-010
440	1.6795e-010
441	1.7259e-010
442	1.7647e-010
443	1.8041e-010
444	1.8452e-010
445	1.8882e-010
446	1.939e-010
447	1.9586e-010
448	2.0194e-010
449	2.0622e-010
450	2.1111e-010
451	2.1792e-010
452	2.2349e-010
453	2.243e-010
454	2.2601e-010
455	2.4228e-010
456	2.4361e-010
457	2.2678e-010
458	2.2452e-010
459	2.2642e-010
460	2.2187e-010
461	2.1456e-010
462	2.0965e-010
463	2.0622e-010
464	1.9659e-010
465	1.9901e-010
466	1.9308e-010
467	1.8917e-010
468	1.8555e-010
469	1.8205e-010
470	1.7939e-010
471	1.6899e-010
472	1.7224e-010
473	1.6775e-010
474	1.655e-010
475	1.6624e-010
476	1.643e-010
477	1.6615e-010
478	1.4196e-010
479	1.6257e-010
480	1.5813e-010
481	1.6434e-010
482	1.3166e-010
483	1.5623e-010
484	1.5896e-010
485	1.254e-010
486	1.2976e-010
487	1.5931e-010
488	1.1896e-010
489	1.4366e-010
490	1.5695e-010
491	1.1136e-010
492	1.6279e-010
493	1.0528e-010
494	1.4145e-010
495	1.2308e-010
496	1.0519e-010
497	1.253e-010
498	9.364e-011
499	1.2445e-010
500	8.8815e-011
501	1.1531e-010
502	9.0022e-011
503	1.0173e-010
504	9.8903e-011
505	8.501e-011
506	1.2055e-010
507	8.0089e-011
508	1.2016e-010
509	7.6309e-011
510	8.8014e-011
511	9.152e-011
512	7.3957e-011
513	1.0378e-010
514	1.2219e-010
515	1.5964e-010
516	2.9309e-010
517	7.76e-010
518	8.2744e-010
519	9.7981e-010
520	1.1848e-009
521	3.9309e-011
522	4.8357e-011
523	6.7983e-011
524	7.2771e-011
525	7.7328e-011
526	7.1938e-011
527	7.3473e-011
528	7.5953e-011
529	7.7834e-011
530	7.8707e-011
531	8.0441e-011
532	8.2783e-011
533	8.4033e-011
534	8.7396e-011
535	8.7789e-011
536	9.0247e-011
537	9.2046e-011
538	9.4118e-011
539	9.664e-011
540	9.8066e-011
541	1.0141e-010
542	1.0236e-010
543	1.061e-010
544	1.0721e-010
545	1.1053e-010
546	1.1261e-010
547	1.1469e-010
548	1.1894e-010
549	1.1906e-010
550	1.2494e-010
551	1.2494e-010
552	1.2846e-010
553	1.3283e-010
554	1.335e-010
555	1.378e-010
556	1.4143e-010
557	1.4298e-010
558	1.4655e-010
559	1.5228e-010
560	1.5313e-010
561	1.5667e-010
562	1.6039e-010
563	1.656e-010
564	1.6795e-010
565	1.7144e-010
566	1.7533e-010
567	1.7973e-010
568	1.8405e-010
569	1.8784e-010
570	1.9274e-010
571	1.9646e-010
572	2.007e-010
573	2.0538e-010
574	2.0994e-010
575	2.1492e-010
576	2.1939e-010
577	2.2605e-010
578	2.2983e-010
579	2.3531e-010
580	2.4073e-010
581	2.4501e-010
582	2.5026e-010
583	2.5904e-010
584	2.6828e-010
585	2.6654e-010
586	2.6644e-010
587	2.7001e-010
588	2.6209e-010
589	2.5232e-010
590	2.4708e-010
591	2.4386e-010
592	2.3924e-010
593	2.3338e-010
594	2.328e-010
595	2.2267e-010
596	2.1926e-010
597	2.1483e-010
598	2.1051e-010
599	2.0617e-010
600	2.0145e-010
601	2.0202e-010
602	1.9477e-010
603	1.9255e-010
604	1.8795e-010
605	1.8179e-010
606	1.8019e-010
607	1.7892e-010
608	1.9579e-010
609	1.7308e-010
610	1.6592e-010
611	1.6593e-010
612	1.9237e-010
613	1.6144e-010
614	1.5181e-010
615	1.6744e-010
616	1.5467e-010
617	1.4155e-010
618	1.6669e-010
619	1.4871e-010
620	1.4572e-010
621	1.8111e-010
622	1.2893e-010
623	1.5611e-010
624	1.3539e-010
625	1.3387e-010
626	1.3305e-010
627	1.1796e-010
628	1.3148e-010
629	1.1207e-010
630	1.2531e-010
631	1.0858e-010
632	1.1501e-010
633	1.0704e-010
634	1.0604e-010
635	1.0558e-010
636	1.042e-010
637	1.2274e-010
638	9.6638e-011
639	9.7061e-011
640	8.2134e-011
641	8.4049e-011
642	8.5944e-011
643	9.4078e-011
644	1.3349e-010
645	1.6379e-010
646	3.2433e-010
647	7.934e-010
648	8.8859e-010
649	9.3429e-010
650	1.2707e-009
651	5.7231e-011
652	5.5064e-011
653	7.3116e-011
654	6.2941e-011
655	6.9588e-011
656	6.2077e-011
657	6.4374e-011
658	6.9123e-011
659	6.4298e-011
660	7.1404e-011
661	7.1532e-011
662	7.0073e-011
663	7.771e-011
664	7.2202e-011
665	8.0234e-011
666	7.8008e-011
667	8.1259e-011
668	8.3344e-011
669	8.3502e-011
670	8.8131e-011
671	8.6695e-011
672	9.2384e-011
673	9.0817e-011
674	9.6026e-011
675	9.5938e-011
676	9.9045e-011
677	1.0221e-010
678	1.0148e-010
679	1.0854e-010
680	1.0517e-010
681	1.1249e-010
682	1.1347e-010
683	1.1359e-010
684	1.2009e-010
685	1.2039e-010
686	1.2213e-010
687	1.2775e-010
688	1.3036e-010
689	1.2916e-010
690	1.3636e-010
691	1.3886e-010
692	1.4168e-010
693	1.4241e-010
694	1.4771e-010
695	1.5126e-010
696	1.5487e-010
697	1.5789e-010
698	1.6127e-010
699	1.6505e-010
700	1.6796e-010
701	1.726e-010
702	1.7647e-010
703	1.8041e-010
704	1.8452e-010
705	1.8882e-010
706	1.939e-010
707	1.9585e-010
708	2.0192e-010
709	2.0621e-010
710	2.1109e-010
711	2.1791e-010
712	2.235e-010
713	2.2434e-010
714	2.2601e-010
715	2.4227e-010
716	2.4361e-010
717	2.2676e-010
718	2.2453e-010
719	2.2641e-010
720	2.2187e-010
721	2.1455e-010
722	2.0964e-010
723	2.0621e-010
724	1.9661e-010
725	1.9906e-010
726	1.9308e-010
727	1.8917e-010
728	1.855e-010
729	1.8217e-010
730	1.7892e-010
731	1.7043e-010
732	1.7176e-010
733	1.6784e-010
734	1.6548e-010
735	1.6624e-010
736	1.6432e-010
737	1.661e-010
738	1.4195e-010
739	1.6258e-010
740	1.581e-010
741	1.6435e-010
742	1.3166e-010
743	1.5621e-010
744	1.5896e-010
745	1.254e-010
746	1.2976e-010
747	1.5931e-010
748	1.1895e-010
749	1.4367e-010
750	1.5696e-010
751	1.1137e-010
752	1.6279e-010
753	1.0528e-010
754	1.4144e-010
755	1.2307e-010
756	1.0519e-010
757	1.253e-010
758	9.3644e-011
759	1.2446e-010
760	8.8817e-011
761	1.1531e-010
762	9.0022e-011
763	1.0173e-010
764	9.8902e-011
765	8.5012e-011
766	1.2055e-010
767	8.008e-011
768	1.2015e-010
769	7.6306e-011
770	8.8008e-011
771	9.1516e-011
772	7.3958e-011
773	1.0378e-010
774	1.2219e-010
775	1.5964e-010
776	2.931e-010
777	7.7602e-010
778	8.2746e-010
779	9.7979e-010
780	1.1848e-009
781	5.7251e-011
782	5.507e-011
783	7.3105e-011
784	6.2922e-011
785	6.9538e-011
786	6.2016e-011
787	6.4295e-011
788	6.907e-011
789	6.4259e-011
790	7.1352e-011
791	7.1488e-011
792	7.0042e-011
793	7.7695e-011
794	7.2229e-011
795	8.0267e-011
796	7.8021e-011
797	8.1257e-011
798	8.3317e-011
799	8.3481e-011
800	8.8127e-011
801	8.6717e-011
802	9.2405e-011
803	9.0841e-011
804	9.6048e-011
805	9.5946e-011
806	9.9049e-011
807	1.0225e-010
808	1.0146e-010
809	1.0855e-010
810	1.0519e-010
811	1.125e-010
812	1.1347e-010
813	1.1359e-010
814	1.2003e-010
815	1.2039e-010
816	1.2213e-010
817	1.2779e-010
818	1.3035e-010
819	1.2916e-010
820	1.3635e-010
821	1.3881e-010
822	1.4169e-010
823	1.4241e-010
824	1.477e-010
825	1.5129e-010
826	1.5488e-010
827	1.5786e-010
828	1.6122e-010
829	1.6509e-010
830	1.6801e-010
831	1.7265e-010
832	1.7656e-010
833	1.8045e-010
834	1.8456e-010
835	1.8886e-010
836	1.9397e-010
837	1.9596e-010
838	2.0197e-010
839	2.0627e-010
840	2.1107e-010
841	2.1783e-010
842	2.2341e-010
843	2.2423e-010
844	2.2602e-010
845	2.4218e-010
846	2.4344e-010
847	2.2661e-010
848	2.2427e-010
849	2.263e-010
850	2.2187e-010
851	2.1437e-010
852	2.0953e-010
853	2.0615e-010
854	1.9646e-010
855	1.9897e-010
856	1.9298e-010
857	1.8899e-010
858	1.8532e-010
859	1.8202e-010
860	1.7869e-010
861	1.7045e-010
862	1.7166e-010
863	1.6777e-010
864	1.6536e-010
865	1.6616e-010
866	1.6425e-010
867	1.66e-010
868	1.418e-010
869	1.6245e-010
870	1.5803e-010
871	1.6426e-010
872	1.3155e-010
873	1.5611e-010
874	1.5883e-010
875	1.2527e-010
876	1.2963e-010
877	1.5922e-010
878	1.189e-010
879	1.4353e-010
880	1.5691e-010
881	1.1133e-010
882	1.6274e-010
883	1.0521e-010
884	1.4139e-010
885	1.2302e-010
886	1.0514e-010
887	1.2524e-010
888	9.3596e-011
889	1.2442e-010
890	8.8771e-011
891	1.1529e-010
892	8.9983e-011
893	1.0173e-010
894	9.8938e-011
895	8.5013e-011
896	1.2056e-010
897	8.0109e-011
898	1.2016e-010
899	7.6307e-011
900	8.8019e-011
901	9.1527e-011
902	7.3955e-011
903	1.0381e-010
904	1.2217e-010
905	1.5962e-010
906	2.9309e-010
907	7.7601e-010
908	8.2743e-010
909	9.7981e-010
910	1.1846e-009
911	3.933e-011
912	4.8364e-011
913	6.7943e-011
914	7.2702e-011
915	7.7243e-011
916	7.1831e-011
917	7.3389e-011
918	7.5889e-011
919	7.7775e-011
920	7.8606e-011
921	8.0307e-011
922	8.2691e-011
923	8.4042e-011
924	8.7378e-011
925	8.7844e-011
926	9.0311e-011
927	9.2047e-011
928	9.4095e-011
929	9.6676e-011
930	9.8116e-011
931	1.015e-010
932	1.0245e-010
933	1.0622e-010
934	1.0724e-010
935	1.1062e-010
936	1.1265e-010
937	1.1469e-010
938	1.1895e-010
939	1.1914e-010
940	1.2501e-010
941	1.2495e-010
942	1.2844e-010
943	1.328e-010
944	1.3344e-010
945	1.3775e-010
946	1.4156e-010
947	1.4308e-010
948	1.4654e-010
949	1.524e-010
950	1.53e-010
951	1.5653e-010
952	1.6051e-010
953	1.6561e-010
954	1.6795e-010
955	1.7147e-010
956	1.7544e-010
957	1.7968e-010
958	1.8383e-010
959	1.8784e-010
960	1.9272e-010
961	1.9654e-010
962	2.0089e-010
963	2.0543e-010
964	2.1004e-010
965	2.1481e-010
966	2.1943e-010
967	2.2637e-010
968	2.2983e-010
969	2.3556e-010
970	2.4075e-010
971	2.4511e-010
972	2.502e-010
973	2.5883e-010
974	2.6791e-010
975	2.665e-010
976	2.6632e-010
977	2.6947e-010
978	2.6153e-010
979	2.5188e-010
980	2.4674e-010
981	2.4365e-010
982	2.3889e-010
983	2.3317e-010
984	2.326e-010
985	2.223e-010
986	2.1905e-010
987	2.1444e-010
988	2.1017e-010
989	2.0564e-010
990	2.0141e-010
991	2.0137e-010
992	1.9481e-010
993	1.9227e-010
994	1.8779e-010
995	1.8156e-010
996	1.8008e-010
997	1.787e-010
998	1.9549e-010
999	1.728e-010
1000	1.6559e-010
1001	1.6557e-010
1002	1.921e-010
1003	1.6108e-010
1004	1.5155e-010
1005	1.6701e-010
1006	1.5431e-010
1007	1.4133e-010
1008	1.6647e-010
1009	1.4847e-010
1010	1.4553e-010
1011	1.8095e-010
1012	1.2886e-010
1013	1.5609e-010
1014	1.3518e-010
1015	1.3366e-010
1016	1.3285e-010
1017	1.1787e-010
1018	1.3136e-010
1019	1.1197e-010
1020	1.2516e-010
1021	1.0856e-010
1022	1.1497e-010
1023	1.0703e-010
1024	1.0607e-010
1025	1.0559e-010
1026	1.0424e-010
1027	1.228e-010
1028	9.6638e-011
1029	9.7041e-011
1030	8.211e-011
1031	8.4019e-011
1032	8.5954e-011
1033	9.4056e-011
1034	1.3342e-010
1035	1.6374e-010
1036	3.2434e-010
1037	7.9359e-010
1038	8.8871e-010
1039	9.3413e-010
1040	1.2706e-009
1041	5.7217e-011
1042	5.5094e-011
1043	7.3129e-011
1044	6.2972e-011
1045	6.9549e-011
1046	6.2018e-011
1047	6.4286e-011
1048	6.9039e-011
1049	6.4209e-011
1050	7.1326e-011
1051	7.1431e-011
1052	7.0027e-011
1053	7.7651e-011
1054	7.2212e-011
1055	8.0237e-011
1056	7.8011e-011
1057	8.1275e-011
1058	8.3325e-011
1059	8.3485e-011
1060	8.8128e-011
1061	8.6691e-011
1062	9.2398e-011
1063	9.0882e-011
1064	9.6048e-011
1065	9.5957e-011
1066	9.9071e-011
1067	1.0223e-010
1068	1.0141e-010
1069	1.0852e-010
1070	1.0517e-010
1071	1.1251e-010
1072	1.1344e-010
1073	1.1363e-010
1074	1.2005e-010
1075	1.2038e-010
1076	1.2211e-010
1077	1.2775e-010
1078	1.3034e-010
1079	1.2923e-010
1080	1.3635e-010
1081	1.3877e-010
1082	1.4172e-010
1083	1.4244e-010
1084	1.4771e-010
1085	1.5128e-010
1086	1.5485e-010
1087	1.578e-010
1088	1.6118e-010
1089	1.6503e-010
1090	1.6788e-010
1091	1.7264e-010
1092	1.7651e-010
1093	1.8046e-010
1094	1.8438e-010
1095	1.8883e-010
1096	1.9382e-010
1097	1.9587e-010
1098	2.0201e-010
1099	2.061e-010
1100	2.1107e-010
1101	2.1786e-010
1102	2.2336e-010
1103	2.2404e-010
1104	2.2583e-010
1105	2.4222e-010
1106	2.4328e-010
1107	2.2631e-010
1108	2.2406e-010
1109	2.2601e-010
1110	2.2167e-010
1111	2.1421e-010
1112	2.0945e-010
1113	2.0606e-010
1114	1.9634e-010
1115	1.9882e-010
1116	1.9283e-010
1117	1.889e-010
1118	1.8524e-010
1119	1.8197e-010
1120	1.7861e-010
1121	1.7036e-010
1122	1.7165e-010
1123	1.6774e-010
1124	1.6534e-010
1125	1.6612e-010
1126	1.6424e-010
1127	1.6596e-010
1128	1.4167e-010
1129	1.6233e-010
1130	1.5796e-010
1131	1.6414e-010
1132	1.3147e-010
1133	1.56e-010
1134	1.5877e-010
1135	1.2517e-010
1136	1.2963e-010
1137	1.5909e-010
1138	1.1878e-010
1139	1.4349e-010
1140	1.5685e-010
1141	1.1129e-010
1142	1.6269e-010
1143	1.0519e-010
1144	1.4134e-010
1145	1.2294e-010
1146	1.0505e-010
1147	1.2521e-010
1148	9.3583e-011
1149	1.2442e-010
1150	8.8752e-011
1151	1.1521e-010
1152	8.9936e-011
1153	1.0168e-010
1154	9.8903e-011
1155	8.5039e-011
1156	1.2058e-010
1157	8.0106e-011
1158	1.2016e-010
1159	7.6282e-011
1160	8.799e-011
1161	9.1494e-011
1162	7.3935e-011
1163	1.0382e-010
1164	1.2218e-010
1165	1.5963e-010
1166	2.931e-010
1167	7.7602e-010
1168	8.2746e-010
1169	9.7987e-010
1170	1.1847e-009
1171	5.7205e-011
1172	5.5085e-011
1173	7.3123e-011
1174	6.2967e-011
1175	6.9549e-011
1176	6.2018e-011
1177	6.4286e-011
1178	6.9039e-011
1179	6.4207e-011
1180	7.1324e-011
1181	7.1431e-011
1182	7.0023e-011
1183	7.7661e-011
1184	7.2211e-011
1185	8.0233e-011
1186	7.8009e-011
1187	8.1273e-011
1188	8.3323e-011
1189	8.3479e-011
1190	8.8116e-011
1191	8.668e-011
1192	9.2417e-011
1193	9.0882e-011
1194	9.6048e-011
1195	9.5957e-011
1196	9.9071e-011
1197	1.0223e-010
1198	1.0141e-010
1199	1.0851e-010
1200	1.0516e-010
1201	1.125e-010
1202	1.1345e-010
1203	1.1362e-010
1204	1.2005e-010
1205	1.2038e-010
1206	1.2211e-010
1207	1.2773e-010
1208	1.3037e-010
1209	1.2922e-010
1210	1.3635e-010
1211	1.3877e-010
1212	1.4172e-010
1213	1.4242e-010
1214	1.477e-010
1215	1.5128e-010
1216	1.5485e-010
1217	1.578e-010
1218	1.6118e-010
1219	1.6503e-010
1220	1.6788e-010
1221	1.7264e-010
1222	1.7651e-010
1223	1.8046e-010
1224	1.8442e-010
1225	1.8882e-010
1226	1.9381e-010
1227	1.9587e-010
1228	2.02e-010
1229	2.0609e-010
1230	2.1107e-010
1231	2.1786e-010
1232	2.2336e-010
1233	2.2404e-010
1234	2.2583e-010
1235	2.4222e-010
1236	2.4328e-010
1237	2.2631e-010
1238	2.2406e-010
1239	2.2601e-010
1240	2.2167e-010
1241	2.1421e-010
1242	2.0945e-010
1243	2.0606e-010
1244	1.9634e-010
1245	1.9881e-010
1246	1.9283e-010
1247	1.889e-010
1248	1.8523e-010
1249	1.8197e-010
1250	1.786e-010
1251	1.7039e-010
1252	1.7166e-010
1253	1.6771e-010
1254	1.6534e-010
1255	1.6612e-010
1256	1.6421e-010
1257	1.6599e-010
1258	1.4152e-010
1259	1.6237e-010
1260	1.5795e-010
1261	1.6417e-010
1262	1.3145e-010
1263	1.5604e-010
1264	1.5873e-010
1265	1.2517e-010
1266	1.2963e-010
1267	1.5911e-010
1268	1.1879e-010
1269	1.4349e-010
1270	1.5687e-010
1271	1.1128e-010
1272	1.6273e-010
1273	1.0519e-010
1274	1.4134e-010
1275	1.2292e-010
1276	1.0507e-010
1277	1.252e-010
1278	9.358e-011
1279	1.2441e-010
1280	8.8745e-011
1281	1.152e-010
1282	8.9936e-011
1283	1.0169e-010
1284	9.8897e-011
1285	8.5039e-011
1286	1.2057e-010
1287	8.0119e-011
1288	1.2016e-010
1289	7.6297e-011
1290	8.7988e-011
1291	9.1494e-011
1292	7.3933e-011
1293	1.0382e-010
1294	1.2218e-010
1295	1.5963e-010
1296	2.9309e-010
1297	7.7602e-010
1298	8.2744e-010
1299	9.7993e-010
1300	1.1847e-009
1301	3.9319e-011
1302	4.8372e-011
1303	6.7943e-011
1304	7.2699e-011
1305	7.7224e-011
1306	7.183e-011
1307	7.34e-011
1308	7.5873e-011
1309	7.7787e-011
1310	7.8612e-011
1311	8.0316e-011
1312	8.2704e-011
1313	8.4052e-011
1314	8.7401e-011
1315	8.7845e-011
1316	9.0322e-011
1317	9.2061e-011
1318	9.4114e-011
1319	9.667e-011
1320	9.8139e-011
1321	1.0149e-010
1322	1.0244e-010
1323	1.0621e-010
1324	1.0725e-010
1325	1.106e-010
1326	1.1263e-010
1327	1.1469e-010
1328	1.1895e-010
1329	1.1915e-010
1330	1.2502e-010
1331	1.2499e-010
1332	1.2846e-010
1333	1.3274e-010
1334	1.3345e-010
1335	1.3775e-010
1336	1.4156e-010
1337	1.4309e-010
1338	1.4656e-010
1339	1.5237e-010
1340	1.5298e-010
1341	1.5656e-010
1342	1.6053e-010
1343	1.656e-010
1344	1.679e-010
1345	1.7149e-010
1346	1.7545e-010
1347	1.797e-010
1348	1.8376e-010
1349	1.8786e-010
1350	1.9275e-010
1351	1.9643e-010
1352	2.0086e-010
1353	2.054e-010
1354	2.1007e-010
1355	2.1481e-010
1356	2.1942e-010
1357	2.2632e-010
1358	2.2985e-010
1359	2.3558e-010
1360	2.4077e-010
1361	2.4513e-010
1362	2.5022e-010
1363	2.5885e-010
1364	2.6793e-010
1365	2.6651e-010
1366	2.6632e-010
1367	2.695e-010
1368	2.6153e-010
1369	2.5189e-010
1370	2.4679e-010
1371	2.4359e-010
1372	2.3889e-010
1373	2.3318e-010
1374	2.3264e-010
1375	2.2225e-010
1376	2.1904e-010
1377	2.1442e-010
1378	2.101e-010
1379	2.0564e-010
1380	2.014e-010
1381	2.0145e-010
1382	1.9473e-010
1383	1.9222e-010
1384	1.8781e-010
1385	1.8152e-010
1386	1.7998e-010
1387	1.7894e-010
1388	1.9512e-010
1389	1.73e-010
1390	1.6555e-010
1391	1.6558e-010
1392	1.9204e-010
1393	1.6115e-010
1394	1.5148e-010
1395	1.6703e-010
1396	1.5431e-010
1397	1.4135e-010
1398	1.6647e-010
1399	1.4848e-010
1400	1.4556e-010
1401	1.8096e-010
1402	1.2887e-010
1403	1.5603e-010
1404	1.3517e-010
1405	1.3368e-010
1406	1.3285e-010
1407	1.1787e-010
1408	1.3136e-010
1409	1.1197e-010
1410	1.2514e-010
1411	1.0857e-010
1412	1.1496e-010
1413	1.07e-010
1414	1.0608e-010
1415	1.0559e-010
1416	1.0423e-010
1417	1.228e-010
1418	9.6641e-011
1419	9.7028e-011
1420	8.2116e-011
1421	8.4021e-011
1422	8.595e-011
1423	9.4052e-011
1424	1.3341e-010
1425	1.6375e-010
1426	3.2433e-010
1427	7.936e-010
1428	8.8865e-010
1429	9.3413e-010
1430	1.2707e-009
1431	5.7265e-011
1432	5.5071e-011
1433	7.3096e-011
1434	6.2917e-011
1435	6.9534e-011
1436	6.2005e-011
1437	6.4317e-011
1438	6.9065e-011
1439	6.4256e-011
1440	7.1351e-011
1441	7.1472e-011
1442	7.0041e-011
1443	7.7697e-011
1444	7.2236e-011
1445	8.0255e-011
1446	7.8013e-011
1447	8.1268e-011
1448	8.3326e-011
1449	8.3492e-011
1450	8.8122e-011
1451	8.671e-011
1452	9.2412e-011
1453	9.0845e-011
1454	9.6036e-011
1455	9.5946e-011
1456	9.9044e-011
1457	1.0224e-010
1458	1.0146e-010
1459	1.0857e-010
1460	1.0519e-010
1461	1.1252e-010
1462	1.1345e-010
1463	1.1363e-010
1464	1.2003e-010
1465	1.2039e-010
1466	1.2213e-010
1467	1.2779e-010
1468	1.3036e-010
1469	1.2912e-010
1470	1.3638e-010
1471	1.3882e-010
1472	1.4168e-010
1473	1.4243e-010
1474	1.4769e-010
1475	1.5127e-010
1476	1.549e-010
1477	1.5788e-010
1478	1.612e-010
1479	1.6508e-010
1480	1.68e-010
1481	1.7264e-010
1482	1.7654e-010
1483	1.8043e-010
1484	1.8452e-010
1485	1.8885e-010
1486	1.9395e-010
1487	1.9595e-010
1488	2.0197e-010
1489	2.0627e-010
1490	2.1105e-010
1491	2.1787e-010
1492	2.2345e-010
1493	2.2421e-010
1494	2.2601e-010
1495	2.4217e-010
1496	2.4344e-010
1497	2.2659e-010
1498	2.2428e-010
1499	2.2628e-010
1500	2.2187e-010
1501	2.1437e-010
1502	2.0954e-010
1503	2.0612e-010
1504	1.9645e-010
1505	1.9896e-010
1506	1.9295e-010
1507	1.8903e-010
1508	1.8538e-010
1509	1.8195e-010
1510	1.7901e-010
1511	1.7049e-010
1512	1.7192e-010
1513	1.677e-010
1514	1.6535e-010
1515	1.6613e-010
1516	1.6426e-010
1517	1.6606e-010
1518	1.4167e-010
1519	1.6251e-010
1520	1.5806e-010
1521	1.6426e-010
1522	1.3156e-010
1523	1.5607e-010
1524	1.5884e-010
1525	1.2529e-010
1526	1.2963e-010
1527	1.5924e-010
1528	1.189e-010
1529	1.4353e-010
1530	1.5686e-010
1531	1.1132e-010
1532	1.6271e-010
1533	1.0521e-010
1534	1.4138e-010
1535	1.2301e-010
1536	1.0515e-010
1537	1.2527e-010
1538	9.3604e-011
1539	1.2442e-010
1540	8.8787e-011
1541	1.153e-010
1542	8.9973e-011
1543	1.0175e-010
1544	9.8932e-011
1545	8.5015e-011
1546	1.2056e-010
1547	8.0107e-011
1548	1.2016e-010
1549	7.6307e-011
1550	8.8015e-011
1551	9.1521e-011
1552	7.3939e-011
1553	1.0382e-010
1554	1.2216e-010
1555	1.5961e-010
1556	2.931e-010
1557	7.7602e-010
1558	8.2743e-010
1559	9.7982e-010
1560	1.1847e-009
1561	5.7223e-011
1562	5.5055e-011
1563	7.311e-011
1564	6.2943e-011
1565	6.9573e-011
1566	6.2074e-011
1567	6.4366e-011
1568	6.9121e-011
1569	6.4295e-011
1570	7.1404e-011
1571	7.152e-011
1572	7.0077e-011
1573	7.769e-011
1574	7.2203e-011
1575	8.0216e-011
1576	7.8019e-011
1577	8.1258e-011
1578	8.3338e-011
1579	8.3491e-011
1580	8.8145e-011
1581	8.6672e-011
1582	9.2397e-011
1583	9.0827e-011
1584	9.6018e-011
1585	9.5919e-011
1586	9.9043e-011
1587	1.0226e-010
1588	1.0147e-010
1589	1.0855e-010
1590	1.0516e-010
1591	1.1249e-010
1592	1.1348e-010
1593	1.1361e-010
1594	1.2009e-010
1595	1.2037e-010
1596	1.2211e-010
1597	1.2773e-010
1598	1.3037e-010
1599	1.2918e-010
1600	1.3641e-010
1601	1.3888e-010
1602	1.4166e-010
1603	1.4241e-010
1604	1.4773e-010
1605	1.5125e-010
1606	1.5485e-010
1607	1.5789e-010
1608	1.6126e-010
1609	1.6509e-010
1610	1.6795e-010
1611	1.7262e-010
1612	1.7649e-010
1613	1.8039e-010
1614	1.8453e-010
1615	1.8885e-010
1616	1.9386e-010
1617	1.9584e-010
1618	2.0195e-010
1619	2.0627e-010
1620	2.1105e-010
1621	2.1788e-010
1622	2.2352e-010
1623	2.2435e-010
1624	2.2604e-010
1625	2.4227e-010
1626	2.4361e-010
1627	2.2678e-010
1628	2.2453e-010
1629	2.2643e-010
1630	2.2184e-010
1631	2.1453e-010
1632	2.0965e-010
1633	2.0622e-010
1634	1.9663e-010
1635	1.9906e-010
1636	1.9314e-010
1637	1.8917e-010
1638	1.8549e-010
1639	1.822e-010
1640	1.7895e-010
1641	1.7082e-010
1642	1.719e-010
1643	1.6789e-010
1644	1.6547e-010
1645	1.6625e-010
1646	1.6432e-010
1647	1.6613e-010
1648	1.4181e-010
1649	1.6259e-010
1650	1.5815e-010
1651	1.6431e-010
1652	1.3164e-010
1653	1.5624e-010
1654	1.5895e-010
1655	1.2538e-010
1656	1.2977e-010
1657	1.5934e-010
1658	1.1897e-010
1659	1.4367e-010
1660	1.5698e-010
1661	1.1138e-010
1662	1.6282e-010
1663	1.0527e-010
1664	1.4142e-010
1665	1.2307e-010
1666	1.0518e-010
1667	1.2527e-010
1668	9.365e-011
1669	1.2443e-010
1670	8.8806e-011
1671	1.153e-010
1672	9.0015e-011
1673	1.0177e-010
1674	9.89e-011
1675	8.5015e-011
1676	1.2056e-010
1677	8.0086e-011
1678	1.2018e-010
1679	7.6313e-011
1680	8.8019e-011
1681	9.1536e-011
1682	7.3957e-011
1683	1.0379e-010
1684	1.2218e-010
1685	1.5963e-010
1686	2.9305e-010
1687	7.7601e-010
1688	8.2745e-010
1689	9.7978e-010
1690	1.1848e-009
1691	3.9297e-011
1692	4.8371e-011
1693	6.7998e-011
1694	7.2746e-011
1695	7.7339e-011
1696	7.1954e-011
1697	7.3449e-011
1698	7.5955e-011
1699	7.7845e-011
1700	7.868e-011
1701	8.034e-011
1702	8.281e-011
1703	8.4065e-011
1704	8.7345e-011
1705	8.7852e-011
1706	9.0238e-011
1707	9.2058e-011
1708	9.408e-011
1709	9.6663e-011
1710	9.8022e-011
1711	1.0138e-010
1712	1.0239e-010
1713	1.0613e-010
1714	1.0712e-010
1715	1.1053e-010
1716	1.1268e-010
1717	1.1474e-010
1718	1.1897e-010
1719	1.1909e-010
1720	1.2489e-010
1721	1.2493e-010
1722	1.2846e-010
1723	1.3282e-010
1724	1.3355e-010
1725	1.3775e-010
1726	1.4138e-010
1727	1.4298e-010
1728	1.4649e-010
1729	1.5237e-010
1730	1.5308e-010
1731	1.5675e-010
1732	1.6036e-010
1733	1.6561e-010
1734	1.68e-010
1735	1.7145e-010
1736	1.7531e-010
1737	1.7968e-010
1738	1.8404e-010
1739	1.8788e-010
1740	1.9267e-010
1741	1.9647e-010
1742	2.0076e-010
1743	2.0532e-010
1744	2.0993e-010
1745	2.1494e-010
1746	2.1939e-010
1747	2.26e-010
1748	2.2995e-010
1749	2.3534e-010
1750	2.4074e-010
1751	2.45e-010
1752	2.5037e-010
1753	2.5898e-010
1754	2.682e-010
1755	2.6665e-010
1756	2.6658e-010
1757	2.7001e-010
1758	2.6196e-010
1759	2.5234e-010
1760	2.4704e-010
1761	2.4388e-010
1762	2.3934e-010
1763	2.3348e-010
1764	2.3287e-010
1765	2.2256e-010
1766	2.1934e-010
1767	2.1491e-010
1768	2.1047e-010
1769	2.0601e-010
1770	2.0226e-010
1771	2.013e-010
1772	1.9555e-010
1773	1.925e-010
1774	1.8816e-010
1775	1.8179e-010
1776	1.8015e-010
1777	1.7897e-010
1778	1.9564e-010
1779	1.7322e-010
1780	1.6593e-010
1781	1.6588e-010
1782	1.9234e-010
1783	1.6148e-010
1784	1.5186e-010
1785	1.6738e-010
1786	1.5465e-010
1787	1.4159e-010
1788	1.6671e-010
1789	1.4879e-010
1790	1.4575e-010
1791	1.8119e-010
1792	1.2897e-010
1793	1.5614e-010
1794	1.3525e-010
1795	1.3386e-010
1796	1.3302e-010
1797	1.1796e-010
1798	1.3144e-010
1799	1.1198e-010
1800	1.2529e-010
1801	1.0861e-010
1802	1.1504e-010
1803	1.0706e-010
1804	1.0605e-010
1805	1.0556e-010
1806	1.042e-010
1807	1.2272e-010
1808	9.6644e-011
1809	9.7062e-011
1810	8.2101e-011
1811	8.4066e-011
1812	8.5954e-011
1813	9.4074e-011
1814	1.3352e-010
1815	1.6378e-010
1816	3.2439e-010
1817	7.9347e-010
1818	8.8862e-010
1819	9.3429e-010
1820	1.2707e-009
1821	5.7223e-011
1822	5.5057e-011
1823	7.3106e-011
1824	6.2939e-011
1825	6.957e-011
1826	6.2075e-011
1827	6.4363e-011
1828	6.9118e-011
1829	6.4296e-011
1830	7.1404e-011
1831	7.152e-011
1832	7.0078e-011
1833	7.7689e-011
1834	7.2203e-011
1835	8.0216e-011
1836	7.8019e-011
1837	8.1258e-011
1838	8.3339e-011
1839	8.3492e-011
1840	8.8146e-011
1841	8.6674e-011
1842	9.2397e-011
1843	9.0829e-011
1844	9.6004e-011
1845	9.5921e-011
1846	9.9044e-011
1847	1.0226e-010
1848	1.0147e-010
1849	1.0855e-010
1850	1.0516e-010
1851	1.1249e-010
1852	1.1347e-010
1853	1.1361e-010
1854	1.2009e-010
1855	1.2037e-010
1856	1.2211e-010
1857	1.2773e-010
1858	1.3037e-010
1859	1.2918e-010
1860	1.3641e-010
1861	1.3888e-010
1862	1.4168e-010
1863	1.4241e-010
1864	1.4773e-010
1865	1.5125e-010
1866	1.5485e-010
1867	1.5788e-010
1868	1.6126e-010
1869	1.6509e-010
1870	1.6795e-010
1871	1.7262e-010
1872	1.7649e-010
1873	1.8039e-010
1874	1.8452e-010
1875	1.8884e-010
1876	1.9386e-010
1877	1.9584e-010
1878	2.0195e-010
1879	2.0627e-010
1880	2.1105e-010
1881	2.1788e-010
1882	2.2353e-010
1883	2.2435e-010
1884	2.2604e-010
1885	2.4227e-010
1886	2.4361e-010
1887	2.2679e-010
1888	2.2453e-010
1889	2.2643e-010
1890	2.2184e-010
1891	2.1453e-010
1892	2.0965e-010
1893	2.0622e-010
1894	1.9663e-010
1895	1.9906e-010
1896	1.9314e-010
1897	1.8916e-010
1898	1.8548e-010
1899	1.8209e-010
1900	1.7926e-010
1901	1.7019e-010
1902	1.7214e-010
1903	1.6783e-010
1904	1.6549e-010
1905	1.6626e-010
1906	1.6431e-010
1907	1.6613e-010
1908	1.4196e-010
1909	1.6259e-010
1910	1.5816e-010
1911	1.6432e-010
1912	1.3169e-010
1913	1.5618e-010
1914	1.5898e-010
1915	1.2539e-010
1916	1.2976e-010
1917	1.5934e-010
1918	1.1897e-010
1919	1.4367e-010
1920	1.5698e-010
1921	1.1138e-010
1922	1.6282e-010
1923	1.0527e-010
1924	1.4142e-010
1925	1.2307e-010
1926	1.0518e-010
1927	1.2527e-010
1928	9.3649e-011
1929	1.2443e-010
1930	8.8806e-011
1931	1.153e-010
1932	9.0015e-011
1933	1.0177e-010
1934	9.8901e-011
1935	8.5016e-011
1936	1.2056e-010
1937	8.0086e-011
1938	1.2018e-010
1939	7.6313e-011
1940	8.8019e-011
1941	9.1536e-011
1942	7.3957e-011
1943	1.0379e-010
1944	1.2219e-010
1945	1.5964e-010
1946	2.9305e-010
1947	7.7602e-010
1948	8.2746e-010
1949	9.7977e-010
1950	1.1847e-009
1951	5.7265e-011
1952	5.5073e-011
1953	7.3097e-011
1954	6.2917e-011
1955	6.9535e-011
1956	6.1997e-011
1957	6.4318e-011
1958	6.9069e-011
1959	6.4251e-011
1960	7.1365e-011
1961	7.1487e-011
1962	7.0037e-011
1963	7.7696e-011
1964	7.2233e-011
1965	8.0265e-011
1966	7.8002e-011
1967	8.1281e-011
1968	8.3341e-011
1969	8.3491e-011
1970	8.8117e-011
1971	8.6711e-011
1972	9.241e-011
1973	9.0839e-011
1974	9.604e-011
1975	9.5944e-011
1976	9.9043e-011
1977	1.0224e-010
1978	1.0146e-010
1979	1.0856e-010
1980	1.0519e-010
1981	1.1253e-010
1982	1.1347e-010
1983	1.1363e-010
1984	1.2003e-010
1985	1.2039e-010
1986	1.2214e-010
1987	1.2777e-010
1988	1.3037e-010
1989	1.2912e-010
1990	1.3639e-010
1991	1.3884e-010
1992	1.4169e-010
1993	1.4243e-010
1994	1.4767e-010
1995	1.5126e-010
1996	1.549e-010
1997	1.5787e-010
1998	1.6119e-010
1999	1.6507e-010
2000	1.68e-010
2001	1.7264e-010
2002	1.7653e-010
2003	1.8041e-010
2004	1.8452e-010
2005	1.8884e-010
2006	1.9395e-010
2007	1.9595e-010
2008	2.0201e-010
2009	2.0626e-010
2010	2.1109e-010
2011	2.1784e-010
2012	2.2349e-010
2013	2.2419e-010
2014	2.2598e-010
2015	2.4218e-010
2016	2.4349e-010
2017	2.2659e-010
2018	2.2427e-010
2019	2.2628e-010
2020	2.2188e-010
2021	2.1437e-010
2022	2.0954e-010
2023	2.061e-010
2024	1.9644e-010
2025	1.9896e-010
2026	1.9297e-010
2027	1.8904e-010
2028	1.8533e-010
2029	1.8193e-010
2030	1.792e-010
2031	1.697e-010
2032	1.721e-010
2033	1.6769e-010
2034	1.6536e-010
2035	1.6615e-010
2036	1.6427e-010
2037	1.6602e-010
2038	1.4181e-010
2039	1.6247e-010
2040	1.5801e-010
2041	1.6423e-010
2042	1.3156e-010
2043	1.5609e-010
2044	1.5882e-010
2045	1.2525e-010
2046	1.2966e-010
2047	1.5923e-010
2048	1.1889e-010
2049	1.4359e-010
2050	1.5686e-010
2051	1.1131e-010
2052	1.6271e-010
2053	1.0521e-010
2054	1.4138e-010
2055	1.2301e-010
2056	1.0515e-010
2057	1.2526e-010
2058	9.3601e-011
2059	1.2442e-010
2060	8.8787e-011
2061	1.153e-010
2062	8.9971e-011
2063	1.0175e-010
2064	9.8932e-011
2065	8.5027e-011
2066	1.2056e-010
2067	8.0102e-011
2068	1.2017e-010
2069	7.6307e-011
2070	8.8013e-011
2071	9.1537e-011
2072	7.3948e-011
2073	1.0382e-010
2074	1.2216e-010
2075	1.596e-010
2076	2.9311e-010
2077	7.7603e-010
2078	8.2744e-010
2079	9.7988e-010
2080	1.1846e-009
2081	3.9319e-011
2082	4.8374e-011
2083	6.7951e-011
2084	7.2706e-011
2085	7.7227e-011
2086	7.1833e-011
2087	7.3395e-011
2088	7.5891e-011
2089	7.778e-011
2090	7.8622e-011
2091	8.0324e-011
2092	8.2709e-011
2093	8.4056e-011
2094	8.7384e-011
2095	8.7867e-011
2096	9.0279e-011
2097	9.2059e-011
2098	9.4138e-011
2099	9.6635e-011
2100	9.8139e-011
2101	1.0149e-010
2102	1.0245e-010
2103	1.062e-010
2104	1.0725e-010
2105	1.1062e-010
2106	1.1263e-010
2107	1.147e-010
2108	1.1894e-010
2109	1.1916e-010
2110	1.2502e-010
2111	1.2499e-010
2112	1.2847e-010
2113	1.3275e-010
2114	1.3345e-010
2115	1.3775e-010
2116	1.4154e-010
2117	1.4307e-010
2118	1.4654e-010
2119	1.5235e-010
2120	1.5297e-010
2121	1.5662e-010
2122	1.6052e-010
2123	1.6565e-010
2124	1.6792e-010
2125	1.7146e-010
2126	1.7545e-010
2127	1.7965e-010
2128	1.8373e-010
2129	1.8789e-010
2130	1.9276e-010
2131	1.9638e-010
2132	2.0079e-010
2133	2.0543e-010
2134	2.1005e-010
2135	2.1484e-010
2136	2.1943e-010
2137	2.2633e-010
2138	2.2986e-010
2139	2.3559e-010
2140	2.4079e-010
2141	2.451e-010
2142	2.5022e-010
2143	2.588e-010
2144	2.6792e-010
2145	2.6651e-010
2146	2.6624e-010
2147	2.6953e-010
2148	2.6148e-010
2149	2.5183e-010
2150	2.4679e-010
2151	2.4361e-010
2152	2.3892e-010
2153	2.3311e-010
2154	2.3251e-010
2155	2.2228e-010
2156	2.191e-010
2157	2.1449e-010
2158	2.1011e-010
2159	2.0579e-010
2160	2.0085e-010
2161	2.023e-010
2162	1.942e-010
2163	1.9231e-010
2164	1.8788e-010
2165	1.816e-010
2166	1.7996e-010
2167	1.787e-010
2168	1.9556e-010
2169	1.7279e-010
2170	1.6563e-010
2171	1.6559e-010
2172	1.9213e-010
2173	1.6101e-010
2174	1.5153e-010
2175	1.6703e-010
2176	1.5431e-010
2177	1.4137e-010
2178	1.6645e-010
2179	1.4849e-010
2180	1.4556e-010
2181	1.8092e-010
2182	1.2887e-010
2183	1.5604e-010
2184	1.3517e-010
2185	1.3368e-010
2186	1.3285e-010
2187	1.1784e-010
2188	1.3136e-010
2189	1.1197e-010
2190	1.2515e-010
2191	1.0857e-010
2192	1.1495e-010
2193	1.0701e-010
2194	1.0609e-010
2195	1.0558e-010
2196	1.0424e-010
2197	1.2281e-010
2198	9.6655e-011
2199	9.7012e-011
2200	8.2121e-011
2201	8.403e-011
2202	8.5963e-011
2203	9.4058e-011
2204	1.3341e-010
2205	1.6376e-010
2206	3.2433e-010
2207	7.936e-010
2208	8.8867e-010
2209	9.3413e-010
2210	1.2707e-009
2211	5.7204e-011
2212	5.5082e-011
2213	7.3132e-011
2214	6.2961e-011
2215	6.955e-011
2216	6.2032e-011
2217	6.4283e-011
2218	6.9034e-011
2219	6.4206e-011
2220	7.1319e-011
2221	7.1444e-011
2222	7.0025e-011
2223	7.7661e-011
2224	7.221e-011
2225	8.0241e-011
2226	7.7996e-011
2227	8.1261e-011
2228	8.3349e-011
2229	8.3468e-011
2230	8.8121e-011
2231	8.6682e-011
2232	9.2409e-011
2233	9.0879e-011
2234	9.6042e-011
2235	9.5944e-011
2236	9.9071e-011
2237	1.0223e-010
2238	1.0143e-010
2239	1.0851e-010
2240	1.0516e-010
2241	1.1252e-010
2242	1.1344e-010
2243	1.1362e-010
2244	1.2005e-010
2245	1.2038e-010
2246	1.2211e-010
2247	1.2773e-010
2248	1.3035e-010
2249	1.2923e-010
2250	1.363e-010
2251	1.3878e-010
2252	1.4172e-010
2253	1.4243e-010
2254	1.477e-010
2255	1.5128e-010
2256	1.5485e-010
2257	1.5781e-010
2258	1.6117e-010
2259	1.6501e-010
2260	1.6791e-010
2261	1.7264e-010
2262	1.7648e-010
2263	1.8045e-010
2264	1.8439e-010
2265	1.888e-010
2266	1.9384e-010
2267	1.959e-010
2268	2.02e-010
2269	2.061e-010
2270	2.1108e-010
2271	2.1785e-010
2272	2.2334e-010
2273	2.2406e-010
2274	2.2581e-010
2275	2.4219e-010
2276	2.4324e-010
2277	2.2628e-010
2278	2.2406e-010
2279	2.2601e-010
2280	2.2167e-010
2281	2.142e-010
2282	2.0946e-010
2283	2.0603e-010
2284	1.9631e-010
2285	1.9882e-010
2286	1.9286e-010
2287	1.8891e-010
2288	1.8519e-010
2289	1.8192e-010
2290	1.788e-010
2291	1.7041e-010
2292	1.7179e-010
2293	1.6767e-010
2294	1.6534e-010
2295	1.6616e-010
2296	1.6416e-010
2297	1.6596e-010
2298	1.417e-010
2299	1.6234e-010
2300	1.5792e-010
2301	1.6416e-010
2302	1.3148e-010
2303	1.5603e-010
2304	1.5874e-010
2305	1.2518e-010
2306	1.2963e-010
2307	1.5915e-010
2308	1.1878e-010
2309	1.4348e-010
2310	1.5687e-010
2311	1.1128e-010
2312	1.6273e-010
2313	1.0519e-010
2314	1.4136e-010
2315	1.2294e-010
2316	1.0507e-010
2317	1.2521e-010
2318	9.358e-011
2319	1.2441e-010
2320	8.8742e-011
2321	1.1524e-010
2322	8.9925e-011
2323	1.0169e-010
2324	9.8893e-011
2325	8.5034e-011
2326	1.2057e-010
2327	8.0116e-011
2328	1.2015e-010
2329	7.6292e-011
2330	8.8005e-011
2331	9.1508e-011
2332	7.393e-011
2333	1.0381e-010
2334	1.2218e-010
2335	1.5963e-010
2336	2.9309e-010
2337	7.7599e-010
2338	8.2746e-010
2339	9.7992e-010
2340	1.1847e-009
2341	5.7204e-011
2342	5.5082e-011
2343	7.3134e-011
2344	6.2963e-011
2345	6.9551e-011
2346	6.202e-011
2347	6.4276e-011
2348	6.9045e-011
2349	6.421e-011
2350	7.1319e-011
2351	7.1444e-011
2352	7.0025e-011
2353	7.7661e-011
2354	7.221e-011
2355	8.0241e-011
2356	7.8003e-011
2357	8.1273e-011
2358	8.3318e-011
2359	8.3476e-011
2360	8.8121e-011
2361	8.6682e-011
2362	9.2411e-011
2363	9.0883e-011
2364	9.6046e-011
2365	9.5946e-011
2366	9.9071e-011
2367	1.0223e-010
2368	1.0143e-010
2369	1.0851e-010
2370	1.0516e-010
2371	1.1252e-010
2372	1.1344e-010
2373	1.1362e-010
2374	1.2005e-010
2375	1.2038e-010
2376	1.2211e-010
2377	1.2771e-010
2378	1.3035e-010
2379	1.2923e-010
2380	1.363e-010
2381	1.3878e-010
2382	1.4172e-010
2383	1.4244e-010
2384	1.4771e-010
2385	1.5128e-010
2386	1.5485e-010
2387	1.5781e-010
2388	1.6118e-010
2389	1.6502e-010
2390	1.6791e-010
2391	1.7264e-010
2392	1.7648e-010
2393	1.8045e-010
2394	1.8439e-010
2395	1.888e-010
2396	1.9384e-010
2397	1.9587e-010
2398	2.02e-010
2399	2.061e-010
2400	2.1108e-010
2401	2.1785e-010
2402	2.2334e-010
2403	2.2406e-010
2404	2.2581e-010
2405	2.4221e-010
2406	2.4327e-010
2407	2.2629e-010
2408	2.2406e-010
2409	2.2601e-010
2410	2.2167e-010
2411	2.142e-010
2412	2.0946e-010
2413	2.0604e-010
2414	1.9631e-010
2415	1.9882e-010
2416	1.9287e-010
2417	1.8889e-010
2418	1.8525e-010
2419	1.8198e-010
2420	1.7889e-010
2421	1.7065e-010
2422	1.7185e-010
2423	1.6774e-010
2424	1.6533e-010
2425	1.6614e-010
2426	1.6423e-010
2427	1.6592e-010
2428	1.4167e-010
2429	1.6235e-010
2430	1.5793e-010
2431	1.6418e-010
2432	1.3144e-010
2433	1.5605e-010
2434	1.5875e-010
2435	1.2518e-010
2436	1.2963e-010
2437	1.5915e-010
2438	1.1878e-010
2439	1.4348e-010
2440	1.5687e-010
2441	1.1128e-010
2442	1.6273e-010
2443	1.0519e-010
2444	1.4134e-010
2445	1.2293e-010
2446	1.0507e-010
2447	1.2521e-010
2448	9.358e-011
2449	1.2441e-010
2450	8.8746e-011
2451	1.1519e-010
2452	8.9932e-011
2453	1.0169e-010
2454	9.8897e-011
2455	8.5038e-011
2456	1.2057e-010
2457	8.0119e-011
2458	1.2016e-010
2459	7.6297e-011
2460	8.7988e-011
2461	9.1508e-011
2462	7.393e-011
2463	1.0381e-010
2464	1.2218e-010
2465	1.5963e-010
2466	2.9309e-010
2467	7.7599e-010
2468	8.2746e-010
2469	9.7992e-010
2470	1.1847e-009
2471	3.9319e-011
2472	4.8374e-011
2473	6.7948e-011
2474	7.2703e-011
2475	7.7224e-011
2476	7.183e-011
2477	7.3405e-011
2478	7.588e-011
2479	7.7787e-011
2480	7.8615e-011
2481	8.032e-011
2482	8.2704e-011
2483	8.4052e-011
2484	8.7408e-011
2485	8.7863e-011
2486	9.0304e-011
2487	9.2061e-011
2488	9.4119e-011
2489	9.6652e-011
2490	9.8139e-011
2491	1.0149e-010
2492	1.0244e-010
2493	1.0621e-010
2494	1.0723e-010
2495	1.106e-010
2496	1.1263e-010
2497	1.1469e-010
2498	1.1895e-010
2499	1.1916e-010
2500	1.2502e-010
2501	1.2499e-010
2502	1.2845e-010
2503	1.3278e-010
2504	1.3345e-010
2505	1.3775e-010
2506	1.4154e-010
2507	1.4306e-010
2508	1.4654e-010
2509	1.5235e-010
2510	1.5297e-010
2511	1.5662e-010
2512	1.6051e-010
2513	1.6563e-010
2514	1.6793e-010
2515	1.7149e-010
2516	1.7545e-010
2517	1.797e-010
2518	1.8376e-010
2519	1.8787e-010
2520	1.9276e-010
2521	1.9643e-010
2522	2.0078e-010
2523	2.0543e-010
2524	2.1005e-010
2525	2.1483e-010
2526	2.1943e-010
2527	2.2632e-010
2528	2.2986e-010
2529	2.3559e-010
2530	2.4077e-010
2531	2.4507e-010
2532	2.502e-010
2533	2.5891e-010
2534	2.6789e-010
2535	2.6652e-010
2536	2.6626e-010
2537	2.6952e-010
2538	2.6147e-010
2539	2.5182e-010
2540	2.4679e-010
2541	2.4361e-010
2542	2.3892e-010
2543	2.3315e-010
2544	2.3249e-010
2545	2.2228e-010
2546	2.1906e-010
2547	2.1446e-010
2548	2.1001e-010
2549	2.0562e-010
2550	2.0229e-010
2551	2.0041e-010
2552	1.9563e-010
2553	1.9215e-010
2554	1.8777e-010
2555	1.8151e-010
2556	1.8005e-010
2557	1.7873e-010
2558	1.9545e-010
2559	1.7279e-010
2560	1.656e-010
2561	1.6558e-010
2562	1.9208e-010
2563	1.6102e-010
2564	1.5149e-010
2565	1.6705e-010
2566	1.5431e-010
2567	1.4137e-010
2568	1.6645e-010
2569	1.4849e-010
2570	1.4556e-010
2571	1.8096e-010
2572	1.2887e-010
2573	1.5607e-010
2574	1.3517e-010
2575	1.3368e-010
2576	1.3287e-010
2577	1.1786e-010
2578	1.3135e-010
2579	1.1197e-010
2580	1.2514e-010
2581	1.0856e-010
2582	1.1497e-010
2583	1.07e-010
2584	1.0608e-010
2585	1.0559e-010
2586	1.0423e-010
2587	1.228e-010
2588	9.6641e-011
2589	9.7028e-011
2590	8.2116e-011
2591	8.4024e-011
2592	8.5955e-011
2593	9.4054e-011
2594	1.3341e-010
2595	1.6375e-010
2596	3.2433e-010
2597	7.936e-010
2598	8.8866e-010
2599	9.3413e-010
2600	1.2707e-009
2601	5.7265e-011
2602	5.5071e-011
2603	7.3097e-011
2604	6.2917e-011
2605	6.9534e-011
2606	6.2005e-011
2607	6.4317e-011
2608	6.9065e-011
2609	6.4255e-011
2610	7.1351e-011
2611	7.1472e-011
2612	7.0041e-011
2613	7.7697e-011
2614	7.2235e-011
2615	8.0253e-011
2616	7.8013e-011
2617	8.1268e-011
2618	8.3327e-011
2619	8.3492e-011
2620	8.8122e-011
2621	8.6716e-011
2622	9.2412e-011
2623	9.0845e-011
2624	9.6043e-011
2625	9.5944e-011
2626	9.9043e-011
2627	1.0224e-010
2628	1.0146e-010
2629	1.0857e-010
2630	1.0519e-010
2631	1.125e-010
2632	1.1346e-010
2633	1.1364e-010
2634	1.2002e-010
2635	1.2039e-010
2636	1.2214e-010
2637	1.2777e-010
2638	1.3037e-010
2639	1.2912e-010
2640	1.3639e-010
2641	1.3885e-010
2642	1.4169e-010
2643	1.4244e-010
2644	1.4769e-010
2645	1.5127e-010
2646	1.5491e-010
2647	1.5787e-010
2648	1.612e-010
2649	1.6508e-010
2650	1.68e-010
2651	1.7264e-010
2652	1.7654e-010
2653	1.8042e-010
2654	1.8453e-010
2655	1.8885e-010
2656	1.9395e-010
2657	1.9595e-010
2658	2.0201e-010
2659	2.0626e-010
2660	2.1105e-010
2661	2.1787e-010
2662	2.2345e-010
2663	2.2421e-010
2664	2.26e-010
2665	2.4217e-010
2666	2.4344e-010
2667	2.2659e-010
2668	2.2428e-010
2669	2.263e-010
2670	2.2187e-010
2671	2.1437e-010
2672	2.0954e-010
2673	2.0613e-010
2674	1.9645e-010
2675	1.9896e-010
2676	1.9295e-010
2677	1.8902e-010
2678	1.8534e-010
2679	1.8199e-010
2680	1.7916e-010
2681	1.7001e-010
2682	1.7209e-010
2683	1.6772e-010
2684	1.6536e-010
2685	1.6609e-010
2686	1.6427e-010
2687	1.6605e-010
2688	1.4177e-010
2689	1.6243e-010
2690	1.5802e-010
2691	1.6424e-010
2692	1.3157e-010
2693	1.5607e-010
2694	1.588e-010
2695	1.2528e-010
2696	1.2966e-010
2697	1.5923e-010
2698	1.1889e-010
2699	1.4359e-010
2700	1.5686e-010
2701	1.1132e-010
2702	1.6272e-010
2703	1.0521e-010
2704	1.4138e-010
2705	1.2301e-010
2706	1.0515e-010
2707	1.2525e-010
2708	9.3604e-011
2709	1.2442e-010
2710	8.8771e-011
2711	1.153e-010
2712	8.9973e-011
2713	1.0175e-010
2714	9.8932e-011
2715	8.5015e-011
2716	1.2056e-010
2717	8.0107e-011
2718	1.2016e-010
2719	7.6307e-011
2720	8.8015e-011
2721	9.1526e-011
2722	7.3943e-011
2723	1.0383e-010
2724	1.2216e-010
2725	1.596e-010
2726	2.931e-010
2727	7.7602e-010
2728	8.2743e-010
2729	9.7982e-010
2730	1.1847e-009
2731	5.7227e-011
2732	5.5059e-011
2733	7.3114e-011
2734	6.2947e-011
2735	6.9574e-011
2736	6.2074e-011
2737	6.4366e-011
2738	6.9121e-011
2739	6.4294e-011
2740	7.1403e-011
2741	7.1526e-011
2742	7.0077e-011
2743	7.7697e-011
2744	7.2197e-011
2745	8.0227e-011
2746	7.8003e-011
2747	8.1258e-011
2748	8.3338e-011
2749	8.3493e-011
2750	8.8147e-011
2751	8.668e-011
2752	9.2379e-011
2753	9.0814e-011
2754	9.6021e-011
2755	9.5925e-011
2756	9.9032e-011
2757	1.0226e-010
2758	1.0147e-010
2759	1.0855e-010
2760	1.0516e-010
2761	1.1249e-010
2762	1.1347e-010
2763	1.1361e-010
2764	1.2009e-010
2765	1.2038e-010
2766	1.2212e-010
2767	1.2775e-010
2768	1.3038e-010
2769	1.2916e-010
2770	1.3641e-010
2771	1.3887e-010
2772	1.4167e-010
2773	1.4241e-010
2774	1.4774e-010
2775	1.5124e-010
2776	1.5486e-010
2777	1.5789e-010
2778	1.6126e-010
2779	1.6509e-010
2780	1.6794e-010
2781	1.7261e-010
2782	1.7646e-010
2783	1.8039e-010
2784	1.845e-010
2785	1.8882e-010
2786	1.9388e-010
2787	1.9589e-010
2788	2.0192e-010
2789	2.0624e-010
2790	2.1107e-010
2791	2.1788e-010
2792	2.2348e-010
2793	2.2437e-010
2794	2.2605e-010
2795	2.4225e-010
2796	2.436e-010
2797	2.2679e-010
2798	2.2451e-010
2799	2.2644e-010
2800	2.2185e-010
2801	2.1455e-010
2802	2.0961e-010
2803	2.0621e-010
2804	1.966e-010
2805	1.9907e-010
2806	1.9315e-010
2807	1.8913e-010
2808	1.8551e-010
2809	1.8204e-010
2810	1.794e-010
2811	1.697e-010
2812	1.7225e-010
2813	1.6776e-010
2814	1.6547e-010
2815	1.6623e-010
2816	1.6433e-010
2817	1.6612e-010
2818	1.4194e-010
2819	1.6255e-010
2820	1.5812e-010
2821	1.6434e-010
2822	1.3166e-010
2823	1.5623e-010
2824	1.5894e-010
2825	1.2538e-010
2826	1.2976e-010
2827	1.5934e-010
2828	1.1898e-010
2829	1.4368e-010
2830	1.5696e-010
2831	1.1138e-010
2832	1.6283e-010
2833	1.0528e-010
2834	1.4143e-010
2835	1.2307e-010
2836	1.0519e-010
2837	1.2529e-010
2838	9.363e-011
2839	1.2444e-010
2840	8.8813e-011
2841	1.1531e-010
2842	9.0024e-011
2843	1.0173e-010
2844	9.89e-011
2845	8.5015e-011
2846	1.2056e-010
2847	8.0073e-011
2848	1.2018e-010
2849	7.6313e-011
2850	8.8019e-011
2851	9.1513e-011
2852	7.3955e-011
2853	1.0379e-010
2854	1.2218e-010
2855	1.5963e-010
2856	2.9309e-010
2857	7.7604e-010
2858	8.2746e-010
2859	9.7979e-010
2860	1.1848e-009
2861	3.929e-011
2862	4.8364e-011
2863	6.7991e-011
2864	7.2777e-011
2865	7.7344e-011
2866	7.1951e-011
2867	7.3442e-011
2868	7.5968e-011
2869	7.7845e-011
2870	7.8701e-011
2871	8.0324e-011
2872	8.2805e-011
2873	8.4041e-011
2874	8.7413e-011
2875	8.7821e-011
2876	9.0227e-011
2877	9.2058e-011
2878	9.4076e-011
2879	9.6652e-011
2880	9.8078e-011
2881	1.0136e-010
2882	1.0237e-010
2883	1.0611e-010
2884	1.071e-010
2885	1.1056e-010
2886	1.1265e-010
2887	1.1474e-010
2888	1.1896e-010
2889	1.1908e-010
2890	1.2489e-010
2891	1.2493e-010
2892	1.2848e-010
2893	1.3281e-010
2894	1.3355e-010
2895	1.3773e-010
2896	1.4143e-010
2897	1.4296e-010
2898	1.4645e-010
2899	1.5235e-010
2900	1.5308e-010
2901	1.5675e-010
2902	1.6036e-010
2903	1.6561e-010
2904	1.6798e-010
2905	1.715e-010
2906	1.7527e-010
2907	1.7974e-010
2908	1.8408e-010
2909	1.8786e-010
2910	1.9267e-010
2911	1.9642e-010
2912	2.0071e-010
2913	2.0529e-010
2914	2.0993e-010
2915	2.1495e-010
2916	2.1941e-010
2917	2.2602e-010
2918	2.2986e-010
2919	2.3528e-010
2920	2.4073e-010
2921	2.4496e-010
2922	2.5031e-010
2923	2.5894e-010
2924	2.6818e-010
2925	2.6657e-010
2926	2.6645e-010
2927	2.7004e-010
2928	2.6198e-010
2929	2.5231e-010
2930	2.4711e-010
2931	2.4383e-010
2932	2.3928e-010
2933	2.3341e-010
2934	2.3283e-010
2935	2.2271e-010
2936	2.1929e-010
2937	2.1489e-010
2938	2.1043e-010
2939	2.0621e-010
2940	2.0148e-010
2941	2.0197e-010
2942	1.9476e-010
2943	1.9257e-010
2944	1.8801e-010
2945	1.8179e-010
2946	1.8024e-010
2947	1.7907e-010
2948	1.9552e-010
2949	1.7322e-010
2950	1.6593e-010
2951	1.6588e-010
2952	1.9245e-010
2953	1.6142e-010
2954	1.5182e-010
2955	1.6742e-010
2956	1.5464e-010
2957	1.4158e-010
2958	1.6678e-010
2959	1.4878e-010
2960	1.4573e-010
2961	1.8115e-010
2962	1.2895e-010
2963	1.5613e-010
2964	1.3528e-010
2965	1.3382e-010
2966	1.3306e-010
2967	1.1797e-010
2968	1.3144e-010
2969	1.1204e-010
2970	1.2532e-010
2971	1.0858e-010
2972	1.1501e-010
2973	1.0704e-010
2974	1.0605e-010
2975	1.0555e-010
2976	1.0423e-010
2977	1.2271e-010
2978	9.6644e-011
2979	9.7056e-011
2980	8.2097e-011
2981	8.4061e-011
2982	8.5949e-011
2983	9.4094e-011
2984	1.335e-010
2985	1.6377e-010
2986	3.2435e-010
2987	7.9342e-010
2988	8.8859e-010
2989	9.3428e-010
2990	1.2707e-009
2991	5.7228e-011
2992	5.5061e-011
2993	7.3114e-011
2994	6.2952e-011
2995	6.9584e-011
2996	6.2076e-011
2997	6.4368e-011
2998	6.9119e-011
2999	6.4298e-011
3000	7.1402e-011
3001	7.1525e-011
3002	7.0068e-011
3003	7.771e-011
3004	7.2198e-011
3005	8.0224e-011
3006	7.8001e-011
3007	8.1258e-011
3008	8.334e-011
3009	8.35e-011
3010	8.8145e-011
3011	8.668e-011
3012	9.2379e-011
3013	9.0814e-011
3014	9.6019e-011
3015	9.5931e-011
3016	9.9034e-011
3017	1.0226e-010
3018	1.0147e-010
3019	1.0855e-010
3020	1.0516e-010
3021	1.125e-010
3022	1.1349e-010
3023	1.1358e-010
3024	1.2009e-010
3025	1.2038e-010
3026	1.2212e-010
3027	1.2775e-010
3028	1.3038e-010
3029	1.2915e-010
3030	1.3641e-010
3031	1.3887e-010
3032	1.4167e-010
3033	1.4241e-010
3034	1.4774e-010
3035	1.5124e-010
3036	1.5486e-010
3037	1.5789e-010
3038	1.6127e-010
3039	1.6505e-010
3040	1.6794e-010
3041	1.7261e-010
3042	1.7646e-010
3043	1.8041e-010
3044	1.8451e-010
3045	1.8882e-010
3046	1.939e-010
3047	1.9585e-010
3048	2.0191e-010
3049	2.0624e-010
3050	2.1108e-010
3051	2.179e-010
3052	2.2349e-010
3053	2.2433e-010
3054	2.2605e-010
3055	2.4225e-010
3056	2.4361e-010
3057	2.2675e-010
3058	2.2451e-010
3059	2.2644e-010
3060	2.2186e-010
3061	2.1455e-010
3062	2.0963e-010
3063	2.0621e-010
3064	1.966e-010
3065	1.9909e-010
3066	1.9311e-010
3067	1.8914e-010
3068	1.8552e-010
3069	1.8218e-010
3070	1.7912e-010
3071	1.6995e-010
3072	1.7204e-010
3073	1.6785e-010
3074	1.6549e-010
3075	1.6626e-010
3076	1.6446e-010
3077	1.6561e-010
3078	1.4136e-010
3079	1.6203e-010
3080	1.5821e-010
3081	1.6439e-010
3082	1.3168e-010
3083	1.5624e-010
3084	1.5895e-010
3085	1.2538e-010
3086	1.2977e-010
3087	1.5934e-010
3088	1.1898e-010
3089	1.4368e-010
3090	1.5697e-010
3091	1.1138e-010
3092	1.6283e-010
3093	1.0529e-010
3094	1.4143e-010
3095	1.2307e-010
3096	1.0519e-010
3097	1.2529e-010
3098	9.3635e-011
3099	1.2445e-010
3100	8.8817e-011
3101	1.1531e-010
3102	9.0022e-011
3103	1.0173e-010
3104	9.8901e-011
3105	8.501e-011
3106	1.2055e-010
3107	8.0076e-011
3108	1.2018e-010
3109	7.63e-011
3110	8.8025e-011
3111	9.1515e-011
3112	7.3955e-011
3113	1.0379e-010
3114	1.2218e-010
3115	1.5963e-010
3116	2.931e-010
3117	7.7602e-010
3118	8.2746e-010
3119	9.7978e-010
3120	1.1848e-009
3121	5.7251e-011
3122	5.507e-011
3123	7.3105e-011
3124	6.2922e-011
3125	6.9538e-011
3126	6.2016e-011
3127	6.4295e-011
3128	6.907e-011
3129	6.4259e-011
3130	7.1352e-011
3131	7.1483e-011
3132	7.0043e-011
3133	7.7695e-011
3134	7.2229e-011
3135	8.0267e-011
3136	7.8021e-011
3137	8.1257e-011
3138	8.3318e-011
3139	8.3481e-011
3140	8.8127e-011
3141	8.6718e-011
3142	9.2405e-011
3143	9.0841e-011
3144	9.6048e-011
3145	9.5946e-011
3146	9.9049e-011
3147	1.0225e-010
3148	1.0146e-010
3149	1.0855e-010
3150	1.0519e-010
3151	1.125e-010
3152	1.1348e-010
3153	1.1359e-010
3154	1.2003e-010
3155	1.204e-010
3156	1.2214e-010
3157	1.2777e-010
3158	1.3036e-010
3159	1.2912e-010
3160	1.3638e-010
3161	1.3884e-010
3162	1.417e-010
3163	1.4242e-010
3164	1.477e-010
3165	1.5129e-010
3166	1.5488e-010
3167	1.5786e-010
3168	1.6122e-010
3169	1.6509e-010
3170	1.6801e-010
3171	1.7264e-010
3172	1.7656e-010
3173	1.8046e-010
3174	1.8455e-010
3175	1.8887e-010
3176	1.9398e-010
3177	1.9595e-010
3178	2.0197e-010
3179	2.0628e-010
3180	2.1107e-010
3181	2.1784e-010
3182	2.2341e-010
3183	2.2423e-010
3184	2.2602e-010
3185	2.4218e-010
3186	2.4345e-010
3187	2.2662e-010
3188	2.2427e-010
3189	2.263e-010
3190	2.2187e-010
3191	2.1438e-010
3192	2.0954e-010
3193	2.0615e-010
3194	1.9646e-010
3195	1.9897e-010
3196	1.9298e-010
3197	1.8899e-010
3198	1.8536e-010
3199	1.8197e-010
3200	1.7936e-010
3201	1.6931e-010
3202	1.7231e-010
3203	1.6774e-010
3204	1.6537e-010
3205	1.6608e-010
3206	1.6422e-010
3207	1.6409e-010
3208	1.4139e-010
3209	1.604e-010
3210	1.5796e-010
3211	1.6423e-010
3212	1.3158e-010
3213	1.5611e-010
3214	1.5885e-010
3215	1.2527e-010
3216	1.2966e-010
3217	1.5922e-010
3218	1.189e-010
3219	1.4352e-010
3220	1.569e-010
3221	1.1132e-010
3222	1.6274e-010
3223	1.0522e-010
3224	1.414e-010
3225	1.2301e-010
3226	1.0514e-010
3227	1.2524e-010
3228	9.3599e-011
3229	1.2441e-010
3230	8.8771e-011
3231	1.1529e-010
3232	8.9983e-011
3233	1.0173e-010
3234	9.8938e-011
3235	8.5014e-011
3236	1.2057e-010
3237	8.0094e-011
3238	1.2015e-010
3239	7.6312e-011
3240	8.8018e-011
3241	9.1528e-011
3242	7.3955e-011
3243	1.0381e-010
3244	1.2217e-010
3245	1.5962e-010
3246	2.931e-010
3247	7.76e-010
3248	8.2743e-010
3249	9.7981e-010
3250	1.1846e-009
3251	3.9328e-011
3252	4.8363e-011
3253	6.7943e-011
3254	7.27e-011
3255	7.724e-011
3256	7.1831e-011
3257	7.3389e-011
3258	7.5889e-011
3259	7.7775e-011
3260	7.8637e-011
3261	8.031e-011
3262	8.2685e-011
3263	8.4038e-011
3264	8.7375e-011
3265	8.7835e-011
3266	9.0306e-011
3267	9.2047e-011
3268	9.4088e-011
3269	9.6689e-011
3270	9.8121e-011
3271	1.0149e-010
3272	1.0244e-010
3273	1.0621e-010
3274	1.0725e-010
3275	1.1065e-010
3276	1.1264e-010
3277	1.1468e-010
3278	1.1894e-010
3279	1.1914e-010
3280	1.25e-010
3281	1.2501e-010
3282	1.2848e-010
3283	1.3278e-010
3284	1.3343e-010
3285	1.3779e-010
3286	1.4154e-010
3287	1.4307e-010
3288	1.4656e-010
3289	1.5236e-010
3290	1.5296e-010
3291	1.5664e-010
3292	1.605e-010
3293	1.656e-010
3294	1.6794e-010
3295	1.7146e-010
3296	1.7544e-010
3297	1.7968e-010
3298	1.8382e-010
3299	1.8792e-010
3300	1.9271e-010
3301	1.9652e-010
3302	2.0086e-010
3303	2.054e-010
3304	2.1003e-010
3305	2.1486e-010
3306	2.1941e-010
3307	2.2635e-010
3308	2.2981e-010
3309	2.3555e-010
3310	2.4075e-010
3311	2.451e-010
3312	2.5017e-010
3313	2.588e-010
3314	2.6791e-010
3315	2.6648e-010
3316	2.663e-010
3317	2.6946e-010
3318	2.6152e-010
3319	2.5186e-010
3320	2.4673e-010
3321	2.4364e-010
3322	2.3885e-010
3323	2.3313e-010
3324	2.3259e-010
3325	2.223e-010
3326	2.1904e-010
3327	2.1443e-010
3328	2.1008e-010
3329	2.0571e-010
3330	2.0101e-010
3331	2.0216e-010
3332	1.9442e-010
3333	1.9228e-010
3334	1.8775e-010
3335	1.8156e-010
3336	1.7977e-010
3337	1.7747e-010
3338	1.9197e-010
3339	1.7129e-010
3340	1.6542e-010
3341	1.6548e-010
3342	1.9216e-010
3343	1.6106e-010
3344	1.5156e-010
3345	1.6706e-010
3346	1.5431e-010
3347	1.4131e-010
3348	1.6643e-010
3349	1.4848e-010
3350	1.4556e-010
3351	1.8094e-010
3352	1.2884e-010
3353	1.5609e-010
3354	1.352e-010
3355	1.3365e-010
3356	1.3286e-010
3357	1.1787e-010
3358	1.3135e-010
3359	1.1196e-010
3360	1.2516e-010
3361	1.0856e-010
3362	1.1496e-010
3363	1.0704e-010
3364	1.0607e-010
3365	1.0559e-010
3366	1.0424e-010
3367	1.2279e-010
3368	9.6626e-011
3369	9.7031e-011
3370	8.2106e-011
3371	8.4031e-011
3372	8.5943e-011
3373	9.4064e-011
3374	1.3344e-010
3375	1.6375e-010
3376	3.2434e-010
3377	7.9357e-010
3378	8.8869e-010
3379	9.3414e-010
3380	1.2706e-009
3381	5.722e-011
3382	5.5079e-011
3383	7.3129e-011
3384	6.296e-011
3385	6.955e-011
3386	6.2017e-011
3387	6.4285e-011
3388	6.9039e-011
3389	6.4207e-011
3390	7.1336e-011
3391	7.1444e-011
3392	7.0015e-011
3393	7.765e-011
3394	7.2199e-011
3395	8.0222e-011
3396	7.8016e-011
3397	8.1274e-011
3398	8.3326e-011
3399	8.3507e-011
3400	8.8123e-011
3401	8.6702e-011
3402	9.2396e-011
3403	9.0886e-011
3404	9.6059e-011
3405	9.5966e-011
3406	9.9067e-011
3407	1.0222e-010
3408	1.0142e-010
3409	1.0851e-010
3410	1.0515e-010
3411	1.1252e-010
3412	1.1346e-010
3413	1.1364e-010
3414	1.2005e-010
3415	1.2038e-010
3416	1.2211e-010
3417	1.2771e-010
3418	1.3037e-010
3419	1.2922e-010
3420	1.3633e-010
3421	1.3877e-010
3422	1.4171e-010
3423	1.4244e-010
3424	1.4771e-010
3425	1.5125e-010
3426	1.5485e-010
3427	1.578e-010
3428	1.6119e-010
3429	1.6505e-010
3430	1.6786e-010
3431	1.7261e-010
3432	1.7651e-010
3433	1.8044e-010
3434	1.8439e-010
3435	1.8884e-010
3436	1.9379e-010
3437	1.9588e-010
3438	2.0201e-010
3439	2.061e-010
3440	2.1107e-010
3441	2.1786e-010
3442	2.2332e-010
3443	2.2405e-010
3444	2.2583e-010
3445	2.4217e-010
3446	2.433e-010
3447	2.2631e-010
3448	2.2408e-010
3449	2.2603e-010
3450	2.2162e-010
3451	2.1422e-010
3452	2.0941e-010
3453	2.0604e-010
3454	1.9634e-010
3455	1.9881e-010
3456	1.9283e-010
3457	1.8891e-010
3458	1.8524e-010
3459	1.8197e-010
3460	1.7866e-010
3461	1.7034e-010
3462	1.7164e-010
3463	1.6771e-010
3464	1.6537e-010
3465	1.6608e-010
3466	1.6435e-010
3467	1.6201e-010
3468	1.4255e-010
3469	1.5819e-010
3470	1.5798e-010
3471	1.6409e-010
3472	1.3152e-010
3473	1.5599e-010
3474	1.5871e-010
3475	1.2516e-010
3476	1.2959e-010
3477	1.5911e-010
3478	1.1879e-010
3479	1.4349e-010
3480	1.5685e-010
3481	1.1129e-010
3482	1.6267e-010
3483	1.052e-010
3484	1.4132e-010
3485	1.2295e-010
3486	1.0507e-010
3487	1.2517e-010
3488	9.3587e-011
3489	1.2441e-010
3490	8.8747e-011
3491	1.1521e-010
3492	8.9922e-011
3493	1.017e-010
3494	9.8921e-011
3495	8.5039e-011
3496	1.2058e-010
3497	8.0084e-011
3498	1.2018e-010
3499	7.6275e-011
3500	8.7973e-011
3501	9.15e-011
3502	7.3944e-011
3503	1.0381e-010
3504	1.2218e-010
3505	1.5962e-010
3506	2.9312e-010
3507	7.7605e-010
3508	8.2746e-010
3509	9.7982e-010
3510	1.1847e-009
3511	5.722e-011
3512	5.5079e-011
3513	7.3129e-011
3514	6.2964e-011
3515	6.9554e-011
3516	6.2017e-011
3517	6.4287e-011
3518	6.904e-011
3519	6.4209e-011
3520	7.1326e-011
3521	7.1447e-011
3522	7.0017e-011
3523	7.765e-011
3524	7.2199e-011
3525	8.0228e-011
3526	7.8021e-011
3527	8.1274e-011
3528	8.3326e-011
3529	8.3507e-011
3530	8.8123e-011
3531	8.6702e-011
3532	9.2396e-011
3533	9.0886e-011
3534	9.6059e-011
3535	9.5966e-011
3536	9.9067e-011
3537	1.0222e-010
3538	1.0142e-010
3539	1.0851e-010
3540	1.0515e-010
3541	1.1252e-010
3542	1.1347e-010
3543	1.136e-010
3544	1.2006e-010
3545	1.2039e-010
3546	1.2211e-010
3547	1.2771e-010
3548	1.3035e-010
3549	1.2923e-010
3550	1.3635e-010
3551	1.3877e-010
3552	1.4171e-010
3553	1.4244e-010
3554	1.4771e-010
3555	1.5126e-010
3556	1.5483e-010
3557	1.578e-010
3558	1.6119e-010
3559	1.6502e-010
3560	1.6787e-010
3561	1.7261e-010
3562	1.7651e-010
3563	1.8044e-010
3564	1.844e-010
3565	1.888e-010
3566	1.938e-010
3567	1.9589e-010
3568	2.0198e-010
3569	2.0611e-010
3570	2.1109e-010
3571	2.1784e-010
3572	2.2328e-010
3573	2.2405e-010
3574	2.2583e-010
3575	2.4218e-010
3576	2.4331e-010
3577	2.2631e-010
3578	2.2408e-010
3579	2.2603e-010
3580	2.2162e-010
3581	2.1422e-010
3582	2.0941e-010
3583	2.0604e-010
3584	1.9636e-010
3585	1.9878e-010
3586	1.9283e-010
3587	1.8891e-010
3588	1.852e-010
3589	1.8198e-010
3590	1.7861e-010
3591	1.7037e-010
3592	1.7165e-010
3593	1.6773e-010
3594	1.654e-010
3595	1.6609e-010
3596	1.6435e-010
3597	1.6198e-010
3598	1.4259e-010
3599	1.5818e-010
3600	1.5798e-010
3601	1.6411e-010
3602	1.3168e-010
3603	1.5601e-010
3604	1.587e-010
3605	1.2517e-010
3606	1.296e-010
3607	1.5912e-010
3608	1.1879e-010
3609	1.4349e-010
3610	1.5686e-010
3611	1.1129e-010
3612	1.6267e-010
3613	1.052e-010
3614	1.4132e-010
3615	1.2296e-010
3616	1.0507e-010
3617	1.2517e-010
3618	9.3587e-011
3619	1.2441e-010
3620	8.875e-011
3621	1.1521e-010
3622	8.9922e-011
3623	1.017e-010
3624	9.8901e-011
3625	8.5044e-011
3626	1.2058e-010
3627	8.0084e-011
3628	1.2016e-010
3629	7.627e-011
3630	8.7981e-011
3631	9.15e-011
3632	7.3944e-011
3633	1.0379e-010
3634	1.2219e-010
3635	1.5964e-010
3636	2.9312e-010
3637	7.7605e-010
3638	8.2746e-010
3639	9.7983e-010
3640	1.1847e-009
3641	3.9323e-011
3642	4.8379e-011
3643	6.7951e-011
3644	7.2689e-011
3645	7.7264e-011
3646	7.1839e-011
3647	7.3376e-011
3648	7.5875e-011
3649	7.7762e-011
3650	7.8657e-011
3651	8.0299e-011
3652	8.2681e-011
3653	8.4038e-011
3654	8.7366e-011
3655	8.7838e-011
3656	9.0321e-011
3657	9.2043e-011
3658	9.4082e-011
3659	9.6718e-011
3660	9.8124e-011
3661	1.0149e-010
3662	1.0244e-010
3663	1.0621e-010
3664	1.0724e-010
3665	1.1066e-010
3666	1.1263e-010
3667	1.147e-010
3668	1.1892e-010
3669	1.1913e-010
3670	1.2502e-010
3671	1.2499e-010
3672	1.2844e-010
3673	1.3275e-010
3674	1.3342e-010
3675	1.3777e-010
3676	1.4153e-010
3677	1.4307e-010
3678	1.4654e-010
3679	1.5238e-010
3680	1.5299e-010
3681	1.566e-010
3682	1.605e-010
3683	1.656e-010
3684	1.6793e-010
3685	1.7143e-010
3686	1.7543e-010
3687	1.7968e-010
3688	1.8382e-010
3689	1.8789e-010
3690	1.9274e-010
3691	1.9652e-010
3692	2.0085e-010
3693	2.0539e-010
3694	2.1e-010
3695	2.1487e-010
3696	2.1946e-010
3697	2.263e-010
3698	2.298e-010
3699	2.3557e-010
3700	2.4071e-010
3701	2.4509e-010
3702	2.5019e-010
3703	2.588e-010
3704	2.6796e-010
3705	2.6645e-010
3706	2.6626e-010
3707	2.6944e-010
3708	2.6155e-010
3709	2.518e-010
3710	2.4674e-010
3711	2.4367e-010
3712	2.3881e-010
3713	2.3315e-010
3714	2.3257e-010
3715	2.2227e-010
3716	2.1904e-010
3717	2.1442e-010
3718	2.1011e-010
3719	2.0566e-010
3720	2.0144e-010
3721	2.0136e-010
3722	1.9479e-010
3723	1.9224e-010
3724	1.8785e-010
3725	1.8148e-010
3726	1.7986e-010
3727	1.7762e-010
3728	1.9164e-010
3729	1.7138e-010
3730	1.654e-010
3731	1.6543e-010
3732	1.9227e-010
3733	1.6101e-010
3734	1.5153e-010
3735	1.6706e-010
3736	1.543e-010
3737	1.4133e-010
3738	1.6646e-010
3739	1.4847e-010
3740	1.4555e-010
3741	1.8093e-010
3742	1.2884e-010
3743	1.5609e-010
3744	1.3518e-010
3745	1.3367e-010
3746	1.3285e-010
3747	1.1787e-010
3748	1.3135e-010
3749	1.1196e-010
3750	1.2515e-010
3751	1.0855e-010
3752	1.1496e-010
3753	1.0703e-010
3754	1.0606e-010
3755	1.0559e-010
3756	1.0424e-010
3757	1.2279e-010
3758	9.6614e-011
3759	9.7032e-011
3760	8.2094e-011
3761	8.4024e-011
3762	8.5943e-011
3763	9.4055e-011
3764	1.3349e-010
3765	1.6375e-010
3766	3.2434e-010
3767	7.9356e-010
3768	8.8867e-010
3769	9.3417e-010
3770	1.2706e-009
3771	5.7237e-011
3772	5.5081e-011
3773	7.3115e-011
3774	6.2916e-011
3775	6.9541e-011
3776	6.2023e-011
3777	6.4287e-011
3778	6.9056e-011
3779	6.4265e-011
3780	7.136e-011
3781	7.1491e-011
3782	7.0041e-011
3783	7.7695e-011
3784	7.2227e-011
3785	8.0252e-011
3786	7.8025e-011
3787	8.1259e-011
3788	8.3322e-011
3789	8.3461e-011
3790	8.8141e-011
3791	8.6716e-011
3792	9.2405e-011
3793	9.0843e-011
3794	9.6057e-011
3795	9.5943e-011
3796	9.9038e-011
3797	1.0223e-010
3798	1.0148e-010
3799	1.0855e-010
3800	1.0519e-010
3801	1.1252e-010
3802	1.1346e-010
3803	1.1357e-010
3804	1.2004e-010
3805	1.204e-010
3806	1.2211e-010
3807	1.2777e-010
3808	1.3036e-010
3809	1.2914e-010
3810	1.3636e-010
3811	1.3884e-010
3812	1.417e-010
3813	1.4241e-010
3814	1.4771e-010
3815	1.513e-010
3816	1.5487e-010
3817	1.5786e-010
3818	1.6122e-010
3819	1.6511e-010
3820	1.6797e-010
3821	1.7267e-010
3822	1.7654e-010
3823	1.8046e-010
3824	1.8454e-010
3825	1.8889e-010
3826	1.9398e-010
3827	1.9589e-010
3828	2.02e-010
3829	2.0624e-010
3830	2.1108e-010
3831	2.1787e-010
3832	2.2342e-010
3833	2.2425e-010
3834	2.2605e-010
3835	2.4219e-010
3836	2.4345e-010
3837	2.2657e-010
3838	2.243e-010
3839	2.2631e-010
3840	2.2186e-010
3841	2.144e-010
3842	2.0959e-010
3843	2.0612e-010
3844	1.9646e-010
3845	1.9896e-010
3846	1.9298e-010
3847	1.8899e-010
3848	1.8531e-010
3849	1.8204e-010
3850	1.7872e-010
3851	1.7048e-010
3852	1.7168e-010
3853	1.6779e-010
3854	1.6536e-010
3855	1.6615e-010
3856	1.6431e-010
3857	1.6346e-010
3858	1.408e-010
3859	1.5975e-010
3860	1.5804e-010
3861	1.6424e-010
3862	1.3154e-010
3863	1.561e-010
3864	1.5886e-010
3865	1.2528e-010
3866	1.2966e-010
3867	1.5922e-010
3868	1.189e-010
3869	1.4353e-010
3870	1.5691e-010
3871	1.1133e-010
3872	1.6272e-010
3873	1.0521e-010
3874	1.4139e-010
3875	1.23e-010
3876	1.0514e-010
3877	1.2523e-010
3878	9.3595e-011
3879	1.2442e-010
3880	8.8769e-011
3881	1.1529e-010
3882	8.9966e-011
3883	1.0174e-010
3884	9.8924e-011
3885	8.5017e-011
3886	1.2056e-010
3887	8.0094e-011
3888	1.2015e-010
3889	7.6315e-011
3890	8.8025e-011
3891	9.1531e-011
3892	7.3954e-011
3893	1.0383e-010
3894	1.2218e-010
3895	1.5965e-010
3896	2.931e-010
3897	7.7598e-010
3898	8.2747e-010
3899	9.7986e-010
3900	1.1847e-009
3901	5.7211e-011
3902	5.5077e-011
3903	7.3112e-011
3904	6.2931e-011
3905	6.9587e-011
3906	6.208e-011
3907	6.4386e-011
3908	6.9117e-011
3909	6.4293e-011
3910	7.1409e-011
3911	7.1536e-011
3912	7.0067e-011
3913	7.7695e-011
3914	7.2205e-011
3915	8.0237e-011
3916	7.7986e-011
3917	8.1272e-011
3918	8.3345e-011
3919	8.35e-011
3920	8.814e-011
3921	8.6695e-011
3922	9.2368e-011
3923	9.0819e-011
3924	9.6032e-011
3925	9.5929e-011
3926	9.9057e-011
3927	1.0221e-010
3928	1.0148e-010
3929	1.0855e-010
3930	1.0518e-010
3931	1.1251e-010
3932	1.1347e-010
3933	1.1359e-010
3934	1.2007e-010
3935	1.2039e-010
3936	1.2213e-010
3937	1.2774e-010
3938	1.3035e-010
3939	1.2917e-010
3940	1.3637e-010
3941	1.3886e-010
3942	1.4168e-010
3943	1.4242e-010
3944	1.4771e-010
3945	1.5126e-010
3946	1.5489e-010
3947	1.5791e-010
3948	1.6125e-010
3949	1.651e-010
3950	1.6797e-010
3951	1.7261e-010
3952	1.765e-010
3953	1.8043e-010
3954	1.8452e-010
3955	1.8881e-010
3956	1.9386e-010
3957	1.9588e-010
3958	2.0196e-010
3959	2.0622e-010
3960	2.1111e-010
3961	2.1788e-010
3962	2.235e-010
3963	2.2427e-010
3964	2.2606e-010
3965	2.4224e-010
3966	2.4362e-010
3967	2.2679e-010
3968	2.2453e-010
3969	2.2643e-010
3970	2.219e-010
3971	2.1455e-010
3972	2.0962e-010
3973	2.0622e-010
3974	1.9659e-010
3975	1.9903e-010
3976	1.9308e-010
3977	1.8917e-010
3978	1.8552e-010
3979	1.8218e-010
3980	1.7884e-010
3981	1.7058e-010
3982	1.7176e-010
3983	1.6783e-010
3984	1.6546e-010
3985	1.6625e-010
3986	1.6437e-010
3987	1.6377e-010
3988	1.408e-010
3989	1.6008e-010
3990	1.5812e-010
3991	1.644e-010
3992	1.3172e-010
3993	1.562e-010
3994	1.5895e-010
3995	1.2538e-010
3996	1.2975e-010
3997	1.593e-010
3998	1.1895e-010
3999	1.4367e-010
4000	1.5696e-010
4001	1.1136e-010
4002	1.6279e-010
4003	1.0528e-010
4004	1.4145e-010
4005	1.2308e-010
4006	1.0519e-010
4007	1.253e-010
4008	9.364e-011
4009	1.2446e-010
4010	8.8802e-011
4011	1.1531e-010
4012	9.0025e-011
4013	1.0173e-010
4014	9.8903e-011
4015	8.5015e-011
4016	1.2055e-010
4017	8.0092e-011
4018	1.2015e-010
4019	7.6321e-011
4020	8.8023e-011
4021	9.1523e-011
4022	7.3962e-011
4023	1.0379e-010
4024	1.2218e-010
4025	1.5965e-010
4026	2.9309e-010
4027	7.7601e-010
4028	8.2745e-010
4029	9.7981e-010
4030	1.1848e-009
4031	3.9304e-011
4032	4.834e-011
4033	6.7965e-011
4034	7.276e-011
4035	7.7328e-011
4036	7.1934e-011
4037	7.3514e-011
4038	7.5979e-011
4039	7.7816e-011
4040	7.8713e-011
4041	8.0432e-011
4042	8.2766e-011
4043	8.4018e-011
4044	8.7385e-011
4045	8.7775e-011
4046	9.0256e-011
4047	9.2078e-011
4048	9.411e-011
4049	9.664e-011
4050	9.8054e-011
4051	1.0143e-010
4052	1.0235e-010
4053	1.0609e-010
4054	1.072e-010
4055	1.1061e-010
4056	1.1257e-010
4057	1.1468e-010
4058	1.1892e-010
4059	1.1905e-010
4060	1.2497e-010
4061	1.2501e-010
4062	1.2844e-010
4063	1.3282e-010
4064	1.3347e-010
4065	1.3782e-010
4066	1.4144e-010
4067	1.4296e-010
4068	1.4648e-010
4069	1.5228e-010
4070	1.531e-010
4071	1.5672e-010
4072	1.6039e-010
4073	1.6558e-010
4074	1.6795e-010
4075	1.7144e-010
4076	1.7539e-010
4077	1.7978e-010
4078	1.8395e-010
4079	1.8796e-010
4080	1.9279e-010
4081	1.9646e-010
4082	2.0074e-010
4083	2.0543e-010
4084	2.0992e-010
4085	2.1488e-010
4086	2.1935e-010
4087	2.2604e-010
4088	2.299e-010
4089	2.3535e-010
4090	2.407e-010
4091	2.4499e-010
4092	2.5026e-010
4093	2.5908e-010
4094	2.6817e-010
4095	2.6662e-010
4096	2.6654e-010
4097	2.7009e-010
4098	2.6206e-010
4099	2.5235e-010
4100	2.4714e-010
4101	2.441e-010
4102	2.3916e-010
4103	2.3337e-010
4104	2.3278e-010
4105	2.2264e-010
4106	2.1924e-010
4107	2.1494e-010
4108	2.1048e-010
4109	2.061e-010
4110	2.0174e-010
4111	2.0172e-010
4112	1.9508e-010
4113	1.9241e-010
4114	1.8811e-010
4115	1.8167e-010
4116	1.7995e-010
4117	1.783e-010
4118	1.912e-010
4119	1.7218e-010
4120	1.656e-010
4121	1.6581e-010
4122	1.9248e-010
4123	1.6142e-010
4124	1.5186e-010
4125	1.6736e-010
4126	1.5462e-010
4127	1.4151e-010
4128	1.6669e-010
4129	1.4872e-010
4130	1.4574e-010
4131	1.8111e-010
4132	1.2893e-010
4133	1.5614e-010
4134	1.3538e-010
4135	1.3387e-010
4136	1.3305e-010
4137	1.1796e-010
4138	1.3148e-010
4139	1.1207e-010
4140	1.2529e-010
4141	1.0861e-010
4142	1.1503e-010
4143	1.0708e-010
4144	1.0604e-010
4145	1.0556e-010
4146	1.0423e-010
4147	1.2273e-010
4148	9.6614e-011
4149	9.7056e-011
4150	8.2166e-011
4151	8.4036e-011
4152	8.5954e-011
4153	9.4065e-011
4154	1.3351e-010
4155	1.638e-010
4156	3.2441e-010
4157	7.9339e-010
4158	8.8869e-010
4159	9.343e-010
4160	1.2706e-009
4161	5.7211e-011
4162	5.5077e-011
4163	7.3113e-011
4164	6.293e-011
4165	6.9587e-011
4166	6.208e-011
4167	6.4385e-011
4168	6.9116e-011
4169	6.4293e-011
4170	7.1409e-011
4171	7.1536e-011
4172	7.0067e-011
4173	7.7695e-011
4174	7.2205e-011
4175	8.0236e-011
4176	7.7987e-011
4177	8.1259e-011
4178	8.3345e-011
4179	8.35e-011
4180	8.814e-011
4181	8.6695e-011
4182	9.2374e-011
4183	9.0801e-011
4184	9.6032e-011
4185	9.5929e-011
4186	9.9057e-011
4187	1.0221e-010
4188	1.0148e-010
4189	1.0856e-010
4190	1.0519e-010
4191	1.1251e-010
4192	1.1344e-010
4193	1.136e-010
4194	1.2008e-010
4195	1.2039e-010
4196	1.2212e-010
4197	1.2774e-010
4198	1.3039e-010
4199	1.2914e-010
4200	1.3641e-010
4201	1.3885e-010
4202	1.4167e-010
4203	1.4239e-010
4204	1.4771e-010
4205	1.5126e-010
4206	1.5489e-010
4207	1.5792e-010
4208	1.6125e-010
4209	1.651e-010
4210	1.6797e-010
4211	1.7261e-010
4212	1.765e-010
4213	1.8043e-010
4214	1.8452e-010
4215	1.8881e-010
4216	1.9386e-010
4217	1.9587e-010
4218	2.0196e-010
4219	2.0622e-010
4220	2.1111e-010
4221	2.1788e-010
4222	2.235e-010
4223	2.2428e-010
4224	2.2602e-010
4225	2.4224e-010
4226	2.4362e-010
4227	2.2679e-010
4228	2.2453e-010
4229	2.2642e-010
4230	2.219e-010
4231	2.1456e-010
4232	2.0961e-010
4233	2.0622e-010
4234	1.966e-010
4235	1.9903e-010
4236	1.9308e-010
4237	1.8917e-010
4238	1.8551e-010
4239	1.8219e-010
4240	1.7884e-010
4241	1.7058e-010
4242	1.7175e-010
4243	1.6782e-010
4244	1.6548e-010
4245	1.6622e-010
4246	1.6446e-010
4247	1.6216e-010
4248	1.4264e-010
4249	1.5842e-010
4250	1.582e-010
4251	1.6431e-010
4252	1.3168e-010
4253	1.5622e-010
4254	1.5892e-010
4255	1.2538e-010
4256	1.2975e-010
4257	1.593e-010
4258	1.1895e-010
4259	1.4365e-010
4260	1.5697e-010
4261	1.1136e-010
4262	1.6279e-010
4263	1.0528e-010
4264	1.4145e-010
4265	1.2306e-010
4266	1.0518e-010
4267	1.253e-010
4268	9.364e-011
4269	1.2446e-010
4270	8.8811e-011
4271	1.1532e-010
4272	9.0033e-011
4273	1.0174e-010
4274	9.8905e-011
4275	8.5015e-011
4276	1.2054e-010
4277	8.0089e-011
4278	1.2015e-010
4279	7.6319e-011
4280	8.8025e-011
4281	9.153e-011
4282	7.3965e-011
4283	1.0379e-010
4284	1.2218e-010
4285	1.5965e-010
4286	2.9309e-010
4287	7.76e-010
4288	8.2745e-010
4289	9.7981e-010
4290	1.1848e-009
4291	5.7243e-011
4292	5.5081e-011
4293	7.3114e-011
4294	6.2919e-011
4295	6.9542e-011
4296	6.2024e-011
4297	6.4288e-011
4298	6.9063e-011
4299	6.4254e-011
4300	7.136e-011
4301	7.1491e-011
4302	7.0046e-011
4303	7.7707e-011
4304	7.2215e-011
4305	8.0252e-011
4306	7.8029e-011
4307	8.1266e-011
4308	8.3332e-011
4309	8.3469e-011
4310	8.8147e-011
4311	8.6699e-011
4312	9.2405e-011
4313	9.0845e-011
4314	9.6059e-011
4315	9.5943e-011
4316	9.9047e-011
4317	1.0219e-010
4318	1.0148e-010
4319	1.0856e-010
4320	1.0518e-010
4321	1.1253e-010
4322	1.1347e-010
4323	1.1358e-010
4324	1.2002e-010
4325	1.2038e-010
4326	1.2214e-010
4327	1.2778e-010
4328	1.3023e-010
4329	1.2926e-010
4330	1.3628e-010
4331	1.3883e-010
4332	1.4168e-010
4333	1.4242e-010
4334	1.4768e-010
4335	1.513e-010
4336	1.5487e-010
4337	1.5786e-010
4338	1.6119e-010
4339	1.6511e-010
4340	1.6798e-010
4341	1.7266e-010
4342	1.7654e-010
4343	1.8046e-010
4344	1.8456e-010
4345	1.8885e-010
4346	1.9399e-010
4347	1.9588e-010
4348	2.0195e-010
4349	2.0625e-010
4350	2.1106e-010
4351	2.1785e-010
4352	2.2343e-010
4353	2.2425e-010
4354	2.2602e-010
4355	2.4217e-010
4356	2.4345e-010
4357	2.2659e-010
4358	2.2429e-010
4359	2.2632e-010
4360	2.2181e-010
4361	2.1442e-010
4362	2.096e-010
4363	2.0613e-010
4364	1.9647e-010
4365	1.9898e-010
4366	1.9298e-010
4367	1.8899e-010
4368	1.8535e-010
4369	1.8201e-010
4370	1.7873e-010
4371	1.7047e-010
4372	1.7163e-010
4373	1.6776e-010
4374	1.6538e-010
4375	1.6614e-010
4376	1.6423e-010
4377	1.6228e-010
4378	1.4253e-010
4379	1.5856e-010
4380	1.5794e-010
4381	1.6427e-010
4382	1.3155e-010
4383	1.5612e-010
4384	1.5883e-010
4385	1.2528e-010
4386	1.2965e-010
4387	1.5922e-010
4388	1.189e-010
4389	1.4353e-010
4390	1.5691e-010
4391	1.1132e-010
4392	1.6274e-010
4393	1.052e-010
4394	1.414e-010
4395	1.2302e-010
4396	1.0515e-010
4397	1.2523e-010
4398	9.3597e-011
4399	1.2442e-010
4400	8.8777e-011
4401	1.1526e-010
4402	8.9965e-011
4403	1.0174e-010
4404	9.8932e-011
4405	8.5022e-011
4406	1.2057e-010
4407	8.0092e-011
4408	1.2016e-010
4409	7.6326e-011
4410	8.8035e-011
4411	9.1535e-011
4412	7.3957e-011
4413	1.038e-010
4414	1.2219e-010
4415	1.5963e-010
4416	2.9306e-010
4417	7.7594e-010
4418	8.2747e-010
4419	9.7986e-010
4420	1.1847e-009
4421	3.9318e-011
4422	4.8377e-011
4423	6.7951e-011
4424	7.2682e-011
4425	7.7256e-011
4426	7.1832e-011
4427	7.3369e-011
4428	7.5881e-011
4429	7.7775e-011
4430	7.8653e-011
4431	8.0294e-011
4432	8.2694e-011
4433	8.4023e-011
4434	8.7357e-011
4435	8.7838e-011
4436	9.0316e-011
4437	9.2066e-011
4438	9.4102e-011
4439	9.6708e-011
4440	9.8115e-011
4441	1.0148e-010
4442	1.0243e-010
4443	1.0622e-010
4444	1.0722e-010
4445	1.1065e-010
4446	1.1262e-010
4447	1.1468e-010
4448	1.189e-010
4449	1.1911e-010
4450	1.25e-010
4451	1.2502e-010
4452	1.2846e-010
4453	1.3272e-010
4454	1.3337e-010
4455	1.3776e-010
4456	1.4154e-010
4457	1.4302e-010
4458	1.4669e-010
4459	1.5207e-010
4460	1.5315e-010
4461	1.566e-010
4462	1.6047e-010
4463	1.6563e-010
4464	1.6794e-010
4465	1.7148e-010
4466	1.754e-010
4467	1.7967e-010
4468	1.8386e-010
4469	1.8789e-010
4470	1.9279e-010
4471	1.9651e-010
4472	2.0084e-010
4473	2.0537e-010
4474	2.101e-010
4475	2.1484e-010
4476	2.1942e-010
4477	2.2627e-010
4478	2.2979e-010
4479	2.3555e-010
4480	2.4079e-010
4481	2.4508e-010
4482	2.5014e-010
4483	2.5878e-010
4484	2.6789e-010
4485	2.6648e-010
4486	2.6626e-010
4487	2.6943e-010
4488	2.6154e-010
4489	2.5178e-010
4490	2.4671e-010
4491	2.4375e-010
4492	2.3879e-010
4493	2.3311e-010
4494	2.3258e-010
4495	2.2226e-010
4496	2.1904e-010
4497	2.1443e-010
4498	2.1007e-010
4499	2.0571e-010
4500	2.0141e-010
4501	2.0138e-010
4502	1.9473e-010
4503	1.922e-010
4504	1.8777e-010
4505	1.8159e-010
4506	1.7983e-010
4507	1.7841e-010
4508	1.9328e-010
4509	1.7233e-010
4510	1.654e-010
4511	1.6556e-010
4512	1.9215e-010
4513	1.6107e-010
4514	1.515e-010
4515	1.6706e-010
4516	1.5433e-010
4517	1.4132e-010
4518	1.6646e-010
4519	1.4847e-010
4520	1.4554e-010
4521	1.81e-010
4522	1.2883e-010
4523	1.5606e-010
4524	1.3518e-010
4525	1.3366e-010
4526	1.3288e-010
4527	1.1785e-010
4528	1.3134e-010
4529	1.1199e-010
4530	1.2517e-010
4531	1.0854e-010
4532	1.1496e-010
4533	1.0702e-010
4534	1.0605e-010
4535	1.0561e-010
4536	1.0423e-010
4537	1.2278e-010
4538	9.662e-011
4539	9.7044e-011
4540	8.2102e-011
4541	8.4025e-011
4542	8.5938e-011
4543	9.4046e-011
4544	1.3348e-010
4545	1.6373e-010
4546	3.2432e-010
4547	7.9356e-010
4548	8.8867e-010
4549	9.3416e-010
4550	1.2706e-009
4551	5.7219e-011
4552	5.5081e-011
4553	7.3129e-011
4554	6.2951e-011
4555	6.9564e-011
4556	6.2004e-011
4557	6.429e-011
4558	6.9045e-011
4559	6.4215e-011
4560	7.131e-011
4561	7.1457e-011
4562	7.0005e-011
4563	7.7652e-011
4564	7.2199e-011
4565	8.0228e-011
4566	7.8019e-011
4567	8.1282e-011
4568	8.3342e-011
4569	8.3505e-011
4570	8.8125e-011
4571	8.6704e-011
4572	9.2405e-011
4573	9.0855e-011
4574	9.6059e-011
4575	9.5948e-011
4576	9.907e-011
4577	1.0223e-010
4578	1.0141e-010
4579	1.0851e-010
4580	1.0515e-010
4581	1.1252e-010
4582	1.1347e-010
4583	1.1358e-010
4584	1.2003e-010
4585	1.2039e-010
4586	1.221e-010
4587	1.2774e-010
4588	1.3014e-010
4589	1.295e-010
4590	1.361e-010
4591	1.3886e-010
4592	1.4168e-010
4593	1.4243e-010
4594	1.4773e-010
4595	1.5128e-010
4596	1.5482e-010
4597	1.5781e-010
4598	1.6119e-010
4599	1.6503e-010
4600	1.6787e-010
4601	1.7262e-010
4602	1.7652e-010
4603	1.8044e-010
4604	1.8441e-010
4605	1.8882e-010
4606	1.9376e-010
4607	1.959e-010
4608	2.0198e-010
4609	2.0611e-010
4610	2.111e-010
4611	2.1786e-010
4612	2.2326e-010
4613	2.2407e-010
4614	2.2579e-010
4615	2.4218e-010
4616	2.4331e-010
4617	2.2631e-010
4618	2.2408e-010
4619	2.2604e-010
4620	2.2163e-010
4621	2.1424e-010
4622	2.0937e-010
4623	2.0606e-010
4624	1.9638e-010
4625	1.9878e-010
4626	1.9284e-010
4627	1.8891e-010
4628	1.8523e-010
4629	1.8197e-010
4630	1.7863e-010
4631	1.7035e-010
4632	1.7157e-010
4633	1.6775e-010
4634	1.6533e-010
4635	1.6613e-010
4636	1.6435e-010
4637	1.6545e-010
4638	1.4206e-010
4639	1.6189e-010
4640	1.5804e-010
4641	1.6416e-010
4642	1.3149e-010
4643	1.5601e-010
4644	1.5874e-010
4645	1.2519e-010
4646	1.2958e-010
4647	1.591e-010
4648	1.1879e-010
4649	1.4349e-010
4650	1.5686e-010
4651	1.1128e-010
4652	1.6266e-010
4653	1.0522e-010
4654	1.4134e-010
4655	1.2297e-010
4656	1.0504e-010
4657	1.2518e-010
4658	9.3589e-011
4659	1.2441e-010
4660	8.8749e-011
4661	1.1521e-010
4662	8.9922e-011
4663	1.017e-010
4664	9.8901e-011
4665	8.5044e-011
4666	1.2058e-010
4667	8.0087e-011
4668	1.2016e-010
4669	7.6264e-011
4670	8.7982e-011
4671	9.1498e-011
4672	7.3948e-011
4673	1.0377e-010
4674	1.2219e-010
4675	1.5964e-010
4676	2.9312e-010
4677	7.7608e-010
4678	8.2745e-010
4679	9.7984e-010
4680	1.1847e-009
4681	5.0564e-011
4682	5.4497e-011
4683	5.816e-011
4684	5.9761e-011
4685	6.7615e-011
4686	6.4824e-011
4687	6.5742e-011
4688	6.8338e-011
4689	7.0486e-011
4690	7.0876e-011
4691	7.2391e-011
4692	7.4548e-011
4693	7.5947e-011
4694	7.9003e-011
4695	7.9354e-011
4696	8.1362e-011
4697	8.3021e-011
4698	8.5029e-011
4699	8.7158e-011
4700	8.8784e-011
4701	9.1503e-011
4702	9.2697e-011
4703	9.579e-011
4704	9.7001e-011
4705	9.9908e-011
4706	1.0178e-010
4707	1.0363e-010
4708	1.074e-010
4709	1.0809e-010
4710	1.1292e-010
4711	1.133e-010
4712	1.1621e-010
4713	1.2015e-010
4714	1.2099e-010
4715	1.2464e-010
4716	1.2819e-010
4717	1.2942e-010
4718	1.329e-010
4719	1.3746e-010
4720	1.3896e-010
4721	1.4155e-010
4722	1.4561e-010
4723	1.4955e-010
4724	1.5248e-010
4725	1.5525e-010
4726	1.5853e-010
4727	1.6256e-010
4728	1.664e-010
4729	1.7021e-010
4730	1.742e-010
4731	1.7791e-010
4732	1.818e-010
4733	1.8595e-010
4734	1.9016e-010
4735	1.943e-010
4736	1.9915e-010
4737	2.0391e-010
4738	2.0862e-010
4739	2.1322e-010
4740	2.1776e-010
4741	2.2127e-010
4742	2.2713e-010
4743	2.3454e-010
4744	2.4031e-010
4745	2.4221e-010
4746	2.4251e-010
4747	2.4141e-010
4748	2.3668e-010
4749	2.2869e-010
4750	2.2221e-010
4751	2.1983e-010
4752	2.1627e-010
4753	2.1222e-010
4754	2.0751e-010
4755	2.0233e-010
4756	1.972e-010
4757	1.9328e-010
4758	1.8927e-010
4759	1.8552e-010
4760	1.8257e-010
4761	1.7969e-010
4762	1.7656e-010
4763	1.741e-010
4764	1.6975e-010
4765	1.614e-010
4766	1.6168e-010
4767	1.6664e-010
4768	1.7041e-010
4769	1.6159e-010
4770	1.4506e-010
4771	1.5367e-010
4772	1.7111e-010
4773	1.4667e-010
4774	1.3743e-010
4775	1.4955e-010
4776	1.3681e-010
4777	1.2909e-010
4778	1.5229e-010
4779	1.2342e-010
4780	1.3045e-010
4781	1.6571e-010
4782	1.2628e-010
4783	1.3916e-010
4784	1.1442e-010
4785	1.0785e-010
4786	1.1199e-010
4787	1.0292e-010
4788	1.1256e-010
4789	1.0062e-010
4790	1.0715e-010
4791	9.59e-011
4792	9.4785e-011
4793	9.0312e-011
4794	8.6871e-011
4795	8.6626e-011
4796	9.7411e-011
4797	1.1656e-010
4798	9.5221e-011
4799	8.3327e-011
4800	7.4529e-011
4801	8.1422e-011
4802	8.8315e-011
4803	8.1555e-011
4804	1.0083e-010
4805	1.01e-010
4806	2.2566e-010
4807	4.3296e-010
4808	3.4924e-010
4809	6.4005e-010
4810	6.3333e-010
4811	7.857e-011
4812	8.1258e-011
4813	8.2906e-011
4814	7.9508e-011
4815	7.676e-011
4816	7.9798e-011
4817	8.1525e-011
4818	8.3684e-011
4819	8.4783e-011
4820	8.779e-011
4821	8.936e-011
4822	9.0785e-011
4823	9.4094e-011
4824	9.4954e-011
4825	9.8265e-011
4826	9.9669e-011
4827	1.0206e-010
4828	1.0423e-010
4829	1.0638e-010
4830	1.0921e-010
4831	1.1109e-010
4832	1.144e-010
4833	1.1612e-010
4834	1.1957e-010
4835	1.2166e-010
4836	1.2453e-010
4837	1.2778e-010
4838	1.2952e-010
4839	1.3412e-010
4840	1.3537e-010
4841	1.3997e-010
4842	1.4264e-010
4843	1.4484e-010
4844	1.4953e-010
4845	1.5209e-010
4846	1.5515e-010
4847	1.5982e-010
4848	1.6287e-010
4849	1.6551e-010
4850	1.7023e-010
4851	1.7453e-010
4852	1.7778e-010
4853	1.8116e-010
4854	1.8555e-010
4855	1.9036e-010
4856	1.9474e-010
4857	1.987e-010
4858	2.0296e-010
4859	2.0762e-010
4860	2.1235e-010
4861	2.1721e-010
4862	2.2219e-010
4863	2.2736e-010
4864	2.3255e-010
4865	2.3787e-010
4866	2.4306e-010
4867	2.4862e-010
4868	2.5401e-010
4869	2.6015e-010
4870	2.6639e-010
4871	2.7314e-010
4872	2.7891e-010
4873	2.8379e-010
4874	2.9077e-010
4875	2.9945e-010
4876	2.9973e-010
4877	2.9168e-010
4878	2.8545e-010
4879	2.815e-010
4880	2.7657e-010
4881	2.7033e-010
4882	2.6454e-010
4883	2.5776e-010
4884	2.5248e-010
4885	2.4721e-010
4886	2.4302e-010
4887	2.3797e-010
4888	2.3327e-010
4889	2.2869e-010
4890	2.2285e-010
4891	2.1844e-010
4892	2.143e-010
4893	2.1208e-010
4894	2.0878e-010
4895	2.0608e-010
4896	2.0499e-010
4897	1.9971e-010
4898	1.9397e-010
4899	1.9543e-010
4900	1.9345e-010
4901	1.924e-010
4902	1.8469e-010
4903	1.8404e-010
4904	1.8528e-010
4905	1.6723e-010
4906	1.6394e-010
4907	1.7727e-010
4908	1.6318e-010
4909	1.5906e-010
4910	1.7497e-010
4911	1.6799e-010
4912	1.7477e-010
4913	1.4666e-010
4914	1.5359e-010
4915	1.3697e-010
4916	1.2982e-010
4917	1.3697e-010
4918	1.2734e-010
4919	1.3416e-010
4920	1.2269e-010
4921	1.2481e-010
4922	1.1466e-010
4923	1.1433e-010
4924	1.1076e-010
4925	1.0756e-010
4926	1.2491e-010
4927	1.244e-010
4928	1.2293e-010
4929	9.8996e-011
4930	1.0014e-010
4931	1.0316e-010
4932	1.0107e-010
4933	1.1972e-010
4934	1.0657e-010
4935	1.1724e-010
4936	2.7433e-010
4937	4.0706e-010
4938	3.0844e-010
4939	7.8047e-010
4940	5.531e-010
4941	5.0586e-011
4942	5.4481e-011
4943	5.8152e-011
4944	5.9718e-011
4945	6.7591e-011
4946	6.4827e-011
4947	6.5746e-011
4948	6.8369e-011
4949	7.0508e-011
4950	7.0861e-011
4951	7.2388e-011
4952	7.4563e-011
4953	7.5964e-011
4954	7.9033e-011
4955	7.9422e-011
4956	8.139e-011
4957	8.3036e-011
4958	8.5085e-011
4959	8.7173e-011
4960	8.8771e-011
4961	9.1488e-011
4962	9.2693e-011
4963	9.5805e-011
4964	9.7033e-011
4965	9.9902e-011
4966	1.0175e-010
4967	1.0367e-010
4968	1.0742e-010
4969	1.0807e-010
4970	1.1292e-010
4971	1.1329e-010
4972	1.162e-010
4973	1.2014e-010
4974	1.2096e-010
4975	1.2466e-010
4976	1.282e-010
4977	1.2949e-010
4978	1.3298e-010
4979	1.3738e-010
4980	1.39e-010
4981	1.4145e-010
4982	1.456e-010
4983	1.4952e-010
4984	1.5245e-010
4985	1.5518e-010
4986	1.5849e-010
4987	1.6258e-010
4988	1.6633e-010
4989	1.702e-010
4990	1.7419e-010
4991	1.7791e-010
4992	1.8182e-010
4993	1.8594e-010
4994	1.9008e-010
4995	1.9433e-010
4996	1.991e-010
4997	2.0396e-010
4998	2.0863e-010
4999	2.1322e-010
5000	2.177e-010
5001	2.213e-010
5002	2.2719e-010
5003	2.3458e-010
5004	2.404e-010
5005	2.421e-010
5006	2.4258e-010
5007	2.4147e-010
5008	2.3674e-010
5009	2.287e-010
5010	2.2214e-010
5011	2.1981e-010
5012	2.1622e-010
5013	2.1222e-010
5014	2.0763e-010
5015	2.0247e-010
5016	1.9729e-010
5017	1.9332e-010
5018	1.8935e-010
5019	1.8545e-010
5020	1.8295e-010
5021	1.7938e-010
5022	1.7691e-010
5023	1.7413e-010
5024	1.6986e-010
5025	1.6143e-010
5026	1.6165e-010
5027	1.667e-010
5028	1.7052e-010
5029	1.6158e-010
5030	1.4512e-010
5031	1.5372e-010
5032	1.7111e-010
5033	1.4667e-010
5034	1.3748e-010
5035	1.4958e-010
5036	1.3685e-010
5037	1.2912e-010
5038	1.5233e-010
5039	1.2343e-010
5040	1.3052e-010
5041	1.6576e-010
5042	1.263e-010
5043	1.392e-010
5044	1.1447e-010
5045	1.0784e-010
5046	1.1197e-010
5047	1.0293e-010
5048	1.1258e-010
5049	1.0066e-010
5050	1.0717e-010
5051	9.5934e-011
5052	9.4819e-011
5053	9.033e-011
5054	8.6889e-011
5055	8.664e-011
5056	9.7438e-011
5057	1.1656e-010
5058	9.5208e-011
5059	8.3344e-011
5060	7.4548e-011
5061	8.1437e-011
5062	8.8306e-011
5063	8.1573e-011
5064	1.0085e-010
5065	1.0102e-010
5066	2.2569e-010
5067	4.3296e-010
5068	3.4921e-010
5069	6.4005e-010
5070	6.3332e-010
5071	5.0586e-011
5072	5.4513e-011
5073	5.8193e-011
5074	5.9784e-011
5075	6.7632e-011
5076	6.4876e-011
5077	6.5799e-011
5078	6.8398e-011
5079	7.052e-011
5080	7.0907e-011
5081	7.2454e-011
5082	7.4608e-011
5083	7.5981e-011
5084	7.8996e-011
5085	7.9347e-011
5086	8.1387e-011
5087	8.3017e-011
5088	8.5056e-011
5089	8.7134e-011
5090	8.8749e-011
5091	9.1487e-011
5092	9.269e-011
5093	9.5788e-011
5094	9.6982e-011
5095	9.9851e-011
5096	1.018e-010
5097	1.0374e-010
5098	1.075e-010
5099	1.0813e-010
5100	1.1292e-010
5101	1.1328e-010
5102	1.162e-010
5103	1.2019e-010
5104	1.2103e-010
5105	1.2462e-010
5106	1.2808e-010
5107	1.2945e-010
5108	1.3287e-010
5109	1.3759e-010
5110	1.3893e-010
5111	1.4156e-010
5112	1.4569e-010
5113	1.4956e-010
5114	1.5248e-010
5115	1.5509e-010
5116	1.584e-010
5117	1.6269e-010
5118	1.6645e-010
5119	1.702e-010
5120	1.7421e-010
5121	1.7779e-010
5122	1.8175e-010
5123	1.8586e-010
5124	1.9006e-010
5125	1.9428e-010
5126	1.9904e-010
5127	2.0393e-010
5128	2.0854e-010
5129	2.1325e-010
5130	2.1772e-010
5131	2.2131e-010
5132	2.2725e-010
5133	2.349e-010
5134	2.4055e-010
5135	2.4239e-010
5136	2.4294e-010
5137	2.4178e-010
5138	2.3696e-010
5139	2.2901e-010
5140	2.2236e-010
5141	2.1995e-010
5142	2.1643e-010
5143	2.1245e-010
5144	2.079e-010
5145	2.0265e-010
5146	1.9755e-010
5147	1.9359e-010
5148	1.8968e-010
5149	1.8572e-010
5150	1.8318e-010
5151	1.7958e-010
5152	1.7705e-010
5153	1.7434e-010
5154	1.7004e-010
5155	1.6162e-010
5156	1.6178e-010
5157	1.6682e-010
5158	1.7078e-010
5159	1.6174e-010
5160	1.453e-010
5161	1.5392e-010
5162	1.7137e-010
5163	1.4692e-010
5164	1.3773e-010
5165	1.4978e-010
5166	1.3697e-010
5167	1.2924e-010
5168	1.5246e-010
5169	1.236e-010
5170	1.3063e-010
5171	1.6591e-010
5172	1.2637e-010
5173	1.3931e-010
5174	1.1455e-010
5175	1.0794e-010
5176	1.121e-010
5177	1.03e-010
5178	1.1262e-010
5179	1.0071e-010
5180	1.0722e-010
5181	9.5988e-011
5182	9.4841e-011
5183	9.0334e-011
5184	8.6891e-011
5185	8.6607e-011
5186	9.7428e-011
5187	1.1657e-010
5188	9.5208e-011
5189	8.3369e-011
5190	7.4581e-011
5191	8.1467e-011
5192	8.8361e-011
5193	8.1598e-011
5194	1.0089e-010
5195	1.0105e-010
5196	2.2568e-010
5197	4.3296e-010
5198	3.4922e-010
5199	6.4008e-010
5200	6.3333e-010
5201	7.8597e-011
5202	8.1262e-011
5203	8.2932e-011
5204	7.9529e-011
5205	7.6881e-011
5206	7.9941e-011
5207	8.1716e-011
5208	8.3847e-011
5209	8.4873e-011
5210	8.7923e-011
5211	8.9447e-011
5212	9.0854e-011
5213	9.4081e-011
5214	9.4895e-011
5215	9.8209e-011
5216	9.9579e-011
5217	1.0202e-010
5218	1.0429e-010
5219	1.0636e-010
5220	1.092e-010
5221	1.1101e-010
5222	1.1445e-010
5223	1.1608e-010
5224	1.195e-010
5225	1.2153e-010
5226	1.2459e-010
5227	1.279e-010
5228	1.2958e-010
5229	1.3413e-010
5230	1.3541e-010
5231	1.3997e-010
5232	1.4265e-010
5233	1.4486e-010
5234	1.496e-010
5235	1.5204e-010
5236	1.5505e-010
5237	1.5985e-010
5238	1.6299e-010
5239	1.6551e-010
5240	1.7032e-010
5241	1.7467e-010
5242	1.7776e-010
5243	1.8122e-010
5244	1.8558e-010
5245	1.9013e-010
5246	1.946e-010
5247	1.9883e-010
5248	2.0314e-010
5249	2.0759e-010
5250	2.1218e-010
5251	2.1696e-010
5252	2.2211e-010
5253	2.2719e-010
5254	2.3242e-010
5255	2.3774e-010
5256	2.4296e-010
5257	2.4834e-010
5258	2.5404e-010
5259	2.6021e-010
5260	2.6643e-010
5261	2.7321e-010
5262	2.7914e-010
5263	2.8412e-010
5264	2.9111e-010
5265	2.9973e-010
5266	3.003e-010
5267	2.9217e-010
5268	2.8599e-010
5269	2.819e-010
5270	2.7693e-010
5271	2.7039e-010
5272	2.6474e-010
5273	2.581e-010
5274	2.5292e-010
5275	2.4762e-010
5276	2.4351e-010
5277	2.3847e-010
5278	2.3376e-010
5279	2.2922e-010
5280	2.2326e-010
5281	2.1874e-010
5282	2.1458e-010
5283	2.1231e-010
5284	2.0923e-010
5285	2.0645e-010
5286	2.0522e-010
5287	2.0003e-010
5288	1.9453e-010
5289	1.958e-010
5290	1.9376e-010
5291	1.9275e-010
5292	1.8501e-010
5293	1.8447e-010
5294	1.8562e-010
5295	1.676e-010
5296	1.6418e-010
5297	1.7754e-010
5298	1.6336e-010
5299	1.5936e-010
5300	1.7527e-010
5301	1.6822e-010
5302	1.7497e-010
5303	1.4683e-010
5304	1.5381e-010
5305	1.3711e-010
5306	1.2998e-010
5307	1.3708e-010
5308	1.2744e-010
5309	1.3427e-010
5310	1.2276e-010
5311	1.2492e-010
5312	1.1473e-010
5313	1.1438e-010
5314	1.1078e-010
5315	1.075e-010
5316	1.249e-010
5317	1.2438e-010
5318	1.2294e-010
5319	9.9036e-011
5320	1.0017e-010
5321	1.0323e-010
5322	1.0116e-010
5323	1.1976e-010
5324	1.066e-010
5325	1.173e-010
5326	2.7435e-010
5327	4.0703e-010
5328	3.0845e-010
5329	7.8047e-010
5330	5.5317e-010
5331	5.0586e-011
5332	5.4513e-011
5333	5.819e-011
5334	5.9785e-011
5335	6.7631e-011
5336	6.4879e-011
5337	6.5798e-011
5338	6.8392e-011
5339	7.0535e-011
5340	7.0912e-011
5341	7.2454e-011
5342	7.4608e-011
5343	7.5981e-011
5344	7.8994e-011
5345	7.9347e-011
5346	8.1387e-011
5347	8.3012e-011
5348	8.5055e-011
5349	8.7134e-011
5350	8.8744e-011
5351	9.1482e-011
5352	9.2685e-011
5353	9.5785e-011
5354	9.698e-011
5355	9.9848e-011
5356	1.018e-010
5357	1.0373e-010
5358	1.075e-010
5359	1.0813e-010
5360	1.1292e-010
5361	1.1327e-010
5362	1.1621e-010
5363	1.2019e-010
5364	1.2104e-010
5365	1.2462e-010
5366	1.2813e-010
5367	1.2943e-010
5368	1.3293e-010
5369	1.3754e-010
5370	1.3904e-010
5371	1.4153e-010
5372	1.4568e-010
5373	1.4957e-010
5374	1.5249e-010
5375	1.5509e-010
5376	1.5841e-010
5377	1.6269e-010
5378	1.6646e-010
5379	1.7019e-010
5380	1.742e-010
5381	1.7779e-010
5382	1.8174e-010
5383	1.8586e-010
5384	1.9005e-010
5385	1.9428e-010
5386	1.9905e-010
5387	2.0393e-010
5388	2.0853e-010
5389	2.1329e-010
5390	2.1771e-010
5391	2.2131e-010
5392	2.2724e-010
5393	2.3489e-010
5394	2.4054e-010
5395	2.4239e-010
5396	2.4296e-010
5397	2.4177e-010
5398	2.3696e-010
5399	2.29e-010
5400	2.2235e-010
5401	2.1995e-010
5402	2.1643e-010
5403	2.1244e-010
5404	2.0789e-010
5405	2.0265e-010
5406	1.9755e-010
5407	1.9359e-010
5408	1.8966e-010
5409	1.8579e-010
5410	1.8284e-010
5411	1.7999e-010
5412	1.7675e-010
5413	1.7434e-010
5414	1.7001e-010
5415	1.6165e-010
5416	1.618e-010
5417	1.6686e-010
5418	1.7082e-010
5419	1.6177e-010
5420	1.4527e-010
5421	1.5392e-010
5422	1.7137e-010
5423	1.4691e-010
5424	1.3773e-010
5425	1.4978e-010
5426	1.3697e-010
5427	1.2924e-010
5428	1.5246e-010
5429	1.2359e-010
5430	1.3063e-010
5431	1.6591e-010
5432	1.2638e-010
5433	1.3932e-010
5434	1.1454e-010
5435	1.0794e-010
5436	1.121e-010
5437	1.03e-010
5438	1.1263e-010
5439	1.007e-010
5440	1.0722e-010
5441	9.5985e-011
5442	9.484e-011
5443	9.0329e-011
5444	8.6885e-011
5445	8.6607e-011
5446	9.7426e-011
5447	1.1657e-010
5448	9.5204e-011
5449	8.3369e-011
5450	7.4581e-011
5451	8.1466e-011
5452	8.8362e-011
5453	8.1597e-011
5454	1.0089e-010
5455	1.0105e-010
5456	2.2568e-010
5457	4.3296e-010
5458	3.4922e-010
5459	6.4007e-010
5460	6.3333e-010
5461	5.0583e-011
5462	5.4475e-011
5463	5.8159e-011
5464	5.9711e-011
5465	6.7587e-011
5466	6.4824e-011
5467	6.575e-011
5468	6.8379e-011
5469	7.0506e-011
5470	7.0873e-011
5471	7.241e-011
5472	7.4584e-011
5473	7.5962e-011
5474	7.903e-011
5475	7.9415e-011
5476	8.1384e-011
5477	8.3031e-011
5478	8.5084e-011
5479	8.7166e-011
5480	8.8758e-011
5481	9.1527e-011
5482	9.2703e-011
5483	9.5827e-011
5484	9.7025e-011
5485	9.9897e-011
5486	1.0175e-010
5487	1.0367e-010
5488	1.0741e-010
5489	1.0809e-010
5490	1.1293e-010
5491	1.1332e-010
5492	1.1618e-010
5493	1.2019e-010
5494	1.2093e-010
5495	1.2464e-010
5496	1.2817e-010
5497	1.2947e-010
5498	1.3294e-010
5499	1.3752e-010
5500	1.3898e-010
5501	1.4145e-010
5502	1.4559e-010
5503	1.4952e-010
5504	1.5241e-010
5505	1.552e-010
5506	1.5848e-010
5507	1.6256e-010
5508	1.6632e-010
5509	1.7019e-010
5510	1.7421e-010
5511	1.7791e-010
5512	1.8186e-010
5513	1.8593e-010
5514	1.9008e-010
5515	1.9431e-010
5516	1.9908e-010
5517	2.0395e-010
5518	2.0865e-010
5519	2.1319e-010
5520	2.177e-010
5521	2.2136e-010
5522	2.2722e-010
5523	2.3456e-010
5524	2.4044e-010
5525	2.4208e-010
5526	2.4254e-010
5527	2.4151e-010
5528	2.3672e-010
5529	2.2875e-010
5530	2.222e-010
5531	2.198e-010
5532	2.1624e-010
5533	2.1219e-010
5534	2.0762e-010
5535	2.0247e-010
5536	1.9729e-010
5537	1.9333e-010
5538	1.8939e-010
5539	1.8554e-010
5540	1.8262e-010
5541	1.7989e-010
5542	1.7654e-010
5543	1.7415e-010
5544	1.698e-010
5545	1.6147e-010
5546	1.6163e-010
5547	1.6662e-010
5548	1.706e-010
5549	1.6155e-010
5550	1.4508e-010
5551	1.5372e-010
5552	1.7112e-010
5553	1.4669e-010
5554	1.3749e-010
5555	1.4959e-010
5556	1.3686e-010
5557	1.2912e-010
5558	1.5233e-010
5559	1.2343e-010
5560	1.3051e-010
5561	1.6575e-010
5562	1.2628e-010
5563	1.3922e-010
5564	1.1445e-010
5565	1.0783e-010
5566	1.1197e-010
5567	1.0292e-010
5568	1.1258e-010
5569	1.0067e-010
5570	1.0717e-010
5571	9.5948e-011
5572	9.4806e-011
5573	9.0339e-011
5574	8.6882e-011
5575	8.6638e-011
5576	9.742e-011
5577	1.1657e-010
5578	9.5224e-011
5579	8.3353e-011
5580	7.4562e-011
5581	8.1423e-011
5582	8.8311e-011
5583	8.1556e-011
5584	1.0084e-010
5585	1.0103e-010
5586	2.2568e-010
5587	4.33e-010
5588	3.4923e-010
5589	6.4006e-010
5590	6.333e-010
5591	7.8565e-011
5592	8.1275e-011
5593	8.2886e-011
5594	7.9519e-011
5595	7.6773e-011
5596	7.9794e-011
5597	8.1519e-011
5598	8.3689e-011
5599	8.4771e-011
5600	8.7801e-011
5601	8.9363e-011
5602	9.0792e-011
5603	9.4087e-011
5604	9.4966e-011
5605	9.8274e-011
5606	9.9645e-011
5607	1.0208e-010
5608	1.0425e-010
5609	1.0636e-010
5610	1.0923e-010
5611	1.1103e-010
5612	1.1441e-010
5613	1.1611e-010
5614	1.1959e-010
5615	1.2167e-010
5616	1.2455e-010
5617	1.2776e-010
5618	1.2954e-010
5619	1.341e-010
5620	1.3535e-010
5621	1.3998e-010
5622	1.4265e-010
5623	1.4486e-010
5624	1.4952e-010
5625	1.5204e-010
5626	1.5514e-010
5627	1.5984e-010
5628	1.6294e-010
5629	1.6555e-010
5630	1.7029e-010
5631	1.7456e-010
5632	1.7779e-010
5633	1.812e-010
5634	1.8559e-010
5635	1.9028e-010
5636	1.9474e-010
5637	1.9873e-010
5638	2.0299e-010
5639	2.0764e-010
5640	2.1232e-010
5641	2.1724e-010
5642	2.2222e-010
5643	2.2736e-010
5644	2.3258e-010
5645	2.3787e-010
5646	2.4307e-010
5647	2.4867e-010
5648	2.5405e-010
5649	2.6018e-010
5650	2.6638e-010
5651	2.7313e-010
5652	2.789e-010
5653	2.8384e-010
5654	2.908e-010
5655	2.9943e-010
5656	2.9977e-010
5657	2.9166e-010
5658	2.8542e-010
5659	2.8153e-010
5660	2.7658e-010
5661	2.7031e-010
5662	2.6451e-010
5663	2.5779e-010
5664	2.5244e-010
5665	2.4723e-010
5666	2.4298e-010
5667	2.3797e-010
5668	2.3326e-010
5669	2.2869e-010
5670	2.2313e-010
5671	2.1812e-010
5672	2.1456e-010
5673	2.1198e-010
5674	2.0883e-010
5675	2.0608e-010
5676	2.0491e-010
5677	1.9963e-010
5678	1.9393e-010
5679	1.9539e-010
5680	1.9347e-010
5681	1.9242e-010
5682	1.8465e-010
5683	1.8404e-010
5684	1.8525e-010
5685	1.6732e-010
5686	1.6394e-010
5687	1.7727e-010
5688	1.6317e-010
5689	1.5905e-010
5690	1.7498e-010
5691	1.68e-010
5692	1.7476e-010
5693	1.4665e-010
5694	1.5359e-010
5695	1.3697e-010
5696	1.298e-010
5697	1.3698e-010
5698	1.2733e-010
5699	1.3415e-010
5700	1.2267e-010
5701	1.2482e-010
5702	1.1465e-010
5703	1.1431e-010
5704	1.1077e-010
5705	1.0757e-010
5706	1.249e-010
5707	1.244e-010
5708	1.2293e-010
5709	9.8951e-011
5710	1.0012e-010
5711	1.0317e-010
5712	1.0107e-010
5713	1.1974e-010
5714	1.0657e-010
5715	1.1726e-010
5716	2.7432e-010
5717	4.0705e-010
5718	3.0841e-010
5719	7.8047e-010
5720	5.5306e-010
5721	5.0562e-011
5722	5.4492e-011
5723	5.8158e-011
5724	5.9767e-011
5725	6.7615e-011
5726	6.4821e-011
5727	6.5745e-011
5728	6.8341e-011
5729	7.0486e-011
5730	7.0865e-011
5731	7.2411e-011
5732	7.4555e-011
5733	7.5963e-011
5734	7.9008e-011
5735	7.938e-011
5736	8.1355e-011
5737	8.3014e-011
5738	8.505e-011
5739	8.7165e-011
5740	8.8764e-011
5741	9.1514e-011
5742	9.2688e-011
5743	9.5783e-011
5744	9.7013e-011
5745	9.9889e-011
5746	1.0177e-010
5747	1.0367e-010
5748	1.0739e-010
5749	1.0811e-010
5750	1.129e-010
5751	1.1332e-010
5752	1.1619e-010
5753	1.2016e-010
5754	1.2096e-010
5755	1.2467e-010
5756	1.2814e-010
5757	1.2945e-010
5758	1.3289e-010
5759	1.3757e-010
5760	1.3897e-010
5761	1.4149e-010
5762	1.4562e-010
5763	1.4952e-010
5764	1.5249e-010
5765	1.5521e-010
5766	1.585e-010
5767	1.6257e-010
5768	1.6638e-010
5769	1.7021e-010
5770	1.7418e-010
5771	1.7792e-010
5772	1.8186e-010
5773	1.8593e-010
5774	1.9014e-010
5775	1.9428e-010
5776	1.9911e-010
5777	2.0392e-010
5778	2.0873e-010
5779	2.1318e-010
5780	2.1781e-010
5781	2.2125e-010
5782	2.2718e-010
5783	2.3456e-010
5784	2.4029e-010
5785	2.422e-010
5786	2.4264e-010
5787	2.4137e-010
5788	2.3677e-010
5789	2.2869e-010
5790	2.2219e-010
5791	2.1982e-010
5792	2.1626e-010
5793	2.1218e-010
5794	2.076e-010
5795	2.0235e-010
5796	1.972e-010
5797	1.9333e-010
5798	1.8929e-010
5799	1.8557e-010
5800	1.8251e-010
5801	1.799e-010
5802	1.7658e-010
5803	1.7413e-010
5804	1.6978e-010
5805	1.6144e-010
5806	1.617e-010
5807	1.6643e-010
5808	1.7046e-010
5809	1.6135e-010
5810	1.4511e-010
5811	1.5369e-010
5812	1.7112e-010
5813	1.4668e-010
5814	1.3743e-010
5815	1.4953e-010
5816	1.3683e-010
5817	1.2907e-010
5818	1.523e-010
5819	1.2341e-010
5820	1.305e-010
5821	1.6575e-010
5822	1.2626e-010
5823	1.3919e-010
5824	1.1443e-010
5825	1.0782e-010
5826	1.1197e-010
5827	1.0294e-010
5828	1.1256e-010
5829	1.0061e-010
5830	1.0714e-010
5831	9.5891e-011
5832	9.4782e-011
5833	9.0302e-011
5834	8.6891e-011
5835	8.6625e-011
5836	9.7431e-011
5837	1.1656e-010
5838	9.5218e-011
5839	8.332e-011
5840	7.4523e-011
5841	8.141e-011
5842	8.8326e-011
5843	8.1551e-011
5844	1.0085e-010
5845	1.0103e-010
5846	2.2566e-010
5847	4.3298e-010
5848	3.4925e-010
5849	6.4006e-010
5850	6.3332e-010
5851	5.0559e-011
5852	5.4501e-011
5853	5.8156e-011
5854	5.9765e-011
5855	6.7614e-011
5856	6.4829e-011
5857	6.5742e-011
5858	6.8341e-011
5859	7.0504e-011
5860	7.0862e-011
5861	7.2409e-011
5862	7.4585e-011
5863	7.5957e-011
5864	7.9029e-011
5865	7.9399e-011
5866	8.1351e-011
5867	8.3037e-011
5868	8.5047e-011
5869	8.7165e-011
5870	8.8764e-011
5871	9.1514e-011
5872	9.2688e-011
5873	9.5783e-011
5874	9.7013e-011
5875	9.9889e-011
5876	1.0177e-010
5877	1.0367e-010
5878	1.0738e-010
5879	1.081e-010
5880	1.1293e-010
5881	1.1331e-010
5882	1.1622e-010
5883	1.2015e-010
5884	1.2096e-010
5885	1.2467e-010
5886	1.2814e-010
5887	1.2945e-010
5888	1.3287e-010
5889	1.3758e-010
5890	1.3897e-010
5891	1.4149e-010
5892	1.4562e-010
5893	1.4954e-010
5894	1.5249e-010
5895	1.5521e-010
5896	1.585e-010
5897	1.6257e-010
5898	1.6638e-010
5899	1.7026e-010
5900	1.7416e-010
5901	1.7791e-010
5902	1.8186e-010
5903	1.8593e-010
5904	1.9014e-010
5905	1.9433e-010
5906	1.991e-010
5907	2.0391e-010
5908	2.0871e-010
5909	2.1317e-010
5910	2.1781e-010
5911	2.2125e-010
5912	2.2718e-010
5913	2.3456e-010
5914	2.4029e-010
5915	2.422e-010
5916	2.4264e-010
5917	2.4137e-010
5918	2.3676e-010
5919	2.2871e-010
5920	2.2217e-010
5921	2.1982e-010
5922	2.1625e-010
5923	2.1217e-010
5924	2.0759e-010
5925	2.0234e-010
5926	1.972e-010
5927	1.9333e-010
5928	1.8928e-010
5929	1.8555e-010
5930	1.8254e-010
5931	1.798e-010
5932	1.7657e-010
5933	1.7414e-010
5934	1.6977e-010
5935	1.6145e-010
5936	1.6167e-010
5937	1.6664e-010
5938	1.7031e-010
5939	1.6154e-010
5940	1.4507e-010
5941	1.5372e-010
5942	1.7108e-010
5943	1.4669e-010
5944	1.3744e-010
5945	1.4953e-010
5946	1.3682e-010
5947	1.2907e-010
5948	1.523e-010
5949	1.2343e-010
5950	1.3048e-010
5951	1.6575e-010
5952	1.2625e-010
5953	1.3919e-010
5954	1.1442e-010
5955	1.0782e-010
5956	1.1196e-010
5957	1.0293e-010
5958	1.1258e-010
5959	1.0062e-010
5960	1.0714e-010
5961	9.5919e-011
5962	9.4782e-011
5963	9.032e-011
5964	8.6881e-011
5965	8.6625e-011
5966	9.7423e-011
5967	1.1657e-010
5968	9.5211e-011
5969	8.333e-011
5970	7.4515e-011
5971	8.1408e-011
5972	8.8324e-011
5973	8.1549e-011
5974	1.0085e-010
5975	1.0103e-010
5976	2.2568e-010
5977	4.3296e-010
5978	3.4924e-010
5979	6.4005e-010
5980	6.3332e-010
5981	7.8573e-011
5982	8.1265e-011
5983	8.2869e-011
5984	7.95e-011
5985	7.6779e-011
5986	7.979e-011
5987	8.1528e-011
5988	8.3692e-011
5989	8.4764e-011
5990	8.7804e-011
5991	8.9359e-011
5992	9.08e-011
5993	9.408e-011
5994	9.4961e-011
5995	9.8278e-011
5996	9.9621e-011
5997	1.0208e-010
5998	1.0426e-010
5999	1.0637e-010
6000	1.0924e-010
6001	1.1104e-010
6002	1.1442e-010
6003	1.1611e-010
6004	1.196e-010
6005	1.2164e-010
6006	1.2455e-010
6007	1.2776e-010
6008	1.2954e-010
6009	1.3409e-010
6010	1.3535e-010
6011	1.3997e-010
6012	1.4265e-010
6013	1.4487e-010
6014	1.4951e-010
6015	1.5205e-010
6016	1.5514e-010
6017	1.5987e-010
6018	1.6294e-010
6019	1.6556e-010
6020	1.7026e-010
6021	1.7456e-010
6022	1.778e-010
6023	1.8119e-010
6024	1.8559e-010
6025	1.9029e-010
6026	1.9474e-010
6027	1.9874e-010
6028	2.0299e-010
6029	2.0766e-010
6030	2.123e-010
6031	2.1722e-010
6032	2.2223e-010
6033	2.2736e-010
6034	2.3255e-010
6035	2.3785e-010
6036	2.4307e-010
6037	2.4867e-010
6038	2.5406e-010
6039	2.6013e-010
6040	2.6639e-010
6041	2.7313e-010
6042	2.7892e-010
6043	2.8377e-010
6044	2.9082e-010
6045	2.9945e-010
6046	2.9972e-010
6047	2.9167e-010
6048	2.8544e-010
6049	2.816e-010
6050	2.766e-010
6051	2.7033e-010
6052	2.6447e-010
6053	2.5777e-010
6054	2.5243e-010
6055	2.4722e-010
6056	2.4299e-010
6057	2.3795e-010
6058	2.3326e-010
6059	2.2866e-010
6060	2.2308e-010
6061	2.1825e-010
6062	2.1451e-010
6063	2.1198e-010
6064	2.0886e-010
6065	2.0602e-010
6066	2.0516e-010
6067	1.994e-010
6068	1.9399e-010
6069	1.9512e-010
6070	1.9357e-010
6071	1.9239e-010
6072	1.8464e-010
6073	1.8403e-010
6074	1.8527e-010
6075	1.6731e-010
6076	1.6394e-010
6077	1.7728e-010
6078	1.6316e-010
6079	1.5905e-010
6080	1.7496e-010
6081	1.6797e-010
6082	1.7477e-010
6083	1.4662e-010
6084	1.536e-010
6085	1.3696e-010
6086	1.2982e-010
6087	1.3697e-010
6088	1.2732e-010
6089	1.3416e-010
6090	1.2268e-010
6091	1.2483e-010
6092	1.1467e-010
6093	1.1432e-010
6094	1.1078e-010
6095	1.0757e-010
6096	1.2491e-010
6097	1.2442e-010
6098	1.2292e-010
6099	9.8964e-011
6100	1.0012e-010
6101	1.0318e-010
6102	1.0109e-010
6103	1.197e-010
6104	1.0655e-010
6105	1.1727e-010
6106	2.743e-010
6107	4.0704e-010
6108	3.0841e-010
6109	7.8047e-010
6110	5.5309e-010
6111	5.0575e-011
6112	5.4487e-011
6113	5.8151e-011
6114	5.9718e-011
6115	6.758e-011
6116	6.4814e-011
6117	6.5764e-011
6118	6.8369e-011
6119	7.0519e-011
6120	7.0891e-011
6121	7.2422e-011
6122	7.4574e-011
6123	7.5957e-011
6124	7.904e-011
6125	7.9393e-011
6126	8.1369e-011
6127	8.3029e-011
6128	8.5094e-011
6129	8.7186e-011
6130	8.8773e-011
6131	9.1548e-011
6132	9.2691e-011
6133	9.5816e-011
6134	9.7015e-011
6135	9.9889e-011
6136	1.0175e-010
6137	1.0367e-010
6138	1.074e-010
6139	1.081e-010
6140	1.1292e-010
6141	1.1331e-010
6142	1.1616e-010
6143	1.2018e-010
6144	1.2096e-010
6145	1.2464e-010
6146	1.2817e-010
6147	1.2948e-010
6148	1.3291e-010
6149	1.3752e-010
6150	1.3897e-010
6151	1.4145e-010
6152	1.4558e-010
6153	1.4955e-010
6154	1.524e-010
6155	1.552e-010
6156	1.5849e-010
6157	1.6258e-010
6158	1.663e-010
6159	1.7023e-010
6160	1.7418e-010
6161	1.7788e-010
6162	1.8185e-010
6163	1.8593e-010
6164	1.9006e-010
6165	1.9429e-010
6166	1.9908e-010
6167	2.0394e-010
6168	2.0865e-010
6169	2.1317e-010
6170	2.1768e-010
6171	2.2135e-010
6172	2.2727e-010
6173	2.3458e-010
6174	2.4042e-010
6175	2.4214e-010
6176	2.4257e-010
6177	2.4157e-010
6178	2.3671e-010
6179	2.2882e-010
6180	2.2213e-010
6181	2.199e-010
6182	2.1623e-010
6183	2.1225e-010
6184	2.0759e-010
6185	2.0245e-010
6186	1.9731e-010
6187	1.9331e-010
6188	1.8935e-010
6189	1.8548e-010
6190	1.8273e-010
6191	1.7993e-010
6192	1.7673e-010
6193	1.7411e-010
6194	1.6978e-010
6195	1.6148e-010
6196	1.6164e-010
6197	1.667e-010
6198	1.7041e-010
6199	1.6161e-010
6200	1.4503e-010
6201	1.5374e-010
6202	1.711e-010
6203	1.4669e-010
6204	1.3747e-010
6205	1.496e-010
6206	1.3686e-010
6207	1.291e-010
6208	1.5232e-010
6209	1.2341e-010
6210	1.305e-010
6211	1.6575e-010
6212	1.2626e-010
6213	1.392e-010
6214	1.1444e-010
6215	1.0785e-010
6216	1.1195e-010
6217	1.0292e-010
6218	1.1258e-010
6219	1.0067e-010
6220	1.0717e-010
6221	9.5941e-011
6222	9.4792e-011
6223	9.0325e-011
6224	8.6881e-011
6225	8.6635e-011
6226	9.7401e-011
6227	1.1656e-010
6228	9.5221e-011
6229	8.3348e-011
6230	7.4572e-011
6231	8.1414e-011
6232	8.8305e-011
6233	8.1569e-011
6234	1.0083e-010
6235	1.0103e-010
6236	2.2568e-010
6237	4.33e-010
6238	3.4923e-010
6239	6.4006e-010
6240	6.3328e-010
6241	5.0604e-011
6242	5.4509e-011
6243	5.8185e-011
6244	5.9773e-011
6245	6.7652e-011
6246	6.4873e-011
6247	6.5812e-011
6248	6.8402e-011
6249	7.0533e-011
6250	7.0905e-011
6251	7.2444e-011
6252	7.4603e-011
6253	7.5968e-011
6254	7.9013e-011
6255	7.9392e-011
6256	8.1382e-011
6257	8.3022e-011
6258	8.5043e-011
6259	8.7145e-011
6260	8.8747e-011
6261	9.1498e-011
6262	9.2677e-011
6263	9.5767e-011
6264	9.6989e-011
6265	9.9857e-011
6266	1.0178e-010
6267	1.0375e-010
6268	1.075e-010
6269	1.0815e-010
6270	1.129e-010
6271	1.1326e-010
6272	1.1622e-010
6273	1.2017e-010
6274	1.2102e-010
6275	1.2465e-010
6276	1.2811e-010
6277	1.2946e-010
6278	1.3292e-010
6279	1.3753e-010
6280	1.3898e-010
6281	1.4154e-010
6282	1.4567e-010
6283	1.4958e-010
6284	1.5247e-010
6285	1.5506e-010
6286	1.584e-010
6287	1.6267e-010
6288	1.6644e-010
6289	1.7024e-010
6290	1.7421e-010
6291	1.7777e-010
6292	1.8183e-010
6293	1.8585e-010
6294	1.9006e-010
6295	1.9428e-010
6296	1.9907e-010
6297	2.0391e-010
6298	2.0851e-010
6299	2.1326e-010
6300	2.1776e-010
6301	2.2127e-010
6302	2.2732e-010
6303	2.3486e-010
6304	2.4055e-010
6305	2.4249e-010
6306	2.4294e-010
6307	2.4171e-010
6308	2.3702e-010
6309	2.2896e-010
6310	2.2237e-010
6311	2.1993e-010
6312	2.1639e-010
6313	2.1239e-010
6314	2.0791e-010
6315	2.0266e-010
6316	1.9758e-010
6317	1.9361e-010
6318	1.897e-010
6319	1.8577e-010
6320	1.825e-010
6321	1.8139e-010
6322	1.7644e-010
6323	1.7428e-010
6324	1.7003e-010
6325	1.6166e-010
6326	1.6174e-010
6327	1.6695e-010
6328	1.7068e-010
6329	1.6184e-010
6330	1.452e-010
6331	1.5399e-010
6332	1.7134e-010
6333	1.4692e-010
6334	1.3775e-010
6335	1.4979e-010
6336	1.3701e-010
6337	1.2928e-010
6338	1.5251e-010
6339	1.236e-010
6340	1.3065e-010
6341	1.6592e-010
6342	1.2635e-010
6343	1.393e-010
6344	1.1455e-010
6345	1.0795e-010
6346	1.1209e-010
6347	1.0299e-010
6348	1.1264e-010
6349	1.0068e-010
6350	1.0722e-010
6351	9.5971e-011
6352	9.483e-011
6353	9.0356e-011
6354	8.6888e-011
6355	8.6618e-011
6356	9.74e-011
6357	1.1656e-010
6358	9.5196e-011
6359	8.3367e-011
6360	7.4572e-011
6361	8.1487e-011
6362	8.837e-011
6363	8.162e-011
6364	1.0091e-010
6365	1.0105e-010
6366	2.2568e-010
6367	4.3296e-010
6368	3.4921e-010
6369	6.4006e-010
6370	6.333e-010
6371	7.8559e-011
6372	8.1273e-011
6373	8.2921e-011
6374	7.9551e-011
6375	7.6857e-011
6376	7.9947e-011
6377	8.1704e-011
6378	8.3858e-011
6379	8.4881e-011
6380	8.7928e-011
6381	8.9455e-011
6382	9.0862e-011
6383	9.4096e-011
6384	9.4912e-011
6385	9.8182e-011
6386	9.9598e-011
6387	1.0204e-010
6388	1.0428e-010
6389	1.0638e-010
6390	1.0923e-010
6391	1.1103e-010
6392	1.1441e-010
6393	1.1611e-010
6394	1.1946e-010
6395	1.2156e-010
6396	1.2459e-010
6397	1.2787e-010
6398	1.2959e-010
6399	1.341e-010
6400	1.3541e-010
6401	1.3994e-010
6402	1.4264e-010
6403	1.4489e-010
6404	1.4958e-010
6405	1.52e-010
6406	1.55e-010
6407	1.5986e-010
6408	1.6294e-010
6409	1.6558e-010
6410	1.7033e-010
6411	1.7467e-010
6412	1.7779e-010
6413	1.812e-010
6414	1.8549e-010
6415	1.9012e-010
6416	1.9454e-010
6417	1.9887e-010
6418	2.0318e-010
6419	2.0756e-010
6420	2.1222e-010
6421	2.17e-010
6422	2.2206e-010
6423	2.2725e-010
6424	2.3247e-010
6425	2.3774e-010
6426	2.4293e-010
6427	2.4831e-010
6428	2.5402e-010
6429	2.602e-010
6430	2.6649e-010
6431	2.7315e-010
6432	2.792e-010
6433	2.8418e-010
6434	2.9105e-010
6435	2.9981e-010
6436	3.002e-010
6437	2.9226e-010
6438	2.8588e-010
6439	2.8189e-010
6440	2.7687e-010
6441	2.7039e-010
6442	2.6467e-010
6443	2.5806e-010
6444	2.5296e-010
6445	2.4768e-010
6446	2.4349e-010
6447	2.3852e-010
6448	2.3375e-010
6449	2.2927e-010
6450	2.2406e-010
6451	2.1786e-010
6452	2.1537e-010
6453	2.1239e-010
6454	2.0914e-010
6455	2.0641e-010
6456	2.0527e-010
6457	1.9989e-010
6458	1.944e-010
6459	1.9562e-010
6460	1.9384e-010
6461	1.9274e-010
6462	1.8508e-010
6463	1.8446e-010
6464	1.8568e-010
6465	1.6757e-010
6466	1.6422e-010
6467	1.7756e-010
6468	1.6344e-010
6469	1.5937e-010
6470	1.7519e-010
6471	1.6828e-010
6472	1.7492e-010
6473	1.469e-010
6474	1.5384e-010
6475	1.3714e-010
6476	1.2996e-010
6477	1.3711e-010
6478	1.2743e-010
6479	1.3426e-010
6480	1.2281e-010
6481	1.2489e-010
6482	1.1475e-010
6483	1.1439e-010
6484	1.1079e-010
6485	1.0751e-010
6486	1.2492e-010
6487	1.2441e-010
6488	1.2294e-010
6489	9.9001e-011
6490	1.0018e-010
6491	1.0325e-010
6492	1.0115e-010
6493	1.1978e-010
6494	1.0664e-010
6495	1.1733e-010
6496	2.7431e-010
6497	4.0704e-010
6498	3.0838e-010
6499	7.8049e-010
6500	5.5313e-010
6501	5.0613e-011
6502	5.4508e-011
6503	5.8184e-011
6504	5.9772e-011
6505	6.7651e-011
6506	6.4872e-011
6507	6.5816e-011
6508	6.8408e-011
6509	7.0533e-011
6510	7.0905e-011
6511	7.2444e-011
6512	7.4603e-011
6513	7.5968e-011
6514	7.9013e-011
6515	7.9392e-011
6516	8.1382e-011
6517	8.3022e-011
6518	8.5042e-011
6519	8.7151e-011
6520	8.8745e-011
6521	9.1502e-011
6522	9.2677e-011
6523	9.5765e-011
6524	9.6986e-011
6525	9.9862e-011
6526	1.0178e-010
6527	1.0375e-010
6528	1.075e-010
6529	1.0815e-010
6530	1.129e-010
6531	1.1325e-010
6532	1.1622e-010
6533	1.2017e-010
6534	1.2102e-010
6535	1.2465e-010
6536	1.2811e-010
6537	1.2946e-010
6538	1.3292e-010
6539	1.3753e-010
6540	1.3898e-010
6541	1.4154e-010
6542	1.4567e-010
6543	1.4958e-010
6544	1.5247e-010
6545	1.5506e-010
6546	1.584e-010
6547	1.6266e-010
6548	1.6643e-010
6549	1.7023e-010
6550	1.742e-010
6551	1.7777e-010
6552	1.8183e-010
6553	1.8585e-010
6554	1.9006e-010
6555	1.9428e-010
6556	1.9907e-010
6557	2.0391e-010
6558	2.0851e-010
6559	2.1326e-010
6560	2.1775e-010
6561	2.2126e-010
6562	2.2731e-010
6563	2.3485e-010
6564	2.4055e-010
6565	2.4249e-010
6566	2.4295e-010
6567	2.417e-010
6568	2.3702e-010
6569	2.2895e-010
6570	2.2237e-010
6571	2.1991e-010
6572	2.1638e-010
6573	2.1239e-010
6574	2.0791e-010
6575	2.0266e-010
6576	1.9757e-010
6577	1.9361e-010
6578	1.8965e-010
6579	1.8581e-010
6580	1.828e-010
6581	1.8095e-010
6582	1.7676e-010
6583	1.7434e-010
6584	1.7005e-010
6585	1.616e-010
6586	1.6184e-010
6587	1.6676e-010
6588	1.7068e-010
6589	1.6176e-010
6590	1.4529e-010
6591	1.5396e-010
6592	1.7139e-010
6593	1.4691e-010
6594	1.377e-010
6595	1.498e-010
6596	1.3701e-010
6597	1.2927e-010
6598	1.5251e-010
6599	1.236e-010
6600	1.3065e-010
6601	1.6592e-010
6602	1.2635e-010
6603	1.393e-010
6604	1.1455e-010
6605	1.0795e-010
6606	1.1209e-010
6607	1.0298e-010
6608	1.1264e-010
6609	1.0068e-010
6610	1.0722e-010
6611	9.5971e-011
6612	9.483e-011
6613	9.0356e-011
6614	8.6887e-011
6615	8.6617e-011
6616	9.7399e-011
6617	1.1656e-010
6618	9.5195e-011
6619	8.3367e-011
6620	7.4571e-011
6621	8.1486e-011
6622	8.837e-011
6623	8.1619e-011
6624	1.009e-010
6625	1.0105e-010
6626	2.2568e-010
6627	4.3295e-010
6628	3.4923e-010
6629	6.4007e-010
6630	6.3329e-010
6631	5.0574e-011
6632	5.4496e-011
6633	5.8149e-011
6634	5.9717e-011
6635	6.7579e-011
6636	6.4813e-011
6637	6.5763e-011
6638	6.8368e-011
6639	7.0516e-011
6640	7.0886e-011
6641	7.2421e-011
6642	7.4574e-011
6643	7.5952e-011
6644	7.9047e-011
6645	7.9412e-011
6646	8.1358e-011
6647	8.302e-011
6648	8.509e-011
6649	8.7182e-011
6650	8.8771e-011
6651	9.1547e-011
6652	9.2715e-011
6653	9.5808e-011
6654	9.7009e-011
6655	9.988e-011
6656	1.0174e-010
6657	1.0367e-010
6658	1.0742e-010
6659	1.081e-010
6660	1.1294e-010
6661	1.133e-010
6662	1.1615e-010
6663	1.2017e-010
6664	1.2096e-010
6665	1.2464e-010
6666	1.2817e-010
6667	1.2946e-010
6668	1.3289e-010
6669	1.3749e-010
6670	1.3894e-010
6671	1.4147e-010
6672	1.4559e-010
6673	1.4955e-010
6674	1.5243e-010
6675	1.5522e-010
6676	1.5849e-010
6677	1.6257e-010
6678	1.6629e-010
6679	1.7021e-010
6680	1.7417e-010
6681	1.7787e-010
6682	1.8184e-010
6683	1.8592e-010
6684	1.9004e-010
6685	1.9435e-010
6686	1.9908e-010
6687	2.0394e-010
6688	2.0865e-010
6689	2.1317e-010
6690	2.1768e-010
6691	2.2134e-010
6692	2.2727e-010
6693	2.3457e-010
6694	2.404e-010
6695	2.4213e-010
6696	2.4255e-010
6697	2.4157e-010
6698	2.3676e-010
6699	2.2879e-010
6700	2.2212e-010
6701	2.1989e-010
6702	2.1622e-010
6703	2.1225e-010
6704	2.0759e-010
6705	2.0245e-010
6706	1.9734e-010
6707	1.934e-010
6708	1.8936e-010
6709	1.8545e-010
6710	1.8303e-010
6711	1.7973e-010
6712	1.7705e-010
6713	1.7412e-010
6714	1.6981e-010
6715	1.6148e-010
6716	1.6167e-010
6717	1.6664e-010
6718	1.7068e-010
6719	1.6161e-010
6720	1.4509e-010
6721	1.5375e-010
6722	1.7126e-010
6723	1.4673e-010
6724	1.3747e-010
6725	1.4961e-010
6726	1.3685e-010
6727	1.2909e-010
6728	1.5231e-010
6729	1.234e-010
6730	1.3049e-010
6731	1.6575e-010
6732	1.2626e-010
6733	1.392e-010
6734	1.1444e-010
6735	1.0784e-010
6736	1.1198e-010
6737	1.0292e-010
6738	1.1258e-010
6739	1.0067e-010
6740	1.0717e-010
6741	9.5938e-011
6742	9.4788e-011
6743	9.0323e-011
6744	8.6894e-011
6745	8.6644e-011
6746	9.7391e-011
6747	1.1656e-010
6748	9.5213e-011
6749	8.3348e-011
6750	7.4569e-011
6751	8.1408e-011
6752	8.8303e-011
6753	8.1573e-011
6754	1.0083e-010
6755	1.0103e-010
6756	2.2567e-010
6757	4.3299e-010
6758	3.4925e-010
6759	6.4005e-010
6760	6.3327e-010
6761	7.8576e-011
6762	8.1275e-011
6763	8.2878e-011
6764	7.9502e-011
6765	7.6782e-011
6766	7.9793e-011
6767	8.1532e-011
6768	8.3699e-011
6769	8.4771e-011
6770	8.78e-011
6771	8.9343e-011
6772	9.0805e-011
6773	9.4089e-011
6774	9.4968e-011
6775	9.8289e-011
6776	9.962e-011
6777	1.0207e-010
6778	1.0426e-010
6779	1.0637e-010
6780	1.0924e-010
6781	1.1104e-010
6782	1.1441e-010
6783	1.1613e-010
6784	1.1961e-010
6785	1.2161e-010
6786	1.2455e-010
6787	1.2776e-010
6788	1.2956e-010
6789	1.341e-010
6790	1.3535e-010
6791	1.3999e-010
6792	1.4266e-010
6793	1.4487e-010
6794	1.495e-010
6795	1.5204e-010
6796	1.5513e-010
6797	1.5986e-010
6798	1.6293e-010
6799	1.6558e-010
6800	1.7025e-010
6801	1.7454e-010
6802	1.7779e-010
6803	1.8119e-010
6804	1.856e-010
6805	1.9031e-010
6806	1.9475e-010
6807	1.9875e-010
6808	2.0298e-010
6809	2.0761e-010
6810	2.1232e-010
6811	2.1723e-010
6812	2.2224e-010
6813	2.2735e-010
6814	2.3253e-010
6815	2.3786e-010
6816	2.4308e-010
6817	2.4867e-010
6818	2.5406e-010
6819	2.6013e-010
6820	2.664e-010
6821	2.7315e-010
6822	2.7893e-010
6823	2.8375e-010
6824	2.9078e-010
6825	2.9947e-010
6826	2.9972e-010
6827	2.9166e-010
6828	2.8547e-010
6829	2.8163e-010
6830	2.7661e-010
6831	2.7032e-010
6832	2.645e-010
6833	2.5777e-010
6834	2.5245e-010
6835	2.472e-010
6836	2.4304e-010
6837	2.3794e-010
6838	2.3328e-010
6839	2.2868e-010
6840	2.2339e-010
6841	2.1776e-010
6842	2.1491e-010
6843	2.1203e-010
6844	2.0874e-010
6845	2.0607e-010
6846	2.0495e-010
6847	1.9962e-010
6848	1.9408e-010
6849	1.9544e-010
6850	1.934e-010
6851	1.9239e-010
6852	1.8481e-010
6853	1.8408e-010
6854	1.8526e-010
6855	1.6727e-010
6856	1.6392e-010
6857	1.7729e-010
6858	1.6313e-010
6859	1.5905e-010
6860	1.7496e-010
6861	1.6798e-010
6862	1.7477e-010
6863	1.4663e-010
6864	1.536e-010
6865	1.3696e-010
6866	1.2983e-010
6867	1.3697e-010
6868	1.2732e-010
6869	1.3416e-010
6870	1.2268e-010
6871	1.2483e-010
6872	1.1468e-010
6873	1.1434e-010
6874	1.1078e-010
6875	1.0757e-010
6876	1.2489e-010
6877	1.2443e-010
6878	1.2291e-010
6879	9.8969e-011
6880	1.0012e-010
6881	1.0317e-010
6882	1.011e-010
6883	1.197e-010
6884	1.0655e-010
6885	1.1724e-010
6886	2.7431e-010
6887	4.0705e-010
6888	3.0841e-010
6889	7.8047e-010
6890	5.5311e-010
6891	5.0558e-011
6892	5.4496e-011
6893	5.8181e-011
6894	5.9762e-011
6895	6.7609e-011
6896	6.4828e-011
6897	6.5753e-011
6898	6.8342e-011
6899	7.0513e-011
6900	7.0855e-011
6901	7.2404e-011
6902	7.46e-011
6903	7.5953e-011
6904	7.9029e-011
6905	7.9409e-011
6906	8.1386e-011
6907	8.3032e-011
6908	8.5044e-011
6909	8.7159e-011
6910	8.8765e-011
6911	9.152e-011
6912	9.268e-011
6913	9.577e-011
6914	9.7058e-011
6915	9.988e-011
6916	1.0177e-010
6917	1.0366e-010
6918	1.0741e-010
6919	1.081e-010
6920	1.1292e-010
6921	1.133e-010
6922	1.1623e-010
6923	1.2015e-010
6924	1.2096e-010
6925	1.2467e-010
6926	1.2815e-010
6927	1.2942e-010
6928	1.3288e-010
6929	1.3759e-010
6930	1.3896e-010
6931	1.4149e-010
6932	1.4562e-010
6933	1.4954e-010
6934	1.5248e-010
6935	1.5523e-010
6936	1.5856e-010
6937	1.6257e-010
6938	1.6637e-010
6939	1.7025e-010
6940	1.7419e-010
6941	1.7795e-010
6942	1.8184e-010
6943	1.8591e-010
6944	1.9012e-010
6945	1.9436e-010
6946	1.9908e-010
6947	2.039e-010
6948	2.0871e-010
6949	2.1318e-010
6950	2.178e-010
6951	2.2131e-010
6952	2.2716e-010
6953	2.3456e-010
6954	2.4034e-010
6955	2.4217e-010
6956	2.4259e-010
6957	2.4138e-010
6958	2.3674e-010
6959	2.287e-010
6960	2.2217e-010
6961	2.1979e-010
6962	2.1622e-010
6963	2.1217e-010
6964	2.0758e-010
6965	2.0234e-010
6966	1.9718e-010
6967	1.9335e-010
6968	1.8927e-010
6969	1.8558e-010
6970	1.8256e-010
6971	1.8011e-010
6972	1.7658e-010
6973	1.7415e-010
6974	1.698e-010
6975	1.614e-010
6976	1.6158e-010
6977	1.6656e-010
6978	1.7052e-010
6979	1.6155e-010
6980	1.4505e-010
6981	1.5368e-010
6982	1.7121e-010
6983	1.4667e-010
6984	1.3746e-010
6985	1.4955e-010
6986	1.3682e-010
6987	1.2905e-010
6988	1.5229e-010
6989	1.2342e-010
6990	1.3048e-010
6991	1.6575e-010
6992	1.2625e-010
6993	1.3918e-010
6994	1.1442e-010
6995	1.0781e-010
6996	1.1196e-010
6997	1.0293e-010
6998	1.1258e-010
6999	1.0062e-010
7000	1.0713e-010
7001	9.5919e-011
7002	9.4799e-011
7003	9.0327e-011
7004	8.6869e-011
7005	8.6616e-011
7006	9.7421e-011
7007	1.1657e-010
7008	9.5204e-011
7009	8.3326e-011
7010	7.453e-011
7011	8.1399e-011
7012	8.8333e-011
7013	8.1543e-011
7014	1.0084e-010
7015	1.0103e-010
7016	2.2569e-010
7017	4.3295e-010
7018	3.4923e-010
7019	6.4005e-010
7020	6.3329e-010
7021	5.0558e-011
7022	5.4498e-011
7023	5.8167e-011
7024	5.9765e-011
7025	6.7611e-011
7026	6.483e-011
7027	6.5756e-011
7028	6.8332e-011
7029	7.0515e-011
7030	7.0855e-011
7031	7.2404e-011
7032	7.4589e-011
7033	7.5957e-011
7034	7.9029e-011
7035	7.9409e-011
7036	8.1363e-011
7037	8.3035e-011
7038	8.5047e-011
7039	8.7162e-011
7040	8.8765e-011
7041	9.152e-011
7042	9.2684e-011
7043	9.5779e-011
7044	9.7017e-011
7045	9.9884e-011
7046	1.0177e-010
7047	1.0366e-010
7048	1.0739e-010
7049	1.0811e-010
7050	1.1293e-010
7051	1.133e-010
7052	1.1624e-010
7053	1.2015e-010
7054	1.2096e-010
7055	1.2467e-010
7056	1.2815e-010
7057	1.2942e-010
7058	1.3288e-010
7059	1.3759e-010
7060	1.3896e-010
7061	1.415e-010
7062	1.4562e-010
7063	1.4954e-010
7064	1.5249e-010
7065	1.5521e-010
7066	1.5856e-010
7067	1.6257e-010
7068	1.6638e-010
7069	1.7026e-010
7070	1.7416e-010
7071	1.7796e-010
7072	1.8184e-010
7073	1.8591e-010
7074	1.9012e-010
7075	1.9436e-010
7076	1.9909e-010
7077	2.0391e-010
7078	2.0871e-010
7079	2.1318e-010
7080	2.178e-010
7081	2.2131e-010
7082	2.2716e-010
7083	2.3456e-010
7084	2.4034e-010
7085	2.4219e-010
7086	2.4261e-010
7087	2.4135e-010
7088	2.3674e-010
7089	2.287e-010
7090	2.2217e-010
7091	2.1979e-010
7092	2.1622e-010
7093	2.1217e-010
7094	2.0758e-010
7095	2.0231e-010
7096	1.9719e-010
7097	1.9332e-010
7098	1.8929e-010
7099	1.8549e-010
7100	1.823e-010
7101	1.808e-010
7102	1.7633e-010
7103	1.741e-010
7104	1.6977e-010
7105	1.6141e-010
7106	1.6161e-010
7107	1.6657e-010
7108	1.7055e-010
7109	1.6156e-010
7110	1.4507e-010
7111	1.5366e-010
7112	1.7117e-010
7113	1.4668e-010
7114	1.3747e-010
7115	1.4955e-010
7116	1.3681e-010
7117	1.2905e-010
7118	1.5229e-010
7119	1.2342e-010
7120	1.3048e-010
7121	1.6575e-010
7122	1.2625e-010
7123	1.3919e-010
7124	1.1442e-010
7125	1.0782e-010
7126	1.1196e-010
7127	1.0293e-010
7128	1.1258e-010
7129	1.0062e-010
7130	1.0713e-010
7131	9.5919e-011
7132	9.4778e-011
7133	9.0335e-011
7134	8.6881e-011
7135	8.6624e-011
7136	9.7421e-011
7137	1.1657e-010
7138	9.5211e-011
7139	8.333e-011
7140	7.4533e-011
7141	8.1399e-011
7142	8.8333e-011
7143	8.1543e-011
7144	1.0084e-010
7145	1.0103e-010
7146	2.257e-010
7147	4.3295e-010
7148	3.4923e-010
7149	6.4005e-010
7150	6.3329e-010
7151	7.8576e-011
7152	8.1271e-011
7153	8.2873e-011
7154	7.95e-011
7155	7.6781e-011
7156	7.9792e-011
7157	8.1531e-011
7158	8.3695e-011
7159	8.4767e-011
7160	8.7807e-011
7161	8.936e-011
7162	9.08e-011
7163	9.408e-011
7164	9.4964e-011
7165	9.8288e-011
7166	9.961e-011
7167	1.0206e-010
7168	1.0426e-010
7169	1.0637e-010
7170	1.0924e-010
7171	1.1104e-010
7172	1.1442e-010
7173	1.1612e-010
7174	1.196e-010
7175	1.2164e-010
7176	1.2455e-010
7177	1.2776e-010
7178	1.2955e-010
7179	1.3409e-010
7180	1.3535e-010
7181	1.3998e-010
7182	1.4265e-010
7183	1.4486e-010
7184	1.495e-010
7185	1.5204e-010
7186	1.5513e-010
7187	1.5986e-010
7188	1.6293e-010
7189	1.6558e-010
7190	1.7028e-010
7191	1.7454e-010
7192	1.7779e-010
7193	1.8121e-010
7194	1.856e-010
7195	1.9029e-010
7196	1.9475e-010
7197	1.9874e-010
7198	2.0299e-010
7199	2.0766e-010
7200	2.123e-010
7201	2.1722e-010
7202	2.2224e-010
7203	2.2735e-010
7204	2.3253e-010
7205	2.3786e-010
7206	2.4307e-010
7207	2.4867e-010
7208	2.5406e-010
7209	2.6013e-010
7210	2.6639e-010
7211	2.7314e-010
7212	2.7893e-010
7213	2.8375e-010
7214	2.9083e-010
7215	2.9945e-010
7216	2.997e-010
7217	2.9169e-010
7218	2.8545e-010
7219	2.816e-010
7220	2.766e-010
7221	2.7031e-010
7222	2.6449e-010
7223	2.5777e-010
7224	2.5244e-010
7225	2.4719e-010
7226	2.4303e-010
7227	2.3794e-010
7228	2.3326e-010
7229	2.2883e-010
7230	2.2316e-010
7231	2.1829e-010
7232	2.1463e-010
7233	2.1216e-010
7234	2.0877e-010
7235	2.0606e-010
7236	2.0494e-010
7237	1.9962e-010
7238	1.9414e-010
7239	1.9537e-010
7240	1.9342e-010
7241	1.9238e-010
7242	1.848e-010
7243	1.8405e-010
7244	1.8527e-010
7245	1.6725e-010
7246	1.6393e-010
7247	1.7729e-010
7248	1.6317e-010
7249	1.5905e-010
7250	1.7496e-010
7251	1.6801e-010
7252	1.7476e-010
7253	1.4662e-010
7254	1.536e-010
7255	1.3696e-010
7256	1.2982e-010
7257	1.3697e-010
7258	1.2731e-010
7259	1.3416e-010
7260	1.2268e-010
7261	1.2483e-010
7262	1.1467e-010
7263	1.1433e-010
7264	1.1078e-010
7265	1.0757e-010
7266	1.2489e-010
7267	1.2442e-010
7268	1.2292e-010
7269	9.8963e-011
7270	1.0012e-010
7271	1.0319e-010
7272	1.011e-010
7273	1.197e-010
7274	1.0655e-010
7275	1.1727e-010
7276	2.743e-010
7277	4.0704e-010
7278	3.0841e-010
7279	7.8047e-010
7280	5.5309e-010
7281	5.0574e-011
7282	5.4485e-011
7283	5.8151e-011
7284	5.9718e-011
7285	6.7579e-011
7286	6.4814e-011
7287	6.5764e-011
7288	6.837e-011
7289	7.0519e-011
7290	7.0892e-011
7291	7.2422e-011
7292	7.4574e-011
7293	7.5957e-011
7294	7.9037e-011
7295	7.9416e-011
7296	8.1369e-011
7297	8.3029e-011
7298	8.5094e-011
7299	8.7186e-011
7300	8.8773e-011
7301	9.1549e-011
7302	9.2692e-011
7303	9.5816e-011
7304	9.7016e-011
7305	9.9884e-011
7306	1.0175e-010
7307	1.0367e-010
7308	1.074e-010
7309	1.081e-010
7310	1.1292e-010
7311	1.1331e-010
7312	1.1616e-010
7313	1.2019e-010
7314	1.2094e-010
7315	1.2464e-010
7316	1.2817e-010
7317	1.2947e-010
7318	1.3288e-010
7319	1.3749e-010
7320	1.3894e-010
7321	1.4147e-010
7322	1.456e-010
7323	1.4956e-010
7324	1.5241e-010
7325	1.552e-010
7326	1.5849e-010
7327	1.6258e-010
7328	1.663e-010
7329	1.7023e-010
7330	1.7418e-010
7331	1.7788e-010
7332	1.8185e-010
7333	1.8592e-010
7334	1.9005e-010
7335	1.9429e-010
7336	1.9908e-010
7337	2.0394e-010
7338	2.0865e-010
7339	2.1318e-010
7340	2.1768e-010
7341	2.2135e-010
7342	2.2727e-010
7343	2.3457e-010
7344	2.4041e-010
7345	2.4214e-010
7346	2.4258e-010
7347	2.4157e-010
7348	2.3671e-010
7349	2.2882e-010
7350	2.2213e-010
7351	2.199e-010
7352	2.1623e-010
7353	2.1225e-010
7354	2.0759e-010
7355	2.0245e-010
7356	1.9729e-010
7357	1.9333e-010
7358	1.894e-010
7359	1.8553e-010
7360	1.8227e-010
7361	1.8088e-010
7362	1.763e-010
7363	1.7414e-010
7364	1.6986e-010
7365	1.6143e-010
7366	1.6167e-010
7367	1.6668e-010
7368	1.7058e-010
7369	1.6165e-010
7370	1.4516e-010
7371	1.5368e-010
7372	1.7122e-010
7373	1.4667e-010
7374	1.3749e-010
7375	1.4957e-010
7376	1.3685e-010
7377	1.2909e-010
7378	1.5231e-010
7379	1.234e-010
7380	1.305e-010
7381	1.6575e-010
7382	1.2627e-010
7383	1.3921e-010
7384	1.1444e-010
7385	1.0785e-010
7386	1.1195e-010
7387	1.0292e-010
7388	1.1258e-010
7389	1.0067e-010
7390	1.0717e-010
7391	9.5943e-011
7392	9.4791e-011
7393	9.0326e-011
7394	8.6881e-011
7395	8.6633e-011
7396	9.7398e-011
7397	1.1656e-010
7398	9.5221e-011
7399	8.3348e-011
7400	7.4572e-011
7401	8.1414e-011
7402	8.8304e-011
7403	8.1569e-011
7404	1.0083e-010
7405	1.0102e-010
7406	2.2568e-010
7407	4.33e-010
7408	3.4923e-010
7409	6.4006e-010
7410	6.333e-010
7411	5.0594e-011
7412	5.4512e-011
7413	5.8186e-011
7414	5.9774e-011
7415	6.7652e-011
7416	6.4873e-011
7417	6.5812e-011
7418	6.8402e-011
7419	7.0534e-011
7420	7.0909e-011
7421	7.2447e-011
7422	7.4604e-011
7423	7.5975e-011
7424	7.9007e-011
7425	7.9408e-011
7426	8.1384e-011
7427	8.3022e-011
7428	8.5045e-011
7429	8.7151e-011
7430	8.8753e-011
7431	9.1476e-011
7432	9.2682e-011
7433	9.5774e-011
7434	9.6966e-011
7435	9.9862e-011
7436	1.0178e-010
7437	1.0376e-010
7438	1.075e-010
7439	1.0815e-010
7440	1.129e-010
7441	1.1326e-010
7442	1.1622e-010
7443	1.2017e-010
7444	1.2102e-010
7445	1.2465e-010
7446	1.2812e-010
7447	1.2942e-010
7448	1.3294e-010
7449	1.3751e-010
7450	1.3899e-010
7451	1.4155e-010
7452	1.4568e-010
7453	1.4956e-010
7454	1.5247e-010
7455	1.5507e-010
7456	1.584e-010
7457	1.6268e-010
7458	1.6644e-010
7459	1.7023e-010
7460	1.7421e-010
7461	1.7778e-010
7462	1.8181e-010
7463	1.8583e-010
7464	1.9007e-010
7465	1.9429e-010
7466	1.9904e-010
7467	2.0394e-010
7468	2.0854e-010
7469	2.1329e-010
7470	2.1772e-010
7471	2.2129e-010
7472	2.2722e-010
7473	2.3486e-010
7474	2.4056e-010
7475	2.4237e-010
7476	2.4298e-010
7477	2.4174e-010
7478	2.37e-010
7479	2.2896e-010
7480	2.2237e-010
7481	2.1993e-010
7482	2.164e-010
7483	2.1241e-010
7484	2.0792e-010
7485	2.0262e-010
7486	1.9758e-010
7487	1.9362e-010
7488	1.897e-010
7489	1.8579e-010
7490	1.8291e-010
7491	1.8001e-010
7492	1.7686e-010
7493	1.7439e-010
7494	1.7002e-010
7495	1.6159e-010
7496	1.6181e-010
7497	1.6686e-010
7498	1.7062e-010
7499	1.6178e-010
7500	1.4532e-010
7501	1.5391e-010
7502	1.7149e-010
7503	1.4689e-010
7504	1.3771e-010
7505	1.4979e-010
7506	1.3702e-010
7507	1.2923e-010
7508	1.5252e-010
7509	1.2361e-010
7510	1.3061e-010
7511	1.6594e-010
7512	1.2637e-010
7513	1.3931e-010
7514	1.1453e-010
7515	1.0793e-010
7516	1.1209e-010
7517	1.0299e-010
7518	1.1262e-010
7519	1.007e-010
7520	1.0722e-010
7521	9.5989e-011
7522	9.4842e-011
7523	9.0353e-011
7524	8.6888e-011
7525	8.6618e-011
7526	9.7408e-011
7527	1.1657e-010
7528	9.52e-011
7529	8.3367e-011
7530	7.4575e-011
7531	8.1495e-011
7532	8.8373e-011
7533	8.1626e-011
7534	1.0088e-010
7535	1.0106e-010
7536	2.2567e-010
7537	4.3298e-010
7538	3.4921e-010
7539	6.4007e-010
7540	6.333e-010
7541	7.8576e-011
7542	8.1262e-011
7543	8.2916e-011
7544	7.9544e-011
7545	7.6856e-011
7546	7.9945e-011
7547	8.1711e-011
7548	8.3856e-011
7549	8.4881e-011
7550	8.7926e-011
7551	8.9453e-011
7552	9.0857e-011
7553	9.4082e-011
7554	9.4908e-011
7555	9.8199e-011
7556	9.9593e-011
7557	1.0204e-010
7558	1.0429e-010
7559	1.0637e-010
7560	1.0921e-010
7561	1.1101e-010
7562	1.1441e-010
7563	1.161e-010
7564	1.1947e-010
7565	1.2155e-010
7566	1.2459e-010
7567	1.2791e-010
7568	1.2959e-010
7569	1.341e-010
7570	1.3543e-010
7571	1.3993e-010
7572	1.4264e-010
7573	1.4488e-010
7574	1.4958e-010
7575	1.52e-010
7576	1.5505e-010
7577	1.5982e-010
7578	1.6296e-010
7579	1.6556e-010
7580	1.7031e-010
7581	1.7466e-010
7582	1.7777e-010
7583	1.8124e-010
7584	1.8546e-010
7585	1.901e-010
7586	1.9453e-010
7587	1.9884e-010
7588	2.0315e-010
7589	2.0756e-010
7590	2.1221e-010
7591	2.1698e-010
7592	2.2212e-010
7593	2.2721e-010
7594	2.3246e-010
7595	2.3771e-010
7596	2.4293e-010
7597	2.4835e-010
7598	2.5406e-010
7599	2.6024e-010
7600	2.6645e-010
7601	2.7317e-010
7602	2.7916e-010
7603	2.8417e-010
7604	2.9104e-010
7605	2.9978e-010
7606	3.0026e-010
7607	2.9221e-010
7608	2.8592e-010
7609	2.8187e-010
7610	2.7685e-010
7611	2.704e-010
7612	2.6468e-010
7613	2.5803e-010
7614	2.5294e-010
7615	2.4766e-010
7616	2.4348e-010
7617	2.3849e-010
7618	2.3377e-010
7619	2.2919e-010
7620	2.2329e-010
7621	2.187e-010
7622	2.1459e-010
7623	2.123e-010
7624	2.0921e-010
7625	2.0635e-010
7626	2.0523e-010
7627	1.9998e-010
7628	1.9436e-010
7629	1.9578e-010
7630	1.9377e-010
7631	1.9274e-010
7632	1.8519e-010
7633	1.8447e-010
7634	1.8561e-010
7635	1.6761e-010
7636	1.6422e-010
7637	1.7755e-010
7638	1.634e-010
7639	1.5935e-010
7640	1.7527e-010
7641	1.6823e-010
7642	1.7497e-010
7643	1.4685e-010
7644	1.5383e-010
7645	1.3713e-010
7646	1.2994e-010
7647	1.371e-010
7648	1.2739e-010
7649	1.3427e-010
7650	1.2277e-010
7651	1.2492e-010
7652	1.1473e-010
7653	1.1438e-010
7654	1.1079e-010
7655	1.0751e-010
7656	1.2491e-010
7657	1.2439e-010
7658	1.2294e-010
7659	9.9001e-011
7660	1.0018e-010
7661	1.0324e-010
7662	1.0118e-010
7663	1.1977e-010
7664	1.0662e-010
7665	1.1732e-010
7666	2.7433e-010
7667	4.0703e-010
7668	3.0842e-010
7669	7.8048e-010
7670	5.5313e-010
7671	5.0584e-011
7672	5.4513e-011
7673	5.8188e-011
7674	5.9779e-011
7675	6.7628e-011
7676	6.4876e-011
7677	6.5816e-011
7678	6.8405e-011
7679	7.0534e-011
7680	7.091e-011
7681	7.2447e-011
7682	7.4604e-011
7683	7.5981e-011
7684	7.8986e-011
7685	7.9404e-011
7686	8.138e-011
7687	8.3022e-011
7688	8.5048e-011
7689	8.7155e-011
7690	8.8757e-011
7691	9.1478e-011
7692	9.2682e-011
7693	9.5776e-011
7694	9.6966e-011
7695	9.9867e-011
7696	1.0179e-010
7697	1.0373e-010
7698	1.075e-010
7699	1.0812e-010
7700	1.129e-010
7701	1.1326e-010
7702	1.1622e-010
7703	1.2017e-010
7704	1.2102e-010
7705	1.2464e-010
7706	1.2812e-010
7707	1.2942e-010
7708	1.3294e-010
7709	1.3751e-010
7710	1.3898e-010
7711	1.4155e-010
7712	1.4568e-010
7713	1.4956e-010
7714	1.5247e-010
7715	1.5507e-010
7716	1.584e-010
7717	1.6268e-010
7718	1.6645e-010
7719	1.7024e-010
7720	1.7418e-010
7721	1.7777e-010
7722	1.818e-010
7723	1.8584e-010
7724	1.9003e-010
7725	1.943e-010
7726	1.9905e-010
7727	2.0393e-010
7728	2.0853e-010
7729	2.1328e-010
7730	2.1772e-010
7731	2.2129e-010
7732	2.2723e-010
7733	2.3487e-010
7734	2.4056e-010
7735	2.4237e-010
7736	2.43e-010
7737	2.4176e-010
7738	2.37e-010
7739	2.2897e-010
7740	2.2233e-010
7741	2.1995e-010
7742	2.1641e-010
7743	2.1242e-010
7744	2.0792e-010
7745	2.0263e-010
7746	1.9754e-010
7747	1.9362e-010
7748	1.8969e-010
7749	1.8574e-010
7750	1.8289e-010
7751	1.8005e-010
7752	1.7677e-010
7753	1.7429e-010
7754	1.7006e-010
7755	1.6162e-010
7756	1.6182e-010
7757	1.6689e-010
7758	1.7059e-010
7759	1.6185e-010
7760	1.4524e-010
7761	1.5395e-010
7762	1.7144e-010
7763	1.4691e-010
7764	1.3772e-010
7765	1.4979e-010
7766	1.3699e-010
7767	1.2925e-010
7768	1.5249e-010
7769	1.2362e-010
7770	1.3062e-010
7771	1.6594e-010
7772	1.2637e-010
7773	1.393e-010
7774	1.1453e-010
7775	1.0793e-010
7776	1.1209e-010
7777	1.0299e-010
7778	1.1262e-010
7779	1.007e-010
7780	1.0721e-010
7781	9.5982e-011
7782	9.484e-011
7783	9.0354e-011
7784	8.6888e-011
7785	8.6603e-011
7786	9.7415e-011
7787	1.1656e-010
7788	9.5204e-011
7789	8.3367e-011
7790	7.4575e-011
7791	8.1487e-011
7792	8.8372e-011
7793	8.1627e-011
7794	1.0088e-010
7795	1.0106e-010
7796	2.2567e-010
7797	4.3295e-010
7798	3.492e-010
7799	6.4007e-010
7800	6.3333e-010
7801	5.0583e-011
7802	5.4475e-011
7803	5.8159e-011
7804	5.9711e-011
7805	6.7587e-011
7806	6.4824e-011
7807	6.575e-011
7808	6.8379e-011
7809	7.0506e-011
7810	7.0873e-011
7811	7.2409e-011
7812	7.4584e-011
7813	7.5962e-011
7814	7.9031e-011
7815	7.9415e-011
7816	8.1384e-011
7817	8.3031e-011
7818	8.5084e-011
7819	8.7166e-011
7820	8.876e-011
7821	9.1511e-011
7822	9.2702e-011
7823	9.5829e-011
7824	9.7027e-011
7825	9.9897e-011
7826	1.0175e-010
7827	1.0367e-010
7828	1.0741e-010
7829	1.0809e-010
7830	1.1293e-010
7831	1.1332e-010
7832	1.1618e-010
7833	1.2017e-010
7834	1.2094e-010
7835	1.2465e-010
7836	1.2818e-010
7837	1.2946e-010
7838	1.3292e-010
7839	1.3749e-010
7840	1.3894e-010
7841	1.4147e-010
7842	1.456e-010
7843	1.4952e-010
7844	1.5242e-010
7845	1.5521e-010
7846	1.5848e-010
7847	1.6256e-010
7848	1.6632e-010
7849	1.7019e-010
7850	1.742e-010
7851	1.7791e-010
7852	1.8181e-010
7853	1.8593e-010
7854	1.9007e-010
7855	1.9431e-010
7856	1.9909e-010
7857	2.0395e-010
7858	2.0859e-010
7859	2.132e-010
7860	2.177e-010
7861	2.213e-010
7862	2.2723e-010
7863	2.3456e-010
7864	2.4044e-010
7865	2.4208e-010
7866	2.4255e-010
7867	2.4145e-010
7868	2.3672e-010
7869	2.2875e-010
7870	2.222e-010
7871	2.1981e-010
7872	2.1625e-010
7873	2.1221e-010
7874	2.0762e-010
7875	2.0247e-010
7876	1.9729e-010
7877	1.9333e-010
7878	1.8936e-010
7879	1.8551e-010
7880	1.8271e-010
7881	1.7973e-010
7882	1.7672e-010
7883	1.7411e-010
7884	1.6976e-010
7885	1.6145e-010
7886	1.6165e-010
7887	1.6721e-010
7888	1.6815e-010
7889	1.6202e-010
7890	1.4511e-010
7891	1.5371e-010
7892	1.7126e-010
7893	1.4675e-010
7894	1.3749e-010
7895	1.496e-010
7896	1.3687e-010
7897	1.2912e-010
7898	1.5232e-010
7899	1.2341e-010
7900	1.3051e-010
7901	1.6575e-010
7902	1.2628e-010
7903	1.3922e-010
7904	1.1445e-010
7905	1.0783e-010
7906	1.1197e-010
7907	1.0292e-010
7908	1.1258e-010
7909	1.0065e-010
7910	1.0718e-010
7911	9.5948e-011
7912	9.4808e-011
7913	9.0342e-011
7914	8.6881e-011
7915	8.6637e-011
7916	9.7424e-011
7917	1.1657e-010
7918	9.5227e-011
7919	8.3356e-011
7920	7.4562e-011
7921	8.1426e-011
7922	8.83e-011
7923	8.1559e-011
7924	1.0084e-010
7925	1.0103e-010
7926	2.2568e-010
7927	4.33e-010
7928	3.4924e-010
7929	6.4006e-010
7930	6.3331e-010
7931	7.8563e-011
7932	8.127e-011
7933	8.2899e-011
7934	7.9515e-011
7935	7.6768e-011
7936	7.9788e-011
7937	8.1527e-011
7938	8.3687e-011
7939	8.4771e-011
7940	8.78e-011
7941	8.9356e-011
7942	9.0803e-011
7943	9.4083e-011
7944	9.4961e-011
7945	9.8273e-011
7946	9.9645e-011
7947	1.0207e-010
7948	1.0424e-010
7949	1.0636e-010
7950	1.0922e-010
7951	1.1108e-010
7952	1.1441e-010
7953	1.1613e-010
7954	1.1958e-010
7955	1.2166e-010
7956	1.2454e-010
7957	1.2777e-010
7958	1.2953e-010
7959	1.3409e-010
7960	1.3534e-010
7961	1.3998e-010
7962	1.4265e-010
7963	1.4488e-010
7964	1.4953e-010
7965	1.5203e-010
7966	1.5512e-010
7967	1.5986e-010
7968	1.6293e-010
7969	1.6558e-010
7970	1.7025e-010
7971	1.7454e-010
7972	1.7778e-010
7973	1.8119e-010
7974	1.8559e-010
7975	1.9031e-010
7976	1.9473e-010
7977	1.9872e-010
7978	2.0299e-010
7979	2.0764e-010
7980	2.1235e-010
7981	2.1722e-010
7982	2.222e-010
7983	2.2739e-010
7984	2.3258e-010
7985	2.3788e-010
7986	2.4304e-010
7987	2.4865e-010
7988	2.5404e-010
7989	2.6017e-010
7990	2.6637e-010
7991	2.7312e-010
7992	2.7893e-010
7993	2.8382e-010
7994	2.9078e-010
7995	2.9943e-010
7996	2.9976e-010
7997	2.9166e-010
7998	2.8542e-010
7999	2.8152e-010
8000	2.7657e-010
8001	2.7033e-010
8002	2.6452e-010
8003	2.5777e-010
8004	2.5247e-010
8005	2.4723e-010
8006	2.4302e-010
8007	2.3796e-010
8008	2.3331e-010
8009	2.2862e-010
8010	2.231e-010
8011	2.1825e-010
8012	2.1449e-010
8013	2.1196e-010
8014	2.0883e-010
8015	2.0608e-010
8016	2.0455e-010
8017	1.9912e-010
8018	1.927e-010
8019	1.9467e-010
8020	1.9309e-010
8021	1.9239e-010
8022	1.8491e-010
8023	1.8407e-010
8024	1.8525e-010
8025	1.673e-010
8026	1.6394e-010
8027	1.7728e-010
8028	1.632e-010
8029	1.5907e-010
8030	1.7498e-010
8031	1.68e-010
8032	1.7477e-010
8033	1.4666e-010
8034	1.536e-010
8035	1.3696e-010
8036	1.298e-010
8037	1.3698e-010
8038	1.2733e-010
8039	1.3415e-010
8040	1.2267e-010
8041	1.2482e-010
8042	1.1465e-010
8043	1.1432e-010
8044	1.1077e-010
8045	1.0756e-010
8046	1.2492e-010
8047	1.2439e-010
8048	1.2294e-010
8049	9.8949e-011
8050	1.0013e-010
8051	1.0317e-010
8052	1.0106e-010
8053	1.1973e-010
8054	1.0656e-010
8055	1.1725e-010
8056	2.7432e-010
8057	4.0704e-010
8058	3.0845e-010
8059	7.8048e-010
8060	5.5305e-010
8061	5.0566e-011
8062	5.4494e-011
8063	5.816e-011
8064	5.9758e-011
8065	6.7611e-011
8066	6.4822e-011
8067	6.574e-011
8068	6.833e-011
8069	7.0482e-011
8070	7.0867e-011
8071	7.2404e-011
8072	7.4562e-011
8073	7.594e-011
8074	7.9014e-011
8075	7.9383e-011
8076	8.1354e-011
8077	8.3019e-011
8078	8.5042e-011
8079	8.7155e-011
8080	8.8779e-011
8081	9.1528e-011
8082	9.2697e-011
8083	9.5784e-011
8084	9.6989e-011
8085	9.9903e-011
8086	1.0177e-010
8087	1.0367e-010
8088	1.0739e-010
8089	1.0808e-010
8090	1.1291e-010
8091	1.1333e-010
8092	1.162e-010
8093	1.2017e-010
8094	1.2097e-010
8095	1.2467e-010
8096	1.2815e-010
8097	1.2942e-010
8098	1.3287e-010
8099	1.3758e-010
8100	1.3898e-010
8101	1.415e-010
8102	1.4564e-010
8103	1.4953e-010
8104	1.525e-010
8105	1.5521e-010
8106	1.585e-010
8107	1.6258e-010
8108	1.6638e-010
8109	1.7022e-010
8110	1.742e-010
8111	1.779e-010
8112	1.8177e-010
8113	1.8595e-010
8114	1.9013e-010
8115	1.943e-010
8116	1.9913e-010
8117	2.0394e-010
8118	2.0867e-010
8119	2.1319e-010
8120	2.178e-010
8121	2.2126e-010
8122	2.2719e-010
8123	2.3457e-010
8124	2.403e-010
8125	2.422e-010
8126	2.4264e-010
8127	2.4139e-010
8128	2.3671e-010
8129	2.2869e-010
8130	2.2221e-010
8131	2.1983e-010
8132	2.1626e-010
8133	2.122e-010
8134	2.076e-010
8135	2.0236e-010
8136	1.972e-010
8137	1.9328e-010
8138	1.8928e-010
8139	1.8549e-010
8140	1.8262e-010
8141	1.7979e-010
8142	1.766e-010
8143	1.7408e-010
8144	1.698e-010
8145	1.6133e-010
8146	1.6167e-010
8147	1.6657e-010
8148	1.6773e-010
8149	1.6126e-010
8150	1.451e-010
8151	1.5375e-010
8152	1.713e-010
8153	1.4682e-010
8154	1.3744e-010
8155	1.4954e-010
8156	1.3684e-010
8157	1.2909e-010
8158	1.5229e-010
8159	1.2341e-010
8160	1.3051e-010
8161	1.6573e-010
8162	1.2628e-010
8163	1.3921e-010
8164	1.1444e-010
8165	1.0783e-010
8166	1.1197e-010
8167	1.0295e-010
8168	1.1256e-010
8169	1.0061e-010
8170	1.0715e-010
8171	9.5891e-011
8172	9.4779e-011
8173	9.031e-011
8174	8.6871e-011
8175	8.6626e-011
8176	9.744e-011
8177	1.1656e-010
8178	9.5225e-011
8179	8.3321e-011
8180	7.4528e-011
8181	8.1416e-011
8182	8.8329e-011
8183	8.1556e-011
8184	1.0085e-010
8185	1.0103e-010
8186	2.2566e-010
8187	4.3298e-010
8188	3.4924e-010
8189	6.4005e-010
8190	6.3333e-010
8191	5.0566e-011
8192	5.4494e-011
8193	5.816e-011
8194	5.9758e-011
8195	6.7611e-011
8196	6.4822e-011
8197	6.5744e-011
8198	6.8335e-011
8199	7.0486e-011
8200	7.0875e-011
8201	7.2389e-011
8202	7.4544e-011
8203	7.5942e-011
8204	7.9001e-011
8205	7.9369e-011
8206	8.136e-011
8207	8.3024e-011
8208	8.5043e-011
8209	8.7157e-011
8210	8.8781e-011
8211	9.1528e-011
8212	9.2697e-011
8213	9.5784e-011
8214	9.6989e-011
8215	9.9903e-011
8216	1.0177e-010
8217	1.0367e-010
8218	1.074e-010
8219	1.0808e-010
8220	1.1291e-010
8221	1.1331e-010
8222	1.1621e-010
8223	1.2017e-010
8224	1.2098e-010
8225	1.2464e-010
8226	1.2815e-010
8227	1.2942e-010
8228	1.3287e-010
8229	1.3758e-010
8230	1.3897e-010
8231	1.4149e-010
8232	1.4564e-010
8233	1.4953e-010
8234	1.525e-010
8235	1.5522e-010
8236	1.5852e-010
8237	1.6255e-010
8238	1.6638e-010
8239	1.7023e-010
8240	1.742e-010
8241	1.779e-010
8242	1.8178e-010
8243	1.8596e-010
8244	1.9013e-010
8245	1.943e-010
8246	1.9914e-010
8247	2.0396e-010
8248	2.0862e-010
8249	2.1321e-010
8250	2.1774e-010
8251	2.2127e-010
8252	2.2714e-010
8253	2.3457e-010
8254	2.403e-010
8255	2.422e-010
8256	2.425e-010
8257	2.414e-010
8258	2.3672e-010
8259	2.287e-010
8260	2.2221e-010
8261	2.1983e-010
8262	2.1627e-010
8263	2.122e-010
8264	2.0755e-010
8265	2.0233e-010
8266	1.972e-010
8267	1.9329e-010
8268	1.8929e-010
8269	1.8551e-010
8270	1.8252e-010
8271	1.7983e-010
8272	1.7651e-010
8273	1.7411e-010
8274	1.6978e-010
8275	1.6133e-010
8276	1.6169e-010
8277	1.6649e-010
8278	1.676e-010
8279	1.6122e-010
8280	1.4521e-010
8281	1.535e-010
8282	1.7145e-010
8283	1.466e-010
8284	1.3751e-010
8285	1.4952e-010
8286	1.3682e-010
8287	1.2909e-010
8288	1.5229e-010
8289	1.2341e-010
8290	1.3047e-010
8291	1.6571e-010
8292	1.2628e-010
8293	1.3921e-010
8294	1.1441e-010
8295	1.0784e-010
8296	1.1198e-010
8297	1.0295e-010
8298	1.1256e-010
8299	1.0061e-010
8300	1.0715e-010
8301	9.5895e-011
8302	9.4779e-011
8303	9.0309e-011
8304	8.6871e-011
8305	8.6626e-011
8306	9.744e-011
8307	1.1656e-010
8308	9.5227e-011
8309	8.3326e-011
8310	7.453e-011
8311	8.1416e-011
8312	8.8329e-011
8313	8.1556e-011
8314	1.0083e-010
8315	1.0102e-010
8316	2.2566e-010
8317	4.3298e-010
8318	3.4924e-010
8319	6.4005e-010
8320	6.3333e-010
8321	7.8559e-011
8322	8.1263e-011
8323	8.2906e-011
8324	7.951e-011
8325	7.6764e-011
8326	7.9784e-011
8327	8.1527e-011
8328	8.3686e-011
8329	8.4783e-011
8330	8.779e-011
8331	8.936e-011
8332	9.0789e-011
8333	9.4079e-011
8334	9.4957e-011
8335	9.8267e-011
8336	9.9669e-011
8337	1.0206e-010
8338	1.0423e-010
8339	1.0638e-010
8340	1.0921e-010
8341	1.1109e-010
8342	1.144e-010
8343	1.1612e-010
8344	1.1958e-010
8345	1.2166e-010
8346	1.2454e-010
8347	1.2777e-010
8348	1.2952e-010
8349	1.3412e-010
8350	1.3536e-010
8351	1.3996e-010
8352	1.4264e-010
8353	1.4486e-010
8354	1.4955e-010
8355	1.5204e-010
8356	1.5512e-010
8357	1.5986e-010
8358	1.6294e-010
8359	1.6555e-010
8360	1.7028e-010
8361	1.7455e-010
8362	1.7778e-010
8363	1.8118e-010
8364	1.8556e-010
8365	1.9032e-010
8366	1.9475e-010
8367	1.987e-010
8368	2.0298e-010
8369	2.0764e-010
8370	2.1235e-010
8371	2.1721e-010
8372	2.2218e-010
8373	2.2738e-010
8374	2.3257e-010
8375	2.3788e-010
8376	2.4306e-010
8377	2.4863e-010
8378	2.5401e-010
8379	2.6015e-010
8380	2.6637e-010
8381	2.7311e-010
8382	2.7891e-010
8383	2.8381e-010
8384	2.9078e-010
8385	2.9946e-010
8386	2.9974e-010
8387	2.9169e-010
8388	2.8546e-010
8389	2.815e-010
8390	2.7657e-010
8391	2.7033e-010
8392	2.6454e-010
8393	2.5774e-010
8394	2.5249e-010
8395	2.4721e-010
8396	2.4305e-010
8397	2.3794e-010
8398	2.3327e-010
8399	2.2861e-010
8400	2.2319e-010
8401	2.1819e-010
8402	2.1456e-010
8403	2.1196e-010
8404	2.0882e-010
8405	2.0607e-010
8406	2.0459e-010
8407	1.992e-010
8408	1.9236e-010
8409	1.9475e-010
8410	1.9307e-010
8411	1.9251e-010
8412	1.8483e-010
8413	1.842e-010
8414	1.8525e-010
8415	1.6729e-010
8416	1.6396e-010
8417	1.7728e-010
8418	1.6318e-010
8419	1.5906e-010
8420	1.7497e-010
8421	1.6798e-010
8422	1.7478e-010
8423	1.4665e-010
8424	1.5359e-010
8425	1.3695e-010
8426	1.2983e-010
8427	1.3698e-010
8428	1.2732e-010
8429	1.3415e-010
8430	1.2269e-010
8431	1.2482e-010
8432	1.1464e-010
8433	1.1433e-010
8434	1.1076e-010
8435	1.0756e-010
8436	1.2491e-010
8437	1.244e-010
8438	1.2293e-010
8439	9.8979e-011
8440	1.0014e-010
8441	1.0316e-010
8442	1.0106e-010
8443	1.1973e-010
8444	1.0657e-010
8445	1.1724e-010
8446	2.7433e-010
8447	4.0706e-010
8448	3.0844e-010
8449	7.8047e-010
8450	5.531e-010
8451	5.0586e-011
8452	5.4481e-011
8453	5.8152e-011
8454	5.9718e-011
8455	6.7591e-011
8456	6.4828e-011
8457	6.5747e-011
8458	6.837e-011
8459	7.0505e-011
8460	7.0862e-011
8461	7.2389e-011
8462	7.4563e-011
8463	7.5964e-011
8464	7.9033e-011
8465	7.9423e-011
8466	8.139e-011
8467	8.3036e-011
8468	8.508e-011
8469	8.7174e-011
8470	8.8765e-011
8471	9.1489e-011
8472	9.2693e-011
8473	9.5805e-011
8474	9.7033e-011
8475	9.9904e-011
8476	1.0175e-010
8477	1.0367e-010
8478	1.0741e-010
8479	1.0806e-010
8480	1.1294e-010
8481	1.1328e-010
8482	1.1619e-010
8483	1.2013e-010
8484	1.2095e-010
8485	1.2466e-010
8486	1.2818e-010
8487	1.2946e-010
8488	1.3291e-010
8489	1.3754e-010
8490	1.3899e-010
8491	1.4146e-010
8492	1.4559e-010
8493	1.4953e-010
8494	1.5244e-010
8495	1.5517e-010
8496	1.5849e-010
8497	1.6258e-010
8498	1.6633e-010
8499	1.702e-010
8500	1.7419e-010
8501	1.7791e-010
8502	1.8182e-010
8503	1.8594e-010
8504	1.9008e-010
8505	1.9433e-010
8506	1.9909e-010
8507	2.0396e-010
8508	2.0863e-010
8509	2.1321e-010
8510	2.177e-010
8511	2.213e-010
8512	2.2719e-010
8513	2.3458e-010
8514	2.404e-010
8515	2.421e-010
8516	2.4258e-010
8517	2.4146e-010
8518	2.3673e-010
8519	2.287e-010
8520	2.2214e-010
8521	2.1981e-010
8522	2.1622e-010
8523	2.1222e-010
8524	2.0763e-010
8525	2.0244e-010
8526	1.973e-010
8527	1.933e-010
8528	1.8939e-010
8529	1.8554e-010
8530	1.826e-010
8531	1.7994e-010
8532	1.766e-010
8533	1.7412e-010
8534	1.6984e-010
8535	1.614e-010
8536	1.6176e-010
8537	1.6691e-010
8538	1.68e-010
8539	1.6173e-010
8540	1.4514e-010
8541	1.5373e-010
8542	1.7126e-010
8543	1.4673e-010
8544	1.375e-010
8545	1.4961e-010
8546	1.3685e-010
8547	1.2912e-010
8548	1.5233e-010
8549	1.2343e-010
8550	1.305e-010
8551	1.6575e-010
8552	1.2629e-010
8553	1.392e-010
8554	1.1447e-010
8555	1.0784e-010
8556	1.1197e-010
8557	1.0293e-010
8558	1.1257e-010
8559	1.0066e-010
8560	1.0717e-010
8561	9.5934e-011
8562	9.4819e-011
8563	9.033e-011
8564	8.6889e-011
8565	8.664e-011
8566	9.7439e-011
8567	1.1656e-010
8568	9.5205e-011
8569	8.3341e-011
8570	7.4548e-011
8571	8.1437e-011
8572	8.8305e-011
8573	8.1574e-011
8574	1.0085e-010
8575	1.0102e-010
8576	2.2569e-010
8577	4.3296e-010
8578	3.4921e-010
8579	6.4005e-010
8580	6.3335e-010
8581	5.0592e-011
8582	5.4508e-011
8583	5.8182e-011
8584	5.9786e-011
8585	6.7633e-011
8586	6.4877e-011
8587	6.5807e-011
8588	6.8385e-011
8589	7.0523e-011
8590	7.0907e-011
8591	7.2457e-011
8592	7.4588e-011
8593	7.5984e-011
8594	7.8998e-011
8595	7.9357e-011
8596	8.1354e-011
8597	8.3025e-011
8598	8.5065e-011
8599	8.712e-011
8600	8.8727e-011
8601	9.1487e-011
8602	9.2693e-011
8603	9.579e-011
8604	9.6982e-011
8605	9.9859e-011
8606	1.0181e-010
8607	1.037e-010
8608	1.0749e-010
8609	1.0814e-010
8610	1.129e-010
8611	1.1328e-010
8612	1.162e-010
8613	1.2019e-010
8614	1.2104e-010
8615	1.2462e-010
8616	1.2809e-010
8617	1.2944e-010
8618	1.3294e-010
8619	1.3755e-010
8620	1.3903e-010
8621	1.4154e-010
8622	1.4566e-010
8623	1.4957e-010
8624	1.5248e-010
8625	1.5509e-010
8626	1.584e-010
8627	1.627e-010
8628	1.6642e-010
8629	1.7022e-010
8630	1.7421e-010
8631	1.7779e-010
8632	1.8175e-010
8633	1.8586e-010
8634	1.9008e-010
8635	1.943e-010
8636	1.9905e-010
8637	2.0394e-010
8638	2.0854e-010
8639	2.1325e-010
8640	2.1773e-010
8641	2.2131e-010
8642	2.2725e-010
8643	2.3491e-010
8644	2.4055e-010
8645	2.4243e-010
8646	2.4289e-010
8647	2.4176e-010
8648	2.3697e-010
8649	2.2903e-010
8650	2.2239e-010
8651	2.1998e-010
8652	2.1635e-010
8653	2.1245e-010
8654	2.079e-010
8655	2.0267e-010
8656	1.9757e-010
8657	1.936e-010
8658	1.8969e-010
8659	1.858e-010
8660	1.8283e-010
8661	1.8012e-010
8662	1.767e-010
8663	1.7434e-010
8664	1.6999e-010
8665	1.615e-010
8666	1.6183e-010
8667	1.6699e-010
8668	1.6671e-010
8669	1.6176e-010
8670	1.4527e-010
8671	1.5385e-010
8672	1.7137e-010
8673	1.4693e-010
8674	1.3775e-010
8675	1.4977e-010
8676	1.3702e-010
8677	1.2923e-010
8678	1.5247e-010
8679	1.2359e-010
8680	1.3063e-010
8681	1.6591e-010
8682	1.2637e-010
8683	1.3932e-010
8684	1.1455e-010
8685	1.0794e-010
8686	1.121e-010
8687	1.03e-010
8688	1.1262e-010
8689	1.0071e-010
8690	1.0722e-010
8691	9.5988e-011
8692	9.485e-011
8693	9.034e-011
8694	8.6893e-011
8695	8.6612e-011
8696	9.7428e-011
8697	1.1657e-010
8698	9.519e-011
8699	8.3377e-011
8700	7.4565e-011
8701	8.1451e-011
8702	8.8358e-011
8703	8.1605e-011
8704	1.0089e-010
8705	1.0105e-010
8706	2.2568e-010
8707	4.3298e-010
8708	3.4923e-010
8709	6.4009e-010
8710	6.3335e-010
8711	7.858e-011
8712	8.1274e-011
8713	8.2923e-011
8714	7.9524e-011
8715	7.6876e-011
8716	7.9941e-011
8717	8.1708e-011
8718	8.3836e-011
8719	8.4867e-011
8720	8.7915e-011
8721	8.9442e-011
8722	9.0851e-011
8723	9.4078e-011
8724	9.4889e-011
8725	9.8198e-011
8726	9.9565e-011
8727	1.02e-010
8728	1.0427e-010
8729	1.0635e-010
8730	1.0919e-010
8731	1.1099e-010
8732	1.1444e-010
8733	1.1607e-010
8734	1.195e-010
8735	1.2155e-010
8736	1.2458e-010
8737	1.2786e-010
8738	1.2965e-010
8739	1.3415e-010
8740	1.3541e-010
8741	1.3996e-010
8742	1.4265e-010
8743	1.4486e-010
8744	1.4959e-010
8745	1.5203e-010
8746	1.5505e-010
8747	1.5983e-010
8748	1.6296e-010
8749	1.6554e-010
8750	1.703e-010
8751	1.7465e-010
8752	1.7774e-010
8753	1.8121e-010
8754	1.8557e-010
8755	1.9013e-010
8756	1.946e-010
8757	1.9881e-010
8758	2.0311e-010
8759	2.0766e-010
8760	2.1217e-010
8761	2.1696e-010
8762	2.2211e-010
8763	2.2718e-010
8764	2.3237e-010
8765	2.378e-010
8766	2.4295e-010
8767	2.4839e-010
8768	2.5403e-010
8769	2.6021e-010
8770	2.6641e-010
8771	2.732e-010
8772	2.7913e-010
8773	2.8422e-010
8774	2.911e-010
8775	2.997e-010
8776	3.0026e-010
8777	2.9226e-010
8778	2.8597e-010
8779	2.8197e-010
8780	2.7696e-010
8781	2.7035e-010
8782	2.647e-010
8783	2.581e-010
8784	2.5292e-010
8785	2.4767e-010
8786	2.4359e-010
8787	2.3845e-010
8788	2.3377e-010
8789	2.2917e-010
8790	2.2357e-010
8791	2.1848e-010
8792	2.148e-010
8793	2.1232e-010
8794	2.0913e-010
8795	2.0647e-010
8796	2.0468e-010
8797	1.98e-010
8798	1.933e-010
8799	1.9353e-010
8800	1.9336e-010
8801	1.9278e-010
8802	1.8506e-010
8803	1.8446e-010
8804	1.856e-010
8805	1.6764e-010
8806	1.6419e-010
8807	1.7756e-010
8808	1.6342e-010
8809	1.5936e-010
8810	1.7527e-010
8811	1.6822e-010
8812	1.7496e-010
8813	1.4682e-010
8814	1.5381e-010
8815	1.3711e-010
8816	1.2998e-010
8817	1.3708e-010
8818	1.2744e-010
8819	1.3427e-010
8820	1.2275e-010
8821	1.2491e-010
8822	1.1471e-010
8823	1.1436e-010
8824	1.1077e-010
8825	1.0749e-010
8826	1.249e-010
8827	1.2442e-010
8828	1.2293e-010
8829	9.9021e-011
8830	1.0019e-010
8831	1.0322e-010
8832	1.0114e-010
8833	1.1977e-010
8834	1.0659e-010
8835	1.173e-010
8836	2.7436e-010
8837	4.0706e-010
8838	3.0845e-010
8839	7.8046e-010
8840	5.5316e-010
8841	5.0592e-011
8842	5.4508e-011
8843	5.8182e-011
8844	5.9786e-011
8845	6.7633e-011
8846	6.4877e-011
8847	6.5809e-011
8848	6.8386e-011
8849	7.0523e-011
8850	7.0907e-011
8851	7.2457e-011
8852	7.4588e-011
8853	7.5984e-011
8854	7.8998e-011
8855	7.9357e-011
8856	8.1358e-011
8857	8.303e-011
8858	8.5049e-011
8859	8.712e-011
8860	8.8729e-011
8861	9.1472e-011
8862	9.2695e-011
8863	9.5793e-011
8864	9.6982e-011
8865	9.9859e-011
8866	1.0181e-010
8867	1.037e-010
8868	1.0749e-010
8869	1.0814e-010
8870	1.129e-010
8871	1.1328e-010
8872	1.162e-010
8873	1.2019e-010
8874	1.2104e-010
8875	1.2463e-010
8876	1.2809e-010
8877	1.2946e-010
8878	1.3289e-010
8879	1.3756e-010
8880	1.3894e-010
8881	1.4157e-010
8882	1.4568e-010
8883	1.4957e-010
8884	1.5248e-010
8885	1.5509e-010
8886	1.584e-010
8887	1.627e-010
8888	1.6642e-010
8889	1.7022e-010
8890	1.7421e-010
8891	1.7779e-010
8892	1.8175e-010
8893	1.8586e-010
8894	1.9008e-010
8895	1.943e-010
8896	1.9905e-010
8897	2.0394e-010
8898	2.0855e-010
8899	2.1325e-010
8900	2.1773e-010
8901	2.2132e-010
8902	2.2725e-010
8903	2.3492e-010
8904	2.4056e-010
8905	2.4243e-010
8906	2.429e-010
8907	2.4178e-010
8908	2.3696e-010
8909	2.2902e-010
8910	2.2239e-010
8911	2.1998e-010
8912	2.1635e-010
8913	2.1245e-010
8914	2.079e-010
8915	2.0267e-010
8916	1.9757e-010
8917	1.936e-010
8918	1.8969e-010
8919	1.858e-010
8920	1.8282e-010
8921	1.8011e-010
8922	1.7675e-010
8923	1.7432e-010
8924	1.7005e-010
8925	1.6144e-010
8926	1.6186e-010
8927	1.6631e-010
8928	1.6668e-010
8929	1.61e-010
8930	1.4536e-010
8931	1.5375e-010
8932	1.7133e-010
8933	1.4691e-010
8934	1.3773e-010
8935	1.4979e-010
8936	1.3701e-010
8937	1.2922e-010
8938	1.5247e-010
8939	1.236e-010
8940	1.3064e-010
8941	1.6591e-010
8942	1.2638e-010
8943	1.3933e-010
8944	1.1455e-010
8945	1.0795e-010
8946	1.121e-010
8947	1.0299e-010
8948	1.1263e-010
8949	1.0071e-010
8950	1.0722e-010
8951	9.5992e-011
8952	9.485e-011
8953	9.0343e-011
8954	8.687e-011
8955	8.6612e-011
8956	9.7428e-011
8957	1.1657e-010
8958	9.5195e-011
8959	8.3377e-011
8960	7.4566e-011
8961	8.1451e-011
8962	8.8357e-011
8963	8.1606e-011
8964	1.009e-010
8965	1.0106e-010
8966	2.2569e-010
8967	4.3298e-010
8968	3.4923e-010
8969	6.4009e-010
8970	6.3335e-010
8971	5.059e-011
8972	5.4482e-011
8973	5.8152e-011
8974	5.972e-011
8975	6.7593e-011
8976	6.483e-011
8977	6.5753e-011
8978	6.8377e-011
8979	7.0507e-011
8980	7.0862e-011
8981	7.2389e-011
8982	7.4565e-011
8983	7.5943e-011
8984	7.9036e-011
8985	7.9418e-011
8986	8.1395e-011
8987	8.3028e-011
8988	8.5061e-011
8989	8.7177e-011
8990	8.8769e-011
8991	9.1478e-011
8992	9.27e-011
8993	9.5811e-011
8994	9.7039e-011
8995	9.9907e-011
8996	1.0176e-010
8997	1.0368e-010
8998	1.0739e-010
8999	1.0807e-010
9000	1.1292e-010
9001	1.1329e-010
9002	1.162e-010
9003	1.2014e-010
9004	1.2096e-010
9005	1.2466e-010
9006	1.282e-010
9007	1.2942e-010
9008	1.329e-010
9009	1.3759e-010
9010	1.3886e-010
9011	1.4146e-010
9012	1.4561e-010
9013	1.4952e-010
9014	1.5245e-010
9015	1.5518e-010
9016	1.5849e-010
9017	1.6258e-010
9018	1.6634e-010
9019	1.702e-010
9020	1.742e-010
9021	1.7791e-010
9022	1.8183e-010
9023	1.859e-010
9024	1.9009e-010
9025	1.9433e-010
9026	1.9909e-010
9027	2.0397e-010
9028	2.0864e-010
9029	2.1319e-010
9030	2.1767e-010
9031	2.2132e-010
9032	2.2719e-010
9033	2.3458e-010
9034	2.4041e-010
9035	2.4212e-010
9036	2.4258e-010
9037	2.4149e-010
9038	2.3676e-010
9039	2.287e-010
9040	2.2215e-010
9041	2.1981e-010
9042	2.1622e-010
9043	2.1219e-010
9044	2.0758e-010
9045	2.0244e-010
9046	1.973e-010
9047	1.9329e-010
9048	1.8938e-010
9049	1.855e-010
9050	1.8259e-010
9051	1.7991e-010
9052	1.7657e-010
9053	1.7415e-010
9054	1.698e-010
9055	1.6137e-010
9056	1.6172e-010
9057	1.6658e-010
9058	1.6777e-010
9059	1.6134e-010
9060	1.4517e-010
9061	1.5366e-010
9062	1.7122e-010
9063	1.4664e-010
9064	1.3751e-010
9065	1.4959e-010
9066	1.3687e-010
9067	1.2911e-010
9068	1.5233e-010
9069	1.2343e-010
9070	1.3052e-010
9071	1.6576e-010
9072	1.263e-010
9073	1.392e-010
9074	1.1445e-010
9075	1.0784e-010
9076	1.1197e-010
9077	1.0293e-010
9078	1.1258e-010
9079	1.0066e-010
9080	1.0718e-010
9081	9.5938e-011
9082	9.4819e-011
9083	9.0333e-011
9084	8.6892e-011
9085	8.664e-011
9086	9.7439e-011
9087	1.1656e-010
9088	9.5209e-011
9089	8.3343e-011
9090	7.4549e-011
9091	8.1441e-011
9092	8.8294e-011
9093	8.1569e-011
9094	1.0085e-010
9095	1.0102e-010
9096	2.2569e-010
9097	4.3293e-010
9098	3.4921e-010
9099	6.4005e-010
9100	6.3335e-010
9101	7.8582e-011
9102	8.1256e-011
9103	8.2906e-011
9104	7.9518e-011
9105	7.6758e-011
9106	7.9808e-011
9107	8.152e-011
9108	8.3677e-011
9109	8.478e-011
9110	8.7788e-011
9111	8.9357e-011
9112	9.0783e-011
9113	9.409e-011
9114	9.4953e-011
9115	9.826e-011
9116	9.9658e-011
9117	1.0205e-010
9118	1.0423e-010
9119	1.0639e-010
9120	1.0923e-010
9121	1.1108e-010
9122	1.1442e-010
9123	1.1612e-010
9124	1.1956e-010
9125	1.2165e-010
9126	1.2453e-010
9127	1.2778e-010
9128	1.2952e-010
9129	1.3412e-010
9130	1.3536e-010
9131	1.3997e-010
9132	1.4264e-010
9133	1.4489e-010
9134	1.4953e-010
9135	1.521e-010
9136	1.5513e-010
9137	1.5985e-010
9138	1.6286e-010
9139	1.6558e-010
9140	1.702e-010
9141	1.7451e-010
9142	1.7778e-010
9143	1.8116e-010
9144	1.8555e-010
9145	1.9036e-010
9146	1.9474e-010
9147	1.9869e-010
9148	2.0295e-010
9149	2.0762e-010
9150	2.1235e-010
9151	2.172e-010
9152	2.2218e-010
9153	2.2737e-010
9154	2.3254e-010
9155	2.3787e-010
9156	2.4306e-010
9157	2.4862e-010
9158	2.54e-010
9159	2.6012e-010
9160	2.6638e-010
9161	2.7313e-010
9162	2.7889e-010
9163	2.8383e-010
9164	2.9076e-010
9165	2.9943e-010
9166	2.9972e-010
9167	2.9166e-010
9168	2.8553e-010
9169	2.815e-010
9170	2.7656e-010
9171	2.7032e-010
9172	2.6453e-010
9173	2.5775e-010
9174	2.5252e-010
9175	2.472e-010
9176	2.4301e-010
9177	2.3795e-010
9178	2.3324e-010
9179	2.2858e-010
9180	2.2314e-010
9181	2.1816e-010
9182	2.1447e-010
9183	2.1198e-010
9184	2.0878e-010
9185	2.0606e-010
9186	2.0469e-010
9187	1.997e-010
9188	1.9302e-010
9189	1.9533e-010
9190	1.9322e-010
9191	1.9241e-010
9192	1.8478e-010
9193	1.841e-010
9194	1.8527e-010
9195	1.6731e-010
9196	1.6393e-010
9197	1.7728e-010
9198	1.6318e-010
9199	1.5906e-010
9200	1.7497e-010
9201	1.6799e-010
9202	1.7477e-010
9203	1.4666e-010
9204	1.5358e-010
9205	1.3697e-010
9206	1.2982e-010
9207	1.3697e-010
9208	1.2734e-010
9209	1.3416e-010
9210	1.2268e-010
9211	1.2481e-010
9212	1.1465e-010
9213	1.1432e-010
9214	1.1078e-010
9215	1.0756e-010
9216	1.2491e-010
9217	1.244e-010
9218	1.2293e-010
9219	9.8994e-011
9220	1.0014e-010
9221	1.0317e-010
9222	1.0107e-010
9223	1.1972e-010
9224	1.0656e-010
9225	1.1724e-010
9226	2.7433e-010
9227	4.0705e-010
9228	3.0847e-010
9229	7.8047e-010
9230	5.5309e-010
9231	5.0564e-011
9232	5.4497e-011
9233	5.816e-011
9234	5.9761e-011
9235	6.7615e-011
9236	6.4824e-011
9237	6.5742e-011
9238	6.8341e-011
9239	7.0489e-011
9240	7.0878e-011
9241	7.2393e-011
9242	7.4548e-011
9243	7.5947e-011
9244	7.9003e-011
9245	7.9358e-011
9246	8.1366e-011
9247	8.3021e-011
9248	8.5029e-011
9249	8.7158e-011
9250	8.8784e-011
9251	9.1503e-011
9252	9.2701e-011
9253	9.5794e-011
9254	9.7004e-011
9255	9.991e-011
9256	1.0178e-010
9257	1.0363e-010
9258	1.074e-010
9259	1.0809e-010
9260	1.1292e-010
9261	1.133e-010
9262	1.1621e-010
9263	1.2016e-010
9264	1.2098e-010
9265	1.2463e-010
9266	1.2819e-010
9267	1.2941e-010
9268	1.3295e-010
9269	1.3742e-010
9270	1.3903e-010
9271	1.4151e-010
9272	1.4561e-010
9273	1.4955e-010
9274	1.5248e-010
9275	1.5525e-010
9276	1.5853e-010
9277	1.6256e-010
9278	1.6637e-010
9279	1.7021e-010
9280	1.742e-010
9281	1.7791e-010
9282	1.818e-010
9283	1.8595e-010
9284	1.9016e-010
9285	1.943e-010
9286	1.9915e-010
9287	2.0391e-010
9288	2.0862e-010
9289	2.1322e-010
9290	2.1776e-010
9291	2.2128e-010
9292	2.2715e-010
9293	2.3455e-010
9294	2.4024e-010
9295	2.4222e-010
9296	2.4251e-010
9297	2.4141e-010
9298	2.3668e-010
9299	2.2869e-010
9300	2.2221e-010
9301	2.1983e-010
9302	2.1627e-010
9303	2.1222e-010
9304	2.0751e-010
9305	2.0233e-010
9306	1.972e-010
9307	1.9328e-010
9308	1.8928e-010
9309	1.8551e-010
9310	1.826e-010
9311	1.7985e-010
9312	1.7651e-010
9313	1.7406e-010
9314	1.6982e-010
9315	1.6141e-010
9316	1.6175e-010
9317	1.6632e-010
9318	1.7068e-010
9319	1.6129e-010
9320	1.4515e-010
9321	1.5367e-010
9322	1.7127e-010
9323	1.4663e-010
9324	1.375e-010
9325	1.4955e-010
9326	1.3681e-010
9327	1.2908e-010
9328	1.5229e-010
9329	1.2342e-010
9330	1.3045e-010
9331	1.6571e-010
9332	1.2628e-010
9333	1.3916e-010
9334	1.1442e-010
9335	1.0785e-010
9336	1.1199e-010
9337	1.0292e-010
9338	1.1256e-010
9339	1.0062e-010
9340	1.0715e-010
9341	9.59e-011
9342	9.4787e-011
9343	9.0315e-011
9344	8.6871e-011
9345	8.6626e-011
9346	9.7411e-011
9347	1.1656e-010
9348	9.5221e-011
9349	8.3329e-011
9350	7.4532e-011
9351	8.1422e-011
9352	8.8315e-011
9353	8.1559e-011
9354	1.0083e-010
9355	1.01e-010
9356	2.2566e-010
9357	4.3296e-010
9358	3.4924e-010
9359	6.4005e-010
9360	6.3333e-010
9361	7.3445e-011
9362	7.3145e-011
9363	7.201e-011
9364	7.3588e-011
9365	7.6894e-011
9366	7.9188e-011
9367	8.0969e-011
9368	8.3218e-011
9369	8.5885e-011
9370	8.7097e-011
9371	8.8982e-011
9372	9.1332e-011
9373	9.3307e-011
9374	9.6214e-011
9375	9.7603e-011
9376	9.9807e-011
9377	1.0193e-010
9378	1.0434e-010
9379	1.0679e-010
9380	1.0909e-010
9381	1.1187e-010
9382	1.1407e-010
9383	1.1703e-010
9384	1.1937e-010
9385	1.223e-010
9386	1.2497e-010
9387	1.2763e-010
9388	1.3108e-010
9389	1.3346e-010
9390	1.3735e-010
9391	1.3971e-010
9392	1.4289e-010
9393	1.4659e-010
9394	1.4932e-010
9395	1.529e-010
9396	1.5656e-010
9397	1.5963e-010
9398	1.6339e-010
9399	1.6757e-010
9400	1.7085e-010
9401	1.7433e-010
9402	1.7877e-010
9403	1.8266e-010
9404	1.87e-010
9405	1.9087e-010
9406	1.9499e-010
9407	1.9958e-010
9408	2.0414e-010
9409	2.089e-010
9410	2.1347e-010
9411	2.1833e-010
9412	2.2317e-010
9413	2.2826e-010
9414	2.3345e-010
9415	2.3857e-010
9416	2.4448e-010
9417	2.4947e-010
9418	2.5572e-010
9419	2.6128e-010
9420	2.6717e-010
9421	2.7268e-010
9422	2.7963e-010
9423	2.8649e-010
9424	2.9237e-010
9425	2.9944e-010
9426	2.9991e-010
9427	2.9333e-010
9428	2.8819e-010
9429	2.8194e-010
9430	2.7465e-010
9431	2.6988e-010
9432	2.6467e-010
9433	2.5974e-010
9434	2.5263e-010
9435	2.4871e-010
9436	2.4231e-010
9437	2.3742e-010
9438	2.3245e-010
9439	2.2783e-010
9440	2.2382e-010
9441	2.1847e-010
9442	2.1539e-010
9443	2.1168e-010
9444	2.0736e-010
9445	2.003e-010
9446	1.992e-010
9447	2.0219e-010
9448	1.9833e-010
9449	1.9625e-010
9450	1.8232e-010
9451	1.8931e-010
9452	1.9501e-010
9453	1.808e-010
9454	1.7366e-010
9455	1.7465e-010
9456	1.6116e-010
9457	1.7103e-010
9458	1.7056e-010
9459	1.5272e-010
9460	1.6197e-010
9461	1.8454e-010
9462	1.6063e-010
9463	1.5729e-010
9464	1.3911e-010
9465	1.2864e-010
9466	1.2932e-010
9467	1.2618e-010
9468	1.3041e-010
9469	1.2374e-010
9470	1.2466e-010
9471	1.1613e-010
9472	1.121e-010
9473	1.0754e-010
9474	1.0384e-010
9475	1.0212e-010
9476	1.1251e-010
9477	1.2681e-010
9478	1.0745e-010
9479	9.4304e-011
9480	8.7143e-011
9481	9.8965e-011
9482	1.0638e-010
9483	9.532e-011
9484	1.1551e-010
9485	1.2234e-010
9486	1.8262e-010
9487	2.8436e-010
9488	3.5621e-010
9489	3.7926e-010
9490	5.4726e-010
9491	7.9929e-011
9492	8.035e-011
9493	8.128e-011
9494	8.2039e-011
9495	8.4639e-011
9496	8.6583e-011
9497	8.9107e-011
9498	9.2332e-011
9499	9.2504e-011
9500	9.6715e-011
9501	9.8234e-011
9502	9.9334e-011
9503	1.0395e-010
9504	1.0373e-010
9505	1.0836e-010
9506	1.0911e-010
9507	1.1214e-010
9508	1.1476e-010
9509	1.167e-010
9510	1.2039e-010
9511	1.2175e-010
9512	1.2609e-010
9513	1.2739e-010
9514	1.3163e-010
9515	1.3359e-010
9516	1.3704e-010
9517	1.4069e-010
9518	1.4243e-010
9519	1.4797e-010
9520	1.4876e-010
9521	1.543e-010
9522	1.5701e-010
9523	1.5946e-010
9524	1.6474e-010
9525	1.6736e-010
9526	1.7081e-010
9527	1.7594e-010
9528	1.7956e-010
9529	1.8213e-010
9530	1.8779e-010
9531	1.9191e-010
9532	1.9593e-010
9533	1.9934e-010
9534	2.0465e-010
9535	2.0954e-010
9536	2.1437e-010
9537	2.1884e-010
9538	2.2366e-010
9539	2.2882e-010
9540	2.3365e-010
9541	2.3922e-010
9542	2.4468e-010
9543	2.5037e-010
9544	2.5605e-010
9545	2.6167e-010
9546	2.6781e-010
9547	2.7322e-010
9548	2.7979e-010
9549	2.8622e-010
9550	2.9308e-010
9551	3.0062e-010
9552	3.0745e-010
9553	3.1255e-010
9554	3.1871e-010
9555	3.3042e-010
9556	3.3093e-010
9557	3.1964e-010
9558	3.1382e-010
9559	3.1023e-010
9560	3.0408e-010
9561	2.9674e-010
9562	2.903e-010
9563	2.8398e-010
9564	2.7627e-010
9565	2.7264e-010
9566	2.6681e-010
9567	2.6123e-010
9568	2.5591e-010
9569	2.509e-010
9570	2.4519e-010
9571	2.3887e-010
9572	2.3554e-010
9573	2.319e-010
9574	2.2805e-010
9575	2.2483e-010
9576	2.2231e-010
9577	2.206e-010
9578	2.0913e-010
9579	2.1519e-010
9580	2.0788e-010
9581	2.1192e-010
9582	1.9938e-010
9583	2.0198e-010
9584	2.0155e-010
9585	1.8177e-010
9586	1.7447e-010
9587	2.0223e-010
9588	1.7279e-010
9589	1.7148e-010
9590	1.896e-010
9591	1.7934e-010
9592	1.9329e-010
9593	1.5604e-010
9594	1.6317e-010
9595	1.4444e-010
9596	1.3715e-010
9597	1.4794e-010
9598	1.3425e-010
9599	1.4637e-010
9600	1.2879e-010
9601	1.3573e-010
9602	1.2039e-010
9603	1.2229e-010
9604	1.1815e-010
9605	1.1089e-010
9606	1.3377e-010
9607	1.2389e-010
9608	1.3027e-010
9609	9.8177e-011
9610	1.0168e-010
9611	1.171e-010
9612	1.0519e-010
9613	1.1541e-010
9614	1.3048e-010
9615	1.4494e-010
9616	1.7812e-010
9617	2.8454e-010
9618	3.3421e-010
9619	3.6801e-010
9620	4.7859e-010
9621	7.3452e-011
9622	7.3165e-011
9623	7.2039e-011
9624	7.3618e-011
9625	7.6927e-011
9626	7.9216e-011
9627	8.0984e-011
9628	8.3241e-011
9629	8.5882e-011
9630	8.7089e-011
9631	8.8967e-011
9632	9.131e-011
9633	9.3278e-011
9634	9.6202e-011
9635	9.7596e-011
9636	9.9798e-011
9637	1.0192e-010
9638	1.0428e-010
9639	1.0675e-010
9640	1.0909e-010
9641	1.1189e-010
9642	1.1411e-010
9643	1.1706e-010
9644	1.1935e-010
9645	1.2226e-010
9646	1.2489e-010
9647	1.276e-010
9648	1.3111e-010
9649	1.3349e-010
9650	1.3734e-010
9651	1.3972e-010
9652	1.4289e-010
9653	1.4658e-010
9654	1.4932e-010
9655	1.5291e-010
9656	1.5656e-010
9657	1.5963e-010
9658	1.6345e-010
9659	1.674e-010
9660	1.7097e-010
9661	1.7436e-010
9662	1.7879e-010
9663	1.8265e-010
9664	1.8697e-010
9665	1.9079e-010
9666	1.9496e-010
9667	1.9961e-010
9668	2.0411e-010
9669	2.0884e-010
9670	2.1342e-010
9671	2.1833e-010
9672	2.232e-010
9673	2.2831e-010
9674	2.3345e-010
9675	2.3864e-010
9676	2.4443e-010
9677	2.4956e-010
9678	2.5576e-010
9679	2.6131e-010
9680	2.6723e-010
9681	2.7276e-010
9682	2.7968e-010
9683	2.8648e-010
9684	2.9248e-010
9685	2.9936e-010
9686	3.0002e-010
9687	2.9327e-010
9688	2.8819e-010
9689	2.8191e-010
9690	2.7465e-010
9691	2.699e-010
9692	2.6467e-010
9693	2.598e-010
9694	2.5271e-010
9695	2.4875e-010
9696	2.4232e-010
9697	2.3743e-010
9698	2.3256e-010
9699	2.2779e-010
9700	2.2407e-010
9701	2.1847e-010
9702	2.1565e-010
9703	2.1167e-010
9704	2.0744e-010
9705	2.0042e-010
9706	1.9927e-010
9707	2.0231e-010
9708	1.984e-010
9709	1.9639e-010
9710	1.8236e-010
9711	1.8933e-010
9712	1.9494e-010
9713	1.8074e-010
9714	1.7364e-010
9715	1.7471e-010
9716	1.6119e-010
9717	1.7107e-010
9718	1.7058e-010
9719	1.5273e-010
9720	1.6197e-010
9721	1.8458e-010
9722	1.6066e-010
9723	1.573e-010
9724	1.3911e-010
9725	1.2866e-010
9726	1.2934e-010
9727	1.2622e-010
9728	1.3041e-010
9729	1.2379e-010
9730	1.2468e-010
9731	1.1617e-010
9732	1.1209e-010
9733	1.0757e-010
9734	1.0386e-010
9735	1.0214e-010
9736	1.1252e-010
9737	1.2682e-010
9738	1.0747e-010
9739	9.4313e-011
9740	8.7174e-011
9741	9.8978e-011
9742	1.0637e-010
9743	9.5329e-011
9744	1.1554e-010
9745	1.2235e-010
9746	1.8261e-010
9747	2.8435e-010
9748	3.5617e-010
9749	3.7933e-010
9750	5.4742e-010
9751	7.3484e-011
9752	7.3188e-011
9753	7.208e-011
9754	7.365e-011
9755	7.6976e-011
9756	7.9263e-011
9757	8.103e-011
9758	8.3243e-011
9759	8.5867e-011
9760	8.7067e-011
9761	8.8983e-011
9762	9.1311e-011
9763	9.3264e-011
9764	9.6183e-011
9765	9.7569e-011
9766	9.9793e-011
9767	1.0192e-010
9768	1.0425e-010
9769	1.0673e-010
9770	1.0911e-010
9771	1.1193e-010
9772	1.1417e-010
9773	1.1707e-010
9774	1.1935e-010
9775	1.2224e-010
9776	1.2491e-010
9777	1.2759e-010
9778	1.3113e-010
9779	1.3353e-010
9780	1.3735e-010
9781	1.3966e-010
9782	1.4283e-010
9783	1.4655e-010
9784	1.4932e-010
9785	1.5285e-010
9786	1.565e-010
9787	1.5963e-010
9788	1.6343e-010
9789	1.6753e-010
9790	1.7082e-010
9791	1.7443e-010
9792	1.7881e-010
9793	1.8261e-010
9794	1.8696e-010
9795	1.9074e-010
9796	1.9491e-010
9797	1.9957e-010
9798	2.0404e-010
9799	2.0874e-010
9800	2.1332e-010
9801	2.1822e-010
9802	2.2309e-010
9803	2.2813e-010
9804	2.3332e-010
9805	2.3856e-010
9806	2.4438e-010
9807	2.4951e-010
9808	2.5577e-010
9809	2.6141e-010
9810	2.6731e-010
9811	2.7296e-010
9812	2.7999e-010
9813	2.8679e-010
9814	2.9271e-010
9815	2.9971e-010
9816	3.004e-010
9817	2.9362e-010
9818	2.8841e-010
9819	2.821e-010
9820	2.7486e-010
9821	2.7021e-010
9822	2.6501e-010
9823	2.6015e-010
9824	2.5305e-010
9825	2.4903e-010
9826	2.4262e-010
9827	2.3778e-010
9828	2.3282e-010
9829	2.2818e-010
9830	2.2441e-010
9831	2.1873e-010
9832	2.159e-010
9833	2.1193e-010
9834	2.0775e-010
9835	2.0067e-010
9836	1.9964e-010
9837	2.0246e-010
9838	1.989e-010
9839	1.9654e-010
9840	1.8275e-010
9841	1.8958e-010
9842	1.9527e-010
9843	1.81e-010
9844	1.7395e-010
9845	1.7498e-010
9846	1.6149e-010
9847	1.7129e-010
9848	1.7082e-010
9849	1.5296e-010
9850	1.6221e-010
9851	1.8475e-010
9852	1.608e-010
9853	1.5744e-010
9854	1.3918e-010
9855	1.2874e-010
9856	1.2944e-010
9857	1.2628e-010
9858	1.3048e-010
9859	1.2381e-010
9860	1.2473e-010
9861	1.1619e-010
9862	1.1212e-010
9863	1.0758e-010
9864	1.0385e-010
9865	1.0215e-010
9866	1.1254e-010
9867	1.2688e-010
9868	1.0749e-010
9869	9.435e-011
9870	8.7213e-011
9871	9.9013e-011
9872	1.0642e-010
9873	9.5392e-011
9874	1.156e-010
9875	1.2241e-010
9876	1.8265e-010
9877	2.8439e-010
9878	3.5622e-010
9879	3.7933e-010
9880	5.474e-010
9881	7.9978e-011
9882	8.037e-011
9883	8.132e-011
9884	8.2101e-011
9885	8.4658e-011
9886	8.6601e-011
9887	8.9152e-011
9888	9.2319e-011
9889	9.2459e-011
9890	9.6665e-011
9891	9.823e-011
9892	9.9305e-011
9893	1.0392e-010
9894	1.0365e-010
9895	1.0833e-010
9896	1.0913e-010
9897	1.1215e-010
9898	1.1468e-010
9899	1.1661e-010
9900	1.2033e-010
9901	1.2176e-010
9902	1.2611e-010
9903	1.274e-010
9904	1.3158e-010
9905	1.3355e-010
9906	1.3699e-010
9907	1.4072e-010
9908	1.4248e-010
9909	1.48e-010
9910	1.4872e-010
9911	1.5418e-010
9912	1.5687e-010
9913	1.5936e-010
9914	1.6478e-010
9915	1.6728e-010
9916	1.7059e-010
9917	1.7581e-010
9918	1.7961e-010
9919	1.8186e-010
9920	1.8784e-010
9921	1.9194e-010
9922	1.9597e-010
9923	1.9926e-010
9924	2.0456e-010
9925	2.0927e-010
9926	2.1415e-010
9927	2.1885e-010
9928	2.2362e-010
9929	2.2863e-010
9930	2.3344e-010
9931	2.3894e-010
9932	2.4447e-010
9933	2.5015e-010
9934	2.5581e-010
9935	2.6167e-010
9936	2.6778e-010
9937	2.7302e-010
9938	2.7984e-010
9939	2.8634e-010
9940	2.9315e-010
9941	3.0074e-010
9942	3.0775e-010
9943	3.1296e-010
9944	3.1922e-010
9945	3.309e-010
9946	3.3151e-010
9947	3.2009e-010
9948	3.1416e-010
9949	3.106e-010
9950	3.0446e-010
9951	2.9709e-010
9952	2.9075e-010
9953	2.8454e-010
9954	2.7689e-010
9955	2.7319e-010
9956	2.6733e-010
9957	2.6173e-010
9958	2.5649e-010
9959	2.5152e-010
9960	2.458e-010
9961	2.3937e-010
9962	2.3603e-010
9963	2.3247e-010
9964	2.2863e-010
9965	2.254e-010
9966	2.2269e-010
9967	2.212e-010
9968	2.1001e-010
9969	2.1577e-010
9970	2.0834e-010
9971	2.1252e-010
9972	1.9986e-010
9973	2.0259e-010
9974	2.0203e-010
9975	1.8225e-010
9976	1.7494e-010
9977	2.0267e-010
9978	1.7322e-010
9979	1.7185e-010
9980	1.8992e-010
9981	1.7964e-010
9982	1.9359e-010
9983	1.5628e-010
9984	1.6334e-010
9985	1.4464e-010
9986	1.3732e-010
9987	1.4809e-010
9988	1.3438e-010
9989	1.4643e-010
9990	1.2887e-010
9991	1.3577e-010
9992	1.2043e-010
9993	1.2231e-010
9994	1.181e-010
9995	1.1089e-010
9996	1.3379e-010
9997	1.2398e-010
9998	1.3031e-010
9999	9.8239e-011
10000	1.0181e-010
10001	1.1717e-010
10002	1.0528e-010
10003	1.1552e-010
10004	1.3065e-010
10005	1.4507e-010
10006	1.7824e-010
10007	2.8462e-010
10008	3.3429e-010
10009	3.6803e-010
10010	4.7869e-010
10011	7.3484e-011
10012	7.3188e-011
10013	7.2077e-011
10014	7.3649e-011
10015	7.6975e-011
10016	7.9264e-011
10017	8.1029e-011
10018	8.3244e-011
10019	8.5868e-011
10020	8.7066e-011
10021	8.8983e-011
10022	9.1312e-011
10023	9.3265e-011
10024	9.6184e-011
10025	9.7569e-011
10026	9.979e-011
10027	1.0191e-010
10028	1.0427e-010
10029	1.0673e-010
10030	1.0911e-010
10031	1.1193e-010
10032	1.1417e-010
10033	1.1707e-010
10034	1.1935e-010
10035	1.2226e-010
10036	1.2491e-010
10037	1.2761e-010
10038	1.3113e-010
10039	1.3353e-010
10040	1.3735e-010
10041	1.3966e-010
10042	1.4283e-010
10043	1.4655e-010
10044	1.4931e-010
10045	1.5284e-010
10046	1.5651e-010
10047	1.5962e-010
10048	1.6349e-010
10049	1.6749e-010
10050	1.7093e-010
10051	1.7441e-010
10052	1.7884e-010
10053	1.8261e-010
10054	1.8696e-010
10055	1.9073e-010
10056	1.9492e-010
10057	1.9956e-010
10058	2.0404e-010
10059	2.0874e-010
10060	2.1331e-010
10061	2.1821e-010
10062	2.231e-010
10063	2.2813e-010
10064	2.3331e-010
10065	2.3855e-010
10066	2.4439e-010
10067	2.495e-010
10068	2.5576e-010
10069	2.6139e-010
10070	2.673e-010
10071	2.7296e-010
10072	2.7999e-010
10073	2.8679e-010
10074	2.9272e-010
10075	2.9971e-010
10076	3.004e-010
10077	2.9362e-010
10078	2.884e-010
10079	2.821e-010
10080	2.7487e-010
10081	2.7021e-010
10082	2.6501e-010
10083	2.6015e-010
10084	2.5305e-010
10085	2.4903e-010
10086	2.4262e-010
10087	2.3778e-010
10088	2.3278e-010
10089	2.2827e-010
10090	2.2424e-010
10091	2.1885e-010
10092	2.1569e-010
10093	2.1201e-010
10094	2.0775e-010
10095	2.0066e-010
10096	1.9958e-010
10097	2.0251e-010
10098	1.9899e-010
10099	1.9661e-010
10100	1.8275e-010
10101	1.8956e-010
10102	1.9529e-010
10103	1.8099e-010
10104	1.7396e-010
10105	1.7498e-010
10106	1.6149e-010
10107	1.7129e-010
10108	1.7082e-010
10109	1.5297e-010
10110	1.6221e-010
10111	1.8475e-010
10112	1.6079e-010
10113	1.5745e-010
10114	1.3919e-010
10115	1.2874e-010
10116	1.2944e-010
10117	1.2628e-010
10118	1.3048e-010
10119	1.2381e-010
10120	1.2472e-010
10121	1.1621e-010
10122	1.1212e-010
10123	1.0759e-010
10124	1.0387e-010
10125	1.0216e-010
10126	1.1254e-010
10127	1.2689e-010
10128	1.0749e-010
10129	9.4355e-011
10130	8.7213e-011
10131	9.901e-011
10132	1.0641e-010
10133	9.5391e-011
10134	1.1561e-010
10135	1.2241e-010
10136	1.8267e-010
10137	2.8439e-010
10138	3.5621e-010
10139	3.7933e-010
10140	5.474e-010
10141	7.3449e-011
10142	7.3179e-011
10143	7.205e-011
10144	7.3618e-011
10145	7.6921e-011
10146	7.9208e-011
10147	8.0978e-011
10148	8.3235e-011
10149	8.5883e-011
10150	8.7084e-011
10151	8.8958e-011
10152	9.1318e-011
10153	9.3272e-011
10154	9.62e-011
10155	9.7592e-011
10156	9.9797e-011
10157	1.0191e-010
10158	1.043e-010
10159	1.0675e-010
10160	1.0908e-010
10161	1.1188e-010
10162	1.1411e-010
10163	1.1705e-010
10164	1.1935e-010
10165	1.2226e-010
10166	1.2489e-010
10167	1.2759e-010
10168	1.3111e-010
10169	1.3349e-010
10170	1.3734e-010
10171	1.3971e-010
10172	1.4288e-010
10173	1.4657e-010
10174	1.4933e-010
10175	1.529e-010
10176	1.5661e-010
10177	1.5961e-010
10178	1.6348e-010
10179	1.675e-010
10180	1.7096e-010
10181	1.7435e-010
10182	1.7878e-010
10183	1.8264e-010
10184	1.8696e-010
10185	1.9078e-010
10186	1.9497e-010
10187	1.996e-010
10188	2.0411e-010
10189	2.0883e-010
10190	2.1342e-010
10191	2.1832e-010
10192	2.232e-010
10193	2.2832e-010
10194	2.3345e-010
10195	2.3864e-010
10196	2.4443e-010
10197	2.4955e-010
10198	2.5576e-010
10199	2.613e-010
10200	2.6722e-010
10201	2.7277e-010
10202	2.7967e-010
10203	2.8647e-010
10204	2.9247e-010
10205	2.9935e-010
10206	3.0002e-010
10207	2.9325e-010
10208	2.8819e-010
10209	2.8192e-010
10210	2.7464e-010
10211	2.6989e-010
10212	2.6469e-010
10213	2.5984e-010
10214	2.5273e-010
10215	2.4874e-010
10216	2.4232e-010
10217	2.3746e-010
10218	2.3252e-010
10219	2.279e-010
10220	2.2386e-010
10221	2.1865e-010
10222	2.1543e-010
10223	2.1169e-010
10224	2.0747e-010
10225	2.0039e-010
10226	1.9931e-010
10227	2.0206e-010
10228	1.9887e-010
10229	1.9618e-010
10230	1.8243e-010
10231	1.8926e-010
10232	1.9495e-010
10233	1.8074e-010
10234	1.7366e-010
10235	1.7472e-010
10236	1.612e-010
10237	1.7107e-010
10238	1.7058e-010
10239	1.5273e-010
10240	1.6199e-010
10241	1.8458e-010
10242	1.6065e-010
10243	1.573e-010
10244	1.3911e-010
10245	1.2866e-010
10246	1.2934e-010
10247	1.2621e-010
10248	1.3043e-010
10249	1.2378e-010
10250	1.2468e-010
10251	1.1617e-010
10252	1.1208e-010
10253	1.0756e-010
10254	1.0386e-010
10255	1.0213e-010
10256	1.1252e-010
10257	1.2683e-010
10258	1.0748e-010
10259	9.4311e-011
10260	8.7169e-011
10261	9.8967e-011
10262	1.0637e-010
10263	9.5338e-011
10264	1.1554e-010
10265	1.2235e-010
10266	1.8261e-010
10267	2.8438e-010
10268	3.5617e-010
10269	3.7932e-010
10270	5.4741e-010
10271	7.9937e-011
10272	8.0351e-011
10273	8.1288e-011
10274	8.2047e-011
10275	8.4631e-011
10276	8.656e-011
10277	8.9106e-011
10278	9.2339e-011
10279	9.2511e-011
10280	9.6719e-011
10281	9.8248e-011
10282	9.9344e-011
10283	1.0393e-010
10284	1.0369e-010
10285	1.0837e-010
10286	1.091e-010
10287	1.1214e-010
10288	1.1476e-010
10289	1.167e-010
10290	1.2039e-010
10291	1.2174e-010
10292	1.261e-010
10293	1.2739e-010
10294	1.3162e-010
10295	1.336e-010
10296	1.3703e-010
10297	1.4069e-010
10298	1.424e-010
10299	1.4795e-010
10300	1.4878e-010
10301	1.5429e-010
10302	1.5701e-010
10303	1.5942e-010
10304	1.6476e-010
10305	1.6739e-010
10306	1.7082e-010
10307	1.7596e-010
10308	1.7964e-010
10309	1.8206e-010
10310	1.8782e-010
10311	1.919e-010
10312	1.9593e-010
10313	1.9929e-010
10314	2.0466e-010
10315	2.0953e-010
10316	2.1437e-010
10317	2.1885e-010
10318	2.2367e-010
10319	2.2881e-010
10320	2.3361e-010
10321	2.3919e-010
10322	2.4473e-010
10323	2.5038e-010
10324	2.5603e-010
10325	2.6169e-010
10326	2.678e-010
10327	2.732e-010
10328	2.798e-010
10329	2.8624e-010
10330	2.9304e-010
10331	3.0064e-010
10332	3.0743e-010
10333	3.1251e-010
10334	3.1875e-010
10335	3.3042e-010
10336	3.3093e-010
10337	3.1954e-010
10338	3.1385e-010
10339	3.1021e-010
10340	3.0407e-010
10341	2.9672e-010
10342	2.9034e-010
10343	2.8401e-010
10344	2.7632e-010
10345	2.7262e-010
10346	2.6682e-010
10347	2.6122e-010
10348	2.5592e-010
10349	2.5083e-010
10350	2.4545e-010
10351	2.3863e-010
10352	2.3577e-010
10353	2.3185e-010
10354	2.2807e-010
10355	2.2486e-010
10356	2.2224e-010
10357	2.2062e-010
10358	2.0913e-010
10359	2.1521e-010
10360	2.0783e-010
10361	2.1199e-010
10362	1.9931e-010
10363	2.0204e-010
10364	2.0155e-010
10365	1.8176e-010
10366	1.7451e-010
10367	2.0223e-010
10368	1.728e-010
10369	1.7147e-010
10370	1.8956e-010
10371	1.7938e-010
10372	1.9331e-010
10373	1.5603e-010
10374	1.6316e-010
10375	1.4443e-010
10376	1.3714e-010
10377	1.4794e-010
10378	1.3426e-010
10379	1.4638e-010
10380	1.2879e-010
10381	1.3572e-010
10382	1.2039e-010
10383	1.2231e-010
10384	1.1814e-010
10385	1.1089e-010
10386	1.3378e-010
10387	1.2391e-010
10388	1.3028e-010
10389	9.8174e-011
10390	1.0169e-010
10391	1.1709e-010
10392	1.0515e-010
10393	1.1542e-010
10394	1.3048e-010
10395	1.4495e-010
10396	1.7812e-010
10397	2.8453e-010
10398	3.3421e-010
10399	3.6801e-010
10400	4.786e-010
10401	7.3446e-011
10402	7.314e-011
10403	7.2014e-011
10404	7.3581e-011
10405	7.689e-011
10406	7.9184e-011
10407	8.0961e-011
10408	8.3225e-011
10409	8.5885e-011
10410	8.7097e-011
10411	8.8976e-011
10412	9.1319e-011
10413	9.3297e-011
10414	9.6206e-011
10415	9.7596e-011
10416	9.9797e-011
10417	1.0192e-010
10418	1.0435e-010
10419	1.0679e-010
10420	1.0909e-010
10421	1.1186e-010
10422	1.1409e-010
10423	1.1703e-010
10424	1.1936e-010
10425	1.223e-010
10426	1.2497e-010
10427	1.2762e-010
10428	1.3107e-010
10429	1.3344e-010
10430	1.3733e-010
10431	1.3972e-010
10432	1.4289e-010
10433	1.4658e-010
10434	1.493e-010
10435	1.5289e-010
10436	1.5659e-010
10437	1.5964e-010
10438	1.6347e-010
10439	1.6747e-010
10440	1.7093e-010
10441	1.7432e-010
10442	1.7874e-010
10443	1.8266e-010
10444	1.8699e-010
10445	1.9086e-010
10446	1.9501e-010
10447	1.9958e-010
10448	2.0412e-010
10449	2.0892e-010
10450	2.1346e-010
10451	2.1831e-010
10452	2.2314e-010
10453	2.2829e-010
10454	2.3349e-010
10455	2.3861e-010
10456	2.4446e-010
10457	2.4946e-010
10458	2.5576e-010
10459	2.6126e-010
10460	2.6716e-010
10461	2.7268e-010
10462	2.7963e-010
10463	2.8652e-010
10464	2.9236e-010
10465	2.9944e-010
10466	2.999e-010
10467	2.9333e-010
10468	2.8816e-010
10469	2.8192e-010
10470	2.7464e-010
10471	2.6986e-010
10472	2.6465e-010
10473	2.5978e-010
10474	2.5267e-010
10475	2.4869e-010
10476	2.4231e-010
10477	2.3741e-010
10478	2.3244e-010
10479	2.2783e-010
10480	2.2374e-010
10481	2.1857e-010
10482	2.1537e-010
10483	2.1168e-010
10484	2.0742e-010
10485	2.0029e-010
10486	1.993e-010
10487	2.0111e-010
10488	1.9882e-010
10489	1.9517e-010
10490	1.8247e-010
10491	1.8916e-010
10492	1.949e-010
10493	1.8068e-010
10494	1.7362e-010
10495	1.7467e-010
10496	1.6115e-010
10497	1.7103e-010
10498	1.7055e-010
10499	1.5272e-010
10500	1.6195e-010
10501	1.8453e-010
10502	1.6063e-010
10503	1.5728e-010
10504	1.3909e-010
10505	1.2865e-010
10506	1.2932e-010
10507	1.2617e-010
10508	1.304e-010
10509	1.2375e-010
10510	1.2466e-010
10511	1.1615e-010
10512	1.1209e-010
10513	1.0757e-010
10514	1.0383e-010
10515	1.0212e-010
10516	1.1252e-010
10517	1.2681e-010
10518	1.0743e-010
10519	9.4305e-011
10520	8.7135e-011
10521	9.896e-011
10522	1.0638e-010
10523	9.5327e-011
10524	1.1551e-010
10525	1.2233e-010
10526	1.8262e-010
10527	2.8436e-010
10528	3.562e-010
10529	3.7927e-010
10530	5.4726e-010
10531	7.3446e-011
10532	7.314e-011
10533	7.2013e-011
10534	7.358e-011
10535	7.6888e-011
10536	7.9178e-011
10537	8.0956e-011
10538	8.3224e-011
10539	8.5885e-011
10540	8.7097e-011
10541	8.8973e-011
10542	9.1317e-011
10543	9.3296e-011
10544	9.6206e-011
10545	9.7596e-011
10546	9.9796e-011
10547	1.0192e-010
10548	1.0434e-010
10549	1.0679e-010
10550	1.0909e-010
10551	1.1186e-010
10552	1.141e-010
10553	1.1703e-010
10554	1.1936e-010
10555	1.2229e-010
10556	1.2497e-010
10557	1.2762e-010
10558	1.3109e-010
10559	1.3344e-010
10560	1.3733e-010
10561	1.3972e-010
10562	1.4289e-010
10563	1.4659e-010
10564	1.4932e-010
10565	1.5288e-010
10566	1.5659e-010
10567	1.5964e-010
10568	1.6348e-010
10569	1.6748e-010
10570	1.7094e-010
10571	1.7432e-010
10572	1.7874e-010
10573	1.8267e-010
10574	1.8698e-010
10575	1.9086e-010
10576	1.9501e-010
10577	1.9958e-010
10578	2.0412e-010
10579	2.0892e-010
10580	2.1346e-010
10581	2.1831e-010
10582	2.2314e-010
10583	2.2829e-010
10584	2.3349e-010
10585	2.3861e-010
10586	2.4446e-010
10587	2.4947e-010
10588	2.5576e-010
10589	2.6126e-010
10590	2.6716e-010
10591	2.7268e-010
10592	2.7963e-010
10593	2.8651e-010
10594	2.9236e-010
10595	2.9944e-010
10596	2.999e-010
10597	2.9333e-010
10598	2.882e-010
10599	2.8189e-010
10600	2.7461e-010
10601	2.6987e-010
10602	2.6464e-010
10603	2.5977e-010
10604	2.5268e-010
10605	2.4869e-010
10606	2.4231e-010
10607	2.3741e-010
10608	2.3244e-010
10609	2.2782e-010
10610	2.2375e-010
10611	2.1856e-010
10612	2.1536e-010
10613	2.1168e-010
10614	2.0741e-010
10615	2.0032e-010
10616	1.9917e-010
10617	2.0121e-010
10618	1.9745e-010
10619	1.9521e-010
10620	1.8236e-010
10621	1.8919e-010
10622	1.9487e-010
10623	1.807e-010
10624	1.7362e-010
10625	1.7467e-010
10626	1.6114e-010
10627	1.7102e-010
10628	1.7055e-010
10629	1.5271e-010
10630	1.6194e-010
10631	1.8453e-010
10632	1.6062e-010
10633	1.5728e-010
10634	1.3909e-010
10635	1.2865e-010
10636	1.2932e-010
10637	1.2616e-010
10638	1.304e-010
10639	1.2374e-010
10640	1.2466e-010
10641	1.1616e-010
10642	1.1209e-010
10643	1.0757e-010
10644	1.0383e-010
10645	1.0212e-010
10646	1.1252e-010
10647	1.2681e-010
10648	1.0745e-010
10649	9.4302e-011
10650	8.713e-011
10651	9.897e-011
10652	1.0638e-010
10653	9.5326e-011
10654	1.1551e-010
10655	1.2233e-010
10656	1.8261e-010
10657	2.8436e-010
10658	3.562e-010
10659	3.7927e-010
10660	5.4726e-010
10661	7.9931e-011
10662	8.0348e-011
10663	8.1287e-011
10664	8.2054e-011
10665	8.4616e-011
10666	8.6567e-011
10667	8.9104e-011
10668	9.2342e-011
10669	9.2514e-011
10670	9.6715e-011
10671	9.8245e-011
10672	9.9352e-011
10673	1.0393e-010
10674	1.0369e-010
10675	1.0838e-010
10676	1.091e-010
10677	1.1214e-010
10678	1.1475e-010
10679	1.1671e-010
10680	1.204e-010
10681	1.2174e-010
10682	1.2609e-010
10683	1.2739e-010
10684	1.3162e-010
10685	1.3362e-010
10686	1.3703e-010
10687	1.407e-010
10688	1.4241e-010
10689	1.4796e-010
10690	1.4879e-010
10691	1.543e-010
10692	1.5702e-010
10693	1.5943e-010
10694	1.6477e-010
10695	1.6738e-010
10696	1.7081e-010
10697	1.7597e-010
10698	1.7963e-010
10699	1.8206e-010
10700	1.8791e-010
10701	1.9191e-010
10702	1.9593e-010
10703	1.9929e-010
10704	2.0464e-010
10705	2.0954e-010
10706	2.1437e-010
10707	2.1884e-010
10708	2.2368e-010
10709	2.2882e-010
10710	2.3361e-010
10711	2.3919e-010
10712	2.4471e-010
10713	2.5037e-010
10714	2.5604e-010
10715	2.617e-010
10716	2.6781e-010
10717	2.7321e-010
10718	2.7981e-010
10719	2.862e-010
10720	2.9305e-010
10721	3.0065e-010
10722	3.0744e-010
10723	3.1255e-010
10724	3.1874e-010
10725	3.3042e-010
10726	3.3096e-010
10727	3.1952e-010
10728	3.1385e-010
10729	3.1022e-010
10730	3.0404e-010
10731	2.967e-010
10732	2.9033e-010
10733	2.8405e-010
10734	2.7633e-010
10735	2.7264e-010
10736	2.6681e-010
10737	2.6123e-010
10738	2.5594e-010
10739	2.5087e-010
10740	2.4537e-010
10741	2.3879e-010
10742	2.3575e-010
10743	2.3187e-010
10744	2.2807e-010
10745	2.2489e-010
10746	2.2222e-010
10747	2.1857e-010
10748	2.1053e-010
10749	2.1313e-010
10750	2.0781e-010
10751	2.1202e-010
10752	1.9932e-010
10753	2.0204e-010
10754	2.0155e-010
10755	1.8178e-010
10756	1.7449e-010
10757	2.0222e-010
10758	1.728e-010
10759	1.7147e-010
10760	1.8954e-010
10761	1.7937e-010
10762	1.9329e-010
10763	1.5605e-010
10764	1.6314e-010
10765	1.4444e-010
10766	1.3713e-010
10767	1.4793e-010
10768	1.3426e-010
10769	1.4639e-010
10770	1.2879e-010
10771	1.3573e-010
10772	1.2038e-010
10773	1.2229e-010
10774	1.1814e-010
10775	1.109e-010
10776	1.3377e-010
10777	1.2392e-010
10778	1.3028e-010
10779	9.8172e-011
10780	1.0169e-010
10781	1.1709e-010
10782	1.0515e-010
10783	1.1542e-010
10784	1.3047e-010
10785	1.4496e-010
10786	1.7811e-010
10787	2.8453e-010
10788	3.3423e-010
10789	3.6802e-010
10790	4.7862e-010
10791	7.3452e-011
10792	7.3179e-011
10793	7.2044e-011
10794	7.3618e-011
10795	7.6917e-011
10796	7.9206e-011
10797	8.0996e-011
10798	8.3236e-011
10799	8.5882e-011
10800	8.7087e-011
10801	8.8961e-011
10802	9.1315e-011
10803	9.3268e-011
10804	9.62e-011
10805	9.7587e-011
10806	9.979e-011
10807	1.0191e-010
10808	1.0431e-010
10809	1.0675e-010
10810	1.0909e-010
10811	1.1188e-010
10812	1.141e-010
10813	1.1705e-010
10814	1.1934e-010
10815	1.2226e-010
10816	1.2489e-010
10817	1.2759e-010
10818	1.3111e-010
10819	1.335e-010
10820	1.3733e-010
10821	1.397e-010
10822	1.429e-010
10823	1.4656e-010
10824	1.4932e-010
10825	1.529e-010
10826	1.5661e-010
10827	1.5961e-010
10828	1.6348e-010
10829	1.6751e-010
10830	1.7098e-010
10831	1.7435e-010
10832	1.7878e-010
10833	1.8265e-010
10834	1.8695e-010
10835	1.9077e-010
10836	1.9497e-010
10837	1.9959e-010
10838	2.041e-010
10839	2.0887e-010
10840	2.1342e-010
10841	2.1831e-010
10842	2.2323e-010
10843	2.2831e-010
10844	2.3344e-010
10845	2.3864e-010
10846	2.4443e-010
10847	2.4956e-010
10848	2.5575e-010
10849	2.613e-010
10850	2.6721e-010
10851	2.7277e-010
10852	2.7971e-010
10853	2.8645e-010
10854	2.9246e-010
10855	2.9933e-010
10856	3.0001e-010
10857	2.9324e-010
10858	2.8824e-010
10859	2.8189e-010
10860	2.7464e-010
10861	2.6989e-010
10862	2.6467e-010
10863	2.5982e-010
10864	2.5274e-010
10865	2.4875e-010
10866	2.4231e-010
10867	2.3746e-010
10868	2.3252e-010
10869	2.2789e-010
10870	2.239e-010
10871	2.186e-010
10872	2.1544e-010
10873	2.1169e-010
10874	2.0748e-010
10875	2.004e-010
10876	1.9937e-010
10877	2.0084e-010
10878	1.978e-010
10879	1.9481e-010
10880	1.8253e-010
10881	1.8922e-010
10882	1.9493e-010
10883	1.8073e-010
10884	1.7366e-010
10885	1.7472e-010
10886	1.612e-010
10887	1.7106e-010
10888	1.7059e-010
10889	1.5273e-010
10890	1.6199e-010
10891	1.8457e-010
10892	1.6065e-010
10893	1.573e-010
10894	1.3914e-010
10895	1.2867e-010
10896	1.2934e-010
10897	1.2621e-010
10898	1.3042e-010
10899	1.2378e-010
10900	1.2468e-010
10901	1.1616e-010
10902	1.1208e-010
10903	1.0755e-010
10904	1.0386e-010
10905	1.0213e-010
10906	1.1252e-010
10907	1.2684e-010
10908	1.0747e-010
10909	9.4315e-011
10910	8.716e-011
10911	9.897e-011
10912	1.0636e-010
10913	9.5339e-011
10914	1.1554e-010
10915	1.2234e-010
10916	1.826e-010
10917	2.8437e-010
10918	3.5617e-010
10919	3.7931e-010
10920	5.474e-010
10921	7.3472e-011
10922	7.3191e-011
10923	7.2072e-011
10924	7.3654e-011
10925	7.6978e-011
10926	7.9272e-011
10927	8.1024e-011
10928	8.3241e-011
10929	8.586e-011
10930	8.7069e-011
10931	8.898e-011
10932	9.1331e-011
10933	9.3259e-011
10934	9.6191e-011
10935	9.7574e-011
10936	9.9786e-011
10937	1.019e-010
10938	1.043e-010
10939	1.0672e-010
10940	1.0912e-010
10941	1.1192e-010
10942	1.1416e-010
10943	1.1709e-010
10944	1.1936e-010
10945	1.2226e-010
10946	1.249e-010
10947	1.2761e-010
10948	1.3113e-010
10949	1.3352e-010
10950	1.3733e-010
10951	1.3965e-010
10952	1.4283e-010
10953	1.4657e-010
10954	1.493e-010
10955	1.5286e-010
10956	1.565e-010
10957	1.5962e-010
10958	1.635e-010
10959	1.6744e-010
10960	1.7095e-010
10961	1.7441e-010
10962	1.7884e-010
10963	1.8263e-010
10964	1.8693e-010
10965	1.9072e-010
10966	1.9492e-010
10967	1.9958e-010
10968	2.0406e-010
10969	2.0874e-010
10970	2.133e-010
10971	2.182e-010
10972	2.2308e-010
10973	2.2813e-010
10974	2.333e-010
10975	2.3858e-010
10976	2.4438e-010
10977	2.4951e-010
10978	2.5575e-010
10979	2.6138e-010
10980	2.6733e-010
10981	2.7295e-010
10982	2.8e-010
10983	2.8679e-010
10984	2.927e-010
10985	2.9968e-010
10986	3.0037e-010
10987	2.9366e-010
10988	2.8837e-010
10989	2.8209e-010
10990	2.7484e-010
10991	2.702e-010
10992	2.6499e-010
10993	2.602e-010
10994	2.5304e-010
10995	2.4902e-010
10996	2.4262e-010
10997	2.3775e-010
10998	2.3284e-010
10999	2.2815e-010
11000	2.2433e-010
11001	2.1918e-010
11002	2.1581e-010
11003	2.1195e-010
11004	2.0778e-010
11005	2.0067e-010
11006	1.9951e-010
11007	2.0175e-010
11008	1.9795e-010
11009	1.9573e-010
11010	1.8265e-010
11011	1.8958e-010
11012	1.9527e-010
11013	1.8106e-010
11014	1.7389e-010
11015	1.7498e-010
11016	1.6149e-010
11017	1.7131e-010
11018	1.7082e-010
11019	1.5294e-010
11020	1.622e-010
11021	1.8476e-010
11022	1.6078e-010
11023	1.5743e-010
11024	1.3921e-010
11025	1.2874e-010
11026	1.2943e-010
11027	1.2626e-010
11028	1.3049e-010
11029	1.2382e-010
11030	1.2473e-010
11031	1.162e-010
11032	1.1212e-010
11033	1.0759e-010
11034	1.0387e-010
11035	1.0215e-010
11036	1.1255e-010
11037	1.2688e-010
11038	1.0749e-010
11039	9.4353e-011
11040	8.7205e-011
11041	9.901e-011
11042	1.0641e-010
11043	9.5399e-011
11044	1.156e-010
11045	1.2241e-010
11046	1.8267e-010
11047	2.8443e-010
11048	3.5621e-010
11049	3.7931e-010
11050	5.4741e-010
11051	7.9978e-011
11052	8.0374e-011
11053	8.131e-011
11054	8.2095e-011
11055	8.4677e-011
11056	8.6611e-011
11057	8.9125e-011
11058	9.2342e-011
11059	9.2458e-011
11060	9.6666e-011
11061	9.8238e-011
11062	9.9313e-011
11063	1.0392e-010
11064	1.0364e-010
11065	1.0834e-010
11066	1.0912e-010
11067	1.1217e-010
11068	1.1468e-010
11069	1.1661e-010
11070	1.2036e-010
11071	1.2174e-010
11072	1.2613e-010
11073	1.2744e-010
11074	1.3159e-010
11075	1.3358e-010
11076	1.3697e-010
11077	1.4073e-010
11078	1.425e-010
11079	1.48e-010
11080	1.4867e-010
11081	1.5421e-010
11082	1.5687e-010
11083	1.5939e-010
11084	1.6478e-010
11085	1.6729e-010
11086	1.706e-010
11087	1.7587e-010
11088	1.7962e-010
11089	1.8189e-010
11090	1.878e-010
11091	1.9197e-010
11092	1.9592e-010
11093	1.9933e-010
11094	2.0453e-010
11095	2.0927e-010
11096	2.1417e-010
11097	2.1884e-010
11098	2.2361e-010
11099	2.2864e-010
11100	2.3343e-010
11101	2.3898e-010
11102	2.4449e-010
11103	2.502e-010
11104	2.5586e-010
11105	2.6161e-010
11106	2.6783e-010
11107	2.7302e-010
11108	2.7975e-010
11109	2.8633e-010
11110	2.9311e-010
11111	3.0076e-010
11112	3.0778e-010
11113	3.1294e-010
11114	3.1909e-010
11115	3.3096e-010
11116	3.3156e-010
11117	3.2018e-010
11118	3.1412e-010
11119	3.1067e-010
11120	3.0447e-010
11121	2.9703e-010
11122	2.9079e-010
11123	2.8445e-010
11124	2.7688e-010
11125	2.7323e-010
11126	2.6733e-010
11127	2.6174e-010
11128	2.5655e-010
11129	2.5138e-010
11130	2.466e-010
11131	2.3882e-010
11132	2.3683e-010
11133	2.324e-010
11134	2.2864e-010
11135	2.2541e-010
11136	2.2279e-010
11137	2.2017e-010
11138	2.1047e-010
11139	2.1467e-010
11140	2.0838e-010
11141	2.1252e-010
11142	1.9992e-010
11143	2.0253e-010
11144	2.0207e-010
11145	1.8224e-010
11146	1.7493e-010
11147	2.0268e-010
11148	1.7318e-010
11149	1.7186e-010
11150	1.8993e-010
11151	1.7968e-010
11152	1.9355e-010
11153	1.5626e-010
11154	1.6335e-010
11155	1.4462e-010
11156	1.3733e-010
11157	1.4806e-010
11158	1.3431e-010
11159	1.4645e-010
11160	1.2885e-010
11161	1.3579e-010
11162	1.2039e-010
11163	1.2229e-010
11164	1.1811e-010
11165	1.1091e-010
11166	1.3379e-010
11167	1.2393e-010
11168	1.3032e-010
11169	9.823e-011
11170	1.0182e-010
11171	1.1718e-010
11172	1.0529e-010
11173	1.1551e-010
11174	1.3062e-010
11175	1.451e-010
11176	1.782e-010
11177	2.8462e-010
11178	3.3426e-010
11179	3.6805e-010
11180	4.7866e-010
11181	7.3469e-011
11182	7.3188e-011
11183	7.2072e-011
11184	7.3654e-011
11185	7.6979e-011
11186	7.9272e-011
11187	8.1024e-011
11188	8.3239e-011
11189	8.5861e-011
11190	8.707e-011
11191	8.898e-011
11192	9.1331e-011
11193	9.3259e-011
11194	9.6192e-011
11195	9.7575e-011
11196	9.9787e-011
11197	1.019e-010
11198	1.0429e-010
11199	1.0672e-010
11200	1.0912e-010
11201	1.1193e-010
11202	1.1416e-010
11203	1.1709e-010
11204	1.1936e-010
11205	1.2226e-010
11206	1.249e-010
11207	1.2761e-010
11208	1.3113e-010
11209	1.3352e-010
11210	1.3733e-010
11211	1.3965e-010
11212	1.4282e-010
11213	1.4657e-010
11214	1.493e-010
11215	1.5286e-010
11216	1.565e-010
11217	1.5962e-010
11218	1.635e-010
11219	1.6743e-010
11220	1.7095e-010
11221	1.7441e-010
11222	1.7884e-010
11223	1.8263e-010
11224	1.8693e-010
11225	1.9072e-010
11226	1.9492e-010
11227	1.9958e-010
11228	2.0406e-010
11229	2.0874e-010
11230	2.1334e-010
11231	2.1819e-010
11232	2.2308e-010
11233	2.2813e-010
11234	2.333e-010
11235	2.3857e-010
11236	2.4438e-010
11237	2.4951e-010
11238	2.5575e-010
11239	2.6138e-010
11240	2.6732e-010
11241	2.7294e-010
11242	2.7999e-010
11243	2.8683e-010
11244	2.927e-010
11245	2.9968e-010
11246	3.0037e-010
11247	2.9366e-010
11248	2.8837e-010
11249	2.8209e-010
11250	2.7489e-010
11251	2.7019e-010
11252	2.6498e-010
11253	2.6019e-010
11254	2.5304e-010
11255	2.4902e-010
11256	2.4262e-010
11257	2.3774e-010
11258	2.3284e-010
11259	2.2822e-010
11260	2.243e-010
11261	2.194e-010
11262	2.1586e-010
11263	2.1195e-010
11264	2.0776e-010
11265	2.0067e-010
11266	1.997e-010
11267	2.0209e-010
11268	1.9916e-010
11269	1.9619e-010
11270	1.828e-010
11271	1.897e-010
11272	1.9537e-010
11273	1.811e-010
11274	1.7394e-010
11275	1.7496e-010
11276	1.615e-010
11277	1.7131e-010
11278	1.7083e-010
11279	1.5294e-010
11280	1.622e-010
11281	1.8476e-010
11282	1.6078e-010
11283	1.5743e-010
11284	1.3921e-010
11285	1.2874e-010
11286	1.2942e-010
11287	1.2626e-010
11288	1.3048e-010
11289	1.2382e-010
11290	1.2473e-010
11291	1.162e-010
11292	1.1212e-010
11293	1.0759e-010
11294	1.0387e-010
11295	1.0215e-010
11296	1.1255e-010
11297	1.2688e-010
11298	1.0749e-010
11299	9.4353e-011
11300	8.7205e-011
11301	9.9009e-011
11302	1.064e-010
11303	9.5397e-011
11304	1.156e-010
11305	1.2241e-010
11306	1.8267e-010
11307	2.8443e-010
11308	3.5621e-010
11309	3.7931e-010
11310	5.4741e-010
11311	7.345e-011
11312	7.3176e-011
11313	7.2043e-011
11314	7.3618e-011
11315	7.6916e-011
11316	7.9205e-011
11317	8.0996e-011
11318	8.3236e-011
11319	8.5882e-011
11320	8.7084e-011
11321	8.8964e-011
11322	9.1316e-011
11323	9.3265e-011
11324	9.6192e-011
11325	9.7585e-011
11326	9.9787e-011
11327	1.0191e-010
11328	1.043e-010
11329	1.0675e-010
11330	1.0909e-010
11331	1.1188e-010
11332	1.141e-010
11333	1.1707e-010
11334	1.1934e-010
11335	1.2226e-010
11336	1.2489e-010
11337	1.276e-010
11338	1.311e-010
11339	1.3351e-010
11340	1.3732e-010
11341	1.3969e-010
11342	1.429e-010
11343	1.4656e-010
11344	1.4933e-010
11345	1.529e-010
11346	1.5661e-010
11347	1.5962e-010
11348	1.6348e-010
11349	1.6749e-010
11350	1.7098e-010
11351	1.7436e-010
11352	1.7878e-010
11353	1.8264e-010
11354	1.8694e-010
11355	1.9078e-010
11356	1.9497e-010
11357	1.9959e-010
11358	2.041e-010
11359	2.0887e-010
11360	2.1341e-010
11361	2.1831e-010
11362	2.2322e-010
11363	2.2831e-010
11364	2.3346e-010
11365	2.3864e-010
11366	2.4443e-010
11367	2.4956e-010
11368	2.5576e-010
11369	2.613e-010
11370	2.6722e-010
11371	2.7276e-010
11372	2.7971e-010
11373	2.8645e-010
11374	2.9246e-010
11375	2.9932e-010
11376	3.0002e-010
11377	2.9323e-010
11378	2.8823e-010
11379	2.8197e-010
11380	2.7462e-010
11381	2.6988e-010
11382	2.6471e-010
11383	2.5983e-010
11384	2.5274e-010
11385	2.4874e-010
11386	2.4232e-010
11387	2.3746e-010
11388	2.3254e-010
11389	2.2773e-010
11390	2.2433e-010
11391	2.1884e-010
11392	2.159e-010
11393	2.1165e-010
11394	2.0748e-010
11395	2.0037e-010
11396	1.993e-010
11397	2.0213e-010
11398	1.9878e-010
11399	1.9621e-010
11400	1.8252e-010
11401	1.8923e-010
11402	1.9526e-010
11403	1.8065e-010
11404	1.7376e-010
11405	1.7468e-010
11406	1.612e-010
11407	1.7104e-010
11408	1.7059e-010
11409	1.5273e-010
11410	1.6199e-010
11411	1.8457e-010
11412	1.6065e-010
11413	1.573e-010
11414	1.3914e-010
11415	1.2867e-010
11416	1.2934e-010
11417	1.2621e-010
11418	1.3042e-010
11419	1.2377e-010
11420	1.2468e-010
11421	1.1616e-010
11422	1.1208e-010
11423	1.0755e-010
11424	1.0385e-010
11425	1.0213e-010
11426	1.1251e-010
11427	1.2683e-010
11428	1.0747e-010
11429	9.4314e-011
11430	8.7159e-011
11431	9.8966e-011
11432	1.0636e-010
11433	9.5339e-011
11434	1.1554e-010
11435	1.2234e-010
11436	1.8259e-010
11437	2.8437e-010
11438	3.5617e-010
11439	3.793e-010
11440	5.4739e-010
11441	7.9933e-011
11442	8.0334e-011
11443	8.1294e-011
11444	8.2042e-011
11445	8.4613e-011
11446	8.6544e-011
11447	8.9108e-011
11448	9.2344e-011
11449	9.252e-011
11450	9.6721e-011
11451	9.8248e-011
11452	9.9343e-011
11453	1.0394e-010
11454	1.037e-010
11455	1.0837e-010
11456	1.091e-010
11457	1.1213e-010
11458	1.1473e-010
11459	1.1671e-010
11460	1.2039e-010
11461	1.2175e-010
11462	1.2606e-010
11463	1.274e-010
11464	1.3162e-010
11465	1.3362e-010
11466	1.3703e-010
11467	1.4069e-010
11468	1.4241e-010
11469	1.4796e-010
11470	1.4878e-010
11471	1.5431e-010
11472	1.5701e-010
11473	1.5944e-010
11474	1.6477e-010
11475	1.6739e-010
11476	1.7082e-010
11477	1.7596e-010
11478	1.7963e-010
11479	1.8204e-010
11480	1.8789e-010
11481	1.919e-010
11482	1.9593e-010
11483	1.9929e-010
11484	2.0465e-010
11485	2.0953e-010
11486	2.1437e-010
11487	2.1885e-010
11488	2.2368e-010
11489	2.2883e-010
11490	2.3359e-010
11491	2.3919e-010
11492	2.4472e-010
11493	2.5038e-010
11494	2.5603e-010
11495	2.6171e-010
11496	2.6783e-010
11497	2.732e-010
11498	2.7981e-010
11499	2.8621e-010
11500	2.9299e-010
11501	3.0066e-010
11502	3.0743e-010
11503	3.1255e-010
11504	3.1872e-010
11505	3.3043e-010
11506	3.3096e-010
11507	3.1955e-010
11508	3.1382e-010
11509	3.1024e-010
11510	3.0405e-010
11511	2.9672e-010
11512	2.9032e-010
11513	2.8405e-010
11514	2.7634e-010
11515	2.7264e-010
11516	2.6677e-010
11517	2.6128e-010
11518	2.5588e-010
11519	2.5081e-010
11520	2.4637e-010
11521	2.3769e-010
11522	2.3665e-010
11523	2.3193e-010
11524	2.2807e-010
11525	2.2487e-010
11526	2.222e-010
11527	2.206e-010
11528	2.0956e-010
11529	2.1526e-010
11530	2.0774e-010
11531	2.1206e-010
11532	1.9972e-010
11533	2.0214e-010
11534	2.0151e-010
11535	1.8176e-010
11536	1.7452e-010
11537	2.0222e-010
11538	1.7281e-010
11539	1.7148e-010
11540	1.8954e-010
11541	1.7937e-010
11542	1.9328e-010
11543	1.5605e-010
11544	1.6314e-010
11545	1.4444e-010
11546	1.3714e-010
11547	1.4793e-010
11548	1.3426e-010
11549	1.4638e-010
11550	1.2879e-010
11551	1.3573e-010
11552	1.2037e-010
11553	1.2229e-010
11554	1.1813e-010
11555	1.1089e-010
11556	1.3377e-010
11557	1.2391e-010
11558	1.3028e-010
11559	9.8176e-011
11560	1.0169e-010
11561	1.171e-010
11562	1.0513e-010
11563	1.1541e-010
11564	1.3047e-010
11565	1.4496e-010
11566	1.7809e-010
11567	2.8454e-010
11568	3.3423e-010
11569	3.6803e-010
11570	4.7862e-010
11571	7.3444e-011
11572	7.3149e-011
11573	7.2009e-011
11574	7.3578e-011
11575	7.689e-011
11576	7.9173e-011
11577	8.0955e-011
11578	8.3224e-011
11579	8.5879e-011
11580	8.71e-011
11581	8.8973e-011
11582	9.1312e-011
11583	9.3296e-011
11584	9.6206e-011
11585	9.7593e-011
11586	9.9793e-011
11587	1.0191e-010
11588	1.0434e-010
11589	1.0679e-010
11590	1.0909e-010
11591	1.1186e-010
11592	1.1409e-010
11593	1.1703e-010
11594	1.1936e-010
11595	1.223e-010
11596	1.2496e-010
11597	1.2764e-010
11598	1.3108e-010
11599	1.3347e-010
11600	1.3733e-010
11601	1.3971e-010
11602	1.4291e-010
11603	1.4659e-010
11604	1.4933e-010
11605	1.5288e-010
11606	1.5659e-010
11607	1.5964e-010
11608	1.6348e-010
11609	1.6748e-010
11610	1.7092e-010
11611	1.7431e-010
11612	1.7874e-010
11613	1.8267e-010
11614	1.8698e-010
11615	1.9085e-010
11616	1.95e-010
11617	1.9957e-010
11618	2.0411e-010
11619	2.0892e-010
11620	2.1346e-010
11621	2.183e-010
11622	2.2314e-010
11623	2.283e-010
11624	2.3347e-010
11625	2.3861e-010
11626	2.4446e-010
11627	2.4948e-010
11628	2.5576e-010
11629	2.6126e-010
11630	2.6716e-010
11631	2.7267e-010
11632	2.7962e-010
11633	2.8653e-010
11634	2.9235e-010
11635	2.9943e-010
11636	2.9994e-010
11637	2.9332e-010
11638	2.882e-010
11639	2.8189e-010
11640	2.7462e-010
11641	2.6991e-010
11642	2.6463e-010
11643	2.5977e-010
11644	2.5267e-010
11645	2.4867e-010
11646	2.4229e-010
11647	2.3739e-010
11648	2.3248e-010
11649	2.2781e-010
11650	2.2385e-010
11651	2.19e-010
11652	2.1549e-010
11653	2.117e-010
11654	2.0739e-010
11655	2.0028e-010
11656	1.9923e-010
11657	2.0214e-010
11658	1.9863e-010
11659	1.9621e-010
11660	1.8243e-010
11661	1.892e-010
11662	1.9516e-010
11663	1.8068e-010
11664	1.7376e-010
11665	1.746e-010
11666	1.6115e-010
11667	1.7103e-010
11668	1.7055e-010
11669	1.527e-010
11670	1.6194e-010
11671	1.8453e-010
11672	1.6062e-010
11673	1.573e-010
11674	1.3909e-010
11675	1.2865e-010
11676	1.2932e-010
11677	1.2616e-010
11678	1.304e-010
11679	1.2374e-010
11680	1.2466e-010
11681	1.1616e-010
11682	1.1209e-010
11683	1.0756e-010
11684	1.0385e-010
11685	1.0213e-010
11686	1.1252e-010
11687	1.2681e-010
11688	1.0745e-010
11689	9.4301e-011
11690	8.7134e-011
11691	9.8966e-011
11692	1.0638e-010
11693	9.5322e-011
11694	1.155e-010
11695	1.2232e-010
11696	1.8261e-010
11697	2.8439e-010
11698	3.562e-010
11699	3.7926e-010
11700	5.4727e-010
11701	7.3445e-011
11702	7.3138e-011
11703	7.2011e-011
11704	7.3579e-011
11705	7.689e-011
11706	7.9173e-011
11707	8.0955e-011
11708	8.3226e-011
11709	8.5881e-011
11710	8.7095e-011
11711	8.8973e-011
11712	9.1317e-011
11713	9.3295e-011
11714	9.6206e-011
11715	9.7593e-011
11716	9.9793e-011
11717	1.0191e-010
11718	1.0434e-010
11719	1.0679e-010
11720	1.0908e-010
11721	1.1186e-010
11722	1.1409e-010
11723	1.1703e-010
11724	1.1936e-010
11725	1.223e-010
11726	1.2497e-010
11727	1.2762e-010
11728	1.3109e-010
11729	1.3344e-010
11730	1.3733e-010
11731	1.3972e-010
11732	1.4289e-010
11733	1.4659e-010
11734	1.4932e-010
11735	1.5288e-010
11736	1.5659e-010
11737	1.5964e-010
11738	1.6348e-010
11739	1.6748e-010
11740	1.7092e-010
11741	1.7432e-010
11742	1.7874e-010
11743	1.8266e-010
11744	1.8699e-010
11745	1.9086e-010
11746	1.95e-010
11747	1.9957e-010
11748	2.0412e-010
11749	2.0892e-010
11750	2.1346e-010
11751	2.1831e-010
11752	2.2314e-010
11753	2.2828e-010
11754	2.3347e-010
11755	2.3861e-010
11756	2.4445e-010
11757	2.4948e-010
11758	2.5576e-010
11759	2.6126e-010
11760	2.6716e-010
11761	2.7267e-010
11762	2.7962e-010
11763	2.8653e-010
11764	2.9236e-010
11765	2.9943e-010
11766	2.9994e-010
11767	2.9332e-010
11768	2.882e-010
11769	2.8189e-010
11770	2.7462e-010
11771	2.6991e-010
11772	2.6463e-010
11773	2.5977e-010
11774	2.5268e-010
11775	2.4868e-010
11776	2.4229e-010
11777	2.3742e-010
11778	2.3241e-010
11779	2.2777e-010
11780	2.2415e-010
11781	2.1813e-010
11782	2.1573e-010
11783	2.1164e-010
11784	2.0737e-010
11785	2.0028e-010
11786	1.9921e-010
11787	2.0208e-010
11788	1.9859e-010
11789	1.9618e-010
11790	1.8246e-010
11791	1.8916e-010
11792	1.9516e-010
11793	1.8068e-010
11794	1.7375e-010
11795	1.746e-010
11796	1.6115e-010
11797	1.7103e-010
11798	1.7055e-010
11799	1.5271e-010
11800	1.6195e-010
11801	1.8453e-010
11802	1.6062e-010
11803	1.5728e-010
11804	1.3909e-010
11805	1.2865e-010
11806	1.2932e-010
11807	1.2616e-010
11808	1.304e-010
11809	1.2374e-010
11810	1.2466e-010
11811	1.1616e-010
11812	1.1209e-010
11813	1.0756e-010
11814	1.0383e-010
11815	1.0213e-010
11816	1.1252e-010
11817	1.2681e-010
11818	1.0745e-010
11819	9.4302e-011
11820	8.7136e-011
11821	9.8966e-011
11822	1.0638e-010
11823	9.5322e-011
11824	1.1551e-010
11825	1.2232e-010
11826	1.8261e-010
11827	2.8436e-010
11828	3.562e-010
11829	3.7926e-010
11830	5.4727e-010
11831	7.9932e-011
11832	8.0329e-011
11833	8.129e-011
11834	8.2048e-011
11835	8.462e-011
11836	8.6544e-011
11837	8.9107e-011
11838	9.2342e-011
11839	9.2516e-011
11840	9.6716e-011
11841	9.8245e-011
11842	9.9353e-011
11843	1.0393e-010
11844	1.037e-010
11845	1.0838e-010
11846	1.091e-010
11847	1.1214e-010
11848	1.1474e-010
11849	1.1671e-010
11850	1.2039e-010
11851	1.2174e-010
11852	1.2606e-010
11853	1.274e-010
11854	1.3162e-010
11855	1.3362e-010
11856	1.3703e-010
11857	1.407e-010
11858	1.4241e-010
11859	1.4795e-010
11860	1.488e-010
11861	1.543e-010
11862	1.5702e-010
11863	1.5943e-010
11864	1.6476e-010
11865	1.6739e-010
11866	1.7081e-010
11867	1.7596e-010
11868	1.7964e-010
11869	1.8204e-010
11870	1.8788e-010
11871	1.919e-010
11872	1.9592e-010
11873	1.9929e-010
11874	2.0466e-010
11875	2.0954e-010
11876	2.1438e-010
11877	2.1884e-010
11878	2.2368e-010
11879	2.2882e-010
11880	2.3361e-010
11881	2.3919e-010
11882	2.4471e-010
11883	2.5037e-010
11884	2.5603e-010
11885	2.6171e-010
11886	2.6783e-010
11887	2.732e-010
11888	2.7981e-010
11889	2.862e-010
11890	2.9305e-010
11891	3.0065e-010
11892	3.0746e-010
11893	3.1255e-010
11894	3.1874e-010
11895	3.3042e-010
11896	3.3094e-010
11897	3.1954e-010
11898	3.1385e-010
11899	3.1022e-010
11900	3.0404e-010
11901	2.9671e-010
11902	2.9034e-010
11903	2.8405e-010
11904	2.7633e-010
11905	2.7265e-010
11906	2.6676e-010
11907	2.6126e-010
11908	2.5596e-010
11909	2.5077e-010
11910	2.4535e-010
11911	2.3901e-010
11912	2.3574e-010
11913	2.318e-010
11914	2.2811e-010
11915	2.2486e-010
11916	2.2218e-010
11917	2.2063e-010
11918	2.0952e-010
11919	2.1527e-010
11920	2.0773e-010
11921	2.1207e-010
11922	1.9974e-010
11923	2.0215e-010
11924	2.0152e-010
11925	1.8175e-010
11926	1.7451e-010
11927	2.0222e-010
11928	1.728e-010
11929	1.7147e-010
11930	1.8955e-010
11931	1.7936e-010
11932	1.9329e-010
11933	1.5604e-010
11934	1.6314e-010
11935	1.4444e-010
11936	1.3713e-010
11937	1.4793e-010
11938	1.3426e-010
11939	1.4639e-010
11940	1.2879e-010
11941	1.3573e-010
11942	1.2037e-010
11943	1.2229e-010
11944	1.1814e-010
11945	1.1089e-010
11946	1.3377e-010
11947	1.2392e-010
11948	1.3028e-010
11949	9.8173e-011
11950	1.0169e-010
11951	1.171e-010
11952	1.0512e-010
11953	1.1541e-010
11954	1.3047e-010
11955	1.4496e-010
11956	1.7811e-010
11957	2.8453e-010
11958	3.3423e-010
11959	3.6802e-010
11960	4.7862e-010
11961	7.3449e-011
11962	7.3178e-011
11963	7.2044e-011
11964	7.3618e-011
11965	7.6917e-011
11966	7.9206e-011
11967	8.0996e-011
11968	8.3236e-011
11969	8.5882e-011
11970	8.7087e-011
11971	8.8961e-011
11972	9.1315e-011
11973	9.3269e-011
11974	9.6199e-011
11975	9.7587e-011
11976	9.979e-011
11977	1.0191e-010
11978	1.043e-010
11979	1.0675e-010
11980	1.0909e-010
11981	1.1188e-010
11982	1.141e-010
11983	1.1705e-010
11984	1.1934e-010
11985	1.2226e-010
11986	1.2489e-010
11987	1.2759e-010
11988	1.3111e-010
11989	1.335e-010
11990	1.3733e-010
11991	1.397e-010
11992	1.429e-010
11993	1.4657e-010
11994	1.4933e-010
11995	1.529e-010
11996	1.5661e-010
11997	1.5962e-010
11998	1.6348e-010
11999	1.6748e-010
12000	1.7098e-010
12001	1.7436e-010
12002	1.7878e-010
12003	1.8264e-010
12004	1.8695e-010
12005	1.9077e-010
12006	1.9498e-010
12007	1.9959e-010
12008	2.041e-010
12009	2.0886e-010
12010	2.1342e-010
12011	2.1831e-010
12012	2.2322e-010
12013	2.2831e-010
12014	2.3344e-010
12015	2.3864e-010
12016	2.4443e-010
12017	2.4956e-010
12018	2.5575e-010
12019	2.613e-010
12020	2.6721e-010
12021	2.7277e-010
12022	2.7971e-010
12023	2.8645e-010
12024	2.9246e-010
12025	2.9933e-010
12026	3.0002e-010
12027	2.9323e-010
12028	2.8825e-010
12029	2.819e-010
12030	2.7463e-010
12031	2.6988e-010
12032	2.6467e-010
12033	2.5982e-010
12034	2.5274e-010
12035	2.4874e-010
12036	2.4233e-010
12037	2.3743e-010
12038	2.3254e-010
12039	2.2788e-010
12040	2.2392e-010
12041	2.1855e-010
12042	2.155e-010
12043	2.1169e-010
12044	2.0748e-010
12045	2.0039e-010
12046	1.9934e-010
12047	2.0213e-010
12048	1.986e-010
12049	1.9618e-010
12050	1.8248e-010
12051	1.893e-010
12052	1.9521e-010
12053	1.807e-010
12054	1.738e-010
12055	1.7467e-010
12056	1.612e-010
12057	1.7105e-010
12058	1.7058e-010
12059	1.5273e-010
12060	1.6199e-010
12061	1.8457e-010
12062	1.6065e-010
12063	1.573e-010
12064	1.3914e-010
12065	1.2867e-010
12066	1.2935e-010
12067	1.2621e-010
12068	1.3042e-010
12069	1.2378e-010
12070	1.2468e-010
12071	1.1616e-010
12072	1.1208e-010
12073	1.0755e-010
12074	1.0386e-010
12075	1.0213e-010
12076	1.1252e-010
12077	1.2683e-010
12078	1.0747e-010
12079	9.4316e-011
12080	8.716e-011
12081	9.897e-011
12082	1.0636e-010
12083	9.5339e-011
12084	1.1554e-010
12085	1.2234e-010
12086	1.8259e-010
12087	2.8438e-010
12088	3.5617e-010
12089	3.7931e-010
12090	5.4741e-010
12091	7.3473e-011
12092	7.3191e-011
12093	7.2073e-011
12094	7.3656e-011
12095	7.6974e-011
12096	7.9268e-011
12097	8.1025e-011
12098	8.3239e-011
12099	8.5863e-011
12100	8.7065e-011
12101	8.8981e-011
12102	9.1317e-011
12103	9.3263e-011
12104	9.6181e-011
12105	9.7564e-011
12106	9.979e-011
12107	1.019e-010
12108	1.0428e-010
12109	1.0672e-010
12110	1.0912e-010
12111	1.1193e-010
12112	1.1416e-010
12113	1.1709e-010
12114	1.1937e-010
12115	1.2226e-010
12116	1.249e-010
12117	1.2762e-010
12118	1.3112e-010
12119	1.3352e-010
12120	1.3734e-010
12121	1.3966e-010
12122	1.4282e-010
12123	1.4657e-010
12124	1.493e-010
12125	1.5286e-010
12126	1.5651e-010
12127	1.596e-010
12128	1.635e-010
12129	1.6744e-010
12130	1.7092e-010
12131	1.7442e-010
12132	1.7885e-010
12133	1.8263e-010
12134	1.8694e-010
12135	1.9072e-010
12136	1.9492e-010
12137	1.9959e-010
12138	2.0403e-010
12139	2.0874e-010
12140	2.1331e-010
12141	2.1821e-010
12142	2.231e-010
12143	2.2814e-010
12144	2.333e-010
12145	2.3854e-010
12146	2.4438e-010
12147	2.495e-010
12148	2.5575e-010
12149	2.6138e-010
12150	2.6734e-010
12151	2.7295e-010
12152	2.8e-010
12153	2.8679e-010
12154	2.9271e-010
12155	2.9968e-010
12156	3.0038e-010
12157	2.936e-010
12158	2.8838e-010
12159	2.8211e-010
12160	2.7486e-010
12161	2.702e-010
12162	2.65e-010
12163	2.602e-010
12164	2.5305e-010
12165	2.4902e-010
12166	2.4261e-010
12167	2.3776e-010
12168	2.3281e-010
12169	2.2821e-010
12170	2.2425e-010
12171	2.1891e-010
12172	2.1572e-010
12173	2.1197e-010
12174	2.0772e-010
12175	2.0071e-010
12176	1.9956e-010
12177	2.0272e-010
12178	1.9863e-010
12179	1.9674e-010
12180	1.8272e-010
12181	1.8961e-010
12182	1.9551e-010
12183	1.8102e-010
12184	1.7406e-010
12185	1.7493e-010
12186	1.615e-010
12187	1.7131e-010
12188	1.7083e-010
12189	1.5296e-010
12190	1.622e-010
12191	1.8474e-010
12192	1.6079e-010
12193	1.5743e-010
12194	1.392e-010
12195	1.2874e-010
12196	1.2943e-010
12197	1.2627e-010
12198	1.3049e-010
12199	1.2381e-010
12200	1.2474e-010
12201	1.162e-010
12202	1.1212e-010
12203	1.0759e-010
12204	1.0387e-010
12205	1.0215e-010
12206	1.1254e-010
12207	1.2689e-010
12208	1.0749e-010
12209	9.4353e-011
12210	8.7208e-011
12211	9.9005e-011
12212	1.0641e-010
12213	9.5399e-011
12214	1.156e-010
12215	1.2241e-010
12216	1.8268e-010
12217	2.8439e-010
12218	3.5621e-010
12219	3.7931e-010
12220	5.4741e-010
12221	7.9988e-011
12222	8.0368e-011
12223	8.1328e-011
12224	8.2102e-011
12225	8.4672e-011
12226	8.6605e-011
12227	8.9147e-011
12228	9.2329e-011
12229	9.2468e-011
12230	9.6663e-011
12231	9.8236e-011
12232	9.931e-011
12233	1.0392e-010
12234	1.0365e-010
12235	1.0832e-010
12236	1.0912e-010
12237	1.1216e-010
12238	1.1469e-010
12239	1.1661e-010
12240	1.2034e-010
12241	1.2176e-010
12242	1.2612e-010
12243	1.2742e-010
12244	1.3161e-010
12245	1.3357e-010
12246	1.3698e-010
12247	1.4073e-010
12248	1.4249e-010
12249	1.48e-010
12250	1.4873e-010
12251	1.5419e-010
12252	1.5688e-010
12253	1.5937e-010
12254	1.6478e-010
12255	1.6729e-010
12256	1.7059e-010
12257	1.7585e-010
12258	1.7961e-010
12259	1.8191e-010
12260	1.8779e-010
12261	1.9194e-010
12262	1.9598e-010
12263	1.9929e-010
12264	2.046e-010
12265	2.0924e-010
12266	2.1416e-010
12267	2.1887e-010
12268	2.2363e-010
12269	2.2864e-010
12270	2.3346e-010
12271	2.3896e-010
12272	2.4445e-010
12273	2.5017e-010
12274	2.5584e-010
12275	2.6161e-010
12276	2.678e-010
12277	2.7301e-010
12278	2.7979e-010
12279	2.8635e-010
12280	2.9315e-010
12281	3.0074e-010
12282	3.0776e-010
12283	3.1293e-010
12284	3.1917e-010
12285	3.3095e-010
12286	3.3153e-010
12287	3.2014e-010
12288	3.1422e-010
12289	3.1064e-010
12290	3.0443e-010
12291	2.9709e-010
12292	2.9077e-010
12293	2.8453e-010
12294	2.7691e-010
12295	2.7322e-010
12296	2.6734e-010
12297	2.6174e-010
12298	2.5652e-010
12299	2.5144e-010
12300	2.4597e-010
12301	2.3921e-010
12302	2.3621e-010
12303	2.3241e-010
12304	2.2865e-010
12305	2.2542e-010
12306	2.2275e-010
12307	2.2115e-010
12308	2.0995e-010
12309	2.1574e-010
12310	2.0834e-010
12311	2.126e-010
12312	2.0028e-010
12313	2.0269e-010
12314	2.0201e-010
12315	1.8229e-010
12316	1.7494e-010
12317	2.0268e-010
12318	1.7324e-010
12319	1.7186e-010
12320	1.8993e-010
12321	1.7965e-010
12322	1.9357e-010
12323	1.563e-010
12324	1.6334e-010
12325	1.4466e-010
12326	1.3734e-010
12327	1.4808e-010
12328	1.344e-010
12329	1.4643e-010
12330	1.2888e-010
12331	1.3578e-010
12332	1.2043e-010
12333	1.223e-010
12334	1.1811e-010
12335	1.1091e-010
12336	1.338e-010
12337	1.2397e-010
12338	1.3031e-010
12339	9.823e-011
12340	1.0182e-010
12341	1.1717e-010
12342	1.053e-010
12343	1.1551e-010
12344	1.3065e-010
12345	1.4509e-010
12346	1.7822e-010
12347	2.8461e-010
12348	3.3428e-010
12349	3.6805e-010
12350	4.7865e-010
12351	7.348e-011
12352	7.3192e-011
12353	7.2076e-011
12354	7.3658e-011
12355	7.6975e-011
12356	7.9267e-011
12357	8.1028e-011
12358	8.3241e-011
12359	8.5865e-011
12360	8.7065e-011
12361	8.8981e-011
12362	9.1316e-011
12363	9.3264e-011
12364	9.618e-011
12365	9.7564e-011
12366	9.9789e-011
12367	1.0191e-010
12368	1.0428e-010
12369	1.0672e-010
12370	1.091e-010
12371	1.1193e-010
12372	1.1416e-010
12373	1.1709e-010
12374	1.1935e-010
12375	1.2226e-010
12376	1.2491e-010
12377	1.2762e-010
12378	1.3112e-010
12379	1.3352e-010
12380	1.3734e-010
12381	1.3966e-010
12382	1.4282e-010
12383	1.4655e-010
12384	1.493e-010
12385	1.5287e-010
12386	1.5651e-010
12387	1.596e-010
12388	1.635e-010
12389	1.6744e-010
12390	1.7095e-010
12391	1.7442e-010
12392	1.7883e-010
12393	1.826e-010
12394	1.8695e-010
12395	1.9072e-010
12396	1.9493e-010
12397	1.9956e-010
12398	2.0404e-010
12399	2.0874e-010
12400	2.1331e-010
12401	2.1821e-010
12402	2.231e-010
12403	2.2813e-010
12404	2.333e-010
12405	2.3855e-010
12406	2.4438e-010
12407	2.495e-010
12408	2.5576e-010
12409	2.6139e-010
12410	2.6734e-010
12411	2.7295e-010
12412	2.7999e-010
12413	2.8679e-010
12414	2.927e-010
12415	2.9968e-010
12416	3.004e-010
12417	2.9361e-010
12418	2.8839e-010
12419	2.8211e-010
12420	2.7486e-010
12421	2.7021e-010
12422	2.65e-010
12423	2.602e-010
12424	2.5304e-010
12425	2.4902e-010
12426	2.4261e-010
12427	2.3778e-010
12428	2.3278e-010
12429	2.2823e-010
12430	2.2423e-010
12431	2.1892e-010
12432	2.1567e-010
12433	2.1199e-010
12434	2.0775e-010
12435	2.0064e-010
12436	1.9965e-010
12437	2.024e-010
12438	1.9913e-010
12439	1.9651e-010
12440	1.8285e-010
12441	1.8957e-010
12442	1.9553e-010
12443	1.81e-010
12444	1.7405e-010
12445	1.7494e-010
12446	1.615e-010
12447	1.713e-010
12448	1.7082e-010
12449	1.5297e-010
12450	1.6221e-010
12451	1.8474e-010
12452	1.6079e-010
12453	1.5744e-010
12454	1.392e-010
12455	1.2874e-010
12456	1.2943e-010
12457	1.2628e-010
12458	1.3049e-010
12459	1.2381e-010
12460	1.2474e-010
12461	1.162e-010
12462	1.1212e-010
12463	1.0759e-010
12464	1.0387e-010
12465	1.0215e-010
12466	1.1255e-010
12467	1.269e-010
12468	1.0749e-010
12469	9.4353e-011
12470	8.7208e-011
12471	9.9008e-011
12472	1.0641e-010
12473	9.5399e-011
12474	1.156e-010
12475	1.2242e-010
12476	1.8268e-010
12477	2.8439e-010
12478	3.5621e-010
12479	3.7933e-010
12480	5.4741e-010
12481	7.3451e-011
12482	7.3175e-011
12483	7.2051e-011
12484	7.3618e-011
12485	7.6921e-011
12486	7.9209e-011
12487	8.0979e-011
12488	8.3237e-011
12489	8.588e-011
12490	8.7083e-011
12491	8.8958e-011
12492	9.1318e-011
12493	9.3273e-011
12494	9.6201e-011
12495	9.7593e-011
12496	9.9796e-011
12497	1.0191e-010
12498	1.043e-010
12499	1.0675e-010
12500	1.0909e-010
12501	1.1188e-010
12502	1.1411e-010
12503	1.1706e-010
12504	1.1935e-010
12505	1.2225e-010
12506	1.2489e-010
12507	1.2759e-010
12508	1.3111e-010
12509	1.3349e-010
12510	1.3733e-010
12511	1.3971e-010
12512	1.4288e-010
12513	1.4657e-010
12514	1.4934e-010
12515	1.529e-010
12516	1.5662e-010
12517	1.5962e-010
12518	1.6348e-010
12519	1.6748e-010
12520	1.7098e-010
12521	1.7436e-010
12522	1.7879e-010
12523	1.8264e-010
12524	1.8696e-010
12525	1.9078e-010
12526	1.9497e-010
12527	1.996e-010
12528	2.0411e-010
12529	2.0883e-010
12530	2.1342e-010
12531	2.1833e-010
12532	2.232e-010
12533	2.2831e-010
12534	2.3345e-010
12535	2.3864e-010
12536	2.4442e-010
12537	2.4955e-010
12538	2.5576e-010
12539	2.613e-010
12540	2.6722e-010
12541	2.7276e-010
12542	2.7967e-010
12543	2.8646e-010
12544	2.9247e-010
12545	2.9934e-010
12546	3.0002e-010
12547	2.9325e-010
12548	2.8819e-010
12549	2.8192e-010
12550	2.7465e-010
12551	2.6989e-010
12552	2.6468e-010
12553	2.5984e-010
12554	2.5269e-010
12555	2.4874e-010
12556	2.4232e-010
12557	2.3746e-010
12558	2.3252e-010
12559	2.2789e-010
12560	2.2388e-010
12561	2.186e-010
12562	2.1544e-010
12563	2.1168e-010
12564	2.0747e-010
12565	2.0038e-010
12566	1.9928e-010
12567	2.0214e-010
12568	1.9867e-010
12569	1.9618e-010
12570	1.8247e-010
12571	1.8933e-010
12572	1.9505e-010
12573	1.8078e-010
12574	1.7376e-010
12575	1.7468e-010
12576	1.6121e-010
12577	1.7106e-010
12578	1.7058e-010
12579	1.5273e-010
12580	1.62e-010
12581	1.8458e-010
12582	1.6065e-010
12583	1.573e-010
12584	1.3911e-010
12585	1.2866e-010
12586	1.2935e-010
12587	1.2621e-010
12588	1.3042e-010
12589	1.2378e-010
12590	1.2468e-010
12591	1.1617e-010
12592	1.1209e-010
12593	1.0756e-010
12594	1.0386e-010
12595	1.0213e-010
12596	1.1252e-010
12597	1.2683e-010
12598	1.0747e-010
12599	9.4312e-011
12600	8.7168e-011
12601	9.8973e-011
12602	1.0637e-010
12603	9.5339e-011
12604	1.1554e-010
12605	1.2235e-010
12606	1.826e-010
12607	2.8437e-010
12608	3.5617e-010
12609	3.7932e-010
12610	5.474e-010
12611	7.9933e-011
12612	8.0348e-011
12613	8.1284e-011
12614	8.2044e-011
12615	8.4624e-011
12616	8.6571e-011
12617	8.9104e-011
12618	9.233e-011
12619	9.2508e-011
12620	9.6719e-011
12621	9.8245e-011
12622	9.934e-011
12623	1.0393e-010
12624	1.0371e-010
12625	1.0837e-010
12626	1.0911e-010
12627	1.1214e-010
12628	1.1476e-010
12629	1.167e-010
12630	1.2039e-010
12631	1.2173e-010
12632	1.2609e-010
12633	1.2738e-010
12634	1.3162e-010
12635	1.336e-010
12636	1.3706e-010
12637	1.4069e-010
12638	1.4241e-010
12639	1.4794e-010
12640	1.4878e-010
12641	1.5429e-010
12642	1.57e-010
12643	1.5941e-010
12644	1.6476e-010
12645	1.6738e-010
12646	1.7085e-010
12647	1.7596e-010
12648	1.7964e-010
12649	1.8204e-010
12650	1.8789e-010
12651	1.919e-010
12652	1.9592e-010
12653	1.9933e-010
12654	2.0465e-010
12655	2.0952e-010
12656	2.1439e-010
12657	2.1884e-010
12658	2.2366e-010
12659	2.288e-010
12660	2.3363e-010
12661	2.3918e-010
12662	2.447e-010
12663	2.5036e-010
12664	2.5602e-010
12665	2.6168e-010
12666	2.6782e-010
12667	2.7319e-010
12668	2.798e-010
12669	2.8623e-010
12670	2.9307e-010
12671	3.0064e-010
12672	3.0743e-010
12673	3.1254e-010
12674	3.1873e-010
12675	3.3042e-010
12676	3.3092e-010
12677	3.1957e-010
12678	3.1385e-010
12679	3.1024e-010
12680	3.0406e-010
12681	2.9674e-010
12682	2.9034e-010
12683	2.8401e-010
12684	2.7631e-010
12685	2.7266e-010
12686	2.6681e-010
12687	2.6122e-010
12688	2.5593e-010
12689	2.5082e-010
12690	2.4541e-010
12691	2.387e-010
12692	2.3572e-010
12693	2.3187e-010
12694	2.2807e-010
12695	2.248e-010
12696	2.2233e-010
12697	2.2061e-010
12698	2.0912e-010
12699	2.1516e-010
12700	2.0783e-010
12701	2.1206e-010
12702	2.0013e-010
12703	2.0221e-010
12704	2.0151e-010
12705	1.8178e-010
12706	1.7451e-010
12707	2.0223e-010
12708	1.728e-010
12709	1.7147e-010
12710	1.8957e-010
12711	1.7937e-010
12712	1.933e-010
12713	1.5604e-010
12714	1.6316e-010
12715	1.4443e-010
12716	1.3715e-010
12717	1.4794e-010
12718	1.3426e-010
12719	1.4638e-010
12720	1.2878e-010
12721	1.3572e-010
12722	1.204e-010
12723	1.223e-010
12724	1.1814e-010
12725	1.1089e-010
12726	1.3378e-010
12727	1.2391e-010
12728	1.3028e-010
12729	9.818e-011
12730	1.0168e-010
12731	1.1708e-010
12732	1.0516e-010
12733	1.1541e-010
12734	1.3048e-010
12735	1.4494e-010
12736	1.7812e-010
12737	2.8453e-010
12738	3.3421e-010
12739	3.6801e-010
12740	4.7858e-010
12741	7.3447e-011
12742	7.3141e-011
12743	7.2017e-011
12744	7.3586e-011
12745	7.6889e-011
12746	7.919e-011
12747	8.0965e-011
12748	8.3229e-011
12749	8.5884e-011
12750	8.7096e-011
12751	8.898e-011
12752	9.1326e-011
12753	9.33e-011
12754	9.6209e-011
12755	9.7598e-011
12756	9.9797e-011
12757	1.0193e-010
12758	1.0433e-010
12759	1.068e-010
12760	1.0909e-010
12761	1.1186e-010
12762	1.1407e-010
12763	1.1703e-010
12764	1.1937e-010
12765	1.223e-010
12766	1.2497e-010
12767	1.2762e-010
12768	1.3107e-010
12769	1.3346e-010
12770	1.3734e-010
12771	1.3971e-010
12772	1.4289e-010
12773	1.4659e-010
12774	1.4931e-010
12775	1.5289e-010
12776	1.5659e-010
12777	1.5964e-010
12778	1.6348e-010
12779	1.6748e-010
12780	1.7091e-010
12781	1.7431e-010
12782	1.7874e-010
12783	1.8267e-010
12784	1.8699e-010
12785	1.9086e-010
12786	1.9503e-010
12787	1.9958e-010
12788	2.0412e-010
12789	2.0892e-010
12790	2.1347e-010
12791	2.1833e-010
12792	2.2316e-010
12793	2.2831e-010
12794	2.3348e-010
12795	2.3858e-010
12796	2.4447e-010
12797	2.4946e-010
12798	2.5576e-010
12799	2.6127e-010
12800	2.6717e-010
12801	2.7268e-010
12802	2.7963e-010
12803	2.8648e-010
12804	2.9238e-010
12805	2.9942e-010
12806	2.999e-010
12807	2.9333e-010
12808	2.8817e-010
12809	2.8193e-010
12810	2.7465e-010
12811	2.6986e-010
12812	2.6466e-010
12813	2.5978e-010
12814	2.5266e-010
12815	2.4869e-010
12816	2.4231e-010
12817	2.3741e-010
12818	2.3244e-010
12819	2.2778e-010
12820	2.2378e-010
12821	2.1858e-010
12822	2.1536e-010
12823	2.1166e-010
12824	2.074e-010
12825	2.0027e-010
12826	1.9931e-010
12827	2.0187e-010
12828	1.9853e-010
12829	1.9595e-010
12830	1.8236e-010
12831	1.9044e-010
12832	1.9551e-010
12833	1.8183e-010
12834	1.7365e-010
12835	1.7463e-010
12836	1.6116e-010
12837	1.7103e-010
12838	1.7055e-010
12839	1.5272e-010
12840	1.6196e-010
12841	1.8454e-010
12842	1.6063e-010
12843	1.5728e-010
12844	1.391e-010
12845	1.2864e-010
12846	1.2932e-010
12847	1.2617e-010
12848	1.304e-010
12849	1.2375e-010
12850	1.2466e-010
12851	1.1615e-010
12852	1.1209e-010
12853	1.0755e-010
12854	1.0383e-010
12855	1.0212e-010
12856	1.1251e-010
12857	1.2682e-010
12858	1.0744e-010
12859	9.4305e-011
12860	8.7138e-011
12861	9.8959e-011
12862	1.0637e-010
12863	9.5325e-011
12864	1.1551e-010
12865	1.2233e-010
12866	1.8262e-010
12867	2.8437e-010
12868	3.562e-010
12869	3.7926e-010
12870	5.4726e-010
12871	7.3444e-011
12872	7.3143e-011
12873	7.2013e-011
12874	7.3586e-011
12875	7.689e-011
12876	7.9186e-011
12877	8.0967e-011
12878	8.3216e-011
12879	8.5886e-011
12880	8.7098e-011
12881	8.8983e-011
12882	9.1329e-011
12883	9.3303e-011
12884	9.6212e-011
12885	9.76e-011
12886	9.9804e-011
12887	1.0193e-010
12888	1.0433e-010
12889	1.0679e-010
12890	1.0909e-010
12891	1.1186e-010
12892	1.1407e-010
12893	1.1703e-010
12894	1.1937e-010
12895	1.223e-010
12896	1.2496e-010
12897	1.2762e-010
12898	1.3107e-010
12899	1.3346e-010
12900	1.3734e-010
12901	1.3971e-010
12902	1.4289e-010
12903	1.4659e-010
12904	1.4931e-010
12905	1.5289e-010
12906	1.566e-010
12907	1.5964e-010
12908	1.6348e-010
12909	1.6748e-010
12910	1.7094e-010
12911	1.743e-010
12912	1.7875e-010
12913	1.8264e-010
12914	1.87e-010
12915	1.9087e-010
12916	1.9499e-010
12917	1.9959e-010
12918	2.0413e-010
12919	2.0892e-010
12920	2.1347e-010
12921	2.1833e-010
12922	2.2316e-010
12923	2.2832e-010
12924	2.3348e-010
12925	2.3858e-010
12926	2.4448e-010
12927	2.4947e-010
12928	2.5572e-010
12929	2.6127e-010
12930	2.6717e-010
12931	2.7268e-010
12932	2.7962e-010
12933	2.8648e-010
12934	2.9236e-010
12935	2.9943e-010
12936	2.9991e-010
12937	2.9334e-010
12938	2.8818e-010
12939	2.8194e-010
12940	2.7465e-010
12941	2.6987e-010
12942	2.6467e-010
12943	2.5974e-010
12944	2.5263e-010
12945	2.4871e-010
12946	2.4231e-010
12947	2.374e-010
12948	2.3245e-010
12949	2.278e-010
12950	2.2377e-010
12951	2.1859e-010
12952	2.1536e-010
12953	2.1167e-010
12954	2.0737e-010
12955	2.0031e-010
12956	1.9923e-010
12957	2.0211e-010
12958	1.9827e-010
12959	1.9614e-010
12960	1.8247e-010
12961	1.9009e-010
12962	1.9743e-010
12963	1.8145e-010
12964	1.7385e-010
12965	1.7461e-010
12966	1.6117e-010
12967	1.7103e-010
12968	1.7056e-010
12969	1.5271e-010
12970	1.6196e-010
12971	1.8454e-010
12972	1.6063e-010
12973	1.5728e-010
12974	1.391e-010
12975	1.2864e-010
12976	1.2932e-010
12977	1.2617e-010
12978	1.304e-010
12979	1.2375e-010
12980	1.2466e-010
12981	1.1615e-010
12982	1.1209e-010
12983	1.0755e-010
12984	1.0383e-010
12985	1.0212e-010
12986	1.1251e-010
12987	1.2681e-010
12988	1.0745e-010
12989	9.4302e-011
12990	8.7139e-011
12991	9.8965e-011
12992	1.0637e-010
12993	9.5317e-011
12994	1.1551e-010
12995	1.2234e-010
12996	1.8262e-010
12997	2.8436e-010
12998	3.562e-010
12999	3.7926e-010
13000	5.4726e-010
13001	7.993e-011
13002	8.0342e-011
13003	8.1281e-011
13004	8.2042e-011
13005	8.463e-011
13006	8.6585e-011
13007	8.9097e-011
13008	9.2333e-011
13009	9.2504e-011
13010	9.6715e-011
13011	9.8234e-011
13012	9.9337e-011
13013	1.0394e-010
13014	1.0373e-010
13015	1.0836e-010
13016	1.091e-010
13017	1.1214e-010
13018	1.1477e-010
13019	1.167e-010
13020	1.2039e-010
13021	1.2174e-010
13022	1.2609e-010
13023	1.2738e-010
13024	1.3163e-010
13025	1.3359e-010
13026	1.3705e-010
13027	1.407e-010
13028	1.4241e-010
13029	1.4794e-010
13030	1.4876e-010
13031	1.543e-010
13032	1.5702e-010
13033	1.5942e-010
13034	1.6476e-010
13035	1.6738e-010
13036	1.7084e-010
13037	1.7596e-010
13038	1.7963e-010
13039	1.8206e-010
13040	1.8789e-010
13041	1.919e-010
13042	1.9591e-010
13043	1.9935e-010
13044	2.0466e-010
13045	2.0954e-010
13046	2.1437e-010
13047	2.1884e-010
13048	2.2367e-010
13049	2.288e-010
13050	2.3365e-010
13051	2.392e-010
13052	2.4469e-010
13053	2.5038e-010
13054	2.5606e-010
13055	2.6167e-010
13056	2.6781e-010
13057	2.7322e-010
13058	2.7979e-010
13059	2.8622e-010
13060	2.9308e-010
13061	3.0062e-010
13062	3.0745e-010
13063	3.1252e-010
13064	3.1871e-010
13065	3.3043e-010
13066	3.309e-010
13067	3.1962e-010
13068	3.1384e-010
13069	3.1024e-010
13070	3.0409e-010
13071	2.9672e-010
13072	2.9031e-010
13073	2.8398e-010
13074	2.763e-010
13075	2.7264e-010
13076	2.6679e-010
13077	2.612e-010
13078	2.5593e-010
13079	2.5079e-010
13080	2.4543e-010
13081	2.3866e-010
13082	2.3574e-010
13083	2.3185e-010
13084	2.2808e-010
13085	2.2476e-010
13086	2.224e-010
13087	2.2058e-010
13088	2.0871e-010
13089	2.1518e-010
13090	2.0788e-010
13091	2.1326e-010
13092	1.9985e-010
13093	2.0334e-010
13094	2.0147e-010
13095	1.8176e-010
13096	1.7449e-010
13097	2.0223e-010
13098	1.7279e-010
13099	1.7148e-010
13100	1.8957e-010
13101	1.7937e-010
13102	1.933e-010
13103	1.5606e-010
13104	1.6317e-010
13105	1.4444e-010
13106	1.3715e-010
13107	1.4794e-010
13108	1.3426e-010
13109	1.4638e-010
13110	1.2878e-010
13111	1.3573e-010
13112	1.2039e-010
13113	1.2229e-010
13114	1.1815e-010
13115	1.1088e-010
13116	1.3377e-010
13117	1.2389e-010
13118	1.3028e-010
13119	9.8181e-011
13120	1.0168e-010
13121	1.1711e-010
13122	1.052e-010
13123	1.1542e-010
13124	1.3048e-010
13125	1.4494e-010
13126	1.7813e-010
13127	2.8453e-010
13128	3.3421e-010
13129	3.6801e-010
13130	4.7858e-010
13131	7.3452e-011
13132	7.3165e-011
13133	7.2039e-011
13134	7.3618e-011
13135	7.6927e-011
13136	7.9216e-011
13137	8.0984e-011
13138	8.3241e-011
13139	8.5882e-011
13140	8.7089e-011
13141	8.8967e-011
13142	9.131e-011
13143	9.3278e-011
13144	9.6202e-011
13145	9.7596e-011
13146	9.9798e-011
13147	1.0192e-010
13148	1.0428e-010
13149	1.0675e-010
13150	1.0909e-010
13151	1.1189e-010
13152	1.1411e-010
13153	1.1706e-010
13154	1.1935e-010
13155	1.2226e-010
13156	1.2489e-010
13157	1.276e-010
13158	1.3111e-010
13159	1.3349e-010
13160	1.3734e-010
13161	1.3972e-010
13162	1.4289e-010
13163	1.4658e-010
13164	1.4934e-010
13165	1.529e-010
13166	1.5658e-010
13167	1.5962e-010
13168	1.6348e-010
13169	1.6751e-010
13170	1.7098e-010
13171	1.7436e-010
13172	1.7879e-010
13173	1.8265e-010
13174	1.8696e-010
13175	1.9079e-010
13176	1.9496e-010
13177	1.9962e-010
13178	2.0411e-010
13179	2.0884e-010
13180	2.1342e-010
13181	2.1833e-010
13182	2.232e-010
13183	2.2831e-010
13184	2.3345e-010
13185	2.3864e-010
13186	2.4443e-010
13187	2.4956e-010
13188	2.5576e-010
13189	2.6131e-010
13190	2.6723e-010
13191	2.7276e-010
13192	2.7968e-010
13193	2.8648e-010
13194	2.9248e-010
13195	2.9936e-010
13196	3.0002e-010
13197	2.9327e-010
13198	2.8819e-010
13199	2.8191e-010
13200	2.7465e-010
13201	2.699e-010
13202	2.6467e-010
13203	2.598e-010
13204	2.5271e-010
13205	2.4876e-010
13206	2.4234e-010
13207	2.3746e-010
13208	2.3252e-010
13209	2.279e-010
13210	2.2384e-010
13211	2.1868e-010
13212	2.1543e-010
13213	2.117e-010
13214	2.0747e-010
13215	2.0038e-010
13216	1.9935e-010
13217	2.0197e-010
13218	1.9861e-010
13219	1.9602e-010
13220	1.824e-010
13221	1.8979e-010
13222	1.9496e-010
13223	1.8122e-010
13224	1.7366e-010
13225	1.7467e-010
13226	1.612e-010
13227	1.7107e-010
13228	1.7058e-010
13229	1.5273e-010
13230	1.62e-010
13231	1.8458e-010
13232	1.6066e-010
13233	1.573e-010
13234	1.3911e-010
13235	1.2866e-010
13236	1.2934e-010
13237	1.2622e-010
13238	1.3041e-010
13239	1.2379e-010
13240	1.2468e-010
13241	1.1617e-010
13242	1.1209e-010
13243	1.0757e-010
13244	1.0386e-010
13245	1.0214e-010
13246	1.1252e-010
13247	1.2682e-010
13248	1.0748e-010
13249	9.4312e-011
13250	8.7175e-011
13251	9.8979e-011
13252	1.0637e-010
13253	9.533e-011
13254	1.1554e-010
13255	1.2235e-010
13256	1.8261e-010
13257	2.8435e-010
13258	3.5617e-010
13259	3.7933e-010
13260	5.4742e-010
13261	7.3484e-011
13262	7.3188e-011
13263	7.208e-011
13264	7.3652e-011
13265	7.6964e-011
13266	7.9264e-011
13267	8.1032e-011
13268	8.3239e-011
13269	8.5863e-011
13270	8.707e-011
13271	8.8964e-011
13272	9.1313e-011
13273	9.3264e-011
13274	9.6185e-011
13275	9.7571e-011
13276	9.9796e-011
13277	1.0192e-010
13278	1.0426e-010
13279	1.0673e-010
13280	1.0911e-010
13281	1.1193e-010
13282	1.1415e-010
13283	1.1708e-010
13284	1.1935e-010
13285	1.2225e-010
13286	1.2491e-010
13287	1.2758e-010
13288	1.3114e-010
13289	1.3353e-010
13290	1.3735e-010
13291	1.3966e-010
13292	1.4283e-010
13293	1.4656e-010
13294	1.4932e-010
13295	1.5285e-010
13296	1.565e-010
13297	1.5962e-010
13298	1.6347e-010
13299	1.6748e-010
13300	1.7093e-010
13301	1.7443e-010
13302	1.7882e-010
13303	1.8261e-010
13304	1.8696e-010
13305	1.9074e-010
13306	1.9491e-010
13307	1.9957e-010
13308	2.0404e-010
13309	2.0875e-010
13310	2.1331e-010
13311	2.1822e-010
13312	2.2309e-010
13313	2.2814e-010
13314	2.3335e-010
13315	2.3852e-010
13316	2.4439e-010
13317	2.4951e-010
13318	2.5576e-010
13319	2.614e-010
13320	2.6731e-010
13321	2.7296e-010
13322	2.8e-010
13323	2.8679e-010
13324	2.9271e-010
13325	2.9971e-010
13326	3.0041e-010
13327	2.9363e-010
13328	2.884e-010
13329	2.8211e-010
13330	2.7485e-010
13331	2.7022e-010
13332	2.6502e-010
13333	2.6015e-010
13334	2.5306e-010
13335	2.4904e-010
13336	2.4262e-010
13337	2.3778e-010
13338	2.3279e-010
13339	2.2824e-010
13340	2.242e-010
13341	2.1893e-010
13342	2.1565e-010
13343	2.1199e-010
13344	2.0774e-010
13345	2.007e-010
13346	1.9954e-010
13347	2.0271e-010
13348	1.9704e-010
13349	1.9671e-010
13350	1.8262e-010
13351	1.8965e-010
13352	1.9532e-010
13353	1.8109e-010
13354	1.7395e-010
13355	1.7497e-010
13356	1.6149e-010
13357	1.713e-010
13358	1.7082e-010
13359	1.5296e-010
13360	1.622e-010
13361	1.8475e-010
13362	1.608e-010
13363	1.5744e-010
13364	1.3919e-010
13365	1.2875e-010
13366	1.2944e-010
13367	1.2628e-010
13368	1.3048e-010
13369	1.2381e-010
13370	1.2473e-010
13371	1.1618e-010
13372	1.121e-010
13373	1.0757e-010
13374	1.0386e-010
13375	1.0215e-010
13376	1.1254e-010
13377	1.2688e-010
13378	1.075e-010
13379	9.4353e-011
13380	8.7216e-011
13381	9.902e-011
13382	1.0642e-010
13383	9.5396e-011
13384	1.1559e-010
13385	1.2241e-010
13386	1.8265e-010
13387	2.8439e-010
13388	3.5622e-010
13389	3.7933e-010
13390	5.474e-010
13391	7.9978e-011
13392	8.0377e-011
13393	8.1318e-011
13394	8.2094e-011
13395	8.4676e-011
13396	8.6596e-011
13397	8.9153e-011
13398	9.2314e-011
13399	9.2457e-011
13400	9.6668e-011
13401	9.8221e-011
13402	9.9315e-011
13403	1.0391e-010
13404	1.0367e-010
13405	1.0832e-010
13406	1.0914e-010
13407	1.1213e-010
13408	1.147e-010
13409	1.166e-010
13410	1.2036e-010
13411	1.2175e-010
13412	1.2612e-010
13413	1.2741e-010
13414	1.3158e-010
13415	1.3355e-010
13416	1.3702e-010
13417	1.407e-010
13418	1.4245e-010
13419	1.48e-010
13420	1.4871e-010
13421	1.5417e-010
13422	1.5687e-010
13423	1.5938e-010
13424	1.6479e-010
13425	1.6727e-010
13426	1.7058e-010
13427	1.7584e-010
13428	1.7961e-010
13429	1.8184e-010
13430	1.8782e-010
13431	1.9191e-010
13432	1.9602e-010
13433	1.9927e-010
13434	2.0456e-010
13435	2.0927e-010
13436	2.1414e-010
13437	2.1885e-010
13438	2.2361e-010
13439	2.2865e-010
13440	2.3343e-010
13441	2.3893e-010
13442	2.4448e-010
13443	2.502e-010
13444	2.5581e-010
13445	2.6168e-010
13446	2.6777e-010
13447	2.7304e-010
13448	2.7982e-010
13449	2.8631e-010
13450	2.9315e-010
13451	3.0074e-010
13452	3.0774e-010
13453	3.1294e-010
13454	3.1922e-010
13455	3.3089e-010
13456	3.3155e-010
13457	3.2006e-010
13458	3.1413e-010
13459	3.1058e-010
13460	3.0444e-010
13461	2.9707e-010
13462	2.9073e-010
13463	2.8453e-010
13464	2.7687e-010
13465	2.7322e-010
13466	2.6732e-010
13467	2.6172e-010
13468	2.5647e-010
13469	2.5144e-010
13470	2.4602e-010
13471	2.3914e-010
13472	2.3631e-010
13473	2.3238e-010
13474	2.2864e-010
13475	2.2533e-010
13476	2.2288e-010
13477	2.1987e-010
13478	2.0875e-010
13479	2.1425e-010
13480	2.0848e-010
13481	2.1234e-010
13482	1.9995e-010
13483	2.0255e-010
13484	2.0207e-010
13485	1.823e-010
13486	1.7495e-010
13487	2.0268e-010
13488	1.732e-010
13489	1.7185e-010
13490	1.8991e-010
13491	1.7966e-010
13492	1.9358e-010
13493	1.563e-010
13494	1.6333e-010
13495	1.4463e-010
13496	1.3732e-010
13497	1.4809e-010
13498	1.3437e-010
13499	1.4642e-010
13500	1.2886e-010
13501	1.3577e-010
13502	1.2042e-010
13503	1.2231e-010
13504	1.1811e-010
13505	1.1088e-010
13506	1.3379e-010
13507	1.2397e-010
13508	1.3032e-010
13509	9.8251e-011
13510	1.018e-010
13511	1.1716e-010
13512	1.0531e-010
13513	1.1552e-010
13514	1.3064e-010
13515	1.4508e-010
13516	1.7824e-010
13517	2.8461e-010
13518	3.343e-010
13519	3.6805e-010
13520	4.7867e-010
13521	7.3484e-011
13522	7.3188e-011
13523	7.2079e-011
13524	7.3654e-011
13525	7.6965e-011
13526	7.9265e-011
13527	8.1033e-011
13528	8.3239e-011
13529	8.5863e-011
13530	8.707e-011
13531	8.8964e-011
13532	9.1313e-011
13533	9.3264e-011
13534	9.6185e-011
13535	9.7566e-011
13536	9.9797e-011
13537	1.0192e-010
13538	1.0426e-010
13539	1.0673e-010
13540	1.0911e-010
13541	1.1193e-010
13542	1.1415e-010
13543	1.1708e-010
13544	1.1935e-010
13545	1.2225e-010
13546	1.2491e-010
13547	1.2758e-010
13548	1.3114e-010
13549	1.3353e-010
13550	1.3735e-010
13551	1.3965e-010
13552	1.4283e-010
13553	1.4655e-010
13554	1.4932e-010
13555	1.5285e-010
13556	1.5651e-010
13557	1.5962e-010
13558	1.6342e-010
13559	1.6749e-010
13560	1.7084e-010
13561	1.7443e-010
13562	1.7882e-010
13563	1.8262e-010
13564	1.8693e-010
13565	1.9074e-010
13566	1.9491e-010
13567	1.9957e-010
13568	2.0404e-010
13569	2.0875e-010
13570	2.1331e-010
13571	2.1822e-010
13572	2.2309e-010
13573	2.2814e-010
13574	2.3334e-010
13575	2.3852e-010
13576	2.4439e-010
13577	2.4951e-010
13578	2.5576e-010
13579	2.614e-010
13580	2.6731e-010
13581	2.7296e-010
13582	2.8e-010
13583	2.8679e-010
13584	2.9271e-010
13585	2.9971e-010
13586	3.0041e-010
13587	2.9364e-010
13588	2.884e-010
13589	2.8211e-010
13590	2.7485e-010
13591	2.7022e-010
13592	2.6502e-010
13593	2.6015e-010
13594	2.5306e-010
13595	2.4904e-010
13596	2.4262e-010
13597	2.3778e-010
13598	2.3279e-010
13599	2.2824e-010
13600	2.2419e-010
13601	2.1893e-010
13602	2.1565e-010
13603	2.1199e-010
13604	2.0774e-010
13605	2.0069e-010
13606	1.9962e-010
13607	2.0252e-010
13608	1.9707e-010
13609	1.9648e-010
13610	1.8263e-010
13611	1.8963e-010
13612	1.9522e-010
13613	1.8109e-010
13614	1.7393e-010
13615	1.7498e-010
13616	1.6149e-010
13617	1.713e-010
13618	1.7082e-010
13619	1.5294e-010
13620	1.622e-010
13621	1.8475e-010
13622	1.608e-010
13623	1.5744e-010
13624	1.3919e-010
13625	1.2874e-010
13626	1.2944e-010
13627	1.2628e-010
13628	1.3048e-010
13629	1.2381e-010
13630	1.2473e-010
13631	1.1618e-010
13632	1.121e-010
13633	1.0757e-010
13634	1.0386e-010
13635	1.0215e-010
13636	1.1254e-010
13637	1.2689e-010
13638	1.075e-010
13639	9.4354e-011
13640	8.7217e-011
13641	9.902e-011
13642	1.0642e-010
13643	9.5398e-011
13644	1.1559e-010
13645	1.2241e-010
13646	1.8266e-010
13647	2.844e-010
13648	3.5622e-010
13649	3.7933e-010
13650	5.474e-010
13651	7.3454e-011
13652	7.3167e-011
13653	7.2039e-011
13654	7.3614e-011
13655	7.6928e-011
13656	7.9217e-011
13657	8.0984e-011
13658	8.323e-011
13659	8.5882e-011
13660	8.7089e-011
13661	8.8967e-011
13662	9.1296e-011
13663	9.327e-011
13664	9.6202e-011
13665	9.7596e-011
13666	9.9802e-011
13667	1.0191e-010
13668	1.0429e-010
13669	1.0675e-010
13670	1.091e-010
13671	1.1188e-010
13672	1.1411e-010
13673	1.1706e-010
13674	1.1935e-010
13675	1.2226e-010
13676	1.2489e-010
13677	1.276e-010
13678	1.3111e-010
13679	1.3349e-010
13680	1.3734e-010
13681	1.3972e-010
13682	1.4289e-010
13683	1.4658e-010
13684	1.4933e-010
13685	1.5291e-010
13686	1.5656e-010
13687	1.5963e-010
13688	1.6343e-010
13689	1.6743e-010
13690	1.7095e-010
13691	1.7437e-010
13692	1.7879e-010
13693	1.8265e-010
13694	1.8696e-010
13695	1.9079e-010
13696	1.9496e-010
13697	1.9962e-010
13698	2.0411e-010
13699	2.0885e-010
13700	2.1342e-010
13701	2.1829e-010
13702	2.2321e-010
13703	2.2831e-010
13704	2.3342e-010
13705	2.3865e-010
13706	2.4443e-010
13707	2.4956e-010
13708	2.5573e-010
13709	2.6133e-010
13710	2.6723e-010
13711	2.7276e-010
13712	2.7968e-010
13713	2.8648e-010
13714	2.9248e-010
13715	2.9937e-010
13716	3.0003e-010
13717	2.9328e-010
13718	2.8821e-010
13719	2.819e-010
13720	2.7466e-010
13721	2.6991e-010
13722	2.6468e-010
13723	2.5981e-010
13724	2.5272e-010
13725	2.4876e-010
13726	2.4233e-010
13727	2.3745e-010
13728	2.3252e-010
13729	2.279e-010
13730	2.2384e-010
13731	2.1868e-010
13732	2.1544e-010
13733	2.1169e-010
13734	2.0743e-010
13735	2.0042e-010
13736	1.9932e-010
13737	2.0215e-010
13738	1.983e-010
13739	1.9618e-010
13740	1.8242e-010
13741	1.8923e-010
13742	1.9509e-010
13743	1.8063e-010
13744	1.7376e-010
13745	1.747e-010
13746	1.612e-010
13747	1.7107e-010
13748	1.7058e-010
13749	1.5273e-010
13750	1.6197e-010
13751	1.8458e-010
13752	1.6067e-010
13753	1.573e-010
13754	1.3911e-010
13755	1.2866e-010
13756	1.2935e-010
13757	1.2622e-010
13758	1.3041e-010
13759	1.2379e-010
13760	1.2469e-010
13761	1.1617e-010
13762	1.1209e-010
13763	1.0757e-010
13764	1.0386e-010
13765	1.0214e-010
13766	1.1252e-010
13767	1.2682e-010
13768	1.0747e-010
13769	9.4313e-011
13770	8.7176e-011
13771	9.8984e-011
13772	1.0637e-010
13773	9.533e-011
13774	1.1555e-010
13775	1.2235e-010
13776	1.8261e-010
13777	2.8436e-010
13778	3.5618e-010
13779	3.7933e-010
13780	5.4742e-010
13781	7.9936e-011
13782	8.0348e-011
13783	8.1279e-011
13784	8.2045e-011
13785	8.4636e-011
13786	8.658e-011
13787	8.9114e-011
13788	9.2336e-011
13789	9.2501e-011
13790	9.6711e-011
13791	9.8232e-011
13792	9.9331e-011
13793	1.0394e-010
13794	1.0373e-010
13795	1.0838e-010
13796	1.0912e-010
13797	1.1213e-010
13798	1.1476e-010
13799	1.167e-010
13800	1.2038e-010
13801	1.2174e-010
13802	1.2609e-010
13803	1.2739e-010
13804	1.3164e-010
13805	1.3359e-010
13806	1.3704e-010
13807	1.4069e-010
13808	1.4243e-010
13809	1.4798e-010
13810	1.4875e-010
13811	1.543e-010
13812	1.5701e-010
13813	1.5948e-010
13814	1.6474e-010
13815	1.6736e-010
13816	1.7081e-010
13817	1.7592e-010
13818	1.7952e-010
13819	1.8215e-010
13820	1.8774e-010
13821	1.9189e-010
13822	1.9593e-010
13823	1.9934e-010
13824	2.0465e-010
13825	2.0954e-010
13826	2.1437e-010
13827	2.1884e-010
13828	2.2365e-010
13829	2.2881e-010
13830	2.3364e-010
13831	2.3921e-010
13832	2.4467e-010
13833	2.5038e-010
13834	2.5605e-010
13835	2.6167e-010
13836	2.678e-010
13837	2.7322e-010
13838	2.7978e-010
13839	2.862e-010
13840	2.9307e-010
13841	3.0062e-010
13842	3.0745e-010
13843	3.1255e-010
13844	3.187e-010
13845	3.3045e-010
13846	3.3095e-010
13847	3.1963e-010
13848	3.1381e-010
13849	3.1022e-010
13850	3.0411e-010
13851	2.9674e-010
13852	2.9032e-010
13853	2.8397e-010
13854	2.7629e-010
13855	2.7263e-010
13856	2.668e-010
13857	2.6122e-010
13858	2.5595e-010
13859	2.5081e-010
13860	2.4545e-010
13861	2.3867e-010
13862	2.3575e-010
13863	2.3188e-010
13864	2.2807e-010
13865	2.248e-010
13866	2.2234e-010
13867	2.207e-010
13868	2.0874e-010
13869	2.1527e-010
13870	2.0786e-010
13871	2.1204e-010
13872	1.9969e-010
13873	2.0217e-010
13874	2.015e-010
13875	1.8178e-010
13876	1.7449e-010
13877	2.0224e-010
13878	1.7279e-010
13879	1.7148e-010
13880	1.896e-010
13881	1.7934e-010
13882	1.9329e-010
13883	1.5605e-010
13884	1.6317e-010
13885	1.4444e-010
13886	1.3714e-010
13887	1.4795e-010
13888	1.3425e-010
13889	1.4637e-010
13890	1.288e-010
13891	1.3573e-010
13892	1.2038e-010
13893	1.2228e-010
13894	1.1814e-010
13895	1.1089e-010
13896	1.3378e-010
13897	1.2388e-010
13898	1.3027e-010
13899	9.8173e-011
13900	1.0169e-010
13901	1.171e-010
13902	1.052e-010
13903	1.1541e-010
13904	1.3048e-010
13905	1.4494e-010
13906	1.7812e-010
13907	2.8454e-010
13908	3.3422e-010
13909	3.68e-010
13910	4.7859e-010
13911	7.3445e-011
13912	7.3146e-011
13913	7.201e-011
13914	7.3588e-011
13915	7.6894e-011
13916	7.9188e-011
13917	8.0969e-011
13918	8.3218e-011
13919	8.5887e-011
13920	8.7084e-011
13921	8.8984e-011
13922	9.1332e-011
13923	9.3308e-011
13924	9.6216e-011
13925	9.761e-011
13926	9.9813e-011
13927	1.0193e-010
13928	1.0434e-010
13929	1.0679e-010
13930	1.091e-010
13931	1.1187e-010
13932	1.1407e-010
13933	1.1703e-010
13934	1.1936e-010
13935	1.223e-010
13936	1.2497e-010
13937	1.2763e-010
13938	1.3108e-010
13939	1.3346e-010
13940	1.3735e-010
13941	1.3971e-010
13942	1.4289e-010
13943	1.466e-010
13944	1.4932e-010
13945	1.529e-010
13946	1.5655e-010
13947	1.5962e-010
13948	1.6341e-010
13949	1.6743e-010
13950	1.7089e-010
13951	1.7433e-010
13952	1.7876e-010
13953	1.8266e-010
13954	1.87e-010
13955	1.9087e-010
13956	1.9499e-010
13957	1.9959e-010
13958	2.0415e-010
13959	2.089e-010
13960	2.1347e-010
13961	2.1833e-010
13962	2.2317e-010
13963	2.2826e-010
13964	2.3345e-010
13965	2.3857e-010
13966	2.4448e-010
13967	2.4947e-010
13968	2.5572e-010
13969	2.6128e-010
13970	2.6717e-010
13971	2.7269e-010
13972	2.7963e-010
13973	2.8649e-010
13974	2.9237e-010
13975	2.9944e-010
13976	2.9991e-010
13977	2.9334e-010
13978	2.8819e-010
13979	2.8194e-010
13980	2.7465e-010
13981	2.6988e-010
13982	2.6467e-010
13983	2.5974e-010
13984	2.5263e-010
13985	2.4871e-010
13986	2.4231e-010
13987	2.3741e-010
13988	2.3246e-010
13989	2.278e-010
13990	2.2377e-010
13991	2.1858e-010
13992	2.1537e-010
13993	2.1165e-010
13994	2.0738e-010
13995	2.0031e-010
13996	1.9922e-010
13997	2.0204e-010
13998	1.985e-010
13999	1.9613e-010
14000	1.8241e-010
14001	1.8912e-010
14002	1.9518e-010
14003	1.8063e-010
14004	1.7376e-010
14005	1.7462e-010
14006	1.6116e-010
14007	1.7103e-010
14008	1.7056e-010
14009	1.5272e-010
14010	1.6197e-010
14011	1.8454e-010
14012	1.6064e-010
14013	1.5729e-010
14014	1.3911e-010
14015	1.2864e-010
14016	1.2932e-010
14017	1.2618e-010
14018	1.3041e-010
14019	1.2374e-010
14020	1.2466e-010
14021	1.1613e-010
14022	1.1208e-010
14023	1.0754e-010
14024	1.0383e-010
14025	1.0212e-010
14026	1.1252e-010
14027	1.2681e-010
14028	1.0745e-010
14029	9.4306e-011
14030	8.7145e-011
14031	9.8965e-011
14032	1.0638e-010
14033	9.5304e-011
14034	1.1551e-010
14035	1.2234e-010
14036	1.8262e-010
14037	2.8436e-010
14038	3.5621e-010
14039	3.7926e-010
14040	5.4727e-010
14041	1.4256e-010
14042	1.1581e-010
14043	1.8696e-010
14044	2.5524e-010
14045	2.646e-010
14046	2.7046e-010
14047	2.779e-010
14048	2.8578e-010
14049	2.9172e-010
14050	2.9977e-010
14051	3.062e-010
14052	3.1256e-010
14053	3.2197e-010
14054	3.2708e-010
14055	3.3681e-010
14056	3.4287e-010
14057	3.5138e-010
14058	3.5964e-010
14059	3.671e-010
14060	3.7694e-010
14061	3.84e-010
14062	3.9478e-010
14063	4.0201e-010
14064	4.1277e-010
14065	4.2087e-010
14066	4.31e-010
14067	4.4127e-010
14068	4.4988e-010
14069	4.6289e-010
14070	4.6997e-010
14071	4.8354e-010
14072	4.9344e-010
14073	5.0319e-010
14074	5.1702e-010
14075	5.2702e-010
14076	5.383e-010
14077	5.5243e-010
14078	5.6462e-010
14079	5.7474e-010
14080	5.9055e-010
14081	6.0348e-010
14082	6.1735e-010
14083	6.29e-010
14084	6.4504e-010
14085	6.5948e-010
14086	6.7424e-010
14087	6.8923e-010
14088	7.0491e-010
14089	7.2091e-010
14090	7.3604e-010
14091	7.5364e-010
14092	7.7064e-010
14093	7.8794e-010
14094	8.0572e-010
14095	8.2394e-010
14096	8.4361e-010
14097	8.5981e-010
14098	8.8151e-010
14099	9.0093e-010
14100	9.2138e-010
14101	9.4353e-010
14102	9.6568e-010
14103	9.8346e-010
14104	1.0018e-009
14105	1.0357e-009
14106	1.0373e-009
14107	1.0034e-009
14108	9.8578e-010
14109	9.7134e-010
14110	9.5003e-010
14111	9.283e-010
14112	9.0879e-010
14113	8.9136e-010
14114	8.6587e-010
14115	8.5554e-010
14116	8.345e-010
14117	8.1698e-010
14118	7.9989e-010
14119	7.8366e-010
14120	7.6799e-010
14121	7.4665e-010
14122	7.3589e-010
14123	7.1954e-010
14124	7.0451e-010
14125	6.9035e-010
14126	6.7847e-010
14127	6.6739e-010
14128	6.3934e-010
14129	6.411e-010
14130	6.2388e-010
14131	6.2404e-010
14132	5.8415e-010
14133	5.9491e-010
14134	5.814e-010
14135	5.2504e-010
14136	5.3861e-010
14137	5.4397e-010
14138	5.0605e-010
14139	5.0206e-010
14140	5.1317e-010
14141	4.8213e-010
14142	4.9995e-010
14143	4.5359e-010
14144	4.5546e-010
14145	4.3347e-010
14146	4.1867e-010
14147	4.239e-010
14148	4.0148e-010
14149	4.1e-010
14150	3.8462e-010
14151	3.8844e-010
14152	3.6603e-010
14153	3.6223e-010
14154	3.5023e-010
14155	3.3394e-010
14156	3.4594e-010
14157	3.2644e-010
14158	3.2079e-010
14159	2.7734e-010
14160	2.6675e-010
14161	2.8796e-010
14162	2.7218e-010
14163	3.0268e-010
14164	3.0376e-010
14165	4.2442e-010
14166	6.7661e-010
14167	9.9699e-010
14168	9.2291e-010
14169	1.1904e-009
14170	1.4368e-009
14171	1.2128e-010
14172	9.667e-011
14173	1.7327e-010
14174	2.4055e-010
14175	2.4802e-010
14176	2.5479e-010
14177	2.6222e-010
14178	2.6899e-010
14179	2.7351e-010
14180	2.828e-010
14181	2.8853e-010
14182	2.9377e-010
14183	3.0367e-010
14184	3.066e-010
14185	3.1759e-010
14186	3.2256e-010
14187	3.3091e-010
14188	3.3852e-010
14189	3.453e-010
14190	3.5502e-010
14191	3.6069e-010
14192	3.7191e-010
14193	3.7747e-010
14194	3.8881e-010
14195	3.9559e-010
14196	4.0552e-010
14197	4.1576e-010
14198	4.2213e-010
14199	4.365e-010
14200	4.4044e-010
14201	4.5582e-010
14202	4.6474e-010
14203	4.7226e-010
14204	4.8741e-010
14205	4.9567e-010
14206	5.055e-010
14207	5.2071e-010
14208	5.3144e-010
14209	5.3924e-010
14210	5.5548e-010
14211	5.6848e-010
14212	5.803e-010
14213	5.9062e-010
14214	6.0615e-010
14215	6.2071e-010
14216	6.3485e-010
14217	6.4844e-010
14218	6.6286e-010
14219	6.7781e-010
14220	6.9206e-010
14221	7.0857e-010
14222	7.2487e-010
14223	7.4121e-010
14224	7.5814e-010
14225	7.756e-010
14226	7.935e-010
14227	8.0878e-010
14228	8.2857e-010
14229	8.4719e-010
14230	8.6702e-010
14231	8.8922e-010
14232	9.0927e-010
14233	9.2378e-010
14234	9.4157e-010
14235	9.7588e-010
14236	9.7729e-010
14237	9.4265e-010
14238	9.2531e-010
14239	9.1502e-010
14240	8.9671e-010
14241	8.7454e-010
14242	8.552e-010
14243	8.3714e-010
14244	8.1403e-010
14245	8.0418e-010
14246	7.8638e-010
14247	7.6948e-010
14248	7.5348e-010
14249	7.3831e-010
14250	7.2174e-010
14251	7.0109e-010
14252	6.9079e-010
14253	6.7652e-010
14254	6.6382e-010
14255	6.5509e-010
14256	6.4343e-010
14257	6.249e-010
14258	5.955e-010
14259	6.0215e-010
14260	5.9824e-010
14261	5.8875e-010
14262	5.3963e-010
14263	5.6189e-010
14264	5.5947e-010
14265	4.8265e-010
14266	5.1014e-010
14267	5.2382e-010
14268	4.6485e-010
14269	4.7713e-010
14270	4.949e-010
14271	4.3877e-010
14272	4.8582e-010
14273	4.1501e-010
14274	4.3879e-010
14275	4.109e-010
14276	3.8941e-010
14277	4.0583e-010
14278	3.7225e-010
14279	3.9315e-010
14280	3.5761e-010
14281	3.7029e-010
14282	3.4366e-010
14283	3.4294e-010
14284	3.3245e-010
14285	3.1515e-010
14286	3.323e-010
14287	3.0046e-010
14288	3.086e-010
14289	2.5897e-010
14290	2.5204e-010
14291	2.7951e-010
14292	2.496e-010
14293	2.6893e-010
14294	3.0826e-010
14295	4.3166e-010
14296	6.4457e-010
14297	8.8302e-010
14298	7.773e-010
14299	1.296e-009
14300	1.0369e-009
14301	1.4255e-010
14302	1.1571e-010
14303	1.8687e-010
14304	2.552e-010
14305	2.6461e-010
14306	2.7052e-010
14307	2.7795e-010
14308	2.8576e-010
14309	2.9168e-010
14310	2.9971e-010
14311	3.0616e-010
14312	3.1254e-010
14313	3.2194e-010
14314	3.2705e-010
14315	3.3678e-010
14316	3.4288e-010
14317	3.5142e-010
14318	3.5971e-010
14319	3.6714e-010
14320	3.7691e-010
14321	3.839e-010
14322	3.9461e-010
14323	4.0185e-010
14324	4.1265e-010
14325	4.2083e-010
14326	4.3102e-010
14327	4.4128e-010
14328	4.4986e-010
14329	4.6288e-010
14330	4.7003e-010
14331	4.836e-010
14332	4.9339e-010
14333	5.0297e-010
14334	5.1692e-010
14335	5.2709e-010
14336	5.3832e-010
14337	5.5247e-010
14338	5.6476e-010
14339	5.7415e-010
14340	5.9038e-010
14341	6.03e-010
14342	6.1685e-010
14343	6.2871e-010
14344	6.4491e-010
14345	6.5926e-010
14346	6.7395e-010
14347	6.8888e-010
14348	7.0458e-010
14349	7.2097e-010
14350	7.3616e-010
14351	7.5358e-010
14352	7.7047e-010
14353	7.8782e-010
14354	8.0564e-010
14355	8.2399e-010
14356	8.4386e-010
14357	8.6035e-010
14358	8.8184e-010
14359	9.0097e-010
14360	9.215e-010
14361	9.4367e-010
14362	9.662e-010
14363	9.8424e-010
14364	1.0024e-009
14365	1.0359e-009
14366	1.0378e-009
14367	1.0038e-009
14368	9.8656e-010
14369	9.7197e-010
14370	9.5057e-010
14371	9.2879e-010
14372	9.0931e-010
14373	8.9202e-010
14374	8.6646e-010
14375	8.5614e-010
14376	8.353e-010
14377	8.1773e-010
14378	8.0051e-010
14379	7.8435e-010
14380	7.6867e-010
14381	7.4746e-010
14382	7.3657e-010
14383	7.2026e-010
14384	7.0526e-010
14385	6.9112e-010
14386	6.7909e-010
14387	6.6878e-010
14388	6.3909e-010
14389	6.4233e-010
14390	6.2469e-010
14391	6.2265e-010
14392	5.8636e-010
14393	5.9347e-010
14394	5.8212e-010
14395	5.2551e-010
14396	5.3909e-010
14397	5.4438e-010
14398	5.0642e-010
14399	5.0243e-010
14400	5.1349e-010
14401	4.8234e-010
14402	5.0017e-010
14403	4.5376e-010
14404	4.5566e-010
14405	4.3363e-010
14406	4.1884e-010
14407	4.2405e-010
14408	4.0158e-010
14409	4.1008e-010
14410	3.8469e-010
14411	3.885e-010
14412	3.6606e-010
14413	3.6224e-010
14414	3.5028e-010
14415	3.3401e-010
14416	3.4598e-010
14417	3.2651e-010
14418	3.2088e-010
14419	2.7744e-010
14420	2.6695e-010
14421	2.8821e-010
14422	2.7223e-010
14423	3.0295e-010
14424	3.0391e-010
14425	4.2435e-010
14426	6.764e-010
14427	9.9696e-010
14428	9.2287e-010
14429	1.1905e-009
14430	1.4374e-009
14431	1.4258e-010
14432	1.158e-010
14433	1.8695e-010
14434	2.553e-010
14435	2.6471e-010
14436	2.7065e-010
14437	2.7806e-010
14438	2.8584e-010
14439	2.9173e-010
14440	2.9975e-010
14441	3.062e-010
14442	3.1258e-010
14443	3.2198e-010
14444	3.2709e-010
14445	3.3681e-010
14446	3.4285e-010
14447	3.5136e-010
14448	3.5967e-010
14449	3.6713e-010
14450	3.7695e-010
14451	3.8396e-010
14452	3.9463e-010
14453	4.0184e-010
14454	4.1263e-010
14455	4.2083e-010
14456	4.3107e-010
14457	4.4133e-010
14458	4.4985e-010
14459	4.6289e-010
14460	4.7006e-010
14461	4.8358e-010
14462	4.9338e-010
14463	5.0304e-010
14464	5.1697e-010
14465	5.2711e-010
14466	5.3827e-010
14467	5.5246e-010
14468	5.6478e-010
14469	5.7426e-010
14470	5.9041e-010
14471	6.0306e-010
14472	6.1691e-010
14473	6.2865e-010
14474	6.4482e-010
14475	6.5911e-010
14476	6.7387e-010
14477	6.8895e-010
14478	7.0441e-010
14479	7.2069e-010
14480	7.3602e-010
14481	7.5362e-010
14482	7.7051e-010
14483	7.8788e-010
14484	8.0571e-010
14485	8.2403e-010
14486	8.4398e-010
14487	8.6044e-010
14488	8.8216e-010
14489	9.0158e-010
14490	9.22e-010
14491	9.4414e-010
14492	9.6701e-010
14493	9.8516e-010
14494	1.0033e-009
14495	1.0371e-009
14496	1.0389e-009
14497	1.0049e-009
14498	9.8744e-010
14499	9.7284e-010
14500	9.5141e-010
14501	9.296e-010
14502	9.1017e-010
14503	8.9285e-010
14504	8.673e-010
14505	8.5695e-010
14506	8.36e-010
14507	8.1838e-010
14508	8.0122e-010
14509	7.8507e-010
14510	7.6932e-010
14511	7.4809e-010
14512	7.371e-010
14513	7.2083e-010
14514	7.0583e-010
14515	6.9156e-010
14516	6.7966e-010
14517	6.7031e-010
14518	6.3964e-010
14519	6.4398e-010
14520	6.2542e-010
14521	6.2328e-010
14522	5.8754e-010
14523	5.9421e-010
14524	5.8286e-010
14525	5.2625e-010
14526	5.3986e-010
14527	5.45e-010
14528	5.0703e-010
14529	5.0298e-010
14530	5.1404e-010
14531	4.8284e-010
14532	5.0057e-010
14533	4.5411e-010
14534	4.5593e-010
14535	4.3387e-010
14536	4.1909e-010
14537	4.2427e-010
14538	4.0174e-010
14539	4.102e-010
14540	3.8479e-010
14541	3.8856e-010
14542	3.6608e-010
14543	3.6226e-010
14544	3.5026e-010
14545	3.3401e-010
14546	3.4605e-010
14547	3.2662e-010
14548	3.2098e-010
14549	2.7755e-010
14550	2.6704e-010
14551	2.8826e-010
14552	2.7237e-010
14553	3.0295e-010
14554	3.0395e-010
14555	4.2441e-010
14556	6.7643e-010
14557	9.9678e-010
14558	9.2274e-010
14559	1.1906e-009
14560	1.4375e-009
14561	1.2126e-010
14562	9.6694e-011
14563	1.7329e-010
14564	2.4056e-010
14565	2.4804e-010
14566	2.5484e-010
14567	2.6222e-010
14568	2.6892e-010
14569	2.7335e-010
14570	2.8262e-010
14571	2.8834e-010
14572	2.9354e-010
14573	3.0348e-010
14574	3.0636e-010
14575	3.1737e-010
14576	3.2231e-010
14577	3.3064e-010
14578	3.3819e-010
14579	3.4503e-010
14580	3.5488e-010
14581	3.6061e-010
14582	3.7176e-010
14583	3.7725e-010
14584	3.8864e-010
14585	3.9551e-010
14586	4.0539e-010
14587	4.1564e-010
14588	4.2199e-010
14589	4.3637e-010
14590	4.4027e-010
14591	4.5537e-010
14592	4.6418e-010
14593	4.718e-010
14594	4.87e-010
14595	4.9526e-010
14596	5.0511e-010
14597	5.2047e-010
14598	5.314e-010
14599	5.3843e-010
14600	5.5533e-010
14601	5.6828e-010
14602	5.7997e-010
14603	5.9016e-010
14604	6.0568e-010
14605	6.2015e-010
14606	6.3426e-010
14607	6.4791e-010
14608	6.6199e-010
14609	6.7702e-010
14610	6.9157e-010
14611	7.0804e-010
14612	7.2438e-010
14613	7.4086e-010
14614	7.5753e-010
14615	7.7521e-010
14616	7.9317e-010
14617	8.0852e-010
14618	8.2852e-010
14619	8.4737e-010
14620	8.6703e-010
14621	8.8947e-010
14622	9.1024e-010
14623	9.2447e-010
14624	9.424e-010
14625	9.7705e-010
14626	9.7858e-010
14627	9.437e-010
14628	9.2622e-010
14629	9.158e-010
14630	8.9778e-010
14631	8.7575e-010
14632	8.5643e-010
14633	8.3827e-010
14634	8.1524e-010
14635	8.0536e-010
14636	7.8756e-010
14637	7.7066e-010
14638	7.5485e-010
14639	7.3979e-010
14640	7.2324e-010
14641	7.0246e-010
14642	6.9211e-010
14643	6.7787e-010
14644	6.6521e-010
14645	6.5644e-010
14646	6.45e-010
14647	6.3004e-010
14648	5.9294e-010
14649	6.073e-010
14650	5.9984e-010
14651	5.8993e-010
14652	5.4129e-010
14653	5.632e-010
14654	5.6087e-010
14655	4.8387e-010
14656	5.1154e-010
14657	5.2493e-010
14658	4.6591e-010
14659	4.7811e-010
14660	4.9579e-010
14661	4.3954e-010
14662	4.8643e-010
14663	4.1552e-010
14664	4.3925e-010
14665	4.1135e-010
14666	3.8988e-010
14667	4.0623e-010
14668	3.7255e-010
14669	3.9347e-010
14670	3.5794e-010
14671	3.7061e-010
14672	3.4385e-010
14673	3.4307e-010
14674	3.3246e-010
14675	3.1507e-010
14676	3.3235e-010
14677	3.0058e-010
14678	3.088e-010
14679	2.5923e-010
14680	2.5241e-010
14681	2.7976e-010
14682	2.4999e-010
14683	2.6906e-010
14684	3.0853e-010
14685	4.319e-010
14686	6.4464e-010
14687	8.8294e-010
14688	7.7733e-010
14689	1.2962e-009
14690	1.0371e-009
14691	1.4258e-010
14692	1.158e-010
14693	1.8695e-010
14694	2.5529e-010
14695	2.6472e-010
14696	2.7065e-010
14697	2.7806e-010
14698	2.8585e-010
14699	2.9173e-010
14700	2.9975e-010
14701	3.062e-010
14702	3.1257e-010
14703	3.2198e-010
14704	3.2709e-010
14705	3.3681e-010
14706	3.4284e-010
14707	3.5136e-010
14708	3.5967e-010
14709	3.6713e-010
14710	3.7695e-010
14711	3.8395e-010
14712	3.9463e-010
14713	4.0184e-010
14714	4.1263e-010
14715	4.2083e-010
14716	4.3107e-010
14717	4.4133e-010
14718	4.4984e-010
14719	4.6289e-010
14720	4.7006e-010
14721	4.8357e-010
14722	4.9338e-010
14723	5.0304e-010
14724	5.1697e-010
14725	5.271e-010
14726	5.3827e-010
14727	5.5244e-010
14728	5.6482e-010
14729	5.7422e-010
14730	5.9043e-010
14731	6.0304e-010
14732	6.1691e-010
14733	6.2866e-010
14734	6.4483e-010
14735	6.5911e-010
14736	6.7386e-010
14737	6.8895e-010
14738	7.0441e-010
14739	7.207e-010
14740	7.3603e-010
14741	7.5358e-010
14742	7.7051e-010
14743	7.8788e-010
14744	8.0569e-010
14745	8.2403e-010
14746	8.4396e-010
14747	8.6046e-010
14748	8.8216e-010
14749	9.0156e-010
14750	9.22e-010
14751	9.4414e-010
14752	9.6701e-010
14753	9.8516e-010
14754	1.0033e-009
14755	1.0371e-009
14756	1.039e-009
14757	1.005e-009
14758	9.8744e-010
14759	9.7285e-010
14760	9.5142e-010
14761	9.296e-010
14762	9.1018e-010
14763	8.9286e-010
14764	8.673e-010
14765	8.5696e-010
14766	8.3597e-010
14767	8.1839e-010
14768	8.0121e-010
14769	7.8509e-010
14770	7.6936e-010
14771	7.4798e-010
14772	7.3714e-010
14773	7.2083e-010
14774	7.0579e-010
14775	6.9151e-010
14776	6.7945e-010
14777	6.7248e-010
14778	6.3733e-010
14779	6.461e-010
14780	6.2523e-010
14781	6.2321e-010
14782	5.8755e-010
14783	5.9416e-010
14784	5.8286e-010
14785	5.2625e-010
14786	5.3984e-010
14787	5.45e-010
14788	5.0703e-010
14789	5.0298e-010
14790	5.1403e-010
14791	4.8285e-010
14792	5.0056e-010
14793	4.5412e-010
14794	4.5593e-010
14795	4.3387e-010
14796	4.1908e-010
14797	4.2427e-010
14798	4.0174e-010
14799	4.1021e-010
14800	3.8478e-010
14801	3.8857e-010
14802	3.6609e-010
14803	3.6227e-010
14804	3.5026e-010
14805	3.3401e-010
14806	3.4605e-010
14807	3.2663e-010
14808	3.2097e-010
14809	2.7755e-010
14810	2.6703e-010
14811	2.8826e-010
14812	2.7237e-010
14813	3.0295e-010
14814	3.0395e-010
14815	4.2441e-010
14816	6.7643e-010
14817	9.9678e-010
14818	9.2274e-010
14819	1.1905e-009
14820	1.4375e-009
14821	1.4254e-010
14822	1.1571e-010
14823	1.8687e-010
14824	2.552e-010
14825	2.6461e-010
14826	2.7053e-010
14827	2.7794e-010
14828	2.8576e-010
14829	2.9167e-010
14830	2.9971e-010
14831	3.0617e-010
14832	3.1254e-010
14833	3.2194e-010
14834	3.2705e-010
14835	3.3679e-010
14836	3.4289e-010
14837	3.5142e-010
14838	3.597e-010
14839	3.6713e-010
14840	3.7691e-010
14841	3.8391e-010
14842	3.946e-010
14843	4.0185e-010
14844	4.1265e-010
14845	4.2084e-010
14846	4.3102e-010
14847	4.4128e-010
14848	4.4986e-010
14849	4.6288e-010
14850	4.7003e-010
14851	4.836e-010
14852	4.9339e-010
14853	5.0296e-010
14854	5.1693e-010
14855	5.271e-010
14856	5.3833e-010
14857	5.5246e-010
14858	5.6481e-010
14859	5.7419e-010
14860	5.9043e-010
14861	6.0298e-010
14862	6.1689e-010
14863	6.287e-010
14864	6.4492e-010
14865	6.5927e-010
14866	6.7395e-010
14867	6.8891e-010
14868	7.0459e-010
14869	7.2099e-010
14870	7.3615e-010
14871	7.5357e-010
14872	7.7047e-010
14873	7.8782e-010
14874	8.0564e-010
14875	8.2398e-010
14876	8.4388e-010
14877	8.6033e-010
14878	8.8183e-010
14879	9.0096e-010
14880	9.2152e-010
14881	9.4367e-010
14882	9.6622e-010
14883	9.8424e-010
14884	1.0024e-009
14885	1.0359e-009
14886	1.0377e-009
14887	1.0039e-009
14888	9.8655e-010
14889	9.7196e-010
14890	9.5057e-010
14891	9.288e-010
14892	9.0931e-010
14893	8.9197e-010
14894	8.6644e-010
14895	8.5614e-010
14896	8.353e-010
14897	8.1773e-010
14898	8.0052e-010
14899	7.8436e-010
14900	7.687e-010
14901	7.4737e-010
14902	7.3658e-010
14903	7.2026e-010
14904	7.0525e-010
14905	6.91e-010
14906	6.7893e-010
14907	6.7194e-010
14908	6.3693e-010
14909	6.4548e-010
14910	6.2452e-010
14911	6.2246e-010
14912	5.867e-010
14913	5.9338e-010
14914	5.8211e-010
14915	5.2551e-010
14916	5.391e-010
14917	5.4436e-010
14918	5.0643e-010
14919	5.0241e-010
14920	5.1348e-010
14921	4.8234e-010
14922	5.0018e-010
14923	4.5376e-010
14924	4.5566e-010
14925	4.3363e-010
14926	4.1884e-010
14927	4.2405e-010
14928	4.0159e-010
14929	4.1008e-010
14930	3.847e-010
14931	3.885e-010
14932	3.6606e-010
14933	3.6224e-010
14934	3.5028e-010
14935	3.3401e-010
14936	3.4598e-010
14937	3.265e-010
14938	3.2089e-010
14939	2.7743e-010
14940	2.6695e-010
14941	2.8821e-010
14942	2.7224e-010
14943	3.0294e-010
14944	3.0391e-010
14945	4.2434e-010
14946	6.764e-010
14947	9.9695e-010
14948	9.2286e-010
14949	1.1905e-009
14950	1.4374e-009
14951	1.2127e-010
14952	9.667e-011
14953	1.7327e-010
14954	2.4056e-010
14955	2.4804e-010
14956	2.548e-010
14957	2.6221e-010
14958	2.6899e-010
14959	2.7352e-010
14960	2.828e-010
14961	2.8854e-010
14962	2.9377e-010
14963	3.0365e-010
14964	3.0661e-010
14965	3.1759e-010
14966	3.2256e-010
14967	3.3093e-010
14968	3.3852e-010
14969	3.4529e-010
14970	3.5503e-010
14971	3.6069e-010
14972	3.7192e-010
14973	3.7744e-010
14974	3.8878e-010
14975	3.9558e-010
14976	4.0552e-010
14977	4.1578e-010
14978	4.2209e-010
14979	4.3648e-010
14980	4.4044e-010
14981	4.5583e-010
14982	4.6474e-010
14983	4.7228e-010
14984	4.8743e-010
14985	4.9561e-010
14986	5.0548e-010
14987	5.2071e-010
14988	5.3165e-010
14989	5.3889e-010
14990	5.5574e-010
14991	5.685e-010
14992	5.803e-010
14993	5.9061e-010
14994	6.0616e-010
14995	6.2071e-010
14996	6.3486e-010
14997	6.4847e-010
14998	6.629e-010
14999	6.778e-010
15000	6.9203e-010
15001	7.0854e-010
15002	7.2484e-010
15003	7.4127e-010
15004	7.581e-010
15005	7.756e-010
15006	7.9352e-010
15007	8.0875e-010
15008	8.2859e-010
15009	8.4721e-010
15010	8.67e-010
15011	8.8923e-010
15012	9.0924e-010
15013	9.2376e-010
15014	9.4155e-010
15015	9.7587e-010
15016	9.7729e-010
15017	9.4262e-010
15018	9.253e-010
15019	9.15e-010
15020	8.967e-010
15021	8.7452e-010
15022	8.5521e-010
15023	8.3713e-010
15024	8.1404e-010
15025	8.0416e-010
15026	7.8638e-010
15027	7.6947e-010
15028	7.5349e-010
15029	7.3828e-010
15030	7.2185e-010
15031	7.0109e-010
15032	6.9083e-010
15033	6.7651e-010
15034	6.6381e-010
15035	6.5493e-010
15036	6.4335e-010
15037	6.2895e-010
15038	5.9097e-010
15039	6.0617e-010
15040	5.9822e-010
15041	5.8847e-010
15042	5.3985e-010
15043	5.6178e-010
15044	5.5949e-010
15045	4.8259e-010
15046	5.1011e-010
15047	5.2382e-010
15048	4.6485e-010
15049	4.7715e-010
15050	4.9492e-010
15051	4.3876e-010
15052	4.8582e-010
15053	4.1499e-010
15054	4.3881e-010
15055	4.109e-010
15056	3.8941e-010
15057	4.0582e-010
15058	3.7223e-010
15059	3.9312e-010
15060	3.5761e-010
15061	3.7029e-010
15062	3.4365e-010
15063	3.4296e-010
15064	3.3246e-010
15065	3.1514e-010
15066	3.3229e-010
15067	3.0045e-010
15068	3.086e-010
15069	2.5895e-010
15070	2.5205e-010
15071	2.7952e-010
15072	2.4958e-010
15073	2.6892e-010
15074	3.0826e-010
15075	4.3165e-010
15076	6.4458e-010
15077	8.8303e-010
15078	7.7727e-010
15079	1.296e-009
15080	1.0368e-009
15081	1.4255e-010
15082	1.1581e-010
15083	1.8696e-010
15084	2.5524e-010
15085	2.646e-010
15086	2.7046e-010
15087	2.7789e-010
15088	2.8577e-010
15089	2.9173e-010
15090	2.9978e-010
15091	3.062e-010
15092	3.1256e-010
15093	3.2196e-010
15094	3.2708e-010
15095	3.3681e-010
15096	3.4287e-010
15097	3.5138e-010
15098	3.5965e-010
15099	3.6709e-010
15100	3.7694e-010
15101	3.8401e-010
15102	3.9478e-010
15103	4.0203e-010
15104	4.1276e-010
15105	4.2087e-010
15106	4.31e-010
15107	4.4126e-010
15108	4.4989e-010
15109	4.6289e-010
15110	4.7e-010
15111	4.8353e-010
15112	4.9344e-010
15113	5.032e-010
15114	5.1701e-010
15115	5.2703e-010
15116	5.3829e-010
15117	5.5239e-010
15118	5.6485e-010
15119	5.7444e-010
15120	5.908e-010
15121	6.0344e-010
15122	6.1737e-010
15123	6.2901e-010
15124	6.4505e-010
15125	6.5949e-010
15126	6.7423e-010
15127	6.8923e-010
15128	7.049e-010
15129	7.2092e-010
15130	7.3602e-010
15131	7.5363e-010
15132	7.7063e-010
15133	7.8794e-010
15134	8.0572e-010
15135	8.2392e-010
15136	8.4361e-010
15137	8.5979e-010
15138	8.815e-010
15139	9.0091e-010
15140	9.2142e-010
15141	9.4352e-010
15142	9.6566e-010
15143	9.8346e-010
15144	1.0018e-009
15145	1.0357e-009
15146	1.0373e-009
15147	1.0034e-009
15148	9.8581e-010
15149	9.7138e-010
15150	9.5001e-010
15151	9.283e-010
15152	9.0878e-010
15153	8.9137e-010
15154	8.6588e-010
15155	8.5554e-010
15156	8.345e-010
15157	8.1697e-010
15158	7.9989e-010
15159	7.8365e-010
15160	7.6797e-010
15161	7.4664e-010
15162	7.3588e-010
15163	7.1954e-010
15164	7.0448e-010
15165	6.9032e-010
15166	6.7819e-010
15167	6.6924e-010
15168	6.3687e-010
15169	6.429e-010
15170	6.2386e-010
15171	6.2176e-010
15172	5.8603e-010
15173	5.9277e-010
15174	5.8157e-010
15175	5.2506e-010
15176	5.3862e-010
15177	5.4398e-010
15178	5.0605e-010
15179	5.0203e-010
15180	5.1318e-010
15181	4.8213e-010
15182	4.9996e-010
15183	4.5356e-010
15184	4.5547e-010
15185	4.3346e-010
15186	4.1866e-010
15187	4.239e-010
15188	4.0149e-010
15189	4.0999e-010
15190	3.846e-010
15191	3.8843e-010
15192	3.6602e-010
15193	3.6222e-010
15194	3.5023e-010
15195	3.3394e-010
15196	3.4594e-010
15197	3.2645e-010
15198	3.2079e-010
15199	2.7734e-010
15200	2.6675e-010
15201	2.8796e-010
15202	2.7217e-010
15203	3.0267e-010
15204	3.0375e-010
15205	4.2442e-010
15206	6.766e-010
15207	9.97e-010
15208	9.229e-010
15209	1.1904e-009
15210	1.4368e-009
15211	1.4255e-010
15212	1.1581e-010
15213	1.8696e-010
15214	2.5525e-010
15215	2.6459e-010
15216	2.7046e-010
15217	2.7789e-010
15218	2.8577e-010
15219	2.9173e-010
15220	2.9978e-010
15221	3.062e-010
15222	3.1256e-010
15223	3.2196e-010
15224	3.2708e-010
15225	3.3681e-010
15226	3.4287e-010
15227	3.5138e-010
15228	3.5965e-010
15229	3.6709e-010
15230	3.7695e-010
15231	3.84e-010
15232	3.9478e-010
15233	4.0203e-010
15234	4.1276e-010
15235	4.2088e-010
15236	4.3099e-010
15237	4.4126e-010
15238	4.4989e-010
15239	4.6289e-010
15240	4.7e-010
15241	4.8354e-010
15242	4.9343e-010
15243	5.032e-010
15244	5.1701e-010
15245	5.2703e-010
15246	5.3829e-010
15247	5.5239e-010
15248	5.6485e-010
15249	5.7444e-010
15250	5.908e-010
15251	6.0344e-010
15252	6.1737e-010
15253	6.2901e-010
15254	6.4505e-010
15255	6.5949e-010
15256	6.7425e-010
15257	6.8923e-010
15258	7.049e-010
15259	7.2092e-010
15260	7.3602e-010
15261	7.5363e-010
15262	7.7063e-010
15263	7.8794e-010
15264	8.0572e-010
15265	8.2392e-010
15266	8.436e-010
15267	8.5979e-010
15268	8.8151e-010
15269	9.0091e-010
15270	9.2142e-010
15271	9.4352e-010
15272	9.6566e-010
15273	9.8348e-010
15274	1.0018e-009
15275	1.0357e-009
15276	1.0373e-009
15277	1.0034e-009
15278	9.858e-010
15279	9.7138e-010
15280	9.5001e-010
15281	9.283e-010
15282	9.0878e-010
15283	8.9136e-010
15284	8.6587e-010
15285	8.5553e-010
15286	8.345e-010
15287	8.1698e-010
15288	7.9989e-010
15289	7.8365e-010
15290	7.6798e-010
15291	7.4662e-010
15292	7.3589e-010
15293	7.1953e-010
15294	7.045e-010
15295	6.9025e-010
15296	6.7816e-010
15297	6.6938e-010
15298	6.3515e-010
15299	6.4296e-010
15300	6.2388e-010
15301	6.2168e-010
15302	5.8605e-010
15303	5.9278e-010
15304	5.8156e-010
15305	5.2508e-010
15306	5.3862e-010
15307	5.4398e-010
15308	5.0605e-010
15309	5.0203e-010
15310	5.1318e-010
15311	4.8213e-010
15312	4.9996e-010
15313	4.5356e-010
15314	4.5547e-010
15315	4.3345e-010
15316	4.1866e-010
15317	4.2391e-010
15318	4.0149e-010
15319	4.0999e-010
15320	3.846e-010
15321	3.8843e-010
15322	3.6601e-010
15323	3.6222e-010
15324	3.5023e-010
15325	3.3394e-010
15326	3.4593e-010
15327	3.2645e-010
15328	3.2079e-010
15329	2.7734e-010
15330	2.6675e-010
15331	2.8796e-010
15332	2.7217e-010
15333	3.0268e-010
15334	3.0375e-010
15335	4.2442e-010
15336	6.7659e-010
15337	9.97e-010
15338	9.2291e-010
15339	1.1904e-009
15340	1.4368e-009
15341	1.2127e-010
15342	9.6672e-011
15343	1.7327e-010
15344	2.4056e-010
15345	2.4802e-010
15346	2.5481e-010
15347	2.6221e-010
15348	2.69e-010
15349	2.7351e-010
15350	2.8281e-010
15351	2.8853e-010
15352	2.9377e-010
15353	3.0365e-010
15354	3.0661e-010
15355	3.1759e-010
15356	3.2257e-010
15357	3.3093e-010
15358	3.3852e-010
15359	3.4528e-010
15360	3.5503e-010
15361	3.607e-010
15362	3.7192e-010
15363	3.7744e-010
15364	3.8878e-010
15365	3.956e-010
15366	4.0554e-010
15367	4.1579e-010
15368	4.2209e-010
15369	4.3646e-010
15370	4.4045e-010
15371	4.5583e-010
15372	4.6474e-010
15373	4.7229e-010
15374	4.8744e-010
15375	4.9562e-010
15376	5.0548e-010
15377	5.2071e-010
15378	5.3165e-010
15379	5.3889e-010
15380	5.5573e-010
15381	5.685e-010
15382	5.8027e-010
15383	5.9059e-010
15384	6.0612e-010
15385	6.2072e-010
15386	6.3485e-010
15387	6.4848e-010
15388	6.6291e-010
15389	6.7782e-010
15390	6.9205e-010
15391	7.0855e-010
15392	7.2481e-010
15393	7.4129e-010
15394	7.581e-010
15395	7.7557e-010
15396	7.9351e-010
15397	8.0872e-010
15398	8.2858e-010
15399	8.4723e-010
15400	8.6703e-010
15401	8.8925e-010
15402	9.0925e-010
15403	9.237e-010
15404	9.4155e-010
15405	9.7586e-010
15406	9.7728e-010
15407	9.4264e-010
15408	9.2533e-010
15409	9.15e-010
15410	8.9669e-010
15411	8.7453e-010
15412	8.5521e-010
15413	8.3713e-010
15414	8.1405e-010
15415	8.0418e-010
15416	7.8639e-010
15417	7.6947e-010
15418	7.5348e-010
15419	7.3828e-010
15420	7.2183e-010
15421	7.0113e-010
15422	6.9081e-010
15423	6.765e-010
15424	6.638e-010
15425	6.5495e-010
15426	6.4321e-010
15427	6.2842e-010
15428	5.8947e-010
15429	6.0554e-010
15430	5.9812e-010
15431	5.8847e-010
15432	5.3987e-010
15433	5.6175e-010
15434	5.5951e-010
15435	4.8261e-010
15436	5.1013e-010
15437	5.238e-010
15438	4.6486e-010
15439	4.7716e-010
15440	4.949e-010
15441	4.3876e-010
15442	4.8579e-010
15443	4.1499e-010
15444	4.388e-010
15445	4.1091e-010
15446	3.8942e-010
15447	4.0582e-010
15448	3.7224e-010
15449	3.9313e-010
15450	3.5762e-010
15451	3.7027e-010
15452	3.4366e-010
15453	3.4296e-010
15454	3.3243e-010
15455	3.1514e-010
15456	3.3228e-010
15457	3.0042e-010
15458	3.086e-010
15459	2.5894e-010
15460	2.5206e-010
15461	2.7952e-010
15462	2.4957e-010
15463	2.6893e-010
15464	3.0827e-010
15465	4.3166e-010
15466	6.4457e-010
15467	8.8303e-010
15468	7.7728e-010
15469	1.296e-009
15470	1.0368e-009
15471	1.4253e-010
15472	1.1569e-010
15473	1.8687e-010
15474	2.552e-010
15475	2.646e-010
15476	2.7053e-010
15477	2.7794e-010
15478	2.8576e-010
15479	2.9167e-010
15480	2.9971e-010
15481	3.0616e-010
15482	3.1254e-010
15483	3.2194e-010
15484	3.2705e-010
15485	3.3679e-010
15486	3.4289e-010
15487	3.5141e-010
15488	3.597e-010
15489	3.6712e-010
15490	3.7691e-010
15491	3.8391e-010
15492	3.9461e-010
15493	4.0184e-010
15494	4.1265e-010
15495	4.2085e-010
15496	4.3102e-010
15497	4.4128e-010
15498	4.4985e-010
15499	4.6289e-010
15500	4.7004e-010
15501	4.8359e-010
15502	4.9339e-010
15503	5.0297e-010
15504	5.1691e-010
15505	5.271e-010
15506	5.3833e-010
15507	5.5246e-010
15508	5.6482e-010
15509	5.742e-010
15510	5.9044e-010
15511	6.0299e-010
15512	6.1688e-010
15513	6.287e-010
15514	6.4491e-010
15515	6.5929e-010
15516	6.7393e-010
15517	6.8891e-010
15518	7.0458e-010
15519	7.2099e-010
15520	7.3614e-010
15521	7.5357e-010
15522	7.7046e-010
15523	7.878e-010
15524	8.0566e-010
15525	8.2401e-010
15526	8.4388e-010
15527	8.6031e-010
15528	8.8185e-010
15529	9.0097e-010
15530	9.2154e-010
15531	9.4366e-010
15532	9.6625e-010
15533	9.8424e-010
15534	1.0024e-009
15535	1.0359e-009
15536	1.0377e-009
15537	1.0039e-009
15538	9.8653e-010
15539	9.7197e-010
15540	9.5057e-010
15541	9.2878e-010
15542	9.093e-010
15543	8.9201e-010
15544	8.6645e-010
15545	8.5614e-010
15546	8.3532e-010
15547	8.1773e-010
15548	8.0051e-010
15549	7.8434e-010
15550	7.687e-010
15551	7.472e-010
15552	7.3657e-010
15553	7.2027e-010
15554	7.0525e-010
15555	6.9097e-010
15556	6.7889e-010
15557	6.7192e-010
15558	6.3476e-010
15559	6.4533e-010
15560	6.2452e-010
15561	6.2242e-010
15562	5.8672e-010
15563	5.934e-010
15564	5.821e-010
15565	5.2551e-010
15566	5.3908e-010
15567	5.4436e-010
15568	5.0642e-010
15569	5.024e-010
15570	5.1348e-010
15571	4.8234e-010
15572	5.002e-010
15573	4.5377e-010
15574	4.5566e-010
15575	4.3363e-010
15576	4.1883e-010
15577	4.2405e-010
15578	4.0159e-010
15579	4.1009e-010
15580	3.8469e-010
15581	3.8851e-010
15582	3.6604e-010
15583	3.6225e-010
15584	3.5028e-010
15585	3.3401e-010
15586	3.4598e-010
15587	3.2651e-010
15588	3.2088e-010
15589	2.7744e-010
15590	2.6695e-010
15591	2.8821e-010
15592	2.7224e-010
15593	3.0295e-010
15594	3.0391e-010
15595	4.2433e-010
15596	6.7641e-010
15597	9.9696e-010
15598	9.2286e-010
15599	1.1905e-009
15600	1.4374e-009
15601	1.426e-010
15602	1.1579e-010
15603	1.8696e-010
15604	2.5529e-010
15605	2.6472e-010
15606	2.7064e-010
15607	2.7807e-010
15608	2.8585e-010
15609	2.9173e-010
15610	2.9976e-010
15611	3.062e-010
15612	3.1257e-010
15613	3.2199e-010
15614	3.271e-010
15615	3.3681e-010
15616	3.4285e-010
15617	3.5137e-010
15618	3.5966e-010
15619	3.6712e-010
15620	3.7695e-010
15621	3.8396e-010
15622	3.9464e-010
15623	4.0184e-010
15624	4.1263e-010
15625	4.2082e-010
15626	4.3107e-010
15627	4.4134e-010
15628	4.4984e-010
15629	4.6288e-010
15630	4.7005e-010
15631	4.8356e-010
15632	4.9336e-010
15633	5.0303e-010
15634	5.17e-010
15635	5.271e-010
15636	5.3827e-010
15637	5.5245e-010
15638	5.6485e-010
15639	5.7419e-010
15640	5.9043e-010
15641	6.0304e-010
15642	6.1691e-010
15643	6.2864e-010
15644	6.4484e-010
15645	6.5912e-010
15646	6.7386e-010
15647	6.8896e-010
15648	7.0441e-010
15649	7.2069e-010
15650	7.3599e-010
15651	7.536e-010
15652	7.7051e-010
15653	7.8791e-010
15654	8.057e-010
15655	8.2403e-010
15656	8.4393e-010
15657	8.6047e-010
15658	8.8216e-010
15659	9.0153e-010
15660	9.2198e-010
15661	9.4415e-010
15662	9.6702e-010
15663	9.8513e-010
15664	1.0033e-009
15665	1.0371e-009
15666	1.0389e-009
15667	1.005e-009
15668	9.8743e-010
15669	9.7286e-010
15670	9.5141e-010
15671	9.2962e-010
15672	9.1018e-010
15673	8.9283e-010
15674	8.673e-010
15675	8.5696e-010
15676	8.3598e-010
15677	8.1841e-010
15678	8.012e-010
15679	7.8512e-010
15680	7.6932e-010
15681	7.4775e-010
15682	7.3713e-010
15683	7.2081e-010
15684	7.0582e-010
15685	6.9142e-010
15686	6.7963e-010
15687	6.7202e-010
15688	6.3529e-010
15689	6.4552e-010
15690	6.2543e-010
15691	6.2317e-010
15692	5.8722e-010
15693	5.9425e-010
15694	5.8286e-010
15695	5.2624e-010
15696	5.3986e-010
15697	5.4499e-010
15698	5.0704e-010
15699	5.0298e-010
15700	5.14e-010
15701	4.8286e-010
15702	5.0056e-010
15703	4.5411e-010
15704	4.5592e-010
15705	4.3386e-010
15706	4.1908e-010
15707	4.2426e-010
15708	4.0174e-010
15709	4.102e-010
15710	3.8479e-010
15711	3.8857e-010
15712	3.6609e-010
15713	3.6226e-010
15714	3.5027e-010
15715	3.34e-010
15716	3.4605e-010
15717	3.2662e-010
15718	3.2097e-010
15719	2.7754e-010
15720	2.6704e-010
15721	2.8826e-010
15722	2.7237e-010
15723	3.0294e-010
15724	3.0395e-010
15725	4.2441e-010
15726	6.7644e-010
15727	9.9677e-010
15728	9.2275e-010
15729	1.1906e-009
15730	1.4374e-009
15731	1.2128e-010
15732	9.6692e-011
15733	1.7329e-010
15734	2.4057e-010
15735	2.4803e-010
15736	2.5486e-010
15737	2.6224e-010
15738	2.6892e-010
15739	2.7334e-010
15740	2.8261e-010
15741	2.8834e-010
15742	2.9356e-010
15743	3.0347e-010
15744	3.0637e-010
15745	3.1738e-010
15746	3.2232e-010
15747	3.3063e-010
15748	3.3822e-010
15749	3.4501e-010
15750	3.5491e-010
15751	3.6058e-010
15752	3.7173e-010
15753	3.7725e-010
15754	3.8866e-010
15755	3.9548e-010
15756	4.054e-010
15757	4.1564e-010
15758	4.2199e-010
15759	4.3639e-010
15760	4.4023e-010
15761	4.5541e-010
15762	4.6419e-010
15763	4.7182e-010
15764	4.8702e-010
15765	4.9523e-010
15766	5.0509e-010
15767	5.2043e-010
15768	5.3134e-010
15769	5.3842e-010
15770	5.5528e-010
15771	5.6829e-010
15772	5.7999e-010
15773	5.9016e-010
15774	6.057e-010
15775	6.2015e-010
15776	6.3428e-010
15777	6.4788e-010
15778	6.6197e-010
15779	6.7705e-010
15780	6.9159e-010
15781	7.0806e-010
15782	7.2431e-010
15783	7.4083e-010
15784	7.5753e-010
15785	7.7522e-010
15786	7.9314e-010
15787	8.0853e-010
15788	8.2853e-010
15789	8.4738e-010
15790	8.6711e-010
15791	8.8955e-010
15792	9.1009e-010
15793	9.2447e-010
15794	9.4245e-010
15795	9.7711e-010
15796	9.7849e-010
15797	9.4363e-010
15798	9.2612e-010
15799	9.1588e-010
15800	8.9776e-010
15801	8.7565e-010
15802	8.5647e-010
15803	8.3826e-010
15804	8.1528e-010
15805	8.0539e-010
15806	7.8755e-010
15807	7.7065e-010
15808	7.5492e-010
15809	7.3978e-010
15810	7.2306e-010
15811	7.0293e-010
15812	6.9197e-010
15813	6.7787e-010
15814	6.6524e-010
15815	6.5657e-010
15816	6.4475e-010
15817	6.2845e-010
15818	5.9375e-010
15819	6.0566e-010
15820	5.9967e-010
15821	5.9014e-010
15822	5.4111e-010
15823	5.6334e-010
15824	5.6085e-010
15825	4.8391e-010
15826	5.1154e-010
15827	5.2496e-010
15828	4.6587e-010
15829	4.7811e-010
15830	4.9579e-010
15831	4.3954e-010
15832	4.8645e-010
15833	4.1556e-010
15834	4.3924e-010
15835	4.1132e-010
15836	3.8984e-010
15837	4.0625e-010
15838	3.7259e-010
15839	3.9349e-010
15840	3.579e-010
15841	3.7056e-010
15842	3.4387e-010
15843	3.4306e-010
15844	3.3243e-010
15845	3.151e-010
15846	3.3234e-010
15847	3.0053e-010
15848	3.0882e-010
15849	2.5925e-010
15850	2.5238e-010
15851	2.7977e-010
15852	2.5001e-010
15853	2.6905e-010
15854	3.0854e-010
15855	4.3188e-010
15856	6.4467e-010
15857	8.8294e-010
15858	7.7732e-010
15859	1.2962e-009
15860	1.0371e-009
15861	1.426e-010
15862	1.1579e-010
15863	1.8696e-010
15864	2.5529e-010
15865	2.6472e-010
15866	2.7064e-010
15867	2.7807e-010
15868	2.8585e-010
15869	2.9173e-010
15870	2.9976e-010
15871	3.062e-010
15872	3.1257e-010
15873	3.2199e-010
15874	3.271e-010
15875	3.3681e-010
15876	3.4285e-010
15877	3.5137e-010
15878	3.5966e-010
15879	3.6712e-010
15880	3.7695e-010
15881	3.8396e-010
15882	3.9463e-010
15883	4.0184e-010
15884	4.1263e-010
15885	4.2082e-010
15886	4.3107e-010
15887	4.4134e-010
15888	4.4984e-010
15889	4.6288e-010
15890	4.7005e-010
15891	4.8356e-010
15892	4.9336e-010
15893	5.0303e-010
15894	5.17e-010
15895	5.271e-010
15896	5.3827e-010
15897	5.5245e-010
15898	5.6484e-010
15899	5.7419e-010
15900	5.9043e-010
15901	6.0304e-010
15902	6.1691e-010
15903	6.2864e-010
15904	6.4484e-010
15905	6.5912e-010
15906	6.7386e-010
15907	6.8896e-010
15908	7.0441e-010
15909	7.2069e-010
15910	7.3599e-010
15911	7.5362e-010
15912	7.7051e-010
15913	7.8791e-010
15914	8.0571e-010
15915	8.2401e-010
15916	8.4394e-010
15917	8.6044e-010
15918	8.8216e-010
15919	9.0153e-010
15920	9.2198e-010
15921	9.4415e-010
15922	9.6702e-010
15923	9.8514e-010
15924	1.0033e-009
15925	1.0371e-009
15926	1.0389e-009
15927	1.005e-009
15928	9.8743e-010
15929	9.7286e-010
15930	9.5141e-010
15931	9.2962e-010
15932	9.1018e-010
15933	8.9281e-010
15934	8.6731e-010
15935	8.5696e-010
15936	8.3599e-010
15937	8.184e-010
15938	8.0127e-010
15939	7.8508e-010
15940	7.6897e-010
15941	7.4897e-010
15942	7.3682e-010
15943	7.2084e-010
15944	7.0584e-010
15945	6.9161e-010
15946	6.7938e-010
15947	6.7178e-010
15948	6.3727e-010
15949	6.4534e-010
15950	6.2496e-010
15951	6.2559e-010
15952	5.8562e-010
15953	5.9633e-010
15954	5.827e-010
15955	5.2621e-010
15956	5.3985e-010
15957	5.4499e-010
15958	5.0704e-010
15959	5.0298e-010
15960	5.14e-010
15961	4.8286e-010
15962	5.0056e-010
15963	4.5411e-010
15964	4.5592e-010
15965	4.3386e-010
15966	4.1908e-010
15967	4.2426e-010
15968	4.0175e-010
15969	4.102e-010
15970	3.8479e-010
15971	3.8857e-010
15972	3.6609e-010
15973	3.6225e-010
15974	3.5027e-010
15975	3.34e-010
15976	3.4605e-010
15977	3.2662e-010
15978	3.2097e-010
15979	2.7754e-010
15980	2.6704e-010
15981	2.8826e-010
15982	2.7237e-010
15983	3.0294e-010
15984	3.0395e-010
15985	4.2441e-010
15986	6.7644e-010
15987	9.9677e-010
15988	9.2275e-010
15989	1.1906e-009
15990	1.4374e-009
15991	1.4253e-010
15992	1.1569e-010
15993	1.8687e-010
15994	2.552e-010
15995	2.646e-010
15996	2.7053e-010
15997	2.7795e-010
15998	2.8576e-010
15999	2.9167e-010
16000	2.9972e-010
16001	3.0616e-010
16002	3.1254e-010
16003	3.2194e-010
16004	3.2704e-010
16005	3.3679e-010
16006	3.4289e-010
16007	3.5141e-010
16008	3.5969e-010
16009	3.6712e-010
16010	3.7691e-010
16011	3.8391e-010
16012	3.9461e-010
16013	4.0185e-010
16014	4.1265e-010
16015	4.2085e-010
16016	4.3102e-010
16017	4.4128e-010
16018	4.4984e-010
16019	4.6288e-010
16020	4.7004e-010
16021	4.8359e-010
16022	4.9339e-010
16023	5.0297e-010
16024	5.1691e-010
16025	5.2709e-010
16026	5.3833e-010
16027	5.5247e-010
16028	5.6482e-010
16029	5.742e-010
16030	5.9044e-010
16031	6.0299e-010
16032	6.1689e-010
16033	6.287e-010
16034	6.4491e-010
16035	6.5929e-010
16036	6.7392e-010
16037	6.889e-010
16038	7.0458e-010
16039	7.2099e-010
16040	7.3614e-010
16041	7.5357e-010
16042	7.7047e-010
16043	7.878e-010
16044	8.0565e-010
16045	8.2401e-010
16046	8.4388e-010
16047	8.6031e-010
16048	8.8185e-010
16049	9.0097e-010
16050	9.2154e-010
16051	9.4367e-010
16052	9.6623e-010
16053	9.8425e-010
16054	1.0024e-009
16055	1.0359e-009
16056	1.0378e-009
16057	1.0039e-009
16058	9.8655e-010
16059	9.7196e-010
16060	9.5056e-010
16061	9.2877e-010
16062	9.093e-010
16063	8.9202e-010
16064	8.6644e-010
16065	8.5616e-010
16066	8.3532e-010
16067	8.1774e-010
16068	8.0057e-010
16069	7.8434e-010
16070	7.6842e-010
16071	7.4812e-010
16072	7.3634e-010
16073	7.2024e-010
16074	7.053e-010
16075	6.9095e-010
16076	6.7909e-010
16077	6.7156e-010
16078	6.3712e-010
16079	6.4503e-010
16080	6.2447e-010
16081	6.2581e-010
16082	5.8513e-010
16083	5.9655e-010
16084	5.8195e-010
16085	5.2541e-010
16086	5.3908e-010
16087	5.4436e-010
16088	5.0642e-010
16089	5.024e-010
16090	5.1348e-010
16091	4.8234e-010
16092	5.002e-010
16093	4.5377e-010
16094	4.5566e-010
16095	4.3364e-010
16096	4.1883e-010
16097	4.2405e-010
16098	4.0159e-010
16099	4.1009e-010
16100	3.847e-010
16101	3.8851e-010
16102	3.6604e-010
16103	3.6225e-010
16104	3.5029e-010
16105	3.3401e-010
16106	3.4599e-010
16107	3.2651e-010
16108	3.2088e-010
16109	2.7744e-010
16110	2.6695e-010
16111	2.8821e-010
16112	2.7224e-010
16113	3.0295e-010
16114	3.0391e-010
16115	4.2433e-010
16116	6.764e-010
16117	9.9696e-010
16118	9.2286e-010
16119	1.1905e-009
16120	1.4374e-009
16121	1.2128e-010
16122	9.667e-011
16123	1.7326e-010
16124	2.4056e-010
16125	2.4802e-010
16126	2.5481e-010
16127	2.6221e-010
16128	2.69e-010
16129	2.7352e-010
16130	2.828e-010
16131	2.8854e-010
16132	2.9376e-010
16133	3.0366e-010
16134	3.0661e-010
16135	3.1759e-010
16136	3.2257e-010
16137	3.3091e-010
16138	3.3851e-010
16139	3.4528e-010
16140	3.5502e-010
16141	3.6071e-010
16142	3.7191e-010
16143	3.7745e-010
16144	3.8879e-010
16145	3.956e-010
16146	4.0554e-010
16147	4.158e-010
16148	4.2208e-010
16149	4.3647e-010
16150	4.4046e-010
16151	4.5582e-010
16152	4.6474e-010
16153	4.7229e-010
16154	4.8744e-010
16155	4.9562e-010
16156	5.0548e-010
16157	5.2073e-010
16158	5.3164e-010
16159	5.3887e-010
16160	5.5575e-010
16161	5.685e-010
16162	5.803e-010
16163	5.9059e-010
16164	6.0613e-010
16165	6.2067e-010
16166	6.3485e-010
16167	6.4845e-010
16168	6.6293e-010
16169	6.7783e-010
16170	6.9206e-010
16171	7.0857e-010
16172	7.2483e-010
16173	7.4126e-010
16174	7.5811e-010
16175	7.7556e-010
16176	7.9349e-010
16177	8.0874e-010
16178	8.2859e-010
16179	8.4725e-010
16180	8.6705e-010
16181	8.8925e-010
16182	9.0926e-010
16183	9.2372e-010
16184	9.415e-010
16185	9.7589e-010
16186	9.7727e-010
16187	9.4266e-010
16188	9.2533e-010
16189	9.1501e-010
16190	8.9672e-010
16191	8.7454e-010
16192	8.5518e-010
16193	8.3707e-010
16194	8.1404e-010
16195	8.0417e-010
16196	7.864e-010
16197	7.6948e-010
16198	7.5354e-010
16199	7.3832e-010
16200	7.216e-010
16201	7.0191e-010
16202	6.9065e-010
16203	6.7654e-010
16204	6.6383e-010
16205	6.5494e-010
16206	6.4334e-010
16207	6.287e-010
16208	5.9123e-010
16209	6.0582e-010
16210	5.9816e-010
16211	5.9237e-010
16212	5.3688e-010
16213	5.6545e-010
16214	5.5945e-010
16215	4.8251e-010
16216	5.1014e-010
16217	5.2377e-010
16218	4.6484e-010
16219	4.7715e-010
16220	4.9491e-010
16221	4.3875e-010
16222	4.8579e-010
16223	4.1499e-010
16224	4.3878e-010
16225	4.1092e-010
16226	3.8942e-010
16227	4.0582e-010
16228	3.7225e-010
16229	3.9314e-010
16230	3.5763e-010
16231	3.7027e-010
16232	3.4366e-010
16233	3.4297e-010
16234	3.3244e-010
16235	3.1515e-010
16236	3.3228e-010
16237	3.0043e-010
16238	3.0861e-010
16239	2.5895e-010
16240	2.5205e-010
16241	2.7952e-010
16242	2.4956e-010
16243	2.6893e-010
16244	3.0826e-010
16245	4.3166e-010
16246	6.4457e-010
16247	8.8303e-010
16248	7.7728e-010
16249	1.296e-009
16250	1.0368e-009
16251	1.4254e-010
16252	1.1581e-010
16253	1.8696e-010
16254	2.5524e-010
16255	2.6459e-010
16256	2.7046e-010
16257	2.7789e-010
16258	2.8577e-010
16259	2.9173e-010
16260	2.9978e-010
16261	3.062e-010
16262	3.1256e-010
16263	3.2196e-010
16264	3.2708e-010
16265	3.3681e-010
16266	3.4287e-010
16267	3.5138e-010
16268	3.5965e-010
16269	3.6709e-010
16270	3.7694e-010
16271	3.84e-010
16272	3.9478e-010
16273	4.0203e-010
16274	4.1276e-010
16275	4.2087e-010
16276	4.31e-010
16277	4.4127e-010
16278	4.4989e-010
16279	4.629e-010
16280	4.6998e-010
16281	4.8354e-010
16282	4.9344e-010
16283	5.032e-010
16284	5.17e-010
16285	5.2703e-010
16286	5.3829e-010
16287	5.5237e-010
16288	5.6486e-010
16289	5.7444e-010
16290	5.9081e-010
16291	6.0343e-010
16292	6.1736e-010
16293	6.2901e-010
16294	6.4505e-010
16295	6.5949e-010
16296	6.7425e-010
16297	6.8923e-010
16298	7.049e-010
16299	7.2092e-010
16300	7.3603e-010
16301	7.5363e-010
16302	7.7062e-010
16303	7.8795e-010
16304	8.0573e-010
16305	8.2392e-010
16306	8.4357e-010
16307	8.598e-010
16308	8.8151e-010
16309	9.0093e-010
16310	9.2142e-010
16311	9.4352e-010
16312	9.6567e-010
16313	9.8347e-010
16314	1.0018e-009
16315	1.0357e-009
16316	1.0373e-009
16317	1.0034e-009
16318	9.8581e-010
16319	9.7137e-010
16320	9.5002e-010
16321	9.283e-010
16322	9.0878e-010
16323	8.9137e-010
16324	8.6585e-010
16325	8.5554e-010
16326	8.3447e-010
16327	8.17e-010
16328	7.9994e-010
16329	7.8359e-010
16330	7.678e-010
16331	7.4738e-010
16332	7.3573e-010
16333	7.195e-010
16334	7.0452e-010
16335	6.9025e-010
16336	6.7812e-010
16337	6.7114e-010
16338	6.3559e-010
16339	6.4476e-010
16340	6.2347e-010
16341	6.2556e-010
16342	5.8367e-010
16343	5.9637e-010
16344	5.8131e-010
16345	5.25e-010
16346	5.3862e-010
16347	5.4396e-010
16348	5.0606e-010
16349	5.0204e-010
16350	5.1317e-010
16351	4.8213e-010
16352	4.9996e-010
16353	4.5356e-010
16354	4.5547e-010
16355	4.3346e-010
16356	4.1866e-010
16357	4.2391e-010
16358	4.0149e-010
16359	4.0998e-010
16360	3.846e-010
16361	3.8843e-010
16362	3.6602e-010
16363	3.6222e-010
16364	3.5023e-010
16365	3.3394e-010
16366	3.4593e-010
16367	3.2645e-010
16368	3.2079e-010
16369	2.7734e-010
16370	2.6675e-010
16371	2.8797e-010
16372	2.7218e-010
16373	3.0268e-010
16374	3.0376e-010
16375	4.2441e-010
16376	6.7659e-010
16377	9.97e-010
16378	9.2291e-010
16379	1.1904e-009
16380	1.4368e-009
16381	1.4255e-010
16382	1.1581e-010
16383	1.8696e-010
16384	2.5524e-010
16385	2.6459e-010
16386	2.7046e-010
16387	2.7789e-010
16388	2.8577e-010
16389	2.9173e-010
16390	2.9978e-010
16391	3.062e-010
16392	3.1257e-010
16393	3.2196e-010
16394	3.2708e-010
16395	3.3681e-010
16396	3.4287e-010
16397	3.5138e-010
16398	3.5965e-010
16399	3.6709e-010
16400	3.7694e-010
16401	3.8401e-010
16402	3.9478e-010
16403	4.0203e-010
16404	4.1276e-010
16405	4.2087e-010
16406	4.31e-010
16407	4.4126e-010
16408	4.4989e-010
16409	4.629e-010
16410	4.6998e-010
16411	4.8354e-010
16412	4.9344e-010
16413	5.032e-010
16414	5.1701e-010
16415	5.2703e-010
16416	5.3829e-010
16417	5.5237e-010
16418	5.6486e-010
16419	5.7444e-010
16420	5.9081e-010
16421	6.0343e-010
16422	6.1736e-010
16423	6.2901e-010
16424	6.4505e-010
16425	6.5949e-010
16426	6.7425e-010
16427	6.8923e-010
16428	7.049e-010
16429	7.2092e-010
16430	7.3603e-010
16431	7.5363e-010
16432	7.7063e-010
16433	7.8795e-010
16434	8.0573e-010
16435	8.2392e-010
16436	8.4358e-010
16437	8.5981e-010
16438	8.8152e-010
16439	9.0091e-010
16440	9.2142e-010
16441	9.4352e-010
16442	9.6567e-010
16443	9.8347e-010
16444	1.0018e-009
16445	1.0357e-009
16446	1.0373e-009
16447	1.0034e-009
16448	9.8581e-010
16449	9.7138e-010
16450	9.5002e-010
16451	9.283e-010
16452	9.0878e-010
16453	8.9137e-010
16454	8.6585e-010
16455	8.5553e-010
16456	8.3447e-010
16457	8.1699e-010
16458	7.9991e-010
16459	7.8363e-010
16460	7.6801e-010
16461	7.4651e-010
16462	7.3593e-010
16463	7.1951e-010
16464	7.045e-010
16465	6.9026e-010
16466	6.7813e-010
16467	6.7109e-010
16468	6.3595e-010
16469	6.4472e-010
16470	6.2345e-010
16471	6.2562e-010
16472	5.8365e-010
16473	5.9641e-010
16474	5.813e-010
16475	5.25e-010
16476	5.3862e-010
16477	5.4396e-010
16478	5.0606e-010
16479	5.0204e-010
16480	5.1318e-010
16481	4.8213e-010
16482	4.9996e-010
16483	4.5356e-010
16484	4.5547e-010
16485	4.3346e-010
16486	4.1866e-010
16487	4.2391e-010
16488	4.0149e-010
16489	4.0998e-010
16490	3.846e-010
16491	3.8843e-010
16492	3.6602e-010
16493	3.6222e-010
16494	3.5023e-010
16495	3.3394e-010
16496	3.4593e-010
16497	3.2645e-010
16498	3.2079e-010
16499	2.7734e-010
16500	2.6675e-010
16501	2.8797e-010
16502	2.7218e-010
16503	3.0268e-010
16504	3.0375e-010
16505	4.2442e-010
16506	6.7659e-010
16507	9.97e-010
16508	9.2291e-010
16509	1.1904e-009
16510	1.4368e-009
16511	1.2128e-010
16512	9.6672e-011
16513	1.7327e-010
16514	2.4055e-010
16515	2.4801e-010
16516	2.5481e-010
16517	2.622e-010
16518	2.69e-010
16519	2.7352e-010
16520	2.828e-010
16521	2.8854e-010
16522	2.9377e-010
16523	3.0366e-010
16524	3.0661e-010
16525	3.1759e-010
16526	3.2257e-010
16527	3.3092e-010
16528	3.3852e-010
16529	3.4528e-010
16530	3.5504e-010
16531	3.607e-010
16532	3.7191e-010
16533	3.7745e-010
16534	3.8879e-010
16535	3.956e-010
16536	4.0553e-010
16537	4.158e-010
16538	4.2207e-010
16539	4.3647e-010
16540	4.4045e-010
16541	4.5583e-010
16542	4.6474e-010
16543	4.7229e-010
16544	4.8743e-010
16545	4.9561e-010
16546	5.0548e-010
16547	5.2073e-010
16548	5.3166e-010
16549	5.3887e-010
16550	5.5575e-010
16551	5.685e-010
16552	5.803e-010
16553	5.9061e-010
16554	6.0612e-010
16555	6.2072e-010
16556	6.3485e-010
16557	6.4848e-010
16558	6.6291e-010
16559	6.7782e-010
16560	6.9206e-010
16561	7.0856e-010
16562	7.2482e-010
16563	7.4126e-010
16564	7.5811e-010
16565	7.7556e-010
16566	7.9349e-010
16567	8.0874e-010
16568	8.2859e-010
16569	8.4724e-010
16570	8.6704e-010
16571	8.8924e-010
16572	9.0925e-010
16573	9.237e-010
16574	9.4155e-010
16575	9.7586e-010
16576	9.7729e-010
16577	9.4265e-010
16578	9.2533e-010
16579	9.1501e-010
16580	8.967e-010
16581	8.7453e-010
16582	8.5517e-010
16583	8.371e-010
16584	8.1403e-010
16585	8.0417e-010
16586	7.8639e-010
16587	7.6948e-010
16588	7.5348e-010
16589	7.3837e-010
16590	7.2155e-010
16591	7.013e-010
16592	6.9058e-010
16593	6.7655e-010
16594	6.6379e-010
16595	6.5495e-010
16596	6.4344e-010
16597	6.2853e-010
16598	5.914e-010
16599	6.0563e-010
16600	5.9829e-010
16601	5.9235e-010
16602	5.3686e-010
16603	5.6545e-010
16604	5.5948e-010
16605	4.8251e-010
16606	5.1012e-010
16607	5.2379e-010
16608	4.6485e-010
16609	4.7714e-010
16610	4.9492e-010
16611	4.3876e-010
16612	4.858e-010
16613	4.15e-010
16614	4.388e-010
16615	4.1092e-010
16616	3.8942e-010
16617	4.0582e-010
16618	3.7224e-010
16619	3.9313e-010
16620	3.5762e-010
16621	3.7027e-010
16622	3.4366e-010
16623	3.4296e-010
16624	3.3243e-010
16625	3.1514e-010
16626	3.3228e-010
16627	3.0042e-010
16628	3.086e-010
16629	2.5894e-010
16630	2.5206e-010
16631	2.7952e-010
16632	2.4957e-010
16633	2.6893e-010
16634	3.0827e-010
16635	4.3166e-010
16636	6.4457e-010
16637	8.8303e-010
16638	7.7728e-010
16639	1.296e-009
16640	1.0368e-009
16641	1.4253e-010
16642	1.157e-010
16643	1.8687e-010
16644	2.552e-010
16645	2.646e-010
16646	2.7053e-010
16647	2.7794e-010
16648	2.8576e-010
16649	2.9167e-010
16650	2.9971e-010
16651	3.0616e-010
16652	3.1254e-010
16653	3.2194e-010
16654	3.2705e-010
16655	3.3679e-010
16656	3.4289e-010
16657	3.5141e-010
16658	3.5969e-010
16659	3.6712e-010
16660	3.7691e-010
16661	3.8391e-010
16662	3.9461e-010
16663	4.0184e-010
16664	4.1265e-010
16665	4.2085e-010
16666	4.3101e-010
16667	4.4128e-010
16668	4.4985e-010
16669	4.6288e-010
16670	4.7004e-010
16671	4.8359e-010
16672	4.9339e-010
16673	5.0297e-010
16674	5.1692e-010
16675	5.271e-010
16676	5.3832e-010
16677	5.5246e-010
16678	5.6484e-010
16679	5.7421e-010
16680	5.9044e-010
16681	6.0299e-010
16682	6.1687e-010
16683	6.287e-010
16684	6.4491e-010
16685	6.5929e-010
16686	6.7393e-010
16687	6.8891e-010
16688	7.0458e-010
16689	7.2099e-010
16690	7.3614e-010
16691	7.5357e-010
16692	7.7047e-010
16693	7.878e-010
16694	8.0566e-010
16695	8.2401e-010
16696	8.4388e-010
16697	8.6031e-010
16698	8.8184e-010
16699	9.0097e-010
16700	9.2154e-010
16701	9.4366e-010
16702	9.6625e-010
16703	9.8424e-010
16704	1.0024e-009
16705	1.0359e-009
16706	1.0377e-009
16707	1.0039e-009
16708	9.8652e-010
16709	9.7197e-010
16710	9.5057e-010
16711	9.2878e-010
16712	9.093e-010
16713	8.9201e-010
16714	8.6645e-010
16715	8.5614e-010
16716	8.3532e-010
16717	8.1773e-010
16718	8.0053e-010
16719	7.8436e-010
16720	7.6868e-010
16721	7.4717e-010
16722	7.3659e-010
16723	7.2027e-010
16724	7.0526e-010
16725	6.9103e-010
16726	6.7913e-010
16727	6.6984e-010
16728	6.3878e-010
16729	6.4331e-010
16730	6.2438e-010
16731	6.2638e-010
16732	5.8434e-010
16733	5.9703e-010
16734	5.8185e-010
16735	5.2544e-010
16736	5.3909e-010
16737	5.4437e-010
16738	5.0642e-010
16739	5.0242e-010
16740	5.1348e-010
16741	4.8235e-010
16742	5.0019e-010
16743	4.5377e-010
16744	4.5566e-010
16745	4.3363e-010
16746	4.1883e-010
16747	4.2405e-010
16748	4.0159e-010
16749	4.1009e-010
16750	3.8469e-010
16751	3.8851e-010
16752	3.6604e-010
16753	3.6225e-010
16754	3.5028e-010
16755	3.3401e-010
16756	3.4598e-010
16757	3.2651e-010
16758	3.2088e-010
16759	2.7744e-010
16760	2.6695e-010
16761	2.8821e-010
16762	2.7224e-010
16763	3.0295e-010
16764	3.0391e-010
16765	4.2433e-010
16766	6.7641e-010
16767	9.9696e-010
16768	9.2286e-010
16769	1.1905e-009
16770	1.4374e-009
16771	1.4257e-010
16772	1.158e-010
16773	1.8696e-010
16774	2.5529e-010
16775	2.6472e-010
16776	2.7065e-010
16777	2.7807e-010
16778	2.8585e-010
16779	2.9172e-010
16780	2.9975e-010
16781	3.062e-010
16782	3.1257e-010
16783	3.2199e-010
16784	3.271e-010
16785	3.3681e-010
16786	3.4284e-010
16787	3.5137e-010
16788	3.5966e-010
16789	3.6713e-010
16790	3.7695e-010
16791	3.8396e-010
16792	3.9464e-010
16793	4.0184e-010
16794	4.1263e-010
16795	4.2082e-010
16796	4.3107e-010
16797	4.4134e-010
16798	4.4984e-010
16799	4.6288e-010
16800	4.7006e-010
16801	4.8357e-010
16802	4.9337e-010
16803	5.0304e-010
16804	5.1697e-010
16805	5.271e-010
16806	5.3827e-010
16807	5.5244e-010
16808	5.6485e-010
16809	5.7418e-010
16810	5.9043e-010
16811	6.0303e-010
16812	6.169e-010
16813	6.2865e-010
16814	6.4484e-010
16815	6.5911e-010
16816	6.7386e-010
16817	6.8897e-010
16818	7.0441e-010
16819	7.2068e-010
16820	7.3601e-010
16821	7.536e-010
16822	7.7051e-010
16823	7.8789e-010
16824	8.057e-010
16825	8.2403e-010
16826	8.4394e-010
16827	8.6047e-010
16828	8.8215e-010
16829	9.0153e-010
16830	9.2197e-010
16831	9.4416e-010
16832	9.6702e-010
16833	9.8514e-010
16834	1.0033e-009
16835	1.0371e-009
16836	1.0389e-009
16837	1.005e-009
16838	9.8745e-010
16839	9.7284e-010
16840	9.5142e-010
16841	9.2961e-010
16842	9.1018e-010
16843	8.9283e-010
16844	8.6731e-010
16845	8.5696e-010
16846	8.3599e-010
16847	8.1839e-010
16848	8.0121e-010
16849	7.8511e-010
16850	7.6932e-010
16851	7.4795e-010
16852	7.3714e-010
16853	7.2083e-010
16854	7.0579e-010
16855	6.9166e-010
16856	6.7937e-010
16857	6.702e-010
16858	6.3834e-010
16859	6.4373e-010
16860	6.2486e-010
16861	6.2722e-010
16862	5.8515e-010
16863	5.9783e-010
16864	5.8262e-010
16865	5.2617e-010
16866	5.3985e-010
16867	5.4498e-010
16868	5.0704e-010
16869	5.0298e-010
16870	5.1402e-010
16871	4.8285e-010
16872	5.0056e-010
16873	4.5411e-010
16874	4.5592e-010
16875	4.3386e-010
16876	4.1909e-010
16877	4.2427e-010
16878	4.0175e-010
16879	4.102e-010
16880	3.8479e-010
16881	3.8857e-010
16882	3.661e-010
16883	3.6226e-010
16884	3.5026e-010
16885	3.34e-010
16886	3.4605e-010
16887	3.2663e-010
16888	3.2097e-010
16889	2.7754e-010
16890	2.6704e-010
16891	2.8826e-010
16892	2.7237e-010
16893	3.0294e-010
16894	3.0395e-010
16895	4.2441e-010
16896	6.7644e-010
16897	9.9678e-010
16898	9.2275e-010
16899	1.1906e-009
16900	1.4375e-009
16901	1.2126e-010
16902	9.669e-011
16903	1.7328e-010
16904	2.4056e-010
16905	2.4803e-010
16906	2.5485e-010
16907	2.6223e-010
16908	2.689e-010
16909	2.7333e-010
16910	2.8263e-010
16911	2.8835e-010
16912	2.9355e-010
16913	3.0348e-010
16914	3.0637e-010
16915	3.1738e-010
16916	3.2231e-010
16917	3.3065e-010
16918	3.382e-010
16919	3.4502e-010
16920	3.5489e-010
16921	3.6062e-010
16922	3.7175e-010
16923	3.7724e-010
16924	3.8865e-010
16925	3.9552e-010
16926	4.0539e-010
16927	4.1565e-010
16928	4.2197e-010
16929	4.3638e-010
16930	4.4024e-010
16931	4.5538e-010
16932	4.6417e-010
16933	4.7181e-010
16934	4.87e-010
16935	4.9526e-010
16936	5.0508e-010
16937	5.2049e-010
16938	5.3133e-010
16939	5.3844e-010
16940	5.553e-010
16941	5.6831e-010
16942	5.7996e-010
16943	5.9015e-010
16944	6.0568e-010
16945	6.2013e-010
16946	6.3427e-010
16947	6.4786e-010
16948	6.62e-010
16949	6.7704e-010
16950	6.916e-010
16951	7.0805e-010
16952	7.243e-010
16953	7.4082e-010
16954	7.5752e-010
16955	7.7521e-010
16956	7.9312e-010
16957	8.0851e-010
16958	8.2852e-010
16959	8.4737e-010
16960	8.671e-010
16961	8.8953e-010
16962	9.1026e-010
16963	9.2445e-010
16964	9.4243e-010
16965	9.7709e-010
16966	9.7848e-010
16967	9.4372e-010
16968	9.2619e-010
16969	9.1583e-010
16970	8.9775e-010
16971	8.7562e-010
16972	8.5645e-010
16973	8.3822e-010
16974	8.1524e-010
16975	8.0538e-010
16976	7.8753e-010
16977	7.7064e-010
16978	7.5496e-010
16979	7.3978e-010
16980	7.2334e-010
16981	7.025e-010
16982	6.9221e-010
16983	6.7788e-010
16984	6.6521e-010
16985	6.5655e-010
16986	6.4495e-010
16987	6.2823e-010
16988	5.9484e-010
16989	6.0542e-010
16990	5.9979e-010
16991	5.9389e-010
16992	5.3833e-010
16993	5.6685e-010
16994	5.6081e-010
16995	4.8381e-010
16996	5.1157e-010
16997	5.2496e-010
16998	4.6586e-010
16999	4.7811e-010
17000	4.9581e-010
17001	4.3952e-010
17002	4.8643e-010
17003	4.1553e-010
17004	4.3926e-010
17005	4.1135e-010
17006	3.8984e-010
17007	4.0624e-010
17008	3.7257e-010
17009	3.9348e-010
17010	3.5792e-010
17011	3.7059e-010
17012	3.4386e-010
17013	3.4307e-010
17014	3.3246e-010
17015	3.1509e-010
17016	3.3234e-010
17017	3.0056e-010
17018	3.0881e-010
17019	2.5924e-010
17020	2.5237e-010
17021	2.7977e-010
17022	2.5e-010
17023	2.6905e-010
17024	3.0854e-010
17025	4.3191e-010
17026	6.4465e-010
17027	8.8295e-010
17028	7.7733e-010
17029	1.2962e-009
17030	1.037e-009
17031	1.4258e-010
17032	1.1579e-010
17033	1.8696e-010
17034	2.5529e-010
17035	2.6472e-010
17036	2.7064e-010
17037	2.7807e-010
17038	2.8584e-010
17039	2.9173e-010
17040	2.9975e-010
17041	3.062e-010
17042	3.1257e-010
17043	3.2199e-010
17044	3.271e-010
17045	3.3681e-010
17046	3.4284e-010
17047	3.5136e-010
17048	3.5966e-010
17049	3.6713e-010
17050	3.7695e-010
17051	3.8395e-010
17052	3.9464e-010
17053	4.0184e-010
17054	4.1263e-010
17055	4.2082e-010
17056	4.3107e-010
17057	4.4133e-010
17058	4.4984e-010
17059	4.6288e-010
17060	4.7006e-010
17061	4.8356e-010
17062	4.9338e-010
17063	5.0304e-010
17064	5.1697e-010
17065	5.271e-010
17066	5.3827e-010
17067	5.5244e-010
17068	5.6485e-010
17069	5.7418e-010
17070	5.9043e-010
17071	6.0304e-010
17072	6.169e-010
17073	6.2865e-010
17074	6.4484e-010
17075	6.5911e-010
17076	6.7386e-010
17077	6.8896e-010
17078	7.0442e-010
17079	7.207e-010
17080	7.3603e-010
17081	7.536e-010
17082	7.7051e-010
17083	7.8789e-010
17084	8.0569e-010
17085	8.2403e-010
17086	8.4396e-010
17087	8.6046e-010
17088	8.8215e-010
17089	9.0153e-010
17090	9.2197e-010
17091	9.4417e-010
17092	9.6702e-010
17093	9.8515e-010
17094	1.0033e-009
17095	1.0371e-009
17096	1.039e-009
17097	1.005e-009
17098	9.8745e-010
17099	9.7286e-010
17100	9.5142e-010
17101	9.296e-010
17102	9.1018e-010
17103	8.9285e-010
17104	8.673e-010
17105	8.5698e-010
17106	8.3597e-010
17107	8.1839e-010
17108	8.0121e-010
17109	7.851e-010
17110	7.6934e-010
17111	7.4792e-010
17112	7.3714e-010
17113	7.2081e-010
17114	7.0581e-010
17115	6.9148e-010
17116	6.7969e-010
17117	6.7176e-010
17118	6.381e-010
17119	6.4531e-010
17120	6.2511e-010
17121	6.2707e-010
17122	5.8515e-010
17123	5.9781e-010
17124	5.8262e-010
17125	5.2617e-010
17126	5.3985e-010
17127	5.4499e-010
17128	5.0703e-010
17129	5.0298e-010
17130	5.1403e-010
17131	4.8284e-010
17132	5.0056e-010
17133	4.5411e-010
17134	4.5592e-010
17135	4.3387e-010
17136	4.1908e-010
17137	4.2427e-010
17138	4.0174e-010
17139	4.1022e-010
17140	3.8478e-010
17141	3.8857e-010
17142	3.6609e-010
17143	3.6226e-010
17144	3.5026e-010
17145	3.3401e-010
17146	3.4605e-010
17147	3.2663e-010
17148	3.2097e-010
17149	2.7755e-010
17150	2.6704e-010
17151	2.8826e-010
17152	2.7237e-010
17153	3.0295e-010
17154	3.0395e-010
17155	4.2441e-010
17156	6.7643e-010
17157	9.9677e-010
17158	9.2275e-010
17159	1.1906e-009
17160	1.4375e-009
17161	1.4254e-010
17162	1.1571e-010
17163	1.8687e-010
17164	2.552e-010
17165	2.6461e-010
17166	2.7053e-010
17167	2.7795e-010
17168	2.8576e-010
17169	2.9167e-010
17170	2.997e-010
17171	3.0617e-010
17172	3.1254e-010
17173	3.2194e-010
17174	3.2705e-010
17175	3.3679e-010
17176	3.4289e-010
17177	3.5142e-010
17178	3.597e-010
17179	3.6713e-010
17180	3.7691e-010
17181	3.8391e-010
17182	3.946e-010
17183	4.0185e-010
17184	4.1265e-010
17185	4.2084e-010
17186	4.3102e-010
17187	4.4128e-010
17188	4.4986e-010
17189	4.6288e-010
17190	4.7003e-010
17191	4.8359e-010
17192	4.9339e-010
17193	5.0296e-010
17194	5.1693e-010
17195	5.271e-010
17196	5.3831e-010
17197	5.5246e-010
17198	5.6484e-010
17199	5.7421e-010
17200	5.9044e-010
17201	6.0298e-010
17202	6.1686e-010
17203	6.2871e-010
17204	6.4492e-010
17205	6.5927e-010
17206	6.7395e-010
17207	6.8891e-010
17208	7.0459e-010
17209	7.2099e-010
17210	7.3614e-010
17211	7.5357e-010
17212	7.7047e-010
17213	7.8783e-010
17214	8.0564e-010
17215	8.2399e-010
17216	8.4388e-010
17217	8.6031e-010
17218	8.8184e-010
17219	9.0097e-010
17220	9.2153e-010
17221	9.4367e-010
17222	9.6622e-010
17223	9.8422e-010
17224	1.0024e-009
17225	1.0359e-009
17226	1.0377e-009
17227	1.0039e-009
17228	9.8653e-010
17229	9.7197e-010
17230	9.5057e-010
17231	9.2878e-010
17232	9.0931e-010
17233	8.9198e-010
17234	8.6645e-010
17235	8.5614e-010
17236	8.353e-010
17237	8.1773e-010
17238	8.0052e-010
17239	7.8436e-010
17240	7.6868e-010
17241	7.4729e-010
17242	7.3659e-010
17243	7.2027e-010
17244	7.0525e-010
17245	6.9102e-010
17246	6.7892e-010
17247	6.7185e-010
17248	6.3688e-010
17249	6.4532e-010
17250	6.2418e-010
17251	6.2639e-010
17252	5.841e-010
17253	5.9707e-010
17254	5.8183e-010
17255	5.2543e-010
17256	5.3908e-010
17257	5.4436e-010
17258	5.0642e-010
17259	5.0243e-010
17260	5.1349e-010
17261	4.8234e-010
17262	5.0018e-010
17263	4.5376e-010
17264	4.5566e-010
17265	4.3363e-010
17266	4.1884e-010
17267	4.2404e-010
17268	4.0159e-010
17269	4.1008e-010
17270	3.8469e-010
17271	3.885e-010
17272	3.6605e-010
17273	3.6224e-010
17274	3.5028e-010
17275	3.34e-010
17276	3.4598e-010
17277	3.265e-010
17278	3.2089e-010
17279	2.7743e-010
17280	2.6695e-010
17281	2.8821e-010
17282	2.7224e-010
17283	3.0294e-010
17284	3.0391e-010
17285	4.2434e-010
17286	6.764e-010
17287	9.9696e-010
17288	9.2286e-010
17289	1.1905e-009
17290	1.4374e-009
17291	1.2128e-010
17292	9.6669e-011
17293	1.7327e-010
17294	2.4056e-010
17295	2.4803e-010
17296	2.548e-010
17297	2.6221e-010
17298	2.69e-010
17299	2.7352e-010
17300	2.8281e-010
17301	2.8853e-010
17302	2.9376e-010
17303	3.0365e-010
17304	3.0661e-010
17305	3.1759e-010
17306	3.2256e-010
17307	3.3092e-010
17308	3.3853e-010
17309	3.453e-010
17310	3.5503e-010
17311	3.6069e-010
17312	3.7192e-010
17313	3.7745e-010
17314	3.8879e-010
17315	3.956e-010
17316	4.0551e-010
17317	4.1578e-010
17318	4.2214e-010
17319	4.3646e-010
17320	4.4046e-010
17321	4.5582e-010
17322	4.6473e-010
17323	4.7227e-010
17324	4.8741e-010
17325	4.9565e-010
17326	5.0548e-010
17327	5.2072e-010
17328	5.3166e-010
17329	5.3887e-010
17330	5.5575e-010
17331	5.6849e-010
17332	5.8029e-010
17333	5.9061e-010
17334	6.0616e-010
17335	6.2071e-010
17336	6.3487e-010
17337	6.4847e-010
17338	6.6289e-010
17339	6.7783e-010
17340	6.9206e-010
17341	7.0853e-010
17342	7.2486e-010
17343	7.4124e-010
17344	7.581e-010
17345	7.756e-010
17346	7.9352e-010
17347	8.0874e-010
17348	8.2858e-010
17349	8.472e-010
17350	8.6699e-010
17351	8.8923e-010
17352	9.0925e-010
17353	9.2379e-010
17354	9.4155e-010
17355	9.7586e-010
17356	9.7728e-010
17357	9.4266e-010
17358	9.253e-010
17359	9.15e-010
17360	8.967e-010
17361	8.7452e-010
17362	8.552e-010
17363	8.3716e-010
17364	8.1402e-010
17365	8.0415e-010
17366	7.8637e-010
17367	7.6946e-010
17368	7.535e-010
17369	7.3827e-010
17370	7.2182e-010
17371	7.0104e-010
17372	6.908e-010
17373	6.7649e-010
17374	6.6381e-010
17375	6.5495e-010
17376	6.4337e-010
17377	6.2859e-010
17378	5.9155e-010
17379	6.0567e-010
17380	5.983e-010
17381	5.9198e-010
17382	5.3723e-010
17383	5.6508e-010
17384	5.5956e-010
17385	4.825e-010
17386	5.1012e-010
17387	5.238e-010
17388	4.6485e-010
17389	4.7713e-010
17390	4.949e-010
17391	4.3877e-010
17392	4.8582e-010
17393	4.1499e-010
17394	4.388e-010
17395	4.109e-010
17396	3.8941e-010
17397	4.0581e-010
17398	3.7225e-010
17399	3.9311e-010
17400	3.576e-010
17401	3.7028e-010
17402	3.4366e-010
17403	3.4295e-010
17404	3.3245e-010
17405	3.1516e-010
17406	3.323e-010
17407	3.0046e-010
17408	3.0859e-010
17409	2.5894e-010
17410	2.5205e-010
17411	2.7951e-010
17412	2.4958e-010
17413	2.6892e-010
17414	3.0827e-010
17415	4.3165e-010
17416	6.4458e-010
17417	8.8302e-010
17418	7.7729e-010
17419	1.296e-009
17420	1.0369e-009
17421	1.4255e-010
17422	1.1581e-010
17423	1.8695e-010
17424	2.5524e-010
17425	2.646e-010
17426	2.7046e-010
17427	2.779e-010
17428	2.8577e-010
17429	2.9173e-010
17430	2.9977e-010
17431	3.062e-010
17432	3.1255e-010
17433	3.2197e-010
17434	3.2708e-010
17435	3.3681e-010
17436	3.4287e-010
17437	3.5137e-010
17438	3.5965e-010
17439	3.6709e-010
17440	3.7694e-010
17441	3.8401e-010
17442	3.9477e-010
17443	4.0203e-010
17444	4.1276e-010
17445	4.2087e-010
17446	4.31e-010
17447	4.4126e-010
17448	4.4989e-010
17449	4.6289e-010
17450	4.6997e-010
17451	4.8353e-010
17452	4.9344e-010
17453	5.0319e-010
17454	5.1701e-010
17455	5.2703e-010
17456	5.383e-010
17457	5.5236e-010
17458	5.6485e-010
17459	5.7444e-010
17460	5.908e-010
17461	6.0343e-010
17462	6.1736e-010
17463	6.2901e-010
17464	6.4506e-010
17465	6.595e-010
17466	6.7422e-010
17467	6.8923e-010
17468	7.0491e-010
17469	7.2091e-010
17470	7.3603e-010
17471	7.5364e-010
17472	7.7063e-010
17473	7.8794e-010
17474	8.057e-010
17475	8.2393e-010
17476	8.4363e-010
17477	8.5981e-010
17478	8.815e-010
17479	9.0091e-010
17480	9.2138e-010
17481	9.4353e-010
17482	9.6567e-010
17483	9.8346e-010
17484	1.0018e-009
17485	1.0357e-009
17486	1.0373e-009
17487	1.0034e-009
17488	9.8578e-010
17489	9.7139e-010
17490	9.5002e-010
17491	9.2832e-010
17492	9.0878e-010
17493	8.9138e-010
17494	8.6587e-010
17495	8.5554e-010
17496	8.345e-010
17497	8.1698e-010
17498	7.999e-010
17499	7.8367e-010
17500	7.6797e-010
17501	7.4664e-010
17502	7.3586e-010
17503	7.1952e-010
17504	7.0451e-010
17505	6.9031e-010
17506	6.7828e-010
17507	6.6901e-010
17508	6.3827e-010
17509	6.4265e-010
17510	6.2357e-010
17511	6.2605e-010
17512	5.8455e-010
17513	5.9678e-010
17514	5.8128e-010
17515	5.2501e-010
17516	5.3861e-010
17517	5.4397e-010
17518	5.0606e-010
17519	5.0205e-010
17520	5.1317e-010
17521	4.8214e-010
17522	4.9996e-010
17523	4.5357e-010
17524	4.5547e-010
17525	4.3347e-010
17526	4.1866e-010
17527	4.239e-010
17528	4.0149e-010
17529	4.0999e-010
17530	3.846e-010
17531	3.8843e-010
17532	3.6602e-010
17533	3.6223e-010
17534	3.5022e-010
17535	3.3395e-010
17536	3.4594e-010
17537	3.2644e-010
17538	3.2079e-010
17539	2.7734e-010
17540	2.6675e-010
17541	2.8796e-010
17542	2.7218e-010
17543	3.0268e-010
17544	3.0376e-010
17545	4.2443e-010
17546	6.766e-010
17547	9.9699e-010
17548	9.229e-010
17549	1.1904e-009
17550	1.4368e-009
17551	1.4256e-010
17552	1.1581e-010
17553	1.8696e-010
17554	2.5524e-010
17555	2.646e-010
17556	2.7046e-010
17557	2.779e-010
17558	2.8577e-010
17559	2.9173e-010
17560	2.9977e-010
17561	3.062e-010
17562	3.1255e-010
17563	3.2197e-010
17564	3.2708e-010
17565	3.3681e-010
17566	3.4287e-010
17567	3.5137e-010
17568	3.5964e-010
17569	3.6709e-010
17570	3.7693e-010
17571	3.8401e-010
17572	3.9477e-010
17573	4.0201e-010
17574	4.1277e-010
17575	4.2087e-010
17576	4.3101e-010
17577	4.4126e-010
17578	4.4989e-010
17579	4.6289e-010
17580	4.6997e-010
17581	4.8353e-010
17582	4.9344e-010
17583	5.0319e-010
17584	5.1701e-010
17585	5.2703e-010
17586	5.383e-010
17587	5.5237e-010
17588	5.6485e-010
17589	5.7444e-010
17590	5.908e-010
17591	6.0343e-010
17592	6.1736e-010
17593	6.2901e-010
17594	6.4506e-010
17595	6.5948e-010
17596	6.7422e-010
17597	6.8923e-010
17598	7.0491e-010
17599	7.2091e-010
17600	7.3603e-010
17601	7.5364e-010
17602	7.7063e-010
17603	7.8795e-010
17604	8.0571e-010
17605	8.2393e-010
17606	8.4363e-010
17607	8.5981e-010
17608	8.815e-010
17609	9.0091e-010
17610	9.2138e-010
17611	9.4353e-010
17612	9.6567e-010
17613	9.8346e-010
17614	1.0018e-009
17615	1.0357e-009
17616	1.0373e-009
17617	1.0034e-009
17618	9.8578e-010
17619	9.7139e-010
17620	9.5003e-010
17621	9.283e-010
17622	9.0879e-010
17623	8.9138e-010
17624	8.6587e-010
17625	8.5554e-010
17626	8.345e-010
17627	8.1698e-010
17628	7.9989e-010
17629	7.8367e-010
17630	7.6797e-010
17631	7.4666e-010
17632	7.3586e-010
17633	7.1952e-010
17634	7.0449e-010
17635	6.9044e-010
17636	6.78e-010
17637	6.6871e-010
17638	6.3763e-010
17639	6.424e-010
17640	6.2333e-010
17641	6.26e-010
17642	5.8677e-010
17643	5.9663e-010
17644	5.8124e-010
17645	5.2509e-010
17646	5.3861e-010
17647	5.4397e-010
17648	5.0605e-010
17649	5.0206e-010
17650	5.1317e-010
17651	4.8213e-010
17652	4.9996e-010
17653	4.5357e-010
17654	4.5547e-010
17655	4.3348e-010
17656	4.1866e-010
17657	4.239e-010
17658	4.0148e-010
17659	4.0999e-010
17660	3.846e-010
17661	3.8844e-010
17662	3.6602e-010
17663	3.6223e-010
17664	3.5022e-010
17665	3.3395e-010
17666	3.4595e-010
17667	3.2645e-010
17668	3.2079e-010
17669	2.7734e-010
17670	2.6675e-010
17671	2.8795e-010
17672	2.7218e-010
17673	3.0268e-010
17674	3.0376e-010
17675	4.2442e-010
17676	6.766e-010
17677	9.9699e-010
17678	9.229e-010
17679	1.1904e-009
17680	1.4368e-009
17681	1.2128e-010
17682	9.6671e-011
17683	1.7327e-010
17684	2.4055e-010
17685	2.4802e-010
17686	2.5479e-010
17687	2.6222e-010
17688	2.6899e-010
17689	2.7351e-010
17690	2.828e-010
17691	2.8853e-010
17692	2.9376e-010
17693	3.0366e-010
17694	3.066e-010
17695	3.1759e-010
17696	3.2256e-010
17697	3.3091e-010
17698	3.3852e-010
17699	3.453e-010
17700	3.5503e-010
17701	3.6069e-010
17702	3.7191e-010
17703	3.7747e-010
17704	3.8881e-010
17705	3.9559e-010
17706	4.0553e-010
17707	4.1577e-010
17708	4.2213e-010
17709	4.3648e-010
17710	4.4045e-010
17711	4.5581e-010
17712	4.6474e-010
17713	4.7226e-010
17714	4.8741e-010
17715	4.9565e-010
17716	5.0549e-010
17717	5.207e-010
17718	5.3166e-010
17719	5.3889e-010
17720	5.5574e-010
17721	5.6847e-010
17722	5.8028e-010
17723	5.906e-010
17724	6.0616e-010
17725	6.2071e-010
17726	6.3485e-010
17727	6.4844e-010
17728	6.6287e-010
17729	6.7781e-010
17730	6.9204e-010
17731	7.0858e-010
17732	7.2487e-010
17733	7.4122e-010
17734	7.5811e-010
17735	7.7557e-010
17736	7.935e-010
17737	8.0878e-010
17738	8.2857e-010
17739	8.472e-010
17740	8.6702e-010
17741	8.8922e-010
17742	9.0927e-010
17743	9.2378e-010
17744	9.4157e-010
17745	9.759e-010
17746	9.7727e-010
17747	9.4266e-010
17748	9.2533e-010
17749	9.1499e-010
17750	8.967e-010
17751	8.7455e-010
17752	8.552e-010
17753	8.3715e-010
17754	8.1404e-010
17755	8.0418e-010
17756	7.8638e-010
17757	7.6945e-010
17758	7.535e-010
17759	7.383e-010
17760	7.2184e-010
17761	7.0107e-010
17762	6.9084e-010
17763	6.7652e-010
17764	6.6379e-010
17765	6.5502e-010
17766	6.4337e-010
17767	6.2675e-010
17768	5.937e-010
17769	6.0388e-010
17770	5.9828e-010
17771	5.9268e-010
17772	5.3813e-010
17773	5.657e-010
17774	5.5953e-010
17775	4.8251e-010
17776	5.1014e-010
17777	5.2381e-010
17778	4.6484e-010
17779	4.7712e-010
17780	4.9492e-010
17781	4.3877e-010
17782	4.8582e-010
17783	4.1498e-010
17784	4.3879e-010
17785	4.1089e-010
17786	3.8941e-010
17787	4.0583e-010
17788	3.7226e-010
17789	3.9315e-010
17790	3.576e-010
17791	3.703e-010
17792	3.4366e-010
17793	3.4294e-010
17794	3.3245e-010
17795	3.1516e-010
17796	3.323e-010
17797	3.0046e-010
17798	3.0859e-010
17799	2.5897e-010
17800	2.5204e-010
17801	2.7951e-010
17802	2.4957e-010
17803	2.6893e-010
17804	3.0827e-010
17805	4.3166e-010
17806	6.4457e-010
17807	8.8302e-010
17808	7.7729e-010
17809	1.296e-009
17810	1.0369e-009
17811	1.4255e-010
17812	1.1571e-010
17813	1.8687e-010
17814	2.552e-010
17815	2.6461e-010
17816	2.7052e-010
17817	2.7795e-010
17818	2.8576e-010
17819	2.9167e-010
17820	2.997e-010
17821	3.0616e-010
17822	3.1254e-010
17823	3.2194e-010
17824	3.2705e-010
17825	3.3678e-010
17826	3.4288e-010
17827	3.5142e-010
17828	3.597e-010
17829	3.6715e-010
17830	3.7691e-010
17831	3.839e-010
17832	3.9461e-010
17833	4.0185e-010
17834	4.1265e-010
17835	4.2083e-010
17836	4.3102e-010
17837	4.4128e-010
17838	4.4986e-010
17839	4.6288e-010
17840	4.7003e-010
17841	4.836e-010
17842	4.9339e-010
17843	5.0297e-010
17844	5.1691e-010
17845	5.2709e-010
17846	5.3832e-010
17847	5.5246e-010
17848	5.6483e-010
17849	5.7422e-010
17850	5.9042e-010
17851	6.0297e-010
17852	6.1685e-010
17853	6.2871e-010
17854	6.4491e-010
17855	6.5927e-010
17856	6.7395e-010
17857	6.8889e-010
17858	7.0458e-010
17859	7.2097e-010
17860	7.3616e-010
17861	7.5358e-010
17862	7.7047e-010
17863	7.8782e-010
17864	8.0564e-010
17865	8.2398e-010
17866	8.4386e-010
17867	8.6035e-010
17868	8.8184e-010
17869	9.0097e-010
17870	9.215e-010
17871	9.4367e-010
17872	9.662e-010
17873	9.8424e-010
17874	1.0024e-009
17875	1.0359e-009
17876	1.0378e-009
17877	1.0038e-009
17878	9.8656e-010
17879	9.7196e-010
17880	9.5056e-010
17881	9.2879e-010
17882	9.0931e-010
17883	8.9202e-010
17884	8.6646e-010
17885	8.5616e-010
17886	8.353e-010
17887	8.1774e-010
17888	8.0052e-010
17889	7.8436e-010
17890	7.6869e-010
17891	7.4737e-010
17892	7.3656e-010
17893	7.2028e-010
17894	7.0529e-010
17895	6.9102e-010
17896	6.7937e-010
17897	6.6895e-010
17898	6.4047e-010
17899	6.4244e-010
17900	6.247e-010
17901	6.2603e-010
17902	5.8475e-010
17903	5.967e-010
17904	5.8194e-010
17905	5.254e-010
17906	5.3908e-010
17907	5.4437e-010
17908	5.0642e-010
17909	5.0243e-010
17910	5.1349e-010
17911	4.8234e-010
17912	5.0018e-010
17913	4.5376e-010
17914	4.5566e-010
17915	4.3363e-010
17916	4.1884e-010
17917	4.2405e-010
17918	4.0158e-010
17919	4.1008e-010
17920	3.847e-010
17921	3.885e-010
17922	3.6606e-010
17923	3.6225e-010
17924	3.5028e-010
17925	3.3401e-010
17926	3.4598e-010
17927	3.2651e-010
17928	3.2088e-010
17929	2.7744e-010
17930	2.6695e-010
17931	2.8821e-010
17932	2.7223e-010
17933	3.0295e-010
17934	3.0391e-010
17935	4.2435e-010
17936	6.7641e-010
17937	9.9696e-010
17938	9.2287e-010
17939	1.1905e-009
17940	1.4374e-009
17941	1.4259e-010
17942	1.158e-010
17943	1.8696e-010
17944	2.553e-010
17945	2.6471e-010
17946	2.7065e-010
17947	2.7806e-010
17948	2.8584e-010
17949	2.9173e-010
17950	2.9975e-010
17951	3.0619e-010
17952	3.1258e-010
17953	3.2198e-010
17954	3.2709e-010
17955	3.3681e-010
17956	3.4285e-010
17957	3.5137e-010
17958	3.5967e-010
17959	3.6713e-010
17960	3.7694e-010
17961	3.8396e-010
17962	3.9463e-010
17963	4.0183e-010
17964	4.1263e-010
17965	4.2083e-010
17966	4.3108e-010
17967	4.4133e-010
17968	4.4986e-010
17969	4.629e-010
17970	4.7006e-010
17971	4.8358e-010
17972	4.9338e-010
17973	5.0303e-010
17974	5.1697e-010
17975	5.2712e-010
17976	5.3827e-010
17977	5.5246e-010
17978	5.6475e-010
17979	5.7434e-010
17980	5.9037e-010
17981	6.0305e-010
17982	6.1693e-010
17983	6.2867e-010
17984	6.4482e-010
17985	6.5911e-010
17986	6.7386e-010
17987	6.8895e-010
17988	7.0441e-010
17989	7.207e-010
17990	7.3603e-010
17991	7.5362e-010
17992	7.7051e-010
17993	7.8788e-010
17994	8.0571e-010
17995	8.2401e-010
17996	8.4396e-010
17997	8.6044e-010
17998	8.8217e-010
17999	9.0154e-010
18000	9.22e-010
18001	9.4414e-010
18002	9.6701e-010
18003	9.8516e-010
18004	1.0033e-009
18005	1.0371e-009
18006	1.0389e-009
18007	1.005e-009
18008	9.8745e-010
18009	9.7285e-010
18010	9.5142e-010
18011	9.296e-010
18012	9.1016e-010
18013	8.9285e-010
18014	8.6728e-010
18015	8.5693e-010
18016	8.36e-010
18017	8.1839e-010
18018	8.0119e-010
18019	7.851e-010
18020	7.6933e-010
18021	7.4797e-010
18022	7.3712e-010
18023	7.2081e-010
18024	7.058e-010
18025	6.9164e-010
18026	6.7959e-010
18027	6.6947e-010
18028	6.3959e-010
18029	6.4303e-010
18030	6.2514e-010
18031	6.2566e-010
18032	5.8558e-010
18033	5.9637e-010
18034	5.8269e-010
18035	5.2619e-010
18036	5.3987e-010
18037	5.45e-010
18038	5.0703e-010
18039	5.0298e-010
18040	5.1404e-010
18041	4.8284e-010
18042	5.0057e-010
18043	4.5411e-010
18044	4.5592e-010
18045	4.3388e-010
18046	4.1909e-010
18047	4.2426e-010
18048	4.0174e-010
18049	4.102e-010
18050	3.8479e-010
18051	3.8857e-010
18052	3.6608e-010
18053	3.6226e-010
18054	3.5026e-010
18055	3.3401e-010
18056	3.4605e-010
18057	3.2662e-010
18058	3.2098e-010
18059	2.7755e-010
18060	2.6704e-010
18061	2.8826e-010
18062	2.7237e-010
18063	3.0294e-010
18064	3.0396e-010
18065	4.2441e-010
18066	6.7643e-010
18067	9.9677e-010
18068	9.2273e-010
18069	1.1905e-009
18070	1.4375e-009
18071	1.2126e-010
18072	9.6702e-011
18073	1.7329e-010
18074	2.4057e-010
18075	2.4807e-010
18076	2.5486e-010
18077	2.6222e-010
18078	2.6891e-010
18079	2.7335e-010
18080	2.8261e-010
18081	2.8833e-010
18082	2.9353e-010
18083	3.0348e-010
18084	3.0639e-010
18085	3.1737e-010
18086	3.223e-010
18087	3.3063e-010
18088	3.3821e-010
18089	3.4505e-010
18090	3.5488e-010
18091	3.606e-010
18092	3.7175e-010
18093	3.7725e-010
18094	3.8864e-010
18095	3.9551e-010
18096	4.054e-010
18097	4.1564e-010
18098	4.2198e-010
18099	4.3637e-010
18100	4.4027e-010
18101	4.5536e-010
18102	4.6425e-010
18103	4.7184e-010
18104	4.8699e-010
18105	4.9525e-010
18106	5.0514e-010
18107	5.2045e-010
18108	5.3125e-010
18109	5.3865e-010
18110	5.5519e-010
18111	5.6827e-010
18112	5.7996e-010
18113	5.9013e-010
18114	6.0565e-010
18115	6.2013e-010
18116	6.3428e-010
18117	6.4795e-010
18118	6.6196e-010
18119	6.77e-010
18120	6.9157e-010
18121	7.0803e-010
18122	7.2437e-010
18123	7.4085e-010
18124	7.5757e-010
18125	7.7517e-010
18126	7.9318e-010
18127	8.0857e-010
18128	8.2858e-010
18129	8.4741e-010
18130	8.67e-010
18131	8.8944e-010
18132	9.1021e-010
18133	9.2449e-010
18134	9.4247e-010
18135	9.7704e-010
18136	9.7854e-010
18137	9.4371e-010
18138	9.262e-010
18139	9.1589e-010
18140	8.9777e-010
18141	8.7573e-010
18142	8.564e-010
18143	8.3824e-010
18144	8.1522e-010
18145	8.0534e-010
18146	7.8757e-010
18147	7.7064e-010
18148	7.5484e-010
18149	7.3979e-010
18150	7.2329e-010
18151	7.0238e-010
18152	6.9217e-010
18153	6.7788e-010
18154	6.6526e-010
18155	6.5655e-010
18156	6.4508e-010
18157	6.2645e-010
18158	5.9652e-010
18159	6.0367e-010
18160	5.9992e-010
18161	5.9013e-010
18162	5.4114e-010
18163	5.6329e-010
18164	5.6085e-010
18165	4.8388e-010
18166	5.1153e-010
18167	5.2492e-010
18168	4.659e-010
18169	4.781e-010
18170	4.958e-010
18171	4.3955e-010
18172	4.8642e-010
18173	4.1555e-010
18174	4.3926e-010
18175	4.1136e-010
18176	3.8987e-010
18177	4.0624e-010
18178	3.7259e-010
18179	3.9346e-010
18180	3.5794e-010
18181	3.706e-010
18182	3.4384e-010
18183	3.4309e-010
18184	3.3245e-010
18185	3.1506e-010
18186	3.3237e-010
18187	3.0057e-010
18188	3.088e-010
18189	2.5922e-010
18190	2.5242e-010
18191	2.7976e-010
18192	2.5e-010
18193	2.6906e-010
18194	3.0852e-010
18195	4.319e-010
18196	6.4464e-010
18197	8.8294e-010
18198	7.7732e-010
18199	1.2962e-009
18200	1.0371e-009
18201	1.4259e-010
18202	1.158e-010
18203	1.8696e-010
18204	2.553e-010
18205	2.6471e-010
18206	2.7065e-010
18207	2.7806e-010
18208	2.8584e-010
18209	2.9173e-010
18210	2.9975e-010
18211	3.0619e-010
18212	3.1259e-010
18213	3.2198e-010
18214	3.2709e-010
18215	3.3681e-010
18216	3.4285e-010
18217	3.5137e-010
18218	3.5967e-010
18219	3.6713e-010
18220	3.7695e-010
18221	3.8396e-010
18222	3.9463e-010
18223	4.0183e-010
18224	4.1263e-010
18225	4.2083e-010
18226	4.3108e-010
18227	4.4133e-010
18228	4.4985e-010
18229	4.629e-010
18230	4.7005e-010
18231	4.8358e-010
18232	4.9338e-010
18233	5.0303e-010
18234	5.1697e-010
18235	5.2711e-010
18236	5.3828e-010
18237	5.5246e-010
18238	5.6464e-010
18239	5.7446e-010
18240	5.902e-010
18241	6.0307e-010
18242	6.1691e-010
18243	6.2867e-010
18244	6.4482e-010
18245	6.5911e-010
18246	6.7385e-010
18247	6.8894e-010
18248	7.0442e-010
18249	7.207e-010
18250	7.3603e-010
18251	7.5362e-010
18252	7.7051e-010
18253	7.8788e-010
18254	8.0571e-010
18255	8.24e-010
18256	8.4395e-010
18257	8.6044e-010
18258	8.8217e-010
18259	9.0154e-010
18260	9.22e-010
18261	9.4414e-010
18262	9.6701e-010
18263	9.8516e-010
18264	1.0033e-009
18265	1.0371e-009
18266	1.0389e-009
18267	1.005e-009
18268	9.8745e-010
18269	9.7285e-010
18270	9.5142e-010
18271	9.296e-010
18272	9.1015e-010
18273	8.9285e-010
18274	8.6728e-010
18275	8.5694e-010
18276	8.36e-010
18277	8.1839e-010
18278	8.012e-010
18279	7.851e-010
18280	7.6933e-010
18281	7.4798e-010
18282	7.3711e-010
18283	7.2081e-010
18284	7.0579e-010
18285	6.9162e-010
18286	6.7971e-010
18287	6.6908e-010
18288	6.4055e-010
18289	6.4273e-010
18290	6.2533e-010
18291	6.2391e-010
18292	5.8638e-010
18293	5.9472e-010
18294	5.8275e-010
18295	5.2624e-010
18296	5.3987e-010
18297	5.45e-010
18298	5.0703e-010
18299	5.0298e-010
18300	5.1404e-010
18301	4.8284e-010
18302	5.0057e-010
18303	4.5411e-010
18304	4.5592e-010
18305	4.3388e-010
18306	4.1909e-010
18307	4.2426e-010
18308	4.0175e-010
18309	4.102e-010
18310	3.8479e-010
18311	3.8857e-010
18312	3.6609e-010
18313	3.6226e-010
18314	3.5026e-010
18315	3.3401e-010
18316	3.4605e-010
18317	3.2662e-010
18318	3.2098e-010
18319	2.7754e-010
18320	2.6704e-010
18321	2.8826e-010
18322	2.7237e-010
18323	3.0294e-010
18324	3.0395e-010
18325	4.2441e-010
18326	6.7643e-010
18327	9.9677e-010
18328	9.2273e-010
18329	1.1905e-009
18330	1.4375e-009
18331	1.4255e-010
18332	1.1571e-010
18333	1.8687e-010
18334	2.5521e-010
18335	2.6461e-010
18336	2.7052e-010
18337	2.7795e-010
18338	2.8576e-010
18339	2.9167e-010
18340	2.997e-010
18341	3.0616e-010
18342	3.1254e-010
18343	3.2194e-010
18344	3.2705e-010
18345	3.3678e-010
18346	3.4288e-010
18347	3.5142e-010
18348	3.597e-010
18349	3.6714e-010
18350	3.7691e-010
18351	3.839e-010
18352	3.9461e-010
18353	4.0185e-010
18354	4.1265e-010
18355	4.2083e-010
18356	4.3101e-010
18357	4.4128e-010
18358	4.4985e-010
18359	4.6288e-010
18360	4.7003e-010
18361	4.836e-010
18362	4.9339e-010
18363	5.0298e-010
18364	5.1692e-010
18365	5.2709e-010
18366	5.3831e-010
18367	5.5251e-010
18368	5.646e-010
18369	5.7444e-010
18370	5.9019e-010
18371	6.0302e-010
18372	6.1685e-010
18373	6.2871e-010
18374	6.449e-010
18375	6.5926e-010
18376	6.7395e-010
18377	6.8889e-010
18378	7.0458e-010
18379	7.2097e-010
18380	7.3614e-010
18381	7.5358e-010
18382	7.7047e-010
18383	7.8782e-010
18384	8.0564e-010
18385	8.2396e-010
18386	8.4386e-010
18387	8.6034e-010
18388	8.8182e-010
18389	9.0097e-010
18390	9.215e-010
18391	9.4366e-010
18392	9.662e-010
18393	9.8424e-010
18394	1.0024e-009
18395	1.0359e-009
18396	1.0378e-009
18397	1.0038e-009
18398	9.8656e-010
18399	9.7197e-010
18400	9.5057e-010
18401	9.2879e-010
18402	9.0931e-010
18403	8.9203e-010
18404	8.6646e-010
18405	8.5617e-010
18406	8.353e-010
18407	8.1773e-010
18408	8.0051e-010
18409	7.8436e-010
18410	7.6868e-010
18411	7.4737e-010
18412	7.3657e-010
18413	7.2028e-010
18414	7.053e-010
18415	6.911e-010
18416	6.7924e-010
18417	6.6829e-010
18418	6.4046e-010
18419	6.4182e-010
18420	6.2467e-010
18421	6.2413e-010
18422	5.8626e-010
18423	5.9489e-010
18424	5.8202e-010
18425	5.2547e-010
18426	5.3909e-010
18427	5.4437e-010
18428	5.0642e-010
18429	5.0243e-010
18430	5.1349e-010
18431	4.8234e-010
18432	5.0017e-010
18433	4.5376e-010
18434	4.5567e-010
18435	4.3363e-010
18436	4.1884e-010
18437	4.2405e-010
18438	4.0158e-010
18439	4.1008e-010
18440	3.847e-010
18441	3.885e-010
18442	3.6605e-010
18443	3.6224e-010
18444	3.5028e-010
18445	3.3401e-010
18446	3.4598e-010
18447	3.2651e-010
18448	3.2088e-010
18449	2.7745e-010
18450	2.6696e-010
18451	2.8821e-010
18452	2.7223e-010
18453	3.0295e-010
18454	3.0391e-010
18455	4.2434e-010
18456	6.7641e-010
18457	9.9696e-010
18458	9.2287e-010
18459	1.1905e-009
18460	1.4374e-009
18461	1.2128e-010
18462	9.6669e-011
18463	1.7326e-010
18464	2.4055e-010
18465	2.4802e-010
18466	2.5479e-010
18467	2.6222e-010
18468	2.6899e-010
18469	2.7351e-010
18470	2.828e-010
18471	2.8855e-010
18472	2.9376e-010
18473	3.0367e-010
18474	3.066e-010
18475	3.1759e-010
18476	3.2256e-010
18477	3.3091e-010
18478	3.3851e-010
18479	3.453e-010
18480	3.5502e-010
18481	3.6068e-010
18482	3.7193e-010
18483	3.7747e-010
18484	3.8881e-010
18485	3.9559e-010
18486	4.0554e-010
18487	4.1576e-010
18488	4.2213e-010
18489	4.3651e-010
18490	4.4044e-010
18491	4.5582e-010
18492	4.6474e-010
18493	4.7225e-010
18494	4.874e-010
18495	4.9566e-010
18496	5.0548e-010
18497	5.2069e-010
18498	5.3143e-010
18499	5.3924e-010
18500	5.5547e-010
18501	5.6852e-010
18502	5.8029e-010
18503	5.9062e-010
18504	6.0614e-010
18505	6.207e-010
18506	6.3485e-010
18507	6.4844e-010
18508	6.6286e-010
18509	6.7781e-010
18510	6.9207e-010
18511	7.0857e-010
18512	7.2486e-010
18513	7.4121e-010
18514	7.5814e-010
18515	7.756e-010
18516	7.935e-010
18517	8.0877e-010
18518	8.2856e-010
18519	8.472e-010
18520	8.6705e-010
18521	8.8921e-010
18522	9.0927e-010
18523	9.2378e-010
18524	9.4158e-010
18525	9.7588e-010
18526	9.7728e-010
18527	9.4265e-010
18528	9.2531e-010
18529	9.1501e-010
18530	8.9677e-010
18531	8.7453e-010
18532	8.5521e-010
18533	8.3713e-010
18534	8.1407e-010
18535	8.0418e-010
18536	7.8638e-010
18537	7.6947e-010
18538	7.5348e-010
18539	7.3828e-010
18540	7.2183e-010
18541	7.0111e-010
18542	6.9086e-010
18543	6.7652e-010
18544	6.6377e-010
18545	6.5509e-010
18546	6.4334e-010
18547	6.2498e-010
18548	5.9557e-010
18549	6.0207e-010
18550	5.9818e-010
18551	5.9238e-010
18552	5.3707e-010
18553	5.6533e-010
18554	5.5947e-010
18555	4.825e-010
18556	5.1013e-010
18557	5.2381e-010
18558	4.6484e-010
18559	4.7712e-010
18560	4.9492e-010
18561	4.3879e-010
18562	4.858e-010
18563	4.1502e-010
18564	4.3879e-010
18565	4.1091e-010
18566	3.894e-010
18567	4.0583e-010
18568	3.7225e-010
18569	3.9315e-010
18570	3.5763e-010
18571	3.7029e-010
18572	3.4367e-010
18573	3.4295e-010
18574	3.3246e-010
18575	3.1515e-010
18576	3.323e-010
18577	3.0046e-010
18578	3.0859e-010
18579	2.5897e-010
18580	2.5204e-010
18581	2.7951e-010
18582	2.496e-010
18583	2.6893e-010
18584	3.0826e-010
18585	4.3166e-010
18586	6.4457e-010
18587	8.8301e-010
18588	7.773e-010
18589	1.296e-009
18590	1.0369e-009
18591	1.4256e-010
18592	1.1581e-010
18593	1.8696e-010
18594	2.5524e-010
18595	2.646e-010
18596	2.7046e-010
18597	2.779e-010
18598	2.8578e-010
18599	2.9173e-010
18600	2.9978e-010
18601	3.062e-010
18602	3.1255e-010
18603	3.2197e-010
18604	3.2708e-010
18605	3.3682e-010
18606	3.4287e-010
18607	3.5138e-010
18608	3.5964e-010
18609	3.671e-010
18610	3.7694e-010
18611	3.84e-010
18612	3.9478e-010
18613	4.0201e-010
18614	4.1277e-010
18615	4.2087e-010
18616	4.31e-010
18617	4.4127e-010
18618	4.4989e-010
18619	4.6289e-010
18620	4.6997e-010
18621	4.8354e-010
18622	4.9344e-010
18623	5.0319e-010
18624	5.1702e-010
18625	5.2702e-010
18626	5.3829e-010
18627	5.5242e-010
18628	5.6463e-010
18629	5.7473e-010
18630	5.9057e-010
18631	6.0347e-010
18632	6.1735e-010
18633	6.29e-010
18634	6.4504e-010
18635	6.5948e-010
18636	6.7424e-010
18637	6.8923e-010
18638	7.0491e-010
18639	7.2091e-010
18640	7.3604e-010
18641	7.5364e-010
18642	7.7064e-010
18643	7.8794e-010
18644	8.0572e-010
18645	8.2394e-010
18646	8.4361e-010
18647	8.5981e-010
18648	8.8151e-010
18649	9.0093e-010
18650	9.2138e-010
18651	9.4351e-010
18652	9.6568e-010
18653	9.8346e-010
18654	1.0018e-009
18655	1.0357e-009
18656	1.0373e-009
18657	1.0034e-009
18658	9.8576e-010
18659	9.7134e-010
18660	9.5004e-010
18661	9.283e-010
18662	9.0879e-010
18663	8.9136e-010
18664	8.6587e-010
18665	8.5554e-010
18666	8.345e-010
18667	8.1698e-010
18668	7.9989e-010
18669	7.8367e-010
18670	7.6796e-010
18671	7.4665e-010
18672	7.3586e-010
18673	7.1953e-010
18674	7.045e-010
18675	6.9035e-010
18676	6.7847e-010
18677	6.6733e-010
18678	6.3939e-010
18679	6.4098e-010
18680	6.2388e-010
18681	6.2508e-010
18682	5.848e-010
18683	5.9586e-010
18684	5.814e-010
18685	5.2499e-010
18686	5.3861e-010
18687	5.4397e-010
18688	5.0605e-010
18689	5.0206e-010
18690	5.1317e-010
18691	4.8213e-010
18692	4.9996e-010
18693	4.5359e-010
18694	4.5546e-010
18695	4.3347e-010
18696	4.1867e-010
18697	4.239e-010
18698	4.0148e-010
18699	4.1e-010
18700	3.8462e-010
18701	3.8844e-010
18702	3.6603e-010
18703	3.6223e-010
18704	3.5023e-010
18705	3.3394e-010
18706	3.4594e-010
18707	3.2644e-010
18708	3.2079e-010
18709	2.7733e-010
18710	2.6675e-010
18711	2.8796e-010
18712	2.7218e-010
18713	3.0268e-010
18714	3.0376e-010
18715	4.2442e-010
18716	6.7661e-010
18717	9.9698e-010
18718	9.2291e-010
18719	1.1904e-009
18720	1.4368e-009
18721	6.6427e-011
18722	4.4378e-011
18723	1.1869e-010
18724	1.8239e-010
18725	1.8133e-010
18726	1.9131e-010
18727	1.9581e-010
18728	1.958e-010
18729	2.1019e-010
18730	2.0713e-010
18731	2.1376e-010
18732	2.2302e-010
18733	2.2036e-010
18734	2.3505e-010
18735	2.3205e-010
18736	2.4242e-010
18737	2.4612e-010
18738	2.5137e-010
18739	2.5937e-010
18740	2.6198e-010
18741	2.7216e-010
18742	2.7421e-010
18743	2.8459e-010
18744	2.8758e-010
18745	2.9647e-010
18746	3.0215e-010
18747	3.0821e-010
18748	3.1826e-010
18749	3.2075e-010
18750	3.3405e-010
18751	3.365e-010
18752	3.4571e-010
18753	3.558e-010
18754	3.6004e-010
18755	3.7029e-010
18756	3.7958e-010
18757	3.8554e-010
18758	3.947e-010
18759	4.0707e-010
18760	4.1266e-010
18761	4.2248e-010
18762	4.3208e-010
18763	4.4431e-010
18764	4.5189e-010
18765	4.6207e-010
18766	4.7247e-010
18767	4.8355e-010
18768	4.9462e-010
18769	5.0533e-010
18770	5.1754e-010
18771	5.2835e-010
18772	5.4041e-010
18773	5.5266e-010
18774	5.6522e-010
18775	5.7784e-010
18776	5.9003e-010
18777	6.0593e-010
18778	6.177e-010
18779	6.3234e-010
18780	6.4654e-010
18781	6.5947e-010
18782	6.736e-010
18783	6.9266e-010
18784	7.1214e-010
18785	7.1816e-010
18786	7.1772e-010
18787	7.142e-010
18788	6.9652e-010
18789	6.7613e-010
18790	6.6214e-010
18791	6.5067e-010
18792	6.3761e-010
18793	6.227e-010
18794	6.1559e-010
18795	5.9507e-010
18796	5.8476e-010
18797	5.7234e-010
18798	5.6028e-010
18799	5.479e-010
18800	5.3575e-010
18801	5.2981e-010
18802	5.1435e-010
18803	5.0531e-010
18804	4.9409e-010
18805	4.8045e-010
18806	4.7039e-010
18807	4.6196e-010
18808	4.7086e-010
18809	4.4247e-010
18810	4.298e-010
18811	4.1851e-010
18812	4.5271e-010
18813	4.0309e-010
18814	3.8907e-010
18815	3.821e-010
18816	3.8037e-010
18817	3.5489e-010
18818	3.8572e-010
18819	3.504e-010
18820	3.3148e-010
18821	3.8723e-010
18822	3.0614e-010
18823	3.5015e-010
18824	3.0906e-010
18825	3.0871e-010
18826	3.1034e-010
18827	2.8019e-010
18828	3.0828e-010
18829	2.6327e-010
18830	2.9694e-010
18831	2.5329e-010
18832	2.7515e-010
18833	2.5021e-010
18834	2.451e-010
18835	2.5254e-010
18836	2.098e-010
18837	2.6959e-010
18838	1.833e-010
18839	2.2554e-010
18840	1.7608e-010
18841	1.7758e-010
18842	2.9009e-010
18843	1.9477e-010
18844	3.1942e-010
18845	5.586e-010
18846	6.8115e-010
18847	7.3216e-010
18848	9.1862e-010
18849	1.7179e-009
18850	1.6154e-009
18851	1.3769e-010
18852	1.0554e-010
18853	1.6706e-010
18854	2.1911e-010
18855	2.163e-010
18856	2.298e-010
18857	2.3486e-010
18858	2.3288e-010
18859	2.5354e-010
18860	2.466e-010
18861	2.5534e-010
18862	2.6835e-010
18863	2.6134e-010
18864	2.8369e-010
18865	2.7579e-010
18866	2.9091e-010
18867	2.943e-010
18868	3.0036e-010
18869	3.1124e-010
18870	3.1215e-010
18871	3.2688e-010
18872	3.2633e-010
18873	3.4156e-010
18874	3.4274e-010
18875	3.5522e-010
18876	3.613e-010
18877	3.6776e-010
18878	3.8221e-010
18879	3.8116e-010
18880	4.0199e-010
18881	4.0086e-010
18882	4.131e-010
18883	4.2698e-010
18884	4.288e-010
18885	4.4303e-010
18886	4.5499e-010
18887	4.6002e-010
18888	4.7093e-010
18889	4.8889e-010
18890	4.9186e-010
18891	5.0449e-010
18892	5.1571e-010
18893	5.3264e-010
18894	5.3982e-010
18895	5.5217e-010
18896	5.6439e-010
18897	5.7803e-010
18898	5.9147e-010
18899	6.0405e-010
18900	6.1962e-010
18901	6.3133e-010
18902	6.4591e-010
18903	6.6065e-010
18904	6.7568e-010
18905	6.9119e-010
18906	7.0481e-010
18907	7.2646e-010
18908	7.3848e-010
18909	7.5662e-010
18910	7.7369e-010
18911	7.8746e-010
18912	8.037e-010
18913	8.3029e-010
18914	8.5831e-010
18915	8.541e-010
18916	8.5288e-010
18917	8.6097e-010
18918	8.365e-010
18919	8.0643e-010
18920	7.8989e-010
18921	7.7936e-010
18922	7.6386e-010
18923	7.4402e-010
18924	7.4121e-010
18925	7.0981e-010
18926	7.0035e-010
18927	6.8529e-010
18928	6.7084e-010
18929	6.5585e-010
18930	6.402e-010
18931	6.378e-010
18932	6.1488e-010
18933	6.0602e-010
18934	5.9222e-010
18935	5.7304e-010
18936	5.618e-010
18937	5.4754e-010
18938	5.7842e-010
18939	5.2394e-010
18940	5.1154e-010
18941	4.884e-010
18942	5.5888e-010
18943	4.728e-010
18944	4.5541e-010
18945	4.7496e-010
18946	4.5838e-010
18947	4.0431e-010
18948	4.7767e-010
18949	4.1638e-010
18950	3.7685e-010
18951	4.8867e-010
18952	3.3766e-010
18953	4.3681e-010
18954	3.5865e-010
18955	3.679e-010
18956	3.7856e-010
18957	3.2362e-010
18958	3.8193e-010
18959	3.0029e-010
18960	3.6803e-010
18961	2.9172e-010
18962	3.3685e-010
18963	2.9622e-010
18964	2.9257e-010
18965	3.1104e-010
18966	2.3808e-010
18967	3.4347e-010
18968	2.0451e-010
18969	2.8998e-010
18970	2.1813e-010
18971	1.9961e-010
18972	3.7963e-010
18973	2.1674e-010
18974	3.6287e-010
18975	6.3807e-010
18976	8.0732e-010
18977	7.5146e-010
18978	1.0799e-009
18979	2.1217e-009
18980	1.917e-009
18981	6.6526e-011
18982	4.4307e-011
18983	1.1855e-010
18984	1.8223e-010
18985	1.8121e-010
18986	1.9125e-010
18987	1.9572e-010
18988	1.9566e-010
18989	2.1002e-010
18990	2.0691e-010
18991	2.1356e-010
18992	2.2284e-010
18993	2.2014e-010
18994	2.3487e-010
18995	2.3188e-010
18996	2.4228e-010
18997	2.4601e-010
18998	2.5127e-010
18999	2.5924e-010
19000	2.6178e-010
19001	2.7188e-010
19002	2.7386e-010
19003	2.8423e-010
19004	2.873e-010
19005	2.9628e-010
19006	3.0197e-010
19007	3.0803e-010
19008	3.1809e-010
19009	3.2056e-010
19010	3.3388e-010
19011	3.3634e-010
19012	3.4541e-010
19013	3.5543e-010
19014	3.5972e-010
19015	3.7007e-010
19016	3.7937e-010
19017	3.8539e-010
19018	3.9431e-010
19019	4.0682e-010
19020	4.1203e-010
19021	4.2188e-010
19022	4.3132e-010
19023	4.4378e-010
19024	4.5148e-010
19025	4.6162e-010
19026	4.7185e-010
19027	4.8291e-010
19028	4.9413e-010
19029	5.0505e-010
19030	5.1746e-010
19031	5.2795e-010
19032	5.3986e-010
19033	5.5219e-010
19034	5.6468e-010
19035	5.7762e-010
19036	5.899e-010
19037	6.0592e-010
19038	6.1752e-010
19039	6.3206e-010
19040	6.461e-010
19041	6.5923e-010
19042	6.7361e-010
19043	6.9279e-010
19044	7.1221e-010
19045	7.179e-010
19046	7.1763e-010
19047	7.1422e-010
19048	6.9678e-010
19049	6.7625e-010
19050	6.6229e-010
19051	6.5077e-010
19052	6.3772e-010
19053	6.2299e-010
19054	6.1592e-010
19055	5.9544e-010
19056	5.8526e-010
19057	5.7291e-010
19058	5.6073e-010
19059	5.4844e-010
19060	5.3644e-010
19061	5.3029e-010
19062	5.1507e-010
19063	5.0605e-010
19064	4.9487e-010
19065	4.8118e-010
19066	4.7143e-010
19067	4.6246e-010
19068	4.718e-010
19069	4.4288e-010
19070	4.3039e-010
19071	4.1967e-010
19072	4.5053e-010
19073	4.0416e-010
19074	3.893e-010
19075	3.8246e-010
19076	3.8083e-010
19077	3.5531e-010
19078	3.8603e-010
19079	3.5075e-010
19080	3.3179e-010
19081	3.8742e-010
19082	3.0642e-010
19083	3.5037e-010
19084	3.0925e-010
19085	3.0889e-010
19086	3.1051e-010
19087	2.8035e-010
19088	3.0839e-010
19089	2.6341e-010
19090	2.9708e-010
19091	2.5338e-010
19092	2.7518e-010
19093	2.502e-010
19094	2.4503e-010
19095	2.5248e-010
19096	2.0978e-010
19097	2.6962e-010
19098	1.8345e-010
19099	2.2573e-010
19100	1.7644e-010
19101	1.7805e-010
19102	2.8997e-010
19103	1.9538e-010
19104	3.1999e-010
19105	5.5907e-010
19106	6.8098e-010
19107	7.3233e-010
19108	9.1857e-010
19109	1.7183e-009
19110	1.6164e-009
19111	6.6471e-011
19112	4.4337e-011
19113	1.1863e-010
19114	1.8237e-010
19115	1.8141e-010
19116	1.915e-010
19117	1.9598e-010
19118	1.9589e-010
19119	2.102e-010
19120	2.0709e-010
19121	2.1371e-010
19122	2.2297e-010
19123	2.2033e-010
19124	2.3505e-010
19125	2.3202e-010
19126	2.4238e-010
19127	2.4607e-010
19128	2.5135e-010
19129	2.5936e-010
19130	2.6197e-010
19131	2.7207e-010
19132	2.7404e-010
19133	2.8435e-010
19134	2.8739e-010
19135	2.9635e-010
19136	3.0216e-010
19137	3.0821e-010
19138	3.1815e-010
19139	3.2061e-010
19140	3.3395e-010
19141	3.3639e-010
19142	3.4542e-010
19143	3.5544e-010
19144	3.5981e-010
19145	3.7021e-010
19146	3.795e-010
19147	3.8552e-010
19148	3.943e-010
19149	4.0722e-010
19150	4.1185e-010
19151	4.2188e-010
19152	4.3145e-010
19153	4.4392e-010
19154	4.5163e-010
19155	4.6167e-010
19156	4.7198e-010
19157	4.8299e-010
19158	4.941e-010
19159	5.0504e-010
19160	5.1747e-010
19161	5.28e-010
19162	5.3997e-010
19163	5.5255e-010
19164	5.6504e-010
19165	5.7785e-010
19166	5.9036e-010
19167	6.0634e-010
19168	6.1822e-010
19169	6.3295e-010
19170	6.4707e-010
19171	6.6015e-010
19172	6.7477e-010
19173	6.9416e-010
19174	7.1353e-010
19175	7.1953e-010
19176	7.1926e-010
19177	7.1577e-010
19178	6.9818e-010
19179	6.7774e-010
19180	6.637e-010
19181	6.521e-010
19182	6.3897e-010
19183	6.241e-010
19184	6.1692e-010
19185	5.9637e-010
19186	5.8603e-010
19187	5.7363e-010
19188	5.6145e-010
19189	5.492e-010
19190	5.3707e-010
19191	5.3077e-010
19192	5.1555e-010
19193	5.0648e-010
19194	4.9522e-010
19195	4.8151e-010
19196	4.7211e-010
19197	4.6143e-010
19198	4.7725e-010
19199	4.4224e-010
19200	4.3158e-010
19201	4.2049e-010
19202	4.5144e-010
19203	4.0509e-010
19204	3.9044e-010
19205	3.8347e-010
19206	3.8186e-010
19207	3.5622e-010
19208	3.8687e-010
19209	3.5155e-010
19210	3.3249e-010
19211	3.8805e-010
19212	3.0695e-010
19213	3.5088e-010
19214	3.0968e-010
19215	3.0926e-010
19216	3.1084e-010
19217	2.8062e-010
19218	3.0858e-010
19219	2.6349e-010
19220	2.9712e-010
19221	2.5333e-010
19222	2.7517e-010
19223	2.5017e-010
19224	2.4505e-010
19225	2.5255e-010
19226	2.0994e-010
19227	2.6986e-010
19228	1.8355e-010
19229	2.2587e-010
19230	1.7653e-010
19231	1.7804e-010
19232	2.9007e-010
19233	1.9539e-010
19234	3.2017e-010
19235	5.5925e-010
19236	6.8106e-010
19237	7.3208e-010
19238	9.1848e-010
19239	1.7185e-009
19240	1.6166e-009
19241	1.3765e-010
19242	1.0555e-010
19243	1.6708e-010
19244	2.1913e-010
19245	2.1635e-010
19246	2.2988e-010
19247	2.3494e-010
19248	2.3292e-010
19249	2.5353e-010
19250	2.4657e-010
19251	2.5527e-010
19252	2.6827e-010
19253	2.6127e-010
19254	2.8362e-010
19255	2.7571e-010
19256	2.9079e-010
19257	2.9416e-010
19258	3.0023e-010
19259	3.1112e-010
19260	3.1209e-010
19261	3.2682e-010
19262	3.2623e-010
19263	3.4146e-010
19264	3.4265e-010
19265	3.5518e-010
19266	3.6132e-010
19267	3.6778e-010
19268	3.8216e-010
19269	3.8111e-010
19270	4.0191e-010
19271	4.0075e-010
19272	4.1291e-010
19273	4.2683e-010
19274	4.2865e-010
19275	4.4289e-010
19276	4.5488e-010
19277	4.5998e-010
19278	4.705e-010
19279	4.8943e-010
19280	4.9142e-010
19281	5.0449e-010
19282	5.1554e-010
19283	5.3237e-010
19284	5.3948e-010
19285	5.5172e-010
19286	5.6398e-010
19287	5.7775e-010
19288	5.9099e-010
19289	6.0349e-010
19290	6.1929e-010
19291	6.312e-010
19292	6.4574e-010
19293	6.6057e-010
19294	6.7549e-010
19295	6.911e-010
19296	7.0482e-010
19297	7.2644e-010
19298	7.3873e-010
19299	7.5709e-010
19300	7.7387e-010
19301	7.8776e-010
19302	8.0445e-010
19303	8.3118e-010
19304	8.5922e-010
19305	8.5533e-010
19306	8.5405e-010
19307	8.6192e-010
19308	8.375e-010
19309	8.0745e-010
19310	7.9091e-010
19311	7.8041e-010
19312	7.6485e-010
19313	7.4512e-010
19314	7.4232e-010
19315	7.1101e-010
19316	7.0145e-010
19317	6.8644e-010
19318	6.7202e-010
19319	6.5711e-010
19320	6.4143e-010
19321	6.3903e-010
19322	6.1606e-010
19323	6.0724e-010
19324	5.9351e-010
19325	5.7437e-010
19326	5.6395e-010
19327	5.4559e-010
19328	5.8903e-010
19329	5.2228e-010
19330	5.1322e-010
19331	4.907e-010
19332	5.5908e-010
19333	4.7494e-010
19334	4.5597e-010
19335	4.7605e-010
19336	4.5941e-010
19337	4.0496e-010
19338	4.7854e-010
19339	4.1705e-010
19340	3.7738e-010
19341	4.8945e-010
19342	3.3795e-010
19343	4.3733e-010
19344	3.5894e-010
19345	3.6822e-010
19346	3.7891e-010
19347	3.2387e-010
19348	3.8222e-010
19349	3.0052e-010
19350	3.6831e-010
19351	2.9196e-010
19352	3.3705e-010
19353	2.9633e-010
19354	2.9257e-010
19355	3.1102e-010
19356	2.3805e-010
19357	3.4378e-010
19358	2.0453e-010
19359	2.9029e-010
19360	2.1841e-010
19361	1.9973e-010
19362	3.7973e-010
19363	2.1674e-010
19364	3.6294e-010
19365	6.3824e-010
19366	8.0715e-010
19367	7.5088e-010
19368	1.0796e-009
19369	2.1221e-009
19370	1.9175e-009
19371	6.6461e-011
19372	4.4339e-011
19373	1.1863e-010
19374	1.8237e-010
19375	1.8141e-010
19376	1.9149e-010
19377	1.9598e-010
19378	1.9589e-010
19379	2.1019e-010
19380	2.0709e-010
19381	2.1371e-010
19382	2.2297e-010
19383	2.2033e-010
19384	2.3504e-010
19385	2.3203e-010
19386	2.4238e-010
19387	2.4607e-010
19388	2.5136e-010
19389	2.5936e-010
19390	2.6197e-010
19391	2.7207e-010
19392	2.7404e-010
19393	2.8436e-010
19394	2.8739e-010
19395	2.9635e-010
19396	3.0216e-010
19397	3.0821e-010
19398	3.1815e-010
19399	3.2061e-010
19400	3.3395e-010
19401	3.3639e-010
19402	3.4543e-010
19403	3.5544e-010
19404	3.5981e-010
19405	3.7021e-010
19406	3.795e-010
19407	3.8553e-010
19408	3.9429e-010
19409	4.0715e-010
19410	4.1182e-010
19411	4.2186e-010
19412	4.3146e-010
19413	4.4394e-010
19414	4.5162e-010
19415	4.6168e-010
19416	4.7197e-010
19417	4.8299e-010
19418	4.941e-010
19419	5.0506e-010
19420	5.1746e-010
19421	5.28e-010
19422	5.3998e-010
19423	5.5256e-010
19424	5.6503e-010
19425	5.7785e-010
19426	5.9037e-010
19427	6.0633e-010
19428	6.1822e-010
19429	6.3294e-010
19430	6.4709e-010
19431	6.6015e-010
19432	6.7477e-010
19433	6.9416e-010
19434	7.1353e-010
19435	7.1955e-010
19436	7.1927e-010
19437	7.1577e-010
19438	6.9817e-010
19439	6.7776e-010
19440	6.6369e-010
19441	6.521e-010
19442	6.3897e-010
19443	6.2409e-010
19444	6.1691e-010
19445	5.9636e-010
19446	5.8601e-010
19447	5.7363e-010
19448	5.6146e-010
19449	5.4922e-010
19450	5.37e-010
19451	5.3095e-010
19452	5.1549e-010
19453	5.0646e-010
19454	4.952e-010
19455	4.8152e-010
19456	4.7247e-010
19457	4.6049e-010
19458	4.7974e-010
19459	4.4143e-010
19460	4.3191e-010
19461	4.2046e-010
19462	4.5138e-010
19463	4.0506e-010
19464	3.9044e-010
19465	3.8345e-010
19466	3.8186e-010
19467	3.5621e-010
19468	3.8688e-010
19469	3.5154e-010
19470	3.3251e-010
19471	3.8804e-010
19472	3.0694e-010
19473	3.5087e-010
19474	3.0968e-010
19475	3.0926e-010
19476	3.1083e-010
19477	2.8061e-010
19478	3.0858e-010
19479	2.6349e-010
19480	2.9712e-010
19481	2.5333e-010
19482	2.7518e-010
19483	2.5017e-010
19484	2.4505e-010
19485	2.5255e-010
19486	2.0994e-010
19487	2.6987e-010
19488	1.8354e-010
19489	2.2587e-010
19490	1.7653e-010
19491	1.7804e-010
19492	2.9008e-010
19493	1.9539e-010
19494	3.2017e-010
19495	5.5927e-010
19496	6.8106e-010
19497	7.3208e-010
19498	9.1846e-010
19499	1.7185e-009
19500	1.6166e-009
19501	6.6528e-011
19502	4.4308e-011
19503	1.1855e-010
19504	1.8223e-010
19505	1.8121e-010
19506	1.9124e-010
19507	1.9571e-010
19508	1.9565e-010
19509	2.1001e-010
19510	2.0691e-010
19511	2.1355e-010
19512	2.2284e-010
19513	2.2015e-010
19514	2.3488e-010
19515	2.3187e-010
19516	2.4229e-010
19517	2.46e-010
19518	2.5127e-010
19519	2.5925e-010
19520	2.6178e-010
19521	2.7188e-010
19522	2.7385e-010
19523	2.8422e-010
19524	2.8729e-010
19525	2.9627e-010
19526	3.0196e-010
19527	3.0802e-010
19528	3.1808e-010
19529	3.2055e-010
19530	3.3388e-010
19531	3.3633e-010
19532	3.4541e-010
19533	3.5544e-010
19534	3.5973e-010
19535	3.7007e-010
19536	3.7937e-010
19537	3.8539e-010
19538	3.9419e-010
19539	4.0711e-010
19540	4.1192e-010
19541	4.2191e-010
19542	4.3136e-010
19543	4.438e-010
19544	4.515e-010
19545	4.6163e-010
19546	4.7187e-010
19547	4.8293e-010
19548	4.9415e-010
19549	5.0503e-010
19550	5.1747e-010
19551	5.2796e-010
19552	5.3985e-010
19553	5.5217e-010
19554	5.6467e-010
19555	5.7763e-010
19556	5.8992e-010
19557	6.0591e-010
19558	6.1755e-010
19559	6.3205e-010
19560	6.4609e-010
19561	6.5923e-010
19562	6.7362e-010
19563	6.9279e-010
19564	7.1219e-010
19565	7.1789e-010
19566	7.176e-010
19567	7.1422e-010
19568	6.9678e-010
19569	6.7624e-010
19570	6.623e-010
19571	6.5076e-010
19572	6.3773e-010
19573	6.2297e-010
19574	6.1592e-010
19575	5.9543e-010
19576	5.8524e-010
19577	5.7291e-010
19578	5.6075e-010
19579	5.4846e-010
19580	5.3637e-010
19581	5.3045e-010
19582	5.1502e-010
19583	5.0607e-010
19584	4.9487e-010
19585	4.8125e-010
19586	4.7211e-010
19587	4.6012e-010
19588	4.7917e-010
19589	4.4082e-010
19590	4.3108e-010
19591	4.1955e-010
19592	4.5036e-010
19593	4.0399e-010
19594	3.8933e-010
19595	3.8247e-010
19596	3.8083e-010
19597	3.5532e-010
19598	3.8603e-010
19599	3.5076e-010
19600	3.3179e-010
19601	3.8741e-010
19602	3.0641e-010
19603	3.5036e-010
19604	3.0925e-010
19605	3.0889e-010
19606	3.1051e-010
19607	2.8035e-010
19608	3.0839e-010
19609	2.6339e-010
19610	2.9709e-010
19611	2.5339e-010
19612	2.7518e-010
19613	2.5021e-010
19614	2.4503e-010
19615	2.5248e-010
19616	2.0979e-010
19617	2.6963e-010
19618	1.8345e-010
19619	2.2573e-010
19620	1.7644e-010
19621	1.7805e-010
19622	2.8997e-010
19623	1.9539e-010
19624	3.1999e-010
19625	5.5906e-010
19626	6.8098e-010
19627	7.3234e-010
19628	9.186e-010
19629	1.7183e-009
19630	1.6164e-009
19631	1.3769e-010
19632	1.0554e-010
19633	1.6707e-010
19634	2.1911e-010
19635	2.163e-010
19636	2.2981e-010
19637	2.3487e-010
19638	2.3288e-010
19639	2.5353e-010
19640	2.466e-010
19641	2.5534e-010
19642	2.6835e-010
19643	2.6134e-010
19644	2.8369e-010
19645	2.7579e-010
19646	2.9091e-010
19647	2.943e-010
19648	3.0037e-010
19649	3.1123e-010
19650	3.1216e-010
19651	3.2687e-010
19652	3.2633e-010
19653	3.4156e-010
19654	3.4274e-010
19655	3.5522e-010
19656	3.6129e-010
19657	3.6776e-010
19658	3.8221e-010
19659	3.8116e-010
19660	4.0199e-010
19661	4.0087e-010
19662	4.131e-010
19663	4.2698e-010
19664	4.288e-010
19665	4.4303e-010
19666	4.55e-010
19667	4.6007e-010
19668	4.7058e-010
19669	4.8968e-010
19670	4.9148e-010
19671	5.0456e-010
19672	5.1572e-010
19673	5.3265e-010
19674	5.398e-010
19675	5.5217e-010
19676	5.6438e-010
19677	5.7803e-010
19678	5.9148e-010
19679	6.0405e-010
19680	6.1962e-010
19681	6.3133e-010
19682	6.4592e-010
19683	6.6066e-010
19684	6.7569e-010
19685	6.912e-010
19686	7.0482e-010
19687	7.2645e-010
19688	7.3847e-010
19689	7.5661e-010
19690	7.7369e-010
19691	7.8746e-010
19692	8.0368e-010
19693	8.303e-010
19694	8.5831e-010
19695	8.5411e-010
19696	8.5288e-010
19697	8.6097e-010
19698	8.3652e-010
19699	8.0642e-010
19700	7.899e-010
19701	7.7936e-010
19702	7.6384e-010
19703	7.4401e-010
19704	7.4122e-010
19705	7.0982e-010
19706	7.0035e-010
19707	6.8528e-010
19708	6.7083e-010
19709	6.5585e-010
19710	6.4022e-010
19711	6.3775e-010
19712	6.149e-010
19713	6.0601e-010
19714	5.9225e-010
19715	5.7309e-010
19716	5.627e-010
19717	5.4451e-010
19718	5.885e-010
19719	5.2124e-010
19720	5.1203e-010
19721	4.896e-010
19722	5.5776e-010
19723	4.7393e-010
19724	4.5506e-010
19725	4.7502e-010
19726	4.5836e-010
19727	4.0432e-010
19728	4.7766e-010
19729	4.1637e-010
19730	3.7685e-010
19731	4.8866e-010
19732	3.3766e-010
19733	4.3682e-010
19734	3.5866e-010
19735	3.6789e-010
19736	3.7856e-010
19737	3.2362e-010
19738	3.8192e-010
19739	3.003e-010
19740	3.6803e-010
19741	2.9172e-010
19742	3.3685e-010
19743	2.9621e-010
19744	2.9257e-010
19745	3.1103e-010
19746	2.3808e-010
19747	3.4346e-010
19748	2.0451e-010
19749	2.8998e-010
19750	2.1813e-010
19751	1.9961e-010
19752	3.7964e-010
19753	2.1675e-010
19754	3.6287e-010
19755	6.3808e-010
19756	8.0732e-010
19757	7.5146e-010
19758	1.0799e-009
19759	2.1217e-009
19760	1.9169e-009
19761	6.642e-011
19762	4.4376e-011
19763	1.1869e-010
19764	1.8239e-010
19765	1.8133e-010
19766	1.913e-010
19767	1.958e-010
19768	1.9579e-010
19769	2.1019e-010
19770	2.0712e-010
19771	2.1375e-010
19772	2.2301e-010
19773	2.2035e-010
19774	2.3505e-010
19775	2.3205e-010
19776	2.4243e-010
19777	2.4611e-010
19778	2.5136e-010
19779	2.5936e-010
19780	2.6199e-010
19781	2.7216e-010
19782	2.7421e-010
19783	2.8458e-010
19784	2.8757e-010
19785	2.9648e-010
19786	3.0214e-010
19787	3.082e-010
19788	3.1829e-010
19789	3.2075e-010
19790	3.3403e-010
19791	3.3652e-010
19792	3.4571e-010
19793	3.558e-010
19794	3.6003e-010
19795	3.7029e-010
19796	3.7957e-010
19797	3.8561e-010
19798	3.9444e-010
19799	4.0752e-010
19800	4.1238e-010
19801	4.2254e-010
19802	4.3208e-010
19803	4.443e-010
19804	4.5188e-010
19805	4.6206e-010
19806	4.7247e-010
19807	4.8354e-010
19808	4.946e-010
19809	5.0534e-010
19810	5.1755e-010
19811	5.2835e-010
19812	5.4041e-010
19813	5.5262e-010
19814	5.6519e-010
19815	5.7782e-010
19816	5.9001e-010
19817	6.059e-010
19818	6.1774e-010
19819	6.3231e-010
19820	6.4653e-010
19821	6.5945e-010
19822	6.7359e-010
19823	6.9265e-010
19824	7.1212e-010
19825	7.1815e-010
19826	7.177e-010
19827	7.142e-010
19828	6.9649e-010
19829	6.7612e-010
19830	6.6212e-010
19831	6.507e-010
19832	6.3761e-010
19833	6.2268e-010
19834	6.1562e-010
19835	5.9505e-010
19836	5.8474e-010
19837	5.7235e-010
19838	5.6026e-010
19839	5.479e-010
19840	5.3581e-010
19841	5.2983e-010
19842	5.1439e-010
19843	5.0529e-010
19844	4.9413e-010
19845	4.8039e-010
19846	4.7126e-010
19847	4.5949e-010
19848	4.7656e-010
19849	4.4028e-010
19850	4.3033e-010
19851	4.1872e-010
19852	4.4978e-010
19853	4.0336e-010
19854	3.8876e-010
19855	3.8212e-010
19856	3.8036e-010
19857	3.5488e-010
19858	3.8572e-010
19859	3.5041e-010
19860	3.3147e-010
19861	3.8724e-010
19862	3.0615e-010
19863	3.5016e-010
19864	3.0906e-010
19865	3.0872e-010
19866	3.1035e-010
19867	2.802e-010
19868	3.0827e-010
19869	2.6328e-010
19870	2.9692e-010
19871	2.5329e-010
19872	2.7515e-010
19873	2.5021e-010
19874	2.4509e-010
19875	2.5253e-010
19876	2.0982e-010
19877	2.6958e-010
19878	1.8331e-010
19879	2.2554e-010
19880	1.7609e-010
19881	1.7757e-010
19882	2.9008e-010
19883	1.9477e-010
19884	3.1942e-010
19885	5.586e-010
19886	6.8117e-010
19887	7.3218e-010
19888	9.1862e-010
19889	1.7179e-009
19890	1.6154e-009
19891	6.6419e-011
19892	4.4376e-011
19893	1.1869e-010
19894	1.8239e-010
19895	1.8133e-010
19896	1.913e-010
19897	1.958e-010
19898	1.9579e-010
19899	2.1019e-010
19900	2.0712e-010
19901	2.1375e-010
19902	2.2301e-010
19903	2.2035e-010
19904	2.3505e-010
19905	2.3206e-010
19906	2.4243e-010
19907	2.4612e-010
19908	2.5136e-010
19909	2.5936e-010
19910	2.6199e-010
19911	2.7215e-010
19912	2.7422e-010
19913	2.8458e-010
19914	2.8759e-010
19915	2.9647e-010
19916	3.0216e-010
19917	3.0822e-010
19918	3.1828e-010
19919	3.2075e-010
19920	3.3403e-010
19921	3.3652e-010
19922	3.457e-010
19923	3.5581e-010
19924	3.6003e-010
19925	3.7029e-010
19926	3.7956e-010
19927	3.856e-010
19928	3.9444e-010
19929	4.0752e-010
19930	4.1238e-010
19931	4.2254e-010
19932	4.3208e-010
19933	4.443e-010
19934	4.5188e-010
19935	4.6206e-010
19936	4.7246e-010
19937	4.8354e-010
19938	4.9463e-010
19939	5.0536e-010
19940	5.1754e-010
19941	5.2837e-010
19942	5.4041e-010
19943	5.5264e-010
19944	5.6518e-010
19945	5.7782e-010
19946	5.9001e-010
19947	6.059e-010
19948	6.1773e-010
19949	6.3232e-010
19950	6.4652e-010
19951	6.5945e-010
19952	6.7359e-010
19953	6.9265e-010
19954	7.1212e-010
19955	7.1815e-010
19956	7.177e-010
19957	7.142e-010
19958	6.9649e-010
19959	6.7611e-010
19960	6.6215e-010
19961	6.507e-010
19962	6.3761e-010
19963	6.2268e-010
19964	6.1562e-010
19965	5.9505e-010
19966	5.8474e-010
19967	5.7235e-010
19968	5.6025e-010
19969	5.479e-010
19970	5.3582e-010
19971	5.2979e-010
19972	5.1438e-010
19973	5.053e-010
19974	4.9412e-010
19975	4.8037e-010
19976	4.7138e-010
19977	4.5911e-010
19978	4.7673e-010
19979	4.3989e-010
19980	4.3045e-010
19981	4.1869e-010
19982	4.4979e-010
19983	4.0339e-010
19984	3.8879e-010
19985	3.8211e-010
19986	3.8037e-010
19987	3.5489e-010
19988	3.8573e-010
19989	3.5041e-010
19990	3.3147e-010
19991	3.8724e-010
19992	3.0615e-010
19993	3.5016e-010
19994	3.0905e-010
19995	3.0871e-010
19996	3.1035e-010
19997	2.802e-010
19998	3.0827e-010
19999	2.6328e-010
20000	2.9693e-010
20001	2.5329e-010
20002	2.7514e-010
20003	2.5021e-010
20004	2.4508e-010
20005	2.5253e-010
20006	2.0981e-010
20007	2.6958e-010
20008	1.8331e-010
20009	2.2553e-010
20010	1.7609e-010
20011	1.7758e-010
20012	2.9008e-010
20013	1.9477e-010
20014	3.1942e-010
20015	5.5859e-010
20016	6.8117e-010
20017	7.3217e-010
20018	9.1862e-010
20019	1.7179e-009
20020	1.6154e-009
20021	1.3768e-010
20022	1.0552e-010
20023	1.6707e-010
20024	2.1911e-010
20025	2.163e-010
20026	2.2981e-010
20027	2.3486e-010
20028	2.3288e-010
20029	2.5353e-010
20030	2.466e-010
20031	2.5534e-010
20032	2.6835e-010
20033	2.6134e-010
20034	2.8369e-010
20035	2.7579e-010
20036	2.9091e-010
20037	2.943e-010
20038	3.0036e-010
20039	3.1124e-010
20040	3.1216e-010
20041	3.2687e-010
20042	3.2632e-010
20043	3.4156e-010
20044	3.4274e-010
20045	3.5523e-010
20046	3.6129e-010
20047	3.6776e-010
20048	3.822e-010
20049	3.8116e-010
20050	4.0199e-010
20051	4.0087e-010
20052	4.131e-010
20053	4.2699e-010
20054	4.288e-010
20055	4.4303e-010
20056	4.55e-010
20057	4.6007e-010
20058	4.7058e-010
20059	4.8967e-010
20060	4.9149e-010
20061	5.0455e-010
20062	5.1572e-010
20063	5.3265e-010
20064	5.398e-010
20065	5.5217e-010
20066	5.6439e-010
20067	5.7802e-010
20068	5.9148e-010
20069	6.0405e-010
20070	6.1962e-010
20071	6.3133e-010
20072	6.4592e-010
20073	6.6065e-010
20074	6.7568e-010
20075	6.912e-010
20076	7.0482e-010
20077	7.2645e-010
20078	7.3847e-010
20079	7.5662e-010
20080	7.737e-010
20081	7.8746e-010
20082	8.0368e-010
20083	8.303e-010
20084	8.5831e-010
20085	8.541e-010
20086	8.5288e-010
20087	8.6097e-010
20088	8.3652e-010
20089	8.0641e-010
20090	7.8989e-010
20091	7.7937e-010
20092	7.6384e-010
20093	7.4401e-010
20094	7.4122e-010
20095	7.0982e-010
20096	7.0035e-010
20097	6.8528e-010
20098	6.7082e-010
20099	6.5586e-010
20100	6.4017e-010
20101	6.3781e-010
20102	6.1485e-010
20103	6.0603e-010
20104	5.9227e-010
20105	5.7299e-010
20106	5.6288e-010
20107	5.4414e-010
20108	5.8844e-010
20109	5.2085e-010
20110	5.1219e-010
20111	4.895e-010
20112	5.5785e-010
20113	4.7391e-010
20114	4.5505e-010
20115	4.7501e-010
20116	4.5837e-010
20117	4.0431e-010
20118	4.7767e-010
20119	4.1637e-010
20120	3.7685e-010
20121	4.8866e-010
20122	3.3765e-010
20123	4.3681e-010
20124	3.5866e-010
20125	3.6789e-010
20126	3.7857e-010
20127	3.2362e-010
20128	3.8192e-010
20129	3.003e-010
20130	3.6803e-010
20131	2.9172e-010
20132	3.3685e-010
20133	2.9622e-010
20134	2.9257e-010
20135	3.1103e-010
20136	2.3808e-010
20137	3.4346e-010
20138	2.0451e-010
20139	2.8998e-010
20140	2.1813e-010
20141	1.9961e-010
20142	3.7964e-010
20143	2.1674e-010
20144	3.6286e-010
20145	6.3808e-010
20146	8.0733e-010
20147	7.5146e-010
20148	1.0799e-009
20149	2.1217e-009
20150	1.9169e-009
20151	6.6524e-011
20152	4.4303e-011
20153	1.1854e-010
20154	1.8223e-010
20155	1.8121e-010
20156	1.9124e-010
20157	1.9572e-010
20158	1.9565e-010
20159	2.1001e-010
20160	2.0692e-010
20161	2.1355e-010
20162	2.2284e-010
20163	2.2016e-010
20164	2.3488e-010
20165	2.3188e-010
20166	2.423e-010
20167	2.46e-010
20168	2.5126e-010
20169	2.5925e-010
20170	2.6179e-010
20171	2.719e-010
20172	2.7384e-010
20173	2.8424e-010
20174	2.873e-010
20175	2.9628e-010
20176	3.0197e-010
20177	3.0801e-010
20178	3.1807e-010
20179	3.2055e-010
20180	3.3387e-010
20181	3.3633e-010
20182	3.4541e-010
20183	3.5544e-010
20184	3.5975e-010
20185	3.7008e-010
20186	3.7937e-010
20187	3.854e-010
20188	3.942e-010
20189	4.0712e-010
20190	4.119e-010
20191	4.219e-010
20192	4.3136e-010
20193	4.438e-010
20194	4.5149e-010
20195	4.6162e-010
20196	4.7187e-010
20197	4.8292e-010
20198	4.9415e-010
20199	5.0503e-010
20200	5.1746e-010
20201	5.2795e-010
20202	5.3983e-010
20203	5.5219e-010
20204	5.6467e-010
20205	5.7761e-010
20206	5.8994e-010
20207	6.0591e-010
20208	6.1756e-010
20209	6.3202e-010
20210	6.4608e-010
20211	6.5922e-010
20212	6.7362e-010
20213	6.9278e-010
20214	7.1223e-010
20215	7.1787e-010
20216	7.1762e-010
20217	7.142e-010
20218	6.9678e-010
20219	6.7628e-010
20220	6.6227e-010
20221	6.5081e-010
20222	6.3775e-010
20223	6.2297e-010
20224	6.1591e-010
20225	5.9544e-010
20226	5.8526e-010
20227	5.7289e-010
20228	5.6075e-010
20229	5.4847e-010
20230	5.3636e-010
20231	5.3045e-010
20232	5.1499e-010
20233	5.0607e-010
20234	4.9491e-010
20235	4.8119e-010
20236	4.7235e-010
20237	4.5954e-010
20238	4.7976e-010
20239	4.4025e-010
20240	4.3128e-010
20241	4.1953e-010
20242	4.5045e-010
20243	4.0401e-010
20244	3.8931e-010
20245	3.8246e-010
20246	3.8082e-010
20247	3.553e-010
20248	3.8604e-010
20249	3.5074e-010
20250	3.3178e-010
20251	3.8741e-010
20252	3.064e-010
20253	3.5035e-010
20254	3.0926e-010
20255	3.0889e-010
20256	3.1051e-010
20257	2.8036e-010
20258	3.0839e-010
20259	2.634e-010
20260	2.9707e-010
20261	2.5339e-010
20262	2.7518e-010
20263	2.502e-010
20264	2.4503e-010
20265	2.5248e-010
20266	2.0978e-010
20267	2.6962e-010
20268	1.8345e-010
20269	2.2572e-010
20270	1.7644e-010
20271	1.7806e-010
20272	2.8997e-010
20273	1.9539e-010
20274	3.2001e-010
20275	5.5905e-010
20276	6.81e-010
20277	7.3233e-010
20278	9.1859e-010
20279	1.7183e-009
20280	1.6164e-009
20281	6.6469e-011
20282	4.4333e-011
20283	1.1862e-010
20284	1.8236e-010
20285	1.8141e-010
20286	1.915e-010
20287	1.9598e-010
20288	1.959e-010
20289	2.1019e-010
20290	2.0709e-010
20291	2.1371e-010
20292	2.2296e-010
20293	2.2033e-010
20294	2.3505e-010
20295	2.3204e-010
20296	2.4238e-010
20297	2.4608e-010
20298	2.5136e-010
20299	2.5935e-010
20300	2.6196e-010
20301	2.7208e-010
20302	2.7402e-010
20303	2.8437e-010
20304	2.8738e-010
20305	2.9636e-010
20306	3.0216e-010
20307	3.0821e-010
20308	3.1815e-010
20309	3.2062e-010
20310	3.3396e-010
20311	3.3638e-010
20312	3.4543e-010
20313	3.5544e-010
20314	3.5981e-010
20315	3.7021e-010
20316	3.7952e-010
20317	3.8552e-010
20318	3.9429e-010
20319	4.0716e-010
20320	4.1184e-010
20321	4.2187e-010
20322	4.3146e-010
20323	4.4393e-010
20324	4.5162e-010
20325	4.6171e-010
20326	4.7197e-010
20327	4.8301e-010
20328	4.941e-010
20329	5.0506e-010
20330	5.1744e-010
20331	5.2799e-010
20332	5.4e-010
20333	5.5254e-010
20334	5.6503e-010
20335	5.7787e-010
20336	5.9037e-010
20337	6.0632e-010
20338	6.1823e-010
20339	6.3297e-010
20340	6.4705e-010
20341	6.6019e-010
20342	6.7478e-010
20343	6.9414e-010
20344	7.1351e-010
20345	7.1955e-010
20346	7.1927e-010
20347	7.1575e-010
20348	6.9818e-010
20349	6.7776e-010
20350	6.6365e-010
20351	6.5206e-010
20352	6.3894e-010
20353	6.2407e-010
20354	6.1692e-010
20355	5.964e-010
20356	5.8603e-010
20357	5.7363e-010
20358	5.6147e-010
20359	5.4923e-010
20360	5.37e-010
20361	5.3068e-010
20362	5.1552e-010
20363	5.0645e-010
20364	4.9521e-010
20365	4.8152e-010
20366	4.7252e-010
20367	4.6036e-010
20368	4.8113e-010
20369	4.4126e-010
20370	4.3192e-010
20371	4.2068e-010
20372	4.515e-010
20373	4.0527e-010
20374	3.9042e-010
20375	3.8346e-010
20376	3.8186e-010
20377	3.5623e-010
20378	3.8688e-010
20379	3.5154e-010
20380	3.3251e-010
20381	3.8802e-010
20382	3.0696e-010
20383	3.5087e-010
20384	3.0967e-010
20385	3.0926e-010
20386	3.1083e-010
20387	2.8062e-010
20388	3.0859e-010
20389	2.6349e-010
20390	2.9711e-010
20391	2.5332e-010
20392	2.7517e-010
20393	2.5017e-010
20394	2.4505e-010
20395	2.5255e-010
20396	2.0994e-010
20397	2.6987e-010
20398	1.8355e-010
20399	2.2586e-010
20400	1.7652e-010
20401	1.7804e-010
20402	2.9008e-010
20403	1.9539e-010
20404	3.2018e-010
20405	5.5927e-010
20406	6.8105e-010
20407	7.3207e-010
20408	9.1846e-010
20409	1.7185e-009
20410	1.6166e-009
20411	1.3766e-010
20412	1.0555e-010
20413	1.6707e-010
20414	2.1913e-010
20415	2.1634e-010
20416	2.2988e-010
20417	2.3493e-010
20418	2.3292e-010
20419	2.5353e-010
20420	2.4657e-010
20421	2.5527e-010
20422	2.6827e-010
20423	2.6126e-010
20424	2.8362e-010
20425	2.7571e-010
20426	2.9079e-010
20427	2.9416e-010
20428	3.0023e-010
20429	3.1112e-010
20430	3.1209e-010
20431	3.268e-010
20432	3.2622e-010
20433	3.4145e-010
20434	3.4265e-010
20435	3.5519e-010
20436	3.6133e-010
20437	3.6778e-010
20438	3.8216e-010
20439	3.8112e-010
20440	4.0192e-010
20441	4.0073e-010
20442	4.1292e-010
20443	4.2681e-010
20444	4.2865e-010
20445	4.4289e-010
20446	4.5489e-010
20447	4.5998e-010
20448	4.7046e-010
20449	4.8951e-010
20450	4.9137e-010
20451	5.045e-010
20452	5.1554e-010
20453	5.3238e-010
20454	5.3949e-010
20455	5.5174e-010
20456	5.6399e-010
20457	5.7777e-010
20458	5.9098e-010
20459	6.035e-010
20460	6.193e-010
20461	6.3118e-010
20462	6.4575e-010
20463	6.6056e-010
20464	6.7551e-010
20465	6.9109e-010
20466	7.0484e-010
20467	7.2645e-010
20468	7.3874e-010
20469	7.5711e-010
20470	7.7389e-010
20471	7.8778e-010
20472	8.0447e-010
20473	8.3116e-010
20474	8.5916e-010
20475	8.5535e-010
20476	8.5402e-010
20477	8.6195e-010
20478	8.3753e-010
20479	8.0745e-010
20480	7.9092e-010
20481	7.8039e-010
20482	7.6488e-010
20483	7.451e-010
20484	7.4232e-010
20485	7.1101e-010
20486	7.0145e-010
20487	6.8643e-010
20488	6.7203e-010
20489	6.5712e-010
20490	6.4146e-010
20491	6.3882e-010
20492	6.1608e-010
20493	6.0722e-010
20494	5.9356e-010
20495	5.7421e-010
20496	5.6416e-010
20497	5.4511e-010
20498	5.858e-010
20499	5.2172e-010
20500	5.1378e-010
20501	4.8939e-010
20502	5.6023e-010
20503	4.738e-010
20504	4.5633e-010
20505	4.7601e-010
20506	4.5942e-010
20507	4.0496e-010
20508	4.7853e-010
20509	4.1704e-010
20510	3.7739e-010
20511	4.8946e-010
20512	3.3795e-010
20513	4.3733e-010
20514	3.5894e-010
20515	3.6822e-010
20516	3.7892e-010
20517	3.2386e-010
20518	3.8221e-010
20519	3.0051e-010
20520	3.6831e-010
20521	2.9196e-010
20522	3.3706e-010
20523	2.9633e-010
20524	2.9257e-010
20525	3.1102e-010
20526	2.3804e-010
20527	3.4379e-010
20528	2.0454e-010
20529	2.9029e-010
20530	2.1841e-010
20531	1.9973e-010
20532	3.7973e-010
20533	2.1674e-010
20534	3.6294e-010
20535	6.3825e-010
20536	8.0714e-010
20537	7.5087e-010
20538	1.0796e-009
20539	2.1221e-009
20540	1.9175e-009
20541	6.6469e-011
20542	4.4333e-011
20543	1.1862e-010
20544	1.8236e-010
20545	1.8141e-010
20546	1.915e-010
20547	1.9599e-010
20548	1.959e-010
20549	2.1019e-010
20550	2.0709e-010
20551	2.1371e-010
20552	2.2296e-010
20553	2.2033e-010
20554	2.3505e-010
20555	2.3204e-010
20556	2.4238e-010
20557	2.4608e-010
20558	2.5136e-010
20559	2.5936e-010
20560	2.6196e-010
20561	2.7208e-010
20562	2.7402e-010
20563	2.8437e-010
20564	2.8738e-010
20565	2.9637e-010
20566	3.0216e-010
20567	3.0821e-010
20568	3.1815e-010
20569	3.2062e-010
20570	3.3395e-010
20571	3.3639e-010
20572	3.4543e-010
20573	3.5544e-010
20574	3.5981e-010
20575	3.7021e-010
20576	3.7951e-010
20577	3.8552e-010
20578	3.9429e-010
20579	4.0716e-010
20580	4.1184e-010
20581	4.2187e-010
20582	4.3146e-010
20583	4.4393e-010
20584	4.5162e-010
20585	4.6171e-010
20586	4.7197e-010
20587	4.8302e-010
20588	4.9409e-010
20589	5.0506e-010
20590	5.1745e-010
20591	5.2799e-010
20592	5.4e-010
20593	5.5253e-010
20594	5.6503e-010
20595	5.7787e-010
20596	5.9037e-010
20597	6.0632e-010
20598	6.1822e-010
20599	6.3297e-010
20600	6.4705e-010
20601	6.6018e-010
20602	6.7477e-010
20603	6.9416e-010
20604	7.135e-010
20605	7.1955e-010
20606	7.1927e-010
20607	7.1576e-010
20608	6.9818e-010
20609	6.7776e-010
20610	6.6365e-010
20611	6.5206e-010
20612	6.3894e-010
20613	6.2407e-010
20614	6.1691e-010
20615	5.964e-010
20616	5.8604e-010
20617	5.7362e-010
20618	5.615e-010
20619	5.491e-010
20620	5.3745e-010
20621	5.3036e-010
20622	5.1595e-010
20623	5.0633e-010
20624	4.9523e-010
20625	4.8147e-010
20626	4.7194e-010
20627	4.6249e-010
20628	4.7457e-010
20629	4.4324e-010
20630	4.3175e-010
20631	4.2017e-010
20632	4.544e-010
20633	4.0478e-010
20634	3.9073e-010
20635	3.8343e-010
20636	3.8187e-010
20637	3.5625e-010
20638	3.8687e-010
20639	3.5154e-010
20640	3.325e-010
20641	3.8802e-010
20642	3.0697e-010
20643	3.5086e-010
20644	3.0967e-010
20645	3.0926e-010
20646	3.1083e-010
20647	2.8062e-010
20648	3.0859e-010
20649	2.6349e-010
20650	2.9711e-010
20651	2.5332e-010
20652	2.7517e-010
20653	2.5017e-010
20654	2.4505e-010
20655	2.5255e-010
20656	2.0994e-010
20657	2.6987e-010
20658	1.8355e-010
20659	2.2586e-010
20660	1.7653e-010
20661	1.7804e-010
20662	2.9008e-010
20663	1.9539e-010
20664	3.2018e-010
20665	5.5927e-010
20666	6.8105e-010
20667	7.3207e-010
20668	9.1846e-010
20669	1.7184e-009
20670	1.6166e-009
20671	6.6526e-011
20672	4.4302e-011
20673	1.1854e-010
20674	1.8223e-010
20675	1.8121e-010
20676	1.9124e-010
20677	1.9573e-010
20678	1.9565e-010
20679	2.1001e-010
20680	2.0692e-010
20681	2.1355e-010
20682	2.2283e-010
20683	2.2016e-010
20684	2.3488e-010
20685	2.3188e-010
20686	2.423e-010
20687	2.4599e-010
20688	2.5126e-010
20689	2.5925e-010
20690	2.6179e-010
20691	2.7189e-010
20692	2.7385e-010
20693	2.8423e-010
20694	2.8731e-010
20695	2.9628e-010
20696	3.0197e-010
20697	3.0801e-010
20698	3.1807e-010
20699	3.2055e-010
20700	3.3387e-010
20701	3.3634e-010
20702	3.4541e-010
20703	3.5544e-010
20704	3.5975e-010
20705	3.7008e-010
20706	3.7937e-010
20707	3.854e-010
20708	3.942e-010
20709	4.0713e-010
20710	4.119e-010
20711	4.219e-010
20712	4.3136e-010
20713	4.438e-010
20714	4.5149e-010
20715	4.6161e-010
20716	4.7186e-010
20717	4.829e-010
20718	4.9412e-010
20719	5.0502e-010
20720	5.1748e-010
20721	5.2793e-010
20722	5.3985e-010
20723	5.522e-010
20724	5.6467e-010
20725	5.776e-010
20726	5.8994e-010
20727	6.0591e-010
20728	6.1756e-010
20729	6.3205e-010
20730	6.4612e-010
20731	6.5921e-010
20732	6.7362e-010
20733	6.9277e-010
20734	7.1221e-010
20735	7.1787e-010
20736	7.1762e-010
20737	7.142e-010
20738	6.9678e-010
20739	6.7627e-010
20740	6.6226e-010
20741	6.508e-010
20742	6.3775e-010
20743	6.2295e-010
20744	6.1592e-010
20745	5.9542e-010
20746	5.8525e-010
20747	5.7287e-010
20748	5.6074e-010
20749	5.4836e-010
20750	5.3683e-010
20751	5.298e-010
20752	5.1545e-010
20753	5.0597e-010
20754	4.9486e-010
20755	4.8133e-010
20756	4.7193e-010
20757	4.6062e-010
20758	4.7944e-010
20759	4.413e-010
20760	4.3151e-010
20761	4.1828e-010
20762	4.5807e-010
20763	4.0268e-010
20764	3.8993e-010
20765	3.8249e-010
20766	3.8085e-010
20767	3.5529e-010
20768	3.8603e-010
20769	3.5075e-010
20770	3.3179e-010
20771	3.8741e-010
20772	3.064e-010
20773	3.5036e-010
20774	3.0926e-010
20775	3.0889e-010
20776	3.1051e-010
20777	2.8036e-010
20778	3.0839e-010
20779	2.6339e-010
20780	2.9707e-010
20781	2.5339e-010
20782	2.7517e-010
20783	2.502e-010
20784	2.4502e-010
20785	2.5249e-010
20786	2.0978e-010
20787	2.6962e-010
20788	1.8345e-010
20789	2.2574e-010
20790	1.7643e-010
20791	1.7806e-010
20792	2.8997e-010
20793	1.9538e-010
20794	3.2001e-010
20795	5.5905e-010
20796	6.81e-010
20797	7.3233e-010
20798	9.1859e-010
20799	1.7183e-009
20800	1.6164e-009
20801	1.3768e-010
20802	1.0553e-010
20803	1.6706e-010
20804	2.1911e-010
20805	2.163e-010
20806	2.2981e-010
20807	2.3486e-010
20808	2.3288e-010
20809	2.5353e-010
20810	2.466e-010
20811	2.5534e-010
20812	2.6835e-010
20813	2.6134e-010
20814	2.8369e-010
20815	2.7579e-010
20816	2.9091e-010
20817	2.943e-010
20818	3.0037e-010
20819	3.1124e-010
20820	3.1216e-010
20821	3.2687e-010
20822	3.2633e-010
20823	3.4156e-010
20824	3.4274e-010
20825	3.5523e-010
20826	3.6129e-010
20827	3.6776e-010
20828	3.8221e-010
20829	3.8116e-010
20830	4.0198e-010
20831	4.0086e-010
20832	4.131e-010
20833	4.2698e-010
20834	4.288e-010
20835	4.4303e-010
20836	4.55e-010
20837	4.6007e-010
20838	4.7058e-010
20839	4.8968e-010
20840	4.9148e-010
20841	5.0456e-010
20842	5.1572e-010
20843	5.3265e-010
20844	5.3979e-010
20845	5.5217e-010
20846	5.6438e-010
20847	5.7802e-010
20848	5.9147e-010
20849	6.0404e-010
20850	6.1962e-010
20851	6.3133e-010
20852	6.4591e-010
20853	6.6066e-010
20854	6.7567e-010
20855	6.9119e-010
20856	7.0482e-010
20857	7.2645e-010
20858	7.3848e-010
20859	7.5663e-010
20860	7.7371e-010
20861	7.8745e-010
20862	8.0368e-010
20863	8.3031e-010
20864	8.5831e-010
20865	8.5411e-010
20866	8.5288e-010
20867	8.6095e-010
20868	8.3653e-010
20869	8.0641e-010
20870	7.8989e-010
20871	7.7937e-010
20872	7.6384e-010
20873	7.4401e-010
20874	7.4121e-010
20875	7.0983e-010
20876	7.0035e-010
20877	6.8528e-010
20878	6.7084e-010
20879	6.5584e-010
20880	6.4025e-010
20881	6.3761e-010
20882	6.1497e-010
20883	6.0599e-010
20884	5.923e-010
20885	5.7301e-010
20886	5.6309e-010
20887	5.4303e-010
20888	5.883e-010
20889	5.1983e-010
20890	5.1365e-010
20891	4.8603e-010
20892	5.6838e-010
20893	4.7052e-010
20894	4.5624e-010
20895	4.7497e-010
20896	4.584e-010
20897	4.0431e-010
20898	4.7767e-010
20899	4.1637e-010
20900	3.7685e-010
20901	4.8866e-010
20902	3.3766e-010
20903	4.3681e-010
20904	3.5866e-010
20905	3.6789e-010
20906	3.7857e-010
20907	3.2362e-010
20908	3.8192e-010
20909	3.003e-010
20910	3.6803e-010
20911	2.9172e-010
20912	3.3685e-010
20913	2.9622e-010
20914	2.9257e-010
20915	3.1103e-010
20916	2.3808e-010
20917	3.4347e-010
20918	2.0451e-010
20919	2.8998e-010
20920	2.1812e-010
20921	1.9962e-010
20922	3.7964e-010
20923	2.1675e-010
20924	3.6286e-010
20925	6.3808e-010
20926	8.0732e-010
20927	7.5146e-010
20928	1.0799e-009
20929	2.1217e-009
20930	1.9169e-009
20931	6.6423e-011
20932	4.437e-011
20933	1.1869e-010
20934	1.8239e-010
20935	1.8133e-010
20936	1.913e-010
20937	1.958e-010
20938	1.958e-010
20939	2.102e-010
20940	2.0712e-010
20941	2.1374e-010
20942	2.2301e-010
20943	2.2035e-010
20944	2.3504e-010
20945	2.3205e-010
20946	2.4242e-010
20947	2.4612e-010
20948	2.5136e-010
20949	2.5935e-010
20950	2.6198e-010
20951	2.7215e-010
20952	2.7422e-010
20953	2.8458e-010
20954	2.876e-010
20955	2.9648e-010
20956	3.0216e-010
20957	3.0821e-010
20958	3.1829e-010
20959	3.2074e-010
20960	3.3402e-010
20961	3.3651e-010
20962	3.457e-010
20963	3.5581e-010
20964	3.6003e-010
20965	3.7029e-010
20966	3.7957e-010
20967	3.856e-010
20968	3.9445e-010
20969	4.0753e-010
20970	4.1239e-010
20971	4.2253e-010
20972	4.3209e-010
20973	4.443e-010
20974	4.5188e-010
20975	4.6206e-010
20976	4.7246e-010
20977	4.8353e-010
20978	4.9465e-010
20979	5.0536e-010
20980	5.1754e-010
20981	5.2837e-010
20982	5.4041e-010
20983	5.5264e-010
20984	5.6518e-010
20985	5.7785e-010
20986	5.9e-010
20987	6.059e-010
20988	6.1772e-010
20989	6.323e-010
20990	6.4654e-010
20991	6.5944e-010
20992	6.7358e-010
20993	6.9264e-010
20994	7.1211e-010
20995	7.1814e-010
20996	7.1773e-010
20997	7.1419e-010
20998	6.9652e-010
20999	6.7609e-010
21000	6.6217e-010
21001	6.5069e-010
21002	6.3761e-010
21003	6.227e-010
21004	6.156e-010
21005	5.9505e-010
21006	5.8474e-010
21007	5.7236e-010
21008	5.6028e-010
21009	5.4781e-010
21010	5.3621e-010
21011	5.294e-010
21012	5.1476e-010
21013	5.0519e-010
21014	4.9413e-010
21015	4.8048e-010
21016	4.7123e-010
21017	4.5936e-010
21018	4.7864e-010
21019	4.402e-010
21020	4.3117e-010
21021	4.1728e-010
21022	4.578e-010
21023	4.0188e-010
21024	3.8954e-010
21025	3.8209e-010
21026	3.804e-010
21027	3.5487e-010
21028	3.8572e-010
21029	3.5041e-010
21030	3.3147e-010
21031	3.8724e-010
21032	3.0615e-010
21033	3.5016e-010
21034	3.0905e-010
21035	3.087e-010
21036	3.1035e-010
21037	2.802e-010
21038	3.0827e-010
21039	2.6327e-010
21040	2.9693e-010
21041	2.5329e-010
21042	2.7514e-010
21043	2.502e-010
21044	2.451e-010
21045	2.5253e-010
21046	2.0981e-010
21047	2.6958e-010
21048	1.8331e-010
21049	2.2554e-010
21050	1.761e-010
21051	1.7759e-010
21052	2.9008e-010
21053	1.9477e-010
21054	3.1942e-010
21055	5.5859e-010
21056	6.8118e-010
21057	7.3217e-010
21058	9.1863e-010
21059	1.7179e-009
21060	1.6154e-009
21061	6.6423e-011
21062	4.437e-011
21063	1.1869e-010
21064	1.8239e-010
21065	1.8133e-010
21066	1.913e-010
21067	1.958e-010
21068	1.958e-010
21069	2.102e-010
21070	2.0712e-010
21071	2.1374e-010
21072	2.2301e-010
21073	2.2035e-010
21074	2.3504e-010
21075	2.3205e-010
21076	2.4242e-010
21077	2.4613e-010
21078	2.5136e-010
21079	2.5935e-010
21080	2.6198e-010
21081	2.7215e-010
21082	2.7422e-010
21083	2.8458e-010
21084	2.8759e-010
21085	2.9648e-010
21086	3.0216e-010
21087	3.0821e-010
21088	3.1829e-010
21089	3.2075e-010
21090	3.3403e-010
21091	3.3651e-010
21092	3.457e-010
21093	3.5581e-010
21094	3.6003e-010
21095	3.7029e-010
21096	3.7957e-010
21097	3.856e-010
21098	3.9445e-010
21099	4.0753e-010
21100	4.1239e-010
21101	4.2253e-010
21102	4.3209e-010
21103	4.443e-010
21104	4.5188e-010
21105	4.6206e-010
21106	4.7246e-010
21107	4.8354e-010
21108	4.9463e-010
21109	5.0536e-010
21110	5.1754e-010
21111	5.2837e-010
21112	5.4041e-010
21113	5.5264e-010
21114	5.6518e-010
21115	5.7785e-010
21116	5.9e-010
21117	6.059e-010
21118	6.1772e-010
21119	6.323e-010
21120	6.4653e-010
21121	6.5944e-010
21122	6.7359e-010
21123	6.9265e-010
21124	7.1212e-010
21125	7.1815e-010
21126	7.177e-010
21127	7.1419e-010
21128	6.9651e-010
21129	6.7611e-010
21130	6.6217e-010
21131	6.5069e-010
21132	6.3761e-010
21133	6.2267e-010
21134	6.156e-010
21135	5.9505e-010
21136	5.8473e-010
21137	5.7236e-010
21138	5.6027e-010
21139	5.4786e-010
21140	5.3595e-010
21141	5.2959e-010
21142	5.1451e-010
21143	5.0526e-010
21144	4.9412e-010
21145	4.805e-010
21146	4.7126e-010
21147	4.5922e-010
21148	4.7857e-010
21149	4.4008e-010
21150	4.3117e-010
21151	4.1733e-010
21152	4.5781e-010
21153	4.0191e-010
21154	3.8954e-010
21155	3.8211e-010
21156	3.8039e-010
21157	3.5487e-010
21158	3.8572e-010
21159	3.5042e-010
21160	3.3146e-010
21161	3.8724e-010
21162	3.0615e-010
21163	3.5016e-010
21164	3.0905e-010
21165	3.0871e-010
21166	3.1036e-010
21167	2.802e-010
21168	3.0827e-010
21169	2.6328e-010
21170	2.9693e-010
21171	2.5329e-010
21172	2.7514e-010
21173	2.502e-010
21174	2.451e-010
21175	2.5253e-010
21176	2.0981e-010
21177	2.6958e-010
21178	1.8331e-010
21179	2.2553e-010
21180	1.761e-010
21181	1.7759e-010
21182	2.9008e-010
21183	1.9477e-010
21184	3.1942e-010
21185	5.5859e-010
21186	6.8118e-010
21187	7.3217e-010
21188	9.1863e-010
21189	1.7179e-009
21190	1.6154e-009
21191	1.3768e-010
21192	1.0552e-010
21193	1.6707e-010
21194	2.1911e-010
21195	2.163e-010
21196	2.2981e-010
21197	2.3486e-010
21198	2.3288e-010
21199	2.5353e-010
21200	2.466e-010
21201	2.5534e-010
21202	2.6835e-010
21203	2.6134e-010
21204	2.8368e-010
21205	2.7579e-010
21206	2.9091e-010
21207	2.943e-010
21208	3.0037e-010
21209	3.1124e-010
21210	3.1216e-010
21211	3.2687e-010
21212	3.2632e-010
21213	3.4156e-010
21214	3.4274e-010
21215	3.5523e-010
21216	3.6129e-010
21217	3.6776e-010
21218	3.8221e-010
21219	3.8116e-010
21220	4.0199e-010
21221	4.0086e-010
21222	4.131e-010
21223	4.2698e-010
21224	4.288e-010
21225	4.4303e-010
21226	4.55e-010
21227	4.6008e-010
21228	4.7058e-010
21229	4.8968e-010
21230	4.9148e-010
21231	5.0456e-010
21232	5.1572e-010
21233	5.3265e-010
21234	5.398e-010
21235	5.5217e-010
21236	5.6439e-010
21237	5.7803e-010
21238	5.9147e-010
21239	6.0405e-010
21240	6.1962e-010
21241	6.3133e-010
21242	6.4591e-010
21243	6.6065e-010
21244	6.7568e-010
21245	6.9119e-010
21246	7.0482e-010
21247	7.2645e-010
21248	7.3848e-010
21249	7.5663e-010
21250	7.737e-010
21251	7.8746e-010
21252	8.0367e-010
21253	8.303e-010
21254	8.5831e-010
21255	8.5411e-010
21256	8.5289e-010
21257	8.6097e-010
21258	8.3652e-010
21259	8.0641e-010
21260	7.8989e-010
21261	7.7937e-010
21262	7.6385e-010
21263	7.4401e-010
21264	7.4122e-010
21265	7.0982e-010
21266	7.0035e-010
21267	6.8529e-010
21268	6.7081e-010
21269	6.559e-010
21270	6.3999e-010
21271	6.3777e-010
21272	6.147e-010
21273	6.0606e-010
21274	5.9225e-010
21275	5.7309e-010
21276	5.6271e-010
21277	5.4429e-010
21278	5.8798e-010
21279	5.2101e-010
21280	5.1335e-010
21281	4.8597e-010
21282	5.6914e-010
21283	4.7041e-010
21284	4.5627e-010
21285	4.7498e-010
21286	4.584e-010
21287	4.0431e-010
21288	4.7767e-010
21289	4.1638e-010
21290	3.7685e-010
21291	4.8866e-010
21292	3.3766e-010
21293	4.3681e-010
21294	3.5866e-010
21295	3.6789e-010
21296	3.7857e-010
21297	3.2362e-010
21298	3.8192e-010
21299	3.003e-010
21300	3.6803e-010
21301	2.9172e-010
21302	3.3685e-010
21303	2.9622e-010
21304	2.9257e-010
21305	3.1103e-010
21306	2.3808e-010
21307	3.4346e-010
21308	2.0451e-010
21309	2.8998e-010
21310	2.1812e-010
21311	1.9961e-010
21312	3.7964e-010
21313	2.1674e-010
21314	3.6287e-010
21315	6.3808e-010
21316	8.0733e-010
21317	7.5146e-010
21318	1.0799e-009
21319	2.1217e-009
21320	1.9169e-009
21321	6.6519e-011
21322	4.4308e-011
21323	1.1854e-010
21324	1.8223e-010
21325	1.8121e-010
21326	1.9124e-010
21327	1.9572e-010
21328	1.9565e-010
21329	2.1001e-010
21330	2.0692e-010
21331	2.1355e-010
21332	2.2284e-010
21333	2.2016e-010
21334	2.3488e-010
21335	2.3188e-010
21336	2.423e-010
21337	2.46e-010
21338	2.5126e-010
21339	2.5925e-010
21340	2.6179e-010
21341	2.719e-010
21342	2.7384e-010
21343	2.8423e-010
21344	2.873e-010
21345	2.9628e-010
21346	3.0197e-010
21347	3.0801e-010
21348	3.1808e-010
21349	3.2055e-010
21350	3.3387e-010
21351	3.3633e-010
21352	3.4541e-010
21353	3.5544e-010
21354	3.5973e-010
21355	3.7007e-010
21356	3.7937e-010
21357	3.8539e-010
21358	3.9421e-010
21359	4.0713e-010
21360	4.119e-010
21361	4.2191e-010
21362	4.3137e-010
21363	4.438e-010
21364	4.515e-010
21365	4.6162e-010
21366	4.7186e-010
21367	4.8292e-010
21368	4.9413e-010
21369	5.0504e-010
21370	5.1749e-010
21371	5.2794e-010
21372	5.3983e-010
21373	5.522e-010
21374	5.6467e-010
21375	5.776e-010
21376	5.8994e-010
21377	6.0591e-010
21378	6.1755e-010
21379	6.3202e-010
21380	6.4608e-010
21381	6.5922e-010
21382	6.7362e-010
21383	6.9278e-010
21384	7.1223e-010
21385	7.1787e-010
21386	7.1762e-010
21387	7.142e-010
21388	6.9679e-010
21389	6.7626e-010
21390	6.6227e-010
21391	6.5081e-010
21392	6.3775e-010
21393	6.2296e-010
21394	6.159e-010
21395	5.9543e-010
21396	5.8526e-010
21397	5.7289e-010
21398	5.6074e-010
21399	5.4847e-010
21400	5.3641e-010
21401	5.3039e-010
21402	5.1508e-010
21403	5.0605e-010
21404	4.9485e-010
21405	4.8125e-010
21406	4.7179e-010
21407	4.6098e-010
21408	4.7696e-010
21409	4.4154e-010
21410	4.3157e-010
21411	4.1811e-010
21412	4.584e-010
21413	4.0254e-010
21414	3.9007e-010
21415	3.8245e-010
21416	3.8085e-010
21417	3.553e-010
21418	3.8605e-010
21419	3.5077e-010
21420	3.3178e-010
21421	3.8742e-010
21422	3.0641e-010
21423	3.5036e-010
21424	3.0925e-010
21425	3.0889e-010
21426	3.105e-010
21427	2.8035e-010
21428	3.0839e-010
21429	2.634e-010
21430	2.9707e-010
21431	2.5338e-010
21432	2.7518e-010
21433	2.502e-010
21434	2.4503e-010
21435	2.5248e-010
21436	2.0979e-010
21437	2.6962e-010
21438	1.8345e-010
21439	2.2572e-010
21440	1.7643e-010
21441	1.7806e-010
21442	2.8997e-010
21443	1.9538e-010
21444	3.2001e-010
21445	5.5905e-010
21446	6.81e-010
21447	7.3233e-010
21448	9.1859e-010
21449	1.7183e-009
21450	1.6164e-009
21451	6.6462e-011
21452	4.4331e-011
21453	1.1862e-010
21454	1.8236e-010
21455	1.8141e-010
21456	1.915e-010
21457	1.9598e-010
21458	1.959e-010
21459	2.102e-010
21460	2.071e-010
21461	2.1371e-010
21462	2.2296e-010
21463	2.2033e-010
21464	2.3505e-010
21465	2.3203e-010
21466	2.4238e-010
21467	2.4606e-010
21468	2.5137e-010
21469	2.5935e-010
21470	2.6196e-010
21471	2.7208e-010
21472	2.7403e-010
21473	2.8436e-010
21474	2.8739e-010
21475	2.9636e-010
21476	3.0215e-010
21477	3.0821e-010
21478	3.1815e-010
21479	3.2061e-010
21480	3.3396e-010
21481	3.3639e-010
21482	3.4543e-010
21483	3.5543e-010
21484	3.5981e-010
21485	3.7021e-010
21486	3.795e-010
21487	3.8553e-010
21488	3.9427e-010
21489	4.0718e-010
21490	4.1185e-010
21491	4.2186e-010
21492	4.3145e-010
21493	4.4394e-010
21494	4.5162e-010
21495	4.6169e-010
21496	4.7197e-010
21497	4.83e-010
21498	4.941e-010
21499	5.0506e-010
21500	5.1745e-010
21501	5.2799e-010
21502	5.4001e-010
21503	5.5254e-010
21504	5.6504e-010
21505	5.7785e-010
21506	5.9037e-010
21507	6.0633e-010
21508	6.1822e-010
21509	6.3295e-010
21510	6.4706e-010
21511	6.6019e-010
21512	6.7479e-010
21513	6.9413e-010
21514	7.1352e-010
21515	7.1956e-010
21516	7.1928e-010
21517	7.1576e-010
21518	6.9817e-010
21519	6.7775e-010
21520	6.6366e-010
21521	6.5207e-010
21522	6.3895e-010
21523	6.2409e-010
21524	6.169e-010
21525	5.9637e-010
21526	5.8603e-010
21527	5.7364e-010
21528	5.6148e-010
21529	5.4923e-010
21530	5.3698e-010
21531	5.3096e-010
21532	5.1552e-010
21533	5.0646e-010
21534	4.952e-010
21535	4.8141e-010
21536	4.7183e-010
21537	4.6277e-010
21538	4.718e-010
21539	4.4343e-010
21540	4.3209e-010
21541	4.1889e-010
21542	4.5944e-010
21543	4.0362e-010
21544	3.912e-010
21545	3.8343e-010
21546	3.8188e-010
21547	3.5623e-010
21548	3.8688e-010
21549	3.5154e-010
21550	3.3251e-010
21551	3.8804e-010
21552	3.0693e-010
21553	3.5087e-010
21554	3.0968e-010
21555	3.0925e-010
21556	3.1083e-010
21557	2.8062e-010
21558	3.0858e-010
21559	2.6349e-010
21560	2.9712e-010
21561	2.5332e-010
21562	2.7517e-010
21563	2.5017e-010
21564	2.4506e-010
21565	2.5255e-010
21566	2.0994e-010
21567	2.6987e-010
21568	1.8354e-010
21569	2.2587e-010
21570	1.7653e-010
21571	1.7804e-010
21572	2.9007e-010
21573	1.9539e-010
21574	3.2017e-010
21575	5.5926e-010
21576	6.8105e-010
21577	7.3207e-010
21578	9.1846e-010
21579	1.7185e-009
21580	1.6166e-009
21581	1.3765e-010
21582	1.0556e-010
21583	1.6707e-010
21584	2.1913e-010
21585	2.1635e-010
21586	2.2988e-010
21587	2.3494e-010
21588	2.3291e-010
21589	2.5353e-010
21590	2.4657e-010
21591	2.5527e-010
21592	2.6827e-010
21593	2.6127e-010
21594	2.8362e-010
21595	2.7571e-010
21596	2.9079e-010
21597	2.9416e-010
21598	3.0023e-010
21599	3.1112e-010
21600	3.1209e-010
21601	3.268e-010
21602	3.2623e-010
21603	3.4145e-010
21604	3.4266e-010
21605	3.5519e-010
21606	3.6132e-010
21607	3.6778e-010
21608	3.8216e-010
21609	3.8112e-010
21610	4.0192e-010
21611	4.0075e-010
21612	4.1291e-010
21613	4.2683e-010
21614	4.2865e-010
21615	4.4289e-010
21616	4.5488e-010
21617	4.5998e-010
21618	4.7046e-010
21619	4.8951e-010
21620	4.9138e-010
21621	5.045e-010
21622	5.1554e-010
21623	5.3237e-010
21624	5.3948e-010
21625	5.5172e-010
21626	5.6398e-010
21627	5.7776e-010
21628	5.9097e-010
21629	6.035e-010
21630	6.193e-010
21631	6.3118e-010
21632	6.4574e-010
21633	6.6058e-010
21634	6.755e-010
21635	6.911e-010
21636	7.0484e-010
21637	7.2645e-010
21638	7.3874e-010
21639	7.5709e-010
21640	7.7388e-010
21641	7.8777e-010
21642	8.0447e-010
21643	8.3115e-010
21644	8.5915e-010
21645	8.5534e-010
21646	8.5402e-010
21647	8.6193e-010
21648	8.3751e-010
21649	8.0745e-010
21650	7.9092e-010
21651	7.8039e-010
21652	7.6487e-010
21653	7.451e-010
21654	7.4232e-010
21655	7.1101e-010
21656	7.0145e-010
21657	6.8643e-010
21658	6.7202e-010
21659	6.5714e-010
21660	6.4144e-010
21661	6.3896e-010
21662	6.161e-010
21663	6.0722e-010
21664	5.935e-010
21665	5.7433e-010
21666	5.6371e-010
21667	5.4632e-010
21668	5.855e-010
21669	5.229e-010
21670	5.1425e-010
21671	4.8706e-010
21672	5.7045e-010
21673	4.7141e-010
21674	4.5718e-010
21675	4.76e-010
21676	4.5945e-010
21677	4.0497e-010
21678	4.7853e-010
21679	4.1706e-010
21680	3.7738e-010
21681	4.8945e-010
21682	3.3795e-010
21683	4.3733e-010
21684	3.5894e-010
21685	3.6822e-010
21686	3.7892e-010
21687	3.2387e-010
21688	3.822e-010
21689	3.0052e-010
21690	3.6831e-010
21691	2.9196e-010
21692	3.3705e-010
21693	2.9633e-010
21694	2.9257e-010
21695	3.1103e-010
21696	2.3804e-010
21697	3.4378e-010
21698	2.0454e-010
21699	2.9029e-010
21700	2.1841e-010
21701	1.9973e-010
21702	3.7973e-010
21703	2.1675e-010
21704	3.6294e-010
21705	6.3824e-010
21706	8.0714e-010
21707	7.5088e-010
21708	1.0796e-009
21709	2.1221e-009
21710	1.9175e-009
21711	6.6459e-011
21712	4.4331e-011
21713	1.1862e-010
21714	1.8237e-010
21715	1.8141e-010
21716	1.9149e-010
21717	1.9598e-010
21718	1.959e-010
21719	2.102e-010
21720	2.071e-010
21721	2.1372e-010
21722	2.2297e-010
21723	2.2033e-010
21724	2.3504e-010
21725	2.3203e-010
21726	2.4238e-010
21727	2.4607e-010
21728	2.5135e-010
21729	2.5935e-010
21730	2.6197e-010
21731	2.7208e-010
21732	2.7403e-010
21733	2.8436e-010
21734	2.8739e-010
21735	2.9636e-010
21736	3.0215e-010
21737	3.0821e-010
21738	3.1815e-010
21739	3.206e-010
21740	3.3397e-010
21741	3.3639e-010
21742	3.4543e-010
21743	3.5544e-010
21744	3.598e-010
21745	3.7021e-010
21746	3.7949e-010
21747	3.8553e-010
21748	3.9427e-010
21749	4.0718e-010
21750	4.1186e-010
21751	4.2187e-010
21752	4.3145e-010
21753	4.4392e-010
21754	4.5162e-010
21755	4.6168e-010
21756	4.7197e-010
21757	4.8299e-010
21758	4.941e-010
21759	5.0507e-010
21760	5.1745e-010
21761	5.2799e-010
21762	5.3998e-010
21763	5.5255e-010
21764	5.6504e-010
21765	5.7786e-010
21766	5.9038e-010
21767	6.0631e-010
21768	6.1822e-010
21769	6.3295e-010
21770	6.4707e-010
21771	6.6018e-010
21772	6.7479e-010
21773	6.9414e-010
21774	7.135e-010
21775	7.1956e-010
21776	7.1928e-010
21777	7.1576e-010
21778	6.9817e-010
21779	6.7775e-010
21780	6.6366e-010
21781	6.5207e-010
21782	6.3895e-010
21783	6.2409e-010
21784	6.169e-010
21785	5.9636e-010
21786	5.8602e-010
21787	5.7364e-010
21788	5.6147e-010
21789	5.4924e-010
21790	5.3695e-010
21791	5.3095e-010
21792	5.1547e-010
21793	5.0647e-010
21794	4.9521e-010
21795	4.816e-010
21796	4.7229e-010
21797	4.6085e-010
21798	4.8049e-010
21799	4.4176e-010
21800	4.3256e-010
21801	4.1905e-010
21802	4.5942e-010
21803	4.0362e-010
21804	3.9119e-010
21805	3.8343e-010
21806	3.8189e-010
21807	3.5623e-010
21808	3.8689e-010
21809	3.5155e-010
21810	3.3247e-010
21811	3.8805e-010
21812	3.0694e-010
21813	3.5087e-010
21814	3.0968e-010
21815	3.0926e-010
21816	3.1083e-010
21817	2.8061e-010
21818	3.0858e-010
21819	2.6349e-010
21820	2.9712e-010
21821	2.5332e-010
21822	2.7517e-010
21823	2.5017e-010
21824	2.4505e-010
21825	2.5254e-010
21826	2.0994e-010
21827	2.6987e-010
21828	1.8354e-010
21829	2.2587e-010
21830	1.7653e-010
21831	1.7804e-010
21832	2.9008e-010
21833	1.9539e-010
21834	3.2017e-010
21835	5.5926e-010
21836	6.8105e-010
21837	7.3207e-010
21838	9.1846e-010
21839	1.7185e-009
21840	1.6166e-009
21841	6.6529e-011
21842	4.4309e-011
21843	1.1854e-010
21844	1.8223e-010
21845	1.8121e-010
21846	1.9124e-010
21847	1.9571e-010
21848	1.9565e-010
21849	2.1001e-010
21850	2.0691e-010
21851	2.1355e-010
21852	2.2284e-010
21853	2.2015e-010
21854	2.3488e-010
21855	2.3187e-010
21856	2.4229e-010
21857	2.46e-010
21858	2.5126e-010
21859	2.5924e-010
21860	2.6178e-010
21861	2.719e-010
21862	2.7385e-010
21863	2.8422e-010
21864	2.8729e-010
21865	2.9627e-010
21866	3.0196e-010
21867	3.0802e-010
21868	3.1809e-010
21869	3.2056e-010
21870	3.3388e-010
21871	3.3633e-010
21872	3.4541e-010
21873	3.5542e-010
21874	3.5973e-010
21875	3.7008e-010
21876	3.7937e-010
21877	3.854e-010
21878	3.9419e-010
21879	4.0713e-010
21880	4.1191e-010
21881	4.2189e-010
21882	4.3135e-010
21883	4.4378e-010
21884	4.515e-010
21885	4.6163e-010
21886	4.7187e-010
21887	4.8293e-010
21888	4.9414e-010
21889	5.0503e-010
21890	5.1745e-010
21891	5.2796e-010
21892	5.3985e-010
21893	5.5218e-010
21894	5.6467e-010
21895	5.7763e-010
21896	5.8993e-010
21897	6.0591e-010
21898	6.1755e-010
21899	6.3204e-010
21900	6.4608e-010
21901	6.5923e-010
21902	6.7362e-010
21903	6.9279e-010
21904	7.122e-010
21905	7.1789e-010
21906	7.176e-010
21907	7.1421e-010
21908	6.9678e-010
21909	6.7624e-010
21910	6.623e-010
21911	6.5076e-010
21912	6.3773e-010
21913	6.2298e-010
21914	6.1592e-010
21915	5.9545e-010
21916	5.8524e-010
21917	5.7291e-010
21918	5.6074e-010
21919	5.4847e-010
21920	5.3636e-010
21921	5.3044e-010
21922	5.1501e-010
21923	5.0605e-010
21924	4.9488e-010
21925	4.8123e-010
21926	4.7212e-010
21927	4.6011e-010
21928	4.7902e-010
21929	4.4079e-010
21930	4.319e-010
21931	4.1808e-010
21932	4.5841e-010
21933	4.0254e-010
21934	3.9009e-010
21935	3.8245e-010
21936	3.8084e-010
21937	3.5529e-010
21938	3.8603e-010
21939	3.5076e-010
21940	3.3179e-010
21941	3.8742e-010
21942	3.0642e-010
21943	3.5036e-010
21944	3.0926e-010
21945	3.0889e-010
21946	3.1051e-010
21947	2.8034e-010
21948	3.0838e-010
21949	2.634e-010
21950	2.9708e-010
21951	2.5338e-010
21952	2.7518e-010
21953	2.5021e-010
21954	2.4503e-010
21955	2.5248e-010
21956	2.0979e-010
21957	2.6963e-010
21958	1.8345e-010
21959	2.2573e-010
21960	1.7643e-010
21961	1.7805e-010
21962	2.8997e-010
21963	1.9539e-010
21964	3.1999e-010
21965	5.5906e-010
21966	6.8099e-010
21967	7.3234e-010
21968	9.1859e-010
21969	1.7183e-009
21970	1.6164e-009
21971	1.3769e-010
21972	1.0553e-010
21973	1.6706e-010
21974	2.1911e-010
21975	2.163e-010
21976	2.2981e-010
21977	2.3486e-010
21978	2.3288e-010
21979	2.5354e-010
21980	2.466e-010
21981	2.5534e-010
21982	2.6835e-010
21983	2.6134e-010
21984	2.8369e-010
21985	2.7579e-010
21986	2.9091e-010
21987	2.943e-010
21988	3.0036e-010
21989	3.1124e-010
21990	3.1215e-010
21991	3.2688e-010
21992	3.2633e-010
21993	3.4157e-010
21994	3.4274e-010
21995	3.5522e-010
21996	3.6129e-010
21997	3.6776e-010
21998	3.8221e-010
21999	3.8116e-010
22000	4.0199e-010
22001	4.0087e-010
22002	4.131e-010
22003	4.2698e-010
22004	4.2879e-010
22005	4.4303e-010
22006	4.5501e-010
22007	4.6007e-010
22008	4.7059e-010
22009	4.8967e-010
22010	4.9148e-010
22011	5.0455e-010
22012	5.1572e-010
22013	5.3264e-010
22014	5.3982e-010
22015	5.5217e-010
22016	5.6439e-010
22017	5.7804e-010
22018	5.9147e-010
22019	6.0405e-010
22020	6.1963e-010
22021	6.3133e-010
22022	6.4592e-010
22023	6.6066e-010
22024	6.7568e-010
22025	6.9119e-010
22026	7.0481e-010
22027	7.2645e-010
22028	7.3847e-010
22029	7.5661e-010
22030	7.7369e-010
22031	7.8746e-010
22032	8.0369e-010
22033	8.3029e-010
22034	8.583e-010
22035	8.541e-010
22036	8.5289e-010
22037	8.6096e-010
22038	8.3651e-010
22039	8.0643e-010
22040	7.8989e-010
22041	7.7936e-010
22042	7.6385e-010
22043	7.4402e-010
22044	7.4122e-010
22045	7.0981e-010
22046	7.0036e-010
22047	6.8529e-010
22048	6.7082e-010
22049	6.5585e-010
22050	6.4021e-010
22051	6.3774e-010
22052	6.1489e-010
22053	6.0602e-010
22054	5.9225e-010
22055	5.7312e-010
22056	5.6266e-010
22057	5.4436e-010
22058	5.8791e-010
22059	5.2108e-010
22060	5.1336e-010
22061	4.8572e-010
22062	5.6917e-010
22063	4.7016e-010
22064	4.5631e-010
22065	4.7497e-010
22066	4.5839e-010
22067	4.0431e-010
22068	4.7767e-010
22069	4.1638e-010
22070	3.7685e-010
22071	4.8867e-010
22072	3.3766e-010
22073	4.3681e-010
22074	3.5866e-010
22075	3.679e-010
22076	3.7856e-010
22077	3.2362e-010
22078	3.8192e-010
22079	3.003e-010
22080	3.6803e-010
22081	2.9172e-010
22082	3.3685e-010
22083	2.9622e-010
22084	2.9257e-010
22085	3.1103e-010
22086	2.3808e-010
22087	3.4346e-010
22088	2.0451e-010
22089	2.8998e-010
22090	2.1813e-010
22091	1.9961e-010
22092	3.7964e-010
22093	2.1675e-010
22094	3.6286e-010
22095	6.3807e-010
22096	8.0732e-010
22097	7.5146e-010
22098	1.0799e-009
22099	2.1217e-009
22100	1.9169e-009
22101	6.6421e-011
22102	4.4378e-011
22103	1.1869e-010
22104	1.8239e-010
22105	1.8134e-010
22106	1.9131e-010
22107	1.9581e-010
22108	1.958e-010
22109	2.1019e-010
22110	2.0712e-010
22111	2.1375e-010
22112	2.2301e-010
22113	2.2036e-010
22114	2.3504e-010
22115	2.3204e-010
22116	2.4243e-010
22117	2.4612e-010
22118	2.5136e-010
22119	2.5937e-010
22120	2.6199e-010
22121	2.7216e-010
22122	2.7421e-010
22123	2.8458e-010
22124	2.8758e-010
22125	2.9649e-010
22126	3.0214e-010
22127	3.082e-010
22128	3.1828e-010
22129	3.2074e-010
22130	3.3404e-010
22131	3.365e-010
22132	3.457e-010
22133	3.558e-010
22134	3.6004e-010
22135	3.7029e-010
22136	3.7957e-010
22137	3.8561e-010
22138	3.9443e-010
22139	4.0753e-010
22140	4.1239e-010
22141	4.2254e-010
22142	4.3208e-010
22143	4.4431e-010
22144	4.5189e-010
22145	4.6207e-010
22146	4.7246e-010
22147	4.8354e-010
22148	4.9462e-010
22149	5.0535e-010
22150	5.1756e-010
22151	5.2834e-010
22152	5.4041e-010
22153	5.5264e-010
22154	5.652e-010
22155	5.7782e-010
22156	5.9002e-010
22157	6.0592e-010
22158	6.1772e-010
22159	6.3232e-010
22160	6.4654e-010
22161	6.5947e-010
22162	6.7359e-010
22163	6.9265e-010
22164	7.1213e-010
22165	7.1815e-010
22166	7.177e-010
22167	7.142e-010
22168	6.965e-010
22169	6.7612e-010
22170	6.6214e-010
22171	6.507e-010
22172	6.3761e-010
22173	6.2269e-010
22174	6.156e-010
22175	5.9506e-010
22176	5.8475e-010
22177	5.7233e-010
22178	5.6026e-010
22179	5.4792e-010
22180	5.3578e-010
22181	5.2981e-010
22182	5.1436e-010
22183	5.0527e-010
22184	4.9407e-010
22185	4.805e-010
22186	4.7095e-010
22187	4.6016e-010
22188	4.7627e-010
22189	4.4088e-010
22190	4.3075e-010
22191	4.1766e-010
22192	4.5756e-010
22193	4.0223e-010
22194	3.8943e-010
22195	3.8212e-010
22196	3.8039e-010
22197	3.5488e-010
22198	3.8572e-010
22199	3.504e-010
22200	3.3148e-010
22201	3.8723e-010
22202	3.0615e-010
22203	3.5016e-010
22204	3.0905e-010
22205	3.0871e-010
22206	3.1033e-010
22207	2.802e-010
22208	3.0827e-010
22209	2.6328e-010
22210	2.9694e-010
22211	2.5329e-010
22212	2.7515e-010
22213	2.5022e-010
22214	2.4509e-010
22215	2.5253e-010
22216	2.0982e-010
22217	2.6959e-010
22218	1.833e-010
22219	2.2554e-010
22220	1.7608e-010
22221	1.7758e-010
22222	2.9008e-010
22223	1.9477e-010
22224	3.1943e-010
22225	5.586e-010
22226	6.8115e-010
22227	7.3216e-010
22228	9.1862e-010
22229	1.7179e-009
22230	1.6154e-009
22231	6.6421e-011
22232	4.4378e-011
22233	1.1869e-010
22234	1.8239e-010
22235	1.8134e-010
22236	1.9131e-010
22237	1.9581e-010
22238	1.958e-010
22239	2.1019e-010
22240	2.0713e-010
22241	2.1376e-010
22242	2.2301e-010
22243	2.2036e-010
22244	2.3505e-010
22245	2.3204e-010
22246	2.4243e-010
22247	2.4612e-010
22248	2.5136e-010
22249	2.5937e-010
22250	2.6199e-010
22251	2.7216e-010
22252	2.742e-010
22253	2.8459e-010
22254	2.8758e-010
22255	2.9648e-010
22256	3.0214e-010
22257	3.0821e-010
22258	3.1827e-010
22259	3.2074e-010
22260	3.3405e-010
22261	3.3651e-010
22262	3.457e-010
22263	3.558e-010
22264	3.6004e-010
22265	3.7029e-010
22266	3.7958e-010
22267	3.856e-010
22268	3.9443e-010
22269	4.0752e-010
22270	4.1239e-010
22271	4.2252e-010
22272	4.3208e-010
22273	4.4431e-010
22274	4.5189e-010
22275	4.6207e-010
22276	4.7246e-010
22277	4.8355e-010
22278	4.9462e-010
22279	5.0533e-010
22280	5.1754e-010
22281	5.2835e-010
22282	5.4042e-010
22283	5.5265e-010
22284	5.6521e-010
22285	5.7782e-010
22286	5.9003e-010
22287	6.0593e-010
22288	6.1772e-010
22289	6.3232e-010
22290	6.4654e-010
22291	6.5947e-010
22292	6.736e-010
22293	6.9266e-010
22294	7.1213e-010
22295	7.1816e-010
22296	7.177e-010
22297	7.142e-010
22298	6.965e-010
22299	6.7612e-010
22300	6.6214e-010
22301	6.507e-010
22302	6.3761e-010
22303	6.2269e-010
22304	6.156e-010
22305	5.9506e-010
22306	5.8472e-010
22307	5.7233e-010
22308	5.6026e-010
22309	5.4794e-010
22310	5.3577e-010
22311	5.2981e-010
22312	5.1439e-010
22313	5.0529e-010
22314	4.9408e-010
22315	4.8037e-010
22316	4.7072e-010
22317	4.6132e-010
22318	4.7046e-010
22319	4.4192e-010
22320	4.3044e-010
22321	4.1788e-010
22322	4.5763e-010
22323	4.0256e-010
22324	3.8935e-010
22325	3.8212e-010
22326	3.8039e-010
22327	3.5488e-010
22328	3.8572e-010
22329	3.504e-010
22330	3.3148e-010
22331	3.8723e-010
22332	3.0615e-010
22333	3.5016e-010
22334	3.0905e-010
22335	3.0871e-010
22336	3.1034e-010
22337	2.802e-010
22338	3.0828e-010
22339	2.6328e-010
22340	2.9693e-010
22341	2.5329e-010
22342	2.7515e-010
22343	2.5022e-010
22344	2.4509e-010
22345	2.5253e-010
22346	2.0982e-010
22347	2.6959e-010
22348	1.833e-010
22349	2.2554e-010
22350	1.7608e-010
22351	1.7758e-010
22352	2.9008e-010
22353	1.9477e-010
22354	3.1943e-010
22355	5.586e-010
22356	6.8115e-010
22357	7.3216e-010
22358	9.1862e-010
22359	1.7179e-009
22360	1.6154e-009
22361	1.3769e-010
22362	1.0554e-010
22363	1.6706e-010
22364	2.1911e-010
22365	2.163e-010
22366	2.298e-010
22367	2.3486e-010
22368	2.3288e-010
22369	2.5354e-010
22370	2.466e-010
22371	2.5534e-010
22372	2.6835e-010
22373	2.6134e-010
22374	2.8369e-010
22375	2.7579e-010
22376	2.9091e-010
22377	2.943e-010
22378	3.0036e-010
22379	3.1124e-010
22380	3.1215e-010
22381	3.2688e-010
22382	3.2633e-010
22383	3.4156e-010
22384	3.4274e-010
22385	3.5522e-010
22386	3.6129e-010
22387	3.6776e-010
22388	3.8221e-010
22389	3.8116e-010
22390	4.0199e-010
22391	4.0086e-010
22392	4.131e-010
22393	4.2697e-010
22394	4.2879e-010
22395	4.4303e-010
22396	4.5501e-010
22397	4.6008e-010
22398	4.7059e-010
22399	4.8966e-010
22400	4.9147e-010
22401	5.0456e-010
22402	5.1572e-010
22403	5.3265e-010
22404	5.3982e-010
22405	5.5217e-010
22406	5.6439e-010
22407	5.7803e-010
22408	5.9147e-010
22409	6.0405e-010
22410	6.1962e-010
22411	6.3133e-010
22412	6.4591e-010
22413	6.6065e-010
22414	6.7568e-010
22415	6.9119e-010
22416	7.0481e-010
22417	7.2646e-010
22418	7.3847e-010
22419	7.5662e-010
22420	7.7369e-010
22421	7.8746e-010
22422	8.037e-010
22423	8.3029e-010
22424	8.5831e-010
22425	8.541e-010
22426	8.5288e-010
22427	8.6097e-010
22428	8.3651e-010
22429	8.0643e-010
22430	7.8989e-010
22431	7.7936e-010
22432	7.6386e-010
22433	7.4402e-010
22434	7.4121e-010
22435	7.0981e-010
22436	7.0035e-010
22437	6.8529e-010
22438	6.7083e-010
22439	6.5584e-010
22440	6.4023e-010
22441	6.3774e-010
22442	6.1492e-010
22443	6.0601e-010
22444	5.9223e-010
22445	5.7311e-010
22446	5.6204e-010
22447	5.4666e-010
22448	5.8311e-010
22449	5.2321e-010
22450	5.1258e-010
22451	4.8624e-010
22452	5.684e-010
22453	4.7063e-010
22454	4.5617e-010
22455	4.7501e-010
22456	4.5838e-010
22457	4.0431e-010
22458	4.7767e-010
22459	4.1637e-010
22460	3.7685e-010
22461	4.8867e-010
22462	3.3766e-010
22463	4.3681e-010
22464	3.5865e-010
22465	3.679e-010
22466	3.7856e-010
22467	3.2362e-010
22468	3.8193e-010
22469	3.003e-010
22470	3.6803e-010
22471	2.9172e-010
22472	3.3685e-010
22473	2.9622e-010
22474	2.9257e-010
22475	3.1103e-010
22476	2.3808e-010
22477	3.4347e-010
22478	2.0451e-010
22479	2.8998e-010
22480	2.1813e-010
22481	1.9961e-010
22482	3.7963e-010
22483	2.1675e-010
22484	3.6286e-010
22485	6.3807e-010
22486	8.0732e-010
22487	7.5146e-010
22488	1.0799e-009
22489	2.1217e-009
22490	1.9169e-009
22491	6.6526e-011
22492	4.4307e-011
22493	1.1855e-010
22494	1.8223e-010
22495	1.8121e-010
22496	1.9125e-010
22497	1.9572e-010
22498	1.9566e-010
22499	2.1002e-010
22500	2.0691e-010
22501	2.1356e-010
22502	2.2284e-010
22503	2.2014e-010
22504	2.3488e-010
22505	2.3188e-010
22506	2.4228e-010
22507	2.4601e-010
22508	2.5127e-010
22509	2.5924e-010
22510	2.6178e-010
22511	2.7188e-010
22512	2.7386e-010
22513	2.8423e-010
22514	2.873e-010
22515	2.9628e-010
22516	3.0197e-010
22517	3.0803e-010
22518	3.1809e-010
22519	3.2056e-010
22520	3.3388e-010
22521	3.3634e-010
22522	3.4542e-010
22523	3.5542e-010
22524	3.5971e-010
22525	3.7007e-010
22526	3.7938e-010
22527	3.8541e-010
22528	3.9419e-010
22529	4.071e-010
22530	4.1191e-010
22531	4.2191e-010
22532	4.3133e-010
22533	4.4379e-010
22534	4.5149e-010
22535	4.6162e-010
22536	4.7185e-010
22537	4.8291e-010
22538	4.9414e-010
22539	5.0504e-010
22540	5.1746e-010
22541	5.2795e-010
22542	5.3986e-010
22543	5.5219e-010
22544	5.6468e-010
22545	5.7762e-010
22546	5.899e-010
22547	6.0591e-010
22548	6.1752e-010
22549	6.3206e-010
22550	6.461e-010
22551	6.5923e-010
22552	6.7361e-010
22553	6.9279e-010
22554	7.1221e-010
22555	7.1791e-010
22556	7.1763e-010
22557	7.1422e-010
22558	6.9678e-010
22559	6.7625e-010
22560	6.6228e-010
22561	6.5077e-010
22562	6.3771e-010
22563	6.2299e-010
22564	6.1592e-010
22565	5.9544e-010
22566	5.8526e-010
22567	5.7291e-010
22568	5.6074e-010
22569	5.4845e-010
22570	5.3638e-010
22571	5.3043e-010
22572	5.1504e-010
22573	5.061e-010
22574	4.9486e-010
22575	4.8128e-010
22576	4.7169e-010
22577	4.6119e-010
22578	4.7725e-010
22579	4.4174e-010
22580	4.3129e-010
22581	4.182e-010
22582	4.5794e-010
22583	4.0261e-010
22584	3.8993e-010
22585	3.825e-010
22586	3.8086e-010
22587	3.553e-010
22588	3.8603e-010
22589	3.5076e-010
22590	3.3179e-010
22591	3.8742e-010
22592	3.0642e-010
22593	3.5037e-010
22594	3.0924e-010
22595	3.0889e-010
22596	3.105e-010
22597	2.8035e-010
22598	3.0839e-010
22599	2.634e-010
22600	2.9708e-010
22601	2.5338e-010
22602	2.7518e-010
22603	2.502e-010
22604	2.4503e-010
22605	2.5248e-010
22606	2.0979e-010
22607	2.6962e-010
22608	1.8345e-010
22609	2.2573e-010
22610	1.7644e-010
22611	1.7805e-010
22612	2.8998e-010
22613	1.9538e-010
22614	3.1999e-010
22615	5.5907e-010
22616	6.8098e-010
22617	7.3233e-010
22618	9.1857e-010
22619	1.7183e-009
22620	1.6164e-009
22621	6.6471e-011
22622	4.4339e-011
22623	1.1863e-010
22624	1.8237e-010
22625	1.8141e-010
22626	1.915e-010
22627	1.9599e-010
22628	1.9589e-010
22629	2.1018e-010
22630	2.0709e-010
22631	2.137e-010
22632	2.2298e-010
22633	2.2032e-010
22634	2.3505e-010
22635	2.3202e-010
22636	2.4237e-010
22637	2.4607e-010
22638	2.5135e-010
22639	2.5937e-010
22640	2.6197e-010
22641	2.7208e-010
22642	2.7404e-010
22643	2.8435e-010
22644	2.8739e-010
22645	2.9635e-010
22646	3.0216e-010
22647	3.0821e-010
22648	3.1816e-010
22649	3.2062e-010
22650	3.3395e-010
22651	3.3639e-010
22652	3.4543e-010
22653	3.5545e-010
22654	3.5981e-010
22655	3.7021e-010
22656	3.795e-010
22657	3.8552e-010
22658	3.9432e-010
22659	4.0724e-010
22660	4.1187e-010
22661	4.2185e-010
22662	4.3144e-010
22663	4.4391e-010
22664	4.5164e-010
22665	4.6167e-010
22666	4.7196e-010
22667	4.8301e-010
22668	4.9411e-010
22669	5.0505e-010
22670	5.1748e-010
22671	5.2801e-010
22672	5.3998e-010
22673	5.5256e-010
22674	5.6505e-010
22675	5.7782e-010
22676	5.9037e-010
22677	6.0635e-010
22678	6.1823e-010
22679	6.3296e-010
22680	6.4704e-010
22681	6.6017e-010
22682	6.7479e-010
22683	6.9418e-010
22684	7.1353e-010
22685	7.1951e-010
22686	7.1927e-010
22687	7.1578e-010
22688	6.9817e-010
22689	6.7776e-010
22690	6.6371e-010
22691	6.521e-010
22692	6.3898e-010
22693	6.2411e-010
22694	6.1692e-010
22695	5.9638e-010
22696	5.8602e-010
22697	5.7361e-010
22698	5.6146e-010
22699	5.4923e-010
22700	5.3698e-010
22701	5.3092e-010
22702	5.1548e-010
22703	5.0646e-010
22704	4.9521e-010
22705	4.8147e-010
22706	4.7175e-010
22707	4.6279e-010
22708	4.723e-010
22709	4.4342e-010
22710	4.315e-010
22711	4.2018e-010
22712	4.5444e-010
22713	4.0481e-010
22714	3.9071e-010
22715	3.8343e-010
22716	3.8187e-010
22717	3.5621e-010
22718	3.8688e-010
22719	3.5155e-010
22720	3.3247e-010
22721	3.8805e-010
22722	3.0695e-010
22723	3.5088e-010
22724	3.0968e-010
22725	3.0926e-010
22726	3.1083e-010
22727	2.8062e-010
22728	3.0858e-010
22729	2.6349e-010
22730	2.9712e-010
22731	2.5333e-010
22732	2.7517e-010
22733	2.5017e-010
22734	2.4506e-010
22735	2.5255e-010
22736	2.0994e-010
22737	2.6987e-010
22738	1.8354e-010
22739	2.2587e-010
22740	1.7652e-010
22741	1.7803e-010
22742	2.9007e-010
22743	1.9538e-010
22744	3.2016e-010
22745	5.5926e-010
22746	6.8106e-010
22747	7.3208e-010
22748	9.1848e-010
22749	1.7185e-009
22750	1.6166e-009
22751	1.3765e-010
22752	1.0555e-010
22753	1.6707e-010
22754	2.1913e-010
22755	2.1635e-010
22756	2.2988e-010
22757	2.3494e-010
22758	2.3292e-010
22759	2.5353e-010
22760	2.4657e-010
22761	2.5527e-010
22762	2.6827e-010
22763	2.6127e-010
22764	2.8362e-010
22765	2.7571e-010
22766	2.9079e-010
22767	2.9416e-010
22768	3.0023e-010
22769	3.1112e-010
22770	3.1209e-010
22771	3.2681e-010
22772	3.2623e-010
22773	3.4146e-010
22774	3.4265e-010
22775	3.5517e-010
22776	3.6133e-010
22777	3.6778e-010
22778	3.8215e-010
22779	3.8112e-010
22780	4.0192e-010
22781	4.0074e-010
22782	4.1293e-010
22783	4.2682e-010
22784	4.2865e-010
22785	4.4288e-010
22786	4.5488e-010
22787	4.5994e-010
22788	4.7075e-010
22789	4.8905e-010
22790	4.9166e-010
22791	5.0444e-010
22792	5.1553e-010
22793	5.3236e-010
22794	5.3949e-010
22795	5.5171e-010
22796	5.6397e-010
22797	5.7775e-010
22798	5.9099e-010
22799	6.0348e-010
22800	6.1931e-010
22801	6.312e-010
22802	6.4573e-010
22803	6.6056e-010
22804	6.755e-010
22805	6.911e-010
22806	7.0482e-010
22807	7.2644e-010
22808	7.3873e-010
22809	7.5709e-010
22810	7.7387e-010
22811	7.8776e-010
22812	8.0444e-010
22813	8.3121e-010
22814	8.592e-010
22815	8.5533e-010
22816	8.5405e-010
22817	8.6192e-010
22818	8.3749e-010
22819	8.0743e-010
22820	7.909e-010
22821	7.8041e-010
22822	7.6485e-010
22823	7.4512e-010
22824	7.4232e-010
22825	7.1099e-010
22826	7.0145e-010
22827	6.8644e-010
22828	6.7201e-010
22829	6.5712e-010
22830	6.4144e-010
22831	6.3896e-010
22832	6.1606e-010
22833	6.0723e-010
22834	5.9347e-010
22835	5.7437e-010
22836	5.6299e-010
22837	5.4865e-010
22838	5.8012e-010
22839	5.2502e-010
22840	5.127e-010
22841	4.8941e-010
22842	5.6099e-010
22843	4.7368e-010
22844	4.5635e-010
22845	4.7601e-010
22846	4.5942e-010
22847	4.0496e-010
22848	4.7853e-010
22849	4.1706e-010
22850	3.7738e-010
22851	4.8946e-010
22852	3.3795e-010
22853	4.3733e-010
22854	3.5894e-010
22855	3.6822e-010
22856	3.7891e-010
22857	3.2387e-010
22858	3.8221e-010
22859	3.0052e-010
22860	3.6831e-010
22861	2.9196e-010
22862	3.3704e-010
22863	2.9632e-010
22864	2.9258e-010
22865	3.1102e-010
22866	2.3805e-010
22867	3.4378e-010
22868	2.0453e-010
22869	2.9029e-010
22870	2.184e-010
22871	1.9973e-010
22872	3.7972e-010
22873	2.1674e-010
22874	3.6294e-010
22875	6.3824e-010
22876	8.0717e-010
22877	7.5088e-010
22878	1.0796e-009
22879	2.1222e-009
22880	1.9175e-009
22881	6.6471e-011
22882	4.4339e-011
22883	1.1863e-010
22884	1.8237e-010
22885	1.8141e-010
22886	1.915e-010
22887	1.9599e-010
22888	1.9588e-010
22889	2.1018e-010
22890	2.0709e-010
22891	2.137e-010
22892	2.2298e-010
22893	2.2033e-010
22894	2.3505e-010
22895	2.3201e-010
22896	2.4237e-010
22897	2.4607e-010
22898	2.5135e-010
22899	2.5937e-010
22900	2.6197e-010
22901	2.7208e-010
22902	2.7404e-010
22903	2.8435e-010
22904	2.8738e-010
22905	2.9636e-010
22906	3.0216e-010
22907	3.0821e-010
22908	3.1815e-010
22909	3.2062e-010
22910	3.3394e-010
22911	3.3639e-010
22912	3.4543e-010
22913	3.5545e-010
22914	3.5981e-010
22915	3.7022e-010
22916	3.795e-010
22917	3.8549e-010
22918	3.9453e-010
22919	4.0658e-010
22920	4.1208e-010
22921	4.218e-010
22922	4.3144e-010
22923	4.4391e-010
22924	4.5163e-010
22925	4.6167e-010
22926	4.7196e-010
22927	4.8301e-010
22928	4.9411e-010
22929	5.0505e-010
22930	5.1748e-010
22931	5.2801e-010
22932	5.3998e-010
22933	5.5256e-010
22934	5.6504e-010
22935	5.7782e-010
22936	5.9038e-010
22937	6.0635e-010
22938	6.1823e-010
22939	6.3296e-010
22940	6.4704e-010
22941	6.6017e-010
22942	6.7479e-010
22943	6.9418e-010
22944	7.1353e-010
22945	7.195e-010
22946	7.1928e-010
22947	7.1578e-010
22948	6.9817e-010
22949	6.7776e-010
22950	6.6371e-010
22951	6.521e-010
22952	6.3896e-010
22953	6.2411e-010
22954	6.1693e-010
22955	5.9637e-010
22956	5.8602e-010
22957	5.7361e-010
22958	5.6148e-010
22959	5.4922e-010
22960	5.3698e-010
22961	5.3093e-010
22962	5.1549e-010
22963	5.0647e-010
22964	4.9518e-010
22965	4.8151e-010
22966	4.7162e-010
22967	4.6315e-010
22968	4.7246e-010
22969	4.437e-010
22970	4.3122e-010
22971	4.2051e-010
22972	4.518e-010
22973	4.051e-010
22974	3.9057e-010
22975	3.834e-010
22976	3.8188e-010
22977	3.5619e-010
22978	3.8688e-010
22979	3.5155e-010
22980	3.3247e-010
22981	3.8805e-010
22982	3.0695e-010
22983	3.5088e-010
22984	3.0968e-010
22985	3.0926e-010
22986	3.1084e-010
22987	2.8062e-010
22988	3.0858e-010
22989	2.6349e-010
22990	2.9712e-010
22991	2.5334e-010
22992	2.7516e-010
22993	2.5017e-010
22994	2.4506e-010
22995	2.5255e-010
22996	2.0994e-010
22997	2.6987e-010
22998	1.8354e-010
22999	2.2587e-010
23000	1.7652e-010
23001	1.7803e-010
23002	2.9007e-010
23003	1.9538e-010
23004	3.2016e-010
23005	5.5926e-010
23006	6.8104e-010
23007	7.3208e-010
23008	9.1848e-010
23009	1.7185e-009
23010	1.6166e-009
23011	6.6526e-011
23012	4.4307e-011
23013	1.1855e-010
23014	1.8223e-010
23015	1.8121e-010
23016	1.9125e-010
23017	1.9572e-010
23018	1.9566e-010
23019	2.1002e-010
23020	2.0691e-010
23021	2.1356e-010
23022	2.2284e-010
23023	2.2014e-010
23024	2.3488e-010
23025	2.3188e-010
23026	2.4228e-010
23027	2.4601e-010
23028	2.5126e-010
23029	2.5924e-010
23030	2.6178e-010
23031	2.7188e-010
23032	2.7385e-010
23033	2.8423e-010
23034	2.873e-010
23035	2.9627e-010
23036	3.0197e-010
23037	3.0803e-010
23038	3.181e-010
23039	3.2056e-010
23040	3.3389e-010
23041	3.3634e-010
23042	3.4542e-010
23043	3.5543e-010
23044	3.5972e-010
23045	3.7008e-010
23046	3.7939e-010
23047	3.8536e-010
23048	3.9441e-010
23049	4.0667e-010
23050	4.1212e-010
23051	4.2186e-010
23052	4.3133e-010
23053	4.4379e-010
23054	4.5147e-010
23055	4.616e-010
23056	4.7185e-010
23057	4.829e-010
23058	4.9414e-010
23059	5.0505e-010
23060	5.1746e-010
23061	5.2791e-010
23062	5.3986e-010
23063	5.5219e-010
23064	5.6469e-010
23065	5.7763e-010
23066	5.8989e-010
23067	6.0591e-010
23068	6.1752e-010
23069	6.3205e-010
23070	6.4611e-010
23071	6.5922e-010
23072	6.7361e-010
23073	6.9279e-010
23074	7.1221e-010
23075	7.1791e-010
23076	7.1764e-010
23077	7.1423e-010
23078	6.9678e-010
23079	6.7626e-010
23080	6.6226e-010
23081	6.5078e-010
23082	6.3772e-010
23083	6.23e-010
23084	6.1592e-010
23085	5.9544e-010
23086	5.8526e-010
23087	5.729e-010
23088	5.6072e-010
23089	5.4843e-010
23090	5.3639e-010
23091	5.3045e-010
23092	5.1503e-010
23093	5.0606e-010
23094	4.9482e-010
23095	4.8124e-010
23096	4.7128e-010
23097	4.6284e-010
23098	4.7166e-010
23099	4.4317e-010
23100	4.308e-010
23101	4.1833e-010
23102	4.5545e-010
23103	4.0281e-010
23104	3.8983e-010
23105	3.8246e-010
23106	3.8082e-010
23107	3.5531e-010
23108	3.8603e-010
23109	3.5075e-010
23110	3.3179e-010
23111	3.8741e-010
23112	3.064e-010
23113	3.5037e-010
23114	3.0925e-010
23115	3.0888e-010
23116	3.1051e-010
23117	2.8035e-010
23118	3.0839e-010
23119	2.634e-010
23120	2.9708e-010
23121	2.5339e-010
23122	2.7519e-010
23123	2.502e-010
23124	2.4503e-010
23125	2.5247e-010
23126	2.0978e-010
23127	2.6962e-010
23128	1.8345e-010
23129	2.2573e-010
23130	1.7643e-010
23131	1.7805e-010
23132	2.8997e-010
23133	1.9538e-010
23134	3.1999e-010
23135	5.5907e-010
23136	6.8098e-010
23137	7.3233e-010
23138	9.1857e-010
23139	1.7183e-009
23140	1.6164e-009
23141	1.3769e-010
23142	1.0554e-010
23143	1.6706e-010
23144	2.1911e-010
23145	2.163e-010
23146	2.2981e-010
23147	2.3486e-010
23148	2.3288e-010
23149	2.5353e-010
23150	2.4659e-010
23151	2.5534e-010
23152	2.6835e-010
23153	2.6134e-010
23154	2.8369e-010
23155	2.7579e-010
23156	2.9091e-010
23157	2.943e-010
23158	3.0036e-010
23159	3.1124e-010
23160	3.1215e-010
23161	3.2688e-010
23162	3.2633e-010
23163	3.4157e-010
23164	3.4274e-010
23165	3.5522e-010
23166	3.613e-010
23167	3.6776e-010
23168	3.8221e-010
23169	3.8116e-010
23170	4.0199e-010
23171	4.0086e-010
23172	4.1309e-010
23173	4.2698e-010
23174	4.2879e-010
23175	4.4303e-010
23176	4.5501e-010
23177	4.5998e-010
23178	4.7107e-010
23179	4.8882e-010
23180	4.9199e-010
23181	5.0445e-010
23182	5.1571e-010
23183	5.3265e-010
23184	5.3982e-010
23185	5.5217e-010
23186	5.6439e-010
23187	5.7803e-010
23188	5.9148e-010
23189	6.0404e-010
23190	6.1962e-010
23191	6.3132e-010
23192	6.4591e-010
23193	6.6065e-010
23194	6.7568e-010
23195	6.9119e-010
23196	7.0481e-010
23197	7.2646e-010
23198	7.3848e-010
23199	7.5662e-010
23200	7.7369e-010
23201	7.8746e-010
23202	8.037e-010
23203	8.3029e-010
23204	8.5831e-010
23205	8.541e-010
23206	8.5288e-010
23207	8.6097e-010
23208	8.365e-010
23209	8.0643e-010
23210	7.8989e-010
23211	7.7936e-010
23212	7.6386e-010
23213	7.4402e-010
23214	7.4121e-010
23215	7.0981e-010
23216	7.0035e-010
23217	6.8529e-010
23218	6.7084e-010
23219	6.5584e-010
23220	6.402e-010
23221	6.3775e-010
23222	6.1489e-010
23223	6.0601e-010
23224	5.9223e-010
23225	5.7303e-010
23226	5.6173e-010
23227	5.4784e-010
23228	5.7765e-010
23229	5.2424e-010
23230	5.1198e-010
23231	4.8721e-010
23232	5.672e-010
23233	4.7163e-010
23234	4.5589e-010
23235	4.7503e-010
23236	4.5838e-010
23237	4.0432e-010
23238	4.7767e-010
23239	4.1638e-010
23240	3.7685e-010
23241	4.8867e-010
23242	3.3766e-010
23243	4.3681e-010
23244	3.5865e-010
23245	3.679e-010
23246	3.7856e-010
23247	3.2362e-010
23248	3.8193e-010
23249	3.0029e-010
23250	3.6803e-010
23251	2.9172e-010
23252	3.3685e-010
23253	2.9622e-010
23254	2.9256e-010
23255	3.1104e-010
23256	2.3808e-010
23257	3.4347e-010
23258	2.0451e-010
23259	2.8998e-010
23260	2.1813e-010
23261	1.9961e-010
23262	3.7963e-010
23263	2.1674e-010
23264	3.6287e-010
23265	6.3807e-010
23266	8.0732e-010
23267	7.5146e-010
23268	1.0799e-009
23269	2.1217e-009
23270	1.917e-009
23271	6.6427e-011
23272	4.4378e-011
23273	1.1869e-010
23274	1.8239e-010
23275	1.8132e-010
23276	1.9131e-010
23277	1.9581e-010
23278	1.958e-010
23279	2.1019e-010
23280	2.0713e-010
23281	2.1376e-010
23282	2.2302e-010
23283	2.2036e-010
23284	2.3505e-010
23285	2.3205e-010
23286	2.4242e-010
23287	2.4612e-010
23288	2.5137e-010
23289	2.5935e-010
23290	2.6198e-010
23291	2.7217e-010
23292	2.7421e-010
23293	2.8459e-010
23294	2.8758e-010
23295	2.9647e-010
23296	3.0215e-010
23297	3.0821e-010
23298	3.1826e-010
23299	3.2075e-010
23300	3.3405e-010
23301	3.365e-010
23302	3.4571e-010
23303	3.558e-010
23304	3.6004e-010
23305	3.7029e-010
23306	3.7958e-010
23307	3.8554e-010
23308	3.9466e-010
23309	4.0711e-010
23310	4.1264e-010
23311	4.2249e-010
23312	4.3209e-010
23313	4.4431e-010
23314	4.5189e-010
23315	4.6207e-010
23316	4.7247e-010
23317	4.8355e-010
23318	4.9462e-010
23319	5.0534e-010
23320	5.1755e-010
23321	5.2836e-010
23322	5.4041e-010
23323	5.5266e-010
23324	5.6522e-010
23325	5.7784e-010
23326	5.9003e-010
23327	6.0593e-010
23328	6.177e-010
23329	6.3234e-010
23330	6.4654e-010
23331	6.5947e-010
23332	6.736e-010
23333	6.9266e-010
23334	7.1214e-010
23335	7.1816e-010
23336	7.1773e-010
23337	7.142e-010
23338	6.9652e-010
23339	6.7614e-010
23340	6.6215e-010
23341	6.5068e-010
23342	6.3761e-010
23343	6.227e-010
23344	6.1559e-010
23345	5.9506e-010
23346	5.8473e-010
23347	5.7234e-010
23348	5.6028e-010
23349	5.4789e-010
23350	5.3579e-010
23351	5.2981e-010
23352	5.1437e-010
23353	5.0531e-010
23354	4.9409e-010
23355	4.8045e-010
23356	4.704e-010
23357	4.6191e-010
23358	4.7092e-010
23359	4.4247e-010
23360	4.302e-010
23361	4.1728e-010
23362	4.5729e-010
23363	4.019e-010
23364	3.8941e-010
23365	3.8215e-010
23366	3.8037e-010
23367	3.549e-010
23368	3.8572e-010
23369	3.504e-010
23370	3.3148e-010
23371	3.8723e-010
23372	3.0615e-010
23373	3.5016e-010
23374	3.0906e-010
23375	3.0871e-010
23376	3.1034e-010
23377	2.8019e-010
23378	3.0828e-010
23379	2.6327e-010
23380	2.9694e-010
23381	2.5329e-010
23382	2.7515e-010
23383	2.5021e-010
23384	2.451e-010
23385	2.5254e-010
23386	2.098e-010
23387	2.6959e-010
23388	1.833e-010
23389	2.2554e-010
23390	1.7608e-010
23391	1.7758e-010
23392	2.9009e-010
23393	1.9477e-010
23394	3.1942e-010
23395	5.586e-010
23396	6.8116e-010
23397	7.3217e-010
23398	9.1863e-010
23399	1.7179e-009
23400	1.6154e-009
