cellnumber,    x-coordinate,    y-coordinate,    z-coordinate,    x-coordinate,    y-coordinate,    z-coordinate,face-area-magnitude,        pressure,  total-pressure,     temperature,         density,      z-velocity,velocity-magnitude,        enthalpy
         1,-4.485783633E-03,-3.691398539E-03, 0.000000000E+00,-4.503639405E-03,-3.697992161E-03, 5.000000000E-03, 1.312066148E-06, 4.360907713E+02, 7.706045250E+02, 3.000000000E+02, 1.176655108E+00, 2.350000000E+01, 2.350000000E+01, 1.862915775E+03
         2,-3.554408671E-03,-3.554408439E-03, 0.000000000E+00,-3.543657364E-03,-3.543657364E-03, 5.000000000E-03, 7.473309248E-07, 4.355995915E+02, 7.695554604E+02, 3.000000000E+02, 1.176655108E+00, 2.350000000E+01, 2.350000000E+01, 1.862915775E+03
         3,-3.691398539E-03,-4.485783633E-03, 0.000000000E+00,-3.697992161E-03,-4.503639405E-03, 5.000000000E-03, 1.312066148E-06, 4.360907713E+02, 7.706045250E+02, 3.000000000E+02, 1.176655108E+00, 2.350000000E+01, 2.350000000E+01, 1.862915775E+03
         4,-4.917705897E-03,-2.644976368E-03, 0.000000000E+00,-4.939517941E-03,-2.644103474E-03, 5.000000000E-03, 1.330622165E-06, 4.359770989E+02, 7.703808718E+02, 3.000000000E+02, 1.176655108E+00, 2.350000000E+01, 2.350000000E+01, 1.862915775E+03
         5,-5.266109947E-03,-4.329360556E-03, 0.000000000E+00,-5.276769207E-03,-4.330070014E-03, 5.000000000E-03, 1.167921481E-06, 4.368115703E+02, 7.717713189E+02, 3.000000000E+02, 1.176655108E+00, 2.350000000E+01, 2.350000000E+01, 1.862915775E+03
         6,-2.523129340E-03,-3.853416303E-03, 0.000000000E+00,-2.521508169E-03,-3.842110734E-03, 5.000000000E-03, 1.106049030E-06, 4.354395743E+02, 7.691899158E+02, 3.000000000E+02, 1.176655108E+00, 2.350000000E+01, 2.350000000E+01, 1.862915775E+03
         7,-3.853416070E-03,-2.523129340E-03, 0.000000000E+00,-3.842110734E-03,-2.521508169E-03, 5.000000000E-03, 1.106049030E-06, 4.354395743E+02, 7.691899158E+02, 3.000000000E+02, 1.176655108E+00, 2.350000000E+01, 2.350000000E+01, 1.862915775E+03
         8,-2.644976368E-03,-4.917705897E-03, 0.000000000E+00,-2.644103474E-03,-4.939517941E-03, 5.000000000E-03, 1.330622165E-06, 4.359770989E+02, 7.703808718E+02, 3.000000000E+02, 1.176655108E+00, 2.350000000E+01, 2.350000000E+01, 1.862915775E+03
         9,-4.329360556E-03,-5.266110413E-03, 0.000000000E+00,-4.330070014E-03,-5.276769207E-03, 5.000000000E-03, 1.167921481E-06, 4.368115703E+02, 7.717713189E+02, 3.000000000E+02, 1.176655108E+00, 2.350000000E+01, 2.350000000E+01, 1.862915775E+03
        10,-5.095477216E-03,-1.556907315E-03, 0.000000000E+00,-5.120675468E-03,-1.556449729E-03, 5.000000000E-03, 1.343480559E-06, 4.358250939E+02, 7.701039691E+02, 3.000000000E+02, 1.176655108E+00, 2.350000000E+01, 2.350000000E+01, 1.862915775E+03
        11,-5.856658332E-03,-3.142864676E-03, 0.000000000E+00,-5.869487332E-03,-3.137228433E-03, 5.000000000E-03, 1.201150364E-06, 4.366958590E+02, 7.715965725E+02, 3.000000000E+02, 1.176655108E+00, 2.350000000E+01, 2.350000000E+01, 1.862915775E+03
        12,-5.858068820E-03,-4.813320469E-03, 0.000000000E+00,-5.865412459E-03,-4.811319556E-03, 5.000000000E-03, 9.853072991E-07, 4.374518916E+02, 7.724498380E+02, 3.000000000E+02, 1.176655108E+00, 2.350000000E+01, 2.350000000E+01, 1.862915775E+03
        13,-1.469384297E-03,-3.940104973E-03, 0.000000000E+00,-1.470582054E-03,-3.928512955E-03, 5.000000000E-03, 1.102273861E-06, 4.352319334E+02, 7.688347064E+02, 3.000000000E+02, 1.176655108E+00, 2.350000000E+01, 2.350000000E+01, 1.862915775E+03
        14,-2.736706054E-03,-2.736706054E-03, 0.000000000E+00,-2.733218913E-03,-2.733218913E-03, 5.000000000E-03, 1.364230480E-06, 4.351327449E+02, 7.683806134E+02, 3.000000000E+02, 1.176655108E+00, 2.350000000E+01, 2.350000000E+01, 1.862915775E+03
        15,-3.940105438E-03,-1.469384413E-03, 0.000000000E+00,-3.928512955E-03,-1.470582054E-03, 5.000000000E-03, 1.102273861E-06, 4.352319334E+02, 7.688347064E+02, 3.000000000E+02, 1.176655108E+00, 2.350000000E+01, 2.350000000E+01, 1.862915775E+03
        16,-1.556907315E-03,-5.095477216E-03, 0.000000000E+00,-1.556449729E-03,-5.120675468E-03, 5.000000000E-03, 1.343480559E-06, 4.358250939E+02, 7.701039691E+02, 3.000000000E+02, 1.176655108E+00, 2.350000000E+01, 2.350000000E+01, 1.862915775E+03
        17,-3.142864676E-03,-5.856657866E-03, 0.000000000E+00,-3.137228433E-03,-5.869487332E-03, 5.000000000E-03, 1.201150364E-06, 4.366958590E+02, 7.715965725E+02, 3.000000000E+02, 1.176655108E+00, 2.350000000E+01, 2.350000000E+01, 1.862915775E+03
        18,-4.813320469E-03,-5.858068820E-03, 0.000000000E+00,-4.811319556E-03,-5.865412459E-03, 5.000000000E-03, 9.853072991E-07, 4.374518916E+02, 7.724498380E+02, 3.000000000E+02, 1.176655108E+00, 2.350000000E+01, 2.350000000E+01, 1.862915775E+03
        19,-5.156019237E-03,-5.115598324E-04, 0.000000000E+00,-5.183972190E-03,-5.116930614E-04, 5.000000000E-03, 1.347368789E-06, 4.357471063E+02, 7.699545679E+02, 3.000000000E+02, 1.176655108E+00, 2.350000000E+01, 2.350000000E+01, 1.862915775E+03
        20,-6.172826979E-03,-1.880989992E-03, 0.000000000E+00,-6.185745951E-03,-1.876838580E-03, 5.000000000E-03, 1.234147984E-06, 4.365585926E+02, 7.713655319E+02, 3.000000000E+02, 1.176655108E+00, 2.350000000E+01, 2.350000000E+01, 1.862915775E+03
        21,-6.568950601E-03,-3.520564176E-03, 0.000000000E+00,-6.577791550E-03,-3.512813364E-03, 5.000000000E-03, 1.021536535E-06, 4.373539164E+02, 7.723910594E+02, 3.000000000E+02, 1.176655108E+00, 2.350000000E+01, 2.350000000E+01, 1.862915775E+03
        22,-6.307130214E-03,-5.180453416E-03, 0.000000000E+00,-6.312837649E-03,-5.177115252E-03, 5.000000000E-03, 8.046128265E-07, 4.380075184E+02, 7.724309936E+02, 3.000000000E+02, 1.176655108E+00, 2.350000000E+01, 2.350000000E+01, 1.862915775E+03
        23,-4.796315916E-04,-3.954332788E-03, 0.000000000E+00,-4.803073256E-04,-3.942117668E-03, 5.000000000E-03, 1.045089492E-06, 4.351364593E+02, 7.686571444E+02, 3.000000000E+02, 1.176655108E+00, 2.350000000E+01, 2.350000000E+01, 1.862915775E+03
        24,-1.597530325E-03,-2.798626898E-03, 0.000000000E+00,-1.597082079E-03,-2.794821720E-03, 5.000000000E-03, 1.322777871E-06, 4.348754709E+02, 7.678931289E+02, 3.000000000E+02, 1.176655108E+00, 2.350000000E+01, 2.350000000E+01, 1.862915775E+03
        25,-2.798627131E-03,-1.597530325E-03, 0.000000000E+00,-2.794821720E-03,-1.597082079E-03, 5.000000000E-03, 1.322777871E-06, 4.348754709E+02, 7.678931289E+02, 3.000000000E+02, 1.176655108E+00, 2.350000000E+01, 2.350000000E+01, 1.862915775E+03
        26,-3.954333253E-03,-4.796315916E-04, 0.000000000E+00,-3.942117668E-03,-4.803073256E-04, 5.000000000E-03, 1.045089492E-06, 4.351364593E+02, 7.686571444E+02, 3.000000000E+02, 1.176655108E+00, 2.350000000E+01, 2.350000000E+01, 1.862915775E+03
        27,-5.115598324E-04,-5.156019703E-03, 0.000000000E+00,-5.116930614E-04,-5.183972190E-03, 5.000000000E-03, 1.347368789E-06, 4.357471063E+02, 7.699545679E+02, 3.000000000E+02, 1.176655108E+00, 2.350000000E+01, 2.350000000E+01, 1.862915775E+03
        28,-1.880989992E-03,-6.172826979E-03, 0.000000000E+00,-1.876838580E-03,-6.185745951E-03, 5.000000000E-03, 1.234147984E-06, 4.365585926E+02, 7.713655319E+02, 3.000000000E+02, 1.176655108E+00, 2.350000000E+01, 2.350000000E+01, 1.862915775E+03
        29,-3.520564409E-03,-6.568950601E-03, 0.000000000E+00,-3.512813364E-03,-6.577791550E-03, 5.000000000E-03, 1.021536535E-06, 4.373539164E+02, 7.723910594E+02, 3.000000000E+02, 1.176655108E+00, 2.350000000E+01, 2.350000000E+01, 1.862915775E+03
        30,-5.180453882E-03,-6.307130679E-03, 0.000000000E+00,-5.177115252E-03,-6.312837649E-03, 5.000000000E-03, 8.046128265E-07, 4.380075184E+02, 7.724309936E+02, 3.000000000E+02, 1.176655108E+00, 2.350000000E+01, 2.350000000E+01, 1.862915775E+03
        31,-5.156019703E-03, 5.115598324E-04, 0.000000000E+00,-5.183972190E-03, 5.116930614E-04, 5.000000000E-03, 1.347368789E-06, 4.357471063E+02, 7.699545679E+02, 3.000000000E+02, 1.176655108E+00, 2.350000000E+01, 2.350000000E+01, 1.862915775E+03
        32,-6.311243866E-03,-6.244304241E-04, 0.000000000E+00,-6.324492595E-03,-6.231270143E-04, 5.000000000E-03, 1.251066125E-06, 4.364866746E+02, 7.712339554E+02, 3.000000000E+02, 1.176655108E+00, 2.350000000E+01, 2.350000000E+01, 1.862915775E+03
        33,-6.990108173E-03,-2.126840176E-03, 0.000000000E+00,-6.997621221E-03,-2.121062591E-03, 5.000000000E-03, 1.059944599E-06, 4.372377763E+02, 7.722663853E+02, 3.000000000E+02, 1.176655108E+00, 2.350000000E+01, 2.350000000E+01, 1.862915775E+03
        34,-7.109297439E-03,-3.807088127E-03, 0.000000000E+00,-7.116240307E-03,-3.798330849E-03, 5.000000000E-03, 8.384391923E-07, 4.379363729E+02, 7.725452430E+02, 3.000000000E+02, 1.176655108E+00, 2.350000000E+01, 2.350000000E+01, 1.862915775E+03
        35,-6.647789851E-03,-5.458962638E-03, 0.000000000E+00,-6.652656544E-03,-5.454936644E-03, 5.000000000E-03, 6.432736514E-07, 4.384717011E+02, 7.714538714E+02, 3.000000000E+02, 1.176655108E+00, 2.350000000E+01, 2.350000000E+01, 1.862915775E+03
        36, 4.796315916E-04,-3.954332788E-03, 0.000000000E+00, 4.803073256E-04,-3.942117668E-03, 5.000000000E-03, 1.045089492E-06, 4.351364593E+02, 7.686571444E+02, 3.000000000E+02, 1.176655108E+00, 2.350000000E+01, 2.350000000E+01, 1.862915775E+03
        37,-5.223469343E-04,-2.808789490E-03, 0.000000000E+00,-5.223817179E-04,-2.804778258E-03, 5.000000000E-03, 1.255189159E-06, 4.347593375E+02, 7.676794071E+02, 3.000000000E+02, 1.176655108E+00, 2.350000000E+01, 2.350000000E+01, 1.862915775E+03
        38,-1.634682878E-03,-1.634682878E-03, 0.000000000E+00,-1.634041989E-03,-1.634041989E-03, 5.000000000E-03, 1.277764520E-06, 4.346036283E+02, 7.672789833E+02, 3.000000000E+02, 1.176655108E+00, 2.350000000E+01, 2.350000000E+01, 1.862915775E+03
        39,-2.808789490E-03,-5.223469343E-04, 0.000000000E+00,-2.804778258E-03,-5.223817179E-04, 5.000000000E-03, 1.255189159E-06, 4.347593375E+02, 7.676794071E+02, 3.000000000E+02, 1.176655108E+00, 2.350000000E+01, 2.350000000E+01, 1.862915775E+03
        40,-3.954333253E-03, 4.796315916E-04, 0.000000000E+00,-3.942117668E-03, 4.803073256E-04, 5.000000000E-03, 1.045089492E-06, 4.351364593E+02, 7.686571444E+02, 3.000000000E+02, 1.176655108E+00, 2.350000000E+01, 2.350000000E+01, 1.862915775E+03
        41, 5.115598324E-04,-5.156019237E-03, 0.000000000E+00, 5.116930614E-04,-5.183972190E-03, 5.000000000E-03, 1.347368789E-06, 4.357471063E+02, 7.699545679E+02, 3.000000000E+02, 1.176655108E+00, 2.350000000E+01, 2.350000000E+01, 1.862915775E+03
        42,-6.244304241E-04,-6.311243866E-03, 0.000000000E+00,-6.231270143E-04,-6.324492595E-03, 5.000000000E-03, 1.251066125E-06, 4.364866746E+02, 7.712339554E+02, 3.000000000E+02, 1.176655108E+00, 2.350000000E+01, 2.350000000E+01, 1.862915775E+03
        43,-2.126840176E-03,-6.990108173E-03, 0.000000000E+00,-2.121062591E-03,-6.997621221E-03, 5.000000000E-03, 1.059944599E-06, 4.372377763E+02, 7.722663853E+02, 3.000000000E+02, 1.176655108E+00, 2.350000000E+01, 2.350000000E+01, 1.862915775E+03
        44,-3.807088127E-03,-7.109297439E-03, 0.000000000E+00,-3.798330849E-03,-7.116240307E-03, 5.000000000E-03, 8.384391923E-07, 4.379363729E+02, 7.725452430E+02, 3.000000000E+02, 1.176655108E+00, 2.350000000E+01, 2.350000000E+01, 1.862915775E+03
        45,-5.458962638E-03,-6.647789851E-03, 0.000000000E+00,-5.454936644E-03,-6.652656544E-03, 5.000000000E-03, 6.432736514E-07, 4.384717011E+02, 7.714538714E+02, 3.000000000E+02, 1.176655108E+00, 2.350000000E+01, 2.350000000E+01, 1.862915775E+03
        46,-5.095477216E-03, 1.556907315E-03, 0.000000000E+00,-5.120675468E-03, 1.556449729E-03, 5.000000000E-03, 1.343480559E-06, 4.358250939E+02, 7.701039691E+02, 3.000000000E+02, 1.176655108E+00, 2.350000000E+01, 2.350000000E+01, 1.862915775E+03
        47,-6.311243866E-03, 6.244304241E-04, 0.000000000E+00,-6.324492595E-03, 6.231270143E-04, 5.000000000E-03, 1.251066125E-06, 4.364866746E+02, 7.712339554E+02, 3.000000000E+02, 1.176655108E+00, 2.350000000E+01, 2.350000000E+01, 1.862915775E+03
        48,-7.187600713E-03,-7.100544753E-04, 0.000000000E+00,-7.194402669E-03,-7.081211256E-04, 5.000000000E-03, 1.080817339E-06, 4.371773196E+02, 7.721865301E+02, 3.000000000E+02, 1.176655108E+00, 2.350000000E+01, 2.350000000E+01, 1.862915775E+03
        49,-7.610100321E-03,-2.313342877E-03, 0.000000000E+00,-7.615019912E-03,-2.306785190E-03, 5.000000000E-03, 8.752732537E-07, 4.378488267E+02, 7.725903718E+02, 3.000000000E+02, 1.176655108E+00, 2.350000000E+01, 2.350000000E+01, 1.862915775E+03
        50,-7.519206498E-03,-4.024446476E-03, 0.000000000E+00,-7.525214847E-03,-4.015193420E-03, 5.000000000E-03, 6.725845579E-07, 4.384334487E+02, 7.717993454E+02, 3.000000000E+02, 1.176655108E+00, 2.350000000E+01, 2.350000000E+01, 1.862915775E+03
        51,-6.906215101E-03,-5.670240149E-03, 0.000000000E+00,-6.910639915E-03,-5.665852812E-03, 5.000000000E-03, 5.069179586E-07, 4.388518086E+02, 7.690275439E+02, 3.000000000E+02, 1.176655108E+00, 2.350000000E+01, 2.350000000E+01, 1.862915775E+03
        52, 1.469384297E-03,-3.940105438E-03, 0.000000000E+00, 1.470582054E-03,-3.928512955E-03, 5.000000000E-03, 1.102273861E-06, 4.352319334E+02, 7.688347064E+02, 3.000000000E+02, 1.176655108E+00, 2.350000000E+01, 2.350000000E+01, 1.862915775E+03
        53, 5.223469343E-04,-2.808789490E-03, 0.000000000E+00, 5.223817179E-04,-2.804778258E-03, 5.000000000E-03, 1.255189159E-06, 4.347593375E+02, 7.676794071E+02, 3.000000000E+02, 1.176655108E+00, 2.350000000E+01, 2.350000000E+01, 1.862915775E+03
        54,-5.347310798E-04,-1.640780480E-03, 0.000000000E+00,-5.346984718E-04,-1.640100541E-03, 5.000000000E-03, 1.213309178E-06, 4.344839936E+02, 7.670251453E+02, 3.000000000E+02, 1.176655108E+00, 2.350000000E+01, 2.350000000E+01, 1.862915775E+03
        55,-1.640780480E-03,-5.347310798E-04, 0.000000000E+00,-1.640100541E-03,-5.346984718E-04, 5.000000000E-03, 1.213309178E-06, 4.344839936E+02, 7.670251453E+02, 3.000000000E+02, 1.176655108E+00, 2.350000000E+01, 2.350000000E+01, 1.862915775E+03
        56,-2.808789723E-03, 5.223469343E-04, 0.000000000E+00,-2.804778258E-03, 5.223817179E-04, 5.000000000E-03, 1.255189159E-06, 4.347593375E+02, 7.676794071E+02, 3.000000000E+02, 1.176655108E+00, 2.350000000E+01, 2.350000000E+01, 1.862915775E+03
        57,-3.940105438E-03, 1.469384297E-03, 0.000000000E+00,-3.928512955E-03, 1.470582054E-03, 5.000000000E-03, 1.102273861E-06, 4.352319334E+02, 7.688347064E+02, 3.000000000E+02, 1.176655108E+00, 2.350000000E+01, 2.350000000E+01, 1.862915775E+03
        58, 1.556907315E-03,-5.095477216E-03, 0.000000000E+00, 1.556449729E-03,-5.120675468E-03, 5.000000000E-03, 1.343480559E-06, 4.358250939E+02, 7.701039691E+02, 3.000000000E+02, 1.176655108E+00, 2.350000000E+01, 2.350000000E+01, 1.862915775E+03
        59, 6.244304241E-04,-6.311243866E-03, 0.000000000E+00, 6.231270143E-04,-6.324492595E-03, 5.000000000E-03, 1.251066125E-06, 4.364866746E+02, 7.712339554E+02, 3.000000000E+02, 1.176655108E+00, 2.350000000E+01, 2.350000000E+01, 1.862915775E+03
        60,-7.100544753E-04,-7.187600713E-03, 0.000000000E+00,-7.081211256E-04,-7.194402669E-03, 5.000000000E-03, 1.080817339E-06, 4.371773196E+02, 7.721865301E+02, 3.000000000E+02, 1.176655108E+00, 2.350000000E+01, 2.350000000E+01, 1.862915775E+03
        61,-2.313342877E-03,-7.610100321E-03, 0.000000000E+00,-2.306785190E-03,-7.615019912E-03, 5.000000000E-03, 8.752732537E-07, 4.378488267E+02, 7.725903718E+02, 3.000000000E+02, 1.176655108E+00, 2.350000000E+01, 2.350000000E+01, 1.862915775E+03
        62,-4.024446476E-03,-7.519206032E-03, 0.000000000E+00,-4.015193420E-03,-7.525214847E-03, 5.000000000E-03, 6.725845579E-07, 4.384334487E+02, 7.717993454E+02, 3.000000000E+02, 1.176655108E+00, 2.350000000E+01, 2.350000000E+01, 1.862915775E+03
        63,-5.670239683E-03,-6.906215101E-03, 0.000000000E+00,-5.665852812E-03,-6.910639915E-03, 5.000000000E-03, 5.069179586E-07, 4.388518086E+02, 7.690275439E+02, 3.000000000E+02, 1.176655108E+00, 2.350000000E+01, 2.350000000E+01, 1.862915775E+03
        64,-4.917705897E-03, 2.644976368E-03, 0.000000000E+00,-4.939517941E-03, 2.644103474E-03, 5.000000000E-03, 1.330622165E-06, 4.359770989E+02, 7.703808718E+02, 3.000000000E+02, 1.176655108E+00, 2.350000000E+01, 2.350000000E+01, 1.862915775E+03
        65,-6.172826979E-03, 1.880989992E-03, 0.000000000E+00,-6.185745951E-03, 1.876838580E-03, 5.000000000E-03, 1.234147984E-06, 4.365585926E+02, 7.713655319E+02, 3.000000000E+02, 1.176655108E+00, 2.350000000E+01, 2.350000000E+01, 1.862915775E+03
        66,-7.187600713E-03, 7.100544753E-04, 0.000000000E+00,-7.194402669E-03, 7.081211256E-04, 5.000000000E-03, 1.080817339E-06, 4.371773196E+02, 7.721865301E+02, 3.000000000E+02, 1.176655108E+00, 2.350000000E+01, 2.350000000E+01, 1.862915775E+03
        67,-7.852408104E-03,-7.750091027E-04, 0.000000000E+00,-7.856098237E-03,-7.727717469E-04, 5.000000000E-03, 8.957334135E-07, 4.378050211E+02, 7.725983036E+02, 3.000000000E+02, 1.176655108E+00, 2.350000000E+01, 2.350000000E+01, 1.862915775E+03
        68,-8.080428466E-03,-2.454824513E-03, 0.000000000E+00,-8.084043553E-03,-2.447874393E-03, 5.000000000E-03, 7.049567876E-07, 4.383793764E+02, 7.720815765E+02, 3.000000000E+02, 1.176655108E+00, 2.350000000E+01, 2.350000000E+01, 1.862915775E+03
        69,-7.830164395E-03,-4.189334810E-03, 0.000000000E+00,-7.835708473E-03,-4.179835567E-03, 5.000000000E-03, 5.312538700E-07, 4.388430870E+02, 7.697289349E+02, 3.000000000E+02, 1.176655108E+00, 2.350000000E+01, 2.350000000E+01, 1.862915775E+03
        70,-7.102257106E-03,-5.830515642E-03, 0.000000000E+00,-7.106446941E-03,-5.825936260E-03, 5.000000000E-03, 3.954425280E-07, 4.391419119E+02, 7.637863527E+02, 3.000000000E+02, 1.176655108E+00, 2.350000000E+01, 2.350000000E+01, 1.862915775E+03
        71, 2.523129573E-03,-3.853415838E-03, 0.000000000E+00, 2.521508169E-03,-3.842110734E-03, 5.000000000E-03, 1.106049030E-06, 4.354395743E+02, 7.691899158E+02, 3.000000000E+02, 1.176655108E+00, 2.350000000E+01, 2.350000000E+01, 1.862915775E+03
        72, 1.597530325E-03,-2.798626898E-03, 0.000000000E+00, 1.597082079E-03,-2.794821720E-03, 5.000000000E-03, 1.322777871E-06, 4.348754709E+02, 7.678931289E+02, 3.000000000E+02, 1.176655108E+00, 2.350000000E+01, 2.350000000E+01, 1.862915775E+03
        73, 5.347310798E-04,-1.640780480E-03, 0.000000000E+00, 5.346984718E-04,-1.640100541E-03, 5.000000000E-03, 1.213309178E-06, 4.344839936E+02, 7.670251453E+02, 3.000000000E+02, 1.176655108E+00, 2.350000000E+01, 2.350000000E+01, 1.862915775E+03
        74,-5.367636331E-04,-5.367636331E-04, 0.000000000E+00,-5.367269854E-04,-5.367269854E-04, 5.000000000E-03, 1.152460775E-06, 4.343650728E+02, 7.666728718E+02, 3.000000000E+02, 1.176655108E+00, 2.350000000E+01, 2.350000000E+01, 1.862915775E+03
        75,-1.640780480E-03, 5.347310798E-04, 0.000000000E+00,-1.640100541E-03, 5.346984718E-04, 5.000000000E-03, 1.213309178E-06, 4.344839936E+02, 7.670251453E+02, 3.000000000E+02, 1.176655108E+00, 2.350000000E+01, 2.350000000E+01, 1.862915775E+03
        76,-2.798626898E-03, 1.597530325E-03, 0.000000000E+00,-2.794821720E-03, 1.597082079E-03, 5.000000000E-03, 1.322777871E-06, 4.348754709E+02, 7.678931289E+02, 3.000000000E+02, 1.176655108E+00, 2.350000000E+01, 2.350000000E+01, 1.862915775E+03
        77,-3.853415838E-03, 2.523129573E-03, 0.000000000E+00,-3.842110734E-03, 2.521508169E-03, 5.000000000E-03, 1.106049030E-06, 4.354395743E+02, 7.691899158E+02, 3.000000000E+02, 1.176655108E+00, 2.350000000E+01, 2.350000000E+01, 1.862915775E+03
        78, 2.644976368E-03,-4.917705897E-03, 0.000000000E+00, 2.644103474E-03,-4.939517941E-03, 5.000000000E-03, 1.330622165E-06, 4.359770989E+02, 7.703808718E+02, 3.000000000E+02, 1.176655108E+00, 2.350000000E+01, 2.350000000E+01, 1.862915775E+03
        79, 1.880989992E-03,-6.172826979E-03, 0.000000000E+00, 1.876838580E-03,-6.185745951E-03, 5.000000000E-03, 1.234147984E-06, 4.365585926E+02, 7.713655319E+02, 3.000000000E+02, 1.176655108E+00, 2.350000000E+01, 2.350000000E+01, 1.862915775E+03
        80, 7.100544753E-04,-7.187600713E-03, 0.000000000E+00, 7.081211256E-04,-7.194402669E-03, 5.000000000E-03, 1.080817339E-06, 4.371773196E+02, 7.721865301E+02, 3.000000000E+02, 1.176655108E+00, 2.350000000E+01, 2.350000000E+01, 1.862915775E+03
        81,-7.750091027E-04,-7.852408104E-03, 0.000000000E+00,-7.727717469E-04,-7.856098237E-03, 5.000000000E-03, 8.957334135E-07, 4.378050211E+02, 7.725983036E+02, 3.000000000E+02, 1.176655108E+00, 2.350000000E+01, 2.350000000E+01, 1.862915775E+03
        82,-2.454824513E-03,-8.080428466E-03, 0.000000000E+00,-2.447874393E-03,-8.084043553E-03, 5.000000000E-03, 7.049567876E-07, 4.383793764E+02, 7.720815765E+02, 3.000000000E+02, 1.176655108E+00, 2.350000000E+01, 2.350000000E+01, 1.862915775E+03
        83,-4.189334810E-03,-7.830164395E-03, 0.000000000E+00,-4.179835567E-03,-7.835708473E-03, 5.000000000E-03, 5.312538700E-07, 4.388430870E+02, 7.697289349E+02, 3.000000000E+02, 1.176655108E+00, 2.350000000E+01, 2.350000000E+01, 1.862915775E+03
        84,-5.830515176E-03,-7.102257106E-03, 0.000000000E+00,-5.825936260E-03,-7.106446941E-03, 5.000000000E-03, 3.954425280E-07, 4.391419119E+02, 7.637863527E+02, 3.000000000E+02, 1.176655108E+00, 2.350000000E+01, 2.350000000E+01, 1.862915775E+03
        85,-4.485783633E-03, 3.691398539E-03, 0.000000000E+00,-4.503639405E-03, 3.697992161E-03, 5.000000000E-03, 1.312066148E-06, 4.360907713E+02, 7.706045250E+02, 3.000000000E+02, 1.176655108E+00, 2.350000000E+01, 2.350000000E+01, 1.862915775E+03
        86,-5.856657866E-03, 3.142864676E-03, 0.000000000E+00,-5.869487332E-03, 3.137228433E-03, 5.000000000E-03, 1.201150364E-06, 4.366958590E+02, 7.715965725E+02, 3.000000000E+02, 1.176655108E+00, 2.350000000E+01, 2.350000000E+01, 1.862915775E+03
        87,-6.990108173E-03, 2.126840176E-03, 0.000000000E+00,-6.997621221E-03, 2.121062591E-03, 5.000000000E-03, 1.059944599E-06, 4.372377763E+02, 7.722663853E+02, 3.000000000E+02, 1.176655108E+00, 2.350000000E+01, 2.350000000E+01, 1.862915775E+03
        88,-7.852408104E-03, 7.750091027E-04, 0.000000000E+00,-7.856098237E-03, 7.727717469E-04, 5.000000000E-03, 8.957334135E-07, 4.378050211E+02, 7.725983036E+02, 3.000000000E+02, 1.176655108E+00, 2.350000000E+01, 2.350000000E+01, 1.862915775E+03
        89,-8.356733248E-03,-8.242839249E-04, 0.000000000E+00,-8.358835817E-03,-8.218914606E-04, 5.000000000E-03, 7.231401129E-07, 4.383539578E+02, 7.722147219E+02, 3.000000000E+02, 1.176655108E+00, 2.350000000E+01, 2.350000000E+01, 1.862915775E+03
        90,-8.437220007E-03,-2.562152920E-03, 0.000000000E+00,-8.440162578E-03,-2.555000229E-03, 5.000000000E-03, 5.583607975E-07, 4.388268555E+02, 7.703692458E+02, 3.000000000E+02, 1.176655108E+00, 2.350000000E+01, 2.350000000E+01, 1.862915775E+03
        91,-8.066058159E-03,-4.314419813E-03, 0.000000000E+00,-8.071373855E-03,-4.304799338E-03, 5.000000000E-03, 4.151126575E-07, 4.391608069E+02, 7.652012888E+02, 3.000000000E+02, 1.176655108E+00, 2.350000000E+01, 2.350000000E+01, 1.862915775E+03
        92,-7.250975352E-03,-5.952101666E-03, 0.000000000E+00,-7.255039551E-03,-5.947419222E-03, 5.000000000E-03, 3.062526154E-07, 4.393543951E+02, 7.531542459E+02, 3.000000000E+02, 1.176655108E+00, 2.350000000E+01, 2.350000000E+01, 1.862915775E+03
        93, 3.554408671E-03,-3.554408671E-03, 0.000000000E+00, 3.543657364E-03,-3.543657364E-03, 5.000000000E-03, 7.473309248E-07, 4.355995915E+02, 7.695554604E+02, 3.000000000E+02, 1.176655108E+00, 2.350000000E+01, 2.350000000E+01, 1.862915775E+03
        94, 2.736706054E-03,-2.736706054E-03, 0.000000000E+00, 2.733218913E-03,-2.733218913E-03, 5.000000000E-03, 1.364230480E-06, 4.351327449E+02, 7.683806134E+02, 3.000000000E+02, 1.176655108E+00, 2.350000000E+01, 2.350000000E+01, 1.862915775E+03
        95, 1.634682878E-03,-1.634682878E-03, 0.000000000E+00, 1.634041989E-03,-1.634041989E-03, 5.000000000E-03, 1.277764520E-06, 4.346036283E+02, 7.672789833E+02, 3.000000000E+02, 1.176655108E+00, 2.350000000E+01, 2.350000000E+01, 1.862915775E+03
        96, 5.367636331E-04,-5.367636331E-04, 0.000000000E+00, 5.367269854E-04,-5.367269854E-04, 5.000000000E-03, 1.152460775E-06, 4.343650728E+02, 7.666728718E+02, 3.000000000E+02, 1.176655108E+00, 2.350000000E+01, 2.350000000E+01, 1.862915775E+03
        97,-5.367636331E-04, 5.367636331E-04, 0.000000000E+00,-5.367269854E-04, 5.367269854E-04, 5.000000000E-03, 1.152460775E-06, 4.343650728E+02, 7.666728718E+02, 3.000000000E+02, 1.176655108E+00, 2.350000000E+01, 2.350000000E+01, 1.862915775E+03
        98,-1.634682878E-03, 1.634682762E-03, 0.000000000E+00,-1.634041989E-03, 1.634041989E-03, 5.000000000E-03, 1.277764520E-06, 4.346036283E+02, 7.672789833E+02, 3.000000000E+02, 1.176655108E+00, 2.350000000E+01, 2.350000000E+01, 1.862915775E+03
        99,-2.736706054E-03, 2.736706287E-03, 0.000000000E+00,-2.733218913E-03, 2.733218913E-03, 5.000000000E-03, 1.364230480E-06, 4.351327449E+02, 7.683806134E+02, 3.000000000E+02, 1.176655108E+00, 2.350000000E+01, 2.350000000E+01, 1.862915775E+03
       100,-3.554408671E-03, 3.554408439E-03, 0.000000000E+00,-3.543657364E-03, 3.543657364E-03, 5.000000000E-03, 7.473309248E-07, 4.355995915E+02, 7.695554604E+02, 3.000000000E+02, 1.176655108E+00, 2.350000000E+01, 2.350000000E+01, 1.862915775E+03
       101, 3.691398539E-03,-4.485783633E-03, 0.000000000E+00, 3.697992161E-03,-4.503639405E-03, 5.000000000E-03, 1.312066148E-06, 4.360907713E+02, 7.706045250E+02, 3.000000000E+02, 1.176655108E+00, 2.350000000E+01, 2.350000000E+01, 1.862915775E+03
       102, 3.142864676E-03,-5.856658332E-03, 0.000000000E+00, 3.137228433E-03,-5.869487332E-03, 5.000000000E-03, 1.201150364E-06, 4.366958590E+02, 7.715965725E+02, 3.000000000E+02, 1.176655108E+00, 2.350000000E+01, 2.350000000E+01, 1.862915775E+03
       103, 2.126840176E-03,-6.990108173E-03, 0.000000000E+00, 2.121062591E-03,-6.997621221E-03, 5.000000000E-03, 1.059944599E-06, 4.372377763E+02, 7.722663853E+02, 3.000000000E+02, 1.176655108E+00, 2.350000000E+01, 2.350000000E+01, 1.862915775E+03
       104, 7.750091027E-04,-7.852408104E-03, 0.000000000E+00, 7.727717469E-04,-7.856098237E-03, 5.000000000E-03, 8.957334135E-07, 4.378050211E+02, 7.725983036E+02, 3.000000000E+02, 1.176655108E+00, 2.350000000E+01, 2.350000000E+01, 1.862915775E+03
       105,-8.242839249E-04,-8.356733248E-03, 0.000000000E+00,-8.218914606E-04,-8.358835817E-03, 5.000000000E-03, 7.231401129E-07, 4.383539578E+02, 7.722147219E+02, 3.000000000E+02, 1.176655108E+00, 2.350000000E+01, 2.350000000E+01, 1.862915775E+03
       106,-2.562152920E-03,-8.437220007E-03, 0.000000000E+00,-2.555000229E-03,-8.440162578E-03, 5.000000000E-03, 5.583607975E-07, 4.388268555E+02, 7.703692458E+02, 3.000000000E+02, 1.176655108E+00, 2.350000000E+01, 2.350000000E+01, 1.862915775E+03
       107,-4.314419813E-03,-8.066058159E-03, 0.000000000E+00,-4.304799338E-03,-8.071373855E-03, 5.000000000E-03, 4.151126575E-07, 4.391608069E+02, 7.652012888E+02, 3.000000000E+02, 1.176655108E+00, 2.350000000E+01, 2.350000000E+01, 1.862915775E+03
       108,-5.952101201E-03,-7.250975817E-03, 0.000000000E+00,-5.947419222E-03,-7.255039551E-03, 5.000000000E-03, 3.062526154E-07, 4.393543951E+02, 7.531542459E+02, 3.000000000E+02, 1.176655108E+00, 2.350000000E+01, 2.350000000E+01, 1.862915775E+03
       109,-3.691398539E-03, 4.485783633E-03, 0.000000000E+00,-3.697992161E-03, 4.503639405E-03, 5.000000000E-03, 1.312066148E-06, 4.360907713E+02, 7.706045250E+02, 3.000000000E+02, 1.176655108E+00, 2.350000000E+01, 2.350000000E+01, 1.862915775E+03
       110,-5.266110413E-03, 4.329360556E-03, 0.000000000E+00,-5.276769207E-03, 4.330070014E-03, 5.000000000E-03, 1.167921481E-06, 4.368115703E+02, 7.717713189E+02, 3.000000000E+02, 1.176655108E+00, 2.350000000E+01, 2.350000000E+01, 1.862915775E+03
       111,-6.568950601E-03, 3.520564409E-03, 0.000000000E+00,-6.577791550E-03, 3.512813364E-03, 5.000000000E-03, 1.021536535E-06, 4.373539164E+02, 7.723910594E+02, 3.000000000E+02, 1.176655108E+00, 2.350000000E+01, 2.350000000E+01, 1.862915775E+03
       112,-7.610100321E-03, 2.313342877E-03, 0.000000000E+00,-7.615019912E-03, 2.306785190E-03, 5.000000000E-03, 8.752732537E-07, 4.378488267E+02, 7.725903718E+02, 3.000000000E+02, 1.176655108E+00, 2.350000000E+01, 2.350000000E+01, 1.862915775E+03
       113,-8.356733248E-03, 8.242839249E-04, 0.000000000E+00,-8.358835817E-03, 8.218914606E-04, 5.000000000E-03, 7.231401129E-07, 4.383539578E+02, 7.722147219E+02, 3.000000000E+02, 1.176655108E+00, 2.350000000E+01, 2.350000000E+01, 1.862915775E+03
       114,-8.739314973E-03,-8.616638952E-04, 0.000000000E+00,-8.740580109E-03,-8.591895881E-04, 5.000000000E-03, 5.736867551E-07, 4.388221759E+02, 7.706942249E+02, 3.000000000E+02, 1.176655108E+00, 2.350000000E+01, 2.350000000E+01, 1.862915775E+03
       115,-8.707884699E-03,-2.643572399E-03, 0.000000000E+00,-8.710474653E-03,-2.636314073E-03, 5.000000000E-03, 4.371430981E-07, 4.391803779E+02, 7.665274647E+02, 3.000000000E+02, 1.176655108E+00, 2.350000000E+01, 2.350000000E+01, 1.862915775E+03
       116,-8.245008066E-03,-4.409309477E-03, 0.000000000E+00,-8.250215419E-03,-4.399631748E-03, 5.000000000E-03, 3.218700935E-07, 4.393952340E+02, 7.558326876E+02, 3.000000000E+02, 1.176655108E+00, 2.350000000E+01, 2.350000000E+01, 1.862915775E+03
       117,-7.363793906E-03,-6.044336595E-03, 0.000000000E+00,-7.367790865E-03,-6.039599873E-03, 5.000000000E-03, 2.359316813E-07, 4.395109266E+02, 7.310789989E+02, 3.000000000E+02, 1.176655108E+00, 2.350000000E+01, 2.350000000E+01, 1.862915775E+03
       118, 3.853416070E-03,-2.523129573E-03, 0.000000000E+00, 3.842110734E-03,-2.521508169E-03, 5.000000000E-03, 1.106049030E-06, 4.354395743E+02, 7.691899158E+02, 3.000000000E+02, 1.176655108E+00, 2.350000000E+01, 2.350000000E+01, 1.862915775E+03
       119, 4.485783633E-03,-3.691398539E-03, 0.000000000E+00, 4.503639405E-03,-3.697992161E-03, 5.000000000E-03, 1.312066148E-06, 4.360907713E+02, 7.706045250E+02, 3.000000000E+02, 1.176655108E+00, 2.350000000E+01, 2.350000000E+01, 1.862915775E+03
       120, 2.798626898E-03,-1.597530441E-03, 0.000000000E+00, 2.794821720E-03,-1.597082079E-03, 5.000000000E-03, 1.322777871E-06, 4.348754709E+02, 7.678931289E+02, 3.000000000E+02, 1.176655108E+00, 2.350000000E+01, 2.350000000E+01, 1.862915775E+03
       121, 1.640780480E-03,-5.347310798E-04, 0.000000000E+00, 1.640100541E-03,-5.346984718E-04, 5.000000000E-03, 1.213309178E-06, 4.344839936E+02, 7.670251453E+02, 3.000000000E+02, 1.176655108E+00, 2.350000000E+01, 2.350000000E+01, 1.862915775E+03
       122, 5.367636331E-04, 5.367636331E-04, 0.000000000E+00, 5.367269854E-04, 5.367269854E-04, 5.000000000E-03, 1.152460775E-06, 4.343650728E+02, 7.666728718E+02, 3.000000000E+02, 1.176655108E+00, 2.350000000E+01, 2.350000000E+01, 1.862915775E+03
       123,-5.347310798E-04, 1.640780480E-03, 0.000000000E+00,-5.346984718E-04, 1.640100541E-03, 5.000000000E-03, 1.213309178E-06, 4.344839936E+02, 7.670251453E+02, 3.000000000E+02, 1.176655108E+00, 2.350000000E+01, 2.350000000E+01, 1.862915775E+03
       124,-1.597530325E-03, 2.798626898E-03, 0.000000000E+00,-1.597082079E-03, 2.794821720E-03, 5.000000000E-03, 1.322777871E-06, 4.348754709E+02, 7.678931289E+02, 3.000000000E+02, 1.176655108E+00, 2.350000000E+01, 2.350000000E+01, 1.862915775E+03
       125,-2.523129573E-03, 3.853416070E-03, 0.000000000E+00,-2.521508169E-03, 3.842110734E-03, 5.000000000E-03, 1.106049030E-06, 4.354395743E+02, 7.691899158E+02, 3.000000000E+02, 1.176655108E+00, 2.350000000E+01, 2.350000000E+01, 1.862915775E+03
       126, 4.329360556E-03,-5.266109947E-03, 0.000000000E+00, 4.330070014E-03,-5.276769207E-03, 5.000000000E-03, 1.167921481E-06, 4.368115703E+02, 7.717713189E+02, 3.000000000E+02, 1.176655108E+00, 2.350000000E+01, 2.350000000E+01, 1.862915775E+03
       127, 3.520564176E-03,-6.568950601E-03, 0.000000000E+00, 3.512813364E-03,-6.577791550E-03, 5.000000000E-03, 1.021536535E-06, 4.373539164E+02, 7.723910594E+02, 3.000000000E+02, 1.176655108E+00, 2.350000000E+01, 2.350000000E+01, 1.862915775E+03
       128, 2.313342877E-03,-7.610100321E-03, 0.000000000E+00, 2.306785190E-03,-7.615019912E-03, 5.000000000E-03, 8.752732537E-07, 4.378488267E+02, 7.725903718E+02, 3.000000000E+02, 1.176655108E+00, 2.350000000E+01, 2.350000000E+01, 1.862915775E+03
       129, 8.242839249E-04,-8.356733248E-03, 0.000000000E+00, 8.218914606E-04,-8.358835817E-03, 5.000000000E-03, 7.231401129E-07, 4.383539578E+02, 7.722147219E+02, 3.000000000E+02, 1.176655108E+00, 2.350000000E+01, 2.350000000E+01, 1.862915775E+03
       130,-8.616638952E-04,-8.739315905E-03, 0.000000000E+00,-8.591895881E-04,-8.740580109E-03, 5.000000000E-03, 5.736867551E-07, 4.388221759E+02, 7.706942249E+02, 3.000000000E+02, 1.176655108E+00, 2.350000000E+01, 2.350000000E+01, 1.862915775E+03
       131,-2.643572632E-03,-8.707883768E-03, 0.000000000E+00,-2.636314073E-03,-8.710474653E-03, 5.000000000E-03, 4.371430981E-07, 4.391803779E+02, 7.665274647E+02, 3.000000000E+02, 1.176655108E+00, 2.350000000E+01, 2.350000000E+01, 1.862915775E+03
       132,-4.409309477E-03,-8.245008066E-03, 0.000000000E+00,-4.399631748E-03,-8.250215419E-03, 5.000000000E-03, 3.218700935E-07, 4.393952340E+02, 7.558326876E+02, 3.000000000E+02, 1.176655108E+00, 2.350000000E+01, 2.350000000E+01, 1.862915775E+03
       133,-6.044336595E-03,-7.363793906E-03, 0.000000000E+00,-6.039599873E-03,-7.367790865E-03, 5.000000000E-03, 2.359316813E-07, 4.395109266E+02, 7.310789989E+02, 3.000000000E+02, 1.176655108E+00, 2.350000000E+01, 2.350000000E+01, 1.862915775E+03
       134,-2.644976368E-03, 4.917705897E-03, 0.000000000E+00,-2.644103474E-03, 4.939517941E-03, 5.000000000E-03, 1.330622165E-06, 4.359770989E+02, 7.703808718E+02, 3.000000000E+02, 1.176655108E+00, 2.350000000E+01, 2.350000000E+01, 1.862915775E+03
       135,-4.329360556E-03, 5.266109947E-03, 0.000000000E+00,-4.330070014E-03, 5.276769207E-03, 5.000000000E-03, 1.167921481E-06, 4.368115703E+02, 7.717713189E+02, 3.000000000E+02, 1.176655108E+00, 2.350000000E+01, 2.350000000E+01, 1.862915775E+03
       136,-5.858068820E-03, 4.813320469E-03, 0.000000000E+00,-5.865412459E-03, 4.811319556E-03, 5.000000000E-03, 9.853072991E-07, 4.374518916E+02, 7.724498380E+02, 3.000000000E+02, 1.176655108E+00, 2.350000000E+01, 2.350000000E+01, 1.862915775E+03
       137,-7.109297439E-03, 3.807088127E-03, 0.000000000E+00,-7.116240307E-03, 3.798330849E-03, 5.000000000E-03, 8.384391923E-07, 4.379363729E+02, 7.725452430E+02, 3.000000000E+02, 1.176655108E+00, 2.350000000E+01, 2.350000000E+01, 1.862915775E+03
       138,-8.080428466E-03, 2.454824513E-03, 0.000000000E+00,-8.084043553E-03, 2.447874393E-03, 5.000000000E-03, 7.049567876E-07, 4.383793764E+02, 7.720815765E+02, 3.000000000E+02, 1.176655108E+00, 2.350000000E+01, 2.350000000E+01, 1.862915775E+03
       139,-8.739315905E-03, 8.616638952E-04, 0.000000000E+00,-8.740580109E-03, 8.591895881E-04, 5.000000000E-03, 5.736867551E-07, 4.388221759E+02, 7.706942249E+02, 3.000000000E+02, 1.176655108E+00, 2.350000000E+01, 2.350000000E+01, 1.862915775E+03
       140,-9.029543959E-03,-8.900205139E-04, 0.000000000E+00,-9.030355688E-03,-8.875019604E-04, 5.000000000E-03, 4.496510682E-07, 4.392019915E+02, 7.672143124E+02, 3.000000000E+02, 1.176655108E+00, 2.350000000E+01, 2.350000000E+01, 1.862915775E+03
       141,-8.913210593E-03,-2.705337713E-03, 0.000000000E+00,-8.915617237E-03,-2.698023977E-03, 5.000000000E-03, 3.394267053E-07, 4.394427947E+02, 7.584034822E+02, 3.000000000E+02, 1.176655108E+00, 2.350000000E+01, 2.350000000E+01, 1.862915775E+03
       142,-8.380760439E-03,-4.481293261E-03, 0.000000000E+00,-8.385920181E-03,-4.471590466E-03, 5.000000000E-03, 2.481794845E-07, 4.395675310E+02, 7.363398287E+02, 3.000000000E+02, 1.176655108E+00, 2.350000000E+01, 2.350000000E+01, 1.862915775E+03
       143,-7.449377794E-03,-6.114306860E-03, 0.000000000E+00,-7.453339999E-03,-6.109541185E-03, 5.000000000E-03, 1.810545443E-07, 4.396303685E+02, 6.951225513E+02, 3.000000000E+02, 1.176655108E+00, 2.350000000E+01, 2.350000000E+01, 1.862915775E+03
       144, 3.940105438E-03,-1.469384297E-03, 0.000000000E+00, 3.928512955E-03,-1.470582054E-03, 5.000000000E-03, 1.102273861E-06, 4.352319334E+02, 7.688347064E+02, 3.000000000E+02, 1.176655108E+00, 2.350000000E+01, 2.350000000E+01, 1.862915775E+03
       145, 4.917705897E-03,-2.644976368E-03, 0.000000000E+00, 4.939517941E-03,-2.644103474E-03, 5.000000000E-03, 1.330622165E-06, 4.359770989E+02, 7.703808718E+02, 3.000000000E+02, 1.176655108E+00, 2.350000000E+01, 2.350000000E+01, 1.862915775E+03
       146, 5.266110413E-03,-4.329360556E-03, 0.000000000E+00, 5.276769207E-03,-4.330070014E-03, 5.000000000E-03, 1.167921481E-06, 4.368115703E+02, 7.717713189E+02, 3.000000000E+02, 1.176655108E+00, 2.350000000E+01, 2.350000000E+01, 1.862915775E+03
       147, 2.808789723E-03,-5.223469343E-04, 0.000000000E+00, 2.804778258E-03,-5.223817179E-04, 5.000000000E-03, 1.255189159E-06, 4.347593375E+02, 7.676794071E+02, 3.000000000E+02, 1.176655108E+00, 2.350000000E+01, 2.350000000E+01, 1.862915775E+03
       148, 1.640780596E-03, 5.347310798E-04, 0.000000000E+00, 1.640100541E-03, 5.346984718E-04, 5.000000000E-03, 1.213309178E-06, 4.344839936E+02, 7.670251453E+02, 3.000000000E+02, 1.176655108E+00, 2.350000000E+01, 2.350000000E+01, 1.862915775E+03
       149, 5.347310798E-04, 1.640780480E-03, 0.000000000E+00, 5.346984718E-04, 1.640100541E-03, 5.000000000E-03, 1.213309178E-06, 4.344839936E+02, 7.670251453E+02, 3.000000000E+02, 1.176655108E+00, 2.350000000E+01, 2.350000000E+01, 1.862915775E+03
       150,-5.223469343E-04, 2.808789723E-03, 0.000000000E+00,-5.223817179E-04, 2.804778258E-03, 5.000000000E-03, 1.255189159E-06, 4.347593375E+02, 7.676794071E+02, 3.000000000E+02, 1.176655108E+00, 2.350000000E+01, 2.350000000E+01, 1.862915775E+03
       151,-1.469384297E-03, 3.940104973E-03, 0.000000000E+00,-1.470582054E-03, 3.928512955E-03, 5.000000000E-03, 1.102273861E-06, 4.352319334E+02, 7.688347064E+02, 3.000000000E+02, 1.176655108E+00, 2.350000000E+01, 2.350000000E+01, 1.862915775E+03
       152, 4.813320469E-03,-5.858068820E-03, 0.000000000E+00, 4.811319556E-03,-5.865412459E-03, 5.000000000E-03, 9.853072991E-07, 4.374518916E+02, 7.724498380E+02, 3.000000000E+02, 1.176655108E+00, 2.350000000E+01, 2.350000000E+01, 1.862915775E+03
       153, 3.807088127E-03,-7.109297439E-03, 0.000000000E+00, 3.798330849E-03,-7.116240307E-03, 5.000000000E-03, 8.384391923E-07, 4.379363729E+02, 7.725452430E+02, 3.000000000E+02, 1.176655108E+00, 2.350000000E+01, 2.350000000E+01, 1.862915775E+03
       154, 2.454824513E-03,-8.080428466E-03, 0.000000000E+00, 2.447874393E-03,-8.084043553E-03, 5.000000000E-03, 7.049567876E-07, 4.383793764E+02, 7.720815765E+02, 3.000000000E+02, 1.176655108E+00, 2.350000000E+01, 2.350000000E+01, 1.862915775E+03
       155, 8.616638952E-04,-8.739314973E-03, 0.000000000E+00, 8.591895881E-04,-8.740580109E-03, 5.000000000E-03, 5.736867551E-07, 4.388221759E+02, 7.706942249E+02, 3.000000000E+02, 1.176655108E+00, 2.350000000E+01, 2.350000000E+01, 1.862915775E+03
       156,-8.900205139E-04,-9.029543959E-03, 0.000000000E+00,-8.875019604E-04,-9.030355688E-03, 5.000000000E-03, 4.496510682E-07, 4.392019915E+02, 7.672143124E+02, 3.000000000E+02, 1.176655108E+00, 2.350000000E+01, 2.350000000E+01, 1.862915775E+03
       157,-2.705337713E-03,-8.913210593E-03, 0.000000000E+00,-2.698023977E-03,-8.915617237E-03, 5.000000000E-03, 3.394267053E-07, 4.394427947E+02, 7.584034822E+02, 3.000000000E+02, 1.176655108E+00, 2.350000000E+01, 2.350000000E+01, 1.862915775E+03
       158,-4.481293261E-03,-8.380760439E-03, 0.000000000E+00,-4.471590466E-03,-8.385920181E-03, 5.000000000E-03, 2.481794845E-07, 4.395675310E+02, 7.363398287E+02, 3.000000000E+02, 1.176655108E+00, 2.350000000E+01, 2.350000000E+01, 1.862915775E+03
       159,-6.114306860E-03,-7.449377794E-03, 0.000000000E+00,-6.109541185E-03,-7.453339999E-03, 5.000000000E-03, 1.810545443E-07, 4.396303685E+02, 6.951225513E+02, 3.000000000E+02, 1.176655108E+00, 2.350000000E+01, 2.350000000E+01, 1.862915775E+03
       160,-1.556907315E-03, 5.095477216E-03, 0.000000000E+00,-1.556449729E-03, 5.120675468E-03, 5.000000000E-03, 1.343480559E-06, 4.358250939E+02, 7.701039691E+02, 3.000000000E+02, 1.176655108E+00, 2.350000000E+01, 2.350000000E+01, 1.862915775E+03
       161,-3.142864676E-03, 5.856658332E-03, 0.000000000E+00,-3.137228433E-03, 5.869487332E-03, 5.000000000E-03, 1.201150364E-06, 4.366958590E+02, 7.715965725E+02, 3.000000000E+02, 1.176655108E+00, 2.350000000E+01, 2.350000000E+01, 1.862915775E+03
       162,-4.813320469E-03, 5.858068820E-03, 0.000000000E+00,-4.811319556E-03, 5.865412459E-03, 5.000000000E-03, 9.853072991E-07, 4.374518916E+02, 7.724498380E+02, 3.000000000E+02, 1.176655108E+00, 2.350000000E+01, 2.350000000E+01, 1.862915775E+03
       163,-6.307130679E-03, 5.180453882E-03, 0.000000000E+00,-6.312837649E-03, 5.177115252E-03, 5.000000000E-03, 8.046128265E-07, 4.380075184E+02, 7.724309936E+02, 3.000000000E+02, 1.176655108E+00, 2.350000000E+01, 2.350000000E+01, 1.862915775E+03
       164,-7.519206032E-03, 4.024446476E-03, 0.000000000E+00,-7.525214847E-03, 4.015193420E-03, 5.000000000E-03, 6.725845579E-07, 4.384334487E+02, 7.717993454E+02, 3.000000000E+02, 1.176655108E+00, 2.350000000E+01, 2.350000000E+01, 1.862915775E+03
       165,-8.437220007E-03, 2.562152920E-03, 0.000000000E+00,-8.440162578E-03, 2.555000229E-03, 5.000000000E-03, 5.583607975E-07, 4.388268555E+02, 7.703692458E+02, 3.000000000E+02, 1.176655108E+00, 2.350000000E+01, 2.350000000E+01, 1.862915775E+03
       166,-9.029543959E-03, 8.900205139E-04, 0.000000000E+00,-9.030355688E-03, 8.875019604E-04, 5.000000000E-03, 4.496510682E-07, 4.392019915E+02, 7.672143124E+02, 3.000000000E+02, 1.176655108E+00, 2.350000000E+01, 2.350000000E+01, 1.862915775E+03
       167,-9.249711409E-03,-9.115319117E-04, 0.000000000E+00,-9.250275583E-03,-9.089891192E-04, 5.000000000E-03, 3.494226617E-07, 4.394853761E+02, 7.597081222E+02, 3.000000000E+02, 1.176655108E+00, 2.350000000E+01, 2.350000000E+01, 1.862915775E+03
       168,-9.068971500E-03,-2.752193017E-03, 0.000000000E+00,-9.071283485E-03,-2.744850671E-03, 5.000000000E-03, 2.619838333E-07, 4.396356415E+02, 7.414146072E+02, 3.000000000E+02, 1.176655108E+00, 2.350000000E+01, 2.350000000E+01, 1.862915775E+03
       169,-8.483741432E-03,-4.535900429E-03, 0.000000000E+00,-8.488885386E-03,-4.526188729E-03, 5.000000000E-03, 1.905761506E-07, 4.396979014E+02, 7.027770749E+02, 3.000000000E+02, 1.176655108E+00, 2.350000000E+01, 2.350000000E+01, 1.862915775E+03
       170,-7.514302619E-03,-6.167386193E-03, 0.000000000E+00,-7.518246522E-03,-6.162605982E-03, 5.000000000E-03, 1.385432561E-07, 4.397230771E+02, 6.484765744E+02, 3.000000000E+02, 1.176655108E+00, 2.350000000E+01, 2.350000000E+01, 1.862915775E+03
       171, 3.954332788E-03,-4.796315916E-04, 0.000000000E+00, 3.942117668E-03,-4.803073256E-04, 5.000000000E-03, 1.045089492E-06, 4.351364593E+02, 7.686571444E+02, 3.000000000E+02, 1.176655108E+00, 2.350000000E+01, 2.350000000E+01, 1.862915775E+03
       172, 5.095477216E-03,-1.556907315E-03, 0.000000000E+00, 5.120675468E-03,-1.556449729E-03, 5.000000000E-03, 1.343480559E-06, 4.358250939E+02, 7.701039691E+02, 3.000000000E+02, 1.176655108E+00, 2.350000000E+01, 2.350000000E+01, 1.862915775E+03
       173, 5.856657866E-03,-3.142864676E-03, 0.000000000E+00, 5.869487332E-03,-3.137228433E-03, 5.000000000E-03, 1.201150364E-06, 4.366958590E+02, 7.715965725E+02, 3.000000000E+02, 1.176655108E+00, 2.350000000E+01, 2.350000000E+01, 1.862915775E+03
       174, 5.858068820E-03,-4.813320469E-03, 0.000000000E+00, 5.865412459E-03,-4.811319556E-03, 5.000000000E-03, 9.853072991E-07, 4.374518916E+02, 7.724498380E+02, 3.000000000E+02, 1.176655108E+00, 2.350000000E+01, 2.350000000E+01, 1.862915775E+03
       175, 2.808789490E-03, 5.223469343E-04, 0.000000000E+00, 2.804778258E-03, 5.223817179E-04, 5.000000000E-03, 1.255189159E-06, 4.347593375E+02, 7.676794071E+02, 3.000000000E+02, 1.176655108E+00, 2.350000000E+01, 2.350000000E+01, 1.862915775E+03
       176, 1.634682762E-03, 1.634682878E-03, 0.000000000E+00, 1.634041989E-03, 1.634041989E-03, 5.000000000E-03, 1.277764520E-06, 4.346036283E+02, 7.672789833E+02, 3.000000000E+02, 1.176655108E+00, 2.350000000E+01, 2.350000000E+01, 1.862915775E+03
       177, 5.223469343E-04, 2.808789490E-03, 0.000000000E+00, 5.223817179E-04, 2.804778258E-03, 5.000000000E-03, 1.255189159E-06, 4.347593375E+02, 7.676794071E+02, 3.000000000E+02, 1.176655108E+00, 2.350000000E+01, 2.350000000E+01, 1.862915775E+03
       178,-4.796315916E-04, 3.954332788E-03, 0.000000000E+00,-4.803073256E-04, 3.942117668E-03, 5.000000000E-03, 1.045089492E-06, 4.351364593E+02, 7.686571444E+02, 3.000000000E+02, 1.176655108E+00, 2.350000000E+01, 2.350000000E+01, 1.862915775E+03
       179, 5.180453416E-03,-6.307130214E-03, 0.000000000E+00, 5.177115252E-03,-6.312837649E-03, 5.000000000E-03, 8.046128265E-07, 4.380075184E+02, 7.724309936E+02, 3.000000000E+02, 1.176655108E+00, 2.350000000E+01, 2.350000000E+01, 1.862915775E+03
       180, 4.024446476E-03,-7.519206498E-03, 0.000000000E+00, 4.015193420E-03,-7.525214847E-03, 5.000000000E-03, 6.725845579E-07, 4.384334487E+02, 7.717993454E+02, 3.000000000E+02, 1.176655108E+00, 2.350000000E+01, 2.350000000E+01, 1.862915775E+03
       181, 2.562152920E-03,-8.437220007E-03, 0.000000000E+00, 2.555000229E-03,-8.440162578E-03, 5.000000000E-03, 5.583607975E-07, 4.388268555E+02, 7.703692458E+02, 3.000000000E+02, 1.176655108E+00, 2.350000000E+01, 2.350000000E+01, 1.862915775E+03
       182, 8.900205139E-04,-9.029543959E-03, 0.000000000E+00, 8.875019604E-04,-9.030355688E-03, 5.000000000E-03, 4.496510682E-07, 4.392019915E+02, 7.672143124E+02, 3.000000000E+02, 1.176655108E+00, 2.350000000E+01, 2.350000000E+01, 1.862915775E+03
       183,-9.115319117E-04,-9.249711409E-03, 0.000000000E+00,-9.089891192E-04,-9.250275583E-03, 5.000000000E-03, 3.494226617E-07, 4.394853761E+02, 7.597081222E+02, 3.000000000E+02, 1.176655108E+00, 2.350000000E+01, 2.350000000E+01, 1.862915775E+03
       184,-2.752193017E-03,-9.068971500E-03, 0.000000000E+00,-2.744850671E-03,-9.071283485E-03, 5.000000000E-03, 2.619838333E-07, 4.396356415E+02, 7.414146072E+02, 3.000000000E+02, 1.176655108E+00, 2.350000000E+01, 2.350000000E+01, 1.862915775E+03
       185,-4.535900429E-03,-8.483741432E-03, 0.000000000E+00,-4.526188729E-03,-8.488885386E-03, 5.000000000E-03, 1.905761506E-07, 4.396979014E+02, 7.027770749E+02, 3.000000000E+02, 1.176655108E+00, 2.350000000E+01, 2.350000000E+01, 1.862915775E+03
       186,-6.167385727E-03,-7.514302153E-03, 0.000000000E+00,-6.162605982E-03,-7.518246522E-03, 5.000000000E-03, 1.385432561E-07, 4.397230771E+02, 6.484765744E+02, 3.000000000E+02, 1.176655108E+00, 2.350000000E+01, 2.350000000E+01, 1.862915775E+03
       187,-5.115598324E-04, 5.156019237E-03, 0.000000000E+00,-5.116930614E-04, 5.183972190E-03, 5.000000000E-03, 1.347368789E-06, 4.357471063E+02, 7.699545679E+02, 3.000000000E+02, 1.176655108E+00, 2.350000000E+01, 2.350000000E+01, 1.862915775E+03
       188,-1.880989992E-03, 6.172826979E-03, 0.000000000E+00,-1.876838580E-03, 6.185745951E-03, 5.000000000E-03, 1.234147984E-06, 4.365585926E+02, 7.713655319E+02, 3.000000000E+02, 1.176655108E+00, 2.350000000E+01, 2.350000000E+01, 1.862915775E+03
       189,-3.520564176E-03, 6.568950601E-03, 0.000000000E+00,-3.512813364E-03, 6.577791550E-03, 5.000000000E-03, 1.021536535E-06, 4.373539164E+02, 7.723910594E+02, 3.000000000E+02, 1.176655108E+00, 2.350000000E+01, 2.350000000E+01, 1.862915775E+03
       190,-5.180453416E-03, 6.307130214E-03, 0.000000000E+00,-5.177115252E-03, 6.312837649E-03, 5.000000000E-03, 8.046128265E-07, 4.380075184E+02, 7.724309936E+02, 3.000000000E+02, 1.176655108E+00, 2.350000000E+01, 2.350000000E+01, 1.862915775E+03
       191,-6.647789851E-03, 5.458962638E-03, 0.000000000E+00,-6.652656544E-03, 5.454936644E-03, 5.000000000E-03, 6.432736514E-07, 4.384717011E+02, 7.714538714E+02, 3.000000000E+02, 1.176655108E+00, 2.350000000E+01, 2.350000000E+01, 1.862915775E+03
       192,-7.830164395E-03, 4.189334810E-03, 0.000000000E+00,-7.835708473E-03, 4.179835567E-03, 5.000000000E-03, 5.312538700E-07, 4.388430870E+02, 7.697289349E+02, 3.000000000E+02, 1.176655108E+00, 2.350000000E+01, 2.350000000E+01, 1.862915775E+03
       193,-8.707883768E-03, 2.643572632E-03, 0.000000000E+00,-8.710474653E-03, 2.636314073E-03, 5.000000000E-03, 4.371430981E-07, 4.391803779E+02, 7.665274647E+02, 3.000000000E+02, 1.176655108E+00, 2.350000000E+01, 2.350000000E+01, 1.862915775E+03
       194,-9.249711409E-03, 9.115319117E-04, 0.000000000E+00,-9.250275583E-03, 9.089891192E-04, 5.000000000E-03, 3.494226617E-07, 4.394853761E+02, 7.597081222E+02, 3.000000000E+02, 1.176655108E+00, 2.350000000E+01, 2.350000000E+01, 1.862915775E+03
       195,-9.416732006E-03,-9.278505458E-04, 0.000000000E+00,-9.417158364E-03,-9.252943146E-04, 5.000000000E-03, 2.698587784E-07, 4.396901361E+02, 7.441044623E+02, 3.000000000E+02, 1.176655108E+00, 2.350000000E+01, 2.350000000E+01, 1.862915775E+03
       196,-9.187132120E-03,-2.787737641E-03, 0.000000000E+00,-9.189396629E-03,-2.780380841E-03, 5.000000000E-03, 2.013277681E-07, 4.397788265E+02, 7.104355966E+02, 3.000000000E+02, 1.176655108E+00, 2.350000000E+01, 2.350000000E+01, 1.862915775E+03
       197,-8.561864495E-03,-4.577325657E-03, 0.000000000E+00,-8.567005726E-03,-4.567612769E-03, 5.000000000E-03, 1.458989577E-07, 4.397984568E+02, 6.573088276E+02, 3.000000000E+02, 1.176655108E+00, 2.350000000E+01, 2.350000000E+01, 1.862915775E+03
       198,-7.563554216E-03,-6.207651924E-03, 0.000000000E+00,-7.567489679E-03,-6.202865081E-03, 5.000000000E-03, 1.057868787E-07, 4.397951804E+02, 5.969408350E+02, 3.000000000E+02, 1.176655108E+00, 2.350000000E+01, 2.350000000E+01, 1.862915775E+03
       199, 3.954332788E-03, 4.796315916E-04, 0.000000000E+00, 3.942117668E-03, 4.803073256E-04, 5.000000000E-03, 1.045089492E-06, 4.351364593E+02, 7.686571444E+02, 3.000000000E+02, 1.176655108E+00, 2.350000000E+01, 2.350000000E+01, 1.862915775E+03
       200, 5.156019703E-03,-5.115598324E-04, 0.000000000E+00, 5.183972190E-03,-5.116930614E-04, 5.000000000E-03, 1.347368789E-06, 4.357471063E+02, 7.699545679E+02, 3.000000000E+02, 1.176655108E+00, 2.350000000E+01, 2.350000000E+01, 1.862915775E+03
       201, 6.172826979E-03,-1.880989992E-03, 0.000000000E+00, 6.185745951E-03,-1.876838580E-03, 5.000000000E-03, 1.234147984E-06, 4.365585926E+02, 7.713655319E+02, 3.000000000E+02, 1.176655108E+00, 2.350000000E+01, 2.350000000E+01, 1.862915775E+03
       202, 6.568950601E-03,-3.520564409E-03, 0.000000000E+00, 6.577791550E-03,-3.512813364E-03, 5.000000000E-03, 1.021536535E-06, 4.373539164E+02, 7.723910594E+02, 3.000000000E+02, 1.176655108E+00, 2.350000000E+01, 2.350000000E+01, 1.862915775E+03
       203, 6.307130679E-03,-5.180453882E-03, 0.000000000E+00, 6.312837649E-03,-5.177115252E-03, 5.000000000E-03, 8.046128265E-07, 4.380075184E+02, 7.724309936E+02, 3.000000000E+02, 1.176655108E+00, 2.350000000E+01, 2.350000000E+01, 1.862915775E+03
       204, 2.798626898E-03, 1.597530325E-03, 0.000000000E+00, 2.794821720E-03, 1.597082079E-03, 5.000000000E-03, 1.322777871E-06, 4.348754709E+02, 7.678931289E+02, 3.000000000E+02, 1.176655108E+00, 2.350000000E+01, 2.350000000E+01, 1.862915775E+03
       205, 1.597530325E-03, 2.798626898E-03, 0.000000000E+00, 1.597082079E-03, 2.794821720E-03, 5.000000000E-03, 1.322777871E-06, 4.348754709E+02, 7.678931289E+02, 3.000000000E+02, 1.176655108E+00, 2.350000000E+01, 2.350000000E+01, 1.862915775E+03
       206, 4.796315916E-04, 3.954332788E-03, 0.000000000E+00, 4.803073256E-04, 3.942117668E-03, 5.000000000E-03, 1.045089492E-06, 4.351364593E+02, 7.686571444E+02, 3.000000000E+02, 1.176655108E+00, 2.350000000E+01, 2.350000000E+01, 1.862915775E+03
       207, 5.458962638E-03,-6.647789851E-03, 0.000000000E+00, 5.454936644E-03,-6.652656544E-03, 5.000000000E-03, 6.432736514E-07, 4.384717011E+02, 7.714538714E+02, 3.000000000E+02, 1.176655108E+00, 2.350000000E+01, 2.350000000E+01, 1.862915775E+03
       208, 4.189334810E-03,-7.830164395E-03, 0.000000000E+00, 4.179835567E-03,-7.835708473E-03, 5.000000000E-03, 5.312538700E-07, 4.388430870E+02, 7.697289349E+02, 3.000000000E+02, 1.176655108E+00, 2.350000000E+01, 2.350000000E+01, 1.862915775E+03
       209, 2.643572399E-03,-8.707884699E-03, 0.000000000E+00, 2.636314073E-03,-8.710474653E-03, 5.000000000E-03, 4.371430981E-07, 4.391803779E+02, 7.665274647E+02, 3.000000000E+02, 1.176655108E+00, 2.350000000E+01, 2.350000000E+01, 1.862915775E+03
       210, 9.115319117E-04,-9.249711409E-03, 0.000000000E+00, 9.089891192E-04,-9.250275583E-03, 5.000000000E-03, 3.494226617E-07, 4.394853761E+02, 7.597081222E+02, 3.000000000E+02, 1.176655108E+00, 2.350000000E+01, 2.350000000E+01, 1.862915775E+03
       211,-9.278505458E-04,-9.416732006E-03, 0.000000000E+00,-9.252943146E-04,-9.417158364E-03, 5.000000000E-03, 2.698587784E-07, 4.396901361E+02, 7.441044623E+02, 3.000000000E+02, 1.176655108E+00, 2.350000000E+01, 2.350000000E+01, 1.862915775E+03
       212,-2.787737409E-03,-9.187133051E-03, 0.000000000E+00,-2.780380841E-03,-9.189396629E-03, 5.000000000E-03, 2.013277681E-07, 4.397788265E+02, 7.104355966E+02, 3.000000000E+02, 1.176655108E+00, 2.350000000E+01, 2.350000000E+01, 1.862915775E+03
       213,-4.577325191E-03,-8.561863564E-03, 0.000000000E+00,-4.567612769E-03,-8.567005726E-03, 5.000000000E-03, 1.458989577E-07, 4.397984568E+02, 6.573088276E+02, 3.000000000E+02, 1.176655108E+00, 2.350000000E+01, 2.350000000E+01, 1.862915775E+03
       214,-6.207651924E-03,-7.563554216E-03, 0.000000000E+00,-6.202865081E-03,-7.567489679E-03, 5.000000000E-03, 1.057868787E-07, 4.397951804E+02, 5.969408350E+02, 3.000000000E+02, 1.176655108E+00, 2.350000000E+01, 2.350000000E+01, 1.862915775E+03
       215, 5.115598324E-04, 5.156019703E-03, 0.000000000E+00, 5.116930614E-04, 5.183972190E-03, 5.000000000E-03, 1.347368789E-06, 4.357471063E+02, 7.699545679E+02, 3.000000000E+02, 1.176655108E+00, 2.350000000E+01, 2.350000000E+01, 1.862915775E+03
       216,-6.244304241E-04, 6.311243866E-03, 0.000000000E+00,-6.231270143E-04, 6.324492595E-03, 5.000000000E-03, 1.251066125E-06, 4.364866746E+02, 7.712339554E+02, 3.000000000E+02, 1.176655108E+00, 2.350000000E+01, 2.350000000E+01, 1.862915775E+03
       217,-2.126840176E-03, 6.990108173E-03, 0.000000000E+00,-2.121062591E-03, 6.997621221E-03, 5.000000000E-03, 1.059944599E-06, 4.372377763E+02, 7.722663853E+02, 3.000000000E+02, 1.176655108E+00, 2.350000000E+01, 2.350000000E+01, 1.862915775E+03
       218,-3.807088127E-03, 7.109297439E-03, 0.000000000E+00,-3.798330849E-03, 7.116240307E-03, 5.000000000E-03, 8.384391923E-07, 4.379363729E+02, 7.725452430E+02, 3.000000000E+02, 1.176655108E+00, 2.350000000E+01, 2.350000000E+01, 1.862915775E+03
       219,-5.458962638E-03, 6.647789851E-03, 0.000000000E+00,-5.454936644E-03, 6.652656544E-03, 5.000000000E-03, 6.432736514E-07, 4.384717011E+02, 7.714538714E+02, 3.000000000E+02, 1.176655108E+00, 2.350000000E+01, 2.350000000E+01, 1.862915775E+03
       220,-6.906215101E-03, 5.670239683E-03, 0.000000000E+00,-6.910639915E-03, 5.665852812E-03, 5.000000000E-03, 5.069179586E-07, 4.388518086E+02, 7.690275439E+02, 3.000000000E+02, 1.176655108E+00, 2.350000000E+01, 2.350000000E+01, 1.862915775E+03
       221,-8.066058159E-03, 4.314419813E-03, 0.000000000E+00,-8.071373855E-03, 4.304799338E-03, 5.000000000E-03, 4.151126575E-07, 4.391608069E+02, 7.652012888E+02, 3.000000000E+02, 1.176655108E+00, 2.350000000E+01, 2.350000000E+01, 1.862915775E+03
       222,-8.913210593E-03, 2.705337713E-03, 0.000000000E+00,-8.915617237E-03, 2.698023977E-03, 5.000000000E-03, 3.394267053E-07, 4.394427947E+02, 7.584034822E+02, 3.000000000E+02, 1.176655108E+00, 2.350000000E+01, 2.350000000E+01, 1.862915775E+03
       223,-9.416732006E-03, 9.278505458E-04, 0.000000000E+00,-9.417158364E-03, 9.252943146E-04, 5.000000000E-03, 2.698587784E-07, 4.396901361E+02, 7.441044623E+02, 3.000000000E+02, 1.176655108E+00, 2.350000000E+01, 2.350000000E+01, 1.862915775E+03
       224,-9.543433785E-03,-9.402299183E-04, 0.000000000E+00,-9.543783858E-03,-9.376661926E-04, 5.000000000E-03, 2.074697550E-07, 4.398389211E+02, 7.145796675E+02, 3.000000000E+02, 1.176655108E+00, 2.350000000E+01, 2.350000000E+01, 1.862915775E+03
       225,-9.276770055E-03,-2.814701525E-03, 0.000000000E+00,-9.279011034E-03,-2.807338170E-03, 5.000000000E-03, 1.542160695E-07, 4.398853387E+02, 6.664847936E+02, 3.000000000E+02, 1.176655108E+00, 2.350000000E+01, 2.350000000E+01, 1.862915775E+03
       226,-8.621128276E-03,-4.608750343E-03, 0.000000000E+00,-8.626273997E-03,-4.599040324E-03, 5.000000000E-03, 1.114432347E-07, 4.398736129E+02, 6.056637053E+02, 3.000000000E+02, 1.176655108E+00, 2.350000000E+01, 2.350000000E+01, 1.862915775E+03
       227,-7.600916550E-03,-6.238198373E-03, 0.000000000E+00,-7.604848435E-03,-6.233408002E-03, 5.000000000E-03, 8.064591654E-08, 4.398510646E+02, 5.474236920E+02, 3.000000000E+02, 1.176655108E+00, 2.350000000E+01, 2.350000000E+01, 1.862915775E+03
       228, 3.940104973E-03, 1.469384413E-03, 0.000000000E+00, 3.928512955E-03, 1.470582054E-03, 5.000000000E-03, 1.102273861E-06, 4.352319334E+02, 7.688347064E+02, 3.000000000E+02, 1.176655108E+00, 2.350000000E+01, 2.350000000E+01, 1.862915775E+03
       229, 5.156019237E-03, 5.115598324E-04, 0.000000000E+00, 5.183972190E-03, 5.116930614E-04, 5.000000000E-03, 1.347368789E-06, 4.357471063E+02, 7.699545679E+02, 3.000000000E+02, 1.176655108E+00, 2.350000000E+01, 2.350000000E+01, 1.862915775E+03
       230, 6.311243866E-03,-6.244304241E-04, 0.000000000E+00, 6.324492595E-03,-6.231270143E-04, 5.000000000E-03, 1.251066125E-06, 4.364866746E+02, 7.712339554E+02, 3.000000000E+02, 1.176655108E+00, 2.350000000E+01, 2.350000000E+01, 1.862915775E+03
       231, 6.990108173E-03,-2.126840176E-03, 0.000000000E+00, 6.997621221E-03,-2.121062591E-03, 5.000000000E-03, 1.059944599E-06, 4.372377763E+02, 7.722663853E+02, 3.000000000E+02, 1.176655108E+00, 2.350000000E+01, 2.350000000E+01, 1.862915775E+03
       232, 7.109297439E-03,-3.807088127E-03, 0.000000000E+00, 7.116240307E-03,-3.798330849E-03, 5.000000000E-03, 8.384391923E-07, 4.379363729E+02, 7.725452430E+02, 3.000000000E+02, 1.176655108E+00, 2.350000000E+01, 2.350000000E+01, 1.862915775E+03
       233, 6.647789851E-03,-5.458962638E-03, 0.000000000E+00, 6.652656544E-03,-5.454936644E-03, 5.000000000E-03, 6.432736514E-07, 4.384717011E+02, 7.714538714E+02, 3.000000000E+02, 1.176655108E+00, 2.350000000E+01, 2.350000000E+01, 1.862915775E+03
       234, 2.736706054E-03, 2.736706287E-03, 0.000000000E+00, 2.733218913E-03, 2.733218913E-03, 5.000000000E-03, 1.364230480E-06, 4.351327449E+02, 7.683806134E+02, 3.000000000E+02, 1.176655108E+00, 2.350000000E+01, 2.350000000E+01, 1.862915775E+03
       235, 1.469384413E-03, 3.940104973E-03, 0.000000000E+00, 1.470582054E-03, 3.928512955E-03, 5.000000000E-03, 1.102273861E-06, 4.352319334E+02, 7.688347064E+02, 3.000000000E+02, 1.176655108E+00, 2.350000000E+01, 2.350000000E+01, 1.862915775E+03
       236, 5.670240149E-03,-6.906215101E-03, 0.000000000E+00, 5.665852812E-03,-6.910639915E-03, 5.000000000E-03, 5.069179586E-07, 4.388518086E+02, 7.690275439E+02, 3.000000000E+02, 1.176655108E+00, 2.350000000E+01, 2.350000000E+01, 1.862915775E+03
       237, 4.314419813E-03,-8.066058159E-03, 0.000000000E+00, 4.304799338E-03,-8.071373855E-03, 5.000000000E-03, 4.151126575E-07, 4.391608069E+02, 7.652012888E+02, 3.000000000E+02, 1.176655108E+00, 2.350000000E+01, 2.350000000E+01, 1.862915775E+03
       238, 2.705337713E-03,-8.913210593E-03, 0.000000000E+00, 2.698023977E-03,-8.915617237E-03, 5.000000000E-03, 3.394267053E-07, 4.394427947E+02, 7.584034822E+02, 3.000000000E+02, 1.176655108E+00, 2.350000000E+01, 2.350000000E+01, 1.862915775E+03
       239, 9.278505458E-04,-9.416732006E-03, 0.000000000E+00, 9.252943146E-04,-9.417158364E-03, 5.000000000E-03, 2.698587784E-07, 4.396901361E+02, 7.441044623E+02, 3.000000000E+02, 1.176655108E+00, 2.350000000E+01, 2.350000000E+01, 1.862915775E+03
       240,-9.402299183E-04,-9.543433785E-03, 0.000000000E+00,-9.376661926E-04,-9.543783858E-03, 5.000000000E-03, 2.074697550E-07, 4.398389211E+02, 7.145796675E+02, 3.000000000E+02, 1.176655108E+00, 2.350000000E+01, 2.350000000E+01, 1.862915775E+03
       241,-2.814701525E-03,-9.276770055E-03, 0.000000000E+00,-2.807338170E-03,-9.279011034E-03, 5.000000000E-03, 1.542160695E-07, 4.398853387E+02, 6.664847936E+02, 3.000000000E+02, 1.176655108E+00, 2.350000000E+01, 2.350000000E+01, 1.862915775E+03
       242,-4.608750343E-03,-8.621128276E-03, 0.000000000E+00,-4.599040324E-03,-8.626273997E-03, 5.000000000E-03, 1.114432347E-07, 4.398736129E+02, 6.056637053E+02, 3.000000000E+02, 1.176655108E+00, 2.350000000E+01, 2.350000000E+01, 1.862915775E+03
       243,-6.238197908E-03,-7.600916550E-03, 0.000000000E+00,-6.233408002E-03,-7.604848435E-03, 5.000000000E-03, 8.064591654E-08, 4.398510646E+02, 5.474236920E+02, 3.000000000E+02, 1.176655108E+00, 2.350000000E+01, 2.350000000E+01, 1.862915775E+03
       244, 1.556907315E-03, 5.095477216E-03, 0.000000000E+00, 1.556449729E-03, 5.120675468E-03, 5.000000000E-03, 1.343480559E-06, 4.358250939E+02, 7.701039691E+02, 3.000000000E+02, 1.176655108E+00, 2.350000000E+01, 2.350000000E+01, 1.862915775E+03
       245, 6.244304241E-04, 6.311243866E-03, 0.000000000E+00, 6.231270143E-04, 6.324492595E-03, 5.000000000E-03, 1.251066125E-06, 4.364866746E+02, 7.712339554E+02, 3.000000000E+02, 1.176655108E+00, 2.350000000E+01, 2.350000000E+01, 1.862915775E+03
       246,-7.100544753E-04, 7.187600713E-03, 0.000000000E+00,-7.081211256E-04, 7.194402669E-03, 5.000000000E-03, 1.080817339E-06, 4.371773196E+02, 7.721865301E+02, 3.000000000E+02, 1.176655108E+00, 2.350000000E+01, 2.350000000E+01, 1.862915775E+03
       247,-2.313342877E-03, 7.610100321E-03, 0.000000000E+00,-2.306785190E-03, 7.615019912E-03, 5.000000000E-03, 8.752732537E-07, 4.378488267E+02, 7.725903718E+02, 3.000000000E+02, 1.176655108E+00, 2.350000000E+01, 2.350000000E+01, 1.862915775E+03
       248,-4.024446476E-03, 7.519206498E-03, 0.000000000E+00,-4.015193420E-03, 7.525214847E-03, 5.000000000E-03, 6.725845579E-07, 4.384334487E+02, 7.717993454E+02, 3.000000000E+02, 1.176655108E+00, 2.350000000E+01, 2.350000000E+01, 1.862915775E+03
       249,-5.670240149E-03, 6.906215101E-03, 0.000000000E+00,-5.665852812E-03, 6.910639915E-03, 5.000000000E-03, 5.069179586E-07, 4.388518086E+02, 7.690275439E+02, 3.000000000E+02, 1.176655108E+00, 2.350000000E+01, 2.350000000E+01, 1.862915775E+03
       250,-7.102257106E-03, 5.830515176E-03, 0.000000000E+00,-7.106446941E-03, 5.825936260E-03, 5.000000000E-03, 3.954425280E-07, 4.391419119E+02, 7.637863527E+02, 3.000000000E+02, 1.176655108E+00, 2.350000000E+01, 2.350000000E+01, 1.862915775E+03
       251,-8.245008066E-03, 4.409309477E-03, 0.000000000E+00,-8.250215419E-03, 4.399631748E-03, 5.000000000E-03, 3.218700935E-07, 4.393952340E+02, 7.558326876E+02, 3.000000000E+02, 1.176655108E+00, 2.350000000E+01, 2.350000000E+01, 1.862915775E+03
       252,-9.068971500E-03, 2.752193017E-03, 0.000000000E+00,-9.071283485E-03, 2.744850671E-03, 5.000000000E-03, 2.619838333E-07, 4.396356415E+02, 7.414146072E+02, 3.000000000E+02, 1.176655108E+00, 2.350000000E+01, 2.350000000E+01, 1.862915775E+03
       253,-9.543433785E-03, 9.402299183E-04, 0.000000000E+00,-9.543783858E-03, 9.376661926E-04, 5.000000000E-03, 2.074697550E-07, 4.398389211E+02, 7.145796675E+02, 3.000000000E+02, 1.176655108E+00, 2.350000000E+01, 2.350000000E+01, 1.862915775E+03
       254,-9.639550000E-03,-9.496209095E-04, 0.000000000E+00,-9.639857647E-03,-9.470530322E-04, 5.000000000E-03, 1.589720970E-07, 4.399491325E+02, 6.715090981E+02, 3.000000000E+02, 1.176655108E+00, 2.350000000E+01, 2.350000000E+01, 1.862915775E+03
       255,-9.344768710E-03,-2.835156862E-03, 0.000000000E+00,-9.347000288E-03,-2.827790337E-03, 5.000000000E-03, 1.178452169E-07, 4.399649909E+02, 6.150241201E+02, 3.000000000E+02, 1.176655108E+00, 2.350000000E+01, 2.350000000E+01, 1.862915775E+03
       256,-8.666086011E-03,-4.632589873E-03, 0.000000000E+00,-8.671238439E-03,-4.622883139E-03, 5.000000000E-03, 8.498075363E-08, 4.399314606E+02, 5.548530253E+02, 3.000000000E+02, 1.176655108E+00, 2.350000000E+01, 2.350000000E+01, 1.862915775E+03
       257,-7.629260421E-03,-6.261370610E-03, 0.000000000E+00,-7.633190460E-03,-6.256579229E-03, 5.000000000E-03, 6.140593800E-08, 4.398958047E+02, 5.058285163E+02, 3.000000000E+02, 1.176655108E+00, 2.350000000E+01, 2.350000000E+01, 1.862915775E+03
       258, 3.853416070E-03, 2.523129573E-03, 0.000000000E+00, 3.842110734E-03, 2.521508169E-03, 5.000000000E-03, 1.106049030E-06, 4.354395743E+02, 7.691899158E+02, 3.000000000E+02, 1.176655108E+00, 2.350000000E+01, 2.350000000E+01, 1.862915775E+03
       259, 5.095477216E-03, 1.556907315E-03, 0.000000000E+00, 5.120675468E-03, 1.556449729E-03, 5.000000000E-03, 1.343480559E-06, 4.358250939E+02, 7.701039691E+02, 3.000000000E+02, 1.176655108E+00, 2.350000000E+01, 2.350000000E+01, 1.862915775E+03
       260, 6.311243866E-03, 6.244304241E-04, 0.000000000E+00, 6.324492595E-03, 6.231270143E-04, 5.000000000E-03, 1.251066125E-06, 4.364866746E+02, 7.712339554E+02, 3.000000000E+02, 1.176655108E+00, 2.350000000E+01, 2.350000000E+01, 1.862915775E+03
       261, 7.187600713E-03,-7.100544753E-04, 0.000000000E+00, 7.194402669E-03,-7.081211256E-04, 5.000000000E-03, 1.080817339E-06, 4.371773196E+02, 7.721865301E+02, 3.000000000E+02, 1.176655108E+00, 2.350000000E+01, 2.350000000E+01, 1.862915775E+03
       262, 7.610100321E-03,-2.313342877E-03, 0.000000000E+00, 7.615019912E-03,-2.306785190E-03, 5.000000000E-03, 8.752732537E-07, 4.378488267E+02, 7.725903718E+02, 3.000000000E+02, 1.176655108E+00, 2.350000000E+01, 2.350000000E+01, 1.862915775E+03
       263, 7.519206032E-03,-4.024446476E-03, 0.000000000E+00, 7.525214847E-03,-4.015193420E-03, 5.000000000E-03, 6.725845579E-07, 4.384334487E+02, 7.717993454E+02, 3.000000000E+02, 1.176655108E+00, 2.350000000E+01, 2.350000000E+01, 1.862915775E+03
       264, 6.906215101E-03,-5.670239683E-03, 0.000000000E+00, 6.910639915E-03,-5.665852812E-03, 5.000000000E-03, 5.069179586E-07, 4.388518086E+02, 7.690275439E+02, 3.000000000E+02, 1.176655108E+00, 2.350000000E+01, 2.350000000E+01, 1.862915775E+03
       265, 2.523129573E-03, 3.853415838E-03, 0.000000000E+00, 2.521508169E-03, 3.842110734E-03, 5.000000000E-03, 1.106049030E-06, 4.354395743E+02, 7.691899158E+02, 3.000000000E+02, 1.176655108E+00, 2.350000000E+01, 2.350000000E+01, 1.862915775E+03
       266, 5.830515642E-03,-7.102257106E-03, 0.000000000E+00, 5.825936260E-03,-7.106446941E-03, 5.000000000E-03, 3.954425280E-07, 4.391419119E+02, 7.637863527E+02, 3.000000000E+02, 1.176655108E+00, 2.350000000E+01, 2.350000000E+01, 1.862915775E+03
       267, 4.409309477E-03,-8.245008066E-03, 0.000000000E+00, 4.399631748E-03,-8.250215419E-03, 5.000000000E-03, 3.218700935E-07, 4.393952340E+02, 7.558326876E+02, 3.000000000E+02, 1.176655108E+00, 2.350000000E+01, 2.350000000E+01, 1.862915775E+03
       268, 2.752193017E-03,-9.068971500E-03, 0.000000000E+00, 2.744850671E-03,-9.071283485E-03, 5.000000000E-03, 2.619838333E-07, 4.396356415E+02, 7.414146072E+02, 3.000000000E+02, 1.176655108E+00, 2.350000000E+01, 2.350000000E+01, 1.862915775E+03
       269, 9.402299183E-04,-9.543433785E-03, 0.000000000E+00, 9.376661926E-04,-9.543783858E-03, 5.000000000E-03, 2.074697550E-07, 4.398389211E+02, 7.145796675E+02, 3.000000000E+02, 1.176655108E+00, 2.350000000E+01, 2.350000000E+01, 1.862915775E+03
       270,-9.496209095E-04,-9.639550000E-03, 0.000000000E+00,-9.470530322E-04,-9.639857647E-03, 5.000000000E-03, 1.589720970E-07, 4.399491325E+02, 6.715090981E+02, 3.000000000E+02, 1.176655108E+00, 2.350000000E+01, 2.350000000E+01, 1.862915775E+03
       271,-2.835156629E-03,-9.344768710E-03, 0.000000000E+00,-2.827790337E-03,-9.347000288E-03, 5.000000000E-03, 1.178452169E-07, 4.399649909E+02, 6.150241201E+02, 3.000000000E+02, 1.176655108E+00, 2.350000000E+01, 2.350000000E+01, 1.862915775E+03
       272,-4.632589873E-03,-8.666086011E-03, 0.000000000E+00,-4.622883139E-03,-8.671238439E-03, 5.000000000E-03, 8.498075363E-08, 4.399314606E+02, 5.548530253E+02, 3.000000000E+02, 1.176655108E+00, 2.350000000E+01, 2.350000000E+01, 1.862915775E+03
       273,-6.261371076E-03,-7.629260421E-03, 0.000000000E+00,-6.256579229E-03,-7.633190460E-03, 5.000000000E-03, 6.140593800E-08, 4.398958047E+02, 5.058285163E+02, 3.000000000E+02, 1.176655108E+00, 2.350000000E+01, 2.350000000E+01, 1.862915775E+03
       274, 2.644976368E-03, 4.917705897E-03, 0.000000000E+00, 2.644103474E-03, 4.939517941E-03, 5.000000000E-03, 1.330622165E-06, 4.359770989E+02, 7.703808718E+02, 3.000000000E+02, 1.176655108E+00, 2.350000000E+01, 2.350000000E+01, 1.862915775E+03
       275, 1.880989992E-03, 6.172826979E-03, 0.000000000E+00, 1.876838580E-03, 6.185745951E-03, 5.000000000E-03, 1.234147984E-06, 4.365585926E+02, 7.713655319E+02, 3.000000000E+02, 1.176655108E+00, 2.350000000E+01, 2.350000000E+01, 1.862915775E+03
       276, 7.100544753E-04, 7.187600713E-03, 0.000000000E+00, 7.081211256E-04, 7.194402669E-03, 5.000000000E-03, 1.080817339E-06, 4.371773196E+02, 7.721865301E+02, 3.000000000E+02, 1.176655108E+00, 2.350000000E+01, 2.350000000E+01, 1.862915775E+03
       277,-7.750091027E-04, 7.852408104E-03, 0.000000000E+00,-7.727717469E-04, 7.856098237E-03, 5.000000000E-03, 8.957334135E-07, 4.378050211E+02, 7.725983036E+02, 3.000000000E+02, 1.176655108E+00, 2.350000000E+01, 2.350000000E+01, 1.862915775E+03
       278,-2.454824513E-03, 8.080428466E-03, 0.000000000E+00,-2.447874393E-03, 8.084043553E-03, 5.000000000E-03, 7.049567876E-07, 4.383793764E+02, 7.720815765E+02, 3.000000000E+02, 1.176655108E+00, 2.350000000E+01, 2.350000000E+01, 1.862915775E+03
       279,-4.189334810E-03, 7.830164395E-03, 0.000000000E+00,-4.179835567E-03, 7.835708473E-03, 5.000000000E-03, 5.312538700E-07, 4.388430870E+02, 7.697289349E+02, 3.000000000E+02, 1.176655108E+00, 2.350000000E+01, 2.350000000E+01, 1.862915775E+03
       280,-5.830515642E-03, 7.102257106E-03, 0.000000000E+00,-5.825936260E-03, 7.106446941E-03, 5.000000000E-03, 3.954425280E-07, 4.391419119E+02, 7.637863527E+02, 3.000000000E+02, 1.176655108E+00, 2.350000000E+01, 2.350000000E+01, 1.862915775E+03
       281,-7.250975817E-03, 5.952101201E-03, 0.000000000E+00,-7.255039551E-03, 5.947419222E-03, 5.000000000E-03, 3.062526154E-07, 4.393543951E+02, 7.531542459E+02, 3.000000000E+02, 1.176655108E+00, 2.350000000E+01, 2.350000000E+01, 1.862915775E+03
       282,-8.380760439E-03, 4.481293261E-03, 0.000000000E+00,-8.385920181E-03, 4.471590466E-03, 5.000000000E-03, 2.481794845E-07, 4.395675310E+02, 7.363398287E+02, 3.000000000E+02, 1.176655108E+00, 2.350000000E+01, 2.350000000E+01, 1.862915775E+03
       283,-9.187133051E-03, 2.787737409E-03, 0.000000000E+00,-9.189396629E-03, 2.780380841E-03, 5.000000000E-03, 2.013277681E-07, 4.397788265E+02, 7.104355966E+02, 3.000000000E+02, 1.176655108E+00, 2.350000000E+01, 2.350000000E+01, 1.862915775E+03
       284,-9.639550000E-03, 9.496209095E-04, 0.000000000E+00,-9.639857647E-03, 9.470530322E-04, 5.000000000E-03, 1.589720970E-07, 4.399491325E+02, 6.715090981E+02, 3.000000000E+02, 1.176655108E+00, 2.350000000E+01, 2.350000000E+01, 1.862915775E+03
       285,-9.712464176E-03,-9.567449451E-04, 0.000000000E+00,-9.712748056E-03,-9.541747516E-04, 5.000000000E-03, 1.215088014E-07, 4.400313090E+02, 6.202223878E+02, 3.000000000E+02, 1.176655108E+00, 2.350000000E+01, 2.350000000E+01, 1.862915775E+03
       286,-9.396352805E-03,-2.850674093E-03, 0.000000000E+00,-9.398581362E-03,-2.843306682E-03, 5.000000000E-03, 8.989060380E-08, 4.400256448E+02, 5.630535775E+02, 3.000000000E+02, 1.176655108E+00, 2.350000000E+01, 2.350000000E+01, 1.862915775E+03
       287,-8.700190112E-03,-4.650674295E-03, 0.000000000E+00,-8.705350499E-03,-4.640971378E-03, 5.000000000E-03, 6.471962692E-08, 4.399778378E+02, 5.112085732E+02, 3.000000000E+02, 1.176655108E+00, 2.350000000E+01, 2.350000000E+01, 1.862915775E+03
       288,-7.650761399E-03,-6.278949324E-03, 0.000000000E+00,-7.654691693E-03,-6.274157718E-03, 5.000000000E-03, 4.671376928E-08, 4.399338190E+02, 4.752709046E+02, 3.000000000E+02, 1.176655108E+00, 2.350000000E+01, 2.350000000E+01, 1.862915775E+03
       289, 3.554408671E-03, 3.554408671E-03, 0.000000000E+00, 3.543657364E-03, 3.543657364E-03, 5.000000000E-03, 7.473309248E-07, 4.355995915E+02, 7.695554604E+02, 3.000000000E+02, 1.176655108E+00, 2.350000000E+01, 2.350000000E+01, 1.862915775E+03
       290, 4.917705897E-03, 2.644976368E-03, 0.000000000E+00, 4.939517941E-03, 2.644103474E-03, 5.000000000E-03, 1.330622165E-06, 4.359770989E+02, 7.703808718E+02, 3.000000000E+02, 1.176655108E+00, 2.350000000E+01, 2.350000000E+01, 1.862915775E+03
       291, 6.172826979E-03, 1.880989992E-03, 0.000000000E+00, 6.185745951E-03, 1.876838580E-03, 5.000000000E-03, 1.234147984E-06, 4.365585926E+02, 7.713655319E+02, 3.000000000E+02, 1.176655108E+00, 2.350000000E+01, 2.350000000E+01, 1.862915775E+03
       292, 7.187600713E-03, 7.100544753E-04, 0.000000000E+00, 7.194402669E-03, 7.081211256E-04, 5.000000000E-03, 1.080817339E-06, 4.371773196E+02, 7.721865301E+02, 3.000000000E+02, 1.176655108E+00, 2.350000000E+01, 2.350000000E+01, 1.862915775E+03
       293, 7.852408104E-03,-7.750091027E-04, 0.000000000E+00, 7.856098237E-03,-7.727717469E-04, 5.000000000E-03, 8.957334135E-07, 4.378050211E+02, 7.725983036E+02, 3.000000000E+02, 1.176655108E+00, 2.350000000E+01, 2.350000000E+01, 1.862915775E+03
       294, 8.080428466E-03,-2.454824513E-03, 0.000000000E+00, 8.084043553E-03,-2.447874393E-03, 5.000000000E-03, 7.049567876E-07, 4.383793764E+02, 7.720815765E+02, 3.000000000E+02, 1.176655108E+00, 2.350000000E+01, 2.350000000E+01, 1.862915775E+03
       295, 7.830164395E-03,-4.189334810E-03, 0.000000000E+00, 7.835708473E-03,-4.179835567E-03, 5.000000000E-03, 5.312538700E-07, 4.388430870E+02, 7.697289349E+02, 3.000000000E+02, 1.176655108E+00, 2.350000000E+01, 2.350000000E+01, 1.862915775E+03
       296, 7.102257106E-03,-5.830515176E-03, 0.000000000E+00, 7.106446941E-03,-5.825936260E-03, 5.000000000E-03, 3.954425280E-07, 4.391419119E+02, 7.637863527E+02, 3.000000000E+02, 1.176655108E+00, 2.350000000E+01, 2.350000000E+01, 1.862915775E+03
       297, 5.952101666E-03,-7.250975352E-03, 0.000000000E+00, 5.947419222E-03,-7.255039551E-03, 5.000000000E-03, 3.062526154E-07, 4.393543951E+02, 7.531542459E+02, 3.000000000E+02, 1.176655108E+00, 2.350000000E+01, 2.350000000E+01, 1.862915775E+03
       298, 4.481293261E-03,-8.380760439E-03, 0.000000000E+00, 4.471590466E-03,-8.385920181E-03, 5.000000000E-03, 2.481794845E-07, 4.395675310E+02, 7.363398287E+02, 3.000000000E+02, 1.176655108E+00, 2.350000000E+01, 2.350000000E+01, 1.862915775E+03
       299, 2.787737641E-03,-9.187132120E-03, 0.000000000E+00, 2.780380841E-03,-9.189396629E-03, 5.000000000E-03, 2.013277681E-07, 4.397788265E+02, 7.104355966E+02, 3.000000000E+02, 1.176655108E+00, 2.350000000E+01, 2.350000000E+01, 1.862915775E+03
       300, 9.496209095E-04,-9.639550000E-03, 0.000000000E+00, 9.470530322E-04,-9.639857647E-03, 5.000000000E-03, 1.589720970E-07, 4.399491325E+02, 6.715090981E+02, 3.000000000E+02, 1.176655108E+00, 2.350000000E+01, 2.350000000E+01, 1.862915775E+03
       301,-9.567449451E-04,-9.712465107E-03, 0.000000000E+00,-9.541747516E-04,-9.712748056E-03, 5.000000000E-03, 1.215088014E-07, 4.400313090E+02, 6.202223878E+02, 3.000000000E+02, 1.176655108E+00, 2.350000000E+01, 2.350000000E+01, 1.862915775E+03
       302,-2.850674093E-03,-9.396353737E-03, 0.000000000E+00,-2.843306682E-03,-9.398581362E-03, 5.000000000E-03, 8.989060380E-08, 4.400256448E+02, 5.630535775E+02, 3.000000000E+02, 1.176655108E+00, 2.350000000E+01, 2.350000000E+01, 1.862915775E+03
       303,-4.650674295E-03,-8.700191043E-03, 0.000000000E+00,-4.640971378E-03,-8.705350499E-03, 5.000000000E-03, 6.471962692E-08, 4.399778378E+02, 5.112085732E+02, 3.000000000E+02, 1.176655108E+00, 2.350000000E+01, 2.350000000E+01, 1.862915775E+03
       304,-6.278949324E-03,-7.650761399E-03, 0.000000000E+00,-6.274157718E-03,-7.654691693E-03, 5.000000000E-03, 4.671376928E-08, 4.399338190E+02, 4.752709046E+02, 3.000000000E+02, 1.176655108E+00, 2.350000000E+01, 2.350000000E+01, 1.862915775E+03
       305, 3.691398539E-03, 4.485783633E-03, 0.000000000E+00, 3.697992161E-03, 4.503639405E-03, 5.000000000E-03, 1.312066148E-06, 4.360907713E+02, 7.706045250E+02, 3.000000000E+02, 1.176655108E+00, 2.350000000E+01, 2.350000000E+01, 1.862915775E+03
       306, 3.142864676E-03, 5.856657866E-03, 0.000000000E+00, 3.137228433E-03, 5.869487332E-03, 5.000000000E-03, 1.201150364E-06, 4.366958590E+02, 7.715965725E+02, 3.000000000E+02, 1.176655108E+00, 2.350000000E+01, 2.350000000E+01, 1.862915775E+03
       307, 2.126840176E-03, 6.990108173E-03, 0.000000000E+00, 2.121062591E-03, 6.997621221E-03, 5.000000000E-03, 1.059944599E-06, 4.372377763E+02, 7.722663853E+02, 3.000000000E+02, 1.176655108E+00, 2.350000000E+01, 2.350000000E+01, 1.862915775E+03
       308, 7.750091027E-04, 7.852408104E-03, 0.000000000E+00, 7.727717469E-04, 7.856098237E-03, 5.000000000E-03, 8.957334135E-07, 4.378050211E+02, 7.725983036E+02, 3.000000000E+02, 1.176655108E+00, 2.350000000E+01, 2.350000000E+01, 1.862915775E+03
       309,-8.242839249E-04, 8.356733248E-03, 0.000000000E+00,-8.218914606E-04, 8.358835817E-03, 5.000000000E-03, 7.231401129E-07, 4.383539578E+02, 7.722147219E+02, 3.000000000E+02, 1.176655108E+00, 2.350000000E+01, 2.350000000E+01, 1.862915775E+03
       310,-2.562152920E-03, 8.437220007E-03, 0.000000000E+00,-2.555000229E-03, 8.440162578E-03, 5.000000000E-03, 5.583607975E-07, 4.388268555E+02, 7.703692458E+02, 3.000000000E+02, 1.176655108E+00, 2.350000000E+01, 2.350000000E+01, 1.862915775E+03
       311,-4.314419813E-03, 8.066058159E-03, 0.000000000E+00,-4.304799338E-03, 8.071373855E-03, 5.000000000E-03, 4.151126575E-07, 4.391608069E+02, 7.652012888E+02, 3.000000000E+02, 1.176655108E+00, 2.350000000E+01, 2.350000000E+01, 1.862915775E+03
       312,-5.952101666E-03, 7.250975352E-03, 0.000000000E+00,-5.947419222E-03, 7.255039551E-03, 5.000000000E-03, 3.062526154E-07, 4.393543951E+02, 7.531542459E+02, 3.000000000E+02, 1.176655108E+00, 2.350000000E+01, 2.350000000E+01, 1.862915775E+03
       313,-7.363793906E-03, 6.044336595E-03, 0.000000000E+00,-7.367790865E-03, 6.039599873E-03, 5.000000000E-03, 2.359316813E-07, 4.395109266E+02, 7.310789989E+02, 3.000000000E+02, 1.176655108E+00, 2.350000000E+01, 2.350000000E+01, 1.862915775E+03
       314,-8.483741432E-03, 4.535900429E-03, 0.000000000E+00,-8.488885386E-03, 4.526188729E-03, 5.000000000E-03, 1.905761506E-07, 4.396979014E+02, 7.027770749E+02, 3.000000000E+02, 1.176655108E+00, 2.350000000E+01, 2.350000000E+01, 1.862915775E+03
       315,-9.276770055E-03, 2.814701525E-03, 0.000000000E+00,-9.279011034E-03, 2.807338170E-03, 5.000000000E-03, 1.542160695E-07, 4.398853387E+02, 6.664847936E+02, 3.000000000E+02, 1.176655108E+00, 2.350000000E+01, 2.350000000E+01, 1.862915775E+03
       316,-9.712465107E-03, 9.567449451E-04, 0.000000000E+00,-9.712748056E-03, 9.541747516E-04, 5.000000000E-03, 1.215088014E-07, 4.400313090E+02, 6.202223878E+02, 3.000000000E+02, 1.176655108E+00, 2.350000000E+01, 2.350000000E+01, 1.862915775E+03
       317,-9.767778218E-03,-9.621492936E-04, 0.000000000E+00,-9.768047745E-03,-9.595777790E-04, 5.000000000E-03, 9.270183419E-08, 4.400936256E+02, 5.676454309E+02, 3.000000000E+02, 1.176655108E+00, 2.350000000E+01, 2.350000000E+01, 1.862915775E+03
       318,-9.435485117E-03,-2.862445544E-03, 0.000000000E+00,-9.437713309E-03,-2.855078147E-03, 5.000000000E-03, 6.847491987E-08, 4.400739474E+02, 5.172828563E+02, 3.000000000E+02, 1.176655108E+00, 2.350000000E+01, 2.350000000E+01, 1.862915775E+03
       319,-8.726063184E-03,-4.664393142E-03, 0.000000000E+00,-8.731229092E-03,-4.654693744E-03, 5.000000000E-03, 4.924208522E-08, 4.400175996E+02, 4.785362667E+02, 3.000000000E+02, 1.176655108E+00, 2.350000000E+01, 2.350000000E+01, 1.862915775E+03
       320,-7.667073049E-03,-6.292284466E-03, 0.000000000E+00,-7.671003101E-03,-6.287493227E-03, 5.000000000E-03, 3.551261791E-08, 4.399647907E+02, 4.556340359E+02, 3.000000000E+02, 1.176655108E+00, 2.350000000E+01, 2.350000000E+01, 1.862915775E+03
       321, 4.485783633E-03, 3.691398539E-03, 0.000000000E+00, 4.503639405E-03, 3.697992161E-03, 5.000000000E-03, 1.312066148E-06, 4.360907713E+02, 7.706045250E+02, 3.000000000E+02, 1.176655108E+00, 2.350000000E+01, 2.350000000E+01, 1.862915775E+03
       322, 5.856658332E-03, 3.142864676E-03, 0.000000000E+00, 5.869487332E-03, 3.137228433E-03, 5.000000000E-03, 1.201150364E-06, 4.366958590E+02, 7.715965725E+02, 3.000000000E+02, 1.176655108E+00, 2.350000000E+01, 2.350000000E+01, 1.862915775E+03
       323, 6.990108173E-03, 2.126840176E-03, 0.000000000E+00, 6.997621221E-03, 2.121062591E-03, 5.000000000E-03, 1.059944599E-06, 4.372377763E+02, 7.722663853E+02, 3.000000000E+02, 1.176655108E+00, 2.350000000E+01, 2.350000000E+01, 1.862915775E+03
       324, 7.852408104E-03, 7.750091027E-04, 0.000000000E+00, 7.856098237E-03, 7.727717469E-04, 5.000000000E-03, 8.957334135E-07, 4.378050211E+02, 7.725983036E+02, 3.000000000E+02, 1.176655108E+00, 2.350000000E+01, 2.350000000E+01, 1.862915775E+03
       325, 8.356733248E-03,-8.242839249E-04, 0.000000000E+00, 8.358835817E-03,-8.218914606E-04, 5.000000000E-03, 7.231401129E-07, 4.383539578E+02, 7.722147219E+02, 3.000000000E+02, 1.176655108E+00, 2.350000000E+01, 2.350000000E+01, 1.862915775E+03
       326, 8.437220007E-03,-2.562152920E-03, 0.000000000E+00, 8.440162578E-03,-2.555000229E-03, 5.000000000E-03, 5.583607975E-07, 4.388268555E+02, 7.703692458E+02, 3.000000000E+02, 1.176655108E+00, 2.350000000E+01, 2.350000000E+01, 1.862915775E+03
       327, 8.066058159E-03,-4.314419813E-03, 0.000000000E+00, 8.071373855E-03,-4.304799338E-03, 5.000000000E-03, 4.151126575E-07, 4.391608069E+02, 7.652012888E+02, 3.000000000E+02, 1.176655108E+00, 2.350000000E+01, 2.350000000E+01, 1.862915775E+03
       328, 7.250975817E-03,-5.952101201E-03, 0.000000000E+00, 7.255039551E-03,-5.947419222E-03, 5.000000000E-03, 3.062526154E-07, 4.393543951E+02, 7.531542459E+02, 3.000000000E+02, 1.176655108E+00, 2.350000000E+01, 2.350000000E+01, 1.862915775E+03
       329, 6.044336595E-03,-7.363793906E-03, 0.000000000E+00, 6.039599873E-03,-7.367790865E-03, 5.000000000E-03, 2.359316813E-07, 4.395109266E+02, 7.310789989E+02, 3.000000000E+02, 1.176655108E+00, 2.350000000E+01, 2.350000000E+01, 1.862915775E+03
       330, 4.535900429E-03,-8.483741432E-03, 0.000000000E+00, 4.526188729E-03,-8.488885386E-03, 5.000000000E-03, 1.905761506E-07, 4.396979014E+02, 7.027770749E+02, 3.000000000E+02, 1.176655108E+00, 2.350000000E+01, 2.350000000E+01, 1.862915775E+03
       331, 2.814701525E-03,-9.276770055E-03, 0.000000000E+00, 2.807338170E-03,-9.279011034E-03, 5.000000000E-03, 1.542160695E-07, 4.398853387E+02, 6.664847936E+02, 3.000000000E+02, 1.176655108E+00, 2.350000000E+01, 2.350000000E+01, 1.862915775E+03
       332, 9.567449451E-04,-9.712464176E-03, 0.000000000E+00, 9.541747516E-04,-9.712748056E-03, 5.000000000E-03, 1.215088014E-07, 4.400313090E+02, 6.202223878E+02, 3.000000000E+02, 1.176655108E+00, 2.350000000E+01, 2.350000000E+01, 1.862915775E+03
       333,-9.621492936E-04,-9.767777286E-03, 0.000000000E+00,-9.595777790E-04,-9.768047745E-03, 5.000000000E-03, 9.270183419E-08, 4.400936256E+02, 5.676454309E+02, 3.000000000E+02, 1.176655108E+00, 2.350000000E+01, 2.350000000E+01, 1.862915775E+03
       334,-2.862445544E-03,-9.435485117E-03, 0.000000000E+00,-2.855078147E-03,-9.437713309E-03, 5.000000000E-03, 6.847491987E-08, 4.400739474E+02, 5.172828563E+02, 3.000000000E+02, 1.176655108E+00, 2.350000000E+01, 2.350000000E+01, 1.862915775E+03
       335,-4.664393608E-03,-8.726063184E-03, 0.000000000E+00,-4.654693744E-03,-8.731229092E-03, 5.000000000E-03, 4.924208522E-08, 4.400175996E+02, 4.785362667E+02, 3.000000000E+02, 1.176655108E+00, 2.350000000E+01, 2.350000000E+01, 1.862915775E+03
       336,-6.292284466E-03,-7.667072583E-03, 0.000000000E+00,-6.287493227E-03,-7.671003101E-03, 5.000000000E-03, 3.551261791E-08, 4.399647907E+02, 4.556340359E+02, 3.000000000E+02, 1.176655108E+00, 2.350000000E+01, 2.350000000E+01, 1.862915775E+03
       337, 4.329360556E-03, 5.266110413E-03, 0.000000000E+00, 4.330070014E-03, 5.276769207E-03, 5.000000000E-03, 1.167921481E-06, 4.368115703E+02, 7.717713189E+02, 3.000000000E+02, 1.176655108E+00, 2.350000000E+01, 2.350000000E+01, 1.862915775E+03
       338, 3.520564409E-03, 6.568950601E-03, 0.000000000E+00, 3.512813364E-03, 6.577791550E-03, 5.000000000E-03, 1.021536535E-06, 4.373539164E+02, 7.723910594E+02, 3.000000000E+02, 1.176655108E+00, 2.350000000E+01, 2.350000000E+01, 1.862915775E+03
       339, 2.313342877E-03, 7.610100321E-03, 0.000000000E+00, 2.306785190E-03, 7.615019912E-03, 5.000000000E-03, 8.752732537E-07, 4.378488267E+02, 7.725903718E+02, 3.000000000E+02, 1.176655108E+00, 2.350000000E+01, 2.350000000E+01, 1.862915775E+03
       340, 8.242839249E-04, 8.356733248E-03, 0.000000000E+00, 8.218914606E-04, 8.358835817E-03, 5.000000000E-03, 7.231401129E-07, 4.383539578E+02, 7.722147219E+02, 3.000000000E+02, 1.176655108E+00, 2.350000000E+01, 2.350000000E+01, 1.862915775E+03
       341,-8.616638952E-04, 8.739314973E-03, 0.000000000E+00,-8.591895881E-04, 8.740580109E-03, 5.000000000E-03, 5.736867551E-07, 4.388221759E+02, 7.706942249E+02, 3.000000000E+02, 1.176655108E+00, 2.350000000E+01, 2.350000000E+01, 1.862915775E+03
       342,-2.643572399E-03, 8.707884699E-03, 0.000000000E+00,-2.636314073E-03, 8.710474653E-03, 5.000000000E-03, 4.371430981E-07, 4.391803779E+02, 7.665274647E+02, 3.000000000E+02, 1.176655108E+00, 2.350000000E+01, 2.350000000E+01, 1.862915775E+03
       343,-4.409309477E-03, 8.245008066E-03, 0.000000000E+00,-4.399631748E-03, 8.250215419E-03, 5.000000000E-03, 3.218700935E-07, 4.393952340E+02, 7.558326876E+02, 3.000000000E+02, 1.176655108E+00, 2.350000000E+01, 2.350000000E+01, 1.862915775E+03
       344,-6.044336595E-03, 7.363793906E-03, 0.000000000E+00,-6.039599873E-03, 7.367790865E-03, 5.000000000E-03, 2.359316813E-07, 4.395109266E+02, 7.310789989E+02, 3.000000000E+02, 1.176655108E+00, 2.350000000E+01, 2.350000000E+01, 1.862915775E+03
       345,-7.449377794E-03, 6.114306860E-03, 0.000000000E+00,-7.453339999E-03, 6.109541185E-03, 5.000000000E-03, 1.810545443E-07, 4.396303685E+02, 6.951225513E+02, 3.000000000E+02, 1.176655108E+00, 2.350000000E+01, 2.350000000E+01, 1.862915775E+03
       346,-8.561863564E-03, 4.577325191E-03, 0.000000000E+00,-8.567005726E-03, 4.567612769E-03, 5.000000000E-03, 1.458989577E-07, 4.397984568E+02, 6.573088276E+02, 3.000000000E+02, 1.176655108E+00, 2.350000000E+01, 2.350000000E+01, 1.862915775E+03
       347,-9.344768710E-03, 2.835156629E-03, 0.000000000E+00,-9.347000288E-03, 2.827790337E-03, 5.000000000E-03, 1.178452169E-07, 4.399649909E+02, 6.150241201E+02, 3.000000000E+02, 1.176655108E+00, 2.350000000E+01, 2.350000000E+01, 1.862915775E+03
       348,-9.767777286E-03, 9.621492936E-04, 0.000000000E+00,-9.768047745E-03, 9.595777790E-04, 5.000000000E-03, 9.270183419E-08, 4.400936256E+02, 5.676454309E+02, 3.000000000E+02, 1.176655108E+00, 2.350000000E+01, 2.350000000E+01, 1.862915775E+03
       349,-9.809738025E-03,-9.662490338E-04, 0.000000000E+00,-9.810000975E-03,-9.636767976E-04, 5.000000000E-03, 7.062595700E-08, 4.401431222E+02, 5.207369796E+02, 3.000000000E+02, 1.176655108E+00, 2.350000000E+01, 2.350000000E+01, 1.862915775E+03
       350,-9.465171024E-03,-2.871375531E-03, 0.000000000E+00,-9.467400281E-03,-2.864008424E-03, 5.000000000E-03, 5.210850939E-08, 4.401152094E+02, 4.822815916E+02, 3.000000000E+02, 1.176655108E+00, 2.350000000E+01, 2.350000000E+01, 1.862915775E+03
       351,-8.745689876E-03,-4.674800672E-03, 0.000000000E+00,-8.750861288E-03,-4.665103899E-03, 5.000000000E-03, 3.743897441E-08, 4.400492850E+02, 4.572585513E+02, 3.000000000E+02, 1.176655108E+00, 2.350000000E+01, 2.350000000E+01, 1.862915775E+03
       352,-7.679446135E-03,-6.302400492E-03, 0.000000000E+00,-7.683377274E-03,-6.297609822E-03, 5.000000000E-03, 2.698337776E-08, 4.399743458E+02, 4.448588000E+02, 3.000000000E+02, 1.176655108E+00, 2.350000000E+01, 2.350000000E+01, 1.862915775E+03
       353, 5.266109947E-03, 4.329360556E-03, 0.000000000E+00, 5.276769207E-03, 4.330070014E-03, 5.000000000E-03, 1.167921481E-06, 4.368115703E+02, 7.717713189E+02, 3.000000000E+02, 1.176655108E+00, 2.350000000E+01, 2.350000000E+01, 1.862915775E+03
       354, 6.568950601E-03, 3.520564176E-03, 0.000000000E+00, 6.577791550E-03, 3.512813364E-03, 5.000000000E-03, 1.021536535E-06, 4.373539164E+02, 7.723910594E+02, 3.000000000E+02, 1.176655108E+00, 2.350000000E+01, 2.350000000E+01, 1.862915775E+03
       355, 7.610100321E-03, 2.313342877E-03, 0.000000000E+00, 7.615019912E-03, 2.306785190E-03, 5.000000000E-03, 8.752732537E-07, 4.378488267E+02, 7.725903718E+02, 3.000000000E+02, 1.176655108E+00, 2.350000000E+01, 2.350000000E+01, 1.862915775E+03
       356, 8.356733248E-03, 8.242839249E-04, 0.000000000E+00, 8.358835817E-03, 8.218914606E-04, 5.000000000E-03, 7.231401129E-07, 4.383539578E+02, 7.722147219E+02, 3.000000000E+02, 1.176655108E+00, 2.350000000E+01, 2.350000000E+01, 1.862915775E+03
       357, 8.739315905E-03,-8.616638952E-04, 0.000000000E+00, 8.740580109E-03,-8.591895881E-04, 5.000000000E-03, 5.736867551E-07, 4.388221759E+02, 7.706942249E+02, 3.000000000E+02, 1.176655108E+00, 2.350000000E+01, 2.350000000E+01, 1.862915775E+03
       358, 8.707883768E-03,-2.643572632E-03, 0.000000000E+00, 8.710474653E-03,-2.636314073E-03, 5.000000000E-03, 4.371430981E-07, 4.391803779E+02, 7.665274647E+02, 3.000000000E+02, 1.176655108E+00, 2.350000000E+01, 2.350000000E+01, 1.862915775E+03
       359, 8.245008066E-03,-4.409309477E-03, 0.000000000E+00, 8.250215419E-03,-4.399631748E-03, 5.000000000E-03, 3.218700935E-07, 4.393952340E+02, 7.558326876E+02, 3.000000000E+02, 1.176655108E+00, 2.350000000E+01, 2.350000000E+01, 1.862915775E+03
       360, 7.363793906E-03,-6.044336595E-03, 0.000000000E+00, 7.367790865E-03,-6.039599873E-03, 5.000000000E-03, 2.359316813E-07, 4.395109266E+02, 7.310789989E+02, 3.000000000E+02, 1.176655108E+00, 2.350000000E+01, 2.350000000E+01, 1.862915775E+03
       361, 6.114306860E-03,-7.449377794E-03, 0.000000000E+00, 6.109541185E-03,-7.453339999E-03, 5.000000000E-03, 1.810545443E-07, 4.396303685E+02, 6.951225513E+02, 3.000000000E+02, 1.176655108E+00, 2.350000000E+01, 2.350000000E+01, 1.862915775E+03
       362, 4.577325657E-03,-8.561864495E-03, 0.000000000E+00, 4.567612769E-03,-8.567005726E-03, 5.000000000E-03, 1.458989577E-07, 4.397984568E+02, 6.573088276E+02, 3.000000000E+02, 1.176655108E+00, 2.350000000E+01, 2.350000000E+01, 1.862915775E+03
       363, 2.835156862E-03,-9.344768710E-03, 0.000000000E+00, 2.827790337E-03,-9.347000288E-03, 5.000000000E-03, 1.178452169E-07, 4.399649909E+02, 6.150241201E+02, 3.000000000E+02, 1.176655108E+00, 2.350000000E+01, 2.350000000E+01, 1.862915775E+03
       364, 9.621492936E-04,-9.767778218E-03, 0.000000000E+00, 9.595777790E-04,-9.768047745E-03, 5.000000000E-03, 9.270183419E-08, 4.400936256E+02, 5.676454309E+02, 3.000000000E+02, 1.176655108E+00, 2.350000000E+01, 2.350000000E+01, 1.862915775E+03
       365,-9.662490338E-04,-9.809738025E-03, 0.000000000E+00,-9.636767976E-04,-9.810000975E-03, 5.000000000E-03, 7.062595700E-08, 4.401431222E+02, 5.207369796E+02, 3.000000000E+02, 1.176655108E+00, 2.350000000E+01, 2.350000000E+01, 1.862915775E+03
       366,-2.871375531E-03,-9.465171024E-03, 0.000000000E+00,-2.864008424E-03,-9.467400281E-03, 5.000000000E-03, 5.210850939E-08, 4.401152094E+02, 4.822815916E+02, 3.000000000E+02, 1.176655108E+00, 2.350000000E+01, 2.350000000E+01, 1.862915775E+03
       367,-4.674800672E-03,-8.745689876E-03, 0.000000000E+00,-4.665103899E-03,-8.750861288E-03, 5.000000000E-03, 3.743897441E-08, 4.400492850E+02, 4.572585513E+02, 3.000000000E+02, 1.176655108E+00, 2.350000000E+01, 2.350000000E+01, 1.862915775E+03
       368,-6.302400492E-03,-7.679446135E-03, 0.000000000E+00,-6.297609822E-03,-7.683377274E-03, 5.000000000E-03, 2.698337776E-08, 4.399743458E+02, 4.448588000E+02, 3.000000000E+02, 1.176655108E+00, 2.350000000E+01, 2.350000000E+01, 1.862915775E+03
       369, 4.813320469E-03, 5.858068820E-03, 0.000000000E+00, 4.811319556E-03, 5.865412459E-03, 5.000000000E-03, 9.853072991E-07, 4.374518916E+02, 7.724498380E+02, 3.000000000E+02, 1.176655108E+00, 2.350000000E+01, 2.350000000E+01, 1.862915775E+03
       370, 3.807088127E-03, 7.109297439E-03, 0.000000000E+00, 3.798330849E-03, 7.116240307E-03, 5.000000000E-03, 8.384391923E-07, 4.379363729E+02, 7.725452430E+02, 3.000000000E+02, 1.176655108E+00, 2.350000000E+01, 2.350000000E+01, 1.862915775E+03
       371, 2.454824513E-03, 8.080428466E-03, 0.000000000E+00, 2.447874393E-03, 8.084043553E-03, 5.000000000E-03, 7.049567876E-07, 4.383793764E+02, 7.720815765E+02, 3.000000000E+02, 1.176655108E+00, 2.350000000E+01, 2.350000000E+01, 1.862915775E+03
       372, 8.616638952E-04, 8.739315905E-03, 0.000000000E+00, 8.591895881E-04, 8.740580109E-03, 5.000000000E-03, 5.736867551E-07, 4.388221759E+02, 7.706942249E+02, 3.000000000E+02, 1.176655108E+00, 2.350000000E+01, 2.350000000E+01, 1.862915775E+03
       373,-8.900205139E-04, 9.029543959E-03, 0.000000000E+00,-8.875019604E-04, 9.030355688E-03, 5.000000000E-03, 4.496510682E-07, 4.392019915E+02, 7.672143124E+02, 3.000000000E+02, 1.176655108E+00, 2.350000000E+01, 2.350000000E+01, 1.862915775E+03
       374,-2.705337713E-03, 8.913210593E-03, 0.000000000E+00,-2.698023977E-03, 8.915617237E-03, 5.000000000E-03, 3.394267053E-07, 4.394427947E+02, 7.584034822E+02, 3.000000000E+02, 1.176655108E+00, 2.350000000E+01, 2.350000000E+01, 1.862915775E+03
       375,-4.481293261E-03, 8.380760439E-03, 0.000000000E+00,-4.471590466E-03, 8.385920181E-03, 5.000000000E-03, 2.481794845E-07, 4.395675310E+02, 7.363398287E+02, 3.000000000E+02, 1.176655108E+00, 2.350000000E+01, 2.350000000E+01, 1.862915775E+03
       376,-6.114306860E-03, 7.449377794E-03, 0.000000000E+00,-6.109541185E-03, 7.453339999E-03, 5.000000000E-03, 1.810545443E-07, 4.396303685E+02, 6.951225513E+02, 3.000000000E+02, 1.176655108E+00, 2.350000000E+01, 2.350000000E+01, 1.862915775E+03
       377,-7.514302153E-03, 6.167385727E-03, 0.000000000E+00,-7.518246522E-03, 6.162605982E-03, 5.000000000E-03, 1.385432561E-07, 4.397230771E+02, 6.484765744E+02, 3.000000000E+02, 1.176655108E+00, 2.350000000E+01, 2.350000000E+01, 1.862915775E+03
       378,-8.621128276E-03, 4.608750343E-03, 0.000000000E+00,-8.626273997E-03, 4.599040324E-03, 5.000000000E-03, 1.114432347E-07, 4.398736129E+02, 6.056637053E+02, 3.000000000E+02, 1.176655108E+00, 2.350000000E+01, 2.350000000E+01, 1.862915775E+03
       379,-9.396353737E-03, 2.850674093E-03, 0.000000000E+00,-9.398581362E-03, 2.843306682E-03, 5.000000000E-03, 8.989060380E-08, 4.400256448E+02, 5.630535775E+02, 3.000000000E+02, 1.176655108E+00, 2.350000000E+01, 2.350000000E+01, 1.862915775E+03
       380,-9.809738025E-03, 9.662490338E-04, 0.000000000E+00,-9.810000975E-03, 9.636767976E-04, 5.000000000E-03, 7.062595700E-08, 4.401431222E+02, 5.207369796E+02, 3.000000000E+02, 1.176655108E+00, 2.350000000E+01, 2.350000000E+01, 1.862915775E+03
       381,-9.841569699E-03,-9.693591273E-04, 0.000000000E+00,-9.841828368E-03,-9.667864764E-04, 5.000000000E-03, 5.375089836E-08, 4.401852812E+02, 4.844693747E+02, 3.000000000E+02, 1.176655108E+00, 2.350000000E+01, 2.350000000E+01, 1.862915775E+03
       382,-9.487691335E-03,-2.878149739E-03, 0.000000000E+00,-9.489921682E-03,-2.870783193E-03, 5.000000000E-03, 3.962360833E-08, 4.401476937E+02, 4.591421153E+02, 3.000000000E+02, 1.176655108E+00, 2.350000000E+01, 2.350000000E+01, 1.862915775E+03
       383,-8.760578930E-03,-4.682695493E-03, 0.000000000E+00,-8.765754684E-03,-4.673001261E-03, 5.000000000E-03, 2.844953350E-08, 4.400579928E+02, 4.454595711E+02, 3.000000000E+02, 1.176655108E+00, 2.350000000E+01, 2.350000000E+01, 1.862915775E+03
       384,-7.688832935E-03,-6.310074590E-03, 0.000000000E+00,-7.692764526E-03,-6.305284437E-03, 5.000000000E-03, 2.049464747E-08, 4.398684688E+02, 4.403858941E+02, 3.000000000E+02, 1.176655108E+00, 2.350000000E+01, 2.350000000E+01, 1.862915775E+03
       385, 5.858068820E-03, 4.813320469E-03, 0.000000000E+00, 5.865412459E-03, 4.811319556E-03, 5.000000000E-03, 9.853072991E-07, 4.374518916E+02, 7.724498380E+02, 3.000000000E+02, 1.176655108E+00, 2.350000000E+01, 2.350000000E+01, 1.862915775E+03
       386, 7.109297439E-03, 3.807088127E-03, 0.000000000E+00, 7.116240307E-03, 3.798330849E-03, 5.000000000E-03, 8.384391923E-07, 4.379363729E+02, 7.725452430E+02, 3.000000000E+02, 1.176655108E+00, 2.350000000E+01, 2.350000000E+01, 1.862915775E+03
       387, 8.080428466E-03, 2.454824513E-03, 0.000000000E+00, 8.084043553E-03, 2.447874393E-03, 5.000000000E-03, 7.049567876E-07, 4.383793764E+02, 7.720815765E+02, 3.000000000E+02, 1.176655108E+00, 2.350000000E+01, 2.350000000E+01, 1.862915775E+03
       388, 8.739314973E-03, 8.616638952E-04, 0.000000000E+00, 8.740580109E-03, 8.591895881E-04, 5.000000000E-03, 5.736867551E-07, 4.388221759E+02, 7.706942249E+02, 3.000000000E+02, 1.176655108E+00, 2.350000000E+01, 2.350000000E+01, 1.862915775E+03
       389, 9.029543959E-03,-8.900205139E-04, 0.000000000E+00, 9.030355688E-03,-8.875019604E-04, 5.000000000E-03, 4.496510682E-07, 4.392019915E+02, 7.672143124E+02, 3.000000000E+02, 1.176655108E+00, 2.350000000E+01, 2.350000000E+01, 1.862915775E+03
       390, 8.913210593E-03,-2.705337713E-03, 0.000000000E+00, 8.915617237E-03,-2.698023977E-03, 5.000000000E-03, 3.394267053E-07, 4.394427947E+02, 7.584034822E+02, 3.000000000E+02, 1.176655108E+00, 2.350000000E+01, 2.350000000E+01, 1.862915775E+03
       391, 8.380760439E-03,-4.481293261E-03, 0.000000000E+00, 8.385920181E-03,-4.471590466E-03, 5.000000000E-03, 2.481794845E-07, 4.395675310E+02, 7.363398287E+02, 3.000000000E+02, 1.176655108E+00, 2.350000000E+01, 2.350000000E+01, 1.862915775E+03
       392, 7.449377794E-03,-6.114306860E-03, 0.000000000E+00, 7.453339999E-03,-6.109541185E-03, 5.000000000E-03, 1.810545443E-07, 4.396303685E+02, 6.951225513E+02, 3.000000000E+02, 1.176655108E+00, 2.350000000E+01, 2.350000000E+01, 1.862915775E+03
       393, 6.167386193E-03,-7.514302619E-03, 0.000000000E+00, 6.162605982E-03,-7.518246522E-03, 5.000000000E-03, 1.385432561E-07, 4.397230771E+02, 6.484765744E+02, 3.000000000E+02, 1.176655108E+00, 2.350000000E+01, 2.350000000E+01, 1.862915775E+03
       394, 4.608750343E-03,-8.621128276E-03, 0.000000000E+00, 4.599040324E-03,-8.626273997E-03, 5.000000000E-03, 1.114432347E-07, 4.398736129E+02, 6.056637053E+02, 3.000000000E+02, 1.176655108E+00, 2.350000000E+01, 2.350000000E+01, 1.862915775E+03
       395, 2.850674093E-03,-9.396352805E-03, 0.000000000E+00, 2.843306682E-03,-9.398581362E-03, 5.000000000E-03, 8.989060380E-08, 4.400256448E+02, 5.630535775E+02, 3.000000000E+02, 1.176655108E+00, 2.350000000E+01, 2.350000000E+01, 1.862915775E+03
       396, 9.662490338E-04,-9.809738025E-03, 0.000000000E+00, 9.636767976E-04,-9.810000975E-03, 5.000000000E-03, 7.062595700E-08, 4.401431222E+02, 5.207369796E+02, 3.000000000E+02, 1.176655108E+00, 2.350000000E+01, 2.350000000E+01, 1.862915775E+03
       397,-9.693591273E-04,-9.841569699E-03, 0.000000000E+00,-9.667864764E-04,-9.841828368E-03, 5.000000000E-03, 5.375089836E-08, 4.401852812E+02, 4.844693747E+02, 3.000000000E+02, 1.176655108E+00, 2.350000000E+01, 2.350000000E+01, 1.862915775E+03
       398,-2.878149739E-03,-9.487690404E-03, 0.000000000E+00,-2.870783193E-03,-9.489921682E-03, 5.000000000E-03, 3.962360833E-08, 4.401476937E+02, 4.591421153E+02, 3.000000000E+02, 1.176655108E+00, 2.350000000E+01, 2.350000000E+01, 1.862915775E+03
       399,-4.682695493E-03,-8.760578930E-03, 0.000000000E+00,-4.673001261E-03,-8.765754684E-03, 5.000000000E-03, 2.844953350E-08, 4.400579928E+02, 4.454595711E+02, 3.000000000E+02, 1.176655108E+00, 2.350000000E+01, 2.350000000E+01, 1.862915775E+03
       400,-6.310074590E-03,-7.688832935E-03, 0.000000000E+00,-6.305284437E-03,-7.692764526E-03, 5.000000000E-03, 2.049464747E-08, 4.398684688E+02, 4.403858941E+02, 3.000000000E+02, 1.176655108E+00, 2.350000000E+01, 2.350000000E+01, 1.862915775E+03
       401, 5.180453882E-03, 6.307130679E-03, 0.000000000E+00, 5.177115252E-03, 6.312837649E-03, 5.000000000E-03, 8.046128265E-07, 4.380075184E+02, 7.724309936E+02, 3.000000000E+02, 1.176655108E+00, 2.350000000E+01, 2.350000000E+01, 1.862915775E+03
       402, 4.024446476E-03, 7.519206032E-03, 0.000000000E+00, 4.015193420E-03, 7.525214847E-03, 5.000000000E-03, 6.725845579E-07, 4.384334487E+02, 7.717993454E+02, 3.000000000E+02, 1.176655108E+00, 2.350000000E+01, 2.350000000E+01, 1.862915775E+03
       403, 2.562152920E-03, 8.437220007E-03, 0.000000000E+00, 2.555000229E-03, 8.440162578E-03, 5.000000000E-03, 5.583607975E-07, 4.388268555E+02, 7.703692458E+02, 3.000000000E+02, 1.176655108E+00, 2.350000000E+01, 2.350000000E+01, 1.862915775E+03
       404, 8.900205139E-04, 9.029543959E-03, 0.000000000E+00, 8.875019604E-04, 9.030355688E-03, 5.000000000E-03, 4.496510682E-07, 4.392019915E+02, 7.672143124E+02, 3.000000000E+02, 1.176655108E+00, 2.350000000E+01, 2.350000000E+01, 1.862915775E+03
       405,-9.115319117E-04, 9.249711409E-03, 0.000000000E+00,-9.089891192E-04, 9.250275583E-03, 5.000000000E-03, 3.494226617E-07, 4.394853761E+02, 7.597081222E+02, 3.000000000E+02, 1.176655108E+00, 2.350000000E+01, 2.350000000E+01, 1.862915775E+03
       406,-2.752193017E-03, 9.068971500E-03, 0.000000000E+00,-2.744850671E-03, 9.071283485E-03, 5.000000000E-03, 2.619838333E-07, 4.396356415E+02, 7.414146072E+02, 3.000000000E+02, 1.176655108E+00, 2.350000000E+01, 2.350000000E+01, 1.862915775E+03
       407,-4.535900429E-03, 8.483741432E-03, 0.000000000E+00,-4.526188729E-03, 8.488885386E-03, 5.000000000E-03, 1.905761506E-07, 4.396979014E+02, 7.027770749E+02, 3.000000000E+02, 1.176655108E+00, 2.350000000E+01, 2.350000000E+01, 1.862915775E+03
       408,-6.167386193E-03, 7.514302619E-03, 0.000000000E+00,-6.162605982E-03, 7.518246522E-03, 5.000000000E-03, 1.385432561E-07, 4.397230771E+02, 6.484765744E+02, 3.000000000E+02, 1.176655108E+00, 2.350000000E+01, 2.350000000E+01, 1.862915775E+03
       409,-7.563554216E-03, 6.207651924E-03, 0.000000000E+00,-7.567489679E-03, 6.202865081E-03, 5.000000000E-03, 1.057868787E-07, 4.397951804E+02, 5.969408350E+02, 3.000000000E+02, 1.176655108E+00, 2.350000000E+01, 2.350000000E+01, 1.862915775E+03
       410,-8.666086011E-03, 4.632589873E-03, 0.000000000E+00,-8.671238439E-03, 4.622883139E-03, 5.000000000E-03, 8.498075363E-08, 4.399314606E+02, 5.548530253E+02, 3.000000000E+02, 1.176655108E+00, 2.350000000E+01, 2.350000000E+01, 1.862915775E+03
       411,-9.435485117E-03, 2.862445544E-03, 0.000000000E+00,-9.437713309E-03, 2.855078147E-03, 5.000000000E-03, 6.847491987E-08, 4.400739474E+02, 5.172828563E+02, 3.000000000E+02, 1.176655108E+00, 2.350000000E+01, 2.350000000E+01, 1.862915775E+03
       412,-9.841569699E-03, 9.693591273E-04, 0.000000000E+00,-9.841828368E-03, 9.667864764E-04, 5.000000000E-03, 5.375089836E-08, 4.401852812E+02, 4.844693747E+02, 3.000000000E+02, 1.176655108E+00, 2.350000000E+01, 2.350000000E+01, 1.862915775E+03
       413,-9.865717031E-03,-9.717184003E-04, 0.000000000E+00,-9.865973605E-03,-9.691455742E-04, 5.000000000E-03, 4.087563296E-08, 4.402180954E+02, 4.602733630E+02, 3.000000000E+02, 1.176655108E+00, 2.350000000E+01, 2.350000000E+01, 1.862915775E+03
       414,-9.504773654E-03,-2.883288777E-03, 0.000000000E+00,-9.507006928E-03,-2.875922686E-03, 5.000000000E-03, 3.011264794E-08, 4.401552120E+02, 4.461606683E+02, 3.000000000E+02, 1.176655108E+00, 2.350000000E+01, 2.350000000E+01, 1.862915775E+03
       415,-8.771874011E-03,-4.688684829E-03, 0.000000000E+00,-8.777053061E-03,-4.678992331E-03, 5.000000000E-03, 2.160964912E-08, 4.399562311E+02, 4.405328865E+02, 3.000000000E+02, 1.176655108E+00, 2.350000000E+01, 2.350000000E+01, 1.862915775E+03
       416, 6.307130214E-03, 5.180453416E-03, 0.000000000E+00, 6.312837649E-03, 5.177115252E-03, 5.000000000E-03, 8.046128265E-07, 4.380075184E+02, 7.724309936E+02, 3.000000000E+02, 1.176655108E+00, 2.350000000E+01, 2.350000000E+01, 1.862915775E+03
       417, 7.519206498E-03, 4.024446476E-03, 0.000000000E+00, 7.525214847E-03, 4.015193420E-03, 5.000000000E-03, 6.725845579E-07, 4.384334487E+02, 7.717993454E+02, 3.000000000E+02, 1.176655108E+00, 2.350000000E+01, 2.350000000E+01, 1.862915775E+03
       418, 8.437220007E-03, 2.562152920E-03, 0.000000000E+00, 8.440162578E-03, 2.555000229E-03, 5.000000000E-03, 5.583607975E-07, 4.388268555E+02, 7.703692458E+02, 3.000000000E+02, 1.176655108E+00, 2.350000000E+01, 2.350000000E+01, 1.862915775E+03
       419, 9.029543959E-03, 8.900205139E-04, 0.000000000E+00, 9.030355688E-03, 8.875019604E-04, 5.000000000E-03, 4.496510682E-07, 4.392019915E+02, 7.672143124E+02, 3.000000000E+02, 1.176655108E+00, 2.350000000E+01, 2.350000000E+01, 1.862915775E+03
       420, 9.249711409E-03,-9.115319117E-04, 0.000000000E+00, 9.250275583E-03,-9.089891192E-04, 5.000000000E-03, 3.494226617E-07, 4.394853761E+02, 7.597081222E+02, 3.000000000E+02, 1.176655108E+00, 2.350000000E+01, 2.350000000E+01, 1.862915775E+03
       421, 9.068971500E-03,-2.752193017E-03, 0.000000000E+00, 9.071283485E-03,-2.744850671E-03, 5.000000000E-03, 2.619838333E-07, 4.396356415E+02, 7.414146072E+02, 3.000000000E+02, 1.176655108E+00, 2.350000000E+01, 2.350000000E+01, 1.862915775E+03
       422, 8.483741432E-03,-4.535900429E-03, 0.000000000E+00, 8.488885386E-03,-4.526188729E-03, 5.000000000E-03, 1.905761506E-07, 4.396979014E+02, 7.027770749E+02, 3.000000000E+02, 1.176655108E+00, 2.350000000E+01, 2.350000000E+01, 1.862915775E+03
       423, 7.514302153E-03,-6.167385727E-03, 0.000000000E+00, 7.518246522E-03,-6.162605982E-03, 5.000000000E-03, 1.385432561E-07, 4.397230771E+02, 6.484765744E+02, 3.000000000E+02, 1.176655108E+00, 2.350000000E+01, 2.350000000E+01, 1.862915775E+03
       424, 6.207651924E-03,-7.563554216E-03, 0.000000000E+00, 6.202865081E-03,-7.567489679E-03, 5.000000000E-03, 1.057868787E-07, 4.397951804E+02, 5.969408350E+02, 3.000000000E+02, 1.176655108E+00, 2.350000000E+01, 2.350000000E+01, 1.862915775E+03
       425, 4.632589873E-03,-8.666086011E-03, 0.000000000E+00, 4.622883139E-03,-8.671238439E-03, 5.000000000E-03, 8.498075363E-08, 4.399314606E+02, 5.548530253E+02, 3.000000000E+02, 1.176655108E+00, 2.350000000E+01, 2.350000000E+01, 1.862915775E+03
       426, 2.862445544E-03,-9.435485117E-03, 0.000000000E+00, 2.855078147E-03,-9.437713309E-03, 5.000000000E-03, 6.847491987E-08, 4.400739474E+02, 5.172828563E+02, 3.000000000E+02, 1.176655108E+00, 2.350000000E+01, 2.350000000E+01, 1.862915775E+03
       427, 9.693591273E-04,-9.841569699E-03, 0.000000000E+00, 9.667864764E-04,-9.841828368E-03, 5.000000000E-03, 5.375089836E-08, 4.401852812E+02, 4.844693747E+02, 3.000000000E+02, 1.176655108E+00, 2.350000000E+01, 2.350000000E+01, 1.862915775E+03
       428,-9.717184003E-04,-9.865717962E-03, 0.000000000E+00,-9.691455742E-04,-9.865973605E-03, 5.000000000E-03, 4.087563296E-08, 4.402180954E+02, 4.602733630E+02, 3.000000000E+02, 1.176655108E+00, 2.350000000E+01, 2.350000000E+01, 1.862915775E+03
       429,-2.883288777E-03,-9.504774585E-03, 0.000000000E+00,-2.875922686E-03,-9.507006928E-03, 5.000000000E-03, 3.011264794E-08, 4.401552120E+02, 4.461606683E+02, 3.000000000E+02, 1.176655108E+00, 2.350000000E+01, 2.350000000E+01, 1.862915775E+03
       430,-4.688684829E-03,-8.771873079E-03, 0.000000000E+00,-4.678992331E-03,-8.777053061E-03, 5.000000000E-03, 2.160964912E-08, 4.399562311E+02, 4.405328865E+02, 3.000000000E+02, 1.176655108E+00, 2.350000000E+01, 2.350000000E+01, 1.862915775E+03
       431, 5.458962638E-03, 6.647789851E-03, 0.000000000E+00, 5.454936644E-03, 6.652656544E-03, 5.000000000E-03, 6.432736514E-07, 4.384717011E+02, 7.714538714E+02, 3.000000000E+02, 1.176655108E+00, 2.350000000E+01, 2.350000000E+01, 1.862915775E+03
       432, 4.189334810E-03, 7.830164395E-03, 0.000000000E+00, 4.179835567E-03, 7.835708473E-03, 5.000000000E-03, 5.312538700E-07, 4.388430870E+02, 7.697289349E+02, 3.000000000E+02, 1.176655108E+00, 2.350000000E+01, 2.350000000E+01, 1.862915775E+03
       433, 2.643572632E-03, 8.707883768E-03, 0.000000000E+00, 2.636314073E-03, 8.710474653E-03, 5.000000000E-03, 4.371430981E-07, 4.391803779E+02, 7.665274647E+02, 3.000000000E+02, 1.176655108E+00, 2.350000000E+01, 2.350000000E+01, 1.862915775E+03
       434, 9.115319117E-04, 9.249711409E-03, 0.000000000E+00, 9.089891192E-04, 9.250275583E-03, 5.000000000E-03, 3.494226617E-07, 4.394853761E+02, 7.597081222E+02, 3.000000000E+02, 1.176655108E+00, 2.350000000E+01, 2.350000000E+01, 1.862915775E+03
       435,-9.278505458E-04, 9.416732006E-03, 0.000000000E+00,-9.252943146E-04, 9.417158364E-03, 5.000000000E-03, 2.698587784E-07, 4.396901361E+02, 7.441044623E+02, 3.000000000E+02, 1.176655108E+00, 2.350000000E+01, 2.350000000E+01, 1.862915775E+03
       436,-2.787737641E-03, 9.187132120E-03, 0.000000000E+00,-2.780380841E-03, 9.189396629E-03, 5.000000000E-03, 2.013277681E-07, 4.397788265E+02, 7.104355966E+02, 3.000000000E+02, 1.176655108E+00, 2.350000000E+01, 2.350000000E+01, 1.862915775E+03
       437,-4.577325657E-03, 8.561864495E-03, 0.000000000E+00,-4.567612769E-03, 8.567005726E-03, 5.000000000E-03, 1.458989577E-07, 4.397984568E+02, 6.573088276E+02, 3.000000000E+02, 1.176655108E+00, 2.350000000E+01, 2.350000000E+01, 1.862915775E+03
       438,-6.207651924E-03, 7.563554216E-03, 0.000000000E+00,-6.202865081E-03, 7.567489679E-03, 5.000000000E-03, 1.057868787E-07, 4.397951804E+02, 5.969408350E+02, 3.000000000E+02, 1.176655108E+00, 2.350000000E+01, 2.350000000E+01, 1.862915775E+03
       439,-7.600916550E-03, 6.238197908E-03, 0.000000000E+00,-7.604848435E-03, 6.233408002E-03, 5.000000000E-03, 8.064591654E-08, 4.398510646E+02, 5.474236920E+02, 3.000000000E+02, 1.176655108E+00, 2.350000000E+01, 2.350000000E+01, 1.862915775E+03
       440,-8.700191043E-03, 4.650674295E-03, 0.000000000E+00,-8.705350499E-03, 4.640971378E-03, 5.000000000E-03, 6.471962692E-08, 4.399778378E+02, 5.112085732E+02, 3.000000000E+02, 1.176655108E+00, 2.350000000E+01, 2.350000000E+01, 1.862915775E+03
       441,-9.465171024E-03, 2.871375531E-03, 0.000000000E+00,-9.467400281E-03, 2.864008424E-03, 5.000000000E-03, 5.210850939E-08, 4.401152094E+02, 4.822815916E+02, 3.000000000E+02, 1.176655108E+00, 2.350000000E+01, 2.350000000E+01, 1.862915775E+03
       442,-9.865717962E-03, 9.717184003E-04, 0.000000000E+00,-9.865973605E-03, 9.691455742E-04, 5.000000000E-03, 4.087563296E-08, 4.402180954E+02, 4.602733630E+02, 3.000000000E+02, 1.176655108E+00, 2.350000000E+01, 2.350000000E+01, 1.862915775E+03
       443,-9.884036146E-03,-9.735081694E-04, 0.000000000E+00,-9.884290758E-03,-9.709352422E-04, 5.000000000E-03, 3.106595001E-08, 4.402246484E+02, 4.466005636E+02, 3.000000000E+02, 1.176655108E+00, 2.350000000E+01, 2.350000000E+01, 1.862915775E+03
       444,-9.517733008E-03,-2.887187060E-03, 0.000000000E+00,-9.519968101E-03,-2.879821597E-03, 5.000000000E-03, 2.287465621E-08, 4.400583690E+02, 4.407058615E+02, 3.000000000E+02, 1.176655108E+00, 2.350000000E+01, 2.350000000E+01, 1.862915775E+03
       445, 6.647789851E-03, 5.458962638E-03, 0.000000000E+00, 6.652656544E-03, 5.454936644E-03, 5.000000000E-03, 6.432736514E-07, 4.384717011E+02, 7.714538714E+02, 3.000000000E+02, 1.176655108E+00, 2.350000000E+01, 2.350000000E+01, 1.862915775E+03
       446, 7.830164395E-03, 4.189334810E-03, 0.000000000E+00, 7.835708473E-03, 4.179835567E-03, 5.000000000E-03, 5.312538700E-07, 4.388430870E+02, 7.697289349E+02, 3.000000000E+02, 1.176655108E+00, 2.350000000E+01, 2.350000000E+01, 1.862915775E+03
       447, 8.707884699E-03, 2.643572399E-03, 0.000000000E+00, 8.710474653E-03, 2.636314073E-03, 5.000000000E-03, 4.371430981E-07, 4.391803779E+02, 7.665274647E+02, 3.000000000E+02, 1.176655108E+00, 2.350000000E+01, 2.350000000E+01, 1.862915775E+03
       448, 9.249711409E-03, 9.115319117E-04, 0.000000000E+00, 9.250275583E-03, 9.089891192E-04, 5.000000000E-03, 3.494226617E-07, 4.394853761E+02, 7.597081222E+02, 3.000000000E+02, 1.176655108E+00, 2.350000000E+01, 2.350000000E+01, 1.862915775E+03
       449, 9.416732006E-03,-9.278505458E-04, 0.000000000E+00, 9.417158364E-03,-9.252943146E-04, 5.000000000E-03, 2.698587784E-07, 4.396901361E+02, 7.441044623E+02, 3.000000000E+02, 1.176655108E+00, 2.350000000E+01, 2.350000000E+01, 1.862915775E+03
       450, 9.187133051E-03,-2.787737409E-03, 0.000000000E+00, 9.189396629E-03,-2.780380841E-03, 5.000000000E-03, 2.013277681E-07, 4.397788265E+02, 7.104355966E+02, 3.000000000E+02, 1.176655108E+00, 2.350000000E+01, 2.350000000E+01, 1.862915775E+03
       451, 8.561863564E-03,-4.577325191E-03, 0.000000000E+00, 8.567005726E-03,-4.567612769E-03, 5.000000000E-03, 1.458989577E-07, 4.397984568E+02, 6.573088276E+02, 3.000000000E+02, 1.176655108E+00, 2.350000000E+01, 2.350000000E+01, 1.862915775E+03
       452, 7.563554216E-03,-6.207651924E-03, 0.000000000E+00, 7.567489679E-03,-6.202865081E-03, 5.000000000E-03, 1.057868787E-07, 4.397951804E+02, 5.969408350E+02, 3.000000000E+02, 1.176655108E+00, 2.350000000E+01, 2.350000000E+01, 1.862915775E+03
       453, 6.238198373E-03,-7.600916550E-03, 0.000000000E+00, 6.233408002E-03,-7.604848435E-03, 5.000000000E-03, 8.064591654E-08, 4.398510646E+02, 5.474236920E+02, 3.000000000E+02, 1.176655108E+00, 2.350000000E+01, 2.350000000E+01, 1.862915775E+03
       454, 4.650674295E-03,-8.700190112E-03, 0.000000000E+00, 4.640971378E-03,-8.705350499E-03, 5.000000000E-03, 6.471962692E-08, 4.399778378E+02, 5.112085732E+02, 3.000000000E+02, 1.176655108E+00, 2.350000000E+01, 2.350000000E+01, 1.862915775E+03
       455, 2.871375531E-03,-9.465171024E-03, 0.000000000E+00, 2.864008424E-03,-9.467400281E-03, 5.000000000E-03, 5.210850939E-08, 4.401152094E+02, 4.822815916E+02, 3.000000000E+02, 1.176655108E+00, 2.350000000E+01, 2.350000000E+01, 1.862915775E+03
       456, 9.717184003E-04,-9.865717031E-03, 0.000000000E+00, 9.691455742E-04,-9.865973605E-03, 5.000000000E-03, 4.087563296E-08, 4.402180954E+02, 4.602733630E+02, 3.000000000E+02, 1.176655108E+00, 2.350000000E+01, 2.350000000E+01, 1.862915775E+03
       457,-9.735081694E-04,-9.884035215E-03, 0.000000000E+00,-9.709352422E-04,-9.884290758E-03, 5.000000000E-03, 3.106595001E-08, 4.402246484E+02, 4.466005636E+02, 3.000000000E+02, 1.176655108E+00, 2.350000000E+01, 2.350000000E+01, 1.862915775E+03
       458,-2.887187060E-03,-9.517733939E-03, 0.000000000E+00,-2.879821597E-03,-9.519968101E-03, 5.000000000E-03, 2.287465621E-08, 4.400583690E+02, 4.407058615E+02, 3.000000000E+02, 1.176655108E+00, 2.350000000E+01, 2.350000000E+01, 1.862915775E+03
       459, 5.670239683E-03, 6.906215101E-03, 0.000000000E+00, 5.665852812E-03, 6.910639915E-03, 5.000000000E-03, 5.069179586E-07, 4.388518086E+02, 7.690275439E+02, 3.000000000E+02, 1.176655108E+00, 2.350000000E+01, 2.350000000E+01, 1.862915775E+03
       460, 4.314419813E-03, 8.066058159E-03, 0.000000000E+00, 4.304799338E-03, 8.071373855E-03, 5.000000000E-03, 4.151126575E-07, 4.391608069E+02, 7.652012888E+02, 3.000000000E+02, 1.176655108E+00, 2.350000000E+01, 2.350000000E+01, 1.862915775E+03
       461, 2.705337713E-03, 8.913210593E-03, 0.000000000E+00, 2.698023977E-03, 8.915617237E-03, 5.000000000E-03, 3.394267053E-07, 4.394427947E+02, 7.584034822E+02, 3.000000000E+02, 1.176655108E+00, 2.350000000E+01, 2.350000000E+01, 1.862915775E+03
       462, 9.278505458E-04, 9.416732006E-03, 0.000000000E+00, 9.252943146E-04, 9.417158364E-03, 5.000000000E-03, 2.698587784E-07, 4.396901361E+02, 7.441044623E+02, 3.000000000E+02, 1.176655108E+00, 2.350000000E+01, 2.350000000E+01, 1.862915775E+03
       463,-9.402299183E-04, 9.543433785E-03, 0.000000000E+00,-9.376661926E-04, 9.543783858E-03, 5.000000000E-03, 2.074697550E-07, 4.398389211E+02, 7.145796675E+02, 3.000000000E+02, 1.176655108E+00, 2.350000000E+01, 2.350000000E+01, 1.862915775E+03
       464,-2.814701525E-03, 9.276770055E-03, 0.000000000E+00,-2.807338170E-03, 9.279011034E-03, 5.000000000E-03, 1.542160695E-07, 4.398853387E+02, 6.664847936E+02, 3.000000000E+02, 1.176655108E+00, 2.350000000E+01, 2.350000000E+01, 1.862915775E+03
       465,-4.608750343E-03, 8.621128276E-03, 0.000000000E+00,-4.599040324E-03, 8.626273997E-03, 5.000000000E-03, 1.114432347E-07, 4.398736129E+02, 6.056637053E+02, 3.000000000E+02, 1.176655108E+00, 2.350000000E+01, 2.350000000E+01, 1.862915775E+03
       466,-6.238198373E-03, 7.600916550E-03, 0.000000000E+00,-6.233408002E-03, 7.604848435E-03, 5.000000000E-03, 8.064591654E-08, 4.398510646E+02, 5.474236920E+02, 3.000000000E+02, 1.176655108E+00, 2.350000000E+01, 2.350000000E+01, 1.862915775E+03
       467,-7.629260421E-03, 6.261371076E-03, 0.000000000E+00,-7.633190460E-03, 6.256579229E-03, 5.000000000E-03, 6.140593800E-08, 4.398958047E+02, 5.058285163E+02, 3.000000000E+02, 1.176655108E+00, 2.350000000E+01, 2.350000000E+01, 1.862915775E+03
       468,-8.726063184E-03, 4.664393608E-03, 0.000000000E+00,-8.731229092E-03, 4.654693744E-03, 5.000000000E-03, 4.924208522E-08, 4.400175996E+02, 4.785362667E+02, 3.000000000E+02, 1.176655108E+00, 2.350000000E+01, 2.350000000E+01, 1.862915775E+03
       469,-9.487690404E-03, 2.878149739E-03, 0.000000000E+00,-9.489921682E-03, 2.870783193E-03, 5.000000000E-03, 3.962360833E-08, 4.401476937E+02, 4.591421153E+02, 3.000000000E+02, 1.176655108E+00, 2.350000000E+01, 2.350000000E+01, 1.862915775E+03
       470,-9.884035215E-03, 9.735081694E-04, 0.000000000E+00,-9.884290758E-03, 9.709352422E-04, 5.000000000E-03, 3.106595001E-08, 4.402246484E+02, 4.466005636E+02, 3.000000000E+02, 1.176655108E+00, 2.350000000E+01, 2.350000000E+01, 1.862915775E+03
       471,-9.897932410E-03,-9.748659213E-04, 0.000000000E+00,-9.898186495E-03,-9.722929179E-04, 5.000000000E-03, 2.359985538E-08, 4.401309368E+02, 4.408201526E+02, 3.000000000E+02, 1.176655108E+00, 2.350000000E+01, 2.350000000E+01, 1.862915775E+03
       472, 6.906215101E-03, 5.670240149E-03, 0.000000000E+00, 6.910639915E-03, 5.665852812E-03, 5.000000000E-03, 5.069179586E-07, 4.388518086E+02, 7.690275439E+02, 3.000000000E+02, 1.176655108E+00, 2.350000000E+01, 2.350000000E+01, 1.862915775E+03
       473, 8.066058159E-03, 4.314419813E-03, 0.000000000E+00, 8.071373855E-03, 4.304799338E-03, 5.000000000E-03, 4.151126575E-07, 4.391608069E+02, 7.652012888E+02, 3.000000000E+02, 1.176655108E+00, 2.350000000E+01, 2.350000000E+01, 1.862915775E+03
       474, 8.913210593E-03, 2.705337713E-03, 0.000000000E+00, 8.915617237E-03, 2.698023977E-03, 5.000000000E-03, 3.394267053E-07, 4.394427947E+02, 7.584034822E+02, 3.000000000E+02, 1.176655108E+00, 2.350000000E+01, 2.350000000E+01, 1.862915775E+03
       475, 9.416732006E-03, 9.278505458E-04, 0.000000000E+00, 9.417158364E-03, 9.252943146E-04, 5.000000000E-03, 2.698587784E-07, 4.396901361E+02, 7.441044623E+02, 3.000000000E+02, 1.176655108E+00, 2.350000000E+01, 2.350000000E+01, 1.862915775E+03
       476, 9.543433785E-03,-9.402299183E-04, 0.000000000E+00, 9.543783858E-03,-9.376661926E-04, 5.000000000E-03, 2.074697550E-07, 4.398389211E+02, 7.145796675E+02, 3.000000000E+02, 1.176655108E+00, 2.350000000E+01, 2.350000000E+01, 1.862915775E+03
       477, 9.276770055E-03,-2.814701525E-03, 0.000000000E+00, 9.279011034E-03,-2.807338170E-03, 5.000000000E-03, 1.542160695E-07, 4.398853387E+02, 6.664847936E+02, 3.000000000E+02, 1.176655108E+00, 2.350000000E+01, 2.350000000E+01, 1.862915775E+03
       478, 8.621128276E-03,-4.608750343E-03, 0.000000000E+00, 8.626273997E-03,-4.599040324E-03, 5.000000000E-03, 1.114432347E-07, 4.398736129E+02, 6.056637053E+02, 3.000000000E+02, 1.176655108E+00, 2.350000000E+01, 2.350000000E+01, 1.862915775E+03
       479, 7.600916550E-03,-6.238197908E-03, 0.000000000E+00, 7.604848435E-03,-6.233408002E-03, 5.000000000E-03, 8.064591654E-08, 4.398510646E+02, 5.474236920E+02, 3.000000000E+02, 1.176655108E+00, 2.350000000E+01, 2.350000000E+01, 1.862915775E+03
       480, 6.261370610E-03,-7.629260421E-03, 0.000000000E+00, 6.256579229E-03,-7.633190460E-03, 5.000000000E-03, 6.140593800E-08, 4.398958047E+02, 5.058285163E+02, 3.000000000E+02, 1.176655108E+00, 2.350000000E+01, 2.350000000E+01, 1.862915775E+03
       481, 4.664393142E-03,-8.726063184E-03, 0.000000000E+00, 4.654693744E-03,-8.731229092E-03, 5.000000000E-03, 4.924208522E-08, 4.400175996E+02, 4.785362667E+02, 3.000000000E+02, 1.176655108E+00, 2.350000000E+01, 2.350000000E+01, 1.862915775E+03
       482, 2.878149739E-03,-9.487691335E-03, 0.000000000E+00, 2.870783193E-03,-9.489921682E-03, 5.000000000E-03, 3.962360833E-08, 4.401476937E+02, 4.591421153E+02, 3.000000000E+02, 1.176655108E+00, 2.350000000E+01, 2.350000000E+01, 1.862915775E+03
       483, 9.735081694E-04,-9.884036146E-03, 0.000000000E+00, 9.709352422E-04,-9.884290758E-03, 5.000000000E-03, 3.106595001E-08, 4.402246484E+02, 4.466005636E+02, 3.000000000E+02, 1.176655108E+00, 2.350000000E+01, 2.350000000E+01, 1.862915775E+03
       484,-9.748659213E-04,-9.897931479E-03, 0.000000000E+00,-9.722929179E-04,-9.898186495E-03, 5.000000000E-03, 2.359985538E-08, 4.401309368E+02, 4.408201526E+02, 3.000000000E+02, 1.176655108E+00, 2.350000000E+01, 2.350000000E+01, 1.862915775E+03
       485, 5.830515176E-03, 7.102257106E-03, 0.000000000E+00, 5.825936260E-03, 7.106446941E-03, 5.000000000E-03, 3.954425280E-07, 4.391419119E+02, 7.637863527E+02, 3.000000000E+02, 1.176655108E+00, 2.350000000E+01, 2.350000000E+01, 1.862915775E+03
       486, 4.409309477E-03, 8.245008066E-03, 0.000000000E+00, 4.399631748E-03, 8.250215419E-03, 5.000000000E-03, 3.218700935E-07, 4.393952340E+02, 7.558326876E+02, 3.000000000E+02, 1.176655108E+00, 2.350000000E+01, 2.350000000E+01, 1.862915775E+03
       487, 2.752193017E-03, 9.068971500E-03, 0.000000000E+00, 2.744850671E-03, 9.071283485E-03, 5.000000000E-03, 2.619838333E-07, 4.396356415E+02, 7.414146072E+02, 3.000000000E+02, 1.176655108E+00, 2.350000000E+01, 2.350000000E+01, 1.862915775E+03
       488, 9.402299183E-04, 9.543433785E-03, 0.000000000E+00, 9.376661926E-04, 9.543783858E-03, 5.000000000E-03, 2.074697550E-07, 4.398389211E+02, 7.145796675E+02, 3.000000000E+02, 1.176655108E+00, 2.350000000E+01, 2.350000000E+01, 1.862915775E+03
       489,-9.496209095E-04, 9.639550000E-03, 0.000000000E+00,-9.470530322E-04, 9.639857647E-03, 5.000000000E-03, 1.589720970E-07, 4.399491325E+02, 6.715090981E+02, 3.000000000E+02, 1.176655108E+00, 2.350000000E+01, 2.350000000E+01, 1.862915775E+03
       490,-2.835156862E-03, 9.344768710E-03, 0.000000000E+00,-2.827790337E-03, 9.347000288E-03, 5.000000000E-03, 1.178452169E-07, 4.399649909E+02, 6.150241201E+02, 3.000000000E+02, 1.176655108E+00, 2.350000000E+01, 2.350000000E+01, 1.862915775E+03
       491,-4.632589873E-03, 8.666086011E-03, 0.000000000E+00,-4.622883139E-03, 8.671238439E-03, 5.000000000E-03, 8.498075363E-08, 4.399314606E+02, 5.548530253E+02, 3.000000000E+02, 1.176655108E+00, 2.350000000E+01, 2.350000000E+01, 1.862915775E+03
       492,-6.261370610E-03, 7.629260421E-03, 0.000000000E+00,-6.256579229E-03, 7.633190460E-03, 5.000000000E-03, 6.140593800E-08, 4.398958047E+02, 5.058285163E+02, 3.000000000E+02, 1.176655108E+00, 2.350000000E+01, 2.350000000E+01, 1.862915775E+03
       493,-7.650761399E-03, 6.278949324E-03, 0.000000000E+00,-7.654691693E-03, 6.274157718E-03, 5.000000000E-03, 4.671376928E-08, 4.399338190E+02, 4.752709046E+02, 3.000000000E+02, 1.176655108E+00, 2.350000000E+01, 2.350000000E+01, 1.862915775E+03
       494,-8.745689876E-03, 4.674800672E-03, 0.000000000E+00,-8.750861288E-03, 4.665103899E-03, 5.000000000E-03, 3.743897441E-08, 4.400492850E+02, 4.572585513E+02, 3.000000000E+02, 1.176655108E+00, 2.350000000E+01, 2.350000000E+01, 1.862915775E+03
       495,-9.504774585E-03, 2.883288777E-03, 0.000000000E+00,-9.507006928E-03, 2.875922686E-03, 5.000000000E-03, 3.011264794E-08, 4.401552120E+02, 4.461606683E+02, 3.000000000E+02, 1.176655108E+00, 2.350000000E+01, 2.350000000E+01, 1.862915775E+03
       496,-9.897931479E-03, 9.748659213E-04, 0.000000000E+00,-9.898186495E-03, 9.722929179E-04, 5.000000000E-03, 2.359985538E-08, 4.401309368E+02, 4.408201526E+02, 3.000000000E+02, 1.176655108E+00, 2.350000000E+01, 2.350000000E+01, 1.862915775E+03
       497, 7.102257106E-03, 5.830515642E-03, 0.000000000E+00, 7.106446941E-03, 5.825936260E-03, 5.000000000E-03, 3.954425280E-07, 4.391419119E+02, 7.637863527E+02, 3.000000000E+02, 1.176655108E+00, 2.350000000E+01, 2.350000000E+01, 1.862915775E+03
       498, 8.245008066E-03, 4.409309477E-03, 0.000000000E+00, 8.250215419E-03, 4.399631748E-03, 5.000000000E-03, 3.218700935E-07, 4.393952340E+02, 7.558326876E+02, 3.000000000E+02, 1.176655108E+00, 2.350000000E+01, 2.350000000E+01, 1.862915775E+03
       499, 9.068971500E-03, 2.752193017E-03, 0.000000000E+00, 9.071283485E-03, 2.744850671E-03, 5.000000000E-03, 2.619838333E-07, 4.396356415E+02, 7.414146072E+02, 3.000000000E+02, 1.176655108E+00, 2.350000000E+01, 2.350000000E+01, 1.862915775E+03
       500, 9.543433785E-03, 9.402299183E-04, 0.000000000E+00, 9.543783858E-03, 9.376661926E-04, 5.000000000E-03, 2.074697550E-07, 4.398389211E+02, 7.145796675E+02, 3.000000000E+02, 1.176655108E+00, 2.350000000E+01, 2.350000000E+01, 1.862915775E+03
       501, 9.639550000E-03,-9.496209095E-04, 0.000000000E+00, 9.639857647E-03,-9.470530322E-04, 5.000000000E-03, 1.589720970E-07, 4.399491325E+02, 6.715090981E+02, 3.000000000E+02, 1.176655108E+00, 2.350000000E+01, 2.350000000E+01, 1.862915775E+03
       502, 9.344768710E-03,-2.835156629E-03, 0.000000000E+00, 9.347000288E-03,-2.827790337E-03, 5.000000000E-03, 1.178452169E-07, 4.399649909E+02, 6.150241201E+02, 3.000000000E+02, 1.176655108E+00, 2.350000000E+01, 2.350000000E+01, 1.862915775E+03
       503, 8.666086011E-03,-4.632589873E-03, 0.000000000E+00, 8.671238439E-03,-4.622883139E-03, 5.000000000E-03, 8.498075363E-08, 4.399314606E+02, 5.548530253E+02, 3.000000000E+02, 1.176655108E+00, 2.350000000E+01, 2.350000000E+01, 1.862915775E+03
       504, 7.629260421E-03,-6.261371076E-03, 0.000000000E+00, 7.633190460E-03,-6.256579229E-03, 5.000000000E-03, 6.140593800E-08, 4.398958047E+02, 5.058285163E+02, 3.000000000E+02, 1.176655108E+00, 2.350000000E+01, 2.350000000E+01, 1.862915775E+03
       505, 6.278949324E-03,-7.650761399E-03, 0.000000000E+00, 6.274157718E-03,-7.654691693E-03, 5.000000000E-03, 4.671376928E-08, 4.399338190E+02, 4.752709046E+02, 3.000000000E+02, 1.176655108E+00, 2.350000000E+01, 2.350000000E+01, 1.862915775E+03
       506, 4.674800672E-03,-8.745689876E-03, 0.000000000E+00, 4.665103899E-03,-8.750861288E-03, 5.000000000E-03, 3.743897441E-08, 4.400492850E+02, 4.572585513E+02, 3.000000000E+02, 1.176655108E+00, 2.350000000E+01, 2.350000000E+01, 1.862915775E+03
       507, 2.883288777E-03,-9.504773654E-03, 0.000000000E+00, 2.875922686E-03,-9.507006928E-03, 5.000000000E-03, 3.011264794E-08, 4.401552120E+02, 4.461606683E+02, 3.000000000E+02, 1.176655108E+00, 2.350000000E+01, 2.350000000E+01, 1.862915775E+03
       508, 9.748659213E-04,-9.897932410E-03, 0.000000000E+00, 9.722929179E-04,-9.898186495E-03, 5.000000000E-03, 2.359985538E-08, 4.401309368E+02, 4.408201526E+02, 3.000000000E+02, 1.176655108E+00, 2.350000000E+01, 2.350000000E+01, 1.862915775E+03
       509, 5.952101201E-03, 7.250975817E-03, 0.000000000E+00, 5.947419222E-03, 7.255039551E-03, 5.000000000E-03, 3.062526154E-07, 4.393543951E+02, 7.531542459E+02, 3.000000000E+02, 1.176655108E+00, 2.350000000E+01, 2.350000000E+01, 1.862915775E+03
       510, 4.481293261E-03, 8.380760439E-03, 0.000000000E+00, 4.471590466E-03, 8.385920181E-03, 5.000000000E-03, 2.481794845E-07, 4.395675310E+02, 7.363398287E+02, 3.000000000E+02, 1.176655108E+00, 2.350000000E+01, 2.350000000E+01, 1.862915775E+03
       511, 2.787737409E-03, 9.187133051E-03, 0.000000000E+00, 2.780380841E-03, 9.189396629E-03, 5.000000000E-03, 2.013277681E-07, 4.397788265E+02, 7.104355966E+02, 3.000000000E+02, 1.176655108E+00, 2.350000000E+01, 2.350000000E+01, 1.862915775E+03
       512, 9.496209095E-04, 9.639550000E-03, 0.000000000E+00, 9.470530322E-04, 9.639857647E-03, 5.000000000E-03, 1.589720970E-07, 4.399491325E+02, 6.715090981E+02, 3.000000000E+02, 1.176655108E+00, 2.350000000E+01, 2.350000000E+01, 1.862915775E+03
       513,-9.567449451E-04, 9.712464176E-03, 0.000000000E+00,-9.541747516E-04, 9.712748056E-03, 5.000000000E-03, 1.215088014E-07, 4.400313090E+02, 6.202223878E+02, 3.000000000E+02, 1.176655108E+00, 2.350000000E+01, 2.350000000E+01, 1.862915775E+03
       514,-2.850674093E-03, 9.396352805E-03, 0.000000000E+00,-2.843306682E-03, 9.398581362E-03, 5.000000000E-03, 8.989060380E-08, 4.400256448E+02, 5.630535775E+02, 3.000000000E+02, 1.176655108E+00, 2.350000000E+01, 2.350000000E+01, 1.862915775E+03
       515,-4.650674295E-03, 8.700190112E-03, 0.000000000E+00,-4.640971378E-03, 8.705350499E-03, 5.000000000E-03, 6.471962692E-08, 4.399778378E+02, 5.112085732E+02, 3.000000000E+02, 1.176655108E+00, 2.350000000E+01, 2.350000000E+01, 1.862915775E+03
       516,-6.278949324E-03, 7.650761399E-03, 0.000000000E+00,-6.274157718E-03, 7.654691693E-03, 5.000000000E-03, 4.671376928E-08, 4.399338190E+02, 4.752709046E+02, 3.000000000E+02, 1.176655108E+00, 2.350000000E+01, 2.350000000E+01, 1.862915775E+03
       517,-7.667072583E-03, 6.292284466E-03, 0.000000000E+00,-7.671003101E-03, 6.287493227E-03, 5.000000000E-03, 3.551261791E-08, 4.399647907E+02, 4.556340359E+02, 3.000000000E+02, 1.176655108E+00, 2.350000000E+01, 2.350000000E+01, 1.862915775E+03
       518,-8.760578930E-03, 4.682695493E-03, 0.000000000E+00,-8.765754684E-03, 4.673001261E-03, 5.000000000E-03, 2.844953350E-08, 4.400579928E+02, 4.454595711E+02, 3.000000000E+02, 1.176655108E+00, 2.350000000E+01, 2.350000000E+01, 1.862915775E+03
       519,-9.517733939E-03, 2.887187060E-03, 0.000000000E+00,-9.519968101E-03, 2.879821597E-03, 5.000000000E-03, 2.287465621E-08, 4.400583690E+02, 4.407058615E+02, 3.000000000E+02, 1.176655108E+00, 2.350000000E+01, 2.350000000E+01, 1.862915775E+03
       520, 7.250975352E-03, 5.952101666E-03, 0.000000000E+00, 7.255039551E-03, 5.947419222E-03, 5.000000000E-03, 3.062526154E-07, 4.393543951E+02, 7.531542459E+02, 3.000000000E+02, 1.176655108E+00, 2.350000000E+01, 2.350000000E+01, 1.862915775E+03
       521, 8.380760439E-03, 4.481293261E-03, 0.000000000E+00, 8.385920181E-03, 4.471590466E-03, 5.000000000E-03, 2.481794845E-07, 4.395675310E+02, 7.363398287E+02, 3.000000000E+02, 1.176655108E+00, 2.350000000E+01, 2.350000000E+01, 1.862915775E+03
       522, 9.187132120E-03, 2.787737641E-03, 0.000000000E+00, 9.189396629E-03, 2.780380841E-03, 5.000000000E-03, 2.013277681E-07, 4.397788265E+02, 7.104355966E+02, 3.000000000E+02, 1.176655108E+00, 2.350000000E+01, 2.350000000E+01, 1.862915775E+03
       523, 9.639550000E-03, 9.496209095E-04, 0.000000000E+00, 9.639857647E-03, 9.470530322E-04, 5.000000000E-03, 1.589720970E-07, 4.399491325E+02, 6.715090981E+02, 3.000000000E+02, 1.176655108E+00, 2.350000000E+01, 2.350000000E+01, 1.862915775E+03
       524, 9.712465107E-03,-9.567449451E-04, 0.000000000E+00, 9.712748056E-03,-9.541747516E-04, 5.000000000E-03, 1.215088014E-07, 4.400313090E+02, 6.202223878E+02, 3.000000000E+02, 1.176655108E+00, 2.350000000E+01, 2.350000000E+01, 1.862915775E+03
       525, 9.396353737E-03,-2.850674093E-03, 0.000000000E+00, 9.398581362E-03,-2.843306682E-03, 5.000000000E-03, 8.989060380E-08, 4.400256448E+02, 5.630535775E+02, 3.000000000E+02, 1.176655108E+00, 2.350000000E+01, 2.350000000E+01, 1.862915775E+03
       526, 8.700191043E-03,-4.650674295E-03, 0.000000000E+00, 8.705350499E-03,-4.640971378E-03, 5.000000000E-03, 6.471962692E-08, 4.399778378E+02, 5.112085732E+02, 3.000000000E+02, 1.176655108E+00, 2.350000000E+01, 2.350000000E+01, 1.862915775E+03
       527, 7.650761399E-03,-6.278949324E-03, 0.000000000E+00, 7.654691693E-03,-6.274157718E-03, 5.000000000E-03, 4.671376928E-08, 4.399338190E+02, 4.752709046E+02, 3.000000000E+02, 1.176655108E+00, 2.350000000E+01, 2.350000000E+01, 1.862915775E+03
       528, 6.292284466E-03,-7.667073049E-03, 0.000000000E+00, 6.287493227E-03,-7.671003101E-03, 5.000000000E-03, 3.551261791E-08, 4.399647907E+02, 4.556340359E+02, 3.000000000E+02, 1.176655108E+00, 2.350000000E+01, 2.350000000E+01, 1.862915775E+03
       529, 4.682695493E-03,-8.760578930E-03, 0.000000000E+00, 4.673001261E-03,-8.765754684E-03, 5.000000000E-03, 2.844953350E-08, 4.400579928E+02, 4.454595711E+02, 3.000000000E+02, 1.176655108E+00, 2.350000000E+01, 2.350000000E+01, 1.862915775E+03
       530, 2.887187060E-03,-9.517733008E-03, 0.000000000E+00, 2.879821597E-03,-9.519968101E-03, 5.000000000E-03, 2.287465621E-08, 4.400583690E+02, 4.407058615E+02, 3.000000000E+02, 1.176655108E+00, 2.350000000E+01, 2.350000000E+01, 1.862915775E+03
       531, 6.044336595E-03, 7.363793906E-03, 0.000000000E+00, 6.039599873E-03, 7.367790865E-03, 5.000000000E-03, 2.359316813E-07, 4.395109266E+02, 7.310789989E+02, 3.000000000E+02, 1.176655108E+00, 2.350000000E+01, 2.350000000E+01, 1.862915775E+03
       532, 4.535900429E-03, 8.483741432E-03, 0.000000000E+00, 4.526188729E-03, 8.488885386E-03, 5.000000000E-03, 1.905761506E-07, 4.396979014E+02, 7.027770749E+02, 3.000000000E+02, 1.176655108E+00, 2.350000000E+01, 2.350000000E+01, 1.862915775E+03
       533, 2.814701525E-03, 9.276770055E-03, 0.000000000E+00, 2.807338170E-03, 9.279011034E-03, 5.000000000E-03, 1.542160695E-07, 4.398853387E+02, 6.664847936E+02, 3.000000000E+02, 1.176655108E+00, 2.350000000E+01, 2.350000000E+01, 1.862915775E+03
       534, 9.567449451E-04, 9.712465107E-03, 0.000000000E+00, 9.541747516E-04, 9.712748056E-03, 5.000000000E-03, 1.215088014E-07, 4.400313090E+02, 6.202223878E+02, 3.000000000E+02, 1.176655108E+00, 2.350000000E+01, 2.350000000E+01, 1.862915775E+03
       535,-9.621492936E-04, 9.767778218E-03, 0.000000000E+00,-9.595777790E-04, 9.768047745E-03, 5.000000000E-03, 9.270183419E-08, 4.400936256E+02, 5.676454309E+02, 3.000000000E+02, 1.176655108E+00, 2.350000000E+01, 2.350000000E+01, 1.862915775E+03
       536,-2.862445544E-03, 9.435485117E-03, 0.000000000E+00,-2.855078147E-03, 9.437713309E-03, 5.000000000E-03, 6.847491987E-08, 4.400739474E+02, 5.172828563E+02, 3.000000000E+02, 1.176655108E+00, 2.350000000E+01, 2.350000000E+01, 1.862915775E+03
       537,-4.664393142E-03, 8.726063184E-03, 0.000000000E+00,-4.654693744E-03, 8.731229092E-03, 5.000000000E-03, 4.924208522E-08, 4.400175996E+02, 4.785362667E+02, 3.000000000E+02, 1.176655108E+00, 2.350000000E+01, 2.350000000E+01, 1.862915775E+03
       538,-6.292284466E-03, 7.667073049E-03, 0.000000000E+00,-6.287493227E-03, 7.671003101E-03, 5.000000000E-03, 3.551261791E-08, 4.399647907E+02, 4.556340359E+02, 3.000000000E+02, 1.176655108E+00, 2.350000000E+01, 2.350000000E+01, 1.862915775E+03
       539,-7.679446135E-03, 6.302400492E-03, 0.000000000E+00,-7.683377274E-03, 6.297609822E-03, 5.000000000E-03, 2.698337776E-08, 4.399743458E+02, 4.448588000E+02, 3.000000000E+02, 1.176655108E+00, 2.350000000E+01, 2.350000000E+01, 1.862915775E+03
       540,-8.771873079E-03, 4.688684829E-03, 0.000000000E+00,-8.777053061E-03, 4.678992331E-03, 5.000000000E-03, 2.160964912E-08, 4.399562311E+02, 4.405328865E+02, 3.000000000E+02, 1.176655108E+00, 2.350000000E+01, 2.350000000E+01, 1.862915775E+03
       541, 7.363793906E-03, 6.044336595E-03, 0.000000000E+00, 7.367790865E-03, 6.039599873E-03, 5.000000000E-03, 2.359316813E-07, 4.395109266E+02, 7.310789989E+02, 3.000000000E+02, 1.176655108E+00, 2.350000000E+01, 2.350000000E+01, 1.862915775E+03
       542, 8.483741432E-03, 4.535900429E-03, 0.000000000E+00, 8.488885386E-03, 4.526188729E-03, 5.000000000E-03, 1.905761506E-07, 4.396979014E+02, 7.027770749E+02, 3.000000000E+02, 1.176655108E+00, 2.350000000E+01, 2.350000000E+01, 1.862915775E+03
       543, 9.276770055E-03, 2.814701525E-03, 0.000000000E+00, 9.279011034E-03, 2.807338170E-03, 5.000000000E-03, 1.542160695E-07, 4.398853387E+02, 6.664847936E+02, 3.000000000E+02, 1.176655108E+00, 2.350000000E+01, 2.350000000E+01, 1.862915775E+03
       544, 9.712464176E-03, 9.567449451E-04, 0.000000000E+00, 9.712748056E-03, 9.541747516E-04, 5.000000000E-03, 1.215088014E-07, 4.400313090E+02, 6.202223878E+02, 3.000000000E+02, 1.176655108E+00, 2.350000000E+01, 2.350000000E+01, 1.862915775E+03
       545, 9.767777286E-03,-9.621492936E-04, 0.000000000E+00, 9.768047745E-03,-9.595777790E-04, 5.000000000E-03, 9.270183419E-08, 4.400936256E+02, 5.676454309E+02, 3.000000000E+02, 1.176655108E+00, 2.350000000E+01, 2.350000000E+01, 1.862915775E+03
       546, 9.435485117E-03,-2.862445544E-03, 0.000000000E+00, 9.437713309E-03,-2.855078147E-03, 5.000000000E-03, 6.847491987E-08, 4.400739474E+02, 5.172828563E+02, 3.000000000E+02, 1.176655108E+00, 2.350000000E+01, 2.350000000E+01, 1.862915775E+03
       547, 8.726063184E-03,-4.664393608E-03, 0.000000000E+00, 8.731229092E-03,-4.654693744E-03, 5.000000000E-03, 4.924208522E-08, 4.400175996E+02, 4.785362667E+02, 3.000000000E+02, 1.176655108E+00, 2.350000000E+01, 2.350000000E+01, 1.862915775E+03
       548, 7.667072583E-03,-6.292284466E-03, 0.000000000E+00, 7.671003101E-03,-6.287493227E-03, 5.000000000E-03, 3.551261791E-08, 4.399647907E+02, 4.556340359E+02, 3.000000000E+02, 1.176655108E+00, 2.350000000E+01, 2.350000000E+01, 1.862915775E+03
       549, 6.302400492E-03,-7.679446135E-03, 0.000000000E+00, 6.297609822E-03,-7.683377274E-03, 5.000000000E-03, 2.698337776E-08, 4.399743458E+02, 4.448588000E+02, 3.000000000E+02, 1.176655108E+00, 2.350000000E+01, 2.350000000E+01, 1.862915775E+03
       550, 4.688684829E-03,-8.771874011E-03, 0.000000000E+00, 4.678992331E-03,-8.777053061E-03, 5.000000000E-03, 2.160964912E-08, 4.399562311E+02, 4.405328865E+02, 3.000000000E+02, 1.176655108E+00, 2.350000000E+01, 2.350000000E+01, 1.862915775E+03
       551, 6.114306860E-03, 7.449377794E-03, 0.000000000E+00, 6.109541185E-03, 7.453339999E-03, 5.000000000E-03, 1.810545443E-07, 4.396303685E+02, 6.951225513E+02, 3.000000000E+02, 1.176655108E+00, 2.350000000E+01, 2.350000000E+01, 1.862915775E+03
       552, 4.577325191E-03, 8.561863564E-03, 0.000000000E+00, 4.567612769E-03, 8.567005726E-03, 5.000000000E-03, 1.458989577E-07, 4.397984568E+02, 6.573088276E+02, 3.000000000E+02, 1.176655108E+00, 2.350000000E+01, 2.350000000E+01, 1.862915775E+03
       553, 2.835156629E-03, 9.344768710E-03, 0.000000000E+00, 2.827790337E-03, 9.347000288E-03, 5.000000000E-03, 1.178452169E-07, 4.399649909E+02, 6.150241201E+02, 3.000000000E+02, 1.176655108E+00, 2.350000000E+01, 2.350000000E+01, 1.862915775E+03
       554, 9.621492936E-04, 9.767777286E-03, 0.000000000E+00, 9.595777790E-04, 9.768047745E-03, 5.000000000E-03, 9.270183419E-08, 4.400936256E+02, 5.676454309E+02, 3.000000000E+02, 1.176655108E+00, 2.350000000E+01, 2.350000000E+01, 1.862915775E+03
       555,-9.662490338E-04, 9.809738025E-03, 0.000000000E+00,-9.636767976E-04, 9.810000975E-03, 5.000000000E-03, 7.062595700E-08, 4.401431222E+02, 5.207369796E+02, 3.000000000E+02, 1.176655108E+00, 2.350000000E+01, 2.350000000E+01, 1.862915775E+03
       556,-2.871375531E-03, 9.465171024E-03, 0.000000000E+00,-2.864008424E-03, 9.467400281E-03, 5.000000000E-03, 5.210850939E-08, 4.401152094E+02, 4.822815916E+02, 3.000000000E+02, 1.176655108E+00, 2.350000000E+01, 2.350000000E+01, 1.862915775E+03
       557,-4.674800672E-03, 8.745689876E-03, 0.000000000E+00,-4.665103899E-03, 8.750861288E-03, 5.000000000E-03, 3.743897441E-08, 4.400492850E+02, 4.572585513E+02, 3.000000000E+02, 1.176655108E+00, 2.350000000E+01, 2.350000000E+01, 1.862915775E+03
       558,-6.302400492E-03, 7.679446135E-03, 0.000000000E+00,-6.297609822E-03, 7.683377274E-03, 5.000000000E-03, 2.698337776E-08, 4.399743458E+02, 4.448588000E+02, 3.000000000E+02, 1.176655108E+00, 2.350000000E+01, 2.350000000E+01, 1.862915775E+03
       559,-7.688832935E-03, 6.310074590E-03, 0.000000000E+00,-7.692764526E-03, 6.305284437E-03, 5.000000000E-03, 2.049464747E-08, 4.398684688E+02, 4.403858941E+02, 3.000000000E+02, 1.176655108E+00, 2.350000000E+01, 2.350000000E+01, 1.862915775E+03
       560, 7.449377794E-03, 6.114306860E-03, 0.000000000E+00, 7.453339999E-03, 6.109541185E-03, 5.000000000E-03, 1.810545443E-07, 4.396303685E+02, 6.951225513E+02, 3.000000000E+02, 1.176655108E+00, 2.350000000E+01, 2.350000000E+01, 1.862915775E+03
       561, 8.561864495E-03, 4.577325657E-03, 0.000000000E+00, 8.567005726E-03, 4.567612769E-03, 5.000000000E-03, 1.458989577E-07, 4.397984568E+02, 6.573088276E+02, 3.000000000E+02, 1.176655108E+00, 2.350000000E+01, 2.350000000E+01, 1.862915775E+03
       562, 9.344768710E-03, 2.835156862E-03, 0.000000000E+00, 9.347000288E-03, 2.827790337E-03, 5.000000000E-03, 1.178452169E-07, 4.399649909E+02, 6.150241201E+02, 3.000000000E+02, 1.176655108E+00, 2.350000000E+01, 2.350000000E+01, 1.862915775E+03
       563, 9.767778218E-03, 9.621492936E-04, 0.000000000E+00, 9.768047745E-03, 9.595777790E-04, 5.000000000E-03, 9.270183419E-08, 4.400936256E+02, 5.676454309E+02, 3.000000000E+02, 1.176655108E+00, 2.350000000E+01, 2.350000000E+01, 1.862915775E+03
       564, 9.809738025E-03,-9.662490338E-04, 0.000000000E+00, 9.810000975E-03,-9.636767976E-04, 5.000000000E-03, 7.062595700E-08, 4.401431222E+02, 5.207369796E+02, 3.000000000E+02, 1.176655108E+00, 2.350000000E+01, 2.350000000E+01, 1.862915775E+03
       565, 9.465171024E-03,-2.871375531E-03, 0.000000000E+00, 9.467400281E-03,-2.864008424E-03, 5.000000000E-03, 5.210850939E-08, 4.401152094E+02, 4.822815916E+02, 3.000000000E+02, 1.176655108E+00, 2.350000000E+01, 2.350000000E+01, 1.862915775E+03
       566, 8.745689876E-03,-4.674800672E-03, 0.000000000E+00, 8.750861288E-03,-4.665103899E-03, 5.000000000E-03, 3.743897441E-08, 4.400492850E+02, 4.572585513E+02, 3.000000000E+02, 1.176655108E+00, 2.350000000E+01, 2.350000000E+01, 1.862915775E+03
       567, 7.679446135E-03,-6.302400492E-03, 0.000000000E+00, 7.683377274E-03,-6.297609822E-03, 5.000000000E-03, 2.698337776E-08, 4.399743458E+02, 4.448588000E+02, 3.000000000E+02, 1.176655108E+00, 2.350000000E+01, 2.350000000E+01, 1.862915775E+03
       568, 6.310074590E-03,-7.688832935E-03, 0.000000000E+00, 6.305284437E-03,-7.692764526E-03, 5.000000000E-03, 2.049464747E-08, 4.398684688E+02, 4.403858941E+02, 3.000000000E+02, 1.176655108E+00, 2.350000000E+01, 2.350000000E+01, 1.862915775E+03
       569, 6.167385727E-03, 7.514302153E-03, 0.000000000E+00, 6.162605982E-03, 7.518246522E-03, 5.000000000E-03, 1.385432561E-07, 4.397230771E+02, 6.484765744E+02, 3.000000000E+02, 1.176655108E+00, 2.350000000E+01, 2.350000000E+01, 1.862915775E+03
       570, 4.608750343E-03, 8.621128276E-03, 0.000000000E+00, 4.599040324E-03, 8.626273997E-03, 5.000000000E-03, 1.114432347E-07, 4.398736129E+02, 6.056637053E+02, 3.000000000E+02, 1.176655108E+00, 2.350000000E+01, 2.350000000E+01, 1.862915775E+03
       571, 2.850674093E-03, 9.396353737E-03, 0.000000000E+00, 2.843306682E-03, 9.398581362E-03, 5.000000000E-03, 8.989060380E-08, 4.400256448E+02, 5.630535775E+02, 3.000000000E+02, 1.176655108E+00, 2.350000000E+01, 2.350000000E+01, 1.862915775E+03
       572, 9.662490338E-04, 9.809738025E-03, 0.000000000E+00, 9.636767976E-04, 9.810000975E-03, 5.000000000E-03, 7.062595700E-08, 4.401431222E+02, 5.207369796E+02, 3.000000000E+02, 1.176655108E+00, 2.350000000E+01, 2.350000000E+01, 1.862915775E+03
       573,-9.693591273E-04, 9.841569699E-03, 0.000000000E+00,-9.667864764E-04, 9.841828368E-03, 5.000000000E-03, 5.375089836E-08, 4.401852812E+02, 4.844693747E+02, 3.000000000E+02, 1.176655108E+00, 2.350000000E+01, 2.350000000E+01, 1.862915775E+03
       574,-2.878149739E-03, 9.487691335E-03, 0.000000000E+00,-2.870783193E-03, 9.489921682E-03, 5.000000000E-03, 3.962360833E-08, 4.401476937E+02, 4.591421153E+02, 3.000000000E+02, 1.176655108E+00, 2.350000000E+01, 2.350000000E+01, 1.862915775E+03
       575,-4.682695493E-03, 8.760578930E-03, 0.000000000E+00,-4.673001261E-03, 8.765754684E-03, 5.000000000E-03, 2.844953350E-08, 4.400579928E+02, 4.454595711E+02, 3.000000000E+02, 1.176655108E+00, 2.350000000E+01, 2.350000000E+01, 1.862915775E+03
       576,-6.310074590E-03, 7.688832935E-03, 0.000000000E+00,-6.305284437E-03, 7.692764526E-03, 5.000000000E-03, 2.049464747E-08, 4.398684688E+02, 4.403858941E+02, 3.000000000E+02, 1.176655108E+00, 2.350000000E+01, 2.350000000E+01, 1.862915775E+03
       577, 7.514302619E-03, 6.167386193E-03, 0.000000000E+00, 7.518246522E-03, 6.162605982E-03, 5.000000000E-03, 1.385432561E-07, 4.397230771E+02, 6.484765744E+02, 3.000000000E+02, 1.176655108E+00, 2.350000000E+01, 2.350000000E+01, 1.862915775E+03
       578, 8.621128276E-03, 4.608750343E-03, 0.000000000E+00, 8.626273997E-03, 4.599040324E-03, 5.000000000E-03, 1.114432347E-07, 4.398736129E+02, 6.056637053E+02, 3.000000000E+02, 1.176655108E+00, 2.350000000E+01, 2.350000000E+01, 1.862915775E+03
       579, 9.396352805E-03, 2.850674093E-03, 0.000000000E+00, 9.398581362E-03, 2.843306682E-03, 5.000000000E-03, 8.989060380E-08, 4.400256448E+02, 5.630535775E+02, 3.000000000E+02, 1.176655108E+00, 2.350000000E+01, 2.350000000E+01, 1.862915775E+03
       580, 9.809738025E-03, 9.662490338E-04, 0.000000000E+00, 9.810000975E-03, 9.636767976E-04, 5.000000000E-03, 7.062595700E-08, 4.401431222E+02, 5.207369796E+02, 3.000000000E+02, 1.176655108E+00, 2.350000000E+01, 2.350000000E+01, 1.862915775E+03
       581, 9.841569699E-03,-9.693591273E-04, 0.000000000E+00, 9.841828368E-03,-9.667864764E-04, 5.000000000E-03, 5.375089836E-08, 4.401852812E+02, 4.844693747E+02, 3.000000000E+02, 1.176655108E+00, 2.350000000E+01, 2.350000000E+01, 1.862915775E+03
       582, 9.487690404E-03,-2.878149739E-03, 0.000000000E+00, 9.489921682E-03,-2.870783193E-03, 5.000000000E-03, 3.962360833E-08, 4.401476937E+02, 4.591421153E+02, 3.000000000E+02, 1.176655108E+00, 2.350000000E+01, 2.350000000E+01, 1.862915775E+03
       583, 8.760578930E-03,-4.682695493E-03, 0.000000000E+00, 8.765754684E-03,-4.673001261E-03, 5.000000000E-03, 2.844953350E-08, 4.400579928E+02, 4.454595711E+02, 3.000000000E+02, 1.176655108E+00, 2.350000000E+01, 2.350000000E+01, 1.862915775E+03
       584, 7.688832935E-03,-6.310074590E-03, 0.000000000E+00, 7.692764526E-03,-6.305284437E-03, 5.000000000E-03, 2.049464747E-08, 4.398684688E+02, 4.403858941E+02, 3.000000000E+02, 1.176655108E+00, 2.350000000E+01, 2.350000000E+01, 1.862915775E+03
       585, 6.207651924E-03, 7.563554216E-03, 0.000000000E+00, 6.202865081E-03, 7.567489679E-03, 5.000000000E-03, 1.057868787E-07, 4.397951804E+02, 5.969408350E+02, 3.000000000E+02, 1.176655108E+00, 2.350000000E+01, 2.350000000E+01, 1.862915775E+03
       586, 4.632589873E-03, 8.666086011E-03, 0.000000000E+00, 4.622883139E-03, 8.671238439E-03, 5.000000000E-03, 8.498075363E-08, 4.399314606E+02, 5.548530253E+02, 3.000000000E+02, 1.176655108E+00, 2.350000000E+01, 2.350000000E+01, 1.862915775E+03
       587, 2.862445544E-03, 9.435485117E-03, 0.000000000E+00, 2.855078147E-03, 9.437713309E-03, 5.000000000E-03, 6.847491987E-08, 4.400739474E+02, 5.172828563E+02, 3.000000000E+02, 1.176655108E+00, 2.350000000E+01, 2.350000000E+01, 1.862915775E+03
       588, 9.693591273E-04, 9.841569699E-03, 0.000000000E+00, 9.667864764E-04, 9.841828368E-03, 5.000000000E-03, 5.375089836E-08, 4.401852812E+02, 4.844693747E+02, 3.000000000E+02, 1.176655108E+00, 2.350000000E+01, 2.350000000E+01, 1.862915775E+03
       589,-9.717184003E-04, 9.865717031E-03, 0.000000000E+00,-9.691455742E-04, 9.865973605E-03, 5.000000000E-03, 4.087563296E-08, 4.402180954E+02, 4.602733630E+02, 3.000000000E+02, 1.176655108E+00, 2.350000000E+01, 2.350000000E+01, 1.862915775E+03
       590,-2.883288777E-03, 9.504773654E-03, 0.000000000E+00,-2.875922686E-03, 9.507006928E-03, 5.000000000E-03, 3.011264794E-08, 4.401552120E+02, 4.461606683E+02, 3.000000000E+02, 1.176655108E+00, 2.350000000E+01, 2.350000000E+01, 1.862915775E+03
       591,-4.688684829E-03, 8.771874011E-03, 0.000000000E+00,-4.678992331E-03, 8.777053061E-03, 5.000000000E-03, 2.160964912E-08, 4.399562311E+02, 4.405328865E+02, 3.000000000E+02, 1.176655108E+00, 2.350000000E+01, 2.350000000E+01, 1.862915775E+03
       592, 7.563554216E-03, 6.207651924E-03, 0.000000000E+00, 7.567489679E-03, 6.202865081E-03, 5.000000000E-03, 1.057868787E-07, 4.397951804E+02, 5.969408350E+02, 3.000000000E+02, 1.176655108E+00, 2.350000000E+01, 2.350000000E+01, 1.862915775E+03
       593, 8.666086011E-03, 4.632589873E-03, 0.000000000E+00, 8.671238439E-03, 4.622883139E-03, 5.000000000E-03, 8.498075363E-08, 4.399314606E+02, 5.548530253E+02, 3.000000000E+02, 1.176655108E+00, 2.350000000E+01, 2.350000000E+01, 1.862915775E+03
       594, 9.435485117E-03, 2.862445544E-03, 0.000000000E+00, 9.437713309E-03, 2.855078147E-03, 5.000000000E-03, 6.847491987E-08, 4.400739474E+02, 5.172828563E+02, 3.000000000E+02, 1.176655108E+00, 2.350000000E+01, 2.350000000E+01, 1.862915775E+03
       595, 9.841569699E-03, 9.693591273E-04, 0.000000000E+00, 9.841828368E-03, 9.667864764E-04, 5.000000000E-03, 5.375089836E-08, 4.401852812E+02, 4.844693747E+02, 3.000000000E+02, 1.176655108E+00, 2.350000000E+01, 2.350000000E+01, 1.862915775E+03
       596, 9.865717962E-03,-9.717184003E-04, 0.000000000E+00, 9.865973605E-03,-9.691455742E-04, 5.000000000E-03, 4.087563296E-08, 4.402180954E+02, 4.602733630E+02, 3.000000000E+02, 1.176655108E+00, 2.350000000E+01, 2.350000000E+01, 1.862915775E+03
       597, 9.504774585E-03,-2.883288777E-03, 0.000000000E+00, 9.507006928E-03,-2.875922686E-03, 5.000000000E-03, 3.011264794E-08, 4.401552120E+02, 4.461606683E+02, 3.000000000E+02, 1.176655108E+00, 2.350000000E+01, 2.350000000E+01, 1.862915775E+03
       598, 8.771873079E-03,-4.688684829E-03, 0.000000000E+00, 8.777053061E-03,-4.678992331E-03, 5.000000000E-03, 2.160964912E-08, 4.399562311E+02, 4.405328865E+02, 3.000000000E+02, 1.176655108E+00, 2.350000000E+01, 2.350000000E+01, 1.862915775E+03
       599, 6.238197908E-03, 7.600916550E-03, 0.000000000E+00, 6.233408002E-03, 7.604848435E-03, 5.000000000E-03, 8.064591654E-08, 4.398510646E+02, 5.474236920E+02, 3.000000000E+02, 1.176655108E+00, 2.350000000E+01, 2.350000000E+01, 1.862915775E+03
       600, 4.650674295E-03, 8.700191043E-03, 0.000000000E+00, 4.640971378E-03, 8.705350499E-03, 5.000000000E-03, 6.471962692E-08, 4.399778378E+02, 5.112085732E+02, 3.000000000E+02, 1.176655108E+00, 2.350000000E+01, 2.350000000E+01, 1.862915775E+03
       601, 2.871375531E-03, 9.465171024E-03, 0.000000000E+00, 2.864008424E-03, 9.467400281E-03, 5.000000000E-03, 5.210850939E-08, 4.401152094E+02, 4.822815916E+02, 3.000000000E+02, 1.176655108E+00, 2.350000000E+01, 2.350000000E+01, 1.862915775E+03
       602, 9.717184003E-04, 9.865717962E-03, 0.000000000E+00, 9.691455742E-04, 9.865973605E-03, 5.000000000E-03, 4.087563296E-08, 4.402180954E+02, 4.602733630E+02, 3.000000000E+02, 1.176655108E+00, 2.350000000E+01, 2.350000000E+01, 1.862915775E+03
       603,-9.735081694E-04, 9.884036146E-03, 0.000000000E+00,-9.709352422E-04, 9.884290758E-03, 5.000000000E-03, 3.106595001E-08, 4.402246484E+02, 4.466005636E+02, 3.000000000E+02, 1.176655108E+00, 2.350000000E+01, 2.350000000E+01, 1.862915775E+03
       604,-2.887187060E-03, 9.517733008E-03, 0.000000000E+00,-2.879821597E-03, 9.519968101E-03, 5.000000000E-03, 2.287465621E-08, 4.400583690E+02, 4.407058615E+02, 3.000000000E+02, 1.176655108E+00, 2.350000000E+01, 2.350000000E+01, 1.862915775E+03
       605, 7.600916550E-03, 6.238198373E-03, 0.000000000E+00, 7.604848435E-03, 6.233408002E-03, 5.000000000E-03, 8.064591654E-08, 4.398510646E+02, 5.474236920E+02, 3.000000000E+02, 1.176655108E+00, 2.350000000E+01, 2.350000000E+01, 1.862915775E+03
       606, 8.700190112E-03, 4.650674295E-03, 0.000000000E+00, 8.705350499E-03, 4.640971378E-03, 5.000000000E-03, 6.471962692E-08, 4.399778378E+02, 5.112085732E+02, 3.000000000E+02, 1.176655108E+00, 2.350000000E+01, 2.350000000E+01, 1.862915775E+03
       607, 9.465171024E-03, 2.871375531E-03, 0.000000000E+00, 9.467400281E-03, 2.864008424E-03, 5.000000000E-03, 5.210850939E-08, 4.401152094E+02, 4.822815916E+02, 3.000000000E+02, 1.176655108E+00, 2.350000000E+01, 2.350000000E+01, 1.862915775E+03
       608, 9.865717031E-03, 9.717184003E-04, 0.000000000E+00, 9.865973605E-03, 9.691455742E-04, 5.000000000E-03, 4.087563296E-08, 4.402180954E+02, 4.602733630E+02, 3.000000000E+02, 1.176655108E+00, 2.350000000E+01, 2.350000000E+01, 1.862915775E+03
       609, 9.884035215E-03,-9.735081694E-04, 0.000000000E+00, 9.884290758E-03,-9.709352422E-04, 5.000000000E-03, 3.106595001E-08, 4.402246484E+02, 4.466005636E+02, 3.000000000E+02, 1.176655108E+00, 2.350000000E+01, 2.350000000E+01, 1.862915775E+03
       610, 9.517733939E-03,-2.887187060E-03, 0.000000000E+00, 9.519968101E-03,-2.879821597E-03, 5.000000000E-03, 2.287465621E-08, 4.400583690E+02, 4.407058615E+02, 3.000000000E+02, 1.176655108E+00, 2.350000000E+01, 2.350000000E+01, 1.862915775E+03
       611, 6.261371076E-03, 7.629260421E-03, 0.000000000E+00, 6.256579229E-03, 7.633190460E-03, 5.000000000E-03, 6.140593800E-08, 4.398958047E+02, 5.058285163E+02, 3.000000000E+02, 1.176655108E+00, 2.350000000E+01, 2.350000000E+01, 1.862915775E+03
       612, 4.664393608E-03, 8.726063184E-03, 0.000000000E+00, 4.654693744E-03, 8.731229092E-03, 5.000000000E-03, 4.924208522E-08, 4.400175996E+02, 4.785362667E+02, 3.000000000E+02, 1.176655108E+00, 2.350000000E+01, 2.350000000E+01, 1.862915775E+03
       613, 2.878149739E-03, 9.487690404E-03, 0.000000000E+00, 2.870783193E-03, 9.489921682E-03, 5.000000000E-03, 3.962360833E-08, 4.401476937E+02, 4.591421153E+02, 3.000000000E+02, 1.176655108E+00, 2.350000000E+01, 2.350000000E+01, 1.862915775E+03
       614, 9.735081694E-04, 9.884035215E-03, 0.000000000E+00, 9.709352422E-04, 9.884290758E-03, 5.000000000E-03, 3.106595001E-08, 4.402246484E+02, 4.466005636E+02, 3.000000000E+02, 1.176655108E+00, 2.350000000E+01, 2.350000000E+01, 1.862915775E+03
       615,-9.748659213E-04, 9.897932410E-03, 0.000000000E+00,-9.722929179E-04, 9.898186495E-03, 5.000000000E-03, 2.359985538E-08, 4.401309368E+02, 4.408201526E+02, 3.000000000E+02, 1.176655108E+00, 2.350000000E+01, 2.350000000E+01, 1.862915775E+03
       616, 7.629260421E-03, 6.261370610E-03, 0.000000000E+00, 7.633190460E-03, 6.256579229E-03, 5.000000000E-03, 6.140593800E-08, 4.398958047E+02, 5.058285163E+02, 3.000000000E+02, 1.176655108E+00, 2.350000000E+01, 2.350000000E+01, 1.862915775E+03
       617, 8.726063184E-03, 4.664393142E-03, 0.000000000E+00, 8.731229092E-03, 4.654693744E-03, 5.000000000E-03, 4.924208522E-08, 4.400175996E+02, 4.785362667E+02, 3.000000000E+02, 1.176655108E+00, 2.350000000E+01, 2.350000000E+01, 1.862915775E+03
       618, 9.487691335E-03, 2.878149739E-03, 0.000000000E+00, 9.489921682E-03, 2.870783193E-03, 5.000000000E-03, 3.962360833E-08, 4.401476937E+02, 4.591421153E+02, 3.000000000E+02, 1.176655108E+00, 2.350000000E+01, 2.350000000E+01, 1.862915775E+03
       619, 9.884036146E-03, 9.735081694E-04, 0.000000000E+00, 9.884290758E-03, 9.709352422E-04, 5.000000000E-03, 3.106595001E-08, 4.402246484E+02, 4.466005636E+02, 3.000000000E+02, 1.176655108E+00, 2.350000000E+01, 2.350000000E+01, 1.862915775E+03
       620, 9.897931479E-03,-9.748659213E-04, 0.000000000E+00, 9.898186495E-03,-9.722929179E-04, 5.000000000E-03, 2.359985538E-08, 4.401309368E+02, 4.408201526E+02, 3.000000000E+02, 1.176655108E+00, 2.350000000E+01, 2.350000000E+01, 1.862915775E+03
       621, 6.278949324E-03, 7.650761399E-03, 0.000000000E+00, 6.274157718E-03, 7.654691693E-03, 5.000000000E-03, 4.671376928E-08, 4.399338190E+02, 4.752709046E+02, 3.000000000E+02, 1.176655108E+00, 2.350000000E+01, 2.350000000E+01, 1.862915775E+03
       622, 4.674800672E-03, 8.745689876E-03, 0.000000000E+00, 4.665103899E-03, 8.750861288E-03, 5.000000000E-03, 3.743897441E-08, 4.400492850E+02, 4.572585513E+02, 3.000000000E+02, 1.176655108E+00, 2.350000000E+01, 2.350000000E+01, 1.862915775E+03
       623, 2.883288777E-03, 9.504774585E-03, 0.000000000E+00, 2.875922686E-03, 9.507006928E-03, 5.000000000E-03, 3.011264794E-08, 4.401552120E+02, 4.461606683E+02, 3.000000000E+02, 1.176655108E+00, 2.350000000E+01, 2.350000000E+01, 1.862915775E+03
       624, 9.748659213E-04, 9.897931479E-03, 0.000000000E+00, 9.722929179E-04, 9.898186495E-03, 5.000000000E-03, 2.359985538E-08, 4.401309368E+02, 4.408201526E+02, 3.000000000E+02, 1.176655108E+00, 2.350000000E+01, 2.350000000E+01, 1.862915775E+03
       625, 7.650761399E-03, 6.278949324E-03, 0.000000000E+00, 7.654691693E-03, 6.274157718E-03, 5.000000000E-03, 4.671376928E-08, 4.399338190E+02, 4.752709046E+02, 3.000000000E+02, 1.176655108E+00, 2.350000000E+01, 2.350000000E+01, 1.862915775E+03
       626, 8.745689876E-03, 4.674800672E-03, 0.000000000E+00, 8.750861288E-03, 4.665103899E-03, 5.000000000E-03, 3.743897441E-08, 4.400492850E+02, 4.572585513E+02, 3.000000000E+02, 1.176655108E+00, 2.350000000E+01, 2.350000000E+01, 1.862915775E+03
       627, 9.504773654E-03, 2.883288777E-03, 0.000000000E+00, 9.507006928E-03, 2.875922686E-03, 5.000000000E-03, 3.011264794E-08, 4.401552120E+02, 4.461606683E+02, 3.000000000E+02, 1.176655108E+00, 2.350000000E+01, 2.350000000E+01, 1.862915775E+03
       628, 9.897932410E-03, 9.748659213E-04, 0.000000000E+00, 9.898186495E-03, 9.722929179E-04, 5.000000000E-03, 2.359985538E-08, 4.401309368E+02, 4.408201526E+02, 3.000000000E+02, 1.176655108E+00, 2.350000000E+01, 2.350000000E+01, 1.862915775E+03
       629, 6.292284466E-03, 7.667072583E-03, 0.000000000E+00, 6.287493227E-03, 7.671003101E-03, 5.000000000E-03, 3.551261791E-08, 4.399647907E+02, 4.556340359E+02, 3.000000000E+02, 1.176655108E+00, 2.350000000E+01, 2.350000000E+01, 1.862915775E+03
       630, 4.682695493E-03, 8.760578930E-03, 0.000000000E+00, 4.673001261E-03, 8.765754684E-03, 5.000000000E-03, 2.844953350E-08, 4.400579928E+02, 4.454595711E+02, 3.000000000E+02, 1.176655108E+00, 2.350000000E+01, 2.350000000E+01, 1.862915775E+03
       631, 2.887187060E-03, 9.517733939E-03, 0.000000000E+00, 2.879821597E-03, 9.519968101E-03, 5.000000000E-03, 2.287465621E-08, 4.400583690E+02, 4.407058615E+02, 3.000000000E+02, 1.176655108E+00, 2.350000000E+01, 2.350000000E+01, 1.862915775E+03
       632, 7.667073049E-03, 6.292284466E-03, 0.000000000E+00, 7.671003101E-03, 6.287493227E-03, 5.000000000E-03, 3.551261791E-08, 4.399647907E+02, 4.556340359E+02, 3.000000000E+02, 1.176655108E+00, 2.350000000E+01, 2.350000000E+01, 1.862915775E+03
       633, 8.760578930E-03, 4.682695493E-03, 0.000000000E+00, 8.765754684E-03, 4.673001261E-03, 5.000000000E-03, 2.844953350E-08, 4.400579928E+02, 4.454595711E+02, 3.000000000E+02, 1.176655108E+00, 2.350000000E+01, 2.350000000E+01, 1.862915775E+03
       634, 9.517733008E-03, 2.887187060E-03, 0.000000000E+00, 9.519968101E-03, 2.879821597E-03, 5.000000000E-03, 2.287465621E-08, 4.400583690E+02, 4.407058615E+02, 3.000000000E+02, 1.176655108E+00, 2.350000000E+01, 2.350000000E+01, 1.862915775E+03
       635, 6.302400492E-03, 7.679446135E-03, 0.000000000E+00, 6.297609822E-03, 7.683377274E-03, 5.000000000E-03, 2.698337776E-08, 4.399743458E+02, 4.448588000E+02, 3.000000000E+02, 1.176655108E+00, 2.350000000E+01, 2.350000000E+01, 1.862915775E+03
       636, 4.688684829E-03, 8.771873079E-03, 0.000000000E+00, 4.678992331E-03, 8.777053061E-03, 5.000000000E-03, 2.160964912E-08, 4.399562311E+02, 4.405328865E+02, 3.000000000E+02, 1.176655108E+00, 2.350000000E+01, 2.350000000E+01, 1.862915775E+03
       637, 7.679446135E-03, 6.302400492E-03, 0.000000000E+00, 7.683377274E-03, 6.297609822E-03, 5.000000000E-03, 2.698337776E-08, 4.399743458E+02, 4.448588000E+02, 3.000000000E+02, 1.176655108E+00, 2.350000000E+01, 2.350000000E+01, 1.862915775E+03
       638, 8.771874011E-03, 4.688684829E-03, 0.000000000E+00, 8.777053061E-03, 4.678992331E-03, 5.000000000E-03, 2.160964912E-08, 4.399562311E+02, 4.405328865E+02, 3.000000000E+02, 1.176655108E+00, 2.350000000E+01, 2.350000000E+01, 1.862915775E+03
       639, 6.310074590E-03, 7.688832935E-03, 0.000000000E+00, 6.305284437E-03, 7.692764526E-03, 5.000000000E-03, 2.049464747E-08, 4.398684688E+02, 4.403858941E+02, 3.000000000E+02, 1.176655108E+00, 2.350000000E+01, 2.350000000E+01, 1.862915775E+03
       640, 7.688832935E-03, 6.310074590E-03, 0.000000000E+00, 7.692764526E-03, 6.305284437E-03, 5.000000000E-03, 2.049464747E-08, 4.398684688E+02, 4.403858941E+02, 3.000000000E+02, 1.176655108E+00, 2.350000000E+01, 2.350000000E+01, 1.862915775E+03
