Element Number	Structural Error (J)
1	1.4146e-010
2	1.0291e-010
3	9.1318e-011
4	7.4786e-011
5	7.9807e-011
6	7.5337e-011
7	7.7512e-011
8	8.0908e-011
9	7.924e-011
10	8.4235e-011
11	8.5059e-011
12	8.5019e-011
13	9.1037e-011
14	8.814e-011
15	9.4485e-011
16	9.3618e-011
17	9.682e-011
18	9.9175e-011
19	9.9985e-011
20	1.0435e-010
21	1.0392e-010
22	1.0938e-010
23	1.0879e-010
24	1.1402e-010
25	1.1456e-010
26	1.181e-010
27	1.2172e-010
28	1.2127e-010
29	1.2874e-010
30	1.2616e-010
31	1.3372e-010
32	1.35e-010
33	1.3577e-010
34	1.4274e-010
35	1.4359e-010
36	1.4578e-010
37	1.5181e-010
38	1.5471e-010
39	1.5493e-010
40	1.621e-010
41	1.6523e-010
42	1.6884e-010
43	1.7007e-010
44	1.7604e-010
45	1.7999e-010
46	1.8408e-010
47	1.8771e-010
48	1.9186e-010
49	1.9681e-010
50	1.9978e-010
51	2.0594e-010
52	2.1012e-010
53	2.1491e-010
54	2.1982e-010
55	2.2476e-010
56	2.3033e-010
57	2.3406e-010
58	2.4032e-010
59	2.4584e-010
60	2.5174e-010
61	2.5926e-010
62	2.6609e-010
63	2.683e-010
64	2.7112e-010
65	2.8827e-010
66	2.8948e-010
67	2.7209e-010
68	2.6928e-010
69	2.698e-010
70	2.6403e-010
71	2.5636e-010
72	2.51e-010
73	2.4543e-010
74	2.3779e-010
75	2.3633e-010
76	2.3064e-010
77	2.2598e-010
78	2.2156e-010
79	2.1752e-010
80	2.1524e-010
81	2.0446e-010
82	2.0785e-010
83	2.0224e-010
84	1.9908e-010
85	1.9791e-010
86	1.966e-010
87	1.9969e-010
88	1.7986e-010
89	1.9546e-010
90	1.8745e-010
91	1.9445e-010
92	1.7109e-010
93	1.8575e-010
94	1.8497e-010
95	1.5798e-010
96	1.5904e-010
97	1.8157e-010
98	1.506e-010
99	1.6453e-010
100	1.8447e-010
101	1.512e-010
102	1.8233e-010
103	1.3925e-010
104	1.6436e-010
105	1.4786e-010
106	1.3443e-010
107	1.4557e-010
108	1.2296e-010
109	1.3828e-010
110	1.1424e-010
111	1.2929e-010
112	1.1326e-010
113	1.1812e-010
114	1.1608e-010
115	1.0805e-010
116	1.2721e-010
117	1.0906e-010
118	1.2291e-010
119	1.0495e-010
120	1.0938e-010
121	1.0416e-010
122	1.1017e-010
123	1.6079e-010
124	1.9059e-010
125	2.1816e-010
126	4.4392e-010
127	8.081e-010
128	7.8164e-010
129	1.24e-009
130	1.0386e-009
131	7.9183e-011
132	5.7821e-011
133	6.335e-011
134	6.9254e-011
135	7.1377e-011
136	7.0566e-011
137	7.1201e-011
138	7.2887e-011
139	7.695e-011
140	7.5354e-011
141	7.7371e-011
142	8.0977e-011
143	7.9662e-011
144	8.6086e-011
145	8.3497e-011
146	8.757e-011
147	8.8579e-011
148	9.045e-011
149	9.3637e-011
150	9.3558e-011
151	9.8516e-011
152	9.7512e-011
153	1.0306e-010
154	1.0246e-010
155	1.0707e-010
156	1.083e-010
157	1.0962e-010
158	1.1572e-010
159	1.1292e-010
160	1.2233e-010
161	1.1911e-010
162	1.2322e-010
163	1.2905e-010
164	1.2723e-010
165	1.3285e-010
166	1.3712e-010
167	1.3656e-010
168	1.404e-010
169	1.4815e-010
170	1.4667e-010
171	1.5017e-010
172	1.5411e-010
173	1.607e-010
174	1.6132e-010
175	1.6459e-010
176	1.6818e-010
177	1.725e-010
178	1.7669e-010
179	1.8019e-010
180	1.8637e-010
181	1.8839e-010
182	1.9303e-010
183	1.9754e-010
184	2.0197e-010
185	2.0636e-010
186	2.1065e-010
187	2.1759e-010
188	2.2152e-010
189	2.2679e-010
190	2.3178e-010
191	2.3502e-010
192	2.3996e-010
193	2.5082e-010
194	2.6192e-010
195	2.5465e-010
196	2.5421e-010
197	2.6369e-010
198	2.5457e-010
199	2.4204e-010
200	2.369e-010
201	2.3563e-010
202	2.312e-010
203	2.2659e-010
204	2.2474e-010
205	2.1492e-010
206	2.1138e-010
207	2.0722e-010
208	2.0301e-010
209	1.9908e-010
210	1.9364e-010
211	2.001e-010
212	1.8845e-010
213	1.8828e-010
214	1.8326e-010
215	1.7544e-010
216	1.7558e-010
217	1.7465e-010
218	2.0273e-010
219	1.6917e-010
220	1.6125e-010
221	1.6107e-010
222	2.0301e-010
223	1.5761e-010
224	1.4582e-010
225	1.7086e-010
226	1.5391e-010
227	1.3343e-010
228	1.7586e-010
229	1.4441e-010
230	1.3867e-010
231	1.9636e-010
232	1.2196e-010
233	1.654e-010
234	1.3367e-010
235	1.3524e-010
236	1.3676e-010
237	1.1229e-010
238	1.4192e-010
239	1.041e-010
240	1.275e-010
241	1.0281e-010
242	1.1521e-010
243	1.0311e-010
244	1.0238e-010
245	1.0496e-010
246	9.4519e-011
247	1.1949e-010
248	8.4634e-011
249	9.4624e-011
250	8.0848e-011
251	8.118e-011
252	8.1262e-011
253	1.3103e-010
254	1.8429e-010
255	1.956e-010
256	4.3617e-010
257	8.2229e-010
258	8.102e-010
259	1.0999e-009
260	1.089e-009
261	1.4139e-010
262	1.0279e-010
263	9.1244e-011
264	7.4697e-011
265	7.9778e-011
266	7.53e-011
267	7.7492e-011
268	8.0945e-011
269	7.9245e-011
270	8.4227e-011
271	8.5048e-011
272	8.501e-011
273	9.102e-011
274	8.8188e-011
275	9.4502e-011
276	9.3596e-011
277	9.6808e-011
278	9.9119e-011
279	9.9925e-011
280	1.0431e-010
281	1.0389e-010
282	1.0934e-010
283	1.0879e-010
284	1.14e-010
285	1.1446e-010
286	1.1801e-010
287	1.2164e-010
288	1.2128e-010
289	1.2876e-010
290	1.2611e-010
291	1.3371e-010
292	1.3508e-010
293	1.3582e-010
294	1.4265e-010
295	1.4346e-010
296	1.4572e-010
297	1.5185e-010
298	1.549e-010
299	1.5491e-010
300	1.6199e-010
301	1.6517e-010
302	1.6868e-010
303	1.7009e-010
304	1.76e-010
305	1.8005e-010
306	1.8408e-010
307	1.8779e-010
308	1.9193e-010
309	1.9683e-010
310	1.9972e-010
311	2.0581e-010
312	2.1008e-010
313	2.149e-010
314	2.1983e-010
315	2.247e-010
316	2.3023e-010
317	2.3402e-010
318	2.4035e-010
319	2.459e-010
320	2.5165e-010
321	2.5911e-010
322	2.6618e-010
323	2.6822e-010
324	2.7112e-010
325	2.8839e-010
326	2.8961e-010
327	2.7219e-010
328	2.6935e-010
329	2.6964e-010
330	2.6397e-010
331	2.5634e-010
332	2.5098e-010
333	2.4559e-010
334	2.3772e-010
335	2.3643e-010
336	2.3072e-010
337	2.2597e-010
338	2.216e-010
339	2.1754e-010
340	2.1492e-010
341	2.0431e-010
342	2.0757e-010
343	2.0226e-010
344	1.99e-010
345	1.9786e-010
346	1.966e-010
347	1.9959e-010
348	1.7983e-010
349	1.9543e-010
350	1.8751e-010
351	1.945e-010
352	1.711e-010
353	1.8576e-010
354	1.8501e-010
355	1.5805e-010
356	1.5899e-010
357	1.8153e-010
358	1.5066e-010
359	1.6456e-010
360	1.8456e-010
361	1.5128e-010
362	1.8239e-010
363	1.3931e-010
364	1.6438e-010
365	1.479e-010
366	1.3453e-010
367	1.4564e-010
368	1.2306e-010
369	1.3836e-010
370	1.143e-010
371	1.2934e-010
372	1.1334e-010
373	1.181e-010
374	1.1611e-010
375	1.0807e-010
376	1.2721e-010
377	1.0904e-010
378	1.2288e-010
379	1.0493e-010
380	1.0935e-010
381	1.0415e-010
382	1.1015e-010
383	1.6077e-010
384	1.9064e-010
385	2.1818e-010
386	4.4384e-010
387	8.0813e-010
388	7.8169e-010
389	1.24e-009
390	1.0386e-009
391	1.4136e-010
392	1.0278e-010
393	9.1207e-011
394	7.4696e-011
395	7.9758e-011
396	7.5268e-011
397	7.7483e-011
398	8.0921e-011
399	7.924e-011
400	8.4185e-011
401	8.5019e-011
402	8.4982e-011
403	9.1028e-011
404	8.8204e-011
405	9.4507e-011
406	9.36e-011
407	9.6814e-011
408	9.9092e-011
409	9.9945e-011
410	1.0431e-010
411	1.0386e-010
412	1.0933e-010
413	1.087e-010
414	1.1395e-010
415	1.1437e-010
416	1.1789e-010
417	1.2155e-010
418	1.212e-010
419	1.2874e-010
420	1.2611e-010
421	1.3362e-010
422	1.3507e-010
423	1.358e-010
424	1.4258e-010
425	1.4338e-010
426	1.4565e-010
427	1.5183e-010
428	1.5497e-010
429	1.5492e-010
430	1.6209e-010
431	1.6506e-010
432	1.6865e-010
433	1.7005e-010
434	1.7593e-010
435	1.7993e-010
436	1.8413e-010
437	1.8784e-010
438	1.9202e-010
439	1.9691e-010
440	1.9965e-010
441	2.0572e-010
442	2.1006e-010
443	2.1489e-010
444	2.1984e-010
445	2.2483e-010
446	2.3028e-010
447	2.3413e-010
448	2.4037e-010
449	2.4593e-010
450	2.517e-010
451	2.5933e-010
452	2.6612e-010
453	2.6821e-010
454	2.7111e-010
455	2.8866e-010
456	2.8998e-010
457	2.7218e-010
458	2.6939e-010
459	2.6954e-010
460	2.6379e-010
461	2.5628e-010
462	2.5101e-010
463	2.4551e-010
464	2.3767e-010
465	2.365e-010
466	2.3081e-010
467	2.2598e-010
468	2.2165e-010
469	2.1752e-010
470	2.1475e-010
471	2.0436e-010
472	2.0714e-010
473	2.0216e-010
474	1.9905e-010
475	1.9791e-010
476	1.9673e-010
477	1.9965e-010
478	1.7982e-010
479	1.954e-010
480	1.8753e-010
481	1.9447e-010
482	1.7111e-010
483	1.8581e-010
484	1.8502e-010
485	1.5797e-010
486	1.5904e-010
487	1.8157e-010
488	1.507e-010
489	1.6457e-010
490	1.8458e-010
491	1.5128e-010
492	1.8242e-010
493	1.3936e-010
494	1.645e-010
495	1.4802e-010
496	1.3461e-010
497	1.4568e-010
498	1.2311e-010
499	1.3839e-010
500	1.1432e-010
501	1.2936e-010
502	1.1332e-010
503	1.1821e-010
504	1.1621e-010
505	1.0813e-010
506	1.2731e-010
507	1.0905e-010
508	1.2298e-010
509	1.0495e-010
510	1.0938e-010
511	1.0417e-010
512	1.1017e-010
513	1.6081e-010
514	1.9064e-010
515	2.1818e-010
516	4.4388e-010
517	8.0812e-010
518	7.8168e-010
519	1.2399e-009
520	1.0388e-009
521	7.913e-011
522	5.7773e-011
523	6.3294e-011
524	6.9189e-011
525	7.1388e-011
526	7.0518e-011
527	7.1209e-011
528	7.2847e-011
529	7.6881e-011
530	7.5283e-011
531	7.7275e-011
532	8.0907e-011
533	7.9704e-011
534	8.611e-011
535	8.3487e-011
536	8.7589e-011
537	8.8576e-011
538	9.0413e-011
539	9.3645e-011
540	9.3483e-011
541	9.8517e-011
542	9.7493e-011
543	1.0296e-010
544	1.0243e-010
545	1.0695e-010
546	1.0804e-010
547	1.0943e-010
548	1.1561e-010
549	1.1287e-010
550	1.2236e-010
551	1.1909e-010
552	1.2323e-010
553	1.2907e-010
554	1.271e-010
555	1.3255e-010
556	1.3691e-010
557	1.3654e-010
558	1.4032e-010
559	1.4842e-010
560	1.4639e-010
561	1.5014e-010
562	1.5386e-010
563	1.6058e-010
564	1.612e-010
565	1.6449e-010
566	1.6822e-010
567	1.7259e-010
568	1.7692e-010
569	1.8041e-010
570	1.8634e-010
571	1.8838e-010
572	1.9304e-010
573	1.9758e-010
574	2.0207e-010
575	2.0655e-010
576	2.1055e-010
577	2.1766e-010
578	2.2153e-010
579	2.2668e-010
580	2.3179e-010
581	2.3519e-010
582	2.4011e-010
583	2.5071e-010
584	2.6235e-010
585	2.548e-010
586	2.5448e-010
587	2.6393e-010
588	2.5458e-010
589	2.4194e-010
590	2.369e-010
591	2.3561e-010
592	2.3121e-010
593	2.2648e-010
594	2.2486e-010
595	2.151e-010
596	2.1134e-010
597	2.0719e-010
598	2.0305e-010
599	1.9878e-010
600	1.9421e-010
601	1.9789e-010
602	1.8867e-010
603	1.8788e-010
604	1.832e-010
605	1.7562e-010
606	1.756e-010
607	1.7475e-010
608	2.0277e-010
609	1.692e-010
610	1.6122e-010
611	1.611e-010
612	2.03e-010
613	1.5762e-010
614	1.4593e-010
615	1.7078e-010
616	1.5396e-010
617	1.3341e-010
618	1.7599e-010
619	1.445e-010
620	1.387e-010
621	1.9648e-010
622	1.2212e-010
623	1.6558e-010
624	1.3386e-010
625	1.3541e-010
626	1.3693e-010
627	1.1243e-010
628	1.4202e-010
629	1.0422e-010
630	1.2753e-010
631	1.0293e-010
632	1.153e-010
633	1.0322e-010
634	1.0254e-010
635	1.051e-010
636	9.4585e-011
637	1.1958e-010
638	8.4744e-011
639	9.4704e-011
640	8.091e-011
641	8.1239e-011
642	8.1275e-011
643	1.3106e-010
644	1.8439e-010
645	1.9562e-010
646	4.3625e-010
647	8.221e-010
648	8.1026e-010
649	1.1e-009
650	1.089e-009
651	1.4136e-010
652	1.0278e-010
653	9.1207e-011
654	7.4696e-011
655	7.9758e-011
656	7.5268e-011
657	7.7483e-011
658	8.0921e-011
659	7.924e-011
660	8.4185e-011
661	8.5019e-011
662	8.4985e-011
663	9.1031e-011
664	8.8204e-011
665	9.4507e-011
666	9.36e-011
667	9.6814e-011
668	9.9092e-011
669	9.9946e-011
670	1.0431e-010
671	1.0386e-010
672	1.0933e-010
673	1.087e-010
674	1.1395e-010
675	1.1437e-010
676	1.1789e-010
677	1.2155e-010
678	1.212e-010
679	1.2874e-010
680	1.2611e-010
681	1.3362e-010
682	1.3506e-010
683	1.3583e-010
684	1.4257e-010
685	1.4339e-010
686	1.4563e-010
687	1.5183e-010
688	1.5511e-010
689	1.5468e-010
690	1.6225e-010
691	1.6503e-010
692	1.6867e-010
693	1.7003e-010
694	1.7592e-010
695	1.7992e-010
696	1.8413e-010
697	1.8784e-010
698	1.9202e-010
699	1.9687e-010
700	1.9967e-010
701	2.0572e-010
702	2.1006e-010
703	2.1489e-010
704	2.1984e-010
705	2.2483e-010
706	2.3028e-010
707	2.3413e-010
708	2.4037e-010
709	2.4593e-010
710	2.517e-010
711	2.5933e-010
712	2.6612e-010
713	2.6821e-010
714	2.7111e-010
715	2.8866e-010
716	2.8991e-010
717	2.722e-010
718	2.6939e-010
719	2.6954e-010
720	2.6379e-010
721	2.5627e-010
722	2.5101e-010
723	2.455e-010
724	2.3767e-010
725	2.365e-010
726	2.3081e-010
727	2.2601e-010
728	2.217e-010
729	2.1776e-010
730	2.1404e-010
731	2.0548e-010
732	2.0643e-010
733	2.0231e-010
734	1.9895e-010
735	1.9795e-010
736	1.9667e-010
737	1.9967e-010
738	1.7982e-010
739	1.9539e-010
740	1.875e-010
741	1.945e-010
742	1.7112e-010
743	1.8582e-010
744	1.8507e-010
745	1.5799e-010
746	1.5904e-010
747	1.8157e-010
748	1.507e-010
749	1.6457e-010
750	1.8459e-010
751	1.5128e-010
752	1.8242e-010
753	1.3936e-010
754	1.645e-010
755	1.4802e-010
756	1.3461e-010
757	1.4568e-010
758	1.2311e-010
759	1.3839e-010
760	1.1432e-010
761	1.2936e-010
762	1.1332e-010
763	1.1821e-010
764	1.1621e-010
765	1.0813e-010
766	1.2731e-010
767	1.0905e-010
768	1.2298e-010
769	1.0495e-010
770	1.0938e-010
771	1.0417e-010
772	1.1017e-010
773	1.6081e-010
774	1.9064e-010
775	2.1818e-010
776	4.4388e-010
777	8.0812e-010
778	7.8165e-010
779	1.2399e-009
780	1.0388e-009
781	1.4139e-010
782	1.0279e-010
783	9.1247e-011
784	7.47e-011
785	7.9778e-011
786	7.53e-011
787	7.7492e-011
788	8.0945e-011
789	7.9245e-011
790	8.4227e-011
791	8.5048e-011
792	8.501e-011
793	9.1027e-011
794	8.8171e-011
795	9.4502e-011
796	9.3596e-011
797	9.6811e-011
798	9.9123e-011
799	9.9925e-011
800	1.0431e-010
801	1.0389e-010
802	1.0934e-010
803	1.0879e-010
804	1.14e-010
805	1.1446e-010
806	1.1801e-010
807	1.2164e-010
808	1.2128e-010
809	1.2876e-010
810	1.2614e-010
811	1.3371e-010
812	1.3508e-010
813	1.358e-010
814	1.4267e-010
815	1.4345e-010
816	1.4569e-010
817	1.5181e-010
818	1.5517e-010
819	1.5453e-010
820	1.6224e-010
821	1.6506e-010
822	1.6878e-010
823	1.7006e-010
824	1.76e-010
825	1.8003e-010
826	1.8411e-010
827	1.8778e-010
828	1.9188e-010
829	1.9684e-010
830	1.9972e-010
831	2.0581e-010
832	2.1007e-010
833	2.149e-010
834	2.1984e-010
835	2.247e-010
836	2.3023e-010
837	2.3402e-010
838	2.4035e-010
839	2.459e-010
840	2.5165e-010
841	2.5911e-010
842	2.6619e-010
843	2.6823e-010
844	2.7111e-010
845	2.8839e-010
846	2.8965e-010
847	2.7224e-010
848	2.6927e-010
849	2.6964e-010
850	2.6398e-010
851	2.5631e-010
852	2.5109e-010
853	2.4553e-010
854	2.3772e-010
855	2.3643e-010
856	2.3073e-010
857	2.2596e-010
858	2.2156e-010
859	2.1772e-010
860	2.1381e-010
861	2.0575e-010
862	2.0638e-010
863	2.0235e-010
864	1.99e-010
865	1.9782e-010
866	1.9662e-010
867	1.9962e-010
868	1.7981e-010
869	1.9543e-010
870	1.8753e-010
871	1.9444e-010
872	1.7111e-010
873	1.8576e-010
874	1.85e-010
875	1.5805e-010
876	1.5901e-010
877	1.8153e-010
878	1.5066e-010
879	1.6456e-010
880	1.8456e-010
881	1.5128e-010
882	1.8239e-010
883	1.3931e-010
884	1.6438e-010
885	1.479e-010
886	1.3453e-010
887	1.4564e-010
888	1.2306e-010
889	1.3836e-010
890	1.143e-010
891	1.2934e-010
892	1.1334e-010
893	1.1811e-010
894	1.1611e-010
895	1.0807e-010
896	1.2721e-010
897	1.0904e-010
898	1.2288e-010
899	1.0493e-010
900	1.0935e-010
901	1.0416e-010
902	1.1015e-010
903	1.6077e-010
904	1.9064e-010
905	2.1818e-010
906	4.4384e-010
907	8.0813e-010
908	7.817e-010
909	1.24e-009
910	1.0386e-009
911	7.9183e-011
912	5.7836e-011
913	6.3339e-011
914	6.9268e-011
915	7.1377e-011
916	7.0566e-011
917	7.1201e-011
918	7.2887e-011
919	7.6944e-011
920	7.5349e-011
921	7.7371e-011
922	8.0977e-011
923	7.9657e-011
924	8.6079e-011
925	8.3497e-011
926	8.757e-011
927	8.8576e-011
928	9.0446e-011
929	9.3637e-011
930	9.3558e-011
931	9.8513e-011
932	9.75e-011
933	1.0305e-010
934	1.0246e-010
935	1.0707e-010
936	1.083e-010
937	1.0962e-010
938	1.1572e-010
939	1.1292e-010
940	1.2233e-010
941	1.1911e-010
942	1.2322e-010
943	1.2903e-010
944	1.272e-010
945	1.3282e-010
946	1.3713e-010
947	1.3661e-010
948	1.4023e-010
949	1.4871e-010
950	1.4643e-010
951	1.5029e-010
952	1.5413e-010
953	1.6059e-010
954	1.6136e-010
955	1.6458e-010
956	1.6815e-010
957	1.7251e-010
958	1.7668e-010
959	1.8018e-010
960	1.8637e-010
961	1.8839e-010
962	1.9303e-010
963	1.9754e-010
964	2.0197e-010
965	2.0636e-010
966	2.1065e-010
967	2.1759e-010
968	2.2146e-010
969	2.268e-010
970	2.3178e-010
971	2.3501e-010
972	2.3994e-010
973	2.508e-010
974	2.619e-010
975	2.5472e-010
976	2.5415e-010
977	2.6377e-010
978	2.5457e-010
979	2.4203e-010
980	2.3689e-010
981	2.3568e-010
982	2.3117e-010
983	2.2658e-010
984	2.2474e-010
985	2.1497e-010
986	2.1142e-010
987	2.0721e-010
988	2.031e-010
989	1.9874e-010
990	1.9468e-010
991	1.9735e-010
992	1.8933e-010
993	1.8804e-010
994	1.8331e-010
995	1.7537e-010
996	1.7563e-010
997	1.7469e-010
998	2.0275e-010
999	1.6927e-010
1000	1.6125e-010
1001	1.6113e-010
1002	2.0292e-010
1003	1.5764e-010
1004	1.4581e-010
1005	1.7086e-010
1006	1.5394e-010
1007	1.3343e-010
1008	1.7582e-010
1009	1.4442e-010
1010	1.3867e-010
1011	1.9636e-010
1012	1.2196e-010
1013	1.654e-010
1014	1.3367e-010
1015	1.3521e-010
1016	1.3677e-010
1017	1.123e-010
1018	1.4192e-010
1019	1.041e-010
1020	1.275e-010
1021	1.0281e-010
1022	1.1521e-010
1023	1.0311e-010
1024	1.0238e-010
1025	1.0496e-010
1026	9.4519e-011
1027	1.1949e-010
1028	8.4631e-011
1029	9.4645e-011
1030	8.0842e-011
1031	8.1172e-011
1032	8.125e-011
1033	1.3103e-010
1034	1.8429e-010
1035	1.956e-010
1036	4.3617e-010
1037	8.2228e-010
1038	8.102e-010
1039	1.0999e-009
1040	1.089e-009
1041	1.4147e-010
1042	1.0288e-010
1043	9.1328e-011
1044	7.479e-011
1045	7.9807e-011
1046	7.5337e-011
1047	7.7512e-011
1048	8.0908e-011
1049	7.9225e-011
1050	8.4241e-011
1051	8.5059e-011
1052	8.5019e-011
1053	9.1036e-011
1054	8.814e-011
1055	9.4484e-011
1056	9.3618e-011
1057	9.682e-011
1058	9.9175e-011
1059	9.9984e-011
1060	1.0435e-010
1061	1.0392e-010
1062	1.0936e-010
1063	1.088e-010
1064	1.1402e-010
1065	1.1454e-010
1066	1.1811e-010
1067	1.2172e-010
1068	1.2127e-010
1069	1.2874e-010
1070	1.2616e-010
1071	1.3372e-010
1072	1.35e-010
1073	1.3577e-010
1074	1.4271e-010
1075	1.436e-010
1076	1.4581e-010
1077	1.5175e-010
1078	1.5507e-010
1079	1.5466e-010
1080	1.6235e-010
1081	1.6521e-010
1082	1.6891e-010
1083	1.7019e-010
1084	1.7604e-010
1085	1.8002e-010
1086	1.8407e-010
1087	1.8771e-010
1088	1.9186e-010
1089	1.9681e-010
1090	1.9978e-010
1091	2.0594e-010
1092	2.1012e-010
1093	2.1491e-010
1094	2.1982e-010
1095	2.2476e-010
1096	2.3033e-010
1097	2.3406e-010
1098	2.4031e-010
1099	2.4583e-010
1100	2.5174e-010
1101	2.5926e-010
1102	2.661e-010
1103	2.6831e-010
1104	2.7107e-010
1105	2.8828e-010
1106	2.895e-010
1107	2.7212e-010
1108	2.6926e-010
1109	2.6981e-010
1110	2.6403e-010
1111	2.5639e-010
1112	2.5099e-010
1113	2.4543e-010
1114	2.3779e-010
1115	2.3635e-010
1116	2.3065e-010
1117	2.2607e-010
1118	2.2155e-010
1119	2.1765e-010
1120	2.1391e-010
1121	2.0559e-010
1122	2.064e-010
1123	2.024e-010
1124	1.9908e-010
1125	1.9789e-010
1126	1.9667e-010
1127	1.9954e-010
1128	1.7989e-010
1129	1.9533e-010
1130	1.8752e-010
1131	1.9451e-010
1132	1.711e-010
1133	1.8571e-010
1134	1.8499e-010
1135	1.5798e-010
1136	1.5904e-010
1137	1.8157e-010
1138	1.5059e-010
1139	1.6451e-010
1140	1.8447e-010
1141	1.5121e-010
1142	1.8233e-010
1143	1.3925e-010
1144	1.6436e-010
1145	1.4786e-010
1146	1.3442e-010
1147	1.4556e-010
1148	1.2296e-010
1149	1.3828e-010
1150	1.1424e-010
1151	1.2929e-010
1152	1.1326e-010
1153	1.1812e-010
1154	1.1608e-010
1155	1.0805e-010
1156	1.2721e-010
1157	1.0906e-010
1158	1.2291e-010
1159	1.0496e-010
1160	1.0939e-010
1161	1.0416e-010
1162	1.1016e-010
1163	1.6079e-010
1164	1.9059e-010
1165	2.1816e-010
1166	4.4392e-010
1167	8.081e-010
1168	7.8164e-010
1169	1.24e-009
1170	1.0386e-009
1171	1.4147e-010
1172	1.0288e-010
1173	9.1328e-011
1174	7.479e-011
1175	7.9807e-011
1176	7.5337e-011
1177	7.7512e-011
1178	8.0908e-011
1179	7.9225e-011
1180	8.4241e-011
1181	8.5059e-011
1182	8.5019e-011
1183	9.1036e-011
1184	8.814e-011
1185	9.4484e-011
1186	9.3618e-011
1187	9.682e-011
1188	9.9175e-011
1189	9.9984e-011
1190	1.0435e-010
1191	1.0392e-010
1192	1.0936e-010
1193	1.088e-010
1194	1.1402e-010
1195	1.1454e-010
1196	1.1811e-010
1197	1.2172e-010
1198	1.2127e-010
1199	1.2874e-010
1200	1.2616e-010
1201	1.3372e-010
1202	1.35e-010
1203	1.3577e-010
1204	1.4271e-010
1205	1.436e-010
1206	1.4581e-010
1207	1.5173e-010
1208	1.5504e-010
1209	1.5469e-010
1210	1.6235e-010
1211	1.652e-010
1212	1.689e-010
1213	1.7019e-010
1214	1.7604e-010
1215	1.7998e-010
1216	1.8407e-010
1217	1.8771e-010
1218	1.9186e-010
1219	1.9681e-010
1220	1.9978e-010
1221	2.0594e-010
1222	2.1012e-010
1223	2.1491e-010
1224	2.1982e-010
1225	2.2476e-010
1226	2.3033e-010
1227	2.3406e-010
1228	2.4031e-010
1229	2.4581e-010
1230	2.5173e-010
1231	2.5926e-010
1232	2.661e-010
1233	2.6835e-010
1234	2.7104e-010
1235	2.8818e-010
1236	2.8957e-010
1237	2.7213e-010
1238	2.6919e-010
1239	2.6982e-010
1240	2.6396e-010
1241	2.5634e-010
1242	2.51e-010
1243	2.4543e-010
1244	2.3779e-010
1245	2.3633e-010
1246	2.3064e-010
1247	2.2606e-010
1248	2.2167e-010
1249	2.1768e-010
1250	2.139e-010
1251	2.0562e-010
1252	2.0641e-010
1253	2.0241e-010
1254	1.9905e-010
1255	1.9786e-010
1256	1.9666e-010
1257	1.9956e-010
1258	1.7977e-010
1259	1.9535e-010
1260	1.8754e-010
1261	1.9441e-010
1262	1.7111e-010
1263	1.8576e-010
1264	1.8494e-010
1265	1.5798e-010
1266	1.5904e-010
1267	1.8157e-010
1268	1.5059e-010
1269	1.6451e-010
1270	1.8447e-010
1271	1.5121e-010
1272	1.8233e-010
1273	1.3925e-010
1274	1.6436e-010
1275	1.4786e-010
1276	1.3442e-010
1277	1.4556e-010
1278	1.2296e-010
1279	1.3828e-010
1280	1.1424e-010
1281	1.2929e-010
1282	1.1326e-010
1283	1.1812e-010
1284	1.1608e-010
1285	1.0805e-010
1286	1.2721e-010
1287	1.0906e-010
1288	1.2291e-010
1289	1.0497e-010
1290	1.0939e-010
1291	1.0416e-010
1292	1.1016e-010
1293	1.6079e-010
1294	1.9059e-010
1295	2.1816e-010
1296	4.4392e-010
1297	8.081e-010
1298	7.8164e-010
1299	1.24e-009
1300	1.0386e-009
1301	7.9183e-011
1302	5.7836e-011
1303	6.3339e-011
1304	6.9268e-011
1305	7.1377e-011
1306	7.0566e-011
1307	7.1201e-011
1308	7.2887e-011
1309	7.6944e-011
1310	7.5349e-011
1311	7.7371e-011
1312	8.0977e-011
1313	7.9657e-011
1314	8.6079e-011
1315	8.3497e-011
1316	8.757e-011
1317	8.8576e-011
1318	9.0446e-011
1319	9.3637e-011
1320	9.3558e-011
1321	9.8513e-011
1322	9.75e-011
1323	1.0305e-010
1324	1.0246e-010
1325	1.0707e-010
1326	1.083e-010
1327	1.0962e-010
1328	1.1572e-010
1329	1.1292e-010
1330	1.2233e-010
1331	1.1911e-010
1332	1.2322e-010
1333	1.2906e-010
1334	1.2719e-010
1335	1.3282e-010
1336	1.3709e-010
1337	1.3663e-010
1338	1.402e-010
1339	1.4875e-010
1340	1.4643e-010
1341	1.5026e-010
1342	1.5409e-010
1343	1.6059e-010
1344	1.6133e-010
1345	1.6461e-010
1346	1.6814e-010
1347	1.7245e-010
1348	1.767e-010
1349	1.802e-010
1350	1.8637e-010
1351	1.8839e-010
1352	1.9302e-010
1353	1.9753e-010
1354	2.0197e-010
1355	2.0636e-010
1356	2.1065e-010
1357	2.1759e-010
1358	2.2146e-010
1359	2.2675e-010
1360	2.318e-010
1361	2.3501e-010
1362	2.3993e-010
1363	2.5089e-010
1364	2.6197e-010
1365	2.5464e-010
1366	2.5407e-010
1367	2.6375e-010
1368	2.5455e-010
1369	2.4192e-010
1370	2.3693e-010
1371	2.3553e-010
1372	2.3115e-010
1373	2.266e-010
1374	2.2468e-010
1375	2.1492e-010
1376	2.1138e-010
1377	2.0718e-010
1378	2.0297e-010
1379	1.9885e-010
1380	1.9468e-010
1381	1.9739e-010
1382	1.8925e-010
1383	1.8804e-010
1384	1.8323e-010
1385	1.7538e-010
1386	1.7548e-010
1387	1.7479e-010
1388	2.0262e-010
1389	1.6928e-010
1390	1.6122e-010
1391	1.611e-010
1392	2.0302e-010
1393	1.5759e-010
1394	1.4587e-010
1395	1.7086e-010
1396	1.5394e-010
1397	1.3342e-010
1398	1.7582e-010
1399	1.4442e-010
1400	1.3867e-010
1401	1.9636e-010
1402	1.2196e-010
1403	1.6539e-010
1404	1.3367e-010
1405	1.3521e-010
1406	1.3677e-010
1407	1.123e-010
1408	1.4192e-010
1409	1.041e-010
1410	1.275e-010
1411	1.0281e-010
1412	1.1521e-010
1413	1.0311e-010
1414	1.0238e-010
1415	1.0496e-010
1416	9.4519e-011
1417	1.1951e-010
1418	8.465e-011
1419	9.4643e-011
1420	8.0836e-011
1421	8.1192e-011
1422	8.125e-011
1423	1.3103e-010
1424	1.8429e-010
1425	1.956e-010
1426	4.3617e-010
1427	8.2228e-010
1428	8.102e-010
1429	1.0999e-009
1430	1.089e-009
1431	1.4139e-010
1432	1.0279e-010
1433	9.1247e-011
1434	7.47e-011
1435	7.9778e-011
1436	7.53e-011
1437	7.7492e-011
1438	8.0945e-011
1439	7.9245e-011
1440	8.4227e-011
1441	8.5048e-011
1442	8.501e-011
1443	9.1027e-011
1444	8.8171e-011
1445	9.4502e-011
1446	9.3596e-011
1447	9.6811e-011
1448	9.9123e-011
1449	9.9925e-011
1450	1.0431e-010
1451	1.0389e-010
1452	1.0934e-010
1453	1.0879e-010
1454	1.14e-010
1455	1.1446e-010
1456	1.1801e-010
1457	1.2164e-010
1458	1.2128e-010
1459	1.2876e-010
1460	1.2611e-010
1461	1.3371e-010
1462	1.3508e-010
1463	1.3581e-010
1464	1.4268e-010
1465	1.4345e-010
1466	1.4568e-010
1467	1.518e-010
1468	1.5514e-010
1469	1.5455e-010
1470	1.6224e-010
1471	1.6506e-010
1472	1.6878e-010
1473	1.7006e-010
1474	1.7597e-010
1475	1.8004e-010
1476	1.8412e-010
1477	1.8778e-010
1478	1.9192e-010
1479	1.9683e-010
1480	1.9972e-010
1481	2.0581e-010
1482	2.1008e-010
1483	2.1491e-010
1484	2.1983e-010
1485	2.247e-010
1486	2.3023e-010
1487	2.3402e-010
1488	2.4035e-010
1489	2.459e-010
1490	2.5165e-010
1491	2.5911e-010
1492	2.662e-010
1493	2.6825e-010
1494	2.7115e-010
1495	2.884e-010
1496	2.8951e-010
1497	2.7217e-010
1498	2.6929e-010
1499	2.6974e-010
1500	2.6401e-010
1501	2.563e-010
1502	2.5102e-010
1503	2.4558e-010
1504	2.3771e-010
1505	2.3643e-010
1506	2.3072e-010
1507	2.2594e-010
1508	2.2156e-010
1509	2.1765e-010
1510	2.1399e-010
1511	2.0573e-010
1512	2.0649e-010
1513	2.0237e-010
1514	1.99e-010
1515	1.9784e-010
1516	1.9668e-010
1517	1.9964e-010
1518	1.7984e-010
1519	1.9538e-010
1520	1.8759e-010
1521	1.9446e-010
1522	1.711e-010
1523	1.8579e-010
1524	1.8499e-010
1525	1.5806e-010
1526	1.5901e-010
1527	1.8149e-010
1528	1.5066e-010
1529	1.6456e-010
1530	1.8456e-010
1531	1.5128e-010
1532	1.8239e-010
1533	1.3931e-010
1534	1.6438e-010
1535	1.4789e-010
1536	1.3453e-010
1537	1.4564e-010
1538	1.2306e-010
1539	1.3836e-010
1540	1.143e-010
1541	1.2934e-010
1542	1.1334e-010
1543	1.181e-010
1544	1.1611e-010
1545	1.0807e-010
1546	1.2721e-010
1547	1.0905e-010
1548	1.2288e-010
1549	1.0493e-010
1550	1.0936e-010
1551	1.0416e-010
1552	1.1015e-010
1553	1.6077e-010
1554	1.9064e-010
1555	2.1818e-010
1556	4.4384e-010
1557	8.0813e-010
1558	7.817e-010
1559	1.24e-009
1560	1.0386e-009
1561	1.4136e-010
1562	1.0278e-010
1563	9.1206e-011
1564	7.4696e-011
1565	7.9758e-011
1566	7.5268e-011
1567	7.7483e-011
1568	8.0921e-011
1569	7.924e-011
1570	8.4185e-011
1571	8.5019e-011
1572	8.4985e-011
1573	9.1032e-011
1574	8.8204e-011
1575	9.4507e-011
1576	9.36e-011
1577	9.6814e-011
1578	9.9092e-011
1579	9.9946e-011
1580	1.0431e-010
1581	1.0386e-010
1582	1.0933e-010
1583	1.087e-010
1584	1.1395e-010
1585	1.1437e-010
1586	1.1786e-010
1587	1.2155e-010
1588	1.212e-010
1589	1.2874e-010
1590	1.2611e-010
1591	1.3362e-010
1592	1.3507e-010
1593	1.358e-010
1594	1.4258e-010
1595	1.4337e-010
1596	1.4564e-010
1597	1.5181e-010
1598	1.5506e-010
1599	1.5466e-010
1600	1.6225e-010
1601	1.6501e-010
1602	1.6873e-010
1603	1.7002e-010
1604	1.7593e-010
1605	1.7992e-010
1606	1.8412e-010
1607	1.8782e-010
1608	1.9199e-010
1609	1.969e-010
1610	1.9965e-010
1611	2.0572e-010
1612	2.1006e-010
1613	2.1489e-010
1614	2.1984e-010
1615	2.2483e-010
1616	2.3028e-010
1617	2.3413e-010
1618	2.4036e-010
1619	2.4593e-010
1620	2.517e-010
1621	2.5928e-010
1622	2.6614e-010
1623	2.6823e-010
1624	2.7106e-010
1625	2.8865e-010
1626	2.8988e-010
1627	2.7214e-010
1628	2.6931e-010
1629	2.6957e-010
1630	2.638e-010
1631	2.5624e-010
1632	2.5101e-010
1633	2.455e-010
1634	2.3764e-010
1635	2.3647e-010
1636	2.3078e-010
1637	2.2602e-010
1638	2.2163e-010
1639	2.1772e-010
1640	2.1389e-010
1641	2.0576e-010
1642	2.0638e-010
1643	2.023e-010
1644	1.9899e-010
1645	1.9786e-010
1646	1.9675e-010
1647	1.9963e-010
1648	1.7977e-010
1649	1.954e-010
1650	1.875e-010
1651	1.9445e-010
1652	1.7113e-010
1653	1.8581e-010
1654	1.8499e-010
1655	1.5802e-010
1656	1.5907e-010
1657	1.8157e-010
1658	1.5071e-010
1659	1.6458e-010
1660	1.8458e-010
1661	1.5128e-010
1662	1.8242e-010
1663	1.3936e-010
1664	1.645e-010
1665	1.4802e-010
1666	1.3461e-010
1667	1.4568e-010
1668	1.2311e-010
1669	1.3839e-010
1670	1.1432e-010
1671	1.2936e-010
1672	1.1332e-010
1673	1.1821e-010
1674	1.1621e-010
1675	1.0813e-010
1676	1.2728e-010
1677	1.0905e-010
1678	1.2299e-010
1679	1.0496e-010
1680	1.0938e-010
1681	1.0417e-010
1682	1.1017e-010
1683	1.6081e-010
1684	1.9064e-010
1685	2.1818e-010
1686	4.4388e-010
1687	8.0812e-010
1688	7.8165e-010
1689	1.2399e-009
1690	1.0388e-009
1691	7.913e-011
1692	5.7773e-011
1693	6.3294e-011
1694	6.9189e-011
1695	7.1388e-011
1696	7.0518e-011
1697	7.1209e-011
1698	7.2847e-011
1699	7.6881e-011
1700	7.5283e-011
1701	7.7275e-011
1702	8.0904e-011
1703	7.97e-011
1704	8.611e-011
1705	8.3487e-011
1706	8.7589e-011
1707	8.8576e-011
1708	9.0413e-011
1709	9.3646e-011
1710	9.3483e-011
1711	9.8517e-011
1712	9.7493e-011
1713	1.0296e-010
1714	1.0243e-010
1715	1.0695e-010
1716	1.0802e-010
1717	1.0942e-010
1718	1.1561e-010
1719	1.1287e-010
1720	1.2236e-010
1721	1.1909e-010
1722	1.2322e-010
1723	1.2907e-010
1724	1.271e-010
1725	1.3253e-010
1726	1.369e-010
1727	1.3656e-010
1728	1.4028e-010
1729	1.4845e-010
1730	1.4642e-010
1731	1.5006e-010
1732	1.5389e-010
1733	1.6051e-010
1734	1.6124e-010
1735	1.6449e-010
1736	1.6825e-010
1737	1.7264e-010
1738	1.7686e-010
1739	1.8034e-010
1740	1.8635e-010
1741	1.8838e-010
1742	1.9304e-010
1743	1.9758e-010
1744	2.0207e-010
1745	2.0655e-010
1746	2.1055e-010
1747	2.1766e-010
1748	2.2155e-010
1749	2.267e-010
1750	2.3179e-010
1751	2.3515e-010
1752	2.4008e-010
1753	2.5067e-010
1754	2.6227e-010
1755	2.5498e-010
1756	2.5433e-010
1757	2.6415e-010
1758	2.5438e-010
1759	2.419e-010
1760	2.369e-010
1761	2.3556e-010
1762	2.313e-010
1763	2.2645e-010
1764	2.2491e-010
1765	2.149e-010
1766	2.1141e-010
1767	2.0707e-010
1768	2.0297e-010
1769	1.9882e-010
1770	1.9436e-010
1771	1.9768e-010
1772	1.888e-010
1773	1.8789e-010
1774	1.8327e-010
1775	1.7549e-010
1776	1.7563e-010
1777	1.7475e-010
1778	2.0277e-010
1779	1.6936e-010
1780	1.6121e-010
1781	1.6112e-010
1782	2.0298e-010
1783	1.5769e-010
1784	1.458e-010
1785	1.7094e-010
1786	1.5399e-010
1787	1.3345e-010
1788	1.7595e-010
1789	1.4449e-010
1790	1.387e-010
1791	1.9648e-010
1792	1.2212e-010
1793	1.6558e-010
1794	1.3386e-010
1795	1.3541e-010
1796	1.3693e-010
1797	1.1243e-010
1798	1.4202e-010
1799	1.0422e-010
1800	1.2753e-010
1801	1.0293e-010
1802	1.153e-010
1803	1.0322e-010
1804	1.0254e-010
1805	1.051e-010
1806	9.4579e-011
1807	1.1956e-010
1808	8.4736e-011
1809	9.4757e-011
1810	8.091e-011
1811	8.1239e-011
1812	8.1275e-011
1813	1.3106e-010
1814	1.8439e-010
1815	1.9562e-010
1816	4.3625e-010
1817	8.221e-010
1818	8.1026e-010
1819	1.1e-009
1820	1.089e-009
1821	1.4136e-010
1822	1.0278e-010
1823	9.1207e-011
1824	7.4696e-011
1825	7.9758e-011
1826	7.5268e-011
1827	7.7483e-011
1828	8.0921e-011
1829	7.924e-011
1830	8.4185e-011
1831	8.5019e-011
1832	8.4985e-011
1833	9.1032e-011
1834	8.8204e-011
1835	9.4507e-011
1836	9.36e-011
1837	9.6814e-011
1838	9.9091e-011
1839	9.9945e-011
1840	1.0431e-010
1841	1.0386e-010
1842	1.0933e-010
1843	1.087e-010
1844	1.1395e-010
1845	1.1437e-010
1846	1.1786e-010
1847	1.2155e-010
1848	1.212e-010
1849	1.2874e-010
1850	1.2611e-010
1851	1.3363e-010
1852	1.3507e-010
1853	1.358e-010
1854	1.4258e-010
1855	1.4338e-010
1856	1.4565e-010
1857	1.5183e-010
1858	1.5496e-010
1859	1.5493e-010
1860	1.6207e-010
1861	1.6507e-010
1862	1.6866e-010
1863	1.7003e-010
1864	1.7593e-010
1865	1.7993e-010
1866	1.8411e-010
1867	1.8786e-010
1868	1.9199e-010
1869	1.969e-010
1870	1.9965e-010
1871	2.0572e-010
1872	2.1006e-010
1873	2.1489e-010
1874	2.1984e-010
1875	2.2483e-010
1876	2.3028e-010
1877	2.3413e-010
1878	2.4036e-010
1879	2.4593e-010
1880	2.517e-010
1881	2.5928e-010
1882	2.6614e-010
1883	2.6823e-010
1884	2.7106e-010
1885	2.8864e-010
1886	2.8991e-010
1887	2.7218e-010
1888	2.693e-010
1889	2.6963e-010
1890	2.6386e-010
1891	2.563e-010
1892	2.5106e-010
1893	2.4547e-010
1894	2.3765e-010
1895	2.3647e-010
1896	2.3078e-010
1897	2.2602e-010
1898	2.2163e-010
1899	2.1767e-010
1900	2.1398e-010
1901	2.0553e-010
1902	2.0641e-010
1903	2.0226e-010
1904	1.9896e-010
1905	1.979e-010
1906	1.9674e-010
1907	1.9962e-010
1908	1.7981e-010
1909	1.9544e-010
1910	1.8747e-010
1911	1.9448e-010
1912	1.711e-010
1913	1.8583e-010
1914	1.85e-010
1915	1.5803e-010
1916	1.5903e-010
1917	1.8156e-010
1918	1.5071e-010
1919	1.6457e-010
1920	1.8458e-010
1921	1.5128e-010
1922	1.8242e-010
1923	1.3936e-010
1924	1.6449e-010
1925	1.4802e-010
1926	1.3461e-010
1927	1.4568e-010
1928	1.2311e-010
1929	1.3839e-010
1930	1.1432e-010
1931	1.2936e-010
1932	1.1332e-010
1933	1.1821e-010
1934	1.1621e-010
1935	1.0813e-010
1936	1.2728e-010
1937	1.0905e-010
1938	1.2299e-010
1939	1.0496e-010
1940	1.0938e-010
1941	1.0417e-010
1942	1.1017e-010
1943	1.6081e-010
1944	1.9064e-010
1945	2.1818e-010
1946	4.4388e-010
1947	8.0812e-010
1948	7.8165e-010
1949	1.2399e-009
1950	1.0388e-009
1951	1.4139e-010
1952	1.0279e-010
1953	9.1247e-011
1954	7.47e-011
1955	7.9778e-011
1956	7.53e-011
1957	7.7492e-011
1958	8.0945e-011
1959	7.9245e-011
1960	8.4227e-011
1961	8.5048e-011
1962	8.501e-011
1963	9.1027e-011
1964	8.8171e-011
1965	9.4502e-011
1966	9.3596e-011
1967	9.6808e-011
1968	9.9119e-011
1969	9.9925e-011
1970	1.0431e-010
1971	1.0389e-010
1972	1.0934e-010
1973	1.0879e-010
1974	1.14e-010
1975	1.1446e-010
1976	1.1801e-010
1977	1.2164e-010
1978	1.2128e-010
1979	1.2876e-010
1980	1.2611e-010
1981	1.3371e-010
1982	1.3508e-010
1983	1.3582e-010
1984	1.4265e-010
1985	1.4346e-010
1986	1.4572e-010
1987	1.5185e-010
1988	1.5487e-010
1989	1.5491e-010
1990	1.6199e-010
1991	1.6518e-010
1992	1.6872e-010
1993	1.7007e-010
1994	1.7602e-010
1995	1.8004e-010
1996	1.841e-010
1997	1.878e-010
1998	1.9191e-010
1999	1.9683e-010
2000	1.9968e-010
2001	2.0582e-010
2002	2.1008e-010
2003	2.1491e-010
2004	2.1984e-010
2005	2.247e-010
2006	2.3023e-010
2007	2.3402e-010
2008	2.4035e-010
2009	2.459e-010
2010	2.5165e-010
2011	2.5911e-010
2012	2.6613e-010
2013	2.6828e-010
2014	2.7117e-010
2015	2.8838e-010
2016	2.896e-010
2017	2.7215e-010
2018	2.6932e-010
2019	2.6972e-010
2020	2.6392e-010
2021	2.5637e-010
2022	2.5099e-010
2023	2.4557e-010
2024	2.3772e-010
2025	2.3642e-010
2026	2.3071e-010
2027	2.2599e-010
2028	2.2158e-010
2029	2.1758e-010
2030	2.1399e-010
2031	2.0563e-010
2032	2.0653e-010
2033	2.0232e-010
2034	1.9899e-010
2035	1.9785e-010
2036	1.9667e-010
2037	1.996e-010
2038	1.7982e-010
2039	1.9541e-010
2040	1.8754e-010
2041	1.9448e-010
2042	1.7106e-010
2043	1.858e-010
2044	1.8502e-010
2045	1.5803e-010
2046	1.5898e-010
2047	1.8152e-010
2048	1.5066e-010
2049	1.6457e-010
2050	1.8456e-010
2051	1.5128e-010
2052	1.8239e-010
2053	1.3931e-010
2054	1.6438e-010
2055	1.479e-010
2056	1.3453e-010
2057	1.4564e-010
2058	1.2306e-010
2059	1.3836e-010
2060	1.143e-010
2061	1.2934e-010
2062	1.1334e-010
2063	1.181e-010
2064	1.1611e-010
2065	1.0807e-010
2066	1.2721e-010
2067	1.0904e-010
2068	1.2288e-010
2069	1.0493e-010
2070	1.0935e-010
2071	1.0415e-010
2072	1.1015e-010
2073	1.6077e-010
2074	1.9064e-010
2075	2.1818e-010
2076	4.4384e-010
2077	8.0813e-010
2078	7.817e-010
2079	1.24e-009
2080	1.0386e-009
2081	7.9183e-011
2082	5.7821e-011
2083	6.3344e-011
2084	6.9268e-011
2085	7.1377e-011
2086	7.0566e-011
2087	7.1201e-011
2088	7.2887e-011
2089	7.6944e-011
2090	7.5349e-011
2091	7.7371e-011
2092	8.0977e-011
2093	7.9657e-011
2094	8.6079e-011
2095	8.3497e-011
2096	8.757e-011
2097	8.8579e-011
2098	9.045e-011
2099	9.3637e-011
2100	9.3558e-011
2101	9.8512e-011
2102	9.7508e-011
2103	1.0306e-010
2104	1.0246e-010
2105	1.0707e-010
2106	1.083e-010
2107	1.0962e-010
2108	1.1572e-010
2109	1.1292e-010
2110	1.2233e-010
2111	1.1911e-010
2112	1.2322e-010
2113	1.2907e-010
2114	1.2722e-010
2115	1.3289e-010
2116	1.371e-010
2117	1.3655e-010
2118	1.4045e-010
2119	1.481e-010
2120	1.4668e-010
2121	1.5017e-010
2122	1.5414e-010
2123	1.607e-010
2124	1.6136e-010
2125	1.6461e-010
2126	1.6812e-010
2127	1.7251e-010
2128	1.7661e-010
2129	1.802e-010
2130	1.8635e-010
2131	1.8836e-010
2132	1.9301e-010
2133	1.9753e-010
2134	2.0195e-010
2135	2.0634e-010
2136	2.1065e-010
2137	2.1759e-010
2138	2.2152e-010
2139	2.2679e-010
2140	2.3178e-010
2141	2.3501e-010
2142	2.3997e-010
2143	2.509e-010
2144	2.6191e-010
2145	2.5471e-010
2146	2.5404e-010
2147	2.6391e-010
2148	2.5452e-010
2149	2.4201e-010
2150	2.3698e-010
2151	2.3573e-010
2152	2.3127e-010
2153	2.2655e-010
2154	2.2472e-010
2155	2.1493e-010
2156	2.1138e-010
2157	2.0721e-010
2158	2.0299e-010
2159	1.9883e-010
2160	1.9436e-010
2161	1.9779e-010
2162	1.891e-010
2163	1.8809e-010
2164	1.8324e-010
2165	1.755e-010
2166	1.7555e-010
2167	1.7468e-010
2168	2.0279e-010
2169	1.6919e-010
2170	1.6122e-010
2171	1.6107e-010
2172	2.0299e-010
2173	1.5757e-010
2174	1.4586e-010
2175	1.7085e-010
2176	1.5395e-010
2177	1.334e-010
2178	1.759e-010
2179	1.4441e-010
2180	1.3867e-010
2181	1.9636e-010
2182	1.2196e-010
2183	1.654e-010
2184	1.3367e-010
2185	1.3524e-010
2186	1.3676e-010
2187	1.1229e-010
2188	1.4192e-010
2189	1.041e-010
2190	1.275e-010
2191	1.0281e-010
2192	1.1521e-010
2193	1.0311e-010
2194	1.0238e-010
2195	1.0496e-010
2196	9.4519e-011
2197	1.1949e-010
2198	8.4631e-011
2199	9.4645e-011
2200	8.0842e-011
2201	8.1174e-011
2202	8.1253e-011
2203	1.3103e-010
2204	1.8429e-010
2205	1.956e-010
2206	4.3617e-010
2207	8.2228e-010
2208	8.102e-010
2209	1.0999e-009
2210	1.089e-009
2211	1.4147e-010
2212	1.0287e-010
2213	9.1323e-011
2214	7.479e-011
2215	7.9807e-011
2216	7.5337e-011
2217	7.7512e-011
2218	8.0908e-011
2219	7.9225e-011
2220	8.4241e-011
2221	8.5059e-011
2222	8.5019e-011
2223	9.1037e-011
2224	8.814e-011
2225	9.4485e-011
2226	9.3618e-011
2227	9.682e-011
2228	9.9176e-011
2229	9.9984e-011
2230	1.0435e-010
2231	1.0392e-010
2232	1.0938e-010
2233	1.0879e-010
2234	1.1402e-010
2235	1.1454e-010
2236	1.1811e-010
2237	1.2172e-010
2238	1.2127e-010
2239	1.2874e-010
2240	1.2616e-010
2241	1.3372e-010
2242	1.35e-010
2243	1.3578e-010
2244	1.4271e-010
2245	1.436e-010
2246	1.458e-010
2247	1.5177e-010
2248	1.5475e-010
2249	1.5498e-010
2250	1.6203e-010
2251	1.6527e-010
2252	1.6882e-010
2253	1.7014e-010
2254	1.7603e-010
2255	1.7999e-010
2256	1.8406e-010
2257	1.878e-010
2258	1.9185e-010
2259	1.968e-010
2260	1.9978e-010
2261	2.0596e-010
2262	2.1007e-010
2263	2.1491e-010
2264	2.1977e-010
2265	2.2477e-010
2266	2.3033e-010
2267	2.3406e-010
2268	2.4032e-010
2269	2.4584e-010
2270	2.5175e-010
2271	2.5926e-010
2272	2.6612e-010
2273	2.6838e-010
2274	2.7107e-010
2275	2.8812e-010
2276	2.896e-010
2277	2.721e-010
2278	2.6927e-010
2279	2.6983e-010
2280	2.64e-010
2281	2.5638e-010
2282	2.5106e-010
2283	2.4549e-010
2284	2.3774e-010
2285	2.3633e-010
2286	2.3064e-010
2287	2.2604e-010
2288	2.2163e-010
2289	2.1763e-010
2290	2.1385e-010
2291	2.0557e-010
2292	2.0649e-010
2293	2.0237e-010
2294	1.9906e-010
2295	1.9783e-010
2296	1.9666e-010
2297	1.996e-010
2298	1.7983e-010
2299	1.9537e-010
2300	1.8755e-010
2301	1.9446e-010
2302	1.711e-010
2303	1.858e-010
2304	1.8492e-010
2305	1.58e-010
2306	1.5906e-010
2307	1.8153e-010
2308	1.506e-010
2309	1.6453e-010
2310	1.8447e-010
2311	1.512e-010
2312	1.8233e-010
2313	1.3925e-010
2314	1.6436e-010
2315	1.4786e-010
2316	1.3443e-010
2317	1.4557e-010
2318	1.2297e-010
2319	1.3829e-010
2320	1.1424e-010
2321	1.2929e-010
2322	1.1326e-010
2323	1.1812e-010
2324	1.1608e-010
2325	1.0805e-010
2326	1.2721e-010
2327	1.0906e-010
2328	1.2291e-010
2329	1.0496e-010
2330	1.0939e-010
2331	1.0416e-010
2332	1.1016e-010
2333	1.6079e-010
2334	1.9059e-010
2335	2.1816e-010
2336	4.4392e-010
2337	8.081e-010
2338	7.8164e-010
2339	1.24e-009
2340	1.0386e-009
2341	1.4147e-010
2342	1.0287e-010
2343	9.1318e-011
2344	7.4786e-011
2345	7.9807e-011
2346	7.5337e-011
2347	7.7512e-011
2348	8.0908e-011
2349	7.924e-011
2350	8.4235e-011
2351	8.5059e-011
2352	8.5019e-011
2353	9.1037e-011
2354	8.814e-011
2355	9.4485e-011
2356	9.3618e-011
2357	9.682e-011
2358	9.9176e-011
2359	9.9984e-011
2360	1.0435e-010
2361	1.0392e-010
2362	1.0938e-010
2363	1.0879e-010
2364	1.1402e-010
2365	1.1456e-010
2366	1.181e-010
2367	1.2172e-010
2368	1.2127e-010
2369	1.2874e-010
2370	1.2616e-010
2371	1.3372e-010
2372	1.35e-010
2373	1.3578e-010
2374	1.4271e-010
2375	1.4358e-010
2376	1.4577e-010
2377	1.518e-010
2378	1.5477e-010
2379	1.5497e-010
2380	1.6208e-010
2381	1.653e-010
2382	1.6882e-010
2383	1.7014e-010
2384	1.7605e-010
2385	1.8002e-010
2386	1.8407e-010
2387	1.8772e-010
2388	1.9185e-010
2389	1.968e-010
2390	1.9978e-010
2391	2.0594e-010
2392	2.1012e-010
2393	2.1491e-010
2394	2.1982e-010
2395	2.2476e-010
2396	2.3033e-010
2397	2.3406e-010
2398	2.4032e-010
2399	2.4584e-010
2400	2.5175e-010
2401	2.5926e-010
2402	2.6612e-010
2403	2.6837e-010
2404	2.7105e-010
2405	2.8819e-010
2406	2.8962e-010
2407	2.7208e-010
2408	2.6931e-010
2409	2.6979e-010
2410	2.6404e-010
2411	2.5632e-010
2412	2.5109e-010
2413	2.4546e-010
2414	2.3777e-010
2415	2.3636e-010
2416	2.3065e-010
2417	2.2607e-010
2418	2.2163e-010
2419	2.176e-010
2420	2.1405e-010
2421	2.0552e-010
2422	2.065e-010
2423	2.0237e-010
2424	1.9908e-010
2425	1.9787e-010
2426	1.9665e-010
2427	1.996e-010
2428	1.798e-010
2429	1.9538e-010
2430	1.8753e-010
2431	1.945e-010
2432	1.711e-010
2433	1.858e-010
2434	1.8492e-010
2435	1.58e-010
2436	1.5905e-010
2437	1.8153e-010
2438	1.506e-010
2439	1.6453e-010
2440	1.8447e-010
2441	1.512e-010
2442	1.8233e-010
2443	1.3925e-010
2444	1.6436e-010
2445	1.4786e-010
2446	1.3443e-010
2447	1.4557e-010
2448	1.2297e-010
2449	1.3829e-010
2450	1.1424e-010
2451	1.2929e-010
2452	1.1326e-010
2453	1.1812e-010
2454	1.1608e-010
2455	1.0805e-010
2456	1.2721e-010
2457	1.0906e-010
2458	1.2291e-010
2459	1.0496e-010
2460	1.0939e-010
2461	1.0416e-010
2462	1.1018e-010
2463	1.6079e-010
2464	1.9059e-010
2465	2.1816e-010
2466	4.4392e-010
2467	8.081e-010
2468	7.8164e-010
2469	1.24e-009
2470	1.0386e-009
2471	7.9183e-011
2472	5.7821e-011
2473	6.335e-011
2474	6.9254e-011
2475	7.1377e-011
2476	7.0566e-011
2477	7.1201e-011
2478	7.2887e-011
2479	7.695e-011
2480	7.5354e-011
2481	7.7371e-011
2482	8.0977e-011
2483	7.9657e-011
2484	8.6079e-011
2485	8.3497e-011
2486	8.757e-011
2487	8.8579e-011
2488	9.045e-011
2489	9.3637e-011
2490	9.3558e-011
2491	9.8512e-011
2492	9.7508e-011
2493	1.0306e-010
2494	1.0246e-010
2495	1.0707e-010
2496	1.083e-010
2497	1.0962e-010
2498	1.1572e-010
2499	1.1292e-010
2500	1.2233e-010
2501	1.1911e-010
2502	1.2322e-010
2503	1.2907e-010
2504	1.2722e-010
2505	1.3286e-010
2506	1.3708e-010
2507	1.3662e-010
2508	1.404e-010
2509	1.4812e-010
2510	1.4671e-010
2511	1.5018e-010
2512	1.5413e-010
2513	1.6072e-010
2514	1.6135e-010
2515	1.6456e-010
2516	1.6818e-010
2517	1.7246e-010
2518	1.766e-010
2519	1.8021e-010
2520	1.8638e-010
2521	1.8839e-010
2522	1.9303e-010
2523	1.9754e-010
2524	2.0197e-010
2525	2.0636e-010
2526	2.1065e-010
2527	2.1759e-010
2528	2.2152e-010
2529	2.2679e-010
2530	2.3178e-010
2531	2.3501e-010
2532	2.3997e-010
2533	2.5087e-010
2534	2.6195e-010
2535	2.5472e-010
2536	2.5409e-010
2537	2.6391e-010
2538	2.5451e-010
2539	2.4205e-010
2540	2.3689e-010
2541	2.3569e-010
2542	2.312e-010
2543	2.2661e-010
2544	2.2474e-010
2545	2.1496e-010
2546	2.1142e-010
2547	2.0722e-010
2548	2.0304e-010
2549	1.9879e-010
2550	1.9462e-010
2551	1.9743e-010
2552	1.8936e-010
2553	1.8811e-010
2554	1.8317e-010
2555	1.7546e-010
2556	1.7556e-010
2557	1.7461e-010
2558	2.0275e-010
2559	1.6928e-010
2560	1.612e-010
2561	1.6112e-010
2562	2.0299e-010
2563	1.5762e-010
2564	1.4581e-010
2565	1.7086e-010
2566	1.5392e-010
2567	1.3342e-010
2568	1.7586e-010
2569	1.4441e-010
2570	1.3867e-010
2571	1.9636e-010
2572	1.2196e-010
2573	1.654e-010
2574	1.3367e-010
2575	1.3524e-010
2576	1.3676e-010
2577	1.1229e-010
2578	1.4192e-010
2579	1.041e-010
2580	1.275e-010
2581	1.0281e-010
2582	1.1521e-010
2583	1.0311e-010
2584	1.0238e-010
2585	1.0496e-010
2586	9.4519e-011
2587	1.1949e-010
2588	8.4631e-011
2589	9.4645e-011
2590	8.0842e-011
2591	8.118e-011
2592	8.1259e-011
2593	1.3103e-010
2594	1.8429e-010
2595	1.956e-010
2596	4.3617e-010
2597	8.2229e-010
2598	8.102e-010
2599	1.0999e-009
2600	1.089e-009
2601	1.4139e-010
2602	1.0279e-010
2603	9.1244e-011
2604	7.4697e-011
2605	7.9778e-011
2606	7.53e-011
2607	7.7492e-011
2608	8.0945e-011
2609	7.9245e-011
2610	8.4227e-011
2611	8.5048e-011
2612	8.501e-011
2613	9.1027e-011
2614	8.8171e-011
2615	9.4502e-011
2616	9.3596e-011
2617	9.6808e-011
2618	9.9119e-011
2619	9.9925e-011
2620	1.0431e-010
2621	1.0389e-010
2622	1.0934e-010
2623	1.0879e-010
2624	1.14e-010
2625	1.1446e-010
2626	1.1801e-010
2627	1.2164e-010
2628	1.2128e-010
2629	1.2876e-010
2630	1.2611e-010
2631	1.3371e-010
2632	1.3508e-010
2633	1.3582e-010
2634	1.4265e-010
2635	1.4346e-010
2636	1.4574e-010
2637	1.5185e-010
2638	1.5485e-010
2639	1.5484e-010
2640	1.6193e-010
2641	1.6516e-010
2642	1.6869e-010
2643	1.701e-010
2644	1.7596e-010
2645	1.8005e-010
2646	1.8407e-010
2647	1.8782e-010
2648	1.919e-010
2649	1.9682e-010
2650	1.9972e-010
2651	2.0581e-010
2652	2.1008e-010
2653	2.149e-010
2654	2.1983e-010
2655	2.247e-010
2656	2.3023e-010
2657	2.3402e-010
2658	2.4035e-010
2659	2.459e-010
2660	2.5165e-010
2661	2.5911e-010
2662	2.6614e-010
2663	2.6825e-010
2664	2.7114e-010
2665	2.8839e-010
2666	2.896e-010
2667	2.7217e-010
2668	2.6937e-010
2669	2.6965e-010
2670	2.6398e-010
2671	2.5632e-010
2672	2.5102e-010
2673	2.4561e-010
2674	2.3775e-010
2675	2.3643e-010
2676	2.3073e-010
2677	2.2596e-010
2678	2.216e-010
2679	2.1766e-010
2680	2.1389e-010
2681	2.0568e-010
2682	2.0645e-010
2683	2.0235e-010
2684	1.9897e-010
2685	1.9785e-010
2686	1.9662e-010
2687	1.996e-010
2688	1.7981e-010
2689	1.9544e-010
2690	1.8752e-010
2691	1.9447e-010
2692	1.7107e-010
2693	1.8579e-010
2694	1.8502e-010
2695	1.5803e-010
2696	1.5901e-010
2697	1.8153e-010
2698	1.5066e-010
2699	1.6456e-010
2700	1.8456e-010
2701	1.5128e-010
2702	1.8239e-010
2703	1.3931e-010
2704	1.6438e-010
2705	1.4789e-010
2706	1.3453e-010
2707	1.4564e-010
2708	1.2306e-010
2709	1.3836e-010
2710	1.143e-010
2711	1.2934e-010
2712	1.1334e-010
2713	1.181e-010
2714	1.1611e-010
2715	1.0807e-010
2716	1.2721e-010
2717	1.0904e-010
2718	1.2288e-010
2719	1.0493e-010
2720	1.0935e-010
2721	1.0415e-010
2722	1.1015e-010
2723	1.6077e-010
2724	1.9064e-010
2725	2.1818e-010
2726	4.4384e-010
2727	8.0813e-010
2728	7.817e-010
2729	1.24e-009
2730	1.0386e-009
2731	1.4136e-010
2732	1.0278e-010
2733	9.1207e-011
2734	7.4696e-011
2735	7.9758e-011
2736	7.5265e-011
2737	7.748e-011
2738	8.0918e-011
2739	7.9237e-011
2740	8.4185e-011
2741	8.5019e-011
2742	8.4982e-011
2743	9.1028e-011
2744	8.8204e-011
2745	9.4507e-011
2746	9.36e-011
2747	9.6814e-011
2748	9.9092e-011
2749	9.9945e-011
2750	1.0431e-010
2751	1.0386e-010
2752	1.0933e-010
2753	1.087e-010
2754	1.1395e-010
2755	1.1437e-010
2756	1.1789e-010
2757	1.2155e-010
2758	1.212e-010
2759	1.2874e-010
2760	1.2611e-010
2761	1.3362e-010
2762	1.3507e-010
2763	1.358e-010
2764	1.4258e-010
2765	1.4338e-010
2766	1.4567e-010
2767	1.5179e-010
2768	1.5484e-010
2769	1.549e-010
2770	1.6198e-010
2771	1.6507e-010
2772	1.6864e-010
2773	1.7008e-010
2774	1.7589e-010
2775	1.7991e-010
2776	1.841e-010
2777	1.8787e-010
2778	1.9198e-010
2779	1.969e-010
2780	1.9965e-010
2781	2.0572e-010
2782	2.1006e-010
2783	2.1489e-010
2784	2.1984e-010
2785	2.2483e-010
2786	2.3028e-010
2787	2.3413e-010
2788	2.4036e-010
2789	2.4594e-010
2790	2.517e-010
2791	2.5927e-010
2792	2.6614e-010
2793	2.6821e-010
2794	2.7112e-010
2795	2.8872e-010
2796	2.8991e-010
2797	2.7215e-010
2798	2.6939e-010
2799	2.6955e-010
2800	2.639e-010
2801	2.5628e-010
2802	2.5097e-010
2803	2.4548e-010
2804	2.3763e-010
2805	2.365e-010
2806	2.3081e-010
2807	2.2601e-010
2808	2.2166e-010
2809	2.1775e-010
2810	2.1393e-010
2811	2.055e-010
2812	2.0642e-010
2813	2.0232e-010
2814	1.9895e-010
2815	1.979e-010
2816	1.9665e-010
2817	1.9961e-010
2818	1.7986e-010
2819	1.9544e-010
2820	1.8755e-010
2821	1.9451e-010
2822	1.7113e-010
2823	1.858e-010
2824	1.8504e-010
2825	1.58e-010
2826	1.5906e-010
2827	1.8157e-010
2828	1.507e-010
2829	1.6456e-010
2830	1.8458e-010
2831	1.5128e-010
2832	1.8242e-010
2833	1.3936e-010
2834	1.6453e-010
2835	1.4802e-010
2836	1.3461e-010
2837	1.4568e-010
2838	1.2311e-010
2839	1.3839e-010
2840	1.1432e-010
2841	1.2936e-010
2842	1.1332e-010
2843	1.1821e-010
2844	1.1624e-010
2845	1.0812e-010
2846	1.2731e-010
2847	1.0904e-010
2848	1.2297e-010
2849	1.0495e-010
2850	1.094e-010
2851	1.0417e-010
2852	1.1017e-010
2853	1.608e-010
2854	1.9064e-010
2855	2.1818e-010
2856	4.4388e-010
2857	8.0812e-010
2858	7.8169e-010
2859	1.24e-009
2860	1.0388e-009
2861	7.913e-011
2862	5.7773e-011
2863	6.3294e-011
2864	6.9189e-011
2865	7.1388e-011
2866	7.0523e-011
2867	7.1214e-011
2868	7.2853e-011
2869	7.6887e-011
2870	7.5283e-011
2871	7.7275e-011
2872	8.091e-011
2873	7.9707e-011
2874	8.611e-011
2875	8.3487e-011
2876	8.7589e-011
2877	8.8576e-011
2878	9.0413e-011
2879	9.3645e-011
2880	9.3483e-011
2881	9.8517e-011
2882	9.7493e-011
2883	1.0296e-010
2884	1.0243e-010
2885	1.0696e-010
2886	1.0803e-010
2887	1.0943e-010
2888	1.1561e-010
2889	1.1287e-010
2890	1.2236e-010
2891	1.1909e-010
2892	1.2323e-010
2893	1.2907e-010
2894	1.271e-010
2895	1.3256e-010
2896	1.3685e-010
2897	1.3656e-010
2898	1.4042e-010
2899	1.4793e-010
2900	1.4649e-010
2901	1.5011e-010
2902	1.538e-010
2903	1.6061e-010
2904	1.6122e-010
2905	1.6451e-010
2906	1.6817e-010
2907	1.7268e-010
2908	1.769e-010
2909	1.8034e-010
2910	1.8635e-010
2911	1.8838e-010
2912	1.9304e-010
2913	1.9758e-010
2914	2.0207e-010
2915	2.0655e-010
2916	2.1055e-010
2917	2.1766e-010
2918	2.2154e-010
2919	2.2669e-010
2920	2.3179e-010
2921	2.3515e-010
2922	2.4007e-010
2923	2.5071e-010
2924	2.6231e-010
2925	2.55e-010
2926	2.5431e-010
2927	2.6403e-010
2928	2.5459e-010
2929	2.4194e-010
2930	2.3698e-010
2931	2.3562e-010
2932	2.313e-010
2933	2.2626e-010
2934	2.2481e-010
2935	2.151e-010
2936	2.1135e-010
2937	2.0714e-010
2938	2.03e-010
2939	1.9887e-010
2940	1.9423e-010
2941	1.978e-010
2942	1.8858e-010
2943	1.879e-010
2944	1.8317e-010
2945	1.7554e-010
2946	1.7559e-010
2947	1.7474e-010
2948	2.0244e-010
2949	1.6931e-010
2950	1.613e-010
2951	1.6115e-010
2952	2.0299e-010
2953	1.5763e-010
2954	1.4585e-010
2955	1.7089e-010
2956	1.5395e-010
2957	1.3341e-010
2958	1.76e-010
2959	1.4451e-010
2960	1.3871e-010
2961	1.964e-010
2962	1.2212e-010
2963	1.6558e-010
2964	1.3387e-010
2965	1.3542e-010
2966	1.3693e-010
2967	1.1243e-010
2968	1.4202e-010
2969	1.0422e-010
2970	1.2754e-010
2971	1.0295e-010
2972	1.1532e-010
2973	1.0322e-010
2974	1.0255e-010
2975	1.0509e-010
2976	9.4592e-011
2977	1.196e-010
2978	8.472e-011
2979	9.4718e-011
2980	8.0922e-011
2981	8.1239e-011
2982	8.1275e-011
2983	1.3106e-010
2984	1.844e-010
2985	1.9562e-010
2986	4.3625e-010
2987	8.221e-010
2988	8.1026e-010
2989	1.1e-009
2990	1.089e-009
2991	1.4136e-010
2992	1.0278e-010
2993	9.1207e-011
2994	7.4696e-011
2995	7.9758e-011
2996	7.5265e-011
2997	7.748e-011
2998	8.0918e-011
2999	7.9238e-011
3000	8.4185e-011
3001	8.5019e-011
3002	8.4982e-011
3003	9.1028e-011
3004	8.8204e-011
3005	9.4507e-011
3006	9.36e-011
3007	9.6814e-011
3008	9.9092e-011
3009	9.9946e-011
3010	1.0431e-010
3011	1.0386e-010
3012	1.0933e-010
3013	1.087e-010
3014	1.1395e-010
3015	1.1437e-010
3016	1.1789e-010
3017	1.2155e-010
3018	1.212e-010
3019	1.2874e-010
3020	1.2611e-010
3021	1.3362e-010
3022	1.3507e-010
3023	1.358e-010
3024	1.4258e-010
3025	1.4338e-010
3026	1.4567e-010
3027	1.5182e-010
3028	1.5483e-010
3029	1.549e-010
3030	1.6198e-010
3031	1.6506e-010
3032	1.6864e-010
3033	1.7007e-010
3034	1.7589e-010
3035	1.7992e-010
3036	1.841e-010
3037	1.8786e-010
3038	1.9196e-010
3039	1.969e-010
3040	1.9965e-010
3041	2.0572e-010
3042	2.1006e-010
3043	2.1489e-010
3044	2.1984e-010
3045	2.2483e-010
3046	2.3028e-010
3047	2.3413e-010
3048	2.4036e-010
3049	2.4593e-010
3050	2.517e-010
3051	2.5928e-010
3052	2.6614e-010
3053	2.6821e-010
3054	2.7112e-010
3055	2.8872e-010
3056	2.8991e-010
3057	2.7215e-010
3058	2.6939e-010
3059	2.6955e-010
3060	2.6391e-010
3061	2.5627e-010
3062	2.5097e-010
3063	2.4548e-010
3064	2.3763e-010
3065	2.365e-010
3066	2.308e-010
3067	2.2597e-010
3068	2.2167e-010
3069	2.1756e-010
3070	2.1472e-010
3071	2.0444e-010
3072	2.0716e-010
3073	2.0214e-010
3074	1.9896e-010
3075	1.9793e-010
3076	1.9678e-010
3077	1.9894e-010
3078	1.7907e-010
3079	1.9474e-010
3080	1.8758e-010
3081	1.945e-010
3082	1.7112e-010
3083	1.8577e-010
3084	1.8505e-010
3085	1.5801e-010
3086	1.5904e-010
3087	1.8157e-010
3088	1.507e-010
3089	1.6456e-010
3090	1.8457e-010
3091	1.5127e-010
3092	1.8241e-010
3093	1.3936e-010
3094	1.6453e-010
3095	1.4802e-010
3096	1.3461e-010
3097	1.4568e-010
3098	1.2315e-010
3099	1.3839e-010
3100	1.1435e-010
3101	1.2935e-010
3102	1.1332e-010
3103	1.1821e-010
3104	1.1624e-010
3105	1.0811e-010
3106	1.273e-010
3107	1.0904e-010
3108	1.2297e-010
3109	1.0495e-010
3110	1.094e-010
3111	1.0417e-010
3112	1.1016e-010
3113	1.608e-010
3114	1.9064e-010
3115	2.1818e-010
3116	4.4388e-010
3117	8.0812e-010
3118	7.8169e-010
3119	1.24e-009
3120	1.0388e-009
3121	1.4142e-010
3122	1.0279e-010
3123	9.1241e-011
3124	7.4719e-011
3125	7.9778e-011
3126	7.53e-011
3127	7.7492e-011
3128	8.0943e-011
3129	7.9265e-011
3130	8.4227e-011
3131	8.5048e-011
3132	8.501e-011
3133	9.102e-011
3134	8.8188e-011
3135	9.4502e-011
3136	9.3596e-011
3137	9.6805e-011
3138	9.9143e-011
3139	9.9925e-011
3140	1.0431e-010
3141	1.0389e-010
3142	1.0934e-010
3143	1.0879e-010
3144	1.14e-010
3145	1.1446e-010
3146	1.1801e-010
3147	1.2164e-010
3148	1.2128e-010
3149	1.2876e-010
3150	1.2614e-010
3151	1.337e-010
3152	1.3508e-010
3153	1.3582e-010
3154	1.4265e-010
3155	1.4345e-010
3156	1.4571e-010
3157	1.5183e-010
3158	1.5484e-010
3159	1.5486e-010
3160	1.6192e-010
3161	1.6513e-010
3162	1.6873e-010
3163	1.7011e-010
3164	1.7598e-010
3165	1.8007e-010
3166	1.8409e-010
3167	1.878e-010
3168	1.9192e-010
3169	1.9682e-010
3170	1.9972e-010
3171	2.0581e-010
3172	2.1007e-010
3173	2.149e-010
3174	2.1982e-010
3175	2.2475e-010
3176	2.3028e-010
3177	2.34e-010
3178	2.4035e-010
3179	2.459e-010
3180	2.5165e-010
3181	2.5911e-010
3182	2.662e-010
3183	2.6825e-010
3184	2.7115e-010
3185	2.8844e-010
3186	2.8954e-010
3187	2.722e-010
3188	2.6937e-010
3189	2.6965e-010
3190	2.6396e-010
3191	2.5637e-010
3192	2.51e-010
3193	2.456e-010
3194	2.3775e-010
3195	2.3643e-010
3196	2.3072e-010
3197	2.2597e-010
3198	2.2163e-010
3199	2.1753e-010
3200	2.1489e-010
3201	2.0444e-010
3202	2.0751e-010
3203	2.0229e-010
3204	1.9905e-010
3205	1.9786e-010
3206	1.965e-010
3207	1.9763e-010
3208	1.7803e-010
3209	1.9332e-010
3210	1.8732e-010
3211	1.9446e-010
3212	1.7108e-010
3213	1.8578e-010
3214	1.8505e-010
3215	1.5805e-010
3216	1.5901e-010
3217	1.8154e-010
3218	1.5066e-010
3219	1.6456e-010
3220	1.8455e-010
3221	1.5128e-010
3222	1.8237e-010
3223	1.3931e-010
3224	1.6438e-010
3225	1.479e-010
3226	1.3453e-010
3227	1.4564e-010
3228	1.2305e-010
3229	1.3836e-010
3230	1.1432e-010
3231	1.2933e-010
3232	1.1334e-010
3233	1.1811e-010
3234	1.1611e-010
3235	1.0807e-010
3236	1.2721e-010
3237	1.0904e-010
3238	1.2288e-010
3239	1.0493e-010
3240	1.0936e-010
3241	1.0415e-010
3242	1.1015e-010
3243	1.6077e-010
3244	1.9064e-010
3245	2.1818e-010
3246	4.4384e-010
3247	8.0813e-010
3248	7.817e-010
3249	1.24e-009
3250	1.0386e-009
3251	7.9175e-011
3252	5.7828e-011
3253	6.3352e-011
3254	6.9256e-011
3255	7.1377e-011
3256	7.0566e-011
3257	7.1201e-011
3258	7.289e-011
3259	7.6953e-011
3260	7.5354e-011
3261	7.7371e-011
3262	8.0977e-011
3263	7.9662e-011
3264	8.6086e-011
3265	8.3497e-011
3266	8.757e-011
3267	8.8583e-011
3268	9.0453e-011
3269	9.3637e-011
3270	9.3558e-011
3271	9.8516e-011
3272	9.7512e-011
3273	1.0307e-010
3274	1.0247e-010
3275	1.0708e-010
3276	1.083e-010
3277	1.0962e-010
3278	1.1572e-010
3279	1.1289e-010
3280	1.2233e-010
3281	1.1911e-010
3282	1.2322e-010
3283	1.2905e-010
3284	1.272e-010
3285	1.3283e-010
3286	1.3717e-010
3287	1.3652e-010
3288	1.4044e-010
3289	1.481e-010
3290	1.4657e-010
3291	1.5019e-010
3292	1.5413e-010
3293	1.6068e-010
3294	1.6136e-010
3295	1.6463e-010
3296	1.6816e-010
3297	1.7248e-010
3298	1.7664e-010
3299	1.8021e-010
3300	1.8637e-010
3301	1.8839e-010
3302	1.9303e-010
3303	1.9754e-010
3304	2.0199e-010
3305	2.0638e-010
3306	2.1067e-010
3307	2.1761e-010
3308	2.2147e-010
3309	2.2676e-010
3310	2.3181e-010
3311	2.3501e-010
3312	2.3992e-010
3313	2.5088e-010
3314	2.6192e-010
3315	2.5467e-010
3316	2.5413e-010
3317	2.6382e-010
3318	2.5456e-010
3319	2.4202e-010
3320	2.3696e-010
3321	2.3568e-010
3322	2.3128e-010
3323	2.2659e-010
3324	2.247e-010
3325	2.1492e-010
3326	2.1138e-010
3327	2.0722e-010
3328	2.0302e-010
3329	1.9902e-010
3330	1.9368e-010
3331	1.9996e-010
3332	1.8846e-010
3333	1.8832e-010
3334	1.8326e-010
3335	1.7544e-010
3336	1.7498e-010
3337	1.7403e-010
3338	1.9609e-010
3339	1.6814e-010
3340	1.6067e-010
3341	1.611e-010
3342	2.0299e-010
3343	1.5764e-010
3344	1.4585e-010
3345	1.7088e-010
3346	1.5395e-010
3347	1.3341e-010
3348	1.7583e-010
3349	1.4443e-010
3350	1.3867e-010
3351	1.9632e-010
3352	1.2196e-010
3353	1.654e-010
3354	1.3368e-010
3355	1.3522e-010
3356	1.3677e-010
3357	1.123e-010
3358	1.4192e-010
3359	1.041e-010
3360	1.2751e-010
3361	1.0282e-010
3362	1.1521e-010
3363	1.0311e-010
3364	1.0238e-010
3365	1.0496e-010
3366	9.4524e-011
3367	1.1949e-010
3368	8.4634e-011
3369	9.4624e-011
3370	8.0848e-011
3371	8.1183e-011
3372	8.1264e-011
3373	1.3103e-010
3374	1.8429e-010
3375	1.9556e-010
3376	4.3617e-010
3377	8.2228e-010
3378	8.1021e-010
3379	1.0999e-009
3380	1.089e-009
3381	1.4146e-010
3382	1.0291e-010
3383	9.1319e-011
3384	7.4787e-011
3385	7.9807e-011
3386	7.5337e-011
3387	7.7512e-011
3388	8.0908e-011
3389	7.924e-011
3390	8.4235e-011
3391	8.5059e-011
3392	8.5019e-011
3393	9.1037e-011
3394	8.8141e-011
3395	9.4486e-011
3396	9.3618e-011
3397	9.682e-011
3398	9.9175e-011
3399	9.9985e-011
3400	1.0435e-010
3401	1.0392e-010
3402	1.0938e-010
3403	1.0881e-010
3404	1.1401e-010
3405	1.1456e-010
3406	1.181e-010
3407	1.2172e-010
3408	1.2127e-010
3409	1.2874e-010
3410	1.2616e-010
3411	1.3372e-010
3412	1.35e-010
3413	1.3577e-010
3414	1.4273e-010
3415	1.4362e-010
3416	1.4579e-010
3417	1.5175e-010
3418	1.5478e-010
3419	1.5493e-010
3420	1.6205e-010
3421	1.6526e-010
3422	1.6883e-010
3423	1.7007e-010
3424	1.7602e-010
3425	1.8004e-010
3426	1.8407e-010
3427	1.8771e-010
3428	1.9185e-010
3429	1.968e-010
3430	1.9978e-010
3431	2.0594e-010
3432	2.1012e-010
3433	2.1491e-010
3434	2.1981e-010
3435	2.2475e-010
3436	2.3033e-010
3437	2.3405e-010
3438	2.403e-010
3439	2.4579e-010
3440	2.5178e-010
3441	2.5926e-010
3442	2.6611e-010
3443	2.6836e-010
3444	2.7107e-010
3445	2.881e-010
3446	2.8971e-010
3447	2.7205e-010
3448	2.6933e-010
3449	2.6982e-010
3450	2.6399e-010
3451	2.5636e-010
3452	2.5104e-010
3453	2.4549e-010
3454	2.3774e-010
3455	2.3633e-010
3456	2.3064e-010
3457	2.2598e-010
3458	2.2157e-010
3459	2.1742e-010
3460	2.1523e-010
3461	2.0444e-010
3462	2.0783e-010
3463	2.023e-010
3464	1.9906e-010
3465	1.9781e-010
3466	1.9663e-010
3467	1.9552e-010
3468	1.7855e-010
3469	1.9098e-010
3470	1.8742e-010
3471	1.9442e-010
3472	1.7112e-010
3473	1.8574e-010
3474	1.8494e-010
3475	1.5797e-010
3476	1.5907e-010
3477	1.8153e-010
3478	1.5062e-010
3479	1.6451e-010
3480	1.8447e-010
3481	1.512e-010
3482	1.8232e-010
3483	1.3926e-010
3484	1.6436e-010
3485	1.4788e-010
3486	1.3442e-010
3487	1.4556e-010
3488	1.2296e-010
3489	1.3828e-010
3490	1.1424e-010
3491	1.2929e-010
3492	1.1326e-010
3493	1.1812e-010
3494	1.1608e-010
3495	1.0805e-010
3496	1.2721e-010
3497	1.0905e-010
3498	1.229e-010
3499	1.0495e-010
3500	1.0938e-010
3501	1.0415e-010
3502	1.1017e-010
3503	1.6079e-010
3504	1.9059e-010
3505	2.1816e-010
3506	4.4391e-010
3507	8.081e-010
3508	7.8164e-010
3509	1.24e-009
3510	1.0386e-009
3511	1.4146e-010
3512	1.0291e-010
3513	9.1319e-011
3514	7.4787e-011
3515	7.9807e-011
3516	7.5337e-011
3517	7.7512e-011
3518	8.0908e-011
3519	7.924e-011
3520	8.4235e-011
3521	8.5059e-011
3522	8.5019e-011
3523	9.1037e-011
3524	8.8141e-011
3525	9.4486e-011
3526	9.3618e-011
3527	9.682e-011
3528	9.9175e-011
3529	9.9985e-011
3530	1.0435e-010
3531	1.0392e-010
3532	1.0938e-010
3533	1.0881e-010
3534	1.1402e-010
3535	1.1456e-010
3536	1.181e-010
3537	1.2172e-010
3538	1.2127e-010
3539	1.2874e-010
3540	1.2616e-010
3541	1.3372e-010
3542	1.35e-010
3543	1.3577e-010
3544	1.4273e-010
3545	1.4362e-010
3546	1.4579e-010
3547	1.5179e-010
3548	1.5478e-010
3549	1.5494e-010
3550	1.6207e-010
3551	1.6527e-010
3552	1.6883e-010
3553	1.7007e-010
3554	1.7602e-010
3555	1.8003e-010
3556	1.8407e-010
3557	1.8771e-010
3558	1.9186e-010
3559	1.9681e-010
3560	1.9978e-010
3561	2.0594e-010
3562	2.1012e-010
3563	2.1491e-010
3564	2.1981e-010
3565	2.2475e-010
3566	2.3033e-010
3567	2.3405e-010
3568	2.4031e-010
3569	2.4579e-010
3570	2.5178e-010
3571	2.5926e-010
3572	2.661e-010
3573	2.6836e-010
3574	2.7108e-010
3575	2.8808e-010
3576	2.8969e-010
3577	2.7201e-010
3578	2.6933e-010
3579	2.6976e-010
3580	2.6396e-010
3581	2.5637e-010
3582	2.5104e-010
3583	2.4546e-010
3584	2.3777e-010
3585	2.3637e-010
3586	2.3068e-010
3587	2.2595e-010
3588	2.2161e-010
3589	2.1748e-010
3590	2.1524e-010
3591	2.0439e-010
3592	2.0784e-010
3593	2.0225e-010
3594	1.9907e-010
3595	1.9784e-010
3596	1.9666e-010
3597	1.9553e-010
3598	1.7855e-010
3599	1.9096e-010
3600	1.8744e-010
3601	1.9445e-010
3602	1.7113e-010
3603	1.8576e-010
3604	1.8495e-010
3605	1.58e-010
3606	1.5905e-010
3607	1.8153e-010
3608	1.5059e-010
3609	1.6451e-010
3610	1.8447e-010
3611	1.512e-010
3612	1.8232e-010
3613	1.3926e-010
3614	1.6436e-010
3615	1.4788e-010
3616	1.3442e-010
3617	1.4556e-010
3618	1.2296e-010
3619	1.3828e-010
3620	1.1424e-010
3621	1.2929e-010
3622	1.1326e-010
3623	1.1812e-010
3624	1.1608e-010
3625	1.0805e-010
3626	1.2721e-010
3627	1.0905e-010
3628	1.229e-010
3629	1.0495e-010
3630	1.0938e-010
3631	1.0415e-010
3632	1.1017e-010
3633	1.6079e-010
3634	1.9059e-010
3635	2.1816e-010
3636	4.4391e-010
3637	8.081e-010
3638	7.8164e-010
3639	1.24e-009
3640	1.0386e-009
3641	7.9175e-011
3642	5.7828e-011
3643	6.3352e-011
3644	6.9256e-011
3645	7.1377e-011
3646	7.0566e-011
3647	7.1201e-011
3648	7.289e-011
3649	7.6953e-011
3650	7.5354e-011
3651	7.7371e-011
3652	8.0977e-011
3653	7.9662e-011
3654	8.6086e-011
3655	8.3497e-011
3656	8.757e-011
3657	8.8583e-011
3658	9.0453e-011
3659	9.3637e-011
3660	9.3562e-011
3661	9.852e-011
3662	9.7512e-011
3663	1.0307e-010
3664	1.0247e-010
3665	1.0708e-010
3666	1.083e-010
3667	1.0962e-010
3668	1.1572e-010
3669	1.1292e-010
3670	1.2233e-010
3671	1.1911e-010
3672	1.2322e-010
3673	1.2905e-010
3674	1.272e-010
3675	1.3283e-010
3676	1.3714e-010
3677	1.3653e-010
3678	1.4044e-010
3679	1.4809e-010
3680	1.4668e-010
3681	1.5017e-010
3682	1.5413e-010
3683	1.6069e-010
3684	1.6132e-010
3685	1.6463e-010
3686	1.6816e-010
3687	1.7247e-010
3688	1.7667e-010
3689	1.802e-010
3690	1.8638e-010
3691	1.8839e-010
3692	1.9303e-010
3693	1.9754e-010
3694	2.02e-010
3695	2.0639e-010
3696	2.1067e-010
3697	2.1761e-010
3698	2.2147e-010
3699	2.2676e-010
3700	2.3181e-010
3701	2.3501e-010
3702	2.3992e-010
3703	2.5088e-010
3704	2.6192e-010
3705	2.547e-010
3706	2.5415e-010
3707	2.6379e-010
3708	2.5459e-010
3709	2.4181e-010
3710	2.3698e-010
3711	2.3554e-010
3712	2.3125e-010
3713	2.2658e-010
3714	2.2469e-010
3715	2.1498e-010
3716	2.1137e-010
3717	2.0725e-010
3718	2.0304e-010
3719	1.9896e-010
3720	1.9353e-010
3721	2.0021e-010
3722	1.8835e-010
3723	1.8837e-010
3724	1.8327e-010
3725	1.7542e-010
3726	1.751e-010
3727	1.7417e-010
3728	1.9565e-010
3729	1.6828e-010
3730	1.6071e-010
3731	1.6105e-010
3732	2.0299e-010
3733	1.5762e-010
3734	1.4583e-010
3735	1.7079e-010
3736	1.5401e-010
3737	1.3339e-010
3738	1.7582e-010
3739	1.4442e-010
3740	1.3868e-010
3741	1.9632e-010
3742	1.2196e-010
3743	1.654e-010
3744	1.3368e-010
3745	1.3522e-010
3746	1.3677e-010
3747	1.123e-010
3748	1.4192e-010
3749	1.041e-010
3750	1.2751e-010
3751	1.0282e-010
3752	1.1521e-010
3753	1.0311e-010
3754	1.0238e-010
3755	1.0496e-010
3756	9.4524e-011
3757	1.1949e-010
3758	8.4634e-011
3759	9.4624e-011
3760	8.0848e-011
3761	8.1183e-011
3762	8.1264e-011
3763	1.3103e-010
3764	1.8429e-010
3765	1.9556e-010
3766	4.3617e-010
3767	8.2228e-010
3768	8.1021e-010
3769	1.0999e-009
3770	1.089e-009
3771	1.4142e-010
3772	1.0279e-010
3773	9.1241e-011
3774	7.4719e-011
3775	7.9778e-011
3776	7.53e-011
3777	7.7492e-011
3778	8.0943e-011
3779	7.9265e-011
3780	8.4227e-011
3781	8.5048e-011
3782	8.501e-011
3783	9.102e-011
3784	8.8188e-011
3785	9.4502e-011
3786	9.3596e-011
3787	9.6805e-011
3788	9.9143e-011
3789	9.9925e-011
3790	1.0431e-010
3791	1.0388e-010
3792	1.0934e-010
3793	1.0879e-010
3794	1.14e-010
3795	1.1446e-010
3796	1.1801e-010
3797	1.2164e-010
3798	1.2128e-010
3799	1.2876e-010
3800	1.2614e-010
3801	1.3371e-010
3802	1.3508e-010
3803	1.3582e-010
3804	1.4265e-010
3805	1.4346e-010
3806	1.457e-010
3807	1.5182e-010
3808	1.5484e-010
3809	1.5486e-010
3810	1.6193e-010
3811	1.6515e-010
3812	1.6872e-010
3813	1.701e-010
3814	1.7597e-010
3815	1.8007e-010
3816	1.8409e-010
3817	1.8776e-010
3818	1.9194e-010
3819	1.9682e-010
3820	1.9972e-010
3821	2.0581e-010
3822	2.1007e-010
3823	2.149e-010
3824	2.1981e-010
3825	2.2474e-010
3826	2.3028e-010
3827	2.34e-010
3828	2.4035e-010
3829	2.459e-010
3830	2.5165e-010
3831	2.5911e-010
3832	2.662e-010
3833	2.6825e-010
3834	2.7116e-010
3835	2.8844e-010
3836	2.8954e-010
3837	2.7219e-010
3838	2.6928e-010
3839	2.6969e-010
3840	2.6396e-010
3841	2.5633e-010
3842	2.5102e-010
3843	2.4557e-010
3844	2.3772e-010
3845	2.3639e-010
3846	2.3075e-010
3847	2.2597e-010
3848	2.2157e-010
3849	2.1756e-010
3850	2.1526e-010
3851	2.0455e-010
3852	2.0785e-010
3853	2.0223e-010
3854	1.9901e-010
3855	1.9787e-010
3856	1.9665e-010
3857	1.9679e-010
3858	1.7739e-010
3859	1.9244e-010
3860	1.8743e-010
3861	1.9454e-010
3862	1.7106e-010
3863	1.8575e-010
3864	1.8502e-010
3865	1.5804e-010
3866	1.5902e-010
3867	1.8152e-010
3868	1.5066e-010
3869	1.6456e-010
3870	1.8455e-010
3871	1.5128e-010
3872	1.8237e-010
3873	1.3931e-010
3874	1.6438e-010
3875	1.479e-010
3876	1.3452e-010
3877	1.4563e-010
3878	1.2305e-010
3879	1.3836e-010
3880	1.1432e-010
3881	1.2933e-010
3882	1.1334e-010
3883	1.181e-010
3884	1.1611e-010
3885	1.0807e-010
3886	1.2721e-010
3887	1.0904e-010
3888	1.2288e-010
3889	1.0493e-010
3890	1.0936e-010
3891	1.0415e-010
3892	1.1015e-010
3893	1.6077e-010
3894	1.9064e-010
3895	2.1818e-010
3896	4.4384e-010
3897	8.0813e-010
3898	7.817e-010
3899	1.24e-009
3900	1.0386e-009
3901	1.4136e-010
3902	1.0278e-010
3903	9.1207e-011
3904	7.4696e-011
3905	7.9758e-011
3906	7.5265e-011
3907	7.748e-011
3908	8.0918e-011
3909	7.923e-011
3910	8.4196e-011
3911	8.5013e-011
3912	8.4982e-011
3913	9.1029e-011
3914	8.8204e-011
3915	9.4507e-011
3916	9.36e-011
3917	9.6814e-011
3918	9.9092e-011
3919	9.9946e-011
3920	1.0431e-010
3921	1.0386e-010
3922	1.0933e-010
3923	1.087e-010
3924	1.1395e-010
3925	1.1437e-010
3926	1.1789e-010
3927	1.2155e-010
3928	1.212e-010
3929	1.2874e-010
3930	1.2611e-010
3931	1.3362e-010
3932	1.3507e-010
3933	1.358e-010
3934	1.4258e-010
3935	1.4338e-010
3936	1.4569e-010
3937	1.5185e-010
3938	1.5483e-010
3939	1.5486e-010
3940	1.6199e-010
3941	1.6506e-010
3942	1.6864e-010
3943	1.7007e-010
3944	1.7588e-010
3945	1.7992e-010
3946	1.8412e-010
3947	1.879e-010
3948	1.92e-010
3949	1.9691e-010
3950	1.9965e-010
3951	2.0572e-010
3952	2.1006e-010
3953	2.1489e-010
3954	2.1984e-010
3955	2.2483e-010
3956	2.3033e-010
3957	2.3412e-010
3958	2.4036e-010
3959	2.4591e-010
3960	2.5167e-010
3961	2.5932e-010
3962	2.6612e-010
3963	2.6823e-010
3964	2.7107e-010
3965	2.8871e-010
3966	2.899e-010
3967	2.7218e-010
3968	2.6931e-010
3969	2.6951e-010
3970	2.6382e-010
3971	2.5629e-010
3972	2.5103e-010
3973	2.4546e-010
3974	2.3765e-010
3975	2.3646e-010
3976	2.3072e-010
3977	2.2605e-010
3978	2.2164e-010
3979	2.1752e-010
3980	2.1528e-010
3981	2.045e-010
3982	2.0773e-010
3983	2.0221e-010
3984	1.9896e-010
3985	1.9789e-010
3986	1.9665e-010
3987	1.9709e-010
3988	1.7729e-010
3989	1.9262e-010
3990	1.8744e-010
3991	1.9454e-010
3992	1.7113e-010
3993	1.8585e-010
3994	1.8499e-010
3995	1.5804e-010
3996	1.5904e-010
3997	1.8155e-010
3998	1.507e-010
3999	1.6457e-010
4000	1.8457e-010
4001	1.5127e-010
4002	1.8241e-010
4003	1.3936e-010
4004	1.6453e-010
4005	1.4801e-010
4006	1.346e-010
4007	1.4568e-010
4008	1.2315e-010
4009	1.3839e-010
4010	1.1435e-010
4011	1.2935e-010
4012	1.1332e-010
4013	1.1821e-010
4014	1.1623e-010
4015	1.0811e-010
4016	1.273e-010
4017	1.0904e-010
4018	1.2297e-010
4019	1.0495e-010
4020	1.094e-010
4021	1.0417e-010
4022	1.1016e-010
4023	1.608e-010
4024	1.9064e-010
4025	2.1818e-010
4026	4.4394e-010
4027	8.0813e-010
4028	7.8168e-010
4029	1.24e-009
4030	1.0387e-009
4031	7.913e-011
4032	5.7773e-011
4033	6.3294e-011
4034	6.9189e-011
4035	7.1388e-011
4036	7.0523e-011
4037	7.1214e-011
4038	7.2853e-011
4039	7.6897e-011
4040	7.5256e-011
4041	7.7287e-011
4042	8.091e-011
4043	7.9707e-011
4044	8.611e-011
4045	8.3487e-011
4046	8.7589e-011
4047	8.8576e-011
4048	9.0413e-011
4049	9.3646e-011
4050	9.3483e-011
4051	9.8517e-011
4052	9.7493e-011
4053	1.0296e-010
4054	1.0243e-010
4055	1.0695e-010
4056	1.0804e-010
4057	1.0943e-010
4058	1.1561e-010
4059	1.1287e-010
4060	1.2236e-010
4061	1.1909e-010
4062	1.2323e-010
4063	1.2907e-010
4064	1.271e-010
4065	1.3256e-010
4066	1.3688e-010
4067	1.3663e-010
4068	1.4041e-010
4069	1.4793e-010
4070	1.465e-010
4071	1.501e-010
4072	1.5384e-010
4073	1.6062e-010
4074	1.6114e-010
4075	1.6451e-010
4076	1.6813e-010
4077	1.7268e-010
4078	1.7685e-010
4079	1.8042e-010
4080	1.8635e-010
4081	1.8838e-010
4082	1.9304e-010
4083	1.9759e-010
4084	2.0207e-010
4085	2.0655e-010
4086	2.1058e-010
4087	2.1769e-010
4088	2.2155e-010
4089	2.2672e-010
4090	2.3169e-010
4091	2.3521e-010
4092	2.4011e-010
4093	2.5069e-010
4094	2.6229e-010
4095	2.55e-010
4096	2.5434e-010
4097	2.6414e-010
4098	2.5446e-010
4099	2.4201e-010
4100	2.3686e-010
4101	2.3558e-010
4102	2.3119e-010
4103	2.2645e-010
4104	2.2489e-010
4105	2.1492e-010
4106	2.114e-010
4107	2.0726e-010
4108	2.0295e-010
4109	1.9901e-010
4110	1.935e-010
4111	2.0017e-010
4112	1.8812e-010
4113	1.8809e-010
4114	1.8322e-010
4115	1.7542e-010
4116	1.7506e-010
4117	1.7465e-010
4118	1.9512e-010
4119	1.687e-010
4120	1.6068e-010
4121	1.6102e-010
4122	2.0307e-010
4123	1.5764e-010
4124	1.4586e-010
4125	1.7084e-010
4126	1.5397e-010
4127	1.3341e-010
4128	1.7599e-010
4129	1.445e-010
4130	1.3871e-010
4131	1.9644e-010
4132	1.2212e-010
4133	1.6558e-010
4134	1.3387e-010
4135	1.354e-010
4136	1.3694e-010
4137	1.1244e-010
4138	1.4203e-010
4139	1.0422e-010
4140	1.2754e-010
4141	1.0295e-010
4142	1.1532e-010
4143	1.0322e-010
4144	1.0255e-010
4145	1.0507e-010
4146	9.4598e-011
4147	1.196e-010
4148	8.472e-011
4149	9.4718e-011
4150	8.0922e-011
4151	8.1239e-011
4152	8.1275e-011
4153	1.3106e-010
4154	1.844e-010
4155	1.9563e-010
4156	4.3624e-010
4157	8.2214e-010
4158	8.103e-010
4159	1.1e-009
4160	1.0889e-009
4161	1.4136e-010
4162	1.0278e-010
4163	9.1207e-011
4164	7.4696e-011
4165	7.9758e-011
4166	7.5265e-011
4167	7.748e-011
4168	8.0918e-011
4169	7.9238e-011
4170	8.4179e-011
4171	8.5013e-011
4172	8.4982e-011
4173	9.1029e-011
4174	8.8204e-011
4175	9.4507e-011
4176	9.36e-011
4177	9.6814e-011
4178	9.9091e-011
4179	9.9945e-011
4180	1.0431e-010
4181	1.0386e-010
4182	1.0933e-010
4183	1.087e-010
4184	1.1395e-010
4185	1.1437e-010
4186	1.1789e-010
4187	1.2155e-010
4188	1.212e-010
4189	1.2874e-010
4190	1.2611e-010
4191	1.3362e-010
4192	1.3507e-010
4193	1.358e-010
4194	1.4258e-010
4195	1.4338e-010
4196	1.4566e-010
4197	1.5183e-010
4198	1.5493e-010
4199	1.5459e-010
4200	1.6201e-010
4201	1.6509e-010
4202	1.6864e-010
4203	1.7007e-010
4204	1.7588e-010
4205	1.7991e-010
4206	1.8412e-010
4207	1.879e-010
4208	1.92e-010
4209	1.9691e-010
4210	1.9965e-010
4211	2.0572e-010
4212	2.1006e-010
4213	2.1489e-010
4214	2.1984e-010
4215	2.2483e-010
4216	2.3033e-010
4217	2.3411e-010
4218	2.4036e-010
4219	2.4592e-010
4220	2.5168e-010
4221	2.5932e-010
4222	2.6612e-010
4223	2.6821e-010
4224	2.7112e-010
4225	2.8872e-010
4226	2.8988e-010
4227	2.7215e-010
4228	2.6937e-010
4229	2.695e-010
4230	2.638e-010
4231	2.5628e-010
4232	2.5102e-010
4233	2.4545e-010
4234	2.3765e-010
4235	2.3646e-010
4236	2.3072e-010
4237	2.2605e-010
4238	2.2164e-010
4239	2.1752e-010
4240	2.1527e-010
4241	2.0449e-010
4242	2.0772e-010
4243	2.0218e-010
4244	1.99e-010
4245	1.9781e-010
4246	1.9675e-010
4247	1.9556e-010
4248	1.7841e-010
4249	1.9094e-010
4250	1.8745e-010
4251	1.9449e-010
4252	1.7112e-010
4253	1.8582e-010
4254	1.8503e-010
4255	1.5803e-010
4256	1.5904e-010
4257	1.8157e-010
4258	1.507e-010
4259	1.6457e-010
4260	1.8459e-010
4261	1.5128e-010
4262	1.8242e-010
4263	1.3936e-010
4264	1.6453e-010
4265	1.4802e-010
4266	1.3461e-010
4267	1.4568e-010
4268	1.2315e-010
4269	1.3839e-010
4270	1.1435e-010
4271	1.2935e-010
4272	1.1332e-010
4273	1.1821e-010
4274	1.1624e-010
4275	1.0811e-010
4276	1.273e-010
4277	1.0904e-010
4278	1.2297e-010
4279	1.0495e-010
4280	1.094e-010
4281	1.0417e-010
4282	1.1016e-010
4283	1.608e-010
4284	1.9064e-010
4285	2.1818e-010
4286	4.4394e-010
4287	8.0813e-010
4288	7.8168e-010
4289	1.24e-009
4290	1.0387e-009
4291	1.4142e-010
4292	1.0279e-010
4293	9.1241e-011
4294	7.4719e-011
4295	7.9778e-011
4296	7.53e-011
4297	7.7492e-011
4298	8.0943e-011
4299	7.9265e-011
4300	8.4227e-011
4301	8.5048e-011
4302	8.501e-011
4303	9.102e-011
4304	8.8188e-011
4305	9.4502e-011
4306	9.3596e-011
4307	9.6804e-011
4308	9.9143e-011
4309	9.9925e-011
4310	1.0431e-010
4311	1.0389e-010
4312	1.0934e-010
4313	1.0879e-010
4314	1.14e-010
4315	1.1446e-010
4316	1.1801e-010
4317	1.2164e-010
4318	1.2128e-010
4319	1.2876e-010
4320	1.2611e-010
4321	1.3371e-010
4322	1.3508e-010
4323	1.3582e-010
4324	1.4266e-010
4325	1.4346e-010
4326	1.4572e-010
4327	1.5184e-010
4328	1.5492e-010
4329	1.5454e-010
4330	1.6202e-010
4331	1.6511e-010
4332	1.6876e-010
4333	1.7008e-010
4334	1.7596e-010
4335	1.8005e-010
4336	1.8409e-010
4337	1.8776e-010
4338	1.919e-010
4339	1.9684e-010
4340	1.9972e-010
4341	2.0581e-010
4342	2.1007e-010
4343	2.149e-010
4344	2.1982e-010
4345	2.2475e-010
4346	2.3028e-010
4347	2.34e-010
4348	2.4035e-010
4349	2.459e-010
4350	2.5165e-010
4351	2.5911e-010
4352	2.6619e-010
4353	2.6823e-010
4354	2.7115e-010
4355	2.8844e-010
4356	2.8961e-010
4357	2.7214e-010
4358	2.693e-010
4359	2.6964e-010
4360	2.6398e-010
4361	2.5635e-010
4362	2.5099e-010
4363	2.4559e-010
4364	2.3771e-010
4365	2.364e-010
4366	2.3075e-010
4367	2.2597e-010
4368	2.2157e-010
4369	2.1754e-010
4370	2.1523e-010
4371	2.0451e-010
4372	2.0785e-010
4373	2.0225e-010
4374	1.9899e-010
4375	1.9785e-010
4376	1.9648e-010
4377	1.9576e-010
4378	1.784e-010
4379	1.9134e-010
4380	1.8729e-010
4381	1.9442e-010
4382	1.7111e-010
4383	1.858e-010
4384	1.85e-010
4385	1.5804e-010
4386	1.5901e-010
4387	1.8149e-010
4388	1.5067e-010
4389	1.6456e-010
4390	1.8456e-010
4391	1.5128e-010
4392	1.8239e-010
4393	1.3931e-010
4394	1.6438e-010
4395	1.479e-010
4396	1.3453e-010
4397	1.4564e-010
4398	1.2306e-010
4399	1.3836e-010
4400	1.143e-010
4401	1.2934e-010
4402	1.1334e-010
4403	1.181e-010
4404	1.1611e-010
4405	1.0807e-010
4406	1.2721e-010
4407	1.0904e-010
4408	1.2288e-010
4409	1.0493e-010
4410	1.0936e-010
4411	1.0415e-010
4412	1.1015e-010
4413	1.6077e-010
4414	1.9064e-010
4415	2.1818e-010
4416	4.4384e-010
4417	8.0813e-010
4418	7.817e-010
4419	1.24e-009
4420	1.0386e-009
4421	7.9175e-011
4422	5.7828e-011
4423	6.3352e-011
4424	6.9256e-011
4425	7.1377e-011
4426	7.0566e-011
4427	7.1201e-011
4428	7.289e-011
4429	7.6953e-011
4430	7.5354e-011
4431	7.7371e-011
4432	8.0977e-011
4433	7.9662e-011
4434	8.6086e-011
4435	8.3497e-011
4436	8.757e-011
4437	8.8583e-011
4438	9.0453e-011
4439	9.3637e-011
4440	9.3558e-011
4441	9.8516e-011
4442	9.7512e-011
4443	1.0307e-010
4444	1.0247e-010
4445	1.0707e-010
4446	1.083e-010
4447	1.0962e-010
4448	1.1572e-010
4449	1.1292e-010
4450	1.2233e-010
4451	1.1911e-010
4452	1.2322e-010
4453	1.2907e-010
4454	1.2722e-010
4455	1.3286e-010
4456	1.3714e-010
4457	1.3656e-010
4458	1.404e-010
4459	1.4808e-010
4460	1.4662e-010
4461	1.5018e-010
4462	1.5414e-010
4463	1.6072e-010
4464	1.6134e-010
4465	1.6456e-010
4466	1.6817e-010
4467	1.7247e-010
4468	1.7666e-010
4469	1.8018e-010
4470	1.8637e-010
4471	1.8839e-010
4472	1.9303e-010
4473	1.9754e-010
4474	2.0198e-010
4475	2.0637e-010
4476	2.1067e-010
4477	2.1761e-010
4478	2.2147e-010
4479	2.2675e-010
4480	2.318e-010
4481	2.3502e-010
4482	2.3995e-010
4483	2.5079e-010
4484	2.62e-010
4485	2.5472e-010
4486	2.5416e-010
4487	2.6371e-010
4488	2.5451e-010
4489	2.4201e-010
4490	2.3687e-010
4491	2.3561e-010
4492	2.312e-010
4493	2.2659e-010
4494	2.2463e-010
4495	2.1497e-010
4496	2.1136e-010
4497	2.0725e-010
4498	2.0306e-010
4499	1.9887e-010
4500	1.9358e-010
4501	2.0023e-010
4502	1.8843e-010
4503	1.8835e-010
4504	1.8322e-010
4505	1.7543e-010
4506	1.7523e-010
4507	1.7469e-010
4508	1.99e-010
4509	1.6903e-010
4510	1.6088e-010
4511	1.6108e-010
4512	2.0295e-010
4513	1.576e-010
4514	1.4586e-010
4515	1.7087e-010
4516	1.5392e-010
4517	1.3341e-010
4518	1.7582e-010
4519	1.4442e-010
4520	1.3867e-010
4521	1.9636e-010
4522	1.2196e-010
4523	1.654e-010
4524	1.3367e-010
4525	1.3521e-010
4526	1.3677e-010
4527	1.123e-010
4528	1.4192e-010
4529	1.041e-010
4530	1.275e-010
4531	1.0281e-010
4532	1.1521e-010
4533	1.0311e-010
4534	1.0238e-010
4535	1.0496e-010
4536	9.4523e-011
4537	1.1949e-010
4538	8.4634e-011
4539	9.4624e-011
4540	8.0848e-011
4541	8.118e-011
4542	8.1262e-011
4543	1.3103e-010
4544	1.8429e-010
4545	1.956e-010
4546	4.3617e-010
4547	8.2228e-010
4548	8.1021e-010
4549	1.0999e-009
4550	1.089e-009
4551	1.4146e-010
4552	1.0291e-010
4553	9.1318e-011
4554	7.4786e-011
4555	7.9807e-011
4556	7.5337e-011
4557	7.7512e-011
4558	8.0908e-011
4559	7.924e-011
4560	8.4235e-011
4561	8.5059e-011
4562	8.5019e-011
4563	9.1037e-011
4564	8.814e-011
4565	9.4485e-011
4566	9.3618e-011
4567	9.682e-011
4568	9.9175e-011
4569	9.9985e-011
4570	1.0435e-010
4571	1.0392e-010
4572	1.0938e-010
4573	1.0881e-010
4574	1.1401e-010
4575	1.1456e-010
4576	1.181e-010
4577	1.2172e-010
4578	1.2127e-010
4579	1.2874e-010
4580	1.2616e-010
4581	1.3372e-010
4582	1.35e-010
4583	1.3578e-010
4584	1.4271e-010
4585	1.4359e-010
4586	1.4577e-010
4587	1.5179e-010
4588	1.5478e-010
4589	1.5497e-010
4590	1.6204e-010
4591	1.6531e-010
4592	1.6882e-010
4593	1.701e-010
4594	1.7606e-010
4595	1.8002e-010
4596	1.8407e-010
4597	1.8772e-010
4598	1.9186e-010
4599	1.9681e-010
4600	1.9978e-010
4601	2.0594e-010
4602	2.1012e-010
4603	2.1491e-010
4604	2.1982e-010
4605	2.2476e-010
4606	2.3033e-010
4607	2.3405e-010
4608	2.4031e-010
4609	2.4581e-010
4610	2.5173e-010
4611	2.5926e-010
4612	2.6609e-010
4613	2.6833e-010
4614	2.7101e-010
4615	2.8831e-010
4616	2.8954e-010
4617	2.7212e-010
4618	2.6923e-010
4619	2.6983e-010
4620	2.6403e-010
4621	2.5636e-010
4622	2.51e-010
4623	2.4543e-010
4624	2.3778e-010
4625	2.3631e-010
4626	2.3069e-010
4627	2.2596e-010
4628	2.2159e-010
4629	2.1746e-010
4630	2.1522e-010
4631	2.0436e-010
4632	2.0788e-010
4633	2.0232e-010
4634	1.9907e-010
4635	1.9786e-010
4636	1.9687e-010
4637	1.9908e-010
4638	1.8029e-010
4639	1.9483e-010
4640	1.876e-010
4641	1.9449e-010
4642	1.7108e-010
4643	1.8578e-010
4644	1.8494e-010
4645	1.5799e-010
4646	1.5905e-010
4647	1.8153e-010
4648	1.5059e-010
4649	1.6451e-010
4650	1.8447e-010
4651	1.512e-010
4652	1.8233e-010
4653	1.3925e-010
4654	1.6436e-010
4655	1.4786e-010
4656	1.3442e-010
4657	1.4556e-010
4658	1.2296e-010
4659	1.3828e-010
4660	1.1424e-010
4661	1.2929e-010
4662	1.1326e-010
4663	1.1812e-010
4664	1.1608e-010
4665	1.0805e-010
4666	1.2721e-010
4667	1.0906e-010
4668	1.2291e-010
4669	1.0495e-010
4670	1.0938e-010
4671	1.0416e-010
4672	1.1017e-010
4673	1.6079e-010
4674	1.9059e-010
4675	2.1816e-010
4676	4.4392e-010
4677	8.081e-010
4678	7.8164e-010
4679	1.24e-009
4680	1.0386e-009
4681	1.2639e-010
4682	1.0112e-010
4683	8.5948e-011
4684	8.1651e-011
4685	8.883e-011
4686	8.7519e-011
4687	8.9101e-011
4688	9.3033e-011
4689	9.5112e-011
4690	9.6408e-011
4691	9.8318e-011
4692	1.0084e-010
4693	1.0351e-010
4694	1.065e-010
4695	1.0809e-010
4696	1.1011e-010
4697	1.1255e-010
4698	1.153e-010
4699	1.1789e-010
4700	1.206e-010
4701	1.2363e-010
4702	1.2607e-010
4703	1.2944e-010
4704	1.3186e-010
4705	1.3539e-010
4706	1.3799e-010
4707	1.4088e-010
4708	1.454e-010
4709	1.4751e-010
4710	1.5261e-010
4711	1.5442e-010
4712	1.5786e-010
4713	1.6261e-010
4714	1.6483e-010
4715	1.6905e-010
4716	1.7344e-010
4717	1.7611e-010
4718	1.8068e-010
4719	1.8606e-010
4720	1.8914e-010
4721	1.9256e-010
4722	1.9809e-010
4723	2.0264e-010
4724	2.0724e-010
4725	2.1106e-010
4726	2.1539e-010
4727	2.2081e-010
4728	2.26e-010
4729	2.3131e-010
4730	2.3626e-010
4731	2.4182e-010
4732	2.4682e-010
4733	2.5236e-010
4734	2.5808e-010
4735	2.6392e-010
4736	2.7041e-010
4737	2.7638e-010
4738	2.8314e-010
4739	2.8964e-010
4740	2.9576e-010
4741	3.0124e-010
4742	3.0964e-010
4743	3.1813e-010
4744	3.2492e-010
4745	3.3115e-010
4746	3.3224e-010
4747	3.2649e-010
4748	3.2076e-010
4749	3.1236e-010
4750	3.0316e-010
4751	2.9901e-010
4752	2.9407e-010
4753	2.8794e-010
4754	2.8073e-010
4755	2.7517e-010
4756	2.684e-010
4757	2.6279e-010
4758	2.5748e-010
4759	2.5228e-010
4760	2.4889e-010
4761	2.4326e-010
4762	2.4045e-010
4763	2.3599e-010
4764	2.308e-010
4765	2.2106e-010
4766	2.2134e-010
4767	2.28e-010
4768	2.2576e-010
4769	2.2152e-010
4770	2.0061e-010
4771	2.123e-010
4772	2.2345e-010
4773	2.0188e-010
4774	1.9228e-010
4775	1.974e-010
4776	1.8308e-010
4777	1.8579e-010
4778	1.9619e-010
4779	1.7191e-010
4780	1.8339e-010
4781	2.1209e-010
4782	1.813e-010
4783	1.8e-010
4784	1.5878e-010
4785	1.4833e-010
4786	1.4944e-010
4787	1.6163e-010
4788	1.5476e-010
4789	1.392e-010
4790	1.3837e-010
4791	1.3156e-010
4792	1.2587e-010
4793	1.2232e-010
4794	1.1788e-010
4795	1.1555e-010
4796	1.2555e-010
4797	1.3445e-010
4798	1.2036e-010
4799	1.091e-010
4800	1.0373e-010
4801	1.0818e-010
4802	1.0831e-010
4803	1.2951e-010
4804	1.5226e-010
4805	1.6152e-010
4806	3.3439e-010
4807	5.8173e-010
4808	4.635e-010
4809	8.3856e-010
4810	7.8067e-010
4811	1.6831e-010
4812	1.4146e-010
4813	1.1983e-010
4814	1.0685e-010
4815	1.0352e-010
4816	1.0733e-010
4817	1.1057e-010
4818	1.1328e-010
4819	1.1408e-010
4820	1.1926e-010
4821	1.2112e-010
4822	1.2231e-010
4823	1.2814e-010
4824	1.2727e-010
4825	1.3355e-010
4826	1.3425e-010
4827	1.38e-010
4828	1.4104e-010
4829	1.4334e-010
4830	1.4817e-010
4831	1.4928e-010
4832	1.5543e-010
4833	1.5615e-010
4834	1.6229e-010
4835	1.6384e-010
4836	1.6868e-010
4837	1.737e-010
4838	1.7401e-010
4839	1.8309e-010
4840	1.8153e-010
4841	1.9058e-010
4842	1.9332e-010
4843	1.9479e-010
4844	2.0355e-010
4845	2.0529e-010
4846	2.087e-010
4847	2.1694e-010
4848	2.2098e-010
4849	2.2235e-010
4850	2.313e-010
4851	2.3685e-010
4852	2.4105e-010
4853	2.4414e-010
4854	2.5124e-010
4855	2.5781e-010
4856	2.6374e-010
4857	2.6885e-010
4858	2.7478e-010
4859	2.8103e-010
4860	2.8651e-010
4861	2.9395e-010
4862	3.0098e-010
4863	3.076e-010
4864	3.1452e-010
4865	3.2175e-010
4866	3.2904e-010
4867	3.3551e-010
4868	3.4367e-010
4869	3.5173e-010
4870	3.6036e-010
4871	3.7088e-010
4872	3.7911e-010
4873	3.8331e-010
4874	3.9044e-010
4875	4.0885e-010
4876	4.1011e-010
4877	3.9184e-010
4878	3.8524e-010
4879	3.8364e-010
4880	3.7684e-010
4881	3.6637e-010
4882	3.5803e-010
4883	3.4939e-010
4884	3.4058e-010
4885	3.3586e-010
4886	3.2938e-010
4887	3.2272e-010
4888	3.1638e-010
4889	3.1035e-010
4890	3.0391e-010
4891	2.9294e-010
4892	2.9223e-010
4893	2.8713e-010
4894	2.8319e-010
4895	2.8134e-010
4896	2.7905e-010
4897	2.7405e-010
4898	2.554e-010
4899	2.6886e-010
4900	2.6444e-010
4901	2.6582e-010
4902	2.404e-010
4903	2.5305e-010
4904	2.5614e-010
4905	2.2143e-010
4906	2.2076e-010
4907	2.5017e-010
4908	2.1095e-010
4909	2.1983e-010
4910	2.4349e-010
4911	2.1557e-010
4912	2.4725e-010
4913	1.9217e-010
4914	2.107e-010
4915	1.8549e-010
4916	1.7581e-010
4917	2.0752e-010
4918	1.7948e-010
4919	1.8172e-010
4920	1.6055e-010
4921	1.7057e-010
4922	1.5217e-010
4923	1.547e-010
4924	1.4912e-010
4925	1.4306e-010
4926	1.6133e-010
4927	1.4846e-010
4928	1.5687e-010
4929	1.3111e-010
4930	1.3793e-010
4931	1.3374e-010
4932	1.3234e-010
4933	1.8174e-010
4934	1.5344e-010
4935	1.778e-010
4936	3.8699e-010
4937	5.5155e-010
4938	4.1329e-010
4939	9.6721e-010
4940	6.9272e-010
4941	1.263e-010
4942	1.0107e-010
4943	8.5924e-011
4944	8.1614e-011
4945	8.8805e-011
4946	8.7502e-011
4947	8.9101e-011
4948	9.3067e-011
4949	9.5124e-011
4950	9.6421e-011
4951	9.8282e-011
4952	1.0077e-010
4953	1.0351e-010
4954	1.0655e-010
4955	1.0812e-010
4956	1.1014e-010
4957	1.1263e-010
4958	1.1534e-010
4959	1.1793e-010
4960	1.2063e-010
4961	1.2366e-010
4962	1.2609e-010
4963	1.2944e-010
4964	1.3188e-010
4965	1.3539e-010
4966	1.3796e-010
4967	1.4088e-010
4968	1.4541e-010
4969	1.4753e-010
4970	1.5261e-010
4971	1.5435e-010
4972	1.5776e-010
4973	1.6254e-010
4974	1.6481e-010
4975	1.6913e-010
4976	1.7347e-010
4977	1.7611e-010
4978	1.8091e-010
4979	1.8592e-010
4980	1.8936e-010
4981	1.925e-010
4982	1.9802e-010
4983	2.026e-010
4984	2.0728e-010
4985	2.1103e-010
4986	2.1536e-010
4987	2.2078e-010
4988	2.2601e-010
4989	2.3129e-010
4990	2.3622e-010
4991	2.4187e-010
4992	2.4689e-010
4993	2.526e-010
4994	2.5818e-010
4995	2.639e-010
4996	2.7045e-010
4997	2.7642e-010
4998	2.8316e-010
4999	2.8966e-010
5000	2.9566e-010
5001	3.0122e-010
5002	3.0955e-010
5003	3.1791e-010
5004	3.2476e-010
5005	3.3122e-010
5006	3.3213e-010
5007	3.2654e-010
5008	3.209e-010
5009	3.123e-010
5010	3.0327e-010
5011	2.99e-010
5012	2.9411e-010
5013	2.8803e-010
5014	2.8059e-010
5015	2.7516e-010
5016	2.6831e-010
5017	2.6288e-010
5018	2.5756e-010
5019	2.5237e-010
5020	2.4868e-010
5021	2.4325e-010
5022	2.403e-010
5023	2.3604e-010
5024	2.3082e-010
5025	2.2109e-010
5026	2.2138e-010
5027	2.2792e-010
5028	2.2573e-010
5029	2.2154e-010
5030	2.0061e-010
5031	2.1232e-010
5032	2.2327e-010
5033	2.0192e-010
5034	1.9228e-010
5035	1.9738e-010
5036	1.8309e-010
5037	1.8585e-010
5038	1.9625e-010
5039	1.7192e-010
5040	1.8338e-010
5041	2.1211e-010
5042	1.8127e-010
5043	1.8001e-010
5044	1.5881e-010
5045	1.484e-010
5046	1.4949e-010
5047	1.6168e-010
5048	1.5483e-010
5049	1.3927e-010
5050	1.3838e-010
5051	1.3158e-010
5052	1.2589e-010
5053	1.2232e-010
5054	1.1787e-010
5055	1.1554e-010
5056	1.2555e-010
5057	1.3444e-010
5058	1.2032e-010
5059	1.0908e-010
5060	1.037e-010
5061	1.0817e-010
5062	1.0825e-010
5063	1.2949e-010
5064	1.5227e-010
5065	1.6149e-010
5066	3.3437e-010
5067	5.8179e-010
5068	4.6351e-010
5069	8.385e-010
5070	7.8054e-010
5071	1.2618e-010
5072	1.0093e-010
5073	8.5783e-011
5074	8.1519e-011
5075	8.8759e-011
5076	8.7534e-011
5077	8.9126e-011
5078	9.3066e-011
5079	9.5111e-011
5080	9.6368e-011
5081	9.82e-011
5082	1.0069e-010
5083	1.0345e-010
5084	1.0654e-010
5085	1.0813e-010
5086	1.1017e-010
5087	1.1256e-010
5088	1.1523e-010
5089	1.1776e-010
5090	1.2049e-010
5091	1.2355e-010
5092	1.2601e-010
5093	1.2943e-010
5094	1.3185e-010
5095	1.3534e-010
5096	1.3779e-010
5097	1.4064e-010
5098	1.4531e-010
5099	1.4743e-010
5100	1.5256e-010
5101	1.5429e-010
5102	1.5779e-010
5103	1.6252e-010
5104	1.6481e-010
5105	1.6904e-010
5106	1.735e-010
5107	1.7619e-010
5108	1.8069e-010
5109	1.8619e-010
5110	1.8903e-010
5111	1.9242e-010
5112	1.9784e-010
5113	2.0247e-010
5114	2.0711e-010
5115	2.109e-010
5116	2.1534e-010
5117	2.2091e-010
5118	2.2596e-010
5119	2.313e-010
5120	2.3617e-010
5121	2.4165e-010
5122	2.4694e-010
5123	2.5247e-010
5124	2.5821e-010
5125	2.6395e-010
5126	2.703e-010
5127	2.7633e-010
5128	2.8303e-010
5129	2.8956e-010
5130	2.9569e-010
5131	3.0121e-010
5132	3.0954e-010
5133	3.1803e-010
5134	3.2482e-010
5135	3.3131e-010
5136	3.3231e-010
5137	3.2636e-010
5138	3.2069e-010
5139	3.1217e-010
5140	3.0316e-010
5141	2.9895e-010
5142	2.9405e-010
5143	2.8797e-010
5144	2.8053e-010
5145	2.7502e-010
5146	2.6835e-010
5147	2.6277e-010
5148	2.575e-010
5149	2.5224e-010
5150	2.4921e-010
5151	2.4187e-010
5152	2.4063e-010
5153	2.3598e-010
5154	2.3087e-010
5155	2.2106e-010
5156	2.2139e-010
5157	2.2793e-010
5158	2.2566e-010
5159	2.2141e-010
5160	2.0059e-010
5161	2.1229e-010
5162	2.2333e-010
5163	2.0194e-010
5164	1.9231e-010
5165	1.9737e-010
5166	1.8312e-010
5167	1.8584e-010
5168	1.963e-010
5169	1.7202e-010
5170	1.8351e-010
5171	2.1226e-010
5172	1.8145e-010
5173	1.8015e-010
5174	1.5898e-010
5175	1.4852e-010
5176	1.4963e-010
5177	1.618e-010
5178	1.5491e-010
5179	1.3932e-010
5180	1.3845e-010
5181	1.3163e-010
5182	1.2597e-010
5183	1.2244e-010
5184	1.1796e-010
5185	1.1565e-010
5186	1.2559e-010
5187	1.3448e-010
5188	1.2036e-010
5189	1.0913e-010
5190	1.0376e-010
5191	1.0822e-010
5192	1.0835e-010
5193	1.2955e-010
5194	1.5229e-010
5195	1.6154e-010
5196	3.3442e-010
5197	5.8182e-010
5198	4.6354e-010
5199	8.3862e-010
5200	7.8069e-010
5201	1.6811e-010
5202	1.4121e-010
5203	1.1963e-010
5204	1.0666e-010
5205	1.0339e-010
5206	1.0728e-010
5207	1.1063e-010
5208	1.1324e-010
5209	1.1409e-010
5210	1.1916e-010
5211	1.2098e-010
5212	1.2215e-010
5213	1.2806e-010
5214	1.2733e-010
5215	1.3361e-010
5216	1.3426e-010
5217	1.3795e-010
5218	1.4087e-010
5219	1.4313e-010
5220	1.4799e-010
5221	1.491e-010
5222	1.5525e-010
5223	1.56e-010
5224	1.6212e-010
5225	1.6362e-010
5226	1.6833e-010
5227	1.7334e-010
5228	1.7383e-010
5229	1.83e-010
5230	1.8144e-010
5231	1.9034e-010
5232	1.931e-010
5233	1.9472e-010
5234	2.0333e-010
5235	2.0527e-010
5236	2.0875e-010
5237	2.1701e-010
5238	2.2126e-010
5239	2.2215e-010
5240	2.3126e-010
5241	2.3653e-010
5242	2.4075e-010
5243	2.4383e-010
5244	2.5103e-010
5245	2.5753e-010
5246	2.6365e-010
5247	2.6899e-010
5248	2.7484e-010
5249	2.8096e-010
5250	2.8625e-010
5251	2.9375e-010
5252	3.0068e-010
5253	3.0764e-010
5254	3.1458e-010
5255	3.2175e-010
5256	3.2908e-010
5257	3.3554e-010
5258	3.4349e-010
5259	3.5185e-010
5260	3.6048e-010
5261	3.7103e-010
5262	3.7937e-010
5263	3.8329e-010
5264	3.9052e-010
5265	4.0948e-010
5266	4.1042e-010
5267	3.9181e-010
5268	3.85e-010
5269	3.8354e-010
5270	3.7628e-010
5271	3.6626e-010
5272	3.5805e-010
5273	3.4921e-010
5274	3.4015e-010
5275	3.359e-010
5276	3.293e-010
5277	3.2294e-010
5278	3.1646e-010
5279	3.1036e-010
5280	3.0277e-010
5281	2.9411e-010
5282	2.9072e-010
5283	2.8701e-010
5284	2.8338e-010
5285	2.8119e-010
5286	2.7919e-010
5287	2.7406e-010
5288	2.5538e-010
5289	2.6875e-010
5290	2.6424e-010
5291	2.6584e-010
5292	2.4052e-010
5293	2.5322e-010
5294	2.5623e-010
5295	2.2139e-010
5296	2.2083e-010
5297	2.5029e-010
5298	2.11e-010
5299	2.1997e-010
5300	2.4369e-010
5301	2.158e-010
5302	2.4745e-010
5303	1.9243e-010
5304	2.1101e-010
5305	1.858e-010
5306	1.7616e-010
5307	2.0784e-010
5308	1.7977e-010
5309	1.8186e-010
5310	1.6072e-010
5311	1.7068e-010
5312	1.5237e-010
5313	1.5493e-010
5314	1.4944e-010
5315	1.4331e-010
5316	1.6142e-010
5317	1.4854e-010
5318	1.5692e-010
5319	1.3115e-010
5320	1.3797e-010
5321	1.3378e-010
5322	1.3235e-010
5323	1.8181e-010
5324	1.534e-010
5325	1.778e-010
5326	3.8707e-010
5327	5.5158e-010
5328	4.1351e-010
5329	9.6736e-010
5330	6.9289e-010
5331	1.2618e-010
5332	1.0093e-010
5333	8.5783e-011
5334	8.1519e-011
5335	8.8759e-011
5336	8.7534e-011
5337	8.9126e-011
5338	9.3066e-011
5339	9.511e-011
5340	9.6366e-011
5341	9.82e-011
5342	1.0067e-010
5343	1.0346e-010
5344	1.0654e-010
5345	1.0813e-010
5346	1.1017e-010
5347	1.1256e-010
5348	1.1523e-010
5349	1.1776e-010
5350	1.2049e-010
5351	1.2355e-010
5352	1.2601e-010
5353	1.2943e-010
5354	1.3185e-010
5355	1.3535e-010
5356	1.3779e-010
5357	1.4064e-010
5358	1.4531e-010
5359	1.4743e-010
5360	1.5256e-010
5361	1.5429e-010
5362	1.5779e-010
5363	1.6252e-010
5364	1.648e-010
5365	1.6903e-010
5366	1.735e-010
5367	1.7616e-010
5368	1.8089e-010
5369	1.8602e-010
5370	1.8924e-010
5371	1.9239e-010
5372	1.9797e-010
5373	2.0246e-010
5374	2.0711e-010
5375	2.109e-010
5376	2.1534e-010
5377	2.2092e-010
5378	2.2597e-010
5379	2.313e-010
5380	2.3617e-010
5381	2.4165e-010
5382	2.4694e-010
5383	2.5246e-010
5384	2.5821e-010
5385	2.6395e-010
5386	2.703e-010
5387	2.7633e-010
5388	2.8303e-010
5389	2.8956e-010
5390	2.9569e-010
5391	3.0121e-010
5392	3.0954e-010
5393	3.1803e-010
5394	3.2482e-010
5395	3.313e-010
5396	3.3231e-010
5397	3.2631e-010
5398	3.2069e-010
5399	3.1225e-010
5400	3.0315e-010
5401	2.9898e-010
5402	2.941e-010
5403	2.88e-010
5404	2.8052e-010
5405	2.7502e-010
5406	2.6835e-010
5407	2.6277e-010
5408	2.5751e-010
5409	2.5235e-010
5410	2.483e-010
5411	2.4278e-010
5412	2.3979e-010
5413	2.3613e-010
5414	2.308e-010
5415	2.2109e-010
5416	2.2141e-010
5417	2.2793e-010
5418	2.2565e-010
5419	2.2139e-010
5420	2.006e-010
5421	2.1232e-010
5422	2.2332e-010
5423	2.0195e-010
5424	1.9229e-010
5425	1.9737e-010
5426	1.8312e-010
5427	1.8584e-010
5428	1.963e-010
5429	1.7202e-010
5430	1.8351e-010
5431	2.1226e-010
5432	1.8145e-010
5433	1.8015e-010
5434	1.5898e-010
5435	1.4852e-010
5436	1.4963e-010
5437	1.618e-010
5438	1.5491e-010
5439	1.3932e-010
5440	1.3845e-010
5441	1.3163e-010
5442	1.2597e-010
5443	1.2244e-010
5444	1.1796e-010
5445	1.1565e-010
5446	1.2559e-010
5447	1.3449e-010
5448	1.2036e-010
5449	1.0913e-010
5450	1.0376e-010
5451	1.0822e-010
5452	1.0835e-010
5453	1.2955e-010
5454	1.5229e-010
5455	1.6154e-010
5456	3.3442e-010
5457	5.8182e-010
5458	4.6354e-010
5459	8.3862e-010
5460	7.8068e-010
5461	1.263e-010
5462	1.0108e-010
5463	8.5912e-011
5464	8.1616e-011
5465	8.8807e-011
5466	8.7504e-011
5467	8.9101e-011
5468	9.3067e-011
5469	9.5124e-011
5470	9.6421e-011
5471	9.8282e-011
5472	1.0077e-010
5473	1.0351e-010
5474	1.0655e-010
5475	1.0812e-010
5476	1.1014e-010
5477	1.1261e-010
5478	1.1534e-010
5479	1.1793e-010
5480	1.2063e-010
5481	1.2366e-010
5482	1.2609e-010
5483	1.2944e-010
5484	1.3188e-010
5485	1.3539e-010
5486	1.3796e-010
5487	1.4088e-010
5488	1.4541e-010
5489	1.4753e-010
5490	1.526e-010
5491	1.5435e-010
5492	1.5776e-010
5493	1.6254e-010
5494	1.6481e-010
5495	1.6912e-010
5496	1.7355e-010
5497	1.7609e-010
5498	1.8085e-010
5499	1.861e-010
5500	1.8937e-010
5501	1.925e-010
5502	1.9806e-010
5503	2.0259e-010
5504	2.0727e-010
5505	2.1102e-010
5506	2.1535e-010
5507	2.2078e-010
5508	2.2601e-010
5509	2.3129e-010
5510	2.3622e-010
5511	2.4187e-010
5512	2.4689e-010
5513	2.5259e-010
5514	2.5818e-010
5515	2.639e-010
5516	2.7045e-010
5517	2.7642e-010
5518	2.8316e-010
5519	2.8965e-010
5520	2.9566e-010
5521	3.0122e-010
5522	3.0948e-010
5523	3.1792e-010
5524	3.2476e-010
5525	3.3123e-010
5526	3.3209e-010
5527	3.2657e-010
5528	3.2081e-010
5529	3.124e-010
5530	3.0325e-010
5531	2.9905e-010
5532	2.941e-010
5533	2.8804e-010
5534	2.806e-010
5535	2.7516e-010
5536	2.6831e-010
5537	2.6286e-010
5538	2.5751e-010
5539	2.5246e-010
5540	2.4836e-010
5541	2.4296e-010
5542	2.3996e-010
5543	2.3617e-010
5544	2.3077e-010
5545	2.2115e-010
5546	2.2138e-010
5547	2.2786e-010
5548	2.2577e-010
5549	2.2148e-010
5550	2.0061e-010
5551	2.1232e-010
5552	2.233e-010
5553	2.0191e-010
5554	1.9232e-010
5555	1.9741e-010
5556	1.831e-010
5557	1.8585e-010
5558	1.9625e-010
5559	1.7192e-010
5560	1.8337e-010
5561	2.1211e-010
5562	1.8128e-010
5563	1.8001e-010
5564	1.5881e-010
5565	1.484e-010
5566	1.4949e-010
5567	1.6168e-010
5568	1.5482e-010
5569	1.3927e-010
5570	1.3838e-010
5571	1.3158e-010
5572	1.2589e-010
5573	1.2232e-010
5574	1.1787e-010
5575	1.1554e-010
5576	1.2555e-010
5577	1.3444e-010
5578	1.2032e-010
5579	1.0908e-010
5580	1.0371e-010
5581	1.0817e-010
5582	1.0825e-010
5583	1.2949e-010
5584	1.5227e-010
5585	1.6147e-010
5586	3.3437e-010
5587	5.8179e-010
5588	4.6351e-010
5589	8.385e-010
5590	7.8054e-010
5591	1.683e-010
5592	1.4144e-010
5593	1.1982e-010
5594	1.0685e-010
5595	1.0352e-010
5596	1.0735e-010
5597	1.1057e-010
5598	1.1328e-010
5599	1.1408e-010
5600	1.1926e-010
5601	1.2112e-010
5602	1.2231e-010
5603	1.2814e-010
5604	1.2727e-010
5605	1.3355e-010
5606	1.3424e-010
5607	1.3799e-010
5608	1.4104e-010
5609	1.4333e-010
5610	1.4817e-010
5611	1.4927e-010
5612	1.5545e-010
5613	1.5615e-010
5614	1.6229e-010
5615	1.6384e-010
5616	1.6868e-010
5617	1.7369e-010
5618	1.74e-010
5619	1.8309e-010
5620	1.8154e-010
5621	1.9059e-010
5622	1.9332e-010
5623	1.9479e-010
5624	2.0357e-010
5625	2.0528e-010
5626	2.0876e-010
5627	2.1695e-010
5628	2.2108e-010
5629	2.2224e-010
5630	2.3139e-010
5631	2.3688e-010
5632	2.4102e-010
5633	2.4417e-010
5634	2.5128e-010
5635	2.5786e-010
5636	2.6373e-010
5637	2.6883e-010
5638	2.7478e-010
5639	2.8101e-010
5640	2.8657e-010
5641	2.9395e-010
5642	3.0097e-010
5643	3.0759e-010
5644	3.1452e-010
5645	3.2175e-010
5646	3.2904e-010
5647	3.3551e-010
5648	3.4368e-010
5649	3.5174e-010
5650	3.6036e-010
5651	3.7087e-010
5652	3.7924e-010
5653	3.8328e-010
5654	3.9042e-010
5655	4.0888e-010
5656	4.1014e-010
5657	3.9184e-010
5658	3.8503e-010
5659	3.8364e-010
5660	3.7676e-010
5661	3.6639e-010
5662	3.5802e-010
5663	3.4935e-010
5664	3.4059e-010
5665	3.3587e-010
5666	3.2938e-010
5667	3.227e-010
5668	3.1636e-010
5669	3.1024e-010
5670	3.0308e-010
5671	2.9367e-010
5672	2.9127e-010
5673	2.8702e-010
5674	2.8329e-010
5675	2.8124e-010
5676	2.7914e-010
5677	2.7398e-010
5678	2.5534e-010
5679	2.6894e-010
5680	2.6438e-010
5681	2.6579e-010
5682	2.4034e-010
5683	2.5307e-010
5684	2.5621e-010
5685	2.2151e-010
5686	2.2082e-010
5687	2.5017e-010
5688	2.1095e-010
5689	2.1983e-010
5690	2.435e-010
5691	2.1546e-010
5692	2.4725e-010
5693	1.9218e-010
5694	2.1071e-010
5695	1.855e-010
5696	1.7582e-010
5697	2.0752e-010
5698	1.7948e-010
5699	1.8172e-010
5700	1.6055e-010
5701	1.7057e-010
5702	1.5217e-010
5703	1.547e-010
5704	1.4912e-010
5705	1.4306e-010
5706	1.6133e-010
5707	1.4846e-010
5708	1.5686e-010
5709	1.3111e-010
5710	1.3793e-010
5711	1.3373e-010
5712	1.3236e-010
5713	1.8177e-010
5714	1.5343e-010
5715	1.778e-010
5716	3.8699e-010
5717	5.5155e-010
5718	4.1329e-010
5719	9.6721e-010
5720	6.9272e-010
5721	1.2638e-010
5722	1.0111e-010
5723	8.594e-011
5724	8.1651e-011
5725	8.8829e-011
5726	8.7518e-011
5727	8.91e-011
5728	9.3033e-011
5729	9.5112e-011
5730	9.6407e-011
5731	9.8323e-011
5732	1.0084e-010
5733	1.0351e-010
5734	1.065e-010
5735	1.0809e-010
5736	1.1011e-010
5737	1.1255e-010
5738	1.153e-010
5739	1.1787e-010
5740	1.206e-010
5741	1.2363e-010
5742	1.2607e-010
5743	1.2944e-010
5744	1.3186e-010
5745	1.3539e-010
5746	1.3799e-010
5747	1.4088e-010
5748	1.4539e-010
5749	1.4751e-010
5750	1.5261e-010
5751	1.5442e-010
5752	1.5786e-010
5753	1.6261e-010
5754	1.6482e-010
5755	1.6903e-010
5756	1.7346e-010
5757	1.7607e-010
5758	1.8084e-010
5759	1.8607e-010
5760	1.8928e-010
5761	1.9254e-010
5762	1.9806e-010
5763	2.0265e-010
5764	2.0728e-010
5765	2.1103e-010
5766	2.154e-010
5767	2.2082e-010
5768	2.26e-010
5769	2.3132e-010
5770	2.3626e-010
5771	2.4182e-010
5772	2.4682e-010
5773	2.5237e-010
5774	2.5808e-010
5775	2.6392e-010
5776	2.7041e-010
5777	2.7638e-010
5778	2.8313e-010
5779	2.8963e-010
5780	2.9576e-010
5781	3.0125e-010
5782	3.0965e-010
5783	3.1813e-010
5784	3.2497e-010
5785	3.3114e-010
5786	3.3213e-010
5787	3.2652e-010
5788	3.208e-010
5789	3.1235e-010
5790	3.0313e-010
5791	2.9913e-010
5792	2.9419e-010
5793	2.8791e-010
5794	2.8077e-010
5795	2.7517e-010
5796	2.684e-010
5797	2.6277e-010
5798	2.5746e-010
5799	2.525e-010
5800	2.4827e-010
5801	2.4298e-010
5802	2.3982e-010
5803	2.3605e-010
5804	2.3079e-010
5805	2.2104e-010
5806	2.2138e-010
5807	2.2792e-010
5808	2.256e-010
5809	2.2145e-010
5810	2.0057e-010
5811	2.1228e-010
5812	2.2328e-010
5813	2.0192e-010
5814	1.923e-010
5815	1.974e-010
5816	1.831e-010
5817	1.8578e-010
5818	1.9619e-010
5819	1.7191e-010
5820	1.8339e-010
5821	2.1209e-010
5822	1.813e-010
5823	1.7999e-010
5824	1.5878e-010
5825	1.4832e-010
5826	1.4946e-010
5827	1.6163e-010
5828	1.5476e-010
5829	1.392e-010
5830	1.3837e-010
5831	1.3156e-010
5832	1.2587e-010
5833	1.2232e-010
5834	1.1788e-010
5835	1.1555e-010
5836	1.2555e-010
5837	1.3444e-010
5838	1.2036e-010
5839	1.091e-010
5840	1.0373e-010
5841	1.0818e-010
5842	1.0831e-010
5843	1.2951e-010
5844	1.5226e-010
5845	1.6152e-010
5846	3.3439e-010
5847	5.8173e-010
5848	4.635e-010
5849	8.3856e-010
5850	7.8067e-010
5851	1.2638e-010
5852	1.0111e-010
5853	8.594e-011
5854	8.1651e-011
5855	8.8829e-011
5856	8.7518e-011
5857	8.91e-011
5858	9.3033e-011
5859	9.5112e-011
5860	9.6407e-011
5861	9.8323e-011
5862	1.0084e-010
5863	1.0351e-010
5864	1.065e-010
5865	1.0809e-010
5866	1.1011e-010
5867	1.1255e-010
5868	1.153e-010
5869	1.1787e-010
5870	1.206e-010
5871	1.2363e-010
5872	1.2607e-010
5873	1.2944e-010
5874	1.3186e-010
5875	1.3539e-010
5876	1.3799e-010
5877	1.4088e-010
5878	1.4539e-010
5879	1.4751e-010
5880	1.5261e-010
5881	1.5442e-010
5882	1.5787e-010
5883	1.6261e-010
5884	1.6482e-010
5885	1.6903e-010
5886	1.7346e-010
5887	1.761e-010
5888	1.8084e-010
5889	1.8607e-010
5890	1.8929e-010
5891	1.9252e-010
5892	1.9805e-010
5893	2.0265e-010
5894	2.0728e-010
5895	2.1103e-010
5896	2.1539e-010
5897	2.2083e-010
5898	2.26e-010
5899	2.3131e-010
5900	2.3626e-010
5901	2.4183e-010
5902	2.4682e-010
5903	2.5237e-010
5904	2.5808e-010
5905	2.6392e-010
5906	2.7041e-010
5907	2.7638e-010
5908	2.8313e-010
5909	2.8963e-010
5910	2.9576e-010
5911	3.0125e-010
5912	3.0966e-010
5913	3.1803e-010
5914	3.2499e-010
5915	3.3119e-010
5916	3.3218e-010
5917	3.2654e-010
5918	3.2081e-010
5919	3.1236e-010
5920	3.0312e-010
5921	2.9906e-010
5922	2.9417e-010
5923	2.8792e-010
5924	2.8077e-010
5925	2.7517e-010
5926	2.684e-010
5927	2.6276e-010
5928	2.5742e-010
5929	2.525e-010
5930	2.4837e-010
5931	2.43e-010
5932	2.3984e-010
5933	2.3609e-010
5934	2.3076e-010
5935	2.211e-010
5936	2.2128e-010
5937	2.2832e-010
5938	2.2515e-010
5939	2.2179e-010
5940	2.0049e-010
5941	2.123e-010
5942	2.2328e-010
5943	2.0194e-010
5944	1.9228e-010
5945	1.974e-010
5946	1.831e-010
5947	1.8579e-010
5948	1.9619e-010
5949	1.7191e-010
5950	1.8339e-010
5951	2.1209e-010
5952	1.813e-010
5953	1.7999e-010
5954	1.5878e-010
5955	1.4832e-010
5956	1.4946e-010
5957	1.6163e-010
5958	1.5476e-010
5959	1.392e-010
5960	1.3837e-010
5961	1.3156e-010
5962	1.2587e-010
5963	1.2232e-010
5964	1.1788e-010
5965	1.1555e-010
5966	1.2555e-010
5967	1.3444e-010
5968	1.2036e-010
5969	1.091e-010
5970	1.0373e-010
5971	1.0818e-010
5972	1.0831e-010
5973	1.2951e-010
5974	1.5226e-010
5975	1.6152e-010
5976	3.3439e-010
5977	5.8173e-010
5978	4.635e-010
5979	8.3856e-010
5980	7.8067e-010
5981	1.683e-010
5982	1.4144e-010
5983	1.1982e-010
5984	1.0685e-010
5985	1.0352e-010
5986	1.0735e-010
5987	1.1057e-010
5988	1.1328e-010
5989	1.1408e-010
5990	1.1926e-010
5991	1.2112e-010
5992	1.223e-010
5993	1.2813e-010
5994	1.2727e-010
5995	1.3355e-010
5996	1.3423e-010
5997	1.3799e-010
5998	1.4104e-010
5999	1.4333e-010
6000	1.4817e-010
6001	1.4927e-010
6002	1.5545e-010
6003	1.5615e-010
6004	1.6229e-010
6005	1.6384e-010
6006	1.6868e-010
6007	1.7369e-010
6008	1.74e-010
6009	1.8309e-010
6010	1.8153e-010
6011	1.9058e-010
6012	1.9332e-010
6013	1.9479e-010
6014	2.0357e-010
6015	2.0529e-010
6016	2.0872e-010
6017	2.1696e-010
6018	2.211e-010
6019	2.2222e-010
6020	2.3138e-010
6021	2.3691e-010
6022	2.4104e-010
6023	2.4412e-010
6024	2.5128e-010
6025	2.5783e-010
6026	2.6365e-010
6027	2.6883e-010
6028	2.7479e-010
6029	2.8103e-010
6030	2.8651e-010
6031	2.9396e-010
6032	3.0096e-010
6033	3.0758e-010
6034	3.1452e-010
6035	3.2175e-010
6036	3.2904e-010
6037	3.3552e-010
6038	3.4361e-010
6039	3.5173e-010
6040	3.6036e-010
6041	3.7087e-010
6042	3.7921e-010
6043	3.8324e-010
6044	3.9038e-010
6045	4.0893e-010
6046	4.1012e-010
6047	3.9183e-010
6048	3.8512e-010
6049	3.8376e-010
6050	3.7675e-010
6051	3.6647e-010
6052	3.5796e-010
6053	3.4934e-010
6054	3.406e-010
6055	3.3586e-010
6056	3.2939e-010
6057	3.2275e-010
6058	3.164e-010
6059	3.1025e-010
6060	3.0314e-010
6061	2.9376e-010
6062	2.9125e-010
6063	2.8705e-010
6064	2.8331e-010
6065	2.8116e-010
6066	2.7934e-010
6067	2.7395e-010
6068	2.5492e-010
6069	2.6877e-010
6070	2.6455e-010
6071	2.6577e-010
6072	2.4035e-010
6073	2.5308e-010
6074	2.5623e-010
6075	2.2149e-010
6076	2.2086e-010
6077	2.5016e-010
6078	2.1095e-010
6079	2.1983e-010
6080	2.435e-010
6081	2.1546e-010
6082	2.4725e-010
6083	1.9218e-010
6084	2.1071e-010
6085	1.855e-010
6086	1.7582e-010
6087	2.0752e-010
6088	1.7948e-010
6089	1.8172e-010
6090	1.6055e-010
6091	1.7057e-010
6092	1.5217e-010
6093	1.547e-010
6094	1.4912e-010
6095	1.4306e-010
6096	1.6133e-010
6097	1.4845e-010
6098	1.5686e-010
6099	1.311e-010
6100	1.3793e-010
6101	1.3373e-010
6102	1.3236e-010
6103	1.8177e-010
6104	1.5343e-010
6105	1.778e-010
6106	3.8699e-010
6107	5.5155e-010
6108	4.1328e-010
6109	9.672e-010
6110	6.9272e-010
6111	1.263e-010
6112	1.0108e-010
6113	8.5912e-011
6114	8.1616e-011
6115	8.8807e-011
6116	8.7504e-011
6117	8.9101e-011
6118	9.3067e-011
6119	9.5124e-011
6120	9.642e-011
6121	9.8281e-011
6122	1.0077e-010
6123	1.0351e-010
6124	1.0655e-010
6125	1.0812e-010
6126	1.1014e-010
6127	1.1261e-010
6128	1.1534e-010
6129	1.1793e-010
6130	1.2063e-010
6131	1.2366e-010
6132	1.2609e-010
6133	1.2944e-010
6134	1.3188e-010
6135	1.3539e-010
6136	1.3796e-010
6137	1.4088e-010
6138	1.4541e-010
6139	1.4754e-010
6140	1.5261e-010
6141	1.5435e-010
6142	1.5776e-010
6143	1.6255e-010
6144	1.6481e-010
6145	1.6911e-010
6146	1.7354e-010
6147	1.7608e-010
6148	1.8088e-010
6149	1.8607e-010
6150	1.8933e-010
6151	1.9246e-010
6152	1.9803e-010
6153	2.0259e-010
6154	2.0728e-010
6155	2.1103e-010
6156	2.1534e-010
6157	2.2078e-010
6158	2.2601e-010
6159	2.3129e-010
6160	2.3622e-010
6161	2.4187e-010
6162	2.469e-010
6163	2.5254e-010
6164	2.5818e-010
6165	2.639e-010
6166	2.7045e-010
6167	2.7641e-010
6168	2.8314e-010
6169	2.8966e-010
6170	2.9566e-010
6171	3.0122e-010
6172	3.0949e-010
6173	3.179e-010
6174	3.2481e-010
6175	3.3131e-010
6176	3.3213e-010
6177	3.2665e-010
6178	3.2091e-010
6179	3.1234e-010
6180	3.0311e-010
6181	2.9898e-010
6182	2.941e-010
6183	2.8801e-010
6184	2.8059e-010
6185	2.7516e-010
6186	2.683e-010
6187	2.6287e-010
6188	2.5752e-010
6189	2.5237e-010
6190	2.4863e-010
6191	2.4281e-010
6192	2.4019e-010
6193	2.3604e-010
6194	2.3077e-010
6195	2.2112e-010
6196	2.2126e-010
6197	2.2837e-010
6198	2.2513e-010
6199	2.2186e-010
6200	2.0051e-010
6201	2.1238e-010
6202	2.2331e-010
6203	2.0195e-010
6204	1.9232e-010
6205	1.9738e-010
6206	1.831e-010
6207	1.8585e-010
6208	1.9625e-010
6209	1.7192e-010
6210	1.8337e-010
6211	2.1211e-010
6212	1.8127e-010
6213	1.8001e-010
6214	1.5881e-010
6215	1.484e-010
6216	1.4949e-010
6217	1.6168e-010
6218	1.5482e-010
6219	1.3927e-010
6220	1.3838e-010
6221	1.3158e-010
6222	1.259e-010
6223	1.2232e-010
6224	1.1787e-010
6225	1.1554e-010
6226	1.2555e-010
6227	1.3445e-010
6228	1.2033e-010
6229	1.0908e-010
6230	1.0371e-010
6231	1.0817e-010
6232	1.0825e-010
6233	1.2948e-010
6234	1.5227e-010
6235	1.6147e-010
6236	3.3437e-010
6237	5.8177e-010
6238	4.6352e-010
6239	8.385e-010
6240	7.8054e-010
6241	1.2618e-010
6242	1.0093e-010
6243	8.5783e-011
6244	8.1519e-011
6245	8.8759e-011
6246	8.7534e-011
6247	8.9126e-011
6248	9.3066e-011
6249	9.511e-011
6250	9.6366e-011
6251	9.8199e-011
6252	1.0067e-010
6253	1.0345e-010
6254	1.0653e-010
6255	1.0814e-010
6256	1.1017e-010
6257	1.1256e-010
6258	1.1521e-010
6259	1.1776e-010
6260	1.2049e-010
6261	1.2355e-010
6262	1.2602e-010
6263	1.2944e-010
6264	1.3185e-010
6265	1.3535e-010
6266	1.378e-010
6267	1.4065e-010
6268	1.4531e-010
6269	1.4743e-010
6270	1.5256e-010
6271	1.5429e-010
6272	1.5779e-010
6273	1.6252e-010
6274	1.648e-010
6275	1.6904e-010
6276	1.7349e-010
6277	1.7619e-010
6278	1.8086e-010
6279	1.8603e-010
6280	1.8917e-010
6281	1.9234e-010
6282	1.9788e-010
6283	2.025e-010
6284	2.0713e-010
6285	2.1092e-010
6286	2.1534e-010
6287	2.2095e-010
6288	2.2598e-010
6289	2.313e-010
6290	2.3617e-010
6291	2.4165e-010
6292	2.4694e-010
6293	2.5246e-010
6294	2.5821e-010
6295	2.6395e-010
6296	2.703e-010
6297	2.7633e-010
6298	2.8302e-010
6299	2.8962e-010
6300	2.9569e-010
6301	3.0122e-010
6302	3.0956e-010
6303	3.1799e-010
6304	3.2487e-010
6305	3.3132e-010
6306	3.3235e-010
6307	3.2645e-010
6308	3.2075e-010
6309	3.1224e-010
6310	3.0309e-010
6311	2.989e-010
6312	2.9404e-010
6313	2.8801e-010
6314	2.8052e-010
6315	2.7502e-010
6316	2.6833e-010
6317	2.6276e-010
6318	2.5743e-010
6319	2.5242e-010
6320	2.4824e-010
6321	2.4347e-010
6322	2.397e-010
6323	2.3613e-010
6324	2.3078e-010
6325	2.2112e-010
6326	2.2124e-010
6327	2.2837e-010
6328	2.2508e-010
6329	2.2173e-010
6330	2.0046e-010
6331	2.1235e-010
6332	2.2331e-010
6333	2.0198e-010
6334	1.9232e-010
6335	1.9741e-010
6336	1.8312e-010
6337	1.8586e-010
6338	1.9631e-010
6339	1.7203e-010
6340	1.8351e-010
6341	2.1226e-010
6342	1.8145e-010
6343	1.8015e-010
6344	1.5898e-010
6345	1.4852e-010
6346	1.4963e-010
6347	1.618e-010
6348	1.5491e-010
6349	1.3932e-010
6350	1.3845e-010
6351	1.3163e-010
6352	1.2597e-010
6353	1.2242e-010
6354	1.1796e-010
6355	1.1565e-010
6356	1.2559e-010
6357	1.3449e-010
6358	1.2036e-010
6359	1.0913e-010
6360	1.0376e-010
6361	1.0822e-010
6362	1.0835e-010
6363	1.2956e-010
6364	1.523e-010
6365	1.6154e-010
6366	3.3442e-010
6367	5.8182e-010
6368	4.6354e-010
6369	8.3862e-010
6370	7.8068e-010
6371	1.6811e-010
6372	1.4121e-010
6373	1.1963e-010
6374	1.0666e-010
6375	1.0339e-010
6376	1.0728e-010
6377	1.1063e-010
6378	1.1324e-010
6379	1.1409e-010
6380	1.1916e-010
6381	1.2098e-010
6382	1.2215e-010
6383	1.2805e-010
6384	1.2732e-010
6385	1.3361e-010
6386	1.3426e-010
6387	1.3795e-010
6388	1.4087e-010
6389	1.4312e-010
6390	1.4799e-010
6391	1.4916e-010
6392	1.5524e-010
6393	1.5599e-010
6394	1.6218e-010
6395	1.6361e-010
6396	1.6832e-010
6397	1.7339e-010
6398	1.7383e-010
6399	1.83e-010
6400	1.8144e-010
6401	1.9034e-010
6402	1.9308e-010
6403	1.9476e-010
6404	2.0336e-010
6405	2.0527e-010
6406	2.0876e-010
6407	2.1703e-010
6408	2.2121e-010
6409	2.2216e-010
6410	2.3131e-010
6411	2.3654e-010
6412	2.4079e-010
6413	2.4386e-010
6414	2.5103e-010
6415	2.5754e-010
6416	2.6367e-010
6417	2.6896e-010
6418	2.7489e-010
6419	2.8097e-010
6420	2.8625e-010
6421	2.9375e-010
6422	3.0068e-010
6423	3.0763e-010
6424	3.1457e-010
6425	3.2175e-010
6426	3.2908e-010
6427	3.3554e-010
6428	3.435e-010
6429	3.5186e-010
6430	3.6048e-010
6431	3.71e-010
6432	3.7944e-010
6433	3.8324e-010
6434	3.9048e-010
6435	4.0941e-010
6436	4.1035e-010
6437	3.9184e-010
6438	3.8493e-010
6439	3.8355e-010
6440	3.7658e-010
6441	3.6623e-010
6442	3.5787e-010
6443	3.4918e-010
6444	3.4016e-010
6445	3.359e-010
6446	3.2935e-010
6447	3.2292e-010
6448	3.1641e-010
6449	3.1027e-010
6450	3.0391e-010
6451	2.9251e-010
6452	2.9189e-010
6453	2.8693e-010
6454	2.8334e-010
6455	2.8118e-010
6456	2.7926e-010
6457	2.74e-010
6458	2.5501e-010
6459	2.6863e-010
6460	2.6433e-010
6461	2.6575e-010
6462	2.4048e-010
6463	2.5322e-010
6464	2.5621e-010
6465	2.2146e-010
6466	2.2087e-010
6467	2.5026e-010
6468	2.1105e-010
6469	2.1996e-010
6470	2.4369e-010
6471	2.158e-010
6472	2.4745e-010
6473	1.9243e-010
6474	2.1101e-010
6475	1.8581e-010
6476	1.7616e-010
6477	2.0784e-010
6478	1.7977e-010
6479	1.8186e-010
6480	1.6072e-010
6481	1.7068e-010
6482	1.5236e-010
6483	1.5492e-010
6484	1.4944e-010
6485	1.4331e-010
6486	1.6142e-010
6487	1.4854e-010
6488	1.5692e-010
6489	1.3115e-010
6490	1.3797e-010
6491	1.3378e-010
6492	1.3235e-010
6493	1.8181e-010
6494	1.5347e-010
6495	1.778e-010
6496	3.8707e-010
6497	5.5158e-010
6498	4.1351e-010
6499	9.6736e-010
6500	6.9289e-010
6501	1.2618e-010
6502	1.0093e-010
6503	8.5783e-011
6504	8.1519e-011
6505	8.8759e-011
6506	8.7534e-011
6507	8.9126e-011
6508	9.3066e-011
6509	9.511e-011
6510	9.6366e-011
6511	9.8199e-011
6512	1.0067e-010
6513	1.0346e-010
6514	1.0653e-010
6515	1.0814e-010
6516	1.1017e-010
6517	1.1256e-010
6518	1.1521e-010
6519	1.1776e-010
6520	1.2049e-010
6521	1.2355e-010
6522	1.2602e-010
6523	1.2944e-010
6524	1.3185e-010
6525	1.3535e-010
6526	1.378e-010
6527	1.4065e-010
6528	1.4531e-010
6529	1.4743e-010
6530	1.5256e-010
6531	1.543e-010
6532	1.5776e-010
6533	1.6253e-010
6534	1.6481e-010
6535	1.6904e-010
6536	1.7349e-010
6537	1.7619e-010
6538	1.807e-010
6539	1.8621e-010
6540	1.89e-010
6541	1.9238e-010
6542	1.9785e-010
6543	2.0249e-010
6544	2.0711e-010
6545	2.1089e-010
6546	2.1533e-010
6547	2.2093e-010
6548	2.2599e-010
6549	2.313e-010
6550	2.3617e-010
6551	2.4165e-010
6552	2.4695e-010
6553	2.5247e-010
6554	2.5821e-010
6555	2.6395e-010
6556	2.703e-010
6557	2.7633e-010
6558	2.8302e-010
6559	2.8962e-010
6560	2.9569e-010
6561	3.0121e-010
6562	3.0958e-010
6563	3.1802e-010
6564	3.2482e-010
6565	3.3136e-010
6566	3.3241e-010
6567	3.2638e-010
6568	3.2068e-010
6569	3.1215e-010
6570	3.0304e-010
6571	2.9896e-010
6572	2.9401e-010
6573	2.8794e-010
6574	2.8052e-010
6575	2.7502e-010
6576	2.6832e-010
6577	2.6277e-010
6578	2.5743e-010
6579	2.5235e-010
6580	2.4869e-010
6581	2.43e-010
6582	2.4013e-010
6583	2.3607e-010
6584	2.3084e-010
6585	2.2104e-010
6586	2.2139e-010
6587	2.2791e-010
6588	2.2554e-010
6589	2.2136e-010
6590	2.0058e-010
6591	2.123e-010
6592	2.2353e-010
6593	2.0194e-010
6594	1.9231e-010
6595	1.974e-010
6596	1.8314e-010
6597	1.8586e-010
6598	1.9631e-010
6599	1.7203e-010
6600	1.8351e-010
6601	2.1226e-010
6602	1.8145e-010
6603	1.8015e-010
6604	1.5898e-010
6605	1.4852e-010
6606	1.4963e-010
6607	1.618e-010
6608	1.5491e-010
6609	1.3932e-010
6610	1.3845e-010
6611	1.3163e-010
6612	1.2598e-010
6613	1.2242e-010
6614	1.1796e-010
6615	1.1565e-010
6616	1.2559e-010
6617	1.3449e-010
6618	1.2036e-010
6619	1.0913e-010
6620	1.0376e-010
6621	1.0822e-010
6622	1.0835e-010
6623	1.2955e-010
6624	1.5229e-010
6625	1.6154e-010
6626	3.3442e-010
6627	5.8182e-010
6628	4.6354e-010
6629	8.3862e-010
6630	7.8068e-010
6631	1.263e-010
6632	1.0108e-010
6633	8.5912e-011
6634	8.1616e-011
6635	8.8807e-011
6636	8.7504e-011
6637	8.9101e-011
6638	9.3067e-011
6639	9.5124e-011
6640	9.642e-011
6641	9.8281e-011
6642	1.0077e-010
6643	1.0351e-010
6644	1.0655e-010
6645	1.0812e-010
6646	1.1014e-010
6647	1.1263e-010
6648	1.1534e-010
6649	1.1793e-010
6650	1.2063e-010
6651	1.2366e-010
6652	1.2609e-010
6653	1.2944e-010
6654	1.3188e-010
6655	1.3539e-010
6656	1.3796e-010
6657	1.4088e-010
6658	1.4541e-010
6659	1.4754e-010
6660	1.5261e-010
6661	1.5435e-010
6662	1.5776e-010
6663	1.6254e-010
6664	1.6481e-010
6665	1.6913e-010
6666	1.7346e-010
6667	1.7616e-010
6668	1.8085e-010
6669	1.8595e-010
6670	1.8928e-010
6671	1.9248e-010
6672	1.9801e-010
6673	2.0259e-010
6674	2.0729e-010
6675	2.1104e-010
6676	2.1535e-010
6677	2.2076e-010
6678	2.2599e-010
6679	2.3129e-010
6680	2.3622e-010
6681	2.4187e-010
6682	2.469e-010
6683	2.5251e-010
6684	2.5819e-010
6685	2.639e-010
6686	2.7045e-010
6687	2.7642e-010
6688	2.8316e-010
6689	2.8965e-010
6690	2.9568e-010
6691	3.0117e-010
6692	3.0953e-010
6693	3.179e-010
6694	3.2477e-010
6695	3.3133e-010
6696	3.3228e-010
6697	3.2652e-010
6698	3.208e-010
6699	3.1228e-010
6700	3.0319e-010
6701	2.9902e-010
6702	2.9408e-010
6703	2.8805e-010
6704	2.8059e-010
6705	2.7515e-010
6706	2.6835e-010
6707	2.6288e-010
6708	2.5753e-010
6709	2.5248e-010
6710	2.4874e-010
6711	2.4312e-010
6712	2.4033e-010
6713	2.3612e-010
6714	2.3073e-010
6715	2.2114e-010
6716	2.2135e-010
6717	2.279e-010
6718	2.2581e-010
6719	2.2152e-010
6720	2.0066e-010
6721	2.1231e-010
6722	2.235e-010
6723	2.0195e-010
6724	1.923e-010
6725	1.9739e-010
6726	1.831e-010
6727	1.8587e-010
6728	1.9626e-010
6729	1.7192e-010
6730	1.8338e-010
6731	2.1211e-010
6732	1.8127e-010
6733	1.8e-010
6734	1.5881e-010
6735	1.484e-010
6736	1.4949e-010
6737	1.6168e-010
6738	1.5482e-010
6739	1.3927e-010
6740	1.3836e-010
6741	1.3158e-010
6742	1.259e-010
6743	1.2232e-010
6744	1.1787e-010
6745	1.1554e-010
6746	1.2555e-010
6747	1.3444e-010
6748	1.2032e-010
6749	1.0908e-010
6750	1.0371e-010
6751	1.0817e-010
6752	1.0825e-010
6753	1.2948e-010
6754	1.5227e-010
6755	1.6147e-010
6756	3.3437e-010
6757	5.8179e-010
6758	4.6351e-010
6759	8.385e-010
6760	7.8054e-010
6761	1.683e-010
6762	1.4144e-010
6763	1.1982e-010
6764	1.0685e-010
6765	1.0352e-010
6766	1.0735e-010
6767	1.1057e-010
6768	1.1328e-010
6769	1.1408e-010
6770	1.1926e-010
6771	1.2112e-010
6772	1.2231e-010
6773	1.2814e-010
6774	1.2727e-010
6775	1.3355e-010
6776	1.3424e-010
6777	1.3799e-010
6778	1.4104e-010
6779	1.4333e-010
6780	1.4817e-010
6781	1.4927e-010
6782	1.5545e-010
6783	1.5615e-010
6784	1.6229e-010
6785	1.6384e-010
6786	1.6868e-010
6787	1.737e-010
6788	1.7401e-010
6789	1.8309e-010
6790	1.8153e-010
6791	1.9058e-010
6792	1.9331e-010
6793	1.9482e-010
6794	2.0355e-010
6795	2.0529e-010
6796	2.0872e-010
6797	2.1695e-010
6798	2.2093e-010
6799	2.2247e-010
6800	2.3116e-010
6801	2.3681e-010
6802	2.4106e-010
6803	2.4413e-010
6804	2.5136e-010
6805	2.5783e-010
6806	2.6373e-010
6807	2.6887e-010
6808	2.7484e-010
6809	2.8098e-010
6810	2.8651e-010
6811	2.9396e-010
6812	3.0096e-010
6813	3.0757e-010
6814	3.1457e-010
6815	3.2182e-010
6816	3.2904e-010
6817	3.3551e-010
6818	3.4367e-010
6819	3.5173e-010
6820	3.6035e-010
6821	3.7086e-010
6822	3.7918e-010
6823	3.832e-010
6824	3.9039e-010
6825	4.0887e-010
6826	4.0996e-010
6827	3.9199e-010
6828	3.851e-010
6829	3.8371e-010
6830	3.7678e-010
6831	3.664e-010
6832	3.5801e-010
6833	3.4939e-010
6834	3.4059e-010
6835	3.3588e-010
6836	3.294e-010
6837	3.2277e-010
6838	3.1644e-010
6839	3.102e-010
6840	3.0392e-010
6841	2.9281e-010
6842	2.9217e-010
6843	2.8695e-010
6844	2.8321e-010
6845	2.8125e-010
6846	2.791e-010
6847	2.7404e-010
6848	2.5535e-010
6849	2.6891e-010
6850	2.6448e-010
6851	2.6578e-010
6852	2.4033e-010
6853	2.5305e-010
6854	2.5617e-010
6855	2.2147e-010
6856	2.2085e-010
6857	2.5018e-010
6858	2.1093e-010
6859	2.1983e-010
6860	2.4349e-010
6861	2.1557e-010
6862	2.4725e-010
6863	1.9218e-010
6864	2.107e-010
6865	1.8549e-010
6866	1.7581e-010
6867	2.0752e-010
6868	1.7948e-010
6869	1.8172e-010
6870	1.6055e-010
6871	1.7056e-010
6872	1.5217e-010
6873	1.547e-010
6874	1.4912e-010
6875	1.4306e-010
6876	1.6133e-010
6877	1.4846e-010
6878	1.5686e-010
6879	1.3111e-010
6880	1.3793e-010
6881	1.3374e-010
6882	1.3233e-010
6883	1.8177e-010
6884	1.5343e-010
6885	1.778e-010
6886	3.8699e-010
6887	5.5155e-010
6888	4.1329e-010
6889	9.6721e-010
6890	6.9272e-010
6891	1.2638e-010
6892	1.0111e-010
6893	8.594e-011
6894	8.1651e-011
6895	8.8829e-011
6896	8.7518e-011
6897	8.91e-011
6898	9.3033e-011
6899	9.5112e-011
6900	9.6408e-011
6901	9.8318e-011
6902	1.0084e-010
6903	1.0351e-010
6904	1.065e-010
6905	1.0809e-010
6906	1.1011e-010
6907	1.1255e-010
6908	1.153e-010
6909	1.1787e-010
6910	1.206e-010
6911	1.2363e-010
6912	1.2607e-010
6913	1.2944e-010
6914	1.3186e-010
6915	1.3539e-010
6916	1.3799e-010
6917	1.4088e-010
6918	1.4539e-010
6919	1.4751e-010
6920	1.5261e-010
6921	1.5442e-010
6922	1.5787e-010
6923	1.6262e-010
6924	1.6483e-010
6925	1.6905e-010
6926	1.7344e-010
6927	1.7611e-010
6928	1.8075e-010
6929	1.859e-010
6930	1.8918e-010
6931	1.9254e-010
6932	1.9809e-010
6933	2.0264e-010
6934	2.0725e-010
6935	2.1105e-010
6936	2.154e-010
6937	2.2083e-010
6938	2.2597e-010
6939	2.313e-010
6940	2.3626e-010
6941	2.4183e-010
6942	2.4682e-010
6943	2.5237e-010
6944	2.5808e-010
6945	2.6392e-010
6946	2.7041e-010
6947	2.7638e-010
6948	2.8314e-010
6949	2.8964e-010
6950	2.9576e-010
6951	3.0124e-010
6952	3.0969e-010
6953	3.1806e-010
6954	3.251e-010
6955	3.3127e-010
6956	3.3215e-010
6957	3.265e-010
6958	3.207e-010
6959	3.1224e-010
6960	3.0314e-010
6961	2.9897e-010
6962	2.9412e-010
6963	2.8796e-010
6964	2.8073e-010
6965	2.7517e-010
6966	2.684e-010
6967	2.6275e-010
6968	2.5743e-010
6969	2.5256e-010
6970	2.4822e-010
6971	2.4355e-010
6972	2.3976e-010
6973	2.3614e-010
6974	2.3071e-010
6975	2.2112e-010
6976	2.2138e-010
6977	2.2795e-010
6978	2.2575e-010
6979	2.2146e-010
6980	2.0055e-010
6981	2.1229e-010
6982	2.2349e-010
6983	2.019e-010
6984	1.9227e-010
6985	1.9739e-010
6986	1.8306e-010
6987	1.858e-010
6988	1.9619e-010
6989	1.7191e-010
6990	1.8339e-010
6991	2.1209e-010
6992	1.813e-010
6993	1.8e-010
6994	1.5879e-010
6995	1.4833e-010
6996	1.4944e-010
6997	1.6163e-010
6998	1.5476e-010
6999	1.392e-010
7000	1.3837e-010
7001	1.3156e-010
7002	1.2587e-010
7003	1.2232e-010
7004	1.1788e-010
7005	1.1555e-010
7006	1.2555e-010
7007	1.3444e-010
7008	1.2036e-010
7009	1.091e-010
7010	1.0373e-010
7011	1.0818e-010
7012	1.0831e-010
7013	1.2951e-010
7014	1.5226e-010
7015	1.6152e-010
7016	3.3439e-010
7017	5.8173e-010
7018	4.635e-010
7019	8.3856e-010
7020	7.8067e-010
7021	1.2639e-010
7022	1.0112e-010
7023	8.5948e-011
7024	8.1649e-011
7025	8.8829e-011
7026	8.7518e-011
7027	8.91e-011
7028	9.3033e-011
7029	9.5113e-011
7030	9.6408e-011
7031	9.8318e-011
7032	1.0084e-010
7033	1.0351e-010
7034	1.065e-010
7035	1.0809e-010
7036	1.1011e-010
7037	1.1255e-010
7038	1.153e-010
7039	1.1789e-010
7040	1.206e-010
7041	1.2363e-010
7042	1.2607e-010
7043	1.2944e-010
7044	1.3186e-010
7045	1.3539e-010
7046	1.3799e-010
7047	1.4088e-010
7048	1.4539e-010
7049	1.4751e-010
7050	1.5261e-010
7051	1.5442e-010
7052	1.5787e-010
7053	1.6262e-010
7054	1.6483e-010
7055	1.6905e-010
7056	1.7344e-010
7057	1.761e-010
7058	1.8075e-010
7059	1.8593e-010
7060	1.8914e-010
7061	1.9252e-010
7062	1.9808e-010
7063	2.0264e-010
7064	2.0722e-010
7065	2.1102e-010
7066	2.1541e-010
7067	2.2084e-010
7068	2.2598e-010
7069	2.313e-010
7070	2.3626e-010
7071	2.4183e-010
7072	2.4683e-010
7073	2.5237e-010
7074	2.5808e-010
7075	2.6392e-010
7076	2.7041e-010
7077	2.7638e-010
7078	2.8314e-010
7079	2.8964e-010
7080	2.9576e-010
7081	3.0124e-010
7082	3.097e-010
7083	3.1813e-010
7084	3.2506e-010
7085	3.3124e-010
7086	3.3214e-010
7087	3.2644e-010
7088	3.2072e-010
7089	3.1226e-010
7090	3.0309e-010
7091	2.9898e-010
7092	2.9414e-010
7093	2.8798e-010
7094	2.8068e-010
7095	2.7517e-010
7096	2.684e-010
7097	2.6276e-010
7098	2.5745e-010
7099	2.5244e-010
7100	2.486e-010
7101	2.4287e-010
7102	2.4003e-010
7103	2.3602e-010
7104	2.3076e-010
7105	2.2109e-010
7106	2.2136e-010
7107	2.279e-010
7108	2.2577e-010
7109	2.215e-010
7110	2.0051e-010
7111	2.1234e-010
7112	2.2348e-010
7113	2.019e-010
7114	1.9229e-010
7115	1.974e-010
7116	1.8308e-010
7117	1.8579e-010
7118	1.9619e-010
7119	1.7191e-010
7120	1.8339e-010
7121	2.1209e-010
7122	1.813e-010
7123	1.8e-010
7124	1.5878e-010
7125	1.4833e-010
7126	1.4944e-010
7127	1.6163e-010
7128	1.5476e-010
7129	1.392e-010
7130	1.3837e-010
7131	1.3156e-010
7132	1.2587e-010
7133	1.2232e-010
7134	1.1788e-010
7135	1.1555e-010
7136	1.2555e-010
7137	1.3444e-010
7138	1.2036e-010
7139	1.091e-010
7140	1.0373e-010
7141	1.0818e-010
7142	1.0831e-010
7143	1.2951e-010
7144	1.5226e-010
7145	1.6152e-010
7146	3.3439e-010
7147	5.8173e-010
7148	4.635e-010
7149	8.3856e-010
7150	7.8067e-010
7151	1.683e-010
7152	1.4146e-010
7153	1.1983e-010
7154	1.0685e-010
7155	1.0352e-010
7156	1.0733e-010
7157	1.1057e-010
7158	1.1328e-010
7159	1.1408e-010
7160	1.1926e-010
7161	1.2112e-010
7162	1.2231e-010
7163	1.2814e-010
7164	1.2727e-010
7165	1.3355e-010
7166	1.3424e-010
7167	1.3799e-010
7168	1.4104e-010
7169	1.4334e-010
7170	1.4817e-010
7171	1.4927e-010
7172	1.5545e-010
7173	1.5615e-010
7174	1.6229e-010
7175	1.6384e-010
7176	1.6868e-010
7177	1.737e-010
7178	1.7401e-010
7179	1.8309e-010
7180	1.8153e-010
7181	1.9058e-010
7182	1.9331e-010
7183	1.9482e-010
7184	2.0355e-010
7185	2.0529e-010
7186	2.0872e-010
7187	2.1694e-010
7188	2.2088e-010
7189	2.2241e-010
7190	2.312e-010
7191	2.3687e-010
7192	2.4103e-010
7193	2.4411e-010
7194	2.5132e-010
7195	2.5781e-010
7196	2.6371e-010
7197	2.6886e-010
7198	2.7477e-010
7199	2.8099e-010
7200	2.8652e-010
7201	2.9396e-010
7202	3.0097e-010
7203	3.0759e-010
7204	3.1452e-010
7205	3.2175e-010
7206	3.2904e-010
7207	3.3551e-010
7208	3.4367e-010
7209	3.5173e-010
7210	3.6036e-010
7211	3.7087e-010
7212	3.7922e-010
7213	3.8319e-010
7214	3.9043e-010
7215	4.088e-010
7216	4.0997e-010
7217	3.9195e-010
7218	3.8514e-010
7219	3.837e-010
7220	3.768e-010
7221	3.6636e-010
7222	3.5803e-010
7223	3.4941e-010
7224	3.4063e-010
7225	3.3586e-010
7226	3.2938e-010
7227	3.2272e-010
7228	3.1639e-010
7229	3.1026e-010
7230	3.0306e-010
7231	2.9384e-010
7232	2.9124e-010
7233	2.87e-010
7234	2.8324e-010
7235	2.813e-010
7236	2.7916e-010
7237	2.7403e-010
7238	2.5533e-010
7239	2.6888e-010
7240	2.6436e-010
7241	2.6582e-010
7242	2.403e-010
7243	2.5307e-010
7244	2.562e-010
7245	2.2141e-010
7246	2.2079e-010
7247	2.5017e-010
7248	2.1095e-010
7249	2.1983e-010
7250	2.4349e-010
7251	2.1557e-010
7252	2.4725e-010
7253	1.9217e-010
7254	2.107e-010
7255	1.8549e-010
7256	1.7581e-010
7257	2.0752e-010
7258	1.7948e-010
7259	1.8172e-010
7260	1.6055e-010
7261	1.7057e-010
7262	1.5217e-010
7263	1.547e-010
7264	1.4912e-010
7265	1.4306e-010
7266	1.6133e-010
7267	1.4846e-010
7268	1.5686e-010
7269	1.3111e-010
7270	1.3793e-010
7271	1.3374e-010
7272	1.3233e-010
7273	1.8177e-010
7274	1.5344e-010
7275	1.778e-010
7276	3.8699e-010
7277	5.5155e-010
7278	4.1329e-010
7279	9.6721e-010
7280	6.9272e-010
7281	1.263e-010
7282	1.0107e-010
7283	8.5924e-011
7284	8.1614e-011
7285	8.8806e-011
7286	8.7498e-011
7287	8.9101e-011
7288	9.3067e-011
7289	9.5124e-011
7290	9.6421e-011
7291	9.8282e-011
7292	1.0077e-010
7293	1.0351e-010
7294	1.0655e-010
7295	1.0812e-010
7296	1.1014e-010
7297	1.1263e-010
7298	1.1534e-010
7299	1.1793e-010
7300	1.2063e-010
7301	1.2366e-010
7302	1.2609e-010
7303	1.2944e-010
7304	1.3188e-010
7305	1.3539e-010
7306	1.3796e-010
7307	1.4088e-010
7308	1.4541e-010
7309	1.4753e-010
7310	1.5261e-010
7311	1.5435e-010
7312	1.5776e-010
7313	1.6254e-010
7314	1.6481e-010
7315	1.6913e-010
7316	1.7346e-010
7317	1.7615e-010
7318	1.8077e-010
7319	1.8594e-010
7320	1.8924e-010
7321	1.9247e-010
7322	1.9801e-010
7323	2.0261e-010
7324	2.0724e-010
7325	2.1106e-010
7326	2.1538e-010
7327	2.2078e-010
7328	2.2601e-010
7329	2.3128e-010
7330	2.3626e-010
7331	2.4187e-010
7332	2.4689e-010
7333	2.5259e-010
7334	2.5818e-010
7335	2.639e-010
7336	2.7045e-010
7337	2.7642e-010
7338	2.8316e-010
7339	2.8966e-010
7340	2.9568e-010
7341	3.0117e-010
7342	3.0958e-010
7343	3.1788e-010
7344	3.249e-010
7345	3.3136e-010
7346	3.3215e-010
7347	3.2651e-010
7348	3.2078e-010
7349	3.1227e-010
7350	3.0315e-010
7351	2.9906e-010
7352	2.941e-010
7353	2.8807e-010
7354	2.806e-010
7355	2.7516e-010
7356	2.6831e-010
7357	2.6289e-010
7358	2.5749e-010
7359	2.5245e-010
7360	2.4841e-010
7361	2.4304e-010
7362	2.3999e-010
7363	2.3607e-010
7364	2.3072e-010
7365	2.2112e-010
7366	2.214e-010
7367	2.2796e-010
7368	2.2558e-010
7369	2.2155e-010
7370	2.0064e-010
7371	2.1232e-010
7372	2.235e-010
7373	2.0196e-010
7374	1.9232e-010
7375	1.9741e-010
7376	1.831e-010
7377	1.8585e-010
7378	1.9625e-010
7379	1.7192e-010
7380	1.8338e-010
7381	2.1211e-010
7382	1.8127e-010
7383	1.8001e-010
7384	1.5881e-010
7385	1.484e-010
7386	1.4949e-010
7387	1.6168e-010
7388	1.5483e-010
7389	1.3927e-010
7390	1.3837e-010
7391	1.3158e-010
7392	1.2589e-010
7393	1.2232e-010
7394	1.1787e-010
7395	1.1554e-010
7396	1.2555e-010
7397	1.3444e-010
7398	1.2032e-010
7399	1.0908e-010
7400	1.037e-010
7401	1.0817e-010
7402	1.0825e-010
7403	1.2949e-010
7404	1.5227e-010
7405	1.6149e-010
7406	3.3437e-010
7407	5.8179e-010
7408	4.6351e-010
7409	8.3851e-010
7410	7.8054e-010
7411	1.2618e-010
7412	1.0093e-010
7413	8.5783e-011
7414	8.1519e-011
7415	8.8759e-011
7416	8.7532e-011
7417	8.9144e-011
7418	9.3061e-011
7419	9.5106e-011
7420	9.6368e-011
7421	9.82e-011
7422	1.0069e-010
7423	1.0345e-010
7424	1.0654e-010
7425	1.0813e-010
7426	1.1017e-010
7427	1.1256e-010
7428	1.1523e-010
7429	1.1776e-010
7430	1.2049e-010
7431	1.2355e-010
7432	1.2601e-010
7433	1.2943e-010
7434	1.3185e-010
7435	1.3534e-010
7436	1.3779e-010
7437	1.4064e-010
7438	1.4531e-010
7439	1.4743e-010
7440	1.5256e-010
7441	1.5429e-010
7442	1.5779e-010
7443	1.6252e-010
7444	1.6481e-010
7445	1.6904e-010
7446	1.7349e-010
7447	1.7618e-010
7448	1.8076e-010
7449	1.8583e-010
7450	1.8912e-010
7451	1.9233e-010
7452	1.9785e-010
7453	2.025e-010
7454	2.0707e-010
7455	2.1096e-010
7456	2.1539e-010
7457	2.2091e-010
7458	2.2598e-010
7459	2.313e-010
7460	2.3617e-010
7461	2.4165e-010
7462	2.4694e-010
7463	2.5247e-010
7464	2.5821e-010
7465	2.6394e-010
7466	2.703e-010
7467	2.7633e-010
7468	2.8303e-010
7469	2.8956e-010
7470	2.9569e-010
7471	3.0121e-010
7472	3.0962e-010
7473	3.1806e-010
7474	3.2489e-010
7475	3.3142e-010
7476	3.3222e-010
7477	3.2638e-010
7478	3.2073e-010
7479	3.1212e-010
7480	3.0302e-010
7481	2.9897e-010
7482	2.9405e-010
7483	2.8793e-010
7484	2.8054e-010
7485	2.7502e-010
7486	2.6835e-010
7487	2.6278e-010
7488	2.5749e-010
7489	2.5252e-010
7490	2.4804e-010
7491	2.4307e-010
7492	2.3948e-010
7493	2.3617e-010
7494	2.3082e-010
7495	2.2105e-010
7496	2.2137e-010
7497	2.2791e-010
7498	2.2552e-010
7499	2.2134e-010
7500	2.0057e-010
7501	2.1229e-010
7502	2.2352e-010
7503	2.0198e-010
7504	1.9232e-010
7505	1.9738e-010
7506	1.8313e-010
7507	1.8584e-010
7508	1.963e-010
7509	1.7202e-010
7510	1.8351e-010
7511	2.1226e-010
7512	1.8145e-010
7513	1.8015e-010
7514	1.5897e-010
7515	1.4851e-010
7516	1.4963e-010
7517	1.618e-010
7518	1.5491e-010
7519	1.3932e-010
7520	1.3845e-010
7521	1.3166e-010
7522	1.2599e-010
7523	1.2244e-010
7524	1.1796e-010
7525	1.1564e-010
7526	1.2559e-010
7527	1.3448e-010
7528	1.2036e-010
7529	1.0913e-010
7530	1.0376e-010
7531	1.0822e-010
7532	1.0835e-010
7533	1.2955e-010
7534	1.5229e-010
7535	1.6154e-010
7536	3.3442e-010
7537	5.8182e-010
7538	4.6354e-010
7539	8.3862e-010
7540	7.8069e-010
7541	1.6811e-010
7542	1.4121e-010
7543	1.1963e-010
7544	1.0666e-010
7545	1.0339e-010
7546	1.0728e-010
7547	1.1063e-010
7548	1.1325e-010
7549	1.1406e-010
7550	1.1916e-010
7551	1.2098e-010
7552	1.2215e-010
7553	1.2806e-010
7554	1.2733e-010
7555	1.3361e-010
7556	1.3426e-010
7557	1.3795e-010
7558	1.4087e-010
7559	1.4313e-010
7560	1.4799e-010
7561	1.491e-010
7562	1.5525e-010
7563	1.56e-010
7564	1.6213e-010
7565	1.6363e-010
7566	1.6833e-010
7567	1.7334e-010
7568	1.7383e-010
7569	1.83e-010
7570	1.8144e-010
7571	1.9034e-010
7572	1.9309e-010
7573	1.9473e-010
7574	2.0337e-010
7575	2.0527e-010
7576	2.0874e-010
7577	2.17e-010
7578	2.2091e-010
7579	2.224e-010
7580	2.3114e-010
7581	2.3659e-010
7582	2.4078e-010
7583	2.4384e-010
7584	2.5101e-010
7585	2.5746e-010
7586	2.636e-010
7587	2.6897e-010
7588	2.7485e-010
7589	2.8097e-010
7590	2.8625e-010
7591	2.9375e-010
7592	3.0068e-010
7593	3.0764e-010
7594	3.1458e-010
7595	3.2175e-010
7596	3.2908e-010
7597	3.3554e-010
7598	3.435e-010
7599	3.5185e-010
7600	3.6048e-010
7601	3.71e-010
7602	3.7956e-010
7603	3.832e-010
7604	3.9042e-010
7605	4.0964e-010
7606	4.104e-010
7607	3.9193e-010
7608	3.8497e-010
7609	3.8364e-010
7610	3.7639e-010
7611	3.6639e-010
7612	3.5772e-010
7613	3.4932e-010
7614	3.4013e-010
7615	3.359e-010
7616	3.2931e-010
7617	3.2295e-010
7618	3.1648e-010
7619	3.1032e-010
7620	3.0278e-010
7621	2.9408e-010
7622	2.9072e-010
7623	2.8705e-010
7624	2.8339e-010
7625	2.8121e-010
7626	2.7918e-010
7627	2.7404e-010
7628	2.5526e-010
7629	2.6877e-010
7630	2.6421e-010
7631	2.6585e-010
7632	2.4047e-010
7633	2.5316e-010
7634	2.5623e-010
7635	2.2139e-010
7636	2.2088e-010
7637	2.5029e-010
7638	2.1101e-010
7639	2.1992e-010
7640	2.4369e-010
7641	2.1581e-010
7642	2.4745e-010
7643	1.9243e-010
7644	2.1102e-010
7645	1.8581e-010
7646	1.7616e-010
7647	2.0784e-010
7648	1.7978e-010
7649	1.8186e-010
7650	1.6073e-010
7651	1.7069e-010
7652	1.5238e-010
7653	1.5493e-010
7654	1.4944e-010
7655	1.4332e-010
7656	1.6142e-010
7657	1.4854e-010
7658	1.5692e-010
7659	1.3116e-010
7660	1.3797e-010
7661	1.3378e-010
7662	1.3235e-010
7663	1.8176e-010
7664	1.5341e-010
7665	1.778e-010
7666	3.8707e-010
7667	5.5158e-010
7668	4.1351e-010
7669	9.6736e-010
7670	6.9289e-010
7671	1.2618e-010
7672	1.0093e-010
7673	8.5783e-011
7674	8.1519e-011
7675	8.8759e-011
7676	8.7532e-011
7677	8.9144e-011
7678	9.3061e-011
7679	9.5107e-011
7680	9.6367e-011
7681	9.82e-011
7682	1.0069e-010
7683	1.0345e-010
7684	1.0654e-010
7685	1.0813e-010
7686	1.1017e-010
7687	1.1256e-010
7688	1.1523e-010
7689	1.1776e-010
7690	1.2049e-010
7691	1.2355e-010
7692	1.2601e-010
7693	1.2943e-010
7694	1.3184e-010
7695	1.3534e-010
7696	1.3779e-010
7697	1.4064e-010
7698	1.4531e-010
7699	1.4743e-010
7700	1.5256e-010
7701	1.5429e-010
7702	1.5779e-010
7703	1.6252e-010
7704	1.648e-010
7705	1.6905e-010
7706	1.7348e-010
7707	1.7618e-010
7708	1.8076e-010
7709	1.8584e-010
7710	1.8911e-010
7711	1.9237e-010
7712	1.9785e-010
7713	2.0248e-010
7714	2.0712e-010
7715	2.1095e-010
7716	2.1541e-010
7717	2.2097e-010
7718	2.2598e-010
7719	2.313e-010
7720	2.3617e-010
7721	2.4165e-010
7722	2.4694e-010
7723	2.5247e-010
7724	2.5821e-010
7725	2.6395e-010
7726	2.703e-010
7727	2.7633e-010
7728	2.8302e-010
7729	2.8962e-010
7730	2.9569e-010
7731	3.0122e-010
7732	3.0954e-010
7733	3.1801e-010
7734	3.2485e-010
7735	3.313e-010
7736	3.3224e-010
7737	3.2639e-010
7738	3.2073e-010
7739	3.1212e-010
7740	3.0302e-010
7741	2.9897e-010
7742	2.9404e-010
7743	2.8793e-010
7744	2.8054e-010
7745	2.7502e-010
7746	2.6834e-010
7747	2.6276e-010
7748	2.575e-010
7749	2.5234e-010
7750	2.4881e-010
7751	2.4246e-010
7752	2.4025e-010
7753	2.36e-010
7754	2.3084e-010
7755	2.2107e-010
7756	2.214e-010
7757	2.2789e-010
7758	2.2535e-010
7759	2.2146e-010
7760	2.0059e-010
7761	2.1234e-010
7762	2.235e-010
7763	2.0199e-010
7764	1.9233e-010
7765	1.9739e-010
7766	1.8314e-010
7767	1.8584e-010
7768	1.963e-010
7769	1.7201e-010
7770	1.8355e-010
7771	2.1228e-010
7772	1.8145e-010
7773	1.8016e-010
7774	1.5897e-010
7775	1.4852e-010
7776	1.4963e-010
7777	1.6179e-010
7778	1.5491e-010
7779	1.3932e-010
7780	1.3845e-010
7781	1.3165e-010
7782	1.2599e-010
7783	1.2244e-010
7784	1.1796e-010
7785	1.1564e-010
7786	1.2559e-010
7787	1.3448e-010
7788	1.2036e-010
7789	1.0913e-010
7790	1.0375e-010
7791	1.0822e-010
7792	1.0835e-010
7793	1.2955e-010
7794	1.5229e-010
7795	1.6154e-010
7796	3.3442e-010
7797	5.8182e-010
7798	4.6354e-010
7799	8.3862e-010
7800	7.8069e-010
7801	1.263e-010
7802	1.0107e-010
7803	8.5922e-011
7804	8.1613e-011
7805	8.8806e-011
7806	8.7498e-011
7807	8.91e-011
7808	9.3064e-011
7809	9.5122e-011
7810	9.6421e-011
7811	9.828e-011
7812	1.0077e-010
7813	1.0351e-010
7814	1.0655e-010
7815	1.0812e-010
7816	1.1014e-010
7817	1.1263e-010
7818	1.1534e-010
7819	1.1793e-010
7820	1.2063e-010
7821	1.2366e-010
7822	1.2609e-010
7823	1.2944e-010
7824	1.3188e-010
7825	1.3539e-010
7826	1.3796e-010
7827	1.4088e-010
7828	1.4541e-010
7829	1.4753e-010
7830	1.526e-010
7831	1.5435e-010
7832	1.5776e-010
7833	1.6254e-010
7834	1.648e-010
7835	1.6912e-010
7836	1.7351e-010
7837	1.7611e-010
7838	1.8077e-010
7839	1.8596e-010
7840	1.8924e-010
7841	1.9245e-010
7842	1.9803e-010
7843	2.0259e-010
7844	2.0729e-010
7845	2.1104e-010
7846	2.1543e-010
7847	2.2087e-010
7848	2.2602e-010
7849	2.3128e-010
7850	2.3627e-010
7851	2.4187e-010
7852	2.4689e-010
7853	2.5259e-010
7854	2.5818e-010
7855	2.639e-010
7856	2.7045e-010
7857	2.7641e-010
7858	2.8314e-010
7859	2.8966e-010
7860	2.9566e-010
7861	3.0118e-010
7862	3.095e-010
7863	3.1791e-010
7864	3.2479e-010
7865	3.3122e-010
7866	3.3214e-010
7867	3.2652e-010
7868	3.2077e-010
7869	3.1226e-010
7870	3.0318e-010
7871	2.9901e-010
7872	2.9408e-010
7873	2.8806e-010
7874	2.806e-010
7875	2.7516e-010
7876	2.6831e-010
7877	2.6289e-010
7878	2.5759e-010
7879	2.5238e-010
7880	2.4844e-010
7881	2.4371e-010
7882	2.4011e-010
7883	2.3604e-010
7884	2.3081e-010
7885	2.211e-010
7886	2.214e-010
7887	2.2804e-010
7888	2.2323e-010
7889	2.2155e-010
7890	2.0067e-010
7891	2.123e-010
7892	2.2351e-010
7893	2.0194e-010
7894	1.9228e-010
7895	1.9741e-010
7896	1.831e-010
7897	1.8585e-010
7898	1.9624e-010
7899	1.7192e-010
7900	1.834e-010
7901	2.1211e-010
7902	1.8128e-010
7903	1.8003e-010
7904	1.5881e-010
7905	1.484e-010
7906	1.4949e-010
7907	1.6168e-010
7908	1.5482e-010
7909	1.3927e-010
7910	1.3838e-010
7911	1.3158e-010
7912	1.2589e-010
7913	1.2232e-010
7914	1.1787e-010
7915	1.1554e-010
7916	1.2555e-010
7917	1.3444e-010
7918	1.2032e-010
7919	1.0908e-010
7920	1.037e-010
7921	1.0817e-010
7922	1.0825e-010
7923	1.2948e-010
7924	1.5227e-010
7925	1.6149e-010
7926	3.3437e-010
7927	5.8179e-010
7928	4.6351e-010
7929	8.385e-010
7930	7.8055e-010
7931	1.6831e-010
7932	1.4147e-010
7933	1.1984e-010
7934	1.0686e-010
7935	1.0352e-010
7936	1.0733e-010
7937	1.1058e-010
7938	1.1329e-010
7939	1.1409e-010
7940	1.1926e-010
7941	1.2113e-010
7942	1.2231e-010
7943	1.2814e-010
7944	1.2727e-010
7945	1.3355e-010
7946	1.3425e-010
7947	1.38e-010
7948	1.4104e-010
7949	1.4334e-010
7950	1.4817e-010
7951	1.4928e-010
7952	1.5543e-010
7953	1.5615e-010
7954	1.6229e-010
7955	1.6384e-010
7956	1.6868e-010
7957	1.737e-010
7958	1.7401e-010
7959	1.8309e-010
7960	1.8154e-010
7961	1.9059e-010
7962	1.9332e-010
7963	1.9479e-010
7964	2.0353e-010
7965	2.0529e-010
7966	2.0873e-010
7967	2.1694e-010
7968	2.2091e-010
7969	2.2251e-010
7970	2.3121e-010
7971	2.3688e-010
7972	2.4106e-010
7973	2.4407e-010
7974	2.5127e-010
7975	2.5775e-010
7976	2.6374e-010
7977	2.6889e-010
7978	2.7475e-010
7979	2.8099e-010
7980	2.8652e-010
7981	2.9396e-010
7982	3.0099e-010
7983	3.0761e-010
7984	3.1449e-010
7985	3.2176e-010
7986	3.2904e-010
7987	3.3553e-010
7988	3.4357e-010
7989	3.5175e-010
7990	3.6036e-010
7991	3.7086e-010
7992	3.7924e-010
7993	3.8321e-010
7994	3.9042e-010
7995	4.0882e-010
7996	4.101e-010
7997	3.9194e-010
7998	3.8515e-010
7999	3.8369e-010
8000	3.7685e-010
8001	3.6637e-010
8002	3.5803e-010
8003	3.4938e-010
8004	3.4063e-010
8005	3.3587e-010
8006	3.2938e-010
8007	3.2273e-010
8008	3.164e-010
8009	3.1038e-010
8010	3.0402e-010
8011	2.9277e-010
8012	2.9226e-010
8013	2.8721e-010
8014	2.8319e-010
8015	2.8128e-010
8016	2.7873e-010
8017	2.7213e-010
8018	2.5476e-010
8019	2.6681e-010
8020	2.6413e-010
8021	2.6574e-010
8022	2.4045e-010
8023	2.5306e-010
8024	2.5612e-010
8025	2.2145e-010
8026	2.208e-010
8027	2.5016e-010
8028	2.1096e-010
8029	2.1984e-010
8030	2.4351e-010
8031	2.1547e-010
8032	2.4726e-010
8033	1.9219e-010
8034	2.1071e-010
8035	1.855e-010
8036	1.7582e-010
8037	2.0753e-010
8038	1.7945e-010
8039	1.817e-010
8040	1.6056e-010
8041	1.7057e-010
8042	1.5217e-010
8043	1.547e-010
8044	1.4912e-010
8045	1.4307e-010
8046	1.6131e-010
8047	1.4847e-010
8048	1.5687e-010
8049	1.3111e-010
8050	1.3793e-010
8051	1.3371e-010
8052	1.3234e-010
8053	1.8175e-010
8054	1.5344e-010
8055	1.778e-010
8056	3.8699e-010
8057	5.5155e-010
8058	4.1329e-010
8059	9.6717e-010
8060	6.9273e-010
8061	1.2639e-010
8062	1.0112e-010
8063	8.5948e-011
8064	8.1651e-011
8065	8.883e-011
8066	8.7532e-011
8067	8.91e-011
8068	9.3033e-011
8069	9.5112e-011
8070	9.6408e-011
8071	9.8318e-011
8072	1.0084e-010
8073	1.0351e-010
8074	1.065e-010
8075	1.0809e-010
8076	1.1011e-010
8077	1.1255e-010
8078	1.153e-010
8079	1.1789e-010
8080	1.206e-010
8081	1.2362e-010
8082	1.2607e-010
8083	1.2944e-010
8084	1.3186e-010
8085	1.3539e-010
8086	1.3799e-010
8087	1.4088e-010
8088	1.4539e-010
8089	1.4751e-010
8090	1.5261e-010
8091	1.5442e-010
8092	1.5786e-010
8093	1.6261e-010
8094	1.6481e-010
8095	1.6905e-010
8096	1.7345e-010
8097	1.7612e-010
8098	1.8076e-010
8099	1.8594e-010
8100	1.8923e-010
8101	1.925e-010
8102	1.9809e-010
8103	2.0268e-010
8104	2.072e-010
8105	2.1101e-010
8106	2.1537e-010
8107	2.2079e-010
8108	2.2599e-010
8109	2.313e-010
8110	2.3626e-010
8111	2.4182e-010
8112	2.4681e-010
8113	2.524e-010
8114	2.5806e-010
8115	2.6391e-010
8116	2.7041e-010
8117	2.7637e-010
8118	2.8312e-010
8119	2.8963e-010
8120	2.9576e-010
8121	3.0125e-010
8122	3.0967e-010
8123	3.1805e-010
8124	3.2499e-010
8125	3.3122e-010
8126	3.3212e-010
8127	3.2635e-010
8128	3.2071e-010
8129	3.1224e-010
8130	3.0305e-010
8131	2.99e-010
8132	2.9412e-010
8133	2.8796e-010
8134	2.8074e-010
8135	2.7517e-010
8136	2.684e-010
8137	2.6278e-010
8138	2.575e-010
8139	2.5233e-010
8140	2.4891e-010
8141	2.4337e-010
8142	2.4042e-010
8143	2.3597e-010
8144	2.3072e-010
8145	2.21e-010
8146	2.2156e-010
8147	2.2679e-010
8148	2.2345e-010
8149	2.201e-010
8150	2.0078e-010
8151	2.1218e-010
8152	2.2319e-010
8153	2.0189e-010
8154	1.9234e-010
8155	1.9736e-010
8156	1.8307e-010
8157	1.8579e-010
8158	1.9619e-010
8159	1.7193e-010
8160	1.8338e-010
8161	2.1207e-010
8162	1.8134e-010
8163	1.7999e-010
8164	1.5878e-010
8165	1.4832e-010
8166	1.4946e-010
8167	1.6163e-010
8168	1.5476e-010
8169	1.392e-010
8170	1.3837e-010
8171	1.3156e-010
8172	1.2587e-010
8173	1.2232e-010
8174	1.1788e-010
8175	1.1554e-010
8176	1.2555e-010
8177	1.3445e-010
8178	1.2036e-010
8179	1.091e-010
8180	1.0373e-010
8181	1.0818e-010
8182	1.0831e-010
8183	1.2951e-010
8184	1.5226e-010
8185	1.6152e-010
8186	3.3439e-010
8187	5.8173e-010
8188	4.635e-010
8189	8.3856e-010
8190	7.8066e-010
8191	1.2639e-010
8192	1.0112e-010
8193	8.5948e-011
8194	8.1651e-011
8195	8.883e-011
8196	8.7532e-011
8197	8.91e-011
8198	9.3033e-011
8199	9.5112e-011
8200	9.6408e-011
8201	9.8318e-011
8202	1.0084e-010
8203	1.0351e-010
8204	1.065e-010
8205	1.0809e-010
8206	1.1011e-010
8207	1.1255e-010
8208	1.153e-010
8209	1.1789e-010
8210	1.206e-010
8211	1.2362e-010
8212	1.2607e-010
8213	1.2944e-010
8214	1.3186e-010
8215	1.3539e-010
8216	1.3799e-010
8217	1.4088e-010
8218	1.454e-010
8219	1.4751e-010
8220	1.5261e-010
8221	1.5442e-010
8222	1.5786e-010
8223	1.6261e-010
8224	1.6481e-010
8225	1.6904e-010
8226	1.7344e-010
8227	1.7611e-010
8228	1.8076e-010
8229	1.8594e-010
8230	1.8923e-010
8231	1.9251e-010
8232	1.9807e-010
8233	2.0268e-010
8234	2.0721e-010
8235	2.1099e-010
8236	2.1536e-010
8237	2.2081e-010
8238	2.26e-010
8239	2.3131e-010
8240	2.3626e-010
8241	2.4182e-010
8242	2.4682e-010
8243	2.524e-010
8244	2.5806e-010
8245	2.6391e-010
8246	2.7041e-010
8247	2.7637e-010
8248	2.8312e-010
8249	2.8963e-010
8250	2.9576e-010
8251	3.0125e-010
8252	3.0967e-010
8253	3.1805e-010
8254	3.25e-010
8255	3.3126e-010
8256	3.3218e-010
8257	3.2642e-010
8258	3.2066e-010
8259	3.1226e-010
8260	3.0304e-010
8261	2.9899e-010
8262	2.941e-010
8263	2.8795e-010
8264	2.8072e-010
8265	2.7515e-010
8266	2.6839e-010
8267	2.6279e-010
8268	2.5749e-010
8269	2.5229e-010
8270	2.4897e-010
8271	2.4318e-010
8272	2.4052e-010
8273	2.3593e-010
8274	2.3074e-010
8275	2.2098e-010
8276	2.2155e-010
8277	2.2677e-010
8278	2.2345e-010
8279	2.2008e-010
8280	2.0082e-010
8281	2.1221e-010
8282	2.2349e-010
8283	2.019e-010
8284	1.923e-010
8285	1.9735e-010
8286	1.8307e-010
8287	1.8579e-010
8288	1.9619e-010
8289	1.7191e-010
8290	1.8339e-010
8291	2.1207e-010
8292	1.8134e-010
8293	1.7999e-010
8294	1.5878e-010
8295	1.4832e-010
8296	1.4946e-010
8297	1.6163e-010
8298	1.5476e-010
8299	1.392e-010
8300	1.3837e-010
8301	1.3156e-010
8302	1.2587e-010
8303	1.2232e-010
8304	1.1787e-010
8305	1.1554e-010
8306	1.2555e-010
8307	1.3445e-010
8308	1.2036e-010
8309	1.091e-010
8310	1.0373e-010
8311	1.0818e-010
8312	1.0831e-010
8313	1.2951e-010
8314	1.5226e-010
8315	1.6152e-010
8316	3.3439e-010
8317	5.8173e-010
8318	4.635e-010
8319	8.3856e-010
8320	7.8065e-010
8321	1.6831e-010
8322	1.4147e-010
8323	1.1984e-010
8324	1.0686e-010
8325	1.0352e-010
8326	1.0733e-010
8327	1.1058e-010
8328	1.1329e-010
8329	1.1409e-010
8330	1.1927e-010
8331	1.2113e-010
8332	1.2231e-010
8333	1.2814e-010
8334	1.2728e-010
8335	1.3356e-010
8336	1.3425e-010
8337	1.38e-010
8338	1.4105e-010
8339	1.4331e-010
8340	1.4818e-010
8341	1.4928e-010
8342	1.5543e-010
8343	1.5615e-010
8344	1.6229e-010
8345	1.6384e-010
8346	1.6868e-010
8347	1.737e-010
8348	1.7401e-010
8349	1.8309e-010
8350	1.8154e-010
8351	1.9059e-010
8352	1.9332e-010
8353	1.9479e-010
8354	2.0353e-010
8355	2.053e-010
8356	2.087e-010
8357	2.1696e-010
8358	2.2091e-010
8359	2.2251e-010
8360	2.312e-010
8361	2.3687e-010
8362	2.4101e-010
8363	2.4412e-010
8364	2.5134e-010
8365	2.5778e-010
8366	2.6375e-010
8367	2.6889e-010
8368	2.7479e-010
8369	2.8098e-010
8370	2.8652e-010
8371	2.9396e-010
8372	3.0099e-010
8373	3.0761e-010
8374	3.145e-010
8375	3.2177e-010
8376	3.2904e-010
8377	3.3553e-010
8378	3.4357e-010
8379	3.5174e-010
8380	3.6036e-010
8381	3.7087e-010
8382	3.7926e-010
8383	3.8322e-010
8384	3.9043e-010
8385	4.0887e-010
8386	4.1005e-010
8387	3.92e-010
8388	3.8504e-010
8389	3.8375e-010
8390	3.768e-010
8391	3.6634e-010
8392	3.5793e-010
8393	3.4942e-010
8394	3.4055e-010
8395	3.3591e-010
8396	3.2941e-010
8397	3.2273e-010
8398	3.1637e-010
8399	3.1034e-010
8400	3.0398e-010
8401	2.9305e-010
8402	2.922e-010
8403	2.8713e-010
8404	2.8323e-010
8405	2.8124e-010
8406	2.7876e-010
8407	2.7234e-010
8408	2.5458e-010
8409	2.6693e-010
8410	2.6412e-010
8411	2.6584e-010
8412	2.4037e-010
8413	2.5304e-010
8414	2.5615e-010
8415	2.2153e-010
8416	2.2083e-010
8417	2.5018e-010
8418	2.1094e-010
8419	2.1983e-010
8420	2.435e-010
8421	2.1547e-010
8422	2.4726e-010
8423	1.9219e-010
8424	2.1071e-010
8425	1.855e-010
8426	1.7579e-010
8427	2.0753e-010
8428	1.7945e-010
8429	1.817e-010
8430	1.6057e-010
8431	1.7057e-010
8432	1.5217e-010
8433	1.547e-010
8434	1.4913e-010
8435	1.4304e-010
8436	1.6131e-010
8437	1.4847e-010
8438	1.5687e-010
8439	1.3111e-010
8440	1.3793e-010
8441	1.3371e-010
8442	1.3234e-010
8443	1.8175e-010
8444	1.5344e-010
8445	1.778e-010
8446	3.8699e-010
8447	5.5155e-010
8448	4.1329e-010
8449	9.6717e-010
8450	6.9273e-010
8451	1.263e-010
8452	1.0107e-010
8453	8.5922e-011
8454	8.1613e-011
8455	8.8806e-011
8456	8.7498e-011
8457	8.91e-011
8458	9.3065e-011
8459	9.5123e-011
8460	9.6419e-011
8461	9.8278e-011
8462	1.0077e-010
8463	1.0351e-010
8464	1.0655e-010
8465	1.0812e-010
8466	1.1014e-010
8467	1.1263e-010
8468	1.1534e-010
8469	1.1793e-010
8470	1.2066e-010
8471	1.2366e-010
8472	1.2609e-010
8473	1.2944e-010
8474	1.3188e-010
8475	1.3539e-010
8476	1.3796e-010
8477	1.4088e-010
8478	1.4541e-010
8479	1.4753e-010
8480	1.526e-010
8481	1.5435e-010
8482	1.5776e-010
8483	1.6254e-010
8484	1.648e-010
8485	1.6912e-010
8486	1.7351e-010
8487	1.7611e-010
8488	1.8077e-010
8489	1.8596e-010
8490	1.8924e-010
8491	1.9245e-010
8492	1.9803e-010
8493	2.0261e-010
8494	2.0726e-010
8495	2.1104e-010
8496	2.1537e-010
8497	2.2079e-010
8498	2.2601e-010
8499	2.3128e-010
8500	2.3626e-010
8501	2.4187e-010
8502	2.4689e-010
8503	2.5259e-010
8504	2.5817e-010
8505	2.6395e-010
8506	2.7045e-010
8507	2.7641e-010
8508	2.8314e-010
8509	2.8966e-010
8510	2.9566e-010
8511	3.0122e-010
8512	3.0949e-010
8513	3.179e-010
8514	3.2481e-010
8515	3.3123e-010
8516	3.3227e-010
8517	3.2653e-010
8518	3.2075e-010
8519	3.1228e-010
8520	3.0324e-010
8521	2.9893e-010
8522	2.9403e-010
8523	2.8805e-010
8524	2.8059e-010
8525	2.7514e-010
8526	2.6835e-010
8527	2.6288e-010
8528	2.5757e-010
8529	2.5224e-010
8530	2.4892e-010
8531	2.4321e-010
8532	2.4059e-010
8533	2.3597e-010
8534	2.3079e-010
8535	2.2105e-010
8536	2.2159e-010
8537	2.2753e-010
8538	2.2307e-010
8539	2.2098e-010
8540	2.0085e-010
8541	2.1223e-010
8542	2.2338e-010
8543	2.0186e-010
8544	1.9232e-010
8545	1.9737e-010
8546	1.8312e-010
8547	1.8586e-010
8548	1.9625e-010
8549	1.7192e-010
8550	1.834e-010
8551	2.1211e-010
8552	1.8128e-010
8553	1.8003e-010
8554	1.5881e-010
8555	1.484e-010
8556	1.4949e-010
8557	1.6167e-010
8558	1.5482e-010
8559	1.3927e-010
8560	1.3838e-010
8561	1.3158e-010
8562	1.2589e-010
8563	1.2232e-010
8564	1.1787e-010
8565	1.1554e-010
8566	1.2554e-010
8567	1.3444e-010
8568	1.2032e-010
8569	1.0908e-010
8570	1.037e-010
8571	1.0817e-010
8572	1.0825e-010
8573	1.2948e-010
8574	1.5227e-010
8575	1.6149e-010
8576	3.3437e-010
8577	5.8179e-010
8578	4.6351e-010
8579	8.385e-010
8580	7.8055e-010
8581	1.2618e-010
8582	1.0093e-010
8583	8.5783e-011
8584	8.1519e-011
8585	8.876e-011
8586	8.7532e-011
8587	8.9144e-011
8588	9.3061e-011
8589	9.5105e-011
8590	9.6364e-011
8591	9.82e-011
8592	1.0069e-010
8593	1.0345e-010
8594	1.0654e-010
8595	1.0813e-010
8596	1.1017e-010
8597	1.1256e-010
8598	1.1522e-010
8599	1.1776e-010
8600	1.2049e-010
8601	1.2355e-010
8602	1.2601e-010
8603	1.2943e-010
8604	1.3184e-010
8605	1.3534e-010
8606	1.3779e-010
8607	1.4064e-010
8608	1.4531e-010
8609	1.4743e-010
8610	1.5256e-010
8611	1.543e-010
8612	1.5779e-010
8613	1.6252e-010
8614	1.648e-010
8615	1.6906e-010
8616	1.7347e-010
8617	1.7617e-010
8618	1.8075e-010
8619	1.8581e-010
8620	1.8905e-010
8621	1.9239e-010
8622	1.9786e-010
8623	2.0249e-010
8624	2.0705e-010
8625	2.1089e-010
8626	2.1534e-010
8627	2.2081e-010
8628	2.2597e-010
8629	2.313e-010
8630	2.3617e-010
8631	2.4165e-010
8632	2.4694e-010
8633	2.5247e-010
8634	2.5825e-010
8635	2.6394e-010
8636	2.703e-010
8637	2.7632e-010
8638	2.83e-010
8639	2.896e-010
8640	2.9573e-010
8641	3.012e-010
8642	3.0954e-010
8643	3.18e-010
8644	3.2484e-010
8645	3.3133e-010
8646	3.3237e-010
8647	3.2639e-010
8648	3.2066e-010
8649	3.1221e-010
8650	3.0313e-010
8651	2.9888e-010
8652	2.94e-010
8653	2.88e-010
8654	2.8052e-010
8655	2.7507e-010
8656	2.6831e-010
8657	2.6277e-010
8658	2.5752e-010
8659	2.522e-010
8660	2.4888e-010
8661	2.432e-010
8662	2.4044e-010
8663	2.3593e-010
8664	2.3079e-010
8665	2.2113e-010
8666	2.2131e-010
8667	2.2795e-010
8668	2.2075e-010
8669	2.2106e-010
8670	2.0045e-010
8671	2.1229e-010
8672	2.2344e-010
8673	2.0196e-010
8674	1.9232e-010
8675	1.974e-010
8676	1.8315e-010
8677	1.8585e-010
8678	1.963e-010
8679	1.7202e-010
8680	1.8355e-010
8681	2.1228e-010
8682	1.8145e-010
8683	1.8016e-010
8684	1.5897e-010
8685	1.4851e-010
8686	1.4963e-010
8687	1.618e-010
8688	1.5491e-010
8689	1.3932e-010
8690	1.3845e-010
8691	1.3165e-010
8692	1.2599e-010
8693	1.2244e-010
8694	1.1795e-010
8695	1.1563e-010
8696	1.2559e-010
8697	1.3448e-010
8698	1.2036e-010
8699	1.0913e-010
8700	1.0375e-010
8701	1.0822e-010
8702	1.0835e-010
8703	1.2955e-010
8704	1.5229e-010
8705	1.6154e-010
8706	3.3442e-010
8707	5.818e-010
8708	4.6358e-010
8709	8.3862e-010
8710	7.8069e-010
8711	1.6811e-010
8712	1.4121e-010
8713	1.1963e-010
8714	1.0666e-010
8715	1.0339e-010
8716	1.0728e-010
8717	1.1063e-010
8718	1.1325e-010
8719	1.1404e-010
8720	1.1917e-010
8721	1.2098e-010
8722	1.2215e-010
8723	1.2806e-010
8724	1.2733e-010
8725	1.3361e-010
8726	1.3426e-010
8727	1.3795e-010
8728	1.4087e-010
8729	1.4313e-010
8730	1.4799e-010
8731	1.491e-010
8732	1.5525e-010
8733	1.56e-010
8734	1.6213e-010
8735	1.6363e-010
8736	1.6833e-010
8737	1.7334e-010
8738	1.7383e-010
8739	1.83e-010
8740	1.8144e-010
8741	1.9034e-010
8742	1.9309e-010
8743	1.9473e-010
8744	2.0337e-010
8745	2.0528e-010
8746	2.0871e-010
8747	2.1706e-010
8748	2.2084e-010
8749	2.2243e-010
8750	2.3103e-010
8751	2.3665e-010
8752	2.4075e-010
8753	2.4385e-010
8754	2.5106e-010
8755	2.5755e-010
8756	2.6366e-010
8757	2.6891e-010
8758	2.7483e-010
8759	2.8097e-010
8760	2.8625e-010
8761	2.9375e-010
8762	3.0068e-010
8763	3.0764e-010
8764	3.1459e-010
8765	3.2176e-010
8766	3.2908e-010
8767	3.3556e-010
8768	3.4352e-010
8769	3.5184e-010
8770	3.6037e-010
8771	3.7104e-010
8772	3.7937e-010
8773	3.8326e-010
8774	3.9054e-010
8775	4.0952e-010
8776	4.1044e-010
8777	3.9189e-010
8778	3.8488e-010
8779	3.8349e-010
8780	3.7625e-010
8781	3.662e-010
8782	3.5801e-010
8783	3.4918e-010
8784	3.4016e-010
8785	3.3591e-010
8786	3.2939e-010
8787	3.2284e-010
8788	3.164e-010
8789	3.1053e-010
8790	3.0391e-010
8791	2.929e-010
8792	2.9197e-010
8793	2.8712e-010
8794	2.8324e-010
8795	2.8127e-010
8796	2.788e-010
8797	2.6994e-010
8798	2.5538e-010
8799	2.6417e-010
8800	2.6403e-010
8801	2.6583e-010
8802	2.4044e-010
8803	2.532e-010
8804	2.5621e-010
8805	2.2151e-010
8806	2.2084e-010
8807	2.5027e-010
8808	2.1099e-010
8809	2.1997e-010
8810	2.4369e-010
8811	2.1581e-010
8812	2.4745e-010
8813	1.9243e-010
8814	2.1102e-010
8815	1.8582e-010
8816	1.7617e-010
8817	2.0785e-010
8818	1.7978e-010
8819	1.8186e-010
8820	1.6073e-010
8821	1.7069e-010
8822	1.5238e-010
8823	1.5493e-010
8824	1.4943e-010
8825	1.4327e-010
8826	1.6142e-010
8827	1.4854e-010
8828	1.5692e-010
8829	1.3116e-010
8830	1.3797e-010
8831	1.3378e-010
8832	1.3235e-010
8833	1.8176e-010
8834	1.5341e-010
8835	1.7781e-010
8836	3.8708e-010
8837	5.5157e-010
8838	4.1352e-010
8839	9.6737e-010
8840	6.9289e-010
8841	1.2618e-010
8842	1.0093e-010
8843	8.5783e-011
8844	8.1519e-011
8845	8.8759e-011
8846	8.7532e-011
8847	8.9144e-011
8848	9.3061e-011
8849	9.5108e-011
8850	9.6367e-011
8851	9.82e-011
8852	1.0069e-010
8853	1.0345e-010
8854	1.0654e-010
8855	1.0813e-010
8856	1.1017e-010
8857	1.1256e-010
8858	1.1523e-010
8859	1.1776e-010
8860	1.2049e-010
8861	1.2355e-010
8862	1.2601e-010
8863	1.2943e-010
8864	1.3184e-010
8865	1.3534e-010
8866	1.3779e-010
8867	1.4064e-010
8868	1.4531e-010
8869	1.4743e-010
8870	1.5256e-010
8871	1.5429e-010
8872	1.5779e-010
8873	1.6252e-010
8874	1.648e-010
8875	1.6906e-010
8876	1.7348e-010
8877	1.7617e-010
8878	1.8085e-010
8879	1.8569e-010
8880	1.8922e-010
8881	1.9239e-010
8882	1.9792e-010
8883	2.0248e-010
8884	2.0705e-010
8885	2.1093e-010
8886	2.1533e-010
8887	2.2081e-010
8888	2.2597e-010
8889	2.313e-010
8890	2.3617e-010
8891	2.4165e-010
8892	2.4694e-010
8893	2.5247e-010
8894	2.5821e-010
8895	2.6395e-010
8896	2.703e-010
8897	2.7632e-010
8898	2.83e-010
8899	2.8961e-010
8900	2.9574e-010
8901	3.012e-010
8902	3.0954e-010
8903	3.1799e-010
8904	3.2484e-010
8905	3.3136e-010
8906	3.3229e-010
8907	3.2646e-010
8908	3.2076e-010
8909	3.1224e-010
8910	3.0312e-010
8911	2.989e-010
8912	2.9406e-010
8913	2.8798e-010
8914	2.8052e-010
8915	2.7507e-010
8916	2.6831e-010
8917	2.6277e-010
8918	2.5752e-010
8919	2.522e-010
8920	2.4888e-010
8921	2.432e-010
8922	2.4045e-010
8923	2.3592e-010
8924	2.3086e-010
8925	2.2103e-010
8926	2.2146e-010
8927	2.2655e-010
8928	2.2123e-010
8929	2.1957e-010
8930	2.0062e-010
8931	2.1225e-010
8932	2.2335e-010
8933	2.0193e-010
8934	1.9234e-010
8935	1.9736e-010
8936	1.8315e-010
8937	1.8585e-010
8938	1.963e-010
8939	1.7202e-010
8940	1.8351e-010
8941	2.1226e-010
8942	1.8145e-010
8943	1.8015e-010
8944	1.5897e-010
8945	1.4851e-010
8946	1.4963e-010
8947	1.6179e-010
8948	1.5491e-010
8949	1.3932e-010
8950	1.3845e-010
8951	1.3165e-010
8952	1.2599e-010
8953	1.2244e-010
8954	1.1796e-010
8955	1.1563e-010
8956	1.2559e-010
8957	1.3448e-010
8958	1.2036e-010
8959	1.0913e-010
8960	1.0375e-010
8961	1.0822e-010
8962	1.0835e-010
8963	1.2955e-010
8964	1.5229e-010
8965	1.6154e-010
8966	3.3442e-010
8967	5.818e-010
8968	4.6358e-010
8969	8.3862e-010
8970	7.8069e-010
8971	1.263e-010
8972	1.0107e-010
8973	8.5922e-011
8974	8.1613e-011
8975	8.8806e-011
8976	8.7498e-011
8977	8.91e-011
8978	9.3065e-011
8979	9.5123e-011
8980	9.6421e-011
8981	9.828e-011
8982	1.0077e-010
8983	1.0351e-010
8984	1.0655e-010
8985	1.0812e-010
8986	1.1014e-010
8987	1.1263e-010
8988	1.1534e-010
8989	1.1793e-010
8990	1.2063e-010
8991	1.2366e-010
8992	1.2609e-010
8993	1.2944e-010
8994	1.3188e-010
8995	1.3539e-010
8996	1.3796e-010
8997	1.4088e-010
8998	1.4541e-010
8999	1.4754e-010
9000	1.5261e-010
9001	1.5435e-010
9002	1.5776e-010
9003	1.6254e-010
9004	1.6481e-010
9005	1.6913e-010
9006	1.7352e-010
9007	1.7612e-010
9008	1.8084e-010
9009	1.8579e-010
9010	1.8934e-010
9011	1.9248e-010
9012	1.9805e-010
9013	2.0258e-010
9014	2.0729e-010
9015	2.1104e-010
9016	2.1536e-010
9017	2.2079e-010
9018	2.2603e-010
9019	2.3129e-010
9020	2.3622e-010
9021	2.4187e-010
9022	2.4689e-010
9023	2.526e-010
9024	2.5818e-010
9025	2.639e-010
9026	2.7045e-010
9027	2.7641e-010
9028	2.8314e-010
9029	2.8966e-010
9030	2.9566e-010
9031	3.0122e-010
9032	3.0948e-010
9033	3.1792e-010
9034	3.2478e-010
9035	3.3126e-010
9036	3.321e-010
9037	3.2664e-010
9038	3.2093e-010
9039	3.1236e-010
9040	3.0323e-010
9041	2.9901e-010
9042	2.9405e-010
9043	2.8803e-010
9044	2.8058e-010
9045	2.7514e-010
9046	2.6835e-010
9047	2.6288e-010
9048	2.5757e-010
9049	2.5227e-010
9050	2.4895e-010
9051	2.4324e-010
9052	2.4057e-010
9053	2.3593e-010
9054	2.3079e-010
9055	2.2103e-010
9056	2.2163e-010
9057	2.2653e-010
9058	2.2352e-010
9059	2.199e-010
9060	2.008e-010
9061	2.1226e-010
9062	2.233e-010
9063	2.0193e-010
9064	1.9228e-010
9065	1.974e-010
9066	1.831e-010
9067	1.8585e-010
9068	1.9625e-010
9069	1.7192e-010
9070	1.8337e-010
9071	2.1211e-010
9072	1.8128e-010
9073	1.8001e-010
9074	1.5881e-010
9075	1.484e-010
9076	1.4949e-010
9077	1.6168e-010
9078	1.5482e-010
9079	1.3927e-010
9080	1.3836e-010
9081	1.3158e-010
9082	1.2589e-010
9083	1.2232e-010
9084	1.1787e-010
9085	1.1554e-010
9086	1.2555e-010
9087	1.3444e-010
9088	1.2032e-010
9089	1.0908e-010
9090	1.037e-010
9091	1.0818e-010
9092	1.0825e-010
9093	1.2948e-010
9094	1.5227e-010
9095	1.6149e-010
9096	3.3437e-010
9097	5.8179e-010
9098	4.6351e-010
9099	8.385e-010
9100	7.8055e-010
9101	1.6831e-010
9102	1.4147e-010
9103	1.1984e-010
9104	1.0686e-010
9105	1.0352e-010
9106	1.0733e-010
9107	1.1058e-010
9108	1.1329e-010
9109	1.1409e-010
9110	1.1926e-010
9111	1.2113e-010
9112	1.2231e-010
9113	1.2814e-010
9114	1.2727e-010
9115	1.3355e-010
9116	1.3425e-010
9117	1.38e-010
9118	1.4104e-010
9119	1.4334e-010
9120	1.4817e-010
9121	1.4928e-010
9122	1.5543e-010
9123	1.5615e-010
9124	1.6229e-010
9125	1.6384e-010
9126	1.6868e-010
9127	1.7369e-010
9128	1.7401e-010
9129	1.8309e-010
9130	1.8153e-010
9131	1.9058e-010
9132	1.9332e-010
9133	1.9478e-010
9134	2.0355e-010
9135	2.0529e-010
9136	2.0873e-010
9137	2.1697e-010
9138	2.2081e-010
9139	2.225e-010
9140	2.311e-010
9141	2.3685e-010
9142	2.4106e-010
9143	2.4413e-010
9144	2.5134e-010
9145	2.5781e-010
9146	2.6377e-010
9147	2.6889e-010
9148	2.7478e-010
9149	2.8103e-010
9150	2.8651e-010
9151	2.9395e-010
9152	3.0098e-010
9153	3.0761e-010
9154	3.1453e-010
9155	3.2175e-010
9156	3.2904e-010
9157	3.3553e-010
9158	3.4356e-010
9159	3.5174e-010
9160	3.6036e-010
9161	3.7088e-010
9162	3.7911e-010
9163	3.833e-010
9164	3.904e-010
9165	4.0891e-010
9166	4.1007e-010
9167	3.9184e-010
9168	3.8518e-010
9169	3.8359e-010
9170	3.7677e-010
9171	3.6642e-010
9172	3.5802e-010
9173	3.4939e-010
9174	3.4055e-010
9175	3.359e-010
9176	3.294e-010
9177	3.2274e-010
9178	3.1639e-010
9179	3.1037e-010
9180	3.0401e-010
9181	2.9299e-010
9182	2.9217e-010
9183	2.8723e-010
9184	2.8317e-010
9185	2.8132e-010
9186	2.7893e-010
9187	2.734e-010
9188	2.5471e-010
9189	2.6819e-010
9190	2.6425e-010
9191	2.6583e-010
9192	2.4038e-010
9193	2.5306e-010
9194	2.5617e-010
9195	2.2144e-010
9196	2.2078e-010
9197	2.5016e-010
9198	2.1095e-010
9199	2.1983e-010
9200	2.435e-010
9201	2.1546e-010
9202	2.4725e-010
9203	1.9218e-010
9204	2.107e-010
9205	1.855e-010
9206	1.7582e-010
9207	2.0752e-010
9208	1.7948e-010
9209	1.8172e-010
9210	1.6056e-010
9211	1.7057e-010
9212	1.5217e-010
9213	1.547e-010
9214	1.4912e-010
9215	1.4307e-010
9216	1.6131e-010
9217	1.4847e-010
9218	1.5687e-010
9219	1.3111e-010
9220	1.3793e-010
9221	1.3374e-010
9222	1.3234e-010
9223	1.8175e-010
9224	1.5344e-010
9225	1.778e-010
9226	3.8699e-010
9227	5.5155e-010
9228	4.1329e-010
9229	9.6717e-010
9230	6.9273e-010
9231	1.2639e-010
9232	1.0112e-010
9233	8.5948e-011
9234	8.1651e-011
9235	8.883e-011
9236	8.7532e-011
9237	8.91e-011
9238	9.3033e-011
9239	9.5112e-011
9240	9.6408e-011
9241	9.8318e-011
9242	1.0084e-010
9243	1.0351e-010
9244	1.065e-010
9245	1.0809e-010
9246	1.1011e-010
9247	1.1255e-010
9248	1.153e-010
9249	1.1789e-010
9250	1.206e-010
9251	1.2363e-010
9252	1.2607e-010
9253	1.2944e-010
9254	1.3186e-010
9255	1.3539e-010
9256	1.3799e-010
9257	1.4088e-010
9258	1.454e-010
9259	1.4751e-010
9260	1.5261e-010
9261	1.5442e-010
9262	1.5786e-010
9263	1.6261e-010
9264	1.6483e-010
9265	1.6905e-010
9266	1.7344e-010
9267	1.7609e-010
9268	1.8081e-010
9269	1.8586e-010
9270	1.8922e-010
9271	1.9253e-010
9272	1.9809e-010
9273	2.0264e-010
9274	2.0722e-010
9275	2.1101e-010
9276	2.1539e-010
9277	2.2081e-010
9278	2.26e-010
9279	2.3131e-010
9280	2.3626e-010
9281	2.4182e-010
9282	2.4682e-010
9283	2.524e-010
9284	2.5807e-010
9285	2.6392e-010
9286	2.7041e-010
9287	2.7637e-010
9288	2.8312e-010
9289	2.8964e-010
9290	2.9576e-010
9291	3.0124e-010
9292	3.0964e-010
9293	3.1814e-010
9294	3.2494e-010
9295	3.312e-010
9296	3.3228e-010
9297	3.265e-010
9298	3.2074e-010
9299	3.1236e-010
9300	3.0311e-010
9301	2.9901e-010
9302	2.9407e-010
9303	2.8794e-010
9304	2.8072e-010
9305	2.7516e-010
9306	2.684e-010
9307	2.6279e-010
9308	2.5747e-010
9309	2.5233e-010
9310	2.4896e-010
9311	2.4315e-010
9312	2.405e-010
9313	2.36e-010
9314	2.3079e-010
9315	2.2107e-010
9316	2.2147e-010
9317	2.2756e-010
9318	2.2605e-010
9319	2.2113e-010
9320	2.0072e-010
9321	2.1226e-010
9322	2.2341e-010
9323	2.0191e-010
9324	1.9229e-010
9325	1.9738e-010
9326	1.8308e-010
9327	1.8579e-010
9328	1.9619e-010
9329	1.7191e-010
9330	1.8339e-010
9331	2.1208e-010
9332	1.813e-010
9333	1.7999e-010
9334	1.5878e-010
9335	1.4833e-010
9336	1.4946e-010
9337	1.6163e-010
9338	1.5476e-010
9339	1.392e-010
9340	1.3837e-010
9341	1.3156e-010
9342	1.2587e-010
9343	1.2232e-010
9344	1.1788e-010
9345	1.1554e-010
9346	1.2555e-010
9347	1.3445e-010
9348	1.2036e-010
9349	1.091e-010
9350	1.0373e-010
9351	1.0818e-010
9352	1.0831e-010
9353	1.2951e-010
9354	1.5226e-010
9355	1.6152e-010
9356	3.3439e-010
9357	5.8173e-010
9358	4.635e-010
9359	8.3856e-010
9360	7.8066e-010
9361	1.2732e-010
9362	1.2704e-010
9363	1.2615e-010
9364	1.2856e-010
9365	1.3296e-010
9366	1.3751e-010
9367	1.4093e-010
9368	1.4469e-010
9369	1.4958e-010
9370	1.5144e-010
9371	1.5487e-010
9372	1.5923e-010
9373	1.6216e-010
9374	1.6777e-010
9375	1.6983e-010
9376	1.7408e-010
9377	1.7776e-010
9378	1.8186e-010
9379	1.8647e-010
9380	1.9024e-010
9381	1.9554e-010
9382	1.9901e-010
9383	2.0458e-010
9384	2.0831e-010
9385	2.138e-010
9386	2.1821e-010
9387	2.2293e-010
9388	2.2959e-010
9389	2.3322e-010
9390	2.4073e-010
9391	2.4419e-010
9392	2.4994e-010
9393	2.5665e-010
9394	2.6105e-010
9395	2.6755e-010
9396	2.7396e-010
9397	2.7915e-010
9398	2.8583e-010
9399	2.9383e-010
9400	2.99e-010
9401	3.054e-010
9402	3.1294e-010
9403	3.2027e-010
9404	3.2745e-010
9405	3.3433e-010
9406	3.4137e-010
9407	3.4957e-010
9408	3.5758e-010
9409	3.6585e-010
9410	3.74e-010
9411	3.8242e-010
9412	3.9083e-010
9413	3.9964e-010
9414	4.0868e-010
9415	4.1796e-010
9416	4.2771e-010
9417	4.3727e-010
9418	4.4715e-010
9419	4.5738e-010
9420	4.6776e-010
9421	4.7726e-010
9422	4.8927e-010
9423	5.0149e-010
9424	5.1333e-010
9425	5.2311e-010
9426	5.2533e-010
9427	5.1681e-010
9428	5.0609e-010
9429	4.9438e-010
9430	4.8222e-010
9431	4.7328e-010
9432	4.6289e-010
9433	4.5282e-010
9434	4.4254e-010
9435	4.3345e-010
9436	4.2368e-010
9437	4.1486e-010
9438	4.0613e-010
9439	3.979e-010
9440	3.9051e-010
9441	3.8262e-010
9442	3.7553e-010
9443	3.6846e-010
9444	3.6072e-010
9445	3.4904e-010
9446	3.4619e-010
9447	3.4696e-010
9448	3.4542e-010
9449	3.3533e-010
9450	3.1683e-010
9451	3.2167e-010
9452	3.326e-010
9453	3.076e-010
9454	2.972e-010
9455	2.9802e-010
9456	2.8291e-010
9457	2.828e-010
9458	2.9075e-010
9459	2.6492e-010
9460	2.729e-010
9461	3.0328e-010
9462	2.6672e-010
9463	2.6461e-010
9464	2.4132e-010
9465	2.2382e-010
9466	2.4129e-010
9467	2.2959e-010
9468	2.2598e-010
9469	2.103e-010
9470	2.116e-010
9471	1.9781e-010
9472	1.9391e-010
9473	1.8528e-010
9474	1.7899e-010
9475	1.7474e-010
9476	1.7604e-010
9477	1.8603e-010
9478	1.6387e-010
9479	1.5355e-010
9480	1.46e-010
9481	1.5559e-010
9482	1.598e-010
9483	1.658e-010
9484	2.108e-010
9485	2.401e-010
9486	3.8941e-010
9487	5.547e-010
9488	7.1561e-010
9489	8.2326e-010
9490	1.0559e-009
9491	1.2356e-010
9492	1.241e-010
9493	1.244e-010
9494	1.2563e-010
9495	1.3005e-010
9496	1.3341e-010
9497	1.3737e-010
9498	1.4171e-010
9499	1.4287e-010
9500	1.4866e-010
9501	1.5133e-010
9502	1.5341e-010
9503	1.598e-010
9504	1.6035e-010
9505	1.6687e-010
9506	1.6857e-010
9507	1.7315e-010
9508	1.7715e-010
9509	1.8033e-010
9510	1.8595e-010
9511	1.8839e-010
9512	1.9477e-010
9513	1.9712e-010
9514	2.0351e-010
9515	2.0667e-010
9516	2.121e-010
9517	2.1779e-010
9518	2.2057e-010
9519	2.2903e-010
9520	2.305e-010
9521	2.3881e-010
9522	2.4304e-010
9523	2.4703e-010
9524	2.5516e-010
9525	2.5923e-010
9526	2.644e-010
9527	2.724e-010
9528	2.7824e-010
9529	2.8241e-010
9530	2.912e-010
9531	2.9743e-010
9532	3.0378e-010
9533	3.0905e-010
9534	3.1747e-010
9535	3.2484e-010
9536	3.3212e-010
9537	3.3922e-010
9538	3.4687e-010
9539	3.5495e-010
9540	3.6214e-010
9541	3.7097e-010
9542	3.7931e-010
9543	3.8773e-010
9544	3.9666e-010
9545	4.0558e-010
9546	4.1503e-010
9547	4.2368e-010
9548	4.3332e-010
9549	4.4361e-010
9550	4.5406e-010
9551	4.6557e-010
9552	4.7635e-010
9553	4.844e-010
9554	4.9449e-010
9555	5.117e-010
9556	5.1302e-010
9557	4.9622e-010
9558	4.8701e-010
9559	4.8065e-010
9560	4.7064e-010
9561	4.5937e-010
9562	4.4955e-010
9563	4.3917e-010
9564	4.2854e-010
9565	4.2149e-010
9566	4.1262e-010
9567	4.042e-010
9568	3.9599e-010
9569	3.8773e-010
9570	3.8038e-010
9571	3.6851e-010
9572	3.6497e-010
9573	3.5771e-010
9574	3.5186e-010
9575	3.4608e-010
9576	3.4118e-010
9577	3.3875e-010
9578	3.2412e-010
9579	3.2967e-010
9580	3.1723e-010
9581	3.2164e-010
9582	3.0638e-010
9583	3.0628e-010
9584	3.0307e-010
9585	2.802e-010
9586	2.7347e-010
9587	2.9335e-010
9588	2.6779e-010
9589	2.6403e-010
9590	2.836e-010
9591	2.7157e-010
9592	2.8486e-010
9593	2.4104e-010
9594	2.4615e-010
9595	2.215e-010
9596	2.3428e-010
9597	2.3705e-010
9598	2.1036e-010
9599	2.1594e-010
9600	1.9805e-010
9601	2.0264e-010
9602	1.8568e-010
9603	1.8519e-010
9604	1.7835e-010
9605	1.6868e-010
9606	1.8396e-010
9607	1.6886e-010
9608	1.7449e-010
9609	1.4464e-010
9610	1.4876e-010
9611	1.6168e-010
9612	1.4802e-010
9613	1.7523e-010
9614	2.133e-010
9615	2.4283e-010
9616	3.4525e-010
9617	5.2277e-010
9618	6.2785e-010
9619	7.1747e-010
9620	9.0392e-010
9621	1.2728e-010
9622	1.2703e-010
9623	1.2612e-010
9624	1.2857e-010
9625	1.3296e-010
9626	1.3751e-010
9627	1.4095e-010
9628	1.4463e-010
9629	1.4951e-010
9630	1.5143e-010
9631	1.5488e-010
9632	1.5925e-010
9633	1.6219e-010
9634	1.6778e-010
9635	1.6985e-010
9636	1.7406e-010
9637	1.7773e-010
9638	1.8183e-010
9639	1.864e-010
9640	1.9019e-010
9641	1.9554e-010
9642	1.99e-010
9643	2.0459e-010
9644	2.0833e-010
9645	2.1388e-010
9646	2.1836e-010
9647	2.2302e-010
9648	2.296e-010
9649	2.3322e-010
9650	2.4064e-010
9651	2.4412e-010
9652	2.4991e-010
9653	2.5663e-010
9654	2.6101e-010
9655	2.6746e-010
9656	2.7394e-010
9657	2.7921e-010
9658	2.865e-010
9659	2.9392e-010
9660	2.9914e-010
9661	3.053e-010
9662	3.128e-010
9663	3.202e-010
9664	3.2748e-010
9665	3.3444e-010
9666	3.4138e-010
9667	3.4953e-010
9668	3.5757e-010
9669	3.6581e-010
9670	3.7399e-010
9671	3.8246e-010
9672	3.9075e-010
9673	3.9957e-010
9674	4.0869e-010
9675	4.1795e-010
9676	4.2785e-010
9677	4.3719e-010
9678	4.4727e-010
9679	4.5746e-010
9680	4.6769e-010
9681	4.7734e-010
9682	4.8937e-010
9683	5.0151e-010
9684	5.1322e-010
9685	5.2315e-010
9686	5.2434e-010
9687	5.1527e-010
9688	5.0454e-010
9689	4.9364e-010
9690	4.824e-010
9691	4.7317e-010
9692	4.6288e-010
9693	4.5283e-010
9694	4.4253e-010
9695	4.3334e-010
9696	4.2353e-010
9697	4.1482e-010
9698	4.0608e-010
9699	3.9787e-010
9700	3.9013e-010
9701	3.8284e-010
9702	3.7511e-010
9703	3.6852e-010
9704	3.6077e-010
9705	3.4917e-010
9706	3.4624e-010
9707	3.4699e-010
9708	3.4538e-010
9709	3.3538e-010
9710	3.1674e-010
9711	3.2164e-010
9712	3.3248e-010
9713	3.0767e-010
9714	2.972e-010
9715	2.9805e-010
9716	2.829e-010
9717	2.8279e-010
9718	2.9079e-010
9719	2.6496e-010
9720	2.729e-010
9721	3.0331e-010
9722	2.6668e-010
9723	2.6467e-010
9724	2.4135e-010
9725	2.2385e-010
9726	2.4135e-010
9727	2.2961e-010
9728	2.2601e-010
9729	2.1037e-010
9730	2.1163e-010
9731	1.9781e-010
9732	1.939e-010
9733	1.8526e-010
9734	1.7901e-010
9735	1.7475e-010
9736	1.7603e-010
9737	1.8606e-010
9738	1.6387e-010
9739	1.5354e-010
9740	1.46e-010
9741	1.5558e-010
9742	1.598e-010
9743	1.6578e-010
9744	2.1076e-010
9745	2.4005e-010
9746	3.8938e-010
9747	5.547e-010
9748	7.1561e-010
9749	8.2331e-010
9750	1.0559e-009
9751	1.2721e-010
9752	1.2694e-010
9753	1.26e-010
9754	1.2841e-010
9755	1.3286e-010
9756	1.3746e-010
9757	1.409e-010
9758	1.4467e-010
9759	1.495e-010
9760	1.5142e-010
9761	1.5483e-010
9762	1.5916e-010
9763	1.6206e-010
9764	1.6766e-010
9765	1.697e-010
9766	1.7403e-010
9767	1.7771e-010
9768	1.8184e-010
9769	1.8637e-010
9770	1.9011e-010
9771	1.9539e-010
9772	1.9901e-010
9773	2.0462e-010
9774	2.0825e-010
9775	2.1366e-010
9776	2.1803e-010
9777	2.2273e-010
9778	2.2932e-010
9779	2.3298e-010
9780	2.405e-010
9781	2.4401e-010
9782	2.4983e-010
9783	2.5661e-010
9784	2.6096e-010
9785	2.6743e-010
9786	2.7395e-010
9787	2.7913e-010
9788	2.861e-010
9789	2.9428e-010
9790	2.9935e-010
9791	3.0586e-010
9792	3.1301e-010
9793	3.2006e-010
9794	3.2715e-010
9795	3.3398e-010
9796	3.4112e-010
9797	3.4943e-010
9798	3.574e-010
9799	3.6562e-010
9800	3.738e-010
9801	3.8226e-010
9802	3.9079e-010
9803	3.9968e-010
9804	4.0876e-010
9805	4.1798e-010
9806	4.2762e-010
9807	4.373e-010
9808	4.4731e-010
9809	4.5776e-010
9810	4.6802e-010
9811	4.7738e-010
9812	4.8925e-010
9813	5.0158e-010
9814	5.1324e-010
9815	5.2307e-010
9816	5.2403e-010
9817	5.1489e-010
9818	5.0489e-010
9819	4.9391e-010
9820	4.823e-010
9821	4.7305e-010
9822	4.6289e-010
9823	4.5282e-010
9824	4.424e-010
9825	4.3339e-010
9826	4.2369e-010
9827	4.148e-010
9828	4.0604e-010
9829	3.9785e-010
9830	3.9075e-010
9831	3.8159e-010
9832	3.7566e-010
9833	3.6837e-010
9834	3.6075e-010
9835	3.4913e-010
9836	3.4621e-010
9837	3.4693e-010
9838	3.4528e-010
9839	3.3526e-010
9840	3.1667e-010
9841	3.2158e-010
9842	3.3245e-010
9843	3.0757e-010
9844	2.9719e-010
9845	2.981e-010
9846	2.8294e-010
9847	2.8289e-010
9848	2.9102e-010
9849	2.6518e-010
9850	2.7313e-010
9851	3.0359e-010
9852	2.6693e-010
9853	2.6488e-010
9854	2.4155e-010
9855	2.2401e-010
9856	2.4154e-010
9857	2.2981e-010
9858	2.262e-010
9859	2.105e-010
9860	2.1177e-010
9861	1.9796e-010
9862	1.9409e-010
9863	1.8543e-010
9864	1.792e-010
9865	1.7491e-010
9866	1.7612e-010
9867	1.8612e-010
9868	1.6388e-010
9869	1.5354e-010
9870	1.46e-010
9871	1.556e-010
9872	1.5985e-010
9873	1.6582e-010
9874	2.1081e-010
9875	2.4015e-010
9876	3.8952e-010
9877	5.5482e-010
9878	7.1576e-010
9879	8.2353e-010
9880	1.0561e-009
9881	1.2335e-010
9882	1.2385e-010
9883	1.2414e-010
9884	1.2539e-010
9885	1.2991e-010
9886	1.3344e-010
9887	1.3741e-010
9888	1.4176e-010
9889	1.429e-010
9890	1.4864e-010
9891	1.5119e-010
9892	1.5323e-010
9893	1.5972e-010
9894	1.6027e-010
9895	1.6678e-010
9896	1.6848e-010
9897	1.7298e-010
9898	1.7694e-010
9899	1.8012e-010
9900	1.8573e-010
9901	1.8825e-010
9902	1.948e-010
9903	1.9727e-010
9904	2.0344e-010
9905	2.0649e-010
9906	2.1186e-010
9907	2.1746e-010
9908	2.2017e-010
9909	2.2871e-010
9910	2.3039e-010
9911	2.3871e-010
9912	2.429e-010
9913	2.4698e-010
9914	2.5524e-010
9915	2.5916e-010
9916	2.6445e-010
9917	2.7242e-010
9918	2.782e-010
9919	2.8193e-010
9920	2.9129e-010
9921	2.975e-010
9922	3.0374e-010
9923	3.087e-010
9924	3.1718e-010
9925	3.2463e-010
9926	3.32e-010
9927	3.393e-010
9928	3.4683e-010
9929	3.5472e-010
9930	3.6183e-010
9931	3.7073e-010
9932	3.7914e-010
9933	3.8808e-010
9934	3.9675e-010
9935	4.0549e-010
9936	4.1479e-010
9937	4.2332e-010
9938	4.3356e-010
9939	4.4383e-010
9940	4.5435e-010
9941	4.6574e-010
9942	4.7642e-010
9943	4.8462e-010
9944	4.9435e-010
9945	5.1164e-010
9946	5.1297e-010
9947	4.9625e-010
9948	4.8676e-010
9949	4.8049e-010
9950	4.7041e-010
9951	4.5937e-010
9952	4.4948e-010
9953	4.3919e-010
9954	4.284e-010
9955	4.2125e-010
9956	4.126e-010
9957	4.0402e-010
9958	3.9581e-010
9959	3.8778e-010
9960	3.7914e-010
9961	3.6991e-010
9962	3.6384e-010
9963	3.5783e-010
9964	3.5203e-010
9965	3.4616e-010
9966	3.4112e-010
9967	3.3861e-010
9968	3.2396e-010
9969	3.2933e-010
9970	3.1707e-010
9971	3.2164e-010
9972	3.0618e-010
9973	3.0619e-010
9974	3.0299e-010
9975	2.8015e-010
9976	2.7349e-010
9977	2.9343e-010
9978	2.6787e-010
9979	2.6436e-010
9980	2.8391e-010
9981	2.7199e-010
9982	2.8519e-010
9983	2.4146e-010
9984	2.4645e-010
9985	2.218e-010
9986	2.345e-010
9987	2.3731e-010
9988	2.1055e-010
9989	2.1621e-010
9990	1.9828e-010
9991	2.0287e-010
9992	1.8596e-010
9993	1.8546e-010
9994	1.7863e-010
9995	1.6887e-010
9996	1.8406e-010
9997	1.6893e-010
9998	1.7447e-010
9999	1.4467e-010
10000	1.4879e-010
10001	1.6177e-010
10002	1.4813e-010
10003	1.7538e-010
10004	2.1337e-010
10005	2.4297e-010
10006	3.4537e-010
10007	5.2292e-010
10008	6.2799e-010
10009	7.1777e-010
10010	9.0415e-010
10011	1.2721e-010
10012	1.2694e-010
10013	1.26e-010
10014	1.2841e-010
10015	1.3286e-010
10016	1.3746e-010
10017	1.409e-010
10018	1.4467e-010
10019	1.495e-010
10020	1.5142e-010
10021	1.5483e-010
10022	1.5916e-010
10023	1.6206e-010
10024	1.6766e-010
10025	1.6971e-010
10026	1.7403e-010
10027	1.7771e-010
10028	1.8184e-010
10029	1.8637e-010
10030	1.9011e-010
10031	1.9539e-010
10032	1.9901e-010
10033	2.0462e-010
10034	2.0825e-010
10035	2.1366e-010
10036	2.1803e-010
10037	2.2273e-010
10038	2.2932e-010
10039	2.3297e-010
10040	2.4051e-010
10041	2.4401e-010
10042	2.4983e-010
10043	2.566e-010
10044	2.6095e-010
10045	2.6743e-010
10046	2.7397e-010
10047	2.7909e-010
10048	2.8568e-010
10049	2.9368e-010
10050	2.9993e-010
10051	3.068e-010
10052	3.1353e-010
10053	3.2003e-010
10054	3.2717e-010
10055	3.3399e-010
10056	3.4112e-010
10057	3.4943e-010
10058	3.5741e-010
10059	3.6563e-010
10060	3.738e-010
10061	3.8226e-010
10062	3.9079e-010
10063	3.9969e-010
10064	4.0876e-010
10065	4.1798e-010
10066	4.2762e-010
10067	4.373e-010
10068	4.473e-010
10069	4.5777e-010
10070	4.6802e-010
10071	4.7738e-010
10072	4.8925e-010
10073	5.0158e-010
10074	5.1324e-010
10075	5.2308e-010
10076	5.2407e-010
10077	5.1489e-010
10078	5.0554e-010
10079	4.9475e-010
10080	4.8216e-010
10081	4.7294e-010
10082	4.6274e-010
10083	4.5274e-010
10084	4.4238e-010
10085	4.3339e-010
10086	4.2369e-010
10087	4.1481e-010
10088	4.0603e-010
10089	3.9797e-010
10090	3.9017e-010
10091	3.826e-010
10092	3.7628e-010
10093	3.6971e-010
10094	3.613e-010
10095	3.4916e-010
10096	3.4612e-010
10097	3.4697e-010
10098	3.4532e-010
10099	3.3528e-010
10100	3.1665e-010
10101	3.2157e-010
10102	3.3245e-010
10103	3.0759e-010
10104	2.972e-010
10105	2.981e-010
10106	2.8293e-010
10107	2.8289e-010
10108	2.9102e-010
10109	2.6518e-010
10110	2.7313e-010
10111	3.0359e-010
10112	2.6693e-010
10113	2.6488e-010
10114	2.4155e-010
10115	2.2401e-010
10116	2.4154e-010
10117	2.2981e-010
10118	2.262e-010
10119	2.105e-010
10120	2.1177e-010
10121	1.9796e-010
10122	1.9409e-010
10123	1.8543e-010
10124	1.792e-010
10125	1.7491e-010
10126	1.7612e-010
10127	1.8612e-010
10128	1.6388e-010
10129	1.5354e-010
10130	1.46e-010
10131	1.556e-010
10132	1.5985e-010
10133	1.6582e-010
10134	2.1081e-010
10135	2.4015e-010
10136	3.8952e-010
10137	5.5482e-010
10138	7.1576e-010
10139	8.235e-010
10140	1.0561e-009
10141	1.2728e-010
10142	1.2703e-010
10143	1.2613e-010
10144	1.2857e-010
10145	1.3296e-010
10146	1.3751e-010
10147	1.4095e-010
10148	1.4463e-010
10149	1.4951e-010
10150	1.5142e-010
10151	1.5488e-010
10152	1.5925e-010
10153	1.6219e-010
10154	1.6778e-010
10155	1.6985e-010
10156	1.7406e-010
10157	1.7773e-010
10158	1.8183e-010
10159	1.864e-010
10160	1.9019e-010
10161	1.9553e-010
10162	1.99e-010
10163	2.0459e-010
10164	2.0833e-010
10165	2.1388e-010
10166	2.1836e-010
10167	2.2302e-010
10168	2.296e-010
10169	2.332e-010
10170	2.4064e-010
10171	2.4412e-010
10172	2.4991e-010
10173	2.5663e-010
10174	2.61e-010
10175	2.6745e-010
10176	2.7393e-010
10177	2.7919e-010
10178	2.8593e-010
10179	2.9363e-010
10180	2.9966e-010
10181	3.0637e-010
10182	3.1336e-010
10183	3.2019e-010
10184	3.2751e-010
10185	3.3443e-010
10186	3.4135e-010
10187	3.4953e-010
10188	3.5758e-010
10189	3.6579e-010
10190	3.7399e-010
10191	3.8246e-010
10192	3.9075e-010
10193	3.9956e-010
10194	4.0869e-010
10195	4.1795e-010
10196	4.2785e-010
10197	4.3719e-010
10198	4.4727e-010
10199	4.5746e-010
10200	4.6769e-010
10201	4.7734e-010
10202	4.8937e-010
10203	5.0151e-010
10204	5.1323e-010
10205	5.231e-010
10206	5.243e-010
10207	5.1571e-010
10208	5.061e-010
10209	4.9494e-010
10210	4.8235e-010
10211	4.7363e-010
10212	4.636e-010
10213	4.5315e-010
10214	4.4251e-010
10215	4.3334e-010
10216	4.2353e-010
10217	4.1484e-010
10218	4.0606e-010
10219	3.9789e-010
10220	3.9021e-010
10221	3.8273e-010
10222	3.7627e-010
10223	3.6975e-010
10224	3.6141e-010
10225	3.4921e-010
10226	3.4623e-010
10227	3.4688e-010
10228	3.4542e-010
10229	3.3528e-010
10230	3.1671e-010
10231	3.2161e-010
10232	3.3243e-010
10233	3.0767e-010
10234	2.972e-010
10235	2.9803e-010
10236	2.829e-010
10237	2.8279e-010
10238	2.9079e-010
10239	2.6496e-010
10240	2.7289e-010
10241	3.033e-010
10242	2.6668e-010
10243	2.6467e-010
10244	2.4135e-010
10245	2.2385e-010
10246	2.4135e-010
10247	2.2961e-010
10248	2.2601e-010
10249	2.1037e-010
10250	2.1163e-010
10251	1.9781e-010
10252	1.939e-010
10253	1.8526e-010
10254	1.7901e-010
10255	1.7475e-010
10256	1.7603e-010
10257	1.8606e-010
10258	1.6387e-010
10259	1.5354e-010
10260	1.46e-010
10261	1.5558e-010
10262	1.598e-010
10263	1.6578e-010
10264	2.1076e-010
10265	2.4005e-010
10266	3.8938e-010
10267	5.547e-010
10268	7.1561e-010
10269	8.2332e-010
10270	1.0559e-009
10271	1.2356e-010
10272	1.2409e-010
10273	1.2441e-010
10274	1.2563e-010
10275	1.3005e-010
10276	1.3341e-010
10277	1.3737e-010
10278	1.4171e-010
10279	1.4287e-010
10280	1.4865e-010
10281	1.5133e-010
10282	1.5341e-010
10283	1.5979e-010
10284	1.6035e-010
10285	1.6689e-010
10286	1.686e-010
10287	1.7315e-010
10288	1.7715e-010
10289	1.8033e-010
10290	1.8594e-010
10291	1.8839e-010
10292	1.9477e-010
10293	1.9712e-010
10294	2.035e-010
10295	2.0667e-010
10296	2.1213e-010
10297	2.1778e-010
10298	2.2057e-010
10299	2.2902e-010
10300	2.305e-010
10301	2.3881e-010
10302	2.4304e-010
10303	2.4703e-010
10304	2.5517e-010
10305	2.5921e-010
10306	2.6443e-010
10307	2.7237e-010
10308	2.7838e-010
10309	2.8224e-010
10310	2.9129e-010
10311	2.9747e-010
10312	3.0385e-010
10313	3.0907e-010
10314	3.1749e-010
10315	3.2481e-010
10316	3.3214e-010
10317	3.3922e-010
10318	3.4685e-010
10319	3.5493e-010
10320	3.6214e-010
10321	3.7097e-010
10322	3.7931e-010
10323	3.8776e-010
10324	3.9666e-010
10325	4.0558e-010
10326	4.1503e-010
10327	4.2368e-010
10328	4.3332e-010
10329	4.4361e-010
10330	4.5406e-010
10331	4.6557e-010
10332	4.7635e-010
10333	4.8439e-010
10334	4.9447e-010
10335	5.1173e-010
10336	5.1284e-010
10337	4.9647e-010
10338	4.8721e-010
10339	4.8093e-010
10340	4.706e-010
10341	4.5947e-010
10342	4.4972e-010
10343	4.3922e-010
10344	4.2853e-010
10345	4.2148e-010
10346	4.1262e-010
10347	4.0419e-010
10348	3.9596e-010
10349	3.8779e-010
10350	3.7945e-010
10351	3.6926e-010
10352	3.6399e-010
10353	3.5784e-010
10354	3.518e-010
10355	3.4609e-010
10356	3.4118e-010
10357	3.388e-010
10358	3.2401e-010
10359	3.2965e-010
10360	3.1717e-010
10361	3.2158e-010
10362	3.064e-010
10363	3.0633e-010
10364	3.0308e-010
10365	2.8013e-010
10366	2.7346e-010
10367	2.9335e-010
10368	2.678e-010
10369	2.6404e-010
10370	2.836e-010
10371	2.7157e-010
10372	2.8486e-010
10373	2.4104e-010
10374	2.4616e-010
10375	2.2148e-010
10376	2.3428e-010
10377	2.3705e-010
10378	2.1036e-010
10379	2.1594e-010
10380	1.9805e-010
10381	2.0264e-010
10382	1.8568e-010
10383	1.8519e-010
10384	1.7837e-010
10385	1.6867e-010
10386	1.8396e-010
10387	1.6886e-010
10388	1.7449e-010
10389	1.4464e-010
10390	1.4878e-010
10391	1.6169e-010
10392	1.4802e-010
10393	1.7523e-010
10394	2.133e-010
10395	2.4283e-010
10396	3.4525e-010
10397	5.228e-010
10398	6.2784e-010
10399	7.1747e-010
10400	9.0392e-010
10401	1.2732e-010
10402	1.2706e-010
10403	1.2612e-010
10404	1.2856e-010
10405	1.3297e-010
10406	1.375e-010
10407	1.4094e-010
10408	1.4469e-010
10409	1.4958e-010
10410	1.5144e-010
10411	1.5487e-010
10412	1.5923e-010
10413	1.6216e-010
10414	1.6777e-010
10415	1.6984e-010
10416	1.7408e-010
10417	1.7776e-010
10418	1.8186e-010
10419	1.8647e-010
10420	1.9025e-010
10421	1.9554e-010
10422	1.9901e-010
10423	2.0458e-010
10424	2.0831e-010
10425	2.1379e-010
10426	2.1821e-010
10427	2.2293e-010
10428	2.2959e-010
10429	2.3323e-010
10430	2.4073e-010
10431	2.4419e-010
10432	2.4994e-010
10433	2.5665e-010
10434	2.6107e-010
10435	2.6755e-010
10436	2.7394e-010
10437	2.7918e-010
10438	2.8598e-010
10439	2.9378e-010
10440	2.9914e-010
10441	3.0546e-010
10442	3.1346e-010
10443	3.2132e-010
10444	3.2848e-010
10445	3.3476e-010
10446	3.4134e-010
10447	3.4952e-010
10448	3.5759e-010
10449	3.6581e-010
10450	3.74e-010
10451	3.8242e-010
10452	3.9084e-010
10453	3.9965e-010
10454	4.0868e-010
10455	4.1796e-010
10456	4.2771e-010
10457	4.3727e-010
10458	4.4715e-010
10459	4.5738e-010
10460	4.6776e-010
10461	4.7726e-010
10462	4.8928e-010
10463	5.0152e-010
10464	5.1329e-010
10465	5.2321e-010
10466	5.253e-010
10467	5.173e-010
10468	5.0685e-010
10469	4.9479e-010
10470	4.8235e-010
10471	4.7442e-010
10472	4.6504e-010
10473	4.5393e-010
10474	4.426e-010
10475	4.3343e-010
10476	4.237e-010
10477	4.1485e-010
10478	4.0614e-010
10479	3.979e-010
10480	3.9016e-010
10481	3.8215e-010
10482	3.7514e-010
10483	3.6855e-010
10484	3.6072e-010
10485	3.4904e-010
10486	3.4639e-010
10487	3.4676e-010
10488	3.4603e-010
10489	3.3462e-010
10490	3.1698e-010
10491	3.2165e-010
10492	3.3243e-010
10493	3.076e-010
10494	2.9721e-010
10495	2.9801e-010
10496	2.8293e-010
10497	2.8279e-010
10498	2.9075e-010
10499	2.6492e-010
10500	2.7289e-010
10501	3.0326e-010
10502	2.6671e-010
10503	2.646e-010
10504	2.4135e-010
10505	2.2382e-010
10506	2.4129e-010
10507	2.2959e-010
10508	2.2598e-010
10509	2.103e-010
10510	2.116e-010
10511	1.9781e-010
10512	1.9391e-010
10513	1.8528e-010
10514	1.7898e-010
10515	1.7475e-010
10516	1.7604e-010
10517	1.8603e-010
10518	1.6387e-010
10519	1.5355e-010
10520	1.46e-010
10521	1.556e-010
10522	1.5981e-010
10523	1.658e-010
10524	2.108e-010
10525	2.401e-010
10526	3.8941e-010
10527	5.547e-010
10528	7.1561e-010
10529	8.2327e-010
10530	1.0559e-009
10531	1.2732e-010
10532	1.2706e-010
10533	1.2612e-010
10534	1.2856e-010
10535	1.3297e-010
10536	1.375e-010
10537	1.4094e-010
10538	1.4469e-010
10539	1.4958e-010
10540	1.5144e-010
10541	1.5487e-010
10542	1.5924e-010
10543	1.6214e-010
10544	1.6777e-010
10545	1.6984e-010
10546	1.7408e-010
10547	1.7776e-010
10548	1.8186e-010
10549	1.8647e-010
10550	1.9025e-010
10551	1.9554e-010
10552	1.9901e-010
10553	2.0458e-010
10554	2.0831e-010
10555	2.1379e-010
10556	2.1821e-010
10557	2.2293e-010
10558	2.2959e-010
10559	2.3323e-010
10560	2.4073e-010
10561	2.4419e-010
10562	2.4994e-010
10563	2.5665e-010
10564	2.6107e-010
10565	2.6755e-010
10566	2.7393e-010
10567	2.7918e-010
10568	2.8598e-010
10569	2.9376e-010
10570	2.9909e-010
10571	3.0539e-010
10572	3.1344e-010
10573	3.2158e-010
10574	3.2874e-010
10575	3.3513e-010
10576	3.4196e-010
10577	3.4983e-010
10578	3.5758e-010
10579	3.6585e-010
10580	3.74e-010
10581	3.8242e-010
10582	3.9084e-010
10583	3.9965e-010
10584	4.0868e-010
10585	4.1796e-010
10586	4.2771e-010
10587	4.3727e-010
10588	4.4715e-010
10589	4.5738e-010
10590	4.6776e-010
10591	4.7726e-010
10592	4.8929e-010
10593	5.0154e-010
10594	5.1326e-010
10595	5.2311e-010
10596	5.253e-010
10597	5.1737e-010
10598	5.0693e-010
10599	4.9479e-010
10600	4.819e-010
10601	4.7364e-010
10602	4.6426e-010
10603	4.5349e-010
10604	4.4259e-010
10605	4.3343e-010
10606	4.2369e-010
10607	4.1483e-010
10608	4.0612e-010
10609	3.9792e-010
10610	3.9023e-010
10611	3.8211e-010
10612	3.7514e-010
10613	3.6848e-010
10614	3.607e-010
10615	3.4904e-010
10616	3.4611e-010
10617	3.4766e-010
10618	3.444e-010
10619	3.3512e-010
10620	3.1664e-010
10621	3.2171e-010
10622	3.324e-010
10623	3.0756e-010
10624	2.972e-010
10625	2.9801e-010
10626	2.8293e-010
10627	2.8279e-010
10628	2.9075e-010
10629	2.6493e-010
10630	2.7289e-010
10631	3.0326e-010
10632	2.6671e-010
10633	2.646e-010
10634	2.4135e-010
10635	2.2382e-010
10636	2.4129e-010
10637	2.2959e-010
10638	2.2598e-010
10639	2.103e-010
10640	2.116e-010
10641	1.9781e-010
10642	1.9391e-010
10643	1.8528e-010
10644	1.7898e-010
10645	1.7475e-010
10646	1.7604e-010
10647	1.8603e-010
10648	1.6387e-010
10649	1.5355e-010
10650	1.46e-010
10651	1.556e-010
10652	1.5981e-010
10653	1.658e-010
10654	2.108e-010
10655	2.401e-010
10656	3.8941e-010
10657	5.547e-010
10658	7.1561e-010
10659	8.2327e-010
10660	1.0559e-009
10661	1.2356e-010
10662	1.2409e-010
10663	1.2441e-010
10664	1.2563e-010
10665	1.3005e-010
10666	1.3341e-010
10667	1.3737e-010
10668	1.4171e-010
10669	1.4287e-010
10670	1.4865e-010
10671	1.5133e-010
10672	1.5341e-010
10673	1.5979e-010
10674	1.6035e-010
10675	1.6688e-010
10676	1.6861e-010
10677	1.7315e-010
10678	1.7715e-010
10679	1.8032e-010
10680	1.8594e-010
10681	1.8839e-010
10682	1.9477e-010
10683	1.9712e-010
10684	2.035e-010
10685	2.0667e-010
10686	2.1213e-010
10687	2.1778e-010
10688	2.2057e-010
10689	2.2903e-010
10690	2.305e-010
10691	2.3881e-010
10692	2.4304e-010
10693	2.4703e-010
10694	2.5517e-010
10695	2.5922e-010
10696	2.6443e-010
10697	2.7237e-010
10698	2.7837e-010
10699	2.8229e-010
10700	2.9129e-010
10701	2.9744e-010
10702	3.0378e-010
10703	3.0917e-010
10704	3.1751e-010
10705	3.2483e-010
10706	3.3226e-010
10707	3.3928e-010
10708	3.4686e-010
10709	3.5493e-010
10710	3.6214e-010
10711	3.7097e-010
10712	3.7931e-010
10713	3.8776e-010
10714	3.9666e-010
10715	4.0558e-010
10716	4.1503e-010
10717	4.2368e-010
10718	4.3333e-010
10719	4.4361e-010
10720	4.5406e-010
10721	4.6557e-010
10722	4.7633e-010
10723	4.8435e-010
10724	4.9447e-010
10725	5.1176e-010
10726	5.1285e-010
10727	4.9649e-010
10728	4.8725e-010
10729	4.8094e-010
10730	4.7051e-010
10731	4.594e-010
10732	4.495e-010
10733	4.3919e-010
10734	4.2855e-010
10735	4.2149e-010
10736	4.1261e-010
10737	4.0413e-010
10738	3.96e-010
10739	3.8784e-010
10740	3.7949e-010
10741	3.6939e-010
10742	3.6401e-010
10743	3.5775e-010
10744	3.5179e-010
10745	3.4615e-010
10746	3.4125e-010
10747	3.3634e-010
10748	3.2536e-010
10749	3.2692e-010
10750	3.172e-010
10751	3.217e-010
10752	3.0628e-010
10753	3.0632e-010
10754	3.0308e-010
10755	2.8008e-010
10756	2.7346e-010
10757	2.9335e-010
10758	2.6779e-010
10759	2.6404e-010
10760	2.836e-010
10761	2.7157e-010
10762	2.8486e-010
10763	2.4104e-010
10764	2.4616e-010
10765	2.2148e-010
10766	2.3428e-010
10767	2.3705e-010
10768	2.1036e-010
10769	2.1594e-010
10770	1.9805e-010
10771	2.0264e-010
10772	1.8568e-010
10773	1.8519e-010
10774	1.7837e-010
10775	1.6867e-010
10776	1.8396e-010
10777	1.6885e-010
10778	1.7449e-010
10779	1.4464e-010
10780	1.4878e-010
10781	1.6169e-010
10782	1.4802e-010
10783	1.7523e-010
10784	2.133e-010
10785	2.4283e-010
10786	3.4525e-010
10787	5.228e-010
10788	6.2784e-010
10789	7.1747e-010
10790	9.0391e-010
10791	1.2728e-010
10792	1.2703e-010
10793	1.2613e-010
10794	1.2857e-010
10795	1.3296e-010
10796	1.3751e-010
10797	1.4095e-010
10798	1.4463e-010
10799	1.4951e-010
10800	1.5142e-010
10801	1.5488e-010
10802	1.5925e-010
10803	1.6219e-010
10804	1.6778e-010
10805	1.6985e-010
10806	1.7407e-010
10807	1.7773e-010
10808	1.8183e-010
10809	1.864e-010
10810	1.9019e-010
10811	1.9553e-010
10812	1.99e-010
10813	2.0459e-010
10814	2.0833e-010
10815	2.1388e-010
10816	2.1836e-010
10817	2.2302e-010
10818	2.296e-010
10819	2.332e-010
10820	2.4064e-010
10821	2.4412e-010
10822	2.4991e-010
10823	2.5663e-010
10824	2.61e-010
10825	2.6745e-010
10826	2.7392e-010
10827	2.7919e-010
10828	2.8592e-010
10829	2.9371e-010
10830	2.9919e-010
10831	3.0546e-010
10832	3.1286e-010
10833	3.2046e-010
10834	3.2778e-010
10835	3.3471e-010
10836	3.4184e-010
10837	3.4973e-010
10838	3.5758e-010
10839	3.6579e-010
10840	3.74e-010
10841	3.8246e-010
10842	3.9075e-010
10843	3.9956e-010
10844	4.0869e-010
10845	4.1795e-010
10846	4.2785e-010
10847	4.3718e-010
10848	4.4726e-010
10849	4.5746e-010
10850	4.6769e-010
10851	4.7734e-010
10852	4.8929e-010
10853	5.0146e-010
10854	5.1312e-010
10855	5.23e-010
10856	5.2509e-010
10857	5.1732e-010
10858	5.0703e-010
10859	4.9508e-010
10860	4.8129e-010
10861	4.7225e-010
10862	4.6285e-010
10863	4.529e-010
10864	4.425e-010
10865	4.3335e-010
10866	4.2351e-010
10867	4.1477e-010
10868	4.0611e-010
10869	3.9782e-010
10870	3.9044e-010
10871	3.8194e-010
10872	3.7535e-010
10873	3.6836e-010
10874	3.6079e-010
10875	3.4921e-010
10876	3.4624e-010
10877	3.4574e-010
10878	3.438e-010
10879	3.3363e-010
10880	3.1677e-010
10881	3.2166e-010
10882	3.3239e-010
10883	3.0763e-010
10884	2.9722e-010
10885	2.9804e-010
10886	2.829e-010
10887	2.8279e-010
10888	2.9079e-010
10889	2.6496e-010
10890	2.7289e-010
10891	3.033e-010
10892	2.6668e-010
10893	2.6467e-010
10894	2.4135e-010
10895	2.2385e-010
10896	2.4135e-010
10897	2.2961e-010
10898	2.2601e-010
10899	2.1037e-010
10900	2.1163e-010
10901	1.9782e-010
10902	1.939e-010
10903	1.8526e-010
10904	1.7901e-010
10905	1.7475e-010
10906	1.7603e-010
10907	1.8606e-010
10908	1.6387e-010
10909	1.5354e-010
10910	1.46e-010
10911	1.5558e-010
10912	1.598e-010
10913	1.6579e-010
10914	2.1076e-010
10915	2.4005e-010
10916	3.8938e-010
10917	5.547e-010
10918	7.1562e-010
10919	8.2331e-010
10920	1.0559e-009
10921	1.2721e-010
10922	1.2694e-010
10923	1.26e-010
10924	1.2841e-010
10925	1.3286e-010
10926	1.3746e-010
10927	1.409e-010
10928	1.4467e-010
10929	1.495e-010
10930	1.5142e-010
10931	1.5482e-010
10932	1.5916e-010
10933	1.6205e-010
10934	1.6766e-010
10935	1.6971e-010
10936	1.7403e-010
10937	1.7771e-010
10938	1.8184e-010
10939	1.8638e-010
10940	1.9011e-010
10941	1.954e-010
10942	1.9902e-010
10943	2.0462e-010
10944	2.0826e-010
10945	2.1363e-010
10946	2.1803e-010
10947	2.2273e-010
10948	2.2932e-010
10949	2.3298e-010
10950	2.4051e-010
10951	2.4401e-010
10952	2.4983e-010
10953	2.566e-010
10954	2.6095e-010
10955	2.6743e-010
10956	2.7396e-010
10957	2.7909e-010
10958	2.8566e-010
10959	2.9351e-010
10960	2.9893e-010
10961	3.0538e-010
10962	3.1272e-010
10963	3.2e-010
10964	3.2713e-010
10965	3.3392e-010
10966	3.4109e-010
10967	3.4935e-010
10968	3.5735e-010
10969	3.6563e-010
10970	3.738e-010
10971	3.8226e-010
10972	3.9079e-010
10973	3.9969e-010
10974	4.0877e-010
10975	4.1799e-010
10976	4.2761e-010
10977	4.373e-010
10978	4.473e-010
10979	4.5776e-010
10980	4.6802e-010
10981	4.7738e-010
10982	4.8927e-010
10983	5.0149e-010
10984	5.1369e-010
10985	5.2399e-010
10986	5.2571e-010
10987	5.1737e-010
10988	5.0636e-010
10989	4.9403e-010
10990	4.8067e-010
10991	4.7196e-010
10992	4.6285e-010
10993	4.5283e-010
10994	4.4238e-010
10995	4.3339e-010
10996	4.2371e-010
10997	4.1476e-010
10998	4.0612e-010
10999	3.9788e-010
11000	3.9001e-010
11001	3.8341e-010
11002	3.7492e-010
11003	3.684e-010
11004	3.6075e-010
11005	3.4923e-010
11006	3.4591e-010
11007	3.4619e-010
11008	3.4339e-010
11009	3.3428e-010
11010	3.1646e-010
11011	3.2174e-010
11012	3.3248e-010
11013	3.0764e-010
11014	2.9716e-010
11015	2.9809e-010
11016	2.8296e-010
11017	2.8291e-010
11018	2.9102e-010
11019	2.6518e-010
11020	2.7313e-010
11021	3.0359e-010
11022	2.6693e-010
11023	2.6488e-010
11024	2.4155e-010
11025	2.2401e-010
11026	2.4154e-010
11027	2.2981e-010
11028	2.262e-010
11029	2.105e-010
11030	2.1177e-010
11031	1.9796e-010
11032	1.9409e-010
11033	1.8544e-010
11034	1.792e-010
11035	1.7491e-010
11036	1.7612e-010
11037	1.8612e-010
11038	1.6388e-010
11039	1.5354e-010
11040	1.46e-010
11041	1.556e-010
11042	1.5985e-010
11043	1.6583e-010
11044	2.1081e-010
11045	2.4015e-010
11046	3.8952e-010
11047	5.5482e-010
11048	7.1576e-010
11049	8.235e-010
11050	1.0561e-009
11051	1.2335e-010
11052	1.2385e-010
11053	1.2414e-010
11054	1.2539e-010
11055	1.2991e-010
11056	1.3344e-010
11057	1.3741e-010
11058	1.4176e-010
11059	1.429e-010
11060	1.4864e-010
11061	1.5119e-010
11062	1.5323e-010
11063	1.5972e-010
11064	1.6026e-010
11065	1.6678e-010
11066	1.685e-010
11067	1.7298e-010
11068	1.7694e-010
11069	1.8011e-010
11070	1.8573e-010
11071	1.8824e-010
11072	1.948e-010
11073	1.9727e-010
11074	2.0343e-010
11075	2.0649e-010
11076	2.1186e-010
11077	2.1745e-010
11078	2.2016e-010
11079	2.2871e-010
11080	2.3039e-010
11081	2.3871e-010
11082	2.429e-010
11083	2.4697e-010
11084	2.5524e-010
11085	2.5916e-010
11086	2.6443e-010
11087	2.7237e-010
11088	2.7823e-010
11089	2.8184e-010
11090	2.9117e-010
11091	2.9744e-010
11092	3.0366e-010
11093	3.0878e-010
11094	3.1719e-010
11095	3.246e-010
11096	3.3203e-010
11097	3.3934e-010
11098	3.4678e-010
11099	3.5468e-010
11100	3.6183e-010
11101	3.7073e-010
11102	3.7914e-010
11103	3.8807e-010
11104	3.9674e-010
11105	4.0549e-010
11106	4.1479e-010
11107	4.2332e-010
11108	4.3356e-010
11109	4.4384e-010
11110	4.5437e-010
11111	4.6562e-010
11112	4.764e-010
11113	4.8461e-010
11114	4.943e-010
11115	5.119e-010
11116	5.1328e-010
11117	4.965e-010
11118	4.8682e-010
11119	4.803e-010
11120	4.6999e-010
11121	4.5928e-010
11122	4.4939e-010
11123	4.3922e-010
11124	4.2829e-010
11125	4.2129e-010
11126	4.1252e-010
11127	4.0398e-010
11128	3.9582e-010
11129	3.8779e-010
11130	3.8065e-010
11131	3.6811e-010
11132	3.6536e-010
11133	3.5778e-010
11134	3.5192e-010
11135	3.4616e-010
11136	3.4129e-010
11137	3.3733e-010
11138	3.2418e-010
11139	3.2793e-010
11140	3.1716e-010
11141	3.2164e-010
11142	3.0629e-010
11143	3.0622e-010
11144	3.0304e-010
11145	2.8011e-010
11146	2.7353e-010
11147	2.9345e-010
11148	2.6796e-010
11149	2.6435e-010
11150	2.8391e-010
11151	2.7199e-010
11152	2.8519e-010
11153	2.4146e-010
11154	2.4647e-010
11155	2.2179e-010
11156	2.345e-010
11157	2.3731e-010
11158	2.1055e-010
11159	2.1621e-010
11160	1.9827e-010
11161	2.0286e-010
11162	1.8596e-010
11163	1.8546e-010
11164	1.7863e-010
11165	1.6887e-010
11166	1.8406e-010
11167	1.6893e-010
11168	1.7447e-010
11169	1.4467e-010
11170	1.4879e-010
11171	1.6177e-010
11172	1.4813e-010
11173	1.7538e-010
11174	2.1337e-010
11175	2.4297e-010
11176	3.4537e-010
11177	5.2291e-010
11178	6.2797e-010
11179	7.1777e-010
11180	9.0415e-010
11181	1.2721e-010
11182	1.2694e-010
11183	1.26e-010
11184	1.2841e-010
11185	1.3286e-010
11186	1.3746e-010
11187	1.409e-010
11188	1.4467e-010
11189	1.495e-010
11190	1.5142e-010
11191	1.5482e-010
11192	1.5916e-010
11193	1.6206e-010
11194	1.6766e-010
11195	1.6971e-010
11196	1.7403e-010
11197	1.7771e-010
11198	1.8184e-010
11199	1.8638e-010
11200	1.9011e-010
11201	1.954e-010
11202	1.9902e-010
11203	2.0462e-010
11204	2.0826e-010
11205	2.1366e-010
11206	2.1803e-010
11207	2.2273e-010
11208	2.2932e-010
11209	2.3298e-010
11210	2.4051e-010
11211	2.4401e-010
11212	2.4983e-010
11213	2.5661e-010
11214	2.6093e-010
11215	2.6743e-010
11216	2.7396e-010
11217	2.7909e-010
11218	2.8562e-010
11219	2.9356e-010
11220	2.9879e-010
11221	3.0539e-010
11222	3.1273e-010
11223	3.2006e-010
11224	3.2724e-010
11225	3.3403e-010
11226	3.4112e-010
11227	3.4941e-010
11228	3.5736e-010
11229	3.6562e-010
11230	3.738e-010
11231	3.8226e-010
11232	3.9079e-010
11233	3.9963e-010
11234	4.0877e-010
11235	4.1799e-010
11236	4.2761e-010
11237	4.373e-010
11238	4.473e-010
11239	4.5777e-010
11240	4.6801e-010
11241	4.7739e-010
11242	4.8926e-010
11243	5.0152e-010
11244	5.1454e-010
11245	5.256e-010
11246	5.2587e-010
11247	5.1569e-010
11248	5.0491e-010
11249	4.9244e-010
11250	4.7995e-010
11251	4.7196e-010
11252	4.6283e-010
11253	4.5282e-010
11254	4.4238e-010
11255	4.3338e-010
11256	4.2371e-010
11257	4.1476e-010
11258	4.0612e-010
11259	3.9783e-010
11260	3.9055e-010
11261	3.8307e-010
11262	3.7547e-010
11263	3.6837e-010
11264	3.6078e-010
11265	3.4916e-010
11266	3.4631e-010
11267	3.4636e-010
11268	3.4562e-010
11269	3.3462e-010
11270	3.168e-010
11271	3.2166e-010
11272	3.3314e-010
11273	3.0803e-010
11274	2.9726e-010
11275	2.9803e-010
11276	2.8295e-010
11277	2.8291e-010
11278	2.9103e-010
11279	2.6519e-010
11280	2.7313e-010
11281	3.0359e-010
11282	2.6693e-010
11283	2.6488e-010
11284	2.4155e-010
11285	2.2401e-010
11286	2.4154e-010
11287	2.2981e-010
11288	2.262e-010
11289	2.105e-010
11290	2.1177e-010
11291	1.9796e-010
11292	1.9409e-010
11293	1.8544e-010
11294	1.792e-010
11295	1.7491e-010
11296	1.7612e-010
11297	1.8612e-010
11298	1.6388e-010
11299	1.5354e-010
11300	1.46e-010
11301	1.556e-010
11302	1.5985e-010
11303	1.6582e-010
11304	2.1081e-010
11305	2.4015e-010
11306	3.8952e-010
11307	5.5482e-010
11308	7.1576e-010
11309	8.235e-010
11310	1.0561e-009
11311	1.2728e-010
11312	1.2703e-010
11313	1.2613e-010
11314	1.2857e-010
11315	1.3296e-010
11316	1.3751e-010
11317	1.4095e-010
11318	1.4463e-010
11319	1.4951e-010
11320	1.5142e-010
11321	1.5488e-010
11322	1.5925e-010
11323	1.6219e-010
11324	1.6778e-010
11325	1.6985e-010
11326	1.7406e-010
11327	1.7773e-010
11328	1.8183e-010
11329	1.864e-010
11330	1.9019e-010
11331	1.9554e-010
11332	1.99e-010
11333	2.0459e-010
11334	2.0833e-010
11335	2.1388e-010
11336	2.1836e-010
11337	2.2301e-010
11338	2.296e-010
11339	2.332e-010
11340	2.4064e-010
11341	2.4412e-010
11342	2.4991e-010
11343	2.5663e-010
11344	2.6101e-010
11345	2.6746e-010
11346	2.7394e-010
11347	2.7917e-010
11348	2.8599e-010
11349	2.9346e-010
11350	2.9917e-010
11351	3.0542e-010
11352	3.1286e-010
11353	3.202e-010
11354	3.2725e-010
11355	3.3419e-010
11356	3.4136e-010
11357	3.4951e-010
11358	3.5756e-010
11359	3.6582e-010
11360	3.74e-010
11361	3.8246e-010
11362	3.9075e-010
11363	3.9958e-010
11364	4.087e-010
11365	4.1795e-010
11366	4.2785e-010
11367	4.3719e-010
11368	4.4727e-010
11369	4.5746e-010
11370	4.6769e-010
11371	4.7736e-010
11372	4.8935e-010
11373	5.0159e-010
11374	5.1409e-010
11375	5.2468e-010
11376	5.2477e-010
11377	5.1476e-010
11378	5.0453e-010
11379	4.9258e-010
11380	4.8007e-010
11381	4.7214e-010
11382	4.6281e-010
11383	4.5281e-010
11384	4.4252e-010
11385	4.3334e-010
11386	4.2354e-010
11387	4.1476e-010
11388	4.0615e-010
11389	3.9784e-010
11390	3.9048e-010
11391	3.8277e-010
11392	3.7549e-010
11393	3.6838e-010
11394	3.6087e-010
11395	3.4916e-010
11396	3.4625e-010
11397	3.4688e-010
11398	3.4557e-010
11399	3.3521e-010
11400	3.1671e-010
11401	3.2174e-010
11402	3.3358e-010
11403	3.0842e-010
11404	2.9722e-010
11405	2.9802e-010
11406	2.8292e-010
11407	2.8279e-010
11408	2.908e-010
11409	2.6494e-010
11410	2.7287e-010
11411	3.0331e-010
11412	2.6669e-010
11413	2.6467e-010
11414	2.4135e-010
11415	2.2385e-010
11416	2.4135e-010
11417	2.2961e-010
11418	2.2601e-010
11419	2.1037e-010
11420	2.1163e-010
11421	1.9782e-010
11422	1.939e-010
11423	1.8526e-010
11424	1.7901e-010
11425	1.7475e-010
11426	1.7603e-010
11427	1.8606e-010
11428	1.6387e-010
11429	1.5354e-010
11430	1.46e-010
11431	1.5558e-010
11432	1.598e-010
11433	1.6579e-010
11434	2.1076e-010
11435	2.4005e-010
11436	3.8938e-010
11437	5.547e-010
11438	7.1561e-010
11439	8.2332e-010
11440	1.0559e-009
11441	1.2356e-010
11442	1.2409e-010
11443	1.2441e-010
11444	1.2563e-010
11445	1.3005e-010
11446	1.3341e-010
11447	1.3737e-010
11448	1.4171e-010
11449	1.4287e-010
11450	1.4865e-010
11451	1.5133e-010
11452	1.5341e-010
11453	1.598e-010
11454	1.6035e-010
11455	1.6687e-010
11456	1.6859e-010
11457	1.7315e-010
11458	1.7715e-010
11459	1.8033e-010
11460	1.8594e-010
11461	1.8839e-010
11462	1.9477e-010
11463	1.9712e-010
11464	2.035e-010
11465	2.0667e-010
11466	2.1213e-010
11467	2.1778e-010
11468	2.2057e-010
11469	2.2903e-010
11470	2.305e-010
11471	2.3881e-010
11472	2.4304e-010
11473	2.4703e-010
11474	2.5516e-010
11475	2.592e-010
11476	2.6441e-010
11477	2.7243e-010
11478	2.7814e-010
11479	2.8233e-010
11480	2.9111e-010
11481	2.9744e-010
11482	3.0378e-010
11483	3.091e-010
11484	3.1738e-010
11485	3.2474e-010
11486	3.3208e-010
11487	3.3927e-010
11488	3.4681e-010
11489	3.5495e-010
11490	3.6213e-010
11491	3.7097e-010
11492	3.7931e-010
11493	3.8775e-010
11494	3.9664e-010
11495	4.0558e-010
11496	4.1503e-010
11497	4.2368e-010
11498	4.3332e-010
11499	4.4362e-010
11500	4.5407e-010
11501	4.6558e-010
11502	4.7633e-010
11503	4.8449e-010
11504	4.9445e-010
11505	5.1187e-010
11506	5.1291e-010
11507	4.9629e-010
11508	4.871e-010
11509	4.807e-010
11510	4.7041e-010
11511	4.5923e-010
11512	4.4945e-010
11513	4.392e-010
11514	4.2855e-010
11515	4.2146e-010
11516	4.1262e-010
11517	4.0414e-010
11518	3.9602e-010
11519	3.8777e-010
11520	3.8084e-010
11521	3.6805e-010
11522	3.6533e-010
11523	3.5775e-010
11524	3.518e-010
11525	3.4609e-010
11526	3.4119e-010
11527	3.3881e-010
11528	3.2416e-010
11529	3.2965e-010
11530	3.1712e-010
11531	3.2166e-010
11532	3.067e-010
11533	3.0636e-010
11534	3.0305e-010
11535	2.8018e-010
11536	2.7347e-010
11537	2.9335e-010
11538	2.6778e-010
11539	2.6402e-010
11540	2.8359e-010
11541	2.7156e-010
11542	2.8486e-010
11543	2.4103e-010
11544	2.4615e-010
11545	2.215e-010
11546	2.3427e-010
11547	2.3705e-010
11548	2.1036e-010
11549	2.1594e-010
11550	1.9805e-010
11551	2.0264e-010
11552	1.8568e-010
11553	1.8519e-010
11554	1.7837e-010
11555	1.6867e-010
11556	1.8396e-010
11557	1.6886e-010
11558	1.7449e-010
11559	1.4464e-010
11560	1.4878e-010
11561	1.6169e-010
11562	1.4802e-010
11563	1.7523e-010
11564	2.133e-010
11565	2.4283e-010
11566	3.4525e-010
11567	5.228e-010
11568	6.2784e-010
11569	7.1747e-010
11570	9.0392e-010
11571	1.2732e-010
11572	1.2705e-010
11573	1.2612e-010
11574	1.2856e-010
11575	1.3297e-010
11576	1.375e-010
11577	1.4094e-010
11578	1.4469e-010
11579	1.4958e-010
11580	1.5144e-010
11581	1.5487e-010
11582	1.5923e-010
11583	1.6216e-010
11584	1.6777e-010
11585	1.6983e-010
11586	1.7408e-010
11587	1.7776e-010
11588	1.8186e-010
11589	1.8647e-010
11590	1.9025e-010
11591	1.9554e-010
11592	1.9901e-010
11593	2.0458e-010
11594	2.0831e-010
11595	2.138e-010
11596	2.1821e-010
11597	2.2293e-010
11598	2.2958e-010
11599	2.3323e-010
11600	2.4073e-010
11601	2.4419e-010
11602	2.4994e-010
11603	2.5666e-010
11604	2.6105e-010
11605	2.6755e-010
11606	2.7395e-010
11607	2.7917e-010
11608	2.8595e-010
11609	2.9356e-010
11610	2.9908e-010
11611	3.0535e-010
11612	3.1293e-010
11613	3.2026e-010
11614	3.2722e-010
11615	3.3407e-010
11616	3.4139e-010
11617	3.4958e-010
11618	3.5756e-010
11619	3.6584e-010
11620	3.74e-010
11621	3.8242e-010
11622	3.9084e-010
11623	3.9965e-010
11624	4.0869e-010
11625	4.1797e-010
11626	4.2772e-010
11627	4.3727e-010
11628	4.4715e-010
11629	4.5738e-010
11630	4.6774e-010
11631	4.7729e-010
11632	4.8925e-010
11633	5.0229e-010
11634	5.1482e-010
11635	5.2411e-010
11636	5.2402e-010
11637	5.159e-010
11638	5.0617e-010
11639	4.9413e-010
11640	4.809e-010
11641	4.7202e-010
11642	4.6283e-010
11643	4.5281e-010
11644	4.4253e-010
11645	4.3345e-010
11646	4.2368e-010
11647	4.1483e-010
11648	4.0613e-010
11649	3.98e-010
11650	3.9023e-010
11651	3.8305e-010
11652	3.7516e-010
11653	3.6852e-010
11654	3.6071e-010
11655	3.4903e-010
11656	3.4618e-010
11657	3.4697e-010
11658	3.4554e-010
11659	3.3538e-010
11660	3.1677e-010
11661	3.2177e-010
11662	3.3347e-010
11663	3.0833e-010
11664	2.9718e-010
11665	2.9799e-010
11666	2.8295e-010
11667	2.828e-010
11668	2.9075e-010
11669	2.6492e-010
11670	2.729e-010
11671	3.0328e-010
11672	2.6672e-010
11673	2.6461e-010
11674	2.4132e-010
11675	2.2379e-010
11676	2.4129e-010
11677	2.2959e-010
11678	2.2598e-010
11679	2.103e-010
11680	2.116e-010
11681	1.9781e-010
11682	1.9391e-010
11683	1.8528e-010
11684	1.7898e-010
11685	1.7475e-010
11686	1.7604e-010
11687	1.8603e-010
11688	1.6387e-010
11689	1.5355e-010
11690	1.46e-010
11691	1.5559e-010
11692	1.5981e-010
11693	1.658e-010
11694	2.108e-010
11695	2.401e-010
11696	3.8941e-010
11697	5.547e-010
11698	7.1561e-010
11699	8.2326e-010
11700	1.0559e-009
11701	1.2732e-010
11702	1.2704e-010
11703	1.2615e-010
11704	1.2856e-010
11705	1.3297e-010
11706	1.375e-010
11707	1.4094e-010
11708	1.4469e-010
11709	1.4958e-010
11710	1.5144e-010
11711	1.5487e-010
11712	1.5923e-010
11713	1.6216e-010
11714	1.6777e-010
11715	1.6983e-010
11716	1.7408e-010
11717	1.7776e-010
11718	1.8186e-010
11719	1.8647e-010
11720	1.9024e-010
11721	1.9554e-010
11722	1.9901e-010
11723	2.0458e-010
11724	2.0831e-010
11725	2.138e-010
11726	2.1821e-010
11727	2.2293e-010
11728	2.2958e-010
11729	2.3323e-010
11730	2.4073e-010
11731	2.4419e-010
11732	2.4994e-010
11733	2.5666e-010
11734	2.6105e-010
11735	2.6755e-010
11736	2.7395e-010
11737	2.7914e-010
11738	2.8593e-010
11739	2.9359e-010
11740	2.9908e-010
11741	3.054e-010
11742	3.1293e-010
11743	3.2027e-010
11744	3.272e-010
11745	3.3407e-010
11746	3.4135e-010
11747	3.4959e-010
11748	3.5756e-010
11749	3.6585e-010
11750	3.74e-010
11751	3.8242e-010
11752	3.9084e-010
11753	3.9965e-010
11754	4.0868e-010
11755	4.1796e-010
11756	4.2772e-010
11757	4.3727e-010
11758	4.4715e-010
11759	4.5738e-010
11760	4.6774e-010
11761	4.7731e-010
11762	4.8932e-010
11763	5.0288e-010
11764	5.157e-010
11765	5.2454e-010
11766	5.2398e-010
11767	5.1587e-010
11768	5.0618e-010
11769	4.9413e-010
11770	4.809e-010
11771	4.7202e-010
11772	4.6283e-010
11773	4.5281e-010
11774	4.4253e-010
11775	4.3345e-010
11776	4.2368e-010
11777	4.1485e-010
11778	4.061e-010
11779	3.9788e-010
11780	3.9074e-010
11781	3.8156e-010
11782	3.7566e-010
11783	3.6849e-010
11784	3.6067e-010
11785	3.4909e-010
11786	3.4623e-010
11787	3.4688e-010
11788	3.4543e-010
11789	3.3529e-010
11790	3.1678e-010
11791	3.2173e-010
11792	3.3343e-010
11793	3.0831e-010
11794	2.9725e-010
11795	2.9799e-010
11796	2.8294e-010
11797	2.8279e-010
11798	2.9075e-010
11799	2.6492e-010
11800	2.729e-010
11801	3.0328e-010
11802	2.6672e-010
11803	2.6461e-010
11804	2.4132e-010
11805	2.2379e-010
11806	2.4129e-010
11807	2.2959e-010
11808	2.2598e-010
11809	2.103e-010
11810	2.116e-010
11811	1.9781e-010
11812	1.9391e-010
11813	1.8528e-010
11814	1.7899e-010
11815	1.7474e-010
11816	1.7604e-010
11817	1.8603e-010
11818	1.6387e-010
11819	1.5355e-010
11820	1.46e-010
11821	1.5559e-010
11822	1.5981e-010
11823	1.658e-010
11824	2.108e-010
11825	2.401e-010
11826	3.8941e-010
11827	5.547e-010
11828	7.1561e-010
11829	8.2326e-010
11830	1.0559e-009
11831	1.2356e-010
11832	1.241e-010
11833	1.244e-010
11834	1.2563e-010
11835	1.3005e-010
11836	1.3341e-010
11837	1.3737e-010
11838	1.4171e-010
11839	1.4287e-010
11840	1.4866e-010
11841	1.5133e-010
11842	1.5341e-010
11843	1.598e-010
11844	1.6035e-010
11845	1.6687e-010
11846	1.6859e-010
11847	1.7315e-010
11848	1.7715e-010
11849	1.8033e-010
11850	1.8595e-010
11851	1.8839e-010
11852	1.9477e-010
11853	1.9712e-010
11854	2.0351e-010
11855	2.0667e-010
11856	2.1213e-010
11857	2.1778e-010
11858	2.2057e-010
11859	2.2903e-010
11860	2.305e-010
11861	2.3881e-010
11862	2.4304e-010
11863	2.4703e-010
11864	2.5517e-010
11865	2.5921e-010
11866	2.6442e-010
11867	2.7241e-010
11868	2.7819e-010
11869	2.8236e-010
11870	2.9107e-010
11871	2.9747e-010
11872	3.0379e-010
11873	3.0905e-010
11874	3.1738e-010
11875	3.2478e-010
11876	3.321e-010
11877	3.3929e-010
11878	3.4682e-010
11879	3.5494e-010
11880	3.6213e-010
11881	3.7097e-010
11882	3.7931e-010
11883	3.8776e-010
11884	3.9666e-010
11885	4.0558e-010
11886	4.1503e-010
11887	4.2368e-010
11888	4.3332e-010
11889	4.4361e-010
11890	4.5399e-010
11891	4.6556e-010
11892	4.7639e-010
11893	4.8464e-010
11894	4.9446e-010
11895	5.1185e-010
11896	5.1286e-010
11897	4.9631e-010
11898	4.8705e-010
11899	4.807e-010
11900	4.704e-010
11901	4.5923e-010
11902	4.4945e-010
11903	4.392e-010
11904	4.2854e-010
11905	4.2149e-010
11906	4.1263e-010
11907	4.0421e-010
11908	3.9598e-010
11909	3.8775e-010
11910	3.795e-010
11911	3.6954e-010
11912	3.6401e-010
11913	3.5769e-010
11914	3.5185e-010
11915	3.4604e-010
11916	3.4122e-010
11917	3.3878e-010
11918	3.241e-010
11919	3.2963e-010
11920	3.1717e-010
11921	3.2166e-010
11922	3.0668e-010
11923	3.0639e-010
11924	3.0306e-010
11925	2.8024e-010
11926	2.7348e-010
11927	2.9335e-010
11928	2.6779e-010
11929	2.6403e-010
11930	2.836e-010
11931	2.7157e-010
11932	2.8486e-010
11933	2.4104e-010
11934	2.4615e-010
11935	2.2149e-010
11936	2.3427e-010
11937	2.3705e-010
11938	2.1036e-010
11939	2.1594e-010
11940	1.9805e-010
11941	2.0264e-010
11942	1.8568e-010
11943	1.8519e-010
11944	1.7835e-010
11945	1.6868e-010
11946	1.8396e-010
11947	1.6886e-010
11948	1.7449e-010
11949	1.4464e-010
11950	1.4876e-010
11951	1.6169e-010
11952	1.4802e-010
11953	1.7523e-010
11954	2.133e-010
11955	2.4283e-010
11956	3.4525e-010
11957	5.228e-010
11958	6.2784e-010
11959	7.1747e-010
11960	9.0392e-010
11961	1.2728e-010
11962	1.2703e-010
11963	1.2612e-010
11964	1.2857e-010
11965	1.3296e-010
11966	1.3751e-010
11967	1.4095e-010
11968	1.4463e-010
11969	1.4951e-010
11970	1.5143e-010
11971	1.5488e-010
11972	1.5925e-010
11973	1.6219e-010
11974	1.6778e-010
11975	1.6985e-010
11976	1.7406e-010
11977	1.7773e-010
11978	1.8183e-010
11979	1.864e-010
11980	1.9019e-010
11981	1.9554e-010
11982	1.99e-010
11983	2.0459e-010
11984	2.0833e-010
11985	2.1388e-010
11986	2.1836e-010
11987	2.2302e-010
11988	2.296e-010
11989	2.3322e-010
11990	2.4064e-010
11991	2.4412e-010
11992	2.4991e-010
11993	2.5663e-010
11994	2.61e-010
11995	2.6746e-010
11996	2.7393e-010
11997	2.792e-010
11998	2.8591e-010
11999	2.9351e-010
12000	2.9915e-010
12001	3.0546e-010
12002	3.1286e-010
12003	3.2022e-010
12004	3.2726e-010
12005	3.3412e-010
12006	3.4128e-010
12007	3.4938e-010
12008	3.5749e-010
12009	3.6578e-010
12010	3.74e-010
12011	3.8246e-010
12012	3.9075e-010
12013	3.9957e-010
12014	4.0869e-010
12015	4.1795e-010
12016	4.2785e-010
12017	4.3719e-010
12018	4.4727e-010
12019	4.5745e-010
12020	4.6771e-010
12021	4.773e-010
12022	4.9025e-010
12023	5.037e-010
12024	5.1568e-010
12025	5.2437e-010
12026	5.2394e-010
12027	5.1492e-010
12028	5.0459e-010
12029	4.9261e-010
12030	4.8006e-010
12031	4.7208e-010
12032	4.6281e-010
12033	4.5279e-010
12034	4.4252e-010
12035	4.3334e-010
12036	4.2353e-010
12037	4.1482e-010
12038	4.061e-010
12039	3.9781e-010
12040	3.9059e-010
12041	3.8173e-010
12042	3.755e-010
12043	3.6838e-010
12044	3.6079e-010
12045	3.4916e-010
12046	3.4625e-010
12047	3.47e-010
12048	3.4525e-010
12049	3.3535e-010
12050	3.1676e-010
12051	3.2171e-010
12052	3.3345e-010
12053	3.0833e-010
12054	2.9729e-010
12055	2.9801e-010
12056	2.8291e-010
12057	2.8279e-010
12058	2.9079e-010
12059	2.6496e-010
12060	2.729e-010
12061	3.0331e-010
12062	2.6668e-010
12063	2.6467e-010
12064	2.4135e-010
12065	2.2385e-010
12066	2.4135e-010
12067	2.2961e-010
12068	2.2601e-010
12069	2.1037e-010
12070	2.1163e-010
12071	1.9781e-010
12072	1.939e-010
12073	1.8526e-010
12074	1.7901e-010
12075	1.7475e-010
12076	1.7603e-010
12077	1.8606e-010
12078	1.6387e-010
12079	1.5354e-010
12080	1.46e-010
12081	1.5558e-010
12082	1.598e-010
12083	1.6578e-010
12084	2.1076e-010
12085	2.4005e-010
12086	3.8938e-010
12087	5.547e-010
12088	7.1561e-010
12089	8.2331e-010
12090	1.0559e-009
12091	1.2721e-010
12092	1.2694e-010
12093	1.26e-010
12094	1.2841e-010
12095	1.3286e-010
12096	1.3746e-010
12097	1.409e-010
12098	1.4467e-010
12099	1.495e-010
12100	1.5142e-010
12101	1.5483e-010
12102	1.5916e-010
12103	1.6206e-010
12104	1.6766e-010
12105	1.697e-010
12106	1.7403e-010
12107	1.7771e-010
12108	1.8184e-010
12109	1.8639e-010
12110	1.9011e-010
12111	1.9539e-010
12112	1.9901e-010
12113	2.0462e-010
12114	2.0825e-010
12115	2.1366e-010
12116	2.1803e-010
12117	2.2273e-010
12118	2.2932e-010
12119	2.3298e-010
12120	2.405e-010
12121	2.4403e-010
12122	2.4982e-010
12123	2.5661e-010
12124	2.6095e-010
12125	2.6742e-010
12126	2.7396e-010
12127	2.791e-010
12128	2.8566e-010
12129	2.933e-010
12130	2.9887e-010
12131	3.0536e-010
12132	3.1274e-010
12133	3.2005e-010
12134	3.2725e-010
12135	3.3431e-010
12136	3.4175e-010
12137	3.4995e-010
12138	3.5767e-010
12139	3.6559e-010
12140	3.738e-010
12141	3.8226e-010
12142	3.9079e-010
12143	3.9968e-010
12144	4.0876e-010
12145	4.1798e-010
12146	4.2762e-010
12147	4.373e-010
12148	4.4731e-010
12149	4.5775e-010
12150	4.6804e-010
12151	4.7733e-010
12152	4.9018e-010
12153	5.0313e-010
12154	5.1481e-010
12155	5.2397e-010
12156	5.2403e-010
12157	5.1499e-010
12158	5.0446e-010
12159	4.9244e-010
12160	4.7985e-010
12161	4.7199e-010
12162	4.6278e-010
12163	4.5287e-010
12164	4.4239e-010
12165	4.3339e-010
12166	4.2369e-010
12167	4.1481e-010
12168	4.0604e-010
12169	3.9798e-010
12170	3.9011e-010
12171	3.8263e-010
12172	3.7494e-010
12173	3.6848e-010
12174	3.6071e-010
12175	3.4914e-010
12176	3.4622e-010
12177	3.4694e-010
12178	3.45e-010
12179	3.3522e-010
12180	3.1671e-010
12181	3.2168e-010
12182	3.3346e-010
12183	3.0832e-010
12184	2.9723e-010
12185	2.9806e-010
12186	2.8292e-010
12187	2.829e-010
12188	2.9102e-010
12189	2.6518e-010
12190	2.7313e-010
12191	3.0359e-010
12192	2.6693e-010
12193	2.6488e-010
12194	2.4155e-010
12195	2.2401e-010
12196	2.4154e-010
12197	2.298e-010
12198	2.262e-010
12199	2.105e-010
12200	2.1177e-010
12201	1.9796e-010
12202	1.9409e-010
12203	1.8543e-010
12204	1.792e-010
12205	1.7491e-010
12206	1.7615e-010
12207	1.8612e-010
12208	1.6388e-010
12209	1.5354e-010
12210	1.46e-010
12211	1.556e-010
12212	1.5984e-010
12213	1.6582e-010
12214	2.1081e-010
12215	2.4015e-010
12216	3.8952e-010
12217	5.5482e-010
12218	7.1576e-010
12219	8.2353e-010
12220	1.0561e-009
12221	1.2335e-010
12222	1.2386e-010
12223	1.2414e-010
12224	1.2539e-010
12225	1.2991e-010
12226	1.3345e-010
12227	1.3741e-010
12228	1.4174e-010
12229	1.429e-010
12230	1.4864e-010
12231	1.5119e-010
12232	1.5323e-010
12233	1.5972e-010
12234	1.6027e-010
12235	1.6679e-010
12236	1.6845e-010
12237	1.7298e-010
12238	1.7695e-010
12239	1.8012e-010
12240	1.8573e-010
12241	1.8825e-010
12242	1.948e-010
12243	1.9724e-010
12244	2.0344e-010
12245	2.065e-010
12246	2.1186e-010
12247	2.1746e-010
12248	2.2017e-010
12249	2.2871e-010
12250	2.3039e-010
12251	2.3872e-010
12252	2.4291e-010
12253	2.4698e-010
12254	2.5515e-010
12255	2.5917e-010
12256	2.644e-010
12257	2.7237e-010
12258	2.7799e-010
12259	2.8208e-010
12260	2.9091e-010
12261	2.9745e-010
12262	3.0362e-010
12263	3.0875e-010
12264	3.1716e-010
12265	3.2463e-010
12266	3.3226e-010
12267	3.3935e-010
12268	3.4682e-010
12269	3.5465e-010
12270	3.6182e-010
12271	3.7074e-010
12272	3.7914e-010
12273	3.8808e-010
12274	3.9675e-010
12275	4.0549e-010
12276	4.1479e-010
12277	4.2332e-010
12278	4.3356e-010
12279	4.4384e-010
12280	4.544e-010
12281	4.6564e-010
12282	4.7639e-010
12283	4.8458e-010
12284	4.9432e-010
12285	5.1168e-010
12286	5.131e-010
12287	4.9624e-010
12288	4.8677e-010
12289	4.8023e-010
12290	4.7012e-010
12291	4.5925e-010
12292	4.4936e-010
12293	4.3924e-010
12294	4.2839e-010
12295	4.2125e-010
12296	4.126e-010
12297	4.0402e-010
12298	3.9582e-010
12299	3.8776e-010
12300	3.8026e-010
12301	3.6809e-010
12302	3.6498e-010
12303	3.5773e-010
12304	3.5184e-010
12305	3.4612e-010
12306	3.4114e-010
12307	3.3864e-010
12308	3.2379e-010
12309	3.2934e-010
12310	3.17e-010
12311	3.2164e-010
12312	3.0667e-010
12313	3.0633e-010
12314	3.0302e-010
12315	2.801e-010
12316	2.7348e-010
12317	2.9346e-010
12318	2.679e-010
12319	2.6436e-010
12320	2.8391e-010
12321	2.7199e-010
12322	2.8519e-010
12323	2.4146e-010
12324	2.4642e-010
12325	2.218e-010
12326	2.345e-010
12327	2.3732e-010
12328	2.1056e-010
12329	2.1619e-010
12330	1.9828e-010
12331	2.0287e-010
12332	1.8596e-010
12333	1.8546e-010
12334	1.7863e-010
12335	1.6888e-010
12336	1.8407e-010
12337	1.6893e-010
12338	1.7447e-010
12339	1.4467e-010
12340	1.4878e-010
12341	1.6177e-010
12342	1.4809e-010
12343	1.7538e-010
12344	2.1337e-010
12345	2.4297e-010
12346	3.4537e-010
12347	5.2292e-010
12348	6.2799e-010
12349	7.1777e-010
12350	9.0415e-010
12351	1.2722e-010
12352	1.2693e-010
12353	1.26e-010
12354	1.2841e-010
12355	1.3286e-010
12356	1.3746e-010
12357	1.409e-010
12358	1.4467e-010
12359	1.495e-010
12360	1.5142e-010
12361	1.5483e-010
12362	1.5916e-010
12363	1.6206e-010
12364	1.6766e-010
12365	1.697e-010
12366	1.7403e-010
12367	1.7771e-010
12368	1.8183e-010
12369	1.8639e-010
12370	1.9011e-010
12371	1.9539e-010
12372	1.9901e-010
12373	2.0462e-010
12374	2.0828e-010
12375	2.1365e-010
12376	2.1803e-010
12377	2.2273e-010
12378	2.2932e-010
12379	2.3298e-010
12380	2.405e-010
12381	2.4403e-010
12382	2.4982e-010
12383	2.566e-010
12384	2.6095e-010
12385	2.6741e-010
12386	2.7395e-010
12387	2.7908e-010
12388	2.8565e-010
12389	2.9329e-010
12390	2.9888e-010
12391	3.0534e-010
12392	3.1277e-010
12393	3.2051e-010
12394	3.2835e-010
12395	3.3543e-010
12396	3.4285e-010
12397	3.5057e-010
12398	3.5764e-010
12399	3.6561e-010
12400	3.7379e-010
12401	3.8226e-010
12402	3.9079e-010
12403	3.9968e-010
12404	4.0876e-010
12405	4.1798e-010
12406	4.2762e-010
12407	4.373e-010
12408	4.473e-010
12409	4.5776e-010
12410	4.6801e-010
12411	4.7741e-010
12412	4.8932e-010
12413	5.0157e-010
12414	5.1334e-010
12415	5.2313e-010
12416	5.2412e-010
12417	5.1499e-010
12418	5.0447e-010
12419	4.9244e-010
12420	4.7986e-010
12421	4.7199e-010
12422	4.6278e-010
12423	4.5288e-010
12424	4.4239e-010
12425	4.3339e-010
12426	4.2369e-010
12427	4.1481e-010
12428	4.0604e-010
12429	3.9789e-010
12430	3.9059e-010
12431	3.8222e-010
12432	3.7551e-010
12433	3.6839e-010
12434	3.6075e-010
12435	3.4911e-010
12436	3.4625e-010
12437	3.4682e-010
12438	3.4534e-010
12439	3.3509e-010
12440	3.1662e-010
12441	3.2163e-010
12442	3.3348e-010
12443	3.0833e-010
12444	2.9724e-010
12445	2.9806e-010
12446	2.8292e-010
12447	2.829e-010
12448	2.9102e-010
12449	2.6518e-010
12450	2.7313e-010
12451	3.0359e-010
12452	2.6693e-010
12453	2.6488e-010
12454	2.4156e-010
12455	2.2402e-010
12456	2.4154e-010
12457	2.298e-010
12458	2.262e-010
12459	2.105e-010
12460	2.1177e-010
12461	1.9796e-010
12462	1.9409e-010
12463	1.8543e-010
12464	1.792e-010
12465	1.7491e-010
12466	1.7615e-010
12467	1.8612e-010
12468	1.6388e-010
12469	1.5354e-010
12470	1.46e-010
12471	1.556e-010
12472	1.5984e-010
12473	1.6582e-010
12474	2.1081e-010
12475	2.4015e-010
12476	3.8952e-010
12477	5.5483e-010
12478	7.1576e-010
12479	8.2353e-010
12480	1.0561e-009
12481	1.2728e-010
12482	1.2703e-010
12483	1.2612e-010
12484	1.2857e-010
12485	1.3296e-010
12486	1.3751e-010
12487	1.4095e-010
12488	1.4463e-010
12489	1.4951e-010
12490	1.5143e-010
12491	1.5487e-010
12492	1.5927e-010
12493	1.6219e-010
12494	1.6778e-010
12495	1.6985e-010
12496	1.7406e-010
12497	1.7773e-010
12498	1.8183e-010
12499	1.8641e-010
12500	1.9019e-010
12501	1.9554e-010
12502	1.99e-010
12503	2.0459e-010
12504	2.0835e-010
12505	2.1388e-010
12506	2.1836e-010
12507	2.2302e-010
12508	2.296e-010
12509	2.3321e-010
12510	2.4064e-010
12511	2.4412e-010
12512	2.4991e-010
12513	2.5666e-010
12514	2.6099e-010
12515	2.6747e-010
12516	2.7392e-010
12517	2.7918e-010
12518	2.8592e-010
12519	2.9353e-010
12520	2.9915e-010
12521	3.0542e-010
12522	3.1289e-010
12523	3.2093e-010
12524	3.2867e-010
12525	3.3531e-010
12526	3.4244e-010
12527	3.5005e-010
12528	3.5749e-010
12529	3.6579e-010
12530	3.74e-010
12531	3.8246e-010
12532	3.9075e-010
12533	3.9957e-010
12534	4.0869e-010
12535	4.1799e-010
12536	4.2784e-010
12537	4.3718e-010
12538	4.4726e-010
12539	4.5746e-010
12540	4.6769e-010
12541	4.7735e-010
12542	4.8928e-010
12543	5.015e-010
12544	5.1322e-010
12545	5.2303e-010
12546	5.2394e-010
12547	5.1485e-010
12548	5.0453e-010
12549	4.9258e-010
12550	4.8e-010
12551	4.7212e-010
12552	4.6281e-010
12553	4.5279e-010
12554	4.4253e-010
12555	4.3334e-010
12556	4.2353e-010
12557	4.1482e-010
12558	4.0609e-010
12559	3.9791e-010
12560	3.9037e-010
12561	3.8276e-010
12562	3.7535e-010
12563	3.6845e-010
12564	3.6082e-010
12565	3.4917e-010
12566	3.462e-010
12567	3.4706e-010
12568	3.4559e-010
12569	3.3584e-010
12570	3.1713e-010
12571	3.2184e-010
12572	3.3334e-010
12573	3.0824e-010
12574	2.9722e-010
12575	2.9803e-010
12576	2.8291e-010
12577	2.8278e-010
12578	2.9079e-010
12579	2.6497e-010
12580	2.7289e-010
12581	3.033e-010
12582	2.6668e-010
12583	2.6467e-010
12584	2.4134e-010
12585	2.2385e-010
12586	2.4135e-010
12587	2.2961e-010
12588	2.2601e-010
12589	2.1036e-010
12590	2.1162e-010
12591	1.9784e-010
12592	1.939e-010
12593	1.8526e-010
12594	1.7902e-010
12595	1.7475e-010
12596	1.7603e-010
12597	1.8605e-010
12598	1.6386e-010
12599	1.5354e-010
12600	1.46e-010
12601	1.5557e-010
12602	1.598e-010
12603	1.6578e-010
12604	2.1077e-010
12605	2.4004e-010
12606	3.8938e-010
12607	5.5469e-010
12608	7.1561e-010
12609	8.233e-010
12610	1.0559e-009
12611	1.2356e-010
12612	1.241e-010
12613	1.244e-010
12614	1.2563e-010
12615	1.3005e-010
12616	1.3341e-010
12617	1.3737e-010
12618	1.4171e-010
12619	1.4288e-010
12620	1.4866e-010
12621	1.5133e-010
12622	1.5342e-010
12623	1.598e-010
12624	1.6035e-010
12625	1.6687e-010
12626	1.6857e-010
12627	1.7315e-010
12628	1.7715e-010
12629	1.8033e-010
12630	1.8595e-010
12631	1.8839e-010
12632	1.9477e-010
12633	1.9712e-010
12634	2.0351e-010
12635	2.0668e-010
12636	2.121e-010
12637	2.1779e-010
12638	2.2058e-010
12639	2.2903e-010
12640	2.305e-010
12641	2.3882e-010
12642	2.4305e-010
12643	2.47e-010
12644	2.5519e-010
12645	2.5923e-010
12646	2.6441e-010
12647	2.7241e-010
12648	2.7812e-010
12649	2.8234e-010
12650	2.9105e-010
12651	2.9746e-010
12652	3.0371e-010
12653	3.0912e-010
12654	3.1749e-010
12655	3.2481e-010
12656	3.3221e-010
12657	3.3924e-010
12658	3.4687e-010
12659	3.5495e-010
12660	3.6213e-010
12661	3.7098e-010
12662	3.7929e-010
12663	3.8768e-010
12664	3.9666e-010
12665	4.0559e-010
12666	4.1503e-010
12667	4.2368e-010
12668	4.3333e-010
12669	4.4358e-010
12670	4.5407e-010
12671	4.6558e-010
12672	4.7631e-010
12673	4.8434e-010
12674	4.9446e-010
12675	5.1172e-010
12676	5.1284e-010
12677	4.9617e-010
12678	4.8709e-010
12679	4.8056e-010
12680	4.7042e-010
12681	4.5927e-010
12682	4.4946e-010
12683	4.392e-010
12684	4.2854e-010
12685	4.2149e-010
12686	4.1262e-010
12687	4.0419e-010
12688	3.96e-010
12689	3.8766e-010
12690	3.8065e-010
12691	3.6823e-010
12692	3.6517e-010
12693	3.5765e-010
12694	3.5185e-010
12695	3.4597e-010
12696	3.4143e-010
12697	3.3856e-010
12698	3.2392e-010
12699	3.295e-010
12700	3.1743e-010
12701	3.2156e-010
12702	3.0665e-010
12703	3.0633e-010
12704	3.0301e-010
12705	2.8021e-010
12706	2.7348e-010
12707	2.9333e-010
12708	2.678e-010
12709	2.6405e-010
12710	2.836e-010
12711	2.7158e-010
12712	2.8486e-010
12713	2.4104e-010
12714	2.4616e-010
12715	2.2148e-010
12716	2.3428e-010
12717	2.3706e-010
12718	2.1033e-010
12719	2.1595e-010
12720	1.9806e-010
12721	2.0264e-010
12722	1.8568e-010
12723	1.8519e-010
12724	1.7836e-010
12725	1.6868e-010
12726	1.8396e-010
12727	1.6886e-010
12728	1.7448e-010
12729	1.4464e-010
12730	1.4877e-010
12731	1.6168e-010
12732	1.4802e-010
12733	1.7524e-010
12734	2.1329e-010
12735	2.4284e-010
12736	3.4525e-010
12737	5.2277e-010
12738	6.2786e-010
12739	7.1748e-010
12740	9.0392e-010
12741	1.2732e-010
12742	1.2704e-010
12743	1.2615e-010
12744	1.2856e-010
12745	1.3296e-010
12746	1.375e-010
12747	1.4093e-010
12748	1.4468e-010
12749	1.4958e-010
12750	1.5144e-010
12751	1.5487e-010
12752	1.5923e-010
12753	1.6216e-010
12754	1.6777e-010
12755	1.6983e-010
12756	1.7408e-010
12757	1.7776e-010
12758	1.8186e-010
12759	1.8647e-010
12760	1.9024e-010
12761	1.9554e-010
12762	1.9901e-010
12763	2.0458e-010
12764	2.0831e-010
12765	2.138e-010
12766	2.1821e-010
12767	2.2292e-010
12768	2.2959e-010
12769	2.3322e-010
12770	2.4073e-010
12771	2.4421e-010
12772	2.4993e-010
12773	2.5665e-010
12774	2.6107e-010
12775	2.6753e-010
12776	2.7396e-010
12777	2.7917e-010
12778	2.8592e-010
12779	2.936e-010
12780	2.9904e-010
12781	3.0541e-010
12782	3.1343e-010
12783	3.216e-010
12784	3.2794e-010
12785	3.3417e-010
12786	3.4142e-010
12787	3.4962e-010
12788	3.5759e-010
12789	3.6584e-010
12790	3.74e-010
12791	3.8241e-010
12792	3.9083e-010
12793	3.9963e-010
12794	4.0867e-010
12795	4.1796e-010
12796	4.2772e-010
12797	4.3727e-010
12798	4.4714e-010
12799	4.5737e-010
12800	4.6775e-010
12801	4.7725e-010
12802	4.8932e-010
12803	5.0147e-010
12804	5.132e-010
12805	5.2304e-010
12806	5.2397e-010
12807	5.1489e-010
12808	5.0454e-010
12809	4.9244e-010
12810	4.7995e-010
12811	4.7211e-010
12812	4.6278e-010
12813	4.5283e-010
12814	4.4253e-010
12815	4.3345e-010
12816	4.2368e-010
12817	4.1485e-010
12818	4.0615e-010
12819	3.9792e-010
12820	3.9044e-010
12821	3.8274e-010
12822	3.7546e-010
12823	3.6848e-010
12824	3.6069e-010
12825	3.4906e-010
12826	3.4619e-010
12827	3.4678e-010
12828	3.4558e-010
12829	3.3569e-010
12830	3.171e-010
12831	3.2203e-010
12832	3.3323e-010
12833	3.0844e-010
12834	2.9715e-010
12835	2.9803e-010
12836	2.8295e-010
12837	2.8279e-010
12838	2.9075e-010
12839	2.6493e-010
12840	2.7289e-010
12841	3.0327e-010
12842	2.667e-010
12843	2.646e-010
12844	2.4135e-010
12845	2.2383e-010
12846	2.4129e-010
12847	2.2958e-010
12848	2.2598e-010
12849	2.1032e-010
12850	2.1159e-010
12851	1.9781e-010
12852	1.9391e-010
12853	1.8528e-010
12854	1.7899e-010
12855	1.7474e-010
12856	1.7604e-010
12857	1.8603e-010
12858	1.6387e-010
12859	1.5355e-010
12860	1.4599e-010
12861	1.5559e-010
12862	1.5981e-010
12863	1.658e-010
12864	2.108e-010
12865	2.4009e-010
12866	3.8941e-010
12867	5.547e-010
12868	7.1561e-010
12869	8.2326e-010
12870	1.0559e-009
12871	1.2732e-010
12872	1.2704e-010
12873	1.2615e-010
12874	1.2856e-010
12875	1.3296e-010
12876	1.375e-010
12877	1.4093e-010
12878	1.4468e-010
12879	1.4958e-010
12880	1.5144e-010
12881	1.5487e-010
12882	1.5923e-010
12883	1.6216e-010
12884	1.6777e-010
12885	1.6983e-010
12886	1.7408e-010
12887	1.7776e-010
12888	1.8186e-010
12889	1.8647e-010
12890	1.9024e-010
12891	1.9554e-010
12892	1.9901e-010
12893	2.0458e-010
12894	2.0831e-010
12895	2.138e-010
12896	2.1821e-010
12897	2.2292e-010
12898	2.2959e-010
12899	2.3322e-010
12900	2.4073e-010
12901	2.4421e-010
12902	2.4993e-010
12903	2.5665e-010
12904	2.6107e-010
12905	2.6752e-010
12906	2.7395e-010
12907	2.7917e-010
12908	2.8592e-010
12909	2.936e-010
12910	2.9904e-010
12911	3.0542e-010
12912	3.1341e-010
12913	3.2134e-010
12914	3.2769e-010
12915	3.341e-010
12916	3.4136e-010
12917	3.4957e-010
12918	3.5757e-010
12919	3.6584e-010
12920	3.74e-010
12921	3.8241e-010
12922	3.9083e-010
12923	3.9963e-010
12924	4.0867e-010
12925	4.1796e-010
12926	4.2772e-010
12927	4.3727e-010
12928	4.4714e-010
12929	4.5737e-010
12930	4.6775e-010
12931	4.7725e-010
12932	4.893e-010
12933	5.0154e-010
12934	5.1318e-010
12935	5.2357e-010
12936	5.2445e-010
12937	5.1497e-010
12938	5.0453e-010
12939	4.9253e-010
12940	4.7997e-010
12941	4.7216e-010
12942	4.6275e-010
12943	4.5283e-010
12944	4.4253e-010
12945	4.3345e-010
12946	4.2368e-010
12947	4.1485e-010
12948	4.0614e-010
12949	3.9784e-010
12950	3.9052e-010
12951	3.8266e-010
12952	3.7554e-010
12953	3.6849e-010
12954	3.6071e-010
12955	3.4907e-010
12956	3.462e-010
12957	3.4704e-010
12958	3.4564e-010
12959	3.3507e-010
12960	3.1672e-010
12961	3.2144e-010
12962	3.3316e-010
12963	3.0789e-010
12964	2.973e-010
12965	2.9796e-010
12966	2.8296e-010
12967	2.8279e-010
12968	2.9075e-010
12969	2.6493e-010
12970	2.7289e-010
12971	3.0327e-010
12972	2.667e-010
12973	2.646e-010
12974	2.4135e-010
12975	2.2383e-010
12976	2.4129e-010
12977	2.2958e-010
12978	2.2597e-010
12979	2.1032e-010
12980	2.1159e-010
12981	1.9781e-010
12982	1.9391e-010
12983	1.8528e-010
12984	1.7899e-010
12985	1.7474e-010
12986	1.7604e-010
12987	1.8603e-010
12988	1.6387e-010
12989	1.5355e-010
12990	1.4599e-010
12991	1.5559e-010
12992	1.5981e-010
12993	1.658e-010
12994	2.108e-010
12995	2.4009e-010
12996	3.8941e-010
12997	5.547e-010
12998	7.1561e-010
12999	8.2326e-010
13000	1.0559e-009
13001	1.2356e-010
13002	1.241e-010
13003	1.244e-010
13004	1.2563e-010
13005	1.3005e-010
13006	1.3341e-010
13007	1.3737e-010
13008	1.4171e-010
13009	1.4288e-010
13010	1.4864e-010
13011	1.5134e-010
13012	1.5342e-010
13013	1.598e-010
13014	1.6034e-010
13015	1.6687e-010
13016	1.6857e-010
13017	1.7315e-010
13018	1.7715e-010
13019	1.8034e-010
13020	1.8592e-010
13021	1.8839e-010
13022	1.9477e-010
13023	1.9712e-010
13024	2.0351e-010
13025	2.0668e-010
13026	2.121e-010
13027	2.1779e-010
13028	2.2057e-010
13029	2.2903e-010
13030	2.305e-010
13031	2.3882e-010
13032	2.4305e-010
13033	2.47e-010
13034	2.5519e-010
13035	2.5924e-010
13036	2.6442e-010
13037	2.7241e-010
13038	2.7812e-010
13039	2.8234e-010
13040	2.9105e-010
13041	2.9745e-010
13042	3.0379e-010
13043	3.0911e-010
13044	3.1736e-010
13045	3.2472e-010
13046	3.3211e-010
13047	3.3922e-010
13048	3.4687e-010
13049	3.5495e-010
13050	3.6214e-010
13051	3.7098e-010
13052	3.7929e-010
13053	3.8768e-010
13054	3.9667e-010
13055	4.0556e-010
13056	4.1503e-010
13057	4.2368e-010
13058	4.3333e-010
13059	4.4358e-010
13060	4.5407e-010
13061	4.6558e-010
13062	4.7633e-010
13063	4.8438e-010
13064	4.9444e-010
13065	5.1167e-010
13066	5.1299e-010
13067	4.9614e-010
13068	4.8712e-010
13069	4.8059e-010
13070	4.7049e-010
13071	4.5921e-010
13072	4.4957e-010
13073	4.392e-010
13074	4.2855e-010
13075	4.2146e-010
13076	4.1259e-010
13077	4.042e-010
13078	3.9599e-010
13079	3.8777e-010
13080	3.8031e-010
13081	3.6869e-010
13082	3.6496e-010
13083	3.5776e-010
13084	3.5182e-010
13085	3.4598e-010
13086	3.4133e-010
13087	3.3879e-010
13088	3.2356e-010
13089	3.2955e-010
13090	3.173e-010
13091	3.2168e-010
13092	3.0658e-010
13093	3.0637e-010
13094	3.0305e-010
13095	2.8017e-010
13096	2.7346e-010
13097	2.9335e-010
13098	2.6779e-010
13099	2.6404e-010
13100	2.836e-010
13101	2.7159e-010
13102	2.8487e-010
13103	2.4104e-010
13104	2.4616e-010
13105	2.2148e-010
13106	2.3428e-010
13107	2.3703e-010
13108	2.1034e-010
13109	2.1595e-010
13110	1.9806e-010
13111	2.0264e-010
13112	1.8568e-010
13113	1.8519e-010
13114	1.7836e-010
13115	1.6869e-010
13116	1.8396e-010
13117	1.6886e-010
13118	1.7448e-010
13119	1.4464e-010
13120	1.4877e-010
13121	1.6168e-010
13122	1.4802e-010
13123	1.7524e-010
13124	2.1329e-010
13125	2.4284e-010
13126	3.4525e-010
13127	5.2277e-010
13128	6.2786e-010
13129	7.1749e-010
13130	9.0386e-010
13131	1.2728e-010
13132	1.2703e-010
13133	1.2612e-010
13134	1.2857e-010
13135	1.3296e-010
13136	1.3751e-010
13137	1.4095e-010
13138	1.4463e-010
13139	1.4951e-010
13140	1.5145e-010
13141	1.5487e-010
13142	1.5927e-010
13143	1.6219e-010
13144	1.6778e-010
13145	1.6985e-010
13146	1.7406e-010
13147	1.7773e-010
13148	1.8182e-010
13149	1.864e-010
13150	1.9019e-010
13151	1.9554e-010
13152	1.99e-010
13153	2.0459e-010
13154	2.0835e-010
13155	2.1388e-010
13156	2.1836e-010
13157	2.2301e-010
13158	2.296e-010
13159	2.3322e-010
13160	2.4064e-010
13161	2.4412e-010
13162	2.4991e-010
13163	2.5666e-010
13164	2.6099e-010
13165	2.6747e-010
13166	2.7391e-010
13167	2.7922e-010
13168	2.8593e-010
13169	2.9353e-010
13170	2.9914e-010
13171	3.0543e-010
13172	3.1284e-010
13173	3.2021e-010
13174	3.2725e-010
13175	3.3416e-010
13176	3.4138e-010
13177	3.4952e-010
13178	3.5757e-010
13179	3.6581e-010
13180	3.7399e-010
13181	3.8246e-010
13182	3.9075e-010
13183	3.9957e-010
13184	4.0868e-010
13185	4.1798e-010
13186	4.2784e-010
13187	4.3718e-010
13188	4.4726e-010
13189	4.5746e-010
13190	4.6769e-010
13191	4.7733e-010
13192	4.8931e-010
13193	5.0149e-010
13194	5.133e-010
13195	5.2427e-010
13196	5.2523e-010
13197	5.1468e-010
13198	5.0447e-010
13199	4.9243e-010
13200	4.8077e-010
13201	4.7278e-010
13202	4.6287e-010
13203	4.5283e-010
13204	4.4252e-010
13205	4.3334e-010
13206	4.2352e-010
13207	4.1481e-010
13208	4.061e-010
13209	3.9784e-010
13210	3.9051e-010
13211	3.8263e-010
13212	3.7545e-010
13213	3.6839e-010
13214	3.6082e-010
13215	3.4915e-010
13216	3.4642e-010
13217	3.4662e-010
13218	3.4586e-010
13219	3.3469e-010
13220	3.1685e-010
13221	3.217e-010
13222	3.3261e-010
13223	3.0761e-010
13224	2.972e-010
13225	2.9803e-010
13226	2.8292e-010
13227	2.8279e-010
13228	2.9079e-010
13229	2.6496e-010
13230	2.7289e-010
13231	3.033e-010
13232	2.6668e-010
13233	2.6467e-010
13234	2.4134e-010
13235	2.2385e-010
13236	2.4135e-010
13237	2.2961e-010
13238	2.2601e-010
13239	2.1036e-010
13240	2.1162e-010
13241	1.9784e-010
13242	1.939e-010
13243	1.8526e-010
13244	1.7902e-010
13245	1.7475e-010
13246	1.7603e-010
13247	1.8605e-010
13248	1.6387e-010
13249	1.5355e-010
13250	1.46e-010
13251	1.5557e-010
13252	1.598e-010
13253	1.6578e-010
13254	2.1077e-010
13255	2.4004e-010
13256	3.8938e-010
13257	5.5469e-010
13258	7.1561e-010
13259	8.233e-010
13260	1.0559e-009
13261	1.2722e-010
13262	1.2693e-010
13263	1.26e-010
13264	1.2841e-010
13265	1.3286e-010
13266	1.3746e-010
13267	1.409e-010
13268	1.4467e-010
13269	1.495e-010
13270	1.5142e-010
13271	1.5483e-010
13272	1.5916e-010
13273	1.6206e-010
13274	1.6766e-010
13275	1.6972e-010
13276	1.7403e-010
13277	1.7771e-010
13278	1.8183e-010
13279	1.8639e-010
13280	1.9011e-010
13281	1.9539e-010
13282	1.9901e-010
13283	2.0462e-010
13284	2.0828e-010
13285	2.1365e-010
13286	2.1803e-010
13287	2.2273e-010
13288	2.2932e-010
13289	2.3298e-010
13290	2.405e-010
13291	2.4403e-010
13292	2.4982e-010
13293	2.566e-010
13294	2.6095e-010
13295	2.6741e-010
13296	2.7395e-010
13297	2.7907e-010
13298	2.8567e-010
13299	2.9329e-010
13300	2.9893e-010
13301	3.0544e-010
13302	3.1277e-010
13303	3.2007e-010
13304	3.2725e-010
13305	3.3405e-010
13306	3.4116e-010
13307	3.4939e-010
13308	3.5741e-010
13309	3.6562e-010
13310	3.738e-010
13311	3.8226e-010
13312	3.9079e-010
13313	3.9968e-010
13314	4.0876e-010
13315	4.1797e-010
13316	4.2762e-010
13317	4.3729e-010
13318	4.4736e-010
13319	4.5775e-010
13320	4.6801e-010
13321	4.7737e-010
13322	4.8925e-010
13323	5.0158e-010
13324	5.1336e-010
13325	5.2382e-010
13326	5.2543e-010
13327	5.1564e-010
13328	5.0501e-010
13329	4.9286e-010
13330	4.8146e-010
13331	4.7303e-010
13332	4.6294e-010
13333	4.5281e-010
13334	4.4238e-010
13335	4.3338e-010
13336	4.2367e-010
13337	4.1478e-010
13338	4.0612e-010
13339	3.9788e-010
13340	3.905e-010
13341	3.8269e-010
13342	3.7543e-010
13343	3.6838e-010
13344	3.6079e-010
13345	3.4902e-010
13346	3.4602e-010
13347	3.4685e-010
13348	3.4079e-010
13349	3.349e-010
13350	3.1658e-010
13351	3.2153e-010
13352	3.3265e-010
13353	3.0759e-010
13354	2.9726e-010
13355	2.9805e-010
13356	2.8292e-010
13357	2.8292e-010
13358	2.9102e-010
13359	2.6518e-010
13360	2.7313e-010
13361	3.0359e-010
13362	2.6693e-010
13363	2.6488e-010
13364	2.4156e-010
13365	2.2405e-010
13366	2.4154e-010
13367	2.298e-010
13368	2.262e-010
13369	2.105e-010
13370	2.1178e-010
13371	1.9796e-010
13372	1.9409e-010
13373	1.8543e-010
13374	1.792e-010
13375	1.7491e-010
13376	1.7614e-010
13377	1.8612e-010
13378	1.6388e-010
13379	1.5354e-010
13380	1.46e-010
13381	1.556e-010
13382	1.5984e-010
13383	1.6582e-010
13384	2.1081e-010
13385	2.4015e-010
13386	3.8952e-010
13387	5.5483e-010
13388	7.1579e-010
13389	8.2352e-010
13390	1.0561e-009
13391	1.2335e-010
13392	1.2386e-010
13393	1.2414e-010
13394	1.2539e-010
13395	1.2991e-010
13396	1.3345e-010
13397	1.3741e-010
13398	1.4174e-010
13399	1.4286e-010
13400	1.4865e-010
13401	1.5119e-010
13402	1.5323e-010
13403	1.5972e-010
13404	1.6028e-010
13405	1.6679e-010
13406	1.6845e-010
13407	1.7298e-010
13408	1.7695e-010
13409	1.8012e-010
13410	1.8573e-010
13411	1.8825e-010
13412	1.9481e-010
13413	1.9722e-010
13414	2.0345e-010
13415	2.065e-010
13416	2.1186e-010
13417	2.1746e-010
13418	2.2017e-010
13419	2.2871e-010
13420	2.3039e-010
13421	2.3872e-010
13422	2.4291e-010
13423	2.4698e-010
13424	2.5514e-010
13425	2.5917e-010
13426	2.644e-010
13427	2.7236e-010
13428	2.7793e-010
13429	2.8211e-010
13430	2.9088e-010
13431	2.9748e-010
13432	3.0369e-010
13433	3.0879e-010
13434	3.1714e-010
13435	3.2459e-010
13436	3.3196e-010
13437	3.3927e-010
13438	3.4684e-010
13439	3.5469e-010
13440	3.6183e-010
13441	3.7073e-010
13442	3.7914e-010
13443	3.8808e-010
13444	3.9675e-010
13445	4.0549e-010
13446	4.1479e-010
13447	4.2333e-010
13448	4.3357e-010
13449	4.4386e-010
13450	4.544e-010
13451	4.6549e-010
13452	4.7644e-010
13453	4.8459e-010
13454	4.9435e-010
13455	5.1158e-010
13456	5.1326e-010
13457	4.9644e-010
13458	4.8682e-010
13459	4.8033e-010
13460	4.7035e-010
13461	4.5924e-010
13462	4.4952e-010
13463	4.3923e-010
13464	4.283e-010
13465	4.2128e-010
13466	4.125e-010
13467	4.0396e-010
13468	3.9584e-010
13469	3.8763e-010
13470	3.8021e-010
13471	3.6887e-010
13472	3.6494e-010
13473	3.5776e-010
13474	3.5197e-010
13475	3.4614e-010
13476	3.4114e-010
13477	3.3454e-010
13478	3.2389e-010
13479	3.2488e-010
13480	3.1712e-010
13481	3.215e-010
13482	3.0627e-010
13483	3.0621e-010
13484	3.0305e-010
13485	2.8009e-010
13486	2.7351e-010
13487	2.9344e-010
13488	2.6795e-010
13489	2.6436e-010
13490	2.8391e-010
13491	2.7199e-010
13492	2.8519e-010
13493	2.4146e-010
13494	2.4642e-010
13495	2.2181e-010
13496	2.345e-010
13497	2.3732e-010
13498	2.1057e-010
13499	2.1617e-010
13500	1.9828e-010
13501	2.0287e-010
13502	1.8596e-010
13503	1.8546e-010
13504	1.7863e-010
13505	1.6889e-010
13506	1.8407e-010
13507	1.6893e-010
13508	1.7447e-010
13509	1.4468e-010
13510	1.4876e-010
13511	1.6177e-010
13512	1.4809e-010
13513	1.7538e-010
13514	2.1337e-010
13515	2.4297e-010
13516	3.4537e-010
13517	5.2292e-010
13518	6.2799e-010
13519	7.1777e-010
13520	9.0415e-010
13521	1.2722e-010
13522	1.2693e-010
13523	1.26e-010
13524	1.2841e-010
13525	1.3286e-010
13526	1.3746e-010
13527	1.409e-010
13528	1.4467e-010
13529	1.495e-010
13530	1.5142e-010
13531	1.5483e-010
13532	1.5916e-010
13533	1.6206e-010
13534	1.6766e-010
13535	1.6972e-010
13536	1.7403e-010
13537	1.7771e-010
13538	1.8183e-010
13539	1.8639e-010
13540	1.9011e-010
13541	1.9539e-010
13542	1.9901e-010
13543	2.0462e-010
13544	2.0828e-010
13545	2.1365e-010
13546	2.1803e-010
13547	2.2273e-010
13548	2.2932e-010
13549	2.3298e-010
13550	2.405e-010
13551	2.4403e-010
13552	2.4982e-010
13553	2.566e-010
13554	2.6095e-010
13555	2.6742e-010
13556	2.7395e-010
13557	2.791e-010
13558	2.8565e-010
13559	2.9323e-010
13560	2.9943e-010
13561	3.0638e-010
13562	3.1329e-010
13563	3.2e-010
13564	3.2725e-010
13565	3.3404e-010
13566	3.4116e-010
13567	3.494e-010
13568	3.574e-010
13569	3.6562e-010
13570	3.738e-010
13571	3.8226e-010
13572	3.9079e-010
13573	3.9968e-010
13574	4.0876e-010
13575	4.1798e-010
13576	4.2762e-010
13577	4.3729e-010
13578	4.4736e-010
13579	4.5775e-010
13580	4.6801e-010
13581	4.7737e-010
13582	4.8924e-010
13583	5.0156e-010
13584	5.132e-010
13585	5.2317e-010
13586	5.2526e-010
13587	5.1737e-010
13588	5.0639e-010
13589	4.9443e-010
13590	4.8221e-010
13591	4.7305e-010
13592	4.6289e-010
13593	4.5281e-010
13594	4.4238e-010
13595	4.3338e-010
13596	4.2367e-010
13597	4.1478e-010
13598	4.0612e-010
13599	3.9788e-010
13600	3.905e-010
13601	3.8269e-010
13602	3.7543e-010
13603	3.6838e-010
13604	3.6079e-010
13605	3.4904e-010
13606	3.4615e-010
13607	3.4673e-010
13608	3.4086e-010
13609	3.347e-010
13610	3.1659e-010
13611	3.2154e-010
13612	3.3245e-010
13613	3.0761e-010
13614	2.9717e-010
13615	2.9807e-010
13616	2.8292e-010
13617	2.8292e-010
13618	2.9102e-010
13619	2.6518e-010
13620	2.7313e-010
13621	3.0359e-010
13622	2.6693e-010
13623	2.6488e-010
13624	2.4154e-010
13625	2.2405e-010
13626	2.4154e-010
13627	2.298e-010
13628	2.262e-010
13629	2.105e-010
13630	2.1177e-010
13631	1.9796e-010
13632	1.9409e-010
13633	1.8543e-010
13634	1.792e-010
13635	1.7491e-010
13636	1.7614e-010
13637	1.8612e-010
13638	1.6388e-010
13639	1.5354e-010
13640	1.46e-010
13641	1.556e-010
13642	1.5984e-010
13643	1.6582e-010
13644	2.1081e-010
13645	2.4015e-010
13646	3.8952e-010
13647	5.5483e-010
13648	7.1579e-010
13649	8.2352e-010
13650	1.0561e-009
13651	1.2728e-010
13652	1.2703e-010
13653	1.2612e-010
13654	1.2857e-010
13655	1.3296e-010
13656	1.3751e-010
13657	1.4095e-010
13658	1.4463e-010
13659	1.4951e-010
13660	1.5143e-010
13661	1.5487e-010
13662	1.5927e-010
13663	1.6219e-010
13664	1.6778e-010
13665	1.6985e-010
13666	1.7406e-010
13667	1.7773e-010
13668	1.8183e-010
13669	1.8641e-010
13670	1.9019e-010
13671	1.9554e-010
13672	1.99e-010
13673	2.0459e-010
13674	2.0833e-010
13675	2.1388e-010
13676	2.1836e-010
13677	2.2301e-010
13678	2.296e-010
13679	2.3322e-010
13680	2.4064e-010
13681	2.4412e-010
13682	2.4991e-010
13683	2.5663e-010
13684	2.61e-010
13685	2.6745e-010
13686	2.7393e-010
13687	2.7919e-010
13688	2.8595e-010
13689	2.9349e-010
13690	2.9971e-010
13691	3.0643e-010
13692	3.1344e-010
13693	3.2015e-010
13694	3.2725e-010
13695	3.3415e-010
13696	3.4138e-010
13697	3.4953e-010
13698	3.5757e-010
13699	3.6582e-010
13700	3.7399e-010
13701	3.8246e-010
13702	3.9075e-010
13703	3.9957e-010
13704	4.0869e-010
13705	4.1799e-010
13706	4.2784e-010
13707	4.3718e-010
13708	4.4726e-010
13709	4.5746e-010
13710	4.6769e-010
13711	4.7734e-010
13712	4.8937e-010
13713	5.0147e-010
13714	5.132e-010
13715	5.2316e-010
13716	5.2513e-010
13717	5.1737e-010
13718	5.0697e-010
13719	4.9502e-010
13720	4.8239e-010
13721	4.7319e-010
13722	4.6287e-010
13723	4.5285e-010
13724	4.4252e-010
13725	4.3333e-010
13726	4.2352e-010
13727	4.1481e-010
13728	4.061e-010
13729	3.9783e-010
13730	3.9049e-010
13731	3.8261e-010
13732	3.7542e-010
13733	3.6846e-010
13734	3.608e-010
13735	3.4912e-010
13736	3.4636e-010
13737	3.4627e-010
13738	3.4541e-010
13739	3.3462e-010
13740	3.1676e-010
13741	3.2173e-010
13742	3.325e-010
13743	3.0771e-010
13744	2.9717e-010
13745	2.9807e-010
13746	2.8291e-010
13747	2.8279e-010
13748	2.9079e-010
13749	2.6496e-010
13750	2.7289e-010
13751	3.033e-010
13752	2.6668e-010
13753	2.6467e-010
13754	2.4134e-010
13755	2.2385e-010
13756	2.4135e-010
13757	2.2961e-010
13758	2.2601e-010
13759	2.1037e-010
13760	2.1163e-010
13761	1.9784e-010
13762	1.939e-010
13763	1.8526e-010
13764	1.7902e-010
13765	1.7475e-010
13766	1.7603e-010
13767	1.8605e-010
13768	1.6387e-010
13769	1.5355e-010
13770	1.46e-010
13771	1.5557e-010
13772	1.598e-010
13773	1.6578e-010
13774	2.1077e-010
13775	2.4004e-010
13776	3.8938e-010
13777	5.5469e-010
13778	7.1561e-010
13779	8.233e-010
13780	1.0559e-009
13781	1.2356e-010
13782	1.241e-010
13783	1.244e-010
13784	1.2563e-010
13785	1.3005e-010
13786	1.3341e-010
13787	1.3737e-010
13788	1.4171e-010
13789	1.4287e-010
13790	1.4866e-010
13791	1.5133e-010
13792	1.5342e-010
13793	1.598e-010
13794	1.6035e-010
13795	1.6687e-010
13796	1.6857e-010
13797	1.7315e-010
13798	1.7715e-010
13799	1.8033e-010
13800	1.8595e-010
13801	1.8839e-010
13802	1.9477e-010
13803	1.9712e-010
13804	2.0351e-010
13805	2.0667e-010
13806	2.121e-010
13807	2.1779e-010
13808	2.2057e-010
13809	2.2903e-010
13810	2.305e-010
13811	2.3881e-010
13812	2.4304e-010
13813	2.4703e-010
13814	2.5517e-010
13815	2.5921e-010
13816	2.6443e-010
13817	2.7243e-010
13818	2.7812e-010
13819	2.8237e-010
13820	2.9112e-010
13821	2.9746e-010
13822	3.0381e-010
13823	3.0906e-010
13824	3.1736e-010
13825	3.2475e-010
13826	3.321e-010
13827	3.3922e-010
13828	3.4687e-010
13829	3.5495e-010
13830	3.6214e-010
13831	3.7097e-010
13832	3.7931e-010
13833	3.8773e-010
13834	3.9666e-010
13835	4.0559e-010
13836	4.1503e-010
13837	4.2368e-010
13838	4.3333e-010
13839	4.4361e-010
13840	4.5406e-010
13841	4.6557e-010
13842	4.7635e-010
13843	4.8439e-010
13844	4.9447e-010
13845	5.1169e-010
13846	5.1294e-010
13847	4.9639e-010
13848	4.873e-010
13849	4.8096e-010
13850	4.7059e-010
13851	4.5938e-010
13852	4.4956e-010
13853	4.3917e-010
13854	4.2855e-010
13855	4.2146e-010
13856	4.1259e-010
13857	4.0421e-010
13858	3.9599e-010
13859	3.8773e-010
13860	3.8034e-010
13861	3.6874e-010
13862	3.649e-010
13863	3.5766e-010
13864	3.5182e-010
13865	3.4605e-010
13866	3.412e-010
13867	3.3884e-010
13868	3.2374e-010
13869	3.297e-010
13870	3.172e-010
13871	3.2162e-010
13872	3.0655e-010
13873	3.0634e-010
13874	3.0301e-010
13875	2.802e-010
13876	2.7347e-010
13877	2.9335e-010
13878	2.6779e-010
13879	2.6404e-010
13880	2.836e-010
13881	2.7157e-010
13882	2.8486e-010
13883	2.4104e-010
13884	2.4616e-010
13885	2.215e-010
13886	2.3428e-010
13887	2.3705e-010
13888	2.1036e-010
13889	2.1594e-010
13890	1.9806e-010
13891	2.0264e-010
13892	1.8568e-010
13893	1.8519e-010
13894	1.7836e-010
13895	1.6868e-010
13896	1.8396e-010
13897	1.6886e-010
13898	1.7448e-010
13899	1.4464e-010
13900	1.4877e-010
13901	1.6168e-010
13902	1.4802e-010
13903	1.7524e-010
13904	2.1329e-010
13905	2.4284e-010
13906	3.4525e-010
13907	5.2277e-010
13908	6.2786e-010
13909	7.1748e-010
13910	9.0392e-010
13911	1.2732e-010
13912	1.2704e-010
13913	1.2615e-010
13914	1.2856e-010
13915	1.3296e-010
13916	1.375e-010
13917	1.4093e-010
13918	1.4469e-010
13919	1.4958e-010
13920	1.5144e-010
13921	1.5487e-010
13922	1.5923e-010
13923	1.6216e-010
13924	1.6777e-010
13925	1.6983e-010
13926	1.7408e-010
13927	1.7776e-010
13928	1.8186e-010
13929	1.8647e-010
13930	1.9024e-010
13931	1.9554e-010
13932	1.9901e-010
13933	2.0458e-010
13934	2.0831e-010
13935	2.138e-010
13936	2.1821e-010
13937	2.2292e-010
13938	2.2959e-010
13939	2.3322e-010
13940	2.4073e-010
13941	2.4419e-010
13942	2.4994e-010
13943	2.5665e-010
13944	2.6105e-010
13945	2.6755e-010
13946	2.7394e-010
13947	2.7915e-010
13948	2.8594e-010
13949	2.9359e-010
13950	2.9911e-010
13951	3.0541e-010
13952	3.1296e-010
13953	3.2027e-010
13954	3.2717e-010
13955	3.3401e-010
13956	3.4136e-010
13957	3.4958e-010
13958	3.5758e-010
13959	3.6585e-010
13960	3.74e-010
13961	3.8242e-010
13962	3.9083e-010
13963	3.9963e-010
13964	4.0867e-010
13965	4.1796e-010
13966	4.2771e-010
13967	4.3727e-010
13968	4.4715e-010
13969	4.5738e-010
13970	4.6776e-010
13971	4.7726e-010
13972	4.8927e-010
13973	5.0149e-010
13974	5.1327e-010
13975	5.231e-010
13976	5.2529e-010
13977	5.1738e-010
13978	5.07e-010
13979	4.9487e-010
13980	4.8226e-010
13981	4.7326e-010
13982	4.6288e-010
13983	4.5282e-010
13984	4.4254e-010
13985	4.3345e-010
13986	4.2368e-010
13987	4.1485e-010
13988	4.0619e-010
13989	3.9787e-010
13990	3.9052e-010
13991	3.8267e-010
13992	3.755e-010
13993	3.6847e-010
13994	3.607e-010
13995	3.4905e-010
13996	3.4626e-010
13997	3.4682e-010
13998	3.4561e-010
13999	3.3522e-010
14000	3.1683e-010
14001	3.217e-010
14002	3.3274e-010
14003	3.0759e-010
14004	2.972e-010
14005	2.9804e-010
14006	2.8292e-010
14007	2.828e-010
14008	2.9075e-010
14009	2.6492e-010
14010	2.7289e-010
14011	3.0328e-010
14012	2.6672e-010
14013	2.646e-010
14014	2.4136e-010
14015	2.2382e-010
14016	2.4129e-010
14017	2.2959e-010
14018	2.2598e-010
14019	2.103e-010
14020	2.116e-010
14021	1.9781e-010
14022	1.9391e-010
14023	1.8528e-010
14024	1.7899e-010
14025	1.7474e-010
14026	1.7604e-010
14027	1.8603e-010
14028	1.6387e-010
14029	1.5355e-010
14030	1.46e-010
14031	1.5559e-010
14032	1.598e-010
14033	1.658e-010
14034	2.108e-010
14035	2.401e-010
14036	3.8941e-010
14037	5.547e-010
14038	7.1561e-010
14039	8.2326e-010
14040	1.0559e-009
14041	2.1085e-010
14042	2.5949e-010
14043	4.3099e-010
14044	5.6829e-010
14045	5.9669e-010
14046	6.1061e-010
14047	6.2634e-010
14048	6.4237e-010
14049	6.5792e-010
14050	6.7459e-010
14051	6.9004e-010
14052	7.0576e-010
14053	7.2453e-010
14054	7.391e-010
14055	7.5866e-010
14056	7.7431e-010
14057	7.9314e-010
14058	8.1181e-010
14059	8.2969e-010
14060	8.5073e-010
14061	8.6826e-010
14062	8.9066e-010
14063	9.0862e-010
14064	9.3183e-010
14065	9.5148e-010
14066	9.7439e-010
14067	9.9756e-010
14068	1.0183e-009
14069	1.0458e-009
14070	1.0644e-009
14071	1.0931e-009
14072	1.1162e-009
14073	1.1392e-009
14074	1.1693e-009
14075	1.1934e-009
14076	1.2193e-009
14077	1.2504e-009
14078	1.2783e-009
14079	1.3029e-009
14080	1.337e-009
14081	1.3666e-009
14082	1.3977e-009
14083	1.4254e-009
14084	1.4629e-009
14085	1.4962e-009
14086	1.5278e-009
14087	1.5618e-009
14088	1.5966e-009
14089	1.6339e-009
14090	1.6681e-009
14091	1.7087e-009
14092	1.7467e-009
14093	1.786e-009
14094	1.8262e-009
14095	1.8675e-009
14096	1.9103e-009
14097	1.9505e-009
14098	1.996e-009
14099	2.041e-009
14100	2.0872e-009
14101	2.1359e-009
14102	2.1866e-009
14103	2.2291e-009
14104	2.2724e-009
14105	2.3428e-009
14106	2.3508e-009
14107	2.2852e-009
14108	2.2397e-009
14109	2.206e-009
14110	2.1588e-009
14111	2.1072e-009
14112	2.0563e-009
14113	2.0132e-009
14114	1.9654e-009
14115	1.9308e-009
14116	1.8877e-009
14117	1.8473e-009
14118	1.8082e-009
14119	1.7708e-009
14120	1.7369e-009
14121	1.6867e-009
14122	1.6633e-009
14123	1.6242e-009
14124	1.5899e-009
14125	1.5564e-009
14126	1.5268e-009
14127	1.5042e-009
14128	1.4412e-009
14129	1.4422e-009
14130	1.4006e-009
14131	1.3867e-009
14132	1.3237e-009
14133	1.3229e-009
14134	1.2956e-009
14135	1.2398e-009
14136	1.2172e-009
14137	1.2206e-009
14138	1.1611e-009
14139	1.1465e-009
14140	1.147e-009
14141	1.1001e-009
14142	1.109e-009
14143	1.0474e-009
14144	1.0013e-009
14145	9.955e-010
14146	9.7111e-010
14147	9.51e-010
14148	9.1864e-010
14149	9.1584e-010
14150	8.7721e-010
14151	8.6761e-010
14152	8.3277e-010
14153	8.1367e-010
14154	7.8632e-010
14155	7.5321e-010
14156	7.4331e-010
14157	7.0411e-010
14158	6.8222e-010
14159	6.2416e-010
14160	6.0552e-010
14161	6.2703e-010
14162	6.0822e-010
14163	6.9261e-010
14164	7.7452e-010
14165	1.1183e-009
14166	1.7539e-009
14167	2.5024e-009
14168	2.5546e-009
14169	2.5611e-009
14170	2.6448e-009
14171	1.5711e-010
14172	2.0133e-010
14173	3.6866e-010
14174	4.9879e-010
14175	5.2395e-010
14176	5.3754e-010
14177	5.5179e-010
14178	5.6498e-010
14179	5.7723e-010
14180	5.9443e-010
14181	6.0745e-010
14182	6.1999e-010
14183	6.3862e-010
14184	6.4816e-010
14185	6.6847e-010
14186	6.8069e-010
14187	6.9784e-010
14188	7.1412e-010
14189	7.2923e-010
14190	7.4895e-010
14191	7.6246e-010
14192	7.8458e-010
14193	7.9814e-010
14194	8.2096e-010
14195	8.3634e-010
14196	8.5755e-010
14197	8.789e-010
14198	8.9357e-010
14199	9.2218e-010
14200	9.3345e-010
14201	9.6303e-010
14202	9.8235e-010
14203	1.e-009
14204	1.0305e-009
14205	1.0493e-009
14206	1.0708e-009
14207	1.1011e-009
14208	1.1244e-009
14209	1.143e-009
14210	1.1766e-009
14211	1.2036e-009
14212	1.229e-009
14213	1.2516e-009
14214	1.2835e-009
14215	1.3141e-009
14216	1.3446e-009
14217	1.3736e-009
14218	1.4045e-009
14219	1.437e-009
14220	1.4664e-009
14221	1.5029e-009
14222	1.5364e-009
14223	1.5708e-009
14224	1.6061e-009
14225	1.6428e-009
14226	1.6804e-009
14227	1.715e-009
14228	1.7549e-009
14229	1.7945e-009
14230	1.8359e-009
14231	1.8816e-009
14232	1.925e-009
14233	1.9577e-009
14234	1.9953e-009
14235	2.0647e-009
14236	2.0652e-009
14237	1.9955e-009
14238	1.9595e-009
14239	1.9322e-009
14240	1.8892e-009
14241	1.8478e-009
14242	1.8084e-009
14243	1.7692e-009
14244	1.7269e-009
14245	1.6975e-009
14246	1.6611e-009
14247	1.6257e-009
14248	1.5913e-009
14249	1.5585e-009
14250	1.5268e-009
14251	1.4797e-009
14252	1.4612e-009
14253	1.4277e-009
14254	1.3991e-009
14255	1.3756e-009
14256	1.3489e-009
14257	1.3215e-009
14258	1.2558e-009
14259	1.27e-009
14260	1.2445e-009
14261	1.2253e-009
14262	1.1476e-009
14263	1.1689e-009
14264	1.1552e-009
14265	1.0795e-009
14266	1.0687e-009
14267	1.0918e-009
14268	1.0063e-009
14269	1.0154e-009
14270	1.0267e-009
14271	9.4864e-010
14272	9.9952e-010
14273	9.0677e-010
14274	8.8884e-010
14275	8.838e-010
14276	8.5232e-010
14277	8.452e-010
14278	7.9898e-010
14279	8.1607e-010
14280	7.6573e-010
14281	7.6981e-010
14282	7.2996e-010
14283	7.1753e-010
14284	6.9285e-010
14285	6.5951e-010
14286	6.5947e-010
14287	6.0671e-010
14288	6.0401e-010
14289	5.3861e-010
14290	5.2419e-010
14291	5.5663e-010
14292	5.1763e-010
14293	5.8434e-010
14294	7.1008e-010
14295	1.0359e-009
14296	1.5635e-009
14297	2.1722e-009
14298	2.1783e-009
14299	2.4587e-009
14300	1.9534e-009
14301	2.1103e-010
14302	2.5962e-010
14303	4.3103e-010
14304	5.6831e-010
14305	5.9672e-010
14306	6.1068e-010
14307	6.264e-010
14308	6.4237e-010
14309	6.5783e-010
14310	6.7456e-010
14311	6.9007e-010
14312	7.0583e-010
14313	7.2457e-010
14314	7.3901e-010
14315	7.5846e-010
14316	7.7398e-010
14317	7.9271e-010
14318	8.1139e-010
14319	8.2928e-010
14320	8.5039e-010
14321	8.6794e-010
14322	8.9044e-010
14323	9.085e-010
14324	9.3171e-010
14325	9.513e-010
14326	9.741e-010
14327	9.9717e-010
14328	1.0178e-009
14329	1.0454e-009
14330	1.064e-009
14331	1.0925e-009
14332	1.1156e-009
14333	1.139e-009
14334	1.1692e-009
14335	1.1931e-009
14336	1.2189e-009
14337	1.2497e-009
14338	1.2796e-009
14339	1.3035e-009
14340	1.3367e-009
14341	1.3666e-009
14342	1.3977e-009
14343	1.425e-009
14344	1.4627e-009
14345	1.4957e-009
14346	1.5274e-009
14347	1.5613e-009
14348	1.5963e-009
14349	1.6332e-009
14350	1.6673e-009
14351	1.7081e-009
14352	1.7462e-009
14353	1.7856e-009
14354	1.8258e-009
14355	1.8671e-009
14356	1.9101e-009
14357	1.9506e-009
14358	1.9964e-009
14359	2.0414e-009
14360	2.0878e-009
14361	2.137e-009
14362	2.1871e-009
14363	2.2295e-009
14364	2.2729e-009
14365	2.3428e-009
14366	2.3486e-009
14367	2.2783e-009
14368	2.2333e-009
14369	2.204e-009
14370	2.1593e-009
14371	2.1081e-009
14372	2.056e-009
14373	2.0129e-009
14374	1.9656e-009
14375	1.931e-009
14376	1.8879e-009
14377	1.8474e-009
14378	1.8082e-009
14379	1.7704e-009
14380	1.7365e-009
14381	1.6866e-009
14382	1.6632e-009
14383	1.6241e-009
14384	1.5898e-009
14385	1.5563e-009
14386	1.5266e-009
14387	1.504e-009
14388	1.4411e-009
14389	1.4422e-009
14390	1.4003e-009
14391	1.3846e-009
14392	1.324e-009
14393	1.3212e-009
14394	1.2955e-009
14395	1.2399e-009
14396	1.2172e-009
14397	1.2208e-009
14398	1.1614e-009
14399	1.1469e-009
14400	1.1475e-009
14401	1.1008e-009
14402	1.1096e-009
14403	1.0481e-009
14404	1.002e-009
14405	9.9639e-010
14406	9.7192e-010
14407	9.5183e-010
14408	9.1955e-010
14409	9.168e-010
14410	8.781e-010
14411	8.6841e-010
14412	8.3353e-010
14413	8.1436e-010
14414	7.8684e-010
14415	7.5366e-010
14416	7.4369e-010
14417	7.0448e-010
14418	6.8236e-010
14419	6.2423e-010
14420	6.0542e-010
14421	6.2684e-010
14422	6.0828e-010
14423	6.9256e-010
14424	7.7474e-010
14425	1.1186e-009
14426	1.7542e-009
14427	2.5026e-009
14428	2.5545e-009
14429	2.5612e-009
14430	2.6449e-009
14431	2.1086e-010
14432	2.5948e-010
14433	4.3096e-010
14434	5.6823e-010
14435	5.9656e-010
14436	6.1045e-010
14437	6.2617e-010
14438	6.422e-010
14439	6.5771e-010
14440	6.7439e-010
14441	6.8983e-010
14442	7.0557e-010
14443	7.2431e-010
14444	7.3886e-010
14445	7.5837e-010
14446	7.7395e-010
14447	7.9274e-010
14448	8.1143e-010
14449	8.2927e-010
14450	8.5016e-010
14451	8.6772e-010
14452	8.9039e-010
14453	9.0847e-010
14454	9.3151e-010
14455	9.51e-010
14456	9.7378e-010
14457	9.9685e-010
14458	1.0175e-009
14459	1.0451e-009
14460	1.0637e-009
14461	1.0923e-009
14462	1.1155e-009
14463	1.1387e-009
14464	1.1689e-009
14465	1.1928e-009
14466	1.2185e-009
14467	1.2492e-009
14468	1.279e-009
14469	1.3049e-009
14470	1.3392e-009
14471	1.3691e-009
14472	1.3986e-009
14473	1.4247e-009
14474	1.4606e-009
14475	1.4931e-009
14476	1.5265e-009
14477	1.5606e-009
14478	1.5958e-009
14479	1.6331e-009
14480	1.6673e-009
14481	1.708e-009
14482	1.7459e-009
14483	1.7851e-009
14484	1.8255e-009
14485	1.8671e-009
14486	1.9104e-009
14487	1.9509e-009
14488	1.9967e-009
14489	2.0418e-009
14490	2.088e-009
14491	2.1371e-009
14492	2.1875e-009
14493	2.2296e-009
14494	2.2728e-009
14495	2.343e-009
14496	2.3467e-009
14497	2.2761e-009
14498	2.237e-009
14499	2.207e-009
14500	2.1595e-009
14501	2.108e-009
14502	2.0561e-009
14503	2.013e-009
14504	1.9654e-009
14505	1.931e-009
14506	1.888e-009
14507	1.8471e-009
14508	1.8081e-009
14509	1.7703e-009
14510	1.7367e-009
14511	1.6854e-009
14512	1.6629e-009
14513	1.6235e-009
14514	1.5893e-009
14515	1.5556e-009
14516	1.5262e-009
14517	1.5037e-009
14518	1.4407e-009
14519	1.442e-009
14520	1.4003e-009
14521	1.3847e-009
14522	1.3248e-009
14523	1.3216e-009
14524	1.2961e-009
14525	1.2405e-009
14526	1.2178e-009
14527	1.2214e-009
14528	1.1622e-009
14529	1.1477e-009
14530	1.1483e-009
14531	1.1016e-009
14532	1.1104e-009
14533	1.0489e-009
14534	1.0028e-009
14535	9.9717e-010
14536	9.7262e-010
14537	9.5249e-010
14538	9.2027e-010
14539	9.174e-010
14540	8.7876e-010
14541	8.6909e-010
14542	8.3418e-010
14543	8.15e-010
14544	7.8742e-010
14545	7.5416e-010
14546	7.4404e-010
14547	7.0472e-010
14548	6.825e-010
14549	6.2429e-010
14550	6.0549e-010
14551	6.2709e-010
14552	6.0849e-010
14553	6.9285e-010
14554	7.7497e-010
14555	1.1189e-009
14556	1.7546e-009
14557	2.5029e-009
14558	2.5549e-009
14559	2.5614e-009
14560	2.6448e-009
14561	1.5715e-010
14562	2.0127e-010
14563	3.6851e-010
14564	4.9859e-010
14565	5.237e-010
14566	5.3723e-010
14567	5.5145e-010
14568	5.6463e-010
14569	5.7694e-010
14570	5.9406e-010
14571	6.0707e-010
14572	6.1954e-010
14573	6.3824e-010
14574	6.4781e-010
14575	6.6814e-010
14576	6.8028e-010
14577	6.9748e-010
14578	7.1386e-010
14579	7.288e-010
14580	7.4849e-010
14581	7.6208e-010
14582	7.8409e-010
14583	7.9769e-010
14584	8.2027e-010
14585	8.3569e-010
14586	8.5675e-010
14587	8.7818e-010
14588	8.9296e-010
14589	9.2154e-010
14590	9.3289e-010
14591	9.6296e-010
14592	9.8242e-010
14593	9.9994e-010
14594	1.0301e-009
14595	1.0488e-009
14596	1.0705e-009
14597	1.1007e-009
14598	1.124e-009
14599	1.1408e-009
14600	1.1744e-009
14601	1.2012e-009
14602	1.2272e-009
14603	1.2512e-009
14604	1.2838e-009
14605	1.314e-009
14606	1.3434e-009
14607	1.3726e-009
14608	1.4035e-009
14609	1.436e-009
14610	1.4654e-009
14611	1.5019e-009
14612	1.5358e-009
14613	1.5703e-009
14614	1.6056e-009
14615	1.6425e-009
14616	1.6807e-009
14617	1.7155e-009
14618	1.7551e-009
14619	1.7949e-009
14620	1.8362e-009
14621	1.8818e-009
14622	1.925e-009
14623	1.9579e-009
14624	1.9957e-009
14625	2.0649e-009
14626	2.0685e-009
14627	1.9983e-009
14628	1.9595e-009
14629	1.9307e-009
14630	1.8891e-009
14631	1.8472e-009
14632	1.8083e-009
14633	1.7692e-009
14634	1.7267e-009
14635	1.6979e-009
14636	1.6612e-009
14637	1.6253e-009
14638	1.5912e-009
14639	1.5583e-009
14640	1.5261e-009
14641	1.479e-009
14642	1.46e-009
14643	1.4264e-009
14644	1.3983e-009
14645	1.3751e-009
14646	1.3487e-009
14647	1.3215e-009
14648	1.2557e-009
14649	1.2698e-009
14650	1.2447e-009
14651	1.2249e-009
14652	1.1484e-009
14653	1.1687e-009
14654	1.1555e-009
14655	1.0797e-009
14656	1.0689e-009
14657	1.0924e-009
14658	1.007e-009
14659	1.0163e-009
14660	1.0277e-009
14661	9.4975e-010
14662	1.0006e-009
14663	9.0781e-010
14664	8.9e-010
14665	8.8508e-010
14666	8.536e-010
14667	8.4652e-010
14668	8.003e-010
14669	8.1706e-010
14670	7.6679e-010
14671	7.7063e-010
14672	7.3088e-010
14673	7.1842e-010
14674	6.9367e-010
14675	6.6033e-010
14676	6.5995e-010
14677	6.0702e-010
14678	6.0423e-010
14679	5.3876e-010
14680	5.2444e-010
14681	5.5692e-010
14682	5.1783e-010
14683	5.846e-010
14684	7.1018e-010
14685	1.0363e-009
14686	1.564e-009
14687	2.1726e-009
14688	2.1787e-009
14689	2.4591e-009
14690	1.9532e-009
14691	2.1086e-010
14692	2.5948e-010
14693	4.3096e-010
14694	5.6823e-010
14695	5.9656e-010
14696	6.1045e-010
14697	6.2616e-010
14698	6.4219e-010
14699	6.5771e-010
14700	6.7439e-010
14701	6.8983e-010
14702	7.0557e-010
14703	7.2431e-010
14704	7.3886e-010
14705	7.5838e-010
14706	7.7395e-010
14707	7.9274e-010
14708	8.1143e-010
14709	8.2927e-010
14710	8.5016e-010
14711	8.6772e-010
14712	8.9039e-010
14713	9.0847e-010
14714	9.3151e-010
14715	9.5101e-010
14716	9.7378e-010
14717	9.9685e-010
14718	1.0175e-009
14719	1.0451e-009
14720	1.0637e-009
14721	1.0923e-009
14722	1.1155e-009
14723	1.1387e-009
14724	1.1689e-009
14725	1.1928e-009
14726	1.2185e-009
14727	1.2494e-009
14728	1.2777e-009
14729	1.3032e-009
14730	1.3411e-009
14731	1.373e-009
14732	1.4e-009
14733	1.4249e-009
14734	1.4606e-009
14735	1.4931e-009
14736	1.5265e-009
14737	1.5606e-009
14738	1.5957e-009
14739	1.6331e-009
14740	1.6673e-009
14741	1.708e-009
14742	1.7459e-009
14743	1.7851e-009
14744	1.8255e-009
14745	1.8671e-009
14746	1.9104e-009
14747	1.9509e-009
14748	1.9967e-009
14749	2.0418e-009
14750	2.088e-009
14751	2.1371e-009
14752	2.1875e-009
14753	2.2296e-009
14754	2.2728e-009
14755	2.343e-009
14756	2.3468e-009
14757	2.2757e-009
14758	2.2415e-009
14759	2.2088e-009
14760	2.16e-009
14761	2.1082e-009
14762	2.0566e-009
14763	2.0133e-009
14764	1.9654e-009
14765	1.931e-009
14766	1.888e-009
14767	1.8472e-009
14768	1.808e-009
14769	1.7706e-009
14770	1.7356e-009
14771	1.6885e-009
14772	1.6659e-009
14773	1.6273e-009
14774	1.5916e-009
14775	1.5553e-009
14776	1.5263e-009
14777	1.5037e-009
14778	1.4408e-009
14779	1.442e-009
14780	1.4003e-009
14781	1.3847e-009
14782	1.3248e-009
14783	1.3215e-009
14784	1.2961e-009
14785	1.2405e-009
14786	1.2178e-009
14787	1.2214e-009
14788	1.1622e-009
14789	1.1478e-009
14790	1.1483e-009
14791	1.1016e-009
14792	1.1104e-009
14793	1.0489e-009
14794	1.0028e-009
14795	9.9717e-010
14796	9.7262e-010
14797	9.5249e-010
14798	9.2027e-010
14799	9.174e-010
14800	8.7876e-010
14801	8.6909e-010
14802	8.3418e-010
14803	8.1499e-010
14804	7.8744e-010
14805	7.5416e-010
14806	7.4404e-010
14807	7.0472e-010
14808	6.825e-010
14809	6.2429e-010
14810	6.0549e-010
14811	6.2709e-010
14812	6.0849e-010
14813	6.9285e-010
14814	7.7497e-010
14815	1.1189e-009
14816	1.7546e-009
14817	2.5029e-009
14818	2.5549e-009
14819	2.5614e-009
14820	2.6448e-009
14821	2.1103e-010
14822	2.5962e-010
14823	4.3103e-010
14824	5.6831e-010
14825	5.9672e-010
14826	6.1068e-010
14827	6.264e-010
14828	6.4236e-010
14829	6.5781e-010
14830	6.7456e-010
14831	6.9008e-010
14832	7.0583e-010
14833	7.2457e-010
14834	7.3901e-010
14835	7.5846e-010
14836	7.7398e-010
14837	7.9271e-010
14838	8.1139e-010
14839	8.2928e-010
14840	8.5038e-010
14841	8.6794e-010
14842	8.9045e-010
14843	9.085e-010
14844	9.3172e-010
14845	9.513e-010
14846	9.741e-010
14847	9.9717e-010
14848	1.0178e-009
14849	1.0454e-009
14850	1.064e-009
14851	1.0925e-009
14852	1.1156e-009
14853	1.139e-009
14854	1.1692e-009
14855	1.1931e-009
14856	1.2188e-009
14857	1.2499e-009
14858	1.2783e-009
14859	1.302e-009
14860	1.3384e-009
14861	1.3703e-009
14862	1.3991e-009
14863	1.4252e-009
14864	1.4625e-009
14865	1.4959e-009
14866	1.5273e-009
14867	1.5613e-009
14868	1.5963e-009
14869	1.6332e-009
14870	1.6673e-009
14871	1.7081e-009
14872	1.7462e-009
14873	1.7856e-009
14874	1.8258e-009
14875	1.8671e-009
14876	1.9101e-009
14877	1.9506e-009
14878	1.9964e-009
14879	2.0414e-009
14880	2.0878e-009
14881	2.137e-009
14882	2.1871e-009
14883	2.2295e-009
14884	2.2729e-009
14885	2.3426e-009
14886	2.3491e-009
14887	2.2806e-009
14888	2.2435e-009
14889	2.208e-009
14890	2.1599e-009
14891	2.1105e-009
14892	2.0613e-009
14893	2.0158e-009
14894	1.9655e-009
14895	1.931e-009
14896	1.8879e-009
14897	1.8474e-009
14898	1.8081e-009
14899	1.7707e-009
14900	1.7353e-009
14901	1.6886e-009
14902	1.666e-009
14903	1.6278e-009
14904	1.5922e-009
14905	1.556e-009
14906	1.5267e-009
14907	1.504e-009
14908	1.4421e-009
14909	1.4421e-009
14910	1.4004e-009
14911	1.3846e-009
14912	1.3245e-009
14913	1.3211e-009
14914	1.2955e-009
14915	1.2399e-009
14916	1.2173e-009
14917	1.2208e-009
14918	1.1614e-009
14919	1.1469e-009
14920	1.1475e-009
14921	1.1008e-009
14922	1.1096e-009
14923	1.0481e-009
14924	1.002e-009
14925	9.9639e-010
14926	9.7192e-010
14927	9.5183e-010
14928	9.1955e-010
14929	9.168e-010
14930	8.781e-010
14931	8.6841e-010
14932	8.3353e-010
14933	8.1436e-010
14934	7.8684e-010
14935	7.5366e-010
14936	7.4369e-010
14937	7.0448e-010
14938	6.8236e-010
14939	6.2423e-010
14940	6.0542e-010
14941	6.2684e-010
14942	6.0829e-010
14943	6.9256e-010
14944	7.7474e-010
14945	1.1186e-009
14946	1.7542e-009
14947	2.5026e-009
14948	2.5545e-009
14949	2.5612e-009
14950	2.6449e-009
14951	1.5711e-010
14952	2.0133e-010
14953	3.6866e-010
14954	4.9879e-010
14955	5.2395e-010
14956	5.3754e-010
14957	5.5179e-010
14958	5.6498e-010
14959	5.7722e-010
14960	5.9443e-010
14961	6.0745e-010
14962	6.1999e-010
14963	6.3862e-010
14964	6.4816e-010
14965	6.6847e-010
14966	6.8069e-010
14967	6.9783e-010
14968	7.1411e-010
14969	7.2923e-010
14970	7.4895e-010
14971	7.6246e-010
14972	7.8458e-010
14973	7.9814e-010
14974	8.2097e-010
14975	8.3634e-010
14976	8.5754e-010
14977	8.789e-010
14978	8.9356e-010
14979	9.2226e-010
14980	9.3343e-010
14981	9.6303e-010
14982	9.8234e-010
14983	1.e-009
14984	1.0305e-009
14985	1.0493e-009
14986	1.0708e-009
14987	1.1012e-009
14988	1.1253e-009
14989	1.1429e-009
14990	1.1769e-009
14991	1.2029e-009
14992	1.2283e-009
14993	1.251e-009
14994	1.2826e-009
14995	1.3139e-009
14996	1.3446e-009
14997	1.3736e-009
14998	1.4044e-009
14999	1.437e-009
15000	1.4664e-009
15001	1.5029e-009
15002	1.5364e-009
15003	1.5708e-009
15004	1.6061e-009
15005	1.6427e-009
15006	1.6804e-009
15007	1.715e-009
15008	1.7549e-009
15009	1.7945e-009
15010	1.8359e-009
15011	1.8816e-009
15012	1.925e-009
15013	1.9578e-009
15014	1.9955e-009
15015	2.0641e-009
15016	2.0657e-009
15017	1.9932e-009
15018	1.9573e-009
15019	1.9298e-009
15020	1.8897e-009
15021	1.8457e-009
15022	1.8051e-009
15023	1.7677e-009
15024	1.7265e-009
15025	1.6976e-009
15026	1.661e-009
15027	1.6255e-009
15028	1.5914e-009
15029	1.5585e-009
15030	1.5249e-009
15031	1.4815e-009
15032	1.4589e-009
15033	1.4267e-009
15034	1.3988e-009
15035	1.3755e-009
15036	1.349e-009
15037	1.3209e-009
15038	1.2568e-009
15039	1.2696e-009
15040	1.2449e-009
15041	1.2248e-009
15042	1.1483e-009
15043	1.1685e-009
15044	1.1553e-009
15045	1.0795e-009
15046	1.0687e-009
15047	1.0918e-009
15048	1.0063e-009
15049	1.0154e-009
15050	1.0267e-009
15051	9.4864e-010
15052	9.9952e-010
15053	9.0677e-010
15054	8.8884e-010
15055	8.838e-010
15056	8.5232e-010
15057	8.452e-010
15058	7.9898e-010
15059	8.1607e-010
15060	7.6573e-010
15061	7.6981e-010
15062	7.2996e-010
15063	7.1753e-010
15064	6.9284e-010
15065	6.5951e-010
15066	6.5947e-010
15067	6.0671e-010
15068	6.0401e-010
15069	5.3861e-010
15070	5.2421e-010
15071	5.5663e-010
15072	5.1763e-010
15073	5.8434e-010
15074	7.1008e-010
15075	1.0359e-009
15076	1.5635e-009
15077	2.1722e-009
15078	2.1783e-009
15079	2.4586e-009
15080	1.9534e-009
15081	2.1085e-010
15082	2.5949e-010
15083	4.3099e-010
15084	5.6829e-010
15085	5.9669e-010
15086	6.1061e-010
15087	6.2634e-010
15088	6.4237e-010
15089	6.5792e-010
15090	6.7459e-010
15091	6.9004e-010
15092	7.0575e-010
15093	7.2455e-010
15094	7.391e-010
15095	7.5866e-010
15096	7.7431e-010
15097	7.9314e-010
15098	8.1181e-010
15099	8.2969e-010
15100	8.5072e-010
15101	8.6825e-010
15102	8.9068e-010
15103	9.0862e-010
15104	9.3183e-010
15105	9.5148e-010
15106	9.744e-010
15107	9.9757e-010
15108	1.0183e-009
15109	1.0458e-009
15110	1.0644e-009
15111	1.0931e-009
15112	1.1162e-009
15113	1.1392e-009
15114	1.1693e-009
15115	1.1934e-009
15116	1.2193e-009
15117	1.2503e-009
15118	1.2787e-009
15119	1.3023e-009
15120	1.3374e-009
15121	1.3661e-009
15122	1.3996e-009
15123	1.4287e-009
15124	1.4665e-009
15125	1.4989e-009
15126	1.5279e-009
15127	1.562e-009
15128	1.5966e-009
15129	1.6339e-009
15130	1.6681e-009
15131	1.7087e-009
15132	1.7467e-009
15133	1.786e-009
15134	1.8262e-009
15135	1.8675e-009
15136	1.9103e-009
15137	1.9505e-009
15138	1.996e-009
15139	2.041e-009
15140	2.0872e-009
15141	2.1359e-009
15142	2.1865e-009
15143	2.2291e-009
15144	2.2724e-009
15145	2.3415e-009
15146	2.3529e-009
15147	2.2869e-009
15148	2.2461e-009
15149	2.2086e-009
15150	2.1593e-009
15151	2.1114e-009
15152	2.0668e-009
15153	2.0191e-009
15154	1.9648e-009
15155	1.9308e-009
15156	1.8877e-009
15157	1.8473e-009
15158	1.8082e-009
15159	1.7712e-009
15160	1.7356e-009
15161	1.6876e-009
15162	1.6619e-009
15163	1.6245e-009
15164	1.59e-009
15165	1.5566e-009
15166	1.5267e-009
15167	1.5029e-009
15168	1.4467e-009
15169	1.4388e-009
15170	1.401e-009
15171	1.3849e-009
15172	1.3247e-009
15173	1.3212e-009
15174	1.2956e-009
15175	1.2399e-009
15176	1.2171e-009
15177	1.2206e-009
15178	1.1611e-009
15179	1.1465e-009
15180	1.147e-009
15181	1.1001e-009
15182	1.109e-009
15183	1.0474e-009
15184	1.0013e-009
15185	9.955e-010
15186	9.7111e-010
15187	9.51e-010
15188	9.1864e-010
15189	9.1584e-010
15190	8.7722e-010
15191	8.6761e-010
15192	8.3277e-010
15193	8.1367e-010
15194	7.8632e-010
15195	7.5321e-010
15196	7.4331e-010
15197	7.0411e-010
15198	6.8222e-010
15199	6.2416e-010
15200	6.055e-010
15201	6.2703e-010
15202	6.0822e-010
15203	6.9261e-010
15204	7.7451e-010
15205	1.1183e-009
15206	1.7539e-009
15207	2.5024e-009
15208	2.5546e-009
15209	2.5612e-009
15210	2.6448e-009
15211	2.1085e-010
15212	2.5949e-010
15213	4.3099e-010
15214	5.6829e-010
15215	5.9669e-010
15216	6.1061e-010
15217	6.2634e-010
15218	6.4237e-010
15219	6.5792e-010
15220	6.7459e-010
15221	6.9004e-010
15222	7.0575e-010
15223	7.2455e-010
15224	7.391e-010
15225	7.5866e-010
15226	7.7431e-010
15227	7.9314e-010
15228	8.1181e-010
15229	8.2967e-010
15230	8.5073e-010
15231	8.6825e-010
15232	8.9068e-010
15233	9.0862e-010
15234	9.3183e-010
15235	9.5148e-010
15236	9.744e-010
15237	9.9757e-010
15238	1.0183e-009
15239	1.0458e-009
15240	1.0644e-009
15241	1.0931e-009
15242	1.1162e-009
15243	1.1392e-009
15244	1.1693e-009
15245	1.1934e-009
15246	1.2193e-009
15247	1.2503e-009
15248	1.2787e-009
15249	1.3023e-009
15250	1.3375e-009
15251	1.3662e-009
15252	1.3998e-009
15253	1.4304e-009
15254	1.4683e-009
15255	1.5006e-009
15256	1.5316e-009
15257	1.5639e-009
15258	1.5966e-009
15259	1.6339e-009
15260	1.6681e-009
15261	1.7087e-009
15262	1.7467e-009
15263	1.786e-009
15264	1.8262e-009
15265	1.8675e-009
15266	1.9103e-009
15267	1.9505e-009
15268	1.996e-009
15269	2.041e-009
15270	2.0872e-009
15271	2.1359e-009
15272	2.1865e-009
15273	2.2291e-009
15274	2.2724e-009
15275	2.3414e-009
15276	2.3532e-009
15277	2.2868e-009
15278	2.2458e-009
15279	2.2085e-009
15280	2.1571e-009
15281	2.106e-009
15282	2.0616e-009
15283	2.0165e-009
15284	1.9648e-009
15285	1.9308e-009
15286	1.8877e-009
15287	1.8474e-009
15288	1.8082e-009
15289	1.7712e-009
15290	1.7357e-009
15291	1.6874e-009
15292	1.662e-009
15293	1.6246e-009
15294	1.5899e-009
15295	1.5565e-009
15296	1.5267e-009
15297	1.5038e-009
15298	1.4449e-009
15299	1.4378e-009
15300	1.401e-009
15301	1.3848e-009
15302	1.3247e-009
15303	1.3212e-009
15304	1.2956e-009
15305	1.2399e-009
15306	1.2171e-009
15307	1.2206e-009
15308	1.1611e-009
15309	1.1465e-009
15310	1.147e-009
15311	1.1001e-009
15312	1.109e-009
15313	1.0474e-009
15314	1.0013e-009
15315	9.955e-010
15316	9.7111e-010
15317	9.51e-010
15318	9.1864e-010
15319	9.1584e-010
15320	8.7722e-010
15321	8.6761e-010
15322	8.3277e-010
15323	8.1367e-010
15324	7.8632e-010
15325	7.5321e-010
15326	7.4331e-010
15327	7.0411e-010
15328	6.8222e-010
15329	6.2416e-010
15330	6.055e-010
15331	6.2703e-010
15332	6.0822e-010
15333	6.9261e-010
15334	7.7451e-010
15335	1.1183e-009
15336	1.7539e-009
15337	2.5024e-009
15338	2.5546e-009
15339	2.5612e-009
15340	2.6448e-009
15341	1.5711e-010
15342	2.0133e-010
15343	3.6866e-010
15344	4.9879e-010
15345	5.2395e-010
15346	5.3754e-010
15347	5.5179e-010
15348	5.6498e-010
15349	5.7722e-010
15350	5.9443e-010
15351	6.0745e-010
15352	6.1999e-010
15353	6.3862e-010
15354	6.4816e-010
15355	6.685e-010
15356	6.8069e-010
15357	6.9783e-010
15358	7.1411e-010
15359	7.2923e-010
15360	7.4895e-010
15361	7.6246e-010
15362	7.8458e-010
15363	7.9814e-010
15364	8.2097e-010
15365	8.3634e-010
15366	8.5754e-010
15367	8.789e-010
15368	8.9356e-010
15369	9.2227e-010
15370	9.3343e-010
15371	9.6302e-010
15372	9.8234e-010
15373	1.e-009
15374	1.0305e-009
15375	1.0493e-009
15376	1.0708e-009
15377	1.1012e-009
15378	1.1253e-009
15379	1.1428e-009
15380	1.1773e-009
15381	1.2033e-009
15382	1.2287e-009
15383	1.2501e-009
15384	1.2819e-009
15385	1.313e-009
15386	1.3427e-009
15387	1.3727e-009
15388	1.4044e-009
15389	1.437e-009
15390	1.4664e-009
15391	1.5029e-009
15392	1.5364e-009
15393	1.5708e-009
15394	1.6061e-009
15395	1.6427e-009
15396	1.6804e-009
15397	1.715e-009
15398	1.7549e-009
15399	1.7945e-009
15400	1.8359e-009
15401	1.8816e-009
15402	1.925e-009
15403	1.9577e-009
15404	1.9957e-009
15405	2.064e-009
15406	2.0654e-009
15407	1.9922e-009
15408	1.9568e-009
15409	1.9297e-009
15410	1.8918e-009
15411	1.848e-009
15412	1.8079e-009
15413	1.7689e-009
15414	1.7266e-009
15415	1.6976e-009
15416	1.6611e-009
15417	1.6255e-009
15418	1.5915e-009
15419	1.5585e-009
15420	1.5251e-009
15421	1.482e-009
15422	1.4597e-009
15423	1.4276e-009
15424	1.3992e-009
15425	1.3758e-009
15426	1.3489e-009
15427	1.3147e-009
15428	1.2582e-009
15429	1.264e-009
15430	1.2449e-009
15431	1.225e-009
15432	1.1483e-009
15433	1.1686e-009
15434	1.1553e-009
15435	1.0795e-009
15436	1.0687e-009
15437	1.0918e-009
15438	1.0063e-009
15439	1.0154e-009
15440	1.0267e-009
15441	9.4864e-010
15442	9.9952e-010
15443	9.0677e-010
15444	8.8884e-010
15445	8.838e-010
15446	8.5232e-010
15447	8.452e-010
15448	7.9898e-010
15449	8.1607e-010
15450	7.6573e-010
15451	7.698e-010
15452	7.2996e-010
15453	7.1753e-010
15454	6.9284e-010
15455	6.595e-010
15456	6.5946e-010
15457	6.0671e-010
15458	6.0401e-010
15459	5.3861e-010
15460	5.2421e-010
15461	5.5663e-010
15462	5.1763e-010
15463	5.8434e-010
15464	7.1008e-010
15465	1.0359e-009
15466	1.5635e-009
15467	2.1722e-009
15468	2.1783e-009
15469	2.4587e-009
15470	1.9534e-009
15471	2.1103e-010
15472	2.5962e-010
15473	4.3103e-010
15474	5.6831e-010
15475	5.9672e-010
15476	6.1068e-010
15477	6.2639e-010
15478	6.4236e-010
15479	6.5781e-010
15480	6.7456e-010
15481	6.9008e-010
15482	7.0583e-010
15483	7.2457e-010
15484	7.3901e-010
15485	7.5846e-010
15486	7.7398e-010
15487	7.9271e-010
15488	8.1139e-010
15489	8.2928e-010
15490	8.5038e-010
15491	8.6794e-010
15492	8.9045e-010
15493	9.0849e-010
15494	9.3171e-010
15495	9.513e-010
15496	9.741e-010
15497	9.9717e-010
15498	1.0178e-009
15499	1.0454e-009
15500	1.064e-009
15501	1.0925e-009
15502	1.1156e-009
15503	1.139e-009
15504	1.1692e-009
15505	1.1931e-009
15506	1.2188e-009
15507	1.2499e-009
15508	1.2783e-009
15509	1.3016e-009
15510	1.3369e-009
15511	1.3662e-009
15512	1.3977e-009
15513	1.4269e-009
15514	1.4645e-009
15515	1.4978e-009
15516	1.5315e-009
15517	1.5634e-009
15518	1.5963e-009
15519	1.6332e-009
15520	1.6673e-009
15521	1.7081e-009
15522	1.7462e-009
15523	1.7856e-009
15524	1.8258e-009
15525	1.8671e-009
15526	1.9101e-009
15527	1.9506e-009
15528	1.9964e-009
15529	2.0414e-009
15530	2.0878e-009
15531	2.137e-009
15532	2.1871e-009
15533	2.2295e-009
15534	2.2733e-009
15535	2.3425e-009
15536	2.3535e-009
15537	2.2867e-009
15538	2.2454e-009
15539	2.2075e-009
15540	2.1556e-009
15541	2.1007e-009
15542	2.0564e-009
15543	2.0131e-009
15544	1.9656e-009
15545	1.9311e-009
15546	1.8879e-009
15547	1.8474e-009
15548	1.8081e-009
15549	1.7709e-009
15550	1.735e-009
15551	1.6865e-009
15552	1.6617e-009
15553	1.6246e-009
15554	1.5897e-009
15555	1.5562e-009
15556	1.5274e-009
15557	1.5023e-009
15558	1.4429e-009
15559	1.4382e-009
15560	1.4012e-009
15561	1.3845e-009
15562	1.3246e-009
15563	1.3211e-009
15564	1.2955e-009
15565	1.2399e-009
15566	1.2172e-009
15567	1.2208e-009
15568	1.1614e-009
15569	1.1469e-009
15570	1.1475e-009
15571	1.1008e-009
15572	1.1096e-009
15573	1.0481e-009
15574	1.002e-009
15575	9.9639e-010
15576	9.7192e-010
15577	9.5183e-010
15578	9.1955e-010
15579	9.168e-010
15580	8.781e-010
15581	8.6842e-010
15582	8.3351e-010
15583	8.1438e-010
15584	7.8683e-010
15585	7.5366e-010
15586	7.4369e-010
15587	7.0448e-010
15588	6.8234e-010
15589	6.2423e-010
15590	6.0542e-010
15591	6.2684e-010
15592	6.0828e-010
15593	6.9256e-010
15594	7.7474e-010
15595	1.1186e-009
15596	1.7542e-009
15597	2.5026e-009
15598	2.5545e-009
15599	2.5612e-009
15600	2.6449e-009
15601	2.1086e-010
15602	2.5948e-010
15603	4.3096e-010
15604	5.6823e-010
15605	5.9656e-010
15606	6.1046e-010
15607	6.2616e-010
15608	6.4219e-010
15609	6.5771e-010
15610	6.7439e-010
15611	6.8983e-010
15612	7.0557e-010
15613	7.2431e-010
15614	7.3885e-010
15615	7.5838e-010
15616	7.7395e-010
15617	7.9274e-010
15618	8.1143e-010
15619	8.2927e-010
15620	8.5016e-010
15621	8.6772e-010
15622	8.9039e-010
15623	9.0847e-010
15624	9.3151e-010
15625	9.51e-010
15626	9.7379e-010
15627	9.9682e-010
15628	1.0175e-009
15629	1.0451e-009
15630	1.0637e-009
15631	1.0923e-009
15632	1.1155e-009
15633	1.1388e-009
15634	1.1689e-009
15635	1.1927e-009
15636	1.2185e-009
15637	1.2494e-009
15638	1.2777e-009
15639	1.3011e-009
15640	1.3362e-009
15641	1.3655e-009
15642	1.3969e-009
15643	1.4249e-009
15644	1.4607e-009
15645	1.4933e-009
15646	1.5268e-009
15647	1.5608e-009
15648	1.5958e-009
15649	1.6331e-009
15650	1.6673e-009
15651	1.708e-009
15652	1.7459e-009
15653	1.7851e-009
15654	1.8255e-009
15655	1.8671e-009
15656	1.9104e-009
15657	1.9509e-009
15658	1.9967e-009
15659	2.0418e-009
15660	2.088e-009
15661	2.1371e-009
15662	2.1875e-009
15663	2.2295e-009
15664	2.2763e-009
15665	2.3484e-009
15666	2.3564e-009
15667	2.2876e-009
15668	2.2433e-009
15669	2.2026e-009
15670	2.1532e-009
15671	2.1006e-009
15672	2.0567e-009
15673	2.013e-009
15674	1.9654e-009
15675	1.931e-009
15676	1.8879e-009
15677	1.8472e-009
15678	1.808e-009
15679	1.7708e-009
15680	1.7346e-009
15681	1.6877e-009
15682	1.6611e-009
15683	1.624e-009
15684	1.5892e-009
15685	1.5555e-009
15686	1.5269e-009
15687	1.5005e-009
15688	1.4404e-009
15689	1.4385e-009
15690	1.4011e-009
15691	1.3846e-009
15692	1.3241e-009
15693	1.3217e-009
15694	1.2961e-009
15695	1.2404e-009
15696	1.2178e-009
15697	1.2214e-009
15698	1.1622e-009
15699	1.1477e-009
15700	1.1483e-009
15701	1.1016e-009
15702	1.1104e-009
15703	1.0489e-009
15704	1.0028e-009
15705	9.9717e-010
15706	9.7262e-010
15707	9.5249e-010
15708	9.2027e-010
15709	9.174e-010
15710	8.7877e-010
15711	8.691e-010
15712	8.3418e-010
15713	8.1499e-010
15714	7.8744e-010
15715	7.5416e-010
15716	7.4404e-010
15717	7.0472e-010
15718	6.825e-010
15719	6.2429e-010
15720	6.0549e-010
15721	6.2709e-010
15722	6.0849e-010
15723	6.9285e-010
15724	7.7497e-010
15725	1.1189e-009
15726	1.7546e-009
15727	2.5029e-009
15728	2.5549e-009
15729	2.5614e-009
15730	2.6448e-009
15731	1.5715e-010
15732	2.0127e-010
15733	3.6851e-010
15734	4.9859e-010
15735	5.2369e-010
15736	5.3723e-010
15737	5.5145e-010
15738	5.6463e-010
15739	5.7694e-010
15740	5.9406e-010
15741	6.0707e-010
15742	6.1954e-010
15743	6.3824e-010
15744	6.478e-010
15745	6.6813e-010
15746	6.8028e-010
15747	6.9748e-010
15748	7.1385e-010
15749	7.288e-010
15750	7.4849e-010
15751	7.6208e-010
15752	7.8409e-010
15753	7.9769e-010
15754	8.2026e-010
15755	8.3568e-010
15756	8.5674e-010
15757	8.7816e-010
15758	8.9296e-010
15759	9.2154e-010
15760	9.3289e-010
15761	9.6296e-010
15762	9.8241e-010
15763	9.9993e-010
15764	1.0301e-009
15765	1.0488e-009
15766	1.0704e-009
15767	1.1007e-009
15768	1.1245e-009
15769	1.1418e-009
15770	1.1765e-009
15771	1.203e-009
15772	1.2287e-009
15773	1.2511e-009
15774	1.2838e-009
15775	1.314e-009
15776	1.3435e-009
15777	1.3727e-009
15778	1.4034e-009
15779	1.436e-009
15780	1.4654e-009
15781	1.5019e-009
15782	1.5358e-009
15783	1.5703e-009
15784	1.6055e-009
15785	1.6426e-009
15786	1.6806e-009
15787	1.7155e-009
15788	1.7551e-009
15789	1.795e-009
15790	1.8363e-009
15791	1.8816e-009
15792	1.9251e-009
15793	1.9578e-009
15794	1.9941e-009
15795	2.0609e-009
15796	2.0645e-009
15797	1.9948e-009
15798	1.9592e-009
15799	1.9331e-009
15800	1.8939e-009
15801	1.8486e-009
15802	1.8088e-009
15803	1.769e-009
15804	1.7268e-009
15805	1.6979e-009
15806	1.6613e-009
15807	1.6254e-009
15808	1.5913e-009
15809	1.5581e-009
15810	1.5251e-009
15811	1.4826e-009
15812	1.4598e-009
15813	1.4271e-009
15814	1.3987e-009
15815	1.3756e-009
15816	1.3486e-009
15817	1.3169e-009
15818	1.2589e-009
15819	1.2654e-009
15820	1.2444e-009
15821	1.2258e-009
15822	1.1471e-009
15823	1.1691e-009
15824	1.1552e-009
15825	1.0797e-009
15826	1.0689e-009
15827	1.0924e-009
15828	1.007e-009
15829	1.0163e-009
15830	1.0277e-009
15831	9.4975e-010
15832	1.0006e-009
15833	9.0781e-010
15834	8.9e-010
15835	8.8508e-010
15836	8.536e-010
15837	8.4652e-010
15838	8.003e-010
15839	8.1714e-010
15840	7.6678e-010
15841	7.7065e-010
15842	7.3088e-010
15843	7.1842e-010
15844	6.9367e-010
15845	6.6033e-010
15846	6.5995e-010
15847	6.0702e-010
15848	6.0423e-010
15849	5.3876e-010
15850	5.2444e-010
15851	5.5692e-010
15852	5.1783e-010
15853	5.846e-010
15854	7.1017e-010
15855	1.0363e-009
15856	1.564e-009
15857	2.1726e-009
15858	2.1787e-009
15859	2.4591e-009
15860	1.9532e-009
15861	2.1086e-010
15862	2.5948e-010
15863	4.3096e-010
15864	5.6823e-010
15865	5.9656e-010
15866	6.1045e-010
15867	6.2616e-010
15868	6.4219e-010
15869	6.5771e-010
15870	6.7439e-010
15871	6.8983e-010
15872	7.0557e-010
15873	7.2431e-010
15874	7.3885e-010
15875	7.5838e-010
15876	7.7395e-010
15877	7.9274e-010
15878	8.1143e-010
15879	8.2927e-010
15880	8.5016e-010
15881	8.6772e-010
15882	8.9039e-010
15883	9.0847e-010
15884	9.3151e-010
15885	9.51e-010
15886	9.7379e-010
15887	9.9682e-010
15888	1.0175e-009
15889	1.0451e-009
15890	1.0637e-009
15891	1.0923e-009
15892	1.1155e-009
15893	1.1387e-009
15894	1.1689e-009
15895	1.1928e-009
15896	1.2185e-009
15897	1.2495e-009
15898	1.2774e-009
15899	1.3015e-009
15900	1.336e-009
15901	1.3655e-009
15902	1.3969e-009
15903	1.4247e-009
15904	1.4604e-009
15905	1.493e-009
15906	1.5265e-009
15907	1.5606e-009
15908	1.5957e-009
15909	1.6331e-009
15910	1.6673e-009
15911	1.708e-009
15912	1.7459e-009
15913	1.7851e-009
15914	1.8255e-009
15915	1.8671e-009
15916	1.9104e-009
15917	1.9509e-009
15918	1.9967e-009
15919	2.0418e-009
15920	2.088e-009
15921	2.1371e-009
15922	2.1875e-009
15923	2.2289e-009
15924	2.2796e-009
15925	2.3546e-009
15926	2.3548e-009
15927	2.2824e-009
15928	2.2372e-009
15929	2.1972e-009
15930	2.1497e-009
15931	2.1012e-009
15932	2.0567e-009
15933	2.0129e-009
15934	1.9654e-009
15935	1.931e-009
15936	1.8879e-009
15937	1.8472e-009
15938	1.808e-009
15939	1.7707e-009
15940	1.7347e-009
15941	1.688e-009
15942	1.6611e-009
15943	1.624e-009
15944	1.5891e-009
15945	1.5558e-009
15946	1.5265e-009
15947	1.5013e-009
15948	1.4423e-009
15949	1.4395e-009
15950	1.4007e-009
15951	1.3871e-009
15952	1.3252e-009
15953	1.3259e-009
15954	1.2958e-009
15955	1.2404e-009
15956	1.2178e-009
15957	1.2214e-009
15958	1.1622e-009
15959	1.1477e-009
15960	1.1483e-009
15961	1.1016e-009
15962	1.1104e-009
15963	1.0489e-009
15964	1.0028e-009
15965	9.9717e-010
15966	9.7262e-010
15967	9.5249e-010
15968	9.2027e-010
15969	9.174e-010
15970	8.7877e-010
15971	8.691e-010
15972	8.3418e-010
15973	8.1499e-010
15974	7.8744e-010
15975	7.5416e-010
15976	7.4404e-010
15977	7.0472e-010
15978	6.825e-010
15979	6.2429e-010
15980	6.0549e-010
15981	6.2709e-010
15982	6.0849e-010
15983	6.9285e-010
15984	7.7497e-010
15985	1.1189e-009
15986	1.7546e-009
15987	2.5029e-009
15988	2.5549e-009
15989	2.5614e-009
15990	2.6448e-009
15991	2.1103e-010
15992	2.5962e-010
15993	4.3103e-010
15994	5.6831e-010
15995	5.9672e-010
15996	6.1068e-010
15997	6.264e-010
15998	6.4236e-010
15999	6.5781e-010
16000	6.7456e-010
16001	6.9008e-010
16002	7.0583e-010
16003	7.2457e-010
16004	7.3901e-010
16005	7.5846e-010
16006	7.7398e-010
16007	7.9271e-010
16008	8.1139e-010
16009	8.2928e-010
16010	8.5038e-010
16011	8.6794e-010
16012	8.9044e-010
16013	9.085e-010
16014	9.3172e-010
16015	9.513e-010
16016	9.741e-010
16017	9.9717e-010
16018	1.0178e-009
16019	1.0454e-009
16020	1.064e-009
16021	1.0924e-009
16022	1.1156e-009
16023	1.139e-009
16024	1.1692e-009
16025	1.1931e-009
16026	1.2188e-009
16027	1.25e-009
16028	1.2779e-009
16029	1.3018e-009
16030	1.3366e-009
16031	1.3662e-009
16032	1.3975e-009
16033	1.4251e-009
16034	1.4606e-009
16035	1.4937e-009
16036	1.5274e-009
16037	1.5613e-009
16038	1.5963e-009
16039	1.6332e-009
16040	1.6673e-009
16041	1.7081e-009
16042	1.7462e-009
16043	1.7856e-009
16044	1.8258e-009
16045	1.8671e-009
16046	1.9101e-009
16047	1.9506e-009
16048	1.9964e-009
16049	2.0414e-009
16050	2.0877e-009
16051	2.1371e-009
16052	2.1872e-009
16053	2.2284e-009
16054	2.2769e-009
16055	2.3484e-009
16056	2.3483e-009
16057	2.276e-009
16058	2.2339e-009
16059	2.1969e-009
16060	2.1491e-009
16061	2.1013e-009
16062	2.0566e-009
16063	2.0129e-009
16064	1.9656e-009
16065	1.9311e-009
16066	1.8879e-009
16067	1.8474e-009
16068	1.8081e-009
16069	1.7708e-009
16070	1.7348e-009
16071	1.6879e-009
16072	1.6616e-009
16073	1.6244e-009
16074	1.5898e-009
16075	1.5563e-009
16076	1.5269e-009
16077	1.5032e-009
16078	1.4436e-009
16079	1.4412e-009
16080	1.4007e-009
16081	1.3872e-009
16082	1.3258e-009
16083	1.3273e-009
16084	1.2953e-009
16085	1.2398e-009
16086	1.2173e-009
16087	1.2208e-009
16088	1.1614e-009
16089	1.1468e-009
16090	1.1475e-009
16091	1.1008e-009
16092	1.1096e-009
16093	1.0481e-009
16094	1.002e-009
16095	9.9639e-010
16096	9.7192e-010
16097	9.5183e-010
16098	9.1955e-010
16099	9.168e-010
16100	8.781e-010
16101	8.6842e-010
16102	8.3351e-010
16103	8.1438e-010
16104	7.8683e-010
16105	7.5366e-010
16106	7.4369e-010
16107	7.0448e-010
16108	6.8236e-010
16109	6.2423e-010
16110	6.0542e-010
16111	6.2684e-010
16112	6.0829e-010
16113	6.9256e-010
16114	7.7474e-010
16115	1.1186e-009
16116	1.7542e-009
16117	2.5026e-009
16118	2.5545e-009
16119	2.5612e-009
16120	2.6449e-009
16121	1.5711e-010
16122	2.0133e-010
16123	3.6866e-010
16124	4.9879e-010
16125	5.2395e-010
16126	5.3754e-010
16127	5.5179e-010
16128	5.6498e-010
16129	5.7722e-010
16130	5.9443e-010
16131	6.0745e-010
16132	6.1999e-010
16133	6.3862e-010
16134	6.4816e-010
16135	6.6847e-010
16136	6.8069e-010
16137	6.9783e-010
16138	7.1411e-010
16139	7.2923e-010
16140	7.4895e-010
16141	7.6246e-010
16142	7.8458e-010
16143	7.9814e-010
16144	8.2097e-010
16145	8.3634e-010
16146	8.5754e-010
16147	8.789e-010
16148	8.9356e-010
16149	9.2222e-010
16150	9.3344e-010
16151	9.6303e-010
16152	9.8235e-010
16153	1.e-009
16154	1.0305e-009
16155	1.0494e-009
16156	1.0708e-009
16157	1.1013e-009
16158	1.1248e-009
16159	1.1433e-009
16160	1.1767e-009
16161	1.2035e-009
16162	1.229e-009
16163	1.2516e-009
16164	1.2843e-009
16165	1.3147e-009
16166	1.3446e-009
16167	1.3736e-009
16168	1.4045e-009
16169	1.437e-009
16170	1.4664e-009
16171	1.5029e-009
16172	1.5364e-009
16173	1.5708e-009
16174	1.6061e-009
16175	1.6428e-009
16176	1.6804e-009
16177	1.715e-009
16178	1.7549e-009
16179	1.7945e-009
16180	1.8358e-009
16181	1.8815e-009
16182	1.9254e-009
16183	1.9566e-009
16184	1.9946e-009
16185	2.0623e-009
16186	2.0671e-009
16187	1.9969e-009
16188	1.9601e-009
16189	1.9335e-009
16190	1.8935e-009
16191	1.8496e-009
16192	1.8088e-009
16193	1.7691e-009
16194	1.7266e-009
16195	1.6975e-009
16196	1.6611e-009
16197	1.6255e-009
16198	1.5915e-009
16199	1.5584e-009
16200	1.5252e-009
16201	1.4828e-009
16202	1.4597e-009
16203	1.4275e-009
16204	1.3991e-009
16205	1.3757e-009
16206	1.3488e-009
16207	1.3215e-009
16208	1.2563e-009
16209	1.2701e-009
16210	1.2443e-009
16211	1.2265e-009
16212	1.1453e-009
16213	1.1691e-009
16214	1.1547e-009
16215	1.0795e-009
16216	1.0687e-009
16217	1.0918e-009
16218	1.0063e-009
16219	1.0154e-009
16220	1.0267e-009
16221	9.4862e-010
16222	9.9952e-010
16223	9.0677e-010
16224	8.8884e-010
16225	8.838e-010
16226	8.5231e-010
16227	8.452e-010
16228	7.9898e-010
16229	8.1607e-010
16230	7.6573e-010
16231	7.698e-010
16232	7.2996e-010
16233	7.1753e-010
16234	6.9284e-010
16235	6.595e-010
16236	6.5947e-010
16237	6.0671e-010
16238	6.0401e-010
16239	5.3861e-010
16240	5.2421e-010
16241	5.5663e-010
16242	5.1763e-010
16243	5.8434e-010
16244	7.1008e-010
16245	1.0359e-009
16246	1.5635e-009
16247	2.1722e-009
16248	2.1783e-009
16249	2.4586e-009
16250	1.9534e-009
16251	2.1085e-010
16252	2.5949e-010
16253	4.3099e-010
16254	5.6829e-010
16255	5.9669e-010
16256	6.1061e-010
16257	6.2634e-010
16258	6.4237e-010
16259	6.5792e-010
16260	6.7459e-010
16261	6.9004e-010
16262	7.0575e-010
16263	7.2455e-010
16264	7.391e-010
16265	7.5866e-010
16266	7.7431e-010
16267	7.9314e-010
16268	8.1181e-010
16269	8.2969e-010
16270	8.5073e-010
16271	8.6826e-010
16272	8.9068e-010
16273	9.0862e-010
16274	9.3183e-010
16275	9.5148e-010
16276	9.744e-010
16277	9.9756e-010
16278	1.0183e-009
16279	1.0458e-009
16280	1.0644e-009
16281	1.0931e-009
16282	1.1162e-009
16283	1.1391e-009
16284	1.1693e-009
16285	1.1934e-009
16286	1.2193e-009
16287	1.2504e-009
16288	1.2783e-009
16289	1.3028e-009
16290	1.3371e-009
16291	1.3666e-009
16292	1.3977e-009
16293	1.4254e-009
16294	1.4609e-009
16295	1.4941e-009
16296	1.5279e-009
16297	1.5617e-009
16298	1.5967e-009
16299	1.6339e-009
16300	1.6681e-009
16301	1.7087e-009
16302	1.7467e-009
16303	1.786e-009
16304	1.8262e-009
16305	1.8675e-009
16306	1.9103e-009
16307	1.9505e-009
16308	1.996e-009
16309	2.0411e-009
16310	2.0871e-009
16311	2.1359e-009
16312	2.1871e-009
16313	2.2309e-009
16314	2.28e-009
16315	2.3438e-009
16316	2.3466e-009
16317	2.2772e-009
16318	2.2399e-009
16319	2.2028e-009
16320	2.15e-009
16321	2.1011e-009
16322	2.0569e-009
16323	2.0131e-009
16324	1.9654e-009
16325	1.9308e-009
16326	1.8877e-009
16327	1.8473e-009
16328	1.8082e-009
16329	1.7711e-009
16330	1.7355e-009
16331	1.6884e-009
16332	1.662e-009
16333	1.6245e-009
16334	1.5899e-009
16335	1.5565e-009
16336	1.5268e-009
16337	1.5042e-009
16338	1.4415e-009
16339	1.4421e-009
16340	1.4008e-009
16341	1.3872e-009
16342	1.3257e-009
16343	1.3273e-009
16344	1.2955e-009
16345	1.2398e-009
16346	1.2172e-009
16347	1.2206e-009
16348	1.1611e-009
16349	1.1465e-009
16350	1.147e-009
16351	1.1001e-009
16352	1.109e-009
16353	1.0474e-009
16354	1.0013e-009
16355	9.955e-010
16356	9.7111e-010
16357	9.5101e-010
16358	9.1864e-010
16359	9.1584e-010
16360	8.7721e-010
16361	8.6761e-010
16362	8.3277e-010
16363	8.1367e-010
16364	7.8633e-010
16365	7.5322e-010
16366	7.4331e-010
16367	7.0411e-010
16368	6.8222e-010
16369	6.2416e-010
16370	6.0552e-010
16371	6.2703e-010
16372	6.0822e-010
16373	6.9262e-010
16374	7.7451e-010
16375	1.1183e-009
16376	1.7539e-009
16377	2.5024e-009
16378	2.5546e-009
16379	2.5611e-009
16380	2.6448e-009
16381	2.1085e-010
16382	2.5949e-010
16383	4.3099e-010
16384	5.6829e-010
16385	5.9669e-010
16386	6.1061e-010
16387	6.2634e-010
16388	6.4237e-010
16389	6.5792e-010
16390	6.7459e-010
16391	6.9004e-010
16392	7.0575e-010
16393	7.2455e-010
16394	7.391e-010
16395	7.5866e-010
16396	7.7431e-010
16397	7.9314e-010
16398	8.1181e-010
16399	8.2969e-010
16400	8.5073e-010
16401	8.6826e-010
16402	8.9068e-010
16403	9.0862e-010
16404	9.3183e-010
16405	9.5148e-010
16406	9.744e-010
16407	9.9756e-010
16408	1.0183e-009
16409	1.0458e-009
16410	1.0644e-009
16411	1.0931e-009
16412	1.1162e-009
16413	1.1392e-009
16414	1.1693e-009
16415	1.1934e-009
16416	1.2193e-009
16417	1.2504e-009
16418	1.2783e-009
16419	1.3028e-009
16420	1.3371e-009
16421	1.3666e-009
16422	1.3977e-009
16423	1.4254e-009
16424	1.4609e-009
16425	1.4941e-009
16426	1.5279e-009
16427	1.5617e-009
16428	1.5967e-009
16429	1.6339e-009
16430	1.6681e-009
16431	1.7087e-009
16432	1.7467e-009
16433	1.786e-009
16434	1.8262e-009
16435	1.8675e-009
16436	1.9103e-009
16437	1.9505e-009
16438	1.996e-009
16439	2.041e-009
16440	2.0872e-009
16441	2.136e-009
16442	2.1868e-009
16443	2.2337e-009
16444	2.2852e-009
16445	2.3464e-009
16446	2.347e-009
16447	2.2772e-009
16448	2.2399e-009
16449	2.2028e-009
16450	2.15e-009
16451	2.1011e-009
16452	2.0569e-009
16453	2.0131e-009
16454	1.9654e-009
16455	1.9308e-009
16456	1.8878e-009
16457	1.8474e-009
16458	1.8082e-009
16459	1.7711e-009
16460	1.7358e-009
16461	1.687e-009
16462	1.6622e-009
16463	1.6245e-009
16464	1.5898e-009
16465	1.5565e-009
16466	1.5268e-009
16467	1.504e-009
16468	1.442e-009
16469	1.4421e-009
16470	1.4008e-009
16471	1.3872e-009
16472	1.3257e-009
16473	1.3273e-009
16474	1.2955e-009
16475	1.2398e-009
16476	1.2172e-009
16477	1.2206e-009
16478	1.1611e-009
16479	1.1465e-009
16480	1.147e-009
16481	1.1001e-009
16482	1.109e-009
16483	1.0474e-009
16484	1.0013e-009
16485	9.955e-010
16486	9.7111e-010
16487	9.5101e-010
16488	9.1864e-010
16489	9.1584e-010
16490	8.7721e-010
16491	8.6761e-010
16492	8.3277e-010
16493	8.1367e-010
16494	7.8632e-010
16495	7.5321e-010
16496	7.4331e-010
16497	7.0411e-010
16498	6.8222e-010
16499	6.2416e-010
16500	6.0552e-010
16501	6.2703e-010
16502	6.0822e-010
16503	6.9262e-010
16504	7.7451e-010
16505	1.1183e-009
16506	1.7539e-009
16507	2.5024e-009
16508	2.5546e-009
16509	2.5611e-009
16510	2.6448e-009
16511	1.5711e-010
16512	2.0133e-010
16513	3.6866e-010
16514	4.9879e-010
16515	5.2395e-010
16516	5.3754e-010
16517	5.5179e-010
16518	5.6498e-010
16519	5.7723e-010
16520	5.9443e-010
16521	6.0745e-010
16522	6.1999e-010
16523	6.3862e-010
16524	6.4816e-010
16525	6.6847e-010
16526	6.8069e-010
16527	6.9784e-010
16528	7.1412e-010
16529	7.2923e-010
16530	7.4895e-010
16531	7.6246e-010
16532	7.8458e-010
16533	7.9814e-010
16534	8.2096e-010
16535	8.3634e-010
16536	8.5754e-010
16537	8.789e-010
16538	8.9357e-010
16539	9.2218e-010
16540	9.3345e-010
16541	9.6305e-010
16542	9.8236e-010
16543	1.e-009
16544	1.0305e-009
16545	1.0493e-009
16546	1.0708e-009
16547	1.1012e-009
16548	1.1248e-009
16549	1.1434e-009
16550	1.1767e-009
16551	1.2035e-009
16552	1.2291e-009
16553	1.2516e-009
16554	1.2843e-009
16555	1.3148e-009
16556	1.3448e-009
16557	1.3737e-009
16558	1.4045e-009
16559	1.437e-009
16560	1.4664e-009
16561	1.5029e-009
16562	1.5364e-009
16563	1.5708e-009
16564	1.6061e-009
16565	1.6427e-009
16566	1.6804e-009
16567	1.715e-009
16568	1.7549e-009
16569	1.7945e-009
16570	1.8358e-009
16571	1.8818e-009
16572	1.9245e-009
16573	1.9546e-009
16574	1.9916e-009
16575	2.0612e-009
16576	2.0681e-009
16577	1.9963e-009
16578	1.9603e-009
16579	1.9335e-009
16580	1.8935e-009
16581	1.8496e-009
16582	1.8088e-009
16583	1.7691e-009
16584	1.7266e-009
16585	1.6975e-009
16586	1.661e-009
16587	1.6255e-009
16588	1.5914e-009
16589	1.5586e-009
16590	1.5248e-009
16591	1.482e-009
16592	1.4594e-009
16593	1.4277e-009
16594	1.399e-009
16595	1.3756e-009
16596	1.349e-009
16597	1.3211e-009
16598	1.2567e-009
16599	1.2697e-009
16600	1.2445e-009
16601	1.2265e-009
16602	1.1454e-009
16603	1.1692e-009
16604	1.1548e-009
16605	1.0795e-009
16606	1.0686e-009
16607	1.0918e-009
16608	1.0063e-009
16609	1.0154e-009
16610	1.0267e-009
16611	9.4863e-010
16612	9.9951e-010
16613	9.0677e-010
16614	8.8884e-010
16615	8.838e-010
16616	8.5232e-010
16617	8.452e-010
16618	7.9898e-010
16619	8.1607e-010
16620	7.6573e-010
16621	7.6981e-010
16622	7.2996e-010
16623	7.1753e-010
16624	6.9285e-010
16625	6.5951e-010
16626	6.5947e-010
16627	6.0671e-010
16628	6.0401e-010
16629	5.3861e-010
16630	5.2422e-010
16631	5.5663e-010
16632	5.1763e-010
16633	5.8434e-010
16634	7.1008e-010
16635	1.0359e-009
16636	1.5635e-009
16637	2.1722e-009
16638	2.1783e-009
16639	2.4587e-009
16640	1.9534e-009
16641	2.1103e-010
16642	2.5962e-010
16643	4.3103e-010
16644	5.6831e-010
16645	5.9672e-010
16646	6.1068e-010
16647	6.264e-010
16648	6.4237e-010
16649	6.5783e-010
16650	6.7456e-010
16651	6.9007e-010
16652	7.0583e-010
16653	7.2457e-010
16654	7.3901e-010
16655	7.5846e-010
16656	7.7398e-010
16657	7.9271e-010
16658	8.1139e-010
16659	8.2928e-010
16660	8.5039e-010
16661	8.6794e-010
16662	8.9044e-010
16663	9.085e-010
16664	9.3172e-010
16665	9.513e-010
16666	9.741e-010
16667	9.9716e-010
16668	1.0178e-009
16669	1.0454e-009
16670	1.064e-009
16671	1.0925e-009
16672	1.1156e-009
16673	1.139e-009
16674	1.1692e-009
16675	1.1931e-009
16676	1.2188e-009
16677	1.25e-009
16678	1.2779e-009
16679	1.3021e-009
16680	1.3365e-009
16681	1.3662e-009
16682	1.3976e-009
16683	1.4251e-009
16684	1.4606e-009
16685	1.4939e-009
16686	1.5277e-009
16687	1.5617e-009
16688	1.5965e-009
16689	1.6332e-009
16690	1.6673e-009
16691	1.7081e-009
16692	1.7462e-009
16693	1.7856e-009
16694	1.8258e-009
16695	1.8671e-009
16696	1.9101e-009
16697	1.9506e-009
16698	1.9964e-009
16699	2.0413e-009
16700	2.0876e-009
16701	2.1376e-009
16702	2.1888e-009
16703	2.2379e-009
16704	2.2851e-009
16705	2.3471e-009
16706	2.3466e-009
16707	2.2748e-009
16708	2.2337e-009
16709	2.197e-009
16710	2.149e-009
16711	2.1014e-009
16712	2.0566e-009
16713	2.0129e-009
16714	1.9656e-009
16715	1.9311e-009
16716	1.8879e-009
16717	1.8474e-009
16718	1.8081e-009
16719	1.7708e-009
16720	1.7357e-009
16721	1.6855e-009
16722	1.6624e-009
16723	1.6244e-009
16724	1.5896e-009
16725	1.5565e-009
16726	1.5265e-009
16727	1.5022e-009
16728	1.4431e-009
16729	1.4402e-009
16730	1.4005e-009
16731	1.3871e-009
16732	1.3255e-009
16733	1.3272e-009
16734	1.2954e-009
16735	1.2398e-009
16736	1.2173e-009
16737	1.2208e-009
16738	1.1614e-009
16739	1.1469e-009
16740	1.1475e-009
16741	1.1008e-009
16742	1.1096e-009
16743	1.0481e-009
16744	1.002e-009
16745	9.9639e-010
16746	9.7192e-010
16747	9.5183e-010
16748	9.1955e-010
16749	9.168e-010
16750	8.781e-010
16751	8.6841e-010
16752	8.3353e-010
16753	8.1436e-010
16754	7.8684e-010
16755	7.5366e-010
16756	7.4369e-010
16757	7.0448e-010
16758	6.8236e-010
16759	6.2423e-010
16760	6.0542e-010
16761	6.2684e-010
16762	6.0828e-010
16763	6.9256e-010
16764	7.7474e-010
16765	1.1186e-009
16766	1.7542e-009
16767	2.5026e-009
16768	2.5545e-009
16769	2.5612e-009
16770	2.6449e-009
16771	2.1086e-010
16772	2.5948e-010
16773	4.3096e-010
16774	5.6823e-010
16775	5.9656e-010
16776	6.1044e-010
16777	6.2616e-010
16778	6.422e-010
16779	6.5771e-010
16780	6.7439e-010
16781	6.8983e-010
16782	7.0557e-010
16783	7.2431e-010
16784	7.3886e-010
16785	7.5837e-010
16786	7.7395e-010
16787	7.9274e-010
16788	8.1143e-010
16789	8.2926e-010
16790	8.5016e-010
16791	8.6772e-010
16792	8.9039e-010
16793	9.0848e-010
16794	9.3151e-010
16795	9.51e-010
16796	9.7378e-010
16797	9.9685e-010
16798	1.0175e-009
16799	1.0451e-009
16800	1.0638e-009
16801	1.0923e-009
16802	1.1155e-009
16803	1.1387e-009
16804	1.1689e-009
16805	1.1927e-009
16806	1.2185e-009
16807	1.2495e-009
16808	1.2772e-009
16809	1.3015e-009
16810	1.3359e-009
16811	1.3655e-009
16812	1.3969e-009
16813	1.4247e-009
16814	1.4602e-009
16815	1.4949e-009
16816	1.5305e-009
16817	1.5646e-009
16818	1.598e-009
16819	1.633e-009
16820	1.6674e-009
16821	1.708e-009
16822	1.7459e-009
16823	1.7851e-009
16824	1.8255e-009
16825	1.8671e-009
16826	1.9104e-009
16827	1.9509e-009
16828	1.9967e-009
16829	2.0418e-009
16830	2.088e-009
16831	2.1378e-009
16832	2.189e-009
16833	2.2356e-009
16834	2.2795e-009
16835	2.3449e-009
16836	2.3471e-009
16837	2.2757e-009
16838	2.2343e-009
16839	2.1975e-009
16840	2.1495e-009
16841	2.1011e-009
16842	2.0567e-009
16843	2.0129e-009
16844	1.9654e-009
16845	1.931e-009
16846	1.888e-009
16847	1.8472e-009
16848	1.808e-009
16849	1.7705e-009
16850	1.7359e-009
16851	1.6867e-009
16852	1.6622e-009
16853	1.6239e-009
16854	1.5891e-009
16855	1.5559e-009
16856	1.5261e-009
16857	1.5012e-009
16858	1.4423e-009
16859	1.4394e-009
16860	1.4005e-009
16861	1.3873e-009
16862	1.3258e-009
16863	1.3277e-009
16864	1.296e-009
16865	1.2404e-009
16866	1.2178e-009
16867	1.2215e-009
16868	1.1622e-009
16869	1.1477e-009
16870	1.1483e-009
16871	1.1016e-009
16872	1.1104e-009
16873	1.0489e-009
16874	1.0028e-009
16875	9.9717e-010
16876	9.7263e-010
16877	9.5249e-010
16878	9.2027e-010
16879	9.1741e-010
16880	8.7876e-010
16881	8.6909e-010
16882	8.3418e-010
16883	8.15e-010
16884	7.8742e-010
16885	7.5416e-010
16886	7.4406e-010
16887	7.0472e-010
16888	6.825e-010
16889	6.2429e-010
16890	6.0549e-010
16891	6.2709e-010
16892	6.0849e-010
16893	6.9285e-010
16894	7.7497e-010
16895	1.1189e-009
16896	1.7546e-009
16897	2.5029e-009
16898	2.5549e-009
16899	2.5614e-009
16900	2.6448e-009
16901	1.5715e-010
16902	2.0128e-010
16903	3.6851e-010
16904	4.9859e-010
16905	5.237e-010
16906	5.3722e-010
16907	5.5146e-010
16908	5.6464e-010
16909	5.7695e-010
16910	5.9406e-010
16911	6.0707e-010
16912	6.1954e-010
16913	6.3824e-010
16914	6.4781e-010
16915	6.6814e-010
16916	6.8028e-010
16917	6.9748e-010
16918	7.1388e-010
16919	7.2882e-010
16920	7.4849e-010
16921	7.6208e-010
16922	7.8409e-010
16923	7.977e-010
16924	8.2027e-010
16925	8.3569e-010
16926	8.5675e-010
16927	8.7818e-010
16928	8.9287e-010
16929	9.2155e-010
16930	9.3289e-010
16931	9.6296e-010
16932	9.8242e-010
16933	9.9994e-010
16934	1.0301e-009
16935	1.0488e-009
16936	1.0704e-009
16937	1.1008e-009
16938	1.124e-009
16939	1.1425e-009
16940	1.176e-009
16941	1.2032e-009
16942	1.2284e-009
16943	1.2509e-009
16944	1.2829e-009
16945	1.3123e-009
16946	1.3411e-009
16947	1.3703e-009
16948	1.4027e-009
16949	1.4357e-009
16950	1.4655e-009
16951	1.5019e-009
16952	1.5358e-009
16953	1.5703e-009
16954	1.6056e-009
16955	1.6425e-009
16956	1.6807e-009
16957	1.7153e-009
16958	1.7551e-009
16959	1.795e-009
16960	1.8362e-009
16961	1.8819e-009
16962	1.9241e-009
16963	1.957e-009
16964	1.9949e-009
16965	2.0642e-009
16966	2.0686e-009
16967	1.9981e-009
16968	1.9614e-009
16969	1.9344e-009
16970	1.8941e-009
16971	1.8488e-009
16972	1.8088e-009
16973	1.769e-009
16974	1.7268e-009
16975	1.6979e-009
16976	1.6612e-009
16977	1.6253e-009
16978	1.5913e-009
16979	1.5581e-009
16980	1.5271e-009
16981	1.4791e-009
16982	1.4618e-009
16983	1.4272e-009
16984	1.3986e-009
16985	1.3753e-009
16986	1.3487e-009
16987	1.3206e-009
16988	1.2563e-009
16989	1.2693e-009
16990	1.2445e-009
16991	1.2266e-009
16992	1.1454e-009
16993	1.1694e-009
16994	1.155e-009
16995	1.0798e-009
16996	1.0689e-009
16997	1.0923e-009
16998	1.007e-009
16999	1.0163e-009
17000	1.0277e-009
17001	9.4975e-010
17002	1.0006e-009
17003	9.0781e-010
17004	8.9001e-010
17005	8.8508e-010
17006	8.5361e-010
17007	8.4655e-010
17008	8.0019e-010
17009	8.1706e-010
17010	7.6679e-010
17011	7.7063e-010
17012	7.3088e-010
17013	7.1842e-010
17014	6.9367e-010
17015	6.6033e-010
17016	6.5995e-010
17017	6.0702e-010
17018	6.0423e-010
17019	5.3876e-010
17020	5.2444e-010
17021	5.5692e-010
17022	5.1783e-010
17023	5.8461e-010
17024	7.1018e-010
17025	1.0363e-009
17026	1.564e-009
17027	2.1726e-009
17028	2.1787e-009
17029	2.4591e-009
17030	1.9532e-009
17031	2.1086e-010
17032	2.5948e-010
17033	4.3096e-010
17034	5.6823e-010
17035	5.9657e-010
17036	6.1045e-010
17037	6.2616e-010
17038	6.422e-010
17039	6.5771e-010
17040	6.7439e-010
17041	6.8983e-010
17042	7.0557e-010
17043	7.2432e-010
17044	7.3886e-010
17045	7.5837e-010
17046	7.7395e-010
17047	7.9274e-010
17048	8.1142e-010
17049	8.2926e-010
17050	8.5016e-010
17051	8.6772e-010
17052	8.9039e-010
17053	9.0847e-010
17054	9.3151e-010
17055	9.51e-010
17056	9.7378e-010
17057	9.9685e-010
17058	1.0175e-009
17059	1.0451e-009
17060	1.0638e-009
17061	1.0923e-009
17062	1.1155e-009
17063	1.1387e-009
17064	1.1689e-009
17065	1.1927e-009
17066	1.2185e-009
17067	1.2495e-009
17068	1.2773e-009
17069	1.3015e-009
17070	1.3359e-009
17071	1.3655e-009
17072	1.3965e-009
17073	1.427e-009
17074	1.4636e-009
17075	1.4985e-009
17076	1.5346e-009
17077	1.5661e-009
17078	1.5983e-009
17079	1.633e-009
17080	1.6673e-009
17081	1.708e-009
17082	1.7459e-009
17083	1.785e-009
17084	1.8255e-009
17085	1.8671e-009
17086	1.9104e-009
17087	1.9509e-009
17088	1.9967e-009
17089	2.0418e-009
17090	2.088e-009
17091	2.1372e-009
17092	2.1871e-009
17093	2.2296e-009
17094	2.2728e-009
17095	2.3425e-009
17096	2.3465e-009
17097	2.2757e-009
17098	2.2343e-009
17099	2.1974e-009
17100	2.1494e-009
17101	2.1011e-009
17102	2.0567e-009
17103	2.0129e-009
17104	1.9654e-009
17105	1.931e-009
17106	1.888e-009
17107	1.8471e-009
17108	1.8081e-009
17109	1.7702e-009
17110	1.7366e-009
17111	1.6857e-009
17112	1.6629e-009
17113	1.6236e-009
17114	1.5892e-009
17115	1.5556e-009
17116	1.5261e-009
17117	1.5037e-009
17118	1.4421e-009
17119	1.4423e-009
17120	1.4008e-009
17121	1.3873e-009
17122	1.3258e-009
17123	1.3276e-009
17124	1.296e-009
17125	1.2404e-009
17126	1.2178e-009
17127	1.2215e-009
17128	1.1622e-009
17129	1.1477e-009
17130	1.1483e-009
17131	1.1016e-009
17132	1.1104e-009
17133	1.0489e-009
17134	1.0028e-009
17135	9.9717e-010
17136	9.7262e-010
17137	9.5249e-010
17138	9.2027e-010
17139	9.1741e-010
17140	8.7877e-010
17141	8.6909e-010
17142	8.3418e-010
17143	8.15e-010
17144	7.8742e-010
17145	7.5416e-010
17146	7.4406e-010
17147	7.0472e-010
17148	6.825e-010
17149	6.2429e-010
17150	6.0549e-010
17151	6.2709e-010
17152	6.085e-010
17153	6.9285e-010
17154	7.7496e-010
17155	1.1189e-009
17156	1.7547e-009
17157	2.5029e-009
17158	2.5549e-009
17159	2.5614e-009
17160	2.6448e-009
17161	2.1103e-010
17162	2.5962e-010
17163	4.3103e-010
17164	5.6831e-010
17165	5.9672e-010
17166	6.1068e-010
17167	6.264e-010
17168	6.4237e-010
17169	6.5783e-010
17170	6.7456e-010
17171	6.9007e-010
17172	7.0583e-010
17173	7.2457e-010
17174	7.3901e-010
17175	7.5847e-010
17176	7.7398e-010
17177	7.9271e-010
17178	8.1139e-010
17179	8.2928e-010
17180	8.5038e-010
17181	8.6794e-010
17182	8.9044e-010
17183	9.085e-010
17184	9.3171e-010
17185	9.513e-010
17186	9.741e-010
17187	9.9717e-010
17188	1.0178e-009
17189	1.0454e-009
17190	1.064e-009
17191	1.0925e-009
17192	1.1156e-009
17193	1.139e-009
17194	1.1692e-009
17195	1.1931e-009
17196	1.2188e-009
17197	1.25e-009
17198	1.2779e-009
17199	1.3021e-009
17200	1.3365e-009
17201	1.3663e-009
17202	1.3973e-009
17203	1.429e-009
17204	1.4658e-009
17205	1.4974e-009
17206	1.5318e-009
17207	1.563e-009
17208	1.5968e-009
17209	1.6332e-009
17210	1.6673e-009
17211	1.7081e-009
17212	1.7462e-009
17213	1.7856e-009
17214	1.8258e-009
17215	1.8671e-009
17216	1.9101e-009
17217	1.9506e-009
17218	1.9964e-009
17219	2.0414e-009
17220	2.0878e-009
17221	2.137e-009
17222	2.187e-009
17223	2.2295e-009
17224	2.2728e-009
17225	2.3427e-009
17226	2.3458e-009
17227	2.2753e-009
17228	2.2338e-009
17229	2.1971e-009
17230	2.1494e-009
17231	2.1013e-009
17232	2.0566e-009
17233	2.0129e-009
17234	1.9656e-009
17235	1.9311e-009
17236	1.8879e-009
17237	1.8474e-009
17238	1.8081e-009
17239	1.7705e-009
17240	1.7365e-009
17241	1.686e-009
17242	1.6632e-009
17243	1.6242e-009
17244	1.5898e-009
17245	1.5563e-009
17246	1.5265e-009
17247	1.504e-009
17248	1.4432e-009
17249	1.4458e-009
17250	1.4042e-009
17251	1.3887e-009
17252	1.3262e-009
17253	1.3271e-009
17254	1.2954e-009
17255	1.2398e-009
17256	1.2173e-009
17257	1.2208e-009
17258	1.1614e-009
17259	1.1469e-009
17260	1.1475e-009
17261	1.1008e-009
17262	1.1096e-009
17263	1.0481e-009
17264	1.002e-009
17265	9.9639e-010
17266	9.7192e-010
17267	9.5183e-010
17268	9.1955e-010
17269	9.168e-010
17270	8.781e-010
17271	8.6841e-010
17272	8.3353e-010
17273	8.1436e-010
17274	7.8683e-010
17275	7.5366e-010
17276	7.4369e-010
17277	7.0448e-010
17278	6.8236e-010
17279	6.2423e-010
17280	6.0542e-010
17281	6.2684e-010
17282	6.0825e-010
17283	6.9256e-010
17284	7.7476e-010
17285	1.1186e-009
17286	1.7542e-009
17287	2.5025e-009
17288	2.5545e-009
17289	2.5612e-009
17290	2.6449e-009
17291	1.5711e-010
17292	2.0133e-010
17293	3.6866e-010
17294	4.9879e-010
17295	5.2395e-010
17296	5.3754e-010
17297	5.5179e-010
17298	5.6495e-010
17299	5.7723e-010
17300	5.9442e-010
17301	6.0745e-010
17302	6.1999e-010
17303	6.3862e-010
17304	6.4816e-010
17305	6.6848e-010
17306	6.8066e-010
17307	6.9784e-010
17308	7.1412e-010
17309	7.2923e-010
17310	7.4895e-010
17311	7.6246e-010
17312	7.8458e-010
17313	7.9814e-010
17314	8.2096e-010
17315	8.3634e-010
17316	8.5755e-010
17317	8.789e-010
17318	8.9357e-010
17319	9.2218e-010
17320	9.334e-010
17321	9.6307e-010
17322	9.8232e-010
17323	1.e-009
17324	1.0305e-009
17325	1.0494e-009
17326	1.0707e-009
17327	1.1012e-009
17328	1.1248e-009
17329	1.1434e-009
17330	1.1767e-009
17331	1.2034e-009
17332	1.2287e-009
17333	1.2495e-009
17334	1.2825e-009
17335	1.3139e-009
17336	1.3442e-009
17337	1.3731e-009
17338	1.4047e-009
17339	1.4369e-009
17340	1.4664e-009
17341	1.5029e-009
17342	1.5364e-009
17343	1.5708e-009
17344	1.6061e-009
17345	1.6428e-009
17346	1.6803e-009
17347	1.7151e-009
17348	1.7549e-009
17349	1.7944e-009
17350	1.8357e-009
17351	1.8817e-009
17352	1.925e-009
17353	1.9578e-009
17354	1.9954e-009
17355	2.0645e-009
17356	2.0671e-009
17357	1.9973e-009
17358	1.961e-009
17359	1.9343e-009
17360	1.8943e-009
17361	1.8493e-009
17362	1.8089e-009
17363	1.7691e-009
17364	1.7266e-009
17365	1.6975e-009
17366	1.6611e-009
17367	1.6257e-009
17368	1.5913e-009
17369	1.5585e-009
17370	1.5269e-009
17371	1.4796e-009
17372	1.4613e-009
17373	1.4277e-009
17374	1.399e-009
17375	1.3757e-009
17376	1.3487e-009
17377	1.3217e-009
17378	1.2553e-009
17379	1.2684e-009
17380	1.2432e-009
17381	1.2246e-009
17382	1.1455e-009
17383	1.1682e-009
17384	1.1551e-009
17385	1.0795e-009
17386	1.0687e-009
17387	1.0918e-009
17388	1.0063e-009
17389	1.0154e-009
17390	1.0267e-009
17391	9.4864e-010
17392	9.9952e-010
17393	9.0677e-010
17394	8.8885e-010
17395	8.838e-010
17396	8.5232e-010
17397	8.4519e-010
17398	7.9899e-010
17399	8.1607e-010
17400	7.6574e-010
17401	7.6981e-010
17402	7.2996e-010
17403	7.1753e-010
17404	6.9284e-010
17405	6.5951e-010
17406	6.5947e-010
17407	6.0672e-010
17408	6.0401e-010
17409	5.3861e-010
17410	5.242e-010
17411	5.5662e-010
17412	5.1764e-010
17413	5.8435e-010
17414	7.101e-010
17415	1.0359e-009
17416	1.5635e-009
17417	2.1722e-009
17418	2.1783e-009
17419	2.4587e-009
17420	1.9534e-009
17421	2.1085e-010
17422	2.5949e-010
17423	4.3099e-010
17424	5.6829e-010
17425	5.9669e-010
17426	6.1061e-010
17427	6.2634e-010
17428	6.4237e-010
17429	6.5792e-010
17430	6.7459e-010
17431	6.9004e-010
17432	7.0576e-010
17433	7.2453e-010
17434	7.391e-010
17435	7.5866e-010
17436	7.7431e-010
17437	7.9314e-010
17438	8.1181e-010
17439	8.2969e-010
17440	8.5073e-010
17441	8.6826e-010
17442	8.9066e-010
17443	9.0862e-010
17444	9.3183e-010
17445	9.5148e-010
17446	9.7439e-010
17447	9.9759e-010
17448	1.0183e-009
17449	1.0458e-009
17450	1.0644e-009
17451	1.0931e-009
17452	1.1162e-009
17453	1.1392e-009
17454	1.1693e-009
17455	1.1934e-009
17456	1.2193e-009
17457	1.2504e-009
17458	1.2783e-009
17459	1.3027e-009
17460	1.3372e-009
17461	1.3663e-009
17462	1.3998e-009
17463	1.4302e-009
17464	1.465e-009
17465	1.4937e-009
17466	1.5279e-009
17467	1.5616e-009
17468	1.5967e-009
17469	1.634e-009
17470	1.6681e-009
17471	1.7087e-009
17472	1.7467e-009
17473	1.786e-009
17474	1.8262e-009
17475	1.8675e-009
17476	1.9103e-009
17477	1.9506e-009
17478	1.996e-009
17479	2.041e-009
17480	2.0872e-009
17481	2.1359e-009
17482	2.1866e-009
17483	2.2291e-009
17484	2.2723e-009
17485	2.3425e-009
17486	2.3459e-009
17487	2.2755e-009
17488	2.234e-009
17489	2.1971e-009
17490	2.1484e-009
17491	2.1006e-009
17492	2.0569e-009
17493	2.0131e-009
17494	1.9654e-009
17495	1.9308e-009
17496	1.8877e-009
17497	1.8473e-009
17498	1.8082e-009
17499	1.7708e-009
17500	1.7369e-009
17501	1.6866e-009
17502	1.6633e-009
17503	1.6242e-009
17504	1.59e-009
17505	1.5565e-009
17506	1.5266e-009
17507	1.5045e-009
17508	1.4436e-009
17509	1.4462e-009
17510	1.4041e-009
17511	1.3874e-009
17512	1.3254e-009
17513	1.3255e-009
17514	1.2953e-009
17515	1.2399e-009
17516	1.2172e-009
17517	1.2206e-009
17518	1.1612e-009
17519	1.1465e-009
17520	1.147e-009
17521	1.1001e-009
17522	1.109e-009
17523	1.0474e-009
17524	1.0013e-009
17525	9.955e-010
17526	9.7111e-010
17527	9.51e-010
17528	9.1864e-010
17529	9.1583e-010
17530	8.7721e-010
17531	8.6761e-010
17532	8.3277e-010
17533	8.1367e-010
17534	7.8632e-010
17535	7.5321e-010
17536	7.4331e-010
17537	7.0411e-010
17538	6.8222e-010
17539	6.2416e-010
17540	6.0552e-010
17541	6.2703e-010
17542	6.0822e-010
17543	6.9261e-010
17544	7.7451e-010
17545	1.1183e-009
17546	1.7539e-009
17547	2.5024e-009
17548	2.5546e-009
17549	2.5611e-009
17550	2.6448e-009
17551	2.1085e-010
17552	2.5949e-010
17553	4.3099e-010
17554	5.6829e-010
17555	5.9669e-010
17556	6.1061e-010
17557	6.2634e-010
17558	6.4237e-010
17559	6.5791e-010
17560	6.7459e-010
17561	6.9004e-010
17562	7.0576e-010
17563	7.2453e-010
17564	7.391e-010
17565	7.5866e-010
17566	7.7431e-010
17567	7.9314e-010
17568	8.1181e-010
17569	8.2969e-010
17570	8.5073e-010
17571	8.6826e-010
17572	8.9066e-010
17573	9.0862e-010
17574	9.3183e-010
17575	9.5148e-010
17576	9.7439e-010
17577	9.9759e-010
17578	1.0183e-009
17579	1.0458e-009
17580	1.0644e-009
17581	1.0931e-009
17582	1.1162e-009
17583	1.1392e-009
17584	1.1693e-009
17585	1.1934e-009
17586	1.2193e-009
17587	1.2504e-009
17588	1.2783e-009
17589	1.3027e-009
17590	1.3372e-009
17591	1.3663e-009
17592	1.3998e-009
17593	1.4283e-009
17594	1.4634e-009
17595	1.4938e-009
17596	1.5279e-009
17597	1.5617e-009
17598	1.5966e-009
17599	1.634e-009
17600	1.6681e-009
17601	1.7087e-009
17602	1.7467e-009
17603	1.786e-009
17604	1.8262e-009
17605	1.8675e-009
17606	1.9103e-009
17607	1.9506e-009
17608	1.996e-009
17609	2.041e-009
17610	2.0872e-009
17611	2.1359e-009
17612	2.1866e-009
17613	2.2291e-009
17614	2.2723e-009
17615	2.3456e-009
17616	2.3483e-009
17617	2.2756e-009
17618	2.234e-009
17619	2.1972e-009
17620	2.148e-009
17621	2.1009e-009
17622	2.0569e-009
17623	2.0131e-009
17624	1.9654e-009
17625	1.9308e-009
17626	1.8877e-009
17627	1.8473e-009
17628	1.8082e-009
17629	1.7708e-009
17630	1.737e-009
17631	1.6867e-009
17632	1.6634e-009
17633	1.6242e-009
17634	1.5899e-009
17635	1.5565e-009
17636	1.5266e-009
17637	1.5063e-009
17638	1.4438e-009
17639	1.4427e-009
17640	1.4012e-009
17641	1.3856e-009
17642	1.326e-009
17643	1.3238e-009
17644	1.2956e-009
17645	1.2397e-009
17646	1.2172e-009
17647	1.2206e-009
17648	1.1612e-009
17649	1.1465e-009
17650	1.147e-009
17651	1.1001e-009
17652	1.109e-009
17653	1.0474e-009
17654	1.0013e-009
17655	9.955e-010
17656	9.7111e-010
17657	9.51e-010
17658	9.1864e-010
17659	9.1583e-010
17660	8.7721e-010
17661	8.6761e-010
17662	8.3277e-010
17663	8.1367e-010
17664	7.8632e-010
17665	7.5322e-010
17666	7.4331e-010
17667	7.0411e-010
17668	6.8222e-010
17669	6.2416e-010
17670	6.0552e-010
17671	6.2703e-010
17672	6.0822e-010
17673	6.9261e-010
17674	7.7451e-010
17675	1.1183e-009
17676	1.7539e-009
17677	2.5024e-009
17678	2.5546e-009
17679	2.5611e-009
17680	2.6448e-009
17681	1.5711e-010
17682	2.0133e-010
17683	3.6866e-010
17684	4.9879e-010
17685	5.2395e-010
17686	5.3754e-010
17687	5.5179e-010
17688	5.6495e-010
17689	5.7723e-010
17690	5.9442e-010
17691	6.0745e-010
17692	6.1999e-010
17693	6.3862e-010
17694	6.4816e-010
17695	6.6848e-010
17696	6.8066e-010
17697	6.9784e-010
17698	7.1412e-010
17699	7.2923e-010
17700	7.4895e-010
17701	7.6246e-010
17702	7.8458e-010
17703	7.9814e-010
17704	8.2096e-010
17705	8.3634e-010
17706	8.5755e-010
17707	8.789e-010
17708	8.9357e-010
17709	9.2218e-010
17710	9.334e-010
17711	9.6307e-010
17712	9.8232e-010
17713	1.e-009
17714	1.0305e-009
17715	1.0494e-009
17716	1.0707e-009
17717	1.1012e-009
17718	1.1248e-009
17719	1.1434e-009
17720	1.1768e-009
17721	1.2033e-009
17722	1.2289e-009
17723	1.2506e-009
17724	1.2841e-009
17725	1.3147e-009
17726	1.3447e-009
17727	1.3736e-009
17728	1.4045e-009
17729	1.437e-009
17730	1.4664e-009
17731	1.5029e-009
17732	1.5364e-009
17733	1.5708e-009
17734	1.6061e-009
17735	1.6428e-009
17736	1.6803e-009
17737	1.715e-009
17738	1.7549e-009
17739	1.7944e-009
17740	1.8357e-009
17741	1.8816e-009
17742	1.925e-009
17743	1.9578e-009
17744	1.995e-009
17745	2.0629e-009
17746	2.0646e-009
17747	1.9977e-009
17748	1.9608e-009
17749	1.9348e-009
17750	1.8932e-009
17751	1.8494e-009
17752	1.8084e-009
17753	1.7692e-009
17754	1.7266e-009
17755	1.6975e-009
17756	1.6611e-009
17757	1.6257e-009
17758	1.5913e-009
17759	1.5584e-009
17760	1.5268e-009
17761	1.4797e-009
17762	1.4612e-009
17763	1.4276e-009
17764	1.3991e-009
17765	1.3757e-009
17766	1.3487e-009
17767	1.3211e-009
17768	1.2553e-009
17769	1.2701e-009
17770	1.2447e-009
17771	1.2273e-009
17772	1.146e-009
17773	1.1706e-009
17774	1.1553e-009
17775	1.0793e-009
17776	1.0687e-009
17777	1.0918e-009
17778	1.0062e-009
17779	1.0154e-009
17780	1.0267e-009
17781	9.4862e-010
17782	9.9952e-010
17783	9.0677e-010
17784	8.8884e-010
17785	8.838e-010
17786	8.5232e-010
17787	8.452e-010
17788	7.99e-010
17789	8.1607e-010
17790	7.6574e-010
17791	7.6981e-010
17792	7.2996e-010
17793	7.1753e-010
17794	6.9284e-010
17795	6.5952e-010
17796	6.5947e-010
17797	6.0672e-010
17798	6.0401e-010
17799	5.3861e-010
17800	5.242e-010
17801	5.5662e-010
17802	5.1764e-010
17803	5.8435e-010
17804	7.101e-010
17805	1.0359e-009
17806	1.5635e-009
17807	2.1722e-009
17808	2.1783e-009
17809	2.4587e-009
17810	1.9534e-009
17811	2.1103e-010
17812	2.5962e-010
17813	4.3103e-010
17814	5.6831e-010
17815	5.9672e-010
17816	6.1068e-010
17817	6.264e-010
17818	6.4237e-010
17819	6.5783e-010
17820	6.7457e-010
17821	6.9007e-010
17822	7.0583e-010
17823	7.2457e-010
17824	7.3902e-010
17825	7.5847e-010
17826	7.7398e-010
17827	7.9271e-010
17828	8.1139e-010
17829	8.2928e-010
17830	8.5038e-010
17831	8.6794e-010
17832	8.9044e-010
17833	9.085e-010
17834	9.3172e-010
17835	9.513e-010
17836	9.741e-010
17837	9.9717e-010
17838	1.0178e-009
17839	1.0454e-009
17840	1.064e-009
17841	1.0925e-009
17842	1.1156e-009
17843	1.139e-009
17844	1.1692e-009
17845	1.1931e-009
17846	1.2188e-009
17847	1.25e-009
17848	1.2779e-009
17849	1.302e-009
17850	1.3365e-009
17851	1.3662e-009
17852	1.3976e-009
17853	1.425e-009
17854	1.4608e-009
17855	1.4937e-009
17856	1.5274e-009
17857	1.5613e-009
17858	1.5963e-009
17859	1.6332e-009
17860	1.6673e-009
17861	1.7081e-009
17862	1.7462e-009
17863	1.7856e-009
17864	1.8258e-009
17865	1.8671e-009
17866	1.9101e-009
17867	1.9506e-009
17868	1.9964e-009
17869	2.0414e-009
17870	2.0877e-009
17871	2.137e-009
17872	2.1872e-009
17873	2.2295e-009
17874	2.2722e-009
17875	2.3504e-009
17876	2.3503e-009
17877	2.2764e-009
17878	2.234e-009
17879	2.1979e-009
17880	2.151e-009
17881	2.1055e-009
17882	2.056e-009
17883	2.0129e-009
17884	1.9656e-009
17885	1.9311e-009
17886	1.8879e-009
17887	1.8474e-009
17888	1.8081e-009
17889	1.7705e-009
17890	1.7364e-009
17891	1.6861e-009
17892	1.6631e-009
17893	1.6241e-009
17894	1.5898e-009
17895	1.5563e-009
17896	1.5265e-009
17897	1.5061e-009
17898	1.4437e-009
17899	1.4423e-009
17900	1.4e-009
17901	1.3879e-009
17902	1.3226e-009
17903	1.3243e-009
17904	1.2953e-009
17905	1.2398e-009
17906	1.2172e-009
17907	1.2208e-009
17908	1.1614e-009
17909	1.1469e-009
17910	1.1475e-009
17911	1.1008e-009
17912	1.1096e-009
17913	1.0481e-009
17914	1.002e-009
17915	9.9639e-010
17916	9.7192e-010
17917	9.5183e-010
17918	9.1955e-010
17919	9.168e-010
17920	8.781e-010
17921	8.6842e-010
17922	8.3353e-010
17923	8.1436e-010
17924	7.8683e-010
17925	7.5366e-010
17926	7.4369e-010
17927	7.0448e-010
17928	6.8236e-010
17929	6.2423e-010
17930	6.0542e-010
17931	6.2684e-010
17932	6.0825e-010
17933	6.9256e-010
17934	7.7476e-010
17935	1.1186e-009
17936	1.7542e-009
17937	2.5025e-009
17938	2.5545e-009
17939	2.5612e-009
17940	2.6449e-009
17941	2.1086e-010
17942	2.5948e-010
17943	4.3096e-010
17944	5.6823e-010
17945	5.9657e-010
17946	6.1045e-010
17947	6.2616e-010
17948	6.422e-010
17949	6.5771e-010
17950	6.7439e-010
17951	6.8983e-010
17952	7.0557e-010
17953	7.2432e-010
17954	7.3886e-010
17955	7.5837e-010
17956	7.7395e-010
17957	7.9274e-010
17958	8.1142e-010
17959	8.2926e-010
17960	8.5016e-010
17961	8.6772e-010
17962	8.9039e-010
17963	9.0846e-010
17964	9.3152e-010
17965	9.5101e-010
17966	9.7378e-010
17967	9.9685e-010
17968	1.0175e-009
17969	1.0451e-009
17970	1.0638e-009
17971	1.0923e-009
17972	1.1155e-009
17973	1.1387e-009
17974	1.1689e-009
17975	1.1927e-009
17976	1.2185e-009
17977	1.2494e-009
17978	1.2774e-009
17979	1.3014e-009
17980	1.3359e-009
17981	1.3654e-009
17982	1.3967e-009
17983	1.4247e-009
17984	1.4604e-009
17985	1.4929e-009
17986	1.5265e-009
17987	1.5606e-009
17988	1.5958e-009
17989	1.6331e-009
17990	1.6673e-009
17991	1.708e-009
17992	1.7459e-009
17993	1.785e-009
17994	1.8255e-009
17995	1.8671e-009
17996	1.9104e-009
17997	1.9509e-009
17998	1.9967e-009
17999	2.0419e-009
18000	2.088e-009
18001	2.1371e-009
18002	2.1876e-009
18003	2.2297e-009
18004	2.2721e-009
18005	2.3477e-009
18006	2.3513e-009
18007	2.2823e-009
18008	2.2372e-009
18009	2.2009e-009
18010	2.1561e-009
18011	2.1082e-009
18012	2.0561e-009
18013	2.013e-009
18014	1.9655e-009
18015	1.931e-009
18016	1.8879e-009
18017	1.8472e-009
18018	1.8081e-009
18019	1.7702e-009
18020	1.7364e-009
18021	1.686e-009
18022	1.6627e-009
18023	1.6236e-009
18024	1.5892e-009
18025	1.5556e-009
18026	1.5261e-009
18027	1.5044e-009
18028	1.438e-009
18029	1.4423e-009
18030	1.4003e-009
18031	1.3867e-009
18032	1.3234e-009
18033	1.3234e-009
18034	1.2961e-009
18035	1.2404e-009
18036	1.2178e-009
18037	1.2215e-009
18038	1.1622e-009
18039	1.1477e-009
18040	1.1483e-009
18041	1.1016e-009
18042	1.1104e-009
18043	1.0489e-009
18044	1.0028e-009
18045	9.9717e-010
18046	9.7262e-010
18047	9.5249e-010
18048	9.2027e-010
18049	9.1741e-010
18050	8.7876e-010
18051	8.6909e-010
18052	8.3419e-010
18053	8.15e-010
18054	7.8742e-010
18055	7.5416e-010
18056	7.4406e-010
18057	7.0472e-010
18058	6.825e-010
18059	6.2429e-010
18060	6.0549e-010
18061	6.2708e-010
18062	6.085e-010
18063	6.9285e-010
18064	7.7496e-010
18065	1.1189e-009
18066	1.7546e-009
18067	2.5029e-009
18068	2.5549e-009
18069	2.5614e-009
18070	2.6448e-009
18071	1.5715e-010
18072	2.0128e-010
18073	3.6851e-010
18074	4.986e-010
18075	5.237e-010
18076	5.3722e-010
18077	5.5146e-010
18078	5.6464e-010
18079	5.7695e-010
18080	5.9406e-010
18081	6.0707e-010
18082	6.1954e-010
18083	6.3824e-010
18084	6.4781e-010
18085	6.6814e-010
18086	6.8028e-010
18087	6.9748e-010
18088	7.1388e-010
18089	7.2883e-010
18090	7.4849e-010
18091	7.6208e-010
18092	7.841e-010
18093	7.9771e-010
18094	8.2028e-010
18095	8.3569e-010
18096	8.5675e-010
18097	8.7818e-010
18098	8.9286e-010
18099	9.2155e-010
18100	9.3289e-010
18101	9.6296e-010
18102	9.8242e-010
18103	9.9994e-010
18104	1.0301e-009
18105	1.0488e-009
18106	1.0704e-009
18107	1.1008e-009
18108	1.1242e-009
18109	1.1423e-009
18110	1.1757e-009
18111	1.2026e-009
18112	1.2281e-009
18113	1.2513e-009
18114	1.2838e-009
18115	1.314e-009
18116	1.3434e-009
18117	1.3726e-009
18118	1.4035e-009
18119	1.436e-009
18120	1.4655e-009
18121	1.5019e-009
18122	1.5358e-009
18123	1.5703e-009
18124	1.6056e-009
18125	1.6425e-009
18126	1.6807e-009
18127	1.7153e-009
18128	1.7551e-009
18129	1.795e-009
18130	1.8363e-009
18131	1.8819e-009
18132	1.9248e-009
18133	1.9582e-009
18134	1.9954e-009
18135	2.0645e-009
18136	2.0655e-009
18137	1.995e-009
18138	1.9588e-009
18139	1.9325e-009
18140	1.8897e-009
18141	1.8473e-009
18142	1.8082e-009
18143	1.7692e-009
18144	1.7268e-009
18145	1.6979e-009
18146	1.6612e-009
18147	1.6254e-009
18148	1.5913e-009
18149	1.5582e-009
18150	1.5263e-009
18151	1.4797e-009
18152	1.461e-009
18153	1.4274e-009
18154	1.3986e-009
18155	1.3752e-009
18156	1.3489e-009
18157	1.3197e-009
18158	1.2535e-009
18159	1.2681e-009
18160	1.2448e-009
18161	1.2252e-009
18162	1.1476e-009
18163	1.1691e-009
18164	1.1554e-009
18165	1.0797e-009
18166	1.069e-009
18167	1.0923e-009
18168	1.007e-009
18169	1.0163e-009
18170	1.0277e-009
18171	9.4975e-010
18172	1.0006e-009
18173	9.0783e-010
18174	8.9002e-010
18175	8.8509e-010
18176	8.5361e-010
18177	8.4655e-010
18178	8.0019e-010
18179	8.1706e-010
18180	7.6679e-010
18181	7.7063e-010
18182	7.3088e-010
18183	7.1842e-010
18184	6.9367e-010
18185	6.6033e-010
18186	6.5995e-010
18187	6.0702e-010
18188	6.0423e-010
18189	5.3876e-010
18190	5.2444e-010
18191	5.5692e-010
18192	5.1783e-010
18193	5.8461e-010
18194	7.1018e-010
18195	1.0363e-009
18196	1.564e-009
18197	2.1726e-009
18198	2.1787e-009
18199	2.4591e-009
18200	1.9532e-009
18201	2.1086e-010
18202	2.5948e-010
18203	4.3096e-010
18204	5.6823e-010
18205	5.9657e-010
18206	6.1045e-010
18207	6.2616e-010
18208	6.422e-010
18209	6.5771e-010
18210	6.7439e-010
18211	6.8983e-010
18212	7.0557e-010
18213	7.2432e-010
18214	7.3886e-010
18215	7.5837e-010
18216	7.7395e-010
18217	7.9274e-010
18218	8.1142e-010
18219	8.2926e-010
18220	8.5016e-010
18221	8.6772e-010
18222	8.9039e-010
18223	9.0846e-010
18224	9.3152e-010
18225	9.5101e-010
18226	9.7378e-010
18227	9.9685e-010
18228	1.0175e-009
18229	1.0451e-009
18230	1.0638e-009
18231	1.0923e-009
18232	1.1155e-009
18233	1.1387e-009
18234	1.1689e-009
18235	1.1927e-009
18236	1.2185e-009
18237	1.2494e-009
18238	1.2773e-009
18239	1.3018e-009
18240	1.3371e-009
18241	1.3694e-009
18242	1.3981e-009
18243	1.425e-009
18244	1.4603e-009
18245	1.4929e-009
18246	1.5265e-009
18247	1.5606e-009
18248	1.5957e-009
18249	1.6331e-009
18250	1.6673e-009
18251	1.708e-009
18252	1.7459e-009
18253	1.785e-009
18254	1.8255e-009
18255	1.8671e-009
18256	1.9104e-009
18257	1.9509e-009
18258	1.9967e-009
18259	2.0419e-009
18260	2.088e-009
18261	2.1371e-009
18262	2.1875e-009
18263	2.2297e-009
18264	2.2729e-009
18265	2.3428e-009
18266	2.353e-009
18267	2.2876e-009
18268	2.2432e-009
18269	2.2063e-009
18270	2.1598e-009
18271	2.108e-009
18272	2.0561e-009
18273	2.013e-009
18274	1.9654e-009
18275	1.931e-009
18276	1.8879e-009
18277	1.8472e-009
18278	1.8081e-009
18279	1.7702e-009
18280	1.7364e-009
18281	1.686e-009
18282	1.6627e-009
18283	1.6236e-009
18284	1.5892e-009
18285	1.5556e-009
18286	1.526e-009
18287	1.5045e-009
18288	1.438e-009
18289	1.4426e-009
18290	1.4003e-009
18291	1.3845e-009
18292	1.3237e-009
18293	1.3214e-009
18294	1.2961e-009
18295	1.2405e-009
18296	1.2177e-009
18297	1.2215e-009
18298	1.1622e-009
18299	1.1477e-009
18300	1.1483e-009
18301	1.1016e-009
18302	1.1104e-009
18303	1.0489e-009
18304	1.0028e-009
18305	9.9717e-010
18306	9.7262e-010
18307	9.5249e-010
18308	9.2027e-010
18309	9.1741e-010
18310	8.7876e-010
18311	8.6909e-010
18312	8.3418e-010
18313	8.15e-010
18314	7.8742e-010
18315	7.5416e-010
18316	7.4406e-010
18317	7.0472e-010
18318	6.825e-010
18319	6.2429e-010
18320	6.0549e-010
18321	6.2709e-010
18322	6.085e-010
18323	6.9285e-010
18324	7.7496e-010
18325	1.1189e-009
18326	1.7546e-009
18327	2.5029e-009
18328	2.5549e-009
18329	2.5614e-009
18330	2.6448e-009
18331	2.1103e-010
18332	2.5962e-010
18333	4.3103e-010
18334	5.6831e-010
18335	5.9672e-010
18336	6.1068e-010
18337	6.264e-010
18338	6.4237e-010
18339	6.5783e-010
18340	6.7456e-010
18341	6.9007e-010
18342	7.0583e-010
18343	7.2457e-010
18344	7.3901e-010
18345	7.5847e-010
18346	7.7398e-010
18347	7.9271e-010
18348	8.1139e-010
18349	8.2928e-010
18350	8.5038e-010
18351	8.6794e-010
18352	8.9044e-010
18353	9.085e-010
18354	9.3172e-010
18355	9.513e-010
18356	9.741e-010
18357	9.9717e-010
18358	1.0178e-009
18359	1.0454e-009
18360	1.064e-009
18361	1.0925e-009
18362	1.1156e-009
18363	1.139e-009
18364	1.1692e-009
18365	1.1931e-009
18366	1.2188e-009
18367	1.2499e-009
18368	1.278e-009
18369	1.3022e-009
18370	1.3378e-009
18371	1.3701e-009
18372	1.3988e-009
18373	1.4254e-009
18374	1.4607e-009
18375	1.4937e-009
18376	1.5274e-009
18377	1.5613e-009
18378	1.5963e-009
18379	1.6332e-009
18380	1.6673e-009
18381	1.7081e-009
18382	1.7462e-009
18383	1.7856e-009
18384	1.8258e-009
18385	1.8671e-009
18386	1.9101e-009
18387	1.9506e-009
18388	1.9964e-009
18389	2.0414e-009
18390	2.0878e-009
18391	2.137e-009
18392	2.1871e-009
18393	2.2295e-009
18394	2.273e-009
18395	2.3422e-009
18396	2.3524e-009
18397	2.2869e-009
18398	2.2453e-009
18399	2.2083e-009
18400	2.16e-009
18401	2.1081e-009
18402	2.0559e-009
18403	2.0129e-009
18404	1.9656e-009
18405	1.9311e-009
18406	1.8879e-009
18407	1.8474e-009
18408	1.8081e-009
18409	1.7704e-009
18410	1.7364e-009
18411	1.6861e-009
18412	1.6631e-009
18413	1.6241e-009
18414	1.5898e-009
18415	1.5563e-009
18416	1.5265e-009
18417	1.5044e-009
18418	1.442e-009
18419	1.4424e-009
18420	1.4004e-009
18421	1.3847e-009
18422	1.3234e-009
18423	1.3211e-009
18424	1.2957e-009
18425	1.2399e-009
18426	1.2172e-009
18427	1.2208e-009
18428	1.1614e-009
18429	1.1469e-009
18430	1.1475e-009
18431	1.1008e-009
18432	1.1096e-009
18433	1.0481e-009
18434	1.002e-009
18435	9.9639e-010
18436	9.7192e-010
18437	9.5183e-010
18438	9.1955e-010
18439	9.168e-010
18440	8.781e-010
18441	8.6841e-010
18442	8.3353e-010
18443	8.1436e-010
18444	7.8683e-010
18445	7.5366e-010
18446	7.4369e-010
18447	7.0448e-010
18448	6.8236e-010
18449	6.2423e-010
18450	6.0542e-010
18451	6.2684e-010
18452	6.0825e-010
18453	6.9256e-010
18454	7.7476e-010
18455	1.1186e-009
18456	1.7542e-009
18457	2.5025e-009
18458	2.5545e-009
18459	2.5612e-009
18460	2.6449e-009
18461	1.5711e-010
18462	2.0133e-010
18463	3.6866e-010
18464	4.9879e-010
18465	5.2395e-010
18466	5.3754e-010
18467	5.5179e-010
18468	5.6495e-010
18469	5.7723e-010
18470	5.9443e-010
18471	6.0745e-010
18472	6.1999e-010
18473	6.3862e-010
18474	6.4816e-010
18475	6.6848e-010
18476	6.8066e-010
18477	6.9784e-010
18478	7.1412e-010
18479	7.2923e-010
18480	7.4895e-010
18481	7.6246e-010
18482	7.8458e-010
18483	7.9814e-010
18484	8.2096e-010
18485	8.3634e-010
18486	8.5755e-010
18487	8.789e-010
18488	8.9357e-010
18489	9.2218e-010
18490	9.3345e-010
18491	9.6305e-010
18492	9.8236e-010
18493	1.e-009
18494	1.0305e-009
18495	1.0493e-009
18496	1.0708e-009
18497	1.1013e-009
18498	1.1247e-009
18499	1.1435e-009
18500	1.1762e-009
18501	1.2031e-009
18502	1.2285e-009
18503	1.2518e-009
18504	1.2843e-009
18505	1.3149e-009
18506	1.3447e-009
18507	1.3736e-009
18508	1.4045e-009
18509	1.437e-009
18510	1.4664e-009
18511	1.5029e-009
18512	1.5364e-009
18513	1.5708e-009
18514	1.6061e-009
18515	1.6428e-009
18516	1.6803e-009
18517	1.7151e-009
18518	1.7549e-009
18519	1.7945e-009
18520	1.8359e-009
18521	1.8816e-009
18522	1.925e-009
18523	1.9577e-009
18524	1.9954e-009
18525	2.0644e-009
18526	2.0649e-009
18527	1.9927e-009
18528	1.9563e-009
18529	1.9301e-009
18530	1.8894e-009
18531	1.8476e-009
18532	1.8084e-009
18533	1.7692e-009
18534	1.7266e-009
18535	1.6975e-009
18536	1.6611e-009
18537	1.6257e-009
18538	1.5913e-009
18539	1.5584e-009
18540	1.5267e-009
18541	1.4797e-009
18542	1.4612e-009
18543	1.4277e-009
18544	1.3991e-009
18545	1.3757e-009
18546	1.3488e-009
18547	1.3218e-009
18548	1.2559e-009
18549	1.2701e-009
18550	1.2446e-009
18551	1.2257e-009
18552	1.1477e-009
18553	1.1694e-009
18554	1.1553e-009
18555	1.0794e-009
18556	1.0687e-009
18557	1.0918e-009
18558	1.0063e-009
18559	1.0154e-009
18560	1.0267e-009
18561	9.4864e-010
18562	9.9952e-010
18563	9.0677e-010
18564	8.8884e-010
18565	8.838e-010
18566	8.5232e-010
18567	8.452e-010
18568	7.9898e-010
18569	8.1607e-010
18570	7.6573e-010
18571	7.698e-010
18572	7.2996e-010
18573	7.1753e-010
18574	6.9284e-010
18575	6.5951e-010
18576	6.5947e-010
18577	6.0672e-010
18578	6.0401e-010
18579	5.3861e-010
18580	5.242e-010
18581	5.5662e-010
18582	5.1764e-010
18583	5.8435e-010
18584	7.1009e-010
18585	1.0359e-009
18586	1.5635e-009
18587	2.1722e-009
18588	2.1783e-009
18589	2.4587e-009
18590	1.9534e-009
18591	2.1085e-010
18592	2.5949e-010
18593	4.3099e-010
18594	5.6829e-010
18595	5.9669e-010
18596	6.1061e-010
18597	6.2634e-010
18598	6.4237e-010
18599	6.5792e-010
18600	6.7459e-010
18601	6.9004e-010
18602	7.0576e-010
18603	7.2453e-010
18604	7.391e-010
18605	7.5866e-010
18606	7.7431e-010
18607	7.9314e-010
18608	8.1181e-010
18609	8.2969e-010
18610	8.5073e-010
18611	8.6826e-010
18612	8.9066e-010
18613	9.0862e-010
18614	9.3183e-010
18615	9.5148e-010
18616	9.7439e-010
18617	9.9758e-010
18618	1.0183e-009
18619	1.0458e-009
18620	1.0644e-009
18621	1.0931e-009
18622	1.1162e-009
18623	1.1392e-009
18624	1.1693e-009
18625	1.1934e-009
18626	1.2193e-009
18627	1.2504e-009
18628	1.2783e-009
18629	1.3028e-009
18630	1.3369e-009
18631	1.3665e-009
18632	1.3976e-009
18633	1.4254e-009
18634	1.4611e-009
18635	1.4943e-009
18636	1.5279e-009
18637	1.5617e-009
18638	1.5966e-009
18639	1.6339e-009
18640	1.6681e-009
18641	1.7087e-009
18642	1.7467e-009
18643	1.786e-009
18644	1.8262e-009
18645	1.8675e-009
18646	1.9103e-009
18647	1.9506e-009
18648	1.996e-009
18649	2.041e-009
18650	2.0872e-009
18651	2.1359e-009
18652	2.1866e-009
18653	2.229e-009
18654	2.2724e-009
18655	2.3427e-009
18656	2.351e-009
18657	2.2878e-009
18658	2.2452e-009
18659	2.2084e-009
18660	2.1589e-009
18661	2.1073e-009
18662	2.0563e-009
18663	2.0132e-009
18664	1.9654e-009
18665	1.9308e-009
18666	1.8877e-009
18667	1.8473e-009
18668	1.8082e-009
18669	1.7708e-009
18670	1.737e-009
18671	1.6866e-009
18672	1.6634e-009
18673	1.6242e-009
18674	1.5899e-009
18675	1.5564e-009
18676	1.5268e-009
18677	1.5041e-009
18678	1.4413e-009
18679	1.4421e-009
18680	1.4007e-009
18681	1.3869e-009
18682	1.3236e-009
18683	1.3232e-009
18684	1.2958e-009
18685	1.2397e-009
18686	1.2172e-009
18687	1.2206e-009
18688	1.1611e-009
18689	1.1465e-009
18690	1.147e-009
18691	1.1001e-009
18692	1.109e-009
18693	1.0474e-009
18694	1.0013e-009
18695	9.955e-010
18696	9.7111e-010
18697	9.5101e-010
18698	9.1864e-010
18699	9.1584e-010
18700	8.7721e-010
18701	8.6761e-010
18702	8.3277e-010
18703	8.1367e-010
18704	7.8632e-010
18705	7.5321e-010
18706	7.4331e-010
18707	7.0411e-010
18708	6.8222e-010
18709	6.2416e-010
18710	6.0552e-010
18711	6.2703e-010
18712	6.0822e-010
18713	6.9261e-010
18714	7.7452e-010
18715	1.1183e-009
18716	1.7539e-009
18717	2.5024e-009
18718	2.5546e-009
18719	2.5611e-009
18720	2.6448e-009
18721	7.8607e-011
18722	1.1564e-010
18723	2.7181e-010
18724	3.8978e-010
18725	4.0157e-010
18726	4.1846e-010
18727	4.2822e-010
18728	4.3052e-010
18729	4.5711e-010
18730	4.5485e-010
18731	4.6857e-010
18732	4.871e-010
18733	4.8494e-010
18734	5.1332e-010
18735	5.1022e-010
18736	5.3115e-010
18737	5.4003e-010
18738	5.5191e-010
18739	5.6891e-010
18740	5.7562e-010
18741	5.9686e-010
18742	6.0219e-010
18743	6.2408e-010
18744	6.3162e-010
18745	6.5109e-010
18746	6.6411e-010
18747	6.7766e-010
18748	6.9954e-010
18749	7.0543e-010
18750	7.3415e-010
18751	7.4019e-010
18752	7.6011e-010
18753	7.8195e-010
18754	7.9195e-010
18755	8.1476e-010
18756	8.3521e-010
18757	8.4885e-010
18758	8.6887e-010
18759	8.9597e-010
18760	9.0845e-010
18761	9.3019e-010
18762	9.5079e-010
18763	9.7771e-010
18764	9.9463e-010
18765	1.0176e-009
18766	1.0408e-009
18767	1.0648e-009
18768	1.0892e-009
18769	1.1126e-009
18770	1.1413e-009
18771	1.1635e-009
18772	1.1908e-009
18773	1.2178e-009
18774	1.2449e-009
18775	1.2729e-009
18776	1.3005e-009
18777	1.3329e-009
18778	1.3614e-009
18779	1.3923e-009
18780	1.4234e-009
18781	1.4525e-009
18782	1.4835e-009
18783	1.5249e-009
18784	1.5666e-009
18785	1.5817e-009
18786	1.582e-009
18787	1.5698e-009
18788	1.5313e-009
18789	1.4883e-009
18790	1.4576e-009
18791	1.4305e-009
18792	1.4022e-009
18793	1.3723e-009
18794	1.3478e-009
18795	1.3114e-009
18796	1.2855e-009
18797	1.2584e-009
18798	1.2317e-009
18799	1.2053e-009
18800	1.1754e-009
18801	1.1667e-009
18802	1.1271e-009
18803	1.1089e-009
18804	1.084e-009
18805	1.0558e-009
18806	1.0349e-009
18807	1.0064e-009
18808	1.0343e-009
18809	9.6284e-010
18810	9.4539e-010
18811	9.1636e-010
18812	9.6558e-010
18813	8.8021e-010
18814	8.5271e-010
18815	8.7526e-010
18816	8.3922e-010
18817	7.8593e-010
18818	8.3541e-010
18819	7.7569e-010
18820	7.3873e-010
18821	8.1913e-010
18822	6.8843e-010
18823	7.6555e-010
18824	6.6404e-010
18825	6.6013e-010
18826	6.8399e-010
18827	6.2571e-010
18828	6.6024e-010
18829	5.8864e-010
18830	6.3126e-010
18831	5.6402e-010
18832	5.8787e-010
18833	5.4631e-010
18834	5.3092e-010
18835	5.3199e-010
18836	4.6248e-010
18837	5.2834e-010
18838	4.0586e-010
18839	4.645e-010
18840	3.8772e-010
18841	3.875e-010
18842	5.7855e-010
18843	4.3731e-010
18844	6.7608e-010
18845	1.2616e-009
18846	1.4748e-009
18847	1.6544e-009
18848	2.0218e-009
18849	3.2861e-009
18850	2.1144e-009
18851	1.937e-010
18852	2.2127e-010
18853	3.624e-010
18854	4.6734e-010
18855	4.7811e-010
18856	4.9853e-010
18857	5.1024e-010
18858	5.1152e-010
18859	5.4525e-010
18860	5.4045e-010
18861	5.575e-010
18862	5.8086e-010
18863	5.7505e-010
18864	6.1234e-010
18865	6.0516e-010
18866	6.3253e-010
18867	6.4211e-010
18868	6.5591e-010
18869	6.7734e-010
18870	6.8339e-010
18871	7.111e-010
18872	7.1481e-010
18873	7.4358e-010
18874	7.5024e-010
18875	7.7502e-010
18876	7.8958e-010
18877	8.0483e-010
18878	8.3346e-010
18879	8.3628e-010
18880	8.7545e-010
18881	8.7825e-010
18882	9.0342e-010
18883	9.3149e-010
18884	9.4006e-010
18885	9.6899e-010
18886	9.9405e-010
18887	1.0083e-009
18888	1.0327e-009
18889	1.0683e-009
18890	1.0787e-009
18891	1.1056e-009
18892	1.1297e-009
18893	1.1642e-009
18894	1.1844e-009
18895	1.2124e-009
18896	1.2374e-009
18897	1.2662e-009
18898	1.2951e-009
18899	1.3219e-009
18900	1.3577e-009
18901	1.3825e-009
18902	1.4158e-009
18903	1.4478e-009
18904	1.4804e-009
18905	1.5135e-009
18906	1.5459e-009
18907	1.586e-009
18908	1.6188e-009
18909	1.6559e-009
18910	1.6936e-009
18911	1.7264e-009
18912	1.7621e-009
18913	1.8147e-009
18914	1.8706e-009
18915	1.876e-009
18916	1.88e-009
18917	1.88e-009
18918	1.8272e-009
18919	1.7743e-009
18920	1.7457e-009
18921	1.7091e-009
18922	1.6697e-009
18923	1.6318e-009
18924	1.6063e-009
18925	1.559e-009
18926	1.5297e-009
18927	1.4978e-009
18928	1.466e-009
18929	1.4345e-009
18930	1.3956e-009
18931	1.3931e-009
18932	1.3385e-009
18933	1.3207e-009
18934	1.2905e-009
18935	1.2553e-009
18936	1.2309e-009
18937	1.1895e-009
18938	1.2447e-009
18939	1.1377e-009
18940	1.1245e-009
18941	1.0783e-009
18942	1.1604e-009
18943	1.0387e-009
18944	1.0059e-009
18945	1.0507e-009
18946	1.0028e-009
18947	9.2149e-010
18948	1.0082e-009
18949	9.2209e-010
18950	8.6506e-010
18951	9.9524e-010
18952	7.9731e-010
18953	9.2875e-010
18954	7.8687e-010
18955	7.9258e-010
18956	8.1524e-010
18957	7.3739e-010
18958	7.9667e-010
18959	6.9278e-010
18960	7.6198e-010
18961	6.6628e-010
18962	7.0804e-010
18963	6.5233e-010
18964	6.3648e-010
18965	6.4564e-010
18966	5.5e-010
18967	6.5151e-010
18968	4.8488e-010
18969	5.8027e-010
18970	4.8493e-010
18971	4.6282e-010
18972	7.2764e-010
18973	5.1665e-010
18974	7.8767e-010
18975	1.4262e-009
18976	1.709e-009
18977	1.812e-009
18978	2.3529e-009
18979	3.9603e-009
18980	2.7167e-009
18981	7.8652e-011
18982	1.1571e-010
18983	2.7185e-010
18984	3.8977e-010
18985	4.0161e-010
18986	4.1852e-010
18987	4.2827e-010
18988	4.3059e-010
18989	4.5715e-010
18990	4.5487e-010
18991	4.6865e-010
18992	4.8713e-010
18993	4.8496e-010
18994	5.1329e-010
18995	5.1012e-010
18996	5.3104e-010
18997	5.3986e-010
18998	5.5166e-010
18999	5.6865e-010
19000	5.7537e-010
19001	5.9662e-010
19002	6.0201e-010
19003	6.2401e-010
19004	6.3158e-010
19005	6.5098e-010
19006	6.6394e-010
19007	6.7741e-010
19008	6.9931e-010
19009	7.0525e-010
19010	7.3395e-010
19011	7.3979e-010
19012	7.5981e-010
19013	7.8185e-010
19014	7.9187e-010
19015	8.1461e-010
19016	8.3491e-010
19017	8.4864e-010
19018	8.6771e-010
19019	8.9513e-010
19020	9.078e-010
19021	9.3022e-010
19022	9.5085e-010
19023	9.7778e-010
19024	9.9446e-010
19025	1.0173e-009
19026	1.0405e-009
19027	1.0646e-009
19028	1.0889e-009
19029	1.1121e-009
19030	1.1408e-009
19031	1.1632e-009
19032	1.1905e-009
19033	1.2173e-009
19034	1.2448e-009
19035	1.2725e-009
19036	1.3005e-009
19037	1.3332e-009
19038	1.3617e-009
19039	1.3926e-009
19040	1.424e-009
19041	1.4532e-009
19042	1.484e-009
19043	1.5251e-009
19044	1.5671e-009
19045	1.5824e-009
19046	1.5814e-009
19047	1.5704e-009
19048	1.5319e-009
19049	1.4879e-009
19050	1.4587e-009
19051	1.4312e-009
19052	1.4023e-009
19053	1.372e-009
19054	1.3481e-009
19055	1.3118e-009
19056	1.2857e-009
19057	1.2588e-009
19058	1.2317e-009
19059	1.2051e-009
19060	1.1753e-009
19061	1.1667e-009
19062	1.1272e-009
19063	1.1089e-009
19064	1.0839e-009
19065	1.0557e-009
19066	1.0348e-009
19067	1.0062e-009
19068	1.0342e-009
19069	9.6255e-010
19070	9.4483e-010
19071	9.1637e-010
19072	9.6121e-010
19073	8.8018e-010
19074	8.5202e-010
19075	8.7489e-010
19076	8.3897e-010
19077	7.8575e-010
19078	8.3527e-010
19079	7.7569e-010
19080	7.3882e-010
19081	8.1935e-010
19082	6.8877e-010
19083	7.6604e-010
19084	6.6455e-010
19085	6.6078e-010
19086	6.8466e-010
19087	6.2641e-010
19088	6.6097e-010
19089	5.894e-010
19090	6.32e-010
19091	5.6476e-010
19092	5.8853e-010
19093	5.4689e-010
19094	5.3135e-010
19095	5.3236e-010
19096	4.6275e-010
19097	5.286e-010
19098	4.058e-010
19099	4.6459e-010
19100	3.8748e-010
19101	3.8706e-010
19102	5.783e-010
19103	4.3707e-010
19104	6.7638e-010
19105	1.2621e-009
19106	1.475e-009
19107	1.6546e-009
19108	2.0218e-009
19109	3.2863e-009
19110	2.1149e-009
19111	7.8691e-011
19112	1.1572e-010
19113	2.7183e-010
19114	3.8977e-010
19115	4.0158e-010
19116	4.1851e-010
19117	4.2821e-010
19118	4.3046e-010
19119	4.5696e-010
19120	4.547e-010
19121	4.6851e-010
19122	4.871e-010
19123	4.8493e-010
19124	5.1321e-010
19125	5.1004e-010
19126	5.3086e-010
19127	5.3964e-010
19128	5.5148e-010
19129	5.6849e-010
19130	5.7536e-010
19131	5.9662e-010
19132	6.0201e-010
19133	6.2386e-010
19134	6.3137e-010
19135	6.5079e-010
19136	6.6378e-010
19137	6.7725e-010
19138	6.9905e-010
19139	7.0484e-010
19140	7.3362e-010
19141	7.3951e-010
19142	7.5959e-010
19143	7.817e-010
19144	7.9175e-010
19145	8.1433e-010
19146	8.3468e-010
19147	8.4834e-010
19148	8.6724e-010
19149	8.9522e-010
19150	9.0686e-010
19151	9.2937e-010
19152	9.5013e-010
19153	9.7733e-010
19154	9.9426e-010
19155	1.0171e-009
19156	1.04e-009
19157	1.064e-009
19158	1.0884e-009
19159	1.1118e-009
19160	1.1404e-009
19161	1.163e-009
19162	1.1903e-009
19163	1.2173e-009
19164	1.2448e-009
19165	1.2727e-009
19166	1.3007e-009
19167	1.3335e-009
19168	1.3618e-009
19169	1.3931e-009
19170	1.4244e-009
19171	1.4537e-009
19172	1.4848e-009
19173	1.5256e-009
19174	1.5678e-009
19175	1.5833e-009
19176	1.5827e-009
19177	1.5719e-009
19178	1.5323e-009
19179	1.4884e-009
19180	1.4591e-009
19181	1.4313e-009
19182	1.4025e-009
19183	1.3726e-009
19184	1.3481e-009
19185	1.3117e-009
19186	1.2856e-009
19187	1.2588e-009
19188	1.2317e-009
19189	1.2052e-009
19190	1.1748e-009
19191	1.1667e-009
19192	1.1264e-009
19193	1.1086e-009
19194	1.0832e-009
19195	1.055e-009
19196	1.0342e-009
19197	1.0057e-009
19198	1.0339e-009
19199	9.6227e-010
19200	9.447e-010
19201	9.1621e-010
19202	9.612e-010
19203	8.804e-010
19204	8.5261e-010
19205	8.7558e-010
19206	8.3978e-010
19207	7.8677e-010
19208	8.3633e-010
19209	7.7692e-010
19210	7.4003e-010
19211	8.2032e-010
19212	6.897e-010
19213	7.6681e-010
19214	6.6535e-010
19215	6.615e-010
19216	6.853e-010
19217	6.271e-010
19218	6.6176e-010
19219	5.9025e-010
19220	6.328e-010
19221	5.6561e-010
19222	5.8936e-010
19223	5.476e-010
19224	5.319e-010
19225	5.3276e-010
19226	4.6295e-010
19227	5.2857e-010
19228	4.0576e-010
19229	4.6458e-010
19230	3.8746e-010
19231	3.8727e-010
19232	5.786e-010
19233	4.3742e-010
19234	6.7668e-010
19235	1.2623e-009
19236	1.4758e-009
19237	1.6553e-009
19238	2.0223e-009
19239	3.2865e-009
19240	2.1149e-009
19241	1.9352e-010
19242	2.2116e-010
19243	3.6236e-010
19244	4.6724e-010
19245	4.7787e-010
19246	4.9816e-010
19247	5.0981e-010
19248	5.112e-010
19249	5.4498e-010
19250	5.4012e-010
19251	5.5707e-010
19252	5.8039e-010
19253	5.7463e-010
19254	6.12e-010
19255	6.0492e-010
19256	6.3234e-010
19257	6.4198e-010
19258	6.5572e-010
19259	6.7705e-010
19260	6.8289e-010
19261	7.1054e-010
19262	7.1433e-010
19263	7.4321e-010
19264	7.4976e-010
19265	7.7443e-010
19266	7.8895e-010
19267	8.0423e-010
19268	8.3293e-010
19269	8.3588e-010
19270	8.7515e-010
19271	8.7794e-010
19272	9.0308e-010
19273	9.3104e-010
19274	9.3945e-010
19275	9.6844e-010
19276	9.9347e-010
19277	1.0076e-009
19278	1.0314e-009
19279	1.0705e-009
19280	1.0824e-009
19281	1.1101e-009
19282	1.1321e-009
19283	1.1633e-009
19284	1.1815e-009
19285	1.2087e-009
19286	1.2357e-009
19287	1.265e-009
19288	1.2941e-009
19289	1.3212e-009
19290	1.3573e-009
19291	1.3821e-009
19292	1.4148e-009
19293	1.4465e-009
19294	1.4796e-009
19295	1.5132e-009
19296	1.5461e-009
19297	1.5864e-009
19298	1.619e-009
19299	1.656e-009
19300	1.6936e-009
19301	1.7264e-009
19302	1.7624e-009
19303	1.8146e-009
19304	1.8703e-009
19305	1.8773e-009
19306	1.8748e-009
19307	1.8756e-009
19308	1.8294e-009
19309	1.7787e-009
19310	1.7457e-009
19311	1.7089e-009
19312	1.6691e-009
19313	1.6313e-009
19314	1.6063e-009
19315	1.5591e-009
19316	1.5296e-009
19317	1.4976e-009
19318	1.4656e-009
19319	1.4341e-009
19320	1.3953e-009
19321	1.3937e-009
19322	1.3395e-009
19323	1.3222e-009
19324	1.2905e-009
19325	1.2552e-009
19326	1.2307e-009
19327	1.1894e-009
19328	1.2445e-009
19329	1.1378e-009
19330	1.124e-009
19331	1.0802e-009
19332	1.16e-009
19333	1.0408e-009
19334	1.0059e-009
19335	1.0513e-009
19336	1.0032e-009
19337	9.2201e-010
19338	1.009e-009
19339	9.2294e-010
19340	8.6592e-010
19341	9.9625e-010
19342	7.9838e-010
19343	9.3022e-010
19344	7.882e-010
19345	7.9401e-010
19346	8.1662e-010
19347	7.3865e-010
19348	7.9793e-010
19349	6.9375e-010
19350	7.6294e-010
19351	6.6708e-010
19352	7.0886e-010
19353	6.5311e-010
19354	6.3732e-010
19355	6.4652e-010
19356	5.5071e-010
19357	6.5182e-010
19358	4.8534e-010
19359	5.8072e-010
19360	4.8519e-010
19361	4.6325e-010
19362	7.2816e-010
19363	5.168e-010
19364	7.8755e-010
19365	1.4261e-009
19366	1.7096e-009
19367	1.8119e-009
19368	2.3531e-009
19369	3.9611e-009
19370	2.7165e-009
19371	7.8691e-011
19372	1.1572e-010
19373	2.7183e-010
19374	3.8977e-010
19375	4.0158e-010
19376	4.1851e-010
19377	4.2821e-010
19378	4.3046e-010
19379	4.5696e-010
19380	4.547e-010
19381	4.6851e-010
19382	4.871e-010
19383	4.8493e-010
19384	5.1321e-010
19385	5.1004e-010
19386	5.3086e-010
19387	5.3964e-010
19388	5.5148e-010
19389	5.6849e-010
19390	5.7536e-010
19391	5.9662e-010
19392	6.0201e-010
19393	6.2386e-010
19394	6.3137e-010
19395	6.5079e-010
19396	6.6378e-010
19397	6.7725e-010
19398	6.9905e-010
19399	7.0484e-010
19400	7.3362e-010
19401	7.3951e-010
19402	7.5959e-010
19403	7.817e-010
19404	7.9171e-010
19405	8.1441e-010
19406	8.3462e-010
19407	8.4831e-010
19408	8.6764e-010
19409	8.9596e-010
19410	9.0711e-010
19411	9.2888e-010
19412	9.5049e-010
19413	9.7726e-010
19414	9.9428e-010
19415	1.0171e-009
19416	1.04e-009
19417	1.0641e-009
19418	1.0884e-009
19419	1.1118e-009
19420	1.1404e-009
19421	1.1629e-009
19422	1.1903e-009
19423	1.2173e-009
19424	1.2448e-009
19425	1.2727e-009
19426	1.3007e-009
19427	1.3335e-009
19428	1.3618e-009
19429	1.3931e-009
19430	1.4244e-009
19431	1.4537e-009
19432	1.4848e-009
19433	1.5256e-009
19434	1.5678e-009
19435	1.5832e-009
19436	1.5827e-009
19437	1.5723e-009
19438	1.5313e-009
19439	1.4893e-009
19440	1.459e-009
19441	1.4313e-009
19442	1.4029e-009
19443	1.3726e-009
19444	1.3481e-009
19445	1.3117e-009
19446	1.2856e-009
19447	1.2588e-009
19448	1.2317e-009
19449	1.205e-009
19450	1.1752e-009
19451	1.166e-009
19452	1.1263e-009
19453	1.1084e-009
19454	1.0824e-009
19455	1.0551e-009
19456	1.0342e-009
19457	1.0058e-009
19458	1.0338e-009
19459	9.623e-010
19460	9.4472e-010
19461	9.1624e-010
19462	9.6115e-010
19463	8.8043e-010
19464	8.5263e-010
19465	8.7558e-010
19466	8.3978e-010
19467	7.8674e-010
19468	8.3635e-010
19469	7.7691e-010
19470	7.4003e-010
19471	8.2032e-010
19472	6.897e-010
19473	7.6681e-010
19474	6.6535e-010
19475	6.615e-010
19476	6.853e-010
19477	6.271e-010
19478	6.6176e-010
19479	5.9025e-010
19480	6.328e-010
19481	5.6561e-010
19482	5.8936e-010
19483	5.4761e-010
19484	5.319e-010
19485	5.3276e-010
19486	4.6295e-010
19487	5.2857e-010
19488	4.0576e-010
19489	4.6458e-010
19490	3.8746e-010
19491	3.8727e-010
19492	5.786e-010
19493	4.3742e-010
19494	6.7668e-010
19495	1.2623e-009
19496	1.4758e-009
19497	1.6553e-009
19498	2.0223e-009
19499	3.2865e-009
19500	2.1149e-009
19501	7.8652e-011
19502	1.1571e-010
19503	2.7185e-010
19504	3.8977e-010
19505	4.0161e-010
19506	4.1852e-010
19507	4.2827e-010
19508	4.3059e-010
19509	4.5714e-010
19510	4.5487e-010
19511	4.6865e-010
19512	4.8713e-010
19513	4.8496e-010
19514	5.1329e-010
19515	5.1012e-010
19516	5.3104e-010
19517	5.3987e-010
19518	5.5166e-010
19519	5.6865e-010
19520	5.7537e-010
19521	5.9662e-010
19522	6.0202e-010
19523	6.2401e-010
19524	6.3158e-010
19525	6.5099e-010
19526	6.6394e-010
19527	6.7741e-010
19528	6.9931e-010
19529	7.0525e-010
19530	7.3396e-010
19531	7.3979e-010
19532	7.5979e-010
19533	7.8186e-010
19534	7.9187e-010
19535	8.1463e-010
19536	8.3492e-010
19537	8.486e-010
19538	8.6794e-010
19539	8.9646e-010
19540	9.0776e-010
19541	9.2979e-010
19542	9.5124e-010
19543	9.7772e-010
19544	9.9442e-010
19545	1.0174e-009
19546	1.0405e-009
19547	1.0645e-009
19548	1.0889e-009
19549	1.1121e-009
19550	1.1408e-009
19551	1.1632e-009
19552	1.1905e-009
19553	1.2173e-009
19554	1.2448e-009
19555	1.2725e-009
19556	1.3005e-009
19557	1.3332e-009
19558	1.3617e-009
19559	1.3926e-009
19560	1.424e-009
19561	1.4532e-009
19562	1.4841e-009
19563	1.5251e-009
19564	1.5671e-009
19565	1.5825e-009
19566	1.5815e-009
19567	1.5706e-009
19568	1.5301e-009
19569	1.4886e-009
19570	1.4586e-009
19571	1.4311e-009
19572	1.4019e-009
19573	1.372e-009
19574	1.3482e-009
19575	1.3118e-009
19576	1.2856e-009
19577	1.2588e-009
19578	1.2318e-009
19579	1.2051e-009
19580	1.176e-009
19581	1.1642e-009
19582	1.1275e-009
19583	1.1087e-009
19584	1.083e-009
19585	1.0558e-009
19586	1.0348e-009
19587	1.0061e-009
19588	1.034e-009
19589	9.6245e-010
19590	9.4482e-010
19591	9.1618e-010
19592	9.6103e-010
19593	8.8005e-010
19594	8.5204e-010
19595	8.7487e-010
19596	8.3898e-010
19597	7.8575e-010
19598	8.3527e-010
19599	7.7568e-010
19600	7.3886e-010
19601	8.1935e-010
19602	6.8877e-010
19603	7.6604e-010
19604	6.6455e-010
19605	6.6078e-010
19606	6.8467e-010
19607	6.2641e-010
19608	6.6097e-010
19609	5.894e-010
19610	6.32e-010
19611	5.6476e-010
19612	5.8853e-010
19613	5.4689e-010
19614	5.3135e-010
19615	5.3236e-010
19616	4.6275e-010
19617	5.286e-010
19618	4.058e-010
19619	4.6459e-010
19620	3.8748e-010
19621	3.8706e-010
19622	5.783e-010
19623	4.3707e-010
19624	6.7638e-010
19625	1.2621e-009
19626	1.475e-009
19627	1.6546e-009
19628	2.0218e-009
19629	3.2863e-009
19630	2.1149e-009
19631	1.9371e-010
19632	2.2127e-010
19633	3.624e-010
19634	4.6734e-010
19635	4.7811e-010
19636	4.9853e-010
19637	5.1024e-010
19638	5.1152e-010
19639	5.4525e-010
19640	5.4045e-010
19641	5.575e-010
19642	5.8086e-010
19643	5.7505e-010
19644	6.1234e-010
19645	6.0516e-010
19646	6.3253e-010
19647	6.421e-010
19648	6.5591e-010
19649	6.7734e-010
19650	6.8339e-010
19651	7.111e-010
19652	7.1481e-010
19653	7.4359e-010
19654	7.5024e-010
19655	7.7503e-010
19656	7.8958e-010
19657	8.0483e-010
19658	8.3346e-010
19659	8.3629e-010
19660	8.7545e-010
19661	8.7824e-010
19662	9.0342e-010
19663	9.3148e-010
19664	9.4006e-010
19665	9.69e-010
19666	9.9413e-010
19667	1.0082e-009
19668	1.0311e-009
19669	1.0686e-009
19670	1.0784e-009
19671	1.107e-009
19672	1.1313e-009
19673	1.1655e-009
19674	1.1863e-009
19675	1.213e-009
19676	1.2377e-009
19677	1.266e-009
19678	1.2951e-009
19679	1.3219e-009
19680	1.3577e-009
19681	1.3825e-009
19682	1.4158e-009
19683	1.4478e-009
19684	1.4804e-009
19685	1.5135e-009
19686	1.5459e-009
19687	1.586e-009
19688	1.6188e-009
19689	1.6559e-009
19690	1.6936e-009
19691	1.7264e-009
19692	1.7621e-009
19693	1.8148e-009
19694	1.8702e-009
19695	1.8774e-009
19696	1.8791e-009
19697	1.8859e-009
19698	1.8343e-009
19699	1.7801e-009
19700	1.7444e-009
19701	1.7141e-009
19702	1.6784e-009
19703	1.6361e-009
19704	1.6068e-009
19705	1.5588e-009
19706	1.5297e-009
19707	1.4978e-009
19708	1.4659e-009
19709	1.4343e-009
19710	1.3966e-009
19711	1.3906e-009
19712	1.341e-009
19713	1.3227e-009
19714	1.291e-009
19715	1.2557e-009
19716	1.2305e-009
19717	1.1931e-009
19718	1.2446e-009
19719	1.1405e-009
19720	1.1232e-009
19721	1.0801e-009
19722	1.1595e-009
19723	1.0403e-009
19724	1.0054e-009
19725	1.0508e-009
19726	1.0027e-009
19727	9.2149e-010
19728	1.0082e-009
19729	9.2209e-010
19730	8.6506e-010
19731	9.9524e-010
19732	7.973e-010
19733	9.2875e-010
19734	7.8687e-010
19735	7.9258e-010
19736	8.1523e-010
19737	7.3739e-010
19738	7.9667e-010
19739	6.9278e-010
19740	7.6197e-010
19741	6.6629e-010
19742	7.0804e-010
19743	6.5233e-010
19744	6.3648e-010
19745	6.4565e-010
19746	5.5e-010
19747	6.5152e-010
19748	4.8488e-010
19749	5.8027e-010
19750	4.8493e-010
19751	4.6282e-010
19752	7.2764e-010
19753	5.1665e-010
19754	7.8766e-010
19755	1.4262e-009
19756	1.709e-009
19757	1.812e-009
19758	2.3529e-009
19759	3.9603e-009
19760	2.7167e-009
19761	7.8609e-011
19762	1.1564e-010
19763	2.7181e-010
19764	3.8978e-010
19765	4.0157e-010
19766	4.1846e-010
19767	4.2822e-010
19768	4.3052e-010
19769	4.5711e-010
19770	4.5485e-010
19771	4.6857e-010
19772	4.8711e-010
19773	4.8495e-010
19774	5.1328e-010
19775	5.1023e-010
19776	5.3115e-010
19777	5.4003e-010
19778	5.5191e-010
19779	5.6891e-010
19780	5.7563e-010
19781	5.9684e-010
19782	6.022e-010
19783	6.2408e-010
19784	6.3162e-010
19785	6.5109e-010
19786	6.6411e-010
19787	6.7766e-010
19788	6.9954e-010
19789	7.054e-010
19790	7.3416e-010
19791	7.4018e-010
19792	7.6012e-010
19793	7.8195e-010
19794	7.9193e-010
19795	8.1477e-010
19796	8.3521e-010
19797	8.4892e-010
19798	8.6828e-010
19799	8.9688e-010
19800	9.0786e-010
19801	9.3032e-010
19802	9.5007e-010
19803	9.7757e-010
19804	9.9464e-010
19805	1.0171e-009
19806	1.0411e-009
19807	1.0649e-009
19808	1.0891e-009
19809	1.1126e-009
19810	1.1413e-009
19811	1.1636e-009
19812	1.1908e-009
19813	1.2178e-009
19814	1.2449e-009
19815	1.2729e-009
19816	1.3005e-009
19817	1.3329e-009
19818	1.3614e-009
19819	1.3923e-009
19820	1.4234e-009
19821	1.4525e-009
19822	1.4835e-009
19823	1.5247e-009
19824	1.5667e-009
19825	1.5822e-009
19826	1.5801e-009
19827	1.5703e-009
19828	1.5309e-009
19829	1.4883e-009
19830	1.4573e-009
19831	1.4309e-009
19832	1.4013e-009
19833	1.371e-009
19834	1.348e-009
19835	1.3115e-009
19836	1.2853e-009
19837	1.2583e-009
19838	1.2317e-009
19839	1.205e-009
19840	1.1768e-009
19841	1.1649e-009
19842	1.1284e-009
19843	1.1087e-009
19844	1.0839e-009
19845	1.0558e-009
19846	1.0343e-009
19847	1.0078e-009
19848	1.0292e-009
19849	9.6466e-010
19850	9.4455e-010
19851	9.1663e-010
19852	9.6136e-010
19853	8.8043e-010
19854	8.5244e-010
19855	8.7519e-010
19856	8.3918e-010
19857	7.8596e-010
19858	8.354e-010
19859	7.7568e-010
19860	7.3872e-010
19861	8.1912e-010
19862	6.8843e-010
19863	7.6555e-010
19864	6.6404e-010
19865	6.6013e-010
19866	6.8399e-010
19867	6.2571e-010
19868	6.6024e-010
19869	5.8864e-010
19870	6.3126e-010
19871	5.6402e-010
19872	5.8787e-010
19873	5.4631e-010
19874	5.3093e-010
19875	5.3198e-010
19876	4.6248e-010
19877	5.2834e-010
19878	4.0586e-010
19879	4.645e-010
19880	3.8771e-010
19881	3.875e-010
19882	5.7855e-010
19883	4.3731e-010
19884	6.7608e-010
19885	1.2616e-009
19886	1.4748e-009
19887	1.6544e-009
19888	2.0218e-009
19889	3.2861e-009
19890	2.1144e-009
19891	7.8609e-011
19892	1.1564e-010
19893	2.7181e-010
19894	3.8978e-010
19895	4.0157e-010
19896	4.1846e-010
19897	4.2822e-010
19898	4.3052e-010
19899	4.5711e-010
19900	4.5485e-010
19901	4.6857e-010
19902	4.8711e-010
19903	4.8495e-010
19904	5.1328e-010
19905	5.1024e-010
19906	5.3115e-010
19907	5.4003e-010
19908	5.5191e-010
19909	5.6891e-010
19910	5.7563e-010
19911	5.9684e-010
19912	6.022e-010
19913	6.2408e-010
19914	6.3162e-010
19915	6.5109e-010
19916	6.6411e-010
19917	6.7766e-010
19918	6.9954e-010
19919	7.054e-010
19920	7.3416e-010
19921	7.4018e-010
19922	7.6012e-010
19923	7.8195e-010
19924	7.9193e-010
19925	8.1477e-010
19926	8.3521e-010
19927	8.4891e-010
19928	8.6826e-010
19929	8.969e-010
19930	9.0785e-010
19931	9.3036e-010
19932	9.5016e-010
19933	9.7737e-010
19934	9.9445e-010
19935	1.017e-009
19936	1.0406e-009
19937	1.0647e-009
19938	1.0892e-009
19939	1.1125e-009
19940	1.1413e-009
19941	1.1635e-009
19942	1.1908e-009
19943	1.2178e-009
19944	1.2449e-009
19945	1.2729e-009
19946	1.3005e-009
19947	1.3329e-009
19948	1.3614e-009
19949	1.3923e-009
19950	1.4234e-009
19951	1.4525e-009
19952	1.4836e-009
19953	1.5247e-009
19954	1.5667e-009
19955	1.5822e-009
19956	1.58e-009
19957	1.5703e-009
19958	1.531e-009
19959	1.4883e-009
19960	1.4574e-009
19961	1.4315e-009
19962	1.4019e-009
19963	1.3713e-009
19964	1.348e-009
19965	1.3115e-009
19966	1.2853e-009
19967	1.2584e-009
19968	1.2317e-009
19969	1.205e-009
19970	1.1767e-009
19971	1.1649e-009
19972	1.1284e-009
19973	1.1087e-009
19974	1.0839e-009
19975	1.0556e-009
19976	1.0344e-009
19977	1.0083e-009
19978	1.0244e-009
19979	9.6515e-010
19980	9.4466e-010
19981	9.1649e-010
19982	9.6144e-010
19983	8.8043e-010
19984	8.5245e-010
19985	8.7518e-010
19986	8.3918e-010
19987	7.8596e-010
19988	8.354e-010
19989	7.7567e-010
19990	7.3872e-010
19991	8.1912e-010
19992	6.8843e-010
19993	7.6555e-010
19994	6.6404e-010
19995	6.6013e-010
19996	6.8399e-010
19997	6.2571e-010
19998	6.6024e-010
19999	5.8864e-010
20000	6.3126e-010
20001	5.6402e-010
20002	5.8787e-010
20003	5.4631e-010
20004	5.3093e-010
20005	5.3198e-010
20006	4.6248e-010
20007	5.2834e-010
20008	4.0586e-010
20009	4.645e-010
20010	3.8771e-010
20011	3.875e-010
20012	5.7855e-010
20013	4.3731e-010
20014	6.7608e-010
20015	1.2616e-009
20016	1.4748e-009
20017	1.6544e-009
20018	2.0218e-009
20019	3.2861e-009
20020	2.1144e-009
20021	1.9371e-010
20022	2.2127e-010
20023	3.624e-010
20024	4.6734e-010
20025	4.7811e-010
20026	4.9853e-010
20027	5.1024e-010
20028	5.1152e-010
20029	5.4525e-010
20030	5.4045e-010
20031	5.575e-010
20032	5.8086e-010
20033	5.7505e-010
20034	6.1235e-010
20035	6.0516e-010
20036	6.3252e-010
20037	6.421e-010
20038	6.5591e-010
20039	6.7734e-010
20040	6.8339e-010
20041	7.111e-010
20042	7.1481e-010
20043	7.4359e-010
20044	7.5024e-010
20045	7.7503e-010
20046	7.8958e-010
20047	8.0483e-010
20048	8.3346e-010
20049	8.3629e-010
20050	8.7544e-010
20051	8.7824e-010
20052	9.0342e-010
20053	9.3148e-010
20054	9.4006e-010
20055	9.6898e-010
20056	9.9411e-010
20057	1.0082e-009
20058	1.031e-009
20059	1.0689e-009
20060	1.0776e-009
20061	1.1062e-009
20062	1.1305e-009
20063	1.1682e-009
20064	1.1886e-009
20065	1.2156e-009
20066	1.2426e-009
20067	1.2686e-009
20068	1.2951e-009
20069	1.3219e-009
20070	1.3577e-009
20071	1.3824e-009
20072	1.4158e-009
20073	1.4478e-009
20074	1.4804e-009
20075	1.5135e-009
20076	1.5459e-009
20077	1.586e-009
20078	1.6188e-009
20079	1.6559e-009
20080	1.6935e-009
20081	1.7264e-009
20082	1.7621e-009
20083	1.8148e-009
20084	1.87e-009
20085	1.8779e-009
20086	1.8802e-009
20087	1.8882e-009
20088	1.8354e-009
20089	1.7804e-009
20090	1.7391e-009
20091	1.707e-009
20092	1.6709e-009
20093	1.6329e-009
20094	1.6068e-009
20095	1.5589e-009
20096	1.5297e-009
20097	1.4979e-009
20098	1.4659e-009
20099	1.4344e-009
20100	1.3962e-009
20101	1.3896e-009
20102	1.339e-009
20103	1.3206e-009
20104	1.2904e-009
20105	1.255e-009
20106	1.2308e-009
20107	1.1954e-009
20108	1.2394e-009
20109	1.1403e-009
20110	1.1234e-009
20111	1.0798e-009
20112	1.1597e-009
20113	1.0403e-009
20114	1.0054e-009
20115	1.0508e-009
20116	1.0027e-009
20117	9.2148e-010
20118	1.0082e-009
20119	9.2209e-010
20120	8.6506e-010
20121	9.9524e-010
20122	7.9731e-010
20123	9.2875e-010
20124	7.8687e-010
20125	7.9258e-010
20126	8.1523e-010
20127	7.3739e-010
20128	7.9667e-010
20129	6.9278e-010
20130	7.6197e-010
20131	6.6629e-010
20132	7.0804e-010
20133	6.5233e-010
20134	6.3648e-010
20135	6.4565e-010
20136	5.5e-010
20137	6.5152e-010
20138	4.8488e-010
20139	5.8027e-010
20140	4.8493e-010
20141	4.6282e-010
20142	7.2764e-010
20143	5.1665e-010
20144	7.8766e-010
20145	1.4262e-009
20146	1.709e-009
20147	1.812e-009
20148	2.3529e-009
20149	3.9603e-009
20150	2.7167e-009
20151	7.8652e-011
20152	1.1571e-010
20153	2.7185e-010
20154	3.8977e-010
20155	4.0161e-010
20156	4.1852e-010
20157	4.2827e-010
20158	4.3059e-010
20159	4.5714e-010
20160	4.5487e-010
20161	4.6865e-010
20162	4.8713e-010
20163	4.8496e-010
20164	5.1329e-010
20165	5.1012e-010
20166	5.3104e-010
20167	5.3987e-010
20168	5.5166e-010
20169	5.6865e-010
20170	5.7537e-010
20171	5.9662e-010
20172	6.0202e-010
20173	6.2399e-010
20174	6.3158e-010
20175	6.5099e-010
20176	6.6394e-010
20177	6.7741e-010
20178	6.9931e-010
20179	7.0526e-010
20180	7.3396e-010
20181	7.3979e-010
20182	7.5979e-010
20183	7.8186e-010
20184	7.9187e-010
20185	8.1462e-010
20186	8.3491e-010
20187	8.4858e-010
20188	8.6793e-010
20189	8.9646e-010
20190	9.0722e-010
20191	9.3e-010
20192	9.5088e-010
20193	9.7763e-010
20194	9.9437e-010
20195	1.0173e-009
20196	1.0402e-009
20197	1.0645e-009
20198	1.089e-009
20199	1.112e-009
20200	1.1408e-009
20201	1.1633e-009
20202	1.1905e-009
20203	1.2173e-009
20204	1.2448e-009
20205	1.2725e-009
20206	1.3005e-009
20207	1.3332e-009
20208	1.3617e-009
20209	1.3926e-009
20210	1.424e-009
20211	1.4532e-009
20212	1.4841e-009
20213	1.5251e-009
20214	1.5673e-009
20215	1.5831e-009
20216	1.5805e-009
20217	1.5703e-009
20218	1.531e-009
20219	1.4882e-009
20220	1.4577e-009
20221	1.4325e-009
20222	1.402e-009
20223	1.3719e-009
20224	1.3482e-009
20225	1.3118e-009
20226	1.2857e-009
20227	1.2587e-009
20228	1.2318e-009
20229	1.205e-009
20230	1.1763e-009
20231	1.1646e-009
20232	1.1281e-009
20233	1.1087e-009
20234	1.0839e-009
20235	1.0557e-009
20236	1.0345e-009
20237	1.0083e-009
20238	1.0289e-009
20239	9.6458e-010
20240	9.4438e-010
20241	9.1626e-010
20242	9.6108e-010
20243	8.8005e-010
20244	8.5208e-010
20245	8.7489e-010
20246	8.3895e-010
20247	7.8574e-010
20248	8.3527e-010
20249	7.7568e-010
20250	7.3886e-010
20251	8.1935e-010
20252	6.8877e-010
20253	7.6604e-010
20254	6.6455e-010
20255	6.6078e-010
20256	6.8466e-010
20257	6.2641e-010
20258	6.6097e-010
20259	5.894e-010
20260	6.32e-010
20261	5.6476e-010
20262	5.8853e-010
20263	5.469e-010
20264	5.3134e-010
20265	5.3236e-010
20266	4.6276e-010
20267	5.286e-010
20268	4.058e-010
20269	4.6459e-010
20270	3.8748e-010
20271	3.8706e-010
20272	5.783e-010
20273	4.3707e-010
20274	6.7638e-010
20275	1.2621e-009
20276	1.475e-009
20277	1.6546e-009
20278	2.0218e-009
20279	3.2863e-009
20280	2.1149e-009
20281	7.8691e-011
20282	1.1572e-010
20283	2.7183e-010
20284	3.8977e-010
20285	4.0159e-010
20286	4.1851e-010
20287	4.2822e-010
20288	4.3046e-010
20289	4.5696e-010
20290	4.547e-010
20291	4.6851e-010
20292	4.871e-010
20293	4.8493e-010
20294	5.1321e-010
20295	5.1004e-010
20296	5.3086e-010
20297	5.3964e-010
20298	5.5148e-010
20299	5.6849e-010
20300	5.7536e-010
20301	5.9662e-010
20302	6.0201e-010
20303	6.2386e-010
20304	6.3138e-010
20305	6.5079e-010
20306	6.6378e-010
20307	6.7726e-010
20308	6.9905e-010
20309	7.0484e-010
20310	7.3362e-010
20311	7.3951e-010
20312	7.596e-010
20313	7.8171e-010
20314	7.917e-010
20315	8.144e-010
20316	8.3469e-010
20317	8.4827e-010
20318	8.6755e-010
20319	8.9616e-010
20320	9.0691e-010
20321	9.2959e-010
20322	9.502e-010
20323	9.7737e-010
20324	9.9441e-010
20325	1.0172e-009
20326	1.0402e-009
20327	1.0641e-009
20328	1.0884e-009
20329	1.1118e-009
20330	1.1404e-009
20331	1.163e-009
20332	1.1903e-009
20333	1.2173e-009
20334	1.2448e-009
20335	1.2727e-009
20336	1.3007e-009
20337	1.3335e-009
20338	1.3618e-009
20339	1.3931e-009
20340	1.4244e-009
20341	1.4536e-009
20342	1.4848e-009
20343	1.5258e-009
20344	1.5677e-009
20345	1.5831e-009
20346	1.5814e-009
20347	1.5712e-009
20348	1.5322e-009
20349	1.4896e-009
20350	1.4582e-009
20351	1.4325e-009
20352	1.4024e-009
20353	1.3725e-009
20354	1.3481e-009
20355	1.3117e-009
20356	1.2856e-009
20357	1.2587e-009
20358	1.2318e-009
20359	1.2047e-009
20360	1.1765e-009
20361	1.1641e-009
20362	1.1281e-009
20363	1.1082e-009
20364	1.0832e-009
20365	1.055e-009
20366	1.0338e-009
20367	1.0081e-009
20368	1.0297e-009
20369	9.6435e-010
20370	9.4424e-010
20371	9.164e-010
20372	9.6128e-010
20373	8.8049e-010
20374	8.5264e-010
20375	8.7552e-010
20376	8.3979e-010
20377	7.8675e-010
20378	8.3635e-010
20379	7.7691e-010
20380	7.4003e-010
20381	8.2032e-010
20382	6.897e-010
20383	7.6681e-010
20384	6.6535e-010
20385	6.615e-010
20386	6.853e-010
20387	6.271e-010
20388	6.6176e-010
20389	5.9025e-010
20390	6.328e-010
20391	5.6561e-010
20392	5.8936e-010
20393	5.4761e-010
20394	5.3191e-010
20395	5.3276e-010
20396	4.6295e-010
20397	5.2856e-010
20398	4.0576e-010
20399	4.6458e-010
20400	3.8746e-010
20401	3.8727e-010
20402	5.786e-010
20403	4.3742e-010
20404	6.7665e-010
20405	1.2623e-009
20406	1.4758e-009
20407	1.6553e-009
20408	2.0223e-009
20409	3.2865e-009
20410	2.1149e-009
20411	1.9352e-010
20412	2.2116e-010
20413	3.6236e-010
20414	4.6724e-010
20415	4.7787e-010
20416	4.9816e-010
20417	5.0981e-010
20418	5.112e-010
20419	5.4498e-010
20420	5.4012e-010
20421	5.5707e-010
20422	5.8039e-010
20423	5.7463e-010
20424	6.12e-010
20425	6.0491e-010
20426	6.3234e-010
20427	6.4198e-010
20428	6.5572e-010
20429	6.7705e-010
20430	6.8289e-010
20431	7.1054e-010
20432	7.1433e-010
20433	7.4321e-010
20434	7.4974e-010
20435	7.7443e-010
20436	7.8896e-010
20437	8.0423e-010
20438	8.3293e-010
20439	8.3588e-010
20440	8.7515e-010
20441	8.7794e-010
20442	9.0308e-010
20443	9.3105e-010
20444	9.3946e-010
20445	9.6843e-010
20446	9.9354e-010
20447	1.0075e-009
20448	1.0304e-009
20449	1.0679e-009
20450	1.077e-009
20451	1.1049e-009
20452	1.1288e-009
20453	1.1636e-009
20454	1.1814e-009
20455	1.2087e-009
20456	1.2356e-009
20457	1.265e-009
20458	1.2941e-009
20459	1.3212e-009
20460	1.3573e-009
20461	1.3821e-009
20462	1.4148e-009
20463	1.4465e-009
20464	1.4796e-009
20465	1.5132e-009
20466	1.5461e-009
20467	1.5864e-009
20468	1.619e-009
20469	1.656e-009
20470	1.6936e-009
20471	1.7264e-009
20472	1.7622e-009
20473	1.8154e-009
20474	1.8749e-009
20475	1.8879e-009
20476	1.8849e-009
20477	1.8851e-009
20478	1.83e-009
20479	1.7712e-009
20480	1.7336e-009
20481	1.7046e-009
20482	1.6678e-009
20483	1.6318e-009
20484	1.6063e-009
20485	1.5591e-009
20486	1.5296e-009
20487	1.4976e-009
20488	1.4655e-009
20489	1.4339e-009
20490	1.3963e-009
20491	1.3889e-009
20492	1.3388e-009
20493	1.3199e-009
20494	1.2898e-009
20495	1.2546e-009
20496	1.2304e-009
20497	1.1913e-009
20498	1.2336e-009
20499	1.1393e-009
20500	1.1242e-009
20501	1.078e-009
20502	1.1619e-009
20503	1.0394e-009
20504	1.0068e-009
20505	1.051e-009
20506	1.0033e-009
20507	9.2198e-010
20508	1.009e-009
20509	9.2294e-010
20510	8.6592e-010
20511	9.9624e-010
20512	7.9838e-010
20513	9.3022e-010
20514	7.882e-010
20515	7.9401e-010
20516	8.1662e-010
20517	7.3865e-010
20518	7.9793e-010
20519	6.9375e-010
20520	7.6294e-010
20521	6.6708e-010
20522	7.0886e-010
20523	6.5311e-010
20524	6.3732e-010
20525	6.4652e-010
20526	5.5071e-010
20527	6.5182e-010
20528	4.8534e-010
20529	5.8072e-010
20530	4.8519e-010
20531	4.6325e-010
20532	7.2816e-010
20533	5.1679e-010
20534	7.8755e-010
20535	1.4261e-009
20536	1.7096e-009
20537	1.8119e-009
20538	2.3531e-009
20539	3.9611e-009
20540	2.7165e-009
20541	7.8691e-011
20542	1.1572e-010
20543	2.7183e-010
20544	3.8977e-010
20545	4.0158e-010
20546	4.1851e-010
20547	4.2821e-010
20548	4.3046e-010
20549	4.5696e-010
20550	4.547e-010
20551	4.6851e-010
20552	4.871e-010
20553	4.8493e-010
20554	5.1321e-010
20555	5.1004e-010
20556	5.3086e-010
20557	5.3964e-010
20558	5.5148e-010
20559	5.6849e-010
20560	5.7536e-010
20561	5.9662e-010
20562	6.0201e-010
20563	6.2386e-010
20564	6.3137e-010
20565	6.5079e-010
20566	6.6378e-010
20567	6.7726e-010
20568	6.9905e-010
20569	7.0484e-010
20570	7.3362e-010
20571	7.3951e-010
20572	7.5959e-010
20573	7.817e-010
20574	7.917e-010
20575	8.1439e-010
20576	8.3464e-010
20577	8.4824e-010
20578	8.678e-010
20579	8.9585e-010
20580	9.0708e-010
20581	9.2953e-010
20582	9.5017e-010
20583	9.7726e-010
20584	9.9414e-010
20585	1.0171e-009
20586	1.04e-009
20587	1.0641e-009
20588	1.0883e-009
20589	1.1118e-009
20590	1.1404e-009
20591	1.163e-009
20592	1.1903e-009
20593	1.2173e-009
20594	1.2448e-009
20595	1.2727e-009
20596	1.3007e-009
20597	1.3335e-009
20598	1.3618e-009
20599	1.3931e-009
20600	1.4244e-009
20601	1.4536e-009
20602	1.4849e-009
20603	1.526e-009
20604	1.5663e-009
20605	1.5826e-009
20606	1.5831e-009
20607	1.571e-009
20608	1.5321e-009
20609	1.4899e-009
20610	1.4592e-009
20611	1.4323e-009
20612	1.4023e-009
20613	1.3725e-009
20614	1.3481e-009
20615	1.3117e-009
20616	1.2856e-009
20617	1.2587e-009
20618	1.2318e-009
20619	1.2046e-009
20620	1.1769e-009
20621	1.1638e-009
20622	1.1284e-009
20623	1.1081e-009
20624	1.0832e-009
20625	1.0549e-009
20626	1.0333e-009
20627	1.0092e-009
20628	1.026e-009
20629	9.655e-010
20630	9.4418e-010
20631	9.1605e-010
20632	9.6625e-010
20633	8.7973e-010
20634	8.5288e-010
20635	8.7564e-010
20636	8.3976e-010
20637	7.8676e-010
20638	8.3632e-010
20639	7.7692e-010
20640	7.4003e-010
20641	8.2032e-010
20642	6.897e-010
20643	7.6681e-010
20644	6.6535e-010
20645	6.615e-010
20646	6.853e-010
20647	6.271e-010
20648	6.6176e-010
20649	5.9025e-010
20650	6.328e-010
20651	5.6561e-010
20652	5.8936e-010
20653	5.4761e-010
20654	5.3191e-010
20655	5.3276e-010
20656	4.6295e-010
20657	5.2856e-010
20658	4.0576e-010
20659	4.6458e-010
20660	3.8746e-010
20661	3.8727e-010
20662	5.786e-010
20663	4.3742e-010
20664	6.7665e-010
20665	1.2623e-009
20666	1.4758e-009
20667	1.6553e-009
20668	2.0223e-009
20669	3.2865e-009
20670	2.1149e-009
20671	7.8652e-011
20672	1.1571e-010
20673	2.7185e-010
20674	3.8977e-010
20675	4.0161e-010
20676	4.1852e-010
20677	4.2827e-010
20678	4.3059e-010
20679	4.5714e-010
20680	4.5487e-010
20681	4.6865e-010
20682	4.8713e-010
20683	4.8496e-010
20684	5.1329e-010
20685	5.1012e-010
20686	5.3104e-010
20687	5.3987e-010
20688	5.5166e-010
20689	5.6865e-010
20690	5.7537e-010
20691	5.9662e-010
20692	6.0202e-010
20693	6.2401e-010
20694	6.3158e-010
20695	6.5098e-010
20696	6.6394e-010
20697	6.7741e-010
20698	6.9931e-010
20699	7.0525e-010
20700	7.3395e-010
20701	7.3979e-010
20702	7.5981e-010
20703	7.8185e-010
20704	7.9187e-010
20705	8.1462e-010
20706	8.3491e-010
20707	8.4858e-010
20708	8.6831e-010
20709	8.955e-010
20710	9.0763e-010
20711	9.3e-010
20712	9.508e-010
20713	9.7764e-010
20714	9.9457e-010
20715	1.0175e-009
20716	1.0404e-009
20717	1.0647e-009
20718	1.0889e-009
20719	1.1121e-009
20720	1.1408e-009
20721	1.1633e-009
20722	1.1905e-009
20723	1.2173e-009
20724	1.2448e-009
20725	1.2725e-009
20726	1.3005e-009
20727	1.3332e-009
20728	1.3617e-009
20729	1.3926e-009
20730	1.424e-009
20731	1.4532e-009
20732	1.484e-009
20733	1.5253e-009
20734	1.5658e-009
20735	1.5823e-009
20736	1.5825e-009
20737	1.5707e-009
20738	1.5315e-009
20739	1.4889e-009
20740	1.4589e-009
20741	1.4323e-009
20742	1.4021e-009
20743	1.3721e-009
20744	1.3481e-009
20745	1.3118e-009
20746	1.2857e-009
20747	1.2587e-009
20748	1.2318e-009
20749	1.2048e-009
20750	1.177e-009
20751	1.164e-009
20752	1.1287e-009
20753	1.1085e-009
20754	1.0839e-009
20755	1.0558e-009
20756	1.0345e-009
20757	1.0074e-009
20758	1.0343e-009
20759	9.6366e-010
20760	9.4503e-010
20761	9.155e-010
20762	9.6836e-010
20763	8.785e-010
20764	8.5267e-010
20765	8.7492e-010
20766	8.3898e-010
20767	7.8575e-010
20768	8.3527e-010
20769	7.7569e-010
20770	7.3877e-010
20771	8.1935e-010
20772	6.8877e-010
20773	7.6604e-010
20774	6.6455e-010
20775	6.6078e-010
20776	6.8467e-010
20777	6.2641e-010
20778	6.6097e-010
20779	5.894e-010
20780	6.32e-010
20781	5.6476e-010
20782	5.8853e-010
20783	5.469e-010
20784	5.3134e-010
20785	5.3236e-010
20786	4.6275e-010
20787	5.286e-010
20788	4.058e-010
20789	4.6459e-010
20790	3.8748e-010
20791	3.8706e-010
20792	5.783e-010
20793	4.3707e-010
20794	6.7638e-010
20795	1.2621e-009
20796	1.475e-009
20797	1.6546e-009
20798	2.0218e-009
20799	3.2863e-009
20800	2.1149e-009
20801	1.937e-010
20802	2.2127e-010
20803	3.624e-010
20804	4.6734e-010
20805	4.7811e-010
20806	4.9853e-010
20807	5.1024e-010
20808	5.1152e-010
20809	5.4525e-010
20810	5.4045e-010
20811	5.575e-010
20812	5.8087e-010
20813	5.7505e-010
20814	6.1234e-010
20815	6.0516e-010
20816	6.3253e-010
20817	6.421e-010
20818	6.5591e-010
20819	6.7734e-010
20820	6.8339e-010
20821	7.111e-010
20822	7.1481e-010
20823	7.4359e-010
20824	7.5024e-010
20825	7.7502e-010
20826	7.8958e-010
20827	8.0483e-010
20828	8.3346e-010
20829	8.3629e-010
20830	8.7544e-010
20831	8.7825e-010
20832	9.0342e-010
20833	9.3149e-010
20834	9.4006e-010
20835	9.6898e-010
20836	9.9414e-010
20837	1.008e-009
20838	1.0318e-009
20839	1.0675e-009
20840	1.0786e-009
20841	1.1058e-009
20842	1.1298e-009
20843	1.1641e-009
20844	1.1821e-009
20845	1.21e-009
20846	1.2373e-009
20847	1.2662e-009
20848	1.2951e-009
20849	1.3219e-009
20850	1.3577e-009
20851	1.3824e-009
20852	1.4158e-009
20853	1.4478e-009
20854	1.4804e-009
20855	1.5135e-009
20856	1.5459e-009
20857	1.586e-009
20858	1.6188e-009
20859	1.6559e-009
20860	1.6935e-009
20861	1.7266e-009
20862	1.7614e-009
20863	1.817e-009
20864	1.8724e-009
20865	1.8809e-009
20866	1.8746e-009
20867	1.8759e-009
20868	1.826e-009
20869	1.7699e-009
20870	1.7339e-009
20871	1.7038e-009
20872	1.6686e-009
20873	1.6321e-009
20874	1.6062e-009
20875	1.559e-009
20876	1.5297e-009
20877	1.4979e-009
20878	1.4659e-009
20879	1.4343e-009
20880	1.3965e-009
20881	1.3892e-009
20882	1.3393e-009
20883	1.3205e-009
20884	1.2904e-009
20885	1.2553e-009
20886	1.2309e-009
20887	1.1899e-009
20888	1.2437e-009
20889	1.1379e-009
20890	1.1258e-009
20891	1.0744e-009
20892	1.1706e-009
20893	1.0382e-009
20894	1.0079e-009
20895	1.0504e-009
20896	1.0029e-009
20897	9.2146e-010
20898	1.0083e-009
20899	9.2209e-010
20900	8.6506e-010
20901	9.9524e-010
20902	7.9731e-010
20903	9.2875e-010
20904	7.8687e-010
20905	7.9258e-010
20906	8.1524e-010
20907	7.3739e-010
20908	7.9667e-010
20909	6.9278e-010
20910	7.6198e-010
20911	6.6628e-010
20912	7.0804e-010
20913	6.5233e-010
20914	6.3648e-010
20915	6.4564e-010
20916	5.5e-010
20917	6.5151e-010
20918	4.8488e-010
20919	5.8027e-010
20920	4.8493e-010
20921	4.6282e-010
20922	7.2764e-010
20923	5.1665e-010
20924	7.8766e-010
20925	1.4262e-009
20926	1.709e-009
20927	1.812e-009
20928	2.3529e-009
20929	3.9603e-009
20930	2.7167e-009
20931	7.8607e-011
20932	1.1564e-010
20933	2.7181e-010
20934	3.8978e-010
20935	4.0157e-010
20936	4.1846e-010
20937	4.2822e-010
20938	4.3052e-010
20939	4.5711e-010
20940	4.5485e-010
20941	4.6857e-010
20942	4.8711e-010
20943	4.8495e-010
20944	5.1332e-010
20945	5.1022e-010
20946	5.3115e-010
20947	5.4003e-010
20948	5.5191e-010
20949	5.6891e-010
20950	5.7562e-010
20951	5.9686e-010
20952	6.022e-010
20953	6.2408e-010
20954	6.3162e-010
20955	6.5109e-010
20956	6.6411e-010
20957	6.7766e-010
20958	6.9954e-010
20959	7.054e-010
20960	7.3416e-010
20961	7.4017e-010
20962	7.6011e-010
20963	7.8195e-010
20964	7.9194e-010
20965	8.1475e-010
20966	8.3522e-010
20967	8.4884e-010
20968	8.6879e-010
20969	8.9596e-010
20970	9.0838e-010
20971	9.3018e-010
20972	9.5079e-010
20973	9.7759e-010
20974	9.9479e-010
20975	1.0178e-009
20976	1.0407e-009
20977	1.0648e-009
20978	1.0891e-009
20979	1.1126e-009
20980	1.1413e-009
20981	1.1635e-009
20982	1.1908e-009
20983	1.2178e-009
20984	1.2449e-009
20985	1.2729e-009
20986	1.3005e-009
20987	1.3329e-009
20988	1.3614e-009
20989	1.3923e-009
20990	1.4235e-009
20991	1.4525e-009
20992	1.4834e-009
20993	1.5258e-009
20994	1.5661e-009
20995	1.5826e-009
20996	1.5811e-009
20997	1.5712e-009
20998	1.5308e-009
20999	1.488e-009
21000	1.4586e-009
21001	1.4314e-009
21002	1.4018e-009
21003	1.3722e-009
21004	1.3478e-009
21005	1.3114e-009
21006	1.2854e-009
21007	1.2584e-009
21008	1.2317e-009
21009	1.2048e-009
21010	1.1772e-009
21011	1.1645e-009
21012	1.129e-009
21013	1.1085e-009
21014	1.084e-009
21015	1.0558e-009
21016	1.0349e-009
21017	1.0064e-009
21018	1.0342e-009
21019	9.6279e-010
21020	9.4577e-010
21021	9.1592e-010
21022	9.6872e-010
21023	8.7907e-010
21024	8.5325e-010
21025	8.7525e-010
21026	8.3925e-010
21027	7.86e-010
21028	8.354e-010
21029	7.7569e-010
21030	7.3873e-010
21031	8.1913e-010
21032	6.8843e-010
21033	7.6555e-010
21034	6.6404e-010
21035	6.6013e-010
21036	6.8399e-010
21037	6.2571e-010
21038	6.6024e-010
21039	5.8864e-010
21040	6.3126e-010
21041	5.6402e-010
21042	5.8787e-010
21043	5.4631e-010
21044	5.3092e-010
21045	5.3199e-010
21046	4.6248e-010
21047	5.2834e-010
21048	4.0586e-010
21049	4.645e-010
21050	3.8772e-010
21051	3.875e-010
21052	5.7855e-010
21053	4.3731e-010
21054	6.7607e-010
21055	1.2616e-009
21056	1.4748e-009
21057	1.6544e-009
21058	2.0218e-009
21059	3.2861e-009
21060	2.1144e-009
21061	7.8607e-011
21062	1.1564e-010
21063	2.7181e-010
21064	3.8978e-010
21065	4.0157e-010
21066	4.1846e-010
21067	4.2822e-010
21068	4.3052e-010
21069	4.5711e-010
21070	4.5485e-010
21071	4.6857e-010
21072	4.8711e-010
21073	4.8495e-010
21074	5.1332e-010
21075	5.1022e-010
21076	5.3115e-010
21077	5.4003e-010
21078	5.5191e-010
21079	5.6891e-010
21080	5.7562e-010
21081	5.9686e-010
21082	6.022e-010
21083	6.2408e-010
21084	6.3162e-010
21085	6.5109e-010
21086	6.6411e-010
21087	6.7766e-010
21088	6.9954e-010
21089	7.0543e-010
21090	7.3415e-010
21091	7.4019e-010
21092	7.6013e-010
21093	7.8194e-010
21094	7.9193e-010
21095	8.1475e-010
21096	8.3522e-010
21097	8.4884e-010
21098	8.6874e-010
21099	8.9597e-010
21100	9.0833e-010
21101	9.3019e-010
21102	9.5079e-010
21103	9.7761e-010
21104	9.948e-010
21105	1.0178e-009
21106	1.0407e-009
21107	1.0648e-009
21108	1.0891e-009
21109	1.1126e-009
21110	1.1413e-009
21111	1.1635e-009
21112	1.1908e-009
21113	1.2178e-009
21114	1.2449e-009
21115	1.2729e-009
21116	1.3005e-009
21117	1.3329e-009
21118	1.3614e-009
21119	1.3924e-009
21120	1.4234e-009
21121	1.4524e-009
21122	1.4835e-009
21123	1.5254e-009
21124	1.5655e-009
21125	1.5825e-009
21126	1.5811e-009
21127	1.5712e-009
21128	1.5308e-009
21129	1.4879e-009
21130	1.4586e-009
21131	1.4314e-009
21132	1.4018e-009
21133	1.3722e-009
21134	1.3478e-009
21135	1.3114e-009
21136	1.2854e-009
21137	1.2584e-009
21138	1.2317e-009
21139	1.2049e-009
21140	1.1768e-009
21141	1.1648e-009
21142	1.1286e-009
21143	1.1086e-009
21144	1.0839e-009
21145	1.0559e-009
21146	1.0349e-009
21147	1.0063e-009
21148	1.0341e-009
21149	9.6275e-010
21150	9.4582e-010
21151	9.1595e-010
21152	9.6874e-010
21153	8.7915e-010
21154	8.5322e-010
21155	8.7523e-010
21156	8.3925e-010
21157	7.86e-010
21158	8.354e-010
21159	7.7569e-010
21160	7.3873e-010
21161	8.1913e-010
21162	6.8843e-010
21163	7.6555e-010
21164	6.6404e-010
21165	6.6013e-010
21166	6.8399e-010
21167	6.2571e-010
21168	6.6024e-010
21169	5.8864e-010
21170	6.3126e-010
21171	5.6402e-010
21172	5.8787e-010
21173	5.4631e-010
21174	5.3092e-010
21175	5.3199e-010
21176	4.6248e-010
21177	5.2834e-010
21178	4.0586e-010
21179	4.645e-010
21180	3.8772e-010
21181	3.875e-010
21182	5.7855e-010
21183	4.3731e-010
21184	6.7607e-010
21185	1.2616e-009
21186	1.4748e-009
21187	1.6544e-009
21188	2.0218e-009
21189	3.2861e-009
21190	2.1144e-009
21191	1.937e-010
21192	2.2127e-010
21193	3.624e-010
21194	4.6734e-010
21195	4.7811e-010
21196	4.9853e-010
21197	5.1024e-010
21198	5.1152e-010
21199	5.4525e-010
21200	5.4045e-010
21201	5.575e-010
21202	5.8086e-010
21203	5.7505e-010
21204	6.1234e-010
21205	6.0516e-010
21206	6.3253e-010
21207	6.4211e-010
21208	6.5591e-010
21209	6.7734e-010
21210	6.8339e-010
21211	7.111e-010
21212	7.1481e-010
21213	7.4358e-010
21214	7.5024e-010
21215	7.7502e-010
21216	7.8958e-010
21217	8.0483e-010
21218	8.3346e-010
21219	8.3628e-010
21220	8.7545e-010
21221	8.7826e-010
21222	9.0342e-010
21223	9.3151e-010
21224	9.4006e-010
21225	9.6898e-010
21226	9.9415e-010
21227	1.008e-009
21228	1.0319e-009
21229	1.0674e-009
21230	1.0786e-009
21231	1.1057e-009
21232	1.1298e-009
21233	1.1641e-009
21234	1.1822e-009
21235	1.21e-009
21236	1.2373e-009
21237	1.2661e-009
21238	1.2951e-009
21239	1.3219e-009
21240	1.3577e-009
21241	1.3824e-009
21242	1.4158e-009
21243	1.4478e-009
21244	1.4804e-009
21245	1.5135e-009
21246	1.5459e-009
21247	1.586e-009
21248	1.6188e-009
21249	1.6558e-009
21250	1.6937e-009
21251	1.726e-009
21252	1.7629e-009
21253	1.822e-009
21254	1.8809e-009
21255	1.8839e-009
21256	1.8728e-009
21257	1.8767e-009
21258	1.8259e-009
21259	1.77e-009
21260	1.734e-009
21261	1.7038e-009
21262	1.6686e-009
21263	1.6321e-009
21264	1.6062e-009
21265	1.559e-009
21266	1.5297e-009
21267	1.4979e-009
21268	1.4659e-009
21269	1.4345e-009
21270	1.3957e-009
21271	1.39e-009
21272	1.3385e-009
21273	1.3207e-009
21274	1.2903e-009
21275	1.2554e-009
21276	1.2304e-009
21277	1.1916e-009
21278	1.244e-009
21279	1.1395e-009
21280	1.1253e-009
21281	1.0745e-009
21282	1.1711e-009
21283	1.0382e-009
21284	1.0079e-009
21285	1.0503e-009
21286	1.0029e-009
21287	9.2146e-010
21288	1.0083e-009
21289	9.2209e-010
21290	8.6506e-010
21291	9.9524e-010
21292	7.9731e-010
21293	9.2875e-010
21294	7.8687e-010
21295	7.9258e-010
21296	8.1524e-010
21297	7.3739e-010
21298	7.9667e-010
21299	6.9278e-010
21300	7.6198e-010
21301	6.6628e-010
21302	7.0804e-010
21303	6.5233e-010
21304	6.3648e-010
21305	6.4564e-010
21306	5.5e-010
21307	6.5151e-010
21308	4.8488e-010
21309	5.8027e-010
21310	4.8493e-010
21311	4.6282e-010
21312	7.2764e-010
21313	5.1665e-010
21314	7.8766e-010
21315	1.4262e-009
21316	1.709e-009
21317	1.812e-009
21318	2.3529e-009
21319	3.9603e-009
21320	2.7167e-009
21321	7.8652e-011
21322	1.1571e-010
21323	2.7185e-010
21324	3.8977e-010
21325	4.0161e-010
21326	4.1852e-010
21327	4.2827e-010
21328	4.3059e-010
21329	4.5715e-010
21330	4.5487e-010
21331	4.6865e-010
21332	4.8713e-010
21333	4.8496e-010
21334	5.1329e-010
21335	5.1012e-010
21336	5.3104e-010
21337	5.3986e-010
21338	5.5166e-010
21339	5.6865e-010
21340	5.7537e-010
21341	5.9662e-010
21342	6.0202e-010
21343	6.24e-010
21344	6.3157e-010
21345	6.5098e-010
21346	6.6394e-010
21347	6.7741e-010
21348	6.9931e-010
21349	7.0525e-010
21350	7.3394e-010
21351	7.3982e-010
21352	7.5984e-010
21353	7.8184e-010
21354	7.9186e-010
21355	8.1461e-010
21356	8.3491e-010
21357	8.485e-010
21358	8.6845e-010
21359	8.9547e-010
21360	9.0783e-010
21361	9.2991e-010
21362	9.5087e-010
21363	9.7762e-010
21364	9.946e-010
21365	1.0176e-009
21366	1.0407e-009
21367	1.0648e-009
21368	1.089e-009
21369	1.1121e-009
21370	1.1408e-009
21371	1.1633e-009
21372	1.1905e-009
21373	1.2173e-009
21374	1.2448e-009
21375	1.2725e-009
21376	1.3005e-009
21377	1.3332e-009
21378	1.3617e-009
21379	1.3926e-009
21380	1.4239e-009
21381	1.453e-009
21382	1.4848e-009
21383	1.5243e-009
21384	1.566e-009
21385	1.5832e-009
21386	1.5814e-009
21387	1.5707e-009
21388	1.5314e-009
21389	1.4889e-009
21390	1.4589e-009
21391	1.4323e-009
21392	1.402e-009
21393	1.3721e-009
21394	1.3481e-009
21395	1.3118e-009
21396	1.2857e-009
21397	1.2588e-009
21398	1.2318e-009
21399	1.205e-009
21400	1.1756e-009
21401	1.1649e-009
21402	1.1275e-009
21403	1.1088e-009
21404	1.0839e-009
21405	1.0556e-009
21406	1.0344e-009
21407	1.007e-009
21408	1.0302e-009
21409	9.6318e-010
21410	9.4514e-010
21411	9.1547e-010
21412	9.6836e-010
21413	8.7872e-010
21414	8.5279e-010
21415	8.7495e-010
21416	8.3899e-010
21417	7.8574e-010
21418	8.3527e-010
21419	7.7569e-010
21420	7.3877e-010
21421	8.1936e-010
21422	6.8877e-010
21423	7.6604e-010
21424	6.6455e-010
21425	6.6078e-010
21426	6.8466e-010
21427	6.2641e-010
21428	6.6097e-010
21429	5.894e-010
21430	6.32e-010
21431	5.6476e-010
21432	5.8853e-010
21433	5.4689e-010
21434	5.3135e-010
21435	5.3236e-010
21436	4.6275e-010
21437	5.286e-010
21438	4.058e-010
21439	4.6459e-010
21440	3.8748e-010
21441	3.8706e-010
21442	5.783e-010
21443	4.3707e-010
21444	6.7638e-010
21445	1.2621e-009
21446	1.475e-009
21447	1.6546e-009
21448	2.0218e-009
21449	3.2863e-009
21450	2.1149e-009
21451	7.8691e-011
21452	1.1572e-010
21453	2.7183e-010
21454	3.8977e-010
21455	4.0158e-010
21456	4.1851e-010
21457	4.2821e-010
21458	4.3046e-010
21459	4.5696e-010
21460	4.547e-010
21461	4.6852e-010
21462	4.8709e-010
21463	4.8493e-010
21464	5.1321e-010
21465	5.1004e-010
21466	5.3086e-010
21467	5.3964e-010
21468	5.5147e-010
21469	5.6849e-010
21470	5.7536e-010
21471	5.9662e-010
21472	6.0201e-010
21473	6.2386e-010
21474	6.3139e-010
21475	6.5079e-010
21476	6.6378e-010
21477	6.7725e-010
21478	6.9905e-010
21479	7.0484e-010
21480	7.3362e-010
21481	7.3955e-010
21482	7.5958e-010
21483	7.817e-010
21484	7.9174e-010
21485	8.1437e-010
21486	8.3467e-010
21487	8.482e-010
21488	8.6809e-010
21489	8.952e-010
21490	9.0741e-010
21491	9.295e-010
21492	9.5026e-010
21493	9.7722e-010
21494	9.9431e-010
21495	1.0169e-009
21496	1.0397e-009
21497	1.0639e-009
21498	1.0883e-009
21499	1.1118e-009
21500	1.1405e-009
21501	1.1629e-009
21502	1.1903e-009
21503	1.2173e-009
21504	1.2448e-009
21505	1.2727e-009
21506	1.3007e-009
21507	1.3334e-009
21508	1.3618e-009
21509	1.3932e-009
21510	1.4243e-009
21511	1.4535e-009
21512	1.4854e-009
21513	1.5251e-009
21514	1.5673e-009
21515	1.5843e-009
21516	1.5824e-009
21517	1.5717e-009
21518	1.5323e-009
21519	1.4896e-009
21520	1.4592e-009
21521	1.4322e-009
21522	1.4023e-009
21523	1.3725e-009
21524	1.3481e-009
21525	1.3117e-009
21526	1.2856e-009
21527	1.2588e-009
21528	1.2318e-009
21529	1.2049e-009
21530	1.1751e-009
21531	1.1667e-009
21532	1.1269e-009
21533	1.1084e-009
21534	1.0832e-009
21535	1.0549e-009
21536	1.0335e-009
21537	1.0075e-009
21538	1.0264e-009
21539	9.6392e-010
21540	9.4466e-010
21541	9.1542e-010
21542	9.6848e-010
21543	8.7903e-010
21544	8.5334e-010
21545	8.7561e-010
21546	8.3981e-010
21547	7.8673e-010
21548	8.3632e-010
21549	7.7686e-010
21550	7.4005e-010
21551	8.2032e-010
21552	6.897e-010
21553	7.6681e-010
21554	6.6535e-010
21555	6.615e-010
21556	6.8532e-010
21557	6.2713e-010
21558	6.6175e-010
21559	5.9025e-010
21560	6.328e-010
21561	5.6561e-010
21562	5.8936e-010
21563	5.476e-010
21564	5.319e-010
21565	5.3276e-010
21566	4.6295e-010
21567	5.2857e-010
21568	4.0576e-010
21569	4.6458e-010
21570	3.8746e-010
21571	3.8727e-010
21572	5.786e-010
21573	4.3742e-010
21574	6.7667e-010
21575	1.2623e-009
21576	1.4758e-009
21577	1.6553e-009
21578	2.0223e-009
21579	3.2865e-009
21580	2.1149e-009
21581	1.9352e-010
21582	2.2116e-010
21583	3.6236e-010
21584	4.6724e-010
21585	4.7787e-010
21586	4.9816e-010
21587	5.0981e-010
21588	5.112e-010
21589	5.4499e-010
21590	5.4012e-010
21591	5.5707e-010
21592	5.8039e-010
21593	5.7463e-010
21594	6.12e-010
21595	6.0492e-010
21596	6.3234e-010
21597	6.4198e-010
21598	6.5572e-010
21599	6.7705e-010
21600	6.8289e-010
21601	7.1054e-010
21602	7.1433e-010
21603	7.4321e-010
21604	7.4976e-010
21605	7.7444e-010
21606	7.8895e-010
21607	8.0423e-010
21608	8.3293e-010
21609	8.3588e-010
21610	8.7515e-010
21611	8.7795e-010
21612	9.0309e-010
21613	9.3104e-010
21614	9.3946e-010
21615	9.6836e-010
21616	9.9352e-010
21617	1.0074e-009
21618	1.031e-009
21619	1.0665e-009
21620	1.0777e-009
21621	1.1047e-009
21622	1.1291e-009
21623	1.1642e-009
21624	1.1833e-009
21625	1.2128e-009
21626	1.2419e-009
21627	1.271e-009
21628	1.2963e-009
21629	1.3213e-009
21630	1.3573e-009
21631	1.3821e-009
21632	1.4148e-009
21633	1.4465e-009
21634	1.4796e-009
21635	1.5132e-009
21636	1.5461e-009
21637	1.5863e-009
21638	1.619e-009
21639	1.656e-009
21640	1.6937e-009
21641	1.7258e-009
21642	1.7638e-009
21643	1.8166e-009
21644	1.8722e-009
21645	1.8786e-009
21646	1.8745e-009
21647	1.8754e-009
21648	1.8242e-009
21649	1.7683e-009
21650	1.7328e-009
21651	1.704e-009
21652	1.668e-009
21653	1.6317e-009
21654	1.6062e-009
21655	1.5591e-009
21656	1.5296e-009
21657	1.4976e-009
21658	1.4657e-009
21659	1.434e-009
21660	1.3954e-009
21661	1.3929e-009
21662	1.338e-009
21663	1.32e-009
21664	1.2898e-009
21665	1.2549e-009
21666	1.2298e-009
21667	1.1924e-009
21668	1.2414e-009
21669	1.1403e-009
21670	1.1249e-009
21671	1.0747e-009
21672	1.1714e-009
21673	1.0387e-009
21674	1.0084e-009
21675	1.0508e-009
21676	1.0033e-009
21677	9.2198e-010
21678	1.009e-009
21679	9.2293e-010
21680	8.6591e-010
21681	9.9625e-010
21682	7.9838e-010
21683	9.3022e-010
21684	7.8821e-010
21685	7.9401e-010
21686	8.1662e-010
21687	7.3865e-010
21688	7.9793e-010
21689	6.9375e-010
21690	7.6294e-010
21691	6.6708e-010
21692	7.0886e-010
21693	6.5311e-010
21694	6.3732e-010
21695	6.4652e-010
21696	5.5071e-010
21697	6.5182e-010
21698	4.8534e-010
21699	5.8072e-010
21700	4.8519e-010
21701	4.6325e-010
21702	7.2816e-010
21703	5.1676e-010
21704	7.8755e-010
21705	1.4261e-009
21706	1.7096e-009
21707	1.8119e-009
21708	2.3531e-009
21709	3.9611e-009
21710	2.7165e-009
21711	7.8691e-011
21712	1.1572e-010
21713	2.7183e-010
21714	3.8977e-010
21715	4.0158e-010
21716	4.185e-010
21717	4.2821e-010
21718	4.3046e-010
21719	4.5696e-010
21720	4.547e-010
21721	4.6852e-010
21722	4.8709e-010
21723	4.8493e-010
21724	5.1323e-010
21725	5.1004e-010
21726	5.3086e-010
21727	5.3964e-010
21728	5.5147e-010
21729	5.6848e-010
21730	5.7536e-010
21731	5.9662e-010
21732	6.0201e-010
21733	6.2386e-010
21734	6.3139e-010
21735	6.508e-010
21736	6.6378e-010
21737	6.7725e-010
21738	6.9905e-010
21739	7.0484e-010
21740	7.3362e-010
21741	7.3955e-010
21742	7.5958e-010
21743	7.817e-010
21744	7.9173e-010
21745	8.1436e-010
21746	8.3467e-010
21747	8.4819e-010
21748	8.6809e-010
21749	8.952e-010
21750	9.074e-010
21751	9.2943e-010
21752	9.5025e-010
21753	9.7651e-010
21754	9.9421e-010
21755	1.0166e-009
21756	1.0393e-009
21757	1.0643e-009
21758	1.0881e-009
21759	1.1118e-009
21760	1.1404e-009
21761	1.1629e-009
21762	1.1903e-009
21763	1.2173e-009
21764	1.2448e-009
21765	1.2727e-009
21766	1.3007e-009
21767	1.3334e-009
21768	1.3618e-009
21769	1.3931e-009
21770	1.4244e-009
21771	1.4537e-009
21772	1.4848e-009
21773	1.5257e-009
21774	1.5678e-009
21775	1.5833e-009
21776	1.5825e-009
21777	1.5716e-009
21778	1.5322e-009
21779	1.4896e-009
21780	1.4592e-009
21781	1.4323e-009
21782	1.4023e-009
21783	1.3725e-009
21784	1.3481e-009
21785	1.3117e-009
21786	1.2856e-009
21787	1.2588e-009
21788	1.2318e-009
21789	1.2051e-009
21790	1.1748e-009
21791	1.1667e-009
21792	1.1265e-009
21793	1.1086e-009
21794	1.0832e-009
21795	1.055e-009
21796	1.0341e-009
21797	1.0057e-009
21798	1.0347e-009
21799	9.624e-010
21800	9.4541e-010
21801	9.1568e-010
21802	9.6845e-010
21803	8.7906e-010
21804	8.5336e-010
21805	8.7558e-010
21806	8.398e-010
21807	7.8672e-010
21808	8.3634e-010
21809	7.769e-010
21810	7.4004e-010
21811	8.2032e-010
21812	6.897e-010
21813	7.6681e-010
21814	6.6535e-010
21815	6.615e-010
21816	6.8531e-010
21817	6.2712e-010
21818	6.6175e-010
21819	5.9025e-010
21820	6.328e-010
21821	5.6561e-010
21822	5.8936e-010
21823	5.476e-010
21824	5.319e-010
21825	5.3276e-010
21826	4.6295e-010
21827	5.2857e-010
21828	4.0576e-010
21829	4.6458e-010
21830	3.8746e-010
21831	3.8727e-010
21832	5.786e-010
21833	4.3742e-010
21834	6.7667e-010
21835	1.2623e-009
21836	1.4758e-009
21837	1.6553e-009
21838	2.0223e-009
21839	3.2865e-009
21840	2.1149e-009
21841	7.8652e-011
21842	1.1571e-010
21843	2.7185e-010
21844	3.8977e-010
21845	4.0162e-010
21846	4.1851e-010
21847	4.2827e-010
21848	4.3059e-010
21849	4.5715e-010
21850	4.5487e-010
21851	4.6865e-010
21852	4.8713e-010
21853	4.8496e-010
21854	5.1328e-010
21855	5.1012e-010
21856	5.3104e-010
21857	5.3986e-010
21858	5.5166e-010
21859	5.6865e-010
21860	5.7537e-010
21861	5.9662e-010
21862	6.0202e-010
21863	6.24e-010
21864	6.3157e-010
21865	6.5098e-010
21866	6.6394e-010
21867	6.7741e-010
21868	6.9931e-010
21869	7.0525e-010
21870	7.3394e-010
21871	7.3982e-010
21872	7.5985e-010
21873	7.8184e-010
21874	7.9186e-010
21875	8.1459e-010
21876	8.3489e-010
21877	8.4854e-010
21878	8.6841e-010
21879	8.9555e-010
21880	9.0777e-010
21881	9.2997e-010
21882	9.5096e-010
21883	9.7678e-010
21884	9.9423e-010
21885	1.0174e-009
21886	1.0402e-009
21887	1.0653e-009
21888	1.0889e-009
21889	1.112e-009
21890	1.1408e-009
21891	1.1633e-009
21892	1.1905e-009
21893	1.2173e-009
21894	1.2448e-009
21895	1.2725e-009
21896	1.3005e-009
21897	1.3332e-009
21898	1.3617e-009
21899	1.3926e-009
21900	1.4239e-009
21901	1.4533e-009
21902	1.4841e-009
21903	1.5251e-009
21904	1.5672e-009
21905	1.5825e-009
21906	1.5816e-009
21907	1.5706e-009
21908	1.5314e-009
21909	1.4889e-009
21910	1.4589e-009
21911	1.4323e-009
21912	1.402e-009
21913	1.3721e-009
21914	1.3481e-009
21915	1.3118e-009
21916	1.2857e-009
21917	1.2588e-009
21918	1.2318e-009
21919	1.2052e-009
21920	1.175e-009
21921	1.1667e-009
21922	1.1269e-009
21923	1.1089e-009
21924	1.0839e-009
21925	1.0558e-009
21926	1.0347e-009
21927	1.0062e-009
21928	1.0339e-009
21929	9.6229e-010
21930	9.4518e-010
21931	9.1551e-010
21932	9.6831e-010
21933	8.7875e-010
21934	8.5282e-010
21935	8.7493e-010
21936	8.3897e-010
21937	7.8574e-010
21938	8.3526e-010
21939	7.7567e-010
21940	7.3886e-010
21941	8.1935e-010
21942	6.8877e-010
21943	7.6604e-010
21944	6.6455e-010
21945	6.6078e-010
21946	6.8466e-010
21947	6.2641e-010
21948	6.61e-010
21949	5.894e-010
21950	6.32e-010
21951	5.6476e-010
21952	5.8853e-010
21953	5.4689e-010
21954	5.3135e-010
21955	5.3236e-010
21956	4.6275e-010
21957	5.286e-010
21958	4.0582e-010
21959	4.6459e-010
21960	3.8748e-010
21961	3.8706e-010
21962	5.783e-010
21963	4.3708e-010
21964	6.7638e-010
21965	1.2621e-009
21966	1.475e-009
21967	1.6546e-009
21968	2.0218e-009
21969	3.2863e-009
21970	2.1149e-009
21971	1.937e-010
21972	2.2127e-010
21973	3.624e-010
21974	4.6734e-010
21975	4.7811e-010
21976	4.9853e-010
21977	5.1024e-010
21978	5.1152e-010
21979	5.4525e-010
21980	5.4045e-010
21981	5.575e-010
21982	5.8086e-010
21983	5.7505e-010
21984	6.1234e-010
21985	6.0516e-010
21986	6.3253e-010
21987	6.4211e-010
21988	6.5591e-010
21989	6.7734e-010
21990	6.8339e-010
21991	7.111e-010
21992	7.1481e-010
21993	7.4358e-010
21994	7.5024e-010
21995	7.7502e-010
21996	7.8958e-010
21997	8.0483e-010
21998	8.3346e-010
21999	8.3629e-010
22000	8.7545e-010
22001	8.7824e-010
22002	9.0342e-010
22003	9.3151e-010
22004	9.4006e-010
22005	9.6898e-010
22006	9.9412e-010
22007	1.008e-009
22008	1.0319e-009
22009	1.0674e-009
22010	1.0785e-009
22011	1.106e-009
22012	1.1307e-009
22013	1.1692e-009
22014	1.1869e-009
22015	1.212e-009
22016	1.2384e-009
22017	1.2671e-009
22018	1.2946e-009
22019	1.3221e-009
22020	1.3577e-009
22021	1.3824e-009
22022	1.4158e-009
22023	1.4478e-009
22024	1.4804e-009
22025	1.5135e-009
22026	1.5458e-009
22027	1.586e-009
22028	1.6188e-009
22029	1.6559e-009
22030	1.6936e-009
22031	1.7264e-009
22032	1.7622e-009
22033	1.8147e-009
22034	1.8705e-009
22035	1.8765e-009
22036	1.8746e-009
22037	1.8748e-009
22038	1.8241e-009
22039	1.768e-009
22040	1.7326e-009
22041	1.7044e-009
22042	1.6684e-009
22043	1.6322e-009
22044	1.6062e-009
22045	1.559e-009
22046	1.5297e-009
22047	1.4978e-009
22048	1.466e-009
22049	1.4345e-009
22050	1.3955e-009
22051	1.3931e-009
22052	1.3383e-009
22053	1.3207e-009
22054	1.2905e-009
22055	1.2553e-009
22056	1.231e-009
22057	1.1896e-009
22058	1.2471e-009
22059	1.1423e-009
22060	1.1298e-009
22061	1.0781e-009
22062	1.1707e-009
22063	1.0397e-009
22064	1.0074e-009
22065	1.0505e-009
22066	1.0029e-009
22067	9.2146e-010
22068	1.0083e-009
22069	9.2209e-010
22070	8.6506e-010
22071	9.9524e-010
22072	7.9731e-010
22073	9.2875e-010
22074	7.8687e-010
22075	7.9258e-010
22076	8.1524e-010
22077	7.3739e-010
22078	7.9667e-010
22079	6.9278e-010
22080	7.6197e-010
22081	6.6629e-010
22082	7.0804e-010
22083	6.5233e-010
22084	6.3648e-010
22085	6.4565e-010
22086	5.5e-010
22087	6.5151e-010
22088	4.8489e-010
22089	5.8028e-010
22090	4.8493e-010
22091	4.6282e-010
22092	7.2764e-010
22093	5.1665e-010
22094	7.8767e-010
22095	1.4262e-009
22096	1.709e-009
22097	1.812e-009
22098	2.3529e-009
22099	3.9603e-009
22100	2.7167e-009
22101	7.8607e-011
22102	1.1564e-010
22103	2.7181e-010
22104	3.8978e-010
22105	4.0157e-010
22106	4.1846e-010
22107	4.2821e-010
22108	4.3052e-010
22109	4.5711e-010
22110	4.5485e-010
22111	4.6857e-010
22112	4.871e-010
22113	4.8494e-010
22114	5.1332e-010
22115	5.1022e-010
22116	5.3115e-010
22117	5.4003e-010
22118	5.5191e-010
22119	5.6891e-010
22120	5.7562e-010
22121	5.9686e-010
22122	6.0219e-010
22123	6.2408e-010
22124	6.3162e-010
22125	6.5109e-010
22126	6.6411e-010
22127	6.7766e-010
22128	6.9954e-010
22129	7.0543e-010
22130	7.3415e-010
22131	7.4017e-010
22132	7.6012e-010
22133	7.8194e-010
22134	7.9196e-010
22135	8.1473e-010
22136	8.352e-010
22137	8.488e-010
22138	8.6875e-010
22139	8.9596e-010
22140	9.0841e-010
22141	9.3021e-010
22142	9.5016e-010
22143	9.7744e-010
22144	9.9397e-010
22145	1.018e-009
22146	1.0407e-009
22147	1.0647e-009
22148	1.0892e-009
22149	1.1126e-009
22150	1.1413e-009
22151	1.1635e-009
22152	1.1908e-009
22153	1.2178e-009
22154	1.2449e-009
22155	1.2729e-009
22156	1.3005e-009
22157	1.3329e-009
22158	1.3614e-009
22159	1.3923e-009
22160	1.4234e-009
22161	1.4525e-009
22162	1.4836e-009
22163	1.5248e-009
22164	1.5668e-009
22165	1.5819e-009
22166	1.5816e-009
22167	1.5705e-009
22168	1.5315e-009
22169	1.4887e-009
22170	1.4579e-009
22171	1.4316e-009
22172	1.4019e-009
22173	1.3722e-009
22174	1.3478e-009
22175	1.3114e-009
22176	1.2855e-009
22177	1.2583e-009
22178	1.2317e-009
22179	1.2052e-009
22180	1.1754e-009
22181	1.1667e-009
22182	1.1271e-009
22183	1.1089e-009
22184	1.084e-009
22185	1.0558e-009
22186	1.0349e-009
22187	1.0066e-009
22188	1.0346e-009
22189	9.6249e-010
22190	9.4588e-010
22191	9.1511e-010
22192	9.6449e-010
22193	8.7831e-010
22194	8.5348e-010
22195	8.75e-010
22196	8.3929e-010
22197	7.8597e-010
22198	8.3539e-010
22199	7.7568e-010
22200	7.3873e-010
22201	8.1912e-010
22202	6.8843e-010
22203	7.6555e-010
22204	6.6404e-010
22205	6.6013e-010
22206	6.8399e-010
22207	6.2571e-010
22208	6.6024e-010
22209	5.8864e-010
22210	6.3126e-010
22211	5.6402e-010
22212	5.8787e-010
22213	5.4631e-010
22214	5.3092e-010
22215	5.32e-010
22216	4.6248e-010
22217	5.2836e-010
22218	4.0586e-010
22219	4.645e-010
22220	3.8772e-010
22221	3.875e-010
22222	5.7855e-010
22223	4.3731e-010
22224	6.7608e-010
22225	1.2616e-009
22226	1.4748e-009
22227	1.6544e-009
22228	2.0218e-009
22229	3.2861e-009
22230	2.1144e-009
22231	7.8607e-011
22232	1.1564e-010
22233	2.7181e-010
22234	3.8978e-010
22235	4.0157e-010
22236	4.1846e-010
22237	4.2821e-010
22238	4.3052e-010
22239	4.5711e-010
22240	4.5485e-010
22241	4.6857e-010
22242	4.871e-010
22243	4.8494e-010
22244	5.1332e-010
22245	5.1022e-010
22246	5.3115e-010
22247	5.4003e-010
22248	5.5191e-010
22249	5.6891e-010
22250	5.7562e-010
22251	5.9686e-010
22252	6.0219e-010
22253	6.2408e-010
22254	6.3162e-010
22255	6.5109e-010
22256	6.6411e-010
22257	6.7766e-010
22258	6.9954e-010
22259	7.0543e-010
22260	7.3415e-010
22261	7.4017e-010
22262	7.6011e-010
22263	7.8194e-010
22264	7.9195e-010
22265	8.1473e-010
22266	8.352e-010
22267	8.4881e-010
22268	8.6875e-010
22269	8.9596e-010
22270	9.0841e-010
22271	9.302e-010
22272	9.5017e-010
22273	9.7764e-010
22274	9.941e-010
22275	1.0179e-009
22276	1.0407e-009
22277	1.0648e-009
22278	1.0892e-009
22279	1.1126e-009
22280	1.1413e-009
22281	1.1635e-009
22282	1.1908e-009
22283	1.2178e-009
22284	1.2449e-009
22285	1.2729e-009
22286	1.3005e-009
22287	1.3329e-009
22288	1.3614e-009
22289	1.3923e-009
22290	1.4234e-009
22291	1.4525e-009
22292	1.4835e-009
22293	1.5248e-009
22294	1.5668e-009
22295	1.5816e-009
22296	1.5813e-009
22297	1.5704e-009
22298	1.5313e-009
22299	1.4887e-009
22300	1.458e-009
22301	1.4315e-009
22302	1.4019e-009
22303	1.3723e-009
22304	1.3478e-009
22305	1.3113e-009
22306	1.2855e-009
22307	1.2584e-009
22308	1.2317e-009
22309	1.2053e-009
22310	1.1754e-009
22311	1.1667e-009
22312	1.1272e-009
22313	1.1089e-009
22314	1.0839e-009
22315	1.0558e-009
22316	1.035e-009
22317	1.0063e-009
22318	1.0345e-009
22319	9.6312e-010
22320	9.4611e-010
22321	9.1502e-010
22322	9.6905e-010
22323	8.7824e-010
22324	8.533e-010
22325	8.7517e-010
22326	8.3926e-010
22327	7.8601e-010
22328	8.3539e-010
22329	7.7567e-010
22330	7.3873e-010
22331	8.1912e-010
22332	6.8843e-010
22333	7.6555e-010
22334	6.6404e-010
22335	6.6013e-010
22336	6.8399e-010
22337	6.2571e-010
22338	6.6024e-010
22339	5.8864e-010
22340	6.3126e-010
22341	5.6402e-010
22342	5.8787e-010
22343	5.4631e-010
22344	5.3092e-010
22345	5.32e-010
22346	4.6248e-010
22347	5.2836e-010
22348	4.0586e-010
22349	4.645e-010
22350	3.8772e-010
22351	3.875e-010
22352	5.7855e-010
22353	4.3731e-010
22354	6.7608e-010
22355	1.2616e-009
22356	1.4748e-009
22357	1.6544e-009
22358	2.0218e-009
22359	3.2861e-009
22360	2.1144e-009
22361	1.937e-010
22362	2.2127e-010
22363	3.624e-010
22364	4.6734e-010
22365	4.7811e-010
22366	4.9853e-010
22367	5.1024e-010
22368	5.1152e-010
22369	5.4525e-010
22370	5.4045e-010
22371	5.575e-010
22372	5.8086e-010
22373	5.7505e-010
22374	6.1234e-010
22375	6.0516e-010
22376	6.3253e-010
22377	6.4211e-010
22378	6.5591e-010
22379	6.7734e-010
22380	6.8339e-010
22381	7.111e-010
22382	7.1481e-010
22383	7.4358e-010
22384	7.5024e-010
22385	7.7502e-010
22386	7.8958e-010
22387	8.0483e-010
22388	8.3346e-010
22389	8.3629e-010
22390	8.7545e-010
22391	8.7824e-010
22392	9.0342e-010
22393	9.3151e-010
22394	9.4006e-010
22395	9.6898e-010
22396	9.9413e-010
22397	1.008e-009
22398	1.0319e-009
22399	1.0674e-009
22400	1.0785e-009
22401	1.106e-009
22402	1.1303e-009
22403	1.1662e-009
22404	1.1827e-009
22405	1.2104e-009
22406	1.2372e-009
22407	1.2662e-009
22408	1.2951e-009
22409	1.3219e-009
22410	1.3577e-009
22411	1.3824e-009
22412	1.4158e-009
22413	1.4478e-009
22414	1.4804e-009
22415	1.5135e-009
22416	1.5459e-009
22417	1.586e-009
22418	1.6188e-009
22419	1.6559e-009
22420	1.6936e-009
22421	1.7264e-009
22422	1.7621e-009
22423	1.8145e-009
22424	1.8712e-009
22425	1.8806e-009
22426	1.8806e-009
22427	1.8739e-009
22428	1.8245e-009
22429	1.7672e-009
22430	1.7345e-009
22431	1.7045e-009
22432	1.6692e-009
22433	1.632e-009
22434	1.6062e-009
22435	1.559e-009
22436	1.5297e-009
22437	1.4979e-009
22438	1.466e-009
22439	1.4345e-009
22440	1.3954e-009
22441	1.3932e-009
22442	1.3383e-009
22443	1.3207e-009
22444	1.2905e-009
22445	1.2552e-009
22446	1.231e-009
22447	1.1922e-009
22448	1.2472e-009
22449	1.1381e-009
22450	1.1252e-009
22451	1.0764e-009
22452	1.1702e-009
22453	1.0374e-009
22454	1.007e-009
22455	1.0506e-009
22456	1.0028e-009
22457	9.2147e-010
22458	1.0083e-009
22459	9.2209e-010
22460	8.6506e-010
22461	9.9524e-010
22462	7.973e-010
22463	9.2875e-010
22464	7.8687e-010
22465	7.9258e-010
22466	8.1524e-010
22467	7.3739e-010
22468	7.9667e-010
22469	6.9278e-010
22470	7.6197e-010
22471	6.6629e-010
22472	7.0804e-010
22473	6.5233e-010
22474	6.3648e-010
22475	6.4564e-010
22476	5.5e-010
22477	6.5151e-010
22478	4.8489e-010
22479	5.8028e-010
22480	4.8493e-010
22481	4.6282e-010
22482	7.2764e-010
22483	5.1665e-010
22484	7.8767e-010
22485	1.4262e-009
22486	1.709e-009
22487	1.812e-009
22488	2.3529e-009
22489	3.9603e-009
22490	2.7167e-009
22491	7.8652e-011
22492	1.1571e-010
22493	2.7185e-010
22494	3.8977e-010
22495	4.0162e-010
22496	4.1851e-010
22497	4.2827e-010
22498	4.3059e-010
22499	4.5715e-010
22500	4.5487e-010
22501	4.6865e-010
22502	4.8713e-010
22503	4.8496e-010
22504	5.1328e-010
22505	5.1011e-010
22506	5.3104e-010
22507	5.3986e-010
22508	5.5166e-010
22509	5.6865e-010
22510	5.7537e-010
22511	5.9662e-010
22512	6.0202e-010
22513	6.24e-010
22514	6.3157e-010
22515	6.5098e-010
22516	6.6394e-010
22517	6.7741e-010
22518	6.9931e-010
22519	7.0525e-010
22520	7.3394e-010
22521	7.3982e-010
22522	7.5984e-010
22523	7.8184e-010
22524	7.9186e-010
22525	8.1459e-010
22526	8.349e-010
22527	8.4854e-010
22528	8.6844e-010
22529	8.9552e-010
22530	9.0779e-010
22531	9.2995e-010
22532	9.5079e-010
22533	9.7768e-010
22534	9.9457e-010
22535	1.0175e-009
22536	1.0404e-009
22537	1.0647e-009
22538	1.0889e-009
22539	1.112e-009
22540	1.1408e-009
22541	1.1633e-009
22542	1.1905e-009
22543	1.2173e-009
22544	1.2448e-009
22545	1.2725e-009
22546	1.3005e-009
22547	1.3332e-009
22548	1.3617e-009
22549	1.3926e-009
22550	1.4239e-009
22551	1.4532e-009
22552	1.484e-009
22553	1.5251e-009
22554	1.5673e-009
22555	1.5809e-009
22556	1.5825e-009
22557	1.5708e-009
22558	1.5314e-009
22559	1.4888e-009
22560	1.46e-009
22561	1.4311e-009
22562	1.4021e-009
22563	1.3721e-009
22564	1.3481e-009
22565	1.3119e-009
22566	1.2857e-009
22567	1.2588e-009
22568	1.2318e-009
22569	1.2052e-009
22570	1.1751e-009
22571	1.1666e-009
22572	1.127e-009
22573	1.1089e-009
22574	1.0838e-009
22575	1.0557e-009
22576	1.0348e-009
22577	1.0063e-009
22578	1.0344e-009
22579	9.6287e-010
22580	9.4559e-010
22581	9.1461e-010
22582	9.676e-010
22583	8.7848e-010
22584	8.5283e-010
22585	8.7483e-010
22586	8.3899e-010
22587	7.8574e-010
22588	8.3526e-010
22589	7.7567e-010
22590	7.3886e-010
22591	8.1935e-010
22592	6.8877e-010
22593	7.6604e-010
22594	6.6454e-010
22595	6.6078e-010
22596	6.8466e-010
22597	6.264e-010
22598	6.61e-010
22599	5.894e-010
22600	6.32e-010
22601	5.6475e-010
22602	5.8855e-010
22603	5.4689e-010
22604	5.3135e-010
22605	5.3235e-010
22606	4.6278e-010
22607	5.286e-010
22608	4.0582e-010
22609	4.6459e-010
22610	3.8748e-010
22611	3.8706e-010
22612	5.783e-010
22613	4.3708e-010
22614	6.7638e-010
22615	1.2621e-009
22616	1.475e-009
22617	1.6546e-009
22618	2.0218e-009
22619	3.2863e-009
22620	2.1149e-009
22621	7.8691e-011
22622	1.1572e-010
22623	2.7183e-010
22624	3.8977e-010
22625	4.0158e-010
22626	4.185e-010
22627	4.2821e-010
22628	4.3046e-010
22629	4.5697e-010
22630	4.547e-010
22631	4.6852e-010
22632	4.8709e-010
22633	4.8493e-010
22634	5.1323e-010
22635	5.1004e-010
22636	5.3086e-010
22637	5.3964e-010
22638	5.5146e-010
22639	5.6848e-010
22640	5.7536e-010
22641	5.9662e-010
22642	6.0201e-010
22643	6.2385e-010
22644	6.3138e-010
22645	6.508e-010
22646	6.6378e-010
22647	6.7725e-010
22648	6.9905e-010
22649	7.0484e-010
22650	7.3362e-010
22651	7.3954e-010
22652	7.5959e-010
22653	7.817e-010
22654	7.9173e-010
22655	8.1437e-010
22656	8.3466e-010
22657	8.4824e-010
22658	8.68e-010
22659	8.9519e-010
22660	9.0735e-010
22661	9.2952e-010
22662	9.5024e-010
22663	9.7727e-010
22664	9.9421e-010
22665	1.0171e-009
22666	1.04e-009
22667	1.0641e-009
22668	1.0884e-009
22669	1.1118e-009
22670	1.1405e-009
22671	1.1629e-009
22672	1.1903e-009
22673	1.2173e-009
22674	1.2448e-009
22675	1.2728e-009
22676	1.3007e-009
22677	1.3334e-009
22678	1.3618e-009
22679	1.3931e-009
22680	1.4244e-009
22681	1.4537e-009
22682	1.4848e-009
22683	1.5258e-009
22684	1.5679e-009
22685	1.5821e-009
22686	1.5835e-009
22687	1.5712e-009
22688	1.5321e-009
22689	1.4895e-009
22690	1.4597e-009
22691	1.4309e-009
22692	1.4026e-009
22693	1.3726e-009
22694	1.3482e-009
22695	1.3117e-009
22696	1.2856e-009
22697	1.2588e-009
22698	1.2318e-009
22699	1.2049e-009
22700	1.175e-009
22701	1.1663e-009
22702	1.1266e-009
22703	1.1085e-009
22704	1.0832e-009
22705	1.055e-009
22706	1.0344e-009
22707	1.0053e-009
22708	1.0346e-009
22709	9.6179e-010
22710	9.4516e-010
22711	9.1592e-010
22712	9.6552e-010
22713	8.8011e-010
22714	8.5283e-010
22715	8.7558e-010
22716	8.3978e-010
22717	7.8673e-010
22718	8.3634e-010
22719	7.7691e-010
22720	7.4003e-010
22721	8.2032e-010
22722	6.897e-010
22723	7.668e-010
22724	6.6534e-010
22725	6.615e-010
22726	6.8531e-010
22727	6.2712e-010
22728	6.6175e-010
22729	5.9025e-010
22730	6.328e-010
22731	5.656e-010
22732	5.8936e-010
22733	5.4761e-010
22734	5.319e-010
22735	5.3276e-010
22736	4.6295e-010
22737	5.2857e-010
22738	4.0576e-010
22739	4.6458e-010
22740	3.8746e-010
22741	3.8727e-010
22742	5.7862e-010
22743	4.3742e-010
22744	6.7667e-010
22745	1.2623e-009
22746	1.4758e-009
22747	1.6553e-009
22748	2.0223e-009
22749	3.2865e-009
22750	2.1149e-009
22751	1.9352e-010
22752	2.2116e-010
22753	3.6236e-010
22754	4.6723e-010
22755	4.7787e-010
22756	4.9816e-010
22757	5.0981e-010
22758	5.112e-010
22759	5.4499e-010
22760	5.4013e-010
22761	5.5707e-010
22762	5.8039e-010
22763	5.7463e-010
22764	6.12e-010
22765	6.0492e-010
22766	6.3234e-010
22767	6.4198e-010
22768	6.5573e-010
22769	6.7705e-010
22770	6.8289e-010
22771	7.1054e-010
22772	7.1433e-010
22773	7.4321e-010
22774	7.4977e-010
22775	7.7444e-010
22776	7.8895e-010
22777	8.0423e-010
22778	8.3293e-010
22779	8.3588e-010
22780	8.7515e-010
22781	8.7794e-010
22782	9.0308e-010
22783	9.3104e-010
22784	9.3947e-010
22785	9.6836e-010
22786	9.9355e-010
22787	1.0073e-009
22788	1.0311e-009
22789	1.0665e-009
22790	1.0784e-009
22791	1.1056e-009
22792	1.1298e-009
22793	1.1632e-009
22794	1.1816e-009
22795	1.2087e-009
22796	1.2357e-009
22797	1.2649e-009
22798	1.2941e-009
22799	1.3212e-009
22800	1.3573e-009
22801	1.3821e-009
22802	1.4148e-009
22803	1.4465e-009
22804	1.4796e-009
22805	1.5132e-009
22806	1.5461e-009
22807	1.5863e-009
22808	1.619e-009
22809	1.656e-009
22810	1.6936e-009
22811	1.7264e-009
22812	1.7624e-009
22813	1.8145e-009
22814	1.871e-009
22815	1.878e-009
22816	1.882e-009
22817	1.8848e-009
22818	1.8305e-009
22819	1.7732e-009
22820	1.7445e-009
22821	1.7084e-009
22822	1.6694e-009
22823	1.6314e-009
22824	1.6063e-009
22825	1.5591e-009
22826	1.5297e-009
22827	1.4976e-009
22828	1.4656e-009
22829	1.4341e-009
22830	1.395e-009
22831	1.3929e-009
22832	1.3377e-009
22833	1.3201e-009
22834	1.2899e-009
22835	1.2547e-009
22836	1.2312e-009
22837	1.188e-009
22838	1.2453e-009
22839	1.1363e-009
22840	1.1249e-009
22841	1.0784e-009
22842	1.1613e-009
22843	1.0391e-009
22844	1.0065e-009
22845	1.0512e-009
22846	1.0032e-009
22847	9.2199e-010
22848	1.009e-009
22849	9.2294e-010
22850	8.6592e-010
22851	9.9624e-010
22852	7.9838e-010
22853	9.3021e-010
22854	7.882e-010
22855	7.9401e-010
22856	8.1662e-010
22857	7.3865e-010
22858	7.9793e-010
22859	6.9375e-010
22860	7.6293e-010
22861	6.6708e-010
22862	7.0886e-010
22863	6.5311e-010
22864	6.3732e-010
22865	6.4652e-010
22866	5.5071e-010
22867	6.5182e-010
22868	4.8534e-010
22869	5.8072e-010
22870	4.8519e-010
22871	4.6325e-010
22872	7.2816e-010
22873	5.1676e-010
22874	7.8755e-010
22875	1.4261e-009
22876	1.7096e-009
22877	1.8119e-009
22878	2.3531e-009
22879	3.9611e-009
22880	2.7165e-009
22881	7.8691e-011
22882	1.1572e-010
22883	2.7183e-010
22884	3.8977e-010
22885	4.0158e-010
22886	4.185e-010
22887	4.2821e-010
22888	4.3046e-010
22889	4.5697e-010
22890	4.547e-010
22891	4.6852e-010
22892	4.8709e-010
22893	4.8493e-010
22894	5.1323e-010
22895	5.1004e-010
22896	5.3086e-010
22897	5.3964e-010
22898	5.5147e-010
22899	5.6848e-010
22900	5.7536e-010
22901	5.9662e-010
22902	6.0202e-010
22903	6.2385e-010
22904	6.3138e-010
22905	6.508e-010
22906	6.6378e-010
22907	6.7725e-010
22908	6.9905e-010
22909	7.0484e-010
22910	7.3362e-010
22911	7.3954e-010
22912	7.5959e-010
22913	7.817e-010
22914	7.9174e-010
22915	8.1437e-010
22916	8.3463e-010
22917	8.4821e-010
22918	8.6793e-010
22919	8.956e-010
22920	9.0768e-010
22921	9.2908e-010
22922	9.506e-010
22923	9.7716e-010
22924	9.9414e-010
22925	1.0171e-009
22926	1.04e-009
22927	1.0641e-009
22928	1.0884e-009
22929	1.1118e-009
22930	1.1405e-009
22931	1.1629e-009
22932	1.1903e-009
22933	1.2173e-009
22934	1.2448e-009
22935	1.2728e-009
22936	1.3007e-009
22937	1.3334e-009
22938	1.3618e-009
22939	1.3931e-009
22940	1.4244e-009
22941	1.4536e-009
22942	1.4848e-009
22943	1.5256e-009
22944	1.5679e-009
22945	1.5834e-009
22946	1.5816e-009
22947	1.5712e-009
22948	1.5321e-009
22949	1.4893e-009
22950	1.4589e-009
22951	1.4312e-009
22952	1.4026e-009
22953	1.3726e-009
22954	1.3481e-009
22955	1.3117e-009
22956	1.2856e-009
22957	1.2588e-009
22958	1.2318e-009
22959	1.2049e-009
22960	1.175e-009
22961	1.1663e-009
22962	1.1266e-009
22963	1.1085e-009
22964	1.0832e-009
22965	1.055e-009
22966	1.0344e-009
22967	1.0052e-009
22968	1.0346e-009
22969	9.6177e-010
22970	9.4498e-010
22971	9.1637e-010
22972	9.6118e-010
22973	8.8057e-010
22974	8.5267e-010
22975	8.7554e-010
22976	8.3977e-010
22977	7.8673e-010
22978	8.3632e-010
22979	7.7692e-010
22980	7.4003e-010
22981	8.2032e-010
22982	6.897e-010
22983	7.6681e-010
22984	6.6535e-010
22985	6.615e-010
22986	6.8531e-010
22987	6.2712e-010
22988	6.6175e-010
22989	5.9025e-010
22990	6.328e-010
22991	5.6561e-010
22992	5.8936e-010
22993	5.476e-010
22994	5.319e-010
22995	5.3276e-010
22996	4.6295e-010
22997	5.2857e-010
22998	4.0576e-010
22999	4.6458e-010
23000	3.8746e-010
23001	3.8727e-010
23002	5.786e-010
23003	4.3742e-010
23004	6.7667e-010
23005	1.2623e-009
23006	1.4758e-009
23007	1.6553e-009
23008	2.0223e-009
23009	3.2865e-009
23010	2.1149e-009
23011	7.8652e-011
23012	1.1571e-010
23013	2.7185e-010
23014	3.8977e-010
23015	4.0162e-010
23016	4.1851e-010
23017	4.2827e-010
23018	4.3059e-010
23019	4.5715e-010
23020	4.5487e-010
23021	4.6865e-010
23022	4.8713e-010
23023	4.8496e-010
23024	5.1328e-010
23025	5.1012e-010
23026	5.3104e-010
23027	5.3986e-010
23028	5.5166e-010
23029	5.6865e-010
23030	5.7537e-010
23031	5.9662e-010
23032	6.0202e-010
23033	6.24e-010
23034	6.3157e-010
23035	6.5098e-010
23036	6.6394e-010
23037	6.7741e-010
23038	6.9931e-010
23039	7.0525e-010
23040	7.3394e-010
23041	7.3982e-010
23042	7.5984e-010
23043	7.8185e-010
23044	7.9187e-010
23045	8.1462e-010
23046	8.3491e-010
23047	8.486e-010
23048	8.6838e-010
23049	8.9543e-010
23050	9.0808e-010
23051	9.2954e-010
23052	9.5123e-010
23053	9.7749e-010
23054	9.9461e-010
23055	1.0175e-009
23056	1.0404e-009
23057	1.0647e-009
23058	1.0889e-009
23059	1.112e-009
23060	1.1408e-009
23061	1.1633e-009
23062	1.1905e-009
23063	1.2173e-009
23064	1.2448e-009
23065	1.2725e-009
23066	1.3005e-009
23067	1.3332e-009
23068	1.3617e-009
23069	1.3926e-009
23070	1.424e-009
23071	1.4532e-009
23072	1.4841e-009
23073	1.5251e-009
23074	1.5673e-009
23075	1.5827e-009
23076	1.5805e-009
23077	1.5703e-009
23078	1.5309e-009
23079	1.4883e-009
23080	1.4585e-009
23081	1.4311e-009
23082	1.4023e-009
23083	1.372e-009
23084	1.3481e-009
23085	1.3119e-009
23086	1.2857e-009
23087	1.2588e-009
23088	1.2318e-009
23089	1.2052e-009
23090	1.1751e-009
23091	1.1666e-009
23092	1.1269e-009
23093	1.1089e-009
23094	1.0839e-009
23095	1.0558e-009
23096	1.0347e-009
23097	1.0066e-009
23098	1.0346e-009
23099	9.6284e-010
23100	9.4519e-010
23101	9.1563e-010
23102	9.6336e-010
23103	8.795e-010
23104	8.5236e-010
23105	8.749e-010
23106	8.3901e-010
23107	7.8573e-010
23108	8.3527e-010
23109	7.7568e-010
23110	7.3886e-010
23111	8.1935e-010
23112	6.8877e-010
23113	7.6604e-010
23114	6.6455e-010
23115	6.6078e-010
23116	6.8466e-010
23117	6.2641e-010
23118	6.6097e-010
23119	5.894e-010
23120	6.32e-010
23121	5.6476e-010
23122	5.8853e-010
23123	5.4689e-010
23124	5.3135e-010
23125	5.3236e-010
23126	4.6275e-010
23127	5.286e-010
23128	4.0582e-010
23129	4.6459e-010
23130	3.8748e-010
23131	3.8706e-010
23132	5.783e-010
23133	4.3708e-010
23134	6.7638e-010
23135	1.2621e-009
23136	1.475e-009
23137	1.6546e-009
23138	2.0218e-009
23139	3.2863e-009
23140	2.1149e-009
23141	1.937e-010
23142	2.2127e-010
23143	3.624e-010
23144	4.6734e-010
23145	4.7811e-010
23146	4.9853e-010
23147	5.1024e-010
23148	5.1152e-010
23149	5.4525e-010
23150	5.4045e-010
23151	5.575e-010
23152	5.8087e-010
23153	5.7505e-010
23154	6.1234e-010
23155	6.0516e-010
23156	6.3253e-010
23157	6.4211e-010
23158	6.5591e-010
23159	6.7734e-010
23160	6.8339e-010
23161	7.111e-010
23162	7.1481e-010
23163	7.4358e-010
23164	7.5024e-010
23165	7.7502e-010
23166	7.8958e-010
23167	8.0483e-010
23168	8.3346e-010
23169	8.3628e-010
23170	8.7545e-010
23171	8.7826e-010
23172	9.0342e-010
23173	9.315e-010
23174	9.4006e-010
23175	9.6898e-010
23176	9.9414e-010
23177	1.008e-009
23178	1.032e-009
23179	1.0671e-009
23180	1.0795e-009
23181	1.1065e-009
23182	1.1307e-009
23183	1.1638e-009
23184	1.1822e-009
23185	1.2099e-009
23186	1.2374e-009
23187	1.2662e-009
23188	1.2951e-009
23189	1.3219e-009
23190	1.3577e-009
23191	1.3824e-009
23192	1.4158e-009
23193	1.4478e-009
23194	1.4804e-009
23195	1.5135e-009
23196	1.5459e-009
23197	1.586e-009
23198	1.6188e-009
23199	1.6559e-009
23200	1.6936e-009
23201	1.7264e-009
23202	1.7621e-009
23203	1.8147e-009
23204	1.8705e-009
23205	1.8766e-009
23206	1.8809e-009
23207	1.8869e-009
23208	1.8362e-009
23209	1.7794e-009
23210	1.7451e-009
23211	1.7093e-009
23212	1.6697e-009
23213	1.6318e-009
23214	1.6063e-009
23215	1.559e-009
23216	1.5297e-009
23217	1.4979e-009
23218	1.466e-009
23219	1.4345e-009
23220	1.3954e-009
23221	1.3932e-009
23222	1.3383e-009
23223	1.3207e-009
23224	1.2905e-009
23225	1.2553e-009
23226	1.2309e-009
23227	1.1898e-009
23228	1.2449e-009
23229	1.138e-009
23230	1.1251e-009
23231	1.0767e-009
23232	1.1654e-009
23233	1.0371e-009
23234	1.0065e-009
23235	1.0506e-009
23236	1.0028e-009
23237	9.2147e-010
23238	1.0083e-009
23239	9.2209e-010
23240	8.6506e-010
23241	9.9524e-010
23242	7.973e-010
23243	9.2875e-010
23244	7.8687e-010
23245	7.9258e-010
23246	8.1524e-010
23247	7.3739e-010
23248	7.9667e-010
23249	6.9278e-010
23250	7.6198e-010
23251	6.6628e-010
23252	7.0804e-010
23253	6.5233e-010
23254	6.3648e-010
23255	6.4564e-010
23256	5.5e-010
23257	6.5151e-010
23258	4.8488e-010
23259	5.8028e-010
23260	4.8493e-010
23261	4.6282e-010
23262	7.2764e-010
23263	5.1665e-010
23264	7.8767e-010
23265	1.4262e-009
23266	1.709e-009
23267	1.812e-009
23268	2.3529e-009
23269	3.9603e-009
23270	2.7167e-009
23271	7.8607e-011
23272	1.1564e-010
23273	2.7181e-010
23274	3.8978e-010
23275	4.0157e-010
23276	4.1846e-010
23277	4.2821e-010
23278	4.3052e-010
23279	4.5711e-010
23280	4.5485e-010
23281	4.6857e-010
23282	4.871e-010
23283	4.8494e-010
23284	5.1332e-010
23285	5.1022e-010
23286	5.3115e-010
23287	5.4003e-010
23288	5.5191e-010
23289	5.6891e-010
23290	5.7562e-010
23291	5.9686e-010
23292	6.0219e-010
23293	6.2408e-010
23294	6.3162e-010
23295	6.5109e-010
23296	6.6411e-010
23297	6.7766e-010
23298	6.9954e-010
23299	7.0543e-010
23300	7.3415e-010
23301	7.4019e-010
23302	7.6012e-010
23303	7.8194e-010
23304	7.9194e-010
23305	8.1476e-010
23306	8.352e-010
23307	8.4884e-010
23308	8.6875e-010
23309	8.9597e-010
23310	9.0841e-010
23311	9.3015e-010
23312	9.5082e-010
23313	9.7763e-010
23314	9.9488e-010
23315	1.0179e-009
23316	1.0407e-009
23317	1.0648e-009
23318	1.0892e-009
23319	1.1126e-009
23320	1.1413e-009
23321	1.1635e-009
23322	1.1908e-009
23323	1.2178e-009
23324	1.2449e-009
23325	1.2729e-009
23326	1.3005e-009
23327	1.3329e-009
23328	1.3614e-009
23329	1.3923e-009
23330	1.4234e-009
23331	1.4525e-009
23332	1.4835e-009
23333	1.5248e-009
23334	1.5666e-009
23335	1.5817e-009
23336	1.5821e-009
23337	1.5697e-009
23338	1.5307e-009
23339	1.4882e-009
23340	1.4576e-009
23341	1.4305e-009
23342	1.4022e-009
23343	1.3723e-009
23344	1.3478e-009
23345	1.3114e-009
23346	1.2855e-009
23347	1.2584e-009
23348	1.2317e-009
23349	1.2053e-009
23350	1.1754e-009
23351	1.1667e-009
23352	1.1272e-009
23353	1.1089e-009
23354	1.084e-009
23355	1.0558e-009
23356	1.0348e-009
23357	1.0064e-009
23358	1.0344e-009
23359	9.6278e-010
23360	9.4569e-010
23361	9.156e-010
23362	9.6792e-010
23363	8.7947e-010
23364	8.5304e-010
23365	8.7524e-010
23366	8.3926e-010
23367	7.86e-010
23368	8.3541e-010
23369	7.7568e-010
23370	7.3873e-010
23371	8.1913e-010
23372	6.8843e-010
23373	7.6555e-010
23374	6.6404e-010
23375	6.6013e-010
23376	6.8399e-010
23377	6.2571e-010
23378	6.6024e-010
23379	5.8864e-010
23380	6.3126e-010
23381	5.6402e-010
23382	5.8787e-010
23383	5.4631e-010
23384	5.3092e-010
23385	5.3199e-010
23386	4.6248e-010
23387	5.2836e-010
23388	4.0586e-010
23389	4.645e-010
23390	3.8772e-010
23391	3.875e-010
23392	5.7855e-010
23393	4.3731e-010
23394	6.7608e-010
23395	1.2616e-009
23396	1.4748e-009
23397	1.6544e-009
23398	2.0218e-009
23399	3.2861e-009
23400	2.1144e-009
