nodenumber,    x-coordinate,    y-coordinate,    z-coordinate,radial-coordinate,     temperature
         1,-3.673940397E-18,-2.000000000E-02, 0.000000000E+00, 2.000000000E-02, 4.379700307E+02
         2,-2.610523844E-03,-1.982889723E-02, 0.000000000E+00, 2.000000000E-02, 4.379700091E+02
         3, 2.610523844E-03,-1.982889723E-02, 0.000000000E+00, 2.000000000E-02, 4.379700091E+02
         4,-5.176380902E-03,-1.931851653E-02, 0.000000000E+00, 2.000000000E-02, 4.379699501E+02
         5, 5.176380902E-03,-1.931851653E-02, 0.000000000E+00, 2.000000000E-02, 4.379699501E+02
         6,-7.653668647E-03,-1.847759065E-02, 0.000000000E+00, 2.000000000E-02, 4.379698699E+02
         7, 7.653668647E-03,-1.847759065E-02, 0.000000000E+00, 2.000000000E-02, 4.379698699E+02
         8,-1.000000000E-02,-1.732050808E-02, 0.000000000E+00, 2.000000000E-02, 4.379697902E+02
         9, 1.000000000E-02,-1.732050808E-02, 0.000000000E+00, 2.000000000E-02, 4.379697902E+02
        10,-1.217522858E-02,-1.586706681E-02, 0.000000000E+00, 2.000000000E-02, 4.379697323E+02
        11, 1.217522858E-02,-1.586706681E-02, 0.000000000E+00, 2.000000000E-02, 4.379697323E+02
        12,-1.414213562E-02,-1.414213562E-02, 0.000000000E+00, 2.000000000E-02, 4.379697113E+02
        13, 1.414213562E-02,-1.414213562E-02, 0.000000000E+00, 2.000000000E-02, 4.379697113E+02
        14,-1.586706681E-02,-1.217522858E-02, 0.000000000E+00, 2.000000000E-02, 4.379697323E+02
        15, 1.586706681E-02,-1.217522858E-02, 0.000000000E+00, 2.000000000E-02, 4.379697323E+02
        16,-1.732050808E-02,-1.000000000E-02, 0.000000000E+00, 2.000000000E-02, 4.379697902E+02
        17, 1.732050808E-02,-1.000000000E-02, 0.000000000E+00, 2.000000000E-02, 4.379697902E+02
        18,-1.847759065E-02,-7.653668647E-03, 0.000000000E+00, 2.000000000E-02, 4.379698699E+02
        19, 1.847759065E-02,-7.653668647E-03, 0.000000000E+00, 2.000000000E-02, 4.379698699E+02
        20,-1.931851653E-02,-5.176380902E-03, 0.000000000E+00, 2.000000000E-02, 4.379699501E+02
        21, 1.931851653E-02,-5.176380902E-03, 0.000000000E+00, 2.000000000E-02, 4.379699501E+02
        22,-1.982889723E-02,-2.610523844E-03, 0.000000000E+00, 2.000000000E-02, 4.379700091E+02
        23, 1.982889723E-02,-2.610523844E-03, 0.000000000E+00, 2.000000000E-02, 4.379700091E+02
        24,-2.000000000E-02, 7.347880795E-18, 0.000000000E+00, 2.000000000E-02, 4.379700307E+02
        25, 2.000000000E-02,-4.898587197E-18, 0.000000000E+00, 2.000000000E-02, 4.379700307E+02
        26,-1.982889723E-02, 2.610523844E-03, 0.000000000E+00, 2.000000000E-02, 4.379700091E+02
        27, 1.982889723E-02, 2.610523844E-03, 0.000000000E+00, 2.000000000E-02, 4.379700091E+02
        28,-1.931851653E-02, 5.176380902E-03, 0.000000000E+00, 2.000000000E-02, 4.379699501E+02
        29, 1.931851653E-02, 5.176380902E-03, 0.000000000E+00, 2.000000000E-02, 4.379699501E+02
        30,-1.847759065E-02, 7.653668647E-03, 0.000000000E+00, 2.000000000E-02, 4.379698699E+02
        31, 1.847759065E-02, 7.653668647E-03, 0.000000000E+00, 2.000000000E-02, 4.379698699E+02
        32,-1.732050808E-02, 1.000000000E-02, 0.000000000E+00, 2.000000000E-02, 4.379697902E+02
        33, 1.732050808E-02, 1.000000000E-02, 0.000000000E+00, 2.000000000E-02, 4.379697902E+02
        34,-1.586706681E-02, 1.217522858E-02, 0.000000000E+00, 2.000000000E-02, 4.379697323E+02
        35, 1.586706681E-02, 1.217522858E-02, 0.000000000E+00, 2.000000000E-02, 4.379697323E+02
        36,-1.414213562E-02, 1.414213562E-02, 0.000000000E+00, 2.000000000E-02, 4.379697113E+02
        37, 1.414213562E-02, 1.414213562E-02, 0.000000000E+00, 2.000000000E-02, 4.379697113E+02
        38,-1.217522858E-02, 1.586706681E-02, 0.000000000E+00, 2.000000000E-02, 4.379697323E+02
        39, 1.217522858E-02, 1.586706681E-02, 0.000000000E+00, 2.000000000E-02, 4.379697323E+02
        40,-1.000000000E-02, 1.732050808E-02, 0.000000000E+00, 2.000000000E-02, 4.379697902E+02
        41, 1.000000000E-02, 1.732050808E-02, 0.000000000E+00, 2.000000000E-02, 4.379697902E+02
        42,-7.653668647E-03, 1.847759065E-02, 0.000000000E+00, 2.000000000E-02, 4.379698699E+02
        43, 7.653668647E-03, 1.847759065E-02, 0.000000000E+00, 2.000000000E-02, 4.379698699E+02
        44,-5.176380902E-03, 1.931851653E-02, 0.000000000E+00, 2.000000000E-02, 4.379699501E+02
        45, 5.176380902E-03, 1.931851653E-02, 0.000000000E+00, 2.000000000E-02, 4.379699501E+02
        46,-2.610523844E-03, 1.982889723E-02, 0.000000000E+00, 2.000000000E-02, 4.379700091E+02
        47, 2.610523844E-03, 1.982889723E-02, 0.000000000E+00, 2.000000000E-02, 4.379700091E+02
        48, 6.123233996E-18, 2.000000000E-02, 0.000000000E+00, 2.000000000E-02, 4.379700307E+02
        49,-3.673940397E-18,-2.000000000E-02, 6.666666667E-03, 2.000000000E-02, 4.402964964E+02
        50,-2.610523844E-03,-1.982889723E-02, 6.666666667E-03, 2.000000000E-02, 4.402964768E+02
        51, 2.610523844E-03,-1.982889723E-02, 6.666666667E-03, 2.000000000E-02, 4.402964768E+02
        52,-5.176380902E-03,-1.931851653E-02, 6.666666667E-03, 2.000000000E-02, 4.402964219E+02
        53, 5.176380902E-03,-1.931851653E-02, 6.666666667E-03, 2.000000000E-02, 4.402964219E+02
        54,-7.653668647E-03,-1.847759065E-02, 6.666666667E-03, 2.000000000E-02, 4.402963435E+02
        55, 7.653668647E-03,-1.847759065E-02, 6.666666667E-03, 2.000000000E-02, 4.402963435E+02
        56,-1.000000000E-02,-1.732050808E-02, 6.666666667E-03, 2.000000000E-02, 4.402962614E+02
        57, 1.000000000E-02,-1.732050808E-02, 6.666666667E-03, 2.000000000E-02, 4.402962614E+02
        58,-1.217522858E-02,-1.586706681E-02, 6.666666667E-03, 2.000000000E-02, 4.402961992E+02
        59, 1.217522858E-02,-1.586706681E-02, 6.666666667E-03, 2.000000000E-02, 4.402961992E+02
        60,-1.414213562E-02,-1.414213562E-02, 6.666666667E-03, 2.000000000E-02, 4.402961760E+02
        61, 1.414213562E-02,-1.414213562E-02, 6.666666667E-03, 2.000000000E-02, 4.402961760E+02
        62,-1.586706681E-02,-1.217522858E-02, 6.666666667E-03, 2.000000000E-02, 4.402961992E+02
        63, 1.586706681E-02,-1.217522858E-02, 6.666666667E-03, 2.000000000E-02, 4.402961992E+02
        64,-1.732050808E-02,-1.000000000E-02, 6.666666667E-03, 2.000000000E-02, 4.402962614E+02
        65, 1.732050808E-02,-1.000000000E-02, 6.666666667E-03, 2.000000000E-02, 4.402962614E+02
        66,-1.847759065E-02,-7.653668647E-03, 6.666666667E-03, 2.000000000E-02, 4.402963435E+02
        67, 1.847759065E-02,-7.653668647E-03, 6.666666667E-03, 2.000000000E-02, 4.402963435E+02
        68,-1.931851653E-02,-5.176380902E-03, 6.666666667E-03, 2.000000000E-02, 4.402964219E+02
        69, 1.931851653E-02,-5.176380902E-03, 6.666666667E-03, 2.000000000E-02, 4.402964219E+02
        70,-1.982889723E-02,-2.610523844E-03, 6.666666667E-03, 2.000000000E-02, 4.402964768E+02
        71, 1.982889723E-02,-2.610523844E-03, 6.666666667E-03, 2.000000000E-02, 4.402964768E+02
        72,-2.000000000E-02, 7.347880795E-18, 6.666666667E-03, 2.000000000E-02, 4.402964964E+02
        73, 2.000000000E-02,-4.898587197E-18, 6.666666667E-03, 2.000000000E-02, 4.402964964E+02
        74,-1.982889723E-02, 2.610523844E-03, 6.666666667E-03, 2.000000000E-02, 4.402964768E+02
        75, 1.982889723E-02, 2.610523844E-03, 6.666666667E-03, 2.000000000E-02, 4.402964768E+02
        76,-1.931851653E-02, 5.176380902E-03, 6.666666667E-03, 2.000000000E-02, 4.402964219E+02
        77, 1.931851653E-02, 5.176380902E-03, 6.666666667E-03, 2.000000000E-02, 4.402964219E+02
        78,-1.847759065E-02, 7.653668647E-03, 6.666666667E-03, 2.000000000E-02, 4.402963435E+02
        79, 1.847759065E-02, 7.653668647E-03, 6.666666667E-03, 2.000000000E-02, 4.402963435E+02
        80,-1.732050808E-02, 1.000000000E-02, 6.666666667E-03, 2.000000000E-02, 4.402962614E+02
        81, 1.732050808E-02, 1.000000000E-02, 6.666666667E-03, 2.000000000E-02, 4.402962614E+02
        82,-1.586706681E-02, 1.217522858E-02, 6.666666667E-03, 2.000000000E-02, 4.402961992E+02
        83, 1.586706681E-02, 1.217522858E-02, 6.666666667E-03, 2.000000000E-02, 4.402961992E+02
        84,-1.414213562E-02, 1.414213562E-02, 6.666666667E-03, 2.000000000E-02, 4.402961760E+02
        85, 1.414213562E-02, 1.414213562E-02, 6.666666667E-03, 2.000000000E-02, 4.402961760E+02
        86,-1.217522858E-02, 1.586706681E-02, 6.666666667E-03, 2.000000000E-02, 4.402961992E+02
        87, 1.217522858E-02, 1.586706681E-02, 6.666666667E-03, 2.000000000E-02, 4.402961992E+02
        88,-1.000000000E-02, 1.732050808E-02, 6.666666667E-03, 2.000000000E-02, 4.402962614E+02
        89, 1.000000000E-02, 1.732050808E-02, 6.666666667E-03, 2.000000000E-02, 4.402962614E+02
        90,-7.653668647E-03, 1.847759065E-02, 6.666666667E-03, 2.000000000E-02, 4.402963435E+02
        91, 7.653668647E-03, 1.847759065E-02, 6.666666667E-03, 2.000000000E-02, 4.402963435E+02
        92,-5.176380902E-03, 1.931851653E-02, 6.666666667E-03, 2.000000000E-02, 4.402964219E+02
        93, 5.176380902E-03, 1.931851653E-02, 6.666666667E-03, 2.000000000E-02, 4.402964219E+02
        94,-2.610523844E-03, 1.982889723E-02, 6.666666667E-03, 2.000000000E-02, 4.402964768E+02
        95, 2.610523844E-03, 1.982889723E-02, 6.666666667E-03, 2.000000000E-02, 4.402964768E+02
        96, 6.123233996E-18, 2.000000000E-02, 6.666666667E-03, 2.000000000E-02, 4.402964964E+02
        97,-3.673940397E-18,-2.000000000E-02, 1.333333333E-02, 2.000000000E-02, 4.447862376E+02
        98,-2.610523844E-03,-1.982889723E-02, 1.333333333E-02, 2.000000000E-02, 4.447862124E+02
        99, 2.610523844E-03,-1.982889723E-02, 1.333333333E-02, 2.000000000E-02, 4.447862124E+02
       100,-5.176380902E-03,-1.931851653E-02, 1.333333333E-02, 2.000000000E-02, 4.447861428E+02
       101, 5.176380902E-03,-1.931851653E-02, 1.333333333E-02, 2.000000000E-02, 4.447861428E+02
       102,-7.653668647E-03,-1.847759065E-02, 1.333333333E-02, 2.000000000E-02, 4.447860470E+02
       103, 7.653668647E-03,-1.847759065E-02, 1.333333333E-02, 2.000000000E-02, 4.447860470E+02
       104,-1.000000000E-02,-1.732050808E-02, 1.333333333E-02, 2.000000000E-02, 4.447859507E+02
       105, 1.000000000E-02,-1.732050808E-02, 1.333333333E-02, 2.000000000E-02, 4.447859507E+02
       106,-1.217522858E-02,-1.586706681E-02, 1.333333333E-02, 2.000000000E-02, 4.447858801E+02
       107, 1.217522858E-02,-1.586706681E-02, 1.333333333E-02, 2.000000000E-02, 4.447858801E+02
       108,-1.414213562E-02,-1.414213562E-02, 1.333333333E-02, 2.000000000E-02, 4.447858543E+02
       109, 1.414213562E-02,-1.414213562E-02, 1.333333333E-02, 2.000000000E-02, 4.447858543E+02
       110,-1.586706681E-02,-1.217522858E-02, 1.333333333E-02, 2.000000000E-02, 4.447858801E+02
       111, 1.586706681E-02,-1.217522858E-02, 1.333333333E-02, 2.000000000E-02, 4.447858801E+02
       112,-1.732050808E-02,-1.000000000E-02, 1.333333333E-02, 2.000000000E-02, 4.447859507E+02
       113, 1.732050808E-02,-1.000000000E-02, 1.333333333E-02, 2.000000000E-02, 4.447859507E+02
       114,-1.847759065E-02,-7.653668647E-03, 1.333333333E-02, 2.000000000E-02, 4.447860470E+02
       115, 1.847759065E-02,-7.653668647E-03, 1.333333333E-02, 2.000000000E-02, 4.447860470E+02
       116,-1.931851653E-02,-5.176380902E-03, 1.333333333E-02, 2.000000000E-02, 4.447861428E+02
       117, 1.931851653E-02,-5.176380902E-03, 1.333333333E-02, 2.000000000E-02, 4.447861428E+02
       118,-1.982889723E-02,-2.610523844E-03, 1.333333333E-02, 2.000000000E-02, 4.447862124E+02
       119, 1.982889723E-02,-2.610523844E-03, 1.333333333E-02, 2.000000000E-02, 4.447862124E+02
       120,-2.000000000E-02, 7.347880795E-18, 1.333333333E-02, 2.000000000E-02, 4.447862376E+02
       121, 2.000000000E-02,-4.898587197E-18, 1.333333333E-02, 2.000000000E-02, 4.447862376E+02
       122,-1.982889723E-02, 2.610523844E-03, 1.333333333E-02, 2.000000000E-02, 4.447862124E+02
       123, 1.982889723E-02, 2.610523844E-03, 1.333333333E-02, 2.000000000E-02, 4.447862124E+02
       124,-1.931851653E-02, 5.176380902E-03, 1.333333333E-02, 2.000000000E-02, 4.447861428E+02
       125, 1.931851653E-02, 5.176380902E-03, 1.333333333E-02, 2.000000000E-02, 4.447861428E+02
       126,-1.847759065E-02, 7.653668647E-03, 1.333333333E-02, 2.000000000E-02, 4.447860470E+02
       127, 1.847759065E-02, 7.653668647E-03, 1.333333333E-02, 2.000000000E-02, 4.447860470E+02
       128,-1.732050808E-02, 1.000000000E-02, 1.333333333E-02, 2.000000000E-02, 4.447859507E+02
       129, 1.732050808E-02, 1.000000000E-02, 1.333333333E-02, 2.000000000E-02, 4.447859507E+02
       130,-1.586706681E-02, 1.217522858E-02, 1.333333333E-02, 2.000000000E-02, 4.447858801E+02
       131, 1.586706681E-02, 1.217522858E-02, 1.333333333E-02, 2.000000000E-02, 4.447858801E+02
       132,-1.414213562E-02, 1.414213562E-02, 1.333333333E-02, 2.000000000E-02, 4.447858543E+02
       133, 1.414213562E-02, 1.414213562E-02, 1.333333333E-02, 2.000000000E-02, 4.447858543E+02
       134,-1.217522858E-02, 1.586706681E-02, 1.333333333E-02, 2.000000000E-02, 4.447858801E+02
       135, 1.217522858E-02, 1.586706681E-02, 1.333333333E-02, 2.000000000E-02, 4.447858801E+02
       136,-1.000000000E-02, 1.732050808E-02, 1.333333333E-02, 2.000000000E-02, 4.447859507E+02
       137, 1.000000000E-02, 1.732050808E-02, 1.333333333E-02, 2.000000000E-02, 4.447859507E+02
       138,-7.653668647E-03, 1.847759065E-02, 1.333333333E-02, 2.000000000E-02, 4.447860470E+02
       139, 7.653668647E-03, 1.847759065E-02, 1.333333333E-02, 2.000000000E-02, 4.447860470E+02
       140,-5.176380902E-03, 1.931851653E-02, 1.333333333E-02, 2.000000000E-02, 4.447861428E+02
       141, 5.176380902E-03, 1.931851653E-02, 1.333333333E-02, 2.000000000E-02, 4.447861428E+02
       142,-2.610523844E-03, 1.982889723E-02, 1.333333333E-02, 2.000000000E-02, 4.447862124E+02
       143, 2.610523844E-03, 1.982889723E-02, 1.333333333E-02, 2.000000000E-02, 4.447862124E+02
       144, 6.123233996E-18, 2.000000000E-02, 1.333333333E-02, 2.000000000E-02, 4.447862376E+02
       145,-3.673940397E-18,-2.000000000E-02, 2.000000000E-02, 2.000000000E-02, 4.498456037E+02
       146,-2.610523844E-03,-1.982889723E-02, 2.000000000E-02, 2.000000000E-02, 4.498455715E+02
       147, 2.610523844E-03,-1.982889723E-02, 2.000000000E-02, 2.000000000E-02, 4.498455715E+02
       148,-5.176380902E-03,-1.931851653E-02, 2.000000000E-02, 2.000000000E-02, 4.498454867E+02
       149, 5.176380902E-03,-1.931851653E-02, 2.000000000E-02, 2.000000000E-02, 4.498454867E+02
       150,-7.653668647E-03,-1.847759065E-02, 2.000000000E-02, 2.000000000E-02, 4.498453787E+02
       151, 7.653668647E-03,-1.847759065E-02, 2.000000000E-02, 2.000000000E-02, 4.498453787E+02
       152,-1.000000000E-02,-1.732050808E-02, 2.000000000E-02, 2.000000000E-02, 4.498452802E+02
       153, 1.000000000E-02,-1.732050808E-02, 2.000000000E-02, 2.000000000E-02, 4.498452802E+02
       154,-1.217522858E-02,-1.586706681E-02, 2.000000000E-02, 2.000000000E-02, 4.498452144E+02
       155, 1.217522858E-02,-1.586706681E-02, 2.000000000E-02, 2.000000000E-02, 4.498452144E+02
       156,-1.414213562E-02,-1.414213562E-02, 2.000000000E-02, 2.000000000E-02, 4.498451918E+02
       157, 1.414213562E-02,-1.414213562E-02, 2.000000000E-02, 2.000000000E-02, 4.498451918E+02
       158,-1.586706681E-02,-1.217522858E-02, 2.000000000E-02, 2.000000000E-02, 4.498452144E+02
       159, 1.586706681E-02,-1.217522858E-02, 2.000000000E-02, 2.000000000E-02, 4.498452144E+02
       160,-1.732050808E-02,-1.000000000E-02, 2.000000000E-02, 2.000000000E-02, 4.498452802E+02
       161, 1.732050808E-02,-1.000000000E-02, 2.000000000E-02, 2.000000000E-02, 4.498452802E+02
       162,-1.847759065E-02,-7.653668647E-03, 2.000000000E-02, 2.000000000E-02, 4.498453787E+02
       163, 1.847759065E-02,-7.653668647E-03, 2.000000000E-02, 2.000000000E-02, 4.498453787E+02
       164,-1.931851653E-02,-5.176380902E-03, 2.000000000E-02, 2.000000000E-02, 4.498454867E+02
       165, 1.931851653E-02,-5.176380902E-03, 2.000000000E-02, 2.000000000E-02, 4.498454867E+02
       166,-1.982889723E-02,-2.610523844E-03, 2.000000000E-02, 2.000000000E-02, 4.498455715E+02
       167, 1.982889723E-02,-2.610523844E-03, 2.000000000E-02, 2.000000000E-02, 4.498455715E+02
       168,-2.000000000E-02, 7.347880795E-18, 2.000000000E-02, 2.000000000E-02, 4.498456037E+02
       169, 2.000000000E-02,-4.898587197E-18, 2.000000000E-02, 2.000000000E-02, 4.498456037E+02
       170,-1.982889723E-02, 2.610523844E-03, 2.000000000E-02, 2.000000000E-02, 4.498455715E+02
       171, 1.982889723E-02, 2.610523844E-03, 2.000000000E-02, 2.000000000E-02, 4.498455715E+02
       172,-1.931851653E-02, 5.176380902E-03, 2.000000000E-02, 2.000000000E-02, 4.498454867E+02
       173, 1.931851653E-02, 5.176380902E-03, 2.000000000E-02, 2.000000000E-02, 4.498454867E+02
       174,-1.847759065E-02, 7.653668647E-03, 2.000000000E-02, 2.000000000E-02, 4.498453787E+02
       175, 1.847759065E-02, 7.653668647E-03, 2.000000000E-02, 2.000000000E-02, 4.498453787E+02
       176,-1.732050808E-02, 1.000000000E-02, 2.000000000E-02, 2.000000000E-02, 4.498452802E+02
       177, 1.732050808E-02, 1.000000000E-02, 2.000000000E-02, 2.000000000E-02, 4.498452802E+02
       178,-1.586706681E-02, 1.217522858E-02, 2.000000000E-02, 2.000000000E-02, 4.498452144E+02
       179, 1.586706681E-02, 1.217522858E-02, 2.000000000E-02, 2.000000000E-02, 4.498452144E+02
       180,-1.414213562E-02, 1.414213562E-02, 2.000000000E-02, 2.000000000E-02, 4.498451918E+02
       181, 1.414213562E-02, 1.414213562E-02, 2.000000000E-02, 2.000000000E-02, 4.498451918E+02
       182,-1.217522858E-02, 1.586706681E-02, 2.000000000E-02, 2.000000000E-02, 4.498452144E+02
       183, 1.217522858E-02, 1.586706681E-02, 2.000000000E-02, 2.000000000E-02, 4.498452144E+02
       184,-1.000000000E-02, 1.732050808E-02, 2.000000000E-02, 2.000000000E-02, 4.498452802E+02
       185, 1.000000000E-02, 1.732050808E-02, 2.000000000E-02, 2.000000000E-02, 4.498452802E+02
       186,-7.653668647E-03, 1.847759065E-02, 2.000000000E-02, 2.000000000E-02, 4.498453787E+02
       187, 7.653668647E-03, 1.847759065E-02, 2.000000000E-02, 2.000000000E-02, 4.498453787E+02
       188,-5.176380902E-03, 1.931851653E-02, 2.000000000E-02, 2.000000000E-02, 4.498454867E+02
       189, 5.176380902E-03, 1.931851653E-02, 2.000000000E-02, 2.000000000E-02, 4.498454867E+02
       190,-2.610523844E-03, 1.982889723E-02, 2.000000000E-02, 2.000000000E-02, 4.498455715E+02
       191, 2.610523844E-03, 1.982889723E-02, 2.000000000E-02, 2.000000000E-02, 4.498455715E+02
       192, 6.123233996E-18, 2.000000000E-02, 2.000000000E-02, 2.000000000E-02, 4.498456037E+02
       193,-3.673940397E-18,-2.000000000E-02, 2.666666667E-02, 2.000000000E-02, 4.547992873E+02
       194,-2.610523844E-03,-1.982889723E-02, 2.666666667E-02, 2.000000000E-02, 4.547992562E+02
       195, 2.610523844E-03,-1.982889723E-02, 2.666666667E-02, 2.000000000E-02, 4.547992562E+02
       196,-5.176380902E-03,-1.931851653E-02, 2.666666667E-02, 2.000000000E-02, 4.547991739E+02
       197, 5.176380902E-03,-1.931851653E-02, 2.666666667E-02, 2.000000000E-02, 4.547991739E+02
       198,-7.653668647E-03,-1.847759065E-02, 2.666666667E-02, 2.000000000E-02, 4.547990684E+02
       199, 7.653668647E-03,-1.847759065E-02, 2.666666667E-02, 2.000000000E-02, 4.547990684E+02
       200,-1.000000000E-02,-1.732050808E-02, 2.666666667E-02, 2.000000000E-02, 4.547989711E+02
       201, 1.000000000E-02,-1.732050808E-02, 2.666666667E-02, 2.000000000E-02, 4.547989711E+02
       202,-1.217522858E-02,-1.586706681E-02, 2.666666667E-02, 2.000000000E-02, 4.547989053E+02
       203, 1.217522858E-02,-1.586706681E-02, 2.666666667E-02, 2.000000000E-02, 4.547989053E+02
       204,-1.414213562E-02,-1.414213562E-02, 2.666666667E-02, 2.000000000E-02, 4.547988824E+02
       205, 1.414213562E-02,-1.414213562E-02, 2.666666667E-02, 2.000000000E-02, 4.547988824E+02
       206,-1.586706681E-02,-1.217522858E-02, 2.666666667E-02, 2.000000000E-02, 4.547989053E+02
       207, 1.586706681E-02,-1.217522858E-02, 2.666666667E-02, 2.000000000E-02, 4.547989053E+02
       208,-1.732050808E-02,-1.000000000E-02, 2.666666667E-02, 2.000000000E-02, 4.547989711E+02
       209, 1.732050808E-02,-1.000000000E-02, 2.666666667E-02, 2.000000000E-02, 4.547989711E+02
       210,-1.847759065E-02,-7.653668647E-03, 2.666666667E-02, 2.000000000E-02, 4.547990684E+02
       211, 1.847759065E-02,-7.653668647E-03, 2.666666667E-02, 2.000000000E-02, 4.547990684E+02
       212,-1.931851653E-02,-5.176380902E-03, 2.666666667E-02, 2.000000000E-02, 4.547991739E+02
       213, 1.931851653E-02,-5.176380902E-03, 2.666666667E-02, 2.000000000E-02, 4.547991739E+02
       214,-1.982889723E-02,-2.610523844E-03, 2.666666667E-02, 2.000000000E-02, 4.547992562E+02
       215, 1.982889723E-02,-2.610523844E-03, 2.666666667E-02, 2.000000000E-02, 4.547992562E+02
       216,-2.000000000E-02, 7.347880795E-18, 2.666666667E-02, 2.000000000E-02, 4.547992874E+02
       217, 2.000000000E-02,-4.898587197E-18, 2.666666667E-02, 2.000000000E-02, 4.547992874E+02
       218,-1.982889723E-02, 2.610523844E-03, 2.666666667E-02, 2.000000000E-02, 4.547992562E+02
       219, 1.982889723E-02, 2.610523844E-03, 2.666666667E-02, 2.000000000E-02, 4.547992562E+02
       220,-1.931851653E-02, 5.176380902E-03, 2.666666667E-02, 2.000000000E-02, 4.547991739E+02
       221, 1.931851653E-02, 5.176380902E-03, 2.666666667E-02, 2.000000000E-02, 4.547991739E+02
       222,-1.847759065E-02, 7.653668647E-03, 2.666666667E-02, 2.000000000E-02, 4.547990684E+02
       223, 1.847759065E-02, 7.653668647E-03, 2.666666667E-02, 2.000000000E-02, 4.547990684E+02
       224,-1.732050808E-02, 1.000000000E-02, 2.666666667E-02, 2.000000000E-02, 4.547989711E+02
       225, 1.732050808E-02, 1.000000000E-02, 2.666666667E-02, 2.000000000E-02, 4.547989711E+02
       226,-1.586706681E-02, 1.217522858E-02, 2.666666667E-02, 2.000000000E-02, 4.547989053E+02
       227, 1.586706681E-02, 1.217522858E-02, 2.666666667E-02, 2.000000000E-02, 4.547989053E+02
       228,-1.414213562E-02, 1.414213562E-02, 2.666666667E-02, 2.000000000E-02, 4.547988824E+02
       229, 1.414213562E-02, 1.414213562E-02, 2.666666667E-02, 2.000000000E-02, 4.547988824E+02
       230,-1.217522858E-02, 1.586706681E-02, 2.666666667E-02, 2.000000000E-02, 4.547989053E+02
       231, 1.217522858E-02, 1.586706681E-02, 2.666666667E-02, 2.000000000E-02, 4.547989053E+02
       232,-1.000000000E-02, 1.732050808E-02, 2.666666667E-02, 2.000000000E-02, 4.547989711E+02
       233, 1.000000000E-02, 1.732050808E-02, 2.666666667E-02, 2.000000000E-02, 4.547989711E+02
       234,-7.653668647E-03, 1.847759065E-02, 2.666666667E-02, 2.000000000E-02, 4.547990684E+02
       235, 7.653668647E-03, 1.847759065E-02, 2.666666667E-02, 2.000000000E-02, 4.547990684E+02
       236,-5.176380902E-03, 1.931851653E-02, 2.666666667E-02, 2.000000000E-02, 4.547991739E+02
       237, 5.176380902E-03, 1.931851653E-02, 2.666666667E-02, 2.000000000E-02, 4.547991739E+02
       238,-2.610523844E-03, 1.982889723E-02, 2.666666667E-02, 2.000000000E-02, 4.547992562E+02
       239, 2.610523844E-03, 1.982889723E-02, 2.666666667E-02, 2.000000000E-02, 4.547992562E+02
       240, 6.123233996E-18, 2.000000000E-02, 2.666666667E-02, 2.000000000E-02, 4.547992873E+02
       241,-3.673940397E-18,-2.000000000E-02, 3.333333333E-02, 2.000000000E-02, 4.595081320E+02
       242,-2.610523844E-03,-1.982889723E-02, 3.333333333E-02, 2.000000000E-02, 4.595080995E+02
       243, 2.610523844E-03,-1.982889723E-02, 3.333333333E-02, 2.000000000E-02, 4.595080995E+02
       244,-5.176380902E-03,-1.931851653E-02, 3.333333333E-02, 2.000000000E-02, 4.595080115E+02
       245, 5.176380902E-03,-1.931851653E-02, 3.333333333E-02, 2.000000000E-02, 4.595080115E+02
       246,-7.653668647E-03,-1.847759065E-02, 3.333333333E-02, 2.000000000E-02, 4.595078934E+02
       247, 7.653668647E-03,-1.847759065E-02, 3.333333333E-02, 2.000000000E-02, 4.595078934E+02
       248,-1.000000000E-02,-1.732050808E-02, 3.333333333E-02, 2.000000000E-02, 4.595077775E+02
       249, 1.000000000E-02,-1.732050808E-02, 3.333333333E-02, 2.000000000E-02, 4.595077775E+02
       250,-1.217522858E-02,-1.586706681E-02, 3.333333333E-02, 2.000000000E-02, 4.595076943E+02
       251, 1.217522858E-02,-1.586706681E-02, 3.333333333E-02, 2.000000000E-02, 4.595076943E+02
       252,-1.414213562E-02,-1.414213562E-02, 3.333333333E-02, 2.000000000E-02, 4.595076642E+02
       253, 1.414213562E-02,-1.414213562E-02, 3.333333333E-02, 2.000000000E-02, 4.595076642E+02
       254,-1.586706681E-02,-1.217522858E-02, 3.333333333E-02, 2.000000000E-02, 4.595076943E+02
       255, 1.586706681E-02,-1.217522858E-02, 3.333333333E-02, 2.000000000E-02, 4.595076943E+02
       256,-1.732050808E-02,-1.000000000E-02, 3.333333333E-02, 2.000000000E-02, 4.595077775E+02
       257, 1.732050808E-02,-1.000000000E-02, 3.333333333E-02, 2.000000000E-02, 4.595077775E+02
       258,-1.847759065E-02,-7.653668647E-03, 3.333333333E-02, 2.000000000E-02, 4.595078934E+02
       259, 1.847759065E-02,-7.653668647E-03, 3.333333333E-02, 2.000000000E-02, 4.595078934E+02
       260,-1.931851653E-02,-5.176380902E-03, 3.333333333E-02, 2.000000000E-02, 4.595080115E+02
       261, 1.931851653E-02,-5.176380902E-03, 3.333333333E-02, 2.000000000E-02, 4.595080115E+02
       262,-1.982889723E-02,-2.610523844E-03, 3.333333333E-02, 2.000000000E-02, 4.595080995E+02
       263, 1.982889723E-02,-2.610523844E-03, 3.333333333E-02, 2.000000000E-02, 4.595080995E+02
       264,-2.000000000E-02, 7.347880795E-18, 3.333333333E-02, 2.000000000E-02, 4.595081320E+02
       265, 2.000000000E-02,-4.898587197E-18, 3.333333333E-02, 2.000000000E-02, 4.595081320E+02
       266,-1.982889723E-02, 2.610523844E-03, 3.333333333E-02, 2.000000000E-02, 4.595080995E+02
       267, 1.982889723E-02, 2.610523844E-03, 3.333333333E-02, 2.000000000E-02, 4.595080995E+02
       268,-1.931851653E-02, 5.176380902E-03, 3.333333333E-02, 2.000000000E-02, 4.595080115E+02
       269, 1.931851653E-02, 5.176380902E-03, 3.333333333E-02, 2.000000000E-02, 4.595080115E+02
       270,-1.847759065E-02, 7.653668647E-03, 3.333333333E-02, 2.000000000E-02, 4.595078934E+02
       271, 1.847759065E-02, 7.653668647E-03, 3.333333333E-02, 2.000000000E-02, 4.595078934E+02
       272,-1.732050808E-02, 1.000000000E-02, 3.333333333E-02, 2.000000000E-02, 4.595077775E+02
       273, 1.732050808E-02, 1.000000000E-02, 3.333333333E-02, 2.000000000E-02, 4.595077775E+02
       274,-1.586706681E-02, 1.217522858E-02, 3.333333333E-02, 2.000000000E-02, 4.595076943E+02
       275, 1.586706681E-02, 1.217522858E-02, 3.333333333E-02, 2.000000000E-02, 4.595076943E+02
       276,-1.414213562E-02, 1.414213562E-02, 3.333333333E-02, 2.000000000E-02, 4.595076642E+02
       277, 1.414213562E-02, 1.414213562E-02, 3.333333333E-02, 2.000000000E-02, 4.595076642E+02
       278,-1.217522858E-02, 1.586706681E-02, 3.333333333E-02, 2.000000000E-02, 4.595076943E+02
       279, 1.217522858E-02, 1.586706681E-02, 3.333333333E-02, 2.000000000E-02, 4.595076943E+02
       280,-1.000000000E-02, 1.732050808E-02, 3.333333333E-02, 2.000000000E-02, 4.595077775E+02
       281, 1.000000000E-02, 1.732050808E-02, 3.333333333E-02, 2.000000000E-02, 4.595077775E+02
       282,-7.653668647E-03, 1.847759065E-02, 3.333333333E-02, 2.000000000E-02, 4.595078934E+02
       283, 7.653668647E-03, 1.847759065E-02, 3.333333333E-02, 2.000000000E-02, 4.595078934E+02
       284,-5.176380902E-03, 1.931851653E-02, 3.333333333E-02, 2.000000000E-02, 4.595080115E+02
       285, 5.176380902E-03, 1.931851653E-02, 3.333333333E-02, 2.000000000E-02, 4.595080115E+02
       286,-2.610523844E-03, 1.982889723E-02, 3.333333333E-02, 2.000000000E-02, 4.595080995E+02
       287, 2.610523844E-03, 1.982889723E-02, 3.333333333E-02, 2.000000000E-02, 4.595080995E+02
       288, 6.123233996E-18, 2.000000000E-02, 3.333333333E-02, 2.000000000E-02, 4.595081320E+02
       289,-3.673940397E-18,-2.000000000E-02, 4.000000000E-02, 2.000000000E-02, 4.639619599E+02
       290,-2.610523844E-03,-1.982889723E-02, 4.000000000E-02, 2.000000000E-02, 4.639619236E+02
       291, 2.610523844E-03,-1.982889723E-02, 4.000000000E-02, 2.000000000E-02, 4.639619236E+02
       292,-5.176380902E-03,-1.931851653E-02, 4.000000000E-02, 2.000000000E-02, 4.639618242E+02
       293, 5.176380902E-03,-1.931851653E-02, 4.000000000E-02, 2.000000000E-02, 4.639618242E+02
       294,-7.653668647E-03,-1.847759065E-02, 4.000000000E-02, 2.000000000E-02, 4.639616880E+02
       295, 7.653668647E-03,-1.847759065E-02, 4.000000000E-02, 2.000000000E-02, 4.639616880E+02
       296,-1.000000000E-02,-1.732050808E-02, 4.000000000E-02, 2.000000000E-02, 4.639615508E+02
       297, 1.000000000E-02,-1.732050808E-02, 4.000000000E-02, 2.000000000E-02, 4.639615508E+02
       298,-1.217522858E-02,-1.586706681E-02, 4.000000000E-02, 2.000000000E-02, 4.639614498E+02
       299, 1.217522858E-02,-1.586706681E-02, 4.000000000E-02, 2.000000000E-02, 4.639614498E+02
       300,-1.414213562E-02,-1.414213562E-02, 4.000000000E-02, 2.000000000E-02, 4.639614127E+02
       301, 1.414213562E-02,-1.414213562E-02, 4.000000000E-02, 2.000000000E-02, 4.639614127E+02
       302,-1.586706681E-02,-1.217522858E-02, 4.000000000E-02, 2.000000000E-02, 4.639614498E+02
       303, 1.586706681E-02,-1.217522858E-02, 4.000000000E-02, 2.000000000E-02, 4.639614498E+02
       304,-1.732050808E-02,-1.000000000E-02, 4.000000000E-02, 2.000000000E-02, 4.639615508E+02
       305, 1.732050808E-02,-1.000000000E-02, 4.000000000E-02, 2.000000000E-02, 4.639615508E+02
       306,-1.847759065E-02,-7.653668647E-03, 4.000000000E-02, 2.000000000E-02, 4.639616880E+02
       307, 1.847759065E-02,-7.653668647E-03, 4.000000000E-02, 2.000000000E-02, 4.639616880E+02
       308,-1.931851653E-02,-5.176380902E-03, 4.000000000E-02, 2.000000000E-02, 4.639618242E+02
       309, 1.931851653E-02,-5.176380902E-03, 4.000000000E-02, 2.000000000E-02, 4.639618242E+02
       310,-1.982889723E-02,-2.610523844E-03, 4.000000000E-02, 2.000000000E-02, 4.639619236E+02
       311, 1.982889723E-02,-2.610523844E-03, 4.000000000E-02, 2.000000000E-02, 4.639619236E+02
       312,-2.000000000E-02, 7.347880795E-18, 4.000000000E-02, 2.000000000E-02, 4.639619599E+02
       313, 2.000000000E-02,-4.898587197E-18, 4.000000000E-02, 2.000000000E-02, 4.639619599E+02
       314,-1.982889723E-02, 2.610523844E-03, 4.000000000E-02, 2.000000000E-02, 4.639619236E+02
       315, 1.982889723E-02, 2.610523844E-03, 4.000000000E-02, 2.000000000E-02, 4.639619236E+02
       316,-1.931851653E-02, 5.176380902E-03, 4.000000000E-02, 2.000000000E-02, 4.639618242E+02
       317, 1.931851653E-02, 5.176380902E-03, 4.000000000E-02, 2.000000000E-02, 4.639618242E+02
       318,-1.847759065E-02, 7.653668647E-03, 4.000000000E-02, 2.000000000E-02, 4.639616880E+02
       319, 1.847759065E-02, 7.653668647E-03, 4.000000000E-02, 2.000000000E-02, 4.639616880E+02
       320,-1.732050808E-02, 1.000000000E-02, 4.000000000E-02, 2.000000000E-02, 4.639615508E+02
       321, 1.732050808E-02, 1.000000000E-02, 4.000000000E-02, 2.000000000E-02, 4.639615508E+02
       322,-1.586706681E-02, 1.217522858E-02, 4.000000000E-02, 2.000000000E-02, 4.639614498E+02
       323, 1.586706681E-02, 1.217522858E-02, 4.000000000E-02, 2.000000000E-02, 4.639614498E+02
       324,-1.414213562E-02, 1.414213562E-02, 4.000000000E-02, 2.000000000E-02, 4.639614127E+02
       325, 1.414213562E-02, 1.414213562E-02, 4.000000000E-02, 2.000000000E-02, 4.639614127E+02
       326,-1.217522858E-02, 1.586706681E-02, 4.000000000E-02, 2.000000000E-02, 4.639614498E+02
       327, 1.217522858E-02, 1.586706681E-02, 4.000000000E-02, 2.000000000E-02, 4.639614498E+02
       328,-1.000000000E-02, 1.732050808E-02, 4.000000000E-02, 2.000000000E-02, 4.639615508E+02
       329, 1.000000000E-02, 1.732050808E-02, 4.000000000E-02, 2.000000000E-02, 4.639615508E+02
       330,-7.653668647E-03, 1.847759065E-02, 4.000000000E-02, 2.000000000E-02, 4.639616880E+02
       331, 7.653668647E-03, 1.847759065E-02, 4.000000000E-02, 2.000000000E-02, 4.639616880E+02
       332,-5.176380902E-03, 1.931851653E-02, 4.000000000E-02, 2.000000000E-02, 4.639618242E+02
       333, 5.176380902E-03, 1.931851653E-02, 4.000000000E-02, 2.000000000E-02, 4.639618242E+02
       334,-2.610523844E-03, 1.982889723E-02, 4.000000000E-02, 2.000000000E-02, 4.639619236E+02
       335, 2.610523844E-03, 1.982889723E-02, 4.000000000E-02, 2.000000000E-02, 4.639619236E+02
       336, 6.123233996E-18, 2.000000000E-02, 4.000000000E-02, 2.000000000E-02, 4.639619599E+02
       337,-3.673940397E-18,-2.000000000E-02, 4.666666667E-02, 2.000000000E-02, 4.681725950E+02
       338,-2.610523844E-03,-1.982889723E-02, 4.666666667E-02, 2.000000000E-02, 4.681725535E+02
       339, 2.610523844E-03,-1.982889723E-02, 4.666666667E-02, 2.000000000E-02, 4.681725535E+02
       340,-5.176380902E-03,-1.931851653E-02, 4.666666667E-02, 2.000000000E-02, 4.681724391E+02
       341, 5.176380902E-03,-1.931851653E-02, 4.666666667E-02, 2.000000000E-02, 4.681724391E+02
       342,-7.653668647E-03,-1.847759065E-02, 4.666666667E-02, 2.000000000E-02, 4.681722807E+02
       343, 7.653668647E-03,-1.847759065E-02, 4.666666667E-02, 2.000000000E-02, 4.681722807E+02
       344,-1.000000000E-02,-1.732050808E-02, 4.666666667E-02, 2.000000000E-02, 4.681721197E+02
       345, 1.000000000E-02,-1.732050808E-02, 4.666666667E-02, 2.000000000E-02, 4.681721197E+02
       346,-1.217522858E-02,-1.586706681E-02, 4.666666667E-02, 2.000000000E-02, 4.681720001E+02
       347, 1.217522858E-02,-1.586706681E-02, 4.666666667E-02, 2.000000000E-02, 4.681720001E+02
       348,-1.414213562E-02,-1.414213562E-02, 4.666666667E-02, 2.000000000E-02, 4.681719559E+02
       349, 1.414213562E-02,-1.414213562E-02, 4.666666667E-02, 2.000000000E-02, 4.681719559E+02
       350,-1.586706681E-02,-1.217522858E-02, 4.666666667E-02, 2.000000000E-02, 4.681720001E+02
       351, 1.586706681E-02,-1.217522858E-02, 4.666666667E-02, 2.000000000E-02, 4.681720001E+02
       352,-1.732050808E-02,-1.000000000E-02, 4.666666667E-02, 2.000000000E-02, 4.681721197E+02
       353, 1.732050808E-02,-1.000000000E-02, 4.666666667E-02, 2.000000000E-02, 4.681721197E+02
       354,-1.847759065E-02,-7.653668647E-03, 4.666666667E-02, 2.000000000E-02, 4.681722807E+02
       355, 1.847759065E-02,-7.653668647E-03, 4.666666667E-02, 2.000000000E-02, 4.681722807E+02
       356,-1.931851653E-02,-5.176380902E-03, 4.666666667E-02, 2.000000000E-02, 4.681724391E+02
       357, 1.931851653E-02,-5.176380902E-03, 4.666666667E-02, 2.000000000E-02, 4.681724391E+02
       358,-1.982889723E-02,-2.610523844E-03, 4.666666667E-02, 2.000000000E-02, 4.681725535E+02
       359, 1.982889723E-02,-2.610523844E-03, 4.666666667E-02, 2.000000000E-02, 4.681725535E+02
       360,-2.000000000E-02, 7.347880795E-18, 4.666666667E-02, 2.000000000E-02, 4.681725950E+02
       361, 2.000000000E-02,-4.898587197E-18, 4.666666667E-02, 2.000000000E-02, 4.681725950E+02
       362,-1.982889723E-02, 2.610523844E-03, 4.666666667E-02, 2.000000000E-02, 4.681725535E+02
       363, 1.982889723E-02, 2.610523844E-03, 4.666666667E-02, 2.000000000E-02, 4.681725535E+02
       364,-1.931851653E-02, 5.176380902E-03, 4.666666667E-02, 2.000000000E-02, 4.681724391E+02
       365, 1.931851653E-02, 5.176380902E-03, 4.666666667E-02, 2.000000000E-02, 4.681724391E+02
       366,-1.847759065E-02, 7.653668647E-03, 4.666666667E-02, 2.000000000E-02, 4.681722807E+02
       367, 1.847759065E-02, 7.653668647E-03, 4.666666667E-02, 2.000000000E-02, 4.681722807E+02
       368,-1.732050808E-02, 1.000000000E-02, 4.666666667E-02, 2.000000000E-02, 4.681721197E+02
       369, 1.732050808E-02, 1.000000000E-02, 4.666666667E-02, 2.000000000E-02, 4.681721197E+02
       370,-1.586706681E-02, 1.217522858E-02, 4.666666667E-02, 2.000000000E-02, 4.681720001E+02
       371, 1.586706681E-02, 1.217522858E-02, 4.666666667E-02, 2.000000000E-02, 4.681720001E+02
       372,-1.414213562E-02, 1.414213562E-02, 4.666666667E-02, 2.000000000E-02, 4.681719559E+02
       373, 1.414213562E-02, 1.414213562E-02, 4.666666667E-02, 2.000000000E-02, 4.681719559E+02
       374,-1.217522858E-02, 1.586706681E-02, 4.666666667E-02, 2.000000000E-02, 4.681720001E+02
       375, 1.217522858E-02, 1.586706681E-02, 4.666666667E-02, 2.000000000E-02, 4.681720001E+02
       376,-1.000000000E-02, 1.732050808E-02, 4.666666667E-02, 2.000000000E-02, 4.681721197E+02
       377, 1.000000000E-02, 1.732050808E-02, 4.666666667E-02, 2.000000000E-02, 4.681721197E+02
       378,-7.653668647E-03, 1.847759065E-02, 4.666666667E-02, 2.000000000E-02, 4.681722807E+02
       379, 7.653668647E-03, 1.847759065E-02, 4.666666667E-02, 2.000000000E-02, 4.681722807E+02
       380,-5.176380902E-03, 1.931851653E-02, 4.666666667E-02, 2.000000000E-02, 4.681724391E+02
       381, 5.176380902E-03, 1.931851653E-02, 4.666666667E-02, 2.000000000E-02, 4.681724391E+02
       382,-2.610523844E-03, 1.982889723E-02, 4.666666667E-02, 2.000000000E-02, 4.681725535E+02
       383, 2.610523844E-03, 1.982889723E-02, 4.666666667E-02, 2.000000000E-02, 4.681725535E+02
       384, 6.123233996E-18, 2.000000000E-02, 4.666666667E-02, 2.000000000E-02, 4.681725950E+02
       385,-3.673940397E-18,-2.000000000E-02, 5.333333333E-02, 2.000000000E-02, 4.721538251E+02
       386,-2.610523844E-03,-1.982889723E-02, 5.333333333E-02, 2.000000000E-02, 4.721537786E+02
       387, 2.610523844E-03,-1.982889723E-02, 5.333333333E-02, 2.000000000E-02, 4.721537786E+02
       388,-5.176380902E-03,-1.931851653E-02, 5.333333333E-02, 2.000000000E-02, 4.721536503E+02
       389, 5.176380902E-03,-1.931851653E-02, 5.333333333E-02, 2.000000000E-02, 4.721536503E+02
       390,-7.653668647E-03,-1.847759065E-02, 5.333333333E-02, 2.000000000E-02, 4.721534725E+02
       391, 7.653668647E-03,-1.847759065E-02, 5.333333333E-02, 2.000000000E-02, 4.721534725E+02
       392,-1.000000000E-02,-1.732050808E-02, 5.333333333E-02, 2.000000000E-02, 4.721532916E+02
       393, 1.000000000E-02,-1.732050808E-02, 5.333333333E-02, 2.000000000E-02, 4.721532916E+02
       394,-1.217522858E-02,-1.586706681E-02, 5.333333333E-02, 2.000000000E-02, 4.721531574E+02
       395, 1.217522858E-02,-1.586706681E-02, 5.333333333E-02, 2.000000000E-02, 4.721531574E+02
       396,-1.414213562E-02,-1.414213562E-02, 5.333333333E-02, 2.000000000E-02, 4.721531079E+02
       397, 1.414213562E-02,-1.414213562E-02, 5.333333333E-02, 2.000000000E-02, 4.721531079E+02
       398,-1.586706681E-02,-1.217522858E-02, 5.333333333E-02, 2.000000000E-02, 4.721531574E+02
       399, 1.586706681E-02,-1.217522858E-02, 5.333333333E-02, 2.000000000E-02, 4.721531574E+02
       400,-1.732050808E-02,-1.000000000E-02, 5.333333333E-02, 2.000000000E-02, 4.721532916E+02
       401, 1.732050808E-02,-1.000000000E-02, 5.333333333E-02, 2.000000000E-02, 4.721532916E+02
       402,-1.847759065E-02,-7.653668647E-03, 5.333333333E-02, 2.000000000E-02, 4.721534725E+02
       403, 1.847759065E-02,-7.653668647E-03, 5.333333333E-02, 2.000000000E-02, 4.721534725E+02
       404,-1.931851653E-02,-5.176380902E-03, 5.333333333E-02, 2.000000000E-02, 4.721536504E+02
       405, 1.931851653E-02,-5.176380902E-03, 5.333333333E-02, 2.000000000E-02, 4.721536504E+02
       406,-1.982889723E-02,-2.610523844E-03, 5.333333333E-02, 2.000000000E-02, 4.721537786E+02
       407, 1.982889723E-02,-2.610523844E-03, 5.333333333E-02, 2.000000000E-02, 4.721537786E+02
       408,-2.000000000E-02, 7.347880795E-18, 5.333333333E-02, 2.000000000E-02, 4.721538251E+02
       409, 2.000000000E-02,-4.898587197E-18, 5.333333333E-02, 2.000000000E-02, 4.721538251E+02
       410,-1.982889723E-02, 2.610523844E-03, 5.333333333E-02, 2.000000000E-02, 4.721537786E+02
       411, 1.982889723E-02, 2.610523844E-03, 5.333333333E-02, 2.000000000E-02, 4.721537786E+02
       412,-1.931851653E-02, 5.176380902E-03, 5.333333333E-02, 2.000000000E-02, 4.721536504E+02
       413, 1.931851653E-02, 5.176380902E-03, 5.333333333E-02, 2.000000000E-02, 4.721536504E+02
       414,-1.847759065E-02, 7.653668647E-03, 5.333333333E-02, 2.000000000E-02, 4.721534725E+02
       415, 1.847759065E-02, 7.653668647E-03, 5.333333333E-02, 2.000000000E-02, 4.721534725E+02
       416,-1.732050808E-02, 1.000000000E-02, 5.333333333E-02, 2.000000000E-02, 4.721532916E+02
       417, 1.732050808E-02, 1.000000000E-02, 5.333333333E-02, 2.000000000E-02, 4.721532916E+02
       418,-1.586706681E-02, 1.217522858E-02, 5.333333333E-02, 2.000000000E-02, 4.721531574E+02
       419, 1.586706681E-02, 1.217522858E-02, 5.333333333E-02, 2.000000000E-02, 4.721531574E+02
       420,-1.414213562E-02, 1.414213562E-02, 5.333333333E-02, 2.000000000E-02, 4.721531079E+02
       421, 1.414213562E-02, 1.414213562E-02, 5.333333333E-02, 2.000000000E-02, 4.721531079E+02
       422,-1.217522858E-02, 1.586706681E-02, 5.333333333E-02, 2.000000000E-02, 4.721531574E+02
       423, 1.217522858E-02, 1.586706681E-02, 5.333333333E-02, 2.000000000E-02, 4.721531574E+02
       424,-1.000000000E-02, 1.732050808E-02, 5.333333333E-02, 2.000000000E-02, 4.721532916E+02
       425, 1.000000000E-02, 1.732050808E-02, 5.333333333E-02, 2.000000000E-02, 4.721532916E+02
       426,-7.653668647E-03, 1.847759065E-02, 5.333333333E-02, 2.000000000E-02, 4.721534725E+02
       427, 7.653668647E-03, 1.847759065E-02, 5.333333333E-02, 2.000000000E-02, 4.721534725E+02
       428,-5.176380902E-03, 1.931851653E-02, 5.333333333E-02, 2.000000000E-02, 4.721536503E+02
       429, 5.176380902E-03, 1.931851653E-02, 5.333333333E-02, 2.000000000E-02, 4.721536503E+02
       430,-2.610523844E-03, 1.982889723E-02, 5.333333333E-02, 2.000000000E-02, 4.721537786E+02
       431, 2.610523844E-03, 1.982889723E-02, 5.333333333E-02, 2.000000000E-02, 4.721537786E+02
       432, 6.123233996E-18, 2.000000000E-02, 5.333333333E-02, 2.000000000E-02, 4.721538251E+02
       433,-3.673940397E-18,-2.000000000E-02, 6.000000000E-02, 2.000000000E-02, 4.759178950E+02
       434,-2.610523844E-03,-1.982889723E-02, 6.000000000E-02, 2.000000000E-02, 4.759178455E+02
       435, 2.610523844E-03,-1.982889723E-02, 6.000000000E-02, 2.000000000E-02, 4.759178455E+02
       436,-5.176380902E-03,-1.931851653E-02, 6.000000000E-02, 2.000000000E-02, 4.759177095E+02
       437, 5.176380902E-03,-1.931851653E-02, 6.000000000E-02, 2.000000000E-02, 4.759177095E+02
       438,-7.653668647E-03,-1.847759065E-02, 6.000000000E-02, 2.000000000E-02, 4.759175215E+02
       439, 7.653668647E-03,-1.847759065E-02, 6.000000000E-02, 2.000000000E-02, 4.759175215E+02
       440,-1.000000000E-02,-1.732050808E-02, 6.000000000E-02, 2.000000000E-02, 4.759173313E+02
       441, 1.000000000E-02,-1.732050808E-02, 6.000000000E-02, 2.000000000E-02, 4.759173313E+02
       442,-1.217522858E-02,-1.586706681E-02, 6.000000000E-02, 2.000000000E-02, 4.759171908E+02
       443, 1.217522858E-02,-1.586706681E-02, 6.000000000E-02, 2.000000000E-02, 4.759171908E+02
       444,-1.414213562E-02,-1.414213562E-02, 6.000000000E-02, 2.000000000E-02, 4.759171392E+02
       445, 1.414213562E-02,-1.414213562E-02, 6.000000000E-02, 2.000000000E-02, 4.759171392E+02
       446,-1.586706681E-02,-1.217522858E-02, 6.000000000E-02, 2.000000000E-02, 4.759171908E+02
       447, 1.586706681E-02,-1.217522858E-02, 6.000000000E-02, 2.000000000E-02, 4.759171908E+02
       448,-1.732050808E-02,-1.000000000E-02, 6.000000000E-02, 2.000000000E-02, 4.759173313E+02
       449, 1.732050808E-02,-1.000000000E-02, 6.000000000E-02, 2.000000000E-02, 4.759173313E+02
       450,-1.847759065E-02,-7.653668647E-03, 6.000000000E-02, 2.000000000E-02, 4.759175215E+02
       451, 1.847759065E-02,-7.653668647E-03, 6.000000000E-02, 2.000000000E-02, 4.759175215E+02
       452,-1.931851653E-02,-5.176380902E-03, 6.000000000E-02, 2.000000000E-02, 4.759177095E+02
       453, 1.931851653E-02,-5.176380902E-03, 6.000000000E-02, 2.000000000E-02, 4.759177095E+02
       454,-1.982889723E-02,-2.610523844E-03, 6.000000000E-02, 2.000000000E-02, 4.759178455E+02
       455, 1.982889723E-02,-2.610523844E-03, 6.000000000E-02, 2.000000000E-02, 4.759178455E+02
       456,-2.000000000E-02, 7.347880795E-18, 6.000000000E-02, 2.000000000E-02, 4.759178950E+02
       457, 2.000000000E-02,-4.898587197E-18, 6.000000000E-02, 2.000000000E-02, 4.759178950E+02
       458,-1.982889723E-02, 2.610523844E-03, 6.000000000E-02, 2.000000000E-02, 4.759178455E+02
       459, 1.982889723E-02, 2.610523844E-03, 6.000000000E-02, 2.000000000E-02, 4.759178455E+02
       460,-1.931851653E-02, 5.176380902E-03, 6.000000000E-02, 2.000000000E-02, 4.759177095E+02
       461, 1.931851653E-02, 5.176380902E-03, 6.000000000E-02, 2.000000000E-02, 4.759177095E+02
       462,-1.847759065E-02, 7.653668647E-03, 6.000000000E-02, 2.000000000E-02, 4.759175215E+02
       463, 1.847759065E-02, 7.653668647E-03, 6.000000000E-02, 2.000000000E-02, 4.759175215E+02
       464,-1.732050808E-02, 1.000000000E-02, 6.000000000E-02, 2.000000000E-02, 4.759173313E+02
       465, 1.732050808E-02, 1.000000000E-02, 6.000000000E-02, 2.000000000E-02, 4.759173313E+02
       466,-1.586706681E-02, 1.217522858E-02, 6.000000000E-02, 2.000000000E-02, 4.759171908E+02
       467, 1.586706681E-02, 1.217522858E-02, 6.000000000E-02, 2.000000000E-02, 4.759171908E+02
       468,-1.414213562E-02, 1.414213562E-02, 6.000000000E-02, 2.000000000E-02, 4.759171392E+02
       469, 1.414213562E-02, 1.414213562E-02, 6.000000000E-02, 2.000000000E-02, 4.759171392E+02
       470,-1.217522858E-02, 1.586706681E-02, 6.000000000E-02, 2.000000000E-02, 4.759171908E+02
       471, 1.217522858E-02, 1.586706681E-02, 6.000000000E-02, 2.000000000E-02, 4.759171908E+02
       472,-1.000000000E-02, 1.732050808E-02, 6.000000000E-02, 2.000000000E-02, 4.759173313E+02
       473, 1.000000000E-02, 1.732050808E-02, 6.000000000E-02, 2.000000000E-02, 4.759173313E+02
       474,-7.653668647E-03, 1.847759065E-02, 6.000000000E-02, 2.000000000E-02, 4.759175215E+02
       475, 7.653668647E-03, 1.847759065E-02, 6.000000000E-02, 2.000000000E-02, 4.759175215E+02
       476,-5.176380902E-03, 1.931851653E-02, 6.000000000E-02, 2.000000000E-02, 4.759177095E+02
       477, 5.176380902E-03, 1.931851653E-02, 6.000000000E-02, 2.000000000E-02, 4.759177095E+02
       478,-2.610523844E-03, 1.982889723E-02, 6.000000000E-02, 2.000000000E-02, 4.759178455E+02
       479, 2.610523844E-03, 1.982889723E-02, 6.000000000E-02, 2.000000000E-02, 4.759178455E+02
       480, 6.123233996E-18, 2.000000000E-02, 6.000000000E-02, 2.000000000E-02, 4.759178950E+02
       481,-3.673940397E-18,-2.000000000E-02, 6.666666667E-02, 2.000000000E-02, 4.794763758E+02
       482,-2.610523844E-03,-1.982889723E-02, 6.666666667E-02, 2.000000000E-02, 4.794763251E+02
       483, 2.610523844E-03,-1.982889723E-02, 6.666666667E-02, 2.000000000E-02, 4.794763251E+02
       484,-5.176380902E-03,-1.931851653E-02, 6.666666667E-02, 2.000000000E-02, 4.794761859E+02
       485, 5.176380902E-03,-1.931851653E-02, 6.666666667E-02, 2.000000000E-02, 4.794761859E+02
       486,-7.653668647E-03,-1.847759065E-02, 6.666666667E-02, 2.000000000E-02, 4.794759945E+02
       487, 7.653668647E-03,-1.847759065E-02, 6.666666667E-02, 2.000000000E-02, 4.794759945E+02
       488,-1.000000000E-02,-1.732050808E-02, 6.666666667E-02, 2.000000000E-02, 4.794758022E+02
       489, 1.000000000E-02,-1.732050808E-02, 6.666666667E-02, 2.000000000E-02, 4.794758022E+02
       490,-1.217522858E-02,-1.586706681E-02, 6.666666667E-02, 2.000000000E-02, 4.794756613E+02
       491, 1.217522858E-02,-1.586706681E-02, 6.666666667E-02, 2.000000000E-02, 4.794756613E+02
       492,-1.414213562E-02,-1.414213562E-02, 6.666666667E-02, 2.000000000E-02, 4.794756098E+02
       493, 1.414213562E-02,-1.414213562E-02, 6.666666667E-02, 2.000000000E-02, 4.794756098E+02
       494,-1.586706681E-02,-1.217522858E-02, 6.666666667E-02, 2.000000000E-02, 4.794756613E+02
       495, 1.586706681E-02,-1.217522858E-02, 6.666666667E-02, 2.000000000E-02, 4.794756613E+02
       496,-1.732050808E-02,-1.000000000E-02, 6.666666667E-02, 2.000000000E-02, 4.794758022E+02
       497, 1.732050808E-02,-1.000000000E-02, 6.666666667E-02, 2.000000000E-02, 4.794758022E+02
       498,-1.847759065E-02,-7.653668647E-03, 6.666666667E-02, 2.000000000E-02, 4.794759945E+02
       499, 1.847759065E-02,-7.653668647E-03, 6.666666667E-02, 2.000000000E-02, 4.794759945E+02
       500,-1.931851653E-02,-5.176380902E-03, 6.666666667E-02, 2.000000000E-02, 4.794761859E+02
       501, 1.931851653E-02,-5.176380902E-03, 6.666666667E-02, 2.000000000E-02, 4.794761859E+02
       502,-1.982889723E-02,-2.610523844E-03, 6.666666667E-02, 2.000000000E-02, 4.794763251E+02
       503, 1.982889723E-02,-2.610523844E-03, 6.666666667E-02, 2.000000000E-02, 4.794763251E+02
       504,-2.000000000E-02, 7.347880795E-18, 6.666666667E-02, 2.000000000E-02, 4.794763758E+02
       505, 2.000000000E-02,-4.898587197E-18, 6.666666667E-02, 2.000000000E-02, 4.794763758E+02
       506,-1.982889723E-02, 2.610523844E-03, 6.666666667E-02, 2.000000000E-02, 4.794763251E+02
       507, 1.982889723E-02, 2.610523844E-03, 6.666666667E-02, 2.000000000E-02, 4.794763251E+02
       508,-1.931851653E-02, 5.176380902E-03, 6.666666667E-02, 2.000000000E-02, 4.794761859E+02
       509, 1.931851653E-02, 5.176380902E-03, 6.666666667E-02, 2.000000000E-02, 4.794761859E+02
       510,-1.847759065E-02, 7.653668647E-03, 6.666666667E-02, 2.000000000E-02, 4.794759945E+02
       511, 1.847759065E-02, 7.653668647E-03, 6.666666667E-02, 2.000000000E-02, 4.794759945E+02
       512,-1.732050808E-02, 1.000000000E-02, 6.666666667E-02, 2.000000000E-02, 4.794758022E+02
       513, 1.732050808E-02, 1.000000000E-02, 6.666666667E-02, 2.000000000E-02, 4.794758022E+02
       514,-1.586706681E-02, 1.217522858E-02, 6.666666667E-02, 2.000000000E-02, 4.794756613E+02
       515, 1.586706681E-02, 1.217522858E-02, 6.666666667E-02, 2.000000000E-02, 4.794756613E+02
       516,-1.414213562E-02, 1.414213562E-02, 6.666666667E-02, 2.000000000E-02, 4.794756098E+02
       517, 1.414213562E-02, 1.414213562E-02, 6.666666667E-02, 2.000000000E-02, 4.794756098E+02
       518,-1.217522858E-02, 1.586706681E-02, 6.666666667E-02, 2.000000000E-02, 4.794756613E+02
       519, 1.217522858E-02, 1.586706681E-02, 6.666666667E-02, 2.000000000E-02, 4.794756613E+02
       520,-1.000000000E-02, 1.732050808E-02, 6.666666667E-02, 2.000000000E-02, 4.794758022E+02
       521, 1.000000000E-02, 1.732050808E-02, 6.666666667E-02, 2.000000000E-02, 4.794758022E+02
       522,-7.653668647E-03, 1.847759065E-02, 6.666666667E-02, 2.000000000E-02, 4.794759945E+02
       523, 7.653668647E-03, 1.847759065E-02, 6.666666667E-02, 2.000000000E-02, 4.794759945E+02
       524,-5.176380902E-03, 1.931851653E-02, 6.666666667E-02, 2.000000000E-02, 4.794761859E+02
       525, 5.176380902E-03, 1.931851653E-02, 6.666666667E-02, 2.000000000E-02, 4.794761859E+02
       526,-2.610523844E-03, 1.982889723E-02, 6.666666667E-02, 2.000000000E-02, 4.794763251E+02
       527, 2.610523844E-03, 1.982889723E-02, 6.666666667E-02, 2.000000000E-02, 4.794763251E+02
       528, 6.123233996E-18, 2.000000000E-02, 6.666666667E-02, 2.000000000E-02, 4.794763758E+02
       529,-3.673940397E-18,-2.000000000E-02, 7.333333333E-02, 2.000000000E-02, 4.828415796E+02
       530,-2.610523844E-03,-1.982889723E-02, 7.333333333E-02, 2.000000000E-02, 4.828415292E+02
       531, 2.610523844E-03,-1.982889723E-02, 7.333333333E-02, 2.000000000E-02, 4.828415292E+02
       532,-5.176380902E-03,-1.931851653E-02, 7.333333333E-02, 2.000000000E-02, 4.828413911E+02
       533, 5.176380902E-03,-1.931851653E-02, 7.333333333E-02, 2.000000000E-02, 4.828413911E+02
       534,-7.653668647E-03,-1.847759065E-02, 7.333333333E-02, 2.000000000E-02, 4.828412026E+02
       535, 7.653668647E-03,-1.847759065E-02, 7.333333333E-02, 2.000000000E-02, 4.828412026E+02
       536,-1.000000000E-02,-1.732050808E-02, 7.333333333E-02, 2.000000000E-02, 4.828410147E+02
       537, 1.000000000E-02,-1.732050808E-02, 7.333333333E-02, 2.000000000E-02, 4.828410147E+02
       538,-1.217522858E-02,-1.586706681E-02, 7.333333333E-02, 2.000000000E-02, 4.828408781E+02
       539, 1.217522858E-02,-1.586706681E-02, 7.333333333E-02, 2.000000000E-02, 4.828408781E+02
       540,-1.414213562E-02,-1.414213562E-02, 7.333333333E-02, 2.000000000E-02, 4.828408284E+02
       541, 1.414213562E-02,-1.414213562E-02, 7.333333333E-02, 2.000000000E-02, 4.828408284E+02
       542,-1.586706681E-02,-1.217522858E-02, 7.333333333E-02, 2.000000000E-02, 4.828408781E+02
       543, 1.586706681E-02,-1.217522858E-02, 7.333333333E-02, 2.000000000E-02, 4.828408781E+02
       544,-1.732050808E-02,-1.000000000E-02, 7.333333333E-02, 2.000000000E-02, 4.828410147E+02
       545, 1.732050808E-02,-1.000000000E-02, 7.333333333E-02, 2.000000000E-02, 4.828410147E+02
       546,-1.847759065E-02,-7.653668647E-03, 7.333333333E-02, 2.000000000E-02, 4.828412026E+02
       547, 1.847759065E-02,-7.653668647E-03, 7.333333333E-02, 2.000000000E-02, 4.828412026E+02
       548,-1.931851653E-02,-5.176380902E-03, 7.333333333E-02, 2.000000000E-02, 4.828413911E+02
       549, 1.931851653E-02,-5.176380902E-03, 7.333333333E-02, 2.000000000E-02, 4.828413911E+02
       550,-1.982889723E-02,-2.610523844E-03, 7.333333333E-02, 2.000000000E-02, 4.828415292E+02
       551, 1.982889723E-02,-2.610523844E-03, 7.333333333E-02, 2.000000000E-02, 4.828415292E+02
       552,-2.000000000E-02, 7.347880795E-18, 7.333333333E-02, 2.000000000E-02, 4.828415796E+02
       553, 2.000000000E-02,-4.898587197E-18, 7.333333333E-02, 2.000000000E-02, 4.828415796E+02
       554,-1.982889723E-02, 2.610523844E-03, 7.333333333E-02, 2.000000000E-02, 4.828415292E+02
       555, 1.982889723E-02, 2.610523844E-03, 7.333333333E-02, 2.000000000E-02, 4.828415292E+02
       556,-1.931851653E-02, 5.176380902E-03, 7.333333333E-02, 2.000000000E-02, 4.828413911E+02
       557, 1.931851653E-02, 5.176380902E-03, 7.333333333E-02, 2.000000000E-02, 4.828413911E+02
       558,-1.847759065E-02, 7.653668647E-03, 7.333333333E-02, 2.000000000E-02, 4.828412026E+02
       559, 1.847759065E-02, 7.653668647E-03, 7.333333333E-02, 2.000000000E-02, 4.828412026E+02
       560,-1.732050808E-02, 1.000000000E-02, 7.333333333E-02, 2.000000000E-02, 4.828410147E+02
       561, 1.732050808E-02, 1.000000000E-02, 7.333333333E-02, 2.000000000E-02, 4.828410147E+02
       562,-1.586706681E-02, 1.217522858E-02, 7.333333333E-02, 2.000000000E-02, 4.828408781E+02
       563, 1.586706681E-02, 1.217522858E-02, 7.333333333E-02, 2.000000000E-02, 4.828408781E+02
       564,-1.414213562E-02, 1.414213562E-02, 7.333333333E-02, 2.000000000E-02, 4.828408284E+02
       565, 1.414213562E-02, 1.414213562E-02, 7.333333333E-02, 2.000000000E-02, 4.828408284E+02
       566,-1.217522858E-02, 1.586706681E-02, 7.333333333E-02, 2.000000000E-02, 4.828408781E+02
       567, 1.217522858E-02, 1.586706681E-02, 7.333333333E-02, 2.000000000E-02, 4.828408781E+02
       568,-1.000000000E-02, 1.732050808E-02, 7.333333333E-02, 2.000000000E-02, 4.828410147E+02
       569, 1.000000000E-02, 1.732050808E-02, 7.333333333E-02, 2.000000000E-02, 4.828410147E+02
       570,-7.653668647E-03, 1.847759065E-02, 7.333333333E-02, 2.000000000E-02, 4.828412026E+02
       571, 7.653668647E-03, 1.847759065E-02, 7.333333333E-02, 2.000000000E-02, 4.828412026E+02
       572,-5.176380902E-03, 1.931851653E-02, 7.333333333E-02, 2.000000000E-02, 4.828413911E+02
       573, 5.176380902E-03, 1.931851653E-02, 7.333333333E-02, 2.000000000E-02, 4.828413911E+02
       574,-2.610523844E-03, 1.982889723E-02, 7.333333333E-02, 2.000000000E-02, 4.828415292E+02
       575, 2.610523844E-03, 1.982889723E-02, 7.333333333E-02, 2.000000000E-02, 4.828415292E+02
       576, 6.123233996E-18, 2.000000000E-02, 7.333333333E-02, 2.000000000E-02, 4.828415796E+02
       577,-3.673940397E-18,-2.000000000E-02, 8.000000000E-02, 2.000000000E-02, 4.860257646E+02
       578,-2.610523844E-03,-1.982889723E-02, 8.000000000E-02, 2.000000000E-02, 4.860257161E+02
       579, 2.610523844E-03,-1.982889723E-02, 8.000000000E-02, 2.000000000E-02, 4.860257161E+02
       580,-5.176380902E-03,-1.931851653E-02, 8.000000000E-02, 2.000000000E-02, 4.860255840E+02
       581, 5.176380902E-03,-1.931851653E-02, 8.000000000E-02, 2.000000000E-02, 4.860255840E+02
       582,-7.653668647E-03,-1.847759065E-02, 8.000000000E-02, 2.000000000E-02, 4.860254052E+02
       583, 7.653668647E-03,-1.847759065E-02, 8.000000000E-02, 2.000000000E-02, 4.860254052E+02
       584,-1.000000000E-02,-1.732050808E-02, 8.000000000E-02, 2.000000000E-02, 4.860252288E+02
       585, 1.000000000E-02,-1.732050808E-02, 8.000000000E-02, 2.000000000E-02, 4.860252288E+02
       586,-1.217522858E-02,-1.586706681E-02, 8.000000000E-02, 2.000000000E-02, 4.860251017E+02
       587, 1.217522858E-02,-1.586706681E-02, 8.000000000E-02, 2.000000000E-02, 4.860251017E+02
       588,-1.414213562E-02,-1.414213562E-02, 8.000000000E-02, 2.000000000E-02, 4.860250558E+02
       589, 1.414213562E-02,-1.414213562E-02, 8.000000000E-02, 2.000000000E-02, 4.860250558E+02
       590,-1.586706681E-02,-1.217522858E-02, 8.000000000E-02, 2.000000000E-02, 4.860251017E+02
       591, 1.586706681E-02,-1.217522858E-02, 8.000000000E-02, 2.000000000E-02, 4.860251017E+02
       592,-1.732050808E-02,-1.000000000E-02, 8.000000000E-02, 2.000000000E-02, 4.860252288E+02
       593, 1.732050808E-02,-1.000000000E-02, 8.000000000E-02, 2.000000000E-02, 4.860252288E+02
       594,-1.847759065E-02,-7.653668647E-03, 8.000000000E-02, 2.000000000E-02, 4.860254052E+02
       595, 1.847759065E-02,-7.653668647E-03, 8.000000000E-02, 2.000000000E-02, 4.860254052E+02
       596,-1.931851653E-02,-5.176380902E-03, 8.000000000E-02, 2.000000000E-02, 4.860255840E+02
       597, 1.931851653E-02,-5.176380902E-03, 8.000000000E-02, 2.000000000E-02, 4.860255840E+02
       598,-1.982889723E-02,-2.610523844E-03, 8.000000000E-02, 2.000000000E-02, 4.860257161E+02
       599, 1.982889723E-02,-2.610523844E-03, 8.000000000E-02, 2.000000000E-02, 4.860257161E+02
       600,-2.000000000E-02, 7.347880795E-18, 8.000000000E-02, 2.000000000E-02, 4.860257646E+02
       601, 2.000000000E-02,-4.898587197E-18, 8.000000000E-02, 2.000000000E-02, 4.860257646E+02
       602,-1.982889723E-02, 2.610523844E-03, 8.000000000E-02, 2.000000000E-02, 4.860257161E+02
       603, 1.982889723E-02, 2.610523844E-03, 8.000000000E-02, 2.000000000E-02, 4.860257161E+02
       604,-1.931851653E-02, 5.176380902E-03, 8.000000000E-02, 2.000000000E-02, 4.860255840E+02
       605, 1.931851653E-02, 5.176380902E-03, 8.000000000E-02, 2.000000000E-02, 4.860255840E+02
       606,-1.847759065E-02, 7.653668647E-03, 8.000000000E-02, 2.000000000E-02, 4.860254052E+02
       607, 1.847759065E-02, 7.653668647E-03, 8.000000000E-02, 2.000000000E-02, 4.860254052E+02
       608,-1.732050808E-02, 1.000000000E-02, 8.000000000E-02, 2.000000000E-02, 4.860252288E+02
       609, 1.732050808E-02, 1.000000000E-02, 8.000000000E-02, 2.000000000E-02, 4.860252288E+02
       610,-1.586706681E-02, 1.217522858E-02, 8.000000000E-02, 2.000000000E-02, 4.860251017E+02
       611, 1.586706681E-02, 1.217522858E-02, 8.000000000E-02, 2.000000000E-02, 4.860251017E+02
       612,-1.414213562E-02, 1.414213562E-02, 8.000000000E-02, 2.000000000E-02, 4.860250558E+02
       613, 1.414213562E-02, 1.414213562E-02, 8.000000000E-02, 2.000000000E-02, 4.860250558E+02
       614,-1.217522858E-02, 1.586706681E-02, 8.000000000E-02, 2.000000000E-02, 4.860251017E+02
       615, 1.217522858E-02, 1.586706681E-02, 8.000000000E-02, 2.000000000E-02, 4.860251017E+02
       616,-1.000000000E-02, 1.732050808E-02, 8.000000000E-02, 2.000000000E-02, 4.860252288E+02
       617, 1.000000000E-02, 1.732050808E-02, 8.000000000E-02, 2.000000000E-02, 4.860252288E+02
       618,-7.653668647E-03, 1.847759065E-02, 8.000000000E-02, 2.000000000E-02, 4.860254052E+02
       619, 7.653668647E-03, 1.847759065E-02, 8.000000000E-02, 2.000000000E-02, 4.860254052E+02
       620,-5.176380902E-03, 1.931851653E-02, 8.000000000E-02, 2.000000000E-02, 4.860255840E+02
       621, 5.176380902E-03, 1.931851653E-02, 8.000000000E-02, 2.000000000E-02, 4.860255840E+02
       622,-2.610523844E-03, 1.982889723E-02, 8.000000000E-02, 2.000000000E-02, 4.860257161E+02
       623, 2.610523844E-03, 1.982889723E-02, 8.000000000E-02, 2.000000000E-02, 4.860257161E+02
       624, 6.123233996E-18, 2.000000000E-02, 8.000000000E-02, 2.000000000E-02, 4.860257646E+02
       625,-3.673940397E-18,-2.000000000E-02, 8.666666667E-02, 2.000000000E-02, 4.890407852E+02
       626,-2.610523844E-03,-1.982889723E-02, 8.666666667E-02, 2.000000000E-02, 4.890407402E+02
       627, 2.610523844E-03,-1.982889723E-02, 8.666666667E-02, 2.000000000E-02, 4.890407402E+02
       628,-5.176380902E-03,-1.931851653E-02, 8.666666667E-02, 2.000000000E-02, 4.890406184E+02
       629, 5.176380902E-03,-1.931851653E-02, 8.666666667E-02, 2.000000000E-02, 4.890406184E+02
       630,-7.653668647E-03,-1.847759065E-02, 8.666666667E-02, 2.000000000E-02, 4.890404549E+02
       631, 7.653668647E-03,-1.847759065E-02, 8.666666667E-02, 2.000000000E-02, 4.890404549E+02
       632,-1.000000000E-02,-1.732050808E-02, 8.666666667E-02, 2.000000000E-02, 4.890402957E+02
       633, 1.000000000E-02,-1.732050808E-02, 8.666666667E-02, 2.000000000E-02, 4.890402957E+02
       634,-1.217522858E-02,-1.586706681E-02, 8.666666667E-02, 2.000000000E-02, 4.890401822E+02
       635, 1.217522858E-02,-1.586706681E-02, 8.666666667E-02, 2.000000000E-02, 4.890401822E+02
       636,-1.414213562E-02,-1.414213562E-02, 8.666666667E-02, 2.000000000E-02, 4.890401414E+02
       637, 1.414213562E-02,-1.414213562E-02, 8.666666667E-02, 2.000000000E-02, 4.890401414E+02
       638,-1.586706681E-02,-1.217522858E-02, 8.666666667E-02, 2.000000000E-02, 4.890401822E+02
       639, 1.586706681E-02,-1.217522858E-02, 8.666666667E-02, 2.000000000E-02, 4.890401822E+02
       640,-1.732050808E-02,-1.000000000E-02, 8.666666667E-02, 2.000000000E-02, 4.890402957E+02
       641, 1.732050808E-02,-1.000000000E-02, 8.666666667E-02, 2.000000000E-02, 4.890402957E+02
       642,-1.847759065E-02,-7.653668647E-03, 8.666666667E-02, 2.000000000E-02, 4.890404549E+02
       643, 1.847759065E-02,-7.653668647E-03, 8.666666667E-02, 2.000000000E-02, 4.890404549E+02
       644,-1.931851653E-02,-5.176380902E-03, 8.666666667E-02, 2.000000000E-02, 4.890406184E+02
       645, 1.931851653E-02,-5.176380902E-03, 8.666666667E-02, 2.000000000E-02, 4.890406184E+02
       646,-1.982889723E-02,-2.610523844E-03, 8.666666667E-02, 2.000000000E-02, 4.890407402E+02
       647, 1.982889723E-02,-2.610523844E-03, 8.666666667E-02, 2.000000000E-02, 4.890407402E+02
       648,-2.000000000E-02, 7.347880795E-18, 8.666666667E-02, 2.000000000E-02, 4.890407852E+02
       649, 2.000000000E-02,-4.898587197E-18, 8.666666667E-02, 2.000000000E-02, 4.890407852E+02
       650,-1.982889723E-02, 2.610523844E-03, 8.666666667E-02, 2.000000000E-02, 4.890407402E+02
       651, 1.982889723E-02, 2.610523844E-03, 8.666666667E-02, 2.000000000E-02, 4.890407402E+02
       652,-1.931851653E-02, 5.176380902E-03, 8.666666667E-02, 2.000000000E-02, 4.890406184E+02
       653, 1.931851653E-02, 5.176380902E-03, 8.666666667E-02, 2.000000000E-02, 4.890406184E+02
       654,-1.847759065E-02, 7.653668647E-03, 8.666666667E-02, 2.000000000E-02, 4.890404549E+02
       655, 1.847759065E-02, 7.653668647E-03, 8.666666667E-02, 2.000000000E-02, 4.890404549E+02
       656,-1.732050808E-02, 1.000000000E-02, 8.666666667E-02, 2.000000000E-02, 4.890402957E+02
       657, 1.732050808E-02, 1.000000000E-02, 8.666666667E-02, 2.000000000E-02, 4.890402957E+02
       658,-1.586706681E-02, 1.217522858E-02, 8.666666667E-02, 2.000000000E-02, 4.890401822E+02
       659, 1.586706681E-02, 1.217522858E-02, 8.666666667E-02, 2.000000000E-02, 4.890401822E+02
       660,-1.414213562E-02, 1.414213562E-02, 8.666666667E-02, 2.000000000E-02, 4.890401414E+02
       661, 1.414213562E-02, 1.414213562E-02, 8.666666667E-02, 2.000000000E-02, 4.890401414E+02
       662,-1.217522858E-02, 1.586706681E-02, 8.666666667E-02, 2.000000000E-02, 4.890401822E+02
       663, 1.217522858E-02, 1.586706681E-02, 8.666666667E-02, 2.000000000E-02, 4.890401822E+02
       664,-1.000000000E-02, 1.732050808E-02, 8.666666667E-02, 2.000000000E-02, 4.890402957E+02
       665, 1.000000000E-02, 1.732050808E-02, 8.666666667E-02, 2.000000000E-02, 4.890402957E+02
       666,-7.653668647E-03, 1.847759065E-02, 8.666666667E-02, 2.000000000E-02, 4.890404549E+02
       667, 7.653668647E-03, 1.847759065E-02, 8.666666667E-02, 2.000000000E-02, 4.890404549E+02
       668,-5.176380902E-03, 1.931851653E-02, 8.666666667E-02, 2.000000000E-02, 4.890406184E+02
       669, 5.176380902E-03, 1.931851653E-02, 8.666666667E-02, 2.000000000E-02, 4.890406184E+02
       670,-2.610523844E-03, 1.982889723E-02, 8.666666667E-02, 2.000000000E-02, 4.890407402E+02
       671, 2.610523844E-03, 1.982889723E-02, 8.666666667E-02, 2.000000000E-02, 4.890407402E+02
       672, 6.123233996E-18, 2.000000000E-02, 8.666666667E-02, 2.000000000E-02, 4.890407852E+02
       673,-3.673940397E-18,-2.000000000E-02, 9.333333333E-02, 2.000000000E-02, 4.918980282E+02
       674,-2.610523844E-03,-1.982889723E-02, 9.333333333E-02, 2.000000000E-02, 4.918979883E+02
       675, 2.610523844E-03,-1.982889723E-02, 9.333333333E-02, 2.000000000E-02, 4.918979883E+02
       676,-5.176380902E-03,-1.931851653E-02, 9.333333333E-02, 2.000000000E-02, 4.918978810E+02
       677, 5.176380902E-03,-1.931851653E-02, 9.333333333E-02, 2.000000000E-02, 4.918978810E+02
       678,-7.653668647E-03,-1.847759065E-02, 9.333333333E-02, 2.000000000E-02, 4.918977385E+02
       679, 7.653668647E-03,-1.847759065E-02, 9.333333333E-02, 2.000000000E-02, 4.918977385E+02
       680,-1.000000000E-02,-1.732050808E-02, 9.333333333E-02, 2.000000000E-02, 4.918976015E+02
       681, 1.000000000E-02,-1.732050808E-02, 9.333333333E-02, 2.000000000E-02, 4.918976015E+02
       682,-1.217522858E-02,-1.586706681E-02, 9.333333333E-02, 2.000000000E-02, 4.918975051E+02
       683, 1.217522858E-02,-1.586706681E-02, 9.333333333E-02, 2.000000000E-02, 4.918975051E+02
       684,-1.414213562E-02,-1.414213562E-02, 9.333333333E-02, 2.000000000E-02, 4.918974707E+02
       685, 1.414213562E-02,-1.414213562E-02, 9.333333333E-02, 2.000000000E-02, 4.918974707E+02
       686,-1.586706681E-02,-1.217522858E-02, 9.333333333E-02, 2.000000000E-02, 4.918975051E+02
       687, 1.586706681E-02,-1.217522858E-02, 9.333333333E-02, 2.000000000E-02, 4.918975051E+02
       688,-1.732050808E-02,-1.000000000E-02, 9.333333333E-02, 2.000000000E-02, 4.918976015E+02
       689, 1.732050808E-02,-1.000000000E-02, 9.333333333E-02, 2.000000000E-02, 4.918976015E+02
       690,-1.847759065E-02,-7.653668647E-03, 9.333333333E-02, 2.000000000E-02, 4.918977385E+02
       691, 1.847759065E-02,-7.653668647E-03, 9.333333333E-02, 2.000000000E-02, 4.918977385E+02
       692,-1.931851653E-02,-5.176380902E-03, 9.333333333E-02, 2.000000000E-02, 4.918978810E+02
       693, 1.931851653E-02,-5.176380902E-03, 9.333333333E-02, 2.000000000E-02, 4.918978810E+02
       694,-1.982889723E-02,-2.610523844E-03, 9.333333333E-02, 2.000000000E-02, 4.918979883E+02
       695, 1.982889723E-02,-2.610523844E-03, 9.333333333E-02, 2.000000000E-02, 4.918979883E+02
       696,-2.000000000E-02, 7.347880795E-18, 9.333333333E-02, 2.000000000E-02, 4.918980282E+02
       697, 2.000000000E-02,-4.898587197E-18, 9.333333333E-02, 2.000000000E-02, 4.918980282E+02
       698,-1.982889723E-02, 2.610523844E-03, 9.333333333E-02, 2.000000000E-02, 4.918979883E+02
       699, 1.982889723E-02, 2.610523844E-03, 9.333333333E-02, 2.000000000E-02, 4.918979883E+02
       700,-1.931851653E-02, 5.176380902E-03, 9.333333333E-02, 2.000000000E-02, 4.918978810E+02
       701, 1.931851653E-02, 5.176380902E-03, 9.333333333E-02, 2.000000000E-02, 4.918978810E+02
       702,-1.847759065E-02, 7.653668647E-03, 9.333333333E-02, 2.000000000E-02, 4.918977385E+02
       703, 1.847759065E-02, 7.653668647E-03, 9.333333333E-02, 2.000000000E-02, 4.918977385E+02
       704,-1.732050808E-02, 1.000000000E-02, 9.333333333E-02, 2.000000000E-02, 4.918976015E+02
       705, 1.732050808E-02, 1.000000000E-02, 9.333333333E-02, 2.000000000E-02, 4.918976015E+02
       706,-1.586706681E-02, 1.217522858E-02, 9.333333333E-02, 2.000000000E-02, 4.918975051E+02
       707, 1.586706681E-02, 1.217522858E-02, 9.333333333E-02, 2.000000000E-02, 4.918975051E+02
       708,-1.414213562E-02, 1.414213562E-02, 9.333333333E-02, 2.000000000E-02, 4.918974707E+02
       709, 1.414213562E-02, 1.414213562E-02, 9.333333333E-02, 2.000000000E-02, 4.918974707E+02
       710,-1.217522858E-02, 1.586706681E-02, 9.333333333E-02, 2.000000000E-02, 4.918975051E+02
       711, 1.217522858E-02, 1.586706681E-02, 9.333333333E-02, 2.000000000E-02, 4.918975051E+02
       712,-1.000000000E-02, 1.732050808E-02, 9.333333333E-02, 2.000000000E-02, 4.918976015E+02
       713, 1.000000000E-02, 1.732050808E-02, 9.333333333E-02, 2.000000000E-02, 4.918976015E+02
       714,-7.653668647E-03, 1.847759065E-02, 9.333333333E-02, 2.000000000E-02, 4.918977385E+02
       715, 7.653668647E-03, 1.847759065E-02, 9.333333333E-02, 2.000000000E-02, 4.918977385E+02
       716,-5.176380902E-03, 1.931851653E-02, 9.333333333E-02, 2.000000000E-02, 4.918978810E+02
       717, 5.176380902E-03, 1.931851653E-02, 9.333333333E-02, 2.000000000E-02, 4.918978810E+02
       718,-2.610523844E-03, 1.982889723E-02, 9.333333333E-02, 2.000000000E-02, 4.918979883E+02
       719, 2.610523844E-03, 1.982889723E-02, 9.333333333E-02, 2.000000000E-02, 4.918979883E+02
       720, 6.123233996E-18, 2.000000000E-02, 9.333333333E-02, 2.000000000E-02, 4.918980282E+02
       721,-3.673940397E-18,-2.000000000E-02, 1.000000000E-01, 2.000000000E-02, 4.946083070E+02
       722,-2.610523844E-03,-1.982889723E-02, 1.000000000E-01, 2.000000000E-02, 4.946082737E+02
       723, 2.610523844E-03,-1.982889723E-02, 1.000000000E-01, 2.000000000E-02, 4.946082737E+02
       724,-5.176380902E-03,-1.931851653E-02, 1.000000000E-01, 2.000000000E-02, 4.946081845E+02
       725, 5.176380902E-03,-1.931851653E-02, 1.000000000E-01, 2.000000000E-02, 4.946081845E+02
       726,-7.653668647E-03,-1.847759065E-02, 1.000000000E-01, 2.000000000E-02, 4.946080675E+02
       727, 7.653668647E-03,-1.847759065E-02, 1.000000000E-01, 2.000000000E-02, 4.946080675E+02
       728,-1.000000000E-02,-1.732050808E-02, 1.000000000E-01, 2.000000000E-02, 4.946079566E+02
       729, 1.000000000E-02,-1.732050808E-02, 1.000000000E-01, 2.000000000E-02, 4.946079566E+02
       730,-1.217522858E-02,-1.586706681E-02, 1.000000000E-01, 2.000000000E-02, 4.946078794E+02
       731, 1.217522858E-02,-1.586706681E-02, 1.000000000E-01, 2.000000000E-02, 4.946078794E+02
       732,-1.414213562E-02,-1.414213562E-02, 1.000000000E-01, 2.000000000E-02, 4.946078520E+02
       733, 1.414213562E-02,-1.414213562E-02, 1.000000000E-01, 2.000000000E-02, 4.946078520E+02
       734,-1.586706681E-02,-1.217522858E-02, 1.000000000E-01, 2.000000000E-02, 4.946078794E+02
       735, 1.586706681E-02,-1.217522858E-02, 1.000000000E-01, 2.000000000E-02, 4.946078794E+02
       736,-1.732050808E-02,-1.000000000E-02, 1.000000000E-01, 2.000000000E-02, 4.946079566E+02
       737, 1.732050808E-02,-1.000000000E-02, 1.000000000E-01, 2.000000000E-02, 4.946079566E+02
       738,-1.847759065E-02,-7.653668647E-03, 1.000000000E-01, 2.000000000E-02, 4.946080675E+02
       739, 1.847759065E-02,-7.653668647E-03, 1.000000000E-01, 2.000000000E-02, 4.946080675E+02
       740,-1.931851653E-02,-5.176380902E-03, 1.000000000E-01, 2.000000000E-02, 4.946081845E+02
       741, 1.931851653E-02,-5.176380902E-03, 1.000000000E-01, 2.000000000E-02, 4.946081845E+02
       742,-1.982889723E-02,-2.610523844E-03, 1.000000000E-01, 2.000000000E-02, 4.946082737E+02
       743, 1.982889723E-02,-2.610523844E-03, 1.000000000E-01, 2.000000000E-02, 4.946082737E+02
       744,-2.000000000E-02, 7.347880795E-18, 1.000000000E-01, 2.000000000E-02, 4.946083070E+02
       745, 2.000000000E-02,-4.898587197E-18, 1.000000000E-01, 2.000000000E-02, 4.946083070E+02
       746,-1.982889723E-02, 2.610523844E-03, 1.000000000E-01, 2.000000000E-02, 4.946082737E+02
       747, 1.982889723E-02, 2.610523844E-03, 1.000000000E-01, 2.000000000E-02, 4.946082737E+02
       748,-1.931851653E-02, 5.176380902E-03, 1.000000000E-01, 2.000000000E-02, 4.946081845E+02
       749, 1.931851653E-02, 5.176380902E-03, 1.000000000E-01, 2.000000000E-02, 4.946081845E+02
       750,-1.847759065E-02, 7.653668647E-03, 1.000000000E-01, 2.000000000E-02, 4.946080675E+02
       751, 1.847759065E-02, 7.653668647E-03, 1.000000000E-01, 2.000000000E-02, 4.946080675E+02
       752,-1.732050808E-02, 1.000000000E-02, 1.000000000E-01, 2.000000000E-02, 4.946079566E+02
       753, 1.732050808E-02, 1.000000000E-02, 1.000000000E-01, 2.000000000E-02, 4.946079566E+02
       754,-1.586706681E-02, 1.217522858E-02, 1.000000000E-01, 2.000000000E-02, 4.946078794E+02
       755, 1.586706681E-02, 1.217522858E-02, 1.000000000E-01, 2.000000000E-02, 4.946078794E+02
       756,-1.414213562E-02, 1.414213562E-02, 1.000000000E-01, 2.000000000E-02, 4.946078520E+02
       757, 1.414213562E-02, 1.414213562E-02, 1.000000000E-01, 2.000000000E-02, 4.946078520E+02
       758,-1.217522858E-02, 1.586706681E-02, 1.000000000E-01, 2.000000000E-02, 4.946078794E+02
       759, 1.217522858E-02, 1.586706681E-02, 1.000000000E-01, 2.000000000E-02, 4.946078794E+02
       760,-1.000000000E-02, 1.732050808E-02, 1.000000000E-01, 2.000000000E-02, 4.946079566E+02
       761, 1.000000000E-02, 1.732050808E-02, 1.000000000E-01, 2.000000000E-02, 4.946079566E+02
       762,-7.653668647E-03, 1.847759065E-02, 1.000000000E-01, 2.000000000E-02, 4.946080675E+02
       763, 7.653668647E-03, 1.847759065E-02, 1.000000000E-01, 2.000000000E-02, 4.946080675E+02
       764,-5.176380902E-03, 1.931851653E-02, 1.000000000E-01, 2.000000000E-02, 4.946081845E+02
       765, 5.176380902E-03, 1.931851653E-02, 1.000000000E-01, 2.000000000E-02, 4.946081845E+02
       766,-2.610523844E-03, 1.982889723E-02, 1.000000000E-01, 2.000000000E-02, 4.946082737E+02
       767, 2.610523844E-03, 1.982889723E-02, 1.000000000E-01, 2.000000000E-02, 4.946082737E+02
       768, 6.123233996E-18, 2.000000000E-02, 1.000000000E-01, 2.000000000E-02, 4.946083070E+02
       769,-3.673940397E-18,-2.000000000E-02, 1.066666667E-01, 2.000000000E-02, 4.971817871E+02
       770,-2.610523844E-03,-1.982889723E-02, 1.066666667E-01, 2.000000000E-02, 4.971817608E+02
       771, 2.610523844E-03,-1.982889723E-02, 1.066666667E-01, 2.000000000E-02, 4.971817608E+02
       772,-5.176380902E-03,-1.931851653E-02, 1.066666667E-01, 2.000000000E-02, 4.971816910E+02
       773, 5.176380902E-03,-1.931851653E-02, 1.066666667E-01, 2.000000000E-02, 4.971816910E+02
       774,-7.653668647E-03,-1.847759065E-02, 1.066666667E-01, 2.000000000E-02, 4.971816007E+02
       775, 7.653668647E-03,-1.847759065E-02, 1.066666667E-01, 2.000000000E-02, 4.971816007E+02
       776,-1.000000000E-02,-1.732050808E-02, 1.066666667E-01, 2.000000000E-02, 4.971815165E+02
       777, 1.000000000E-02,-1.732050808E-02, 1.066666667E-01, 2.000000000E-02, 4.971815165E+02
       778,-1.217522858E-02,-1.586706681E-02, 1.066666667E-01, 2.000000000E-02, 4.971814587E+02
       779, 1.217522858E-02,-1.586706681E-02, 1.066666667E-01, 2.000000000E-02, 4.971814587E+02
       780,-1.414213562E-02,-1.414213562E-02, 1.066666667E-01, 2.000000000E-02, 4.971814385E+02
       781, 1.414213562E-02,-1.414213562E-02, 1.066666667E-01, 2.000000000E-02, 4.971814385E+02
       782,-1.586706681E-02,-1.217522858E-02, 1.066666667E-01, 2.000000000E-02, 4.971814587E+02
       783, 1.586706681E-02,-1.217522858E-02, 1.066666667E-01, 2.000000000E-02, 4.971814587E+02
       784,-1.732050808E-02,-1.000000000E-02, 1.066666667E-01, 2.000000000E-02, 4.971815165E+02
       785, 1.732050808E-02,-1.000000000E-02, 1.066666667E-01, 2.000000000E-02, 4.971815165E+02
       786,-1.847759065E-02,-7.653668647E-03, 1.066666667E-01, 2.000000000E-02, 4.971816007E+02
       787, 1.847759065E-02,-7.653668647E-03, 1.066666667E-01, 2.000000000E-02, 4.971816007E+02
       788,-1.931851653E-02,-5.176380902E-03, 1.066666667E-01, 2.000000000E-02, 4.971816910E+02
       789, 1.931851653E-02,-5.176380902E-03, 1.066666667E-01, 2.000000000E-02, 4.971816910E+02
       790,-1.982889723E-02,-2.610523844E-03, 1.066666667E-01, 2.000000000E-02, 4.971817608E+02
       791, 1.982889723E-02,-2.610523844E-03, 1.066666667E-01, 2.000000000E-02, 4.971817608E+02
       792,-2.000000000E-02, 7.347880795E-18, 1.066666667E-01, 2.000000000E-02, 4.971817871E+02
       793, 2.000000000E-02,-4.898587197E-18, 1.066666667E-01, 2.000000000E-02, 4.971817871E+02
       794,-1.982889723E-02, 2.610523844E-03, 1.066666667E-01, 2.000000000E-02, 4.971817608E+02
       795, 1.982889723E-02, 2.610523844E-03, 1.066666667E-01, 2.000000000E-02, 4.971817608E+02
       796,-1.931851653E-02, 5.176380902E-03, 1.066666667E-01, 2.000000000E-02, 4.971816910E+02
       797, 1.931851653E-02, 5.176380902E-03, 1.066666667E-01, 2.000000000E-02, 4.971816910E+02
       798,-1.847759065E-02, 7.653668647E-03, 1.066666667E-01, 2.000000000E-02, 4.971816007E+02
       799, 1.847759065E-02, 7.653668647E-03, 1.066666667E-01, 2.000000000E-02, 4.971816007E+02
       800,-1.732050808E-02, 1.000000000E-02, 1.066666667E-01, 2.000000000E-02, 4.971815165E+02
       801, 1.732050808E-02, 1.000000000E-02, 1.066666667E-01, 2.000000000E-02, 4.971815165E+02
       802,-1.586706681E-02, 1.217522858E-02, 1.066666667E-01, 2.000000000E-02, 4.971814587E+02
       803, 1.586706681E-02, 1.217522858E-02, 1.066666667E-01, 2.000000000E-02, 4.971814587E+02
       804,-1.414213562E-02, 1.414213562E-02, 1.066666667E-01, 2.000000000E-02, 4.971814385E+02
       805, 1.414213562E-02, 1.414213562E-02, 1.066666667E-01, 2.000000000E-02, 4.971814385E+02
       806,-1.217522858E-02, 1.586706681E-02, 1.066666667E-01, 2.000000000E-02, 4.971814587E+02
       807, 1.217522858E-02, 1.586706681E-02, 1.066666667E-01, 2.000000000E-02, 4.971814587E+02
       808,-1.000000000E-02, 1.732050808E-02, 1.066666667E-01, 2.000000000E-02, 4.971815165E+02
       809, 1.000000000E-02, 1.732050808E-02, 1.066666667E-01, 2.000000000E-02, 4.971815165E+02
       810,-7.653668647E-03, 1.847759065E-02, 1.066666667E-01, 2.000000000E-02, 4.971816007E+02
       811, 7.653668647E-03, 1.847759065E-02, 1.066666667E-01, 2.000000000E-02, 4.971816007E+02
       812,-5.176380902E-03, 1.931851653E-02, 1.066666667E-01, 2.000000000E-02, 4.971816910E+02
       813, 5.176380902E-03, 1.931851653E-02, 1.066666667E-01, 2.000000000E-02, 4.971816910E+02
       814,-2.610523844E-03, 1.982889723E-02, 1.066666667E-01, 2.000000000E-02, 4.971817608E+02
       815, 2.610523844E-03, 1.982889723E-02, 1.066666667E-01, 2.000000000E-02, 4.971817608E+02
       816, 6.123233996E-18, 2.000000000E-02, 1.066666667E-01, 2.000000000E-02, 4.971817871E+02
       817,-3.673940397E-18,-2.000000000E-02, 1.133333333E-01, 2.000000000E-02, 4.996279668E+02
       818,-2.610523844E-03,-1.982889723E-02, 1.133333333E-01, 2.000000000E-02, 4.996279472E+02
       819, 2.610523844E-03,-1.982889723E-02, 1.133333333E-01, 2.000000000E-02, 4.996279472E+02
       820,-5.176380902E-03,-1.931851653E-02, 1.133333333E-01, 2.000000000E-02, 4.996278958E+02
       821, 5.176380902E-03,-1.931851653E-02, 1.133333333E-01, 2.000000000E-02, 4.996278958E+02
       822,-7.653668647E-03,-1.847759065E-02, 1.133333333E-01, 2.000000000E-02, 4.996278306E+02
       823, 7.653668647E-03,-1.847759065E-02, 1.133333333E-01, 2.000000000E-02, 4.996278306E+02
       824,-1.000000000E-02,-1.732050808E-02, 1.133333333E-01, 2.000000000E-02, 4.996277713E+02
       825, 1.000000000E-02,-1.732050808E-02, 1.133333333E-01, 2.000000000E-02, 4.996277713E+02
       826,-1.217522858E-02,-1.586706681E-02, 1.133333333E-01, 2.000000000E-02, 4.996277315E+02
       827, 1.217522858E-02,-1.586706681E-02, 1.133333333E-01, 2.000000000E-02, 4.996277315E+02
       828,-1.414213562E-02,-1.414213562E-02, 1.133333333E-01, 2.000000000E-02, 4.996277178E+02
       829, 1.414213562E-02,-1.414213562E-02, 1.133333333E-01, 2.000000000E-02, 4.996277178E+02
       830,-1.586706681E-02,-1.217522858E-02, 1.133333333E-01, 2.000000000E-02, 4.996277315E+02
       831, 1.586706681E-02,-1.217522858E-02, 1.133333333E-01, 2.000000000E-02, 4.996277315E+02
       832,-1.732050808E-02,-1.000000000E-02, 1.133333333E-01, 2.000000000E-02, 4.996277713E+02
       833, 1.732050808E-02,-1.000000000E-02, 1.133333333E-01, 2.000000000E-02, 4.996277713E+02
       834,-1.847759065E-02,-7.653668647E-03, 1.133333333E-01, 2.000000000E-02, 4.996278306E+02
       835, 1.847759065E-02,-7.653668647E-03, 1.133333333E-01, 2.000000000E-02, 4.996278306E+02
       836,-1.931851653E-02,-5.176380902E-03, 1.133333333E-01, 2.000000000E-02, 4.996278958E+02
       837, 1.931851653E-02,-5.176380902E-03, 1.133333333E-01, 2.000000000E-02, 4.996278958E+02
       838,-1.982889723E-02,-2.610523844E-03, 1.133333333E-01, 2.000000000E-02, 4.996279472E+02
       839, 1.982889723E-02,-2.610523844E-03, 1.133333333E-01, 2.000000000E-02, 4.996279472E+02
       840,-2.000000000E-02, 7.347880795E-18, 1.133333333E-01, 2.000000000E-02, 4.996279668E+02
       841, 2.000000000E-02,-4.898587197E-18, 1.133333333E-01, 2.000000000E-02, 4.996279668E+02
       842,-1.982889723E-02, 2.610523844E-03, 1.133333333E-01, 2.000000000E-02, 4.996279472E+02
       843, 1.982889723E-02, 2.610523844E-03, 1.133333333E-01, 2.000000000E-02, 4.996279472E+02
       844,-1.931851653E-02, 5.176380902E-03, 1.133333333E-01, 2.000000000E-02, 4.996278958E+02
       845, 1.931851653E-02, 5.176380902E-03, 1.133333333E-01, 2.000000000E-02, 4.996278958E+02
       846,-1.847759065E-02, 7.653668647E-03, 1.133333333E-01, 2.000000000E-02, 4.996278306E+02
       847, 1.847759065E-02, 7.653668647E-03, 1.133333333E-01, 2.000000000E-02, 4.996278306E+02
       848,-1.732050808E-02, 1.000000000E-02, 1.133333333E-01, 2.000000000E-02, 4.996277713E+02
       849, 1.732050808E-02, 1.000000000E-02, 1.133333333E-01, 2.000000000E-02, 4.996277713E+02
       850,-1.586706681E-02, 1.217522858E-02, 1.133333333E-01, 2.000000000E-02, 4.996277315E+02
       851, 1.586706681E-02, 1.217522858E-02, 1.133333333E-01, 2.000000000E-02, 4.996277315E+02
       852,-1.414213562E-02, 1.414213562E-02, 1.133333333E-01, 2.000000000E-02, 4.996277178E+02
       853, 1.414213562E-02, 1.414213562E-02, 1.133333333E-01, 2.000000000E-02, 4.996277178E+02
       854,-1.217522858E-02, 1.586706681E-02, 1.133333333E-01, 2.000000000E-02, 4.996277315E+02
       855, 1.217522858E-02, 1.586706681E-02, 1.133333333E-01, 2.000000000E-02, 4.996277315E+02
       856,-1.000000000E-02, 1.732050808E-02, 1.133333333E-01, 2.000000000E-02, 4.996277713E+02
       857, 1.000000000E-02, 1.732050808E-02, 1.133333333E-01, 2.000000000E-02, 4.996277713E+02
       858,-7.653668647E-03, 1.847759065E-02, 1.133333333E-01, 2.000000000E-02, 4.996278306E+02
       859, 7.653668647E-03, 1.847759065E-02, 1.133333333E-01, 2.000000000E-02, 4.996278306E+02
       860,-5.176380902E-03, 1.931851653E-02, 1.133333333E-01, 2.000000000E-02, 4.996278958E+02
       861, 5.176380902E-03, 1.931851653E-02, 1.133333333E-01, 2.000000000E-02, 4.996278958E+02
       862,-2.610523844E-03, 1.982889723E-02, 1.133333333E-01, 2.000000000E-02, 4.996279472E+02
       863, 2.610523844E-03, 1.982889723E-02, 1.133333333E-01, 2.000000000E-02, 4.996279472E+02
       864, 6.123233996E-18, 2.000000000E-02, 1.133333333E-01, 2.000000000E-02, 4.996279668E+02
       865,-3.673940397E-18,-2.000000000E-02, 1.200000000E-01, 2.000000000E-02, 5.019556862E+02
       866,-2.610523844E-03,-1.982889723E-02, 1.200000000E-01, 2.000000000E-02, 5.019556727E+02
       867, 2.610523844E-03,-1.982889723E-02, 1.200000000E-01, 2.000000000E-02, 5.019556727E+02
       868,-5.176380902E-03,-1.931851653E-02, 1.200000000E-01, 2.000000000E-02, 5.019556380E+02
       869, 5.176380902E-03,-1.931851653E-02, 1.200000000E-01, 2.000000000E-02, 5.019556380E+02
       870,-7.653668647E-03,-1.847759065E-02, 1.200000000E-01, 2.000000000E-02, 5.019555956E+02
       871, 7.653668647E-03,-1.847759065E-02, 1.200000000E-01, 2.000000000E-02, 5.019555956E+02
       872,-1.000000000E-02,-1.732050808E-02, 1.200000000E-01, 2.000000000E-02, 5.019555588E+02
       873, 1.000000000E-02,-1.732050808E-02, 1.200000000E-01, 2.000000000E-02, 5.019555588E+02
       874,-1.217522858E-02,-1.586706681E-02, 1.200000000E-01, 2.000000000E-02, 5.019555352E+02
       875, 1.217522858E-02,-1.586706681E-02, 1.200000000E-01, 2.000000000E-02, 5.019555352E+02
       876,-1.414213562E-02,-1.414213562E-02, 1.200000000E-01, 2.000000000E-02, 5.019555273E+02
       877, 1.414213562E-02,-1.414213562E-02, 1.200000000E-01, 2.000000000E-02, 5.019555273E+02
       878,-1.586706681E-02,-1.217522858E-02, 1.200000000E-01, 2.000000000E-02, 5.019555352E+02
       879, 1.586706681E-02,-1.217522858E-02, 1.200000000E-01, 2.000000000E-02, 5.019555352E+02
       880,-1.732050808E-02,-1.000000000E-02, 1.200000000E-01, 2.000000000E-02, 5.019555588E+02
       881, 1.732050808E-02,-1.000000000E-02, 1.200000000E-01, 2.000000000E-02, 5.019555588E+02
       882,-1.847759065E-02,-7.653668647E-03, 1.200000000E-01, 2.000000000E-02, 5.019555956E+02
       883, 1.847759065E-02,-7.653668647E-03, 1.200000000E-01, 2.000000000E-02, 5.019555956E+02
       884,-1.931851653E-02,-5.176380902E-03, 1.200000000E-01, 2.000000000E-02, 5.019556380E+02
       885, 1.931851653E-02,-5.176380902E-03, 1.200000000E-01, 2.000000000E-02, 5.019556380E+02
       886,-1.982889723E-02,-2.610523844E-03, 1.200000000E-01, 2.000000000E-02, 5.019556727E+02
       887, 1.982889723E-02,-2.610523844E-03, 1.200000000E-01, 2.000000000E-02, 5.019556727E+02
       888,-2.000000000E-02, 7.347880795E-18, 1.200000000E-01, 2.000000000E-02, 5.019556862E+02
       889, 2.000000000E-02,-4.898587197E-18, 1.200000000E-01, 2.000000000E-02, 5.019556862E+02
       890,-1.982889723E-02, 2.610523844E-03, 1.200000000E-01, 2.000000000E-02, 5.019556727E+02
       891, 1.982889723E-02, 2.610523844E-03, 1.200000000E-01, 2.000000000E-02, 5.019556727E+02
       892,-1.931851653E-02, 5.176380902E-03, 1.200000000E-01, 2.000000000E-02, 5.019556380E+02
       893, 1.931851653E-02, 5.176380902E-03, 1.200000000E-01, 2.000000000E-02, 5.019556380E+02
       894,-1.847759065E-02, 7.653668647E-03, 1.200000000E-01, 2.000000000E-02, 5.019555956E+02
       895, 1.847759065E-02, 7.653668647E-03, 1.200000000E-01, 2.000000000E-02, 5.019555956E+02
       896,-1.732050808E-02, 1.000000000E-02, 1.200000000E-01, 2.000000000E-02, 5.019555588E+02
       897, 1.732050808E-02, 1.000000000E-02, 1.200000000E-01, 2.000000000E-02, 5.019555588E+02
       898,-1.586706681E-02, 1.217522858E-02, 1.200000000E-01, 2.000000000E-02, 5.019555352E+02
       899, 1.586706681E-02, 1.217522858E-02, 1.200000000E-01, 2.000000000E-02, 5.019555352E+02
       900,-1.414213562E-02, 1.414213562E-02, 1.200000000E-01, 2.000000000E-02, 5.019555273E+02
       901, 1.414213562E-02, 1.414213562E-02, 1.200000000E-01, 2.000000000E-02, 5.019555273E+02
       902,-1.217522858E-02, 1.586706681E-02, 1.200000000E-01, 2.000000000E-02, 5.019555352E+02
       903, 1.217522858E-02, 1.586706681E-02, 1.200000000E-01, 2.000000000E-02, 5.019555352E+02
       904,-1.000000000E-02, 1.732050808E-02, 1.200000000E-01, 2.000000000E-02, 5.019555588E+02
       905, 1.000000000E-02, 1.732050808E-02, 1.200000000E-01, 2.000000000E-02, 5.019555588E+02
       906,-7.653668647E-03, 1.847759065E-02, 1.200000000E-01, 2.000000000E-02, 5.019555956E+02
       907, 7.653668647E-03, 1.847759065E-02, 1.200000000E-01, 2.000000000E-02, 5.019555956E+02
       908,-5.176380902E-03, 1.931851653E-02, 1.200000000E-01, 2.000000000E-02, 5.019556380E+02
       909, 5.176380902E-03, 1.931851653E-02, 1.200000000E-01, 2.000000000E-02, 5.019556380E+02
       910,-2.610523844E-03, 1.982889723E-02, 1.200000000E-01, 2.000000000E-02, 5.019556727E+02
       911, 2.610523844E-03, 1.982889723E-02, 1.200000000E-01, 2.000000000E-02, 5.019556727E+02
       912, 6.123233996E-18, 2.000000000E-02, 1.200000000E-01, 2.000000000E-02, 5.019556862E+02
       913,-3.673940397E-18,-2.000000000E-02, 1.266666667E-01, 2.000000000E-02, 5.041731483E+02
       914,-2.610523844E-03,-1.982889723E-02, 1.266666667E-01, 2.000000000E-02, 5.041731404E+02
       915, 2.610523844E-03,-1.982889723E-02, 1.266666667E-01, 2.000000000E-02, 5.041731404E+02
       916,-5.176380902E-03,-1.931851653E-02, 1.266666667E-01, 2.000000000E-02, 5.041731207E+02
       917, 5.176380902E-03,-1.931851653E-02, 1.266666667E-01, 2.000000000E-02, 5.041731207E+02
       918,-7.653668647E-03,-1.847759065E-02, 1.266666667E-01, 2.000000000E-02, 5.041730986E+02
       919, 7.653668647E-03,-1.847759065E-02, 1.266666667E-01, 2.000000000E-02, 5.041730986E+02
       920,-1.000000000E-02,-1.732050808E-02, 1.266666667E-01, 2.000000000E-02, 5.041730815E+02
       921, 1.000000000E-02,-1.732050808E-02, 1.266666667E-01, 2.000000000E-02, 5.041730815E+02
       922,-1.217522858E-02,-1.586706681E-02, 1.266666667E-01, 2.000000000E-02, 5.041730720E+02
       923, 1.217522858E-02,-1.586706681E-02, 1.266666667E-01, 2.000000000E-02, 5.041730720E+02
       924,-1.414213562E-02,-1.414213562E-02, 1.266666667E-01, 2.000000000E-02, 5.041730691E+02
       925, 1.414213562E-02,-1.414213562E-02, 1.266666667E-01, 2.000000000E-02, 5.041730691E+02
       926,-1.586706681E-02,-1.217522858E-02, 1.266666667E-01, 2.000000000E-02, 5.041730720E+02
       927, 1.586706681E-02,-1.217522858E-02, 1.266666667E-01, 2.000000000E-02, 5.041730720E+02
       928,-1.732050808E-02,-1.000000000E-02, 1.266666667E-01, 2.000000000E-02, 5.041730815E+02
       929, 1.732050808E-02,-1.000000000E-02, 1.266666667E-01, 2.000000000E-02, 5.041730815E+02
       930,-1.847759065E-02,-7.653668647E-03, 1.266666667E-01, 2.000000000E-02, 5.041730986E+02
       931, 1.847759065E-02,-7.653668647E-03, 1.266666667E-01, 2.000000000E-02, 5.041730986E+02
       932,-1.931851653E-02,-5.176380902E-03, 1.266666667E-01, 2.000000000E-02, 5.041731207E+02
       933, 1.931851653E-02,-5.176380902E-03, 1.266666667E-01, 2.000000000E-02, 5.041731207E+02
       934,-1.982889723E-02,-2.610523844E-03, 1.266666667E-01, 2.000000000E-02, 5.041731404E+02
       935, 1.982889723E-02,-2.610523844E-03, 1.266666667E-01, 2.000000000E-02, 5.041731404E+02
       936,-2.000000000E-02, 7.347880795E-18, 1.266666667E-01, 2.000000000E-02, 5.041731483E+02
       937, 2.000000000E-02,-4.898587197E-18, 1.266666667E-01, 2.000000000E-02, 5.041731483E+02
       938,-1.982889723E-02, 2.610523844E-03, 1.266666667E-01, 2.000000000E-02, 5.041731404E+02
       939, 1.982889723E-02, 2.610523844E-03, 1.266666667E-01, 2.000000000E-02, 5.041731404E+02
       940,-1.931851653E-02, 5.176380902E-03, 1.266666667E-01, 2.000000000E-02, 5.041731207E+02
       941, 1.931851653E-02, 5.176380902E-03, 1.266666667E-01, 2.000000000E-02, 5.041731207E+02
       942,-1.847759065E-02, 7.653668647E-03, 1.266666667E-01, 2.000000000E-02, 5.041730986E+02
       943, 1.847759065E-02, 7.653668647E-03, 1.266666667E-01, 2.000000000E-02, 5.041730986E+02
       944,-1.732050808E-02, 1.000000000E-02, 1.266666667E-01, 2.000000000E-02, 5.041730815E+02
       945, 1.732050808E-02, 1.000000000E-02, 1.266666667E-01, 2.000000000E-02, 5.041730815E+02
       946,-1.586706681E-02, 1.217522858E-02, 1.266666667E-01, 2.000000000E-02, 5.041730720E+02
       947, 1.586706681E-02, 1.217522858E-02, 1.266666667E-01, 2.000000000E-02, 5.041730720E+02
       948,-1.414213562E-02, 1.414213562E-02, 1.266666667E-01, 2.000000000E-02, 5.041730691E+02
       949, 1.414213562E-02, 1.414213562E-02, 1.266666667E-01, 2.000000000E-02, 5.041730691E+02
       950,-1.217522858E-02, 1.586706681E-02, 1.266666667E-01, 2.000000000E-02, 5.041730720E+02
       951, 1.217522858E-02, 1.586706681E-02, 1.266666667E-01, 2.000000000E-02, 5.041730720E+02
       952,-1.000000000E-02, 1.732050808E-02, 1.266666667E-01, 2.000000000E-02, 5.041730815E+02
       953, 1.000000000E-02, 1.732050808E-02, 1.266666667E-01, 2.000000000E-02, 5.041730815E+02
       954,-7.653668647E-03, 1.847759065E-02, 1.266666667E-01, 2.000000000E-02, 5.041730986E+02
       955, 7.653668647E-03, 1.847759065E-02, 1.266666667E-01, 2.000000000E-02, 5.041730986E+02
       956,-5.176380902E-03, 1.931851653E-02, 1.266666667E-01, 2.000000000E-02, 5.041731207E+02
       957, 5.176380902E-03, 1.931851653E-02, 1.266666667E-01, 2.000000000E-02, 5.041731207E+02
       958,-2.610523844E-03, 1.982889723E-02, 1.266666667E-01, 2.000000000E-02, 5.041731404E+02
       959, 2.610523844E-03, 1.982889723E-02, 1.266666667E-01, 2.000000000E-02, 5.041731404E+02
       960, 6.123233996E-18, 2.000000000E-02, 1.266666667E-01, 2.000000000E-02, 5.041731483E+02
       961,-3.673940397E-18,-2.000000000E-02, 1.333333333E-01, 2.000000000E-02, 5.062879305E+02
       962,-2.610523844E-03,-1.982889723E-02, 1.333333333E-01, 2.000000000E-02, 5.062879275E+02
       963, 2.610523844E-03,-1.982889723E-02, 1.333333333E-01, 2.000000000E-02, 5.062879275E+02
       964,-5.176380902E-03,-1.931851653E-02, 1.333333333E-01, 2.000000000E-02, 5.062879211E+02
       965, 5.176380902E-03,-1.931851653E-02, 1.333333333E-01, 2.000000000E-02, 5.062879211E+02
       966,-7.653668647E-03,-1.847759065E-02, 1.333333333E-01, 2.000000000E-02, 5.062879163E+02
       967, 7.653668647E-03,-1.847759065E-02, 1.333333333E-01, 2.000000000E-02, 5.062879163E+02
       968,-1.000000000E-02,-1.732050808E-02, 1.333333333E-01, 2.000000000E-02, 5.062879156E+02
       969, 1.000000000E-02,-1.732050808E-02, 1.333333333E-01, 2.000000000E-02, 5.062879156E+02
       970,-1.217522858E-02,-1.586706681E-02, 1.333333333E-01, 2.000000000E-02, 5.062879176E+02
       971, 1.217522858E-02,-1.586706681E-02, 1.333333333E-01, 2.000000000E-02, 5.062879176E+02
       972,-1.414213562E-02,-1.414213562E-02, 1.333333333E-01, 2.000000000E-02, 5.062879187E+02
       973, 1.414213562E-02,-1.414213562E-02, 1.333333333E-01, 2.000000000E-02, 5.062879187E+02
       974,-1.586706681E-02,-1.217522858E-02, 1.333333333E-01, 2.000000000E-02, 5.062879176E+02
       975, 1.586706681E-02,-1.217522858E-02, 1.333333333E-01, 2.000000000E-02, 5.062879176E+02
       976,-1.732050808E-02,-1.000000000E-02, 1.333333333E-01, 2.000000000E-02, 5.062879156E+02
       977, 1.732050808E-02,-1.000000000E-02, 1.333333333E-01, 2.000000000E-02, 5.062879156E+02
       978,-1.847759065E-02,-7.653668647E-03, 1.333333333E-01, 2.000000000E-02, 5.062879163E+02
       979, 1.847759065E-02,-7.653668647E-03, 1.333333333E-01, 2.000000000E-02, 5.062879163E+02
       980,-1.931851653E-02,-5.176380902E-03, 1.333333333E-01, 2.000000000E-02, 5.062879211E+02
       981, 1.931851653E-02,-5.176380902E-03, 1.333333333E-01, 2.000000000E-02, 5.062879211E+02
       982,-1.982889723E-02,-2.610523844E-03, 1.333333333E-01, 2.000000000E-02, 5.062879275E+02
       983, 1.982889723E-02,-2.610523844E-03, 1.333333333E-01, 2.000000000E-02, 5.062879275E+02
       984,-2.000000000E-02, 7.347880795E-18, 1.333333333E-01, 2.000000000E-02, 5.062879305E+02
       985, 2.000000000E-02,-4.898587197E-18, 1.333333333E-01, 2.000000000E-02, 5.062879305E+02
       986,-1.982889723E-02, 2.610523844E-03, 1.333333333E-01, 2.000000000E-02, 5.062879275E+02
       987, 1.982889723E-02, 2.610523844E-03, 1.333333333E-01, 2.000000000E-02, 5.062879275E+02
       988,-1.931851653E-02, 5.176380902E-03, 1.333333333E-01, 2.000000000E-02, 5.062879211E+02
       989, 1.931851653E-02, 5.176380902E-03, 1.333333333E-01, 2.000000000E-02, 5.062879211E+02
       990,-1.847759065E-02, 7.653668647E-03, 1.333333333E-01, 2.000000000E-02, 5.062879163E+02
       991, 1.847759065E-02, 7.653668647E-03, 1.333333333E-01, 2.000000000E-02, 5.062879163E+02
       992,-1.732050808E-02, 1.000000000E-02, 1.333333333E-01, 2.000000000E-02, 5.062879156E+02
       993, 1.732050808E-02, 1.000000000E-02, 1.333333333E-01, 2.000000000E-02, 5.062879156E+02
       994,-1.586706681E-02, 1.217522858E-02, 1.333333333E-01, 2.000000000E-02, 5.062879176E+02
       995, 1.586706681E-02, 1.217522858E-02, 1.333333333E-01, 2.000000000E-02, 5.062879176E+02
       996,-1.414213562E-02, 1.414213562E-02, 1.333333333E-01, 2.000000000E-02, 5.062879187E+02
       997, 1.414213562E-02, 1.414213562E-02, 1.333333333E-01, 2.000000000E-02, 5.062879187E+02
       998,-1.217522858E-02, 1.586706681E-02, 1.333333333E-01, 2.000000000E-02, 5.062879176E+02
       999, 1.217522858E-02, 1.586706681E-02, 1.333333333E-01, 2.000000000E-02, 5.062879176E+02
      1000,-1.000000000E-02, 1.732050808E-02, 1.333333333E-01, 2.000000000E-02, 5.062879156E+02
      1001, 1.000000000E-02, 1.732050808E-02, 1.333333333E-01, 2.000000000E-02, 5.062879156E+02
      1002,-7.653668647E-03, 1.847759065E-02, 1.333333333E-01, 2.000000000E-02, 5.062879163E+02
      1003, 7.653668647E-03, 1.847759065E-02, 1.333333333E-01, 2.000000000E-02, 5.062879163E+02
      1004,-5.176380902E-03, 1.931851653E-02, 1.333333333E-01, 2.000000000E-02, 5.062879211E+02
      1005, 5.176380902E-03, 1.931851653E-02, 1.333333333E-01, 2.000000000E-02, 5.062879211E+02
      1006,-2.610523844E-03, 1.982889723E-02, 1.333333333E-01, 2.000000000E-02, 5.062879275E+02
      1007, 2.610523844E-03, 1.982889723E-02, 1.333333333E-01, 2.000000000E-02, 5.062879275E+02
      1008, 6.123233996E-18, 2.000000000E-02, 1.333333333E-01, 2.000000000E-02, 5.062879305E+02
      1009,-3.673940397E-18,-2.000000000E-02, 1.400000000E-01, 2.000000000E-02, 5.083070035E+02
      1010,-2.610523844E-03,-1.982889723E-02, 1.400000000E-01, 2.000000000E-02, 5.083070047E+02
      1011, 2.610523844E-03,-1.982889723E-02, 1.400000000E-01, 2.000000000E-02, 5.083070047E+02
      1012,-5.176380902E-03,-1.931851653E-02, 1.400000000E-01, 2.000000000E-02, 5.083070094E+02
      1013, 5.176380902E-03,-1.931851653E-02, 1.400000000E-01, 2.000000000E-02, 5.083070094E+02
      1014,-7.653668647E-03,-1.847759065E-02, 1.400000000E-01, 2.000000000E-02, 5.083070189E+02
      1015, 7.653668647E-03,-1.847759065E-02, 1.400000000E-01, 2.000000000E-02, 5.083070189E+02
      1016,-1.000000000E-02,-1.732050808E-02, 1.400000000E-01, 2.000000000E-02, 5.083070315E+02
      1017, 1.000000000E-02,-1.732050808E-02, 1.400000000E-01, 2.000000000E-02, 5.083070315E+02
      1018,-1.217522858E-02,-1.586706681E-02, 1.400000000E-01, 2.000000000E-02, 5.083070425E+02
      1019, 1.217522858E-02,-1.586706681E-02, 1.400000000E-01, 2.000000000E-02, 5.083070425E+02
      1020,-1.414213562E-02,-1.414213562E-02, 1.400000000E-01, 2.000000000E-02, 5.083070468E+02
      1021, 1.414213562E-02,-1.414213562E-02, 1.400000000E-01, 2.000000000E-02, 5.083070468E+02
      1022,-1.586706681E-02,-1.217522858E-02, 1.400000000E-01, 2.000000000E-02, 5.083070425E+02
      1023, 1.586706681E-02,-1.217522858E-02, 1.400000000E-01, 2.000000000E-02, 5.083070425E+02
      1024,-1.732050808E-02,-1.000000000E-02, 1.400000000E-01, 2.000000000E-02, 5.083070315E+02
      1025, 1.732050808E-02,-1.000000000E-02, 1.400000000E-01, 2.000000000E-02, 5.083070315E+02
      1026,-1.847759065E-02,-7.653668647E-03, 1.400000000E-01, 2.000000000E-02, 5.083070189E+02
      1027, 1.847759065E-02,-7.653668647E-03, 1.400000000E-01, 2.000000000E-02, 5.083070189E+02
      1028,-1.931851653E-02,-5.176380902E-03, 1.400000000E-01, 2.000000000E-02, 5.083070094E+02
      1029, 1.931851653E-02,-5.176380902E-03, 1.400000000E-01, 2.000000000E-02, 5.083070094E+02
      1030,-1.982889723E-02,-2.610523844E-03, 1.400000000E-01, 2.000000000E-02, 5.083070047E+02
      1031, 1.982889723E-02,-2.610523844E-03, 1.400000000E-01, 2.000000000E-02, 5.083070047E+02
      1032,-2.000000000E-02, 7.347880795E-18, 1.400000000E-01, 2.000000000E-02, 5.083070035E+02
      1033, 2.000000000E-02,-4.898587197E-18, 1.400000000E-01, 2.000000000E-02, 5.083070035E+02
      1034,-1.982889723E-02, 2.610523844E-03, 1.400000000E-01, 2.000000000E-02, 5.083070047E+02
      1035, 1.982889723E-02, 2.610523844E-03, 1.400000000E-01, 2.000000000E-02, 5.083070047E+02
      1036,-1.931851653E-02, 5.176380902E-03, 1.400000000E-01, 2.000000000E-02, 5.083070094E+02
      1037, 1.931851653E-02, 5.176380902E-03, 1.400000000E-01, 2.000000000E-02, 5.083070094E+02
      1038,-1.847759065E-02, 7.653668647E-03, 1.400000000E-01, 2.000000000E-02, 5.083070189E+02
      1039, 1.847759065E-02, 7.653668647E-03, 1.400000000E-01, 2.000000000E-02, 5.083070189E+02
      1040,-1.732050808E-02, 1.000000000E-02, 1.400000000E-01, 2.000000000E-02, 5.083070315E+02
      1041, 1.732050808E-02, 1.000000000E-02, 1.400000000E-01, 2.000000000E-02, 5.083070315E+02
      1042,-1.586706681E-02, 1.217522858E-02, 1.400000000E-01, 2.000000000E-02, 5.083070425E+02
      1043, 1.586706681E-02, 1.217522858E-02, 1.400000000E-01, 2.000000000E-02, 5.083070425E+02
      1044,-1.414213562E-02, 1.414213562E-02, 1.400000000E-01, 2.000000000E-02, 5.083070468E+02
      1045, 1.414213562E-02, 1.414213562E-02, 1.400000000E-01, 2.000000000E-02, 5.083070468E+02
      1046,-1.217522858E-02, 1.586706681E-02, 1.400000000E-01, 2.000000000E-02, 5.083070425E+02
      1047, 1.217522858E-02, 1.586706681E-02, 1.400000000E-01, 2.000000000E-02, 5.083070425E+02
      1048,-1.000000000E-02, 1.732050808E-02, 1.400000000E-01, 2.000000000E-02, 5.083070315E+02
      1049, 1.000000000E-02, 1.732050808E-02, 1.400000000E-01, 2.000000000E-02, 5.083070315E+02
      1050,-7.653668647E-03, 1.847759065E-02, 1.400000000E-01, 2.000000000E-02, 5.083070189E+02
      1051, 7.653668647E-03, 1.847759065E-02, 1.400000000E-01, 2.000000000E-02, 5.083070189E+02
      1052,-5.176380902E-03, 1.931851653E-02, 1.400000000E-01, 2.000000000E-02, 5.083070094E+02
      1053, 5.176380902E-03, 1.931851653E-02, 1.400000000E-01, 2.000000000E-02, 5.083070094E+02
      1054,-2.610523844E-03, 1.982889723E-02, 1.400000000E-01, 2.000000000E-02, 5.083070047E+02
      1055, 2.610523844E-03, 1.982889723E-02, 1.400000000E-01, 2.000000000E-02, 5.083070047E+02
      1056, 6.123233996E-18, 2.000000000E-02, 1.400000000E-01, 2.000000000E-02, 5.083070035E+02
      1057,-3.673940397E-18,-2.000000000E-02, 1.466666667E-01, 2.000000000E-02, 5.102367791E+02
      1058,-2.610523844E-03,-1.982889723E-02, 1.466666667E-01, 2.000000000E-02, 5.102367837E+02
      1059, 2.610523844E-03,-1.982889723E-02, 1.466666667E-01, 2.000000000E-02, 5.102367837E+02
      1060,-5.176380902E-03,-1.931851653E-02, 1.466666667E-01, 2.000000000E-02, 5.102367975E+02
      1061, 5.176380902E-03,-1.931851653E-02, 1.466666667E-01, 2.000000000E-02, 5.102367975E+02
      1062,-7.653668647E-03,-1.847759065E-02, 1.466666667E-01, 2.000000000E-02, 5.102368185E+02
      1063, 7.653668647E-03,-1.847759065E-02, 1.466666667E-01, 2.000000000E-02, 5.102368185E+02
      1064,-1.000000000E-02,-1.732050808E-02, 1.466666667E-01, 2.000000000E-02, 5.102368415E+02
      1065, 1.000000000E-02,-1.732050808E-02, 1.466666667E-01, 2.000000000E-02, 5.102368415E+02
      1066,-1.217522858E-02,-1.586706681E-02, 1.466666667E-01, 2.000000000E-02, 5.102368595E+02
      1067, 1.217522858E-02,-1.586706681E-02, 1.466666667E-01, 2.000000000E-02, 5.102368595E+02
      1068,-1.414213562E-02,-1.414213562E-02, 1.466666667E-01, 2.000000000E-02, 5.102368663E+02
      1069, 1.414213562E-02,-1.414213562E-02, 1.466666667E-01, 2.000000000E-02, 5.102368663E+02
      1070,-1.586706681E-02,-1.217522858E-02, 1.466666667E-01, 2.000000000E-02, 5.102368595E+02
      1071, 1.586706681E-02,-1.217522858E-02, 1.466666667E-01, 2.000000000E-02, 5.102368595E+02
      1072,-1.732050808E-02,-1.000000000E-02, 1.466666667E-01, 2.000000000E-02, 5.102368415E+02
      1073, 1.732050808E-02,-1.000000000E-02, 1.466666667E-01, 2.000000000E-02, 5.102368415E+02
      1074,-1.847759065E-02,-7.653668647E-03, 1.466666667E-01, 2.000000000E-02, 5.102368185E+02
      1075, 1.847759065E-02,-7.653668647E-03, 1.466666667E-01, 2.000000000E-02, 5.102368185E+02
      1076,-1.931851653E-02,-5.176380902E-03, 1.466666667E-01, 2.000000000E-02, 5.102367975E+02
      1077, 1.931851653E-02,-5.176380902E-03, 1.466666667E-01, 2.000000000E-02, 5.102367975E+02
      1078,-1.982889723E-02,-2.610523844E-03, 1.466666667E-01, 2.000000000E-02, 5.102367837E+02
      1079, 1.982889723E-02,-2.610523844E-03, 1.466666667E-01, 2.000000000E-02, 5.102367837E+02
      1080,-2.000000000E-02, 7.347880795E-18, 1.466666667E-01, 2.000000000E-02, 5.102367791E+02
      1081, 2.000000000E-02,-4.898587197E-18, 1.466666667E-01, 2.000000000E-02, 5.102367791E+02
      1082,-1.982889723E-02, 2.610523844E-03, 1.466666667E-01, 2.000000000E-02, 5.102367837E+02
      1083, 1.982889723E-02, 2.610523844E-03, 1.466666667E-01, 2.000000000E-02, 5.102367837E+02
      1084,-1.931851653E-02, 5.176380902E-03, 1.466666667E-01, 2.000000000E-02, 5.102367975E+02
      1085, 1.931851653E-02, 5.176380902E-03, 1.466666667E-01, 2.000000000E-02, 5.102367975E+02
      1086,-1.847759065E-02, 7.653668647E-03, 1.466666667E-01, 2.000000000E-02, 5.102368185E+02
      1087, 1.847759065E-02, 7.653668647E-03, 1.466666667E-01, 2.000000000E-02, 5.102368185E+02
      1088,-1.732050808E-02, 1.000000000E-02, 1.466666667E-01, 2.000000000E-02, 5.102368415E+02
      1089, 1.732050808E-02, 1.000000000E-02, 1.466666667E-01, 2.000000000E-02, 5.102368415E+02
      1090,-1.586706681E-02, 1.217522858E-02, 1.466666667E-01, 2.000000000E-02, 5.102368595E+02
      1091, 1.586706681E-02, 1.217522858E-02, 1.466666667E-01, 2.000000000E-02, 5.102368595E+02
      1092,-1.414213562E-02, 1.414213562E-02, 1.466666667E-01, 2.000000000E-02, 5.102368663E+02
      1093, 1.414213562E-02, 1.414213562E-02, 1.466666667E-01, 2.000000000E-02, 5.102368663E+02
      1094,-1.217522858E-02, 1.586706681E-02, 1.466666667E-01, 2.000000000E-02, 5.102368595E+02
      1095, 1.217522858E-02, 1.586706681E-02, 1.466666667E-01, 2.000000000E-02, 5.102368595E+02
      1096,-1.000000000E-02, 1.732050808E-02, 1.466666667E-01, 2.000000000E-02, 5.102368415E+02
      1097, 1.000000000E-02, 1.732050808E-02, 1.466666667E-01, 2.000000000E-02, 5.102368415E+02
      1098,-7.653668647E-03, 1.847759065E-02, 1.466666667E-01, 2.000000000E-02, 5.102368185E+02
      1099, 7.653668647E-03, 1.847759065E-02, 1.466666667E-01, 2.000000000E-02, 5.102368185E+02
      1100,-5.176380902E-03, 1.931851653E-02, 1.466666667E-01, 2.000000000E-02, 5.102367975E+02
      1101, 5.176380902E-03, 1.931851653E-02, 1.466666667E-01, 2.000000000E-02, 5.102367975E+02
      1102,-2.610523844E-03, 1.982889723E-02, 1.466666667E-01, 2.000000000E-02, 5.102367837E+02
      1103, 2.610523844E-03, 1.982889723E-02, 1.466666667E-01, 2.000000000E-02, 5.102367837E+02
      1104, 6.123233996E-18, 2.000000000E-02, 1.466666667E-01, 2.000000000E-02, 5.102367791E+02
      1105,-3.673940397E-18,-2.000000000E-02, 1.533333333E-01, 2.000000000E-02, 5.120831617E+02
      1106,-2.610523844E-03,-1.982889723E-02, 1.533333333E-01, 2.000000000E-02, 5.120831691E+02
      1107, 2.610523844E-03,-1.982889723E-02, 1.533333333E-01, 2.000000000E-02, 5.120831691E+02
      1108,-5.176380902E-03,-1.931851653E-02, 1.533333333E-01, 2.000000000E-02, 5.120831902E+02
      1109, 5.176380902E-03,-1.931851653E-02, 1.533333333E-01, 2.000000000E-02, 5.120831902E+02
      1110,-7.653668647E-03,-1.847759065E-02, 1.533333333E-01, 2.000000000E-02, 5.120832204E+02
      1111, 7.653668647E-03,-1.847759065E-02, 1.533333333E-01, 2.000000000E-02, 5.120832204E+02
      1112,-1.000000000E-02,-1.732050808E-02, 1.533333333E-01, 2.000000000E-02, 5.120832519E+02
      1113, 1.000000000E-02,-1.732050808E-02, 1.533333333E-01, 2.000000000E-02, 5.120832519E+02
      1114,-1.217522858E-02,-1.586706681E-02, 1.533333333E-01, 2.000000000E-02, 5.120832754E+02
      1115, 1.217522858E-02,-1.586706681E-02, 1.533333333E-01, 2.000000000E-02, 5.120832754E+02
      1116,-1.414213562E-02,-1.414213562E-02, 1.533333333E-01, 2.000000000E-02, 5.120832840E+02
      1117, 1.414213562E-02,-1.414213562E-02, 1.533333333E-01, 2.000000000E-02, 5.120832840E+02
      1118,-1.586706681E-02,-1.217522858E-02, 1.533333333E-01, 2.000000000E-02, 5.120832754E+02
      1119, 1.586706681E-02,-1.217522858E-02, 1.533333333E-01, 2.000000000E-02, 5.120832754E+02
      1120,-1.732050808E-02,-1.000000000E-02, 1.533333333E-01, 2.000000000E-02, 5.120832519E+02
      1121, 1.732050808E-02,-1.000000000E-02, 1.533333333E-01, 2.000000000E-02, 5.120832519E+02
      1122,-1.847759065E-02,-7.653668647E-03, 1.533333333E-01, 2.000000000E-02, 5.120832204E+02
      1123, 1.847759065E-02,-7.653668647E-03, 1.533333333E-01, 2.000000000E-02, 5.120832204E+02
      1124,-1.931851653E-02,-5.176380902E-03, 1.533333333E-01, 2.000000000E-02, 5.120831902E+02
      1125, 1.931851653E-02,-5.176380902E-03, 1.533333333E-01, 2.000000000E-02, 5.120831902E+02
      1126,-1.982889723E-02,-2.610523844E-03, 1.533333333E-01, 2.000000000E-02, 5.120831691E+02
      1127, 1.982889723E-02,-2.610523844E-03, 1.533333333E-01, 2.000000000E-02, 5.120831691E+02
      1128,-2.000000000E-02, 7.347880795E-18, 1.533333333E-01, 2.000000000E-02, 5.120831617E+02
      1129, 2.000000000E-02,-4.898587197E-18, 1.533333333E-01, 2.000000000E-02, 5.120831617E+02
      1130,-1.982889723E-02, 2.610523844E-03, 1.533333333E-01, 2.000000000E-02, 5.120831691E+02
      1131, 1.982889723E-02, 2.610523844E-03, 1.533333333E-01, 2.000000000E-02, 5.120831691E+02
      1132,-1.931851653E-02, 5.176380902E-03, 1.533333333E-01, 2.000000000E-02, 5.120831902E+02
      1133, 1.931851653E-02, 5.176380902E-03, 1.533333333E-01, 2.000000000E-02, 5.120831902E+02
      1134,-1.847759065E-02, 7.653668647E-03, 1.533333333E-01, 2.000000000E-02, 5.120832204E+02
      1135, 1.847759065E-02, 7.653668647E-03, 1.533333333E-01, 2.000000000E-02, 5.120832204E+02
      1136,-1.732050808E-02, 1.000000000E-02, 1.533333333E-01, 2.000000000E-02, 5.120832519E+02
      1137, 1.732050808E-02, 1.000000000E-02, 1.533333333E-01, 2.000000000E-02, 5.120832519E+02
      1138,-1.586706681E-02, 1.217522858E-02, 1.533333333E-01, 2.000000000E-02, 5.120832754E+02
      1139, 1.586706681E-02, 1.217522858E-02, 1.533333333E-01, 2.000000000E-02, 5.120832754E+02
      1140,-1.414213562E-02, 1.414213562E-02, 1.533333333E-01, 2.000000000E-02, 5.120832840E+02
      1141, 1.414213562E-02, 1.414213562E-02, 1.533333333E-01, 2.000000000E-02, 5.120832840E+02
      1142,-1.217522858E-02, 1.586706681E-02, 1.533333333E-01, 2.000000000E-02, 5.120832754E+02
      1143, 1.217522858E-02, 1.586706681E-02, 1.533333333E-01, 2.000000000E-02, 5.120832754E+02
      1144,-1.000000000E-02, 1.732050808E-02, 1.533333333E-01, 2.000000000E-02, 5.120832519E+02
      1145, 1.000000000E-02, 1.732050808E-02, 1.533333333E-01, 2.000000000E-02, 5.120832519E+02
      1146,-7.653668647E-03, 1.847759065E-02, 1.533333333E-01, 2.000000000E-02, 5.120832204E+02
      1147, 7.653668647E-03, 1.847759065E-02, 1.533333333E-01, 2.000000000E-02, 5.120832204E+02
      1148,-5.176380902E-03, 1.931851653E-02, 1.533333333E-01, 2.000000000E-02, 5.120831902E+02
      1149, 5.176380902E-03, 1.931851653E-02, 1.533333333E-01, 2.000000000E-02, 5.120831902E+02
      1150,-2.610523844E-03, 1.982889723E-02, 1.533333333E-01, 2.000000000E-02, 5.120831691E+02
      1151, 2.610523844E-03, 1.982889723E-02, 1.533333333E-01, 2.000000000E-02, 5.120831691E+02
      1152, 6.123233996E-18, 2.000000000E-02, 1.533333333E-01, 2.000000000E-02, 5.120831617E+02
      1153,-3.673940397E-18,-2.000000000E-02, 1.600000000E-01, 2.000000000E-02, 5.138515958E+02
      1154,-2.610523844E-03,-1.982889723E-02, 1.600000000E-01, 2.000000000E-02, 5.138516054E+02
      1155, 2.610523844E-03,-1.982889723E-02, 1.600000000E-01, 2.000000000E-02, 5.138516054E+02
      1156,-5.176380902E-03,-1.931851653E-02, 1.600000000E-01, 2.000000000E-02, 5.138516323E+02
      1157, 5.176380902E-03,-1.931851653E-02, 1.600000000E-01, 2.000000000E-02, 5.138516323E+02
      1158,-7.653668647E-03,-1.847759065E-02, 1.600000000E-01, 2.000000000E-02, 5.138516697E+02
      1159, 7.653668647E-03,-1.847759065E-02, 1.600000000E-01, 2.000000000E-02, 5.138516697E+02
      1160,-1.000000000E-02,-1.732050808E-02, 1.600000000E-01, 2.000000000E-02, 5.138517075E+02
      1161, 1.000000000E-02,-1.732050808E-02, 1.600000000E-01, 2.000000000E-02, 5.138517075E+02
      1162,-1.217522858E-02,-1.586706681E-02, 1.600000000E-01, 2.000000000E-02, 5.138517352E+02
      1163, 1.217522858E-02,-1.586706681E-02, 1.600000000E-01, 2.000000000E-02, 5.138517352E+02
      1164,-1.414213562E-02,-1.414213562E-02, 1.600000000E-01, 2.000000000E-02, 5.138517453E+02
      1165, 1.414213562E-02,-1.414213562E-02, 1.600000000E-01, 2.000000000E-02, 5.138517453E+02
      1166,-1.586706681E-02,-1.217522858E-02, 1.600000000E-01, 2.000000000E-02, 5.138517352E+02
      1167, 1.586706681E-02,-1.217522858E-02, 1.600000000E-01, 2.000000000E-02, 5.138517352E+02
      1168,-1.732050808E-02,-1.000000000E-02, 1.600000000E-01, 2.000000000E-02, 5.138517075E+02
      1169, 1.732050808E-02,-1.000000000E-02, 1.600000000E-01, 2.000000000E-02, 5.138517075E+02
      1170,-1.847759065E-02,-7.653668647E-03, 1.600000000E-01, 2.000000000E-02, 5.138516697E+02
      1171, 1.847759065E-02,-7.653668647E-03, 1.600000000E-01, 2.000000000E-02, 5.138516697E+02
      1172,-1.931851653E-02,-5.176380902E-03, 1.600000000E-01, 2.000000000E-02, 5.138516323E+02
      1173, 1.931851653E-02,-5.176380902E-03, 1.600000000E-01, 2.000000000E-02, 5.138516323E+02
      1174,-1.982889723E-02,-2.610523844E-03, 1.600000000E-01, 2.000000000E-02, 5.138516054E+02
      1175, 1.982889723E-02,-2.610523844E-03, 1.600000000E-01, 2.000000000E-02, 5.138516054E+02
      1176,-2.000000000E-02, 7.347880795E-18, 1.600000000E-01, 2.000000000E-02, 5.138515958E+02
      1177, 2.000000000E-02,-4.898587197E-18, 1.600000000E-01, 2.000000000E-02, 5.138515958E+02
      1178,-1.982889723E-02, 2.610523844E-03, 1.600000000E-01, 2.000000000E-02, 5.138516054E+02
      1179, 1.982889723E-02, 2.610523844E-03, 1.600000000E-01, 2.000000000E-02, 5.138516054E+02
      1180,-1.931851653E-02, 5.176380902E-03, 1.600000000E-01, 2.000000000E-02, 5.138516323E+02
      1181, 1.931851653E-02, 5.176380902E-03, 1.600000000E-01, 2.000000000E-02, 5.138516323E+02
      1182,-1.847759065E-02, 7.653668647E-03, 1.600000000E-01, 2.000000000E-02, 5.138516697E+02
      1183, 1.847759065E-02, 7.653668647E-03, 1.600000000E-01, 2.000000000E-02, 5.138516697E+02
      1184,-1.732050808E-02, 1.000000000E-02, 1.600000000E-01, 2.000000000E-02, 5.138517075E+02
      1185, 1.732050808E-02, 1.000000000E-02, 1.600000000E-01, 2.000000000E-02, 5.138517075E+02
      1186,-1.586706681E-02, 1.217522858E-02, 1.600000000E-01, 2.000000000E-02, 5.138517352E+02
      1187, 1.586706681E-02, 1.217522858E-02, 1.600000000E-01, 2.000000000E-02, 5.138517352E+02
      1188,-1.414213562E-02, 1.414213562E-02, 1.600000000E-01, 2.000000000E-02, 5.138517453E+02
      1189, 1.414213562E-02, 1.414213562E-02, 1.600000000E-01, 2.000000000E-02, 5.138517453E+02
      1190,-1.217522858E-02, 1.586706681E-02, 1.600000000E-01, 2.000000000E-02, 5.138517352E+02
      1191, 1.217522858E-02, 1.586706681E-02, 1.600000000E-01, 2.000000000E-02, 5.138517352E+02
      1192,-1.000000000E-02, 1.732050808E-02, 1.600000000E-01, 2.000000000E-02, 5.138517075E+02
      1193, 1.000000000E-02, 1.732050808E-02, 1.600000000E-01, 2.000000000E-02, 5.138517075E+02
      1194,-7.653668647E-03, 1.847759065E-02, 1.600000000E-01, 2.000000000E-02, 5.138516697E+02
      1195, 7.653668647E-03, 1.847759065E-02, 1.600000000E-01, 2.000000000E-02, 5.138516697E+02
      1196,-5.176380902E-03, 1.931851653E-02, 1.600000000E-01, 2.000000000E-02, 5.138516323E+02
      1197, 5.176380902E-03, 1.931851653E-02, 1.600000000E-01, 2.000000000E-02, 5.138516323E+02
      1198,-2.610523844E-03, 1.982889723E-02, 1.600000000E-01, 2.000000000E-02, 5.138516054E+02
      1199, 2.610523844E-03, 1.982889723E-02, 1.600000000E-01, 2.000000000E-02, 5.138516054E+02
      1200, 6.123233996E-18, 2.000000000E-02, 1.600000000E-01, 2.000000000E-02, 5.138515958E+02
      1201,-3.673940397E-18,-2.000000000E-02, 1.666666667E-01, 2.000000000E-02, 5.155471001E+02
      1202,-2.610523844E-03,-1.982889723E-02, 1.666666667E-01, 2.000000000E-02, 5.155471113E+02
      1203, 2.610523844E-03,-1.982889723E-02, 1.666666667E-01, 2.000000000E-02, 5.155471113E+02
      1204,-5.176380902E-03,-1.931851653E-02, 1.666666667E-01, 2.000000000E-02, 5.155471422E+02
      1205, 5.176380902E-03,-1.931851653E-02, 1.666666667E-01, 2.000000000E-02, 5.155471422E+02
      1206,-7.653668647E-03,-1.847759065E-02, 1.666666667E-01, 2.000000000E-02, 5.155471844E+02
      1207, 7.653668647E-03,-1.847759065E-02, 1.666666667E-01, 2.000000000E-02, 5.155471844E+02
      1208,-1.000000000E-02,-1.732050808E-02, 1.666666667E-01, 2.000000000E-02, 5.155472261E+02
      1209, 1.000000000E-02,-1.732050808E-02, 1.666666667E-01, 2.000000000E-02, 5.155472261E+02
      1210,-1.217522858E-02,-1.586706681E-02, 1.666666667E-01, 2.000000000E-02, 5.155472563E+02
      1211, 1.217522858E-02,-1.586706681E-02, 1.666666667E-01, 2.000000000E-02, 5.155472563E+02
      1212,-1.414213562E-02,-1.414213562E-02, 1.666666667E-01, 2.000000000E-02, 5.155472672E+02
      1213, 1.414213562E-02,-1.414213562E-02, 1.666666667E-01, 2.000000000E-02, 5.155472672E+02
      1214,-1.586706681E-02,-1.217522858E-02, 1.666666667E-01, 2.000000000E-02, 5.155472563E+02
      1215, 1.586706681E-02,-1.217522858E-02, 1.666666667E-01, 2.000000000E-02, 5.155472563E+02
      1216,-1.732050808E-02,-1.000000000E-02, 1.666666667E-01, 2.000000000E-02, 5.155472261E+02
      1217, 1.732050808E-02,-1.000000000E-02, 1.666666667E-01, 2.000000000E-02, 5.155472261E+02
      1218,-1.847759065E-02,-7.653668647E-03, 1.666666667E-01, 2.000000000E-02, 5.155471844E+02
      1219, 1.847759065E-02,-7.653668647E-03, 1.666666667E-01, 2.000000000E-02, 5.155471844E+02
      1220,-1.931851653E-02,-5.176380902E-03, 1.666666667E-01, 2.000000000E-02, 5.155471422E+02
      1221, 1.931851653E-02,-5.176380902E-03, 1.666666667E-01, 2.000000000E-02, 5.155471422E+02
      1222,-1.982889723E-02,-2.610523844E-03, 1.666666667E-01, 2.000000000E-02, 5.155471113E+02
      1223, 1.982889723E-02,-2.610523844E-03, 1.666666667E-01, 2.000000000E-02, 5.155471113E+02
      1224,-2.000000000E-02, 7.347880795E-18, 1.666666667E-01, 2.000000000E-02, 5.155471001E+02
      1225, 2.000000000E-02,-4.898587197E-18, 1.666666667E-01, 2.000000000E-02, 5.155471001E+02
      1226,-1.982889723E-02, 2.610523844E-03, 1.666666667E-01, 2.000000000E-02, 5.155471113E+02
      1227, 1.982889723E-02, 2.610523844E-03, 1.666666667E-01, 2.000000000E-02, 5.155471113E+02
      1228,-1.931851653E-02, 5.176380902E-03, 1.666666667E-01, 2.000000000E-02, 5.155471422E+02
      1229, 1.931851653E-02, 5.176380902E-03, 1.666666667E-01, 2.000000000E-02, 5.155471422E+02
      1230,-1.847759065E-02, 7.653668647E-03, 1.666666667E-01, 2.000000000E-02, 5.155471844E+02
      1231, 1.847759065E-02, 7.653668647E-03, 1.666666667E-01, 2.000000000E-02, 5.155471844E+02
      1232,-1.732050808E-02, 1.000000000E-02, 1.666666667E-01, 2.000000000E-02, 5.155472261E+02
      1233, 1.732050808E-02, 1.000000000E-02, 1.666666667E-01, 2.000000000E-02, 5.155472261E+02
      1234,-1.586706681E-02, 1.217522858E-02, 1.666666667E-01, 2.000000000E-02, 5.155472563E+02
      1235, 1.586706681E-02, 1.217522858E-02, 1.666666667E-01, 2.000000000E-02, 5.155472563E+02
      1236,-1.414213562E-02, 1.414213562E-02, 1.666666667E-01, 2.000000000E-02, 5.155472672E+02
      1237, 1.414213562E-02, 1.414213562E-02, 1.666666667E-01, 2.000000000E-02, 5.155472672E+02
      1238,-1.217522858E-02, 1.586706681E-02, 1.666666667E-01, 2.000000000E-02, 5.155472563E+02
      1239, 1.217522858E-02, 1.586706681E-02, 1.666666667E-01, 2.000000000E-02, 5.155472563E+02
      1240,-1.000000000E-02, 1.732050808E-02, 1.666666667E-01, 2.000000000E-02, 5.155472261E+02
      1241, 1.000000000E-02, 1.732050808E-02, 1.666666667E-01, 2.000000000E-02, 5.155472261E+02
      1242,-7.653668647E-03, 1.847759065E-02, 1.666666667E-01, 2.000000000E-02, 5.155471844E+02
      1243, 7.653668647E-03, 1.847759065E-02, 1.666666667E-01, 2.000000000E-02, 5.155471844E+02
      1244,-5.176380902E-03, 1.931851653E-02, 1.666666667E-01, 2.000000000E-02, 5.155471422E+02
      1245, 5.176380902E-03, 1.931851653E-02, 1.666666667E-01, 2.000000000E-02, 5.155471422E+02
      1246,-2.610523844E-03, 1.982889723E-02, 1.666666667E-01, 2.000000000E-02, 5.155471113E+02
      1247, 2.610523844E-03, 1.982889723E-02, 1.666666667E-01, 2.000000000E-02, 5.155471113E+02
      1248, 6.123233996E-18, 2.000000000E-02, 1.666666667E-01, 2.000000000E-02, 5.155471001E+02
      1249,-3.673940397E-18,-2.000000000E-02, 1.733333333E-01, 2.000000000E-02, 5.171742849E+02
      1250,-2.610523844E-03,-1.982889723E-02, 1.733333333E-01, 2.000000000E-02, 5.171742971E+02
      1251, 2.610523844E-03,-1.982889723E-02, 1.733333333E-01, 2.000000000E-02, 5.171742971E+02
      1252,-5.176380902E-03,-1.931851653E-02, 1.733333333E-01, 2.000000000E-02, 5.171743304E+02
      1253, 5.176380902E-03,-1.931851653E-02, 1.733333333E-01, 2.000000000E-02, 5.171743304E+02
      1254,-7.653668647E-03,-1.847759065E-02, 1.733333333E-01, 2.000000000E-02, 5.171743751E+02
      1255, 7.653668647E-03,-1.847759065E-02, 1.733333333E-01, 2.000000000E-02, 5.171743751E+02
      1256,-1.000000000E-02,-1.732050808E-02, 1.733333333E-01, 2.000000000E-02, 5.171744187E+02
      1257, 1.000000000E-02,-1.732050808E-02, 1.733333333E-01, 2.000000000E-02, 5.171744187E+02
      1258,-1.217522858E-02,-1.586706681E-02, 1.733333333E-01, 2.000000000E-02, 5.171744498E+02
      1259, 1.217522858E-02,-1.586706681E-02, 1.733333333E-01, 2.000000000E-02, 5.171744498E+02
      1260,-1.414213562E-02,-1.414213562E-02, 1.733333333E-01, 2.000000000E-02, 5.171744610E+02
      1261, 1.414213562E-02,-1.414213562E-02, 1.733333333E-01, 2.000000000E-02, 5.171744610E+02
      1262,-1.586706681E-02,-1.217522858E-02, 1.733333333E-01, 2.000000000E-02, 5.171744498E+02
      1263, 1.586706681E-02,-1.217522858E-02, 1.733333333E-01, 2.000000000E-02, 5.171744498E+02
      1264,-1.732050808E-02,-1.000000000E-02, 1.733333333E-01, 2.000000000E-02, 5.171744187E+02
      1265, 1.732050808E-02,-1.000000000E-02, 1.733333333E-01, 2.000000000E-02, 5.171744187E+02
      1266,-1.847759065E-02,-7.653668647E-03, 1.733333333E-01, 2.000000000E-02, 5.171743751E+02
      1267, 1.847759065E-02,-7.653668647E-03, 1.733333333E-01, 2.000000000E-02, 5.171743751E+02
      1268,-1.931851653E-02,-5.176380902E-03, 1.733333333E-01, 2.000000000E-02, 5.171743304E+02
      1269, 1.931851653E-02,-5.176380902E-03, 1.733333333E-01, 2.000000000E-02, 5.171743304E+02
      1270,-1.982889723E-02,-2.610523844E-03, 1.733333333E-01, 2.000000000E-02, 5.171742971E+02
      1271, 1.982889723E-02,-2.610523844E-03, 1.733333333E-01, 2.000000000E-02, 5.171742971E+02
      1272,-2.000000000E-02, 7.347880795E-18, 1.733333333E-01, 2.000000000E-02, 5.171742849E+02
      1273, 2.000000000E-02,-4.898587197E-18, 1.733333333E-01, 2.000000000E-02, 5.171742849E+02
      1274,-1.982889723E-02, 2.610523844E-03, 1.733333333E-01, 2.000000000E-02, 5.171742971E+02
      1275, 1.982889723E-02, 2.610523844E-03, 1.733333333E-01, 2.000000000E-02, 5.171742971E+02
      1276,-1.931851653E-02, 5.176380902E-03, 1.733333333E-01, 2.000000000E-02, 5.171743304E+02
      1277, 1.931851653E-02, 5.176380902E-03, 1.733333333E-01, 2.000000000E-02, 5.171743304E+02
      1278,-1.847759065E-02, 7.653668647E-03, 1.733333333E-01, 2.000000000E-02, 5.171743751E+02
      1279, 1.847759065E-02, 7.653668647E-03, 1.733333333E-01, 2.000000000E-02, 5.171743751E+02
      1280,-1.732050808E-02, 1.000000000E-02, 1.733333333E-01, 2.000000000E-02, 5.171744187E+02
      1281, 1.732050808E-02, 1.000000000E-02, 1.733333333E-01, 2.000000000E-02, 5.171744187E+02
      1282,-1.586706681E-02, 1.217522858E-02, 1.733333333E-01, 2.000000000E-02, 5.171744498E+02
      1283, 1.586706681E-02, 1.217522858E-02, 1.733333333E-01, 2.000000000E-02, 5.171744498E+02
      1284,-1.414213562E-02, 1.414213562E-02, 1.733333333E-01, 2.000000000E-02, 5.171744610E+02
      1285, 1.414213562E-02, 1.414213562E-02, 1.733333333E-01, 2.000000000E-02, 5.171744610E+02
      1286,-1.217522858E-02, 1.586706681E-02, 1.733333333E-01, 2.000000000E-02, 5.171744498E+02
      1287, 1.217522858E-02, 1.586706681E-02, 1.733333333E-01, 2.000000000E-02, 5.171744498E+02
      1288,-1.000000000E-02, 1.732050808E-02, 1.733333333E-01, 2.000000000E-02, 5.171744187E+02
      1289, 1.000000000E-02, 1.732050808E-02, 1.733333333E-01, 2.000000000E-02, 5.171744187E+02
      1290,-7.653668647E-03, 1.847759065E-02, 1.733333333E-01, 2.000000000E-02, 5.171743751E+02
      1291, 7.653668647E-03, 1.847759065E-02, 1.733333333E-01, 2.000000000E-02, 5.171743751E+02
      1292,-5.176380902E-03, 1.931851653E-02, 1.733333333E-01, 2.000000000E-02, 5.171743304E+02
      1293, 5.176380902E-03, 1.931851653E-02, 1.733333333E-01, 2.000000000E-02, 5.171743304E+02
      1294,-2.610523844E-03, 1.982889723E-02, 1.733333333E-01, 2.000000000E-02, 5.171742971E+02
      1295, 2.610523844E-03, 1.982889723E-02, 1.733333333E-01, 2.000000000E-02, 5.171742971E+02
      1296, 6.123233996E-18, 2.000000000E-02, 1.733333333E-01, 2.000000000E-02, 5.171742849E+02
      1297,-3.673940397E-18,-2.000000000E-02, 1.800000000E-01, 2.000000000E-02, 5.187373871E+02
      1298,-2.610523844E-03,-1.982889723E-02, 1.800000000E-01, 2.000000000E-02, 5.187373998E+02
      1299, 2.610523844E-03,-1.982889723E-02, 1.800000000E-01, 2.000000000E-02, 5.187373998E+02
      1300,-5.176380902E-03,-1.931851653E-02, 1.800000000E-01, 2.000000000E-02, 5.187374343E+02
      1301, 5.176380902E-03,-1.931851653E-02, 1.800000000E-01, 2.000000000E-02, 5.187374343E+02
      1302,-7.653668647E-03,-1.847759065E-02, 1.800000000E-01, 2.000000000E-02, 5.187374800E+02
      1303, 7.653668647E-03,-1.847759065E-02, 1.800000000E-01, 2.000000000E-02, 5.187374800E+02
      1304,-1.000000000E-02,-1.732050808E-02, 1.800000000E-01, 2.000000000E-02, 5.187375239E+02
      1305, 1.000000000E-02,-1.732050808E-02, 1.800000000E-01, 2.000000000E-02, 5.187375239E+02
      1306,-1.217522858E-02,-1.586706681E-02, 1.800000000E-01, 2.000000000E-02, 5.187375549E+02
      1307, 1.217522858E-02,-1.586706681E-02, 1.800000000E-01, 2.000000000E-02, 5.187375549E+02
      1308,-1.414213562E-02,-1.414213562E-02, 1.800000000E-01, 2.000000000E-02, 5.187375659E+02
      1309, 1.414213562E-02,-1.414213562E-02, 1.800000000E-01, 2.000000000E-02, 5.187375659E+02
      1310,-1.586706681E-02,-1.217522858E-02, 1.800000000E-01, 2.000000000E-02, 5.187375549E+02
      1311, 1.586706681E-02,-1.217522858E-02, 1.800000000E-01, 2.000000000E-02, 5.187375549E+02
      1312,-1.732050808E-02,-1.000000000E-02, 1.800000000E-01, 2.000000000E-02, 5.187375239E+02
      1313, 1.732050808E-02,-1.000000000E-02, 1.800000000E-01, 2.000000000E-02, 5.187375239E+02
      1314,-1.847759065E-02,-7.653668647E-03, 1.800000000E-01, 2.000000000E-02, 5.187374800E+02
      1315, 1.847759065E-02,-7.653668647E-03, 1.800000000E-01, 2.000000000E-02, 5.187374800E+02
      1316,-1.931851653E-02,-5.176380902E-03, 1.800000000E-01, 2.000000000E-02, 5.187374343E+02
      1317, 1.931851653E-02,-5.176380902E-03, 1.800000000E-01, 2.000000000E-02, 5.187374343E+02
      1318,-1.982889723E-02,-2.610523844E-03, 1.800000000E-01, 2.000000000E-02, 5.187373998E+02
      1319, 1.982889723E-02,-2.610523844E-03, 1.800000000E-01, 2.000000000E-02, 5.187373998E+02
      1320,-2.000000000E-02, 7.347880795E-18, 1.800000000E-01, 2.000000000E-02, 5.187373871E+02
      1321, 2.000000000E-02,-4.898587197E-18, 1.800000000E-01, 2.000000000E-02, 5.187373871E+02
      1322,-1.982889723E-02, 2.610523844E-03, 1.800000000E-01, 2.000000000E-02, 5.187373998E+02
      1323, 1.982889723E-02, 2.610523844E-03, 1.800000000E-01, 2.000000000E-02, 5.187373998E+02
      1324,-1.931851653E-02, 5.176380902E-03, 1.800000000E-01, 2.000000000E-02, 5.187374343E+02
      1325, 1.931851653E-02, 5.176380902E-03, 1.800000000E-01, 2.000000000E-02, 5.187374343E+02
      1326,-1.847759065E-02, 7.653668647E-03, 1.800000000E-01, 2.000000000E-02, 5.187374800E+02
      1327, 1.847759065E-02, 7.653668647E-03, 1.800000000E-01, 2.000000000E-02, 5.187374800E+02
      1328,-1.732050808E-02, 1.000000000E-02, 1.800000000E-01, 2.000000000E-02, 5.187375239E+02
      1329, 1.732050808E-02, 1.000000000E-02, 1.800000000E-01, 2.000000000E-02, 5.187375239E+02
      1330,-1.586706681E-02, 1.217522858E-02, 1.800000000E-01, 2.000000000E-02, 5.187375549E+02
      1331, 1.586706681E-02, 1.217522858E-02, 1.800000000E-01, 2.000000000E-02, 5.187375549E+02
      1332,-1.414213562E-02, 1.414213562E-02, 1.800000000E-01, 2.000000000E-02, 5.187375659E+02
      1333, 1.414213562E-02, 1.414213562E-02, 1.800000000E-01, 2.000000000E-02, 5.187375659E+02
      1334,-1.217522858E-02, 1.586706681E-02, 1.800000000E-01, 2.000000000E-02, 5.187375549E+02
      1335, 1.217522858E-02, 1.586706681E-02, 1.800000000E-01, 2.000000000E-02, 5.187375549E+02
      1336,-1.000000000E-02, 1.732050808E-02, 1.800000000E-01, 2.000000000E-02, 5.187375239E+02
      1337, 1.000000000E-02, 1.732050808E-02, 1.800000000E-01, 2.000000000E-02, 5.187375239E+02
      1338,-7.653668647E-03, 1.847759065E-02, 1.800000000E-01, 2.000000000E-02, 5.187374800E+02
      1339, 7.653668647E-03, 1.847759065E-02, 1.800000000E-01, 2.000000000E-02, 5.187374800E+02
      1340,-5.176380902E-03, 1.931851653E-02, 1.800000000E-01, 2.000000000E-02, 5.187374343E+02
      1341, 5.176380902E-03, 1.931851653E-02, 1.800000000E-01, 2.000000000E-02, 5.187374343E+02
      1342,-2.610523844E-03, 1.982889723E-02, 1.800000000E-01, 2.000000000E-02, 5.187373998E+02
      1343, 2.610523844E-03, 1.982889723E-02, 1.800000000E-01, 2.000000000E-02, 5.187373998E+02
      1344, 6.123233996E-18, 2.000000000E-02, 1.800000000E-01, 2.000000000E-02, 5.187373871E+02
      1345,-3.673940397E-18,-2.000000000E-02, 1.866666667E-01, 2.000000000E-02, 5.202403159E+02
      1346,-2.610523844E-03,-1.982889723E-02, 1.866666667E-01, 2.000000000E-02, 5.202403287E+02
      1347, 2.610523844E-03,-1.982889723E-02, 1.866666667E-01, 2.000000000E-02, 5.202403287E+02
      1348,-5.176380902E-03,-1.931851653E-02, 1.866666667E-01, 2.000000000E-02, 5.202403628E+02
      1349, 5.176380902E-03,-1.931851653E-02, 1.866666667E-01, 2.000000000E-02, 5.202403628E+02
      1350,-7.653668647E-03,-1.847759065E-02, 1.866666667E-01, 2.000000000E-02, 5.202404075E+02
      1351, 7.653668647E-03,-1.847759065E-02, 1.866666667E-01, 2.000000000E-02, 5.202404075E+02
      1352,-1.000000000E-02,-1.732050808E-02, 1.866666667E-01, 2.000000000E-02, 5.202404500E+02
      1353, 1.000000000E-02,-1.732050808E-02, 1.866666667E-01, 2.000000000E-02, 5.202404500E+02
      1354,-1.217522858E-02,-1.586706681E-02, 1.866666667E-01, 2.000000000E-02, 5.202404795E+02
      1355, 1.217522858E-02,-1.586706681E-02, 1.866666667E-01, 2.000000000E-02, 5.202404795E+02
      1356,-1.414213562E-02,-1.414213562E-02, 1.866666667E-01, 2.000000000E-02, 5.202404900E+02
      1357, 1.414213562E-02,-1.414213562E-02, 1.866666667E-01, 2.000000000E-02, 5.202404900E+02
      1358,-1.586706681E-02,-1.217522858E-02, 1.866666667E-01, 2.000000000E-02, 5.202404795E+02
      1359, 1.586706681E-02,-1.217522858E-02, 1.866666667E-01, 2.000000000E-02, 5.202404795E+02
      1360,-1.732050808E-02,-1.000000000E-02, 1.866666667E-01, 2.000000000E-02, 5.202404500E+02
      1361, 1.732050808E-02,-1.000000000E-02, 1.866666667E-01, 2.000000000E-02, 5.202404500E+02
      1362,-1.847759065E-02,-7.653668647E-03, 1.866666667E-01, 2.000000000E-02, 5.202404075E+02
      1363, 1.847759065E-02,-7.653668647E-03, 1.866666667E-01, 2.000000000E-02, 5.202404075E+02
      1364,-1.931851653E-02,-5.176380902E-03, 1.866666667E-01, 2.000000000E-02, 5.202403628E+02
      1365, 1.931851653E-02,-5.176380902E-03, 1.866666667E-01, 2.000000000E-02, 5.202403628E+02
      1366,-1.982889723E-02,-2.610523844E-03, 1.866666667E-01, 2.000000000E-02, 5.202403287E+02
      1367, 1.982889723E-02,-2.610523844E-03, 1.866666667E-01, 2.000000000E-02, 5.202403287E+02
      1368,-2.000000000E-02, 7.347880795E-18, 1.866666667E-01, 2.000000000E-02, 5.202403159E+02
      1369, 2.000000000E-02,-4.898587197E-18, 1.866666667E-01, 2.000000000E-02, 5.202403159E+02
      1370,-1.982889723E-02, 2.610523844E-03, 1.866666667E-01, 2.000000000E-02, 5.202403287E+02
      1371, 1.982889723E-02, 2.610523844E-03, 1.866666667E-01, 2.000000000E-02, 5.202403287E+02
      1372,-1.931851653E-02, 5.176380902E-03, 1.866666667E-01, 2.000000000E-02, 5.202403628E+02
      1373, 1.931851653E-02, 5.176380902E-03, 1.866666667E-01, 2.000000000E-02, 5.202403628E+02
      1374,-1.847759065E-02, 7.653668647E-03, 1.866666667E-01, 2.000000000E-02, 5.202404075E+02
      1375, 1.847759065E-02, 7.653668647E-03, 1.866666667E-01, 2.000000000E-02, 5.202404075E+02
      1376,-1.732050808E-02, 1.000000000E-02, 1.866666667E-01, 2.000000000E-02, 5.202404500E+02
      1377, 1.732050808E-02, 1.000000000E-02, 1.866666667E-01, 2.000000000E-02, 5.202404500E+02
      1378,-1.586706681E-02, 1.217522858E-02, 1.866666667E-01, 2.000000000E-02, 5.202404795E+02
      1379, 1.586706681E-02, 1.217522858E-02, 1.866666667E-01, 2.000000000E-02, 5.202404795E+02
      1380,-1.414213562E-02, 1.414213562E-02, 1.866666667E-01, 2.000000000E-02, 5.202404900E+02
      1381, 1.414213562E-02, 1.414213562E-02, 1.866666667E-01, 2.000000000E-02, 5.202404900E+02
      1382,-1.217522858E-02, 1.586706681E-02, 1.866666667E-01, 2.000000000E-02, 5.202404795E+02
      1383, 1.217522858E-02, 1.586706681E-02, 1.866666667E-01, 2.000000000E-02, 5.202404795E+02
      1384,-1.000000000E-02, 1.732050808E-02, 1.866666667E-01, 2.000000000E-02, 5.202404500E+02
      1385, 1.000000000E-02, 1.732050808E-02, 1.866666667E-01, 2.000000000E-02, 5.202404500E+02
      1386,-7.653668647E-03, 1.847759065E-02, 1.866666667E-01, 2.000000000E-02, 5.202404075E+02
      1387, 7.653668647E-03, 1.847759065E-02, 1.866666667E-01, 2.000000000E-02, 5.202404075E+02
      1388,-5.176380902E-03, 1.931851653E-02, 1.866666667E-01, 2.000000000E-02, 5.202403628E+02
      1389, 5.176380902E-03, 1.931851653E-02, 1.866666667E-01, 2.000000000E-02, 5.202403628E+02
      1390,-2.610523844E-03, 1.982889723E-02, 1.866666667E-01, 2.000000000E-02, 5.202403287E+02
      1391, 2.610523844E-03, 1.982889723E-02, 1.866666667E-01, 2.000000000E-02, 5.202403287E+02
      1392, 6.123233996E-18, 2.000000000E-02, 1.866666667E-01, 2.000000000E-02, 5.202403159E+02
      1393,-3.673940397E-18,-2.000000000E-02, 1.933333333E-01, 2.000000000E-02, 5.216866804E+02
      1394,-2.610523844E-03,-1.982889723E-02, 1.933333333E-01, 2.000000000E-02, 5.216866923E+02
      1395, 2.610523844E-03,-1.982889723E-02, 1.933333333E-01, 2.000000000E-02, 5.216866923E+02
      1396,-5.176380902E-03,-1.931851653E-02, 1.933333333E-01, 2.000000000E-02, 5.216867242E+02
      1397, 5.176380902E-03,-1.931851653E-02, 1.933333333E-01, 2.000000000E-02, 5.216867242E+02
      1398,-7.653668647E-03,-1.847759065E-02, 1.933333333E-01, 2.000000000E-02, 5.216867656E+02
      1399, 7.653668647E-03,-1.847759065E-02, 1.933333333E-01, 2.000000000E-02, 5.216867656E+02
      1400,-1.000000000E-02,-1.732050808E-02, 1.933333333E-01, 2.000000000E-02, 5.216868044E+02
      1401, 1.000000000E-02,-1.732050808E-02, 1.933333333E-01, 2.000000000E-02, 5.216868044E+02
      1402,-1.217522858E-02,-1.586706681E-02, 1.933333333E-01, 2.000000000E-02, 5.216868311E+02
      1403, 1.217522858E-02,-1.586706681E-02, 1.933333333E-01, 2.000000000E-02, 5.216868311E+02
      1404,-1.414213562E-02,-1.414213562E-02, 1.933333333E-01, 2.000000000E-02, 5.216868405E+02
      1405, 1.414213562E-02,-1.414213562E-02, 1.933333333E-01, 2.000000000E-02, 5.216868405E+02
      1406,-1.586706681E-02,-1.217522858E-02, 1.933333333E-01, 2.000000000E-02, 5.216868311E+02
      1407, 1.586706681E-02,-1.217522858E-02, 1.933333333E-01, 2.000000000E-02, 5.216868311E+02
      1408,-1.732050808E-02,-1.000000000E-02, 1.933333333E-01, 2.000000000E-02, 5.216868044E+02
      1409, 1.732050808E-02,-1.000000000E-02, 1.933333333E-01, 2.000000000E-02, 5.216868044E+02
      1410,-1.847759065E-02,-7.653668647E-03, 1.933333333E-01, 2.000000000E-02, 5.216867656E+02
      1411, 1.847759065E-02,-7.653668647E-03, 1.933333333E-01, 2.000000000E-02, 5.216867656E+02
      1412,-1.931851653E-02,-5.176380902E-03, 1.933333333E-01, 2.000000000E-02, 5.216867242E+02
      1413, 1.931851653E-02,-5.176380902E-03, 1.933333333E-01, 2.000000000E-02, 5.216867242E+02
      1414,-1.982889723E-02,-2.610523844E-03, 1.933333333E-01, 2.000000000E-02, 5.216866923E+02
      1415, 1.982889723E-02,-2.610523844E-03, 1.933333333E-01, 2.000000000E-02, 5.216866923E+02
      1416,-2.000000000E-02, 7.347880795E-18, 1.933333333E-01, 2.000000000E-02, 5.216866804E+02
      1417, 2.000000000E-02,-4.898587197E-18, 1.933333333E-01, 2.000000000E-02, 5.216866804E+02
      1418,-1.982889723E-02, 2.610523844E-03, 1.933333333E-01, 2.000000000E-02, 5.216866923E+02
      1419, 1.982889723E-02, 2.610523844E-03, 1.933333333E-01, 2.000000000E-02, 5.216866923E+02
      1420,-1.931851653E-02, 5.176380902E-03, 1.933333333E-01, 2.000000000E-02, 5.216867242E+02
      1421, 1.931851653E-02, 5.176380902E-03, 1.933333333E-01, 2.000000000E-02, 5.216867242E+02
      1422,-1.847759065E-02, 7.653668647E-03, 1.933333333E-01, 2.000000000E-02, 5.216867656E+02
      1423, 1.847759065E-02, 7.653668647E-03, 1.933333333E-01, 2.000000000E-02, 5.216867656E+02
      1424,-1.732050808E-02, 1.000000000E-02, 1.933333333E-01, 2.000000000E-02, 5.216868044E+02
      1425, 1.732050808E-02, 1.000000000E-02, 1.933333333E-01, 2.000000000E-02, 5.216868044E+02
      1426,-1.586706681E-02, 1.217522858E-02, 1.933333333E-01, 2.000000000E-02, 5.216868311E+02
      1427, 1.586706681E-02, 1.217522858E-02, 1.933333333E-01, 2.000000000E-02, 5.216868311E+02
      1428,-1.414213562E-02, 1.414213562E-02, 1.933333333E-01, 2.000000000E-02, 5.216868405E+02
      1429, 1.414213562E-02, 1.414213562E-02, 1.933333333E-01, 2.000000000E-02, 5.216868405E+02
      1430,-1.217522858E-02, 1.586706681E-02, 1.933333333E-01, 2.000000000E-02, 5.216868311E+02
      1431, 1.217522858E-02, 1.586706681E-02, 1.933333333E-01, 2.000000000E-02, 5.216868311E+02
      1432,-1.000000000E-02, 1.732050808E-02, 1.933333333E-01, 2.000000000E-02, 5.216868044E+02
      1433, 1.000000000E-02, 1.732050808E-02, 1.933333333E-01, 2.000000000E-02, 5.216868044E+02
      1434,-7.653668647E-03, 1.847759065E-02, 1.933333333E-01, 2.000000000E-02, 5.216867656E+02
      1435, 7.653668647E-03, 1.847759065E-02, 1.933333333E-01, 2.000000000E-02, 5.216867656E+02
      1436,-5.176380902E-03, 1.931851653E-02, 1.933333333E-01, 2.000000000E-02, 5.216867242E+02
      1437, 5.176380902E-03, 1.931851653E-02, 1.933333333E-01, 2.000000000E-02, 5.216867242E+02
      1438,-2.610523844E-03, 1.982889723E-02, 1.933333333E-01, 2.000000000E-02, 5.216866923E+02
      1439, 2.610523844E-03, 1.982889723E-02, 1.933333333E-01, 2.000000000E-02, 5.216866923E+02
      1440, 6.123233996E-18, 2.000000000E-02, 1.933333333E-01, 2.000000000E-02, 5.216866804E+02
      1441,-3.673940397E-18,-2.000000000E-02, 2.000000000E-01, 2.000000000E-02, 5.230798063E+02
      1442,-2.610523844E-03,-1.982889723E-02, 2.000000000E-01, 2.000000000E-02, 5.230798170E+02
      1443, 2.610523844E-03,-1.982889723E-02, 2.000000000E-01, 2.000000000E-02, 5.230798170E+02
      1444,-5.176380902E-03,-1.931851653E-02, 2.000000000E-01, 2.000000000E-02, 5.230798453E+02
      1445, 5.176380902E-03,-1.931851653E-02, 2.000000000E-01, 2.000000000E-02, 5.230798453E+02
      1446,-7.653668647E-03,-1.847759065E-02, 2.000000000E-01, 2.000000000E-02, 5.230798817E+02
      1447, 7.653668647E-03,-1.847759065E-02, 2.000000000E-01, 2.000000000E-02, 5.230798817E+02
      1448,-1.000000000E-02,-1.732050808E-02, 2.000000000E-01, 2.000000000E-02, 5.230799153E+02
      1449, 1.000000000E-02,-1.732050808E-02, 2.000000000E-01, 2.000000000E-02, 5.230799153E+02
      1450,-1.217522858E-02,-1.586706681E-02, 2.000000000E-01, 2.000000000E-02, 5.230799381E+02
      1451, 1.217522858E-02,-1.586706681E-02, 2.000000000E-01, 2.000000000E-02, 5.230799381E+02
      1452,-1.414213562E-02,-1.414213562E-02, 2.000000000E-01, 2.000000000E-02, 5.230799461E+02
      1453, 1.414213562E-02,-1.414213562E-02, 2.000000000E-01, 2.000000000E-02, 5.230799461E+02
      1454,-1.586706681E-02,-1.217522858E-02, 2.000000000E-01, 2.000000000E-02, 5.230799381E+02
      1455, 1.586706681E-02,-1.217522858E-02, 2.000000000E-01, 2.000000000E-02, 5.230799381E+02
      1456,-1.732050808E-02,-1.000000000E-02, 2.000000000E-01, 2.000000000E-02, 5.230799153E+02
      1457, 1.732050808E-02,-1.000000000E-02, 2.000000000E-01, 2.000000000E-02, 5.230799153E+02
      1458,-1.847759065E-02,-7.653668647E-03, 2.000000000E-01, 2.000000000E-02, 5.230798817E+02
      1459, 1.847759065E-02,-7.653668647E-03, 2.000000000E-01, 2.000000000E-02, 5.230798817E+02
      1460,-1.931851653E-02,-5.176380902E-03, 2.000000000E-01, 2.000000000E-02, 5.230798453E+02
      1461, 1.931851653E-02,-5.176380902E-03, 2.000000000E-01, 2.000000000E-02, 5.230798453E+02
      1462,-1.982889723E-02,-2.610523844E-03, 2.000000000E-01, 2.000000000E-02, 5.230798170E+02
      1463, 1.982889723E-02,-2.610523844E-03, 2.000000000E-01, 2.000000000E-02, 5.230798170E+02
      1464,-2.000000000E-02, 7.347880795E-18, 2.000000000E-01, 2.000000000E-02, 5.230798063E+02
      1465, 2.000000000E-02,-4.898587197E-18, 2.000000000E-01, 2.000000000E-02, 5.230798063E+02
      1466,-1.982889723E-02, 2.610523844E-03, 2.000000000E-01, 2.000000000E-02, 5.230798170E+02
      1467, 1.982889723E-02, 2.610523844E-03, 2.000000000E-01, 2.000000000E-02, 5.230798170E+02
      1468,-1.931851653E-02, 5.176380902E-03, 2.000000000E-01, 2.000000000E-02, 5.230798453E+02
      1469, 1.931851653E-02, 5.176380902E-03, 2.000000000E-01, 2.000000000E-02, 5.230798453E+02
      1470,-1.847759065E-02, 7.653668647E-03, 2.000000000E-01, 2.000000000E-02, 5.230798817E+02
      1471, 1.847759065E-02, 7.653668647E-03, 2.000000000E-01, 2.000000000E-02, 5.230798817E+02
      1472,-1.732050808E-02, 1.000000000E-02, 2.000000000E-01, 2.000000000E-02, 5.230799153E+02
      1473, 1.732050808E-02, 1.000000000E-02, 2.000000000E-01, 2.000000000E-02, 5.230799153E+02
      1474,-1.586706681E-02, 1.217522858E-02, 2.000000000E-01, 2.000000000E-02, 5.230799381E+02
      1475, 1.586706681E-02, 1.217522858E-02, 2.000000000E-01, 2.000000000E-02, 5.230799381E+02
      1476,-1.414213562E-02, 1.414213562E-02, 2.000000000E-01, 2.000000000E-02, 5.230799461E+02
      1477, 1.414213562E-02, 1.414213562E-02, 2.000000000E-01, 2.000000000E-02, 5.230799461E+02
      1478,-1.217522858E-02, 1.586706681E-02, 2.000000000E-01, 2.000000000E-02, 5.230799381E+02
      1479, 1.217522858E-02, 1.586706681E-02, 2.000000000E-01, 2.000000000E-02, 5.230799381E+02
      1480,-1.000000000E-02, 1.732050808E-02, 2.000000000E-01, 2.000000000E-02, 5.230799153E+02
      1481, 1.000000000E-02, 1.732050808E-02, 2.000000000E-01, 2.000000000E-02, 5.230799153E+02
      1482,-7.653668647E-03, 1.847759065E-02, 2.000000000E-01, 2.000000000E-02, 5.230798817E+02
      1483, 7.653668647E-03, 1.847759065E-02, 2.000000000E-01, 2.000000000E-02, 5.230798817E+02
      1484,-5.176380902E-03, 1.931851653E-02, 2.000000000E-01, 2.000000000E-02, 5.230798453E+02
      1485, 5.176380902E-03, 1.931851653E-02, 2.000000000E-01, 2.000000000E-02, 5.230798453E+02
      1486,-2.610523844E-03, 1.982889723E-02, 2.000000000E-01, 2.000000000E-02, 5.230798170E+02
      1487, 2.610523844E-03, 1.982889723E-02, 2.000000000E-01, 2.000000000E-02, 5.230798170E+02
      1488, 6.123233996E-18, 2.000000000E-02, 2.000000000E-01, 2.000000000E-02, 5.230798063E+02
      1489,-3.673940397E-18,-2.000000000E-02, 2.066666667E-01, 2.000000000E-02, 5.244227643E+02
      1490,-2.610523844E-03,-1.982889723E-02, 2.066666667E-01, 2.000000000E-02, 5.244227736E+02
      1491, 2.610523844E-03,-1.982889723E-02, 2.066666667E-01, 2.000000000E-02, 5.244227736E+02
      1492,-5.176380902E-03,-1.931851653E-02, 2.066666667E-01, 2.000000000E-02, 5.244227979E+02
      1493, 5.176380902E-03,-1.931851653E-02, 2.066666667E-01, 2.000000000E-02, 5.244227979E+02
      1494,-7.653668647E-03,-1.847759065E-02, 2.066666667E-01, 2.000000000E-02, 5.244228288E+02
      1495, 7.653668647E-03,-1.847759065E-02, 2.066666667E-01, 2.000000000E-02, 5.244228288E+02
      1496,-1.000000000E-02,-1.732050808E-02, 2.066666667E-01, 2.000000000E-02, 5.244228568E+02
      1497, 1.000000000E-02,-1.732050808E-02, 2.066666667E-01, 2.000000000E-02, 5.244228568E+02
      1498,-1.217522858E-02,-1.586706681E-02, 2.066666667E-01, 2.000000000E-02, 5.244228754E+02
      1499, 1.217522858E-02,-1.586706681E-02, 2.066666667E-01, 2.000000000E-02, 5.244228754E+02
      1500,-1.414213562E-02,-1.414213562E-02, 2.066666667E-01, 2.000000000E-02, 5.244228818E+02
      1501, 1.414213562E-02,-1.414213562E-02, 2.066666667E-01, 2.000000000E-02, 5.244228818E+02
      1502,-1.586706681E-02,-1.217522858E-02, 2.066666667E-01, 2.000000000E-02, 5.244228754E+02
      1503, 1.586706681E-02,-1.217522858E-02, 2.066666667E-01, 2.000000000E-02, 5.244228754E+02
      1504,-1.732050808E-02,-1.000000000E-02, 2.066666667E-01, 2.000000000E-02, 5.244228568E+02
      1505, 1.732050808E-02,-1.000000000E-02, 2.066666667E-01, 2.000000000E-02, 5.244228568E+02
      1506,-1.847759065E-02,-7.653668647E-03, 2.066666667E-01, 2.000000000E-02, 5.244228288E+02
      1507, 1.847759065E-02,-7.653668647E-03, 2.066666667E-01, 2.000000000E-02, 5.244228288E+02
      1508,-1.931851653E-02,-5.176380902E-03, 2.066666667E-01, 2.000000000E-02, 5.244227979E+02
      1509, 1.931851653E-02,-5.176380902E-03, 2.066666667E-01, 2.000000000E-02, 5.244227979E+02
      1510,-1.982889723E-02,-2.610523844E-03, 2.066666667E-01, 2.000000000E-02, 5.244227736E+02
      1511, 1.982889723E-02,-2.610523844E-03, 2.066666667E-01, 2.000000000E-02, 5.244227736E+02
      1512,-2.000000000E-02, 7.347880795E-18, 2.066666667E-01, 2.000000000E-02, 5.244227643E+02
      1513, 2.000000000E-02,-4.898587197E-18, 2.066666667E-01, 2.000000000E-02, 5.244227643E+02
      1514,-1.982889723E-02, 2.610523844E-03, 2.066666667E-01, 2.000000000E-02, 5.244227736E+02
      1515, 1.982889723E-02, 2.610523844E-03, 2.066666667E-01, 2.000000000E-02, 5.244227736E+02
      1516,-1.931851653E-02, 5.176380902E-03, 2.066666667E-01, 2.000000000E-02, 5.244227979E+02
      1517, 1.931851653E-02, 5.176380902E-03, 2.066666667E-01, 2.000000000E-02, 5.244227979E+02
      1518,-1.847759065E-02, 7.653668647E-03, 2.066666667E-01, 2.000000000E-02, 5.244228288E+02
      1519, 1.847759065E-02, 7.653668647E-03, 2.066666667E-01, 2.000000000E-02, 5.244228288E+02
      1520,-1.732050808E-02, 1.000000000E-02, 2.066666667E-01, 2.000000000E-02, 5.244228568E+02
      1521, 1.732050808E-02, 1.000000000E-02, 2.066666667E-01, 2.000000000E-02, 5.244228568E+02
      1522,-1.586706681E-02, 1.217522858E-02, 2.066666667E-01, 2.000000000E-02, 5.244228754E+02
      1523, 1.586706681E-02, 1.217522858E-02, 2.066666667E-01, 2.000000000E-02, 5.244228754E+02
      1524,-1.414213562E-02, 1.414213562E-02, 2.066666667E-01, 2.000000000E-02, 5.244228818E+02
      1525, 1.414213562E-02, 1.414213562E-02, 2.066666667E-01, 2.000000000E-02, 5.244228818E+02
      1526,-1.217522858E-02, 1.586706681E-02, 2.066666667E-01, 2.000000000E-02, 5.244228754E+02
      1527, 1.217522858E-02, 1.586706681E-02, 2.066666667E-01, 2.000000000E-02, 5.244228754E+02
      1528,-1.000000000E-02, 1.732050808E-02, 2.066666667E-01, 2.000000000E-02, 5.244228568E+02
      1529, 1.000000000E-02, 1.732050808E-02, 2.066666667E-01, 2.000000000E-02, 5.244228568E+02
      1530,-7.653668647E-03, 1.847759065E-02, 2.066666667E-01, 2.000000000E-02, 5.244228288E+02
      1531, 7.653668647E-03, 1.847759065E-02, 2.066666667E-01, 2.000000000E-02, 5.244228288E+02
      1532,-5.176380902E-03, 1.931851653E-02, 2.066666667E-01, 2.000000000E-02, 5.244227979E+02
      1533, 5.176380902E-03, 1.931851653E-02, 2.066666667E-01, 2.000000000E-02, 5.244227979E+02
      1534,-2.610523844E-03, 1.982889723E-02, 2.066666667E-01, 2.000000000E-02, 5.244227736E+02
      1535, 2.610523844E-03, 1.982889723E-02, 2.066666667E-01, 2.000000000E-02, 5.244227736E+02
      1536, 6.123233996E-18, 2.000000000E-02, 2.066666667E-01, 2.000000000E-02, 5.244227643E+02
      1537,-3.673940397E-18,-2.000000000E-02, 2.133333333E-01, 2.000000000E-02, 5.257184046E+02
      1538,-2.610523844E-03,-1.982889723E-02, 2.133333333E-01, 2.000000000E-02, 5.257184124E+02
      1539, 2.610523844E-03,-1.982889723E-02, 2.133333333E-01, 2.000000000E-02, 5.257184124E+02
      1540,-5.176380902E-03,-1.931851653E-02, 2.133333333E-01, 2.000000000E-02, 5.257184327E+02
      1541, 5.176380902E-03,-1.931851653E-02, 2.133333333E-01, 2.000000000E-02, 5.257184327E+02
      1542,-7.653668647E-03,-1.847759065E-02, 2.133333333E-01, 2.000000000E-02, 5.257184580E+02
      1543, 7.653668647E-03,-1.847759065E-02, 2.133333333E-01, 2.000000000E-02, 5.257184580E+02
      1544,-1.000000000E-02,-1.732050808E-02, 2.133333333E-01, 2.000000000E-02, 5.257184804E+02
      1545, 1.000000000E-02,-1.732050808E-02, 2.133333333E-01, 2.000000000E-02, 5.257184804E+02
      1546,-1.217522858E-02,-1.586706681E-02, 2.133333333E-01, 2.000000000E-02, 5.257184948E+02
      1547, 1.217522858E-02,-1.586706681E-02, 2.133333333E-01, 2.000000000E-02, 5.257184948E+02
      1548,-1.414213562E-02,-1.414213562E-02, 2.133333333E-01, 2.000000000E-02, 5.257184997E+02
      1549, 1.414213562E-02,-1.414213562E-02, 2.133333333E-01, 2.000000000E-02, 5.257184997E+02
      1550,-1.586706681E-02,-1.217522858E-02, 2.133333333E-01, 2.000000000E-02, 5.257184948E+02
      1551, 1.586706681E-02,-1.217522858E-02, 2.133333333E-01, 2.000000000E-02, 5.257184948E+02
      1552,-1.732050808E-02,-1.000000000E-02, 2.133333333E-01, 2.000000000E-02, 5.257184804E+02
      1553, 1.732050808E-02,-1.000000000E-02, 2.133333333E-01, 2.000000000E-02, 5.257184804E+02
      1554,-1.847759065E-02,-7.653668647E-03, 2.133333333E-01, 2.000000000E-02, 5.257184580E+02
      1555, 1.847759065E-02,-7.653668647E-03, 2.133333333E-01, 2.000000000E-02, 5.257184580E+02
      1556,-1.931851653E-02,-5.176380902E-03, 2.133333333E-01, 2.000000000E-02, 5.257184327E+02
      1557, 1.931851653E-02,-5.176380902E-03, 2.133333333E-01, 2.000000000E-02, 5.257184327E+02
      1558,-1.982889723E-02,-2.610523844E-03, 2.133333333E-01, 2.000000000E-02, 5.257184124E+02
      1559, 1.982889723E-02,-2.610523844E-03, 2.133333333E-01, 2.000000000E-02, 5.257184124E+02
      1560,-2.000000000E-02, 7.347880795E-18, 2.133333333E-01, 2.000000000E-02, 5.257184046E+02
      1561, 2.000000000E-02,-4.898587197E-18, 2.133333333E-01, 2.000000000E-02, 5.257184046E+02
      1562,-1.982889723E-02, 2.610523844E-03, 2.133333333E-01, 2.000000000E-02, 5.257184124E+02
      1563, 1.982889723E-02, 2.610523844E-03, 2.133333333E-01, 2.000000000E-02, 5.257184124E+02
      1564,-1.931851653E-02, 5.176380902E-03, 2.133333333E-01, 2.000000000E-02, 5.257184327E+02
      1565, 1.931851653E-02, 5.176380902E-03, 2.133333333E-01, 2.000000000E-02, 5.257184327E+02
      1566,-1.847759065E-02, 7.653668647E-03, 2.133333333E-01, 2.000000000E-02, 5.257184580E+02
      1567, 1.847759065E-02, 7.653668647E-03, 2.133333333E-01, 2.000000000E-02, 5.257184580E+02
      1568,-1.732050808E-02, 1.000000000E-02, 2.133333333E-01, 2.000000000E-02, 5.257184804E+02
      1569, 1.732050808E-02, 1.000000000E-02, 2.133333333E-01, 2.000000000E-02, 5.257184804E+02
      1570,-1.586706681E-02, 1.217522858E-02, 2.133333333E-01, 2.000000000E-02, 5.257184948E+02
      1571, 1.586706681E-02, 1.217522858E-02, 2.133333333E-01, 2.000000000E-02, 5.257184948E+02
      1572,-1.414213562E-02, 1.414213562E-02, 2.133333333E-01, 2.000000000E-02, 5.257184997E+02
      1573, 1.414213562E-02, 1.414213562E-02, 2.133333333E-01, 2.000000000E-02, 5.257184997E+02
      1574,-1.217522858E-02, 1.586706681E-02, 2.133333333E-01, 2.000000000E-02, 5.257184948E+02
      1575, 1.217522858E-02, 1.586706681E-02, 2.133333333E-01, 2.000000000E-02, 5.257184948E+02
      1576,-1.000000000E-02, 1.732050808E-02, 2.133333333E-01, 2.000000000E-02, 5.257184804E+02
      1577, 1.000000000E-02, 1.732050808E-02, 2.133333333E-01, 2.000000000E-02, 5.257184804E+02
      1578,-7.653668647E-03, 1.847759065E-02, 2.133333333E-01, 2.000000000E-02, 5.257184580E+02
      1579, 7.653668647E-03, 1.847759065E-02, 2.133333333E-01, 2.000000000E-02, 5.257184580E+02
      1580,-5.176380902E-03, 1.931851653E-02, 2.133333333E-01, 2.000000000E-02, 5.257184327E+02
      1581, 5.176380902E-03, 1.931851653E-02, 2.133333333E-01, 2.000000000E-02, 5.257184327E+02
      1582,-2.610523844E-03, 1.982889723E-02, 2.133333333E-01, 2.000000000E-02, 5.257184124E+02
      1583, 2.610523844E-03, 1.982889723E-02, 2.133333333E-01, 2.000000000E-02, 5.257184124E+02
      1584, 6.123233996E-18, 2.000000000E-02, 2.133333333E-01, 2.000000000E-02, 5.257184046E+02
      1585,-3.673940397E-18,-2.000000000E-02, 2.200000000E-01, 2.000000000E-02, 5.269693797E+02
      1586,-2.610523844E-03,-1.982889723E-02, 2.200000000E-01, 2.000000000E-02, 5.269693860E+02
      1587, 2.610523844E-03,-1.982889723E-02, 2.200000000E-01, 2.000000000E-02, 5.269693860E+02
      1588,-5.176380902E-03,-1.931851653E-02, 2.200000000E-01, 2.000000000E-02, 5.269694024E+02
      1589, 5.176380902E-03,-1.931851653E-02, 2.200000000E-01, 2.000000000E-02, 5.269694024E+02
      1590,-7.653668647E-03,-1.847759065E-02, 2.200000000E-01, 2.000000000E-02, 5.269694222E+02
      1591, 7.653668647E-03,-1.847759065E-02, 2.200000000E-01, 2.000000000E-02, 5.269694222E+02
      1592,-1.000000000E-02,-1.732050808E-02, 2.200000000E-01, 2.000000000E-02, 5.269694390E+02
      1593, 1.000000000E-02,-1.732050808E-02, 2.200000000E-01, 2.000000000E-02, 5.269694390E+02
      1594,-1.217522858E-02,-1.586706681E-02, 2.200000000E-01, 2.000000000E-02, 5.269694494E+02
      1595, 1.217522858E-02,-1.586706681E-02, 2.200000000E-01, 2.000000000E-02, 5.269694494E+02
      1596,-1.414213562E-02,-1.414213562E-02, 2.200000000E-01, 2.000000000E-02, 5.269694527E+02
      1597, 1.414213562E-02,-1.414213562E-02, 2.200000000E-01, 2.000000000E-02, 5.269694527E+02
      1598,-1.586706681E-02,-1.217522858E-02, 2.200000000E-01, 2.000000000E-02, 5.269694494E+02
      1599, 1.586706681E-02,-1.217522858E-02, 2.200000000E-01, 2.000000000E-02, 5.269694494E+02
      1600,-1.732050808E-02,-1.000000000E-02, 2.200000000E-01, 2.000000000E-02, 5.269694390E+02
      1601, 1.732050808E-02,-1.000000000E-02, 2.200000000E-01, 2.000000000E-02, 5.269694390E+02
      1602,-1.847759065E-02,-7.653668647E-03, 2.200000000E-01, 2.000000000E-02, 5.269694222E+02
      1603, 1.847759065E-02,-7.653668647E-03, 2.200000000E-01, 2.000000000E-02, 5.269694222E+02
      1604,-1.931851653E-02,-5.176380902E-03, 2.200000000E-01, 2.000000000E-02, 5.269694024E+02
      1605, 1.931851653E-02,-5.176380902E-03, 2.200000000E-01, 2.000000000E-02, 5.269694024E+02
      1606,-1.982889723E-02,-2.610523844E-03, 2.200000000E-01, 2.000000000E-02, 5.269693860E+02
      1607, 1.982889723E-02,-2.610523844E-03, 2.200000000E-01, 2.000000000E-02, 5.269693860E+02
      1608,-2.000000000E-02, 7.347880795E-18, 2.200000000E-01, 2.000000000E-02, 5.269693797E+02
      1609, 2.000000000E-02,-4.898587197E-18, 2.200000000E-01, 2.000000000E-02, 5.269693797E+02
      1610,-1.982889723E-02, 2.610523844E-03, 2.200000000E-01, 2.000000000E-02, 5.269693860E+02
      1611, 1.982889723E-02, 2.610523844E-03, 2.200000000E-01, 2.000000000E-02, 5.269693860E+02
      1612,-1.931851653E-02, 5.176380902E-03, 2.200000000E-01, 2.000000000E-02, 5.269694024E+02
      1613, 1.931851653E-02, 5.176380902E-03, 2.200000000E-01, 2.000000000E-02, 5.269694024E+02
      1614,-1.847759065E-02, 7.653668647E-03, 2.200000000E-01, 2.000000000E-02, 5.269694222E+02
      1615, 1.847759065E-02, 7.653668647E-03, 2.200000000E-01, 2.000000000E-02, 5.269694222E+02
      1616,-1.732050808E-02, 1.000000000E-02, 2.200000000E-01, 2.000000000E-02, 5.269694390E+02
      1617, 1.732050808E-02, 1.000000000E-02, 2.200000000E-01, 2.000000000E-02, 5.269694390E+02
      1618,-1.586706681E-02, 1.217522858E-02, 2.200000000E-01, 2.000000000E-02, 5.269694494E+02
      1619, 1.586706681E-02, 1.217522858E-02, 2.200000000E-01, 2.000000000E-02, 5.269694494E+02
      1620,-1.414213562E-02, 1.414213562E-02, 2.200000000E-01, 2.000000000E-02, 5.269694527E+02
      1621, 1.414213562E-02, 1.414213562E-02, 2.200000000E-01, 2.000000000E-02, 5.269694527E+02
      1622,-1.217522858E-02, 1.586706681E-02, 2.200000000E-01, 2.000000000E-02, 5.269694494E+02
      1623, 1.217522858E-02, 1.586706681E-02, 2.200000000E-01, 2.000000000E-02, 5.269694494E+02
      1624,-1.000000000E-02, 1.732050808E-02, 2.200000000E-01, 2.000000000E-02, 5.269694390E+02
      1625, 1.000000000E-02, 1.732050808E-02, 2.200000000E-01, 2.000000000E-02, 5.269694390E+02
      1626,-7.653668647E-03, 1.847759065E-02, 2.200000000E-01, 2.000000000E-02, 5.269694222E+02
      1627, 7.653668647E-03, 1.847759065E-02, 2.200000000E-01, 2.000000000E-02, 5.269694222E+02
      1628,-5.176380902E-03, 1.931851653E-02, 2.200000000E-01, 2.000000000E-02, 5.269694024E+02
      1629, 5.176380902E-03, 1.931851653E-02, 2.200000000E-01, 2.000000000E-02, 5.269694024E+02
      1630,-2.610523844E-03, 1.982889723E-02, 2.200000000E-01, 2.000000000E-02, 5.269693860E+02
      1631, 2.610523844E-03, 1.982889723E-02, 2.200000000E-01, 2.000000000E-02, 5.269693860E+02
      1632, 6.123233996E-18, 2.000000000E-02, 2.200000000E-01, 2.000000000E-02, 5.269693797E+02
      1633,-3.673940397E-18,-2.000000000E-02, 2.266666667E-01, 2.000000000E-02, 5.281781558E+02
      1634,-2.610523844E-03,-1.982889723E-02, 2.266666667E-01, 2.000000000E-02, 5.281781607E+02
      1635, 2.610523844E-03,-1.982889723E-02, 2.266666667E-01, 2.000000000E-02, 5.281781607E+02
      1636,-5.176380902E-03,-1.931851653E-02, 2.266666667E-01, 2.000000000E-02, 5.281781731E+02
      1637, 5.176380902E-03,-1.931851653E-02, 2.266666667E-01, 2.000000000E-02, 5.281781731E+02
      1638,-7.653668647E-03,-1.847759065E-02, 2.266666667E-01, 2.000000000E-02, 5.281781876E+02
      1639, 7.653668647E-03,-1.847759065E-02, 2.266666667E-01, 2.000000000E-02, 5.281781876E+02
      1640,-1.000000000E-02,-1.732050808E-02, 2.266666667E-01, 2.000000000E-02, 5.281781990E+02
      1641, 1.000000000E-02,-1.732050808E-02, 2.266666667E-01, 2.000000000E-02, 5.281781990E+02
      1642,-1.217522858E-02,-1.586706681E-02, 2.266666667E-01, 2.000000000E-02, 5.281782053E+02
      1643, 1.217522858E-02,-1.586706681E-02, 2.266666667E-01, 2.000000000E-02, 5.281782053E+02
      1644,-1.414213562E-02,-1.414213562E-02, 2.266666667E-01, 2.000000000E-02, 5.281782071E+02
      1645, 1.414213562E-02,-1.414213562E-02, 2.266666667E-01, 2.000000000E-02, 5.281782071E+02
      1646,-1.586706681E-02,-1.217522858E-02, 2.266666667E-01, 2.000000000E-02, 5.281782053E+02
      1647, 1.586706681E-02,-1.217522858E-02, 2.266666667E-01, 2.000000000E-02, 5.281782053E+02
      1648,-1.732050808E-02,-1.000000000E-02, 2.266666667E-01, 2.000000000E-02, 5.281781990E+02
      1649, 1.732050808E-02,-1.000000000E-02, 2.266666667E-01, 2.000000000E-02, 5.281781990E+02
      1650,-1.847759065E-02,-7.653668647E-03, 2.266666667E-01, 2.000000000E-02, 5.281781876E+02
      1651, 1.847759065E-02,-7.653668647E-03, 2.266666667E-01, 2.000000000E-02, 5.281781876E+02
      1652,-1.931851653E-02,-5.176380902E-03, 2.266666667E-01, 2.000000000E-02, 5.281781731E+02
      1653, 1.931851653E-02,-5.176380902E-03, 2.266666667E-01, 2.000000000E-02, 5.281781731E+02
      1654,-1.982889723E-02,-2.610523844E-03, 2.266666667E-01, 2.000000000E-02, 5.281781607E+02
      1655, 1.982889723E-02,-2.610523844E-03, 2.266666667E-01, 2.000000000E-02, 5.281781607E+02
      1656,-2.000000000E-02, 7.347880795E-18, 2.266666667E-01, 2.000000000E-02, 5.281781558E+02
      1657, 2.000000000E-02,-4.898587197E-18, 2.266666667E-01, 2.000000000E-02, 5.281781558E+02
      1658,-1.982889723E-02, 2.610523844E-03, 2.266666667E-01, 2.000000000E-02, 5.281781607E+02
      1659, 1.982889723E-02, 2.610523844E-03, 2.266666667E-01, 2.000000000E-02, 5.281781607E+02
      1660,-1.931851653E-02, 5.176380902E-03, 2.266666667E-01, 2.000000000E-02, 5.281781731E+02
      1661, 1.931851653E-02, 5.176380902E-03, 2.266666667E-01, 2.000000000E-02, 5.281781731E+02
      1662,-1.847759065E-02, 7.653668647E-03, 2.266666667E-01, 2.000000000E-02, 5.281781876E+02
      1663, 1.847759065E-02, 7.653668647E-03, 2.266666667E-01, 2.000000000E-02, 5.281781876E+02
      1664,-1.732050808E-02, 1.000000000E-02, 2.266666667E-01, 2.000000000E-02, 5.281781990E+02
      1665, 1.732050808E-02, 1.000000000E-02, 2.266666667E-01, 2.000000000E-02, 5.281781990E+02
      1666,-1.586706681E-02, 1.217522858E-02, 2.266666667E-01, 2.000000000E-02, 5.281782053E+02
      1667, 1.586706681E-02, 1.217522858E-02, 2.266666667E-01, 2.000000000E-02, 5.281782053E+02
      1668,-1.414213562E-02, 1.414213562E-02, 2.266666667E-01, 2.000000000E-02, 5.281782071E+02
      1669, 1.414213562E-02, 1.414213562E-02, 2.266666667E-01, 2.000000000E-02, 5.281782071E+02
      1670,-1.217522858E-02, 1.586706681E-02, 2.266666667E-01, 2.000000000E-02, 5.281782053E+02
      1671, 1.217522858E-02, 1.586706681E-02, 2.266666667E-01, 2.000000000E-02, 5.281782053E+02
      1672,-1.000000000E-02, 1.732050808E-02, 2.266666667E-01, 2.000000000E-02, 5.281781990E+02
      1673, 1.000000000E-02, 1.732050808E-02, 2.266666667E-01, 2.000000000E-02, 5.281781990E+02
      1674,-7.653668647E-03, 1.847759065E-02, 2.266666667E-01, 2.000000000E-02, 5.281781876E+02
      1675, 7.653668647E-03, 1.847759065E-02, 2.266666667E-01, 2.000000000E-02, 5.281781876E+02
      1676,-5.176380902E-03, 1.931851653E-02, 2.266666667E-01, 2.000000000E-02, 5.281781731E+02
      1677, 5.176380902E-03, 1.931851653E-02, 2.266666667E-01, 2.000000000E-02, 5.281781731E+02
      1678,-2.610523844E-03, 1.982889723E-02, 2.266666667E-01, 2.000000000E-02, 5.281781607E+02
      1679, 2.610523844E-03, 1.982889723E-02, 2.266666667E-01, 2.000000000E-02, 5.281781607E+02
      1680, 6.123233996E-18, 2.000000000E-02, 2.266666667E-01, 2.000000000E-02, 5.281781558E+02
      1681,-3.673940397E-18,-2.000000000E-02, 2.333333333E-01, 2.000000000E-02, 5.293470273E+02
      1682,-2.610523844E-03,-1.982889723E-02, 2.333333333E-01, 2.000000000E-02, 5.293470308E+02
      1683, 2.610523844E-03,-1.982889723E-02, 2.333333333E-01, 2.000000000E-02, 5.293470308E+02
      1684,-5.176380902E-03,-1.931851653E-02, 2.333333333E-01, 2.000000000E-02, 5.293470393E+02
      1685, 5.176380902E-03,-1.931851653E-02, 2.333333333E-01, 2.000000000E-02, 5.293470393E+02
      1686,-7.653668647E-03,-1.847759065E-02, 2.333333333E-01, 2.000000000E-02, 5.293470483E+02
      1687, 7.653668647E-03,-1.847759065E-02, 2.333333333E-01, 2.000000000E-02, 5.293470483E+02
      1688,-1.000000000E-02,-1.732050808E-02, 2.333333333E-01, 2.000000000E-02, 5.293470542E+02
      1689, 1.000000000E-02,-1.732050808E-02, 2.333333333E-01, 2.000000000E-02, 5.293470542E+02
      1690,-1.217522858E-02,-1.586706681E-02, 2.333333333E-01, 2.000000000E-02, 5.293470565E+02
      1691, 1.217522858E-02,-1.586706681E-02, 2.333333333E-01, 2.000000000E-02, 5.293470565E+02
      1692,-1.414213562E-02,-1.414213562E-02, 2.333333333E-01, 2.000000000E-02, 5.293470568E+02
      1693, 1.414213562E-02,-1.414213562E-02, 2.333333333E-01, 2.000000000E-02, 5.293470568E+02
      1694,-1.586706681E-02,-1.217522858E-02, 2.333333333E-01, 2.000000000E-02, 5.293470565E+02
      1695, 1.586706681E-02,-1.217522858E-02, 2.333333333E-01, 2.000000000E-02, 5.293470565E+02
      1696,-1.732050808E-02,-1.000000000E-02, 2.333333333E-01, 2.000000000E-02, 5.293470542E+02
      1697, 1.732050808E-02,-1.000000000E-02, 2.333333333E-01, 2.000000000E-02, 5.293470542E+02
      1698,-1.847759065E-02,-7.653668647E-03, 2.333333333E-01, 2.000000000E-02, 5.293470483E+02
      1699, 1.847759065E-02,-7.653668647E-03, 2.333333333E-01, 2.000000000E-02, 5.293470483E+02
      1700,-1.931851653E-02,-5.176380902E-03, 2.333333333E-01, 2.000000000E-02, 5.293470393E+02
      1701, 1.931851653E-02,-5.176380902E-03, 2.333333333E-01, 2.000000000E-02, 5.293470393E+02
      1702,-1.982889723E-02,-2.610523844E-03, 2.333333333E-01, 2.000000000E-02, 5.293470308E+02
      1703, 1.982889723E-02,-2.610523844E-03, 2.333333333E-01, 2.000000000E-02, 5.293470308E+02
      1704,-2.000000000E-02, 7.347880795E-18, 2.333333333E-01, 2.000000000E-02, 5.293470273E+02
      1705, 2.000000000E-02,-4.898587197E-18, 2.333333333E-01, 2.000000000E-02, 5.293470273E+02
      1706,-1.982889723E-02, 2.610523844E-03, 2.333333333E-01, 2.000000000E-02, 5.293470308E+02
      1707, 1.982889723E-02, 2.610523844E-03, 2.333333333E-01, 2.000000000E-02, 5.293470308E+02
      1708,-1.931851653E-02, 5.176380902E-03, 2.333333333E-01, 2.000000000E-02, 5.293470393E+02
      1709, 1.931851653E-02, 5.176380902E-03, 2.333333333E-01, 2.000000000E-02, 5.293470393E+02
      1710,-1.847759065E-02, 7.653668647E-03, 2.333333333E-01, 2.000000000E-02, 5.293470483E+02
      1711, 1.847759065E-02, 7.653668647E-03, 2.333333333E-01, 2.000000000E-02, 5.293470483E+02
      1712,-1.732050808E-02, 1.000000000E-02, 2.333333333E-01, 2.000000000E-02, 5.293470542E+02
      1713, 1.732050808E-02, 1.000000000E-02, 2.333333333E-01, 2.000000000E-02, 5.293470542E+02
      1714,-1.586706681E-02, 1.217522858E-02, 2.333333333E-01, 2.000000000E-02, 5.293470565E+02
      1715, 1.586706681E-02, 1.217522858E-02, 2.333333333E-01, 2.000000000E-02, 5.293470565E+02
      1716,-1.414213562E-02, 1.414213562E-02, 2.333333333E-01, 2.000000000E-02, 5.293470568E+02
      1717, 1.414213562E-02, 1.414213562E-02, 2.333333333E-01, 2.000000000E-02, 5.293470568E+02
      1718,-1.217522858E-02, 1.586706681E-02, 2.333333333E-01, 2.000000000E-02, 5.293470565E+02
      1719, 1.217522858E-02, 1.586706681E-02, 2.333333333E-01, 2.000000000E-02, 5.293470565E+02
      1720,-1.000000000E-02, 1.732050808E-02, 2.333333333E-01, 2.000000000E-02, 5.293470542E+02
      1721, 1.000000000E-02, 1.732050808E-02, 2.333333333E-01, 2.000000000E-02, 5.293470542E+02
      1722,-7.653668647E-03, 1.847759065E-02, 2.333333333E-01, 2.000000000E-02, 5.293470483E+02
      1723, 7.653668647E-03, 1.847759065E-02, 2.333333333E-01, 2.000000000E-02, 5.293470483E+02
      1724,-5.176380902E-03, 1.931851653E-02, 2.333333333E-01, 2.000000000E-02, 5.293470393E+02
      1725, 5.176380902E-03, 1.931851653E-02, 2.333333333E-01, 2.000000000E-02, 5.293470393E+02
      1726,-2.610523844E-03, 1.982889723E-02, 2.333333333E-01, 2.000000000E-02, 5.293470308E+02
      1727, 2.610523844E-03, 1.982889723E-02, 2.333333333E-01, 2.000000000E-02, 5.293470308E+02
      1728, 6.123233996E-18, 2.000000000E-02, 2.333333333E-01, 2.000000000E-02, 5.293470273E+02
      1729,-3.673940397E-18,-2.000000000E-02, 2.400000000E-01, 2.000000000E-02, 5.304781344E+02
      1730,-2.610523844E-03,-1.982889723E-02, 2.400000000E-01, 2.000000000E-02, 5.304781365E+02
      1731, 2.610523844E-03,-1.982889723E-02, 2.400000000E-01, 2.000000000E-02, 5.304781365E+02
      1732,-5.176380902E-03,-1.931851653E-02, 2.400000000E-01, 2.000000000E-02, 5.304781410E+02
      1733, 5.176380902E-03,-1.931851653E-02, 2.400000000E-01, 2.000000000E-02, 5.304781410E+02
      1734,-7.653668647E-03,-1.847759065E-02, 2.400000000E-01, 2.000000000E-02, 5.304781445E+02
      1735, 7.653668647E-03,-1.847759065E-02, 2.400000000E-01, 2.000000000E-02, 5.304781445E+02
      1736,-1.000000000E-02,-1.732050808E-02, 2.400000000E-01, 2.000000000E-02, 5.304781448E+02
      1737, 1.000000000E-02,-1.732050808E-02, 2.400000000E-01, 2.000000000E-02, 5.304781448E+02
      1738,-1.217522858E-02,-1.586706681E-02, 2.400000000E-01, 2.000000000E-02, 5.304781430E+02
      1739, 1.217522858E-02,-1.586706681E-02, 2.400000000E-01, 2.000000000E-02, 5.304781430E+02
      1740,-1.414213562E-02,-1.414213562E-02, 2.400000000E-01, 2.000000000E-02, 5.304781418E+02
      1741, 1.414213562E-02,-1.414213562E-02, 2.400000000E-01, 2.000000000E-02, 5.304781418E+02
      1742,-1.586706681E-02,-1.217522858E-02, 2.400000000E-01, 2.000000000E-02, 5.304781430E+02
      1743, 1.586706681E-02,-1.217522858E-02, 2.400000000E-01, 2.000000000E-02, 5.304781430E+02
      1744,-1.732050808E-02,-1.000000000E-02, 2.400000000E-01, 2.000000000E-02, 5.304781448E+02
      1745, 1.732050808E-02,-1.000000000E-02, 2.400000000E-01, 2.000000000E-02, 5.304781448E+02
      1746,-1.847759065E-02,-7.653668647E-03, 2.400000000E-01, 2.000000000E-02, 5.304781445E+02
      1747, 1.847759065E-02,-7.653668647E-03, 2.400000000E-01, 2.000000000E-02, 5.304781445E+02
      1748,-1.931851653E-02,-5.176380902E-03, 2.400000000E-01, 2.000000000E-02, 5.304781410E+02
      1749, 1.931851653E-02,-5.176380902E-03, 2.400000000E-01, 2.000000000E-02, 5.304781410E+02
      1750,-1.982889723E-02,-2.610523844E-03, 2.400000000E-01, 2.000000000E-02, 5.304781365E+02
      1751, 1.982889723E-02,-2.610523844E-03, 2.400000000E-01, 2.000000000E-02, 5.304781365E+02
      1752,-2.000000000E-02, 7.347880795E-18, 2.400000000E-01, 2.000000000E-02, 5.304781344E+02
      1753, 2.000000000E-02,-4.898587197E-18, 2.400000000E-01, 2.000000000E-02, 5.304781344E+02
      1754,-1.982889723E-02, 2.610523844E-03, 2.400000000E-01, 2.000000000E-02, 5.304781365E+02
      1755, 1.982889723E-02, 2.610523844E-03, 2.400000000E-01, 2.000000000E-02, 5.304781365E+02
      1756,-1.931851653E-02, 5.176380902E-03, 2.400000000E-01, 2.000000000E-02, 5.304781410E+02
      1757, 1.931851653E-02, 5.176380902E-03, 2.400000000E-01, 2.000000000E-02, 5.304781410E+02
      1758,-1.847759065E-02, 7.653668647E-03, 2.400000000E-01, 2.000000000E-02, 5.304781445E+02
      1759, 1.847759065E-02, 7.653668647E-03, 2.400000000E-01, 2.000000000E-02, 5.304781445E+02
      1760,-1.732050808E-02, 1.000000000E-02, 2.400000000E-01, 2.000000000E-02, 5.304781448E+02
      1761, 1.732050808E-02, 1.000000000E-02, 2.400000000E-01, 2.000000000E-02, 5.304781448E+02
      1762,-1.586706681E-02, 1.217522858E-02, 2.400000000E-01, 2.000000000E-02, 5.304781430E+02
      1763, 1.586706681E-02, 1.217522858E-02, 2.400000000E-01, 2.000000000E-02, 5.304781430E+02
      1764,-1.414213562E-02, 1.414213562E-02, 2.400000000E-01, 2.000000000E-02, 5.304781418E+02
      1765, 1.414213562E-02, 1.414213562E-02, 2.400000000E-01, 2.000000000E-02, 5.304781418E+02
      1766,-1.217522858E-02, 1.586706681E-02, 2.400000000E-01, 2.000000000E-02, 5.304781430E+02
      1767, 1.217522858E-02, 1.586706681E-02, 2.400000000E-01, 2.000000000E-02, 5.304781430E+02
      1768,-1.000000000E-02, 1.732050808E-02, 2.400000000E-01, 2.000000000E-02, 5.304781448E+02
      1769, 1.000000000E-02, 1.732050808E-02, 2.400000000E-01, 2.000000000E-02, 5.304781448E+02
      1770,-7.653668647E-03, 1.847759065E-02, 2.400000000E-01, 2.000000000E-02, 5.304781445E+02
      1771, 7.653668647E-03, 1.847759065E-02, 2.400000000E-01, 2.000000000E-02, 5.304781445E+02
      1772,-5.176380902E-03, 1.931851653E-02, 2.400000000E-01, 2.000000000E-02, 5.304781410E+02
      1773, 5.176380902E-03, 1.931851653E-02, 2.400000000E-01, 2.000000000E-02, 5.304781410E+02
      1774,-2.610523844E-03, 1.982889723E-02, 2.400000000E-01, 2.000000000E-02, 5.304781365E+02
      1775, 2.610523844E-03, 1.982889723E-02, 2.400000000E-01, 2.000000000E-02, 5.304781365E+02
      1776, 6.123233996E-18, 2.000000000E-02, 2.400000000E-01, 2.000000000E-02, 5.304781344E+02
      1777,-3.673940397E-18,-2.000000000E-02, 2.466666667E-01, 2.000000000E-02, 5.315734795E+02
      1778,-2.610523844E-03,-1.982889723E-02, 2.466666667E-01, 2.000000000E-02, 5.315734801E+02
      1779, 2.610523844E-03,-1.982889723E-02, 2.466666667E-01, 2.000000000E-02, 5.315734801E+02
      1780,-5.176380902E-03,-1.931851653E-02, 2.466666667E-01, 2.000000000E-02, 5.315734805E+02
      1781, 5.176380902E-03,-1.931851653E-02, 2.466666667E-01, 2.000000000E-02, 5.315734805E+02
      1782,-7.653668647E-03,-1.847759065E-02, 2.466666667E-01, 2.000000000E-02, 5.315734784E+02
      1783, 7.653668647E-03,-1.847759065E-02, 2.466666667E-01, 2.000000000E-02, 5.315734784E+02
      1784,-1.000000000E-02,-1.732050808E-02, 2.466666667E-01, 2.000000000E-02, 5.315734730E+02
      1785, 1.000000000E-02,-1.732050808E-02, 2.466666667E-01, 2.000000000E-02, 5.315734730E+02
      1786,-1.217522858E-02,-1.586706681E-02, 2.466666667E-01, 2.000000000E-02, 5.315734670E+02
      1787, 1.217522858E-02,-1.586706681E-02, 2.466666667E-01, 2.000000000E-02, 5.315734670E+02
      1788,-1.414213562E-02,-1.414213562E-02, 2.466666667E-01, 2.000000000E-02, 5.315734643E+02
      1789, 1.414213562E-02,-1.414213562E-02, 2.466666667E-01, 2.000000000E-02, 5.315734643E+02
      1790,-1.586706681E-02,-1.217522858E-02, 2.466666667E-01, 2.000000000E-02, 5.315734670E+02
      1791, 1.586706681E-02,-1.217522858E-02, 2.466666667E-01, 2.000000000E-02, 5.315734670E+02
      1792,-1.732050808E-02,-1.000000000E-02, 2.466666667E-01, 2.000000000E-02, 5.315734730E+02
      1793, 1.732050808E-02,-1.000000000E-02, 2.466666667E-01, 2.000000000E-02, 5.315734730E+02
      1794,-1.847759065E-02,-7.653668647E-03, 2.466666667E-01, 2.000000000E-02, 5.315734784E+02
      1795, 1.847759065E-02,-7.653668647E-03, 2.466666667E-01, 2.000000000E-02, 5.315734784E+02
      1796,-1.931851653E-02,-5.176380902E-03, 2.466666667E-01, 2.000000000E-02, 5.315734805E+02
      1797, 1.931851653E-02,-5.176380902E-03, 2.466666667E-01, 2.000000000E-02, 5.315734805E+02
      1798,-1.982889723E-02,-2.610523844E-03, 2.466666667E-01, 2.000000000E-02, 5.315734801E+02
      1799, 1.982889723E-02,-2.610523844E-03, 2.466666667E-01, 2.000000000E-02, 5.315734801E+02
      1800,-2.000000000E-02, 7.347880795E-18, 2.466666667E-01, 2.000000000E-02, 5.315734795E+02
      1801, 2.000000000E-02,-4.898587197E-18, 2.466666667E-01, 2.000000000E-02, 5.315734795E+02
      1802,-1.982889723E-02, 2.610523844E-03, 2.466666667E-01, 2.000000000E-02, 5.315734801E+02
      1803, 1.982889723E-02, 2.610523844E-03, 2.466666667E-01, 2.000000000E-02, 5.315734801E+02
      1804,-1.931851653E-02, 5.176380902E-03, 2.466666667E-01, 2.000000000E-02, 5.315734805E+02
      1805, 1.931851653E-02, 5.176380902E-03, 2.466666667E-01, 2.000000000E-02, 5.315734805E+02
      1806,-1.847759065E-02, 7.653668647E-03, 2.466666667E-01, 2.000000000E-02, 5.315734784E+02
      1807, 1.847759065E-02, 7.653668647E-03, 2.466666667E-01, 2.000000000E-02, 5.315734784E+02
      1808,-1.732050808E-02, 1.000000000E-02, 2.466666667E-01, 2.000000000E-02, 5.315734730E+02
      1809, 1.732050808E-02, 1.000000000E-02, 2.466666667E-01, 2.000000000E-02, 5.315734730E+02
      1810,-1.586706681E-02, 1.217522858E-02, 2.466666667E-01, 2.000000000E-02, 5.315734670E+02
      1811, 1.586706681E-02, 1.217522858E-02, 2.466666667E-01, 2.000000000E-02, 5.315734670E+02
      1812,-1.414213562E-02, 1.414213562E-02, 2.466666667E-01, 2.000000000E-02, 5.315734643E+02
      1813, 1.414213562E-02, 1.414213562E-02, 2.466666667E-01, 2.000000000E-02, 5.315734643E+02
      1814,-1.217522858E-02, 1.586706681E-02, 2.466666667E-01, 2.000000000E-02, 5.315734670E+02
      1815, 1.217522858E-02, 1.586706681E-02, 2.466666667E-01, 2.000000000E-02, 5.315734670E+02
      1816,-1.000000000E-02, 1.732050808E-02, 2.466666667E-01, 2.000000000E-02, 5.315734730E+02
      1817, 1.000000000E-02, 1.732050808E-02, 2.466666667E-01, 2.000000000E-02, 5.315734730E+02
      1818,-7.653668647E-03, 1.847759065E-02, 2.466666667E-01, 2.000000000E-02, 5.315734784E+02
      1819, 7.653668647E-03, 1.847759065E-02, 2.466666667E-01, 2.000000000E-02, 5.315734784E+02
      1820,-5.176380902E-03, 1.931851653E-02, 2.466666667E-01, 2.000000000E-02, 5.315734805E+02
      1821, 5.176380902E-03, 1.931851653E-02, 2.466666667E-01, 2.000000000E-02, 5.315734805E+02
      1822,-2.610523844E-03, 1.982889723E-02, 2.466666667E-01, 2.000000000E-02, 5.315734801E+02
      1823, 2.610523844E-03, 1.982889723E-02, 2.466666667E-01, 2.000000000E-02, 5.315734801E+02
      1824, 6.123233996E-18, 2.000000000E-02, 2.466666667E-01, 2.000000000E-02, 5.315734795E+02
      1825,-3.673940397E-18,-2.000000000E-02, 2.533333333E-01, 2.000000000E-02, 5.326349400E+02
      1826,-2.610523844E-03,-1.982889723E-02, 2.533333333E-01, 2.000000000E-02, 5.326349390E+02
      1827, 2.610523844E-03,-1.982889723E-02, 2.533333333E-01, 2.000000000E-02, 5.326349390E+02
      1828,-5.176380902E-03,-1.931851653E-02, 2.533333333E-01, 2.000000000E-02, 5.326349353E+02
      1829, 5.176380902E-03,-1.931851653E-02, 2.533333333E-01, 2.000000000E-02, 5.326349353E+02
      1830,-7.653668647E-03,-1.847759065E-02, 2.533333333E-01, 2.000000000E-02, 5.326349275E+02
      1831, 7.653668647E-03,-1.847759065E-02, 2.533333333E-01, 2.000000000E-02, 5.326349275E+02
      1832,-1.000000000E-02,-1.732050808E-02, 2.533333333E-01, 2.000000000E-02, 5.326349164E+02
      1833, 1.000000000E-02,-1.732050808E-02, 2.533333333E-01, 2.000000000E-02, 5.326349164E+02
      1834,-1.217522858E-02,-1.586706681E-02, 2.533333333E-01, 2.000000000E-02, 5.326349061E+02
      1835, 1.217522858E-02,-1.586706681E-02, 2.533333333E-01, 2.000000000E-02, 5.326349061E+02
      1836,-1.414213562E-02,-1.414213562E-02, 2.533333333E-01, 2.000000000E-02, 5.326349019E+02
      1837, 1.414213562E-02,-1.414213562E-02, 2.533333333E-01, 2.000000000E-02, 5.326349019E+02
      1838,-1.586706681E-02,-1.217522858E-02, 2.533333333E-01, 2.000000000E-02, 5.326349061E+02
      1839, 1.586706681E-02,-1.217522858E-02, 2.533333333E-01, 2.000000000E-02, 5.326349061E+02
      1840,-1.732050808E-02,-1.000000000E-02, 2.533333333E-01, 2.000000000E-02, 5.326349164E+02
      1841, 1.732050808E-02,-1.000000000E-02, 2.533333333E-01, 2.000000000E-02, 5.326349164E+02
      1842,-1.847759065E-02,-7.653668647E-03, 2.533333333E-01, 2.000000000E-02, 5.326349275E+02
      1843, 1.847759065E-02,-7.653668647E-03, 2.533333333E-01, 2.000000000E-02, 5.326349275E+02
      1844,-1.931851653E-02,-5.176380902E-03, 2.533333333E-01, 2.000000000E-02, 5.326349353E+02
      1845, 1.931851653E-02,-5.176380902E-03, 2.533333333E-01, 2.000000000E-02, 5.326349353E+02
      1846,-1.982889723E-02,-2.610523844E-03, 2.533333333E-01, 2.000000000E-02, 5.326349390E+02
      1847, 1.982889723E-02,-2.610523844E-03, 2.533333333E-01, 2.000000000E-02, 5.326349390E+02
      1848,-2.000000000E-02, 7.347880795E-18, 2.533333333E-01, 2.000000000E-02, 5.326349400E+02
      1849, 2.000000000E-02,-4.898587197E-18, 2.533333333E-01, 2.000000000E-02, 5.326349400E+02
      1850,-1.982889723E-02, 2.610523844E-03, 2.533333333E-01, 2.000000000E-02, 5.326349390E+02
      1851, 1.982889723E-02, 2.610523844E-03, 2.533333333E-01, 2.000000000E-02, 5.326349390E+02
      1852,-1.931851653E-02, 5.176380902E-03, 2.533333333E-01, 2.000000000E-02, 5.326349353E+02
      1853, 1.931851653E-02, 5.176380902E-03, 2.533333333E-01, 2.000000000E-02, 5.326349353E+02
      1854,-1.847759065E-02, 7.653668647E-03, 2.533333333E-01, 2.000000000E-02, 5.326349275E+02
      1855, 1.847759065E-02, 7.653668647E-03, 2.533333333E-01, 2.000000000E-02, 5.326349275E+02
      1856,-1.732050808E-02, 1.000000000E-02, 2.533333333E-01, 2.000000000E-02, 5.326349164E+02
      1857, 1.732050808E-02, 1.000000000E-02, 2.533333333E-01, 2.000000000E-02, 5.326349164E+02
      1858,-1.586706681E-02, 1.217522858E-02, 2.533333333E-01, 2.000000000E-02, 5.326349061E+02
      1859, 1.586706681E-02, 1.217522858E-02, 2.533333333E-01, 2.000000000E-02, 5.326349061E+02
      1860,-1.414213562E-02, 1.414213562E-02, 2.533333333E-01, 2.000000000E-02, 5.326349019E+02
      1861, 1.414213562E-02, 1.414213562E-02, 2.533333333E-01, 2.000000000E-02, 5.326349019E+02
      1862,-1.217522858E-02, 1.586706681E-02, 2.533333333E-01, 2.000000000E-02, 5.326349061E+02
      1863, 1.217522858E-02, 1.586706681E-02, 2.533333333E-01, 2.000000000E-02, 5.326349061E+02
      1864,-1.000000000E-02, 1.732050808E-02, 2.533333333E-01, 2.000000000E-02, 5.326349164E+02
      1865, 1.000000000E-02, 1.732050808E-02, 2.533333333E-01, 2.000000000E-02, 5.326349164E+02
      1866,-7.653668647E-03, 1.847759065E-02, 2.533333333E-01, 2.000000000E-02, 5.326349275E+02
      1867, 7.653668647E-03, 1.847759065E-02, 2.533333333E-01, 2.000000000E-02, 5.326349275E+02
      1868,-5.176380902E-03, 1.931851653E-02, 2.533333333E-01, 2.000000000E-02, 5.326349353E+02
      1869, 5.176380902E-03, 1.931851653E-02, 2.533333333E-01, 2.000000000E-02, 5.326349353E+02
      1870,-2.610523844E-03, 1.982889723E-02, 2.533333333E-01, 2.000000000E-02, 5.326349390E+02
      1871, 2.610523844E-03, 1.982889723E-02, 2.533333333E-01, 2.000000000E-02, 5.326349390E+02
      1872, 6.123233996E-18, 2.000000000E-02, 2.533333333E-01, 2.000000000E-02, 5.326349400E+02
      1873,-3.673940397E-18,-2.000000000E-02, 2.600000000E-01, 2.000000000E-02, 5.336642797E+02
      1874,-2.610523844E-03,-1.982889723E-02, 2.600000000E-01, 2.000000000E-02, 5.336642772E+02
      1875, 2.610523844E-03,-1.982889723E-02, 2.600000000E-01, 2.000000000E-02, 5.336642772E+02
      1876,-5.176380902E-03,-1.931851653E-02, 2.600000000E-01, 2.000000000E-02, 5.336642694E+02
      1877, 5.176380902E-03,-1.931851653E-02, 2.600000000E-01, 2.000000000E-02, 5.336642694E+02
      1878,-7.653668647E-03,-1.847759065E-02, 2.600000000E-01, 2.000000000E-02, 5.336642560E+02
      1879, 7.653668647E-03,-1.847759065E-02, 2.600000000E-01, 2.000000000E-02, 5.336642560E+02
      1880,-1.000000000E-02,-1.732050808E-02, 2.600000000E-01, 2.000000000E-02, 5.336642393E+02
      1881, 1.000000000E-02,-1.732050808E-02, 2.600000000E-01, 2.000000000E-02, 5.336642393E+02
      1882,-1.217522858E-02,-1.586706681E-02, 2.600000000E-01, 2.000000000E-02, 5.336642248E+02
      1883, 1.217522858E-02,-1.586706681E-02, 2.600000000E-01, 2.000000000E-02, 5.336642248E+02
      1884,-1.414213562E-02,-1.414213562E-02, 2.600000000E-01, 2.000000000E-02, 5.336642190E+02
      1885, 1.414213562E-02,-1.414213562E-02, 2.600000000E-01, 2.000000000E-02, 5.336642190E+02
      1886,-1.586706681E-02,-1.217522858E-02, 2.600000000E-01, 2.000000000E-02, 5.336642248E+02
      1887, 1.586706681E-02,-1.217522858E-02, 2.600000000E-01, 2.000000000E-02, 5.336642248E+02
      1888,-1.732050808E-02,-1.000000000E-02, 2.600000000E-01, 2.000000000E-02, 5.336642393E+02
      1889, 1.732050808E-02,-1.000000000E-02, 2.600000000E-01, 2.000000000E-02, 5.336642393E+02
      1890,-1.847759065E-02,-7.653668647E-03, 2.600000000E-01, 2.000000000E-02, 5.336642560E+02
      1891, 1.847759065E-02,-7.653668647E-03, 2.600000000E-01, 2.000000000E-02, 5.336642560E+02
      1892,-1.931851653E-02,-5.176380902E-03, 2.600000000E-01, 2.000000000E-02, 5.336642694E+02
      1893, 1.931851653E-02,-5.176380902E-03, 2.600000000E-01, 2.000000000E-02, 5.336642694E+02
      1894,-1.982889723E-02,-2.610523844E-03, 2.600000000E-01, 2.000000000E-02, 5.336642772E+02
      1895, 1.982889723E-02,-2.610523844E-03, 2.600000000E-01, 2.000000000E-02, 5.336642772E+02
      1896,-2.000000000E-02, 7.347880795E-18, 2.600000000E-01, 2.000000000E-02, 5.336642797E+02
      1897, 2.000000000E-02,-4.898587197E-18, 2.600000000E-01, 2.000000000E-02, 5.336642797E+02
      1898,-1.982889723E-02, 2.610523844E-03, 2.600000000E-01, 2.000000000E-02, 5.336642772E+02
      1899, 1.982889723E-02, 2.610523844E-03, 2.600000000E-01, 2.000000000E-02, 5.336642772E+02
      1900,-1.931851653E-02, 5.176380902E-03, 2.600000000E-01, 2.000000000E-02, 5.336642694E+02
      1901, 1.931851653E-02, 5.176380902E-03, 2.600000000E-01, 2.000000000E-02, 5.336642694E+02
      1902,-1.847759065E-02, 7.653668647E-03, 2.600000000E-01, 2.000000000E-02, 5.336642560E+02
      1903, 1.847759065E-02, 7.653668647E-03, 2.600000000E-01, 2.000000000E-02, 5.336642560E+02
      1904,-1.732050808E-02, 1.000000000E-02, 2.600000000E-01, 2.000000000E-02, 5.336642393E+02
      1905, 1.732050808E-02, 1.000000000E-02, 2.600000000E-01, 2.000000000E-02, 5.336642393E+02
      1906,-1.586706681E-02, 1.217522858E-02, 2.600000000E-01, 2.000000000E-02, 5.336642248E+02
      1907, 1.586706681E-02, 1.217522858E-02, 2.600000000E-01, 2.000000000E-02, 5.336642248E+02
      1908,-1.414213562E-02, 1.414213562E-02, 2.600000000E-01, 2.000000000E-02, 5.336642190E+02
      1909, 1.414213562E-02, 1.414213562E-02, 2.600000000E-01, 2.000000000E-02, 5.336642190E+02
      1910,-1.217522858E-02, 1.586706681E-02, 2.600000000E-01, 2.000000000E-02, 5.336642248E+02
      1911, 1.217522858E-02, 1.586706681E-02, 2.600000000E-01, 2.000000000E-02, 5.336642248E+02
      1912,-1.000000000E-02, 1.732050808E-02, 2.600000000E-01, 2.000000000E-02, 5.336642393E+02
      1913, 1.000000000E-02, 1.732050808E-02, 2.600000000E-01, 2.000000000E-02, 5.336642393E+02
      1914,-7.653668647E-03, 1.847759065E-02, 2.600000000E-01, 2.000000000E-02, 5.336642560E+02
      1915, 7.653668647E-03, 1.847759065E-02, 2.600000000E-01, 2.000000000E-02, 5.336642560E+02
      1916,-5.176380902E-03, 1.931851653E-02, 2.600000000E-01, 2.000000000E-02, 5.336642694E+02
      1917, 5.176380902E-03, 1.931851653E-02, 2.600000000E-01, 2.000000000E-02, 5.336642694E+02
      1918,-2.610523844E-03, 1.982889723E-02, 2.600000000E-01, 2.000000000E-02, 5.336642772E+02
      1919, 2.610523844E-03, 1.982889723E-02, 2.600000000E-01, 2.000000000E-02, 5.336642772E+02
      1920, 6.123233996E-18, 2.000000000E-02, 2.600000000E-01, 2.000000000E-02, 5.336642797E+02
      1921,-3.673940397E-18,-2.000000000E-02, 2.666666667E-01, 2.000000000E-02, 5.346631602E+02
      1922,-2.610523844E-03,-1.982889723E-02, 2.666666667E-01, 2.000000000E-02, 5.346631563E+02
      1923, 2.610523844E-03,-1.982889723E-02, 2.666666667E-01, 2.000000000E-02, 5.346631563E+02
      1924,-5.176380902E-03,-1.931851653E-02, 2.666666667E-01, 2.000000000E-02, 5.346631446E+02
      1925, 5.176380902E-03,-1.931851653E-02, 2.666666667E-01, 2.000000000E-02, 5.346631446E+02
      1926,-7.653668647E-03,-1.847759065E-02, 2.666666667E-01, 2.000000000E-02, 5.346631259E+02
      1927, 7.653668647E-03,-1.847759065E-02, 2.666666667E-01, 2.000000000E-02, 5.346631259E+02
      1928,-1.000000000E-02,-1.732050808E-02, 2.666666667E-01, 2.000000000E-02, 5.346631038E+02
      1929, 1.000000000E-02,-1.732050808E-02, 2.666666667E-01, 2.000000000E-02, 5.346631038E+02
      1930,-1.217522858E-02,-1.586706681E-02, 2.666666667E-01, 2.000000000E-02, 5.346630853E+02
      1931, 1.217522858E-02,-1.586706681E-02, 2.666666667E-01, 2.000000000E-02, 5.346630853E+02
      1932,-1.414213562E-02,-1.414213562E-02, 2.666666667E-01, 2.000000000E-02, 5.346630781E+02
      1933, 1.414213562E-02,-1.414213562E-02, 2.666666667E-01, 2.000000000E-02, 5.346630781E+02
      1934,-1.586706681E-02,-1.217522858E-02, 2.666666667E-01, 2.000000000E-02, 5.346630853E+02
      1935, 1.586706681E-02,-1.217522858E-02, 2.666666667E-01, 2.000000000E-02, 5.346630853E+02
      1936,-1.732050808E-02,-1.000000000E-02, 2.666666667E-01, 2.000000000E-02, 5.346631038E+02
      1937, 1.732050808E-02,-1.000000000E-02, 2.666666667E-01, 2.000000000E-02, 5.346631038E+02
      1938,-1.847759065E-02,-7.653668647E-03, 2.666666667E-01, 2.000000000E-02, 5.346631259E+02
      1939, 1.847759065E-02,-7.653668647E-03, 2.666666667E-01, 2.000000000E-02, 5.346631259E+02
      1940,-1.931851653E-02,-5.176380902E-03, 2.666666667E-01, 2.000000000E-02, 5.346631446E+02
      1941, 1.931851653E-02,-5.176380902E-03, 2.666666667E-01, 2.000000000E-02, 5.346631446E+02
      1942,-1.982889723E-02,-2.610523844E-03, 2.666666667E-01, 2.000000000E-02, 5.346631563E+02
      1943, 1.982889723E-02,-2.610523844E-03, 2.666666667E-01, 2.000000000E-02, 5.346631563E+02
      1944,-2.000000000E-02, 7.347880795E-18, 2.666666667E-01, 2.000000000E-02, 5.346631602E+02
      1945, 2.000000000E-02,-4.898587197E-18, 2.666666667E-01, 2.000000000E-02, 5.346631602E+02
      1946,-1.982889723E-02, 2.610523844E-03, 2.666666667E-01, 2.000000000E-02, 5.346631563E+02
      1947, 1.982889723E-02, 2.610523844E-03, 2.666666667E-01, 2.000000000E-02, 5.346631563E+02
      1948,-1.931851653E-02, 5.176380902E-03, 2.666666667E-01, 2.000000000E-02, 5.346631446E+02
      1949, 1.931851653E-02, 5.176380902E-03, 2.666666667E-01, 2.000000000E-02, 5.346631446E+02
      1950,-1.847759065E-02, 7.653668647E-03, 2.666666667E-01, 2.000000000E-02, 5.346631259E+02
      1951, 1.847759065E-02, 7.653668647E-03, 2.666666667E-01, 2.000000000E-02, 5.346631259E+02
      1952,-1.732050808E-02, 1.000000000E-02, 2.666666667E-01, 2.000000000E-02, 5.346631038E+02
      1953, 1.732050808E-02, 1.000000000E-02, 2.666666667E-01, 2.000000000E-02, 5.346631038E+02
      1954,-1.586706681E-02, 1.217522858E-02, 2.666666667E-01, 2.000000000E-02, 5.346630853E+02
      1955, 1.586706681E-02, 1.217522858E-02, 2.666666667E-01, 2.000000000E-02, 5.346630853E+02
      1956,-1.414213562E-02, 1.414213562E-02, 2.666666667E-01, 2.000000000E-02, 5.346630781E+02
      1957, 1.414213562E-02, 1.414213562E-02, 2.666666667E-01, 2.000000000E-02, 5.346630781E+02
      1958,-1.217522858E-02, 1.586706681E-02, 2.666666667E-01, 2.000000000E-02, 5.346630853E+02
      1959, 1.217522858E-02, 1.586706681E-02, 2.666666667E-01, 2.000000000E-02, 5.346630853E+02
      1960,-1.000000000E-02, 1.732050808E-02, 2.666666667E-01, 2.000000000E-02, 5.346631038E+02
      1961, 1.000000000E-02, 1.732050808E-02, 2.666666667E-01, 2.000000000E-02, 5.346631038E+02
      1962,-7.653668647E-03, 1.847759065E-02, 2.666666667E-01, 2.000000000E-02, 5.346631259E+02
      1963, 7.653668647E-03, 1.847759065E-02, 2.666666667E-01, 2.000000000E-02, 5.346631259E+02
      1964,-5.176380902E-03, 1.931851653E-02, 2.666666667E-01, 2.000000000E-02, 5.346631446E+02
      1965, 5.176380902E-03, 1.931851653E-02, 2.666666667E-01, 2.000000000E-02, 5.346631446E+02
      1966,-2.610523844E-03, 1.982889723E-02, 2.666666667E-01, 2.000000000E-02, 5.346631563E+02
      1967, 2.610523844E-03, 1.982889723E-02, 2.666666667E-01, 2.000000000E-02, 5.346631563E+02
      1968, 6.123233996E-18, 2.000000000E-02, 2.666666667E-01, 2.000000000E-02, 5.346631602E+02
      1969,-3.673940397E-18,-2.000000000E-02, 2.733333333E-01, 2.000000000E-02, 5.356331497E+02
      1970,-2.610523844E-03,-1.982889723E-02, 2.733333333E-01, 2.000000000E-02, 5.356331446E+02
      1971, 2.610523844E-03,-1.982889723E-02, 2.733333333E-01, 2.000000000E-02, 5.356331446E+02
      1972,-5.176380902E-03,-1.931851653E-02, 2.733333333E-01, 2.000000000E-02, 5.356331294E+02
      1973, 5.176380902E-03,-1.931851653E-02, 2.733333333E-01, 2.000000000E-02, 5.356331294E+02
      1974,-7.653668647E-03,-1.847759065E-02, 2.733333333E-01, 2.000000000E-02, 5.356331057E+02
      1975, 7.653668647E-03,-1.847759065E-02, 2.733333333E-01, 2.000000000E-02, 5.356331057E+02
      1976,-1.000000000E-02,-1.732050808E-02, 2.733333333E-01, 2.000000000E-02, 5.356330787E+02
      1977, 1.000000000E-02,-1.732050808E-02, 2.733333333E-01, 2.000000000E-02, 5.356330787E+02
      1978,-1.217522858E-02,-1.586706681E-02, 2.733333333E-01, 2.000000000E-02, 5.356330567E+02
      1979, 1.217522858E-02,-1.586706681E-02, 2.733333333E-01, 2.000000000E-02, 5.356330567E+02
      1980,-1.414213562E-02,-1.414213562E-02, 2.733333333E-01, 2.000000000E-02, 5.356330481E+02
      1981, 1.414213562E-02,-1.414213562E-02, 2.733333333E-01, 2.000000000E-02, 5.356330481E+02
      1982,-1.586706681E-02,-1.217522858E-02, 2.733333333E-01, 2.000000000E-02, 5.356330567E+02
      1983, 1.586706681E-02,-1.217522858E-02, 2.733333333E-01, 2.000000000E-02, 5.356330567E+02
      1984,-1.732050808E-02,-1.000000000E-02, 2.733333333E-01, 2.000000000E-02, 5.356330787E+02
      1985, 1.732050808E-02,-1.000000000E-02, 2.733333333E-01, 2.000000000E-02, 5.356330787E+02
      1986,-1.847759065E-02,-7.653668647E-03, 2.733333333E-01, 2.000000000E-02, 5.356331057E+02
      1987, 1.847759065E-02,-7.653668647E-03, 2.733333333E-01, 2.000000000E-02, 5.356331057E+02
      1988,-1.931851653E-02,-5.176380902E-03, 2.733333333E-01, 2.000000000E-02, 5.356331294E+02
      1989, 1.931851653E-02,-5.176380902E-03, 2.733333333E-01, 2.000000000E-02, 5.356331294E+02
      1990,-1.982889723E-02,-2.610523844E-03, 2.733333333E-01, 2.000000000E-02, 5.356331446E+02
      1991, 1.982889723E-02,-2.610523844E-03, 2.733333333E-01, 2.000000000E-02, 5.356331446E+02
      1992,-2.000000000E-02, 7.347880795E-18, 2.733333333E-01, 2.000000000E-02, 5.356331497E+02
      1993, 2.000000000E-02,-4.898587197E-18, 2.733333333E-01, 2.000000000E-02, 5.356331497E+02
      1994,-1.982889723E-02, 2.610523844E-03, 2.733333333E-01, 2.000000000E-02, 5.356331446E+02
      1995, 1.982889723E-02, 2.610523844E-03, 2.733333333E-01, 2.000000000E-02, 5.356331446E+02
      1996,-1.931851653E-02, 5.176380902E-03, 2.733333333E-01, 2.000000000E-02, 5.356331294E+02
      1997, 1.931851653E-02, 5.176380902E-03, 2.733333333E-01, 2.000000000E-02, 5.356331294E+02
      1998,-1.847759065E-02, 7.653668647E-03, 2.733333333E-01, 2.000000000E-02, 5.356331057E+02
      1999, 1.847759065E-02, 7.653668647E-03, 2.733333333E-01, 2.000000000E-02, 5.356331057E+02
      2000,-1.732050808E-02, 1.000000000E-02, 2.733333333E-01, 2.000000000E-02, 5.356330787E+02
      2001, 1.732050808E-02, 1.000000000E-02, 2.733333333E-01, 2.000000000E-02, 5.356330787E+02
      2002,-1.586706681E-02, 1.217522858E-02, 2.733333333E-01, 2.000000000E-02, 5.356330567E+02
      2003, 1.586706681E-02, 1.217522858E-02, 2.733333333E-01, 2.000000000E-02, 5.356330567E+02
      2004,-1.414213562E-02, 1.414213562E-02, 2.733333333E-01, 2.000000000E-02, 5.356330481E+02
      2005, 1.414213562E-02, 1.414213562E-02, 2.733333333E-01, 2.000000000E-02, 5.356330481E+02
      2006,-1.217522858E-02, 1.586706681E-02, 2.733333333E-01, 2.000000000E-02, 5.356330567E+02
      2007, 1.217522858E-02, 1.586706681E-02, 2.733333333E-01, 2.000000000E-02, 5.356330567E+02
      2008,-1.000000000E-02, 1.732050808E-02, 2.733333333E-01, 2.000000000E-02, 5.356330787E+02
      2009, 1.000000000E-02, 1.732050808E-02, 2.733333333E-01, 2.000000000E-02, 5.356330787E+02
      2010,-7.653668647E-03, 1.847759065E-02, 2.733333333E-01, 2.000000000E-02, 5.356331057E+02
      2011, 7.653668647E-03, 1.847759065E-02, 2.733333333E-01, 2.000000000E-02, 5.356331057E+02
      2012,-5.176380902E-03, 1.931851653E-02, 2.733333333E-01, 2.000000000E-02, 5.356331294E+02
      2013, 5.176380902E-03, 1.931851653E-02, 2.733333333E-01, 2.000000000E-02, 5.356331294E+02
      2014,-2.610523844E-03, 1.982889723E-02, 2.733333333E-01, 2.000000000E-02, 5.356331446E+02
      2015, 2.610523844E-03, 1.982889723E-02, 2.733333333E-01, 2.000000000E-02, 5.356331446E+02
      2016, 6.123233996E-18, 2.000000000E-02, 2.733333333E-01, 2.000000000E-02, 5.356331497E+02
      2017,-3.673940397E-18,-2.000000000E-02, 2.800000000E-01, 2.000000000E-02, 5.365757297E+02
      2018,-2.610523844E-03,-1.982889723E-02, 2.800000000E-01, 2.000000000E-02, 5.365757234E+02
      2019, 2.610523844E-03,-1.982889723E-02, 2.800000000E-01, 2.000000000E-02, 5.365757234E+02
      2020,-5.176380902E-03,-1.931851653E-02, 2.800000000E-01, 2.000000000E-02, 5.365757051E+02
      2021, 5.176380902E-03,-1.931851653E-02, 2.800000000E-01, 2.000000000E-02, 5.365757051E+02
      2022,-7.653668647E-03,-1.847759065E-02, 2.800000000E-01, 2.000000000E-02, 5.365756772E+02
      2023, 7.653668647E-03,-1.847759065E-02, 2.800000000E-01, 2.000000000E-02, 5.365756772E+02
      2024,-1.000000000E-02,-1.732050808E-02, 2.800000000E-01, 2.000000000E-02, 5.365756458E+02
      2025, 1.000000000E-02,-1.732050808E-02, 2.800000000E-01, 2.000000000E-02, 5.365756458E+02
      2026,-1.217522858E-02,-1.586706681E-02, 2.800000000E-01, 2.000000000E-02, 5.365756206E+02
      2027, 1.217522858E-02,-1.586706681E-02, 2.800000000E-01, 2.000000000E-02, 5.365756206E+02
      2028,-1.414213562E-02,-1.414213562E-02, 2.800000000E-01, 2.000000000E-02, 5.365756108E+02
      2029, 1.414213562E-02,-1.414213562E-02, 2.800000000E-01, 2.000000000E-02, 5.365756108E+02
      2030,-1.586706681E-02,-1.217522858E-02, 2.800000000E-01, 2.000000000E-02, 5.365756206E+02
      2031, 1.586706681E-02,-1.217522858E-02, 2.800000000E-01, 2.000000000E-02, 5.365756206E+02
      2032,-1.732050808E-02,-1.000000000E-02, 2.800000000E-01, 2.000000000E-02, 5.365756458E+02
      2033, 1.732050808E-02,-1.000000000E-02, 2.800000000E-01, 2.000000000E-02, 5.365756458E+02
      2034,-1.847759065E-02,-7.653668647E-03, 2.800000000E-01, 2.000000000E-02, 5.365756772E+02
      2035, 1.847759065E-02,-7.653668647E-03, 2.800000000E-01, 2.000000000E-02, 5.365756772E+02
      2036,-1.931851653E-02,-5.176380902E-03, 2.800000000E-01, 2.000000000E-02, 5.365757051E+02
      2037, 1.931851653E-02,-5.176380902E-03, 2.800000000E-01, 2.000000000E-02, 5.365757051E+02
      2038,-1.982889723E-02,-2.610523844E-03, 2.800000000E-01, 2.000000000E-02, 5.365757234E+02
      2039, 1.982889723E-02,-2.610523844E-03, 2.800000000E-01, 2.000000000E-02, 5.365757234E+02
      2040,-2.000000000E-02, 7.347880795E-18, 2.800000000E-01, 2.000000000E-02, 5.365757297E+02
      2041, 2.000000000E-02,-4.898587197E-18, 2.800000000E-01, 2.000000000E-02, 5.365757297E+02
      2042,-1.982889723E-02, 2.610523844E-03, 2.800000000E-01, 2.000000000E-02, 5.365757234E+02
      2043, 1.982889723E-02, 2.610523844E-03, 2.800000000E-01, 2.000000000E-02, 5.365757234E+02
      2044,-1.931851653E-02, 5.176380902E-03, 2.800000000E-01, 2.000000000E-02, 5.365757051E+02
      2045, 1.931851653E-02, 5.176380902E-03, 2.800000000E-01, 2.000000000E-02, 5.365757051E+02
      2046,-1.847759065E-02, 7.653668647E-03, 2.800000000E-01, 2.000000000E-02, 5.365756772E+02
      2047, 1.847759065E-02, 7.653668647E-03, 2.800000000E-01, 2.000000000E-02, 5.365756772E+02
      2048,-1.732050808E-02, 1.000000000E-02, 2.800000000E-01, 2.000000000E-02, 5.365756458E+02
      2049, 1.732050808E-02, 1.000000000E-02, 2.800000000E-01, 2.000000000E-02, 5.365756458E+02
      2050,-1.586706681E-02, 1.217522858E-02, 2.800000000E-01, 2.000000000E-02, 5.365756206E+02
      2051, 1.586706681E-02, 1.217522858E-02, 2.800000000E-01, 2.000000000E-02, 5.365756206E+02
      2052,-1.414213562E-02, 1.414213562E-02, 2.800000000E-01, 2.000000000E-02, 5.365756108E+02
      2053, 1.414213562E-02, 1.414213562E-02, 2.800000000E-01, 2.000000000E-02, 5.365756108E+02
      2054,-1.217522858E-02, 1.586706681E-02, 2.800000000E-01, 2.000000000E-02, 5.365756206E+02
      2055, 1.217522858E-02, 1.586706681E-02, 2.800000000E-01, 2.000000000E-02, 5.365756206E+02
      2056,-1.000000000E-02, 1.732050808E-02, 2.800000000E-01, 2.000000000E-02, 5.365756458E+02
      2057, 1.000000000E-02, 1.732050808E-02, 2.800000000E-01, 2.000000000E-02, 5.365756458E+02
      2058,-7.653668647E-03, 1.847759065E-02, 2.800000000E-01, 2.000000000E-02, 5.365756772E+02
      2059, 7.653668647E-03, 1.847759065E-02, 2.800000000E-01, 2.000000000E-02, 5.365756772E+02
      2060,-5.176380902E-03, 1.931851653E-02, 2.800000000E-01, 2.000000000E-02, 5.365757051E+02
      2061, 5.176380902E-03, 1.931851653E-02, 2.800000000E-01, 2.000000000E-02, 5.365757051E+02
      2062,-2.610523844E-03, 1.982889723E-02, 2.800000000E-01, 2.000000000E-02, 5.365757234E+02
      2063, 2.610523844E-03, 1.982889723E-02, 2.800000000E-01, 2.000000000E-02, 5.365757234E+02
      2064, 6.123233996E-18, 2.000000000E-02, 2.800000000E-01, 2.000000000E-02, 5.365757297E+02
      2065,-3.673940397E-18,-2.000000000E-02, 2.866666667E-01, 2.000000000E-02, 5.374922994E+02
      2066,-2.610523844E-03,-1.982889723E-02, 2.866666667E-01, 2.000000000E-02, 5.374922922E+02
      2067, 2.610523844E-03,-1.982889723E-02, 2.866666667E-01, 2.000000000E-02, 5.374922922E+02
      2068,-5.176380902E-03,-1.931851653E-02, 2.866666667E-01, 2.000000000E-02, 5.374922712E+02
      2069, 5.176380902E-03,-1.931851653E-02, 2.866666667E-01, 2.000000000E-02, 5.374922712E+02
      2070,-7.653668647E-03,-1.847759065E-02, 2.866666667E-01, 2.000000000E-02, 5.374922398E+02
      2071, 7.653668647E-03,-1.847759065E-02, 2.866666667E-01, 2.000000000E-02, 5.374922398E+02
      2072,-1.000000000E-02,-1.732050808E-02, 2.866666667E-01, 2.000000000E-02, 5.374922049E+02
      2073, 1.000000000E-02,-1.732050808E-02, 2.866666667E-01, 2.000000000E-02, 5.374922049E+02
      2074,-1.217522858E-02,-1.586706681E-02, 2.866666667E-01, 2.000000000E-02, 5.374921770E+02
      2075, 1.217522858E-02,-1.586706681E-02, 2.866666667E-01, 2.000000000E-02, 5.374921770E+02
      2076,-1.414213562E-02,-1.414213562E-02, 2.866666667E-01, 2.000000000E-02, 5.374921663E+02
      2077, 1.414213562E-02,-1.414213562E-02, 2.866666667E-01, 2.000000000E-02, 5.374921663E+02
      2078,-1.586706681E-02,-1.217522858E-02, 2.866666667E-01, 2.000000000E-02, 5.374921770E+02
      2079, 1.586706681E-02,-1.217522858E-02, 2.866666667E-01, 2.000000000E-02, 5.374921770E+02
      2080,-1.732050808E-02,-1.000000000E-02, 2.866666667E-01, 2.000000000E-02, 5.374922049E+02
      2081, 1.732050808E-02,-1.000000000E-02, 2.866666667E-01, 2.000000000E-02, 5.374922049E+02
      2082,-1.847759065E-02,-7.653668647E-03, 2.866666667E-01, 2.000000000E-02, 5.374922398E+02
      2083, 1.847759065E-02,-7.653668647E-03, 2.866666667E-01, 2.000000000E-02, 5.374922398E+02
      2084,-1.931851653E-02,-5.176380902E-03, 2.866666667E-01, 2.000000000E-02, 5.374922712E+02
      2085, 1.931851653E-02,-5.176380902E-03, 2.866666667E-01, 2.000000000E-02, 5.374922712E+02
      2086,-1.982889723E-02,-2.610523844E-03, 2.866666667E-01, 2.000000000E-02, 5.374922922E+02
      2087, 1.982889723E-02,-2.610523844E-03, 2.866666667E-01, 2.000000000E-02, 5.374922922E+02
      2088,-2.000000000E-02, 7.347880795E-18, 2.866666667E-01, 2.000000000E-02, 5.374922994E+02
      2089, 2.000000000E-02,-4.898587197E-18, 2.866666667E-01, 2.000000000E-02, 5.374922994E+02
      2090,-1.982889723E-02, 2.610523844E-03, 2.866666667E-01, 2.000000000E-02, 5.374922922E+02
      2091, 1.982889723E-02, 2.610523844E-03, 2.866666667E-01, 2.000000000E-02, 5.374922922E+02
      2092,-1.931851653E-02, 5.176380902E-03, 2.866666667E-01, 2.000000000E-02, 5.374922712E+02
      2093, 1.931851653E-02, 5.176380902E-03, 2.866666667E-01, 2.000000000E-02, 5.374922712E+02
      2094,-1.847759065E-02, 7.653668647E-03, 2.866666667E-01, 2.000000000E-02, 5.374922398E+02
      2095, 1.847759065E-02, 7.653668647E-03, 2.866666667E-01, 2.000000000E-02, 5.374922398E+02
      2096,-1.732050808E-02, 1.000000000E-02, 2.866666667E-01, 2.000000000E-02, 5.374922049E+02
      2097, 1.732050808E-02, 1.000000000E-02, 2.866666667E-01, 2.000000000E-02, 5.374922049E+02
      2098,-1.586706681E-02, 1.217522858E-02, 2.866666667E-01, 2.000000000E-02, 5.374921770E+02
      2099, 1.586706681E-02, 1.217522858E-02, 2.866666667E-01, 2.000000000E-02, 5.374921770E+02
      2100,-1.414213562E-02, 1.414213562E-02, 2.866666667E-01, 2.000000000E-02, 5.374921663E+02
      2101, 1.414213562E-02, 1.414213562E-02, 2.866666667E-01, 2.000000000E-02, 5.374921663E+02
      2102,-1.217522858E-02, 1.586706681E-02, 2.866666667E-01, 2.000000000E-02, 5.374921770E+02
      2103, 1.217522858E-02, 1.586706681E-02, 2.866666667E-01, 2.000000000E-02, 5.374921770E+02
      2104,-1.000000000E-02, 1.732050808E-02, 2.866666667E-01, 2.000000000E-02, 5.374922049E+02
      2105, 1.000000000E-02, 1.732050808E-02, 2.866666667E-01, 2.000000000E-02, 5.374922049E+02
      2106,-7.653668647E-03, 1.847759065E-02, 2.866666667E-01, 2.000000000E-02, 5.374922398E+02
      2107, 7.653668647E-03, 1.847759065E-02, 2.866666667E-01, 2.000000000E-02, 5.374922398E+02
      2108,-5.176380902E-03, 1.931851653E-02, 2.866666667E-01, 2.000000000E-02, 5.374922712E+02
      2109, 5.176380902E-03, 1.931851653E-02, 2.866666667E-01, 2.000000000E-02, 5.374922712E+02
      2110,-2.610523844E-03, 1.982889723E-02, 2.866666667E-01, 2.000000000E-02, 5.374922922E+02
      2111, 2.610523844E-03, 1.982889723E-02, 2.866666667E-01, 2.000000000E-02, 5.374922922E+02
      2112, 6.123233996E-18, 2.000000000E-02, 2.866666667E-01, 2.000000000E-02, 5.374922994E+02
      2113,-3.673940397E-18,-2.000000000E-02, 2.933333333E-01, 2.000000000E-02, 5.383841806E+02
      2114,-2.610523844E-03,-1.982889723E-02, 2.933333333E-01, 2.000000000E-02, 5.383841726E+02
      2115, 2.610523844E-03,-1.982889723E-02, 2.933333333E-01, 2.000000000E-02, 5.383841726E+02
      2116,-5.176380902E-03,-1.931851653E-02, 2.933333333E-01, 2.000000000E-02, 5.383841498E+02
      2117, 5.176380902E-03,-1.931851653E-02, 2.933333333E-01, 2.000000000E-02, 5.383841498E+02
      2118,-7.653668647E-03,-1.847759065E-02, 2.933333333E-01, 2.000000000E-02, 5.383841158E+02
      2119, 7.653668647E-03,-1.847759065E-02, 2.933333333E-01, 2.000000000E-02, 5.383841158E+02
      2120,-1.000000000E-02,-1.732050808E-02, 2.933333333E-01, 2.000000000E-02, 5.383840783E+02
      2121, 1.000000000E-02,-1.732050808E-02, 2.933333333E-01, 2.000000000E-02, 5.383840783E+02
      2122,-1.217522858E-02,-1.586706681E-02, 2.933333333E-01, 2.000000000E-02, 5.383840485E+02
      2123, 1.217522858E-02,-1.586706681E-02, 2.933333333E-01, 2.000000000E-02, 5.383840485E+02
      2124,-1.414213562E-02,-1.414213562E-02, 2.933333333E-01, 2.000000000E-02, 5.383840371E+02
      2125, 1.414213562E-02,-1.414213562E-02, 2.933333333E-01, 2.000000000E-02, 5.383840371E+02
      2126,-1.586706681E-02,-1.217522858E-02, 2.933333333E-01, 2.000000000E-02, 5.383840485E+02
      2127, 1.586706681E-02,-1.217522858E-02, 2.933333333E-01, 2.000000000E-02, 5.383840485E+02
      2128,-1.732050808E-02,-1.000000000E-02, 2.933333333E-01, 2.000000000E-02, 5.383840783E+02
      2129, 1.732050808E-02,-1.000000000E-02, 2.933333333E-01, 2.000000000E-02, 5.383840783E+02
      2130,-1.847759065E-02,-7.653668647E-03, 2.933333333E-01, 2.000000000E-02, 5.383841158E+02
      2131, 1.847759065E-02,-7.653668647E-03, 2.933333333E-01, 2.000000000E-02, 5.383841158E+02
      2132,-1.931851653E-02,-5.176380902E-03, 2.933333333E-01, 2.000000000E-02, 5.383841498E+02
      2133, 1.931851653E-02,-5.176380902E-03, 2.933333333E-01, 2.000000000E-02, 5.383841498E+02
      2134,-1.982889723E-02,-2.610523844E-03, 2.933333333E-01, 2.000000000E-02, 5.383841726E+02
      2135, 1.982889723E-02,-2.610523844E-03, 2.933333333E-01, 2.000000000E-02, 5.383841726E+02
      2136,-2.000000000E-02, 7.347880795E-18, 2.933333333E-01, 2.000000000E-02, 5.383841806E+02
      2137, 2.000000000E-02,-4.898587197E-18, 2.933333333E-01, 2.000000000E-02, 5.383841806E+02
      2138,-1.982889723E-02, 2.610523844E-03, 2.933333333E-01, 2.000000000E-02, 5.383841726E+02
      2139, 1.982889723E-02, 2.610523844E-03, 2.933333333E-01, 2.000000000E-02, 5.383841726E+02
      2140,-1.931851653E-02, 5.176380902E-03, 2.933333333E-01, 2.000000000E-02, 5.383841498E+02
      2141, 1.931851653E-02, 5.176380902E-03, 2.933333333E-01, 2.000000000E-02, 5.383841498E+02
      2142,-1.847759065E-02, 7.653668647E-03, 2.933333333E-01, 2.000000000E-02, 5.383841158E+02
      2143, 1.847759065E-02, 7.653668647E-03, 2.933333333E-01, 2.000000000E-02, 5.383841158E+02
      2144,-1.732050808E-02, 1.000000000E-02, 2.933333333E-01, 2.000000000E-02, 5.383840783E+02
      2145, 1.732050808E-02, 1.000000000E-02, 2.933333333E-01, 2.000000000E-02, 5.383840783E+02
      2146,-1.586706681E-02, 1.217522858E-02, 2.933333333E-01, 2.000000000E-02, 5.383840485E+02
      2147, 1.586706681E-02, 1.217522858E-02, 2.933333333E-01, 2.000000000E-02, 5.383840485E+02
      2148,-1.414213562E-02, 1.414213562E-02, 2.933333333E-01, 2.000000000E-02, 5.383840371E+02
      2149, 1.414213562E-02, 1.414213562E-02, 2.933333333E-01, 2.000000000E-02, 5.383840371E+02
      2150,-1.217522858E-02, 1.586706681E-02, 2.933333333E-01, 2.000000000E-02, 5.383840485E+02
      2151, 1.217522858E-02, 1.586706681E-02, 2.933333333E-01, 2.000000000E-02, 5.383840485E+02
      2152,-1.000000000E-02, 1.732050808E-02, 2.933333333E-01, 2.000000000E-02, 5.383840783E+02
      2153, 1.000000000E-02, 1.732050808E-02, 2.933333333E-01, 2.000000000E-02, 5.383840783E+02
      2154,-7.653668647E-03, 1.847759065E-02, 2.933333333E-01, 2.000000000E-02, 5.383841158E+02
      2155, 7.653668647E-03, 1.847759065E-02, 2.933333333E-01, 2.000000000E-02, 5.383841158E+02
      2156,-5.176380902E-03, 1.931851653E-02, 2.933333333E-01, 2.000000000E-02, 5.383841498E+02
      2157, 5.176380902E-03, 1.931851653E-02, 2.933333333E-01, 2.000000000E-02, 5.383841498E+02
      2158,-2.610523844E-03, 1.982889723E-02, 2.933333333E-01, 2.000000000E-02, 5.383841726E+02
      2159, 2.610523844E-03, 1.982889723E-02, 2.933333333E-01, 2.000000000E-02, 5.383841726E+02
      2160, 6.123233996E-18, 2.000000000E-02, 2.933333333E-01, 2.000000000E-02, 5.383841806E+02
      2161,-3.673940397E-18,-2.000000000E-02, 3.000000000E-01, 2.000000000E-02, 5.392526205E+02
      2162,-2.610523844E-03,-1.982889723E-02, 3.000000000E-01, 2.000000000E-02, 5.392526122E+02
      2163, 2.610523844E-03,-1.982889723E-02, 3.000000000E-01, 2.000000000E-02, 5.392526122E+02
      2164,-5.176380902E-03,-1.931851653E-02, 3.000000000E-01, 2.000000000E-02, 5.392525882E+02
      2165, 5.176380902E-03,-1.931851653E-02, 3.000000000E-01, 2.000000000E-02, 5.392525882E+02
      2166,-7.653668647E-03,-1.847759065E-02, 3.000000000E-01, 2.000000000E-02, 5.392525527E+02
      2167, 7.653668647E-03,-1.847759065E-02, 3.000000000E-01, 2.000000000E-02, 5.392525527E+02
      2168,-1.000000000E-02,-1.732050808E-02, 3.000000000E-01, 2.000000000E-02, 5.392525137E+02
      2169, 1.000000000E-02,-1.732050808E-02, 3.000000000E-01, 2.000000000E-02, 5.392525137E+02
      2170,-1.217522858E-02,-1.586706681E-02, 3.000000000E-01, 2.000000000E-02, 5.392524829E+02
      2171, 1.217522858E-02,-1.586706681E-02, 3.000000000E-01, 2.000000000E-02, 5.392524829E+02
      2172,-1.414213562E-02,-1.414213562E-02, 3.000000000E-01, 2.000000000E-02, 5.392524712E+02
      2173, 1.414213562E-02,-1.414213562E-02, 3.000000000E-01, 2.000000000E-02, 5.392524712E+02
      2174,-1.586706681E-02,-1.217522858E-02, 3.000000000E-01, 2.000000000E-02, 5.392524829E+02
      2175, 1.586706681E-02,-1.217522858E-02, 3.000000000E-01, 2.000000000E-02, 5.392524829E+02
      2176,-1.732050808E-02,-1.000000000E-02, 3.000000000E-01, 2.000000000E-02, 5.392525137E+02
      2177, 1.732050808E-02,-1.000000000E-02, 3.000000000E-01, 2.000000000E-02, 5.392525137E+02
      2178,-1.847759065E-02,-7.653668647E-03, 3.000000000E-01, 2.000000000E-02, 5.392525527E+02
      2179, 1.847759065E-02,-7.653668647E-03, 3.000000000E-01, 2.000000000E-02, 5.392525527E+02
      2180,-1.931851653E-02,-5.176380902E-03, 3.000000000E-01, 2.000000000E-02, 5.392525882E+02
      2181, 1.931851653E-02,-5.176380902E-03, 3.000000000E-01, 2.000000000E-02, 5.392525882E+02
      2182,-1.982889723E-02,-2.610523844E-03, 3.000000000E-01, 2.000000000E-02, 5.392526122E+02
      2183, 1.982889723E-02,-2.610523844E-03, 3.000000000E-01, 2.000000000E-02, 5.392526122E+02
      2184,-2.000000000E-02, 7.347880795E-18, 3.000000000E-01, 2.000000000E-02, 5.392526205E+02
      2185, 2.000000000E-02,-4.898587197E-18, 3.000000000E-01, 2.000000000E-02, 5.392526205E+02
      2186,-1.982889723E-02, 2.610523844E-03, 3.000000000E-01, 2.000000000E-02, 5.392526122E+02
      2187, 1.982889723E-02, 2.610523844E-03, 3.000000000E-01, 2.000000000E-02, 5.392526122E+02
      2188,-1.931851653E-02, 5.176380902E-03, 3.000000000E-01, 2.000000000E-02, 5.392525882E+02
      2189, 1.931851653E-02, 5.176380902E-03, 3.000000000E-01, 2.000000000E-02, 5.392525882E+02
      2190,-1.847759065E-02, 7.653668647E-03, 3.000000000E-01, 2.000000000E-02, 5.392525527E+02
      2191, 1.847759065E-02, 7.653668647E-03, 3.000000000E-01, 2.000000000E-02, 5.392525527E+02
      2192,-1.732050808E-02, 1.000000000E-02, 3.000000000E-01, 2.000000000E-02, 5.392525137E+02
      2193, 1.732050808E-02, 1.000000000E-02, 3.000000000E-01, 2.000000000E-02, 5.392525137E+02
      2194,-1.586706681E-02, 1.217522858E-02, 3.000000000E-01, 2.000000000E-02, 5.392524829E+02
      2195, 1.586706681E-02, 1.217522858E-02, 3.000000000E-01, 2.000000000E-02, 5.392524829E+02
      2196,-1.414213562E-02, 1.414213562E-02, 3.000000000E-01, 2.000000000E-02, 5.392524712E+02
      2197, 1.414213562E-02, 1.414213562E-02, 3.000000000E-01, 2.000000000E-02, 5.392524712E+02
      2198,-1.217522858E-02, 1.586706681E-02, 3.000000000E-01, 2.000000000E-02, 5.392524829E+02
      2199, 1.217522858E-02, 1.586706681E-02, 3.000000000E-01, 2.000000000E-02, 5.392524829E+02
      2200,-1.000000000E-02, 1.732050808E-02, 3.000000000E-01, 2.000000000E-02, 5.392525137E+02
      2201, 1.000000000E-02, 1.732050808E-02, 3.000000000E-01, 2.000000000E-02, 5.392525137E+02
      2202,-7.653668647E-03, 1.847759065E-02, 3.000000000E-01, 2.000000000E-02, 5.392525527E+02
      2203, 7.653668647E-03, 1.847759065E-02, 3.000000000E-01, 2.000000000E-02, 5.392525527E+02
      2204,-5.176380902E-03, 1.931851653E-02, 3.000000000E-01, 2.000000000E-02, 5.392525882E+02
      2205, 5.176380902E-03, 1.931851653E-02, 3.000000000E-01, 2.000000000E-02, 5.392525882E+02
      2206,-2.610523844E-03, 1.982889723E-02, 3.000000000E-01, 2.000000000E-02, 5.392526122E+02
      2207, 2.610523844E-03, 1.982889723E-02, 3.000000000E-01, 2.000000000E-02, 5.392526122E+02
      2208, 6.123233996E-18, 2.000000000E-02, 3.000000000E-01, 2.000000000E-02, 5.392526205E+02
      2209,-3.673940397E-18,-2.000000000E-02, 3.066666667E-01, 2.000000000E-02, 5.400987954E+02
      2210,-2.610523844E-03,-1.982889723E-02, 3.066666667E-01, 2.000000000E-02, 5.400987870E+02
      2211, 2.610523844E-03,-1.982889723E-02, 3.066666667E-01, 2.000000000E-02, 5.400987870E+02
      2212,-5.176380902E-03,-1.931851653E-02, 3.066666667E-01, 2.000000000E-02, 5.400987630E+02
      2213, 5.176380902E-03,-1.931851653E-02, 3.066666667E-01, 2.000000000E-02, 5.400987630E+02
      2214,-7.653668647E-03,-1.847759065E-02, 3.066666667E-01, 2.000000000E-02, 5.400987273E+02
      2215, 7.653668647E-03,-1.847759065E-02, 3.066666667E-01, 2.000000000E-02, 5.400987273E+02
      2216,-1.000000000E-02,-1.732050808E-02, 3.066666667E-01, 2.000000000E-02, 5.400986882E+02
      2217, 1.000000000E-02,-1.732050808E-02, 3.066666667E-01, 2.000000000E-02, 5.400986882E+02
      2218,-1.217522858E-02,-1.586706681E-02, 3.066666667E-01, 2.000000000E-02, 5.400986573E+02
      2219, 1.217522858E-02,-1.586706681E-02, 3.066666667E-01, 2.000000000E-02, 5.400986573E+02
      2220,-1.414213562E-02,-1.414213562E-02, 3.066666667E-01, 2.000000000E-02, 5.400986455E+02
      2221, 1.414213562E-02,-1.414213562E-02, 3.066666667E-01, 2.000000000E-02, 5.400986455E+02
      2222,-1.586706681E-02,-1.217522858E-02, 3.066666667E-01, 2.000000000E-02, 5.400986573E+02
      2223, 1.586706681E-02,-1.217522858E-02, 3.066666667E-01, 2.000000000E-02, 5.400986573E+02
      2224,-1.732050808E-02,-1.000000000E-02, 3.066666667E-01, 2.000000000E-02, 5.400986882E+02
      2225, 1.732050808E-02,-1.000000000E-02, 3.066666667E-01, 2.000000000E-02, 5.400986882E+02
      2226,-1.847759065E-02,-7.653668647E-03, 3.066666667E-01, 2.000000000E-02, 5.400987273E+02
      2227, 1.847759065E-02,-7.653668647E-03, 3.066666667E-01, 2.000000000E-02, 5.400987273E+02
      2228,-1.931851653E-02,-5.176380902E-03, 3.066666667E-01, 2.000000000E-02, 5.400987630E+02
      2229, 1.931851653E-02,-5.176380902E-03, 3.066666667E-01, 2.000000000E-02, 5.400987630E+02
      2230,-1.982889723E-02,-2.610523844E-03, 3.066666667E-01, 2.000000000E-02, 5.400987870E+02
      2231, 1.982889723E-02,-2.610523844E-03, 3.066666667E-01, 2.000000000E-02, 5.400987870E+02
      2232,-2.000000000E-02, 7.347880795E-18, 3.066666667E-01, 2.000000000E-02, 5.400987954E+02
      2233, 2.000000000E-02,-4.898587197E-18, 3.066666667E-01, 2.000000000E-02, 5.400987954E+02
      2234,-1.982889723E-02, 2.610523844E-03, 3.066666667E-01, 2.000000000E-02, 5.400987870E+02
      2235, 1.982889723E-02, 2.610523844E-03, 3.066666667E-01, 2.000000000E-02, 5.400987870E+02
      2236,-1.931851653E-02, 5.176380902E-03, 3.066666667E-01, 2.000000000E-02, 5.400987630E+02
      2237, 1.931851653E-02, 5.176380902E-03, 3.066666667E-01, 2.000000000E-02, 5.400987630E+02
      2238,-1.847759065E-02, 7.653668647E-03, 3.066666667E-01, 2.000000000E-02, 5.400987273E+02
      2239, 1.847759065E-02, 7.653668647E-03, 3.066666667E-01, 2.000000000E-02, 5.400987273E+02
      2240,-1.732050808E-02, 1.000000000E-02, 3.066666667E-01, 2.000000000E-02, 5.400986882E+02
      2241, 1.732050808E-02, 1.000000000E-02, 3.066666667E-01, 2.000000000E-02, 5.400986882E+02
      2242,-1.586706681E-02, 1.217522858E-02, 3.066666667E-01, 2.000000000E-02, 5.400986573E+02
      2243, 1.586706681E-02, 1.217522858E-02, 3.066666667E-01, 2.000000000E-02, 5.400986573E+02
      2244,-1.414213562E-02, 1.414213562E-02, 3.066666667E-01, 2.000000000E-02, 5.400986455E+02
      2245, 1.414213562E-02, 1.414213562E-02, 3.066666667E-01, 2.000000000E-02, 5.400986455E+02
      2246,-1.217522858E-02, 1.586706681E-02, 3.066666667E-01, 2.000000000E-02, 5.400986573E+02
      2247, 1.217522858E-02, 1.586706681E-02, 3.066666667E-01, 2.000000000E-02, 5.400986573E+02
      2248,-1.000000000E-02, 1.732050808E-02, 3.066666667E-01, 2.000000000E-02, 5.400986882E+02
      2249, 1.000000000E-02, 1.732050808E-02, 3.066666667E-01, 2.000000000E-02, 5.400986882E+02
      2250,-7.653668647E-03, 1.847759065E-02, 3.066666667E-01, 2.000000000E-02, 5.400987273E+02
      2251, 7.653668647E-03, 1.847759065E-02, 3.066666667E-01, 2.000000000E-02, 5.400987273E+02
      2252,-5.176380902E-03, 1.931851653E-02, 3.066666667E-01, 2.000000000E-02, 5.400987630E+02
      2253, 5.176380902E-03, 1.931851653E-02, 3.066666667E-01, 2.000000000E-02, 5.400987630E+02
      2254,-2.610523844E-03, 1.982889723E-02, 3.066666667E-01, 2.000000000E-02, 5.400987870E+02
      2255, 2.610523844E-03, 1.982889723E-02, 3.066666667E-01, 2.000000000E-02, 5.400987870E+02
      2256, 6.123233996E-18, 2.000000000E-02, 3.066666667E-01, 2.000000000E-02, 5.400987954E+02
      2257,-3.673940397E-18,-2.000000000E-02, 3.133333333E-01, 2.000000000E-02, 5.409238158E+02
      2258,-2.610523844E-03,-1.982889723E-02, 3.133333333E-01, 2.000000000E-02, 5.409238077E+02
      2259, 2.610523844E-03,-1.982889723E-02, 3.133333333E-01, 2.000000000E-02, 5.409238077E+02
      2260,-5.176380902E-03,-1.931851653E-02, 3.133333333E-01, 2.000000000E-02, 5.409237844E+02
      2261, 5.176380902E-03,-1.931851653E-02, 3.133333333E-01, 2.000000000E-02, 5.409237844E+02
      2262,-7.653668647E-03,-1.847759065E-02, 3.133333333E-01, 2.000000000E-02, 5.409237499E+02
      2263, 7.653668647E-03,-1.847759065E-02, 3.133333333E-01, 2.000000000E-02, 5.409237499E+02
      2264,-1.000000000E-02,-1.732050808E-02, 3.133333333E-01, 2.000000000E-02, 5.409237121E+02
      2265, 1.000000000E-02,-1.732050808E-02, 3.133333333E-01, 2.000000000E-02, 5.409237121E+02
      2266,-1.217522858E-02,-1.586706681E-02, 3.133333333E-01, 2.000000000E-02, 5.409236822E+02
      2267, 1.217522858E-02,-1.586706681E-02, 3.133333333E-01, 2.000000000E-02, 5.409236822E+02
      2268,-1.414213562E-02,-1.414213562E-02, 3.133333333E-01, 2.000000000E-02, 5.409236708E+02
      2269, 1.414213562E-02,-1.414213562E-02, 3.133333333E-01, 2.000000000E-02, 5.409236708E+02
      2270,-1.586706681E-02,-1.217522858E-02, 3.133333333E-01, 2.000000000E-02, 5.409236822E+02
      2271, 1.586706681E-02,-1.217522858E-02, 3.133333333E-01, 2.000000000E-02, 5.409236822E+02
      2272,-1.732050808E-02,-1.000000000E-02, 3.133333333E-01, 2.000000000E-02, 5.409237121E+02
      2273, 1.732050808E-02,-1.000000000E-02, 3.133333333E-01, 2.000000000E-02, 5.409237121E+02
      2274,-1.847759065E-02,-7.653668647E-03, 3.133333333E-01, 2.000000000E-02, 5.409237499E+02
      2275, 1.847759065E-02,-7.653668647E-03, 3.133333333E-01, 2.000000000E-02, 5.409237499E+02
      2276,-1.931851653E-02,-5.176380902E-03, 3.133333333E-01, 2.000000000E-02, 5.409237844E+02
      2277, 1.931851653E-02,-5.176380902E-03, 3.133333333E-01, 2.000000000E-02, 5.409237844E+02
      2278,-1.982889723E-02,-2.610523844E-03, 3.133333333E-01, 2.000000000E-02, 5.409238077E+02
      2279, 1.982889723E-02,-2.610523844E-03, 3.133333333E-01, 2.000000000E-02, 5.409238077E+02
      2280,-2.000000000E-02, 7.347880795E-18, 3.133333333E-01, 2.000000000E-02, 5.409238158E+02
      2281, 2.000000000E-02,-4.898587197E-18, 3.133333333E-01, 2.000000000E-02, 5.409238158E+02
      2282,-1.982889723E-02, 2.610523844E-03, 3.133333333E-01, 2.000000000E-02, 5.409238077E+02
      2283, 1.982889723E-02, 2.610523844E-03, 3.133333333E-01, 2.000000000E-02, 5.409238077E+02
      2284,-1.931851653E-02, 5.176380902E-03, 3.133333333E-01, 2.000000000E-02, 5.409237844E+02
      2285, 1.931851653E-02, 5.176380902E-03, 3.133333333E-01, 2.000000000E-02, 5.409237844E+02
      2286,-1.847759065E-02, 7.653668647E-03, 3.133333333E-01, 2.000000000E-02, 5.409237499E+02
      2287, 1.847759065E-02, 7.653668647E-03, 3.133333333E-01, 2.000000000E-02, 5.409237499E+02
      2288,-1.732050808E-02, 1.000000000E-02, 3.133333333E-01, 2.000000000E-02, 5.409237121E+02
      2289, 1.732050808E-02, 1.000000000E-02, 3.133333333E-01, 2.000000000E-02, 5.409237121E+02
      2290,-1.586706681E-02, 1.217522858E-02, 3.133333333E-01, 2.000000000E-02, 5.409236822E+02
      2291, 1.586706681E-02, 1.217522858E-02, 3.133333333E-01, 2.000000000E-02, 5.409236822E+02
      2292,-1.414213562E-02, 1.414213562E-02, 3.133333333E-01, 2.000000000E-02, 5.409236708E+02
      2293, 1.414213562E-02, 1.414213562E-02, 3.133333333E-01, 2.000000000E-02, 5.409236708E+02
      2294,-1.217522858E-02, 1.586706681E-02, 3.133333333E-01, 2.000000000E-02, 5.409236822E+02
      2295, 1.217522858E-02, 1.586706681E-02, 3.133333333E-01, 2.000000000E-02, 5.409236822E+02
      2296,-1.000000000E-02, 1.732050808E-02, 3.133333333E-01, 2.000000000E-02, 5.409237121E+02
      2297, 1.000000000E-02, 1.732050808E-02, 3.133333333E-01, 2.000000000E-02, 5.409237121E+02
      2298,-7.653668647E-03, 1.847759065E-02, 3.133333333E-01, 2.000000000E-02, 5.409237499E+02
      2299, 7.653668647E-03, 1.847759065E-02, 3.133333333E-01, 2.000000000E-02, 5.409237499E+02
      2300,-5.176380902E-03, 1.931851653E-02, 3.133333333E-01, 2.000000000E-02, 5.409237844E+02
      2301, 5.176380902E-03, 1.931851653E-02, 3.133333333E-01, 2.000000000E-02, 5.409237844E+02
      2302,-2.610523844E-03, 1.982889723E-02, 3.133333333E-01, 2.000000000E-02, 5.409238077E+02
      2303, 2.610523844E-03, 1.982889723E-02, 3.133333333E-01, 2.000000000E-02, 5.409238077E+02
      2304, 6.123233996E-18, 2.000000000E-02, 3.133333333E-01, 2.000000000E-02, 5.409238158E+02
      2305,-3.673940397E-18,-2.000000000E-02, 3.200000000E-01, 2.000000000E-02, 5.417287296E+02
      2306,-2.610523844E-03,-1.982889723E-02, 3.200000000E-01, 2.000000000E-02, 5.417287222E+02
      2307, 2.610523844E-03,-1.982889723E-02, 3.200000000E-01, 2.000000000E-02, 5.417287222E+02
      2308,-5.176380902E-03,-1.931851653E-02, 3.200000000E-01, 2.000000000E-02, 5.417287007E+02
      2309, 5.176380902E-03,-1.931851653E-02, 3.200000000E-01, 2.000000000E-02, 5.417287007E+02
      2310,-7.653668647E-03,-1.847759065E-02, 3.200000000E-01, 2.000000000E-02, 5.417286687E+02
      2311, 7.653668647E-03,-1.847759065E-02, 3.200000000E-01, 2.000000000E-02, 5.417286687E+02
      2312,-1.000000000E-02,-1.732050808E-02, 3.200000000E-01, 2.000000000E-02, 5.417286335E+02
      2313, 1.000000000E-02,-1.732050808E-02, 3.200000000E-01, 2.000000000E-02, 5.417286335E+02
      2314,-1.217522858E-02,-1.586706681E-02, 3.200000000E-01, 2.000000000E-02, 5.417286055E+02
      2315, 1.217522858E-02,-1.586706681E-02, 3.200000000E-01, 2.000000000E-02, 5.417286055E+02
      2316,-1.414213562E-02,-1.414213562E-02, 3.200000000E-01, 2.000000000E-02, 5.417285948E+02
      2317, 1.414213562E-02,-1.414213562E-02, 3.200000000E-01, 2.000000000E-02, 5.417285948E+02
      2318,-1.586706681E-02,-1.217522858E-02, 3.200000000E-01, 2.000000000E-02, 5.417286055E+02
      2319, 1.586706681E-02,-1.217522858E-02, 3.200000000E-01, 2.000000000E-02, 5.417286055E+02
      2320,-1.732050808E-02,-1.000000000E-02, 3.200000000E-01, 2.000000000E-02, 5.417286335E+02
      2321, 1.732050808E-02,-1.000000000E-02, 3.200000000E-01, 2.000000000E-02, 5.417286335E+02
      2322,-1.847759065E-02,-7.653668647E-03, 3.200000000E-01, 2.000000000E-02, 5.417286687E+02
      2323, 1.847759065E-02,-7.653668647E-03, 3.200000000E-01, 2.000000000E-02, 5.417286687E+02
      2324,-1.931851653E-02,-5.176380902E-03, 3.200000000E-01, 2.000000000E-02, 5.417287007E+02
      2325, 1.931851653E-02,-5.176380902E-03, 3.200000000E-01, 2.000000000E-02, 5.417287007E+02
      2326,-1.982889723E-02,-2.610523844E-03, 3.200000000E-01, 2.000000000E-02, 5.417287222E+02
      2327, 1.982889723E-02,-2.610523844E-03, 3.200000000E-01, 2.000000000E-02, 5.417287222E+02
      2328,-2.000000000E-02, 7.347880795E-18, 3.200000000E-01, 2.000000000E-02, 5.417287296E+02
      2329, 2.000000000E-02,-4.898587197E-18, 3.200000000E-01, 2.000000000E-02, 5.417287296E+02
      2330,-1.982889723E-02, 2.610523844E-03, 3.200000000E-01, 2.000000000E-02, 5.417287222E+02
      2331, 1.982889723E-02, 2.610523844E-03, 3.200000000E-01, 2.000000000E-02, 5.417287222E+02
      2332,-1.931851653E-02, 5.176380902E-03, 3.200000000E-01, 2.000000000E-02, 5.417287007E+02
      2333, 1.931851653E-02, 5.176380902E-03, 3.200000000E-01, 2.000000000E-02, 5.417287007E+02
      2334,-1.847759065E-02, 7.653668647E-03, 3.200000000E-01, 2.000000000E-02, 5.417286687E+02
      2335, 1.847759065E-02, 7.653668647E-03, 3.200000000E-01, 2.000000000E-02, 5.417286687E+02
      2336,-1.732050808E-02, 1.000000000E-02, 3.200000000E-01, 2.000000000E-02, 5.417286335E+02
      2337, 1.732050808E-02, 1.000000000E-02, 3.200000000E-01, 2.000000000E-02, 5.417286335E+02
      2338,-1.586706681E-02, 1.217522858E-02, 3.200000000E-01, 2.000000000E-02, 5.417286055E+02
      2339, 1.586706681E-02, 1.217522858E-02, 3.200000000E-01, 2.000000000E-02, 5.417286055E+02
      2340,-1.414213562E-02, 1.414213562E-02, 3.200000000E-01, 2.000000000E-02, 5.417285948E+02
      2341, 1.414213562E-02, 1.414213562E-02, 3.200000000E-01, 2.000000000E-02, 5.417285948E+02
      2342,-1.217522858E-02, 1.586706681E-02, 3.200000000E-01, 2.000000000E-02, 5.417286055E+02
      2343, 1.217522858E-02, 1.586706681E-02, 3.200000000E-01, 2.000000000E-02, 5.417286055E+02
      2344,-1.000000000E-02, 1.732050808E-02, 3.200000000E-01, 2.000000000E-02, 5.417286335E+02
      2345, 1.000000000E-02, 1.732050808E-02, 3.200000000E-01, 2.000000000E-02, 5.417286335E+02
      2346,-7.653668647E-03, 1.847759065E-02, 3.200000000E-01, 2.000000000E-02, 5.417286687E+02
      2347, 7.653668647E-03, 1.847759065E-02, 3.200000000E-01, 2.000000000E-02, 5.417286687E+02
      2348,-5.176380902E-03, 1.931851653E-02, 3.200000000E-01, 2.000000000E-02, 5.417287007E+02
      2349, 5.176380902E-03, 1.931851653E-02, 3.200000000E-01, 2.000000000E-02, 5.417287007E+02
      2350,-2.610523844E-03, 1.982889723E-02, 3.200000000E-01, 2.000000000E-02, 5.417287222E+02
      2351, 2.610523844E-03, 1.982889723E-02, 3.200000000E-01, 2.000000000E-02, 5.417287222E+02
      2352, 6.123233996E-18, 2.000000000E-02, 3.200000000E-01, 2.000000000E-02, 5.417287296E+02
      2353,-3.673940397E-18,-2.000000000E-02, 3.266666667E-01, 2.000000000E-02, 5.425145247E+02
      2354,-2.610523844E-03,-1.982889723E-02, 3.266666667E-01, 2.000000000E-02, 5.425145182E+02
      2355, 2.610523844E-03,-1.982889723E-02, 3.266666667E-01, 2.000000000E-02, 5.425145182E+02
      2356,-5.176380902E-03,-1.931851653E-02, 3.266666667E-01, 2.000000000E-02, 5.425144993E+02
      2357, 5.176380902E-03,-1.931851653E-02, 3.266666667E-01, 2.000000000E-02, 5.425144993E+02
      2358,-7.653668647E-03,-1.847759065E-02, 3.266666667E-01, 2.000000000E-02, 5.425144710E+02
      2359, 7.653668647E-03,-1.847759065E-02, 3.266666667E-01, 2.000000000E-02, 5.425144710E+02
      2360,-1.000000000E-02,-1.732050808E-02, 3.266666667E-01, 2.000000000E-02, 5.425144395E+02
      2361, 1.000000000E-02,-1.732050808E-02, 3.266666667E-01, 2.000000000E-02, 5.425144395E+02
      2362,-1.217522858E-02,-1.586706681E-02, 3.266666667E-01, 2.000000000E-02, 5.425144144E+02
      2363, 1.217522858E-02,-1.586706681E-02, 3.266666667E-01, 2.000000000E-02, 5.425144144E+02
      2364,-1.414213562E-02,-1.414213562E-02, 3.266666667E-01, 2.000000000E-02, 5.425144047E+02
      2365, 1.414213562E-02,-1.414213562E-02, 3.266666667E-01, 2.000000000E-02, 5.425144047E+02
      2366,-1.586706681E-02,-1.217522858E-02, 3.266666667E-01, 2.000000000E-02, 5.425144144E+02
      2367, 1.586706681E-02,-1.217522858E-02, 3.266666667E-01, 2.000000000E-02, 5.425144144E+02
      2368,-1.732050808E-02,-1.000000000E-02, 3.266666667E-01, 2.000000000E-02, 5.425144395E+02
      2369, 1.732050808E-02,-1.000000000E-02, 3.266666667E-01, 2.000000000E-02, 5.425144395E+02
      2370,-1.847759065E-02,-7.653668647E-03, 3.266666667E-01, 2.000000000E-02, 5.425144710E+02
      2371, 1.847759065E-02,-7.653668647E-03, 3.266666667E-01, 2.000000000E-02, 5.425144710E+02
      2372,-1.931851653E-02,-5.176380902E-03, 3.266666667E-01, 2.000000000E-02, 5.425144993E+02
      2373, 1.931851653E-02,-5.176380902E-03, 3.266666667E-01, 2.000000000E-02, 5.425144993E+02
      2374,-1.982889723E-02,-2.610523844E-03, 3.266666667E-01, 2.000000000E-02, 5.425145182E+02
      2375, 1.982889723E-02,-2.610523844E-03, 3.266666667E-01, 2.000000000E-02, 5.425145182E+02
      2376,-2.000000000E-02, 7.347880795E-18, 3.266666667E-01, 2.000000000E-02, 5.425145247E+02
      2377, 2.000000000E-02,-4.898587197E-18, 3.266666667E-01, 2.000000000E-02, 5.425145247E+02
      2378,-1.982889723E-02, 2.610523844E-03, 3.266666667E-01, 2.000000000E-02, 5.425145182E+02
      2379, 1.982889723E-02, 2.610523844E-03, 3.266666667E-01, 2.000000000E-02, 5.425145182E+02
      2380,-1.931851653E-02, 5.176380902E-03, 3.266666667E-01, 2.000000000E-02, 5.425144993E+02
      2381, 1.931851653E-02, 5.176380902E-03, 3.266666667E-01, 2.000000000E-02, 5.425144993E+02
      2382,-1.847759065E-02, 7.653668647E-03, 3.266666667E-01, 2.000000000E-02, 5.425144710E+02
      2383, 1.847759065E-02, 7.653668647E-03, 3.266666667E-01, 2.000000000E-02, 5.425144710E+02
      2384,-1.732050808E-02, 1.000000000E-02, 3.266666667E-01, 2.000000000E-02, 5.425144395E+02
      2385, 1.732050808E-02, 1.000000000E-02, 3.266666667E-01, 2.000000000E-02, 5.425144395E+02
      2386,-1.586706681E-02, 1.217522858E-02, 3.266666667E-01, 2.000000000E-02, 5.425144144E+02
      2387, 1.586706681E-02, 1.217522858E-02, 3.266666667E-01, 2.000000000E-02, 5.425144144E+02
      2388,-1.414213562E-02, 1.414213562E-02, 3.266666667E-01, 2.000000000E-02, 5.425144047E+02
      2389, 1.414213562E-02, 1.414213562E-02, 3.266666667E-01, 2.000000000E-02, 5.425144047E+02
      2390,-1.217522858E-02, 1.586706681E-02, 3.266666667E-01, 2.000000000E-02, 5.425144144E+02
      2391, 1.217522858E-02, 1.586706681E-02, 3.266666667E-01, 2.000000000E-02, 5.425144144E+02
      2392,-1.000000000E-02, 1.732050808E-02, 3.266666667E-01, 2.000000000E-02, 5.425144395E+02
      2393, 1.000000000E-02, 1.732050808E-02, 3.266666667E-01, 2.000000000E-02, 5.425144395E+02
      2394,-7.653668647E-03, 1.847759065E-02, 3.266666667E-01, 2.000000000E-02, 5.425144710E+02
      2395, 7.653668647E-03, 1.847759065E-02, 3.266666667E-01, 2.000000000E-02, 5.425144710E+02
      2396,-5.176380902E-03, 1.931851653E-02, 3.266666667E-01, 2.000000000E-02, 5.425144993E+02
      2397, 5.176380902E-03, 1.931851653E-02, 3.266666667E-01, 2.000000000E-02, 5.425144993E+02
      2398,-2.610523844E-03, 1.982889723E-02, 3.266666667E-01, 2.000000000E-02, 5.425145182E+02
      2399, 2.610523844E-03, 1.982889723E-02, 3.266666667E-01, 2.000000000E-02, 5.425145182E+02
      2400, 6.123233996E-18, 2.000000000E-02, 3.266666667E-01, 2.000000000E-02, 5.425145247E+02
      2401,-3.673940397E-18,-2.000000000E-02, 3.333333333E-01, 2.000000000E-02, 5.432821294E+02
      2402,-2.610523844E-03,-1.982889723E-02, 3.333333333E-01, 2.000000000E-02, 5.432821241E+02
      2403, 2.610523844E-03,-1.982889723E-02, 3.333333333E-01, 2.000000000E-02, 5.432821241E+02
      2404,-5.176380902E-03,-1.931851653E-02, 3.333333333E-01, 2.000000000E-02, 5.432821087E+02
      2405, 5.176380902E-03,-1.931851653E-02, 3.333333333E-01, 2.000000000E-02, 5.432821087E+02
      2406,-7.653668647E-03,-1.847759065E-02, 3.333333333E-01, 2.000000000E-02, 5.432820851E+02
      2407, 7.653668647E-03,-1.847759065E-02, 3.333333333E-01, 2.000000000E-02, 5.432820851E+02
      2408,-1.000000000E-02,-1.732050808E-02, 3.333333333E-01, 2.000000000E-02, 5.432820584E+02
      2409, 1.000000000E-02,-1.732050808E-02, 3.333333333E-01, 2.000000000E-02, 5.432820584E+02
      2410,-1.217522858E-02,-1.586706681E-02, 3.333333333E-01, 2.000000000E-02, 5.432820368E+02
      2411, 1.217522858E-02,-1.586706681E-02, 3.333333333E-01, 2.000000000E-02, 5.432820368E+02
      2412,-1.414213562E-02,-1.414213562E-02, 3.333333333E-01, 2.000000000E-02, 5.432820284E+02
      2413, 1.414213562E-02,-1.414213562E-02, 3.333333333E-01, 2.000000000E-02, 5.432820284E+02
      2414,-1.586706681E-02,-1.217522858E-02, 3.333333333E-01, 2.000000000E-02, 5.432820368E+02
      2415, 1.586706681E-02,-1.217522858E-02, 3.333333333E-01, 2.000000000E-02, 5.432820368E+02
      2416,-1.732050808E-02,-1.000000000E-02, 3.333333333E-01, 2.000000000E-02, 5.432820584E+02
      2417, 1.732050808E-02,-1.000000000E-02, 3.333333333E-01, 2.000000000E-02, 5.432820584E+02
      2418,-1.847759065E-02,-7.653668647E-03, 3.333333333E-01, 2.000000000E-02, 5.432820851E+02
      2419, 1.847759065E-02,-7.653668647E-03, 3.333333333E-01, 2.000000000E-02, 5.432820851E+02
      2420,-1.931851653E-02,-5.176380902E-03, 3.333333333E-01, 2.000000000E-02, 5.432821087E+02
      2421, 1.931851653E-02,-5.176380902E-03, 3.333333333E-01, 2.000000000E-02, 5.432821087E+02
      2422,-1.982889723E-02,-2.610523844E-03, 3.333333333E-01, 2.000000000E-02, 5.432821241E+02
      2423, 1.982889723E-02,-2.610523844E-03, 3.333333333E-01, 2.000000000E-02, 5.432821241E+02
      2424,-2.000000000E-02, 7.347880795E-18, 3.333333333E-01, 2.000000000E-02, 5.432821294E+02
      2425, 2.000000000E-02,-4.898587197E-18, 3.333333333E-01, 2.000000000E-02, 5.432821294E+02
      2426,-1.982889723E-02, 2.610523844E-03, 3.333333333E-01, 2.000000000E-02, 5.432821241E+02
      2427, 1.982889723E-02, 2.610523844E-03, 3.333333333E-01, 2.000000000E-02, 5.432821241E+02
      2428,-1.931851653E-02, 5.176380902E-03, 3.333333333E-01, 2.000000000E-02, 5.432821087E+02
      2429, 1.931851653E-02, 5.176380902E-03, 3.333333333E-01, 2.000000000E-02, 5.432821087E+02
      2430,-1.847759065E-02, 7.653668647E-03, 3.333333333E-01, 2.000000000E-02, 5.432820851E+02
      2431, 1.847759065E-02, 7.653668647E-03, 3.333333333E-01, 2.000000000E-02, 5.432820851E+02
      2432,-1.732050808E-02, 1.000000000E-02, 3.333333333E-01, 2.000000000E-02, 5.432820584E+02
      2433, 1.732050808E-02, 1.000000000E-02, 3.333333333E-01, 2.000000000E-02, 5.432820584E+02
      2434,-1.586706681E-02, 1.217522858E-02, 3.333333333E-01, 2.000000000E-02, 5.432820368E+02
      2435, 1.586706681E-02, 1.217522858E-02, 3.333333333E-01, 2.000000000E-02, 5.432820368E+02
      2436,-1.414213562E-02, 1.414213562E-02, 3.333333333E-01, 2.000000000E-02, 5.432820284E+02
      2437, 1.414213562E-02, 1.414213562E-02, 3.333333333E-01, 2.000000000E-02, 5.432820284E+02
      2438,-1.217522858E-02, 1.586706681E-02, 3.333333333E-01, 2.000000000E-02, 5.432820368E+02
      2439, 1.217522858E-02, 1.586706681E-02, 3.333333333E-01, 2.000000000E-02, 5.432820368E+02
      2440,-1.000000000E-02, 1.732050808E-02, 3.333333333E-01, 2.000000000E-02, 5.432820584E+02
      2441, 1.000000000E-02, 1.732050808E-02, 3.333333333E-01, 2.000000000E-02, 5.432820584E+02
      2442,-7.653668647E-03, 1.847759065E-02, 3.333333333E-01, 2.000000000E-02, 5.432820851E+02
      2443, 7.653668647E-03, 1.847759065E-02, 3.333333333E-01, 2.000000000E-02, 5.432820851E+02
      2444,-5.176380902E-03, 1.931851653E-02, 3.333333333E-01, 2.000000000E-02, 5.432821087E+02
      2445, 5.176380902E-03, 1.931851653E-02, 3.333333333E-01, 2.000000000E-02, 5.432821087E+02
      2446,-2.610523844E-03, 1.982889723E-02, 3.333333333E-01, 2.000000000E-02, 5.432821241E+02
      2447, 2.610523844E-03, 1.982889723E-02, 3.333333333E-01, 2.000000000E-02, 5.432821241E+02
      2448, 6.123233996E-18, 2.000000000E-02, 3.333333333E-01, 2.000000000E-02, 5.432821294E+02
      2449,-3.673940397E-18,-2.000000000E-02, 3.400000000E-01, 2.000000000E-02, 5.440324154E+02
      2450,-2.610523844E-03,-1.982889723E-02, 3.400000000E-01, 2.000000000E-02, 5.440324116E+02
      2451, 2.610523844E-03,-1.982889723E-02, 3.400000000E-01, 2.000000000E-02, 5.440324116E+02
      2452,-5.176380902E-03,-1.931851653E-02, 3.400000000E-01, 2.000000000E-02, 5.440324002E+02
      2453, 5.176380902E-03,-1.931851653E-02, 3.400000000E-01, 2.000000000E-02, 5.440324002E+02
      2454,-7.653668647E-03,-1.847759065E-02, 3.400000000E-01, 2.000000000E-02, 5.440323821E+02
      2455, 7.653668647E-03,-1.847759065E-02, 3.400000000E-01, 2.000000000E-02, 5.440323821E+02
      2456,-1.000000000E-02,-1.732050808E-02, 3.400000000E-01, 2.000000000E-02, 5.440323610E+02
      2457, 1.000000000E-02,-1.732050808E-02, 3.400000000E-01, 2.000000000E-02, 5.440323610E+02
      2458,-1.217522858E-02,-1.586706681E-02, 3.400000000E-01, 2.000000000E-02, 5.440323436E+02
      2459, 1.217522858E-02,-1.586706681E-02, 3.400000000E-01, 2.000000000E-02, 5.440323436E+02
      2460,-1.414213562E-02,-1.414213562E-02, 3.400000000E-01, 2.000000000E-02, 5.440323368E+02
      2461, 1.414213562E-02,-1.414213562E-02, 3.400000000E-01, 2.000000000E-02, 5.440323368E+02
      2462,-1.586706681E-02,-1.217522858E-02, 3.400000000E-01, 2.000000000E-02, 5.440323436E+02
      2463, 1.586706681E-02,-1.217522858E-02, 3.400000000E-01, 2.000000000E-02, 5.440323436E+02
      2464,-1.732050808E-02,-1.000000000E-02, 3.400000000E-01, 2.000000000E-02, 5.440323610E+02
      2465, 1.732050808E-02,-1.000000000E-02, 3.400000000E-01, 2.000000000E-02, 5.440323610E+02
      2466,-1.847759065E-02,-7.653668647E-03, 3.400000000E-01, 2.000000000E-02, 5.440323821E+02
      2467, 1.847759065E-02,-7.653668647E-03, 3.400000000E-01, 2.000000000E-02, 5.440323821E+02
      2468,-1.931851653E-02,-5.176380902E-03, 3.400000000E-01, 2.000000000E-02, 5.440324002E+02
      2469, 1.931851653E-02,-5.176380902E-03, 3.400000000E-01, 2.000000000E-02, 5.440324002E+02
      2470,-1.982889723E-02,-2.610523844E-03, 3.400000000E-01, 2.000000000E-02, 5.440324116E+02
      2471, 1.982889723E-02,-2.610523844E-03, 3.400000000E-01, 2.000000000E-02, 5.440324116E+02
      2472,-2.000000000E-02, 7.347880795E-18, 3.400000000E-01, 2.000000000E-02, 5.440324154E+02
      2473, 2.000000000E-02,-4.898587197E-18, 3.400000000E-01, 2.000000000E-02, 5.440324154E+02
      2474,-1.982889723E-02, 2.610523844E-03, 3.400000000E-01, 2.000000000E-02, 5.440324116E+02
      2475, 1.982889723E-02, 2.610523844E-03, 3.400000000E-01, 2.000000000E-02, 5.440324116E+02
      2476,-1.931851653E-02, 5.176380902E-03, 3.400000000E-01, 2.000000000E-02, 5.440324002E+02
      2477, 1.931851653E-02, 5.176380902E-03, 3.400000000E-01, 2.000000000E-02, 5.440324002E+02
      2478,-1.847759065E-02, 7.653668647E-03, 3.400000000E-01, 2.000000000E-02, 5.440323821E+02
      2479, 1.847759065E-02, 7.653668647E-03, 3.400000000E-01, 2.000000000E-02, 5.440323821E+02
      2480,-1.732050808E-02, 1.000000000E-02, 3.400000000E-01, 2.000000000E-02, 5.440323610E+02
      2481, 1.732050808E-02, 1.000000000E-02, 3.400000000E-01, 2.000000000E-02, 5.440323610E+02
      2482,-1.586706681E-02, 1.217522858E-02, 3.400000000E-01, 2.000000000E-02, 5.440323436E+02
      2483, 1.586706681E-02, 1.217522858E-02, 3.400000000E-01, 2.000000000E-02, 5.440323436E+02
      2484,-1.414213562E-02, 1.414213562E-02, 3.400000000E-01, 2.000000000E-02, 5.440323368E+02
      2485, 1.414213562E-02, 1.414213562E-02, 3.400000000E-01, 2.000000000E-02, 5.440323368E+02
      2486,-1.217522858E-02, 1.586706681E-02, 3.400000000E-01, 2.000000000E-02, 5.440323436E+02
      2487, 1.217522858E-02, 1.586706681E-02, 3.400000000E-01, 2.000000000E-02, 5.440323436E+02
      2488,-1.000000000E-02, 1.732050808E-02, 3.400000000E-01, 2.000000000E-02, 5.440323610E+02
      2489, 1.000000000E-02, 1.732050808E-02, 3.400000000E-01, 2.000000000E-02, 5.440323610E+02
      2490,-7.653668647E-03, 1.847759065E-02, 3.400000000E-01, 2.000000000E-02, 5.440323821E+02
      2491, 7.653668647E-03, 1.847759065E-02, 3.400000000E-01, 2.000000000E-02, 5.440323821E+02
      2492,-5.176380902E-03, 1.931851653E-02, 3.400000000E-01, 2.000000000E-02, 5.440324002E+02
      2493, 5.176380902E-03, 1.931851653E-02, 3.400000000E-01, 2.000000000E-02, 5.440324002E+02
      2494,-2.610523844E-03, 1.982889723E-02, 3.400000000E-01, 2.000000000E-02, 5.440324116E+02
      2495, 2.610523844E-03, 1.982889723E-02, 3.400000000E-01, 2.000000000E-02, 5.440324116E+02
      2496, 6.123233996E-18, 2.000000000E-02, 3.400000000E-01, 2.000000000E-02, 5.440324154E+02
      2497,-3.673940397E-18,-2.000000000E-02, 3.466666667E-01, 2.000000000E-02, 5.447662008E+02
      2498,-2.610523844E-03,-1.982889723E-02, 3.466666667E-01, 2.000000000E-02, 5.447661987E+02
      2499, 2.610523844E-03,-1.982889723E-02, 3.466666667E-01, 2.000000000E-02, 5.447661987E+02
      2500,-5.176380902E-03,-1.931851653E-02, 3.466666667E-01, 2.000000000E-02, 5.447661918E+02
      2501, 5.176380902E-03,-1.931851653E-02, 3.466666667E-01, 2.000000000E-02, 5.447661918E+02
      2502,-7.653668647E-03,-1.847759065E-02, 3.466666667E-01, 2.000000000E-02, 5.447661800E+02
      2503, 7.653668647E-03,-1.847759065E-02, 3.466666667E-01, 2.000000000E-02, 5.447661800E+02
      2504,-1.000000000E-02,-1.732050808E-02, 3.466666667E-01, 2.000000000E-02, 5.447661653E+02
      2505, 1.000000000E-02,-1.732050808E-02, 3.466666667E-01, 2.000000000E-02, 5.447661653E+02
      2506,-1.217522858E-02,-1.586706681E-02, 3.466666667E-01, 2.000000000E-02, 5.447661526E+02
      2507, 1.217522858E-02,-1.586706681E-02, 3.466666667E-01, 2.000000000E-02, 5.447661526E+02
      2508,-1.414213562E-02,-1.414213562E-02, 3.466666667E-01, 2.000000000E-02, 5.447661475E+02
      2509, 1.414213562E-02,-1.414213562E-02, 3.466666667E-01, 2.000000000E-02, 5.447661475E+02
      2510,-1.586706681E-02,-1.217522858E-02, 3.466666667E-01, 2.000000000E-02, 5.447661526E+02
      2511, 1.586706681E-02,-1.217522858E-02, 3.466666667E-01, 2.000000000E-02, 5.447661526E+02
      2512,-1.732050808E-02,-1.000000000E-02, 3.466666667E-01, 2.000000000E-02, 5.447661653E+02
      2513, 1.732050808E-02,-1.000000000E-02, 3.466666667E-01, 2.000000000E-02, 5.447661653E+02
      2514,-1.847759065E-02,-7.653668647E-03, 3.466666667E-01, 2.000000000E-02, 5.447661800E+02
      2515, 1.847759065E-02,-7.653668647E-03, 3.466666667E-01, 2.000000000E-02, 5.447661800E+02
      2516,-1.931851653E-02,-5.176380902E-03, 3.466666667E-01, 2.000000000E-02, 5.447661918E+02
      2517, 1.931851653E-02,-5.176380902E-03, 3.466666667E-01, 2.000000000E-02, 5.447661918E+02
      2518,-1.982889723E-02,-2.610523844E-03, 3.466666667E-01, 2.000000000E-02, 5.447661987E+02
      2519, 1.982889723E-02,-2.610523844E-03, 3.466666667E-01, 2.000000000E-02, 5.447661987E+02
      2520,-2.000000000E-02, 7.347880795E-18, 3.466666667E-01, 2.000000000E-02, 5.447662008E+02
      2521, 2.000000000E-02,-4.898587197E-18, 3.466666667E-01, 2.000000000E-02, 5.447662008E+02
      2522,-1.982889723E-02, 2.610523844E-03, 3.466666667E-01, 2.000000000E-02, 5.447661987E+02
      2523, 1.982889723E-02, 2.610523844E-03, 3.466666667E-01, 2.000000000E-02, 5.447661987E+02
      2524,-1.931851653E-02, 5.176380902E-03, 3.466666667E-01, 2.000000000E-02, 5.447661918E+02
      2525, 1.931851653E-02, 5.176380902E-03, 3.466666667E-01, 2.000000000E-02, 5.447661918E+02
      2526,-1.847759065E-02, 7.653668647E-03, 3.466666667E-01, 2.000000000E-02, 5.447661800E+02
      2527, 1.847759065E-02, 7.653668647E-03, 3.466666667E-01, 2.000000000E-02, 5.447661800E+02
      2528,-1.732050808E-02, 1.000000000E-02, 3.466666667E-01, 2.000000000E-02, 5.447661653E+02
      2529, 1.732050808E-02, 1.000000000E-02, 3.466666667E-01, 2.000000000E-02, 5.447661653E+02
      2530,-1.586706681E-02, 1.217522858E-02, 3.466666667E-01, 2.000000000E-02, 5.447661526E+02
      2531, 1.586706681E-02, 1.217522858E-02, 3.466666667E-01, 2.000000000E-02, 5.447661526E+02
      2532,-1.414213562E-02, 1.414213562E-02, 3.466666667E-01, 2.000000000E-02, 5.447661475E+02
      2533, 1.414213562E-02, 1.414213562E-02, 3.466666667E-01, 2.000000000E-02, 5.447661475E+02
      2534,-1.217522858E-02, 1.586706681E-02, 3.466666667E-01, 2.000000000E-02, 5.447661526E+02
      2535, 1.217522858E-02, 1.586706681E-02, 3.466666667E-01, 2.000000000E-02, 5.447661526E+02
      2536,-1.000000000E-02, 1.732050808E-02, 3.466666667E-01, 2.000000000E-02, 5.447661653E+02
      2537, 1.000000000E-02, 1.732050808E-02, 3.466666667E-01, 2.000000000E-02, 5.447661653E+02
      2538,-7.653668647E-03, 1.847759065E-02, 3.466666667E-01, 2.000000000E-02, 5.447661800E+02
      2539, 7.653668647E-03, 1.847759065E-02, 3.466666667E-01, 2.000000000E-02, 5.447661800E+02
      2540,-5.176380902E-03, 1.931851653E-02, 3.466666667E-01, 2.000000000E-02, 5.447661918E+02
      2541, 5.176380902E-03, 1.931851653E-02, 3.466666667E-01, 2.000000000E-02, 5.447661918E+02
      2542,-2.610523844E-03, 1.982889723E-02, 3.466666667E-01, 2.000000000E-02, 5.447661987E+02
      2543, 2.610523844E-03, 1.982889723E-02, 3.466666667E-01, 2.000000000E-02, 5.447661987E+02
      2544, 6.123233996E-18, 2.000000000E-02, 3.466666667E-01, 2.000000000E-02, 5.447662008E+02
      2545,-3.673940397E-18,-2.000000000E-02, 3.533333333E-01, 2.000000000E-02, 5.454842535E+02
      2546,-2.610523844E-03,-1.982889723E-02, 3.533333333E-01, 2.000000000E-02, 5.454842532E+02
      2547, 2.610523844E-03,-1.982889723E-02, 3.533333333E-01, 2.000000000E-02, 5.454842532E+02
      2548,-5.176380902E-03,-1.931851653E-02, 3.533333333E-01, 2.000000000E-02, 5.454842514E+02
      2549, 5.176380902E-03,-1.931851653E-02, 3.533333333E-01, 2.000000000E-02, 5.454842514E+02
      2550,-7.653668647E-03,-1.847759065E-02, 3.533333333E-01, 2.000000000E-02, 5.454842467E+02
      2551, 7.653668647E-03,-1.847759065E-02, 3.533333333E-01, 2.000000000E-02, 5.454842467E+02
      2552,-1.000000000E-02,-1.732050808E-02, 3.533333333E-01, 2.000000000E-02, 5.454842391E+02
      2553, 1.000000000E-02,-1.732050808E-02, 3.533333333E-01, 2.000000000E-02, 5.454842391E+02
      2554,-1.217522858E-02,-1.586706681E-02, 3.533333333E-01, 2.000000000E-02, 5.454842316E+02
      2555, 1.217522858E-02,-1.586706681E-02, 3.533333333E-01, 2.000000000E-02, 5.454842316E+02
      2556,-1.414213562E-02,-1.414213562E-02, 3.533333333E-01, 2.000000000E-02, 5.454842285E+02
      2557, 1.414213562E-02,-1.414213562E-02, 3.533333333E-01, 2.000000000E-02, 5.454842285E+02
      2558,-1.586706681E-02,-1.217522858E-02, 3.533333333E-01, 2.000000000E-02, 5.454842316E+02
      2559, 1.586706681E-02,-1.217522858E-02, 3.533333333E-01, 2.000000000E-02, 5.454842316E+02
      2560,-1.732050808E-02,-1.000000000E-02, 3.533333333E-01, 2.000000000E-02, 5.454842391E+02
      2561, 1.732050808E-02,-1.000000000E-02, 3.533333333E-01, 2.000000000E-02, 5.454842391E+02
      2562,-1.847759065E-02,-7.653668647E-03, 3.533333333E-01, 2.000000000E-02, 5.454842467E+02
      2563, 1.847759065E-02,-7.653668647E-03, 3.533333333E-01, 2.000000000E-02, 5.454842467E+02
      2564,-1.931851653E-02,-5.176380902E-03, 3.533333333E-01, 2.000000000E-02, 5.454842514E+02
      2565, 1.931851653E-02,-5.176380902E-03, 3.533333333E-01, 2.000000000E-02, 5.454842514E+02
      2566,-1.982889723E-02,-2.610523844E-03, 3.533333333E-01, 2.000000000E-02, 5.454842532E+02
      2567, 1.982889723E-02,-2.610523844E-03, 3.533333333E-01, 2.000000000E-02, 5.454842532E+02
      2568,-2.000000000E-02, 7.347880795E-18, 3.533333333E-01, 2.000000000E-02, 5.454842535E+02
      2569, 2.000000000E-02,-4.898587197E-18, 3.533333333E-01, 2.000000000E-02, 5.454842535E+02
      2570,-1.982889723E-02, 2.610523844E-03, 3.533333333E-01, 2.000000000E-02, 5.454842532E+02
      2571, 1.982889723E-02, 2.610523844E-03, 3.533333333E-01, 2.000000000E-02, 5.454842532E+02
      2572,-1.931851653E-02, 5.176380902E-03, 3.533333333E-01, 2.000000000E-02, 5.454842514E+02
      2573, 1.931851653E-02, 5.176380902E-03, 3.533333333E-01, 2.000000000E-02, 5.454842514E+02
      2574,-1.847759065E-02, 7.653668647E-03, 3.533333333E-01, 2.000000000E-02, 5.454842467E+02
      2575, 1.847759065E-02, 7.653668647E-03, 3.533333333E-01, 2.000000000E-02, 5.454842467E+02
      2576,-1.732050808E-02, 1.000000000E-02, 3.533333333E-01, 2.000000000E-02, 5.454842391E+02
      2577, 1.732050808E-02, 1.000000000E-02, 3.533333333E-01, 2.000000000E-02, 5.454842391E+02
      2578,-1.586706681E-02, 1.217522858E-02, 3.533333333E-01, 2.000000000E-02, 5.454842316E+02
      2579, 1.586706681E-02, 1.217522858E-02, 3.533333333E-01, 2.000000000E-02, 5.454842316E+02
      2580,-1.414213562E-02, 1.414213562E-02, 3.533333333E-01, 2.000000000E-02, 5.454842285E+02
      2581, 1.414213562E-02, 1.414213562E-02, 3.533333333E-01, 2.000000000E-02, 5.454842285E+02
      2582,-1.217522858E-02, 1.586706681E-02, 3.533333333E-01, 2.000000000E-02, 5.454842316E+02
      2583, 1.217522858E-02, 1.586706681E-02, 3.533333333E-01, 2.000000000E-02, 5.454842316E+02
      2584,-1.000000000E-02, 1.732050808E-02, 3.533333333E-01, 2.000000000E-02, 5.454842391E+02
      2585, 1.000000000E-02, 1.732050808E-02, 3.533333333E-01, 2.000000000E-02, 5.454842391E+02
      2586,-7.653668647E-03, 1.847759065E-02, 3.533333333E-01, 2.000000000E-02, 5.454842467E+02
      2587, 7.653668647E-03, 1.847759065E-02, 3.533333333E-01, 2.000000000E-02, 5.454842467E+02
      2588,-5.176380902E-03, 1.931851653E-02, 3.533333333E-01, 2.000000000E-02, 5.454842514E+02
      2589, 5.176380902E-03, 1.931851653E-02, 3.533333333E-01, 2.000000000E-02, 5.454842514E+02
      2590,-2.610523844E-03, 1.982889723E-02, 3.533333333E-01, 2.000000000E-02, 5.454842532E+02
      2591, 2.610523844E-03, 1.982889723E-02, 3.533333333E-01, 2.000000000E-02, 5.454842532E+02
      2592, 6.123233996E-18, 2.000000000E-02, 3.533333333E-01, 2.000000000E-02, 5.454842535E+02
      2593,-3.673940397E-18,-2.000000000E-02, 3.600000000E-01, 2.000000000E-02, 5.461872934E+02
      2594,-2.610523844E-03,-1.982889723E-02, 3.600000000E-01, 2.000000000E-02, 5.461872951E+02
      2595, 2.610523844E-03,-1.982889723E-02, 3.600000000E-01, 2.000000000E-02, 5.461872951E+02
      2596,-5.176380902E-03,-1.931851653E-02, 3.600000000E-01, 2.000000000E-02, 5.461872990E+02
      2597, 5.176380902E-03,-1.931851653E-02, 3.600000000E-01, 2.000000000E-02, 5.461872990E+02
      2598,-7.653668647E-03,-1.847759065E-02, 3.600000000E-01, 2.000000000E-02, 5.461873021E+02
      2599, 7.653668647E-03,-1.847759065E-02, 3.600000000E-01, 2.000000000E-02, 5.461873021E+02
      2600,-1.000000000E-02,-1.732050808E-02, 3.600000000E-01, 2.000000000E-02, 5.461873024E+02
      2601, 1.000000000E-02,-1.732050808E-02, 3.600000000E-01, 2.000000000E-02, 5.461873024E+02
      2602,-1.217522858E-02,-1.586706681E-02, 3.600000000E-01, 2.000000000E-02, 5.461873008E+02
      2603, 1.217522858E-02,-1.586706681E-02, 3.600000000E-01, 2.000000000E-02, 5.461873008E+02
      2604,-1.414213562E-02,-1.414213562E-02, 3.600000000E-01, 2.000000000E-02, 5.461872998E+02
      2605, 1.414213562E-02,-1.414213562E-02, 3.600000000E-01, 2.000000000E-02, 5.461872998E+02
      2606,-1.586706681E-02,-1.217522858E-02, 3.600000000E-01, 2.000000000E-02, 5.461873008E+02
      2607, 1.586706681E-02,-1.217522858E-02, 3.600000000E-01, 2.000000000E-02, 5.461873008E+02
      2608,-1.732050808E-02,-1.000000000E-02, 3.600000000E-01, 2.000000000E-02, 5.461873024E+02
      2609, 1.732050808E-02,-1.000000000E-02, 3.600000000E-01, 2.000000000E-02, 5.461873024E+02
      2610,-1.847759065E-02,-7.653668647E-03, 3.600000000E-01, 2.000000000E-02, 5.461873021E+02
      2611, 1.847759065E-02,-7.653668647E-03, 3.600000000E-01, 2.000000000E-02, 5.461873021E+02
      2612,-1.931851653E-02,-5.176380902E-03, 3.600000000E-01, 2.000000000E-02, 5.461872990E+02
      2613, 1.931851653E-02,-5.176380902E-03, 3.600000000E-01, 2.000000000E-02, 5.461872990E+02
      2614,-1.982889723E-02,-2.610523844E-03, 3.600000000E-01, 2.000000000E-02, 5.461872951E+02
      2615, 1.982889723E-02,-2.610523844E-03, 3.600000000E-01, 2.000000000E-02, 5.461872951E+02
      2616,-2.000000000E-02, 7.347880795E-18, 3.600000000E-01, 2.000000000E-02, 5.461872934E+02
      2617, 2.000000000E-02,-4.898587197E-18, 3.600000000E-01, 2.000000000E-02, 5.461872934E+02
      2618,-1.982889723E-02, 2.610523844E-03, 3.600000000E-01, 2.000000000E-02, 5.461872951E+02
      2619, 1.982889723E-02, 2.610523844E-03, 3.600000000E-01, 2.000000000E-02, 5.461872951E+02
      2620,-1.931851653E-02, 5.176380902E-03, 3.600000000E-01, 2.000000000E-02, 5.461872990E+02
      2621, 1.931851653E-02, 5.176380902E-03, 3.600000000E-01, 2.000000000E-02, 5.461872990E+02
      2622,-1.847759065E-02, 7.653668647E-03, 3.600000000E-01, 2.000000000E-02, 5.461873021E+02
      2623, 1.847759065E-02, 7.653668647E-03, 3.600000000E-01, 2.000000000E-02, 5.461873021E+02
      2624,-1.732050808E-02, 1.000000000E-02, 3.600000000E-01, 2.000000000E-02, 5.461873024E+02
      2625, 1.732050808E-02, 1.000000000E-02, 3.600000000E-01, 2.000000000E-02, 5.461873024E+02
      2626,-1.586706681E-02, 1.217522858E-02, 3.600000000E-01, 2.000000000E-02, 5.461873008E+02
      2627, 1.586706681E-02, 1.217522858E-02, 3.600000000E-01, 2.000000000E-02, 5.461873008E+02
      2628,-1.414213562E-02, 1.414213562E-02, 3.600000000E-01, 2.000000000E-02, 5.461872998E+02
      2629, 1.414213562E-02, 1.414213562E-02, 3.600000000E-01, 2.000000000E-02, 5.461872998E+02
      2630,-1.217522858E-02, 1.586706681E-02, 3.600000000E-01, 2.000000000E-02, 5.461873008E+02
      2631, 1.217522858E-02, 1.586706681E-02, 3.600000000E-01, 2.000000000E-02, 5.461873008E+02
      2632,-1.000000000E-02, 1.732050808E-02, 3.600000000E-01, 2.000000000E-02, 5.461873024E+02
      2633, 1.000000000E-02, 1.732050808E-02, 3.600000000E-01, 2.000000000E-02, 5.461873024E+02
      2634,-7.653668647E-03, 1.847759065E-02, 3.600000000E-01, 2.000000000E-02, 5.461873021E+02
      2635, 7.653668647E-03, 1.847759065E-02, 3.600000000E-01, 2.000000000E-02, 5.461873021E+02
      2636,-5.176380902E-03, 1.931851653E-02, 3.600000000E-01, 2.000000000E-02, 5.461872990E+02
      2637, 5.176380902E-03, 1.931851653E-02, 3.600000000E-01, 2.000000000E-02, 5.461872990E+02
      2638,-2.610523844E-03, 1.982889723E-02, 3.600000000E-01, 2.000000000E-02, 5.461872951E+02
      2639, 2.610523844E-03, 1.982889723E-02, 3.600000000E-01, 2.000000000E-02, 5.461872951E+02
      2640, 6.123233996E-18, 2.000000000E-02, 3.600000000E-01, 2.000000000E-02, 5.461872934E+02
      2641,-3.673940397E-18,-2.000000000E-02, 3.666666667E-01, 2.000000000E-02, 5.468759913E+02
      2642,-2.610523844E-03,-1.982889723E-02, 3.666666667E-01, 2.000000000E-02, 5.468759953E+02
      2643, 2.610523844E-03,-1.982889723E-02, 3.666666667E-01, 2.000000000E-02, 5.468759953E+02
      2644,-5.176380902E-03,-1.931851653E-02, 3.666666667E-01, 2.000000000E-02, 5.468760055E+02
      2645, 5.176380902E-03,-1.931851653E-02, 3.666666667E-01, 2.000000000E-02, 5.468760055E+02
      2646,-7.653668647E-03,-1.847759065E-02, 3.666666667E-01, 2.000000000E-02, 5.468760171E+02
      2647, 7.653668647E-03,-1.847759065E-02, 3.666666667E-01, 2.000000000E-02, 5.468760171E+02
      2648,-1.000000000E-02,-1.732050808E-02, 3.666666667E-01, 2.000000000E-02, 5.468760261E+02
      2649, 1.000000000E-02,-1.732050808E-02, 3.666666667E-01, 2.000000000E-02, 5.468760261E+02
      2650,-1.217522858E-02,-1.586706681E-02, 3.666666667E-01, 2.000000000E-02, 5.468760310E+02
      2651, 1.217522858E-02,-1.586706681E-02, 3.666666667E-01, 2.000000000E-02, 5.468760310E+02
      2652,-1.414213562E-02,-1.414213562E-02, 3.666666667E-01, 2.000000000E-02, 5.468760323E+02
      2653, 1.414213562E-02,-1.414213562E-02, 3.666666667E-01, 2.000000000E-02, 5.468760323E+02
      2654,-1.586706681E-02,-1.217522858E-02, 3.666666667E-01, 2.000000000E-02, 5.468760310E+02
      2655, 1.586706681E-02,-1.217522858E-02, 3.666666667E-01, 2.000000000E-02, 5.468760310E+02
      2656,-1.732050808E-02,-1.000000000E-02, 3.666666667E-01, 2.000000000E-02, 5.468760261E+02
      2657, 1.732050808E-02,-1.000000000E-02, 3.666666667E-01, 2.000000000E-02, 5.468760261E+02
      2658,-1.847759065E-02,-7.653668647E-03, 3.666666667E-01, 2.000000000E-02, 5.468760171E+02
      2659, 1.847759065E-02,-7.653668647E-03, 3.666666667E-01, 2.000000000E-02, 5.468760171E+02
      2660,-1.931851653E-02,-5.176380902E-03, 3.666666667E-01, 2.000000000E-02, 5.468760055E+02
      2661, 1.931851653E-02,-5.176380902E-03, 3.666666667E-01, 2.000000000E-02, 5.468760055E+02
      2662,-1.982889723E-02,-2.610523844E-03, 3.666666667E-01, 2.000000000E-02, 5.468759953E+02
      2663, 1.982889723E-02,-2.610523844E-03, 3.666666667E-01, 2.000000000E-02, 5.468759953E+02
      2664,-2.000000000E-02, 7.347880795E-18, 3.666666667E-01, 2.000000000E-02, 5.468759913E+02
      2665, 2.000000000E-02,-4.898587197E-18, 3.666666667E-01, 2.000000000E-02, 5.468759913E+02
      2666,-1.982889723E-02, 2.610523844E-03, 3.666666667E-01, 2.000000000E-02, 5.468759953E+02
      2667, 1.982889723E-02, 2.610523844E-03, 3.666666667E-01, 2.000000000E-02, 5.468759953E+02
      2668,-1.931851653E-02, 5.176380902E-03, 3.666666667E-01, 2.000000000E-02, 5.468760055E+02
      2669, 1.931851653E-02, 5.176380902E-03, 3.666666667E-01, 2.000000000E-02, 5.468760055E+02
      2670,-1.847759065E-02, 7.653668647E-03, 3.666666667E-01, 2.000000000E-02, 5.468760171E+02
      2671, 1.847759065E-02, 7.653668647E-03, 3.666666667E-01, 2.000000000E-02, 5.468760171E+02
      2672,-1.732050808E-02, 1.000000000E-02, 3.666666667E-01, 2.000000000E-02, 5.468760261E+02
      2673, 1.732050808E-02, 1.000000000E-02, 3.666666667E-01, 2.000000000E-02, 5.468760261E+02
      2674,-1.586706681E-02, 1.217522858E-02, 3.666666667E-01, 2.000000000E-02, 5.468760310E+02
      2675, 1.586706681E-02, 1.217522858E-02, 3.666666667E-01, 2.000000000E-02, 5.468760310E+02
      2676,-1.414213562E-02, 1.414213562E-02, 3.666666667E-01, 2.000000000E-02, 5.468760323E+02
      2677, 1.414213562E-02, 1.414213562E-02, 3.666666667E-01, 2.000000000E-02, 5.468760323E+02
      2678,-1.217522858E-02, 1.586706681E-02, 3.666666667E-01, 2.000000000E-02, 5.468760310E+02
      2679, 1.217522858E-02, 1.586706681E-02, 3.666666667E-01, 2.000000000E-02, 5.468760310E+02
      2680,-1.000000000E-02, 1.732050808E-02, 3.666666667E-01, 2.000000000E-02, 5.468760261E+02
      2681, 1.000000000E-02, 1.732050808E-02, 3.666666667E-01, 2.000000000E-02, 5.468760261E+02
      2682,-7.653668647E-03, 1.847759065E-02, 3.666666667E-01, 2.000000000E-02, 5.468760171E+02
      2683, 7.653668647E-03, 1.847759065E-02, 3.666666667E-01, 2.000000000E-02, 5.468760171E+02
      2684,-5.176380902E-03, 1.931851653E-02, 3.666666667E-01, 2.000000000E-02, 5.468760055E+02
      2685, 5.176380902E-03, 1.931851653E-02, 3.666666667E-01, 2.000000000E-02, 5.468760055E+02
      2686,-2.610523844E-03, 1.982889723E-02, 3.666666667E-01, 2.000000000E-02, 5.468759953E+02
      2687, 2.610523844E-03, 1.982889723E-02, 3.666666667E-01, 2.000000000E-02, 5.468759953E+02
      2688, 6.123233996E-18, 2.000000000E-02, 3.666666667E-01, 2.000000000E-02, 5.468759913E+02
      2689,-3.673940397E-18,-2.000000000E-02, 3.733333333E-01, 2.000000000E-02, 5.475509654E+02
      2690,-2.610523844E-03,-1.982889723E-02, 3.733333333E-01, 2.000000000E-02, 5.475509719E+02
      2691, 2.610523844E-03,-1.982889723E-02, 3.733333333E-01, 2.000000000E-02, 5.475509719E+02
      2692,-5.176380902E-03,-1.931851653E-02, 3.733333333E-01, 2.000000000E-02, 5.475509888E+02
      2693, 5.176380902E-03,-1.931851653E-02, 3.733333333E-01, 2.000000000E-02, 5.475509888E+02
      2694,-7.653668647E-03,-1.847759065E-02, 3.733333333E-01, 2.000000000E-02, 5.475510097E+02
      2695, 7.653668647E-03,-1.847759065E-02, 3.733333333E-01, 2.000000000E-02, 5.475510097E+02
      2696,-1.000000000E-02,-1.732050808E-02, 3.733333333E-01, 2.000000000E-02, 5.475510281E+02
      2697, 1.000000000E-02,-1.732050808E-02, 3.733333333E-01, 2.000000000E-02, 5.475510281E+02
      2698,-1.217522858E-02,-1.586706681E-02, 3.733333333E-01, 2.000000000E-02, 5.475510398E+02
      2699, 1.217522858E-02,-1.586706681E-02, 3.733333333E-01, 2.000000000E-02, 5.475510398E+02
      2700,-1.414213562E-02,-1.414213562E-02, 3.733333333E-01, 2.000000000E-02, 5.475510437E+02
      2701, 1.414213562E-02,-1.414213562E-02, 3.733333333E-01, 2.000000000E-02, 5.475510437E+02
      2702,-1.586706681E-02,-1.217522858E-02, 3.733333333E-01, 2.000000000E-02, 5.475510398E+02
      2703, 1.586706681E-02,-1.217522858E-02, 3.733333333E-01, 2.000000000E-02, 5.475510398E+02
      2704,-1.732050808E-02,-1.000000000E-02, 3.733333333E-01, 2.000000000E-02, 5.475510281E+02
      2705, 1.732050808E-02,-1.000000000E-02, 3.733333333E-01, 2.000000000E-02, 5.475510281E+02
      2706,-1.847759065E-02,-7.653668647E-03, 3.733333333E-01, 2.000000000E-02, 5.475510097E+02
      2707, 1.847759065E-02,-7.653668647E-03, 3.733333333E-01, 2.000000000E-02, 5.475510097E+02
      2708,-1.931851653E-02,-5.176380902E-03, 3.733333333E-01, 2.000000000E-02, 5.475509888E+02
      2709, 1.931851653E-02,-5.176380902E-03, 3.733333333E-01, 2.000000000E-02, 5.475509888E+02
      2710,-1.982889723E-02,-2.610523844E-03, 3.733333333E-01, 2.000000000E-02, 5.475509719E+02
      2711, 1.982889723E-02,-2.610523844E-03, 3.733333333E-01, 2.000000000E-02, 5.475509719E+02
      2712,-2.000000000E-02, 7.347880795E-18, 3.733333333E-01, 2.000000000E-02, 5.475509654E+02
      2713, 2.000000000E-02,-4.898587197E-18, 3.733333333E-01, 2.000000000E-02, 5.475509654E+02
      2714,-1.982889723E-02, 2.610523844E-03, 3.733333333E-01, 2.000000000E-02, 5.475509719E+02
      2715, 1.982889723E-02, 2.610523844E-03, 3.733333333E-01, 2.000000000E-02, 5.475509719E+02
      2716,-1.931851653E-02, 5.176380902E-03, 3.733333333E-01, 2.000000000E-02, 5.475509888E+02
      2717, 1.931851653E-02, 5.176380902E-03, 3.733333333E-01, 2.000000000E-02, 5.475509888E+02
      2718,-1.847759065E-02, 7.653668647E-03, 3.733333333E-01, 2.000000000E-02, 5.475510097E+02
      2719, 1.847759065E-02, 7.653668647E-03, 3.733333333E-01, 2.000000000E-02, 5.475510097E+02
      2720,-1.732050808E-02, 1.000000000E-02, 3.733333333E-01, 2.000000000E-02, 5.475510281E+02
      2721, 1.732050808E-02, 1.000000000E-02, 3.733333333E-01, 2.000000000E-02, 5.475510281E+02
      2722,-1.586706681E-02, 1.217522858E-02, 3.733333333E-01, 2.000000000E-02, 5.475510398E+02
      2723, 1.586706681E-02, 1.217522858E-02, 3.733333333E-01, 2.000000000E-02, 5.475510398E+02
      2724,-1.414213562E-02, 1.414213562E-02, 3.733333333E-01, 2.000000000E-02, 5.475510437E+02
      2725, 1.414213562E-02, 1.414213562E-02, 3.733333333E-01, 2.000000000E-02, 5.475510437E+02
      2726,-1.217522858E-02, 1.586706681E-02, 3.733333333E-01, 2.000000000E-02, 5.475510398E+02
      2727, 1.217522858E-02, 1.586706681E-02, 3.733333333E-01, 2.000000000E-02, 5.475510398E+02
      2728,-1.000000000E-02, 1.732050808E-02, 3.733333333E-01, 2.000000000E-02, 5.475510281E+02
      2729, 1.000000000E-02, 1.732050808E-02, 3.733333333E-01, 2.000000000E-02, 5.475510281E+02
      2730,-7.653668647E-03, 1.847759065E-02, 3.733333333E-01, 2.000000000E-02, 5.475510097E+02
      2731, 7.653668647E-03, 1.847759065E-02, 3.733333333E-01, 2.000000000E-02, 5.475510097E+02
      2732,-5.176380902E-03, 1.931851653E-02, 3.733333333E-01, 2.000000000E-02, 5.475509888E+02
      2733, 5.176380902E-03, 1.931851653E-02, 3.733333333E-01, 2.000000000E-02, 5.475509888E+02
      2734,-2.610523844E-03, 1.982889723E-02, 3.733333333E-01, 2.000000000E-02, 5.475509719E+02
      2735, 2.610523844E-03, 1.982889723E-02, 3.733333333E-01, 2.000000000E-02, 5.475509719E+02
      2736, 6.123233996E-18, 2.000000000E-02, 3.733333333E-01, 2.000000000E-02, 5.475509654E+02
      2737,-3.673940397E-18,-2.000000000E-02, 3.800000000E-01, 2.000000000E-02, 5.482127769E+02
      2738,-2.610523844E-03,-1.982889723E-02, 3.800000000E-01, 2.000000000E-02, 5.482127859E+02
      2739, 2.610523844E-03,-1.982889723E-02, 3.800000000E-01, 2.000000000E-02, 5.482127859E+02
      2740,-5.176380902E-03,-1.931851653E-02, 3.800000000E-01, 2.000000000E-02, 5.482128098E+02
      2741, 5.176380902E-03,-1.931851653E-02, 3.800000000E-01, 2.000000000E-02, 5.482128098E+02
      2742,-7.653668647E-03,-1.847759065E-02, 3.800000000E-01, 2.000000000E-02, 5.482128404E+02
      2743, 7.653668647E-03,-1.847759065E-02, 3.800000000E-01, 2.000000000E-02, 5.482128404E+02
      2744,-1.000000000E-02,-1.732050808E-02, 3.800000000E-01, 2.000000000E-02, 5.482128685E+02
      2745, 1.000000000E-02,-1.732050808E-02, 3.800000000E-01, 2.000000000E-02, 5.482128685E+02
      2746,-1.217522858E-02,-1.586706681E-02, 3.800000000E-01, 2.000000000E-02, 5.482128875E+02
      2747, 1.217522858E-02,-1.586706681E-02, 3.800000000E-01, 2.000000000E-02, 5.482128875E+02
      2748,-1.414213562E-02,-1.414213562E-02, 3.800000000E-01, 2.000000000E-02, 5.482128940E+02
      2749, 1.414213562E-02,-1.414213562E-02, 3.800000000E-01, 2.000000000E-02, 5.482128940E+02
      2750,-1.586706681E-02,-1.217522858E-02, 3.800000000E-01, 2.000000000E-02, 5.482128875E+02
      2751, 1.586706681E-02,-1.217522858E-02, 3.800000000E-01, 2.000000000E-02, 5.482128875E+02
      2752,-1.732050808E-02,-1.000000000E-02, 3.800000000E-01, 2.000000000E-02, 5.482128685E+02
      2753, 1.732050808E-02,-1.000000000E-02, 3.800000000E-01, 2.000000000E-02, 5.482128685E+02
      2754,-1.847759065E-02,-7.653668647E-03, 3.800000000E-01, 2.000000000E-02, 5.482128404E+02
      2755, 1.847759065E-02,-7.653668647E-03, 3.800000000E-01, 2.000000000E-02, 5.482128404E+02
      2756,-1.931851653E-02,-5.176380902E-03, 3.800000000E-01, 2.000000000E-02, 5.482128098E+02
      2757, 1.931851653E-02,-5.176380902E-03, 3.800000000E-01, 2.000000000E-02, 5.482128098E+02
      2758,-1.982889723E-02,-2.610523844E-03, 3.800000000E-01, 2.000000000E-02, 5.482127859E+02
      2759, 1.982889723E-02,-2.610523844E-03, 3.800000000E-01, 2.000000000E-02, 5.482127859E+02
      2760,-2.000000000E-02, 7.347880795E-18, 3.800000000E-01, 2.000000000E-02, 5.482127769E+02
      2761, 2.000000000E-02,-4.898587197E-18, 3.800000000E-01, 2.000000000E-02, 5.482127769E+02
      2762,-1.982889723E-02, 2.610523844E-03, 3.800000000E-01, 2.000000000E-02, 5.482127859E+02
      2763, 1.982889723E-02, 2.610523844E-03, 3.800000000E-01, 2.000000000E-02, 5.482127859E+02
      2764,-1.931851653E-02, 5.176380902E-03, 3.800000000E-01, 2.000000000E-02, 5.482128098E+02
      2765, 1.931851653E-02, 5.176380902E-03, 3.800000000E-01, 2.000000000E-02, 5.482128098E+02
      2766,-1.847759065E-02, 7.653668647E-03, 3.800000000E-01, 2.000000000E-02, 5.482128404E+02
      2767, 1.847759065E-02, 7.653668647E-03, 3.800000000E-01, 2.000000000E-02, 5.482128404E+02
      2768,-1.732050808E-02, 1.000000000E-02, 3.800000000E-01, 2.000000000E-02, 5.482128685E+02
      2769, 1.732050808E-02, 1.000000000E-02, 3.800000000E-01, 2.000000000E-02, 5.482128685E+02
      2770,-1.586706681E-02, 1.217522858E-02, 3.800000000E-01, 2.000000000E-02, 5.482128875E+02
      2771, 1.586706681E-02, 1.217522858E-02, 3.800000000E-01, 2.000000000E-02, 5.482128875E+02
      2772,-1.414213562E-02, 1.414213562E-02, 3.800000000E-01, 2.000000000E-02, 5.482128940E+02
      2773, 1.414213562E-02, 1.414213562E-02, 3.800000000E-01, 2.000000000E-02, 5.482128940E+02
      2774,-1.217522858E-02, 1.586706681E-02, 3.800000000E-01, 2.000000000E-02, 5.482128875E+02
      2775, 1.217522858E-02, 1.586706681E-02, 3.800000000E-01, 2.000000000E-02, 5.482128875E+02
      2776,-1.000000000E-02, 1.732050808E-02, 3.800000000E-01, 2.000000000E-02, 5.482128685E+02
      2777, 1.000000000E-02, 1.732050808E-02, 3.800000000E-01, 2.000000000E-02, 5.482128685E+02
      2778,-7.653668647E-03, 1.847759065E-02, 3.800000000E-01, 2.000000000E-02, 5.482128404E+02
      2779, 7.653668647E-03, 1.847759065E-02, 3.800000000E-01, 2.000000000E-02, 5.482128404E+02
      2780,-5.176380902E-03, 1.931851653E-02, 3.800000000E-01, 2.000000000E-02, 5.482128098E+02
      2781, 5.176380902E-03, 1.931851653E-02, 3.800000000E-01, 2.000000000E-02, 5.482128098E+02
      2782,-2.610523844E-03, 1.982889723E-02, 3.800000000E-01, 2.000000000E-02, 5.482127859E+02
      2783, 2.610523844E-03, 1.982889723E-02, 3.800000000E-01, 2.000000000E-02, 5.482127859E+02
      2784, 6.123233996E-18, 2.000000000E-02, 3.800000000E-01, 2.000000000E-02, 5.482127769E+02
      2785,-3.673940397E-18,-2.000000000E-02, 3.866666667E-01, 2.000000000E-02, 5.488619253E+02
      2786,-2.610523844E-03,-1.982889723E-02, 3.866666667E-01, 2.000000000E-02, 5.488619369E+02
      2787, 2.610523844E-03,-1.982889723E-02, 3.866666667E-01, 2.000000000E-02, 5.488619369E+02
      2788,-5.176380902E-03,-1.931851653E-02, 3.866666667E-01, 2.000000000E-02, 5.488619678E+02
      2789, 5.176380902E-03,-1.931851653E-02, 3.866666667E-01, 2.000000000E-02, 5.488619678E+02
      2790,-7.653668647E-03,-1.847759065E-02, 3.866666667E-01, 2.000000000E-02, 5.488620080E+02
      2791, 7.653668647E-03,-1.847759065E-02, 3.866666667E-01, 2.000000000E-02, 5.488620080E+02
      2792,-1.000000000E-02,-1.732050808E-02, 3.866666667E-01, 2.000000000E-02, 5.488620458E+02
      2793, 1.000000000E-02,-1.732050808E-02, 3.866666667E-01, 2.000000000E-02, 5.488620458E+02
      2794,-1.217522858E-02,-1.586706681E-02, 3.866666667E-01, 2.000000000E-02, 5.488620719E+02
      2795, 1.217522858E-02,-1.586706681E-02, 3.866666667E-01, 2.000000000E-02, 5.488620719E+02
      2796,-1.414213562E-02,-1.414213562E-02, 3.866666667E-01, 2.000000000E-02, 5.488620811E+02
      2797, 1.414213562E-02,-1.414213562E-02, 3.866666667E-01, 2.000000000E-02, 5.488620811E+02
      2798,-1.586706681E-02,-1.217522858E-02, 3.866666667E-01, 2.000000000E-02, 5.488620719E+02
      2799, 1.586706681E-02,-1.217522858E-02, 3.866666667E-01, 2.000000000E-02, 5.488620719E+02
      2800,-1.732050808E-02,-1.000000000E-02, 3.866666667E-01, 2.000000000E-02, 5.488620458E+02
      2801, 1.732050808E-02,-1.000000000E-02, 3.866666667E-01, 2.000000000E-02, 5.488620458E+02
      2802,-1.847759065E-02,-7.653668647E-03, 3.866666667E-01, 2.000000000E-02, 5.488620080E+02
      2803, 1.847759065E-02,-7.653668647E-03, 3.866666667E-01, 2.000000000E-02, 5.488620080E+02
      2804,-1.931851653E-02,-5.176380902E-03, 3.866666667E-01, 2.000000000E-02, 5.488619678E+02
      2805, 1.931851653E-02,-5.176380902E-03, 3.866666667E-01, 2.000000000E-02, 5.488619678E+02
      2806,-1.982889723E-02,-2.610523844E-03, 3.866666667E-01, 2.000000000E-02, 5.488619369E+02
      2807, 1.982889723E-02,-2.610523844E-03, 3.866666667E-01, 2.000000000E-02, 5.488619369E+02
      2808,-2.000000000E-02, 7.347880795E-18, 3.866666667E-01, 2.000000000E-02, 5.488619253E+02
      2809, 2.000000000E-02,-4.898587197E-18, 3.866666667E-01, 2.000000000E-02, 5.488619253E+02
      2810,-1.982889723E-02, 2.610523844E-03, 3.866666667E-01, 2.000000000E-02, 5.488619369E+02
      2811, 1.982889723E-02, 2.610523844E-03, 3.866666667E-01, 2.000000000E-02, 5.488619369E+02
      2812,-1.931851653E-02, 5.176380902E-03, 3.866666667E-01, 2.000000000E-02, 5.488619678E+02
      2813, 1.931851653E-02, 5.176380902E-03, 3.866666667E-01, 2.000000000E-02, 5.488619678E+02
      2814,-1.847759065E-02, 7.653668647E-03, 3.866666667E-01, 2.000000000E-02, 5.488620080E+02
      2815, 1.847759065E-02, 7.653668647E-03, 3.866666667E-01, 2.000000000E-02, 5.488620080E+02
      2816,-1.732050808E-02, 1.000000000E-02, 3.866666667E-01, 2.000000000E-02, 5.488620458E+02
      2817, 1.732050808E-02, 1.000000000E-02, 3.866666667E-01, 2.000000000E-02, 5.488620458E+02
      2818,-1.586706681E-02, 1.217522858E-02, 3.866666667E-01, 2.000000000E-02, 5.488620719E+02
      2819, 1.586706681E-02, 1.217522858E-02, 3.866666667E-01, 2.000000000E-02, 5.488620719E+02
      2820,-1.414213562E-02, 1.414213562E-02, 3.866666667E-01, 2.000000000E-02, 5.488620811E+02
      2821, 1.414213562E-02, 1.414213562E-02, 3.866666667E-01, 2.000000000E-02, 5.488620811E+02
      2822,-1.217522858E-02, 1.586706681E-02, 3.866666667E-01, 2.000000000E-02, 5.488620719E+02
      2823, 1.217522858E-02, 1.586706681E-02, 3.866666667E-01, 2.000000000E-02, 5.488620719E+02
      2824,-1.000000000E-02, 1.732050808E-02, 3.866666667E-01, 2.000000000E-02, 5.488620458E+02
      2825, 1.000000000E-02, 1.732050808E-02, 3.866666667E-01, 2.000000000E-02, 5.488620458E+02
      2826,-7.653668647E-03, 1.847759065E-02, 3.866666667E-01, 2.000000000E-02, 5.488620080E+02
      2827, 7.653668647E-03, 1.847759065E-02, 3.866666667E-01, 2.000000000E-02, 5.488620080E+02
      2828,-5.176380902E-03, 1.931851653E-02, 3.866666667E-01, 2.000000000E-02, 5.488619678E+02
      2829, 5.176380902E-03, 1.931851653E-02, 3.866666667E-01, 2.000000000E-02, 5.488619678E+02
      2830,-2.610523844E-03, 1.982889723E-02, 3.866666667E-01, 2.000000000E-02, 5.488619369E+02
      2831, 2.610523844E-03, 1.982889723E-02, 3.866666667E-01, 2.000000000E-02, 5.488619369E+02
      2832, 6.123233996E-18, 2.000000000E-02, 3.866666667E-01, 2.000000000E-02, 5.488619253E+02
      2833,-3.673940397E-18,-2.000000000E-02, 3.933333333E-01, 2.000000000E-02, 5.494988462E+02
      2834,-2.610523844E-03,-1.982889723E-02, 3.933333333E-01, 2.000000000E-02, 5.494988602E+02
      2835, 2.610523844E-03,-1.982889723E-02, 3.933333333E-01, 2.000000000E-02, 5.494988602E+02
      2836,-5.176380902E-03,-1.931851653E-02, 3.933333333E-01, 2.000000000E-02, 5.494988976E+02
      2837, 5.176380902E-03,-1.931851653E-02, 3.933333333E-01, 2.000000000E-02, 5.494988976E+02
      2838,-7.653668647E-03,-1.847759065E-02, 3.933333333E-01, 2.000000000E-02, 5.494989469E+02
      2839, 7.653668647E-03,-1.847759065E-02, 3.933333333E-01, 2.000000000E-02, 5.494989469E+02
      2840,-1.000000000E-02,-1.732050808E-02, 3.933333333E-01, 2.000000000E-02, 5.494989938E+02
      2841, 1.000000000E-02,-1.732050808E-02, 3.933333333E-01, 2.000000000E-02, 5.494989938E+02
      2842,-1.217522858E-02,-1.586706681E-02, 3.933333333E-01, 2.000000000E-02, 5.494990267E+02
      2843, 1.217522858E-02,-1.586706681E-02, 3.933333333E-01, 2.000000000E-02, 5.494990267E+02
      2844,-1.414213562E-02,-1.414213562E-02, 3.933333333E-01, 2.000000000E-02, 5.494990384E+02
      2845, 1.414213562E-02,-1.414213562E-02, 3.933333333E-01, 2.000000000E-02, 5.494990384E+02
      2846,-1.586706681E-02,-1.217522858E-02, 3.933333333E-01, 2.000000000E-02, 5.494990267E+02
      2847, 1.586706681E-02,-1.217522858E-02, 3.933333333E-01, 2.000000000E-02, 5.494990267E+02
      2848,-1.732050808E-02,-1.000000000E-02, 3.933333333E-01, 2.000000000E-02, 5.494989938E+02
      2849, 1.732050808E-02,-1.000000000E-02, 3.933333333E-01, 2.000000000E-02, 5.494989938E+02
      2850,-1.847759065E-02,-7.653668647E-03, 3.933333333E-01, 2.000000000E-02, 5.494989469E+02
      2851, 1.847759065E-02,-7.653668647E-03, 3.933333333E-01, 2.000000000E-02, 5.494989469E+02
      2852,-1.931851653E-02,-5.176380902E-03, 3.933333333E-01, 2.000000000E-02, 5.494988976E+02
      2853, 1.931851653E-02,-5.176380902E-03, 3.933333333E-01, 2.000000000E-02, 5.494988976E+02
      2854,-1.982889723E-02,-2.610523844E-03, 3.933333333E-01, 2.000000000E-02, 5.494988602E+02
      2855, 1.982889723E-02,-2.610523844E-03, 3.933333333E-01, 2.000000000E-02, 5.494988602E+02
      2856,-2.000000000E-02, 7.347880795E-18, 3.933333333E-01, 2.000000000E-02, 5.494988462E+02
      2857, 2.000000000E-02,-4.898587197E-18, 3.933333333E-01, 2.000000000E-02, 5.494988462E+02
      2858,-1.982889723E-02, 2.610523844E-03, 3.933333333E-01, 2.000000000E-02, 5.494988602E+02
      2859, 1.982889723E-02, 2.610523844E-03, 3.933333333E-01, 2.000000000E-02, 5.494988602E+02
      2860,-1.931851653E-02, 5.176380902E-03, 3.933333333E-01, 2.000000000E-02, 5.494988976E+02
      2861, 1.931851653E-02, 5.176380902E-03, 3.933333333E-01, 2.000000000E-02, 5.494988976E+02
      2862,-1.847759065E-02, 7.653668647E-03, 3.933333333E-01, 2.000000000E-02, 5.494989469E+02
      2863, 1.847759065E-02, 7.653668647E-03, 3.933333333E-01, 2.000000000E-02, 5.494989469E+02
      2864,-1.732050808E-02, 1.000000000E-02, 3.933333333E-01, 2.000000000E-02, 5.494989938E+02
      2865, 1.732050808E-02, 1.000000000E-02, 3.933333333E-01, 2.000000000E-02, 5.494989938E+02
      2866,-1.586706681E-02, 1.217522858E-02, 3.933333333E-01, 2.000000000E-02, 5.494990267E+02
      2867, 1.586706681E-02, 1.217522858E-02, 3.933333333E-01, 2.000000000E-02, 5.494990267E+02
      2868,-1.414213562E-02, 1.414213562E-02, 3.933333333E-01, 2.000000000E-02, 5.494990384E+02
      2869, 1.414213562E-02, 1.414213562E-02, 3.933333333E-01, 2.000000000E-02, 5.494990384E+02
      2870,-1.217522858E-02, 1.586706681E-02, 3.933333333E-01, 2.000000000E-02, 5.494990267E+02
      2871, 1.217522858E-02, 1.586706681E-02, 3.933333333E-01, 2.000000000E-02, 5.494990267E+02
      2872,-1.000000000E-02, 1.732050808E-02, 3.933333333E-01, 2.000000000E-02, 5.494989938E+02
      2873, 1.000000000E-02, 1.732050808E-02, 3.933333333E-01, 2.000000000E-02, 5.494989938E+02
      2874,-7.653668647E-03, 1.847759065E-02, 3.933333333E-01, 2.000000000E-02, 5.494989469E+02
      2875, 7.653668647E-03, 1.847759065E-02, 3.933333333E-01, 2.000000000E-02, 5.494989469E+02
      2876,-5.176380902E-03, 1.931851653E-02, 3.933333333E-01, 2.000000000E-02, 5.494988976E+02
      2877, 5.176380902E-03, 1.931851653E-02, 3.933333333E-01, 2.000000000E-02, 5.494988976E+02
      2878,-2.610523844E-03, 1.982889723E-02, 3.933333333E-01, 2.000000000E-02, 5.494988602E+02
      2879, 2.610523844E-03, 1.982889723E-02, 3.933333333E-01, 2.000000000E-02, 5.494988602E+02
      2880, 6.123233996E-18, 2.000000000E-02, 3.933333333E-01, 2.000000000E-02, 5.494988462E+02
      2881,-3.673940397E-18,-2.000000000E-02, 4.000000000E-01, 2.000000000E-02, 5.501239119E+02
      2882,-2.610523844E-03,-1.982889723E-02, 4.000000000E-01, 2.000000000E-02, 5.501239280E+02
      2883, 2.610523844E-03,-1.982889723E-02, 4.000000000E-01, 2.000000000E-02, 5.501239280E+02
      2884,-5.176380902E-03,-1.931851653E-02, 4.000000000E-01, 2.000000000E-02, 5.501239712E+02
      2885, 5.176380902E-03,-1.931851653E-02, 4.000000000E-01, 2.000000000E-02, 5.501239712E+02
      2886,-7.653668647E-03,-1.847759065E-02, 4.000000000E-01, 2.000000000E-02, 5.501240285E+02
      2887, 7.653668647E-03,-1.847759065E-02, 4.000000000E-01, 2.000000000E-02, 5.501240285E+02
      2888,-1.000000000E-02,-1.732050808E-02, 4.000000000E-01, 2.000000000E-02, 5.501240837E+02
      2889, 1.000000000E-02,-1.732050808E-02, 4.000000000E-01, 2.000000000E-02, 5.501240837E+02
      2890,-1.217522858E-02,-1.586706681E-02, 4.000000000E-01, 2.000000000E-02, 5.501241226E+02
      2891, 1.217522858E-02,-1.586706681E-02, 4.000000000E-01, 2.000000000E-02, 5.501241226E+02
      2892,-1.414213562E-02,-1.414213562E-02, 4.000000000E-01, 2.000000000E-02, 5.501241365E+02
      2893, 1.414213562E-02,-1.414213562E-02, 4.000000000E-01, 2.000000000E-02, 5.501241365E+02
      2894,-1.586706681E-02,-1.217522858E-02, 4.000000000E-01, 2.000000000E-02, 5.501241226E+02
      2895, 1.586706681E-02,-1.217522858E-02, 4.000000000E-01, 2.000000000E-02, 5.501241226E+02
      2896,-1.732050808E-02,-1.000000000E-02, 4.000000000E-01, 2.000000000E-02, 5.501240837E+02
      2897, 1.732050808E-02,-1.000000000E-02, 4.000000000E-01, 2.000000000E-02, 5.501240837E+02
      2898,-1.847759065E-02,-7.653668647E-03, 4.000000000E-01, 2.000000000E-02, 5.501240285E+02
      2899, 1.847759065E-02,-7.653668647E-03, 4.000000000E-01, 2.000000000E-02, 5.501240285E+02
      2900,-1.931851653E-02,-5.176380902E-03, 4.000000000E-01, 2.000000000E-02, 5.501239712E+02
      2901, 1.931851653E-02,-5.176380902E-03, 4.000000000E-01, 2.000000000E-02, 5.501239712E+02
      2902,-1.982889723E-02,-2.610523844E-03, 4.000000000E-01, 2.000000000E-02, 5.501239280E+02
      2903, 1.982889723E-02,-2.610523844E-03, 4.000000000E-01, 2.000000000E-02, 5.501239280E+02
      2904,-2.000000000E-02, 7.347880795E-18, 4.000000000E-01, 2.000000000E-02, 5.501239119E+02
      2905, 2.000000000E-02,-4.898587197E-18, 4.000000000E-01, 2.000000000E-02, 5.501239119E+02
      2906,-1.982889723E-02, 2.610523844E-03, 4.000000000E-01, 2.000000000E-02, 5.501239280E+02
      2907, 1.982889723E-02, 2.610523844E-03, 4.000000000E-01, 2.000000000E-02, 5.501239280E+02
      2908,-1.931851653E-02, 5.176380902E-03, 4.000000000E-01, 2.000000000E-02, 5.501239712E+02
      2909, 1.931851653E-02, 5.176380902E-03, 4.000000000E-01, 2.000000000E-02, 5.501239712E+02
      2910,-1.847759065E-02, 7.653668647E-03, 4.000000000E-01, 2.000000000E-02, 5.501240285E+02
      2911, 1.847759065E-02, 7.653668647E-03, 4.000000000E-01, 2.000000000E-02, 5.501240285E+02
      2912,-1.732050808E-02, 1.000000000E-02, 4.000000000E-01, 2.000000000E-02, 5.501240837E+02
      2913, 1.732050808E-02, 1.000000000E-02, 4.000000000E-01, 2.000000000E-02, 5.501240837E+02
      2914,-1.586706681E-02, 1.217522858E-02, 4.000000000E-01, 2.000000000E-02, 5.501241226E+02
      2915, 1.586706681E-02, 1.217522858E-02, 4.000000000E-01, 2.000000000E-02, 5.501241226E+02
      2916,-1.414213562E-02, 1.414213562E-02, 4.000000000E-01, 2.000000000E-02, 5.501241365E+02
      2917, 1.414213562E-02, 1.414213562E-02, 4.000000000E-01, 2.000000000E-02, 5.501241365E+02
      2918,-1.217522858E-02, 1.586706681E-02, 4.000000000E-01, 2.000000000E-02, 5.501241226E+02
      2919, 1.217522858E-02, 1.586706681E-02, 4.000000000E-01, 2.000000000E-02, 5.501241226E+02
      2920,-1.000000000E-02, 1.732050808E-02, 4.000000000E-01, 2.000000000E-02, 5.501240837E+02
      2921, 1.000000000E-02, 1.732050808E-02, 4.000000000E-01, 2.000000000E-02, 5.501240837E+02
      2922,-7.653668647E-03, 1.847759065E-02, 4.000000000E-01, 2.000000000E-02, 5.501240285E+02
      2923, 7.653668647E-03, 1.847759065E-02, 4.000000000E-01, 2.000000000E-02, 5.501240285E+02
      2924,-5.176380902E-03, 1.931851653E-02, 4.000000000E-01, 2.000000000E-02, 5.501239712E+02
      2925, 5.176380902E-03, 1.931851653E-02, 4.000000000E-01, 2.000000000E-02, 5.501239712E+02
      2926,-2.610523844E-03, 1.982889723E-02, 4.000000000E-01, 2.000000000E-02, 5.501239280E+02
      2927, 2.610523844E-03, 1.982889723E-02, 4.000000000E-01, 2.000000000E-02, 5.501239280E+02
      2928, 6.123233996E-18, 2.000000000E-02, 4.000000000E-01, 2.000000000E-02, 5.501239119E+02
      2929,-3.673940397E-18,-2.000000000E-02, 4.066666667E-01, 2.000000000E-02, 5.507374363E+02
      2930,-2.610523844E-03,-1.982889723E-02, 4.066666667E-01, 2.000000000E-02, 5.507374542E+02
      2931, 2.610523844E-03,-1.982889723E-02, 4.066666667E-01, 2.000000000E-02, 5.507374542E+02
      2932,-5.176380902E-03,-1.931851653E-02, 4.066666667E-01, 2.000000000E-02, 5.507375023E+02
      2933, 5.176380902E-03,-1.931851653E-02, 4.066666667E-01, 2.000000000E-02, 5.507375023E+02
      2934,-7.653668647E-03,-1.847759065E-02, 4.066666667E-01, 2.000000000E-02, 5.507375664E+02
      2935, 7.653668647E-03,-1.847759065E-02, 4.066666667E-01, 2.000000000E-02, 5.507375664E+02
      2936,-1.000000000E-02,-1.732050808E-02, 4.066666667E-01, 2.000000000E-02, 5.507376284E+02
      2937, 1.000000000E-02,-1.732050808E-02, 4.066666667E-01, 2.000000000E-02, 5.507376284E+02
      2938,-1.217522858E-02,-1.586706681E-02, 4.066666667E-01, 2.000000000E-02, 5.507376724E+02
      2939, 1.217522858E-02,-1.586706681E-02, 4.066666667E-01, 2.000000000E-02, 5.507376724E+02
      2940,-1.414213562E-02,-1.414213562E-02, 4.066666667E-01, 2.000000000E-02, 5.507376882E+02
      2941, 1.414213562E-02,-1.414213562E-02, 4.066666667E-01, 2.000000000E-02, 5.507376882E+02
      2942,-1.586706681E-02,-1.217522858E-02, 4.066666667E-01, 2.000000000E-02, 5.507376724E+02
      2943, 1.586706681E-02,-1.217522858E-02, 4.066666667E-01, 2.000000000E-02, 5.507376724E+02
      2944,-1.732050808E-02,-1.000000000E-02, 4.066666667E-01, 2.000000000E-02, 5.507376284E+02
      2945, 1.732050808E-02,-1.000000000E-02, 4.066666667E-01, 2.000000000E-02, 5.507376284E+02
      2946,-1.847759065E-02,-7.653668647E-03, 4.066666667E-01, 2.000000000E-02, 5.507375664E+02
      2947, 1.847759065E-02,-7.653668647E-03, 4.066666667E-01, 2.000000000E-02, 5.507375664E+02
      2948,-1.931851653E-02,-5.176380902E-03, 4.066666667E-01, 2.000000000E-02, 5.507375023E+02
      2949, 1.931851653E-02,-5.176380902E-03, 4.066666667E-01, 2.000000000E-02, 5.507375023E+02
      2950,-1.982889723E-02,-2.610523844E-03, 4.066666667E-01, 2.000000000E-02, 5.507374542E+02
      2951, 1.982889723E-02,-2.610523844E-03, 4.066666667E-01, 2.000000000E-02, 5.507374542E+02
      2952,-2.000000000E-02, 7.347880795E-18, 4.066666667E-01, 2.000000000E-02, 5.507374363E+02
      2953, 2.000000000E-02,-4.898587197E-18, 4.066666667E-01, 2.000000000E-02, 5.507374363E+02
      2954,-1.982889723E-02, 2.610523844E-03, 4.066666667E-01, 2.000000000E-02, 5.507374542E+02
      2955, 1.982889723E-02, 2.610523844E-03, 4.066666667E-01, 2.000000000E-02, 5.507374542E+02
      2956,-1.931851653E-02, 5.176380902E-03, 4.066666667E-01, 2.000000000E-02, 5.507375023E+02
      2957, 1.931851653E-02, 5.176380902E-03, 4.066666667E-01, 2.000000000E-02, 5.507375023E+02
      2958,-1.847759065E-02, 7.653668647E-03, 4.066666667E-01, 2.000000000E-02, 5.507375664E+02
      2959, 1.847759065E-02, 7.653668647E-03, 4.066666667E-01, 2.000000000E-02, 5.507375664E+02
      2960,-1.732050808E-02, 1.000000000E-02, 4.066666667E-01, 2.000000000E-02, 5.507376284E+02
      2961, 1.732050808E-02, 1.000000000E-02, 4.066666667E-01, 2.000000000E-02, 5.507376284E+02
      2962,-1.586706681E-02, 1.217522858E-02, 4.066666667E-01, 2.000000000E-02, 5.507376724E+02
      2963, 1.586706681E-02, 1.217522858E-02, 4.066666667E-01, 2.000000000E-02, 5.507376724E+02
      2964,-1.414213562E-02, 1.414213562E-02, 4.066666667E-01, 2.000000000E-02, 5.507376882E+02
      2965, 1.414213562E-02, 1.414213562E-02, 4.066666667E-01, 2.000000000E-02, 5.507376882E+02
      2966,-1.217522858E-02, 1.586706681E-02, 4.066666667E-01, 2.000000000E-02, 5.507376724E+02
      2967, 1.217522858E-02, 1.586706681E-02, 4.066666667E-01, 2.000000000E-02, 5.507376724E+02
      2968,-1.000000000E-02, 1.732050808E-02, 4.066666667E-01, 2.000000000E-02, 5.507376284E+02
      2969, 1.000000000E-02, 1.732050808E-02, 4.066666667E-01, 2.000000000E-02, 5.507376284E+02
      2970,-7.653668647E-03, 1.847759065E-02, 4.066666667E-01, 2.000000000E-02, 5.507375664E+02
      2971, 7.653668647E-03, 1.847759065E-02, 4.066666667E-01, 2.000000000E-02, 5.507375664E+02
      2972,-5.176380902E-03, 1.931851653E-02, 4.066666667E-01, 2.000000000E-02, 5.507375023E+02
      2973, 5.176380902E-03, 1.931851653E-02, 4.066666667E-01, 2.000000000E-02, 5.507375023E+02
      2974,-2.610523844E-03, 1.982889723E-02, 4.066666667E-01, 2.000000000E-02, 5.507374542E+02
      2975, 2.610523844E-03, 1.982889723E-02, 4.066666667E-01, 2.000000000E-02, 5.507374542E+02
      2976, 6.123233996E-18, 2.000000000E-02, 4.066666667E-01, 2.000000000E-02, 5.507374363E+02
      2977,-3.673940397E-18,-2.000000000E-02, 4.133333333E-01, 2.000000000E-02, 5.513396812E+02
      2978,-2.610523844E-03,-1.982889723E-02, 4.133333333E-01, 2.000000000E-02, 5.513397005E+02
      2979, 2.610523844E-03,-1.982889723E-02, 4.133333333E-01, 2.000000000E-02, 5.513397005E+02
      2980,-5.176380902E-03,-1.931851653E-02, 4.133333333E-01, 2.000000000E-02, 5.513397527E+02
      2981, 5.176380902E-03,-1.931851653E-02, 4.133333333E-01, 2.000000000E-02, 5.513397527E+02
      2982,-7.653668647E-03,-1.847759065E-02, 4.133333333E-01, 2.000000000E-02, 5.513398222E+02
      2983, 7.653668647E-03,-1.847759065E-02, 4.133333333E-01, 2.000000000E-02, 5.513398222E+02
      2984,-1.000000000E-02,-1.732050808E-02, 4.133333333E-01, 2.000000000E-02, 5.513398898E+02
      2985, 1.000000000E-02,-1.732050808E-02, 4.133333333E-01, 2.000000000E-02, 5.513398898E+02
      2986,-1.217522858E-02,-1.586706681E-02, 4.133333333E-01, 2.000000000E-02, 5.513399379E+02
      2987, 1.217522858E-02,-1.586706681E-02, 4.133333333E-01, 2.000000000E-02, 5.513399379E+02
      2988,-1.414213562E-02,-1.414213562E-02, 4.133333333E-01, 2.000000000E-02, 5.513399552E+02
      2989, 1.414213562E-02,-1.414213562E-02, 4.133333333E-01, 2.000000000E-02, 5.513399552E+02
      2990,-1.586706681E-02,-1.217522858E-02, 4.133333333E-01, 2.000000000E-02, 5.513399379E+02
      2991, 1.586706681E-02,-1.217522858E-02, 4.133333333E-01, 2.000000000E-02, 5.513399379E+02
      2992,-1.732050808E-02,-1.000000000E-02, 4.133333333E-01, 2.000000000E-02, 5.513398898E+02
      2993, 1.732050808E-02,-1.000000000E-02, 4.133333333E-01, 2.000000000E-02, 5.513398898E+02
      2994,-1.847759065E-02,-7.653668647E-03, 4.133333333E-01, 2.000000000E-02, 5.513398222E+02
      2995, 1.847759065E-02,-7.653668647E-03, 4.133333333E-01, 2.000000000E-02, 5.513398222E+02
      2996,-1.931851653E-02,-5.176380902E-03, 4.133333333E-01, 2.000000000E-02, 5.513397527E+02
      2997, 1.931851653E-02,-5.176380902E-03, 4.133333333E-01, 2.000000000E-02, 5.513397527E+02
      2998,-1.982889723E-02,-2.610523844E-03, 4.133333333E-01, 2.000000000E-02, 5.513397005E+02
      2999, 1.982889723E-02,-2.610523844E-03, 4.133333333E-01, 2.000000000E-02, 5.513397005E+02
      3000,-2.000000000E-02, 7.347880795E-18, 4.133333333E-01, 2.000000000E-02, 5.513396812E+02
      3001, 2.000000000E-02,-4.898587197E-18, 4.133333333E-01, 2.000000000E-02, 5.513396812E+02
      3002,-1.982889723E-02, 2.610523844E-03, 4.133333333E-01, 2.000000000E-02, 5.513397005E+02
      3003, 1.982889723E-02, 2.610523844E-03, 4.133333333E-01, 2.000000000E-02, 5.513397005E+02
      3004,-1.931851653E-02, 5.176380902E-03, 4.133333333E-01, 2.000000000E-02, 5.513397527E+02
      3005, 1.931851653E-02, 5.176380902E-03, 4.133333333E-01, 2.000000000E-02, 5.513397527E+02
      3006,-1.847759065E-02, 7.653668647E-03, 4.133333333E-01, 2.000000000E-02, 5.513398222E+02
      3007, 1.847759065E-02, 7.653668647E-03, 4.133333333E-01, 2.000000000E-02, 5.513398222E+02
      3008,-1.732050808E-02, 1.000000000E-02, 4.133333333E-01, 2.000000000E-02, 5.513398898E+02
      3009, 1.732050808E-02, 1.000000000E-02, 4.133333333E-01, 2.000000000E-02, 5.513398898E+02
      3010,-1.586706681E-02, 1.217522858E-02, 4.133333333E-01, 2.000000000E-02, 5.513399379E+02
      3011, 1.586706681E-02, 1.217522858E-02, 4.133333333E-01, 2.000000000E-02, 5.513399379E+02
      3012,-1.414213562E-02, 1.414213562E-02, 4.133333333E-01, 2.000000000E-02, 5.513399552E+02
      3013, 1.414213562E-02, 1.414213562E-02, 4.133333333E-01, 2.000000000E-02, 5.513399552E+02
      3014,-1.217522858E-02, 1.586706681E-02, 4.133333333E-01, 2.000000000E-02, 5.513399379E+02
      3015, 1.217522858E-02, 1.586706681E-02, 4.133333333E-01, 2.000000000E-02, 5.513399379E+02
      3016,-1.000000000E-02, 1.732050808E-02, 4.133333333E-01, 2.000000000E-02, 5.513398898E+02
      3017, 1.000000000E-02, 1.732050808E-02, 4.133333333E-01, 2.000000000E-02, 5.513398898E+02
      3018,-7.653668647E-03, 1.847759065E-02, 4.133333333E-01, 2.000000000E-02, 5.513398222E+02
      3019, 7.653668647E-03, 1.847759065E-02, 4.133333333E-01, 2.000000000E-02, 5.513398222E+02
      3020,-5.176380902E-03, 1.931851653E-02, 4.133333333E-01, 2.000000000E-02, 5.513397527E+02
      3021, 5.176380902E-03, 1.931851653E-02, 4.133333333E-01, 2.000000000E-02, 5.513397527E+02
      3022,-2.610523844E-03, 1.982889723E-02, 4.133333333E-01, 2.000000000E-02, 5.513397005E+02
      3023, 2.610523844E-03, 1.982889723E-02, 4.133333333E-01, 2.000000000E-02, 5.513397005E+02
      3024, 6.123233996E-18, 2.000000000E-02, 4.133333333E-01, 2.000000000E-02, 5.513396812E+02
      3025,-3.673940397E-18,-2.000000000E-02, 4.200000000E-01, 2.000000000E-02, 5.519308635E+02
      3026,-2.610523844E-03,-1.982889723E-02, 4.200000000E-01, 2.000000000E-02, 5.519308839E+02
      3027, 2.610523844E-03,-1.982889723E-02, 4.200000000E-01, 2.000000000E-02, 5.519308839E+02
      3028,-5.176380902E-03,-1.931851653E-02, 4.200000000E-01, 2.000000000E-02, 5.519309391E+02
      3029, 5.176380902E-03,-1.931851653E-02, 4.200000000E-01, 2.000000000E-02, 5.519309391E+02
      3030,-7.653668647E-03,-1.847759065E-02, 4.200000000E-01, 2.000000000E-02, 5.519310128E+02
      3031, 7.653668647E-03,-1.847759065E-02, 4.200000000E-01, 2.000000000E-02, 5.519310128E+02
      3032,-1.000000000E-02,-1.732050808E-02, 4.200000000E-01, 2.000000000E-02, 5.519310846E+02
      3033, 1.000000000E-02,-1.732050808E-02, 4.200000000E-01, 2.000000000E-02, 5.519310846E+02
      3034,-1.217522858E-02,-1.586706681E-02, 4.200000000E-01, 2.000000000E-02, 5.519311358E+02
      3035, 1.217522858E-02,-1.586706681E-02, 4.200000000E-01, 2.000000000E-02, 5.519311358E+02
      3036,-1.414213562E-02,-1.414213562E-02, 4.200000000E-01, 2.000000000E-02, 5.519311543E+02
      3037, 1.414213562E-02,-1.414213562E-02, 4.200000000E-01, 2.000000000E-02, 5.519311543E+02
      3038,-1.586706681E-02,-1.217522858E-02, 4.200000000E-01, 2.000000000E-02, 5.519311358E+02
      3039, 1.586706681E-02,-1.217522858E-02, 4.200000000E-01, 2.000000000E-02, 5.519311358E+02
      3040,-1.732050808E-02,-1.000000000E-02, 4.200000000E-01, 2.000000000E-02, 5.519310846E+02
      3041, 1.732050808E-02,-1.000000000E-02, 4.200000000E-01, 2.000000000E-02, 5.519310846E+02
      3042,-1.847759065E-02,-7.653668647E-03, 4.200000000E-01, 2.000000000E-02, 5.519310128E+02
      3043, 1.847759065E-02,-7.653668647E-03, 4.200000000E-01, 2.000000000E-02, 5.519310128E+02
      3044,-1.931851653E-02,-5.176380902E-03, 4.200000000E-01, 2.000000000E-02, 5.519309391E+02
      3045, 1.931851653E-02,-5.176380902E-03, 4.200000000E-01, 2.000000000E-02, 5.519309391E+02
      3046,-1.982889723E-02,-2.610523844E-03, 4.200000000E-01, 2.000000000E-02, 5.519308839E+02
      3047, 1.982889723E-02,-2.610523844E-03, 4.200000000E-01, 2.000000000E-02, 5.519308839E+02
      3048,-2.000000000E-02, 7.347880795E-18, 4.200000000E-01, 2.000000000E-02, 5.519308635E+02
      3049, 2.000000000E-02,-4.898587197E-18, 4.200000000E-01, 2.000000000E-02, 5.519308635E+02
      3050,-1.982889723E-02, 2.610523844E-03, 4.200000000E-01, 2.000000000E-02, 5.519308839E+02
      3051, 1.982889723E-02, 2.610523844E-03, 4.200000000E-01, 2.000000000E-02, 5.519308839E+02
      3052,-1.931851653E-02, 5.176380902E-03, 4.200000000E-01, 2.000000000E-02, 5.519309391E+02
      3053, 1.931851653E-02, 5.176380902E-03, 4.200000000E-01, 2.000000000E-02, 5.519309391E+02
      3054,-1.847759065E-02, 7.653668647E-03, 4.200000000E-01, 2.000000000E-02, 5.519310128E+02
      3055, 1.847759065E-02, 7.653668647E-03, 4.200000000E-01, 2.000000000E-02, 5.519310128E+02
      3056,-1.732050808E-02, 1.000000000E-02, 4.200000000E-01, 2.000000000E-02, 5.519310846E+02
      3057, 1.732050808E-02, 1.000000000E-02, 4.200000000E-01, 2.000000000E-02, 5.519310846E+02
      3058,-1.586706681E-02, 1.217522858E-02, 4.200000000E-01, 2.000000000E-02, 5.519311358E+02
      3059, 1.586706681E-02, 1.217522858E-02, 4.200000000E-01, 2.000000000E-02, 5.519311358E+02
      3060,-1.414213562E-02, 1.414213562E-02, 4.200000000E-01, 2.000000000E-02, 5.519311543E+02
      3061, 1.414213562E-02, 1.414213562E-02, 4.200000000E-01, 2.000000000E-02, 5.519311543E+02
      3062,-1.217522858E-02, 1.586706681E-02, 4.200000000E-01, 2.000000000E-02, 5.519311358E+02
      3063, 1.217522858E-02, 1.586706681E-02, 4.200000000E-01, 2.000000000E-02, 5.519311358E+02
      3064,-1.000000000E-02, 1.732050808E-02, 4.200000000E-01, 2.000000000E-02, 5.519310846E+02
      3065, 1.000000000E-02, 1.732050808E-02, 4.200000000E-01, 2.000000000E-02, 5.519310846E+02
      3066,-7.653668647E-03, 1.847759065E-02, 4.200000000E-01, 2.000000000E-02, 5.519310128E+02
      3067, 7.653668647E-03, 1.847759065E-02, 4.200000000E-01, 2.000000000E-02, 5.519310128E+02
      3068,-5.176380902E-03, 1.931851653E-02, 4.200000000E-01, 2.000000000E-02, 5.519309391E+02
      3069, 5.176380902E-03, 1.931851653E-02, 4.200000000E-01, 2.000000000E-02, 5.519309391E+02
      3070,-2.610523844E-03, 1.982889723E-02, 4.200000000E-01, 2.000000000E-02, 5.519308839E+02
      3071, 2.610523844E-03, 1.982889723E-02, 4.200000000E-01, 2.000000000E-02, 5.519308839E+02
      3072, 6.123233996E-18, 2.000000000E-02, 4.200000000E-01, 2.000000000E-02, 5.519308635E+02
      3073,-3.673940397E-18,-2.000000000E-02, 4.266666667E-01, 2.000000000E-02, 5.525111598E+02
      3074,-2.610523844E-03,-1.982889723E-02, 4.266666667E-01, 2.000000000E-02, 5.525111810E+02
      3075, 2.610523844E-03,-1.982889723E-02, 4.266666667E-01, 2.000000000E-02, 5.525111810E+02
      3076,-5.176380902E-03,-1.931851653E-02, 4.266666667E-01, 2.000000000E-02, 5.525112384E+02
      3077, 5.176380902E-03,-1.931851653E-02, 4.266666667E-01, 2.000000000E-02, 5.525112384E+02
      3078,-7.653668647E-03,-1.847759065E-02, 4.266666667E-01, 2.000000000E-02, 5.525113151E+02
      3079, 7.653668647E-03,-1.847759065E-02, 4.266666667E-01, 2.000000000E-02, 5.525113151E+02
      3080,-1.000000000E-02,-1.732050808E-02, 4.266666667E-01, 2.000000000E-02, 5.525113898E+02
      3081, 1.000000000E-02,-1.732050808E-02, 4.266666667E-01, 2.000000000E-02, 5.525113898E+02
      3082,-1.217522858E-02,-1.586706681E-02, 4.266666667E-01, 2.000000000E-02, 5.525114432E+02
      3083, 1.217522858E-02,-1.586706681E-02, 4.266666667E-01, 2.000000000E-02, 5.525114432E+02
      3084,-1.414213562E-02,-1.414213562E-02, 4.266666667E-01, 2.000000000E-02, 5.525114624E+02
      3085, 1.414213562E-02,-1.414213562E-02, 4.266666667E-01, 2.000000000E-02, 5.525114624E+02
      3086,-1.586706681E-02,-1.217522858E-02, 4.266666667E-01, 2.000000000E-02, 5.525114432E+02
      3087, 1.586706681E-02,-1.217522858E-02, 4.266666667E-01, 2.000000000E-02, 5.525114432E+02
      3088,-1.732050808E-02,-1.000000000E-02, 4.266666667E-01, 2.000000000E-02, 5.525113898E+02
      3089, 1.732050808E-02,-1.000000000E-02, 4.266666667E-01, 2.000000000E-02, 5.525113898E+02
      3090,-1.847759065E-02,-7.653668647E-03, 4.266666667E-01, 2.000000000E-02, 5.525113151E+02
      3091, 1.847759065E-02,-7.653668647E-03, 4.266666667E-01, 2.000000000E-02, 5.525113151E+02
      3092,-1.931851653E-02,-5.176380902E-03, 4.266666667E-01, 2.000000000E-02, 5.525112384E+02
      3093, 1.931851653E-02,-5.176380902E-03, 4.266666667E-01, 2.000000000E-02, 5.525112384E+02
      3094,-1.982889723E-02,-2.610523844E-03, 4.266666667E-01, 2.000000000E-02, 5.525111810E+02
      3095, 1.982889723E-02,-2.610523844E-03, 4.266666667E-01, 2.000000000E-02, 5.525111810E+02
      3096,-2.000000000E-02, 7.347880795E-18, 4.266666667E-01, 2.000000000E-02, 5.525111598E+02
      3097, 2.000000000E-02,-4.898587197E-18, 4.266666667E-01, 2.000000000E-02, 5.525111598E+02
      3098,-1.982889723E-02, 2.610523844E-03, 4.266666667E-01, 2.000000000E-02, 5.525111810E+02
      3099, 1.982889723E-02, 2.610523844E-03, 4.266666667E-01, 2.000000000E-02, 5.525111810E+02
      3100,-1.931851653E-02, 5.176380902E-03, 4.266666667E-01, 2.000000000E-02, 5.525112384E+02
      3101, 1.931851653E-02, 5.176380902E-03, 4.266666667E-01, 2.000000000E-02, 5.525112384E+02
      3102,-1.847759065E-02, 7.653668647E-03, 4.266666667E-01, 2.000000000E-02, 5.525113151E+02
      3103, 1.847759065E-02, 7.653668647E-03, 4.266666667E-01, 2.000000000E-02, 5.525113151E+02
      3104,-1.732050808E-02, 1.000000000E-02, 4.266666667E-01, 2.000000000E-02, 5.525113898E+02
      3105, 1.732050808E-02, 1.000000000E-02, 4.266666667E-01, 2.000000000E-02, 5.525113898E+02
      3106,-1.586706681E-02, 1.217522858E-02, 4.266666667E-01, 2.000000000E-02, 5.525114432E+02
      3107, 1.586706681E-02, 1.217522858E-02, 4.266666667E-01, 2.000000000E-02, 5.525114432E+02
      3108,-1.414213562E-02, 1.414213562E-02, 4.266666667E-01, 2.000000000E-02, 5.525114624E+02
      3109, 1.414213562E-02, 1.414213562E-02, 4.266666667E-01, 2.000000000E-02, 5.525114624E+02
      3110,-1.217522858E-02, 1.586706681E-02, 4.266666667E-01, 2.000000000E-02, 5.525114432E+02
      3111, 1.217522858E-02, 1.586706681E-02, 4.266666667E-01, 2.000000000E-02, 5.525114432E+02
      3112,-1.000000000E-02, 1.732050808E-02, 4.266666667E-01, 2.000000000E-02, 5.525113898E+02
      3113, 1.000000000E-02, 1.732050808E-02, 4.266666667E-01, 2.000000000E-02, 5.525113898E+02
      3114,-7.653668647E-03, 1.847759065E-02, 4.266666667E-01, 2.000000000E-02, 5.525113151E+02
      3115, 7.653668647E-03, 1.847759065E-02, 4.266666667E-01, 2.000000000E-02, 5.525113151E+02
      3116,-5.176380902E-03, 1.931851653E-02, 4.266666667E-01, 2.000000000E-02, 5.525112384E+02
      3117, 5.176380902E-03, 1.931851653E-02, 4.266666667E-01, 2.000000000E-02, 5.525112384E+02
      3118,-2.610523844E-03, 1.982889723E-02, 4.266666667E-01, 2.000000000E-02, 5.525111810E+02
      3119, 2.610523844E-03, 1.982889723E-02, 4.266666667E-01, 2.000000000E-02, 5.525111810E+02
      3120, 6.123233996E-18, 2.000000000E-02, 4.266666667E-01, 2.000000000E-02, 5.525111598E+02
      3121,-3.673940397E-18,-2.000000000E-02, 4.333333333E-01, 2.000000000E-02, 5.530807091E+02
      3122,-2.610523844E-03,-1.982889723E-02, 4.333333333E-01, 2.000000000E-02, 5.530807308E+02
      3123, 2.610523844E-03,-1.982889723E-02, 4.333333333E-01, 2.000000000E-02, 5.530807308E+02
      3124,-5.176380902E-03,-1.931851653E-02, 4.333333333E-01, 2.000000000E-02, 5.530807895E+02
      3125, 5.176380902E-03,-1.931851653E-02, 4.333333333E-01, 2.000000000E-02, 5.530807895E+02
      3126,-7.653668647E-03,-1.847759065E-02, 4.333333333E-01, 2.000000000E-02, 5.530808680E+02
      3127, 7.653668647E-03,-1.847759065E-02, 4.333333333E-01, 2.000000000E-02, 5.530808680E+02
      3128,-1.000000000E-02,-1.732050808E-02, 4.333333333E-01, 2.000000000E-02, 5.530809445E+02
      3129, 1.000000000E-02,-1.732050808E-02, 4.333333333E-01, 2.000000000E-02, 5.530809445E+02
      3130,-1.217522858E-02,-1.586706681E-02, 4.333333333E-01, 2.000000000E-02, 5.530809992E+02
      3131, 1.217522858E-02,-1.586706681E-02, 4.333333333E-01, 2.000000000E-02, 5.530809992E+02
      3132,-1.414213562E-02,-1.414213562E-02, 4.333333333E-01, 2.000000000E-02, 5.530810189E+02
      3133, 1.414213562E-02,-1.414213562E-02, 4.333333333E-01, 2.000000000E-02, 5.530810189E+02
      3134,-1.586706681E-02,-1.217522858E-02, 4.333333333E-01, 2.000000000E-02, 5.530809992E+02
      3135, 1.586706681E-02,-1.217522858E-02, 4.333333333E-01, 2.000000000E-02, 5.530809992E+02
      3136,-1.732050808E-02,-1.000000000E-02, 4.333333333E-01, 2.000000000E-02, 5.530809445E+02
      3137, 1.732050808E-02,-1.000000000E-02, 4.333333333E-01, 2.000000000E-02, 5.530809445E+02
      3138,-1.847759065E-02,-7.653668647E-03, 4.333333333E-01, 2.000000000E-02, 5.530808680E+02
      3139, 1.847759065E-02,-7.653668647E-03, 4.333333333E-01, 2.000000000E-02, 5.530808680E+02
      3140,-1.931851653E-02,-5.176380902E-03, 4.333333333E-01, 2.000000000E-02, 5.530807895E+02
      3141, 1.931851653E-02,-5.176380902E-03, 4.333333333E-01, 2.000000000E-02, 5.530807895E+02
      3142,-1.982889723E-02,-2.610523844E-03, 4.333333333E-01, 2.000000000E-02, 5.530807308E+02
      3143, 1.982889723E-02,-2.610523844E-03, 4.333333333E-01, 2.000000000E-02, 5.530807308E+02
      3144,-2.000000000E-02, 7.347880795E-18, 4.333333333E-01, 2.000000000E-02, 5.530807091E+02
      3145, 2.000000000E-02,-4.898587197E-18, 4.333333333E-01, 2.000000000E-02, 5.530807091E+02
      3146,-1.982889723E-02, 2.610523844E-03, 4.333333333E-01, 2.000000000E-02, 5.530807308E+02
      3147, 1.982889723E-02, 2.610523844E-03, 4.333333333E-01, 2.000000000E-02, 5.530807308E+02
      3148,-1.931851653E-02, 5.176380902E-03, 4.333333333E-01, 2.000000000E-02, 5.530807895E+02
      3149, 1.931851653E-02, 5.176380902E-03, 4.333333333E-01, 2.000000000E-02, 5.530807895E+02
      3150,-1.847759065E-02, 7.653668647E-03, 4.333333333E-01, 2.000000000E-02, 5.530808680E+02
      3151, 1.847759065E-02, 7.653668647E-03, 4.333333333E-01, 2.000000000E-02, 5.530808680E+02
      3152,-1.732050808E-02, 1.000000000E-02, 4.333333333E-01, 2.000000000E-02, 5.530809445E+02
      3153, 1.732050808E-02, 1.000000000E-02, 4.333333333E-01, 2.000000000E-02, 5.530809445E+02
      3154,-1.586706681E-02, 1.217522858E-02, 4.333333333E-01, 2.000000000E-02, 5.530809992E+02
      3155, 1.586706681E-02, 1.217522858E-02, 4.333333333E-01, 2.000000000E-02, 5.530809992E+02
      3156,-1.414213562E-02, 1.414213562E-02, 4.333333333E-01, 2.000000000E-02, 5.530810189E+02
      3157, 1.414213562E-02, 1.414213562E-02, 4.333333333E-01, 2.000000000E-02, 5.530810189E+02
      3158,-1.217522858E-02, 1.586706681E-02, 4.333333333E-01, 2.000000000E-02, 5.530809992E+02
      3159, 1.217522858E-02, 1.586706681E-02, 4.333333333E-01, 2.000000000E-02, 5.530809992E+02
      3160,-1.000000000E-02, 1.732050808E-02, 4.333333333E-01, 2.000000000E-02, 5.530809445E+02
      3161, 1.000000000E-02, 1.732050808E-02, 4.333333333E-01, 2.000000000E-02, 5.530809445E+02
      3162,-7.653668647E-03, 1.847759065E-02, 4.333333333E-01, 2.000000000E-02, 5.530808680E+02
      3163, 7.653668647E-03, 1.847759065E-02, 4.333333333E-01, 2.000000000E-02, 5.530808680E+02
      3164,-5.176380902E-03, 1.931851653E-02, 4.333333333E-01, 2.000000000E-02, 5.530807895E+02
      3165, 5.176380902E-03, 1.931851653E-02, 4.333333333E-01, 2.000000000E-02, 5.530807895E+02
      3166,-2.610523844E-03, 1.982889723E-02, 4.333333333E-01, 2.000000000E-02, 5.530807308E+02
      3167, 2.610523844E-03, 1.982889723E-02, 4.333333333E-01, 2.000000000E-02, 5.530807308E+02
      3168, 6.123233996E-18, 2.000000000E-02, 4.333333333E-01, 2.000000000E-02, 5.530807091E+02
      3169,-3.673940397E-18,-2.000000000E-02, 4.400000000E-01, 2.000000000E-02, 5.536396134E+02
      3170,-2.610523844E-03,-1.982889723E-02, 4.400000000E-01, 2.000000000E-02, 5.536396353E+02
      3171, 2.610523844E-03,-1.982889723E-02, 4.400000000E-01, 2.000000000E-02, 5.536396353E+02
      3172,-5.176380902E-03,-1.931851653E-02, 4.400000000E-01, 2.000000000E-02, 5.536396945E+02
      3173, 5.176380902E-03,-1.931851653E-02, 4.400000000E-01, 2.000000000E-02, 5.536396945E+02
      3174,-7.653668647E-03,-1.847759065E-02, 4.400000000E-01, 2.000000000E-02, 5.536397738E+02
      3175, 7.653668647E-03,-1.847759065E-02, 4.400000000E-01, 2.000000000E-02, 5.536397738E+02
      3176,-1.000000000E-02,-1.732050808E-02, 4.400000000E-01, 2.000000000E-02, 5.536398510E+02
      3177, 1.000000000E-02,-1.732050808E-02, 4.400000000E-01, 2.000000000E-02, 5.536398510E+02
      3178,-1.217522858E-02,-1.586706681E-02, 4.400000000E-01, 2.000000000E-02, 5.536399062E+02
      3179, 1.217522858E-02,-1.586706681E-02, 4.400000000E-01, 2.000000000E-02, 5.536399062E+02
      3180,-1.414213562E-02,-1.414213562E-02, 4.400000000E-01, 2.000000000E-02, 5.536399261E+02
      3181, 1.414213562E-02,-1.414213562E-02, 4.400000000E-01, 2.000000000E-02, 5.536399261E+02
      3182,-1.586706681E-02,-1.217522858E-02, 4.400000000E-01, 2.000000000E-02, 5.536399062E+02
      3183, 1.586706681E-02,-1.217522858E-02, 4.400000000E-01, 2.000000000E-02, 5.536399062E+02
      3184,-1.732050808E-02,-1.000000000E-02, 4.400000000E-01, 2.000000000E-02, 5.536398510E+02
      3185, 1.732050808E-02,-1.000000000E-02, 4.400000000E-01, 2.000000000E-02, 5.536398510E+02
      3186,-1.847759065E-02,-7.653668647E-03, 4.400000000E-01, 2.000000000E-02, 5.536397738E+02
      3187, 1.847759065E-02,-7.653668647E-03, 4.400000000E-01, 2.000000000E-02, 5.536397738E+02
      3188,-1.931851653E-02,-5.176380902E-03, 4.400000000E-01, 2.000000000E-02, 5.536396945E+02
      3189, 1.931851653E-02,-5.176380902E-03, 4.400000000E-01, 2.000000000E-02, 5.536396945E+02
      3190,-1.982889723E-02,-2.610523844E-03, 4.400000000E-01, 2.000000000E-02, 5.536396353E+02
      3191, 1.982889723E-02,-2.610523844E-03, 4.400000000E-01, 2.000000000E-02, 5.536396353E+02
      3192,-2.000000000E-02, 7.347880795E-18, 4.400000000E-01, 2.000000000E-02, 5.536396134E+02
      3193, 2.000000000E-02,-4.898587197E-18, 4.400000000E-01, 2.000000000E-02, 5.536396134E+02
      3194,-1.982889723E-02, 2.610523844E-03, 4.400000000E-01, 2.000000000E-02, 5.536396353E+02
      3195, 1.982889723E-02, 2.610523844E-03, 4.400000000E-01, 2.000000000E-02, 5.536396353E+02
      3196,-1.931851653E-02, 5.176380902E-03, 4.400000000E-01, 2.000000000E-02, 5.536396945E+02
      3197, 1.931851653E-02, 5.176380902E-03, 4.400000000E-01, 2.000000000E-02, 5.536396945E+02
      3198,-1.847759065E-02, 7.653668647E-03, 4.400000000E-01, 2.000000000E-02, 5.536397738E+02
      3199, 1.847759065E-02, 7.653668647E-03, 4.400000000E-01, 2.000000000E-02, 5.536397738E+02
      3200,-1.732050808E-02, 1.000000000E-02, 4.400000000E-01, 2.000000000E-02, 5.536398510E+02
      3201, 1.732050808E-02, 1.000000000E-02, 4.400000000E-01, 2.000000000E-02, 5.536398510E+02
      3202,-1.586706681E-02, 1.217522858E-02, 4.400000000E-01, 2.000000000E-02, 5.536399062E+02
      3203, 1.586706681E-02, 1.217522858E-02, 4.400000000E-01, 2.000000000E-02, 5.536399062E+02
      3204,-1.414213562E-02, 1.414213562E-02, 4.400000000E-01, 2.000000000E-02, 5.536399261E+02
      3205, 1.414213562E-02, 1.414213562E-02, 4.400000000E-01, 2.000000000E-02, 5.536399261E+02
      3206,-1.217522858E-02, 1.586706681E-02, 4.400000000E-01, 2.000000000E-02, 5.536399062E+02
      3207, 1.217522858E-02, 1.586706681E-02, 4.400000000E-01, 2.000000000E-02, 5.536399062E+02
      3208,-1.000000000E-02, 1.732050808E-02, 4.400000000E-01, 2.000000000E-02, 5.536398510E+02
      3209, 1.000000000E-02, 1.732050808E-02, 4.400000000E-01, 2.000000000E-02, 5.536398510E+02
      3210,-7.653668647E-03, 1.847759065E-02, 4.400000000E-01, 2.000000000E-02, 5.536397738E+02
      3211, 7.653668647E-03, 1.847759065E-02, 4.400000000E-01, 2.000000000E-02, 5.536397738E+02
      3212,-5.176380902E-03, 1.931851653E-02, 4.400000000E-01, 2.000000000E-02, 5.536396945E+02
      3213, 5.176380902E-03, 1.931851653E-02, 4.400000000E-01, 2.000000000E-02, 5.536396945E+02
      3214,-2.610523844E-03, 1.982889723E-02, 4.400000000E-01, 2.000000000E-02, 5.536396353E+02
      3215, 2.610523844E-03, 1.982889723E-02, 4.400000000E-01, 2.000000000E-02, 5.536396353E+02
      3216, 6.123233996E-18, 2.000000000E-02, 4.400000000E-01, 2.000000000E-02, 5.536396134E+02
      3217,-3.673940397E-18,-2.000000000E-02, 4.466666667E-01, 2.000000000E-02, 5.541879372E+02
      3218,-2.610523844E-03,-1.982889723E-02, 4.466666667E-01, 2.000000000E-02, 5.541879591E+02
      3219, 2.610523844E-03,-1.982889723E-02, 4.466666667E-01, 2.000000000E-02, 5.541879591E+02
      3220,-5.176380902E-03,-1.931851653E-02, 4.466666667E-01, 2.000000000E-02, 5.541880182E+02
      3221, 5.176380902E-03,-1.931851653E-02, 4.466666667E-01, 2.000000000E-02, 5.541880182E+02
      3222,-7.653668647E-03,-1.847759065E-02, 4.466666667E-01, 2.000000000E-02, 5.541880973E+02
      3223, 7.653668647E-03,-1.847759065E-02, 4.466666667E-01, 2.000000000E-02, 5.541880973E+02
      3224,-1.000000000E-02,-1.732050808E-02, 4.466666667E-01, 2.000000000E-02, 5.541881743E+02
      3225, 1.000000000E-02,-1.732050808E-02, 4.466666667E-01, 2.000000000E-02, 5.541881743E+02
      3226,-1.217522858E-02,-1.586706681E-02, 4.466666667E-01, 2.000000000E-02, 5.541882293E+02
      3227, 1.217522858E-02,-1.586706681E-02, 4.466666667E-01, 2.000000000E-02, 5.541882293E+02
      3228,-1.414213562E-02,-1.414213562E-02, 4.466666667E-01, 2.000000000E-02, 5.541882491E+02
      3229, 1.414213562E-02,-1.414213562E-02, 4.466666667E-01, 2.000000000E-02, 5.541882491E+02
      3230,-1.586706681E-02,-1.217522858E-02, 4.466666667E-01, 2.000000000E-02, 5.541882293E+02
      3231, 1.586706681E-02,-1.217522858E-02, 4.466666667E-01, 2.000000000E-02, 5.541882293E+02
      3232,-1.732050808E-02,-1.000000000E-02, 4.466666667E-01, 2.000000000E-02, 5.541881743E+02
      3233, 1.732050808E-02,-1.000000000E-02, 4.466666667E-01, 2.000000000E-02, 5.541881743E+02
      3234,-1.847759065E-02,-7.653668647E-03, 4.466666667E-01, 2.000000000E-02, 5.541880973E+02
      3235, 1.847759065E-02,-7.653668647E-03, 4.466666667E-01, 2.000000000E-02, 5.541880973E+02
      3236,-1.931851653E-02,-5.176380902E-03, 4.466666667E-01, 2.000000000E-02, 5.541880182E+02
      3237, 1.931851653E-02,-5.176380902E-03, 4.466666667E-01, 2.000000000E-02, 5.541880182E+02
      3238,-1.982889723E-02,-2.610523844E-03, 4.466666667E-01, 2.000000000E-02, 5.541879591E+02
      3239, 1.982889723E-02,-2.610523844E-03, 4.466666667E-01, 2.000000000E-02, 5.541879591E+02
      3240,-2.000000000E-02, 7.347880795E-18, 4.466666667E-01, 2.000000000E-02, 5.541879372E+02
      3241, 2.000000000E-02,-4.898587197E-18, 4.466666667E-01, 2.000000000E-02, 5.541879372E+02
      3242,-1.982889723E-02, 2.610523844E-03, 4.466666667E-01, 2.000000000E-02, 5.541879591E+02
      3243, 1.982889723E-02, 2.610523844E-03, 4.466666667E-01, 2.000000000E-02, 5.541879591E+02
      3244,-1.931851653E-02, 5.176380902E-03, 4.466666667E-01, 2.000000000E-02, 5.541880182E+02
      3245, 1.931851653E-02, 5.176380902E-03, 4.466666667E-01, 2.000000000E-02, 5.541880182E+02
      3246,-1.847759065E-02, 7.653668647E-03, 4.466666667E-01, 2.000000000E-02, 5.541880973E+02
      3247, 1.847759065E-02, 7.653668647E-03, 4.466666667E-01, 2.000000000E-02, 5.541880973E+02
      3248,-1.732050808E-02, 1.000000000E-02, 4.466666667E-01, 2.000000000E-02, 5.541881743E+02
      3249, 1.732050808E-02, 1.000000000E-02, 4.466666667E-01, 2.000000000E-02, 5.541881743E+02
      3250,-1.586706681E-02, 1.217522858E-02, 4.466666667E-01, 2.000000000E-02, 5.541882293E+02
      3251, 1.586706681E-02, 1.217522858E-02, 4.466666667E-01, 2.000000000E-02, 5.541882293E+02
      3252,-1.414213562E-02, 1.414213562E-02, 4.466666667E-01, 2.000000000E-02, 5.541882491E+02
      3253, 1.414213562E-02, 1.414213562E-02, 4.466666667E-01, 2.000000000E-02, 5.541882491E+02
      3254,-1.217522858E-02, 1.586706681E-02, 4.466666667E-01, 2.000000000E-02, 5.541882293E+02
      3255, 1.217522858E-02, 1.586706681E-02, 4.466666667E-01, 2.000000000E-02, 5.541882293E+02
      3256,-1.000000000E-02, 1.732050808E-02, 4.466666667E-01, 2.000000000E-02, 5.541881743E+02
      3257, 1.000000000E-02, 1.732050808E-02, 4.466666667E-01, 2.000000000E-02, 5.541881743E+02
      3258,-7.653668647E-03, 1.847759065E-02, 4.466666667E-01, 2.000000000E-02, 5.541880973E+02
      3259, 7.653668647E-03, 1.847759065E-02, 4.466666667E-01, 2.000000000E-02, 5.541880973E+02
      3260,-5.176380902E-03, 1.931851653E-02, 4.466666667E-01, 2.000000000E-02, 5.541880182E+02
      3261, 5.176380902E-03, 1.931851653E-02, 4.466666667E-01, 2.000000000E-02, 5.541880182E+02
      3262,-2.610523844E-03, 1.982889723E-02, 4.466666667E-01, 2.000000000E-02, 5.541879591E+02
      3263, 2.610523844E-03, 1.982889723E-02, 4.466666667E-01, 2.000000000E-02, 5.541879591E+02
      3264, 6.123233996E-18, 2.000000000E-02, 4.466666667E-01, 2.000000000E-02, 5.541879372E+02
      3265,-3.673940397E-18,-2.000000000E-02, 4.533333333E-01, 2.000000000E-02, 5.547257056E+02
      3266,-2.610523844E-03,-1.982889723E-02, 4.533333333E-01, 2.000000000E-02, 5.547257272E+02
      3267, 2.610523844E-03,-1.982889723E-02, 4.533333333E-01, 2.000000000E-02, 5.547257272E+02
      3268,-5.176380902E-03,-1.931851653E-02, 4.533333333E-01, 2.000000000E-02, 5.547257857E+02
      3269, 5.176380902E-03,-1.931851653E-02, 4.533333333E-01, 2.000000000E-02, 5.547257857E+02
      3270,-7.653668647E-03,-1.847759065E-02, 4.533333333E-01, 2.000000000E-02, 5.547258638E+02
      3271, 7.653668647E-03,-1.847759065E-02, 4.533333333E-01, 2.000000000E-02, 5.547258638E+02
      3272,-1.000000000E-02,-1.732050808E-02, 4.533333333E-01, 2.000000000E-02, 5.547259399E+02
      3273, 1.000000000E-02,-1.732050808E-02, 4.533333333E-01, 2.000000000E-02, 5.547259399E+02
      3274,-1.217522858E-02,-1.586706681E-02, 4.533333333E-01, 2.000000000E-02, 5.547259942E+02
      3275, 1.217522858E-02,-1.586706681E-02, 4.533333333E-01, 2.000000000E-02, 5.547259942E+02
      3276,-1.414213562E-02,-1.414213562E-02, 4.533333333E-01, 2.000000000E-02, 5.547260137E+02
      3277, 1.414213562E-02,-1.414213562E-02, 4.533333333E-01, 2.000000000E-02, 5.547260137E+02
      3278,-1.586706681E-02,-1.217522858E-02, 4.533333333E-01, 2.000000000E-02, 5.547259942E+02
      3279, 1.586706681E-02,-1.217522858E-02, 4.533333333E-01, 2.000000000E-02, 5.547259942E+02
      3280,-1.732050808E-02,-1.000000000E-02, 4.533333333E-01, 2.000000000E-02, 5.547259399E+02
      3281, 1.732050808E-02,-1.000000000E-02, 4.533333333E-01, 2.000000000E-02, 5.547259399E+02
      3282,-1.847759065E-02,-7.653668647E-03, 4.533333333E-01, 2.000000000E-02, 5.547258638E+02
      3283, 1.847759065E-02,-7.653668647E-03, 4.533333333E-01, 2.000000000E-02, 5.547258638E+02
      3284,-1.931851653E-02,-5.176380902E-03, 4.533333333E-01, 2.000000000E-02, 5.547257857E+02
      3285, 1.931851653E-02,-5.176380902E-03, 4.533333333E-01, 2.000000000E-02, 5.547257857E+02
      3286,-1.982889723E-02,-2.610523844E-03, 4.533333333E-01, 2.000000000E-02, 5.547257272E+02
      3287, 1.982889723E-02,-2.610523844E-03, 4.533333333E-01, 2.000000000E-02, 5.547257272E+02
      3288,-2.000000000E-02, 7.347880795E-18, 4.533333333E-01, 2.000000000E-02, 5.547257056E+02
      3289, 2.000000000E-02,-4.898587197E-18, 4.533333333E-01, 2.000000000E-02, 5.547257056E+02
      3290,-1.982889723E-02, 2.610523844E-03, 4.533333333E-01, 2.000000000E-02, 5.547257272E+02
      3291, 1.982889723E-02, 2.610523844E-03, 4.533333333E-01, 2.000000000E-02, 5.547257272E+02
      3292,-1.931851653E-02, 5.176380902E-03, 4.533333333E-01, 2.000000000E-02, 5.547257857E+02
      3293, 1.931851653E-02, 5.176380902E-03, 4.533333333E-01, 2.000000000E-02, 5.547257857E+02
      3294,-1.847759065E-02, 7.653668647E-03, 4.533333333E-01, 2.000000000E-02, 5.547258638E+02
      3295, 1.847759065E-02, 7.653668647E-03, 4.533333333E-01, 2.000000000E-02, 5.547258638E+02
      3296,-1.732050808E-02, 1.000000000E-02, 4.533333333E-01, 2.000000000E-02, 5.547259399E+02
      3297, 1.732050808E-02, 1.000000000E-02, 4.533333333E-01, 2.000000000E-02, 5.547259399E+02
      3298,-1.586706681E-02, 1.217522858E-02, 4.533333333E-01, 2.000000000E-02, 5.547259942E+02
      3299, 1.586706681E-02, 1.217522858E-02, 4.533333333E-01, 2.000000000E-02, 5.547259942E+02
      3300,-1.414213562E-02, 1.414213562E-02, 4.533333333E-01, 2.000000000E-02, 5.547260137E+02
      3301, 1.414213562E-02, 1.414213562E-02, 4.533333333E-01, 2.000000000E-02, 5.547260137E+02
      3302,-1.217522858E-02, 1.586706681E-02, 4.533333333E-01, 2.000000000E-02, 5.547259942E+02
      3303, 1.217522858E-02, 1.586706681E-02, 4.533333333E-01, 2.000000000E-02, 5.547259942E+02
      3304,-1.000000000E-02, 1.732050808E-02, 4.533333333E-01, 2.000000000E-02, 5.547259399E+02
      3305, 1.000000000E-02, 1.732050808E-02, 4.533333333E-01, 2.000000000E-02, 5.547259399E+02
      3306,-7.653668647E-03, 1.847759065E-02, 4.533333333E-01, 2.000000000E-02, 5.547258638E+02
      3307, 7.653668647E-03, 1.847759065E-02, 4.533333333E-01, 2.000000000E-02, 5.547258638E+02
      3308,-5.176380902E-03, 1.931851653E-02, 4.533333333E-01, 2.000000000E-02, 5.547257857E+02
      3309, 5.176380902E-03, 1.931851653E-02, 4.533333333E-01, 2.000000000E-02, 5.547257857E+02
      3310,-2.610523844E-03, 1.982889723E-02, 4.533333333E-01, 2.000000000E-02, 5.547257272E+02
      3311, 2.610523844E-03, 1.982889723E-02, 4.533333333E-01, 2.000000000E-02, 5.547257272E+02
      3312, 6.123233996E-18, 2.000000000E-02, 4.533333333E-01, 2.000000000E-02, 5.547257056E+02
      3313,-3.673940397E-18,-2.000000000E-02, 4.600000000E-01, 2.000000000E-02, 5.552528997E+02
      3314,-2.610523844E-03,-1.982889723E-02, 4.600000000E-01, 2.000000000E-02, 5.552529209E+02
      3315, 2.610523844E-03,-1.982889723E-02, 4.600000000E-01, 2.000000000E-02, 5.552529209E+02
      3316,-5.176380902E-03,-1.931851653E-02, 4.600000000E-01, 2.000000000E-02, 5.552529784E+02
      3317, 5.176380902E-03,-1.931851653E-02, 4.600000000E-01, 2.000000000E-02, 5.552529784E+02
      3318,-7.653668647E-03,-1.847759065E-02, 4.600000000E-01, 2.000000000E-02, 5.552530551E+02
      3319, 7.653668647E-03,-1.847759065E-02, 4.600000000E-01, 2.000000000E-02, 5.552530551E+02
      3320,-1.000000000E-02,-1.732050808E-02, 4.600000000E-01, 2.000000000E-02, 5.552531297E+02
      3321, 1.000000000E-02,-1.732050808E-02, 4.600000000E-01, 2.000000000E-02, 5.552531297E+02
      3322,-1.217522858E-02,-1.586706681E-02, 4.600000000E-01, 2.000000000E-02, 5.552531829E+02
      3323, 1.217522858E-02,-1.586706681E-02, 4.600000000E-01, 2.000000000E-02, 5.552531829E+02
      3324,-1.414213562E-02,-1.414213562E-02, 4.600000000E-01, 2.000000000E-02, 5.552532021E+02
      3325, 1.414213562E-02,-1.414213562E-02, 4.600000000E-01, 2.000000000E-02, 5.552532021E+02
      3326,-1.586706681E-02,-1.217522858E-02, 4.600000000E-01, 2.000000000E-02, 5.552531829E+02
      3327, 1.586706681E-02,-1.217522858E-02, 4.600000000E-01, 2.000000000E-02, 5.552531829E+02
      3328,-1.732050808E-02,-1.000000000E-02, 4.600000000E-01, 2.000000000E-02, 5.552531297E+02
      3329, 1.732050808E-02,-1.000000000E-02, 4.600000000E-01, 2.000000000E-02, 5.552531297E+02
      3330,-1.847759065E-02,-7.653668647E-03, 4.600000000E-01, 2.000000000E-02, 5.552530551E+02
      3331, 1.847759065E-02,-7.653668647E-03, 4.600000000E-01, 2.000000000E-02, 5.552530551E+02
      3332,-1.931851653E-02,-5.176380902E-03, 4.600000000E-01, 2.000000000E-02, 5.552529784E+02
      3333, 1.931851653E-02,-5.176380902E-03, 4.600000000E-01, 2.000000000E-02, 5.552529784E+02
      3334,-1.982889723E-02,-2.610523844E-03, 4.600000000E-01, 2.000000000E-02, 5.552529209E+02
      3335, 1.982889723E-02,-2.610523844E-03, 4.600000000E-01, 2.000000000E-02, 5.552529209E+02
      3336,-2.000000000E-02, 7.347880795E-18, 4.600000000E-01, 2.000000000E-02, 5.552528997E+02
      3337, 2.000000000E-02,-4.898587197E-18, 4.600000000E-01, 2.000000000E-02, 5.552528997E+02
      3338,-1.982889723E-02, 2.610523844E-03, 4.600000000E-01, 2.000000000E-02, 5.552529209E+02
      3339, 1.982889723E-02, 2.610523844E-03, 4.600000000E-01, 2.000000000E-02, 5.552529209E+02
      3340,-1.931851653E-02, 5.176380902E-03, 4.600000000E-01, 2.000000000E-02, 5.552529784E+02
      3341, 1.931851653E-02, 5.176380902E-03, 4.600000000E-01, 2.000000000E-02, 5.552529784E+02
      3342,-1.847759065E-02, 7.653668647E-03, 4.600000000E-01, 2.000000000E-02, 5.552530551E+02
      3343, 1.847759065E-02, 7.653668647E-03, 4.600000000E-01, 2.000000000E-02, 5.552530551E+02
      3344,-1.732050808E-02, 1.000000000E-02, 4.600000000E-01, 2.000000000E-02, 5.552531297E+02
      3345, 1.732050808E-02, 1.000000000E-02, 4.600000000E-01, 2.000000000E-02, 5.552531297E+02
      3346,-1.586706681E-02, 1.217522858E-02, 4.600000000E-01, 2.000000000E-02, 5.552531829E+02
      3347, 1.586706681E-02, 1.217522858E-02, 4.600000000E-01, 2.000000000E-02, 5.552531829E+02
      3348,-1.414213562E-02, 1.414213562E-02, 4.600000000E-01, 2.000000000E-02, 5.552532021E+02
      3349, 1.414213562E-02, 1.414213562E-02, 4.600000000E-01, 2.000000000E-02, 5.552532021E+02
      3350,-1.217522858E-02, 1.586706681E-02, 4.600000000E-01, 2.000000000E-02, 5.552531829E+02
      3351, 1.217522858E-02, 1.586706681E-02, 4.600000000E-01, 2.000000000E-02, 5.552531829E+02
      3352,-1.000000000E-02, 1.732050808E-02, 4.600000000E-01, 2.000000000E-02, 5.552531297E+02
      3353, 1.000000000E-02, 1.732050808E-02, 4.600000000E-01, 2.000000000E-02, 5.552531297E+02
      3354,-7.653668647E-03, 1.847759065E-02, 4.600000000E-01, 2.000000000E-02, 5.552530551E+02
      3355, 7.653668647E-03, 1.847759065E-02, 4.600000000E-01, 2.000000000E-02, 5.552530551E+02
      3356,-5.176380902E-03, 1.931851653E-02, 4.600000000E-01, 2.000000000E-02, 5.552529784E+02
      3357, 5.176380902E-03, 1.931851653E-02, 4.600000000E-01, 2.000000000E-02, 5.552529784E+02
      3358,-2.610523844E-03, 1.982889723E-02, 4.600000000E-01, 2.000000000E-02, 5.552529209E+02
      3359, 2.610523844E-03, 1.982889723E-02, 4.600000000E-01, 2.000000000E-02, 5.552529209E+02
      3360, 6.123233996E-18, 2.000000000E-02, 4.600000000E-01, 2.000000000E-02, 5.552528997E+02
      3361,-3.673940397E-18,-2.000000000E-02, 4.666666667E-01, 2.000000000E-02, 5.557694515E+02
      3362,-2.610523844E-03,-1.982889723E-02, 4.666666667E-01, 2.000000000E-02, 5.557694723E+02
      3363, 2.610523844E-03,-1.982889723E-02, 4.666666667E-01, 2.000000000E-02, 5.557694723E+02
      3364,-5.176380902E-03,-1.931851653E-02, 4.666666667E-01, 2.000000000E-02, 5.557695285E+02
      3365, 5.176380902E-03,-1.931851653E-02, 4.666666667E-01, 2.000000000E-02, 5.557695285E+02
      3366,-7.653668647E-03,-1.847759065E-02, 4.666666667E-01, 2.000000000E-02, 5.557696036E+02
      3367, 7.653668647E-03,-1.847759065E-02, 4.666666667E-01, 2.000000000E-02, 5.557696036E+02
      3368,-1.000000000E-02,-1.732050808E-02, 4.666666667E-01, 2.000000000E-02, 5.557696764E+02
      3369, 1.000000000E-02,-1.732050808E-02, 4.666666667E-01, 2.000000000E-02, 5.557696764E+02
      3370,-1.217522858E-02,-1.586706681E-02, 4.666666667E-01, 2.000000000E-02, 5.557697284E+02
      3371, 1.217522858E-02,-1.586706681E-02, 4.666666667E-01, 2.000000000E-02, 5.557697284E+02
      3372,-1.414213562E-02,-1.414213562E-02, 4.666666667E-01, 2.000000000E-02, 5.557697471E+02
      3373, 1.414213562E-02,-1.414213562E-02, 4.666666667E-01, 2.000000000E-02, 5.557697471E+02
      3374,-1.586706681E-02,-1.217522858E-02, 4.666666667E-01, 2.000000000E-02, 5.557697284E+02
      3375, 1.586706681E-02,-1.217522858E-02, 4.666666667E-01, 2.000000000E-02, 5.557697284E+02
      3376,-1.732050808E-02,-1.000000000E-02, 4.666666667E-01, 2.000000000E-02, 5.557696764E+02
      3377, 1.732050808E-02,-1.000000000E-02, 4.666666667E-01, 2.000000000E-02, 5.557696764E+02
      3378,-1.847759065E-02,-7.653668647E-03, 4.666666667E-01, 2.000000000E-02, 5.557696036E+02
      3379, 1.847759065E-02,-7.653668647E-03, 4.666666667E-01, 2.000000000E-02, 5.557696036E+02
      3380,-1.931851653E-02,-5.176380902E-03, 4.666666667E-01, 2.000000000E-02, 5.557695285E+02
      3381, 1.931851653E-02,-5.176380902E-03, 4.666666667E-01, 2.000000000E-02, 5.557695285E+02
      3382,-1.982889723E-02,-2.610523844E-03, 4.666666667E-01, 2.000000000E-02, 5.557694723E+02
      3383, 1.982889723E-02,-2.610523844E-03, 4.666666667E-01, 2.000000000E-02, 5.557694723E+02
      3384,-2.000000000E-02, 7.347880795E-18, 4.666666667E-01, 2.000000000E-02, 5.557694515E+02
      3385, 2.000000000E-02,-4.898587197E-18, 4.666666667E-01, 2.000000000E-02, 5.557694515E+02
      3386,-1.982889723E-02, 2.610523844E-03, 4.666666667E-01, 2.000000000E-02, 5.557694723E+02
      3387, 1.982889723E-02, 2.610523844E-03, 4.666666667E-01, 2.000000000E-02, 5.557694723E+02
      3388,-1.931851653E-02, 5.176380902E-03, 4.666666667E-01, 2.000000000E-02, 5.557695285E+02
      3389, 1.931851653E-02, 5.176380902E-03, 4.666666667E-01, 2.000000000E-02, 5.557695285E+02
      3390,-1.847759065E-02, 7.653668647E-03, 4.666666667E-01, 2.000000000E-02, 5.557696036E+02
      3391, 1.847759065E-02, 7.653668647E-03, 4.666666667E-01, 2.000000000E-02, 5.557696036E+02
      3392,-1.732050808E-02, 1.000000000E-02, 4.666666667E-01, 2.000000000E-02, 5.557696764E+02
      3393, 1.732050808E-02, 1.000000000E-02, 4.666666667E-01, 2.000000000E-02, 5.557696764E+02
      3394,-1.586706681E-02, 1.217522858E-02, 4.666666667E-01, 2.000000000E-02, 5.557697284E+02
      3395, 1.586706681E-02, 1.217522858E-02, 4.666666667E-01, 2.000000000E-02, 5.557697284E+02
      3396,-1.414213562E-02, 1.414213562E-02, 4.666666667E-01, 2.000000000E-02, 5.557697471E+02
      3397, 1.414213562E-02, 1.414213562E-02, 4.666666667E-01, 2.000000000E-02, 5.557697471E+02
      3398,-1.217522858E-02, 1.586706681E-02, 4.666666667E-01, 2.000000000E-02, 5.557697284E+02
      3399, 1.217522858E-02, 1.586706681E-02, 4.666666667E-01, 2.000000000E-02, 5.557697284E+02
      3400,-1.000000000E-02, 1.732050808E-02, 4.666666667E-01, 2.000000000E-02, 5.557696764E+02
      3401, 1.000000000E-02, 1.732050808E-02, 4.666666667E-01, 2.000000000E-02, 5.557696764E+02
      3402,-7.653668647E-03, 1.847759065E-02, 4.666666667E-01, 2.000000000E-02, 5.557696036E+02
      3403, 7.653668647E-03, 1.847759065E-02, 4.666666667E-01, 2.000000000E-02, 5.557696036E+02
      3404,-5.176380902E-03, 1.931851653E-02, 4.666666667E-01, 2.000000000E-02, 5.557695285E+02
      3405, 5.176380902E-03, 1.931851653E-02, 4.666666667E-01, 2.000000000E-02, 5.557695285E+02
      3406,-2.610523844E-03, 1.982889723E-02, 4.666666667E-01, 2.000000000E-02, 5.557694723E+02
      3407, 2.610523844E-03, 1.982889723E-02, 4.666666667E-01, 2.000000000E-02, 5.557694723E+02
      3408, 6.123233996E-18, 2.000000000E-02, 4.666666667E-01, 2.000000000E-02, 5.557694515E+02
      3409,-3.673940397E-18,-2.000000000E-02, 4.733333333E-01, 2.000000000E-02, 5.562752372E+02
      3410,-2.610523844E-03,-1.982889723E-02, 4.733333333E-01, 2.000000000E-02, 5.562752575E+02
      3411, 2.610523844E-03,-1.982889723E-02, 4.733333333E-01, 2.000000000E-02, 5.562752575E+02
      3412,-5.176380902E-03,-1.931851653E-02, 4.733333333E-01, 2.000000000E-02, 5.562753124E+02
      3413, 5.176380902E-03,-1.931851653E-02, 4.733333333E-01, 2.000000000E-02, 5.562753124E+02
      3414,-7.653668647E-03,-1.847759065E-02, 4.733333333E-01, 2.000000000E-02, 5.562753856E+02
      3415, 7.653668647E-03,-1.847759065E-02, 4.733333333E-01, 2.000000000E-02, 5.562753856E+02
      3416,-1.000000000E-02,-1.732050808E-02, 4.733333333E-01, 2.000000000E-02, 5.562754566E+02
      3417, 1.000000000E-02,-1.732050808E-02, 4.733333333E-01, 2.000000000E-02, 5.562754566E+02
      3418,-1.217522858E-02,-1.586706681E-02, 4.733333333E-01, 2.000000000E-02, 5.562755072E+02
      3419, 1.217522858E-02,-1.586706681E-02, 4.733333333E-01, 2.000000000E-02, 5.562755072E+02
      3420,-1.414213562E-02,-1.414213562E-02, 4.733333333E-01, 2.000000000E-02, 5.562755254E+02
      3421, 1.414213562E-02,-1.414213562E-02, 4.733333333E-01, 2.000000000E-02, 5.562755254E+02
      3422,-1.586706681E-02,-1.217522858E-02, 4.733333333E-01, 2.000000000E-02, 5.562755072E+02
      3423, 1.586706681E-02,-1.217522858E-02, 4.733333333E-01, 2.000000000E-02, 5.562755072E+02
      3424,-1.732050808E-02,-1.000000000E-02, 4.733333333E-01, 2.000000000E-02, 5.562754566E+02
      3425, 1.732050808E-02,-1.000000000E-02, 4.733333333E-01, 2.000000000E-02, 5.562754566E+02
      3426,-1.847759065E-02,-7.653668647E-03, 4.733333333E-01, 2.000000000E-02, 5.562753856E+02
      3427, 1.847759065E-02,-7.653668647E-03, 4.733333333E-01, 2.000000000E-02, 5.562753856E+02
      3428,-1.931851653E-02,-5.176380902E-03, 4.733333333E-01, 2.000000000E-02, 5.562753124E+02
      3429, 1.931851653E-02,-5.176380902E-03, 4.733333333E-01, 2.000000000E-02, 5.562753124E+02
      3430,-1.982889723E-02,-2.610523844E-03, 4.733333333E-01, 2.000000000E-02, 5.562752575E+02
      3431, 1.982889723E-02,-2.610523844E-03, 4.733333333E-01, 2.000000000E-02, 5.562752575E+02
      3432,-2.000000000E-02, 7.347880795E-18, 4.733333333E-01, 2.000000000E-02, 5.562752372E+02
      3433, 2.000000000E-02,-4.898587197E-18, 4.733333333E-01, 2.000000000E-02, 5.562752372E+02
      3434,-1.982889723E-02, 2.610523844E-03, 4.733333333E-01, 2.000000000E-02, 5.562752575E+02
      3435, 1.982889723E-02, 2.610523844E-03, 4.733333333E-01, 2.000000000E-02, 5.562752575E+02
      3436,-1.931851653E-02, 5.176380902E-03, 4.733333333E-01, 2.000000000E-02, 5.562753124E+02
      3437, 1.931851653E-02, 5.176380902E-03, 4.733333333E-01, 2.000000000E-02, 5.562753124E+02
      3438,-1.847759065E-02, 7.653668647E-03, 4.733333333E-01, 2.000000000E-02, 5.562753856E+02
      3439, 1.847759065E-02, 7.653668647E-03, 4.733333333E-01, 2.000000000E-02, 5.562753856E+02
      3440,-1.732050808E-02, 1.000000000E-02, 4.733333333E-01, 2.000000000E-02, 5.562754566E+02
      3441, 1.732050808E-02, 1.000000000E-02, 4.733333333E-01, 2.000000000E-02, 5.562754566E+02
      3442,-1.586706681E-02, 1.217522858E-02, 4.733333333E-01, 2.000000000E-02, 5.562755072E+02
      3443, 1.586706681E-02, 1.217522858E-02, 4.733333333E-01, 2.000000000E-02, 5.562755072E+02
      3444,-1.414213562E-02, 1.414213562E-02, 4.733333333E-01, 2.000000000E-02, 5.562755254E+02
      3445, 1.414213562E-02, 1.414213562E-02, 4.733333333E-01, 2.000000000E-02, 5.562755254E+02
      3446,-1.217522858E-02, 1.586706681E-02, 4.733333333E-01, 2.000000000E-02, 5.562755072E+02
      3447, 1.217522858E-02, 1.586706681E-02, 4.733333333E-01, 2.000000000E-02, 5.562755072E+02
      3448,-1.000000000E-02, 1.732050808E-02, 4.733333333E-01, 2.000000000E-02, 5.562754566E+02
      3449, 1.000000000E-02, 1.732050808E-02, 4.733333333E-01, 2.000000000E-02, 5.562754566E+02
      3450,-7.653668647E-03, 1.847759065E-02, 4.733333333E-01, 2.000000000E-02, 5.562753856E+02
      3451, 7.653668647E-03, 1.847759065E-02, 4.733333333E-01, 2.000000000E-02, 5.562753856E+02
      3452,-5.176380902E-03, 1.931851653E-02, 4.733333333E-01, 2.000000000E-02, 5.562753124E+02
      3453, 5.176380902E-03, 1.931851653E-02, 4.733333333E-01, 2.000000000E-02, 5.562753124E+02
      3454,-2.610523844E-03, 1.982889723E-02, 4.733333333E-01, 2.000000000E-02, 5.562752575E+02
      3455, 2.610523844E-03, 1.982889723E-02, 4.733333333E-01, 2.000000000E-02, 5.562752575E+02
      3456, 6.123233996E-18, 2.000000000E-02, 4.733333333E-01, 2.000000000E-02, 5.562752372E+02
      3457,-3.673940397E-18,-2.000000000E-02, 4.800000000E-01, 2.000000000E-02, 5.567700677E+02
      3458,-2.610523844E-03,-1.982889723E-02, 4.800000000E-01, 2.000000000E-02, 5.567700875E+02
      3459, 2.610523844E-03,-1.982889723E-02, 4.800000000E-01, 2.000000000E-02, 5.567700875E+02
      3460,-5.176380902E-03,-1.931851653E-02, 4.800000000E-01, 2.000000000E-02, 5.567701410E+02
      3461, 5.176380902E-03,-1.931851653E-02, 4.800000000E-01, 2.000000000E-02, 5.567701410E+02
      3462,-7.653668647E-03,-1.847759065E-02, 4.800000000E-01, 2.000000000E-02, 5.567702124E+02
      3463, 7.653668647E-03,-1.847759065E-02, 4.800000000E-01, 2.000000000E-02, 5.567702124E+02
      3464,-1.000000000E-02,-1.732050808E-02, 4.800000000E-01, 2.000000000E-02, 5.567702815E+02
      3465, 1.000000000E-02,-1.732050808E-02, 4.800000000E-01, 2.000000000E-02, 5.567702815E+02
      3466,-1.217522858E-02,-1.586706681E-02, 4.800000000E-01, 2.000000000E-02, 5.567703306E+02
      3467, 1.217522858E-02,-1.586706681E-02, 4.800000000E-01, 2.000000000E-02, 5.567703306E+02
      3468,-1.414213562E-02,-1.414213562E-02, 4.800000000E-01, 2.000000000E-02, 5.567703483E+02
      3469, 1.414213562E-02,-1.414213562E-02, 4.800000000E-01, 2.000000000E-02, 5.567703483E+02
      3470,-1.586706681E-02,-1.217522858E-02, 4.800000000E-01, 2.000000000E-02, 5.567703306E+02
      3471, 1.586706681E-02,-1.217522858E-02, 4.800000000E-01, 2.000000000E-02, 5.567703306E+02
      3472,-1.732050808E-02,-1.000000000E-02, 4.800000000E-01, 2.000000000E-02, 5.567702815E+02
      3473, 1.732050808E-02,-1.000000000E-02, 4.800000000E-01, 2.000000000E-02, 5.567702815E+02
      3474,-1.847759065E-02,-7.653668647E-03, 4.800000000E-01, 2.000000000E-02, 5.567702124E+02
      3475, 1.847759065E-02,-7.653668647E-03, 4.800000000E-01, 2.000000000E-02, 5.567702124E+02
      3476,-1.931851653E-02,-5.176380902E-03, 4.800000000E-01, 2.000000000E-02, 5.567701410E+02
      3477, 1.931851653E-02,-5.176380902E-03, 4.800000000E-01, 2.000000000E-02, 5.567701410E+02
      3478,-1.982889723E-02,-2.610523844E-03, 4.800000000E-01, 2.000000000E-02, 5.567700875E+02
      3479, 1.982889723E-02,-2.610523844E-03, 4.800000000E-01, 2.000000000E-02, 5.567700875E+02
      3480,-2.000000000E-02, 7.347880795E-18, 4.800000000E-01, 2.000000000E-02, 5.567700677E+02
      3481, 2.000000000E-02,-4.898587197E-18, 4.800000000E-01, 2.000000000E-02, 5.567700677E+02
      3482,-1.982889723E-02, 2.610523844E-03, 4.800000000E-01, 2.000000000E-02, 5.567700875E+02
      3483, 1.982889723E-02, 2.610523844E-03, 4.800000000E-01, 2.000000000E-02, 5.567700875E+02
      3484,-1.931851653E-02, 5.176380902E-03, 4.800000000E-01, 2.000000000E-02, 5.567701410E+02
      3485, 1.931851653E-02, 5.176380902E-03, 4.800000000E-01, 2.000000000E-02, 5.567701410E+02
      3486,-1.847759065E-02, 7.653668647E-03, 4.800000000E-01, 2.000000000E-02, 5.567702124E+02
      3487, 1.847759065E-02, 7.653668647E-03, 4.800000000E-01, 2.000000000E-02, 5.567702124E+02
      3488,-1.732050808E-02, 1.000000000E-02, 4.800000000E-01, 2.000000000E-02, 5.567702815E+02
      3489, 1.732050808E-02, 1.000000000E-02, 4.800000000E-01, 2.000000000E-02, 5.567702815E+02
      3490,-1.586706681E-02, 1.217522858E-02, 4.800000000E-01, 2.000000000E-02, 5.567703306E+02
      3491, 1.586706681E-02, 1.217522858E-02, 4.800000000E-01, 2.000000000E-02, 5.567703306E+02
      3492,-1.414213562E-02, 1.414213562E-02, 4.800000000E-01, 2.000000000E-02, 5.567703483E+02
      3493, 1.414213562E-02, 1.414213562E-02, 4.800000000E-01, 2.000000000E-02, 5.567703483E+02
      3494,-1.217522858E-02, 1.586706681E-02, 4.800000000E-01, 2.000000000E-02, 5.567703306E+02
      3495, 1.217522858E-02, 1.586706681E-02, 4.800000000E-01, 2.000000000E-02, 5.567703306E+02
      3496,-1.000000000E-02, 1.732050808E-02, 4.800000000E-01, 2.000000000E-02, 5.567702815E+02
      3497, 1.000000000E-02, 1.732050808E-02, 4.800000000E-01, 2.000000000E-02, 5.567702815E+02
      3498,-7.653668647E-03, 1.847759065E-02, 4.800000000E-01, 2.000000000E-02, 5.567702124E+02
      3499, 7.653668647E-03, 1.847759065E-02, 4.800000000E-01, 2.000000000E-02, 5.567702124E+02
      3500,-5.176380902E-03, 1.931851653E-02, 4.800000000E-01, 2.000000000E-02, 5.567701410E+02
      3501, 5.176380902E-03, 1.931851653E-02, 4.800000000E-01, 2.000000000E-02, 5.567701410E+02
      3502,-2.610523844E-03, 1.982889723E-02, 4.800000000E-01, 2.000000000E-02, 5.567700875E+02
      3503, 2.610523844E-03, 1.982889723E-02, 4.800000000E-01, 2.000000000E-02, 5.567700875E+02
      3504, 6.123233996E-18, 2.000000000E-02, 4.800000000E-01, 2.000000000E-02, 5.567700677E+02
      3505,-3.673940397E-18,-2.000000000E-02, 4.866666667E-01, 2.000000000E-02, 5.572536766E+02
      3506,-2.610523844E-03,-1.982889723E-02, 4.866666667E-01, 2.000000000E-02, 5.572536959E+02
      3507, 2.610523844E-03,-1.982889723E-02, 4.866666667E-01, 2.000000000E-02, 5.572536959E+02
      3508,-5.176380902E-03,-1.931851653E-02, 4.866666667E-01, 2.000000000E-02, 5.572537480E+02
      3509, 5.176380902E-03,-1.931851653E-02, 4.866666667E-01, 2.000000000E-02, 5.572537480E+02
      3510,-7.653668647E-03,-1.847759065E-02, 4.866666667E-01, 2.000000000E-02, 5.572538173E+02
      3511, 7.653668647E-03,-1.847759065E-02, 4.866666667E-01, 2.000000000E-02, 5.572538173E+02
      3512,-1.000000000E-02,-1.732050808E-02, 4.866666667E-01, 2.000000000E-02, 5.572538845E+02
      3513, 1.000000000E-02,-1.732050808E-02, 4.866666667E-01, 2.000000000E-02, 5.572538845E+02
      3514,-1.217522858E-02,-1.586706681E-02, 4.866666667E-01, 2.000000000E-02, 5.572539322E+02
      3515, 1.217522858E-02,-1.586706681E-02, 4.866666667E-01, 2.000000000E-02, 5.572539322E+02
      3516,-1.414213562E-02,-1.414213562E-02, 4.866666667E-01, 2.000000000E-02, 5.572539493E+02
      3517, 1.414213562E-02,-1.414213562E-02, 4.866666667E-01, 2.000000000E-02, 5.572539493E+02
      3518,-1.586706681E-02,-1.217522858E-02, 4.866666667E-01, 2.000000000E-02, 5.572539322E+02
      3519, 1.586706681E-02,-1.217522858E-02, 4.866666667E-01, 2.000000000E-02, 5.572539322E+02
      3520,-1.732050808E-02,-1.000000000E-02, 4.866666667E-01, 2.000000000E-02, 5.572538845E+02
      3521, 1.732050808E-02,-1.000000000E-02, 4.866666667E-01, 2.000000000E-02, 5.572538845E+02
      3522,-1.847759065E-02,-7.653668647E-03, 4.866666667E-01, 2.000000000E-02, 5.572538173E+02
      3523, 1.847759065E-02,-7.653668647E-03, 4.866666667E-01, 2.000000000E-02, 5.572538173E+02
      3524,-1.931851653E-02,-5.176380902E-03, 4.866666667E-01, 2.000000000E-02, 5.572537480E+02
      3525, 1.931851653E-02,-5.176380902E-03, 4.866666667E-01, 2.000000000E-02, 5.572537480E+02
      3526,-1.982889723E-02,-2.610523844E-03, 4.866666667E-01, 2.000000000E-02, 5.572536959E+02
      3527, 1.982889723E-02,-2.610523844E-03, 4.866666667E-01, 2.000000000E-02, 5.572536959E+02
      3528,-2.000000000E-02, 7.347880795E-18, 4.866666667E-01, 2.000000000E-02, 5.572536766E+02
      3529, 2.000000000E-02,-4.898587197E-18, 4.866666667E-01, 2.000000000E-02, 5.572536766E+02
      3530,-1.982889723E-02, 2.610523844E-03, 4.866666667E-01, 2.000000000E-02, 5.572536959E+02
      3531, 1.982889723E-02, 2.610523844E-03, 4.866666667E-01, 2.000000000E-02, 5.572536959E+02
      3532,-1.931851653E-02, 5.176380902E-03, 4.866666667E-01, 2.000000000E-02, 5.572537480E+02
      3533, 1.931851653E-02, 5.176380902E-03, 4.866666667E-01, 2.000000000E-02, 5.572537480E+02
      3534,-1.847759065E-02, 7.653668647E-03, 4.866666667E-01, 2.000000000E-02, 5.572538173E+02
      3535, 1.847759065E-02, 7.653668647E-03, 4.866666667E-01, 2.000000000E-02, 5.572538173E+02
      3536,-1.732050808E-02, 1.000000000E-02, 4.866666667E-01, 2.000000000E-02, 5.572538845E+02
      3537, 1.732050808E-02, 1.000000000E-02, 4.866666667E-01, 2.000000000E-02, 5.572538845E+02
      3538,-1.586706681E-02, 1.217522858E-02, 4.866666667E-01, 2.000000000E-02, 5.572539322E+02
      3539, 1.586706681E-02, 1.217522858E-02, 4.866666667E-01, 2.000000000E-02, 5.572539322E+02
      3540,-1.414213562E-02, 1.414213562E-02, 4.866666667E-01, 2.000000000E-02, 5.572539493E+02
      3541, 1.414213562E-02, 1.414213562E-02, 4.866666667E-01, 2.000000000E-02, 5.572539493E+02
      3542,-1.217522858E-02, 1.586706681E-02, 4.866666667E-01, 2.000000000E-02, 5.572539322E+02
      3543, 1.217522858E-02, 1.586706681E-02, 4.866666667E-01, 2.000000000E-02, 5.572539322E+02
      3544,-1.000000000E-02, 1.732050808E-02, 4.866666667E-01, 2.000000000E-02, 5.572538845E+02
      3545, 1.000000000E-02, 1.732050808E-02, 4.866666667E-01, 2.000000000E-02, 5.572538845E+02
      3546,-7.653668647E-03, 1.847759065E-02, 4.866666667E-01, 2.000000000E-02, 5.572538173E+02
      3547, 7.653668647E-03, 1.847759065E-02, 4.866666667E-01, 2.000000000E-02, 5.572538173E+02
      3548,-5.176380902E-03, 1.931851653E-02, 4.866666667E-01, 2.000000000E-02, 5.572537480E+02
      3549, 5.176380902E-03, 1.931851653E-02, 4.866666667E-01, 2.000000000E-02, 5.572537480E+02
      3550,-2.610523844E-03, 1.982889723E-02, 4.866666667E-01, 2.000000000E-02, 5.572536959E+02
      3551, 2.610523844E-03, 1.982889723E-02, 4.866666667E-01, 2.000000000E-02, 5.572536959E+02
      3552, 6.123233996E-18, 2.000000000E-02, 4.866666667E-01, 2.000000000E-02, 5.572536766E+02
      3553,-3.673940397E-18,-2.000000000E-02, 4.933333333E-01, 2.000000000E-02, 5.577257041E+02
      3554,-2.610523844E-03,-1.982889723E-02, 4.933333333E-01, 2.000000000E-02, 5.577257229E+02
      3555, 2.610523844E-03,-1.982889723E-02, 4.933333333E-01, 2.000000000E-02, 5.577257229E+02
      3556,-5.176380902E-03,-1.931851653E-02, 4.933333333E-01, 2.000000000E-02, 5.577257735E+02
      3557, 5.176380902E-03,-1.931851653E-02, 4.933333333E-01, 2.000000000E-02, 5.577257735E+02
      3558,-7.653668647E-03,-1.847759065E-02, 4.933333333E-01, 2.000000000E-02, 5.577258409E+02
      3559, 7.653668647E-03,-1.847759065E-02, 4.933333333E-01, 2.000000000E-02, 5.577258409E+02
      3560,-1.000000000E-02,-1.732050808E-02, 4.933333333E-01, 2.000000000E-02, 5.577259062E+02
      3561, 1.000000000E-02,-1.732050808E-02, 4.933333333E-01, 2.000000000E-02, 5.577259062E+02
      3562,-1.217522858E-02,-1.586706681E-02, 4.933333333E-01, 2.000000000E-02, 5.577259525E+02
      3563, 1.217522858E-02,-1.586706681E-02, 4.933333333E-01, 2.000000000E-02, 5.577259525E+02
      3564,-1.414213562E-02,-1.414213562E-02, 4.933333333E-01, 2.000000000E-02, 5.577259691E+02
      3565, 1.414213562E-02,-1.414213562E-02, 4.933333333E-01, 2.000000000E-02, 5.577259691E+02
      3566,-1.586706681E-02,-1.217522858E-02, 4.933333333E-01, 2.000000000E-02, 5.577259525E+02
      3567, 1.586706681E-02,-1.217522858E-02, 4.933333333E-01, 2.000000000E-02, 5.577259525E+02
      3568,-1.732050808E-02,-1.000000000E-02, 4.933333333E-01, 2.000000000E-02, 5.577259062E+02
      3569, 1.732050808E-02,-1.000000000E-02, 4.933333333E-01, 2.000000000E-02, 5.577259062E+02
      3570,-1.847759065E-02,-7.653668647E-03, 4.933333333E-01, 2.000000000E-02, 5.577258409E+02
      3571, 1.847759065E-02,-7.653668647E-03, 4.933333333E-01, 2.000000000E-02, 5.577258409E+02
      3572,-1.931851653E-02,-5.176380902E-03, 4.933333333E-01, 2.000000000E-02, 5.577257735E+02
      3573, 1.931851653E-02,-5.176380902E-03, 4.933333333E-01, 2.000000000E-02, 5.577257735E+02
      3574,-1.982889723E-02,-2.610523844E-03, 4.933333333E-01, 2.000000000E-02, 5.577257229E+02
      3575, 1.982889723E-02,-2.610523844E-03, 4.933333333E-01, 2.000000000E-02, 5.577257229E+02
      3576,-2.000000000E-02, 7.347880795E-18, 4.933333333E-01, 2.000000000E-02, 5.577257041E+02
      3577, 2.000000000E-02,-4.898587197E-18, 4.933333333E-01, 2.000000000E-02, 5.577257041E+02
      3578,-1.982889723E-02, 2.610523844E-03, 4.933333333E-01, 2.000000000E-02, 5.577257229E+02
      3579, 1.982889723E-02, 2.610523844E-03, 4.933333333E-01, 2.000000000E-02, 5.577257229E+02
      3580,-1.931851653E-02, 5.176380902E-03, 4.933333333E-01, 2.000000000E-02, 5.577257735E+02
      3581, 1.931851653E-02, 5.176380902E-03, 4.933333333E-01, 2.000000000E-02, 5.577257735E+02
      3582,-1.847759065E-02, 7.653668647E-03, 4.933333333E-01, 2.000000000E-02, 5.577258409E+02
      3583, 1.847759065E-02, 7.653668647E-03, 4.933333333E-01, 2.000000000E-02, 5.577258409E+02
      3584,-1.732050808E-02, 1.000000000E-02, 4.933333333E-01, 2.000000000E-02, 5.577259062E+02
      3585, 1.732050808E-02, 1.000000000E-02, 4.933333333E-01, 2.000000000E-02, 5.577259062E+02
      3586,-1.586706681E-02, 1.217522858E-02, 4.933333333E-01, 2.000000000E-02, 5.577259525E+02
      3587, 1.586706681E-02, 1.217522858E-02, 4.933333333E-01, 2.000000000E-02, 5.577259525E+02
      3588,-1.414213562E-02, 1.414213562E-02, 4.933333333E-01, 2.000000000E-02, 5.577259691E+02
      3589, 1.414213562E-02, 1.414213562E-02, 4.933333333E-01, 2.000000000E-02, 5.577259691E+02
      3590,-1.217522858E-02, 1.586706681E-02, 4.933333333E-01, 2.000000000E-02, 5.577259525E+02
      3591, 1.217522858E-02, 1.586706681E-02, 4.933333333E-01, 2.000000000E-02, 5.577259525E+02
      3592,-1.000000000E-02, 1.732050808E-02, 4.933333333E-01, 2.000000000E-02, 5.577259062E+02
      3593, 1.000000000E-02, 1.732050808E-02, 4.933333333E-01, 2.000000000E-02, 5.577259062E+02
      3594,-7.653668647E-03, 1.847759065E-02, 4.933333333E-01, 2.000000000E-02, 5.577258409E+02
      3595, 7.653668647E-03, 1.847759065E-02, 4.933333333E-01, 2.000000000E-02, 5.577258409E+02
      3596,-5.176380902E-03, 1.931851653E-02, 4.933333333E-01, 2.000000000E-02, 5.577257735E+02
      3597, 5.176380902E-03, 1.931851653E-02, 4.933333333E-01, 2.000000000E-02, 5.577257735E+02
      3598,-2.610523844E-03, 1.982889723E-02, 4.933333333E-01, 2.000000000E-02, 5.577257229E+02
      3599, 2.610523844E-03, 1.982889723E-02, 4.933333333E-01, 2.000000000E-02, 5.577257229E+02
      3600, 6.123233996E-18, 2.000000000E-02, 4.933333333E-01, 2.000000000E-02, 5.577257041E+02
      3601,-3.673940397E-18,-2.000000000E-02, 5.000000000E-01, 2.000000000E-02, 5.581856776E+02
      3602,-2.610523844E-03,-1.982889723E-02, 5.000000000E-01, 2.000000000E-02, 5.581856959E+02
      3603, 2.610523844E-03,-1.982889723E-02, 5.000000000E-01, 2.000000000E-02, 5.581856959E+02
      3604,-5.176380902E-03,-1.931851653E-02, 5.000000000E-01, 2.000000000E-02, 5.581857452E+02
      3605, 5.176380902E-03,-1.931851653E-02, 5.000000000E-01, 2.000000000E-02, 5.581857452E+02
      3606,-7.653668647E-03,-1.847759065E-02, 5.000000000E-01, 2.000000000E-02, 5.581858107E+02
      3607, 7.653668647E-03,-1.847759065E-02, 5.000000000E-01, 2.000000000E-02, 5.581858107E+02
      3608,-1.000000000E-02,-1.732050808E-02, 5.000000000E-01, 2.000000000E-02, 5.581858742E+02
      3609, 1.000000000E-02,-1.732050808E-02, 5.000000000E-01, 2.000000000E-02, 5.581858742E+02
      3610,-1.217522858E-02,-1.586706681E-02, 5.000000000E-01, 2.000000000E-02, 5.581859192E+02
      3611, 1.217522858E-02,-1.586706681E-02, 5.000000000E-01, 2.000000000E-02, 5.581859192E+02
      3612,-1.414213562E-02,-1.414213562E-02, 5.000000000E-01, 2.000000000E-02, 5.581859353E+02
      3613, 1.414213562E-02,-1.414213562E-02, 5.000000000E-01, 2.000000000E-02, 5.581859353E+02
      3614,-1.586706681E-02,-1.217522858E-02, 5.000000000E-01, 2.000000000E-02, 5.581859192E+02
      3615, 1.586706681E-02,-1.217522858E-02, 5.000000000E-01, 2.000000000E-02, 5.581859192E+02
      3616,-1.732050808E-02,-1.000000000E-02, 5.000000000E-01, 2.000000000E-02, 5.581858742E+02
      3617, 1.732050808E-02,-1.000000000E-02, 5.000000000E-01, 2.000000000E-02, 5.581858742E+02
      3618,-1.847759065E-02,-7.653668647E-03, 5.000000000E-01, 2.000000000E-02, 5.581858107E+02
      3619, 1.847759065E-02,-7.653668647E-03, 5.000000000E-01, 2.000000000E-02, 5.581858107E+02
      3620,-1.931851653E-02,-5.176380902E-03, 5.000000000E-01, 2.000000000E-02, 5.581857452E+02
      3621, 1.931851653E-02,-5.176380902E-03, 5.000000000E-01, 2.000000000E-02, 5.581857452E+02
      3622,-1.982889723E-02,-2.610523844E-03, 5.000000000E-01, 2.000000000E-02, 5.581856959E+02
      3623, 1.982889723E-02,-2.610523844E-03, 5.000000000E-01, 2.000000000E-02, 5.581856959E+02
      3624,-2.000000000E-02, 7.347880795E-18, 5.000000000E-01, 2.000000000E-02, 5.581856776E+02
      3625, 2.000000000E-02,-4.898587197E-18, 5.000000000E-01, 2.000000000E-02, 5.581856776E+02
      3626,-1.982889723E-02, 2.610523844E-03, 5.000000000E-01, 2.000000000E-02, 5.581856959E+02
      3627, 1.982889723E-02, 2.610523844E-03, 5.000000000E-01, 2.000000000E-02, 5.581856959E+02
      3628,-1.931851653E-02, 5.176380902E-03, 5.000000000E-01, 2.000000000E-02, 5.581857452E+02
      3629, 1.931851653E-02, 5.176380902E-03, 5.000000000E-01, 2.000000000E-02, 5.581857452E+02
      3630,-1.847759065E-02, 7.653668647E-03, 5.000000000E-01, 2.000000000E-02, 5.581858107E+02
      3631, 1.847759065E-02, 7.653668647E-03, 5.000000000E-01, 2.000000000E-02, 5.581858107E+02
      3632,-1.732050808E-02, 1.000000000E-02, 5.000000000E-01, 2.000000000E-02, 5.581858742E+02
      3633, 1.732050808E-02, 1.000000000E-02, 5.000000000E-01, 2.000000000E-02, 5.581858742E+02
      3634,-1.586706681E-02, 1.217522858E-02, 5.000000000E-01, 2.000000000E-02, 5.581859192E+02
      3635, 1.586706681E-02, 1.217522858E-02, 5.000000000E-01, 2.000000000E-02, 5.581859192E+02
      3636,-1.414213562E-02, 1.414213562E-02, 5.000000000E-01, 2.000000000E-02, 5.581859353E+02
      3637, 1.414213562E-02, 1.414213562E-02, 5.000000000E-01, 2.000000000E-02, 5.581859353E+02
      3638,-1.217522858E-02, 1.586706681E-02, 5.000000000E-01, 2.000000000E-02, 5.581859192E+02
      3639, 1.217522858E-02, 1.586706681E-02, 5.000000000E-01, 2.000000000E-02, 5.581859192E+02
      3640,-1.000000000E-02, 1.732050808E-02, 5.000000000E-01, 2.000000000E-02, 5.581858742E+02
      3641, 1.000000000E-02, 1.732050808E-02, 5.000000000E-01, 2.000000000E-02, 5.581858742E+02
      3642,-7.653668647E-03, 1.847759065E-02, 5.000000000E-01, 2.000000000E-02, 5.581858107E+02
      3643, 7.653668647E-03, 1.847759065E-02, 5.000000000E-01, 2.000000000E-02, 5.581858107E+02
      3644,-5.176380902E-03, 1.931851653E-02, 5.000000000E-01, 2.000000000E-02, 5.581857452E+02
      3645, 5.176380902E-03, 1.931851653E-02, 5.000000000E-01, 2.000000000E-02, 5.581857452E+02
      3646,-2.610523844E-03, 1.982889723E-02, 5.000000000E-01, 2.000000000E-02, 5.581856959E+02
      3647, 2.610523844E-03, 1.982889723E-02, 5.000000000E-01, 2.000000000E-02, 5.581856959E+02
      3648, 6.123233996E-18, 2.000000000E-02, 5.000000000E-01, 2.000000000E-02, 5.581856776E+02
      3649,-3.673940397E-18,-2.000000000E-02, 5.066666667E-01, 2.000000000E-02, 5.586329875E+02
      3650,-2.610523844E-03,-1.982889723E-02, 5.066666667E-01, 2.000000000E-02, 5.586330054E+02
      3651, 2.610523844E-03,-1.982889723E-02, 5.066666667E-01, 2.000000000E-02, 5.586330054E+02
      3652,-5.176380902E-03,-1.931851653E-02, 5.066666667E-01, 2.000000000E-02, 5.586330534E+02
      3653, 5.176380902E-03,-1.931851653E-02, 5.066666667E-01, 2.000000000E-02, 5.586330534E+02
      3654,-7.653668647E-03,-1.847759065E-02, 5.066666667E-01, 2.000000000E-02, 5.586331173E+02
      3655, 7.653668647E-03,-1.847759065E-02, 5.066666667E-01, 2.000000000E-02, 5.586331173E+02
      3656,-1.000000000E-02,-1.732050808E-02, 5.066666667E-01, 2.000000000E-02, 5.586331791E+02
      3657, 1.000000000E-02,-1.732050808E-02, 5.066666667E-01, 2.000000000E-02, 5.586331791E+02
      3658,-1.217522858E-02,-1.586706681E-02, 5.066666667E-01, 2.000000000E-02, 5.586332229E+02
      3659, 1.217522858E-02,-1.586706681E-02, 5.066666667E-01, 2.000000000E-02, 5.586332229E+02
      3660,-1.414213562E-02,-1.414213562E-02, 5.066666667E-01, 2.000000000E-02, 5.586332386E+02
      3661, 1.414213562E-02,-1.414213562E-02, 5.066666667E-01, 2.000000000E-02, 5.586332386E+02
      3662,-1.586706681E-02,-1.217522858E-02, 5.066666667E-01, 2.000000000E-02, 5.586332229E+02
      3663, 1.586706681E-02,-1.217522858E-02, 5.066666667E-01, 2.000000000E-02, 5.586332229E+02
      3664,-1.732050808E-02,-1.000000000E-02, 5.066666667E-01, 2.000000000E-02, 5.586331791E+02
      3665, 1.732050808E-02,-1.000000000E-02, 5.066666667E-01, 2.000000000E-02, 5.586331791E+02
      3666,-1.847759065E-02,-7.653668647E-03, 5.066666667E-01, 2.000000000E-02, 5.586331173E+02
      3667, 1.847759065E-02,-7.653668647E-03, 5.066666667E-01, 2.000000000E-02, 5.586331173E+02
      3668,-1.931851653E-02,-5.176380902E-03, 5.066666667E-01, 2.000000000E-02, 5.586330534E+02
      3669, 1.931851653E-02,-5.176380902E-03, 5.066666667E-01, 2.000000000E-02, 5.586330534E+02
      3670,-1.982889723E-02,-2.610523844E-03, 5.066666667E-01, 2.000000000E-02, 5.586330054E+02
      3671, 1.982889723E-02,-2.610523844E-03, 5.066666667E-01, 2.000000000E-02, 5.586330054E+02
      3672,-2.000000000E-02, 7.347880795E-18, 5.066666667E-01, 2.000000000E-02, 5.586329875E+02
      3673, 2.000000000E-02,-4.898587197E-18, 5.066666667E-01, 2.000000000E-02, 5.586329875E+02
      3674,-1.982889723E-02, 2.610523844E-03, 5.066666667E-01, 2.000000000E-02, 5.586330054E+02
      3675, 1.982889723E-02, 2.610523844E-03, 5.066666667E-01, 2.000000000E-02, 5.586330054E+02
      3676,-1.931851653E-02, 5.176380902E-03, 5.066666667E-01, 2.000000000E-02, 5.586330534E+02
      3677, 1.931851653E-02, 5.176380902E-03, 5.066666667E-01, 2.000000000E-02, 5.586330534E+02
      3678,-1.847759065E-02, 7.653668647E-03, 5.066666667E-01, 2.000000000E-02, 5.586331173E+02
      3679, 1.847759065E-02, 7.653668647E-03, 5.066666667E-01, 2.000000000E-02, 5.586331173E+02
      3680,-1.732050808E-02, 1.000000000E-02, 5.066666667E-01, 2.000000000E-02, 5.586331791E+02
      3681, 1.732050808E-02, 1.000000000E-02, 5.066666667E-01, 2.000000000E-02, 5.586331791E+02
      3682,-1.586706681E-02, 1.217522858E-02, 5.066666667E-01, 2.000000000E-02, 5.586332229E+02
      3683, 1.586706681E-02, 1.217522858E-02, 5.066666667E-01, 2.000000000E-02, 5.586332229E+02
      3684,-1.414213562E-02, 1.414213562E-02, 5.066666667E-01, 2.000000000E-02, 5.586332386E+02
      3685, 1.414213562E-02, 1.414213562E-02, 5.066666667E-01, 2.000000000E-02, 5.586332386E+02
      3686,-1.217522858E-02, 1.586706681E-02, 5.066666667E-01, 2.000000000E-02, 5.586332229E+02
      3687, 1.217522858E-02, 1.586706681E-02, 5.066666667E-01, 2.000000000E-02, 5.586332229E+02
      3688,-1.000000000E-02, 1.732050808E-02, 5.066666667E-01, 2.000000000E-02, 5.586331791E+02
      3689, 1.000000000E-02, 1.732050808E-02, 5.066666667E-01, 2.000000000E-02, 5.586331791E+02
      3690,-7.653668647E-03, 1.847759065E-02, 5.066666667E-01, 2.000000000E-02, 5.586331173E+02
      3691, 7.653668647E-03, 1.847759065E-02, 5.066666667E-01, 2.000000000E-02, 5.586331173E+02
      3692,-5.176380902E-03, 1.931851653E-02, 5.066666667E-01, 2.000000000E-02, 5.586330534E+02
      3693, 5.176380902E-03, 1.931851653E-02, 5.066666667E-01, 2.000000000E-02, 5.586330534E+02
      3694,-2.610523844E-03, 1.982889723E-02, 5.066666667E-01, 2.000000000E-02, 5.586330054E+02
      3695, 2.610523844E-03, 1.982889723E-02, 5.066666667E-01, 2.000000000E-02, 5.586330054E+02
      3696, 6.123233996E-18, 2.000000000E-02, 5.066666667E-01, 2.000000000E-02, 5.586329875E+02
      3697,-3.673940397E-18,-2.000000000E-02, 5.133333333E-01, 2.000000000E-02, 5.590668596E+02
      3698,-2.610523844E-03,-1.982889723E-02, 5.133333333E-01, 2.000000000E-02, 5.590668771E+02
      3699, 2.610523844E-03,-1.982889723E-02, 5.133333333E-01, 2.000000000E-02, 5.590668771E+02
      3700,-5.176380902E-03,-1.931851653E-02, 5.133333333E-01, 2.000000000E-02, 5.590669241E+02
      3701, 5.176380902E-03,-1.931851653E-02, 5.133333333E-01, 2.000000000E-02, 5.590669241E+02
      3702,-7.653668647E-03,-1.847759065E-02, 5.133333333E-01, 2.000000000E-02, 5.590669866E+02
      3703, 7.653668647E-03,-1.847759065E-02, 5.133333333E-01, 2.000000000E-02, 5.590669866E+02
      3704,-1.000000000E-02,-1.732050808E-02, 5.133333333E-01, 2.000000000E-02, 5.590670470E+02
      3705, 1.000000000E-02,-1.732050808E-02, 5.133333333E-01, 2.000000000E-02, 5.590670470E+02
      3706,-1.217522858E-02,-1.586706681E-02, 5.133333333E-01, 2.000000000E-02, 5.590670898E+02
      3707, 1.217522858E-02,-1.586706681E-02, 5.133333333E-01, 2.000000000E-02, 5.590670898E+02
      3708,-1.414213562E-02,-1.414213562E-02, 5.133333333E-01, 2.000000000E-02, 5.590671052E+02
      3709, 1.414213562E-02,-1.414213562E-02, 5.133333333E-01, 2.000000000E-02, 5.590671052E+02
      3710,-1.586706681E-02,-1.217522858E-02, 5.133333333E-01, 2.000000000E-02, 5.590670898E+02
      3711, 1.586706681E-02,-1.217522858E-02, 5.133333333E-01, 2.000000000E-02, 5.590670898E+02
      3712,-1.732050808E-02,-1.000000000E-02, 5.133333333E-01, 2.000000000E-02, 5.590670470E+02
      3713, 1.732050808E-02,-1.000000000E-02, 5.133333333E-01, 2.000000000E-02, 5.590670470E+02
      3714,-1.847759065E-02,-7.653668647E-03, 5.133333333E-01, 2.000000000E-02, 5.590669866E+02
      3715, 1.847759065E-02,-7.653668647E-03, 5.133333333E-01, 2.000000000E-02, 5.590669866E+02
      3716,-1.931851653E-02,-5.176380902E-03, 5.133333333E-01, 2.000000000E-02, 5.590669241E+02
      3717, 1.931851653E-02,-5.176380902E-03, 5.133333333E-01, 2.000000000E-02, 5.590669241E+02
      3718,-1.982889723E-02,-2.610523844E-03, 5.133333333E-01, 2.000000000E-02, 5.590668771E+02
      3719, 1.982889723E-02,-2.610523844E-03, 5.133333333E-01, 2.000000000E-02, 5.590668771E+02
      3720,-2.000000000E-02, 7.347880795E-18, 5.133333333E-01, 2.000000000E-02, 5.590668596E+02
      3721, 2.000000000E-02,-4.898587197E-18, 5.133333333E-01, 2.000000000E-02, 5.590668596E+02
      3722,-1.982889723E-02, 2.610523844E-03, 5.133333333E-01, 2.000000000E-02, 5.590668771E+02
      3723, 1.982889723E-02, 2.610523844E-03, 5.133333333E-01, 2.000000000E-02, 5.590668771E+02
      3724,-1.931851653E-02, 5.176380902E-03, 5.133333333E-01, 2.000000000E-02, 5.590669241E+02
      3725, 1.931851653E-02, 5.176380902E-03, 5.133333333E-01, 2.000000000E-02, 5.590669241E+02
      3726,-1.847759065E-02, 7.653668647E-03, 5.133333333E-01, 2.000000000E-02, 5.590669866E+02
      3727, 1.847759065E-02, 7.653668647E-03, 5.133333333E-01, 2.000000000E-02, 5.590669866E+02
      3728,-1.732050808E-02, 1.000000000E-02, 5.133333333E-01, 2.000000000E-02, 5.590670470E+02
      3729, 1.732050808E-02, 1.000000000E-02, 5.133333333E-01, 2.000000000E-02, 5.590670470E+02
      3730,-1.586706681E-02, 1.217522858E-02, 5.133333333E-01, 2.000000000E-02, 5.590670898E+02
      3731, 1.586706681E-02, 1.217522858E-02, 5.133333333E-01, 2.000000000E-02, 5.590670898E+02
      3732,-1.414213562E-02, 1.414213562E-02, 5.133333333E-01, 2.000000000E-02, 5.590671052E+02
      3733, 1.414213562E-02, 1.414213562E-02, 5.133333333E-01, 2.000000000E-02, 5.590671052E+02
      3734,-1.217522858E-02, 1.586706681E-02, 5.133333333E-01, 2.000000000E-02, 5.590670898E+02
      3735, 1.217522858E-02, 1.586706681E-02, 5.133333333E-01, 2.000000000E-02, 5.590670898E+02
      3736,-1.000000000E-02, 1.732050808E-02, 5.133333333E-01, 2.000000000E-02, 5.590670470E+02
      3737, 1.000000000E-02, 1.732050808E-02, 5.133333333E-01, 2.000000000E-02, 5.590670470E+02
      3738,-7.653668647E-03, 1.847759065E-02, 5.133333333E-01, 2.000000000E-02, 5.590669866E+02
      3739, 7.653668647E-03, 1.847759065E-02, 5.133333333E-01, 2.000000000E-02, 5.590669866E+02
      3740,-5.176380902E-03, 1.931851653E-02, 5.133333333E-01, 2.000000000E-02, 5.590669241E+02
      3741, 5.176380902E-03, 1.931851653E-02, 5.133333333E-01, 2.000000000E-02, 5.590669241E+02
      3742,-2.610523844E-03, 1.982889723E-02, 5.133333333E-01, 2.000000000E-02, 5.590668771E+02
      3743, 2.610523844E-03, 1.982889723E-02, 5.133333333E-01, 2.000000000E-02, 5.590668771E+02
      3744, 6.123233996E-18, 2.000000000E-02, 5.133333333E-01, 2.000000000E-02, 5.590668596E+02
      3745,-3.673940397E-18,-2.000000000E-02, 5.200000000E-01, 2.000000000E-02, 5.594863234E+02
      3746,-2.610523844E-03,-1.982889723E-02, 5.200000000E-01, 2.000000000E-02, 5.594863406E+02
      3747, 2.610523844E-03,-1.982889723E-02, 5.200000000E-01, 2.000000000E-02, 5.594863406E+02
      3748,-5.176380902E-03,-1.931851653E-02, 5.200000000E-01, 2.000000000E-02, 5.594863867E+02
      3749, 5.176380902E-03,-1.931851653E-02, 5.200000000E-01, 2.000000000E-02, 5.594863867E+02
      3750,-7.653668647E-03,-1.847759065E-02, 5.200000000E-01, 2.000000000E-02, 5.594864480E+02
      3751, 7.653668647E-03,-1.847759065E-02, 5.200000000E-01, 2.000000000E-02, 5.594864480E+02
      3752,-1.000000000E-02,-1.732050808E-02, 5.200000000E-01, 2.000000000E-02, 5.594865074E+02
      3753, 1.000000000E-02,-1.732050808E-02, 5.200000000E-01, 2.000000000E-02, 5.594865074E+02
      3754,-1.217522858E-02,-1.586706681E-02, 5.200000000E-01, 2.000000000E-02, 5.594865494E+02
      3755, 1.217522858E-02,-1.586706681E-02, 5.200000000E-01, 2.000000000E-02, 5.594865494E+02
      3756,-1.414213562E-02,-1.414213562E-02, 5.200000000E-01, 2.000000000E-02, 5.594865645E+02
      3757, 1.414213562E-02,-1.414213562E-02, 5.200000000E-01, 2.000000000E-02, 5.594865645E+02
      3758,-1.586706681E-02,-1.217522858E-02, 5.200000000E-01, 2.000000000E-02, 5.594865494E+02
      3759, 1.586706681E-02,-1.217522858E-02, 5.200000000E-01, 2.000000000E-02, 5.594865494E+02
      3760,-1.732050808E-02,-1.000000000E-02, 5.200000000E-01, 2.000000000E-02, 5.594865074E+02
      3761, 1.732050808E-02,-1.000000000E-02, 5.200000000E-01, 2.000000000E-02, 5.594865074E+02
      3762,-1.847759065E-02,-7.653668647E-03, 5.200000000E-01, 2.000000000E-02, 5.594864480E+02
      3763, 1.847759065E-02,-7.653668647E-03, 5.200000000E-01, 2.000000000E-02, 5.594864480E+02
      3764,-1.931851653E-02,-5.176380902E-03, 5.200000000E-01, 2.000000000E-02, 5.594863867E+02
      3765, 1.931851653E-02,-5.176380902E-03, 5.200000000E-01, 2.000000000E-02, 5.594863867E+02
      3766,-1.982889723E-02,-2.610523844E-03, 5.200000000E-01, 2.000000000E-02, 5.594863406E+02
      3767, 1.982889723E-02,-2.610523844E-03, 5.200000000E-01, 2.000000000E-02, 5.594863406E+02
      3768,-2.000000000E-02, 7.347880795E-18, 5.200000000E-01, 2.000000000E-02, 5.594863234E+02
      3769, 2.000000000E-02,-4.898587197E-18, 5.200000000E-01, 2.000000000E-02, 5.594863234E+02
      3770,-1.982889723E-02, 2.610523844E-03, 5.200000000E-01, 2.000000000E-02, 5.594863406E+02
      3771, 1.982889723E-02, 2.610523844E-03, 5.200000000E-01, 2.000000000E-02, 5.594863406E+02
      3772,-1.931851653E-02, 5.176380902E-03, 5.200000000E-01, 2.000000000E-02, 5.594863867E+02
      3773, 1.931851653E-02, 5.176380902E-03, 5.200000000E-01, 2.000000000E-02, 5.594863867E+02
      3774,-1.847759065E-02, 7.653668647E-03, 5.200000000E-01, 2.000000000E-02, 5.594864480E+02
      3775, 1.847759065E-02, 7.653668647E-03, 5.200000000E-01, 2.000000000E-02, 5.594864480E+02
      3776,-1.732050808E-02, 1.000000000E-02, 5.200000000E-01, 2.000000000E-02, 5.594865074E+02
      3777, 1.732050808E-02, 1.000000000E-02, 5.200000000E-01, 2.000000000E-02, 5.594865074E+02
      3778,-1.586706681E-02, 1.217522858E-02, 5.200000000E-01, 2.000000000E-02, 5.594865494E+02
      3779, 1.586706681E-02, 1.217522858E-02, 5.200000000E-01, 2.000000000E-02, 5.594865494E+02
      3780,-1.414213562E-02, 1.414213562E-02, 5.200000000E-01, 2.000000000E-02, 5.594865645E+02
      3781, 1.414213562E-02, 1.414213562E-02, 5.200000000E-01, 2.000000000E-02, 5.594865645E+02
      3782,-1.217522858E-02, 1.586706681E-02, 5.200000000E-01, 2.000000000E-02, 5.594865494E+02
      3783, 1.217522858E-02, 1.586706681E-02, 5.200000000E-01, 2.000000000E-02, 5.594865494E+02
      3784,-1.000000000E-02, 1.732050808E-02, 5.200000000E-01, 2.000000000E-02, 5.594865074E+02
      3785, 1.000000000E-02, 1.732050808E-02, 5.200000000E-01, 2.000000000E-02, 5.594865074E+02
      3786,-7.653668647E-03, 1.847759065E-02, 5.200000000E-01, 2.000000000E-02, 5.594864480E+02
      3787, 7.653668647E-03, 1.847759065E-02, 5.200000000E-01, 2.000000000E-02, 5.594864480E+02
      3788,-5.176380902E-03, 1.931851653E-02, 5.200000000E-01, 2.000000000E-02, 5.594863867E+02
      3789, 5.176380902E-03, 1.931851653E-02, 5.200000000E-01, 2.000000000E-02, 5.594863867E+02
      3790,-2.610523844E-03, 1.982889723E-02, 5.200000000E-01, 2.000000000E-02, 5.594863406E+02
      3791, 2.610523844E-03, 1.982889723E-02, 5.200000000E-01, 2.000000000E-02, 5.594863406E+02
      3792, 6.123233996E-18, 2.000000000E-02, 5.200000000E-01, 2.000000000E-02, 5.594863234E+02
      3793,-3.673940397E-18,-2.000000000E-02, 5.266666667E-01, 2.000000000E-02, 5.598901772E+02
      3794,-2.610523844E-03,-1.982889723E-02, 5.266666667E-01, 2.000000000E-02, 5.598901941E+02
      3795, 2.610523844E-03,-1.982889723E-02, 5.266666667E-01, 2.000000000E-02, 5.598901941E+02
      3796,-5.176380902E-03,-1.931851653E-02, 5.266666667E-01, 2.000000000E-02, 5.598902395E+02
      3797, 5.176380902E-03,-1.931851653E-02, 5.266666667E-01, 2.000000000E-02, 5.598902395E+02
      3798,-7.653668647E-03,-1.847759065E-02, 5.266666667E-01, 2.000000000E-02, 5.598902999E+02
      3799, 7.653668647E-03,-1.847759065E-02, 5.266666667E-01, 2.000000000E-02, 5.598902999E+02
      3800,-1.000000000E-02,-1.732050808E-02, 5.266666667E-01, 2.000000000E-02, 5.598903583E+02
      3801, 1.000000000E-02,-1.732050808E-02, 5.266666667E-01, 2.000000000E-02, 5.598903583E+02
      3802,-1.217522858E-02,-1.586706681E-02, 5.266666667E-01, 2.000000000E-02, 5.598903997E+02
      3803, 1.217522858E-02,-1.586706681E-02, 5.266666667E-01, 2.000000000E-02, 5.598903997E+02
      3804,-1.414213562E-02,-1.414213562E-02, 5.266666667E-01, 2.000000000E-02, 5.598904146E+02
      3805, 1.414213562E-02,-1.414213562E-02, 5.266666667E-01, 2.000000000E-02, 5.598904146E+02
      3806,-1.586706681E-02,-1.217522858E-02, 5.266666667E-01, 2.000000000E-02, 5.598903997E+02
      3807, 1.586706681E-02,-1.217522858E-02, 5.266666667E-01, 2.000000000E-02, 5.598903997E+02
      3808,-1.732050808E-02,-1.000000000E-02, 5.266666667E-01, 2.000000000E-02, 5.598903583E+02
      3809, 1.732050808E-02,-1.000000000E-02, 5.266666667E-01, 2.000000000E-02, 5.598903583E+02
      3810,-1.847759065E-02,-7.653668647E-03, 5.266666667E-01, 2.000000000E-02, 5.598902999E+02
      3811, 1.847759065E-02,-7.653668647E-03, 5.266666667E-01, 2.000000000E-02, 5.598902999E+02
      3812,-1.931851653E-02,-5.176380902E-03, 5.266666667E-01, 2.000000000E-02, 5.598902395E+02
      3813, 1.931851653E-02,-5.176380902E-03, 5.266666667E-01, 2.000000000E-02, 5.598902395E+02
      3814,-1.982889723E-02,-2.610523844E-03, 5.266666667E-01, 2.000000000E-02, 5.598901941E+02
      3815, 1.982889723E-02,-2.610523844E-03, 5.266666667E-01, 2.000000000E-02, 5.598901941E+02
      3816,-2.000000000E-02, 7.347880795E-18, 5.266666667E-01, 2.000000000E-02, 5.598901772E+02
      3817, 2.000000000E-02,-4.898587197E-18, 5.266666667E-01, 2.000000000E-02, 5.598901772E+02
      3818,-1.982889723E-02, 2.610523844E-03, 5.266666667E-01, 2.000000000E-02, 5.598901941E+02
      3819, 1.982889723E-02, 2.610523844E-03, 5.266666667E-01, 2.000000000E-02, 5.598901941E+02
      3820,-1.931851653E-02, 5.176380902E-03, 5.266666667E-01, 2.000000000E-02, 5.598902395E+02
      3821, 1.931851653E-02, 5.176380902E-03, 5.266666667E-01, 2.000000000E-02, 5.598902395E+02
      3822,-1.847759065E-02, 7.653668647E-03, 5.266666667E-01, 2.000000000E-02, 5.598902999E+02
      3823, 1.847759065E-02, 7.653668647E-03, 5.266666667E-01, 2.000000000E-02, 5.598902999E+02
      3824,-1.732050808E-02, 1.000000000E-02, 5.266666667E-01, 2.000000000E-02, 5.598903583E+02
      3825, 1.732050808E-02, 1.000000000E-02, 5.266666667E-01, 2.000000000E-02, 5.598903583E+02
      3826,-1.586706681E-02, 1.217522858E-02, 5.266666667E-01, 2.000000000E-02, 5.598903997E+02
      3827, 1.586706681E-02, 1.217522858E-02, 5.266666667E-01, 2.000000000E-02, 5.598903997E+02
      3828,-1.414213562E-02, 1.414213562E-02, 5.266666667E-01, 2.000000000E-02, 5.598904146E+02
      3829, 1.414213562E-02, 1.414213562E-02, 5.266666667E-01, 2.000000000E-02, 5.598904146E+02
      3830,-1.217522858E-02, 1.586706681E-02, 5.266666667E-01, 2.000000000E-02, 5.598903997E+02
      3831, 1.217522858E-02, 1.586706681E-02, 5.266666667E-01, 2.000000000E-02, 5.598903997E+02
      3832,-1.000000000E-02, 1.732050808E-02, 5.266666667E-01, 2.000000000E-02, 5.598903583E+02
      3833, 1.000000000E-02, 1.732050808E-02, 5.266666667E-01, 2.000000000E-02, 5.598903583E+02
      3834,-7.653668647E-03, 1.847759065E-02, 5.266666667E-01, 2.000000000E-02, 5.598902999E+02
      3835, 7.653668647E-03, 1.847759065E-02, 5.266666667E-01, 2.000000000E-02, 5.598902999E+02
      3836,-5.176380902E-03, 1.931851653E-02, 5.266666667E-01, 2.000000000E-02, 5.598902395E+02
      3837, 5.176380902E-03, 1.931851653E-02, 5.266666667E-01, 2.000000000E-02, 5.598902395E+02
      3838,-2.610523844E-03, 1.982889723E-02, 5.266666667E-01, 2.000000000E-02, 5.598901941E+02
      3839, 2.610523844E-03, 1.982889723E-02, 5.266666667E-01, 2.000000000E-02, 5.598901941E+02
      3840, 6.123233996E-18, 2.000000000E-02, 5.266666667E-01, 2.000000000E-02, 5.598901772E+02
      3841,-3.673940397E-18,-2.000000000E-02, 5.333333333E-01, 2.000000000E-02, 5.602769480E+02
      3842,-2.610523844E-03,-1.982889723E-02, 5.333333333E-01, 2.000000000E-02, 5.602769646E+02
      3843, 2.610523844E-03,-1.982889723E-02, 5.333333333E-01, 2.000000000E-02, 5.602769646E+02
      3844,-5.176380902E-03,-1.931851653E-02, 5.333333333E-01, 2.000000000E-02, 5.602770094E+02
      3845, 5.176380902E-03,-1.931851653E-02, 5.333333333E-01, 2.000000000E-02, 5.602770094E+02
      3846,-7.653668647E-03,-1.847759065E-02, 5.333333333E-01, 2.000000000E-02, 5.602770690E+02
      3847, 7.653668647E-03,-1.847759065E-02, 5.333333333E-01, 2.000000000E-02, 5.602770690E+02
      3848,-1.000000000E-02,-1.732050808E-02, 5.333333333E-01, 2.000000000E-02, 5.602771266E+02
      3849, 1.000000000E-02,-1.732050808E-02, 5.333333333E-01, 2.000000000E-02, 5.602771266E+02
      3850,-1.217522858E-02,-1.586706681E-02, 5.333333333E-01, 2.000000000E-02, 5.602771675E+02
      3851, 1.217522858E-02,-1.586706681E-02, 5.333333333E-01, 2.000000000E-02, 5.602771675E+02
      3852,-1.414213562E-02,-1.414213562E-02, 5.333333333E-01, 2.000000000E-02, 5.602771821E+02
      3853, 1.414213562E-02,-1.414213562E-02, 5.333333333E-01, 2.000000000E-02, 5.602771821E+02
      3854,-1.586706681E-02,-1.217522858E-02, 5.333333333E-01, 2.000000000E-02, 5.602771675E+02
      3855, 1.586706681E-02,-1.217522858E-02, 5.333333333E-01, 2.000000000E-02, 5.602771675E+02
      3856,-1.732050808E-02,-1.000000000E-02, 5.333333333E-01, 2.000000000E-02, 5.602771266E+02
      3857, 1.732050808E-02,-1.000000000E-02, 5.333333333E-01, 2.000000000E-02, 5.602771266E+02
      3858,-1.847759065E-02,-7.653668647E-03, 5.333333333E-01, 2.000000000E-02, 5.602770690E+02
      3859, 1.847759065E-02,-7.653668647E-03, 5.333333333E-01, 2.000000000E-02, 5.602770690E+02
      3860,-1.931851653E-02,-5.176380902E-03, 5.333333333E-01, 2.000000000E-02, 5.602770094E+02
      3861, 1.931851653E-02,-5.176380902E-03, 5.333333333E-01, 2.000000000E-02, 5.602770094E+02
      3862,-1.982889723E-02,-2.610523844E-03, 5.333333333E-01, 2.000000000E-02, 5.602769646E+02
      3863, 1.982889723E-02,-2.610523844E-03, 5.333333333E-01, 2.000000000E-02, 5.602769646E+02
      3864,-2.000000000E-02, 7.347880795E-18, 5.333333333E-01, 2.000000000E-02, 5.602769480E+02
      3865, 2.000000000E-02,-4.898587197E-18, 5.333333333E-01, 2.000000000E-02, 5.602769480E+02
      3866,-1.982889723E-02, 2.610523844E-03, 5.333333333E-01, 2.000000000E-02, 5.602769646E+02
      3867, 1.982889723E-02, 2.610523844E-03, 5.333333333E-01, 2.000000000E-02, 5.602769646E+02
      3868,-1.931851653E-02, 5.176380902E-03, 5.333333333E-01, 2.000000000E-02, 5.602770094E+02
      3869, 1.931851653E-02, 5.176380902E-03, 5.333333333E-01, 2.000000000E-02, 5.602770094E+02
      3870,-1.847759065E-02, 7.653668647E-03, 5.333333333E-01, 2.000000000E-02, 5.602770690E+02
      3871, 1.847759065E-02, 7.653668647E-03, 5.333333333E-01, 2.000000000E-02, 5.602770690E+02
      3872,-1.732050808E-02, 1.000000000E-02, 5.333333333E-01, 2.000000000E-02, 5.602771266E+02
      3873, 1.732050808E-02, 1.000000000E-02, 5.333333333E-01, 2.000000000E-02, 5.602771266E+02
      3874,-1.586706681E-02, 1.217522858E-02, 5.333333333E-01, 2.000000000E-02, 5.602771675E+02
      3875, 1.586706681E-02, 1.217522858E-02, 5.333333333E-01, 2.000000000E-02, 5.602771675E+02
      3876,-1.414213562E-02, 1.414213562E-02, 5.333333333E-01, 2.000000000E-02, 5.602771821E+02
      3877, 1.414213562E-02, 1.414213562E-02, 5.333333333E-01, 2.000000000E-02, 5.602771821E+02
      3878,-1.217522858E-02, 1.586706681E-02, 5.333333333E-01, 2.000000000E-02, 5.602771675E+02
      3879, 1.217522858E-02, 1.586706681E-02, 5.333333333E-01, 2.000000000E-02, 5.602771675E+02
      3880,-1.000000000E-02, 1.732050808E-02, 5.333333333E-01, 2.000000000E-02, 5.602771266E+02
      3881, 1.000000000E-02, 1.732050808E-02, 5.333333333E-01, 2.000000000E-02, 5.602771266E+02
      3882,-7.653668647E-03, 1.847759065E-02, 5.333333333E-01, 2.000000000E-02, 5.602770690E+02
      3883, 7.653668647E-03, 1.847759065E-02, 5.333333333E-01, 2.000000000E-02, 5.602770690E+02
      3884,-5.176380902E-03, 1.931851653E-02, 5.333333333E-01, 2.000000000E-02, 5.602770094E+02
      3885, 5.176380902E-03, 1.931851653E-02, 5.333333333E-01, 2.000000000E-02, 5.602770094E+02
      3886,-2.610523844E-03, 1.982889723E-02, 5.333333333E-01, 2.000000000E-02, 5.602769646E+02
      3887, 2.610523844E-03, 1.982889723E-02, 5.333333333E-01, 2.000000000E-02, 5.602769646E+02
      3888, 6.123233996E-18, 2.000000000E-02, 5.333333333E-01, 2.000000000E-02, 5.602769480E+02
      3889,-3.673940397E-18,-2.000000000E-02, 5.400000000E-01, 2.000000000E-02, 5.606448501E+02
      3890,-2.610523844E-03,-1.982889723E-02, 5.400000000E-01, 2.000000000E-02, 5.606448665E+02
      3891, 2.610523844E-03,-1.982889723E-02, 5.400000000E-01, 2.000000000E-02, 5.606448665E+02
      3892,-5.176380902E-03,-1.931851653E-02, 5.400000000E-01, 2.000000000E-02, 5.606449107E+02
      3893, 5.176380902E-03,-1.931851653E-02, 5.400000000E-01, 2.000000000E-02, 5.606449107E+02
      3894,-7.653668647E-03,-1.847759065E-02, 5.400000000E-01, 2.000000000E-02, 5.606449696E+02
      3895, 7.653668647E-03,-1.847759065E-02, 5.400000000E-01, 2.000000000E-02, 5.606449696E+02
      3896,-1.000000000E-02,-1.732050808E-02, 5.400000000E-01, 2.000000000E-02, 5.606450264E+02
      3897, 1.000000000E-02,-1.732050808E-02, 5.400000000E-01, 2.000000000E-02, 5.606450264E+02
      3898,-1.217522858E-02,-1.586706681E-02, 5.400000000E-01, 2.000000000E-02, 5.606450667E+02
      3899, 1.217522858E-02,-1.586706681E-02, 5.400000000E-01, 2.000000000E-02, 5.606450667E+02
      3900,-1.414213562E-02,-1.414213562E-02, 5.400000000E-01, 2.000000000E-02, 5.606450812E+02
      3901, 1.414213562E-02,-1.414213562E-02, 5.400000000E-01, 2.000000000E-02, 5.606450812E+02
      3902,-1.586706681E-02,-1.217522858E-02, 5.400000000E-01, 2.000000000E-02, 5.606450667E+02
      3903, 1.586706681E-02,-1.217522858E-02, 5.400000000E-01, 2.000000000E-02, 5.606450667E+02
      3904,-1.732050808E-02,-1.000000000E-02, 5.400000000E-01, 2.000000000E-02, 5.606450264E+02
      3905, 1.732050808E-02,-1.000000000E-02, 5.400000000E-01, 2.000000000E-02, 5.606450264E+02
      3906,-1.847759065E-02,-7.653668647E-03, 5.400000000E-01, 2.000000000E-02, 5.606449696E+02
      3907, 1.847759065E-02,-7.653668647E-03, 5.400000000E-01, 2.000000000E-02, 5.606449696E+02
      3908,-1.931851653E-02,-5.176380902E-03, 5.400000000E-01, 2.000000000E-02, 5.606449107E+02
      3909, 1.931851653E-02,-5.176380902E-03, 5.400000000E-01, 2.000000000E-02, 5.606449107E+02
      3910,-1.982889723E-02,-2.610523844E-03, 5.400000000E-01, 2.000000000E-02, 5.606448665E+02
      3911, 1.982889723E-02,-2.610523844E-03, 5.400000000E-01, 2.000000000E-02, 5.606448665E+02
      3912,-2.000000000E-02, 7.347880795E-18, 5.400000000E-01, 2.000000000E-02, 5.606448501E+02
      3913, 2.000000000E-02,-4.898587197E-18, 5.400000000E-01, 2.000000000E-02, 5.606448501E+02
      3914,-1.982889723E-02, 2.610523844E-03, 5.400000000E-01, 2.000000000E-02, 5.606448665E+02
      3915, 1.982889723E-02, 2.610523844E-03, 5.400000000E-01, 2.000000000E-02, 5.606448665E+02
      3916,-1.931851653E-02, 5.176380902E-03, 5.400000000E-01, 2.000000000E-02, 5.606449107E+02
      3917, 1.931851653E-02, 5.176380902E-03, 5.400000000E-01, 2.000000000E-02, 5.606449107E+02
      3918,-1.847759065E-02, 7.653668647E-03, 5.400000000E-01, 2.000000000E-02, 5.606449696E+02
      3919, 1.847759065E-02, 7.653668647E-03, 5.400000000E-01, 2.000000000E-02, 5.606449696E+02
      3920,-1.732050808E-02, 1.000000000E-02, 5.400000000E-01, 2.000000000E-02, 5.606450264E+02
      3921, 1.732050808E-02, 1.000000000E-02, 5.400000000E-01, 2.000000000E-02, 5.606450264E+02
      3922,-1.586706681E-02, 1.217522858E-02, 5.400000000E-01, 2.000000000E-02, 5.606450667E+02
      3923, 1.586706681E-02, 1.217522858E-02, 5.400000000E-01, 2.000000000E-02, 5.606450667E+02
      3924,-1.414213562E-02, 1.414213562E-02, 5.400000000E-01, 2.000000000E-02, 5.606450812E+02
      3925, 1.414213562E-02, 1.414213562E-02, 5.400000000E-01, 2.000000000E-02, 5.606450812E+02
      3926,-1.217522858E-02, 1.586706681E-02, 5.400000000E-01, 2.000000000E-02, 5.606450667E+02
      3927, 1.217522858E-02, 1.586706681E-02, 5.400000000E-01, 2.000000000E-02, 5.606450667E+02
      3928,-1.000000000E-02, 1.732050808E-02, 5.400000000E-01, 2.000000000E-02, 5.606450264E+02
      3929, 1.000000000E-02, 1.732050808E-02, 5.400000000E-01, 2.000000000E-02, 5.606450264E+02
      3930,-7.653668647E-03, 1.847759065E-02, 5.400000000E-01, 2.000000000E-02, 5.606449696E+02
      3931, 7.653668647E-03, 1.847759065E-02, 5.400000000E-01, 2.000000000E-02, 5.606449696E+02
      3932,-5.176380902E-03, 1.931851653E-02, 5.400000000E-01, 2.000000000E-02, 5.606449107E+02
      3933, 5.176380902E-03, 1.931851653E-02, 5.400000000E-01, 2.000000000E-02, 5.606449107E+02
      3934,-2.610523844E-03, 1.982889723E-02, 5.400000000E-01, 2.000000000E-02, 5.606448665E+02
      3935, 2.610523844E-03, 1.982889723E-02, 5.400000000E-01, 2.000000000E-02, 5.606448665E+02
      3936, 6.123233996E-18, 2.000000000E-02, 5.400000000E-01, 2.000000000E-02, 5.606448501E+02
      3937,-3.673940397E-18,-2.000000000E-02, 5.466666667E-01, 2.000000000E-02, 5.609917331E+02
      3938,-2.610523844E-03,-1.982889723E-02, 5.466666667E-01, 2.000000000E-02, 5.609917493E+02
      3939, 2.610523844E-03,-1.982889723E-02, 5.466666667E-01, 2.000000000E-02, 5.609917493E+02
      3940,-5.176380902E-03,-1.931851653E-02, 5.466666667E-01, 2.000000000E-02, 5.609917929E+02
      3941, 5.176380902E-03,-1.931851653E-02, 5.466666667E-01, 2.000000000E-02, 5.609917929E+02
      3942,-7.653668647E-03,-1.847759065E-02, 5.466666667E-01, 2.000000000E-02, 5.609918509E+02
      3943, 7.653668647E-03,-1.847759065E-02, 5.466666667E-01, 2.000000000E-02, 5.609918509E+02
      3944,-1.000000000E-02,-1.732050808E-02, 5.466666667E-01, 2.000000000E-02, 5.609919070E+02
      3945, 1.000000000E-02,-1.732050808E-02, 5.466666667E-01, 2.000000000E-02, 5.609919070E+02
      3946,-1.217522858E-02,-1.586706681E-02, 5.466666667E-01, 2.000000000E-02, 5.609919467E+02
      3947, 1.217522858E-02,-1.586706681E-02, 5.466666667E-01, 2.000000000E-02, 5.609919467E+02
      3948,-1.414213562E-02,-1.414213562E-02, 5.466666667E-01, 2.000000000E-02, 5.609919609E+02
      3949, 1.414213562E-02,-1.414213562E-02, 5.466666667E-01, 2.000000000E-02, 5.609919609E+02
      3950,-1.586706681E-02,-1.217522858E-02, 5.466666667E-01, 2.000000000E-02, 5.609919467E+02
      3951, 1.586706681E-02,-1.217522858E-02, 5.466666667E-01, 2.000000000E-02, 5.609919467E+02
      3952,-1.732050808E-02,-1.000000000E-02, 5.466666667E-01, 2.000000000E-02, 5.609919070E+02
      3953, 1.732050808E-02,-1.000000000E-02, 5.466666667E-01, 2.000000000E-02, 5.609919070E+02
      3954,-1.847759065E-02,-7.653668647E-03, 5.466666667E-01, 2.000000000E-02, 5.609918509E+02
      3955, 1.847759065E-02,-7.653668647E-03, 5.466666667E-01, 2.000000000E-02, 5.609918509E+02
      3956,-1.931851653E-02,-5.176380902E-03, 5.466666667E-01, 2.000000000E-02, 5.609917929E+02
      3957, 1.931851653E-02,-5.176380902E-03, 5.466666667E-01, 2.000000000E-02, 5.609917929E+02
      3958,-1.982889723E-02,-2.610523844E-03, 5.466666667E-01, 2.000000000E-02, 5.609917493E+02
      3959, 1.982889723E-02,-2.610523844E-03, 5.466666667E-01, 2.000000000E-02, 5.609917493E+02
      3960,-2.000000000E-02, 7.347880795E-18, 5.466666667E-01, 2.000000000E-02, 5.609917331E+02
      3961, 2.000000000E-02,-4.898587197E-18, 5.466666667E-01, 2.000000000E-02, 5.609917331E+02
      3962,-1.982889723E-02, 2.610523844E-03, 5.466666667E-01, 2.000000000E-02, 5.609917493E+02
      3963, 1.982889723E-02, 2.610523844E-03, 5.466666667E-01, 2.000000000E-02, 5.609917493E+02
      3964,-1.931851653E-02, 5.176380902E-03, 5.466666667E-01, 2.000000000E-02, 5.609917929E+02
      3965, 1.931851653E-02, 5.176380902E-03, 5.466666667E-01, 2.000000000E-02, 5.609917929E+02
      3966,-1.847759065E-02, 7.653668647E-03, 5.466666667E-01, 2.000000000E-02, 5.609918509E+02
      3967, 1.847759065E-02, 7.653668647E-03, 5.466666667E-01, 2.000000000E-02, 5.609918509E+02
      3968,-1.732050808E-02, 1.000000000E-02, 5.466666667E-01, 2.000000000E-02, 5.609919070E+02
      3969, 1.732050808E-02, 1.000000000E-02, 5.466666667E-01, 2.000000000E-02, 5.609919070E+02
      3970,-1.586706681E-02, 1.217522858E-02, 5.466666667E-01, 2.000000000E-02, 5.609919467E+02
      3971, 1.586706681E-02, 1.217522858E-02, 5.466666667E-01, 2.000000000E-02, 5.609919467E+02
      3972,-1.414213562E-02, 1.414213562E-02, 5.466666667E-01, 2.000000000E-02, 5.609919609E+02
      3973, 1.414213562E-02, 1.414213562E-02, 5.466666667E-01, 2.000000000E-02, 5.609919609E+02
      3974,-1.217522858E-02, 1.586706681E-02, 5.466666667E-01, 2.000000000E-02, 5.609919467E+02
      3975, 1.217522858E-02, 1.586706681E-02, 5.466666667E-01, 2.000000000E-02, 5.609919467E+02
      3976,-1.000000000E-02, 1.732050808E-02, 5.466666667E-01, 2.000000000E-02, 5.609919070E+02
      3977, 1.000000000E-02, 1.732050808E-02, 5.466666667E-01, 2.000000000E-02, 5.609919070E+02
      3978,-7.653668647E-03, 1.847759065E-02, 5.466666667E-01, 2.000000000E-02, 5.609918509E+02
      3979, 7.653668647E-03, 1.847759065E-02, 5.466666667E-01, 2.000000000E-02, 5.609918509E+02
      3980,-5.176380902E-03, 1.931851653E-02, 5.466666667E-01, 2.000000000E-02, 5.609917929E+02
      3981, 5.176380902E-03, 1.931851653E-02, 5.466666667E-01, 2.000000000E-02, 5.609917929E+02
      3982,-2.610523844E-03, 1.982889723E-02, 5.466666667E-01, 2.000000000E-02, 5.609917493E+02
      3983, 2.610523844E-03, 1.982889723E-02, 5.466666667E-01, 2.000000000E-02, 5.609917493E+02
      3984, 6.123233996E-18, 2.000000000E-02, 5.466666667E-01, 2.000000000E-02, 5.609917331E+02
      3985,-3.673940397E-18,-2.000000000E-02, 5.533333333E-01, 2.000000000E-02, 5.613150300E+02
      3986,-2.610523844E-03,-1.982889723E-02, 5.533333333E-01, 2.000000000E-02, 5.613150459E+02
      3987, 2.610523844E-03,-1.982889723E-02, 5.533333333E-01, 2.000000000E-02, 5.613150459E+02
      3988,-5.176380902E-03,-1.931851653E-02, 5.533333333E-01, 2.000000000E-02, 5.613150887E+02
      3989, 5.176380902E-03,-1.931851653E-02, 5.533333333E-01, 2.000000000E-02, 5.613150887E+02
      3990,-7.653668647E-03,-1.847759065E-02, 5.533333333E-01, 2.000000000E-02, 5.613151457E+02
      3991, 7.653668647E-03,-1.847759065E-02, 5.533333333E-01, 2.000000000E-02, 5.613151457E+02
      3992,-1.000000000E-02,-1.732050808E-02, 5.533333333E-01, 2.000000000E-02, 5.613152007E+02
      3993, 1.000000000E-02,-1.732050808E-02, 5.533333333E-01, 2.000000000E-02, 5.613152007E+02
      3994,-1.217522858E-02,-1.586706681E-02, 5.533333333E-01, 2.000000000E-02, 5.613152397E+02
      3995, 1.217522858E-02,-1.586706681E-02, 5.533333333E-01, 2.000000000E-02, 5.613152397E+02
      3996,-1.414213562E-02,-1.414213562E-02, 5.533333333E-01, 2.000000000E-02, 5.613152537E+02
      3997, 1.414213562E-02,-1.414213562E-02, 5.533333333E-01, 2.000000000E-02, 5.613152537E+02
      3998,-1.586706681E-02,-1.217522858E-02, 5.533333333E-01, 2.000000000E-02, 5.613152397E+02
      3999, 1.586706681E-02,-1.217522858E-02, 5.533333333E-01, 2.000000000E-02, 5.613152397E+02
      4000,-1.732050808E-02,-1.000000000E-02, 5.533333333E-01, 2.000000000E-02, 5.613152007E+02
      4001, 1.732050808E-02,-1.000000000E-02, 5.533333333E-01, 2.000000000E-02, 5.613152007E+02
      4002,-1.847759065E-02,-7.653668647E-03, 5.533333333E-01, 2.000000000E-02, 5.613151457E+02
      4003, 1.847759065E-02,-7.653668647E-03, 5.533333333E-01, 2.000000000E-02, 5.613151457E+02
      4004,-1.931851653E-02,-5.176380902E-03, 5.533333333E-01, 2.000000000E-02, 5.613150887E+02
      4005, 1.931851653E-02,-5.176380902E-03, 5.533333333E-01, 2.000000000E-02, 5.613150887E+02
      4006,-1.982889723E-02,-2.610523844E-03, 5.533333333E-01, 2.000000000E-02, 5.613150459E+02
      4007, 1.982889723E-02,-2.610523844E-03, 5.533333333E-01, 2.000000000E-02, 5.613150459E+02
      4008,-2.000000000E-02, 7.347880795E-18, 5.533333333E-01, 2.000000000E-02, 5.613150300E+02
      4009, 2.000000000E-02,-4.898587197E-18, 5.533333333E-01, 2.000000000E-02, 5.613150300E+02
      4010,-1.982889723E-02, 2.610523844E-03, 5.533333333E-01, 2.000000000E-02, 5.613150459E+02
      4011, 1.982889723E-02, 2.610523844E-03, 5.533333333E-01, 2.000000000E-02, 5.613150459E+02
      4012,-1.931851653E-02, 5.176380902E-03, 5.533333333E-01, 2.000000000E-02, 5.613150887E+02
      4013, 1.931851653E-02, 5.176380902E-03, 5.533333333E-01, 2.000000000E-02, 5.613150887E+02
      4014,-1.847759065E-02, 7.653668647E-03, 5.533333333E-01, 2.000000000E-02, 5.613151457E+02
      4015, 1.847759065E-02, 7.653668647E-03, 5.533333333E-01, 2.000000000E-02, 5.613151457E+02
      4016,-1.732050808E-02, 1.000000000E-02, 5.533333333E-01, 2.000000000E-02, 5.613152007E+02
      4017, 1.732050808E-02, 1.000000000E-02, 5.533333333E-01, 2.000000000E-02, 5.613152007E+02
      4018,-1.586706681E-02, 1.217522858E-02, 5.533333333E-01, 2.000000000E-02, 5.613152397E+02
      4019, 1.586706681E-02, 1.217522858E-02, 5.533333333E-01, 2.000000000E-02, 5.613152397E+02
      4020,-1.414213562E-02, 1.414213562E-02, 5.533333333E-01, 2.000000000E-02, 5.613152537E+02
      4021, 1.414213562E-02, 1.414213562E-02, 5.533333333E-01, 2.000000000E-02, 5.613152537E+02
      4022,-1.217522858E-02, 1.586706681E-02, 5.533333333E-01, 2.000000000E-02, 5.613152397E+02
      4023, 1.217522858E-02, 1.586706681E-02, 5.533333333E-01, 2.000000000E-02, 5.613152397E+02
      4024,-1.000000000E-02, 1.732050808E-02, 5.533333333E-01, 2.000000000E-02, 5.613152007E+02
      4025, 1.000000000E-02, 1.732050808E-02, 5.533333333E-01, 2.000000000E-02, 5.613152007E+02
      4026,-7.653668647E-03, 1.847759065E-02, 5.533333333E-01, 2.000000000E-02, 5.613151457E+02
      4027, 7.653668647E-03, 1.847759065E-02, 5.533333333E-01, 2.000000000E-02, 5.613151457E+02
      4028,-5.176380902E-03, 1.931851653E-02, 5.533333333E-01, 2.000000000E-02, 5.613150887E+02
      4029, 5.176380902E-03, 1.931851653E-02, 5.533333333E-01, 2.000000000E-02, 5.613150887E+02
      4030,-2.610523844E-03, 1.982889723E-02, 5.533333333E-01, 2.000000000E-02, 5.613150459E+02
      4031, 2.610523844E-03, 1.982889723E-02, 5.533333333E-01, 2.000000000E-02, 5.613150459E+02
      4032, 6.123233996E-18, 2.000000000E-02, 5.533333333E-01, 2.000000000E-02, 5.613150300E+02
      4033,-3.673940397E-18,-2.000000000E-02, 5.600000000E-01, 2.000000000E-02, 5.616116794E+02
      4034,-2.610523844E-03,-1.982889723E-02, 5.600000000E-01, 2.000000000E-02, 5.616116949E+02
      4035, 2.610523844E-03,-1.982889723E-02, 5.600000000E-01, 2.000000000E-02, 5.616116949E+02
      4036,-5.176380902E-03,-1.931851653E-02, 5.600000000E-01, 2.000000000E-02, 5.616117368E+02
      4037, 5.176380902E-03,-1.931851653E-02, 5.600000000E-01, 2.000000000E-02, 5.616117368E+02
      4038,-7.653668647E-03,-1.847759065E-02, 5.600000000E-01, 2.000000000E-02, 5.616117924E+02
      4039, 7.653668647E-03,-1.847759065E-02, 5.600000000E-01, 2.000000000E-02, 5.616117924E+02
      4040,-1.000000000E-02,-1.732050808E-02, 5.600000000E-01, 2.000000000E-02, 5.616118461E+02
      4041, 1.000000000E-02,-1.732050808E-02, 5.600000000E-01, 2.000000000E-02, 5.616118461E+02
      4042,-1.217522858E-02,-1.586706681E-02, 5.600000000E-01, 2.000000000E-02, 5.616118842E+02
      4043, 1.217522858E-02,-1.586706681E-02, 5.600000000E-01, 2.000000000E-02, 5.616118842E+02
      4044,-1.414213562E-02,-1.414213562E-02, 5.600000000E-01, 2.000000000E-02, 5.616118978E+02
      4045, 1.414213562E-02,-1.414213562E-02, 5.600000000E-01, 2.000000000E-02, 5.616118978E+02
      4046,-1.586706681E-02,-1.217522858E-02, 5.600000000E-01, 2.000000000E-02, 5.616118842E+02
      4047, 1.586706681E-02,-1.217522858E-02, 5.600000000E-01, 2.000000000E-02, 5.616118842E+02
      4048,-1.732050808E-02,-1.000000000E-02, 5.600000000E-01, 2.000000000E-02, 5.616118461E+02
      4049, 1.732050808E-02,-1.000000000E-02, 5.600000000E-01, 2.000000000E-02, 5.616118461E+02
      4050,-1.847759065E-02,-7.653668647E-03, 5.600000000E-01, 2.000000000E-02, 5.616117924E+02
      4051, 1.847759065E-02,-7.653668647E-03, 5.600000000E-01, 2.000000000E-02, 5.616117924E+02
      4052,-1.931851653E-02,-5.176380902E-03, 5.600000000E-01, 2.000000000E-02, 5.616117368E+02
      4053, 1.931851653E-02,-5.176380902E-03, 5.600000000E-01, 2.000000000E-02, 5.616117368E+02
      4054,-1.982889723E-02,-2.610523844E-03, 5.600000000E-01, 2.000000000E-02, 5.616116949E+02
      4055, 1.982889723E-02,-2.610523844E-03, 5.600000000E-01, 2.000000000E-02, 5.616116949E+02
      4056,-2.000000000E-02, 7.347880795E-18, 5.600000000E-01, 2.000000000E-02, 5.616116794E+02
      4057, 2.000000000E-02,-4.898587197E-18, 5.600000000E-01, 2.000000000E-02, 5.616116794E+02
      4058,-1.982889723E-02, 2.610523844E-03, 5.600000000E-01, 2.000000000E-02, 5.616116949E+02
      4059, 1.982889723E-02, 2.610523844E-03, 5.600000000E-01, 2.000000000E-02, 5.616116949E+02
      4060,-1.931851653E-02, 5.176380902E-03, 5.600000000E-01, 2.000000000E-02, 5.616117368E+02
      4061, 1.931851653E-02, 5.176380902E-03, 5.600000000E-01, 2.000000000E-02, 5.616117368E+02
      4062,-1.847759065E-02, 7.653668647E-03, 5.600000000E-01, 2.000000000E-02, 5.616117924E+02
      4063, 1.847759065E-02, 7.653668647E-03, 5.600000000E-01, 2.000000000E-02, 5.616117924E+02
      4064,-1.732050808E-02, 1.000000000E-02, 5.600000000E-01, 2.000000000E-02, 5.616118461E+02
      4065, 1.732050808E-02, 1.000000000E-02, 5.600000000E-01, 2.000000000E-02, 5.616118461E+02
      4066,-1.586706681E-02, 1.217522858E-02, 5.600000000E-01, 2.000000000E-02, 5.616118842E+02
      4067, 1.586706681E-02, 1.217522858E-02, 5.600000000E-01, 2.000000000E-02, 5.616118842E+02
      4068,-1.414213562E-02, 1.414213562E-02, 5.600000000E-01, 2.000000000E-02, 5.616118978E+02
      4069, 1.414213562E-02, 1.414213562E-02, 5.600000000E-01, 2.000000000E-02, 5.616118978E+02
      4070,-1.217522858E-02, 1.586706681E-02, 5.600000000E-01, 2.000000000E-02, 5.616118842E+02
      4071, 1.217522858E-02, 1.586706681E-02, 5.600000000E-01, 2.000000000E-02, 5.616118842E+02
      4072,-1.000000000E-02, 1.732050808E-02, 5.600000000E-01, 2.000000000E-02, 5.616118461E+02
      4073, 1.000000000E-02, 1.732050808E-02, 5.600000000E-01, 2.000000000E-02, 5.616118461E+02
      4074,-7.653668647E-03, 1.847759065E-02, 5.600000000E-01, 2.000000000E-02, 5.616117924E+02
      4075, 7.653668647E-03, 1.847759065E-02, 5.600000000E-01, 2.000000000E-02, 5.616117924E+02
      4076,-5.176380902E-03, 1.931851653E-02, 5.600000000E-01, 2.000000000E-02, 5.616117368E+02
      4077, 5.176380902E-03, 1.931851653E-02, 5.600000000E-01, 2.000000000E-02, 5.616117368E+02
      4078,-2.610523844E-03, 1.982889723E-02, 5.600000000E-01, 2.000000000E-02, 5.616116949E+02
      4079, 2.610523844E-03, 1.982889723E-02, 5.600000000E-01, 2.000000000E-02, 5.616116949E+02
      4080, 6.123233996E-18, 2.000000000E-02, 5.600000000E-01, 2.000000000E-02, 5.616116794E+02
      4081,-3.673940397E-18,-2.000000000E-02, 5.666666667E-01, 2.000000000E-02, 5.618780684E+02
      4082,-2.610523844E-03,-1.982889723E-02, 5.666666667E-01, 2.000000000E-02, 5.618780835E+02
      4083, 2.610523844E-03,-1.982889723E-02, 5.666666667E-01, 2.000000000E-02, 5.618780835E+02
      4084,-5.176380902E-03,-1.931851653E-02, 5.666666667E-01, 2.000000000E-02, 5.618781242E+02
      4085, 5.176380902E-03,-1.931851653E-02, 5.666666667E-01, 2.000000000E-02, 5.618781242E+02
      4086,-7.653668647E-03,-1.847759065E-02, 5.666666667E-01, 2.000000000E-02, 5.618781782E+02
      4087, 7.653668647E-03,-1.847759065E-02, 5.666666667E-01, 2.000000000E-02, 5.618781782E+02
      4088,-1.000000000E-02,-1.732050808E-02, 5.666666667E-01, 2.000000000E-02, 5.618782303E+02
      4089, 1.000000000E-02,-1.732050808E-02, 5.666666667E-01, 2.000000000E-02, 5.618782303E+02
      4090,-1.217522858E-02,-1.586706681E-02, 5.666666667E-01, 2.000000000E-02, 5.618782672E+02
      4091, 1.217522858E-02,-1.586706681E-02, 5.666666667E-01, 2.000000000E-02, 5.618782672E+02
      4092,-1.414213562E-02,-1.414213562E-02, 5.666666667E-01, 2.000000000E-02, 5.618782804E+02
      4093, 1.414213562E-02,-1.414213562E-02, 5.666666667E-01, 2.000000000E-02, 5.618782804E+02
      4094,-1.586706681E-02,-1.217522858E-02, 5.666666667E-01, 2.000000000E-02, 5.618782672E+02
      4095, 1.586706681E-02,-1.217522858E-02, 5.666666667E-01, 2.000000000E-02, 5.618782672E+02
      4096,-1.732050808E-02,-1.000000000E-02, 5.666666667E-01, 2.000000000E-02, 5.618782303E+02
      4097, 1.732050808E-02,-1.000000000E-02, 5.666666667E-01, 2.000000000E-02, 5.618782303E+02
      4098,-1.847759065E-02,-7.653668647E-03, 5.666666667E-01, 2.000000000E-02, 5.618781782E+02
      4099, 1.847759065E-02,-7.653668647E-03, 5.666666667E-01, 2.000000000E-02, 5.618781782E+02
      4100,-1.931851653E-02,-5.176380902E-03, 5.666666667E-01, 2.000000000E-02, 5.618781242E+02
      4101, 1.931851653E-02,-5.176380902E-03, 5.666666667E-01, 2.000000000E-02, 5.618781242E+02
      4102,-1.982889723E-02,-2.610523844E-03, 5.666666667E-01, 2.000000000E-02, 5.618780835E+02
      4103, 1.982889723E-02,-2.610523844E-03, 5.666666667E-01, 2.000000000E-02, 5.618780835E+02
      4104,-2.000000000E-02, 7.347880795E-18, 5.666666667E-01, 2.000000000E-02, 5.618780684E+02
      4105, 2.000000000E-02,-4.898587197E-18, 5.666666667E-01, 2.000000000E-02, 5.618780684E+02
      4106,-1.982889723E-02, 2.610523844E-03, 5.666666667E-01, 2.000000000E-02, 5.618780835E+02
      4107, 1.982889723E-02, 2.610523844E-03, 5.666666667E-01, 2.000000000E-02, 5.618780835E+02
      4108,-1.931851653E-02, 5.176380902E-03, 5.666666667E-01, 2.000000000E-02, 5.618781242E+02
      4109, 1.931851653E-02, 5.176380902E-03, 5.666666667E-01, 2.000000000E-02, 5.618781242E+02
      4110,-1.847759065E-02, 7.653668647E-03, 5.666666667E-01, 2.000000000E-02, 5.618781782E+02
      4111, 1.847759065E-02, 7.653668647E-03, 5.666666667E-01, 2.000000000E-02, 5.618781782E+02
      4112,-1.732050808E-02, 1.000000000E-02, 5.666666667E-01, 2.000000000E-02, 5.618782303E+02
      4113, 1.732050808E-02, 1.000000000E-02, 5.666666667E-01, 2.000000000E-02, 5.618782303E+02
      4114,-1.586706681E-02, 1.217522858E-02, 5.666666667E-01, 2.000000000E-02, 5.618782672E+02
      4115, 1.586706681E-02, 1.217522858E-02, 5.666666667E-01, 2.000000000E-02, 5.618782672E+02
      4116,-1.414213562E-02, 1.414213562E-02, 5.666666667E-01, 2.000000000E-02, 5.618782804E+02
      4117, 1.414213562E-02, 1.414213562E-02, 5.666666667E-01, 2.000000000E-02, 5.618782804E+02
      4118,-1.217522858E-02, 1.586706681E-02, 5.666666667E-01, 2.000000000E-02, 5.618782672E+02
      4119, 1.217522858E-02, 1.586706681E-02, 5.666666667E-01, 2.000000000E-02, 5.618782672E+02
      4120,-1.000000000E-02, 1.732050808E-02, 5.666666667E-01, 2.000000000E-02, 5.618782303E+02
      4121, 1.000000000E-02, 1.732050808E-02, 5.666666667E-01, 2.000000000E-02, 5.618782303E+02
      4122,-7.653668647E-03, 1.847759065E-02, 5.666666667E-01, 2.000000000E-02, 5.618781782E+02
      4123, 7.653668647E-03, 1.847759065E-02, 5.666666667E-01, 2.000000000E-02, 5.618781782E+02
      4124,-5.176380902E-03, 1.931851653E-02, 5.666666667E-01, 2.000000000E-02, 5.618781242E+02
      4125, 5.176380902E-03, 1.931851653E-02, 5.666666667E-01, 2.000000000E-02, 5.618781242E+02
      4126,-2.610523844E-03, 1.982889723E-02, 5.666666667E-01, 2.000000000E-02, 5.618780835E+02
      4127, 2.610523844E-03, 1.982889723E-02, 5.666666667E-01, 2.000000000E-02, 5.618780835E+02
      4128, 6.123233996E-18, 2.000000000E-02, 5.666666667E-01, 2.000000000E-02, 5.618780684E+02
      4129,-3.673940397E-18,-2.000000000E-02, 5.733333333E-01, 2.000000000E-02, 5.621099095E+02
      4130,-2.610523844E-03,-1.982889723E-02, 5.733333333E-01, 2.000000000E-02, 5.621099242E+02
      4131, 2.610523844E-03,-1.982889723E-02, 5.733333333E-01, 2.000000000E-02, 5.621099242E+02
      4132,-5.176380902E-03,-1.931851653E-02, 5.733333333E-01, 2.000000000E-02, 5.621099636E+02
      4133, 5.176380902E-03,-1.931851653E-02, 5.733333333E-01, 2.000000000E-02, 5.621099636E+02
      4134,-7.653668647E-03,-1.847759065E-02, 5.733333333E-01, 2.000000000E-02, 5.621100158E+02
      4135, 7.653668647E-03,-1.847759065E-02, 5.733333333E-01, 2.000000000E-02, 5.621100158E+02
      4136,-1.000000000E-02,-1.732050808E-02, 5.733333333E-01, 2.000000000E-02, 5.621100660E+02
      4137, 1.000000000E-02,-1.732050808E-02, 5.733333333E-01, 2.000000000E-02, 5.621100660E+02
      4138,-1.217522858E-02,-1.586706681E-02, 5.733333333E-01, 2.000000000E-02, 5.621101015E+02
      4139, 1.217522858E-02,-1.586706681E-02, 5.733333333E-01, 2.000000000E-02, 5.621101015E+02
      4140,-1.414213562E-02,-1.414213562E-02, 5.733333333E-01, 2.000000000E-02, 5.621101142E+02
      4141, 1.414213562E-02,-1.414213562E-02, 5.733333333E-01, 2.000000000E-02, 5.621101142E+02
      4142,-1.586706681E-02,-1.217522858E-02, 5.733333333E-01, 2.000000000E-02, 5.621101015E+02
      4143, 1.586706681E-02,-1.217522858E-02, 5.733333333E-01, 2.000000000E-02, 5.621101015E+02
      4144,-1.732050808E-02,-1.000000000E-02, 5.733333333E-01, 2.000000000E-02, 5.621100660E+02
      4145, 1.732050808E-02,-1.000000000E-02, 5.733333333E-01, 2.000000000E-02, 5.621100660E+02
      4146,-1.847759065E-02,-7.653668647E-03, 5.733333333E-01, 2.000000000E-02, 5.621100158E+02
      4147, 1.847759065E-02,-7.653668647E-03, 5.733333333E-01, 2.000000000E-02, 5.621100158E+02
      4148,-1.931851653E-02,-5.176380902E-03, 5.733333333E-01, 2.000000000E-02, 5.621099636E+02
      4149, 1.931851653E-02,-5.176380902E-03, 5.733333333E-01, 2.000000000E-02, 5.621099636E+02
      4150,-1.982889723E-02,-2.610523844E-03, 5.733333333E-01, 2.000000000E-02, 5.621099242E+02
      4151, 1.982889723E-02,-2.610523844E-03, 5.733333333E-01, 2.000000000E-02, 5.621099242E+02
      4152,-2.000000000E-02, 7.347880795E-18, 5.733333333E-01, 2.000000000E-02, 5.621099095E+02
      4153, 2.000000000E-02,-4.898587197E-18, 5.733333333E-01, 2.000000000E-02, 5.621099095E+02
      4154,-1.982889723E-02, 2.610523844E-03, 5.733333333E-01, 2.000000000E-02, 5.621099242E+02
      4155, 1.982889723E-02, 2.610523844E-03, 5.733333333E-01, 2.000000000E-02, 5.621099242E+02
      4156,-1.931851653E-02, 5.176380902E-03, 5.733333333E-01, 2.000000000E-02, 5.621099636E+02
      4157, 1.931851653E-02, 5.176380902E-03, 5.733333333E-01, 2.000000000E-02, 5.621099636E+02
      4158,-1.847759065E-02, 7.653668647E-03, 5.733333333E-01, 2.000000000E-02, 5.621100158E+02
      4159, 1.847759065E-02, 7.653668647E-03, 5.733333333E-01, 2.000000000E-02, 5.621100158E+02
      4160,-1.732050808E-02, 1.000000000E-02, 5.733333333E-01, 2.000000000E-02, 5.621100660E+02
      4161, 1.732050808E-02, 1.000000000E-02, 5.733333333E-01, 2.000000000E-02, 5.621100660E+02
      4162,-1.586706681E-02, 1.217522858E-02, 5.733333333E-01, 2.000000000E-02, 5.621101015E+02
      4163, 1.586706681E-02, 1.217522858E-02, 5.733333333E-01, 2.000000000E-02, 5.621101015E+02
      4164,-1.414213562E-02, 1.414213562E-02, 5.733333333E-01, 2.000000000E-02, 5.621101142E+02
      4165, 1.414213562E-02, 1.414213562E-02, 5.733333333E-01, 2.000000000E-02, 5.621101142E+02
      4166,-1.217522858E-02, 1.586706681E-02, 5.733333333E-01, 2.000000000E-02, 5.621101015E+02
      4167, 1.217522858E-02, 1.586706681E-02, 5.733333333E-01, 2.000000000E-02, 5.621101015E+02
      4168,-1.000000000E-02, 1.732050808E-02, 5.733333333E-01, 2.000000000E-02, 5.621100660E+02
      4169, 1.000000000E-02, 1.732050808E-02, 5.733333333E-01, 2.000000000E-02, 5.621100660E+02
      4170,-7.653668647E-03, 1.847759065E-02, 5.733333333E-01, 2.000000000E-02, 5.621100158E+02
      4171, 7.653668647E-03, 1.847759065E-02, 5.733333333E-01, 2.000000000E-02, 5.621100158E+02
      4172,-5.176380902E-03, 1.931851653E-02, 5.733333333E-01, 2.000000000E-02, 5.621099636E+02
      4173, 5.176380902E-03, 1.931851653E-02, 5.733333333E-01, 2.000000000E-02, 5.621099636E+02
      4174,-2.610523844E-03, 1.982889723E-02, 5.733333333E-01, 2.000000000E-02, 5.621099242E+02
      4175, 2.610523844E-03, 1.982889723E-02, 5.733333333E-01, 2.000000000E-02, 5.621099242E+02
      4176, 6.123233996E-18, 2.000000000E-02, 5.733333333E-01, 2.000000000E-02, 5.621099095E+02
      4177,-3.673940397E-18,-2.000000000E-02, 5.800000000E-01, 2.000000000E-02, 5.623022133E+02
      4178,-2.610523844E-03,-1.982889723E-02, 5.800000000E-01, 2.000000000E-02, 5.623022274E+02
      4179, 2.610523844E-03,-1.982889723E-02, 5.800000000E-01, 2.000000000E-02, 5.623022274E+02
      4180,-5.176380902E-03,-1.931851653E-02, 5.800000000E-01, 2.000000000E-02, 5.623022653E+02
      4181, 5.176380902E-03,-1.931851653E-02, 5.800000000E-01, 2.000000000E-02, 5.623022653E+02
      4182,-7.653668647E-03,-1.847759065E-02, 5.800000000E-01, 2.000000000E-02, 5.623023156E+02
      4183, 7.653668647E-03,-1.847759065E-02, 5.800000000E-01, 2.000000000E-02, 5.623023156E+02
      4184,-1.000000000E-02,-1.732050808E-02, 5.800000000E-01, 2.000000000E-02, 5.623023638E+02
      4185, 1.000000000E-02,-1.732050808E-02, 5.800000000E-01, 2.000000000E-02, 5.623023638E+02
      4186,-1.217522858E-02,-1.586706681E-02, 5.800000000E-01, 2.000000000E-02, 5.623023979E+02
      4187, 1.217522858E-02,-1.586706681E-02, 5.800000000E-01, 2.000000000E-02, 5.623023979E+02
      4188,-1.414213562E-02,-1.414213562E-02, 5.800000000E-01, 2.000000000E-02, 5.623024100E+02
      4189, 1.414213562E-02,-1.414213562E-02, 5.800000000E-01, 2.000000000E-02, 5.623024100E+02
      4190,-1.586706681E-02,-1.217522858E-02, 5.800000000E-01, 2.000000000E-02, 5.623023979E+02
      4191, 1.586706681E-02,-1.217522858E-02, 5.800000000E-01, 2.000000000E-02, 5.623023979E+02
      4192,-1.732050808E-02,-1.000000000E-02, 5.800000000E-01, 2.000000000E-02, 5.623023638E+02
      4193, 1.732050808E-02,-1.000000000E-02, 5.800000000E-01, 2.000000000E-02, 5.623023638E+02
      4194,-1.847759065E-02,-7.653668647E-03, 5.800000000E-01, 2.000000000E-02, 5.623023156E+02
      4195, 1.847759065E-02,-7.653668647E-03, 5.800000000E-01, 2.000000000E-02, 5.623023156E+02
      4196,-1.931851653E-02,-5.176380902E-03, 5.800000000E-01, 2.000000000E-02, 5.623022653E+02
      4197, 1.931851653E-02,-5.176380902E-03, 5.800000000E-01, 2.000000000E-02, 5.623022653E+02
      4198,-1.982889723E-02,-2.610523844E-03, 5.800000000E-01, 2.000000000E-02, 5.623022274E+02
      4199, 1.982889723E-02,-2.610523844E-03, 5.800000000E-01, 2.000000000E-02, 5.623022274E+02
      4200,-2.000000000E-02, 7.347880795E-18, 5.800000000E-01, 2.000000000E-02, 5.623022133E+02
      4201, 2.000000000E-02,-4.898587197E-18, 5.800000000E-01, 2.000000000E-02, 5.623022133E+02
      4202,-1.982889723E-02, 2.610523844E-03, 5.800000000E-01, 2.000000000E-02, 5.623022274E+02
      4203, 1.982889723E-02, 2.610523844E-03, 5.800000000E-01, 2.000000000E-02, 5.623022274E+02
      4204,-1.931851653E-02, 5.176380902E-03, 5.800000000E-01, 2.000000000E-02, 5.623022653E+02
      4205, 1.931851653E-02, 5.176380902E-03, 5.800000000E-01, 2.000000000E-02, 5.623022653E+02
      4206,-1.847759065E-02, 7.653668647E-03, 5.800000000E-01, 2.000000000E-02, 5.623023156E+02
      4207, 1.847759065E-02, 7.653668647E-03, 5.800000000E-01, 2.000000000E-02, 5.623023156E+02
      4208,-1.732050808E-02, 1.000000000E-02, 5.800000000E-01, 2.000000000E-02, 5.623023638E+02
      4209, 1.732050808E-02, 1.000000000E-02, 5.800000000E-01, 2.000000000E-02, 5.623023638E+02
      4210,-1.586706681E-02, 1.217522858E-02, 5.800000000E-01, 2.000000000E-02, 5.623023979E+02
      4211, 1.586706681E-02, 1.217522858E-02, 5.800000000E-01, 2.000000000E-02, 5.623023979E+02
      4212,-1.414213562E-02, 1.414213562E-02, 5.800000000E-01, 2.000000000E-02, 5.623024100E+02
      4213, 1.414213562E-02, 1.414213562E-02, 5.800000000E-01, 2.000000000E-02, 5.623024100E+02
      4214,-1.217522858E-02, 1.586706681E-02, 5.800000000E-01, 2.000000000E-02, 5.623023979E+02
      4215, 1.217522858E-02, 1.586706681E-02, 5.800000000E-01, 2.000000000E-02, 5.623023979E+02
      4216,-1.000000000E-02, 1.732050808E-02, 5.800000000E-01, 2.000000000E-02, 5.623023638E+02
      4217, 1.000000000E-02, 1.732050808E-02, 5.800000000E-01, 2.000000000E-02, 5.623023638E+02
      4218,-7.653668647E-03, 1.847759065E-02, 5.800000000E-01, 2.000000000E-02, 5.623023156E+02
      4219, 7.653668647E-03, 1.847759065E-02, 5.800000000E-01, 2.000000000E-02, 5.623023156E+02
      4220,-5.176380902E-03, 1.931851653E-02, 5.800000000E-01, 2.000000000E-02, 5.623022653E+02
      4221, 5.176380902E-03, 1.931851653E-02, 5.800000000E-01, 2.000000000E-02, 5.623022653E+02
      4222,-2.610523844E-03, 1.982889723E-02, 5.800000000E-01, 2.000000000E-02, 5.623022274E+02
      4223, 2.610523844E-03, 1.982889723E-02, 5.800000000E-01, 2.000000000E-02, 5.623022274E+02
      4224, 6.123233996E-18, 2.000000000E-02, 5.800000000E-01, 2.000000000E-02, 5.623022133E+02
      4225,-3.673940397E-18,-2.000000000E-02, 5.866666667E-01, 2.000000000E-02, 5.624490525E+02
      4226,-2.610523844E-03,-1.982889723E-02, 5.866666667E-01, 2.000000000E-02, 5.624490661E+02
      4227, 2.610523844E-03,-1.982889723E-02, 5.866666667E-01, 2.000000000E-02, 5.624490661E+02
      4228,-5.176380902E-03,-1.931851653E-02, 5.866666667E-01, 2.000000000E-02, 5.624491024E+02
      4229, 5.176380902E-03,-1.931851653E-02, 5.866666667E-01, 2.000000000E-02, 5.624491024E+02
      4230,-7.653668647E-03,-1.847759065E-02, 5.866666667E-01, 2.000000000E-02, 5.624491504E+02
      4231, 7.653668647E-03,-1.847759065E-02, 5.866666667E-01, 2.000000000E-02, 5.624491504E+02
      4232,-1.000000000E-02,-1.732050808E-02, 5.866666667E-01, 2.000000000E-02, 5.624491964E+02
      4233, 1.000000000E-02,-1.732050808E-02, 5.866666667E-01, 2.000000000E-02, 5.624491964E+02
      4234,-1.217522858E-02,-1.586706681E-02, 5.866666667E-01, 2.000000000E-02, 5.624492286E+02
      4235, 1.217522858E-02,-1.586706681E-02, 5.866666667E-01, 2.000000000E-02, 5.624492286E+02
      4236,-1.414213562E-02,-1.414213562E-02, 5.866666667E-01, 2.000000000E-02, 5.624492402E+02
      4237, 1.414213562E-02,-1.414213562E-02, 5.866666667E-01, 2.000000000E-02, 5.624492402E+02
      4238,-1.586706681E-02,-1.217522858E-02, 5.866666667E-01, 2.000000000E-02, 5.624492286E+02
      4239, 1.586706681E-02,-1.217522858E-02, 5.866666667E-01, 2.000000000E-02, 5.624492286E+02
      4240,-1.732050808E-02,-1.000000000E-02, 5.866666667E-01, 2.000000000E-02, 5.624491964E+02
      4241, 1.732050808E-02,-1.000000000E-02, 5.866666667E-01, 2.000000000E-02, 5.624491964E+02
      4242,-1.847759065E-02,-7.653668647E-03, 5.866666667E-01, 2.000000000E-02, 5.624491504E+02
      4243, 1.847759065E-02,-7.653668647E-03, 5.866666667E-01, 2.000000000E-02, 5.624491504E+02
      4244,-1.931851653E-02,-5.176380902E-03, 5.866666667E-01, 2.000000000E-02, 5.624491024E+02
      4245, 1.931851653E-02,-5.176380902E-03, 5.866666667E-01, 2.000000000E-02, 5.624491024E+02
      4246,-1.982889723E-02,-2.610523844E-03, 5.866666667E-01, 2.000000000E-02, 5.624490661E+02
      4247, 1.982889723E-02,-2.610523844E-03, 5.866666667E-01, 2.000000000E-02, 5.624490661E+02
      4248,-2.000000000E-02, 7.347880795E-18, 5.866666667E-01, 2.000000000E-02, 5.624490525E+02
      4249, 2.000000000E-02,-4.898587197E-18, 5.866666667E-01, 2.000000000E-02, 5.624490525E+02
      4250,-1.982889723E-02, 2.610523844E-03, 5.866666667E-01, 2.000000000E-02, 5.624490661E+02
      4251, 1.982889723E-02, 2.610523844E-03, 5.866666667E-01, 2.000000000E-02, 5.624490661E+02
      4252,-1.931851653E-02, 5.176380902E-03, 5.866666667E-01, 2.000000000E-02, 5.624491024E+02
      4253, 1.931851653E-02, 5.176380902E-03, 5.866666667E-01, 2.000000000E-02, 5.624491024E+02
      4254,-1.847759065E-02, 7.653668647E-03, 5.866666667E-01, 2.000000000E-02, 5.624491504E+02
      4255, 1.847759065E-02, 7.653668647E-03, 5.866666667E-01, 2.000000000E-02, 5.624491504E+02
      4256,-1.732050808E-02, 1.000000000E-02, 5.866666667E-01, 2.000000000E-02, 5.624491964E+02
      4257, 1.732050808E-02, 1.000000000E-02, 5.866666667E-01, 2.000000000E-02, 5.624491964E+02
      4258,-1.586706681E-02, 1.217522858E-02, 5.866666667E-01, 2.000000000E-02, 5.624492286E+02
      4259, 1.586706681E-02, 1.217522858E-02, 5.866666667E-01, 2.000000000E-02, 5.624492286E+02
      4260,-1.414213562E-02, 1.414213562E-02, 5.866666667E-01, 2.000000000E-02, 5.624492402E+02
      4261, 1.414213562E-02, 1.414213562E-02, 5.866666667E-01, 2.000000000E-02, 5.624492402E+02
      4262,-1.217522858E-02, 1.586706681E-02, 5.866666667E-01, 2.000000000E-02, 5.624492286E+02
      4263, 1.217522858E-02, 1.586706681E-02, 5.866666667E-01, 2.000000000E-02, 5.624492286E+02
      4264,-1.000000000E-02, 1.732050808E-02, 5.866666667E-01, 2.000000000E-02, 5.624491964E+02
      4265, 1.000000000E-02, 1.732050808E-02, 5.866666667E-01, 2.000000000E-02, 5.624491964E+02
      4266,-7.653668647E-03, 1.847759065E-02, 5.866666667E-01, 2.000000000E-02, 5.624491504E+02
      4267, 7.653668647E-03, 1.847759065E-02, 5.866666667E-01, 2.000000000E-02, 5.624491504E+02
      4268,-5.176380902E-03, 1.931851653E-02, 5.866666667E-01, 2.000000000E-02, 5.624491024E+02
      4269, 5.176380902E-03, 1.931851653E-02, 5.866666667E-01, 2.000000000E-02, 5.624491024E+02
      4270,-2.610523844E-03, 1.982889723E-02, 5.866666667E-01, 2.000000000E-02, 5.624490661E+02
      4271, 2.610523844E-03, 1.982889723E-02, 5.866666667E-01, 2.000000000E-02, 5.624490661E+02
      4272, 6.123233996E-18, 2.000000000E-02, 5.866666667E-01, 2.000000000E-02, 5.624490525E+02
      4273,-3.673940397E-18,-2.000000000E-02, 5.933333333E-01, 2.000000000E-02, 5.625434328E+02
      4274,-2.610523844E-03,-1.982889723E-02, 5.933333333E-01, 2.000000000E-02, 5.625434457E+02
      4275, 2.610523844E-03,-1.982889723E-02, 5.933333333E-01, 2.000000000E-02, 5.625434457E+02
      4276,-5.176380902E-03,-1.931851653E-02, 5.933333333E-01, 2.000000000E-02, 5.625434804E+02
      4277, 5.176380902E-03,-1.931851653E-02, 5.933333333E-01, 2.000000000E-02, 5.625434804E+02
      4278,-7.653668647E-03,-1.847759065E-02, 5.933333333E-01, 2.000000000E-02, 5.625435259E+02
      4279, 7.653668647E-03,-1.847759065E-02, 5.933333333E-01, 2.000000000E-02, 5.625435259E+02
      4280,-1.000000000E-02,-1.732050808E-02, 5.933333333E-01, 2.000000000E-02, 5.625435693E+02
      4281, 1.000000000E-02,-1.732050808E-02, 5.933333333E-01, 2.000000000E-02, 5.625435693E+02
      4282,-1.217522858E-02,-1.586706681E-02, 5.933333333E-01, 2.000000000E-02, 5.625435997E+02
      4283, 1.217522858E-02,-1.586706681E-02, 5.933333333E-01, 2.000000000E-02, 5.625435997E+02
      4284,-1.414213562E-02,-1.414213562E-02, 5.933333333E-01, 2.000000000E-02, 5.625436105E+02
      4285, 1.414213562E-02,-1.414213562E-02, 5.933333333E-01, 2.000000000E-02, 5.625436105E+02
      4286,-1.586706681E-02,-1.217522858E-02, 5.933333333E-01, 2.000000000E-02, 5.625435997E+02
      4287, 1.586706681E-02,-1.217522858E-02, 5.933333333E-01, 2.000000000E-02, 5.625435997E+02
      4288,-1.732050808E-02,-1.000000000E-02, 5.933333333E-01, 2.000000000E-02, 5.625435693E+02
      4289, 1.732050808E-02,-1.000000000E-02, 5.933333333E-01, 2.000000000E-02, 5.625435693E+02
      4290,-1.847759065E-02,-7.653668647E-03, 5.933333333E-01, 2.000000000E-02, 5.625435259E+02
      4291, 1.847759065E-02,-7.653668647E-03, 5.933333333E-01, 2.000000000E-02, 5.625435259E+02
      4292,-1.931851653E-02,-5.176380902E-03, 5.933333333E-01, 2.000000000E-02, 5.625434804E+02
      4293, 1.931851653E-02,-5.176380902E-03, 5.933333333E-01, 2.000000000E-02, 5.625434804E+02
      4294,-1.982889723E-02,-2.610523844E-03, 5.933333333E-01, 2.000000000E-02, 5.625434457E+02
      4295, 1.982889723E-02,-2.610523844E-03, 5.933333333E-01, 2.000000000E-02, 5.625434457E+02
      4296,-2.000000000E-02, 7.347880795E-18, 5.933333333E-01, 2.000000000E-02, 5.625434328E+02
      4297, 2.000000000E-02,-4.898587197E-18, 5.933333333E-01, 2.000000000E-02, 5.625434328E+02
      4298,-1.982889723E-02, 2.610523844E-03, 5.933333333E-01, 2.000000000E-02, 5.625434457E+02
      4299, 1.982889723E-02, 2.610523844E-03, 5.933333333E-01, 2.000000000E-02, 5.625434457E+02
      4300,-1.931851653E-02, 5.176380902E-03, 5.933333333E-01, 2.000000000E-02, 5.625434804E+02
      4301, 1.931851653E-02, 5.176380902E-03, 5.933333333E-01, 2.000000000E-02, 5.625434804E+02
      4302,-1.847759065E-02, 7.653668647E-03, 5.933333333E-01, 2.000000000E-02, 5.625435259E+02
      4303, 1.847759065E-02, 7.653668647E-03, 5.933333333E-01, 2.000000000E-02, 5.625435259E+02
      4304,-1.732050808E-02, 1.000000000E-02, 5.933333333E-01, 2.000000000E-02, 5.625435693E+02
      4305, 1.732050808E-02, 1.000000000E-02, 5.933333333E-01, 2.000000000E-02, 5.625435693E+02
      4306,-1.586706681E-02, 1.217522858E-02, 5.933333333E-01, 2.000000000E-02, 5.625435997E+02
      4307, 1.586706681E-02, 1.217522858E-02, 5.933333333E-01, 2.000000000E-02, 5.625435997E+02
      4308,-1.414213562E-02, 1.414213562E-02, 5.933333333E-01, 2.000000000E-02, 5.625436105E+02
      4309, 1.414213562E-02, 1.414213562E-02, 5.933333333E-01, 2.000000000E-02, 5.625436105E+02
      4310,-1.217522858E-02, 1.586706681E-02, 5.933333333E-01, 2.000000000E-02, 5.625435997E+02
      4311, 1.217522858E-02, 1.586706681E-02, 5.933333333E-01, 2.000000000E-02, 5.625435997E+02
      4312,-1.000000000E-02, 1.732050808E-02, 5.933333333E-01, 2.000000000E-02, 5.625435693E+02
      4313, 1.000000000E-02, 1.732050808E-02, 5.933333333E-01, 2.000000000E-02, 5.625435693E+02
      4314,-7.653668647E-03, 1.847759065E-02, 5.933333333E-01, 2.000000000E-02, 5.625435259E+02
      4315, 7.653668647E-03, 1.847759065E-02, 5.933333333E-01, 2.000000000E-02, 5.625435259E+02
      4316,-5.176380902E-03, 1.931851653E-02, 5.933333333E-01, 2.000000000E-02, 5.625434804E+02
      4317, 5.176380902E-03, 1.931851653E-02, 5.933333333E-01, 2.000000000E-02, 5.625434804E+02
      4318,-2.610523844E-03, 1.982889723E-02, 5.933333333E-01, 2.000000000E-02, 5.625434457E+02
      4319, 2.610523844E-03, 1.982889723E-02, 5.933333333E-01, 2.000000000E-02, 5.625434457E+02
      4320, 6.123233996E-18, 2.000000000E-02, 5.933333333E-01, 2.000000000E-02, 5.625434328E+02
      4321,-3.673940397E-18,-2.000000000E-02, 6.000000000E-01, 2.000000000E-02, 5.622631712E+02
      4322,-2.610523844E-03,-1.982889723E-02, 6.000000000E-01, 2.000000000E-02, 5.622631839E+02
      4323, 2.610523844E-03,-1.982889723E-02, 6.000000000E-01, 2.000000000E-02, 5.622631839E+02
      4324,-5.176380902E-03,-1.931851653E-02, 6.000000000E-01, 2.000000000E-02, 5.622632177E+02
      4325, 5.176380902E-03,-1.931851653E-02, 6.000000000E-01, 2.000000000E-02, 5.622632177E+02
      4326,-7.653668647E-03,-1.847759065E-02, 6.000000000E-01, 2.000000000E-02, 5.622632621E+02
      4327, 7.653668647E-03,-1.847759065E-02, 6.000000000E-01, 2.000000000E-02, 5.622632621E+02
      4328,-1.000000000E-02,-1.732050808E-02, 6.000000000E-01, 2.000000000E-02, 5.622633042E+02
      4329, 1.000000000E-02,-1.732050808E-02, 6.000000000E-01, 2.000000000E-02, 5.622633042E+02
      4330,-1.217522858E-02,-1.586706681E-02, 6.000000000E-01, 2.000000000E-02, 5.622633336E+02
      4331, 1.217522858E-02,-1.586706681E-02, 6.000000000E-01, 2.000000000E-02, 5.622633336E+02
      4332,-1.414213562E-02,-1.414213562E-02, 6.000000000E-01, 2.000000000E-02, 5.622633441E+02
      4333, 1.414213562E-02,-1.414213562E-02, 6.000000000E-01, 2.000000000E-02, 5.622633441E+02
      4334,-1.586706681E-02,-1.217522858E-02, 6.000000000E-01, 2.000000000E-02, 5.622633336E+02
      4335, 1.586706681E-02,-1.217522858E-02, 6.000000000E-01, 2.000000000E-02, 5.622633336E+02
      4336,-1.732050808E-02,-1.000000000E-02, 6.000000000E-01, 2.000000000E-02, 5.622633042E+02
      4337, 1.732050808E-02,-1.000000000E-02, 6.000000000E-01, 2.000000000E-02, 5.622633042E+02
      4338,-1.847759065E-02,-7.653668647E-03, 6.000000000E-01, 2.000000000E-02, 5.622632621E+02
      4339, 1.847759065E-02,-7.653668647E-03, 6.000000000E-01, 2.000000000E-02, 5.622632621E+02
      4340,-1.931851653E-02,-5.176380902E-03, 6.000000000E-01, 2.000000000E-02, 5.622632177E+02
      4341, 1.931851653E-02,-5.176380902E-03, 6.000000000E-01, 2.000000000E-02, 5.622632177E+02
      4342,-1.982889723E-02,-2.610523844E-03, 6.000000000E-01, 2.000000000E-02, 5.622631839E+02
      4343, 1.982889723E-02,-2.610523844E-03, 6.000000000E-01, 2.000000000E-02, 5.622631839E+02
      4344,-2.000000000E-02, 7.347880795E-18, 6.000000000E-01, 2.000000000E-02, 5.622631712E+02
      4345, 2.000000000E-02,-4.898587197E-18, 6.000000000E-01, 2.000000000E-02, 5.622631712E+02
      4346,-1.982889723E-02, 2.610523844E-03, 6.000000000E-01, 2.000000000E-02, 5.622631839E+02
      4347, 1.982889723E-02, 2.610523844E-03, 6.000000000E-01, 2.000000000E-02, 5.622631839E+02
      4348,-1.931851653E-02, 5.176380902E-03, 6.000000000E-01, 2.000000000E-02, 5.622632177E+02
      4349, 1.931851653E-02, 5.176380902E-03, 6.000000000E-01, 2.000000000E-02, 5.622632177E+02
      4350,-1.847759065E-02, 7.653668647E-03, 6.000000000E-01, 2.000000000E-02, 5.622632621E+02
      4351, 1.847759065E-02, 7.653668647E-03, 6.000000000E-01, 2.000000000E-02, 5.622632621E+02
      4352,-1.732050808E-02, 1.000000000E-02, 6.000000000E-01, 2.000000000E-02, 5.622633042E+02
      4353, 1.732050808E-02, 1.000000000E-02, 6.000000000E-01, 2.000000000E-02, 5.622633042E+02
      4354,-1.586706681E-02, 1.217522858E-02, 6.000000000E-01, 2.000000000E-02, 5.622633336E+02
      4355, 1.586706681E-02, 1.217522858E-02, 6.000000000E-01, 2.000000000E-02, 5.622633336E+02
      4356,-1.414213562E-02, 1.414213562E-02, 6.000000000E-01, 2.000000000E-02, 5.622633441E+02
      4357, 1.414213562E-02, 1.414213562E-02, 6.000000000E-01, 2.000000000E-02, 5.622633441E+02
      4358,-1.217522858E-02, 1.586706681E-02, 6.000000000E-01, 2.000000000E-02, 5.622633336E+02
      4359, 1.217522858E-02, 1.586706681E-02, 6.000000000E-01, 2.000000000E-02, 5.622633336E+02
      4360,-1.000000000E-02, 1.732050808E-02, 6.000000000E-01, 2.000000000E-02, 5.622633042E+02
      4361, 1.000000000E-02, 1.732050808E-02, 6.000000000E-01, 2.000000000E-02, 5.622633042E+02
      4362,-7.653668647E-03, 1.847759065E-02, 6.000000000E-01, 2.000000000E-02, 5.622632621E+02
      4363, 7.653668647E-03, 1.847759065E-02, 6.000000000E-01, 2.000000000E-02, 5.622632621E+02
      4364,-5.176380902E-03, 1.931851653E-02, 6.000000000E-01, 2.000000000E-02, 5.622632177E+02
      4365, 5.176380902E-03, 1.931851653E-02, 6.000000000E-01, 2.000000000E-02, 5.622632177E+02
      4366,-2.610523844E-03, 1.982889723E-02, 6.000000000E-01, 2.000000000E-02, 5.622631839E+02
      4367, 2.610523844E-03, 1.982889723E-02, 6.000000000E-01, 2.000000000E-02, 5.622631839E+02
      4368, 6.123233996E-18, 2.000000000E-02, 6.000000000E-01, 2.000000000E-02, 5.622631712E+02
