cellnumber,    x-coordinate,    y-coordinate,    z-coordinate,        pressure,face-area-magnitude
         1,-7.502300665E-03,-6.579340901E-03, 1.566666663E-01, 2.973142176E+02, 8.720417231E-06
         2,-7.502300665E-03,-6.579340901E-03, 1.300000101E-01, 3.157705277E+02, 8.720417231E-06
         3,-4.413417075E-03,-8.949524723E-03, 1.500000060E-01, 3.018970955E+02, 8.720417231E-06
         4,-7.502300665E-03,-6.579340901E-03, 1.233333349E-01, 3.204418485E+02, 8.720417231E-06
         5,-6.579341367E-03,-7.502300665E-03, 1.300000101E-01, 3.157705277E+02, 8.720417231E-06
         6,-8.296893910E-03,-5.543807521E-03, 1.300000101E-01, 3.157704896E+02, 8.720417231E-06
         7,-3.207512433E-03,-9.449026547E-03, 1.500000060E-01, 3.018971238E+02, 8.720417231E-06
         8,-7.502300665E-03,-6.579340901E-03, 1.166666672E-01, 3.251408910E+02, 8.720417231E-06
         9,-6.579341367E-03,-7.502300665E-03, 1.233333349E-01, 3.204418485E+02, 8.720417231E-06
        10,-8.296893910E-03,-5.543807521E-03, 1.233333349E-01, 3.204420034E+02, 8.720417231E-06
        11,-8.949524723E-03,-4.413417075E-03, 1.300000101E-01, 3.157704478E+02, 8.720417231E-06
        12,-7.502300665E-03,-6.579340901E-03, 1.099999994E-01, 3.298711602E+02, 8.720417231E-06
        13,-6.579341367E-03,-7.502300665E-03, 1.166666672E-01, 3.251408910E+02, 8.720417231E-06
        14,-8.296893910E-03,-5.543807521E-03, 1.166666672E-01, 3.251410302E+02, 8.720417231E-06
        15,-5.543807056E-03,-8.296893910E-03, 1.233333349E-01, 3.204420034E+02, 8.720417231E-06
        16,-8.949524723E-03,-4.413417075E-03, 1.233333349E-01, 3.204422463E+02, 8.720417231E-06
        17,-7.502300665E-03,-6.579340901E-03, 1.033333316E-01, 3.346356970E+02, 8.720417231E-06
        18,-6.579341367E-03,-7.502300665E-03, 1.099999994E-01, 3.298711602E+02, 8.720417231E-06
        19,-8.296893910E-03,-5.543807521E-03, 1.099999994E-01, 3.298711648E+02, 8.720417231E-06
        20,-5.543807056E-03,-8.296893910E-03, 1.166666672E-01, 3.251410302E+02, 8.720417231E-06
        21,-8.949524723E-03,-4.413417075E-03, 1.166666672E-01, 3.251411333E+02, 8.720417231E-06
        22,-4.413417075E-03,-8.949524723E-03, 1.233333349E-01, 3.204422463E+02, 8.720417231E-06
        23,-9.449026547E-03,-3.207512433E-03, 1.233333349E-01, 3.204425649E+02, 8.720417231E-06
        24, 1.946726232E-03,-9.786853567E-03, 1.566666663E-01, 2.973147459E+02, 8.720417231E-06
        25,-7.502300665E-03,-6.579340901E-03, 9.666666389E-02, 3.394372953E+02, 8.720417231E-06
        26,-6.579341367E-03,-7.502300665E-03, 1.033333316E-01, 3.346356970E+02, 8.720417231E-06
        27,-8.296893910E-03,-5.543807521E-03, 1.033333316E-01, 3.346356195E+02, 8.720417231E-06
        28,-5.543807056E-03,-8.296893910E-03, 1.099999994E-01, 3.298711648E+02, 8.720417231E-06
        29,-8.949524723E-03,-4.413417075E-03, 1.099999994E-01, 3.298710739E+02, 8.720417231E-06
        30,-4.413417075E-03,-8.949524723E-03, 1.166666672E-01, 3.251411333E+02, 8.720417231E-06
        31,-9.449026547E-03,-3.207512433E-03, 1.166666672E-01, 3.251411980E+02, 8.720417231E-06
        32,-3.207512433E-03,-9.449026547E-03, 1.233333349E-01, 3.204425649E+02, 8.720417231E-06
        33,-9.786853567E-03,-1.946726232E-03, 1.233333349E-01, 3.204427680E+02, 8.720417231E-06
        34, 1.946726232E-03,-9.786853567E-03, 1.500000060E-01, 3.018971412E+02, 8.720417231E-06
        35, 3.207512433E-03,-9.449026547E-03, 1.566666663E-01, 2.973145928E+02, 8.720417231E-06
        36,-7.502300665E-03,-6.579340901E-03, 9.000000358E-02, 3.442818369E+02, 8.720417231E-06
        37,-6.579341367E-03,-7.502300665E-03, 9.666666389E-02, 3.394372953E+02, 8.720417231E-06
        38,-8.296893910E-03,-5.543807521E-03, 9.666666389E-02, 3.394374565E+02, 8.720417231E-06
        39,-5.543807056E-03,-8.296893910E-03, 1.033333316E-01, 3.346356195E+02, 8.720417231E-06
        40,-8.949524723E-03,-4.413417075E-03, 1.033333316E-01, 3.346354849E+02, 8.720417231E-06
        41,-4.413417075E-03,-8.949524723E-03, 1.099999994E-01, 3.298710739E+02, 8.720417231E-06
        42,-9.449026547E-03,-3.207512433E-03, 1.099999994E-01, 3.298709023E+02, 8.720417231E-06
        43,-3.207512433E-03,-9.449026547E-03, 1.166666672E-01, 3.251411980E+02, 8.720417231E-06
        44,-9.786853567E-03,-1.946726232E-03, 1.166666672E-01, 3.251411283E+02, 8.720417231E-06
        45,-1.946726232E-03,-9.786853567E-03, 1.233333349E-01, 3.204427680E+02, 8.720417231E-06
        46,-9.957224131E-03,-6.526309880E-04, 1.233333349E-01, 3.204429104E+02, 8.720417231E-06
        47,-9.786853567E-03, 1.946726232E-03, 1.366666704E-01, 3.111232160E+02, 8.720417231E-06
        48, 1.946726232E-03,-9.786853567E-03, 1.433333308E-01, 3.064993905E+02, 8.720417231E-06
        49, 3.207512433E-03,-9.449026547E-03, 1.500000060E-01, 3.018971238E+02, 8.720417231E-06
        50, 4.413417075E-03,-8.949524723E-03, 1.566666663E-01, 2.973144595E+02, 8.720417231E-06
        51, 3.207512433E-03,-9.449026547E-03, 1.633333415E-01, 2.927488586E+02, 8.720417231E-06
        52,-7.502300665E-03,-6.579340901E-03, 8.333333582E-02, 3.491744910E+02, 8.720417231E-06
        53,-6.579341367E-03,-7.502300665E-03, 9.000000358E-02, 3.442818369E+02, 8.720417231E-06
        54,-8.296893910E-03,-5.543807521E-03, 9.000000358E-02, 3.442819941E+02, 8.720417231E-06
        55,-5.543807056E-03,-8.296893910E-03, 9.666666389E-02, 3.394374565E+02, 8.720417231E-06
        56,-8.949524723E-03,-4.413417075E-03, 9.666666389E-02, 3.394377439E+02, 8.720417231E-06
        57,-4.413417075E-03,-8.949524723E-03, 1.033333316E-01, 3.346354849E+02, 8.720417231E-06
        58,-9.449026547E-03,-3.207512433E-03, 1.033333316E-01, 3.346354609E+02, 8.720417231E-06
        59,-3.207512433E-03,-9.449026547E-03, 1.099999994E-01, 3.298709023E+02, 8.720417231E-06
        60,-9.786853567E-03,-1.946726232E-03, 1.099999994E-01, 3.298708251E+02, 8.720417231E-06
        61,-1.946726232E-03,-9.786853567E-03, 1.166666672E-01, 3.251411283E+02, 8.720417231E-06
        62,-9.957224131E-03,-6.526309880E-04, 1.166666672E-01, 3.251410938E+02, 8.720417231E-06
        63,-6.526309880E-04,-9.957224131E-03, 1.233333349E-01, 3.204429104E+02, 8.720417231E-06
        64,-9.957224131E-03, 6.526309880E-04, 1.233333349E-01, 3.204429104E+02, 8.720417231E-06
        65,-9.786853567E-03, 1.946726232E-03, 1.300000101E-01, 3.157705599E+02, 8.720417231E-06
        66, 1.946726232E-03,-9.786853567E-03, 1.366666704E-01, 3.111232160E+02, 8.720417231E-06
        67,-9.449026547E-03, 3.207512433E-03, 1.366666704E-01, 3.111232003E+02, 8.720417231E-06
        68, 3.207512433E-03,-9.449026547E-03, 1.433333308E-01, 3.064994338E+02, 8.720417231E-06
        69, 4.413417075E-03,-8.949524723E-03, 1.500000060E-01, 3.018970955E+02, 8.720417231E-06
        70,-8.296893910E-03, 5.543807056E-03, 1.500000060E-01, 3.018969962E+02, 8.720417231E-06
        71, 4.413417075E-03,-8.949524723E-03, 1.633333415E-01, 2.927488148E+02, 8.720417231E-06
        72,-7.502300665E-03,-6.579340901E-03, 7.666666806E-02, 3.541208831E+02, 8.720417231E-06
        73,-6.579341367E-03,-7.502300665E-03, 8.333333582E-02, 3.491744910E+02, 8.720417231E-06
        74,-8.296893910E-03,-5.543807521E-03, 8.333333582E-02, 3.491743582E+02, 8.720417231E-06
        75,-5.543807056E-03,-8.296893910E-03, 9.000000358E-02, 3.442819941E+02, 8.720417231E-06
        76,-8.949524723E-03,-4.413417075E-03, 9.000000358E-02, 3.442821692E+02, 8.720417231E-06
        77,-4.413417075E-03,-8.949524723E-03, 9.666666389E-02, 3.394377439E+02, 8.720417231E-06
        78,-9.449026547E-03,-3.207512433E-03, 9.666666389E-02, 3.394380266E+02, 8.720417231E-06
        79,-3.207512433E-03,-9.449026547E-03, 1.033333316E-01, 3.346354609E+02, 8.720417231E-06
        80,-9.786853567E-03,-1.946726232E-03, 1.033333316E-01, 3.346355251E+02, 8.720417231E-06
        81,-1.946726232E-03,-9.786853567E-03, 1.099999994E-01, 3.298708251E+02, 8.720417231E-06
        82,-9.957224131E-03,-6.526309880E-04, 1.099999994E-01, 3.298707738E+02, 8.720417231E-06
        83,-6.526309880E-04,-9.957224131E-03, 1.166666672E-01, 3.251410938E+02, 8.720417231E-06
        84,-9.957224131E-03, 6.526309880E-04, 1.166666672E-01, 3.251410938E+02, 8.720417231E-06
        85, 6.526309880E-04,-9.957224131E-03, 1.233333349E-01, 3.204429104E+02, 8.720417231E-06
        86,-9.786853567E-03, 1.946726232E-03, 1.233333349E-01, 3.204427680E+02, 8.720417231E-06
        87, 1.946726232E-03,-9.786853567E-03, 1.300000101E-01, 3.157705599E+02, 8.720417231E-06
        88,-9.449026547E-03, 3.207512433E-03, 1.300000101E-01, 3.157705021E+02, 8.720417231E-06
        89, 3.207512433E-03,-9.449026547E-03, 1.366666704E-01, 3.111232003E+02, 8.720417231E-06
        90,-8.949524723E-03, 4.413417075E-03, 1.366666704E-01, 3.111232963E+02, 8.720417231E-06
        91, 4.413417075E-03,-8.949524723E-03, 1.433333308E-01, 3.064995677E+02, 8.720417231E-06
        92,-8.296893910E-03, 5.543807056E-03, 1.433333308E-01, 3.064995724E+02, 8.720417231E-06
        93, 5.543807521E-03,-8.296893910E-03, 1.500000060E-01, 3.018969962E+02, 8.720417231E-06
        94,-7.502300665E-03, 6.579341367E-03, 1.500000060E-01, 3.018969098E+02, 8.720417231E-06
        95,-6.579340901E-03, 7.502300665E-03, 1.566666663E-01, 2.973142176E+02, 8.720417231E-06
        96,-7.502300665E-03,-6.579340901E-03, 7.000000030E-02, 3.591278797E+02, 8.720417231E-06
        97,-6.579341367E-03,-7.502300665E-03, 7.666666806E-02, 3.541208831E+02, 8.720417231E-06
        98,-8.296893910E-03,-5.543807521E-03, 7.666666806E-02, 3.541208500E+02, 8.720417231E-06
        99,-5.543807056E-03,-8.296893910E-03, 8.333333582E-02, 3.491743582E+02, 8.720417231E-06
       100,-8.949524723E-03,-4.413417075E-03, 8.333333582E-02, 3.491741117E+02, 8.720417231E-06
       101,-4.413417075E-03,-8.949524723E-03, 9.000000358E-02, 3.442821692E+02, 8.720417231E-06
       102,-9.449026547E-03,-3.207512433E-03, 9.000000358E-02, 3.442820310E+02, 8.720417231E-06
       103,-3.207512433E-03,-9.449026547E-03, 9.666666389E-02, 3.394380266E+02, 8.720417231E-06
       104,-9.786853567E-03,-1.946726232E-03, 9.666666389E-02, 3.394382498E+02, 8.720417231E-06
       105,-1.946726232E-03,-9.786853567E-03, 1.033333316E-01, 3.346355251E+02, 8.720417231E-06
       106,-9.957224131E-03,-6.526309880E-04, 1.033333316E-01, 3.346355743E+02, 8.720417231E-06
       107,-6.526309880E-04,-9.957224131E-03, 1.099999994E-01, 3.298707738E+02, 8.720417231E-06
       108,-9.957224131E-03, 6.526309880E-04, 1.099999994E-01, 3.298707738E+02, 8.720417231E-06
       109, 6.526309880E-04,-9.957224131E-03, 1.166666672E-01, 3.251410938E+02, 8.720417231E-06
       110,-9.786853567E-03, 1.946726232E-03, 1.166666672E-01, 3.251411283E+02, 8.720417231E-06
       111, 1.946726232E-03,-9.786853567E-03, 1.233333349E-01, 3.204427680E+02, 8.720417231E-06
       112,-9.449026547E-03, 3.207512433E-03, 1.233333349E-01, 3.204425649E+02, 8.720417231E-06
       113, 3.207512433E-03,-9.449026547E-03, 1.300000101E-01, 3.157705021E+02, 8.720417231E-06
       114,-8.949524723E-03, 4.413417075E-03, 1.300000101E-01, 3.157704478E+02, 8.720417231E-06
       115, 4.413417075E-03,-8.949524723E-03, 1.366666704E-01, 3.111232963E+02, 8.720417231E-06
       116,-8.296893910E-03, 5.543807056E-03, 1.366666704E-01, 3.111233905E+02, 8.720417231E-06
       117, 5.543807521E-03,-8.296893910E-03, 1.433333308E-01, 3.064995724E+02, 8.720417231E-06
       118,-7.502300665E-03, 6.579341367E-03, 1.433333308E-01, 3.064995661E+02, 8.720417231E-06
       119, 6.579340901E-03,-7.502300665E-03, 1.500000060E-01, 3.018969098E+02, 8.720417231E-06
       120,-6.579340901E-03, 7.502300665E-03, 1.500000060E-01, 3.018969098E+02, 8.720417231E-06
       121,-5.543807521E-03, 8.296893910E-03, 1.566666663E-01, 2.973143020E+02, 8.720417231E-06
       122, 8.296893910E-03,-5.543807056E-03, 1.566666663E-01, 2.973143020E+02, 8.720417231E-06
       123,-7.502300665E-03,-6.579340901E-03, 6.333333254E-02, 3.642050794E+02, 8.720417231E-06
       124,-6.579341367E-03,-7.502300665E-03, 7.000000030E-02, 3.591278797E+02, 8.720417231E-06
       125,-8.296893910E-03,-5.543807521E-03, 7.000000030E-02, 3.591281868E+02, 8.720417231E-06
       126,-5.543807056E-03,-8.296893910E-03, 7.666666806E-02, 3.541208500E+02, 8.720417231E-06
       127,-8.949524723E-03,-4.413417075E-03, 7.666666806E-02, 3.541209572E+02, 8.720417231E-06
       128,-4.413417075E-03,-8.949524723E-03, 8.333333582E-02, 3.491741117E+02, 8.720417231E-06
       129,-9.449026547E-03,-3.207512433E-03, 8.333333582E-02, 3.491738275E+02, 8.720417231E-06
       130,-3.207512433E-03,-9.449026547E-03, 9.000000358E-02, 3.442820310E+02, 8.720417231E-06
       131,-9.786853567E-03,-1.946726232E-03, 9.000000358E-02, 3.442818615E+02, 8.720417231E-06
       132,-1.946726232E-03,-9.786853567E-03, 9.666666389E-02, 3.394382498E+02, 8.720417231E-06
       133,-9.957224131E-03,-6.526309880E-04, 9.666666389E-02, 3.394383341E+02, 8.720417231E-06
       134,-6.526309880E-04,-9.957224131E-03, 1.033333316E-01, 3.346355743E+02, 8.720417231E-06
       135,-9.957224131E-03, 6.526309880E-04, 1.033333316E-01, 3.346355743E+02, 8.720417231E-06
       136, 6.526309880E-04,-9.957224131E-03, 1.099999994E-01, 3.298707738E+02, 8.720417231E-06
       137,-9.786853567E-03, 1.946726232E-03, 1.099999994E-01, 3.298708251E+02, 8.720417231E-06
       138, 1.946726232E-03,-9.786853567E-03, 1.166666672E-01, 3.251411283E+02, 8.720417231E-06
       139,-9.449026547E-03, 3.207512433E-03, 1.166666672E-01, 3.251411980E+02, 8.720417231E-06
       140, 3.207512433E-03,-9.449026547E-03, 1.233333349E-01, 3.204425649E+02, 8.720417231E-06
       141,-8.949524723E-03, 4.413417075E-03, 1.233333349E-01, 3.204422463E+02, 8.720417231E-06
       142, 4.413417075E-03,-8.949524723E-03, 1.300000101E-01, 3.157704478E+02, 8.720417231E-06
       143,-8.296893910E-03, 5.543807056E-03, 1.300000101E-01, 3.157704896E+02, 8.720417231E-06
       144, 5.543807521E-03,-8.296893910E-03, 1.366666704E-01, 3.111233905E+02, 8.720417231E-06
       145,-7.502300665E-03, 6.579341367E-03, 1.366666704E-01, 3.111234113E+02, 8.720417231E-06
       146, 6.579340901E-03,-7.502300665E-03, 1.433333308E-01, 3.064995661E+02, 8.720417231E-06
       147,-6.579340901E-03, 7.502300665E-03, 1.433333308E-01, 3.064995661E+02, 8.720417231E-06
       148,-5.543807521E-03, 8.296893910E-03, 1.500000060E-01, 3.018969962E+02, 8.720417231E-06
       149, 7.502300665E-03,-6.579341367E-03, 1.433333308E-01, 3.064995661E+02, 8.720417231E-06
       150, 8.949524723E-03,-4.413417075E-03, 1.566666663E-01, 2.973144595E+02, 8.720417231E-06
       151,-7.502300665E-03,-6.579340901E-03, 5.666666478E-02, 3.693592688E+02, 8.720417231E-06
       152,-6.579341367E-03,-7.502300665E-03, 6.333333254E-02, 3.642050794E+02, 8.720417231E-06
       153,-8.296893910E-03,-5.543807521E-03, 6.333333254E-02, 3.642050385E+02, 8.720417231E-06
       154,-5.543807056E-03,-8.296893910E-03, 7.000000030E-02, 3.591281868E+02, 8.720417231E-06
       155,-8.949524723E-03,-4.413417075E-03, 7.000000030E-02, 3.591284637E+02, 8.720417231E-06
       156,-4.413417075E-03,-8.949524723E-03, 7.666666806E-02, 3.541209572E+02, 8.720417231E-06
       157,-9.449026547E-03,-3.207512433E-03, 7.666666806E-02, 3.541210645E+02, 8.720417231E-06
       158,-3.207512433E-03,-9.449026547E-03, 8.333333582E-02, 3.491738275E+02, 8.720417231E-06
       159,-9.786853567E-03,-1.946726232E-03, 8.333333582E-02, 3.491736393E+02, 8.720417231E-06
       160,-1.946726232E-03,-9.786853567E-03, 9.000000358E-02, 3.442818615E+02, 8.720417231E-06
       161,-9.957224131E-03,-6.526309880E-04, 9.000000358E-02, 3.442817407E+02, 8.720417231E-06
       162,-6.526309880E-04,-9.957224131E-03, 9.666666389E-02, 3.394383341E+02, 8.720417231E-06
       163,-9.957224131E-03, 6.526309880E-04, 9.666666389E-02, 3.394383341E+02, 8.720417231E-06
       164, 6.526309880E-04,-9.957224131E-03, 1.033333316E-01, 3.346355743E+02, 8.720417231E-06
       165,-9.786853567E-03, 1.946726232E-03, 1.033333316E-01, 3.346355251E+02, 8.720417231E-06
       166, 1.946726232E-03,-9.786853567E-03, 1.099999994E-01, 3.298708251E+02, 8.720417231E-06
       167,-9.449026547E-03, 3.207512433E-03, 1.099999994E-01, 3.298709023E+02, 8.720417231E-06
       168, 3.207512433E-03,-9.449026547E-03, 1.166666672E-01, 3.251411980E+02, 8.720417231E-06
       169,-8.949524723E-03, 4.413417075E-03, 1.166666672E-01, 3.251411333E+02, 8.720417231E-06
       170, 4.413417075E-03,-8.949524723E-03, 1.233333349E-01, 3.204422463E+02, 8.720417231E-06
       171,-8.296893910E-03, 5.543807056E-03, 1.233333349E-01, 3.204420034E+02, 8.720417231E-06
       172, 5.543807521E-03,-8.296893910E-03, 1.300000101E-01, 3.157704896E+02, 8.720417231E-06
       173,-7.502300665E-03, 6.579341367E-03, 1.300000101E-01, 3.157705277E+02, 8.720417231E-06
       174, 6.579340901E-03,-7.502300665E-03, 1.366666704E-01, 3.111234113E+02, 8.720417231E-06
       175,-6.579340901E-03, 7.502300665E-03, 1.366666704E-01, 3.111234113E+02, 8.720417231E-06
       176,-5.543807521E-03, 8.296893910E-03, 1.433333308E-01, 3.064995724E+02, 8.720417231E-06
       177,-4.413417075E-03, 8.949524723E-03, 1.500000060E-01, 3.018970955E+02, 8.720417231E-06
       178, 7.502300665E-03,-6.579341367E-03, 1.366666704E-01, 3.111234113E+02, 8.720417231E-06
       179, 8.296893910E-03,-5.543807056E-03, 1.433333308E-01, 3.064995724E+02, 8.720417231E-06
       180, 8.949524723E-03,-4.413417075E-03, 1.500000060E-01, 3.018970955E+02, 8.720417231E-06
       181, 9.449026547E-03,-3.207512433E-03, 1.566666663E-01, 2.973145928E+02, 8.720417231E-06
       182,-7.502300665E-03,-6.579340901E-03, 5.000000075E-02, 3.745973940E+02, 8.720417231E-06
       183,-6.579341367E-03,-7.502300665E-03, 5.666666478E-02, 3.693592689E+02, 8.720417231E-06
       184,-8.296893910E-03,-5.543807521E-03, 5.666666478E-02, 3.693593215E+02, 8.720417231E-06
       185,-5.543807056E-03,-8.296893910E-03, 6.333333254E-02, 3.642050385E+02, 8.720417231E-06
       186,-8.949524723E-03,-4.413417075E-03, 6.333333254E-02, 3.642047672E+02, 8.720417231E-06
       187,-4.413417075E-03,-8.949524723E-03, 7.000000030E-02, 3.591284637E+02, 8.720417231E-06
       188,-9.449026547E-03,-3.207512433E-03, 7.000000030E-02, 3.591284237E+02, 8.720417231E-06
       189,-3.207512433E-03,-9.449026547E-03, 7.666666806E-02, 3.541210645E+02, 8.720417231E-06
       190,-9.786853567E-03,-1.946726232E-03, 7.666666806E-02, 3.541211922E+02, 8.720417231E-06
       191,-1.946726232E-03,-9.786853567E-03, 8.333333582E-02, 3.491736393E+02, 8.720417231E-06
       192,-9.957224131E-03,-6.526309880E-04, 8.333333582E-02, 3.491735829E+02, 8.720417231E-06
       193,-6.526309880E-04,-9.957224131E-03, 9.000000358E-02, 3.442817407E+02, 8.720417231E-06
       194,-9.957224131E-03, 6.526309880E-04, 9.000000358E-02, 3.442817407E+02, 8.720417231E-06
       195, 6.526309880E-04,-9.957224131E-03, 9.666666389E-02, 3.394383341E+02, 8.720417231E-06
       196,-9.786853567E-03, 1.946726232E-03, 9.666666389E-02, 3.394382498E+02, 8.720417231E-06
       197, 1.946726232E-03,-9.786853567E-03, 1.033333316E-01, 3.346355251E+02, 8.720417231E-06
       198,-9.449026547E-03, 3.207512433E-03, 1.033333316E-01, 3.346354609E+02, 8.720417231E-06
       199, 3.207512433E-03,-9.449026547E-03, 1.099999994E-01, 3.298709023E+02, 8.720417231E-06
       200,-8.949524723E-03, 4.413417075E-03, 1.099999994E-01, 3.298710739E+02, 8.720417231E-06
       201, 4.413417075E-03,-8.949524723E-03, 1.166666672E-01, 3.251411333E+02, 8.720417231E-06
       202,-8.296893910E-03, 5.543807056E-03, 1.166666672E-01, 3.251410302E+02, 8.720417231E-06
       203, 5.543807521E-03,-8.296893910E-03, 1.233333349E-01, 3.204420034E+02, 8.720417231E-06
       204,-7.502300665E-03, 6.579341367E-03, 1.233333349E-01, 3.204418485E+02, 8.720417231E-06
       205, 6.579340901E-03,-7.502300665E-03, 1.300000101E-01, 3.157705277E+02, 8.720417231E-06
       206,-6.579340901E-03, 7.502300665E-03, 1.300000101E-01, 3.157705277E+02, 8.720417231E-06
       207,-5.543807521E-03, 8.296893910E-03, 1.366666704E-01, 3.111233905E+02, 8.720417231E-06
       208,-4.413417075E-03, 8.949524723E-03, 1.433333308E-01, 3.064995677E+02, 8.720417231E-06
       209,-3.207512433E-03, 9.449026547E-03, 1.500000060E-01, 3.018971238E+02, 8.720417231E-06
       210, 7.502300665E-03,-6.579341367E-03, 1.300000101E-01, 3.157705277E+02, 8.720417231E-06
       211, 8.296893910E-03,-5.543807056E-03, 1.366666704E-01, 3.111233905E+02, 8.720417231E-06
       212, 8.949524723E-03,-4.413417075E-03, 1.433333308E-01, 3.064995677E+02, 8.720417231E-06
       213, 9.449026547E-03,-3.207512433E-03, 1.500000060E-01, 3.018971238E+02, 8.720417231E-06
       214, 9.786853567E-03,-1.946726232E-03, 1.566666663E-01, 2.973147459E+02, 8.720417231E-06
       215,-7.502300665E-03,-6.579340901E-03, 4.333333671E-02, 3.799392175E+02, 8.720417231E-06
       216,-6.579341367E-03,-7.502300665E-03, 5.000000075E-02, 3.745973940E+02, 8.720417231E-06
       217,-8.296893910E-03,-5.543807521E-03, 5.000000075E-02, 3.745972852E+02, 8.720417231E-06
       218,-5.543807056E-03,-8.296893910E-03, 5.666666478E-02, 3.693593215E+02, 8.720417231E-06
       219,-8.949524723E-03,-4.413417075E-03, 5.666666478E-02, 3.693594631E+02, 8.720417231E-06
       220,-4.413417075E-03,-8.949524723E-03, 6.333333254E-02, 3.642047672E+02, 8.720417231E-06
       221,-9.449026547E-03,-3.207512433E-03, 6.333333254E-02, 3.642044664E+02, 8.720417231E-06
       222,-3.207512433E-03,-9.449026547E-03, 7.000000030E-02, 3.591284237E+02, 8.720417231E-06
       223,-9.786853567E-03,-1.946726232E-03, 7.000000030E-02, 3.591283114E+02, 8.720417231E-06
       224,-1.946726232E-03,-9.786853567E-03, 7.666666806E-02, 3.541211922E+02, 8.720417231E-06
       225,-9.957224131E-03,-6.526309880E-04, 7.666666806E-02, 3.541212189E+02, 8.720417231E-06
       226,-6.526309880E-04,-9.957224131E-03, 8.333333582E-02, 3.491735829E+02, 8.720417231E-06
       227,-9.957224131E-03, 6.526309880E-04, 8.333333582E-02, 3.491735829E+02, 8.720417231E-06
       228, 6.526309880E-04,-9.957224131E-03, 9.000000358E-02, 3.442817407E+02, 8.720417231E-06
       229,-9.786853567E-03, 1.946726232E-03, 9.000000358E-02, 3.442818615E+02, 8.720417231E-06
       230, 1.946726232E-03,-9.786853567E-03, 9.666666389E-02, 3.394382498E+02, 8.720417231E-06
       231,-9.449026547E-03, 3.207512433E-03, 9.666666389E-02, 3.394380266E+02, 8.720417231E-06
       232, 3.207512433E-03,-9.449026547E-03, 1.033333316E-01, 3.346354609E+02, 8.720417231E-06
       233,-8.949524723E-03, 4.413417075E-03, 1.033333316E-01, 3.346354849E+02, 8.720417231E-06
       234, 4.413417075E-03,-8.949524723E-03, 1.099999994E-01, 3.298710739E+02, 8.720417231E-06
       235,-8.296893910E-03, 5.543807056E-03, 1.099999994E-01, 3.298711648E+02, 8.720417231E-06
       236, 5.543807521E-03,-8.296893910E-03, 1.166666672E-01, 3.251410302E+02, 8.720417231E-06
       237,-7.502300665E-03, 6.579341367E-03, 1.166666672E-01, 3.251408910E+02, 8.720417231E-06
       238, 6.579340901E-03,-7.502300665E-03, 1.233333349E-01, 3.204418485E+02, 8.720417231E-06
       239,-6.579340901E-03, 7.502300665E-03, 1.233333349E-01, 3.204418485E+02, 8.720417231E-06
       240,-5.543807521E-03, 8.296893910E-03, 1.300000101E-01, 3.157704896E+02, 8.720417231E-06
       241,-4.413417075E-03, 8.949524723E-03, 1.366666704E-01, 3.111232963E+02, 8.720417231E-06
       242,-3.207512433E-03, 9.449026547E-03, 1.433333308E-01, 3.064994338E+02, 8.720417231E-06
       243,-1.946726232E-03, 9.786853567E-03, 1.500000060E-01, 3.018971412E+02, 8.720417231E-06
       244, 7.502300665E-03,-6.579341367E-03, 1.233333349E-01, 3.204418485E+02, 8.720417231E-06
       245, 8.296893910E-03,-5.543807056E-03, 1.300000101E-01, 3.157704896E+02, 8.720417231E-06
       246, 8.949524723E-03,-4.413417075E-03, 1.366666704E-01, 3.111232963E+02, 8.720417231E-06
       247, 9.449026547E-03,-3.207512433E-03, 1.433333308E-01, 3.064994338E+02, 8.720417231E-06
       248, 9.786853567E-03,-1.946726232E-03, 1.500000060E-01, 3.018971412E+02, 8.720417231E-06
       249, 9.957224131E-03,-6.526309880E-04, 1.566666663E-01, 2.973148167E+02, 8.720417231E-06
       250,-7.502300665E-03,-6.579340901E-03, 3.666666523E-02, 3.853805119E+02, 8.720417231E-06
       251,-6.579341367E-03,-7.502300665E-03, 4.333333671E-02, 3.799392172E+02, 8.720417231E-06
       252,-8.296893910E-03,-5.543807521E-03, 4.333333671E-02, 3.799388881E+02, 8.720417231E-06
       253,-5.543807056E-03,-8.296893910E-03, 5.000000075E-02, 3.745972852E+02, 8.720417231E-06
       254,-8.949524723E-03,-4.413417075E-03, 5.000000075E-02, 3.745970525E+02, 8.720417231E-06
       255,-4.413417075E-03,-8.949524723E-03, 5.666666478E-02, 3.693594631E+02, 8.720417231E-06
       256,-9.449026547E-03,-3.207512433E-03, 5.666666478E-02, 3.693593690E+02, 8.720417231E-06
       257,-3.207512433E-03,-9.449026547E-03, 6.333333254E-02, 3.642044664E+02, 8.720417231E-06
       258,-9.786853567E-03,-1.946726232E-03, 6.333333254E-02, 3.642041336E+02, 8.720417231E-06
       259,-1.946726232E-03,-9.786853567E-03, 7.000000030E-02, 3.591283114E+02, 8.720417231E-06
       260,-9.957224131E-03,-6.526309880E-04, 7.000000030E-02, 3.591282686E+02, 8.720417231E-06
       261,-6.526309880E-04,-9.957224131E-03, 7.666666806E-02, 3.541212189E+02, 8.720417231E-06
       262,-9.957224131E-03, 6.526309880E-04, 7.666666806E-02, 3.541212189E+02, 8.720417231E-06
       263, 6.526309880E-04,-9.957224131E-03, 8.333333582E-02, 3.491735829E+02, 8.720417231E-06
       264,-9.786853567E-03, 1.946726232E-03, 8.333333582E-02, 3.491736393E+02, 8.720417231E-06
       265, 1.946726232E-03,-9.786853567E-03, 9.000000358E-02, 3.442818615E+02, 8.720417231E-06
       266,-9.449026547E-03, 3.207512433E-03, 9.000000358E-02, 3.442820310E+02, 8.720417231E-06
       267, 3.207512433E-03,-9.449026547E-03, 9.666666389E-02, 3.394380266E+02, 8.720417231E-06
       268,-8.949524723E-03, 4.413417075E-03, 9.666666389E-02, 3.394377439E+02, 8.720417231E-06
       269, 4.413417075E-03,-8.949524723E-03, 1.033333316E-01, 3.346354849E+02, 8.720417231E-06
       270,-8.296893910E-03, 5.543807056E-03, 1.033333316E-01, 3.346356195E+02, 8.720417231E-06
       271, 5.543807521E-03,-8.296893910E-03, 1.099999994E-01, 3.298711648E+02, 8.720417231E-06
       272,-7.502300665E-03, 6.579341367E-03, 1.099999994E-01, 3.298711602E+02, 8.720417231E-06
       273, 6.579340901E-03,-7.502300665E-03, 1.166666672E-01, 3.251408910E+02, 8.720417231E-06
       274,-6.579340901E-03, 7.502300665E-03, 1.166666672E-01, 3.251408910E+02, 8.720417231E-06
       275,-5.543807521E-03, 8.296893910E-03, 1.233333349E-01, 3.204420034E+02, 8.720417231E-06
       276,-4.413417075E-03, 8.949524723E-03, 1.300000101E-01, 3.157704478E+02, 8.720417231E-06
       277,-3.207512433E-03, 9.449026547E-03, 1.366666704E-01, 3.111232003E+02, 8.720417231E-06
       278,-1.946726232E-03, 9.786853567E-03, 1.433333308E-01, 3.064993905E+02, 8.720417231E-06
       279, 7.502300665E-03,-6.579341367E-03, 1.166666672E-01, 3.251408910E+02, 8.720417231E-06
       280, 8.296893910E-03,-5.543807056E-03, 1.233333349E-01, 3.204420034E+02, 8.720417231E-06
       281, 8.949524723E-03,-4.413417075E-03, 1.300000101E-01, 3.157704478E+02, 8.720417231E-06
       282, 9.449026547E-03,-3.207512433E-03, 1.366666704E-01, 3.111232003E+02, 8.720417231E-06
       283, 9.786853567E-03,-1.946726232E-03, 1.433333308E-01, 3.064993905E+02, 8.720417231E-06
       284, 9.957224131E-03,-6.526309880E-04, 1.500000060E-01, 3.018971400E+02, 8.720417231E-06
       285, 9.957224131E-03, 6.526309880E-04, 1.566666663E-01, 2.973148167E+02, 8.720417231E-06
       286,-7.502300665E-03,-6.579340901E-03, 2.999999933E-02, 3.909471935E+02, 8.720417231E-06
       287,-6.579341367E-03,-7.502300665E-03, 3.666666523E-02, 3.853805131E+02, 8.720417231E-06
       288,-8.296893910E-03,-5.543807521E-03, 3.666666523E-02, 3.853801308E+02, 8.720417231E-06
       289,-5.543807056E-03,-8.296893910E-03, 4.333333671E-02, 3.799388883E+02, 8.720417231E-06
       290,-8.949524723E-03,-4.413417075E-03, 4.333333671E-02, 3.799383188E+02, 8.720417231E-06
       291,-4.413417075E-03,-8.949524723E-03, 5.000000075E-02, 3.745970525E+02, 8.720417231E-06
       292,-9.449026547E-03,-3.207512433E-03, 5.000000075E-02, 3.745967029E+02, 8.720417231E-06
       293,-3.207512433E-03,-9.449026547E-03, 5.666666478E-02, 3.693593690E+02, 8.720417231E-06
       294,-9.786853567E-03,-1.946726232E-03, 5.666666478E-02, 3.693593108E+02, 8.720417231E-06
       295,-1.946726232E-03,-9.786853567E-03, 6.333333254E-02, 3.642041336E+02, 8.720417231E-06
       296,-9.957224131E-03,-6.526309880E-04, 6.333333254E-02, 3.642040420E+02, 8.720417231E-06
       297,-6.526309880E-04,-9.957224131E-03, 7.000000030E-02, 3.591282686E+02, 8.720417231E-06
       298,-9.957224131E-03, 6.526309880E-04, 7.000000030E-02, 3.591282686E+02, 8.720417231E-06
       299, 6.526309880E-04,-9.957224131E-03, 7.666666806E-02, 3.541212189E+02, 8.720417231E-06
       300,-9.786853567E-03, 1.946726232E-03, 7.666666806E-02, 3.541211922E+02, 8.720417231E-06
       301, 1.946726232E-03,-9.786853567E-03, 8.333333582E-02, 3.491736393E+02, 8.720417231E-06
       302,-9.449026547E-03, 3.207512433E-03, 8.333333582E-02, 3.491738275E+02, 8.720417231E-06
       303, 3.207512433E-03,-9.449026547E-03, 9.000000358E-02, 3.442820310E+02, 8.720417231E-06
       304,-8.949524723E-03, 4.413417075E-03, 9.000000358E-02, 3.442821692E+02, 8.720417231E-06
       305, 4.413417075E-03,-8.949524723E-03, 9.666666389E-02, 3.394377439E+02, 8.720417231E-06
       306,-8.296893910E-03, 5.543807056E-03, 9.666666389E-02, 3.394374565E+02, 8.720417231E-06
       307, 5.543807521E-03,-8.296893910E-03, 1.033333316E-01, 3.346356195E+02, 8.720417231E-06
       308,-7.502300665E-03, 6.579341367E-03, 1.033333316E-01, 3.346356970E+02, 8.720417231E-06
       309, 6.579340901E-03,-7.502300665E-03, 1.099999994E-01, 3.298711602E+02, 8.720417231E-06
       310,-6.579340901E-03, 7.502300665E-03, 1.099999994E-01, 3.298711602E+02, 8.720417231E-06
       311,-5.543807521E-03, 8.296893910E-03, 1.166666672E-01, 3.251410302E+02, 8.720417231E-06
       312,-4.413417075E-03, 8.949524723E-03, 1.233333349E-01, 3.204422463E+02, 8.720417231E-06
       313,-3.207512433E-03, 9.449026547E-03, 1.300000101E-01, 3.157705021E+02, 8.720417231E-06
       314,-1.946726232E-03, 9.786853567E-03, 1.366666704E-01, 3.111232160E+02, 8.720417231E-06
       315,-6.526309880E-04, 9.957224131E-03, 1.433333308E-01, 3.064993582E+02, 8.720417231E-06
       316, 7.502300665E-03,-6.579341367E-03, 1.099999994E-01, 3.298711602E+02, 8.720417231E-06
       317, 8.296893910E-03,-5.543807056E-03, 1.166666672E-01, 3.251410302E+02, 8.720417231E-06
       318, 8.949524723E-03,-4.413417075E-03, 1.233333349E-01, 3.204422463E+02, 8.720417231E-06
       319, 9.449026547E-03,-3.207512433E-03, 1.300000101E-01, 3.157705021E+02, 8.720417231E-06
       320, 9.786853567E-03,-1.946726232E-03, 1.366666704E-01, 3.111232160E+02, 8.720417231E-06
       321, 9.957224131E-03,-6.526309880E-04, 1.433333308E-01, 3.064993582E+02, 8.720417231E-06
       322, 9.957224131E-03, 6.526309880E-04, 1.500000060E-01, 3.018971400E+02, 8.720417231E-06
       323, 9.786853567E-03, 1.946726232E-03, 1.566666663E-01, 2.973147459E+02, 8.720417231E-06
       324,-7.502300665E-03,-6.579340901E-03, 2.333333530E-02, 3.965307399E+02, 8.720417231E-06
       325,-6.579341367E-03,-7.502300665E-03, 2.999999933E-02, 3.909471937E+02, 8.720417231E-06
       326,-8.296893910E-03,-5.543807521E-03, 2.999999933E-02, 3.909450448E+02, 8.720417231E-06
       327,-5.543807056E-03,-8.296893910E-03, 3.666666523E-02, 3.853801308E+02, 8.720417231E-06
       328,-8.949524723E-03,-4.413417075E-03, 3.666666523E-02, 3.853794465E+02, 8.720417231E-06
       329,-4.413417075E-03,-8.949524723E-03, 4.333333671E-02, 3.799383188E+02, 8.720417231E-06
       330,-9.449026547E-03,-3.207512433E-03, 4.333333671E-02, 3.799378853E+02, 8.720417231E-06
       331,-3.207512433E-03,-9.449026547E-03, 5.000000075E-02, 3.745967029E+02, 8.720417231E-06
       332,-9.786853567E-03,-1.946726232E-03, 5.000000075E-02, 3.745962668E+02, 8.720417231E-06
       333,-1.946726232E-03,-9.786853567E-03, 5.666666478E-02, 3.693593108E+02, 8.720417231E-06
       334,-9.957224131E-03,-6.526309880E-04, 5.666666478E-02, 3.693592092E+02, 8.720417231E-06
       335,-6.526309880E-04,-9.957224131E-03, 6.333333254E-02, 3.642040420E+02, 8.720417231E-06
       336,-9.957224131E-03, 6.526309880E-04, 6.333333254E-02, 3.642040420E+02, 8.720417231E-06
       337, 6.526309880E-04,-9.957224131E-03, 7.000000030E-02, 3.591282686E+02, 8.720417231E-06
       338,-9.786853567E-03, 1.946726232E-03, 7.000000030E-02, 3.591283114E+02, 8.720417231E-06
       339, 1.946726232E-03,-9.786853567E-03, 7.666666806E-02, 3.541211922E+02, 8.720417231E-06
       340,-9.449026547E-03, 3.207512433E-03, 7.666666806E-02, 3.541210645E+02, 8.720417231E-06
       341, 3.207512433E-03,-9.449026547E-03, 8.333333582E-02, 3.491738275E+02, 8.720417231E-06
       342,-8.949524723E-03, 4.413417075E-03, 8.333333582E-02, 3.491741117E+02, 8.720417231E-06
       343, 4.413417075E-03,-8.949524723E-03, 9.000000358E-02, 3.442821692E+02, 8.720417231E-06
       344,-8.296893910E-03, 5.543807056E-03, 9.000000358E-02, 3.442819941E+02, 8.720417231E-06
       345, 5.543807521E-03,-8.296893910E-03, 9.666666389E-02, 3.394374565E+02, 8.720417231E-06
       346,-7.502300665E-03, 6.579341367E-03, 9.666666389E-02, 3.394372953E+02, 8.720417231E-06
       347, 6.579340901E-03,-7.502300665E-03, 1.033333316E-01, 3.346356970E+02, 8.720417231E-06
       348,-6.579340901E-03, 7.502300665E-03, 1.033333316E-01, 3.346356970E+02, 8.720417231E-06
       349,-5.543807521E-03, 8.296893910E-03, 1.099999994E-01, 3.298711648E+02, 8.720417231E-06
       350,-4.413417075E-03, 8.949524723E-03, 1.166666672E-01, 3.251411333E+02, 8.720417231E-06
       351,-3.207512433E-03, 9.449026547E-03, 1.233333349E-01, 3.204425649E+02, 8.720417231E-06
       352,-1.946726232E-03, 9.786853567E-03, 1.300000101E-01, 3.157705599E+02, 8.720417231E-06
       353,-6.526309880E-04, 9.957224131E-03, 1.366666704E-01, 3.111232297E+02, 8.720417231E-06
       354, 6.526309880E-04, 9.957224131E-03, 1.433333308E-01, 3.064993582E+02, 8.720417231E-06
       355, 7.502300665E-03,-6.579341367E-03, 1.033333316E-01, 3.346356970E+02, 8.720417231E-06
       356, 8.296893910E-03,-5.543807056E-03, 1.099999994E-01, 3.298711648E+02, 8.720417231E-06
       357, 8.949524723E-03,-4.413417075E-03, 1.166666672E-01, 3.251411333E+02, 8.720417231E-06
       358, 9.449026547E-03,-3.207512433E-03, 1.233333349E-01, 3.204425649E+02, 8.720417231E-06
       359, 9.786853567E-03,-1.946726232E-03, 1.300000101E-01, 3.157705599E+02, 8.720417231E-06
       360, 9.957224131E-03,-6.526309880E-04, 1.366666704E-01, 3.111232297E+02, 8.720417231E-06
       361, 9.957224131E-03, 6.526309880E-04, 1.433333308E-01, 3.064993582E+02, 8.720417231E-06
       362, 9.786853567E-03, 1.946726232E-03, 1.500000060E-01, 3.018971412E+02, 8.720417231E-06
       363, 9.449026547E-03, 3.207512433E-03, 1.566666663E-01, 2.973145928E+02, 8.720417231E-06
       364,-7.502300665E-03,-6.579340901E-03, 1.666666567E-02, 4.019337350E+02, 8.720417231E-06
       365,-6.579341367E-03,-7.502300665E-03, 2.333333530E-02, 3.965307399E+02, 8.720417231E-06
       366,-8.296893910E-03,-5.543807521E-03, 2.333333530E-02, 3.965341338E+02, 8.720417231E-06
       367,-5.543807056E-03,-8.296893910E-03, 2.999999933E-02, 3.909450447E+02, 8.720417231E-06
       368,-8.949524723E-03,-4.413417075E-03, 2.999999933E-02, 3.909401305E+02, 8.720417231E-06
       369,-4.413417075E-03,-8.949524723E-03, 3.666666523E-02, 3.853794466E+02, 8.720417231E-06
       370,-9.449026547E-03,-3.207512433E-03, 3.666666523E-02, 3.853787907E+02, 8.720417231E-06
       371,-3.207512433E-03,-9.449026547E-03, 4.333333671E-02, 3.799378853E+02, 8.720417231E-06
       372,-9.786853567E-03,-1.946726232E-03, 4.333333671E-02, 3.799371977E+02, 8.720417231E-06
       373,-1.946726232E-03,-9.786853567E-03, 5.000000075E-02, 3.745962668E+02, 8.720417231E-06
       374,-9.957224131E-03,-6.526309880E-04, 5.000000075E-02, 3.745959757E+02, 8.720417231E-06
       375,-6.526309880E-04,-9.957224131E-03, 5.666666478E-02, 3.693592092E+02, 8.720417231E-06
       376,-9.957224131E-03, 6.526309880E-04, 5.666666478E-02, 3.693592092E+02, 8.720417231E-06
       377, 6.526309880E-04,-9.957224131E-03, 6.333333254E-02, 3.642040420E+02, 8.720417231E-06
       378,-9.786853567E-03, 1.946726232E-03, 6.333333254E-02, 3.642041336E+02, 8.720417231E-06
       379, 1.946726232E-03,-9.786853567E-03, 7.000000030E-02, 3.591283114E+02, 8.720417231E-06
       380,-9.449026547E-03, 3.207512433E-03, 7.000000030E-02, 3.591284237E+02, 8.720417231E-06
       381, 3.207512433E-03,-9.449026547E-03, 7.666666806E-02, 3.541210645E+02, 8.720417231E-06
       382,-8.949524723E-03, 4.413417075E-03, 7.666666806E-02, 3.541209572E+02, 8.720417231E-06
       383, 4.413417075E-03,-8.949524723E-03, 8.333333582E-02, 3.491741117E+02, 8.720417231E-06
       384,-8.296893910E-03, 5.543807056E-03, 8.333333582E-02, 3.491743582E+02, 8.720417231E-06
       385, 5.543807521E-03,-8.296893910E-03, 9.000000358E-02, 3.442819941E+02, 8.720417231E-06
       386,-7.502300665E-03, 6.579341367E-03, 9.000000358E-02, 3.442818369E+02, 8.720417231E-06
       387, 6.579340901E-03,-7.502300665E-03, 9.666666389E-02, 3.394372953E+02, 8.720417231E-06
       388,-6.579340901E-03, 7.502300665E-03, 9.666666389E-02, 3.394372953E+02, 8.720417231E-06
       389,-5.543807521E-03, 8.296893910E-03, 1.033333316E-01, 3.346356195E+02, 8.720417231E-06
       390,-4.413417075E-03, 8.949524723E-03, 1.099999994E-01, 3.298710739E+02, 8.720417231E-06
       391,-3.207512433E-03, 9.449026547E-03, 1.166666672E-01, 3.251411980E+02, 8.720417231E-06
       392,-1.946726232E-03, 9.786853567E-03, 1.233333349E-01, 3.204427680E+02, 8.720417231E-06
       393,-6.526309880E-04, 9.957224131E-03, 1.300000101E-01, 3.157706071E+02, 8.720417231E-06
       394, 6.526309880E-04, 9.957224131E-03, 1.366666704E-01, 3.111232297E+02, 8.720417231E-06
       395, 7.502300665E-03,-6.579341367E-03, 9.666666389E-02, 3.394372953E+02, 8.720417231E-06
       396, 8.296893910E-03,-5.543807056E-03, 1.033333316E-01, 3.346356195E+02, 8.720417231E-06
       397, 8.949524723E-03,-4.413417075E-03, 1.099999994E-01, 3.298710739E+02, 8.720417231E-06
       398, 9.449026547E-03,-3.207512433E-03, 1.166666672E-01, 3.251411980E+02, 8.720417231E-06
       399, 9.786853567E-03,-1.946726232E-03, 1.233333349E-01, 3.204427680E+02, 8.720417231E-06
       400, 9.957224131E-03,-6.526309880E-04, 1.300000101E-01, 3.157706071E+02, 8.720417231E-06
       401, 9.957224131E-03, 6.526309880E-04, 1.366666704E-01, 3.111232297E+02, 8.720417231E-06
       402, 9.786853567E-03, 1.946726232E-03, 1.433333308E-01, 3.064993905E+02, 8.720417231E-06
       403, 9.449026547E-03, 3.207512433E-03, 1.500000060E-01, 3.018971238E+02, 8.720417231E-06
       404, 8.949524723E-03, 4.413417075E-03, 1.566666663E-01, 2.973144595E+02, 8.720417231E-06
       405,-7.502300665E-03,-6.579340901E-03, 1.000000071E-02, 4.028371711E+02, 8.720417231E-06
       406,-6.579341367E-03,-7.502300665E-03, 1.666666567E-02, 4.019337349E+02, 8.720417231E-06
       407,-8.296893910E-03,-5.543807521E-03, 1.666666567E-02, 4.019303671E+02, 8.720417231E-06
       408,-5.543807056E-03,-8.296893910E-03, 2.333333530E-02, 3.965341338E+02, 8.720417231E-06
       409,-8.949524723E-03,-4.413417075E-03, 2.333333530E-02, 3.965398913E+02, 8.720417231E-06
       410,-4.413417075E-03,-8.949524723E-03, 2.999999933E-02, 3.909401305E+02, 8.720417231E-06
       411,-9.449026547E-03,-3.207512433E-03, 2.999999933E-02, 3.909353013E+02, 8.720417231E-06
       412,-3.207512433E-03,-9.449026547E-03, 3.666666523E-02, 3.853787907E+02, 8.720417231E-06
       413,-9.786853567E-03,-1.946726232E-03, 3.666666523E-02, 3.853778402E+02, 8.720417231E-06
       414,-1.946726232E-03,-9.786853567E-03, 4.333333671E-02, 3.799371977E+02, 8.720417231E-06
       415,-9.957224131E-03,-6.526309880E-04, 4.333333671E-02, 3.799368630E+02, 8.720417231E-06
       416,-6.526309880E-04,-9.957224131E-03, 5.000000075E-02, 3.745959757E+02, 8.720417231E-06
       417,-9.957224131E-03, 6.526309880E-04, 5.000000075E-02, 3.745959757E+02, 8.720417231E-06
       418, 6.526309880E-04,-9.957224131E-03, 5.666666478E-02, 3.693592092E+02, 8.720417231E-06
       419,-9.786853567E-03, 1.946726232E-03, 5.666666478E-02, 3.693593108E+02, 8.720417231E-06
       420, 1.946726232E-03,-9.786853567E-03, 6.333333254E-02, 3.642041336E+02, 8.720417231E-06
       421,-9.449026547E-03, 3.207512433E-03, 6.333333254E-02, 3.642044664E+02, 8.720417231E-06
       422, 3.207512433E-03,-9.449026547E-03, 7.000000030E-02, 3.591284237E+02, 8.720417231E-06
       423,-8.949524723E-03, 4.413417075E-03, 7.000000030E-02, 3.591284637E+02, 8.720417231E-06
       424, 4.413417075E-03,-8.949524723E-03, 7.666666806E-02, 3.541209572E+02, 8.720417231E-06
       425,-8.296893910E-03, 5.543807056E-03, 7.666666806E-02, 3.541208500E+02, 8.720417231E-06
       426, 5.543807521E-03,-8.296893910E-03, 8.333333582E-02, 3.491743582E+02, 8.720417231E-06
       427,-7.502300665E-03, 6.579341367E-03, 8.333333582E-02, 3.491744910E+02, 8.720417231E-06
       428, 6.579340901E-03,-7.502300665E-03, 9.000000358E-02, 3.442818369E+02, 8.720417231E-06
       429,-6.579340901E-03, 7.502300665E-03, 9.000000358E-02, 3.442818369E+02, 8.720417231E-06
       430,-5.543807521E-03, 8.296893910E-03, 9.666666389E-02, 3.394374565E+02, 8.720417231E-06
       431,-4.413417075E-03, 8.949524723E-03, 1.033333316E-01, 3.346354849E+02, 8.720417231E-06
       432,-3.207512433E-03, 9.449026547E-03, 1.099999994E-01, 3.298709023E+02, 8.720417231E-06
       433,-1.946726232E-03, 9.786853567E-03, 1.166666672E-01, 3.251411283E+02, 8.720417231E-06
       434,-6.526309880E-04, 9.957224131E-03, 1.233333349E-01, 3.204429104E+02, 8.720417231E-06
       435, 6.526309880E-04, 9.957224131E-03, 1.300000101E-01, 3.157706071E+02, 8.720417231E-06
       436, 1.946726232E-03, 9.786853567E-03, 1.366666704E-01, 3.111232160E+02, 8.720417231E-06
       437, 7.502300665E-03,-6.579341367E-03, 9.000000358E-02, 3.442818369E+02, 8.720417231E-06
       438, 8.296893910E-03,-5.543807056E-03, 9.666666389E-02, 3.394374565E+02, 8.720417231E-06
       439, 8.949524723E-03,-4.413417075E-03, 1.033333316E-01, 3.346354849E+02, 8.720417231E-06
       440, 9.449026547E-03,-3.207512433E-03, 1.099999994E-01, 3.298709023E+02, 8.720417231E-06
       441, 9.786853567E-03,-1.946726232E-03, 1.166666672E-01, 3.251411283E+02, 8.720417231E-06
       442, 9.957224131E-03,-6.526309880E-04, 1.233333349E-01, 3.204429104E+02, 8.720417231E-06
       443, 9.957224131E-03, 6.526309880E-04, 1.300000101E-01, 3.157706071E+02, 8.720417231E-06
       444, 9.786853567E-03, 1.946726232E-03, 1.366666704E-01, 3.111232160E+02, 8.720417231E-06
       445, 9.449026547E-03, 3.207512433E-03, 1.433333308E-01, 3.064994338E+02, 8.720417231E-06
       446, 8.949524723E-03, 4.413417075E-03, 1.500000060E-01, 3.018970955E+02, 8.720417231E-06
       447, 8.296893910E-03, 5.543807521E-03, 1.566666663E-01, 2.973143020E+02, 8.720417231E-06
       448,-7.502300665E-03,-6.579340901E-03, 3.333333414E-03, 4.431905403E+02, 8.720417231E-06
       449,-6.579341367E-03,-7.502300665E-03, 1.000000071E-02, 4.028371711E+02, 8.720417231E-06
       450,-8.296893910E-03,-5.543807521E-03, 1.000000071E-02, 4.027686497E+02, 8.720417231E-06
       451,-5.543807056E-03,-8.296893910E-03, 1.666666567E-02, 4.019303671E+02, 8.720417231E-06
       452,-8.949524723E-03,-4.413417075E-03, 1.666666567E-02, 4.019233828E+02, 8.720417231E-06
       453,-4.413417075E-03,-8.949524723E-03, 2.333333530E-02, 3.965398913E+02, 8.720417231E-06
       454,-9.449026547E-03,-3.207512433E-03, 2.333333530E-02, 3.965445468E+02, 8.720417231E-06
       455,-3.207512433E-03,-9.449026547E-03, 2.999999933E-02, 3.909353013E+02, 8.720417231E-06
       456,-9.786853567E-03,-1.946726232E-03, 2.999999933E-02, 3.909302979E+02, 8.720417231E-06
       457,-1.946726232E-03,-9.786853567E-03, 3.666666523E-02, 3.853778402E+02, 8.720417231E-06
       458,-9.957224131E-03,-6.526309880E-04, 3.666666523E-02, 3.853772717E+02, 8.720417231E-06
       459,-6.526309880E-04,-9.957224131E-03, 4.333333671E-02, 3.799368630E+02, 8.720417231E-06
       460,-9.957224131E-03, 6.526309880E-04, 4.333333671E-02, 3.799368630E+02, 8.720417231E-06
       461, 6.526309880E-04,-9.957224131E-03, 5.000000075E-02, 3.745959757E+02, 8.720417231E-06
       462,-9.786853567E-03, 1.946726232E-03, 5.000000075E-02, 3.745962668E+02, 8.720417231E-06
       463, 1.946726232E-03,-9.786853567E-03, 5.666666478E-02, 3.693593108E+02, 8.720417231E-06
       464,-9.449026547E-03, 3.207512433E-03, 5.666666478E-02, 3.693593690E+02, 8.720417231E-06
       465, 3.207512433E-03,-9.449026547E-03, 6.333333254E-02, 3.642044664E+02, 8.720417231E-06
       466,-8.949524723E-03, 4.413417075E-03, 6.333333254E-02, 3.642047672E+02, 8.720417231E-06
       467, 4.413417075E-03,-8.949524723E-03, 7.000000030E-02, 3.591284637E+02, 8.720417231E-06
       468,-8.296893910E-03, 5.543807056E-03, 7.000000030E-02, 3.591281868E+02, 8.720417231E-06
       469, 5.543807521E-03,-8.296893910E-03, 7.666666806E-02, 3.541208500E+02, 8.720417231E-06
       470,-7.502300665E-03, 6.579341367E-03, 7.666666806E-02, 3.541208831E+02, 8.720417231E-06
       471, 6.579340901E-03,-7.502300665E-03, 8.333333582E-02, 3.491744910E+02, 8.720417231E-06
       472,-6.579340901E-03, 7.502300665E-03, 8.333333582E-02, 3.491744910E+02, 8.720417231E-06
       473,-5.543807521E-03, 8.296893910E-03, 9.000000358E-02, 3.442819941E+02, 8.720417231E-06
       474,-4.413417075E-03, 8.949524723E-03, 9.666666389E-02, 3.394377439E+02, 8.720417231E-06
       475,-3.207512433E-03, 9.449026547E-03, 1.033333316E-01, 3.346354609E+02, 8.720417231E-06
       476,-1.946726232E-03, 9.786853567E-03, 1.099999994E-01, 3.298708251E+02, 8.720417231E-06
       477,-6.526309880E-04, 9.957224131E-03, 1.166666672E-01, 3.251410938E+02, 8.720417231E-06
       478, 6.526309880E-04, 9.957224131E-03, 1.233333349E-01, 3.204429104E+02, 8.720417231E-06
       479, 1.946726232E-03, 9.786853567E-03, 1.300000101E-01, 3.157705599E+02, 8.720417231E-06
       480, 3.207512433E-03, 9.449026547E-03, 1.366666704E-01, 3.111232003E+02, 8.720417231E-06
       481, 7.502300665E-03,-6.579341367E-03, 8.333333582E-02, 3.491744910E+02, 8.720417231E-06
       482, 8.296893910E-03,-5.543807056E-03, 9.000000358E-02, 3.442819941E+02, 8.720417231E-06
       483, 8.949524723E-03,-4.413417075E-03, 9.666666389E-02, 3.394377439E+02, 8.720417231E-06
       484, 9.449026547E-03,-3.207512433E-03, 1.033333316E-01, 3.346354609E+02, 8.720417231E-06
       485, 9.786853567E-03,-1.946726232E-03, 1.099999994E-01, 3.298708251E+02, 8.720417231E-06
       486, 9.957224131E-03,-6.526309880E-04, 1.166666672E-01, 3.251410938E+02, 8.720417231E-06
       487, 9.957224131E-03, 6.526309880E-04, 1.233333349E-01, 3.204429104E+02, 8.720417231E-06
       488, 9.786853567E-03, 1.946726232E-03, 1.300000101E-01, 3.157705599E+02, 8.720417231E-06
       489, 9.449026547E-03, 3.207512433E-03, 1.366666704E-01, 3.111232003E+02, 8.720417231E-06
       490, 8.949524723E-03, 4.413417075E-03, 1.433333308E-01, 3.064995677E+02, 8.720417231E-06
       491, 8.296893910E-03, 5.543807521E-03, 1.500000060E-01, 3.018969962E+02, 8.720417231E-06
       492,-6.579341367E-03,-7.502300665E-03, 3.333333414E-03, 4.431905403E+02, 8.720417231E-06
       493,-8.296893910E-03,-5.543807521E-03, 3.333333414E-03, 4.432578297E+02, 8.720417231E-06
       494,-5.543807056E-03,-8.296893910E-03, 1.000000071E-02, 4.027686497E+02, 8.720417231E-06
       495,-8.949524723E-03,-4.413417075E-03, 1.000000071E-02, 4.026669112E+02, 8.720417231E-06
       496,-4.413417075E-03,-8.949524723E-03, 1.666666567E-02, 4.019233828E+02, 8.720417231E-06
       497,-9.449026547E-03,-3.207512433E-03, 1.666666567E-02, 4.019070803E+02, 8.720417231E-06
       498,-3.207512433E-03,-9.449026547E-03, 2.333333530E-02, 3.965445468E+02, 8.720417231E-06
       499,-9.786853567E-03,-1.946726232E-03, 2.333333530E-02, 3.965460999E+02, 8.720417231E-06
       500,-1.946726232E-03,-9.786853567E-03, 2.999999933E-02, 3.909302979E+02, 8.720417231E-06
       501,-9.957224131E-03,-6.526309880E-04, 2.999999933E-02, 3.909274231E+02, 8.720417231E-06
       502,-6.526309880E-04,-9.957224131E-03, 3.666666523E-02, 3.853772717E+02, 8.720417231E-06
       503,-9.957224131E-03, 6.526309880E-04, 3.666666523E-02, 3.853772717E+02, 8.720417231E-06
       504, 6.526309880E-04,-9.957224131E-03, 4.333333671E-02, 3.799368630E+02, 8.720417231E-06
       505,-9.786853567E-03, 1.946726232E-03, 4.333333671E-02, 3.799371977E+02, 8.720417231E-06
       506, 1.946726232E-03,-9.786853567E-03, 5.000000075E-02, 3.745962668E+02, 8.720417231E-06
       507,-9.449026547E-03, 3.207512433E-03, 5.000000075E-02, 3.745967029E+02, 8.720417231E-06
       508, 3.207512433E-03,-9.449026547E-03, 5.666666478E-02, 3.693593690E+02, 8.720417231E-06
       509,-8.949524723E-03, 4.413417075E-03, 5.666666478E-02, 3.693594631E+02, 8.720417231E-06
       510, 4.413417075E-03,-8.949524723E-03, 6.333333254E-02, 3.642047672E+02, 8.720417231E-06
       511,-8.296893910E-03, 5.543807056E-03, 6.333333254E-02, 3.642050385E+02, 8.720417231E-06
       512, 5.543807521E-03,-8.296893910E-03, 7.000000030E-02, 3.591281868E+02, 8.720417231E-06
       513,-7.502300665E-03, 6.579341367E-03, 7.000000030E-02, 3.591278797E+02, 8.720417231E-06
       514, 6.579340901E-03,-7.502300665E-03, 7.666666806E-02, 3.541208831E+02, 8.720417231E-06
       515,-6.579340901E-03, 7.502300665E-03, 7.666666806E-02, 3.541208831E+02, 8.720417231E-06
       516,-5.543807521E-03, 8.296893910E-03, 8.333333582E-02, 3.491743582E+02, 8.720417231E-06
       517,-4.413417075E-03, 8.949524723E-03, 9.000000358E-02, 3.442821692E+02, 8.720417231E-06
       518,-3.207512433E-03, 9.449026547E-03, 9.666666389E-02, 3.394380266E+02, 8.720417231E-06
       519,-1.946726232E-03, 9.786853567E-03, 1.033333316E-01, 3.346355251E+02, 8.720417231E-06
       520,-6.526309880E-04, 9.957224131E-03, 1.099999994E-01, 3.298707738E+02, 8.720417231E-06
       521, 6.526309880E-04, 9.957224131E-03, 1.166666672E-01, 3.251410938E+02, 8.720417231E-06
       522, 1.946726232E-03, 9.786853567E-03, 1.233333349E-01, 3.204427680E+02, 8.720417231E-06
       523, 3.207512433E-03, 9.449026547E-03, 1.300000101E-01, 3.157705021E+02, 8.720417231E-06
       524, 7.502300665E-03,-6.579341367E-03, 7.666666806E-02, 3.541208831E+02, 8.720417231E-06
       525, 8.296893910E-03,-5.543807056E-03, 8.333333582E-02, 3.491743582E+02, 8.720417231E-06
       526, 8.949524723E-03,-4.413417075E-03, 9.000000358E-02, 3.442821692E+02, 8.720417231E-06
       527, 9.449026547E-03,-3.207512433E-03, 9.666666389E-02, 3.394380266E+02, 8.720417231E-06
       528, 9.786853567E-03,-1.946726232E-03, 1.033333316E-01, 3.346355251E+02, 8.720417231E-06
       529, 9.957224131E-03,-6.526309880E-04, 1.099999994E-01, 3.298707738E+02, 8.720417231E-06
       530, 9.957224131E-03, 6.526309880E-04, 1.166666672E-01, 3.251410938E+02, 8.720417231E-06
       531, 9.786853567E-03, 1.946726232E-03, 1.233333349E-01, 3.204427680E+02, 8.720417231E-06
       532, 9.449026547E-03, 3.207512433E-03, 1.300000101E-01, 3.157705021E+02, 8.720417231E-06
       533, 8.949524723E-03, 4.413417075E-03, 1.366666704E-01, 3.111232963E+02, 8.720417231E-06
       534, 8.296893910E-03, 5.543807521E-03, 1.433333308E-01, 3.064995724E+02, 8.720417231E-06
       535, 7.502300665E-03, 6.579340901E-03, 1.500000060E-01, 3.018969098E+02, 8.720417231E-06
       536,-5.543807056E-03,-8.296893910E-03, 3.333333414E-03, 4.432578297E+02, 8.720417231E-06
       537,-8.949524723E-03,-4.413417075E-03, 3.333333414E-03, 4.433628725E+02, 8.720417231E-06
       538,-4.413417075E-03,-8.949524723E-03, 1.000000071E-02, 4.026669112E+02, 8.720417231E-06
       539,-9.449026547E-03,-3.207512433E-03, 1.000000071E-02, 4.025677037E+02, 8.720417231E-06
       540,-3.207512433E-03,-9.449026547E-03, 1.666666567E-02, 4.019070803E+02, 8.720417231E-06
       541,-9.786853567E-03,-1.946726232E-03, 1.666666567E-02, 4.018759313E+02, 8.720417231E-06
       542,-1.946726232E-03,-9.786853567E-03, 2.333333530E-02, 3.965460999E+02, 8.720417231E-06
       543,-9.957224131E-03,-6.526309880E-04, 2.333333530E-02, 3.965461012E+02, 8.720417231E-06
       544,-6.526309880E-04,-9.957224131E-03, 2.999999933E-02, 3.909274231E+02, 8.720417231E-06
       545,-9.957224131E-03, 6.526309880E-04, 2.999999933E-02, 3.909274231E+02, 8.720417231E-06
       546, 6.526309880E-04,-9.957224131E-03, 3.666666523E-02, 3.853772717E+02, 8.720417231E-06
       547,-9.786853567E-03, 1.946726232E-03, 3.666666523E-02, 3.853778402E+02, 8.720417231E-06
       548, 1.946726232E-03,-9.786853567E-03, 4.333333671E-02, 3.799371977E+02, 8.720417231E-06
       549,-9.449026547E-03, 3.207512433E-03, 4.333333671E-02, 3.799378853E+02, 8.720417231E-06
       550, 3.207512433E-03,-9.449026547E-03, 5.000000075E-02, 3.745967029E+02, 8.720417231E-06
       551,-8.949524723E-03, 4.413417075E-03, 5.000000075E-02, 3.745970525E+02, 8.720417231E-06
       552, 4.413417075E-03,-8.949524723E-03, 5.666666478E-02, 3.693594631E+02, 8.720417231E-06
       553,-8.296893910E-03, 5.543807056E-03, 5.666666478E-02, 3.693593215E+02, 8.720417231E-06
       554, 5.543807521E-03,-8.296893910E-03, 6.333333254E-02, 3.642050385E+02, 8.720417231E-06
       555,-7.502300665E-03, 6.579341367E-03, 6.333333254E-02, 3.642050794E+02, 8.720417231E-06
       556, 6.579340901E-03,-7.502300665E-03, 7.000000030E-02, 3.591278797E+02, 8.720417231E-06
       557,-6.579340901E-03, 7.502300665E-03, 7.000000030E-02, 3.591278797E+02, 8.720417231E-06
       558,-5.543807521E-03, 8.296893910E-03, 7.666666806E-02, 3.541208500E+02, 8.720417231E-06
       559,-4.413417075E-03, 8.949524723E-03, 8.333333582E-02, 3.491741117E+02, 8.720417231E-06
       560,-3.207512433E-03, 9.449026547E-03, 9.000000358E-02, 3.442820310E+02, 8.720417231E-06
       561,-1.946726232E-03, 9.786853567E-03, 9.666666389E-02, 3.394382498E+02, 8.720417231E-06
       562,-6.526309880E-04, 9.957224131E-03, 1.033333316E-01, 3.346355743E+02, 8.720417231E-06
       563, 6.526309880E-04, 9.957224131E-03, 1.099999994E-01, 3.298707738E+02, 8.720417231E-06
       564, 1.946726232E-03, 9.786853567E-03, 1.166666672E-01, 3.251411283E+02, 8.720417231E-06
       565, 3.207512433E-03, 9.449026547E-03, 1.233333349E-01, 3.204425649E+02, 8.720417231E-06
       566, 4.413417075E-03, 8.949524723E-03, 1.300000101E-01, 3.157704478E+02, 8.720417231E-06
       567, 7.502300665E-03,-6.579341367E-03, 7.000000030E-02, 3.591278797E+02, 8.720417231E-06
       568, 8.296893910E-03,-5.543807056E-03, 7.666666806E-02, 3.541208500E+02, 8.720417231E-06
       569, 8.949524723E-03,-4.413417075E-03, 8.333333582E-02, 3.491741117E+02, 8.720417231E-06
       570, 9.449026547E-03,-3.207512433E-03, 9.000000358E-02, 3.442820310E+02, 8.720417231E-06
       571, 9.786853567E-03,-1.946726232E-03, 9.666666389E-02, 3.394382498E+02, 8.720417231E-06
       572, 9.957224131E-03,-6.526309880E-04, 1.033333316E-01, 3.346355743E+02, 8.720417231E-06
       573, 9.957224131E-03, 6.526309880E-04, 1.099999994E-01, 3.298707738E+02, 8.720417231E-06
       574, 9.786853567E-03, 1.946726232E-03, 1.166666672E-01, 3.251411283E+02, 8.720417231E-06
       575, 9.449026547E-03, 3.207512433E-03, 1.233333349E-01, 3.204425649E+02, 8.720417231E-06
       576, 8.949524723E-03, 4.413417075E-03, 1.300000101E-01, 3.157704478E+02, 8.720417231E-06
       577, 8.296893910E-03, 5.543807521E-03, 1.366666704E-01, 3.111233905E+02, 8.720417231E-06
       578, 7.502300665E-03, 6.579340901E-03, 1.433333308E-01, 3.064995661E+02, 8.720417231E-06
       579,-4.413417075E-03,-8.949524723E-03, 3.333333414E-03, 4.433628725E+02, 8.720417231E-06
       580,-9.449026547E-03,-3.207512433E-03, 3.333333414E-03, 4.434752878E+02, 8.720417231E-06
       581,-3.207512433E-03,-9.449026547E-03, 1.000000071E-02, 4.025677037E+02, 8.720417231E-06
       582,-9.786853567E-03,-1.946726232E-03, 1.000000071E-02, 4.025132684E+02, 8.720417231E-06
       583,-1.946726232E-03,-9.786853567E-03, 1.666666567E-02, 4.018759313E+02, 8.720417231E-06
       584,-9.957224131E-03,-6.526309880E-04, 1.666666567E-02, 4.018444912E+02, 8.720417231E-06
       585,-6.526309880E-04,-9.957224131E-03, 2.333333530E-02, 3.965461012E+02, 8.720417231E-06
       586,-9.957224131E-03, 6.526309880E-04, 2.333333530E-02, 3.965461012E+02, 8.720417231E-06
       587, 6.526309880E-04,-9.957224131E-03, 2.999999933E-02, 3.909274231E+02, 8.720417231E-06
       588,-9.786853567E-03, 1.946726232E-03, 2.999999933E-02, 3.909302979E+02, 8.720417231E-06
       589, 1.946726232E-03,-9.786853567E-03, 3.666666523E-02, 3.853778402E+02, 8.720417231E-06
       590,-9.449026547E-03, 3.207512433E-03, 3.666666523E-02, 3.853787907E+02, 8.720417231E-06
       591, 3.207512433E-03,-9.449026547E-03, 4.333333671E-02, 3.799378853E+02, 8.720417231E-06
       592,-8.949524723E-03, 4.413417075E-03, 4.333333671E-02, 3.799383188E+02, 8.720417231E-06
       593, 4.413417075E-03,-8.949524723E-03, 5.000000075E-02, 3.745970525E+02, 8.720417231E-06
       594,-8.296893910E-03, 5.543807056E-03, 5.000000075E-02, 3.745972852E+02, 8.720417231E-06
       595, 5.543807521E-03,-8.296893910E-03, 5.666666478E-02, 3.693593215E+02, 8.720417231E-06
       596,-7.502300665E-03, 6.579341367E-03, 5.666666478E-02, 3.693592688E+02, 8.720417231E-06
       597, 6.579340901E-03,-7.502300665E-03, 6.333333254E-02, 3.642050794E+02, 8.720417231E-06
       598,-6.579340901E-03, 7.502300665E-03, 6.333333254E-02, 3.642050794E+02, 8.720417231E-06
       599,-5.543807521E-03, 8.296893910E-03, 7.000000030E-02, 3.591281868E+02, 8.720417231E-06
       600,-4.413417075E-03, 8.949524723E-03, 7.666666806E-02, 3.541209572E+02, 8.720417231E-06
       601,-3.207512433E-03, 9.449026547E-03, 8.333333582E-02, 3.491738275E+02, 8.720417231E-06
       602,-1.946726232E-03, 9.786853567E-03, 9.000000358E-02, 3.442818615E+02, 8.720417231E-06
       603,-6.526309880E-04, 9.957224131E-03, 9.666666389E-02, 3.394383341E+02, 8.720417231E-06
       604, 6.526309880E-04, 9.957224131E-03, 1.033333316E-01, 3.346355743E+02, 8.720417231E-06
       605, 1.946726232E-03, 9.786853567E-03, 1.099999994E-01, 3.298708251E+02, 8.720417231E-06
       606, 3.207512433E-03, 9.449026547E-03, 1.166666672E-01, 3.251411980E+02, 8.720417231E-06
       607, 4.413417075E-03, 8.949524723E-03, 1.233333349E-01, 3.204422463E+02, 8.720417231E-06
       608, 5.543807056E-03, 8.296893910E-03, 1.300000101E-01, 3.157704896E+02, 8.720417231E-06
       609, 7.502300665E-03,-6.579341367E-03, 6.333333254E-02, 3.642050794E+02, 8.720417231E-06
       610, 8.296893910E-03,-5.543807056E-03, 7.000000030E-02, 3.591281868E+02, 8.720417231E-06
       611, 8.949524723E-03,-4.413417075E-03, 7.666666806E-02, 3.541209572E+02, 8.720417231E-06
       612, 9.449026547E-03,-3.207512433E-03, 8.333333582E-02, 3.491738275E+02, 8.720417231E-06
       613, 9.786853567E-03,-1.946726232E-03, 9.000000358E-02, 3.442818615E+02, 8.720417231E-06
       614, 9.957224131E-03,-6.526309880E-04, 9.666666389E-02, 3.394383341E+02, 8.720417231E-06
       615, 9.957224131E-03, 6.526309880E-04, 1.033333316E-01, 3.346355743E+02, 8.720417231E-06
       616, 9.786853567E-03, 1.946726232E-03, 1.099999994E-01, 3.298708251E+02, 8.720417231E-06
       617, 9.449026547E-03, 3.207512433E-03, 1.166666672E-01, 3.251411980E+02, 8.720417231E-06
       618, 8.949524723E-03, 4.413417075E-03, 1.233333349E-01, 3.204422463E+02, 8.720417231E-06
       619, 8.296893910E-03, 5.543807521E-03, 1.300000101E-01, 3.157704896E+02, 8.720417231E-06
       620,-3.207512433E-03,-9.449026547E-03, 3.333333414E-03, 4.434752878E+02, 8.720417231E-06
       621,-9.786853567E-03,-1.946726232E-03, 3.333333414E-03, 4.435650760E+02, 8.720417231E-06
       622,-1.946726232E-03,-9.786853567E-03, 1.000000071E-02, 4.025132684E+02, 8.720417231E-06
       623,-9.957224131E-03,-6.526309880E-04, 1.000000071E-02, 4.025004084E+02, 8.720417231E-06
       624,-6.526309880E-04,-9.957224131E-03, 1.666666567E-02, 4.018444912E+02, 8.720417231E-06
       625,-9.957224131E-03, 6.526309880E-04, 1.666666567E-02, 4.018444912E+02, 8.720417231E-06
       626, 6.526309880E-04,-9.957224131E-03, 2.333333530E-02, 3.965461012E+02, 8.720417231E-06
       627,-9.786853567E-03, 1.946726232E-03, 2.333333530E-02, 3.965460999E+02, 8.720417231E-06
       628, 1.946726232E-03,-9.786853567E-03, 2.999999933E-02, 3.909302979E+02, 8.720417231E-06
       629,-9.449026547E-03, 3.207512433E-03, 2.999999933E-02, 3.909353013E+02, 8.720417231E-06
       630, 3.207512433E-03,-9.449026547E-03, 3.666666523E-02, 3.853787907E+02, 8.720417231E-06
       631,-8.949524723E-03, 4.413417075E-03, 3.666666523E-02, 3.853794465E+02, 8.720417231E-06
       632, 4.413417075E-03,-8.949524723E-03, 4.333333671E-02, 3.799383188E+02, 8.720417231E-06
       633,-8.296893910E-03, 5.543807056E-03, 4.333333671E-02, 3.799388881E+02, 8.720417231E-06
       634, 5.543807521E-03,-8.296893910E-03, 5.000000075E-02, 3.745972852E+02, 8.720417231E-06
       635,-7.502300665E-03, 6.579341367E-03, 5.000000075E-02, 3.745973940E+02, 8.720417231E-06
       636, 6.579340901E-03,-7.502300665E-03, 5.666666478E-02, 3.693592689E+02, 8.720417231E-06
       637,-6.579340901E-03, 7.502300665E-03, 5.666666478E-02, 3.693592689E+02, 8.720417231E-06
       638,-5.543807521E-03, 8.296893910E-03, 6.333333254E-02, 3.642050385E+02, 8.720417231E-06
       639,-4.413417075E-03, 8.949524723E-03, 7.000000030E-02, 3.591284637E+02, 8.720417231E-06
       640,-3.207512433E-03, 9.449026547E-03, 7.666666806E-02, 3.541210645E+02, 8.720417231E-06
       641,-1.946726232E-03, 9.786853567E-03, 8.333333582E-02, 3.491736393E+02, 8.720417231E-06
       642,-6.526309880E-04, 9.957224131E-03, 9.000000358E-02, 3.442817407E+02, 8.720417231E-06
       643, 6.526309880E-04, 9.957224131E-03, 9.666666389E-02, 3.394383341E+02, 8.720417231E-06
       644, 1.946726232E-03, 9.786853567E-03, 1.033333316E-01, 3.346355251E+02, 8.720417231E-06
       645, 3.207512433E-03, 9.449026547E-03, 1.099999994E-01, 3.298709023E+02, 8.720417231E-06
       646, 4.413417075E-03, 8.949524723E-03, 1.166666672E-01, 3.251411333E+02, 8.720417231E-06
       647, 5.543807056E-03, 8.296893910E-03, 1.233333349E-01, 3.204420034E+02, 8.720417231E-06
       648, 6.579341367E-03, 7.502300665E-03, 1.300000101E-01, 3.157705277E+02, 8.720417231E-06
       649, 7.502300665E-03,-6.579341367E-03, 5.666666478E-02, 3.693592688E+02, 8.720417231E-06
       650, 8.296893910E-03,-5.543807056E-03, 6.333333254E-02, 3.642050385E+02, 8.720417231E-06
       651, 8.949524723E-03,-4.413417075E-03, 7.000000030E-02, 3.591284637E+02, 8.720417231E-06
       652, 9.449026547E-03,-3.207512433E-03, 7.666666806E-02, 3.541210645E+02, 8.720417231E-06
       653, 9.786853567E-03,-1.946726232E-03, 8.333333582E-02, 3.491736393E+02, 8.720417231E-06
       654, 9.957224131E-03,-6.526309880E-04, 9.000000358E-02, 3.442817407E+02, 8.720417231E-06
       655, 9.957224131E-03, 6.526309880E-04, 9.666666389E-02, 3.394383341E+02, 8.720417231E-06
       656, 9.786853567E-03, 1.946726232E-03, 1.033333316E-01, 3.346355251E+02, 8.720417231E-06
       657, 9.449026547E-03, 3.207512433E-03, 1.099999994E-01, 3.298709023E+02, 8.720417231E-06
       658, 8.949524723E-03, 4.413417075E-03, 1.166666672E-01, 3.251411333E+02, 8.720417231E-06
       659, 8.296893910E-03, 5.543807521E-03, 1.233333349E-01, 3.204420034E+02, 8.720417231E-06
       660, 7.502300665E-03, 6.579340901E-03, 1.300000101E-01, 3.157705277E+02, 8.720417231E-06
       661,-1.946726232E-03,-9.786853567E-03, 3.333333414E-03, 4.435650760E+02, 8.720417231E-06
       662,-9.957224131E-03,-6.526309880E-04, 3.333333414E-03, 4.436150677E+02, 8.720417231E-06
       663,-6.526309880E-04,-9.957224131E-03, 1.000000071E-02, 4.025004084E+02, 8.720417231E-06
       664,-9.957224131E-03, 6.526309880E-04, 1.000000071E-02, 4.025004084E+02, 8.720417231E-06
       665, 6.526309880E-04,-9.957224131E-03, 1.666666567E-02, 4.018444912E+02, 8.720417231E-06
       666,-9.786853567E-03, 1.946726232E-03, 1.666666567E-02, 4.018759313E+02, 8.720417231E-06
       667, 1.946726232E-03,-9.786853567E-03, 2.333333530E-02, 3.965460999E+02, 8.720417231E-06
       668,-9.449026547E-03, 3.207512433E-03, 2.333333530E-02, 3.965445468E+02, 8.720417231E-06
       669, 3.207512433E-03,-9.449026547E-03, 2.999999933E-02, 3.909353013E+02, 8.720417231E-06
       670,-8.949524723E-03, 4.413417075E-03, 2.999999933E-02, 3.909401305E+02, 8.720417231E-06
       671, 4.413417075E-03,-8.949524723E-03, 3.666666523E-02, 3.853794466E+02, 8.720417231E-06
       672,-8.296893910E-03, 5.543807056E-03, 3.666666523E-02, 3.853801308E+02, 8.720417231E-06
       673, 5.543807521E-03,-8.296893910E-03, 4.333333671E-02, 3.799388883E+02, 8.720417231E-06
       674,-7.502300665E-03, 6.579341367E-03, 4.333333671E-02, 3.799392175E+02, 8.720417231E-06
       675, 6.579340901E-03,-7.502300665E-03, 5.000000075E-02, 3.745973940E+02, 8.720417231E-06
       676,-6.579340901E-03, 7.502300665E-03, 5.000000075E-02, 3.745973940E+02, 8.720417231E-06
       677,-5.543807521E-03, 8.296893910E-03, 5.666666478E-02, 3.693593215E+02, 8.720417231E-06
       678,-4.413417075E-03, 8.949524723E-03, 6.333333254E-02, 3.642047672E+02, 8.720417231E-06
       679,-3.207512433E-03, 9.449026547E-03, 7.000000030E-02, 3.591284237E+02, 8.720417231E-06
       680,-1.946726232E-03, 9.786853567E-03, 7.666666806E-02, 3.541211922E+02, 8.720417231E-06
       681,-6.526309880E-04, 9.957224131E-03, 8.333333582E-02, 3.491735829E+02, 8.720417231E-06
       682, 6.526309880E-04, 9.957224131E-03, 9.000000358E-02, 3.442817407E+02, 8.720417231E-06
       683, 1.946726232E-03, 9.786853567E-03, 9.666666389E-02, 3.394382498E+02, 8.720417231E-06
       684, 3.207512433E-03, 9.449026547E-03, 1.033333316E-01, 3.346354609E+02, 8.720417231E-06
       685, 4.413417075E-03, 8.949524723E-03, 1.099999994E-01, 3.298710739E+02, 8.720417231E-06
       686, 5.543807056E-03, 8.296893910E-03, 1.166666672E-01, 3.251410302E+02, 8.720417231E-06
       687, 6.579341367E-03, 7.502300665E-03, 1.233333349E-01, 3.204418485E+02, 8.720417231E-06
       688, 7.502300665E-03,-6.579341367E-03, 5.000000075E-02, 3.745973940E+02, 8.720417231E-06
       689, 8.296893910E-03,-5.543807056E-03, 5.666666478E-02, 3.693593215E+02, 8.720417231E-06
       690, 8.949524723E-03,-4.413417075E-03, 6.333333254E-02, 3.642047672E+02, 8.720417231E-06
       691, 9.449026547E-03,-3.207512433E-03, 7.000000030E-02, 3.591284237E+02, 8.720417231E-06
       692, 9.786853567E-03,-1.946726232E-03, 7.666666806E-02, 3.541211922E+02, 8.720417231E-06
       693, 9.957224131E-03,-6.526309880E-04, 8.333333582E-02, 3.491735829E+02, 8.720417231E-06
       694, 9.957224131E-03, 6.526309880E-04, 9.000000358E-02, 3.442817407E+02, 8.720417231E-06
       695, 9.786853567E-03, 1.946726232E-03, 9.666666389E-02, 3.394382498E+02, 8.720417231E-06
       696, 9.449026547E-03, 3.207512433E-03, 1.033333316E-01, 3.346354609E+02, 8.720417231E-06
       697, 8.949524723E-03, 4.413417075E-03, 1.099999994E-01, 3.298710739E+02, 8.720417231E-06
       698, 8.296893910E-03, 5.543807521E-03, 1.166666672E-01, 3.251410302E+02, 8.720417231E-06
       699, 7.502300665E-03, 6.579340901E-03, 1.233333349E-01, 3.204418485E+02, 8.720417231E-06
       700,-6.526309880E-04,-9.957224131E-03, 3.333333414E-03, 4.436150677E+02, 8.720417231E-06
       701,-9.957224131E-03, 6.526309880E-04, 3.333333414E-03, 4.436150677E+02, 8.720417231E-06
       702, 6.526309880E-04,-9.957224131E-03, 1.000000071E-02, 4.025004084E+02, 8.720417231E-06
       703,-9.786853567E-03, 1.946726232E-03, 1.000000071E-02, 4.025132684E+02, 8.720417231E-06
       704, 1.946726232E-03,-9.786853567E-03, 1.666666567E-02, 4.018759313E+02, 8.720417231E-06
       705,-9.449026547E-03, 3.207512433E-03, 1.666666567E-02, 4.019070803E+02, 8.720417231E-06
       706, 3.207512433E-03,-9.449026547E-03, 2.333333530E-02, 3.965445468E+02, 8.720417231E-06
       707,-8.949524723E-03, 4.413417075E-03, 2.333333530E-02, 3.965398913E+02, 8.720417231E-06
       708, 4.413417075E-03,-8.949524723E-03, 2.999999933E-02, 3.909401305E+02, 8.720417231E-06
       709,-8.296893910E-03, 5.543807056E-03, 2.999999933E-02, 3.909450448E+02, 8.720417231E-06
       710, 5.543807521E-03,-8.296893910E-03, 3.666666523E-02, 3.853801308E+02, 8.720417231E-06
       711,-7.502300665E-03, 6.579341367E-03, 3.666666523E-02, 3.853805119E+02, 8.720417231E-06
       712, 6.579340901E-03,-7.502300665E-03, 4.333333671E-02, 3.799392172E+02, 8.720417231E-06
       713,-6.579340901E-03, 7.502300665E-03, 4.333333671E-02, 3.799392172E+02, 8.720417231E-06
       714,-5.543807521E-03, 8.296893910E-03, 5.000000075E-02, 3.745972852E+02, 8.720417231E-06
       715,-4.413417075E-03, 8.949524723E-03, 5.666666478E-02, 3.693594631E+02, 8.720417231E-06
       716,-3.207512433E-03, 9.449026547E-03, 6.333333254E-02, 3.642044664E+02, 8.720417231E-06
       717,-1.946726232E-03, 9.786853567E-03, 7.000000030E-02, 3.591283114E+02, 8.720417231E-06
       718,-6.526309880E-04, 9.957224131E-03, 7.666666806E-02, 3.541212189E+02, 8.720417231E-06
       719, 6.526309880E-04, 9.957224131E-03, 8.333333582E-02, 3.491735829E+02, 8.720417231E-06
       720, 1.946726232E-03, 9.786853567E-03, 9.000000358E-02, 3.442818615E+02, 8.720417231E-06
       721, 3.207512433E-03, 9.449026547E-03, 9.666666389E-02, 3.394380266E+02, 8.720417231E-06
       722, 4.413417075E-03, 8.949524723E-03, 1.033333316E-01, 3.346354849E+02, 8.720417231E-06
       723, 5.543807056E-03, 8.296893910E-03, 1.099999994E-01, 3.298711648E+02, 8.720417231E-06
       724, 6.579341367E-03, 7.502300665E-03, 1.166666672E-01, 3.251408910E+02, 8.720417231E-06
       725, 7.502300665E-03,-6.579341367E-03, 4.333333671E-02, 3.799392175E+02, 8.720417231E-06
       726, 8.296893910E-03,-5.543807056E-03, 5.000000075E-02, 3.745972852E+02, 8.720417231E-06
       727, 8.949524723E-03,-4.413417075E-03, 5.666666478E-02, 3.693594631E+02, 8.720417231E-06
       728, 9.449026547E-03,-3.207512433E-03, 6.333333254E-02, 3.642044664E+02, 8.720417231E-06
       729, 9.786853567E-03,-1.946726232E-03, 7.000000030E-02, 3.591283114E+02, 8.720417231E-06
       730, 9.957224131E-03,-6.526309880E-04, 7.666666806E-02, 3.541212189E+02, 8.720417231E-06
       731, 9.957224131E-03, 6.526309880E-04, 8.333333582E-02, 3.491735829E+02, 8.720417231E-06
       732, 9.786853567E-03, 1.946726232E-03, 9.000000358E-02, 3.442818615E+02, 8.720417231E-06
       733, 9.449026547E-03, 3.207512433E-03, 9.666666389E-02, 3.394380266E+02, 8.720417231E-06
       734, 8.949524723E-03, 4.413417075E-03, 1.033333316E-01, 3.346354849E+02, 8.720417231E-06
       735, 8.296893910E-03, 5.543807521E-03, 1.099999994E-01, 3.298711648E+02, 8.720417231E-06
       736, 7.502300665E-03, 6.579340901E-03, 1.166666672E-01, 3.251408910E+02, 8.720417231E-06
       737, 6.526309880E-04,-9.957224131E-03, 3.333333414E-03, 4.436150677E+02, 8.720417231E-06
       738,-9.786853567E-03, 1.946726232E-03, 3.333333414E-03, 4.435650760E+02, 8.720417231E-06
       739, 1.946726232E-03,-9.786853567E-03, 1.000000071E-02, 4.025132684E+02, 8.720417231E-06
       740,-9.449026547E-03, 3.207512433E-03, 1.000000071E-02, 4.025677037E+02, 8.720417231E-06
       741, 3.207512433E-03,-9.449026547E-03, 1.666666567E-02, 4.019070803E+02, 8.720417231E-06
       742,-8.949524723E-03, 4.413417075E-03, 1.666666567E-02, 4.019233828E+02, 8.720417231E-06
       743, 4.413417075E-03,-8.949524723E-03, 2.333333530E-02, 3.965398913E+02, 8.720417231E-06
       744,-8.296893910E-03, 5.543807056E-03, 2.333333530E-02, 3.965341338E+02, 8.720417231E-06
       745, 5.543807521E-03,-8.296893910E-03, 2.999999933E-02, 3.909450447E+02, 8.720417231E-06
       746,-7.502300665E-03, 6.579341367E-03, 2.999999933E-02, 3.909471935E+02, 8.720417231E-06
       747, 6.579340901E-03,-7.502300665E-03, 3.666666523E-02, 3.853805131E+02, 8.720417231E-06
       748,-6.579340901E-03, 7.502300665E-03, 3.666666523E-02, 3.853805131E+02, 8.720417231E-06
       749,-5.543807521E-03, 8.296893910E-03, 4.333333671E-02, 3.799388883E+02, 8.720417231E-06
       750,-4.413417075E-03, 8.949524723E-03, 5.000000075E-02, 3.745970525E+02, 8.720417231E-06
       751,-3.207512433E-03, 9.449026547E-03, 5.666666478E-02, 3.693593690E+02, 8.720417231E-06
       752,-1.946726232E-03, 9.786853567E-03, 6.333333254E-02, 3.642041336E+02, 8.720417231E-06
       753,-6.526309880E-04, 9.957224131E-03, 7.000000030E-02, 3.591282686E+02, 8.720417231E-06
       754, 6.526309880E-04, 9.957224131E-03, 7.666666806E-02, 3.541212189E+02, 8.720417231E-06
       755, 1.946726232E-03, 9.786853567E-03, 8.333333582E-02, 3.491736393E+02, 8.720417231E-06
       756, 3.207512433E-03, 9.449026547E-03, 9.000000358E-02, 3.442820310E+02, 8.720417231E-06
       757, 4.413417075E-03, 8.949524723E-03, 9.666666389E-02, 3.394377439E+02, 8.720417231E-06
       758, 5.543807056E-03, 8.296893910E-03, 1.033333316E-01, 3.346356195E+02, 8.720417231E-06
       759, 6.579341367E-03, 7.502300665E-03, 1.099999994E-01, 3.298711602E+02, 8.720417231E-06
       760, 7.502300665E-03,-6.579341367E-03, 3.666666523E-02, 3.853805119E+02, 8.720417231E-06
       761, 8.296893910E-03,-5.543807056E-03, 4.333333671E-02, 3.799388881E+02, 8.720417231E-06
       762, 8.949524723E-03,-4.413417075E-03, 5.000000075E-02, 3.745970525E+02, 8.720417231E-06
       763, 9.449026547E-03,-3.207512433E-03, 5.666666478E-02, 3.693593690E+02, 8.720417231E-06
       764, 9.786853567E-03,-1.946726232E-03, 6.333333254E-02, 3.642041336E+02, 8.720417231E-06
       765, 9.957224131E-03,-6.526309880E-04, 7.000000030E-02, 3.591282686E+02, 8.720417231E-06
       766, 9.957224131E-03, 6.526309880E-04, 7.666666806E-02, 3.541212189E+02, 8.720417231E-06
       767, 9.786853567E-03, 1.946726232E-03, 8.333333582E-02, 3.491736393E+02, 8.720417231E-06
       768, 9.449026547E-03, 3.207512433E-03, 9.000000358E-02, 3.442820310E+02, 8.720417231E-06
       769, 8.949524723E-03, 4.413417075E-03, 9.666666389E-02, 3.394377439E+02, 8.720417231E-06
       770, 8.296893910E-03, 5.543807521E-03, 1.033333316E-01, 3.346356195E+02, 8.720417231E-06
       771, 7.502300665E-03, 6.579340901E-03, 1.099999994E-01, 3.298711602E+02, 8.720417231E-06
       772, 1.946726232E-03,-9.786853567E-03, 3.333333414E-03, 4.435650760E+02, 8.720417231E-06
       773,-9.449026547E-03, 3.207512433E-03, 3.333333414E-03, 4.434752878E+02, 8.720417231E-06
       774, 3.207512433E-03,-9.449026547E-03, 1.000000071E-02, 4.025677037E+02, 8.720417231E-06
       775,-8.949524723E-03, 4.413417075E-03, 1.000000071E-02, 4.026669112E+02, 8.720417231E-06
       776, 4.413417075E-03,-8.949524723E-03, 1.666666567E-02, 4.019233828E+02, 8.720417231E-06
       777,-8.296893910E-03, 5.543807056E-03, 1.666666567E-02, 4.019303671E+02, 8.720417231E-06
       778, 5.543807521E-03,-8.296893910E-03, 2.333333530E-02, 3.965341338E+02, 8.720417231E-06
       779,-7.502300665E-03, 6.579341367E-03, 2.333333530E-02, 3.965307399E+02, 8.720417231E-06
       780, 6.579340901E-03,-7.502300665E-03, 2.999999933E-02, 3.909471937E+02, 8.720417231E-06
       781,-6.579340901E-03, 7.502300665E-03, 2.999999933E-02, 3.909471937E+02, 8.720417231E-06
       782,-5.543807521E-03, 8.296893910E-03, 3.666666523E-02, 3.853801308E+02, 8.720417231E-06
       783,-4.413417075E-03, 8.949524723E-03, 4.333333671E-02, 3.799383188E+02, 8.720417231E-06
       784,-3.207512433E-03, 9.449026547E-03, 5.000000075E-02, 3.745967029E+02, 8.720417231E-06
       785,-1.946726232E-03, 9.786853567E-03, 5.666666478E-02, 3.693593108E+02, 8.720417231E-06
       786,-6.526309880E-04, 9.957224131E-03, 6.333333254E-02, 3.642040420E+02, 8.720417231E-06
       787, 6.526309880E-04, 9.957224131E-03, 7.000000030E-02, 3.591282686E+02, 8.720417231E-06
       788, 1.946726232E-03, 9.786853567E-03, 7.666666806E-02, 3.541211922E+02, 8.720417231E-06
       789, 3.207512433E-03, 9.449026547E-03, 8.333333582E-02, 3.491738275E+02, 8.720417231E-06
       790, 4.413417075E-03, 8.949524723E-03, 9.000000358E-02, 3.442821692E+02, 8.720417231E-06
       791, 5.543807056E-03, 8.296893910E-03, 9.666666389E-02, 3.394374565E+02, 8.720417231E-06
       792, 6.579341367E-03, 7.502300665E-03, 1.033333316E-01, 3.346356970E+02, 8.720417231E-06
       793, 7.502300665E-03,-6.579341367E-03, 2.999999933E-02, 3.909471935E+02, 8.720417231E-06
       794, 8.296893910E-03,-5.543807056E-03, 3.666666523E-02, 3.853801308E+02, 8.720417231E-06
       795, 8.949524723E-03,-4.413417075E-03, 4.333333671E-02, 3.799383188E+02, 8.720417231E-06
       796, 9.449026547E-03,-3.207512433E-03, 5.000000075E-02, 3.745967029E+02, 8.720417231E-06
       797, 9.786853567E-03,-1.946726232E-03, 5.666666478E-02, 3.693593108E+02, 8.720417231E-06
       798, 9.957224131E-03,-6.526309880E-04, 6.333333254E-02, 3.642040420E+02, 8.720417231E-06
       799, 9.957224131E-03, 6.526309880E-04, 7.000000030E-02, 3.591282686E+02, 8.720417231E-06
       800, 9.786853567E-03, 1.946726232E-03, 7.666666806E-02, 3.541211922E+02, 8.720417231E-06
       801, 9.449026547E-03, 3.207512433E-03, 8.333333582E-02, 3.491738275E+02, 8.720417231E-06
       802, 8.949524723E-03, 4.413417075E-03, 9.000000358E-02, 3.442821692E+02, 8.720417231E-06
       803, 8.296893910E-03, 5.543807521E-03, 9.666666389E-02, 3.394374565E+02, 8.720417231E-06
       804, 7.502300665E-03, 6.579340901E-03, 1.033333316E-01, 3.346356970E+02, 8.720417231E-06
       805, 3.207512433E-03,-9.449026547E-03, 3.333333414E-03, 4.434752878E+02, 8.720417231E-06
       806,-8.949524723E-03, 4.413417075E-03, 3.333333414E-03, 4.433628725E+02, 8.720417231E-06
       807, 4.413417075E-03,-8.949524723E-03, 1.000000071E-02, 4.026669112E+02, 8.720417231E-06
       808,-8.296893910E-03, 5.543807056E-03, 1.000000071E-02, 4.027686497E+02, 8.720417231E-06
       809, 5.543807521E-03,-8.296893910E-03, 1.666666567E-02, 4.019303671E+02, 8.720417231E-06
       810,-7.502300665E-03, 6.579341367E-03, 1.666666567E-02, 4.019337350E+02, 8.720417231E-06
       811, 6.579340901E-03,-7.502300665E-03, 2.333333530E-02, 3.965307399E+02, 8.720417231E-06
       812,-6.579340901E-03, 7.502300665E-03, 2.333333530E-02, 3.965307399E+02, 8.720417231E-06
       813,-5.543807521E-03, 8.296893910E-03, 2.999999933E-02, 3.909450447E+02, 8.720417231E-06
       814,-4.413417075E-03, 8.949524723E-03, 3.666666523E-02, 3.853794466E+02, 8.720417231E-06
       815,-3.207512433E-03, 9.449026547E-03, 4.333333671E-02, 3.799378853E+02, 8.720417231E-06
       816,-1.946726232E-03, 9.786853567E-03, 5.000000075E-02, 3.745962668E+02, 8.720417231E-06
       817,-6.526309880E-04, 9.957224131E-03, 5.666666478E-02, 3.693592092E+02, 8.720417231E-06
       818, 6.526309880E-04, 9.957224131E-03, 6.333333254E-02, 3.642040420E+02, 8.720417231E-06
       819, 1.946726232E-03, 9.786853567E-03, 7.000000030E-02, 3.591283114E+02, 8.720417231E-06
       820, 3.207512433E-03, 9.449026547E-03, 7.666666806E-02, 3.541210645E+02, 8.720417231E-06
       821, 4.413417075E-03, 8.949524723E-03, 8.333333582E-02, 3.491741117E+02, 8.720417231E-06
       822, 5.543807056E-03, 8.296893910E-03, 9.000000358E-02, 3.442819941E+02, 8.720417231E-06
       823, 6.579341367E-03, 7.502300665E-03, 9.666666389E-02, 3.394372953E+02, 8.720417231E-06
       824, 7.502300665E-03,-6.579341367E-03, 2.333333530E-02, 3.965307399E+02, 8.720417231E-06
       825, 8.296893910E-03,-5.543807056E-03, 2.999999933E-02, 3.909450448E+02, 8.720417231E-06
       826, 8.949524723E-03,-4.413417075E-03, 3.666666523E-02, 3.853794465E+02, 8.720417231E-06
       827, 9.449026547E-03,-3.207512433E-03, 4.333333671E-02, 3.799378853E+02, 8.720417231E-06
       828, 9.786853567E-03,-1.946726232E-03, 5.000000075E-02, 3.745962668E+02, 8.720417231E-06
       829, 9.957224131E-03,-6.526309880E-04, 5.666666478E-02, 3.693592092E+02, 8.720417231E-06
       830, 9.957224131E-03, 6.526309880E-04, 6.333333254E-02, 3.642040420E+02, 8.720417231E-06
       831, 9.786853567E-03, 1.946726232E-03, 7.000000030E-02, 3.591283114E+02, 8.720417231E-06
       832, 9.449026547E-03, 3.207512433E-03, 7.666666806E-02, 3.541210645E+02, 8.720417231E-06
       833, 8.949524723E-03, 4.413417075E-03, 8.333333582E-02, 3.491741117E+02, 8.720417231E-06
       834, 8.296893910E-03, 5.543807521E-03, 9.000000358E-02, 3.442819941E+02, 8.720417231E-06
       835, 7.502300665E-03, 6.579340901E-03, 9.666666389E-02, 3.394372953E+02, 8.720417231E-06
       836, 4.413417075E-03,-8.949524723E-03, 3.333333414E-03, 4.433628725E+02, 8.720417231E-06
       837,-8.296893910E-03, 5.543807056E-03, 3.333333414E-03, 4.432578297E+02, 8.720417231E-06
       838, 5.543807521E-03,-8.296893910E-03, 1.000000071E-02, 4.027686497E+02, 8.720417231E-06
       839,-7.502300665E-03, 6.579341367E-03, 1.000000071E-02, 4.028371711E+02, 8.720417231E-06
       840, 6.579340901E-03,-7.502300665E-03, 1.666666567E-02, 4.019337349E+02, 8.720417231E-06
       841,-6.579340901E-03, 7.502300665E-03, 1.666666567E-02, 4.019337349E+02, 8.720417231E-06
       842,-5.543807521E-03, 8.296893910E-03, 2.333333530E-02, 3.965341338E+02, 8.720417231E-06
       843,-4.413417075E-03, 8.949524723E-03, 2.999999933E-02, 3.909401305E+02, 8.720417231E-06
       844,-3.207512433E-03, 9.449026547E-03, 3.666666523E-02, 3.853787907E+02, 8.720417231E-06
       845,-1.946726232E-03, 9.786853567E-03, 4.333333671E-02, 3.799371977E+02, 8.720417231E-06
       846,-6.526309880E-04, 9.957224131E-03, 5.000000075E-02, 3.745959757E+02, 8.720417231E-06
       847, 6.526309880E-04, 9.957224131E-03, 5.666666478E-02, 3.693592092E+02, 8.720417231E-06
       848, 1.946726232E-03, 9.786853567E-03, 6.333333254E-02, 3.642041336E+02, 8.720417231E-06
       849, 3.207512433E-03, 9.449026547E-03, 7.000000030E-02, 3.591284237E+02, 8.720417231E-06
       850, 4.413417075E-03, 8.949524723E-03, 7.666666806E-02, 3.541209572E+02, 8.720417231E-06
       851, 5.543807056E-03, 8.296893910E-03, 8.333333582E-02, 3.491743582E+02, 8.720417231E-06
       852, 6.579341367E-03, 7.502300665E-03, 9.000000358E-02, 3.442818369E+02, 8.720417231E-06
       853, 7.502300665E-03,-6.579341367E-03, 1.666666567E-02, 4.019337350E+02, 8.720417231E-06
       854, 8.296893910E-03,-5.543807056E-03, 2.333333530E-02, 3.965341338E+02, 8.720417231E-06
       855, 8.949524723E-03,-4.413417075E-03, 2.999999933E-02, 3.909401305E+02, 8.720417231E-06
       856, 9.449026547E-03,-3.207512433E-03, 3.666666523E-02, 3.853787907E+02, 8.720417231E-06
       857, 9.786853567E-03,-1.946726232E-03, 4.333333671E-02, 3.799371977E+02, 8.720417231E-06
       858, 9.957224131E-03,-6.526309880E-04, 5.000000075E-02, 3.745959757E+02, 8.720417231E-06
       859, 9.957224131E-03, 6.526309880E-04, 5.666666478E-02, 3.693592092E+02, 8.720417231E-06
       860, 9.786853567E-03, 1.946726232E-03, 6.333333254E-02, 3.642041336E+02, 8.720417231E-06
       861, 9.449026547E-03, 3.207512433E-03, 7.000000030E-02, 3.591284237E+02, 8.720417231E-06
       862, 8.949524723E-03, 4.413417075E-03, 7.666666806E-02, 3.541209572E+02, 8.720417231E-06
       863, 8.296893910E-03, 5.543807521E-03, 8.333333582E-02, 3.491743582E+02, 8.720417231E-06
       864, 7.502300665E-03, 6.579340901E-03, 9.000000358E-02, 3.442818369E+02, 8.720417231E-06
       865, 5.543807521E-03,-8.296893910E-03, 3.333333414E-03, 4.432578297E+02, 8.720417231E-06
       866,-7.502300665E-03, 6.579341367E-03, 3.333333414E-03, 4.431905403E+02, 8.720417231E-06
       867, 6.579340901E-03,-7.502300665E-03, 1.000000071E-02, 4.028371711E+02, 8.720417231E-06
       868,-6.579340901E-03, 7.502300665E-03, 1.000000071E-02, 4.028371711E+02, 8.720417231E-06
       869,-5.543807521E-03, 8.296893910E-03, 1.666666567E-02, 4.019303671E+02, 8.720417231E-06
       870,-4.413417075E-03, 8.949524723E-03, 2.333333530E-02, 3.965398913E+02, 8.720417231E-06
       871,-3.207512433E-03, 9.449026547E-03, 2.999999933E-02, 3.909353013E+02, 8.720417231E-06
       872,-1.946726232E-03, 9.786853567E-03, 3.666666523E-02, 3.853778402E+02, 8.720417231E-06
       873,-6.526309880E-04, 9.957224131E-03, 4.333333671E-02, 3.799368630E+02, 8.720417231E-06
       874, 6.526309880E-04, 9.957224131E-03, 5.000000075E-02, 3.745959757E+02, 8.720417231E-06
       875, 1.946726232E-03, 9.786853567E-03, 5.666666478E-02, 3.693593108E+02, 8.720417231E-06
       876, 3.207512433E-03, 9.449026547E-03, 6.333333254E-02, 3.642044664E+02, 8.720417231E-06
       877, 4.413417075E-03, 8.949524723E-03, 7.000000030E-02, 3.591284637E+02, 8.720417231E-06
       878, 5.543807056E-03, 8.296893910E-03, 7.666666806E-02, 3.541208500E+02, 8.720417231E-06
       879, 6.579341367E-03, 7.502300665E-03, 8.333333582E-02, 3.491744910E+02, 8.720417231E-06
       880, 7.502300665E-03,-6.579341367E-03, 1.000000071E-02, 4.028371711E+02, 8.720417231E-06
       881, 8.296893910E-03,-5.543807056E-03, 1.666666567E-02, 4.019303671E+02, 8.720417231E-06
       882, 8.949524723E-03,-4.413417075E-03, 2.333333530E-02, 3.965398913E+02, 8.720417231E-06
       883, 9.449026547E-03,-3.207512433E-03, 2.999999933E-02, 3.909353013E+02, 8.720417231E-06
       884, 9.786853567E-03,-1.946726232E-03, 3.666666523E-02, 3.853778402E+02, 8.720417231E-06
       885, 9.957224131E-03,-6.526309880E-04, 4.333333671E-02, 3.799368630E+02, 8.720417231E-06
       886, 9.957224131E-03, 6.526309880E-04, 5.000000075E-02, 3.745959757E+02, 8.720417231E-06
       887, 9.786853567E-03, 1.946726232E-03, 5.666666478E-02, 3.693593108E+02, 8.720417231E-06
       888, 9.449026547E-03, 3.207512433E-03, 6.333333254E-02, 3.642044664E+02, 8.720417231E-06
       889, 8.949524723E-03, 4.413417075E-03, 7.000000030E-02, 3.591284637E+02, 8.720417231E-06
       890, 8.296893910E-03, 5.543807521E-03, 7.666666806E-02, 3.541208500E+02, 8.720417231E-06
       891, 7.502300665E-03, 6.579340901E-03, 8.333333582E-02, 3.491744910E+02, 8.720417231E-06
       892, 6.579340901E-03,-7.502300665E-03, 3.333333414E-03, 4.431905403E+02, 8.720417231E-06
       893,-6.579340901E-03, 7.502300665E-03, 3.333333414E-03, 4.431905403E+02, 8.720417231E-06
       894,-5.543807521E-03, 8.296893910E-03, 1.000000071E-02, 4.027686497E+02, 8.720417231E-06
       895,-4.413417075E-03, 8.949524723E-03, 1.666666567E-02, 4.019233828E+02, 8.720417231E-06
       896,-3.207512433E-03, 9.449026547E-03, 2.333333530E-02, 3.965445468E+02, 8.720417231E-06
       897,-1.946726232E-03, 9.786853567E-03, 2.999999933E-02, 3.909302979E+02, 8.720417231E-06
       898,-6.526309880E-04, 9.957224131E-03, 3.666666523E-02, 3.853772717E+02, 8.720417231E-06
       899, 6.526309880E-04, 9.957224131E-03, 4.333333671E-02, 3.799368630E+02, 8.720417231E-06
       900, 1.946726232E-03, 9.786853567E-03, 5.000000075E-02, 3.745962668E+02, 8.720417231E-06
       901, 3.207512433E-03, 9.449026547E-03, 5.666666478E-02, 3.693593690E+02, 8.720417231E-06
       902, 4.413417075E-03, 8.949524723E-03, 6.333333254E-02, 3.642047672E+02, 8.720417231E-06
       903, 5.543807056E-03, 8.296893910E-03, 7.000000030E-02, 3.591281868E+02, 8.720417231E-06
       904, 6.579341367E-03, 7.502300665E-03, 7.666666806E-02, 3.541208831E+02, 8.720417231E-06
       905, 7.502300665E-03,-6.579341367E-03, 3.333333414E-03, 4.431905403E+02, 8.720417231E-06
       906, 8.296893910E-03,-5.543807056E-03, 1.000000071E-02, 4.027686497E+02, 8.720417231E-06
       907, 8.949524723E-03,-4.413417075E-03, 1.666666567E-02, 4.019233828E+02, 8.720417231E-06
       908, 9.449026547E-03,-3.207512433E-03, 2.333333530E-02, 3.965445468E+02, 8.720417231E-06
       909, 9.786853567E-03,-1.946726232E-03, 2.999999933E-02, 3.909302979E+02, 8.720417231E-06
       910, 9.957224131E-03,-6.526309880E-04, 3.666666523E-02, 3.853772717E+02, 8.720417231E-06
       911, 9.957224131E-03, 6.526309880E-04, 4.333333671E-02, 3.799368630E+02, 8.720417231E-06
       912, 9.786853567E-03, 1.946726232E-03, 5.000000075E-02, 3.745962668E+02, 8.720417231E-06
       913, 9.449026547E-03, 3.207512433E-03, 5.666666478E-02, 3.693593690E+02, 8.720417231E-06
       914, 8.949524723E-03, 4.413417075E-03, 6.333333254E-02, 3.642047672E+02, 8.720417231E-06
       915, 8.296893910E-03, 5.543807521E-03, 7.000000030E-02, 3.591281868E+02, 8.720417231E-06
       916, 7.502300665E-03, 6.579340901E-03, 7.666666806E-02, 3.541208831E+02, 8.720417231E-06
       917,-5.543807521E-03, 8.296893910E-03, 3.333333414E-03, 4.432578297E+02, 8.720417231E-06
       918,-4.413417075E-03, 8.949524723E-03, 1.000000071E-02, 4.026669112E+02, 8.720417231E-06
       919,-3.207512433E-03, 9.449026547E-03, 1.666666567E-02, 4.019070803E+02, 8.720417231E-06
       920,-1.946726232E-03, 9.786853567E-03, 2.333333530E-02, 3.965460999E+02, 8.720417231E-06
       921,-6.526309880E-04, 9.957224131E-03, 2.999999933E-02, 3.909274231E+02, 8.720417231E-06
       922, 6.526309880E-04, 9.957224131E-03, 3.666666523E-02, 3.853772717E+02, 8.720417231E-06
       923, 1.946726232E-03, 9.786853567E-03, 4.333333671E-02, 3.799371977E+02, 8.720417231E-06
       924, 3.207512433E-03, 9.449026547E-03, 5.000000075E-02, 3.745967029E+02, 8.720417231E-06
       925, 4.413417075E-03, 8.949524723E-03, 5.666666478E-02, 3.693594631E+02, 8.720417231E-06
       926, 5.543807056E-03, 8.296893910E-03, 6.333333254E-02, 3.642050385E+02, 8.720417231E-06
       927, 6.579341367E-03, 7.502300665E-03, 7.000000030E-02, 3.591278797E+02, 8.720417231E-06
       928, 8.296893910E-03,-5.543807056E-03, 3.333333414E-03, 4.432578297E+02, 8.720417231E-06
       929, 8.949524723E-03,-4.413417075E-03, 1.000000071E-02, 4.026669112E+02, 8.720417231E-06
       930, 9.449026547E-03,-3.207512433E-03, 1.666666567E-02, 4.019070803E+02, 8.720417231E-06
       931, 9.786853567E-03,-1.946726232E-03, 2.333333530E-02, 3.965460999E+02, 8.720417231E-06
       932, 9.957224131E-03,-6.526309880E-04, 2.999999933E-02, 3.909274231E+02, 8.720417231E-06
       933, 9.957224131E-03, 6.526309880E-04, 3.666666523E-02, 3.853772717E+02, 8.720417231E-06
       934, 9.786853567E-03, 1.946726232E-03, 4.333333671E-02, 3.799371977E+02, 8.720417231E-06
       935, 9.449026547E-03, 3.207512433E-03, 5.000000075E-02, 3.745967029E+02, 8.720417231E-06
       936, 8.949524723E-03, 4.413417075E-03, 5.666666478E-02, 3.693594631E+02, 8.720417231E-06
       937, 8.296893910E-03, 5.543807521E-03, 6.333333254E-02, 3.642050385E+02, 8.720417231E-06
       938, 7.502300665E-03, 6.579340901E-03, 7.000000030E-02, 3.591278797E+02, 8.720417231E-06
       939,-4.413417075E-03, 8.949524723E-03, 3.333333414E-03, 4.433628725E+02, 8.720417231E-06
       940,-3.207512433E-03, 9.449026547E-03, 1.000000071E-02, 4.025677037E+02, 8.720417231E-06
       941,-1.946726232E-03, 9.786853567E-03, 1.666666567E-02, 4.018759313E+02, 8.720417231E-06
       942,-6.526309880E-04, 9.957224131E-03, 2.333333530E-02, 3.965461012E+02, 8.720417231E-06
       943, 6.526309880E-04, 9.957224131E-03, 2.999999933E-02, 3.909274231E+02, 8.720417231E-06
       944, 1.946726232E-03, 9.786853567E-03, 3.666666523E-02, 3.853778402E+02, 8.720417231E-06
       945, 3.207512433E-03, 9.449026547E-03, 4.333333671E-02, 3.799378853E+02, 8.720417231E-06
       946, 4.413417075E-03, 8.949524723E-03, 5.000000075E-02, 3.745970525E+02, 8.720417231E-06
       947, 5.543807056E-03, 8.296893910E-03, 5.666666478E-02, 3.693593215E+02, 8.720417231E-06
       948, 6.579341367E-03, 7.502300665E-03, 6.333333254E-02, 3.642050794E+02, 8.720417231E-06
       949, 8.949524723E-03,-4.413417075E-03, 3.333333414E-03, 4.433628725E+02, 8.720417231E-06
       950, 9.449026547E-03,-3.207512433E-03, 1.000000071E-02, 4.025677037E+02, 8.720417231E-06
       951, 9.786853567E-03,-1.946726232E-03, 1.666666567E-02, 4.018759313E+02, 8.720417231E-06
       952, 9.957224131E-03,-6.526309880E-04, 2.333333530E-02, 3.965461012E+02, 8.720417231E-06
       953, 9.957224131E-03, 6.526309880E-04, 2.999999933E-02, 3.909274231E+02, 8.720417231E-06
       954, 9.786853567E-03, 1.946726232E-03, 3.666666523E-02, 3.853778402E+02, 8.720417231E-06
       955, 9.449026547E-03, 3.207512433E-03, 4.333333671E-02, 3.799378853E+02, 8.720417231E-06
       956, 8.949524723E-03, 4.413417075E-03, 5.000000075E-02, 3.745970525E+02, 8.720417231E-06
       957, 8.296893910E-03, 5.543807521E-03, 5.666666478E-02, 3.693593215E+02, 8.720417231E-06
       958, 7.502300665E-03, 6.579340901E-03, 6.333333254E-02, 3.642050794E+02, 8.720417231E-06
       959,-3.207512433E-03, 9.449026547E-03, 3.333333414E-03, 4.434752878E+02, 8.720417231E-06
       960,-1.946726232E-03, 9.786853567E-03, 1.000000071E-02, 4.025132684E+02, 8.720417231E-06
       961,-6.526309880E-04, 9.957224131E-03, 1.666666567E-02, 4.018444912E+02, 8.720417231E-06
       962, 6.526309880E-04, 9.957224131E-03, 2.333333530E-02, 3.965461012E+02, 8.720417231E-06
       963, 1.946726232E-03, 9.786853567E-03, 2.999999933E-02, 3.909302979E+02, 8.720417231E-06
       964, 3.207512433E-03, 9.449026547E-03, 3.666666523E-02, 3.853787907E+02, 8.720417231E-06
       965, 4.413417075E-03, 8.949524723E-03, 4.333333671E-02, 3.799383188E+02, 8.720417231E-06
       966, 5.543807056E-03, 8.296893910E-03, 5.000000075E-02, 3.745972852E+02, 8.720417231E-06
       967, 6.579341367E-03, 7.502300665E-03, 5.666666478E-02, 3.693592689E+02, 8.720417231E-06
       968, 9.449026547E-03,-3.207512433E-03, 3.333333414E-03, 4.434752878E+02, 8.720417231E-06
       969, 9.786853567E-03,-1.946726232E-03, 1.000000071E-02, 4.025132684E+02, 8.720417231E-06
       970, 9.957224131E-03,-6.526309880E-04, 1.666666567E-02, 4.018444912E+02, 8.720417231E-06
       971, 9.957224131E-03, 6.526309880E-04, 2.333333530E-02, 3.965461012E+02, 8.720417231E-06
       972, 9.786853567E-03, 1.946726232E-03, 2.999999933E-02, 3.909302979E+02, 8.720417231E-06
       973, 9.449026547E-03, 3.207512433E-03, 3.666666523E-02, 3.853787907E+02, 8.720417231E-06
       974, 8.949524723E-03, 4.413417075E-03, 4.333333671E-02, 3.799383188E+02, 8.720417231E-06
       975, 8.296893910E-03, 5.543807521E-03, 5.000000075E-02, 3.745972852E+02, 8.720417231E-06
       976, 7.502300665E-03, 6.579340901E-03, 5.666666478E-02, 3.693592688E+02, 8.720417231E-06
       977,-1.946726232E-03, 9.786853567E-03, 3.333333414E-03, 4.435650760E+02, 8.720417231E-06
       978,-6.526309880E-04, 9.957224131E-03, 1.000000071E-02, 4.025004084E+02, 8.720417231E-06
       979, 6.526309880E-04, 9.957224131E-03, 1.666666567E-02, 4.018444912E+02, 8.720417231E-06
       980, 1.946726232E-03, 9.786853567E-03, 2.333333530E-02, 3.965460999E+02, 8.720417231E-06
       981, 3.207512433E-03, 9.449026547E-03, 2.999999933E-02, 3.909353013E+02, 8.720417231E-06
       982, 4.413417075E-03, 8.949524723E-03, 3.666666523E-02, 3.853794466E+02, 8.720417231E-06
       983, 5.543807056E-03, 8.296893910E-03, 4.333333671E-02, 3.799388883E+02, 8.720417231E-06
       984, 6.579341367E-03, 7.502300665E-03, 5.000000075E-02, 3.745973940E+02, 8.720417231E-06
       985, 9.786853567E-03,-1.946726232E-03, 3.333333414E-03, 4.435650760E+02, 8.720417231E-06
       986, 9.957224131E-03,-6.526309880E-04, 1.000000071E-02, 4.025004084E+02, 8.720417231E-06
       987, 9.957224131E-03, 6.526309880E-04, 1.666666567E-02, 4.018444912E+02, 8.720417231E-06
       988, 9.786853567E-03, 1.946726232E-03, 2.333333530E-02, 3.965460999E+02, 8.720417231E-06
       989, 9.449026547E-03, 3.207512433E-03, 2.999999933E-02, 3.909353013E+02, 8.720417231E-06
       990, 8.949524723E-03, 4.413417075E-03, 3.666666523E-02, 3.853794465E+02, 8.720417231E-06
       991, 8.296893910E-03, 5.543807521E-03, 4.333333671E-02, 3.799388881E+02, 8.720417231E-06
       992, 7.502300665E-03, 6.579340901E-03, 5.000000075E-02, 3.745973940E+02, 8.720417231E-06
       993,-6.526309880E-04, 9.957224131E-03, 3.333333414E-03, 4.436150677E+02, 8.720417231E-06
       994, 6.526309880E-04, 9.957224131E-03, 1.000000071E-02, 4.025004084E+02, 8.720417231E-06
       995, 1.946726232E-03, 9.786853567E-03, 1.666666567E-02, 4.018759313E+02, 8.720417231E-06
       996, 3.207512433E-03, 9.449026547E-03, 2.333333530E-02, 3.965445468E+02, 8.720417231E-06
       997, 4.413417075E-03, 8.949524723E-03, 2.999999933E-02, 3.909401305E+02, 8.720417231E-06
       998, 5.543807056E-03, 8.296893910E-03, 3.666666523E-02, 3.853801308E+02, 8.720417231E-06
       999, 6.579341367E-03, 7.502300665E-03, 4.333333671E-02, 3.799392172E+02, 8.720417231E-06
      1000, 9.957224131E-03,-6.526309880E-04, 3.333333414E-03, 4.436150677E+02, 8.720417231E-06
      1001, 9.957224131E-03, 6.526309880E-04, 1.000000071E-02, 4.025004084E+02, 8.720417231E-06
      1002, 9.786853567E-03, 1.946726232E-03, 1.666666567E-02, 4.018759313E+02, 8.720417231E-06
      1003, 9.449026547E-03, 3.207512433E-03, 2.333333530E-02, 3.965445468E+02, 8.720417231E-06
      1004, 8.949524723E-03, 4.413417075E-03, 2.999999933E-02, 3.909401305E+02, 8.720417231E-06
      1005, 8.296893910E-03, 5.543807521E-03, 3.666666523E-02, 3.853801308E+02, 8.720417231E-06
      1006, 7.502300665E-03, 6.579340901E-03, 4.333333671E-02, 3.799392175E+02, 8.720417231E-06
      1007, 6.526309880E-04, 9.957224131E-03, 3.333333414E-03, 4.436150677E+02, 8.720417231E-06
      1008, 1.946726232E-03, 9.786853567E-03, 1.000000071E-02, 4.025132684E+02, 8.720417231E-06
      1009, 3.207512433E-03, 9.449026547E-03, 1.666666567E-02, 4.019070803E+02, 8.720417231E-06
      1010, 4.413417075E-03, 8.949524723E-03, 2.333333530E-02, 3.965398913E+02, 8.720417231E-06
      1011, 5.543807056E-03, 8.296893910E-03, 2.999999933E-02, 3.909450447E+02, 8.720417231E-06
      1012, 6.579341367E-03, 7.502300665E-03, 3.666666523E-02, 3.853805131E+02, 8.720417231E-06
      1013, 9.957224131E-03, 6.526309880E-04, 3.333333414E-03, 4.436150677E+02, 8.720417231E-06
      1014, 9.786853567E-03, 1.946726232E-03, 1.000000071E-02, 4.025132684E+02, 8.720417231E-06
      1015, 9.449026547E-03, 3.207512433E-03, 1.666666567E-02, 4.019070803E+02, 8.720417231E-06
      1016, 8.949524723E-03, 4.413417075E-03, 2.333333530E-02, 3.965398913E+02, 8.720417231E-06
      1017, 8.296893910E-03, 5.543807521E-03, 2.999999933E-02, 3.909450448E+02, 8.720417231E-06
      1018, 7.502300665E-03, 6.579340901E-03, 3.666666523E-02, 3.853805119E+02, 8.720417231E-06
      1019, 1.946726232E-03, 9.786853567E-03, 3.333333414E-03, 4.435650760E+02, 8.720417231E-06
      1020, 3.207512433E-03, 9.449026547E-03, 1.000000071E-02, 4.025677037E+02, 8.720417231E-06
      1021, 4.413417075E-03, 8.949524723E-03, 1.666666567E-02, 4.019233828E+02, 8.720417231E-06
      1022, 5.543807056E-03, 8.296893910E-03, 2.333333530E-02, 3.965341338E+02, 8.720417231E-06
      1023, 6.579341367E-03, 7.502300665E-03, 2.999999933E-02, 3.909471937E+02, 8.720417231E-06
      1024, 9.786853567E-03, 1.946726232E-03, 3.333333414E-03, 4.435650760E+02, 8.720417231E-06
      1025, 9.449026547E-03, 3.207512433E-03, 1.000000071E-02, 4.025677037E+02, 8.720417231E-06
      1026, 8.949524723E-03, 4.413417075E-03, 1.666666567E-02, 4.019233828E+02, 8.720417231E-06
      1027, 8.296893910E-03, 5.543807521E-03, 2.333333530E-02, 3.965341338E+02, 8.720417231E-06
      1028, 7.502300665E-03, 6.579340901E-03, 2.999999933E-02, 3.909471935E+02, 8.720417231E-06
      1029, 3.207512433E-03, 9.449026547E-03, 3.333333414E-03, 4.434752878E+02, 8.720417231E-06
      1030, 4.413417075E-03, 8.949524723E-03, 1.000000071E-02, 4.026669112E+02, 8.720417231E-06
      1031, 5.543807056E-03, 8.296893910E-03, 1.666666567E-02, 4.019303671E+02, 8.720417231E-06
      1032, 6.579341367E-03, 7.502300665E-03, 2.333333530E-02, 3.965307399E+02, 8.720417231E-06
      1033, 9.449026547E-03, 3.207512433E-03, 3.333333414E-03, 4.434752878E+02, 8.720417231E-06
      1034, 8.949524723E-03, 4.413417075E-03, 1.000000071E-02, 4.026669112E+02, 8.720417231E-06
      1035, 8.296893910E-03, 5.543807521E-03, 1.666666567E-02, 4.019303671E+02, 8.720417231E-06
      1036, 7.502300665E-03, 6.579340901E-03, 2.333333530E-02, 3.965307399E+02, 8.720417231E-06
      1037, 4.413417075E-03, 8.949524723E-03, 3.333333414E-03, 4.433628725E+02, 8.720417231E-06
      1038, 5.543807056E-03, 8.296893910E-03, 1.000000071E-02, 4.027686497E+02, 8.720417231E-06
      1039, 6.579341367E-03, 7.502300665E-03, 1.666666567E-02, 4.019337349E+02, 8.720417231E-06
      1040, 8.949524723E-03, 4.413417075E-03, 3.333333414E-03, 4.433628725E+02, 8.720417231E-06
      1041, 8.296893910E-03, 5.543807521E-03, 1.000000071E-02, 4.027686497E+02, 8.720417231E-06
      1042, 7.502300665E-03, 6.579340901E-03, 1.666666567E-02, 4.019337350E+02, 8.720417231E-06
      1043, 5.543807056E-03, 8.296893910E-03, 3.333333414E-03, 4.432578297E+02, 8.720417231E-06
      1044, 6.579341367E-03, 7.502300665E-03, 1.000000071E-02, 4.028371711E+02, 8.720417231E-06
      1045, 8.296893910E-03, 5.543807521E-03, 3.333333414E-03, 4.432578297E+02, 8.720417231E-06
      1046, 7.502300665E-03, 6.579340901E-03, 1.000000071E-02, 4.028371711E+02, 8.720417231E-06
      1047, 6.579341367E-03, 7.502300665E-03, 3.333333414E-03, 4.431905403E+02, 8.720417231E-06
      1048, 7.502300665E-03, 6.579340901E-03, 3.333333414E-03, 4.431905403E+02, 8.720417231E-06
      1049, 8.949524723E-03, 4.413417075E-03, 1.766666770E-01, 2.836662708E+02, 8.720417231E-06
      1050, 8.296893910E-03, 5.543807521E-03, 1.766666770E-01, 2.836663255E+02, 8.720417231E-06
      1051, 7.502300665E-03, 6.579340901E-03, 3.100000024E-01, 1.946797903E+02, 8.720417231E-06
      1052, 7.502300665E-03, 6.579340901E-03, 3.033333421E-01, 1.990931249E+02, 8.720417231E-06
      1053, 8.296893910E-03, 5.543807521E-03, 3.100000024E-01, 1.946797646E+02, 8.720417231E-06
      1054, 7.502300665E-03, 6.579340901E-03, 2.966666818E-01, 2.035071593E+02, 8.720417231E-06
      1055, 8.296893910E-03, 5.543807521E-03, 3.033333421E-01, 1.990930899E+02, 8.720417231E-06
      1056, 8.949524723E-03, 4.413417075E-03, 3.100000024E-01, 1.946797163E+02, 8.720417231E-06
      1057, 7.502300665E-03, 6.579340901E-03, 2.899999917E-01, 2.079223145E+02, 8.720417231E-06
      1058, 8.296893910E-03, 5.543807521E-03, 2.966666818E-01, 2.035071175E+02, 8.720417231E-06
      1059, 6.579341367E-03, 7.502300665E-03, 2.966666818E-01, 2.035071593E+02, 8.720417231E-06
      1060, 8.949524723E-03, 4.413417075E-03, 3.033333421E-01, 1.990930266E+02, 8.720417231E-06
      1061, 9.449026547E-03, 3.207512433E-03, 3.100000024E-01, 1.946796601E+02, 8.720417231E-06
      1062, 7.502300665E-03, 6.579340901E-03, 2.833333313E-01, 2.123392880E+02, 8.720417231E-06
      1063, 8.296893910E-03, 5.543807521E-03, 2.899999917E-01, 2.079222703E+02, 8.720417231E-06
      1064, 6.579341367E-03, 7.502300665E-03, 2.899999917E-01, 2.079223145E+02, 8.720417231E-06
      1065, 8.949524723E-03, 4.413417075E-03, 2.966666818E-01, 2.035070516E+02, 8.720417231E-06
      1066, 5.543807056E-03, 8.296893910E-03, 2.966666818E-01, 2.035071175E+02, 8.720417231E-06
      1067, 9.449026547E-03, 3.207512433E-03, 3.033333421E-01, 1.990929488E+02, 8.720417231E-06
      1068, 9.786853567E-03, 1.946726232E-03, 3.100000024E-01, 1.946796116E+02, 8.720417231E-06
      1069, 7.502300665E-03, 6.579340901E-03, 2.766666710E-01, 2.167581422E+02, 8.720417231E-06
      1070, 8.296893910E-03, 5.543807521E-03, 2.833333313E-01, 2.123392489E+02, 8.720417231E-06
      1071, 6.579341367E-03, 7.502300665E-03, 2.833333313E-01, 2.123392880E+02, 8.720417231E-06
      1072, 8.949524723E-03, 4.413417075E-03, 2.899999917E-01, 2.079222009E+02, 8.720417231E-06
      1073, 5.543807056E-03, 8.296893910E-03, 2.899999917E-01, 2.079222703E+02, 8.720417231E-06
      1074, 9.449026547E-03, 3.207512433E-03, 2.966666818E-01, 2.035069610E+02, 8.720417231E-06
      1075, 4.413417075E-03, 8.949524723E-03, 2.966666818E-01, 2.035070516E+02, 8.720417231E-06
      1076, 9.786853567E-03, 1.946726232E-03, 3.033333421E-01, 1.990928826E+02, 8.720417231E-06
      1077, 9.957224131E-03, 6.526309880E-04, 3.100000024E-01, 1.946795846E+02, 8.720417231E-06
      1078, 7.502300665E-03, 6.579340901E-03, 2.700000107E-01, 2.211797676E+02, 8.720417231E-06
      1079, 8.296893910E-03, 5.543807521E-03, 2.766666710E-01, 2.167581124E+02, 8.720417231E-06
      1080, 6.579341367E-03, 7.502300665E-03, 2.766666710E-01, 2.167581422E+02, 8.720417231E-06
      1081, 8.949524723E-03, 4.413417075E-03, 2.833333313E-01, 2.123391755E+02, 8.720417231E-06
      1082, 5.543807056E-03, 8.296893910E-03, 2.833333313E-01, 2.123392489E+02, 8.720417231E-06
      1083, 9.449026547E-03, 3.207512433E-03, 2.899999917E-01, 2.079221094E+02, 8.720417231E-06
      1084, 4.413417075E-03, 8.949524723E-03, 2.899999917E-01, 2.079222009E+02, 8.720417231E-06
      1085, 9.786853567E-03, 1.946726232E-03, 2.966666818E-01, 2.035068937E+02, 8.720417231E-06
      1086, 3.207512433E-03, 9.449026547E-03, 2.966666818E-01, 2.035069610E+02, 8.720417231E-06
      1087, 9.957224131E-03, 6.526309880E-04, 3.033333421E-01, 1.990928460E+02, 8.720417231E-06
      1088, 9.957224131E-03,-6.526309880E-04, 3.100000024E-01, 1.946795846E+02, 8.720417231E-06
      1089, 9.957224131E-03, 6.526309880E-04, 3.166666627E-01, 1.902665667E+02, 8.720417231E-06
      1090, 7.502300665E-03, 6.579340901E-03, 2.633333504E-01, 2.256043242E+02, 8.720417231E-06
      1091, 8.296893910E-03, 5.543807521E-03, 2.700000107E-01, 2.211797449E+02, 8.720417231E-06
      1092, 6.579341367E-03, 7.502300665E-03, 2.700000107E-01, 2.211797676E+02, 8.720417231E-06
      1093, 8.949524723E-03, 4.413417075E-03, 2.766666710E-01, 2.167580484E+02, 8.720417231E-06
      1094, 5.543807056E-03, 8.296893910E-03, 2.766666710E-01, 2.167581124E+02, 8.720417231E-06
      1095, 9.449026547E-03, 3.207512433E-03, 2.833333313E-01, 2.123390985E+02, 8.720417231E-06
      1096, 4.413417075E-03, 8.949524723E-03, 2.833333313E-01, 2.123391755E+02, 8.720417231E-06
      1097, 9.786853567E-03, 1.946726232E-03, 2.899999917E-01, 2.079220458E+02, 8.720417231E-06
      1098, 3.207512433E-03, 9.449026547E-03, 2.899999917E-01, 2.079221094E+02, 8.720417231E-06
      1099, 9.957224131E-03, 6.526309880E-04, 2.966666818E-01, 2.035068530E+02, 8.720417231E-06
      1100, 1.946726232E-03, 9.786853567E-03, 2.966666818E-01, 2.035068937E+02, 8.720417231E-06
      1101, 9.957224131E-03,-6.526309880E-04, 3.033333421E-01, 1.990928460E+02, 8.720417231E-06
      1102, 9.786853567E-03,-1.946726232E-03, 3.100000024E-01, 1.946796116E+02, 8.720417231E-06
      1103, 9.957224131E-03,-6.526309880E-04, 3.166666627E-01, 1.902665667E+02, 8.720417231E-06
      1104, 7.502300665E-03, 6.579340901E-03, 2.566666603E-01, 2.300323223E+02, 8.720417231E-06
      1105, 8.296893910E-03, 5.543807521E-03, 2.633333504E-01, 2.256043101E+02, 8.720417231E-06
      1106, 6.579341367E-03, 7.502300665E-03, 2.633333504E-01, 2.256043242E+02, 8.720417231E-06
      1107, 8.949524723E-03, 4.413417075E-03, 2.700000107E-01, 2.211797008E+02, 8.720417231E-06
      1108, 5.543807056E-03, 8.296893910E-03, 2.700000107E-01, 2.211797449E+02, 8.720417231E-06
      1109, 9.449026547E-03, 3.207512433E-03, 2.766666710E-01, 2.167579952E+02, 8.720417231E-06
      1110, 4.413417075E-03, 8.949524723E-03, 2.766666710E-01, 2.167580484E+02, 8.720417231E-06
      1111, 9.786853567E-03, 1.946726232E-03, 2.833333313E-01, 2.123390371E+02, 8.720417231E-06
      1112, 3.207512433E-03, 9.449026547E-03, 2.833333313E-01, 2.123390985E+02, 8.720417231E-06
      1113, 9.957224131E-03, 6.526309880E-04, 2.899999917E-01, 2.079220070E+02, 8.720417231E-06
      1114, 1.946726232E-03, 9.786853567E-03, 2.899999917E-01, 2.079220458E+02, 8.720417231E-06
      1115, 9.957224131E-03,-6.526309880E-04, 2.966666818E-01, 2.035068530E+02, 8.720417231E-06
      1116, 6.526309880E-04, 9.957224131E-03, 2.966666818E-01, 2.035068530E+02, 8.720417231E-06
      1117, 9.786853567E-03,-1.946726232E-03, 3.033333421E-01, 1.990928826E+02, 8.720417231E-06
      1118, 9.449026547E-03,-3.207512433E-03, 3.100000024E-01, 1.946796601E+02, 8.720417231E-06
      1119, 9.786853567E-03,-1.946726232E-03, 3.166666627E-01, 1.902665813E+02, 8.720417231E-06
      1120, 7.502300665E-03, 6.579340901E-03, 2.500000000E-01, 2.344646102E+02, 8.720417231E-06
      1121, 8.296893910E-03, 5.543807521E-03, 2.566666603E-01, 2.300323187E+02, 8.720417231E-06
      1122, 6.579341367E-03, 7.502300665E-03, 2.566666603E-01, 2.300323223E+02, 8.720417231E-06
      1123, 8.949524723E-03, 4.413417075E-03, 2.633333504E-01, 2.256042869E+02, 8.720417231E-06
      1124, 5.543807056E-03, 8.296893910E-03, 2.633333504E-01, 2.256043101E+02, 8.720417231E-06
      1125, 9.449026547E-03, 3.207512433E-03, 2.700000107E-01, 2.211796590E+02, 8.720417231E-06
      1126, 4.413417075E-03, 8.949524723E-03, 2.700000107E-01, 2.211797008E+02, 8.720417231E-06
      1127, 9.786853567E-03, 1.946726232E-03, 2.766666710E-01, 2.167579463E+02, 8.720417231E-06
      1128, 3.207512433E-03, 9.449026547E-03, 2.766666710E-01, 2.167579952E+02, 8.720417231E-06
      1129, 9.957224131E-03, 6.526309880E-04, 2.833333313E-01, 2.123390053E+02, 8.720417231E-06
      1130, 1.946726232E-03, 9.786853567E-03, 2.833333313E-01, 2.123390371E+02, 8.720417231E-06
      1131, 9.957224131E-03,-6.526309880E-04, 2.899999917E-01, 2.079220070E+02, 8.720417231E-06
      1132, 6.526309880E-04, 9.957224131E-03, 2.899999917E-01, 2.079220070E+02, 8.720417231E-06
      1133, 9.786853567E-03,-1.946726232E-03, 2.966666818E-01, 2.035068937E+02, 8.720417231E-06
      1134,-6.526309880E-04, 9.957224131E-03, 2.966666818E-01, 2.035068530E+02, 8.720417231E-06
      1135, 9.449026547E-03,-3.207512433E-03, 3.033333421E-01, 1.990929488E+02, 8.720417231E-06
      1136, 8.949524723E-03,-4.413417075E-03, 3.100000024E-01, 1.946797163E+02, 8.720417231E-06
      1137, 9.449026547E-03,-3.207512433E-03, 3.166666627E-01, 1.902666093E+02, 8.720417231E-06
      1138, 7.502300665E-03, 6.579340901E-03, 2.433333397E-01, 2.389016585E+02, 8.720417231E-06
      1139, 8.296893910E-03, 5.543807521E-03, 2.500000000E-01, 2.344646146E+02, 8.720417231E-06
      1140, 6.579341367E-03, 7.502300665E-03, 2.500000000E-01, 2.344646102E+02, 8.720417231E-06
      1141, 8.949524723E-03, 4.413417075E-03, 2.566666603E-01, 2.300323135E+02, 8.720417231E-06
      1142, 5.543807056E-03, 8.296893910E-03, 2.566666603E-01, 2.300323187E+02, 8.720417231E-06
      1143, 9.449026547E-03, 3.207512433E-03, 2.633333504E-01, 2.256042533E+02, 8.720417231E-06
      1144, 4.413417075E-03, 8.949524723E-03, 2.633333504E-01, 2.256042869E+02, 8.720417231E-06
      1145, 9.786853567E-03, 1.946726232E-03, 2.700000107E-01, 2.211796252E+02, 8.720417231E-06
      1146, 3.207512433E-03, 9.449026547E-03, 2.700000107E-01, 2.211796590E+02, 8.720417231E-06
      1147, 9.957224131E-03, 6.526309880E-04, 2.766666710E-01, 2.167579246E+02, 8.720417231E-06
      1148, 1.946726232E-03, 9.786853567E-03, 2.766666710E-01, 2.167579463E+02, 8.720417231E-06
      1149, 9.957224131E-03,-6.526309880E-04, 2.833333313E-01, 2.123390053E+02, 8.720417231E-06
      1150, 6.526309880E-04, 9.957224131E-03, 2.833333313E-01, 2.123390053E+02, 8.720417231E-06
      1151, 9.786853567E-03,-1.946726232E-03, 2.899999917E-01, 2.079220458E+02, 8.720417231E-06
      1152,-6.526309880E-04, 9.957224131E-03, 2.899999917E-01, 2.079220070E+02, 8.720417231E-06
      1153, 9.449026547E-03,-3.207512433E-03, 2.966666818E-01, 2.035069610E+02, 8.720417231E-06
      1154,-1.946726232E-03, 9.786853567E-03, 2.966666818E-01, 2.035068937E+02, 8.720417231E-06
      1155, 8.949524723E-03,-4.413417075E-03, 3.033333421E-01, 1.990930266E+02, 8.720417231E-06
      1156, 8.296893910E-03,-5.543807056E-03, 3.100000024E-01, 1.946797646E+02, 8.720417231E-06
      1157, 8.949524723E-03,-4.413417075E-03, 3.166666627E-01, 1.902666434E+02, 8.720417231E-06
      1158, 7.502300665E-03, 6.579340901E-03, 2.366666645E-01, 2.433442458E+02, 8.720417231E-06
      1159, 8.296893910E-03, 5.543807521E-03, 2.433333397E-01, 2.389016795E+02, 8.720417231E-06
      1160, 6.579341367E-03, 7.502300665E-03, 2.433333397E-01, 2.389016585E+02, 8.720417231E-06
      1161, 8.949524723E-03, 4.413417075E-03, 2.500000000E-01, 2.344646176E+02, 8.720417231E-06
      1162, 5.543807056E-03, 8.296893910E-03, 2.500000000E-01, 2.344646146E+02, 8.720417231E-06
      1163, 9.449026547E-03, 3.207512433E-03, 2.566666603E-01, 2.300322986E+02, 8.720417231E-06
      1164, 4.413417075E-03, 8.949524723E-03, 2.566666603E-01, 2.300323135E+02, 8.720417231E-06
      1165, 9.786853567E-03, 1.946726232E-03, 2.633333504E-01, 2.256042303E+02, 8.720417231E-06
      1166, 3.207512433E-03, 9.449026547E-03, 2.633333504E-01, 2.256042533E+02, 8.720417231E-06
      1167, 9.957224131E-03, 6.526309880E-04, 2.700000107E-01, 2.211796091E+02, 8.720417231E-06
      1168, 1.946726232E-03, 9.786853567E-03, 2.700000107E-01, 2.211796252E+02, 8.720417231E-06
      1169, 9.957224131E-03,-6.526309880E-04, 2.766666710E-01, 2.167579246E+02, 8.720417231E-06
      1170, 6.526309880E-04, 9.957224131E-03, 2.766666710E-01, 2.167579246E+02, 8.720417231E-06
      1171, 9.786853567E-03,-1.946726232E-03, 2.833333313E-01, 2.123390371E+02, 8.720417231E-06
      1172,-6.526309880E-04, 9.957224131E-03, 2.833333313E-01, 2.123390053E+02, 8.720417231E-06
      1173, 9.449026547E-03,-3.207512433E-03, 2.899999917E-01, 2.079221094E+02, 8.720417231E-06
      1174,-1.946726232E-03, 9.786853567E-03, 2.899999917E-01, 2.079220458E+02, 8.720417231E-06
      1175, 8.949524723E-03,-4.413417075E-03, 2.966666818E-01, 2.035070516E+02, 8.720417231E-06
      1176, 8.296893910E-03,-5.543807056E-03, 3.033333421E-01, 1.990930899E+02, 8.720417231E-06
      1177, 7.502300665E-03,-6.579341367E-03, 3.100000024E-01, 1.946797903E+02, 8.720417231E-06
      1178, 8.296893910E-03,-5.543807056E-03, 3.166666627E-01, 1.902666738E+02, 8.720417231E-06
      1179, 8.949524723E-03,-4.413417075E-03, 3.233333230E-01, 1.858530864E+02, 8.720417231E-06
      1180, 7.502300665E-03, 6.579340901E-03, 2.300000042E-01, 2.477931390E+02, 8.720417231E-06
      1181, 8.296893910E-03, 5.543807521E-03, 2.366666645E-01, 2.433442681E+02, 8.720417231E-06
      1182, 6.579341367E-03, 7.502300665E-03, 2.366666645E-01, 2.433442458E+02, 8.720417231E-06
      1183, 8.949524723E-03, 4.413417075E-03, 2.433333397E-01, 2.389016939E+02, 8.720417231E-06
      1184, 5.543807056E-03, 8.296893910E-03, 2.433333397E-01, 2.389016795E+02, 8.720417231E-06
      1185, 9.449026547E-03, 3.207512433E-03, 2.500000000E-01, 2.344646152E+02, 8.720417231E-06
      1186, 4.413417075E-03, 8.949524723E-03, 2.500000000E-01, 2.344646176E+02, 8.720417231E-06
      1187, 9.786853567E-03, 1.946726232E-03, 2.566666603E-01, 2.300322904E+02, 8.720417231E-06
      1188, 3.207512433E-03, 9.449026547E-03, 2.566666603E-01, 2.300322986E+02, 8.720417231E-06
      1189, 9.957224131E-03, 6.526309880E-04, 2.633333504E-01, 2.256042167E+02, 8.720417231E-06
      1190, 1.946726232E-03, 9.786853567E-03, 2.633333504E-01, 2.256042303E+02, 8.720417231E-06
      1191, 9.957224131E-03,-6.526309880E-04, 2.700000107E-01, 2.211796091E+02, 8.720417231E-06
      1192, 6.526309880E-04, 9.957224131E-03, 2.700000107E-01, 2.211796091E+02, 8.720417231E-06
      1193, 9.786853567E-03,-1.946726232E-03, 2.766666710E-01, 2.167579463E+02, 8.720417231E-06
      1194,-6.526309880E-04, 9.957224131E-03, 2.766666710E-01, 2.167579246E+02, 8.720417231E-06
      1195, 9.449026547E-03,-3.207512433E-03, 2.833333313E-01, 2.123390985E+02, 8.720417231E-06
      1196,-1.946726232E-03, 9.786853567E-03, 2.833333313E-01, 2.123390371E+02, 8.720417231E-06
      1197, 8.949524723E-03,-4.413417075E-03, 2.899999917E-01, 2.079222009E+02, 8.720417231E-06
      1198,-3.207512433E-03, 9.449026547E-03, 2.899999917E-01, 2.079221094E+02, 8.720417231E-06
      1199, 8.296893910E-03,-5.543807056E-03, 2.966666818E-01, 2.035071175E+02, 8.720417231E-06
      1200, 7.502300665E-03,-6.579341367E-03, 3.033333421E-01, 1.990931249E+02, 8.720417231E-06
      1201, 7.502300665E-03,-6.579341367E-03, 3.166666627E-01, 1.902666879E+02, 8.720417231E-06
      1202, 8.296893910E-03,-5.543807056E-03, 3.233333230E-01, 1.858531113E+02, 8.720417231E-06
      1203, 7.502300665E-03, 6.579340901E-03, 2.233333439E-01, 2.522487599E+02, 8.720417231E-06
      1204, 8.296893910E-03, 5.543807521E-03, 2.300000042E-01, 2.477931474E+02, 8.720417231E-06
      1205, 6.579341367E-03, 7.502300665E-03, 2.300000042E-01, 2.477931390E+02, 8.720417231E-06
      1206, 8.949524723E-03, 4.413417075E-03, 2.366666645E-01, 2.433442802E+02, 8.720417231E-06
      1207, 5.543807056E-03, 8.296893910E-03, 2.366666645E-01, 2.433442681E+02, 8.720417231E-06
      1208, 9.449026547E-03, 3.207512433E-03, 2.433333397E-01, 2.389016957E+02, 8.720417231E-06
      1209, 4.413417075E-03, 8.949524723E-03, 2.433333397E-01, 2.389016939E+02, 8.720417231E-06
      1210, 9.786853567E-03, 1.946726232E-03, 2.500000000E-01, 2.344646132E+02, 8.720417231E-06
      1211, 3.207512433E-03, 9.449026547E-03, 2.500000000E-01, 2.344646152E+02, 8.720417231E-06
      1212, 9.957224131E-03, 6.526309880E-04, 2.566666603E-01, 2.300322844E+02, 8.720417231E-06
      1213, 1.946726232E-03, 9.786853567E-03, 2.566666603E-01, 2.300322904E+02, 8.720417231E-06
      1214, 9.957224131E-03,-6.526309880E-04, 2.633333504E-01, 2.256042167E+02, 8.720417231E-06
      1215, 6.526309880E-04, 9.957224131E-03, 2.633333504E-01, 2.256042167E+02, 8.720417231E-06
      1216, 9.786853567E-03,-1.946726232E-03, 2.700000107E-01, 2.211796252E+02, 8.720417231E-06
      1217,-6.526309880E-04, 9.957224131E-03, 2.700000107E-01, 2.211796091E+02, 8.720417231E-06
      1218, 9.449026547E-03,-3.207512433E-03, 2.766666710E-01, 2.167579952E+02, 8.720417231E-06
      1219,-1.946726232E-03, 9.786853567E-03, 2.766666710E-01, 2.167579463E+02, 8.720417231E-06
      1220, 8.949524723E-03,-4.413417075E-03, 2.833333313E-01, 2.123391755E+02, 8.720417231E-06
      1221,-3.207512433E-03, 9.449026547E-03, 2.833333313E-01, 2.123390985E+02, 8.720417231E-06
      1222, 8.296893910E-03,-5.543807056E-03, 2.899999917E-01, 2.079222703E+02, 8.720417231E-06
      1223,-4.413417075E-03, 8.949524723E-03, 2.899999917E-01, 2.079222009E+02, 8.720417231E-06
      1224, 7.502300665E-03,-6.579341367E-03, 2.966666818E-01, 2.035071593E+02, 8.720417231E-06
      1225, 6.579340901E-03,-7.502300665E-03, 3.033333421E-01, 1.990931249E+02, 8.720417231E-06
      1226, 7.502300665E-03,-6.579341367E-03, 3.233333230E-01, 1.858531311E+02, 8.720417231E-06
      1227, 7.502300665E-03, 6.579340901E-03, 2.166666538E-01, 2.567117552E+02, 8.720417231E-06
      1228, 8.296893910E-03, 5.543807521E-03, 2.233333439E-01, 2.522487749E+02, 8.720417231E-06
      1229, 6.579341367E-03, 7.502300665E-03, 2.233333439E-01, 2.522487599E+02, 8.720417231E-06
      1230, 8.949524723E-03, 4.413417075E-03, 2.300000042E-01, 2.477931393E+02, 8.720417231E-06
      1231, 5.543807056E-03, 8.296893910E-03, 2.300000042E-01, 2.477931474E+02, 8.720417231E-06
      1232, 9.449026547E-03, 3.207512433E-03, 2.366666645E-01, 2.433442605E+02, 8.720417231E-06
      1233, 4.413417075E-03, 8.949524723E-03, 2.366666645E-01, 2.433442802E+02, 8.720417231E-06
      1234, 9.786853567E-03, 1.946726232E-03, 2.433333397E-01, 2.389016797E+02, 8.720417231E-06
      1235, 3.207512433E-03, 9.449026547E-03, 2.433333397E-01, 2.389016957E+02, 8.720417231E-06
      1236, 9.957224131E-03, 6.526309880E-04, 2.500000000E-01, 2.344646125E+02, 8.720417231E-06
      1237, 1.946726232E-03, 9.786853567E-03, 2.500000000E-01, 2.344646132E+02, 8.720417231E-06
      1238, 9.957224131E-03,-6.526309880E-04, 2.566666603E-01, 2.300322844E+02, 8.720417231E-06
      1239, 6.526309880E-04, 9.957224131E-03, 2.566666603E-01, 2.300322844E+02, 8.720417231E-06
      1240, 9.786853567E-03,-1.946726232E-03, 2.633333504E-01, 2.256042303E+02, 8.720417231E-06
      1241,-6.526309880E-04, 9.957224131E-03, 2.633333504E-01, 2.256042167E+02, 8.720417231E-06
      1242, 9.449026547E-03,-3.207512433E-03, 2.700000107E-01, 2.211796590E+02, 8.720417231E-06
      1243,-1.946726232E-03, 9.786853567E-03, 2.700000107E-01, 2.211796252E+02, 8.720417231E-06
      1244, 8.949524723E-03,-4.413417075E-03, 2.766666710E-01, 2.167580484E+02, 8.720417231E-06
      1245,-3.207512433E-03, 9.449026547E-03, 2.766666710E-01, 2.167579952E+02, 8.720417231E-06
      1246, 8.296893910E-03,-5.543807056E-03, 2.833333313E-01, 2.123392489E+02, 8.720417231E-06
      1247,-4.413417075E-03, 8.949524723E-03, 2.833333313E-01, 2.123391755E+02, 8.720417231E-06
      1248, 7.502300665E-03,-6.579341367E-03, 2.899999917E-01, 2.079223145E+02, 8.720417231E-06
      1249, 6.579340901E-03,-7.502300665E-03, 2.966666818E-01, 2.035071593E+02, 8.720417231E-06
      1250, 5.543807521E-03,-8.296893910E-03, 3.033333421E-01, 1.990930899E+02, 8.720417231E-06
      1251, 7.502300665E-03, 6.579340901E-03, 2.099999934E-01, 2.611819506E+02, 8.720417231E-06
      1252, 8.296893910E-03, 5.543807521E-03, 2.166666538E-01, 2.567117795E+02, 8.720417231E-06
      1253, 6.579341367E-03, 7.502300665E-03, 2.166666538E-01, 2.567117552E+02, 8.720417231E-06
      1254, 8.949524723E-03, 4.413417075E-03, 2.233333439E-01, 2.522487573E+02, 8.720417231E-06
      1255, 5.543807056E-03, 8.296893910E-03, 2.233333439E-01, 2.522487749E+02, 8.720417231E-06
      1256, 9.449026547E-03, 3.207512433E-03, 2.300000042E-01, 2.477930932E+02, 8.720417231E-06
      1257, 4.413417075E-03, 8.949524723E-03, 2.300000042E-01, 2.477931393E+02, 8.720417231E-06
      1258, 9.786853567E-03, 1.946726232E-03, 2.366666645E-01, 2.433442203E+02, 8.720417231E-06
      1259, 3.207512433E-03, 9.449026547E-03, 2.366666645E-01, 2.433442605E+02, 8.720417231E-06
      1260, 9.957224131E-03, 6.526309880E-04, 2.433333397E-01, 2.389016670E+02, 8.720417231E-06
      1261, 1.946726232E-03, 9.786853567E-03, 2.433333397E-01, 2.389016797E+02, 8.720417231E-06
      1262, 9.957224131E-03,-6.526309880E-04, 2.500000000E-01, 2.344646125E+02, 8.720417231E-06
      1263, 6.526309880E-04, 9.957224131E-03, 2.500000000E-01, 2.344646125E+02, 8.720417231E-06
      1264, 9.786853567E-03,-1.946726232E-03, 2.566666603E-01, 2.300322904E+02, 8.720417231E-06
      1265,-6.526309880E-04, 9.957224131E-03, 2.566666603E-01, 2.300322844E+02, 8.720417231E-06
      1266, 9.449026547E-03,-3.207512433E-03, 2.633333504E-01, 2.256042533E+02, 8.720417231E-06
      1267,-1.946726232E-03, 9.786853567E-03, 2.633333504E-01, 2.256042303E+02, 8.720417231E-06
      1268, 8.949524723E-03,-4.413417075E-03, 2.700000107E-01, 2.211797008E+02, 8.720417231E-06
      1269,-3.207512433E-03, 9.449026547E-03, 2.700000107E-01, 2.211796590E+02, 8.720417231E-06
      1270, 8.296893910E-03,-5.543807056E-03, 2.766666710E-01, 2.167581124E+02, 8.720417231E-06
      1271,-4.413417075E-03, 8.949524723E-03, 2.766666710E-01, 2.167580484E+02, 8.720417231E-06
      1272, 7.502300665E-03,-6.579341367E-03, 2.833333313E-01, 2.123392880E+02, 8.720417231E-06
      1273, 6.579340901E-03,-7.502300665E-03, 2.899999917E-01, 2.079223145E+02, 8.720417231E-06
      1274, 5.543807521E-03,-8.296893910E-03, 2.966666818E-01, 2.035071175E+02, 8.720417231E-06
      1275, 4.413417075E-03,-8.949524723E-03, 3.033333421E-01, 1.990930266E+02, 8.720417231E-06
      1276, 5.543807521E-03,-8.296893910E-03, 3.100000024E-01, 1.946797646E+02, 8.720417231E-06
      1277, 7.502300665E-03, 6.579340901E-03, 2.033333331E-01, 2.656591396E+02, 8.720417231E-06
      1278, 8.296893910E-03, 5.543807521E-03, 2.099999934E-01, 2.611819731E+02, 8.720417231E-06
      1279, 6.579341367E-03, 7.502300665E-03, 2.099999934E-01, 2.611819506E+02, 8.720417231E-06
      1280, 8.949524723E-03, 4.413417075E-03, 2.166666538E-01, 2.567117714E+02, 8.720417231E-06
      1281, 5.543807056E-03, 8.296893910E-03, 2.166666538E-01, 2.567117795E+02, 8.720417231E-06
      1282, 9.449026547E-03, 3.207512433E-03, 2.233333439E-01, 2.522487255E+02, 8.720417231E-06
      1283, 4.413417075E-03, 8.949524723E-03, 2.233333439E-01, 2.522487573E+02, 8.720417231E-06
      1284, 9.786853567E-03, 1.946726232E-03, 2.300000042E-01, 2.477930534E+02, 8.720417231E-06
      1285, 3.207512433E-03, 9.449026547E-03, 2.300000042E-01, 2.477930932E+02, 8.720417231E-06
      1286, 9.957224131E-03, 6.526309880E-04, 2.366666645E-01, 2.433441905E+02, 8.720417231E-06
      1287, 1.946726232E-03, 9.786853567E-03, 2.366666645E-01, 2.433442203E+02, 8.720417231E-06
      1288, 9.957224131E-03,-6.526309880E-04, 2.433333397E-01, 2.389016670E+02, 8.720417231E-06
      1289, 6.526309880E-04, 9.957224131E-03, 2.433333397E-01, 2.389016670E+02, 8.720417231E-06
      1290, 9.786853567E-03,-1.946726232E-03, 2.500000000E-01, 2.344646132E+02, 8.720417231E-06
      1291,-6.526309880E-04, 9.957224131E-03, 2.500000000E-01, 2.344646125E+02, 8.720417231E-06
      1292, 9.449026547E-03,-3.207512433E-03, 2.566666603E-01, 2.300322986E+02, 8.720417231E-06
      1293,-1.946726232E-03, 9.786853567E-03, 2.566666603E-01, 2.300322904E+02, 8.720417231E-06
      1294, 8.949524723E-03,-4.413417075E-03, 2.633333504E-01, 2.256042869E+02, 8.720417231E-06
      1295,-3.207512433E-03, 9.449026547E-03, 2.633333504E-01, 2.256042533E+02, 8.720417231E-06
      1296, 8.296893910E-03,-5.543807056E-03, 2.700000107E-01, 2.211797449E+02, 8.720417231E-06
      1297,-4.413417075E-03, 8.949524723E-03, 2.700000107E-01, 2.211797008E+02, 8.720417231E-06
      1298, 7.502300665E-03,-6.579341367E-03, 2.766666710E-01, 2.167581422E+02, 8.720417231E-06
      1299,-5.543807521E-03, 8.296893910E-03, 2.766666710E-01, 2.167581124E+02, 8.720417231E-06
      1300, 6.579340901E-03,-7.502300665E-03, 2.833333313E-01, 2.123392880E+02, 8.720417231E-06
      1301, 5.543807521E-03,-8.296893910E-03, 2.899999917E-01, 2.079222703E+02, 8.720417231E-06
      1302, 4.413417075E-03,-8.949524723E-03, 2.966666818E-01, 2.035070516E+02, 8.720417231E-06
      1303, 4.413417075E-03,-8.949524723E-03, 3.100000024E-01, 1.946797163E+02, 8.720417231E-06
      1304, 7.502300665E-03, 6.579340901E-03, 1.966666728E-01, 2.701454238E+02, 8.720417231E-06
      1305, 8.296893910E-03, 5.543807521E-03, 2.033333331E-01, 2.656591650E+02, 8.720417231E-06
      1306, 6.579341367E-03, 7.502300665E-03, 2.033333331E-01, 2.656591396E+02, 8.720417231E-06
      1307, 8.949524723E-03, 4.413417075E-03, 2.099999934E-01, 2.611820002E+02, 8.720417231E-06
      1308, 5.543807056E-03, 8.296893910E-03, 2.099999934E-01, 2.611819731E+02, 8.720417231E-06
      1309, 9.449026547E-03, 3.207512433E-03, 2.166666538E-01, 2.567117759E+02, 8.720417231E-06
      1310, 4.413417075E-03, 8.949524723E-03, 2.166666538E-01, 2.567117714E+02, 8.720417231E-06
      1311, 9.786853567E-03, 1.946726232E-03, 2.233333439E-01, 2.522486969E+02, 8.720417231E-06
      1312, 3.207512433E-03, 9.449026547E-03, 2.233333439E-01, 2.522487255E+02, 8.720417231E-06
      1313, 9.957224131E-03, 6.526309880E-04, 2.300000042E-01, 2.477930215E+02, 8.720417231E-06
      1314, 1.946726232E-03, 9.786853567E-03, 2.300000042E-01, 2.477930534E+02, 8.720417231E-06
      1315, 9.957224131E-03,-6.526309880E-04, 2.366666645E-01, 2.433441905E+02, 8.720417231E-06
      1316, 6.526309880E-04, 9.957224131E-03, 2.366666645E-01, 2.433441905E+02, 8.720417231E-06
      1317, 9.786853567E-03,-1.946726232E-03, 2.433333397E-01, 2.389016797E+02, 8.720417231E-06
      1318,-6.526309880E-04, 9.957224131E-03, 2.433333397E-01, 2.389016670E+02, 8.720417231E-06
      1319, 9.449026547E-03,-3.207512433E-03, 2.500000000E-01, 2.344646152E+02, 8.720417231E-06
      1320,-1.946726232E-03, 9.786853567E-03, 2.500000000E-01, 2.344646132E+02, 8.720417231E-06
      1321, 8.949524723E-03,-4.413417075E-03, 2.566666603E-01, 2.300323135E+02, 8.720417231E-06
      1322,-3.207512433E-03, 9.449026547E-03, 2.566666603E-01, 2.300322986E+02, 8.720417231E-06
      1323, 8.296893910E-03,-5.543807056E-03, 2.633333504E-01, 2.256043101E+02, 8.720417231E-06
      1324,-4.413417075E-03, 8.949524723E-03, 2.633333504E-01, 2.256042869E+02, 8.720417231E-06
      1325, 7.502300665E-03,-6.579341367E-03, 2.700000107E-01, 2.211797676E+02, 8.720417231E-06
      1326,-5.543807521E-03, 8.296893910E-03, 2.700000107E-01, 2.211797449E+02, 8.720417231E-06
      1327, 6.579340901E-03,-7.502300665E-03, 2.766666710E-01, 2.167581422E+02, 8.720417231E-06
      1328,-6.579340901E-03, 7.502300665E-03, 2.766666710E-01, 2.167581422E+02, 8.720417231E-06
      1329, 5.543807521E-03,-8.296893910E-03, 2.833333313E-01, 2.123392489E+02, 8.720417231E-06
      1330, 4.413417075E-03,-8.949524723E-03, 2.899999917E-01, 2.079222009E+02, 8.720417231E-06
      1331, 3.207512433E-03,-9.449026547E-03, 2.966666818E-01, 2.035069610E+02, 8.720417231E-06
      1332, 7.502300665E-03, 6.579340901E-03, 1.899999976E-01, 2.746414361E+02, 8.720417231E-06
      1333, 8.296893910E-03, 5.543807521E-03, 1.966666728E-01, 2.701454775E+02, 8.720417231E-06
      1334, 6.579341367E-03, 7.502300665E-03, 1.966666728E-01, 2.701454238E+02, 8.720417231E-06
      1335, 8.949524723E-03, 4.413417075E-03, 2.033333331E-01, 2.656592135E+02, 8.720417231E-06
      1336, 5.543807056E-03, 8.296893910E-03, 2.033333331E-01, 2.656591650E+02, 8.720417231E-06
      1337, 9.449026547E-03, 3.207512433E-03, 2.099999934E-01, 2.611820318E+02, 8.720417231E-06
      1338, 4.413417075E-03, 8.949524723E-03, 2.099999934E-01, 2.611820002E+02, 8.720417231E-06
      1339, 9.786853567E-03, 1.946726232E-03, 2.166666538E-01, 2.567117701E+02, 8.720417231E-06
      1340, 3.207512433E-03, 9.449026547E-03, 2.166666538E-01, 2.567117759E+02, 8.720417231E-06
      1341, 9.957224131E-03, 6.526309880E-04, 2.233333439E-01, 2.522486741E+02, 8.720417231E-06
      1342, 1.946726232E-03, 9.786853567E-03, 2.233333439E-01, 2.522486969E+02, 8.720417231E-06
      1343, 9.957224131E-03,-6.526309880E-04, 2.300000042E-01, 2.477930215E+02, 8.720417231E-06
      1344, 6.526309880E-04, 9.957224131E-03, 2.300000042E-01, 2.477930215E+02, 8.720417231E-06
      1345, 9.786853567E-03,-1.946726232E-03, 2.366666645E-01, 2.433442203E+02, 8.720417231E-06
      1346,-6.526309880E-04, 9.957224131E-03, 2.366666645E-01, 2.433441905E+02, 8.720417231E-06
      1347, 9.449026547E-03,-3.207512433E-03, 2.433333397E-01, 2.389016957E+02, 8.720417231E-06
      1348,-1.946726232E-03, 9.786853567E-03, 2.433333397E-01, 2.389016797E+02, 8.720417231E-06
      1349, 8.949524723E-03,-4.413417075E-03, 2.500000000E-01, 2.344646176E+02, 8.720417231E-06
      1350,-3.207512433E-03, 9.449026547E-03, 2.500000000E-01, 2.344646152E+02, 8.720417231E-06
      1351, 8.296893910E-03,-5.543807056E-03, 2.566666603E-01, 2.300323187E+02, 8.720417231E-06
      1352,-4.413417075E-03, 8.949524723E-03, 2.566666603E-01, 2.300323135E+02, 8.720417231E-06
      1353, 7.502300665E-03,-6.579341367E-03, 2.633333504E-01, 2.256043242E+02, 8.720417231E-06
      1354,-5.543807521E-03, 8.296893910E-03, 2.633333504E-01, 2.256043101E+02, 8.720417231E-06
      1355, 6.579340901E-03,-7.502300665E-03, 2.700000107E-01, 2.211797676E+02, 8.720417231E-06
      1356,-6.579340901E-03, 7.502300665E-03, 2.700000107E-01, 2.211797676E+02, 8.720417231E-06
      1357, 5.543807521E-03,-8.296893910E-03, 2.766666710E-01, 2.167581124E+02, 8.720417231E-06
      1358,-7.502300665E-03, 6.579341367E-03, 2.766666710E-01, 2.167581422E+02, 8.720417231E-06
      1359, 4.413417075E-03,-8.949524723E-03, 2.833333313E-01, 2.123391755E+02, 8.720417231E-06
      1360, 3.207512433E-03,-9.449026547E-03, 2.899999917E-01, 2.079221094E+02, 8.720417231E-06
      1361, 1.946726232E-03,-9.786853567E-03, 2.966666818E-01, 2.035068937E+02, 8.720417231E-06
      1362, 7.502300665E-03, 6.579340901E-03, 1.833333373E-01, 2.791470374E+02, 8.720417231E-06
      1363, 8.296893910E-03, 5.543807521E-03, 1.899999976E-01, 2.746414579E+02, 8.720417231E-06
      1364, 6.579341367E-03, 7.502300665E-03, 1.899999976E-01, 2.746414361E+02, 8.720417231E-06
      1365, 8.949524723E-03, 4.413417075E-03, 1.966666728E-01, 2.701455422E+02, 8.720417231E-06
      1366, 5.543807056E-03, 8.296893910E-03, 1.966666728E-01, 2.701454775E+02, 8.720417231E-06
      1367, 9.449026547E-03, 3.207512433E-03, 2.033333331E-01, 2.656592494E+02, 8.720417231E-06
      1368, 4.413417075E-03, 8.949524723E-03, 2.033333331E-01, 2.656592135E+02, 8.720417231E-06
      1369, 9.786853567E-03, 1.946726232E-03, 2.099999934E-01, 2.611820585E+02, 8.720417231E-06
      1370, 3.207512433E-03, 9.449026547E-03, 2.099999934E-01, 2.611820318E+02, 8.720417231E-06
      1371, 9.957224131E-03, 6.526309880E-04, 2.166666538E-01, 2.567117678E+02, 8.720417231E-06
      1372, 1.946726232E-03, 9.786853567E-03, 2.166666538E-01, 2.567117701E+02, 8.720417231E-06
      1373, 9.957224131E-03,-6.526309880E-04, 2.233333439E-01, 2.522486741E+02, 8.720417231E-06
      1374, 6.526309880E-04, 9.957224131E-03, 2.233333439E-01, 2.522486741E+02, 8.720417231E-06
      1375, 9.786853567E-03,-1.946726232E-03, 2.300000042E-01, 2.477930534E+02, 8.720417231E-06
      1376,-6.526309880E-04, 9.957224131E-03, 2.300000042E-01, 2.477930215E+02, 8.720417231E-06
      1377, 9.449026547E-03,-3.207512433E-03, 2.366666645E-01, 2.433442605E+02, 8.720417231E-06
      1378,-1.946726232E-03, 9.786853567E-03, 2.366666645E-01, 2.433442203E+02, 8.720417231E-06
      1379, 8.949524723E-03,-4.413417075E-03, 2.433333397E-01, 2.389016939E+02, 8.720417231E-06
      1380,-3.207512433E-03, 9.449026547E-03, 2.433333397E-01, 2.389016957E+02, 8.720417231E-06
      1381, 8.296893910E-03,-5.543807056E-03, 2.500000000E-01, 2.344646146E+02, 8.720417231E-06
      1382,-4.413417075E-03, 8.949524723E-03, 2.500000000E-01, 2.344646176E+02, 8.720417231E-06
      1383, 7.502300665E-03,-6.579341367E-03, 2.566666603E-01, 2.300323223E+02, 8.720417231E-06
      1384,-5.543807521E-03, 8.296893910E-03, 2.566666603E-01, 2.300323187E+02, 8.720417231E-06
      1385, 6.579340901E-03,-7.502300665E-03, 2.633333504E-01, 2.256043242E+02, 8.720417231E-06
      1386,-6.579340901E-03, 7.502300665E-03, 2.633333504E-01, 2.256043242E+02, 8.720417231E-06
      1387, 5.543807521E-03,-8.296893910E-03, 2.700000107E-01, 2.211797449E+02, 8.720417231E-06
      1388,-7.502300665E-03, 6.579341367E-03, 2.700000107E-01, 2.211797676E+02, 8.720417231E-06
      1389, 4.413417075E-03,-8.949524723E-03, 2.766666710E-01, 2.167580484E+02, 8.720417231E-06
      1390,-8.296893910E-03, 5.543807056E-03, 2.766666710E-01, 2.167581124E+02, 8.720417231E-06
      1391, 3.207512433E-03,-9.449026547E-03, 2.833333313E-01, 2.123390985E+02, 8.720417231E-06
      1392, 1.946726232E-03,-9.786853567E-03, 2.899999917E-01, 2.079220458E+02, 8.720417231E-06
      1393, 6.526309880E-04,-9.957224131E-03, 2.966666818E-01, 2.035068530E+02, 8.720417231E-06
      1394, 7.502300665E-03, 6.579340901E-03, 1.766666770E-01, 2.836663284E+02, 8.720417231E-06
      1395, 8.296893910E-03, 5.543807521E-03, 1.833333373E-01, 2.791470527E+02, 8.720417231E-06
      1396, 6.579341367E-03, 7.502300665E-03, 1.833333373E-01, 2.791470374E+02, 8.720417231E-06
      1397, 8.949524723E-03, 4.413417075E-03, 1.899999976E-01, 2.746414542E+02, 8.720417231E-06
      1398, 5.543807056E-03, 8.296893910E-03, 1.899999976E-01, 2.746414579E+02, 8.720417231E-06
      1399, 9.449026547E-03, 3.207512433E-03, 1.966666728E-01, 2.701455922E+02, 8.720417231E-06
      1400, 4.413417075E-03, 8.949524723E-03, 1.966666728E-01, 2.701455422E+02, 8.720417231E-06
      1401, 9.786853567E-03, 1.946726232E-03, 2.033333331E-01, 2.656592727E+02, 8.720417231E-06
      1402, 3.207512433E-03, 9.449026547E-03, 2.033333331E-01, 2.656592494E+02, 8.720417231E-06
      1403, 9.957224131E-03, 6.526309880E-04, 2.099999934E-01, 2.611820707E+02, 8.720417231E-06
      1404, 1.946726232E-03, 9.786853567E-03, 2.099999934E-01, 2.611820585E+02, 8.720417231E-06
      1405, 9.957224131E-03,-6.526309880E-04, 2.166666538E-01, 2.567117678E+02, 8.720417231E-06
      1406, 6.526309880E-04, 9.957224131E-03, 2.166666538E-01, 2.567117678E+02, 8.720417231E-06
      1407, 9.786853567E-03,-1.946726232E-03, 2.233333439E-01, 2.522486969E+02, 8.720417231E-06
      1408,-6.526309880E-04, 9.957224131E-03, 2.233333439E-01, 2.522486741E+02, 8.720417231E-06
      1409, 9.449026547E-03,-3.207512433E-03, 2.300000042E-01, 2.477930932E+02, 8.720417231E-06
      1410,-1.946726232E-03, 9.786853567E-03, 2.300000042E-01, 2.477930534E+02, 8.720417231E-06
      1411, 8.949524723E-03,-4.413417075E-03, 2.366666645E-01, 2.433442802E+02, 8.720417231E-06
      1412,-3.207512433E-03, 9.449026547E-03, 2.366666645E-01, 2.433442605E+02, 8.720417231E-06
      1413, 8.296893910E-03,-5.543807056E-03, 2.433333397E-01, 2.389016795E+02, 8.720417231E-06
      1414,-4.413417075E-03, 8.949524723E-03, 2.433333397E-01, 2.389016939E+02, 8.720417231E-06
      1415, 7.502300665E-03,-6.579341367E-03, 2.500000000E-01, 2.344646102E+02, 8.720417231E-06
      1416,-5.543807521E-03, 8.296893910E-03, 2.500000000E-01, 2.344646146E+02, 8.720417231E-06
      1417, 6.579340901E-03,-7.502300665E-03, 2.566666603E-01, 2.300323223E+02, 8.720417231E-06
      1418,-6.579340901E-03, 7.502300665E-03, 2.566666603E-01, 2.300323223E+02, 8.720417231E-06
      1419, 5.543807521E-03,-8.296893910E-03, 2.633333504E-01, 2.256043101E+02, 8.720417231E-06
      1420,-7.502300665E-03, 6.579341367E-03, 2.633333504E-01, 2.256043242E+02, 8.720417231E-06
      1421, 4.413417075E-03,-8.949524723E-03, 2.700000107E-01, 2.211797008E+02, 8.720417231E-06
      1422,-8.296893910E-03, 5.543807056E-03, 2.700000107E-01, 2.211797449E+02, 8.720417231E-06
      1423, 3.207512433E-03,-9.449026547E-03, 2.766666710E-01, 2.167579952E+02, 8.720417231E-06
      1424, 1.946726232E-03,-9.786853567E-03, 2.833333313E-01, 2.123390371E+02, 8.720417231E-06
      1425, 6.526309880E-04,-9.957224131E-03, 2.899999917E-01, 2.079220070E+02, 8.720417231E-06
      1426,-6.526309880E-04,-9.957224131E-03, 2.966666818E-01, 2.035068530E+02, 8.720417231E-06
      1427, 7.502300665E-03, 6.579340901E-03, 1.700000018E-01, 2.881995709E+02, 8.720417231E-06
      1428, 6.579341367E-03, 7.502300665E-03, 1.766666770E-01, 2.836663284E+02, 8.720417231E-06
      1429, 8.949524723E-03, 4.413417075E-03, 1.833333373E-01, 2.791470481E+02, 8.720417231E-06
      1430, 5.543807056E-03, 8.296893910E-03, 1.833333373E-01, 2.791470527E+02, 8.720417231E-06
      1431, 9.449026547E-03, 3.207512433E-03, 1.899999976E-01, 2.746414176E+02, 8.720417231E-06
      1432, 4.413417075E-03, 8.949524723E-03, 1.899999976E-01, 2.746414542E+02, 8.720417231E-06
      1433, 9.786853567E-03, 1.946726232E-03, 1.966666728E-01, 2.701456108E+02, 8.720417231E-06
      1434, 3.207512433E-03, 9.449026547E-03, 1.966666728E-01, 2.701455922E+02, 8.720417231E-06
      1435, 9.957224131E-03, 6.526309880E-04, 2.033333331E-01, 2.656592754E+02, 8.720417231E-06
      1436, 1.946726232E-03, 9.786853567E-03, 2.033333331E-01, 2.656592727E+02, 8.720417231E-06
      1437, 9.957224131E-03,-6.526309880E-04, 2.099999934E-01, 2.611820707E+02, 8.720417231E-06
      1438, 6.526309880E-04, 9.957224131E-03, 2.099999934E-01, 2.611820707E+02, 8.720417231E-06
      1439, 9.786853567E-03,-1.946726232E-03, 2.166666538E-01, 2.567117701E+02, 8.720417231E-06
      1440,-6.526309880E-04, 9.957224131E-03, 2.166666538E-01, 2.567117678E+02, 8.720417231E-06
      1441, 9.449026547E-03,-3.207512433E-03, 2.233333439E-01, 2.522487255E+02, 8.720417231E-06
      1442,-1.946726232E-03, 9.786853567E-03, 2.233333439E-01, 2.522486969E+02, 8.720417231E-06
      1443, 8.949524723E-03,-4.413417075E-03, 2.300000042E-01, 2.477931393E+02, 8.720417231E-06
      1444,-3.207512433E-03, 9.449026547E-03, 2.300000042E-01, 2.477930932E+02, 8.720417231E-06
      1445, 8.296893910E-03,-5.543807056E-03, 2.366666645E-01, 2.433442681E+02, 8.720417231E-06
      1446,-4.413417075E-03, 8.949524723E-03, 2.366666645E-01, 2.433442802E+02, 8.720417231E-06
      1447, 7.502300665E-03,-6.579341367E-03, 2.433333397E-01, 2.389016585E+02, 8.720417231E-06
      1448,-5.543807521E-03, 8.296893910E-03, 2.433333397E-01, 2.389016795E+02, 8.720417231E-06
      1449, 6.579340901E-03,-7.502300665E-03, 2.500000000E-01, 2.344646102E+02, 8.720417231E-06
      1450,-6.579340901E-03, 7.502300665E-03, 2.500000000E-01, 2.344646102E+02, 8.720417231E-06
      1451, 5.543807521E-03,-8.296893910E-03, 2.566666603E-01, 2.300323187E+02, 8.720417231E-06
      1452,-7.502300665E-03, 6.579341367E-03, 2.566666603E-01, 2.300323223E+02, 8.720417231E-06
      1453, 4.413417075E-03,-8.949524723E-03, 2.633333504E-01, 2.256042869E+02, 8.720417231E-06
      1454,-8.296893910E-03, 5.543807056E-03, 2.633333504E-01, 2.256043101E+02, 8.720417231E-06
      1455, 3.207512433E-03,-9.449026547E-03, 2.700000107E-01, 2.211796590E+02, 8.720417231E-06
      1456,-8.949524723E-03, 4.413417075E-03, 2.700000107E-01, 2.211797008E+02, 8.720417231E-06
      1457, 1.946726232E-03,-9.786853567E-03, 2.766666710E-01, 2.167579463E+02, 8.720417231E-06
      1458, 6.526309880E-04,-9.957224131E-03, 2.833333313E-01, 2.123390053E+02, 8.720417231E-06
      1459,-6.526309880E-04,-9.957224131E-03, 2.899999917E-01, 2.079220070E+02, 8.720417231E-06
      1460,-1.946726232E-03,-9.786853567E-03, 2.966666818E-01, 2.035068937E+02, 8.720417231E-06
      1461, 7.502300665E-03, 6.579340901E-03, 1.633333415E-01, 2.927487770E+02, 8.720417231E-06
      1462, 8.296893910E-03, 5.543807521E-03, 1.700000018E-01, 2.881995751E+02, 8.720417231E-06
      1463, 6.579341367E-03, 7.502300665E-03, 1.700000018E-01, 2.881995709E+02, 8.720417231E-06
      1464, 5.543807056E-03, 8.296893910E-03, 1.766666770E-01, 2.836663255E+02, 8.720417231E-06
      1465, 9.449026547E-03, 3.207512433E-03, 1.833333373E-01, 2.791469953E+02, 8.720417231E-06
      1466, 4.413417075E-03, 8.949524723E-03, 1.833333373E-01, 2.791470481E+02, 8.720417231E-06
      1467, 9.786853567E-03, 1.946726232E-03, 1.899999976E-01, 2.746413446E+02, 8.720417231E-06
      1468, 3.207512433E-03, 9.449026547E-03, 1.899999976E-01, 2.746414176E+02, 8.720417231E-06
      1469, 9.957224131E-03, 6.526309880E-04, 1.966666728E-01, 2.701456187E+02, 8.720417231E-06
      1470, 1.946726232E-03, 9.786853567E-03, 1.966666728E-01, 2.701456108E+02, 8.720417231E-06
      1471, 9.957224131E-03,-6.526309880E-04, 2.033333331E-01, 2.656592754E+02, 8.720417231E-06
      1472, 6.526309880E-04, 9.957224131E-03, 2.033333331E-01, 2.656592754E+02, 8.720417231E-06
      1473, 9.786853567E-03,-1.946726232E-03, 2.099999934E-01, 2.611820585E+02, 8.720417231E-06
      1474,-6.526309880E-04, 9.957224131E-03, 2.099999934E-01, 2.611820707E+02, 8.720417231E-06
      1475, 9.449026547E-03,-3.207512433E-03, 2.166666538E-01, 2.567117759E+02, 8.720417231E-06
      1476,-1.946726232E-03, 9.786853567E-03, 2.166666538E-01, 2.567117701E+02, 8.720417231E-06
      1477, 8.949524723E-03,-4.413417075E-03, 2.233333439E-01, 2.522487573E+02, 8.720417231E-06
      1478,-3.207512433E-03, 9.449026547E-03, 2.233333439E-01, 2.522487255E+02, 8.720417231E-06
      1479, 8.296893910E-03,-5.543807056E-03, 2.300000042E-01, 2.477931474E+02, 8.720417231E-06
      1480,-4.413417075E-03, 8.949524723E-03, 2.300000042E-01, 2.477931393E+02, 8.720417231E-06
      1481, 7.502300665E-03,-6.579341367E-03, 2.366666645E-01, 2.433442458E+02, 8.720417231E-06
      1482,-5.543807521E-03, 8.296893910E-03, 2.366666645E-01, 2.433442681E+02, 8.720417231E-06
      1483, 6.579340901E-03,-7.502300665E-03, 2.433333397E-01, 2.389016585E+02, 8.720417231E-06
      1484,-6.579340901E-03, 7.502300665E-03, 2.433333397E-01, 2.389016585E+02, 8.720417231E-06
      1485, 5.543807521E-03,-8.296893910E-03, 2.500000000E-01, 2.344646146E+02, 8.720417231E-06
      1486,-7.502300665E-03, 6.579341367E-03, 2.500000000E-01, 2.344646102E+02, 8.720417231E-06
      1487, 4.413417075E-03,-8.949524723E-03, 2.566666603E-01, 2.300323135E+02, 8.720417231E-06
      1488,-8.296893910E-03, 5.543807056E-03, 2.566666603E-01, 2.300323187E+02, 8.720417231E-06
      1489, 3.207512433E-03,-9.449026547E-03, 2.633333504E-01, 2.256042533E+02, 8.720417231E-06
      1490,-8.949524723E-03, 4.413417075E-03, 2.633333504E-01, 2.256042869E+02, 8.720417231E-06
      1491, 1.946726232E-03,-9.786853567E-03, 2.700000107E-01, 2.211796252E+02, 8.720417231E-06
      1492,-9.449026547E-03, 3.207512433E-03, 2.700000107E-01, 2.211796590E+02, 8.720417231E-06
      1493, 6.526309880E-04,-9.957224131E-03, 2.766666710E-01, 2.167579246E+02, 8.720417231E-06
      1494,-6.526309880E-04,-9.957224131E-03, 2.833333313E-01, 2.123390053E+02, 8.720417231E-06
      1495,-1.946726232E-03,-9.786853567E-03, 2.899999917E-01, 2.079220458E+02, 8.720417231E-06
      1496,-3.207512433E-03,-9.449026547E-03, 2.966666818E-01, 2.035069610E+02, 8.720417231E-06
      1497,-1.946726232E-03,-9.786853567E-03, 3.033333421E-01, 1.990928826E+02, 8.720417231E-06
      1498, 7.502300665E-03, 6.579340901E-03, 1.566666663E-01, 2.973142176E+02, 8.720417231E-06
      1499, 8.296893910E-03, 5.543807521E-03, 1.633333415E-01, 2.927487756E+02, 8.720417231E-06
      1500, 6.579341367E-03, 7.502300665E-03, 1.633333415E-01, 2.927487770E+02, 8.720417231E-06
      1501, 8.949524723E-03, 4.413417075E-03, 1.700000018E-01, 2.881995222E+02, 8.720417231E-06
      1502, 5.543807056E-03, 8.296893910E-03, 1.700000018E-01, 2.881995751E+02, 8.720417231E-06
      1503, 4.413417075E-03, 8.949524723E-03, 1.766666770E-01, 2.836662708E+02, 8.720417231E-06
      1504, 9.449026547E-03, 3.207512433E-03, 1.766666770E-01, 2.836661950E+02, 8.720417231E-06
      1505, 9.786853567E-03, 1.946726232E-03, 1.833333373E-01, 2.791469293E+02, 8.720417231E-06
      1506, 3.207512433E-03, 9.449026547E-03, 1.833333373E-01, 2.791469953E+02, 8.720417231E-06
      1507, 9.957224131E-03, 6.526309880E-04, 1.899999976E-01, 2.746413127E+02, 8.720417231E-06
      1508, 1.946726232E-03, 9.786853567E-03, 1.899999976E-01, 2.746413446E+02, 8.720417231E-06
      1509, 9.957224131E-03,-6.526309880E-04, 1.966666728E-01, 2.701456187E+02, 8.720417231E-06
      1510, 6.526309880E-04, 9.957224131E-03, 1.966666728E-01, 2.701456187E+02, 8.720417231E-06
      1511, 9.786853567E-03,-1.946726232E-03, 2.033333331E-01, 2.656592727E+02, 8.720417231E-06
      1512,-6.526309880E-04, 9.957224131E-03, 2.033333331E-01, 2.656592754E+02, 8.720417231E-06
      1513, 9.449026547E-03,-3.207512433E-03, 2.099999934E-01, 2.611820318E+02, 8.720417231E-06
      1514,-1.946726232E-03, 9.786853567E-03, 2.099999934E-01, 2.611820585E+02, 8.720417231E-06
      1515, 8.949524723E-03,-4.413417075E-03, 2.166666538E-01, 2.567117714E+02, 8.720417231E-06
      1516,-3.207512433E-03, 9.449026547E-03, 2.166666538E-01, 2.567117759E+02, 8.720417231E-06
      1517, 8.296893910E-03,-5.543807056E-03, 2.233333439E-01, 2.522487749E+02, 8.720417231E-06
      1518,-4.413417075E-03, 8.949524723E-03, 2.233333439E-01, 2.522487573E+02, 8.720417231E-06
      1519, 7.502300665E-03,-6.579341367E-03, 2.300000042E-01, 2.477931390E+02, 8.720417231E-06
      1520,-5.543807521E-03, 8.296893910E-03, 2.300000042E-01, 2.477931474E+02, 8.720417231E-06
      1521, 6.579340901E-03,-7.502300665E-03, 2.366666645E-01, 2.433442458E+02, 8.720417231E-06
      1522,-6.579340901E-03, 7.502300665E-03, 2.366666645E-01, 2.433442458E+02, 8.720417231E-06
      1523, 5.543807521E-03,-8.296893910E-03, 2.433333397E-01, 2.389016795E+02, 8.720417231E-06
      1524,-7.502300665E-03, 6.579341367E-03, 2.433333397E-01, 2.389016585E+02, 8.720417231E-06
      1525, 4.413417075E-03,-8.949524723E-03, 2.500000000E-01, 2.344646176E+02, 8.720417231E-06
      1526,-8.296893910E-03, 5.543807056E-03, 2.500000000E-01, 2.344646146E+02, 8.720417231E-06
      1527, 3.207512433E-03,-9.449026547E-03, 2.566666603E-01, 2.300322986E+02, 8.720417231E-06
      1528,-8.949524723E-03, 4.413417075E-03, 2.566666603E-01, 2.300323135E+02, 8.720417231E-06
      1529, 1.946726232E-03,-9.786853567E-03, 2.633333504E-01, 2.256042303E+02, 8.720417231E-06
      1530,-9.449026547E-03, 3.207512433E-03, 2.633333504E-01, 2.256042533E+02, 8.720417231E-06
      1531, 6.526309880E-04,-9.957224131E-03, 2.700000107E-01, 2.211796091E+02, 8.720417231E-06
      1532,-9.786853567E-03, 1.946726232E-03, 2.700000107E-01, 2.211796252E+02, 8.720417231E-06
      1533,-6.526309880E-04,-9.957224131E-03, 2.766666710E-01, 2.167579246E+02, 8.720417231E-06
      1534,-1.946726232E-03,-9.786853567E-03, 2.833333313E-01, 2.123390371E+02, 8.720417231E-06
      1535,-3.207512433E-03,-9.449026547E-03, 2.899999917E-01, 2.079221094E+02, 8.720417231E-06
      1536,-4.413417075E-03,-8.949524723E-03, 2.966666818E-01, 2.035070516E+02, 8.720417231E-06
      1537,-3.207512433E-03,-9.449026547E-03, 3.033333421E-01, 1.990929488E+02, 8.720417231E-06
      1538, 6.579341367E-03, 7.502300665E-03, 1.566666663E-01, 2.973142176E+02, 8.720417231E-06
      1539, 8.949524723E-03, 4.413417075E-03, 1.633333415E-01, 2.927488148E+02, 8.720417231E-06
      1540, 5.543807056E-03, 8.296893910E-03, 1.633333415E-01, 2.927487756E+02, 8.720417231E-06
      1541, 9.449026547E-03, 3.207512433E-03, 1.700000018E-01, 2.881995040E+02, 8.720417231E-06
      1542, 4.413417075E-03, 8.949524723E-03, 1.700000018E-01, 2.881995222E+02, 8.720417231E-06
      1543, 3.207512433E-03, 9.449026547E-03, 1.766666770E-01, 2.836661950E+02, 8.720417231E-06
      1544, 9.786853567E-03, 1.946726232E-03, 1.766666770E-01, 2.836661293E+02, 8.720417231E-06
      1545, 9.957224131E-03, 6.526309880E-04, 1.833333373E-01, 2.791469080E+02, 8.720417231E-06
      1546, 1.946726232E-03, 9.786853567E-03, 1.833333373E-01, 2.791469293E+02, 8.720417231E-06
      1547, 9.957224131E-03,-6.526309880E-04, 1.899999976E-01, 2.746413127E+02, 8.720417231E-06
      1548, 6.526309880E-04, 9.957224131E-03, 1.899999976E-01, 2.746413127E+02, 8.720417231E-06
      1549, 9.786853567E-03,-1.946726232E-03, 1.966666728E-01, 2.701456108E+02, 8.720417231E-06
      1550,-6.526309880E-04, 9.957224131E-03, 1.966666728E-01, 2.701456187E+02, 8.720417231E-06
      1551, 9.449026547E-03,-3.207512433E-03, 2.033333331E-01, 2.656592494E+02, 8.720417231E-06
      1552,-1.946726232E-03, 9.786853567E-03, 2.033333331E-01, 2.656592727E+02, 8.720417231E-06
      1553, 8.949524723E-03,-4.413417075E-03, 2.099999934E-01, 2.611820002E+02, 8.720417231E-06
      1554,-3.207512433E-03, 9.449026547E-03, 2.099999934E-01, 2.611820318E+02, 8.720417231E-06
      1555, 8.296893910E-03,-5.543807056E-03, 2.166666538E-01, 2.567117795E+02, 8.720417231E-06
      1556,-4.413417075E-03, 8.949524723E-03, 2.166666538E-01, 2.567117714E+02, 8.720417231E-06
      1557, 7.502300665E-03,-6.579341367E-03, 2.233333439E-01, 2.522487599E+02, 8.720417231E-06
      1558,-5.543807521E-03, 8.296893910E-03, 2.233333439E-01, 2.522487749E+02, 8.720417231E-06
      1559, 6.579340901E-03,-7.502300665E-03, 2.300000042E-01, 2.477931390E+02, 8.720417231E-06
      1560,-6.579340901E-03, 7.502300665E-03, 2.300000042E-01, 2.477931390E+02, 8.720417231E-06
      1561, 5.543807521E-03,-8.296893910E-03, 2.366666645E-01, 2.433442681E+02, 8.720417231E-06
      1562,-7.502300665E-03, 6.579341367E-03, 2.366666645E-01, 2.433442458E+02, 8.720417231E-06
      1563, 4.413417075E-03,-8.949524723E-03, 2.433333397E-01, 2.389016939E+02, 8.720417231E-06
      1564,-8.296893910E-03, 5.543807056E-03, 2.433333397E-01, 2.389016795E+02, 8.720417231E-06
      1565, 3.207512433E-03,-9.449026547E-03, 2.500000000E-01, 2.344646152E+02, 8.720417231E-06
      1566,-8.949524723E-03, 4.413417075E-03, 2.500000000E-01, 2.344646176E+02, 8.720417231E-06
      1567, 1.946726232E-03,-9.786853567E-03, 2.566666603E-01, 2.300322904E+02, 8.720417231E-06
      1568,-9.449026547E-03, 3.207512433E-03, 2.566666603E-01, 2.300322986E+02, 8.720417231E-06
      1569, 6.526309880E-04,-9.957224131E-03, 2.633333504E-01, 2.256042167E+02, 8.720417231E-06
      1570,-9.786853567E-03, 1.946726232E-03, 2.633333504E-01, 2.256042303E+02, 8.720417231E-06
      1571,-6.526309880E-04,-9.957224131E-03, 2.700000107E-01, 2.211796091E+02, 8.720417231E-06
      1572,-9.957224131E-03, 6.526309880E-04, 2.700000107E-01, 2.211796091E+02, 8.720417231E-06
      1573,-1.946726232E-03,-9.786853567E-03, 2.766666710E-01, 2.167579463E+02, 8.720417231E-06
      1574,-3.207512433E-03,-9.449026547E-03, 2.833333313E-01, 2.123390985E+02, 8.720417231E-06
      1575,-4.413417075E-03,-8.949524723E-03, 2.899999917E-01, 2.079222009E+02, 8.720417231E-06
      1576,-5.543807056E-03,-8.296893910E-03, 2.966666818E-01, 2.035071175E+02, 8.720417231E-06
      1577,-4.413417075E-03,-8.949524723E-03, 3.033333421E-01, 1.990930266E+02, 8.720417231E-06
      1578, 6.579341367E-03, 7.502300665E-03, 1.500000060E-01, 3.018969098E+02, 8.720417231E-06
      1579, 5.543807056E-03, 8.296893910E-03, 1.566666663E-01, 2.973143020E+02, 8.720417231E-06
      1580, 9.449026547E-03, 3.207512433E-03, 1.633333415E-01, 2.927488586E+02, 8.720417231E-06
      1581, 4.413417075E-03, 8.949524723E-03, 1.633333415E-01, 2.927488148E+02, 8.720417231E-06
      1582, 9.786853567E-03, 1.946726232E-03, 1.700000018E-01, 2.881994927E+02, 8.720417231E-06
      1583, 3.207512433E-03, 9.449026547E-03, 1.700000018E-01, 2.881995040E+02, 8.720417231E-06
      1584, 1.946726232E-03, 9.786853567E-03, 1.766666770E-01, 2.836661293E+02, 8.720417231E-06
      1585, 9.957224131E-03, 6.526309880E-04, 1.766666770E-01, 2.836661194E+02, 8.720417231E-06
      1586, 9.957224131E-03,-6.526309880E-04, 1.833333373E-01, 2.791469080E+02, 8.720417231E-06
      1587, 6.526309880E-04, 9.957224131E-03, 1.833333373E-01, 2.791469080E+02, 8.720417231E-06
      1588, 9.786853567E-03,-1.946726232E-03, 1.899999976E-01, 2.746413446E+02, 8.720417231E-06
      1589,-6.526309880E-04, 9.957224131E-03, 1.899999976E-01, 2.746413127E+02, 8.720417231E-06
      1590, 9.449026547E-03,-3.207512433E-03, 1.966666728E-01, 2.701455922E+02, 8.720417231E-06
      1591,-1.946726232E-03, 9.786853567E-03, 1.966666728E-01, 2.701456108E+02, 8.720417231E-06
      1592, 8.949524723E-03,-4.413417075E-03, 2.033333331E-01, 2.656592135E+02, 8.720417231E-06
      1593,-3.207512433E-03, 9.449026547E-03, 2.033333331E-01, 2.656592494E+02, 8.720417231E-06
      1594, 8.296893910E-03,-5.543807056E-03, 2.099999934E-01, 2.611819731E+02, 8.720417231E-06
      1595,-4.413417075E-03, 8.949524723E-03, 2.099999934E-01, 2.611820002E+02, 8.720417231E-06
      1596, 7.502300665E-03,-6.579341367E-03, 2.166666538E-01, 2.567117552E+02, 8.720417231E-06
      1597,-5.543807521E-03, 8.296893910E-03, 2.166666538E-01, 2.567117795E+02, 8.720417231E-06
      1598, 6.579340901E-03,-7.502300665E-03, 2.233333439E-01, 2.522487599E+02, 8.720417231E-06
      1599,-6.579340901E-03, 7.502300665E-03, 2.233333439E-01, 2.522487599E+02, 8.720417231E-06
      1600, 5.543807521E-03,-8.296893910E-03, 2.300000042E-01, 2.477931474E+02, 8.720417231E-06
      1601,-7.502300665E-03, 6.579341367E-03, 2.300000042E-01, 2.477931390E+02, 8.720417231E-06
      1602, 4.413417075E-03,-8.949524723E-03, 2.366666645E-01, 2.433442802E+02, 8.720417231E-06
      1603,-8.296893910E-03, 5.543807056E-03, 2.366666645E-01, 2.433442681E+02, 8.720417231E-06
      1604, 3.207512433E-03,-9.449026547E-03, 2.433333397E-01, 2.389016957E+02, 8.720417231E-06
      1605,-8.949524723E-03, 4.413417075E-03, 2.433333397E-01, 2.389016939E+02, 8.720417231E-06
      1606, 1.946726232E-03,-9.786853567E-03, 2.500000000E-01, 2.344646132E+02, 8.720417231E-06
      1607,-9.449026547E-03, 3.207512433E-03, 2.500000000E-01, 2.344646152E+02, 8.720417231E-06
      1608, 6.526309880E-04,-9.957224131E-03, 2.566666603E-01, 2.300322844E+02, 8.720417231E-06
      1609,-9.786853567E-03, 1.946726232E-03, 2.566666603E-01, 2.300322904E+02, 8.720417231E-06
      1610,-6.526309880E-04,-9.957224131E-03, 2.633333504E-01, 2.256042167E+02, 8.720417231E-06
      1611,-9.957224131E-03, 6.526309880E-04, 2.633333504E-01, 2.256042167E+02, 8.720417231E-06
      1612,-1.946726232E-03,-9.786853567E-03, 2.700000107E-01, 2.211796252E+02, 8.720417231E-06
      1613,-9.957224131E-03,-6.526309880E-04, 2.700000107E-01, 2.211796091E+02, 8.720417231E-06
      1614,-9.957224131E-03, 6.526309880E-04, 2.766666710E-01, 2.167579246E+02, 8.720417231E-06
      1615,-3.207512433E-03,-9.449026547E-03, 2.766666710E-01, 2.167579952E+02, 8.720417231E-06
      1616,-4.413417075E-03,-8.949524723E-03, 2.833333313E-01, 2.123391755E+02, 8.720417231E-06
      1617,-5.543807056E-03,-8.296893910E-03, 2.899999917E-01, 2.079222703E+02, 8.720417231E-06
      1618,-6.579341367E-03,-7.502300665E-03, 2.966666818E-01, 2.035071593E+02, 8.720417231E-06
      1619,-5.543807056E-03,-8.296893910E-03, 3.033333421E-01, 1.990930899E+02, 8.720417231E-06
      1620, 6.579341367E-03, 7.502300665E-03, 1.433333308E-01, 3.064995661E+02, 8.720417231E-06
      1621, 5.543807056E-03, 8.296893910E-03, 1.500000060E-01, 3.018969962E+02, 8.720417231E-06
      1622, 4.413417075E-03, 8.949524723E-03, 1.566666663E-01, 2.973144595E+02, 8.720417231E-06
      1623, 9.786853567E-03, 1.946726232E-03, 1.633333415E-01, 2.927489481E+02, 8.720417231E-06
      1624, 3.207512433E-03, 9.449026547E-03, 1.633333415E-01, 2.927488586E+02, 8.720417231E-06
      1625, 9.957224131E-03, 6.526309880E-04, 1.700000018E-01, 2.881995088E+02, 8.720417231E-06
      1626, 1.946726232E-03, 9.786853567E-03, 1.700000018E-01, 2.881994927E+02, 8.720417231E-06
      1627, 6.526309880E-04, 9.957224131E-03, 1.766666770E-01, 2.836661194E+02, 8.720417231E-06
      1628, 9.957224131E-03,-6.526309880E-04, 1.766666770E-01, 2.836661194E+02, 8.720417231E-06
      1629, 9.786853567E-03,-1.946726232E-03, 1.833333373E-01, 2.791469293E+02, 8.720417231E-06
      1630,-6.526309880E-04, 9.957224131E-03, 1.833333373E-01, 2.791469080E+02, 8.720417231E-06
      1631, 9.449026547E-03,-3.207512433E-03, 1.899999976E-01, 2.746414176E+02, 8.720417231E-06
      1632,-1.946726232E-03, 9.786853567E-03, 1.899999976E-01, 2.746413446E+02, 8.720417231E-06
      1633, 8.949524723E-03,-4.413417075E-03, 1.966666728E-01, 2.701455422E+02, 8.720417231E-06
      1634,-3.207512433E-03, 9.449026547E-03, 1.966666728E-01, 2.701455922E+02, 8.720417231E-06
      1635, 8.296893910E-03,-5.543807056E-03, 2.033333331E-01, 2.656591650E+02, 8.720417231E-06
      1636,-4.413417075E-03, 8.949524723E-03, 2.033333331E-01, 2.656592135E+02, 8.720417231E-06
      1637, 7.502300665E-03,-6.579341367E-03, 2.099999934E-01, 2.611819506E+02, 8.720417231E-06
      1638,-5.543807521E-03, 8.296893910E-03, 2.099999934E-01, 2.611819731E+02, 8.720417231E-06
      1639, 6.579340901E-03,-7.502300665E-03, 2.166666538E-01, 2.567117552E+02, 8.720417231E-06
      1640,-6.579340901E-03, 7.502300665E-03, 2.166666538E-01, 2.567117552E+02, 8.720417231E-06
      1641, 5.543807521E-03,-8.296893910E-03, 2.233333439E-01, 2.522487749E+02, 8.720417231E-06
      1642,-7.502300665E-03, 6.579341367E-03, 2.233333439E-01, 2.522487599E+02, 8.720417231E-06
      1643, 4.413417075E-03,-8.949524723E-03, 2.300000042E-01, 2.477931393E+02, 8.720417231E-06
      1644,-8.296893910E-03, 5.543807056E-03, 2.300000042E-01, 2.477931474E+02, 8.720417231E-06
      1645, 3.207512433E-03,-9.449026547E-03, 2.366666645E-01, 2.433442605E+02, 8.720417231E-06
      1646,-8.949524723E-03, 4.413417075E-03, 2.366666645E-01, 2.433442802E+02, 8.720417231E-06
      1647, 1.946726232E-03,-9.786853567E-03, 2.433333397E-01, 2.389016797E+02, 8.720417231E-06
      1648,-9.449026547E-03, 3.207512433E-03, 2.433333397E-01, 2.389016957E+02, 8.720417231E-06
      1649, 6.526309880E-04,-9.957224131E-03, 2.500000000E-01, 2.344646125E+02, 8.720417231E-06
      1650,-9.786853567E-03, 1.946726232E-03, 2.500000000E-01, 2.344646132E+02, 8.720417231E-06
      1651,-6.526309880E-04,-9.957224131E-03, 2.566666603E-01, 2.300322844E+02, 8.720417231E-06
      1652,-9.957224131E-03, 6.526309880E-04, 2.566666603E-01, 2.300322844E+02, 8.720417231E-06
      1653,-1.946726232E-03,-9.786853567E-03, 2.633333504E-01, 2.256042303E+02, 8.720417231E-06
      1654,-9.957224131E-03,-6.526309880E-04, 2.633333504E-01, 2.256042167E+02, 8.720417231E-06
      1655,-3.207512433E-03,-9.449026547E-03, 2.700000107E-01, 2.211796590E+02, 8.720417231E-06
      1656,-9.786853567E-03,-1.946726232E-03, 2.700000107E-01, 2.211796252E+02, 8.720417231E-06
      1657,-9.957224131E-03,-6.526309880E-04, 2.766666710E-01, 2.167579246E+02, 8.720417231E-06
      1658,-9.957224131E-03, 6.526309880E-04, 2.833333313E-01, 2.123390053E+02, 8.720417231E-06
      1659,-4.413417075E-03,-8.949524723E-03, 2.766666710E-01, 2.167580484E+02, 8.720417231E-06
      1660,-5.543807056E-03,-8.296893910E-03, 2.833333313E-01, 2.123392489E+02, 8.720417231E-06
      1661,-6.579341367E-03,-7.502300665E-03, 2.899999917E-01, 2.079223145E+02, 8.720417231E-06
      1662,-7.502300665E-03,-6.579340901E-03, 2.966666818E-01, 2.035071593E+02, 8.720417231E-06
      1663, 6.579341367E-03, 7.502300665E-03, 1.366666704E-01, 3.111234113E+02, 8.720417231E-06
      1664, 5.543807056E-03, 8.296893910E-03, 1.433333308E-01, 3.064995724E+02, 8.720417231E-06
      1665, 4.413417075E-03, 8.949524723E-03, 1.500000060E-01, 3.018970955E+02, 8.720417231E-06
      1666, 3.207512433E-03, 9.449026547E-03, 1.566666663E-01, 2.973145928E+02, 8.720417231E-06
      1667, 9.957224131E-03, 6.526309880E-04, 1.633333415E-01, 2.927489824E+02, 8.720417231E-06
      1668, 1.946726232E-03, 9.786853567E-03, 1.633333415E-01, 2.927489481E+02, 8.720417231E-06
      1669, 9.957224131E-03,-6.526309880E-04, 1.700000018E-01, 2.881995088E+02, 8.720417231E-06
      1670, 6.526309880E-04, 9.957224131E-03, 1.700000018E-01, 2.881995088E+02, 8.720417231E-06
      1671,-6.526309880E-04, 9.957224131E-03, 1.766666770E-01, 2.836661194E+02, 8.720417231E-06
      1672, 9.786853567E-03,-1.946726232E-03, 1.766666770E-01, 2.836661293E+02, 8.720417231E-06
      1673, 9.449026547E-03,-3.207512433E-03, 1.833333373E-01, 2.791469953E+02, 8.720417231E-06
      1674,-1.946726232E-03, 9.786853567E-03, 1.833333373E-01, 2.791469293E+02, 8.720417231E-06
      1675, 8.949524723E-03,-4.413417075E-03, 1.899999976E-01, 2.746414542E+02, 8.720417231E-06
      1676,-3.207512433E-03, 9.449026547E-03, 1.899999976E-01, 2.746414176E+02, 8.720417231E-06
      1677, 8.296893910E-03,-5.543807056E-03, 1.966666728E-01, 2.701454775E+02, 8.720417231E-06
      1678,-4.413417075E-03, 8.949524723E-03, 1.966666728E-01, 2.701455422E+02, 8.720417231E-06
      1679, 7.502300665E-03,-6.579341367E-03, 2.033333331E-01, 2.656591396E+02, 8.720417231E-06
      1680,-5.543807521E-03, 8.296893910E-03, 2.033333331E-01, 2.656591650E+02, 8.720417231E-06
      1681, 6.579340901E-03,-7.502300665E-03, 2.099999934E-01, 2.611819506E+02, 8.720417231E-06
      1682,-6.579340901E-03, 7.502300665E-03, 2.099999934E-01, 2.611819506E+02, 8.720417231E-06
      1683, 5.543807521E-03,-8.296893910E-03, 2.166666538E-01, 2.567117795E+02, 8.720417231E-06
      1684,-7.502300665E-03, 6.579341367E-03, 2.166666538E-01, 2.567117552E+02, 8.720417231E-06
      1685, 4.413417075E-03,-8.949524723E-03, 2.233333439E-01, 2.522487573E+02, 8.720417231E-06
      1686,-8.296893910E-03, 5.543807056E-03, 2.233333439E-01, 2.522487749E+02, 8.720417231E-06
      1687, 3.207512433E-03,-9.449026547E-03, 2.300000042E-01, 2.477930932E+02, 8.720417231E-06
      1688,-8.949524723E-03, 4.413417075E-03, 2.300000042E-01, 2.477931393E+02, 8.720417231E-06
      1689, 1.946726232E-03,-9.786853567E-03, 2.366666645E-01, 2.433442203E+02, 8.720417231E-06
      1690,-9.449026547E-03, 3.207512433E-03, 2.366666645E-01, 2.433442605E+02, 8.720417231E-06
      1691, 6.526309880E-04,-9.957224131E-03, 2.433333397E-01, 2.389016670E+02, 8.720417231E-06
      1692,-9.786853567E-03, 1.946726232E-03, 2.433333397E-01, 2.389016797E+02, 8.720417231E-06
      1693,-6.526309880E-04,-9.957224131E-03, 2.500000000E-01, 2.344646125E+02, 8.720417231E-06
      1694,-9.957224131E-03, 6.526309880E-04, 2.500000000E-01, 2.344646125E+02, 8.720417231E-06
      1695,-1.946726232E-03,-9.786853567E-03, 2.566666603E-01, 2.300322904E+02, 8.720417231E-06
      1696,-9.957224131E-03,-6.526309880E-04, 2.566666603E-01, 2.300322844E+02, 8.720417231E-06
      1697,-3.207512433E-03,-9.449026547E-03, 2.633333504E-01, 2.256042533E+02, 8.720417231E-06
      1698,-9.786853567E-03,-1.946726232E-03, 2.633333504E-01, 2.256042303E+02, 8.720417231E-06
      1699,-4.413417075E-03,-8.949524723E-03, 2.700000107E-01, 2.211797008E+02, 8.720417231E-06
      1700,-9.449026547E-03,-3.207512433E-03, 2.700000107E-01, 2.211796590E+02, 8.720417231E-06
      1701,-9.786853567E-03,-1.946726232E-03, 2.766666710E-01, 2.167579463E+02, 8.720417231E-06
      1702,-9.957224131E-03,-6.526309880E-04, 2.833333313E-01, 2.123390053E+02, 8.720417231E-06
      1703,-9.957224131E-03, 6.526309880E-04, 2.899999917E-01, 2.079220070E+02, 8.720417231E-06
      1704,-5.543807056E-03,-8.296893910E-03, 2.766666710E-01, 2.167581124E+02, 8.720417231E-06
      1705,-6.579341367E-03,-7.502300665E-03, 2.833333313E-01, 2.123392880E+02, 8.720417231E-06
      1706,-7.502300665E-03,-6.579340901E-03, 2.899999917E-01, 2.079223145E+02, 8.720417231E-06
      1707,-8.296893910E-03,-5.543807521E-03, 2.966666818E-01, 2.035071175E+02, 8.720417231E-06
      1708, 7.502300665E-03, 6.579340901E-03, 1.366666704E-01, 3.111234113E+02, 8.720417231E-06
      1709, 5.543807056E-03, 8.296893910E-03, 1.366666704E-01, 3.111233905E+02, 8.720417231E-06
      1710, 4.413417075E-03, 8.949524723E-03, 1.433333308E-01, 3.064995677E+02, 8.720417231E-06
      1711, 3.207512433E-03, 9.449026547E-03, 1.500000060E-01, 3.018971238E+02, 8.720417231E-06
      1712, 1.946726232E-03, 9.786853567E-03, 1.566666663E-01, 2.973147459E+02, 8.720417231E-06
      1713, 9.957224131E-03,-6.526309880E-04, 1.633333415E-01, 2.927489824E+02, 8.720417231E-06
      1714, 6.526309880E-04, 9.957224131E-03, 1.633333415E-01, 2.927489824E+02, 8.720417231E-06
      1715, 9.786853567E-03,-1.946726232E-03, 1.700000018E-01, 2.881994927E+02, 8.720417231E-06
      1716,-6.526309880E-04, 9.957224131E-03, 1.700000018E-01, 2.881995088E+02, 8.720417231E-06
      1717,-1.946726232E-03, 9.786853567E-03, 1.766666770E-01, 2.836661293E+02, 8.720417231E-06
      1718, 9.449026547E-03,-3.207512433E-03, 1.766666770E-01, 2.836661950E+02, 8.720417231E-06
      1719, 8.949524723E-03,-4.413417075E-03, 1.833333373E-01, 2.791470481E+02, 8.720417231E-06
      1720,-3.207512433E-03, 9.449026547E-03, 1.833333373E-01, 2.791469953E+02, 8.720417231E-06
      1721, 8.296893910E-03,-5.543807056E-03, 1.899999976E-01, 2.746414579E+02, 8.720417231E-06
      1722,-4.413417075E-03, 8.949524723E-03, 1.899999976E-01, 2.746414542E+02, 8.720417231E-06
      1723, 7.502300665E-03,-6.579341367E-03, 1.966666728E-01, 2.701454238E+02, 8.720417231E-06
      1724,-5.543807521E-03, 8.296893910E-03, 1.966666728E-01, 2.701454775E+02, 8.720417231E-06
      1725, 6.579340901E-03,-7.502300665E-03, 2.033333331E-01, 2.656591396E+02, 8.720417231E-06
      1726,-6.579340901E-03, 7.502300665E-03, 2.033333331E-01, 2.656591396E+02, 8.720417231E-06
      1727, 5.543807521E-03,-8.296893910E-03, 2.099999934E-01, 2.611819731E+02, 8.720417231E-06
      1728,-7.502300665E-03, 6.579341367E-03, 2.099999934E-01, 2.611819506E+02, 8.720417231E-06
      1729, 4.413417075E-03,-8.949524723E-03, 2.166666538E-01, 2.567117714E+02, 8.720417231E-06
      1730,-8.296893910E-03, 5.543807056E-03, 2.166666538E-01, 2.567117795E+02, 8.720417231E-06
      1731, 3.207512433E-03,-9.449026547E-03, 2.233333439E-01, 2.522487255E+02, 8.720417231E-06
      1732,-8.949524723E-03, 4.413417075E-03, 2.233333439E-01, 2.522487573E+02, 8.720417231E-06
      1733, 1.946726232E-03,-9.786853567E-03, 2.300000042E-01, 2.477930534E+02, 8.720417231E-06
      1734,-9.449026547E-03, 3.207512433E-03, 2.300000042E-01, 2.477930932E+02, 8.720417231E-06
      1735, 6.526309880E-04,-9.957224131E-03, 2.366666645E-01, 2.433441905E+02, 8.720417231E-06
      1736,-9.786853567E-03, 1.946726232E-03, 2.366666645E-01, 2.433442203E+02, 8.720417231E-06
      1737,-6.526309880E-04,-9.957224131E-03, 2.433333397E-01, 2.389016670E+02, 8.720417231E-06
      1738,-9.957224131E-03, 6.526309880E-04, 2.433333397E-01, 2.389016670E+02, 8.720417231E-06
      1739,-1.946726232E-03,-9.786853567E-03, 2.500000000E-01, 2.344646132E+02, 8.720417231E-06
      1740,-9.957224131E-03,-6.526309880E-04, 2.500000000E-01, 2.344646125E+02, 8.720417231E-06
      1741,-3.207512433E-03,-9.449026547E-03, 2.566666603E-01, 2.300322986E+02, 8.720417231E-06
      1742,-9.786853567E-03,-1.946726232E-03, 2.566666603E-01, 2.300322904E+02, 8.720417231E-06
      1743,-4.413417075E-03,-8.949524723E-03, 2.633333504E-01, 2.256042869E+02, 8.720417231E-06
      1744,-9.449026547E-03,-3.207512433E-03, 2.633333504E-01, 2.256042533E+02, 8.720417231E-06
      1745,-5.543807056E-03,-8.296893910E-03, 2.700000107E-01, 2.211797449E+02, 8.720417231E-06
      1746,-8.949524723E-03,-4.413417075E-03, 2.700000107E-01, 2.211797008E+02, 8.720417231E-06
      1747,-9.449026547E-03,-3.207512433E-03, 2.766666710E-01, 2.167579952E+02, 8.720417231E-06
      1748,-9.786853567E-03,-1.946726232E-03, 2.833333313E-01, 2.123390371E+02, 8.720417231E-06
      1749,-9.957224131E-03,-6.526309880E-04, 2.899999917E-01, 2.079220070E+02, 8.720417231E-06
      1750,-9.786853567E-03, 1.946726232E-03, 2.899999917E-01, 2.079220458E+02, 8.720417231E-06
      1751,-9.957224131E-03, 6.526309880E-04, 2.966666818E-01, 2.035068530E+02, 8.720417231E-06
      1752,-6.579341367E-03,-7.502300665E-03, 2.766666710E-01, 2.167581422E+02, 8.720417231E-06
      1753,-7.502300665E-03,-6.579340901E-03, 2.833333313E-01, 2.123392880E+02, 8.720417231E-06
      1754,-8.296893910E-03,-5.543807521E-03, 2.899999917E-01, 2.079222703E+02, 8.720417231E-06
      1755,-8.949524723E-03,-4.413417075E-03, 2.966666818E-01, 2.035070516E+02, 8.720417231E-06
      1756, 4.413417075E-03, 8.949524723E-03, 1.366666704E-01, 3.111232963E+02, 8.720417231E-06
      1757, 3.207512433E-03, 9.449026547E-03, 1.433333308E-01, 3.064994338E+02, 8.720417231E-06
      1758, 1.946726232E-03, 9.786853567E-03, 1.500000060E-01, 3.018971412E+02, 8.720417231E-06
      1759, 6.526309880E-04, 9.957224131E-03, 1.566666663E-01, 2.973148167E+02, 8.720417231E-06
      1760, 9.786853567E-03,-1.946726232E-03, 1.633333415E-01, 2.927489481E+02, 8.720417231E-06
      1761,-6.526309880E-04, 9.957224131E-03, 1.633333415E-01, 2.927489824E+02, 8.720417231E-06
      1762, 9.449026547E-03,-3.207512433E-03, 1.700000018E-01, 2.881995040E+02, 8.720417231E-06
      1763,-1.946726232E-03, 9.786853567E-03, 1.700000018E-01, 2.881994927E+02, 8.720417231E-06
      1764,-3.207512433E-03, 9.449026547E-03, 1.766666770E-01, 2.836661950E+02, 8.720417231E-06
      1765, 8.949524723E-03,-4.413417075E-03, 1.766666770E-01, 2.836662708E+02, 8.720417231E-06
      1766, 8.296893910E-03,-5.543807056E-03, 1.833333373E-01, 2.791470527E+02, 8.720417231E-06
      1767,-4.413417075E-03, 8.949524723E-03, 1.833333373E-01, 2.791470481E+02, 8.720417231E-06
      1768, 7.502300665E-03,-6.579341367E-03, 1.899999976E-01, 2.746414361E+02, 8.720417231E-06
      1769,-5.543807521E-03, 8.296893910E-03, 1.899999976E-01, 2.746414579E+02, 8.720417231E-06
      1770, 6.579340901E-03,-7.502300665E-03, 1.966666728E-01, 2.701454238E+02, 8.720417231E-06
      1771,-6.579340901E-03, 7.502300665E-03, 1.966666728E-01, 2.701454238E+02, 8.720417231E-06
      1772, 5.543807521E-03,-8.296893910E-03, 2.033333331E-01, 2.656591650E+02, 8.720417231E-06
      1773,-7.502300665E-03, 6.579341367E-03, 2.033333331E-01, 2.656591396E+02, 8.720417231E-06
      1774, 4.413417075E-03,-8.949524723E-03, 2.099999934E-01, 2.611820002E+02, 8.720417231E-06
      1775,-8.296893910E-03, 5.543807056E-03, 2.099999934E-01, 2.611819731E+02, 8.720417231E-06
      1776, 3.207512433E-03,-9.449026547E-03, 2.166666538E-01, 2.567117759E+02, 8.720417231E-06
      1777,-8.949524723E-03, 4.413417075E-03, 2.166666538E-01, 2.567117714E+02, 8.720417231E-06
      1778, 1.946726232E-03,-9.786853567E-03, 2.233333439E-01, 2.522486969E+02, 8.720417231E-06
      1779,-9.449026547E-03, 3.207512433E-03, 2.233333439E-01, 2.522487255E+02, 8.720417231E-06
      1780, 6.526309880E-04,-9.957224131E-03, 2.300000042E-01, 2.477930215E+02, 8.720417231E-06
      1781,-9.786853567E-03, 1.946726232E-03, 2.300000042E-01, 2.477930534E+02, 8.720417231E-06
      1782,-6.526309880E-04,-9.957224131E-03, 2.366666645E-01, 2.433441905E+02, 8.720417231E-06
      1783,-9.957224131E-03, 6.526309880E-04, 2.366666645E-01, 2.433441905E+02, 8.720417231E-06
      1784,-1.946726232E-03,-9.786853567E-03, 2.433333397E-01, 2.389016797E+02, 8.720417231E-06
      1785,-9.957224131E-03,-6.526309880E-04, 2.433333397E-01, 2.389016670E+02, 8.720417231E-06
      1786,-3.207512433E-03,-9.449026547E-03, 2.500000000E-01, 2.344646152E+02, 8.720417231E-06
      1787,-9.786853567E-03,-1.946726232E-03, 2.500000000E-01, 2.344646132E+02, 8.720417231E-06
      1788,-4.413417075E-03,-8.949524723E-03, 2.566666603E-01, 2.300323135E+02, 8.720417231E-06
      1789,-9.449026547E-03,-3.207512433E-03, 2.566666603E-01, 2.300322986E+02, 8.720417231E-06
      1790,-5.543807056E-03,-8.296893910E-03, 2.633333504E-01, 2.256043101E+02, 8.720417231E-06
      1791,-8.949524723E-03,-4.413417075E-03, 2.633333504E-01, 2.256042869E+02, 8.720417231E-06
      1792,-6.579341367E-03,-7.502300665E-03, 2.700000107E-01, 2.211797676E+02, 8.720417231E-06
      1793,-8.296893910E-03,-5.543807521E-03, 2.700000107E-01, 2.211797449E+02, 8.720417231E-06
      1794,-8.949524723E-03,-4.413417075E-03, 2.766666710E-01, 2.167580484E+02, 8.720417231E-06
      1795,-9.449026547E-03,-3.207512433E-03, 2.833333313E-01, 2.123390985E+02, 8.720417231E-06
      1796,-9.786853567E-03,-1.946726232E-03, 2.899999917E-01, 2.079220458E+02, 8.720417231E-06
      1797,-9.786853567E-03, 1.946726232E-03, 2.966666818E-01, 2.035068937E+02, 8.720417231E-06
      1798,-7.502300665E-03,-6.579340901E-03, 2.766666710E-01, 2.167581422E+02, 8.720417231E-06
      1799,-8.296893910E-03,-5.543807521E-03, 2.833333313E-01, 2.123392489E+02, 8.720417231E-06
      1800,-8.949524723E-03,-4.413417075E-03, 2.899999917E-01, 2.079222009E+02, 8.720417231E-06
      1801,-9.449026547E-03,-3.207512433E-03, 2.966666818E-01, 2.035069610E+02, 8.720417231E-06
      1802, 1.946726232E-03, 9.786853567E-03, 1.433333308E-01, 3.064993905E+02, 8.720417231E-06
      1803, 6.526309880E-04, 9.957224131E-03, 1.500000060E-01, 3.018971400E+02, 8.720417231E-06
      1804,-6.526309880E-04, 9.957224131E-03, 1.566666663E-01, 2.973148167E+02, 8.720417231E-06
      1805, 9.449026547E-03,-3.207512433E-03, 1.633333415E-01, 2.927488586E+02, 8.720417231E-06
      1806,-1.946726232E-03, 9.786853567E-03, 1.633333415E-01, 2.927489481E+02, 8.720417231E-06
      1807, 8.949524723E-03,-4.413417075E-03, 1.700000018E-01, 2.881995222E+02, 8.720417231E-06
      1808,-3.207512433E-03, 9.449026547E-03, 1.700000018E-01, 2.881995040E+02, 8.720417231E-06
      1809,-4.413417075E-03, 8.949524723E-03, 1.766666770E-01, 2.836662708E+02, 8.720417231E-06
      1810, 8.296893910E-03,-5.543807056E-03, 1.766666770E-01, 2.836663255E+02, 8.720417231E-06
      1811, 7.502300665E-03,-6.579341367E-03, 1.833333373E-01, 2.791470374E+02, 8.720417231E-06
      1812,-5.543807521E-03, 8.296893910E-03, 1.833333373E-01, 2.791470527E+02, 8.720417231E-06
      1813, 6.579340901E-03,-7.502300665E-03, 1.899999976E-01, 2.746414361E+02, 8.720417231E-06
      1814,-6.579340901E-03, 7.502300665E-03, 1.899999976E-01, 2.746414361E+02, 8.720417231E-06
      1815, 5.543807521E-03,-8.296893910E-03, 1.966666728E-01, 2.701454775E+02, 8.720417231E-06
      1816,-7.502300665E-03, 6.579341367E-03, 1.966666728E-01, 2.701454238E+02, 8.720417231E-06
      1817, 4.413417075E-03,-8.949524723E-03, 2.033333331E-01, 2.656592135E+02, 8.720417231E-06
      1818,-8.296893910E-03, 5.543807056E-03, 2.033333331E-01, 2.656591650E+02, 8.720417231E-06
      1819, 3.207512433E-03,-9.449026547E-03, 2.099999934E-01, 2.611820318E+02, 8.720417231E-06
      1820,-8.949524723E-03, 4.413417075E-03, 2.099999934E-01, 2.611820002E+02, 8.720417231E-06
      1821, 1.946726232E-03,-9.786853567E-03, 2.166666538E-01, 2.567117701E+02, 8.720417231E-06
      1822,-9.449026547E-03, 3.207512433E-03, 2.166666538E-01, 2.567117759E+02, 8.720417231E-06
      1823, 6.526309880E-04,-9.957224131E-03, 2.233333439E-01, 2.522486741E+02, 8.720417231E-06
      1824,-9.786853567E-03, 1.946726232E-03, 2.233333439E-01, 2.522486969E+02, 8.720417231E-06
      1825,-6.526309880E-04,-9.957224131E-03, 2.300000042E-01, 2.477930215E+02, 8.720417231E-06
      1826,-9.957224131E-03, 6.526309880E-04, 2.300000042E-01, 2.477930215E+02, 8.720417231E-06
      1827,-1.946726232E-03,-9.786853567E-03, 2.366666645E-01, 2.433442203E+02, 8.720417231E-06
      1828,-9.957224131E-03,-6.526309880E-04, 2.366666645E-01, 2.433441905E+02, 8.720417231E-06
      1829,-3.207512433E-03,-9.449026547E-03, 2.433333397E-01, 2.389016957E+02, 8.720417231E-06
      1830,-9.786853567E-03,-1.946726232E-03, 2.433333397E-01, 2.389016797E+02, 8.720417231E-06
      1831,-4.413417075E-03,-8.949524723E-03, 2.500000000E-01, 2.344646176E+02, 8.720417231E-06
      1832,-9.449026547E-03,-3.207512433E-03, 2.500000000E-01, 2.344646152E+02, 8.720417231E-06
      1833,-5.543807056E-03,-8.296893910E-03, 2.566666603E-01, 2.300323187E+02, 8.720417231E-06
      1834,-8.949524723E-03,-4.413417075E-03, 2.566666603E-01, 2.300323135E+02, 8.720417231E-06
      1835,-6.579341367E-03,-7.502300665E-03, 2.633333504E-01, 2.256043242E+02, 8.720417231E-06
      1836,-8.296893910E-03,-5.543807521E-03, 2.633333504E-01, 2.256043101E+02, 8.720417231E-06
      1837,-7.502300665E-03,-6.579340901E-03, 2.700000107E-01, 2.211797676E+02, 8.720417231E-06
      1838,-8.296893910E-03,-5.543807521E-03, 2.766666710E-01, 2.167581124E+02, 8.720417231E-06
      1839,-8.949524723E-03,-4.413417075E-03, 2.833333313E-01, 2.123391755E+02, 8.720417231E-06
      1840,-9.449026547E-03,-3.207512433E-03, 2.899999917E-01, 2.079221094E+02, 8.720417231E-06
      1841,-6.526309880E-04, 9.957224131E-03, 1.500000060E-01, 3.018971400E+02, 8.720417231E-06
      1842,-1.946726232E-03, 9.786853567E-03, 1.566666663E-01, 2.973147459E+02, 8.720417231E-06
      1843, 8.949524723E-03,-4.413417075E-03, 1.633333415E-01, 2.927488148E+02, 8.720417231E-06
      1844,-3.207512433E-03, 9.449026547E-03, 1.633333415E-01, 2.927488586E+02, 8.720417231E-06
      1845, 8.296893910E-03,-5.543807056E-03, 1.700000018E-01, 2.881995751E+02, 8.720417231E-06
      1846,-4.413417075E-03, 8.949524723E-03, 1.700000018E-01, 2.881995222E+02, 8.720417231E-06
      1847,-5.543807521E-03, 8.296893910E-03, 1.766666770E-01, 2.836663255E+02, 8.720417231E-06
      1848, 7.502300665E-03,-6.579341367E-03, 1.766666770E-01, 2.836663284E+02, 8.720417231E-06
      1849, 6.579340901E-03,-7.502300665E-03, 1.833333373E-01, 2.791470374E+02, 8.720417231E-06
      1850,-6.579340901E-03, 7.502300665E-03, 1.833333373E-01, 2.791470374E+02, 8.720417231E-06
      1851, 5.543807521E-03,-8.296893910E-03, 1.899999976E-01, 2.746414579E+02, 8.720417231E-06
      1852,-7.502300665E-03, 6.579341367E-03, 1.899999976E-01, 2.746414361E+02, 8.720417231E-06
      1853, 4.413417075E-03,-8.949524723E-03, 1.966666728E-01, 2.701455422E+02, 8.720417231E-06
      1854,-8.296893910E-03, 5.543807056E-03, 1.966666728E-01, 2.701454775E+02, 8.720417231E-06
      1855, 3.207512433E-03,-9.449026547E-03, 2.033333331E-01, 2.656592494E+02, 8.720417231E-06
      1856,-8.949524723E-03, 4.413417075E-03, 2.033333331E-01, 2.656592135E+02, 8.720417231E-06
      1857, 1.946726232E-03,-9.786853567E-03, 2.099999934E-01, 2.611820585E+02, 8.720417231E-06
      1858,-9.449026547E-03, 3.207512433E-03, 2.099999934E-01, 2.611820318E+02, 8.720417231E-06
      1859, 6.526309880E-04,-9.957224131E-03, 2.166666538E-01, 2.567117678E+02, 8.720417231E-06
      1860,-9.786853567E-03, 1.946726232E-03, 2.166666538E-01, 2.567117701E+02, 8.720417231E-06
      1861,-6.526309880E-04,-9.957224131E-03, 2.233333439E-01, 2.522486741E+02, 8.720417231E-06
      1862,-9.957224131E-03, 6.526309880E-04, 2.233333439E-01, 2.522486741E+02, 8.720417231E-06
      1863,-1.946726232E-03,-9.786853567E-03, 2.300000042E-01, 2.477930534E+02, 8.720417231E-06
      1864,-9.957224131E-03,-6.526309880E-04, 2.300000042E-01, 2.477930215E+02, 8.720417231E-06
      1865,-3.207512433E-03,-9.449026547E-03, 2.366666645E-01, 2.433442605E+02, 8.720417231E-06
      1866,-9.786853567E-03,-1.946726232E-03, 2.366666645E-01, 2.433442203E+02, 8.720417231E-06
      1867,-4.413417075E-03,-8.949524723E-03, 2.433333397E-01, 2.389016939E+02, 8.720417231E-06
      1868,-9.449026547E-03,-3.207512433E-03, 2.433333397E-01, 2.389016957E+02, 8.720417231E-06
      1869,-5.543807056E-03,-8.296893910E-03, 2.500000000E-01, 2.344646146E+02, 8.720417231E-06
      1870,-8.949524723E-03,-4.413417075E-03, 2.500000000E-01, 2.344646176E+02, 8.720417231E-06
      1871,-6.579341367E-03,-7.502300665E-03, 2.566666603E-01, 2.300323223E+02, 8.720417231E-06
      1872,-8.296893910E-03,-5.543807521E-03, 2.566666603E-01, 2.300323187E+02, 8.720417231E-06
      1873,-7.502300665E-03,-6.579340901E-03, 2.633333504E-01, 2.256043242E+02, 8.720417231E-06
      1874,-3.207512433E-03, 9.449026547E-03, 1.566666663E-01, 2.973145928E+02, 8.720417231E-06
      1875, 8.296893910E-03,-5.543807056E-03, 1.633333415E-01, 2.927487756E+02, 8.720417231E-06
      1876,-4.413417075E-03, 8.949524723E-03, 1.633333415E-01, 2.927488148E+02, 8.720417231E-06
      1877, 7.502300665E-03,-6.579341367E-03, 1.700000018E-01, 2.881995709E+02, 8.720417231E-06
      1878,-5.543807521E-03, 8.296893910E-03, 1.700000018E-01, 2.881995751E+02, 8.720417231E-06
      1879,-6.579340901E-03, 7.502300665E-03, 1.766666770E-01, 2.836663284E+02, 8.720417231E-06
      1880, 6.579340901E-03,-7.502300665E-03, 1.766666770E-01, 2.836663284E+02, 8.720417231E-06
      1881, 5.543807521E-03,-8.296893910E-03, 1.833333373E-01, 2.791470527E+02, 8.720417231E-06
      1882,-7.502300665E-03, 6.579341367E-03, 1.833333373E-01, 2.791470374E+02, 8.720417231E-06
      1883, 4.413417075E-03,-8.949524723E-03, 1.899999976E-01, 2.746414542E+02, 8.720417231E-06
      1884,-8.296893910E-03, 5.543807056E-03, 1.899999976E-01, 2.746414579E+02, 8.720417231E-06
      1885, 3.207512433E-03,-9.449026547E-03, 1.966666728E-01, 2.701455922E+02, 8.720417231E-06
      1886,-8.949524723E-03, 4.413417075E-03, 1.966666728E-01, 2.701455422E+02, 8.720417231E-06
      1887, 1.946726232E-03,-9.786853567E-03, 2.033333331E-01, 2.656592727E+02, 8.720417231E-06
      1888,-9.449026547E-03, 3.207512433E-03, 2.033333331E-01, 2.656592494E+02, 8.720417231E-06
      1889, 6.526309880E-04,-9.957224131E-03, 2.099999934E-01, 2.611820707E+02, 8.720417231E-06
      1890,-9.786853567E-03, 1.946726232E-03, 2.099999934E-01, 2.611820585E+02, 8.720417231E-06
      1891,-6.526309880E-04,-9.957224131E-03, 2.166666538E-01, 2.567117678E+02, 8.720417231E-06
      1892,-9.957224131E-03, 6.526309880E-04, 2.166666538E-01, 2.567117678E+02, 8.720417231E-06
      1893,-1.946726232E-03,-9.786853567E-03, 2.233333439E-01, 2.522486969E+02, 8.720417231E-06
      1894,-9.957224131E-03,-6.526309880E-04, 2.233333439E-01, 2.522486741E+02, 8.720417231E-06
      1895,-3.207512433E-03,-9.449026547E-03, 2.300000042E-01, 2.477930932E+02, 8.720417231E-06
      1896,-9.786853567E-03,-1.946726232E-03, 2.300000042E-01, 2.477930534E+02, 8.720417231E-06
      1897,-4.413417075E-03,-8.949524723E-03, 2.366666645E-01, 2.433442802E+02, 8.720417231E-06
      1898,-9.449026547E-03,-3.207512433E-03, 2.366666645E-01, 2.433442605E+02, 8.720417231E-06
      1899,-5.543807056E-03,-8.296893910E-03, 2.433333397E-01, 2.389016795E+02, 8.720417231E-06
      1900,-8.949524723E-03,-4.413417075E-03, 2.433333397E-01, 2.389016939E+02, 8.720417231E-06
      1901,-6.579341367E-03,-7.502300665E-03, 2.500000000E-01, 2.344646102E+02, 8.720417231E-06
      1902,-8.296893910E-03,-5.543807521E-03, 2.500000000E-01, 2.344646146E+02, 8.720417231E-06
      1903,-7.502300665E-03,-6.579340901E-03, 2.566666603E-01, 2.300323223E+02, 8.720417231E-06
      1904,-4.413417075E-03, 8.949524723E-03, 1.566666663E-01, 2.973144595E+02, 8.720417231E-06
      1905, 7.502300665E-03,-6.579341367E-03, 1.633333415E-01, 2.927487770E+02, 8.720417231E-06
      1906,-5.543807521E-03, 8.296893910E-03, 1.633333415E-01, 2.927487756E+02, 8.720417231E-06
      1907, 6.579340901E-03,-7.502300665E-03, 1.700000018E-01, 2.881995709E+02, 8.720417231E-06
      1908,-6.579340901E-03, 7.502300665E-03, 1.700000018E-01, 2.881995709E+02, 8.720417231E-06
      1909,-7.502300665E-03, 6.579341367E-03, 1.766666770E-01, 2.836663284E+02, 8.720417231E-06
      1910, 5.543807521E-03,-8.296893910E-03, 1.766666770E-01, 2.836663255E+02, 8.720417231E-06
      1911, 4.413417075E-03,-8.949524723E-03, 1.833333373E-01, 2.791470481E+02, 8.720417231E-06
      1912,-8.296893910E-03, 5.543807056E-03, 1.833333373E-01, 2.791470527E+02, 8.720417231E-06
      1913, 3.207512433E-03,-9.449026547E-03, 1.899999976E-01, 2.746414176E+02, 8.720417231E-06
      1914,-8.949524723E-03, 4.413417075E-03, 1.899999976E-01, 2.746414542E+02, 8.720417231E-06
      1915, 1.946726232E-03,-9.786853567E-03, 1.966666728E-01, 2.701456108E+02, 8.720417231E-06
      1916,-9.449026547E-03, 3.207512433E-03, 1.966666728E-01, 2.701455922E+02, 8.720417231E-06
      1917, 6.526309880E-04,-9.957224131E-03, 2.033333331E-01, 2.656592754E+02, 8.720417231E-06
      1918,-9.786853567E-03, 1.946726232E-03, 2.033333331E-01, 2.656592727E+02, 8.720417231E-06
      1919,-6.526309880E-04,-9.957224131E-03, 2.099999934E-01, 2.611820707E+02, 8.720417231E-06
      1920,-9.957224131E-03, 6.526309880E-04, 2.099999934E-01, 2.611820707E+02, 8.720417231E-06
      1921,-1.946726232E-03,-9.786853567E-03, 2.166666538E-01, 2.567117701E+02, 8.720417231E-06
      1922,-9.957224131E-03,-6.526309880E-04, 2.166666538E-01, 2.567117678E+02, 8.720417231E-06
      1923,-3.207512433E-03,-9.449026547E-03, 2.233333439E-01, 2.522487255E+02, 8.720417231E-06
      1924,-9.786853567E-03,-1.946726232E-03, 2.233333439E-01, 2.522486969E+02, 8.720417231E-06
      1925,-4.413417075E-03,-8.949524723E-03, 2.300000042E-01, 2.477931393E+02, 8.720417231E-06
      1926,-9.449026547E-03,-3.207512433E-03, 2.300000042E-01, 2.477930932E+02, 8.720417231E-06
      1927,-5.543807056E-03,-8.296893910E-03, 2.366666645E-01, 2.433442681E+02, 8.720417231E-06
      1928,-8.949524723E-03,-4.413417075E-03, 2.366666645E-01, 2.433442802E+02, 8.720417231E-06
      1929,-6.579341367E-03,-7.502300665E-03, 2.433333397E-01, 2.389016585E+02, 8.720417231E-06
      1930,-8.296893910E-03,-5.543807521E-03, 2.433333397E-01, 2.389016795E+02, 8.720417231E-06
      1931,-7.502300665E-03,-6.579340901E-03, 2.500000000E-01, 2.344646102E+02, 8.720417231E-06
      1932, 7.502300665E-03,-6.579341367E-03, 1.566666663E-01, 2.973142176E+02, 8.720417231E-06
      1933, 6.579340901E-03,-7.502300665E-03, 1.633333415E-01, 2.927487770E+02, 8.720417231E-06
      1934,-6.579340901E-03, 7.502300665E-03, 1.633333415E-01, 2.927487770E+02, 8.720417231E-06
      1935, 5.543807521E-03,-8.296893910E-03, 1.700000018E-01, 2.881995751E+02, 8.720417231E-06
      1936,-7.502300665E-03, 6.579341367E-03, 1.700000018E-01, 2.881995709E+02, 8.720417231E-06
      1937,-8.296893910E-03, 5.543807056E-03, 1.766666770E-01, 2.836663255E+02, 8.720417231E-06
      1938, 4.413417075E-03,-8.949524723E-03, 1.766666770E-01, 2.836662708E+02, 8.720417231E-06
      1939, 3.207512433E-03,-9.449026547E-03, 1.833333373E-01, 2.791469953E+02, 8.720417231E-06
      1940,-8.949524723E-03, 4.413417075E-03, 1.833333373E-01, 2.791470481E+02, 8.720417231E-06
      1941, 1.946726232E-03,-9.786853567E-03, 1.899999976E-01, 2.746413446E+02, 8.720417231E-06
      1942,-9.449026547E-03, 3.207512433E-03, 1.899999976E-01, 2.746414176E+02, 8.720417231E-06
      1943, 6.526309880E-04,-9.957224131E-03, 1.966666728E-01, 2.701456187E+02, 8.720417231E-06
      1944,-9.786853567E-03, 1.946726232E-03, 1.966666728E-01, 2.701456108E+02, 8.720417231E-06
      1945,-6.526309880E-04,-9.957224131E-03, 2.033333331E-01, 2.656592754E+02, 8.720417231E-06
      1946,-9.957224131E-03, 6.526309880E-04, 2.033333331E-01, 2.656592754E+02, 8.720417231E-06
      1947,-1.946726232E-03,-9.786853567E-03, 2.099999934E-01, 2.611820585E+02, 8.720417231E-06
      1948,-9.957224131E-03,-6.526309880E-04, 2.099999934E-01, 2.611820707E+02, 8.720417231E-06
      1949,-3.207512433E-03,-9.449026547E-03, 2.166666538E-01, 2.567117759E+02, 8.720417231E-06
      1950,-9.786853567E-03,-1.946726232E-03, 2.166666538E-01, 2.567117701E+02, 8.720417231E-06
      1951,-4.413417075E-03,-8.949524723E-03, 2.233333439E-01, 2.522487573E+02, 8.720417231E-06
      1952,-9.449026547E-03,-3.207512433E-03, 2.233333439E-01, 2.522487255E+02, 8.720417231E-06
      1953,-5.543807056E-03,-8.296893910E-03, 2.300000042E-01, 2.477931474E+02, 8.720417231E-06
      1954,-8.949524723E-03,-4.413417075E-03, 2.300000042E-01, 2.477931393E+02, 8.720417231E-06
      1955,-6.579341367E-03,-7.502300665E-03, 2.366666645E-01, 2.433442458E+02, 8.720417231E-06
      1956,-8.296893910E-03,-5.543807521E-03, 2.366666645E-01, 2.433442681E+02, 8.720417231E-06
      1957,-7.502300665E-03,-6.579340901E-03, 2.433333397E-01, 2.389016585E+02, 8.720417231E-06
      1958, 7.502300665E-03,-6.579341367E-03, 1.500000060E-01, 3.018969098E+02, 8.720417231E-06
      1959, 6.579340901E-03,-7.502300665E-03, 1.566666663E-01, 2.973142176E+02, 8.720417231E-06
      1960, 5.543807521E-03,-8.296893910E-03, 1.633333415E-01, 2.927487756E+02, 8.720417231E-06
      1961,-7.502300665E-03, 6.579341367E-03, 1.633333415E-01, 2.927487770E+02, 8.720417231E-06
      1962, 4.413417075E-03,-8.949524723E-03, 1.700000018E-01, 2.881995222E+02, 8.720417231E-06
      1963,-8.296893910E-03, 5.543807056E-03, 1.700000018E-01, 2.881995751E+02, 8.720417231E-06
      1964,-8.949524723E-03, 4.413417075E-03, 1.766666770E-01, 2.836662708E+02, 8.720417231E-06
      1965, 3.207512433E-03,-9.449026547E-03, 1.766666770E-01, 2.836661950E+02, 8.720417231E-06
      1966, 1.946726232E-03,-9.786853567E-03, 1.833333373E-01, 2.791469293E+02, 8.720417231E-06
      1967,-9.449026547E-03, 3.207512433E-03, 1.833333373E-01, 2.791469953E+02, 8.720417231E-06
      1968, 6.526309880E-04,-9.957224131E-03, 1.899999976E-01, 2.746413127E+02, 8.720417231E-06
      1969,-9.786853567E-03, 1.946726232E-03, 1.899999976E-01, 2.746413446E+02, 8.720417231E-06
      1970,-6.526309880E-04,-9.957224131E-03, 1.966666728E-01, 2.701456187E+02, 8.720417231E-06
      1971,-9.957224131E-03, 6.526309880E-04, 1.966666728E-01, 2.701456187E+02, 8.720417231E-06
      1972,-1.946726232E-03,-9.786853567E-03, 2.033333331E-01, 2.656592727E+02, 8.720417231E-06
      1973,-9.957224131E-03,-6.526309880E-04, 2.033333331E-01, 2.656592754E+02, 8.720417231E-06
      1974,-3.207512433E-03,-9.449026547E-03, 2.099999934E-01, 2.611820318E+02, 8.720417231E-06
      1975,-9.786853567E-03,-1.946726232E-03, 2.099999934E-01, 2.611820585E+02, 8.720417231E-06
      1976,-4.413417075E-03,-8.949524723E-03, 2.166666538E-01, 2.567117714E+02, 8.720417231E-06
      1977,-9.449026547E-03,-3.207512433E-03, 2.166666538E-01, 2.567117759E+02, 8.720417231E-06
      1978,-5.543807056E-03,-8.296893910E-03, 2.233333439E-01, 2.522487749E+02, 8.720417231E-06
      1979,-8.949524723E-03,-4.413417075E-03, 2.233333439E-01, 2.522487573E+02, 8.720417231E-06
      1980,-6.579341367E-03,-7.502300665E-03, 2.300000042E-01, 2.477931390E+02, 8.720417231E-06
      1981,-8.296893910E-03,-5.543807521E-03, 2.300000042E-01, 2.477931474E+02, 8.720417231E-06
      1982,-7.502300665E-03,-6.579340901E-03, 2.366666645E-01, 2.433442458E+02, 8.720417231E-06
      1983, 8.296893910E-03,-5.543807056E-03, 1.500000060E-01, 3.018969962E+02, 8.720417231E-06
      1984, 5.543807521E-03,-8.296893910E-03, 1.566666663E-01, 2.973143020E+02, 8.720417231E-06
      1985,-7.502300665E-03, 6.579341367E-03, 1.566666663E-01, 2.973142176E+02, 8.720417231E-06
      1986,-8.296893910E-03, 5.543807056E-03, 1.633333415E-01, 2.927487756E+02, 8.720417231E-06
      1987, 3.207512433E-03,-9.449026547E-03, 1.700000018E-01, 2.881995040E+02, 8.720417231E-06
      1988,-8.949524723E-03, 4.413417075E-03, 1.700000018E-01, 2.881995222E+02, 8.720417231E-06
      1989,-9.449026547E-03, 3.207512433E-03, 1.766666770E-01, 2.836661950E+02, 8.720417231E-06
      1990, 1.946726232E-03,-9.786853567E-03, 1.766666770E-01, 2.836661293E+02, 8.720417231E-06
      1991, 6.526309880E-04,-9.957224131E-03, 1.833333373E-01, 2.791469080E+02, 8.720417231E-06
      1992,-9.786853567E-03, 1.946726232E-03, 1.833333373E-01, 2.791469293E+02, 8.720417231E-06
      1993,-6.526309880E-04,-9.957224131E-03, 1.899999976E-01, 2.746413127E+02, 8.720417231E-06
      1994,-9.957224131E-03, 6.526309880E-04, 1.899999976E-01, 2.746413127E+02, 8.720417231E-06
      1995,-1.946726232E-03,-9.786853567E-03, 1.966666728E-01, 2.701456108E+02, 8.720417231E-06
      1996,-9.957224131E-03,-6.526309880E-04, 1.966666728E-01, 2.701456187E+02, 8.720417231E-06
      1997,-3.207512433E-03,-9.449026547E-03, 2.033333331E-01, 2.656592494E+02, 8.720417231E-06
      1998,-9.786853567E-03,-1.946726232E-03, 2.033333331E-01, 2.656592727E+02, 8.720417231E-06
      1999,-4.413417075E-03,-8.949524723E-03, 2.099999934E-01, 2.611820002E+02, 8.720417231E-06
      2000,-9.449026547E-03,-3.207512433E-03, 2.099999934E-01, 2.611820318E+02, 8.720417231E-06
      2001,-5.543807056E-03,-8.296893910E-03, 2.166666538E-01, 2.567117795E+02, 8.720417231E-06
      2002,-8.949524723E-03,-4.413417075E-03, 2.166666538E-01, 2.567117714E+02, 8.720417231E-06
      2003,-6.579341367E-03,-7.502300665E-03, 2.233333439E-01, 2.522487599E+02, 8.720417231E-06
      2004,-8.296893910E-03,-5.543807521E-03, 2.233333439E-01, 2.522487749E+02, 8.720417231E-06
      2005,-7.502300665E-03,-6.579340901E-03, 2.300000042E-01, 2.477931390E+02, 8.720417231E-06
      2006,-8.296893910E-03, 5.543807056E-03, 1.566666663E-01, 2.973143020E+02, 8.720417231E-06
      2007,-8.949524723E-03, 4.413417075E-03, 1.633333415E-01, 2.927488148E+02, 8.720417231E-06
      2008, 1.946726232E-03,-9.786853567E-03, 1.700000018E-01, 2.881994927E+02, 8.720417231E-06
      2009,-9.449026547E-03, 3.207512433E-03, 1.700000018E-01, 2.881995040E+02, 8.720417231E-06
      2010,-9.786853567E-03, 1.946726232E-03, 1.766666770E-01, 2.836661293E+02, 8.720417231E-06
      2011, 6.526309880E-04,-9.957224131E-03, 1.766666770E-01, 2.836661194E+02, 8.720417231E-06
      2012,-6.526309880E-04,-9.957224131E-03, 1.833333373E-01, 2.791469080E+02, 8.720417231E-06
      2013,-9.957224131E-03, 6.526309880E-04, 1.833333373E-01, 2.791469080E+02, 8.720417231E-06
      2014,-1.946726232E-03,-9.786853567E-03, 1.899999976E-01, 2.746413446E+02, 8.720417231E-06
      2015,-9.957224131E-03,-6.526309880E-04, 1.899999976E-01, 2.746413127E+02, 8.720417231E-06
      2016,-3.207512433E-03,-9.449026547E-03, 1.966666728E-01, 2.701455922E+02, 8.720417231E-06
      2017,-9.786853567E-03,-1.946726232E-03, 1.966666728E-01, 2.701456108E+02, 8.720417231E-06
      2018,-4.413417075E-03,-8.949524723E-03, 2.033333331E-01, 2.656592135E+02, 8.720417231E-06
      2019,-9.449026547E-03,-3.207512433E-03, 2.033333331E-01, 2.656592494E+02, 8.720417231E-06
      2020,-5.543807056E-03,-8.296893910E-03, 2.099999934E-01, 2.611819731E+02, 8.720417231E-06
      2021,-8.949524723E-03,-4.413417075E-03, 2.099999934E-01, 2.611820002E+02, 8.720417231E-06
      2022,-6.579341367E-03,-7.502300665E-03, 2.166666538E-01, 2.567117552E+02, 8.720417231E-06
      2023,-8.296893910E-03,-5.543807521E-03, 2.166666538E-01, 2.567117795E+02, 8.720417231E-06
      2024,-7.502300665E-03,-6.579340901E-03, 2.233333439E-01, 2.522487599E+02, 8.720417231E-06
      2025,-8.949524723E-03, 4.413417075E-03, 1.566666663E-01, 2.973144595E+02, 8.720417231E-06
      2026,-9.449026547E-03, 3.207512433E-03, 1.633333415E-01, 2.927488586E+02, 8.720417231E-06
      2027, 1.946726232E-03,-9.786853567E-03, 1.633333415E-01, 2.927489481E+02, 8.720417231E-06
      2028, 6.526309880E-04,-9.957224131E-03, 1.700000018E-01, 2.881995088E+02, 8.720417231E-06
      2029,-9.786853567E-03, 1.946726232E-03, 1.700000018E-01, 2.881994927E+02, 8.720417231E-06
      2030,-9.957224131E-03, 6.526309880E-04, 1.766666770E-01, 2.836661194E+02, 8.720417231E-06
      2031,-6.526309880E-04,-9.957224131E-03, 1.766666770E-01, 2.836661194E+02, 8.720417231E-06
      2032,-1.946726232E-03,-9.786853567E-03, 1.833333373E-01, 2.791469293E+02, 8.720417231E-06
      2033,-9.957224131E-03,-6.526309880E-04, 1.833333373E-01, 2.791469080E+02, 8.720417231E-06
      2034,-3.207512433E-03,-9.449026547E-03, 1.899999976E-01, 2.746414176E+02, 8.720417231E-06
      2035,-9.786853567E-03,-1.946726232E-03, 1.899999976E-01, 2.746413446E+02, 8.720417231E-06
      2036,-4.413417075E-03,-8.949524723E-03, 1.966666728E-01, 2.701455422E+02, 8.720417231E-06
      2037,-9.449026547E-03,-3.207512433E-03, 1.966666728E-01, 2.701455922E+02, 8.720417231E-06
      2038,-5.543807056E-03,-8.296893910E-03, 2.033333331E-01, 2.656591650E+02, 8.720417231E-06
      2039,-8.949524723E-03,-4.413417075E-03, 2.033333331E-01, 2.656592135E+02, 8.720417231E-06
      2040,-6.579341367E-03,-7.502300665E-03, 2.099999934E-01, 2.611819506E+02, 8.720417231E-06
      2041,-8.296893910E-03,-5.543807521E-03, 2.099999934E-01, 2.611819731E+02, 8.720417231E-06
      2042,-7.502300665E-03,-6.579340901E-03, 2.166666538E-01, 2.567117552E+02, 8.720417231E-06
      2043,-8.949524723E-03, 4.413417075E-03, 1.500000060E-01, 3.018970955E+02, 8.720417231E-06
      2044,-9.449026547E-03, 3.207512433E-03, 1.566666663E-01, 2.973145928E+02, 8.720417231E-06
      2045,-9.786853567E-03, 1.946726232E-03, 1.633333415E-01, 2.927489481E+02, 8.720417231E-06
      2046, 6.526309880E-04,-9.957224131E-03, 1.633333415E-01, 2.927489824E+02, 8.720417231E-06
      2047,-6.526309880E-04,-9.957224131E-03, 1.700000018E-01, 2.881995088E+02, 8.720417231E-06
      2048,-9.957224131E-03, 6.526309880E-04, 1.700000018E-01, 2.881995088E+02, 8.720417231E-06
      2049,-9.957224131E-03,-6.526309880E-04, 1.766666770E-01, 2.836661194E+02, 8.720417231E-06
      2050,-1.946726232E-03,-9.786853567E-03, 1.766666770E-01, 2.836661293E+02, 8.720417231E-06
      2051,-3.207512433E-03,-9.449026547E-03, 1.833333373E-01, 2.791469953E+02, 8.720417231E-06
      2052,-9.786853567E-03,-1.946726232E-03, 1.833333373E-01, 2.791469293E+02, 8.720417231E-06
      2053,-4.413417075E-03,-8.949524723E-03, 1.899999976E-01, 2.746414542E+02, 8.720417231E-06
      2054,-9.449026547E-03,-3.207512433E-03, 1.899999976E-01, 2.746414176E+02, 8.720417231E-06
      2055,-5.543807056E-03,-8.296893910E-03, 1.966666728E-01, 2.701454775E+02, 8.720417231E-06
      2056,-8.949524723E-03,-4.413417075E-03, 1.966666728E-01, 2.701455422E+02, 8.720417231E-06
      2057,-6.579341367E-03,-7.502300665E-03, 2.033333331E-01, 2.656591396E+02, 8.720417231E-06
      2058,-8.296893910E-03,-5.543807521E-03, 2.033333331E-01, 2.656591650E+02, 8.720417231E-06
      2059,-7.502300665E-03,-6.579340901E-03, 2.099999934E-01, 2.611819506E+02, 8.720417231E-06
      2060,-8.949524723E-03, 4.413417075E-03, 1.433333308E-01, 3.064995677E+02, 8.720417231E-06
      2061,-9.449026547E-03, 3.207512433E-03, 1.500000060E-01, 3.018971238E+02, 8.720417231E-06
      2062,-9.786853567E-03, 1.946726232E-03, 1.566666663E-01, 2.973147459E+02, 8.720417231E-06
      2063,-9.957224131E-03, 6.526309880E-04, 1.633333415E-01, 2.927489824E+02, 8.720417231E-06
      2064, 6.526309880E-04,-9.957224131E-03, 1.566666663E-01, 2.973148167E+02, 8.720417231E-06
      2065,-6.526309880E-04,-9.957224131E-03, 1.633333415E-01, 2.927489824E+02, 8.720417231E-06
      2066,-1.946726232E-03,-9.786853567E-03, 1.700000018E-01, 2.881994927E+02, 8.720417231E-06
      2067,-9.957224131E-03,-6.526309880E-04, 1.700000018E-01, 2.881995088E+02, 8.720417231E-06
      2068,-9.786853567E-03,-1.946726232E-03, 1.766666770E-01, 2.836661293E+02, 8.720417231E-06
      2069,-3.207512433E-03,-9.449026547E-03, 1.766666770E-01, 2.836661950E+02, 8.720417231E-06
      2070,-4.413417075E-03,-8.949524723E-03, 1.833333373E-01, 2.791470481E+02, 8.720417231E-06
      2071,-9.449026547E-03,-3.207512433E-03, 1.833333373E-01, 2.791469953E+02, 8.720417231E-06
      2072,-5.543807056E-03,-8.296893910E-03, 1.899999976E-01, 2.746414579E+02, 8.720417231E-06
      2073,-8.949524723E-03,-4.413417075E-03, 1.899999976E-01, 2.746414542E+02, 8.720417231E-06
      2074,-6.579341367E-03,-7.502300665E-03, 1.966666728E-01, 2.701454238E+02, 8.720417231E-06
      2075,-8.296893910E-03,-5.543807521E-03, 1.966666728E-01, 2.701454775E+02, 8.720417231E-06
      2076,-7.502300665E-03,-6.579340901E-03, 2.033333331E-01, 2.656591396E+02, 8.720417231E-06
      2077,-9.449026547E-03, 3.207512433E-03, 1.433333308E-01, 3.064994338E+02, 8.720417231E-06
      2078,-9.786853567E-03, 1.946726232E-03, 1.500000060E-01, 3.018971412E+02, 8.720417231E-06
      2079,-9.957224131E-03, 6.526309880E-04, 1.566666663E-01, 2.973148167E+02, 8.720417231E-06
      2080,-9.957224131E-03,-6.526309880E-04, 1.633333415E-01, 2.927489824E+02, 8.720417231E-06
      2081, 6.526309880E-04,-9.957224131E-03, 1.500000060E-01, 3.018971400E+02, 8.720417231E-06
      2082,-6.526309880E-04,-9.957224131E-03, 1.566666663E-01, 2.973148167E+02, 8.720417231E-06
      2083,-1.946726232E-03,-9.786853567E-03, 1.633333415E-01, 2.927489481E+02, 8.720417231E-06
      2084,-3.207512433E-03,-9.449026547E-03, 1.700000018E-01, 2.881995040E+02, 8.720417231E-06
      2085,-9.786853567E-03,-1.946726232E-03, 1.700000018E-01, 2.881994927E+02, 8.720417231E-06
      2086,-9.449026547E-03,-3.207512433E-03, 1.766666770E-01, 2.836661950E+02, 8.720417231E-06
      2087,-4.413417075E-03,-8.949524723E-03, 1.766666770E-01, 2.836662708E+02, 8.720417231E-06
      2088,-5.543807056E-03,-8.296893910E-03, 1.833333373E-01, 2.791470527E+02, 8.720417231E-06
      2089,-8.949524723E-03,-4.413417075E-03, 1.833333373E-01, 2.791470481E+02, 8.720417231E-06
      2090,-6.579341367E-03,-7.502300665E-03, 1.899999976E-01, 2.746414361E+02, 8.720417231E-06
      2091,-8.296893910E-03,-5.543807521E-03, 1.899999976E-01, 2.746414579E+02, 8.720417231E-06
      2092,-7.502300665E-03,-6.579340901E-03, 1.966666728E-01, 2.701454238E+02, 8.720417231E-06
      2093,-9.786853567E-03, 1.946726232E-03, 1.433333308E-01, 3.064993905E+02, 8.720417231E-06
      2094,-9.957224131E-03, 6.526309880E-04, 1.500000060E-01, 3.018971400E+02, 8.720417231E-06
      2095,-9.957224131E-03,-6.526309880E-04, 1.566666663E-01, 2.973148167E+02, 8.720417231E-06
      2096,-9.786853567E-03,-1.946726232E-03, 1.633333415E-01, 2.927489481E+02, 8.720417231E-06
      2097, 6.526309880E-04,-9.957224131E-03, 1.433333308E-01, 3.064993582E+02, 8.720417231E-06
      2098,-6.526309880E-04,-9.957224131E-03, 1.500000060E-01, 3.018971400E+02, 8.720417231E-06
      2099,-1.946726232E-03,-9.786853567E-03, 1.566666663E-01, 2.973147459E+02, 8.720417231E-06
      2100,-3.207512433E-03,-9.449026547E-03, 1.633333415E-01, 2.927488586E+02, 8.720417231E-06
      2101,-4.413417075E-03,-8.949524723E-03, 1.700000018E-01, 2.881995222E+02, 8.720417231E-06
      2102,-9.449026547E-03,-3.207512433E-03, 1.700000018E-01, 2.881995040E+02, 8.720417231E-06
      2103,-8.949524723E-03,-4.413417075E-03, 1.766666770E-01, 2.836662708E+02, 8.720417231E-06
      2104,-5.543807056E-03,-8.296893910E-03, 1.766666770E-01, 2.836663255E+02, 8.720417231E-06
      2105,-6.579341367E-03,-7.502300665E-03, 1.833333373E-01, 2.791470374E+02, 8.720417231E-06
      2106,-8.296893910E-03,-5.543807521E-03, 1.833333373E-01, 2.791470527E+02, 8.720417231E-06
      2107,-7.502300665E-03,-6.579340901E-03, 1.899999976E-01, 2.746414361E+02, 8.720417231E-06
      2108,-9.957224131E-03, 6.526309880E-04, 1.433333308E-01, 3.064993582E+02, 8.720417231E-06
      2109,-9.957224131E-03,-6.526309880E-04, 1.500000060E-01, 3.018971400E+02, 8.720417231E-06
      2110,-9.786853567E-03,-1.946726232E-03, 1.566666663E-01, 2.973147459E+02, 8.720417231E-06
      2111,-9.449026547E-03,-3.207512433E-03, 1.633333415E-01, 2.927488586E+02, 8.720417231E-06
      2112, 6.526309880E-04,-9.957224131E-03, 1.366666704E-01, 3.111232297E+02, 8.720417231E-06
      2113,-6.526309880E-04,-9.957224131E-03, 1.433333308E-01, 3.064993582E+02, 8.720417231E-06
      2114,-1.946726232E-03,-9.786853567E-03, 1.500000060E-01, 3.018971412E+02, 8.720417231E-06
      2115,-3.207512433E-03,-9.449026547E-03, 1.566666663E-01, 2.973145928E+02, 8.720417231E-06
      2116,-4.413417075E-03,-8.949524723E-03, 1.633333415E-01, 2.927488148E+02, 8.720417231E-06
      2117,-5.543807056E-03,-8.296893910E-03, 1.700000018E-01, 2.881995751E+02, 8.720417231E-06
      2118,-8.949524723E-03,-4.413417075E-03, 1.700000018E-01, 2.881995222E+02, 8.720417231E-06
      2119,-8.296893910E-03,-5.543807521E-03, 1.766666770E-01, 2.836663255E+02, 8.720417231E-06
      2120,-6.579341367E-03,-7.502300665E-03, 1.766666770E-01, 2.836663284E+02, 8.720417231E-06
      2121,-7.502300665E-03,-6.579340901E-03, 1.833333373E-01, 2.791470374E+02, 8.720417231E-06
      2122,-9.957224131E-03, 6.526309880E-04, 1.366666704E-01, 3.111232297E+02, 8.720417231E-06
      2123,-9.957224131E-03,-6.526309880E-04, 1.433333308E-01, 3.064993582E+02, 8.720417231E-06
      2124,-9.786853567E-03,-1.946726232E-03, 1.500000060E-01, 3.018971412E+02, 8.720417231E-06
      2125,-9.449026547E-03,-3.207512433E-03, 1.566666663E-01, 2.973145928E+02, 8.720417231E-06
      2126,-8.949524723E-03,-4.413417075E-03, 1.633333415E-01, 2.927488148E+02, 8.720417231E-06
      2127, 6.526309880E-04,-9.957224131E-03, 1.300000101E-01, 3.157706071E+02, 8.720417231E-06
      2128,-6.526309880E-04,-9.957224131E-03, 1.366666704E-01, 3.111232297E+02, 8.720417231E-06
      2129,-1.946726232E-03,-9.786853567E-03, 1.433333308E-01, 3.064993905E+02, 8.720417231E-06
      2130,-4.413417075E-03,-8.949524723E-03, 1.566666663E-01, 2.973144595E+02, 8.720417231E-06
      2131,-5.543807056E-03,-8.296893910E-03, 1.633333415E-01, 2.927487756E+02, 8.720417231E-06
      2132,-6.579341367E-03,-7.502300665E-03, 1.700000018E-01, 2.881995709E+02, 8.720417231E-06
      2133,-8.296893910E-03,-5.543807521E-03, 1.700000018E-01, 2.881995751E+02, 8.720417231E-06
      2134,-7.502300665E-03,-6.579340901E-03, 1.766666770E-01, 2.836663284E+02, 8.720417231E-06
      2135,-9.957224131E-03, 6.526309880E-04, 1.300000101E-01, 3.157706071E+02, 8.720417231E-06
      2136,-9.957224131E-03,-6.526309880E-04, 1.366666704E-01, 3.111232297E+02, 8.720417231E-06
      2137,-9.786853567E-03,-1.946726232E-03, 1.433333308E-01, 3.064993905E+02, 8.720417231E-06
      2138,-9.449026547E-03,-3.207512433E-03, 1.500000060E-01, 3.018971238E+02, 8.720417231E-06
      2139,-8.949524723E-03,-4.413417075E-03, 1.566666663E-01, 2.973144595E+02, 8.720417231E-06
      2140,-8.296893910E-03,-5.543807521E-03, 1.633333415E-01, 2.927487756E+02, 8.720417231E-06
      2141,-6.526309880E-04,-9.957224131E-03, 1.300000101E-01, 3.157706071E+02, 8.720417231E-06
      2142,-1.946726232E-03,-9.786853567E-03, 1.366666704E-01, 3.111232160E+02, 8.720417231E-06
      2143,-3.207512433E-03,-9.449026547E-03, 1.433333308E-01, 3.064994338E+02, 8.720417231E-06
      2144,-5.543807056E-03,-8.296893910E-03, 1.566666663E-01, 2.973143020E+02, 8.720417231E-06
      2145,-6.579341367E-03,-7.502300665E-03, 1.633333415E-01, 2.927487770E+02, 8.720417231E-06
      2146,-7.502300665E-03,-6.579340901E-03, 1.700000018E-01, 2.881995709E+02, 8.720417231E-06
      2147,-9.957224131E-03,-6.526309880E-04, 1.300000101E-01, 3.157706071E+02, 8.720417231E-06
      2148,-9.786853567E-03,-1.946726232E-03, 1.366666704E-01, 3.111232160E+02, 8.720417231E-06
      2149,-9.449026547E-03,-3.207512433E-03, 1.433333308E-01, 3.064994338E+02, 8.720417231E-06
      2150,-8.949524723E-03,-4.413417075E-03, 1.500000060E-01, 3.018970955E+02, 8.720417231E-06
      2151,-8.296893910E-03,-5.543807521E-03, 1.566666663E-01, 2.973143020E+02, 8.720417231E-06
      2152,-7.502300665E-03,-6.579340901E-03, 1.633333415E-01, 2.927487770E+02, 8.720417231E-06
      2153,-1.946726232E-03,-9.786853567E-03, 1.300000101E-01, 3.157705599E+02, 8.720417231E-06
      2154,-3.207512433E-03,-9.449026547E-03, 1.366666704E-01, 3.111232003E+02, 8.720417231E-06
      2155,-4.413417075E-03,-8.949524723E-03, 1.433333308E-01, 3.064995677E+02, 8.720417231E-06
      2156,-5.543807056E-03,-8.296893910E-03, 1.500000060E-01, 3.018969962E+02, 8.720417231E-06
      2157,-6.579341367E-03,-7.502300665E-03, 1.566666663E-01, 2.973142176E+02, 8.720417231E-06
      2158,-9.786853567E-03,-1.946726232E-03, 1.300000101E-01, 3.157705599E+02, 8.720417231E-06
      2159,-9.449026547E-03,-3.207512433E-03, 1.366666704E-01, 3.111232003E+02, 8.720417231E-06
      2160,-8.949524723E-03,-4.413417075E-03, 1.433333308E-01, 3.064995677E+02, 8.720417231E-06
      2161,-8.296893910E-03,-5.543807521E-03, 1.500000060E-01, 3.018969962E+02, 8.720417231E-06
      2162,-3.207512433E-03,-9.449026547E-03, 1.300000101E-01, 3.157705021E+02, 8.720417231E-06
      2163,-4.413417075E-03,-8.949524723E-03, 1.366666704E-01, 3.111232963E+02, 8.720417231E-06
      2164,-5.543807056E-03,-8.296893910E-03, 1.433333308E-01, 3.064995724E+02, 8.720417231E-06
      2165,-6.579341367E-03,-7.502300665E-03, 1.500000060E-01, 3.018969098E+02, 8.720417231E-06
      2166,-9.449026547E-03,-3.207512433E-03, 1.300000101E-01, 3.157705021E+02, 8.720417231E-06
      2167,-8.949524723E-03,-4.413417075E-03, 1.366666704E-01, 3.111232963E+02, 8.720417231E-06
      2168,-8.296893910E-03,-5.543807521E-03, 1.433333308E-01, 3.064995724E+02, 8.720417231E-06
      2169,-7.502300665E-03,-6.579340901E-03, 1.500000060E-01, 3.018969098E+02, 8.720417231E-06
      2170,-4.413417075E-03,-8.949524723E-03, 1.300000101E-01, 3.157704478E+02, 8.720417231E-06
      2171,-5.543807056E-03,-8.296893910E-03, 1.366666704E-01, 3.111233905E+02, 8.720417231E-06
      2172,-6.579341367E-03,-7.502300665E-03, 1.433333308E-01, 3.064995661E+02, 8.720417231E-06
      2173,-8.296893910E-03,-5.543807521E-03, 1.366666704E-01, 3.111233905E+02, 8.720417231E-06
      2174,-7.502300665E-03,-6.579340901E-03, 1.433333308E-01, 3.064995661E+02, 8.720417231E-06
      2175,-5.543807056E-03,-8.296893910E-03, 1.300000101E-01, 3.157704896E+02, 8.720417231E-06
      2176,-6.579341367E-03,-7.502300665E-03, 1.366666704E-01, 3.111234113E+02, 8.720417231E-06
      2177,-7.502300665E-03,-6.579340901E-03, 1.366666704E-01, 3.111234113E+02, 8.720417231E-06
      2178,-8.296893910E-03,-5.543807521E-03, 4.633333385E-01, 9.267321638E+01, 8.720417231E-06
      2179,-6.579341367E-03,-7.502300665E-03, 4.699999988E-01, 8.819763622E+01, 8.720417231E-06
      2180,-5.543807056E-03,-8.296893910E-03, 4.699999988E-01, 8.819766318E+01, 8.720417231E-06
      2181,-6.579341367E-03,-7.502300665E-03, 4.766666591E-01, 8.371749477E+01, 8.720417231E-06
      2182,-8.296893910E-03,-5.543807521E-03, 4.900000095E-01, 7.474244574E+01, 8.720417231E-06
      2183,-8.949524723E-03,-4.413417075E-03, 4.900000095E-01, 7.474247024E+01, 8.720417231E-06
      2184,-3.207512433E-03,-9.449026547E-03, 4.633333385E-01, 9.267327639E+01, 8.720417231E-06
      2185,-4.413417075E-03,-8.949524723E-03, 4.699999988E-01, 8.819770372E+01, 8.720417231E-06
      2186,-5.543807056E-03,-8.296893910E-03, 4.766666591E-01, 8.371751854E+01, 8.720417231E-06
      2187,-6.579341367E-03,-7.502300665E-03, 4.833333492E-01, 7.923247689E+01, 8.720417231E-06
      2188,-7.502300665E-03,-6.579340901E-03, 4.900000095E-01, 7.474242769E+01, 8.720417231E-06
      2189,-8.296893910E-03,-5.543807521E-03, 4.966666698E-01, 7.024710564E+01, 8.720417231E-06
      2190,-9.449026547E-03,-3.207512433E-03, 4.900000095E-01, 7.474249214E+01, 8.720417231E-06
      2191,-8.949524723E-03,-4.413417075E-03, 4.966666698E-01, 7.024713590E+01, 8.720417231E-06
      2192,-1.946726232E-03,-9.786853567E-03, 4.633333385E-01, 9.267329443E+01, 8.720417231E-06
      2193,-3.207512433E-03,-9.449026547E-03, 4.699999988E-01, 8.819774016E+01, 8.720417231E-06
      2194,-4.413417075E-03,-8.949524723E-03, 4.766666591E-01, 8.371755371E+01, 8.720417231E-06
      2195,-5.543807056E-03,-8.296893910E-03, 4.833333492E-01, 7.923249588E+01, 8.720417231E-06
      2196,-6.579341367E-03,-7.502300665E-03, 4.900000095E-01, 7.474242769E+01, 8.720417231E-06
      2197,-7.502300665E-03,-6.579340901E-03, 4.966666698E-01, 7.024708520E+01, 8.720417231E-06
      2198,-8.296893910E-03,-5.543807521E-03, 5.033333302E-01, 6.574645926E+01, 8.720417231E-06
      2199,-1.946726232E-03,-9.786853567E-03, 4.566666782E-01, 9.714442209E+01, 8.720417231E-06
      2200,-9.786853567E-03,-1.946726232E-03, 4.900000095E-01, 7.474251190E+01, 8.720417231E-06
      2201,-9.449026547E-03,-3.207512433E-03, 4.966666698E-01, 7.024716492E+01, 8.720417231E-06
      2202,-8.949524723E-03,-4.413417075E-03, 5.033333302E-01, 6.574649816E+01, 8.720417231E-06
      2203,-6.526309880E-04,-9.957224131E-03, 4.633333385E-01, 9.267330369E+01, 8.720417231E-06
      2204,-1.946726232E-03,-9.786853567E-03, 4.699999988E-01, 8.819776681E+01, 8.720417231E-06
      2205,-3.207512433E-03,-9.449026547E-03, 4.766666591E-01, 8.371758387E+01, 8.720417231E-06
      2206,-4.413417075E-03,-8.949524723E-03, 4.833333492E-01, 7.923252183E+01, 8.720417231E-06
      2207,-5.543807056E-03,-8.296893910E-03, 4.900000095E-01, 7.474244574E+01, 8.720417231E-06
      2208,-6.579341367E-03,-7.502300665E-03, 4.966666698E-01, 7.024708520E+01, 8.720417231E-06
      2209,-7.502300665E-03,-6.579340901E-03, 5.033333302E-01, 6.574643433E+01, 8.720417231E-06
      2210,-8.296893910E-03,-5.543807521E-03, 5.099999905E-01, 6.123995185E+01, 8.720417231E-06
      2211,-1.946726232E-03,-9.786853567E-03, 4.500000179E-01, 1.016113249E+02, 8.720417231E-06
      2212,-6.526309880E-04,-9.957224131E-03, 4.566666782E-01, 9.714442765E+01, 8.720417231E-06
      2213,-9.957224131E-03,-6.526309880E-04, 4.900000095E-01, 7.474251963E+01, 8.720417231E-06
      2214,-9.786853567E-03,-1.946726232E-03, 4.966666698E-01, 7.024719451E+01, 8.720417231E-06
      2215,-9.449026547E-03,-3.207512433E-03, 5.033333302E-01, 6.574653700E+01, 8.720417231E-06
      2216,-8.949524723E-03,-4.413417075E-03, 5.099999905E-01, 6.123999372E+01, 8.720417231E-06
      2217, 6.526309880E-04,-9.957224131E-03, 4.633333385E-01, 9.267330369E+01, 8.720417231E-06
      2218,-6.526309880E-04,-9.957224131E-03, 4.699999988E-01, 8.819778472E+01, 8.720417231E-06
      2219,-1.946726232E-03,-9.786853567E-03, 4.766666591E-01, 8.371760488E+01, 8.720417231E-06
      2220,-3.207512433E-03,-9.449026547E-03, 4.833333492E-01, 7.923254419E+01, 8.720417231E-06
      2221,-4.413417075E-03,-8.949524723E-03, 4.900000095E-01, 7.474247024E+01, 8.720417231E-06
      2222,-5.543807056E-03,-8.296893910E-03, 4.966666698E-01, 7.024710564E+01, 8.720417231E-06
      2223,-6.579341367E-03,-7.502300665E-03, 5.033333302E-01, 6.574643433E+01, 8.720417231E-06
      2224,-7.502300665E-03,-6.579340901E-03, 5.099999905E-01, 6.123992315E+01, 8.720417231E-06
      2225,-8.296893910E-03,-5.543807521E-03, 5.166666508E-01, 5.672805409E+01, 8.720417231E-06
      2226,-9.786853567E-03, 1.946726232E-03, 4.433333576E-01, 1.060740707E+02, 8.720417231E-06
      2227,-6.526309880E-04,-9.957224131E-03, 4.500000179E-01, 1.016113337E+02, 8.720417231E-06
      2228, 6.526309880E-04,-9.957224131E-03, 4.566666782E-01, 9.714442765E+01, 8.720417231E-06
      2229,-8.296893910E-03, 5.543807056E-03, 4.633333385E-01, 9.267321638E+01, 8.720417231E-06
      2230,-9.957224131E-03, 6.526309880E-04, 4.900000095E-01, 7.474251963E+01, 8.720417231E-06
      2231,-9.957224131E-03,-6.526309880E-04, 4.966666698E-01, 7.024720613E+01, 8.720417231E-06
      2232,-9.786853567E-03,-1.946726232E-03, 5.033333302E-01, 6.574657681E+01, 8.720417231E-06
      2233,-9.449026547E-03,-3.207512433E-03, 5.099999905E-01, 6.124004170E+01, 8.720417231E-06
      2234,-8.949524723E-03,-4.413417075E-03, 5.166666508E-01, 5.672809571E+01, 8.720417231E-06
      2235, 1.946726232E-03,-9.786853567E-03, 4.633333385E-01, 9.267329443E+01, 8.720417231E-06
      2236, 6.526309880E-04,-9.957224131E-03, 4.699999988E-01, 8.819778472E+01, 8.720417231E-06
      2237,-6.526309880E-04,-9.957224131E-03, 4.766666591E-01, 8.371762007E+01, 8.720417231E-06
      2238,-1.946726232E-03,-9.786853567E-03, 4.833333492E-01, 7.923256236E+01, 8.720417231E-06
      2239,-3.207512433E-03,-9.449026547E-03, 4.900000095E-01, 7.474249214E+01, 8.720417231E-06
      2240,-4.413417075E-03,-8.949524723E-03, 4.966666698E-01, 7.024713590E+01, 8.720417231E-06
      2241,-5.543807056E-03,-8.296893910E-03, 5.033333302E-01, 6.574645926E+01, 8.720417231E-06
      2242,-6.579341367E-03,-7.502300665E-03, 5.099999905E-01, 6.123992315E+01, 8.720417231E-06
      2243,-7.502300665E-03,-6.579340901E-03, 5.166666508E-01, 5.672802324E+01, 8.720417231E-06
      2244,-8.296893910E-03,-5.543807521E-03, 5.233333111E-01, 5.220950534E+01, 8.720417231E-06
      2245, 6.526309880E-04,-9.957224131E-03, 4.500000179E-01, 1.016113337E+02, 8.720417231E-06
      2246, 1.946726232E-03,-9.786853567E-03, 4.566666782E-01, 9.714442209E+01, 8.720417231E-06
      2247,-7.502300665E-03, 6.579341367E-03, 4.633333385E-01, 9.267319259E+01, 8.720417231E-06
      2248,-8.296893910E-03, 5.543807056E-03, 4.699999988E-01, 8.819766318E+01, 8.720417231E-06
      2249,-8.949524723E-03, 4.413417075E-03, 4.766666591E-01, 8.371755371E+01, 8.720417231E-06
      2250,-9.786853567E-03, 1.946726232E-03, 4.900000095E-01, 7.474251190E+01, 8.720417231E-06
      2251,-9.957224131E-03, 6.526309880E-04, 4.966666698E-01, 7.024720613E+01, 8.720417231E-06
      2252,-9.957224131E-03,-6.526309880E-04, 5.033333302E-01, 6.574659241E+01, 8.720417231E-06
      2253,-9.786853567E-03,-1.946726232E-03, 5.099999905E-01, 6.124008035E+01, 8.720417231E-06
      2254,-9.449026547E-03,-3.207512433E-03, 5.166666508E-01, 5.672814880E+01, 8.720417231E-06
      2255,-8.949524723E-03,-4.413417075E-03, 5.233333111E-01, 5.220954908E+01, 8.720417231E-06
      2256, 3.207512433E-03,-9.449026547E-03, 4.633333385E-01, 9.267327639E+01, 8.720417231E-06
      2257, 1.946726232E-03,-9.786853567E-03, 4.699999988E-01, 8.819776681E+01, 8.720417231E-06
      2258, 6.526309880E-04,-9.957224131E-03, 4.766666591E-01, 8.371762007E+01, 8.720417231E-06
      2259,-6.526309880E-04,-9.957224131E-03, 4.833333492E-01, 7.923257224E+01, 8.720417231E-06
      2260,-1.946726232E-03,-9.786853567E-03, 4.900000095E-01, 7.474251190E+01, 8.720417231E-06
      2261,-3.207512433E-03,-9.449026547E-03, 4.966666698E-01, 7.024716492E+01, 8.720417231E-06
      2262,-4.413417075E-03,-8.949524723E-03, 5.033333302E-01, 6.574649816E+01, 8.720417231E-06
      2263,-5.543807056E-03,-8.296893910E-03, 5.099999905E-01, 6.123995185E+01, 8.720417231E-06
      2264,-6.579341367E-03,-7.502300665E-03, 5.166666508E-01, 5.672802324E+01, 8.720417231E-06
      2265,-7.502300665E-03,-6.579340901E-03, 5.233333111E-01, 5.220947356E+01, 8.720417231E-06
      2266,-8.296893910E-03,-5.543807521E-03, 5.300000310E-01, 4.768633035E+01, 8.720417231E-06
      2267, 1.946726232E-03,-9.786853567E-03, 4.500000179E-01, 1.016113249E+02, 8.720417231E-06
      2268, 3.207512433E-03,-9.449026547E-03, 4.566666782E-01, 9.714440830E+01, 8.720417231E-06
      2269,-6.579340901E-03, 7.502300665E-03, 4.633333385E-01, 9.267319259E+01, 8.720417231E-06
      2270,-7.502300665E-03, 6.579341367E-03, 4.699999988E-01, 8.819763622E+01, 8.720417231E-06
      2271,-8.296893910E-03, 5.543807056E-03, 4.766666591E-01, 8.371751854E+01, 8.720417231E-06
      2272,-8.949524723E-03, 4.413417075E-03, 4.833333492E-01, 7.923252183E+01, 8.720417231E-06
      2273,-9.449026547E-03, 3.207512433E-03, 4.900000095E-01, 7.474249214E+01, 8.720417231E-06
      2274,-9.786853567E-03, 1.946726232E-03, 4.966666698E-01, 7.024719451E+01, 8.720417231E-06
      2275,-9.957224131E-03, 6.526309880E-04, 5.033333302E-01, 6.574659241E+01, 8.720417231E-06
      2276,-9.957224131E-03,-6.526309880E-04, 5.099999905E-01, 6.124009737E+01, 8.720417231E-06
      2277,-9.786853567E-03,-1.946726232E-03, 5.166666508E-01, 5.672818093E+01, 8.720417231E-06
      2278,-9.449026547E-03,-3.207512433E-03, 5.233333111E-01, 5.220960304E+01, 8.720417231E-06
      2279,-8.949524723E-03,-4.413417075E-03, 5.300000310E-01, 4.768637703E+01, 8.720417231E-06
      2280, 4.413417075E-03,-8.949524723E-03, 4.633333385E-01, 9.267325000E+01, 8.720417231E-06
      2281, 3.207512433E-03,-9.449026547E-03, 4.699999988E-01, 8.819774016E+01, 8.720417231E-06
      2282, 1.946726232E-03,-9.786853567E-03, 4.766666591E-01, 8.371760488E+01, 8.720417231E-06
      2283, 6.526309880E-04,-9.957224131E-03, 4.833333492E-01, 7.923257224E+01, 8.720417231E-06
      2284,-6.526309880E-04,-9.957224131E-03, 4.900000095E-01, 7.474251963E+01, 8.720417231E-06
      2285,-1.946726232E-03,-9.786853567E-03, 4.966666698E-01, 7.024719451E+01, 8.720417231E-06
      2286,-3.207512433E-03,-9.449026547E-03, 5.033333302E-01, 6.574653700E+01, 8.720417231E-06
      2287,-4.413417075E-03,-8.949524723E-03, 5.099999905E-01, 6.123999372E+01, 8.720417231E-06
      2288,-5.543807056E-03,-8.296893910E-03, 5.166666508E-01, 5.672805409E+01, 8.720417231E-06
      2289,-6.579341367E-03,-7.502300665E-03, 5.233333111E-01, 5.220947356E+01, 8.720417231E-06
      2290,-7.502300665E-03,-6.579340901E-03, 5.300000310E-01, 4.768629899E+01, 8.720417231E-06
      2291,-8.296893910E-03,-5.543807521E-03, 5.366666913E-01, 4.315460654E+01, 8.720417231E-06
      2292, 3.207512433E-03,-9.449026547E-03, 4.500000179E-01, 1.016113071E+02, 8.720417231E-06
      2293,-6.579340901E-03, 7.502300665E-03, 4.566666782E-01, 9.714432891E+01, 8.720417231E-06
      2294, 4.413417075E-03,-8.949524723E-03, 4.566666782E-01, 9.714438503E+01, 8.720417231E-06
      2295,-5.543807521E-03, 8.296893910E-03, 4.633333385E-01, 9.267321638E+01, 8.720417231E-06
      2296,-6.579340901E-03, 7.502300665E-03, 4.699999988E-01, 8.819763622E+01, 8.720417231E-06
      2297,-7.502300665E-03, 6.579341367E-03, 4.766666591E-01, 8.371749477E+01, 8.720417231E-06
      2298,-8.296893910E-03, 5.543807056E-03, 4.833333492E-01, 7.923249588E+01, 8.720417231E-06
      2299,-8.949524723E-03, 4.413417075E-03, 4.900000095E-01, 7.474247024E+01, 8.720417231E-06
      2300,-9.449026547E-03, 3.207512433E-03, 4.966666698E-01, 7.024716492E+01, 8.720417231E-06
      2301,-9.786853567E-03, 1.946726232E-03, 5.033333302E-01, 6.574657681E+01, 8.720417231E-06
      2302,-9.957224131E-03, 6.526309880E-04, 5.099999905E-01, 6.124009737E+01, 8.720417231E-06
      2303,-9.957224131E-03,-6.526309880E-04, 5.166666508E-01, 5.672819814E+01, 8.720417231E-06
      2304,-9.786853567E-03,-1.946726232E-03, 5.233333111E-01, 5.220963107E+01, 8.720417231E-06
      2305,-9.449026547E-03,-3.207512433E-03, 5.300000310E-01, 4.768642990E+01, 8.720417231E-06
      2306,-8.949524723E-03,-4.413417075E-03, 5.366666913E-01, 4.315465845E+01, 8.720417231E-06
      2307, 5.543807521E-03,-8.296893910E-03, 4.633333385E-01, 9.267321638E+01, 8.720417231E-06
      2308, 4.413417075E-03,-8.949524723E-03, 4.699999988E-01, 8.819770372E+01, 8.720417231E-06
      2309, 3.207512433E-03,-9.449026547E-03, 4.766666591E-01, 8.371758387E+01, 8.720417231E-06
      2310, 1.946726232E-03,-9.786853567E-03, 4.833333492E-01, 7.923256236E+01, 8.720417231E-06
      2311, 6.526309880E-04,-9.957224131E-03, 4.900000095E-01, 7.474251963E+01, 8.720417231E-06
      2312,-6.526309880E-04,-9.957224131E-03, 4.966666698E-01, 7.024720613E+01, 8.720417231E-06
      2313,-1.946726232E-03,-9.786853567E-03, 5.033333302E-01, 6.574657681E+01, 8.720417231E-06
      2314,-3.207512433E-03,-9.449026547E-03, 5.099999905E-01, 6.124004170E+01, 8.720417231E-06
      2315,-4.413417075E-03,-8.949524723E-03, 5.166666508E-01, 5.672809571E+01, 8.720417231E-06
      2316,-5.543807056E-03,-8.296893910E-03, 5.233333111E-01, 5.220950534E+01, 8.720417231E-06
      2317,-6.579341367E-03,-7.502300665E-03, 5.300000310E-01, 4.768629899E+01, 8.720417231E-06
      2318,-7.502300665E-03,-6.579340901E-03, 5.366666913E-01, 4.315457269E+01, 8.720417231E-06
      2319,-8.296893910E-03,-5.543807521E-03, 5.433333516E-01, 3.862183478E+01, 8.720417231E-06
      2320, 8.296893910E-03,-5.543807056E-03, 4.633333385E-01, 9.267321638E+01, 8.720417231E-06
      2321, 3.207512433E-03,-9.449026547E-03, 4.433333576E-01, 1.060740517E+02, 8.720417231E-06
      2322, 4.413417075E-03,-8.949524723E-03, 4.500000179E-01, 1.016112779E+02, 8.720417231E-06
      2323,-5.543807521E-03, 8.296893910E-03, 4.566666782E-01, 9.714435387E+01, 8.720417231E-06
      2324, 5.543807521E-03,-8.296893910E-03, 4.566666782E-01, 9.714435387E+01, 8.720417231E-06
      2325,-4.413417075E-03, 8.949524723E-03, 4.633333385E-01, 9.267325000E+01, 8.720417231E-06
      2326,-5.543807521E-03, 8.296893910E-03, 4.699999988E-01, 8.819766318E+01, 8.720417231E-06
      2327,-6.579340901E-03, 7.502300665E-03, 4.766666591E-01, 8.371749477E+01, 8.720417231E-06
      2328,-7.502300665E-03, 6.579341367E-03, 4.833333492E-01, 7.923247689E+01, 8.720417231E-06
      2329,-8.296893910E-03, 5.543807056E-03, 4.900000095E-01, 7.474244574E+01, 8.720417231E-06
      2330,-8.949524723E-03, 4.413417075E-03, 4.966666698E-01, 7.024713590E+01, 8.720417231E-06
      2331,-9.449026547E-03, 3.207512433E-03, 5.033333302E-01, 6.574653700E+01, 8.720417231E-06
      2332,-9.786853567E-03, 1.946726232E-03, 5.099999905E-01, 6.124008035E+01, 8.720417231E-06
      2333,-9.957224131E-03, 6.526309880E-04, 5.166666508E-01, 5.672819814E+01, 8.720417231E-06
      2334,-9.957224131E-03,-6.526309880E-04, 5.233333111E-01, 5.220964848E+01, 8.720417231E-06
      2335,-9.786853567E-03,-1.946726232E-03, 5.300000310E-01, 4.768645807E+01, 8.720417231E-06
      2336,-9.449026547E-03,-3.207512433E-03, 5.366666913E-01, 4.315471482E+01, 8.720417231E-06
      2337,-8.949524723E-03,-4.413417075E-03, 5.433333516E-01, 3.862188558E+01, 8.720417231E-06
      2338, 6.579340901E-03,-7.502300665E-03, 4.633333385E-01, 9.267319259E+01, 8.720417231E-06
      2339, 5.543807521E-03,-8.296893910E-03, 4.699999988E-01, 8.819766318E+01, 8.720417231E-06
      2340, 4.413417075E-03,-8.949524723E-03, 4.766666591E-01, 8.371755371E+01, 8.720417231E-06
      2341, 3.207512433E-03,-9.449026547E-03, 4.833333492E-01, 7.923254419E+01, 8.720417231E-06
      2342, 1.946726232E-03,-9.786853567E-03, 4.900000095E-01, 7.474251190E+01, 8.720417231E-06
      2343, 6.526309880E-04,-9.957224131E-03, 4.966666698E-01, 7.024720613E+01, 8.720417231E-06
      2344,-6.526309880E-04,-9.957224131E-03, 5.033333302E-01, 6.574659241E+01, 8.720417231E-06
      2345,-1.946726232E-03,-9.786853567E-03, 5.099999905E-01, 6.124008035E+01, 8.720417231E-06
      2346,-3.207512433E-03,-9.449026547E-03, 5.166666508E-01, 5.672814880E+01, 8.720417231E-06
      2347,-4.413417075E-03,-8.949524723E-03, 5.233333111E-01, 5.220954908E+01, 8.720417231E-06
      2348,-5.543807056E-03,-8.296893910E-03, 5.300000310E-01, 4.768633035E+01, 8.720417231E-06
      2349,-6.579341367E-03,-7.502300665E-03, 5.366666913E-01, 4.315457269E+01, 8.720417231E-06
      2350,-7.502300665E-03,-6.579340901E-03, 5.433333516E-01, 3.862180036E+01, 8.720417231E-06
      2351,-8.296893910E-03,-5.543807521E-03, 5.500000119E-01, 3.407468155E+01, 8.720417231E-06
      2352, 8.296893910E-03,-5.543807056E-03, 4.566666782E-01, 9.714435387E+01, 8.720417231E-06
      2353, 7.502300665E-03,-6.579341367E-03, 4.633333385E-01, 9.267319259E+01, 8.720417231E-06
      2354, 8.949524723E-03,-4.413417075E-03, 4.633333385E-01, 9.267325000E+01, 8.720417231E-06
      2355, 8.296893910E-03,-5.543807056E-03, 4.699999988E-01, 8.819766318E+01, 8.720417231E-06
      2356, 4.413417075E-03,-8.949524723E-03, 4.433333576E-01, 1.060740199E+02, 8.720417231E-06
      2357, 5.543807521E-03,-8.296893910E-03, 4.500000179E-01, 1.016112432E+02, 8.720417231E-06
      2358, 6.579340901E-03,-7.502300665E-03, 4.566666782E-01, 9.714432891E+01, 8.720417231E-06
      2359,-3.207512433E-03, 9.449026547E-03, 4.633333385E-01, 9.267327639E+01, 8.720417231E-06
      2360,-4.413417075E-03, 8.949524723E-03, 4.699999988E-01, 8.819770372E+01, 8.720417231E-06
      2361,-5.543807521E-03, 8.296893910E-03, 4.766666591E-01, 8.371751854E+01, 8.720417231E-06
      2362,-6.579340901E-03, 7.502300665E-03, 4.833333492E-01, 7.923247689E+01, 8.720417231E-06
      2363,-7.502300665E-03, 6.579341367E-03, 4.900000095E-01, 7.474242769E+01, 8.720417231E-06
      2364,-8.296893910E-03, 5.543807056E-03, 4.966666698E-01, 7.024710564E+01, 8.720417231E-06
      2365,-8.949524723E-03, 4.413417075E-03, 5.033333302E-01, 6.574649816E+01, 8.720417231E-06
      2366,-9.449026547E-03, 3.207512433E-03, 5.099999905E-01, 6.124004170E+01, 8.720417231E-06
      2367,-9.786853567E-03, 1.946726232E-03, 5.166666508E-01, 5.672818093E+01, 8.720417231E-06
      2368,-9.957224131E-03, 6.526309880E-04, 5.233333111E-01, 5.220964848E+01, 8.720417231E-06
      2369,-9.957224131E-03,-6.526309880E-04, 5.300000310E-01, 4.768647386E+01, 8.720417231E-06
      2370,-9.786853567E-03,-1.946726232E-03, 5.366666913E-01, 4.315474717E+01, 8.720417231E-06
      2371,-9.449026547E-03,-3.207512433E-03, 5.433333516E-01, 3.862194137E+01, 8.720417231E-06
      2372,-8.949524723E-03,-4.413417075E-03, 5.500000119E-01, 3.407474510E+01, 8.720417231E-06
      2373, 6.579340901E-03,-7.502300665E-03, 4.699999988E-01, 8.819763622E+01, 8.720417231E-06
      2374, 5.543807521E-03,-8.296893910E-03, 4.766666591E-01, 8.371751854E+01, 8.720417231E-06
      2375, 4.413417075E-03,-8.949524723E-03, 4.833333492E-01, 7.923252183E+01, 8.720417231E-06
      2376, 3.207512433E-03,-9.449026547E-03, 4.900000095E-01, 7.474249214E+01, 8.720417231E-06
      2377, 1.946726232E-03,-9.786853567E-03, 4.966666698E-01, 7.024719451E+01, 8.720417231E-06
      2378, 6.526309880E-04,-9.957224131E-03, 5.033333302E-01, 6.574659241E+01, 8.720417231E-06
      2379,-6.526309880E-04,-9.957224131E-03, 5.099999905E-01, 6.124009737E+01, 8.720417231E-06
      2380,-1.946726232E-03,-9.786853567E-03, 5.166666508E-01, 5.672818093E+01, 8.720417231E-06
      2381,-3.207512433E-03,-9.449026547E-03, 5.233333111E-01, 5.220960304E+01, 8.720417231E-06
      2382,-4.413417075E-03,-8.949524723E-03, 5.300000310E-01, 4.768637703E+01, 8.720417231E-06
      2383,-5.543807056E-03,-8.296893910E-03, 5.366666913E-01, 4.315460654E+01, 8.720417231E-06
      2384,-6.579341367E-03,-7.502300665E-03, 5.433333516E-01, 3.862180036E+01, 8.720417231E-06
      2385,-7.502300665E-03,-6.579340901E-03, 5.500000119E-01, 3.407464360E+01, 8.720417231E-06
      2386,-8.296893910E-03,-5.543807521E-03, 5.566666722E-01, 2.953798009E+01, 8.720417231E-06
      2387, 8.296893910E-03,-5.543807056E-03, 4.500000179E-01, 1.016112432E+02, 8.720417231E-06
      2388, 7.502300665E-03,-6.579341367E-03, 4.566666782E-01, 9.714432891E+01, 8.720417231E-06
      2389, 8.949524723E-03,-4.413417075E-03, 4.566666782E-01, 9.714438503E+01, 8.720417231E-06
      2390, 7.502300665E-03,-6.579341367E-03, 4.699999988E-01, 8.819763622E+01, 8.720417231E-06
      2391, 9.449026547E-03,-3.207512433E-03, 4.633333385E-01, 9.267327639E+01, 8.720417231E-06
      2392, 8.949524723E-03,-4.413417075E-03, 4.699999988E-01, 8.819770372E+01, 8.720417231E-06
      2393, 8.296893910E-03,-5.543807056E-03, 4.766666591E-01, 8.371751854E+01, 8.720417231E-06
      2394, 5.543807521E-03,-8.296893910E-03, 4.433333576E-01, 1.060739823E+02, 8.720417231E-06
      2395, 4.413417075E-03,-8.949524723E-03, 4.366666377E-01, 1.105326254E+02, 8.720417231E-06
      2396, 6.579340901E-03,-7.502300665E-03, 4.500000179E-01, 1.016112124E+02, 8.720417231E-06
      2397,-1.946726232E-03, 9.786853567E-03, 4.633333385E-01, 9.267329443E+01, 8.720417231E-06
      2398,-3.207512433E-03, 9.449026547E-03, 4.699999988E-01, 8.819774016E+01, 8.720417231E-06
      2399,-4.413417075E-03, 8.949524723E-03, 4.766666591E-01, 8.371755371E+01, 8.720417231E-06
      2400,-5.543807521E-03, 8.296893910E-03, 4.833333492E-01, 7.923249588E+01, 8.720417231E-06
      2401,-6.579340901E-03, 7.502300665E-03, 4.900000095E-01, 7.474242769E+01, 8.720417231E-06
      2402,-7.502300665E-03, 6.579341367E-03, 4.966666698E-01, 7.024708520E+01, 8.720417231E-06
      2403,-8.296893910E-03, 5.543807056E-03, 5.033333302E-01, 6.574645926E+01, 8.720417231E-06
      2404,-8.949524723E-03, 4.413417075E-03, 5.099999905E-01, 6.123999372E+01, 8.720417231E-06
      2405,-9.449026547E-03, 3.207512433E-03, 5.166666508E-01, 5.672814880E+01, 8.720417231E-06
      2406,-9.786853567E-03, 1.946726232E-03, 5.233333111E-01, 5.220963107E+01, 8.720417231E-06
      2407,-9.957224131E-03, 6.526309880E-04, 5.300000310E-01, 4.768647386E+01, 8.720417231E-06
      2408,-9.957224131E-03,-6.526309880E-04, 5.366666913E-01, 4.315476336E+01, 8.720417231E-06
      2409,-9.786853567E-03,-1.946726232E-03, 5.433333516E-01, 3.862197376E+01, 8.720417231E-06
      2410,-9.449026547E-03,-3.207512433E-03, 5.500000119E-01, 3.407480502E+01, 8.720417231E-06
      2411,-8.949524723E-03,-4.413417075E-03, 5.566666722E-01, 2.953803021E+01, 8.720417231E-06
      2412, 6.579340901E-03,-7.502300665E-03, 4.766666591E-01, 8.371749477E+01, 8.720417231E-06
      2413, 5.543807521E-03,-8.296893910E-03, 4.833333492E-01, 7.923249588E+01, 8.720417231E-06
      2414, 4.413417075E-03,-8.949524723E-03, 4.900000095E-01, 7.474247024E+01, 8.720417231E-06
      2415, 3.207512433E-03,-9.449026547E-03, 4.966666698E-01, 7.024716492E+01, 8.720417231E-06
      2416, 1.946726232E-03,-9.786853567E-03, 5.033333302E-01, 6.574657681E+01, 8.720417231E-06
      2417, 6.526309880E-04,-9.957224131E-03, 5.099999905E-01, 6.124009737E+01, 8.720417231E-06
      2418,-6.526309880E-04,-9.957224131E-03, 5.166666508E-01, 5.672819814E+01, 8.720417231E-06
      2419,-1.946726232E-03,-9.786853567E-03, 5.233333111E-01, 5.220963107E+01, 8.720417231E-06
      2420,-3.207512433E-03,-9.449026547E-03, 5.300000310E-01, 4.768642990E+01, 8.720417231E-06
      2421,-4.413417075E-03,-8.949524723E-03, 5.366666913E-01, 4.315465845E+01, 8.720417231E-06
      2422,-5.543807056E-03,-8.296893910E-03, 5.433333516E-01, 3.862183478E+01, 8.720417231E-06
      2423,-6.579341367E-03,-7.502300665E-03, 5.500000119E-01, 3.407464360E+01, 8.720417231E-06
      2424,-7.502300665E-03,-6.579340901E-03, 5.566666722E-01, 2.953794888E+01, 8.720417231E-06
      2425,-8.296893910E-03,-5.543807521E-03, 5.633333325E-01, 2.496693965E+01, 8.720417231E-06
      2426, 8.296893910E-03,-5.543807056E-03, 4.433333576E-01, 1.060739823E+02, 8.720417231E-06
      2427, 7.502300665E-03,-6.579341367E-03, 4.500000179E-01, 1.016112124E+02, 8.720417231E-06
      2428, 8.949524723E-03,-4.413417075E-03, 4.500000179E-01, 1.016112779E+02, 8.720417231E-06
      2429, 9.449026547E-03,-3.207512433E-03, 4.566666782E-01, 9.714440830E+01, 8.720417231E-06
      2430, 7.502300665E-03,-6.579341367E-03, 4.766666591E-01, 8.371749477E+01, 8.720417231E-06
      2431, 9.786853567E-03,-1.946726232E-03, 4.633333385E-01, 9.267329443E+01, 8.720417231E-06
      2432, 9.449026547E-03,-3.207512433E-03, 4.699999988E-01, 8.819774016E+01, 8.720417231E-06
      2433, 8.949524723E-03,-4.413417075E-03, 4.766666591E-01, 8.371755371E+01, 8.720417231E-06
      2434, 8.296893910E-03,-5.543807056E-03, 4.833333492E-01, 7.923249588E+01, 8.720417231E-06
      2435, 6.579340901E-03,-7.502300665E-03, 4.433333576E-01, 1.060739474E+02, 8.720417231E-06
      2436, 5.543807521E-03,-8.296893910E-03, 4.366666377E-01, 1.105325856E+02, 8.720417231E-06
      2437,-1.946726232E-03, 9.786853567E-03, 4.566666782E-01, 9.714442209E+01, 8.720417231E-06
      2438,-6.526309880E-04, 9.957224131E-03, 4.633333385E-01, 9.267330369E+01, 8.720417231E-06
      2439,-1.946726232E-03, 9.786853567E-03, 4.699999988E-01, 8.819776681E+01, 8.720417231E-06
      2440,-3.207512433E-03, 9.449026547E-03, 4.766666591E-01, 8.371758387E+01, 8.720417231E-06
      2441,-4.413417075E-03, 8.949524723E-03, 4.833333492E-01, 7.923252183E+01, 8.720417231E-06
      2442,-5.543807521E-03, 8.296893910E-03, 4.900000095E-01, 7.474244574E+01, 8.720417231E-06
      2443,-6.579340901E-03, 7.502300665E-03, 4.966666698E-01, 7.024708520E+01, 8.720417231E-06
      2444,-7.502300665E-03, 6.579341367E-03, 5.033333302E-01, 6.574643433E+01, 8.720417231E-06
      2445,-8.296893910E-03, 5.543807056E-03, 5.099999905E-01, 6.123995185E+01, 8.720417231E-06
      2446,-8.949524723E-03, 4.413417075E-03, 5.166666508E-01, 5.672809571E+01, 8.720417231E-06
      2447,-9.449026547E-03, 3.207512433E-03, 5.233333111E-01, 5.220960304E+01, 8.720417231E-06
      2448,-9.786853567E-03, 1.946726232E-03, 5.300000310E-01, 4.768645807E+01, 8.720417231E-06
      2449,-9.957224131E-03, 6.526309880E-04, 5.366666913E-01, 4.315476336E+01, 8.720417231E-06
      2450,-9.957224131E-03,-6.526309880E-04, 5.433333516E-01, 3.862198928E+01, 8.720417231E-06
      2451,-9.786853567E-03,-1.946726232E-03, 5.500000119E-01, 3.407484457E+01, 8.720417231E-06
      2452,-9.449026547E-03,-3.207512433E-03, 5.566666722E-01, 2.953806877E+01, 8.720417231E-06
      2453,-8.949524723E-03,-4.413417075E-03, 5.633333325E-01, 2.496700903E+01, 8.720417231E-06
      2454, 6.579340901E-03,-7.502300665E-03, 4.833333492E-01, 7.923247689E+01, 8.720417231E-06
      2455, 5.543807521E-03,-8.296893910E-03, 4.900000095E-01, 7.474244574E+01, 8.720417231E-06
      2456, 4.413417075E-03,-8.949524723E-03, 4.966666698E-01, 7.024713590E+01, 8.720417231E-06
      2457, 3.207512433E-03,-9.449026547E-03, 5.033333302E-01, 6.574653700E+01, 8.720417231E-06
      2458, 1.946726232E-03,-9.786853567E-03, 5.099999905E-01, 6.124008035E+01, 8.720417231E-06
      2459, 6.526309880E-04,-9.957224131E-03, 5.166666508E-01, 5.672819814E+01, 8.720417231E-06
      2460,-6.526309880E-04,-9.957224131E-03, 5.233333111E-01, 5.220964848E+01, 8.720417231E-06
      2461,-1.946726232E-03,-9.786853567E-03, 5.300000310E-01, 4.768645807E+01, 8.720417231E-06
      2462,-3.207512433E-03,-9.449026547E-03, 5.366666913E-01, 4.315471482E+01, 8.720417231E-06
      2463,-4.413417075E-03,-8.949524723E-03, 5.433333516E-01, 3.862188558E+01, 8.720417231E-06
      2464,-5.543807056E-03,-8.296893910E-03, 5.500000119E-01, 3.407468155E+01, 8.720417231E-06
      2465,-6.579341367E-03,-7.502300665E-03, 5.566666722E-01, 2.953794888E+01, 8.720417231E-06
      2466,-7.502300665E-03,-6.579340901E-03, 5.633333325E-01, 2.496689849E+01, 8.720417231E-06
      2467,-8.296893910E-03,-5.543807521E-03, 5.699999928E-01, 2.044389213E+01, 8.720417231E-06
      2468, 7.502300665E-03,-6.579341367E-03, 4.433333576E-01, 1.060739474E+02, 8.720417231E-06
      2469, 8.949524723E-03,-4.413417075E-03, 4.433333576E-01, 1.060740199E+02, 8.720417231E-06
      2470, 8.296893910E-03,-5.543807056E-03, 4.366666377E-01, 1.105325856E+02, 8.720417231E-06
      2471, 9.449026547E-03,-3.207512433E-03, 4.500000179E-01, 1.016113071E+02, 8.720417231E-06
      2472, 9.786853567E-03,-1.946726232E-03, 4.566666782E-01, 9.714442209E+01, 8.720417231E-06
      2473, 7.502300665E-03,-6.579341367E-03, 4.833333492E-01, 7.923247689E+01, 8.720417231E-06
      2474, 9.957224131E-03,-6.526309880E-04, 4.633333385E-01, 9.267330369E+01, 8.720417231E-06
      2475, 9.786853567E-03,-1.946726232E-03, 4.699999988E-01, 8.819776681E+01, 8.720417231E-06
      2476, 9.449026547E-03,-3.207512433E-03, 4.766666591E-01, 8.371758387E+01, 8.720417231E-06
      2477, 8.949524723E-03,-4.413417075E-03, 4.833333492E-01, 7.923252183E+01, 8.720417231E-06
      2478, 8.296893910E-03,-5.543807056E-03, 4.900000095E-01, 7.474244574E+01, 8.720417231E-06
      2479,-3.207512433E-03, 9.449026547E-03, 4.433333576E-01, 1.060740517E+02, 8.720417231E-06
      2480, 6.579340901E-03,-7.502300665E-03, 4.366666377E-01, 1.105325489E+02, 8.720417231E-06
      2481, 5.543807521E-03,-8.296893910E-03, 4.299999774E-01, 1.149873471E+02, 8.720417231E-06
      2482,-1.946726232E-03, 9.786853567E-03, 4.500000179E-01, 1.016113249E+02, 8.720417231E-06
      2483,-6.526309880E-04, 9.957224131E-03, 4.566666782E-01, 9.714442765E+01, 8.720417231E-06
      2484, 6.526309880E-04, 9.957224131E-03, 4.633333385E-01, 9.267330369E+01, 8.720417231E-06
      2485,-6.526309880E-04, 9.957224131E-03, 4.699999988E-01, 8.819778472E+01, 8.720417231E-06
      2486,-1.946726232E-03, 9.786853567E-03, 4.766666591E-01, 8.371760488E+01, 8.720417231E-06
      2487,-3.207512433E-03, 9.449026547E-03, 4.833333492E-01, 7.923254419E+01, 8.720417231E-06
      2488,-4.413417075E-03, 8.949524723E-03, 4.900000095E-01, 7.474247024E+01, 8.720417231E-06
      2489,-5.543807521E-03, 8.296893910E-03, 4.966666698E-01, 7.024710564E+01, 8.720417231E-06
      2490,-6.579340901E-03, 7.502300665E-03, 5.033333302E-01, 6.574643433E+01, 8.720417231E-06
      2491,-7.502300665E-03, 6.579341367E-03, 5.099999905E-01, 6.123992315E+01, 8.720417231E-06
      2492,-8.296893910E-03, 5.543807056E-03, 5.166666508E-01, 5.672805409E+01, 8.720417231E-06
      2493,-8.949524723E-03, 4.413417075E-03, 5.233333111E-01, 5.220954908E+01, 8.720417231E-06
      2494,-9.449026547E-03, 3.207512433E-03, 5.300000310E-01, 4.768642990E+01, 8.720417231E-06
      2495,-9.786853567E-03, 1.946726232E-03, 5.366666913E-01, 4.315474717E+01, 8.720417231E-06
      2496,-9.957224131E-03, 6.526309880E-04, 5.433333516E-01, 3.862198928E+01, 8.720417231E-06
      2497,-9.957224131E-03,-6.526309880E-04, 5.500000119E-01, 3.407486358E+01, 8.720417231E-06
      2498,-9.786853567E-03,-1.946726232E-03, 5.566666722E-01, 2.953809353E+01, 8.720417231E-06
      2499,-9.449026547E-03,-3.207512433E-03, 5.633333325E-01, 2.496706030E+01, 8.720417231E-06
      2500,-8.949524723E-03,-4.413417075E-03, 5.699999928E-01, 2.044393372E+01, 8.720417231E-06
      2501, 6.579340901E-03,-7.502300665E-03, 4.900000095E-01, 7.474242769E+01, 8.720417231E-06
      2502, 5.543807521E-03,-8.296893910E-03, 4.966666698E-01, 7.024710564E+01, 8.720417231E-06
      2503, 4.413417075E-03,-8.949524723E-03, 5.033333302E-01, 6.574649816E+01, 8.720417231E-06
      2504, 3.207512433E-03,-9.449026547E-03, 5.099999905E-01, 6.124004170E+01, 8.720417231E-06
      2505, 1.946726232E-03,-9.786853567E-03, 5.166666508E-01, 5.672818093E+01, 8.720417231E-06
      2506, 6.526309880E-04,-9.957224131E-03, 5.233333111E-01, 5.220964848E+01, 8.720417231E-06
      2507,-6.526309880E-04,-9.957224131E-03, 5.300000310E-01, 4.768647386E+01, 8.720417231E-06
      2508,-1.946726232E-03,-9.786853567E-03, 5.366666913E-01, 4.315474717E+01, 8.720417231E-06
      2509,-3.207512433E-03,-9.449026547E-03, 5.433333516E-01, 3.862194137E+01, 8.720417231E-06
      2510,-4.413417075E-03,-8.949524723E-03, 5.500000119E-01, 3.407474510E+01, 8.720417231E-06
      2511,-5.543807056E-03,-8.296893910E-03, 5.566666722E-01, 2.953798009E+01, 8.720417231E-06
      2512,-6.579341367E-03,-7.502300665E-03, 5.633333325E-01, 2.496689849E+01, 8.720417231E-06
      2513,-7.502300665E-03,-6.579340901E-03, 5.699999928E-01, 2.044386508E+01, 8.720417231E-06
      2514,-8.296893910E-03,-5.543807521E-03, 5.766666532E-01, 1.581912252E+01, 8.720417231E-06
      2515, 7.502300665E-03,-6.579341367E-03, 4.366666377E-01, 1.105325489E+02, 8.720417231E-06
      2516, 9.449026547E-03,-3.207512433E-03, 4.433333576E-01, 1.060740517E+02, 8.720417231E-06
      2517, 8.949524723E-03,-4.413417075E-03, 4.366666377E-01, 1.105326254E+02, 8.720417231E-06
      2518, 9.786853567E-03,-1.946726232E-03, 4.500000179E-01, 1.016113249E+02, 8.720417231E-06
      2519, 9.957224131E-03,-6.526309880E-04, 4.566666782E-01, 9.714442765E+01, 8.720417231E-06
      2520, 7.502300665E-03,-6.579341367E-03, 4.900000095E-01, 7.474242769E+01, 8.720417231E-06
      2521, 9.957224131E-03, 6.526309880E-04, 4.633333385E-01, 9.267330369E+01, 8.720417231E-06
      2522, 9.957224131E-03,-6.526309880E-04, 4.699999988E-01, 8.819778472E+01, 8.720417231E-06
      2523, 9.786853567E-03,-1.946726232E-03, 4.766666591E-01, 8.371760488E+01, 8.720417231E-06
      2524, 9.449026547E-03,-3.207512433E-03, 4.833333492E-01, 7.923254419E+01, 8.720417231E-06
      2525, 8.949524723E-03,-4.413417075E-03, 4.900000095E-01, 7.474247024E+01, 8.720417231E-06
      2526, 8.296893910E-03,-5.543807056E-03, 4.966666698E-01, 7.024710564E+01, 8.720417231E-06
      2527,-1.946726232E-03, 9.786853567E-03, 4.433333576E-01, 1.060740707E+02, 8.720417231E-06
      2528, 6.579340901E-03,-7.502300665E-03, 4.299999774E-01, 1.149873102E+02, 8.720417231E-06
      2529,-6.526309880E-04, 9.957224131E-03, 4.500000179E-01, 1.016113337E+02, 8.720417231E-06
      2530, 6.526309880E-04, 9.957224131E-03, 4.566666782E-01, 9.714442765E+01, 8.720417231E-06
      2531, 1.946726232E-03, 9.786853567E-03, 4.633333385E-01, 9.267329443E+01, 8.720417231E-06
      2532, 6.526309880E-04, 9.957224131E-03, 4.699999988E-01, 8.819778472E+01, 8.720417231E-06
      2533,-6.526309880E-04, 9.957224131E-03, 4.766666591E-01, 8.371762007E+01, 8.720417231E-06
      2534,-1.946726232E-03, 9.786853567E-03, 4.833333492E-01, 7.923256236E+01, 8.720417231E-06
      2535,-3.207512433E-03, 9.449026547E-03, 4.900000095E-01, 7.474249214E+01, 8.720417231E-06
      2536,-4.413417075E-03, 8.949524723E-03, 4.966666698E-01, 7.024713590E+01, 8.720417231E-06
      2537,-5.543807521E-03, 8.296893910E-03, 5.033333302E-01, 6.574645926E+01, 8.720417231E-06
      2538,-6.579340901E-03, 7.502300665E-03, 5.099999905E-01, 6.123992315E+01, 8.720417231E-06
      2539,-7.502300665E-03, 6.579341367E-03, 5.166666508E-01, 5.672802324E+01, 8.720417231E-06
      2540,-8.296893910E-03, 5.543807056E-03, 5.233333111E-01, 5.220950534E+01, 8.720417231E-06
      2541,-8.949524723E-03, 4.413417075E-03, 5.300000310E-01, 4.768637703E+01, 8.720417231E-06
      2542,-9.449026547E-03, 3.207512433E-03, 5.366666913E-01, 4.315471482E+01, 8.720417231E-06
      2543,-9.786853567E-03, 1.946726232E-03, 5.433333516E-01, 3.862197376E+01, 8.720417231E-06
      2544,-9.957224131E-03, 6.526309880E-04, 5.500000119E-01, 3.407486358E+01, 8.720417231E-06
      2545,-9.957224131E-03,-6.526309880E-04, 5.566666722E-01, 2.953810269E+01, 8.720417231E-06
      2546,-9.786853567E-03,-1.946726232E-03, 5.633333325E-01, 2.496709527E+01, 8.720417231E-06
      2547,-9.449026547E-03,-3.207512433E-03, 5.699999928E-01, 2.044396150E+01, 8.720417231E-06
      2548,-8.949524723E-03,-4.413417075E-03, 5.766666532E-01, 1.581918221E+01, 8.720417231E-06
      2549, 6.579340901E-03,-7.502300665E-03, 4.966666698E-01, 7.024708520E+01, 8.720417231E-06
      2550, 5.543807521E-03,-8.296893910E-03, 5.033333302E-01, 6.574645926E+01, 8.720417231E-06
      2551, 4.413417075E-03,-8.949524723E-03, 5.099999905E-01, 6.123999372E+01, 8.720417231E-06
      2552, 3.207512433E-03,-9.449026547E-03, 5.166666508E-01, 5.672814880E+01, 8.720417231E-06
      2553, 1.946726232E-03,-9.786853567E-03, 5.233333111E-01, 5.220963107E+01, 8.720417231E-06
      2554, 6.526309880E-04,-9.957224131E-03, 5.300000310E-01, 4.768647386E+01, 8.720417231E-06
      2555,-6.526309880E-04,-9.957224131E-03, 5.366666913E-01, 4.315476336E+01, 8.720417231E-06
      2556,-1.946726232E-03,-9.786853567E-03, 5.433333516E-01, 3.862197376E+01, 8.720417231E-06
      2557,-3.207512433E-03,-9.449026547E-03, 5.500000119E-01, 3.407480502E+01, 8.720417231E-06
      2558,-4.413417075E-03,-8.949524723E-03, 5.566666722E-01, 2.953803021E+01, 8.720417231E-06
      2559,-5.543807056E-03,-8.296893910E-03, 5.633333325E-01, 2.496693965E+01, 8.720417231E-06
      2560,-6.579341367E-03,-7.502300665E-03, 5.699999928E-01, 2.044386508E+01, 8.720417231E-06
      2561,-7.502300665E-03,-6.579340901E-03, 5.766666532E-01, 1.581907682E+01, 8.720417231E-06
      2562,-8.296893910E-03,-5.543807521E-03, 5.833333135E-01, 1.136874546E+01, 8.720417231E-06
      2563, 9.786853567E-03,-1.946726232E-03, 4.433333576E-01, 1.060740707E+02, 8.720417231E-06
      2564, 9.449026547E-03,-3.207512433E-03, 4.366666377E-01, 1.105326598E+02, 8.720417231E-06
      2565, 9.957224131E-03,-6.526309880E-04, 4.500000179E-01, 1.016113337E+02, 8.720417231E-06
      2566, 9.957224131E-03, 6.526309880E-04, 4.566666782E-01, 9.714442765E+01, 8.720417231E-06
      2567, 7.502300665E-03,-6.579341367E-03, 4.966666698E-01, 7.024708520E+01, 8.720417231E-06
      2568, 9.786853567E-03, 1.946726232E-03, 4.633333385E-01, 9.267329443E+01, 8.720417231E-06
      2569, 9.957224131E-03, 6.526309880E-04, 4.699999988E-01, 8.819778472E+01, 8.720417231E-06
      2570, 9.957224131E-03,-6.526309880E-04, 4.766666591E-01, 8.371762007E+01, 8.720417231E-06
      2571, 9.786853567E-03,-1.946726232E-03, 4.833333492E-01, 7.923256236E+01, 8.720417231E-06
      2572, 9.449026547E-03,-3.207512433E-03, 4.900000095E-01, 7.474249214E+01, 8.720417231E-06
      2573, 8.949524723E-03,-4.413417075E-03, 4.966666698E-01, 7.024713590E+01, 8.720417231E-06
      2574, 8.296893910E-03,-5.543807056E-03, 5.033333302E-01, 6.574645926E+01, 8.720417231E-06
      2575,-6.526309880E-04, 9.957224131E-03, 4.433333576E-01, 1.060740802E+02, 8.720417231E-06
      2576, 6.526309880E-04, 9.957224131E-03, 4.500000179E-01, 1.016113337E+02, 8.720417231E-06
      2577, 1.946726232E-03, 9.786853567E-03, 4.566666782E-01, 9.714442209E+01, 8.720417231E-06
      2578, 3.207512433E-03, 9.449026547E-03, 4.633333385E-01, 9.267327639E+01, 8.720417231E-06
      2579, 1.946726232E-03, 9.786853567E-03, 4.699999988E-01, 8.819776681E+01, 8.720417231E-06
      2580, 6.526309880E-04, 9.957224131E-03, 4.766666591E-01, 8.371762007E+01, 8.720417231E-06
      2581,-6.526309880E-04, 9.957224131E-03, 4.833333492E-01, 7.923257224E+01, 8.720417231E-06
      2582,-1.946726232E-03, 9.786853567E-03, 4.900000095E-01, 7.474251190E+01, 8.720417231E-06
      2583,-3.207512433E-03, 9.449026547E-03, 4.966666698E-01, 7.024716492E+01, 8.720417231E-06
      2584,-4.413417075E-03, 8.949524723E-03, 5.033333302E-01, 6.574649816E+01, 8.720417231E-06
      2585,-5.543807521E-03, 8.296893910E-03, 5.099999905E-01, 6.123995185E+01, 8.720417231E-06
      2586,-6.579340901E-03, 7.502300665E-03, 5.166666508E-01, 5.672802324E+01, 8.720417231E-06
      2587,-7.502300665E-03, 6.579341367E-03, 5.233333111E-01, 5.220947356E+01, 8.720417231E-06
      2588,-8.296893910E-03, 5.543807056E-03, 5.300000310E-01, 4.768633035E+01, 8.720417231E-06
      2589,-8.949524723E-03, 4.413417075E-03, 5.366666913E-01, 4.315465845E+01, 8.720417231E-06
      2590,-9.449026547E-03, 3.207512433E-03, 5.433333516E-01, 3.862194137E+01, 8.720417231E-06
      2591,-9.786853567E-03, 1.946726232E-03, 5.500000119E-01, 3.407484457E+01, 8.720417231E-06
      2592,-9.957224131E-03, 6.526309880E-04, 5.566666722E-01, 2.953810269E+01, 8.720417231E-06
      2593,-9.957224131E-03,-6.526309880E-04, 5.633333325E-01, 2.496711080E+01, 8.720417231E-06
      2594,-9.786853567E-03,-1.946726232E-03, 5.699999928E-01, 2.044397125E+01, 8.720417231E-06
      2595,-9.449026547E-03,-3.207512433E-03, 5.766666532E-01, 1.581923611E+01, 8.720417231E-06
      2596,-8.949524723E-03,-4.413417075E-03, 5.833333135E-01, 1.136878654E+01, 8.720417231E-06
      2597, 6.579340901E-03,-7.502300665E-03, 5.033333302E-01, 6.574643433E+01, 8.720417231E-06
      2598, 5.543807521E-03,-8.296893910E-03, 5.099999905E-01, 6.123995185E+01, 8.720417231E-06
      2599, 4.413417075E-03,-8.949524723E-03, 5.166666508E-01, 5.672809571E+01, 8.720417231E-06
      2600, 3.207512433E-03,-9.449026547E-03, 5.233333111E-01, 5.220960304E+01, 8.720417231E-06
      2601, 1.946726232E-03,-9.786853567E-03, 5.300000310E-01, 4.768645807E+01, 8.720417231E-06
      2602, 6.526309880E-04,-9.957224131E-03, 5.366666913E-01, 4.315476336E+01, 8.720417231E-06
      2603,-6.526309880E-04,-9.957224131E-03, 5.433333516E-01, 3.862198928E+01, 8.720417231E-06
      2604,-1.946726232E-03,-9.786853567E-03, 5.500000119E-01, 3.407484457E+01, 8.720417231E-06
      2605,-3.207512433E-03,-9.449026547E-03, 5.566666722E-01, 2.953806877E+01, 8.720417231E-06
      2606,-4.413417075E-03,-8.949524723E-03, 5.633333325E-01, 2.496700903E+01, 8.720417231E-06
      2607,-5.543807056E-03,-8.296893910E-03, 5.699999928E-01, 2.044389213E+01, 8.720417231E-06
      2608,-6.579341367E-03,-7.502300665E-03, 5.766666532E-01, 1.581907682E+01, 8.720417231E-06
      2609,-7.502300665E-03,-6.579340901E-03, 5.833333135E-01, 1.136870988E+01, 8.720417231E-06
      2610,-8.296893910E-03,-5.543807521E-03, 5.899999738E-01, 6.617198706E+00, 8.720417231E-06
      2611, 9.957224131E-03,-6.526309880E-04, 4.433333576E-01, 1.060740802E+02, 8.720417231E-06
      2612, 9.786853567E-03,-1.946726232E-03, 4.366666377E-01, 1.105326799E+02, 8.720417231E-06
      2613, 9.957224131E-03, 6.526309880E-04, 4.500000179E-01, 1.016113337E+02, 8.720417231E-06
      2614, 9.786853567E-03, 1.946726232E-03, 4.566666782E-01, 9.714442209E+01, 8.720417231E-06
      2615, 7.502300665E-03,-6.579341367E-03, 5.033333302E-01, 6.574643433E+01, 8.720417231E-06
      2616, 9.449026547E-03, 3.207512433E-03, 4.633333385E-01, 9.267327639E+01, 8.720417231E-06
      2617, 9.786853567E-03, 1.946726232E-03, 4.699999988E-01, 8.819776681E+01, 8.720417231E-06
      2618, 9.957224131E-03, 6.526309880E-04, 4.766666591E-01, 8.371762007E+01, 8.720417231E-06
      2619, 9.957224131E-03,-6.526309880E-04, 4.833333492E-01, 7.923257224E+01, 8.720417231E-06
      2620, 9.786853567E-03,-1.946726232E-03, 4.900000095E-01, 7.474251190E+01, 8.720417231E-06
      2621, 9.449026547E-03,-3.207512433E-03, 4.966666698E-01, 7.024716492E+01, 8.720417231E-06
      2622, 8.949524723E-03,-4.413417075E-03, 5.033333302E-01, 6.574649816E+01, 8.720417231E-06
      2623, 8.296893910E-03,-5.543807056E-03, 5.099999905E-01, 6.123995185E+01, 8.720417231E-06
      2624, 6.526309880E-04, 9.957224131E-03, 4.433333576E-01, 1.060740802E+02, 8.720417231E-06
      2625, 1.946726232E-03, 9.786853567E-03, 4.500000179E-01, 1.016113249E+02, 8.720417231E-06
      2626, 3.207512433E-03, 9.449026547E-03, 4.566666782E-01, 9.714440830E+01, 8.720417231E-06
      2627, 4.413417075E-03, 8.949524723E-03, 4.633333385E-01, 9.267325000E+01, 8.720417231E-06
      2628, 3.207512433E-03, 9.449026547E-03, 4.699999988E-01, 8.819774016E+01, 8.720417231E-06
      2629, 1.946726232E-03, 9.786853567E-03, 4.766666591E-01, 8.371760488E+01, 8.720417231E-06
      2630, 6.526309880E-04, 9.957224131E-03, 4.833333492E-01, 7.923257224E+01, 8.720417231E-06
      2631,-6.526309880E-04, 9.957224131E-03, 4.900000095E-01, 7.474251963E+01, 8.720417231E-06
      2632,-1.946726232E-03, 9.786853567E-03, 4.966666698E-01, 7.024719451E+01, 8.720417231E-06
      2633,-3.207512433E-03, 9.449026547E-03, 5.033333302E-01, 6.574653700E+01, 8.720417231E-06
      2634,-4.413417075E-03, 8.949524723E-03, 5.099999905E-01, 6.123999372E+01, 8.720417231E-06
      2635,-5.543807521E-03, 8.296893910E-03, 5.166666508E-01, 5.672805409E+01, 8.720417231E-06
      2636,-6.579340901E-03, 7.502300665E-03, 5.233333111E-01, 5.220947356E+01, 8.720417231E-06
      2637,-7.502300665E-03, 6.579341367E-03, 5.300000310E-01, 4.768629899E+01, 8.720417231E-06
      2638,-8.296893910E-03, 5.543807056E-03, 5.366666913E-01, 4.315460654E+01, 8.720417231E-06
      2639,-8.949524723E-03, 4.413417075E-03, 5.433333516E-01, 3.862188558E+01, 8.720417231E-06
      2640,-9.449026547E-03, 3.207512433E-03, 5.500000119E-01, 3.407480502E+01, 8.720417231E-06
      2641,-9.786853567E-03, 1.946726232E-03, 5.566666722E-01, 2.953809353E+01, 8.720417231E-06
      2642,-9.957224131E-03, 6.526309880E-04, 5.633333325E-01, 2.496711080E+01, 8.720417231E-06
      2643,-9.957224131E-03,-6.526309880E-04, 5.699999928E-01, 2.044397616E+01, 8.720417231E-06
      2644,-9.786853567E-03,-1.946726232E-03, 5.766666532E-01, 1.581929227E+01, 8.720417231E-06
      2645,-9.449026547E-03,-3.207512433E-03, 5.833333135E-01, 1.136879282E+01, 8.720417231E-06
      2646,-8.949524723E-03,-4.413417075E-03, 5.899999738E-01, 6.617341621E+00, 8.720417231E-06
      2647, 6.579340901E-03,-7.502300665E-03, 5.099999905E-01, 6.123992315E+01, 8.720417231E-06
      2648, 5.543807521E-03,-8.296893910E-03, 5.166666508E-01, 5.672805409E+01, 8.720417231E-06
      2649, 4.413417075E-03,-8.949524723E-03, 5.233333111E-01, 5.220954908E+01, 8.720417231E-06
      2650, 3.207512433E-03,-9.449026547E-03, 5.300000310E-01, 4.768642990E+01, 8.720417231E-06
      2651, 1.946726232E-03,-9.786853567E-03, 5.366666913E-01, 4.315474717E+01, 8.720417231E-06
      2652, 6.526309880E-04,-9.957224131E-03, 5.433333516E-01, 3.862198928E+01, 8.720417231E-06
      2653,-6.526309880E-04,-9.957224131E-03, 5.500000119E-01, 3.407486358E+01, 8.720417231E-06
      2654,-1.946726232E-03,-9.786853567E-03, 5.566666722E-01, 2.953809353E+01, 8.720417231E-06
      2655,-3.207512433E-03,-9.449026547E-03, 5.633333325E-01, 2.496706030E+01, 8.720417231E-06
      2656,-4.413417075E-03,-8.949524723E-03, 5.699999928E-01, 2.044393372E+01, 8.720417231E-06
      2657,-5.543807056E-03,-8.296893910E-03, 5.766666532E-01, 1.581912252E+01, 8.720417231E-06
      2658,-6.579341367E-03,-7.502300665E-03, 5.833333135E-01, 1.136870988E+01, 8.720417231E-06
      2659,-7.502300665E-03,-6.579340901E-03, 5.899999738E-01, 6.617099565E+00, 8.720417231E-06
      2660,-8.296893910E-03,-5.543807521E-03, 5.966666937E-01, 2.552271642E+00, 8.720417231E-06
      2661, 9.957224131E-03, 6.526309880E-04, 4.433333576E-01, 1.060740802E+02, 8.720417231E-06
      2662, 9.957224131E-03,-6.526309880E-04, 4.366666377E-01, 1.105326905E+02, 8.720417231E-06
      2663, 9.786853567E-03,-1.946726232E-03, 4.299999774E-01, 1.149874429E+02, 8.720417231E-06
      2664, 9.786853567E-03, 1.946726232E-03, 4.500000179E-01, 1.016113249E+02, 8.720417231E-06
      2665, 9.449026547E-03, 3.207512433E-03, 4.566666782E-01, 9.714440830E+01, 8.720417231E-06
      2666, 7.502300665E-03,-6.579341367E-03, 5.099999905E-01, 6.123992315E+01, 8.720417231E-06
      2667, 8.949524723E-03, 4.413417075E-03, 4.633333385E-01, 9.267325000E+01, 8.720417231E-06
      2668, 9.449026547E-03, 3.207512433E-03, 4.699999988E-01, 8.819774016E+01, 8.720417231E-06
      2669, 9.786853567E-03, 1.946726232E-03, 4.766666591E-01, 8.371760488E+01, 8.720417231E-06
      2670, 9.957224131E-03, 6.526309880E-04, 4.833333492E-01, 7.923257224E+01, 8.720417231E-06
      2671, 9.957224131E-03,-6.526309880E-04, 4.900000095E-01, 7.474251963E+01, 8.720417231E-06
      2672, 9.786853567E-03,-1.946726232E-03, 4.966666698E-01, 7.024719451E+01, 8.720417231E-06
      2673, 9.449026547E-03,-3.207512433E-03, 5.033333302E-01, 6.574653700E+01, 8.720417231E-06
      2674, 8.949524723E-03,-4.413417075E-03, 5.099999905E-01, 6.123999372E+01, 8.720417231E-06
      2675, 8.296893910E-03,-5.543807056E-03, 5.166666508E-01, 5.672805409E+01, 8.720417231E-06
      2676, 1.946726232E-03, 9.786853567E-03, 4.433333576E-01, 1.060740707E+02, 8.720417231E-06
      2677, 6.526309880E-04, 9.957224131E-03, 4.366666377E-01, 1.105326905E+02, 8.720417231E-06
      2678, 3.207512433E-03, 9.449026547E-03, 4.500000179E-01, 1.016113071E+02, 8.720417231E-06
      2679, 4.413417075E-03, 8.949524723E-03, 4.566666782E-01, 9.714438503E+01, 8.720417231E-06
      2680, 5.543807056E-03, 8.296893910E-03, 4.633333385E-01, 9.267321638E+01, 8.720417231E-06
      2681, 4.413417075E-03, 8.949524723E-03, 4.699999988E-01, 8.819770372E+01, 8.720417231E-06
      2682, 3.207512433E-03, 9.449026547E-03, 4.766666591E-01, 8.371758387E+01, 8.720417231E-06
      2683, 1.946726232E-03, 9.786853567E-03, 4.833333492E-01, 7.923256236E+01, 8.720417231E-06
      2684, 6.526309880E-04, 9.957224131E-03, 4.900000095E-01, 7.474251963E+01, 8.720417231E-06
      2685,-6.526309880E-04, 9.957224131E-03, 4.966666698E-01, 7.024720613E+01, 8.720417231E-06
      2686,-1.946726232E-03, 9.786853567E-03, 5.033333302E-01, 6.574657681E+01, 8.720417231E-06
      2687,-3.207512433E-03, 9.449026547E-03, 5.099999905E-01, 6.124004170E+01, 8.720417231E-06
      2688,-4.413417075E-03, 8.949524723E-03, 5.166666508E-01, 5.672809571E+01, 8.720417231E-06
      2689,-5.543807521E-03, 8.296893910E-03, 5.233333111E-01, 5.220950534E+01, 8.720417231E-06
      2690,-6.579340901E-03, 7.502300665E-03, 5.300000310E-01, 4.768629899E+01, 8.720417231E-06
      2691,-7.502300665E-03, 6.579341367E-03, 5.366666913E-01, 4.315457269E+01, 8.720417231E-06
      2692,-8.296893910E-03, 5.543807056E-03, 5.433333516E-01, 3.862183478E+01, 8.720417231E-06
      2693,-8.949524723E-03, 4.413417075E-03, 5.500000119E-01, 3.407474510E+01, 8.720417231E-06
      2694,-9.449026547E-03, 3.207512433E-03, 5.566666722E-01, 2.953806877E+01, 8.720417231E-06
      2695,-9.786853567E-03, 1.946726232E-03, 5.633333325E-01, 2.496709527E+01, 8.720417231E-06
      2696,-9.957224131E-03, 6.526309880E-04, 5.699999928E-01, 2.044397616E+01, 8.720417231E-06
      2697,-9.957224131E-03,-6.526309880E-04, 5.766666532E-01, 1.581931848E+01, 8.720417231E-06
      2698,-9.786853567E-03,-1.946726232E-03, 5.833333135E-01, 1.136877907E+01, 8.720417231E-06
      2699,-9.449026547E-03,-3.207512433E-03, 5.899999738E-01, 6.617487069E+00, 8.720417231E-06
      2700,-8.949524723E-03,-4.413417075E-03, 5.966666937E-01, 2.552076007E+00, 8.720417231E-06
      2701, 6.579340901E-03,-7.502300665E-03, 5.166666508E-01, 5.672802324E+01, 8.720417231E-06
      2702, 5.543807521E-03,-8.296893910E-03, 5.233333111E-01, 5.220950534E+01, 8.720417231E-06
      2703, 4.413417075E-03,-8.949524723E-03, 5.300000310E-01, 4.768637703E+01, 8.720417231E-06
      2704, 3.207512433E-03,-9.449026547E-03, 5.366666913E-01, 4.315471482E+01, 8.720417231E-06
      2705, 1.946726232E-03,-9.786853567E-03, 5.433333516E-01, 3.862197376E+01, 8.720417231E-06
      2706, 6.526309880E-04,-9.957224131E-03, 5.500000119E-01, 3.407486358E+01, 8.720417231E-06
      2707,-6.526309880E-04,-9.957224131E-03, 5.566666722E-01, 2.953810269E+01, 8.720417231E-06
      2708,-1.946726232E-03,-9.786853567E-03, 5.633333325E-01, 2.496709527E+01, 8.720417231E-06
      2709,-3.207512433E-03,-9.449026547E-03, 5.699999928E-01, 2.044396150E+01, 8.720417231E-06
      2710,-4.413417075E-03,-8.949524723E-03, 5.766666532E-01, 1.581918221E+01, 8.720417231E-06
      2711,-5.543807056E-03,-8.296893910E-03, 5.833333135E-01, 1.136874546E+01, 8.720417231E-06
      2712,-6.579341367E-03,-7.502300665E-03, 5.899999738E-01, 6.617099565E+00, 8.720417231E-06
      2713,-7.502300665E-03,-6.579340901E-03, 5.966666937E-01, 2.552371795E+00, 8.720417231E-06
      2714, 9.786853567E-03, 1.946726232E-03, 4.433333576E-01, 1.060740707E+02, 8.720417231E-06
      2715, 9.957224131E-03, 6.526309880E-04, 4.366666377E-01, 1.105326905E+02, 8.720417231E-06
      2716, 9.957224131E-03,-6.526309880E-04, 4.299999774E-01, 1.149874538E+02, 8.720417231E-06
      2717, 9.449026547E-03, 3.207512433E-03, 4.500000179E-01, 1.016113071E+02, 8.720417231E-06
      2718, 8.949524723E-03, 4.413417075E-03, 4.566666782E-01, 9.714438503E+01, 8.720417231E-06
      2719, 7.502300665E-03,-6.579341367E-03, 5.166666508E-01, 5.672802324E+01, 8.720417231E-06
      2720, 8.296893910E-03, 5.543807521E-03, 4.633333385E-01, 9.267321638E+01, 8.720417231E-06
      2721, 8.949524723E-03, 4.413417075E-03, 4.699999988E-01, 8.819770372E+01, 8.720417231E-06
      2722, 9.449026547E-03, 3.207512433E-03, 4.766666591E-01, 8.371758387E+01, 8.720417231E-06
      2723, 9.786853567E-03, 1.946726232E-03, 4.833333492E-01, 7.923256236E+01, 8.720417231E-06
      2724, 9.957224131E-03, 6.526309880E-04, 4.900000095E-01, 7.474251963E+01, 8.720417231E-06
      2725, 9.957224131E-03,-6.526309880E-04, 4.966666698E-01, 7.024720613E+01, 8.720417231E-06
      2726, 9.786853567E-03,-1.946726232E-03, 5.033333302E-01, 6.574657681E+01, 8.720417231E-06
      2727, 9.449026547E-03,-3.207512433E-03, 5.099999905E-01, 6.124004170E+01, 8.720417231E-06
      2728, 8.949524723E-03,-4.413417075E-03, 5.166666508E-01, 5.672809571E+01, 8.720417231E-06
      2729, 8.296893910E-03,-5.543807056E-03, 5.233333111E-01, 5.220950534E+01, 8.720417231E-06
      2730, 3.207512433E-03, 9.449026547E-03, 4.433333576E-01, 1.060740517E+02, 8.720417231E-06
      2731, 1.946726232E-03, 9.786853567E-03, 4.366666377E-01, 1.105326799E+02, 8.720417231E-06
      2732, 4.413417075E-03, 8.949524723E-03, 4.500000179E-01, 1.016112779E+02, 8.720417231E-06
      2733, 5.543807056E-03, 8.296893910E-03, 4.566666782E-01, 9.714435387E+01, 8.720417231E-06
      2734, 6.579341367E-03, 7.502300665E-03, 4.633333385E-01, 9.267319259E+01, 8.720417231E-06
      2735, 5.543807056E-03, 8.296893910E-03, 4.699999988E-01, 8.819766318E+01, 8.720417231E-06
      2736, 4.413417075E-03, 8.949524723E-03, 4.766666591E-01, 8.371755371E+01, 8.720417231E-06
      2737, 3.207512433E-03, 9.449026547E-03, 4.833333492E-01, 7.923254419E+01, 8.720417231E-06
      2738, 1.946726232E-03, 9.786853567E-03, 4.900000095E-01, 7.474251190E+01, 8.720417231E-06
      2739, 6.526309880E-04, 9.957224131E-03, 4.966666698E-01, 7.024720613E+01, 8.720417231E-06
      2740,-6.526309880E-04, 9.957224131E-03, 5.033333302E-01, 6.574659241E+01, 8.720417231E-06
      2741,-1.946726232E-03, 9.786853567E-03, 5.099999905E-01, 6.124008035E+01, 8.720417231E-06
      2742,-3.207512433E-03, 9.449026547E-03, 5.166666508E-01, 5.672814880E+01, 8.720417231E-06
      2743,-4.413417075E-03, 8.949524723E-03, 5.233333111E-01, 5.220954908E+01, 8.720417231E-06
      2744,-5.543807521E-03, 8.296893910E-03, 5.300000310E-01, 4.768633035E+01, 8.720417231E-06
      2745,-6.579340901E-03, 7.502300665E-03, 5.366666913E-01, 4.315457269E+01, 8.720417231E-06
      2746,-7.502300665E-03, 6.579341367E-03, 5.433333516E-01, 3.862180036E+01, 8.720417231E-06
      2747,-8.296893910E-03, 5.543807056E-03, 5.500000119E-01, 3.407468155E+01, 8.720417231E-06
      2748,-8.949524723E-03, 4.413417075E-03, 5.566666722E-01, 2.953803021E+01, 8.720417231E-06
      2749,-9.449026547E-03, 3.207512433E-03, 5.633333325E-01, 2.496706030E+01, 8.720417231E-06
      2750,-9.786853567E-03, 1.946726232E-03, 5.699999928E-01, 2.044397125E+01, 8.720417231E-06
      2751,-9.957224131E-03, 6.526309880E-04, 5.766666532E-01, 1.581931848E+01, 8.720417231E-06
      2752,-9.957224131E-03,-6.526309880E-04, 5.833333135E-01, 1.136876001E+01, 8.720417231E-06
      2753,-9.786853567E-03,-1.946726232E-03, 5.899999738E-01, 6.617575459E+00, 8.720417231E-06
      2754,-9.449026547E-03,-3.207512433E-03, 5.966666937E-01, 2.551890273E+00, 8.720417231E-06
      2755, 6.579340901E-03,-7.502300665E-03, 5.233333111E-01, 5.220947356E+01, 8.720417231E-06
      2756, 5.543807521E-03,-8.296893910E-03, 5.300000310E-01, 4.768633035E+01, 8.720417231E-06
      2757, 4.413417075E-03,-8.949524723E-03, 5.366666913E-01, 4.315465845E+01, 8.720417231E-06
      2758, 3.207512433E-03,-9.449026547E-03, 5.433333516E-01, 3.862194137E+01, 8.720417231E-06
      2759, 1.946726232E-03,-9.786853567E-03, 5.500000119E-01, 3.407484457E+01, 8.720417231E-06
      2760, 6.526309880E-04,-9.957224131E-03, 5.566666722E-01, 2.953810269E+01, 8.720417231E-06
      2761,-6.526309880E-04,-9.957224131E-03, 5.633333325E-01, 2.496711080E+01, 8.720417231E-06
      2762,-1.946726232E-03,-9.786853567E-03, 5.699999928E-01, 2.044397125E+01, 8.720417231E-06
      2763,-3.207512433E-03,-9.449026547E-03, 5.766666532E-01, 1.581923611E+01, 8.720417231E-06
      2764,-4.413417075E-03,-8.949524723E-03, 5.833333135E-01, 1.136878654E+01, 8.720417231E-06
      2765,-5.543807056E-03,-8.296893910E-03, 5.899999738E-01, 6.617198706E+00, 8.720417231E-06
      2766,-6.579341367E-03,-7.502300665E-03, 5.966666937E-01, 2.552371795E+00, 8.720417231E-06
      2767, 9.449026547E-03, 3.207512433E-03, 4.433333576E-01, 1.060740517E+02, 8.720417231E-06
      2768, 9.786853567E-03, 1.946726232E-03, 4.366666377E-01, 1.105326799E+02, 8.720417231E-06
      2769, 9.957224131E-03, 6.526309880E-04, 4.299999774E-01, 1.149874538E+02, 8.720417231E-06
      2770, 8.949524723E-03, 4.413417075E-03, 4.500000179E-01, 1.016112779E+02, 8.720417231E-06
      2771, 8.296893910E-03, 5.543807521E-03, 4.566666782E-01, 9.714435387E+01, 8.720417231E-06
      2772, 7.502300665E-03,-6.579341367E-03, 5.233333111E-01, 5.220947356E+01, 8.720417231E-06
      2773, 7.502300665E-03, 6.579340901E-03, 4.633333385E-01, 9.267319259E+01, 8.720417231E-06
      2774, 8.296893910E-03, 5.543807521E-03, 4.699999988E-01, 8.819766318E+01, 8.720417231E-06
      2775, 8.949524723E-03, 4.413417075E-03, 4.766666591E-01, 8.371755371E+01, 8.720417231E-06
      2776, 9.449026547E-03, 3.207512433E-03, 4.833333492E-01, 7.923254419E+01, 8.720417231E-06
      2777, 9.786853567E-03, 1.946726232E-03, 4.900000095E-01, 7.474251190E+01, 8.720417231E-06
      2778, 9.957224131E-03, 6.526309880E-04, 4.966666698E-01, 7.024720613E+01, 8.720417231E-06
      2779, 9.957224131E-03,-6.526309880E-04, 5.033333302E-01, 6.574659241E+01, 8.720417231E-06
      2780, 9.786853567E-03,-1.946726232E-03, 5.099999905E-01, 6.124008035E+01, 8.720417231E-06
      2781, 9.449026547E-03,-3.207512433E-03, 5.166666508E-01, 5.672814880E+01, 8.720417231E-06
      2782, 8.949524723E-03,-4.413417075E-03, 5.233333111E-01, 5.220954908E+01, 8.720417231E-06
      2783, 8.296893910E-03,-5.543807056E-03, 5.300000310E-01, 4.768633035E+01, 8.720417231E-06
      2784, 4.413417075E-03, 8.949524723E-03, 4.433333576E-01, 1.060740199E+02, 8.720417231E-06
      2785, 3.207512433E-03, 9.449026547E-03, 4.366666377E-01, 1.105326598E+02, 8.720417231E-06
      2786, 5.543807056E-03, 8.296893910E-03, 4.500000179E-01, 1.016112432E+02, 8.720417231E-06
      2787, 6.579341367E-03, 7.502300665E-03, 4.566666782E-01, 9.714432891E+01, 8.720417231E-06
      2788, 6.579341367E-03, 7.502300665E-03, 4.699999988E-01, 8.819763622E+01, 8.720417231E-06
      2789, 5.543807056E-03, 8.296893910E-03, 4.766666591E-01, 8.371751854E+01, 8.720417231E-06
      2790, 4.413417075E-03, 8.949524723E-03, 4.833333492E-01, 7.923252183E+01, 8.720417231E-06
      2791, 3.207512433E-03, 9.449026547E-03, 4.900000095E-01, 7.474249214E+01, 8.720417231E-06
      2792, 1.946726232E-03, 9.786853567E-03, 4.966666698E-01, 7.024719451E+01, 8.720417231E-06
      2793, 6.526309880E-04, 9.957224131E-03, 5.033333302E-01, 6.574659241E+01, 8.720417231E-06
      2794,-6.526309880E-04, 9.957224131E-03, 5.099999905E-01, 6.124009737E+01, 8.720417231E-06
      2795,-1.946726232E-03, 9.786853567E-03, 5.166666508E-01, 5.672818093E+01, 8.720417231E-06
      2796,-3.207512433E-03, 9.449026547E-03, 5.233333111E-01, 5.220960304E+01, 8.720417231E-06
      2797,-4.413417075E-03, 8.949524723E-03, 5.300000310E-01, 4.768637703E+01, 8.720417231E-06
      2798,-5.543807521E-03, 8.296893910E-03, 5.366666913E-01, 4.315460654E+01, 8.720417231E-06
      2799,-6.579340901E-03, 7.502300665E-03, 5.433333516E-01, 3.862180036E+01, 8.720417231E-06
      2800,-7.502300665E-03, 6.579341367E-03, 5.500000119E-01, 3.407464360E+01, 8.720417231E-06
      2801,-8.296893910E-03, 5.543807056E-03, 5.566666722E-01, 2.953798009E+01, 8.720417231E-06
      2802,-8.949524723E-03, 4.413417075E-03, 5.633333325E-01, 2.496700903E+01, 8.720417231E-06
      2803,-9.449026547E-03, 3.207512433E-03, 5.699999928E-01, 2.044396150E+01, 8.720417231E-06
      2804,-9.786853567E-03, 1.946726232E-03, 5.766666532E-01, 1.581929227E+01, 8.720417231E-06
      2805,-9.957224131E-03, 6.526309880E-04, 5.833333135E-01, 1.136876001E+01, 8.720417231E-06
      2806,-9.957224131E-03,-6.526309880E-04, 5.899999738E-01, 6.617622500E+00, 8.720417231E-06
      2807,-9.786853567E-03,-1.946726232E-03, 5.966666937E-01, 2.551743101E+00, 8.720417231E-06
      2808, 6.579340901E-03,-7.502300665E-03, 5.300000310E-01, 4.768629899E+01, 8.720417231E-06
      2809, 5.543807521E-03,-8.296893910E-03, 5.366666913E-01, 4.315460654E+01, 8.720417231E-06
      2810, 4.413417075E-03,-8.949524723E-03, 5.433333516E-01, 3.862188558E+01, 8.720417231E-06
      2811, 3.207512433E-03,-9.449026547E-03, 5.500000119E-01, 3.407480502E+01, 8.720417231E-06
      2812, 1.946726232E-03,-9.786853567E-03, 5.566666722E-01, 2.953809353E+01, 8.720417231E-06
      2813, 6.526309880E-04,-9.957224131E-03, 5.633333325E-01, 2.496711080E+01, 8.720417231E-06
      2814,-6.526309880E-04,-9.957224131E-03, 5.699999928E-01, 2.044397616E+01, 8.720417231E-06
      2815,-1.946726232E-03,-9.786853567E-03, 5.766666532E-01, 1.581929227E+01, 8.720417231E-06
      2816,-3.207512433E-03,-9.449026547E-03, 5.833333135E-01, 1.136879282E+01, 8.720417231E-06
      2817,-4.413417075E-03,-8.949524723E-03, 5.899999738E-01, 6.617341621E+00, 8.720417231E-06
      2818,-5.543807056E-03,-8.296893910E-03, 5.966666937E-01, 2.552271642E+00, 8.720417231E-06
      2819, 8.949524723E-03, 4.413417075E-03, 4.433333576E-01, 1.060740199E+02, 8.720417231E-06
      2820, 9.786853567E-03, 1.946726232E-03, 4.299999774E-01, 1.149874429E+02, 8.720417231E-06
      2821, 8.296893910E-03, 5.543807521E-03, 4.500000179E-01, 1.016112432E+02, 8.720417231E-06
      2822, 7.502300665E-03, 6.579340901E-03, 4.566666782E-01, 9.714432891E+01, 8.720417231E-06
      2823, 7.502300665E-03,-6.579341367E-03, 5.300000310E-01, 4.768629899E+01, 8.720417231E-06
      2824, 7.502300665E-03, 6.579340901E-03, 4.699999988E-01, 8.819763622E+01, 8.720417231E-06
      2825, 8.296893910E-03, 5.543807521E-03, 4.766666591E-01, 8.371751854E+01, 8.720417231E-06
      2826, 8.949524723E-03, 4.413417075E-03, 4.833333492E-01, 7.923252183E+01, 8.720417231E-06
      2827, 9.449026547E-03, 3.207512433E-03, 4.900000095E-01, 7.474249214E+01, 8.720417231E-06
      2828, 9.786853567E-03, 1.946726232E-03, 4.966666698E-01, 7.024719451E+01, 8.720417231E-06
      2829, 9.957224131E-03, 6.526309880E-04, 5.033333302E-01, 6.574659241E+01, 8.720417231E-06
      2830, 9.957224131E-03,-6.526309880E-04, 5.099999905E-01, 6.124009737E+01, 8.720417231E-06
      2831, 9.786853567E-03,-1.946726232E-03, 5.166666508E-01, 5.672818093E+01, 8.720417231E-06
      2832, 9.449026547E-03,-3.207512433E-03, 5.233333111E-01, 5.220960304E+01, 8.720417231E-06
      2833, 8.949524723E-03,-4.413417075E-03, 5.300000310E-01, 4.768637703E+01, 8.720417231E-06
      2834, 8.296893910E-03,-5.543807056E-03, 5.366666913E-01, 4.315460654E+01, 8.720417231E-06
      2835, 5.543807056E-03, 8.296893910E-03, 4.433333576E-01, 1.060739823E+02, 8.720417231E-06
      2836, 4.413417075E-03, 8.949524723E-03, 4.366666377E-01, 1.105326254E+02, 8.720417231E-06
      2837, 6.579341367E-03, 7.502300665E-03, 4.500000179E-01, 1.016112124E+02, 8.720417231E-06
      2838, 6.579341367E-03, 7.502300665E-03, 4.766666591E-01, 8.371749477E+01, 8.720417231E-06
      2839, 5.543807056E-03, 8.296893910E-03, 4.833333492E-01, 7.923249588E+01, 8.720417231E-06
      2840, 4.413417075E-03, 8.949524723E-03, 4.900000095E-01, 7.474247024E+01, 8.720417231E-06
      2841, 3.207512433E-03, 9.449026547E-03, 4.966666698E-01, 7.024716492E+01, 8.720417231E-06
      2842, 1.946726232E-03, 9.786853567E-03, 5.033333302E-01, 6.574657681E+01, 8.720417231E-06
      2843, 6.526309880E-04, 9.957224131E-03, 5.099999905E-01, 6.124009737E+01, 8.720417231E-06
      2844,-6.526309880E-04, 9.957224131E-03, 5.166666508E-01, 5.672819814E+01, 8.720417231E-06
      2845,-1.946726232E-03, 9.786853567E-03, 5.233333111E-01, 5.220963107E+01, 8.720417231E-06
      2846,-3.207512433E-03, 9.449026547E-03, 5.300000310E-01, 4.768642990E+01, 8.720417231E-06
      2847,-4.413417075E-03, 8.949524723E-03, 5.366666913E-01, 4.315465845E+01, 8.720417231E-06
      2848,-5.543807521E-03, 8.296893910E-03, 5.433333516E-01, 3.862183478E+01, 8.720417231E-06
      2849,-6.579340901E-03, 7.502300665E-03, 5.500000119E-01, 3.407464360E+01, 8.720417231E-06
      2850,-7.502300665E-03, 6.579341367E-03, 5.566666722E-01, 2.953794888E+01, 8.720417231E-06
      2851,-8.296893910E-03, 5.543807056E-03, 5.633333325E-01, 2.496693965E+01, 8.720417231E-06
      2852,-8.949524723E-03, 4.413417075E-03, 5.699999928E-01, 2.044393372E+01, 8.720417231E-06
      2853,-9.449026547E-03, 3.207512433E-03, 5.766666532E-01, 1.581923611E+01, 8.720417231E-06
      2854,-9.786853567E-03, 1.946726232E-03, 5.833333135E-01, 1.136877907E+01, 8.720417231E-06
      2855,-9.957224131E-03, 6.526309880E-04, 5.899999738E-01, 6.617622500E+00, 8.720417231E-06
      2856,-9.957224131E-03,-6.526309880E-04, 5.966666937E-01, 2.551668718E+00, 8.720417231E-06
      2857, 6.579340901E-03,-7.502300665E-03, 5.366666913E-01, 4.315457269E+01, 8.720417231E-06
      2858, 5.543807521E-03,-8.296893910E-03, 5.433333516E-01, 3.862183478E+01, 8.720417231E-06
      2859, 4.413417075E-03,-8.949524723E-03, 5.500000119E-01, 3.407474510E+01, 8.720417231E-06
      2860, 3.207512433E-03,-9.449026547E-03, 5.566666722E-01, 2.953806877E+01, 8.720417231E-06
      2861, 1.946726232E-03,-9.786853567E-03, 5.633333325E-01, 2.496709527E+01, 8.720417231E-06
      2862, 6.526309880E-04,-9.957224131E-03, 5.699999928E-01, 2.044397616E+01, 8.720417231E-06
      2863,-6.526309880E-04,-9.957224131E-03, 5.766666532E-01, 1.581931848E+01, 8.720417231E-06
      2864,-1.946726232E-03,-9.786853567E-03, 5.833333135E-01, 1.136877907E+01, 8.720417231E-06
      2865,-3.207512433E-03,-9.449026547E-03, 5.899999738E-01, 6.617487069E+00, 8.720417231E-06
      2866,-4.413417075E-03,-8.949524723E-03, 5.966666937E-01, 2.552076007E+00, 8.720417231E-06
      2867, 8.296893910E-03, 5.543807521E-03, 4.433333576E-01, 1.060739823E+02, 8.720417231E-06
      2868, 7.502300665E-03, 6.579340901E-03, 4.500000179E-01, 1.016112124E+02, 8.720417231E-06
      2869, 7.502300665E-03,-6.579341367E-03, 5.366666913E-01, 4.315457269E+01, 8.720417231E-06
      2870, 7.502300665E-03, 6.579340901E-03, 4.766666591E-01, 8.371749477E+01, 8.720417231E-06
      2871, 8.296893910E-03, 5.543807521E-03, 4.833333492E-01, 7.923249588E+01, 8.720417231E-06
      2872, 8.949524723E-03, 4.413417075E-03, 4.900000095E-01, 7.474247024E+01, 8.720417231E-06
      2873, 9.449026547E-03, 3.207512433E-03, 4.966666698E-01, 7.024716492E+01, 8.720417231E-06
      2874, 9.786853567E-03, 1.946726232E-03, 5.033333302E-01, 6.574657681E+01, 8.720417231E-06
      2875, 9.957224131E-03, 6.526309880E-04, 5.099999905E-01, 6.124009737E+01, 8.720417231E-06
      2876, 9.957224131E-03,-6.526309880E-04, 5.166666508E-01, 5.672819814E+01, 8.720417231E-06
      2877, 9.786853567E-03,-1.946726232E-03, 5.233333111E-01, 5.220963107E+01, 8.720417231E-06
      2878, 9.449026547E-03,-3.207512433E-03, 5.300000310E-01, 4.768642990E+01, 8.720417231E-06
      2879, 8.949524723E-03,-4.413417075E-03, 5.366666913E-01, 4.315465845E+01, 8.720417231E-06
      2880, 8.296893910E-03,-5.543807056E-03, 5.433333516E-01, 3.862183478E+01, 8.720417231E-06
      2881, 6.579341367E-03, 7.502300665E-03, 4.433333576E-01, 1.060739474E+02, 8.720417231E-06
      2882, 6.579341367E-03, 7.502300665E-03, 4.833333492E-01, 7.923247689E+01, 8.720417231E-06
      2883, 5.543807056E-03, 8.296893910E-03, 4.900000095E-01, 7.474244574E+01, 8.720417231E-06
      2884, 4.413417075E-03, 8.949524723E-03, 4.966666698E-01, 7.024713590E+01, 8.720417231E-06
      2885, 3.207512433E-03, 9.449026547E-03, 5.033333302E-01, 6.574653700E+01, 8.720417231E-06
      2886, 1.946726232E-03, 9.786853567E-03, 5.099999905E-01, 6.124008035E+01, 8.720417231E-06
      2887, 6.526309880E-04, 9.957224131E-03, 5.166666508E-01, 5.672819814E+01, 8.720417231E-06
      2888,-6.526309880E-04, 9.957224131E-03, 5.233333111E-01, 5.220964848E+01, 8.720417231E-06
      2889,-1.946726232E-03, 9.786853567E-03, 5.300000310E-01, 4.768645807E+01, 8.720417231E-06
      2890,-3.207512433E-03, 9.449026547E-03, 5.366666913E-01, 4.315471482E+01, 8.720417231E-06
      2891,-4.413417075E-03, 8.949524723E-03, 5.433333516E-01, 3.862188558E+01, 8.720417231E-06
      2892,-5.543807521E-03, 8.296893910E-03, 5.500000119E-01, 3.407468155E+01, 8.720417231E-06
      2893,-6.579340901E-03, 7.502300665E-03, 5.566666722E-01, 2.953794888E+01, 8.720417231E-06
      2894,-7.502300665E-03, 6.579341367E-03, 5.633333325E-01, 2.496689849E+01, 8.720417231E-06
      2895,-8.296893910E-03, 5.543807056E-03, 5.699999928E-01, 2.044389213E+01, 8.720417231E-06
      2896,-8.949524723E-03, 4.413417075E-03, 5.766666532E-01, 1.581918221E+01, 8.720417231E-06
      2897,-9.449026547E-03, 3.207512433E-03, 5.833333135E-01, 1.136879282E+01, 8.720417231E-06
      2898,-9.786853567E-03, 1.946726232E-03, 5.899999738E-01, 6.617575459E+00, 8.720417231E-06
      2899,-9.957224131E-03, 6.526309880E-04, 5.966666937E-01, 2.551668718E+00, 8.720417231E-06
      2900, 6.579340901E-03,-7.502300665E-03, 5.433333516E-01, 3.862180036E+01, 8.720417231E-06
      2901, 5.543807521E-03,-8.296893910E-03, 5.500000119E-01, 3.407468155E+01, 8.720417231E-06
      2902, 4.413417075E-03,-8.949524723E-03, 5.566666722E-01, 2.953803021E+01, 8.720417231E-06
      2903, 3.207512433E-03,-9.449026547E-03, 5.633333325E-01, 2.496706030E+01, 8.720417231E-06
      2904, 1.946726232E-03,-9.786853567E-03, 5.699999928E-01, 2.044397125E+01, 8.720417231E-06
      2905, 6.526309880E-04,-9.957224131E-03, 5.766666532E-01, 1.581931848E+01, 8.720417231E-06
      2906,-6.526309880E-04,-9.957224131E-03, 5.833333135E-01, 1.136876001E+01, 8.720417231E-06
      2907,-1.946726232E-03,-9.786853567E-03, 5.899999738E-01, 6.617575459E+00, 8.720417231E-06
      2908,-3.207512433E-03,-9.449026547E-03, 5.966666937E-01, 2.551890273E+00, 8.720417231E-06
      2909, 7.502300665E-03, 6.579340901E-03, 4.433333576E-01, 1.060739474E+02, 8.720417231E-06
      2910, 7.502300665E-03,-6.579341367E-03, 5.433333516E-01, 3.862180036E+01, 8.720417231E-06
      2911, 7.502300665E-03, 6.579340901E-03, 4.833333492E-01, 7.923247689E+01, 8.720417231E-06
      2912, 8.296893910E-03, 5.543807521E-03, 4.900000095E-01, 7.474244574E+01, 8.720417231E-06
      2913, 8.949524723E-03, 4.413417075E-03, 4.966666698E-01, 7.024713590E+01, 8.720417231E-06
      2914, 9.449026547E-03, 3.207512433E-03, 5.033333302E-01, 6.574653700E+01, 8.720417231E-06
      2915, 9.786853567E-03, 1.946726232E-03, 5.099999905E-01, 6.124008035E+01, 8.720417231E-06
      2916, 9.957224131E-03, 6.526309880E-04, 5.166666508E-01, 5.672819814E+01, 8.720417231E-06
      2917, 9.957224131E-03,-6.526309880E-04, 5.233333111E-01, 5.220964848E+01, 8.720417231E-06
      2918, 9.786853567E-03,-1.946726232E-03, 5.300000310E-01, 4.768645807E+01, 8.720417231E-06
      2919, 9.449026547E-03,-3.207512433E-03, 5.366666913E-01, 4.315471482E+01, 8.720417231E-06
      2920, 8.949524723E-03,-4.413417075E-03, 5.433333516E-01, 3.862188558E+01, 8.720417231E-06
      2921, 8.296893910E-03,-5.543807056E-03, 5.500000119E-01, 3.407468155E+01, 8.720417231E-06
      2922, 6.579341367E-03, 7.502300665E-03, 4.900000095E-01, 7.474242769E+01, 8.720417231E-06
      2923, 5.543807056E-03, 8.296893910E-03, 4.966666698E-01, 7.024710564E+01, 8.720417231E-06
      2924, 4.413417075E-03, 8.949524723E-03, 5.033333302E-01, 6.574649816E+01, 8.720417231E-06
      2925, 3.207512433E-03, 9.449026547E-03, 5.099999905E-01, 6.124004170E+01, 8.720417231E-06
      2926, 1.946726232E-03, 9.786853567E-03, 5.166666508E-01, 5.672818093E+01, 8.720417231E-06
      2927, 6.526309880E-04, 9.957224131E-03, 5.233333111E-01, 5.220964848E+01, 8.720417231E-06
      2928,-6.526309880E-04, 9.957224131E-03, 5.300000310E-01, 4.768647386E+01, 8.720417231E-06
      2929,-1.946726232E-03, 9.786853567E-03, 5.366666913E-01, 4.315474717E+01, 8.720417231E-06
      2930,-3.207512433E-03, 9.449026547E-03, 5.433333516E-01, 3.862194137E+01, 8.720417231E-06
      2931,-4.413417075E-03, 8.949524723E-03, 5.500000119E-01, 3.407474510E+01, 8.720417231E-06
      2932,-5.543807521E-03, 8.296893910E-03, 5.566666722E-01, 2.953798009E+01, 8.720417231E-06
      2933,-6.579340901E-03, 7.502300665E-03, 5.633333325E-01, 2.496689849E+01, 8.720417231E-06
      2934,-7.502300665E-03, 6.579341367E-03, 5.699999928E-01, 2.044386508E+01, 8.720417231E-06
      2935,-8.296893910E-03, 5.543807056E-03, 5.766666532E-01, 1.581912252E+01, 8.720417231E-06
      2936,-8.949524723E-03, 4.413417075E-03, 5.833333135E-01, 1.136878654E+01, 8.720417231E-06
      2937,-9.449026547E-03, 3.207512433E-03, 5.899999738E-01, 6.617487069E+00, 8.720417231E-06
      2938,-9.786853567E-03, 1.946726232E-03, 5.966666937E-01, 2.551743101E+00, 8.720417231E-06
      2939, 6.579340901E-03,-7.502300665E-03, 5.500000119E-01, 3.407464360E+01, 8.720417231E-06
      2940, 5.543807521E-03,-8.296893910E-03, 5.566666722E-01, 2.953798009E+01, 8.720417231E-06
      2941, 4.413417075E-03,-8.949524723E-03, 5.633333325E-01, 2.496700903E+01, 8.720417231E-06
      2942, 3.207512433E-03,-9.449026547E-03, 5.699999928E-01, 2.044396150E+01, 8.720417231E-06
      2943, 1.946726232E-03,-9.786853567E-03, 5.766666532E-01, 1.581929227E+01, 8.720417231E-06
      2944, 6.526309880E-04,-9.957224131E-03, 5.833333135E-01, 1.136876001E+01, 8.720417231E-06
      2945,-6.526309880E-04,-9.957224131E-03, 5.899999738E-01, 6.617622500E+00, 8.720417231E-06
      2946,-1.946726232E-03,-9.786853567E-03, 5.966666937E-01, 2.551743101E+00, 8.720417231E-06
      2947, 7.502300665E-03,-6.579341367E-03, 5.500000119E-01, 3.407464360E+01, 8.720417231E-06
      2948, 7.502300665E-03, 6.579340901E-03, 4.900000095E-01, 7.474242769E+01, 8.720417231E-06
      2949, 8.296893910E-03, 5.543807521E-03, 4.966666698E-01, 7.024710564E+01, 8.720417231E-06
      2950, 8.949524723E-03, 4.413417075E-03, 5.033333302E-01, 6.574649816E+01, 8.720417231E-06
      2951, 9.449026547E-03, 3.207512433E-03, 5.099999905E-01, 6.124004170E+01, 8.720417231E-06
      2952, 9.786853567E-03, 1.946726232E-03, 5.166666508E-01, 5.672818093E+01, 8.720417231E-06
      2953, 9.957224131E-03, 6.526309880E-04, 5.233333111E-01, 5.220964848E+01, 8.720417231E-06
      2954, 9.957224131E-03,-6.526309880E-04, 5.300000310E-01, 4.768647386E+01, 8.720417231E-06
      2955, 9.786853567E-03,-1.946726232E-03, 5.366666913E-01, 4.315474717E+01, 8.720417231E-06
      2956, 9.449026547E-03,-3.207512433E-03, 5.433333516E-01, 3.862194137E+01, 8.720417231E-06
      2957, 8.949524723E-03,-4.413417075E-03, 5.500000119E-01, 3.407474510E+01, 8.720417231E-06
      2958, 8.296893910E-03,-5.543807056E-03, 5.566666722E-01, 2.953798009E+01, 8.720417231E-06
      2959, 6.579341367E-03, 7.502300665E-03, 4.966666698E-01, 7.024708520E+01, 8.720417231E-06
      2960, 5.543807056E-03, 8.296893910E-03, 5.033333302E-01, 6.574645926E+01, 8.720417231E-06
      2961, 4.413417075E-03, 8.949524723E-03, 5.099999905E-01, 6.123999372E+01, 8.720417231E-06
      2962, 3.207512433E-03, 9.449026547E-03, 5.166666508E-01, 5.672814880E+01, 8.720417231E-06
      2963, 1.946726232E-03, 9.786853567E-03, 5.233333111E-01, 5.220963107E+01, 8.720417231E-06
      2964, 6.526309880E-04, 9.957224131E-03, 5.300000310E-01, 4.768647386E+01, 8.720417231E-06
      2965,-6.526309880E-04, 9.957224131E-03, 5.366666913E-01, 4.315476336E+01, 8.720417231E-06
      2966,-1.946726232E-03, 9.786853567E-03, 5.433333516E-01, 3.862197376E+01, 8.720417231E-06
      2967,-3.207512433E-03, 9.449026547E-03, 5.500000119E-01, 3.407480502E+01, 8.720417231E-06
      2968,-4.413417075E-03, 8.949524723E-03, 5.566666722E-01, 2.953803021E+01, 8.720417231E-06
      2969,-5.543807521E-03, 8.296893910E-03, 5.633333325E-01, 2.496693965E+01, 8.720417231E-06
      2970,-6.579340901E-03, 7.502300665E-03, 5.699999928E-01, 2.044386508E+01, 8.720417231E-06
      2971,-7.502300665E-03, 6.579341367E-03, 5.766666532E-01, 1.581907682E+01, 8.720417231E-06
      2972,-8.296893910E-03, 5.543807056E-03, 5.833333135E-01, 1.136874546E+01, 8.720417231E-06
      2973,-8.949524723E-03, 4.413417075E-03, 5.899999738E-01, 6.617341621E+00, 8.720417231E-06
      2974,-9.449026547E-03, 3.207512433E-03, 5.966666937E-01, 2.551890273E+00, 8.720417231E-06
      2975, 6.579340901E-03,-7.502300665E-03, 5.566666722E-01, 2.953794888E+01, 8.720417231E-06
      2976, 5.543807521E-03,-8.296893910E-03, 5.633333325E-01, 2.496693965E+01, 8.720417231E-06
      2977, 4.413417075E-03,-8.949524723E-03, 5.699999928E-01, 2.044393372E+01, 8.720417231E-06
      2978, 3.207512433E-03,-9.449026547E-03, 5.766666532E-01, 1.581923611E+01, 8.720417231E-06
      2979, 1.946726232E-03,-9.786853567E-03, 5.833333135E-01, 1.136877907E+01, 8.720417231E-06
      2980, 6.526309880E-04,-9.957224131E-03, 5.899999738E-01, 6.617622500E+00, 8.720417231E-06
      2981,-6.526309880E-04,-9.957224131E-03, 5.966666937E-01, 2.551668718E+00, 8.720417231E-06
      2982, 7.502300665E-03,-6.579341367E-03, 5.566666722E-01, 2.953794888E+01, 8.720417231E-06
      2983, 7.502300665E-03, 6.579340901E-03, 4.966666698E-01, 7.024708520E+01, 8.720417231E-06
      2984, 8.296893910E-03, 5.543807521E-03, 5.033333302E-01, 6.574645926E+01, 8.720417231E-06
      2985, 8.949524723E-03, 4.413417075E-03, 5.099999905E-01, 6.123999372E+01, 8.720417231E-06
      2986, 9.449026547E-03, 3.207512433E-03, 5.166666508E-01, 5.672814880E+01, 8.720417231E-06
      2987, 9.786853567E-03, 1.946726232E-03, 5.233333111E-01, 5.220963107E+01, 8.720417231E-06
      2988, 9.957224131E-03, 6.526309880E-04, 5.300000310E-01, 4.768647386E+01, 8.720417231E-06
      2989, 9.957224131E-03,-6.526309880E-04, 5.366666913E-01, 4.315476336E+01, 8.720417231E-06
      2990, 9.786853567E-03,-1.946726232E-03, 5.433333516E-01, 3.862197376E+01, 8.720417231E-06
      2991, 9.449026547E-03,-3.207512433E-03, 5.500000119E-01, 3.407480502E+01, 8.720417231E-06
      2992, 8.949524723E-03,-4.413417075E-03, 5.566666722E-01, 2.953803021E+01, 8.720417231E-06
      2993, 8.296893910E-03,-5.543807056E-03, 5.633333325E-01, 2.496693965E+01, 8.720417231E-06
      2994, 6.579341367E-03, 7.502300665E-03, 5.033333302E-01, 6.574643433E+01, 8.720417231E-06
      2995, 5.543807056E-03, 8.296893910E-03, 5.099999905E-01, 6.123995185E+01, 8.720417231E-06
      2996, 4.413417075E-03, 8.949524723E-03, 5.166666508E-01, 5.672809571E+01, 8.720417231E-06
      2997, 3.207512433E-03, 9.449026547E-03, 5.233333111E-01, 5.220960304E+01, 8.720417231E-06
      2998, 1.946726232E-03, 9.786853567E-03, 5.300000310E-01, 4.768645807E+01, 8.720417231E-06
      2999, 6.526309880E-04, 9.957224131E-03, 5.366666913E-01, 4.315476336E+01, 8.720417231E-06
      3000,-6.526309880E-04, 9.957224131E-03, 5.433333516E-01, 3.862198928E+01, 8.720417231E-06
      3001,-1.946726232E-03, 9.786853567E-03, 5.500000119E-01, 3.407484457E+01, 8.720417231E-06
      3002,-3.207512433E-03, 9.449026547E-03, 5.566666722E-01, 2.953806877E+01, 8.720417231E-06
      3003,-4.413417075E-03, 8.949524723E-03, 5.633333325E-01, 2.496700903E+01, 8.720417231E-06
      3004,-5.543807521E-03, 8.296893910E-03, 5.699999928E-01, 2.044389213E+01, 8.720417231E-06
      3005,-6.579340901E-03, 7.502300665E-03, 5.766666532E-01, 1.581907682E+01, 8.720417231E-06
      3006,-7.502300665E-03, 6.579341367E-03, 5.833333135E-01, 1.136870988E+01, 8.720417231E-06
      3007,-8.296893910E-03, 5.543807056E-03, 5.899999738E-01, 6.617198706E+00, 8.720417231E-06
      3008,-8.949524723E-03, 4.413417075E-03, 5.966666937E-01, 2.552076007E+00, 8.720417231E-06
      3009, 6.579340901E-03,-7.502300665E-03, 5.633333325E-01, 2.496689849E+01, 8.720417231E-06
      3010, 5.543807521E-03,-8.296893910E-03, 5.699999928E-01, 2.044389213E+01, 8.720417231E-06
      3011, 4.413417075E-03,-8.949524723E-03, 5.766666532E-01, 1.581918221E+01, 8.720417231E-06
      3012, 3.207512433E-03,-9.449026547E-03, 5.833333135E-01, 1.136879282E+01, 8.720417231E-06
      3013, 1.946726232E-03,-9.786853567E-03, 5.899999738E-01, 6.617575459E+00, 8.720417231E-06
      3014, 6.526309880E-04,-9.957224131E-03, 5.966666937E-01, 2.551668718E+00, 8.720417231E-06
      3015, 7.502300665E-03,-6.579341367E-03, 5.633333325E-01, 2.496689849E+01, 8.720417231E-06
      3016, 7.502300665E-03, 6.579340901E-03, 5.033333302E-01, 6.574643433E+01, 8.720417231E-06
      3017, 8.296893910E-03, 5.543807521E-03, 5.099999905E-01, 6.123995185E+01, 8.720417231E-06
      3018, 8.949524723E-03, 4.413417075E-03, 5.166666508E-01, 5.672809571E+01, 8.720417231E-06
      3019, 9.449026547E-03, 3.207512433E-03, 5.233333111E-01, 5.220960304E+01, 8.720417231E-06
      3020, 9.786853567E-03, 1.946726232E-03, 5.300000310E-01, 4.768645807E+01, 8.720417231E-06
      3021, 9.957224131E-03, 6.526309880E-04, 5.366666913E-01, 4.315476336E+01, 8.720417231E-06
      3022, 9.957224131E-03,-6.526309880E-04, 5.433333516E-01, 3.862198928E+01, 8.720417231E-06
      3023, 9.786853567E-03,-1.946726232E-03, 5.500000119E-01, 3.407484457E+01, 8.720417231E-06
      3024, 9.449026547E-03,-3.207512433E-03, 5.566666722E-01, 2.953806877E+01, 8.720417231E-06
      3025, 8.949524723E-03,-4.413417075E-03, 5.633333325E-01, 2.496700903E+01, 8.720417231E-06
      3026, 8.296893910E-03,-5.543807056E-03, 5.699999928E-01, 2.044389213E+01, 8.720417231E-06
      3027, 6.579341367E-03, 7.502300665E-03, 5.099999905E-01, 6.123992315E+01, 8.720417231E-06
      3028, 5.543807056E-03, 8.296893910E-03, 5.166666508E-01, 5.672805409E+01, 8.720417231E-06
      3029, 4.413417075E-03, 8.949524723E-03, 5.233333111E-01, 5.220954908E+01, 8.720417231E-06
      3030, 3.207512433E-03, 9.449026547E-03, 5.300000310E-01, 4.768642990E+01, 8.720417231E-06
      3031, 1.946726232E-03, 9.786853567E-03, 5.366666913E-01, 4.315474717E+01, 8.720417231E-06
      3032, 6.526309880E-04, 9.957224131E-03, 5.433333516E-01, 3.862198928E+01, 8.720417231E-06
      3033,-6.526309880E-04, 9.957224131E-03, 5.500000119E-01, 3.407486358E+01, 8.720417231E-06
      3034,-1.946726232E-03, 9.786853567E-03, 5.566666722E-01, 2.953809353E+01, 8.720417231E-06
      3035,-3.207512433E-03, 9.449026547E-03, 5.633333325E-01, 2.496706030E+01, 8.720417231E-06
      3036,-4.413417075E-03, 8.949524723E-03, 5.699999928E-01, 2.044393372E+01, 8.720417231E-06
      3037,-5.543807521E-03, 8.296893910E-03, 5.766666532E-01, 1.581912252E+01, 8.720417231E-06
      3038,-6.579340901E-03, 7.502300665E-03, 5.833333135E-01, 1.136870988E+01, 8.720417231E-06
      3039,-7.502300665E-03, 6.579341367E-03, 5.899999738E-01, 6.617099565E+00, 8.720417231E-06
      3040,-8.296893910E-03, 5.543807056E-03, 5.966666937E-01, 2.552271642E+00, 8.720417231E-06
      3041, 6.579340901E-03,-7.502300665E-03, 5.699999928E-01, 2.044386508E+01, 8.720417231E-06
      3042, 5.543807521E-03,-8.296893910E-03, 5.766666532E-01, 1.581912252E+01, 8.720417231E-06
      3043, 4.413417075E-03,-8.949524723E-03, 5.833333135E-01, 1.136878654E+01, 8.720417231E-06
      3044, 3.207512433E-03,-9.449026547E-03, 5.899999738E-01, 6.617487069E+00, 8.720417231E-06
      3045, 1.946726232E-03,-9.786853567E-03, 5.966666937E-01, 2.551743101E+00, 8.720417231E-06
      3046, 7.502300665E-03,-6.579341367E-03, 5.699999928E-01, 2.044386508E+01, 8.720417231E-06
      3047, 7.502300665E-03, 6.579340901E-03, 5.099999905E-01, 6.123992315E+01, 8.720417231E-06
      3048, 8.296893910E-03, 5.543807521E-03, 5.166666508E-01, 5.672805409E+01, 8.720417231E-06
      3049, 8.949524723E-03, 4.413417075E-03, 5.233333111E-01, 5.220954908E+01, 8.720417231E-06
      3050, 9.449026547E-03, 3.207512433E-03, 5.300000310E-01, 4.768642990E+01, 8.720417231E-06
      3051, 9.786853567E-03, 1.946726232E-03, 5.366666913E-01, 4.315474717E+01, 8.720417231E-06
      3052, 9.957224131E-03, 6.526309880E-04, 5.433333516E-01, 3.862198928E+01, 8.720417231E-06
      3053, 9.957224131E-03,-6.526309880E-04, 5.500000119E-01, 3.407486358E+01, 8.720417231E-06
      3054, 9.786853567E-03,-1.946726232E-03, 5.566666722E-01, 2.953809353E+01, 8.720417231E-06
      3055, 9.449026547E-03,-3.207512433E-03, 5.633333325E-01, 2.496706030E+01, 8.720417231E-06
      3056, 8.949524723E-03,-4.413417075E-03, 5.699999928E-01, 2.044393372E+01, 8.720417231E-06
      3057, 8.296893910E-03,-5.543807056E-03, 5.766666532E-01, 1.581912252E+01, 8.720417231E-06
      3058, 6.579341367E-03, 7.502300665E-03, 5.166666508E-01, 5.672802324E+01, 8.720417231E-06
      3059, 5.543807056E-03, 8.296893910E-03, 5.233333111E-01, 5.220950534E+01, 8.720417231E-06
      3060, 4.413417075E-03, 8.949524723E-03, 5.300000310E-01, 4.768637703E+01, 8.720417231E-06
      3061, 3.207512433E-03, 9.449026547E-03, 5.366666913E-01, 4.315471482E+01, 8.720417231E-06
      3062, 1.946726232E-03, 9.786853567E-03, 5.433333516E-01, 3.862197376E+01, 8.720417231E-06
      3063, 6.526309880E-04, 9.957224131E-03, 5.500000119E-01, 3.407486358E+01, 8.720417231E-06
      3064,-6.526309880E-04, 9.957224131E-03, 5.566666722E-01, 2.953810269E+01, 8.720417231E-06
      3065,-1.946726232E-03, 9.786853567E-03, 5.633333325E-01, 2.496709527E+01, 8.720417231E-06
      3066,-3.207512433E-03, 9.449026547E-03, 5.699999928E-01, 2.044396150E+01, 8.720417231E-06
      3067,-4.413417075E-03, 8.949524723E-03, 5.766666532E-01, 1.581918221E+01, 8.720417231E-06
      3068,-5.543807521E-03, 8.296893910E-03, 5.833333135E-01, 1.136874546E+01, 8.720417231E-06
      3069,-6.579340901E-03, 7.502300665E-03, 5.899999738E-01, 6.617099565E+00, 8.720417231E-06
      3070,-7.502300665E-03, 6.579341367E-03, 5.966666937E-01, 2.552371795E+00, 8.720417231E-06
      3071, 6.579340901E-03,-7.502300665E-03, 5.766666532E-01, 1.581907682E+01, 8.720417231E-06
      3072, 5.543807521E-03,-8.296893910E-03, 5.833333135E-01, 1.136874546E+01, 8.720417231E-06
      3073, 4.413417075E-03,-8.949524723E-03, 5.899999738E-01, 6.617341621E+00, 8.720417231E-06
      3074, 3.207512433E-03,-9.449026547E-03, 5.966666937E-01, 2.551890273E+00, 8.720417231E-06
      3075, 7.502300665E-03,-6.579341367E-03, 5.766666532E-01, 1.581907682E+01, 8.720417231E-06
      3076, 7.502300665E-03, 6.579340901E-03, 5.166666508E-01, 5.672802324E+01, 8.720417231E-06
      3077, 8.296893910E-03, 5.543807521E-03, 5.233333111E-01, 5.220950534E+01, 8.720417231E-06
      3078, 8.949524723E-03, 4.413417075E-03, 5.300000310E-01, 4.768637703E+01, 8.720417231E-06
      3079, 9.449026547E-03, 3.207512433E-03, 5.366666913E-01, 4.315471482E+01, 8.720417231E-06
      3080, 9.786853567E-03, 1.946726232E-03, 5.433333516E-01, 3.862197376E+01, 8.720417231E-06
      3081, 9.957224131E-03, 6.526309880E-04, 5.500000119E-01, 3.407486358E+01, 8.720417231E-06
      3082, 9.957224131E-03,-6.526309880E-04, 5.566666722E-01, 2.953810269E+01, 8.720417231E-06
      3083, 9.786853567E-03,-1.946726232E-03, 5.633333325E-01, 2.496709527E+01, 8.720417231E-06
      3084, 9.449026547E-03,-3.207512433E-03, 5.699999928E-01, 2.044396150E+01, 8.720417231E-06
      3085, 8.949524723E-03,-4.413417075E-03, 5.766666532E-01, 1.581918221E+01, 8.720417231E-06
      3086, 8.296893910E-03,-5.543807056E-03, 5.833333135E-01, 1.136874546E+01, 8.720417231E-06
      3087, 6.579341367E-03, 7.502300665E-03, 5.233333111E-01, 5.220947356E+01, 8.720417231E-06
      3088, 5.543807056E-03, 8.296893910E-03, 5.300000310E-01, 4.768633035E+01, 8.720417231E-06
      3089, 4.413417075E-03, 8.949524723E-03, 5.366666913E-01, 4.315465845E+01, 8.720417231E-06
      3090, 3.207512433E-03, 9.449026547E-03, 5.433333516E-01, 3.862194137E+01, 8.720417231E-06
      3091, 1.946726232E-03, 9.786853567E-03, 5.500000119E-01, 3.407484457E+01, 8.720417231E-06
      3092, 6.526309880E-04, 9.957224131E-03, 5.566666722E-01, 2.953810269E+01, 8.720417231E-06
      3093,-6.526309880E-04, 9.957224131E-03, 5.633333325E-01, 2.496711080E+01, 8.720417231E-06
      3094,-1.946726232E-03, 9.786853567E-03, 5.699999928E-01, 2.044397125E+01, 8.720417231E-06
      3095,-3.207512433E-03, 9.449026547E-03, 5.766666532E-01, 1.581923611E+01, 8.720417231E-06
      3096,-4.413417075E-03, 8.949524723E-03, 5.833333135E-01, 1.136878654E+01, 8.720417231E-06
      3097,-5.543807521E-03, 8.296893910E-03, 5.899999738E-01, 6.617198706E+00, 8.720417231E-06
      3098,-6.579340901E-03, 7.502300665E-03, 5.966666937E-01, 2.552371795E+00, 8.720417231E-06
      3099, 6.579340901E-03,-7.502300665E-03, 5.833333135E-01, 1.136870988E+01, 8.720417231E-06
      3100, 5.543807521E-03,-8.296893910E-03, 5.899999738E-01, 6.617198706E+00, 8.720417231E-06
      3101, 4.413417075E-03,-8.949524723E-03, 5.966666937E-01, 2.552076007E+00, 8.720417231E-06
      3102, 7.502300665E-03,-6.579341367E-03, 5.833333135E-01, 1.136870988E+01, 8.720417231E-06
      3103, 7.502300665E-03, 6.579340901E-03, 5.233333111E-01, 5.220947356E+01, 8.720417231E-06
      3104, 8.296893910E-03, 5.543807521E-03, 5.300000310E-01, 4.768633035E+01, 8.720417231E-06
      3105, 8.949524723E-03, 4.413417075E-03, 5.366666913E-01, 4.315465845E+01, 8.720417231E-06
      3106, 9.449026547E-03, 3.207512433E-03, 5.433333516E-01, 3.862194137E+01, 8.720417231E-06
      3107, 9.786853567E-03, 1.946726232E-03, 5.500000119E-01, 3.407484457E+01, 8.720417231E-06
      3108, 9.957224131E-03, 6.526309880E-04, 5.566666722E-01, 2.953810269E+01, 8.720417231E-06
      3109, 9.957224131E-03,-6.526309880E-04, 5.633333325E-01, 2.496711080E+01, 8.720417231E-06
      3110, 9.786853567E-03,-1.946726232E-03, 5.699999928E-01, 2.044397125E+01, 8.720417231E-06
      3111, 9.449026547E-03,-3.207512433E-03, 5.766666532E-01, 1.581923611E+01, 8.720417231E-06
      3112, 8.949524723E-03,-4.413417075E-03, 5.833333135E-01, 1.136878654E+01, 8.720417231E-06
      3113, 8.296893910E-03,-5.543807056E-03, 5.899999738E-01, 6.617198706E+00, 8.720417231E-06
      3114, 6.579341367E-03, 7.502300665E-03, 5.300000310E-01, 4.768629899E+01, 8.720417231E-06
      3115, 5.543807056E-03, 8.296893910E-03, 5.366666913E-01, 4.315460654E+01, 8.720417231E-06
      3116, 4.413417075E-03, 8.949524723E-03, 5.433333516E-01, 3.862188558E+01, 8.720417231E-06
      3117, 3.207512433E-03, 9.449026547E-03, 5.500000119E-01, 3.407480502E+01, 8.720417231E-06
      3118, 1.946726232E-03, 9.786853567E-03, 5.566666722E-01, 2.953809353E+01, 8.720417231E-06
      3119, 6.526309880E-04, 9.957224131E-03, 5.633333325E-01, 2.496711080E+01, 8.720417231E-06
      3120,-6.526309880E-04, 9.957224131E-03, 5.699999928E-01, 2.044397616E+01, 8.720417231E-06
      3121,-1.946726232E-03, 9.786853567E-03, 5.766666532E-01, 1.581929227E+01, 8.720417231E-06
      3122,-3.207512433E-03, 9.449026547E-03, 5.833333135E-01, 1.136879282E+01, 8.720417231E-06
      3123,-4.413417075E-03, 8.949524723E-03, 5.899999738E-01, 6.617341621E+00, 8.720417231E-06
      3124,-5.543807521E-03, 8.296893910E-03, 5.966666937E-01, 2.552271642E+00, 8.720417231E-06
      3125, 6.579340901E-03,-7.502300665E-03, 5.899999738E-01, 6.617099565E+00, 8.720417231E-06
      3126, 5.543807521E-03,-8.296893910E-03, 5.966666937E-01, 2.552271642E+00, 8.720417231E-06
      3127, 7.502300665E-03,-6.579341367E-03, 5.899999738E-01, 6.617099565E+00, 8.720417231E-06
      3128, 7.502300665E-03, 6.579340901E-03, 5.300000310E-01, 4.768629899E+01, 8.720417231E-06
      3129, 8.296893910E-03, 5.543807521E-03, 5.366666913E-01, 4.315460654E+01, 8.720417231E-06
      3130, 8.949524723E-03, 4.413417075E-03, 5.433333516E-01, 3.862188558E+01, 8.720417231E-06
      3131, 9.449026547E-03, 3.207512433E-03, 5.500000119E-01, 3.407480502E+01, 8.720417231E-06
      3132, 9.786853567E-03, 1.946726232E-03, 5.566666722E-01, 2.953809353E+01, 8.720417231E-06
      3133, 9.957224131E-03, 6.526309880E-04, 5.633333325E-01, 2.496711080E+01, 8.720417231E-06
      3134, 9.957224131E-03,-6.526309880E-04, 5.699999928E-01, 2.044397616E+01, 8.720417231E-06
      3135, 9.786853567E-03,-1.946726232E-03, 5.766666532E-01, 1.581929227E+01, 8.720417231E-06
      3136, 9.449026547E-03,-3.207512433E-03, 5.833333135E-01, 1.136879282E+01, 8.720417231E-06
      3137, 8.949524723E-03,-4.413417075E-03, 5.899999738E-01, 6.617341621E+00, 8.720417231E-06
      3138, 8.296893910E-03,-5.543807056E-03, 5.966666937E-01, 2.552271642E+00, 8.720417231E-06
      3139, 6.579341367E-03, 7.502300665E-03, 5.366666913E-01, 4.315457269E+01, 8.720417231E-06
      3140, 5.543807056E-03, 8.296893910E-03, 5.433333516E-01, 3.862183478E+01, 8.720417231E-06
      3141, 4.413417075E-03, 8.949524723E-03, 5.500000119E-01, 3.407474510E+01, 8.720417231E-06
      3142, 3.207512433E-03, 9.449026547E-03, 5.566666722E-01, 2.953806877E+01, 8.720417231E-06
      3143, 1.946726232E-03, 9.786853567E-03, 5.633333325E-01, 2.496709527E+01, 8.720417231E-06
      3144, 6.526309880E-04, 9.957224131E-03, 5.699999928E-01, 2.044397616E+01, 8.720417231E-06
      3145,-6.526309880E-04, 9.957224131E-03, 5.766666532E-01, 1.581931848E+01, 8.720417231E-06
      3146,-1.946726232E-03, 9.786853567E-03, 5.833333135E-01, 1.136877907E+01, 8.720417231E-06
      3147,-3.207512433E-03, 9.449026547E-03, 5.899999738E-01, 6.617487069E+00, 8.720417231E-06
      3148,-4.413417075E-03, 8.949524723E-03, 5.966666937E-01, 2.552076007E+00, 8.720417231E-06
      3149, 6.579340901E-03,-7.502300665E-03, 5.966666937E-01, 2.552371795E+00, 8.720417231E-06
      3150, 7.502300665E-03,-6.579341367E-03, 5.966666937E-01, 2.552371795E+00, 8.720417231E-06
      3151, 7.502300665E-03, 6.579340901E-03, 5.366666913E-01, 4.315457269E+01, 8.720417231E-06
      3152, 8.296893910E-03, 5.543807521E-03, 5.433333516E-01, 3.862183478E+01, 8.720417231E-06
      3153, 8.949524723E-03, 4.413417075E-03, 5.500000119E-01, 3.407474510E+01, 8.720417231E-06
      3154, 9.449026547E-03, 3.207512433E-03, 5.566666722E-01, 2.953806877E+01, 8.720417231E-06
      3155, 9.786853567E-03, 1.946726232E-03, 5.633333325E-01, 2.496709527E+01, 8.720417231E-06
      3156, 9.957224131E-03, 6.526309880E-04, 5.699999928E-01, 2.044397616E+01, 8.720417231E-06
      3157, 9.957224131E-03,-6.526309880E-04, 5.766666532E-01, 1.581931848E+01, 8.720417231E-06
      3158, 9.786853567E-03,-1.946726232E-03, 5.833333135E-01, 1.136877907E+01, 8.720417231E-06
      3159, 9.449026547E-03,-3.207512433E-03, 5.899999738E-01, 6.617487069E+00, 8.720417231E-06
      3160, 8.949524723E-03,-4.413417075E-03, 5.966666937E-01, 2.552076007E+00, 8.720417231E-06
      3161, 6.579341367E-03, 7.502300665E-03, 5.433333516E-01, 3.862180036E+01, 8.720417231E-06
      3162, 5.543807056E-03, 8.296893910E-03, 5.500000119E-01, 3.407468155E+01, 8.720417231E-06
      3163, 4.413417075E-03, 8.949524723E-03, 5.566666722E-01, 2.953803021E+01, 8.720417231E-06
      3164, 3.207512433E-03, 9.449026547E-03, 5.633333325E-01, 2.496706030E+01, 8.720417231E-06
      3165, 1.946726232E-03, 9.786853567E-03, 5.699999928E-01, 2.044397125E+01, 8.720417231E-06
      3166, 6.526309880E-04, 9.957224131E-03, 5.766666532E-01, 1.581931848E+01, 8.720417231E-06
      3167,-6.526309880E-04, 9.957224131E-03, 5.833333135E-01, 1.136876001E+01, 8.720417231E-06
      3168,-1.946726232E-03, 9.786853567E-03, 5.899999738E-01, 6.617575459E+00, 8.720417231E-06
      3169,-3.207512433E-03, 9.449026547E-03, 5.966666937E-01, 2.551890273E+00, 8.720417231E-06
      3170, 7.502300665E-03, 6.579340901E-03, 5.433333516E-01, 3.862180036E+01, 8.720417231E-06
      3171, 8.296893910E-03, 5.543807521E-03, 5.500000119E-01, 3.407468155E+01, 8.720417231E-06
      3172, 8.949524723E-03, 4.413417075E-03, 5.566666722E-01, 2.953803021E+01, 8.720417231E-06
      3173, 9.449026547E-03, 3.207512433E-03, 5.633333325E-01, 2.496706030E+01, 8.720417231E-06
      3174, 9.786853567E-03, 1.946726232E-03, 5.699999928E-01, 2.044397125E+01, 8.720417231E-06
      3175, 9.957224131E-03, 6.526309880E-04, 5.766666532E-01, 1.581931848E+01, 8.720417231E-06
      3176, 9.957224131E-03,-6.526309880E-04, 5.833333135E-01, 1.136876001E+01, 8.720417231E-06
      3177, 9.786853567E-03,-1.946726232E-03, 5.899999738E-01, 6.617575459E+00, 8.720417231E-06
      3178, 9.449026547E-03,-3.207512433E-03, 5.966666937E-01, 2.551890273E+00, 8.720417231E-06
      3179, 6.579341367E-03, 7.502300665E-03, 5.500000119E-01, 3.407464360E+01, 8.720417231E-06
      3180, 5.543807056E-03, 8.296893910E-03, 5.566666722E-01, 2.953798009E+01, 8.720417231E-06
      3181, 4.413417075E-03, 8.949524723E-03, 5.633333325E-01, 2.496700903E+01, 8.720417231E-06
      3182, 3.207512433E-03, 9.449026547E-03, 5.699999928E-01, 2.044396150E+01, 8.720417231E-06
      3183, 1.946726232E-03, 9.786853567E-03, 5.766666532E-01, 1.581929227E+01, 8.720417231E-06
      3184, 6.526309880E-04, 9.957224131E-03, 5.833333135E-01, 1.136876001E+01, 8.720417231E-06
      3185,-6.526309880E-04, 9.957224131E-03, 5.899999738E-01, 6.617622500E+00, 8.720417231E-06
      3186,-1.946726232E-03, 9.786853567E-03, 5.966666937E-01, 2.551743101E+00, 8.720417231E-06
      3187, 7.502300665E-03, 6.579340901E-03, 5.500000119E-01, 3.407464360E+01, 8.720417231E-06
      3188, 8.296893910E-03, 5.543807521E-03, 5.566666722E-01, 2.953798009E+01, 8.720417231E-06
      3189, 8.949524723E-03, 4.413417075E-03, 5.633333325E-01, 2.496700903E+01, 8.720417231E-06
      3190, 9.449026547E-03, 3.207512433E-03, 5.699999928E-01, 2.044396150E+01, 8.720417231E-06
      3191, 9.786853567E-03, 1.946726232E-03, 5.766666532E-01, 1.581929227E+01, 8.720417231E-06
      3192, 9.957224131E-03, 6.526309880E-04, 5.833333135E-01, 1.136876001E+01, 8.720417231E-06
      3193, 9.957224131E-03,-6.526309880E-04, 5.899999738E-01, 6.617622500E+00, 8.720417231E-06
      3194, 9.786853567E-03,-1.946726232E-03, 5.966666937E-01, 2.551743101E+00, 8.720417231E-06
      3195, 6.579341367E-03, 7.502300665E-03, 5.566666722E-01, 2.953794888E+01, 8.720417231E-06
      3196, 5.543807056E-03, 8.296893910E-03, 5.633333325E-01, 2.496693965E+01, 8.720417231E-06
      3197, 4.413417075E-03, 8.949524723E-03, 5.699999928E-01, 2.044393372E+01, 8.720417231E-06
      3198, 3.207512433E-03, 9.449026547E-03, 5.766666532E-01, 1.581923611E+01, 8.720417231E-06
      3199, 1.946726232E-03, 9.786853567E-03, 5.833333135E-01, 1.136877907E+01, 8.720417231E-06
      3200, 6.526309880E-04, 9.957224131E-03, 5.899999738E-01, 6.617622500E+00, 8.720417231E-06
      3201,-6.526309880E-04, 9.957224131E-03, 5.966666937E-01, 2.551668718E+00, 8.720417231E-06
      3202, 7.502300665E-03, 6.579340901E-03, 5.566666722E-01, 2.953794888E+01, 8.720417231E-06
      3203, 8.296893910E-03, 5.543807521E-03, 5.633333325E-01, 2.496693965E+01, 8.720417231E-06
      3204, 8.949524723E-03, 4.413417075E-03, 5.699999928E-01, 2.044393372E+01, 8.720417231E-06
      3205, 9.449026547E-03, 3.207512433E-03, 5.766666532E-01, 1.581923611E+01, 8.720417231E-06
      3206, 9.786853567E-03, 1.946726232E-03, 5.833333135E-01, 1.136877907E+01, 8.720417231E-06
      3207, 9.957224131E-03, 6.526309880E-04, 5.899999738E-01, 6.617622500E+00, 8.720417231E-06
      3208, 9.957224131E-03,-6.526309880E-04, 5.966666937E-01, 2.551668718E+00, 8.720417231E-06
      3209, 6.579341367E-03, 7.502300665E-03, 5.633333325E-01, 2.496689849E+01, 8.720417231E-06
      3210, 5.543807056E-03, 8.296893910E-03, 5.699999928E-01, 2.044389213E+01, 8.720417231E-06
      3211, 4.413417075E-03, 8.949524723E-03, 5.766666532E-01, 1.581918221E+01, 8.720417231E-06
      3212, 3.207512433E-03, 9.449026547E-03, 5.833333135E-01, 1.136879282E+01, 8.720417231E-06
      3213, 1.946726232E-03, 9.786853567E-03, 5.899999738E-01, 6.617575459E+00, 8.720417231E-06
      3214, 6.526309880E-04, 9.957224131E-03, 5.966666937E-01, 2.551668718E+00, 8.720417231E-06
      3215, 7.502300665E-03, 6.579340901E-03, 5.633333325E-01, 2.496689849E+01, 8.720417231E-06
      3216, 8.296893910E-03, 5.543807521E-03, 5.699999928E-01, 2.044389213E+01, 8.720417231E-06
      3217, 8.949524723E-03, 4.413417075E-03, 5.766666532E-01, 1.581918221E+01, 8.720417231E-06
      3218, 9.449026547E-03, 3.207512433E-03, 5.833333135E-01, 1.136879282E+01, 8.720417231E-06
      3219, 9.786853567E-03, 1.946726232E-03, 5.899999738E-01, 6.617575459E+00, 8.720417231E-06
      3220, 9.957224131E-03, 6.526309880E-04, 5.966666937E-01, 2.551668718E+00, 8.720417231E-06
      3221, 6.579341367E-03, 7.502300665E-03, 5.699999928E-01, 2.044386508E+01, 8.720417231E-06
      3222, 5.543807056E-03, 8.296893910E-03, 5.766666532E-01, 1.581912252E+01, 8.720417231E-06
      3223, 4.413417075E-03, 8.949524723E-03, 5.833333135E-01, 1.136878654E+01, 8.720417231E-06
      3224, 3.207512433E-03, 9.449026547E-03, 5.899999738E-01, 6.617487069E+00, 8.720417231E-06
      3225, 1.946726232E-03, 9.786853567E-03, 5.966666937E-01, 2.551743101E+00, 8.720417231E-06
      3226, 7.502300665E-03, 6.579340901E-03, 5.699999928E-01, 2.044386508E+01, 8.720417231E-06
      3227, 8.296893910E-03, 5.543807521E-03, 5.766666532E-01, 1.581912252E+01, 8.720417231E-06
      3228, 8.949524723E-03, 4.413417075E-03, 5.833333135E-01, 1.136878654E+01, 8.720417231E-06
      3229, 9.449026547E-03, 3.207512433E-03, 5.899999738E-01, 6.617487069E+00, 8.720417231E-06
      3230, 9.786853567E-03, 1.946726232E-03, 5.966666937E-01, 2.551743101E+00, 8.720417231E-06
      3231, 6.579341367E-03, 7.502300665E-03, 5.766666532E-01, 1.581907682E+01, 8.720417231E-06
      3232, 5.543807056E-03, 8.296893910E-03, 5.833333135E-01, 1.136874546E+01, 8.720417231E-06
      3233, 4.413417075E-03, 8.949524723E-03, 5.899999738E-01, 6.617341621E+00, 8.720417231E-06
      3234, 3.207512433E-03, 9.449026547E-03, 5.966666937E-01, 2.551890273E+00, 8.720417231E-06
      3235, 7.502300665E-03, 6.579340901E-03, 5.766666532E-01, 1.581907682E+01, 8.720417231E-06
      3236, 8.296893910E-03, 5.543807521E-03, 5.833333135E-01, 1.136874546E+01, 8.720417231E-06
      3237, 8.949524723E-03, 4.413417075E-03, 5.899999738E-01, 6.617341621E+00, 8.720417231E-06
      3238, 9.449026547E-03, 3.207512433E-03, 5.966666937E-01, 2.551890273E+00, 8.720417231E-06
      3239, 6.579341367E-03, 7.502300665E-03, 5.833333135E-01, 1.136870988E+01, 8.720417231E-06
      3240, 5.543807056E-03, 8.296893910E-03, 5.899999738E-01, 6.617198706E+00, 8.720417231E-06
      3241, 4.413417075E-03, 8.949524723E-03, 5.966666937E-01, 2.552076007E+00, 8.720417231E-06
      3242, 7.502300665E-03, 6.579340901E-03, 5.833333135E-01, 1.136870988E+01, 8.720417231E-06
      3243, 8.296893910E-03, 5.543807521E-03, 5.899999738E-01, 6.617198706E+00, 8.720417231E-06
      3244, 8.949524723E-03, 4.413417075E-03, 5.966666937E-01, 2.552076007E+00, 8.720417231E-06
      3245, 6.579341367E-03, 7.502300665E-03, 5.899999738E-01, 6.617099565E+00, 8.720417231E-06
      3246, 5.543807056E-03, 8.296893910E-03, 5.966666937E-01, 2.552271642E+00, 8.720417231E-06
      3247, 7.502300665E-03, 6.579340901E-03, 5.899999738E-01, 6.617099565E+00, 8.720417231E-06
      3248, 8.296893910E-03, 5.543807521E-03, 5.966666937E-01, 2.552271642E+00, 8.720417231E-06
      3249, 6.579341367E-03, 7.502300665E-03, 5.966666937E-01, 2.552371795E+00, 8.720417231E-06
      3250, 7.502300665E-03, 6.579340901E-03, 5.966666937E-01, 2.552371795E+00, 8.720417231E-06
      3251, 7.502300665E-03, 6.579340901E-03, 4.366666377E-01, 1.105325489E+02, 8.720417231E-06
      3252, 7.502300665E-03, 6.579340901E-03, 4.299999774E-01, 1.149873102E+02, 8.720417231E-06
      3253, 8.296893910E-03, 5.543807521E-03, 4.366666377E-01, 1.105325856E+02, 8.720417231E-06
      3254, 6.579341367E-03, 7.502300665E-03, 4.366666377E-01, 1.105325489E+02, 8.720417231E-06
      3255, 7.502300665E-03, 6.579340901E-03, 4.233333170E-01, 1.194382486E+02, 8.720417231E-06
      3256, 8.296893910E-03, 5.543807521E-03, 4.299999774E-01, 1.149873471E+02, 8.720417231E-06
      3257, 6.579341367E-03, 7.502300665E-03, 4.299999774E-01, 1.149873102E+02, 8.720417231E-06
      3258, 8.949524723E-03, 4.413417075E-03, 4.366666377E-01, 1.105326254E+02, 8.720417231E-06
      3259, 5.543807056E-03, 8.296893910E-03, 4.366666377E-01, 1.105325856E+02, 8.720417231E-06
      3260, 7.502300665E-03, 6.579340901E-03, 4.166666567E-01, 1.238857929E+02, 8.720417231E-06
      3261, 8.296893910E-03, 5.543807521E-03, 4.233333170E-01, 1.194382864E+02, 8.720417231E-06
      3262, 6.579341367E-03, 7.502300665E-03, 4.233333170E-01, 1.194382486E+02, 8.720417231E-06
      3263, 8.949524723E-03, 4.413417075E-03, 4.299999774E-01, 1.149873879E+02, 8.720417231E-06
      3264, 5.543807056E-03, 8.296893910E-03, 4.299999774E-01, 1.149873471E+02, 8.720417231E-06
      3265, 9.449026547E-03, 3.207512433E-03, 4.366666377E-01, 1.105326598E+02, 8.720417231E-06
      3266, 7.502300665E-03, 6.579340901E-03, 4.099999964E-01, 1.283298898E+02, 8.720417231E-06
      3267, 8.296893910E-03, 5.543807521E-03, 4.166666567E-01, 1.238858279E+02, 8.720417231E-06
      3268, 6.579341367E-03, 7.502300665E-03, 4.166666567E-01, 1.238857929E+02, 8.720417231E-06
      3269, 8.949524723E-03, 4.413417075E-03, 4.233333170E-01, 1.194383313E+02, 8.720417231E-06
      3270, 5.543807056E-03, 8.296893910E-03, 4.233333170E-01, 1.194382864E+02, 8.720417231E-06
      3271, 9.449026547E-03, 3.207512433E-03, 4.299999774E-01, 1.149874232E+02, 8.720417231E-06
      3272, 4.413417075E-03, 8.949524723E-03, 4.299999774E-01, 1.149873879E+02, 8.720417231E-06
      3273, 7.502300665E-03, 6.579340901E-03, 4.033333361E-01, 1.327707455E+02, 8.720417231E-06
      3274, 8.296893910E-03, 5.543807521E-03, 4.099999964E-01, 1.283299194E+02, 8.720417231E-06
      3275, 6.579341367E-03, 7.502300665E-03, 4.099999964E-01, 1.283298898E+02, 8.720417231E-06
      3276, 8.949524723E-03, 4.413417075E-03, 4.166666567E-01, 1.238858740E+02, 8.720417231E-06
      3277, 5.543807056E-03, 8.296893910E-03, 4.166666567E-01, 1.238858279E+02, 8.720417231E-06
      3278, 9.449026547E-03, 3.207512433E-03, 4.233333170E-01, 1.194383691E+02, 8.720417231E-06
      3279, 4.413417075E-03, 8.949524723E-03, 4.233333170E-01, 1.194383313E+02, 8.720417231E-06
      3280, 3.207512433E-03, 9.449026547E-03, 4.299999774E-01, 1.149874232E+02, 8.720417231E-06
      3281, 7.502300665E-03, 6.579340901E-03, 3.966666758E-01, 1.372084367E+02, 8.720417231E-06
      3282, 8.296893910E-03, 5.543807521E-03, 4.033333361E-01, 1.327707700E+02, 8.720417231E-06
      3283, 6.579341367E-03, 7.502300665E-03, 4.033333361E-01, 1.327707455E+02, 8.720417231E-06
      3284, 8.949524723E-03, 4.413417075E-03, 4.099999964E-01, 1.283299664E+02, 8.720417231E-06
      3285, 5.543807056E-03, 8.296893910E-03, 4.099999964E-01, 1.283299194E+02, 8.720417231E-06
      3286, 9.449026547E-03, 3.207512433E-03, 4.166666567E-01, 1.238859091E+02, 8.720417231E-06
      3287, 4.413417075E-03, 8.949524723E-03, 4.166666567E-01, 1.238858740E+02, 8.720417231E-06
      3288, 9.786853567E-03, 1.946726232E-03, 4.233333170E-01, 1.194383916E+02, 8.720417231E-06
      3289, 3.207512433E-03, 9.449026547E-03, 4.233333170E-01, 1.194383691E+02, 8.720417231E-06
      3290, 1.946726232E-03, 9.786853567E-03, 4.299999774E-01, 1.149874429E+02, 8.720417231E-06
      3291, 7.502300665E-03, 6.579340901E-03, 3.900000155E-01, 1.416430348E+02, 8.720417231E-06
      3292, 8.296893910E-03, 5.543807521E-03, 3.966666758E-01, 1.372084519E+02, 8.720417231E-06
      3293, 6.579341367E-03, 7.502300665E-03, 3.966666758E-01, 1.372084367E+02, 8.720417231E-06
      3294, 8.949524723E-03, 4.413417075E-03, 4.033333361E-01, 1.327708130E+02, 8.720417231E-06
      3295, 5.543807056E-03, 8.296893910E-03, 4.033333361E-01, 1.327707700E+02, 8.720417231E-06
      3296, 9.449026547E-03, 3.207512433E-03, 4.099999964E-01, 1.283300006E+02, 8.720417231E-06
      3297, 4.413417075E-03, 8.949524723E-03, 4.099999964E-01, 1.283299664E+02, 8.720417231E-06
      3298, 9.786853567E-03, 1.946726232E-03, 4.166666567E-01, 1.238859328E+02, 8.720417231E-06
      3299, 3.207512433E-03, 9.449026547E-03, 4.166666567E-01, 1.238859091E+02, 8.720417231E-06
      3300, 9.957224131E-03, 6.526309880E-04, 4.233333170E-01, 1.194384037E+02, 8.720417231E-06
      3301, 1.946726232E-03, 9.786853567E-03, 4.233333170E-01, 1.194383916E+02, 8.720417231E-06
      3302, 6.526309880E-04, 9.957224131E-03, 4.299999774E-01, 1.149874538E+02, 8.720417231E-06
      3303, 7.502300665E-03, 6.579340901E-03, 3.833333254E-01, 1.460746170E+02, 8.720417231E-06
      3304, 8.296893910E-03, 5.543807521E-03, 3.900000155E-01, 1.416430397E+02, 8.720417231E-06
      3305, 6.579341367E-03, 7.502300665E-03, 3.900000155E-01, 1.416430348E+02, 8.720417231E-06
      3306, 8.949524723E-03, 4.413417075E-03, 3.966666758E-01, 1.372084785E+02, 8.720417231E-06
      3307, 5.543807056E-03, 8.296893910E-03, 3.966666758E-01, 1.372084519E+02, 8.720417231E-06
      3308, 9.449026547E-03, 3.207512433E-03, 4.033333361E-01, 1.327708457E+02, 8.720417231E-06
      3309, 4.413417075E-03, 8.949524723E-03, 4.033333361E-01, 1.327708130E+02, 8.720417231E-06
      3310, 9.786853567E-03, 1.946726232E-03, 4.099999964E-01, 1.283300270E+02, 8.720417231E-06
      3311, 3.207512433E-03, 9.449026547E-03, 4.099999964E-01, 1.283300006E+02, 8.720417231E-06
      3312, 9.957224131E-03, 6.526309880E-04, 4.166666567E-01, 1.238859445E+02, 8.720417231E-06
      3313, 1.946726232E-03, 9.786853567E-03, 4.166666567E-01, 1.238859328E+02, 8.720417231E-06
      3314, 9.957224131E-03,-6.526309880E-04, 4.233333170E-01, 1.194384037E+02, 8.720417231E-06
      3315, 6.526309880E-04, 9.957224131E-03, 4.233333170E-01, 1.194384037E+02, 8.720417231E-06
      3316,-6.526309880E-04, 9.957224131E-03, 4.299999774E-01, 1.149874538E+02, 8.720417231E-06
      3317, 7.502300665E-03, 6.579340901E-03, 3.766666651E-01, 1.505032416E+02, 8.720417231E-06
      3318, 8.296893910E-03, 5.543807521E-03, 3.833333254E-01, 1.460746171E+02, 8.720417231E-06
      3319, 6.579341367E-03, 7.502300665E-03, 3.833333254E-01, 1.460746170E+02, 8.720417231E-06
      3320, 8.949524723E-03, 4.413417075E-03, 3.900000155E-01, 1.416430476E+02, 8.720417231E-06
      3321, 5.543807056E-03, 8.296893910E-03, 3.900000155E-01, 1.416430397E+02, 8.720417231E-06
      3322, 9.449026547E-03, 3.207512433E-03, 3.966666758E-01, 1.372084973E+02, 8.720417231E-06
      3323, 4.413417075E-03, 8.949524723E-03, 3.966666758E-01, 1.372084785E+02, 8.720417231E-06
      3324, 9.786853567E-03, 1.946726232E-03, 4.033333361E-01, 1.327708703E+02, 8.720417231E-06
      3325, 3.207512433E-03, 9.449026547E-03, 4.033333361E-01, 1.327708457E+02, 8.720417231E-06
      3326, 9.957224131E-03, 6.526309880E-04, 4.099999964E-01, 1.283300400E+02, 8.720417231E-06
      3327, 1.946726232E-03, 9.786853567E-03, 4.099999964E-01, 1.283300270E+02, 8.720417231E-06
      3328, 9.957224131E-03,-6.526309880E-04, 4.166666567E-01, 1.238859445E+02, 8.720417231E-06
      3329, 6.526309880E-04, 9.957224131E-03, 4.166666567E-01, 1.238859445E+02, 8.720417231E-06
      3330, 9.786853567E-03,-1.946726232E-03, 4.233333170E-01, 1.194383916E+02, 8.720417231E-06
      3331,-6.526309880E-04, 9.957224131E-03, 4.233333170E-01, 1.194384037E+02, 8.720417231E-06
      3332,-1.946726232E-03, 9.786853567E-03, 4.299999774E-01, 1.149874429E+02, 8.720417231E-06
      3333,-6.526309880E-04, 9.957224131E-03, 4.366666377E-01, 1.105326905E+02, 8.720417231E-06
      3334, 7.502300665E-03, 6.579340901E-03, 3.700000048E-01, 1.549288508E+02, 8.720417231E-06
      3335, 8.296893910E-03, 5.543807521E-03, 3.766666651E-01, 1.505032352E+02, 8.720417231E-06
      3336, 6.579341367E-03, 7.502300665E-03, 3.766666651E-01, 1.505032416E+02, 8.720417231E-06
      3337, 8.949524723E-03, 4.413417075E-03, 3.833333254E-01, 1.460746103E+02, 8.720417231E-06
      3338, 5.543807056E-03, 8.296893910E-03, 3.833333254E-01, 1.460746171E+02, 8.720417231E-06
      3339, 9.449026547E-03, 3.207512433E-03, 3.900000155E-01, 1.416430578E+02, 8.720417231E-06
      3340, 4.413417075E-03, 8.949524723E-03, 3.900000155E-01, 1.416430476E+02, 8.720417231E-06
      3341, 9.786853567E-03, 1.946726232E-03, 3.966666758E-01, 1.372085103E+02, 8.720417231E-06
      3342, 3.207512433E-03, 9.449026547E-03, 3.966666758E-01, 1.372084973E+02, 8.720417231E-06
      3343, 9.957224131E-03, 6.526309880E-04, 4.033333361E-01, 1.327708809E+02, 8.720417231E-06
      3344, 1.946726232E-03, 9.786853567E-03, 4.033333361E-01, 1.327708703E+02, 8.720417231E-06
      3345, 9.957224131E-03,-6.526309880E-04, 4.099999964E-01, 1.283300400E+02, 8.720417231E-06
      3346, 6.526309880E-04, 9.957224131E-03, 4.099999964E-01, 1.283300400E+02, 8.720417231E-06
      3347, 9.786853567E-03,-1.946726232E-03, 4.166666567E-01, 1.238859328E+02, 8.720417231E-06
      3348,-6.526309880E-04, 9.957224131E-03, 4.166666567E-01, 1.238859445E+02, 8.720417231E-06
      3349, 9.449026547E-03,-3.207512433E-03, 4.233333170E-01, 1.194383691E+02, 8.720417231E-06
      3350,-1.946726232E-03, 9.786853567E-03, 4.233333170E-01, 1.194383916E+02, 8.720417231E-06
      3351,-3.207512433E-03, 9.449026547E-03, 4.299999774E-01, 1.149874232E+02, 8.720417231E-06
      3352,-1.946726232E-03, 9.786853567E-03, 4.366666377E-01, 1.105326799E+02, 8.720417231E-06
      3353, 7.502300665E-03, 6.579340901E-03, 3.633333445E-01, 1.593518703E+02, 8.720417231E-06
      3354, 8.296893910E-03, 5.543807521E-03, 3.700000048E-01, 1.549288389E+02, 8.720417231E-06
      3355, 6.579341367E-03, 7.502300665E-03, 3.700000048E-01, 1.549288508E+02, 8.720417231E-06
      3356, 8.949524723E-03, 4.413417075E-03, 3.766666651E-01, 1.505032163E+02, 8.720417231E-06
      3357, 5.543807056E-03, 8.296893910E-03, 3.766666651E-01, 1.505032352E+02, 8.720417231E-06
      3358, 9.449026547E-03, 3.207512433E-03, 3.833333254E-01, 1.460746155E+02, 8.720417231E-06
      3359, 4.413417075E-03, 8.949524723E-03, 3.833333254E-01, 1.460746103E+02, 8.720417231E-06
      3360, 9.786853567E-03, 1.946726232E-03, 3.900000155E-01, 1.416430643E+02, 8.720417231E-06
      3361, 3.207512433E-03, 9.449026547E-03, 3.900000155E-01, 1.416430578E+02, 8.720417231E-06
      3362, 9.957224131E-03, 6.526309880E-04, 3.966666758E-01, 1.372085139E+02, 8.720417231E-06
      3363, 1.946726232E-03, 9.786853567E-03, 3.966666758E-01, 1.372085103E+02, 8.720417231E-06
      3364, 9.957224131E-03,-6.526309880E-04, 4.033333361E-01, 1.327708809E+02, 8.720417231E-06
      3365, 6.526309880E-04, 9.957224131E-03, 4.033333361E-01, 1.327708809E+02, 8.720417231E-06
      3366, 9.786853567E-03,-1.946726232E-03, 4.099999964E-01, 1.283300270E+02, 8.720417231E-06
      3367,-6.526309880E-04, 9.957224131E-03, 4.099999964E-01, 1.283300400E+02, 8.720417231E-06
      3368, 9.449026547E-03,-3.207512433E-03, 4.166666567E-01, 1.238859091E+02, 8.720417231E-06
      3369,-1.946726232E-03, 9.786853567E-03, 4.166666567E-01, 1.238859328E+02, 8.720417231E-06
      3370, 8.949524723E-03,-4.413417075E-03, 4.233333170E-01, 1.194383313E+02, 8.720417231E-06
      3371, 9.449026547E-03,-3.207512433E-03, 4.299999774E-01, 1.149874232E+02, 8.720417231E-06
      3372,-3.207512433E-03, 9.449026547E-03, 4.233333170E-01, 1.194383691E+02, 8.720417231E-06
      3373,-4.413417075E-03, 8.949524723E-03, 4.299999774E-01, 1.149873879E+02, 8.720417231E-06
      3374,-3.207512433E-03, 9.449026547E-03, 4.366666377E-01, 1.105326598E+02, 8.720417231E-06
      3375, 7.502300665E-03, 6.579340901E-03, 3.566666842E-01, 1.637725649E+02, 8.720417231E-06
      3376, 8.296893910E-03, 5.543807521E-03, 3.633333445E-01, 1.593518517E+02, 8.720417231E-06
      3377, 6.579341367E-03, 7.502300665E-03, 3.633333445E-01, 1.593518703E+02, 8.720417231E-06
      3378, 8.949524723E-03, 4.413417075E-03, 3.700000048E-01, 1.549288126E+02, 8.720417231E-06
      3379, 5.543807056E-03, 8.296893910E-03, 3.700000048E-01, 1.549288389E+02, 8.720417231E-06
      3380, 9.449026547E-03, 3.207512433E-03, 3.766666651E-01, 1.505032123E+02, 8.720417231E-06
      3381, 4.413417075E-03, 8.949524723E-03, 3.766666651E-01, 1.505032163E+02, 8.720417231E-06
      3382, 9.786853567E-03, 1.946726232E-03, 3.833333254E-01, 1.460746176E+02, 8.720417231E-06
      3383, 3.207512433E-03, 9.449026547E-03, 3.833333254E-01, 1.460746155E+02, 8.720417231E-06
      3384, 9.957224131E-03, 6.526309880E-04, 3.900000155E-01, 1.416430665E+02, 8.720417231E-06
      3385, 1.946726232E-03, 9.786853567E-03, 3.900000155E-01, 1.416430643E+02, 8.720417231E-06
      3386, 9.957224131E-03,-6.526309880E-04, 3.966666758E-01, 1.372085139E+02, 8.720417231E-06
      3387, 6.526309880E-04, 9.957224131E-03, 3.966666758E-01, 1.372085139E+02, 8.720417231E-06
      3388, 9.786853567E-03,-1.946726232E-03, 4.033333361E-01, 1.327708703E+02, 8.720417231E-06
      3389,-6.526309880E-04, 9.957224131E-03, 4.033333361E-01, 1.327708809E+02, 8.720417231E-06
      3390, 9.449026547E-03,-3.207512433E-03, 4.099999964E-01, 1.283300006E+02, 8.720417231E-06
      3391,-1.946726232E-03, 9.786853567E-03, 4.099999964E-01, 1.283300270E+02, 8.720417231E-06
      3392, 8.949524723E-03,-4.413417075E-03, 4.166666567E-01, 1.238858740E+02, 8.720417231E-06
      3393,-3.207512433E-03, 9.449026547E-03, 4.166666567E-01, 1.238859091E+02, 8.720417231E-06
      3394, 8.296893910E-03,-5.543807056E-03, 4.233333170E-01, 1.194382864E+02, 8.720417231E-06
      3395, 8.949524723E-03,-4.413417075E-03, 4.299999774E-01, 1.149873879E+02, 8.720417231E-06
      3396,-4.413417075E-03, 8.949524723E-03, 4.233333170E-01, 1.194383313E+02, 8.720417231E-06
      3397,-5.543807521E-03, 8.296893910E-03, 4.299999774E-01, 1.149873471E+02, 8.720417231E-06
      3398,-4.413417075E-03, 8.949524723E-03, 4.366666377E-01, 1.105326254E+02, 8.720417231E-06
      3399, 7.502300665E-03, 6.579340901E-03, 3.499999940E-01, 1.681913463E+02, 8.720417231E-06
      3400, 8.296893910E-03, 5.543807521E-03, 3.566666842E-01, 1.637725367E+02, 8.720417231E-06
      3401, 6.579341367E-03, 7.502300665E-03, 3.566666842E-01, 1.637725649E+02, 8.720417231E-06
      3402, 8.949524723E-03, 4.413417075E-03, 3.633333445E-01, 1.593518232E+02, 8.720417231E-06
      3403, 5.543807056E-03, 8.296893910E-03, 3.633333445E-01, 1.593518517E+02, 8.720417231E-06
      3404, 9.449026547E-03, 3.207512433E-03, 3.700000048E-01, 1.549287976E+02, 8.720417231E-06
      3405, 4.413417075E-03, 8.949524723E-03, 3.700000048E-01, 1.549288126E+02, 8.720417231E-06
      3406, 9.786853567E-03, 1.946726232E-03, 3.766666651E-01, 1.505032085E+02, 8.720417231E-06
      3407, 3.207512433E-03, 9.449026547E-03, 3.766666651E-01, 1.505032123E+02, 8.720417231E-06
      3408, 9.957224131E-03, 6.526309880E-04, 3.833333254E-01, 1.460746217E+02, 8.720417231E-06
      3409, 1.946726232E-03, 9.786853567E-03, 3.833333254E-01, 1.460746176E+02, 8.720417231E-06
      3410, 9.957224131E-03,-6.526309880E-04, 3.900000155E-01, 1.416430665E+02, 8.720417231E-06
      3411, 6.526309880E-04, 9.957224131E-03, 3.900000155E-01, 1.416430665E+02, 8.720417231E-06
      3412, 9.786853567E-03,-1.946726232E-03, 3.966666758E-01, 1.372085103E+02, 8.720417231E-06
      3413,-6.526309880E-04, 9.957224131E-03, 3.966666758E-01, 1.372085139E+02, 8.720417231E-06
      3414, 9.449026547E-03,-3.207512433E-03, 4.033333361E-01, 1.327708457E+02, 8.720417231E-06
      3415,-1.946726232E-03, 9.786853567E-03, 4.033333361E-01, 1.327708703E+02, 8.720417231E-06
      3416, 8.949524723E-03,-4.413417075E-03, 4.099999964E-01, 1.283299664E+02, 8.720417231E-06
      3417,-3.207512433E-03, 9.449026547E-03, 4.099999964E-01, 1.283300006E+02, 8.720417231E-06
      3418, 8.296893910E-03,-5.543807056E-03, 4.166666567E-01, 1.238858279E+02, 8.720417231E-06
      3419,-4.413417075E-03, 8.949524723E-03, 4.166666567E-01, 1.238858740E+02, 8.720417231E-06
      3420, 7.502300665E-03,-6.579341367E-03, 4.233333170E-01, 1.194382486E+02, 8.720417231E-06
      3421, 8.296893910E-03,-5.543807056E-03, 4.299999774E-01, 1.149873471E+02, 8.720417231E-06
      3422,-5.543807521E-03, 8.296893910E-03, 4.233333170E-01, 1.194382864E+02, 8.720417231E-06
      3423,-6.579340901E-03, 7.502300665E-03, 4.299999774E-01, 1.149873102E+02, 8.720417231E-06
      3424,-5.543807521E-03, 8.296893910E-03, 4.366666377E-01, 1.105325856E+02, 8.720417231E-06
      3425,-4.413417075E-03, 8.949524723E-03, 4.433333576E-01, 1.060740199E+02, 8.720417231E-06
      3426, 7.502300665E-03, 6.579340901E-03, 3.433333337E-01, 1.726084115E+02, 8.720417231E-06
      3427, 8.296893910E-03, 5.543807521E-03, 3.499999940E-01, 1.681913131E+02, 8.720417231E-06
      3428, 6.579341367E-03, 7.502300665E-03, 3.499999940E-01, 1.681913463E+02, 8.720417231E-06
      3429, 8.949524723E-03, 4.413417075E-03, 3.566666842E-01, 1.637725114E+02, 8.720417231E-06
      3430, 5.543807056E-03, 8.296893910E-03, 3.566666842E-01, 1.637725367E+02, 8.720417231E-06
      3431, 9.449026547E-03, 3.207512433E-03, 3.633333445E-01, 1.593518003E+02, 8.720417231E-06
      3432, 4.413417075E-03, 8.949524723E-03, 3.633333445E-01, 1.593518232E+02, 8.720417231E-06
      3433, 9.786853567E-03, 1.946726232E-03, 3.700000048E-01, 1.549287826E+02, 8.720417231E-06
      3434, 3.207512433E-03, 9.449026547E-03, 3.700000048E-01, 1.549287976E+02, 8.720417231E-06
      3435, 9.957224131E-03, 6.526309880E-04, 3.766666651E-01, 1.505032109E+02, 8.720417231E-06
      3436, 1.946726232E-03, 9.786853567E-03, 3.766666651E-01, 1.505032085E+02, 8.720417231E-06
      3437, 9.957224131E-03,-6.526309880E-04, 3.833333254E-01, 1.460746217E+02, 8.720417231E-06
      3438, 6.526309880E-04, 9.957224131E-03, 3.833333254E-01, 1.460746217E+02, 8.720417231E-06
      3439, 9.786853567E-03,-1.946726232E-03, 3.900000155E-01, 1.416430643E+02, 8.720417231E-06
      3440,-6.526309880E-04, 9.957224131E-03, 3.900000155E-01, 1.416430665E+02, 8.720417231E-06
      3441, 9.449026547E-03,-3.207512433E-03, 3.966666758E-01, 1.372084973E+02, 8.720417231E-06
      3442,-1.946726232E-03, 9.786853567E-03, 3.966666758E-01, 1.372085103E+02, 8.720417231E-06
      3443, 8.949524723E-03,-4.413417075E-03, 4.033333361E-01, 1.327708130E+02, 8.720417231E-06
      3444,-3.207512433E-03, 9.449026547E-03, 4.033333361E-01, 1.327708457E+02, 8.720417231E-06
      3445, 8.296893910E-03,-5.543807056E-03, 4.099999964E-01, 1.283299194E+02, 8.720417231E-06
      3446,-4.413417075E-03, 8.949524723E-03, 4.099999964E-01, 1.283299664E+02, 8.720417231E-06
      3447, 7.502300665E-03,-6.579341367E-03, 4.166666567E-01, 1.238857929E+02, 8.720417231E-06
      3448,-5.543807521E-03, 8.296893910E-03, 4.166666567E-01, 1.238858279E+02, 8.720417231E-06
      3449, 6.579340901E-03,-7.502300665E-03, 4.233333170E-01, 1.194382486E+02, 8.720417231E-06
      3450, 7.502300665E-03,-6.579341367E-03, 4.299999774E-01, 1.149873102E+02, 8.720417231E-06
      3451,-6.579340901E-03, 7.502300665E-03, 4.233333170E-01, 1.194382486E+02, 8.720417231E-06
      3452,-7.502300665E-03, 6.579341367E-03, 4.299999774E-01, 1.149873102E+02, 8.720417231E-06
      3453,-6.579340901E-03, 7.502300665E-03, 4.366666377E-01, 1.105325489E+02, 8.720417231E-06
      3454,-5.543807521E-03, 8.296893910E-03, 4.433333576E-01, 1.060739823E+02, 8.720417231E-06
      3455,-4.413417075E-03, 8.949524723E-03, 4.500000179E-01, 1.016112779E+02, 8.720417231E-06
      3456, 7.502300665E-03, 6.579340901E-03, 3.366666734E-01, 1.770242799E+02, 8.720417231E-06
      3457, 8.296893910E-03, 5.543807521E-03, 3.433333337E-01, 1.726083817E+02, 8.720417231E-06
      3458, 6.579341367E-03, 7.502300665E-03, 3.433333337E-01, 1.726084115E+02, 8.720417231E-06
      3459, 8.949524723E-03, 4.413417075E-03, 3.499999940E-01, 1.681912846E+02, 8.720417231E-06
      3460, 5.543807056E-03, 8.296893910E-03, 3.499999940E-01, 1.681913131E+02, 8.720417231E-06
      3461, 9.449026547E-03, 3.207512433E-03, 3.566666842E-01, 1.637724795E+02, 8.720417231E-06
      3462, 4.413417075E-03, 8.949524723E-03, 3.566666842E-01, 1.637725114E+02, 8.720417231E-06
      3463, 9.786853567E-03, 1.946726232E-03, 3.633333445E-01, 1.593517713E+02, 8.720417231E-06
      3464, 3.207512433E-03, 9.449026547E-03, 3.633333445E-01, 1.593518003E+02, 8.720417231E-06
      3465, 9.957224131E-03, 6.526309880E-04, 3.700000048E-01, 1.549287751E+02, 8.720417231E-06
      3466, 1.946726232E-03, 9.786853567E-03, 3.700000048E-01, 1.549287826E+02, 8.720417231E-06
      3467, 9.957224131E-03,-6.526309880E-04, 3.766666651E-01, 1.505032109E+02, 8.720417231E-06
      3468, 6.526309880E-04, 9.957224131E-03, 3.766666651E-01, 1.505032109E+02, 8.720417231E-06
      3469, 9.786853567E-03,-1.946726232E-03, 3.833333254E-01, 1.460746176E+02, 8.720417231E-06
      3470,-6.526309880E-04, 9.957224131E-03, 3.833333254E-01, 1.460746217E+02, 8.720417231E-06
      3471, 9.449026547E-03,-3.207512433E-03, 3.900000155E-01, 1.416430578E+02, 8.720417231E-06
      3472,-1.946726232E-03, 9.786853567E-03, 3.900000155E-01, 1.416430643E+02, 8.720417231E-06
      3473, 8.949524723E-03,-4.413417075E-03, 3.966666758E-01, 1.372084785E+02, 8.720417231E-06
      3474,-3.207512433E-03, 9.449026547E-03, 3.966666758E-01, 1.372084973E+02, 8.720417231E-06
      3475, 8.296893910E-03,-5.543807056E-03, 4.033333361E-01, 1.327707700E+02, 8.720417231E-06
      3476,-4.413417075E-03, 8.949524723E-03, 4.033333361E-01, 1.327708130E+02, 8.720417231E-06
      3477, 7.502300665E-03,-6.579341367E-03, 4.099999964E-01, 1.283298898E+02, 8.720417231E-06
      3478,-5.543807521E-03, 8.296893910E-03, 4.099999964E-01, 1.283299194E+02, 8.720417231E-06
      3479, 6.579340901E-03,-7.502300665E-03, 4.166666567E-01, 1.238857929E+02, 8.720417231E-06
      3480,-6.579340901E-03, 7.502300665E-03, 4.166666567E-01, 1.238857929E+02, 8.720417231E-06
      3481, 5.543807521E-03,-8.296893910E-03, 4.233333170E-01, 1.194382864E+02, 8.720417231E-06
      3482,-7.502300665E-03, 6.579341367E-03, 4.233333170E-01, 1.194382486E+02, 8.720417231E-06
      3483,-8.296893910E-03, 5.543807056E-03, 4.299999774E-01, 1.149873471E+02, 8.720417231E-06
      3484,-7.502300665E-03, 6.579341367E-03, 4.366666377E-01, 1.105325489E+02, 8.720417231E-06
      3485,-6.579340901E-03, 7.502300665E-03, 4.433333576E-01, 1.060739474E+02, 8.720417231E-06
      3486,-5.543807521E-03, 8.296893910E-03, 4.500000179E-01, 1.016112432E+02, 8.720417231E-06
      3487,-3.207512433E-03, 9.449026547E-03, 4.500000179E-01, 1.016113071E+02, 8.720417231E-06
      3488,-4.413417075E-03, 8.949524723E-03, 4.566666782E-01, 9.714438503E+01, 8.720417231E-06
      3489, 7.502300665E-03, 6.579340901E-03, 3.300000131E-01, 1.814391065E+02, 8.720417231E-06
      3490, 8.296893910E-03, 5.543807521E-03, 3.366666734E-01, 1.770242571E+02, 8.720417231E-06
      3491, 6.579341367E-03, 7.502300665E-03, 3.366666734E-01, 1.770242799E+02, 8.720417231E-06
      3492, 8.949524723E-03, 4.413417075E-03, 3.433333337E-01, 1.726083449E+02, 8.720417231E-06
      3493, 5.543807056E-03, 8.296893910E-03, 3.433333337E-01, 1.726083817E+02, 8.720417231E-06
      3494, 9.449026547E-03, 3.207512433E-03, 3.499999940E-01, 1.681912404E+02, 8.720417231E-06
      3495, 4.413417075E-03, 8.949524723E-03, 3.499999940E-01, 1.681912846E+02, 8.720417231E-06
      3496, 9.786853567E-03, 1.946726232E-03, 3.566666842E-01, 1.637724585E+02, 8.720417231E-06
      3497, 3.207512433E-03, 9.449026547E-03, 3.566666842E-01, 1.637724795E+02, 8.720417231E-06
      3498, 9.957224131E-03, 6.526309880E-04, 3.633333445E-01, 1.593517590E+02, 8.720417231E-06
      3499, 1.946726232E-03, 9.786853567E-03, 3.633333445E-01, 1.593517713E+02, 8.720417231E-06
      3500, 9.957224131E-03,-6.526309880E-04, 3.700000048E-01, 1.549287751E+02, 8.720417231E-06
      3501, 6.526309880E-04, 9.957224131E-03, 3.700000048E-01, 1.549287751E+02, 8.720417231E-06
      3502, 9.786853567E-03,-1.946726232E-03, 3.766666651E-01, 1.505032085E+02, 8.720417231E-06
      3503,-6.526309880E-04, 9.957224131E-03, 3.766666651E-01, 1.505032109E+02, 8.720417231E-06
      3504, 9.449026547E-03,-3.207512433E-03, 3.833333254E-01, 1.460746155E+02, 8.720417231E-06
      3505,-1.946726232E-03, 9.786853567E-03, 3.833333254E-01, 1.460746176E+02, 8.720417231E-06
      3506, 8.949524723E-03,-4.413417075E-03, 3.900000155E-01, 1.416430476E+02, 8.720417231E-06
      3507,-3.207512433E-03, 9.449026547E-03, 3.900000155E-01, 1.416430578E+02, 8.720417231E-06
      3508, 8.296893910E-03,-5.543807056E-03, 3.966666758E-01, 1.372084519E+02, 8.720417231E-06
      3509,-4.413417075E-03, 8.949524723E-03, 3.966666758E-01, 1.372084785E+02, 8.720417231E-06
      3510, 7.502300665E-03,-6.579341367E-03, 4.033333361E-01, 1.327707455E+02, 8.720417231E-06
      3511,-5.543807521E-03, 8.296893910E-03, 4.033333361E-01, 1.327707700E+02, 8.720417231E-06
      3512, 6.579340901E-03,-7.502300665E-03, 4.099999964E-01, 1.283298898E+02, 8.720417231E-06
      3513,-6.579340901E-03, 7.502300665E-03, 4.099999964E-01, 1.283298898E+02, 8.720417231E-06
      3514, 5.543807521E-03,-8.296893910E-03, 4.166666567E-01, 1.238858279E+02, 8.720417231E-06
      3515,-7.502300665E-03, 6.579341367E-03, 4.166666567E-01, 1.238857929E+02, 8.720417231E-06
      3516, 4.413417075E-03,-8.949524723E-03, 4.233333170E-01, 1.194383313E+02, 8.720417231E-06
      3517,-8.296893910E-03, 5.543807056E-03, 4.233333170E-01, 1.194382864E+02, 8.720417231E-06
      3518,-8.949524723E-03, 4.413417075E-03, 4.299999774E-01, 1.149873879E+02, 8.720417231E-06
      3519,-8.296893910E-03, 5.543807056E-03, 4.366666377E-01, 1.105325856E+02, 8.720417231E-06
      3520,-7.502300665E-03, 6.579341367E-03, 4.433333576E-01, 1.060739474E+02, 8.720417231E-06
      3521,-6.579340901E-03, 7.502300665E-03, 4.500000179E-01, 1.016112124E+02, 8.720417231E-06
      3522,-3.207512433E-03, 9.449026547E-03, 4.566666782E-01, 9.714440830E+01, 8.720417231E-06
      3523, 7.502300665E-03, 6.579340901E-03, 3.233333230E-01, 1.858531311E+02, 8.720417231E-06
      3524, 8.296893910E-03, 5.543807521E-03, 3.300000131E-01, 1.814390834E+02, 8.720417231E-06
      3525, 6.579341367E-03, 7.502300665E-03, 3.300000131E-01, 1.814391065E+02, 8.720417231E-06
      3526, 8.949524723E-03, 4.413417075E-03, 3.366666734E-01, 1.770242218E+02, 8.720417231E-06
      3527, 5.543807056E-03, 8.296893910E-03, 3.366666734E-01, 1.770242571E+02, 8.720417231E-06
      3528, 9.449026547E-03, 3.207512433E-03, 3.433333337E-01, 1.726082981E+02, 8.720417231E-06
      3529, 4.413417075E-03, 8.949524723E-03, 3.433333337E-01, 1.726083449E+02, 8.720417231E-06
      3530, 9.786853567E-03, 1.946726232E-03, 3.499999940E-01, 1.681912190E+02, 8.720417231E-06
      3531, 3.207512433E-03, 9.449026547E-03, 3.499999940E-01, 1.681912404E+02, 8.720417231E-06
      3532, 9.957224131E-03, 6.526309880E-04, 3.566666842E-01, 1.637724473E+02, 8.720417231E-06
      3533, 1.946726232E-03, 9.786853567E-03, 3.566666842E-01, 1.637724585E+02, 8.720417231E-06
      3534, 9.957224131E-03,-6.526309880E-04, 3.633333445E-01, 1.593517590E+02, 8.720417231E-06
      3535, 6.526309880E-04, 9.957224131E-03, 3.633333445E-01, 1.593517590E+02, 8.720417231E-06
      3536, 9.786853567E-03,-1.946726232E-03, 3.700000048E-01, 1.549287826E+02, 8.720417231E-06
      3537,-6.526309880E-04, 9.957224131E-03, 3.700000048E-01, 1.549287751E+02, 8.720417231E-06
      3538, 9.449026547E-03,-3.207512433E-03, 3.766666651E-01, 1.505032123E+02, 8.720417231E-06
      3539,-1.946726232E-03, 9.786853567E-03, 3.766666651E-01, 1.505032085E+02, 8.720417231E-06
      3540, 8.949524723E-03,-4.413417075E-03, 3.833333254E-01, 1.460746103E+02, 8.720417231E-06
      3541,-3.207512433E-03, 9.449026547E-03, 3.833333254E-01, 1.460746155E+02, 8.720417231E-06
      3542, 8.296893910E-03,-5.543807056E-03, 3.900000155E-01, 1.416430397E+02, 8.720417231E-06
      3543,-4.413417075E-03, 8.949524723E-03, 3.900000155E-01, 1.416430476E+02, 8.720417231E-06
      3544, 7.502300665E-03,-6.579341367E-03, 3.966666758E-01, 1.372084367E+02, 8.720417231E-06
      3545,-5.543807521E-03, 8.296893910E-03, 3.966666758E-01, 1.372084519E+02, 8.720417231E-06
      3546, 6.579340901E-03,-7.502300665E-03, 4.033333361E-01, 1.327707455E+02, 8.720417231E-06
      3547,-6.579340901E-03, 7.502300665E-03, 4.033333361E-01, 1.327707455E+02, 8.720417231E-06
      3548, 5.543807521E-03,-8.296893910E-03, 4.099999964E-01, 1.283299194E+02, 8.720417231E-06
      3549,-7.502300665E-03, 6.579341367E-03, 4.099999964E-01, 1.283298898E+02, 8.720417231E-06
      3550, 4.413417075E-03,-8.949524723E-03, 4.166666567E-01, 1.238858740E+02, 8.720417231E-06
      3551,-8.296893910E-03, 5.543807056E-03, 4.166666567E-01, 1.238858279E+02, 8.720417231E-06
      3552, 3.207512433E-03,-9.449026547E-03, 4.233333170E-01, 1.194383691E+02, 8.720417231E-06
      3553, 4.413417075E-03,-8.949524723E-03, 4.299999774E-01, 1.149873879E+02, 8.720417231E-06
      3554,-8.949524723E-03, 4.413417075E-03, 4.233333170E-01, 1.194383313E+02, 8.720417231E-06
      3555,-9.449026547E-03, 3.207512433E-03, 4.299999774E-01, 1.149874232E+02, 8.720417231E-06
      3556,-8.949524723E-03, 4.413417075E-03, 4.366666377E-01, 1.105326254E+02, 8.720417231E-06
      3557,-8.296893910E-03, 5.543807056E-03, 4.433333576E-01, 1.060739823E+02, 8.720417231E-06
      3558,-7.502300665E-03, 6.579341367E-03, 4.500000179E-01, 1.016112124E+02, 8.720417231E-06
      3559, 7.502300665E-03, 6.579340901E-03, 3.166666627E-01, 1.902666879E+02, 8.720417231E-06
      3560, 8.296893910E-03, 5.543807521E-03, 3.233333230E-01, 1.858531113E+02, 8.720417231E-06
      3561, 6.579341367E-03, 7.502300665E-03, 3.233333230E-01, 1.858531311E+02, 8.720417231E-06
      3562, 8.949524723E-03, 4.413417075E-03, 3.300000131E-01, 1.814390557E+02, 8.720417231E-06
      3563, 5.543807056E-03, 8.296893910E-03, 3.300000131E-01, 1.814390834E+02, 8.720417231E-06
      3564, 9.449026547E-03, 3.207512433E-03, 3.366666734E-01, 1.770241860E+02, 8.720417231E-06
      3565, 4.413417075E-03, 8.949524723E-03, 3.366666734E-01, 1.770242218E+02, 8.720417231E-06
      3566, 9.786853567E-03, 1.946726232E-03, 3.433333337E-01, 1.726082700E+02, 8.720417231E-06
      3567, 3.207512433E-03, 9.449026547E-03, 3.433333337E-01, 1.726082981E+02, 8.720417231E-06
      3568, 9.957224131E-03, 6.526309880E-04, 3.499999940E-01, 1.681912026E+02, 8.720417231E-06
      3569, 1.946726232E-03, 9.786853567E-03, 3.499999940E-01, 1.681912190E+02, 8.720417231E-06
      3570, 9.957224131E-03,-6.526309880E-04, 3.566666842E-01, 1.637724473E+02, 8.720417231E-06
      3571, 6.526309880E-04, 9.957224131E-03, 3.566666842E-01, 1.637724473E+02, 8.720417231E-06
      3572, 9.786853567E-03,-1.946726232E-03, 3.633333445E-01, 1.593517713E+02, 8.720417231E-06
      3573,-6.526309880E-04, 9.957224131E-03, 3.633333445E-01, 1.593517590E+02, 8.720417231E-06
      3574, 9.449026547E-03,-3.207512433E-03, 3.700000048E-01, 1.549287976E+02, 8.720417231E-06
      3575,-1.946726232E-03, 9.786853567E-03, 3.700000048E-01, 1.549287826E+02, 8.720417231E-06
      3576, 8.949524723E-03,-4.413417075E-03, 3.766666651E-01, 1.505032163E+02, 8.720417231E-06
      3577,-3.207512433E-03, 9.449026547E-03, 3.766666651E-01, 1.505032123E+02, 8.720417231E-06
      3578, 8.296893910E-03,-5.543807056E-03, 3.833333254E-01, 1.460746171E+02, 8.720417231E-06
      3579,-4.413417075E-03, 8.949524723E-03, 3.833333254E-01, 1.460746103E+02, 8.720417231E-06
      3580, 7.502300665E-03,-6.579341367E-03, 3.900000155E-01, 1.416430348E+02, 8.720417231E-06
      3581,-5.543807521E-03, 8.296893910E-03, 3.900000155E-01, 1.416430397E+02, 8.720417231E-06
      3582, 6.579340901E-03,-7.502300665E-03, 3.966666758E-01, 1.372084367E+02, 8.720417231E-06
      3583,-6.579340901E-03, 7.502300665E-03, 3.966666758E-01, 1.372084367E+02, 8.720417231E-06
      3584, 5.543807521E-03,-8.296893910E-03, 4.033333361E-01, 1.327707700E+02, 8.720417231E-06
      3585,-7.502300665E-03, 6.579341367E-03, 4.033333361E-01, 1.327707455E+02, 8.720417231E-06
      3586, 4.413417075E-03,-8.949524723E-03, 4.099999964E-01, 1.283299664E+02, 8.720417231E-06
      3587,-8.296893910E-03, 5.543807056E-03, 4.099999964E-01, 1.283299194E+02, 8.720417231E-06
      3588, 3.207512433E-03,-9.449026547E-03, 4.166666567E-01, 1.238859091E+02, 8.720417231E-06
      3589,-8.949524723E-03, 4.413417075E-03, 4.166666567E-01, 1.238858740E+02, 8.720417231E-06
      3590, 1.946726232E-03,-9.786853567E-03, 4.233333170E-01, 1.194383916E+02, 8.720417231E-06
      3591, 3.207512433E-03,-9.449026547E-03, 4.299999774E-01, 1.149874232E+02, 8.720417231E-06
      3592,-9.449026547E-03, 3.207512433E-03, 4.233333170E-01, 1.194383691E+02, 8.720417231E-06
      3593,-9.786853567E-03, 1.946726232E-03, 4.299999774E-01, 1.149874429E+02, 8.720417231E-06
      3594,-9.449026547E-03, 3.207512433E-03, 4.366666377E-01, 1.105326598E+02, 8.720417231E-06
      3595,-8.949524723E-03, 4.413417075E-03, 4.433333576E-01, 1.060740199E+02, 8.720417231E-06
      3596,-8.296893910E-03, 5.543807056E-03, 4.500000179E-01, 1.016112432E+02, 8.720417231E-06
      3597,-7.502300665E-03, 6.579341367E-03, 4.566666782E-01, 9.714432891E+01, 8.720417231E-06
      3598, 8.296893910E-03, 5.543807521E-03, 3.166666627E-01, 1.902666738E+02, 8.720417231E-06
      3599, 6.579341367E-03, 7.502300665E-03, 3.166666627E-01, 1.902666879E+02, 8.720417231E-06
      3600, 8.949524723E-03, 4.413417075E-03, 3.233333230E-01, 1.858530864E+02, 8.720417231E-06
      3601, 5.543807056E-03, 8.296893910E-03, 3.233333230E-01, 1.858531113E+02, 8.720417231E-06
      3602, 9.449026547E-03, 3.207512433E-03, 3.300000131E-01, 1.814390224E+02, 8.720417231E-06
      3603, 4.413417075E-03, 8.949524723E-03, 3.300000131E-01, 1.814390557E+02, 8.720417231E-06
      3604, 9.786853567E-03, 1.946726232E-03, 3.366666734E-01, 1.770241653E+02, 8.720417231E-06
      3605, 3.207512433E-03, 9.449026547E-03, 3.366666734E-01, 1.770241860E+02, 8.720417231E-06
      3606, 9.957224131E-03, 6.526309880E-04, 3.433333337E-01, 1.726082535E+02, 8.720417231E-06
      3607, 1.946726232E-03, 9.786853567E-03, 3.433333337E-01, 1.726082700E+02, 8.720417231E-06
      3608, 9.957224131E-03,-6.526309880E-04, 3.499999940E-01, 1.681912026E+02, 8.720417231E-06
      3609, 6.526309880E-04, 9.957224131E-03, 3.499999940E-01, 1.681912026E+02, 8.720417231E-06
      3610, 9.786853567E-03,-1.946726232E-03, 3.566666842E-01, 1.637724585E+02, 8.720417231E-06
      3611,-6.526309880E-04, 9.957224131E-03, 3.566666842E-01, 1.637724473E+02, 8.720417231E-06
      3612, 9.449026547E-03,-3.207512433E-03, 3.633333445E-01, 1.593518003E+02, 8.720417231E-06
      3613,-1.946726232E-03, 9.786853567E-03, 3.633333445E-01, 1.593517713E+02, 8.720417231E-06
      3614, 8.949524723E-03,-4.413417075E-03, 3.700000048E-01, 1.549288126E+02, 8.720417231E-06
      3615,-3.207512433E-03, 9.449026547E-03, 3.700000048E-01, 1.549287976E+02, 8.720417231E-06
      3616, 8.296893910E-03,-5.543807056E-03, 3.766666651E-01, 1.505032352E+02, 8.720417231E-06
      3617,-4.413417075E-03, 8.949524723E-03, 3.766666651E-01, 1.505032163E+02, 8.720417231E-06
      3618, 7.502300665E-03,-6.579341367E-03, 3.833333254E-01, 1.460746170E+02, 8.720417231E-06
      3619,-5.543807521E-03, 8.296893910E-03, 3.833333254E-01, 1.460746171E+02, 8.720417231E-06
      3620, 6.579340901E-03,-7.502300665E-03, 3.900000155E-01, 1.416430348E+02, 8.720417231E-06
      3621,-6.579340901E-03, 7.502300665E-03, 3.900000155E-01, 1.416430348E+02, 8.720417231E-06
      3622, 5.543807521E-03,-8.296893910E-03, 3.966666758E-01, 1.372084519E+02, 8.720417231E-06
      3623,-7.502300665E-03, 6.579341367E-03, 3.966666758E-01, 1.372084367E+02, 8.720417231E-06
      3624, 4.413417075E-03,-8.949524723E-03, 4.033333361E-01, 1.327708130E+02, 8.720417231E-06
      3625,-8.296893910E-03, 5.543807056E-03, 4.033333361E-01, 1.327707700E+02, 8.720417231E-06
      3626, 3.207512433E-03,-9.449026547E-03, 4.099999964E-01, 1.283300006E+02, 8.720417231E-06
      3627,-8.949524723E-03, 4.413417075E-03, 4.099999964E-01, 1.283299664E+02, 8.720417231E-06
      3628, 1.946726232E-03,-9.786853567E-03, 4.166666567E-01, 1.238859328E+02, 8.720417231E-06
      3629,-9.449026547E-03, 3.207512433E-03, 4.166666567E-01, 1.238859091E+02, 8.720417231E-06
      3630, 6.526309880E-04,-9.957224131E-03, 4.233333170E-01, 1.194384037E+02, 8.720417231E-06
      3631, 1.946726232E-03,-9.786853567E-03, 4.299999774E-01, 1.149874429E+02, 8.720417231E-06
      3632, 3.207512433E-03,-9.449026547E-03, 4.366666377E-01, 1.105326598E+02, 8.720417231E-06
      3633,-9.786853567E-03, 1.946726232E-03, 4.233333170E-01, 1.194383916E+02, 8.720417231E-06
      3634,-9.957224131E-03, 6.526309880E-04, 4.299999774E-01, 1.149874538E+02, 8.720417231E-06
      3635,-9.786853567E-03, 1.946726232E-03, 4.366666377E-01, 1.105326799E+02, 8.720417231E-06
      3636,-9.449026547E-03, 3.207512433E-03, 4.433333576E-01, 1.060740517E+02, 8.720417231E-06
      3637,-8.949524723E-03, 4.413417075E-03, 4.500000179E-01, 1.016112779E+02, 8.720417231E-06
      3638,-8.296893910E-03, 5.543807056E-03, 4.566666782E-01, 9.714435387E+01, 8.720417231E-06
      3639, 8.949524723E-03, 4.413417075E-03, 3.166666627E-01, 1.902666434E+02, 8.720417231E-06
      3640, 6.579341367E-03, 7.502300665E-03, 3.100000024E-01, 1.946797903E+02, 8.720417231E-06
      3641, 5.543807056E-03, 8.296893910E-03, 3.166666627E-01, 1.902666738E+02, 8.720417231E-06
      3642, 9.449026547E-03, 3.207512433E-03, 3.233333230E-01, 1.858530555E+02, 8.720417231E-06
      3643, 4.413417075E-03, 8.949524723E-03, 3.233333230E-01, 1.858530864E+02, 8.720417231E-06
      3644, 9.786853567E-03, 1.946726232E-03, 3.300000131E-01, 1.814390018E+02, 8.720417231E-06
      3645, 3.207512433E-03, 9.449026547E-03, 3.300000131E-01, 1.814390224E+02, 8.720417231E-06
      3646, 9.957224131E-03, 6.526309880E-04, 3.366666734E-01, 1.770241546E+02, 8.720417231E-06
      3647, 1.946726232E-03, 9.786853567E-03, 3.366666734E-01, 1.770241653E+02, 8.720417231E-06
      3648, 9.957224131E-03,-6.526309880E-04, 3.433333337E-01, 1.726082535E+02, 8.720417231E-06
      3649, 6.526309880E-04, 9.957224131E-03, 3.433333337E-01, 1.726082535E+02, 8.720417231E-06
      3650, 9.786853567E-03,-1.946726232E-03, 3.499999940E-01, 1.681912190E+02, 8.720417231E-06
      3651,-6.526309880E-04, 9.957224131E-03, 3.499999940E-01, 1.681912026E+02, 8.720417231E-06
      3652, 9.449026547E-03,-3.207512433E-03, 3.566666842E-01, 1.637724795E+02, 8.720417231E-06
      3653,-1.946726232E-03, 9.786853567E-03, 3.566666842E-01, 1.637724585E+02, 8.720417231E-06
      3654, 8.949524723E-03,-4.413417075E-03, 3.633333445E-01, 1.593518232E+02, 8.720417231E-06
      3655,-3.207512433E-03, 9.449026547E-03, 3.633333445E-01, 1.593518003E+02, 8.720417231E-06
      3656, 8.296893910E-03,-5.543807056E-03, 3.700000048E-01, 1.549288389E+02, 8.720417231E-06
      3657,-4.413417075E-03, 8.949524723E-03, 3.700000048E-01, 1.549288126E+02, 8.720417231E-06
      3658, 7.502300665E-03,-6.579341367E-03, 3.766666651E-01, 1.505032416E+02, 8.720417231E-06
      3659,-5.543807521E-03, 8.296893910E-03, 3.766666651E-01, 1.505032352E+02, 8.720417231E-06
      3660, 6.579340901E-03,-7.502300665E-03, 3.833333254E-01, 1.460746170E+02, 8.720417231E-06
      3661,-6.579340901E-03, 7.502300665E-03, 3.833333254E-01, 1.460746170E+02, 8.720417231E-06
      3662, 5.543807521E-03,-8.296893910E-03, 3.900000155E-01, 1.416430397E+02, 8.720417231E-06
      3663,-7.502300665E-03, 6.579341367E-03, 3.900000155E-01, 1.416430348E+02, 8.720417231E-06
      3664, 4.413417075E-03,-8.949524723E-03, 3.966666758E-01, 1.372084785E+02, 8.720417231E-06
      3665,-8.296893910E-03, 5.543807056E-03, 3.966666758E-01, 1.372084519E+02, 8.720417231E-06
      3666, 3.207512433E-03,-9.449026547E-03, 4.033333361E-01, 1.327708457E+02, 8.720417231E-06
      3667,-8.949524723E-03, 4.413417075E-03, 4.033333361E-01, 1.327708130E+02, 8.720417231E-06
      3668, 1.946726232E-03,-9.786853567E-03, 4.099999964E-01, 1.283300270E+02, 8.720417231E-06
      3669,-9.449026547E-03, 3.207512433E-03, 4.099999964E-01, 1.283300006E+02, 8.720417231E-06
      3670, 6.526309880E-04,-9.957224131E-03, 4.166666567E-01, 1.238859445E+02, 8.720417231E-06
      3671,-9.786853567E-03, 1.946726232E-03, 4.166666567E-01, 1.238859328E+02, 8.720417231E-06
      3672,-6.526309880E-04,-9.957224131E-03, 4.233333170E-01, 1.194384037E+02, 8.720417231E-06
      3673, 6.526309880E-04,-9.957224131E-03, 4.299999774E-01, 1.149874538E+02, 8.720417231E-06
      3674, 1.946726232E-03,-9.786853567E-03, 4.366666377E-01, 1.105326799E+02, 8.720417231E-06
      3675,-9.957224131E-03, 6.526309880E-04, 4.233333170E-01, 1.194384037E+02, 8.720417231E-06
      3676,-9.957224131E-03,-6.526309880E-04, 4.299999774E-01, 1.149874538E+02, 8.720417231E-06
      3677,-9.957224131E-03, 6.526309880E-04, 4.366666377E-01, 1.105326905E+02, 8.720417231E-06
      3678,-9.449026547E-03, 3.207512433E-03, 4.500000179E-01, 1.016113071E+02, 8.720417231E-06
      3679,-8.949524723E-03, 4.413417075E-03, 4.566666782E-01, 9.714438503E+01, 8.720417231E-06
      3680, 9.449026547E-03, 3.207512433E-03, 3.166666627E-01, 1.902666093E+02, 8.720417231E-06
      3681, 6.579341367E-03, 7.502300665E-03, 3.033333421E-01, 1.990931249E+02, 8.720417231E-06
      3682, 5.543807056E-03, 8.296893910E-03, 3.100000024E-01, 1.946797646E+02, 8.720417231E-06
      3683, 4.413417075E-03, 8.949524723E-03, 3.166666627E-01, 1.902666434E+02, 8.720417231E-06
      3684, 9.786853567E-03, 1.946726232E-03, 3.233333230E-01, 1.858530345E+02, 8.720417231E-06
      3685, 3.207512433E-03, 9.449026547E-03, 3.233333230E-01, 1.858530555E+02, 8.720417231E-06
      3686, 9.957224131E-03, 6.526309880E-04, 3.300000131E-01, 1.814389903E+02, 8.720417231E-06
      3687, 1.946726232E-03, 9.786853567E-03, 3.300000131E-01, 1.814390018E+02, 8.720417231E-06
      3688, 9.957224131E-03,-6.526309880E-04, 3.366666734E-01, 1.770241546E+02, 8.720417231E-06
      3689, 6.526309880E-04, 9.957224131E-03, 3.366666734E-01, 1.770241546E+02, 8.720417231E-06
      3690, 9.786853567E-03,-1.946726232E-03, 3.433333337E-01, 1.726082700E+02, 8.720417231E-06
      3691,-6.526309880E-04, 9.957224131E-03, 3.433333337E-01, 1.726082535E+02, 8.720417231E-06
      3692, 9.449026547E-03,-3.207512433E-03, 3.499999940E-01, 1.681912404E+02, 8.720417231E-06
      3693,-1.946726232E-03, 9.786853567E-03, 3.499999940E-01, 1.681912190E+02, 8.720417231E-06
      3694, 8.949524723E-03,-4.413417075E-03, 3.566666842E-01, 1.637725114E+02, 8.720417231E-06
      3695,-3.207512433E-03, 9.449026547E-03, 3.566666842E-01, 1.637724795E+02, 8.720417231E-06
      3696, 8.296893910E-03,-5.543807056E-03, 3.633333445E-01, 1.593518517E+02, 8.720417231E-06
      3697,-4.413417075E-03, 8.949524723E-03, 3.633333445E-01, 1.593518232E+02, 8.720417231E-06
      3698, 7.502300665E-03,-6.579341367E-03, 3.700000048E-01, 1.549288508E+02, 8.720417231E-06
      3699,-5.543807521E-03, 8.296893910E-03, 3.700000048E-01, 1.549288389E+02, 8.720417231E-06
      3700, 6.579340901E-03,-7.502300665E-03, 3.766666651E-01, 1.505032416E+02, 8.720417231E-06
      3701,-6.579340901E-03, 7.502300665E-03, 3.766666651E-01, 1.505032416E+02, 8.720417231E-06
      3702, 5.543807521E-03,-8.296893910E-03, 3.833333254E-01, 1.460746171E+02, 8.720417231E-06
      3703,-7.502300665E-03, 6.579341367E-03, 3.833333254E-01, 1.460746170E+02, 8.720417231E-06
      3704, 4.413417075E-03,-8.949524723E-03, 3.900000155E-01, 1.416430476E+02, 8.720417231E-06
      3705,-8.296893910E-03, 5.543807056E-03, 3.900000155E-01, 1.416430397E+02, 8.720417231E-06
      3706, 3.207512433E-03,-9.449026547E-03, 3.966666758E-01, 1.372084973E+02, 8.720417231E-06
      3707,-8.949524723E-03, 4.413417075E-03, 3.966666758E-01, 1.372084785E+02, 8.720417231E-06
      3708, 1.946726232E-03,-9.786853567E-03, 4.033333361E-01, 1.327708703E+02, 8.720417231E-06
      3709,-9.449026547E-03, 3.207512433E-03, 4.033333361E-01, 1.327708457E+02, 8.720417231E-06
      3710, 6.526309880E-04,-9.957224131E-03, 4.099999964E-01, 1.283300400E+02, 8.720417231E-06
      3711,-9.786853567E-03, 1.946726232E-03, 4.099999964E-01, 1.283300270E+02, 8.720417231E-06
      3712,-6.526309880E-04,-9.957224131E-03, 4.166666567E-01, 1.238859445E+02, 8.720417231E-06
      3713,-9.957224131E-03, 6.526309880E-04, 4.166666567E-01, 1.238859445E+02, 8.720417231E-06
      3714,-1.946726232E-03,-9.786853567E-03, 4.233333170E-01, 1.194383916E+02, 8.720417231E-06
      3715,-6.526309880E-04,-9.957224131E-03, 4.299999774E-01, 1.149874538E+02, 8.720417231E-06
      3716, 6.526309880E-04,-9.957224131E-03, 4.366666377E-01, 1.105326905E+02, 8.720417231E-06
      3717, 1.946726232E-03,-9.786853567E-03, 4.433333576E-01, 1.060740707E+02, 8.720417231E-06
      3718,-9.957224131E-03,-6.526309880E-04, 4.233333170E-01, 1.194384037E+02, 8.720417231E-06
      3719,-9.786853567E-03,-1.946726232E-03, 4.299999774E-01, 1.149874429E+02, 8.720417231E-06
      3720,-9.957224131E-03,-6.526309880E-04, 4.366666377E-01, 1.105326905E+02, 8.720417231E-06
      3721,-9.957224131E-03, 6.526309880E-04, 4.433333576E-01, 1.060740802E+02, 8.720417231E-06
      3722,-9.786853567E-03, 1.946726232E-03, 4.500000179E-01, 1.016113249E+02, 8.720417231E-06
      3723,-9.449026547E-03, 3.207512433E-03, 4.566666782E-01, 9.714440830E+01, 8.720417231E-06
      3724,-8.949524723E-03, 4.413417075E-03, 4.633333385E-01, 9.267325000E+01, 8.720417231E-06
      3725, 9.786853567E-03, 1.946726232E-03, 3.166666627E-01, 1.902665813E+02, 8.720417231E-06
      3726, 5.543807056E-03, 8.296893910E-03, 3.033333421E-01, 1.990930899E+02, 8.720417231E-06
      3727, 4.413417075E-03, 8.949524723E-03, 3.100000024E-01, 1.946797163E+02, 8.720417231E-06
      3728, 3.207512433E-03, 9.449026547E-03, 3.166666627E-01, 1.902666093E+02, 8.720417231E-06
      3729, 9.957224131E-03, 6.526309880E-04, 3.233333230E-01, 1.858530231E+02, 8.720417231E-06
      3730, 1.946726232E-03, 9.786853567E-03, 3.233333230E-01, 1.858530345E+02, 8.720417231E-06
      3731, 9.957224131E-03,-6.526309880E-04, 3.300000131E-01, 1.814389903E+02, 8.720417231E-06
      3732, 6.526309880E-04, 9.957224131E-03, 3.300000131E-01, 1.814389903E+02, 8.720417231E-06
      3733, 9.786853567E-03,-1.946726232E-03, 3.366666734E-01, 1.770241653E+02, 8.720417231E-06
      3734,-6.526309880E-04, 9.957224131E-03, 3.366666734E-01, 1.770241546E+02, 8.720417231E-06
      3735, 9.449026547E-03,-3.207512433E-03, 3.433333337E-01, 1.726082981E+02, 8.720417231E-06
      3736,-1.946726232E-03, 9.786853567E-03, 3.433333337E-01, 1.726082700E+02, 8.720417231E-06
      3737, 8.949524723E-03,-4.413417075E-03, 3.499999940E-01, 1.681912846E+02, 8.720417231E-06
      3738,-3.207512433E-03, 9.449026547E-03, 3.499999940E-01, 1.681912404E+02, 8.720417231E-06
      3739, 8.296893910E-03,-5.543807056E-03, 3.566666842E-01, 1.637725367E+02, 8.720417231E-06
      3740,-4.413417075E-03, 8.949524723E-03, 3.566666842E-01, 1.637725114E+02, 8.720417231E-06
      3741, 7.502300665E-03,-6.579341367E-03, 3.633333445E-01, 1.593518703E+02, 8.720417231E-06
      3742,-5.543807521E-03, 8.296893910E-03, 3.633333445E-01, 1.593518517E+02, 8.720417231E-06
      3743, 6.579340901E-03,-7.502300665E-03, 3.700000048E-01, 1.549288508E+02, 8.720417231E-06
      3744,-6.579340901E-03, 7.502300665E-03, 3.700000048E-01, 1.549288508E+02, 8.720417231E-06
      3745, 5.543807521E-03,-8.296893910E-03, 3.766666651E-01, 1.505032352E+02, 8.720417231E-06
      3746,-7.502300665E-03, 6.579341367E-03, 3.766666651E-01, 1.505032416E+02, 8.720417231E-06
      3747, 4.413417075E-03,-8.949524723E-03, 3.833333254E-01, 1.460746103E+02, 8.720417231E-06
      3748,-8.296893910E-03, 5.543807056E-03, 3.833333254E-01, 1.460746171E+02, 8.720417231E-06
      3749, 3.207512433E-03,-9.449026547E-03, 3.900000155E-01, 1.416430578E+02, 8.720417231E-06
      3750,-8.949524723E-03, 4.413417075E-03, 3.900000155E-01, 1.416430476E+02, 8.720417231E-06
      3751, 1.946726232E-03,-9.786853567E-03, 3.966666758E-01, 1.372085103E+02, 8.720417231E-06
      3752,-9.449026547E-03, 3.207512433E-03, 3.966666758E-01, 1.372084973E+02, 8.720417231E-06
      3753, 6.526309880E-04,-9.957224131E-03, 4.033333361E-01, 1.327708809E+02, 8.720417231E-06
      3754,-9.786853567E-03, 1.946726232E-03, 4.033333361E-01, 1.327708703E+02, 8.720417231E-06
      3755,-6.526309880E-04,-9.957224131E-03, 4.099999964E-01, 1.283300400E+02, 8.720417231E-06
      3756,-9.957224131E-03, 6.526309880E-04, 4.099999964E-01, 1.283300400E+02, 8.720417231E-06
      3757,-1.946726232E-03,-9.786853567E-03, 4.166666567E-01, 1.238859328E+02, 8.720417231E-06
      3758,-9.957224131E-03,-6.526309880E-04, 4.166666567E-01, 1.238859445E+02, 8.720417231E-06
      3759,-3.207512433E-03,-9.449026547E-03, 4.233333170E-01, 1.194383691E+02, 8.720417231E-06
      3760,-1.946726232E-03,-9.786853567E-03, 4.299999774E-01, 1.149874429E+02, 8.720417231E-06
      3761,-6.526309880E-04,-9.957224131E-03, 4.366666377E-01, 1.105326905E+02, 8.720417231E-06
      3762, 6.526309880E-04,-9.957224131E-03, 4.433333576E-01, 1.060740802E+02, 8.720417231E-06
      3763,-9.786853567E-03,-1.946726232E-03, 4.233333170E-01, 1.194383916E+02, 8.720417231E-06
      3764,-9.449026547E-03,-3.207512433E-03, 4.299999774E-01, 1.149874232E+02, 8.720417231E-06
      3765,-9.786853567E-03,-1.946726232E-03, 4.366666377E-01, 1.105326799E+02, 8.720417231E-06
      3766,-9.957224131E-03,-6.526309880E-04, 4.433333576E-01, 1.060740802E+02, 8.720417231E-06
      3767,-9.957224131E-03, 6.526309880E-04, 4.500000179E-01, 1.016113337E+02, 8.720417231E-06
      3768,-9.786853567E-03, 1.946726232E-03, 4.566666782E-01, 9.714442209E+01, 8.720417231E-06
      3769,-9.449026547E-03, 3.207512433E-03, 4.633333385E-01, 9.267327639E+01, 8.720417231E-06
      3770,-8.949524723E-03, 4.413417075E-03, 4.699999988E-01, 8.819770372E+01, 8.720417231E-06
      3771, 4.413417075E-03, 8.949524723E-03, 3.033333421E-01, 1.990930266E+02, 8.720417231E-06
      3772, 3.207512433E-03, 9.449026547E-03, 3.100000024E-01, 1.946796601E+02, 8.720417231E-06
      3773, 1.946726232E-03, 9.786853567E-03, 3.166666627E-01, 1.902665813E+02, 8.720417231E-06
      3774, 9.957224131E-03,-6.526309880E-04, 3.233333230E-01, 1.858530231E+02, 8.720417231E-06
      3775, 6.526309880E-04, 9.957224131E-03, 3.233333230E-01, 1.858530231E+02, 8.720417231E-06
      3776, 9.786853567E-03,-1.946726232E-03, 3.300000131E-01, 1.814390018E+02, 8.720417231E-06
      3777,-6.526309880E-04, 9.957224131E-03, 3.300000131E-01, 1.814389903E+02, 8.720417231E-06
      3778, 9.449026547E-03,-3.207512433E-03, 3.366666734E-01, 1.770241860E+02, 8.720417231E-06
      3779,-1.946726232E-03, 9.786853567E-03, 3.366666734E-01, 1.770241653E+02, 8.720417231E-06
      3780, 8.949524723E-03,-4.413417075E-03, 3.433333337E-01, 1.726083449E+02, 8.720417231E-06
      3781,-3.207512433E-03, 9.449026547E-03, 3.433333337E-01, 1.726082981E+02, 8.720417231E-06
      3782, 8.296893910E-03,-5.543807056E-03, 3.499999940E-01, 1.681913131E+02, 8.720417231E-06
      3783,-4.413417075E-03, 8.949524723E-03, 3.499999940E-01, 1.681912846E+02, 8.720417231E-06
      3784, 7.502300665E-03,-6.579341367E-03, 3.566666842E-01, 1.637725649E+02, 8.720417231E-06
      3785,-5.543807521E-03, 8.296893910E-03, 3.566666842E-01, 1.637725367E+02, 8.720417231E-06
      3786, 6.579340901E-03,-7.502300665E-03, 3.633333445E-01, 1.593518703E+02, 8.720417231E-06
      3787,-6.579340901E-03, 7.502300665E-03, 3.633333445E-01, 1.593518703E+02, 8.720417231E-06
      3788, 5.543807521E-03,-8.296893910E-03, 3.700000048E-01, 1.549288389E+02, 8.720417231E-06
      3789,-7.502300665E-03, 6.579341367E-03, 3.700000048E-01, 1.549288508E+02, 8.720417231E-06
      3790, 4.413417075E-03,-8.949524723E-03, 3.766666651E-01, 1.505032163E+02, 8.720417231E-06
      3791,-8.296893910E-03, 5.543807056E-03, 3.766666651E-01, 1.505032352E+02, 8.720417231E-06
      3792, 3.207512433E-03,-9.449026547E-03, 3.833333254E-01, 1.460746155E+02, 8.720417231E-06
      3793,-8.949524723E-03, 4.413417075E-03, 3.833333254E-01, 1.460746103E+02, 8.720417231E-06
      3794, 1.946726232E-03,-9.786853567E-03, 3.900000155E-01, 1.416430643E+02, 8.720417231E-06
      3795,-9.449026547E-03, 3.207512433E-03, 3.900000155E-01, 1.416430578E+02, 8.720417231E-06
      3796, 6.526309880E-04,-9.957224131E-03, 3.966666758E-01, 1.372085139E+02, 8.720417231E-06
      3797,-9.786853567E-03, 1.946726232E-03, 3.966666758E-01, 1.372085103E+02, 8.720417231E-06
      3798,-6.526309880E-04,-9.957224131E-03, 4.033333361E-01, 1.327708809E+02, 8.720417231E-06
      3799,-9.957224131E-03, 6.526309880E-04, 4.033333361E-01, 1.327708809E+02, 8.720417231E-06
      3800,-1.946726232E-03,-9.786853567E-03, 4.099999964E-01, 1.283300270E+02, 8.720417231E-06
      3801,-9.957224131E-03,-6.526309880E-04, 4.099999964E-01, 1.283300400E+02, 8.720417231E-06
      3802,-3.207512433E-03,-9.449026547E-03, 4.166666567E-01, 1.238859091E+02, 8.720417231E-06
      3803,-9.786853567E-03,-1.946726232E-03, 4.166666567E-01, 1.238859328E+02, 8.720417231E-06
      3804,-4.413417075E-03,-8.949524723E-03, 4.233333170E-01, 1.194383313E+02, 8.720417231E-06
      3805,-3.207512433E-03,-9.449026547E-03, 4.299999774E-01, 1.149874232E+02, 8.720417231E-06
      3806,-1.946726232E-03,-9.786853567E-03, 4.366666377E-01, 1.105326799E+02, 8.720417231E-06
      3807,-6.526309880E-04,-9.957224131E-03, 4.433333576E-01, 1.060740802E+02, 8.720417231E-06
      3808,-9.449026547E-03,-3.207512433E-03, 4.233333170E-01, 1.194383691E+02, 8.720417231E-06
      3809,-8.949524723E-03,-4.413417075E-03, 4.299999774E-01, 1.149873879E+02, 8.720417231E-06
      3810,-9.449026547E-03,-3.207512433E-03, 4.366666377E-01, 1.105326598E+02, 8.720417231E-06
      3811,-9.786853567E-03,-1.946726232E-03, 4.433333576E-01, 1.060740707E+02, 8.720417231E-06
      3812,-9.957224131E-03,-6.526309880E-04, 4.500000179E-01, 1.016113337E+02, 8.720417231E-06
      3813,-9.957224131E-03, 6.526309880E-04, 4.566666782E-01, 9.714442765E+01, 8.720417231E-06
      3814,-9.786853567E-03, 1.946726232E-03, 4.633333385E-01, 9.267329443E+01, 8.720417231E-06
      3815,-9.449026547E-03, 3.207512433E-03, 4.699999988E-01, 8.819774016E+01, 8.720417231E-06
      3816, 3.207512433E-03, 9.449026547E-03, 3.033333421E-01, 1.990929488E+02, 8.720417231E-06
      3817, 1.946726232E-03, 9.786853567E-03, 3.100000024E-01, 1.946796116E+02, 8.720417231E-06
      3818, 6.526309880E-04, 9.957224131E-03, 3.166666627E-01, 1.902665667E+02, 8.720417231E-06
      3819, 9.786853567E-03,-1.946726232E-03, 3.233333230E-01, 1.858530345E+02, 8.720417231E-06
      3820,-6.526309880E-04, 9.957224131E-03, 3.233333230E-01, 1.858530231E+02, 8.720417231E-06
      3821, 9.449026547E-03,-3.207512433E-03, 3.300000131E-01, 1.814390224E+02, 8.720417231E-06
      3822,-1.946726232E-03, 9.786853567E-03, 3.300000131E-01, 1.814390018E+02, 8.720417231E-06
      3823, 8.949524723E-03,-4.413417075E-03, 3.366666734E-01, 1.770242218E+02, 8.720417231E-06
      3824,-3.207512433E-03, 9.449026547E-03, 3.366666734E-01, 1.770241860E+02, 8.720417231E-06
      3825, 8.296893910E-03,-5.543807056E-03, 3.433333337E-01, 1.726083817E+02, 8.720417231E-06
      3826,-4.413417075E-03, 8.949524723E-03, 3.433333337E-01, 1.726083449E+02, 8.720417231E-06
      3827, 7.502300665E-03,-6.579341367E-03, 3.499999940E-01, 1.681913463E+02, 8.720417231E-06
      3828,-5.543807521E-03, 8.296893910E-03, 3.499999940E-01, 1.681913131E+02, 8.720417231E-06
      3829, 6.579340901E-03,-7.502300665E-03, 3.566666842E-01, 1.637725649E+02, 8.720417231E-06
      3830,-6.579340901E-03, 7.502300665E-03, 3.566666842E-01, 1.637725649E+02, 8.720417231E-06
      3831, 5.543807521E-03,-8.296893910E-03, 3.633333445E-01, 1.593518517E+02, 8.720417231E-06
      3832,-7.502300665E-03, 6.579341367E-03, 3.633333445E-01, 1.593518703E+02, 8.720417231E-06
      3833, 4.413417075E-03,-8.949524723E-03, 3.700000048E-01, 1.549288126E+02, 8.720417231E-06
      3834,-8.296893910E-03, 5.543807056E-03, 3.700000048E-01, 1.549288389E+02, 8.720417231E-06
      3835, 3.207512433E-03,-9.449026547E-03, 3.766666651E-01, 1.505032123E+02, 8.720417231E-06
      3836,-8.949524723E-03, 4.413417075E-03, 3.766666651E-01, 1.505032163E+02, 8.720417231E-06
      3837, 1.946726232E-03,-9.786853567E-03, 3.833333254E-01, 1.460746176E+02, 8.720417231E-06
      3838,-9.449026547E-03, 3.207512433E-03, 3.833333254E-01, 1.460746155E+02, 8.720417231E-06
      3839, 6.526309880E-04,-9.957224131E-03, 3.900000155E-01, 1.416430665E+02, 8.720417231E-06
      3840,-9.786853567E-03, 1.946726232E-03, 3.900000155E-01, 1.416430643E+02, 8.720417231E-06
      3841,-6.526309880E-04,-9.957224131E-03, 3.966666758E-01, 1.372085139E+02, 8.720417231E-06
      3842,-9.957224131E-03, 6.526309880E-04, 3.966666758E-01, 1.372085139E+02, 8.720417231E-06
      3843,-1.946726232E-03,-9.786853567E-03, 4.033333361E-01, 1.327708703E+02, 8.720417231E-06
      3844,-9.957224131E-03,-6.526309880E-04, 4.033333361E-01, 1.327708809E+02, 8.720417231E-06
      3845,-3.207512433E-03,-9.449026547E-03, 4.099999964E-01, 1.283300006E+02, 8.720417231E-06
      3846,-9.786853567E-03,-1.946726232E-03, 4.099999964E-01, 1.283300270E+02, 8.720417231E-06
      3847,-4.413417075E-03,-8.949524723E-03, 4.166666567E-01, 1.238858740E+02, 8.720417231E-06
      3848,-9.449026547E-03,-3.207512433E-03, 4.166666567E-01, 1.238859091E+02, 8.720417231E-06
      3849,-5.543807056E-03,-8.296893910E-03, 4.233333170E-01, 1.194382864E+02, 8.720417231E-06
      3850,-4.413417075E-03,-8.949524723E-03, 4.299999774E-01, 1.149873879E+02, 8.720417231E-06
      3851,-3.207512433E-03,-9.449026547E-03, 4.366666377E-01, 1.105326598E+02, 8.720417231E-06
      3852,-1.946726232E-03,-9.786853567E-03, 4.433333576E-01, 1.060740707E+02, 8.720417231E-06
      3853,-8.949524723E-03,-4.413417075E-03, 4.233333170E-01, 1.194383313E+02, 8.720417231E-06
      3854,-8.296893910E-03,-5.543807521E-03, 4.299999774E-01, 1.149873471E+02, 8.720417231E-06
      3855,-8.949524723E-03,-4.413417075E-03, 4.366666377E-01, 1.105326254E+02, 8.720417231E-06
      3856,-9.449026547E-03,-3.207512433E-03, 4.433333576E-01, 1.060740517E+02, 8.720417231E-06
      3857,-9.786853567E-03,-1.946726232E-03, 4.500000179E-01, 1.016113249E+02, 8.720417231E-06
      3858,-9.957224131E-03,-6.526309880E-04, 4.566666782E-01, 9.714442765E+01, 8.720417231E-06
      3859,-9.957224131E-03, 6.526309880E-04, 4.633333385E-01, 9.267330369E+01, 8.720417231E-06
      3860,-9.786853567E-03, 1.946726232E-03, 4.699999988E-01, 8.819776681E+01, 8.720417231E-06
      3861,-9.449026547E-03, 3.207512433E-03, 4.766666591E-01, 8.371758387E+01, 8.720417231E-06
      3862, 1.946726232E-03, 9.786853567E-03, 3.033333421E-01, 1.990928826E+02, 8.720417231E-06
      3863, 6.526309880E-04, 9.957224131E-03, 3.100000024E-01, 1.946795846E+02, 8.720417231E-06
      3864,-6.526309880E-04, 9.957224131E-03, 3.166666627E-01, 1.902665667E+02, 8.720417231E-06
      3865, 9.449026547E-03,-3.207512433E-03, 3.233333230E-01, 1.858530555E+02, 8.720417231E-06
      3866,-1.946726232E-03, 9.786853567E-03, 3.233333230E-01, 1.858530345E+02, 8.720417231E-06
      3867, 8.949524723E-03,-4.413417075E-03, 3.300000131E-01, 1.814390557E+02, 8.720417231E-06
      3868,-3.207512433E-03, 9.449026547E-03, 3.300000131E-01, 1.814390224E+02, 8.720417231E-06
      3869, 8.296893910E-03,-5.543807056E-03, 3.366666734E-01, 1.770242571E+02, 8.720417231E-06
      3870,-4.413417075E-03, 8.949524723E-03, 3.366666734E-01, 1.770242218E+02, 8.720417231E-06
      3871, 7.502300665E-03,-6.579341367E-03, 3.433333337E-01, 1.726084115E+02, 8.720417231E-06
      3872,-5.543807521E-03, 8.296893910E-03, 3.433333337E-01, 1.726083817E+02, 8.720417231E-06
      3873, 6.579340901E-03,-7.502300665E-03, 3.499999940E-01, 1.681913463E+02, 8.720417231E-06
      3874,-6.579340901E-03, 7.502300665E-03, 3.499999940E-01, 1.681913463E+02, 8.720417231E-06
      3875, 5.543807521E-03,-8.296893910E-03, 3.566666842E-01, 1.637725367E+02, 8.720417231E-06
      3876,-7.502300665E-03, 6.579341367E-03, 3.566666842E-01, 1.637725649E+02, 8.720417231E-06
      3877, 4.413417075E-03,-8.949524723E-03, 3.633333445E-01, 1.593518232E+02, 8.720417231E-06
      3878,-8.296893910E-03, 5.543807056E-03, 3.633333445E-01, 1.593518517E+02, 8.720417231E-06
      3879, 3.207512433E-03,-9.449026547E-03, 3.700000048E-01, 1.549287976E+02, 8.720417231E-06
      3880,-8.949524723E-03, 4.413417075E-03, 3.700000048E-01, 1.549288126E+02, 8.720417231E-06
      3881, 1.946726232E-03,-9.786853567E-03, 3.766666651E-01, 1.505032085E+02, 8.720417231E-06
      3882,-9.449026547E-03, 3.207512433E-03, 3.766666651E-01, 1.505032123E+02, 8.720417231E-06
      3883, 6.526309880E-04,-9.957224131E-03, 3.833333254E-01, 1.460746217E+02, 8.720417231E-06
      3884,-9.786853567E-03, 1.946726232E-03, 3.833333254E-01, 1.460746176E+02, 8.720417231E-06
      3885,-6.526309880E-04,-9.957224131E-03, 3.900000155E-01, 1.416430665E+02, 8.720417231E-06
      3886,-9.957224131E-03, 6.526309880E-04, 3.900000155E-01, 1.416430665E+02, 8.720417231E-06
      3887,-1.946726232E-03,-9.786853567E-03, 3.966666758E-01, 1.372085103E+02, 8.720417231E-06
      3888,-9.957224131E-03,-6.526309880E-04, 3.966666758E-01, 1.372085139E+02, 8.720417231E-06
      3889,-3.207512433E-03,-9.449026547E-03, 4.033333361E-01, 1.327708457E+02, 8.720417231E-06
      3890,-9.786853567E-03,-1.946726232E-03, 4.033333361E-01, 1.327708703E+02, 8.720417231E-06
      3891,-4.413417075E-03,-8.949524723E-03, 4.099999964E-01, 1.283299664E+02, 8.720417231E-06
      3892,-9.449026547E-03,-3.207512433E-03, 4.099999964E-01, 1.283300006E+02, 8.720417231E-06
      3893,-5.543807056E-03,-8.296893910E-03, 4.166666567E-01, 1.238858279E+02, 8.720417231E-06
      3894,-8.949524723E-03,-4.413417075E-03, 4.166666567E-01, 1.238858740E+02, 8.720417231E-06
      3895,-6.579341367E-03,-7.502300665E-03, 4.233333170E-01, 1.194382486E+02, 8.720417231E-06
      3896,-5.543807056E-03,-8.296893910E-03, 4.299999774E-01, 1.149873471E+02, 8.720417231E-06
      3897,-4.413417075E-03,-8.949524723E-03, 4.366666377E-01, 1.105326254E+02, 8.720417231E-06
      3898,-3.207512433E-03,-9.449026547E-03, 4.433333576E-01, 1.060740517E+02, 8.720417231E-06
      3899,-8.296893910E-03,-5.543807521E-03, 4.233333170E-01, 1.194382864E+02, 8.720417231E-06
      3900,-7.502300665E-03,-6.579340901E-03, 4.299999774E-01, 1.149873102E+02, 8.720417231E-06
      3901,-8.296893910E-03,-5.543807521E-03, 4.366666377E-01, 1.105325856E+02, 8.720417231E-06
      3902,-8.949524723E-03,-4.413417075E-03, 4.433333576E-01, 1.060740199E+02, 8.720417231E-06
      3903,-9.449026547E-03,-3.207512433E-03, 4.500000179E-01, 1.016113071E+02, 8.720417231E-06
      3904,-9.786853567E-03,-1.946726232E-03, 4.566666782E-01, 9.714442209E+01, 8.720417231E-06
      3905,-9.957224131E-03,-6.526309880E-04, 4.633333385E-01, 9.267330369E+01, 8.720417231E-06
      3906,-9.957224131E-03, 6.526309880E-04, 4.699999988E-01, 8.819778472E+01, 8.720417231E-06
      3907,-9.786853567E-03, 1.946726232E-03, 4.766666591E-01, 8.371760488E+01, 8.720417231E-06
      3908,-9.449026547E-03, 3.207512433E-03, 4.833333492E-01, 7.923254419E+01, 8.720417231E-06
      3909, 6.526309880E-04, 9.957224131E-03, 3.033333421E-01, 1.990928460E+02, 8.720417231E-06
      3910,-6.526309880E-04, 9.957224131E-03, 3.100000024E-01, 1.946795846E+02, 8.720417231E-06
      3911,-1.946726232E-03, 9.786853567E-03, 3.166666627E-01, 1.902665813E+02, 8.720417231E-06
      3912,-3.207512433E-03, 9.449026547E-03, 3.233333230E-01, 1.858530555E+02, 8.720417231E-06
      3913, 8.296893910E-03,-5.543807056E-03, 3.300000131E-01, 1.814390834E+02, 8.720417231E-06
      3914,-4.413417075E-03, 8.949524723E-03, 3.300000131E-01, 1.814390557E+02, 8.720417231E-06
      3915, 7.502300665E-03,-6.579341367E-03, 3.366666734E-01, 1.770242799E+02, 8.720417231E-06
      3916,-5.543807521E-03, 8.296893910E-03, 3.366666734E-01, 1.770242571E+02, 8.720417231E-06
      3917, 6.579340901E-03,-7.502300665E-03, 3.433333337E-01, 1.726084115E+02, 8.720417231E-06
      3918,-6.579340901E-03, 7.502300665E-03, 3.433333337E-01, 1.726084115E+02, 8.720417231E-06
      3919, 5.543807521E-03,-8.296893910E-03, 3.499999940E-01, 1.681913131E+02, 8.720417231E-06
      3920,-7.502300665E-03, 6.579341367E-03, 3.499999940E-01, 1.681913463E+02, 8.720417231E-06
      3921, 4.413417075E-03,-8.949524723E-03, 3.566666842E-01, 1.637725114E+02, 8.720417231E-06
      3922,-8.296893910E-03, 5.543807056E-03, 3.566666842E-01, 1.637725367E+02, 8.720417231E-06
      3923, 3.207512433E-03,-9.449026547E-03, 3.633333445E-01, 1.593518003E+02, 8.720417231E-06
      3924,-8.949524723E-03, 4.413417075E-03, 3.633333445E-01, 1.593518232E+02, 8.720417231E-06
      3925, 1.946726232E-03,-9.786853567E-03, 3.700000048E-01, 1.549287826E+02, 8.720417231E-06
      3926,-9.449026547E-03, 3.207512433E-03, 3.700000048E-01, 1.549287976E+02, 8.720417231E-06
      3927, 6.526309880E-04,-9.957224131E-03, 3.766666651E-01, 1.505032109E+02, 8.720417231E-06
      3928,-9.786853567E-03, 1.946726232E-03, 3.766666651E-01, 1.505032085E+02, 8.720417231E-06
      3929,-6.526309880E-04,-9.957224131E-03, 3.833333254E-01, 1.460746217E+02, 8.720417231E-06
      3930,-9.957224131E-03, 6.526309880E-04, 3.833333254E-01, 1.460746217E+02, 8.720417231E-06
      3931,-1.946726232E-03,-9.786853567E-03, 3.900000155E-01, 1.416430643E+02, 8.720417231E-06
      3932,-9.957224131E-03,-6.526309880E-04, 3.900000155E-01, 1.416430665E+02, 8.720417231E-06
      3933,-3.207512433E-03,-9.449026547E-03, 3.966666758E-01, 1.372084973E+02, 8.720417231E-06
      3934,-9.786853567E-03,-1.946726232E-03, 3.966666758E-01, 1.372085103E+02, 8.720417231E-06
      3935,-4.413417075E-03,-8.949524723E-03, 4.033333361E-01, 1.327708130E+02, 8.720417231E-06
      3936,-9.449026547E-03,-3.207512433E-03, 4.033333361E-01, 1.327708457E+02, 8.720417231E-06
      3937,-5.543807056E-03,-8.296893910E-03, 4.099999964E-01, 1.283299194E+02, 8.720417231E-06
      3938,-8.949524723E-03,-4.413417075E-03, 4.099999964E-01, 1.283299664E+02, 8.720417231E-06
      3939,-6.579341367E-03,-7.502300665E-03, 4.166666567E-01, 1.238857929E+02, 8.720417231E-06
      3940,-8.296893910E-03,-5.543807521E-03, 4.166666567E-01, 1.238858279E+02, 8.720417231E-06
      3941,-7.502300665E-03,-6.579340901E-03, 4.233333170E-01, 1.194382486E+02, 8.720417231E-06
      3942,-6.579341367E-03,-7.502300665E-03, 4.299999774E-01, 1.149873102E+02, 8.720417231E-06
      3943,-5.543807056E-03,-8.296893910E-03, 4.366666377E-01, 1.105325856E+02, 8.720417231E-06
      3944,-4.413417075E-03,-8.949524723E-03, 4.433333576E-01, 1.060740199E+02, 8.720417231E-06
      3945,-3.207512433E-03,-9.449026547E-03, 4.500000179E-01, 1.016113071E+02, 8.720417231E-06
      3946,-7.502300665E-03,-6.579340901E-03, 4.366666377E-01, 1.105325489E+02, 8.720417231E-06
      3947,-8.296893910E-03,-5.543807521E-03, 4.433333576E-01, 1.060739823E+02, 8.720417231E-06
      3948,-8.949524723E-03,-4.413417075E-03, 4.500000179E-01, 1.016112779E+02, 8.720417231E-06
      3949,-9.449026547E-03,-3.207512433E-03, 4.566666782E-01, 9.714440830E+01, 8.720417231E-06
      3950,-9.786853567E-03,-1.946726232E-03, 4.633333385E-01, 9.267329443E+01, 8.720417231E-06
      3951,-9.957224131E-03,-6.526309880E-04, 4.699999988E-01, 8.819778472E+01, 8.720417231E-06
      3952,-9.957224131E-03, 6.526309880E-04, 4.766666591E-01, 8.371762007E+01, 8.720417231E-06
      3953,-9.786853567E-03, 1.946726232E-03, 4.833333492E-01, 7.923256236E+01, 8.720417231E-06
      3954,-6.526309880E-04, 9.957224131E-03, 3.033333421E-01, 1.990928460E+02, 8.720417231E-06
      3955,-1.946726232E-03, 9.786853567E-03, 3.100000024E-01, 1.946796116E+02, 8.720417231E-06
      3956,-3.207512433E-03, 9.449026547E-03, 3.166666627E-01, 1.902666093E+02, 8.720417231E-06
      3957,-4.413417075E-03, 8.949524723E-03, 3.233333230E-01, 1.858530864E+02, 8.720417231E-06
      3958, 7.502300665E-03,-6.579341367E-03, 3.300000131E-01, 1.814391065E+02, 8.720417231E-06
      3959,-5.543807521E-03, 8.296893910E-03, 3.300000131E-01, 1.814390834E+02, 8.720417231E-06
      3960, 6.579340901E-03,-7.502300665E-03, 3.366666734E-01, 1.770242799E+02, 8.720417231E-06
      3961,-6.579340901E-03, 7.502300665E-03, 3.366666734E-01, 1.770242799E+02, 8.720417231E-06
      3962, 5.543807521E-03,-8.296893910E-03, 3.433333337E-01, 1.726083817E+02, 8.720417231E-06
      3963,-7.502300665E-03, 6.579341367E-03, 3.433333337E-01, 1.726084115E+02, 8.720417231E-06
      3964, 4.413417075E-03,-8.949524723E-03, 3.499999940E-01, 1.681912846E+02, 8.720417231E-06
      3965,-8.296893910E-03, 5.543807056E-03, 3.499999940E-01, 1.681913131E+02, 8.720417231E-06
      3966, 3.207512433E-03,-9.449026547E-03, 3.566666842E-01, 1.637724795E+02, 8.720417231E-06
      3967,-8.949524723E-03, 4.413417075E-03, 3.566666842E-01, 1.637725114E+02, 8.720417231E-06
      3968, 1.946726232E-03,-9.786853567E-03, 3.633333445E-01, 1.593517713E+02, 8.720417231E-06
      3969,-9.449026547E-03, 3.207512433E-03, 3.633333445E-01, 1.593518003E+02, 8.720417231E-06
      3970, 6.526309880E-04,-9.957224131E-03, 3.700000048E-01, 1.549287751E+02, 8.720417231E-06
      3971,-9.786853567E-03, 1.946726232E-03, 3.700000048E-01, 1.549287826E+02, 8.720417231E-06
      3972,-6.526309880E-04,-9.957224131E-03, 3.766666651E-01, 1.505032109E+02, 8.720417231E-06
      3973,-9.957224131E-03, 6.526309880E-04, 3.766666651E-01, 1.505032109E+02, 8.720417231E-06
      3974,-1.946726232E-03,-9.786853567E-03, 3.833333254E-01, 1.460746176E+02, 8.720417231E-06
      3975,-9.957224131E-03,-6.526309880E-04, 3.833333254E-01, 1.460746217E+02, 8.720417231E-06
      3976,-3.207512433E-03,-9.449026547E-03, 3.900000155E-01, 1.416430578E+02, 8.720417231E-06
      3977,-9.786853567E-03,-1.946726232E-03, 3.900000155E-01, 1.416430643E+02, 8.720417231E-06
      3978,-4.413417075E-03,-8.949524723E-03, 3.966666758E-01, 1.372084785E+02, 8.720417231E-06
      3979,-9.449026547E-03,-3.207512433E-03, 3.966666758E-01, 1.372084973E+02, 8.720417231E-06
      3980,-5.543807056E-03,-8.296893910E-03, 4.033333361E-01, 1.327707700E+02, 8.720417231E-06
      3981,-8.949524723E-03,-4.413417075E-03, 4.033333361E-01, 1.327708130E+02, 8.720417231E-06
      3982,-6.579341367E-03,-7.502300665E-03, 4.099999964E-01, 1.283298898E+02, 8.720417231E-06
      3983,-8.296893910E-03,-5.543807521E-03, 4.099999964E-01, 1.283299194E+02, 8.720417231E-06
      3984,-7.502300665E-03,-6.579340901E-03, 4.166666567E-01, 1.238857929E+02, 8.720417231E-06
      3985,-6.579341367E-03,-7.502300665E-03, 4.366666377E-01, 1.105325489E+02, 8.720417231E-06
      3986,-5.543807056E-03,-8.296893910E-03, 4.433333576E-01, 1.060739823E+02, 8.720417231E-06
      3987,-4.413417075E-03,-8.949524723E-03, 4.500000179E-01, 1.016112779E+02, 8.720417231E-06
      3988,-3.207512433E-03,-9.449026547E-03, 4.566666782E-01, 9.714440830E+01, 8.720417231E-06
      3989,-7.502300665E-03,-6.579340901E-03, 4.433333576E-01, 1.060739474E+02, 8.720417231E-06
      3990,-8.296893910E-03,-5.543807521E-03, 4.500000179E-01, 1.016112432E+02, 8.720417231E-06
      3991,-8.949524723E-03,-4.413417075E-03, 4.566666782E-01, 9.714438503E+01, 8.720417231E-06
      3992,-9.449026547E-03,-3.207512433E-03, 4.633333385E-01, 9.267327639E+01, 8.720417231E-06
      3993,-9.786853567E-03,-1.946726232E-03, 4.699999988E-01, 8.819776681E+01, 8.720417231E-06
      3994,-9.957224131E-03,-6.526309880E-04, 4.766666591E-01, 8.371762007E+01, 8.720417231E-06
      3995,-9.957224131E-03, 6.526309880E-04, 4.833333492E-01, 7.923257224E+01, 8.720417231E-06
      3996,-1.946726232E-03, 9.786853567E-03, 3.033333421E-01, 1.990928826E+02, 8.720417231E-06
      3997,-3.207512433E-03, 9.449026547E-03, 3.100000024E-01, 1.946796601E+02, 8.720417231E-06
      3998,-4.413417075E-03, 8.949524723E-03, 3.166666627E-01, 1.902666434E+02, 8.720417231E-06
      3999,-5.543807521E-03, 8.296893910E-03, 3.233333230E-01, 1.858531113E+02, 8.720417231E-06
      4000, 6.579340901E-03,-7.502300665E-03, 3.300000131E-01, 1.814391065E+02, 8.720417231E-06
      4001,-6.579340901E-03, 7.502300665E-03, 3.300000131E-01, 1.814391065E+02, 8.720417231E-06
      4002, 5.543807521E-03,-8.296893910E-03, 3.366666734E-01, 1.770242571E+02, 8.720417231E-06
      4003,-7.502300665E-03, 6.579341367E-03, 3.366666734E-01, 1.770242799E+02, 8.720417231E-06
      4004, 4.413417075E-03,-8.949524723E-03, 3.433333337E-01, 1.726083449E+02, 8.720417231E-06
      4005,-8.296893910E-03, 5.543807056E-03, 3.433333337E-01, 1.726083817E+02, 8.720417231E-06
      4006, 3.207512433E-03,-9.449026547E-03, 3.499999940E-01, 1.681912404E+02, 8.720417231E-06
      4007,-8.949524723E-03, 4.413417075E-03, 3.499999940E-01, 1.681912846E+02, 8.720417231E-06
      4008, 1.946726232E-03,-9.786853567E-03, 3.566666842E-01, 1.637724585E+02, 8.720417231E-06
      4009,-9.449026547E-03, 3.207512433E-03, 3.566666842E-01, 1.637724795E+02, 8.720417231E-06
      4010, 6.526309880E-04,-9.957224131E-03, 3.633333445E-01, 1.593517590E+02, 8.720417231E-06
      4011,-9.786853567E-03, 1.946726232E-03, 3.633333445E-01, 1.593517713E+02, 8.720417231E-06
      4012,-6.526309880E-04,-9.957224131E-03, 3.700000048E-01, 1.549287751E+02, 8.720417231E-06
      4013,-9.957224131E-03, 6.526309880E-04, 3.700000048E-01, 1.549287751E+02, 8.720417231E-06
      4014,-1.946726232E-03,-9.786853567E-03, 3.766666651E-01, 1.505032085E+02, 8.720417231E-06
      4015,-9.957224131E-03,-6.526309880E-04, 3.766666651E-01, 1.505032109E+02, 8.720417231E-06
      4016,-3.207512433E-03,-9.449026547E-03, 3.833333254E-01, 1.460746155E+02, 8.720417231E-06
      4017,-9.786853567E-03,-1.946726232E-03, 3.833333254E-01, 1.460746176E+02, 8.720417231E-06
      4018,-4.413417075E-03,-8.949524723E-03, 3.900000155E-01, 1.416430476E+02, 8.720417231E-06
      4019,-9.449026547E-03,-3.207512433E-03, 3.900000155E-01, 1.416430578E+02, 8.720417231E-06
      4020,-5.543807056E-03,-8.296893910E-03, 3.966666758E-01, 1.372084519E+02, 8.720417231E-06
      4021,-8.949524723E-03,-4.413417075E-03, 3.966666758E-01, 1.372084785E+02, 8.720417231E-06
      4022,-6.579341367E-03,-7.502300665E-03, 4.033333361E-01, 1.327707455E+02, 8.720417231E-06
      4023,-8.296893910E-03,-5.543807521E-03, 4.033333361E-01, 1.327707700E+02, 8.720417231E-06
      4024,-7.502300665E-03,-6.579340901E-03, 4.099999964E-01, 1.283298898E+02, 8.720417231E-06
      4025,-6.579341367E-03,-7.502300665E-03, 4.433333576E-01, 1.060739474E+02, 8.720417231E-06
      4026,-5.543807056E-03,-8.296893910E-03, 4.500000179E-01, 1.016112432E+02, 8.720417231E-06
      4027,-4.413417075E-03,-8.949524723E-03, 4.566666782E-01, 9.714438503E+01, 8.720417231E-06
      4028,-7.502300665E-03,-6.579340901E-03, 4.500000179E-01, 1.016112124E+02, 8.720417231E-06
      4029,-8.296893910E-03,-5.543807521E-03, 4.566666782E-01, 9.714435387E+01, 8.720417231E-06
      4030,-8.949524723E-03,-4.413417075E-03, 4.633333385E-01, 9.267325000E+01, 8.720417231E-06
      4031,-9.449026547E-03,-3.207512433E-03, 4.699999988E-01, 8.819774016E+01, 8.720417231E-06
      4032,-9.786853567E-03,-1.946726232E-03, 4.766666591E-01, 8.371760488E+01, 8.720417231E-06
      4033,-9.957224131E-03,-6.526309880E-04, 4.833333492E-01, 7.923257224E+01, 8.720417231E-06
      4034,-3.207512433E-03, 9.449026547E-03, 3.033333421E-01, 1.990929488E+02, 8.720417231E-06
      4035,-4.413417075E-03, 8.949524723E-03, 3.100000024E-01, 1.946797163E+02, 8.720417231E-06
      4036,-5.543807521E-03, 8.296893910E-03, 3.166666627E-01, 1.902666738E+02, 8.720417231E-06
      4037,-6.579340901E-03, 7.502300665E-03, 3.233333230E-01, 1.858531311E+02, 8.720417231E-06
      4038, 6.579340901E-03,-7.502300665E-03, 3.233333230E-01, 1.858531311E+02, 8.720417231E-06
      4039, 5.543807521E-03,-8.296893910E-03, 3.300000131E-01, 1.814390834E+02, 8.720417231E-06
      4040,-7.502300665E-03, 6.579341367E-03, 3.300000131E-01, 1.814391065E+02, 8.720417231E-06
      4041, 4.413417075E-03,-8.949524723E-03, 3.366666734E-01, 1.770242218E+02, 8.720417231E-06
      4042,-8.296893910E-03, 5.543807056E-03, 3.366666734E-01, 1.770242571E+02, 8.720417231E-06
      4043, 3.207512433E-03,-9.449026547E-03, 3.433333337E-01, 1.726082981E+02, 8.720417231E-06
      4044,-8.949524723E-03, 4.413417075E-03, 3.433333337E-01, 1.726083449E+02, 8.720417231E-06
      4045, 1.946726232E-03,-9.786853567E-03, 3.499999940E-01, 1.681912190E+02, 8.720417231E-06
      4046,-9.449026547E-03, 3.207512433E-03, 3.499999940E-01, 1.681912404E+02, 8.720417231E-06
      4047, 6.526309880E-04,-9.957224131E-03, 3.566666842E-01, 1.637724473E+02, 8.720417231E-06
      4048,-9.786853567E-03, 1.946726232E-03, 3.566666842E-01, 1.637724585E+02, 8.720417231E-06
      4049,-6.526309880E-04,-9.957224131E-03, 3.633333445E-01, 1.593517590E+02, 8.720417231E-06
      4050,-9.957224131E-03, 6.526309880E-04, 3.633333445E-01, 1.593517590E+02, 8.720417231E-06
      4051,-1.946726232E-03,-9.786853567E-03, 3.700000048E-01, 1.549287826E+02, 8.720417231E-06
      4052,-9.957224131E-03,-6.526309880E-04, 3.700000048E-01, 1.549287751E+02, 8.720417231E-06
      4053,-3.207512433E-03,-9.449026547E-03, 3.766666651E-01, 1.505032123E+02, 8.720417231E-06
      4054,-9.786853567E-03,-1.946726232E-03, 3.766666651E-01, 1.505032085E+02, 8.720417231E-06
      4055,-4.413417075E-03,-8.949524723E-03, 3.833333254E-01, 1.460746103E+02, 8.720417231E-06
      4056,-9.449026547E-03,-3.207512433E-03, 3.833333254E-01, 1.460746155E+02, 8.720417231E-06
      4057,-5.543807056E-03,-8.296893910E-03, 3.900000155E-01, 1.416430397E+02, 8.720417231E-06
      4058,-8.949524723E-03,-4.413417075E-03, 3.900000155E-01, 1.416430476E+02, 8.720417231E-06
      4059,-6.579341367E-03,-7.502300665E-03, 3.966666758E-01, 1.372084367E+02, 8.720417231E-06
      4060,-8.296893910E-03,-5.543807521E-03, 3.966666758E-01, 1.372084519E+02, 8.720417231E-06
      4061,-7.502300665E-03,-6.579340901E-03, 4.033333361E-01, 1.327707455E+02, 8.720417231E-06
      4062,-6.579341367E-03,-7.502300665E-03, 4.500000179E-01, 1.016112124E+02, 8.720417231E-06
      4063,-5.543807056E-03,-8.296893910E-03, 4.566666782E-01, 9.714435387E+01, 8.720417231E-06
      4064,-4.413417075E-03,-8.949524723E-03, 4.633333385E-01, 9.267325000E+01, 8.720417231E-06
      4065,-7.502300665E-03,-6.579340901E-03, 4.566666782E-01, 9.714432891E+01, 8.720417231E-06
      4066,-8.949524723E-03,-4.413417075E-03, 4.699999988E-01, 8.819770372E+01, 8.720417231E-06
      4067,-9.449026547E-03,-3.207512433E-03, 4.766666591E-01, 8.371758387E+01, 8.720417231E-06
      4068,-9.786853567E-03,-1.946726232E-03, 4.833333492E-01, 7.923256236E+01, 8.720417231E-06
      4069,-3.207512433E-03, 9.449026547E-03, 2.966666818E-01, 2.035069610E+02, 8.720417231E-06
      4070,-4.413417075E-03, 8.949524723E-03, 3.033333421E-01, 1.990930266E+02, 8.720417231E-06
      4071,-5.543807521E-03, 8.296893910E-03, 3.100000024E-01, 1.946797646E+02, 8.720417231E-06
      4072,-6.579340901E-03, 7.502300665E-03, 3.166666627E-01, 1.902666879E+02, 8.720417231E-06
      4073,-7.502300665E-03, 6.579341367E-03, 3.233333230E-01, 1.858531311E+02, 8.720417231E-06
      4074, 6.579340901E-03,-7.502300665E-03, 3.166666627E-01, 1.902666879E+02, 8.720417231E-06
      4075, 5.543807521E-03,-8.296893910E-03, 3.233333230E-01, 1.858531113E+02, 8.720417231E-06
      4076, 4.413417075E-03,-8.949524723E-03, 3.300000131E-01, 1.814390557E+02, 8.720417231E-06
      4077,-8.296893910E-03, 5.543807056E-03, 3.300000131E-01, 1.814390834E+02, 8.720417231E-06
      4078, 3.207512433E-03,-9.449026547E-03, 3.366666734E-01, 1.770241860E+02, 8.720417231E-06
      4079,-8.949524723E-03, 4.413417075E-03, 3.366666734E-01, 1.770242218E+02, 8.720417231E-06
      4080, 1.946726232E-03,-9.786853567E-03, 3.433333337E-01, 1.726082700E+02, 8.720417231E-06
      4081,-9.449026547E-03, 3.207512433E-03, 3.433333337E-01, 1.726082981E+02, 8.720417231E-06
      4082, 6.526309880E-04,-9.957224131E-03, 3.499999940E-01, 1.681912026E+02, 8.720417231E-06
      4083,-9.786853567E-03, 1.946726232E-03, 3.499999940E-01, 1.681912190E+02, 8.720417231E-06
      4084,-6.526309880E-04,-9.957224131E-03, 3.566666842E-01, 1.637724473E+02, 8.720417231E-06
      4085,-9.957224131E-03, 6.526309880E-04, 3.566666842E-01, 1.637724473E+02, 8.720417231E-06
      4086,-1.946726232E-03,-9.786853567E-03, 3.633333445E-01, 1.593517713E+02, 8.720417231E-06
      4087,-9.957224131E-03,-6.526309880E-04, 3.633333445E-01, 1.593517590E+02, 8.720417231E-06
      4088,-3.207512433E-03,-9.449026547E-03, 3.700000048E-01, 1.549287976E+02, 8.720417231E-06
      4089,-9.786853567E-03,-1.946726232E-03, 3.700000048E-01, 1.549287826E+02, 8.720417231E-06
      4090,-4.413417075E-03,-8.949524723E-03, 3.766666651E-01, 1.505032163E+02, 8.720417231E-06
      4091,-9.449026547E-03,-3.207512433E-03, 3.766666651E-01, 1.505032123E+02, 8.720417231E-06
      4092,-5.543807056E-03,-8.296893910E-03, 3.833333254E-01, 1.460746171E+02, 8.720417231E-06
      4093,-8.949524723E-03,-4.413417075E-03, 3.833333254E-01, 1.460746103E+02, 8.720417231E-06
      4094,-6.579341367E-03,-7.502300665E-03, 3.900000155E-01, 1.416430348E+02, 8.720417231E-06
      4095,-8.296893910E-03,-5.543807521E-03, 3.900000155E-01, 1.416430397E+02, 8.720417231E-06
      4096,-7.502300665E-03,-6.579340901E-03, 3.966666758E-01, 1.372084367E+02, 8.720417231E-06
      4097,-6.579341367E-03,-7.502300665E-03, 4.566666782E-01, 9.714432891E+01, 8.720417231E-06
      4098,-5.543807056E-03,-8.296893910E-03, 4.633333385E-01, 9.267321638E+01, 8.720417231E-06
      4099,-7.502300665E-03,-6.579340901E-03, 4.633333385E-01, 9.267319259E+01, 8.720417231E-06
      4100,-8.296893910E-03,-5.543807521E-03, 4.699999988E-01, 8.819766318E+01, 8.720417231E-06
      4101,-8.949524723E-03,-4.413417075E-03, 4.766666591E-01, 8.371755371E+01, 8.720417231E-06
      4102,-9.449026547E-03,-3.207512433E-03, 4.833333492E-01, 7.923254419E+01, 8.720417231E-06
      4103,-4.413417075E-03, 8.949524723E-03, 2.966666818E-01, 2.035070516E+02, 8.720417231E-06
      4104,-5.543807521E-03, 8.296893910E-03, 3.033333421E-01, 1.990930899E+02, 8.720417231E-06
      4105,-6.579340901E-03, 7.502300665E-03, 3.100000024E-01, 1.946797903E+02, 8.720417231E-06
      4106,-7.502300665E-03, 6.579341367E-03, 3.166666627E-01, 1.902666879E+02, 8.720417231E-06
      4107,-8.296893910E-03, 5.543807056E-03, 3.233333230E-01, 1.858531113E+02, 8.720417231E-06
      4108, 6.579340901E-03,-7.502300665E-03, 3.100000024E-01, 1.946797903E+02, 8.720417231E-06
      4109, 5.543807521E-03,-8.296893910E-03, 3.166666627E-01, 1.902666738E+02, 8.720417231E-06
      4110, 4.413417075E-03,-8.949524723E-03, 3.233333230E-01, 1.858530864E+02, 8.720417231E-06
      4111, 3.207512433E-03,-9.449026547E-03, 3.300000131E-01, 1.814390224E+02, 8.720417231E-06
      4112,-8.949524723E-03, 4.413417075E-03, 3.300000131E-01, 1.814390557E+02, 8.720417231E-06
      4113, 1.946726232E-03,-9.786853567E-03, 3.366666734E-01, 1.770241653E+02, 8.720417231E-06
      4114,-9.449026547E-03, 3.207512433E-03, 3.366666734E-01, 1.770241860E+02, 8.720417231E-06
      4115, 6.526309880E-04,-9.957224131E-03, 3.433333337E-01, 1.726082535E+02, 8.720417231E-06
      4116,-9.786853567E-03, 1.946726232E-03, 3.433333337E-01, 1.726082700E+02, 8.720417231E-06
      4117,-6.526309880E-04,-9.957224131E-03, 3.499999940E-01, 1.681912026E+02, 8.720417231E-06
      4118,-9.957224131E-03, 6.526309880E-04, 3.499999940E-01, 1.681912026E+02, 8.720417231E-06
      4119,-1.946726232E-03,-9.786853567E-03, 3.566666842E-01, 1.637724585E+02, 8.720417231E-06
      4120,-9.957224131E-03,-6.526309880E-04, 3.566666842E-01, 1.637724473E+02, 8.720417231E-06
      4121,-3.207512433E-03,-9.449026547E-03, 3.633333445E-01, 1.593518003E+02, 8.720417231E-06
      4122,-9.786853567E-03,-1.946726232E-03, 3.633333445E-01, 1.593517713E+02, 8.720417231E-06
      4123,-4.413417075E-03,-8.949524723E-03, 3.700000048E-01, 1.549288126E+02, 8.720417231E-06
      4124,-9.449026547E-03,-3.207512433E-03, 3.700000048E-01, 1.549287976E+02, 8.720417231E-06
      4125,-5.543807056E-03,-8.296893910E-03, 3.766666651E-01, 1.505032352E+02, 8.720417231E-06
      4126,-8.949524723E-03,-4.413417075E-03, 3.766666651E-01, 1.505032163E+02, 8.720417231E-06
      4127,-6.579341367E-03,-7.502300665E-03, 3.833333254E-01, 1.460746170E+02, 8.720417231E-06
      4128,-8.296893910E-03,-5.543807521E-03, 3.833333254E-01, 1.460746171E+02, 8.720417231E-06
      4129,-7.502300665E-03,-6.579340901E-03, 3.900000155E-01, 1.416430348E+02, 8.720417231E-06
      4130,-6.579341367E-03,-7.502300665E-03, 4.633333385E-01, 9.267319259E+01, 8.720417231E-06
      4131,-7.502300665E-03,-6.579340901E-03, 4.699999988E-01, 8.819763622E+01, 8.720417231E-06
      4132,-8.296893910E-03,-5.543807521E-03, 4.766666591E-01, 8.371751854E+01, 8.720417231E-06
      4133,-8.949524723E-03,-4.413417075E-03, 4.833333492E-01, 7.923252183E+01, 8.720417231E-06
      4134,-5.543807521E-03, 8.296893910E-03, 2.966666818E-01, 2.035071175E+02, 8.720417231E-06
      4135,-6.579340901E-03, 7.502300665E-03, 3.033333421E-01, 1.990931249E+02, 8.720417231E-06
      4136,-7.502300665E-03, 6.579341367E-03, 3.100000024E-01, 1.946797903E+02, 8.720417231E-06
      4137,-8.296893910E-03, 5.543807056E-03, 3.166666627E-01, 1.902666738E+02, 8.720417231E-06
      4138,-8.949524723E-03, 4.413417075E-03, 3.233333230E-01, 1.858530864E+02, 8.720417231E-06
      4139, 4.413417075E-03,-8.949524723E-03, 3.166666627E-01, 1.902666434E+02, 8.720417231E-06
      4140, 3.207512433E-03,-9.449026547E-03, 3.233333230E-01, 1.858530555E+02, 8.720417231E-06
      4141, 1.946726232E-03,-9.786853567E-03, 3.300000131E-01, 1.814390018E+02, 8.720417231E-06
      4142,-9.449026547E-03, 3.207512433E-03, 3.300000131E-01, 1.814390224E+02, 8.720417231E-06
      4143, 6.526309880E-04,-9.957224131E-03, 3.366666734E-01, 1.770241546E+02, 8.720417231E-06
      4144,-9.786853567E-03, 1.946726232E-03, 3.366666734E-01, 1.770241653E+02, 8.720417231E-06
      4145,-6.526309880E-04,-9.957224131E-03, 3.433333337E-01, 1.726082535E+02, 8.720417231E-06
      4146,-9.957224131E-03, 6.526309880E-04, 3.433333337E-01, 1.726082535E+02, 8.720417231E-06
      4147,-1.946726232E-03,-9.786853567E-03, 3.499999940E-01, 1.681912190E+02, 8.720417231E-06
      4148,-9.957224131E-03,-6.526309880E-04, 3.499999940E-01, 1.681912026E+02, 8.720417231E-06
      4149,-3.207512433E-03,-9.449026547E-03, 3.566666842E-01, 1.637724795E+02, 8.720417231E-06
      4150,-9.786853567E-03,-1.946726232E-03, 3.566666842E-01, 1.637724585E+02, 8.720417231E-06
      4151,-4.413417075E-03,-8.949524723E-03, 3.633333445E-01, 1.593518232E+02, 8.720417231E-06
      4152,-9.449026547E-03,-3.207512433E-03, 3.633333445E-01, 1.593518003E+02, 8.720417231E-06
      4153,-5.543807056E-03,-8.296893910E-03, 3.700000048E-01, 1.549288389E+02, 8.720417231E-06
      4154,-8.949524723E-03,-4.413417075E-03, 3.700000048E-01, 1.549288126E+02, 8.720417231E-06
      4155,-6.579341367E-03,-7.502300665E-03, 3.766666651E-01, 1.505032416E+02, 8.720417231E-06
      4156,-8.296893910E-03,-5.543807521E-03, 3.766666651E-01, 1.505032352E+02, 8.720417231E-06
      4157,-7.502300665E-03,-6.579340901E-03, 3.833333254E-01, 1.460746170E+02, 8.720417231E-06
      4158,-7.502300665E-03,-6.579340901E-03, 4.766666591E-01, 8.371749477E+01, 8.720417231E-06
      4159,-8.296893910E-03,-5.543807521E-03, 4.833333492E-01, 7.923249588E+01, 8.720417231E-06
      4160,-5.543807521E-03, 8.296893910E-03, 2.899999917E-01, 2.079222703E+02, 8.720417231E-06
      4161,-6.579340901E-03, 7.502300665E-03, 2.966666818E-01, 2.035071593E+02, 8.720417231E-06
      4162,-7.502300665E-03, 6.579341367E-03, 3.033333421E-01, 1.990931249E+02, 8.720417231E-06
      4163,-8.296893910E-03, 5.543807056E-03, 3.100000024E-01, 1.946797646E+02, 8.720417231E-06
      4164,-8.949524723E-03, 4.413417075E-03, 3.166666627E-01, 1.902666434E+02, 8.720417231E-06
      4165,-9.449026547E-03, 3.207512433E-03, 3.233333230E-01, 1.858530555E+02, 8.720417231E-06
      4166, 3.207512433E-03,-9.449026547E-03, 3.166666627E-01, 1.902666093E+02, 8.720417231E-06
      4167, 1.946726232E-03,-9.786853567E-03, 3.233333230E-01, 1.858530345E+02, 8.720417231E-06
      4168, 6.526309880E-04,-9.957224131E-03, 3.300000131E-01, 1.814389903E+02, 8.720417231E-06
      4169,-9.786853567E-03, 1.946726232E-03, 3.300000131E-01, 1.814390018E+02, 8.720417231E-06
      4170,-6.526309880E-04,-9.957224131E-03, 3.366666734E-01, 1.770241546E+02, 8.720417231E-06
      4171,-9.957224131E-03, 6.526309880E-04, 3.366666734E-01, 1.770241546E+02, 8.720417231E-06
      4172,-1.946726232E-03,-9.786853567E-03, 3.433333337E-01, 1.726082700E+02, 8.720417231E-06
      4173,-9.957224131E-03,-6.526309880E-04, 3.433333337E-01, 1.726082535E+02, 8.720417231E-06
      4174,-3.207512433E-03,-9.449026547E-03, 3.499999940E-01, 1.681912404E+02, 8.720417231E-06
      4175,-9.786853567E-03,-1.946726232E-03, 3.499999940E-01, 1.681912190E+02, 8.720417231E-06
      4176,-4.413417075E-03,-8.949524723E-03, 3.566666842E-01, 1.637725114E+02, 8.720417231E-06
      4177,-9.449026547E-03,-3.207512433E-03, 3.566666842E-01, 1.637724795E+02, 8.720417231E-06
      4178,-5.543807056E-03,-8.296893910E-03, 3.633333445E-01, 1.593518517E+02, 8.720417231E-06
      4179,-8.949524723E-03,-4.413417075E-03, 3.633333445E-01, 1.593518232E+02, 8.720417231E-06
      4180,-6.579341367E-03,-7.502300665E-03, 3.700000048E-01, 1.549288508E+02, 8.720417231E-06
      4181,-8.296893910E-03,-5.543807521E-03, 3.700000048E-01, 1.549288389E+02, 8.720417231E-06
      4182,-7.502300665E-03,-6.579340901E-03, 3.766666651E-01, 1.505032416E+02, 8.720417231E-06
      4183,-7.502300665E-03,-6.579340901E-03, 4.833333492E-01, 7.923247689E+01, 8.720417231E-06
      4184,-5.543807521E-03, 8.296893910E-03, 2.833333313E-01, 2.123392489E+02, 8.720417231E-06
      4185,-6.579340901E-03, 7.502300665E-03, 2.899999917E-01, 2.079223145E+02, 8.720417231E-06
      4186,-7.502300665E-03, 6.579341367E-03, 2.966666818E-01, 2.035071593E+02, 8.720417231E-06
      4187,-8.296893910E-03, 5.543807056E-03, 3.033333421E-01, 1.990930899E+02, 8.720417231E-06
      4188,-8.949524723E-03, 4.413417075E-03, 3.100000024E-01, 1.946797163E+02, 8.720417231E-06
      4189,-9.449026547E-03, 3.207512433E-03, 3.166666627E-01, 1.902666093E+02, 8.720417231E-06
      4190,-9.786853567E-03, 1.946726232E-03, 3.233333230E-01, 1.858530345E+02, 8.720417231E-06
      4191, 3.207512433E-03,-9.449026547E-03, 3.100000024E-01, 1.946796601E+02, 8.720417231E-06
      4192, 1.946726232E-03,-9.786853567E-03, 3.166666627E-01, 1.902665813E+02, 8.720417231E-06
      4193, 6.526309880E-04,-9.957224131E-03, 3.233333230E-01, 1.858530231E+02, 8.720417231E-06
      4194,-6.526309880E-04,-9.957224131E-03, 3.300000131E-01, 1.814389903E+02, 8.720417231E-06
      4195,-9.957224131E-03, 6.526309880E-04, 3.300000131E-01, 1.814389903E+02, 8.720417231E-06
      4196,-1.946726232E-03,-9.786853567E-03, 3.366666734E-01, 1.770241653E+02, 8.720417231E-06
      4197,-9.957224131E-03,-6.526309880E-04, 3.366666734E-01, 1.770241546E+02, 8.720417231E-06
      4198,-3.207512433E-03,-9.449026547E-03, 3.433333337E-01, 1.726082981E+02, 8.720417231E-06
      4199,-9.786853567E-03,-1.946726232E-03, 3.433333337E-01, 1.726082700E+02, 8.720417231E-06
      4200,-4.413417075E-03,-8.949524723E-03, 3.499999940E-01, 1.681912846E+02, 8.720417231E-06
      4201,-9.449026547E-03,-3.207512433E-03, 3.499999940E-01, 1.681912404E+02, 8.720417231E-06
      4202,-5.543807056E-03,-8.296893910E-03, 3.566666842E-01, 1.637725367E+02, 8.720417231E-06
      4203,-8.949524723E-03,-4.413417075E-03, 3.566666842E-01, 1.637725114E+02, 8.720417231E-06
      4204,-6.579341367E-03,-7.502300665E-03, 3.633333445E-01, 1.593518703E+02, 8.720417231E-06
      4205,-8.296893910E-03,-5.543807521E-03, 3.633333445E-01, 1.593518517E+02, 8.720417231E-06
      4206,-7.502300665E-03,-6.579340901E-03, 3.700000048E-01, 1.549288508E+02, 8.720417231E-06
      4207,-6.579340901E-03, 7.502300665E-03, 2.833333313E-01, 2.123392880E+02, 8.720417231E-06
      4208,-7.502300665E-03, 6.579341367E-03, 2.899999917E-01, 2.079223145E+02, 8.720417231E-06
      4209,-8.296893910E-03, 5.543807056E-03, 2.966666818E-01, 2.035071175E+02, 8.720417231E-06
      4210,-8.949524723E-03, 4.413417075E-03, 3.033333421E-01, 1.990930266E+02, 8.720417231E-06
      4211,-9.449026547E-03, 3.207512433E-03, 3.100000024E-01, 1.946796601E+02, 8.720417231E-06
      4212,-9.786853567E-03, 1.946726232E-03, 3.166666627E-01, 1.902665813E+02, 8.720417231E-06
      4213,-9.957224131E-03, 6.526309880E-04, 3.233333230E-01, 1.858530231E+02, 8.720417231E-06
      4214, 3.207512433E-03,-9.449026547E-03, 3.033333421E-01, 1.990929488E+02, 8.720417231E-06
      4215, 1.946726232E-03,-9.786853567E-03, 3.100000024E-01, 1.946796116E+02, 8.720417231E-06
      4216, 6.526309880E-04,-9.957224131E-03, 3.166666627E-01, 1.902665667E+02, 8.720417231E-06
      4217,-6.526309880E-04,-9.957224131E-03, 3.233333230E-01, 1.858530231E+02, 8.720417231E-06
      4218,-1.946726232E-03,-9.786853567E-03, 3.300000131E-01, 1.814390018E+02, 8.720417231E-06
      4219,-9.957224131E-03,-6.526309880E-04, 3.300000131E-01, 1.814389903E+02, 8.720417231E-06
      4220,-3.207512433E-03,-9.449026547E-03, 3.366666734E-01, 1.770241860E+02, 8.720417231E-06
      4221,-9.786853567E-03,-1.946726232E-03, 3.366666734E-01, 1.770241653E+02, 8.720417231E-06
      4222,-4.413417075E-03,-8.949524723E-03, 3.433333337E-01, 1.726083449E+02, 8.720417231E-06
      4223,-9.449026547E-03,-3.207512433E-03, 3.433333337E-01, 1.726082981E+02, 8.720417231E-06
      4224,-5.543807056E-03,-8.296893910E-03, 3.499999940E-01, 1.681913131E+02, 8.720417231E-06
      4225,-8.949524723E-03,-4.413417075E-03, 3.499999940E-01, 1.681912846E+02, 8.720417231E-06
      4226,-6.579341367E-03,-7.502300665E-03, 3.566666842E-01, 1.637725649E+02, 8.720417231E-06
      4227,-8.296893910E-03,-5.543807521E-03, 3.566666842E-01, 1.637725367E+02, 8.720417231E-06
      4228,-7.502300665E-03,-6.579340901E-03, 3.633333445E-01, 1.593518703E+02, 8.720417231E-06
      4229,-7.502300665E-03, 6.579341367E-03, 2.833333313E-01, 2.123392880E+02, 8.720417231E-06
      4230,-8.296893910E-03, 5.543807056E-03, 2.899999917E-01, 2.079222703E+02, 8.720417231E-06
      4231,-8.949524723E-03, 4.413417075E-03, 2.966666818E-01, 2.035070516E+02, 8.720417231E-06
      4232,-9.449026547E-03, 3.207512433E-03, 3.033333421E-01, 1.990929488E+02, 8.720417231E-06
      4233,-9.786853567E-03, 1.946726232E-03, 3.100000024E-01, 1.946796116E+02, 8.720417231E-06
      4234,-9.957224131E-03, 6.526309880E-04, 3.166666627E-01, 1.902665667E+02, 8.720417231E-06
      4235,-9.957224131E-03,-6.526309880E-04, 3.233333230E-01, 1.858530231E+02, 8.720417231E-06
      4236, 1.946726232E-03,-9.786853567E-03, 3.033333421E-01, 1.990928826E+02, 8.720417231E-06
      4237, 6.526309880E-04,-9.957224131E-03, 3.100000024E-01, 1.946795846E+02, 8.720417231E-06
      4238,-6.526309880E-04,-9.957224131E-03, 3.166666627E-01, 1.902665667E+02, 8.720417231E-06
      4239,-1.946726232E-03,-9.786853567E-03, 3.233333230E-01, 1.858530345E+02, 8.720417231E-06
      4240,-3.207512433E-03,-9.449026547E-03, 3.300000131E-01, 1.814390224E+02, 8.720417231E-06
      4241,-9.786853567E-03,-1.946726232E-03, 3.300000131E-01, 1.814390018E+02, 8.720417231E-06
      4242,-4.413417075E-03,-8.949524723E-03, 3.366666734E-01, 1.770242218E+02, 8.720417231E-06
      4243,-9.449026547E-03,-3.207512433E-03, 3.366666734E-01, 1.770241860E+02, 8.720417231E-06
      4244,-5.543807056E-03,-8.296893910E-03, 3.433333337E-01, 1.726083817E+02, 8.720417231E-06
      4245,-8.949524723E-03,-4.413417075E-03, 3.433333337E-01, 1.726083449E+02, 8.720417231E-06
      4246,-6.579341367E-03,-7.502300665E-03, 3.499999940E-01, 1.681913463E+02, 8.720417231E-06
      4247,-8.296893910E-03,-5.543807521E-03, 3.499999940E-01, 1.681913131E+02, 8.720417231E-06
      4248,-7.502300665E-03,-6.579340901E-03, 3.566666842E-01, 1.637725649E+02, 8.720417231E-06
      4249,-8.296893910E-03, 5.543807056E-03, 2.833333313E-01, 2.123392489E+02, 8.720417231E-06
      4250,-8.949524723E-03, 4.413417075E-03, 2.899999917E-01, 2.079222009E+02, 8.720417231E-06
      4251,-9.449026547E-03, 3.207512433E-03, 2.966666818E-01, 2.035069610E+02, 8.720417231E-06
      4252,-9.786853567E-03, 1.946726232E-03, 3.033333421E-01, 1.990928826E+02, 8.720417231E-06
      4253,-9.957224131E-03, 6.526309880E-04, 3.100000024E-01, 1.946795846E+02, 8.720417231E-06
      4254,-9.957224131E-03,-6.526309880E-04, 3.166666627E-01, 1.902665667E+02, 8.720417231E-06
      4255,-9.786853567E-03,-1.946726232E-03, 3.233333230E-01, 1.858530345E+02, 8.720417231E-06
      4256, 6.526309880E-04,-9.957224131E-03, 3.033333421E-01, 1.990928460E+02, 8.720417231E-06
      4257,-6.526309880E-04,-9.957224131E-03, 3.100000024E-01, 1.946795846E+02, 8.720417231E-06
      4258,-1.946726232E-03,-9.786853567E-03, 3.166666627E-01, 1.902665813E+02, 8.720417231E-06
      4259,-3.207512433E-03,-9.449026547E-03, 3.233333230E-01, 1.858530555E+02, 8.720417231E-06
      4260,-4.413417075E-03,-8.949524723E-03, 3.300000131E-01, 1.814390557E+02, 8.720417231E-06
      4261,-9.449026547E-03,-3.207512433E-03, 3.300000131E-01, 1.814390224E+02, 8.720417231E-06
      4262,-5.543807056E-03,-8.296893910E-03, 3.366666734E-01, 1.770242571E+02, 8.720417231E-06
      4263,-8.949524723E-03,-4.413417075E-03, 3.366666734E-01, 1.770242218E+02, 8.720417231E-06
      4264,-6.579341367E-03,-7.502300665E-03, 3.433333337E-01, 1.726084115E+02, 8.720417231E-06
      4265,-8.296893910E-03,-5.543807521E-03, 3.433333337E-01, 1.726083817E+02, 8.720417231E-06
      4266,-7.502300665E-03,-6.579340901E-03, 3.499999940E-01, 1.681913463E+02, 8.720417231E-06
      4267,-8.949524723E-03, 4.413417075E-03, 2.833333313E-01, 2.123391755E+02, 8.720417231E-06
      4268,-9.449026547E-03, 3.207512433E-03, 2.899999917E-01, 2.079221094E+02, 8.720417231E-06
      4269,-9.957224131E-03, 6.526309880E-04, 3.033333421E-01, 1.990928460E+02, 8.720417231E-06
      4270,-9.957224131E-03,-6.526309880E-04, 3.100000024E-01, 1.946795846E+02, 8.720417231E-06
      4271,-9.786853567E-03,-1.946726232E-03, 3.166666627E-01, 1.902665813E+02, 8.720417231E-06
      4272,-9.449026547E-03,-3.207512433E-03, 3.233333230E-01, 1.858530555E+02, 8.720417231E-06
      4273,-6.526309880E-04,-9.957224131E-03, 3.033333421E-01, 1.990928460E+02, 8.720417231E-06
      4274,-1.946726232E-03,-9.786853567E-03, 3.100000024E-01, 1.946796116E+02, 8.720417231E-06
      4275,-3.207512433E-03,-9.449026547E-03, 3.166666627E-01, 1.902666093E+02, 8.720417231E-06
      4276,-4.413417075E-03,-8.949524723E-03, 3.233333230E-01, 1.858530864E+02, 8.720417231E-06
      4277,-5.543807056E-03,-8.296893910E-03, 3.300000131E-01, 1.814390834E+02, 8.720417231E-06
      4278,-8.949524723E-03,-4.413417075E-03, 3.300000131E-01, 1.814390557E+02, 8.720417231E-06
      4279,-6.579341367E-03,-7.502300665E-03, 3.366666734E-01, 1.770242799E+02, 8.720417231E-06
      4280,-8.296893910E-03,-5.543807521E-03, 3.366666734E-01, 1.770242571E+02, 8.720417231E-06
      4281,-7.502300665E-03,-6.579340901E-03, 3.433333337E-01, 1.726084115E+02, 8.720417231E-06
      4282,-8.949524723E-03, 4.413417075E-03, 2.766666710E-01, 2.167580484E+02, 8.720417231E-06
      4283,-9.449026547E-03, 3.207512433E-03, 2.833333313E-01, 2.123390985E+02, 8.720417231E-06
      4284,-9.957224131E-03,-6.526309880E-04, 3.033333421E-01, 1.990928460E+02, 8.720417231E-06
      4285,-9.786853567E-03,-1.946726232E-03, 3.100000024E-01, 1.946796116E+02, 8.720417231E-06
      4286,-9.449026547E-03,-3.207512433E-03, 3.166666627E-01, 1.902666093E+02, 8.720417231E-06
      4287,-8.949524723E-03,-4.413417075E-03, 3.233333230E-01, 1.858530864E+02, 8.720417231E-06
      4288,-3.207512433E-03,-9.449026547E-03, 3.100000024E-01, 1.946796601E+02, 8.720417231E-06
      4289,-4.413417075E-03,-8.949524723E-03, 3.166666627E-01, 1.902666434E+02, 8.720417231E-06
      4290,-5.543807056E-03,-8.296893910E-03, 3.233333230E-01, 1.858531113E+02, 8.720417231E-06
      4291,-6.579341367E-03,-7.502300665E-03, 3.300000131E-01, 1.814391065E+02, 8.720417231E-06
      4292,-8.296893910E-03,-5.543807521E-03, 3.300000131E-01, 1.814390834E+02, 8.720417231E-06
      4293,-7.502300665E-03,-6.579340901E-03, 3.366666734E-01, 1.770242799E+02, 8.720417231E-06
      4294,-9.449026547E-03, 3.207512433E-03, 2.766666710E-01, 2.167579952E+02, 8.720417231E-06
      4295,-9.786853567E-03, 1.946726232E-03, 2.833333313E-01, 2.123390371E+02, 8.720417231E-06
      4296,-9.957224131E-03,-6.526309880E-04, 2.966666818E-01, 2.035068530E+02, 8.720417231E-06
      4297,-9.786853567E-03,-1.946726232E-03, 3.033333421E-01, 1.990928826E+02, 8.720417231E-06
      4298,-9.449026547E-03,-3.207512433E-03, 3.100000024E-01, 1.946796601E+02, 8.720417231E-06
      4299,-8.949524723E-03,-4.413417075E-03, 3.166666627E-01, 1.902666434E+02, 8.720417231E-06
      4300,-8.296893910E-03,-5.543807521E-03, 3.233333230E-01, 1.858531113E+02, 8.720417231E-06
      4301,-4.413417075E-03,-8.949524723E-03, 3.100000024E-01, 1.946797163E+02, 8.720417231E-06
      4302,-5.543807056E-03,-8.296893910E-03, 3.166666627E-01, 1.902666738E+02, 8.720417231E-06
      4303,-6.579341367E-03,-7.502300665E-03, 3.233333230E-01, 1.858531311E+02, 8.720417231E-06
      4304,-7.502300665E-03,-6.579340901E-03, 3.300000131E-01, 1.814391065E+02, 8.720417231E-06
      4305,-9.786853567E-03, 1.946726232E-03, 2.766666710E-01, 2.167579463E+02, 8.720417231E-06
      4306,-9.786853567E-03,-1.946726232E-03, 2.966666818E-01, 2.035068937E+02, 8.720417231E-06
      4307,-9.449026547E-03,-3.207512433E-03, 3.033333421E-01, 1.990929488E+02, 8.720417231E-06
      4308,-8.949524723E-03,-4.413417075E-03, 3.100000024E-01, 1.946797163E+02, 8.720417231E-06
      4309,-8.296893910E-03,-5.543807521E-03, 3.166666627E-01, 1.902666738E+02, 8.720417231E-06
      4310,-7.502300665E-03,-6.579340901E-03, 3.233333230E-01, 1.858531311E+02, 8.720417231E-06
      4311,-5.543807056E-03,-8.296893910E-03, 3.100000024E-01, 1.946797646E+02, 8.720417231E-06
      4312,-6.579341367E-03,-7.502300665E-03, 3.166666627E-01, 1.902666879E+02, 8.720417231E-06
      4313,-8.949524723E-03,-4.413417075E-03, 3.033333421E-01, 1.990930266E+02, 8.720417231E-06
      4314,-8.296893910E-03,-5.543807521E-03, 3.100000024E-01, 1.946797646E+02, 8.720417231E-06
      4315,-7.502300665E-03,-6.579340901E-03, 3.166666627E-01, 1.902666879E+02, 8.720417231E-06
      4316,-6.579341367E-03,-7.502300665E-03, 3.100000024E-01, 1.946797903E+02, 8.720417231E-06
      4317,-8.296893910E-03,-5.543807521E-03, 3.033333421E-01, 1.990930899E+02, 8.720417231E-06
      4318,-7.502300665E-03,-6.579340901E-03, 3.100000024E-01, 1.946797903E+02, 8.720417231E-06
      4319,-6.579341367E-03,-7.502300665E-03, 3.033333421E-01, 1.990931249E+02, 8.720417231E-06
      4320,-7.502300665E-03,-6.579340901E-03, 3.033333421E-01, 1.990931249E+02, 8.720417231E-06
