cellnumber,    x-coordinate,    y-coordinate,    z-coordinate,    x-coordinate,    y-coordinate,    z-coordinate,face-area-magnitude,        pressure,  total-pressure,     temperature,         density,      z-velocity,velocity-magnitude,        enthalpy
         1,-4.139064346E-03,-3.793852869E-03, 0.000000000E+00,-4.143082005E-03,-3.796696575E-03, 2.222222222E-03, 2.825767157E-07, 4.357222283E+02, 7.675566667E+02, 3.000000000E+02, 1.176655108E+00, 2.350000000E+01, 2.350000000E+01, 1.862915775E+03
         2,-4.159469623E-03,-4.538213834E-03, 0.000000000E+00,-4.161333101E-03,-4.541160907E-03, 2.222222222E-03, 2.721360284E-07, 4.366922857E+02, 7.693408062E+02, 3.000000000E+02, 1.176655108E+00, 2.350000000E+01, 2.350000000E+01, 1.862915775E+03
         3,-3.733822377E-03,-3.733822377E-03, 0.000000000E+00,-3.731183065E-03,-3.731183065E-03, 2.222222222E-03, 7.611750188E-08, 4.351855792E+02, 7.663339447E+02, 3.000000000E+02, 1.176655108E+00, 2.350000000E+01, 2.350000000E+01, 1.862915775E+03
         4,-3.793852869E-03,-4.139064346E-03, 0.000000000E+00,-3.796696575E-03,-4.143082005E-03, 2.222222222E-03, 2.825767157E-07, 4.357222283E+02, 7.675566667E+02, 3.000000000E+02, 1.176655108E+00, 2.350000000E+01, 2.350000000E+01, 1.862915775E+03
         5,-4.398862831E-03,-3.378110006E-03, 0.000000000E+00,-4.403674364E-03,-3.379742963E-03, 2.222222222E-03, 2.835223820E-07, 4.356651022E+02, 7.674206815E+02, 3.000000000E+02, 1.176655108E+00, 2.350000000E+01, 2.350000000E+01, 1.862915775E+03
         6,-4.538213834E-03,-4.159470089E-03, 0.000000000E+00,-4.541160907E-03,-4.161333101E-03, 2.222222222E-03, 2.721360284E-07, 4.366922857E+02, 7.693408062E+02, 3.000000000E+02, 1.176655108E+00, 2.350000000E+01, 2.350000000E+01, 1.862915775E+03
         7,-3.712565172E-03,-4.835175816E-03, 0.000000000E+00,-3.713306316E-03,-4.838823722E-03, 2.222222222E-03, 2.737180629E-07, 4.366039571E+02, 7.691718664E+02, 3.000000000E+02, 1.176655108E+00, 2.350000000E+01, 2.350000000E+01, 1.862915775E+03
         8,-4.480618052E-03,-4.888815805E-03, 0.000000000E+00,-4.481821328E-03,-4.891042482E-03, 2.222222222E-03, 2.574986739E-07, 4.376018044E+02, 7.710366828E+02, 3.000000000E+02, 1.176655108E+00, 2.350000000E+01, 2.350000000E+01, 1.862915775E+03
         9,-3.318832489E-03,-3.960501868E-03, 0.000000000E+00,-3.317309541E-03,-3.957720552E-03, 2.222222222E-03, 1.394594593E-07, 4.351142740E+02, 7.661254735E+02, 3.000000000E+02, 1.176655108E+00, 2.350000000E+01, 2.350000000E+01, 1.862915775E+03
        10,-3.960501868E-03,-3.318832489E-03, 0.000000000E+00,-3.957720552E-03,-3.317309541E-03, 2.222222222E-03, 1.394594593E-07, 4.351142740E+02, 7.661254735E+02, 3.000000000E+02, 1.176655108E+00, 2.350000000E+01, 2.350000000E+01, 1.862915775E+03
        11,-3.378110006E-03,-4.398863297E-03, 0.000000000E+00,-3.379742963E-03,-4.403674364E-03, 2.222222222E-03, 2.835223820E-07, 4.356651022E+02, 7.674206815E+02, 3.000000000E+02, 1.176655108E+00, 2.350000000E+01, 2.350000000E+01, 1.862915775E+03
        12,-4.577010870E-03,-2.919380320E-03, 0.000000000E+00,-4.582323631E-03,-2.920204051E-03, 2.222222222E-03, 2.848773439E-07, 4.354922664E+02, 7.671263201E+02, 3.000000000E+02, 1.176655108E+00, 2.350000000E+01, 2.350000000E+01, 1.862915775E+03
        13,-4.835175816E-03,-3.712565172E-03, 0.000000000E+00,-4.838823722E-03,-3.713306316E-03, 2.222222222E-03, 2.737180629E-07, 4.366039571E+02, 7.691718664E+02, 3.000000000E+02, 1.176655108E+00, 2.350000000E+01, 2.350000000E+01, 1.862915775E+03
        14,-4.888815805E-03,-4.480618052E-03, 0.000000000E+00,-4.891042482E-03,-4.481821328E-03, 2.222222222E-03, 2.574986739E-07, 4.376018044E+02, 7.710366828E+02, 3.000000000E+02, 1.176655108E+00, 2.350000000E+01, 2.350000000E+01, 1.862915775E+03
        15,-3.222265514E-03,-5.053125322E-03, 0.000000000E+00,-3.222262295E-03,-5.057138440E-03, 2.222222222E-03, 2.762282792E-07, 4.364343877E+02, 7.688708563E+02, 3.000000000E+02, 1.176655108E+00, 2.350000000E+01, 2.350000000E+01, 1.862915775E+03
        16,-4.006342031E-03,-5.218421575E-03, 0.000000000E+00,-4.006487191E-03,-5.221292205E-03, 2.222222222E-03, 2.594680177E-07, 4.375067916E+02, 7.708661994E+02, 3.000000000E+02, 1.176655108E+00, 2.350000000E+01, 2.350000000E+01, 1.862915775E+03
        17,-4.762706812E-03,-5.196776241E-03, 0.000000000E+00,-4.763453410E-03,-5.198504248E-03, 2.222222222E-03, 2.404239469E-07, 4.384955344E+02, 7.726785228E+02, 3.000000000E+02, 1.176655108E+00, 2.350000000E+01, 2.350000000E+01, 1.862915775E+03
        18,-2.861072775E-03,-4.108740017E-03, 0.000000000E+00,-2.860492901E-03,-4.105989551E-03, 2.222222222E-03, 1.792225684E-07, 4.348770368E+02, 7.657542470E+02, 3.000000000E+02, 1.176655108E+00, 2.350000000E+01, 2.350000000E+01, 1.862915775E+03
        19,-3.518843791E-03,-3.518843791E-03, 0.000000000E+00,-3.517038449E-03,-3.517038449E-03, 2.222222222E-03, 1.955952590E-07, 4.349252956E+02, 7.655207483E+02, 3.000000000E+02, 1.176655108E+00, 2.350000000E+01, 2.350000000E+01, 1.862915775E+03
        20,-4.108740017E-03,-2.861072775E-03, 0.000000000E+00,-4.105989551E-03,-2.860492901E-03, 2.222222222E-03, 1.792225684E-07, 4.348770368E+02, 7.657542470E+02, 3.000000000E+02, 1.176655108E+00, 2.350000000E+01, 2.350000000E+01, 1.862915775E+03
        21,-2.919380553E-03,-4.577010870E-03, 0.000000000E+00,-2.920204051E-03,-4.582323631E-03, 2.222222222E-03, 2.848773439E-07, 4.354922664E+02, 7.671263201E+02, 3.000000000E+02, 1.176655108E+00, 2.350000000E+01, 2.350000000E+01, 1.862915775E+03
        22,-4.690376576E-03,-2.445182297E-03, 0.000000000E+00,-4.696146722E-03,-2.445683699E-03, 2.222222222E-03, 2.860499029E-07, 4.352926492E+02, 7.667774444E+02, 3.000000000E+02, 1.176655108E+00, 2.350000000E+01, 2.350000000E+01, 1.862915775E+03
        23,-5.053125322E-03,-3.222265746E-03, 0.000000000E+00,-5.057138440E-03,-3.222262295E-03, 2.222222222E-03, 2.762282792E-07, 4.364343877E+02, 7.688708563E+02, 3.000000000E+02, 1.176655108E+00, 2.350000000E+01, 2.350000000E+01, 1.862915775E+03
        24,-5.218421575E-03,-4.006342031E-03, 0.000000000E+00,-5.221292205E-03,-4.006487191E-03, 2.222222222E-03, 2.594680177E-07, 4.375067916E+02, 7.708661994E+02, 3.000000000E+02, 1.176655108E+00, 2.350000000E+01, 2.350000000E+01, 1.862915775E+03
        25,-5.196776241E-03,-4.762706812E-03, 0.000000000E+00,-5.198504248E-03,-4.763453410E-03, 2.222222222E-03, 2.404239469E-07, 4.384955344E+02, 7.726785228E+02, 3.000000000E+02, 1.176655108E+00, 2.350000000E+01, 2.350000000E+01, 1.862915775E+03
        26,-2.713357564E-03,-5.206373986E-03, 0.000000000E+00,-2.713076960E-03,-5.210640046E-03, 2.222222222E-03, 2.788702372E-07, 4.362355874E+02, 7.685152165E+02, 3.000000000E+02, 1.176655108E+00, 2.350000000E+01, 2.350000000E+01, 1.862915775E+03
        27,-3.488312243E-03,-5.471332464E-03, 0.000000000E+00,-3.487761871E-03,-5.474485534E-03, 2.222222222E-03, 2.626914029E-07, 4.373411188E+02, 7.705723199E+02, 3.000000000E+02, 1.176655108E+00, 2.350000000E+01, 2.350000000E+01, 1.862915775E+03
        28,-4.264388233E-03,-5.555055104E-03, 0.000000000E+00,-4.264124262E-03,-5.557392094E-03, 2.222222222E-03, 2.426010502E-07, 4.384042896E+02, 7.725191834E+02, 3.000000000E+02, 1.176655108E+00, 2.350000000E+01, 2.350000000E+01, 1.862915775E+03
        29,-5.010486115E-03,-5.467280280E-03, 0.000000000E+00,-5.010910873E-03,-5.468657095E-03, 2.222222222E-03, 2.221718515E-07, 4.393605905E+02, 7.742356111E+02, 3.000000000E+02, 1.176655108E+00, 2.350000000E+01, 2.350000000E+01, 1.862915775E+03
        30,-2.389516216E-03,-4.195754416E-03, 0.000000000E+00,-2.389561774E-03,-4.193066099E-03, 2.222222222E-03, 1.968936448E-07, 4.346425589E+02, 7.653629562E+02, 3.000000000E+02, 1.176655108E+00, 2.350000000E+01, 2.350000000E+01, 1.862915775E+03
        31,-3.034415655E-03,-3.649641993E-03, 0.000000000E+00,-3.033474043E-03,-3.647745672E-03, 2.222222222E-03, 2.292160545E-07, 4.346001793E+02, 7.649583031E+02, 3.000000000E+02, 1.176655108E+00, 2.350000000E+01, 2.350000000E+01, 1.862915775E+03
        32,-3.649641993E-03,-3.034415655E-03, 0.000000000E+00,-3.647745672E-03,-3.033474043E-03, 2.222222222E-03, 2.292160545E-07, 4.346001793E+02, 7.649583031E+02, 3.000000000E+02, 1.176655108E+00, 2.350000000E+01, 2.350000000E+01, 1.862915775E+03
        33,-4.195754416E-03,-2.389516216E-03, 0.000000000E+00,-4.193066099E-03,-2.389561774E-03, 2.222222222E-03, 1.968936448E-07, 4.346425589E+02, 7.653629562E+02, 3.000000000E+02, 1.176655108E+00, 2.350000000E+01, 2.350000000E+01, 1.862915775E+03
        34,-2.445182297E-03,-4.690376110E-03, 0.000000000E+00,-2.445683699E-03,-4.696146722E-03, 2.222222222E-03, 2.860499029E-07, 4.352926492E+02, 7.667774444E+02, 3.000000000E+02, 1.176655108E+00, 2.350000000E+01, 2.350000000E+01, 1.862915775E+03
        35,-4.758850671E-03,-1.974285115E-03, 0.000000000E+00,-4.765141668E-03,-1.974750169E-03, 2.222222222E-03, 2.867530946E-07, 4.350983833E+02, 7.664361811E+02, 3.000000000E+02, 1.176655108E+00, 2.350000000E+01, 2.350000000E+01, 1.862915775E+03
        36,-5.206374452E-03,-2.713357564E-03, 0.000000000E+00,-5.210640046E-03,-2.713076960E-03, 2.222222222E-03, 2.788702372E-07, 4.362355874E+02, 7.685152165E+02, 3.000000000E+02, 1.176655108E+00, 2.350000000E+01, 2.350000000E+01, 1.862915775E+03
        37,-5.471332464E-03,-3.488312243E-03, 0.000000000E+00,-5.474485534E-03,-3.487761871E-03, 2.222222222E-03, 2.626914029E-07, 4.373411188E+02, 7.705723199E+02, 3.000000000E+02, 1.176655108E+00, 2.350000000E+01, 2.350000000E+01, 1.862915775E+03
        38,-5.555055104E-03,-4.264388233E-03, 0.000000000E+00,-5.557392094E-03,-4.264124262E-03, 2.222222222E-03, 2.426010502E-07, 4.384042896E+02, 7.725191834E+02, 3.000000000E+02, 1.176655108E+00, 2.350000000E+01, 2.350000000E+01, 1.862915775E+03
        39,-5.467280746E-03,-5.010486115E-03, 0.000000000E+00,-5.468657095E-03,-5.010910873E-03, 2.222222222E-03, 2.221718515E-07, 4.393605905E+02, 7.742356111E+02, 3.000000000E+02, 1.176655108E+00, 2.350000000E+01, 2.350000000E+01, 1.862915775E+03
        40,-2.202998847E-03,-5.311942659E-03, 0.000000000E+00,-2.202736833E-03,-5.316474341E-03, 2.222222222E-03, 2.811262393E-07, 4.360425265E+02, 7.681642254E+02, 3.000000000E+02, 1.176655108E+00, 2.350000000E+01, 2.350000000E+01, 1.862915775E+03
        41,-2.948915819E-03,-5.659613758E-03, 0.000000000E+00,-2.948122221E-03,-5.662892348E-03, 2.222222222E-03, 2.662557657E-07, 4.371472224E+02, 7.702257846E+02, 3.000000000E+02, 1.176655108E+00, 2.350000000E+01, 2.350000000E+01, 1.862915775E+03
        42,-3.722000867E-03,-5.838674959E-03, 0.000000000E+00,-3.721078404E-03,-5.841243096E-03, 2.222222222E-03, 2.462181855E-07, 4.382453344E+02, 7.722426890E+02, 3.000000000E+02, 1.176655108E+00, 2.350000000E+01, 2.350000000E+01, 1.862915775E+03
        43,-4.491048865E-03,-5.850745365E-03, 0.000000000E+00,-4.490499086E-03,-5.852708887E-03, 2.222222222E-03, 2.244292601E-07, 4.392752103E+02, 7.740909632E+02, 3.000000000E+02, 1.176655108E+00, 2.350000000E+01, 2.350000000E+01, 1.862915775E+03
        44,-5.228129216E-03,-5.704884883E-03, 0.000000000E+00,-5.228323446E-03,-5.706009505E-03, 2.222222222E-03, 2.036290103E-07, 4.401878074E+02, 7.756760564E+02, 3.000000000E+02, 1.176655108E+00, 2.350000000E+01, 2.350000000E+01, 1.862915775E+03
        45,-1.923790085E-03,-4.241774324E-03, 0.000000000E+00,-1.924159478E-03,-4.239099088E-03, 2.222222222E-03, 2.002059256E-07, 4.344262517E+02, 7.650022036E+02, 3.000000000E+02, 1.176655108E+00, 2.350000000E+01, 2.350000000E+01, 1.862915775E+03
        46,-2.536191139E-03,-3.726419294E-03, 0.000000000E+00,-2.535846315E-03,-3.724506962E-03, 2.222222222E-03, 2.423111697E-07, 4.342954460E+02, 7.644530855E+02, 3.000000000E+02, 1.176655108E+00, 2.350000000E+01, 2.350000000E+01, 1.862915775E+03
        47,-3.147774376E-03,-3.147774376E-03, 0.000000000E+00,-3.146672839E-03,-3.146672839E-03, 2.222222222E-03, 2.579847604E-07, 4.342248901E+02, 7.642692906E+02, 3.000000000E+02, 1.176655108E+00, 2.350000000E+01, 2.350000000E+01, 1.862915775E+03
        48,-3.726419527E-03,-2.536191139E-03, 0.000000000E+00,-3.724506962E-03,-2.535846315E-03, 2.222222222E-03, 2.423111697E-07, 4.342954460E+02, 7.644530855E+02, 3.000000000E+02, 1.176655108E+00, 2.350000000E+01, 2.350000000E+01, 1.862915775E+03
        49,-4.241774324E-03,-1.923790085E-03, 0.000000000E+00,-4.239099088E-03,-1.924159478E-03, 2.222222222E-03, 2.002059256E-07, 4.344262517E+02, 7.650022036E+02, 3.000000000E+02, 1.176655108E+00, 2.350000000E+01, 2.350000000E+01, 1.862915775E+03
        50,-1.974285115E-03,-4.758851137E-03, 0.000000000E+00,-1.974750169E-03,-4.765141668E-03, 2.222222222E-03, 2.867530946E-07, 4.350983833E+02, 7.664361811E+02, 3.000000000E+02, 1.176655108E+00, 2.350000000E+01, 2.350000000E+01, 1.862915775E+03
        51,-4.798797891E-03,-1.515527954E-03, 0.000000000E+00,-4.805636929E-03,-1.516020112E-03, 2.222222222E-03, 2.870042210E-07, 4.349346361E+02, 7.661447208E+02, 3.000000000E+02, 1.176655108E+00, 2.350000000E+01, 2.350000000E+01, 1.862915775E+03
        52,-5.311942194E-03,-2.202999080E-03, 0.000000000E+00,-5.316474341E-03,-2.202736833E-03, 2.222222222E-03, 2.811262393E-07, 4.360425265E+02, 7.681642254E+02, 3.000000000E+02, 1.176655108E+00, 2.350000000E+01, 2.350000000E+01, 1.862915775E+03
        53,-5.659613758E-03,-2.948915819E-03, 0.000000000E+00,-5.662892348E-03,-2.948122221E-03, 2.222222222E-03, 2.662557657E-07, 4.371472224E+02, 7.702257846E+02, 3.000000000E+02, 1.176655108E+00, 2.350000000E+01, 2.350000000E+01, 1.862915775E+03
        54,-5.838674959E-03,-3.722000867E-03, 0.000000000E+00,-5.841243096E-03,-3.721078404E-03, 2.222222222E-03, 2.462181855E-07, 4.382453344E+02, 7.722426890E+02, 3.000000000E+02, 1.176655108E+00, 2.350000000E+01, 2.350000000E+01, 1.862915775E+03
        55,-5.850745365E-03,-4.491048865E-03, 0.000000000E+00,-5.852708887E-03,-4.490499086E-03, 2.222222222E-03, 2.244292601E-07, 4.392752103E+02, 7.740909632E+02, 3.000000000E+02, 1.176655108E+00, 2.350000000E+01, 2.350000000E+01, 1.862915775E+03
        56,-5.704884883E-03,-5.228129216E-03, 0.000000000E+00,-5.706009505E-03,-5.228323446E-03, 2.222222222E-03, 2.036290103E-07, 4.401878074E+02, 7.756760564E+02, 3.000000000E+02, 1.176655108E+00, 2.350000000E+01, 2.350000000E+01, 1.862915775E+03
        57,-1.699679531E-03,-5.383822136E-03, 0.000000000E+00,-1.699535399E-03,-5.388639907E-03, 2.222222222E-03, 2.828141089E-07, 4.358784068E+02, 7.678587196E+02, 3.000000000E+02, 1.176655108E+00, 2.350000000E+01, 2.350000000E+01, 1.862915775E+03
        58,-2.403895603E-03,-5.797763821E-03, 0.000000000E+00,-2.403159169E-03,-5.801149103E-03, 2.222222222E-03, 2.695014251E-07, 4.369590798E+02, 7.698813370E+02, 3.000000000E+02, 1.176655108E+00, 2.350000000E+01, 2.350000000E+01, 1.862915775E+03
        59,-3.155824263E-03,-6.057727616E-03, 0.000000000E+00,-3.154683853E-03,-6.060339092E-03, 2.222222222E-03, 2.503086236E-07, 4.380595969E+02, 7.719174966E+02, 3.000000000E+02, 1.176655108E+00, 2.350000000E+01, 2.350000000E+01, 1.862915775E+03
        60,-3.927266691E-03,-6.161339115E-03, 0.000000000E+00,-3.926086345E-03,-6.163501496E-03, 2.222222222E-03, 2.282127337E-07, 4.391257728E+02, 7.738388683E+02, 3.000000000E+02, 1.176655108E+00, 2.350000000E+01, 2.350000000E+01, 1.862915775E+03
        61,-4.690142348E-03,-6.110472139E-03, 0.000000000E+00,-4.689389055E-03,-6.112170370E-03, 2.222222222E-03, 2.058781169E-07, 4.401088640E+02, 7.755473831E+02, 3.000000000E+02, 1.176655108E+00, 2.350000000E+01, 2.350000000E+01, 1.862915775E+03
        62,-5.419301335E-03,-5.913589615E-03, 0.000000000E+00,-5.419328527E-03,-5.914532479E-03, 2.222222222E-03, 1.854043685E-07, 4.409711035E+02, 7.769743046E+02, 3.000000000E+02, 1.176655108E+00, 2.350000000E+01, 2.350000000E+01, 1.862915775E+03
        63,-1.472919947E-03,-4.263445735E-03, 0.000000000E+00,-1.473390420E-03,-4.260728263E-03, 2.222222222E-03, 1.966541805E-07, 4.342506388E+02, 7.647051498E+02, 3.000000000E+02, 1.176655108E+00, 2.350000000E+01, 2.350000000E+01, 1.862915775E+03
        64,-2.043796936E-03,-3.767025191E-03, 0.000000000E+00,-2.043787620E-03,-3.765092992E-03, 2.222222222E-03, 2.424723654E-07, 4.340324853E+02, 7.640384697E+02, 3.000000000E+02, 1.176655108E+00, 2.350000000E+01, 2.350000000E+01, 1.862915775E+03
        65,-2.632109914E-03,-3.214314813E-03, 0.000000000E+00,-2.631576995E-03,-3.213157175E-03, 2.222222222E-03, 2.677648533E-07, 4.338817728E+02, 7.637020431E+02, 3.000000000E+02, 1.176655108E+00, 2.350000000E+01, 2.350000000E+01, 1.862915775E+03
        66,-3.214314813E-03,-2.632109914E-03, 0.000000000E+00,-3.213157175E-03,-2.631576995E-03, 2.222222222E-03, 2.677648533E-07, 4.338817728E+02, 7.637020431E+02, 3.000000000E+02, 1.176655108E+00, 2.350000000E+01, 2.350000000E+01, 1.862915775E+03
        67,-3.767024959E-03,-2.043796936E-03, 0.000000000E+00,-3.765092992E-03,-2.043787620E-03, 2.222222222E-03, 2.424723654E-07, 4.340324853E+02, 7.640384697E+02, 3.000000000E+02, 1.176655108E+00, 2.350000000E+01, 2.350000000E+01, 1.862915775E+03
        68,-4.263445735E-03,-1.472919947E-03, 0.000000000E+00,-4.260728263E-03,-1.473390420E-03, 2.222222222E-03, 1.966541805E-07, 4.342506388E+02, 7.647051498E+02, 3.000000000E+02, 1.176655108E+00, 2.350000000E+01, 2.350000000E+01, 1.862915775E+03
        69,-1.515527954E-03,-4.798797425E-03, 0.000000000E+00,-1.516020112E-03,-4.805636929E-03, 2.222222222E-03, 2.870042210E-07, 4.349346361E+02, 7.661447208E+02, 3.000000000E+02, 1.176655108E+00, 2.350000000E+01, 2.350000000E+01, 1.862915775E+03
        70,-4.821386654E-03,-1.070645521E-03, 0.000000000E+00,-4.828721663E-03,-1.071102392E-03, 2.222222222E-03, 2.869679761E-07, 4.348099876E+02, 7.659217612E+02, 3.000000000E+02, 1.176655108E+00, 2.350000000E+01, 2.350000000E+01, 1.862915775E+03
        71,-5.383822136E-03,-1.699679648E-03, 0.000000000E+00,-5.388639907E-03,-1.699535399E-03, 2.222222222E-03, 2.828141089E-07, 4.358784068E+02, 7.678587196E+02, 3.000000000E+02, 1.176655108E+00, 2.350000000E+01, 2.350000000E+01, 1.862915775E+03
        72,-5.797763821E-03,-2.403895603E-03, 0.000000000E+00,-5.801149103E-03,-2.403159169E-03, 2.222222222E-03, 2.695014251E-07, 4.369590798E+02, 7.698813370E+02, 3.000000000E+02, 1.176655108E+00, 2.350000000E+01, 2.350000000E+01, 1.862915775E+03
        73,-6.057727616E-03,-3.155824263E-03, 0.000000000E+00,-6.060339092E-03,-3.154683853E-03, 2.222222222E-03, 2.503086236E-07, 4.380595969E+02, 7.719174966E+02, 3.000000000E+02, 1.176655108E+00, 2.350000000E+01, 2.350000000E+01, 1.862915775E+03
        74,-6.161339115E-03,-3.927267157E-03, 0.000000000E+00,-6.163501496E-03,-3.926086345E-03, 2.222222222E-03, 2.282127337E-07, 4.391257728E+02, 7.738388683E+02, 3.000000000E+02, 1.176655108E+00, 2.350000000E+01, 2.350000000E+01, 1.862915775E+03
        75,-6.110472139E-03,-4.690142348E-03, 0.000000000E+00,-6.112170370E-03,-4.689389055E-03, 2.222222222E-03, 2.058781169E-07, 4.401088640E+02, 7.755473831E+02, 3.000000000E+02, 1.176655108E+00, 2.350000000E+01, 2.350000000E+01, 1.862915775E+03
        76,-5.913590081E-03,-5.419301335E-03, 0.000000000E+00,-5.914532479E-03,-5.419328527E-03, 2.222222222E-03, 1.854043685E-07, 4.409711035E+02, 7.769743046E+02, 3.000000000E+02, 1.176655108E+00, 2.350000000E+01, 2.350000000E+01, 1.862915775E+03
        77,-1.205690089E-03,-5.431521218E-03, 0.000000000E+00,-1.205648437E-03,-5.436603538E-03, 2.222222222E-03, 2.839547163E-07, 4.357527543E+02, 7.676210565E+02, 3.000000000E+02, 1.176655108E+00, 2.350000000E+01, 2.350000000E+01, 1.862915775E+03
        78,-1.861433731E-03,-5.897692870E-03, 0.000000000E+00,-1.860876737E-03,-5.901199280E-03, 2.222222222E-03, 2.721160792E-07, 4.367984543E+02, 7.695762455E+02, 3.000000000E+02, 1.176655108E+00, 2.350000000E+01, 2.350000000E+01, 1.862915775E+03
        79,-2.580357948E-03,-6.224497221E-03, 0.000000000E+00,-2.579302182E-03,-6.227109976E-03, 2.222222222E-03, 2.541347910E-07, 4.378795807E+02, 7.715933647E+02, 3.000000000E+02, 1.176655108E+00, 2.350000000E+01, 2.350000000E+01, 1.862915775E+03
        80,-3.337567206E-03,-6.407421082E-03, 0.000000000E+00,-3.336187450E-03,-6.409571486E-03, 2.222222222E-03, 2.325460358E-07, 4.389516637E+02, 7.735436930E+02, 3.000000000E+02, 1.176655108E+00, 2.350000000E+01, 2.350000000E+01, 1.862915775E+03
        81,-4.107567482E-03,-6.444759201E-03, 0.000000000E+00,-4.106205060E-03,-6.446635742E-03, 2.222222222E-03, 2.096691893E-07, 4.399708600E+02, 7.753243922E+02, 3.000000000E+02, 1.176655108E+00, 2.350000000E+01, 2.350000000E+01, 1.862915775E+03
        82,-4.865020979E-03,-6.338609383E-03, 0.000000000E+00,-4.864121451E-03,-6.340117144E-03, 2.222222222E-03, 1.875853542E-07, 4.408964057E+02, 7.768619465E+02, 3.000000000E+02, 1.176655108E+00, 2.350000000E+01, 2.350000000E+01, 1.862915775E+03
        83,-5.587222055E-03,-6.096911617E-03, 0.000000000E+00,-5.587127024E-03,-6.097720495E-03, 2.222222222E-03, 1.679017680E-07, 4.417035626E+02, 7.781063764E+02, 3.000000000E+02, 1.176655108E+00, 2.350000000E+01, 2.350000000E+01, 1.862915775E+03
        84,-1.038343762E-03,-4.272154532E-03, 0.000000000E+00,-1.038768335E-03,-4.269366528E-03, 2.222222222E-03, 1.911975403E-07, 4.341191243E+02, 7.644824155E+02, 3.000000000E+02, 1.176655108E+00, 2.350000000E+01, 2.350000000E+01, 1.862915775E+03
        85,-1.566258608E-03,-3.786147106E-03, 0.000000000E+00,-1.566395273E-03,-3.784172611E-03, 2.222222222E-03, 2.368408095E-07, 4.338252505E+02, 7.637153473E+02, 3.000000000E+02, 1.176655108E+00, 2.350000000E+01, 2.350000000E+01, 1.862915775E+03
        86,-2.122275764E-03,-3.249506233E-03, 0.000000000E+00,-2.122078408E-03,-3.248319063E-03, 2.222222222E-03, 2.658579936E-07, 4.335913544E+02, 7.632478534E+02, 3.000000000E+02, 1.176655108E+00, 2.350000000E+01, 2.350000000E+01, 1.862915775E+03
        87,-2.688413253E-03,-2.688413253E-03, 0.000000000E+00,-2.687808566E-03,-2.687808566E-03, 2.222222222E-03, 2.755347535E-07, 4.335155401E+02, 7.630624912E+02, 3.000000000E+02, 1.176655108E+00, 2.350000000E+01, 2.350000000E+01, 1.862915775E+03
        88,-3.249506233E-03,-2.122275997E-03, 0.000000000E+00,-3.248319063E-03,-2.122078408E-03, 2.222222222E-03, 2.658579936E-07, 4.335913544E+02, 7.632478534E+02, 3.000000000E+02, 1.176655108E+00, 2.350000000E+01, 2.350000000E+01, 1.862915775E+03
        89,-3.786146874E-03,-1.566258608E-03, 0.000000000E+00,-3.784172611E-03,-1.566395273E-03, 2.222222222E-03, 2.368408095E-07, 4.338252505E+02, 7.637153473E+02, 3.000000000E+02, 1.176655108E+00, 2.350000000E+01, 2.350000000E+01, 1.862915775E+03
        90,-4.272154998E-03,-1.038343762E-03, 0.000000000E+00,-4.269366528E-03,-1.038768335E-03, 2.222222222E-03, 1.911975403E-07, 4.341191243E+02, 7.644824155E+02, 3.000000000E+02, 1.176655108E+00, 2.350000000E+01, 2.350000000E+01, 1.862915775E+03
        91,-1.070645638E-03,-4.821386654E-03, 0.000000000E+00,-1.071102392E-03,-4.828721663E-03, 2.222222222E-03, 2.869679761E-07, 4.348099876E+02, 7.659217612E+02, 3.000000000E+02, 1.176655108E+00, 2.350000000E+01, 2.350000000E+01, 1.862915775E+03
        92,-4.833418410E-03,-6.373882061E-04, 0.000000000E+00,-4.841123833E-03,-6.377131642E-04, 2.222222222E-03, 2.868276260E-07, 4.347271429E+02, 7.657734709E+02, 3.000000000E+02, 1.176655108E+00, 2.350000000E+01, 2.350000000E+01, 1.862915775E+03
        93,-5.431521218E-03,-1.205690205E-03, 0.000000000E+00,-5.436603538E-03,-1.205648437E-03, 2.222222222E-03, 2.839547163E-07, 4.357527543E+02, 7.676210565E+02, 3.000000000E+02, 1.176655108E+00, 2.350000000E+01, 2.350000000E+01, 1.862915775E+03
        94,-5.897692870E-03,-1.861433731E-03, 0.000000000E+00,-5.901199280E-03,-1.860876737E-03, 2.222222222E-03, 2.721160792E-07, 4.367984543E+02, 7.695762455E+02, 3.000000000E+02, 1.176655108E+00, 2.350000000E+01, 2.350000000E+01, 1.862915775E+03
        95,-6.224496756E-03,-2.580357948E-03, 0.000000000E+00,-6.227109976E-03,-2.579302182E-03, 2.222222222E-03, 2.541347910E-07, 4.378795807E+02, 7.715933647E+02, 3.000000000E+02, 1.176655108E+00, 2.350000000E+01, 2.350000000E+01, 1.862915775E+03
        96,-6.407420617E-03,-3.337567439E-03, 0.000000000E+00,-6.409571486E-03,-3.336187450E-03, 2.222222222E-03, 2.325460358E-07, 4.389516637E+02, 7.735436930E+02, 3.000000000E+02, 1.176655108E+00, 2.350000000E+01, 2.350000000E+01, 1.862915775E+03
        97,-6.444759201E-03,-4.107567482E-03, 0.000000000E+00,-6.446635742E-03,-4.106205060E-03, 2.222222222E-03, 2.096691893E-07, 4.399708600E+02, 7.753243922E+02, 3.000000000E+02, 1.176655108E+00, 2.350000000E+01, 2.350000000E+01, 1.862915775E+03
        98,-6.338609383E-03,-4.865020979E-03, 0.000000000E+00,-6.340117144E-03,-4.864121451E-03, 2.222222222E-03, 1.875853542E-07, 4.408964057E+02, 7.768619465E+02, 3.000000000E+02, 1.176655108E+00, 2.350000000E+01, 2.350000000E+01, 1.862915775E+03
        99,-6.096911617E-03,-5.587222055E-03, 0.000000000E+00,-6.097720495E-03,-5.587127024E-03, 2.222222222E-03, 1.679017680E-07, 4.417035626E+02, 7.781063764E+02, 3.000000000E+02, 1.176655108E+00, 2.350000000E+01, 2.350000000E+01, 1.862915775E+03
       100,-7.198520470E-04,-5.460786633E-03, 0.000000000E+00,-7.198586234E-04,-5.466069465E-03, 2.222222222E-03, 2.846403255E-07, 4.356687433E+02, 7.674612070E+02, 3.000000000E+02, 1.176655108E+00, 2.350000000E+01, 2.350000000E+01, 1.862915775E+03
       101,-1.324309851E-03,-5.967448000E-03, 0.000000000E+00,-1.323946159E-03,-5.971075149E-03, 2.222222222E-03, 2.740225489E-07, 4.366752453E+02, 7.693347601E+02, 3.000000000E+02, 1.176655108E+00, 2.350000000E+01, 2.350000000E+01, 1.862915775E+03
       102,-2.003514208E-03,-6.349063478E-03, 0.000000000E+00,-2.002680111E-03,-6.351689214E-03, 2.222222222E-03, 2.573048775E-07, 4.377250323E+02, 7.713011225E+02, 3.000000000E+02, 1.176655108E+00, 2.350000000E+01, 2.350000000E+01, 1.862915775E+03
       103,-2.735358197E-03,-6.599328481E-03, 0.000000000E+00,-2.734082048E-03,-6.601409051E-03, 2.222222222E-03, 2.366592996E-07, 4.387832116E+02, 7.732508771E+02, 3.000000000E+02, 1.176655108E+00, 2.350000000E+01, 2.350000000E+01, 1.862915775E+03
       104,-3.497205675E-03,-6.714582443E-03, 0.000000000E+00,-3.495657935E-03,-6.716409810E-03, 2.222222222E-03, 2.140466741E-07, 4.398107274E+02, 7.750643100E+02, 3.000000000E+02, 1.176655108E+00, 2.350000000E+01, 2.350000000E+01, 1.862915775E+03
       105,-4.265938886E-03,-6.693708245E-03, 0.000000000E+00,-4.264447009E-03,-6.695381216E-03, 2.222222222E-03, 1.912762362E-07, 4.407710902E+02, 7.766714389E+02, 3.000000000E+02, 1.176655108E+00, 2.350000000E+01, 2.350000000E+01, 1.862915775E+03
       106,-5.018629599E-03,-6.538999267E-03, 0.000000000E+00,-5.017624381E-03,-6.540369062E-03, 2.222222222E-03, 1.699759863E-07, 4.416344836E+02, 7.780151642E+02, 3.000000000E+02, 1.176655108E+00, 2.350000000E+01, 2.350000000E+01, 1.862915775E+03
       107,-5.734719336E-03,-6.257936358E-03, 0.000000000E+00,-5.734534178E-03,-6.258646990E-03, 2.222222222E-03, 1.513748306E-07, 4.423856981E+02, 7.790528403E+02, 3.000000000E+02, 1.176655108E+00, 2.350000000E+01, 2.350000000E+01, 1.862915775E+03
       108,-6.172420690E-04,-4.274853505E-03, 0.000000000E+00,-6.175297450E-04,-4.271997917E-03, 2.222222222E-03, 1.865377363E-07, 4.340325022E+02, 7.643359504E+02, 3.000000000E+02, 1.176655108E+00, 2.350000000E+01, 2.350000000E+01, 1.862915775E+03
       109,-1.105014235E-03,-3.793831216E-03, 0.000000000E+00,-1.105177799E-03,-3.791803172E-03, 2.222222222E-03, 2.300598633E-07, 4.336733486E+02, 7.634799813E+02, 3.000000000E+02, 1.176655108E+00, 2.350000000E+01, 2.350000000E+01, 1.862915775E+03
       110,-1.627297723E-03,-3.266078886E-03, 0.000000000E+00,-1.627266822E-03,-3.264859731E-03, 2.222222222E-03, 2.589988215E-07, 4.333655306E+02, 7.629012555E+02, 3.000000000E+02, 1.176655108E+00, 2.350000000E+01, 2.350000000E+01, 1.862915775E+03
       111,-2.168342238E-03,-2.718190895E-03, 0.000000000E+00,-2.168071434E-03,-2.717556196E-03, 2.222222222E-03, 2.725732501E-07, 4.332101916E+02, 7.625698485E+02, 3.000000000E+02, 1.176655108E+00, 2.350000000E+01, 2.350000000E+01, 1.862915775E+03
       112,-2.718190895E-03,-2.168342238E-03, 0.000000000E+00,-2.717556196E-03,-2.168071434E-03, 2.222222222E-03, 2.725732501E-07, 4.332101916E+02, 7.625698485E+02, 3.000000000E+02, 1.176655108E+00, 2.350000000E+01, 2.350000000E+01, 1.862915775E+03
       113,-3.266078886E-03,-1.627297723E-03, 0.000000000E+00,-3.264859731E-03,-1.627266822E-03, 2.222222222E-03, 2.589988215E-07, 4.333655306E+02, 7.629012555E+02, 3.000000000E+02, 1.176655108E+00, 2.350000000E+01, 2.350000000E+01, 1.862915775E+03
       114,-3.793831449E-03,-1.105014235E-03, 0.000000000E+00,-3.791803172E-03,-1.105177799E-03, 2.222222222E-03, 2.300598633E-07, 4.336733486E+02, 7.634799813E+02, 3.000000000E+02, 1.176655108E+00, 2.350000000E+01, 2.350000000E+01, 1.862915775E+03
       115,-4.274853505E-03,-6.172421272E-04, 0.000000000E+00,-4.271997917E-03,-6.175297450E-04, 2.222222222E-03, 1.865377363E-07, 4.340325022E+02, 7.643359504E+02, 3.000000000E+02, 1.176655108E+00, 2.350000000E+01, 2.350000000E+01, 1.862915775E+03
       116,-6.373882061E-04,-4.833418876E-03, 0.000000000E+00,-6.377131642E-04,-4.841123833E-03, 2.222222222E-03, 2.868276260E-07, 4.347271429E+02, 7.657734709E+02, 3.000000000E+02, 1.176655108E+00, 2.350000000E+01, 2.350000000E+01, 1.862915775E+03
       117,-4.838621709E-03,-2.116095129E-04, 0.000000000E+00,-4.846523924E-03,-2.117270733E-04, 2.222222222E-03, 2.867215957E-07, 4.346859729E+02, 7.656998397E+02, 3.000000000E+02, 1.176655108E+00, 2.350000000E+01, 2.350000000E+01, 1.862915775E+03
       118,-5.460786633E-03,-7.198520470E-04, 0.000000000E+00,-5.466069465E-03,-7.198586234E-04, 2.222222222E-03, 2.846403255E-07, 4.356687433E+02, 7.674612070E+02, 3.000000000E+02, 1.176655108E+00, 2.350000000E+01, 2.350000000E+01, 1.862915775E+03
       119,-5.967447534E-03,-1.324309851E-03, 0.000000000E+00,-5.971075149E-03,-1.323946159E-03, 2.222222222E-03, 2.740225489E-07, 4.366752453E+02, 7.693347601E+02, 3.000000000E+02, 1.176655108E+00, 2.350000000E+01, 2.350000000E+01, 1.862915775E+03
       120,-6.349063478E-03,-2.003514441E-03, 0.000000000E+00,-6.351689214E-03,-2.002680111E-03, 2.222222222E-03, 2.573048775E-07, 4.377250323E+02, 7.713011225E+02, 3.000000000E+02, 1.176655108E+00, 2.350000000E+01, 2.350000000E+01, 1.862915775E+03
       121,-6.599328946E-03,-2.735357964E-03, 0.000000000E+00,-6.601409051E-03,-2.734082048E-03, 2.222222222E-03, 2.366592996E-07, 4.387832116E+02, 7.732508771E+02, 3.000000000E+02, 1.176655108E+00, 2.350000000E+01, 2.350000000E+01, 1.862915775E+03
       122,-6.714582909E-03,-3.497205675E-03, 0.000000000E+00,-6.716409810E-03,-3.495657935E-03, 2.222222222E-03, 2.140466741E-07, 4.398107274E+02, 7.750643100E+02, 3.000000000E+02, 1.176655108E+00, 2.350000000E+01, 2.350000000E+01, 1.862915775E+03
       123,-6.693707779E-03,-4.265938886E-03, 0.000000000E+00,-6.695381216E-03,-4.264447009E-03, 2.222222222E-03, 1.912762362E-07, 4.407710902E+02, 7.766714389E+02, 3.000000000E+02, 1.176655108E+00, 2.350000000E+01, 2.350000000E+01, 1.862915775E+03
       124,-6.538999267E-03,-5.018629599E-03, 0.000000000E+00,-6.540369062E-03,-5.017624381E-03, 2.222222222E-03, 1.699759863E-07, 4.416344836E+02, 7.780151642E+02, 3.000000000E+02, 1.176655108E+00, 2.350000000E+01, 2.350000000E+01, 1.862915775E+03
       125,-6.257935893E-03,-5.734719336E-03, 0.000000000E+00,-6.258646990E-03,-5.734534178E-03, 2.222222222E-03, 1.513748306E-07, 4.423856981E+02, 7.790528403E+02, 3.000000000E+02, 1.176655108E+00, 2.350000000E+01, 2.350000000E+01, 1.862915775E+03
       126,-2.393397444E-04,-5.474742968E-03, 0.000000000E+00,-2.393478412E-04,-5.480133239E-03, 2.222222222E-03, 2.849584486E-07, 4.356268424E+02, 7.673814064E+02, 3.000000000E+02, 1.176655108E+00, 2.350000000E+01, 2.350000000E+01, 1.862915775E+03
       127,-7.922861259E-04,-6.011850201E-03, 0.000000000E+00,-7.920877464E-04,-6.015573666E-03, 2.222222222E-03, 2.752488621E-07, 4.365926978E+02, 7.691704627E+02, 3.000000000E+02, 1.176655108E+00, 2.350000000E+01, 2.350000000E+01, 1.862915775E+03
       128,-1.428502379E-03,-6.438191980E-03, 0.000000000E+00,-1.427922833E-03,-6.440843960E-03, 2.222222222E-03, 2.596774000E-07, 4.376062892E+02, 7.710649296E+02, 3.000000000E+02, 1.176655108E+00, 2.350000000E+01, 2.350000000E+01, 1.862915775E+03
       129,-2.128314227E-03,-6.745535880E-03, 0.000000000E+00,-2.127289082E-03,-6.747554879E-03, 2.222222222E-03, 2.401177187E-07, 4.386377320E+02, 7.729829244E+02, 3.000000000E+02, 1.176655108E+00, 2.350000000E+01, 2.350000000E+01, 1.862915775E+03
       130,-2.871505916E-03,-6.928571500E-03, 0.000000000E+00,-2.870075690E-03,-6.930278015E-03, 2.222222222E-03, 2.182402111E-07, 4.396565918E+02, 7.748097211E+02, 3.000000000E+02, 1.176655108E+00, 2.350000000E+01, 2.350000000E+01, 1.862915775E+03
       131,-3.637428163E-03,-6.984385196E-03, 0.000000000E+00,-3.635761086E-03,-6.985983305E-03, 2.222222222E-03, 1.955620293E-07, 4.406262346E+02, 7.764497218E+02, 3.000000000E+02, 1.176655108E+00, 2.350000000E+01, 2.350000000E+01, 1.862915775E+03
       132,-4.405048210E-03,-6.912378129E-03, 0.000000000E+00,-4.403463513E-03,-6.913905611E-03, 2.222222222E-03, 1.734964127E-07, 4.415216663E+02, 7.778594619E+02, 3.000000000E+02, 1.176655108E+00, 2.350000000E+01, 2.350000000E+01, 1.862915775E+03
       133,-5.153555423E-03,-6.715016440E-03, 0.000000000E+00,-5.152473200E-03,-6.716285800E-03, 2.222222222E-03, 1.533190573E-07, 4.423249817E+02, 7.789879415E+02, 3.000000000E+02, 1.176655108E+00, 2.350000000E+01, 2.350000000E+01, 1.862915775E+03
       134,-5.864277482E-03,-6.399376784E-03, 0.000000000E+00,-5.864025148E-03,-6.400014132E-03, 2.222222222E-03, 1.359683262E-07, 4.430210605E+02, 7.797932030E+02, 3.000000000E+02, 1.176655108E+00, 2.350000000E+01, 2.350000000E+01, 1.862915775E+03
       135,-2.047651506E-04,-4.275366664E-03, 0.000000000E+00,-2.048662948E-04,-4.272471401E-03, 2.222222222E-03, 1.839603538E-07, 4.339895913E+02, 7.642635838E+02, 3.000000000E+02, 1.176655108E+00, 2.350000000E+01, 2.350000000E+01, 1.862915775E+03
       136,-6.572443526E-04,-3.796212375E-03, 0.000000000E+00,-6.573658388E-04,-3.794136703E-03, 2.222222222E-03, 2.246174708E-07, 4.335744809E+02, 7.633275037E+02, 3.000000000E+02, 1.176655108E+00, 2.350000000E+01, 2.350000000E+01, 1.862915775E+03
       137,-1.148613635E-03,-3.272738541E-03, 0.000000000E+00,-1.148645840E-03,-3.271485352E-03, 2.222222222E-03, 2.515124365E-07, 4.332017125E+02, 7.626526256E+02, 3.000000000E+02, 1.176655108E+00, 2.350000000E+01, 2.350000000E+01, 1.862915775E+03
       138,-1.663127216E-03,-2.732213587E-03, 0.000000000E+00,-1.663030475E-03,-2.731558181E-03, 2.222222222E-03, 2.652288667E-07, 4.329749634E+02, 7.622037753E+02, 3.000000000E+02, 1.176655108E+00, 2.350000000E+01, 2.350000000E+01, 1.862915775E+03
       139,-2.192705870E-03,-2.192705870E-03, 0.000000000E+00,-2.192408096E-03,-2.192408096E-03, 2.222222222E-03, 2.692344422E-07, 4.328965902E+02, 7.620237130E+02, 3.000000000E+02, 1.176655108E+00, 2.350000000E+01, 2.350000000E+01, 1.862915775E+03
       140,-2.732213587E-03,-1.663127216E-03, 0.000000000E+00,-2.731558181E-03,-1.663030475E-03, 2.222222222E-03, 2.652288667E-07, 4.329749634E+02, 7.622037753E+02, 3.000000000E+02, 1.176655108E+00, 2.350000000E+01, 2.350000000E+01, 1.862915775E+03
       141,-3.272738773E-03,-1.148613635E-03, 0.000000000E+00,-3.271485352E-03,-1.148645840E-03, 2.222222222E-03, 2.515124365E-07, 4.332017125E+02, 7.626526256E+02, 3.000000000E+02, 1.176655108E+00, 2.350000000E+01, 2.350000000E+01, 1.862915775E+03
       142,-3.796212375E-03,-6.572443526E-04, 0.000000000E+00,-3.794136703E-03,-6.573658388E-04, 2.222222222E-03, 2.246174708E-07, 4.335744809E+02, 7.633275037E+02, 3.000000000E+02, 1.176655108E+00, 2.350000000E+01, 2.350000000E+01, 1.862915775E+03
       143,-4.275366664E-03,-2.047651506E-04, 0.000000000E+00,-4.272471401E-03,-2.048662948E-04, 2.222222222E-03, 1.839603538E-07, 4.339895913E+02, 7.642635838E+02, 3.000000000E+02, 1.176655108E+00, 2.350000000E+01, 2.350000000E+01, 1.862915775E+03
       144,-2.116095129E-04,-4.838621709E-03, 0.000000000E+00,-2.117270733E-04,-4.846523924E-03, 2.222222222E-03, 2.867215957E-07, 4.346859729E+02, 7.656998397E+02, 3.000000000E+02, 1.176655108E+00, 2.350000000E+01, 2.350000000E+01, 1.862915775E+03
       145,-4.838621709E-03, 2.116095129E-04, 0.000000000E+00,-4.846523924E-03, 2.117270733E-04, 2.222222222E-03, 2.867215957E-07, 4.346859729E+02, 7.656998397E+02, 3.000000000E+02, 1.176655108E+00, 2.350000000E+01, 2.350000000E+01, 1.862915775E+03
       146,-5.474742502E-03,-2.393397444E-04, 0.000000000E+00,-5.480133239E-03,-2.393478412E-04, 2.222222222E-03, 2.849584486E-07, 4.356268424E+02, 7.673814064E+02, 3.000000000E+02, 1.176655108E+00, 2.350000000E+01, 2.350000000E+01, 1.862915775E+03
       147,-6.011850201E-03,-7.922861259E-04, 0.000000000E+00,-6.015573666E-03,-7.920877464E-04, 2.222222222E-03, 2.752488621E-07, 4.365926978E+02, 7.691704627E+02, 3.000000000E+02, 1.176655108E+00, 2.350000000E+01, 2.350000000E+01, 1.862915775E+03
       148,-6.438191980E-03,-1.428502379E-03, 0.000000000E+00,-6.440843960E-03,-1.427922833E-03, 2.222222222E-03, 2.596774000E-07, 4.376062892E+02, 7.710649296E+02, 3.000000000E+02, 1.176655108E+00, 2.350000000E+01, 2.350000000E+01, 1.862915775E+03
       149,-6.745536346E-03,-2.128314460E-03, 0.000000000E+00,-6.747554879E-03,-2.127289082E-03, 2.222222222E-03, 2.401177187E-07, 4.386377320E+02, 7.729829244E+02, 3.000000000E+02, 1.176655108E+00, 2.350000000E+01, 2.350000000E+01, 1.862915775E+03
       150,-6.928571500E-03,-2.871506149E-03, 0.000000000E+00,-6.930278015E-03,-2.870075690E-03, 2.222222222E-03, 2.182402111E-07, 4.396565918E+02, 7.748097211E+02, 3.000000000E+02, 1.176655108E+00, 2.350000000E+01, 2.350000000E+01, 1.862915775E+03
       151,-6.984385196E-03,-3.637428163E-03, 0.000000000E+00,-6.985983305E-03,-3.635761086E-03, 2.222222222E-03, 1.955620293E-07, 4.406262346E+02, 7.764497218E+02, 3.000000000E+02, 1.176655108E+00, 2.350000000E+01, 2.350000000E+01, 1.862915775E+03
       152,-6.912378594E-03,-4.405048210E-03, 0.000000000E+00,-6.913905611E-03,-4.403463513E-03, 2.222222222E-03, 1.734964127E-07, 4.415216663E+02, 7.778594619E+02, 3.000000000E+02, 1.176655108E+00, 2.350000000E+01, 2.350000000E+01, 1.862915775E+03
       153,-6.715016440E-03,-5.153555423E-03, 0.000000000E+00,-6.716285800E-03,-5.152473200E-03, 2.222222222E-03, 1.533190573E-07, 4.423249817E+02, 7.789879415E+02, 3.000000000E+02, 1.176655108E+00, 2.350000000E+01, 2.350000000E+01, 1.862915775E+03
       154,-6.399376318E-03,-5.864277482E-03, 0.000000000E+00,-6.400014132E-03,-5.864025148E-03, 2.222222222E-03, 1.359683262E-07, 4.430210605E+02, 7.797932030E+02, 3.000000000E+02, 1.176655108E+00, 2.350000000E+01, 2.350000000E+01, 1.862915775E+03
       155, 2.393397444E-04,-5.474742502E-03, 0.000000000E+00, 2.393478412E-04,-5.480133239E-03, 2.222222222E-03, 2.849584486E-07, 4.356268424E+02, 7.673814064E+02, 3.000000000E+02, 1.176655108E+00, 2.350000000E+01, 2.350000000E+01, 1.862915775E+03
       156,-2.636972931E-04,-6.033494603E-03, 0.000000000E+00,-2.636350020E-04,-6.037270948E-03, 2.222222222E-03, 2.758455955E-07, 4.365514731E+02, 7.690880664E+02, 3.000000000E+02, 1.176655108E+00, 2.350000000E+01, 2.350000000E+01, 1.862915775E+03
       157,-8.559104172E-04,-6.495890208E-03, 0.000000000E+00,-8.555748186E-04,-6.498570156E-03, 2.222222222E-03, 2.612360748E-07, 4.375266483E+02, 7.709017105E+02, 3.000000000E+02, 1.176655108E+00, 2.350000000E+01, 2.350000000E+01, 1.862915775E+03
       158,-1.520022517E-03,-6.851681508E-03, 0.000000000E+00,-1.519294253E-03,-6.853661968E-03, 2.222222222E-03, 2.427401625E-07, 4.385254789E+02, 7.727610693E+02, 3.000000000E+02, 1.176655108E+00, 2.350000000E+01, 2.350000000E+01, 1.862915775E+03
       159,-2.237935318E-03,-7.093787659E-03, 0.000000000E+00,-2.236776103E-03,-7.095380175E-03, 2.222222222E-03, 2.217979370E-07, 4.395231875E+02, 7.745749534E+02, 3.000000000E+02, 1.176655108E+00, 2.350000000E+01, 2.350000000E+01, 1.862915775E+03
       160,-2.991095185E-03,-7.217769045E-03, 0.000000000E+00,-2.989554956E-03,-7.219210806E-03, 2.222222222E-03, 1.996934444E-07, 4.404880487E+02, 7.762367638E+02, 3.000000000E+02, 1.176655108E+00, 2.350000000E+01, 2.350000000E+01, 1.862915775E+03
       161,-3.760595806E-03,-7.221373264E-03, 0.000000000E+00,-3.758843523E-03,-7.222807121E-03, 2.222222222E-03, 1.776009795E-07, 4.413924272E+02, 7.776789480E+02, 3.000000000E+02, 1.176655108E+00, 2.350000000E+01, 2.350000000E+01, 1.862915775E+03
       162,-4.527238198E-03,-7.104452234E-03, 0.000000000E+00,-4.525586631E-03,-7.105874763E-03, 2.222222222E-03, 1.566261457E-07, 4.422221276E+02, 7.788695066E+02, 3.000000000E+02, 1.176655108E+00, 2.350000000E+01, 2.350000000E+01, 1.862915775E+03
       163,-5.272070877E-03,-6.869625766E-03, 0.000000000E+00,-5.270932181E-03,-6.870821210E-03, 2.222222222E-03, 1.377704343E-07, 4.429681796E+02, 7.797551005E+02, 3.000000000E+02, 1.176655108E+00, 2.350000000E+01, 2.350000000E+01, 1.862915775E+03
       164,-5.978077650E-03,-6.523613818E-03, 0.000000000E+00,-5.977775571E-03,-6.524197093E-03, 2.222222222E-03, 1.217492329E-07, 4.436159945E+02, 7.803284431E+02, 3.000000000E+02, 1.176655108E+00, 2.350000000E+01, 2.350000000E+01, 1.862915775E+03
       165, 2.047651360E-04,-4.275366664E-03, 0.000000000E+00, 2.048662948E-04,-4.272471401E-03, 2.222222222E-03, 1.839603538E-07, 4.339895913E+02, 7.642635838E+02, 3.000000000E+02, 1.176655108E+00, 2.350000000E+01, 2.350000000E+01, 1.862915775E+03
       166,-2.180992306E-04,-3.796665464E-03, 0.000000000E+00,-2.181433320E-04,-3.794562177E-03, 2.222222222E-03, 2.216762109E-07, 4.335258202E+02, 7.632527008E+02, 3.000000000E+02, 1.176655108E+00, 2.350000000E+01, 2.350000000E+01, 1.862915775E+03
       167,-6.834039814E-04,-3.274802351E-03, 0.000000000E+00,-6.834418933E-04,-3.273520122E-03, 2.222222222E-03, 2.456874259E-07, 4.330958144E+02, 7.624930123E+02, 3.000000000E+02, 1.176655108E+00, 2.350000000E+01, 2.350000000E+01, 1.862915775E+03
       168,-1.174206031E-03,-2.737848787E-03, 0.000000000E+00,-1.174186653E-03,-2.737174383E-03, 2.222222222E-03, 2.575505291E-07, 4.328054388E+02, 7.619452755E+02, 3.000000000E+02, 1.176655108E+00, 2.350000000E+01, 2.350000000E+01, 1.862915775E+03
       169,-1.682076487E-03,-2.204178832E-03, 0.000000000E+00,-1.681957489E-03,-2.203868189E-03, 2.222222222E-03, 2.618642982E-07, 4.326570135E+02, 7.616358452E+02, 3.000000000E+02, 1.176655108E+00, 2.350000000E+01, 2.350000000E+01, 1.862915775E+03
       170,-2.204178832E-03,-1.682076487E-03, 0.000000000E+00,-2.203868189E-03,-1.681957489E-03, 2.222222222E-03, 2.618642982E-07, 4.326570135E+02, 7.616358452E+02, 3.000000000E+02, 1.176655108E+00, 2.350000000E+01, 2.350000000E+01, 1.862915775E+03
       171,-2.737848787E-03,-1.174206031E-03, 0.000000000E+00,-2.737174383E-03,-1.174186653E-03, 2.222222222E-03, 2.575505291E-07, 4.328054388E+02, 7.619452755E+02, 3.000000000E+02, 1.176655108E+00, 2.350000000E+01, 2.350000000E+01, 1.862915775E+03
       172,-3.274802351E-03,-6.834039814E-04, 0.000000000E+00,-3.273520122E-03,-6.834418933E-04, 2.222222222E-03, 2.456874259E-07, 4.330958144E+02, 7.624930123E+02, 3.000000000E+02, 1.176655108E+00, 2.350000000E+01, 2.350000000E+01, 1.862915775E+03
       173,-3.796665464E-03,-2.180992306E-04, 0.000000000E+00,-3.794562177E-03,-2.181433320E-04, 2.222222222E-03, 2.216762109E-07, 4.335258202E+02, 7.632527008E+02, 3.000000000E+02, 1.176655108E+00, 2.350000000E+01, 2.350000000E+01, 1.862915775E+03
       174,-4.275366664E-03, 2.047651506E-04, 0.000000000E+00,-4.272471401E-03, 2.048662948E-04, 2.222222222E-03, 1.839603538E-07, 4.339895913E+02, 7.642635838E+02, 3.000000000E+02, 1.176655108E+00, 2.350000000E+01, 2.350000000E+01, 1.862915775E+03
       175, 2.116095129E-04,-4.838621709E-03, 0.000000000E+00, 2.117270733E-04,-4.846523924E-03, 2.222222222E-03, 2.867215957E-07, 4.346859729E+02, 7.656998397E+02, 3.000000000E+02, 1.176655108E+00, 2.350000000E+01, 2.350000000E+01, 1.862915775E+03
       176,-4.833418876E-03, 6.373882061E-04, 0.000000000E+00,-4.841123833E-03, 6.377131642E-04, 2.222222222E-03, 2.868276260E-07, 4.347271429E+02, 7.657734709E+02, 3.000000000E+02, 1.176655108E+00, 2.350000000E+01, 2.350000000E+01, 1.862915775E+03
       177,-5.474742968E-03, 2.393397444E-04, 0.000000000E+00,-5.480133239E-03, 2.393478412E-04, 2.222222222E-03, 2.849584486E-07, 4.356268424E+02, 7.673814064E+02, 3.000000000E+02, 1.176655108E+00, 2.350000000E+01, 2.350000000E+01, 1.862915775E+03
       178,-6.033494603E-03,-2.636972931E-04, 0.000000000E+00,-6.037270948E-03,-2.636350020E-04, 2.222222222E-03, 2.758455955E-07, 4.365514731E+02, 7.690880664E+02, 3.000000000E+02, 1.176655108E+00, 2.350000000E+01, 2.350000000E+01, 1.862915775E+03
       179,-6.495890673E-03,-8.559104172E-04, 0.000000000E+00,-6.498570156E-03,-8.555748186E-04, 2.222222222E-03, 2.612360748E-07, 4.375266483E+02, 7.709017105E+02, 3.000000000E+02, 1.176655108E+00, 2.350000000E+01, 2.350000000E+01, 1.862915775E+03
       180,-6.851681042E-03,-1.520022517E-03, 0.000000000E+00,-6.853661968E-03,-1.519294253E-03, 2.222222222E-03, 2.427401625E-07, 4.385254789E+02, 7.727610693E+02, 3.000000000E+02, 1.176655108E+00, 2.350000000E+01, 2.350000000E+01, 1.862915775E+03
       181,-7.093787659E-03,-2.237935551E-03, 0.000000000E+00,-7.095380175E-03,-2.236776103E-03, 2.222222222E-03, 2.217979370E-07, 4.395231875E+02, 7.745749534E+02, 3.000000000E+02, 1.176655108E+00, 2.350000000E+01, 2.350000000E+01, 1.862915775E+03
       182,-7.217769511E-03,-2.991095185E-03, 0.000000000E+00,-7.219210806E-03,-2.989554956E-03, 2.222222222E-03, 1.996934444E-07, 4.404880487E+02, 7.762367638E+02, 3.000000000E+02, 1.176655108E+00, 2.350000000E+01, 2.350000000E+01, 1.862915775E+03
       183,-7.221373264E-03,-3.760595806E-03, 0.000000000E+00,-7.222807121E-03,-3.758843523E-03, 2.222222222E-03, 1.776009795E-07, 4.413924272E+02, 7.776789480E+02, 3.000000000E+02, 1.176655108E+00, 2.350000000E+01, 2.350000000E+01, 1.862915775E+03
       184,-7.104452234E-03,-4.527238198E-03, 0.000000000E+00,-7.105874763E-03,-4.525586631E-03, 2.222222222E-03, 1.566261457E-07, 4.422221276E+02, 7.788695066E+02, 3.000000000E+02, 1.176655108E+00, 2.350000000E+01, 2.350000000E+01, 1.862915775E+03
       185,-6.869626231E-03,-5.272071343E-03, 0.000000000E+00,-6.870821210E-03,-5.270932181E-03, 2.222222222E-03, 1.377704343E-07, 4.429681796E+02, 7.797551005E+02, 3.000000000E+02, 1.176655108E+00, 2.350000000E+01, 2.350000000E+01, 1.862915775E+03
       186,-6.523613818E-03,-5.978077650E-03, 0.000000000E+00,-6.524197093E-03,-5.977775571E-03, 2.222222222E-03, 1.217492329E-07, 4.436159945E+02, 7.803284431E+02, 3.000000000E+02, 1.176655108E+00, 2.350000000E+01, 2.350000000E+01, 1.862915775E+03
       187, 7.198520470E-04,-5.460786633E-03, 0.000000000E+00, 7.198586234E-04,-5.466069465E-03, 2.222222222E-03, 2.846403255E-07, 4.356687433E+02, 7.674612070E+02, 3.000000000E+02, 1.176655108E+00, 2.350000000E+01, 2.350000000E+01, 1.862915775E+03
       188, 2.636972931E-04,-6.033494603E-03, 0.000000000E+00, 2.636350020E-04,-6.037270948E-03, 2.222222222E-03, 2.758455955E-07, 4.365514731E+02, 7.690880664E+02, 3.000000000E+02, 1.176655108E+00, 2.350000000E+01, 2.350000000E+01, 1.862915775E+03
       189,-2.850923338E-04,-6.524288096E-03, 0.000000000E+00,-2.849829770E-04,-6.526984915E-03, 2.222222222E-03, 2.620050421E-07, 4.374868364E+02, 7.708193929E+02, 3.000000000E+02, 1.176655108E+00, 2.350000000E+01, 2.350000000E+01, 1.862915775E+03
       190,-9.117962909E-04,-6.921058986E-03, 0.000000000E+00,-9.113663295E-04,-6.923020410E-03, 2.222222222E-03, 2.444807697E-07, 4.384500831E+02, 7.726045701E+02, 3.000000000E+02, 1.176655108E+00, 2.350000000E+01, 2.350000000E+01, 1.862915775E+03
       191,-1.600411371E-03,-7.214880083E-03, 0.000000000E+00,-1.599578716E-03,-7.216388871E-03, 2.222222222E-03, 2.245168849E-07, 4.394195912E+02, 7.743754473E+02, 3.000000000E+02, 1.176655108E+00, 2.350000000E+01, 2.350000000E+01, 1.862915775E+03
       192,-2.334223827E-03,-7.399682421E-03, 0.000000000E+00,-2.332969003E-03,-7.400971869E-03, 2.222222222E-03, 2.032196144E-07, 4.403689644E+02, 7.760407640E+02, 3.000000000E+02, 1.176655108E+00, 2.350000000E+01, 2.350000000E+01, 1.862915775E+03
       193,-3.096139058E-03,-7.471793331E-03, 0.000000000E+00,-3.094520158E-03,-7.473044712E-03, 2.222222222E-03, 1.815754973E-07, 4.412705910E+02, 7.775092791E+02, 3.000000000E+02, 1.176655108E+00, 2.350000000E+01, 2.350000000E+01, 1.862915775E+03
       194,-3.868783126E-03,-7.429537363E-03, 0.000000000E+00,-3.866969526E-03,-7.430853153E-03, 2.222222222E-03, 1.604938438E-07, 4.421082748E+02, 7.787338123E+02, 3.000000000E+02, 1.176655108E+00, 2.350000000E+01, 2.350000000E+01, 1.862915775E+03
       195,-4.634566605E-03,-7.273165975E-03, 0.000000000E+00,-4.632866805E-03,-7.274511826E-03, 2.222222222E-03, 1.408410509E-07, 4.428773731E+02, 7.796812236E+02, 3.000000000E+02, 1.176655108E+00, 2.350000000E+01, 2.350000000E+01, 1.862915775E+03
       196,-5.376172252E-03,-7.005430292E-03, 0.000000000E+00,-5.374991606E-03,-7.006571711E-03, 2.222222222E-03, 1.234049528E-07, 4.435698021E+02, 7.803183297E+02, 3.000000000E+02, 1.176655108E+00, 2.350000000E+01, 2.350000000E+01, 1.862915775E+03
       197,-6.078036968E-03,-6.632740609E-03, 0.000000000E+00,-6.077697488E-03,-6.633283277E-03, 2.222222222E-03, 1.087299483E-07, 4.441729177E+02, 7.806286522E+02, 3.000000000E+02, 1.176655108E+00, 2.350000000E+01, 2.350000000E+01, 1.862915775E+03
       198, 6.172421272E-04,-4.274853505E-03, 0.000000000E+00, 6.175297450E-04,-4.271997917E-03, 2.222222222E-03, 1.865377363E-07, 4.340325022E+02, 7.643359504E+02, 3.000000000E+02, 1.176655108E+00, 2.350000000E+01, 2.350000000E+01, 1.862915775E+03
       199, 2.180992306E-04,-3.796665464E-03, 0.000000000E+00, 2.181433320E-04,-3.794562177E-03, 2.222222222E-03, 2.216762109E-07, 4.335258202E+02, 7.632527008E+02, 3.000000000E+02, 1.176655108E+00, 2.350000000E+01, 2.350000000E+01, 1.862915775E+03
       200,-2.268191165E-04,-3.275194671E-03, 0.000000000E+00,-2.268345408E-04,-3.273896254E-03, 2.222222222E-03, 2.425780759E-07, 4.330439169E+02, 7.624150965E+02, 3.000000000E+02, 1.176655108E+00, 2.350000000E+01, 2.350000000E+01, 1.862915775E+03
       201,-6.987594534E-04,-2.739595016E-03, 0.000000000E+00,-6.987644983E-04,-2.738905133E-03, 2.222222222E-03, 2.516646325E-07, 4.326963394E+02, 7.617808421E+02, 3.000000000E+02, 1.176655108E+00, 2.350000000E+01, 2.350000000E+01, 1.862915775E+03
       202,-1.187741291E-03,-2.208789578E-03, 0.000000000E+00,-1.187705018E-03,-2.208469207E-03, 2.222222222E-03, 2.542934080E-07, 4.324852305E+02, 7.613693731E+02, 3.000000000E+02, 1.176655108E+00, 2.350000000E+01, 2.350000000E+01, 1.862915775E+03
       203,-1.691000187E-03,-1.691000070E-03, 0.000000000E+00,-1.690872809E-03,-1.690872809E-03, 2.222222222E-03, 2.546744671E-07, 4.324159743E+02, 7.612069956E+02, 3.000000000E+02, 1.176655108E+00, 2.350000000E+01, 2.350000000E+01, 1.862915775E+03
       204,-2.208789578E-03,-1.187741291E-03, 0.000000000E+00,-2.208469207E-03,-1.187705018E-03, 2.222222222E-03, 2.542934080E-07, 4.324852305E+02, 7.613693731E+02, 3.000000000E+02, 1.176655108E+00, 2.350000000E+01, 2.350000000E+01, 1.862915775E+03
       205,-2.739595016E-03,-6.987595116E-04, 0.000000000E+00,-2.738905133E-03,-6.987644983E-04, 2.222222222E-03, 2.516646325E-07, 4.326963394E+02, 7.617808421E+02, 3.000000000E+02, 1.176655108E+00, 2.350000000E+01, 2.350000000E+01, 1.862915775E+03
       206,-3.275194671E-03,-2.268191165E-04, 0.000000000E+00,-3.273896254E-03,-2.268345408E-04, 2.222222222E-03, 2.425780759E-07, 4.330439169E+02, 7.624150965E+02, 3.000000000E+02, 1.176655108E+00, 2.350000000E+01, 2.350000000E+01, 1.862915775E+03
       207,-3.796665464E-03, 2.180992306E-04, 0.000000000E+00,-3.794562177E-03, 2.181433320E-04, 2.222222222E-03, 2.216762109E-07, 4.335258202E+02, 7.632527008E+02, 3.000000000E+02, 1.176655108E+00, 2.350000000E+01, 2.350000000E+01, 1.862915775E+03
       208,-4.274853505E-03, 6.172421272E-04, 0.000000000E+00,-4.271997917E-03, 6.175297450E-04, 2.222222222E-03, 1.865377363E-07, 4.340325022E+02, 7.643359504E+02, 3.000000000E+02, 1.176655108E+00, 2.350000000E+01, 2.350000000E+01, 1.862915775E+03
       209, 6.373882061E-04,-4.833418410E-03, 0.000000000E+00, 6.377131642E-04,-4.841123833E-03, 2.222222222E-03, 2.868276260E-07, 4.347271429E+02, 7.657734709E+02, 3.000000000E+02, 1.176655108E+00, 2.350000000E+01, 2.350000000E+01, 1.862915775E+03
       210,-4.821386654E-03, 1.070645638E-03, 0.000000000E+00,-4.828721663E-03, 1.071102392E-03, 2.222222222E-03, 2.869679761E-07, 4.348099876E+02, 7.659217612E+02, 3.000000000E+02, 1.176655108E+00, 2.350000000E+01, 2.350000000E+01, 1.862915775E+03
       211,-5.460786633E-03, 7.198520470E-04, 0.000000000E+00,-5.466069465E-03, 7.198586234E-04, 2.222222222E-03, 2.846403255E-07, 4.356687433E+02, 7.674612070E+02, 3.000000000E+02, 1.176655108E+00, 2.350000000E+01, 2.350000000E+01, 1.862915775E+03
       212,-6.033494603E-03, 2.636972931E-04, 0.000000000E+00,-6.037270948E-03, 2.636350020E-04, 2.222222222E-03, 2.758455955E-07, 4.365514731E+02, 7.690880664E+02, 3.000000000E+02, 1.176655108E+00, 2.350000000E+01, 2.350000000E+01, 1.862915775E+03
       213,-6.524288096E-03,-2.850923338E-04, 0.000000000E+00,-6.526984915E-03,-2.849829770E-04, 2.222222222E-03, 2.620050421E-07, 4.374868364E+02, 7.708193929E+02, 3.000000000E+02, 1.176655108E+00, 2.350000000E+01, 2.350000000E+01, 1.862915775E+03
       214,-6.921058521E-03,-9.117963491E-04, 0.000000000E+00,-6.923020410E-03,-9.113663295E-04, 2.222222222E-03, 2.444807697E-07, 4.384500831E+02, 7.726045701E+02, 3.000000000E+02, 1.176655108E+00, 2.350000000E+01, 2.350000000E+01, 1.862915775E+03
       215,-7.214880083E-03,-1.600411371E-03, 0.000000000E+00,-7.216388871E-03,-1.599578716E-03, 2.222222222E-03, 2.245168849E-07, 4.394195912E+02, 7.743754473E+02, 3.000000000E+02, 1.176655108E+00, 2.350000000E+01, 2.350000000E+01, 1.862915775E+03
       216,-7.399682421E-03,-2.334223827E-03, 0.000000000E+00,-7.400971869E-03,-2.332969003E-03, 2.222222222E-03, 2.032196144E-07, 4.403689644E+02, 7.760407640E+02, 3.000000000E+02, 1.176655108E+00, 2.350000000E+01, 2.350000000E+01, 1.862915775E+03
       217,-7.471793331E-03,-3.096138826E-03, 0.000000000E+00,-7.473044712E-03,-3.094520158E-03, 2.222222222E-03, 1.815754973E-07, 4.412705910E+02, 7.775092791E+02, 3.000000000E+02, 1.176655108E+00, 2.350000000E+01, 2.350000000E+01, 1.862915775E+03
       218,-7.429537363E-03,-3.868783126E-03, 0.000000000E+00,-7.430853153E-03,-3.866969526E-03, 2.222222222E-03, 1.604938438E-07, 4.421082748E+02, 7.787338123E+02, 3.000000000E+02, 1.176655108E+00, 2.350000000E+01, 2.350000000E+01, 1.862915775E+03
       219,-7.273165509E-03,-4.634567071E-03, 0.000000000E+00,-7.274511826E-03,-4.632866805E-03, 2.222222222E-03, 1.408410509E-07, 4.428773731E+02, 7.796812236E+02, 3.000000000E+02, 1.176655108E+00, 2.350000000E+01, 2.350000000E+01, 1.862915775E+03
       220,-7.005430758E-03,-5.376172252E-03, 0.000000000E+00,-7.006571711E-03,-5.374991606E-03, 2.222222222E-03, 1.234049528E-07, 4.435698021E+02, 7.803183297E+02, 3.000000000E+02, 1.176655108E+00, 2.350000000E+01, 2.350000000E+01, 1.862915775E+03
       221,-6.632740609E-03,-6.078036502E-03, 0.000000000E+00,-6.633283277E-03,-6.077697488E-03, 2.222222222E-03, 1.087299483E-07, 4.441729177E+02, 7.806286522E+02, 3.000000000E+02, 1.176655108E+00, 2.350000000E+01, 2.350000000E+01, 1.862915775E+03
       222, 1.205690205E-03,-5.431521218E-03, 0.000000000E+00, 1.205648437E-03,-5.436603538E-03, 2.222222222E-03, 2.839547163E-07, 4.357527543E+02, 7.676210565E+02, 3.000000000E+02, 1.176655108E+00, 2.350000000E+01, 2.350000000E+01, 1.862915775E+03
       223, 7.922861259E-04,-6.011850201E-03, 0.000000000E+00, 7.920877464E-04,-6.015573666E-03, 2.222222222E-03, 2.752488621E-07, 4.365926978E+02, 7.691704627E+02, 3.000000000E+02, 1.176655108E+00, 2.350000000E+01, 2.350000000E+01, 1.862915775E+03
       224, 2.850923338E-04,-6.524288096E-03, 0.000000000E+00, 2.849829770E-04,-6.526984915E-03, 2.222222222E-03, 2.620050421E-07, 4.374868364E+02, 7.708193929E+02, 3.000000000E+02, 1.176655108E+00, 2.350000000E+01, 2.350000000E+01, 1.862915775E+03
       225,-3.038851719E-04,-6.955388468E-03, 0.000000000E+00,-3.037434523E-04,-6.957342680E-03, 2.222222222E-03, 2.453450934E-07, 4.384123288E+02, 7.725250842E+02, 3.000000000E+02, 1.176655108E+00, 2.350000000E+01, 2.350000000E+01, 1.862915775E+03
       226,-9.608850814E-04,-7.294516545E-03, 0.000000000E+00,-9.603887563E-04,-7.295972874E-03, 2.222222222E-03, 2.263324229E-07, 4.393499320E+02, 7.742310876E+02, 3.000000000E+02, 1.176655108E+00, 2.350000000E+01, 2.350000000E+01, 1.862915775E+03
       227,-1.671022968E-03,-7.533904165E-03, 0.000000000E+00,-1.670115774E-03,-7.535076791E-03, 2.222222222E-03, 2.059284136E-07, 4.402757444E+02, 7.758696337E+02, 3.000000000E+02, 1.176655108E+00, 2.350000000E+01, 2.350000000E+01, 1.862915775E+03
       228,-2.418801188E-03,-7.668372709E-03, 0.000000000E+00,-2.417477524E-03,-7.669443886E-03, 2.222222222E-03, 1.849823023E-07, 4.411669628E+02, 7.773552302E+02, 3.000000000E+02, 1.176655108E+00, 2.350000000E+01, 2.350000000E+01, 1.862915775E+03
       229,-3.188406816E-03,-7.694921922E-03, 0.000000000E+00,-3.186731184E-03,-7.696035611E-03, 2.222222222E-03, 1.642515946E-07, 4.420023982E+02, 7.786092915E+02, 3.000000000E+02, 1.176655108E+00, 2.350000000E+01, 2.350000000E+01, 1.862915775E+03
       230,-3.963812254E-03,-7.612383459E-03, 0.000000000E+00,-3.961954225E-03,-7.613613906E-03, 2.222222222E-03, 1.444407533E-07, 4.427764545E+02, 7.795939865E+02, 3.000000000E+02, 1.176655108E+00, 2.350000000E+01, 2.350000000E+01, 1.862915775E+03
       231,-4.728841595E-03,-7.421359420E-03, 0.000000000E+00,-4.727106404E-03,-7.422650002E-03, 2.222222222E-03, 1.262299907E-07, 4.434912620E+02, 7.802926488E+02, 3.000000000E+02, 1.176655108E+00, 2.350000000E+01, 2.350000000E+01, 1.862915775E+03
       232,-5.467611831E-03,-7.124718279E-03, 0.000000000E+00,-5.466400625E-03,-7.125819150E-03, 2.222222222E-03, 1.102404541E-07, 4.441326842E+02, 7.806503913E+02, 3.000000000E+02, 1.176655108E+00, 2.350000000E+01, 2.350000000E+01, 1.862915775E+03
       233,-6.165838335E-03,-6.728594657E-03, 0.000000000E+00,-6.165471080E-03,-6.729106961E-03, 2.222222222E-03, 9.688553561E-08, 4.446876475E+02, 7.806324201E+02, 3.000000000E+02, 1.176655108E+00, 2.350000000E+01, 2.350000000E+01, 1.862915775E+03
       234, 1.038343762E-03,-4.272154998E-03, 0.000000000E+00, 1.038768335E-03,-4.269366528E-03, 2.222222222E-03, 1.911975403E-07, 4.341191243E+02, 7.644824155E+02, 3.000000000E+02, 1.176655108E+00, 2.350000000E+01, 2.350000000E+01, 1.862915775E+03
       235, 6.572443526E-04,-3.796212608E-03, 0.000000000E+00, 6.573658388E-04,-3.794136703E-03, 2.222222222E-03, 2.246174708E-07, 4.335744809E+02, 7.633275037E+02, 3.000000000E+02, 1.176655108E+00, 2.350000000E+01, 2.350000000E+01, 1.862915775E+03
       236, 2.268191165E-04,-3.275194671E-03, 0.000000000E+00, 2.268345408E-04,-3.273896254E-03, 2.222222222E-03, 2.425780759E-07, 4.330439169E+02, 7.624150965E+02, 3.000000000E+02, 1.176655108E+00, 2.350000000E+01, 2.350000000E+01, 1.862915775E+03
       237,-2.319376072E-04,-2.739927266E-03, 0.000000000E+00,-2.319417587E-04,-2.739228603E-03, 2.222222222E-03, 2.485420208E-07, 4.326430079E+02, 7.617009611E+02, 3.000000000E+02, 1.176655108E+00, 2.350000000E+01, 2.350000000E+01, 1.862915775E+03
       238,-7.068806444E-04,-2.210218227E-03, 0.000000000E+00,-7.068750987E-04,-2.209890539E-03, 2.222222222E-03, 2.485266137E-07, 4.323750346E+02, 7.612022033E+02, 3.000000000E+02, 1.176655108E+00, 2.350000000E+01, 2.350000000E+01, 1.862915775E+03
       239,-1.194115379E-03,-1.694586244E-03, 0.000000000E+00,-1.194073849E-03,-1.694454351E-03, 2.222222222E-03, 2.473278319E-07, 4.322439356E+02, 7.609268118E+02, 3.000000000E+02, 1.176655108E+00, 2.350000000E+01, 2.350000000E+01, 1.862915775E+03
       240,-1.694586244E-03,-1.194115379E-03, 0.000000000E+00,-1.694454351E-03,-1.194073849E-03, 2.222222222E-03, 2.473278319E-07, 4.322439356E+02, 7.609268118E+02, 3.000000000E+02, 1.176655108E+00, 2.350000000E+01, 2.350000000E+01, 1.862915775E+03
       241,-2.210218227E-03,-7.068806444E-04, 0.000000000E+00,-2.209890539E-03,-7.068750987E-04, 2.222222222E-03, 2.485266137E-07, 4.323750346E+02, 7.612022033E+02, 3.000000000E+02, 1.176655108E+00, 2.350000000E+01, 2.350000000E+01, 1.862915775E+03
       242,-2.739927266E-03,-2.319376072E-04, 0.000000000E+00,-2.739228603E-03,-2.319417587E-04, 2.222222222E-03, 2.485420208E-07, 4.326430079E+02, 7.617009611E+02, 3.000000000E+02, 1.176655108E+00, 2.350000000E+01, 2.350000000E+01, 1.862915775E+03
       243,-3.275194671E-03, 2.268191165E-04, 0.000000000E+00,-3.273896254E-03, 2.268345408E-04, 2.222222222E-03, 2.425780759E-07, 4.330439169E+02, 7.624150965E+02, 3.000000000E+02, 1.176655108E+00, 2.350000000E+01, 2.350000000E+01, 1.862915775E+03
       244,-3.796212608E-03, 6.572443526E-04, 0.000000000E+00,-3.794136703E-03, 6.573658388E-04, 2.222222222E-03, 2.246174708E-07, 4.335744809E+02, 7.633275037E+02, 3.000000000E+02, 1.176655108E+00, 2.350000000E+01, 2.350000000E+01, 1.862915775E+03
       245,-4.272154532E-03, 1.038343762E-03, 0.000000000E+00,-4.269366528E-03, 1.038768335E-03, 2.222222222E-03, 1.911975403E-07, 4.341191243E+02, 7.644824155E+02, 3.000000000E+02, 1.176655108E+00, 2.350000000E+01, 2.350000000E+01, 1.862915775E+03
       246, 1.070645521E-03,-4.821386654E-03, 0.000000000E+00, 1.071102392E-03,-4.828721663E-03, 2.222222222E-03, 2.869679761E-07, 4.348099876E+02, 7.659217612E+02, 3.000000000E+02, 1.176655108E+00, 2.350000000E+01, 2.350000000E+01, 1.862915775E+03
       247,-4.798797425E-03, 1.515527954E-03, 0.000000000E+00,-4.805636929E-03, 1.516020112E-03, 2.222222222E-03, 2.870042210E-07, 4.349346361E+02, 7.661447208E+02, 3.000000000E+02, 1.176655108E+00, 2.350000000E+01, 2.350000000E+01, 1.862915775E+03
       248,-5.431521218E-03, 1.205690089E-03, 0.000000000E+00,-5.436603538E-03, 1.205648437E-03, 2.222222222E-03, 2.839547163E-07, 4.357527543E+02, 7.676210565E+02, 3.000000000E+02, 1.176655108E+00, 2.350000000E+01, 2.350000000E+01, 1.862915775E+03
       249,-6.011850201E-03, 7.922861259E-04, 0.000000000E+00,-6.015573666E-03, 7.920877464E-04, 2.222222222E-03, 2.752488621E-07, 4.365926978E+02, 7.691704627E+02, 3.000000000E+02, 1.176655108E+00, 2.350000000E+01, 2.350000000E+01, 1.862915775E+03
       250,-6.524288096E-03, 2.850923338E-04, 0.000000000E+00,-6.526984915E-03, 2.849829770E-04, 2.222222222E-03, 2.620050421E-07, 4.374868364E+02, 7.708193929E+02, 3.000000000E+02, 1.176655108E+00, 2.350000000E+01, 2.350000000E+01, 1.862915775E+03
       251,-6.955388468E-03,-3.038851719E-04, 0.000000000E+00,-6.957342680E-03,-3.037434523E-04, 2.222222222E-03, 2.453450934E-07, 4.384123288E+02, 7.725250842E+02, 3.000000000E+02, 1.176655108E+00, 2.350000000E+01, 2.350000000E+01, 1.862915775E+03
       252,-7.294516545E-03,-9.608850814E-04, 0.000000000E+00,-7.295972874E-03,-9.603887563E-04, 2.222222222E-03, 2.263324229E-07, 4.393499320E+02, 7.742310876E+02, 3.000000000E+02, 1.176655108E+00, 2.350000000E+01, 2.350000000E+01, 1.862915775E+03
       253,-7.533904165E-03,-1.671022968E-03, 0.000000000E+00,-7.535076791E-03,-1.670115774E-03, 2.222222222E-03, 2.059284136E-07, 4.402757444E+02, 7.758696337E+02, 3.000000000E+02, 1.176655108E+00, 2.350000000E+01, 2.350000000E+01, 1.862915775E+03
       254,-7.668373175E-03,-2.418801188E-03, 0.000000000E+00,-7.669443886E-03,-2.417477524E-03, 2.222222222E-03, 1.849823023E-07, 4.411669628E+02, 7.773552302E+02, 3.000000000E+02, 1.176655108E+00, 2.350000000E+01, 2.350000000E+01, 1.862915775E+03
       255,-7.694921922E-03,-3.188406816E-03, 0.000000000E+00,-7.696035611E-03,-3.186731184E-03, 2.222222222E-03, 1.642515946E-07, 4.420023982E+02, 7.786092915E+02, 3.000000000E+02, 1.176655108E+00, 2.350000000E+01, 2.350000000E+01, 1.862915775E+03
       256,-7.612383459E-03,-3.963812254E-03, 0.000000000E+00,-7.613613906E-03,-3.961954225E-03, 2.222222222E-03, 1.444407533E-07, 4.427764545E+02, 7.795939865E+02, 3.000000000E+02, 1.176655108E+00, 2.350000000E+01, 2.350000000E+01, 1.862915775E+03
       257,-7.421359420E-03,-4.728841595E-03, 0.000000000E+00,-7.422650002E-03,-4.727106404E-03, 2.222222222E-03, 1.262299907E-07, 4.434912620E+02, 7.802926488E+02, 3.000000000E+02, 1.176655108E+00, 2.350000000E+01, 2.350000000E+01, 1.862915775E+03
       258,-7.124718279E-03,-5.467611831E-03, 0.000000000E+00,-7.125819150E-03,-5.466400625E-03, 2.222222222E-03, 1.102404541E-07, 4.441326842E+02, 7.806503913E+02, 3.000000000E+02, 1.176655108E+00, 2.350000000E+01, 2.350000000E+01, 1.862915775E+03
       259,-6.728594657E-03,-6.165838335E-03, 0.000000000E+00,-6.729106961E-03,-6.165471080E-03, 2.222222222E-03, 9.688553561E-08, 4.446876475E+02, 7.806324201E+02, 3.000000000E+02, 1.176655108E+00, 2.350000000E+01, 2.350000000E+01, 1.862915775E+03
       260, 1.699679648E-03,-5.383822136E-03, 0.000000000E+00, 1.699535399E-03,-5.388639907E-03, 2.222222222E-03, 2.828141089E-07, 4.358784068E+02, 7.678587196E+02, 3.000000000E+02, 1.176655108E+00, 2.350000000E+01, 2.350000000E+01, 1.862915775E+03
       261, 1.324309851E-03,-5.967447534E-03, 0.000000000E+00, 1.323946159E-03,-5.971075149E-03, 2.222222222E-03, 2.740225489E-07, 4.366752453E+02, 7.693347601E+02, 3.000000000E+02, 1.176655108E+00, 2.350000000E+01, 2.350000000E+01, 1.862915775E+03
       262, 8.559104172E-04,-6.495890673E-03, 0.000000000E+00, 8.555748186E-04,-6.498570156E-03, 2.222222222E-03, 2.612360748E-07, 4.375266483E+02, 7.709017105E+02, 3.000000000E+02, 1.176655108E+00, 2.350000000E+01, 2.350000000E+01, 1.862915775E+03
       263, 3.038851719E-04,-6.955388468E-03, 0.000000000E+00, 3.037434523E-04,-6.957342680E-03, 2.222222222E-03, 2.453450934E-07, 4.384123288E+02, 7.725250842E+02, 3.000000000E+02, 1.176655108E+00, 2.350000000E+01, 2.350000000E+01, 1.862915775E+03
       264,-3.203923407E-04,-7.334056310E-03, 0.000000000E+00,-3.202278613E-04,-7.335488397E-03, 2.222222222E-03, 2.272373535E-07, 4.393149643E+02, 7.741571402E+02, 3.000000000E+02, 1.176655108E+00, 2.350000000E+01, 2.350000000E+01, 1.862915775E+03
       265,-1.004003454E-03,-7.622551173E-03, 0.000000000E+00,-1.003459711E-03,-7.623647769E-03, 2.222222222E-03, 2.077442852E-07, 4.402130848E+02, 7.757420054E+02, 3.000000000E+02, 1.176655108E+00, 2.350000000E+01, 2.350000000E+01, 1.862915775E+03
       266,-1.733046374E-03,-7.814127021E-03, 0.000000000E+00,-1.732085385E-03,-7.815056801E-03, 2.222222222E-03, 1.876089561E-07, 4.410851009E+02, 7.772166916E+02, 3.000000000E+02, 1.176655108E+00, 2.350000000E+01, 2.350000000E+01, 1.862915775E+03
       267,-2.493091626E-03,-7.904384285E-03, 0.000000000E+00,-2.491718129E-03,-7.905296138E-03, 2.222222222E-03, 1.674828429E-07, 4.419142483E+02, 7.784993280E+02, 3.000000000E+02, 1.176655108E+00, 2.350000000E+01, 2.350000000E+01, 1.862915775E+03
       268,-3.269452602E-03,-7.890911773E-03, 0.000000000E+00,-3.267735654E-03,-7.891926066E-03, 2.222222222E-03, 1.479471862E-07, 4.426857978E+02, 7.795175995E+02, 3.000000000E+02, 1.176655108E+00, 2.350000000E+01, 2.350000000E+01, 1.862915775E+03
       269,-4.047283437E-03,-7.772990502E-03, 0.000000000E+00,-4.045393226E-03,-7.774159495E-03, 2.222222222E-03, 1.295480490E-07, 4.434037240E+02, 7.802591517E+02, 3.000000000E+02, 1.176655108E+00, 2.350000000E+01, 2.350000000E+01, 1.862915775E+03
       270,-4.811650142E-03,-7.551528513E-03, 0.000000000E+00,-4.809889457E-03,-7.552779275E-03, 2.222222222E-03, 1.128205650E-07, 4.440655233E+02, 7.806790571E+02, 3.000000000E+02, 1.176655108E+00, 2.350000000E+01, 2.350000000E+01, 1.862915775E+03
       271,-5.547930021E-03,-7.229497191E-03, 0.000000000E+00,-5.546696280E-03,-7.230568675E-03, 2.222222222E-03, 9.825565800E-08, 4.446536502E+02, 7.806937364E+02, 3.000000000E+02, 1.176655108E+00, 2.350000000E+01, 2.350000000E+01, 1.862915775E+03
       272,-6.242961157E-03,-6.812790874E-03, 0.000000000E+00,-6.242572658E-03,-6.813279854E-03, 2.222222222E-03, 8.616644993E-08, 4.451575047E+02, 7.802461935E+02, 3.000000000E+02, 1.176655108E+00, 2.350000000E+01, 2.350000000E+01, 1.862915775E+03
       273, 1.472919947E-03,-4.263445735E-03, 0.000000000E+00, 1.473390420E-03,-4.260728263E-03, 2.222222222E-03, 1.966541805E-07, 4.342506388E+02, 7.647051498E+02, 3.000000000E+02, 1.176655108E+00, 2.350000000E+01, 2.350000000E+01, 1.862915775E+03
       274, 1.105014235E-03,-3.793831449E-03, 0.000000000E+00, 1.105177799E-03,-3.791803172E-03, 2.222222222E-03, 2.300598633E-07, 4.336733486E+02, 7.634799813E+02, 3.000000000E+02, 1.176655108E+00, 2.350000000E+01, 2.350000000E+01, 1.862915775E+03
       275, 6.834039814E-04,-3.274802119E-03, 0.000000000E+00, 6.834418933E-04,-3.273520122E-03, 2.222222222E-03, 2.456874259E-07, 4.330958144E+02, 7.624930123E+02, 3.000000000E+02, 1.176655108E+00, 2.350000000E+01, 2.350000000E+01, 1.862915775E+03
       276, 2.319376072E-04,-2.739927266E-03, 0.000000000E+00, 2.319417587E-04,-2.739228603E-03, 2.222222222E-03, 2.485420208E-07, 4.326430079E+02, 7.617009611E+02, 3.000000000E+02, 1.176655108E+00, 2.350000000E+01, 2.350000000E+01, 1.862915775E+03
       277,-2.346446418E-04,-2.210489940E-03, 0.000000000E+00,-2.346452175E-04,-2.210158195E-03, 2.222222222E-03, 2.454753016E-07, 4.323212623E+02, 7.611215269E+02, 3.000000000E+02, 1.176655108E+00, 2.350000000E+01, 2.350000000E+01, 1.862915775E+03
       278,-7.107050042E-04,-1.695697312E-03, 0.000000000E+00,-7.106966134E-04,-1.695562456E-03, 2.222222222E-03, 2.417426907E-07, 4.321338985E+02, 7.607557355E+02, 3.000000000E+02, 1.176655108E+00, 2.350000000E+01, 2.350000000E+01, 1.862915775E+03
       279,-1.196676865E-03,-1.196676749E-03, 0.000000000E+00,-1.196633351E-03,-1.196633351E-03, 2.222222222E-03, 2.402090345E-07, 4.320724338E+02, 7.606147356E+02, 3.000000000E+02, 1.176655108E+00, 2.350000000E+01, 2.350000000E+01, 1.862915775E+03
       280,-1.695697312E-03,-7.107050042E-04, 0.000000000E+00,-1.695562456E-03,-7.106966134E-04, 2.222222222E-03, 2.417426907E-07, 4.321338985E+02, 7.607557355E+02, 3.000000000E+02, 1.176655108E+00, 2.350000000E+01, 2.350000000E+01, 1.862915775E+03
       281,-2.210489940E-03,-2.346446418E-04, 0.000000000E+00,-2.210158195E-03,-2.346452175E-04, 2.222222222E-03, 2.454753016E-07, 4.323212623E+02, 7.611215269E+02, 3.000000000E+02, 1.176655108E+00, 2.350000000E+01, 2.350000000E+01, 1.862915775E+03
       282,-2.739927033E-03, 2.319376072E-04, 0.000000000E+00,-2.739228603E-03, 2.319417587E-04, 2.222222222E-03, 2.485420208E-07, 4.326430079E+02, 7.617009611E+02, 3.000000000E+02, 1.176655108E+00, 2.350000000E+01, 2.350000000E+01, 1.862915775E+03
       283,-3.274802119E-03, 6.834039814E-04, 0.000000000E+00,-3.273520122E-03, 6.834418933E-04, 2.222222222E-03, 2.456874259E-07, 4.330958144E+02, 7.624930123E+02, 3.000000000E+02, 1.176655108E+00, 2.350000000E+01, 2.350000000E+01, 1.862915775E+03
       284,-3.793831216E-03, 1.105014235E-03, 0.000000000E+00,-3.791803172E-03, 1.105177799E-03, 2.222222222E-03, 2.300598633E-07, 4.336733486E+02, 7.634799813E+02, 3.000000000E+02, 1.176655108E+00, 2.350000000E+01, 2.350000000E+01, 1.862915775E+03
       285,-4.263445735E-03, 1.472919947E-03, 0.000000000E+00,-4.260728263E-03, 1.473390420E-03, 2.222222222E-03, 1.966541805E-07, 4.342506388E+02, 7.647051498E+02, 3.000000000E+02, 1.176655108E+00, 2.350000000E+01, 2.350000000E+01, 1.862915775E+03
       286, 1.515527954E-03,-4.798797891E-03, 0.000000000E+00, 1.516020112E-03,-4.805636929E-03, 2.222222222E-03, 2.870042210E-07, 4.349346361E+02, 7.661447208E+02, 3.000000000E+02, 1.176655108E+00, 2.350000000E+01, 2.350000000E+01, 1.862915775E+03
       287,-4.758851137E-03, 1.974285115E-03, 0.000000000E+00,-4.765141668E-03, 1.974750169E-03, 2.222222222E-03, 2.867530946E-07, 4.350983833E+02, 7.664361811E+02, 3.000000000E+02, 1.176655108E+00, 2.350000000E+01, 2.350000000E+01, 1.862915775E+03
       288,-5.383822136E-03, 1.699679531E-03, 0.000000000E+00,-5.388639907E-03, 1.699535399E-03, 2.222222222E-03, 2.828141089E-07, 4.358784068E+02, 7.678587196E+02, 3.000000000E+02, 1.176655108E+00, 2.350000000E+01, 2.350000000E+01, 1.862915775E+03
       289,-5.967448000E-03, 1.324309851E-03, 0.000000000E+00,-5.971075149E-03, 1.323946159E-03, 2.222222222E-03, 2.740225489E-07, 4.366752453E+02, 7.693347601E+02, 3.000000000E+02, 1.176655108E+00, 2.350000000E+01, 2.350000000E+01, 1.862915775E+03
       290,-6.495890208E-03, 8.559104172E-04, 0.000000000E+00,-6.498570156E-03, 8.555748186E-04, 2.222222222E-03, 2.612360748E-07, 4.375266483E+02, 7.709017105E+02, 3.000000000E+02, 1.176655108E+00, 2.350000000E+01, 2.350000000E+01, 1.862915775E+03
       291,-6.955388468E-03, 3.038851719E-04, 0.000000000E+00,-6.957342680E-03, 3.037434523E-04, 2.222222222E-03, 2.453450934E-07, 4.384123288E+02, 7.725250842E+02, 3.000000000E+02, 1.176655108E+00, 2.350000000E+01, 2.350000000E+01, 1.862915775E+03
       292,-7.334056310E-03,-3.203923407E-04, 0.000000000E+00,-7.335488397E-03,-3.202278613E-04, 2.222222222E-03, 2.272373535E-07, 4.393149643E+02, 7.741571402E+02, 3.000000000E+02, 1.176655108E+00, 2.350000000E+01, 2.350000000E+01, 1.862915775E+03
       293,-7.622551639E-03,-1.004003454E-03, 0.000000000E+00,-7.623647769E-03,-1.003459711E-03, 2.222222222E-03, 2.077442852E-07, 4.402130848E+02, 7.757420054E+02, 3.000000000E+02, 1.176655108E+00, 2.350000000E+01, 2.350000000E+01, 1.862915775E+03
       294,-7.814127952E-03,-1.733046374E-03, 0.000000000E+00,-7.815056801E-03,-1.732085385E-03, 2.222222222E-03, 1.876089561E-07, 4.410851009E+02, 7.772166916E+02, 3.000000000E+02, 1.176655108E+00, 2.350000000E+01, 2.350000000E+01, 1.862915775E+03
       295,-7.904383354E-03,-2.493091626E-03, 0.000000000E+00,-7.905296138E-03,-2.491718129E-03, 2.222222222E-03, 1.674828429E-07, 4.419142483E+02, 7.784993280E+02, 3.000000000E+02, 1.176655108E+00, 2.350000000E+01, 2.350000000E+01, 1.862915775E+03
       296,-7.890912704E-03,-3.269452602E-03, 0.000000000E+00,-7.891926066E-03,-3.267735654E-03, 2.222222222E-03, 1.479471862E-07, 4.426857978E+02, 7.795175995E+02, 3.000000000E+02, 1.176655108E+00, 2.350000000E+01, 2.350000000E+01, 1.862915775E+03
       297,-7.772990502E-03,-4.047283437E-03, 0.000000000E+00,-7.774159495E-03,-4.045393226E-03, 2.222222222E-03, 1.295480490E-07, 4.434037240E+02, 7.802591517E+02, 3.000000000E+02, 1.176655108E+00, 2.350000000E+01, 2.350000000E+01, 1.862915775E+03
       298,-7.551528513E-03,-4.811650142E-03, 0.000000000E+00,-7.552779275E-03,-4.809889457E-03, 2.222222222E-03, 1.128205650E-07, 4.440655233E+02, 7.806790571E+02, 3.000000000E+02, 1.176655108E+00, 2.350000000E+01, 2.350000000E+01, 1.862915775E+03
       299,-7.229497191E-03,-5.547930021E-03, 0.000000000E+00,-7.230568675E-03,-5.546696280E-03, 2.222222222E-03, 9.825565800E-08, 4.446536502E+02, 7.806937364E+02, 3.000000000E+02, 1.176655108E+00, 2.350000000E+01, 2.350000000E+01, 1.862915775E+03
       300,-6.812790874E-03,-6.242961157E-03, 0.000000000E+00,-6.813279854E-03,-6.242572658E-03, 2.222222222E-03, 8.616644993E-08, 4.451575047E+02, 7.802461935E+02, 3.000000000E+02, 1.176655108E+00, 2.350000000E+01, 2.350000000E+01, 1.862915775E+03
       301, 2.202999080E-03,-5.311942194E-03, 0.000000000E+00, 2.202736833E-03,-5.316474341E-03, 2.222222222E-03, 2.811262393E-07, 4.360425265E+02, 7.681642254E+02, 3.000000000E+02, 1.176655108E+00, 2.350000000E+01, 2.350000000E+01, 1.862915775E+03
       302, 1.861433731E-03,-5.897692870E-03, 0.000000000E+00, 1.860876737E-03,-5.901199280E-03, 2.222222222E-03, 2.721160792E-07, 4.367984543E+02, 7.695762455E+02, 3.000000000E+02, 1.176655108E+00, 2.350000000E+01, 2.350000000E+01, 1.862915775E+03
       303, 1.428502379E-03,-6.438191980E-03, 0.000000000E+00, 1.427922833E-03,-6.440843960E-03, 2.222222222E-03, 2.596774000E-07, 4.376062892E+02, 7.710649296E+02, 3.000000000E+02, 1.176655108E+00, 2.350000000E+01, 2.350000000E+01, 1.862915775E+03
       304, 9.117963491E-04,-6.921058521E-03, 0.000000000E+00, 9.113663295E-04,-6.923020410E-03, 2.222222222E-03, 2.444807697E-07, 4.384500831E+02, 7.726045701E+02, 3.000000000E+02, 1.176655108E+00, 2.350000000E+01, 2.350000000E+01, 1.862915775E+03
       305, 3.203923407E-04,-7.334056310E-03, 0.000000000E+00, 3.202278613E-04,-7.335488397E-03, 2.222222222E-03, 2.272373535E-07, 4.393149643E+02, 7.741571402E+02, 3.000000000E+02, 1.176655108E+00, 2.350000000E+01, 2.350000000E+01, 1.862915775E+03
       306,-3.348918108E-04,-7.666668389E-03, 0.000000000E+00,-3.347110786E-04,-7.667727582E-03, 2.222222222E-03, 2.086515904E-07, 4.401815389E+02, 7.756759247E+02, 3.000000000E+02, 1.176655108E+00, 2.350000000E+01, 2.350000000E+01, 1.862915775E+03
       307,-1.041877433E-03,-7.910689339E-03, 0.000000000E+00,-1.041299499E-03,-7.911525037E-03, 2.222222222E-03, 1.893745972E-07, 4.410302496E+02, 7.771095903E+02, 3.000000000E+02, 1.176655108E+00, 2.350000000E+01, 2.350000000E+01, 1.862915775E+03
       308,-1.787526067E-03,-8.060268126E-03, 0.000000000E+00,-1.786525960E-03,-8.061020471E-03, 2.222222222E-03, 1.699808412E-07, 4.418439865E+02, 7.783965868E+02, 3.000000000E+02, 1.176655108E+00, 2.350000000E+01, 2.350000000E+01, 1.862915775E+03
       309,-2.558346372E-03,-8.111690171E-03, 0.000000000E+00,-2.556936555E-03,-8.112486160E-03, 2.222222222E-03, 1.509696745E-07, 4.426124126E+02, 7.794538738E+02, 3.000000000E+02, 1.176655108E+00, 2.350000000E+01, 2.350000000E+01, 1.862915775E+03
       310,-3.340641037E-03,-8.063064888E-03, 0.000000000E+00,-3.338894105E-03,-8.064006212E-03, 2.222222222E-03, 1.327867321E-07, 4.433261774E+02, 7.802330290E+02, 3.000000000E+02, 1.176655108E+00, 2.350000000E+01, 2.350000000E+01, 1.862915775E+03
       311,-4.120601807E-03,-7.914063521E-03, 0.000000000E+00,-4.118688886E-03,-7.915188210E-03, 2.222222222E-03, 1.158555556E-07, 4.439930257E+02, 7.807088978E+02, 3.000000000E+02, 1.176655108E+00, 2.350000000E+01, 2.350000000E+01, 1.862915775E+03
       312,-4.884386901E-03,-7.665866055E-03, 0.000000000E+00,-4.882607926E-03,-7.667087713E-03, 2.222222222E-03, 1.005980894E-07, 4.445978274E+02, 7.807881040E+02, 3.000000000E+02, 1.176655108E+00, 2.350000000E+01, 2.350000000E+01, 1.862915775E+03
       313,-5.618479569E-03,-7.321532350E-03, 0.000000000E+00,-5.617229112E-03,-7.322582131E-03, 2.222222222E-03, 8.740336338E-08, 4.451299493E+02, 7.803591575E+02, 3.000000000E+02, 1.176655108E+00, 2.350000000E+01, 2.350000000E+01, 1.862915775E+03
       314,-6.310703699E-03,-6.886746269E-03, 0.000000000E+00,-6.310299312E-03,-6.887218010E-03, 2.222222222E-03, 7.650784568E-08, 4.455799356E+02, 7.793167419E+02, 3.000000000E+02, 1.176655108E+00, 2.350000000E+01, 2.350000000E+01, 1.862915775E+03
       315, 1.923790202E-03,-4.241774324E-03, 0.000000000E+00, 1.924159478E-03,-4.239099088E-03, 2.222222222E-03, 2.002059256E-07, 4.344262517E+02, 7.650022036E+02, 3.000000000E+02, 1.176655108E+00, 2.350000000E+01, 2.350000000E+01, 1.862915775E+03
       316, 1.566258492E-03,-3.786146874E-03, 0.000000000E+00, 1.566395273E-03,-3.784172611E-03, 2.222222222E-03, 2.368408095E-07, 4.338252505E+02, 7.637153473E+02, 3.000000000E+02, 1.176655108E+00, 2.350000000E+01, 2.350000000E+01, 1.862915775E+03
       317, 1.148613635E-03,-3.272738541E-03, 0.000000000E+00, 1.148645840E-03,-3.271485352E-03, 2.222222222E-03, 2.515124365E-07, 4.332017125E+02, 7.626526256E+02, 3.000000000E+02, 1.176655108E+00, 2.350000000E+01, 2.350000000E+01, 1.862915775E+03
       318, 6.987594534E-04,-2.739595016E-03, 0.000000000E+00, 6.987644983E-04,-2.738905133E-03, 2.222222222E-03, 2.516646325E-07, 4.326963394E+02, 7.617808421E+02, 3.000000000E+02, 1.176655108E+00, 2.350000000E+01, 2.350000000E+01, 1.862915775E+03
       319, 2.346446563E-04,-2.210489940E-03, 0.000000000E+00, 2.346452175E-04,-2.210158195E-03, 2.222222222E-03, 2.454753016E-07, 4.323212623E+02, 7.611215269E+02, 3.000000000E+02, 1.176655108E+00, 2.350000000E+01, 2.350000000E+01, 1.862915775E+03
       320,-2.359194477E-04,-1.695908722E-03, 0.000000000E+00,-2.359190838E-04,-1.695772123E-03, 2.222222222E-03, 2.387899062E-07, 4.320802756E+02, 7.606741876E+02, 3.000000000E+02, 1.176655108E+00, 2.350000000E+01, 2.350000000E+01, 1.862915775E+03
       321,-7.122419192E-04,-1.197470468E-03, 0.000000000E+00,-7.122327240E-04,-1.197425976E-03, 2.222222222E-03, 2.347967088E-07, 4.319630446E+02, 7.604330851E+02, 3.000000000E+02, 1.176655108E+00, 2.350000000E+01, 2.350000000E+01, 1.862915775E+03
       322,-1.197470468E-03,-7.122419192E-04, 0.000000000E+00,-1.197425976E-03,-7.122327240E-04, 2.222222222E-03, 2.347967088E-07, 4.319630446E+02, 7.604330851E+02, 3.000000000E+02, 1.176655108E+00, 2.350000000E+01, 2.350000000E+01, 1.862915775E+03
       323,-1.695908722E-03,-2.359194477E-04, 0.000000000E+00,-1.695772123E-03,-2.359190838E-04, 2.222222222E-03, 2.387899062E-07, 4.320802756E+02, 7.606741876E+02, 3.000000000E+02, 1.176655108E+00, 2.350000000E+01, 2.350000000E+01, 1.862915775E+03
       324,-2.210489940E-03, 2.346446418E-04, 0.000000000E+00,-2.210158195E-03, 2.346452175E-04, 2.222222222E-03, 2.454753016E-07, 4.323212623E+02, 7.611215269E+02, 3.000000000E+02, 1.176655108E+00, 2.350000000E+01, 2.350000000E+01, 1.862915775E+03
       325,-2.739595016E-03, 6.987594534E-04, 0.000000000E+00,-2.738905133E-03, 6.987644983E-04, 2.222222222E-03, 2.516646325E-07, 4.326963394E+02, 7.617808421E+02, 3.000000000E+02, 1.176655108E+00, 2.350000000E+01, 2.350000000E+01, 1.862915775E+03
       326,-3.272738541E-03, 1.148613635E-03, 0.000000000E+00,-3.271485352E-03, 1.148645840E-03, 2.222222222E-03, 2.515124365E-07, 4.332017125E+02, 7.626526256E+02, 3.000000000E+02, 1.176655108E+00, 2.350000000E+01, 2.350000000E+01, 1.862915775E+03
       327,-3.786146874E-03, 1.566258492E-03, 0.000000000E+00,-3.784172611E-03, 1.566395273E-03, 2.222222222E-03, 2.368408095E-07, 4.338252505E+02, 7.637153473E+02, 3.000000000E+02, 1.176655108E+00, 2.350000000E+01, 2.350000000E+01, 1.862915775E+03
       328,-4.241774324E-03, 1.923790085E-03, 0.000000000E+00,-4.239099088E-03, 1.924159478E-03, 2.222222222E-03, 2.002059256E-07, 4.344262517E+02, 7.650022036E+02, 3.000000000E+02, 1.176655108E+00, 2.350000000E+01, 2.350000000E+01, 1.862915775E+03
       329, 1.974285115E-03,-4.758850671E-03, 0.000000000E+00, 1.974750169E-03,-4.765141668E-03, 2.222222222E-03, 2.867530946E-07, 4.350983833E+02, 7.664361811E+02, 3.000000000E+02, 1.176655108E+00, 2.350000000E+01, 2.350000000E+01, 1.862915775E+03
       330,-4.690376110E-03, 2.445182297E-03, 0.000000000E+00,-4.696146722E-03, 2.445683699E-03, 2.222222222E-03, 2.860499029E-07, 4.352926492E+02, 7.667774444E+02, 3.000000000E+02, 1.176655108E+00, 2.350000000E+01, 2.350000000E+01, 1.862915775E+03
       331,-5.311942659E-03, 2.202998847E-03, 0.000000000E+00,-5.316474341E-03, 2.202736833E-03, 2.222222222E-03, 2.811262393E-07, 4.360425265E+02, 7.681642254E+02, 3.000000000E+02, 1.176655108E+00, 2.350000000E+01, 2.350000000E+01, 1.862915775E+03
       332,-5.897692870E-03, 1.861433731E-03, 0.000000000E+00,-5.901199280E-03, 1.860876737E-03, 2.222222222E-03, 2.721160792E-07, 4.367984543E+02, 7.695762455E+02, 3.000000000E+02, 1.176655108E+00, 2.350000000E+01, 2.350000000E+01, 1.862915775E+03
       333,-6.438191980E-03, 1.428502379E-03, 0.000000000E+00,-6.440843960E-03, 1.427922833E-03, 2.222222222E-03, 2.596774000E-07, 4.376062892E+02, 7.710649296E+02, 3.000000000E+02, 1.176655108E+00, 2.350000000E+01, 2.350000000E+01, 1.862915775E+03
       334,-6.921058986E-03, 9.117962909E-04, 0.000000000E+00,-6.923020410E-03, 9.113663295E-04, 2.222222222E-03, 2.444807697E-07, 4.384500831E+02, 7.726045701E+02, 3.000000000E+02, 1.176655108E+00, 2.350000000E+01, 2.350000000E+01, 1.862915775E+03
       335,-7.334056310E-03, 3.203923407E-04, 0.000000000E+00,-7.335488397E-03, 3.202278613E-04, 2.222222222E-03, 2.272373535E-07, 4.393149643E+02, 7.741571402E+02, 3.000000000E+02, 1.176655108E+00, 2.350000000E+01, 2.350000000E+01, 1.862915775E+03
       336,-7.666668389E-03,-3.348918108E-04, 0.000000000E+00,-7.667727582E-03,-3.347110786E-04, 2.222222222E-03, 2.086515904E-07, 4.401815389E+02, 7.756759247E+02, 3.000000000E+02, 1.176655108E+00, 2.350000000E+01, 2.350000000E+01, 1.862915775E+03
       337,-7.910689339E-03,-1.041877433E-03, 0.000000000E+00,-7.911525037E-03,-1.041299499E-03, 2.222222222E-03, 1.893745972E-07, 4.410302496E+02, 7.771095903E+02, 3.000000000E+02, 1.176655108E+00, 2.350000000E+01, 2.350000000E+01, 1.862915775E+03
       338,-8.060268126E-03,-1.787526067E-03, 0.000000000E+00,-8.061020471E-03,-1.786525960E-03, 2.222222222E-03, 1.699808412E-07, 4.418439865E+02, 7.783965868E+02, 3.000000000E+02, 1.176655108E+00, 2.350000000E+01, 2.350000000E+01, 1.862915775E+03
       339,-8.111689240E-03,-2.558346605E-03, 0.000000000E+00,-8.112486160E-03,-2.556936555E-03, 2.222222222E-03, 1.509696745E-07, 4.426124126E+02, 7.794538738E+02, 3.000000000E+02, 1.176655108E+00, 2.350000000E+01, 2.350000000E+01, 1.862915775E+03
       340,-8.063064888E-03,-3.340641037E-03, 0.000000000E+00,-8.064006212E-03,-3.338894105E-03, 2.222222222E-03, 1.327867321E-07, 4.433261774E+02, 7.802330290E+02, 3.000000000E+02, 1.176655108E+00, 2.350000000E+01, 2.350000000E+01, 1.862915775E+03
       341,-7.914064452E-03,-4.120602272E-03, 0.000000000E+00,-7.915188210E-03,-4.118688886E-03, 2.222222222E-03, 1.158555556E-07, 4.439930257E+02, 7.807088978E+02, 3.000000000E+02, 1.176655108E+00, 2.350000000E+01, 2.350000000E+01, 1.862915775E+03
       342,-7.665866055E-03,-4.884386901E-03, 0.000000000E+00,-7.667087713E-03,-4.882607926E-03, 2.222222222E-03, 1.005980894E-07, 4.445978274E+02, 7.807881040E+02, 3.000000000E+02, 1.176655108E+00, 2.350000000E+01, 2.350000000E+01, 1.862915775E+03
       343,-7.321532350E-03,-5.618479569E-03, 0.000000000E+00,-7.322582131E-03,-5.617229112E-03, 2.222222222E-03, 8.740336338E-08, 4.451299493E+02, 7.803591575E+02, 3.000000000E+02, 1.176655108E+00, 2.350000000E+01, 2.350000000E+01, 1.862915775E+03
       344,-6.886746734E-03,-6.310703699E-03, 0.000000000E+00,-6.887218010E-03,-6.310299312E-03, 2.222222222E-03, 7.650784568E-08, 4.455799356E+02, 7.793167419E+02, 3.000000000E+02, 1.176655108E+00, 2.350000000E+01, 2.350000000E+01, 1.862915775E+03
       345, 2.713357564E-03,-5.206374452E-03, 0.000000000E+00, 2.713076960E-03,-5.210640046E-03, 2.222222222E-03, 2.788702372E-07, 4.362355874E+02, 7.685152165E+02, 3.000000000E+02, 1.176655108E+00, 2.350000000E+01, 2.350000000E+01, 1.862915775E+03
       346, 2.403895603E-03,-5.797763821E-03, 0.000000000E+00, 2.403159169E-03,-5.801149103E-03, 2.222222222E-03, 2.695014251E-07, 4.369590798E+02, 7.698813370E+02, 3.000000000E+02, 1.176655108E+00, 2.350000000E+01, 2.350000000E+01, 1.862915775E+03
       347, 2.003514441E-03,-6.349063478E-03, 0.000000000E+00, 2.002680111E-03,-6.351689214E-03, 2.222222222E-03, 2.573048775E-07, 4.377250323E+02, 7.713011225E+02, 3.000000000E+02, 1.176655108E+00, 2.350000000E+01, 2.350000000E+01, 1.862915775E+03
       348, 1.520022517E-03,-6.851681042E-03, 0.000000000E+00, 1.519294253E-03,-6.853661968E-03, 2.222222222E-03, 2.427401625E-07, 4.385254789E+02, 7.727610693E+02, 3.000000000E+02, 1.176655108E+00, 2.350000000E+01, 2.350000000E+01, 1.862915775E+03
       349, 9.608850814E-04,-7.294516545E-03, 0.000000000E+00, 9.603887563E-04,-7.295972874E-03, 2.222222222E-03, 2.263324229E-07, 4.393499320E+02, 7.742310876E+02, 3.000000000E+02, 1.176655108E+00, 2.350000000E+01, 2.350000000E+01, 1.862915775E+03
       350, 3.348918108E-04,-7.666668389E-03, 0.000000000E+00, 3.347110786E-04,-7.667727582E-03, 2.222222222E-03, 2.086515904E-07, 4.401815389E+02, 7.756759247E+02, 3.000000000E+02, 1.176655108E+00, 2.350000000E+01, 2.350000000E+01, 1.862915775E+03
       351,-3.476277634E-04,-7.958826609E-03, 0.000000000E+00,-3.474352841E-04,-7.959615742E-03, 2.222222222E-03, 1.902583010E-07, 4.410025491E+02, 7.770533142E+02, 3.000000000E+02, 1.176655108E+00, 2.350000000E+01, 2.350000000E+01, 1.862915775E+03
       352,-1.075144974E-03,-8.163781837E-03, 0.000000000E+00,-1.074542077E-03,-8.164427685E-03, 2.222222222E-03, 1.716633803E-07, 4.417971825E+02, 7.783134561E+02, 3.000000000E+02, 1.176655108E+00, 2.350000000E+01, 2.350000000E+01, 1.862915775E+03
       353,-1.835379633E-03,-8.276471868E-03, 0.000000000E+00,-1.834350826E-03,-8.277094226E-03, 2.222222222E-03, 1.533110724E-07, 4.425534615E+02, 7.793896742E+02, 3.000000000E+02, 1.176655108E+00, 2.350000000E+01, 2.350000000E+01, 1.862915775E+03
       354,-2.615664620E-03,-8.293782361E-03, 0.000000000E+00,-2.614228015E-03,-8.294493296E-03, 2.222222222E-03, 1.355837593E-07, 4.432666594E+02, 7.802164386E+02, 3.000000000E+02, 1.176655108E+00, 2.350000000E+01, 2.350000000E+01, 1.862915775E+03
       355,-3.403171198E-03,-8.214280009E-03, 0.000000000E+00,-3.401402345E-03,-8.215167840E-03, 2.222222222E-03, 1.188227927E-07, 4.439297507E+02, 7.807424718E+02, 3.000000000E+02, 1.176655108E+00, 2.350000000E+01, 2.350000000E+01, 1.862915775E+03
       356,-4.185003694E-03,-8.037978783E-03, 0.000000000E+00,-4.183073555E-03,-8.039071222E-03, 2.222222222E-03, 1.033569129E-07, 4.445400895E+02, 7.808927740E+02, 3.000000000E+02, 1.176655108E+00, 2.350000000E+01, 2.350000000E+01, 1.862915775E+03
       357,-4.948277026E-03,-7.766297087E-03, 0.000000000E+00,-4.946484884E-03,-7.767497903E-03, 2.222222222E-03, 8.951963111E-08, 4.450854953E+02, 7.805374459E+02, 3.000000000E+02, 1.176655108E+00, 2.350000000E+01, 2.350000000E+01, 1.862915775E+03
       358,-5.680448376E-03,-7.402373943E-03, 0.000000000E+00,-5.679185712E-03,-7.403407481E-03, 2.222222222E-03, 7.762011376E-08, 4.455591002E+02, 7.795013240E+02, 3.000000000E+02, 1.176655108E+00, 2.350000000E+01, 2.350000000E+01, 1.862915775E+03
       359,-6.370206829E-03,-6.951706950E-03, 0.000000000E+00,-6.369790615E-03,-6.952165515E-03, 2.222222222E-03, 6.783630993E-08, 4.459520686E+02, 7.775848451E+02, 3.000000000E+02, 1.176655108E+00, 2.350000000E+01, 2.350000000E+01, 1.862915775E+03
       360, 2.389516216E-03,-4.195754416E-03, 0.000000000E+00, 2.389561774E-03,-4.193066099E-03, 2.222222222E-03, 1.968936448E-07, 4.346425589E+02, 7.653629562E+02, 3.000000000E+02, 1.176655108E+00, 2.350000000E+01, 2.350000000E+01, 1.862915775E+03
       361, 2.043796936E-03,-3.767024959E-03, 0.000000000E+00, 2.043787620E-03,-3.765092992E-03, 2.222222222E-03, 2.424723654E-07, 4.340324853E+02, 7.640384697E+02, 3.000000000E+02, 1.176655108E+00, 2.350000000E+01, 2.350000000E+01, 1.862915775E+03
       362, 1.627297723E-03,-3.266078653E-03, 0.000000000E+00, 1.627266822E-03,-3.264859731E-03, 2.222222222E-03, 2.589988215E-07, 4.333655306E+02, 7.629012555E+02, 3.000000000E+02, 1.176655108E+00, 2.350000000E+01, 2.350000000E+01, 1.862915775E+03
       363, 1.174206031E-03,-2.737849019E-03, 0.000000000E+00, 1.174186653E-03,-2.737174383E-03, 2.222222222E-03, 2.575505291E-07, 4.328054388E+02, 7.619452755E+02, 3.000000000E+02, 1.176655108E+00, 2.350000000E+01, 2.350000000E+01, 1.862915775E+03
       364, 7.068806444E-04,-2.210218227E-03, 0.000000000E+00, 7.068750987E-04,-2.209890539E-03, 2.222222222E-03, 2.485266137E-07, 4.323750346E+02, 7.612022033E+02, 3.000000000E+02, 1.176655108E+00, 2.350000000E+01, 2.350000000E+01, 1.862915775E+03
       365, 2.359194477E-04,-1.695908722E-03, 0.000000000E+00, 2.359190838E-04,-1.695772123E-03, 2.222222222E-03, 2.387899062E-07, 4.320802756E+02, 7.606741876E+02, 3.000000000E+02, 1.176655108E+00, 2.350000000E+01, 2.350000000E+01, 1.862915775E+03
       366,-2.364317479E-04,-1.197621343E-03, 0.000000000E+00,-2.364311802E-04,-1.197576375E-03, 2.222222222E-03, 2.319352064E-07, 4.319098118E+02, 7.603485564E+02, 3.000000000E+02, 1.176655108E+00, 2.350000000E+01, 2.350000000E+01, 1.862915775E+03
       367,-7.127181161E-04,-7.127181161E-04, 0.000000000E+00,-7.127086700E-04,-7.127086700E-04, 2.222222222E-03, 2.295121611E-07, 4.318543652E+02, 7.602246422E+02, 3.000000000E+02, 1.176655108E+00, 2.350000000E+01, 2.350000000E+01, 1.862915775E+03
       368,-1.197621459E-03,-2.364317479E-04, 0.000000000E+00,-1.197576375E-03,-2.364311802E-04, 2.222222222E-03, 2.319352064E-07, 4.319098118E+02, 7.603485564E+02, 3.000000000E+02, 1.176655108E+00, 2.350000000E+01, 2.350000000E+01, 1.862915775E+03
       369,-1.695908722E-03, 2.359194477E-04, 0.000000000E+00,-1.695772123E-03, 2.359190838E-04, 2.222222222E-03, 2.387899062E-07, 4.320802756E+02, 7.606741876E+02, 3.000000000E+02, 1.176655108E+00, 2.350000000E+01, 2.350000000E+01, 1.862915775E+03
       370,-2.210218227E-03, 7.068805862E-04, 0.000000000E+00,-2.209890539E-03, 7.068750987E-04, 2.222222222E-03, 2.485266137E-07, 4.323750346E+02, 7.612022033E+02, 3.000000000E+02, 1.176655108E+00, 2.350000000E+01, 2.350000000E+01, 1.862915775E+03
       371,-2.737848787E-03, 1.174206147E-03, 0.000000000E+00,-2.737174383E-03, 1.174186653E-03, 2.222222222E-03, 2.575505291E-07, 4.328054388E+02, 7.619452755E+02, 3.000000000E+02, 1.176655108E+00, 2.350000000E+01, 2.350000000E+01, 1.862915775E+03
       372,-3.266078886E-03, 1.627297723E-03, 0.000000000E+00,-3.264859731E-03, 1.627266822E-03, 2.222222222E-03, 2.589988215E-07, 4.333655306E+02, 7.629012555E+02, 3.000000000E+02, 1.176655108E+00, 2.350000000E+01, 2.350000000E+01, 1.862915775E+03
       373,-3.767024959E-03, 2.043796936E-03, 0.000000000E+00,-3.765092992E-03, 2.043787620E-03, 2.222222222E-03, 2.424723654E-07, 4.340324853E+02, 7.640384697E+02, 3.000000000E+02, 1.176655108E+00, 2.350000000E+01, 2.350000000E+01, 1.862915775E+03
       374,-4.195754416E-03, 2.389516216E-03, 0.000000000E+00,-4.193066099E-03, 2.389561774E-03, 2.222222222E-03, 1.968936448E-07, 4.346425589E+02, 7.653629562E+02, 3.000000000E+02, 1.176655108E+00, 2.350000000E+01, 2.350000000E+01, 1.862915775E+03
       375, 2.445182297E-03,-4.690376576E-03, 0.000000000E+00, 2.445683699E-03,-4.696146722E-03, 2.222222222E-03, 2.860499029E-07, 4.352926492E+02, 7.667774444E+02, 3.000000000E+02, 1.176655108E+00, 2.350000000E+01, 2.350000000E+01, 1.862915775E+03
       376,-4.577010870E-03, 2.919380553E-03, 0.000000000E+00,-4.582323631E-03, 2.920204051E-03, 2.222222222E-03, 2.848773439E-07, 4.354922664E+02, 7.671263201E+02, 3.000000000E+02, 1.176655108E+00, 2.350000000E+01, 2.350000000E+01, 1.862915775E+03
       377,-5.206373986E-03, 2.713357564E-03, 0.000000000E+00,-5.210640046E-03, 2.713076960E-03, 2.222222222E-03, 2.788702372E-07, 4.362355874E+02, 7.685152165E+02, 3.000000000E+02, 1.176655108E+00, 2.350000000E+01, 2.350000000E+01, 1.862915775E+03
       378,-5.797763821E-03, 2.403895603E-03, 0.000000000E+00,-5.801149103E-03, 2.403159169E-03, 2.222222222E-03, 2.695014251E-07, 4.369590798E+02, 7.698813370E+02, 3.000000000E+02, 1.176655108E+00, 2.350000000E+01, 2.350000000E+01, 1.862915775E+03
       379,-6.349063478E-03, 2.003514208E-03, 0.000000000E+00,-6.351689214E-03, 2.002680111E-03, 2.222222222E-03, 2.573048775E-07, 4.377250323E+02, 7.713011225E+02, 3.000000000E+02, 1.176655108E+00, 2.350000000E+01, 2.350000000E+01, 1.862915775E+03
       380,-6.851681508E-03, 1.520022517E-03, 0.000000000E+00,-6.853661968E-03, 1.519294253E-03, 2.222222222E-03, 2.427401625E-07, 4.385254789E+02, 7.727610693E+02, 3.000000000E+02, 1.176655108E+00, 2.350000000E+01, 2.350000000E+01, 1.862915775E+03
       381,-7.294516545E-03, 9.608850814E-04, 0.000000000E+00,-7.295972874E-03, 9.603887563E-04, 2.222222222E-03, 2.263324229E-07, 4.393499320E+02, 7.742310876E+02, 3.000000000E+02, 1.176655108E+00, 2.350000000E+01, 2.350000000E+01, 1.862915775E+03
       382,-7.666668389E-03, 3.348918108E-04, 0.000000000E+00,-7.667727582E-03, 3.347110786E-04, 2.222222222E-03, 2.086515904E-07, 4.401815389E+02, 7.756759247E+02, 3.000000000E+02, 1.176655108E+00, 2.350000000E+01, 2.350000000E+01, 1.862915775E+03
       383,-7.958825678E-03,-3.476277634E-04, 0.000000000E+00,-7.959615742E-03,-3.474352841E-04, 2.222222222E-03, 1.902583010E-07, 4.410025491E+02, 7.770533142E+02, 3.000000000E+02, 1.176655108E+00, 2.350000000E+01, 2.350000000E+01, 1.862915775E+03
       384,-8.163782768E-03,-1.075145090E-03, 0.000000000E+00,-8.164427685E-03,-1.074542077E-03, 2.222222222E-03, 1.716633803E-07, 4.417971825E+02, 7.783134561E+02, 3.000000000E+02, 1.176655108E+00, 2.350000000E+01, 2.350000000E+01, 1.862915775E+03
       385,-8.276471868E-03,-1.835379633E-03, 0.000000000E+00,-8.277094226E-03,-1.834350826E-03, 2.222222222E-03, 1.533110724E-07, 4.425534615E+02, 7.793896742E+02, 3.000000000E+02, 1.176655108E+00, 2.350000000E+01, 2.350000000E+01, 1.862915775E+03
       386,-8.293781430E-03,-2.615664620E-03, 0.000000000E+00,-8.294493296E-03,-2.614228015E-03, 2.222222222E-03, 1.355837593E-07, 4.432666594E+02, 7.802164386E+02, 3.000000000E+02, 1.176655108E+00, 2.350000000E+01, 2.350000000E+01, 1.862915775E+03
       387,-8.214280009E-03,-3.403171431E-03, 0.000000000E+00,-8.215167840E-03,-3.401402345E-03, 2.222222222E-03, 1.188227927E-07, 4.439297507E+02, 7.807424718E+02, 3.000000000E+02, 1.176655108E+00, 2.350000000E+01, 2.350000000E+01, 1.862915775E+03
       388,-8.037978783E-03,-4.185003694E-03, 0.000000000E+00,-8.039071222E-03,-4.183073555E-03, 2.222222222E-03, 1.033569129E-07, 4.445400895E+02, 7.808927740E+02, 3.000000000E+02, 1.176655108E+00, 2.350000000E+01, 2.350000000E+01, 1.862915775E+03
       389,-7.766297087E-03,-4.948277026E-03, 0.000000000E+00,-7.767497903E-03,-4.946484884E-03, 2.222222222E-03, 8.951963111E-08, 4.450854953E+02, 7.805374459E+02, 3.000000000E+02, 1.176655108E+00, 2.350000000E+01, 2.350000000E+01, 1.862915775E+03
       390,-7.402373478E-03,-5.680448376E-03, 0.000000000E+00,-7.403407481E-03,-5.679185712E-03, 2.222222222E-03, 7.762011376E-08, 4.455591002E+02, 7.795013240E+02, 3.000000000E+02, 1.176655108E+00, 2.350000000E+01, 2.350000000E+01, 1.862915775E+03
       391,-6.951706950E-03,-6.370206829E-03, 0.000000000E+00,-6.952165515E-03,-6.369790615E-03, 2.222222222E-03, 6.783630993E-08, 4.459520686E+02, 7.775848451E+02, 3.000000000E+02, 1.176655108E+00, 2.350000000E+01, 2.350000000E+01, 1.862915775E+03
       392, 3.222265746E-03,-5.053125322E-03, 0.000000000E+00, 3.222262295E-03,-5.057138440E-03, 2.222222222E-03, 2.762282792E-07, 4.364343877E+02, 7.688708563E+02, 3.000000000E+02, 1.176655108E+00, 2.350000000E+01, 2.350000000E+01, 1.862915775E+03
       393, 2.948915819E-03,-5.659613758E-03, 0.000000000E+00, 2.948122221E-03,-5.662892348E-03, 2.222222222E-03, 2.662557657E-07, 4.371472224E+02, 7.702257846E+02, 3.000000000E+02, 1.176655108E+00, 2.350000000E+01, 2.350000000E+01, 1.862915775E+03
       394, 2.580357948E-03,-6.224496756E-03, 0.000000000E+00, 2.579302182E-03,-6.227109976E-03, 2.222222222E-03, 2.541347910E-07, 4.378795807E+02, 7.715933647E+02, 3.000000000E+02, 1.176655108E+00, 2.350000000E+01, 2.350000000E+01, 1.862915775E+03
       395, 2.128314460E-03,-6.745536346E-03, 0.000000000E+00, 2.127289082E-03,-6.747554879E-03, 2.222222222E-03, 2.401177187E-07, 4.386377320E+02, 7.729829244E+02, 3.000000000E+02, 1.176655108E+00, 2.350000000E+01, 2.350000000E+01, 1.862915775E+03
       396, 1.600411371E-03,-7.214880083E-03, 0.000000000E+00, 1.599578716E-03,-7.216388871E-03, 2.222222222E-03, 2.245168849E-07, 4.394195912E+02, 7.743754473E+02, 3.000000000E+02, 1.176655108E+00, 2.350000000E+01, 2.350000000E+01, 1.862915775E+03
       397, 1.004003454E-03,-7.622551639E-03, 0.000000000E+00, 1.003459711E-03,-7.623647769E-03, 2.222222222E-03, 2.077442852E-07, 4.402130848E+02, 7.757420054E+02, 3.000000000E+02, 1.176655108E+00, 2.350000000E+01, 2.350000000E+01, 1.862915775E+03
       398, 3.476277634E-04,-7.958825678E-03, 0.000000000E+00, 3.474352841E-04,-7.959615742E-03, 2.222222222E-03, 1.902583010E-07, 4.410025491E+02, 7.770533142E+02, 3.000000000E+02, 1.176655108E+00, 2.350000000E+01, 2.350000000E+01, 1.862915775E+03
       399,-3.588146938E-04,-8.215450682E-03, 0.000000000E+00,-3.586136349E-04,-8.216042617E-03, 2.222222222E-03, 1.725065344E-07, 4.417734682E+02, 7.782687756E+02, 3.000000000E+02, 1.176655108E+00, 2.350000000E+01, 2.350000000E+01, 1.862915775E+03
       400,-1.104366384E-03,-8.386092260E-03, 0.000000000E+00,-1.103745068E-03,-8.386597987E-03, 2.222222222E-03, 1.548905414E-07, 4.425144277E+02, 7.793338643E+02, 3.000000000E+02, 1.176655108E+00, 2.350000000E+01, 2.350000000E+01, 1.862915775E+03
       401,-1.877413015E-03,-8.466379717E-03, 0.000000000E+00,-1.876362993E-03,-8.466906087E-03, 2.222222222E-03, 1.377539697E-07, 4.432184079E+02, 7.801895305E+02, 3.000000000E+02, 1.176655108E+00, 2.350000000E+01, 2.350000000E+01, 1.862915775E+03
       402,-2.666011686E-03,-8.453726768E-03, 0.000000000E+00,-2.664555165E-03,-8.454375771E-03, 2.222222222E-03, 1.213893051E-07, 4.438830272E+02, 7.807782620E+02, 3.000000000E+02, 1.176655108E+00, 2.350000000E+01, 2.350000000E+01, 1.862915775E+03
       403,-3.458096180E-03,-8.347102441E-03, 0.000000000E+00,-3.456311250E-03,-8.347952245E-03, 2.222222222E-03, 1.060577416E-07, 4.444930483E+02, 7.809986707E+02, 3.000000000E+02, 1.176655108E+00, 2.350000000E+01, 2.350000000E+01, 1.862915775E+03
       404,-4.241572227E-03,-8.146822453E-03, 0.000000000E+00,-4.239630079E-03,-8.147892042E-03, 2.222222222E-03, 9.201463778E-08, 4.450420025E+02, 7.807350487E+02, 3.000000000E+02, 1.176655108E+00, 2.350000000E+01, 2.350000000E+01, 1.862915775E+03
       405,-5.004396662E-03,-7.854512893E-03, 0.000000000E+00,-5.002594932E-03,-7.855699044E-03, 2.222222222E-03, 7.952430639E-08, 4.455262709E+02, 7.797940514E+02, 3.000000000E+02, 1.176655108E+00, 2.350000000E+01, 2.350000000E+01, 1.862915775E+03
       406,-5.734879989E-03,-7.473382633E-03, 0.000000000E+00,-5.733608569E-03,-7.474404702E-03, 2.222222222E-03, 6.883319964E-08, 4.459380292E+02, 7.778741584E+02, 3.000000000E+02, 1.176655108E+00, 2.350000000E+01, 2.350000000E+01, 1.862915775E+03
       407,-6.422473118E-03,-7.008766755E-03, 0.000000000E+00,-6.422047710E-03,-7.009215332E-03, 2.222222222E-03, 6.007466350E-08, 4.462753787E+02, 7.746186492E+02, 3.000000000E+02, 1.176655108E+00, 2.350000000E+01, 2.350000000E+01, 1.862915775E+03
       408, 2.861072542E-03,-4.108740017E-03, 0.000000000E+00, 2.860492901E-03,-4.105989551E-03, 2.222222222E-03, 1.792225684E-07, 4.348770368E+02, 7.657542470E+02, 3.000000000E+02, 1.176655108E+00, 2.350000000E+01, 2.350000000E+01, 1.862915775E+03
       409, 2.536191139E-03,-3.726419527E-03, 0.000000000E+00, 2.535846315E-03,-3.724506962E-03, 2.222222222E-03, 2.423111697E-07, 4.342954460E+02, 7.644530855E+02, 3.000000000E+02, 1.176655108E+00, 2.350000000E+01, 2.350000000E+01, 1.862915775E+03
       410, 2.122275997E-03,-3.249506466E-03, 0.000000000E+00, 2.122078408E-03,-3.248319063E-03, 2.222222222E-03, 2.658579936E-07, 4.335913544E+02, 7.632478534E+02, 3.000000000E+02, 1.176655108E+00, 2.350000000E+01, 2.350000000E+01, 1.862915775E+03
       411, 1.663127216E-03,-2.732213587E-03, 0.000000000E+00, 1.663030475E-03,-2.731558181E-03, 2.222222222E-03, 2.652288667E-07, 4.329749634E+02, 7.622037753E+02, 3.000000000E+02, 1.176655108E+00, 2.350000000E+01, 2.350000000E+01, 1.862915775E+03
       412, 1.187741291E-03,-2.208789578E-03, 0.000000000E+00, 1.187705018E-03,-2.208469207E-03, 2.222222222E-03, 2.542934080E-07, 4.324852305E+02, 7.613693731E+02, 3.000000000E+02, 1.176655108E+00, 2.350000000E+01, 2.350000000E+01, 1.862915775E+03
       413, 7.107050042E-04,-1.695697312E-03, 0.000000000E+00, 7.106966134E-04,-1.695562456E-03, 2.222222222E-03, 2.417426907E-07, 4.321338985E+02, 7.607557355E+02, 3.000000000E+02, 1.176655108E+00, 2.350000000E+01, 2.350000000E+01, 1.862915775E+03
       414, 2.364317479E-04,-1.197621459E-03, 0.000000000E+00, 2.364311802E-04,-1.197576375E-03, 2.222222222E-03, 2.319352064E-07, 4.319098118E+02, 7.603485564E+02, 3.000000000E+02, 1.176655108E+00, 2.350000000E+01, 2.350000000E+01, 1.862915775E+03
       415,-2.365904802E-04,-7.128086872E-04, 0.000000000E+00,-2.365898834E-04,-7.127991209E-04, 2.222222222E-03, 2.267174147E-07, 4.318015653E+02, 7.601315657E+02, 3.000000000E+02, 1.176655108E+00, 2.350000000E+01, 2.350000000E+01, 1.862915775E+03
       416,-7.128086872E-04,-2.365904802E-04, 0.000000000E+00,-7.127991209E-04,-2.365898834E-04, 2.222222222E-03, 2.267174147E-07, 4.318015653E+02, 7.601315657E+02, 3.000000000E+02, 1.176655108E+00, 2.350000000E+01, 2.350000000E+01, 1.862915775E+03
       417,-1.197621459E-03, 2.364317479E-04, 0.000000000E+00,-1.197576375E-03, 2.364311802E-04, 2.222222222E-03, 2.319352064E-07, 4.319098118E+02, 7.603485564E+02, 3.000000000E+02, 1.176655108E+00, 2.350000000E+01, 2.350000000E+01, 1.862915775E+03
       418,-1.695697312E-03, 7.107050042E-04, 0.000000000E+00,-1.695562456E-03, 7.106966134E-04, 2.222222222E-03, 2.417426907E-07, 4.321338985E+02, 7.607557355E+02, 3.000000000E+02, 1.176655108E+00, 2.350000000E+01, 2.350000000E+01, 1.862915775E+03
       419,-2.208789578E-03, 1.187741407E-03, 0.000000000E+00,-2.208469207E-03, 1.187705018E-03, 2.222222222E-03, 2.542934080E-07, 4.324852305E+02, 7.613693731E+02, 3.000000000E+02, 1.176655108E+00, 2.350000000E+01, 2.350000000E+01, 1.862915775E+03
       420,-2.732213587E-03, 1.663127216E-03, 0.000000000E+00,-2.731558181E-03, 1.663030475E-03, 2.222222222E-03, 2.652288667E-07, 4.329749634E+02, 7.622037753E+02, 3.000000000E+02, 1.176655108E+00, 2.350000000E+01, 2.350000000E+01, 1.862915775E+03
       421,-3.249506466E-03, 2.122275997E-03, 0.000000000E+00,-3.248319063E-03, 2.122078408E-03, 2.222222222E-03, 2.658579936E-07, 4.335913544E+02, 7.632478534E+02, 3.000000000E+02, 1.176655108E+00, 2.350000000E+01, 2.350000000E+01, 1.862915775E+03
       422,-3.726419527E-03, 2.536191139E-03, 0.000000000E+00,-3.724506962E-03, 2.535846315E-03, 2.222222222E-03, 2.423111697E-07, 4.342954460E+02, 7.644530855E+02, 3.000000000E+02, 1.176655108E+00, 2.350000000E+01, 2.350000000E+01, 1.862915775E+03
       423,-4.108740017E-03, 2.861072542E-03, 0.000000000E+00,-4.105989551E-03, 2.860492901E-03, 2.222222222E-03, 1.792225684E-07, 4.348770368E+02, 7.657542470E+02, 3.000000000E+02, 1.176655108E+00, 2.350000000E+01, 2.350000000E+01, 1.862915775E+03
       424, 2.919380320E-03,-4.577010870E-03, 0.000000000E+00, 2.920204051E-03,-4.582323631E-03, 2.222222222E-03, 2.848773439E-07, 4.354922664E+02, 7.671263201E+02, 3.000000000E+02, 1.176655108E+00, 2.350000000E+01, 2.350000000E+01, 1.862915775E+03
       425,-4.398863297E-03, 3.378110006E-03, 0.000000000E+00,-4.403674364E-03, 3.379742963E-03, 2.222222222E-03, 2.835223820E-07, 4.356651022E+02, 7.674206815E+02, 3.000000000E+02, 1.176655108E+00, 2.350000000E+01, 2.350000000E+01, 1.862915775E+03
       426,-5.053125322E-03, 3.222265514E-03, 0.000000000E+00,-5.057138440E-03, 3.222262295E-03, 2.222222222E-03, 2.762282792E-07, 4.364343877E+02, 7.688708563E+02, 3.000000000E+02, 1.176655108E+00, 2.350000000E+01, 2.350000000E+01, 1.862915775E+03
       427,-5.659613758E-03, 2.948915819E-03, 0.000000000E+00,-5.662892348E-03, 2.948122221E-03, 2.222222222E-03, 2.662557657E-07, 4.371472224E+02, 7.702257846E+02, 3.000000000E+02, 1.176655108E+00, 2.350000000E+01, 2.350000000E+01, 1.862915775E+03
       428,-6.224497221E-03, 2.580357948E-03, 0.000000000E+00,-6.227109976E-03, 2.579302182E-03, 2.222222222E-03, 2.541347910E-07, 4.378795807E+02, 7.715933647E+02, 3.000000000E+02, 1.176655108E+00, 2.350000000E+01, 2.350000000E+01, 1.862915775E+03
       429,-6.745535880E-03, 2.128314227E-03, 0.000000000E+00,-6.747554879E-03, 2.127289082E-03, 2.222222222E-03, 2.401177187E-07, 4.386377320E+02, 7.729829244E+02, 3.000000000E+02, 1.176655108E+00, 2.350000000E+01, 2.350000000E+01, 1.862915775E+03
       430,-7.214880083E-03, 1.600411371E-03, 0.000000000E+00,-7.216388871E-03, 1.599578716E-03, 2.222222222E-03, 2.245168849E-07, 4.394195912E+02, 7.743754473E+02, 3.000000000E+02, 1.176655108E+00, 2.350000000E+01, 2.350000000E+01, 1.862915775E+03
       431,-7.622551173E-03, 1.004003454E-03, 0.000000000E+00,-7.623647769E-03, 1.003459711E-03, 2.222222222E-03, 2.077442852E-07, 4.402130848E+02, 7.757420054E+02, 3.000000000E+02, 1.176655108E+00, 2.350000000E+01, 2.350000000E+01, 1.862915775E+03
       432,-7.958826609E-03, 3.476277634E-04, 0.000000000E+00,-7.959615742E-03, 3.474352841E-04, 2.222222222E-03, 1.902583010E-07, 4.410025491E+02, 7.770533142E+02, 3.000000000E+02, 1.176655108E+00, 2.350000000E+01, 2.350000000E+01, 1.862915775E+03
       433,-8.215449750E-03,-3.588146938E-04, 0.000000000E+00,-8.216042617E-03,-3.586136349E-04, 2.222222222E-03, 1.725065344E-07, 4.417734682E+02, 7.782687756E+02, 3.000000000E+02, 1.176655108E+00, 2.350000000E+01, 2.350000000E+01, 1.862915775E+03
       434,-8.386092260E-03,-1.104366500E-03, 0.000000000E+00,-8.386597987E-03,-1.103745068E-03, 2.222222222E-03, 1.548905414E-07, 4.425144277E+02, 7.793338643E+02, 3.000000000E+02, 1.176655108E+00, 2.350000000E+01, 2.350000000E+01, 1.862915775E+03
       435,-8.466379717E-03,-1.877413015E-03, 0.000000000E+00,-8.466906087E-03,-1.876362993E-03, 2.222222222E-03, 1.377539697E-07, 4.432184079E+02, 7.801895305E+02, 3.000000000E+02, 1.176655108E+00, 2.350000000E+01, 2.350000000E+01, 1.862915775E+03
       436,-8.453726768E-03,-2.666011453E-03, 0.000000000E+00,-8.454375771E-03,-2.664555165E-03, 2.222222222E-03, 1.213893051E-07, 4.438830272E+02, 7.807782620E+02, 3.000000000E+02, 1.176655108E+00, 2.350000000E+01, 2.350000000E+01, 1.862915775E+03
       437,-8.347102441E-03,-3.458096180E-03, 0.000000000E+00,-8.347952245E-03,-3.456311250E-03, 2.222222222E-03, 1.060577416E-07, 4.444930483E+02, 7.809986707E+02, 3.000000000E+02, 1.176655108E+00, 2.350000000E+01, 2.350000000E+01, 1.862915775E+03
       438,-8.146823384E-03,-4.241572227E-03, 0.000000000E+00,-8.147892042E-03,-4.239630079E-03, 2.222222222E-03, 9.201463778E-08, 4.450420025E+02, 7.807350487E+02, 3.000000000E+02, 1.176655108E+00, 2.350000000E+01, 2.350000000E+01, 1.862915775E+03
       439,-7.854512893E-03,-5.004396662E-03, 0.000000000E+00,-7.855699044E-03,-5.002594932E-03, 2.222222222E-03, 7.952430639E-08, 4.455262709E+02, 7.797940514E+02, 3.000000000E+02, 1.176655108E+00, 2.350000000E+01, 2.350000000E+01, 1.862915775E+03
       440,-7.473382633E-03,-5.734880455E-03, 0.000000000E+00,-7.474404702E-03,-5.733608569E-03, 2.222222222E-03, 6.883319964E-08, 4.459380292E+02, 7.778741584E+02, 3.000000000E+02, 1.176655108E+00, 2.350000000E+01, 2.350000000E+01, 1.862915775E+03
       441,-7.008767221E-03,-6.422473583E-03, 0.000000000E+00,-7.009215332E-03,-6.422047710E-03, 2.222222222E-03, 6.007466350E-08, 4.462753787E+02, 7.746186492E+02, 3.000000000E+02, 1.176655108E+00, 2.350000000E+01, 2.350000000E+01, 1.862915775E+03
       442, 3.712565172E-03,-4.835175816E-03, 0.000000000E+00, 3.713306316E-03,-4.838823722E-03, 2.222222222E-03, 2.737180629E-07, 4.366039571E+02, 7.691718664E+02, 3.000000000E+02, 1.176655108E+00, 2.350000000E+01, 2.350000000E+01, 1.862915775E+03
       443, 3.488312243E-03,-5.471332464E-03, 0.000000000E+00, 3.487761871E-03,-5.474485534E-03, 2.222222222E-03, 2.626914029E-07, 4.373411188E+02, 7.705723199E+02, 3.000000000E+02, 1.176655108E+00, 2.350000000E+01, 2.350000000E+01, 1.862915775E+03
       444, 3.155824263E-03,-6.057727616E-03, 0.000000000E+00, 3.154683853E-03,-6.060339092E-03, 2.222222222E-03, 2.503086236E-07, 4.380595969E+02, 7.719174966E+02, 3.000000000E+02, 1.176655108E+00, 2.350000000E+01, 2.350000000E+01, 1.862915775E+03
       445, 2.735357964E-03,-6.599328946E-03, 0.000000000E+00, 2.734082048E-03,-6.601409051E-03, 2.222222222E-03, 2.366592996E-07, 4.387832116E+02, 7.732508771E+02, 3.000000000E+02, 1.176655108E+00, 2.350000000E+01, 2.350000000E+01, 1.862915775E+03
       446, 2.237935551E-03,-7.093787659E-03, 0.000000000E+00, 2.236776103E-03,-7.095380175E-03, 2.222222222E-03, 2.217979370E-07, 4.395231875E+02, 7.745749534E+02, 3.000000000E+02, 1.176655108E+00, 2.350000000E+01, 2.350000000E+01, 1.862915775E+03
       447, 1.671022968E-03,-7.533904165E-03, 0.000000000E+00, 1.670115774E-03,-7.535076791E-03, 2.222222222E-03, 2.059284136E-07, 4.402757444E+02, 7.758696337E+02, 3.000000000E+02, 1.176655108E+00, 2.350000000E+01, 2.350000000E+01, 1.862915775E+03
       448, 1.041877433E-03,-7.910689339E-03, 0.000000000E+00, 1.041299499E-03,-7.911525037E-03, 2.222222222E-03, 1.893745972E-07, 4.410302496E+02, 7.771095903E+02, 3.000000000E+02, 1.176655108E+00, 2.350000000E+01, 2.350000000E+01, 1.862915775E+03
       449, 3.588146938E-04,-8.215449750E-03, 0.000000000E+00, 3.586136349E-04,-8.216042617E-03, 2.222222222E-03, 1.725065344E-07, 4.417734682E+02, 7.782687756E+02, 3.000000000E+02, 1.176655108E+00, 2.350000000E+01, 2.350000000E+01, 1.862915775E+03
       450,-3.686410491E-04,-8.440862410E-03, 0.000000000E+00,-3.684336276E-04,-8.441309304E-03, 2.222222222E-03, 1.556827867E-07, 4.424945730E+02, 7.793026167E+02, 3.000000000E+02, 1.176655108E+00, 2.350000000E+01, 2.350000000E+01, 1.862915775E+03
       451,-1.130033750E-03,-8.581363596E-03, 0.000000000E+00,-1.129398760E-03,-8.581765962E-03, 2.222222222E-03, 1.392197001E-07, 4.431864047E+02, 7.801576486E+02, 3.000000000E+02, 1.176655108E+00, 2.350000000E+01, 2.350000000E+01, 1.862915775E+03
       452,-1.914334134E-03,-8.633189835E-03, 0.000000000E+00,-1.913268308E-03,-8.633645081E-03, 2.222222222E-03, 1.233831991E-07, 4.438450553E+02, 7.807914350E+02, 3.000000000E+02, 1.176655108E+00, 2.350000000E+01, 2.350000000E+01, 1.862915775E+03
       453,-2.710235072E-03,-8.594218642E-03, 0.000000000E+00,-2.708764011E-03,-8.594821232E-03, 2.222222222E-03, 1.083967195E-07, 4.444600437E+02, 7.810975272E+02, 3.000000000E+02, 1.176655108E+00, 2.350000000E+01, 2.350000000E+01, 1.862915775E+03
       454,-3.506340785E-03,-8.463771082E-03, 0.000000000E+00,-3.504544229E-03,-8.464592476E-03, 2.222222222E-03, 9.445987463E-08, 4.450104922E+02, 7.809284428E+02, 3.000000000E+02, 1.176655108E+00, 2.350000000E+01, 2.350000000E+01, 1.862915775E+03
       455,-4.291260615E-03,-8.242428303E-03, 0.000000000E+00,-4.289309866E-03,-8.243481283E-03, 2.222222222E-03, 8.177119656E-08, 4.454969864E+02, 7.801155702E+02, 3.000000000E+02, 1.176655108E+00, 2.350000000E+01, 2.350000000E+01, 1.862915775E+03
       456,-5.053690635E-03,-7.931999862E-03, 0.000000000E+00,-5.051882175E-03,-7.933175204E-03, 2.222222222E-03, 7.054075783E-08, 4.459169759E+02, 7.783324513E+02, 3.000000000E+02, 1.176655108E+00, 2.350000000E+01, 2.350000000E+01, 1.862915775E+03
       457,-5.782692228E-03,-7.535755634E-03, 0.000000000E+00,-5.781413537E-03,-7.536768571E-03, 2.222222222E-03, 6.096566104E-08, 4.462674386E+02, 7.750656600E+02, 3.000000000E+02, 1.176655108E+00, 2.350000000E+01, 2.350000000E+01, 1.862915775E+03
       458,-6.468382664E-03,-7.058886811E-03, 0.000000000E+00,-6.467950102E-03,-7.059327629E-03, 2.222222222E-03, 5.314531934E-08, 4.465549224E+02, 7.697112116E+02, 3.000000000E+02, 1.176655108E+00, 2.350000000E+01, 2.350000000E+01, 1.862915775E+03
       459, 3.318832489E-03,-3.960501868E-03, 0.000000000E+00, 3.317309541E-03,-3.957720552E-03, 2.222222222E-03, 1.394594593E-07, 4.351142740E+02, 7.661254735E+02, 3.000000000E+02, 1.176655108E+00, 2.350000000E+01, 2.350000000E+01, 1.862915775E+03
       460, 3.034415888E-03,-3.649641993E-03, 0.000000000E+00, 3.033474043E-03,-3.647745672E-03, 2.222222222E-03, 2.292160545E-07, 4.346001793E+02, 7.649583031E+02, 3.000000000E+02, 1.176655108E+00, 2.350000000E+01, 2.350000000E+01, 1.862915775E+03
       461, 2.632109914E-03,-3.214314813E-03, 0.000000000E+00, 2.631576995E-03,-3.213157175E-03, 2.222222222E-03, 2.677648533E-07, 4.338817728E+02, 7.637020431E+02, 3.000000000E+02, 1.176655108E+00, 2.350000000E+01, 2.350000000E+01, 1.862915775E+03
       462, 2.168342238E-03,-2.718190663E-03, 0.000000000E+00, 2.168071434E-03,-2.717556196E-03, 2.222222222E-03, 2.725732501E-07, 4.332101916E+02, 7.625698485E+02, 3.000000000E+02, 1.176655108E+00, 2.350000000E+01, 2.350000000E+01, 1.862915775E+03
       463, 1.682076487E-03,-2.204179065E-03, 0.000000000E+00, 1.681957489E-03,-2.203868189E-03, 2.222222222E-03, 2.618642982E-07, 4.326570135E+02, 7.616358452E+02, 3.000000000E+02, 1.176655108E+00, 2.350000000E+01, 2.350000000E+01, 1.862915775E+03
       464, 1.194115379E-03,-1.694586128E-03, 0.000000000E+00, 1.194073849E-03,-1.694454351E-03, 2.222222222E-03, 2.473278319E-07, 4.322439356E+02, 7.609268118E+02, 3.000000000E+02, 1.176655108E+00, 2.350000000E+01, 2.350000000E+01, 1.862915775E+03
       465, 7.122419192E-04,-1.197470468E-03, 0.000000000E+00, 7.122327240E-04,-1.197425976E-03, 2.222222222E-03, 2.347967088E-07, 4.319630446E+02, 7.604330851E+02, 3.000000000E+02, 1.176655108E+00, 2.350000000E+01, 2.350000000E+01, 1.862915775E+03
       466, 2.365904948E-04,-7.128086872E-04, 0.000000000E+00, 2.365898834E-04,-7.127991209E-04, 2.222222222E-03, 2.267174147E-07, 4.318015653E+02, 7.601315657E+02, 3.000000000E+02, 1.176655108E+00, 2.350000000E+01, 2.350000000E+01, 1.862915775E+03
       467,-2.366206754E-04,-2.366206754E-04, 0.000000000E+00,-2.366200649E-04,-2.366200649E-04, 2.222222222E-03, 2.239573757E-07, 4.317490705E+02, 7.600175200E+02, 3.000000000E+02, 1.176655108E+00, 2.350000000E+01, 2.350000000E+01, 1.862915775E+03
       468,-7.128086872E-04, 2.365904802E-04, 0.000000000E+00,-7.127991209E-04, 2.365898834E-04, 2.222222222E-03, 2.267174147E-07, 4.318015653E+02, 7.601315657E+02, 3.000000000E+02, 1.176655108E+00, 2.350000000E+01, 2.350000000E+01, 1.862915775E+03
       469,-1.197470468E-03, 7.122419192E-04, 0.000000000E+00,-1.197425976E-03, 7.122327240E-04, 2.222222222E-03, 2.347967088E-07, 4.319630446E+02, 7.604330851E+02, 3.000000000E+02, 1.176655108E+00, 2.350000000E+01, 2.350000000E+01, 1.862915775E+03
       470,-1.694586128E-03, 1.194115379E-03, 0.000000000E+00,-1.694454351E-03, 1.194073849E-03, 2.222222222E-03, 2.473278319E-07, 4.322439356E+02, 7.609268118E+02, 3.000000000E+02, 1.176655108E+00, 2.350000000E+01, 2.350000000E+01, 1.862915775E+03
       471,-2.204178832E-03, 1.682076487E-03, 0.000000000E+00,-2.203868189E-03, 1.681957489E-03, 2.222222222E-03, 2.618642982E-07, 4.326570135E+02, 7.616358452E+02, 3.000000000E+02, 1.176655108E+00, 2.350000000E+01, 2.350000000E+01, 1.862915775E+03
       472,-2.718190895E-03, 2.168342238E-03, 0.000000000E+00,-2.717556196E-03, 2.168071434E-03, 2.222222222E-03, 2.725732501E-07, 4.332101916E+02, 7.625698485E+02, 3.000000000E+02, 1.176655108E+00, 2.350000000E+01, 2.350000000E+01, 1.862915775E+03
       473,-3.214314580E-03, 2.632109914E-03, 0.000000000E+00,-3.213157175E-03, 2.631576995E-03, 2.222222222E-03, 2.677648533E-07, 4.338817728E+02, 7.637020431E+02, 3.000000000E+02, 1.176655108E+00, 2.350000000E+01, 2.350000000E+01, 1.862915775E+03
       474,-3.649641993E-03, 3.034415655E-03, 0.000000000E+00,-3.647745672E-03, 3.033474043E-03, 2.222222222E-03, 2.292160545E-07, 4.346001793E+02, 7.649583031E+02, 3.000000000E+02, 1.176655108E+00, 2.350000000E+01, 2.350000000E+01, 1.862915775E+03
       475,-3.960501868E-03, 3.318832489E-03, 0.000000000E+00,-3.957720552E-03, 3.317309541E-03, 2.222222222E-03, 1.394594593E-07, 4.351142740E+02, 7.661254735E+02, 3.000000000E+02, 1.176655108E+00, 2.350000000E+01, 2.350000000E+01, 1.862915775E+03
       476, 3.378110006E-03,-4.398862831E-03, 0.000000000E+00, 3.379742963E-03,-4.403674364E-03, 2.222222222E-03, 2.835223820E-07, 4.356651022E+02, 7.674206815E+02, 3.000000000E+02, 1.176655108E+00, 2.350000000E+01, 2.350000000E+01, 1.862915775E+03
       477,-4.139064346E-03, 3.793852869E-03, 0.000000000E+00,-4.143082005E-03, 3.796696575E-03, 2.222222222E-03, 2.825767157E-07, 4.357222283E+02, 7.675566667E+02, 3.000000000E+02, 1.176655108E+00, 2.350000000E+01, 2.350000000E+01, 1.862915775E+03
       478,-4.835175816E-03, 3.712565172E-03, 0.000000000E+00,-4.838823722E-03, 3.713306316E-03, 2.222222222E-03, 2.737180629E-07, 4.366039571E+02, 7.691718664E+02, 3.000000000E+02, 1.176655108E+00, 2.350000000E+01, 2.350000000E+01, 1.862915775E+03
       479,-5.471332464E-03, 3.488312243E-03, 0.000000000E+00,-5.474485534E-03, 3.487761871E-03, 2.222222222E-03, 2.626914029E-07, 4.373411188E+02, 7.705723199E+02, 3.000000000E+02, 1.176655108E+00, 2.350000000E+01, 2.350000000E+01, 1.862915775E+03
       480,-6.057727616E-03, 3.155824263E-03, 0.000000000E+00,-6.060339092E-03, 3.154683853E-03, 2.222222222E-03, 2.503086236E-07, 4.380595969E+02, 7.719174966E+02, 3.000000000E+02, 1.176655108E+00, 2.350000000E+01, 2.350000000E+01, 1.862915775E+03
       481,-6.599328481E-03, 2.735358197E-03, 0.000000000E+00,-6.601409051E-03, 2.734082048E-03, 2.222222222E-03, 2.366592996E-07, 4.387832116E+02, 7.732508771E+02, 3.000000000E+02, 1.176655108E+00, 2.350000000E+01, 2.350000000E+01, 1.862915775E+03
       482,-7.093787659E-03, 2.237935318E-03, 0.000000000E+00,-7.095380175E-03, 2.236776103E-03, 2.222222222E-03, 2.217979370E-07, 4.395231875E+02, 7.745749534E+02, 3.000000000E+02, 1.176655108E+00, 2.350000000E+01, 2.350000000E+01, 1.862915775E+03
       483,-7.533904165E-03, 1.671022968E-03, 0.000000000E+00,-7.535076791E-03, 1.670115774E-03, 2.222222222E-03, 2.059284136E-07, 4.402757444E+02, 7.758696337E+02, 3.000000000E+02, 1.176655108E+00, 2.350000000E+01, 2.350000000E+01, 1.862915775E+03
       484,-7.910689339E-03, 1.041877433E-03, 0.000000000E+00,-7.911525037E-03, 1.041299499E-03, 2.222222222E-03, 1.893745972E-07, 4.410302496E+02, 7.771095903E+02, 3.000000000E+02, 1.176655108E+00, 2.350000000E+01, 2.350000000E+01, 1.862915775E+03
       485,-8.215450682E-03, 3.588146938E-04, 0.000000000E+00,-8.216042617E-03, 3.586136349E-04, 2.222222222E-03, 1.725065344E-07, 4.417734682E+02, 7.782687756E+02, 3.000000000E+02, 1.176655108E+00, 2.350000000E+01, 2.350000000E+01, 1.862915775E+03
       486,-8.440862410E-03,-3.686410491E-04, 0.000000000E+00,-8.441309304E-03,-3.684336276E-04, 2.222222222E-03, 1.556827867E-07, 4.424945730E+02, 7.793026167E+02, 3.000000000E+02, 1.176655108E+00, 2.350000000E+01, 2.350000000E+01, 1.862915775E+03
       487,-8.581364527E-03,-1.130033750E-03, 0.000000000E+00,-8.581765962E-03,-1.129398760E-03, 2.222222222E-03, 1.392197001E-07, 4.431864047E+02, 7.801576486E+02, 3.000000000E+02, 1.176655108E+00, 2.350000000E+01, 2.350000000E+01, 1.862915775E+03
       488,-8.633188903E-03,-1.914334134E-03, 0.000000000E+00,-8.633645081E-03,-1.913268308E-03, 2.222222222E-03, 1.233831991E-07, 4.438450553E+02, 7.807914350E+02, 3.000000000E+02, 1.176655108E+00, 2.350000000E+01, 2.350000000E+01, 1.862915775E+03
       489,-8.594218642E-03,-2.710235072E-03, 0.000000000E+00,-8.594821232E-03,-2.708764011E-03, 2.222222222E-03, 1.083967195E-07, 4.444600437E+02, 7.810975272E+02, 3.000000000E+02, 1.176655108E+00, 2.350000000E+01, 2.350000000E+01, 1.862915775E+03
       490,-8.463771082E-03,-3.506340785E-03, 0.000000000E+00,-8.464592476E-03,-3.504544229E-03, 2.222222222E-03, 9.445987463E-08, 4.450104922E+02, 7.809284428E+02, 3.000000000E+02, 1.176655108E+00, 2.350000000E+01, 2.350000000E+01, 1.862915775E+03
       491,-8.242429234E-03,-4.291260149E-03, 0.000000000E+00,-8.243481283E-03,-4.289309866E-03, 2.222222222E-03, 8.177119656E-08, 4.454969864E+02, 7.801155702E+02, 3.000000000E+02, 1.176655108E+00, 2.350000000E+01, 2.350000000E+01, 1.862915775E+03
       492,-7.931999862E-03,-5.053690635E-03, 0.000000000E+00,-7.933175204E-03,-5.051882175E-03, 2.222222222E-03, 7.054075783E-08, 4.459169759E+02, 7.783324513E+02, 3.000000000E+02, 1.176655108E+00, 2.350000000E+01, 2.350000000E+01, 1.862915775E+03
       493,-7.535755169E-03,-5.782691762E-03, 0.000000000E+00,-7.536768571E-03,-5.781413537E-03, 2.222222222E-03, 6.096566104E-08, 4.462674386E+02, 7.750656600E+02, 3.000000000E+02, 1.176655108E+00, 2.350000000E+01, 2.350000000E+01, 1.862915775E+03
       494,-7.058886811E-03,-6.468382664E-03, 0.000000000E+00,-7.059327629E-03,-6.467950102E-03, 2.222222222E-03, 5.314531934E-08, 4.465549224E+02, 7.697112116E+02, 3.000000000E+02, 1.176655108E+00, 2.350000000E+01, 2.350000000E+01, 1.862915775E+03
       495, 4.159470089E-03,-4.538213834E-03, 0.000000000E+00, 4.161333101E-03,-4.541160907E-03, 2.222222222E-03, 2.721360284E-07, 4.366922857E+02, 7.693408062E+02, 3.000000000E+02, 1.176655108E+00, 2.350000000E+01, 2.350000000E+01, 1.862915775E+03
       496, 4.006342031E-03,-5.218421575E-03, 0.000000000E+00, 4.006487191E-03,-5.221292205E-03, 2.222222222E-03, 2.594680177E-07, 4.375067916E+02, 7.708661994E+02, 3.000000000E+02, 1.176655108E+00, 2.350000000E+01, 2.350000000E+01, 1.862915775E+03
       497, 3.722000867E-03,-5.838674959E-03, 0.000000000E+00, 3.721078404E-03,-5.841243096E-03, 2.222222222E-03, 2.462181855E-07, 4.382453344E+02, 7.722426890E+02, 3.000000000E+02, 1.176655108E+00, 2.350000000E+01, 2.350000000E+01, 1.862915775E+03
       498, 3.337567439E-03,-6.407420617E-03, 0.000000000E+00, 3.336187450E-03,-6.409571486E-03, 2.222222222E-03, 2.325460358E-07, 4.389516637E+02, 7.735436930E+02, 3.000000000E+02, 1.176655108E+00, 2.350000000E+01, 2.350000000E+01, 1.862915775E+03
       499, 2.871506149E-03,-6.928571500E-03, 0.000000000E+00, 2.870075690E-03,-6.930278015E-03, 2.222222222E-03, 2.182402111E-07, 4.396565918E+02, 7.748097211E+02, 3.000000000E+02, 1.176655108E+00, 2.350000000E+01, 2.350000000E+01, 1.862915775E+03
       500, 2.334223827E-03,-7.399682421E-03, 0.000000000E+00, 2.332969003E-03,-7.400971869E-03, 2.222222222E-03, 2.032196144E-07, 4.403689644E+02, 7.760407640E+02, 3.000000000E+02, 1.176655108E+00, 2.350000000E+01, 2.350000000E+01, 1.862915775E+03
       501, 1.733046374E-03,-7.814127952E-03, 0.000000000E+00, 1.732085385E-03,-7.815056801E-03, 2.222222222E-03, 1.876089561E-07, 4.410851009E+02, 7.772166916E+02, 3.000000000E+02, 1.176655108E+00, 2.350000000E+01, 2.350000000E+01, 1.862915775E+03
       502, 1.075145090E-03,-8.163782768E-03, 0.000000000E+00, 1.074542077E-03,-8.164427685E-03, 2.222222222E-03, 1.716633803E-07, 4.417971825E+02, 7.783134561E+02, 3.000000000E+02, 1.176655108E+00, 2.350000000E+01, 2.350000000E+01, 1.862915775E+03
       503, 3.686410491E-04,-8.440862410E-03, 0.000000000E+00, 3.684336276E-04,-8.441309304E-03, 2.222222222E-03, 1.556827867E-07, 4.424945730E+02, 7.793026167E+02, 3.000000000E+02, 1.176655108E+00, 2.350000000E+01, 2.350000000E+01, 1.862915775E+03
       504,-3.772722266E-04,-8.638858795E-03, 0.000000000E+00,-3.770601219E-04,-8.639197616E-03, 2.222222222E-03, 1.399554307E-07, 4.431700029E+02, 7.801377546E+02, 3.000000000E+02, 1.176655108E+00, 2.350000000E+01, 2.350000000E+01, 1.862915775E+03
       505,-1.152579323E-03,-8.752885275E-03, 0.000000000E+00,-1.151934129E-03,-8.753210381E-03, 2.222222222E-03, 1.247311212E-07, 4.438194518E+02, 7.807840467E+02, 3.000000000E+02, 1.176655108E+00, 2.350000000E+01, 2.350000000E+01, 1.862915775E+03
       506,-1.946764649E-03,-8.779711090E-03, 0.000000000E+00,-1.945687104E-03,-8.780113885E-03, 2.222222222E-03, 1.102157203E-07, 4.444325995E+02, 7.811575039E+02, 3.000000000E+02, 1.176655108E+00, 2.350000000E+01, 2.350000000E+01, 1.862915775E+03
       507,-2.749079606E-03,-8.717622608E-03, 0.000000000E+00,-2.747597960E-03,-8.718191381E-03, 2.222222222E-03, 9.657966006E-08, 4.449930489E+02, 7.811057956E+02, 3.000000000E+02, 1.176655108E+00, 2.350000000E+01, 2.350000000E+01, 1.862915775E+03
       508,-3.548717825E-03,-8.566250093E-03, 0.000000000E+00,-3.546912620E-03,-8.567050566E-03, 2.222222222E-03, 8.397527389E-08, 4.454804973E+02, 7.804223628E+02, 3.000000000E+02, 1.176655108E+00, 2.350000000E+01, 2.350000000E+01, 1.862915775E+03
       509,-4.334905185E-03,-8.326406591E-03, 0.000000000E+00,-4.332948797E-03,-8.327447269E-03, 2.222222222E-03, 7.255706589E-08, 4.459020313E+02, 7.788305600E+02, 3.000000000E+02, 1.176655108E+00, 2.350000000E+01, 2.350000000E+01, 1.862915775E+03
       510,-5.096989218E-03,-8.000061847E-03, 0.000000000E+00,-5.095176037E-03,-8.001230180E-03, 2.222222222E-03, 6.249251275E-08, 4.462572416E+02, 7.757724134E+02, 3.000000000E+02, 1.176655108E+00, 2.350000000E+01, 2.350000000E+01, 1.862915775E+03
       511,-5.824688356E-03,-7.590541616E-03, 0.000000000E+00,-5.823405193E-03,-7.591548696E-03, 2.222222222E-03, 5.393979591E-08, 4.465525055E+02, 7.703982824E+02, 3.000000000E+02, 1.176655108E+00, 2.350000000E+01, 2.350000000E+01, 1.862915775E+03
       512,-6.508708000E-03,-7.102910895E-03, 0.000000000E+00,-6.508270416E-03,-7.103345892E-03, 2.222222222E-03, 4.697256986E-08, 4.467961450E+02, 7.614955946E+02, 3.000000000E+02, 1.176655108E+00, 2.350000000E+01, 2.350000000E+01, 1.862915775E+03
       513, 3.733822610E-03,-3.733822610E-03, 0.000000000E+00, 3.731183065E-03,-3.731183065E-03, 2.222222222E-03, 7.611750188E-08, 4.351855792E+02, 7.663339447E+02, 3.000000000E+02, 1.176655108E+00, 2.350000000E+01, 2.350000000E+01, 1.862915775E+03
       514, 3.518843558E-03,-3.518843791E-03, 0.000000000E+00, 3.517038449E-03,-3.517038449E-03, 2.222222222E-03, 1.955952590E-07, 4.349252956E+02, 7.655207483E+02, 3.000000000E+02, 1.176655108E+00, 2.350000000E+01, 2.350000000E+01, 1.862915775E+03
       515, 3.147774376E-03,-3.147774376E-03, 0.000000000E+00, 3.146672839E-03,-3.146672839E-03, 2.222222222E-03, 2.579847604E-07, 4.342248901E+02, 7.642692906E+02, 3.000000000E+02, 1.176655108E+00, 2.350000000E+01, 2.350000000E+01, 1.862915775E+03
       516, 2.688413253E-03,-2.688413253E-03, 0.000000000E+00, 2.687808566E-03,-2.687808566E-03, 2.222222222E-03, 2.755347535E-07, 4.335155401E+02, 7.630624912E+02, 3.000000000E+02, 1.176655108E+00, 2.350000000E+01, 2.350000000E+01, 1.862915775E+03
       517, 2.192705637E-03,-2.192705637E-03, 0.000000000E+00, 2.192408096E-03,-2.192408096E-03, 2.222222222E-03, 2.692344422E-07, 4.328965902E+02, 7.620237130E+02, 3.000000000E+02, 1.176655108E+00, 2.350000000E+01, 2.350000000E+01, 1.862915775E+03
       518, 1.691000070E-03,-1.691000187E-03, 0.000000000E+00, 1.690872809E-03,-1.690872809E-03, 2.222222222E-03, 2.546744671E-07, 4.324159743E+02, 7.612069956E+02, 3.000000000E+02, 1.176655108E+00, 2.350000000E+01, 2.350000000E+01, 1.862915775E+03
       519, 1.196676865E-03,-1.196676865E-03, 0.000000000E+00, 1.196633351E-03,-1.196633351E-03, 2.222222222E-03, 2.402090345E-07, 4.320724338E+02, 7.606147356E+02, 3.000000000E+02, 1.176655108E+00, 2.350000000E+01, 2.350000000E+01, 1.862915775E+03
       520, 7.127181161E-04,-7.127181161E-04, 0.000000000E+00, 7.127086700E-04,-7.127086700E-04, 2.222222222E-03, 2.295121611E-07, 4.318543652E+02, 7.602246422E+02, 3.000000000E+02, 1.176655108E+00, 2.350000000E+01, 2.350000000E+01, 1.862915775E+03
       521, 2.366206754E-04,-2.366206754E-04, 0.000000000E+00, 2.366200649E-04,-2.366200649E-04, 2.222222222E-03, 2.239573757E-07, 4.317490705E+02, 7.600175200E+02, 3.000000000E+02, 1.176655108E+00, 2.350000000E+01, 2.350000000E+01, 1.862915775E+03
       522,-2.366206754E-04, 2.366206754E-04, 0.000000000E+00,-2.366200649E-04, 2.366200649E-04, 2.222222222E-03, 2.239573757E-07, 4.317490705E+02, 7.600175200E+02, 3.000000000E+02, 1.176655108E+00, 2.350000000E+01, 2.350000000E+01, 1.862915775E+03
       523,-7.127181161E-04, 7.127181161E-04, 0.000000000E+00,-7.127086700E-04, 7.127086700E-04, 2.222222222E-03, 2.295121611E-07, 4.318543652E+02, 7.602246422E+02, 3.000000000E+02, 1.176655108E+00, 2.350000000E+01, 2.350000000E+01, 1.862915775E+03
       524,-1.196676865E-03, 1.196676865E-03, 0.000000000E+00,-1.196633351E-03, 1.196633351E-03, 2.222222222E-03, 2.402090345E-07, 4.320724338E+02, 7.606147356E+02, 3.000000000E+02, 1.176655108E+00, 2.350000000E+01, 2.350000000E+01, 1.862915775E+03
       525,-1.691000187E-03, 1.691000187E-03, 0.000000000E+00,-1.690872809E-03, 1.690872809E-03, 2.222222222E-03, 2.546744671E-07, 4.324159743E+02, 7.612069956E+02, 3.000000000E+02, 1.176655108E+00, 2.350000000E+01, 2.350000000E+01, 1.862915775E+03
       526,-2.192705637E-03, 2.192705637E-03, 0.000000000E+00,-2.192408096E-03, 2.192408096E-03, 2.222222222E-03, 2.692344422E-07, 4.328965902E+02, 7.620237130E+02, 3.000000000E+02, 1.176655108E+00, 2.350000000E+01, 2.350000000E+01, 1.862915775E+03
       527,-2.688413253E-03, 2.688413486E-03, 0.000000000E+00,-2.687808566E-03, 2.687808566E-03, 2.222222222E-03, 2.755347535E-07, 4.335155401E+02, 7.630624912E+02, 3.000000000E+02, 1.176655108E+00, 2.350000000E+01, 2.350000000E+01, 1.862915775E+03
       528,-3.147774376E-03, 3.147774376E-03, 0.000000000E+00,-3.146672839E-03, 3.146672839E-03, 2.222222222E-03, 2.579847604E-07, 4.342248901E+02, 7.642692906E+02, 3.000000000E+02, 1.176655108E+00, 2.350000000E+01, 2.350000000E+01, 1.862915775E+03
       529,-3.518843791E-03, 3.518843558E-03, 0.000000000E+00,-3.517038449E-03, 3.517038449E-03, 2.222222222E-03, 1.955952590E-07, 4.349252956E+02, 7.655207483E+02, 3.000000000E+02, 1.176655108E+00, 2.350000000E+01, 2.350000000E+01, 1.862915775E+03
       530,-3.733822610E-03, 3.733822610E-03, 0.000000000E+00,-3.731183065E-03, 3.731183065E-03, 2.222222222E-03, 7.611750188E-08, 4.351855792E+02, 7.663339447E+02, 3.000000000E+02, 1.176655108E+00, 2.350000000E+01, 2.350000000E+01, 1.862915775E+03
       531, 3.793852869E-03,-4.139064346E-03, 0.000000000E+00, 3.796696575E-03,-4.143082005E-03, 2.222222222E-03, 2.825767157E-07, 4.357222283E+02, 7.675566667E+02, 3.000000000E+02, 1.176655108E+00, 2.350000000E+01, 2.350000000E+01, 1.862915775E+03
       532,-3.793852869E-03, 4.139064346E-03, 0.000000000E+00,-3.796696575E-03, 4.143082005E-03, 2.222222222E-03, 2.825767157E-07, 4.357222283E+02, 7.675566667E+02, 3.000000000E+02, 1.176655108E+00, 2.350000000E+01, 2.350000000E+01, 1.862915775E+03
       533,-4.538213834E-03, 4.159469623E-03, 0.000000000E+00,-4.541160907E-03, 4.161333101E-03, 2.222222222E-03, 2.721360284E-07, 4.366922857E+02, 7.693408062E+02, 3.000000000E+02, 1.176655108E+00, 2.350000000E+01, 2.350000000E+01, 1.862915775E+03
       534,-5.218421575E-03, 4.006342031E-03, 0.000000000E+00,-5.221292205E-03, 4.006487191E-03, 2.222222222E-03, 2.594680177E-07, 4.375067916E+02, 7.708661994E+02, 3.000000000E+02, 1.176655108E+00, 2.350000000E+01, 2.350000000E+01, 1.862915775E+03
       535,-5.838674959E-03, 3.722000867E-03, 0.000000000E+00,-5.841243096E-03, 3.721078404E-03, 2.222222222E-03, 2.462181855E-07, 4.382453344E+02, 7.722426890E+02, 3.000000000E+02, 1.176655108E+00, 2.350000000E+01, 2.350000000E+01, 1.862915775E+03
       536,-6.407421082E-03, 3.337567206E-03, 0.000000000E+00,-6.409571486E-03, 3.336187450E-03, 2.222222222E-03, 2.325460358E-07, 4.389516637E+02, 7.735436930E+02, 3.000000000E+02, 1.176655108E+00, 2.350000000E+01, 2.350000000E+01, 1.862915775E+03
       537,-6.928571500E-03, 2.871505916E-03, 0.000000000E+00,-6.930278015E-03, 2.870075690E-03, 2.222222222E-03, 2.182402111E-07, 4.396565918E+02, 7.748097211E+02, 3.000000000E+02, 1.176655108E+00, 2.350000000E+01, 2.350000000E+01, 1.862915775E+03
       538,-7.399682421E-03, 2.334223827E-03, 0.000000000E+00,-7.400971869E-03, 2.332969003E-03, 2.222222222E-03, 2.032196144E-07, 4.403689644E+02, 7.760407640E+02, 3.000000000E+02, 1.176655108E+00, 2.350000000E+01, 2.350000000E+01, 1.862915775E+03
       539,-7.814127021E-03, 1.733046374E-03, 0.000000000E+00,-7.815056801E-03, 1.732085385E-03, 2.222222222E-03, 1.876089561E-07, 4.410851009E+02, 7.772166916E+02, 3.000000000E+02, 1.176655108E+00, 2.350000000E+01, 2.350000000E+01, 1.862915775E+03
       540,-8.163781837E-03, 1.075144974E-03, 0.000000000E+00,-8.164427685E-03, 1.074542077E-03, 2.222222222E-03, 1.716633803E-07, 4.417971825E+02, 7.783134561E+02, 3.000000000E+02, 1.176655108E+00, 2.350000000E+01, 2.350000000E+01, 1.862915775E+03
       541,-8.440862410E-03, 3.686410491E-04, 0.000000000E+00,-8.441309304E-03, 3.684336276E-04, 2.222222222E-03, 1.556827867E-07, 4.424945730E+02, 7.793026167E+02, 3.000000000E+02, 1.176655108E+00, 2.350000000E+01, 2.350000000E+01, 1.862915775E+03
       542,-8.638857864E-03,-3.772722266E-04, 0.000000000E+00,-8.639197616E-03,-3.770601219E-04, 2.222222222E-03, 1.399554307E-07, 4.431700029E+02, 7.801377546E+02, 3.000000000E+02, 1.176655108E+00, 2.350000000E+01, 2.350000000E+01, 1.862915775E+03
       543,-8.752886206E-03,-1.152579323E-03, 0.000000000E+00,-8.753210381E-03,-1.151934129E-03, 2.222222222E-03, 1.247311212E-07, 4.438194518E+02, 7.807840467E+02, 3.000000000E+02, 1.176655108E+00, 2.350000000E+01, 2.350000000E+01, 1.862915775E+03
       544,-8.779711090E-03,-1.946764649E-03, 0.000000000E+00,-8.780113885E-03,-1.945687104E-03, 2.222222222E-03, 1.102157203E-07, 4.444325995E+02, 7.811575039E+02, 3.000000000E+02, 1.176655108E+00, 2.350000000E+01, 2.350000000E+01, 1.862915775E+03
       545,-8.717622608E-03,-2.749079838E-03, 0.000000000E+00,-8.718191381E-03,-2.747597960E-03, 2.222222222E-03, 9.657966006E-08, 4.449930489E+02, 7.811057956E+02, 3.000000000E+02, 1.176655108E+00, 2.350000000E+01, 2.350000000E+01, 1.862915775E+03
       546,-8.566249162E-03,-3.548717592E-03, 0.000000000E+00,-8.567050566E-03,-3.546912620E-03, 2.222222222E-03, 8.397527389E-08, 4.454804973E+02, 7.804223628E+02, 3.000000000E+02, 1.176655108E+00, 2.350000000E+01, 2.350000000E+01, 1.862915775E+03
       547,-8.326405659E-03,-4.334905650E-03, 0.000000000E+00,-8.327447269E-03,-4.332948797E-03, 2.222222222E-03, 7.255706589E-08, 4.459020313E+02, 7.788305600E+02, 3.000000000E+02, 1.176655108E+00, 2.350000000E+01, 2.350000000E+01, 1.862915775E+03
       548,-8.000061847E-03,-5.096989218E-03, 0.000000000E+00,-8.001230180E-03,-5.095176037E-03, 2.222222222E-03, 6.249251275E-08, 4.462572416E+02, 7.757724134E+02, 3.000000000E+02, 1.176655108E+00, 2.350000000E+01, 2.350000000E+01, 1.862915775E+03
       549,-7.590541616E-03,-5.824688356E-03, 0.000000000E+00,-7.591548696E-03,-5.823405193E-03, 2.222222222E-03, 5.393979591E-08, 4.465525055E+02, 7.703982824E+02, 3.000000000E+02, 1.176655108E+00, 2.350000000E+01, 2.350000000E+01, 1.862915775E+03
       550,-7.102910895E-03,-6.508708466E-03, 0.000000000E+00,-7.103345892E-03,-6.508270416E-03, 2.222222222E-03, 4.697256986E-08, 4.467961450E+02, 7.614955946E+02, 3.000000000E+02, 1.176655108E+00, 2.350000000E+01, 2.350000000E+01, 1.862915775E+03
       551, 4.538213834E-03,-4.159469623E-03, 0.000000000E+00, 4.541160907E-03,-4.161333101E-03, 2.222222222E-03, 2.721360284E-07, 4.366922857E+02, 7.693408062E+02, 3.000000000E+02, 1.176655108E+00, 2.350000000E+01, 2.350000000E+01, 1.862915775E+03
       552, 4.480618052E-03,-4.888815805E-03, 0.000000000E+00, 4.481821328E-03,-4.891042482E-03, 2.222222222E-03, 2.574986739E-07, 4.376018044E+02, 7.710366828E+02, 3.000000000E+02, 1.176655108E+00, 2.350000000E+01, 2.350000000E+01, 1.862915775E+03
       553, 4.264388233E-03,-5.555055104E-03, 0.000000000E+00, 4.264124262E-03,-5.557392094E-03, 2.222222222E-03, 2.426010502E-07, 4.384042896E+02, 7.725191834E+02, 3.000000000E+02, 1.176655108E+00, 2.350000000E+01, 2.350000000E+01, 1.862915775E+03
       554, 3.927267157E-03,-6.161339115E-03, 0.000000000E+00, 3.926086345E-03,-6.163501496E-03, 2.222222222E-03, 2.282127337E-07, 4.391257728E+02, 7.738388683E+02, 3.000000000E+02, 1.176655108E+00, 2.350000000E+01, 2.350000000E+01, 1.862915775E+03
       555, 3.497205675E-03,-6.714582909E-03, 0.000000000E+00, 3.495657935E-03,-6.716409810E-03, 2.222222222E-03, 2.140466741E-07, 4.398107274E+02, 7.750643100E+02, 3.000000000E+02, 1.176655108E+00, 2.350000000E+01, 2.350000000E+01, 1.862915775E+03
       556, 2.991095185E-03,-7.217769511E-03, 0.000000000E+00, 2.989554956E-03,-7.219210806E-03, 2.222222222E-03, 1.996934444E-07, 4.404880487E+02, 7.762367638E+02, 3.000000000E+02, 1.176655108E+00, 2.350000000E+01, 2.350000000E+01, 1.862915775E+03
       557, 2.418801188E-03,-7.668373175E-03, 0.000000000E+00, 2.417477524E-03,-7.669443886E-03, 2.222222222E-03, 1.849823023E-07, 4.411669628E+02, 7.773552302E+02, 3.000000000E+02, 1.176655108E+00, 2.350000000E+01, 2.350000000E+01, 1.862915775E+03
       558, 1.787526067E-03,-8.060268126E-03, 0.000000000E+00, 1.786525960E-03,-8.061020471E-03, 2.222222222E-03, 1.699808412E-07, 4.418439865E+02, 7.783965868E+02, 3.000000000E+02, 1.176655108E+00, 2.350000000E+01, 2.350000000E+01, 1.862915775E+03
       559, 1.104366500E-03,-8.386092260E-03, 0.000000000E+00, 1.103745068E-03,-8.386597987E-03, 2.222222222E-03, 1.548905414E-07, 4.425144277E+02, 7.793338643E+02, 3.000000000E+02, 1.176655108E+00, 2.350000000E+01, 2.350000000E+01, 1.862915775E+03
       560, 3.772722266E-04,-8.638857864E-03, 0.000000000E+00, 3.770601219E-04,-8.639197616E-03, 2.222222222E-03, 1.399554307E-07, 4.431700029E+02, 7.801377546E+02, 3.000000000E+02, 1.176655108E+00, 2.350000000E+01, 2.350000000E+01, 1.862915775E+03
       561,-3.848536580E-04,-8.812773041E-03, 0.000000000E+00,-3.846380351E-04,-8.813031901E-03, 2.222222222E-03, 1.254081084E-07, 4.438061597E+02, 7.807756801E+02, 3.000000000E+02, 1.176655108E+00, 2.350000000E+01, 2.350000000E+01, 1.862915775E+03
       562,-1.172382734E-03,-8.903546259E-03, 0.000000000E+00,-1.171729946E-03,-8.903812849E-03, 2.222222222E-03, 1.114463495E-07, 4.444139330E+02, 7.811788727E+02, 3.000000000E+02, 1.176655108E+00, 2.350000000E+01, 2.350000000E+01, 1.862915775E+03
       563,-1.975250663E-03,-8.908412419E-03, 0.000000000E+00,-1.974164492E-03,-8.908775329E-03, 2.222222222E-03, 9.822959189E-08, 4.449769608E+02, 7.812237610E+02, 3.000000000E+02, 1.176655108E+00, 2.350000000E+01, 2.350000000E+01, 1.862915775E+03
       564,-2.783199772E-03,-8.826018311E-03, 0.000000000E+00,-2.781710208E-03,-8.826561329E-03, 2.222222222E-03, 8.588761091E-08, 4.454777658E+02, 7.806989892E+02, 3.000000000E+02, 1.176655108E+00, 2.350000000E+01, 2.350000000E+01, 1.862915775E+03
       565,-3.585940693E-03,-8.656264283E-03, 0.000000000E+00,-3.584129253E-03,-8.657050328E-03, 2.222222222E-03, 7.453646551E-08, 4.459005409E+02, 7.792956405E+02, 3.000000000E+02, 1.176655108E+00, 2.350000000E+01, 2.350000000E+01, 1.862915775E+03
       566,-4.373242147E-03,-8.400170133E-03, 0.000000000E+00,-4.371281224E-03,-8.401202970E-03, 2.222222222E-03, 6.429652885E-08, 4.462557747E+02, 7.765338365E+02, 3.000000000E+02, 1.176655108E+00, 2.350000000E+01, 2.350000000E+01, 1.862915775E+03
       567,-5.135021638E-03,-8.059846237E-03, 0.000000000E+00,-5.133205165E-03,-8.061009357E-03, 2.222222222E-03, 5.530175670E-08, 4.465520662E+02, 7.714846479E+02, 3.000000000E+02, 1.176655108E+00, 2.350000000E+01, 2.350000000E+01, 1.862915775E+03
       568,-5.861577112E-03,-7.638664450E-03, 0.000000000E+00,-5.860290341E-03,-7.639667137E-03, 2.222222222E-03, 4.767955830E-08, 4.467984423E+02, 7.625748108E+02, 3.000000000E+02, 1.176655108E+00, 2.350000000E+01, 2.350000000E+01, 1.862915775E+03
       569,-6.544128992E-03,-7.141580340E-03, 0.000000000E+00,-6.543687377E-03,-7.142011093E-03, 2.222222222E-03, 4.148408479E-08, 4.470076532E+02, 7.484931971E+02, 3.000000000E+02, 1.176655108E+00, 2.350000000E+01, 2.350000000E+01, 1.862915775E+03
       570, 3.960502334E-03,-3.318832489E-03, 0.000000000E+00, 3.957720552E-03,-3.317309541E-03, 2.222222222E-03, 1.394594593E-07, 4.351142740E+02, 7.661254735E+02, 3.000000000E+02, 1.176655108E+00, 2.350000000E+01, 2.350000000E+01, 1.862915775E+03
       571, 4.139064346E-03,-3.793852869E-03, 0.000000000E+00, 4.143082005E-03,-3.796696575E-03, 2.222222222E-03, 2.825767157E-07, 4.357222283E+02, 7.675566667E+02, 3.000000000E+02, 1.176655108E+00, 2.350000000E+01, 2.350000000E+01, 1.862915775E+03
       572, 3.649641993E-03,-3.034415888E-03, 0.000000000E+00, 3.647745672E-03,-3.033474043E-03, 2.222222222E-03, 2.292160545E-07, 4.346001793E+02, 7.649583031E+02, 3.000000000E+02, 1.176655108E+00, 2.350000000E+01, 2.350000000E+01, 1.862915775E+03
       573, 3.214314813E-03,-2.632109914E-03, 0.000000000E+00, 3.213157175E-03,-2.631576995E-03, 2.222222222E-03, 2.677648533E-07, 4.338817728E+02, 7.637020431E+02, 3.000000000E+02, 1.176655108E+00, 2.350000000E+01, 2.350000000E+01, 1.862915775E+03
       574, 2.718190895E-03,-2.168342471E-03, 0.000000000E+00, 2.717556196E-03,-2.168071434E-03, 2.222222222E-03, 2.725732501E-07, 4.332101916E+02, 7.625698485E+02, 3.000000000E+02, 1.176655108E+00, 2.350000000E+01, 2.350000000E+01, 1.862915775E+03
       575, 2.204179065E-03,-1.682076487E-03, 0.000000000E+00, 2.203868189E-03,-1.681957489E-03, 2.222222222E-03, 2.618642982E-07, 4.326570135E+02, 7.616358452E+02, 3.000000000E+02, 1.176655108E+00, 2.350000000E+01, 2.350000000E+01, 1.862915775E+03
       576, 1.694586244E-03,-1.194115379E-03, 0.000000000E+00, 1.694454351E-03,-1.194073849E-03, 2.222222222E-03, 2.473278319E-07, 4.322439356E+02, 7.609268118E+02, 3.000000000E+02, 1.176655108E+00, 2.350000000E+01, 2.350000000E+01, 1.862915775E+03
       577, 1.197470468E-03,-7.122419192E-04, 0.000000000E+00, 1.197425976E-03,-7.122327240E-04, 2.222222222E-03, 2.347967088E-07, 4.319630446E+02, 7.604330851E+02, 3.000000000E+02, 1.176655108E+00, 2.350000000E+01, 2.350000000E+01, 1.862915775E+03
       578, 7.128086872E-04,-2.365904948E-04, 0.000000000E+00, 7.127991209E-04,-2.365898834E-04, 2.222222222E-03, 2.267174147E-07, 4.318015653E+02, 7.601315657E+02, 3.000000000E+02, 1.176655108E+00, 2.350000000E+01, 2.350000000E+01, 1.862915775E+03
       579, 2.366206754E-04, 2.366206754E-04, 0.000000000E+00, 2.366200649E-04, 2.366200649E-04, 2.222222222E-03, 2.239573757E-07, 4.317490705E+02, 7.600175200E+02, 3.000000000E+02, 1.176655108E+00, 2.350000000E+01, 2.350000000E+01, 1.862915775E+03
       580,-2.365904948E-04, 7.128086872E-04, 0.000000000E+00,-2.365898834E-04, 7.127991209E-04, 2.222222222E-03, 2.267174147E-07, 4.318015653E+02, 7.601315657E+02, 3.000000000E+02, 1.176655108E+00, 2.350000000E+01, 2.350000000E+01, 1.862915775E+03
       581,-7.122419192E-04, 1.197470468E-03, 0.000000000E+00,-7.122327240E-04, 1.197425976E-03, 2.222222222E-03, 2.347967088E-07, 4.319630446E+02, 7.604330851E+02, 3.000000000E+02, 1.176655108E+00, 2.350000000E+01, 2.350000000E+01, 1.862915775E+03
       582,-1.194115379E-03, 1.694586244E-03, 0.000000000E+00,-1.194073849E-03, 1.694454351E-03, 2.222222222E-03, 2.473278319E-07, 4.322439356E+02, 7.609268118E+02, 3.000000000E+02, 1.176655108E+00, 2.350000000E+01, 2.350000000E+01, 1.862915775E+03
       583,-1.682076487E-03, 2.204179065E-03, 0.000000000E+00,-1.681957489E-03, 2.203868189E-03, 2.222222222E-03, 2.618642982E-07, 4.326570135E+02, 7.616358452E+02, 3.000000000E+02, 1.176655108E+00, 2.350000000E+01, 2.350000000E+01, 1.862915775E+03
       584,-2.168342238E-03, 2.718190895E-03, 0.000000000E+00,-2.168071434E-03, 2.717556196E-03, 2.222222222E-03, 2.725732501E-07, 4.332101916E+02, 7.625698485E+02, 3.000000000E+02, 1.176655108E+00, 2.350000000E+01, 2.350000000E+01, 1.862915775E+03
       585,-2.632109914E-03, 3.214314580E-03, 0.000000000E+00,-2.631576995E-03, 3.213157175E-03, 2.222222222E-03, 2.677648533E-07, 4.338817728E+02, 7.637020431E+02, 3.000000000E+02, 1.176655108E+00, 2.350000000E+01, 2.350000000E+01, 1.862915775E+03
       586,-3.034415888E-03, 3.649641993E-03, 0.000000000E+00,-3.033474043E-03, 3.647745672E-03, 2.222222222E-03, 2.292160545E-07, 4.346001793E+02, 7.649583031E+02, 3.000000000E+02, 1.176655108E+00, 2.350000000E+01, 2.350000000E+01, 1.862915775E+03
       587,-3.318832489E-03, 3.960501868E-03, 0.000000000E+00,-3.317309541E-03, 3.957720552E-03, 2.222222222E-03, 1.394594593E-07, 4.351142740E+02, 7.661254735E+02, 3.000000000E+02, 1.176655108E+00, 2.350000000E+01, 2.350000000E+01, 1.862915775E+03
       588,-3.378110006E-03, 4.398862831E-03, 0.000000000E+00,-3.379742963E-03, 4.403674364E-03, 2.222222222E-03, 2.835223820E-07, 4.356651022E+02, 7.674206815E+02, 3.000000000E+02, 1.176655108E+00, 2.350000000E+01, 2.350000000E+01, 1.862915775E+03
       589,-4.159470089E-03, 4.538213834E-03, 0.000000000E+00,-4.161333101E-03, 4.541160907E-03, 2.222222222E-03, 2.721360284E-07, 4.366922857E+02, 7.693408062E+02, 3.000000000E+02, 1.176655108E+00, 2.350000000E+01, 2.350000000E+01, 1.862915775E+03
       590,-4.888815805E-03, 4.480618052E-03, 0.000000000E+00,-4.891042482E-03, 4.481821328E-03, 2.222222222E-03, 2.574986739E-07, 4.376018044E+02, 7.710366828E+02, 3.000000000E+02, 1.176655108E+00, 2.350000000E+01, 2.350000000E+01, 1.862915775E+03
       591,-5.555055104E-03, 4.264388233E-03, 0.000000000E+00,-5.557392094E-03, 4.264124262E-03, 2.222222222E-03, 2.426010502E-07, 4.384042896E+02, 7.725191834E+02, 3.000000000E+02, 1.176655108E+00, 2.350000000E+01, 2.350000000E+01, 1.862915775E+03
       592,-6.161339115E-03, 3.927266691E-03, 0.000000000E+00,-6.163501496E-03, 3.926086345E-03, 2.222222222E-03, 2.282127337E-07, 4.391257728E+02, 7.738388683E+02, 3.000000000E+02, 1.176655108E+00, 2.350000000E+01, 2.350000000E+01, 1.862915775E+03
       593,-6.714582443E-03, 3.497205675E-03, 0.000000000E+00,-6.716409810E-03, 3.495657935E-03, 2.222222222E-03, 2.140466741E-07, 4.398107274E+02, 7.750643100E+02, 3.000000000E+02, 1.176655108E+00, 2.350000000E+01, 2.350000000E+01, 1.862915775E+03
       594,-7.217769045E-03, 2.991095185E-03, 0.000000000E+00,-7.219210806E-03, 2.989554956E-03, 2.222222222E-03, 1.996934444E-07, 4.404880487E+02, 7.762367638E+02, 3.000000000E+02, 1.176655108E+00, 2.350000000E+01, 2.350000000E+01, 1.862915775E+03
       595,-7.668372709E-03, 2.418801188E-03, 0.000000000E+00,-7.669443886E-03, 2.417477524E-03, 2.222222222E-03, 1.849823023E-07, 4.411669628E+02, 7.773552302E+02, 3.000000000E+02, 1.176655108E+00, 2.350000000E+01, 2.350000000E+01, 1.862915775E+03
       596,-8.060268126E-03, 1.787526067E-03, 0.000000000E+00,-8.061020471E-03, 1.786525960E-03, 2.222222222E-03, 1.699808412E-07, 4.418439865E+02, 7.783965868E+02, 3.000000000E+02, 1.176655108E+00, 2.350000000E+01, 2.350000000E+01, 1.862915775E+03
       597,-8.386092260E-03, 1.104366384E-03, 0.000000000E+00,-8.386597987E-03, 1.103745068E-03, 2.222222222E-03, 1.548905414E-07, 4.425144277E+02, 7.793338643E+02, 3.000000000E+02, 1.176655108E+00, 2.350000000E+01, 2.350000000E+01, 1.862915775E+03
       598,-8.638858795E-03, 3.772722266E-04, 0.000000000E+00,-8.639197616E-03, 3.770601219E-04, 2.222222222E-03, 1.399554307E-07, 4.431700029E+02, 7.801377546E+02, 3.000000000E+02, 1.176655108E+00, 2.350000000E+01, 2.350000000E+01, 1.862915775E+03
       599,-8.812773041E-03,-3.848536580E-04, 0.000000000E+00,-8.813031901E-03,-3.846380351E-04, 2.222222222E-03, 1.254081084E-07, 4.438061597E+02, 7.807756801E+02, 3.000000000E+02, 1.176655108E+00, 2.350000000E+01, 2.350000000E+01, 1.862915775E+03
       600,-8.903546259E-03,-1.172382850E-03, 0.000000000E+00,-8.903812849E-03,-1.171729946E-03, 2.222222222E-03, 1.114463495E-07, 4.444139330E+02, 7.811788727E+02, 3.000000000E+02, 1.176655108E+00, 2.350000000E+01, 2.350000000E+01, 1.862915775E+03
       601,-8.908412419E-03,-1.975250896E-03, 0.000000000E+00,-8.908775329E-03,-1.974164492E-03, 2.222222222E-03, 9.822959189E-08, 4.449769608E+02, 7.812237610E+02, 3.000000000E+02, 1.176655108E+00, 2.350000000E+01, 2.350000000E+01, 1.862915775E+03
       602,-8.826018311E-03,-2.783200005E-03, 0.000000000E+00,-8.826561329E-03,-2.781710208E-03, 2.222222222E-03, 8.588761091E-08, 4.454777658E+02, 7.806989892E+02, 3.000000000E+02, 1.176655108E+00, 2.350000000E+01, 2.350000000E+01, 1.862915775E+03
       603,-8.656264283E-03,-3.585940460E-03, 0.000000000E+00,-8.657050328E-03,-3.584129253E-03, 2.222222222E-03, 7.453646551E-08, 4.459005409E+02, 7.792956405E+02, 3.000000000E+02, 1.176655108E+00, 2.350000000E+01, 2.350000000E+01, 1.862915775E+03
       604,-8.400170133E-03,-4.373242147E-03, 0.000000000E+00,-8.401202970E-03,-4.371281224E-03, 2.222222222E-03, 6.429652885E-08, 4.462557747E+02, 7.765338365E+02, 3.000000000E+02, 1.176655108E+00, 2.350000000E+01, 2.350000000E+01, 1.862915775E+03
       605,-8.059846237E-03,-5.135021638E-03, 0.000000000E+00,-8.061009357E-03,-5.133205165E-03, 2.222222222E-03, 5.530175670E-08, 4.465520662E+02, 7.714846479E+02, 3.000000000E+02, 1.176655108E+00, 2.350000000E+01, 2.350000000E+01, 1.862915775E+03
       606,-7.638664450E-03,-5.861577112E-03, 0.000000000E+00,-7.639667137E-03,-5.860290341E-03, 2.222222222E-03, 4.767955830E-08, 4.467984423E+02, 7.625748108E+02, 3.000000000E+02, 1.176655108E+00, 2.350000000E+01, 2.350000000E+01, 1.862915775E+03
       607,-7.141580340E-03,-6.544129457E-03, 0.000000000E+00,-7.142011093E-03,-6.543687377E-03, 2.222222222E-03, 4.148408479E-08, 4.470076532E+02, 7.484931971E+02, 3.000000000E+02, 1.176655108E+00, 2.350000000E+01, 2.350000000E+01, 1.862915775E+03
       608, 4.835175816E-03,-3.712565172E-03, 0.000000000E+00, 4.838823722E-03,-3.713306316E-03, 2.222222222E-03, 2.737180629E-07, 4.366039571E+02, 7.691718664E+02, 3.000000000E+02, 1.176655108E+00, 2.350000000E+01, 2.350000000E+01, 1.862915775E+03
       609, 4.888815805E-03,-4.480618052E-03, 0.000000000E+00, 4.891042482E-03,-4.481821328E-03, 2.222222222E-03, 2.574986739E-07, 4.376018044E+02, 7.710366828E+02, 3.000000000E+02, 1.176655108E+00, 2.350000000E+01, 2.350000000E+01, 1.862915775E+03
       610, 4.762706812E-03,-5.196776241E-03, 0.000000000E+00, 4.763453410E-03,-5.198504248E-03, 2.222222222E-03, 2.404239469E-07, 4.384955344E+02, 7.726785228E+02, 3.000000000E+02, 1.176655108E+00, 2.350000000E+01, 2.350000000E+01, 1.862915775E+03
       611, 4.491048865E-03,-5.850745365E-03, 0.000000000E+00, 4.490499086E-03,-5.852708887E-03, 2.222222222E-03, 2.244292601E-07, 4.392752103E+02, 7.740909632E+02, 3.000000000E+02, 1.176655108E+00, 2.350000000E+01, 2.350000000E+01, 1.862915775E+03
       612, 4.107567482E-03,-6.444759201E-03, 0.000000000E+00, 4.106205060E-03,-6.446635742E-03, 2.222222222E-03, 2.096691893E-07, 4.399708600E+02, 7.753243922E+02, 3.000000000E+02, 1.176655108E+00, 2.350000000E+01, 2.350000000E+01, 1.862915775E+03
       613, 3.637428163E-03,-6.984385196E-03, 0.000000000E+00, 3.635761086E-03,-6.985983305E-03, 2.222222222E-03, 1.955620293E-07, 4.406262346E+02, 7.764497218E+02, 3.000000000E+02, 1.176655108E+00, 2.350000000E+01, 2.350000000E+01, 1.862915775E+03
       614, 3.096138826E-03,-7.471793331E-03, 0.000000000E+00, 3.094520158E-03,-7.473044712E-03, 2.222222222E-03, 1.815754973E-07, 4.412705910E+02, 7.775092791E+02, 3.000000000E+02, 1.176655108E+00, 2.350000000E+01, 2.350000000E+01, 1.862915775E+03
       615, 2.493091626E-03,-7.904383354E-03, 0.000000000E+00, 2.491718129E-03,-7.905296138E-03, 2.222222222E-03, 1.674828429E-07, 4.419142483E+02, 7.784993280E+02, 3.000000000E+02, 1.176655108E+00, 2.350000000E+01, 2.350000000E+01, 1.862915775E+03
       616, 1.835379633E-03,-8.276471868E-03, 0.000000000E+00, 1.834350826E-03,-8.277094226E-03, 2.222222222E-03, 1.533110724E-07, 4.425534615E+02, 7.793896742E+02, 3.000000000E+02, 1.176655108E+00, 2.350000000E+01, 2.350000000E+01, 1.862915775E+03
       617, 1.130033750E-03,-8.581364527E-03, 0.000000000E+00, 1.129398760E-03,-8.581765962E-03, 2.222222222E-03, 1.392197001E-07, 4.431864047E+02, 7.801576486E+02, 3.000000000E+02, 1.176655108E+00, 2.350000000E+01, 2.350000000E+01, 1.862915775E+03
       618, 3.848536580E-04,-8.812773041E-03, 0.000000000E+00, 3.846380351E-04,-8.813031901E-03, 2.222222222E-03, 1.254081084E-07, 4.438061597E+02, 7.807756801E+02, 3.000000000E+02, 1.176655108E+00, 2.350000000E+01, 2.350000000E+01, 1.862915775E+03
       619,-3.915129637E-04,-8.965535089E-03, 0.000000000E+00,-3.912947316E-04,-8.965733843E-03, 2.222222222E-03, 1.120647152E-07, 4.444041871E+02, 7.811844109E+02, 3.000000000E+02, 1.176655108E+00, 2.350000000E+01, 2.350000000E+01, 1.862915775E+03
       620,-1.189777511E-03,-9.035882540E-03, 0.000000000E+00,-1.189119054E-03,-9.036105585E-03, 2.222222222E-03, 9.934653674E-08, 4.449655675E+02, 7.812801522E+02, 3.000000000E+02, 1.176655108E+00, 2.350000000E+01, 2.350000000E+01, 1.862915775E+03
       621,-2.000272274E-03,-9.021460079E-03, 0.000000000E+00,-1.999179445E-03,-9.021793413E-03, 2.222222222E-03, 8.737711863E-08, 4.454753894E+02, 7.808928283E+02, 3.000000000E+02, 1.176655108E+00, 2.350000000E+01, 2.350000000E+01, 1.862915775E+03
       622,-2.813170198E-03,-8.921230212E-03, 0.000000000E+00,-2.811674649E-03,-8.921754261E-03, 2.222222222E-03, 7.625507730E-08, 4.459120080E+02, 7.797080549E+02, 3.000000000E+02, 1.176655108E+00, 2.350000000E+01, 2.350000000E+01, 1.862915775E+03
       623,-3.618635936E-03,-8.735330775E-03, 0.000000000E+00,-3.616820378E-03,-8.736106206E-03, 2.222222222E-03, 6.606866347E-08, 4.462686221E+02, 7.772321726E+02, 3.000000000E+02, 1.176655108E+00, 2.350000000E+01, 2.350000000E+01, 1.862915775E+03
       624,-4.406915978E-03,-8.464962244E-03, 0.000000000E+00,-4.404952277E-03,-8.465989690E-03, 2.222222222E-03, 5.691177494E-08, 4.465626582E+02, 7.726498901E+02, 3.000000000E+02, 1.176655108E+00, 2.350000000E+01, 2.350000000E+01, 1.862915775E+03
       625,-5.168428179E-03,-8.112359792E-03, 0.000000000E+00,-5.166609664E-03,-8.113518934E-03, 2.222222222E-03, 4.889192815E-08, 4.468063661E+02, 7.643033326E+02, 3.000000000E+02, 1.176655108E+00, 2.350000000E+01, 2.350000000E+01, 1.862915775E+03
       626,-5.893979222E-03,-7.680934388E-03, 0.000000000E+00,-5.892689880E-03,-7.681933886E-03, 2.222222222E-03, 4.211213766E-08, 4.470136311E+02, 7.500374545E+02, 3.000000000E+02, 1.176655108E+00, 2.350000000E+01, 2.350000000E+01, 1.862915775E+03
       627,-6.575242151E-03,-7.175547071E-03, 0.000000000E+00,-6.574797204E-03,-7.175974137E-03, 2.222222222E-03, 3.661183252E-08, 4.471964606E+02, 7.305612481E+02, 3.000000000E+02, 1.176655108E+00, 2.350000000E+01, 2.350000000E+01, 1.862915775E+03
       628, 4.108740017E-03,-2.861072542E-03, 0.000000000E+00, 4.105989551E-03,-2.860492901E-03, 2.222222222E-03, 1.792225684E-07, 4.348770368E+02, 7.657542470E+02, 3.000000000E+02, 1.176655108E+00, 2.350000000E+01, 2.350000000E+01, 1.862915775E+03
       629, 4.398863297E-03,-3.378110006E-03, 0.000000000E+00, 4.403674364E-03,-3.379742963E-03, 2.222222222E-03, 2.835223820E-07, 4.356651022E+02, 7.674206815E+02, 3.000000000E+02, 1.176655108E+00, 2.350000000E+01, 2.350000000E+01, 1.862915775E+03
       630, 3.726419294E-03,-2.536191139E-03, 0.000000000E+00, 3.724506962E-03,-2.535846315E-03, 2.222222222E-03, 2.423111697E-07, 4.342954460E+02, 7.644530855E+02, 3.000000000E+02, 1.176655108E+00, 2.350000000E+01, 2.350000000E+01, 1.862915775E+03
       631, 3.249506466E-03,-2.122275997E-03, 0.000000000E+00, 3.248319063E-03,-2.122078408E-03, 2.222222222E-03, 2.658579936E-07, 4.335913544E+02, 7.632478534E+02, 3.000000000E+02, 1.176655108E+00, 2.350000000E+01, 2.350000000E+01, 1.862915775E+03
       632, 2.732213587E-03,-1.663127216E-03, 0.000000000E+00, 2.731558181E-03,-1.663030475E-03, 2.222222222E-03, 2.652288667E-07, 4.329749634E+02, 7.622037753E+02, 3.000000000E+02, 1.176655108E+00, 2.350000000E+01, 2.350000000E+01, 1.862915775E+03
       633, 2.208789578E-03,-1.187741291E-03, 0.000000000E+00, 2.208469207E-03,-1.187705018E-03, 2.222222222E-03, 2.542934080E-07, 4.324852305E+02, 7.613693731E+02, 3.000000000E+02, 1.176655108E+00, 2.350000000E+01, 2.350000000E+01, 1.862915775E+03
       634, 1.695697429E-03,-7.107050624E-04, 0.000000000E+00, 1.695562456E-03,-7.106966134E-04, 2.222222222E-03, 2.417426907E-07, 4.321338985E+02, 7.607557355E+02, 3.000000000E+02, 1.176655108E+00, 2.350000000E+01, 2.350000000E+01, 1.862915775E+03
       635, 1.197621459E-03,-2.364317479E-04, 0.000000000E+00, 1.197576375E-03,-2.364311802E-04, 2.222222222E-03, 2.319352064E-07, 4.319098118E+02, 7.603485564E+02, 3.000000000E+02, 1.176655108E+00, 2.350000000E+01, 2.350000000E+01, 1.862915775E+03
       636, 7.128086872E-04, 2.365904948E-04, 0.000000000E+00, 7.127991209E-04, 2.365898834E-04, 2.222222222E-03, 2.267174147E-07, 4.318015653E+02, 7.601315657E+02, 3.000000000E+02, 1.176655108E+00, 2.350000000E+01, 2.350000000E+01, 1.862915775E+03
       637, 2.365904802E-04, 7.128086872E-04, 0.000000000E+00, 2.365898834E-04, 7.127991209E-04, 2.222222222E-03, 2.267174147E-07, 4.318015653E+02, 7.601315657E+02, 3.000000000E+02, 1.176655108E+00, 2.350000000E+01, 2.350000000E+01, 1.862915775E+03
       638,-2.364317479E-04, 1.197621459E-03, 0.000000000E+00,-2.364311802E-04, 1.197576375E-03, 2.222222222E-03, 2.319352064E-07, 4.319098118E+02, 7.603485564E+02, 3.000000000E+02, 1.176655108E+00, 2.350000000E+01, 2.350000000E+01, 1.862915775E+03
       639,-7.107050042E-04, 1.695697429E-03, 0.000000000E+00,-7.106966134E-04, 1.695562456E-03, 2.222222222E-03, 2.417426907E-07, 4.321338985E+02, 7.607557355E+02, 3.000000000E+02, 1.176655108E+00, 2.350000000E+01, 2.350000000E+01, 1.862915775E+03
       640,-1.187741291E-03, 2.208789578E-03, 0.000000000E+00,-1.187705018E-03, 2.208469207E-03, 2.222222222E-03, 2.542934080E-07, 4.324852305E+02, 7.613693731E+02, 3.000000000E+02, 1.176655108E+00, 2.350000000E+01, 2.350000000E+01, 1.862915775E+03
       641,-1.663127216E-03, 2.732213587E-03, 0.000000000E+00,-1.663030475E-03, 2.731558181E-03, 2.222222222E-03, 2.652288667E-07, 4.329749634E+02, 7.622037753E+02, 3.000000000E+02, 1.176655108E+00, 2.350000000E+01, 2.350000000E+01, 1.862915775E+03
       642,-2.122275764E-03, 3.249506466E-03, 0.000000000E+00,-2.122078408E-03, 3.248319063E-03, 2.222222222E-03, 2.658579936E-07, 4.335913544E+02, 7.632478534E+02, 3.000000000E+02, 1.176655108E+00, 2.350000000E+01, 2.350000000E+01, 1.862915775E+03
       643,-2.536191372E-03, 3.726419294E-03, 0.000000000E+00,-2.535846315E-03, 3.724506962E-03, 2.222222222E-03, 2.423111697E-07, 4.342954460E+02, 7.644530855E+02, 3.000000000E+02, 1.176655108E+00, 2.350000000E+01, 2.350000000E+01, 1.862915775E+03
       644,-2.861072542E-03, 4.108740017E-03, 0.000000000E+00,-2.860492901E-03, 4.105989551E-03, 2.222222222E-03, 1.792225684E-07, 4.348770368E+02, 7.657542470E+02, 3.000000000E+02, 1.176655108E+00, 2.350000000E+01, 2.350000000E+01, 1.862915775E+03
       645,-2.919380320E-03, 4.577010870E-03, 0.000000000E+00,-2.920204051E-03, 4.582323631E-03, 2.222222222E-03, 2.848773439E-07, 4.354922664E+02, 7.671263201E+02, 3.000000000E+02, 1.176655108E+00, 2.350000000E+01, 2.350000000E+01, 1.862915775E+03
       646,-3.712565172E-03, 4.835175816E-03, 0.000000000E+00,-3.713306316E-03, 4.838823722E-03, 2.222222222E-03, 2.737180629E-07, 4.366039571E+02, 7.691718664E+02, 3.000000000E+02, 1.176655108E+00, 2.350000000E+01, 2.350000000E+01, 1.862915775E+03
       647,-4.480618052E-03, 4.888815805E-03, 0.000000000E+00,-4.481821328E-03, 4.891042482E-03, 2.222222222E-03, 2.574986739E-07, 4.376018044E+02, 7.710366828E+02, 3.000000000E+02, 1.176655108E+00, 2.350000000E+01, 2.350000000E+01, 1.862915775E+03
       648,-5.196776241E-03, 4.762706812E-03, 0.000000000E+00,-5.198504248E-03, 4.763453410E-03, 2.222222222E-03, 2.404239469E-07, 4.384955344E+02, 7.726785228E+02, 3.000000000E+02, 1.176655108E+00, 2.350000000E+01, 2.350000000E+01, 1.862915775E+03
       649,-5.850745365E-03, 4.491048865E-03, 0.000000000E+00,-5.852708887E-03, 4.490499086E-03, 2.222222222E-03, 2.244292601E-07, 4.392752103E+02, 7.740909632E+02, 3.000000000E+02, 1.176655108E+00, 2.350000000E+01, 2.350000000E+01, 1.862915775E+03
       650,-6.444759201E-03, 4.107567482E-03, 0.000000000E+00,-6.446635742E-03, 4.106205060E-03, 2.222222222E-03, 2.096691893E-07, 4.399708600E+02, 7.753243922E+02, 3.000000000E+02, 1.176655108E+00, 2.350000000E+01, 2.350000000E+01, 1.862915775E+03
       651,-6.984385196E-03, 3.637428163E-03, 0.000000000E+00,-6.985983305E-03, 3.635761086E-03, 2.222222222E-03, 1.955620293E-07, 4.406262346E+02, 7.764497218E+02, 3.000000000E+02, 1.176655108E+00, 2.350000000E+01, 2.350000000E+01, 1.862915775E+03
       652,-7.471793331E-03, 3.096139058E-03, 0.000000000E+00,-7.473044712E-03, 3.094520158E-03, 2.222222222E-03, 1.815754973E-07, 4.412705910E+02, 7.775092791E+02, 3.000000000E+02, 1.176655108E+00, 2.350000000E+01, 2.350000000E+01, 1.862915775E+03
       653,-7.904384285E-03, 2.493091626E-03, 0.000000000E+00,-7.905296138E-03, 2.491718129E-03, 2.222222222E-03, 1.674828429E-07, 4.419142483E+02, 7.784993280E+02, 3.000000000E+02, 1.176655108E+00, 2.350000000E+01, 2.350000000E+01, 1.862915775E+03
       654,-8.276471868E-03, 1.835379633E-03, 0.000000000E+00,-8.277094226E-03, 1.834350826E-03, 2.222222222E-03, 1.533110724E-07, 4.425534615E+02, 7.793896742E+02, 3.000000000E+02, 1.176655108E+00, 2.350000000E+01, 2.350000000E+01, 1.862915775E+03
       655,-8.581363596E-03, 1.130033750E-03, 0.000000000E+00,-8.581765962E-03, 1.129398760E-03, 2.222222222E-03, 1.392197001E-07, 4.431864047E+02, 7.801576486E+02, 3.000000000E+02, 1.176655108E+00, 2.350000000E+01, 2.350000000E+01, 1.862915775E+03
       656,-8.812773041E-03, 3.848536580E-04, 0.000000000E+00,-8.813031901E-03, 3.846380351E-04, 2.222222222E-03, 1.254081084E-07, 4.438061597E+02, 7.807756801E+02, 3.000000000E+02, 1.176655108E+00, 2.350000000E+01, 2.350000000E+01, 1.862915775E+03
       657,-8.965535089E-03,-3.915129637E-04, 0.000000000E+00,-8.965733843E-03,-3.912947316E-04, 2.222222222E-03, 1.120647152E-07, 4.444041871E+02, 7.811844109E+02, 3.000000000E+02, 1.176655108E+00, 2.350000000E+01, 2.350000000E+01, 1.862915775E+03
       658,-9.035882540E-03,-1.189777511E-03, 0.000000000E+00,-9.036105585E-03,-1.189119054E-03, 2.222222222E-03, 9.934653674E-08, 4.449655675E+02, 7.812801522E+02, 3.000000000E+02, 1.176655108E+00, 2.350000000E+01, 2.350000000E+01, 1.862915775E+03
       659,-9.021460079E-03,-2.000272274E-03, 0.000000000E+00,-9.021793413E-03,-1.999179445E-03, 2.222222222E-03, 8.737711863E-08, 4.454753894E+02, 7.808928283E+02, 3.000000000E+02, 1.176655108E+00, 2.350000000E+01, 2.350000000E+01, 1.862915775E+03
       660,-8.921229281E-03,-2.813170198E-03, 0.000000000E+00,-8.921754261E-03,-2.811674649E-03, 2.222222222E-03, 7.625507730E-08, 4.459120080E+02, 7.797080549E+02, 3.000000000E+02, 1.176655108E+00, 2.350000000E+01, 2.350000000E+01, 1.862915775E+03
       661,-8.735330775E-03,-3.618635936E-03, 0.000000000E+00,-8.736106206E-03,-3.616820378E-03, 2.222222222E-03, 6.606866347E-08, 4.462686221E+02, 7.772321726E+02, 3.000000000E+02, 1.176655108E+00, 2.350000000E+01, 2.350000000E+01, 1.862915775E+03
       662,-8.464962244E-03,-4.406915978E-03, 0.000000000E+00,-8.465989690E-03,-4.404952277E-03, 2.222222222E-03, 5.691177494E-08, 4.465626582E+02, 7.726498901E+02, 3.000000000E+02, 1.176655108E+00, 2.350000000E+01, 2.350000000E+01, 1.862915775E+03
       663,-8.112358861E-03,-5.168428645E-03, 0.000000000E+00,-8.113518934E-03,-5.166609664E-03, 2.222222222E-03, 4.889192815E-08, 4.468063661E+02, 7.643033326E+02, 3.000000000E+02, 1.176655108E+00, 2.350000000E+01, 2.350000000E+01, 1.862915775E+03
       664,-7.680934388E-03,-5.893979222E-03, 0.000000000E+00,-7.681933886E-03,-5.892689880E-03, 2.222222222E-03, 4.211213766E-08, 4.470136311E+02, 7.500374545E+02, 3.000000000E+02, 1.176655108E+00, 2.350000000E+01, 2.350000000E+01, 1.862915775E+03
       665,-7.175547071E-03,-6.575242151E-03, 0.000000000E+00,-7.175974137E-03,-6.574797204E-03, 2.222222222E-03, 3.661183252E-08, 4.471964606E+02, 7.305612481E+02, 3.000000000E+02, 1.176655108E+00, 2.350000000E+01, 2.350000000E+01, 1.862915775E+03
       666, 5.053125322E-03,-3.222265514E-03, 0.000000000E+00, 5.057138440E-03,-3.222262295E-03, 2.222222222E-03, 2.762282792E-07, 4.364343877E+02, 7.688708563E+02, 3.000000000E+02, 1.176655108E+00, 2.350000000E+01, 2.350000000E+01, 1.862915775E+03
       667, 5.218421575E-03,-4.006342031E-03, 0.000000000E+00, 5.221292205E-03,-4.006487191E-03, 2.222222222E-03, 2.594680177E-07, 4.375067916E+02, 7.708661994E+02, 3.000000000E+02, 1.176655108E+00, 2.350000000E+01, 2.350000000E+01, 1.862915775E+03
       668, 5.196776241E-03,-4.762706812E-03, 0.000000000E+00, 5.198504248E-03,-4.763453410E-03, 2.222222222E-03, 2.404239469E-07, 4.384955344E+02, 7.726785228E+02, 3.000000000E+02, 1.176655108E+00, 2.350000000E+01, 2.350000000E+01, 1.862915775E+03
       669, 5.010486115E-03,-5.467280746E-03, 0.000000000E+00, 5.010910873E-03,-5.468657095E-03, 2.222222222E-03, 2.221718515E-07, 4.393605905E+02, 7.742356111E+02, 3.000000000E+02, 1.176655108E+00, 2.350000000E+01, 2.350000000E+01, 1.862915775E+03
       670, 4.690142348E-03,-6.110472139E-03, 0.000000000E+00, 4.689389055E-03,-6.112170370E-03, 2.222222222E-03, 2.058781169E-07, 4.401088640E+02, 7.755473831E+02, 3.000000000E+02, 1.176655108E+00, 2.350000000E+01, 2.350000000E+01, 1.862915775E+03
       671, 4.265938886E-03,-6.693707779E-03, 0.000000000E+00, 4.264447009E-03,-6.695381216E-03, 2.222222222E-03, 1.912762362E-07, 4.407710902E+02, 7.766714389E+02, 3.000000000E+02, 1.176655108E+00, 2.350000000E+01, 2.350000000E+01, 1.862915775E+03
       672, 3.760595806E-03,-7.221373264E-03, 0.000000000E+00, 3.758843523E-03,-7.222807121E-03, 2.222222222E-03, 1.776009795E-07, 4.413924272E+02, 7.776789480E+02, 3.000000000E+02, 1.176655108E+00, 2.350000000E+01, 2.350000000E+01, 1.862915775E+03
       673, 3.188406816E-03,-7.694921922E-03, 0.000000000E+00, 3.186731184E-03,-7.696035611E-03, 2.222222222E-03, 1.642515946E-07, 4.420023982E+02, 7.786092915E+02, 3.000000000E+02, 1.176655108E+00, 2.350000000E+01, 2.350000000E+01, 1.862915775E+03
       674, 2.558346605E-03,-8.111689240E-03, 0.000000000E+00, 2.556936555E-03,-8.112486160E-03, 2.222222222E-03, 1.509696745E-07, 4.426124126E+02, 7.794538738E+02, 3.000000000E+02, 1.176655108E+00, 2.350000000E+01, 2.350000000E+01, 1.862915775E+03
       675, 1.877413015E-03,-8.466379717E-03, 0.000000000E+00, 1.876362993E-03,-8.466906087E-03, 2.222222222E-03, 1.377539697E-07, 4.432184079E+02, 7.801895305E+02, 3.000000000E+02, 1.176655108E+00, 2.350000000E+01, 2.350000000E+01, 1.862915775E+03
       676, 1.152579323E-03,-8.752886206E-03, 0.000000000E+00, 1.151934129E-03,-8.753210381E-03, 2.222222222E-03, 1.247311212E-07, 4.438194518E+02, 7.807840467E+02, 3.000000000E+02, 1.176655108E+00, 2.350000000E+01, 2.350000000E+01, 1.862915775E+03
       677, 3.915129637E-04,-8.965535089E-03, 0.000000000E+00, 3.912947316E-04,-8.965733843E-03, 2.222222222E-03, 1.120647152E-07, 4.444041871E+02, 7.811844109E+02, 3.000000000E+02, 1.176655108E+00, 2.350000000E+01, 2.350000000E+01, 1.862915775E+03
       678,-3.973623388E-04,-9.099717252E-03, 0.000000000E+00,-3.971421341E-04,-9.099870907E-03, 2.222222222E-03, 9.990799224E-08, 4.449595147E+02, 7.813026827E+02, 3.000000000E+02, 1.176655108E+00, 2.350000000E+01, 2.350000000E+01, 1.862915775E+03
       679,-1.205056789E-03,-9.152122773E-03, 0.000000000E+00,-1.204393919E-03,-9.152313588E-03, 2.222222222E-03, 8.838598346E-08, 4.454713462E+02, 7.809945195E+02, 3.000000000E+02, 1.176655108E+00, 2.350000000E+01, 2.350000000E+01, 1.862915775E+03
       680,-2.022250323E-03,-9.120757692E-03, 0.000000000E+00,-2.021152788E-03,-9.121069441E-03, 2.222222222E-03, 7.759447720E-08, 4.459227121E+02, 7.800026300E+02, 3.000000000E+02, 1.176655108E+00, 2.350000000E+01, 2.350000000E+01, 1.862915775E+03
       681,-2.839495195E-03,-9.004861116E-03, 0.000000000E+00,-2.837995481E-03,-9.005371943E-03, 2.222222222E-03, 6.760823321E-08, 4.462936564E+02, 7.778427990E+02, 3.000000000E+02, 1.176655108E+00, 2.350000000E+01, 2.350000000E+01, 1.862915775E+03
       682,-3.647354897E-03,-8.804780431E-03, 0.000000000E+00,-3.645536169E-03,-8.805548660E-03, 2.222222222E-03, 5.849420437E-08, 4.465883272E+02, 7.737047074E+02, 3.000000000E+02, 1.176655108E+00, 2.350000000E+01, 2.350000000E+01, 1.862915775E+03
       683,-4.436494317E-03,-8.521874435E-03, 0.000000000E+00,-4.434528695E-03,-8.522897891E-03, 2.222222222E-03, 5.032573699E-08, 4.468273735E+02, 7.661774708E+02, 3.000000000E+02, 1.176655108E+00, 2.350000000E+01, 2.350000000E+01, 1.862915775E+03
       684,-5.197771825E-03,-8.158485405E-03, 0.000000000E+00,-5.195951839E-03,-8.159642818E-03, 2.222222222E-03, 4.318944200E-08, 4.470281123E+02, 7.525511490E+02, 3.000000000E+02, 1.176655108E+00, 2.350000000E+01, 2.350000000E+01, 1.862915775E+03
       685,-5.922440439E-03,-7.718063425E-03, 0.000000000E+00,-5.921149238E-03,-7.719060481E-03, 2.222222222E-03, 3.716893925E-08, 4.472055043E+02, 7.325128806E+02, 3.000000000E+02, 1.176655108E+00, 2.350000000E+01, 2.350000000E+01, 1.862915775E+03
       686,-6.602570880E-03,-7.205381989E-03, 0.000000000E+00,-6.602123643E-03,-7.205806800E-03, 2.222222222E-03, 3.229258497E-08, 4.473651867E+02, 7.080021017E+02, 3.000000000E+02, 1.176655108E+00, 2.350000000E+01, 2.350000000E+01, 1.862915775E+03
       687, 4.195754416E-03,-2.389516216E-03, 0.000000000E+00, 4.193066099E-03,-2.389561774E-03, 2.222222222E-03, 1.968936448E-07, 4.346425589E+02, 7.653629562E+02, 3.000000000E+02, 1.176655108E+00, 2.350000000E+01, 2.350000000E+01, 1.862915775E+03
       688, 4.577010870E-03,-2.919380553E-03, 0.000000000E+00, 4.582323631E-03,-2.920204051E-03, 2.222222222E-03, 2.848773439E-07, 4.354922664E+02, 7.671263201E+02, 3.000000000E+02, 1.176655108E+00, 2.350000000E+01, 2.350000000E+01, 1.862915775E+03
       689, 3.767024959E-03,-2.043796936E-03, 0.000000000E+00, 3.765092992E-03,-2.043787620E-03, 2.222222222E-03, 2.424723654E-07, 4.340324853E+02, 7.640384697E+02, 3.000000000E+02, 1.176655108E+00, 2.350000000E+01, 2.350000000E+01, 1.862915775E+03
       690, 3.266078653E-03,-1.627297723E-03, 0.000000000E+00, 3.264859731E-03,-1.627266822E-03, 2.222222222E-03, 2.589988215E-07, 4.333655306E+02, 7.629012555E+02, 3.000000000E+02, 1.176655108E+00, 2.350000000E+01, 2.350000000E+01, 1.862915775E+03
       691, 2.737849019E-03,-1.174206031E-03, 0.000000000E+00, 2.737174383E-03,-1.174186653E-03, 2.222222222E-03, 2.575505291E-07, 4.328054388E+02, 7.619452755E+02, 3.000000000E+02, 1.176655108E+00, 2.350000000E+01, 2.350000000E+01, 1.862915775E+03
       692, 2.210218227E-03,-7.068806444E-04, 0.000000000E+00, 2.209890539E-03,-7.068750987E-04, 2.222222222E-03, 2.485266137E-07, 4.323750346E+02, 7.612022033E+02, 3.000000000E+02, 1.176655108E+00, 2.350000000E+01, 2.350000000E+01, 1.862915775E+03
       693, 1.695908606E-03,-2.359194477E-04, 0.000000000E+00, 1.695772123E-03,-2.359190838E-04, 2.222222222E-03, 2.387899062E-07, 4.320802756E+02, 7.606741876E+02, 3.000000000E+02, 1.176655108E+00, 2.350000000E+01, 2.350000000E+01, 1.862915775E+03
       694, 1.197621459E-03, 2.364317479E-04, 0.000000000E+00, 1.197576375E-03, 2.364311802E-04, 2.222222222E-03, 2.319352064E-07, 4.319098118E+02, 7.603485564E+02, 3.000000000E+02, 1.176655108E+00, 2.350000000E+01, 2.350000000E+01, 1.862915775E+03
       695, 7.127181161E-04, 7.127181161E-04, 0.000000000E+00, 7.127086700E-04, 7.127086700E-04, 2.222222222E-03, 2.295121611E-07, 4.318543652E+02, 7.602246422E+02, 3.000000000E+02, 1.176655108E+00, 2.350000000E+01, 2.350000000E+01, 1.862915775E+03
       696, 2.364317479E-04, 1.197621459E-03, 0.000000000E+00, 2.364311802E-04, 1.197576375E-03, 2.222222222E-03, 2.319352064E-07, 4.319098118E+02, 7.603485564E+02, 3.000000000E+02, 1.176655108E+00, 2.350000000E+01, 2.350000000E+01, 1.862915775E+03
       697,-2.359194477E-04, 1.695908606E-03, 0.000000000E+00,-2.359190838E-04, 1.695772123E-03, 2.222222222E-03, 2.387899062E-07, 4.320802756E+02, 7.606741876E+02, 3.000000000E+02, 1.176655108E+00, 2.350000000E+01, 2.350000000E+01, 1.862915775E+03
       698,-7.068805862E-04, 2.210218227E-03, 0.000000000E+00,-7.068750987E-04, 2.209890539E-03, 2.222222222E-03, 2.485266137E-07, 4.323750346E+02, 7.612022033E+02, 3.000000000E+02, 1.176655108E+00, 2.350000000E+01, 2.350000000E+01, 1.862915775E+03
       699,-1.174206147E-03, 2.737848787E-03, 0.000000000E+00,-1.174186653E-03, 2.737174383E-03, 2.222222222E-03, 2.575505291E-07, 4.328054388E+02, 7.619452755E+02, 3.000000000E+02, 1.176655108E+00, 2.350000000E+01, 2.350000000E+01, 1.862915775E+03
       700,-1.627297723E-03, 3.266078653E-03, 0.000000000E+00,-1.627266822E-03, 3.264859731E-03, 2.222222222E-03, 2.589988215E-07, 4.333655306E+02, 7.629012555E+02, 3.000000000E+02, 1.176655108E+00, 2.350000000E+01, 2.350000000E+01, 1.862915775E+03
       701,-2.043796936E-03, 3.767024959E-03, 0.000000000E+00,-2.043787620E-03, 3.765092992E-03, 2.222222222E-03, 2.424723654E-07, 4.340324853E+02, 7.640384697E+02, 3.000000000E+02, 1.176655108E+00, 2.350000000E+01, 2.350000000E+01, 1.862915775E+03
       702,-2.389516216E-03, 4.195754416E-03, 0.000000000E+00,-2.389561774E-03, 4.193066099E-03, 2.222222222E-03, 1.968936448E-07, 4.346425589E+02, 7.653629562E+02, 3.000000000E+02, 1.176655108E+00, 2.350000000E+01, 2.350000000E+01, 1.862915775E+03
       703,-2.445182297E-03, 4.690376576E-03, 0.000000000E+00,-2.445683699E-03, 4.696146722E-03, 2.222222222E-03, 2.860499029E-07, 4.352926492E+02, 7.667774444E+02, 3.000000000E+02, 1.176655108E+00, 2.350000000E+01, 2.350000000E+01, 1.862915775E+03
       704,-3.222265746E-03, 5.053125322E-03, 0.000000000E+00,-3.222262295E-03, 5.057138440E-03, 2.222222222E-03, 2.762282792E-07, 4.364343877E+02, 7.688708563E+02, 3.000000000E+02, 1.176655108E+00, 2.350000000E+01, 2.350000000E+01, 1.862915775E+03
       705,-4.006342031E-03, 5.218421575E-03, 0.000000000E+00,-4.006487191E-03, 5.221292205E-03, 2.222222222E-03, 2.594680177E-07, 4.375067916E+02, 7.708661994E+02, 3.000000000E+02, 1.176655108E+00, 2.350000000E+01, 2.350000000E+01, 1.862915775E+03
       706,-4.762706812E-03, 5.196776241E-03, 0.000000000E+00,-4.763453410E-03, 5.198504248E-03, 2.222222222E-03, 2.404239469E-07, 4.384955344E+02, 7.726785228E+02, 3.000000000E+02, 1.176655108E+00, 2.350000000E+01, 2.350000000E+01, 1.862915775E+03
       707,-5.467280280E-03, 5.010486115E-03, 0.000000000E+00,-5.468657095E-03, 5.010910873E-03, 2.222222222E-03, 2.221718515E-07, 4.393605905E+02, 7.742356111E+02, 3.000000000E+02, 1.176655108E+00, 2.350000000E+01, 2.350000000E+01, 1.862915775E+03
       708,-6.110472139E-03, 4.690142348E-03, 0.000000000E+00,-6.112170370E-03, 4.689389055E-03, 2.222222222E-03, 2.058781169E-07, 4.401088640E+02, 7.755473831E+02, 3.000000000E+02, 1.176655108E+00, 2.350000000E+01, 2.350000000E+01, 1.862915775E+03
       709,-6.693708245E-03, 4.265938886E-03, 0.000000000E+00,-6.695381216E-03, 4.264447009E-03, 2.222222222E-03, 1.912762362E-07, 4.407710902E+02, 7.766714389E+02, 3.000000000E+02, 1.176655108E+00, 2.350000000E+01, 2.350000000E+01, 1.862915775E+03
       710,-7.221373264E-03, 3.760595806E-03, 0.000000000E+00,-7.222807121E-03, 3.758843523E-03, 2.222222222E-03, 1.776009795E-07, 4.413924272E+02, 7.776789480E+02, 3.000000000E+02, 1.176655108E+00, 2.350000000E+01, 2.350000000E+01, 1.862915775E+03
       711,-7.694921922E-03, 3.188406816E-03, 0.000000000E+00,-7.696035611E-03, 3.186731184E-03, 2.222222222E-03, 1.642515946E-07, 4.420023982E+02, 7.786092915E+02, 3.000000000E+02, 1.176655108E+00, 2.350000000E+01, 2.350000000E+01, 1.862915775E+03
       712,-8.111690171E-03, 2.558346372E-03, 0.000000000E+00,-8.112486160E-03, 2.556936555E-03, 2.222222222E-03, 1.509696745E-07, 4.426124126E+02, 7.794538738E+02, 3.000000000E+02, 1.176655108E+00, 2.350000000E+01, 2.350000000E+01, 1.862915775E+03
       713,-8.466379717E-03, 1.877413015E-03, 0.000000000E+00,-8.466906087E-03, 1.876362993E-03, 2.222222222E-03, 1.377539697E-07, 4.432184079E+02, 7.801895305E+02, 3.000000000E+02, 1.176655108E+00, 2.350000000E+01, 2.350000000E+01, 1.862915775E+03
       714,-8.752885275E-03, 1.152579323E-03, 0.000000000E+00,-8.753210381E-03, 1.151934129E-03, 2.222222222E-03, 1.247311212E-07, 4.438194518E+02, 7.807840467E+02, 3.000000000E+02, 1.176655108E+00, 2.350000000E+01, 2.350000000E+01, 1.862915775E+03
       715,-8.965535089E-03, 3.915129637E-04, 0.000000000E+00,-8.965733843E-03, 3.912947316E-04, 2.222222222E-03, 1.120647152E-07, 4.444041871E+02, 7.811844109E+02, 3.000000000E+02, 1.176655108E+00, 2.350000000E+01, 2.350000000E+01, 1.862915775E+03
       716,-9.099717252E-03,-3.973623388E-04, 0.000000000E+00,-9.099870907E-03,-3.971421341E-04, 2.222222222E-03, 9.990799224E-08, 4.449595147E+02, 7.813026827E+02, 3.000000000E+02, 1.176655108E+00, 2.350000000E+01, 2.350000000E+01, 1.862915775E+03
       717,-9.152122773E-03,-1.205056673E-03, 0.000000000E+00,-9.152313588E-03,-1.204393919E-03, 2.222222222E-03, 8.838598346E-08, 4.454713462E+02, 7.809945195E+02, 3.000000000E+02, 1.176655108E+00, 2.350000000E+01, 2.350000000E+01, 1.862915775E+03
       718,-9.120758623E-03,-2.022250323E-03, 0.000000000E+00,-9.121069441E-03,-2.021152788E-03, 2.222222222E-03, 7.759447720E-08, 4.459227121E+02, 7.800026300E+02, 3.000000000E+02, 1.176655108E+00, 2.350000000E+01, 2.350000000E+01, 1.862915775E+03
       719,-9.004861116E-03,-2.839495195E-03, 0.000000000E+00,-9.005371943E-03,-2.837995481E-03, 2.222222222E-03, 6.760823321E-08, 4.462936564E+02, 7.778427990E+02, 3.000000000E+02, 1.176655108E+00, 2.350000000E+01, 2.350000000E+01, 1.862915775E+03
       720,-8.804780431E-03,-3.647354664E-03, 0.000000000E+00,-8.805548660E-03,-3.645536169E-03, 2.222222222E-03, 5.849420437E-08, 4.465883272E+02, 7.737047074E+02, 3.000000000E+02, 1.176655108E+00, 2.350000000E+01, 2.350000000E+01, 1.862915775E+03
       721,-8.521874435E-03,-4.436494317E-03, 0.000000000E+00,-8.522897891E-03,-4.434528695E-03, 2.222222222E-03, 5.032573699E-08, 4.468273735E+02, 7.661774708E+02, 3.000000000E+02, 1.176655108E+00, 2.350000000E+01, 2.350000000E+01, 1.862915775E+03
       722,-8.158485405E-03,-5.197771825E-03, 0.000000000E+00,-8.159642818E-03,-5.195951839E-03, 2.222222222E-03, 4.318944200E-08, 4.470281123E+02, 7.525511490E+02, 3.000000000E+02, 1.176655108E+00, 2.350000000E+01, 2.350000000E+01, 1.862915775E+03
       723,-7.718063425E-03,-5.922439974E-03, 0.000000000E+00,-7.719060481E-03,-5.921149238E-03, 2.222222222E-03, 3.716893925E-08, 4.472055043E+02, 7.325128806E+02, 3.000000000E+02, 1.176655108E+00, 2.350000000E+01, 2.350000000E+01, 1.862915775E+03
       724,-7.205381989E-03,-6.602570880E-03, 0.000000000E+00,-7.205806800E-03,-6.602123643E-03, 2.222222222E-03, 3.229258497E-08, 4.473651867E+02, 7.080021017E+02, 3.000000000E+02, 1.176655108E+00, 2.350000000E+01, 2.350000000E+01, 1.862915775E+03
       725, 5.206373986E-03,-2.713357564E-03, 0.000000000E+00, 5.210640046E-03,-2.713076960E-03, 2.222222222E-03, 2.788702372E-07, 4.362355874E+02, 7.685152165E+02, 3.000000000E+02, 1.176655108E+00, 2.350000000E+01, 2.350000000E+01, 1.862915775E+03
       726, 5.471332464E-03,-3.488312243E-03, 0.000000000E+00, 5.474485534E-03,-3.487761871E-03, 2.222222222E-03, 2.626914029E-07, 4.373411188E+02, 7.705723199E+02, 3.000000000E+02, 1.176655108E+00, 2.350000000E+01, 2.350000000E+01, 1.862915775E+03
       727, 5.555055104E-03,-4.264388233E-03, 0.000000000E+00, 5.557392094E-03,-4.264124262E-03, 2.222222222E-03, 2.426010502E-07, 4.384042896E+02, 7.725191834E+02, 3.000000000E+02, 1.176655108E+00, 2.350000000E+01, 2.350000000E+01, 1.862915775E+03
       728, 5.467280280E-03,-5.010486115E-03, 0.000000000E+00, 5.468657095E-03,-5.010910873E-03, 2.222222222E-03, 2.221718515E-07, 4.393605905E+02, 7.742356111E+02, 3.000000000E+02, 1.176655108E+00, 2.350000000E+01, 2.350000000E+01, 1.862915775E+03
       729, 5.228129216E-03,-5.704884883E-03, 0.000000000E+00, 5.228323446E-03,-5.706009505E-03, 2.222222222E-03, 2.036290103E-07, 4.401878074E+02, 7.756760564E+02, 3.000000000E+02, 1.176655108E+00, 2.350000000E+01, 2.350000000E+01, 1.862915775E+03
       730, 4.865020979E-03,-6.338609383E-03, 0.000000000E+00, 4.864121451E-03,-6.340117144E-03, 2.222222222E-03, 1.875853542E-07, 4.408964057E+02, 7.768619465E+02, 3.000000000E+02, 1.176655108E+00, 2.350000000E+01, 2.350000000E+01, 1.862915775E+03
       731, 4.405048210E-03,-6.912378594E-03, 0.000000000E+00, 4.403463513E-03,-6.913905611E-03, 2.222222222E-03, 1.734964127E-07, 4.415216663E+02, 7.778594619E+02, 3.000000000E+02, 1.176655108E+00, 2.350000000E+01, 2.350000000E+01, 1.862915775E+03
       732, 3.868783126E-03,-7.429537363E-03, 0.000000000E+00, 3.866969526E-03,-7.430853153E-03, 2.222222222E-03, 1.604938438E-07, 4.421082748E+02, 7.787338123E+02, 3.000000000E+02, 1.176655108E+00, 2.350000000E+01, 2.350000000E+01, 1.862915775E+03
       733, 3.269452602E-03,-7.890912704E-03, 0.000000000E+00, 3.267735654E-03,-7.891926066E-03, 2.222222222E-03, 1.479471862E-07, 4.426857978E+02, 7.795175995E+02, 3.000000000E+02, 1.176655108E+00, 2.350000000E+01, 2.350000000E+01, 1.862915775E+03
       734, 2.615664620E-03,-8.293781430E-03, 0.000000000E+00, 2.614228015E-03,-8.294493296E-03, 2.222222222E-03, 1.355837593E-07, 4.432666594E+02, 7.802164386E+02, 3.000000000E+02, 1.176655108E+00, 2.350000000E+01, 2.350000000E+01, 1.862915775E+03
       735, 1.914334134E-03,-8.633188903E-03, 0.000000000E+00, 1.913268308E-03,-8.633645081E-03, 2.222222222E-03, 1.233831991E-07, 4.438450553E+02, 7.807914350E+02, 3.000000000E+02, 1.176655108E+00, 2.350000000E+01, 2.350000000E+01, 1.862915775E+03
       736, 1.172382850E-03,-8.903546259E-03, 0.000000000E+00, 1.171729946E-03,-8.903812849E-03, 2.222222222E-03, 1.114463495E-07, 4.444139330E+02, 7.811788727E+02, 3.000000000E+02, 1.176655108E+00, 2.350000000E+01, 2.350000000E+01, 1.862915775E+03
       737, 3.973623388E-04,-9.099717252E-03, 0.000000000E+00, 3.971421341E-04,-9.099870907E-03, 2.222222222E-03, 9.990799224E-08, 4.449595147E+02, 7.813026827E+02, 3.000000000E+02, 1.176655108E+00, 2.350000000E+01, 2.350000000E+01, 1.862915775E+03
       738,-4.025003000E-04,-9.217579849E-03, 0.000000000E+00,-4.022785868E-04,-9.217699067E-03, 2.222222222E-03, 8.889327001E-08, 4.454689914E+02, 7.810387027E+02, 3.000000000E+02, 1.176655108E+00, 2.350000000E+01, 2.350000000E+01, 1.862915775E+03
       739,-1.218477497E-03,-9.254225530E-03, 0.000000000E+00,-1.217811500E-03,-9.254391769E-03, 2.222222222E-03, 7.850206322E-08, 4.459282549E+02, 7.801685994E+02, 3.000000000E+02, 1.176655108E+00, 2.350000000E+01, 2.350000000E+01, 1.862915775E+03
       740,-2.041555708E-03,-9.207978845E-03, 0.000000000E+00,-2.040454244E-03,-9.208273828E-03, 2.222222222E-03, 6.880868759E-08, 4.463165258E+02, 7.782809998E+02, 3.000000000E+02, 1.176655108E+00, 2.350000000E+01, 2.350000000E+01, 1.862915775E+03
       741,-2.862618538E-03,-9.078320116E-03, 0.000000000E+00,-2.861115650E-03,-9.078821561E-03, 2.222222222E-03, 5.986965780E-08, 4.466253935E+02, 7.746139164E+02, 3.000000000E+02, 1.176655108E+00, 2.350000000E+01, 2.350000000E+01, 1.862915775E+03
       742,-3.672580933E-03,-8.865783922E-03, 0.000000000E+00,-3.670759943E-03,-8.866546487E-03, 2.222222222E-03, 5.173563276E-08, 4.468643211E+02, 7.678681357E+02, 3.000000000E+02, 1.176655108E+00, 2.350000000E+01, 2.350000000E+01, 1.862915775E+03
       743,-4.462475423E-03,-8.571864106E-03, 0.000000000E+00,-4.460508337E-03,-8.572885511E-03, 2.222222222E-03, 4.446399295E-08, 4.470573123E+02, 7.553377352E+02, 3.000000000E+02, 1.176655108E+00, 2.350000000E+01, 2.350000000E+01, 1.862915775E+03
       744,-5.223546177E-03,-8.199001662E-03, 0.000000000E+00,-5.221725649E-03,-8.200157476E-03, 2.222222222E-03, 3.812477498E-08, 4.472254284E+02, 7.357227941E+02, 3.000000000E+02, 1.176655108E+00, 2.350000000E+01, 2.350000000E+01, 1.862915775E+03
       745,-5.947439931E-03,-7.750676479E-03, 0.000000000E+00,-5.946147539E-03,-7.751671960E-03, 2.222222222E-03, 3.278613135E-08, 4.473770322E+02, 7.102910263E+02, 3.000000000E+02, 1.176655108E+00, 2.350000000E+01, 2.350000000E+01, 1.862915775E+03
       746,-6.626575720E-03,-7.231588941E-03, 0.000000000E+00,-6.626126764E-03,-7.232011350E-03, 2.222222222E-03, 2.846812633E-08, 4.475156921E+02, 6.811374576E+02, 3.000000000E+02, 1.176655108E+00, 2.350000000E+01, 2.350000000E+01, 1.862915775E+03
       747, 4.241774324E-03,-1.923790202E-03, 0.000000000E+00, 4.239099088E-03,-1.924159478E-03, 2.222222222E-03, 2.002059256E-07, 4.344262517E+02, 7.650022036E+02, 3.000000000E+02, 1.176655108E+00, 2.350000000E+01, 2.350000000E+01, 1.862915775E+03
       748, 4.690376110E-03,-2.445182297E-03, 0.000000000E+00, 4.696146722E-03,-2.445683699E-03, 2.222222222E-03, 2.860499029E-07, 4.352926492E+02, 7.667774444E+02, 3.000000000E+02, 1.176655108E+00, 2.350000000E+01, 2.350000000E+01, 1.862915775E+03
       749, 3.786147106E-03,-1.566258608E-03, 0.000000000E+00, 3.784172611E-03,-1.566395273E-03, 2.222222222E-03, 2.368408095E-07, 4.338252505E+02, 7.637153473E+02, 3.000000000E+02, 1.176655108E+00, 2.350000000E+01, 2.350000000E+01, 1.862915775E+03
       750, 3.272738541E-03,-1.148613635E-03, 0.000000000E+00, 3.271485352E-03,-1.148645840E-03, 2.222222222E-03, 2.515124365E-07, 4.332017125E+02, 7.626526256E+02, 3.000000000E+02, 1.176655108E+00, 2.350000000E+01, 2.350000000E+01, 1.862915775E+03
       751, 2.739595016E-03,-6.987594534E-04, 0.000000000E+00, 2.738905133E-03,-6.987644983E-04, 2.222222222E-03, 2.516646325E-07, 4.326963394E+02, 7.617808421E+02, 3.000000000E+02, 1.176655108E+00, 2.350000000E+01, 2.350000000E+01, 1.862915775E+03
       752, 2.210489940E-03,-2.346446563E-04, 0.000000000E+00, 2.210158195E-03,-2.346452175E-04, 2.222222222E-03, 2.454753016E-07, 4.323212623E+02, 7.611215269E+02, 3.000000000E+02, 1.176655108E+00, 2.350000000E+01, 2.350000000E+01, 1.862915775E+03
       753, 1.695908722E-03, 2.359194477E-04, 0.000000000E+00, 1.695772123E-03, 2.359190838E-04, 2.222222222E-03, 2.387899062E-07, 4.320802756E+02, 7.606741876E+02, 3.000000000E+02, 1.176655108E+00, 2.350000000E+01, 2.350000000E+01, 1.862915775E+03
       754, 1.197470468E-03, 7.122419192E-04, 0.000000000E+00, 1.197425976E-03, 7.122327240E-04, 2.222222222E-03, 2.347967088E-07, 4.319630446E+02, 7.604330851E+02, 3.000000000E+02, 1.176655108E+00, 2.350000000E+01, 2.350000000E+01, 1.862915775E+03
       755, 7.122418610E-04, 1.197470468E-03, 0.000000000E+00, 7.122327240E-04, 1.197425976E-03, 2.222222222E-03, 2.347967088E-07, 4.319630446E+02, 7.604330851E+02, 3.000000000E+02, 1.176655108E+00, 2.350000000E+01, 2.350000000E+01, 1.862915775E+03
       756, 2.359194477E-04, 1.695908722E-03, 0.000000000E+00, 2.359190838E-04, 1.695772123E-03, 2.222222222E-03, 2.387899062E-07, 4.320802756E+02, 7.606741876E+02, 3.000000000E+02, 1.176655108E+00, 2.350000000E+01, 2.350000000E+01, 1.862915775E+03
       757,-2.346446563E-04, 2.210489940E-03, 0.000000000E+00,-2.346452175E-04, 2.210158195E-03, 2.222222222E-03, 2.454753016E-07, 4.323212623E+02, 7.611215269E+02, 3.000000000E+02, 1.176655108E+00, 2.350000000E+01, 2.350000000E+01, 1.862915775E+03
       758,-6.987594534E-04, 2.739595016E-03, 0.000000000E+00,-6.987644983E-04, 2.738905133E-03, 2.222222222E-03, 2.516646325E-07, 4.326963394E+02, 7.617808421E+02, 3.000000000E+02, 1.176655108E+00, 2.350000000E+01, 2.350000000E+01, 1.862915775E+03
       759,-1.148613635E-03, 3.272738541E-03, 0.000000000E+00,-1.148645840E-03, 3.271485352E-03, 2.222222222E-03, 2.515124365E-07, 4.332017125E+02, 7.626526256E+02, 3.000000000E+02, 1.176655108E+00, 2.350000000E+01, 2.350000000E+01, 1.862915775E+03
       760,-1.566258608E-03, 3.786147106E-03, 0.000000000E+00,-1.566395273E-03, 3.784172611E-03, 2.222222222E-03, 2.368408095E-07, 4.338252505E+02, 7.637153473E+02, 3.000000000E+02, 1.176655108E+00, 2.350000000E+01, 2.350000000E+01, 1.862915775E+03
       761,-1.923790202E-03, 4.241774324E-03, 0.000000000E+00,-1.924159478E-03, 4.239099088E-03, 2.222222222E-03, 2.002059256E-07, 4.344262517E+02, 7.650022036E+02, 3.000000000E+02, 1.176655108E+00, 2.350000000E+01, 2.350000000E+01, 1.862915775E+03
       762,-1.974285115E-03, 4.758850671E-03, 0.000000000E+00,-1.974750169E-03, 4.765141668E-03, 2.222222222E-03, 2.867530946E-07, 4.350983833E+02, 7.664361811E+02, 3.000000000E+02, 1.176655108E+00, 2.350000000E+01, 2.350000000E+01, 1.862915775E+03
       763,-2.713357564E-03, 5.206374452E-03, 0.000000000E+00,-2.713076960E-03, 5.210640046E-03, 2.222222222E-03, 2.788702372E-07, 4.362355874E+02, 7.685152165E+02, 3.000000000E+02, 1.176655108E+00, 2.350000000E+01, 2.350000000E+01, 1.862915775E+03
       764,-3.488312243E-03, 5.471332464E-03, 0.000000000E+00,-3.487761871E-03, 5.474485534E-03, 2.222222222E-03, 2.626914029E-07, 4.373411188E+02, 7.705723199E+02, 3.000000000E+02, 1.176655108E+00, 2.350000000E+01, 2.350000000E+01, 1.862915775E+03
       765,-4.264388233E-03, 5.555055104E-03, 0.000000000E+00,-4.264124262E-03, 5.557392094E-03, 2.222222222E-03, 2.426010502E-07, 4.384042896E+02, 7.725191834E+02, 3.000000000E+02, 1.176655108E+00, 2.350000000E+01, 2.350000000E+01, 1.862915775E+03
       766,-5.010486115E-03, 5.467280746E-03, 0.000000000E+00,-5.010910873E-03, 5.468657095E-03, 2.222222222E-03, 2.221718515E-07, 4.393605905E+02, 7.742356111E+02, 3.000000000E+02, 1.176655108E+00, 2.350000000E+01, 2.350000000E+01, 1.862915775E+03
       767,-5.704884883E-03, 5.228129216E-03, 0.000000000E+00,-5.706009505E-03, 5.228323446E-03, 2.222222222E-03, 2.036290103E-07, 4.401878074E+02, 7.756760564E+02, 3.000000000E+02, 1.176655108E+00, 2.350000000E+01, 2.350000000E+01, 1.862915775E+03
       768,-6.338609383E-03, 4.865020979E-03, 0.000000000E+00,-6.340117144E-03, 4.864121451E-03, 2.222222222E-03, 1.875853542E-07, 4.408964057E+02, 7.768619465E+02, 3.000000000E+02, 1.176655108E+00, 2.350000000E+01, 2.350000000E+01, 1.862915775E+03
       769,-6.912378129E-03, 4.405048210E-03, 0.000000000E+00,-6.913905611E-03, 4.403463513E-03, 2.222222222E-03, 1.734964127E-07, 4.415216663E+02, 7.778594619E+02, 3.000000000E+02, 1.176655108E+00, 2.350000000E+01, 2.350000000E+01, 1.862915775E+03
       770,-7.429537363E-03, 3.868783126E-03, 0.000000000E+00,-7.430853153E-03, 3.866969526E-03, 2.222222222E-03, 1.604938438E-07, 4.421082748E+02, 7.787338123E+02, 3.000000000E+02, 1.176655108E+00, 2.350000000E+01, 2.350000000E+01, 1.862915775E+03
       771,-7.890911773E-03, 3.269452602E-03, 0.000000000E+00,-7.891926066E-03, 3.267735654E-03, 2.222222222E-03, 1.479471862E-07, 4.426857978E+02, 7.795175995E+02, 3.000000000E+02, 1.176655108E+00, 2.350000000E+01, 2.350000000E+01, 1.862915775E+03
       772,-8.293782361E-03, 2.615664620E-03, 0.000000000E+00,-8.294493296E-03, 2.614228015E-03, 2.222222222E-03, 1.355837593E-07, 4.432666594E+02, 7.802164386E+02, 3.000000000E+02, 1.176655108E+00, 2.350000000E+01, 2.350000000E+01, 1.862915775E+03
       773,-8.633189835E-03, 1.914334134E-03, 0.000000000E+00,-8.633645081E-03, 1.913268308E-03, 2.222222222E-03, 1.233831991E-07, 4.438450553E+02, 7.807914350E+02, 3.000000000E+02, 1.176655108E+00, 2.350000000E+01, 2.350000000E+01, 1.862915775E+03
       774,-8.903546259E-03, 1.172382734E-03, 0.000000000E+00,-8.903812849E-03, 1.171729946E-03, 2.222222222E-03, 1.114463495E-07, 4.444139330E+02, 7.811788727E+02, 3.000000000E+02, 1.176655108E+00, 2.350000000E+01, 2.350000000E+01, 1.862915775E+03
       775,-9.099717252E-03, 3.973623388E-04, 0.000000000E+00,-9.099870907E-03, 3.971421341E-04, 2.222222222E-03, 9.990799224E-08, 4.449595147E+02, 7.813026827E+02, 3.000000000E+02, 1.176655108E+00, 2.350000000E+01, 2.350000000E+01, 1.862915775E+03
       776,-9.217579849E-03,-4.025003000E-04, 0.000000000E+00,-9.217699067E-03,-4.022785868E-04, 2.222222222E-03, 8.889327001E-08, 4.454689914E+02, 7.810387027E+02, 3.000000000E+02, 1.176655108E+00, 2.350000000E+01, 2.350000000E+01, 1.862915775E+03
       777,-9.254225530E-03,-1.218477497E-03, 0.000000000E+00,-9.254391769E-03,-1.217811500E-03, 2.222222222E-03, 7.850206322E-08, 4.459282549E+02, 7.801685994E+02, 3.000000000E+02, 1.176655108E+00, 2.350000000E+01, 2.350000000E+01, 1.862915775E+03
       778,-9.207978845E-03,-2.041555708E-03, 0.000000000E+00,-9.208273828E-03,-2.040454244E-03, 2.222222222E-03, 6.880868759E-08, 4.463165258E+02, 7.782809998E+02, 3.000000000E+02, 1.176655108E+00, 2.350000000E+01, 2.350000000E+01, 1.862915775E+03
       779,-9.078320116E-03,-2.862618770E-03, 0.000000000E+00,-9.078821561E-03,-2.861115650E-03, 2.222222222E-03, 5.986965780E-08, 4.466253935E+02, 7.746139164E+02, 3.000000000E+02, 1.176655108E+00, 2.350000000E+01, 2.350000000E+01, 1.862915775E+03
       780,-8.865783922E-03,-3.672580700E-03, 0.000000000E+00,-8.866546487E-03,-3.670759943E-03, 2.222222222E-03, 5.173563276E-08, 4.468643211E+02, 7.678681357E+02, 3.000000000E+02, 1.176655108E+00, 2.350000000E+01, 2.350000000E+01, 1.862915775E+03
       781,-8.571864106E-03,-4.462474957E-03, 0.000000000E+00,-8.572885511E-03,-4.460508337E-03, 2.222222222E-03, 4.446399295E-08, 4.470573123E+02, 7.553377352E+02, 3.000000000E+02, 1.176655108E+00, 2.350000000E+01, 2.350000000E+01, 1.862915775E+03
       782,-8.199000731E-03,-5.223546177E-03, 0.000000000E+00,-8.200157476E-03,-5.221725649E-03, 2.222222222E-03, 3.812477498E-08, 4.472254284E+02, 7.357227941E+02, 3.000000000E+02, 1.176655108E+00, 2.350000000E+01, 2.350000000E+01, 1.862915775E+03
       783,-7.750676014E-03,-5.947439931E-03, 0.000000000E+00,-7.751671960E-03,-5.946147539E-03, 2.222222222E-03, 3.278613135E-08, 4.473770322E+02, 7.102910263E+02, 3.000000000E+02, 1.176655108E+00, 2.350000000E+01, 2.350000000E+01, 1.862915775E+03
       784,-7.231588475E-03,-6.626575720E-03, 0.000000000E+00,-7.232011350E-03,-6.626126764E-03, 2.222222222E-03, 2.846812633E-08, 4.475156921E+02, 6.811374576E+02, 3.000000000E+02, 1.176655108E+00, 2.350000000E+01, 2.350000000E+01, 1.862915775E+03
       785, 5.311942659E-03,-2.202998847E-03, 0.000000000E+00, 5.316474341E-03,-2.202736833E-03, 2.222222222E-03, 2.811262393E-07, 4.360425265E+02, 7.681642254E+02, 3.000000000E+02, 1.176655108E+00, 2.350000000E+01, 2.350000000E+01, 1.862915775E+03
       786, 5.659613758E-03,-2.948915819E-03, 0.000000000E+00, 5.662892348E-03,-2.948122221E-03, 2.222222222E-03, 2.662557657E-07, 4.371472224E+02, 7.702257846E+02, 3.000000000E+02, 1.176655108E+00, 2.350000000E+01, 2.350000000E+01, 1.862915775E+03
       787, 5.838674959E-03,-3.722000867E-03, 0.000000000E+00, 5.841243096E-03,-3.721078404E-03, 2.222222222E-03, 2.462181855E-07, 4.382453344E+02, 7.722426890E+02, 3.000000000E+02, 1.176655108E+00, 2.350000000E+01, 2.350000000E+01, 1.862915775E+03
       788, 5.850745365E-03,-4.491048865E-03, 0.000000000E+00, 5.852708887E-03,-4.490499086E-03, 2.222222222E-03, 2.244292601E-07, 4.392752103E+02, 7.740909632E+02, 3.000000000E+02, 1.176655108E+00, 2.350000000E+01, 2.350000000E+01, 1.862915775E+03
       789, 5.704884883E-03,-5.228129216E-03, 0.000000000E+00, 5.706009505E-03,-5.228323446E-03, 2.222222222E-03, 2.036290103E-07, 4.401878074E+02, 7.756760564E+02, 3.000000000E+02, 1.176655108E+00, 2.350000000E+01, 2.350000000E+01, 1.862915775E+03
       790, 5.419301335E-03,-5.913590081E-03, 0.000000000E+00, 5.419328527E-03,-5.914532479E-03, 2.222222222E-03, 1.854043685E-07, 4.409711035E+02, 7.769743046E+02, 3.000000000E+02, 1.176655108E+00, 2.350000000E+01, 2.350000000E+01, 1.862915775E+03
       791, 5.018629599E-03,-6.538999267E-03, 0.000000000E+00, 5.017624381E-03,-6.540369062E-03, 2.222222222E-03, 1.699759863E-07, 4.416344836E+02, 7.780151642E+02, 3.000000000E+02, 1.176655108E+00, 2.350000000E+01, 2.350000000E+01, 1.862915775E+03
       792, 4.527238198E-03,-7.104452234E-03, 0.000000000E+00, 4.525586631E-03,-7.105874763E-03, 2.222222222E-03, 1.566261457E-07, 4.422221276E+02, 7.788695066E+02, 3.000000000E+02, 1.176655108E+00, 2.350000000E+01, 2.350000000E+01, 1.862915775E+03
       793, 3.963812254E-03,-7.612383459E-03, 0.000000000E+00, 3.961954225E-03,-7.613613906E-03, 2.222222222E-03, 1.444407533E-07, 4.427764545E+02, 7.795939865E+02, 3.000000000E+02, 1.176655108E+00, 2.350000000E+01, 2.350000000E+01, 1.862915775E+03
       794, 3.340641037E-03,-8.063064888E-03, 0.000000000E+00, 3.338894105E-03,-8.064006212E-03, 2.222222222E-03, 1.327867321E-07, 4.433261774E+02, 7.802330290E+02, 3.000000000E+02, 1.176655108E+00, 2.350000000E+01, 2.350000000E+01, 1.862915775E+03
       795, 2.666011453E-03,-8.453726768E-03, 0.000000000E+00, 2.664555165E-03,-8.454375771E-03, 2.222222222E-03, 1.213893051E-07, 4.438830272E+02, 7.807782620E+02, 3.000000000E+02, 1.176655108E+00, 2.350000000E+01, 2.350000000E+01, 1.862915775E+03
       796, 1.946764649E-03,-8.779711090E-03, 0.000000000E+00, 1.945687104E-03,-8.780113885E-03, 2.222222222E-03, 1.102157203E-07, 4.444325995E+02, 7.811575039E+02, 3.000000000E+02, 1.176655108E+00, 2.350000000E+01, 2.350000000E+01, 1.862915775E+03
       797, 1.189777511E-03,-9.035882540E-03, 0.000000000E+00, 1.189119054E-03,-9.036105585E-03, 2.222222222E-03, 9.934653674E-08, 4.449655675E+02, 7.812801522E+02, 3.000000000E+02, 1.176655108E+00, 2.350000000E+01, 2.350000000E+01, 1.862915775E+03
       798, 4.025003000E-04,-9.217579849E-03, 0.000000000E+00, 4.022785868E-04,-9.217699067E-03, 2.222222222E-03, 8.889327001E-08, 4.454689914E+02, 7.810387027E+02, 3.000000000E+02, 1.176655108E+00, 2.350000000E+01, 2.350000000E+01, 1.862915775E+03
       799,-4.070133436E-04,-9.321107529E-03, 0.000000000E+00,-4.067904964E-04,-9.321200460E-03, 2.222222222E-03, 7.895854368E-08, 4.459298172E+02, 7.802426374E+02, 3.000000000E+02, 1.176655108E+00, 2.350000000E+01, 2.350000000E+01, 1.862915775E+03
       800,-1.230266062E-03,-9.343910031E-03, 0.000000000E+00,-1.229597558E-03,-9.344057649E-03, 2.222222222E-03, 6.962241819E-08, 4.463318569E+02, 7.785391001E+02, 3.000000000E+02, 1.176655108E+00, 2.350000000E+01, 2.350000000E+01, 1.862915775E+03
       801,-2.058512764E-03,-9.284591302E-03, 0.000000000E+00,-2.057408624E-03,-9.284874076E-03, 2.222222222E-03, 6.094259218E-08, 4.466589229E+02, 7.752657221E+02, 3.000000000E+02, 1.176655108E+00, 2.350000000E+01, 2.350000000E+01, 1.862915775E+03
       802,-2.882929519E-03,-9.142845869E-03, 0.000000000E+00,-2.881424286E-03,-9.143339321E-03, 2.222222222E-03, 5.296164530E-08, 4.469121282E+02, 7.692249242E+02, 3.000000000E+02, 1.176655108E+00, 2.350000000E+01, 2.350000000E+01, 1.862915775E+03
       803,-3.694738727E-03,-8.919366635E-03, 0.000000000E+00,-3.692916284E-03,-8.920126438E-03, 2.222222222E-03, 4.571778634E-08, 4.471032492E+02, 7.579577948E+02, 3.000000000E+02, 1.176655108E+00, 2.350000000E+01, 2.350000000E+01, 1.862915775E+03
       804,-4.485296085E-03,-8.615774103E-03, 0.000000000E+00,-4.483328550E-03,-8.616794048E-03, 2.222222222E-03, 3.925598130E-08, 4.472614066E+02, 7.393266387E+02, 3.000000000E+02, 1.176655108E+00, 2.350000000E+01, 2.350000000E+01, 1.862915775E+03
       805,-5.246186163E-03,-8.234589361E-03, 0.000000000E+00,-5.244365002E-03,-8.235744985E-03, 2.222222222E-03, 3.363308829E-08, 4.474019287E+02, 7.140855857E+02, 3.000000000E+02, 1.176655108E+00, 2.350000000E+01, 2.350000000E+01, 1.862915775E+03
       806,-5.969398655E-03,-7.779323030E-03, 0.000000000E+00,-5.968105656E-03,-7.780317375E-03, 2.222222222E-03, 2.890488384E-08, 4.475300609E+02, 6.836661842E+02, 3.000000000E+02, 1.176655108E+00, 2.350000000E+01, 2.350000000E+01, 1.862915775E+03
       807,-6.647661328E-03,-7.254607975E-03, 0.000000000E+00,-6.647210701E-03,-7.255028986E-03, 2.222222222E-03, 2.508525520E-08, 4.476502023E+02, 6.507239593E+02, 3.000000000E+02, 1.176655108E+00, 2.350000000E+01, 2.350000000E+01, 1.862915775E+03
       808, 4.263445735E-03,-1.472919947E-03, 0.000000000E+00, 4.260728263E-03,-1.473390420E-03, 2.222222222E-03, 1.966541805E-07, 4.342506388E+02, 7.647051498E+02, 3.000000000E+02, 1.176655108E+00, 2.350000000E+01, 2.350000000E+01, 1.862915775E+03
       809, 4.758851137E-03,-1.974285115E-03, 0.000000000E+00, 4.765141668E-03,-1.974750169E-03, 2.222222222E-03, 2.867530946E-07, 4.350983833E+02, 7.664361811E+02, 3.000000000E+02, 1.176655108E+00, 2.350000000E+01, 2.350000000E+01, 1.862915775E+03
       810, 3.793831682E-03,-1.105014118E-03, 0.000000000E+00, 3.791803172E-03,-1.105177799E-03, 2.222222222E-03, 2.300598633E-07, 4.336733486E+02, 7.634799813E+02, 3.000000000E+02, 1.176655108E+00, 2.350000000E+01, 2.350000000E+01, 1.862915775E+03
       811, 3.274802119E-03,-6.834039814E-04, 0.000000000E+00, 3.273520122E-03,-6.834418933E-04, 2.222222222E-03, 2.456874259E-07, 4.330958144E+02, 7.624930123E+02, 3.000000000E+02, 1.176655108E+00, 2.350000000E+01, 2.350000000E+01, 1.862915775E+03
       812, 2.739927266E-03,-2.319376072E-04, 0.000000000E+00, 2.739228603E-03,-2.319417587E-04, 2.222222222E-03, 2.485420208E-07, 4.326430079E+02, 7.617009611E+02, 3.000000000E+02, 1.176655108E+00, 2.350000000E+01, 2.350000000E+01, 1.862915775E+03
       813, 2.210489940E-03, 2.346446563E-04, 0.000000000E+00, 2.210158195E-03, 2.346452175E-04, 2.222222222E-03, 2.454753016E-07, 4.323212623E+02, 7.611215269E+02, 3.000000000E+02, 1.176655108E+00, 2.350000000E+01, 2.350000000E+01, 1.862915775E+03
       814, 1.695697312E-03, 7.107050042E-04, 0.000000000E+00, 1.695562456E-03, 7.106966134E-04, 2.222222222E-03, 2.417426907E-07, 4.321338985E+02, 7.607557355E+02, 3.000000000E+02, 1.176655108E+00, 2.350000000E+01, 2.350000000E+01, 1.862915775E+03
       815, 1.196676865E-03, 1.196676865E-03, 0.000000000E+00, 1.196633351E-03, 1.196633351E-03, 2.222222222E-03, 2.402090345E-07, 4.320724338E+02, 7.606147356E+02, 3.000000000E+02, 1.176655108E+00, 2.350000000E+01, 2.350000000E+01, 1.862915775E+03
       816, 7.107050042E-04, 1.695697312E-03, 0.000000000E+00, 7.106966134E-04, 1.695562456E-03, 2.222222222E-03, 2.417426907E-07, 4.321338985E+02, 7.607557355E+02, 3.000000000E+02, 1.176655108E+00, 2.350000000E+01, 2.350000000E+01, 1.862915775E+03
       817, 2.346446418E-04, 2.210489940E-03, 0.000000000E+00, 2.346452175E-04, 2.210158195E-03, 2.222222222E-03, 2.454753016E-07, 4.323212623E+02, 7.611215269E+02, 3.000000000E+02, 1.176655108E+00, 2.350000000E+01, 2.350000000E+01, 1.862915775E+03
       818,-2.319376072E-04, 2.739927266E-03, 0.000000000E+00,-2.319417587E-04, 2.739228603E-03, 2.222222222E-03, 2.485420208E-07, 4.326430079E+02, 7.617009611E+02, 3.000000000E+02, 1.176655108E+00, 2.350000000E+01, 2.350000000E+01, 1.862915775E+03
       819,-6.834039814E-04, 3.274802351E-03, 0.000000000E+00,-6.834418933E-04, 3.273520122E-03, 2.222222222E-03, 2.456874259E-07, 4.330958144E+02, 7.624930123E+02, 3.000000000E+02, 1.176655108E+00, 2.350000000E+01, 2.350000000E+01, 1.862915775E+03
       820,-1.105014235E-03, 3.793831449E-03, 0.000000000E+00,-1.105177799E-03, 3.791803172E-03, 2.222222222E-03, 2.300598633E-07, 4.336733486E+02, 7.634799813E+02, 3.000000000E+02, 1.176655108E+00, 2.350000000E+01, 2.350000000E+01, 1.862915775E+03
       821,-1.472919947E-03, 4.263445735E-03, 0.000000000E+00,-1.473390420E-03, 4.260728263E-03, 2.222222222E-03, 1.966541805E-07, 4.342506388E+02, 7.647051498E+02, 3.000000000E+02, 1.176655108E+00, 2.350000000E+01, 2.350000000E+01, 1.862915775E+03
       822,-1.515527954E-03, 4.798797891E-03, 0.000000000E+00,-1.516020112E-03, 4.805636929E-03, 2.222222222E-03, 2.870042210E-07, 4.349346361E+02, 7.661447208E+02, 3.000000000E+02, 1.176655108E+00, 2.350000000E+01, 2.350000000E+01, 1.862915775E+03
       823,-2.202999080E-03, 5.311942194E-03, 0.000000000E+00,-2.202736833E-03, 5.316474341E-03, 2.222222222E-03, 2.811262393E-07, 4.360425265E+02, 7.681642254E+02, 3.000000000E+02, 1.176655108E+00, 2.350000000E+01, 2.350000000E+01, 1.862915775E+03
       824,-2.948915819E-03, 5.659613758E-03, 0.000000000E+00,-2.948122221E-03, 5.662892348E-03, 2.222222222E-03, 2.662557657E-07, 4.371472224E+02, 7.702257846E+02, 3.000000000E+02, 1.176655108E+00, 2.350000000E+01, 2.350000000E+01, 1.862915775E+03
       825,-3.722000867E-03, 5.838674959E-03, 0.000000000E+00,-3.721078404E-03, 5.841243096E-03, 2.222222222E-03, 2.462181855E-07, 4.382453344E+02, 7.722426890E+02, 3.000000000E+02, 1.176655108E+00, 2.350000000E+01, 2.350000000E+01, 1.862915775E+03
       826,-4.491048865E-03, 5.850745365E-03, 0.000000000E+00,-4.490499086E-03, 5.852708887E-03, 2.222222222E-03, 2.244292601E-07, 4.392752103E+02, 7.740909632E+02, 3.000000000E+02, 1.176655108E+00, 2.350000000E+01, 2.350000000E+01, 1.862915775E+03
       827,-5.228129216E-03, 5.704884883E-03, 0.000000000E+00,-5.228323446E-03, 5.706009505E-03, 2.222222222E-03, 2.036290103E-07, 4.401878074E+02, 7.756760564E+02, 3.000000000E+02, 1.176655108E+00, 2.350000000E+01, 2.350000000E+01, 1.862915775E+03
       828,-5.913589615E-03, 5.419301335E-03, 0.000000000E+00,-5.914532479E-03, 5.419328527E-03, 2.222222222E-03, 1.854043685E-07, 4.409711035E+02, 7.769743046E+02, 3.000000000E+02, 1.176655108E+00, 2.350000000E+01, 2.350000000E+01, 1.862915775E+03
       829,-6.538999267E-03, 5.018629599E-03, 0.000000000E+00,-6.540369062E-03, 5.017624381E-03, 2.222222222E-03, 1.699759863E-07, 4.416344836E+02, 7.780151642E+02, 3.000000000E+02, 1.176655108E+00, 2.350000000E+01, 2.350000000E+01, 1.862915775E+03
       830,-7.104452234E-03, 4.527238198E-03, 0.000000000E+00,-7.105874763E-03, 4.525586631E-03, 2.222222222E-03, 1.566261457E-07, 4.422221276E+02, 7.788695066E+02, 3.000000000E+02, 1.176655108E+00, 2.350000000E+01, 2.350000000E+01, 1.862915775E+03
       831,-7.612383459E-03, 3.963812254E-03, 0.000000000E+00,-7.613613906E-03, 3.961954225E-03, 2.222222222E-03, 1.444407533E-07, 4.427764545E+02, 7.795939865E+02, 3.000000000E+02, 1.176655108E+00, 2.350000000E+01, 2.350000000E+01, 1.862915775E+03
       832,-8.063064888E-03, 3.340641037E-03, 0.000000000E+00,-8.064006212E-03, 3.338894105E-03, 2.222222222E-03, 1.327867321E-07, 4.433261774E+02, 7.802330290E+02, 3.000000000E+02, 1.176655108E+00, 2.350000000E+01, 2.350000000E+01, 1.862915775E+03
       833,-8.453726768E-03, 2.666011686E-03, 0.000000000E+00,-8.454375771E-03, 2.664555165E-03, 2.222222222E-03, 1.213893051E-07, 4.438830272E+02, 7.807782620E+02, 3.000000000E+02, 1.176655108E+00, 2.350000000E+01, 2.350000000E+01, 1.862915775E+03
       834,-8.779711090E-03, 1.946764649E-03, 0.000000000E+00,-8.780113885E-03, 1.945687104E-03, 2.222222222E-03, 1.102157203E-07, 4.444325995E+02, 7.811575039E+02, 3.000000000E+02, 1.176655108E+00, 2.350000000E+01, 2.350000000E+01, 1.862915775E+03
       835,-9.035882540E-03, 1.189777511E-03, 0.000000000E+00,-9.036105585E-03, 1.189119054E-03, 2.222222222E-03, 9.934653674E-08, 4.449655675E+02, 7.812801522E+02, 3.000000000E+02, 1.176655108E+00, 2.350000000E+01, 2.350000000E+01, 1.862915775E+03
       836,-9.217579849E-03, 4.025003000E-04, 0.000000000E+00,-9.217699067E-03, 4.022785868E-04, 2.222222222E-03, 8.889327001E-08, 4.454689914E+02, 7.810387027E+02, 3.000000000E+02, 1.176655108E+00, 2.350000000E+01, 2.350000000E+01, 1.862915775E+03
       837,-9.321107529E-03,-4.070133436E-04, 0.000000000E+00,-9.321200460E-03,-4.067904964E-04, 2.222222222E-03, 7.895854368E-08, 4.459298172E+02, 7.802426374E+02, 3.000000000E+02, 1.176655108E+00, 2.350000000E+01, 2.350000000E+01, 1.862915775E+03
       838,-9.343910962E-03,-1.230265945E-03, 0.000000000E+00,-9.344057649E-03,-1.229597558E-03, 2.222222222E-03, 6.962241819E-08, 4.463318569E+02, 7.785391001E+02, 3.000000000E+02, 1.176655108E+00, 2.350000000E+01, 2.350000000E+01, 1.862915775E+03
       839,-9.284591302E-03,-2.058512764E-03, 0.000000000E+00,-9.284874076E-03,-2.057408624E-03, 2.222222222E-03, 6.094259218E-08, 4.466589229E+02, 7.752657221E+02, 3.000000000E+02, 1.176655108E+00, 2.350000000E+01, 2.350000000E+01, 1.862915775E+03
       840,-9.142845869E-03,-2.882929752E-03, 0.000000000E+00,-9.143339321E-03,-2.881424286E-03, 2.222222222E-03, 5.296164530E-08, 4.469121282E+02, 7.692249242E+02, 3.000000000E+02, 1.176655108E+00, 2.350000000E+01, 2.350000000E+01, 1.862915775E+03
       841,-8.919367567E-03,-3.694738727E-03, 0.000000000E+00,-8.920126438E-03,-3.692916284E-03, 2.222222222E-03, 4.571778634E-08, 4.471032492E+02, 7.579577948E+02, 3.000000000E+02, 1.176655108E+00, 2.350000000E+01, 2.350000000E+01, 1.862915775E+03
       842,-8.615774103E-03,-4.485296085E-03, 0.000000000E+00,-8.616794048E-03,-4.483328550E-03, 2.222222222E-03, 3.925598130E-08, 4.472614066E+02, 7.393266387E+02, 3.000000000E+02, 1.176655108E+00, 2.350000000E+01, 2.350000000E+01, 1.862915775E+03
       843,-8.234589361E-03,-5.246186163E-03, 0.000000000E+00,-8.235744985E-03,-5.244365002E-03, 2.222222222E-03, 3.363308829E-08, 4.474019287E+02, 7.140855857E+02, 3.000000000E+02, 1.176655108E+00, 2.350000000E+01, 2.350000000E+01, 1.862915775E+03
       844,-7.779323496E-03,-5.969398189E-03, 0.000000000E+00,-7.780317375E-03,-5.968105656E-03, 2.222222222E-03, 2.890488384E-08, 4.475300609E+02, 6.836661842E+02, 3.000000000E+02, 1.176655108E+00, 2.350000000E+01, 2.350000000E+01, 1.862915775E+03
       845,-7.254607975E-03,-6.647661328E-03, 0.000000000E+00,-7.255028986E-03,-6.647210701E-03, 2.222222222E-03, 2.508525520E-08, 4.476502023E+02, 6.507239593E+02, 3.000000000E+02, 1.176655108E+00, 2.350000000E+01, 2.350000000E+01, 1.862915775E+03
       846, 5.383822136E-03,-1.699679531E-03, 0.000000000E+00, 5.388639907E-03,-1.699535399E-03, 2.222222222E-03, 2.828141089E-07, 4.358784068E+02, 7.678587196E+02, 3.000000000E+02, 1.176655108E+00, 2.350000000E+01, 2.350000000E+01, 1.862915775E+03
       847, 5.797763821E-03,-2.403895603E-03, 0.000000000E+00, 5.801149103E-03,-2.403159169E-03, 2.222222222E-03, 2.695014251E-07, 4.369590798E+02, 7.698813370E+02, 3.000000000E+02, 1.176655108E+00, 2.350000000E+01, 2.350000000E+01, 1.862915775E+03
       848, 6.057727616E-03,-3.155824263E-03, 0.000000000E+00, 6.060339092E-03,-3.154683853E-03, 2.222222222E-03, 2.503086236E-07, 4.380595969E+02, 7.719174966E+02, 3.000000000E+02, 1.176655108E+00, 2.350000000E+01, 2.350000000E+01, 1.862915775E+03
       849, 6.161339115E-03,-3.927266691E-03, 0.000000000E+00, 6.163501496E-03,-3.926086345E-03, 2.222222222E-03, 2.282127337E-07, 4.391257728E+02, 7.738388683E+02, 3.000000000E+02, 1.176655108E+00, 2.350000000E+01, 2.350000000E+01, 1.862915775E+03
       850, 6.110472139E-03,-4.690142348E-03, 0.000000000E+00, 6.112170370E-03,-4.689389055E-03, 2.222222222E-03, 2.058781169E-07, 4.401088640E+02, 7.755473831E+02, 3.000000000E+02, 1.176655108E+00, 2.350000000E+01, 2.350000000E+01, 1.862915775E+03
       851, 5.913589615E-03,-5.419301335E-03, 0.000000000E+00, 5.914532479E-03,-5.419328527E-03, 2.222222222E-03, 1.854043685E-07, 4.409711035E+02, 7.769743046E+02, 3.000000000E+02, 1.176655108E+00, 2.350000000E+01, 2.350000000E+01, 1.862915775E+03
       852, 5.587222055E-03,-6.096911617E-03, 0.000000000E+00, 5.587127024E-03,-6.097720495E-03, 2.222222222E-03, 1.679017680E-07, 4.417035626E+02, 7.781063764E+02, 3.000000000E+02, 1.176655108E+00, 2.350000000E+01, 2.350000000E+01, 1.862915775E+03
       853, 5.153555423E-03,-6.715016440E-03, 0.000000000E+00, 5.152473200E-03,-6.716285800E-03, 2.222222222E-03, 1.533190573E-07, 4.423249817E+02, 7.789879415E+02, 3.000000000E+02, 1.176655108E+00, 2.350000000E+01, 2.350000000E+01, 1.862915775E+03
       854, 4.634567071E-03,-7.273165509E-03, 0.000000000E+00, 4.632866805E-03,-7.274511826E-03, 2.222222222E-03, 1.408410509E-07, 4.428773731E+02, 7.796812236E+02, 3.000000000E+02, 1.176655108E+00, 2.350000000E+01, 2.350000000E+01, 1.862915775E+03
       855, 4.047283437E-03,-7.772990502E-03, 0.000000000E+00, 4.045393226E-03,-7.774159495E-03, 2.222222222E-03, 1.295480490E-07, 4.434037240E+02, 7.802591517E+02, 3.000000000E+02, 1.176655108E+00, 2.350000000E+01, 2.350000000E+01, 1.862915775E+03
       856, 3.403171431E-03,-8.214280009E-03, 0.000000000E+00, 3.401402345E-03,-8.215167840E-03, 2.222222222E-03, 1.188227927E-07, 4.439297507E+02, 7.807424718E+02, 3.000000000E+02, 1.176655108E+00, 2.350000000E+01, 2.350000000E+01, 1.862915775E+03
       857, 2.710235072E-03,-8.594218642E-03, 0.000000000E+00, 2.708764011E-03,-8.594821232E-03, 2.222222222E-03, 1.083967195E-07, 4.444600437E+02, 7.810975272E+02, 3.000000000E+02, 1.176655108E+00, 2.350000000E+01, 2.350000000E+01, 1.862915775E+03
       858, 1.975250896E-03,-8.908412419E-03, 0.000000000E+00, 1.974164492E-03,-8.908775329E-03, 2.222222222E-03, 9.822959189E-08, 4.449769608E+02, 7.812237610E+02, 3.000000000E+02, 1.176655108E+00, 2.350000000E+01, 2.350000000E+01, 1.862915775E+03
       859, 1.205056673E-03,-9.152122773E-03, 0.000000000E+00, 1.204393919E-03,-9.152313588E-03, 2.222222222E-03, 8.838598346E-08, 4.454713462E+02, 7.809945195E+02, 3.000000000E+02, 1.176655108E+00, 2.350000000E+01, 2.350000000E+01, 1.862915775E+03
       860, 4.070133436E-04,-9.321107529E-03, 0.000000000E+00, 4.067904964E-04,-9.321200460E-03, 2.222222222E-03, 7.895854368E-08, 4.459298172E+02, 7.802426374E+02, 3.000000000E+02, 1.176655108E+00, 2.350000000E+01, 2.350000000E+01, 1.862915775E+03
       861,-4.109774600E-04,-9.412043728E-03, 0.000000000E+00,-4.107537774E-04,-9.412116534E-03, 2.222222222E-03, 7.003178330E-08, 4.463386346E+02, 7.786578268E+02, 3.000000000E+02, 1.176655108E+00, 2.350000000E+01, 2.350000000E+01, 1.862915775E+03
       862,-1.240620739E-03,-9.422686882E-03, 0.000000000E+00,-1.239950426E-03,-9.422820125E-03, 2.222222222E-03, 6.167010611E-08, 4.466827257E+02, 7.756604678E+02, 3.000000000E+02, 1.176655108E+00, 2.350000000E+01, 2.350000000E+01, 1.862915775E+03
       863,-2.073407406E-03,-9.351885878E-03, 0.000000000E+00,-2.072301275E-03,-9.352159390E-03, 2.222222222E-03, 5.391834610E-08, 4.469552778E+02, 7.701855795E+02, 3.000000000E+02, 1.176655108E+00, 2.350000000E+01, 2.350000000E+01, 1.862915775E+03
       864,-2.900770167E-03,-9.199522436E-03, 0.000000000E+00,-2.899263227E-03,-9.200011199E-03, 2.222222222E-03, 4.680845596E-08, 4.471602281E+02, 7.600122673E+02, 3.000000000E+02, 1.176655108E+00, 2.350000000E+01, 2.350000000E+01, 1.862915775E+03
       865,-3.714201506E-03,-8.966433816E-03, 0.000000000E+00,-3.712378166E-03,-8.967190471E-03, 2.222222222E-03, 4.036914534E-08, 4.473146882E+02, 7.427550833E+02, 3.000000000E+02, 1.176655108E+00, 2.350000000E+01, 2.350000000E+01, 1.862915775E+03
       866,-4.505340941E-03,-8.654343896E-03, 0.000000000E+00,-4.503373513E-03,-8.655362708E-03, 2.222222222E-03, 3.463571748E-08, 4.474441785E+02, 7.183852428E+02, 3.000000000E+02, 1.176655108E+00, 2.350000000E+01, 2.350000000E+01, 1.862915775E+03
       867,-5.266072229E-03,-8.265849203E-03, 0.000000000E+00,-5.264251059E-03,-8.267004500E-03, 2.222222222E-03, 2.965451948E-08, 4.475593907E+02, 6.878902520E+02, 3.000000000E+02, 1.176655108E+00, 2.350000000E+01, 2.350000000E+01, 1.862915775E+03
       868,-5.988686811E-03,-7.804485504E-03, 0.000000000E+00,-5.987393295E-03,-7.805479024E-03, 2.222222222E-03, 2.547139084E-08, 4.476667302E+02, 6.533582416E+02, 3.000000000E+02, 1.176655108E+00, 2.350000000E+01, 2.350000000E+01, 1.862915775E+03
       869,-6.666182075E-03,-7.274827454E-03, 0.000000000E+00,-6.665730454E-03,-7.275247264E-03, 2.222222222E-03, 2.209564674E-08, 4.477698706E+02, 6.178951032E+02, 3.000000000E+02, 1.176655108E+00, 2.350000000E+01, 2.350000000E+01, 1.862915775E+03
       870, 4.272154998E-03,-1.038343762E-03, 0.000000000E+00, 4.269366528E-03,-1.038768335E-03, 2.222222222E-03, 1.911975403E-07, 4.341191243E+02, 7.644824155E+02, 3.000000000E+02, 1.176655108E+00, 2.350000000E+01, 2.350000000E+01, 1.862915775E+03
       871, 4.798797425E-03,-1.515527954E-03, 0.000000000E+00, 4.805636929E-03,-1.516020112E-03, 2.222222222E-03, 2.870042210E-07, 4.349346361E+02, 7.661447208E+02, 3.000000000E+02, 1.176655108E+00, 2.350000000E+01, 2.350000000E+01, 1.862915775E+03
       872, 3.796212608E-03,-6.572443526E-04, 0.000000000E+00, 3.794136703E-03,-6.573658388E-04, 2.222222222E-03, 2.246174708E-07, 4.335744809E+02, 7.633275037E+02, 3.000000000E+02, 1.176655108E+00, 2.350000000E+01, 2.350000000E+01, 1.862915775E+03
       873, 3.275194671E-03,-2.268191165E-04, 0.000000000E+00, 3.273896254E-03,-2.268345408E-04, 2.222222222E-03, 2.425780759E-07, 4.330439169E+02, 7.624150965E+02, 3.000000000E+02, 1.176655108E+00, 2.350000000E+01, 2.350000000E+01, 1.862915775E+03
       874, 2.739927033E-03, 2.319376072E-04, 0.000000000E+00, 2.739228603E-03, 2.319417587E-04, 2.222222222E-03, 2.485420208E-07, 4.326430079E+02, 7.617009611E+02, 3.000000000E+02, 1.176655108E+00, 2.350000000E+01, 2.350000000E+01, 1.862915775E+03
       875, 2.210218227E-03, 7.068806444E-04, 0.000000000E+00, 2.209890539E-03, 7.068750987E-04, 2.222222222E-03, 2.485266137E-07, 4.323750346E+02, 7.612022033E+02, 3.000000000E+02, 1.176655108E+00, 2.350000000E+01, 2.350000000E+01, 1.862915775E+03
       876, 1.694586244E-03, 1.194115379E-03, 0.000000000E+00, 1.694454351E-03, 1.194073849E-03, 2.222222222E-03, 2.473278319E-07, 4.322439356E+02, 7.609268118E+02, 3.000000000E+02, 1.176655108E+00, 2.350000000E+01, 2.350000000E+01, 1.862915775E+03
       877, 1.194115379E-03, 1.694586244E-03, 0.000000000E+00, 1.194073849E-03, 1.694454351E-03, 2.222222222E-03, 2.473278319E-07, 4.322439356E+02, 7.609268118E+02, 3.000000000E+02, 1.176655108E+00, 2.350000000E+01, 2.350000000E+01, 1.862915775E+03
       878, 7.068805862E-04, 2.210218227E-03, 0.000000000E+00, 7.068750987E-04, 2.209890539E-03, 2.222222222E-03, 2.485266137E-07, 4.323750346E+02, 7.612022033E+02, 3.000000000E+02, 1.176655108E+00, 2.350000000E+01, 2.350000000E+01, 1.862915775E+03
       879, 2.319376072E-04, 2.739927033E-03, 0.000000000E+00, 2.319417587E-04, 2.739228603E-03, 2.222222222E-03, 2.485420208E-07, 4.326430079E+02, 7.617009611E+02, 3.000000000E+02, 1.176655108E+00, 2.350000000E+01, 2.350000000E+01, 1.862915775E+03
       880,-2.268191165E-04, 3.275194671E-03, 0.000000000E+00,-2.268345408E-04, 3.273896254E-03, 2.222222222E-03, 2.425780759E-07, 4.330439169E+02, 7.624150965E+02, 3.000000000E+02, 1.176655108E+00, 2.350000000E+01, 2.350000000E+01, 1.862915775E+03
       881,-6.572443526E-04, 3.796212608E-03, 0.000000000E+00,-6.573658388E-04, 3.794136703E-03, 2.222222222E-03, 2.246174708E-07, 4.335744809E+02, 7.633275037E+02, 3.000000000E+02, 1.176655108E+00, 2.350000000E+01, 2.350000000E+01, 1.862915775E+03
       882,-1.038343762E-03, 4.272154532E-03, 0.000000000E+00,-1.038768335E-03, 4.269366528E-03, 2.222222222E-03, 1.911975403E-07, 4.341191243E+02, 7.644824155E+02, 3.000000000E+02, 1.176655108E+00, 2.350000000E+01, 2.350000000E+01, 1.862915775E+03
       883,-1.070645521E-03, 4.821386654E-03, 0.000000000E+00,-1.071102392E-03, 4.828721663E-03, 2.222222222E-03, 2.869679761E-07, 4.348099876E+02, 7.659217612E+02, 3.000000000E+02, 1.176655108E+00, 2.350000000E+01, 2.350000000E+01, 1.862915775E+03
       884,-1.699679648E-03, 5.383822136E-03, 0.000000000E+00,-1.699535399E-03, 5.388639907E-03, 2.222222222E-03, 2.828141089E-07, 4.358784068E+02, 7.678587196E+02, 3.000000000E+02, 1.176655108E+00, 2.350000000E+01, 2.350000000E+01, 1.862915775E+03
       885,-2.403895603E-03, 5.797763821E-03, 0.000000000E+00,-2.403159169E-03, 5.801149103E-03, 2.222222222E-03, 2.695014251E-07, 4.369590798E+02, 7.698813370E+02, 3.000000000E+02, 1.176655108E+00, 2.350000000E+01, 2.350000000E+01, 1.862915775E+03
       886,-3.155824263E-03, 6.057727616E-03, 0.000000000E+00,-3.154683853E-03, 6.060339092E-03, 2.222222222E-03, 2.503086236E-07, 4.380595969E+02, 7.719174966E+02, 3.000000000E+02, 1.176655108E+00, 2.350000000E+01, 2.350000000E+01, 1.862915775E+03
       887,-3.927267157E-03, 6.161339115E-03, 0.000000000E+00,-3.926086345E-03, 6.163501496E-03, 2.222222222E-03, 2.282127337E-07, 4.391257728E+02, 7.738388683E+02, 3.000000000E+02, 1.176655108E+00, 2.350000000E+01, 2.350000000E+01, 1.862915775E+03
       888,-4.690142348E-03, 6.110472139E-03, 0.000000000E+00,-4.689389055E-03, 6.112170370E-03, 2.222222222E-03, 2.058781169E-07, 4.401088640E+02, 7.755473831E+02, 3.000000000E+02, 1.176655108E+00, 2.350000000E+01, 2.350000000E+01, 1.862915775E+03
       889,-5.419301335E-03, 5.913590081E-03, 0.000000000E+00,-5.419328527E-03, 5.914532479E-03, 2.222222222E-03, 1.854043685E-07, 4.409711035E+02, 7.769743046E+02, 3.000000000E+02, 1.176655108E+00, 2.350000000E+01, 2.350000000E+01, 1.862915775E+03
       890,-6.096911617E-03, 5.587222055E-03, 0.000000000E+00,-6.097720495E-03, 5.587127024E-03, 2.222222222E-03, 1.679017680E-07, 4.417035626E+02, 7.781063764E+02, 3.000000000E+02, 1.176655108E+00, 2.350000000E+01, 2.350000000E+01, 1.862915775E+03
       891,-6.715016440E-03, 5.153555423E-03, 0.000000000E+00,-6.716285800E-03, 5.152473200E-03, 2.222222222E-03, 1.533190573E-07, 4.423249817E+02, 7.789879415E+02, 3.000000000E+02, 1.176655108E+00, 2.350000000E+01, 2.350000000E+01, 1.862915775E+03
       892,-7.273165975E-03, 4.634566605E-03, 0.000000000E+00,-7.274511826E-03, 4.632866805E-03, 2.222222222E-03, 1.408410509E-07, 4.428773731E+02, 7.796812236E+02, 3.000000000E+02, 1.176655108E+00, 2.350000000E+01, 2.350000000E+01, 1.862915775E+03
       893,-7.772990502E-03, 4.047283437E-03, 0.000000000E+00,-7.774159495E-03, 4.045393226E-03, 2.222222222E-03, 1.295480490E-07, 4.434037240E+02, 7.802591517E+02, 3.000000000E+02, 1.176655108E+00, 2.350000000E+01, 2.350000000E+01, 1.862915775E+03
       894,-8.214280009E-03, 3.403171198E-03, 0.000000000E+00,-8.215167840E-03, 3.401402345E-03, 2.222222222E-03, 1.188227927E-07, 4.439297507E+02, 7.807424718E+02, 3.000000000E+02, 1.176655108E+00, 2.350000000E+01, 2.350000000E+01, 1.862915775E+03
       895,-8.594218642E-03, 2.710235072E-03, 0.000000000E+00,-8.594821232E-03, 2.708764011E-03, 2.222222222E-03, 1.083967195E-07, 4.444600437E+02, 7.810975272E+02, 3.000000000E+02, 1.176655108E+00, 2.350000000E+01, 2.350000000E+01, 1.862915775E+03
       896,-8.908412419E-03, 1.975250663E-03, 0.000000000E+00,-8.908775329E-03, 1.974164492E-03, 2.222222222E-03, 9.822959189E-08, 4.449769608E+02, 7.812237610E+02, 3.000000000E+02, 1.176655108E+00, 2.350000000E+01, 2.350000000E+01, 1.862915775E+03
       897,-9.152122773E-03, 1.205056789E-03, 0.000000000E+00,-9.152313588E-03, 1.204393919E-03, 2.222222222E-03, 8.838598346E-08, 4.454713462E+02, 7.809945195E+02, 3.000000000E+02, 1.176655108E+00, 2.350000000E+01, 2.350000000E+01, 1.862915775E+03
       898,-9.321107529E-03, 4.070133436E-04, 0.000000000E+00,-9.321200460E-03, 4.067904964E-04, 2.222222222E-03, 7.895854368E-08, 4.459298172E+02, 7.802426374E+02, 3.000000000E+02, 1.176655108E+00, 2.350000000E+01, 2.350000000E+01, 1.862915775E+03
       899,-9.412042797E-03,-4.109774600E-04, 0.000000000E+00,-9.412116534E-03,-4.107537774E-04, 2.222222222E-03, 7.003178330E-08, 4.463386346E+02, 7.786578268E+02, 3.000000000E+02, 1.176655108E+00, 2.350000000E+01, 2.350000000E+01, 1.862915775E+03
       900,-9.422686882E-03,-1.240620855E-03, 0.000000000E+00,-9.422820125E-03,-1.239950426E-03, 2.222222222E-03, 6.167010611E-08, 4.466827257E+02, 7.756604678E+02, 3.000000000E+02, 1.176655108E+00, 2.350000000E+01, 2.350000000E+01, 1.862915775E+03
       901,-9.351886809E-03,-2.073407406E-03, 0.000000000E+00,-9.352159390E-03,-2.072301275E-03, 2.222222222E-03, 5.391834610E-08, 4.469552778E+02, 7.701855795E+02, 3.000000000E+02, 1.176655108E+00, 2.350000000E+01, 2.350000000E+01, 1.862915775E+03
       902,-9.199523367E-03,-2.900770167E-03, 0.000000000E+00,-9.200011199E-03,-2.899263227E-03, 2.222222222E-03, 4.680845596E-08, 4.471602281E+02, 7.600122673E+02, 3.000000000E+02, 1.176655108E+00, 2.350000000E+01, 2.350000000E+01, 1.862915775E+03
       903,-8.966433816E-03,-3.714201506E-03, 0.000000000E+00,-8.967190471E-03,-3.712378166E-03, 2.222222222E-03, 4.036914534E-08, 4.473146882E+02, 7.427550833E+02, 3.000000000E+02, 1.176655108E+00, 2.350000000E+01, 2.350000000E+01, 1.862915775E+03
       904,-8.654342964E-03,-4.505341407E-03, 0.000000000E+00,-8.655362708E-03,-4.503373513E-03, 2.222222222E-03, 3.463571748E-08, 4.474441785E+02, 7.183852428E+02, 3.000000000E+02, 1.176655108E+00, 2.350000000E+01, 2.350000000E+01, 1.862915775E+03
       905,-8.265849203E-03,-5.266072229E-03, 0.000000000E+00,-8.267004500E-03,-5.264251059E-03, 2.222222222E-03, 2.965451948E-08, 4.475593907E+02, 6.878902520E+02, 3.000000000E+02, 1.176655108E+00, 2.350000000E+01, 2.350000000E+01, 1.862915775E+03
       906,-7.804485504E-03,-5.988686811E-03, 0.000000000E+00,-7.805479024E-03,-5.987393295E-03, 2.222222222E-03, 2.547139084E-08, 4.476667302E+02, 6.533582416E+02, 3.000000000E+02, 1.176655108E+00, 2.350000000E+01, 2.350000000E+01, 1.862915775E+03
       907,-7.274826989E-03,-6.666181609E-03, 0.000000000E+00,-7.275247264E-03,-6.665730454E-03, 2.222222222E-03, 2.209564674E-08, 4.477698706E+02, 6.178951032E+02, 3.000000000E+02, 1.176655108E+00, 2.350000000E+01, 2.350000000E+01, 1.862915775E+03
       908, 5.431521218E-03,-1.205690089E-03, 0.000000000E+00, 5.436603538E-03,-1.205648437E-03, 2.222222222E-03, 2.839547163E-07, 4.357527543E+02, 7.676210565E+02, 3.000000000E+02, 1.176655108E+00, 2.350000000E+01, 2.350000000E+01, 1.862915775E+03
       909, 5.897692870E-03,-1.861433731E-03, 0.000000000E+00, 5.901199280E-03,-1.860876737E-03, 2.222222222E-03, 2.721160792E-07, 4.367984543E+02, 7.695762455E+02, 3.000000000E+02, 1.176655108E+00, 2.350000000E+01, 2.350000000E+01, 1.862915775E+03
       910, 6.224497221E-03,-2.580357948E-03, 0.000000000E+00, 6.227109976E-03,-2.579302182E-03, 2.222222222E-03, 2.541347910E-07, 4.378795807E+02, 7.715933647E+02, 3.000000000E+02, 1.176655108E+00, 2.350000000E+01, 2.350000000E+01, 1.862915775E+03
       911, 6.407421082E-03,-3.337567206E-03, 0.000000000E+00, 6.409571486E-03,-3.336187450E-03, 2.222222222E-03, 2.325460358E-07, 4.389516637E+02, 7.735436930E+02, 3.000000000E+02, 1.176655108E+00, 2.350000000E+01, 2.350000000E+01, 1.862915775E+03
       912, 6.444759201E-03,-4.107567482E-03, 0.000000000E+00, 6.446635742E-03,-4.106205060E-03, 2.222222222E-03, 2.096691893E-07, 4.399708600E+02, 7.753243922E+02, 3.000000000E+02, 1.176655108E+00, 2.350000000E+01, 2.350000000E+01, 1.862915775E+03
       913, 6.338609383E-03,-4.865020979E-03, 0.000000000E+00, 6.340117144E-03,-4.864121451E-03, 2.222222222E-03, 1.875853542E-07, 4.408964057E+02, 7.768619465E+02, 3.000000000E+02, 1.176655108E+00, 2.350000000E+01, 2.350000000E+01, 1.862915775E+03
       914, 6.096911617E-03,-5.587222055E-03, 0.000000000E+00, 6.097720495E-03,-5.587127024E-03, 2.222222222E-03, 1.679017680E-07, 4.417035626E+02, 7.781063764E+02, 3.000000000E+02, 1.176655108E+00, 2.350000000E+01, 2.350000000E+01, 1.862915775E+03
       915, 5.734719336E-03,-6.257935893E-03, 0.000000000E+00, 5.734534178E-03,-6.258646990E-03, 2.222222222E-03, 1.513748306E-07, 4.423856981E+02, 7.790528403E+02, 3.000000000E+02, 1.176655108E+00, 2.350000000E+01, 2.350000000E+01, 1.862915775E+03
       916, 5.272071343E-03,-6.869626231E-03, 0.000000000E+00, 5.270932181E-03,-6.870821210E-03, 2.222222222E-03, 1.377704343E-07, 4.429681796E+02, 7.797551005E+02, 3.000000000E+02, 1.176655108E+00, 2.350000000E+01, 2.350000000E+01, 1.862915775E+03
       917, 4.728841595E-03,-7.421359420E-03, 0.000000000E+00, 4.727106404E-03,-7.422650002E-03, 2.222222222E-03, 1.262299907E-07, 4.434912620E+02, 7.802926488E+02, 3.000000000E+02, 1.176655108E+00, 2.350000000E+01, 2.350000000E+01, 1.862915775E+03
       918, 4.120602272E-03,-7.914064452E-03, 0.000000000E+00, 4.118688886E-03,-7.915188210E-03, 2.222222222E-03, 1.158555556E-07, 4.439930257E+02, 7.807088978E+02, 3.000000000E+02, 1.176655108E+00, 2.350000000E+01, 2.350000000E+01, 1.862915775E+03
       919, 3.458096180E-03,-8.347102441E-03, 0.000000000E+00, 3.456311250E-03,-8.347952245E-03, 2.222222222E-03, 1.060577416E-07, 4.444930483E+02, 7.809986707E+02, 3.000000000E+02, 1.176655108E+00, 2.350000000E+01, 2.350000000E+01, 1.862915775E+03
       920, 2.749079838E-03,-8.717622608E-03, 0.000000000E+00, 2.747597960E-03,-8.718191381E-03, 2.222222222E-03, 9.657966006E-08, 4.449930489E+02, 7.811057956E+02, 3.000000000E+02, 1.176655108E+00, 2.350000000E+01, 2.350000000E+01, 1.862915775E+03
       921, 2.000272274E-03,-9.021460079E-03, 0.000000000E+00, 1.999179445E-03,-9.021793413E-03, 2.222222222E-03, 8.737711863E-08, 4.454753894E+02, 7.808928283E+02, 3.000000000E+02, 1.176655108E+00, 2.350000000E+01, 2.350000000E+01, 1.862915775E+03
       922, 1.218477497E-03,-9.254225530E-03, 0.000000000E+00, 1.217811500E-03,-9.254391769E-03, 2.222222222E-03, 7.850206322E-08, 4.459282549E+02, 7.801685994E+02, 3.000000000E+02, 1.176655108E+00, 2.350000000E+01, 2.350000000E+01, 1.862915775E+03
       923, 4.109774600E-04,-9.412042797E-03, 0.000000000E+00, 4.107537774E-04,-9.412116534E-03, 2.222222222E-03, 7.003178330E-08, 4.463386346E+02, 7.786578268E+02, 3.000000000E+02, 1.176655108E+00, 2.350000000E+01, 2.350000000E+01, 1.862915775E+03
       924,-4.144594714E-04,-9.491918609E-03, 0.000000000E+00,-4.142351232E-04,-9.491977207E-03, 2.222222222E-03, 6.203616626E-08, 4.466954955E+02, 7.758462217E+02, 3.000000000E+02, 1.176655108E+00, 2.350000000E+01, 2.350000000E+01, 1.862915775E+03
       925,-1.249716152E-03,-9.491882287E-03, 0.000000000E+00,-1.249044344E-03,-9.492004771E-03, 2.222222222E-03, 5.456721580E-08, 4.469866092E+02, 7.707872620E+02, 3.000000000E+02, 1.176655108E+00, 2.350000000E+01, 2.350000000E+01, 1.862915775E+03
       926,-2.086490393E-03,-9.410995990E-03, 0.000000000E+00,-2.085382869E-03,-9.411262307E-03, 2.222222222E-03, 4.765980174E-08, 4.472117249E+02, 7.615310960E+02, 3.000000000E+02, 1.176655108E+00, 2.350000000E+01, 2.350000000E+01, 1.862915775E+03
       927,-2.916441066E-03,-9.249307215E-03, 0.000000000E+00,-2.914932766E-03,-9.249791182E-03, 2.222222222E-03, 4.133778699E-08, 4.473792401E+02, 7.455730330E+02, 3.000000000E+02, 1.176655108E+00, 2.350000000E+01, 2.350000000E+01, 1.862915775E+03
       928,-3.731297096E-03,-9.007775225E-03, 0.000000000E+00,-3.729473229E-03,-9.008530901E-03, 2.222222222E-03, 3.562264587E-08, 4.475041966E+02, 7.224694953E+02, 3.000000000E+02, 1.176655108E+00, 2.350000000E+01, 2.350000000E+01, 1.862915775E+03
       929,-4.522948526E-03,-8.688221686E-03, 0.000000000E+00,-4.520980704E-03,-8.689240832E-03, 2.222222222E-03, 3.054215221E-08, 4.476071997E+02, 6.927265712E+02, 3.000000000E+02, 1.176655108E+00, 2.350000000E+01, 2.350000000E+01, 1.862915775E+03
       930,-5.283539649E-03,-8.293306455E-03, 0.000000000E+00,-5.281718636E-03,-8.294462332E-03, 2.222222222E-03, 2.613424195E-08, 4.476995451E+02, 6.577904655E+02, 3.000000000E+02, 1.176655108E+00, 2.350000000E+01, 2.350000000E+01, 1.862915775E+03
       931,-6.005628966E-03,-7.826587185E-03, 0.000000000E+00,-6.004335210E-03,-7.827580563E-03, 2.222222222E-03, 2.243674651E-08, 4.477873785E+02, 6.204866837E+02, 3.000000000E+02, 1.176655108E+00, 2.350000000E+01, 2.350000000E+01, 1.862915775E+03
       932,-6.682449952E-03,-7.292587310E-03, 0.000000000E+00,-6.681997854E-03,-7.293006616E-03, 2.222222222E-03, 1.945562376E-08, 4.478738527E+02, 5.840770016E+02, 3.000000000E+02, 1.176655108E+00, 2.350000000E+01, 2.350000000E+01, 1.862915775E+03
       933, 4.274853505E-03,-6.172421272E-04, 0.000000000E+00, 4.271997917E-03,-6.175297450E-04, 2.222222222E-03, 1.865377363E-07, 4.340325022E+02, 7.643359504E+02, 3.000000000E+02, 1.176655108E+00, 2.350000000E+01, 2.350000000E+01, 1.862915775E+03
       934, 4.821386654E-03,-1.070645638E-03, 0.000000000E+00, 4.828721663E-03,-1.071102392E-03, 2.222222222E-03, 2.869679761E-07, 4.348099876E+02, 7.659217612E+02, 3.000000000E+02, 1.176655108E+00, 2.350000000E+01, 2.350000000E+01, 1.862915775E+03
       935, 3.796665231E-03,-2.180992306E-04, 0.000000000E+00, 3.794562177E-03,-2.181433320E-04, 2.222222222E-03, 2.216762109E-07, 4.335258202E+02, 7.632527008E+02, 3.000000000E+02, 1.176655108E+00, 2.350000000E+01, 2.350000000E+01, 1.862915775E+03
       936, 3.275194671E-03, 2.268191165E-04, 0.000000000E+00, 3.273896254E-03, 2.268345408E-04, 2.222222222E-03, 2.425780759E-07, 4.330439169E+02, 7.624150965E+02, 3.000000000E+02, 1.176655108E+00, 2.350000000E+01, 2.350000000E+01, 1.862915775E+03
       937, 2.739595016E-03, 6.987594534E-04, 0.000000000E+00, 2.738905133E-03, 6.987644983E-04, 2.222222222E-03, 2.516646325E-07, 4.326963394E+02, 7.617808421E+02, 3.000000000E+02, 1.176655108E+00, 2.350000000E+01, 2.350000000E+01, 1.862915775E+03
       938, 2.208789578E-03, 1.187741291E-03, 0.000000000E+00, 2.208469207E-03, 1.187705018E-03, 2.222222222E-03, 2.542934080E-07, 4.324852305E+02, 7.613693731E+02, 3.000000000E+02, 1.176655108E+00, 2.350000000E+01, 2.350000000E+01, 1.862915775E+03
       939, 1.691000070E-03, 1.691000187E-03, 0.000000000E+00, 1.690872809E-03, 1.690872809E-03, 2.222222222E-03, 2.546744671E-07, 4.324159743E+02, 7.612069956E+02, 3.000000000E+02, 1.176655108E+00, 2.350000000E+01, 2.350000000E+01, 1.862915775E+03
       940, 1.187741291E-03, 2.208789578E-03, 0.000000000E+00, 1.187705018E-03, 2.208469207E-03, 2.222222222E-03, 2.542934080E-07, 4.324852305E+02, 7.613693731E+02, 3.000000000E+02, 1.176655108E+00, 2.350000000E+01, 2.350000000E+01, 1.862915775E+03
       941, 6.987594534E-04, 2.739595016E-03, 0.000000000E+00, 6.987644983E-04, 2.738905133E-03, 2.222222222E-03, 2.516646325E-07, 4.326963394E+02, 7.617808421E+02, 3.000000000E+02, 1.176655108E+00, 2.350000000E+01, 2.350000000E+01, 1.862915775E+03
       942, 2.268191165E-04, 3.275194671E-03, 0.000000000E+00, 2.268345408E-04, 3.273896254E-03, 2.222222222E-03, 2.425780759E-07, 4.330439169E+02, 7.624150965E+02, 3.000000000E+02, 1.176655108E+00, 2.350000000E+01, 2.350000000E+01, 1.862915775E+03
       943,-2.180992306E-04, 3.796665464E-03, 0.000000000E+00,-2.181433320E-04, 3.794562177E-03, 2.222222222E-03, 2.216762109E-07, 4.335258202E+02, 7.632527008E+02, 3.000000000E+02, 1.176655108E+00, 2.350000000E+01, 2.350000000E+01, 1.862915775E+03
       944,-6.172420690E-04, 4.274853505E-03, 0.000000000E+00,-6.175297450E-04, 4.271997917E-03, 2.222222222E-03, 1.865377363E-07, 4.340325022E+02, 7.643359504E+02, 3.000000000E+02, 1.176655108E+00, 2.350000000E+01, 2.350000000E+01, 1.862915775E+03
       945,-6.373882061E-04, 4.833418410E-03, 0.000000000E+00,-6.377131642E-04, 4.841123833E-03, 2.222222222E-03, 2.868276260E-07, 4.347271429E+02, 7.657734709E+02, 3.000000000E+02, 1.176655108E+00, 2.350000000E+01, 2.350000000E+01, 1.862915775E+03
       946,-1.205690205E-03, 5.431521218E-03, 0.000000000E+00,-1.205648437E-03, 5.436603538E-03, 2.222222222E-03, 2.839547163E-07, 4.357527543E+02, 7.676210565E+02, 3.000000000E+02, 1.176655108E+00, 2.350000000E+01, 2.350000000E+01, 1.862915775E+03
       947,-1.861433731E-03, 5.897692870E-03, 0.000000000E+00,-1.860876737E-03, 5.901199280E-03, 2.222222222E-03, 2.721160792E-07, 4.367984543E+02, 7.695762455E+02, 3.000000000E+02, 1.176655108E+00, 2.350000000E+01, 2.350000000E+01, 1.862915775E+03
       948,-2.580357948E-03, 6.224496756E-03, 0.000000000E+00,-2.579302182E-03, 6.227109976E-03, 2.222222222E-03, 2.541347910E-07, 4.378795807E+02, 7.715933647E+02, 3.000000000E+02, 1.176655108E+00, 2.350000000E+01, 2.350000000E+01, 1.862915775E+03
       949,-3.337567439E-03, 6.407420617E-03, 0.000000000E+00,-3.336187450E-03, 6.409571486E-03, 2.222222222E-03, 2.325460358E-07, 4.389516637E+02, 7.735436930E+02, 3.000000000E+02, 1.176655108E+00, 2.350000000E+01, 2.350000000E+01, 1.862915775E+03
       950,-4.107567482E-03, 6.444759201E-03, 0.000000000E+00,-4.106205060E-03, 6.446635742E-03, 2.222222222E-03, 2.096691893E-07, 4.399708600E+02, 7.753243922E+02, 3.000000000E+02, 1.176655108E+00, 2.350000000E+01, 2.350000000E+01, 1.862915775E+03
       951,-4.865020979E-03, 6.338609383E-03, 0.000000000E+00,-4.864121451E-03, 6.340117144E-03, 2.222222222E-03, 1.875853542E-07, 4.408964057E+02, 7.768619465E+02, 3.000000000E+02, 1.176655108E+00, 2.350000000E+01, 2.350000000E+01, 1.862915775E+03
       952,-5.587222055E-03, 6.096911617E-03, 0.000000000E+00,-5.587127024E-03, 6.097720495E-03, 2.222222222E-03, 1.679017680E-07, 4.417035626E+02, 7.781063764E+02, 3.000000000E+02, 1.176655108E+00, 2.350000000E+01, 2.350000000E+01, 1.862915775E+03
       953,-6.257936358E-03, 5.734719336E-03, 0.000000000E+00,-6.258646990E-03, 5.734534178E-03, 2.222222222E-03, 1.513748306E-07, 4.423856981E+02, 7.790528403E+02, 3.000000000E+02, 1.176655108E+00, 2.350000000E+01, 2.350000000E+01, 1.862915775E+03
       954,-6.869625766E-03, 5.272070877E-03, 0.000000000E+00,-6.870821210E-03, 5.270932181E-03, 2.222222222E-03, 1.377704343E-07, 4.429681796E+02, 7.797551005E+02, 3.000000000E+02, 1.176655108E+00, 2.350000000E+01, 2.350000000E+01, 1.862915775E+03
       955,-7.421359420E-03, 4.728841595E-03, 0.000000000E+00,-7.422650002E-03, 4.727106404E-03, 2.222222222E-03, 1.262299907E-07, 4.434912620E+02, 7.802926488E+02, 3.000000000E+02, 1.176655108E+00, 2.350000000E+01, 2.350000000E+01, 1.862915775E+03
       956,-7.914063521E-03, 4.120601807E-03, 0.000000000E+00,-7.915188210E-03, 4.118688886E-03, 2.222222222E-03, 1.158555556E-07, 4.439930257E+02, 7.807088978E+02, 3.000000000E+02, 1.176655108E+00, 2.350000000E+01, 2.350000000E+01, 1.862915775E+03
       957,-8.347102441E-03, 3.458096180E-03, 0.000000000E+00,-8.347952245E-03, 3.456311250E-03, 2.222222222E-03, 1.060577416E-07, 4.444930483E+02, 7.809986707E+02, 3.000000000E+02, 1.176655108E+00, 2.350000000E+01, 2.350000000E+01, 1.862915775E+03
       958,-8.717622608E-03, 2.749079606E-03, 0.000000000E+00,-8.718191381E-03, 2.747597960E-03, 2.222222222E-03, 9.657966006E-08, 4.449930489E+02, 7.811057956E+02, 3.000000000E+02, 1.176655108E+00, 2.350000000E+01, 2.350000000E+01, 1.862915775E+03
       959,-9.021460079E-03, 2.000272274E-03, 0.000000000E+00,-9.021793413E-03, 1.999179445E-03, 2.222222222E-03, 8.737711863E-08, 4.454753894E+02, 7.808928283E+02, 3.000000000E+02, 1.176655108E+00, 2.350000000E+01, 2.350000000E+01, 1.862915775E+03
       960,-9.254225530E-03, 1.218477497E-03, 0.000000000E+00,-9.254391769E-03, 1.217811500E-03, 2.222222222E-03, 7.850206322E-08, 4.459282549E+02, 7.801685994E+02, 3.000000000E+02, 1.176655108E+00, 2.350000000E+01, 2.350000000E+01, 1.862915775E+03
       961,-9.412043728E-03, 4.109774600E-04, 0.000000000E+00,-9.412116534E-03, 4.107537774E-04, 2.222222222E-03, 7.003178330E-08, 4.463386346E+02, 7.786578268E+02, 3.000000000E+02, 1.176655108E+00, 2.350000000E+01, 2.350000000E+01, 1.862915775E+03
       962,-9.491918609E-03,-4.144594714E-04, 0.000000000E+00,-9.491977207E-03,-4.142351232E-04, 2.222222222E-03, 6.203616626E-08, 4.466954955E+02, 7.758462217E+02, 3.000000000E+02, 1.176655108E+00, 2.350000000E+01, 2.350000000E+01, 1.862915775E+03
       963,-9.491882287E-03,-1.249716035E-03, 0.000000000E+00,-9.492004771E-03,-1.249044344E-03, 2.222222222E-03, 5.456721580E-08, 4.469866092E+02, 7.707872620E+02, 3.000000000E+02, 1.176655108E+00, 2.350000000E+01, 2.350000000E+01, 1.862915775E+03
       964,-9.410995990E-03,-2.086490626E-03, 0.000000000E+00,-9.411262307E-03,-2.085382869E-03, 2.222222222E-03, 4.765980174E-08, 4.472117249E+02, 7.615310960E+02, 3.000000000E+02, 1.176655108E+00, 2.350000000E+01, 2.350000000E+01, 1.862915775E+03
       965,-9.249306284E-03,-2.916441066E-03, 0.000000000E+00,-9.249791182E-03,-2.914932766E-03, 2.222222222E-03, 4.133778699E-08, 4.473792401E+02, 7.455730330E+02, 3.000000000E+02, 1.176655108E+00, 2.350000000E+01, 2.350000000E+01, 1.862915775E+03
       966,-9.007776156E-03,-3.731296863E-03, 0.000000000E+00,-9.008530901E-03,-3.729473229E-03, 2.222222222E-03, 3.562264587E-08, 4.475041966E+02, 7.224694953E+02, 3.000000000E+02, 1.176655108E+00, 2.350000000E+01, 2.350000000E+01, 1.862915775E+03
       967,-8.688221686E-03,-4.522948526E-03, 0.000000000E+00,-8.689240832E-03,-4.520980704E-03, 2.222222222E-03, 3.054215221E-08, 4.476071997E+02, 6.927265712E+02, 3.000000000E+02, 1.176655108E+00, 2.350000000E+01, 2.350000000E+01, 1.862915775E+03
       968,-8.293306455E-03,-5.283539649E-03, 0.000000000E+00,-8.294462332E-03,-5.281718636E-03, 2.222222222E-03, 2.613424195E-08, 4.476995451E+02, 6.577904655E+02, 3.000000000E+02, 1.176655108E+00, 2.350000000E+01, 2.350000000E+01, 1.862915775E+03
       969,-7.826587185E-03,-6.005628966E-03, 0.000000000E+00,-7.827580563E-03,-6.004335210E-03, 2.222222222E-03, 2.243674651E-08, 4.477873785E+02, 6.204866837E+02, 3.000000000E+02, 1.176655108E+00, 2.350000000E+01, 2.350000000E+01, 1.862915775E+03
       970,-7.292587310E-03,-6.682449952E-03, 0.000000000E+00,-7.293006616E-03,-6.681997854E-03, 2.222222222E-03, 1.945562376E-08, 4.478738527E+02, 5.840770016E+02, 3.000000000E+02, 1.176655108E+00, 2.350000000E+01, 2.350000000E+01, 1.862915775E+03
       971, 5.460786633E-03,-7.198520470E-04, 0.000000000E+00, 5.466069465E-03,-7.198586234E-04, 2.222222222E-03, 2.846403255E-07, 4.356687433E+02, 7.674612070E+02, 3.000000000E+02, 1.176655108E+00, 2.350000000E+01, 2.350000000E+01, 1.862915775E+03
       972, 5.967448000E-03,-1.324309851E-03, 0.000000000E+00, 5.971075149E-03,-1.323946159E-03, 2.222222222E-03, 2.740225489E-07, 4.366752453E+02, 7.693347601E+02, 3.000000000E+02, 1.176655108E+00, 2.350000000E+01, 2.350000000E+01, 1.862915775E+03
       973, 6.349063478E-03,-2.003514208E-03, 0.000000000E+00, 6.351689214E-03,-2.002680111E-03, 2.222222222E-03, 2.573048775E-07, 4.377250323E+02, 7.713011225E+02, 3.000000000E+02, 1.176655108E+00, 2.350000000E+01, 2.350000000E+01, 1.862915775E+03
       974, 6.599328481E-03,-2.735358197E-03, 0.000000000E+00, 6.601409051E-03,-2.734082048E-03, 2.222222222E-03, 2.366592996E-07, 4.387832116E+02, 7.732508771E+02, 3.000000000E+02, 1.176655108E+00, 2.350000000E+01, 2.350000000E+01, 1.862915775E+03
       975, 6.714582443E-03,-3.497205675E-03, 0.000000000E+00, 6.716409810E-03,-3.495657935E-03, 2.222222222E-03, 2.140466741E-07, 4.398107274E+02, 7.750643100E+02, 3.000000000E+02, 1.176655108E+00, 2.350000000E+01, 2.350000000E+01, 1.862915775E+03
       976, 6.693708245E-03,-4.265938886E-03, 0.000000000E+00, 6.695381216E-03,-4.264447009E-03, 2.222222222E-03, 1.912762362E-07, 4.407710902E+02, 7.766714389E+02, 3.000000000E+02, 1.176655108E+00, 2.350000000E+01, 2.350000000E+01, 1.862915775E+03
       977, 6.538999267E-03,-5.018629599E-03, 0.000000000E+00, 6.540369062E-03,-5.017624381E-03, 2.222222222E-03, 1.699759863E-07, 4.416344836E+02, 7.780151642E+02, 3.000000000E+02, 1.176655108E+00, 2.350000000E+01, 2.350000000E+01, 1.862915775E+03
       978, 6.257936358E-03,-5.734719336E-03, 0.000000000E+00, 6.258646990E-03,-5.734534178E-03, 2.222222222E-03, 1.513748306E-07, 4.423856981E+02, 7.790528403E+02, 3.000000000E+02, 1.176655108E+00, 2.350000000E+01, 2.350000000E+01, 1.862915775E+03
       979, 5.864277482E-03,-6.399376318E-03, 0.000000000E+00, 5.864025148E-03,-6.400014132E-03, 2.222222222E-03, 1.359683262E-07, 4.430210605E+02, 7.797932030E+02, 3.000000000E+02, 1.176655108E+00, 2.350000000E+01, 2.350000000E+01, 1.862915775E+03
       980, 5.376172252E-03,-7.005430758E-03, 0.000000000E+00, 5.374991606E-03,-7.006571711E-03, 2.222222222E-03, 1.234049528E-07, 4.435698021E+02, 7.803183297E+02, 3.000000000E+02, 1.176655108E+00, 2.350000000E+01, 2.350000000E+01, 1.862915775E+03
       981, 4.811650142E-03,-7.551528513E-03, 0.000000000E+00, 4.809889457E-03,-7.552779275E-03, 2.222222222E-03, 1.128205650E-07, 4.440655233E+02, 7.806790571E+02, 3.000000000E+02, 1.176655108E+00, 2.350000000E+01, 2.350000000E+01, 1.862915775E+03
       982, 4.185003694E-03,-8.037978783E-03, 0.000000000E+00, 4.183073555E-03,-8.039071222E-03, 2.222222222E-03, 1.033569129E-07, 4.445400895E+02, 7.808927740E+02, 3.000000000E+02, 1.176655108E+00, 2.350000000E+01, 2.350000000E+01, 1.862915775E+03
       983, 3.506340785E-03,-8.463771082E-03, 0.000000000E+00, 3.504544229E-03,-8.464592476E-03, 2.222222222E-03, 9.445987463E-08, 4.450104922E+02, 7.809284428E+02, 3.000000000E+02, 1.176655108E+00, 2.350000000E+01, 2.350000000E+01, 1.862915775E+03
       984, 2.783200005E-03,-8.826018311E-03, 0.000000000E+00, 2.781710208E-03,-8.826561329E-03, 2.222222222E-03, 8.588761091E-08, 4.454777658E+02, 7.806989892E+02, 3.000000000E+02, 1.176655108E+00, 2.350000000E+01, 2.350000000E+01, 1.862915775E+03
       985, 2.022250323E-03,-9.120758623E-03, 0.000000000E+00, 2.021152788E-03,-9.121069441E-03, 2.222222222E-03, 7.759447720E-08, 4.459227121E+02, 7.800026300E+02, 3.000000000E+02, 1.176655108E+00, 2.350000000E+01, 2.350000000E+01, 1.862915775E+03
       986, 1.230265945E-03,-9.343910962E-03, 0.000000000E+00, 1.229597558E-03,-9.344057649E-03, 2.222222222E-03, 6.962241819E-08, 4.463318569E+02, 7.785391001E+02, 3.000000000E+02, 1.176655108E+00, 2.350000000E+01, 2.350000000E+01, 1.862915775E+03
       987, 4.144594714E-04,-9.491918609E-03, 0.000000000E+00, 4.142351232E-04,-9.491977207E-03, 2.222222222E-03, 6.203616626E-08, 4.466954955E+02, 7.758462217E+02, 3.000000000E+02, 1.176655108E+00, 2.350000000E+01, 2.350000000E+01, 1.862915775E+03
       988,-4.175179929E-04,-9.562079795E-03, 0.000000000E+00,-4.172931244E-04,-9.562126525E-03, 2.222222222E-03, 5.489375659E-08, 4.470043798E+02, 7.710721965E+02, 3.000000000E+02, 1.176655108E+00, 2.350000000E+01, 2.350000000E+01, 1.862915775E+03
       989,-1.257705153E-03,-9.552661330E-03, 0.000000000E+00,-1.257032378E-03,-9.552776077E-03, 2.222222222E-03, 4.823734431E-08, 4.472494486E+02, 7.624737768E+02, 3.000000000E+02, 1.176655108E+00, 2.350000000E+01, 2.350000000E+01, 1.862915775E+03
       990,-2.097982448E-03,-9.462916292E-03, 0.000000000E+00,-2.096873611E-03,-9.463177721E-03, 2.222222222E-03, 4.209407758E-08, 4.474372719E+02, 7.477057803E+02, 3.000000000E+02, 1.176655108E+00, 2.350000000E+01, 2.350000000E+01, 1.862915775E+03
       991,-2.930205548E-03,-9.293035604E-03, 0.000000000E+00,-2.928696693E-03,-9.293517294E-03, 2.222222222E-03, 3.648167381E-08, 4.475749466E+02, 7.259204164E+02, 3.000000000E+02, 1.176655108E+00, 2.350000000E+01, 2.350000000E+01, 1.862915775E+03
       992,-3.746313509E-03,-9.044089355E-03, 0.000000000E+00,-3.744489280E-03,-9.044843724E-03, 2.222222222E-03, 3.141610722E-08, 4.476724384E+02, 6.973533661E+02, 3.000000000E+02, 1.176655108E+00, 2.350000000E+01, 2.350000000E+01, 1.862915775E+03
       993,-4.538414534E-03,-8.717979304E-03, 0.000000000E+00,-4.536446568E-03,-8.718998814E-03, 2.222222222E-03, 2.691927718E-08, 4.477509700E+02, 6.629164457E+02, 3.000000000E+02, 1.176655108E+00, 2.350000000E+01, 2.350000000E+01, 1.862915775E+03
       994,-5.298882723E-03,-8.317424916E-03, 0.000000000E+00,-5.297061842E-03,-8.318580797E-03, 2.222222222E-03, 2.302236529E-08, 4.478225638E+02, 6.248780057E+02, 3.000000000E+02, 1.176655108E+00, 2.350000000E+01, 2.350000000E+01, 1.862915775E+03
       995,-6.020510569E-03,-7.846000604E-03, 0.000000000E+00,-6.019216667E-03,-7.846994134E-03, 2.222222222E-03, 1.975672467E-08, 4.478934708E+02, 5.864690459E+02, 3.000000000E+02, 1.176655108E+00, 2.350000000E+01, 2.350000000E+01, 1.862915775E+03
       996,-6.696739700E-03,-7.308187429E-03, 0.000000000E+00,-6.696286816E-03,-7.308606081E-03, 2.222222222E-03, 1.712587239E-08, 4.479665525E+02, 5.509853169E+02, 3.000000000E+02, 1.176655108E+00, 2.350000000E+01, 2.350000000E+01, 1.862915775E+03
       997, 4.275366664E-03,-2.047651360E-04, 0.000000000E+00, 4.272471401E-03,-2.048662948E-04, 2.222222222E-03, 1.839603538E-07, 4.339895913E+02, 7.642635838E+02, 3.000000000E+02, 1.176655108E+00, 2.350000000E+01, 2.350000000E+01, 1.862915775E+03
       998, 4.833418876E-03,-6.373882061E-04, 0.000000000E+00, 4.841123833E-03,-6.377131642E-04, 2.222222222E-03, 2.868276260E-07, 4.347271429E+02, 7.657734709E+02, 3.000000000E+02, 1.176655108E+00, 2.350000000E+01, 2.350000000E+01, 1.862915775E+03
       999, 3.796665231E-03, 2.180992306E-04, 0.000000000E+00, 3.794562177E-03, 2.181433320E-04, 2.222222222E-03, 2.216762109E-07, 4.335258202E+02, 7.632527008E+02, 3.000000000E+02, 1.176655108E+00, 2.350000000E+01, 2.350000000E+01, 1.862915775E+03
      1000, 3.274802351E-03, 6.834039814E-04, 0.000000000E+00, 3.273520122E-03, 6.834418933E-04, 2.222222222E-03, 2.456874259E-07, 4.330958144E+02, 7.624930123E+02, 3.000000000E+02, 1.176655108E+00, 2.350000000E+01, 2.350000000E+01, 1.862915775E+03
      1001, 2.737848787E-03, 1.174206147E-03, 0.000000000E+00, 2.737174383E-03, 1.174186653E-03, 2.222222222E-03, 2.575505291E-07, 4.328054388E+02, 7.619452755E+02, 3.000000000E+02, 1.176655108E+00, 2.350000000E+01, 2.350000000E+01, 1.862915775E+03
      1002, 2.204178832E-03, 1.682076487E-03, 0.000000000E+00, 2.203868189E-03, 1.681957489E-03, 2.222222222E-03, 2.618642982E-07, 4.326570135E+02, 7.616358452E+02, 3.000000000E+02, 1.176655108E+00, 2.350000000E+01, 2.350000000E+01, 1.862915775E+03
      1003, 1.682076487E-03, 2.204179065E-03, 0.000000000E+00, 1.681957489E-03, 2.203868189E-03, 2.222222222E-03, 2.618642982E-07, 4.326570135E+02, 7.616358452E+02, 3.000000000E+02, 1.176655108E+00, 2.350000000E+01, 2.350000000E+01, 1.862915775E+03
      1004, 1.174206031E-03, 2.737848787E-03, 0.000000000E+00, 1.174186653E-03, 2.737174383E-03, 2.222222222E-03, 2.575505291E-07, 4.328054388E+02, 7.619452755E+02, 3.000000000E+02, 1.176655108E+00, 2.350000000E+01, 2.350000000E+01, 1.862915775E+03
      1005, 6.834039814E-04, 3.274802351E-03, 0.000000000E+00, 6.834418933E-04, 3.273520122E-03, 2.222222222E-03, 2.456874259E-07, 4.330958144E+02, 7.624930123E+02, 3.000000000E+02, 1.176655108E+00, 2.350000000E+01, 2.350000000E+01, 1.862915775E+03
      1006, 2.180992306E-04, 3.796665464E-03, 0.000000000E+00, 2.181433320E-04, 3.794562177E-03, 2.222222222E-03, 2.216762109E-07, 4.335258202E+02, 7.632527008E+02, 3.000000000E+02, 1.176655108E+00, 2.350000000E+01, 2.350000000E+01, 1.862915775E+03
      1007,-2.047651360E-04, 4.275366664E-03, 0.000000000E+00,-2.048662948E-04, 4.272471401E-03, 2.222222222E-03, 1.839603538E-07, 4.339895913E+02, 7.642635838E+02, 3.000000000E+02, 1.176655108E+00, 2.350000000E+01, 2.350000000E+01, 1.862915775E+03
      1008,-2.116095129E-04, 4.838621709E-03, 0.000000000E+00,-2.117270733E-04, 4.846523924E-03, 2.222222222E-03, 2.867215957E-07, 4.346859729E+02, 7.656998397E+02, 3.000000000E+02, 1.176655108E+00, 2.350000000E+01, 2.350000000E+01, 1.862915775E+03
      1009,-7.198520470E-04, 5.460786633E-03, 0.000000000E+00,-7.198586234E-04, 5.466069465E-03, 2.222222222E-03, 2.846403255E-07, 4.356687433E+02, 7.674612070E+02, 3.000000000E+02, 1.176655108E+00, 2.350000000E+01, 2.350000000E+01, 1.862915775E+03
      1010,-1.324309851E-03, 5.967447534E-03, 0.000000000E+00,-1.323946159E-03, 5.971075149E-03, 2.222222222E-03, 2.740225489E-07, 4.366752453E+02, 7.693347601E+02, 3.000000000E+02, 1.176655108E+00, 2.350000000E+01, 2.350000000E+01, 1.862915775E+03
      1011,-2.003514441E-03, 6.349063478E-03, 0.000000000E+00,-2.002680111E-03, 6.351689214E-03, 2.222222222E-03, 2.573048775E-07, 4.377250323E+02, 7.713011225E+02, 3.000000000E+02, 1.176655108E+00, 2.350000000E+01, 2.350000000E+01, 1.862915775E+03
      1012,-2.735357964E-03, 6.599328946E-03, 0.000000000E+00,-2.734082048E-03, 6.601409051E-03, 2.222222222E-03, 2.366592996E-07, 4.387832116E+02, 7.732508771E+02, 3.000000000E+02, 1.176655108E+00, 2.350000000E+01, 2.350000000E+01, 1.862915775E+03
      1013,-3.497205675E-03, 6.714582909E-03, 0.000000000E+00,-3.495657935E-03, 6.716409810E-03, 2.222222222E-03, 2.140466741E-07, 4.398107274E+02, 7.750643100E+02, 3.000000000E+02, 1.176655108E+00, 2.350000000E+01, 2.350000000E+01, 1.862915775E+03
      1014,-4.265938886E-03, 6.693707779E-03, 0.000000000E+00,-4.264447009E-03, 6.695381216E-03, 2.222222222E-03, 1.912762362E-07, 4.407710902E+02, 7.766714389E+02, 3.000000000E+02, 1.176655108E+00, 2.350000000E+01, 2.350000000E+01, 1.862915775E+03
      1015,-5.018629599E-03, 6.538999267E-03, 0.000000000E+00,-5.017624381E-03, 6.540369062E-03, 2.222222222E-03, 1.699759863E-07, 4.416344836E+02, 7.780151642E+02, 3.000000000E+02, 1.176655108E+00, 2.350000000E+01, 2.350000000E+01, 1.862915775E+03
      1016,-5.734719336E-03, 6.257935893E-03, 0.000000000E+00,-5.734534178E-03, 6.258646990E-03, 2.222222222E-03, 1.513748306E-07, 4.423856981E+02, 7.790528403E+02, 3.000000000E+02, 1.176655108E+00, 2.350000000E+01, 2.350000000E+01, 1.862915775E+03
      1017,-6.399376784E-03, 5.864277482E-03, 0.000000000E+00,-6.400014132E-03, 5.864025148E-03, 2.222222222E-03, 1.359683262E-07, 4.430210605E+02, 7.797932030E+02, 3.000000000E+02, 1.176655108E+00, 2.350000000E+01, 2.350000000E+01, 1.862915775E+03
      1018,-7.005430292E-03, 5.376172252E-03, 0.000000000E+00,-7.006571711E-03, 5.374991606E-03, 2.222222222E-03, 1.234049528E-07, 4.435698021E+02, 7.803183297E+02, 3.000000000E+02, 1.176655108E+00, 2.350000000E+01, 2.350000000E+01, 1.862915775E+03
      1019,-7.551528513E-03, 4.811650142E-03, 0.000000000E+00,-7.552779275E-03, 4.809889457E-03, 2.222222222E-03, 1.128205650E-07, 4.440655233E+02, 7.806790571E+02, 3.000000000E+02, 1.176655108E+00, 2.350000000E+01, 2.350000000E+01, 1.862915775E+03
      1020,-8.037978783E-03, 4.185003694E-03, 0.000000000E+00,-8.039071222E-03, 4.183073555E-03, 2.222222222E-03, 1.033569129E-07, 4.445400895E+02, 7.808927740E+02, 3.000000000E+02, 1.176655108E+00, 2.350000000E+01, 2.350000000E+01, 1.862915775E+03
      1021,-8.463771082E-03, 3.506340785E-03, 0.000000000E+00,-8.464592476E-03, 3.504544229E-03, 2.222222222E-03, 9.445987463E-08, 4.450104922E+02, 7.809284428E+02, 3.000000000E+02, 1.176655108E+00, 2.350000000E+01, 2.350000000E+01, 1.862915775E+03
      1022,-8.826018311E-03, 2.783199772E-03, 0.000000000E+00,-8.826561329E-03, 2.781710208E-03, 2.222222222E-03, 8.588761091E-08, 4.454777658E+02, 7.806989892E+02, 3.000000000E+02, 1.176655108E+00, 2.350000000E+01, 2.350000000E+01, 1.862915775E+03
      1023,-9.120757692E-03, 2.022250323E-03, 0.000000000E+00,-9.121069441E-03, 2.021152788E-03, 2.222222222E-03, 7.759447720E-08, 4.459227121E+02, 7.800026300E+02, 3.000000000E+02, 1.176655108E+00, 2.350000000E+01, 2.350000000E+01, 1.862915775E+03
      1024,-9.343910031E-03, 1.230266062E-03, 0.000000000E+00,-9.344057649E-03, 1.229597558E-03, 2.222222222E-03, 6.962241819E-08, 4.463318569E+02, 7.785391001E+02, 3.000000000E+02, 1.176655108E+00, 2.350000000E+01, 2.350000000E+01, 1.862915775E+03
      1025,-9.491918609E-03, 4.144594714E-04, 0.000000000E+00,-9.491977207E-03, 4.142351232E-04, 2.222222222E-03, 6.203616626E-08, 4.466954955E+02, 7.758462217E+02, 3.000000000E+02, 1.176655108E+00, 2.350000000E+01, 2.350000000E+01, 1.862915775E+03
      1026,-9.562079795E-03,-4.175179929E-04, 0.000000000E+00,-9.562126525E-03,-4.172931244E-04, 2.222222222E-03, 5.489375659E-08, 4.470043798E+02, 7.710721965E+02, 3.000000000E+02, 1.176655108E+00, 2.350000000E+01, 2.350000000E+01, 1.862915775E+03
      1027,-9.552661330E-03,-1.257705153E-03, 0.000000000E+00,-9.552776077E-03,-1.257032378E-03, 2.222222222E-03, 4.823734431E-08, 4.472494486E+02, 7.624737768E+02, 3.000000000E+02, 1.176655108E+00, 2.350000000E+01, 2.350000000E+01, 1.862915775E+03
      1028,-9.462916292E-03,-2.097982215E-03, 0.000000000E+00,-9.463177721E-03,-2.096873611E-03, 2.222222222E-03, 4.209407758E-08, 4.474372719E+02, 7.477057803E+02, 3.000000000E+02, 1.176655108E+00, 2.350000000E+01, 2.350000000E+01, 1.862915775E+03
      1029,-9.293035604E-03,-2.930205781E-03, 0.000000000E+00,-9.293517294E-03,-2.928696693E-03, 2.222222222E-03, 3.648167381E-08, 4.475749466E+02, 7.259204164E+02, 3.000000000E+02, 1.176655108E+00, 2.350000000E+01, 2.350000000E+01, 1.862915775E+03
      1030,-9.044089355E-03,-3.746313276E-03, 0.000000000E+00,-9.044843724E-03,-3.744489280E-03, 2.222222222E-03, 3.141610722E-08, 4.476724384E+02, 6.973533661E+02, 3.000000000E+02, 1.176655108E+00, 2.350000000E+01, 2.350000000E+01, 1.862915775E+03
      1031,-8.717979304E-03,-4.538414069E-03, 0.000000000E+00,-8.718998814E-03,-4.536446568E-03, 2.222222222E-03, 2.691927718E-08, 4.477509700E+02, 6.629164457E+02, 3.000000000E+02, 1.176655108E+00, 2.350000000E+01, 2.350000000E+01, 1.862915775E+03
      1032,-8.317424916E-03,-5.298882723E-03, 0.000000000E+00,-8.318580797E-03,-5.297061842E-03, 2.222222222E-03, 2.302236529E-08, 4.478225638E+02, 6.248780057E+02, 3.000000000E+02, 1.176655108E+00, 2.350000000E+01, 2.350000000E+01, 1.862915775E+03
      1033,-7.846001536E-03,-6.020510569E-03, 0.000000000E+00,-7.846994134E-03,-6.019216667E-03, 2.222222222E-03, 1.975672467E-08, 4.478934708E+02, 5.864690459E+02, 3.000000000E+02, 1.176655108E+00, 2.350000000E+01, 2.350000000E+01, 1.862915775E+03
      1034,-7.308187429E-03,-6.696739700E-03, 0.000000000E+00,-7.308606081E-03,-6.696286816E-03, 2.222222222E-03, 1.712587239E-08, 4.479665525E+02, 5.509853169E+02, 3.000000000E+02, 1.176655108E+00, 2.350000000E+01, 2.350000000E+01, 1.862915775E+03
      1035, 5.474742968E-03,-2.393397444E-04, 0.000000000E+00, 5.480133239E-03,-2.393478412E-04, 2.222222222E-03, 2.849584486E-07, 4.356268424E+02, 7.673814064E+02, 3.000000000E+02, 1.176655108E+00, 2.350000000E+01, 2.350000000E+01, 1.862915775E+03
      1036, 6.011850201E-03,-7.922861259E-04, 0.000000000E+00, 6.015573666E-03,-7.920877464E-04, 2.222222222E-03, 2.752488621E-07, 4.365926978E+02, 7.691704627E+02, 3.000000000E+02, 1.176655108E+00, 2.350000000E+01, 2.350000000E+01, 1.862915775E+03
      1037, 6.438191980E-03,-1.428502379E-03, 0.000000000E+00, 6.440843960E-03,-1.427922833E-03, 2.222222222E-03, 2.596774000E-07, 4.376062892E+02, 7.710649296E+02, 3.000000000E+02, 1.176655108E+00, 2.350000000E+01, 2.350000000E+01, 1.862915775E+03
      1038, 6.745535880E-03,-2.128314227E-03, 0.000000000E+00, 6.747554879E-03,-2.127289082E-03, 2.222222222E-03, 2.401177187E-07, 4.386377320E+02, 7.729829244E+02, 3.000000000E+02, 1.176655108E+00, 2.350000000E+01, 2.350000000E+01, 1.862915775E+03
      1039, 6.928571500E-03,-2.871505916E-03, 0.000000000E+00, 6.930278015E-03,-2.870075690E-03, 2.222222222E-03, 2.182402111E-07, 4.396565918E+02, 7.748097211E+02, 3.000000000E+02, 1.176655108E+00, 2.350000000E+01, 2.350000000E+01, 1.862915775E+03
      1040, 6.984385196E-03,-3.637428163E-03, 0.000000000E+00, 6.985983305E-03,-3.635761086E-03, 2.222222222E-03, 1.955620293E-07, 4.406262346E+02, 7.764497218E+02, 3.000000000E+02, 1.176655108E+00, 2.350000000E+01, 2.350000000E+01, 1.862915775E+03
      1041, 6.912378129E-03,-4.405048210E-03, 0.000000000E+00, 6.913905611E-03,-4.403463513E-03, 2.222222222E-03, 1.734964127E-07, 4.415216663E+02, 7.778594619E+02, 3.000000000E+02, 1.176655108E+00, 2.350000000E+01, 2.350000000E+01, 1.862915775E+03
      1042, 6.715016440E-03,-5.153555423E-03, 0.000000000E+00, 6.716285800E-03,-5.152473200E-03, 2.222222222E-03, 1.533190573E-07, 4.423249817E+02, 7.789879415E+02, 3.000000000E+02, 1.176655108E+00, 2.350000000E+01, 2.350000000E+01, 1.862915775E+03
      1043, 6.399376784E-03,-5.864277482E-03, 0.000000000E+00, 6.400014132E-03,-5.864025148E-03, 2.222222222E-03, 1.359683262E-07, 4.430210605E+02, 7.797932030E+02, 3.000000000E+02, 1.176655108E+00, 2.350000000E+01, 2.350000000E+01, 1.862915775E+03
      1044, 5.978077650E-03,-6.523613818E-03, 0.000000000E+00, 5.977775571E-03,-6.524197093E-03, 2.222222222E-03, 1.217492329E-07, 4.436159945E+02, 7.803284431E+02, 3.000000000E+02, 1.176655108E+00, 2.350000000E+01, 2.350000000E+01, 1.862915775E+03
      1045, 5.467611831E-03,-7.124718279E-03, 0.000000000E+00, 5.466400625E-03,-7.125819150E-03, 2.222222222E-03, 1.102404541E-07, 4.441326842E+02, 7.806503913E+02, 3.000000000E+02, 1.176655108E+00, 2.350000000E+01, 2.350000000E+01, 1.862915775E+03
      1046, 4.884386901E-03,-7.665866055E-03, 0.000000000E+00, 4.882607926E-03,-7.667087713E-03, 2.222222222E-03, 1.005980894E-07, 4.445978274E+02, 7.807881040E+02, 3.000000000E+02, 1.176655108E+00, 2.350000000E+01, 2.350000000E+01, 1.862915775E+03
      1047, 4.241572227E-03,-8.146823384E-03, 0.000000000E+00, 4.239630079E-03,-8.147892042E-03, 2.222222222E-03, 9.201463778E-08, 4.450420025E+02, 7.807350487E+02, 3.000000000E+02, 1.176655108E+00, 2.350000000E+01, 2.350000000E+01, 1.862915775E+03
      1048, 3.548717592E-03,-8.566249162E-03, 0.000000000E+00, 3.546912620E-03,-8.567050566E-03, 2.222222222E-03, 8.397527389E-08, 4.454804973E+02, 7.804223628E+02, 3.000000000E+02, 1.176655108E+00, 2.350000000E+01, 2.350000000E+01, 1.862915775E+03
      1049, 2.813170198E-03,-8.921229281E-03, 0.000000000E+00, 2.811674649E-03,-8.921754261E-03, 2.222222222E-03, 7.625507730E-08, 4.459120080E+02, 7.797080549E+02, 3.000000000E+02, 1.176655108E+00, 2.350000000E+01, 2.350000000E+01, 1.862915775E+03
      1050, 2.041555708E-03,-9.207978845E-03, 0.000000000E+00, 2.040454244E-03,-9.208273828E-03, 2.222222222E-03, 6.880868759E-08, 4.463165258E+02, 7.782809998E+02, 3.000000000E+02, 1.176655108E+00, 2.350000000E+01, 2.350000000E+01, 1.862915775E+03
      1051, 1.240620855E-03,-9.422686882E-03, 0.000000000E+00, 1.239950426E-03,-9.422820125E-03, 2.222222222E-03, 6.167010611E-08, 4.466827257E+02, 7.756604678E+02, 3.000000000E+02, 1.176655108E+00, 2.350000000E+01, 2.350000000E+01, 1.862915775E+03
      1052, 4.175179929E-04,-9.562079795E-03, 0.000000000E+00, 4.172931244E-04,-9.562126525E-03, 2.222222222E-03, 5.489375659E-08, 4.470043798E+02, 7.710721965E+02, 3.000000000E+02, 1.176655108E+00, 2.350000000E+01, 2.350000000E+01, 1.862915775E+03
      1053,-4.202044802E-04,-9.623706341E-03, 0.000000000E+00,-4.199792518E-04,-9.623745209E-03, 2.222222222E-03, 4.852802934E-08, 4.472702347E+02, 7.629158727E+02, 3.000000000E+02, 1.176655108E+00, 2.350000000E+01, 2.350000000E+01, 1.862915775E+03
      1054,-1.264722552E-03,-9.606048465E-03, 0.000000000E+00,-1.264048990E-03,-9.606157009E-03, 2.222222222E-03, 4.260723377E-08, 4.474789382E+02, 7.490458561E+02, 3.000000000E+02, 1.176655108E+00, 2.350000000E+01, 2.350000000E+01, 1.862915775E+03
      1055,-2.108076587E-03,-9.508522227E-03, 0.000000000E+00,-2.106966939E-03,-9.508779593E-03, 2.222222222E-03, 3.715253070E-08, 4.476371372E+02, 7.285390157E+02, 3.000000000E+02, 1.176655108E+00, 2.350000000E+01, 2.350000000E+01, 1.862915775E+03
      1056,-2.942296211E-03,-9.331446141E-03, 0.000000000E+00,-2.940786729E-03,-9.331925686E-03, 2.222222222E-03, 3.217698041E-08, 4.477474856E+02, 7.012952334E+02, 3.000000000E+02, 1.176655108E+00, 2.350000000E+01, 2.350000000E+01, 1.862915775E+03
      1057,-3.759503365E-03,-9.075986221E-03, 0.000000000E+00,-3.757679136E-03,-9.076740319E-03, 2.222222222E-03, 2.769238582E-08, 4.478202227E+02, 6.678568506E+02, 3.000000000E+02, 1.176655108E+00, 2.350000000E+01, 2.350000000E+01, 1.862915775E+03
      1058,-4.551999271E-03,-8.744117804E-03, 0.000000000E+00,-4.550031508E-03,-8.745137697E-03, 2.222222222E-03, 2.371605667E-08, 4.478774582E+02, 6.300056896E+02, 3.000000000E+02, 1.176655108E+00, 2.350000000E+01, 2.350000000E+01, 1.862915775E+03
      1059,-5.312359426E-03,-8.338609710E-03, 0.000000000E+00,-5.310539023E-03,-8.339766000E-03, 2.222222222E-03, 2.027373070E-08, 4.479313995E+02, 5.905466653E+02, 3.000000000E+02, 1.176655108E+00, 2.350000000E+01, 2.350000000E+01, 1.862915775E+03
      1060,-6.033582613E-03,-7.863054052E-03, 0.000000000E+00,-6.032288243E-03,-7.864046631E-03, 2.222222222E-03, 1.739149948E-08, 4.479873033E+02, 5.530301315E+02, 3.000000000E+02, 1.176655108E+00, 2.350000000E+01, 2.350000000E+01, 1.862915775E+03
      1061,-6.709291134E-03,-7.321889978E-03, 0.000000000E+00,-6.708837947E-03,-7.322308330E-03, 2.222222222E-03, 1.507112820E-08, 4.480502017E+02, 5.203706576E+02, 3.000000000E+02, 1.176655108E+00, 2.350000000E+01, 2.350000000E+01, 1.862915775E+03
      1062, 4.275366664E-03, 2.047651360E-04, 0.000000000E+00, 4.272471401E-03, 2.048662948E-04, 2.222222222E-03, 1.839603538E-07, 4.339895913E+02, 7.642635838E+02, 3.000000000E+02, 1.176655108E+00, 2.350000000E+01, 2.350000000E+01, 1.862915775E+03
      1063, 4.838621709E-03,-2.116095129E-04, 0.000000000E+00, 4.846523924E-03,-2.117270733E-04, 2.222222222E-03, 2.867215957E-07, 4.346859729E+02, 7.656998397E+02, 3.000000000E+02, 1.176655108E+00, 2.350000000E+01, 2.350000000E+01, 1.862915775E+03
      1064, 3.796212608E-03, 6.572443526E-04, 0.000000000E+00, 3.794136703E-03, 6.573658388E-04, 2.222222222E-03, 2.246174708E-07, 4.335744809E+02, 7.633275037E+02, 3.000000000E+02, 1.176655108E+00, 2.350000000E+01, 2.350000000E+01, 1.862915775E+03
      1065, 3.272738541E-03, 1.148613635E-03, 0.000000000E+00, 3.271485352E-03, 1.148645840E-03, 2.222222222E-03, 2.515124365E-07, 4.332017125E+02, 7.626526256E+02, 3.000000000E+02, 1.176655108E+00, 2.350000000E+01, 2.350000000E+01, 1.862915775E+03
      1066, 2.732213587E-03, 1.663127099E-03, 0.000000000E+00, 2.731558181E-03, 1.663030475E-03, 2.222222222E-03, 2.652288667E-07, 4.329749634E+02, 7.622037753E+02, 3.000000000E+02, 1.176655108E+00, 2.350000000E+01, 2.350000000E+01, 1.862915775E+03
      1067, 2.192705870E-03, 2.192705870E-03, 0.000000000E+00, 2.192408096E-03, 2.192408096E-03, 2.222222222E-03, 2.692344422E-07, 4.328965902E+02, 7.620237130E+02, 3.000000000E+02, 1.176655108E+00, 2.350000000E+01, 2.350000000E+01, 1.862915775E+03
      1068, 1.663127099E-03, 2.732213587E-03, 0.000000000E+00, 1.663030475E-03, 2.731558181E-03, 2.222222222E-03, 2.652288667E-07, 4.329749634E+02, 7.622037753E+02, 3.000000000E+02, 1.176655108E+00, 2.350000000E+01, 2.350000000E+01, 1.862915775E+03
      1069, 1.148613635E-03, 3.272738541E-03, 0.000000000E+00, 1.148645840E-03, 3.271485352E-03, 2.222222222E-03, 2.515124365E-07, 4.332017125E+02, 7.626526256E+02, 3.000000000E+02, 1.176655108E+00, 2.350000000E+01, 2.350000000E+01, 1.862915775E+03
      1070, 6.572442944E-04, 3.796212375E-03, 0.000000000E+00, 6.573658388E-04, 3.794136703E-03, 2.222222222E-03, 2.246174708E-07, 4.335744809E+02, 7.633275037E+02, 3.000000000E+02, 1.176655108E+00, 2.350000000E+01, 2.350000000E+01, 1.862915775E+03
      1071, 2.047651506E-04, 4.275366664E-03, 0.000000000E+00, 2.048662948E-04, 4.272471401E-03, 2.222222222E-03, 1.839603538E-07, 4.339895913E+02, 7.642635838E+02, 3.000000000E+02, 1.176655108E+00, 2.350000000E+01, 2.350000000E+01, 1.862915775E+03
      1072, 2.116095129E-04, 4.838621709E-03, 0.000000000E+00, 2.117270733E-04, 4.846523924E-03, 2.222222222E-03, 2.867215957E-07, 4.346859729E+02, 7.656998397E+02, 3.000000000E+02, 1.176655108E+00, 2.350000000E+01, 2.350000000E+01, 1.862915775E+03
      1073,-2.393397444E-04, 5.474742502E-03, 0.000000000E+00,-2.393478412E-04, 5.480133239E-03, 2.222222222E-03, 2.849584486E-07, 4.356268424E+02, 7.673814064E+02, 3.000000000E+02, 1.176655108E+00, 2.350000000E+01, 2.350000000E+01, 1.862915775E+03
      1074,-7.922861259E-04, 6.011850201E-03, 0.000000000E+00,-7.920877464E-04, 6.015573666E-03, 2.222222222E-03, 2.752488621E-07, 4.365926978E+02, 7.691704627E+02, 3.000000000E+02, 1.176655108E+00, 2.350000000E+01, 2.350000000E+01, 1.862915775E+03
      1075,-1.428502379E-03, 6.438191980E-03, 0.000000000E+00,-1.427922833E-03, 6.440843960E-03, 2.222222222E-03, 2.596774000E-07, 4.376062892E+02, 7.710649296E+02, 3.000000000E+02, 1.176655108E+00, 2.350000000E+01, 2.350000000E+01, 1.862915775E+03
      1076,-2.128314460E-03, 6.745536346E-03, 0.000000000E+00,-2.127289082E-03, 6.747554879E-03, 2.222222222E-03, 2.401177187E-07, 4.386377320E+02, 7.729829244E+02, 3.000000000E+02, 1.176655108E+00, 2.350000000E+01, 2.350000000E+01, 1.862915775E+03
      1077,-2.871506149E-03, 6.928571500E-03, 0.000000000E+00,-2.870075690E-03, 6.930278015E-03, 2.222222222E-03, 2.182402111E-07, 4.396565918E+02, 7.748097211E+02, 3.000000000E+02, 1.176655108E+00, 2.350000000E+01, 2.350000000E+01, 1.862915775E+03
      1078,-3.637428163E-03, 6.984385196E-03, 0.000000000E+00,-3.635761086E-03, 6.985983305E-03, 2.222222222E-03, 1.955620293E-07, 4.406262346E+02, 7.764497218E+02, 3.000000000E+02, 1.176655108E+00, 2.350000000E+01, 2.350000000E+01, 1.862915775E+03
      1079,-4.405048210E-03, 6.912378594E-03, 0.000000000E+00,-4.403463513E-03, 6.913905611E-03, 2.222222222E-03, 1.734964127E-07, 4.415216663E+02, 7.778594619E+02, 3.000000000E+02, 1.176655108E+00, 2.350000000E+01, 2.350000000E+01, 1.862915775E+03
      1080,-5.153555423E-03, 6.715016440E-03, 0.000000000E+00,-5.152473200E-03, 6.716285800E-03, 2.222222222E-03, 1.533190573E-07, 4.423249817E+02, 7.789879415E+02, 3.000000000E+02, 1.176655108E+00, 2.350000000E+01, 2.350000000E+01, 1.862915775E+03
      1081,-5.864277482E-03, 6.399376318E-03, 0.000000000E+00,-5.864025148E-03, 6.400014132E-03, 2.222222222E-03, 1.359683262E-07, 4.430210605E+02, 7.797932030E+02, 3.000000000E+02, 1.176655108E+00, 2.350000000E+01, 2.350000000E+01, 1.862915775E+03
      1082,-6.523613818E-03, 5.978077650E-03, 0.000000000E+00,-6.524197093E-03, 5.977775571E-03, 2.222222222E-03, 1.217492329E-07, 4.436159945E+02, 7.803284431E+02, 3.000000000E+02, 1.176655108E+00, 2.350000000E+01, 2.350000000E+01, 1.862915775E+03
      1083,-7.124718279E-03, 5.467611831E-03, 0.000000000E+00,-7.125819150E-03, 5.466400625E-03, 2.222222222E-03, 1.102404541E-07, 4.441326842E+02, 7.806503913E+02, 3.000000000E+02, 1.176655108E+00, 2.350000000E+01, 2.350000000E+01, 1.862915775E+03
      1084,-7.665866055E-03, 4.884386901E-03, 0.000000000E+00,-7.667087713E-03, 4.882607926E-03, 2.222222222E-03, 1.005980894E-07, 4.445978274E+02, 7.807881040E+02, 3.000000000E+02, 1.176655108E+00, 2.350000000E+01, 2.350000000E+01, 1.862915775E+03
      1085,-8.146822453E-03, 4.241572227E-03, 0.000000000E+00,-8.147892042E-03, 4.239630079E-03, 2.222222222E-03, 9.201463778E-08, 4.450420025E+02, 7.807350487E+02, 3.000000000E+02, 1.176655108E+00, 2.350000000E+01, 2.350000000E+01, 1.862915775E+03
      1086,-8.566250093E-03, 3.548717825E-03, 0.000000000E+00,-8.567050566E-03, 3.546912620E-03, 2.222222222E-03, 8.397527389E-08, 4.454804973E+02, 7.804223628E+02, 3.000000000E+02, 1.176655108E+00, 2.350000000E+01, 2.350000000E+01, 1.862915775E+03
      1087,-8.921230212E-03, 2.813170198E-03, 0.000000000E+00,-8.921754261E-03, 2.811674649E-03, 2.222222222E-03, 7.625507730E-08, 4.459120080E+02, 7.797080549E+02, 3.000000000E+02, 1.176655108E+00, 2.350000000E+01, 2.350000000E+01, 1.862915775E+03
      1088,-9.207978845E-03, 2.041555708E-03, 0.000000000E+00,-9.208273828E-03, 2.040454244E-03, 2.222222222E-03, 6.880868759E-08, 4.463165258E+02, 7.782809998E+02, 3.000000000E+02, 1.176655108E+00, 2.350000000E+01, 2.350000000E+01, 1.862915775E+03
      1089,-9.422686882E-03, 1.240620739E-03, 0.000000000E+00,-9.422820125E-03, 1.239950426E-03, 2.222222222E-03, 6.167010611E-08, 4.466827257E+02, 7.756604678E+02, 3.000000000E+02, 1.176655108E+00, 2.350000000E+01, 2.350000000E+01, 1.862915775E+03
      1090,-9.562079795E-03, 4.175179929E-04, 0.000000000E+00,-9.562126525E-03, 4.172931244E-04, 2.222222222E-03, 5.489375659E-08, 4.470043798E+02, 7.710721965E+02, 3.000000000E+02, 1.176655108E+00, 2.350000000E+01, 2.350000000E+01, 1.862915775E+03
      1091,-9.623706341E-03,-4.202044802E-04, 0.000000000E+00,-9.623745209E-03,-4.199792518E-04, 2.222222222E-03, 4.852802934E-08, 4.472702347E+02, 7.629158727E+02, 3.000000000E+02, 1.176655108E+00, 2.350000000E+01, 2.350000000E+01, 1.862915775E+03
      1092,-9.606049396E-03,-1.264722552E-03, 0.000000000E+00,-9.606157009E-03,-1.264048990E-03, 2.222222222E-03, 4.260723377E-08, 4.474789382E+02, 7.490458561E+02, 3.000000000E+02, 1.176655108E+00, 2.350000000E+01, 2.350000000E+01, 1.862915775E+03
      1093,-9.508522227E-03,-2.108076587E-03, 0.000000000E+00,-9.508779593E-03,-2.106966939E-03, 2.222222222E-03, 3.715253070E-08, 4.476371372E+02, 7.285390157E+02, 3.000000000E+02, 1.176655108E+00, 2.350000000E+01, 2.350000000E+01, 1.862915775E+03
      1094,-9.331446141E-03,-2.942296211E-03, 0.000000000E+00,-9.331925686E-03,-2.940786729E-03, 2.222222222E-03, 3.217698041E-08, 4.477474856E+02, 7.012952334E+02, 3.000000000E+02, 1.176655108E+00, 2.350000000E+01, 2.350000000E+01, 1.862915775E+03
      1095,-9.075986221E-03,-3.759503365E-03, 0.000000000E+00,-9.076740319E-03,-3.757679136E-03, 2.222222222E-03, 2.769238582E-08, 4.478202227E+02, 6.678568506E+02, 3.000000000E+02, 1.176655108E+00, 2.350000000E+01, 2.350000000E+01, 1.862915775E+03
      1096,-8.744117804E-03,-4.551998805E-03, 0.000000000E+00,-8.745137697E-03,-4.550031508E-03, 2.222222222E-03, 2.371605667E-08, 4.478774582E+02, 6.300056896E+02, 3.000000000E+02, 1.176655108E+00, 2.350000000E+01, 2.350000000E+01, 1.862915775E+03
      1097,-8.338609710E-03,-5.312359426E-03, 0.000000000E+00,-8.339766000E-03,-5.310539023E-03, 2.222222222E-03, 2.027373070E-08, 4.479313995E+02, 5.905466653E+02, 3.000000000E+02, 1.176655108E+00, 2.350000000E+01, 2.350000000E+01, 1.862915775E+03
      1098,-7.863054052E-03,-6.033582613E-03, 0.000000000E+00,-7.864046631E-03,-6.032288243E-03, 2.222222222E-03, 1.739149948E-08, 4.479873033E+02, 5.530301315E+02, 3.000000000E+02, 1.176655108E+00, 2.350000000E+01, 2.350000000E+01, 1.862915775E+03
      1099,-7.321889978E-03,-6.709291134E-03, 0.000000000E+00,-7.322308330E-03,-6.708837947E-03, 2.222222222E-03, 1.507112820E-08, 4.480502017E+02, 5.203706576E+02, 3.000000000E+02, 1.176655108E+00, 2.350000000E+01, 2.350000000E+01, 1.862915775E+03
      1100, 5.474742502E-03, 2.393397444E-04, 0.000000000E+00, 5.480133239E-03, 2.393478412E-04, 2.222222222E-03, 2.849584486E-07, 4.356268424E+02, 7.673814064E+02, 3.000000000E+02, 1.176655108E+00, 2.350000000E+01, 2.350000000E+01, 1.862915775E+03
      1101, 6.033494603E-03,-2.636972931E-04, 0.000000000E+00, 6.037270948E-03,-2.636350020E-04, 2.222222222E-03, 2.758455955E-07, 4.365514731E+02, 7.690880664E+02, 3.000000000E+02, 1.176655108E+00, 2.350000000E+01, 2.350000000E+01, 1.862915775E+03
      1102, 6.495890208E-03,-8.559104172E-04, 0.000000000E+00, 6.498570156E-03,-8.555748186E-04, 2.222222222E-03, 2.612360748E-07, 4.375266483E+02, 7.709017105E+02, 3.000000000E+02, 1.176655108E+00, 2.350000000E+01, 2.350000000E+01, 1.862915775E+03
      1103, 6.851681508E-03,-1.520022517E-03, 0.000000000E+00, 6.853661968E-03,-1.519294253E-03, 2.222222222E-03, 2.427401625E-07, 4.385254789E+02, 7.727610693E+02, 3.000000000E+02, 1.176655108E+00, 2.350000000E+01, 2.350000000E+01, 1.862915775E+03
      1104, 7.093787659E-03,-2.237935318E-03, 0.000000000E+00, 7.095380175E-03,-2.236776103E-03, 2.222222222E-03, 2.217979370E-07, 4.395231875E+02, 7.745749534E+02, 3.000000000E+02, 1.176655108E+00, 2.350000000E+01, 2.350000000E+01, 1.862915775E+03
      1105, 7.217769045E-03,-2.991095185E-03, 0.000000000E+00, 7.219210806E-03,-2.989554956E-03, 2.222222222E-03, 1.996934444E-07, 4.404880487E+02, 7.762367638E+02, 3.000000000E+02, 1.176655108E+00, 2.350000000E+01, 2.350000000E+01, 1.862915775E+03
      1106, 7.221373264E-03,-3.760595806E-03, 0.000000000E+00, 7.222807121E-03,-3.758843523E-03, 2.222222222E-03, 1.776009795E-07, 4.413924272E+02, 7.776789480E+02, 3.000000000E+02, 1.176655108E+00, 2.350000000E+01, 2.350000000E+01, 1.862915775E+03
      1107, 7.104452234E-03,-4.527238198E-03, 0.000000000E+00, 7.105874763E-03,-4.525586631E-03, 2.222222222E-03, 1.566261457E-07, 4.422221276E+02, 7.788695066E+02, 3.000000000E+02, 1.176655108E+00, 2.350000000E+01, 2.350000000E+01, 1.862915775E+03
      1108, 6.869625766E-03,-5.272070877E-03, 0.000000000E+00, 6.870821210E-03,-5.270932181E-03, 2.222222222E-03, 1.377704343E-07, 4.429681796E+02, 7.797551005E+02, 3.000000000E+02, 1.176655108E+00, 2.350000000E+01, 2.350000000E+01, 1.862915775E+03
      1109, 6.523613818E-03,-5.978077650E-03, 0.000000000E+00, 6.524197093E-03,-5.977775571E-03, 2.222222222E-03, 1.217492329E-07, 4.436159945E+02, 7.803284431E+02, 3.000000000E+02, 1.176655108E+00, 2.350000000E+01, 2.350000000E+01, 1.862915775E+03
      1110, 6.078036502E-03,-6.632740609E-03, 0.000000000E+00, 6.077697488E-03,-6.633283277E-03, 2.222222222E-03, 1.087299483E-07, 4.441729177E+02, 7.806286522E+02, 3.000000000E+02, 1.176655108E+00, 2.350000000E+01, 2.350000000E+01, 1.862915775E+03
      1111, 5.547930021E-03,-7.229497191E-03, 0.000000000E+00, 5.546696280E-03,-7.230568675E-03, 2.222222222E-03, 9.825565800E-08, 4.446536502E+02, 7.806937364E+02, 3.000000000E+02, 1.176655108E+00, 2.350000000E+01, 2.350000000E+01, 1.862915775E+03
      1112, 4.948277026E-03,-7.766297087E-03, 0.000000000E+00, 4.946484884E-03,-7.767497903E-03, 2.222222222E-03, 8.951963111E-08, 4.450854953E+02, 7.805374459E+02, 3.000000000E+02, 1.176655108E+00, 2.350000000E+01, 2.350000000E+01, 1.862915775E+03
      1113, 4.291260149E-03,-8.242429234E-03, 0.000000000E+00, 4.289309866E-03,-8.243481283E-03, 2.222222222E-03, 8.177119656E-08, 4.454969864E+02, 7.801155702E+02, 3.000000000E+02, 1.176655108E+00, 2.350000000E+01, 2.350000000E+01, 1.862915775E+03
      1114, 3.585940460E-03,-8.656264283E-03, 0.000000000E+00, 3.584129253E-03,-8.657050328E-03, 2.222222222E-03, 7.453646551E-08, 4.459005409E+02, 7.792956405E+02, 3.000000000E+02, 1.176655108E+00, 2.350000000E+01, 2.350000000E+01, 1.862915775E+03
      1115, 2.839495195E-03,-9.004861116E-03, 0.000000000E+00, 2.837995481E-03,-9.005371943E-03, 2.222222222E-03, 6.760823321E-08, 4.462936564E+02, 7.778427990E+02, 3.000000000E+02, 1.176655108E+00, 2.350000000E+01, 2.350000000E+01, 1.862915775E+03
      1116, 2.058512764E-03,-9.284591302E-03, 0.000000000E+00, 2.057408624E-03,-9.284874076E-03, 2.222222222E-03, 6.094259218E-08, 4.466589229E+02, 7.752657221E+02, 3.000000000E+02, 1.176655108E+00, 2.350000000E+01, 2.350000000E+01, 1.862915775E+03
      1117, 1.249716035E-03,-9.491882287E-03, 0.000000000E+00, 1.249044344E-03,-9.492004771E-03, 2.222222222E-03, 5.456721580E-08, 4.469866092E+02, 7.707872620E+02, 3.000000000E+02, 1.176655108E+00, 2.350000000E+01, 2.350000000E+01, 1.862915775E+03
      1118, 4.202044802E-04,-9.623706341E-03, 0.000000000E+00, 4.199792518E-04,-9.623745209E-03, 2.222222222E-03, 4.852802934E-08, 4.472702347E+02, 7.629158727E+02, 3.000000000E+02, 1.176655108E+00, 2.350000000E+01, 2.350000000E+01, 1.862915775E+03
      1119,-4.225642479E-04,-9.677839465E-03, 0.000000000E+00,-4.223387209E-04,-9.677870481E-03, 2.222222222E-03, 4.286554218E-08, 4.475016754E+02, 7.496728918E+02, 3.000000000E+02, 1.176655108E+00, 2.350000000E+01, 2.350000000E+01, 1.862915775E+03
      1120,-1.270886511E-03,-9.652942419E-03, 0.000000000E+00,-1.270212300E-03,-9.653046192E-03, 2.222222222E-03, 3.760779332E-08, 4.476817313E+02, 7.302243336E+02, 3.000000000E+02, 1.176655108E+00, 2.350000000E+01, 2.350000000E+01, 1.862915775E+03
      1121,-2.116943011E-03,-9.548581205E-03, 0.000000000E+00,-2.115832779E-03,-9.548835643E-03, 2.222222222E-03, 3.277129799E-08, 4.478133757E+02, 7.043020004E+02, 3.000000000E+02, 1.176655108E+00, 2.350000000E+01, 2.350000000E+01, 1.862915775E+03
      1122,-2.952916548E-03,-9.365185164E-03, 0.000000000E+00,-2.951406426E-03,-9.365663011E-03, 2.222222222E-03, 2.836559738E-08, 4.478990942E+02, 6.720922217E+02, 3.000000000E+02, 1.176655108E+00, 2.350000000E+01, 2.350000000E+01, 1.862915775E+03
      1123,-3.771089250E-03,-9.104004130E-03, 0.000000000E+00,-3.769264875E-03,-9.104757733E-03, 2.222222222E-03, 2.439933958E-08, 4.479502242E+02, 6.349669877E+02, 3.000000000E+02, 1.176655108E+00, 2.350000000E+01, 2.350000000E+01, 1.862915775E+03
      1124,-4.563931376E-03,-8.767077699E-03, 0.000000000E+00,-4.561964265E-03,-8.768097601E-03, 2.222222222E-03, 2.088624295E-08, 4.479889333E+02, 5.953489878E+02, 3.000000000E+02, 1.176655108E+00, 2.350000000E+01, 2.350000000E+01, 1.862915775E+03
      1125,-5.324197467E-03,-8.357217535E-03, 0.000000000E+00,-5.322377111E-03,-8.358374662E-03, 2.222222222E-03, 1.784764074E-08, 4.480276742E+02, 5.565353303E+02, 3.000000000E+02, 1.176655108E+00, 2.350000000E+01, 2.350000000E+01, 1.862915775E+03
      1126,-6.045063958E-03,-7.878032513E-03, 0.000000000E+00,-6.043770046E-03,-7.879025193E-03, 2.222222222E-03, 1.530533378E-08, 4.480721551E+02, 5.219717899E+02, 3.000000000E+02, 1.176655108E+00, 2.350000000E+01, 2.350000000E+01, 1.862915775E+03
      1127,-6.720316131E-03,-7.333926391E-03, 0.000000000E+00,-6.719862595E-03,-7.334344095E-03, 2.222222222E-03, 1.325985095E-08, 4.481282404E+02, 4.937637615E+02, 3.000000000E+02, 1.176655108E+00, 2.350000000E+01, 2.350000000E+01, 1.862915775E+03
      1128, 4.274853505E-03, 6.172420690E-04, 0.000000000E+00, 4.271997917E-03, 6.175297450E-04, 2.222222222E-03, 1.865377363E-07, 4.340325022E+02, 7.643359504E+02, 3.000000000E+02, 1.176655108E+00, 2.350000000E+01, 2.350000000E+01, 1.862915775E+03
      1129, 4.838621709E-03, 2.116095129E-04, 0.000000000E+00, 4.846523924E-03, 2.117270733E-04, 2.222222222E-03, 2.867215957E-07, 4.346859729E+02, 7.656998397E+02, 3.000000000E+02, 1.176655108E+00, 2.350000000E+01, 2.350000000E+01, 1.862915775E+03
      1130, 3.793831449E-03, 1.105014235E-03, 0.000000000E+00, 3.791803172E-03, 1.105177799E-03, 2.222222222E-03, 2.300598633E-07, 4.336733486E+02, 7.634799813E+02, 3.000000000E+02, 1.176655108E+00, 2.350000000E+01, 2.350000000E+01, 1.862915775E+03
      1131, 3.266078886E-03, 1.627297723E-03, 0.000000000E+00, 3.264859731E-03, 1.627266822E-03, 2.222222222E-03, 2.589988215E-07, 4.333655306E+02, 7.629012555E+02, 3.000000000E+02, 1.176655108E+00, 2.350000000E+01, 2.350000000E+01, 1.862915775E+03
      1132, 2.718190895E-03, 2.168342238E-03, 0.000000000E+00, 2.717556196E-03, 2.168071434E-03, 2.222222222E-03, 2.725732501E-07, 4.332101916E+02, 7.625698485E+02, 3.000000000E+02, 1.176655108E+00, 2.350000000E+01, 2.350000000E+01, 1.862915775E+03
      1133, 2.168342238E-03, 2.718190895E-03, 0.000000000E+00, 2.168071434E-03, 2.717556196E-03, 2.222222222E-03, 2.725732501E-07, 4.332101916E+02, 7.625698485E+02, 3.000000000E+02, 1.176655108E+00, 2.350000000E+01, 2.350000000E+01, 1.862915775E+03
      1134, 1.627297723E-03, 3.266078886E-03, 0.000000000E+00, 1.627266822E-03, 3.264859731E-03, 2.222222222E-03, 2.589988215E-07, 4.333655306E+02, 7.629012555E+02, 3.000000000E+02, 1.176655108E+00, 2.350000000E+01, 2.350000000E+01, 1.862915775E+03
      1135, 1.105014235E-03, 3.793831449E-03, 0.000000000E+00, 1.105177799E-03, 3.791803172E-03, 2.222222222E-03, 2.300598633E-07, 4.336733486E+02, 7.634799813E+02, 3.000000000E+02, 1.176655108E+00, 2.350000000E+01, 2.350000000E+01, 1.862915775E+03
      1136, 6.172421272E-04, 4.274853040E-03, 0.000000000E+00, 6.175297450E-04, 4.271997917E-03, 2.222222222E-03, 1.865377363E-07, 4.340325022E+02, 7.643359504E+02, 3.000000000E+02, 1.176655108E+00, 2.350000000E+01, 2.350000000E+01, 1.862915775E+03
      1137, 6.373882061E-04, 4.833418876E-03, 0.000000000E+00, 6.377131642E-04, 4.841123833E-03, 2.222222222E-03, 2.868276260E-07, 4.347271429E+02, 7.657734709E+02, 3.000000000E+02, 1.176655108E+00, 2.350000000E+01, 2.350000000E+01, 1.862915775E+03
      1138, 2.393397444E-04, 5.474742968E-03, 0.000000000E+00, 2.393478412E-04, 5.480133239E-03, 2.222222222E-03, 2.849584486E-07, 4.356268424E+02, 7.673814064E+02, 3.000000000E+02, 1.176655108E+00, 2.350000000E+01, 2.350000000E+01, 1.862915775E+03
      1139,-2.636972931E-04, 6.033494603E-03, 0.000000000E+00,-2.636350020E-04, 6.037270948E-03, 2.222222222E-03, 2.758455955E-07, 4.365514731E+02, 7.690880664E+02, 3.000000000E+02, 1.176655108E+00, 2.350000000E+01, 2.350000000E+01, 1.862915775E+03
      1140,-8.559104172E-04, 6.495890673E-03, 0.000000000E+00,-8.555748186E-04, 6.498570156E-03, 2.222222222E-03, 2.612360748E-07, 4.375266483E+02, 7.709017105E+02, 3.000000000E+02, 1.176655108E+00, 2.350000000E+01, 2.350000000E+01, 1.862915775E+03
      1141,-1.520022517E-03, 6.851681042E-03, 0.000000000E+00,-1.519294253E-03, 6.853661968E-03, 2.222222222E-03, 2.427401625E-07, 4.385254789E+02, 7.727610693E+02, 3.000000000E+02, 1.176655108E+00, 2.350000000E+01, 2.350000000E+01, 1.862915775E+03
      1142,-2.237935551E-03, 7.093787659E-03, 0.000000000E+00,-2.236776103E-03, 7.095380175E-03, 2.222222222E-03, 2.217979370E-07, 4.395231875E+02, 7.745749534E+02, 3.000000000E+02, 1.176655108E+00, 2.350000000E+01, 2.350000000E+01, 1.862915775E+03
      1143,-2.991095185E-03, 7.217769511E-03, 0.000000000E+00,-2.989554956E-03, 7.219210806E-03, 2.222222222E-03, 1.996934444E-07, 4.404880487E+02, 7.762367638E+02, 3.000000000E+02, 1.176655108E+00, 2.350000000E+01, 2.350000000E+01, 1.862915775E+03
      1144,-3.760595806E-03, 7.221373264E-03, 0.000000000E+00,-3.758843523E-03, 7.222807121E-03, 2.222222222E-03, 1.776009795E-07, 4.413924272E+02, 7.776789480E+02, 3.000000000E+02, 1.176655108E+00, 2.350000000E+01, 2.350000000E+01, 1.862915775E+03
      1145,-4.527238198E-03, 7.104452234E-03, 0.000000000E+00,-4.525586631E-03, 7.105874763E-03, 2.222222222E-03, 1.566261457E-07, 4.422221276E+02, 7.788695066E+02, 3.000000000E+02, 1.176655108E+00, 2.350000000E+01, 2.350000000E+01, 1.862915775E+03
      1146,-5.272071343E-03, 6.869626231E-03, 0.000000000E+00,-5.270932181E-03, 6.870821210E-03, 2.222222222E-03, 1.377704343E-07, 4.429681796E+02, 7.797551005E+02, 3.000000000E+02, 1.176655108E+00, 2.350000000E+01, 2.350000000E+01, 1.862915775E+03
      1147,-5.978077650E-03, 6.523613818E-03, 0.000000000E+00,-5.977775571E-03, 6.524197093E-03, 2.222222222E-03, 1.217492329E-07, 4.436159945E+02, 7.803284431E+02, 3.000000000E+02, 1.176655108E+00, 2.350000000E+01, 2.350000000E+01, 1.862915775E+03
      1148,-6.632740609E-03, 6.078036968E-03, 0.000000000E+00,-6.633283277E-03, 6.077697488E-03, 2.222222222E-03, 1.087299483E-07, 4.441729177E+02, 7.806286522E+02, 3.000000000E+02, 1.176655108E+00, 2.350000000E+01, 2.350000000E+01, 1.862915775E+03
      1149,-7.229497191E-03, 5.547930021E-03, 0.000000000E+00,-7.230568675E-03, 5.546696280E-03, 2.222222222E-03, 9.825565800E-08, 4.446536502E+02, 7.806937364E+02, 3.000000000E+02, 1.176655108E+00, 2.350000000E+01, 2.350000000E+01, 1.862915775E+03
      1150,-7.766297087E-03, 4.948277026E-03, 0.000000000E+00,-7.767497903E-03, 4.946484884E-03, 2.222222222E-03, 8.951963111E-08, 4.450854953E+02, 7.805374459E+02, 3.000000000E+02, 1.176655108E+00, 2.350000000E+01, 2.350000000E+01, 1.862915775E+03
      1151,-8.242428303E-03, 4.291260615E-03, 0.000000000E+00,-8.243481283E-03, 4.289309866E-03, 2.222222222E-03, 8.177119656E-08, 4.454969864E+02, 7.801155702E+02, 3.000000000E+02, 1.176655108E+00, 2.350000000E+01, 2.350000000E+01, 1.862915775E+03
      1152,-8.656264283E-03, 3.585940693E-03, 0.000000000E+00,-8.657050328E-03, 3.584129253E-03, 2.222222222E-03, 7.453646551E-08, 4.459005409E+02, 7.792956405E+02, 3.000000000E+02, 1.176655108E+00, 2.350000000E+01, 2.350000000E+01, 1.862915775E+03
      1153,-9.004861116E-03, 2.839495195E-03, 0.000000000E+00,-9.005371943E-03, 2.837995481E-03, 2.222222222E-03, 6.760823321E-08, 4.462936564E+02, 7.778427990E+02, 3.000000000E+02, 1.176655108E+00, 2.350000000E+01, 2.350000000E+01, 1.862915775E+03
      1154,-9.284591302E-03, 2.058512764E-03, 0.000000000E+00,-9.284874076E-03, 2.057408624E-03, 2.222222222E-03, 6.094259218E-08, 4.466589229E+02, 7.752657221E+02, 3.000000000E+02, 1.176655108E+00, 2.350000000E+01, 2.350000000E+01, 1.862915775E+03
      1155,-9.491882287E-03, 1.249716152E-03, 0.000000000E+00,-9.492004771E-03, 1.249044344E-03, 2.222222222E-03, 5.456721580E-08, 4.469866092E+02, 7.707872620E+02, 3.000000000E+02, 1.176655108E+00, 2.350000000E+01, 2.350000000E+01, 1.862915775E+03
      1156,-9.623706341E-03, 4.202044802E-04, 0.000000000E+00,-9.623745209E-03, 4.199792518E-04, 2.222222222E-03, 4.852802934E-08, 4.472702347E+02, 7.629158727E+02, 3.000000000E+02, 1.176655108E+00, 2.350000000E+01, 2.350000000E+01, 1.862915775E+03
      1157,-9.677838534E-03,-4.225642479E-04, 0.000000000E+00,-9.677870481E-03,-4.223387209E-04, 2.222222222E-03, 4.286554218E-08, 4.475016754E+02, 7.496728918E+02, 3.000000000E+02, 1.176655108E+00, 2.350000000E+01, 2.350000000E+01, 1.862915775E+03
      1158,-9.652942419E-03,-1.270886511E-03, 0.000000000E+00,-9.653046192E-03,-1.270212300E-03, 2.222222222E-03, 3.760779332E-08, 4.476817313E+02, 7.302243336E+02, 3.000000000E+02, 1.176655108E+00, 2.350000000E+01, 2.350000000E+01, 1.862915775E+03
      1159,-9.548581205E-03,-2.116943011E-03, 0.000000000E+00,-9.548835643E-03,-2.115832779E-03, 2.222222222E-03, 3.277129799E-08, 4.478133757E+02, 7.043020004E+02, 3.000000000E+02, 1.176655108E+00, 2.350000000E+01, 2.350000000E+01, 1.862915775E+03
      1160,-9.365184233E-03,-2.952916548E-03, 0.000000000E+00,-9.365663011E-03,-2.951406426E-03, 2.222222222E-03, 2.836559738E-08, 4.478990942E+02, 6.720922217E+02, 3.000000000E+02, 1.176655108E+00, 2.350000000E+01, 2.350000000E+01, 1.862915775E+03
      1161,-9.104004130E-03,-3.771089250E-03, 0.000000000E+00,-9.104757733E-03,-3.769264875E-03, 2.222222222E-03, 2.439933958E-08, 4.479502242E+02, 6.349669877E+02, 3.000000000E+02, 1.176655108E+00, 2.350000000E+01, 2.350000000E+01, 1.862915775E+03
      1162,-8.767077699E-03,-4.563931376E-03, 0.000000000E+00,-8.768097601E-03,-4.561964265E-03, 2.222222222E-03, 2.088624295E-08, 4.479889333E+02, 5.953489878E+02, 3.000000000E+02, 1.176655108E+00, 2.350000000E+01, 2.350000000E+01, 1.862915775E+03
      1163,-8.357218467E-03,-5.324197467E-03, 0.000000000E+00,-8.358374662E-03,-5.322377111E-03, 2.222222222E-03, 1.784764074E-08, 4.480276742E+02, 5.565353303E+02, 3.000000000E+02, 1.176655108E+00, 2.350000000E+01, 2.350000000E+01, 1.862915775E+03
      1164,-7.878031582E-03,-6.045063958E-03, 0.000000000E+00,-7.879025193E-03,-6.043770046E-03, 2.222222222E-03, 1.530533378E-08, 4.480721551E+02, 5.219717899E+02, 3.000000000E+02, 1.176655108E+00, 2.350000000E+01, 2.350000000E+01, 1.862915775E+03
      1165,-7.333926391E-03,-6.720316131E-03, 0.000000000E+00,-7.334344095E-03,-6.719862595E-03, 2.222222222E-03, 1.325985095E-08, 4.481282404E+02, 4.937637615E+02, 3.000000000E+02, 1.176655108E+00, 2.350000000E+01, 2.350000000E+01, 1.862915775E+03
      1166, 5.460786633E-03, 7.198520470E-04, 0.000000000E+00, 5.466069465E-03, 7.198586234E-04, 2.222222222E-03, 2.846403255E-07, 4.356687433E+02, 7.674612070E+02, 3.000000000E+02, 1.176655108E+00, 2.350000000E+01, 2.350000000E+01, 1.862915775E+03
      1167, 6.033494603E-03, 2.636972931E-04, 0.000000000E+00, 6.037270948E-03, 2.636350020E-04, 2.222222222E-03, 2.758455955E-07, 4.365514731E+02, 7.690880664E+02, 3.000000000E+02, 1.176655108E+00, 2.350000000E+01, 2.350000000E+01, 1.862915775E+03
      1168, 6.524288096E-03,-2.850923338E-04, 0.000000000E+00, 6.526984915E-03,-2.849829770E-04, 2.222222222E-03, 2.620050421E-07, 4.374868364E+02, 7.708193929E+02, 3.000000000E+02, 1.176655108E+00, 2.350000000E+01, 2.350000000E+01, 1.862915775E+03
      1169, 6.921058986E-03,-9.117962909E-04, 0.000000000E+00, 6.923020410E-03,-9.113663295E-04, 2.222222222E-03, 2.444807697E-07, 4.384500831E+02, 7.726045701E+02, 3.000000000E+02, 1.176655108E+00, 2.350000000E+01, 2.350000000E+01, 1.862915775E+03
      1170, 7.214880083E-03,-1.600411371E-03, 0.000000000E+00, 7.216388871E-03,-1.599578716E-03, 2.222222222E-03, 2.245168849E-07, 4.394195912E+02, 7.743754473E+02, 3.000000000E+02, 1.176655108E+00, 2.350000000E+01, 2.350000000E+01, 1.862915775E+03
      1171, 7.399682421E-03,-2.334223827E-03, 0.000000000E+00, 7.400971869E-03,-2.332969003E-03, 2.222222222E-03, 2.032196144E-07, 4.403689644E+02, 7.760407640E+02, 3.000000000E+02, 1.176655108E+00, 2.350000000E+01, 2.350000000E+01, 1.862915775E+03
      1172, 7.471793331E-03,-3.096139058E-03, 0.000000000E+00, 7.473044712E-03,-3.094520158E-03, 2.222222222E-03, 1.815754973E-07, 4.412705910E+02, 7.775092791E+02, 3.000000000E+02, 1.176655108E+00, 2.350000000E+01, 2.350000000E+01, 1.862915775E+03
      1173, 7.429537363E-03,-3.868783126E-03, 0.000000000E+00, 7.430853153E-03,-3.866969526E-03, 2.222222222E-03, 1.604938438E-07, 4.421082748E+02, 7.787338123E+02, 3.000000000E+02, 1.176655108E+00, 2.350000000E+01, 2.350000000E+01, 1.862915775E+03
      1174, 7.273165975E-03,-4.634566605E-03, 0.000000000E+00, 7.274511826E-03,-4.632866805E-03, 2.222222222E-03, 1.408410509E-07, 4.428773731E+02, 7.796812236E+02, 3.000000000E+02, 1.176655108E+00, 2.350000000E+01, 2.350000000E+01, 1.862915775E+03
      1175, 7.005430292E-03,-5.376172252E-03, 0.000000000E+00, 7.006571711E-03,-5.374991606E-03, 2.222222222E-03, 1.234049528E-07, 4.435698021E+02, 7.803183297E+02, 3.000000000E+02, 1.176655108E+00, 2.350000000E+01, 2.350000000E+01, 1.862915775E+03
      1176, 6.632740609E-03,-6.078036968E-03, 0.000000000E+00, 6.633283277E-03,-6.077697488E-03, 2.222222222E-03, 1.087299483E-07, 4.441729177E+02, 7.806286522E+02, 3.000000000E+02, 1.176655108E+00, 2.350000000E+01, 2.350000000E+01, 1.862915775E+03
      1177, 6.165838335E-03,-6.728594657E-03, 0.000000000E+00, 6.165471080E-03,-6.729106961E-03, 2.222222222E-03, 9.688553561E-08, 4.446876475E+02, 7.806324201E+02, 3.000000000E+02, 1.176655108E+00, 2.350000000E+01, 2.350000000E+01, 1.862915775E+03
      1178, 5.618479569E-03,-7.321532350E-03, 0.000000000E+00, 5.617229112E-03,-7.322582131E-03, 2.222222222E-03, 8.740336338E-08, 4.451299493E+02, 7.803591575E+02, 3.000000000E+02, 1.176655108E+00, 2.350000000E+01, 2.350000000E+01, 1.862915775E+03
      1179, 5.004396662E-03,-7.854512893E-03, 0.000000000E+00, 5.002594932E-03,-7.855699044E-03, 2.222222222E-03, 7.952430639E-08, 4.455262709E+02, 7.797940514E+02, 3.000000000E+02, 1.176655108E+00, 2.350000000E+01, 2.350000000E+01, 1.862915775E+03
      1180, 4.334905650E-03,-8.326405659E-03, 0.000000000E+00, 4.332948797E-03,-8.327447269E-03, 2.222222222E-03, 7.255706589E-08, 4.459020313E+02, 7.788305600E+02, 3.000000000E+02, 1.176655108E+00, 2.350000000E+01, 2.350000000E+01, 1.862915775E+03
      1181, 3.618635936E-03,-8.735330775E-03, 0.000000000E+00, 3.616820378E-03,-8.736106206E-03, 2.222222222E-03, 6.606866347E-08, 4.462686221E+02, 7.772321726E+02, 3.000000000E+02, 1.176655108E+00, 2.350000000E+01, 2.350000000E+01, 1.862915775E+03
      1182, 2.862618770E-03,-9.078320116E-03, 0.000000000E+00, 2.861115650E-03,-9.078821561E-03, 2.222222222E-03, 5.986965780E-08, 4.466253935E+02, 7.746139164E+02, 3.000000000E+02, 1.176655108E+00, 2.350000000E+01, 2.350000000E+01, 1.862915775E+03
      1183, 2.073407406E-03,-9.351886809E-03, 0.000000000E+00, 2.072301275E-03,-9.352159390E-03, 2.222222222E-03, 5.391834610E-08, 4.469552778E+02, 7.701855795E+02, 3.000000000E+02, 1.176655108E+00, 2.350000000E+01, 2.350000000E+01, 1.862915775E+03
      1184, 1.257705153E-03,-9.552661330E-03, 0.000000000E+00, 1.257032378E-03,-9.552776077E-03, 2.222222222E-03, 4.823734431E-08, 4.472494486E+02, 7.624737768E+02, 3.000000000E+02, 1.176655108E+00, 2.350000000E+01, 2.350000000E+01, 1.862915775E+03
      1185, 4.225642479E-04,-9.677838534E-03, 0.000000000E+00, 4.223387209E-04,-9.677870481E-03, 2.222222222E-03, 4.286554218E-08, 4.475016754E+02, 7.496728918E+02, 3.000000000E+02, 1.176655108E+00, 2.350000000E+01, 2.350000000E+01, 1.862915775E+03
      1186,-4.246369936E-04,-9.725387208E-03, 0.000000000E+00,-4.244112511E-04,-9.725413492E-03, 2.222222222E-03, 3.783698257E-08, 4.477060493E+02, 7.310150528E+02, 3.000000000E+02, 1.176655108E+00, 2.350000000E+01, 2.350000000E+01, 1.862915775E+03
      1187,-1.276300754E-03,-9.694132954E-03, 0.000000000E+00,-1.275626067E-03,-9.694233011E-03, 2.222222222E-03, 3.317467590E-08, 4.478604538E+02, 7.062696992E+02, 3.000000000E+02, 1.176655108E+00, 2.350000000E+01, 2.350000000E+01, 1.862915775E+03
      1188,-2.124731196E-03,-9.583767503E-03, 0.000000000E+00,-2.123620395E-03,-9.584020259E-03, 2.222222222E-03, 2.889153014E-08, 4.479680034E+02, 6.753466128E+02, 3.000000000E+02, 1.176655108E+00, 2.350000000E+01, 2.350000000E+01, 1.862915775E+03
      1189,-2.962244907E-03,-9.394819848E-03, 0.000000000E+00,-2.960734586E-03,-9.395297302E-03, 2.222222222E-03, 2.499443653E-08, 4.480322291E+02, 6.392447265E+02, 3.000000000E+02, 1.176655108E+00, 2.350000000E+01, 2.350000000E+01, 1.862915775E+03
      1190,-3.781266045E-03,-9.128613397E-03, 0.000000000E+00,-3.779441575E-03,-9.129367712E-03, 2.222222222E-03, 2.148966479E-08, 4.480645621E+02, 6.000262647E+02, 3.000000000E+02, 1.176655108E+00, 2.350000000E+01, 2.350000000E+01, 1.862915775E+03
      1191,-4.574412946E-03,-8.787244558E-03, 0.000000000E+00,-4.572445764E-03,-8.788265129E-03, 2.222222222E-03, 1.838811820E-08, 4.480881588E+02, 5.606966493E+02, 3.000000000E+02, 1.176655108E+00, 2.350000000E+01, 2.350000000E+01, 1.862915775E+03
      1192,-5.334595218E-03,-8.373562247E-03, 0.000000000E+00,-5.332775445E-03,-8.374720128E-03, 2.222222222E-03, 1.570755233E-08, 4.481144416E+02, 5.247297418E+02, 3.000000000E+02, 1.176655108E+00, 2.350000000E+01, 2.350000000E+01, 1.862915775E+03
      1193,-6.055149715E-03,-7.891189307E-03, 0.000000000E+00,-6.053855419E-03,-7.892182044E-03, 2.222222222E-03, 1.346625437E-08, 4.481511966E+02, 4.948828940E+02, 3.000000000E+02, 1.176655108E+00, 2.350000000E+01, 2.350000000E+01, 1.862915775E+03
      1194,-6.730000023E-03,-7.344498299E-03, 0.000000000E+00,-6.729546406E-03,-7.344916051E-03, 2.222222222E-03, 1.166390068E-08, 4.481976940E+02, 4.724293402E+02, 3.000000000E+02, 1.176655108E+00, 2.350000000E+01, 2.350000000E+01, 1.862915775E+03
      1195, 4.272154532E-03, 1.038343762E-03, 0.000000000E+00, 4.269366528E-03, 1.038768335E-03, 2.222222222E-03, 1.911975403E-07, 4.341191243E+02, 7.644824155E+02, 3.000000000E+02, 1.176655108E+00, 2.350000000E+01, 2.350000000E+01, 1.862915775E+03
      1196, 4.833418410E-03, 6.373882061E-04, 0.000000000E+00, 4.841123833E-03, 6.377131642E-04, 2.222222222E-03, 2.868276260E-07, 4.347271429E+02, 7.657734709E+02, 3.000000000E+02, 1.176655108E+00, 2.350000000E+01, 2.350000000E+01, 1.862915775E+03
      1197, 3.786147106E-03, 1.566258492E-03, 0.000000000E+00, 3.784172611E-03, 1.566395273E-03, 2.222222222E-03, 2.368408095E-07, 4.338252505E+02, 7.637153473E+02, 3.000000000E+02, 1.176655108E+00, 2.350000000E+01, 2.350000000E+01, 1.862915775E+03
      1198, 3.249506233E-03, 2.122275997E-03, 0.000000000E+00, 3.248319063E-03, 2.122078408E-03, 2.222222222E-03, 2.658579936E-07, 4.335913544E+02, 7.632478534E+02, 3.000000000E+02, 1.176655108E+00, 2.350000000E+01, 2.350000000E+01, 1.862915775E+03
      1199, 2.688413253E-03, 2.688413486E-03, 0.000000000E+00, 2.687808566E-03, 2.687808566E-03, 2.222222222E-03, 2.755347535E-07, 4.335155401E+02, 7.630624912E+02, 3.000000000E+02, 1.176655108E+00, 2.350000000E+01, 2.350000000E+01, 1.862915775E+03
      1200, 2.122275997E-03, 3.249506233E-03, 0.000000000E+00, 2.122078408E-03, 3.248319063E-03, 2.222222222E-03, 2.658579936E-07, 4.335913544E+02, 7.632478534E+02, 3.000000000E+02, 1.176655108E+00, 2.350000000E+01, 2.350000000E+01, 1.862915775E+03
      1201, 1.566258608E-03, 3.786147106E-03, 0.000000000E+00, 1.566395273E-03, 3.784172611E-03, 2.222222222E-03, 2.368408095E-07, 4.338252505E+02, 7.637153473E+02, 3.000000000E+02, 1.176655108E+00, 2.350000000E+01, 2.350000000E+01, 1.862915775E+03
      1202, 1.038343762E-03, 4.272154998E-03, 0.000000000E+00, 1.038768335E-03, 4.269366528E-03, 2.222222222E-03, 1.911975403E-07, 4.341191243E+02, 7.644824155E+02, 3.000000000E+02, 1.176655108E+00, 2.350000000E+01, 2.350000000E+01, 1.862915775E+03
      1203, 1.070645638E-03, 4.821386654E-03, 0.000000000E+00, 1.071102392E-03, 4.828721663E-03, 2.222222222E-03, 2.869679761E-07, 4.348099876E+02, 7.659217612E+02, 3.000000000E+02, 1.176655108E+00, 2.350000000E+01, 2.350000000E+01, 1.862915775E+03
      1204, 7.198520470E-04, 5.460786633E-03, 0.000000000E+00, 7.198586234E-04, 5.466069465E-03, 2.222222222E-03, 2.846403255E-07, 4.356687433E+02, 7.674612070E+02, 3.000000000E+02, 1.176655108E+00, 2.350000000E+01, 2.350000000E+01, 1.862915775E+03
      1205, 2.636972931E-04, 6.033494603E-03, 0.000000000E+00, 2.636350020E-04, 6.037270948E-03, 2.222222222E-03, 2.758455955E-07, 4.365514731E+02, 7.690880664E+02, 3.000000000E+02, 1.176655108E+00, 2.350000000E+01, 2.350000000E+01, 1.862915775E+03
      1206,-2.850923338E-04, 6.524288096E-03, 0.000000000E+00,-2.849829770E-04, 6.526984915E-03, 2.222222222E-03, 2.620050421E-07, 4.374868364E+02, 7.708193929E+02, 3.000000000E+02, 1.176655108E+00, 2.350000000E+01, 2.350000000E+01, 1.862915775E+03
      1207,-9.117963491E-04, 6.921058521E-03, 0.000000000E+00,-9.113663295E-04, 6.923020410E-03, 2.222222222E-03, 2.444807697E-07, 4.384500831E+02, 7.726045701E+02, 3.000000000E+02, 1.176655108E+00, 2.350000000E+01, 2.350000000E+01, 1.862915775E+03
      1208,-1.600411371E-03, 7.214880083E-03, 0.000000000E+00,-1.599578716E-03, 7.216388871E-03, 2.222222222E-03, 2.245168849E-07, 4.394195912E+02, 7.743754473E+02, 3.000000000E+02, 1.176655108E+00, 2.350000000E+01, 2.350000000E+01, 1.862915775E+03
      1209,-2.334223827E-03, 7.399682421E-03, 0.000000000E+00,-2.332969003E-03, 7.400971869E-03, 2.222222222E-03, 2.032196144E-07, 4.403689644E+02, 7.760407640E+02, 3.000000000E+02, 1.176655108E+00, 2.350000000E+01, 2.350000000E+01, 1.862915775E+03
      1210,-3.096138826E-03, 7.471793331E-03, 0.000000000E+00,-3.094520158E-03, 7.473044712E-03, 2.222222222E-03, 1.815754973E-07, 4.412705910E+02, 7.775092791E+02, 3.000000000E+02, 1.176655108E+00, 2.350000000E+01, 2.350000000E+01, 1.862915775E+03
      1211,-3.868783126E-03, 7.429537363E-03, 0.000000000E+00,-3.866969526E-03, 7.430853153E-03, 2.222222222E-03, 1.604938438E-07, 4.421082748E+02, 7.787338123E+02, 3.000000000E+02, 1.176655108E+00, 2.350000000E+01, 2.350000000E+01, 1.862915775E+03
      1212,-4.634567071E-03, 7.273165509E-03, 0.000000000E+00,-4.632866805E-03, 7.274511826E-03, 2.222222222E-03, 1.408410509E-07, 4.428773731E+02, 7.796812236E+02, 3.000000000E+02, 1.176655108E+00, 2.350000000E+01, 2.350000000E+01, 1.862915775E+03
      1213,-5.376172252E-03, 7.005430758E-03, 0.000000000E+00,-5.374991606E-03, 7.006571711E-03, 2.222222222E-03, 1.234049528E-07, 4.435698021E+02, 7.803183297E+02, 3.000000000E+02, 1.176655108E+00, 2.350000000E+01, 2.350000000E+01, 1.862915775E+03
      1214,-6.078036502E-03, 6.632740609E-03, 0.000000000E+00,-6.077697488E-03, 6.633283277E-03, 2.222222222E-03, 1.087299483E-07, 4.441729177E+02, 7.806286522E+02, 3.000000000E+02, 1.176655108E+00, 2.350000000E+01, 2.350000000E+01, 1.862915775E+03
      1215,-6.728594657E-03, 6.165838335E-03, 0.000000000E+00,-6.729106961E-03, 6.165471080E-03, 2.222222222E-03, 9.688553561E-08, 4.446876475E+02, 7.806324201E+02, 3.000000000E+02, 1.176655108E+00, 2.350000000E+01, 2.350000000E+01, 1.862915775E+03
      1216,-7.321532350E-03, 5.618479569E-03, 0.000000000E+00,-7.322582131E-03, 5.617229112E-03, 2.222222222E-03, 8.740336338E-08, 4.451299493E+02, 7.803591575E+02, 3.000000000E+02, 1.176655108E+00, 2.350000000E+01, 2.350000000E+01, 1.862915775E+03
      1217,-7.854512893E-03, 5.004396662E-03, 0.000000000E+00,-7.855699044E-03, 5.002594932E-03, 2.222222222E-03, 7.952430639E-08, 4.455262709E+02, 7.797940514E+02, 3.000000000E+02, 1.176655108E+00, 2.350000000E+01, 2.350000000E+01, 1.862915775E+03
      1218,-8.326406591E-03, 4.334905185E-03, 0.000000000E+00,-8.327447269E-03, 4.332948797E-03, 2.222222222E-03, 7.255706589E-08, 4.459020313E+02, 7.788305600E+02, 3.000000000E+02, 1.176655108E+00, 2.350000000E+01, 2.350000000E+01, 1.862915775E+03
      1219,-8.735330775E-03, 3.618635936E-03, 0.000000000E+00,-8.736106206E-03, 3.616820378E-03, 2.222222222E-03, 6.606866347E-08, 4.462686221E+02, 7.772321726E+02, 3.000000000E+02, 1.176655108E+00, 2.350000000E+01, 2.350000000E+01, 1.862915775E+03
      1220,-9.078320116E-03, 2.862618538E-03, 0.000000000E+00,-9.078821561E-03, 2.861115650E-03, 2.222222222E-03, 5.986965780E-08, 4.466253935E+02, 7.746139164E+02, 3.000000000E+02, 1.176655108E+00, 2.350000000E+01, 2.350000000E+01, 1.862915775E+03
      1221,-9.351885878E-03, 2.073407406E-03, 0.000000000E+00,-9.352159390E-03, 2.072301275E-03, 2.222222222E-03, 5.391834610E-08, 4.469552778E+02, 7.701855795E+02, 3.000000000E+02, 1.176655108E+00, 2.350000000E+01, 2.350000000E+01, 1.862915775E+03
      1222,-9.552661330E-03, 1.257705153E-03, 0.000000000E+00,-9.552776077E-03, 1.257032378E-03, 2.222222222E-03, 4.823734431E-08, 4.472494486E+02, 7.624737768E+02, 3.000000000E+02, 1.176655108E+00, 2.350000000E+01, 2.350000000E+01, 1.862915775E+03
      1223,-9.677839465E-03, 4.225642479E-04, 0.000000000E+00,-9.677870481E-03, 4.223387209E-04, 2.222222222E-03, 4.286554218E-08, 4.475016754E+02, 7.496728918E+02, 3.000000000E+02, 1.176655108E+00, 2.350000000E+01, 2.350000000E+01, 1.862915775E+03
      1224,-9.725387208E-03,-4.246369936E-04, 0.000000000E+00,-9.725413492E-03,-4.244112511E-04, 2.222222222E-03, 3.783698257E-08, 4.477060493E+02, 7.310150528E+02, 3.000000000E+02, 1.176655108E+00, 2.350000000E+01, 2.350000000E+01, 1.862915775E+03
      1225,-9.694132954E-03,-1.276300754E-03, 0.000000000E+00,-9.694233011E-03,-1.275626067E-03, 2.222222222E-03, 3.317467590E-08, 4.478604538E+02, 7.062696992E+02, 3.000000000E+02, 1.176655108E+00, 2.350000000E+01, 2.350000000E+01, 1.862915775E+03
      1226,-9.583768435E-03,-2.124731196E-03, 0.000000000E+00,-9.584020259E-03,-2.123620395E-03, 2.222222222E-03, 2.889153014E-08, 4.479680034E+02, 6.753466128E+02, 3.000000000E+02, 1.176655108E+00, 2.350000000E+01, 2.350000000E+01, 1.862915775E+03
      1227,-9.394819848E-03,-2.962244907E-03, 0.000000000E+00,-9.395297302E-03,-2.960734586E-03, 2.222222222E-03, 2.499443653E-08, 4.480322291E+02, 6.392447265E+02, 3.000000000E+02, 1.176655108E+00, 2.350000000E+01, 2.350000000E+01, 1.862915775E+03
      1228,-9.128613397E-03,-3.781266045E-03, 0.000000000E+00,-9.129367712E-03,-3.779441575E-03, 2.222222222E-03, 2.148966479E-08, 4.480645621E+02, 6.000262647E+02, 3.000000000E+02, 1.176655108E+00, 2.350000000E+01, 2.350000000E+01, 1.862915775E+03
      1229,-8.787244558E-03,-4.574412946E-03, 0.000000000E+00,-8.788265129E-03,-4.572445764E-03, 2.222222222E-03, 1.838811820E-08, 4.480881588E+02, 5.606966493E+02, 3.000000000E+02, 1.176655108E+00, 2.350000000E+01, 2.350000000E+01, 1.862915775E+03
      1230,-8.373563178E-03,-5.334595218E-03, 0.000000000E+00,-8.374720128E-03,-5.332775445E-03, 2.222222222E-03, 1.570755233E-08, 4.481144416E+02, 5.247297418E+02, 3.000000000E+02, 1.176655108E+00, 2.350000000E+01, 2.350000000E+01, 1.862915775E+03
      1231,-7.891189307E-03,-6.055149715E-03, 0.000000000E+00,-7.892182044E-03,-6.053855419E-03, 2.222222222E-03, 1.346625437E-08, 4.481511966E+02, 4.948828940E+02, 3.000000000E+02, 1.176655108E+00, 2.350000000E+01, 2.350000000E+01, 1.862915775E+03
      1232,-7.344498765E-03,-6.730000023E-03, 0.000000000E+00,-7.344916051E-03,-6.729546406E-03, 2.222222222E-03, 1.166390068E-08, 4.481976940E+02, 4.724293402E+02, 3.000000000E+02, 1.176655108E+00, 2.350000000E+01, 2.350000000E+01, 1.862915775E+03
      1233, 5.431521218E-03, 1.205690205E-03, 0.000000000E+00, 5.436603538E-03, 1.205648437E-03, 2.222222222E-03, 2.839547163E-07, 4.357527543E+02, 7.676210565E+02, 3.000000000E+02, 1.176655108E+00, 2.350000000E+01, 2.350000000E+01, 1.862915775E+03
      1234, 6.011850201E-03, 7.922861259E-04, 0.000000000E+00, 6.015573666E-03, 7.920877464E-04, 2.222222222E-03, 2.752488621E-07, 4.365926978E+02, 7.691704627E+02, 3.000000000E+02, 1.176655108E+00, 2.350000000E+01, 2.350000000E+01, 1.862915775E+03
      1235, 6.524288096E-03, 2.850923338E-04, 0.000000000E+00, 6.526984915E-03, 2.849829770E-04, 2.222222222E-03, 2.620050421E-07, 4.374868364E+02, 7.708193929E+02, 3.000000000E+02, 1.176655108E+00, 2.350000000E+01, 2.350000000E+01, 1.862915775E+03
      1236, 6.955388468E-03,-3.038851719E-04, 0.000000000E+00, 6.957342680E-03,-3.037434523E-04, 2.222222222E-03, 2.453450934E-07, 4.384123288E+02, 7.725250842E+02, 3.000000000E+02, 1.176655108E+00, 2.350000000E+01, 2.350000000E+01, 1.862915775E+03
      1237, 7.294516545E-03,-9.608850814E-04, 0.000000000E+00, 7.295972874E-03,-9.603887563E-04, 2.222222222E-03, 2.263324229E-07, 4.393499320E+02, 7.742310876E+02, 3.000000000E+02, 1.176655108E+00, 2.350000000E+01, 2.350000000E+01, 1.862915775E+03
      1238, 7.533904165E-03,-1.671022968E-03, 0.000000000E+00, 7.535076791E-03,-1.670115774E-03, 2.222222222E-03, 2.059284136E-07, 4.402757444E+02, 7.758696337E+02, 3.000000000E+02, 1.176655108E+00, 2.350000000E+01, 2.350000000E+01, 1.862915775E+03
      1239, 7.668372709E-03,-2.418801188E-03, 0.000000000E+00, 7.669443886E-03,-2.417477524E-03, 2.222222222E-03, 1.849823023E-07, 4.411669628E+02, 7.773552302E+02, 3.000000000E+02, 1.176655108E+00, 2.350000000E+01, 2.350000000E+01, 1.862915775E+03
      1240, 7.694921922E-03,-3.188406816E-03, 0.000000000E+00, 7.696035611E-03,-3.186731184E-03, 2.222222222E-03, 1.642515946E-07, 4.420023982E+02, 7.786092915E+02, 3.000000000E+02, 1.176655108E+00, 2.350000000E+01, 2.350000000E+01, 1.862915775E+03
      1241, 7.612383459E-03,-3.963812254E-03, 0.000000000E+00, 7.613613906E-03,-3.961954225E-03, 2.222222222E-03, 1.444407533E-07, 4.427764545E+02, 7.795939865E+02, 3.000000000E+02, 1.176655108E+00, 2.350000000E+01, 2.350000000E+01, 1.862915775E+03
      1242, 7.421359420E-03,-4.728841595E-03, 0.000000000E+00, 7.422650002E-03,-4.727106404E-03, 2.222222222E-03, 1.262299907E-07, 4.434912620E+02, 7.802926488E+02, 3.000000000E+02, 1.176655108E+00, 2.350000000E+01, 2.350000000E+01, 1.862915775E+03
      1243, 7.124718279E-03,-5.467611831E-03, 0.000000000E+00, 7.125819150E-03,-5.466400625E-03, 2.222222222E-03, 1.102404541E-07, 4.441326842E+02, 7.806503913E+02, 3.000000000E+02, 1.176655108E+00, 2.350000000E+01, 2.350000000E+01, 1.862915775E+03
      1244, 6.728594657E-03,-6.165838335E-03, 0.000000000E+00, 6.729106961E-03,-6.165471080E-03, 2.222222222E-03, 9.688553561E-08, 4.446876475E+02, 7.806324201E+02, 3.000000000E+02, 1.176655108E+00, 2.350000000E+01, 2.350000000E+01, 1.862915775E+03
      1245, 6.242961157E-03,-6.812790874E-03, 0.000000000E+00, 6.242572658E-03,-6.813279854E-03, 2.222222222E-03, 8.616644993E-08, 4.451575047E+02, 7.802461935E+02, 3.000000000E+02, 1.176655108E+00, 2.350000000E+01, 2.350000000E+01, 1.862915775E+03
      1246, 5.680448376E-03,-7.402373478E-03, 0.000000000E+00, 5.679185712E-03,-7.403407481E-03, 2.222222222E-03, 7.762011376E-08, 4.455591002E+02, 7.795013240E+02, 3.000000000E+02, 1.176655108E+00, 2.350000000E+01, 2.350000000E+01, 1.862915775E+03
      1247, 5.053690635E-03,-7.931999862E-03, 0.000000000E+00, 5.051882175E-03,-7.933175204E-03, 2.222222222E-03, 7.054075783E-08, 4.459169759E+02, 7.783324513E+02, 3.000000000E+02, 1.176655108E+00, 2.350000000E+01, 2.350000000E+01, 1.862915775E+03
      1248, 4.373242147E-03,-8.400170133E-03, 0.000000000E+00, 4.371281224E-03,-8.401202970E-03, 2.222222222E-03, 6.429652885E-08, 4.462557747E+02, 7.765338365E+02, 3.000000000E+02, 1.176655108E+00, 2.350000000E+01, 2.350000000E+01, 1.862915775E+03
      1249, 3.647354664E-03,-8.804780431E-03, 0.000000000E+00, 3.645536169E-03,-8.805548660E-03, 2.222222222E-03, 5.849420437E-08, 4.465883272E+02, 7.737047074E+02, 3.000000000E+02, 1.176655108E+00, 2.350000000E+01, 2.350000000E+01, 1.862915775E+03
      1250, 2.882929752E-03,-9.142845869E-03, 0.000000000E+00, 2.881424286E-03,-9.143339321E-03, 2.222222222E-03, 5.296164530E-08, 4.469121282E+02, 7.692249242E+02, 3.000000000E+02, 1.176655108E+00, 2.350000000E+01, 2.350000000E+01, 1.862915775E+03
      1251, 2.086490626E-03,-9.410995990E-03, 0.000000000E+00, 2.085382869E-03,-9.411262307E-03, 2.222222222E-03, 4.765980174E-08, 4.472117249E+02, 7.615310960E+02, 3.000000000E+02, 1.176655108E+00, 2.350000000E+01, 2.350000000E+01, 1.862915775E+03
      1252, 1.264722552E-03,-9.606049396E-03, 0.000000000E+00, 1.264048990E-03,-9.606157009E-03, 2.222222222E-03, 4.260723377E-08, 4.474789382E+02, 7.490458561E+02, 3.000000000E+02, 1.176655108E+00, 2.350000000E+01, 2.350000000E+01, 1.862915775E+03
      1253, 4.246369936E-04,-9.725387208E-03, 0.000000000E+00, 4.244112511E-04,-9.725413492E-03, 2.222222222E-03, 3.783698257E-08, 4.477060493E+02, 7.310150528E+02, 3.000000000E+02, 1.176655108E+00, 2.350000000E+01, 2.350000000E+01, 1.862915775E+03
      1254,-4.264576419E-04,-9.767151438E-03, 0.000000000E+00,-4.262317337E-04,-9.767174631E-03, 2.222222222E-03, 3.337776267E-08, 4.478861620E+02, 7.071960432E+02, 3.000000000E+02, 1.176655108E+00, 2.350000000E+01, 2.350000000E+01, 1.862915775E+03
      1255,-1.281056437E-03,-9.730313905E-03, 0.000000000E+00,-1.280381438E-03,-9.730410886E-03, 2.222222222E-03, 2.924853725E-08, 4.480171398E+02, 6.775022394E+02, 3.000000000E+02, 1.176655108E+00, 2.350000000E+01, 2.350000000E+01, 1.862915775E+03
      1256,-2.131571993E-03,-9.614675306E-03, 0.000000000E+00,-2.130460907E-03,-9.614925835E-03, 2.222222222E-03, 2.545941097E-08, 4.481036519E+02, 6.425542418E+02, 3.000000000E+02, 1.176655108E+00, 2.350000000E+01, 2.350000000E+01, 1.862915775E+03
      1257,-2.970438916E-03,-9.420850314E-03, 0.000000000E+00,-2.968928273E-03,-9.421327524E-03, 2.222222222E-03, 2.201528769E-08, 4.481491959E+02, 6.040849097E+02, 3.000000000E+02, 1.176655108E+00, 2.350000000E+01, 2.350000000E+01, 1.862915775E+03
      1258,-3.790204879E-03,-9.150230326E-03, 0.000000000E+00,-3.788380590E-03,-9.150984639E-03, 2.222222222E-03, 1.892065109E-08, 4.481660544E+02, 5.647938635E+02, 3.000000000E+02, 1.176655108E+00, 2.350000000E+01, 2.350000000E+01, 1.862915775E+03
      1259,-4.583619069E-03,-8.804959245E-03, 0.000000000E+00,-4.581652498E-03,-8.805979875E-03, 2.222222222E-03, 1.618419372E-08, 4.481773113E+02, 5.280295943E+02, 3.000000000E+02, 1.176655108E+00, 2.350000000E+01, 2.350000000E+01, 1.862915775E+03
      1260,-5.343729164E-03,-8.387919515E-03, 0.000000000E+00,-5.341909121E-03,-8.389077639E-03, 2.222222222E-03, 1.382075317E-08, 4.481952505E+02, 4.968196410E+02, 3.000000000E+02, 1.176655108E+00, 2.350000000E+01, 2.350000000E+01, 1.862915775E+03
      1261,-6.064007990E-03,-7.902745157E-03, 0.000000000E+00,-6.062714190E-03,-7.903738736E-03, 2.222222222E-03, 1.184572730E-08, 4.482212044E+02, 4.730891231E+02, 3.000000000E+02, 1.176655108E+00, 2.350000000E+01, 2.350000000E+01, 1.862915775E+03
      1262,-6.738506258E-03,-7.353784982E-03, 0.000000000E+00,-6.738052451E-03,-7.354202221E-03, 2.222222222E-03, 1.025822371E-08, 4.482275846E+02, 4.573652167E+02, 3.000000000E+02, 1.176655108E+00, 2.350000000E+01, 2.350000000E+01, 1.862915775E+03
      1263, 4.263445735E-03, 1.472919947E-03, 0.000000000E+00, 4.260728263E-03, 1.473390420E-03, 2.222222222E-03, 1.966541805E-07, 4.342506388E+02, 7.647051498E+02, 3.000000000E+02, 1.176655108E+00, 2.350000000E+01, 2.350000000E+01, 1.862915775E+03
      1264, 4.821386654E-03, 1.070645521E-03, 0.000000000E+00, 4.828721663E-03, 1.071102392E-03, 2.222222222E-03, 2.869679761E-07, 4.348099876E+02, 7.659217612E+02, 3.000000000E+02, 1.176655108E+00, 2.350000000E+01, 2.350000000E+01, 1.862915775E+03
      1265, 3.767025191E-03, 2.043796936E-03, 0.000000000E+00, 3.765092992E-03, 2.043787620E-03, 2.222222222E-03, 2.424723654E-07, 4.340324853E+02, 7.640384697E+02, 3.000000000E+02, 1.176655108E+00, 2.350000000E+01, 2.350000000E+01, 1.862915775E+03
      1266, 3.214314813E-03, 2.632109914E-03, 0.000000000E+00, 3.213157175E-03, 2.631576995E-03, 2.222222222E-03, 2.677648533E-07, 4.338817728E+02, 7.637020431E+02, 3.000000000E+02, 1.176655108E+00, 2.350000000E+01, 2.350000000E+01, 1.862915775E+03
      1267, 2.632109914E-03, 3.214314813E-03, 0.000000000E+00, 2.631576995E-03, 3.213157175E-03, 2.222222222E-03, 2.677648533E-07, 4.338817728E+02, 7.637020431E+02, 3.000000000E+02, 1.176655108E+00, 2.350000000E+01, 2.350000000E+01, 1.862915775E+03
      1268, 2.043796936E-03, 3.767024959E-03, 0.000000000E+00, 2.043787620E-03, 3.765092992E-03, 2.222222222E-03, 2.424723654E-07, 4.340324853E+02, 7.640384697E+02, 3.000000000E+02, 1.176655108E+00, 2.350000000E+01, 2.350000000E+01, 1.862915775E+03
      1269, 1.472919947E-03, 4.263445735E-03, 0.000000000E+00, 1.473390420E-03, 4.260728263E-03, 2.222222222E-03, 1.966541805E-07, 4.342506388E+02, 7.647051498E+02, 3.000000000E+02, 1.176655108E+00, 2.350000000E+01, 2.350000000E+01, 1.862915775E+03
      1270, 1.515527954E-03, 4.798797425E-03, 0.000000000E+00, 1.516020112E-03, 4.805636929E-03, 2.222222222E-03, 2.870042210E-07, 4.349346361E+02, 7.661447208E+02, 3.000000000E+02, 1.176655108E+00, 2.350000000E+01, 2.350000000E+01, 1.862915775E+03
      1271, 1.205690089E-03, 5.431521218E-03, 0.000000000E+00, 1.205648437E-03, 5.436603538E-03, 2.222222222E-03, 2.839547163E-07, 4.357527543E+02, 7.676210565E+02, 3.000000000E+02, 1.176655108E+00, 2.350000000E+01, 2.350000000E+01, 1.862915775E+03
      1272, 7.922861259E-04, 6.011850201E-03, 0.000000000E+00, 7.920877464E-04, 6.015573666E-03, 2.222222222E-03, 2.752488621E-07, 4.365926978E+02, 7.691704627E+02, 3.000000000E+02, 1.176655108E+00, 2.350000000E+01, 2.350000000E+01, 1.862915775E+03
      1273, 2.850923338E-04, 6.524288096E-03, 0.000000000E+00, 2.849829770E-04, 6.526984915E-03, 2.222222222E-03, 2.620050421E-07, 4.374868364E+02, 7.708193929E+02, 3.000000000E+02, 1.176655108E+00, 2.350000000E+01, 2.350000000E+01, 1.862915775E+03
      1274,-3.038851719E-04, 6.955388468E-03, 0.000000000E+00,-3.037434523E-04, 6.957342680E-03, 2.222222222E-03, 2.453450934E-07, 4.384123288E+02, 7.725250842E+02, 3.000000000E+02, 1.176655108E+00, 2.350000000E+01, 2.350000000E+01, 1.862915775E+03
      1275,-9.608850814E-04, 7.294516545E-03, 0.000000000E+00,-9.603887563E-04, 7.295972874E-03, 2.222222222E-03, 2.263324229E-07, 4.393499320E+02, 7.742310876E+02, 3.000000000E+02, 1.176655108E+00, 2.350000000E+01, 2.350000000E+01, 1.862915775E+03
      1276,-1.671022968E-03, 7.533904165E-03, 0.000000000E+00,-1.670115774E-03, 7.535076791E-03, 2.222222222E-03, 2.059284136E-07, 4.402757444E+02, 7.758696337E+02, 3.000000000E+02, 1.176655108E+00, 2.350000000E+01, 2.350000000E+01, 1.862915775E+03
      1277,-2.418801188E-03, 7.668373175E-03, 0.000000000E+00,-2.417477524E-03, 7.669443886E-03, 2.222222222E-03, 1.849823023E-07, 4.411669628E+02, 7.773552302E+02, 3.000000000E+02, 1.176655108E+00, 2.350000000E+01, 2.350000000E+01, 1.862915775E+03
      1278,-3.188406816E-03, 7.694921922E-03, 0.000000000E+00,-3.186731184E-03, 7.696035611E-03, 2.222222222E-03, 1.642515946E-07, 4.420023982E+02, 7.786092915E+02, 3.000000000E+02, 1.176655108E+00, 2.350000000E+01, 2.350000000E+01, 1.862915775E+03
      1279,-3.963812254E-03, 7.612383459E-03, 0.000000000E+00,-3.961954225E-03, 7.613613906E-03, 2.222222222E-03, 1.444407533E-07, 4.427764545E+02, 7.795939865E+02, 3.000000000E+02, 1.176655108E+00, 2.350000000E+01, 2.350000000E+01, 1.862915775E+03
      1280,-4.728841595E-03, 7.421359420E-03, 0.000000000E+00,-4.727106404E-03, 7.422650002E-03, 2.222222222E-03, 1.262299907E-07, 4.434912620E+02, 7.802926488E+02, 3.000000000E+02, 1.176655108E+00, 2.350000000E+01, 2.350000000E+01, 1.862915775E+03
      1281,-5.467611831E-03, 7.124718279E-03, 0.000000000E+00,-5.466400625E-03, 7.125819150E-03, 2.222222222E-03, 1.102404541E-07, 4.441326842E+02, 7.806503913E+02, 3.000000000E+02, 1.176655108E+00, 2.350000000E+01, 2.350000000E+01, 1.862915775E+03
      1282,-6.165838335E-03, 6.728594657E-03, 0.000000000E+00,-6.165471080E-03, 6.729106961E-03, 2.222222222E-03, 9.688553561E-08, 4.446876475E+02, 7.806324201E+02, 3.000000000E+02, 1.176655108E+00, 2.350000000E+01, 2.350000000E+01, 1.862915775E+03
      1283,-6.812790874E-03, 6.242961157E-03, 0.000000000E+00,-6.813279854E-03, 6.242572658E-03, 2.222222222E-03, 8.616644993E-08, 4.451575047E+02, 7.802461935E+02, 3.000000000E+02, 1.176655108E+00, 2.350000000E+01, 2.350000000E+01, 1.862915775E+03
      1284,-7.402373943E-03, 5.680448376E-03, 0.000000000E+00,-7.403407481E-03, 5.679185712E-03, 2.222222222E-03, 7.762011376E-08, 4.455591002E+02, 7.795013240E+02, 3.000000000E+02, 1.176655108E+00, 2.350000000E+01, 2.350000000E+01, 1.862915775E+03
      1285,-7.931999862E-03, 5.053690635E-03, 0.000000000E+00,-7.933175204E-03, 5.051882175E-03, 2.222222222E-03, 7.054075783E-08, 4.459169759E+02, 7.783324513E+02, 3.000000000E+02, 1.176655108E+00, 2.350000000E+01, 2.350000000E+01, 1.862915775E+03
      1286,-8.400170133E-03, 4.373242147E-03, 0.000000000E+00,-8.401202970E-03, 4.371281224E-03, 2.222222222E-03, 6.429652885E-08, 4.462557747E+02, 7.765338365E+02, 3.000000000E+02, 1.176655108E+00, 2.350000000E+01, 2.350000000E+01, 1.862915775E+03
      1287,-8.804780431E-03, 3.647354897E-03, 0.000000000E+00,-8.805548660E-03, 3.645536169E-03, 2.222222222E-03, 5.849420437E-08, 4.465883272E+02, 7.737047074E+02, 3.000000000E+02, 1.176655108E+00, 2.350000000E+01, 2.350000000E+01, 1.862915775E+03
      1288,-9.142845869E-03, 2.882929519E-03, 0.000000000E+00,-9.143339321E-03, 2.881424286E-03, 2.222222222E-03, 5.296164530E-08, 4.469121282E+02, 7.692249242E+02, 3.000000000E+02, 1.176655108E+00, 2.350000000E+01, 2.350000000E+01, 1.862915775E+03
      1289,-9.410995990E-03, 2.086490393E-03, 0.000000000E+00,-9.411262307E-03, 2.085382869E-03, 2.222222222E-03, 4.765980174E-08, 4.472117249E+02, 7.615310960E+02, 3.000000000E+02, 1.176655108E+00, 2.350000000E+01, 2.350000000E+01, 1.862915775E+03
      1290,-9.606048465E-03, 1.264722552E-03, 0.000000000E+00,-9.606157009E-03, 1.264048990E-03, 2.222222222E-03, 4.260723377E-08, 4.474789382E+02, 7.490458561E+02, 3.000000000E+02, 1.176655108E+00, 2.350000000E+01, 2.350000000E+01, 1.862915775E+03
      1291,-9.725387208E-03, 4.246369936E-04, 0.000000000E+00,-9.725413492E-03, 4.244112511E-04, 2.222222222E-03, 3.783698257E-08, 4.477060493E+02, 7.310150528E+02, 3.000000000E+02, 1.176655108E+00, 2.350000000E+01, 2.350000000E+01, 1.862915775E+03
      1292,-9.767152369E-03,-4.264576419E-04, 0.000000000E+00,-9.767174631E-03,-4.262317337E-04, 2.222222222E-03, 3.337776267E-08, 4.478861620E+02, 7.071960432E+02, 3.000000000E+02, 1.176655108E+00, 2.350000000E+01, 2.350000000E+01, 1.862915775E+03
      1293,-9.730312973E-03,-1.281056437E-03, 0.000000000E+00,-9.730410886E-03,-1.280381438E-03, 2.222222222E-03, 2.924853725E-08, 4.480171398E+02, 6.775022394E+02, 3.000000000E+02, 1.176655108E+00, 2.350000000E+01, 2.350000000E+01, 1.862915775E+03
      1294,-9.614675306E-03,-2.131571993E-03, 0.000000000E+00,-9.614925835E-03,-2.130460907E-03, 2.222222222E-03, 2.545941097E-08, 4.481036519E+02, 6.425542418E+02, 3.000000000E+02, 1.176655108E+00, 2.350000000E+01, 2.350000000E+01, 1.862915775E+03
      1295,-9.420850314E-03,-2.970438916E-03, 0.000000000E+00,-9.421327524E-03,-2.968928273E-03, 2.222222222E-03, 2.201528769E-08, 4.481491959E+02, 6.040849097E+02, 3.000000000E+02, 1.176655108E+00, 2.350000000E+01, 2.350000000E+01, 1.862915775E+03
      1296,-9.150230326E-03,-3.790204879E-03, 0.000000000E+00,-9.150984639E-03,-3.788380590E-03, 2.222222222E-03, 1.892065109E-08, 4.481660544E+02, 5.647938635E+02, 3.000000000E+02, 1.176655108E+00, 2.350000000E+01, 2.350000000E+01, 1.862915775E+03
      1297,-8.804958314E-03,-4.583619069E-03, 0.000000000E+00,-8.805979875E-03,-4.581652498E-03, 2.222222222E-03, 1.618419372E-08, 4.481773113E+02, 5.280295943E+02, 3.000000000E+02, 1.176655108E+00, 2.350000000E+01, 2.350000000E+01, 1.862915775E+03
      1298,-8.387919515E-03,-5.343729164E-03, 0.000000000E+00,-8.389077639E-03,-5.341909121E-03, 2.222222222E-03, 1.382075317E-08, 4.481952505E+02, 4.968196410E+02, 3.000000000E+02, 1.176655108E+00, 2.350000000E+01, 2.350000000E+01, 1.862915775E+03
      1299,-7.902746089E-03,-6.064007990E-03, 0.000000000E+00,-7.903738736E-03,-6.062714190E-03, 2.222222222E-03, 1.184572730E-08, 4.482212044E+02, 4.730891231E+02, 3.000000000E+02, 1.176655108E+00, 2.350000000E+01, 2.350000000E+01, 1.862915775E+03
      1300,-7.353784982E-03,-6.738506258E-03, 0.000000000E+00,-7.354202221E-03,-6.738052451E-03, 2.222222222E-03, 1.025822371E-08, 4.482275846E+02, 4.573652167E+02, 3.000000000E+02, 1.176655108E+00, 2.350000000E+01, 2.350000000E+01, 1.862915775E+03
      1301, 5.383822136E-03, 1.699679648E-03, 0.000000000E+00, 5.388639907E-03, 1.699535399E-03, 2.222222222E-03, 2.828141089E-07, 4.358784068E+02, 7.678587196E+02, 3.000000000E+02, 1.176655108E+00, 2.350000000E+01, 2.350000000E+01, 1.862915775E+03
      1302, 5.967447534E-03, 1.324309851E-03, 0.000000000E+00, 5.971075149E-03, 1.323946159E-03, 2.222222222E-03, 2.740225489E-07, 4.366752453E+02, 7.693347601E+02, 3.000000000E+02, 1.176655108E+00, 2.350000000E+01, 2.350000000E+01, 1.862915775E+03
      1303, 6.495890673E-03, 8.559104172E-04, 0.000000000E+00, 6.498570156E-03, 8.555748186E-04, 2.222222222E-03, 2.612360748E-07, 4.375266483E+02, 7.709017105E+02, 3.000000000E+02, 1.176655108E+00, 2.350000000E+01, 2.350000000E+01, 1.862915775E+03
      1304, 6.955388468E-03, 3.038851719E-04, 0.000000000E+00, 6.957342680E-03, 3.037434523E-04, 2.222222222E-03, 2.453450934E-07, 4.384123288E+02, 7.725250842E+02, 3.000000000E+02, 1.176655108E+00, 2.350000000E+01, 2.350000000E+01, 1.862915775E+03
      1305, 7.334056310E-03,-3.203923407E-04, 0.000000000E+00, 7.335488397E-03,-3.202278613E-04, 2.222222222E-03, 2.272373535E-07, 4.393149643E+02, 7.741571402E+02, 3.000000000E+02, 1.176655108E+00, 2.350000000E+01, 2.350000000E+01, 1.862915775E+03
      1306, 7.622551173E-03,-1.004003454E-03, 0.000000000E+00, 7.623647769E-03,-1.003459711E-03, 2.222222222E-03, 2.077442852E-07, 4.402130848E+02, 7.757420054E+02, 3.000000000E+02, 1.176655108E+00, 2.350000000E+01, 2.350000000E+01, 1.862915775E+03
      1307, 7.814127021E-03,-1.733046374E-03, 0.000000000E+00, 7.815056801E-03,-1.732085385E-03, 2.222222222E-03, 1.876089561E-07, 4.410851009E+02, 7.772166916E+02, 3.000000000E+02, 1.176655108E+00, 2.350000000E+01, 2.350000000E+01, 1.862915775E+03
      1308, 7.904384285E-03,-2.493091626E-03, 0.000000000E+00, 7.905296138E-03,-2.491718129E-03, 2.222222222E-03, 1.674828429E-07, 4.419142483E+02, 7.784993280E+02, 3.000000000E+02, 1.176655108E+00, 2.350000000E+01, 2.350000000E+01, 1.862915775E+03
      1309, 7.890911773E-03,-3.269452602E-03, 0.000000000E+00, 7.891926066E-03,-3.267735654E-03, 2.222222222E-03, 1.479471862E-07, 4.426857978E+02, 7.795175995E+02, 3.000000000E+02, 1.176655108E+00, 2.350000000E+01, 2.350000000E+01, 1.862915775E+03
      1310, 7.772990502E-03,-4.047283437E-03, 0.000000000E+00, 7.774159495E-03,-4.045393226E-03, 2.222222222E-03, 1.295480490E-07, 4.434037240E+02, 7.802591517E+02, 3.000000000E+02, 1.176655108E+00, 2.350000000E+01, 2.350000000E+01, 1.862915775E+03
      1311, 7.551528513E-03,-4.811650142E-03, 0.000000000E+00, 7.552779275E-03,-4.809889457E-03, 2.222222222E-03, 1.128205650E-07, 4.440655233E+02, 7.806790571E+02, 3.000000000E+02, 1.176655108E+00, 2.350000000E+01, 2.350000000E+01, 1.862915775E+03
      1312, 7.229497191E-03,-5.547930021E-03, 0.000000000E+00, 7.230568675E-03,-5.546696280E-03, 2.222222222E-03, 9.825565800E-08, 4.446536502E+02, 7.806937364E+02, 3.000000000E+02, 1.176655108E+00, 2.350000000E+01, 2.350000000E+01, 1.862915775E+03
      1313, 6.812790874E-03,-6.242961157E-03, 0.000000000E+00, 6.813279854E-03,-6.242572658E-03, 2.222222222E-03, 8.616644993E-08, 4.451575047E+02, 7.802461935E+02, 3.000000000E+02, 1.176655108E+00, 2.350000000E+01, 2.350000000E+01, 1.862915775E+03
      1314, 6.310703699E-03,-6.886746734E-03, 0.000000000E+00, 6.310299312E-03,-6.887218010E-03, 2.222222222E-03, 7.650784568E-08, 4.455799356E+02, 7.793167419E+02, 3.000000000E+02, 1.176655108E+00, 2.350000000E+01, 2.350000000E+01, 1.862915775E+03
      1315, 5.734880455E-03,-7.473382633E-03, 0.000000000E+00, 5.733608569E-03,-7.474404702E-03, 2.222222222E-03, 6.883319964E-08, 4.459380292E+02, 7.778741584E+02, 3.000000000E+02, 1.176655108E+00, 2.350000000E+01, 2.350000000E+01, 1.862915775E+03
      1316, 5.096989218E-03,-8.000061847E-03, 0.000000000E+00, 5.095176037E-03,-8.001230180E-03, 2.222222222E-03, 6.249251275E-08, 4.462572416E+02, 7.757724134E+02, 3.000000000E+02, 1.176655108E+00, 2.350000000E+01, 2.350000000E+01, 1.862915775E+03
      1317, 4.406915978E-03,-8.464962244E-03, 0.000000000E+00, 4.404952277E-03,-8.465989690E-03, 2.222222222E-03, 5.691177494E-08, 4.465626582E+02, 7.726498901E+02, 3.000000000E+02, 1.176655108E+00, 2.350000000E+01, 2.350000000E+01, 1.862915775E+03
      1318, 3.672580700E-03,-8.865783922E-03, 0.000000000E+00, 3.670759943E-03,-8.866546487E-03, 2.222222222E-03, 5.173563276E-08, 4.468643211E+02, 7.678681357E+02, 3.000000000E+02, 1.176655108E+00, 2.350000000E+01, 2.350000000E+01, 1.862915775E+03
      1319, 2.900770167E-03,-9.199523367E-03, 0.000000000E+00, 2.899263227E-03,-9.200011199E-03, 2.222222222E-03, 4.680845596E-08, 4.471602281E+02, 7.600122673E+02, 3.000000000E+02, 1.176655108E+00, 2.350000000E+01, 2.350000000E+01, 1.862915775E+03
      1320, 2.097982215E-03,-9.462916292E-03, 0.000000000E+00, 2.096873611E-03,-9.463177721E-03, 2.222222222E-03, 4.209407758E-08, 4.474372719E+02, 7.477057803E+02, 3.000000000E+02, 1.176655108E+00, 2.350000000E+01, 2.350000000E+01, 1.862915775E+03
      1321, 1.270886511E-03,-9.652942419E-03, 0.000000000E+00, 1.270212300E-03,-9.653046192E-03, 2.222222222E-03, 3.760779332E-08, 4.476817313E+02, 7.302243336E+02, 3.000000000E+02, 1.176655108E+00, 2.350000000E+01, 2.350000000E+01, 1.862915775E+03
      1322, 4.264576419E-04,-9.767152369E-03, 0.000000000E+00, 4.262317337E-04,-9.767174631E-03, 2.222222222E-03, 3.337776267E-08, 4.478861620E+02, 7.071960432E+02, 3.000000000E+02, 1.176655108E+00, 2.350000000E+01, 2.350000000E+01, 1.862915775E+03
      1323,-4.280568683E-04,-9.803837165E-03, 0.000000000E+00,-4.278308181E-04,-9.803856985E-03, 2.222222222E-03, 2.942829127E-08, 4.480440059E+02, 6.785212487E+02, 3.000000000E+02, 1.176655108E+00, 2.350000000E+01, 2.350000000E+01, 1.862915775E+03
      1324,-1.285233768E-03,-9.762093425E-03, 0.000000000E+00,-1.284558476E-03,-9.762188932E-03, 2.222222222E-03, 2.577507253E-08, 4.481544909E+02, 6.447680149E+02, 3.000000000E+02, 1.176655108E+00, 2.350000000E+01, 2.350000000E+01, 1.862915775E+03
      1325,-2.137580886E-03,-9.641823359E-03, 0.000000000E+00,-2.136469489E-03,-9.642072739E-03, 2.222222222E-03, 2.242603056E-08, 4.482227174E+02, 6.072445400E+02, 3.000000000E+02, 1.176655108E+00, 2.350000000E+01, 2.350000000E+01, 1.862915775E+03
      1326,-2.977635944E-03,-9.443714283E-03, 0.000000000E+00,-2.976125450E-03,-9.444191973E-03, 2.222222222E-03, 1.938458609E-08, 4.482528102E+02, 5.683745587E+02, 3.000000000E+02, 1.176655108E+00, 2.350000000E+01, 2.350000000E+01, 1.862915775E+03
      1327,-3.798056394E-03,-9.169217199E-03, 0.000000000E+00,-3.796232441E-03,-9.169972512E-03, 2.222222222E-03, 1.665388783E-08, 4.482578333E+02, 5.313109447E+02, 3.000000000E+02, 1.176655108E+00, 2.350000000E+01, 2.350000000E+01, 1.862915775E+03
      1328,-4.591705743E-03,-8.820517920E-03, 0.000000000E+00,-4.589739500E-03,-8.821540134E-03, 2.222222222E-03, 1.424088857E-08, 4.482601634E+02, 4.991564517E+02, 3.000000000E+02, 1.176655108E+00, 2.350000000E+01, 2.350000000E+01, 1.862915775E+03
      1329,-5.351751577E-03,-8.400530554E-03, 0.000000000E+00,-5.349931943E-03,-8.401688965E-03, 2.222222222E-03, 1.215803607E-08, 4.482664208E+02, 4.742368736E+02, 3.000000000E+02, 1.176655108E+00, 2.350000000E+01, 2.350000000E+01, 1.862915775E+03
      1330,-6.071789190E-03,-7.912896574E-03, 0.000000000E+00,-6.070495539E-03,-7.913889877E-03, 2.222222222E-03, 1.041834228E-08, 4.482503850E+02, 4.576495987E+02, 3.000000000E+02, 1.176655108E+00, 2.350000000E+01, 2.350000000E+01, 1.862915775E+03
      1331,-6.745977793E-03,-7.361941505E-03, 0.000000000E+00,-6.745523969E-03,-7.362358984E-03, 2.222222222E-03, 9.020554101E-09, 4.480129113E+02, 4.491689141E+02, 3.000000000E+02, 1.176655108E+00, 2.350000000E+01, 2.350000000E+01, 1.862915775E+03
      1332, 4.241774324E-03, 1.923790202E-03, 0.000000000E+00, 4.239099088E-03, 1.924159478E-03, 2.222222222E-03, 2.002059256E-07, 4.344262517E+02, 7.650022036E+02, 3.000000000E+02, 1.176655108E+00, 2.350000000E+01, 2.350000000E+01, 1.862915775E+03
      1333, 4.798797891E-03, 1.515527954E-03, 0.000000000E+00, 4.805636929E-03, 1.516020112E-03, 2.222222222E-03, 2.870042210E-07, 4.349346361E+02, 7.661447208E+02, 3.000000000E+02, 1.176655108E+00, 2.350000000E+01, 2.350000000E+01, 1.862915775E+03
      1334, 3.726419294E-03, 2.536191139E-03, 0.000000000E+00, 3.724506962E-03, 2.535846315E-03, 2.222222222E-03, 2.423111697E-07, 4.342954460E+02, 7.644530855E+02, 3.000000000E+02, 1.176655108E+00, 2.350000000E+01, 2.350000000E+01, 1.862915775E+03
      1335, 3.147774376E-03, 3.147774376E-03, 0.000000000E+00, 3.146672839E-03, 3.146672839E-03, 2.222222222E-03, 2.579847604E-07, 4.342248901E+02, 7.642692906E+02, 3.000000000E+02, 1.176655108E+00, 2.350000000E+01, 2.350000000E+01, 1.862915775E+03
      1336, 2.536191139E-03, 3.726419294E-03, 0.000000000E+00, 2.535846315E-03, 3.724506962E-03, 2.222222222E-03, 2.423111697E-07, 4.342954460E+02, 7.644530855E+02, 3.000000000E+02, 1.176655108E+00, 2.350000000E+01, 2.350000000E+01, 1.862915775E+03
      1337, 1.923790202E-03, 4.241774324E-03, 0.000000000E+00, 1.924159478E-03, 4.239099088E-03, 2.222222222E-03, 2.002059256E-07, 4.344262517E+02, 7.650022036E+02, 3.000000000E+02, 1.176655108E+00, 2.350000000E+01, 2.350000000E+01, 1.862915775E+03
      1338, 1.974285115E-03, 4.758851137E-03, 0.000000000E+00, 1.974750169E-03, 4.765141668E-03, 2.222222222E-03, 2.867530946E-07, 4.350983833E+02, 7.664361811E+02, 3.000000000E+02, 1.176655108E+00, 2.350000000E+01, 2.350000000E+01, 1.862915775E+03
      1339, 1.699679531E-03, 5.383822136E-03, 0.000000000E+00, 1.699535399E-03, 5.388639907E-03, 2.222222222E-03, 2.828141089E-07, 4.358784068E+02, 7.678587196E+02, 3.000000000E+02, 1.176655108E+00, 2.350000000E+01, 2.350000000E+01, 1.862915775E+03
      1340, 1.324309851E-03, 5.967448000E-03, 0.000000000E+00, 1.323946159E-03, 5.971075149E-03, 2.222222222E-03, 2.740225489E-07, 4.366752453E+02, 7.693347601E+02, 3.000000000E+02, 1.176655108E+00, 2.350000000E+01, 2.350000000E+01, 1.862915775E+03
      1341, 8.559104172E-04, 6.495890208E-03, 0.000000000E+00, 8.555748186E-04, 6.498570156E-03, 2.222222222E-03, 2.612360748E-07, 4.375266483E+02, 7.709017105E+02, 3.000000000E+02, 1.176655108E+00, 2.350000000E+01, 2.350000000E+01, 1.862915775E+03
      1342, 3.038851719E-04, 6.955388468E-03, 0.000000000E+00, 3.037434523E-04, 6.957342680E-03, 2.222222222E-03, 2.453450934E-07, 4.384123288E+02, 7.725250842E+02, 3.000000000E+02, 1.176655108E+00, 2.350000000E+01, 2.350000000E+01, 1.862915775E+03
      1343,-3.203923407E-04, 7.334056310E-03, 0.000000000E+00,-3.202278613E-04, 7.335488397E-03, 2.222222222E-03, 2.272373535E-07, 4.393149643E+02, 7.741571402E+02, 3.000000000E+02, 1.176655108E+00, 2.350000000E+01, 2.350000000E+01, 1.862915775E+03
      1344,-1.004003454E-03, 7.622551639E-03, 0.000000000E+00,-1.003459711E-03, 7.623647769E-03, 2.222222222E-03, 2.077442852E-07, 4.402130848E+02, 7.757420054E+02, 3.000000000E+02, 1.176655108E+00, 2.350000000E+01, 2.350000000E+01, 1.862915775E+03
      1345,-1.733046374E-03, 7.814127952E-03, 0.000000000E+00,-1.732085385E-03, 7.815056801E-03, 2.222222222E-03, 1.876089561E-07, 4.410851009E+02, 7.772166916E+02, 3.000000000E+02, 1.176655108E+00, 2.350000000E+01, 2.350000000E+01, 1.862915775E+03
      1346,-2.493091626E-03, 7.904383354E-03, 0.000000000E+00,-2.491718129E-03, 7.905296138E-03, 2.222222222E-03, 1.674828429E-07, 4.419142483E+02, 7.784993280E+02, 3.000000000E+02, 1.176655108E+00, 2.350000000E+01, 2.350000000E+01, 1.862915775E+03
      1347,-3.269452602E-03, 7.890912704E-03, 0.000000000E+00,-3.267735654E-03, 7.891926066E-03, 2.222222222E-03, 1.479471862E-07, 4.426857978E+02, 7.795175995E+02, 3.000000000E+02, 1.176655108E+00, 2.350000000E+01, 2.350000000E+01, 1.862915775E+03
      1348,-4.047283437E-03, 7.772990502E-03, 0.000000000E+00,-4.045393226E-03, 7.774159495E-03, 2.222222222E-03, 1.295480490E-07, 4.434037240E+02, 7.802591517E+02, 3.000000000E+02, 1.176655108E+00, 2.350000000E+01, 2.350000000E+01, 1.862915775E+03
      1349,-4.811650142E-03, 7.551528513E-03, 0.000000000E+00,-4.809889457E-03, 7.552779275E-03, 2.222222222E-03, 1.128205650E-07, 4.440655233E+02, 7.806790571E+02, 3.000000000E+02, 1.176655108E+00, 2.350000000E+01, 2.350000000E+01, 1.862915775E+03
      1350,-5.547930021E-03, 7.229497191E-03, 0.000000000E+00,-5.546696280E-03, 7.230568675E-03, 2.222222222E-03, 9.825565800E-08, 4.446536502E+02, 7.806937364E+02, 3.000000000E+02, 1.176655108E+00, 2.350000000E+01, 2.350000000E+01, 1.862915775E+03
      1351,-6.242961157E-03, 6.812790874E-03, 0.000000000E+00,-6.242572658E-03, 6.813279854E-03, 2.222222222E-03, 8.616644993E-08, 4.451575047E+02, 7.802461935E+02, 3.000000000E+02, 1.176655108E+00, 2.350000000E+01, 2.350000000E+01, 1.862915775E+03
      1352,-6.886746269E-03, 6.310703699E-03, 0.000000000E+00,-6.887218010E-03, 6.310299312E-03, 2.222222222E-03, 7.650784568E-08, 4.455799356E+02, 7.793167419E+02, 3.000000000E+02, 1.176655108E+00, 2.350000000E+01, 2.350000000E+01, 1.862915775E+03
      1353,-7.473382633E-03, 5.734879989E-03, 0.000000000E+00,-7.474404702E-03, 5.733608569E-03, 2.222222222E-03, 6.883319964E-08, 4.459380292E+02, 7.778741584E+02, 3.000000000E+02, 1.176655108E+00, 2.350000000E+01, 2.350000000E+01, 1.862915775E+03
      1354,-8.000061847E-03, 5.096989218E-03, 0.000000000E+00,-8.001230180E-03, 5.095176037E-03, 2.222222222E-03, 6.249251275E-08, 4.462572416E+02, 7.757724134E+02, 3.000000000E+02, 1.176655108E+00, 2.350000000E+01, 2.350000000E+01, 1.862915775E+03
      1355,-8.464962244E-03, 4.406915978E-03, 0.000000000E+00,-8.465989690E-03, 4.404952277E-03, 2.222222222E-03, 5.691177494E-08, 4.465626582E+02, 7.726498901E+02, 3.000000000E+02, 1.176655108E+00, 2.350000000E+01, 2.350000000E+01, 1.862915775E+03
      1356,-8.865783922E-03, 3.672580933E-03, 0.000000000E+00,-8.866546487E-03, 3.670759943E-03, 2.222222222E-03, 5.173563276E-08, 4.468643211E+02, 7.678681357E+02, 3.000000000E+02, 1.176655108E+00, 2.350000000E+01, 2.350000000E+01, 1.862915775E+03
      1357,-9.199522436E-03, 2.900770167E-03, 0.000000000E+00,-9.200011199E-03, 2.899263227E-03, 2.222222222E-03, 4.680845596E-08, 4.471602281E+02, 7.600122673E+02, 3.000000000E+02, 1.176655108E+00, 2.350000000E+01, 2.350000000E+01, 1.862915775E+03
      1358,-9.462916292E-03, 2.097982448E-03, 0.000000000E+00,-9.463177721E-03, 2.096873611E-03, 2.222222222E-03, 4.209407758E-08, 4.474372719E+02, 7.477057803E+02, 3.000000000E+02, 1.176655108E+00, 2.350000000E+01, 2.350000000E+01, 1.862915775E+03
      1359,-9.652942419E-03, 1.270886511E-03, 0.000000000E+00,-9.653046192E-03, 1.270212300E-03, 2.222222222E-03, 3.760779332E-08, 4.476817313E+02, 7.302243336E+02, 3.000000000E+02, 1.176655108E+00, 2.350000000E+01, 2.350000000E+01, 1.862915775E+03
      1360,-9.767151438E-03, 4.264576419E-04, 0.000000000E+00,-9.767174631E-03, 4.262317337E-04, 2.222222222E-03, 3.337776267E-08, 4.478861620E+02, 7.071960432E+02, 3.000000000E+02, 1.176655108E+00, 2.350000000E+01, 2.350000000E+01, 1.862915775E+03
      1361,-9.803837165E-03,-4.280568683E-04, 0.000000000E+00,-9.803856985E-03,-4.278308181E-04, 2.222222222E-03, 2.942829127E-08, 4.480440059E+02, 6.785212487E+02, 3.000000000E+02, 1.176655108E+00, 2.350000000E+01, 2.350000000E+01, 1.862915775E+03
      1362,-9.762093425E-03,-1.285233768E-03, 0.000000000E+00,-9.762188932E-03,-1.284558476E-03, 2.222222222E-03, 2.577507253E-08, 4.481544909E+02, 6.447680149E+02, 3.000000000E+02, 1.176655108E+00, 2.350000000E+01, 2.350000000E+01, 1.862915775E+03
      1363,-9.641823359E-03,-2.137580886E-03, 0.000000000E+00,-9.642072739E-03,-2.136469489E-03, 2.222222222E-03, 2.242603056E-08, 4.482227174E+02, 6.072445400E+02, 3.000000000E+02, 1.176655108E+00, 2.350000000E+01, 2.350000000E+01, 1.862915775E+03
      1364,-9.443715215E-03,-2.977635944E-03, 0.000000000E+00,-9.444191973E-03,-2.976125450E-03, 2.222222222E-03, 1.938458609E-08, 4.482528102E+02, 5.683745587E+02, 3.000000000E+02, 1.176655108E+00, 2.350000000E+01, 2.350000000E+01, 1.862915775E+03
      1365,-9.169218130E-03,-3.798056627E-03, 0.000000000E+00,-9.169972512E-03,-3.796232441E-03, 2.222222222E-03, 1.665388783E-08, 4.482578333E+02, 5.313109447E+02, 3.000000000E+02, 1.176655108E+00, 2.350000000E+01, 2.350000000E+01, 1.862915775E+03
      1366,-8.820517920E-03,-4.591705743E-03, 0.000000000E+00,-8.821540134E-03,-4.589739500E-03, 2.222222222E-03, 1.424088857E-08, 4.482601634E+02, 4.991564517E+02, 3.000000000E+02, 1.176655108E+00, 2.350000000E+01, 2.350000000E+01, 1.862915775E+03
      1367,-8.400530554E-03,-5.351751111E-03, 0.000000000E+00,-8.401688965E-03,-5.349931943E-03, 2.222222222E-03, 1.215803607E-08, 4.482664208E+02, 4.742368736E+02, 3.000000000E+02, 1.176655108E+00, 2.350000000E+01, 2.350000000E+01, 1.862915775E+03
      1368,-7.912896574E-03,-6.071789190E-03, 0.000000000E+00,-7.913889877E-03,-6.070495539E-03, 2.222222222E-03, 1.041834228E-08, 4.482503850E+02, 4.576495987E+02, 3.000000000E+02, 1.176655108E+00, 2.350000000E+01, 2.350000000E+01, 1.862915775E+03
      1369,-7.361941971E-03,-6.745978259E-03, 0.000000000E+00,-7.362358984E-03,-6.745523969E-03, 2.222222222E-03, 9.020554101E-09, 4.480129113E+02, 4.491689141E+02, 3.000000000E+02, 1.176655108E+00, 2.350000000E+01, 2.350000000E+01, 1.862915775E+03
      1370, 5.311942194E-03, 2.202999080E-03, 0.000000000E+00, 5.316474341E-03, 2.202736833E-03, 2.222222222E-03, 2.811262393E-07, 4.360425265E+02, 7.681642254E+02, 3.000000000E+02, 1.176655108E+00, 2.350000000E+01, 2.350000000E+01, 1.862915775E+03
      1371, 5.897692870E-03, 1.861433731E-03, 0.000000000E+00, 5.901199280E-03, 1.860876737E-03, 2.222222222E-03, 2.721160792E-07, 4.367984543E+02, 7.695762455E+02, 3.000000000E+02, 1.176655108E+00, 2.350000000E+01, 2.350000000E+01, 1.862915775E+03
      1372, 6.438191980E-03, 1.428502379E-03, 0.000000000E+00, 6.440843960E-03, 1.427922833E-03, 2.222222222E-03, 2.596774000E-07, 4.376062892E+02, 7.710649296E+02, 3.000000000E+02, 1.176655108E+00, 2.350000000E+01, 2.350000000E+01, 1.862915775E+03
      1373, 6.921058521E-03, 9.117963491E-04, 0.000000000E+00, 6.923020410E-03, 9.113663295E-04, 2.222222222E-03, 2.444807697E-07, 4.384500831E+02, 7.726045701E+02, 3.000000000E+02, 1.176655108E+00, 2.350000000E+01, 2.350000000E+01, 1.862915775E+03
      1374, 7.334056310E-03, 3.203923407E-04, 0.000000000E+00, 7.335488397E-03, 3.202278613E-04, 2.222222222E-03, 2.272373535E-07, 4.393149643E+02, 7.741571402E+02, 3.000000000E+02, 1.176655108E+00, 2.350000000E+01, 2.350000000E+01, 1.862915775E+03
      1375, 7.666668389E-03,-3.348918108E-04, 0.000000000E+00, 7.667727582E-03,-3.347110786E-04, 2.222222222E-03, 2.086515904E-07, 4.401815389E+02, 7.756759247E+02, 3.000000000E+02, 1.176655108E+00, 2.350000000E+01, 2.350000000E+01, 1.862915775E+03
      1376, 7.910689339E-03,-1.041877433E-03, 0.000000000E+00, 7.911525037E-03,-1.041299499E-03, 2.222222222E-03, 1.893745972E-07, 4.410302496E+02, 7.771095903E+02, 3.000000000E+02, 1.176655108E+00, 2.350000000E+01, 2.350000000E+01, 1.862915775E+03
      1377, 8.060268126E-03,-1.787526067E-03, 0.000000000E+00, 8.061020471E-03,-1.786525960E-03, 2.222222222E-03, 1.699808412E-07, 4.418439865E+02, 7.783965868E+02, 3.000000000E+02, 1.176655108E+00, 2.350000000E+01, 2.350000000E+01, 1.862915775E+03
      1378, 8.111690171E-03,-2.558346372E-03, 0.000000000E+00, 8.112486160E-03,-2.556936555E-03, 2.222222222E-03, 1.509696745E-07, 4.426124126E+02, 7.794538738E+02, 3.000000000E+02, 1.176655108E+00, 2.350000000E+01, 2.350000000E+01, 1.862915775E+03
      1379, 8.063064888E-03,-3.340641037E-03, 0.000000000E+00, 8.064006212E-03,-3.338894105E-03, 2.222222222E-03, 1.327867321E-07, 4.433261774E+02, 7.802330290E+02, 3.000000000E+02, 1.176655108E+00, 2.350000000E+01, 2.350000000E+01, 1.862915775E+03
      1380, 7.914063521E-03,-4.120601807E-03, 0.000000000E+00, 7.915188210E-03,-4.118688886E-03, 2.222222222E-03, 1.158555556E-07, 4.439930257E+02, 7.807088978E+02, 3.000000000E+02, 1.176655108E+00, 2.350000000E+01, 2.350000000E+01, 1.862915775E+03
      1381, 7.665866055E-03,-4.884386901E-03, 0.000000000E+00, 7.667087713E-03,-4.882607926E-03, 2.222222222E-03, 1.005980894E-07, 4.445978274E+02, 7.807881040E+02, 3.000000000E+02, 1.176655108E+00, 2.350000000E+01, 2.350000000E+01, 1.862915775E+03
      1382, 7.321532350E-03,-5.618479569E-03, 0.000000000E+00, 7.322582131E-03,-5.617229112E-03, 2.222222222E-03, 8.740336338E-08, 4.451299493E+02, 7.803591575E+02, 3.000000000E+02, 1.176655108E+00, 2.350000000E+01, 2.350000000E+01, 1.862915775E+03
      1383, 6.886746269E-03,-6.310703699E-03, 0.000000000E+00, 6.887218010E-03,-6.310299312E-03, 2.222222222E-03, 7.650784568E-08, 4.455799356E+02, 7.793167419E+02, 3.000000000E+02, 1.176655108E+00, 2.350000000E+01, 2.350000000E+01, 1.862915775E+03
      1384, 6.370206829E-03,-6.951706950E-03, 0.000000000E+00, 6.369790615E-03,-6.952165515E-03, 2.222222222E-03, 6.783630993E-08, 4.459520686E+02, 7.775848451E+02, 3.000000000E+02, 1.176655108E+00, 2.350000000E+01, 2.350000000E+01, 1.862915775E+03
      1385, 5.782691762E-03,-7.535755169E-03, 0.000000000E+00, 5.781413537E-03,-7.536768571E-03, 2.222222222E-03, 6.096566104E-08, 4.462674386E+02, 7.750656600E+02, 3.000000000E+02, 1.176655108E+00, 2.350000000E+01, 2.350000000E+01, 1.862915775E+03
      1386, 5.135021638E-03,-8.059846237E-03, 0.000000000E+00, 5.133205165E-03,-8.061009357E-03, 2.222222222E-03, 5.530175670E-08, 4.465520662E+02, 7.714846479E+02, 3.000000000E+02, 1.176655108E+00, 2.350000000E+01, 2.350000000E+01, 1.862915775E+03
      1387, 4.436494317E-03,-8.521874435E-03, 0.000000000E+00, 4.434528695E-03,-8.522897891E-03, 2.222222222E-03, 5.032573699E-08, 4.468273735E+02, 7.661774708E+02, 3.000000000E+02, 1.176655108E+00, 2.350000000E+01, 2.350000000E+01, 1.862915775E+03
      1388, 3.694738727E-03,-8.919367567E-03, 0.000000000E+00, 3.692916284E-03,-8.920126438E-03, 2.222222222E-03, 4.571778634E-08, 4.471032492E+02, 7.579577948E+02, 3.000000000E+02, 1.176655108E+00, 2.350000000E+01, 2.350000000E+01, 1.862915775E+03
      1389, 2.916441066E-03,-9.249306284E-03, 0.000000000E+00, 2.914932766E-03,-9.249791182E-03, 2.222222222E-03, 4.133778699E-08, 4.473792401E+02, 7.455730330E+02, 3.000000000E+02, 1.176655108E+00, 2.350000000E+01, 2.350000000E+01, 1.862915775E+03
      1390, 2.108076587E-03,-9.508522227E-03, 0.000000000E+00, 2.106966939E-03,-9.508779593E-03, 2.222222222E-03, 3.715253070E-08, 4.476371372E+02, 7.285390157E+02, 3.000000000E+02, 1.176655108E+00, 2.350000000E+01, 2.350000000E+01, 1.862915775E+03
      1391, 1.276300754E-03,-9.694132954E-03, 0.000000000E+00, 1.275626067E-03,-9.694233011E-03, 2.222222222E-03, 3.317467590E-08, 4.478604538E+02, 7.062696992E+02, 3.000000000E+02, 1.176655108E+00, 2.350000000E+01, 2.350000000E+01, 1.862915775E+03
      1392, 4.280568683E-04,-9.803837165E-03, 0.000000000E+00, 4.278308181E-04,-9.803856985E-03, 2.222222222E-03, 2.942829127E-08, 4.480440059E+02, 6.785212487E+02, 3.000000000E+02, 1.176655108E+00, 2.350000000E+01, 2.350000000E+01, 1.862915775E+03
      1393,-4.294615646E-04,-9.836059995E-03, 0.000000000E+00,-4.292354276E-04,-9.836078160E-03, 2.222222222E-03, 2.593401918E-08, 4.481823138E+02, 6.458194577E+02, 3.000000000E+02, 1.176655108E+00, 2.350000000E+01, 2.350000000E+01, 1.862915775E+03
      1394,-1.288902946E-03,-9.790007956E-03, 0.000000000E+00,-1.288227513E-03,-9.790102203E-03, 2.222222222E-03, 2.270490106E-08, 4.482749677E+02, 6.093755618E+02, 3.000000000E+02, 1.176655108E+00, 2.350000000E+01, 2.350000000E+01, 1.862915775E+03
      1395,-2.142858924E-03,-9.665669873E-03, 0.000000000E+00,-2.141747315E-03,-9.665918066E-03, 2.222222222E-03, 1.974716305E-08, 4.483280408E+02, 5.711772874E+02, 3.000000000E+02, 1.176655108E+00, 2.350000000E+01, 2.350000000E+01, 1.862915775E+03
      1396,-2.983957762E-03,-9.463799186E-03, 0.000000000E+00,-2.982447307E-03,-9.464275648E-03, 2.222222222E-03, 1.706312573E-08, 4.483463252E+02, 5.341975321E+02, 3.000000000E+02, 1.176655108E+00, 2.350000000E+01, 2.350000000E+01, 1.862915775E+03
      1397,-3.804953303E-03,-9.185896255E-03, 0.000000000E+00,-3.803129342E-03,-9.186651064E-03, 2.222222222E-03, 1.465494559E-08, 4.483427019E+02, 5.015031667E+02, 3.000000000E+02, 1.176655108E+00, 2.350000000E+01, 2.350000000E+01, 1.862915775E+03
      1398,-4.598808941E-03,-8.834185079E-03, 0.000000000E+00,-4.596842948E-03,-8.835207929E-03, 2.222222222E-03, 1.252820318E-08, 4.483326583E+02, 4.756366611E+02, 3.000000000E+02, 1.176655108E+00, 2.350000000E+01, 2.350000000E+01, 1.862915775E+03
      1399,-5.358797964E-03,-8.411607705E-03, 0.000000000E+00,-5.356979012E-03,-8.412766473E-03, 2.222222222E-03, 1.069338083E-08, 4.482955236E+02, 4.581492352E+02, 3.000000000E+02, 1.176655108E+00, 2.350000000E+01, 2.350000000E+01, 1.862915775E+03
      1400,-6.078624167E-03,-7.921813056E-03, 0.000000000E+00,-6.077330499E-03,-7.922806410E-03, 2.222222222E-03, 9.161511945E-09, 4.480390045E+02, 4.492322209E+02, 3.000000000E+02, 1.176655108E+00, 2.350000000E+01, 2.350000000E+01, 1.862915775E+03
      1401, 4.195754416E-03, 2.389516216E-03, 0.000000000E+00, 4.193066099E-03, 2.389561774E-03, 2.222222222E-03, 1.968936448E-07, 4.346425589E+02, 7.653629562E+02, 3.000000000E+02, 1.176655108E+00, 2.350000000E+01, 2.350000000E+01, 1.862915775E+03
      1402, 4.758850671E-03, 1.974285115E-03, 0.000000000E+00, 4.765141668E-03, 1.974750169E-03, 2.222222222E-03, 2.867530946E-07, 4.350983833E+02, 7.664361811E+02, 3.000000000E+02, 1.176655108E+00, 2.350000000E+01, 2.350000000E+01, 1.862915775E+03
      1403, 3.649641993E-03, 3.034415655E-03, 0.000000000E+00, 3.647745672E-03, 3.033474043E-03, 2.222222222E-03, 2.292160545E-07, 4.346001793E+02, 7.649583031E+02, 3.000000000E+02, 1.176655108E+00, 2.350000000E+01, 2.350000000E+01, 1.862915775E+03
      1404, 3.034415655E-03, 3.649641993E-03, 0.000000000E+00, 3.033474043E-03, 3.647745672E-03, 2.222222222E-03, 2.292160545E-07, 4.346001793E+02, 7.649583031E+02, 3.000000000E+02, 1.176655108E+00, 2.350000000E+01, 2.350000000E+01, 1.862915775E+03
      1405, 2.389516216E-03, 4.195754416E-03, 0.000000000E+00, 2.389561774E-03, 4.193066099E-03, 2.222222222E-03, 1.968936448E-07, 4.346425589E+02, 7.653629562E+02, 3.000000000E+02, 1.176655108E+00, 2.350000000E+01, 2.350000000E+01, 1.862915775E+03
      1406, 2.445182297E-03, 4.690376110E-03, 0.000000000E+00, 2.445683699E-03, 4.696146722E-03, 2.222222222E-03, 2.860499029E-07, 4.352926492E+02, 7.667774444E+02, 3.000000000E+02, 1.176655108E+00, 2.350000000E+01, 2.350000000E+01, 1.862915775E+03
      1407, 2.202998847E-03, 5.311942659E-03, 0.000000000E+00, 2.202736833E-03, 5.316474341E-03, 2.222222222E-03, 2.811262393E-07, 4.360425265E+02, 7.681642254E+02, 3.000000000E+02, 1.176655108E+00, 2.350000000E+01, 2.350000000E+01, 1.862915775E+03
      1408, 1.861433731E-03, 5.897692870E-03, 0.000000000E+00, 1.860876737E-03, 5.901199280E-03, 2.222222222E-03, 2.721160792E-07, 4.367984543E+02, 7.695762455E+02, 3.000000000E+02, 1.176655108E+00, 2.350000000E+01, 2.350000000E+01, 1.862915775E+03
      1409, 1.428502379E-03, 6.438191980E-03, 0.000000000E+00, 1.427922833E-03, 6.440843960E-03, 2.222222222E-03, 2.596774000E-07, 4.376062892E+02, 7.710649296E+02, 3.000000000E+02, 1.176655108E+00, 2.350000000E+01, 2.350000000E+01, 1.862915775E+03
      1410, 9.117962909E-04, 6.921058986E-03, 0.000000000E+00, 9.113663295E-04, 6.923020410E-03, 2.222222222E-03, 2.444807697E-07, 4.384500831E+02, 7.726045701E+02, 3.000000000E+02, 1.176655108E+00, 2.350000000E+01, 2.350000000E+01, 1.862915775E+03
      1411, 3.203923407E-04, 7.334056310E-03, 0.000000000E+00, 3.202278613E-04, 7.335488397E-03, 2.222222222E-03, 2.272373535E-07, 4.393149643E+02, 7.741571402E+02, 3.000000000E+02, 1.176655108E+00, 2.350000000E+01, 2.350000000E+01, 1.862915775E+03
      1412,-3.348918108E-04, 7.666668389E-03, 0.000000000E+00,-3.347110786E-04, 7.667727582E-03, 2.222222222E-03, 2.086515904E-07, 4.401815389E+02, 7.756759247E+02, 3.000000000E+02, 1.176655108E+00, 2.350000000E+01, 2.350000000E+01, 1.862915775E+03
      1413,-1.041877433E-03, 7.910689339E-03, 0.000000000E+00,-1.041299499E-03, 7.911525037E-03, 2.222222222E-03, 1.893745972E-07, 4.410302496E+02, 7.771095903E+02, 3.000000000E+02, 1.176655108E+00, 2.350000000E+01, 2.350000000E+01, 1.862915775E+03
      1414,-1.787526067E-03, 8.060268126E-03, 0.000000000E+00,-1.786525960E-03, 8.061020471E-03, 2.222222222E-03, 1.699808412E-07, 4.418439865E+02, 7.783965868E+02, 3.000000000E+02, 1.176655108E+00, 2.350000000E+01, 2.350000000E+01, 1.862915775E+03
      1415,-2.558346605E-03, 8.111689240E-03, 0.000000000E+00,-2.556936555E-03, 8.112486160E-03, 2.222222222E-03, 1.509696745E-07, 4.426124126E+02, 7.794538738E+02, 3.000000000E+02, 1.176655108E+00, 2.350000000E+01, 2.350000000E+01, 1.862915775E+03
      1416,-3.340641037E-03, 8.063064888E-03, 0.000000000E+00,-3.338894105E-03, 8.064006212E-03, 2.222222222E-03, 1.327867321E-07, 4.433261774E+02, 7.802330290E+02, 3.000000000E+02, 1.176655108E+00, 2.350000000E+01, 2.350000000E+01, 1.862915775E+03
      1417,-4.120602272E-03, 7.914064452E-03, 0.000000000E+00,-4.118688886E-03, 7.915188210E-03, 2.222222222E-03, 1.158555556E-07, 4.439930257E+02, 7.807088978E+02, 3.000000000E+02, 1.176655108E+00, 2.350000000E+01, 2.350000000E+01, 1.862915775E+03
      1418,-4.884386901E-03, 7.665866055E-03, 0.000000000E+00,-4.882607926E-03, 7.667087713E-03, 2.222222222E-03, 1.005980894E-07, 4.445978274E+02, 7.807881040E+02, 3.000000000E+02, 1.176655108E+00, 2.350000000E+01, 2.350000000E+01, 1.862915775E+03
      1419,-5.618479569E-03, 7.321532350E-03, 0.000000000E+00,-5.617229112E-03, 7.322582131E-03, 2.222222222E-03, 8.740336338E-08, 4.451299493E+02, 7.803591575E+02, 3.000000000E+02, 1.176655108E+00, 2.350000000E+01, 2.350000000E+01, 1.862915775E+03
      1420,-6.310703699E-03, 6.886746734E-03, 0.000000000E+00,-6.310299312E-03, 6.887218010E-03, 2.222222222E-03, 7.650784568E-08, 4.455799356E+02, 7.793167419E+02, 3.000000000E+02, 1.176655108E+00, 2.350000000E+01, 2.350000000E+01, 1.862915775E+03
      1421,-6.951706950E-03, 6.370206829E-03, 0.000000000E+00,-6.952165515E-03, 6.369790615E-03, 2.222222222E-03, 6.783630993E-08, 4.459520686E+02, 7.775848451E+02, 3.000000000E+02, 1.176655108E+00, 2.350000000E+01, 2.350000000E+01, 1.862915775E+03
      1422,-7.535755634E-03, 5.782692228E-03, 0.000000000E+00,-7.536768571E-03, 5.781413537E-03, 2.222222222E-03, 6.096566104E-08, 4.462674386E+02, 7.750656600E+02, 3.000000000E+02, 1.176655108E+00, 2.350000000E+01, 2.350000000E+01, 1.862915775E+03
      1423,-8.059846237E-03, 5.135021638E-03, 0.000000000E+00,-8.061009357E-03, 5.133205165E-03, 2.222222222E-03, 5.530175670E-08, 4.465520662E+02, 7.714846479E+02, 3.000000000E+02, 1.176655108E+00, 2.350000000E+01, 2.350000000E+01, 1.862915775E+03
      1424,-8.521874435E-03, 4.436494317E-03, 0.000000000E+00,-8.522897891E-03, 4.434528695E-03, 2.222222222E-03, 5.032573699E-08, 4.468273735E+02, 7.661774708E+02, 3.000000000E+02, 1.176655108E+00, 2.350000000E+01, 2.350000000E+01, 1.862915775E+03
      1425,-8.919366635E-03, 3.694738727E-03, 0.000000000E+00,-8.920126438E-03, 3.692916284E-03, 2.222222222E-03, 4.571778634E-08, 4.471032492E+02, 7.579577948E+02, 3.000000000E+02, 1.176655108E+00, 2.350000000E+01, 2.350000000E+01, 1.862915775E+03
      1426,-9.249307215E-03, 2.916441066E-03, 0.000000000E+00,-9.249791182E-03, 2.914932766E-03, 2.222222222E-03, 4.133778699E-08, 4.473792401E+02, 7.455730330E+02, 3.000000000E+02, 1.176655108E+00, 2.350000000E+01, 2.350000000E+01, 1.862915775E+03
      1427,-9.508522227E-03, 2.108076587E-03, 0.000000000E+00,-9.508779593E-03, 2.106966939E-03, 2.222222222E-03, 3.715253070E-08, 4.476371372E+02, 7.285390157E+02, 3.000000000E+02, 1.176655108E+00, 2.350000000E+01, 2.350000000E+01, 1.862915775E+03
      1428,-9.694132954E-03, 1.276300754E-03, 0.000000000E+00,-9.694233011E-03, 1.275626067E-03, 2.222222222E-03, 3.317467590E-08, 4.478604538E+02, 7.062696992E+02, 3.000000000E+02, 1.176655108E+00, 2.350000000E+01, 2.350000000E+01, 1.862915775E+03
      1429,-9.803837165E-03, 4.280568683E-04, 0.000000000E+00,-9.803856985E-03, 4.278308181E-04, 2.222222222E-03, 2.942829127E-08, 4.480440059E+02, 6.785212487E+02, 3.000000000E+02, 1.176655108E+00, 2.350000000E+01, 2.350000000E+01, 1.862915775E+03
      1430,-9.836060926E-03,-4.294615646E-04, 0.000000000E+00,-9.836078160E-03,-4.292354276E-04, 2.222222222E-03, 2.593401918E-08, 4.481823138E+02, 6.458194577E+02, 3.000000000E+02, 1.176655108E+00, 2.350000000E+01, 2.350000000E+01, 1.862915775E+03
      1431,-9.790008888E-03,-1.288903062E-03, 0.000000000E+00,-9.790102203E-03,-1.288227513E-03, 2.222222222E-03, 2.270490106E-08, 4.482749677E+02, 6.093755618E+02, 3.000000000E+02, 1.176655108E+00, 2.350000000E+01, 2.350000000E+01, 1.862915775E+03
      1432,-9.665668942E-03,-2.142858692E-03, 0.000000000E+00,-9.665918066E-03,-2.141747315E-03, 2.222222222E-03, 1.974716305E-08, 4.483280408E+02, 5.711772874E+02, 3.000000000E+02, 1.176655108E+00, 2.350000000E+01, 2.350000000E+01, 1.862915775E+03
      1433,-9.463798255E-03,-2.983957995E-03, 0.000000000E+00,-9.464275648E-03,-2.982447307E-03, 2.222222222E-03, 1.706312573E-08, 4.483463252E+02, 5.341975321E+02, 3.000000000E+02, 1.176655108E+00, 2.350000000E+01, 2.350000000E+01, 1.862915775E+03
      1434,-9.185896255E-03,-3.804953303E-03, 0.000000000E+00,-9.186651064E-03,-3.803129342E-03, 2.222222222E-03, 1.465494559E-08, 4.483427019E+02, 5.015031667E+02, 3.000000000E+02, 1.176655108E+00, 2.350000000E+01, 2.350000000E+01, 1.862915775E+03
      1435,-8.834185079E-03,-4.598808941E-03, 0.000000000E+00,-8.835207929E-03,-4.596842948E-03, 2.222222222E-03, 1.252820318E-08, 4.483326583E+02, 4.756366611E+02, 3.000000000E+02, 1.176655108E+00, 2.350000000E+01, 2.350000000E+01, 1.862915775E+03
      1436,-8.411607705E-03,-5.358798429E-03, 0.000000000E+00,-8.412766473E-03,-5.356979012E-03, 2.222222222E-03, 1.069338083E-08, 4.482955236E+02, 4.581492352E+02, 3.000000000E+02, 1.176655108E+00, 2.350000000E+01, 2.350000000E+01, 1.862915775E+03
      1437,-7.921813056E-03,-6.078623701E-03, 0.000000000E+00,-7.922806410E-03,-6.077330499E-03, 2.222222222E-03, 9.161511945E-09, 4.480390045E+02, 4.492322209E+02, 3.000000000E+02, 1.176655108E+00, 2.350000000E+01, 2.350000000E+01, 1.862915775E+03
      1438, 5.206374452E-03, 2.713357564E-03, 0.000000000E+00, 5.210640046E-03, 2.713076960E-03, 2.222222222E-03, 2.788702372E-07, 4.362355874E+02, 7.685152165E+02, 3.000000000E+02, 1.176655108E+00, 2.350000000E+01, 2.350000000E+01, 1.862915775E+03
      1439, 5.797763821E-03, 2.403895603E-03, 0.000000000E+00, 5.801149103E-03, 2.403159169E-03, 2.222222222E-03, 2.695014251E-07, 4.369590798E+02, 7.698813370E+02, 3.000000000E+02, 1.176655108E+00, 2.350000000E+01, 2.350000000E+01, 1.862915775E+03
      1440, 6.349063478E-03, 2.003514441E-03, 0.000000000E+00, 6.351689214E-03, 2.002680111E-03, 2.222222222E-03, 2.573048775E-07, 4.377250323E+02, 7.713011225E+02, 3.000000000E+02, 1.176655108E+00, 2.350000000E+01, 2.350000000E+01, 1.862915775E+03
      1441, 6.851681042E-03, 1.520022517E-03, 0.000000000E+00, 6.853661968E-03, 1.519294253E-03, 2.222222222E-03, 2.427401625E-07, 4.385254789E+02, 7.727610693E+02, 3.000000000E+02, 1.176655108E+00, 2.350000000E+01, 2.350000000E+01, 1.862915775E+03
      1442, 7.294516545E-03, 9.608850814E-04, 0.000000000E+00, 7.295972874E-03, 9.603887563E-04, 2.222222222E-03, 2.263324229E-07, 4.393499320E+02, 7.742310876E+02, 3.000000000E+02, 1.176655108E+00, 2.350000000E+01, 2.350000000E+01, 1.862915775E+03
      1443, 7.666668389E-03, 3.348918108E-04, 0.000000000E+00, 7.667727582E-03, 3.347110786E-04, 2.222222222E-03, 2.086515904E-07, 4.401815389E+02, 7.756759247E+02, 3.000000000E+02, 1.176655108E+00, 2.350000000E+01, 2.350000000E+01, 1.862915775E+03
      1444, 7.958826609E-03,-3.476277634E-04, 0.000000000E+00, 7.959615742E-03,-3.474352841E-04, 2.222222222E-03, 1.902583010E-07, 4.410025491E+02, 7.770533142E+02, 3.000000000E+02, 1.176655108E+00, 2.350000000E+01, 2.350000000E+01, 1.862915775E+03
      1445, 8.163781837E-03,-1.075144974E-03, 0.000000000E+00, 8.164427685E-03,-1.074542077E-03, 2.222222222E-03, 1.716633803E-07, 4.417971825E+02, 7.783134561E+02, 3.000000000E+02, 1.176655108E+00, 2.350000000E+01, 2.350000000E+01, 1.862915775E+03
      1446, 8.276471868E-03,-1.835379633E-03, 0.000000000E+00, 8.277094226E-03,-1.834350826E-03, 2.222222222E-03, 1.533110724E-07, 4.425534615E+02, 7.793896742E+02, 3.000000000E+02, 1.176655108E+00, 2.350000000E+01, 2.350000000E+01, 1.862915775E+03
      1447, 8.293782361E-03,-2.615664620E-03, 0.000000000E+00, 8.294493296E-03,-2.614228015E-03, 2.222222222E-03, 1.355837593E-07, 4.432666594E+02, 7.802164386E+02, 3.000000000E+02, 1.176655108E+00, 2.350000000E+01, 2.350000000E+01, 1.862915775E+03
      1448, 8.214280009E-03,-3.403171198E-03, 0.000000000E+00, 8.215167840E-03,-3.401402345E-03, 2.222222222E-03, 1.188227927E-07, 4.439297507E+02, 7.807424718E+02, 3.000000000E+02, 1.176655108E+00, 2.350000000E+01, 2.350000000E+01, 1.862915775E+03
      1449, 8.037978783E-03,-4.185003694E-03, 0.000000000E+00, 8.039071222E-03,-4.183073555E-03, 2.222222222E-03, 1.033569129E-07, 4.445400895E+02, 7.808927740E+02, 3.000000000E+02, 1.176655108E+00, 2.350000000E+01, 2.350000000E+01, 1.862915775E+03
      1450, 7.766297087E-03,-4.948277026E-03, 0.000000000E+00, 7.767497903E-03,-4.946484884E-03, 2.222222222E-03, 8.951963111E-08, 4.450854953E+02, 7.805374459E+02, 3.000000000E+02, 1.176655108E+00, 2.350000000E+01, 2.350000000E+01, 1.862915775E+03
      1451, 7.402373943E-03,-5.680448376E-03, 0.000000000E+00, 7.403407481E-03,-5.679185712E-03, 2.222222222E-03, 7.762011376E-08, 4.455591002E+02, 7.795013240E+02, 3.000000000E+02, 1.176655108E+00, 2.350000000E+01, 2.350000000E+01, 1.862915775E+03
      1452, 6.951706950E-03,-6.370206829E-03, 0.000000000E+00, 6.952165515E-03,-6.369790615E-03, 2.222222222E-03, 6.783630993E-08, 4.459520686E+02, 7.775848451E+02, 3.000000000E+02, 1.176655108E+00, 2.350000000E+01, 2.350000000E+01, 1.862915775E+03
      1453, 6.422473583E-03,-7.008767221E-03, 0.000000000E+00, 6.422047710E-03,-7.009215332E-03, 2.222222222E-03, 6.007466350E-08, 4.462753787E+02, 7.746186492E+02, 3.000000000E+02, 1.176655108E+00, 2.350000000E+01, 2.350000000E+01, 1.862915775E+03
      1454, 5.824688356E-03,-7.590541616E-03, 0.000000000E+00, 5.823405193E-03,-7.591548696E-03, 2.222222222E-03, 5.393979591E-08, 4.465525055E+02, 7.703982824E+02, 3.000000000E+02, 1.176655108E+00, 2.350000000E+01, 2.350000000E+01, 1.862915775E+03
      1455, 5.168428645E-03,-8.112358861E-03, 0.000000000E+00, 5.166609664E-03,-8.113518934E-03, 2.222222222E-03, 4.889192815E-08, 4.468063661E+02, 7.643033326E+02, 3.000000000E+02, 1.176655108E+00, 2.350000000E+01, 2.350000000E+01, 1.862915775E+03
      1456, 4.462474957E-03,-8.571864106E-03, 0.000000000E+00, 4.460508337E-03,-8.572885511E-03, 2.222222222E-03, 4.446399295E-08, 4.470573123E+02, 7.553377352E+02, 3.000000000E+02, 1.176655108E+00, 2.350000000E+01, 2.350000000E+01, 1.862915775E+03
      1457, 3.714201506E-03,-8.966433816E-03, 0.000000000E+00, 3.712378166E-03,-8.967190471E-03, 2.222222222E-03, 4.036914534E-08, 4.473146882E+02, 7.427550833E+02, 3.000000000E+02, 1.176655108E+00, 2.350000000E+01, 2.350000000E+01, 1.862915775E+03
      1458, 2.930205781E-03,-9.293035604E-03, 0.000000000E+00, 2.928696693E-03,-9.293517294E-03, 2.222222222E-03, 3.648167381E-08, 4.475749466E+02, 7.259204164E+02, 3.000000000E+02, 1.176655108E+00, 2.350000000E+01, 2.350000000E+01, 1.862915775E+03
      1459, 2.116943011E-03,-9.548581205E-03, 0.000000000E+00, 2.115832779E-03,-9.548835643E-03, 2.222222222E-03, 3.277129799E-08, 4.478133757E+02, 7.043020004E+02, 3.000000000E+02, 1.176655108E+00, 2.350000000E+01, 2.350000000E+01, 1.862915775E+03
      1460, 1.281056437E-03,-9.730312973E-03, 0.000000000E+00, 1.280381438E-03,-9.730410886E-03, 2.222222222E-03, 2.924853725E-08, 4.480171398E+02, 6.775022394E+02, 3.000000000E+02, 1.176655108E+00, 2.350000000E+01, 2.350000000E+01, 1.862915775E+03
      1461, 4.294615646E-04,-9.836060926E-03, 0.000000000E+00, 4.292354276E-04,-9.836078160E-03, 2.222222222E-03, 2.593401918E-08, 4.481823138E+02, 6.458194577E+02, 3.000000000E+02, 1.176655108E+00, 2.350000000E+01, 2.350000000E+01, 1.862915775E+03
      1462,-4.306954215E-04,-9.864364751E-03, 0.000000000E+00,-4.304692117E-04,-9.864380672E-03, 2.222222222E-03, 2.284532994E-08, 4.483035821E+02, 6.103929098E+02, 3.000000000E+02, 1.176655108E+00, 2.350000000E+01, 2.350000000E+01, 1.862915775E+03
      1463,-1.292126020E-03,-9.814527817E-03, 0.000000000E+00,-1.291450326E-03,-9.814620697E-03, 2.222222222E-03, 1.999335135E-08, 4.483814322E+02, 5.730802090E+02, 3.000000000E+02, 1.176655108E+00, 2.350000000E+01, 2.350000000E+01, 1.862915775E+03
      1464,-2.147494815E-03,-9.686615318E-03, 0.000000000E+00,-2.146383252E-03,-9.686863330E-03, 2.222222222E-03, 1.738298582E-08, 4.484230004E+02, 5.364683680E+02, 3.000000000E+02, 1.176655108E+00, 2.350000000E+01, 2.350000000E+01, 1.862915775E+03
      1465,-2.989510773E-03,-9.481439367E-03, 0.000000000E+00,-2.988000296E-03,-9.481916734E-03, 2.222222222E-03, 1.501574388E-08, 4.484331745E+02, 5.035831226E+02, 3.000000000E+02, 1.176655108E+00, 2.350000000E+01, 2.350000000E+01, 1.862915775E+03
      1466,-3.811011324E-03,-9.200545028E-03, 0.000000000E+00,-3.809187433E-03,-9.201301145E-03, 2.222222222E-03, 1.289304966E-08, 4.484164224E+02, 4.770600859E+02, 3.000000000E+02, 1.176655108E+00, 2.350000000E+01, 2.350000000E+01, 1.862915775E+03
      1467,-4.605048336E-03,-8.846189827E-03, 0.000000000E+00,-4.603082459E-03,-8.847213418E-03, 2.222222222E-03, 1.101939870E-08, 4.483615722E+02, 4.587706229E+02, 3.000000000E+02, 1.176655108E+00, 2.350000000E+01, 2.350000000E+01, 1.862915775E+03
      1468,-5.364987534E-03,-8.421337232E-03, 0.000000000E+00,-5.363168998E-03,-8.422496705E-03, 2.222222222E-03, 9.403650056E-09, 4.480884090E+02, 4.493469939E+02, 3.000000000E+02, 1.176655108E+00, 2.350000000E+01, 2.350000000E+01, 1.862915775E+03
      1469, 4.108740017E-03, 2.861072542E-03, 0.000000000E+00, 4.105989551E-03, 2.860492901E-03, 2.222222222E-03, 1.792225684E-07, 4.348770368E+02, 7.657542470E+02, 3.000000000E+02, 1.176655108E+00, 2.350000000E+01, 2.350000000E+01, 1.862915775E+03
      1470, 4.690376576E-03, 2.445182297E-03, 0.000000000E+00, 4.696146722E-03, 2.445683699E-03, 2.222222222E-03, 2.860499029E-07, 4.352926492E+02, 7.667774444E+02, 3.000000000E+02, 1.176655108E+00, 2.350000000E+01, 2.350000000E+01, 1.862915775E+03
      1471, 3.518843558E-03, 3.518843791E-03, 0.000000000E+00, 3.517038449E-03, 3.517038449E-03, 2.222222222E-03, 1.955952590E-07, 4.349252956E+02, 7.655207483E+02, 3.000000000E+02, 1.176655108E+00, 2.350000000E+01, 2.350000000E+01, 1.862915775E+03
      1472, 2.861072542E-03, 4.108740017E-03, 0.000000000E+00, 2.860492901E-03, 4.105989551E-03, 2.222222222E-03, 1.792225684E-07, 4.348770368E+02, 7.657542470E+02, 3.000000000E+02, 1.176655108E+00, 2.350000000E+01, 2.350000000E+01, 1.862915775E+03
      1473, 2.919380553E-03, 4.577010870E-03, 0.000000000E+00, 2.920204051E-03, 4.582323631E-03, 2.222222222E-03, 2.848773439E-07, 4.354922664E+02, 7.671263201E+02, 3.000000000E+02, 1.176655108E+00, 2.350000000E+01, 2.350000000E+01, 1.862915775E+03
      1474, 2.713357564E-03, 5.206373986E-03, 0.000000000E+00, 2.713076960E-03, 5.210640046E-03, 2.222222222E-03, 2.788702372E-07, 4.362355874E+02, 7.685152165E+02, 3.000000000E+02, 1.176655108E+00, 2.350000000E+01, 2.350000000E+01, 1.862915775E+03
      1475, 2.403895603E-03, 5.797763821E-03, 0.000000000E+00, 2.403159169E-03, 5.801149103E-03, 2.222222222E-03, 2.695014251E-07, 4.369590798E+02, 7.698813370E+02, 3.000000000E+02, 1.176655108E+00, 2.350000000E+01, 2.350000000E+01, 1.862915775E+03
      1476, 2.003514208E-03, 6.349063478E-03, 0.000000000E+00, 2.002680111E-03, 6.351689214E-03, 2.222222222E-03, 2.573048775E-07, 4.377250323E+02, 7.713011225E+02, 3.000000000E+02, 1.176655108E+00, 2.350000000E+01, 2.350000000E+01, 1.862915775E+03
      1477, 1.520022517E-03, 6.851681508E-03, 0.000000000E+00, 1.519294253E-03, 6.853661968E-03, 2.222222222E-03, 2.427401625E-07, 4.385254789E+02, 7.727610693E+02, 3.000000000E+02, 1.176655108E+00, 2.350000000E+01, 2.350000000E+01, 1.862915775E+03
      1478, 9.608850814E-04, 7.294516545E-03, 0.000000000E+00, 9.603887563E-04, 7.295972874E-03, 2.222222222E-03, 2.263324229E-07, 4.393499320E+02, 7.742310876E+02, 3.000000000E+02, 1.176655108E+00, 2.350000000E+01, 2.350000000E+01, 1.862915775E+03
      1479, 3.348918108E-04, 7.666668389E-03, 0.000000000E+00, 3.347110786E-04, 7.667727582E-03, 2.222222222E-03, 2.086515904E-07, 4.401815389E+02, 7.756759247E+02, 3.000000000E+02, 1.176655108E+00, 2.350000000E+01, 2.350000000E+01, 1.862915775E+03
      1480,-3.476277634E-04, 7.958825678E-03, 0.000000000E+00,-3.474352841E-04, 7.959615742E-03, 2.222222222E-03, 1.902583010E-07, 4.410025491E+02, 7.770533142E+02, 3.000000000E+02, 1.176655108E+00, 2.350000000E+01, 2.350000000E+01, 1.862915775E+03
      1481,-1.075145090E-03, 8.163782768E-03, 0.000000000E+00,-1.074542077E-03, 8.164427685E-03, 2.222222222E-03, 1.716633803E-07, 4.417971825E+02, 7.783134561E+02, 3.000000000E+02, 1.176655108E+00, 2.350000000E+01, 2.350000000E+01, 1.862915775E+03
      1482,-1.835379633E-03, 8.276471868E-03, 0.000000000E+00,-1.834350826E-03, 8.277094226E-03, 2.222222222E-03, 1.533110724E-07, 4.425534615E+02, 7.793896742E+02, 3.000000000E+02, 1.176655108E+00, 2.350000000E+01, 2.350000000E+01, 1.862915775E+03
      1483,-2.615664620E-03, 8.293781430E-03, 0.000000000E+00,-2.614228015E-03, 8.294493296E-03, 2.222222222E-03, 1.355837593E-07, 4.432666594E+02, 7.802164386E+02, 3.000000000E+02, 1.176655108E+00, 2.350000000E+01, 2.350000000E+01, 1.862915775E+03
      1484,-3.403171431E-03, 8.214280009E-03, 0.000000000E+00,-3.401402345E-03, 8.215167840E-03, 2.222222222E-03, 1.188227927E-07, 4.439297507E+02, 7.807424718E+02, 3.000000000E+02, 1.176655108E+00, 2.350000000E+01, 2.350000000E+01, 1.862915775E+03
      1485,-4.185003694E-03, 8.037978783E-03, 0.000000000E+00,-4.183073555E-03, 8.039071222E-03, 2.222222222E-03, 1.033569129E-07, 4.445400895E+02, 7.808927740E+02, 3.000000000E+02, 1.176655108E+00, 2.350000000E+01, 2.350000000E+01, 1.862915775E+03
      1486,-4.948277026E-03, 7.766297087E-03, 0.000000000E+00,-4.946484884E-03, 7.767497903E-03, 2.222222222E-03, 8.951963111E-08, 4.450854953E+02, 7.805374459E+02, 3.000000000E+02, 1.176655108E+00, 2.350000000E+01, 2.350000000E+01, 1.862915775E+03
      1487,-5.680448376E-03, 7.402373478E-03, 0.000000000E+00,-5.679185712E-03, 7.403407481E-03, 2.222222222E-03, 7.762011376E-08, 4.455591002E+02, 7.795013240E+02, 3.000000000E+02, 1.176655108E+00, 2.350000000E+01, 2.350000000E+01, 1.862915775E+03
      1488,-6.370206829E-03, 6.951706950E-03, 0.000000000E+00,-6.369790615E-03, 6.952165515E-03, 2.222222222E-03, 6.783630993E-08, 4.459520686E+02, 7.775848451E+02, 3.000000000E+02, 1.176655108E+00, 2.350000000E+01, 2.350000000E+01, 1.862915775E+03
      1489,-7.008766755E-03, 6.422473118E-03, 0.000000000E+00,-7.009215332E-03, 6.422047710E-03, 2.222222222E-03, 6.007466350E-08, 4.462753787E+02, 7.746186492E+02, 3.000000000E+02, 1.176655108E+00, 2.350000000E+01, 2.350000000E+01, 1.862915775E+03
      1490,-7.590541616E-03, 5.824688356E-03, 0.000000000E+00,-7.591548696E-03, 5.823405193E-03, 2.222222222E-03, 5.393979591E-08, 4.465525055E+02, 7.703982824E+02, 3.000000000E+02, 1.176655108E+00, 2.350000000E+01, 2.350000000E+01, 1.862915775E+03
      1491,-8.112359792E-03, 5.168428179E-03, 0.000000000E+00,-8.113518934E-03, 5.166609664E-03, 2.222222222E-03, 4.889192815E-08, 4.468063661E+02, 7.643033326E+02, 3.000000000E+02, 1.176655108E+00, 2.350000000E+01, 2.350000000E+01, 1.862915775E+03
      1492,-8.571864106E-03, 4.462475423E-03, 0.000000000E+00,-8.572885511E-03, 4.460508337E-03, 2.222222222E-03, 4.446399295E-08, 4.470573123E+02, 7.553377352E+02, 3.000000000E+02, 1.176655108E+00, 2.350000000E+01, 2.350000000E+01, 1.862915775E+03
      1493,-8.966433816E-03, 3.714201506E-03, 0.000000000E+00,-8.967190471E-03, 3.712378166E-03, 2.222222222E-03, 4.036914534E-08, 4.473146882E+02, 7.427550833E+02, 3.000000000E+02, 1.176655108E+00, 2.350000000E+01, 2.350000000E+01, 1.862915775E+03
      1494,-9.293035604E-03, 2.930205548E-03, 0.000000000E+00,-9.293517294E-03, 2.928696693E-03, 2.222222222E-03, 3.648167381E-08, 4.475749466E+02, 7.259204164E+02, 3.000000000E+02, 1.176655108E+00, 2.350000000E+01, 2.350000000E+01, 1.862915775E+03
      1495,-9.548581205E-03, 2.116943011E-03, 0.000000000E+00,-9.548835643E-03, 2.115832779E-03, 2.222222222E-03, 3.277129799E-08, 4.478133757E+02, 7.043020004E+02, 3.000000000E+02, 1.176655108E+00, 2.350000000E+01, 2.350000000E+01, 1.862915775E+03
      1496,-9.730313905E-03, 1.281056437E-03, 0.000000000E+00,-9.730410886E-03, 1.280381438E-03, 2.222222222E-03, 2.924853725E-08, 4.480171398E+02, 6.775022394E+02, 3.000000000E+02, 1.176655108E+00, 2.350000000E+01, 2.350000000E+01, 1.862915775E+03
      1497,-9.836059995E-03, 4.294615646E-04, 0.000000000E+00,-9.836078160E-03, 4.292354276E-04, 2.222222222E-03, 2.593401918E-08, 4.481823138E+02, 6.458194577E+02, 3.000000000E+02, 1.176655108E+00, 2.350000000E+01, 2.350000000E+01, 1.862915775E+03
      1498,-9.864364751E-03,-4.306954215E-04, 0.000000000E+00,-9.864380672E-03,-4.304692117E-04, 2.222222222E-03, 2.284532994E-08, 4.483035821E+02, 6.103929098E+02, 3.000000000E+02, 1.176655108E+00, 2.350000000E+01, 2.350000000E+01, 1.862915775E+03
      1499,-9.814528748E-03,-1.292126020E-03, 0.000000000E+00,-9.814620697E-03,-1.291450326E-03, 2.222222222E-03, 1.999335135E-08, 4.483814322E+02, 5.730802090E+02, 3.000000000E+02, 1.176655108E+00, 2.350000000E+01, 2.350000000E+01, 1.862915775E+03
      1500,-9.686615318E-03,-2.147495048E-03, 0.000000000E+00,-9.686863330E-03,-2.146383252E-03, 2.222222222E-03, 1.738298582E-08, 4.484230004E+02, 5.364683680E+02, 3.000000000E+02, 1.176655108E+00, 2.350000000E+01, 2.350000000E+01, 1.862915775E+03
      1501,-9.481439367E-03,-2.989510773E-03, 0.000000000E+00,-9.481916734E-03,-2.988000296E-03, 2.222222222E-03, 1.501574388E-08, 4.484331745E+02, 5.035831226E+02, 3.000000000E+02, 1.176655108E+00, 2.350000000E+01, 2.350000000E+01, 1.862915775E+03
      1502,-9.200545959E-03,-3.811011324E-03, 0.000000000E+00,-9.201301145E-03,-3.809187433E-03, 2.222222222E-03, 1.289304966E-08, 4.484164224E+02, 4.770600859E+02, 3.000000000E+02, 1.176655108E+00, 2.350000000E+01, 2.350000000E+01, 1.862915775E+03
      1503,-8.846189827E-03,-4.605047870E-03, 0.000000000E+00,-8.847213418E-03,-4.603082459E-03, 2.222222222E-03, 1.101939870E-08, 4.483615722E+02, 4.587706229E+02, 3.000000000E+02, 1.176655108E+00, 2.350000000E+01, 2.350000000E+01, 1.862915775E+03
      1504,-8.421337232E-03,-5.364987999E-03, 0.000000000E+00,-8.422496705E-03,-5.363168998E-03, 2.222222222E-03, 9.403650056E-09, 4.480884090E+02, 4.493469939E+02, 3.000000000E+02, 1.176655108E+00, 2.350000000E+01, 2.350000000E+01, 1.862915775E+03
      1505, 5.053125322E-03, 3.222265746E-03, 0.000000000E+00, 5.057138440E-03, 3.222262295E-03, 2.222222222E-03, 2.762282792E-07, 4.364343877E+02, 7.688708563E+02, 3.000000000E+02, 1.176655108E+00, 2.350000000E+01, 2.350000000E+01, 1.862915775E+03
      1506, 5.659613758E-03, 2.948915819E-03, 0.000000000E+00, 5.662892348E-03, 2.948122221E-03, 2.222222222E-03, 2.662557657E-07, 4.371472224E+02, 7.702257846E+02, 3.000000000E+02, 1.176655108E+00, 2.350000000E+01, 2.350000000E+01, 1.862915775E+03
      1507, 6.224496756E-03, 2.580357948E-03, 0.000000000E+00, 6.227109976E-03, 2.579302182E-03, 2.222222222E-03, 2.541347910E-07, 4.378795807E+02, 7.715933647E+02, 3.000000000E+02, 1.176655108E+00, 2.350000000E+01, 2.350000000E+01, 1.862915775E+03
      1508, 6.745536346E-03, 2.128314460E-03, 0.000000000E+00, 6.747554879E-03, 2.127289082E-03, 2.222222222E-03, 2.401177187E-07, 4.386377320E+02, 7.729829244E+02, 3.000000000E+02, 1.176655108E+00, 2.350000000E+01, 2.350000000E+01, 1.862915775E+03
      1509, 7.214880083E-03, 1.600411371E-03, 0.000000000E+00, 7.216388871E-03, 1.599578716E-03, 2.222222222E-03, 2.245168849E-07, 4.394195912E+02, 7.743754473E+02, 3.000000000E+02, 1.176655108E+00, 2.350000000E+01, 2.350000000E+01, 1.862915775E+03
      1510, 7.622551639E-03, 1.004003454E-03, 0.000000000E+00, 7.623647769E-03, 1.003459711E-03, 2.222222222E-03, 2.077442852E-07, 4.402130848E+02, 7.757420054E+02, 3.000000000E+02, 1.176655108E+00, 2.350000000E+01, 2.350000000E+01, 1.862915775E+03
      1511, 7.958825678E-03, 3.476277634E-04, 0.000000000E+00, 7.959615742E-03, 3.474352841E-04, 2.222222222E-03, 1.902583010E-07, 4.410025491E+02, 7.770533142E+02, 3.000000000E+02, 1.176655108E+00, 2.350000000E+01, 2.350000000E+01, 1.862915775E+03
      1512, 8.215450682E-03,-3.588146938E-04, 0.000000000E+00, 8.216042617E-03,-3.586136349E-04, 2.222222222E-03, 1.725065344E-07, 4.417734682E+02, 7.782687756E+02, 3.000000000E+02, 1.176655108E+00, 2.350000000E+01, 2.350000000E+01, 1.862915775E+03
      1513, 8.386092260E-03,-1.104366384E-03, 0.000000000E+00, 8.386597987E-03,-1.103745068E-03, 2.222222222E-03, 1.548905414E-07, 4.425144277E+02, 7.793338643E+02, 3.000000000E+02, 1.176655108E+00, 2.350000000E+01, 2.350000000E+01, 1.862915775E+03
      1514, 8.466379717E-03,-1.877413015E-03, 0.000000000E+00, 8.466906087E-03,-1.876362993E-03, 2.222222222E-03, 1.377539697E-07, 4.432184079E+02, 7.801895305E+02, 3.000000000E+02, 1.176655108E+00, 2.350000000E+01, 2.350000000E+01, 1.862915775E+03
      1515, 8.453726768E-03,-2.666011686E-03, 0.000000000E+00, 8.454375771E-03,-2.664555165E-03, 2.222222222E-03, 1.213893051E-07, 4.438830272E+02, 7.807782620E+02, 3.000000000E+02, 1.176655108E+00, 2.350000000E+01, 2.350000000E+01, 1.862915775E+03
      1516, 8.347102441E-03,-3.458096180E-03, 0.000000000E+00, 8.347952245E-03,-3.456311250E-03, 2.222222222E-03, 1.060577416E-07, 4.444930483E+02, 7.809986707E+02, 3.000000000E+02, 1.176655108E+00, 2.350000000E+01, 2.350000000E+01, 1.862915775E+03
      1517, 8.146822453E-03,-4.241572227E-03, 0.000000000E+00, 8.147892042E-03,-4.239630079E-03, 2.222222222E-03, 9.201463778E-08, 4.450420025E+02, 7.807350487E+02, 3.000000000E+02, 1.176655108E+00, 2.350000000E+01, 2.350000000E+01, 1.862915775E+03
      1518, 7.854512893E-03,-5.004396662E-03, 0.000000000E+00, 7.855699044E-03,-5.002594932E-03, 2.222222222E-03, 7.952430639E-08, 4.455262709E+02, 7.797940514E+02, 3.000000000E+02, 1.176655108E+00, 2.350000000E+01, 2.350000000E+01, 1.862915775E+03
      1519, 7.473382633E-03,-5.734879989E-03, 0.000000000E+00, 7.474404702E-03,-5.733608569E-03, 2.222222222E-03, 6.883319964E-08, 4.459380292E+02, 7.778741584E+02, 3.000000000E+02, 1.176655108E+00, 2.350000000E+01, 2.350000000E+01, 1.862915775E+03
      1520, 7.008766755E-03,-6.422473118E-03, 0.000000000E+00, 7.009215332E-03,-6.422047710E-03, 2.222222222E-03, 6.007466350E-08, 4.462753787E+02, 7.746186492E+02, 3.000000000E+02, 1.176655108E+00, 2.350000000E+01, 2.350000000E+01, 1.862915775E+03
      1521, 6.468382664E-03,-7.058886811E-03, 0.000000000E+00, 6.467950102E-03,-7.059327629E-03, 2.222222222E-03, 5.314531934E-08, 4.465549224E+02, 7.697112116E+02, 3.000000000E+02, 1.176655108E+00, 2.350000000E+01, 2.350000000E+01, 1.862915775E+03
      1522, 5.861577112E-03,-7.638664450E-03, 0.000000000E+00, 5.860290341E-03,-7.639667137E-03, 2.222222222E-03, 4.767955830E-08, 4.467984423E+02, 7.625748108E+02, 3.000000000E+02, 1.176655108E+00, 2.350000000E+01, 2.350000000E+01, 1.862915775E+03
      1523, 5.197771825E-03,-8.158485405E-03, 0.000000000E+00, 5.195951839E-03,-8.159642818E-03, 2.222222222E-03, 4.318944200E-08, 4.470281123E+02, 7.525511490E+02, 3.000000000E+02, 1.176655108E+00, 2.350000000E+01, 2.350000000E+01, 1.862915775E+03
      1524, 4.485296085E-03,-8.615774103E-03, 0.000000000E+00, 4.483328550E-03,-8.616794048E-03, 2.222222222E-03, 3.925598130E-08, 4.472614066E+02, 7.393266387E+02, 3.000000000E+02, 1.176655108E+00, 2.350000000E+01, 2.350000000E+01, 1.862915775E+03
      1525, 3.731296863E-03,-9.007776156E-03, 0.000000000E+00, 3.729473229E-03,-9.008530901E-03, 2.222222222E-03, 3.562264587E-08, 4.475041966E+02, 7.224694953E+02, 3.000000000E+02, 1.176655108E+00, 2.350000000E+01, 2.350000000E+01, 1.862915775E+03
      1526, 2.942296211E-03,-9.331446141E-03, 0.000000000E+00, 2.940786729E-03,-9.331925686E-03, 2.222222222E-03, 3.217698041E-08, 4.477474856E+02, 7.012952334E+02, 3.000000000E+02, 1.176655108E+00, 2.350000000E+01, 2.350000000E+01, 1.862915775E+03
      1527, 2.124731196E-03,-9.583768435E-03, 0.000000000E+00, 2.123620395E-03,-9.584020259E-03, 2.222222222E-03, 2.889153014E-08, 4.479680034E+02, 6.753466128E+02, 3.000000000E+02, 1.176655108E+00, 2.350000000E+01, 2.350000000E+01, 1.862915775E+03
      1528, 1.285233768E-03,-9.762093425E-03, 0.000000000E+00, 1.284558476E-03,-9.762188932E-03, 2.222222222E-03, 2.577507253E-08, 4.481544909E+02, 6.447680149E+02, 3.000000000E+02, 1.176655108E+00, 2.350000000E+01, 2.350000000E+01, 1.862915775E+03
      1529, 4.306954215E-04,-9.864364751E-03, 0.000000000E+00, 4.304692117E-04,-9.864380672E-03, 2.222222222E-03, 2.284532994E-08, 4.483035821E+02, 6.103929098E+02, 3.000000000E+02, 1.176655108E+00, 2.350000000E+01, 2.350000000E+01, 1.862915775E+03
      1530,-4.317792191E-04,-9.889227338E-03, 0.000000000E+00,-4.315529446E-04,-9.889241069E-03, 2.222222222E-03, 2.011732868E-08, 4.484106880E+02, 5.739935240E+02, 3.000000000E+02, 1.176655108E+00, 2.350000000E+01, 2.350000000E+01, 1.862915775E+03
      1531,-1.294956892E-03,-9.836065583E-03, 0.000000000E+00,-1.294281182E-03,-9.836157261E-03, 2.222222222E-03, 1.760018463E-08, 4.484773572E+02, 5.380184684E+02, 3.000000000E+02, 1.176655108E+00, 2.350000000E+01, 2.350000000E+01, 1.862915775E+03
      1532,-2.151567023E-03,-9.705012664E-03, 0.000000000E+00,-2.150455365E-03,-9.705261220E-03, 2.222222222E-03, 1.529776690E-08, 4.485110881E+02, 5.052281431E+02, 3.000000000E+02, 1.176655108E+00, 2.350000000E+01, 2.350000000E+01, 1.862915775E+03
      1533,-2.994388575E-03,-9.496935643E-03, 0.000000000E+00,-2.992877923E-03,-9.497412288E-03, 2.222222222E-03, 1.321099503E-08, 4.485078848E+02, 4.783347630E+02, 3.000000000E+02, 1.176655108E+00, 2.350000000E+01, 2.350000000E+01, 1.862915775E+03
      1534,-3.816332435E-03,-9.213414043E-03, 0.000000000E+00,-3.814508726E-03,-9.214169455E-03, 2.222222222E-03, 1.134075731E-08, 4.484449530E+02, 4.594173480E+02, 3.000000000E+02, 1.176655108E+00, 2.350000000E+01, 2.350000000E+01, 1.862915775E+03
      1535,-4.610528704E-03,-8.856734261E-03, 0.000000000E+00,-4.608563104E-03,-8.857758768E-03, 2.222222222E-03, 9.690689021E-09, 4.481596421E+02, 4.494978866E+02, 3.000000000E+02, 1.176655108E+00, 2.350000000E+01, 2.350000000E+01, 1.862915775E+03
      1536, 3.960501868E-03, 3.318832256E-03, 0.000000000E+00, 3.957720552E-03, 3.317309541E-03, 2.222222222E-03, 1.394594593E-07, 4.351142740E+02, 7.661254735E+02, 3.000000000E+02, 1.176655108E+00, 2.350000000E+01, 2.350000000E+01, 1.862915775E+03
      1537, 4.577010870E-03, 2.919380320E-03, 0.000000000E+00, 4.582323631E-03, 2.920204051E-03, 2.222222222E-03, 2.848773439E-07, 4.354922664E+02, 7.671263201E+02, 3.000000000E+02, 1.176655108E+00, 2.350000000E+01, 2.350000000E+01, 1.862915775E+03
      1538, 3.318832256E-03, 3.960501868E-03, 0.000000000E+00, 3.317309541E-03, 3.957720552E-03, 2.222222222E-03, 1.394594593E-07, 4.351142740E+02, 7.661254735E+02, 3.000000000E+02, 1.176655108E+00, 2.350000000E+01, 2.350000000E+01, 1.862915775E+03
      1539, 3.378110006E-03, 4.398863297E-03, 0.000000000E+00, 3.379742963E-03, 4.403674364E-03, 2.222222222E-03, 2.835223820E-07, 4.356651022E+02, 7.674206815E+02, 3.000000000E+02, 1.176655108E+00, 2.350000000E+01, 2.350000000E+01, 1.862915775E+03
      1540, 3.222265514E-03, 5.053125322E-03, 0.000000000E+00, 3.222262295E-03, 5.057138440E-03, 2.222222222E-03, 2.762282792E-07, 4.364343877E+02, 7.688708563E+02, 3.000000000E+02, 1.176655108E+00, 2.350000000E+01, 2.350000000E+01, 1.862915775E+03
      1541, 2.948915819E-03, 5.659613758E-03, 0.000000000E+00, 2.948122221E-03, 5.662892348E-03, 2.222222222E-03, 2.662557657E-07, 4.371472224E+02, 7.702257846E+02, 3.000000000E+02, 1.176655108E+00, 2.350000000E+01, 2.350000000E+01, 1.862915775E+03
      1542, 2.580357948E-03, 6.224497221E-03, 0.000000000E+00, 2.579302182E-03, 6.227109976E-03, 2.222222222E-03, 2.541347910E-07, 4.378795807E+02, 7.715933647E+02, 3.000000000E+02, 1.176655108E+00, 2.350000000E+01, 2.350000000E+01, 1.862915775E+03
      1543, 2.128314227E-03, 6.745535880E-03, 0.000000000E+00, 2.127289082E-03, 6.747554879E-03, 2.222222222E-03, 2.401177187E-07, 4.386377320E+02, 7.729829244E+02, 3.000000000E+02, 1.176655108E+00, 2.350000000E+01, 2.350000000E+01, 1.862915775E+03
      1544, 1.600411371E-03, 7.214880083E-03, 0.000000000E+00, 1.599578716E-03, 7.216388871E-03, 2.222222222E-03, 2.245168849E-07, 4.394195912E+02, 7.743754473E+02, 3.000000000E+02, 1.176655108E+00, 2.350000000E+01, 2.350000000E+01, 1.862915775E+03
      1545, 1.004003454E-03, 7.622551173E-03, 0.000000000E+00, 1.003459711E-03, 7.623647769E-03, 2.222222222E-03, 2.077442852E-07, 4.402130848E+02, 7.757420054E+02, 3.000000000E+02, 1.176655108E+00, 2.350000000E+01, 2.350000000E+01, 1.862915775E+03
      1546, 3.476277634E-04, 7.958826609E-03, 0.000000000E+00, 3.474352841E-04, 7.959615742E-03, 2.222222222E-03, 1.902583010E-07, 4.410025491E+02, 7.770533142E+02, 3.000000000E+02, 1.176655108E+00, 2.350000000E+01, 2.350000000E+01, 1.862915775E+03
      1547,-3.588146938E-04, 8.215449750E-03, 0.000000000E+00,-3.586136349E-04, 8.216042617E-03, 2.222222222E-03, 1.725065344E-07, 4.417734682E+02, 7.782687756E+02, 3.000000000E+02, 1.176655108E+00, 2.350000000E+01, 2.350000000E+01, 1.862915775E+03
      1548,-1.104366500E-03, 8.386092260E-03, 0.000000000E+00,-1.103745068E-03, 8.386597987E-03, 2.222222222E-03, 1.548905414E-07, 4.425144277E+02, 7.793338643E+02, 3.000000000E+02, 1.176655108E+00, 2.350000000E+01, 2.350000000E+01, 1.862915775E+03
      1549,-1.877413015E-03, 8.466379717E-03, 0.000000000E+00,-1.876362993E-03, 8.466906087E-03, 2.222222222E-03, 1.377539697E-07, 4.432184079E+02, 7.801895305E+02, 3.000000000E+02, 1.176655108E+00, 2.350000000E+01, 2.350000000E+01, 1.862915775E+03
      1550,-2.666011453E-03, 8.453726768E-03, 0.000000000E+00,-2.664555165E-03, 8.454375771E-03, 2.222222222E-03, 1.213893051E-07, 4.438830272E+02, 7.807782620E+02, 3.000000000E+02, 1.176655108E+00, 2.350000000E+01, 2.350000000E+01, 1.862915775E+03
      1551,-3.458096180E-03, 8.347102441E-03, 0.000000000E+00,-3.456311250E-03, 8.347952245E-03, 2.222222222E-03, 1.060577416E-07, 4.444930483E+02, 7.809986707E+02, 3.000000000E+02, 1.176655108E+00, 2.350000000E+01, 2.350000000E+01, 1.862915775E+03
      1552,-4.241572227E-03, 8.146823384E-03, 0.000000000E+00,-4.239630079E-03, 8.147892042E-03, 2.222222222E-03, 9.201463778E-08, 4.450420025E+02, 7.807350487E+02, 3.000000000E+02, 1.176655108E+00, 2.350000000E+01, 2.350000000E+01, 1.862915775E+03
      1553,-5.004396662E-03, 7.854512893E-03, 0.000000000E+00,-5.002594932E-03, 7.855699044E-03, 2.222222222E-03, 7.952430639E-08, 4.455262709E+02, 7.797940514E+02, 3.000000000E+02, 1.176655108E+00, 2.350000000E+01, 2.350000000E+01, 1.862915775E+03
      1554,-5.734880455E-03, 7.473382633E-03, 0.000000000E+00,-5.733608569E-03, 7.474404702E-03, 2.222222222E-03, 6.883319964E-08, 4.459380292E+02, 7.778741584E+02, 3.000000000E+02, 1.176655108E+00, 2.350000000E+01, 2.350000000E+01, 1.862915775E+03
      1555,-6.422473583E-03, 7.008767221E-03, 0.000000000E+00,-6.422047710E-03, 7.009215332E-03, 2.222222222E-03, 6.007466350E-08, 4.462753787E+02, 7.746186492E+02, 3.000000000E+02, 1.176655108E+00, 2.350000000E+01, 2.350000000E+01, 1.862915775E+03
      1556,-7.058886811E-03, 6.468382664E-03, 0.000000000E+00,-7.059327629E-03, 6.467950102E-03, 2.222222222E-03, 5.314531934E-08, 4.465549224E+02, 7.697112116E+02, 3.000000000E+02, 1.176655108E+00, 2.350000000E+01, 2.350000000E+01, 1.862915775E+03
      1557,-7.638664450E-03, 5.861577112E-03, 0.000000000E+00,-7.639667137E-03, 5.860290341E-03, 2.222222222E-03, 4.767955830E-08, 4.467984423E+02, 7.625748108E+02, 3.000000000E+02, 1.176655108E+00, 2.350000000E+01, 2.350000000E+01, 1.862915775E+03
      1558,-8.158485405E-03, 5.197771825E-03, 0.000000000E+00,-8.159642818E-03, 5.195951839E-03, 2.222222222E-03, 4.318944200E-08, 4.470281123E+02, 7.525511490E+02, 3.000000000E+02, 1.176655108E+00, 2.350000000E+01, 2.350000000E+01, 1.862915775E+03
      1559,-8.615774103E-03, 4.485296085E-03, 0.000000000E+00,-8.616794048E-03, 4.483328550E-03, 2.222222222E-03, 3.925598130E-08, 4.472614066E+02, 7.393266387E+02, 3.000000000E+02, 1.176655108E+00, 2.350000000E+01, 2.350000000E+01, 1.862915775E+03
      1560,-9.007775225E-03, 3.731297096E-03, 0.000000000E+00,-9.008530901E-03, 3.729473229E-03, 2.222222222E-03, 3.562264587E-08, 4.475041966E+02, 7.224694953E+02, 3.000000000E+02, 1.176655108E+00, 2.350000000E+01, 2.350000000E+01, 1.862915775E+03
      1561,-9.331446141E-03, 2.942296211E-03, 0.000000000E+00,-9.331925686E-03, 2.940786729E-03, 2.222222222E-03, 3.217698041E-08, 4.477474856E+02, 7.012952334E+02, 3.000000000E+02, 1.176655108E+00, 2.350000000E+01, 2.350000000E+01, 1.862915775E+03
      1562,-9.583767503E-03, 2.124731196E-03, 0.000000000E+00,-9.584020259E-03, 2.123620395E-03, 2.222222222E-03, 2.889153014E-08, 4.479680034E+02, 6.753466128E+02, 3.000000000E+02, 1.176655108E+00, 2.350000000E+01, 2.350000000E+01, 1.862915775E+03
      1563,-9.762093425E-03, 1.285233768E-03, 0.000000000E+00,-9.762188932E-03, 1.284558476E-03, 2.222222222E-03, 2.577507253E-08, 4.481544909E+02, 6.447680149E+02, 3.000000000E+02, 1.176655108E+00, 2.350000000E+01, 2.350000000E+01, 1.862915775E+03
      1564,-9.864364751E-03, 4.306954215E-04, 0.000000000E+00,-9.864380672E-03, 4.304692117E-04, 2.222222222E-03, 2.284532994E-08, 4.483035821E+02, 6.103929098E+02, 3.000000000E+02, 1.176655108E+00, 2.350000000E+01, 2.350000000E+01, 1.862915775E+03
      1565,-9.889226407E-03,-4.317792191E-04, 0.000000000E+00,-9.889241069E-03,-4.315529446E-04, 2.222222222E-03, 2.011732868E-08, 4.484106880E+02, 5.739935240E+02, 3.000000000E+02, 1.176655108E+00, 2.350000000E+01, 2.350000000E+01, 1.862915775E+03
      1566,-9.836065583E-03,-1.294956892E-03, 0.000000000E+00,-9.836157261E-03,-1.294281182E-03, 2.222222222E-03, 1.760018463E-08, 4.484773572E+02, 5.380184684E+02, 3.000000000E+02, 1.176655108E+00, 2.350000000E+01, 2.350000000E+01, 1.862915775E+03
      1567,-9.705012664E-03,-2.151567023E-03, 0.000000000E+00,-9.705261220E-03,-2.150455365E-03, 2.222222222E-03, 1.529776690E-08, 4.485110881E+02, 5.052281431E+02, 3.000000000E+02, 1.176655108E+00, 2.350000000E+01, 2.350000000E+01, 1.862915775E+03
      1568,-9.496934712E-03,-2.994388575E-03, 0.000000000E+00,-9.497412288E-03,-2.992877923E-03, 2.222222222E-03, 1.321099503E-08, 4.485078848E+02, 4.783347630E+02, 3.000000000E+02, 1.176655108E+00, 2.350000000E+01, 2.350000000E+01, 1.862915775E+03
      1569,-9.213414043E-03,-3.816332435E-03, 0.000000000E+00,-9.214169455E-03,-3.814508726E-03, 2.222222222E-03, 1.134075731E-08, 4.484449530E+02, 4.594173480E+02, 3.000000000E+02, 1.176655108E+00, 2.350000000E+01, 2.350000000E+01, 1.862915775E+03
      1570,-8.856735192E-03,-4.610528238E-03, 0.000000000E+00,-8.857758768E-03,-4.608563104E-03, 2.222222222E-03, 9.690689021E-09, 4.481596421E+02, 4.494978866E+02, 3.000000000E+02, 1.176655108E+00, 2.350000000E+01, 2.350000000E+01, 1.862915775E+03
      1571, 4.835175816E-03, 3.712565172E-03, 0.000000000E+00, 4.838823722E-03, 3.713306316E-03, 2.222222222E-03, 2.737180629E-07, 4.366039571E+02, 7.691718664E+02, 3.000000000E+02, 1.176655108E+00, 2.350000000E+01, 2.350000000E+01, 1.862915775E+03
      1572, 5.471332464E-03, 3.488312243E-03, 0.000000000E+00, 5.474485534E-03, 3.487761871E-03, 2.222222222E-03, 2.626914029E-07, 4.373411188E+02, 7.705723199E+02, 3.000000000E+02, 1.176655108E+00, 2.350000000E+01, 2.350000000E+01, 1.862915775E+03
      1573, 6.057727616E-03, 3.155824263E-03, 0.000000000E+00, 6.060339092E-03, 3.154683853E-03, 2.222222222E-03, 2.503086236E-07, 4.380595969E+02, 7.719174966E+02, 3.000000000E+02, 1.176655108E+00, 2.350000000E+01, 2.350000000E+01, 1.862915775E+03
      1574, 6.599328946E-03, 2.735357964E-03, 0.000000000E+00, 6.601409051E-03, 2.734082048E-03, 2.222222222E-03, 2.366592996E-07, 4.387832116E+02, 7.732508771E+02, 3.000000000E+02, 1.176655108E+00, 2.350000000E+01, 2.350000000E+01, 1.862915775E+03
      1575, 7.093787659E-03, 2.237935551E-03, 0.000000000E+00, 7.095380175E-03, 2.236776103E-03, 2.222222222E-03, 2.217979370E-07, 4.395231875E+02, 7.745749534E+02, 3.000000000E+02, 1.176655108E+00, 2.350000000E+01, 2.350000000E+01, 1.862915775E+03
      1576, 7.533904165E-03, 1.671022968E-03, 0.000000000E+00, 7.535076791E-03, 1.670115774E-03, 2.222222222E-03, 2.059284136E-07, 4.402757444E+02, 7.758696337E+02, 3.000000000E+02, 1.176655108E+00, 2.350000000E+01, 2.350000000E+01, 1.862915775E+03
      1577, 7.910689339E-03, 1.041877433E-03, 0.000000000E+00, 7.911525037E-03, 1.041299499E-03, 2.222222222E-03, 1.893745972E-07, 4.410302496E+02, 7.771095903E+02, 3.000000000E+02, 1.176655108E+00, 2.350000000E+01, 2.350000000E+01, 1.862915775E+03
      1578, 8.215449750E-03, 3.588146938E-04, 0.000000000E+00, 8.216042617E-03, 3.586136349E-04, 2.222222222E-03, 1.725065344E-07, 4.417734682E+02, 7.782687756E+02, 3.000000000E+02, 1.176655108E+00, 2.350000000E+01, 2.350000000E+01, 1.862915775E+03
      1579, 8.440862410E-03,-3.686410491E-04, 0.000000000E+00, 8.441309304E-03,-3.684336276E-04, 2.222222222E-03, 1.556827867E-07, 4.424945730E+02, 7.793026167E+02, 3.000000000E+02, 1.176655108E+00, 2.350000000E+01, 2.350000000E+01, 1.862915775E+03
      1580, 8.581363596E-03,-1.130033750E-03, 0.000000000E+00, 8.581765962E-03,-1.129398760E-03, 2.222222222E-03, 1.392197001E-07, 4.431864047E+02, 7.801576486E+02, 3.000000000E+02, 1.176655108E+00, 2.350000000E+01, 2.350000000E+01, 1.862915775E+03
      1581, 8.633189835E-03,-1.914334134E-03, 0.000000000E+00, 8.633645081E-03,-1.913268308E-03, 2.222222222E-03, 1.233831991E-07, 4.438450553E+02, 7.807914350E+02, 3.000000000E+02, 1.176655108E+00, 2.350000000E+01, 2.350000000E+01, 1.862915775E+03
      1582, 8.594218642E-03,-2.710235072E-03, 0.000000000E+00, 8.594821232E-03,-2.708764011E-03, 2.222222222E-03, 1.083967195E-07, 4.444600437E+02, 7.810975272E+02, 3.000000000E+02, 1.176655108E+00, 2.350000000E+01, 2.350000000E+01, 1.862915775E+03
      1583, 8.463771082E-03,-3.506340785E-03, 0.000000000E+00, 8.464592476E-03,-3.504544229E-03, 2.222222222E-03, 9.445987463E-08, 4.450104922E+02, 7.809284428E+02, 3.000000000E+02, 1.176655108E+00, 2.350000000E+01, 2.350000000E+01, 1.862915775E+03
      1584, 8.242428303E-03,-4.291260615E-03, 0.000000000E+00, 8.243481283E-03,-4.289309866E-03, 2.222222222E-03, 8.177119656E-08, 4.454969864E+02, 7.801155702E+02, 3.000000000E+02, 1.176655108E+00, 2.350000000E+01, 2.350000000E+01, 1.862915775E+03
      1585, 7.931999862E-03,-5.053690635E-03, 0.000000000E+00, 7.933175204E-03,-5.051882175E-03, 2.222222222E-03, 7.054075783E-08, 4.459169759E+02, 7.783324513E+02, 3.000000000E+02, 1.176655108E+00, 2.350000000E+01, 2.350000000E+01, 1.862915775E+03
      1586, 7.535755634E-03,-5.782692228E-03, 0.000000000E+00, 7.536768571E-03,-5.781413537E-03, 2.222222222E-03, 6.096566104E-08, 4.462674386E+02, 7.750656600E+02, 3.000000000E+02, 1.176655108E+00, 2.350000000E+01, 2.350000000E+01, 1.862915775E+03
      1587, 7.058886811E-03,-6.468382664E-03, 0.000000000E+00, 7.059327629E-03,-6.467950102E-03, 2.222222222E-03, 5.314531934E-08, 4.465549224E+02, 7.697112116E+02, 3.000000000E+02, 1.176655108E+00, 2.350000000E+01, 2.350000000E+01, 1.862915775E+03
      1588, 6.508708466E-03,-7.102910895E-03, 0.000000000E+00, 6.508270416E-03,-7.103345892E-03, 2.222222222E-03, 4.697256986E-08, 4.467961450E+02, 7.614955946E+02, 3.000000000E+02, 1.176655108E+00, 2.350000000E+01, 2.350000000E+01, 1.862915775E+03
      1589, 5.893979222E-03,-7.680934388E-03, 0.000000000E+00, 5.892689880E-03,-7.681933886E-03, 2.222222222E-03, 4.211213766E-08, 4.470136311E+02, 7.500374545E+02, 3.000000000E+02, 1.176655108E+00, 2.350000000E+01, 2.350000000E+01, 1.862915775E+03
      1590, 5.223546177E-03,-8.199000731E-03, 0.000000000E+00, 5.221725649E-03,-8.200157476E-03, 2.222222222E-03, 3.812477498E-08, 4.472254284E+02, 7.357227941E+02, 3.000000000E+02, 1.176655108E+00, 2.350000000E+01, 2.350000000E+01, 1.862915775E+03
      1591, 4.505341407E-03,-8.654342964E-03, 0.000000000E+00, 4.503373513E-03,-8.655362708E-03, 2.222222222E-03, 3.463571748E-08, 4.474441785E+02, 7.183852428E+02, 3.000000000E+02, 1.176655108E+00, 2.350000000E+01, 2.350000000E+01, 1.862915775E+03
      1592, 3.746313276E-03,-9.044089355E-03, 0.000000000E+00, 3.744489280E-03,-9.044843724E-03, 2.222222222E-03, 3.141610722E-08, 4.476724384E+02, 6.973533661E+02, 3.000000000E+02, 1.176655108E+00, 2.350000000E+01, 2.350000000E+01, 1.862915775E+03
      1593, 2.952916548E-03,-9.365184233E-03, 0.000000000E+00, 2.951406426E-03,-9.365663011E-03, 2.222222222E-03, 2.836559738E-08, 4.478990942E+02, 6.720922217E+02, 3.000000000E+02, 1.176655108E+00, 2.350000000E+01, 2.350000000E+01, 1.862915775E+03
      1594, 2.131571993E-03,-9.614675306E-03, 0.000000000E+00, 2.130460907E-03,-9.614925835E-03, 2.222222222E-03, 2.545941097E-08, 4.481036519E+02, 6.425542418E+02, 3.000000000E+02, 1.176655108E+00, 2.350000000E+01, 2.350000000E+01, 1.862915775E+03
      1595, 1.288903062E-03,-9.790008888E-03, 0.000000000E+00, 1.288227513E-03,-9.790102203E-03, 2.222222222E-03, 2.270490106E-08, 4.482749677E+02, 6.093755618E+02, 3.000000000E+02, 1.176655108E+00, 2.350000000E+01, 2.350000000E+01, 1.862915775E+03
      1596, 4.317792191E-04,-9.889226407E-03, 0.000000000E+00, 4.315529446E-04,-9.889241069E-03, 2.222222222E-03, 2.011732868E-08, 4.484106880E+02, 5.739935240E+02, 3.000000000E+02, 1.176655108E+00, 2.350000000E+01, 2.350000000E+01, 1.862915775E+03
      1597,-4.327311763E-04,-9.911064990E-03, 0.000000000E+00,-4.325048743E-04,-9.911077956E-03, 2.222222222E-03, 1.770956784E-08, 4.485071566E+02, 5.387665614E+02, 3.000000000E+02, 1.176655108E+00, 2.350000000E+01, 2.350000000E+01, 1.862915775E+03
      1598,-1.297443639E-03,-9.854983538E-03, 0.000000000E+00,-1.296767748E-03,-9.855074539E-03, 2.222222222E-03, 1.548928429E-08, 4.485662910E+02, 5.063563575E+02, 3.000000000E+02, 1.176655108E+00, 2.350000000E+01, 2.350000000E+01, 1.862915775E+03
      1599,-2.155144000E-03,-9.721172974E-03, 0.000000000E+00,-2.154032223E-03,-9.721421538E-03, 2.222222222E-03, 1.345953938E-08, 4.485866784E+02, 4.793494518E+02, 3.000000000E+02, 1.176655108E+00, 2.350000000E+01, 2.350000000E+01, 1.862915775E+03
      1600,-2.998672891E-03,-9.510545991E-03, 0.000000000E+00,-2.997162324E-03,-9.511023244E-03, 2.222222222E-03, 1.162082661E-08, 4.485359272E+02, 4.600085913E+02, 3.000000000E+02, 1.176655108E+00, 2.350000000E+01, 2.350000000E+01, 1.862915775E+03
      1601,-3.821006510E-03,-9.224716574E-03, 0.000000000E+00,-3.819182831E-03,-9.225472689E-03, 2.222222222E-03, 9.973646410E-09, 4.482483664E+02, 4.496675294E+02, 3.000000000E+02, 1.176655108E+00, 2.350000000E+01, 2.350000000E+01, 1.862915775E+03
      1602, 3.733822610E-03, 3.733822610E-03, 0.000000000E+00, 3.731183065E-03, 3.731183065E-03, 2.222222222E-03, 7.611750188E-08, 4.351855792E+02, 7.663339447E+02, 3.000000000E+02, 1.176655108E+00, 2.350000000E+01, 2.350000000E+01, 1.862915775E+03
      1603, 4.398862831E-03, 3.378110006E-03, 0.000000000E+00, 4.403674364E-03, 3.379742963E-03, 2.222222222E-03, 2.835223820E-07, 4.356651022E+02, 7.674206815E+02, 3.000000000E+02, 1.176655108E+00, 2.350000000E+01, 2.350000000E+01, 1.862915775E+03
      1604, 3.793852869E-03, 4.139064346E-03, 0.000000000E+00, 3.796696575E-03, 4.143082005E-03, 2.222222222E-03, 2.825767157E-07, 4.357222283E+02, 7.675566667E+02, 3.000000000E+02, 1.176655108E+00, 2.350000000E+01, 2.350000000E+01, 1.862915775E+03
      1605, 3.712565172E-03, 4.835175816E-03, 0.000000000E+00, 3.713306316E-03, 4.838823722E-03, 2.222222222E-03, 2.737180629E-07, 4.366039571E+02, 7.691718664E+02, 3.000000000E+02, 1.176655108E+00, 2.350000000E+01, 2.350000000E+01, 1.862915775E+03
      1606, 3.488312243E-03, 5.471332464E-03, 0.000000000E+00, 3.487761871E-03, 5.474485534E-03, 2.222222222E-03, 2.626914029E-07, 4.373411188E+02, 7.705723199E+02, 3.000000000E+02, 1.176655108E+00, 2.350000000E+01, 2.350000000E+01, 1.862915775E+03
      1607, 3.155824263E-03, 6.057727616E-03, 0.000000000E+00, 3.154683853E-03, 6.060339092E-03, 2.222222222E-03, 2.503086236E-07, 4.380595969E+02, 7.719174966E+02, 3.000000000E+02, 1.176655108E+00, 2.350000000E+01, 2.350000000E+01, 1.862915775E+03
      1608, 2.735358197E-03, 6.599328481E-03, 0.000000000E+00, 2.734082048E-03, 6.601409051E-03, 2.222222222E-03, 2.366592996E-07, 4.387832116E+02, 7.732508771E+02, 3.000000000E+02, 1.176655108E+00, 2.350000000E+01, 2.350000000E+01, 1.862915775E+03
      1609, 2.237935318E-03, 7.093787659E-03, 0.000000000E+00, 2.236776103E-03, 7.095380175E-03, 2.222222222E-03, 2.217979370E-07, 4.395231875E+02, 7.745749534E+02, 3.000000000E+02, 1.176655108E+00, 2.350000000E+01, 2.350000000E+01, 1.862915775E+03
      1610, 1.671022968E-03, 7.533904165E-03, 0.000000000E+00, 1.670115774E-03, 7.535076791E-03, 2.222222222E-03, 2.059284136E-07, 4.402757444E+02, 7.758696337E+02, 3.000000000E+02, 1.176655108E+00, 2.350000000E+01, 2.350000000E+01, 1.862915775E+03
      1611, 1.041877433E-03, 7.910689339E-03, 0.000000000E+00, 1.041299499E-03, 7.911525037E-03, 2.222222222E-03, 1.893745972E-07, 4.410302496E+02, 7.771095903E+02, 3.000000000E+02, 1.176655108E+00, 2.350000000E+01, 2.350000000E+01, 1.862915775E+03
      1612, 3.588146938E-04, 8.215450682E-03, 0.000000000E+00, 3.586136349E-04, 8.216042617E-03, 2.222222222E-03, 1.725065344E-07, 4.417734682E+02, 7.782687756E+02, 3.000000000E+02, 1.176655108E+00, 2.350000000E+01, 2.350000000E+01, 1.862915775E+03
      1613,-3.686410491E-04, 8.440862410E-03, 0.000000000E+00,-3.684336276E-04, 8.441309304E-03, 2.222222222E-03, 1.556827867E-07, 4.424945730E+02, 7.793026167E+02, 3.000000000E+02, 1.176655108E+00, 2.350000000E+01, 2.350000000E+01, 1.862915775E+03
      1614,-1.130033750E-03, 8.581364527E-03, 0.000000000E+00,-1.129398760E-03, 8.581765962E-03, 2.222222222E-03, 1.392197001E-07, 4.431864047E+02, 7.801576486E+02, 3.000000000E+02, 1.176655108E+00, 2.350000000E+01, 2.350000000E+01, 1.862915775E+03
      1615,-1.914334134E-03, 8.633188903E-03, 0.000000000E+00,-1.913268308E-03, 8.633645081E-03, 2.222222222E-03, 1.233831991E-07, 4.438450553E+02, 7.807914350E+02, 3.000000000E+02, 1.176655108E+00, 2.350000000E+01, 2.350000000E+01, 1.862915775E+03
      1616,-2.710235072E-03, 8.594218642E-03, 0.000000000E+00,-2.708764011E-03, 8.594821232E-03, 2.222222222E-03, 1.083967195E-07, 4.444600437E+02, 7.810975272E+02, 3.000000000E+02, 1.176655108E+00, 2.350000000E+01, 2.350000000E+01, 1.862915775E+03
      1617,-3.506340785E-03, 8.463771082E-03, 0.000000000E+00,-3.504544229E-03, 8.464592476E-03, 2.222222222E-03, 9.445987463E-08, 4.450104922E+02, 7.809284428E+02, 3.000000000E+02, 1.176655108E+00, 2.350000000E+01, 2.350000000E+01, 1.862915775E+03
      1618,-4.291260149E-03, 8.242429234E-03, 0.000000000E+00,-4.289309866E-03, 8.243481283E-03, 2.222222222E-03, 8.177119656E-08, 4.454969864E+02, 7.801155702E+02, 3.000000000E+02, 1.176655108E+00, 2.350000000E+01, 2.350000000E+01, 1.862915775E+03
      1619,-5.053690635E-03, 7.931999862E-03, 0.000000000E+00,-5.051882175E-03, 7.933175204E-03, 2.222222222E-03, 7.054075783E-08, 4.459169759E+02, 7.783324513E+02, 3.000000000E+02, 1.176655108E+00, 2.350000000E+01, 2.350000000E+01, 1.862915775E+03
      1620,-5.782691762E-03, 7.535755169E-03, 0.000000000E+00,-5.781413537E-03, 7.536768571E-03, 2.222222222E-03, 6.096566104E-08, 4.462674386E+02, 7.750656600E+02, 3.000000000E+02, 1.176655108E+00, 2.350000000E+01, 2.350000000E+01, 1.862915775E+03
      1621,-6.468382664E-03, 7.058886811E-03, 0.000000000E+00,-6.467950102E-03, 7.059327629E-03, 2.222222222E-03, 5.314531934E-08, 4.465549224E+02, 7.697112116E+02, 3.000000000E+02, 1.176655108E+00, 2.350000000E+01, 2.350000000E+01, 1.862915775E+03
      1622,-7.102910895E-03, 6.508708000E-03, 0.000000000E+00,-7.103345892E-03, 6.508270416E-03, 2.222222222E-03, 4.697256986E-08, 4.467961450E+02, 7.614955946E+02, 3.000000000E+02, 1.176655108E+00, 2.350000000E+01, 2.350000000E+01, 1.862915775E+03
      1623,-7.680934388E-03, 5.893979222E-03, 0.000000000E+00,-7.681933886E-03, 5.892689880E-03, 2.222222222E-03, 4.211213766E-08, 4.470136311E+02, 7.500374545E+02, 3.000000000E+02, 1.176655108E+00, 2.350000000E+01, 2.350000000E+01, 1.862915775E+03
      1624,-8.199001662E-03, 5.223546177E-03, 0.000000000E+00,-8.200157476E-03, 5.221725649E-03, 2.222222222E-03, 3.812477498E-08, 4.472254284E+02, 7.357227941E+02, 3.000000000E+02, 1.176655108E+00, 2.350000000E+01, 2.350000000E+01, 1.862915775E+03
      1625,-8.654343896E-03, 4.505340941E-03, 0.000000000E+00,-8.655362708E-03, 4.503373513E-03, 2.222222222E-03, 3.463571748E-08, 4.474441785E+02, 7.183852428E+02, 3.000000000E+02, 1.176655108E+00, 2.350000000E+01, 2.350000000E+01, 1.862915775E+03
      1626,-9.044089355E-03, 3.746313509E-03, 0.000000000E+00,-9.044843724E-03, 3.744489280E-03, 2.222222222E-03, 3.141610722E-08, 4.476724384E+02, 6.973533661E+02, 3.000000000E+02, 1.176655108E+00, 2.350000000E+01, 2.350000000E+01, 1.862915775E+03
      1627,-9.365185164E-03, 2.952916548E-03, 0.000000000E+00,-9.365663011E-03, 2.951406426E-03, 2.222222222E-03, 2.836559738E-08, 4.478990942E+02, 6.720922217E+02, 3.000000000E+02, 1.176655108E+00, 2.350000000E+01, 2.350000000E+01, 1.862915775E+03
      1628,-9.614675306E-03, 2.131571993E-03, 0.000000000E+00,-9.614925835E-03, 2.130460907E-03, 2.222222222E-03, 2.545941097E-08, 4.481036519E+02, 6.425542418E+02, 3.000000000E+02, 1.176655108E+00, 2.350000000E+01, 2.350000000E+01, 1.862915775E+03
      1629,-9.790007956E-03, 1.288902946E-03, 0.000000000E+00,-9.790102203E-03, 1.288227513E-03, 2.222222222E-03, 2.270490106E-08, 4.482749677E+02, 6.093755618E+02, 3.000000000E+02, 1.176655108E+00, 2.350000000E+01, 2.350000000E+01, 1.862915775E+03
      1630,-9.889227338E-03, 4.317792191E-04, 0.000000000E+00,-9.889241069E-03, 4.315529446E-04, 2.222222222E-03, 2.011732868E-08, 4.484106880E+02, 5.739935240E+02, 3.000000000E+02, 1.176655108E+00, 2.350000000E+01, 2.350000000E+01, 1.862915775E+03
      1631,-9.911064990E-03,-4.327311763E-04, 0.000000000E+00,-9.911077956E-03,-4.325048743E-04, 2.222222222E-03, 1.770956784E-08, 4.485071566E+02, 5.387665614E+02, 3.000000000E+02, 1.176655108E+00, 2.350000000E+01, 2.350000000E+01, 1.862915775E+03
      1632,-9.854983538E-03,-1.297443523E-03, 0.000000000E+00,-9.855074539E-03,-1.296767748E-03, 2.222222222E-03, 1.548928429E-08, 4.485662910E+02, 5.063563575E+02, 3.000000000E+02, 1.176655108E+00, 2.350000000E+01, 2.350000000E+01, 1.862915775E+03
      1633,-9.721173905E-03,-2.155144000E-03, 0.000000000E+00,-9.721421538E-03,-2.154032223E-03, 2.222222222E-03, 1.345953938E-08, 4.485866784E+02, 4.793494518E+02, 3.000000000E+02, 1.176655108E+00, 2.350000000E+01, 2.350000000E+01, 1.862915775E+03
      1634,-9.510545991E-03,-2.998672891E-03, 0.000000000E+00,-9.511023244E-03,-2.997162324E-03, 2.222222222E-03, 1.162082661E-08, 4.485359272E+02, 4.600085913E+02, 3.000000000E+02, 1.176655108E+00, 2.350000000E+01, 2.350000000E+01, 1.862915775E+03
      1635,-9.224716574E-03,-3.821006278E-03, 0.000000000E+00,-9.225472689E-03,-3.819182831E-03, 2.222222222E-03, 9.973646410E-09, 4.482483664E+02, 4.496675294E+02, 3.000000000E+02, 1.176655108E+00, 2.350000000E+01, 2.350000000E+01, 1.862915775E+03
      1636, 4.538213834E-03, 4.159470089E-03, 0.000000000E+00, 4.541160907E-03, 4.161333101E-03, 2.222222222E-03, 2.721360284E-07, 4.366922857E+02, 7.693408062E+02, 3.000000000E+02, 1.176655108E+00, 2.350000000E+01, 2.350000000E+01, 1.862915775E+03
      1637, 5.218421575E-03, 4.006342031E-03, 0.000000000E+00, 5.221292205E-03, 4.006487191E-03, 2.222222222E-03, 2.594680177E-07, 4.375067916E+02, 7.708661994E+02, 3.000000000E+02, 1.176655108E+00, 2.350000000E+01, 2.350000000E+01, 1.862915775E+03
      1638, 5.838674959E-03, 3.722000867E-03, 0.000000000E+00, 5.841243096E-03, 3.721078404E-03, 2.222222222E-03, 2.462181855E-07, 4.382453344E+02, 7.722426890E+02, 3.000000000E+02, 1.176655108E+00, 2.350000000E+01, 2.350000000E+01, 1.862915775E+03
      1639, 6.407420617E-03, 3.337567439E-03, 0.000000000E+00, 6.409571486E-03, 3.336187450E-03, 2.222222222E-03, 2.325460358E-07, 4.389516637E+02, 7.735436930E+02, 3.000000000E+02, 1.176655108E+00, 2.350000000E+01, 2.350000000E+01, 1.862915775E+03
      1640, 6.928571500E-03, 2.871506149E-03, 0.000000000E+00, 6.930278015E-03, 2.870075690E-03, 2.222222222E-03, 2.182402111E-07, 4.396565918E+02, 7.748097211E+02, 3.000000000E+02, 1.176655108E+00, 2.350000000E+01, 2.350000000E+01, 1.862915775E+03
      1641, 7.399682421E-03, 2.334223827E-03, 0.000000000E+00, 7.400971869E-03, 2.332969003E-03, 2.222222222E-03, 2.032196144E-07, 4.403689644E+02, 7.760407640E+02, 3.000000000E+02, 1.176655108E+00, 2.350000000E+01, 2.350000000E+01, 1.862915775E+03
      1642, 7.814127952E-03, 1.733046374E-03, 0.000000000E+00, 7.815056801E-03, 1.732085385E-03, 2.222222222E-03, 1.876089561E-07, 4.410851009E+02, 7.772166916E+02, 3.000000000E+02, 1.176655108E+00, 2.350000000E+01, 2.350000000E+01, 1.862915775E+03
      1643, 8.163782768E-03, 1.075145090E-03, 0.000000000E+00, 8.164427685E-03, 1.074542077E-03, 2.222222222E-03, 1.716633803E-07, 4.417971825E+02, 7.783134561E+02, 3.000000000E+02, 1.176655108E+00, 2.350000000E+01, 2.350000000E+01, 1.862915775E+03
      1644, 8.440862410E-03, 3.686410491E-04, 0.000000000E+00, 8.441309304E-03, 3.684336276E-04, 2.222222222E-03, 1.556827867E-07, 4.424945730E+02, 7.793026167E+02, 3.000000000E+02, 1.176655108E+00, 2.350000000E+01, 2.350000000E+01, 1.862915775E+03
      1645, 8.638858795E-03,-3.772722266E-04, 0.000000000E+00, 8.639197616E-03,-3.770601219E-04, 2.222222222E-03, 1.399554307E-07, 4.431700029E+02, 7.801377546E+02, 3.000000000E+02, 1.176655108E+00, 2.350000000E+01, 2.350000000E+01, 1.862915775E+03
      1646, 8.752885275E-03,-1.152579323E-03, 0.000000000E+00, 8.753210381E-03,-1.151934129E-03, 2.222222222E-03, 1.247311212E-07, 4.438194518E+02, 7.807840467E+02, 3.000000000E+02, 1.176655108E+00, 2.350000000E+01, 2.350000000E+01, 1.862915775E+03
      1647, 8.779711090E-03,-1.946764649E-03, 0.000000000E+00, 8.780113885E-03,-1.945687104E-03, 2.222222222E-03, 1.102157203E-07, 4.444325995E+02, 7.811575039E+02, 3.000000000E+02, 1.176655108E+00, 2.350000000E+01, 2.350000000E+01, 1.862915775E+03
      1648, 8.717622608E-03,-2.749079606E-03, 0.000000000E+00, 8.718191381E-03,-2.747597960E-03, 2.222222222E-03, 9.657966006E-08, 4.449930489E+02, 7.811057956E+02, 3.000000000E+02, 1.176655108E+00, 2.350000000E+01, 2.350000000E+01, 1.862915775E+03
      1649, 8.566250093E-03,-3.548717825E-03, 0.000000000E+00, 8.567050566E-03,-3.546912620E-03, 2.222222222E-03, 8.397527389E-08, 4.454804973E+02, 7.804223628E+02, 3.000000000E+02, 1.176655108E+00, 2.350000000E+01, 2.350000000E+01, 1.862915775E+03
      1650, 8.326406591E-03,-4.334905185E-03, 0.000000000E+00, 8.327447269E-03,-4.332948797E-03, 2.222222222E-03, 7.255706589E-08, 4.459020313E+02, 7.788305600E+02, 3.000000000E+02, 1.176655108E+00, 2.350000000E+01, 2.350000000E+01, 1.862915775E+03
      1651, 8.000061847E-03,-5.096989218E-03, 0.000000000E+00, 8.001230180E-03,-5.095176037E-03, 2.222222222E-03, 6.249251275E-08, 4.462572416E+02, 7.757724134E+02, 3.000000000E+02, 1.176655108E+00, 2.350000000E+01, 2.350000000E+01, 1.862915775E+03
      1652, 7.590541616E-03,-5.824688356E-03, 0.000000000E+00, 7.591548696E-03,-5.823405193E-03, 2.222222222E-03, 5.393979591E-08, 4.465525055E+02, 7.703982824E+02, 3.000000000E+02, 1.176655108E+00, 2.350000000E+01, 2.350000000E+01, 1.862915775E+03
      1653, 7.102910895E-03,-6.508708000E-03, 0.000000000E+00, 7.103345892E-03,-6.508270416E-03, 2.222222222E-03, 4.697256986E-08, 4.467961450E+02, 7.614955946E+02, 3.000000000E+02, 1.176655108E+00, 2.350000000E+01, 2.350000000E+01, 1.862915775E+03
      1654, 6.544129457E-03,-7.141580340E-03, 0.000000000E+00, 6.543687377E-03,-7.142011093E-03, 2.222222222E-03, 4.148408479E-08, 4.470076532E+02, 7.484931971E+02, 3.000000000E+02, 1.176655108E+00, 2.350000000E+01, 2.350000000E+01, 1.862915775E+03
      1655, 5.922439974E-03,-7.718063425E-03, 0.000000000E+00, 5.921149238E-03,-7.719060481E-03, 2.222222222E-03, 3.716893925E-08, 4.472055043E+02, 7.325128806E+02, 3.000000000E+02, 1.176655108E+00, 2.350000000E+01, 2.350000000E+01, 1.862915775E+03
      1656, 5.246186163E-03,-8.234589361E-03, 0.000000000E+00, 5.244365002E-03,-8.235744985E-03, 2.222222222E-03, 3.363308829E-08, 4.474019287E+02, 7.140855857E+02, 3.000000000E+02, 1.176655108E+00, 2.350000000E+01, 2.350000000E+01, 1.862915775E+03
      1657, 4.522948526E-03,-8.688221686E-03, 0.000000000E+00, 4.520980704E-03,-8.689240832E-03, 2.222222222E-03, 3.054215221E-08, 4.476071997E+02, 6.927265712E+02, 3.000000000E+02, 1.176655108E+00, 2.350000000E+01, 2.350000000E+01, 1.862915775E+03
      1658, 3.759503365E-03,-9.075986221E-03, 0.000000000E+00, 3.757679136E-03,-9.076740319E-03, 2.222222222E-03, 2.769238582E-08, 4.478202227E+02, 6.678568506E+02, 3.000000000E+02, 1.176655108E+00, 2.350000000E+01, 2.350000000E+01, 1.862915775E+03
      1659, 2.962244907E-03,-9.394819848E-03, 0.000000000E+00, 2.960734586E-03,-9.395297302E-03, 2.222222222E-03, 2.499443653E-08, 4.480322291E+02, 6.392447265E+02, 3.000000000E+02, 1.176655108E+00, 2.350000000E+01, 2.350000000E+01, 1.862915775E+03
      1660, 2.137580886E-03,-9.641823359E-03, 0.000000000E+00, 2.136469489E-03,-9.642072739E-03, 2.222222222E-03, 2.242603056E-08, 4.482227174E+02, 6.072445400E+02, 3.000000000E+02, 1.176655108E+00, 2.350000000E+01, 2.350000000E+01, 1.862915775E+03
      1661, 1.292126020E-03,-9.814528748E-03, 0.000000000E+00, 1.291450326E-03,-9.814620697E-03, 2.222222222E-03, 1.999335135E-08, 4.483814322E+02, 5.730802090E+02, 3.000000000E+02, 1.176655108E+00, 2.350000000E+01, 2.350000000E+01, 1.862915775E+03
      1662, 4.327311763E-04,-9.911064990E-03, 0.000000000E+00, 4.325048743E-04,-9.911077956E-03, 2.222222222E-03, 1.770956784E-08, 4.485071566E+02, 5.387665614E+02, 3.000000000E+02, 1.176655108E+00, 2.350000000E+01, 2.350000000E+01, 1.862915775E+03
      1663,-4.335673875E-04,-9.930246510E-03, 0.000000000E+00,-4.333410301E-04,-9.930259033E-03, 2.222222222E-03, 1.558573765E-08, 4.485965480E+02, 5.069042578E+02, 3.000000000E+02, 1.176655108E+00, 2.350000000E+01, 2.350000000E+01, 1.862915775E+03
      1664,-1.299627824E-03,-9.871600196E-03, 0.000000000E+00,-1.298951895E-03,-9.871691078E-03, 2.222222222E-03, 1.362833084E-08, 4.486423592E+02, 4.800483454E+02, 3.000000000E+02, 1.176655108E+00, 2.350000000E+01, 2.350000000E+01, 1.862915775E+03
      1665,-2.158285817E-03,-9.735369124E-03, 0.000000000E+00,-2.157174057E-03,-9.735616410E-03, 2.222222222E-03, 1.183977623E-08, 4.486142145E+02, 4.604842306E+02, 3.000000000E+02, 1.176655108E+00, 2.350000000E+01, 2.350000000E+01, 1.862915775E+03
      1666,-3.002436133E-03,-9.522501379E-03, 0.000000000E+00,-3.000925646E-03,-9.522978805E-03, 2.222222222E-03, 1.022026489E-08, 4.483441865E+02, 4.498359869E+02, 3.000000000E+02, 1.176655108E+00, 2.350000000E+01, 2.350000000E+01, 1.862915775E+03
      1667, 4.139064346E-03, 3.793852869E-03, 0.000000000E+00, 4.143082005E-03, 3.796696575E-03, 2.222222222E-03, 2.825767157E-07, 4.357222283E+02, 7.675566667E+02, 3.000000000E+02, 1.176655108E+00, 2.350000000E+01, 2.350000000E+01, 1.862915775E+03
      1668, 4.159469623E-03, 4.538213834E-03, 0.000000000E+00, 4.161333101E-03, 4.541160907E-03, 2.222222222E-03, 2.721360284E-07, 4.366922857E+02, 7.693408062E+02, 3.000000000E+02, 1.176655108E+00, 2.350000000E+01, 2.350000000E+01, 1.862915775E+03
      1669, 4.006342031E-03, 5.218421575E-03, 0.000000000E+00, 4.006487191E-03, 5.221292205E-03, 2.222222222E-03, 2.594680177E-07, 4.375067916E+02, 7.708661994E+02, 3.000000000E+02, 1.176655108E+00, 2.350000000E+01, 2.350000000E+01, 1.862915775E+03
      1670, 3.722000867E-03, 5.838674959E-03, 0.000000000E+00, 3.721078404E-03, 5.841243096E-03, 2.222222222E-03, 2.462181855E-07, 4.382453344E+02, 7.722426890E+02, 3.000000000E+02, 1.176655108E+00, 2.350000000E+01, 2.350000000E+01, 1.862915775E+03
      1671, 3.337567206E-03, 6.407421082E-03, 0.000000000E+00, 3.336187450E-03, 6.409571486E-03, 2.222222222E-03, 2.325460358E-07, 4.389516637E+02, 7.735436930E+02, 3.000000000E+02, 1.176655108E+00, 2.350000000E+01, 2.350000000E+01, 1.862915775E+03
      1672, 2.871505916E-03, 6.928571500E-03, 0.000000000E+00, 2.870075690E-03, 6.930278015E-03, 2.222222222E-03, 2.182402111E-07, 4.396565918E+02, 7.748097211E+02, 3.000000000E+02, 1.176655108E+00, 2.350000000E+01, 2.350000000E+01, 1.862915775E+03
      1673, 2.334223827E-03, 7.399682421E-03, 0.000000000E+00, 2.332969003E-03, 7.400971869E-03, 2.222222222E-03, 2.032196144E-07, 4.403689644E+02, 7.760407640E+02, 3.000000000E+02, 1.176655108E+00, 2.350000000E+01, 2.350000000E+01, 1.862915775E+03
      1674, 1.733046374E-03, 7.814127021E-03, 0.000000000E+00, 1.732085385E-03, 7.815056801E-03, 2.222222222E-03, 1.876089561E-07, 4.410851009E+02, 7.772166916E+02, 3.000000000E+02, 1.176655108E+00, 2.350000000E+01, 2.350000000E+01, 1.862915775E+03
      1675, 1.075144974E-03, 8.163781837E-03, 0.000000000E+00, 1.074542077E-03, 8.164427685E-03, 2.222222222E-03, 1.716633803E-07, 4.417971825E+02, 7.783134561E+02, 3.000000000E+02, 1.176655108E+00, 2.350000000E+01, 2.350000000E+01, 1.862915775E+03
      1676, 3.686410491E-04, 8.440862410E-03, 0.000000000E+00, 3.684336276E-04, 8.441309304E-03, 2.222222222E-03, 1.556827867E-07, 4.424945730E+02, 7.793026167E+02, 3.000000000E+02, 1.176655108E+00, 2.350000000E+01, 2.350000000E+01, 1.862915775E+03
      1677,-3.772722266E-04, 8.638857864E-03, 0.000000000E+00,-3.770601219E-04, 8.639197616E-03, 2.222222222E-03, 1.399554307E-07, 4.431700029E+02, 7.801377546E+02, 3.000000000E+02, 1.176655108E+00, 2.350000000E+01, 2.350000000E+01, 1.862915775E+03
      1678,-1.152579323E-03, 8.752886206E-03, 0.000000000E+00,-1.151934129E-03, 8.753210381E-03, 2.222222222E-03, 1.247311212E-07, 4.438194518E+02, 7.807840467E+02, 3.000000000E+02, 1.176655108E+00, 2.350000000E+01, 2.350000000E+01, 1.862915775E+03
      1679,-1.946764649E-03, 8.779711090E-03, 0.000000000E+00,-1.945687104E-03, 8.780113885E-03, 2.222222222E-03, 1.102157203E-07, 4.444325995E+02, 7.811575039E+02, 3.000000000E+02, 1.176655108E+00, 2.350000000E+01, 2.350000000E+01, 1.862915775E+03
      1680,-2.749079838E-03, 8.717622608E-03, 0.000000000E+00,-2.747597960E-03, 8.718191381E-03, 2.222222222E-03, 9.657966006E-08, 4.449930489E+02, 7.811057956E+02, 3.000000000E+02, 1.176655108E+00, 2.350000000E+01, 2.350000000E+01, 1.862915775E+03
      1681,-3.548717592E-03, 8.566249162E-03, 0.000000000E+00,-3.546912620E-03, 8.567050566E-03, 2.222222222E-03, 8.397527389E-08, 4.454804973E+02, 7.804223628E+02, 3.000000000E+02, 1.176655108E+00, 2.350000000E+01, 2.350000000E+01, 1.862915775E+03
      1682,-4.334905650E-03, 8.326405659E-03, 0.000000000E+00,-4.332948797E-03, 8.327447269E-03, 2.222222222E-03, 7.255706589E-08, 4.459020313E+02, 7.788305600E+02, 3.000000000E+02, 1.176655108E+00, 2.350000000E+01, 2.350000000E+01, 1.862915775E+03
      1683,-5.096989218E-03, 8.000061847E-03, 0.000000000E+00,-5.095176037E-03, 8.001230180E-03, 2.222222222E-03, 6.249251275E-08, 4.462572416E+02, 7.757724134E+02, 3.000000000E+02, 1.176655108E+00, 2.350000000E+01, 2.350000000E+01, 1.862915775E+03
      1684,-5.824688356E-03, 7.590541616E-03, 0.000000000E+00,-5.823405193E-03, 7.591548696E-03, 2.222222222E-03, 5.393979591E-08, 4.465525055E+02, 7.703982824E+02, 3.000000000E+02, 1.176655108E+00, 2.350000000E+01, 2.350000000E+01, 1.862915775E+03
      1685,-6.508708466E-03, 7.102910895E-03, 0.000000000E+00,-6.508270416E-03, 7.103345892E-03, 2.222222222E-03, 4.697256986E-08, 4.467961450E+02, 7.614955946E+02, 3.000000000E+02, 1.176655108E+00, 2.350000000E+01, 2.350000000E+01, 1.862915775E+03
      1686,-7.141580340E-03, 6.544128992E-03, 0.000000000E+00,-7.142011093E-03, 6.543687377E-03, 2.222222222E-03, 4.148408479E-08, 4.470076532E+02, 7.484931971E+02, 3.000000000E+02, 1.176655108E+00, 2.350000000E+01, 2.350000000E+01, 1.862915775E+03
      1687,-7.718063425E-03, 5.922440439E-03, 0.000000000E+00,-7.719060481E-03, 5.921149238E-03, 2.222222222E-03, 3.716893925E-08, 4.472055043E+02, 7.325128806E+02, 3.000000000E+02, 1.176655108E+00, 2.350000000E+01, 2.350000000E+01, 1.862915775E+03
      1688,-8.234589361E-03, 5.246186163E-03, 0.000000000E+00,-8.235744985E-03, 5.244365002E-03, 2.222222222E-03, 3.363308829E-08, 4.474019287E+02, 7.140855857E+02, 3.000000000E+02, 1.176655108E+00, 2.350000000E+01, 2.350000000E+01, 1.862915775E+03
      1689,-8.688221686E-03, 4.522948526E-03, 0.000000000E+00,-8.689240832E-03, 4.520980704E-03, 2.222222222E-03, 3.054215221E-08, 4.476071997E+02, 6.927265712E+02, 3.000000000E+02, 1.176655108E+00, 2.350000000E+01, 2.350000000E+01, 1.862915775E+03
      1690,-9.075986221E-03, 3.759503365E-03, 0.000000000E+00,-9.076740319E-03, 3.757679136E-03, 2.222222222E-03, 2.769238582E-08, 4.478202227E+02, 6.678568506E+02, 3.000000000E+02, 1.176655108E+00, 2.350000000E+01, 2.350000000E+01, 1.862915775E+03
      1691,-9.394819848E-03, 2.962244907E-03, 0.000000000E+00,-9.395297302E-03, 2.960734586E-03, 2.222222222E-03, 2.499443653E-08, 4.480322291E+02, 6.392447265E+02, 3.000000000E+02, 1.176655108E+00, 2.350000000E+01, 2.350000000E+01, 1.862915775E+03
      1692,-9.641823359E-03, 2.137580886E-03, 0.000000000E+00,-9.642072739E-03, 2.136469489E-03, 2.222222222E-03, 2.242603056E-08, 4.482227174E+02, 6.072445400E+02, 3.000000000E+02, 1.176655108E+00, 2.350000000E+01, 2.350000000E+01, 1.862915775E+03
      1693,-9.814527817E-03, 1.292126020E-03, 0.000000000E+00,-9.814620697E-03, 1.291450326E-03, 2.222222222E-03, 1.999335135E-08, 4.483814322E+02, 5.730802090E+02, 3.000000000E+02, 1.176655108E+00, 2.350000000E+01, 2.350000000E+01, 1.862915775E+03
      1694,-9.911064990E-03, 4.327311763E-04, 0.000000000E+00,-9.911077956E-03, 4.325048743E-04, 2.222222222E-03, 1.770956784E-08, 4.485071566E+02, 5.387665614E+02, 3.000000000E+02, 1.176655108E+00, 2.350000000E+01, 2.350000000E+01, 1.862915775E+03
      1695,-9.930246510E-03,-4.335673875E-04, 0.000000000E+00,-9.930259033E-03,-4.333410301E-04, 2.222222222E-03, 1.558573765E-08, 4.485965480E+02, 5.069042578E+02, 3.000000000E+02, 1.176655108E+00, 2.350000000E+01, 2.350000000E+01, 1.862915775E+03
      1696,-9.871600196E-03,-1.299627707E-03, 0.000000000E+00,-9.871691078E-03,-1.298951895E-03, 2.222222222E-03, 1.362833084E-08, 4.486423592E+02, 4.800483454E+02, 3.000000000E+02, 1.176655108E+00, 2.350000000E+01, 2.350000000E+01, 1.862915775E+03
      1697,-9.735368192E-03,-2.158285817E-03, 0.000000000E+00,-9.735616410E-03,-2.157174057E-03, 2.222222222E-03, 1.183977623E-08, 4.486142145E+02, 4.604842306E+02, 3.000000000E+02, 1.176655108E+00, 2.350000000E+01, 2.350000000E+01, 1.862915775E+03
      1698,-9.522501379E-03,-3.002436133E-03, 0.000000000E+00,-9.522978805E-03,-3.000925646E-03, 2.222222222E-03, 1.022026489E-08, 4.483441865E+02, 4.498359869E+02, 3.000000000E+02, 1.176655108E+00, 2.350000000E+01, 2.350000000E+01, 1.862915775E+03
      1699, 4.888815805E-03, 4.480618052E-03, 0.000000000E+00, 4.891042482E-03, 4.481821328E-03, 2.222222222E-03, 2.574986739E-07, 4.376018044E+02, 7.710366828E+02, 3.000000000E+02, 1.176655108E+00, 2.350000000E+01, 2.350000000E+01, 1.862915775E+03
      1700, 5.555055104E-03, 4.264388233E-03, 0.000000000E+00, 5.557392094E-03, 4.264124262E-03, 2.222222222E-03, 2.426010502E-07, 4.384042896E+02, 7.725191834E+02, 3.000000000E+02, 1.176655108E+00, 2.350000000E+01, 2.350000000E+01, 1.862915775E+03
      1701, 6.161339115E-03, 3.927267157E-03, 0.000000000E+00, 6.163501496E-03, 3.926086345E-03, 2.222222222E-03, 2.282127337E-07, 4.391257728E+02, 7.738388683E+02, 3.000000000E+02, 1.176655108E+00, 2.350000000E+01, 2.350000000E+01, 1.862915775E+03
      1702, 6.714582909E-03, 3.497205675E-03, 0.000000000E+00, 6.716409810E-03, 3.495657935E-03, 2.222222222E-03, 2.140466741E-07, 4.398107274E+02, 7.750643100E+02, 3.000000000E+02, 1.176655108E+00, 2.350000000E+01, 2.350000000E+01, 1.862915775E+03
      1703, 7.217769511E-03, 2.991095185E-03, 0.000000000E+00, 7.219210806E-03, 2.989554956E-03, 2.222222222E-03, 1.996934444E-07, 4.404880487E+02, 7.762367638E+02, 3.000000000E+02, 1.176655108E+00, 2.350000000E+01, 2.350000000E+01, 1.862915775E+03
      1704, 7.668373175E-03, 2.418801188E-03, 0.000000000E+00, 7.669443886E-03, 2.417477524E-03, 2.222222222E-03, 1.849823023E-07, 4.411669628E+02, 7.773552302E+02, 3.000000000E+02, 1.176655108E+00, 2.350000000E+01, 2.350000000E+01, 1.862915775E+03
      1705, 8.060268126E-03, 1.787526067E-03, 0.000000000E+00, 8.061020471E-03, 1.786525960E-03, 2.222222222E-03, 1.699808412E-07, 4.418439865E+02, 7.783965868E+02, 3.000000000E+02, 1.176655108E+00, 2.350000000E+01, 2.350000000E+01, 1.862915775E+03
      1706, 8.386092260E-03, 1.104366500E-03, 0.000000000E+00, 8.386597987E-03, 1.103745068E-03, 2.222222222E-03, 1.548905414E-07, 4.425144277E+02, 7.793338643E+02, 3.000000000E+02, 1.176655108E+00, 2.350000000E+01, 2.350000000E+01, 1.862915775E+03
      1707, 8.638857864E-03, 3.772722266E-04, 0.000000000E+00, 8.639197616E-03, 3.770601219E-04, 2.222222222E-03, 1.399554307E-07, 4.431700029E+02, 7.801377546E+02, 3.000000000E+02, 1.176655108E+00, 2.350000000E+01, 2.350000000E+01, 1.862915775E+03
      1708, 8.812773041E-03,-3.848536580E-04, 0.000000000E+00, 8.813031901E-03,-3.846380351E-04, 2.222222222E-03, 1.254081084E-07, 4.438061597E+02, 7.807756801E+02, 3.000000000E+02, 1.176655108E+00, 2.350000000E+01, 2.350000000E+01, 1.862915775E+03
      1709, 8.903546259E-03,-1.172382734E-03, 0.000000000E+00, 8.903812849E-03,-1.171729946E-03, 2.222222222E-03, 1.114463495E-07, 4.444139330E+02, 7.811788727E+02, 3.000000000E+02, 1.176655108E+00, 2.350000000E+01, 2.350000000E+01, 1.862915775E+03
      1710, 8.908412419E-03,-1.975250663E-03, 0.000000000E+00, 8.908775329E-03,-1.974164492E-03, 2.222222222E-03, 9.822959189E-08, 4.449769608E+02, 7.812237610E+02, 3.000000000E+02, 1.176655108E+00, 2.350000000E+01, 2.350000000E+01, 1.862915775E+03
      1711, 8.826018311E-03,-2.783199772E-03, 0.000000000E+00, 8.826561329E-03,-2.781710208E-03, 2.222222222E-03, 8.588761091E-08, 4.454777658E+02, 7.806989892E+02, 3.000000000E+02, 1.176655108E+00, 2.350000000E+01, 2.350000000E+01, 1.862915775E+03
      1712, 8.656264283E-03,-3.585940693E-03, 0.000000000E+00, 8.657050328E-03,-3.584129253E-03, 2.222222222E-03, 7.453646551E-08, 4.459005409E+02, 7.792956405E+02, 3.000000000E+02, 1.176655108E+00, 2.350000000E+01, 2.350000000E+01, 1.862915775E+03
      1713, 8.400170133E-03,-4.373242147E-03, 0.000000000E+00, 8.401202970E-03,-4.371281224E-03, 2.222222222E-03, 6.429652885E-08, 4.462557747E+02, 7.765338365E+02, 3.000000000E+02, 1.176655108E+00, 2.350000000E+01, 2.350000000E+01, 1.862915775E+03
      1714, 8.059846237E-03,-5.135021638E-03, 0.000000000E+00, 8.061009357E-03,-5.133205165E-03, 2.222222222E-03, 5.530175670E-08, 4.465520662E+02, 7.714846479E+02, 3.000000000E+02, 1.176655108E+00, 2.350000000E+01, 2.350000000E+01, 1.862915775E+03
      1715, 7.638664450E-03,-5.861577112E-03, 0.000000000E+00, 7.639667137E-03,-5.860290341E-03, 2.222222222E-03, 4.767955830E-08, 4.467984423E+02, 7.625748108E+02, 3.000000000E+02, 1.176655108E+00, 2.350000000E+01, 2.350000000E+01, 1.862915775E+03
      1716, 7.141580340E-03,-6.544128992E-03, 0.000000000E+00, 7.142011093E-03,-6.543687377E-03, 2.222222222E-03, 4.148408479E-08, 4.470076532E+02, 7.484931971E+02, 3.000000000E+02, 1.176655108E+00, 2.350000000E+01, 2.350000000E+01, 1.862915775E+03
      1717, 6.575242151E-03,-7.175547071E-03, 0.000000000E+00, 6.574797204E-03,-7.175974137E-03, 2.222222222E-03, 3.661183252E-08, 4.471964606E+02, 7.305612481E+02, 3.000000000E+02, 1.176655108E+00, 2.350000000E+01, 2.350000000E+01, 1.862915775E+03
      1718, 5.947439931E-03,-7.750676014E-03, 0.000000000E+00, 5.946147539E-03,-7.751671960E-03, 2.222222222E-03, 3.278613135E-08, 4.473770322E+02, 7.102910263E+02, 3.000000000E+02, 1.176655108E+00, 2.350000000E+01, 2.350000000E+01, 1.862915775E+03
      1719, 5.266072229E-03,-8.265849203E-03, 0.000000000E+00, 5.264251059E-03,-8.267004500E-03, 2.222222222E-03, 2.965451948E-08, 4.475593907E+02, 6.878902520E+02, 3.000000000E+02, 1.176655108E+00, 2.350000000E+01, 2.350000000E+01, 1.862915775E+03
      1720, 4.538414069E-03,-8.717979304E-03, 0.000000000E+00, 4.536446568E-03,-8.718998814E-03, 2.222222222E-03, 2.691927718E-08, 4.477509700E+02, 6.629164457E+02, 3.000000000E+02, 1.176655108E+00, 2.350000000E+01, 2.350000000E+01, 1.862915775E+03
      1721, 3.771089250E-03,-9.104004130E-03, 0.000000000E+00, 3.769264875E-03,-9.104757733E-03, 2.222222222E-03, 2.439933958E-08, 4.479502242E+02, 6.349669877E+02, 3.000000000E+02, 1.176655108E+00, 2.350000000E+01, 2.350000000E+01, 1.862915775E+03
      1722, 2.970438916E-03,-9.420850314E-03, 0.000000000E+00, 2.968928273E-03,-9.421327524E-03, 2.222222222E-03, 2.201528769E-08, 4.481491959E+02, 6.040849097E+02, 3.000000000E+02, 1.176655108E+00, 2.350000000E+01, 2.350000000E+01, 1.862915775E+03
      1723, 2.142858692E-03,-9.665668942E-03, 0.000000000E+00, 2.141747315E-03,-9.665918066E-03, 2.222222222E-03, 1.974716305E-08, 4.483280408E+02, 5.711772874E+02, 3.000000000E+02, 1.176655108E+00, 2.350000000E+01, 2.350000000E+01, 1.862915775E+03
      1724, 1.294956892E-03,-9.836065583E-03, 0.000000000E+00, 1.294281182E-03,-9.836157261E-03, 2.222222222E-03, 1.760018463E-08, 4.484773572E+02, 5.380184684E+02, 3.000000000E+02, 1.176655108E+00, 2.350000000E+01, 2.350000000E+01, 1.862915775E+03
      1725, 4.335673875E-04,-9.930246510E-03, 0.000000000E+00, 4.333410301E-04,-9.930259033E-03, 2.222222222E-03, 1.558573765E-08, 4.485965480E+02, 5.069042578E+02, 3.000000000E+02, 1.176655108E+00, 2.350000000E+01, 2.350000000E+01, 1.862915775E+03
      1726,-4.343018809E-04,-9.947095066E-03, 0.000000000E+00,-4.340754918E-04,-9.947107288E-03, 2.222222222E-03, 1.371334153E-08, 4.486728244E+02, 4.803905823E+02, 3.000000000E+02, 1.176655108E+00, 2.350000000E+01, 2.350000000E+01, 1.862915775E+03
      1727,-1.301546348E-03,-9.886195883E-03, 0.000000000E+00,-1.300870403E-03,-9.886286687E-03, 2.222222222E-03, 1.198847617E-08, 4.486695147E+02, 4.608136440E+02, 3.000000000E+02, 1.176655108E+00, 2.350000000E+01, 2.350000000E+01, 1.862915775E+03
      1728,-2.161045559E-03,-9.747836739E-03, 0.000000000E+00,-2.159933774E-03,-9.748084871E-03, 2.222222222E-03, 1.041307426E-08, 4.484264124E+02, 4.499764217E+02, 3.000000000E+02, 1.176655108E+00, 2.350000000E+01, 2.350000000E+01, 1.862915775E+03
      1729, 4.480618052E-03, 4.888815805E-03, 0.000000000E+00, 4.481821328E-03, 4.891042482E-03, 2.222222222E-03, 2.574986739E-07, 4.376018044E+02, 7.710366828E+02, 3.000000000E+02, 1.176655108E+00, 2.350000000E+01, 2.350000000E+01, 1.862915775E+03
      1730, 4.264388233E-03, 5.555055104E-03, 0.000000000E+00, 4.264124262E-03, 5.557392094E-03, 2.222222222E-03, 2.426010502E-07, 4.384042896E+02, 7.725191834E+02, 3.000000000E+02, 1.176655108E+00, 2.350000000E+01, 2.350000000E+01, 1.862915775E+03
      1731, 3.927266691E-03, 6.161339115E-03, 0.000000000E+00, 3.926086345E-03, 6.163501496E-03, 2.222222222E-03, 2.282127337E-07, 4.391257728E+02, 7.738388683E+02, 3.000000000E+02, 1.176655108E+00, 2.350000000E+01, 2.350000000E+01, 1.862915775E+03
      1732, 3.497205675E-03, 6.714582443E-03, 0.000000000E+00, 3.495657935E-03, 6.716409810E-03, 2.222222222E-03, 2.140466741E-07, 4.398107274E+02, 7.750643100E+02, 3.000000000E+02, 1.176655108E+00, 2.350000000E+01, 2.350000000E+01, 1.862915775E+03
      1733, 2.991095185E-03, 7.217769045E-03, 0.000000000E+00, 2.989554956E-03, 7.219210806E-03, 2.222222222E-03, 1.996934444E-07, 4.404880487E+02, 7.762367638E+02, 3.000000000E+02, 1.176655108E+00, 2.350000000E+01, 2.350000000E+01, 1.862915775E+03
      1734, 2.418801188E-03, 7.668372709E-03, 0.000000000E+00, 2.417477524E-03, 7.669443886E-03, 2.222222222E-03, 1.849823023E-07, 4.411669628E+02, 7.773552302E+02, 3.000000000E+02, 1.176655108E+00, 2.350000000E+01, 2.350000000E+01, 1.862915775E+03
      1735, 1.787526067E-03, 8.060268126E-03, 0.000000000E+00, 1.786525960E-03, 8.061020471E-03, 2.222222222E-03, 1.699808412E-07, 4.418439865E+02, 7.783965868E+02, 3.000000000E+02, 1.176655108E+00, 2.350000000E+01, 2.350000000E+01, 1.862915775E+03
      1736, 1.104366384E-03, 8.386092260E-03, 0.000000000E+00, 1.103745068E-03, 8.386597987E-03, 2.222222222E-03, 1.548905414E-07, 4.425144277E+02, 7.793338643E+02, 3.000000000E+02, 1.176655108E+00, 2.350000000E+01, 2.350000000E+01, 1.862915775E+03
      1737, 3.772722266E-04, 8.638858795E-03, 0.000000000E+00, 3.770601219E-04, 8.639197616E-03, 2.222222222E-03, 1.399554307E-07, 4.431700029E+02, 7.801377546E+02, 3.000000000E+02, 1.176655108E+00, 2.350000000E+01, 2.350000000E+01, 1.862915775E+03
      1738,-3.848536580E-04, 8.812773041E-03, 0.000000000E+00,-3.846380351E-04, 8.813031901E-03, 2.222222222E-03, 1.254081084E-07, 4.438061597E+02, 7.807756801E+02, 3.000000000E+02, 1.176655108E+00, 2.350000000E+01, 2.350000000E+01, 1.862915775E+03
      1739,-1.172382850E-03, 8.903546259E-03, 0.000000000E+00,-1.171729946E-03, 8.903812849E-03, 2.222222222E-03, 1.114463495E-07, 4.444139330E+02, 7.811788727E+02, 3.000000000E+02, 1.176655108E+00, 2.350000000E+01, 2.350000000E+01, 1.862915775E+03
      1740,-1.975250896E-03, 8.908412419E-03, 0.000000000E+00,-1.974164492E-03, 8.908775329E-03, 2.222222222E-03, 9.822959189E-08, 4.449769608E+02, 7.812237610E+02, 3.000000000E+02, 1.176655108E+00, 2.350000000E+01, 2.350000000E+01, 1.862915775E+03
      1741,-2.783200005E-03, 8.826018311E-03, 0.000000000E+00,-2.781710208E-03, 8.826561329E-03, 2.222222222E-03, 8.588761091E-08, 4.454777658E+02, 7.806989892E+02, 3.000000000E+02, 1.176655108E+00, 2.350000000E+01, 2.350000000E+01, 1.862915775E+03
      1742,-3.585940460E-03, 8.656264283E-03, 0.000000000E+00,-3.584129253E-03, 8.657050328E-03, 2.222222222E-03, 7.453646551E-08, 4.459005409E+02, 7.792956405E+02, 3.000000000E+02, 1.176655108E+00, 2.350000000E+01, 2.350000000E+01, 1.862915775E+03
      1743,-4.373242147E-03, 8.400170133E-03, 0.000000000E+00,-4.371281224E-03, 8.401202970E-03, 2.222222222E-03, 6.429652885E-08, 4.462557747E+02, 7.765338365E+02, 3.000000000E+02, 1.176655108E+00, 2.350000000E+01, 2.350000000E+01, 1.862915775E+03
      1744,-5.135021638E-03, 8.059846237E-03, 0.000000000E+00,-5.133205165E-03, 8.061009357E-03, 2.222222222E-03, 5.530175670E-08, 4.465520662E+02, 7.714846479E+02, 3.000000000E+02, 1.176655108E+00, 2.350000000E+01, 2.350000000E+01, 1.862915775E+03
      1745,-5.861577112E-03, 7.638664450E-03, 0.000000000E+00,-5.860290341E-03, 7.639667137E-03, 2.222222222E-03, 4.767955830E-08, 4.467984423E+02, 7.625748108E+02, 3.000000000E+02, 1.176655108E+00, 2.350000000E+01, 2.350000000E+01, 1.862915775E+03
      1746,-6.544129457E-03, 7.141580340E-03, 0.000000000E+00,-6.543687377E-03, 7.142011093E-03, 2.222222222E-03, 4.148408479E-08, 4.470076532E+02, 7.484931971E+02, 3.000000000E+02, 1.176655108E+00, 2.350000000E+01, 2.350000000E+01, 1.862915775E+03
      1747,-7.175547071E-03, 6.575242151E-03, 0.000000000E+00,-7.175974137E-03, 6.574797204E-03, 2.222222222E-03, 3.661183252E-08, 4.471964606E+02, 7.305612481E+02, 3.000000000E+02, 1.176655108E+00, 2.350000000E+01, 2.350000000E+01, 1.862915775E+03
      1748,-7.750676479E-03, 5.947439931E-03, 0.000000000E+00,-7.751671960E-03, 5.946147539E-03, 2.222222222E-03, 3.278613135E-08, 4.473770322E+02, 7.102910263E+02, 3.000000000E+02, 1.176655108E+00, 2.350000000E+01, 2.350000000E+01, 1.862915775E+03
      1749,-8.265849203E-03, 5.266072229E-03, 0.000000000E+00,-8.267004500E-03, 5.264251059E-03, 2.222222222E-03, 2.965451948E-08, 4.475593907E+02, 6.878902520E+02, 3.000000000E+02, 1.176655108E+00, 2.350000000E+01, 2.350000000E+01, 1.862915775E+03
      1750,-8.717979304E-03, 4.538414534E-03, 0.000000000E+00,-8.718998814E-03, 4.536446568E-03, 2.222222222E-03, 2.691927718E-08, 4.477509700E+02, 6.629164457E+02, 3.000000000E+02, 1.176655108E+00, 2.350000000E+01, 2.350000000E+01, 1.862915775E+03
      1751,-9.104004130E-03, 3.771089250E-03, 0.000000000E+00,-9.104757733E-03, 3.769264875E-03, 2.222222222E-03, 2.439933958E-08, 4.479502242E+02, 6.349669877E+02, 3.000000000E+02, 1.176655108E+00, 2.350000000E+01, 2.350000000E+01, 1.862915775E+03
      1752,-9.420850314E-03, 2.970438916E-03, 0.000000000E+00,-9.421327524E-03, 2.968928273E-03, 2.222222222E-03, 2.201528769E-08, 4.481491959E+02, 6.040849097E+02, 3.000000000E+02, 1.176655108E+00, 2.350000000E+01, 2.350000000E+01, 1.862915775E+03
      1753,-9.665669873E-03, 2.142858924E-03, 0.000000000E+00,-9.665918066E-03, 2.141747315E-03, 2.222222222E-03, 1.974716305E-08, 4.483280408E+02, 5.711772874E+02, 3.000000000E+02, 1.176655108E+00, 2.350000000E+01, 2.350000000E+01, 1.862915775E+03
      1754,-9.836065583E-03, 1.294956892E-03, 0.000000000E+00,-9.836157261E-03, 1.294281182E-03, 2.222222222E-03, 1.760018463E-08, 4.484773572E+02, 5.380184684E+02, 3.000000000E+02, 1.176655108E+00, 2.350000000E+01, 2.350000000E+01, 1.862915775E+03
      1755,-9.930246510E-03, 4.335673875E-04, 0.000000000E+00,-9.930259033E-03, 4.333410301E-04, 2.222222222E-03, 1.558573765E-08, 4.485965480E+02, 5.069042578E+02, 3.000000000E+02, 1.176655108E+00, 2.350000000E+01, 2.350000000E+01, 1.862915775E+03
      1756,-9.947095066E-03,-4.343018809E-04, 0.000000000E+00,-9.947107288E-03,-4.340754918E-04, 2.222222222E-03, 1.371334153E-08, 4.486728244E+02, 4.803905823E+02, 3.000000000E+02, 1.176655108E+00, 2.350000000E+01, 2.350000000E+01, 1.862915775E+03
      1757,-9.886195883E-03,-1.301546465E-03, 0.000000000E+00,-9.886286687E-03,-1.300870403E-03, 2.222222222E-03, 1.198847617E-08, 4.486695147E+02, 4.608136440E+02, 3.000000000E+02, 1.176655108E+00, 2.350000000E+01, 2.350000000E+01, 1.862915775E+03
      1758,-9.747837670E-03,-2.161045559E-03, 0.000000000E+00,-9.748084871E-03,-2.159933774E-03, 2.222222222E-03, 1.041307426E-08, 4.484264124E+02, 4.499764217E+02, 3.000000000E+02, 1.176655108E+00, 2.350000000E+01, 2.350000000E+01, 1.862915775E+03
      1759, 5.196776241E-03, 4.762706812E-03, 0.000000000E+00, 5.198504248E-03, 4.763453410E-03, 2.222222222E-03, 2.404239469E-07, 4.384955344E+02, 7.726785228E+02, 3.000000000E+02, 1.176655108E+00, 2.350000000E+01, 2.350000000E+01, 1.862915775E+03
      1760, 5.850745365E-03, 4.491048865E-03, 0.000000000E+00, 5.852708887E-03, 4.490499086E-03, 2.222222222E-03, 2.244292601E-07, 4.392752103E+02, 7.740909632E+02, 3.000000000E+02, 1.176655108E+00, 2.350000000E+01, 2.350000000E+01, 1.862915775E+03
      1761, 6.444759201E-03, 4.107567482E-03, 0.000000000E+00, 6.446635742E-03, 4.106205060E-03, 2.222222222E-03, 2.096691893E-07, 4.399708600E+02, 7.753243922E+02, 3.000000000E+02, 1.176655108E+00, 2.350000000E+01, 2.350000000E+01, 1.862915775E+03
      1762, 6.984385196E-03, 3.637428163E-03, 0.000000000E+00, 6.985983305E-03, 3.635761086E-03, 2.222222222E-03, 1.955620293E-07, 4.406262346E+02, 7.764497218E+02, 3.000000000E+02, 1.176655108E+00, 2.350000000E+01, 2.350000000E+01, 1.862915775E+03
      1763, 7.471793331E-03, 3.096138826E-03, 0.000000000E+00, 7.473044712E-03, 3.094520158E-03, 2.222222222E-03, 1.815754973E-07, 4.412705910E+02, 7.775092791E+02, 3.000000000E+02, 1.176655108E+00, 2.350000000E+01, 2.350000000E+01, 1.862915775E+03
      1764, 7.904383354E-03, 2.493091626E-03, 0.000000000E+00, 7.905296138E-03, 2.491718129E-03, 2.222222222E-03, 1.674828429E-07, 4.419142483E+02, 7.784993280E+02, 3.000000000E+02, 1.176655108E+00, 2.350000000E+01, 2.350000000E+01, 1.862915775E+03
      1765, 8.276471868E-03, 1.835379633E-03, 0.000000000E+00, 8.277094226E-03, 1.834350826E-03, 2.222222222E-03, 1.533110724E-07, 4.425534615E+02, 7.793896742E+02, 3.000000000E+02, 1.176655108E+00, 2.350000000E+01, 2.350000000E+01, 1.862915775E+03
      1766, 8.581364527E-03, 1.130033750E-03, 0.000000000E+00, 8.581765962E-03, 1.129398760E-03, 2.222222222E-03, 1.392197001E-07, 4.431864047E+02, 7.801576486E+02, 3.000000000E+02, 1.176655108E+00, 2.350000000E+01, 2.350000000E+01, 1.862915775E+03
      1767, 8.812773041E-03, 3.848536580E-04, 0.000000000E+00, 8.813031901E-03, 3.846380351E-04, 2.222222222E-03, 1.254081084E-07, 4.438061597E+02, 7.807756801E+02, 3.000000000E+02, 1.176655108E+00, 2.350000000E+01, 2.350000000E+01, 1.862915775E+03
      1768, 8.965535089E-03,-3.915129637E-04, 0.000000000E+00, 8.965733843E-03,-3.912947316E-04, 2.222222222E-03, 1.120647152E-07, 4.444041871E+02, 7.811844109E+02, 3.000000000E+02, 1.176655108E+00, 2.350000000E+01, 2.350000000E+01, 1.862915775E+03
      1769, 9.035882540E-03,-1.189777511E-03, 0.000000000E+00, 9.036105585E-03,-1.189119054E-03, 2.222222222E-03, 9.934653674E-08, 4.449655675E+02, 7.812801522E+02, 3.000000000E+02, 1.176655108E+00, 2.350000000E+01, 2.350000000E+01, 1.862915775E+03
      1770, 9.021460079E-03,-2.000272274E-03, 0.000000000E+00, 9.021793413E-03,-1.999179445E-03, 2.222222222E-03, 8.737711863E-08, 4.454753894E+02, 7.808928283E+02, 3.000000000E+02, 1.176655108E+00, 2.350000000E+01, 2.350000000E+01, 1.862915775E+03
      1771, 8.921230212E-03,-2.813170198E-03, 0.000000000E+00, 8.921754261E-03,-2.811674649E-03, 2.222222222E-03, 7.625507730E-08, 4.459120080E+02, 7.797080549E+02, 3.000000000E+02, 1.176655108E+00, 2.350000000E+01, 2.350000000E+01, 1.862915775E+03
      1772, 8.735330775E-03,-3.618635936E-03, 0.000000000E+00, 8.736106206E-03,-3.616820378E-03, 2.222222222E-03, 6.606866347E-08, 4.462686221E+02, 7.772321726E+02, 3.000000000E+02, 1.176655108E+00, 2.350000000E+01, 2.350000000E+01, 1.862915775E+03
      1773, 8.464962244E-03,-4.406915978E-03, 0.000000000E+00, 8.465989690E-03,-4.404952277E-03, 2.222222222E-03, 5.691177494E-08, 4.465626582E+02, 7.726498901E+02, 3.000000000E+02, 1.176655108E+00, 2.350000000E+01, 2.350000000E+01, 1.862915775E+03
      1774, 8.112359792E-03,-5.168428179E-03, 0.000000000E+00, 8.113518934E-03,-5.166609664E-03, 2.222222222E-03, 4.889192815E-08, 4.468063661E+02, 7.643033326E+02, 3.000000000E+02, 1.176655108E+00, 2.350000000E+01, 2.350000000E+01, 1.862915775E+03
      1775, 7.680934388E-03,-5.893979222E-03, 0.000000000E+00, 7.681933886E-03,-5.892689880E-03, 2.222222222E-03, 4.211213766E-08, 4.470136311E+02, 7.500374545E+02, 3.000000000E+02, 1.176655108E+00, 2.350000000E+01, 2.350000000E+01, 1.862915775E+03
      1776, 7.175547071E-03,-6.575242151E-03, 0.000000000E+00, 7.175974137E-03,-6.574797204E-03, 2.222222222E-03, 3.661183252E-08, 4.471964606E+02, 7.305612481E+02, 3.000000000E+02, 1.176655108E+00, 2.350000000E+01, 2.350000000E+01, 1.862915775E+03
      1777, 6.602570880E-03,-7.205381989E-03, 0.000000000E+00, 6.602123643E-03,-7.205806800E-03, 2.222222222E-03, 3.229258497E-08, 4.473651867E+02, 7.080021017E+02, 3.000000000E+02, 1.176655108E+00, 2.350000000E+01, 2.350000000E+01, 1.862915775E+03
      1778, 5.969398189E-03,-7.779323496E-03, 0.000000000E+00, 5.968105656E-03,-7.780317375E-03, 2.222222222E-03, 2.890488384E-08, 4.475300609E+02, 6.836661842E+02, 3.000000000E+02, 1.176655108E+00, 2.350000000E+01, 2.350000000E+01, 1.862915775E+03
      1779, 5.283539649E-03,-8.293306455E-03, 0.000000000E+00, 5.281718636E-03,-8.294462332E-03, 2.222222222E-03, 2.613424195E-08, 4.476995451E+02, 6.577904655E+02, 3.000000000E+02, 1.176655108E+00, 2.350000000E+01, 2.350000000E+01, 1.862915775E+03
      1780, 4.551998805E-03,-8.744117804E-03, 0.000000000E+00, 4.550031508E-03,-8.745137697E-03, 2.222222222E-03, 2.371605667E-08, 4.478774582E+02, 6.300056896E+02, 3.000000000E+02, 1.176655108E+00, 2.350000000E+01, 2.350000000E+01, 1.862915775E+03
      1781, 3.781266045E-03,-9.128613397E-03, 0.000000000E+00, 3.779441575E-03,-9.129367712E-03, 2.222222222E-03, 2.148966479E-08, 4.480645621E+02, 6.000262647E+02, 3.000000000E+02, 1.176655108E+00, 2.350000000E+01, 2.350000000E+01, 1.862915775E+03
      1782, 2.977635944E-03,-9.443715215E-03, 0.000000000E+00, 2.976125450E-03,-9.444191973E-03, 2.222222222E-03, 1.938458609E-08, 4.482528102E+02, 5.683745587E+02, 3.000000000E+02, 1.176655108E+00, 2.350000000E+01, 2.350000000E+01, 1.862915775E+03
      1783, 2.147495048E-03,-9.686615318E-03, 0.000000000E+00, 2.146383252E-03,-9.686863330E-03, 2.222222222E-03, 1.738298582E-08, 4.484230004E+02, 5.364683680E+02, 3.000000000E+02, 1.176655108E+00, 2.350000000E+01, 2.350000000E+01, 1.862915775E+03
      1784, 1.297443523E-03,-9.854983538E-03, 0.000000000E+00, 1.296767748E-03,-9.855074539E-03, 2.222222222E-03, 1.548928429E-08, 4.485662910E+02, 5.063563575E+02, 3.000000000E+02, 1.176655108E+00, 2.350000000E+01, 2.350000000E+01, 1.862915775E+03
      1785, 4.343018809E-04,-9.947095066E-03, 0.000000000E+00, 4.340754918E-04,-9.947107288E-03, 2.222222222E-03, 1.371334153E-08, 4.486728244E+02, 4.803905823E+02, 3.000000000E+02, 1.176655108E+00, 2.350000000E+01, 2.350000000E+01, 1.862915775E+03
      1786,-4.349470255E-04,-9.961894713E-03, 0.000000000E+00,-4.347206270E-04,-9.961906432E-03, 2.222222222E-03, 1.206336998E-08, 4.486995579E+02, 4.609772007E+02, 3.000000000E+02, 1.176655108E+00, 2.350000000E+01, 2.350000000E+01, 1.862915775E+03
      1787,-1.303231576E-03,-9.899017401E-03, 0.000000000E+00,-1.302555578E-03,-9.899107147E-03, 2.222222222E-03, 1.054402630E-08, 4.484844615E+02, 4.500747695E+02, 3.000000000E+02, 1.176655108E+00, 2.350000000E+01, 2.350000000E+01, 1.862915775E+03
      1788, 4.762706812E-03, 5.196776241E-03, 0.000000000E+00, 4.763453410E-03, 5.198504248E-03, 2.222222222E-03, 2.404239469E-07, 4.384955344E+02, 7.726785228E+02, 3.000000000E+02, 1.176655108E+00, 2.350000000E+01, 2.350000000E+01, 1.862915775E+03
      1789, 4.491048865E-03, 5.850745365E-03, 0.000000000E+00, 4.490499086E-03, 5.852708887E-03, 2.222222222E-03, 2.244292601E-07, 4.392752103E+02, 7.740909632E+02, 3.000000000E+02, 1.176655108E+00, 2.350000000E+01, 2.350000000E+01, 1.862915775E+03
      1790, 4.107567482E-03, 6.444759201E-03, 0.000000000E+00, 4.106205060E-03, 6.446635742E-03, 2.222222222E-03, 2.096691893E-07, 4.399708600E+02, 7.753243922E+02, 3.000000000E+02, 1.176655108E+00, 2.350000000E+01, 2.350000000E+01, 1.862915775E+03
      1791, 3.637428163E-03, 6.984385196E-03, 0.000000000E+00, 3.635761086E-03, 6.985983305E-03, 2.222222222E-03, 1.955620293E-07, 4.406262346E+02, 7.764497218E+02, 3.000000000E+02, 1.176655108E+00, 2.350000000E+01, 2.350000000E+01, 1.862915775E+03
      1792, 3.096139058E-03, 7.471793331E-03, 0.000000000E+00, 3.094520158E-03, 7.473044712E-03, 2.222222222E-03, 1.815754973E-07, 4.412705910E+02, 7.775092791E+02, 3.000000000E+02, 1.176655108E+00, 2.350000000E+01, 2.350000000E+01, 1.862915775E+03
      1793, 2.493091626E-03, 7.904384285E-03, 0.000000000E+00, 2.491718129E-03, 7.905296138E-03, 2.222222222E-03, 1.674828429E-07, 4.419142483E+02, 7.784993280E+02, 3.000000000E+02, 1.176655108E+00, 2.350000000E+01, 2.350000000E+01, 1.862915775E+03
      1794, 1.835379633E-03, 8.276471868E-03, 0.000000000E+00, 1.834350826E-03, 8.277094226E-03, 2.222222222E-03, 1.533110724E-07, 4.425534615E+02, 7.793896742E+02, 3.000000000E+02, 1.176655108E+00, 2.350000000E+01, 2.350000000E+01, 1.862915775E+03
      1795, 1.130033750E-03, 8.581363596E-03, 0.000000000E+00, 1.129398760E-03, 8.581765962E-03, 2.222222222E-03, 1.392197001E-07, 4.431864047E+02, 7.801576486E+02, 3.000000000E+02, 1.176655108E+00, 2.350000000E+01, 2.350000000E+01, 1.862915775E+03
      1796, 3.848536580E-04, 8.812773041E-03, 0.000000000E+00, 3.846380351E-04, 8.813031901E-03, 2.222222222E-03, 1.254081084E-07, 4.438061597E+02, 7.807756801E+02, 3.000000000E+02, 1.176655108E+00, 2.350000000E+01, 2.350000000E+01, 1.862915775E+03
      1797,-3.915129637E-04, 8.965535089E-03, 0.000000000E+00,-3.912947316E-04, 8.965733843E-03, 2.222222222E-03, 1.120647152E-07, 4.444041871E+02, 7.811844109E+02, 3.000000000E+02, 1.176655108E+00, 2.350000000E+01, 2.350000000E+01, 1.862915775E+03
      1798,-1.189777511E-03, 9.035882540E-03, 0.000000000E+00,-1.189119054E-03, 9.036105585E-03, 2.222222222E-03, 9.934653674E-08, 4.449655675E+02, 7.812801522E+02, 3.000000000E+02, 1.176655108E+00, 2.350000000E+01, 2.350000000E+01, 1.862915775E+03
      1799,-2.000272274E-03, 9.021460079E-03, 0.000000000E+00,-1.999179445E-03, 9.021793413E-03, 2.222222222E-03, 8.737711863E-08, 4.454753894E+02, 7.808928283E+02, 3.000000000E+02, 1.176655108E+00, 2.350000000E+01, 2.350000000E+01, 1.862915775E+03
      1800,-2.813170198E-03, 8.921229281E-03, 0.000000000E+00,-2.811674649E-03, 8.921754261E-03, 2.222222222E-03, 7.625507730E-08, 4.459120080E+02, 7.797080549E+02, 3.000000000E+02, 1.176655108E+00, 2.350000000E+01, 2.350000000E+01, 1.862915775E+03
      1801,-3.618635936E-03, 8.735330775E-03, 0.000000000E+00,-3.616820378E-03, 8.736106206E-03, 2.222222222E-03, 6.606866347E-08, 4.462686221E+02, 7.772321726E+02, 3.000000000E+02, 1.176655108E+00, 2.350000000E+01, 2.350000000E+01, 1.862915775E+03
      1802,-4.406915978E-03, 8.464962244E-03, 0.000000000E+00,-4.404952277E-03, 8.465989690E-03, 2.222222222E-03, 5.691177494E-08, 4.465626582E+02, 7.726498901E+02, 3.000000000E+02, 1.176655108E+00, 2.350000000E+01, 2.350000000E+01, 1.862915775E+03
      1803,-5.168428645E-03, 8.112358861E-03, 0.000000000E+00,-5.166609664E-03, 8.113518934E-03, 2.222222222E-03, 4.889192815E-08, 4.468063661E+02, 7.643033326E+02, 3.000000000E+02, 1.176655108E+00, 2.350000000E+01, 2.350000000E+01, 1.862915775E+03
      1804,-5.893979222E-03, 7.680934388E-03, 0.000000000E+00,-5.892689880E-03, 7.681933886E-03, 2.222222222E-03, 4.211213766E-08, 4.470136311E+02, 7.500374545E+02, 3.000000000E+02, 1.176655108E+00, 2.350000000E+01, 2.350000000E+01, 1.862915775E+03
      1805,-6.575242151E-03, 7.175547071E-03, 0.000000000E+00,-6.574797204E-03, 7.175974137E-03, 2.222222222E-03, 3.661183252E-08, 4.471964606E+02, 7.305612481E+02, 3.000000000E+02, 1.176655108E+00, 2.350000000E+01, 2.350000000E+01, 1.862915775E+03
      1806,-7.205381989E-03, 6.602570880E-03, 0.000000000E+00,-7.205806800E-03, 6.602123643E-03, 2.222222222E-03, 3.229258497E-08, 4.473651867E+02, 7.080021017E+02, 3.000000000E+02, 1.176655108E+00, 2.350000000E+01, 2.350000000E+01, 1.862915775E+03
      1807,-7.779323030E-03, 5.969398655E-03, 0.000000000E+00,-7.780317375E-03, 5.968105656E-03, 2.222222222E-03, 2.890488384E-08, 4.475300609E+02, 6.836661842E+02, 3.000000000E+02, 1.176655108E+00, 2.350000000E+01, 2.350000000E+01, 1.862915775E+03
      1808,-8.293306455E-03, 5.283539649E-03, 0.000000000E+00,-8.294462332E-03, 5.281718636E-03, 2.222222222E-03, 2.613424195E-08, 4.476995451E+02, 6.577904655E+02, 3.000000000E+02, 1.176655108E+00, 2.350000000E+01, 2.350000000E+01, 1.862915775E+03
      1809,-8.744117804E-03, 4.551999271E-03, 0.000000000E+00,-8.745137697E-03, 4.550031508E-03, 2.222222222E-03, 2.371605667E-08, 4.478774582E+02, 6.300056896E+02, 3.000000000E+02, 1.176655108E+00, 2.350000000E+01, 2.350000000E+01, 1.862915775E+03
      1810,-9.128613397E-03, 3.781266045E-03, 0.000000000E+00,-9.129367712E-03, 3.779441575E-03, 2.222222222E-03, 2.148966479E-08, 4.480645621E+02, 6.000262647E+02, 3.000000000E+02, 1.176655108E+00, 2.350000000E+01, 2.350000000E+01, 1.862915775E+03
      1811,-9.443714283E-03, 2.977635944E-03, 0.000000000E+00,-9.444191973E-03, 2.976125450E-03, 2.222222222E-03, 1.938458609E-08, 4.482528102E+02, 5.683745587E+02, 3.000000000E+02, 1.176655108E+00, 2.350000000E+01, 2.350000000E+01, 1.862915775E+03
      1812,-9.686615318E-03, 2.147494815E-03, 0.000000000E+00,-9.686863330E-03, 2.146383252E-03, 2.222222222E-03, 1.738298582E-08, 4.484230004E+02, 5.364683680E+02, 3.000000000E+02, 1.176655108E+00, 2.350000000E+01, 2.350000000E+01, 1.862915775E+03
      1813,-9.854983538E-03, 1.297443639E-03, 0.000000000E+00,-9.855074539E-03, 1.296767748E-03, 2.222222222E-03, 1.548928429E-08, 4.485662910E+02, 5.063563575E+02, 3.000000000E+02, 1.176655108E+00, 2.350000000E+01, 2.350000000E+01, 1.862915775E+03
      1814,-9.947095066E-03, 4.343018809E-04, 0.000000000E+00,-9.947107288E-03, 4.340754918E-04, 2.222222222E-03, 1.371334153E-08, 4.486728244E+02, 4.803905823E+02, 3.000000000E+02, 1.176655108E+00, 2.350000000E+01, 2.350000000E+01, 1.862915775E+03
      1815,-9.961894713E-03,-4.349470255E-04, 0.000000000E+00,-9.961906432E-03,-4.347206270E-04, 2.222222222E-03, 1.206336998E-08, 4.486995579E+02, 4.609772007E+02, 3.000000000E+02, 1.176655108E+00, 2.350000000E+01, 2.350000000E+01, 1.862915775E+03
      1816,-9.899016470E-03,-1.303231576E-03, 0.000000000E+00,-9.899107147E-03,-1.302555578E-03, 2.222222222E-03, 1.054402630E-08, 4.484844615E+02, 4.500747695E+02, 3.000000000E+02, 1.176655108E+00, 2.350000000E+01, 2.350000000E+01, 1.862915775E+03
      1817, 5.467280746E-03, 5.010486115E-03, 0.000000000E+00, 5.468657095E-03, 5.010910873E-03, 2.222222222E-03, 2.221718515E-07, 4.393605905E+02, 7.742356111E+02, 3.000000000E+02, 1.176655108E+00, 2.350000000E+01, 2.350000000E+01, 1.862915775E+03
      1818, 6.110472139E-03, 4.690142348E-03, 0.000000000E+00, 6.112170370E-03, 4.689389055E-03, 2.222222222E-03, 2.058781169E-07, 4.401088640E+02, 7.755473831E+02, 3.000000000E+02, 1.176655108E+00, 2.350000000E+01, 2.350000000E+01, 1.862915775E+03
      1819, 6.693707779E-03, 4.265938886E-03, 0.000000000E+00, 6.695381216E-03, 4.264447009E-03, 2.222222222E-03, 1.912762362E-07, 4.407710902E+02, 7.766714389E+02, 3.000000000E+02, 1.176655108E+00, 2.350000000E+01, 2.350000000E+01, 1.862915775E+03
      1820, 7.221373264E-03, 3.760595806E-03, 0.000000000E+00, 7.222807121E-03, 3.758843523E-03, 2.222222222E-03, 1.776009795E-07, 4.413924272E+02, 7.776789480E+02, 3.000000000E+02, 1.176655108E+00, 2.350000000E+01, 2.350000000E+01, 1.862915775E+03
      1821, 7.694921922E-03, 3.188406816E-03, 0.000000000E+00, 7.696035611E-03, 3.186731184E-03, 2.222222222E-03, 1.642515946E-07, 4.420023982E+02, 7.786092915E+02, 3.000000000E+02, 1.176655108E+00, 2.350000000E+01, 2.350000000E+01, 1.862915775E+03
      1822, 8.111689240E-03, 2.558346605E-03, 0.000000000E+00, 8.112486160E-03, 2.556936555E-03, 2.222222222E-03, 1.509696745E-07, 4.426124126E+02, 7.794538738E+02, 3.000000000E+02, 1.176655108E+00, 2.350000000E+01, 2.350000000E+01, 1.862915775E+03
      1823, 8.466379717E-03, 1.877413015E-03, 0.000000000E+00, 8.466906087E-03, 1.876362993E-03, 2.222222222E-03, 1.377539697E-07, 4.432184079E+02, 7.801895305E+02, 3.000000000E+02, 1.176655108E+00, 2.350000000E+01, 2.350000000E+01, 1.862915775E+03
      1824, 8.752886206E-03, 1.152579323E-03, 0.000000000E+00, 8.753210381E-03, 1.151934129E-03, 2.222222222E-03, 1.247311212E-07, 4.438194518E+02, 7.807840467E+02, 3.000000000E+02, 1.176655108E+00, 2.350000000E+01, 2.350000000E+01, 1.862915775E+03
      1825, 8.965535089E-03, 3.915129637E-04, 0.000000000E+00, 8.965733843E-03, 3.912947316E-04, 2.222222222E-03, 1.120647152E-07, 4.444041871E+02, 7.811844109E+02, 3.000000000E+02, 1.176655108E+00, 2.350000000E+01, 2.350000000E+01, 1.862915775E+03
      1826, 9.099717252E-03,-3.973623388E-04, 0.000000000E+00, 9.099870907E-03,-3.971421341E-04, 2.222222222E-03, 9.990799224E-08, 4.449595147E+02, 7.813026827E+02, 3.000000000E+02, 1.176655108E+00, 2.350000000E+01, 2.350000000E+01, 1.862915775E+03
      1827, 9.152122773E-03,-1.205056789E-03, 0.000000000E+00, 9.152313588E-03,-1.204393919E-03, 2.222222222E-03, 8.838598346E-08, 4.454713462E+02, 7.809945195E+02, 3.000000000E+02, 1.176655108E+00, 2.350000000E+01, 2.350000000E+01, 1.862915775E+03
      1828, 9.120757692E-03,-2.022250323E-03, 0.000000000E+00, 9.121069441E-03,-2.021152788E-03, 2.222222222E-03, 7.759447720E-08, 4.459227121E+02, 7.800026300E+02, 3.000000000E+02, 1.176655108E+00, 2.350000000E+01, 2.350000000E+01, 1.862915775E+03
      1829, 9.004861116E-03,-2.839495195E-03, 0.000000000E+00, 9.005371943E-03,-2.837995481E-03, 2.222222222E-03, 6.760823321E-08, 4.462936564E+02, 7.778427990E+02, 3.000000000E+02, 1.176655108E+00, 2.350000000E+01, 2.350000000E+01, 1.862915775E+03
      1830, 8.804780431E-03,-3.647354897E-03, 0.000000000E+00, 8.805548660E-03,-3.645536169E-03, 2.222222222E-03, 5.849420437E-08, 4.465883272E+02, 7.737047074E+02, 3.000000000E+02, 1.176655108E+00, 2.350000000E+01, 2.350000000E+01, 1.862915775E+03
      1831, 8.521874435E-03,-4.436494317E-03, 0.000000000E+00, 8.522897891E-03,-4.434528695E-03, 2.222222222E-03, 5.032573699E-08, 4.468273735E+02, 7.661774708E+02, 3.000000000E+02, 1.176655108E+00, 2.350000000E+01, 2.350000000E+01, 1.862915775E+03
      1832, 8.158485405E-03,-5.197771825E-03, 0.000000000E+00, 8.159642818E-03,-5.195951839E-03, 2.222222222E-03, 4.318944200E-08, 4.470281123E+02, 7.525511490E+02, 3.000000000E+02, 1.176655108E+00, 2.350000000E+01, 2.350000000E+01, 1.862915775E+03
      1833, 7.718063425E-03,-5.922440439E-03, 0.000000000E+00, 7.719060481E-03,-5.921149238E-03, 2.222222222E-03, 3.716893925E-08, 4.472055043E+02, 7.325128806E+02, 3.000000000E+02, 1.176655108E+00, 2.350000000E+01, 2.350000000E+01, 1.862915775E+03
      1834, 7.205381989E-03,-6.602570880E-03, 0.000000000E+00, 7.205806800E-03,-6.602123643E-03, 2.222222222E-03, 3.229258497E-08, 4.473651867E+02, 7.080021017E+02, 3.000000000E+02, 1.176655108E+00, 2.350000000E+01, 2.350000000E+01, 1.862915775E+03
      1835, 6.626575720E-03,-7.231588475E-03, 0.000000000E+00, 6.626126764E-03,-7.232011350E-03, 2.222222222E-03, 2.846812633E-08, 4.475156921E+02, 6.811374576E+02, 3.000000000E+02, 1.176655108E+00, 2.350000000E+01, 2.350000000E+01, 1.862915775E+03
      1836, 5.988686811E-03,-7.804485504E-03, 0.000000000E+00, 5.987393295E-03,-7.805479024E-03, 2.222222222E-03, 2.547139084E-08, 4.476667302E+02, 6.533582416E+02, 3.000000000E+02, 1.176655108E+00, 2.350000000E+01, 2.350000000E+01, 1.862915775E+03
      1837, 5.298882723E-03,-8.317424916E-03, 0.000000000E+00, 5.297061842E-03,-8.318580797E-03, 2.222222222E-03, 2.302236529E-08, 4.478225638E+02, 6.248780057E+02, 3.000000000E+02, 1.176655108E+00, 2.350000000E+01, 2.350000000E+01, 1.862915775E+03
      1838, 4.563931376E-03,-8.767077699E-03, 0.000000000E+00, 4.561964265E-03,-8.768097601E-03, 2.222222222E-03, 2.088624295E-08, 4.479889333E+02, 5.953489878E+02, 3.000000000E+02, 1.176655108E+00, 2.350000000E+01, 2.350000000E+01, 1.862915775E+03
      1839, 3.790204879E-03,-9.150230326E-03, 0.000000000E+00, 3.788380590E-03,-9.150984639E-03, 2.222222222E-03, 1.892065109E-08, 4.481660544E+02, 5.647938635E+02, 3.000000000E+02, 1.176655108E+00, 2.350000000E+01, 2.350000000E+01, 1.862915775E+03
      1840, 2.983957995E-03,-9.463798255E-03, 0.000000000E+00, 2.982447307E-03,-9.464275648E-03, 2.222222222E-03, 1.706312573E-08, 4.483463252E+02, 5.341975321E+02, 3.000000000E+02, 1.176655108E+00, 2.350000000E+01, 2.350000000E+01, 1.862915775E+03
      1841, 2.151567023E-03,-9.705012664E-03, 0.000000000E+00, 2.150455365E-03,-9.705261220E-03, 2.222222222E-03, 1.529776690E-08, 4.485110881E+02, 5.052281431E+02, 3.000000000E+02, 1.176655108E+00, 2.350000000E+01, 2.350000000E+01, 1.862915775E+03
      1842, 1.299627707E-03,-9.871600196E-03, 0.000000000E+00, 1.298951895E-03,-9.871691078E-03, 2.222222222E-03, 1.362833084E-08, 4.486423592E+02, 4.800483454E+02, 3.000000000E+02, 1.176655108E+00, 2.350000000E+01, 2.350000000E+01, 1.862915775E+03
      1843, 4.349470255E-04,-9.961894713E-03, 0.000000000E+00, 4.347206270E-04,-9.961906432E-03, 2.222222222E-03, 1.206336998E-08, 4.486995579E+02, 4.609772007E+02, 3.000000000E+02, 1.176655108E+00, 2.350000000E+01, 2.350000000E+01, 1.862915775E+03
      1844,-4.355137353E-04,-9.974894114E-03, 0.000000000E+00,-4.352872996E-04,-9.974905674E-03, 2.222222222E-03, 1.060998286E-08, 4.485161998E+02, 4.501264088E+02, 3.000000000E+02, 1.176655108E+00, 2.350000000E+01, 2.350000000E+01, 1.862915775E+03
      1845, 5.010486115E-03, 5.467280280E-03, 0.000000000E+00, 5.010910873E-03, 5.468657095E-03, 2.222222222E-03, 2.221718515E-07, 4.393605905E+02, 7.742356111E+02, 3.000000000E+02, 1.176655108E+00, 2.350000000E+01, 2.350000000E+01, 1.862915775E+03
      1846, 4.690142348E-03, 6.110472139E-03, 0.000000000E+00, 4.689389055E-03, 6.112170370E-03, 2.222222222E-03, 2.058781169E-07, 4.401088640E+02, 7.755473831E+02, 3.000000000E+02, 1.176655108E+00, 2.350000000E+01, 2.350000000E+01, 1.862915775E+03
      1847, 4.265938886E-03, 6.693708245E-03, 0.000000000E+00, 4.264447009E-03, 6.695381216E-03, 2.222222222E-03, 1.912762362E-07, 4.407710902E+02, 7.766714389E+02, 3.000000000E+02, 1.176655108E+00, 2.350000000E+01, 2.350000000E+01, 1.862915775E+03
      1848, 3.760595806E-03, 7.221373264E-03, 0.000000000E+00, 3.758843523E-03, 7.222807121E-03, 2.222222222E-03, 1.776009795E-07, 4.413924272E+02, 7.776789480E+02, 3.000000000E+02, 1.176655108E+00, 2.350000000E+01, 2.350000000E+01, 1.862915775E+03
      1849, 3.188406816E-03, 7.694921922E-03, 0.000000000E+00, 3.186731184E-03, 7.696035611E-03, 2.222222222E-03, 1.642515946E-07, 4.420023982E+02, 7.786092915E+02, 3.000000000E+02, 1.176655108E+00, 2.350000000E+01, 2.350000000E+01, 1.862915775E+03
      1850, 2.558346372E-03, 8.111690171E-03, 0.000000000E+00, 2.556936555E-03, 8.112486160E-03, 2.222222222E-03, 1.509696745E-07, 4.426124126E+02, 7.794538738E+02, 3.000000000E+02, 1.176655108E+00, 2.350000000E+01, 2.350000000E+01, 1.862915775E+03
      1851, 1.877413015E-03, 8.466379717E-03, 0.000000000E+00, 1.876362993E-03, 8.466906087E-03, 2.222222222E-03, 1.377539697E-07, 4.432184079E+02, 7.801895305E+02, 3.000000000E+02, 1.176655108E+00, 2.350000000E+01, 2.350000000E+01, 1.862915775E+03
      1852, 1.152579323E-03, 8.752885275E-03, 0.000000000E+00, 1.151934129E-03, 8.753210381E-03, 2.222222222E-03, 1.247311212E-07, 4.438194518E+02, 7.807840467E+02, 3.000000000E+02, 1.176655108E+00, 2.350000000E+01, 2.350000000E+01, 1.862915775E+03
      1853, 3.915129637E-04, 8.965535089E-03, 0.000000000E+00, 3.912947316E-04, 8.965733843E-03, 2.222222222E-03, 1.120647152E-07, 4.444041871E+02, 7.811844109E+02, 3.000000000E+02, 1.176655108E+00, 2.350000000E+01, 2.350000000E+01, 1.862915775E+03
      1854,-3.973623388E-04, 9.099717252E-03, 0.000000000E+00,-3.971421341E-04, 9.099870907E-03, 2.222222222E-03, 9.990799224E-08, 4.449595147E+02, 7.813026827E+02, 3.000000000E+02, 1.176655108E+00, 2.350000000E+01, 2.350000000E+01, 1.862915775E+03
      1855,-1.205056673E-03, 9.152122773E-03, 0.000000000E+00,-1.204393919E-03, 9.152313588E-03, 2.222222222E-03, 8.838598346E-08, 4.454713462E+02, 7.809945195E+02, 3.000000000E+02, 1.176655108E+00, 2.350000000E+01, 2.350000000E+01, 1.862915775E+03
      1856,-2.022250323E-03, 9.120758623E-03, 0.000000000E+00,-2.021152788E-03, 9.121069441E-03, 2.222222222E-03, 7.759447720E-08, 4.459227121E+02, 7.800026300E+02, 3.000000000E+02, 1.176655108E+00, 2.350000000E+01, 2.350000000E+01, 1.862915775E+03
      1857,-2.839495195E-03, 9.004861116E-03, 0.000000000E+00,-2.837995481E-03, 9.005371943E-03, 2.222222222E-03, 6.760823321E-08, 4.462936564E+02, 7.778427990E+02, 3.000000000E+02, 1.176655108E+00, 2.350000000E+01, 2.350000000E+01, 1.862915775E+03
      1858,-3.647354664E-03, 8.804780431E-03, 0.000000000E+00,-3.645536169E-03, 8.805548660E-03, 2.222222222E-03, 5.849420437E-08, 4.465883272E+02, 7.737047074E+02, 3.000000000E+02, 1.176655108E+00, 2.350000000E+01, 2.350000000E+01, 1.862915775E+03
      1859,-4.436494317E-03, 8.521874435E-03, 0.000000000E+00,-4.434528695E-03, 8.522897891E-03, 2.222222222E-03, 5.032573699E-08, 4.468273735E+02, 7.661774708E+02, 3.000000000E+02, 1.176655108E+00, 2.350000000E+01, 2.350000000E+01, 1.862915775E+03
      1860,-5.197771825E-03, 8.158485405E-03, 0.000000000E+00,-5.195951839E-03, 8.159642818E-03, 2.222222222E-03, 4.318944200E-08, 4.470281123E+02, 7.525511490E+02, 3.000000000E+02, 1.176655108E+00, 2.350000000E+01, 2.350000000E+01, 1.862915775E+03
      1861,-5.922439974E-03, 7.718063425E-03, 0.000000000E+00,-5.921149238E-03, 7.719060481E-03, 2.222222222E-03, 3.716893925E-08, 4.472055043E+02, 7.325128806E+02, 3.000000000E+02, 1.176655108E+00, 2.350000000E+01, 2.350000000E+01, 1.862915775E+03
      1862,-6.602570880E-03, 7.205381989E-03, 0.000000000E+00,-6.602123643E-03, 7.205806800E-03, 2.222222222E-03, 3.229258497E-08, 4.473651867E+02, 7.080021017E+02, 3.000000000E+02, 1.176655108E+00, 2.350000000E+01, 2.350000000E+01, 1.862915775E+03
      1863,-7.231588941E-03, 6.626575720E-03, 0.000000000E+00,-7.232011350E-03, 6.626126764E-03, 2.222222222E-03, 2.846812633E-08, 4.475156921E+02, 6.811374576E+02, 3.000000000E+02, 1.176655108E+00, 2.350000000E+01, 2.350000000E+01, 1.862915775E+03
      1864,-7.804485504E-03, 5.988686811E-03, 0.000000000E+00,-7.805479024E-03, 5.987393295E-03, 2.222222222E-03, 2.547139084E-08, 4.476667302E+02, 6.533582416E+02, 3.000000000E+02, 1.176655108E+00, 2.350000000E+01, 2.350000000E+01, 1.862915775E+03
      1865,-8.317424916E-03, 5.298882723E-03, 0.000000000E+00,-8.318580797E-03, 5.297061842E-03, 2.222222222E-03, 2.302236529E-08, 4.478225638E+02, 6.248780057E+02, 3.000000000E+02, 1.176655108E+00, 2.350000000E+01, 2.350000000E+01, 1.862915775E+03
      1866,-8.767077699E-03, 4.563931376E-03, 0.000000000E+00,-8.768097601E-03, 4.561964265E-03, 2.222222222E-03, 2.088624295E-08, 4.479889333E+02, 5.953489878E+02, 3.000000000E+02, 1.176655108E+00, 2.350000000E+01, 2.350000000E+01, 1.862915775E+03
      1867,-9.150230326E-03, 3.790204879E-03, 0.000000000E+00,-9.150984639E-03, 3.788380590E-03, 2.222222222E-03, 1.892065109E-08, 4.481660544E+02, 5.647938635E+02, 3.000000000E+02, 1.176655108E+00, 2.350000000E+01, 2.350000000E+01, 1.862915775E+03
      1868,-9.463799186E-03, 2.983957762E-03, 0.000000000E+00,-9.464275648E-03, 2.982447307E-03, 2.222222222E-03, 1.706312573E-08, 4.483463252E+02, 5.341975321E+02, 3.000000000E+02, 1.176655108E+00, 2.350000000E+01, 2.350000000E+01, 1.862915775E+03
      1869,-9.705012664E-03, 2.151567023E-03, 0.000000000E+00,-9.705261220E-03, 2.150455365E-03, 2.222222222E-03, 1.529776690E-08, 4.485110881E+02, 5.052281431E+02, 3.000000000E+02, 1.176655108E+00, 2.350000000E+01, 2.350000000E+01, 1.862915775E+03
      1870,-9.871600196E-03, 1.299627824E-03, 0.000000000E+00,-9.871691078E-03, 1.298951895E-03, 2.222222222E-03, 1.362833084E-08, 4.486423592E+02, 4.800483454E+02, 3.000000000E+02, 1.176655108E+00, 2.350000000E+01, 2.350000000E+01, 1.862915775E+03
      1871,-9.961894713E-03, 4.349470255E-04, 0.000000000E+00,-9.961906432E-03, 4.347206270E-04, 2.222222222E-03, 1.206336998E-08, 4.486995579E+02, 4.609772007E+02, 3.000000000E+02, 1.176655108E+00, 2.350000000E+01, 2.350000000E+01, 1.862915775E+03
      1872,-9.974895045E-03,-4.355137353E-04, 0.000000000E+00,-9.974905674E-03,-4.352872996E-04, 2.222222222E-03, 1.060998286E-08, 4.485161998E+02, 4.501264088E+02, 3.000000000E+02, 1.176655108E+00, 2.350000000E+01, 2.350000000E+01, 1.862915775E+03
      1873, 5.704884883E-03, 5.228129216E-03, 0.000000000E+00, 5.706009505E-03, 5.228323446E-03, 2.222222222E-03, 2.036290103E-07, 4.401878074E+02, 7.756760564E+02, 3.000000000E+02, 1.176655108E+00, 2.350000000E+01, 2.350000000E+01, 1.862915775E+03
      1874, 6.338609383E-03, 4.865020979E-03, 0.000000000E+00, 6.340117144E-03, 4.864121451E-03, 2.222222222E-03, 1.875853542E-07, 4.408964057E+02, 7.768619465E+02, 3.000000000E+02, 1.176655108E+00, 2.350000000E+01, 2.350000000E+01, 1.862915775E+03
      1875, 6.912378594E-03, 4.405048210E-03, 0.000000000E+00, 6.913905611E-03, 4.403463513E-03, 2.222222222E-03, 1.734964127E-07, 4.415216663E+02, 7.778594619E+02, 3.000000000E+02, 1.176655108E+00, 2.350000000E+01, 2.350000000E+01, 1.862915775E+03
      1876, 7.429537363E-03, 3.868783126E-03, 0.000000000E+00, 7.430853153E-03, 3.866969526E-03, 2.222222222E-03, 1.604938438E-07, 4.421082748E+02, 7.787338123E+02, 3.000000000E+02, 1.176655108E+00, 2.350000000E+01, 2.350000000E+01, 1.862915775E+03
      1877, 7.890912704E-03, 3.269452602E-03, 0.000000000E+00, 7.891926066E-03, 3.267735654E-03, 2.222222222E-03, 1.479471862E-07, 4.426857978E+02, 7.795175995E+02, 3.000000000E+02, 1.176655108E+00, 2.350000000E+01, 2.350000000E+01, 1.862915775E+03
      1878, 8.293781430E-03, 2.615664620E-03, 0.000000000E+00, 8.294493296E-03, 2.614228015E-03, 2.222222222E-03, 1.355837593E-07, 4.432666594E+02, 7.802164386E+02, 3.000000000E+02, 1.176655108E+00, 2.350000000E+01, 2.350000000E+01, 1.862915775E+03
      1879, 8.633188903E-03, 1.914334134E-03, 0.000000000E+00, 8.633645081E-03, 1.913268308E-03, 2.222222222E-03, 1.233831991E-07, 4.438450553E+02, 7.807914350E+02, 3.000000000E+02, 1.176655108E+00, 2.350000000E+01, 2.350000000E+01, 1.862915775E+03
      1880, 8.903546259E-03, 1.172382850E-03, 0.000000000E+00, 8.903812849E-03, 1.171729946E-03, 2.222222222E-03, 1.114463495E-07, 4.444139330E+02, 7.811788727E+02, 3.000000000E+02, 1.176655108E+00, 2.350000000E+01, 2.350000000E+01, 1.862915775E+03
      1881, 9.099717252E-03, 3.973623388E-04, 0.000000000E+00, 9.099870907E-03, 3.971421341E-04, 2.222222222E-03, 9.990799224E-08, 4.449595147E+02, 7.813026827E+02, 3.000000000E+02, 1.176655108E+00, 2.350000000E+01, 2.350000000E+01, 1.862915775E+03
      1882, 9.217579849E-03,-4.025003000E-04, 0.000000000E+00, 9.217699067E-03,-4.022785868E-04, 2.222222222E-03, 8.889327001E-08, 4.454689914E+02, 7.810387027E+02, 3.000000000E+02, 1.176655108E+00, 2.350000000E+01, 2.350000000E+01, 1.862915775E+03
      1883, 9.254225530E-03,-1.218477497E-03, 0.000000000E+00, 9.254391769E-03,-1.217811500E-03, 2.222222222E-03, 7.850206322E-08, 4.459282549E+02, 7.801685994E+02, 3.000000000E+02, 1.176655108E+00, 2.350000000E+01, 2.350000000E+01, 1.862915775E+03
      1884, 9.207978845E-03,-2.041555708E-03, 0.000000000E+00, 9.208273828E-03,-2.040454244E-03, 2.222222222E-03, 6.880868759E-08, 4.463165258E+02, 7.782809998E+02, 3.000000000E+02, 1.176655108E+00, 2.350000000E+01, 2.350000000E+01, 1.862915775E+03
      1885, 9.078320116E-03,-2.862618538E-03, 0.000000000E+00, 9.078821561E-03,-2.861115650E-03, 2.222222222E-03, 5.986965780E-08, 4.466253935E+02, 7.746139164E+02, 3.000000000E+02, 1.176655108E+00, 2.350000000E+01, 2.350000000E+01, 1.862915775E+03
      1886, 8.865783922E-03,-3.672580933E-03, 0.000000000E+00, 8.866546487E-03,-3.670759943E-03, 2.222222222E-03, 5.173563276E-08, 4.468643211E+02, 7.678681357E+02, 3.000000000E+02, 1.176655108E+00, 2.350000000E+01, 2.350000000E+01, 1.862915775E+03
      1887, 8.571864106E-03,-4.462475423E-03, 0.000000000E+00, 8.572885511E-03,-4.460508337E-03, 2.222222222E-03, 4.446399295E-08, 4.470573123E+02, 7.553377352E+02, 3.000000000E+02, 1.176655108E+00, 2.350000000E+01, 2.350000000E+01, 1.862915775E+03
      1888, 8.199001662E-03,-5.223546177E-03, 0.000000000E+00, 8.200157476E-03,-5.221725649E-03, 2.222222222E-03, 3.812477498E-08, 4.472254284E+02, 7.357227941E+02, 3.000000000E+02, 1.176655108E+00, 2.350000000E+01, 2.350000000E+01, 1.862915775E+03
      1889, 7.750676479E-03,-5.947439931E-03, 0.000000000E+00, 7.751671960E-03,-5.946147539E-03, 2.222222222E-03, 3.278613135E-08, 4.473770322E+02, 7.102910263E+02, 3.000000000E+02, 1.176655108E+00, 2.350000000E+01, 2.350000000E+01, 1.862915775E+03
      1890, 7.231588941E-03,-6.626575720E-03, 0.000000000E+00, 7.232011350E-03,-6.626126764E-03, 2.222222222E-03, 2.846812633E-08, 4.475156921E+02, 6.811374576E+02, 3.000000000E+02, 1.176655108E+00, 2.350000000E+01, 2.350000000E+01, 1.862915775E+03
      1891, 6.647661328E-03,-7.254607975E-03, 0.000000000E+00, 6.647210701E-03,-7.255028986E-03, 2.222222222E-03, 2.508525520E-08, 4.476502023E+02, 6.507239593E+02, 3.000000000E+02, 1.176655108E+00, 2.350000000E+01, 2.350000000E+01, 1.862915775E+03
      1892, 6.005628966E-03,-7.826587185E-03, 0.000000000E+00, 6.004335210E-03,-7.827580563E-03, 2.222222222E-03, 2.243674651E-08, 4.477873785E+02, 6.204866837E+02, 3.000000000E+02, 1.176655108E+00, 2.350000000E+01, 2.350000000E+01, 1.862915775E+03
      1893, 5.312359426E-03,-8.338609710E-03, 0.000000000E+00, 5.310539023E-03,-8.339766000E-03, 2.222222222E-03, 2.027373070E-08, 4.479313995E+02, 5.905466653E+02, 3.000000000E+02, 1.176655108E+00, 2.350000000E+01, 2.350000000E+01, 1.862915775E+03
      1894, 4.574412946E-03,-8.787244558E-03, 0.000000000E+00, 4.572445764E-03,-8.788265129E-03, 2.222222222E-03, 1.838811820E-08, 4.480881588E+02, 5.606966493E+02, 3.000000000E+02, 1.176655108E+00, 2.350000000E+01, 2.350000000E+01, 1.862915775E+03
      1895, 3.798056627E-03,-9.169218130E-03, 0.000000000E+00, 3.796232441E-03,-9.169972512E-03, 2.222222222E-03, 1.665388783E-08, 4.482578333E+02, 5.313109447E+02, 3.000000000E+02, 1.176655108E+00, 2.350000000E+01, 2.350000000E+01, 1.862915775E+03
      1896, 2.989510773E-03,-9.481439367E-03, 0.000000000E+00, 2.988000296E-03,-9.481916734E-03, 2.222222222E-03, 1.501574388E-08, 4.484331745E+02, 5.035831226E+02, 3.000000000E+02, 1.176655108E+00, 2.350000000E+01, 2.350000000E+01, 1.862915775E+03
      1897, 2.155144000E-03,-9.721173905E-03, 0.000000000E+00, 2.154032223E-03,-9.721421538E-03, 2.222222222E-03, 1.345953938E-08, 4.485866784E+02, 4.793494518E+02, 3.000000000E+02, 1.176655108E+00, 2.350000000E+01, 2.350000000E+01, 1.862915775E+03
      1898, 1.301546465E-03,-9.886195883E-03, 0.000000000E+00, 1.300870403E-03,-9.886286687E-03, 2.222222222E-03, 1.198847617E-08, 4.486695147E+02, 4.608136440E+02, 3.000000000E+02, 1.176655108E+00, 2.350000000E+01, 2.350000000E+01, 1.862915775E+03
      1899, 4.355137353E-04,-9.974895045E-03, 0.000000000E+00, 4.352872996E-04,-9.974905674E-03, 2.222222222E-03, 1.060998286E-08, 4.485161998E+02, 4.501264088E+02, 3.000000000E+02, 1.176655108E+00, 2.350000000E+01, 2.350000000E+01, 1.862915775E+03
      1900, 5.228129216E-03, 5.704884883E-03, 0.000000000E+00, 5.228323446E-03, 5.706009505E-03, 2.222222222E-03, 2.036290103E-07, 4.401878074E+02, 7.756760564E+02, 3.000000000E+02, 1.176655108E+00, 2.350000000E+01, 2.350000000E+01, 1.862915775E+03
      1901, 4.865020979E-03, 6.338609383E-03, 0.000000000E+00, 4.864121451E-03, 6.340117144E-03, 2.222222222E-03, 1.875853542E-07, 4.408964057E+02, 7.768619465E+02, 3.000000000E+02, 1.176655108E+00, 2.350000000E+01, 2.350000000E+01, 1.862915775E+03
      1902, 4.405048210E-03, 6.912378129E-03, 0.000000000E+00, 4.403463513E-03, 6.913905611E-03, 2.222222222E-03, 1.734964127E-07, 4.415216663E+02, 7.778594619E+02, 3.000000000E+02, 1.176655108E+00, 2.350000000E+01, 2.350000000E+01, 1.862915775E+03
      1903, 3.868783126E-03, 7.429537363E-03, 0.000000000E+00, 3.866969526E-03, 7.430853153E-03, 2.222222222E-03, 1.604938438E-07, 4.421082748E+02, 7.787338123E+02, 3.000000000E+02, 1.176655108E+00, 2.350000000E+01, 2.350000000E+01, 1.862915775E+03
      1904, 3.269452602E-03, 7.890911773E-03, 0.000000000E+00, 3.267735654E-03, 7.891926066E-03, 2.222222222E-03, 1.479471862E-07, 4.426857978E+02, 7.795175995E+02, 3.000000000E+02, 1.176655108E+00, 2.350000000E+01, 2.350000000E+01, 1.862915775E+03
      1905, 2.615664620E-03, 8.293782361E-03, 0.000000000E+00, 2.614228015E-03, 8.294493296E-03, 2.222222222E-03, 1.355837593E-07, 4.432666594E+02, 7.802164386E+02, 3.000000000E+02, 1.176655108E+00, 2.350000000E+01, 2.350000000E+01, 1.862915775E+03
      1906, 1.914334134E-03, 8.633189835E-03, 0.000000000E+00, 1.913268308E-03, 8.633645081E-03, 2.222222222E-03, 1.233831991E-07, 4.438450553E+02, 7.807914350E+02, 3.000000000E+02, 1.176655108E+00, 2.350000000E+01, 2.350000000E+01, 1.862915775E+03
      1907, 1.172382734E-03, 8.903546259E-03, 0.000000000E+00, 1.171729946E-03, 8.903812849E-03, 2.222222222E-03, 1.114463495E-07, 4.444139330E+02, 7.811788727E+02, 3.000000000E+02, 1.176655108E+00, 2.350000000E+01, 2.350000000E+01, 1.862915775E+03
      1908, 3.973623388E-04, 9.099717252E-03, 0.000000000E+00, 3.971421341E-04, 9.099870907E-03, 2.222222222E-03, 9.990799224E-08, 4.449595147E+02, 7.813026827E+02, 3.000000000E+02, 1.176655108E+00, 2.350000000E+01, 2.350000000E+01, 1.862915775E+03
      1909,-4.025003000E-04, 9.217579849E-03, 0.000000000E+00,-4.022785868E-04, 9.217699067E-03, 2.222222222E-03, 8.889327001E-08, 4.454689914E+02, 7.810387027E+02, 3.000000000E+02, 1.176655108E+00, 2.350000000E+01, 2.350000000E+01, 1.862915775E+03
      1910,-1.218477497E-03, 9.254225530E-03, 0.000000000E+00,-1.217811500E-03, 9.254391769E-03, 2.222222222E-03, 7.850206322E-08, 4.459282549E+02, 7.801685994E+02, 3.000000000E+02, 1.176655108E+00, 2.350000000E+01, 2.350000000E+01, 1.862915775E+03
      1911,-2.041555708E-03, 9.207978845E-03, 0.000000000E+00,-2.040454244E-03, 9.208273828E-03, 2.222222222E-03, 6.880868759E-08, 4.463165258E+02, 7.782809998E+02, 3.000000000E+02, 1.176655108E+00, 2.350000000E+01, 2.350000000E+01, 1.862915775E+03
      1912,-2.862618770E-03, 9.078320116E-03, 0.000000000E+00,-2.861115650E-03, 9.078821561E-03, 2.222222222E-03, 5.986965780E-08, 4.466253935E+02, 7.746139164E+02, 3.000000000E+02, 1.176655108E+00, 2.350000000E+01, 2.350000000E+01, 1.862915775E+03
      1913,-3.672580700E-03, 8.865783922E-03, 0.000000000E+00,-3.670759943E-03, 8.866546487E-03, 2.222222222E-03, 5.173563276E-08, 4.468643211E+02, 7.678681357E+02, 3.000000000E+02, 1.176655108E+00, 2.350000000E+01, 2.350000000E+01, 1.862915775E+03
      1914,-4.462474957E-03, 8.571864106E-03, 0.000000000E+00,-4.460508337E-03, 8.572885511E-03, 2.222222222E-03, 4.446399295E-08, 4.470573123E+02, 7.553377352E+02, 3.000000000E+02, 1.176655108E+00, 2.350000000E+01, 2.350000000E+01, 1.862915775E+03
      1915,-5.223546177E-03, 8.199000731E-03, 0.000000000E+00,-5.221725649E-03, 8.200157476E-03, 2.222222222E-03, 3.812477498E-08, 4.472254284E+02, 7.357227941E+02, 3.000000000E+02, 1.176655108E+00, 2.350000000E+01, 2.350000000E+01, 1.862915775E+03
      1916,-5.947439931E-03, 7.750676014E-03, 0.000000000E+00,-5.946147539E-03, 7.751671960E-03, 2.222222222E-03, 3.278613135E-08, 4.473770322E+02, 7.102910263E+02, 3.000000000E+02, 1.176655108E+00, 2.350000000E+01, 2.350000000E+01, 1.862915775E+03
      1917,-6.626575720E-03, 7.231588475E-03, 0.000000000E+00,-6.626126764E-03, 7.232011350E-03, 2.222222222E-03, 2.846812633E-08, 4.475156921E+02, 6.811374576E+02, 3.000000000E+02, 1.176655108E+00, 2.350000000E+01, 2.350000000E+01, 1.862915775E+03
      1918,-7.254607975E-03, 6.647661328E-03, 0.000000000E+00,-7.255028986E-03, 6.647210701E-03, 2.222222222E-03, 2.508525520E-08, 4.476502023E+02, 6.507239593E+02, 3.000000000E+02, 1.176655108E+00, 2.350000000E+01, 2.350000000E+01, 1.862915775E+03
      1919,-7.826587185E-03, 6.005628966E-03, 0.000000000E+00,-7.827580563E-03, 6.004335210E-03, 2.222222222E-03, 2.243674651E-08, 4.477873785E+02, 6.204866837E+02, 3.000000000E+02, 1.176655108E+00, 2.350000000E+01, 2.350000000E+01, 1.862915775E+03
      1920,-8.338609710E-03, 5.312359426E-03, 0.000000000E+00,-8.339766000E-03, 5.310539023E-03, 2.222222222E-03, 2.027373070E-08, 4.479313995E+02, 5.905466653E+02, 3.000000000E+02, 1.176655108E+00, 2.350000000E+01, 2.350000000E+01, 1.862915775E+03
      1921,-8.787244558E-03, 4.574412946E-03, 0.000000000E+00,-8.788265129E-03, 4.572445764E-03, 2.222222222E-03, 1.838811820E-08, 4.480881588E+02, 5.606966493E+02, 3.000000000E+02, 1.176655108E+00, 2.350000000E+01, 2.350000000E+01, 1.862915775E+03
      1922,-9.169217199E-03, 3.798056394E-03, 0.000000000E+00,-9.169972512E-03, 3.796232441E-03, 2.222222222E-03, 1.665388783E-08, 4.482578333E+02, 5.313109447E+02, 3.000000000E+02, 1.176655108E+00, 2.350000000E+01, 2.350000000E+01, 1.862915775E+03
      1923,-9.481439367E-03, 2.989510773E-03, 0.000000000E+00,-9.481916734E-03, 2.988000296E-03, 2.222222222E-03, 1.501574388E-08, 4.484331745E+02, 5.035831226E+02, 3.000000000E+02, 1.176655108E+00, 2.350000000E+01, 2.350000000E+01, 1.862915775E+03
      1924,-9.721172974E-03, 2.155144000E-03, 0.000000000E+00,-9.721421538E-03, 2.154032223E-03, 2.222222222E-03, 1.345953938E-08, 4.485866784E+02, 4.793494518E+02, 3.000000000E+02, 1.176655108E+00, 2.350000000E+01, 2.350000000E+01, 1.862915775E+03
      1925,-9.886195883E-03, 1.301546348E-03, 0.000000000E+00,-9.886286687E-03, 1.300870403E-03, 2.222222222E-03, 1.198847617E-08, 4.486695147E+02, 4.608136440E+02, 3.000000000E+02, 1.176655108E+00, 2.350000000E+01, 2.350000000E+01, 1.862915775E+03
      1926,-9.974894114E-03, 4.355137353E-04, 0.000000000E+00,-9.974905674E-03, 4.352872996E-04, 2.222222222E-03, 1.060998286E-08, 4.485161998E+02, 4.501264088E+02, 3.000000000E+02, 1.176655108E+00, 2.350000000E+01, 2.350000000E+01, 1.862915775E+03
      1927, 5.913590081E-03, 5.419301335E-03, 0.000000000E+00, 5.914532479E-03, 5.419328527E-03, 2.222222222E-03, 1.854043685E-07, 4.409711035E+02, 7.769743046E+02, 3.000000000E+02, 1.176655108E+00, 2.350000000E+01, 2.350000000E+01, 1.862915775E+03
      1928, 6.538999267E-03, 5.018629599E-03, 0.000000000E+00, 6.540369062E-03, 5.017624381E-03, 2.222222222E-03, 1.699759863E-07, 4.416344836E+02, 7.780151642E+02, 3.000000000E+02, 1.176655108E+00, 2.350000000E+01, 2.350000000E+01, 1.862915775E+03
      1929, 7.104452234E-03, 4.527238198E-03, 0.000000000E+00, 7.105874763E-03, 4.525586631E-03, 2.222222222E-03, 1.566261457E-07, 4.422221276E+02, 7.788695066E+02, 3.000000000E+02, 1.176655108E+00, 2.350000000E+01, 2.350000000E+01, 1.862915775E+03
      1930, 7.612383459E-03, 3.963812254E-03, 0.000000000E+00, 7.613613906E-03, 3.961954225E-03, 2.222222222E-03, 1.444407533E-07, 4.427764545E+02, 7.795939865E+02, 3.000000000E+02, 1.176655108E+00, 2.350000000E+01, 2.350000000E+01, 1.862915775E+03
      1931, 8.063064888E-03, 3.340641037E-03, 0.000000000E+00, 8.064006212E-03, 3.338894105E-03, 2.222222222E-03, 1.327867321E-07, 4.433261774E+02, 7.802330290E+02, 3.000000000E+02, 1.176655108E+00, 2.350000000E+01, 2.350000000E+01, 1.862915775E+03
      1932, 8.453726768E-03, 2.666011453E-03, 0.000000000E+00, 8.454375771E-03, 2.664555165E-03, 2.222222222E-03, 1.213893051E-07, 4.438830272E+02, 7.807782620E+02, 3.000000000E+02, 1.176655108E+00, 2.350000000E+01, 2.350000000E+01, 1.862915775E+03
      1933, 8.779711090E-03, 1.946764649E-03, 0.000000000E+00, 8.780113885E-03, 1.945687104E-03, 2.222222222E-03, 1.102157203E-07, 4.444325995E+02, 7.811575039E+02, 3.000000000E+02, 1.176655108E+00, 2.350000000E+01, 2.350000000E+01, 1.862915775E+03
      1934, 9.035882540E-03, 1.189777511E-03, 0.000000000E+00, 9.036105585E-03, 1.189119054E-03, 2.222222222E-03, 9.934653674E-08, 4.449655675E+02, 7.812801522E+02, 3.000000000E+02, 1.176655108E+00, 2.350000000E+01, 2.350000000E+01, 1.862915775E+03
      1935, 9.217579849E-03, 4.025003000E-04, 0.000000000E+00, 9.217699067E-03, 4.022785868E-04, 2.222222222E-03, 8.889327001E-08, 4.454689914E+02, 7.810387027E+02, 3.000000000E+02, 1.176655108E+00, 2.350000000E+01, 2.350000000E+01, 1.862915775E+03
      1936, 9.321107529E-03,-4.070133436E-04, 0.000000000E+00, 9.321200460E-03,-4.067904964E-04, 2.222222222E-03, 7.895854368E-08, 4.459298172E+02, 7.802426374E+02, 3.000000000E+02, 1.176655108E+00, 2.350000000E+01, 2.350000000E+01, 1.862915775E+03
      1937, 9.343910031E-03,-1.230266062E-03, 0.000000000E+00, 9.344057649E-03,-1.229597558E-03, 2.222222222E-03, 6.962241819E-08, 4.463318569E+02, 7.785391001E+02, 3.000000000E+02, 1.176655108E+00, 2.350000000E+01, 2.350000000E+01, 1.862915775E+03
      1938, 9.284591302E-03,-2.058512764E-03, 0.000000000E+00, 9.284874076E-03,-2.057408624E-03, 2.222222222E-03, 6.094259218E-08, 4.466589229E+02, 7.752657221E+02, 3.000000000E+02, 1.176655108E+00, 2.350000000E+01, 2.350000000E+01, 1.862915775E+03
      1939, 9.142845869E-03,-2.882929519E-03, 0.000000000E+00, 9.143339321E-03,-2.881424286E-03, 2.222222222E-03, 5.296164530E-08, 4.469121282E+02, 7.692249242E+02, 3.000000000E+02, 1.176655108E+00, 2.350000000E+01, 2.350000000E+01, 1.862915775E+03
      1940, 8.919366635E-03,-3.694738727E-03, 0.000000000E+00, 8.920126438E-03,-3.692916284E-03, 2.222222222E-03, 4.571778634E-08, 4.471032492E+02, 7.579577948E+02, 3.000000000E+02, 1.176655108E+00, 2.350000000E+01, 2.350000000E+01, 1.862915775E+03
      1941, 8.615774103E-03,-4.485296085E-03, 0.000000000E+00, 8.616794048E-03,-4.483328550E-03, 2.222222222E-03, 3.925598130E-08, 4.472614066E+02, 7.393266387E+02, 3.000000000E+02, 1.176655108E+00, 2.350000000E+01, 2.350000000E+01, 1.862915775E+03
      1942, 8.234589361E-03,-5.246186163E-03, 0.000000000E+00, 8.235744985E-03,-5.244365002E-03, 2.222222222E-03, 3.363308829E-08, 4.474019287E+02, 7.140855857E+02, 3.000000000E+02, 1.176655108E+00, 2.350000000E+01, 2.350000000E+01, 1.862915775E+03
      1943, 7.779323030E-03,-5.969398655E-03, 0.000000000E+00, 7.780317375E-03,-5.968105656E-03, 2.222222222E-03, 2.890488384E-08, 4.475300609E+02, 6.836661842E+02, 3.000000000E+02, 1.176655108E+00, 2.350000000E+01, 2.350000000E+01, 1.862915775E+03
      1944, 7.254607975E-03,-6.647661328E-03, 0.000000000E+00, 7.255028986E-03,-6.647210701E-03, 2.222222222E-03, 2.508525520E-08, 4.476502023E+02, 6.507239593E+02, 3.000000000E+02, 1.176655108E+00, 2.350000000E+01, 2.350000000E+01, 1.862915775E+03
      1945, 6.666181609E-03,-7.274826989E-03, 0.000000000E+00, 6.665730454E-03,-7.275247264E-03, 2.222222222E-03, 2.209564674E-08, 4.477698706E+02, 6.178951032E+02, 3.000000000E+02, 1.176655108E+00, 2.350000000E+01, 2.350000000E+01, 1.862915775E+03
      1946, 6.020510569E-03,-7.846001536E-03, 0.000000000E+00, 6.019216667E-03,-7.846994134E-03, 2.222222222E-03, 1.975672467E-08, 4.478934708E+02, 5.864690459E+02, 3.000000000E+02, 1.176655108E+00, 2.350000000E+01, 2.350000000E+01, 1.862915775E+03
      1947, 5.324197467E-03,-8.357218467E-03, 0.000000000E+00, 5.322377111E-03,-8.358374662E-03, 2.222222222E-03, 1.784764074E-08, 4.480276742E+02, 5.565353303E+02, 3.000000000E+02, 1.176655108E+00, 2.350000000E+01, 2.350000000E+01, 1.862915775E+03
      1948, 4.583619069E-03,-8.804958314E-03, 0.000000000E+00, 4.581652498E-03,-8.805979875E-03, 2.222222222E-03, 1.618419372E-08, 4.481773113E+02, 5.280295943E+02, 3.000000000E+02, 1.176655108E+00, 2.350000000E+01, 2.350000000E+01, 1.862915775E+03
      1949, 3.804953303E-03,-9.185896255E-03, 0.000000000E+00, 3.803129342E-03,-9.186651064E-03, 2.222222222E-03, 1.465494559E-08, 4.483427019E+02, 5.015031667E+02, 3.000000000E+02, 1.176655108E+00, 2.350000000E+01, 2.350000000E+01, 1.862915775E+03
      1950, 2.994388575E-03,-9.496934712E-03, 0.000000000E+00, 2.992877923E-03,-9.497412288E-03, 2.222222222E-03, 1.321099503E-08, 4.485078848E+02, 4.783347630E+02, 3.000000000E+02, 1.176655108E+00, 2.350000000E+01, 2.350000000E+01, 1.862915775E+03
      1951, 2.158285817E-03,-9.735368192E-03, 0.000000000E+00, 2.157174057E-03,-9.735616410E-03, 2.222222222E-03, 1.183977623E-08, 4.486142145E+02, 4.604842306E+02, 3.000000000E+02, 1.176655108E+00, 2.350000000E+01, 2.350000000E+01, 1.862915775E+03
      1952, 1.303231576E-03,-9.899016470E-03, 0.000000000E+00, 1.302555578E-03,-9.899107147E-03, 2.222222222E-03, 1.054402630E-08, 4.484844615E+02, 4.500747695E+02, 3.000000000E+02, 1.176655108E+00, 2.350000000E+01, 2.350000000E+01, 1.862915775E+03
      1953, 5.419301335E-03, 5.913589615E-03, 0.000000000E+00, 5.419328527E-03, 5.914532479E-03, 2.222222222E-03, 1.854043685E-07, 4.409711035E+02, 7.769743046E+02, 3.000000000E+02, 1.176655108E+00, 2.350000000E+01, 2.350000000E+01, 1.862915775E+03
      1954, 5.018629599E-03, 6.538999267E-03, 0.000000000E+00, 5.017624381E-03, 6.540369062E-03, 2.222222222E-03, 1.699759863E-07, 4.416344836E+02, 7.780151642E+02, 3.000000000E+02, 1.176655108E+00, 2.350000000E+01, 2.350000000E+01, 1.862915775E+03
      1955, 4.527238198E-03, 7.104452234E-03, 0.000000000E+00, 4.525586631E-03, 7.105874763E-03, 2.222222222E-03, 1.566261457E-07, 4.422221276E+02, 7.788695066E+02, 3.000000000E+02, 1.176655108E+00, 2.350000000E+01, 2.350000000E+01, 1.862915775E+03
      1956, 3.963812254E-03, 7.612383459E-03, 0.000000000E+00, 3.961954225E-03, 7.613613906E-03, 2.222222222E-03, 1.444407533E-07, 4.427764545E+02, 7.795939865E+02, 3.000000000E+02, 1.176655108E+00, 2.350000000E+01, 2.350000000E+01, 1.862915775E+03
      1957, 3.340641037E-03, 8.063064888E-03, 0.000000000E+00, 3.338894105E-03, 8.064006212E-03, 2.222222222E-03, 1.327867321E-07, 4.433261774E+02, 7.802330290E+02, 3.000000000E+02, 1.176655108E+00, 2.350000000E+01, 2.350000000E+01, 1.862915775E+03
      1958, 2.666011686E-03, 8.453726768E-03, 0.000000000E+00, 2.664555165E-03, 8.454375771E-03, 2.222222222E-03, 1.213893051E-07, 4.438830272E+02, 7.807782620E+02, 3.000000000E+02, 1.176655108E+00, 2.350000000E+01, 2.350000000E+01, 1.862915775E+03
      1959, 1.946764649E-03, 8.779711090E-03, 0.000000000E+00, 1.945687104E-03, 8.780113885E-03, 2.222222222E-03, 1.102157203E-07, 4.444325995E+02, 7.811575039E+02, 3.000000000E+02, 1.176655108E+00, 2.350000000E+01, 2.350000000E+01, 1.862915775E+03
      1960, 1.189777511E-03, 9.035882540E-03, 0.000000000E+00, 1.189119054E-03, 9.036105585E-03, 2.222222222E-03, 9.934653674E-08, 4.449655675E+02, 7.812801522E+02, 3.000000000E+02, 1.176655108E+00, 2.350000000E+01, 2.350000000E+01, 1.862915775E+03
      1961, 4.025003000E-04, 9.217579849E-03, 0.000000000E+00, 4.022785868E-04, 9.217699067E-03, 2.222222222E-03, 8.889327001E-08, 4.454689914E+02, 7.810387027E+02, 3.000000000E+02, 1.176655108E+00, 2.350000000E+01, 2.350000000E+01, 1.862915775E+03
      1962,-4.070133436E-04, 9.321107529E-03, 0.000000000E+00,-4.067904964E-04, 9.321200460E-03, 2.222222222E-03, 7.895854368E-08, 4.459298172E+02, 7.802426374E+02, 3.000000000E+02, 1.176655108E+00, 2.350000000E+01, 2.350000000E+01, 1.862915775E+03
      1963,-1.230265945E-03, 9.343910962E-03, 0.000000000E+00,-1.229597558E-03, 9.344057649E-03, 2.222222222E-03, 6.962241819E-08, 4.463318569E+02, 7.785391001E+02, 3.000000000E+02, 1.176655108E+00, 2.350000000E+01, 2.350000000E+01, 1.862915775E+03
      1964,-2.058512764E-03, 9.284591302E-03, 0.000000000E+00,-2.057408624E-03, 9.284874076E-03, 2.222222222E-03, 6.094259218E-08, 4.466589229E+02, 7.752657221E+02, 3.000000000E+02, 1.176655108E+00, 2.350000000E+01, 2.350000000E+01, 1.862915775E+03
      1965,-2.882929752E-03, 9.142845869E-03, 0.000000000E+00,-2.881424286E-03, 9.143339321E-03, 2.222222222E-03, 5.296164530E-08, 4.469121282E+02, 7.692249242E+02, 3.000000000E+02, 1.176655108E+00, 2.350000000E+01, 2.350000000E+01, 1.862915775E+03
      1966,-3.694738727E-03, 8.919367567E-03, 0.000000000E+00,-3.692916284E-03, 8.920126438E-03, 2.222222222E-03, 4.571778634E-08, 4.471032492E+02, 7.579577948E+02, 3.000000000E+02, 1.176655108E+00, 2.350000000E+01, 2.350000000E+01, 1.862915775E+03
      1967,-4.485296085E-03, 8.615774103E-03, 0.000000000E+00,-4.483328550E-03, 8.616794048E-03, 2.222222222E-03, 3.925598130E-08, 4.472614066E+02, 7.393266387E+02, 3.000000000E+02, 1.176655108E+00, 2.350000000E+01, 2.350000000E+01, 1.862915775E+03
      1968,-5.246186163E-03, 8.234589361E-03, 0.000000000E+00,-5.244365002E-03, 8.235744985E-03, 2.222222222E-03, 3.363308829E-08, 4.474019287E+02, 7.140855857E+02, 3.000000000E+02, 1.176655108E+00, 2.350000000E+01, 2.350000000E+01, 1.862915775E+03
      1969,-5.969398189E-03, 7.779323496E-03, 0.000000000E+00,-5.968105656E-03, 7.780317375E-03, 2.222222222E-03, 2.890488384E-08, 4.475300609E+02, 6.836661842E+02, 3.000000000E+02, 1.176655108E+00, 2.350000000E+01, 2.350000000E+01, 1.862915775E+03
      1970,-6.647661328E-03, 7.254607975E-03, 0.000000000E+00,-6.647210701E-03, 7.255028986E-03, 2.222222222E-03, 2.508525520E-08, 4.476502023E+02, 6.507239593E+02, 3.000000000E+02, 1.176655108E+00, 2.350000000E+01, 2.350000000E+01, 1.862915775E+03
      1971,-7.274827454E-03, 6.666182075E-03, 0.000000000E+00,-7.275247264E-03, 6.665730454E-03, 2.222222222E-03, 2.209564674E-08, 4.477698706E+02, 6.178951032E+02, 3.000000000E+02, 1.176655108E+00, 2.350000000E+01, 2.350000000E+01, 1.862915775E+03
      1972,-7.846000604E-03, 6.020510569E-03, 0.000000000E+00,-7.846994134E-03, 6.019216667E-03, 2.222222222E-03, 1.975672467E-08, 4.478934708E+02, 5.864690459E+02, 3.000000000E+02, 1.176655108E+00, 2.350000000E+01, 2.350000000E+01, 1.862915775E+03
      1973,-8.357217535E-03, 5.324197467E-03, 0.000000000E+00,-8.358374662E-03, 5.322377111E-03, 2.222222222E-03, 1.784764074E-08, 4.480276742E+02, 5.565353303E+02, 3.000000000E+02, 1.176655108E+00, 2.350000000E+01, 2.350000000E+01, 1.862915775E+03
      1974,-8.804959245E-03, 4.583619069E-03, 0.000000000E+00,-8.805979875E-03, 4.581652498E-03, 2.222222222E-03, 1.618419372E-08, 4.481773113E+02, 5.280295943E+02, 3.000000000E+02, 1.176655108E+00, 2.350000000E+01, 2.350000000E+01, 1.862915775E+03
      1975,-9.185896255E-03, 3.804953303E-03, 0.000000000E+00,-9.186651064E-03, 3.803129342E-03, 2.222222222E-03, 1.465494559E-08, 4.483427019E+02, 5.015031667E+02, 3.000000000E+02, 1.176655108E+00, 2.350000000E+01, 2.350000000E+01, 1.862915775E+03
      1976,-9.496935643E-03, 2.994388575E-03, 0.000000000E+00,-9.497412288E-03, 2.992877923E-03, 2.222222222E-03, 1.321099503E-08, 4.485078848E+02, 4.783347630E+02, 3.000000000E+02, 1.176655108E+00, 2.350000000E+01, 2.350000000E+01, 1.862915775E+03
      1977,-9.735369124E-03, 2.158285817E-03, 0.000000000E+00,-9.735616410E-03, 2.157174057E-03, 2.222222222E-03, 1.183977623E-08, 4.486142145E+02, 4.604842306E+02, 3.000000000E+02, 1.176655108E+00, 2.350000000E+01, 2.350000000E+01, 1.862915775E+03
      1978,-9.899017401E-03, 1.303231576E-03, 0.000000000E+00,-9.899107147E-03, 1.302555578E-03, 2.222222222E-03, 1.054402630E-08, 4.484844615E+02, 4.500747695E+02, 3.000000000E+02, 1.176655108E+00, 2.350000000E+01, 2.350000000E+01, 1.862915775E+03
      1979, 6.096911617E-03, 5.587222055E-03, 0.000000000E+00, 6.097720495E-03, 5.587127024E-03, 2.222222222E-03, 1.679017680E-07, 4.417035626E+02, 7.781063764E+02, 3.000000000E+02, 1.176655108E+00, 2.350000000E+01, 2.350000000E+01, 1.862915775E+03
      1980, 6.715016440E-03, 5.153555423E-03, 0.000000000E+00, 6.716285800E-03, 5.152473200E-03, 2.222222222E-03, 1.533190573E-07, 4.423249817E+02, 7.789879415E+02, 3.000000000E+02, 1.176655108E+00, 2.350000000E+01, 2.350000000E+01, 1.862915775E+03
      1981, 7.273165509E-03, 4.634567071E-03, 0.000000000E+00, 7.274511826E-03, 4.632866805E-03, 2.222222222E-03, 1.408410509E-07, 4.428773731E+02, 7.796812236E+02, 3.000000000E+02, 1.176655108E+00, 2.350000000E+01, 2.350000000E+01, 1.862915775E+03
      1982, 7.772990502E-03, 4.047283437E-03, 0.000000000E+00, 7.774159495E-03, 4.045393226E-03, 2.222222222E-03, 1.295480490E-07, 4.434037240E+02, 7.802591517E+02, 3.000000000E+02, 1.176655108E+00, 2.350000000E+01, 2.350000000E+01, 1.862915775E+03
      1983, 8.214280009E-03, 3.403171431E-03, 0.000000000E+00, 8.215167840E-03, 3.401402345E-03, 2.222222222E-03, 1.188227927E-07, 4.439297507E+02, 7.807424718E+02, 3.000000000E+02, 1.176655108E+00, 2.350000000E+01, 2.350000000E+01, 1.862915775E+03
      1984, 8.594218642E-03, 2.710235072E-03, 0.000000000E+00, 8.594821232E-03, 2.708764011E-03, 2.222222222E-03, 1.083967195E-07, 4.444600437E+02, 7.810975272E+02, 3.000000000E+02, 1.176655108E+00, 2.350000000E+01, 2.350000000E+01, 1.862915775E+03
      1985, 8.908412419E-03, 1.975250896E-03, 0.000000000E+00, 8.908775329E-03, 1.974164492E-03, 2.222222222E-03, 9.822959189E-08, 4.449769608E+02, 7.812237610E+02, 3.000000000E+02, 1.176655108E+00, 2.350000000E+01, 2.350000000E+01, 1.862915775E+03
      1986, 9.152122773E-03, 1.205056673E-03, 0.000000000E+00, 9.152313588E-03, 1.204393919E-03, 2.222222222E-03, 8.838598346E-08, 4.454713462E+02, 7.809945195E+02, 3.000000000E+02, 1.176655108E+00, 2.350000000E+01, 2.350000000E+01, 1.862915775E+03
      1987, 9.321107529E-03, 4.070133436E-04, 0.000000000E+00, 9.321200460E-03, 4.067904964E-04, 2.222222222E-03, 7.895854368E-08, 4.459298172E+02, 7.802426374E+02, 3.000000000E+02, 1.176655108E+00, 2.350000000E+01, 2.350000000E+01, 1.862915775E+03
      1988, 9.412043728E-03,-4.109774600E-04, 0.000000000E+00, 9.412116534E-03,-4.107537774E-04, 2.222222222E-03, 7.003178330E-08, 4.463386346E+02, 7.786578268E+02, 3.000000000E+02, 1.176655108E+00, 2.350000000E+01, 2.350000000E+01, 1.862915775E+03
      1989, 9.422686882E-03,-1.240620739E-03, 0.000000000E+00, 9.422820125E-03,-1.239950426E-03, 2.222222222E-03, 6.167010611E-08, 4.466827257E+02, 7.756604678E+02, 3.000000000E+02, 1.176655108E+00, 2.350000000E+01, 2.350000000E+01, 1.862915775E+03
      1990, 9.351885878E-03,-2.073407406E-03, 0.000000000E+00, 9.352159390E-03,-2.072301275E-03, 2.222222222E-03, 5.391834610E-08, 4.469552778E+02, 7.701855795E+02, 3.000000000E+02, 1.176655108E+00, 2.350000000E+01, 2.350000000E+01, 1.862915775E+03
      1991, 9.199522436E-03,-2.900770167E-03, 0.000000000E+00, 9.200011199E-03,-2.899263227E-03, 2.222222222E-03, 4.680845596E-08, 4.471602281E+02, 7.600122673E+02, 3.000000000E+02, 1.176655108E+00, 2.350000000E+01, 2.350000000E+01, 1.862915775E+03
      1992, 8.966433816E-03,-3.714201506E-03, 0.000000000E+00, 8.967190471E-03,-3.712378166E-03, 2.222222222E-03, 4.036914534E-08, 4.473146882E+02, 7.427550833E+02, 3.000000000E+02, 1.176655108E+00, 2.350000000E+01, 2.350000000E+01, 1.862915775E+03
      1993, 8.654343896E-03,-4.505340941E-03, 0.000000000E+00, 8.655362708E-03,-4.503373513E-03, 2.222222222E-03, 3.463571748E-08, 4.474441785E+02, 7.183852428E+02, 3.000000000E+02, 1.176655108E+00, 2.350000000E+01, 2.350000000E+01, 1.862915775E+03
      1994, 8.265849203E-03,-5.266072229E-03, 0.000000000E+00, 8.267004500E-03,-5.264251059E-03, 2.222222222E-03, 2.965451948E-08, 4.475593907E+02, 6.878902520E+02, 3.000000000E+02, 1.176655108E+00, 2.350000000E+01, 2.350000000E+01, 1.862915775E+03
      1995, 7.804485504E-03,-5.988686811E-03, 0.000000000E+00, 7.805479024E-03,-5.987393295E-03, 2.222222222E-03, 2.547139084E-08, 4.476667302E+02, 6.533582416E+02, 3.000000000E+02, 1.176655108E+00, 2.350000000E+01, 2.350000000E+01, 1.862915775E+03
      1996, 7.274827454E-03,-6.666182075E-03, 0.000000000E+00, 7.275247264E-03,-6.665730454E-03, 2.222222222E-03, 2.209564674E-08, 4.477698706E+02, 6.178951032E+02, 3.000000000E+02, 1.176655108E+00, 2.350000000E+01, 2.350000000E+01, 1.862915775E+03
      1997, 6.682449952E-03,-7.292587310E-03, 0.000000000E+00, 6.681997854E-03,-7.293006616E-03, 2.222222222E-03, 1.945562376E-08, 4.478738527E+02, 5.840770016E+02, 3.000000000E+02, 1.176655108E+00, 2.350000000E+01, 2.350000000E+01, 1.862915775E+03
      1998, 6.033582613E-03,-7.863054052E-03, 0.000000000E+00, 6.032288243E-03,-7.864046631E-03, 2.222222222E-03, 1.739149948E-08, 4.479873033E+02, 5.530301315E+02, 3.000000000E+02, 1.176655108E+00, 2.350000000E+01, 2.350000000E+01, 1.862915775E+03
      1999, 5.334595218E-03,-8.373563178E-03, 0.000000000E+00, 5.332775445E-03,-8.374720128E-03, 2.222222222E-03, 1.570755233E-08, 4.481144416E+02, 5.247297418E+02, 3.000000000E+02, 1.176655108E+00, 2.350000000E+01, 2.350000000E+01, 1.862915775E+03
      2000, 4.591705743E-03,-8.820517920E-03, 0.000000000E+00, 4.589739500E-03,-8.821540134E-03, 2.222222222E-03, 1.424088857E-08, 4.482601634E+02, 4.991564517E+02, 3.000000000E+02, 1.176655108E+00, 2.350000000E+01, 2.350000000E+01, 1.862915775E+03
      2001, 3.811011324E-03,-9.200545959E-03, 0.000000000E+00, 3.809187433E-03,-9.201301145E-03, 2.222222222E-03, 1.289304966E-08, 4.484164224E+02, 4.770600859E+02, 3.000000000E+02, 1.176655108E+00, 2.350000000E+01, 2.350000000E+01, 1.862915775E+03
      2002, 2.998672891E-03,-9.510545991E-03, 0.000000000E+00, 2.997162324E-03,-9.511023244E-03, 2.222222222E-03, 1.162082661E-08, 4.485359272E+02, 4.600085913E+02, 3.000000000E+02, 1.176655108E+00, 2.350000000E+01, 2.350000000E+01, 1.862915775E+03
      2003, 2.161045559E-03,-9.747837670E-03, 0.000000000E+00, 2.159933774E-03,-9.748084871E-03, 2.222222222E-03, 1.041307426E-08, 4.484264124E+02, 4.499764217E+02, 3.000000000E+02, 1.176655108E+00, 2.350000000E+01, 2.350000000E+01, 1.862915775E+03
      2004, 5.587222055E-03, 6.096911617E-03, 0.000000000E+00, 5.587127024E-03, 6.097720495E-03, 2.222222222E-03, 1.679017680E-07, 4.417035626E+02, 7.781063764E+02, 3.000000000E+02, 1.176655108E+00, 2.350000000E+01, 2.350000000E+01, 1.862915775E+03
      2005, 5.153555423E-03, 6.715016440E-03, 0.000000000E+00, 5.152473200E-03, 6.716285800E-03, 2.222222222E-03, 1.533190573E-07, 4.423249817E+02, 7.789879415E+02, 3.000000000E+02, 1.176655108E+00, 2.350000000E+01, 2.350000000E+01, 1.862915775E+03
      2006, 4.634566605E-03, 7.273165975E-03, 0.000000000E+00, 4.632866805E-03, 7.274511826E-03, 2.222222222E-03, 1.408410509E-07, 4.428773731E+02, 7.796812236E+02, 3.000000000E+02, 1.176655108E+00, 2.350000000E+01, 2.350000000E+01, 1.862915775E+03
      2007, 4.047283437E-03, 7.772990502E-03, 0.000000000E+00, 4.045393226E-03, 7.774159495E-03, 2.222222222E-03, 1.295480490E-07, 4.434037240E+02, 7.802591517E+02, 3.000000000E+02, 1.176655108E+00, 2.350000000E+01, 2.350000000E+01, 1.862915775E+03
      2008, 3.403171198E-03, 8.214280009E-03, 0.000000000E+00, 3.401402345E-03, 8.215167840E-03, 2.222222222E-03, 1.188227927E-07, 4.439297507E+02, 7.807424718E+02, 3.000000000E+02, 1.176655108E+00, 2.350000000E+01, 2.350000000E+01, 1.862915775E+03
      2009, 2.710235072E-03, 8.594218642E-03, 0.000000000E+00, 2.708764011E-03, 8.594821232E-03, 2.222222222E-03, 1.083967195E-07, 4.444600437E+02, 7.810975272E+02, 3.000000000E+02, 1.176655108E+00, 2.350000000E+01, 2.350000000E+01, 1.862915775E+03
      2010, 1.975250663E-03, 8.908412419E-03, 0.000000000E+00, 1.974164492E-03, 8.908775329E-03, 2.222222222E-03, 9.822959189E-08, 4.449769608E+02, 7.812237610E+02, 3.000000000E+02, 1.176655108E+00, 2.350000000E+01, 2.350000000E+01, 1.862915775E+03
      2011, 1.205056789E-03, 9.152122773E-03, 0.000000000E+00, 1.204393919E-03, 9.152313588E-03, 2.222222222E-03, 8.838598346E-08, 4.454713462E+02, 7.809945195E+02, 3.000000000E+02, 1.176655108E+00, 2.350000000E+01, 2.350000000E+01, 1.862915775E+03
      2012, 4.070133436E-04, 9.321107529E-03, 0.000000000E+00, 4.067904964E-04, 9.321200460E-03, 2.222222222E-03, 7.895854368E-08, 4.459298172E+02, 7.802426374E+02, 3.000000000E+02, 1.176655108E+00, 2.350000000E+01, 2.350000000E+01, 1.862915775E+03
      2013,-4.109774600E-04, 9.412042797E-03, 0.000000000E+00,-4.107537774E-04, 9.412116534E-03, 2.222222222E-03, 7.003178330E-08, 4.463386346E+02, 7.786578268E+02, 3.000000000E+02, 1.176655108E+00, 2.350000000E+01, 2.350000000E+01, 1.862915775E+03
      2014,-1.240620855E-03, 9.422686882E-03, 0.000000000E+00,-1.239950426E-03, 9.422820125E-03, 2.222222222E-03, 6.167010611E-08, 4.466827257E+02, 7.756604678E+02, 3.000000000E+02, 1.176655108E+00, 2.350000000E+01, 2.350000000E+01, 1.862915775E+03
      2015,-2.073407406E-03, 9.351886809E-03, 0.000000000E+00,-2.072301275E-03, 9.352159390E-03, 2.222222222E-03, 5.391834610E-08, 4.469552778E+02, 7.701855795E+02, 3.000000000E+02, 1.176655108E+00, 2.350000000E+01, 2.350000000E+01, 1.862915775E+03
      2016,-2.900770167E-03, 9.199523367E-03, 0.000000000E+00,-2.899263227E-03, 9.200011199E-03, 2.222222222E-03, 4.680845596E-08, 4.471602281E+02, 7.600122673E+02, 3.000000000E+02, 1.176655108E+00, 2.350000000E+01, 2.350000000E+01, 1.862915775E+03
      2017,-3.714201506E-03, 8.966433816E-03, 0.000000000E+00,-3.712378166E-03, 8.967190471E-03, 2.222222222E-03, 4.036914534E-08, 4.473146882E+02, 7.427550833E+02, 3.000000000E+02, 1.176655108E+00, 2.350000000E+01, 2.350000000E+01, 1.862915775E+03
      2018,-4.505341407E-03, 8.654342964E-03, 0.000000000E+00,-4.503373513E-03, 8.655362708E-03, 2.222222222E-03, 3.463571748E-08, 4.474441785E+02, 7.183852428E+02, 3.000000000E+02, 1.176655108E+00, 2.350000000E+01, 2.350000000E+01, 1.862915775E+03
      2019,-5.266072229E-03, 8.265849203E-03, 0.000000000E+00,-5.264251059E-03, 8.267004500E-03, 2.222222222E-03, 2.965451948E-08, 4.475593907E+02, 6.878902520E+02, 3.000000000E+02, 1.176655108E+00, 2.350000000E+01, 2.350000000E+01, 1.862915775E+03
      2020,-5.988686811E-03, 7.804485504E-03, 0.000000000E+00,-5.987393295E-03, 7.805479024E-03, 2.222222222E-03, 2.547139084E-08, 4.476667302E+02, 6.533582416E+02, 3.000000000E+02, 1.176655108E+00, 2.350000000E+01, 2.350000000E+01, 1.862915775E+03
      2021,-6.666181609E-03, 7.274826989E-03, 0.000000000E+00,-6.665730454E-03, 7.275247264E-03, 2.222222222E-03, 2.209564674E-08, 4.477698706E+02, 6.178951032E+02, 3.000000000E+02, 1.176655108E+00, 2.350000000E+01, 2.350000000E+01, 1.862915775E+03
      2022,-7.292587310E-03, 6.682449952E-03, 0.000000000E+00,-7.293006616E-03, 6.681997854E-03, 2.222222222E-03, 1.945562376E-08, 4.478738527E+02, 5.840770016E+02, 3.000000000E+02, 1.176655108E+00, 2.350000000E+01, 2.350000000E+01, 1.862915775E+03
      2023,-7.863054052E-03, 6.033582613E-03, 0.000000000E+00,-7.864046631E-03, 6.032288243E-03, 2.222222222E-03, 1.739149948E-08, 4.479873033E+02, 5.530301315E+02, 3.000000000E+02, 1.176655108E+00, 2.350000000E+01, 2.350000000E+01, 1.862915775E+03
      2024,-8.373562247E-03, 5.334595218E-03, 0.000000000E+00,-8.374720128E-03, 5.332775445E-03, 2.222222222E-03, 1.570755233E-08, 4.481144416E+02, 5.247297418E+02, 3.000000000E+02, 1.176655108E+00, 2.350000000E+01, 2.350000000E+01, 1.862915775E+03
      2025,-8.820517920E-03, 4.591705743E-03, 0.000000000E+00,-8.821540134E-03, 4.589739500E-03, 2.222222222E-03, 1.424088857E-08, 4.482601634E+02, 4.991564517E+02, 3.000000000E+02, 1.176655108E+00, 2.350000000E+01, 2.350000000E+01, 1.862915775E+03
      2026,-9.200545028E-03, 3.811011324E-03, 0.000000000E+00,-9.201301145E-03, 3.809187433E-03, 2.222222222E-03, 1.289304966E-08, 4.484164224E+02, 4.770600859E+02, 3.000000000E+02, 1.176655108E+00, 2.350000000E+01, 2.350000000E+01, 1.862915775E+03
      2027,-9.510545991E-03, 2.998672891E-03, 0.000000000E+00,-9.511023244E-03, 2.997162324E-03, 2.222222222E-03, 1.162082661E-08, 4.485359272E+02, 4.600085913E+02, 3.000000000E+02, 1.176655108E+00, 2.350000000E+01, 2.350000000E+01, 1.862915775E+03
      2028,-9.747836739E-03, 2.161045559E-03, 0.000000000E+00,-9.748084871E-03, 2.159933774E-03, 2.222222222E-03, 1.041307426E-08, 4.484264124E+02, 4.499764217E+02, 3.000000000E+02, 1.176655108E+00, 2.350000000E+01, 2.350000000E+01, 1.862915775E+03
      2029, 6.257935893E-03, 5.734719336E-03, 0.000000000E+00, 6.258646990E-03, 5.734534178E-03, 2.222222222E-03, 1.513748306E-07, 4.423856981E+02, 7.790528403E+02, 3.000000000E+02, 1.176655108E+00, 2.350000000E+01, 2.350000000E+01, 1.862915775E+03
      2030, 6.869626231E-03, 5.272071343E-03, 0.000000000E+00, 6.870821210E-03, 5.270932181E-03, 2.222222222E-03, 1.377704343E-07, 4.429681796E+02, 7.797551005E+02, 3.000000000E+02, 1.176655108E+00, 2.350000000E+01, 2.350000000E+01, 1.862915775E+03
      2031, 7.421359420E-03, 4.728841595E-03, 0.000000000E+00, 7.422650002E-03, 4.727106404E-03, 2.222222222E-03, 1.262299907E-07, 4.434912620E+02, 7.802926488E+02, 3.000000000E+02, 1.176655108E+00, 2.350000000E+01, 2.350000000E+01, 1.862915775E+03
      2032, 7.914064452E-03, 4.120602272E-03, 0.000000000E+00, 7.915188210E-03, 4.118688886E-03, 2.222222222E-03, 1.158555556E-07, 4.439930257E+02, 7.807088978E+02, 3.000000000E+02, 1.176655108E+00, 2.350000000E+01, 2.350000000E+01, 1.862915775E+03
      2033, 8.347102441E-03, 3.458096180E-03, 0.000000000E+00, 8.347952245E-03, 3.456311250E-03, 2.222222222E-03, 1.060577416E-07, 4.444930483E+02, 7.809986707E+02, 3.000000000E+02, 1.176655108E+00, 2.350000000E+01, 2.350000000E+01, 1.862915775E+03
      2034, 8.717622608E-03, 2.749079838E-03, 0.000000000E+00, 8.718191381E-03, 2.747597960E-03, 2.222222222E-03, 9.657966006E-08, 4.449930489E+02, 7.811057956E+02, 3.000000000E+02, 1.176655108E+00, 2.350000000E+01, 2.350000000E+01, 1.862915775E+03
      2035, 9.021460079E-03, 2.000272274E-03, 0.000000000E+00, 9.021793413E-03, 1.999179445E-03, 2.222222222E-03, 8.737711863E-08, 4.454753894E+02, 7.808928283E+02, 3.000000000E+02, 1.176655108E+00, 2.350000000E+01, 2.350000000E+01, 1.862915775E+03
      2036, 9.254225530E-03, 1.218477497E-03, 0.000000000E+00, 9.254391769E-03, 1.217811500E-03, 2.222222222E-03, 7.850206322E-08, 4.459282549E+02, 7.801685994E+02, 3.000000000E+02, 1.176655108E+00, 2.350000000E+01, 2.350000000E+01, 1.862915775E+03
      2037, 9.412042797E-03, 4.109774600E-04, 0.000000000E+00, 9.412116534E-03, 4.107537774E-04, 2.222222222E-03, 7.003178330E-08, 4.463386346E+02, 7.786578268E+02, 3.000000000E+02, 1.176655108E+00, 2.350000000E+01, 2.350000000E+01, 1.862915775E+03
      2038, 9.491918609E-03,-4.144594714E-04, 0.000000000E+00, 9.491977207E-03,-4.142351232E-04, 2.222222222E-03, 6.203616626E-08, 4.466954955E+02, 7.758462217E+02, 3.000000000E+02, 1.176655108E+00, 2.350000000E+01, 2.350000000E+01, 1.862915775E+03
      2039, 9.491882287E-03,-1.249716152E-03, 0.000000000E+00, 9.492004771E-03,-1.249044344E-03, 2.222222222E-03, 5.456721580E-08, 4.469866092E+02, 7.707872620E+02, 3.000000000E+02, 1.176655108E+00, 2.350000000E+01, 2.350000000E+01, 1.862915775E+03
      2040, 9.410995990E-03,-2.086490393E-03, 0.000000000E+00, 9.411262307E-03,-2.085382869E-03, 2.222222222E-03, 4.765980174E-08, 4.472117249E+02, 7.615310960E+02, 3.000000000E+02, 1.176655108E+00, 2.350000000E+01, 2.350000000E+01, 1.862915775E+03
      2041, 9.249307215E-03,-2.916441066E-03, 0.000000000E+00, 9.249791182E-03,-2.914932766E-03, 2.222222222E-03, 4.133778699E-08, 4.473792401E+02, 7.455730330E+02, 3.000000000E+02, 1.176655108E+00, 2.350000000E+01, 2.350000000E+01, 1.862915775E+03
      2042, 9.007775225E-03,-3.731297096E-03, 0.000000000E+00, 9.008530901E-03,-3.729473229E-03, 2.222222222E-03, 3.562264587E-08, 4.475041966E+02, 7.224694953E+02, 3.000000000E+02, 1.176655108E+00, 2.350000000E+01, 2.350000000E+01, 1.862915775E+03
      2043, 8.688221686E-03,-4.522948526E-03, 0.000000000E+00, 8.689240832E-03,-4.520980704E-03, 2.222222222E-03, 3.054215221E-08, 4.476071997E+02, 6.927265712E+02, 3.000000000E+02, 1.176655108E+00, 2.350000000E+01, 2.350000000E+01, 1.862915775E+03
      2044, 8.293306455E-03,-5.283539649E-03, 0.000000000E+00, 8.294462332E-03,-5.281718636E-03, 2.222222222E-03, 2.613424195E-08, 4.476995451E+02, 6.577904655E+02, 3.000000000E+02, 1.176655108E+00, 2.350000000E+01, 2.350000000E+01, 1.862915775E+03
      2045, 7.826587185E-03,-6.005628966E-03, 0.000000000E+00, 7.827580563E-03,-6.004335210E-03, 2.222222222E-03, 2.243674651E-08, 4.477873785E+02, 6.204866837E+02, 3.000000000E+02, 1.176655108E+00, 2.350000000E+01, 2.350000000E+01, 1.862915775E+03
      2046, 7.292587310E-03,-6.682449952E-03, 0.000000000E+00, 7.293006616E-03,-6.681997854E-03, 2.222222222E-03, 1.945562376E-08, 4.478738527E+02, 5.840770016E+02, 3.000000000E+02, 1.176655108E+00, 2.350000000E+01, 2.350000000E+01, 1.862915775E+03
      2047, 6.696739700E-03,-7.308187429E-03, 0.000000000E+00, 6.696286816E-03,-7.308606081E-03, 2.222222222E-03, 1.712587239E-08, 4.479665525E+02, 5.509853169E+02, 3.000000000E+02, 1.176655108E+00, 2.350000000E+01, 2.350000000E+01, 1.862915775E+03
      2048, 6.045063958E-03,-7.878031582E-03, 0.000000000E+00, 6.043770046E-03,-7.879025193E-03, 2.222222222E-03, 1.530533378E-08, 4.480721551E+02, 5.219717899E+02, 3.000000000E+02, 1.176655108E+00, 2.350000000E+01, 2.350000000E+01, 1.862915775E+03
      2049, 5.343729164E-03,-8.387919515E-03, 0.000000000E+00, 5.341909121E-03,-8.389077639E-03, 2.222222222E-03, 1.382075317E-08, 4.481952505E+02, 4.968196410E+02, 3.000000000E+02, 1.176655108E+00, 2.350000000E+01, 2.350000000E+01, 1.862915775E+03
      2050, 4.598808941E-03,-8.834185079E-03, 0.000000000E+00, 4.596842948E-03,-8.835207929E-03, 2.222222222E-03, 1.252820318E-08, 4.483326583E+02, 4.756366611E+02, 3.000000000E+02, 1.176655108E+00, 2.350000000E+01, 2.350000000E+01, 1.862915775E+03
      2051, 3.816332435E-03,-9.213414043E-03, 0.000000000E+00, 3.814508726E-03,-9.214169455E-03, 2.222222222E-03, 1.134075731E-08, 4.484449530E+02, 4.594173480E+02, 3.000000000E+02, 1.176655108E+00, 2.350000000E+01, 2.350000000E+01, 1.862915775E+03
      2052, 3.002436133E-03,-9.522501379E-03, 0.000000000E+00, 3.000925646E-03,-9.522978805E-03, 2.222222222E-03, 1.022026489E-08, 4.483441865E+02, 4.498359869E+02, 3.000000000E+02, 1.176655108E+00, 2.350000000E+01, 2.350000000E+01, 1.862915775E+03
      2053, 5.734719336E-03, 6.257936358E-03, 0.000000000E+00, 5.734534178E-03, 6.258646990E-03, 2.222222222E-03, 1.513748306E-07, 4.423856981E+02, 7.790528403E+02, 3.000000000E+02, 1.176655108E+00, 2.350000000E+01, 2.350000000E+01, 1.862915775E+03
      2054, 5.272070877E-03, 6.869625766E-03, 0.000000000E+00, 5.270932181E-03, 6.870821210E-03, 2.222222222E-03, 1.377704343E-07, 4.429681796E+02, 7.797551005E+02, 3.000000000E+02, 1.176655108E+00, 2.350000000E+01, 2.350000000E+01, 1.862915775E+03
      2055, 4.728841595E-03, 7.421359420E-03, 0.000000000E+00, 4.727106404E-03, 7.422650002E-03, 2.222222222E-03, 1.262299907E-07, 4.434912620E+02, 7.802926488E+02, 3.000000000E+02, 1.176655108E+00, 2.350000000E+01, 2.350000000E+01, 1.862915775E+03
      2056, 4.120601807E-03, 7.914063521E-03, 0.000000000E+00, 4.118688886E-03, 7.915188210E-03, 2.222222222E-03, 1.158555556E-07, 4.439930257E+02, 7.807088978E+02, 3.000000000E+02, 1.176655108E+00, 2.350000000E+01, 2.350000000E+01, 1.862915775E+03
      2057, 3.458096180E-03, 8.347102441E-03, 0.000000000E+00, 3.456311250E-03, 8.347952245E-03, 2.222222222E-03, 1.060577416E-07, 4.444930483E+02, 7.809986707E+02, 3.000000000E+02, 1.176655108E+00, 2.350000000E+01, 2.350000000E+01, 1.862915775E+03
      2058, 2.749079606E-03, 8.717622608E-03, 0.000000000E+00, 2.747597960E-03, 8.718191381E-03, 2.222222222E-03, 9.657966006E-08, 4.449930489E+02, 7.811057956E+02, 3.000000000E+02, 1.176655108E+00, 2.350000000E+01, 2.350000000E+01, 1.862915775E+03
      2059, 2.000272274E-03, 9.021460079E-03, 0.000000000E+00, 1.999179445E-03, 9.021793413E-03, 2.222222222E-03, 8.737711863E-08, 4.454753894E+02, 7.808928283E+02, 3.000000000E+02, 1.176655108E+00, 2.350000000E+01, 2.350000000E+01, 1.862915775E+03
      2060, 1.218477497E-03, 9.254225530E-03, 0.000000000E+00, 1.217811500E-03, 9.254391769E-03, 2.222222222E-03, 7.850206322E-08, 4.459282549E+02, 7.801685994E+02, 3.000000000E+02, 1.176655108E+00, 2.350000000E+01, 2.350000000E+01, 1.862915775E+03
      2061, 4.109774600E-04, 9.412043728E-03, 0.000000000E+00, 4.107537774E-04, 9.412116534E-03, 2.222222222E-03, 7.003178330E-08, 4.463386346E+02, 7.786578268E+02, 3.000000000E+02, 1.176655108E+00, 2.350000000E+01, 2.350000000E+01, 1.862915775E+03
      2062,-4.144594714E-04, 9.491918609E-03, 0.000000000E+00,-4.142351232E-04, 9.491977207E-03, 2.222222222E-03, 6.203616626E-08, 4.466954955E+02, 7.758462217E+02, 3.000000000E+02, 1.176655108E+00, 2.350000000E+01, 2.350000000E+01, 1.862915775E+03
      2063,-1.249716035E-03, 9.491882287E-03, 0.000000000E+00,-1.249044344E-03, 9.492004771E-03, 2.222222222E-03, 5.456721580E-08, 4.469866092E+02, 7.707872620E+02, 3.000000000E+02, 1.176655108E+00, 2.350000000E+01, 2.350000000E+01, 1.862915775E+03
      2064,-2.086490626E-03, 9.410995990E-03, 0.000000000E+00,-2.085382869E-03, 9.411262307E-03, 2.222222222E-03, 4.765980174E-08, 4.472117249E+02, 7.615310960E+02, 3.000000000E+02, 1.176655108E+00, 2.350000000E+01, 2.350000000E+01, 1.862915775E+03
      2065,-2.916441066E-03, 9.249306284E-03, 0.000000000E+00,-2.914932766E-03, 9.249791182E-03, 2.222222222E-03, 4.133778699E-08, 4.473792401E+02, 7.455730330E+02, 3.000000000E+02, 1.176655108E+00, 2.350000000E+01, 2.350000000E+01, 1.862915775E+03
      2066,-3.731296863E-03, 9.007776156E-03, 0.000000000E+00,-3.729473229E-03, 9.008530901E-03, 2.222222222E-03, 3.562264587E-08, 4.475041966E+02, 7.224694953E+02, 3.000000000E+02, 1.176655108E+00, 2.350000000E+01, 2.350000000E+01, 1.862915775E+03
      2067,-4.522948526E-03, 8.688221686E-03, 0.000000000E+00,-4.520980704E-03, 8.689240832E-03, 2.222222222E-03, 3.054215221E-08, 4.476071997E+02, 6.927265712E+02, 3.000000000E+02, 1.176655108E+00, 2.350000000E+01, 2.350000000E+01, 1.862915775E+03
      2068,-5.283539649E-03, 8.293306455E-03, 0.000000000E+00,-5.281718636E-03, 8.294462332E-03, 2.222222222E-03, 2.613424195E-08, 4.476995451E+02, 6.577904655E+02, 3.000000000E+02, 1.176655108E+00, 2.350000000E+01, 2.350000000E+01, 1.862915775E+03
      2069,-6.005628966E-03, 7.826587185E-03, 0.000000000E+00,-6.004335210E-03, 7.827580563E-03, 2.222222222E-03, 2.243674651E-08, 4.477873785E+02, 6.204866837E+02, 3.000000000E+02, 1.176655108E+00, 2.350000000E+01, 2.350000000E+01, 1.862915775E+03
      2070,-6.682449952E-03, 7.292587310E-03, 0.000000000E+00,-6.681997854E-03, 7.293006616E-03, 2.222222222E-03, 1.945562376E-08, 4.478738527E+02, 5.840770016E+02, 3.000000000E+02, 1.176655108E+00, 2.350000000E+01, 2.350000000E+01, 1.862915775E+03
      2071,-7.308187429E-03, 6.696739700E-03, 0.000000000E+00,-7.308606081E-03, 6.696286816E-03, 2.222222222E-03, 1.712587239E-08, 4.479665525E+02, 5.509853169E+02, 3.000000000E+02, 1.176655108E+00, 2.350000000E+01, 2.350000000E+01, 1.862915775E+03
      2072,-7.878032513E-03, 6.045063958E-03, 0.000000000E+00,-7.879025193E-03, 6.043770046E-03, 2.222222222E-03, 1.530533378E-08, 4.480721551E+02, 5.219717899E+02, 3.000000000E+02, 1.176655108E+00, 2.350000000E+01, 2.350000000E+01, 1.862915775E+03
      2073,-8.387919515E-03, 5.343729164E-03, 0.000000000E+00,-8.389077639E-03, 5.341909121E-03, 2.222222222E-03, 1.382075317E-08, 4.481952505E+02, 4.968196410E+02, 3.000000000E+02, 1.176655108E+00, 2.350000000E+01, 2.350000000E+01, 1.862915775E+03
      2074,-8.834185079E-03, 4.598808941E-03, 0.000000000E+00,-8.835207929E-03, 4.596842948E-03, 2.222222222E-03, 1.252820318E-08, 4.483326583E+02, 4.756366611E+02, 3.000000000E+02, 1.176655108E+00, 2.350000000E+01, 2.350000000E+01, 1.862915775E+03
      2075,-9.213414043E-03, 3.816332435E-03, 0.000000000E+00,-9.214169455E-03, 3.814508726E-03, 2.222222222E-03, 1.134075731E-08, 4.484449530E+02, 4.594173480E+02, 3.000000000E+02, 1.176655108E+00, 2.350000000E+01, 2.350000000E+01, 1.862915775E+03
      2076,-9.522501379E-03, 3.002436133E-03, 0.000000000E+00,-9.522978805E-03, 3.000925646E-03, 2.222222222E-03, 1.022026489E-08, 4.483441865E+02, 4.498359869E+02, 3.000000000E+02, 1.176655108E+00, 2.350000000E+01, 2.350000000E+01, 1.862915775E+03
      2077, 6.399376318E-03, 5.864277482E-03, 0.000000000E+00, 6.400014132E-03, 5.864025148E-03, 2.222222222E-03, 1.359683262E-07, 4.430210605E+02, 7.797932030E+02, 3.000000000E+02, 1.176655108E+00, 2.350000000E+01, 2.350000000E+01, 1.862915775E+03
      2078, 7.005430758E-03, 5.376172252E-03, 0.000000000E+00, 7.006571711E-03, 5.374991606E-03, 2.222222222E-03, 1.234049528E-07, 4.435698021E+02, 7.803183297E+02, 3.000000000E+02, 1.176655108E+00, 2.350000000E+01, 2.350000000E+01, 1.862915775E+03
      2079, 7.551528513E-03, 4.811650142E-03, 0.000000000E+00, 7.552779275E-03, 4.809889457E-03, 2.222222222E-03, 1.128205650E-07, 4.440655233E+02, 7.806790571E+02, 3.000000000E+02, 1.176655108E+00, 2.350000000E+01, 2.350000000E+01, 1.862915775E+03
      2080, 8.037978783E-03, 4.185003694E-03, 0.000000000E+00, 8.039071222E-03, 4.183073555E-03, 2.222222222E-03, 1.033569129E-07, 4.445400895E+02, 7.808927740E+02, 3.000000000E+02, 1.176655108E+00, 2.350000000E+01, 2.350000000E+01, 1.862915775E+03
      2081, 8.463771082E-03, 3.506340785E-03, 0.000000000E+00, 8.464592476E-03, 3.504544229E-03, 2.222222222E-03, 9.445987463E-08, 4.450104922E+02, 7.809284428E+02, 3.000000000E+02, 1.176655108E+00, 2.350000000E+01, 2.350000000E+01, 1.862915775E+03
      2082, 8.826018311E-03, 2.783200005E-03, 0.000000000E+00, 8.826561329E-03, 2.781710208E-03, 2.222222222E-03, 8.588761091E-08, 4.454777658E+02, 7.806989892E+02, 3.000000000E+02, 1.176655108E+00, 2.350000000E+01, 2.350000000E+01, 1.862915775E+03
      2083, 9.120758623E-03, 2.022250323E-03, 0.000000000E+00, 9.121069441E-03, 2.021152788E-03, 2.222222222E-03, 7.759447720E-08, 4.459227121E+02, 7.800026300E+02, 3.000000000E+02, 1.176655108E+00, 2.350000000E+01, 2.350000000E+01, 1.862915775E+03
      2084, 9.343910962E-03, 1.230265945E-03, 0.000000000E+00, 9.344057649E-03, 1.229597558E-03, 2.222222222E-03, 6.962241819E-08, 4.463318569E+02, 7.785391001E+02, 3.000000000E+02, 1.176655108E+00, 2.350000000E+01, 2.350000000E+01, 1.862915775E+03
      2085, 9.491918609E-03, 4.144594714E-04, 0.000000000E+00, 9.491977207E-03, 4.142351232E-04, 2.222222222E-03, 6.203616626E-08, 4.466954955E+02, 7.758462217E+02, 3.000000000E+02, 1.176655108E+00, 2.350000000E+01, 2.350000000E+01, 1.862915775E+03
      2086, 9.562079795E-03,-4.175179929E-04, 0.000000000E+00, 9.562126525E-03,-4.172931244E-04, 2.222222222E-03, 5.489375659E-08, 4.470043798E+02, 7.710721965E+02, 3.000000000E+02, 1.176655108E+00, 2.350000000E+01, 2.350000000E+01, 1.862915775E+03
      2087, 9.552661330E-03,-1.257705153E-03, 0.000000000E+00, 9.552776077E-03,-1.257032378E-03, 2.222222222E-03, 4.823734431E-08, 4.472494486E+02, 7.624737768E+02, 3.000000000E+02, 1.176655108E+00, 2.350000000E+01, 2.350000000E+01, 1.862915775E+03
      2088, 9.462916292E-03,-2.097982448E-03, 0.000000000E+00, 9.463177721E-03,-2.096873611E-03, 2.222222222E-03, 4.209407758E-08, 4.474372719E+02, 7.477057803E+02, 3.000000000E+02, 1.176655108E+00, 2.350000000E+01, 2.350000000E+01, 1.862915775E+03
      2089, 9.293035604E-03,-2.930205548E-03, 0.000000000E+00, 9.293517294E-03,-2.928696693E-03, 2.222222222E-03, 3.648167381E-08, 4.475749466E+02, 7.259204164E+02, 3.000000000E+02, 1.176655108E+00, 2.350000000E+01, 2.350000000E+01, 1.862915775E+03
      2090, 9.044089355E-03,-3.746313509E-03, 0.000000000E+00, 9.044843724E-03,-3.744489280E-03, 2.222222222E-03, 3.141610722E-08, 4.476724384E+02, 6.973533661E+02, 3.000000000E+02, 1.176655108E+00, 2.350000000E+01, 2.350000000E+01, 1.862915775E+03
      2091, 8.717979304E-03,-4.538414534E-03, 0.000000000E+00, 8.718998814E-03,-4.536446568E-03, 2.222222222E-03, 2.691927718E-08, 4.477509700E+02, 6.629164457E+02, 3.000000000E+02, 1.176655108E+00, 2.350000000E+01, 2.350000000E+01, 1.862915775E+03
      2092, 8.317424916E-03,-5.298882723E-03, 0.000000000E+00, 8.318580797E-03,-5.297061842E-03, 2.222222222E-03, 2.302236529E-08, 4.478225638E+02, 6.248780057E+02, 3.000000000E+02, 1.176655108E+00, 2.350000000E+01, 2.350000000E+01, 1.862915775E+03
      2093, 7.846000604E-03,-6.020510569E-03, 0.000000000E+00, 7.846994134E-03,-6.019216667E-03, 2.222222222E-03, 1.975672467E-08, 4.478934708E+02, 5.864690459E+02, 3.000000000E+02, 1.176655108E+00, 2.350000000E+01, 2.350000000E+01, 1.862915775E+03
      2094, 7.308187429E-03,-6.696739700E-03, 0.000000000E+00, 7.308606081E-03,-6.696286816E-03, 2.222222222E-03, 1.712587239E-08, 4.479665525E+02, 5.509853169E+02, 3.000000000E+02, 1.176655108E+00, 2.350000000E+01, 2.350000000E+01, 1.862915775E+03
      2095, 6.709291134E-03,-7.321889978E-03, 0.000000000E+00, 6.708837947E-03,-7.322308330E-03, 2.222222222E-03, 1.507112820E-08, 4.480502017E+02, 5.203706576E+02, 3.000000000E+02, 1.176655108E+00, 2.350000000E+01, 2.350000000E+01, 1.862915775E+03
      2096, 6.055149715E-03,-7.891189307E-03, 0.000000000E+00, 6.053855419E-03,-7.892182044E-03, 2.222222222E-03, 1.346625437E-08, 4.481511966E+02, 4.948828940E+02, 3.000000000E+02, 1.176655108E+00, 2.350000000E+01, 2.350000000E+01, 1.862915775E+03
      2097, 5.351751111E-03,-8.400530554E-03, 0.000000000E+00, 5.349931943E-03,-8.401688965E-03, 2.222222222E-03, 1.215803607E-08, 4.482664208E+02, 4.742368736E+02, 3.000000000E+02, 1.176655108E+00, 2.350000000E+01, 2.350000000E+01, 1.862915775E+03
      2098, 4.605047870E-03,-8.846189827E-03, 0.000000000E+00, 4.603082459E-03,-8.847213418E-03, 2.222222222E-03, 1.101939870E-08, 4.483615722E+02, 4.587706229E+02, 3.000000000E+02, 1.176655108E+00, 2.350000000E+01, 2.350000000E+01, 1.862915775E+03
      2099, 3.821006278E-03,-9.224716574E-03, 0.000000000E+00, 3.819182831E-03,-9.225472689E-03, 2.222222222E-03, 9.973646411E-09, 4.482483664E+02, 4.496675294E+02, 3.000000000E+02, 1.176655108E+00, 2.350000000E+01, 2.350000000E+01, 1.862915775E+03
      2100, 5.864277482E-03, 6.399376784E-03, 0.000000000E+00, 5.864025148E-03, 6.400014132E-03, 2.222222222E-03, 1.359683262E-07, 4.430210605E+02, 7.797932030E+02, 3.000000000E+02, 1.176655108E+00, 2.350000000E+01, 2.350000000E+01, 1.862915775E+03
      2101, 5.376172252E-03, 7.005430292E-03, 0.000000000E+00, 5.374991606E-03, 7.006571711E-03, 2.222222222E-03, 1.234049528E-07, 4.435698021E+02, 7.803183297E+02, 3.000000000E+02, 1.176655108E+00, 2.350000000E+01, 2.350000000E+01, 1.862915775E+03
      2102, 4.811650142E-03, 7.551528513E-03, 0.000000000E+00, 4.809889457E-03, 7.552779275E-03, 2.222222222E-03, 1.128205650E-07, 4.440655233E+02, 7.806790571E+02, 3.000000000E+02, 1.176655108E+00, 2.350000000E+01, 2.350000000E+01, 1.862915775E+03
      2103, 4.185003694E-03, 8.037978783E-03, 0.000000000E+00, 4.183073555E-03, 8.039071222E-03, 2.222222222E-03, 1.033569129E-07, 4.445400895E+02, 7.808927740E+02, 3.000000000E+02, 1.176655108E+00, 2.350000000E+01, 2.350000000E+01, 1.862915775E+03
      2104, 3.506340785E-03, 8.463771082E-03, 0.000000000E+00, 3.504544229E-03, 8.464592476E-03, 2.222222222E-03, 9.445987463E-08, 4.450104922E+02, 7.809284428E+02, 3.000000000E+02, 1.176655108E+00, 2.350000000E+01, 2.350000000E+01, 1.862915775E+03
      2105, 2.783199772E-03, 8.826018311E-03, 0.000000000E+00, 2.781710208E-03, 8.826561329E-03, 2.222222222E-03, 8.588761091E-08, 4.454777658E+02, 7.806989892E+02, 3.000000000E+02, 1.176655108E+00, 2.350000000E+01, 2.350000000E+01, 1.862915775E+03
      2106, 2.022250323E-03, 9.120757692E-03, 0.000000000E+00, 2.021152788E-03, 9.121069441E-03, 2.222222222E-03, 7.759447720E-08, 4.459227121E+02, 7.800026300E+02, 3.000000000E+02, 1.176655108E+00, 2.350000000E+01, 2.350000000E+01, 1.862915775E+03
      2107, 1.230266062E-03, 9.343910031E-03, 0.000000000E+00, 1.229597558E-03, 9.344057649E-03, 2.222222222E-03, 6.962241819E-08, 4.463318569E+02, 7.785391001E+02, 3.000000000E+02, 1.176655108E+00, 2.350000000E+01, 2.350000000E+01, 1.862915775E+03
      2108, 4.144594714E-04, 9.491918609E-03, 0.000000000E+00, 4.142351232E-04, 9.491977207E-03, 2.222222222E-03, 6.203616626E-08, 4.466954955E+02, 7.758462217E+02, 3.000000000E+02, 1.176655108E+00, 2.350000000E+01, 2.350000000E+01, 1.862915775E+03
      2109,-4.175179929E-04, 9.562079795E-03, 0.000000000E+00,-4.172931244E-04, 9.562126525E-03, 2.222222222E-03, 5.489375659E-08, 4.470043798E+02, 7.710721965E+02, 3.000000000E+02, 1.176655108E+00, 2.350000000E+01, 2.350000000E+01, 1.862915775E+03
      2110,-1.257705153E-03, 9.552661330E-03, 0.000000000E+00,-1.257032378E-03, 9.552776077E-03, 2.222222222E-03, 4.823734431E-08, 4.472494486E+02, 7.624737768E+02, 3.000000000E+02, 1.176655108E+00, 2.350000000E+01, 2.350000000E+01, 1.862915775E+03
      2111,-2.097982215E-03, 9.462916292E-03, 0.000000000E+00,-2.096873611E-03, 9.463177721E-03, 2.222222222E-03, 4.209407758E-08, 4.474372719E+02, 7.477057803E+02, 3.000000000E+02, 1.176655108E+00, 2.350000000E+01, 2.350000000E+01, 1.862915775E+03
      2112,-2.930205781E-03, 9.293035604E-03, 0.000000000E+00,-2.928696693E-03, 9.293517294E-03, 2.222222222E-03, 3.648167381E-08, 4.475749466E+02, 7.259204164E+02, 3.000000000E+02, 1.176655108E+00, 2.350000000E+01, 2.350000000E+01, 1.862915775E+03
      2113,-3.746313276E-03, 9.044089355E-03, 0.000000000E+00,-3.744489280E-03, 9.044843724E-03, 2.222222222E-03, 3.141610722E-08, 4.476724384E+02, 6.973533661E+02, 3.000000000E+02, 1.176655108E+00, 2.350000000E+01, 2.350000000E+01, 1.862915775E+03
      2114,-4.538414069E-03, 8.717979304E-03, 0.000000000E+00,-4.536446568E-03, 8.718998814E-03, 2.222222222E-03, 2.691927718E-08, 4.477509700E+02, 6.629164457E+02, 3.000000000E+02, 1.176655108E+00, 2.350000000E+01, 2.350000000E+01, 1.862915775E+03
      2115,-5.298882723E-03, 8.317424916E-03, 0.000000000E+00,-5.297061842E-03, 8.318580797E-03, 2.222222222E-03, 2.302236529E-08, 4.478225638E+02, 6.248780057E+02, 3.000000000E+02, 1.176655108E+00, 2.350000000E+01, 2.350000000E+01, 1.862915775E+03
      2116,-6.020510569E-03, 7.846001536E-03, 0.000000000E+00,-6.019216667E-03, 7.846994134E-03, 2.222222222E-03, 1.975672467E-08, 4.478934708E+02, 5.864690459E+02, 3.000000000E+02, 1.176655108E+00, 2.350000000E+01, 2.350000000E+01, 1.862915775E+03
      2117,-6.696739700E-03, 7.308187429E-03, 0.000000000E+00,-6.696286816E-03, 7.308606081E-03, 2.222222222E-03, 1.712587239E-08, 4.479665525E+02, 5.509853169E+02, 3.000000000E+02, 1.176655108E+00, 2.350000000E+01, 2.350000000E+01, 1.862915775E+03
      2118,-7.321889978E-03, 6.709291134E-03, 0.000000000E+00,-7.322308330E-03, 6.708837947E-03, 2.222222222E-03, 1.507112820E-08, 4.480502017E+02, 5.203706576E+02, 3.000000000E+02, 1.176655108E+00, 2.350000000E+01, 2.350000000E+01, 1.862915775E+03
      2119,-7.891189307E-03, 6.055149715E-03, 0.000000000E+00,-7.892182044E-03, 6.053855419E-03, 2.222222222E-03, 1.346625437E-08, 4.481511966E+02, 4.948828940E+02, 3.000000000E+02, 1.176655108E+00, 2.350000000E+01, 2.350000000E+01, 1.862915775E+03
      2120,-8.400530554E-03, 5.351751577E-03, 0.000000000E+00,-8.401688965E-03, 5.349931943E-03, 2.222222222E-03, 1.215803607E-08, 4.482664208E+02, 4.742368736E+02, 3.000000000E+02, 1.176655108E+00, 2.350000000E+01, 2.350000000E+01, 1.862915775E+03
      2121,-8.846189827E-03, 4.605048336E-03, 0.000000000E+00,-8.847213418E-03, 4.603082459E-03, 2.222222222E-03, 1.101939870E-08, 4.483615722E+02, 4.587706229E+02, 3.000000000E+02, 1.176655108E+00, 2.350000000E+01, 2.350000000E+01, 1.862915775E+03
      2122,-9.224716574E-03, 3.821006510E-03, 0.000000000E+00,-9.225472689E-03, 3.819182831E-03, 2.222222222E-03, 9.973646411E-09, 4.482483664E+02, 4.496675294E+02, 3.000000000E+02, 1.176655108E+00, 2.350000000E+01, 2.350000000E+01, 1.862915775E+03
      2123, 6.523613818E-03, 5.978077650E-03, 0.000000000E+00, 6.524197093E-03, 5.977775571E-03, 2.222222222E-03, 1.217492329E-07, 4.436159945E+02, 7.803284431E+02, 3.000000000E+02, 1.176655108E+00, 2.350000000E+01, 2.350000000E+01, 1.862915775E+03
      2124, 7.124718279E-03, 5.467611831E-03, 0.000000000E+00, 7.125819150E-03, 5.466400625E-03, 2.222222222E-03, 1.102404541E-07, 4.441326842E+02, 7.806503913E+02, 3.000000000E+02, 1.176655108E+00, 2.350000000E+01, 2.350000000E+01, 1.862915775E+03
      2125, 7.665866055E-03, 4.884386901E-03, 0.000000000E+00, 7.667087713E-03, 4.882607926E-03, 2.222222222E-03, 1.005980894E-07, 4.445978274E+02, 7.807881040E+02, 3.000000000E+02, 1.176655108E+00, 2.350000000E+01, 2.350000000E+01, 1.862915775E+03
      2126, 8.146823384E-03, 4.241572227E-03, 0.000000000E+00, 8.147892042E-03, 4.239630079E-03, 2.222222222E-03, 9.201463778E-08, 4.450420025E+02, 7.807350487E+02, 3.000000000E+02, 1.176655108E+00, 2.350000000E+01, 2.350000000E+01, 1.862915775E+03
      2127, 8.566249162E-03, 3.548717592E-03, 0.000000000E+00, 8.567050566E-03, 3.546912620E-03, 2.222222222E-03, 8.397527389E-08, 4.454804973E+02, 7.804223628E+02, 3.000000000E+02, 1.176655108E+00, 2.350000000E+01, 2.350000000E+01, 1.862915775E+03
      2128, 8.921229281E-03, 2.813170198E-03, 0.000000000E+00, 8.921754261E-03, 2.811674649E-03, 2.222222222E-03, 7.625507730E-08, 4.459120080E+02, 7.797080549E+02, 3.000000000E+02, 1.176655108E+00, 2.350000000E+01, 2.350000000E+01, 1.862915775E+03
      2129, 9.207978845E-03, 2.041555708E-03, 0.000000000E+00, 9.208273828E-03, 2.040454244E-03, 2.222222222E-03, 6.880868759E-08, 4.463165258E+02, 7.782809998E+02, 3.000000000E+02, 1.176655108E+00, 2.350000000E+01, 2.350000000E+01, 1.862915775E+03
      2130, 9.422686882E-03, 1.240620855E-03, 0.000000000E+00, 9.422820125E-03, 1.239950426E-03, 2.222222222E-03, 6.167010611E-08, 4.466827257E+02, 7.756604678E+02, 3.000000000E+02, 1.176655108E+00, 2.350000000E+01, 2.350000000E+01, 1.862915775E+03
      2131, 9.562079795E-03, 4.175179929E-04, 0.000000000E+00, 9.562126525E-03, 4.172931244E-04, 2.222222222E-03, 5.489375659E-08, 4.470043798E+02, 7.710721965E+02, 3.000000000E+02, 1.176655108E+00, 2.350000000E+01, 2.350000000E+01, 1.862915775E+03
      2132, 9.623706341E-03,-4.202044802E-04, 0.000000000E+00, 9.623745209E-03,-4.199792518E-04, 2.222222222E-03, 4.852802934E-08, 4.472702347E+02, 7.629158727E+02, 3.000000000E+02, 1.176655108E+00, 2.350000000E+01, 2.350000000E+01, 1.862915775E+03
      2133, 9.606048465E-03,-1.264722552E-03, 0.000000000E+00, 9.606157009E-03,-1.264048990E-03, 2.222222222E-03, 4.260723377E-08, 4.474789382E+02, 7.490458561E+02, 3.000000000E+02, 1.176655108E+00, 2.350000000E+01, 2.350000000E+01, 1.862915775E+03
      2134, 9.508522227E-03,-2.108076587E-03, 0.000000000E+00, 9.508779593E-03,-2.106966939E-03, 2.222222222E-03, 3.715253070E-08, 4.476371372E+02, 7.285390157E+02, 3.000000000E+02, 1.176655108E+00, 2.350000000E+01, 2.350000000E+01, 1.862915775E+03
      2135, 9.331446141E-03,-2.942296211E-03, 0.000000000E+00, 9.331925686E-03,-2.940786729E-03, 2.222222222E-03, 3.217698041E-08, 4.477474856E+02, 7.012952334E+02, 3.000000000E+02, 1.176655108E+00, 2.350000000E+01, 2.350000000E+01, 1.862915775E+03
      2136, 9.075986221E-03,-3.759503365E-03, 0.000000000E+00, 9.076740319E-03,-3.757679136E-03, 2.222222222E-03, 2.769238582E-08, 4.478202227E+02, 6.678568506E+02, 3.000000000E+02, 1.176655108E+00, 2.350000000E+01, 2.350000000E+01, 1.862915775E+03
      2137, 8.744117804E-03,-4.551999271E-03, 0.000000000E+00, 8.745137697E-03,-4.550031508E-03, 2.222222222E-03, 2.371605667E-08, 4.478774582E+02, 6.300056896E+02, 3.000000000E+02, 1.176655108E+00, 2.350000000E+01, 2.350000000E+01, 1.862915775E+03
      2138, 8.338609710E-03,-5.312359426E-03, 0.000000000E+00, 8.339766000E-03,-5.310539023E-03, 2.222222222E-03, 2.027373070E-08, 4.479313995E+02, 5.905466653E+02, 3.000000000E+02, 1.176655108E+00, 2.350000000E+01, 2.350000000E+01, 1.862915775E+03
      2139, 7.863054052E-03,-6.033582613E-03, 0.000000000E+00, 7.864046631E-03,-6.032288243E-03, 2.222222222E-03, 1.739149948E-08, 4.479873033E+02, 5.530301315E+02, 3.000000000E+02, 1.176655108E+00, 2.350000000E+01, 2.350000000E+01, 1.862915775E+03
      2140, 7.321889978E-03,-6.709291134E-03, 0.000000000E+00, 7.322308330E-03,-6.708837947E-03, 2.222222222E-03, 1.507112820E-08, 4.480502017E+02, 5.203706576E+02, 3.000000000E+02, 1.176655108E+00, 2.350000000E+01, 2.350000000E+01, 1.862915775E+03
      2141, 6.720316131E-03,-7.333926391E-03, 0.000000000E+00, 6.719862595E-03,-7.334344095E-03, 2.222222222E-03, 1.325985095E-08, 4.481282404E+02, 4.937637615E+02, 3.000000000E+02, 1.176655108E+00, 2.350000000E+01, 2.350000000E+01, 1.862915775E+03
      2142, 6.064007990E-03,-7.902746089E-03, 0.000000000E+00, 6.062714190E-03,-7.903738736E-03, 2.222222222E-03, 1.184572730E-08, 4.482212044E+02, 4.730891231E+02, 3.000000000E+02, 1.176655108E+00, 2.350000000E+01, 2.350000000E+01, 1.862915775E+03
      2143, 5.358798429E-03,-8.411607705E-03, 0.000000000E+00, 5.356979012E-03,-8.412766473E-03, 2.222222222E-03, 1.069338083E-08, 4.482955236E+02, 4.581492352E+02, 3.000000000E+02, 1.176655108E+00, 2.350000000E+01, 2.350000000E+01, 1.862915775E+03
      2144, 4.610528238E-03,-8.856735192E-03, 0.000000000E+00, 4.608563104E-03,-8.857758768E-03, 2.222222222E-03, 9.690689022E-09, 4.481596421E+02, 4.494978866E+02, 3.000000000E+02, 1.176655108E+00, 2.350000000E+01, 2.350000000E+01, 1.862915775E+03
      2145, 5.978077650E-03, 6.523613818E-03, 0.000000000E+00, 5.977775571E-03, 6.524197093E-03, 2.222222222E-03, 1.217492329E-07, 4.436159945E+02, 7.803284431E+02, 3.000000000E+02, 1.176655108E+00, 2.350000000E+01, 2.350000000E+01, 1.862915775E+03
      2146, 5.467611831E-03, 7.124718279E-03, 0.000000000E+00, 5.466400625E-03, 7.125819150E-03, 2.222222222E-03, 1.102404541E-07, 4.441326842E+02, 7.806503913E+02, 3.000000000E+02, 1.176655108E+00, 2.350000000E+01, 2.350000000E+01, 1.862915775E+03
      2147, 4.884386901E-03, 7.665866055E-03, 0.000000000E+00, 4.882607926E-03, 7.667087713E-03, 2.222222222E-03, 1.005980894E-07, 4.445978274E+02, 7.807881040E+02, 3.000000000E+02, 1.176655108E+00, 2.350000000E+01, 2.350000000E+01, 1.862915775E+03
      2148, 4.241572227E-03, 8.146822453E-03, 0.000000000E+00, 4.239630079E-03, 8.147892042E-03, 2.222222222E-03, 9.201463778E-08, 4.450420025E+02, 7.807350487E+02, 3.000000000E+02, 1.176655108E+00, 2.350000000E+01, 2.350000000E+01, 1.862915775E+03
      2149, 3.548717825E-03, 8.566250093E-03, 0.000000000E+00, 3.546912620E-03, 8.567050566E-03, 2.222222222E-03, 8.397527389E-08, 4.454804973E+02, 7.804223628E+02, 3.000000000E+02, 1.176655108E+00, 2.350000000E+01, 2.350000000E+01, 1.862915775E+03
      2150, 2.813170198E-03, 8.921230212E-03, 0.000000000E+00, 2.811674649E-03, 8.921754261E-03, 2.222222222E-03, 7.625507730E-08, 4.459120080E+02, 7.797080549E+02, 3.000000000E+02, 1.176655108E+00, 2.350000000E+01, 2.350000000E+01, 1.862915775E+03
      2151, 2.041555708E-03, 9.207978845E-03, 0.000000000E+00, 2.040454244E-03, 9.208273828E-03, 2.222222222E-03, 6.880868759E-08, 4.463165258E+02, 7.782809998E+02, 3.000000000E+02, 1.176655108E+00, 2.350000000E+01, 2.350000000E+01, 1.862915775E+03
      2152, 1.240620739E-03, 9.422686882E-03, 0.000000000E+00, 1.239950426E-03, 9.422820125E-03, 2.222222222E-03, 6.167010611E-08, 4.466827257E+02, 7.756604678E+02, 3.000000000E+02, 1.176655108E+00, 2.350000000E+01, 2.350000000E+01, 1.862915775E+03
      2153, 4.175179929E-04, 9.562079795E-03, 0.000000000E+00, 4.172931244E-04, 9.562126525E-03, 2.222222222E-03, 5.489375659E-08, 4.470043798E+02, 7.710721965E+02, 3.000000000E+02, 1.176655108E+00, 2.350000000E+01, 2.350000000E+01, 1.862915775E+03
      2154,-4.202044802E-04, 9.623706341E-03, 0.000000000E+00,-4.199792518E-04, 9.623745209E-03, 2.222222222E-03, 4.852802934E-08, 4.472702347E+02, 7.629158727E+02, 3.000000000E+02, 1.176655108E+00, 2.350000000E+01, 2.350000000E+01, 1.862915775E+03
      2155,-1.264722552E-03, 9.606049396E-03, 0.000000000E+00,-1.264048990E-03, 9.606157009E-03, 2.222222222E-03, 4.260723377E-08, 4.474789382E+02, 7.490458561E+02, 3.000000000E+02, 1.176655108E+00, 2.350000000E+01, 2.350000000E+01, 1.862915775E+03
      2156,-2.108076587E-03, 9.508522227E-03, 0.000000000E+00,-2.106966939E-03, 9.508779593E-03, 2.222222222E-03, 3.715253070E-08, 4.476371372E+02, 7.285390157E+02, 3.000000000E+02, 1.176655108E+00, 2.350000000E+01, 2.350000000E+01, 1.862915775E+03
      2157,-2.942296211E-03, 9.331446141E-03, 0.000000000E+00,-2.940786729E-03, 9.331925686E-03, 2.222222222E-03, 3.217698041E-08, 4.477474856E+02, 7.012952334E+02, 3.000000000E+02, 1.176655108E+00, 2.350000000E+01, 2.350000000E+01, 1.862915775E+03
      2158,-3.759503365E-03, 9.075986221E-03, 0.000000000E+00,-3.757679136E-03, 9.076740319E-03, 2.222222222E-03, 2.769238582E-08, 4.478202227E+02, 6.678568506E+02, 3.000000000E+02, 1.176655108E+00, 2.350000000E+01, 2.350000000E+01, 1.862915775E+03
      2159,-4.551998805E-03, 8.744117804E-03, 0.000000000E+00,-4.550031508E-03, 8.745137697E-03, 2.222222222E-03, 2.371605667E-08, 4.478774582E+02, 6.300056896E+02, 3.000000000E+02, 1.176655108E+00, 2.350000000E+01, 2.350000000E+01, 1.862915775E+03
      2160,-5.312359426E-03, 8.338609710E-03, 0.000000000E+00,-5.310539023E-03, 8.339766000E-03, 2.222222222E-03, 2.027373070E-08, 4.479313995E+02, 5.905466653E+02, 3.000000000E+02, 1.176655108E+00, 2.350000000E+01, 2.350000000E+01, 1.862915775E+03
      2161,-6.033582613E-03, 7.863054052E-03, 0.000000000E+00,-6.032288243E-03, 7.864046631E-03, 2.222222222E-03, 1.739149948E-08, 4.479873033E+02, 5.530301315E+02, 3.000000000E+02, 1.176655108E+00, 2.350000000E+01, 2.350000000E+01, 1.862915775E+03
      2162,-6.709291134E-03, 7.321889978E-03, 0.000000000E+00,-6.708837947E-03, 7.322308330E-03, 2.222222222E-03, 1.507112820E-08, 4.480502017E+02, 5.203706576E+02, 3.000000000E+02, 1.176655108E+00, 2.350000000E+01, 2.350000000E+01, 1.862915775E+03
      2163,-7.333926391E-03, 6.720316131E-03, 0.000000000E+00,-7.334344095E-03, 6.719862595E-03, 2.222222222E-03, 1.325985095E-08, 4.481282404E+02, 4.937637615E+02, 3.000000000E+02, 1.176655108E+00, 2.350000000E+01, 2.350000000E+01, 1.862915775E+03
      2164,-7.902745157E-03, 6.064007990E-03, 0.000000000E+00,-7.903738736E-03, 6.062714190E-03, 2.222222222E-03, 1.184572730E-08, 4.482212044E+02, 4.730891231E+02, 3.000000000E+02, 1.176655108E+00, 2.350000000E+01, 2.350000000E+01, 1.862915775E+03
      2165,-8.411607705E-03, 5.358797964E-03, 0.000000000E+00,-8.412766473E-03, 5.356979012E-03, 2.222222222E-03, 1.069338083E-08, 4.482955236E+02, 4.581492352E+02, 3.000000000E+02, 1.176655108E+00, 2.350000000E+01, 2.350000000E+01, 1.862915775E+03
      2166,-8.856734261E-03, 4.610528704E-03, 0.000000000E+00,-8.857758768E-03, 4.608563104E-03, 2.222222222E-03, 9.690689022E-09, 4.481596421E+02, 4.494978866E+02, 3.000000000E+02, 1.176655108E+00, 2.350000000E+01, 2.350000000E+01, 1.862915775E+03
      2167, 6.632740609E-03, 6.078036502E-03, 0.000000000E+00, 6.633283277E-03, 6.077697488E-03, 2.222222222E-03, 1.087299483E-07, 4.441729177E+02, 7.806286522E+02, 3.000000000E+02, 1.176655108E+00, 2.350000000E+01, 2.350000000E+01, 1.862915775E+03
      2168, 7.229497191E-03, 5.547930021E-03, 0.000000000E+00, 7.230568675E-03, 5.546696280E-03, 2.222222222E-03, 9.825565800E-08, 4.446536502E+02, 7.806937364E+02, 3.000000000E+02, 1.176655108E+00, 2.350000000E+01, 2.350000000E+01, 1.862915775E+03
      2169, 7.766297087E-03, 4.948277026E-03, 0.000000000E+00, 7.767497903E-03, 4.946484884E-03, 2.222222222E-03, 8.951963111E-08, 4.450854953E+02, 7.805374459E+02, 3.000000000E+02, 1.176655108E+00, 2.350000000E+01, 2.350000000E+01, 1.862915775E+03
      2170, 8.242429234E-03, 4.291260149E-03, 0.000000000E+00, 8.243481283E-03, 4.289309866E-03, 2.222222222E-03, 8.177119656E-08, 4.454969864E+02, 7.801155702E+02, 3.000000000E+02, 1.176655108E+00, 2.350000000E+01, 2.350000000E+01, 1.862915775E+03
      2171, 8.656264283E-03, 3.585940460E-03, 0.000000000E+00, 8.657050328E-03, 3.584129253E-03, 2.222222222E-03, 7.453646551E-08, 4.459005409E+02, 7.792956405E+02, 3.000000000E+02, 1.176655108E+00, 2.350000000E+01, 2.350000000E+01, 1.862915775E+03
      2172, 9.004861116E-03, 2.839495195E-03, 0.000000000E+00, 9.005371943E-03, 2.837995481E-03, 2.222222222E-03, 6.760823321E-08, 4.462936564E+02, 7.778427990E+02, 3.000000000E+02, 1.176655108E+00, 2.350000000E+01, 2.350000000E+01, 1.862915775E+03
      2173, 9.284591302E-03, 2.058512764E-03, 0.000000000E+00, 9.284874076E-03, 2.057408624E-03, 2.222222222E-03, 6.094259218E-08, 4.466589229E+02, 7.752657221E+02, 3.000000000E+02, 1.176655108E+00, 2.350000000E+01, 2.350000000E+01, 1.862915775E+03
      2174, 9.491882287E-03, 1.249716035E-03, 0.000000000E+00, 9.492004771E-03, 1.249044344E-03, 2.222222222E-03, 5.456721580E-08, 4.469866092E+02, 7.707872620E+02, 3.000000000E+02, 1.176655108E+00, 2.350000000E+01, 2.350000000E+01, 1.862915775E+03
      2175, 9.623706341E-03, 4.202044802E-04, 0.000000000E+00, 9.623745209E-03, 4.199792518E-04, 2.222222222E-03, 4.852802934E-08, 4.472702347E+02, 7.629158727E+02, 3.000000000E+02, 1.176655108E+00, 2.350000000E+01, 2.350000000E+01, 1.862915775E+03
      2176, 9.677839465E-03,-4.225642479E-04, 0.000000000E+00, 9.677870481E-03,-4.223387209E-04, 2.222222222E-03, 4.286554218E-08, 4.475016754E+02, 7.496728918E+02, 3.000000000E+02, 1.176655108E+00, 2.350000000E+01, 2.350000000E+01, 1.862915775E+03
      2177, 9.652942419E-03,-1.270886511E-03, 0.000000000E+00, 9.653046192E-03,-1.270212300E-03, 2.222222222E-03, 3.760779332E-08, 4.476817313E+02, 7.302243336E+02, 3.000000000E+02, 1.176655108E+00, 2.350000000E+01, 2.350000000E+01, 1.862915775E+03
      2178, 9.548581205E-03,-2.116943011E-03, 0.000000000E+00, 9.548835643E-03,-2.115832779E-03, 2.222222222E-03, 3.277129799E-08, 4.478133757E+02, 7.043020004E+02, 3.000000000E+02, 1.176655108E+00, 2.350000000E+01, 2.350000000E+01, 1.862915775E+03
      2179, 9.365185164E-03,-2.952916548E-03, 0.000000000E+00, 9.365663011E-03,-2.951406426E-03, 2.222222222E-03, 2.836559738E-08, 4.478990942E+02, 6.720922217E+02, 3.000000000E+02, 1.176655108E+00, 2.350000000E+01, 2.350000000E+01, 1.862915775E+03
      2180, 9.104004130E-03,-3.771089250E-03, 0.000000000E+00, 9.104757733E-03,-3.769264875E-03, 2.222222222E-03, 2.439933958E-08, 4.479502242E+02, 6.349669877E+02, 3.000000000E+02, 1.176655108E+00, 2.350000000E+01, 2.350000000E+01, 1.862915775E+03
      2181, 8.767077699E-03,-4.563931376E-03, 0.000000000E+00, 8.768097601E-03,-4.561964265E-03, 2.222222222E-03, 2.088624295E-08, 4.479889333E+02, 5.953489878E+02, 3.000000000E+02, 1.176655108E+00, 2.350000000E+01, 2.350000000E+01, 1.862915775E+03
      2182, 8.357217535E-03,-5.324197467E-03, 0.000000000E+00, 8.358374662E-03,-5.322377111E-03, 2.222222222E-03, 1.784764074E-08, 4.480276742E+02, 5.565353303E+02, 3.000000000E+02, 1.176655108E+00, 2.350000000E+01, 2.350000000E+01, 1.862915775E+03
      2183, 7.878032513E-03,-6.045063958E-03, 0.000000000E+00, 7.879025193E-03,-6.043770046E-03, 2.222222222E-03, 1.530533378E-08, 4.480721551E+02, 5.219717899E+02, 3.000000000E+02, 1.176655108E+00, 2.350000000E+01, 2.350000000E+01, 1.862915775E+03
      2184, 7.333926391E-03,-6.720316131E-03, 0.000000000E+00, 7.334344095E-03,-6.719862595E-03, 2.222222222E-03, 1.325985095E-08, 4.481282404E+02, 4.937637615E+02, 3.000000000E+02, 1.176655108E+00, 2.350000000E+01, 2.350000000E+01, 1.862915775E+03
      2185, 6.730000023E-03,-7.344498765E-03, 0.000000000E+00, 6.729546406E-03,-7.344916051E-03, 2.222222222E-03, 1.166390068E-08, 4.481976940E+02, 4.724293402E+02, 3.000000000E+02, 1.176655108E+00, 2.350000000E+01, 2.350000000E+01, 1.862915775E+03
      2186, 6.071789190E-03,-7.912896574E-03, 0.000000000E+00, 6.070495539E-03,-7.913889877E-03, 2.222222222E-03, 1.041834228E-08, 4.482503850E+02, 4.576495987E+02, 3.000000000E+02, 1.176655108E+00, 2.350000000E+01, 2.350000000E+01, 1.862915775E+03
      2187, 5.364987999E-03,-8.421337232E-03, 0.000000000E+00, 5.363168998E-03,-8.422496705E-03, 2.222222222E-03, 9.403650056E-09, 4.480884090E+02, 4.493469939E+02, 3.000000000E+02, 1.176655108E+00, 2.350000000E+01, 2.350000000E+01, 1.862915775E+03
      2188, 6.078036968E-03, 6.632740609E-03, 0.000000000E+00, 6.077697488E-03, 6.633283277E-03, 2.222222222E-03, 1.087299483E-07, 4.441729177E+02, 7.806286522E+02, 3.000000000E+02, 1.176655108E+00, 2.350000000E+01, 2.350000000E+01, 1.862915775E+03
      2189, 5.547930021E-03, 7.229497191E-03, 0.000000000E+00, 5.546696280E-03, 7.230568675E-03, 2.222222222E-03, 9.825565800E-08, 4.446536502E+02, 7.806937364E+02, 3.000000000E+02, 1.176655108E+00, 2.350000000E+01, 2.350000000E+01, 1.862915775E+03
      2190, 4.948277026E-03, 7.766297087E-03, 0.000000000E+00, 4.946484884E-03, 7.767497903E-03, 2.222222222E-03, 8.951963111E-08, 4.450854953E+02, 7.805374459E+02, 3.000000000E+02, 1.176655108E+00, 2.350000000E+01, 2.350000000E+01, 1.862915775E+03
      2191, 4.291260615E-03, 8.242428303E-03, 0.000000000E+00, 4.289309866E-03, 8.243481283E-03, 2.222222222E-03, 8.177119656E-08, 4.454969864E+02, 7.801155702E+02, 3.000000000E+02, 1.176655108E+00, 2.350000000E+01, 2.350000000E+01, 1.862915775E+03
      2192, 3.585940693E-03, 8.656264283E-03, 0.000000000E+00, 3.584129253E-03, 8.657050328E-03, 2.222222222E-03, 7.453646551E-08, 4.459005409E+02, 7.792956405E+02, 3.000000000E+02, 1.176655108E+00, 2.350000000E+01, 2.350000000E+01, 1.862915775E+03
      2193, 2.839495195E-03, 9.004861116E-03, 0.000000000E+00, 2.837995481E-03, 9.005371943E-03, 2.222222222E-03, 6.760823321E-08, 4.462936564E+02, 7.778427990E+02, 3.000000000E+02, 1.176655108E+00, 2.350000000E+01, 2.350000000E+01, 1.862915775E+03
      2194, 2.058512764E-03, 9.284591302E-03, 0.000000000E+00, 2.057408624E-03, 9.284874076E-03, 2.222222222E-03, 6.094259218E-08, 4.466589229E+02, 7.752657221E+02, 3.000000000E+02, 1.176655108E+00, 2.350000000E+01, 2.350000000E+01, 1.862915775E+03
      2195, 1.249716152E-03, 9.491882287E-03, 0.000000000E+00, 1.249044344E-03, 9.492004771E-03, 2.222222222E-03, 5.456721580E-08, 4.469866092E+02, 7.707872620E+02, 3.000000000E+02, 1.176655108E+00, 2.350000000E+01, 2.350000000E+01, 1.862915775E+03
      2196, 4.202044802E-04, 9.623706341E-03, 0.000000000E+00, 4.199792518E-04, 9.623745209E-03, 2.222222222E-03, 4.852802934E-08, 4.472702347E+02, 7.629158727E+02, 3.000000000E+02, 1.176655108E+00, 2.350000000E+01, 2.350000000E+01, 1.862915775E+03
      2197,-4.225642479E-04, 9.677838534E-03, 0.000000000E+00,-4.223387209E-04, 9.677870481E-03, 2.222222222E-03, 4.286554218E-08, 4.475016754E+02, 7.496728918E+02, 3.000000000E+02, 1.176655108E+00, 2.350000000E+01, 2.350000000E+01, 1.862915775E+03
      2198,-1.270886511E-03, 9.652942419E-03, 0.000000000E+00,-1.270212300E-03, 9.653046192E-03, 2.222222222E-03, 3.760779332E-08, 4.476817313E+02, 7.302243336E+02, 3.000000000E+02, 1.176655108E+00, 2.350000000E+01, 2.350000000E+01, 1.862915775E+03
      2199,-2.116943011E-03, 9.548581205E-03, 0.000000000E+00,-2.115832779E-03, 9.548835643E-03, 2.222222222E-03, 3.277129799E-08, 4.478133757E+02, 7.043020004E+02, 3.000000000E+02, 1.176655108E+00, 2.350000000E+01, 2.350000000E+01, 1.862915775E+03
      2200,-2.952916548E-03, 9.365184233E-03, 0.000000000E+00,-2.951406426E-03, 9.365663011E-03, 2.222222222E-03, 2.836559738E-08, 4.478990942E+02, 6.720922217E+02, 3.000000000E+02, 1.176655108E+00, 2.350000000E+01, 2.350000000E+01, 1.862915775E+03
      2201,-3.771089250E-03, 9.104004130E-03, 0.000000000E+00,-3.769264875E-03, 9.104757733E-03, 2.222222222E-03, 2.439933958E-08, 4.479502242E+02, 6.349669877E+02, 3.000000000E+02, 1.176655108E+00, 2.350000000E+01, 2.350000000E+01, 1.862915775E+03
      2202,-4.563931376E-03, 8.767077699E-03, 0.000000000E+00,-4.561964265E-03, 8.768097601E-03, 2.222222222E-03, 2.088624295E-08, 4.479889333E+02, 5.953489878E+02, 3.000000000E+02, 1.176655108E+00, 2.350000000E+01, 2.350000000E+01, 1.862915775E+03
      2203,-5.324197467E-03, 8.357218467E-03, 0.000000000E+00,-5.322377111E-03, 8.358374662E-03, 2.222222222E-03, 1.784764074E-08, 4.480276742E+02, 5.565353303E+02, 3.000000000E+02, 1.176655108E+00, 2.350000000E+01, 2.350000000E+01, 1.862915775E+03
      2204,-6.045063958E-03, 7.878031582E-03, 0.000000000E+00,-6.043770046E-03, 7.879025193E-03, 2.222222222E-03, 1.530533378E-08, 4.480721551E+02, 5.219717899E+02, 3.000000000E+02, 1.176655108E+00, 2.350000000E+01, 2.350000000E+01, 1.862915775E+03
      2205,-6.720316131E-03, 7.333926391E-03, 0.000000000E+00,-6.719862595E-03, 7.334344095E-03, 2.222222222E-03, 1.325985095E-08, 4.481282404E+02, 4.937637615E+02, 3.000000000E+02, 1.176655108E+00, 2.350000000E+01, 2.350000000E+01, 1.862915775E+03
      2206,-7.344498299E-03, 6.730000023E-03, 0.000000000E+00,-7.344916051E-03, 6.729546406E-03, 2.222222222E-03, 1.166390068E-08, 4.481976940E+02, 4.724293402E+02, 3.000000000E+02, 1.176655108E+00, 2.350000000E+01, 2.350000000E+01, 1.862915775E+03
      2207,-7.912896574E-03, 6.071789190E-03, 0.000000000E+00,-7.913889877E-03, 6.070495539E-03, 2.222222222E-03, 1.041834228E-08, 4.482503850E+02, 4.576495987E+02, 3.000000000E+02, 1.176655108E+00, 2.350000000E+01, 2.350000000E+01, 1.862915775E+03
      2208,-8.421337232E-03, 5.364987534E-03, 0.000000000E+00,-8.422496705E-03, 5.363168998E-03, 2.222222222E-03, 9.403650056E-09, 4.480884090E+02, 4.493469939E+02, 3.000000000E+02, 1.176655108E+00, 2.350000000E+01, 2.350000000E+01, 1.862915775E+03
      2209, 6.728594657E-03, 6.165838335E-03, 0.000000000E+00, 6.729106961E-03, 6.165471080E-03, 2.222222222E-03, 9.688553561E-08, 4.446876475E+02, 7.806324201E+02, 3.000000000E+02, 1.176655108E+00, 2.350000000E+01, 2.350000000E+01, 1.862915775E+03
      2210, 7.321532350E-03, 5.618479569E-03, 0.000000000E+00, 7.322582131E-03, 5.617229112E-03, 2.222222222E-03, 8.740336338E-08, 4.451299493E+02, 7.803591575E+02, 3.000000000E+02, 1.176655108E+00, 2.350000000E+01, 2.350000000E+01, 1.862915775E+03
      2211, 7.854512893E-03, 5.004396662E-03, 0.000000000E+00, 7.855699044E-03, 5.002594932E-03, 2.222222222E-03, 7.952430639E-08, 4.455262709E+02, 7.797940514E+02, 3.000000000E+02, 1.176655108E+00, 2.350000000E+01, 2.350000000E+01, 1.862915775E+03
      2212, 8.326405659E-03, 4.334905650E-03, 0.000000000E+00, 8.327447269E-03, 4.332948797E-03, 2.222222222E-03, 7.255706589E-08, 4.459020313E+02, 7.788305600E+02, 3.000000000E+02, 1.176655108E+00, 2.350000000E+01, 2.350000000E+01, 1.862915775E+03
      2213, 8.735330775E-03, 3.618635936E-03, 0.000000000E+00, 8.736106206E-03, 3.616820378E-03, 2.222222222E-03, 6.606866347E-08, 4.462686221E+02, 7.772321726E+02, 3.000000000E+02, 1.176655108E+00, 2.350000000E+01, 2.350000000E+01, 1.862915775E+03
      2214, 9.078320116E-03, 2.862618770E-03, 0.000000000E+00, 9.078821561E-03, 2.861115650E-03, 2.222222222E-03, 5.986965780E-08, 4.466253935E+02, 7.746139164E+02, 3.000000000E+02, 1.176655108E+00, 2.350000000E+01, 2.350000000E+01, 1.862915775E+03
      2215, 9.351886809E-03, 2.073407406E-03, 0.000000000E+00, 9.352159390E-03, 2.072301275E-03, 2.222222222E-03, 5.391834610E-08, 4.469552778E+02, 7.701855795E+02, 3.000000000E+02, 1.176655108E+00, 2.350000000E+01, 2.350000000E+01, 1.862915775E+03
      2216, 9.552661330E-03, 1.257705153E-03, 0.000000000E+00, 9.552776077E-03, 1.257032378E-03, 2.222222222E-03, 4.823734431E-08, 4.472494486E+02, 7.624737768E+02, 3.000000000E+02, 1.176655108E+00, 2.350000000E+01, 2.350000000E+01, 1.862915775E+03
      2217, 9.677838534E-03, 4.225642479E-04, 0.000000000E+00, 9.677870481E-03, 4.223387209E-04, 2.222222222E-03, 4.286554218E-08, 4.475016754E+02, 7.496728918E+02, 3.000000000E+02, 1.176655108E+00, 2.350000000E+01, 2.350000000E+01, 1.862915775E+03
      2218, 9.725387208E-03,-4.246369936E-04, 0.000000000E+00, 9.725413492E-03,-4.244112511E-04, 2.222222222E-03, 3.783698257E-08, 4.477060493E+02, 7.310150528E+02, 3.000000000E+02, 1.176655108E+00, 2.350000000E+01, 2.350000000E+01, 1.862915775E+03
      2219, 9.694132954E-03,-1.276300754E-03, 0.000000000E+00, 9.694233011E-03,-1.275626067E-03, 2.222222222E-03, 3.317467590E-08, 4.478604538E+02, 7.062696992E+02, 3.000000000E+02, 1.176655108E+00, 2.350000000E+01, 2.350000000E+01, 1.862915775E+03
      2220, 9.583767503E-03,-2.124731196E-03, 0.000000000E+00, 9.584020259E-03,-2.123620395E-03, 2.222222222E-03, 2.889153014E-08, 4.479680034E+02, 6.753466128E+02, 3.000000000E+02, 1.176655108E+00, 2.350000000E+01, 2.350000000E+01, 1.862915775E+03
      2221, 9.394819848E-03,-2.962244907E-03, 0.000000000E+00, 9.395297302E-03,-2.960734586E-03, 2.222222222E-03, 2.499443653E-08, 4.480322291E+02, 6.392447265E+02, 3.000000000E+02, 1.176655108E+00, 2.350000000E+01, 2.350000000E+01, 1.862915775E+03
      2222, 9.128613397E-03,-3.781266045E-03, 0.000000000E+00, 9.129367712E-03,-3.779441575E-03, 2.222222222E-03, 2.148966479E-08, 4.480645621E+02, 6.000262647E+02, 3.000000000E+02, 1.176655108E+00, 2.350000000E+01, 2.350000000E+01, 1.862915775E+03
      2223, 8.787244558E-03,-4.574412946E-03, 0.000000000E+00, 8.788265129E-03,-4.572445764E-03, 2.222222222E-03, 1.838811820E-08, 4.480881588E+02, 5.606966493E+02, 3.000000000E+02, 1.176655108E+00, 2.350000000E+01, 2.350000000E+01, 1.862915775E+03
      2224, 8.373562247E-03,-5.334595218E-03, 0.000000000E+00, 8.374720128E-03,-5.332775445E-03, 2.222222222E-03, 1.570755233E-08, 4.481144416E+02, 5.247297418E+02, 3.000000000E+02, 1.176655108E+00, 2.350000000E+01, 2.350000000E+01, 1.862915775E+03
      2225, 7.891189307E-03,-6.055149715E-03, 0.000000000E+00, 7.892182044E-03,-6.053855419E-03, 2.222222222E-03, 1.346625437E-08, 4.481511966E+02, 4.948828940E+02, 3.000000000E+02, 1.176655108E+00, 2.350000000E+01, 2.350000000E+01, 1.862915775E+03
      2226, 7.344498299E-03,-6.730000023E-03, 0.000000000E+00, 7.344916051E-03,-6.729546406E-03, 2.222222222E-03, 1.166390068E-08, 4.481976940E+02, 4.724293402E+02, 3.000000000E+02, 1.176655108E+00, 2.350000000E+01, 2.350000000E+01, 1.862915775E+03
      2227, 6.738506258E-03,-7.353784982E-03, 0.000000000E+00, 6.738052451E-03,-7.354202221E-03, 2.222222222E-03, 1.025822371E-08, 4.482275846E+02, 4.573652167E+02, 3.000000000E+02, 1.176655108E+00, 2.350000000E+01, 2.350000000E+01, 1.862915775E+03
      2228, 6.078623701E-03,-7.921813056E-03, 0.000000000E+00, 6.077330499E-03,-7.922806410E-03, 2.222222222E-03, 9.161511945E-09, 4.480390045E+02, 4.492322209E+02, 3.000000000E+02, 1.176655108E+00, 2.350000000E+01, 2.350000000E+01, 1.862915775E+03
      2229, 6.165838335E-03, 6.728594657E-03, 0.000000000E+00, 6.165471080E-03, 6.729106961E-03, 2.222222222E-03, 9.688553561E-08, 4.446876475E+02, 7.806324201E+02, 3.000000000E+02, 1.176655108E+00, 2.350000000E+01, 2.350000000E+01, 1.862915775E+03
      2230, 5.618479569E-03, 7.321532350E-03, 0.000000000E+00, 5.617229112E-03, 7.322582131E-03, 2.222222222E-03, 8.740336338E-08, 4.451299493E+02, 7.803591575E+02, 3.000000000E+02, 1.176655108E+00, 2.350000000E+01, 2.350000000E+01, 1.862915775E+03
      2231, 5.004396662E-03, 7.854512893E-03, 0.000000000E+00, 5.002594932E-03, 7.855699044E-03, 2.222222222E-03, 7.952430639E-08, 4.455262709E+02, 7.797940514E+02, 3.000000000E+02, 1.176655108E+00, 2.350000000E+01, 2.350000000E+01, 1.862915775E+03
      2232, 4.334905185E-03, 8.326406591E-03, 0.000000000E+00, 4.332948797E-03, 8.327447269E-03, 2.222222222E-03, 7.255706589E-08, 4.459020313E+02, 7.788305600E+02, 3.000000000E+02, 1.176655108E+00, 2.350000000E+01, 2.350000000E+01, 1.862915775E+03
      2233, 3.618635936E-03, 8.735330775E-03, 0.000000000E+00, 3.616820378E-03, 8.736106206E-03, 2.222222222E-03, 6.606866347E-08, 4.462686221E+02, 7.772321726E+02, 3.000000000E+02, 1.176655108E+00, 2.350000000E+01, 2.350000000E+01, 1.862915775E+03
      2234, 2.862618538E-03, 9.078320116E-03, 0.000000000E+00, 2.861115650E-03, 9.078821561E-03, 2.222222222E-03, 5.986965780E-08, 4.466253935E+02, 7.746139164E+02, 3.000000000E+02, 1.176655108E+00, 2.350000000E+01, 2.350000000E+01, 1.862915775E+03
      2235, 2.073407406E-03, 9.351885878E-03, 0.000000000E+00, 2.072301275E-03, 9.352159390E-03, 2.222222222E-03, 5.391834610E-08, 4.469552778E+02, 7.701855795E+02, 3.000000000E+02, 1.176655108E+00, 2.350000000E+01, 2.350000000E+01, 1.862915775E+03
      2236, 1.257705153E-03, 9.552661330E-03, 0.000000000E+00, 1.257032378E-03, 9.552776077E-03, 2.222222222E-03, 4.823734431E-08, 4.472494486E+02, 7.624737768E+02, 3.000000000E+02, 1.176655108E+00, 2.350000000E+01, 2.350000000E+01, 1.862915775E+03
      2237, 4.225642479E-04, 9.677839465E-03, 0.000000000E+00, 4.223387209E-04, 9.677870481E-03, 2.222222222E-03, 4.286554218E-08, 4.475016754E+02, 7.496728918E+02, 3.000000000E+02, 1.176655108E+00, 2.350000000E+01, 2.350000000E+01, 1.862915775E+03
      2238,-4.246369936E-04, 9.725387208E-03, 0.000000000E+00,-4.244112511E-04, 9.725413492E-03, 2.222222222E-03, 3.783698257E-08, 4.477060493E+02, 7.310150528E+02, 3.000000000E+02, 1.176655108E+00, 2.350000000E+01, 2.350000000E+01, 1.862915775E+03
      2239,-1.276300754E-03, 9.694132954E-03, 0.000000000E+00,-1.275626067E-03, 9.694233011E-03, 2.222222222E-03, 3.317467590E-08, 4.478604538E+02, 7.062696992E+02, 3.000000000E+02, 1.176655108E+00, 2.350000000E+01, 2.350000000E+01, 1.862915775E+03
      2240,-2.124731196E-03, 9.583768435E-03, 0.000000000E+00,-2.123620395E-03, 9.584020259E-03, 2.222222222E-03, 2.889153014E-08, 4.479680034E+02, 6.753466128E+02, 3.000000000E+02, 1.176655108E+00, 2.350000000E+01, 2.350000000E+01, 1.862915775E+03
      2241,-2.962244907E-03, 9.394819848E-03, 0.000000000E+00,-2.960734586E-03, 9.395297302E-03, 2.222222222E-03, 2.499443653E-08, 4.480322291E+02, 6.392447265E+02, 3.000000000E+02, 1.176655108E+00, 2.350000000E+01, 2.350000000E+01, 1.862915775E+03
      2242,-3.781266045E-03, 9.128613397E-03, 0.000000000E+00,-3.779441575E-03, 9.129367712E-03, 2.222222222E-03, 2.148966479E-08, 4.480645621E+02, 6.000262647E+02, 3.000000000E+02, 1.176655108E+00, 2.350000000E+01, 2.350000000E+01, 1.862915775E+03
      2243,-4.574412946E-03, 8.787244558E-03, 0.000000000E+00,-4.572445764E-03, 8.788265129E-03, 2.222222222E-03, 1.838811820E-08, 4.480881588E+02, 5.606966493E+02, 3.000000000E+02, 1.176655108E+00, 2.350000000E+01, 2.350000000E+01, 1.862915775E+03
      2244,-5.334595218E-03, 8.373563178E-03, 0.000000000E+00,-5.332775445E-03, 8.374720128E-03, 2.222222222E-03, 1.570755233E-08, 4.481144416E+02, 5.247297418E+02, 3.000000000E+02, 1.176655108E+00, 2.350000000E+01, 2.350000000E+01, 1.862915775E+03
      2245,-6.055149715E-03, 7.891189307E-03, 0.000000000E+00,-6.053855419E-03, 7.892182044E-03, 2.222222222E-03, 1.346625437E-08, 4.481511966E+02, 4.948828940E+02, 3.000000000E+02, 1.176655108E+00, 2.350000000E+01, 2.350000000E+01, 1.862915775E+03
      2246,-6.730000023E-03, 7.344498765E-03, 0.000000000E+00,-6.729546406E-03, 7.344916051E-03, 2.222222222E-03, 1.166390068E-08, 4.481976940E+02, 4.724293402E+02, 3.000000000E+02, 1.176655108E+00, 2.350000000E+01, 2.350000000E+01, 1.862915775E+03
      2247,-7.353784982E-03, 6.738506258E-03, 0.000000000E+00,-7.354202221E-03, 6.738052451E-03, 2.222222222E-03, 1.025822371E-08, 4.482275846E+02, 4.573652167E+02, 3.000000000E+02, 1.176655108E+00, 2.350000000E+01, 2.350000000E+01, 1.862915775E+03
      2248,-7.921813056E-03, 6.078624167E-03, 0.000000000E+00,-7.922806410E-03, 6.077330499E-03, 2.222222222E-03, 9.161511945E-09, 4.480390045E+02, 4.492322209E+02, 3.000000000E+02, 1.176655108E+00, 2.350000000E+01, 2.350000000E+01, 1.862915775E+03
      2249, 6.812790874E-03, 6.242961157E-03, 0.000000000E+00, 6.813279854E-03, 6.242572658E-03, 2.222222222E-03, 8.616644993E-08, 4.451575047E+02, 7.802461935E+02, 3.000000000E+02, 1.176655108E+00, 2.350000000E+01, 2.350000000E+01, 1.862915775E+03
      2250, 7.402373478E-03, 5.680448376E-03, 0.000000000E+00, 7.403407481E-03, 5.679185712E-03, 2.222222222E-03, 7.762011376E-08, 4.455591002E+02, 7.795013240E+02, 3.000000000E+02, 1.176655108E+00, 2.350000000E+01, 2.350000000E+01, 1.862915775E+03
      2251, 7.931999862E-03, 5.053690635E-03, 0.000000000E+00, 7.933175204E-03, 5.051882175E-03, 2.222222222E-03, 7.054075783E-08, 4.459169759E+02, 7.783324513E+02, 3.000000000E+02, 1.176655108E+00, 2.350000000E+01, 2.350000000E+01, 1.862915775E+03
      2252, 8.400170133E-03, 4.373242147E-03, 0.000000000E+00, 8.401202970E-03, 4.371281224E-03, 2.222222222E-03, 6.429652885E-08, 4.462557747E+02, 7.765338365E+02, 3.000000000E+02, 1.176655108E+00, 2.350000000E+01, 2.350000000E+01, 1.862915775E+03
      2253, 8.804780431E-03, 3.647354664E-03, 0.000000000E+00, 8.805548660E-03, 3.645536169E-03, 2.222222222E-03, 5.849420437E-08, 4.465883272E+02, 7.737047074E+02, 3.000000000E+02, 1.176655108E+00, 2.350000000E+01, 2.350000000E+01, 1.862915775E+03
      2254, 9.142845869E-03, 2.882929752E-03, 0.000000000E+00, 9.143339321E-03, 2.881424286E-03, 2.222222222E-03, 5.296164530E-08, 4.469121282E+02, 7.692249242E+02, 3.000000000E+02, 1.176655108E+00, 2.350000000E+01, 2.350000000E+01, 1.862915775E+03
      2255, 9.410995990E-03, 2.086490626E-03, 0.000000000E+00, 9.411262307E-03, 2.085382869E-03, 2.222222222E-03, 4.765980174E-08, 4.472117249E+02, 7.615310960E+02, 3.000000000E+02, 1.176655108E+00, 2.350000000E+01, 2.350000000E+01, 1.862915775E+03
      2256, 9.606049396E-03, 1.264722552E-03, 0.000000000E+00, 9.606157009E-03, 1.264048990E-03, 2.222222222E-03, 4.260723377E-08, 4.474789382E+02, 7.490458561E+02, 3.000000000E+02, 1.176655108E+00, 2.350000000E+01, 2.350000000E+01, 1.862915775E+03
      2257, 9.725387208E-03, 4.246369936E-04, 0.000000000E+00, 9.725413492E-03, 4.244112511E-04, 2.222222222E-03, 3.783698257E-08, 4.477060493E+02, 7.310150528E+02, 3.000000000E+02, 1.176655108E+00, 2.350000000E+01, 2.350000000E+01, 1.862915775E+03
      2258, 9.767151438E-03,-4.264576419E-04, 0.000000000E+00, 9.767174631E-03,-4.262317337E-04, 2.222222222E-03, 3.337776267E-08, 4.478861620E+02, 7.071960432E+02, 3.000000000E+02, 1.176655108E+00, 2.350000000E+01, 2.350000000E+01, 1.862915775E+03
      2259, 9.730313905E-03,-1.281056437E-03, 0.000000000E+00, 9.730410886E-03,-1.280381438E-03, 2.222222222E-03, 2.924853725E-08, 4.480171398E+02, 6.775022394E+02, 3.000000000E+02, 1.176655108E+00, 2.350000000E+01, 2.350000000E+01, 1.862915775E+03
      2260, 9.614675306E-03,-2.131571993E-03, 0.000000000E+00, 9.614925835E-03,-2.130460907E-03, 2.222222222E-03, 2.545941097E-08, 4.481036519E+02, 6.425542418E+02, 3.000000000E+02, 1.176655108E+00, 2.350000000E+01, 2.350000000E+01, 1.862915775E+03
      2261, 9.420850314E-03,-2.970438916E-03, 0.000000000E+00, 9.421327524E-03,-2.968928273E-03, 2.222222222E-03, 2.201528769E-08, 4.481491959E+02, 6.040849097E+02, 3.000000000E+02, 1.176655108E+00, 2.350000000E+01, 2.350000000E+01, 1.862915775E+03
      2262, 9.150230326E-03,-3.790204879E-03, 0.000000000E+00, 9.150984639E-03,-3.788380590E-03, 2.222222222E-03, 1.892065109E-08, 4.481660544E+02, 5.647938635E+02, 3.000000000E+02, 1.176655108E+00, 2.350000000E+01, 2.350000000E+01, 1.862915775E+03
      2263, 8.804959245E-03,-4.583619069E-03, 0.000000000E+00, 8.805979875E-03,-4.581652498E-03, 2.222222222E-03, 1.618419372E-08, 4.481773113E+02, 5.280295943E+02, 3.000000000E+02, 1.176655108E+00, 2.350000000E+01, 2.350000000E+01, 1.862915775E+03
      2264, 8.387919515E-03,-5.343729164E-03, 0.000000000E+00, 8.389077639E-03,-5.341909121E-03, 2.222222222E-03, 1.382075317E-08, 4.481952505E+02, 4.968196410E+02, 3.000000000E+02, 1.176655108E+00, 2.350000000E+01, 2.350000000E+01, 1.862915775E+03
      2265, 7.902745157E-03,-6.064007990E-03, 0.000000000E+00, 7.903738736E-03,-6.062714190E-03, 2.222222222E-03, 1.184572730E-08, 4.482212044E+02, 4.730891231E+02, 3.000000000E+02, 1.176655108E+00, 2.350000000E+01, 2.350000000E+01, 1.862915775E+03
      2266, 7.353784982E-03,-6.738506258E-03, 0.000000000E+00, 7.354202221E-03,-6.738052451E-03, 2.222222222E-03, 1.025822371E-08, 4.482275846E+02, 4.573652167E+02, 3.000000000E+02, 1.176655108E+00, 2.350000000E+01, 2.350000000E+01, 1.862915775E+03
      2267, 6.745978259E-03,-7.361941971E-03, 0.000000000E+00, 6.745523969E-03,-7.362358984E-03, 2.222222222E-03, 9.020554101E-09, 4.480129113E+02, 4.491689141E+02, 3.000000000E+02, 1.176655108E+00, 2.350000000E+01, 2.350000000E+01, 1.862915775E+03
      2268, 6.242961157E-03, 6.812790874E-03, 0.000000000E+00, 6.242572658E-03, 6.813279854E-03, 2.222222222E-03, 8.616644993E-08, 4.451575047E+02, 7.802461935E+02, 3.000000000E+02, 1.176655108E+00, 2.350000000E+01, 2.350000000E+01, 1.862915775E+03
      2269, 5.680448376E-03, 7.402373943E-03, 0.000000000E+00, 5.679185712E-03, 7.403407481E-03, 2.222222222E-03, 7.762011376E-08, 4.455591002E+02, 7.795013240E+02, 3.000000000E+02, 1.176655108E+00, 2.350000000E+01, 2.350000000E+01, 1.862915775E+03
      2270, 5.053690635E-03, 7.931999862E-03, 0.000000000E+00, 5.051882175E-03, 7.933175204E-03, 2.222222222E-03, 7.054075783E-08, 4.459169759E+02, 7.783324513E+02, 3.000000000E+02, 1.176655108E+00, 2.350000000E+01, 2.350000000E+01, 1.862915775E+03
      2271, 4.373242147E-03, 8.400170133E-03, 0.000000000E+00, 4.371281224E-03, 8.401202970E-03, 2.222222222E-03, 6.429652885E-08, 4.462557747E+02, 7.765338365E+02, 3.000000000E+02, 1.176655108E+00, 2.350000000E+01, 2.350000000E+01, 1.862915775E+03
      2272, 3.647354897E-03, 8.804780431E-03, 0.000000000E+00, 3.645536169E-03, 8.805548660E-03, 2.222222222E-03, 5.849420437E-08, 4.465883272E+02, 7.737047074E+02, 3.000000000E+02, 1.176655108E+00, 2.350000000E+01, 2.350000000E+01, 1.862915775E+03
      2273, 2.882929519E-03, 9.142845869E-03, 0.000000000E+00, 2.881424286E-03, 9.143339321E-03, 2.222222222E-03, 5.296164530E-08, 4.469121282E+02, 7.692249242E+02, 3.000000000E+02, 1.176655108E+00, 2.350000000E+01, 2.350000000E+01, 1.862915775E+03
      2274, 2.086490393E-03, 9.410995990E-03, 0.000000000E+00, 2.085382869E-03, 9.411262307E-03, 2.222222222E-03, 4.765980174E-08, 4.472117249E+02, 7.615310960E+02, 3.000000000E+02, 1.176655108E+00, 2.350000000E+01, 2.350000000E+01, 1.862915775E+03
      2275, 1.264722552E-03, 9.606048465E-03, 0.000000000E+00, 1.264048990E-03, 9.606157009E-03, 2.222222222E-03, 4.260723377E-08, 4.474789382E+02, 7.490458561E+02, 3.000000000E+02, 1.176655108E+00, 2.350000000E+01, 2.350000000E+01, 1.862915775E+03
      2276, 4.246369936E-04, 9.725387208E-03, 0.000000000E+00, 4.244112511E-04, 9.725413492E-03, 2.222222222E-03, 3.783698257E-08, 4.477060493E+02, 7.310150528E+02, 3.000000000E+02, 1.176655108E+00, 2.350000000E+01, 2.350000000E+01, 1.862915775E+03
      2277,-4.264576419E-04, 9.767152369E-03, 0.000000000E+00,-4.262317337E-04, 9.767174631E-03, 2.222222222E-03, 3.337776267E-08, 4.478861620E+02, 7.071960432E+02, 3.000000000E+02, 1.176655108E+00, 2.350000000E+01, 2.350000000E+01, 1.862915775E+03
      2278,-1.281056437E-03, 9.730312973E-03, 0.000000000E+00,-1.280381438E-03, 9.730410886E-03, 2.222222222E-03, 2.924853725E-08, 4.480171398E+02, 6.775022394E+02, 3.000000000E+02, 1.176655108E+00, 2.350000000E+01, 2.350000000E+01, 1.862915775E+03
      2279,-2.131571993E-03, 9.614675306E-03, 0.000000000E+00,-2.130460907E-03, 9.614925835E-03, 2.222222222E-03, 2.545941097E-08, 4.481036519E+02, 6.425542418E+02, 3.000000000E+02, 1.176655108E+00, 2.350000000E+01, 2.350000000E+01, 1.862915775E+03
      2280,-2.970438916E-03, 9.420850314E-03, 0.000000000E+00,-2.968928273E-03, 9.421327524E-03, 2.222222222E-03, 2.201528769E-08, 4.481491959E+02, 6.040849097E+02, 3.000000000E+02, 1.176655108E+00, 2.350000000E+01, 2.350000000E+01, 1.862915775E+03
      2281,-3.790204879E-03, 9.150230326E-03, 0.000000000E+00,-3.788380590E-03, 9.150984639E-03, 2.222222222E-03, 1.892065109E-08, 4.481660544E+02, 5.647938635E+02, 3.000000000E+02, 1.176655108E+00, 2.350000000E+01, 2.350000000E+01, 1.862915775E+03
      2282,-4.583619069E-03, 8.804958314E-03, 0.000000000E+00,-4.581652498E-03, 8.805979875E-03, 2.222222222E-03, 1.618419372E-08, 4.481773113E+02, 5.280295943E+02, 3.000000000E+02, 1.176655108E+00, 2.350000000E+01, 2.350000000E+01, 1.862915775E+03
      2283,-5.343729164E-03, 8.387919515E-03, 0.000000000E+00,-5.341909121E-03, 8.389077639E-03, 2.222222222E-03, 1.382075317E-08, 4.481952505E+02, 4.968196410E+02, 3.000000000E+02, 1.176655108E+00, 2.350000000E+01, 2.350000000E+01, 1.862915775E+03
      2284,-6.064007990E-03, 7.902746089E-03, 0.000000000E+00,-6.062714190E-03, 7.903738736E-03, 2.222222222E-03, 1.184572730E-08, 4.482212044E+02, 4.730891231E+02, 3.000000000E+02, 1.176655108E+00, 2.350000000E+01, 2.350000000E+01, 1.862915775E+03
      2285,-6.738506258E-03, 7.353784982E-03, 0.000000000E+00,-6.738052451E-03, 7.354202221E-03, 2.222222222E-03, 1.025822371E-08, 4.482275846E+02, 4.573652167E+02, 3.000000000E+02, 1.176655108E+00, 2.350000000E+01, 2.350000000E+01, 1.862915775E+03
      2286,-7.361941505E-03, 6.745977793E-03, 0.000000000E+00,-7.362358984E-03, 6.745523969E-03, 2.222222222E-03, 9.020554101E-09, 4.480129113E+02, 4.491689141E+02, 3.000000000E+02, 1.176655108E+00, 2.350000000E+01, 2.350000000E+01, 1.862915775E+03
      2287, 6.886746734E-03, 6.310703699E-03, 0.000000000E+00, 6.887218010E-03, 6.310299312E-03, 2.222222222E-03, 7.650784568E-08, 4.455799356E+02, 7.793167419E+02, 3.000000000E+02, 1.176655108E+00, 2.350000000E+01, 2.350000000E+01, 1.862915775E+03
      2288, 7.473382633E-03, 5.734880455E-03, 0.000000000E+00, 7.474404702E-03, 5.733608569E-03, 2.222222222E-03, 6.883319964E-08, 4.459380292E+02, 7.778741584E+02, 3.000000000E+02, 1.176655108E+00, 2.350000000E+01, 2.350000000E+01, 1.862915775E+03
      2289, 8.000061847E-03, 5.096989218E-03, 0.000000000E+00, 8.001230180E-03, 5.095176037E-03, 2.222222222E-03, 6.249251275E-08, 4.462572416E+02, 7.757724134E+02, 3.000000000E+02, 1.176655108E+00, 2.350000000E+01, 2.350000000E+01, 1.862915775E+03
      2290, 8.464962244E-03, 4.406915978E-03, 0.000000000E+00, 8.465989690E-03, 4.404952277E-03, 2.222222222E-03, 5.691177494E-08, 4.465626582E+02, 7.726498901E+02, 3.000000000E+02, 1.176655108E+00, 2.350000000E+01, 2.350000000E+01, 1.862915775E+03
      2291, 8.865783922E-03, 3.672580700E-03, 0.000000000E+00, 8.866546487E-03, 3.670759943E-03, 2.222222222E-03, 5.173563276E-08, 4.468643211E+02, 7.678681357E+02, 3.000000000E+02, 1.176655108E+00, 2.350000000E+01, 2.350000000E+01, 1.862915775E+03
      2292, 9.199523367E-03, 2.900770167E-03, 0.000000000E+00, 9.200011199E-03, 2.899263227E-03, 2.222222222E-03, 4.680845596E-08, 4.471602281E+02, 7.600122673E+02, 3.000000000E+02, 1.176655108E+00, 2.350000000E+01, 2.350000000E+01, 1.862915775E+03
      2293, 9.462916292E-03, 2.097982215E-03, 0.000000000E+00, 9.463177721E-03, 2.096873611E-03, 2.222222222E-03, 4.209407758E-08, 4.474372719E+02, 7.477057803E+02, 3.000000000E+02, 1.176655108E+00, 2.350000000E+01, 2.350000000E+01, 1.862915775E+03
      2294, 9.652942419E-03, 1.270886511E-03, 0.000000000E+00, 9.653046192E-03, 1.270212300E-03, 2.222222222E-03, 3.760779332E-08, 4.476817313E+02, 7.302243336E+02, 3.000000000E+02, 1.176655108E+00, 2.350000000E+01, 2.350000000E+01, 1.862915775E+03
      2295, 9.767152369E-03, 4.264576419E-04, 0.000000000E+00, 9.767174631E-03, 4.262317337E-04, 2.222222222E-03, 3.337776267E-08, 4.478861620E+02, 7.071960432E+02, 3.000000000E+02, 1.176655108E+00, 2.350000000E+01, 2.350000000E+01, 1.862915775E+03
      2296, 9.803837165E-03,-4.280568683E-04, 0.000000000E+00, 9.803856985E-03,-4.278308181E-04, 2.222222222E-03, 2.942829127E-08, 4.480440059E+02, 6.785212487E+02, 3.000000000E+02, 1.176655108E+00, 2.350000000E+01, 2.350000000E+01, 1.862915775E+03
      2297, 9.762093425E-03,-1.285233768E-03, 0.000000000E+00, 9.762188932E-03,-1.284558476E-03, 2.222222222E-03, 2.577507253E-08, 4.481544909E+02, 6.447680149E+02, 3.000000000E+02, 1.176655108E+00, 2.350000000E+01, 2.350000000E+01, 1.862915775E+03
      2298, 9.641823359E-03,-2.137580886E-03, 0.000000000E+00, 9.642072739E-03,-2.136469489E-03, 2.222222222E-03, 2.242603056E-08, 4.482227174E+02, 6.072445400E+02, 3.000000000E+02, 1.176655108E+00, 2.350000000E+01, 2.350000000E+01, 1.862915775E+03
      2299, 9.443714283E-03,-2.977635944E-03, 0.000000000E+00, 9.444191973E-03,-2.976125450E-03, 2.222222222E-03, 1.938458609E-08, 4.482528102E+02, 5.683745587E+02, 3.000000000E+02, 1.176655108E+00, 2.350000000E+01, 2.350000000E+01, 1.862915775E+03
      2300, 9.169217199E-03,-3.798056394E-03, 0.000000000E+00, 9.169972512E-03,-3.796232441E-03, 2.222222222E-03, 1.665388783E-08, 4.482578333E+02, 5.313109447E+02, 3.000000000E+02, 1.176655108E+00, 2.350000000E+01, 2.350000000E+01, 1.862915775E+03
      2301, 8.820517920E-03,-4.591705743E-03, 0.000000000E+00, 8.821540134E-03,-4.589739500E-03, 2.222222222E-03, 1.424088857E-08, 4.482601634E+02, 4.991564517E+02, 3.000000000E+02, 1.176655108E+00, 2.350000000E+01, 2.350000000E+01, 1.862915775E+03
      2302, 8.400530554E-03,-5.351751577E-03, 0.000000000E+00, 8.401688965E-03,-5.349931943E-03, 2.222222222E-03, 1.215803607E-08, 4.482664208E+02, 4.742368736E+02, 3.000000000E+02, 1.176655108E+00, 2.350000000E+01, 2.350000000E+01, 1.862915775E+03
      2303, 7.912896574E-03,-6.071789190E-03, 0.000000000E+00, 7.913889877E-03,-6.070495539E-03, 2.222222222E-03, 1.041834228E-08, 4.482503850E+02, 4.576495987E+02, 3.000000000E+02, 1.176655108E+00, 2.350000000E+01, 2.350000000E+01, 1.862915775E+03
      2304, 7.361941505E-03,-6.745977793E-03, 0.000000000E+00, 7.362358984E-03,-6.745523969E-03, 2.222222222E-03, 9.020554101E-09, 4.480129113E+02, 4.491689141E+02, 3.000000000E+02, 1.176655108E+00, 2.350000000E+01, 2.350000000E+01, 1.862915775E+03
      2305, 6.310703699E-03, 6.886746269E-03, 0.000000000E+00, 6.310299312E-03, 6.887218010E-03, 2.222222222E-03, 7.650784568E-08, 4.455799356E+02, 7.793167419E+02, 3.000000000E+02, 1.176655108E+00, 2.350000000E+01, 2.350000000E+01, 1.862915775E+03
      2306, 5.734879989E-03, 7.473382633E-03, 0.000000000E+00, 5.733608569E-03, 7.474404702E-03, 2.222222222E-03, 6.883319964E-08, 4.459380292E+02, 7.778741584E+02, 3.000000000E+02, 1.176655108E+00, 2.350000000E+01, 2.350000000E+01, 1.862915775E+03
      2307, 5.096989218E-03, 8.000061847E-03, 0.000000000E+00, 5.095176037E-03, 8.001230180E-03, 2.222222222E-03, 6.249251275E-08, 4.462572416E+02, 7.757724134E+02, 3.000000000E+02, 1.176655108E+00, 2.350000000E+01, 2.350000000E+01, 1.862915775E+03
      2308, 4.406915978E-03, 8.464962244E-03, 0.000000000E+00, 4.404952277E-03, 8.465989690E-03, 2.222222222E-03, 5.691177494E-08, 4.465626582E+02, 7.726498901E+02, 3.000000000E+02, 1.176655108E+00, 2.350000000E+01, 2.350000000E+01, 1.862915775E+03
      2309, 3.672580933E-03, 8.865783922E-03, 0.000000000E+00, 3.670759943E-03, 8.866546487E-03, 2.222222222E-03, 5.173563276E-08, 4.468643211E+02, 7.678681357E+02, 3.000000000E+02, 1.176655108E+00, 2.350000000E+01, 2.350000000E+01, 1.862915775E+03
      2310, 2.900770167E-03, 9.199522436E-03, 0.000000000E+00, 2.899263227E-03, 9.200011199E-03, 2.222222222E-03, 4.680845596E-08, 4.471602281E+02, 7.600122673E+02, 3.000000000E+02, 1.176655108E+00, 2.350000000E+01, 2.350000000E+01, 1.862915775E+03
      2311, 2.097982448E-03, 9.462916292E-03, 0.000000000E+00, 2.096873611E-03, 9.463177721E-03, 2.222222222E-03, 4.209407758E-08, 4.474372719E+02, 7.477057803E+02, 3.000000000E+02, 1.176655108E+00, 2.350000000E+01, 2.350000000E+01, 1.862915775E+03
      2312, 1.270886511E-03, 9.652942419E-03, 0.000000000E+00, 1.270212300E-03, 9.653046192E-03, 2.222222222E-03, 3.760779332E-08, 4.476817313E+02, 7.302243336E+02, 3.000000000E+02, 1.176655108E+00, 2.350000000E+01, 2.350000000E+01, 1.862915775E+03
      2313, 4.264576419E-04, 9.767151438E-03, 0.000000000E+00, 4.262317337E-04, 9.767174631E-03, 2.222222222E-03, 3.337776267E-08, 4.478861620E+02, 7.071960432E+02, 3.000000000E+02, 1.176655108E+00, 2.350000000E+01, 2.350000000E+01, 1.862915775E+03
      2314,-4.280568683E-04, 9.803837165E-03, 0.000000000E+00,-4.278308181E-04, 9.803856985E-03, 2.222222222E-03, 2.942829127E-08, 4.480440059E+02, 6.785212487E+02, 3.000000000E+02, 1.176655108E+00, 2.350000000E+01, 2.350000000E+01, 1.862915775E+03
      2315,-1.285233768E-03, 9.762093425E-03, 0.000000000E+00,-1.284558476E-03, 9.762188932E-03, 2.222222222E-03, 2.577507253E-08, 4.481544909E+02, 6.447680149E+02, 3.000000000E+02, 1.176655108E+00, 2.350000000E+01, 2.350000000E+01, 1.862915775E+03
      2316,-2.137580886E-03, 9.641823359E-03, 0.000000000E+00,-2.136469489E-03, 9.642072739E-03, 2.222222222E-03, 2.242603056E-08, 4.482227174E+02, 6.072445400E+02, 3.000000000E+02, 1.176655108E+00, 2.350000000E+01, 2.350000000E+01, 1.862915775E+03
      2317,-2.977635944E-03, 9.443715215E-03, 0.000000000E+00,-2.976125450E-03, 9.444191973E-03, 2.222222222E-03, 1.938458609E-08, 4.482528102E+02, 5.683745587E+02, 3.000000000E+02, 1.176655108E+00, 2.350000000E+01, 2.350000000E+01, 1.862915775E+03
      2318,-3.798056627E-03, 9.169218130E-03, 0.000000000E+00,-3.796232441E-03, 9.169972512E-03, 2.222222222E-03, 1.665388783E-08, 4.482578333E+02, 5.313109447E+02, 3.000000000E+02, 1.176655108E+00, 2.350000000E+01, 2.350000000E+01, 1.862915775E+03
      2319,-4.591705743E-03, 8.820517920E-03, 0.000000000E+00,-4.589739500E-03, 8.821540134E-03, 2.222222222E-03, 1.424088857E-08, 4.482601634E+02, 4.991564517E+02, 3.000000000E+02, 1.176655108E+00, 2.350000000E+01, 2.350000000E+01, 1.862915775E+03
      2320,-5.351751111E-03, 8.400530554E-03, 0.000000000E+00,-5.349931943E-03, 8.401688965E-03, 2.222222222E-03, 1.215803607E-08, 4.482664208E+02, 4.742368736E+02, 3.000000000E+02, 1.176655108E+00, 2.350000000E+01, 2.350000000E+01, 1.862915775E+03
      2321,-6.071789190E-03, 7.912896574E-03, 0.000000000E+00,-6.070495539E-03, 7.913889877E-03, 2.222222222E-03, 1.041834228E-08, 4.482503850E+02, 4.576495987E+02, 3.000000000E+02, 1.176655108E+00, 2.350000000E+01, 2.350000000E+01, 1.862915775E+03
      2322,-6.745978259E-03, 7.361941971E-03, 0.000000000E+00,-6.745523969E-03, 7.362358984E-03, 2.222222222E-03, 9.020554101E-09, 4.480129113E+02, 4.491689141E+02, 3.000000000E+02, 1.176655108E+00, 2.350000000E+01, 2.350000000E+01, 1.862915775E+03
      2323, 6.951706950E-03, 6.370206829E-03, 0.000000000E+00, 6.952165515E-03, 6.369790615E-03, 2.222222222E-03, 6.783630993E-08, 4.459520686E+02, 7.775848451E+02, 3.000000000E+02, 1.176655108E+00, 2.350000000E+01, 2.350000000E+01, 1.862915775E+03
      2324, 7.535755169E-03, 5.782691762E-03, 0.000000000E+00, 7.536768571E-03, 5.781413537E-03, 2.222222222E-03, 6.096566104E-08, 4.462674386E+02, 7.750656600E+02, 3.000000000E+02, 1.176655108E+00, 2.350000000E+01, 2.350000000E+01, 1.862915775E+03
      2325, 8.059846237E-03, 5.135021638E-03, 0.000000000E+00, 8.061009357E-03, 5.133205165E-03, 2.222222222E-03, 5.530175670E-08, 4.465520662E+02, 7.714846479E+02, 3.000000000E+02, 1.176655108E+00, 2.350000000E+01, 2.350000000E+01, 1.862915775E+03
      2326, 8.521874435E-03, 4.436494317E-03, 0.000000000E+00, 8.522897891E-03, 4.434528695E-03, 2.222222222E-03, 5.032573699E-08, 4.468273735E+02, 7.661774708E+02, 3.000000000E+02, 1.176655108E+00, 2.350000000E+01, 2.350000000E+01, 1.862915775E+03
      2327, 8.919367567E-03, 3.694738727E-03, 0.000000000E+00, 8.920126438E-03, 3.692916284E-03, 2.222222222E-03, 4.571778634E-08, 4.471032492E+02, 7.579577948E+02, 3.000000000E+02, 1.176655108E+00, 2.350000000E+01, 2.350000000E+01, 1.862915775E+03
      2328, 9.249306284E-03, 2.916441066E-03, 0.000000000E+00, 9.249791182E-03, 2.914932766E-03, 2.222222222E-03, 4.133778699E-08, 4.473792401E+02, 7.455730330E+02, 3.000000000E+02, 1.176655108E+00, 2.350000000E+01, 2.350000000E+01, 1.862915775E+03
      2329, 9.508522227E-03, 2.108076587E-03, 0.000000000E+00, 9.508779593E-03, 2.106966939E-03, 2.222222222E-03, 3.715253070E-08, 4.476371372E+02, 7.285390157E+02, 3.000000000E+02, 1.176655108E+00, 2.350000000E+01, 2.350000000E+01, 1.862915775E+03
      2330, 9.694132954E-03, 1.276300754E-03, 0.000000000E+00, 9.694233011E-03, 1.275626067E-03, 2.222222222E-03, 3.317467590E-08, 4.478604538E+02, 7.062696992E+02, 3.000000000E+02, 1.176655108E+00, 2.350000000E+01, 2.350000000E+01, 1.862915775E+03
      2331, 9.803837165E-03, 4.280568683E-04, 0.000000000E+00, 9.803856985E-03, 4.278308181E-04, 2.222222222E-03, 2.942829127E-08, 4.480440059E+02, 6.785212487E+02, 3.000000000E+02, 1.176655108E+00, 2.350000000E+01, 2.350000000E+01, 1.862915775E+03
      2332, 9.836059995E-03,-4.294615646E-04, 0.000000000E+00, 9.836078160E-03,-4.292354276E-04, 2.222222222E-03, 2.593401918E-08, 4.481823138E+02, 6.458194577E+02, 3.000000000E+02, 1.176655108E+00, 2.350000000E+01, 2.350000000E+01, 1.862915775E+03
      2333, 9.790007956E-03,-1.288902946E-03, 0.000000000E+00, 9.790102203E-03,-1.288227513E-03, 2.222222222E-03, 2.270490106E-08, 4.482749677E+02, 6.093755618E+02, 3.000000000E+02, 1.176655108E+00, 2.350000000E+01, 2.350000000E+01, 1.862915775E+03
      2334, 9.665669873E-03,-2.142858924E-03, 0.000000000E+00, 9.665918066E-03,-2.141747315E-03, 2.222222222E-03, 1.974716305E-08, 4.483280408E+02, 5.711772874E+02, 3.000000000E+02, 1.176655108E+00, 2.350000000E+01, 2.350000000E+01, 1.862915775E+03
      2335, 9.463799186E-03,-2.983957762E-03, 0.000000000E+00, 9.464275648E-03,-2.982447307E-03, 2.222222222E-03, 1.706312573E-08, 4.483463252E+02, 5.341975321E+02, 3.000000000E+02, 1.176655108E+00, 2.350000000E+01, 2.350000000E+01, 1.862915775E+03
      2336, 9.185896255E-03,-3.804953303E-03, 0.000000000E+00, 9.186651064E-03,-3.803129342E-03, 2.222222222E-03, 1.465494559E-08, 4.483427019E+02, 5.015031667E+02, 3.000000000E+02, 1.176655108E+00, 2.350000000E+01, 2.350000000E+01, 1.862915775E+03
      2337, 8.834185079E-03,-4.598808941E-03, 0.000000000E+00, 8.835207929E-03,-4.596842948E-03, 2.222222222E-03, 1.252820318E-08, 4.483326583E+02, 4.756366611E+02, 3.000000000E+02, 1.176655108E+00, 2.350000000E+01, 2.350000000E+01, 1.862915775E+03
      2338, 8.411607705E-03,-5.358797964E-03, 0.000000000E+00, 8.412766473E-03,-5.356979012E-03, 2.222222222E-03, 1.069338083E-08, 4.482955236E+02, 4.581492352E+02, 3.000000000E+02, 1.176655108E+00, 2.350000000E+01, 2.350000000E+01, 1.862915775E+03
      2339, 7.921813056E-03,-6.078624167E-03, 0.000000000E+00, 7.922806410E-03,-6.077330499E-03, 2.222222222E-03, 9.161511945E-09, 4.480390045E+02, 4.492322209E+02, 3.000000000E+02, 1.176655108E+00, 2.350000000E+01, 2.350000000E+01, 1.862915775E+03
      2340, 6.370206829E-03, 6.951706950E-03, 0.000000000E+00, 6.369790615E-03, 6.952165515E-03, 2.222222222E-03, 6.783630993E-08, 4.459520686E+02, 7.775848451E+02, 3.000000000E+02, 1.176655108E+00, 2.350000000E+01, 2.350000000E+01, 1.862915775E+03
      2341, 5.782692228E-03, 7.535755634E-03, 0.000000000E+00, 5.781413537E-03, 7.536768571E-03, 2.222222222E-03, 6.096566104E-08, 4.462674386E+02, 7.750656600E+02, 3.000000000E+02, 1.176655108E+00, 2.350000000E+01, 2.350000000E+01, 1.862915775E+03
      2342, 5.135021638E-03, 8.059846237E-03, 0.000000000E+00, 5.133205165E-03, 8.061009357E-03, 2.222222222E-03, 5.530175670E-08, 4.465520662E+02, 7.714846479E+02, 3.000000000E+02, 1.176655108E+00, 2.350000000E+01, 2.350000000E+01, 1.862915775E+03
      2343, 4.436494317E-03, 8.521874435E-03, 0.000000000E+00, 4.434528695E-03, 8.522897891E-03, 2.222222222E-03, 5.032573699E-08, 4.468273735E+02, 7.661774708E+02, 3.000000000E+02, 1.176655108E+00, 2.350000000E+01, 2.350000000E+01, 1.862915775E+03
      2344, 3.694738727E-03, 8.919366635E-03, 0.000000000E+00, 3.692916284E-03, 8.920126438E-03, 2.222222222E-03, 4.571778634E-08, 4.471032492E+02, 7.579577948E+02, 3.000000000E+02, 1.176655108E+00, 2.350000000E+01, 2.350000000E+01, 1.862915775E+03
      2345, 2.916441066E-03, 9.249307215E-03, 0.000000000E+00, 2.914932766E-03, 9.249791182E-03, 2.222222222E-03, 4.133778699E-08, 4.473792401E+02, 7.455730330E+02, 3.000000000E+02, 1.176655108E+00, 2.350000000E+01, 2.350000000E+01, 1.862915775E+03
      2346, 2.108076587E-03, 9.508522227E-03, 0.000000000E+00, 2.106966939E-03, 9.508779593E-03, 2.222222222E-03, 3.715253070E-08, 4.476371372E+02, 7.285390157E+02, 3.000000000E+02, 1.176655108E+00, 2.350000000E+01, 2.350000000E+01, 1.862915775E+03
      2347, 1.276300754E-03, 9.694132954E-03, 0.000000000E+00, 1.275626067E-03, 9.694233011E-03, 2.222222222E-03, 3.317467590E-08, 4.478604538E+02, 7.062696992E+02, 3.000000000E+02, 1.176655108E+00, 2.350000000E+01, 2.350000000E+01, 1.862915775E+03
      2348, 4.280568683E-04, 9.803837165E-03, 0.000000000E+00, 4.278308181E-04, 9.803856985E-03, 2.222222222E-03, 2.942829127E-08, 4.480440059E+02, 6.785212487E+02, 3.000000000E+02, 1.176655108E+00, 2.350000000E+01, 2.350000000E+01, 1.862915775E+03
      2349,-4.294615646E-04, 9.836060926E-03, 0.000000000E+00,-4.292354276E-04, 9.836078160E-03, 2.222222222E-03, 2.593401918E-08, 4.481823138E+02, 6.458194577E+02, 3.000000000E+02, 1.176655108E+00, 2.350000000E+01, 2.350000000E+01, 1.862915775E+03
      2350,-1.288903062E-03, 9.790008888E-03, 0.000000000E+00,-1.288227513E-03, 9.790102203E-03, 2.222222222E-03, 2.270490106E-08, 4.482749677E+02, 6.093755618E+02, 3.000000000E+02, 1.176655108E+00, 2.350000000E+01, 2.350000000E+01, 1.862915775E+03
      2351,-2.142858692E-03, 9.665668942E-03, 0.000000000E+00,-2.141747315E-03, 9.665918066E-03, 2.222222222E-03, 1.974716305E-08, 4.483280408E+02, 5.711772874E+02, 3.000000000E+02, 1.176655108E+00, 2.350000000E+01, 2.350000000E+01, 1.862915775E+03
      2352,-2.983957995E-03, 9.463798255E-03, 0.000000000E+00,-2.982447307E-03, 9.464275648E-03, 2.222222222E-03, 1.706312573E-08, 4.483463252E+02, 5.341975321E+02, 3.000000000E+02, 1.176655108E+00, 2.350000000E+01, 2.350000000E+01, 1.862915775E+03
      2353,-3.804953303E-03, 9.185896255E-03, 0.000000000E+00,-3.803129342E-03, 9.186651064E-03, 2.222222222E-03, 1.465494559E-08, 4.483427019E+02, 5.015031667E+02, 3.000000000E+02, 1.176655108E+00, 2.350000000E+01, 2.350000000E+01, 1.862915775E+03
      2354,-4.598808941E-03, 8.834185079E-03, 0.000000000E+00,-4.596842948E-03, 8.835207929E-03, 2.222222222E-03, 1.252820318E-08, 4.483326583E+02, 4.756366611E+02, 3.000000000E+02, 1.176655108E+00, 2.350000000E+01, 2.350000000E+01, 1.862915775E+03
      2355,-5.358798429E-03, 8.411607705E-03, 0.000000000E+00,-5.356979012E-03, 8.412766473E-03, 2.222222222E-03, 1.069338083E-08, 4.482955236E+02, 4.581492352E+02, 3.000000000E+02, 1.176655108E+00, 2.350000000E+01, 2.350000000E+01, 1.862915775E+03
      2356,-6.078623701E-03, 7.921813056E-03, 0.000000000E+00,-6.077330499E-03, 7.922806410E-03, 2.222222222E-03, 9.161511945E-09, 4.480390045E+02, 4.492322209E+02, 3.000000000E+02, 1.176655108E+00, 2.350000000E+01, 2.350000000E+01, 1.862915775E+03
      2357, 7.008767221E-03, 6.422473583E-03, 0.000000000E+00, 7.009215332E-03, 6.422047710E-03, 2.222222222E-03, 6.007466350E-08, 4.462753787E+02, 7.746186492E+02, 3.000000000E+02, 1.176655108E+00, 2.350000000E+01, 2.350000000E+01, 1.862915775E+03
      2358, 7.590541616E-03, 5.824688356E-03, 0.000000000E+00, 7.591548696E-03, 5.823405193E-03, 2.222222222E-03, 5.393979591E-08, 4.465525055E+02, 7.703982824E+02, 3.000000000E+02, 1.176655108E+00, 2.350000000E+01, 2.350000000E+01, 1.862915775E+03
      2359, 8.112358861E-03, 5.168428645E-03, 0.000000000E+00, 8.113518934E-03, 5.166609664E-03, 2.222222222E-03, 4.889192815E-08, 4.468063661E+02, 7.643033326E+02, 3.000000000E+02, 1.176655108E+00, 2.350000000E+01, 2.350000000E+01, 1.862915775E+03
      2360, 8.571864106E-03, 4.462474957E-03, 0.000000000E+00, 8.572885511E-03, 4.460508337E-03, 2.222222222E-03, 4.446399295E-08, 4.470573123E+02, 7.553377352E+02, 3.000000000E+02, 1.176655108E+00, 2.350000000E+01, 2.350000000E+01, 1.862915775E+03
      2361, 8.966433816E-03, 3.714201506E-03, 0.000000000E+00, 8.967190471E-03, 3.712378166E-03, 2.222222222E-03, 4.036914534E-08, 4.473146882E+02, 7.427550833E+02, 3.000000000E+02, 1.176655108E+00, 2.350000000E+01, 2.350000000E+01, 1.862915775E+03
      2362, 9.293035604E-03, 2.930205781E-03, 0.000000000E+00, 9.293517294E-03, 2.928696693E-03, 2.222222222E-03, 3.648167381E-08, 4.475749466E+02, 7.259204164E+02, 3.000000000E+02, 1.176655108E+00, 2.350000000E+01, 2.350000000E+01, 1.862915775E+03
      2363, 9.548581205E-03, 2.116943011E-03, 0.000000000E+00, 9.548835643E-03, 2.115832779E-03, 2.222222222E-03, 3.277129799E-08, 4.478133757E+02, 7.043020004E+02, 3.000000000E+02, 1.176655108E+00, 2.350000000E+01, 2.350000000E+01, 1.862915775E+03
      2364, 9.730312973E-03, 1.281056437E-03, 0.000000000E+00, 9.730410886E-03, 1.280381438E-03, 2.222222222E-03, 2.924853725E-08, 4.480171398E+02, 6.775022394E+02, 3.000000000E+02, 1.176655108E+00, 2.350000000E+01, 2.350000000E+01, 1.862915775E+03
      2365, 9.836060926E-03, 4.294615646E-04, 0.000000000E+00, 9.836078160E-03, 4.292354276E-04, 2.222222222E-03, 2.593401918E-08, 4.481823138E+02, 6.458194577E+02, 3.000000000E+02, 1.176655108E+00, 2.350000000E+01, 2.350000000E+01, 1.862915775E+03
      2366, 9.864364751E-03,-4.306954215E-04, 0.000000000E+00, 9.864380672E-03,-4.304692117E-04, 2.222222222E-03, 2.284532994E-08, 4.483035821E+02, 6.103929098E+02, 3.000000000E+02, 1.176655108E+00, 2.350000000E+01, 2.350000000E+01, 1.862915775E+03
      2367, 9.814527817E-03,-1.292126020E-03, 0.000000000E+00, 9.814620697E-03,-1.291450326E-03, 2.222222222E-03, 1.999335135E-08, 4.483814322E+02, 5.730802090E+02, 3.000000000E+02, 1.176655108E+00, 2.350000000E+01, 2.350000000E+01, 1.862915775E+03
      2368, 9.686615318E-03,-2.147494815E-03, 0.000000000E+00, 9.686863330E-03,-2.146383252E-03, 2.222222222E-03, 1.738298582E-08, 4.484230004E+02, 5.364683680E+02, 3.000000000E+02, 1.176655108E+00, 2.350000000E+01, 2.350000000E+01, 1.862915775E+03
      2369, 9.481439367E-03,-2.989510773E-03, 0.000000000E+00, 9.481916734E-03,-2.988000296E-03, 2.222222222E-03, 1.501574388E-08, 4.484331745E+02, 5.035831226E+02, 3.000000000E+02, 1.176655108E+00, 2.350000000E+01, 2.350000000E+01, 1.862915775E+03
      2370, 9.200545028E-03,-3.811011324E-03, 0.000000000E+00, 9.201301145E-03,-3.809187433E-03, 2.222222222E-03, 1.289304966E-08, 4.484164224E+02, 4.770600859E+02, 3.000000000E+02, 1.176655108E+00, 2.350000000E+01, 2.350000000E+01, 1.862915775E+03
      2371, 8.846189827E-03,-4.605048336E-03, 0.000000000E+00, 8.847213418E-03,-4.603082459E-03, 2.222222222E-03, 1.101939870E-08, 4.483615722E+02, 4.587706229E+02, 3.000000000E+02, 1.176655108E+00, 2.350000000E+01, 2.350000000E+01, 1.862915775E+03
      2372, 8.421337232E-03,-5.364987534E-03, 0.000000000E+00, 8.422496705E-03,-5.363168998E-03, 2.222222222E-03, 9.403650056E-09, 4.480884090E+02, 4.493469939E+02, 3.000000000E+02, 1.176655108E+00, 2.350000000E+01, 2.350000000E+01, 1.862915775E+03
      2373, 6.422473118E-03, 7.008766755E-03, 0.000000000E+00, 6.422047710E-03, 7.009215332E-03, 2.222222222E-03, 6.007466350E-08, 4.462753787E+02, 7.746186492E+02, 3.000000000E+02, 1.176655108E+00, 2.350000000E+01, 2.350000000E+01, 1.862915775E+03
      2374, 5.824688356E-03, 7.590541616E-03, 0.000000000E+00, 5.823405193E-03, 7.591548696E-03, 2.222222222E-03, 5.393979591E-08, 4.465525055E+02, 7.703982824E+02, 3.000000000E+02, 1.176655108E+00, 2.350000000E+01, 2.350000000E+01, 1.862915775E+03
      2375, 5.168428179E-03, 8.112359792E-03, 0.000000000E+00, 5.166609664E-03, 8.113518934E-03, 2.222222222E-03, 4.889192815E-08, 4.468063661E+02, 7.643033326E+02, 3.000000000E+02, 1.176655108E+00, 2.350000000E+01, 2.350000000E+01, 1.862915775E+03
      2376, 4.462475423E-03, 8.571864106E-03, 0.000000000E+00, 4.460508337E-03, 8.572885511E-03, 2.222222222E-03, 4.446399295E-08, 4.470573123E+02, 7.553377352E+02, 3.000000000E+02, 1.176655108E+00, 2.350000000E+01, 2.350000000E+01, 1.862915775E+03
      2377, 3.714201506E-03, 8.966433816E-03, 0.000000000E+00, 3.712378166E-03, 8.967190471E-03, 2.222222222E-03, 4.036914534E-08, 4.473146882E+02, 7.427550833E+02, 3.000000000E+02, 1.176655108E+00, 2.350000000E+01, 2.350000000E+01, 1.862915775E+03
      2378, 2.930205548E-03, 9.293035604E-03, 0.000000000E+00, 2.928696693E-03, 9.293517294E-03, 2.222222222E-03, 3.648167381E-08, 4.475749466E+02, 7.259204164E+02, 3.000000000E+02, 1.176655108E+00, 2.350000000E+01, 2.350000000E+01, 1.862915775E+03
      2379, 2.116943011E-03, 9.548581205E-03, 0.000000000E+00, 2.115832779E-03, 9.548835643E-03, 2.222222222E-03, 3.277129799E-08, 4.478133757E+02, 7.043020004E+02, 3.000000000E+02, 1.176655108E+00, 2.350000000E+01, 2.350000000E+01, 1.862915775E+03
      2380, 1.281056437E-03, 9.730313905E-03, 0.000000000E+00, 1.280381438E-03, 9.730410886E-03, 2.222222222E-03, 2.924853725E-08, 4.480171398E+02, 6.775022394E+02, 3.000000000E+02, 1.176655108E+00, 2.350000000E+01, 2.350000000E+01, 1.862915775E+03
      2381, 4.294615646E-04, 9.836059995E-03, 0.000000000E+00, 4.292354276E-04, 9.836078160E-03, 2.222222222E-03, 2.593401918E-08, 4.481823138E+02, 6.458194577E+02, 3.000000000E+02, 1.176655108E+00, 2.350000000E+01, 2.350000000E+01, 1.862915775E+03
      2382,-4.306954215E-04, 9.864364751E-03, 0.000000000E+00,-4.304692117E-04, 9.864380672E-03, 2.222222222E-03, 2.284532994E-08, 4.483035821E+02, 6.103929098E+02, 3.000000000E+02, 1.176655108E+00, 2.350000000E+01, 2.350000000E+01, 1.862915775E+03
      2383,-1.292126020E-03, 9.814528748E-03, 0.000000000E+00,-1.291450326E-03, 9.814620697E-03, 2.222222222E-03, 1.999335135E-08, 4.483814322E+02, 5.730802090E+02, 3.000000000E+02, 1.176655108E+00, 2.350000000E+01, 2.350000000E+01, 1.862915775E+03
      2384,-2.147495048E-03, 9.686615318E-03, 0.000000000E+00,-2.146383252E-03, 9.686863330E-03, 2.222222222E-03, 1.738298582E-08, 4.484230004E+02, 5.364683680E+02, 3.000000000E+02, 1.176655108E+00, 2.350000000E+01, 2.350000000E+01, 1.862915775E+03
      2385,-2.989510773E-03, 9.481439367E-03, 0.000000000E+00,-2.988000296E-03, 9.481916734E-03, 2.222222222E-03, 1.501574388E-08, 4.484331745E+02, 5.035831226E+02, 3.000000000E+02, 1.176655108E+00, 2.350000000E+01, 2.350000000E+01, 1.862915775E+03
      2386,-3.811011324E-03, 9.200545959E-03, 0.000000000E+00,-3.809187433E-03, 9.201301145E-03, 2.222222222E-03, 1.289304966E-08, 4.484164224E+02, 4.770600859E+02, 3.000000000E+02, 1.176655108E+00, 2.350000000E+01, 2.350000000E+01, 1.862915775E+03
      2387,-4.605047870E-03, 8.846189827E-03, 0.000000000E+00,-4.603082459E-03, 8.847213418E-03, 2.222222222E-03, 1.101939870E-08, 4.483615722E+02, 4.587706229E+02, 3.000000000E+02, 1.176655108E+00, 2.350000000E+01, 2.350000000E+01, 1.862915775E+03
      2388,-5.364987999E-03, 8.421337232E-03, 0.000000000E+00,-5.363168998E-03, 8.422496705E-03, 2.222222222E-03, 9.403650056E-09, 4.480884090E+02, 4.493469939E+02, 3.000000000E+02, 1.176655108E+00, 2.350000000E+01, 2.350000000E+01, 1.862915775E+03
      2389, 7.058886811E-03, 6.468382664E-03, 0.000000000E+00, 7.059327629E-03, 6.467950102E-03, 2.222222222E-03, 5.314531934E-08, 4.465549224E+02, 7.697112116E+02, 3.000000000E+02, 1.176655108E+00, 2.350000000E+01, 2.350000000E+01, 1.862915775E+03
      2390, 7.638664450E-03, 5.861577112E-03, 0.000000000E+00, 7.639667137E-03, 5.860290341E-03, 2.222222222E-03, 4.767955830E-08, 4.467984423E+02, 7.625748108E+02, 3.000000000E+02, 1.176655108E+00, 2.350000000E+01, 2.350000000E+01, 1.862915775E+03
      2391, 8.158485405E-03, 5.197771825E-03, 0.000000000E+00, 8.159642818E-03, 5.195951839E-03, 2.222222222E-03, 4.318944200E-08, 4.470281123E+02, 7.525511490E+02, 3.000000000E+02, 1.176655108E+00, 2.350000000E+01, 2.350000000E+01, 1.862915775E+03
      2392, 8.615774103E-03, 4.485296085E-03, 0.000000000E+00, 8.616794048E-03, 4.483328550E-03, 2.222222222E-03, 3.925598130E-08, 4.472614066E+02, 7.393266387E+02, 3.000000000E+02, 1.176655108E+00, 2.350000000E+01, 2.350000000E+01, 1.862915775E+03
      2393, 9.007776156E-03, 3.731296863E-03, 0.000000000E+00, 9.008530901E-03, 3.729473229E-03, 2.222222222E-03, 3.562264587E-08, 4.475041966E+02, 7.224694953E+02, 3.000000000E+02, 1.176655108E+00, 2.350000000E+01, 2.350000000E+01, 1.862915775E+03
      2394, 9.331446141E-03, 2.942296211E-03, 0.000000000E+00, 9.331925686E-03, 2.940786729E-03, 2.222222222E-03, 3.217698041E-08, 4.477474856E+02, 7.012952334E+02, 3.000000000E+02, 1.176655108E+00, 2.350000000E+01, 2.350000000E+01, 1.862915775E+03
      2395, 9.583768435E-03, 2.124731196E-03, 0.000000000E+00, 9.584020259E-03, 2.123620395E-03, 2.222222222E-03, 2.889153014E-08, 4.479680034E+02, 6.753466128E+02, 3.000000000E+02, 1.176655108E+00, 2.350000000E+01, 2.350000000E+01, 1.862915775E+03
      2396, 9.762093425E-03, 1.285233768E-03, 0.000000000E+00, 9.762188932E-03, 1.284558476E-03, 2.222222222E-03, 2.577507253E-08, 4.481544909E+02, 6.447680149E+02, 3.000000000E+02, 1.176655108E+00, 2.350000000E+01, 2.350000000E+01, 1.862915775E+03
      2397, 9.864364751E-03, 4.306954215E-04, 0.000000000E+00, 9.864380672E-03, 4.304692117E-04, 2.222222222E-03, 2.284532994E-08, 4.483035821E+02, 6.103929098E+02, 3.000000000E+02, 1.176655108E+00, 2.350000000E+01, 2.350000000E+01, 1.862915775E+03
      2398, 9.889227338E-03,-4.317792191E-04, 0.000000000E+00, 9.889241069E-03,-4.315529446E-04, 2.222222222E-03, 2.011732868E-08, 4.484106880E+02, 5.739935240E+02, 3.000000000E+02, 1.176655108E+00, 2.350000000E+01, 2.350000000E+01, 1.862915775E+03
      2399, 9.836065583E-03,-1.294956892E-03, 0.000000000E+00, 9.836157261E-03,-1.294281182E-03, 2.222222222E-03, 1.760018463E-08, 4.484773572E+02, 5.380184684E+02, 3.000000000E+02, 1.176655108E+00, 2.350000000E+01, 2.350000000E+01, 1.862915775E+03
      2400, 9.705012664E-03,-2.151567023E-03, 0.000000000E+00, 9.705261220E-03,-2.150455365E-03, 2.222222222E-03, 1.529776690E-08, 4.485110881E+02, 5.052281431E+02, 3.000000000E+02, 1.176655108E+00, 2.350000000E+01, 2.350000000E+01, 1.862915775E+03
      2401, 9.496935643E-03,-2.994388575E-03, 0.000000000E+00, 9.497412288E-03,-2.992877923E-03, 2.222222222E-03, 1.321099503E-08, 4.485078848E+02, 4.783347630E+02, 3.000000000E+02, 1.176655108E+00, 2.350000000E+01, 2.350000000E+01, 1.862915775E+03
      2402, 9.213414043E-03,-3.816332435E-03, 0.000000000E+00, 9.214169455E-03,-3.814508726E-03, 2.222222222E-03, 1.134075731E-08, 4.484449530E+02, 4.594173480E+02, 3.000000000E+02, 1.176655108E+00, 2.350000000E+01, 2.350000000E+01, 1.862915775E+03
      2403, 8.856734261E-03,-4.610528704E-03, 0.000000000E+00, 8.857758768E-03,-4.608563104E-03, 2.222222222E-03, 9.690689021E-09, 4.481596421E+02, 4.494978866E+02, 3.000000000E+02, 1.176655108E+00, 2.350000000E+01, 2.350000000E+01, 1.862915775E+03
      2404, 6.468382664E-03, 7.058886811E-03, 0.000000000E+00, 6.467950102E-03, 7.059327629E-03, 2.222222222E-03, 5.314531934E-08, 4.465549224E+02, 7.697112116E+02, 3.000000000E+02, 1.176655108E+00, 2.350000000E+01, 2.350000000E+01, 1.862915775E+03
      2405, 5.861577112E-03, 7.638664450E-03, 0.000000000E+00, 5.860290341E-03, 7.639667137E-03, 2.222222222E-03, 4.767955830E-08, 4.467984423E+02, 7.625748108E+02, 3.000000000E+02, 1.176655108E+00, 2.350000000E+01, 2.350000000E+01, 1.862915775E+03
      2406, 5.197771825E-03, 8.158485405E-03, 0.000000000E+00, 5.195951839E-03, 8.159642818E-03, 2.222222222E-03, 4.318944200E-08, 4.470281123E+02, 7.525511490E+02, 3.000000000E+02, 1.176655108E+00, 2.350000000E+01, 2.350000000E+01, 1.862915775E+03
      2407, 4.485296085E-03, 8.615774103E-03, 0.000000000E+00, 4.483328550E-03, 8.616794048E-03, 2.222222222E-03, 3.925598130E-08, 4.472614066E+02, 7.393266387E+02, 3.000000000E+02, 1.176655108E+00, 2.350000000E+01, 2.350000000E+01, 1.862915775E+03
      2408, 3.731297096E-03, 9.007775225E-03, 0.000000000E+00, 3.729473229E-03, 9.008530901E-03, 2.222222222E-03, 3.562264587E-08, 4.475041966E+02, 7.224694953E+02, 3.000000000E+02, 1.176655108E+00, 2.350000000E+01, 2.350000000E+01, 1.862915775E+03
      2409, 2.942296211E-03, 9.331446141E-03, 0.000000000E+00, 2.940786729E-03, 9.331925686E-03, 2.222222222E-03, 3.217698041E-08, 4.477474856E+02, 7.012952334E+02, 3.000000000E+02, 1.176655108E+00, 2.350000000E+01, 2.350000000E+01, 1.862915775E+03
      2410, 2.124731196E-03, 9.583767503E-03, 0.000000000E+00, 2.123620395E-03, 9.584020259E-03, 2.222222222E-03, 2.889153014E-08, 4.479680034E+02, 6.753466128E+02, 3.000000000E+02, 1.176655108E+00, 2.350000000E+01, 2.350000000E+01, 1.862915775E+03
      2411, 1.285233768E-03, 9.762093425E-03, 0.000000000E+00, 1.284558476E-03, 9.762188932E-03, 2.222222222E-03, 2.577507253E-08, 4.481544909E+02, 6.447680149E+02, 3.000000000E+02, 1.176655108E+00, 2.350000000E+01, 2.350000000E+01, 1.862915775E+03
      2412, 4.306954215E-04, 9.864364751E-03, 0.000000000E+00, 4.304692117E-04, 9.864380672E-03, 2.222222222E-03, 2.284532994E-08, 4.483035821E+02, 6.103929098E+02, 3.000000000E+02, 1.176655108E+00, 2.350000000E+01, 2.350000000E+01, 1.862915775E+03
      2413,-4.317792191E-04, 9.889226407E-03, 0.000000000E+00,-4.315529446E-04, 9.889241069E-03, 2.222222222E-03, 2.011732868E-08, 4.484106880E+02, 5.739935240E+02, 3.000000000E+02, 1.176655108E+00, 2.350000000E+01, 2.350000000E+01, 1.862915775E+03
      2414,-1.294956892E-03, 9.836065583E-03, 0.000000000E+00,-1.294281182E-03, 9.836157261E-03, 2.222222222E-03, 1.760018463E-08, 4.484773572E+02, 5.380184684E+02, 3.000000000E+02, 1.176655108E+00, 2.350000000E+01, 2.350000000E+01, 1.862915775E+03
      2415,-2.151567023E-03, 9.705012664E-03, 0.000000000E+00,-2.150455365E-03, 9.705261220E-03, 2.222222222E-03, 1.529776690E-08, 4.485110881E+02, 5.052281431E+02, 3.000000000E+02, 1.176655108E+00, 2.350000000E+01, 2.350000000E+01, 1.862915775E+03
      2416,-2.994388575E-03, 9.496934712E-03, 0.000000000E+00,-2.992877923E-03, 9.497412288E-03, 2.222222222E-03, 1.321099503E-08, 4.485078848E+02, 4.783347630E+02, 3.000000000E+02, 1.176655108E+00, 2.350000000E+01, 2.350000000E+01, 1.862915775E+03
      2417,-3.816332435E-03, 9.213414043E-03, 0.000000000E+00,-3.814508726E-03, 9.214169455E-03, 2.222222222E-03, 1.134075731E-08, 4.484449530E+02, 4.594173480E+02, 3.000000000E+02, 1.176655108E+00, 2.350000000E+01, 2.350000000E+01, 1.862915775E+03
      2418,-4.610528238E-03, 8.856735192E-03, 0.000000000E+00,-4.608563104E-03, 8.857758768E-03, 2.222222222E-03, 9.690689022E-09, 4.481596421E+02, 4.494978866E+02, 3.000000000E+02, 1.176655108E+00, 2.350000000E+01, 2.350000000E+01, 1.862915775E+03
      2419, 7.102910895E-03, 6.508708466E-03, 0.000000000E+00, 7.103345892E-03, 6.508270416E-03, 2.222222222E-03, 4.697256986E-08, 4.467961450E+02, 7.614955946E+02, 3.000000000E+02, 1.176655108E+00, 2.350000000E+01, 2.350000000E+01, 1.862915775E+03
      2420, 7.680934388E-03, 5.893979222E-03, 0.000000000E+00, 7.681933886E-03, 5.892689880E-03, 2.222222222E-03, 4.211213766E-08, 4.470136311E+02, 7.500374545E+02, 3.000000000E+02, 1.176655108E+00, 2.350000000E+01, 2.350000000E+01, 1.862915775E+03
      2421, 8.199000731E-03, 5.223546177E-03, 0.000000000E+00, 8.200157476E-03, 5.221725649E-03, 2.222222222E-03, 3.812477498E-08, 4.472254284E+02, 7.357227941E+02, 3.000000000E+02, 1.176655108E+00, 2.350000000E+01, 2.350000000E+01, 1.862915775E+03
      2422, 8.654342964E-03, 4.505341407E-03, 0.000000000E+00, 8.655362708E-03, 4.503373513E-03, 2.222222222E-03, 3.463571748E-08, 4.474441785E+02, 7.183852428E+02, 3.000000000E+02, 1.176655108E+00, 2.350000000E+01, 2.350000000E+01, 1.862915775E+03
      2423, 9.044089355E-03, 3.746313276E-03, 0.000000000E+00, 9.044843724E-03, 3.744489280E-03, 2.222222222E-03, 3.141610722E-08, 4.476724384E+02, 6.973533661E+02, 3.000000000E+02, 1.176655108E+00, 2.350000000E+01, 2.350000000E+01, 1.862915775E+03
      2424, 9.365184233E-03, 2.952916548E-03, 0.000000000E+00, 9.365663011E-03, 2.951406426E-03, 2.222222222E-03, 2.836559738E-08, 4.478990942E+02, 6.720922217E+02, 3.000000000E+02, 1.176655108E+00, 2.350000000E+01, 2.350000000E+01, 1.862915775E+03
      2425, 9.614675306E-03, 2.131571993E-03, 0.000000000E+00, 9.614925835E-03, 2.130460907E-03, 2.222222222E-03, 2.545941097E-08, 4.481036519E+02, 6.425542418E+02, 3.000000000E+02, 1.176655108E+00, 2.350000000E+01, 2.350000000E+01, 1.862915775E+03
      2426, 9.790008888E-03, 1.288903062E-03, 0.000000000E+00, 9.790102203E-03, 1.288227513E-03, 2.222222222E-03, 2.270490106E-08, 4.482749677E+02, 6.093755618E+02, 3.000000000E+02, 1.176655108E+00, 2.350000000E+01, 2.350000000E+01, 1.862915775E+03
      2427, 9.889226407E-03, 4.317792191E-04, 0.000000000E+00, 9.889241069E-03, 4.315529446E-04, 2.222222222E-03, 2.011732868E-08, 4.484106880E+02, 5.739935240E+02, 3.000000000E+02, 1.176655108E+00, 2.350000000E+01, 2.350000000E+01, 1.862915775E+03
      2428, 9.911064990E-03,-4.327311763E-04, 0.000000000E+00, 9.911077956E-03,-4.325048743E-04, 2.222222222E-03, 1.770956784E-08, 4.485071566E+02, 5.387665614E+02, 3.000000000E+02, 1.176655108E+00, 2.350000000E+01, 2.350000000E+01, 1.862915775E+03
      2429, 9.854983538E-03,-1.297443639E-03, 0.000000000E+00, 9.855074539E-03,-1.296767748E-03, 2.222222222E-03, 1.548928429E-08, 4.485662910E+02, 5.063563575E+02, 3.000000000E+02, 1.176655108E+00, 2.350000000E+01, 2.350000000E+01, 1.862915775E+03
      2430, 9.721172974E-03,-2.155144000E-03, 0.000000000E+00, 9.721421538E-03,-2.154032223E-03, 2.222222222E-03, 1.345953938E-08, 4.485866784E+02, 4.793494518E+02, 3.000000000E+02, 1.176655108E+00, 2.350000000E+01, 2.350000000E+01, 1.862915775E+03
      2431, 9.510545991E-03,-2.998672891E-03, 0.000000000E+00, 9.511023244E-03,-2.997162324E-03, 2.222222222E-03, 1.162082661E-08, 4.485359272E+02, 4.600085913E+02, 3.000000000E+02, 1.176655108E+00, 2.350000000E+01, 2.350000000E+01, 1.862915775E+03
      2432, 9.224716574E-03,-3.821006510E-03, 0.000000000E+00, 9.225472689E-03,-3.819182831E-03, 2.222222222E-03, 9.973646410E-09, 4.482483664E+02, 4.496675294E+02, 3.000000000E+02, 1.176655108E+00, 2.350000000E+01, 2.350000000E+01, 1.862915775E+03
      2433, 6.508708000E-03, 7.102910895E-03, 0.000000000E+00, 6.508270416E-03, 7.103345892E-03, 2.222222222E-03, 4.697256986E-08, 4.467961450E+02, 7.614955946E+02, 3.000000000E+02, 1.176655108E+00, 2.350000000E+01, 2.350000000E+01, 1.862915775E+03
      2434, 5.893979222E-03, 7.680934388E-03, 0.000000000E+00, 5.892689880E-03, 7.681933886E-03, 2.222222222E-03, 4.211213766E-08, 4.470136311E+02, 7.500374545E+02, 3.000000000E+02, 1.176655108E+00, 2.350000000E+01, 2.350000000E+01, 1.862915775E+03
      2435, 5.223546177E-03, 8.199001662E-03, 0.000000000E+00, 5.221725649E-03, 8.200157476E-03, 2.222222222E-03, 3.812477498E-08, 4.472254284E+02, 7.357227941E+02, 3.000000000E+02, 1.176655108E+00, 2.350000000E+01, 2.350000000E+01, 1.862915775E+03
      2436, 4.505340941E-03, 8.654343896E-03, 0.000000000E+00, 4.503373513E-03, 8.655362708E-03, 2.222222222E-03, 3.463571748E-08, 4.474441785E+02, 7.183852428E+02, 3.000000000E+02, 1.176655108E+00, 2.350000000E+01, 2.350000000E+01, 1.862915775E+03
      2437, 3.746313509E-03, 9.044089355E-03, 0.000000000E+00, 3.744489280E-03, 9.044843724E-03, 2.222222222E-03, 3.141610722E-08, 4.476724384E+02, 6.973533661E+02, 3.000000000E+02, 1.176655108E+00, 2.350000000E+01, 2.350000000E+01, 1.862915775E+03
      2438, 2.952916548E-03, 9.365185164E-03, 0.000000000E+00, 2.951406426E-03, 9.365663011E-03, 2.222222222E-03, 2.836559738E-08, 4.478990942E+02, 6.720922217E+02, 3.000000000E+02, 1.176655108E+00, 2.350000000E+01, 2.350000000E+01, 1.862915775E+03
      2439, 2.131571993E-03, 9.614675306E-03, 0.000000000E+00, 2.130460907E-03, 9.614925835E-03, 2.222222222E-03, 2.545941097E-08, 4.481036519E+02, 6.425542418E+02, 3.000000000E+02, 1.176655108E+00, 2.350000000E+01, 2.350000000E+01, 1.862915775E+03
      2440, 1.288902946E-03, 9.790007956E-03, 0.000000000E+00, 1.288227513E-03, 9.790102203E-03, 2.222222222E-03, 2.270490106E-08, 4.482749677E+02, 6.093755618E+02, 3.000000000E+02, 1.176655108E+00, 2.350000000E+01, 2.350000000E+01, 1.862915775E+03
      2441, 4.317792191E-04, 9.889227338E-03, 0.000000000E+00, 4.315529446E-04, 9.889241069E-03, 2.222222222E-03, 2.011732868E-08, 4.484106880E+02, 5.739935240E+02, 3.000000000E+02, 1.176655108E+00, 2.350000000E+01, 2.350000000E+01, 1.862915775E+03
      2442,-4.327311763E-04, 9.911064990E-03, 0.000000000E+00,-4.325048743E-04, 9.911077956E-03, 2.222222222E-03, 1.770956784E-08, 4.485071566E+02, 5.387665614E+02, 3.000000000E+02, 1.176655108E+00, 2.350000000E+01, 2.350000000E+01, 1.862915775E+03
      2443,-1.297443523E-03, 9.854983538E-03, 0.000000000E+00,-1.296767748E-03, 9.855074539E-03, 2.222222222E-03, 1.548928429E-08, 4.485662910E+02, 5.063563575E+02, 3.000000000E+02, 1.176655108E+00, 2.350000000E+01, 2.350000000E+01, 1.862915775E+03
      2444,-2.155144000E-03, 9.721173905E-03, 0.000000000E+00,-2.154032223E-03, 9.721421538E-03, 2.222222222E-03, 1.345953938E-08, 4.485866784E+02, 4.793494518E+02, 3.000000000E+02, 1.176655108E+00, 2.350000000E+01, 2.350000000E+01, 1.862915775E+03
      2445,-2.998672891E-03, 9.510545991E-03, 0.000000000E+00,-2.997162324E-03, 9.511023244E-03, 2.222222222E-03, 1.162082661E-08, 4.485359272E+02, 4.600085913E+02, 3.000000000E+02, 1.176655108E+00, 2.350000000E+01, 2.350000000E+01, 1.862915775E+03
      2446,-3.821006278E-03, 9.224716574E-03, 0.000000000E+00,-3.819182831E-03, 9.225472689E-03, 2.222222222E-03, 9.973646411E-09, 4.482483664E+02, 4.496675294E+02, 3.000000000E+02, 1.176655108E+00, 2.350000000E+01, 2.350000000E+01, 1.862915775E+03
      2447, 7.141580340E-03, 6.544129457E-03, 0.000000000E+00, 7.142011093E-03, 6.543687377E-03, 2.222222222E-03, 4.148408479E-08, 4.470076532E+02, 7.484931971E+02, 3.000000000E+02, 1.176655108E+00, 2.350000000E+01, 2.350000000E+01, 1.862915775E+03
      2448, 7.718063425E-03, 5.922439974E-03, 0.000000000E+00, 7.719060481E-03, 5.921149238E-03, 2.222222222E-03, 3.716893925E-08, 4.472055043E+02, 7.325128806E+02, 3.000000000E+02, 1.176655108E+00, 2.350000000E+01, 2.350000000E+01, 1.862915775E+03
      2449, 8.234589361E-03, 5.246186163E-03, 0.000000000E+00, 8.235744985E-03, 5.244365002E-03, 2.222222222E-03, 3.363308829E-08, 4.474019287E+02, 7.140855857E+02, 3.000000000E+02, 1.176655108E+00, 2.350000000E+01, 2.350000000E+01, 1.862915775E+03
      2450, 8.688221686E-03, 4.522948526E-03, 0.000000000E+00, 8.689240832E-03, 4.520980704E-03, 2.222222222E-03, 3.054215221E-08, 4.476071997E+02, 6.927265712E+02, 3.000000000E+02, 1.176655108E+00, 2.350000000E+01, 2.350000000E+01, 1.862915775E+03
      2451, 9.075986221E-03, 3.759503365E-03, 0.000000000E+00, 9.076740319E-03, 3.757679136E-03, 2.222222222E-03, 2.769238582E-08, 4.478202227E+02, 6.678568506E+02, 3.000000000E+02, 1.176655108E+00, 2.350000000E+01, 2.350000000E+01, 1.862915775E+03
      2452, 9.394819848E-03, 2.962244907E-03, 0.000000000E+00, 9.395297302E-03, 2.960734586E-03, 2.222222222E-03, 2.499443653E-08, 4.480322291E+02, 6.392447265E+02, 3.000000000E+02, 1.176655108E+00, 2.350000000E+01, 2.350000000E+01, 1.862915775E+03
      2453, 9.641823359E-03, 2.137580886E-03, 0.000000000E+00, 9.642072739E-03, 2.136469489E-03, 2.222222222E-03, 2.242603056E-08, 4.482227174E+02, 6.072445400E+02, 3.000000000E+02, 1.176655108E+00, 2.350000000E+01, 2.350000000E+01, 1.862915775E+03
      2454, 9.814528748E-03, 1.292126020E-03, 0.000000000E+00, 9.814620697E-03, 1.291450326E-03, 2.222222222E-03, 1.999335135E-08, 4.483814322E+02, 5.730802090E+02, 3.000000000E+02, 1.176655108E+00, 2.350000000E+01, 2.350000000E+01, 1.862915775E+03
      2455, 9.911064990E-03, 4.327311763E-04, 0.000000000E+00, 9.911077956E-03, 4.325048743E-04, 2.222222222E-03, 1.770956784E-08, 4.485071566E+02, 5.387665614E+02, 3.000000000E+02, 1.176655108E+00, 2.350000000E+01, 2.350000000E+01, 1.862915775E+03
      2456, 9.930246510E-03,-4.335673875E-04, 0.000000000E+00, 9.930259033E-03,-4.333410301E-04, 2.222222222E-03, 1.558573765E-08, 4.485965480E+02, 5.069042578E+02, 3.000000000E+02, 1.176655108E+00, 2.350000000E+01, 2.350000000E+01, 1.862915775E+03
      2457, 9.871600196E-03,-1.299627824E-03, 0.000000000E+00, 9.871691078E-03,-1.298951895E-03, 2.222222222E-03, 1.362833084E-08, 4.486423592E+02, 4.800483454E+02, 3.000000000E+02, 1.176655108E+00, 2.350000000E+01, 2.350000000E+01, 1.862915775E+03
      2458, 9.735369124E-03,-2.158285817E-03, 0.000000000E+00, 9.735616410E-03,-2.157174057E-03, 2.222222222E-03, 1.183977623E-08, 4.486142145E+02, 4.604842306E+02, 3.000000000E+02, 1.176655108E+00, 2.350000000E+01, 2.350000000E+01, 1.862915775E+03
      2459, 9.522501379E-03,-3.002436133E-03, 0.000000000E+00, 9.522978805E-03,-3.000925646E-03, 2.222222222E-03, 1.022026489E-08, 4.483441865E+02, 4.498359869E+02, 3.000000000E+02, 1.176655108E+00, 2.350000000E+01, 2.350000000E+01, 1.862915775E+03
      2460, 6.544128992E-03, 7.141580340E-03, 0.000000000E+00, 6.543687377E-03, 7.142011093E-03, 2.222222222E-03, 4.148408479E-08, 4.470076532E+02, 7.484931971E+02, 3.000000000E+02, 1.176655108E+00, 2.350000000E+01, 2.350000000E+01, 1.862915775E+03
      2461, 5.922440439E-03, 7.718063425E-03, 0.000000000E+00, 5.921149238E-03, 7.719060481E-03, 2.222222222E-03, 3.716893925E-08, 4.472055043E+02, 7.325128806E+02, 3.000000000E+02, 1.176655108E+00, 2.350000000E+01, 2.350000000E+01, 1.862915775E+03
      2462, 5.246186163E-03, 8.234589361E-03, 0.000000000E+00, 5.244365002E-03, 8.235744985E-03, 2.222222222E-03, 3.363308829E-08, 4.474019287E+02, 7.140855857E+02, 3.000000000E+02, 1.176655108E+00, 2.350000000E+01, 2.350000000E+01, 1.862915775E+03
      2463, 4.522948526E-03, 8.688221686E-03, 0.000000000E+00, 4.520980704E-03, 8.689240832E-03, 2.222222222E-03, 3.054215221E-08, 4.476071997E+02, 6.927265712E+02, 3.000000000E+02, 1.176655108E+00, 2.350000000E+01, 2.350000000E+01, 1.862915775E+03
      2464, 3.759503365E-03, 9.075986221E-03, 0.000000000E+00, 3.757679136E-03, 9.076740319E-03, 2.222222222E-03, 2.769238582E-08, 4.478202227E+02, 6.678568506E+02, 3.000000000E+02, 1.176655108E+00, 2.350000000E+01, 2.350000000E+01, 1.862915775E+03
      2465, 2.962244907E-03, 9.394819848E-03, 0.000000000E+00, 2.960734586E-03, 9.395297302E-03, 2.222222222E-03, 2.499443653E-08, 4.480322291E+02, 6.392447265E+02, 3.000000000E+02, 1.176655108E+00, 2.350000000E+01, 2.350000000E+01, 1.862915775E+03
      2466, 2.137580886E-03, 9.641823359E-03, 0.000000000E+00, 2.136469489E-03, 9.642072739E-03, 2.222222222E-03, 2.242603056E-08, 4.482227174E+02, 6.072445400E+02, 3.000000000E+02, 1.176655108E+00, 2.350000000E+01, 2.350000000E+01, 1.862915775E+03
      2467, 1.292126020E-03, 9.814527817E-03, 0.000000000E+00, 1.291450326E-03, 9.814620697E-03, 2.222222222E-03, 1.999335135E-08, 4.483814322E+02, 5.730802090E+02, 3.000000000E+02, 1.176655108E+00, 2.350000000E+01, 2.350000000E+01, 1.862915775E+03
      2468, 4.327311763E-04, 9.911064990E-03, 0.000000000E+00, 4.325048743E-04, 9.911077956E-03, 2.222222222E-03, 1.770956784E-08, 4.485071566E+02, 5.387665614E+02, 3.000000000E+02, 1.176655108E+00, 2.350000000E+01, 2.350000000E+01, 1.862915775E+03
      2469,-4.335673875E-04, 9.930246510E-03, 0.000000000E+00,-4.333410301E-04, 9.930259033E-03, 2.222222222E-03, 1.558573765E-08, 4.485965480E+02, 5.069042578E+02, 3.000000000E+02, 1.176655108E+00, 2.350000000E+01, 2.350000000E+01, 1.862915775E+03
      2470,-1.299627707E-03, 9.871600196E-03, 0.000000000E+00,-1.298951895E-03, 9.871691078E-03, 2.222222222E-03, 1.362833084E-08, 4.486423592E+02, 4.800483454E+02, 3.000000000E+02, 1.176655108E+00, 2.350000000E+01, 2.350000000E+01, 1.862915775E+03
      2471,-2.158285817E-03, 9.735368192E-03, 0.000000000E+00,-2.157174057E-03, 9.735616410E-03, 2.222222222E-03, 1.183977623E-08, 4.486142145E+02, 4.604842306E+02, 3.000000000E+02, 1.176655108E+00, 2.350000000E+01, 2.350000000E+01, 1.862915775E+03
      2472,-3.002436133E-03, 9.522501379E-03, 0.000000000E+00,-3.000925646E-03, 9.522978805E-03, 2.222222222E-03, 1.022026489E-08, 4.483441865E+02, 4.498359869E+02, 3.000000000E+02, 1.176655108E+00, 2.350000000E+01, 2.350000000E+01, 1.862915775E+03
      2473, 7.175547071E-03, 6.575242151E-03, 0.000000000E+00, 7.175974137E-03, 6.574797204E-03, 2.222222222E-03, 3.661183252E-08, 4.471964606E+02, 7.305612481E+02, 3.000000000E+02, 1.176655108E+00, 2.350000000E+01, 2.350000000E+01, 1.862915775E+03
      2474, 7.750676014E-03, 5.947439931E-03, 0.000000000E+00, 7.751671960E-03, 5.946147539E-03, 2.222222222E-03, 3.278613135E-08, 4.473770322E+02, 7.102910263E+02, 3.000000000E+02, 1.176655108E+00, 2.350000000E+01, 2.350000000E+01, 1.862915775E+03
      2475, 8.265849203E-03, 5.266072229E-03, 0.000000000E+00, 8.267004500E-03, 5.264251059E-03, 2.222222222E-03, 2.965451948E-08, 4.475593907E+02, 6.878902520E+02, 3.000000000E+02, 1.176655108E+00, 2.350000000E+01, 2.350000000E+01, 1.862915775E+03
      2476, 8.717979304E-03, 4.538414069E-03, 0.000000000E+00, 8.718998814E-03, 4.536446568E-03, 2.222222222E-03, 2.691927718E-08, 4.477509700E+02, 6.629164457E+02, 3.000000000E+02, 1.176655108E+00, 2.350000000E+01, 2.350000000E+01, 1.862915775E+03
      2477, 9.104004130E-03, 3.771089250E-03, 0.000000000E+00, 9.104757733E-03, 3.769264875E-03, 2.222222222E-03, 2.439933958E-08, 4.479502242E+02, 6.349669877E+02, 3.000000000E+02, 1.176655108E+00, 2.350000000E+01, 2.350000000E+01, 1.862915775E+03
      2478, 9.420850314E-03, 2.970438916E-03, 0.000000000E+00, 9.421327524E-03, 2.968928273E-03, 2.222222222E-03, 2.201528769E-08, 4.481491959E+02, 6.040849097E+02, 3.000000000E+02, 1.176655108E+00, 2.350000000E+01, 2.350000000E+01, 1.862915775E+03
      2479, 9.665668942E-03, 2.142858692E-03, 0.000000000E+00, 9.665918066E-03, 2.141747315E-03, 2.222222222E-03, 1.974716305E-08, 4.483280408E+02, 5.711772874E+02, 3.000000000E+02, 1.176655108E+00, 2.350000000E+01, 2.350000000E+01, 1.862915775E+03
      2480, 9.836065583E-03, 1.294956892E-03, 0.000000000E+00, 9.836157261E-03, 1.294281182E-03, 2.222222222E-03, 1.760018463E-08, 4.484773572E+02, 5.380184684E+02, 3.000000000E+02, 1.176655108E+00, 2.350000000E+01, 2.350000000E+01, 1.862915775E+03
      2481, 9.930246510E-03, 4.335673875E-04, 0.000000000E+00, 9.930259033E-03, 4.333410301E-04, 2.222222222E-03, 1.558573765E-08, 4.485965480E+02, 5.069042578E+02, 3.000000000E+02, 1.176655108E+00, 2.350000000E+01, 2.350000000E+01, 1.862915775E+03
      2482, 9.947095066E-03,-4.343018809E-04, 0.000000000E+00, 9.947107288E-03,-4.340754918E-04, 2.222222222E-03, 1.371334153E-08, 4.486728244E+02, 4.803905823E+02, 3.000000000E+02, 1.176655108E+00, 2.350000000E+01, 2.350000000E+01, 1.862915775E+03
      2483, 9.886195883E-03,-1.301546348E-03, 0.000000000E+00, 9.886286687E-03,-1.300870403E-03, 2.222222222E-03, 1.198847617E-08, 4.486695147E+02, 4.608136440E+02, 3.000000000E+02, 1.176655108E+00, 2.350000000E+01, 2.350000000E+01, 1.862915775E+03
      2484, 9.747836739E-03,-2.161045559E-03, 0.000000000E+00, 9.748084871E-03,-2.159933774E-03, 2.222222222E-03, 1.041307426E-08, 4.484264124E+02, 4.499764217E+02, 3.000000000E+02, 1.176655108E+00, 2.350000000E+01, 2.350000000E+01, 1.862915775E+03
      2485, 6.575242151E-03, 7.175547071E-03, 0.000000000E+00, 6.574797204E-03, 7.175974137E-03, 2.222222222E-03, 3.661183252E-08, 4.471964606E+02, 7.305612481E+02, 3.000000000E+02, 1.176655108E+00, 2.350000000E+01, 2.350000000E+01, 1.862915775E+03
      2486, 5.947439931E-03, 7.750676479E-03, 0.000000000E+00, 5.946147539E-03, 7.751671960E-03, 2.222222222E-03, 3.278613135E-08, 4.473770322E+02, 7.102910263E+02, 3.000000000E+02, 1.176655108E+00, 2.350000000E+01, 2.350000000E+01, 1.862915775E+03
      2487, 5.266072229E-03, 8.265849203E-03, 0.000000000E+00, 5.264251059E-03, 8.267004500E-03, 2.222222222E-03, 2.965451948E-08, 4.475593907E+02, 6.878902520E+02, 3.000000000E+02, 1.176655108E+00, 2.350000000E+01, 2.350000000E+01, 1.862915775E+03
      2488, 4.538414534E-03, 8.717979304E-03, 0.000000000E+00, 4.536446568E-03, 8.718998814E-03, 2.222222222E-03, 2.691927718E-08, 4.477509700E+02, 6.629164457E+02, 3.000000000E+02, 1.176655108E+00, 2.350000000E+01, 2.350000000E+01, 1.862915775E+03
      2489, 3.771089250E-03, 9.104004130E-03, 0.000000000E+00, 3.769264875E-03, 9.104757733E-03, 2.222222222E-03, 2.439933958E-08, 4.479502242E+02, 6.349669877E+02, 3.000000000E+02, 1.176655108E+00, 2.350000000E+01, 2.350000000E+01, 1.862915775E+03
      2490, 2.970438916E-03, 9.420850314E-03, 0.000000000E+00, 2.968928273E-03, 9.421327524E-03, 2.222222222E-03, 2.201528769E-08, 4.481491959E+02, 6.040849097E+02, 3.000000000E+02, 1.176655108E+00, 2.350000000E+01, 2.350000000E+01, 1.862915775E+03
      2491, 2.142858924E-03, 9.665669873E-03, 0.000000000E+00, 2.141747315E-03, 9.665918066E-03, 2.222222222E-03, 1.974716305E-08, 4.483280408E+02, 5.711772874E+02, 3.000000000E+02, 1.176655108E+00, 2.350000000E+01, 2.350000000E+01, 1.862915775E+03
      2492, 1.294956892E-03, 9.836065583E-03, 0.000000000E+00, 1.294281182E-03, 9.836157261E-03, 2.222222222E-03, 1.760018463E-08, 4.484773572E+02, 5.380184684E+02, 3.000000000E+02, 1.176655108E+00, 2.350000000E+01, 2.350000000E+01, 1.862915775E+03
      2493, 4.335673875E-04, 9.930246510E-03, 0.000000000E+00, 4.333410301E-04, 9.930259033E-03, 2.222222222E-03, 1.558573765E-08, 4.485965480E+02, 5.069042578E+02, 3.000000000E+02, 1.176655108E+00, 2.350000000E+01, 2.350000000E+01, 1.862915775E+03
      2494,-4.343018809E-04, 9.947095066E-03, 0.000000000E+00,-4.340754918E-04, 9.947107288E-03, 2.222222222E-03, 1.371334153E-08, 4.486728244E+02, 4.803905823E+02, 3.000000000E+02, 1.176655108E+00, 2.350000000E+01, 2.350000000E+01, 1.862915775E+03
      2495,-1.301546465E-03, 9.886195883E-03, 0.000000000E+00,-1.300870403E-03, 9.886286687E-03, 2.222222222E-03, 1.198847617E-08, 4.486695147E+02, 4.608136440E+02, 3.000000000E+02, 1.176655108E+00, 2.350000000E+01, 2.350000000E+01, 1.862915775E+03
      2496,-2.161045559E-03, 9.747837670E-03, 0.000000000E+00,-2.159933774E-03, 9.748084871E-03, 2.222222222E-03, 1.041307426E-08, 4.484264124E+02, 4.499764217E+02, 3.000000000E+02, 1.176655108E+00, 2.350000000E+01, 2.350000000E+01, 1.862915775E+03
      2497, 7.205381989E-03, 6.602570880E-03, 0.000000000E+00, 7.205806800E-03, 6.602123643E-03, 2.222222222E-03, 3.229258497E-08, 4.473651867E+02, 7.080021017E+02, 3.000000000E+02, 1.176655108E+00, 2.350000000E+01, 2.350000000E+01, 1.862915775E+03
      2498, 7.779323496E-03, 5.969398189E-03, 0.000000000E+00, 7.780317375E-03, 5.968105656E-03, 2.222222222E-03, 2.890488384E-08, 4.475300609E+02, 6.836661842E+02, 3.000000000E+02, 1.176655108E+00, 2.350000000E+01, 2.350000000E+01, 1.862915775E+03
      2499, 8.293306455E-03, 5.283539649E-03, 0.000000000E+00, 8.294462332E-03, 5.281718636E-03, 2.222222222E-03, 2.613424195E-08, 4.476995451E+02, 6.577904655E+02, 3.000000000E+02, 1.176655108E+00, 2.350000000E+01, 2.350000000E+01, 1.862915775E+03
      2500, 8.744117804E-03, 4.551998805E-03, 0.000000000E+00, 8.745137697E-03, 4.550031508E-03, 2.222222222E-03, 2.371605667E-08, 4.478774582E+02, 6.300056896E+02, 3.000000000E+02, 1.176655108E+00, 2.350000000E+01, 2.350000000E+01, 1.862915775E+03
      2501, 9.128613397E-03, 3.781266045E-03, 0.000000000E+00, 9.129367712E-03, 3.779441575E-03, 2.222222222E-03, 2.148966479E-08, 4.480645621E+02, 6.000262647E+02, 3.000000000E+02, 1.176655108E+00, 2.350000000E+01, 2.350000000E+01, 1.862915775E+03
      2502, 9.443715215E-03, 2.977635944E-03, 0.000000000E+00, 9.444191973E-03, 2.976125450E-03, 2.222222222E-03, 1.938458609E-08, 4.482528102E+02, 5.683745587E+02, 3.000000000E+02, 1.176655108E+00, 2.350000000E+01, 2.350000000E+01, 1.862915775E+03
      2503, 9.686615318E-03, 2.147495048E-03, 0.000000000E+00, 9.686863330E-03, 2.146383252E-03, 2.222222222E-03, 1.738298582E-08, 4.484230004E+02, 5.364683680E+02, 3.000000000E+02, 1.176655108E+00, 2.350000000E+01, 2.350000000E+01, 1.862915775E+03
      2504, 9.854983538E-03, 1.297443523E-03, 0.000000000E+00, 9.855074539E-03, 1.296767748E-03, 2.222222222E-03, 1.548928429E-08, 4.485662910E+02, 5.063563575E+02, 3.000000000E+02, 1.176655108E+00, 2.350000000E+01, 2.350000000E+01, 1.862915775E+03
      2505, 9.947095066E-03, 4.343018809E-04, 0.000000000E+00, 9.947107288E-03, 4.340754918E-04, 2.222222222E-03, 1.371334153E-08, 4.486728244E+02, 4.803905823E+02, 3.000000000E+02, 1.176655108E+00, 2.350000000E+01, 2.350000000E+01, 1.862915775E+03
      2506, 9.961894713E-03,-4.349470255E-04, 0.000000000E+00, 9.961906432E-03,-4.347206270E-04, 2.222222222E-03, 1.206336998E-08, 4.486995579E+02, 4.609772007E+02, 3.000000000E+02, 1.176655108E+00, 2.350000000E+01, 2.350000000E+01, 1.862915775E+03
      2507, 9.899017401E-03,-1.303231576E-03, 0.000000000E+00, 9.899107147E-03,-1.302555578E-03, 2.222222222E-03, 1.054402630E-08, 4.484844615E+02, 4.500747695E+02, 3.000000000E+02, 1.176655108E+00, 2.350000000E+01, 2.350000000E+01, 1.862915775E+03
      2508, 6.602570880E-03, 7.205381989E-03, 0.000000000E+00, 6.602123643E-03, 7.205806800E-03, 2.222222222E-03, 3.229258497E-08, 4.473651867E+02, 7.080021017E+02, 3.000000000E+02, 1.176655108E+00, 2.350000000E+01, 2.350000000E+01, 1.862915775E+03
      2509, 5.969398655E-03, 7.779323030E-03, 0.000000000E+00, 5.968105656E-03, 7.780317375E-03, 2.222222222E-03, 2.890488384E-08, 4.475300609E+02, 6.836661842E+02, 3.000000000E+02, 1.176655108E+00, 2.350000000E+01, 2.350000000E+01, 1.862915775E+03
      2510, 5.283539649E-03, 8.293306455E-03, 0.000000000E+00, 5.281718636E-03, 8.294462332E-03, 2.222222222E-03, 2.613424195E-08, 4.476995451E+02, 6.577904655E+02, 3.000000000E+02, 1.176655108E+00, 2.350000000E+01, 2.350000000E+01, 1.862915775E+03
      2511, 4.551999271E-03, 8.744117804E-03, 0.000000000E+00, 4.550031508E-03, 8.745137697E-03, 2.222222222E-03, 2.371605667E-08, 4.478774582E+02, 6.300056896E+02, 3.000000000E+02, 1.176655108E+00, 2.350000000E+01, 2.350000000E+01, 1.862915775E+03
      2512, 3.781266045E-03, 9.128613397E-03, 0.000000000E+00, 3.779441575E-03, 9.129367712E-03, 2.222222222E-03, 2.148966479E-08, 4.480645621E+02, 6.000262647E+02, 3.000000000E+02, 1.176655108E+00, 2.350000000E+01, 2.350000000E+01, 1.862915775E+03
      2513, 2.977635944E-03, 9.443714283E-03, 0.000000000E+00, 2.976125450E-03, 9.444191973E-03, 2.222222222E-03, 1.938458609E-08, 4.482528102E+02, 5.683745587E+02, 3.000000000E+02, 1.176655108E+00, 2.350000000E+01, 2.350000000E+01, 1.862915775E+03
      2514, 2.147494815E-03, 9.686615318E-03, 0.000000000E+00, 2.146383252E-03, 9.686863330E-03, 2.222222222E-03, 1.738298582E-08, 4.484230004E+02, 5.364683680E+02, 3.000000000E+02, 1.176655108E+00, 2.350000000E+01, 2.350000000E+01, 1.862915775E+03
      2515, 1.297443639E-03, 9.854983538E-03, 0.000000000E+00, 1.296767748E-03, 9.855074539E-03, 2.222222222E-03, 1.548928429E-08, 4.485662910E+02, 5.063563575E+02, 3.000000000E+02, 1.176655108E+00, 2.350000000E+01, 2.350000000E+01, 1.862915775E+03
      2516, 4.343018809E-04, 9.947095066E-03, 0.000000000E+00, 4.340754918E-04, 9.947107288E-03, 2.222222222E-03, 1.371334153E-08, 4.486728244E+02, 4.803905823E+02, 3.000000000E+02, 1.176655108E+00, 2.350000000E+01, 2.350000000E+01, 1.862915775E+03
      2517,-4.349470255E-04, 9.961894713E-03, 0.000000000E+00,-4.347206270E-04, 9.961906432E-03, 2.222222222E-03, 1.206336998E-08, 4.486995579E+02, 4.609772007E+02, 3.000000000E+02, 1.176655108E+00, 2.350000000E+01, 2.350000000E+01, 1.862915775E+03
      2518,-1.303231576E-03, 9.899016470E-03, 0.000000000E+00,-1.302555578E-03, 9.899107147E-03, 2.222222222E-03, 1.054402630E-08, 4.484844615E+02, 4.500747695E+02, 3.000000000E+02, 1.176655108E+00, 2.350000000E+01, 2.350000000E+01, 1.862915775E+03
      2519, 7.231588475E-03, 6.626575720E-03, 0.000000000E+00, 7.232011350E-03, 6.626126764E-03, 2.222222222E-03, 2.846812633E-08, 4.475156921E+02, 6.811374576E+02, 3.000000000E+02, 1.176655108E+00, 2.350000000E+01, 2.350000000E+01, 1.862915775E+03
      2520, 7.804485504E-03, 5.988686811E-03, 0.000000000E+00, 7.805479024E-03, 5.987393295E-03, 2.222222222E-03, 2.547139084E-08, 4.476667302E+02, 6.533582416E+02, 3.000000000E+02, 1.176655108E+00, 2.350000000E+01, 2.350000000E+01, 1.862915775E+03
      2521, 8.317424916E-03, 5.298882723E-03, 0.000000000E+00, 8.318580797E-03, 5.297061842E-03, 2.222222222E-03, 2.302236529E-08, 4.478225638E+02, 6.248780057E+02, 3.000000000E+02, 1.176655108E+00, 2.350000000E+01, 2.350000000E+01, 1.862915775E+03
      2522, 8.767077699E-03, 4.563931376E-03, 0.000000000E+00, 8.768097601E-03, 4.561964265E-03, 2.222222222E-03, 2.088624295E-08, 4.479889333E+02, 5.953489878E+02, 3.000000000E+02, 1.176655108E+00, 2.350000000E+01, 2.350000000E+01, 1.862915775E+03
      2523, 9.150230326E-03, 3.790204879E-03, 0.000000000E+00, 9.150984639E-03, 3.788380590E-03, 2.222222222E-03, 1.892065109E-08, 4.481660544E+02, 5.647938635E+02, 3.000000000E+02, 1.176655108E+00, 2.350000000E+01, 2.350000000E+01, 1.862915775E+03
      2524, 9.463798255E-03, 2.983957995E-03, 0.000000000E+00, 9.464275648E-03, 2.982447307E-03, 2.222222222E-03, 1.706312573E-08, 4.483463252E+02, 5.341975321E+02, 3.000000000E+02, 1.176655108E+00, 2.350000000E+01, 2.350000000E+01, 1.862915775E+03
      2525, 9.705012664E-03, 2.151567023E-03, 0.000000000E+00, 9.705261220E-03, 2.150455365E-03, 2.222222222E-03, 1.529776690E-08, 4.485110881E+02, 5.052281431E+02, 3.000000000E+02, 1.176655108E+00, 2.350000000E+01, 2.350000000E+01, 1.862915775E+03
      2526, 9.871600196E-03, 1.299627707E-03, 0.000000000E+00, 9.871691078E-03, 1.298951895E-03, 2.222222222E-03, 1.362833084E-08, 4.486423592E+02, 4.800483454E+02, 3.000000000E+02, 1.176655108E+00, 2.350000000E+01, 2.350000000E+01, 1.862915775E+03
      2527, 9.961894713E-03, 4.349470255E-04, 0.000000000E+00, 9.961906432E-03, 4.347206270E-04, 2.222222222E-03, 1.206336998E-08, 4.486995579E+02, 4.609772007E+02, 3.000000000E+02, 1.176655108E+00, 2.350000000E+01, 2.350000000E+01, 1.862915775E+03
      2528, 9.974894114E-03,-4.355137353E-04, 0.000000000E+00, 9.974905674E-03,-4.352872996E-04, 2.222222222E-03, 1.060998286E-08, 4.485161998E+02, 4.501264088E+02, 3.000000000E+02, 1.176655108E+00, 2.350000000E+01, 2.350000000E+01, 1.862915775E+03
      2529, 6.626575720E-03, 7.231588941E-03, 0.000000000E+00, 6.626126764E-03, 7.232011350E-03, 2.222222222E-03, 2.846812633E-08, 4.475156921E+02, 6.811374576E+02, 3.000000000E+02, 1.176655108E+00, 2.350000000E+01, 2.350000000E+01, 1.862915775E+03
      2530, 5.988686811E-03, 7.804485504E-03, 0.000000000E+00, 5.987393295E-03, 7.805479024E-03, 2.222222222E-03, 2.547139084E-08, 4.476667302E+02, 6.533582416E+02, 3.000000000E+02, 1.176655108E+00, 2.350000000E+01, 2.350000000E+01, 1.862915775E+03
      2531, 5.298882723E-03, 8.317424916E-03, 0.000000000E+00, 5.297061842E-03, 8.318580797E-03, 2.222222222E-03, 2.302236529E-08, 4.478225638E+02, 6.248780057E+02, 3.000000000E+02, 1.176655108E+00, 2.350000000E+01, 2.350000000E+01, 1.862915775E+03
      2532, 4.563931376E-03, 8.767077699E-03, 0.000000000E+00, 4.561964265E-03, 8.768097601E-03, 2.222222222E-03, 2.088624295E-08, 4.479889333E+02, 5.953489878E+02, 3.000000000E+02, 1.176655108E+00, 2.350000000E+01, 2.350000000E+01, 1.862915775E+03
      2533, 3.790204879E-03, 9.150230326E-03, 0.000000000E+00, 3.788380590E-03, 9.150984639E-03, 2.222222222E-03, 1.892065109E-08, 4.481660544E+02, 5.647938635E+02, 3.000000000E+02, 1.176655108E+00, 2.350000000E+01, 2.350000000E+01, 1.862915775E+03
      2534, 2.983957762E-03, 9.463799186E-03, 0.000000000E+00, 2.982447307E-03, 9.464275648E-03, 2.222222222E-03, 1.706312573E-08, 4.483463252E+02, 5.341975321E+02, 3.000000000E+02, 1.176655108E+00, 2.350000000E+01, 2.350000000E+01, 1.862915775E+03
      2535, 2.151567023E-03, 9.705012664E-03, 0.000000000E+00, 2.150455365E-03, 9.705261220E-03, 2.222222222E-03, 1.529776690E-08, 4.485110881E+02, 5.052281431E+02, 3.000000000E+02, 1.176655108E+00, 2.350000000E+01, 2.350000000E+01, 1.862915775E+03
      2536, 1.299627824E-03, 9.871600196E-03, 0.000000000E+00, 1.298951895E-03, 9.871691078E-03, 2.222222222E-03, 1.362833084E-08, 4.486423592E+02, 4.800483454E+02, 3.000000000E+02, 1.176655108E+00, 2.350000000E+01, 2.350000000E+01, 1.862915775E+03
      2537, 4.349470255E-04, 9.961894713E-03, 0.000000000E+00, 4.347206270E-04, 9.961906432E-03, 2.222222222E-03, 1.206336998E-08, 4.486995579E+02, 4.609772007E+02, 3.000000000E+02, 1.176655108E+00, 2.350000000E+01, 2.350000000E+01, 1.862915775E+03
      2538,-4.355137353E-04, 9.974895045E-03, 0.000000000E+00,-4.352872996E-04, 9.974905674E-03, 2.222222222E-03, 1.060998286E-08, 4.485161998E+02, 4.501264088E+02, 3.000000000E+02, 1.176655108E+00, 2.350000000E+01, 2.350000000E+01, 1.862915775E+03
      2539, 7.254607975E-03, 6.647661328E-03, 0.000000000E+00, 7.255028986E-03, 6.647210701E-03, 2.222222222E-03, 2.508525520E-08, 4.476502023E+02, 6.507239593E+02, 3.000000000E+02, 1.176655108E+00, 2.350000000E+01, 2.350000000E+01, 1.862915775E+03
      2540, 7.826587185E-03, 6.005628966E-03, 0.000000000E+00, 7.827580563E-03, 6.004335210E-03, 2.222222222E-03, 2.243674651E-08, 4.477873785E+02, 6.204866837E+02, 3.000000000E+02, 1.176655108E+00, 2.350000000E+01, 2.350000000E+01, 1.862915775E+03
      2541, 8.338609710E-03, 5.312359426E-03, 0.000000000E+00, 8.339766000E-03, 5.310539023E-03, 2.222222222E-03, 2.027373070E-08, 4.479313995E+02, 5.905466653E+02, 3.000000000E+02, 1.176655108E+00, 2.350000000E+01, 2.350000000E+01, 1.862915775E+03
      2542, 8.787244558E-03, 4.574412946E-03, 0.000000000E+00, 8.788265129E-03, 4.572445764E-03, 2.222222222E-03, 1.838811820E-08, 4.480881588E+02, 5.606966493E+02, 3.000000000E+02, 1.176655108E+00, 2.350000000E+01, 2.350000000E+01, 1.862915775E+03
      2543, 9.169218130E-03, 3.798056627E-03, 0.000000000E+00, 9.169972512E-03, 3.796232441E-03, 2.222222222E-03, 1.665388783E-08, 4.482578333E+02, 5.313109447E+02, 3.000000000E+02, 1.176655108E+00, 2.350000000E+01, 2.350000000E+01, 1.862915775E+03
      2544, 9.481439367E-03, 2.989510773E-03, 0.000000000E+00, 9.481916734E-03, 2.988000296E-03, 2.222222222E-03, 1.501574388E-08, 4.484331745E+02, 5.035831226E+02, 3.000000000E+02, 1.176655108E+00, 2.350000000E+01, 2.350000000E+01, 1.862915775E+03
      2545, 9.721173905E-03, 2.155144000E-03, 0.000000000E+00, 9.721421538E-03, 2.154032223E-03, 2.222222222E-03, 1.345953938E-08, 4.485866784E+02, 4.793494518E+02, 3.000000000E+02, 1.176655108E+00, 2.350000000E+01, 2.350000000E+01, 1.862915775E+03
      2546, 9.886195883E-03, 1.301546465E-03, 0.000000000E+00, 9.886286687E-03, 1.300870403E-03, 2.222222222E-03, 1.198847617E-08, 4.486695147E+02, 4.608136440E+02, 3.000000000E+02, 1.176655108E+00, 2.350000000E+01, 2.350000000E+01, 1.862915775E+03
      2547, 9.974895045E-03, 4.355137353E-04, 0.000000000E+00, 9.974905674E-03, 4.352872996E-04, 2.222222222E-03, 1.060998286E-08, 4.485161998E+02, 4.501264088E+02, 3.000000000E+02, 1.176655108E+00, 2.350000000E+01, 2.350000000E+01, 1.862915775E+03
      2548, 6.647661328E-03, 7.254607975E-03, 0.000000000E+00, 6.647210701E-03, 7.255028986E-03, 2.222222222E-03, 2.508525520E-08, 4.476502023E+02, 6.507239593E+02, 3.000000000E+02, 1.176655108E+00, 2.350000000E+01, 2.350000000E+01, 1.862915775E+03
      2549, 6.005628966E-03, 7.826587185E-03, 0.000000000E+00, 6.004335210E-03, 7.827580563E-03, 2.222222222E-03, 2.243674651E-08, 4.477873785E+02, 6.204866837E+02, 3.000000000E+02, 1.176655108E+00, 2.350000000E+01, 2.350000000E+01, 1.862915775E+03
      2550, 5.312359426E-03, 8.338609710E-03, 0.000000000E+00, 5.310539023E-03, 8.339766000E-03, 2.222222222E-03, 2.027373070E-08, 4.479313995E+02, 5.905466653E+02, 3.000000000E+02, 1.176655108E+00, 2.350000000E+01, 2.350000000E+01, 1.862915775E+03
      2551, 4.574412946E-03, 8.787244558E-03, 0.000000000E+00, 4.572445764E-03, 8.788265129E-03, 2.222222222E-03, 1.838811820E-08, 4.480881588E+02, 5.606966493E+02, 3.000000000E+02, 1.176655108E+00, 2.350000000E+01, 2.350000000E+01, 1.862915775E+03
      2552, 3.798056394E-03, 9.169217199E-03, 0.000000000E+00, 3.796232441E-03, 9.169972512E-03, 2.222222222E-03, 1.665388783E-08, 4.482578333E+02, 5.313109447E+02, 3.000000000E+02, 1.176655108E+00, 2.350000000E+01, 2.350000000E+01, 1.862915775E+03
      2553, 2.989510773E-03, 9.481439367E-03, 0.000000000E+00, 2.988000296E-03, 9.481916734E-03, 2.222222222E-03, 1.501574388E-08, 4.484331745E+02, 5.035831226E+02, 3.000000000E+02, 1.176655108E+00, 2.350000000E+01, 2.350000000E+01, 1.862915775E+03
      2554, 2.155144000E-03, 9.721172974E-03, 0.000000000E+00, 2.154032223E-03, 9.721421538E-03, 2.222222222E-03, 1.345953938E-08, 4.485866784E+02, 4.793494518E+02, 3.000000000E+02, 1.176655108E+00, 2.350000000E+01, 2.350000000E+01, 1.862915775E+03
      2555, 1.301546348E-03, 9.886195883E-03, 0.000000000E+00, 1.300870403E-03, 9.886286687E-03, 2.222222222E-03, 1.198847617E-08, 4.486695147E+02, 4.608136440E+02, 3.000000000E+02, 1.176655108E+00, 2.350000000E+01, 2.350000000E+01, 1.862915775E+03
      2556, 4.355137353E-04, 9.974894114E-03, 0.000000000E+00, 4.352872996E-04, 9.974905674E-03, 2.222222222E-03, 1.060998286E-08, 4.485161998E+02, 4.501264088E+02, 3.000000000E+02, 1.176655108E+00, 2.350000000E+01, 2.350000000E+01, 1.862915775E+03
      2557, 7.274826989E-03, 6.666181609E-03, 0.000000000E+00, 7.275247264E-03, 6.665730454E-03, 2.222222222E-03, 2.209564674E-08, 4.477698706E+02, 6.178951032E+02, 3.000000000E+02, 1.176655108E+00, 2.350000000E+01, 2.350000000E+01, 1.862915775E+03
      2558, 7.846001536E-03, 6.020510569E-03, 0.000000000E+00, 7.846994134E-03, 6.019216667E-03, 2.222222222E-03, 1.975672467E-08, 4.478934708E+02, 5.864690459E+02, 3.000000000E+02, 1.176655108E+00, 2.350000000E+01, 2.350000000E+01, 1.862915775E+03
      2559, 8.357218467E-03, 5.324197467E-03, 0.000000000E+00, 8.358374662E-03, 5.322377111E-03, 2.222222222E-03, 1.784764074E-08, 4.480276742E+02, 5.565353303E+02, 3.000000000E+02, 1.176655108E+00, 2.350000000E+01, 2.350000000E+01, 1.862915775E+03
      2560, 8.804958314E-03, 4.583619069E-03, 0.000000000E+00, 8.805979875E-03, 4.581652498E-03, 2.222222222E-03, 1.618419372E-08, 4.481773113E+02, 5.280295943E+02, 3.000000000E+02, 1.176655108E+00, 2.350000000E+01, 2.350000000E+01, 1.862915775E+03
      2561, 9.185896255E-03, 3.804953303E-03, 0.000000000E+00, 9.186651064E-03, 3.803129342E-03, 2.222222222E-03, 1.465494559E-08, 4.483427019E+02, 5.015031667E+02, 3.000000000E+02, 1.176655108E+00, 2.350000000E+01, 2.350000000E+01, 1.862915775E+03
      2562, 9.496934712E-03, 2.994388575E-03, 0.000000000E+00, 9.497412288E-03, 2.992877923E-03, 2.222222222E-03, 1.321099503E-08, 4.485078848E+02, 4.783347630E+02, 3.000000000E+02, 1.176655108E+00, 2.350000000E+01, 2.350000000E+01, 1.862915775E+03
      2563, 9.735368192E-03, 2.158285817E-03, 0.000000000E+00, 9.735616410E-03, 2.157174057E-03, 2.222222222E-03, 1.183977623E-08, 4.486142145E+02, 4.604842306E+02, 3.000000000E+02, 1.176655108E+00, 2.350000000E+01, 2.350000000E+01, 1.862915775E+03
      2564, 9.899016470E-03, 1.303231576E-03, 0.000000000E+00, 9.899107147E-03, 1.302555578E-03, 2.222222222E-03, 1.054402630E-08, 4.484844615E+02, 4.500747695E+02, 3.000000000E+02, 1.176655108E+00, 2.350000000E+01, 2.350000000E+01, 1.862915775E+03
      2565, 6.666182075E-03, 7.274827454E-03, 0.000000000E+00, 6.665730454E-03, 7.275247264E-03, 2.222222222E-03, 2.209564674E-08, 4.477698706E+02, 6.178951032E+02, 3.000000000E+02, 1.176655108E+00, 2.350000000E+01, 2.350000000E+01, 1.862915775E+03
      2566, 6.020510569E-03, 7.846000604E-03, 0.000000000E+00, 6.019216667E-03, 7.846994134E-03, 2.222222222E-03, 1.975672467E-08, 4.478934708E+02, 5.864690459E+02, 3.000000000E+02, 1.176655108E+00, 2.350000000E+01, 2.350000000E+01, 1.862915775E+03
      2567, 5.324197467E-03, 8.357217535E-03, 0.000000000E+00, 5.322377111E-03, 8.358374662E-03, 2.222222222E-03, 1.784764074E-08, 4.480276742E+02, 5.565353303E+02, 3.000000000E+02, 1.176655108E+00, 2.350000000E+01, 2.350000000E+01, 1.862915775E+03
      2568, 4.583619069E-03, 8.804959245E-03, 0.000000000E+00, 4.581652498E-03, 8.805979875E-03, 2.222222222E-03, 1.618419372E-08, 4.481773113E+02, 5.280295943E+02, 3.000000000E+02, 1.176655108E+00, 2.350000000E+01, 2.350000000E+01, 1.862915775E+03
      2569, 3.804953303E-03, 9.185896255E-03, 0.000000000E+00, 3.803129342E-03, 9.186651064E-03, 2.222222222E-03, 1.465494559E-08, 4.483427019E+02, 5.015031667E+02, 3.000000000E+02, 1.176655108E+00, 2.350000000E+01, 2.350000000E+01, 1.862915775E+03
      2570, 2.994388575E-03, 9.496935643E-03, 0.000000000E+00, 2.992877923E-03, 9.497412288E-03, 2.222222222E-03, 1.321099503E-08, 4.485078848E+02, 4.783347630E+02, 3.000000000E+02, 1.176655108E+00, 2.350000000E+01, 2.350000000E+01, 1.862915775E+03
      2571, 2.158285817E-03, 9.735369124E-03, 0.000000000E+00, 2.157174057E-03, 9.735616410E-03, 2.222222222E-03, 1.183977623E-08, 4.486142145E+02, 4.604842306E+02, 3.000000000E+02, 1.176655108E+00, 2.350000000E+01, 2.350000000E+01, 1.862915775E+03
      2572, 1.303231576E-03, 9.899017401E-03, 0.000000000E+00, 1.302555578E-03, 9.899107147E-03, 2.222222222E-03, 1.054402630E-08, 4.484844615E+02, 4.500747695E+02, 3.000000000E+02, 1.176655108E+00, 2.350000000E+01, 2.350000000E+01, 1.862915775E+03
      2573, 7.292587310E-03, 6.682449952E-03, 0.000000000E+00, 7.293006616E-03, 6.681997854E-03, 2.222222222E-03, 1.945562376E-08, 4.478738527E+02, 5.840770016E+02, 3.000000000E+02, 1.176655108E+00, 2.350000000E+01, 2.350000000E+01, 1.862915775E+03
      2574, 7.863054052E-03, 6.033582613E-03, 0.000000000E+00, 7.864046631E-03, 6.032288243E-03, 2.222222222E-03, 1.739149948E-08, 4.479873033E+02, 5.530301315E+02, 3.000000000E+02, 1.176655108E+00, 2.350000000E+01, 2.350000000E+01, 1.862915775E+03
      2575, 8.373563178E-03, 5.334595218E-03, 0.000000000E+00, 8.374720128E-03, 5.332775445E-03, 2.222222222E-03, 1.570755233E-08, 4.481144416E+02, 5.247297418E+02, 3.000000000E+02, 1.176655108E+00, 2.350000000E+01, 2.350000000E+01, 1.862915775E+03
      2576, 8.820517920E-03, 4.591705743E-03, 0.000000000E+00, 8.821540134E-03, 4.589739500E-03, 2.222222222E-03, 1.424088857E-08, 4.482601634E+02, 4.991564517E+02, 3.000000000E+02, 1.176655108E+00, 2.350000000E+01, 2.350000000E+01, 1.862915775E+03
      2577, 9.200545959E-03, 3.811011324E-03, 0.000000000E+00, 9.201301145E-03, 3.809187433E-03, 2.222222222E-03, 1.289304966E-08, 4.484164224E+02, 4.770600859E+02, 3.000000000E+02, 1.176655108E+00, 2.350000000E+01, 2.350000000E+01, 1.862915775E+03
      2578, 9.510545991E-03, 2.998672891E-03, 0.000000000E+00, 9.511023244E-03, 2.997162324E-03, 2.222222222E-03, 1.162082661E-08, 4.485359272E+02, 4.600085913E+02, 3.000000000E+02, 1.176655108E+00, 2.350000000E+01, 2.350000000E+01, 1.862915775E+03
      2579, 9.747837670E-03, 2.161045559E-03, 0.000000000E+00, 9.748084871E-03, 2.159933774E-03, 2.222222222E-03, 1.041307426E-08, 4.484264124E+02, 4.499764217E+02, 3.000000000E+02, 1.176655108E+00, 2.350000000E+01, 2.350000000E+01, 1.862915775E+03
      2580, 6.682449952E-03, 7.292587310E-03, 0.000000000E+00, 6.681997854E-03, 7.293006616E-03, 2.222222222E-03, 1.945562376E-08, 4.478738527E+02, 5.840770016E+02, 3.000000000E+02, 1.176655108E+00, 2.350000000E+01, 2.350000000E+01, 1.862915775E+03
      2581, 6.033582613E-03, 7.863054052E-03, 0.000000000E+00, 6.032288243E-03, 7.864046631E-03, 2.222222222E-03, 1.739149948E-08, 4.479873033E+02, 5.530301315E+02, 3.000000000E+02, 1.176655108E+00, 2.350000000E+01, 2.350000000E+01, 1.862915775E+03
      2582, 5.334595218E-03, 8.373562247E-03, 0.000000000E+00, 5.332775445E-03, 8.374720128E-03, 2.222222222E-03, 1.570755233E-08, 4.481144416E+02, 5.247297418E+02, 3.000000000E+02, 1.176655108E+00, 2.350000000E+01, 2.350000000E+01, 1.862915775E+03
      2583, 4.591705743E-03, 8.820517920E-03, 0.000000000E+00, 4.589739500E-03, 8.821540134E-03, 2.222222222E-03, 1.424088857E-08, 4.482601634E+02, 4.991564517E+02, 3.000000000E+02, 1.176655108E+00, 2.350000000E+01, 2.350000000E+01, 1.862915775E+03
      2584, 3.811011324E-03, 9.200545028E-03, 0.000000000E+00, 3.809187433E-03, 9.201301145E-03, 2.222222222E-03, 1.289304966E-08, 4.484164224E+02, 4.770600859E+02, 3.000000000E+02, 1.176655108E+00, 2.350000000E+01, 2.350000000E+01, 1.862915775E+03
      2585, 2.998672891E-03, 9.510545991E-03, 0.000000000E+00, 2.997162324E-03, 9.511023244E-03, 2.222222222E-03, 1.162082661E-08, 4.485359272E+02, 4.600085913E+02, 3.000000000E+02, 1.176655108E+00, 2.350000000E+01, 2.350000000E+01, 1.862915775E+03
      2586, 2.161045559E-03, 9.747836739E-03, 0.000000000E+00, 2.159933774E-03, 9.748084871E-03, 2.222222222E-03, 1.041307426E-08, 4.484264124E+02, 4.499764217E+02, 3.000000000E+02, 1.176655108E+00, 2.350000000E+01, 2.350000000E+01, 1.862915775E+03
      2587, 7.308187429E-03, 6.696739700E-03, 0.000000000E+00, 7.308606081E-03, 6.696286816E-03, 2.222222222E-03, 1.712587239E-08, 4.479665525E+02, 5.509853169E+02, 3.000000000E+02, 1.176655108E+00, 2.350000000E+01, 2.350000000E+01, 1.862915775E+03
      2588, 7.878031582E-03, 6.045063958E-03, 0.000000000E+00, 7.879025193E-03, 6.043770046E-03, 2.222222222E-03, 1.530533378E-08, 4.480721551E+02, 5.219717899E+02, 3.000000000E+02, 1.176655108E+00, 2.350000000E+01, 2.350000000E+01, 1.862915775E+03
      2589, 8.387919515E-03, 5.343729164E-03, 0.000000000E+00, 8.389077639E-03, 5.341909121E-03, 2.222222222E-03, 1.382075317E-08, 4.481952505E+02, 4.968196410E+02, 3.000000000E+02, 1.176655108E+00, 2.350000000E+01, 2.350000000E+01, 1.862915775E+03
      2590, 8.834185079E-03, 4.598808941E-03, 0.000000000E+00, 8.835207929E-03, 4.596842948E-03, 2.222222222E-03, 1.252820318E-08, 4.483326583E+02, 4.756366611E+02, 3.000000000E+02, 1.176655108E+00, 2.350000000E+01, 2.350000000E+01, 1.862915775E+03
      2591, 9.213414043E-03, 3.816332435E-03, 0.000000000E+00, 9.214169455E-03, 3.814508726E-03, 2.222222222E-03, 1.134075731E-08, 4.484449530E+02, 4.594173480E+02, 3.000000000E+02, 1.176655108E+00, 2.350000000E+01, 2.350000000E+01, 1.862915775E+03
      2592, 9.522501379E-03, 3.002436133E-03, 0.000000000E+00, 9.522978805E-03, 3.000925646E-03, 2.222222222E-03, 1.022026489E-08, 4.483441865E+02, 4.498359869E+02, 3.000000000E+02, 1.176655108E+00, 2.350000000E+01, 2.350000000E+01, 1.862915775E+03
      2593, 6.696739700E-03, 7.308187429E-03, 0.000000000E+00, 6.696286816E-03, 7.308606081E-03, 2.222222222E-03, 1.712587239E-08, 4.479665525E+02, 5.509853169E+02, 3.000000000E+02, 1.176655108E+00, 2.350000000E+01, 2.350000000E+01, 1.862915775E+03
      2594, 6.045063958E-03, 7.878032513E-03, 0.000000000E+00, 6.043770046E-03, 7.879025193E-03, 2.222222222E-03, 1.530533378E-08, 4.480721551E+02, 5.219717899E+02, 3.000000000E+02, 1.176655108E+00, 2.350000000E+01, 2.350000000E+01, 1.862915775E+03
      2595, 5.343729164E-03, 8.387919515E-03, 0.000000000E+00, 5.341909121E-03, 8.389077639E-03, 2.222222222E-03, 1.382075317E-08, 4.481952505E+02, 4.968196410E+02, 3.000000000E+02, 1.176655108E+00, 2.350000000E+01, 2.350000000E+01, 1.862915775E+03
      2596, 4.598808941E-03, 8.834185079E-03, 0.000000000E+00, 4.596842948E-03, 8.835207929E-03, 2.222222222E-03, 1.252820318E-08, 4.483326583E+02, 4.756366611E+02, 3.000000000E+02, 1.176655108E+00, 2.350000000E+01, 2.350000000E+01, 1.862915775E+03
      2597, 3.816332435E-03, 9.213414043E-03, 0.000000000E+00, 3.814508726E-03, 9.214169455E-03, 2.222222222E-03, 1.134075731E-08, 4.484449530E+02, 4.594173480E+02, 3.000000000E+02, 1.176655108E+00, 2.350000000E+01, 2.350000000E+01, 1.862915775E+03
      2598, 3.002436133E-03, 9.522501379E-03, 0.000000000E+00, 3.000925646E-03, 9.522978805E-03, 2.222222222E-03, 1.022026489E-08, 4.483441865E+02, 4.498359869E+02, 3.000000000E+02, 1.176655108E+00, 2.350000000E+01, 2.350000000E+01, 1.862915775E+03
      2599, 7.321889978E-03, 6.709291134E-03, 0.000000000E+00, 7.322308330E-03, 6.708837947E-03, 2.222222222E-03, 1.507112820E-08, 4.480502017E+02, 5.203706576E+02, 3.000000000E+02, 1.176655108E+00, 2.350000000E+01, 2.350000000E+01, 1.862915775E+03
      2600, 7.891189307E-03, 6.055149715E-03, 0.000000000E+00, 7.892182044E-03, 6.053855419E-03, 2.222222222E-03, 1.346625437E-08, 4.481511966E+02, 4.948828940E+02, 3.000000000E+02, 1.176655108E+00, 2.350000000E+01, 2.350000000E+01, 1.862915775E+03
      2601, 8.400530554E-03, 5.351751111E-03, 0.000000000E+00, 8.401688965E-03, 5.349931943E-03, 2.222222222E-03, 1.215803607E-08, 4.482664208E+02, 4.742368736E+02, 3.000000000E+02, 1.176655108E+00, 2.350000000E+01, 2.350000000E+01, 1.862915775E+03
      2602, 8.846189827E-03, 4.605047870E-03, 0.000000000E+00, 8.847213418E-03, 4.603082459E-03, 2.222222222E-03, 1.101939870E-08, 4.483615722E+02, 4.587706229E+02, 3.000000000E+02, 1.176655108E+00, 2.350000000E+01, 2.350000000E+01, 1.862915775E+03
      2603, 9.224716574E-03, 3.821006278E-03, 0.000000000E+00, 9.225472689E-03, 3.819182831E-03, 2.222222222E-03, 9.973646411E-09, 4.482483664E+02, 4.496675294E+02, 3.000000000E+02, 1.176655108E+00, 2.350000000E+01, 2.350000000E+01, 1.862915775E+03
      2604, 6.709291134E-03, 7.321889978E-03, 0.000000000E+00, 6.708837947E-03, 7.322308330E-03, 2.222222222E-03, 1.507112820E-08, 4.480502017E+02, 5.203706576E+02, 3.000000000E+02, 1.176655108E+00, 2.350000000E+01, 2.350000000E+01, 1.862915775E+03
      2605, 6.055149715E-03, 7.891189307E-03, 0.000000000E+00, 6.053855419E-03, 7.892182044E-03, 2.222222222E-03, 1.346625437E-08, 4.481511966E+02, 4.948828940E+02, 3.000000000E+02, 1.176655108E+00, 2.350000000E+01, 2.350000000E+01, 1.862915775E+03
      2606, 5.351751577E-03, 8.400530554E-03, 0.000000000E+00, 5.349931943E-03, 8.401688965E-03, 2.222222222E-03, 1.215803607E-08, 4.482664208E+02, 4.742368736E+02, 3.000000000E+02, 1.176655108E+00, 2.350000000E+01, 2.350000000E+01, 1.862915775E+03
      2607, 4.605048336E-03, 8.846189827E-03, 0.000000000E+00, 4.603082459E-03, 8.847213418E-03, 2.222222222E-03, 1.101939870E-08, 4.483615722E+02, 4.587706229E+02, 3.000000000E+02, 1.176655108E+00, 2.350000000E+01, 2.350000000E+01, 1.862915775E+03
      2608, 3.821006510E-03, 9.224716574E-03, 0.000000000E+00, 3.819182831E-03, 9.225472689E-03, 2.222222222E-03, 9.973646411E-09, 4.482483664E+02, 4.496675294E+02, 3.000000000E+02, 1.176655108E+00, 2.350000000E+01, 2.350000000E+01, 1.862915775E+03
      2609, 7.333926391E-03, 6.720316131E-03, 0.000000000E+00, 7.334344095E-03, 6.719862595E-03, 2.222222222E-03, 1.325985095E-08, 4.481282404E+02, 4.937637615E+02, 3.000000000E+02, 1.176655108E+00, 2.350000000E+01, 2.350000000E+01, 1.862915775E+03
      2610, 7.902746089E-03, 6.064007990E-03, 0.000000000E+00, 7.903738736E-03, 6.062714190E-03, 2.222222222E-03, 1.184572730E-08, 4.482212044E+02, 4.730891231E+02, 3.000000000E+02, 1.176655108E+00, 2.350000000E+01, 2.350000000E+01, 1.862915775E+03
      2611, 8.411607705E-03, 5.358798429E-03, 0.000000000E+00, 8.412766473E-03, 5.356979012E-03, 2.222222222E-03, 1.069338083E-08, 4.482955236E+02, 4.581492352E+02, 3.000000000E+02, 1.176655108E+00, 2.350000000E+01, 2.350000000E+01, 1.862915775E+03
      2612, 8.856735192E-03, 4.610528238E-03, 0.000000000E+00, 8.857758768E-03, 4.608563104E-03, 2.222222222E-03, 9.690689022E-09, 4.481596421E+02, 4.494978866E+02, 3.000000000E+02, 1.176655108E+00, 2.350000000E+01, 2.350000000E+01, 1.862915775E+03
      2613, 6.720316131E-03, 7.333926391E-03, 0.000000000E+00, 6.719862595E-03, 7.334344095E-03, 2.222222222E-03, 1.325985095E-08, 4.481282404E+02, 4.937637615E+02, 3.000000000E+02, 1.176655108E+00, 2.350000000E+01, 2.350000000E+01, 1.862915775E+03
      2614, 6.064007990E-03, 7.902745157E-03, 0.000000000E+00, 6.062714190E-03, 7.903738736E-03, 2.222222222E-03, 1.184572730E-08, 4.482212044E+02, 4.730891231E+02, 3.000000000E+02, 1.176655108E+00, 2.350000000E+01, 2.350000000E+01, 1.862915775E+03
      2615, 5.358797964E-03, 8.411607705E-03, 0.000000000E+00, 5.356979012E-03, 8.412766473E-03, 2.222222222E-03, 1.069338083E-08, 4.482955236E+02, 4.581492352E+02, 3.000000000E+02, 1.176655108E+00, 2.350000000E+01, 2.350000000E+01, 1.862915775E+03
      2616, 4.610528704E-03, 8.856734261E-03, 0.000000000E+00, 4.608563104E-03, 8.857758768E-03, 2.222222222E-03, 9.690689022E-09, 4.481596421E+02, 4.494978866E+02, 3.000000000E+02, 1.176655108E+00, 2.350000000E+01, 2.350000000E+01, 1.862915775E+03
      2617, 7.344498765E-03, 6.730000023E-03, 0.000000000E+00, 7.344916051E-03, 6.729546406E-03, 2.222222222E-03, 1.166390068E-08, 4.481976940E+02, 4.724293402E+02, 3.000000000E+02, 1.176655108E+00, 2.350000000E+01, 2.350000000E+01, 1.862915775E+03
      2618, 7.912896574E-03, 6.071789190E-03, 0.000000000E+00, 7.913889877E-03, 6.070495539E-03, 2.222222222E-03, 1.041834228E-08, 4.482503850E+02, 4.576495987E+02, 3.000000000E+02, 1.176655108E+00, 2.350000000E+01, 2.350000000E+01, 1.862915775E+03
      2619, 8.421337232E-03, 5.364987999E-03, 0.000000000E+00, 8.422496705E-03, 5.363168998E-03, 2.222222222E-03, 9.403650056E-09, 4.480884090E+02, 4.493469939E+02, 3.000000000E+02, 1.176655108E+00, 2.350000000E+01, 2.350000000E+01, 1.862915775E+03
      2620, 6.730000023E-03, 7.344498299E-03, 0.000000000E+00, 6.729546406E-03, 7.344916051E-03, 2.222222222E-03, 1.166390068E-08, 4.481976940E+02, 4.724293402E+02, 3.000000000E+02, 1.176655108E+00, 2.350000000E+01, 2.350000000E+01, 1.862915775E+03
      2621, 6.071789190E-03, 7.912896574E-03, 0.000000000E+00, 6.070495539E-03, 7.913889877E-03, 2.222222222E-03, 1.041834228E-08, 4.482503850E+02, 4.576495987E+02, 3.000000000E+02, 1.176655108E+00, 2.350000000E+01, 2.350000000E+01, 1.862915775E+03
      2622, 5.364987534E-03, 8.421337232E-03, 0.000000000E+00, 5.363168998E-03, 8.422496705E-03, 2.222222222E-03, 9.403650056E-09, 4.480884090E+02, 4.493469939E+02, 3.000000000E+02, 1.176655108E+00, 2.350000000E+01, 2.350000000E+01, 1.862915775E+03
      2623, 7.353784982E-03, 6.738506258E-03, 0.000000000E+00, 7.354202221E-03, 6.738052451E-03, 2.222222222E-03, 1.025822371E-08, 4.482275846E+02, 4.573652167E+02, 3.000000000E+02, 1.176655108E+00, 2.350000000E+01, 2.350000000E+01, 1.862915775E+03
      2624, 7.921813056E-03, 6.078623701E-03, 0.000000000E+00, 7.922806410E-03, 6.077330499E-03, 2.222222222E-03, 9.161511945E-09, 4.480390045E+02, 4.492322209E+02, 3.000000000E+02, 1.176655108E+00, 2.350000000E+01, 2.350000000E+01, 1.862915775E+03
      2625, 6.738506258E-03, 7.353784982E-03, 0.000000000E+00, 6.738052451E-03, 7.354202221E-03, 2.222222222E-03, 1.025822371E-08, 4.482275846E+02, 4.573652167E+02, 3.000000000E+02, 1.176655108E+00, 2.350000000E+01, 2.350000000E+01, 1.862915775E+03
      2626, 6.078624167E-03, 7.921813056E-03, 0.000000000E+00, 6.077330499E-03, 7.922806410E-03, 2.222222222E-03, 9.161511945E-09, 4.480390045E+02, 4.492322209E+02, 3.000000000E+02, 1.176655108E+00, 2.350000000E+01, 2.350000000E+01, 1.862915775E+03
      2627, 7.361941971E-03, 6.745978259E-03, 0.000000000E+00, 7.362358984E-03, 6.745523969E-03, 2.222222222E-03, 9.020554101E-09, 4.480129113E+02, 4.491689141E+02, 3.000000000E+02, 1.176655108E+00, 2.350000000E+01, 2.350000000E+01, 1.862915775E+03
      2628, 6.745977793E-03, 7.361941505E-03, 0.000000000E+00, 6.745523969E-03, 7.362358984E-03, 2.222222222E-03, 9.020554101E-09, 4.480129113E+02, 4.491689141E+02, 3.000000000E+02, 1.176655108E+00, 2.350000000E+01, 2.350000000E+01, 1.862915775E+03
