cellnumber,    x-coordinate,    y-coordinate,    z-coordinate,    x-coordinate,    y-coordinate,    z-coordinate,face-area-magnitude,        pressure,  total-pressure,     temperature,         density,      z-velocity,velocity-magnitude,        enthalpy
         1,-4.631140269E-03,-3.101762384E-03, 6.000000238E-01,-4.641567575E-03,-3.103176171E-03, 5.966666667E-01, 6.164973525E-07, 0.000000000E+00, 5.405654358E+02, 3.595088422E+02, 9.818855361E-01, 3.310126452E+01, 3.310126536E+01, 6.186185847E+04
         2,-3.949485254E-03,-3.015428782E-03, 6.000000238E-01,-3.943734986E-03,-3.013379239E-03, 5.966666667E-01, 4.123595895E-07, 0.000000000E+00, 5.677103387E+02, 3.529953831E+02, 1.000003255E+00, 3.361756324E+01, 3.361756408E+01, 5.528570595E+04
         3,-4.820572678E-03,-2.384747379E-03, 6.000000238E-01,-4.832235626E-03,-2.385056029E-03, 5.966666667E-01, 6.213272719E-07, 0.000000000E+00, 5.494497806E+02, 3.573710712E+02, 9.877591130E-01, 3.327418249E+01, 3.327418335E+01, 5.970304324E+04
         4,-4.288387485E-03,-3.764230292E-03, 6.000000238E-01,-4.296900333E-03,-3.769029306E-03, 5.966666667E-01, 6.119995882E-07, 0.000000000E+00, 5.343409699E+02, 3.610273919E+02, 9.777555394E-01, 3.297858620E+01, 3.297858702E+01, 6.339563434E+04
         5,-5.272400565E-03,-3.528956324E-03, 6.000000238E-01,-5.279567770E-03,-3.528197927E-03, 5.966666667E-01, 5.803211172E-07, 0.000000000E+00, 5.022460114E+02, 3.687863752E+02, 9.571843106E-01, 3.230924435E+01, 3.230924501E+01, 7.123601472E+04
         6,-3.674950916E-03,-3.674950916E-03, 6.000000238E-01,-3.669488865E-03,-3.669488865E-03, 5.966666667E-01, 2.438993344E-07, 0.000000000E+00, 5.577616746E+02, 3.554005639E+02, 9.932357123E-01, 3.343356794E+01, 3.343356874E+01, 5.771354308E+04
         7,-3.240047488E-03,-3.240047721E-03, 6.000000238E-01,-3.237190572E-03,-3.237190572E-03, 5.966666667E-01, 5.500287908E-07, 0.000000000E+00, 5.836725543E+02, 3.492389890E+02, 1.010759232E+00, 3.390733127E+01, 3.390733210E+01, 5.149506728E+04
         8,-4.082478583E-03,-2.305219183E-03, 6.000000238E-01,-4.076842442E-03,-2.305268602E-03, 5.966666667E-01, 4.709030643E-07, 0.000000000E+00, 5.792176530E+02, 3.502700425E+02, 1.007783965E+00, 3.382689359E+01, 3.382689443E+01, 5.253539235E+04
         9,-4.914961755E-03,-1.674166066E-03, 6.000000238E-01,-4.928066155E-03,-1.674595543E-03, 5.966666667E-01, 6.239987061E-07, 0.000000000E+00, 5.575742890E+02, 3.554280874E+02, 9.931587987E-01, 3.342927210E+01, 3.342927297E+01, 5.774132915E+04
        10,-5.542861763E-03,-2.739628311E-03, 6.000000238E-01,-5.550517885E-03,-2.737968237E-03, 5.966666667E-01, 5.907096666E-07, 0.000000000E+00, 5.107969029E+02, 3.666950269E+02, 9.626433587E-01, 3.249209409E+01, 3.249209479E+01, 6.912213408E+04
        11,-3.764230292E-03,-4.288387485E-03, 6.000000238E-01,-3.769029306E-03,-4.296900333E-03, 5.966666667E-01, 6.119995882E-07, 0.000000000E+00, 5.343409699E+02, 3.610273919E+02, 9.777555394E-01, 3.297858620E+01, 3.297858702E+01, 6.339563434E+04
        12,-4.850606434E-03,-4.256685730E-03, 6.000000238E-01,-4.856256533E-03,-4.258977071E-03, 5.966666667E-01, 5.724605274E-07, 0.000000000E+00, 4.962516845E+02, 3.702585881E+02, 9.533783783E-01, 3.217883600E+01, 3.217883664E+01, 7.272435169E+04
        13,-5.802772939E-03,-3.882278688E-03, 6.000000238E-01,-5.808105861E-03,-3.880298426E-03, 5.966666667E-01, 5.281486930E-07, 0.000000000E+00, 4.655814976E+02, 3.778153226E+02, 9.343097306E-01, 3.147930852E+01, 3.147930902E+01, 8.036726089E+04
        14,-3.015429014E-03,-3.949485254E-03, 6.000000238E-01,-3.013379239E-03,-3.943734986E-03, 5.966666667E-01, 4.123595895E-07, 0.000000000E+00, 5.677103387E+02, 3.529953831E+02, 1.000003255E+00, 3.361756324E+01, 3.361756408E+01, 5.528570595E+04
        15,-2.479922492E-03,-3.348860424E-03, 6.000000238E-01,-2.479012602E-03,-3.345823492E-03, 5.966666667E-01, 5.886253745E-07, 0.000000000E+00, 5.996407001E+02, 3.454832396E+02, 1.021747199E+00, 3.418491990E+01, 3.418492071E+01, 4.770591258E+04
        16,-3.348860657E-03,-2.479922492E-03, 6.000000238E-01,-3.345823492E-03,-2.479012602E-03, 5.966666667E-01, 5.886253745E-07, 0.000000000E+00, 5.996407001E+02, 3.454832396E+02, 1.021747199E+00, 3.418491990E+01, 3.418492071E+01, 4.770591258E+04
        17,-4.133446608E-03,-1.609289320E-03, 6.000000238E-01,-4.127739223E-03,-1.610079647E-03, 5.966666667E-01, 4.677851922E-07, 0.000000000E+00, 5.891074459E+02, 3.479398950E+02, 1.014533077E+00, 3.400217937E+01, 3.400218021E+01, 5.018435470E+04
        18,-4.959166050E-03,-9.899165016E-04, 6.000000238E-01,-4.973614299E-03,-9.904304461E-04, 5.966666667E-01, 6.248118250E-07, 0.000000000E+00, 5.633157494E+02, 3.540604372E+02, 9.969951320E-01, 3.353708500E+01, 3.353708589E+01, 5.636072123E+04
        19,-5.708118435E-03,-1.942398725E-03, 6.000000238E-01,-5.716232548E-03,-1.941140455E-03, 5.966666667E-01, 5.992703727E-07, 0.000000000E+00, 5.186210938E+02, 3.647905398E+02, 9.676690970E-01, 3.265619969E+01, 3.265620041E+01, 6.719750848E+04
        20,-6.140251178E-03,-3.033142304E-03, 6.000000238E-01,-6.145686613E-03,-3.030391317E-03, 5.966666667E-01, 5.411145742E-07, 0.000000000E+00, 4.737962497E+02, 3.757684408E+02, 9.393990924E-01, 3.167128803E+01, 3.167128857E+01, 7.829647322E+04
        21,-3.101762384E-03,-4.631140269E-03, 6.000000238E-01,-3.103176171E-03,-4.641567575E-03, 5.966666667E-01, 6.164973525E-07, 0.000000000E+00, 5.405654358E+02, 3.595088422E+02, 9.818855361E-01, 3.310126452E+01, 3.310126536E+01, 6.186185847E+04
        22,-4.256685730E-03,-4.850606434E-03, 6.000000238E-01,-4.258977071E-03,-4.856256533E-03, 5.966666667E-01, 5.724605274E-07, 0.000000000E+00, 4.962516845E+02, 3.702585881E+02, 9.533783783E-01, 3.217883600E+01, 3.217883664E+01, 7.272435169E+04
        23,-5.315604620E-03,-4.663984291E-03, 6.000000238E-01,-5.319612649E-03,-4.664837046E-03, 5.966666667E-01, 5.188149762E-07, 0.000000000E+00, 4.597998166E+02, 3.792620472E+02, 9.307457334E-01, 3.134191904E+01, 3.134191951E+01, 8.183113476E+04
        24,-6.241431925E-03,-4.174503498E-03, 6.000000238E-01,-6.245685863E-03,-4.171804640E-03, 5.966666667E-01, 4.697765035E-07, 0.000000000E+00, 4.304535737E+02, 3.866494160E+02, 9.129627969E-01, 3.061294885E+01, 3.061294922E+01, 8.930933551E+04
        25,-2.305219183E-03,-4.082478583E-03, 6.000000238E-01,-2.305268602E-03,-4.076842442E-03, 5.966666667E-01, 4.709030643E-07, 0.000000000E+00, 5.792176530E+02, 3.502700425E+02, 1.007783965E+00, 3.382689359E+01, 3.382689443E+01, 5.253539235E+04
        26,-1.734077465E-03,-3.390561556E-03, 6.000000238E-01,-1.734003159E-03,-3.387419836E-03, 5.966666667E-01, 5.748591436E-07, 0.000000000E+00, 6.125734611E+02, 3.424573765E+02, 1.030775088E+00, 3.440165895E+01, 3.440165973E+01, 4.465354651E+04
        27,-2.564554801E-03,-2.564554801E-03, 6.000000238E-01,-2.563381748E-03,-2.563381748E-03, 5.966666667E-01, 6.168069242E-07, 0.000000000E+00, 6.190318370E+02, 3.409573483E+02, 1.035309941E+00, 3.450753789E+01, 3.450753864E+01, 4.314051560E+04
        28,-3.390561556E-03,-1.734077465E-03, 6.000000238E-01,-3.387419836E-03,-1.734003159E-03, 5.966666667E-01, 5.748591436E-07, 0.000000000E+00, 6.125734611E+02, 3.424573765E+02, 1.030775088E+00, 3.440165895E+01, 3.440165973E+01, 4.465354651E+04
        29,-4.148196895E-03,-9.474668186E-04, 6.000000238E-01,-4.142269384E-03,-9.481934315E-04, 5.966666667E-01, 4.491128626E-07, 0.000000000E+00, 5.959324415E+02, 3.463371484E+02, 1.019228038E+00, 3.412065011E+01, 3.412065094E+01, 4.856736680E+04
        30,-4.976690281E-03,-3.273406764E-04, 6.000000238E-01,-4.991929244E-03,-3.275688199E-04, 5.966666667E-01, 6.248665610E-07, 0.000000000E+00, 5.662161987E+02, 3.533711030E+02, 9.989400076E-01, 3.359098748E+01, 3.359098837E+01, 5.566492689E+04
        31,-5.803687032E-03,-1.157293795E-03, 6.000000238E-01,-5.812276806E-03,-1.156646757E-03, 5.966666667E-01, 6.047273891E-07, 0.000000000E+00, 5.241540145E+02, 3.634487385E+02, 9.712415945E-01, 3.277041977E+01, 3.277042051E+01, 6.584173631E+04
        32,-6.364120636E-03,-2.164247679E-03, 6.000000238E-01,-6.369491644E-03,-2.162061938E-03, 5.966666667E-01, 5.525395406E-07, 0.000000000E+00, 4.813131846E+02, 3.739041175E+02, 9.440830302E-01, 3.184369596E+01, 3.184369653E+01, 7.641074067E+04
        33,-6.634338293E-03,-3.275901079E-03, 6.000000238E-01,-6.638481184E-03,-3.272515104E-03, 5.966666667E-01, 4.834921837E-07, 0.000000000E+00, 4.383403659E+02, 3.846409027E+02, 9.177300953E-01, 3.081354504E+01, 3.081354544E+01, 8.727558617E+04
        34,-2.384747379E-03,-4.820573144E-03, 6.000000238E-01,-2.385056029E-03,-4.832235626E-03, 5.966666667E-01, 6.213272719E-07, 0.000000000E+00, 5.494497806E+02, 3.573710712E+02, 9.877591130E-01, 3.327418249E+01, 3.327418335E+01, 5.970304324E+04
        35,-3.528956091E-03,-5.272400565E-03, 6.000000238E-01,-3.528197927E-03,-5.279567770E-03, 5.966666667E-01, 5.803211172E-07, 0.000000000E+00, 5.022460114E+02, 3.687863752E+02, 9.571843106E-01, 3.230924435E+01, 3.230924501E+01, 7.123601472E+04
        36,-4.663984291E-03,-5.315604620E-03, 6.000000238E-01,-4.664837046E-03,-5.319612649E-03, 5.966666667E-01, 5.188149762E-07, 0.000000000E+00, 4.597998166E+02, 3.792620472E+02, 9.307457334E-01, 3.134191904E+01, 3.134191951E+01, 8.183113476E+04
        37,-5.700194743E-03,-5.000852048E-03, 6.000000238E-01,-5.703217361E-03,-5.000841674E-03, 5.966666667E-01, 4.601192732E-07, 0.000000000E+00, 4.249211531E+02, 3.880650643E+02, 9.096323395E-01, 3.046995587E+01, 3.046995622E+01, 9.074301306E+04
        38,-6.604237016E-03,-4.416196141E-03, 6.000000238E-01,-6.607837751E-03,-4.413062295E-03, 5.966666667E-01, 4.110857695E-07, 0.000000000E+00, 3.966948064E+02, 3.953469421E+02, 8.928778616E-01, 2.970870029E+01, 2.970870056E+01, 9.812079765E+04
        39,-1.609289320E-03,-4.133446608E-03, 6.000000238E-01,-1.610079647E-03,-4.127739223E-03, 5.966666667E-01, 4.677851922E-07, 0.000000000E+00, 5.891074459E+02, 3.479398950E+02, 1.014533077E+00, 3.400217937E+01, 3.400218021E+01, 5.018435470E+04
        40,-1.022339682E-03,-3.402630100E-03, 6.000000238E-01,-1.022470806E-03,-3.399358916E-03, 5.966666667E-01, 5.509921557E-07, 0.000000000E+00, 6.213197017E+02, 3.404193994E+02, 1.036945993E+00, 3.454425045E+01, 3.454425118E+01, 4.259792552E+04
        41,-1.794529031E-03,-2.596989041E-03, 6.000000238E-01,-1.794210060E-03,-2.595738055E-03, 5.966666667E-01, 5.990847424E-07, 0.000000000E+00, 6.345245536E+02, 3.373605080E+02, 1.046348117E+00, 3.475384365E+01, 3.475384430E+01, 3.951286349E+04
        42,-2.596989041E-03,-1.794529031E-03, 6.000000238E-01,-2.595738055E-03,-1.794210060E-03, 5.966666667E-01, 5.990847424E-07, 0.000000000E+00, 6.345245536E+02, 3.373605080E+02, 1.046348117E+00, 3.475384365E+01, 3.475384430E+01, 3.951286349E+04
        43,-3.402630100E-03,-1.022339682E-03, 6.000000238E-01,-3.399358916E-03,-1.022470806E-03, 5.966666667E-01, 5.509921557E-07, 0.000000000E+00, 6.213197017E+02, 3.404193994E+02, 1.036945993E+00, 3.454425045E+01, 3.454425118E+01, 4.259792552E+04
        44,-4.150846042E-03,-3.125824442E-04, 6.000000238E-01,-4.144747570E-03,-3.128621781E-04, 5.966666667E-01, 4.363359312E-07, 0.000000000E+00, 5.993477088E+02, 3.455367086E+02, 1.021589092E+00, 3.417917754E+01, 3.417917837E+01, 4.775985320E+04
        45,-4.976690281E-03, 3.273406764E-04, 6.000000238E-01,-4.991929244E-03, 3.275688199E-04, 5.966666667E-01, 6.248665610E-07, 0.000000000E+00, 5.662161987E+02, 3.533711030E+02, 9.989400076E-01, 3.359098748E+01, 3.359098837E+01, 5.566492689E+04
        46,-5.847949069E-03,-3.842446313E-04, 6.000000238E-01,-5.856836426E-03,-3.840579255E-04, 5.966666667E-01, 6.072854638E-07, 0.000000000E+00, 5.269507667E+02, 3.627719963E+02, 9.730534217E-01, 3.282758378E+01, 3.282758453E+01, 6.515801622E+04
        47,-6.502171047E-03,-1.295728027E-03, 6.000000238E-01,-6.507559797E-03,-1.294446376E-03, 5.966666667E-01, 5.603257899E-07, 0.000000000E+00, 4.866293358E+02, 3.725904329E+02, 9.474116916E-01, 3.196377333E+01, 3.196377392E+01, 7.508217891E+04
        48,-6.906685419E-03,-2.347734291E-03, 6.000000238E-01,-6.910461705E-03,-2.345009116E-03, 5.966666667E-01, 4.959134699E-07, 0.000000000E+00, 4.455581774E+02, 3.828119472E+02, 9.221147221E-01, 3.099382400E+01, 3.099382443E+01, 8.542400167E+04
        49,-7.042986341E-03,-3.476681421E-03, 6.000000238E-01,-7.046353416E-03,-3.472914165E-03, 5.966666667E-01, 4.244763245E-07, 0.000000000E+00, 4.042753765E+02, 3.933670177E+02, 8.973719614E-01, 2.991795239E+01, 2.991795268E+01, 9.611427159E+04
        50,-1.674166066E-03,-4.914961755E-03, 6.000000238E-01,-1.674595543E-03,-4.928066155E-03, 5.966666667E-01, 6.239987061E-07, 0.000000000E+00, 5.575742890E+02, 3.554280874E+02, 9.931587987E-01, 3.342927210E+01, 3.342927297E+01, 5.774132915E+04
        51,-2.739628311E-03,-5.542861763E-03, 6.000000238E-01,-2.737968237E-03,-5.550517885E-03, 5.966666667E-01, 5.907096666E-07, 0.000000000E+00, 5.107969029E+02, 3.666950269E+02, 9.626433587E-01, 3.249209409E+01, 3.249209479E+01, 6.912213408E+04
        52,-3.882278688E-03,-5.802772939E-03, 6.000000238E-01,-3.880298426E-03,-5.808105861E-03, 5.966666667E-01, 5.281486930E-07, 0.000000000E+00, 4.655814976E+02, 3.778153226E+02, 9.343097306E-01, 3.147930852E+01, 3.147930902E+01, 8.036726089E+04
        53,-5.000852048E-03,-5.700194743E-03, 6.000000238E-01,-5.000841674E-03,-5.703217361E-03, 5.966666667E-01, 4.601192732E-07, 0.000000000E+00, 4.249211531E+02, 3.880650643E+02, 9.096323395E-01, 3.046995587E+01, 3.046995622E+01, 9.074301306E+04
        54,-6.018280052E-03,-5.279466975E-03, 6.000000238E-01,-6.020694031E-03,-5.278923843E-03, 5.966666667E-01, 4.017731153E-07, 0.000000000E+00, 3.913829602E+02, 3.967417046E+02, 8.897389112E-01, 2.955975490E+01, 2.955975515E+01, 9.953453504E+04
        55,-6.904304028E-03,-4.616094287E-03, 6.000000238E-01,-6.907503053E-03,-4.612692755E-03, 5.966666667E-01, 3.554213022E-07, 0.000000000E+00, 3.641395723E+02, 4.039692373E+02, 8.738203301E-01, 2.876346398E+01, 2.876346417E+01, 1.068638252E+05
        56,-9.474668186E-04,-4.148196895E-03, 6.000000238E-01,-9.481934315E-04,-4.142269384E-03, 5.966666667E-01, 4.491128626E-07, 0.000000000E+00, 5.959324415E+02, 3.463371484E+02, 1.019228038E+00, 3.412065011E+01, 3.412065094E+01, 4.856736680E+04
        57,-3.375400847E-04,-3.404797753E-03, 6.000000238E-01,-3.376077162E-04,-3.401436783E-03, 5.966666667E-01, 5.360952662E-07, 0.000000000E+00, 6.256740767E+02, 3.394072677E+02, 1.040038225E+00, 3.461406096E+01, 3.461406167E+01, 4.157709296E+04
        58,-1.058610622E-03,-2.606375609E-03, 6.000000238E-01,-1.058572516E-03,-2.605069615E-03, 5.966666667E-01, 5.740758154E-07, 0.000000000E+00, 6.450107154E+02, 3.349366233E+02, 1.053920377E+00, 3.491498446E+01, 3.491498503E+01, 3.706850675E+04
        59,-1.817696262E-03,-1.817696262E-03, 6.000000238E-01,-1.817324888E-03,-1.817324888E-03, 5.966666667E-01, 5.811356110E-07, 0.000000000E+00, 6.520888277E+02, 3.333044770E+02, 1.059081280E+00, 3.502121910E+01, 3.502121960E+01, 3.542270790E+04
        60,-2.606375609E-03,-1.058610622E-03, 6.000000238E-01,-2.605069615E-03,-1.058572516E-03, 5.966666667E-01, 5.740758154E-07, 0.000000000E+00, 6.450107154E+02, 3.349366233E+02, 1.053920377E+00, 3.491498446E+01, 3.491498503E+01, 3.706850675E+04
        61,-3.404797520E-03,-3.375400847E-04, 6.000000238E-01,-3.401436783E-03,-3.376077162E-04, 5.966666667E-01, 5.360952662E-07, 0.000000000E+00, 6.256740767E+02, 3.394072677E+02, 1.040038225E+00, 3.461406096E+01, 3.461406167E+01, 4.157709296E+04
        62,-4.150846507E-03, 3.125824442E-04, 6.000000238E-01,-4.144747570E-03, 3.128621781E-04, 5.966666667E-01, 4.363359312E-07, 0.000000000E+00, 5.993477088E+02, 3.455367086E+02, 1.021589092E+00, 3.417917754E+01, 3.417917837E+01, 4.775985320E+04
        63,-4.959165584E-03, 9.899165016E-04, 6.000000238E-01,-4.973614299E-03, 9.904304461E-04, 5.966666667E-01, 6.248118250E-07, 0.000000000E+00, 5.633157494E+02, 3.540604372E+02, 9.969951320E-01, 3.353708500E+01, 3.353708589E+01, 5.636072123E+04
        64,-5.847949069E-03, 3.842446022E-04, 6.000000238E-01,-5.856836426E-03, 3.840579255E-04, 5.966666667E-01, 6.072854638E-07, 0.000000000E+00, 5.269507667E+02, 3.627719963E+02, 9.730534217E-01, 3.282758378E+01, 3.282758453E+01, 6.515801622E+04
        65,-6.568547804E-03,-4.313085810E-04, 6.000000238E-01,-6.573976120E-03,-4.308959917E-04, 5.966666667E-01, 5.641604171E-07, 0.000000000E+00, 4.893168065E+02, 3.719277984E+02, 9.490996204E-01, 3.202389779E+01, 3.202389839E+01, 7.441210579E+04
        66,-7.079871371E-03,-1.410223776E-03, 6.000000238E-01,-7.083400597E-03,-1.408573492E-03, 5.966666667E-01, 5.045921339E-07, 0.000000000E+00, 4.506617119E+02, 3.815237438E+02, 9.252282146E-01, 3.111941971E+01, 3.111942015E+01, 8.412006055E+04
        67,-7.355427835E-03,-2.499491675E-03, 6.000000238E-01,-7.358243837E-03,-2.496441668E-03, 5.966666667E-01, 4.367826766E-07, 0.000000000E+00, 4.112106911E+02, 3.915656203E+02, 9.015003207E-01, 3.010603017E+01, 3.010603048E+01, 9.428901171E+04
        68,-7.380969822E-03,-3.642742289E-03, 6.000000238E-01,-7.383862103E-03,-3.638741644E-03, 5.966666667E-01, 3.678963368E-07, 0.000000000E+00, 3.714393308E+02, 4.020067021E+02, 8.780861872E-01, 2.898181856E+01, 2.898181877E+01, 1.048729936E+05
        69,-9.899165016E-04,-4.959165584E-03, 6.000000238E-01,-9.904304461E-04,-4.973614299E-03, 5.966666667E-01, 6.248118250E-07, 0.000000000E+00, 5.633157494E+02, 3.540604372E+02, 9.969951320E-01, 3.353708500E+01, 3.353708589E+01, 5.636072123E+04
        70,-1.942398609E-03,-5.708118435E-03, 6.000000238E-01,-1.941140455E-03,-5.716232548E-03, 5.966666667E-01, 5.992703727E-07, 0.000000000E+00, 5.186210938E+02, 3.647905398E+02, 9.676690970E-01, 3.265619969E+01, 3.265620041E+01, 6.719750848E+04
        71,-3.033142304E-03,-6.140251178E-03, 6.000000238E-01,-3.030391317E-03,-6.145686613E-03, 5.966666667E-01, 5.411145742E-07, 0.000000000E+00, 4.737962497E+02, 3.757684408E+02, 9.393990924E-01, 3.167128803E+01, 3.167128857E+01, 7.829647322E+04
        72,-4.174503498E-03,-6.241431925E-03, 6.000000238E-01,-4.171804640E-03,-6.245685863E-03, 5.966666667E-01, 4.697765035E-07, 0.000000000E+00, 4.304535737E+02, 3.866494160E+02, 9.129627969E-01, 3.061294885E+01, 3.061294922E+01, 8.930933551E+04
        73,-5.279466975E-03,-6.018280052E-03, 6.000000238E-01,-5.278923843E-03,-6.020694031E-03, 5.966666667E-01, 4.017731153E-07, 0.000000000E+00, 3.913829602E+02, 3.967417046E+02, 8.897389112E-01, 2.955975490E+01, 2.955975515E+01, 9.953453504E+04
        74,-6.281361915E-03,-5.509903654E-03, 6.000000238E-01,-6.283391011E-03,-5.509023730E-03, 5.966666667E-01, 3.468123825E-07, 0.000000000E+00, 3.590246663E+02, 4.053525696E+02, 8.708382745E-01, 2.860807218E+01, 2.860807236E+01, 1.082674269E+05
        75,-7.152483799E-03,-4.781426396E-03, 6.000000238E-01,-7.155431648E-03,-4.777857355E-03, 5.966666667E-01, 3.045101533E-07, 0.000000000E+00, 3.326248870E+02, 4.125827868E+02, 8.555774588E-01, 2.777235553E+01, 2.777235566E+01, 1.156079444E+05
        76,-3.125824442E-04,-4.150846507E-03, 6.000000238E-01,-3.128621781E-04,-4.144747570E-03, 5.966666667E-01, 4.363359312E-07, 0.000000000E+00, 5.993477088E+02, 3.455367086E+02, 1.021589092E+00, 3.417917754E+01, 3.417917837E+01, 4.775985320E+04
        77, 3.375400847E-04,-3.404797753E-03, 6.000000238E-01, 3.376077162E-04,-3.401436783E-03, 5.966666667E-01, 5.360952662E-07, 0.000000000E+00, 6.256740767E+02, 3.394072677E+02, 1.040038225E+00, 3.461406096E+01, 3.461406167E+01, 4.157709296E+04
        78,-3.496303980E-04,-2.608061535E-03, 6.000000238E-01,-3.496378060E-04,-2.606720544E-03, 5.966666667E-01, 5.589492242E-07, 0.000000000E+00, 6.502518298E+02, 3.337284795E+02, 1.057735716E+00, 3.499387724E+01, 3.499387776E+01, 3.585024683E+04
        79,-1.072510961E-03,-1.824401086E-03, 6.000000238E-01,-1.072441383E-03,-1.824010234E-03, 5.966666667E-01, 5.569418069E-07, 0.000000000E+00, 6.640535675E+02, 3.305545106E+02, 1.067892045E+00, 3.519630371E+01, 3.519630408E+01, 3.264997952E+04
        80,-1.824400970E-03,-1.072510961E-03, 6.000000238E-01,-1.824010234E-03,-1.072441383E-03, 5.966666667E-01, 5.569418069E-07, 0.000000000E+00, 6.640535675E+02, 3.305545106E+02, 1.067892045E+00, 3.519630371E+01, 3.519630408E+01, 3.264997952E+04
        81,-2.608061535E-03,-3.496303980E-04, 6.000000238E-01,-2.606720544E-03,-3.496378060E-04, 5.966666667E-01, 5.589492242E-07, 0.000000000E+00, 6.502518298E+02, 3.337284795E+02, 1.057735716E+00, 3.499387724E+01, 3.499387776E+01, 3.585024683E+04
        82,-3.404797753E-03, 3.375400556E-04, 6.000000238E-01,-3.401436783E-03, 3.376077162E-04, 5.966666667E-01, 5.360952662E-07, 0.000000000E+00, 6.256740767E+02, 3.394072677E+02, 1.040038225E+00, 3.461406096E+01, 3.461406167E+01, 4.157709296E+04
        83,-4.148196895E-03, 9.474667604E-04, 6.000000238E-01,-4.142269384E-03, 9.481934315E-04, 5.966666667E-01, 4.491128626E-07, 0.000000000E+00, 5.959324415E+02, 3.463371484E+02, 1.019228038E+00, 3.412065011E+01, 3.412065094E+01, 4.856736680E+04
        84,-4.914961755E-03, 1.674166066E-03, 6.000000238E-01,-4.928066155E-03, 1.674595543E-03, 5.966666667E-01, 6.239987061E-07, 0.000000000E+00, 5.575742890E+02, 3.554280874E+02, 9.931587987E-01, 3.342927210E+01, 3.342927297E+01, 5.774132915E+04
        85,-5.803686567E-03, 1.157293911E-03, 6.000000238E-01,-5.812276806E-03, 1.156646757E-03, 5.966666667E-01, 6.047273891E-07, 0.000000000E+00, 5.241540145E+02, 3.634487385E+02, 9.712415945E-01, 3.277041977E+01, 3.277042051E+01, 6.584173631E+04
        86,-6.568547804E-03, 4.313085810E-04, 6.000000238E-01,-6.573976120E-03, 4.308959917E-04, 5.966666667E-01, 5.641604171E-07, 0.000000000E+00, 4.893168065E+02, 3.719277984E+02, 9.490996204E-01, 3.202389779E+01, 3.202389839E+01, 7.441210579E+04
        87,-7.164538372E-03,-4.702341394E-04, 6.000000238E-01,-7.167958872E-03,-4.696903909E-04, 5.966666667E-01, 5.089394943E-07, 0.000000000E+00, 4.532411366E+02, 3.808741747E+02, 9.268061625E-01, 3.118231351E+01, 3.118231396E+01, 8.346261879E+04
        88,-7.557674777E-03,-1.504920539E-03, 6.000000238E-01,-7.560079471E-03,-1.503047494E-03, 5.966666667E-01, 4.454920934E-07, 0.000000000E+00, 4.161114962E+02, 3.902980793E+02, 9.044280537E-01, 3.023702860E+01, 3.023702892E+01, 9.300487459E+04
        89,-7.726572920E-03,-2.625006950E-03, 6.000000238E-01,-7.728796082E-03,-2.621756343E-03, 5.966666667E-01, 3.794653219E-07, 0.000000000E+00, 3.781123489E+02, 4.002236554E+02, 8.819981715E-01, 2.917796376E+01, 2.917796398E+01, 1.030647059E+05
        90,-7.660508621E-03,-3.780087456E-03, 6.000000238E-01,-7.663106743E-03,-3.775942364E-03, 5.966666667E-01, 3.157856588E-07, 0.000000000E+00, 3.396695673E+02, 4.106252090E+02, 8.596562619E-01, 2.800062638E+01, 2.800062653E+01, 1.136197804E+05
        91,-3.273406764E-04,-4.976690281E-03, 6.000000238E-01,-3.275688199E-04,-4.991929244E-03, 5.966666667E-01, 6.248665610E-07, 0.000000000E+00, 5.662161987E+02, 3.533711030E+02, 9.989400076E-01, 3.359098748E+01, 3.359098837E+01, 5.566492689E+04
        92,-1.157293911E-03,-5.803686567E-03, 6.000000238E-01,-1.156646757E-03,-5.812276806E-03, 5.966666667E-01, 6.047273891E-07, 0.000000000E+00, 5.241540145E+02, 3.634487385E+02, 9.712415945E-01, 3.277041977E+01, 3.277042051E+01, 6.584173631E+04
        93,-2.164247911E-03,-6.364120636E-03, 6.000000238E-01,-2.162061938E-03,-6.369491644E-03, 5.966666667E-01, 5.525395406E-07, 0.000000000E+00, 4.813131846E+02, 3.739041175E+02, 9.440830302E-01, 3.184369596E+01, 3.184369653E+01, 7.641074067E+04
        94,-3.275901079E-03,-6.634338293E-03, 6.000000238E-01,-3.272515104E-03,-6.638481184E-03, 5.966666667E-01, 4.834921837E-07, 0.000000000E+00, 4.383403659E+02, 3.846409027E+02, 9.177300953E-01, 3.081354504E+01, 3.081354544E+01, 8.727558617E+04
        95,-4.416196141E-03,-6.604236551E-03, 6.000000238E-01,-4.413062295E-03,-6.607837751E-03, 5.966666667E-01, 4.110857695E-07, 0.000000000E+00, 3.966948064E+02, 3.953469421E+02, 8.928778616E-01, 2.970870029E+01, 2.970870056E+01, 9.812079765E+04
        96,-5.509903654E-03,-6.281361450E-03, 6.000000238E-01,-5.509023730E-03,-6.283391011E-03, 5.966666667E-01, 3.468123825E-07, 0.000000000E+00, 3.590246663E+02, 4.053525696E+02, 8.708382745E-01, 2.860807218E+01, 2.860807236E+01, 1.082674269E+05
        97,-6.498950068E-03,-5.700492766E-03, 6.000000238E-01,-6.500733277E-03,-5.699396801E-03, 5.966666667E-01, 2.967697208E-07, 0.000000000E+00, 3.276862398E+02, 4.139643100E+02, 8.527221399E-01, 2.760982273E+01, 2.760982286E+01, 1.170113763E+05
        98,-7.357746828E-03,-4.918168299E-03, 6.000000238E-01,-7.360538266E-03,-4.914494892E-03, 5.966666667E-01, 2.590697426E-07, 0.000000000E+00, 3.019877128E+02, 4.212628173E+02, 8.379484678E-01, 2.672831315E+01, 2.672831326E+01, 1.244300600E+05
        99, 3.125824442E-04,-4.150846042E-03, 6.000000238E-01, 3.128621781E-04,-4.144747570E-03, 5.966666667E-01, 4.363359312E-07, 0.000000000E+00, 5.993477088E+02, 3.455367086E+02, 1.021589092E+00, 3.417917754E+01, 3.417917837E+01, 4.775985320E+04
       100, 1.022339682E-03,-3.402630100E-03, 6.000000238E-01, 1.022470806E-03,-3.399358916E-03, 5.966666667E-01, 5.509921557E-07, 0.000000000E+00, 6.213197017E+02, 3.404193994E+02, 1.036945993E+00, 3.454425045E+01, 3.454425118E+01, 4.259792552E+04
       101, 3.496303980E-04,-2.608061535E-03, 6.000000238E-01, 3.496378060E-04,-2.606720544E-03, 5.966666667E-01, 5.589492242E-07, 0.000000000E+00, 6.502518298E+02, 3.337284795E+02, 1.057735716E+00, 3.499387724E+01, 3.499387776E+01, 3.585024683E+04
       102,-3.542638442E-04,-1.825605286E-03, 6.000000238E-01,-3.542605916E-04,-1.825204009E-03, 5.966666667E-01, 5.424254734E-07, 0.000000000E+00, 6.700664447E+02, 3.291771863E+02, 1.072360258E+00, 3.528221891E+01, 3.528221921E+01, 3.126136853E+04
       103,-1.076533808E-03,-1.076533808E-03, 6.000000238E-01,-1.076458258E-03,-1.076458258E-03, 5.966666667E-01, 5.338454516E-07, 0.000000000E+00, 6.770842864E+02, 3.275637591E+02, 1.077642207E+00, 3.538021155E+01, 3.538021177E+01, 2.963481638E+04
       104,-1.825605286E-03,-3.542638442E-04, 6.000000238E-01,-1.825204009E-03,-3.542605916E-04, 5.966666667E-01, 5.424254734E-07, 0.000000000E+00, 6.700664447E+02, 3.291771863E+02, 1.072360258E+00, 3.528221891E+01, 3.528221921E+01, 3.126136853E+04
       105,-2.608061535E-03, 3.496303980E-04, 6.000000238E-01,-2.606720544E-03, 3.496378060E-04, 5.966666667E-01, 5.589492242E-07, 0.000000000E+00, 6.502518298E+02, 3.337284795E+02, 1.057735716E+00, 3.499387724E+01, 3.499387776E+01, 3.585024683E+04
       106,-3.402629867E-03, 1.022339682E-03, 6.000000238E-01,-3.399358916E-03, 1.022470806E-03, 5.966666667E-01, 5.509921557E-07, 0.000000000E+00, 6.213197017E+02, 3.404193994E+02, 1.036945993E+00, 3.454425045E+01, 3.454425118E+01, 4.259792552E+04
       107,-4.133446608E-03, 1.609289320E-03, 6.000000238E-01,-4.127739223E-03, 1.610079647E-03, 5.966666667E-01, 4.677851922E-07, 0.000000000E+00, 5.891074459E+02, 3.479398950E+02, 1.014533077E+00, 3.400217937E+01, 3.400218021E+01, 5.018435470E+04
       108,-4.820573144E-03, 2.384747379E-03, 6.000000238E-01,-4.832235626E-03, 2.385056029E-03, 5.966666667E-01, 6.213272719E-07, 0.000000000E+00, 5.494497806E+02, 3.573710712E+02, 9.877591130E-01, 3.327418249E+01, 3.327418335E+01, 5.970304324E+04
       109,-5.708118435E-03, 1.942398609E-03, 6.000000238E-01,-5.716232548E-03, 1.941140455E-03, 5.966666667E-01, 5.992703727E-07, 0.000000000E+00, 5.186210938E+02, 3.647905398E+02, 9.676690970E-01, 3.265619969E+01, 3.265620041E+01, 6.719750848E+04
       110,-6.502171047E-03, 1.295727910E-03, 6.000000238E-01,-6.507559797E-03, 1.294446376E-03, 5.966666667E-01, 5.603257899E-07, 0.000000000E+00, 4.866293358E+02, 3.725904329E+02, 9.474116916E-01, 3.196377333E+01, 3.196377392E+01, 7.508217891E+04
       111,-7.164538372E-03, 4.702341103E-04, 6.000000238E-01,-7.167958872E-03, 4.696903909E-04, 5.966666667E-01, 5.089394943E-07, 0.000000000E+00, 4.532411366E+02, 3.808741747E+02, 9.268061625E-01, 3.118231351E+01, 3.118231396E+01, 8.346261879E+04
       112,-7.657469250E-03,-5.024285638E-04, 6.000000238E-01,-7.659674068E-03,-5.018054574E-04, 5.966666667E-01, 4.498920298E-07, 0.000000000E+00, 4.185872135E+02, 3.896593747E+02, 9.059105342E-01, 3.030261064E+01, 3.030261097E+01, 9.235786813E+04
       113,-7.952854969E-03,-1.583242090E-03, 6.000000238E-01,-7.954561338E-03,-1.581230697E-03, 5.966666667E-01, 3.877163104E-07, 0.000000000E+00, 3.828235248E+02, 3.989706650E+02, 8.847681377E-01, 2.931448430E+01, 2.931448453E+01, 1.017942231E+05
       114,-8.033538237E-03,-2.728817752E-03, 6.000000238E-01,-8.035390150E-03,-2.725441415E-03, 5.966666667E-01, 3.263054093E-07, 0.000000000E+00, 3.461021468E+02, 4.088499589E+02, 8.633889391E-01, 2.820545291E+01, 2.820545307E+01, 1.118172566E+05
       115,-7.891708985E-03,-3.893682733E-03, 6.000000238E-01,-7.894124023E-03,-3.889447630E-03, 5.966666667E-01, 2.690505708E-07, 0.000000000E+00, 3.088021516E+02, 4.192963143E+02, 8.418784526E-01, 2.696771441E+01, 2.696771452E+01, 1.224304428E+05
       116, 3.273406764E-04,-4.976690281E-03, 6.000000238E-01, 3.275688199E-04,-4.991929244E-03, 5.966666667E-01, 6.248665610E-07, 0.000000000E+00, 5.662161987E+02, 3.533711030E+02, 9.989400076E-01, 3.359098748E+01, 3.359098837E+01, 5.566492689E+04
       117,-3.842446022E-04,-5.847949069E-03, 6.000000238E-01,-3.840579255E-04,-5.856836426E-03, 5.966666667E-01, 6.072854638E-07, 0.000000000E+00, 5.269507667E+02, 3.627719963E+02, 9.730534217E-01, 3.282758378E+01, 3.282758453E+01, 6.515801622E+04
       118,-1.295727910E-03,-6.502171047E-03, 6.000000238E-01,-1.294446376E-03,-6.507559797E-03, 5.966666667E-01, 5.603257899E-07, 0.000000000E+00, 4.866293358E+02, 3.725904329E+02, 9.474116916E-01, 3.196377333E+01, 3.196377392E+01, 7.508217891E+04
       119,-2.347734291E-03,-6.906684954E-03, 6.000000238E-01,-2.345009116E-03,-6.910461705E-03, 5.966666667E-01, 4.959134699E-07, 0.000000000E+00, 4.455581774E+02, 3.828119472E+02, 9.221147221E-01, 3.099382400E+01, 3.099382443E+01, 8.542400167E+04
       120,-3.476681421E-03,-7.042986806E-03, 6.000000238E-01,-3.472914165E-03,-7.046353416E-03, 5.966666667E-01, 4.244763245E-07, 0.000000000E+00, 4.042753765E+02, 3.933670177E+02, 8.973719614E-01, 2.991795239E+01, 2.991795268E+01, 9.611427159E+04
       121,-4.616094287E-03,-6.904304493E-03, 6.000000238E-01,-4.612692755E-03,-6.907503053E-03, 5.966666667E-01, 3.554213022E-07, 0.000000000E+00, 3.641395723E+02, 4.039692373E+02, 8.738203301E-01, 2.876346398E+01, 2.876346417E+01, 1.068638252E+05
       122,-5.700492766E-03,-6.498950534E-03, 6.000000238E-01,-5.699396801E-03,-6.500733277E-03, 5.966666667E-01, 2.967697208E-07, 0.000000000E+00, 3.276862398E+02, 4.139643100E+02, 8.527221399E-01, 2.760982273E+01, 2.760982286E+01, 1.170113763E+05
       123,-6.678912789E-03,-5.858124699E-03, 6.000000238E-01,-6.680536249E-03,-5.856888690E-03, 5.966666667E-01, 2.522435608E-07, 0.000000000E+00, 2.972068644E+02, 4.226528425E+02, 8.351926138E-01, 2.655768857E+01, 2.655768866E+01, 1.258438187E+05
       124,-7.527515758E-03,-5.031264387E-03, 6.000000238E-01,-7.530208995E-03,-5.027525815E-03, 5.966666667E-01, 2.192070773E-07, 0.000000000E+00, 2.720002248E+02, 4.301154097E+02, 8.207018960E-01, 2.561903979E+01, 2.561903987E+01, 1.334384269E+05
       125, 9.474668186E-04,-4.148196895E-03, 6.000000238E-01, 9.481934315E-04,-4.142269384E-03, 5.966666667E-01, 4.491128626E-07, 0.000000000E+00, 5.959324415E+02, 3.463371484E+02, 1.019228038E+00, 3.412065011E+01, 3.412065094E+01, 4.856736680E+04
       126, 1.734077465E-03,-3.390561556E-03, 6.000000238E-01, 1.734003159E-03,-3.387419836E-03, 5.966666667E-01, 5.748591436E-07, 0.000000000E+00, 6.125734611E+02, 3.424573765E+02, 1.030775088E+00, 3.440165895E+01, 3.440165973E+01, 4.465354651E+04
       127, 1.058610622E-03,-2.606375609E-03, 6.000000238E-01, 1.058572516E-03,-2.605069615E-03, 5.966666667E-01, 5.740758154E-07, 0.000000000E+00, 6.450107154E+02, 3.349366233E+02, 1.053920377E+00, 3.491498446E+01, 3.491498503E+01, 3.706850675E+04
       128, 3.542638442E-04,-1.825605286E-03, 6.000000238E-01, 3.542605916E-04,-1.825204009E-03, 5.966666667E-01, 5.424254734E-07, 0.000000000E+00, 6.700664447E+02, 3.291771863E+02, 1.072360258E+00, 3.528221891E+01, 3.528221921E+01, 3.126136853E+04
       129,-3.556047741E-04,-1.077256398E-03, 6.000000238E-01,-3.556002617E-04,-1.077178702E-03, 5.966666667E-01, 5.199868022E-07, 0.000000000E+00, 6.836282090E+02, 3.260712403E+02, 1.082574875E+00, 3.547035341E+01, 3.547035354E+01, 2.813024898E+04
       130,-1.077256398E-03,-3.556047741E-04, 6.000000238E-01,-1.077178702E-03,-3.556002617E-04, 5.966666667E-01, 5.199868022E-07, 0.000000000E+00, 6.836282090E+02, 3.260712403E+02, 1.082574875E+00, 3.547035341E+01, 3.547035354E+01, 2.813024898E+04
       131,-1.825605286E-03, 3.542638442E-04, 6.000000238E-01,-1.825204009E-03, 3.542605916E-04, 5.966666667E-01, 5.424254734E-07, 0.000000000E+00, 6.700664447E+02, 3.291771863E+02, 1.072360258E+00, 3.528221891E+01, 3.528221921E+01, 3.126136853E+04
       132,-2.606375609E-03, 1.058610622E-03, 6.000000238E-01,-2.605069615E-03, 1.058572516E-03, 5.966666667E-01, 5.740758154E-07, 0.000000000E+00, 6.450107154E+02, 3.349366233E+02, 1.053920377E+00, 3.491498446E+01, 3.491498503E+01, 3.706850675E+04
       133,-3.390561556E-03, 1.734077465E-03, 6.000000238E-01,-3.387419836E-03, 1.734003159E-03, 5.966666667E-01, 5.748591436E-07, 0.000000000E+00, 6.125734611E+02, 3.424573765E+02, 1.030775088E+00, 3.440165895E+01, 3.440165973E+01, 4.465354651E+04
       134,-4.082478583E-03, 2.305219183E-03, 6.000000238E-01,-4.076842442E-03, 2.305268602E-03, 5.966666667E-01, 4.709030643E-07, 0.000000000E+00, 5.792176530E+02, 3.502700425E+02, 1.007783965E+00, 3.382689359E+01, 3.382689443E+01, 5.253539235E+04
       135,-4.631140269E-03, 3.101762384E-03, 6.000000238E-01,-4.641567575E-03, 3.103176171E-03, 5.966666667E-01, 6.164973525E-07, 0.000000000E+00, 5.405654358E+02, 3.595088422E+02, 9.818855361E-01, 3.310126452E+01, 3.310126536E+01, 6.186185847E+04
       136,-5.542861763E-03, 2.739628311E-03, 6.000000238E-01,-5.550517885E-03, 2.737968237E-03, 5.966666667E-01, 5.907096666E-07, 0.000000000E+00, 5.107969029E+02, 3.666950269E+02, 9.626433587E-01, 3.249209409E+01, 3.249209479E+01, 6.912213408E+04
       137,-6.364120636E-03, 2.164247911E-03, 6.000000238E-01,-6.369491644E-03, 2.162061938E-03, 5.966666667E-01, 5.525395406E-07, 0.000000000E+00, 4.813131846E+02, 3.739041175E+02, 9.440830302E-01, 3.184369596E+01, 3.184369653E+01, 7.641074067E+04
       138,-7.079871837E-03, 1.410223660E-03, 6.000000238E-01,-7.083400597E-03, 1.408573492E-03, 5.966666667E-01, 5.045921339E-07, 0.000000000E+00, 4.506617119E+02, 3.815237438E+02, 9.252282146E-01, 3.111941971E+01, 3.111942015E+01, 8.412006055E+04
       139,-7.657468785E-03, 5.024285638E-04, 6.000000238E-01,-7.659674068E-03, 5.018054574E-04, 5.966666667E-01, 4.498920298E-07, 0.000000000E+00, 4.185872135E+02, 3.896593747E+02, 9.059105342E-01, 3.030261064E+01, 3.030261097E+01, 9.235786813E+04
       140,-8.065160364E-03,-5.290558911E-04, 6.000000238E-01,-8.066608792E-03,-5.283833135E-04, 5.966666667E-01, 3.919056080E-07, 0.000000000E+00, 3.852017796E+02, 3.983398874E+02, 8.861691822E-01, 2.938279286E+01, 2.938279310E+01, 1.011546994E+05
       141,-8.279699832E-03,-1.648020116E-03, 6.000000238E-01,-8.280963826E-03,-1.645921102E-03, 5.966666667E-01, 3.338462521E-07, 0.000000000E+00, 3.506385883E+02, 4.076044551E+02, 8.660271689E-01, 2.834786643E+01, 2.834786660E+01, 1.105528812E+05
       142,-8.287423290E-03,-2.814677311E-03, 6.000000238E-01,-8.289039240E-03,-2.811221366E-03, 5.966666667E-01, 2.784019653E-07, 0.000000000E+00, 3.150165905E+02, 4.175167679E+02, 8.454667199E-01, 2.718221399E+01, 2.718221410E+01, 1.206213970E+05
       143,-8.082929067E-03,-3.987634555E-03, 6.000000238E-01,-8.085230901E-03,-3.983343796E-03, 5.966666667E-01, 2.279101291E-07, 0.000000000E+00, 2.786290885E+02, 4.281179623E+02, 8.245310016E-01, 2.587213305E+01, 2.587213313E+01, 1.314048729E+05
       144, 9.899165016E-04,-4.959166050E-03, 6.000000238E-01, 9.904304461E-04,-4.973614299E-03, 5.966666667E-01, 6.248118250E-07, 0.000000000E+00, 5.633157494E+02, 3.540604372E+02, 9.969951320E-01, 3.353708500E+01, 3.353708589E+01, 5.636072123E+04
       145, 3.842446313E-04,-5.847949069E-03, 6.000000238E-01, 3.840579255E-04,-5.856836426E-03, 5.966666667E-01, 6.072854638E-07, 0.000000000E+00, 5.269507667E+02, 3.627719963E+02, 9.730534217E-01, 3.282758378E+01, 3.282758453E+01, 6.515801622E+04
       146,-4.313085810E-04,-6.568547804E-03, 6.000000238E-01,-4.308959917E-04,-6.573976120E-03, 5.966666667E-01, 5.641604171E-07, 0.000000000E+00, 4.893168065E+02, 3.719277984E+02, 9.490996204E-01, 3.202389779E+01, 3.202389839E+01, 7.441210579E+04
       147,-1.410223660E-03,-7.079871837E-03, 6.000000238E-01,-1.408573492E-03,-7.083400597E-03, 5.966666667E-01, 5.045921339E-07, 0.000000000E+00, 4.506617119E+02, 3.815237438E+02, 9.252282146E-01, 3.111941971E+01, 3.111942015E+01, 8.412006055E+04
       148,-2.499491675E-03,-7.355427835E-03, 6.000000238E-01,-2.496441668E-03,-7.358243837E-03, 5.966666667E-01, 4.367826766E-07, 0.000000000E+00, 4.112106911E+02, 3.915656203E+02, 9.015003207E-01, 3.010603017E+01, 3.010603048E+01, 9.428901171E+04
       149,-3.642742289E-03,-7.380969822E-03, 6.000000238E-01,-3.638741644E-03,-7.383862103E-03, 5.966666667E-01, 3.678963368E-07, 0.000000000E+00, 3.714393308E+02, 4.020067021E+02, 8.780861872E-01, 2.898181856E+01, 2.898181877E+01, 1.048729936E+05
       150,-4.781425931E-03,-7.152483799E-03, 6.000000238E-01,-4.777857355E-03,-7.155431648E-03, 5.966666667E-01, 3.045101533E-07, 0.000000000E+00, 3.326248870E+02, 4.125827868E+02, 8.555774588E-01, 2.777235553E+01, 2.777235566E+01, 1.156079444E+05
       151,-5.858124234E-03,-6.678912789E-03, 6.000000238E-01,-5.856888690E-03,-6.680536249E-03, 5.966666667E-01, 2.522435608E-07, 0.000000000E+00, 2.972068644E+02, 4.226528425E+02, 8.351926138E-01, 2.655768857E+01, 2.655768866E+01, 1.258438187E+05
       152,-6.827756297E-03,-5.988498218E-03, 6.000000238E-01,-6.829274979E-03,-5.987170983E-03, 5.966666667E-01, 2.132710886E-07, 0.000000000E+00, 2.673448598E+02, 4.315301353E+02, 8.180113123E-01, 2.543838190E+01, 2.543838197E+01, 1.348790634E+05
       153,-7.667927537E-03,-5.124803632E-03, 6.000000238E-01,-7.670560039E-03,-5.121024606E-03, 5.966666667E-01, 1.846779659E-07, 0.000000000E+00, 2.424033260E+02, 4.392755750E+02, 8.035878897E-01, 2.442640866E+01, 2.442640872E+01, 1.427713288E+05
       154, 1.609289320E-03,-4.133446142E-03, 6.000000238E-01, 1.610079647E-03,-4.127739223E-03, 5.966666667E-01, 4.677851922E-07, 0.000000000E+00, 5.891074459E+02, 3.479398950E+02, 1.014533077E+00, 3.400217937E+01, 3.400218021E+01, 5.018435470E+04
       155, 2.479922492E-03,-3.348860657E-03, 6.000000238E-01, 2.479012602E-03,-3.345823492E-03, 5.966666667E-01, 5.886253745E-07, 0.000000000E+00, 5.996407001E+02, 3.454832396E+02, 1.021747199E+00, 3.418491990E+01, 3.418492071E+01, 4.770591258E+04
       156, 1.794529031E-03,-2.596988808E-03, 6.000000238E-01, 1.794210060E-03,-2.595738055E-03, 5.966666667E-01, 5.990847424E-07, 0.000000000E+00, 6.345245536E+02, 3.373605080E+02, 1.046348117E+00, 3.475384365E+01, 3.475384430E+01, 3.951286349E+04
       157, 1.072511077E-03,-1.824401086E-03, 6.000000238E-01, 1.072441383E-03,-1.824010234E-03, 5.966666667E-01, 5.569418069E-07, 0.000000000E+00, 6.640535675E+02, 3.305545106E+02, 1.067892045E+00, 3.519630371E+01, 3.519630408E+01, 3.264997952E+04
       158, 3.556047741E-04,-1.077256398E-03, 6.000000238E-01, 3.556002617E-04,-1.077178702E-03, 5.966666667E-01, 5.199868022E-07, 0.000000000E+00, 6.836282090E+02, 3.260712403E+02, 1.082574875E+00, 3.547035341E+01, 3.547035354E+01, 2.813024898E+04
       159,-3.558456374E-04,-3.558456374E-04, 6.000000238E-01,-3.558409490E-04,-3.558409490E-04, 5.966666667E-01, 5.065044831E-07, 0.000000000E+00, 6.904295177E+02, 3.245335397E+02, 1.087704317E+00, 3.556282881E+01, 3.556282885E+01, 2.658022818E+04
       160,-1.077256398E-03, 3.556048032E-04, 6.000000238E-01,-1.077178702E-03, 3.556002617E-04, 5.966666667E-01, 5.199868022E-07, 0.000000000E+00, 6.836282090E+02, 3.260712403E+02, 1.082574875E+00, 3.547035341E+01, 3.547035354E+01, 2.813024898E+04
       161,-1.824401086E-03, 1.072510961E-03, 6.000000238E-01,-1.824010234E-03, 1.072441383E-03, 5.966666667E-01, 5.569418069E-07, 0.000000000E+00, 6.640535675E+02, 3.305545106E+02, 1.067892045E+00, 3.519630371E+01, 3.519630408E+01, 3.264997952E+04
       162,-2.596988808E-03, 1.794529031E-03, 6.000000238E-01,-2.595738055E-03, 1.794210060E-03, 5.966666667E-01, 5.990847424E-07, 0.000000000E+00, 6.345245536E+02, 3.373605080E+02, 1.046348117E+00, 3.475384365E+01, 3.475384430E+01, 3.951286349E+04
       163,-3.348860657E-03, 2.479922492E-03, 6.000000238E-01,-3.345823492E-03, 2.479012602E-03, 5.966666667E-01, 5.886253745E-07, 0.000000000E+00, 5.996407001E+02, 3.454832396E+02, 1.021747199E+00, 3.418491990E+01, 3.418492071E+01, 4.770591258E+04
       164,-3.949484788E-03, 3.015428782E-03, 6.000000238E-01,-3.943734986E-03, 3.013379239E-03, 5.966666667E-01, 4.123595895E-07, 0.000000000E+00, 5.677103387E+02, 3.529953831E+02, 1.000003255E+00, 3.361756324E+01, 3.361756408E+01, 5.528570595E+04
       165,-4.288387485E-03, 3.764230292E-03, 6.000000238E-01,-4.296900333E-03, 3.769029306E-03, 5.966666667E-01, 6.119995882E-07, 0.000000000E+00, 5.343409699E+02, 3.610273919E+02, 9.777555394E-01, 3.297858620E+01, 3.297858702E+01, 6.339563434E+04
       166,-5.272400565E-03, 3.528956091E-03, 6.000000238E-01,-5.279567770E-03, 3.528197927E-03, 5.966666667E-01, 5.803211172E-07, 0.000000000E+00, 5.022460114E+02, 3.687863752E+02, 9.571843106E-01, 3.230924435E+01, 3.230924501E+01, 7.123601472E+04
       167,-6.140251178E-03, 3.033142304E-03, 6.000000238E-01,-6.145686613E-03, 3.030391317E-03, 5.966666667E-01, 5.411145742E-07, 0.000000000E+00, 4.737962497E+02, 3.757684408E+02, 9.393990924E-01, 3.167128803E+01, 3.167128857E+01, 7.829647322E+04
       168,-6.906684954E-03, 2.347734291E-03, 6.000000238E-01,-6.910461705E-03, 2.345009116E-03, 5.966666667E-01, 4.959134699E-07, 0.000000000E+00, 4.455581774E+02, 3.828119472E+02, 9.221147221E-01, 3.099382400E+01, 3.099382443E+01, 8.542400167E+04
       169,-7.557674777E-03, 1.504920539E-03, 6.000000238E-01,-7.560079471E-03, 1.503047494E-03, 5.966666667E-01, 4.454920934E-07, 0.000000000E+00, 4.161114962E+02, 3.902980793E+02, 9.044280537E-01, 3.023702860E+01, 3.023702892E+01, 9.300487459E+04
       170,-8.065160364E-03, 5.290558911E-04, 6.000000238E-01,-8.066608792E-03, 5.283833135E-04, 5.966666667E-01, 3.919056080E-07, 0.000000000E+00, 3.852017796E+02, 3.983398874E+02, 8.861691822E-01, 2.938279286E+01, 2.938279310E+01, 1.011546994E+05
       171,-8.402353153E-03,-5.510787014E-04, 6.000000238E-01,-8.403320083E-03,-5.503747134E-04, 5.966666667E-01, 3.376875003E-07, 0.000000000E+00, 3.529267857E+02, 4.069781471E+02, 8.673599179E-01, 2.841906980E+01, 2.841906997E+01, 1.099171656E+05
       172,-8.550025523E-03,-1.701596659E-03, 6.000000238E-01,-8.551005856E-03,-1.699441308E-03, 5.966666667E-01, 2.851290465E-07, 0.000000000E+00, 3.193941471E+02, 4.162705478E+02, 8.479978565E-01, 2.733116641E+01, 2.733116653E+01, 1.193547824E+05
       173,-8.497404866E-03,-2.885689726E-03, 6.000000238E-01,-8.498871501E-03,-2.882183186E-03, 5.966666667E-01, 2.360896041E-07, 0.000000000E+00, 2.846647597E+02, 4.263151339E+02, 8.280178304E-01, 2.609842999E+01, 2.609843007E+01, 1.295699356E+05
       174,-8.241083473E-03,-4.065340385E-03, 6.000000238E-01,-8.243315060E-03,-4.061014975E-03, 5.966666667E-01, 1.921826129E-07, 0.000000000E+00, 2.488890138E+02, 4.372215594E+02, 8.073630512E-01, 2.469669465E+01, 2.469669471E+01, 1.406775582E+05
       175, 1.674166066E-03,-4.914961755E-03, 6.000000238E-01, 1.674595543E-03,-4.928066155E-03, 5.966666667E-01, 6.239987061E-07, 0.000000000E+00, 5.575742890E+02, 3.554280874E+02, 9.931587987E-01, 3.342927210E+01, 3.342927297E+01, 5.774132915E+04
       176, 1.157293795E-03,-5.803687032E-03, 6.000000238E-01, 1.156646757E-03,-5.812276806E-03, 5.966666667E-01, 6.047273891E-07, 0.000000000E+00, 5.241540145E+02, 3.634487385E+02, 9.712415945E-01, 3.277041977E+01, 3.277042051E+01, 6.584173631E+04
       177, 4.313085810E-04,-6.568547804E-03, 6.000000238E-01, 4.308959917E-04,-6.573976120E-03, 5.966666667E-01, 5.641604171E-07, 0.000000000E+00, 4.893168065E+02, 3.719277984E+02, 9.490996204E-01, 3.202389779E+01, 3.202389839E+01, 7.441210579E+04
       178,-4.702341103E-04,-7.164538372E-03, 6.000000238E-01,-4.696903909E-04,-7.167958872E-03, 5.966666667E-01, 5.089394943E-07, 0.000000000E+00, 4.532411366E+02, 3.808741747E+02, 9.268061625E-01, 3.118231351E+01, 3.118231396E+01, 8.346261879E+04
       179,-1.504920539E-03,-7.557674777E-03, 6.000000238E-01,-1.503047494E-03,-7.560079471E-03, 5.966666667E-01, 4.454920934E-07, 0.000000000E+00, 4.161114962E+02, 3.902980793E+02, 9.044280537E-01, 3.023702860E+01, 3.023702892E+01, 9.300487459E+04
       180,-2.625006717E-03,-7.726572920E-03, 6.000000238E-01,-2.621756343E-03,-7.728796082E-03, 5.966666667E-01, 3.794653219E-07, 0.000000000E+00, 3.781123489E+02, 4.002236554E+02, 8.819981715E-01, 2.917796376E+01, 2.917796398E+01, 1.030647059E+05
       181,-3.780087456E-03,-7.660508621E-03, 6.000000238E-01,-3.775942364E-03,-7.663106743E-03, 5.966666667E-01, 3.157856588E-07, 0.000000000E+00, 3.396695673E+02, 4.106252090E+02, 8.596562619E-01, 2.800062638E+01, 2.800062653E+01, 1.136197804E+05
       182,-4.918168299E-03,-7.357746828E-03, 6.000000238E-01,-4.914494892E-03,-7.360538266E-03, 5.966666667E-01, 2.590697426E-07, 0.000000000E+00, 3.019877128E+02, 4.212628173E+02, 8.379484678E-01, 2.672831315E+01, 2.672831326E+01, 1.244300600E+05
       183,-5.988498218E-03,-6.827756297E-03, 6.000000238E-01,-5.987170983E-03,-6.829274979E-03, 5.966666667E-01, 2.132710886E-07, 0.000000000E+00, 2.673448598E+02, 4.315301353E+02, 8.180113123E-01, 2.543838190E+01, 2.543838197E+01, 1.348790634E+05
       184,-6.950860843E-03,-6.096327212E-03, 6.000000238E-01,-6.952311176E-03,-6.094940074E-03, 5.966666667E-01, 1.795699249E-07, 0.000000000E+00, 2.378438158E+02, 4.407336051E+02, 8.009294688E-01, 2.423311342E+01, 2.423311347E+01, 1.442579373E+05
       185,-7.784059271E-03,-5.202168133E-03, 6.000000238E-01,-7.786654290E-03,-5.198364054E-03, 5.966666667E-01, 1.550528610E-07, 0.000000000E+00, 2.129924637E+02, 4.488895313E+02, 7.863772882E-01, 2.312802417E+01, 2.312802421E+01, 1.525792135E+05
       186, 2.305219183E-03,-4.082478583E-03, 6.000000238E-01, 2.305268602E-03,-4.076842442E-03, 5.966666667E-01, 4.709030643E-07, 0.000000000E+00, 5.792176530E+02, 3.502700425E+02, 1.007783965E+00, 3.382689359E+01, 3.382689443E+01, 5.253539235E+04
       187, 3.240047488E-03,-3.240047488E-03, 6.000000238E-01, 3.237190572E-03,-3.237190572E-03, 5.966666667E-01, 5.500287908E-07, 0.000000000E+00, 5.836725543E+02, 3.492389890E+02, 1.010759232E+00, 3.390733127E+01, 3.390733210E+01, 5.149506728E+04
       188, 2.564555034E-03,-2.564554801E-03, 6.000000238E-01, 2.563381748E-03,-2.563381748E-03, 5.966666667E-01, 6.168069242E-07, 0.000000000E+00, 6.190318370E+02, 3.409573483E+02, 1.035309941E+00, 3.450753789E+01, 3.450753864E+01, 4.314051560E+04
       189, 1.817696262E-03,-1.817696262E-03, 6.000000238E-01, 1.817324888E-03,-1.817324888E-03, 5.966666667E-01, 5.811356110E-07, 0.000000000E+00, 6.520888277E+02, 3.333044770E+02, 1.059081280E+00, 3.502121910E+01, 3.502121960E+01, 3.542270790E+04
       190, 1.076533808E-03,-1.076533808E-03, 6.000000238E-01, 1.076458258E-03,-1.076458258E-03, 5.966666667E-01, 5.338454516E-07, 0.000000000E+00, 6.770842864E+02, 3.275637591E+02, 1.077642207E+00, 3.538021155E+01, 3.538021177E+01, 2.963481638E+04
       191, 3.558456374E-04,-3.558456374E-04, 6.000000238E-01, 3.558409490E-04,-3.558409490E-04, 5.966666667E-01, 5.065044831E-07, 0.000000000E+00, 6.904295177E+02, 3.245335397E+02, 1.087704317E+00, 3.556282881E+01, 3.556282885E+01, 2.658022818E+04
       192,-3.558456374E-04, 3.558456374E-04, 6.000000238E-01,-3.558409490E-04, 3.558409490E-04, 5.966666667E-01, 5.065044831E-07, 0.000000000E+00, 6.904295177E+02, 3.245335397E+02, 1.087704317E+00, 3.556282881E+01, 3.556282885E+01, 2.658022818E+04
       193,-1.076533808E-03, 1.076533808E-03, 6.000000238E-01,-1.076458258E-03, 1.076458258E-03, 5.966666667E-01, 5.338454516E-07, 0.000000000E+00, 6.770842864E+02, 3.275637591E+02, 1.077642207E+00, 3.538021155E+01, 3.538021177E+01, 2.963481638E+04
       194,-1.817696262E-03, 1.817696262E-03, 6.000000238E-01,-1.817324888E-03, 1.817324888E-03, 5.966666667E-01, 5.811356110E-07, 0.000000000E+00, 6.520888277E+02, 3.333044770E+02, 1.059081280E+00, 3.502121910E+01, 3.502121960E+01, 3.542270790E+04
       195,-2.564554801E-03, 2.564554801E-03, 6.000000238E-01,-2.563381748E-03, 2.563381748E-03, 5.966666667E-01, 6.168069242E-07, 0.000000000E+00, 6.190318370E+02, 3.409573483E+02, 1.035309941E+00, 3.450753789E+01, 3.450753864E+01, 4.314051560E+04
       196,-3.240047721E-03, 3.240047488E-03, 6.000000238E-01,-3.237190572E-03, 3.237190572E-03, 5.966666667E-01, 5.500287908E-07, 0.000000000E+00, 5.836725543E+02, 3.492389890E+02, 1.010759232E+00, 3.390733127E+01, 3.390733210E+01, 5.149506728E+04
       197,-3.674950916E-03, 3.674951149E-03, 6.000000238E-01,-3.669488865E-03, 3.669488865E-03, 5.966666667E-01, 2.438993344E-07, 0.000000000E+00, 5.577616746E+02, 3.554005639E+02, 9.932357123E-01, 3.343356794E+01, 3.343356874E+01, 5.771354308E+04
       198,-3.764230292E-03, 4.288387485E-03, 6.000000238E-01,-3.769029306E-03, 4.296900333E-03, 5.966666667E-01, 6.119995882E-07, 0.000000000E+00, 5.343409699E+02, 3.610273919E+02, 9.777555394E-01, 3.297858620E+01, 3.297858702E+01, 6.339563434E+04
       199,-4.850606434E-03, 4.256685730E-03, 6.000000238E-01,-4.856256533E-03, 4.258977071E-03, 5.966666667E-01, 5.724605274E-07, 0.000000000E+00, 4.962516845E+02, 3.702585881E+02, 9.533783783E-01, 3.217883600E+01, 3.217883664E+01, 7.272435169E+04
       200,-5.802772939E-03, 3.882278688E-03, 6.000000238E-01,-5.808105861E-03, 3.880298426E-03, 5.966666667E-01, 5.281486930E-07, 0.000000000E+00, 4.655814976E+02, 3.778153226E+02, 9.343097306E-01, 3.147930852E+01, 3.147930902E+01, 8.036726089E+04
       201,-6.634338293E-03, 3.275901079E-03, 6.000000238E-01,-6.638481184E-03, 3.272515104E-03, 5.966666667E-01, 4.834921837E-07, 0.000000000E+00, 4.383403659E+02, 3.846409027E+02, 9.177300953E-01, 3.081354504E+01, 3.081354544E+01, 8.727558617E+04
       202,-7.355427835E-03, 2.499491675E-03, 6.000000238E-01,-7.358243837E-03, 2.496441668E-03, 5.966666667E-01, 4.367826766E-07, 0.000000000E+00, 4.112106911E+02, 3.915656203E+02, 9.015003207E-01, 3.010603017E+01, 3.010603048E+01, 9.428901171E+04
       203,-7.952854969E-03, 1.583242090E-03, 6.000000238E-01,-7.954561338E-03, 1.581230697E-03, 5.966666667E-01, 3.877163104E-07, 0.000000000E+00, 3.828235248E+02, 3.989706650E+02, 8.847681377E-01, 2.931448430E+01, 2.931448453E+01, 1.017942231E+05
       204,-8.402353153E-03, 5.510787014E-04, 6.000000238E-01,-8.403320083E-03, 5.503747134E-04, 5.966666667E-01, 3.376875003E-07, 0.000000000E+00, 3.529267857E+02, 4.069781471E+02, 8.673599179E-01, 2.841906980E+01, 2.841906997E+01, 1.099171656E+05
       205,-8.681237698E-03,-5.692933337E-04, 6.000000238E-01,-8.681893745E-03,-5.685690090E-04, 5.966666667E-01, 2.885635180E-07, 0.000000000E+00, 3.216004082E+02, 4.156446377E+02, 8.492748377E-01, 2.740557528E+01, 2.740557541E+01, 1.187187113E+05
       206,-8.773606271E-03,-1.745908521E-03, 6.000000238E-01,-8.774402310E-03,-1.743716728E-03, 5.966666667E-01, 2.419887598E-07, 0.000000000E+00, 2.889108087E+02, 4.250553022E+02, 8.304720125E-01, 2.625531495E+01, 2.625531504E+01, 1.282879360E+05
       207,-8.671076968E-03,-2.944422420E-03, 6.000000238E-01,-8.672447440E-03,-2.940883713E-03, 5.966666667E-01, 1.992521786E-07, 0.000000000E+00, 2.547847488E+02, 4.353730271E+02, 8.107910007E-01, 2.493776197E+01, 2.493776203E+01, 1.387937528E+05
       208,-8.371889591E-03,-4.129608627E-03, 6.000000238E-01,-8.374078362E-03,-4.125262651E-03, 5.966666667E-01, 1.614694825E-07, 0.000000000E+00, 2.193520222E+02, 4.467558160E+02, 7.901330428E-01, 2.341924617E+01, 2.341924621E+01, 1.504013406E+05
       209, 2.384747379E-03,-4.820572678E-03, 6.000000238E-01, 2.385056029E-03,-4.832235626E-03, 5.966666667E-01, 6.213272719E-07, 0.000000000E+00, 5.494497806E+02, 3.573710712E+02, 9.877591130E-01, 3.327418249E+01, 3.327418335E+01, 5.970304324E+04
       210, 1.942398725E-03,-5.708118435E-03, 6.000000238E-01, 1.941140455E-03,-5.716232548E-03, 5.966666667E-01, 5.992703727E-07, 0.000000000E+00, 5.186210938E+02, 3.647905398E+02, 9.676690970E-01, 3.265619969E+01, 3.265620041E+01, 6.719750848E+04
       211, 1.295728027E-03,-6.502171047E-03, 6.000000238E-01, 1.294446376E-03,-6.507559797E-03, 5.966666667E-01, 5.603257899E-07, 0.000000000E+00, 4.866293358E+02, 3.725904329E+02, 9.474116916E-01, 3.196377333E+01, 3.196377392E+01, 7.508217891E+04
       212, 4.702341394E-04,-7.164538372E-03, 6.000000238E-01, 4.696903909E-04,-7.167958872E-03, 5.966666667E-01, 5.089394943E-07, 0.000000000E+00, 4.532411366E+02, 3.808741747E+02, 9.268061625E-01, 3.118231351E+01, 3.118231396E+01, 8.346261879E+04
       213,-5.024285638E-04,-7.657468785E-03, 6.000000238E-01,-5.018054574E-04,-7.659674068E-03, 5.966666667E-01, 4.498920298E-07, 0.000000000E+00, 4.185872135E+02, 3.896593747E+02, 9.059105342E-01, 3.030261064E+01, 3.030261097E+01, 9.235786813E+04
       214,-1.583242090E-03,-7.952854969E-03, 6.000000238E-01,-1.581230697E-03,-7.954561338E-03, 5.966666667E-01, 3.877163104E-07, 0.000000000E+00, 3.828235248E+02, 3.989706650E+02, 8.847681377E-01, 2.931448430E+01, 2.931448453E+01, 1.017942231E+05
       215,-2.728817519E-03,-8.033539169E-03, 6.000000238E-01,-2.725441415E-03,-8.035390150E-03, 5.966666667E-01, 3.263054093E-07, 0.000000000E+00, 3.461021468E+02, 4.088499589E+02, 8.633889391E-01, 2.820545291E+01, 2.820545307E+01, 1.118172566E+05
       216,-3.893682733E-03,-7.891708985E-03, 6.000000238E-01,-3.889447630E-03,-7.894124023E-03, 5.966666667E-01, 2.690505708E-07, 0.000000000E+00, 3.088021516E+02, 4.192963143E+02, 8.418784526E-01, 2.696771441E+01, 2.696771452E+01, 1.224304428E+05
       217,-5.031264387E-03,-7.527515758E-03, 6.000000238E-01,-5.027525815E-03,-7.530208995E-03, 5.966666667E-01, 2.192070773E-07, 0.000000000E+00, 2.720002248E+02, 4.301154097E+02, 8.207018960E-01, 2.561903979E+01, 2.561903987E+01, 1.334384269E+05
       218,-6.096327212E-03,-6.950860843E-03, 6.000000238E-01,-6.094940074E-03,-6.952311176E-03, 5.966666667E-01, 1.795699249E-07, 0.000000000E+00, 2.378438158E+02, 4.407336051E+02, 8.009294688E-01, 2.423311342E+01, 2.423311347E+01, 1.442579373E+05
       219,-7.052678149E-03,-6.185510661E-03, 6.000000238E-01,-7.054083136E-03,-6.184083530E-03, 5.966666667E-01, 1.506923174E-07, 0.000000000E+00, 2.085200051E+02, 4.504067898E+02, 7.837282659E-01, 2.291941934E+01, 2.291941938E+01, 1.541282630E+05
       220,-7.880108431E-03,-5.266154185E-03, 6.000000238E-01,-7.882681769E-03,-5.262335456E-03, 5.966666667E-01, 1.298208147E-07, 0.000000000E+00, 1.836315992E+02, 4.591159212E+02, 7.688614486E-01, 2.169598319E+01, 2.169598322E+01, 1.630277503E+05
       221, 3.015428782E-03,-3.949484788E-03, 6.000000238E-01, 3.013379239E-03,-3.943734986E-03, 5.966666667E-01, 4.123595895E-07, 0.000000000E+00, 5.677103387E+02, 3.529953831E+02, 1.000003255E+00, 3.361756324E+01, 3.361756408E+01, 5.528570595E+04
       222, 3.949484788E-03,-3.015429014E-03, 6.000000238E-01, 3.943734986E-03,-3.013379239E-03, 5.966666667E-01, 4.123595895E-07, 0.000000000E+00, 5.677103387E+02, 3.529953831E+02, 1.000003255E+00, 3.361756324E+01, 3.361756408E+01, 5.528570595E+04
       223, 3.348860424E-03,-2.479922725E-03, 6.000000238E-01, 3.345823492E-03,-2.479012602E-03, 5.966666667E-01, 5.886253745E-07, 0.000000000E+00, 5.996407001E+02, 3.454832396E+02, 1.021747199E+00, 3.418491990E+01, 3.418492071E+01, 4.770591258E+04
       224, 2.596989041E-03,-1.794529031E-03, 6.000000238E-01, 2.595738055E-03,-1.794210060E-03, 5.966666667E-01, 5.990847424E-07, 0.000000000E+00, 6.345245536E+02, 3.373605080E+02, 1.046348117E+00, 3.475384365E+01, 3.475384430E+01, 3.951286349E+04
       225, 1.824401086E-03,-1.072510961E-03, 6.000000238E-01, 1.824010234E-03,-1.072441383E-03, 5.966666667E-01, 5.569418069E-07, 0.000000000E+00, 6.640535675E+02, 3.305545106E+02, 1.067892045E+00, 3.519630371E+01, 3.519630408E+01, 3.264997952E+04
       226, 1.077256398E-03,-3.556048032E-04, 6.000000238E-01, 1.077178702E-03,-3.556002617E-04, 5.966666667E-01, 5.199868022E-07, 0.000000000E+00, 6.836282090E+02, 3.260712403E+02, 1.082574875E+00, 3.547035341E+01, 3.547035354E+01, 2.813024898E+04
       227, 3.558456374E-04, 3.558456374E-04, 6.000000238E-01, 3.558409490E-04, 3.558409490E-04, 5.966666667E-01, 5.065044831E-07, 0.000000000E+00, 6.904295177E+02, 3.245335397E+02, 1.087704317E+00, 3.556282881E+01, 3.556282885E+01, 2.658022818E+04
       228,-3.556048032E-04, 1.077256398E-03, 6.000000238E-01,-3.556002617E-04, 1.077178702E-03, 5.966666667E-01, 5.199868022E-07, 0.000000000E+00, 6.836282090E+02, 3.260712403E+02, 1.082574875E+00, 3.547035341E+01, 3.547035354E+01, 2.813024898E+04
       229,-1.072510961E-03, 1.824401086E-03, 6.000000238E-01,-1.072441383E-03, 1.824010234E-03, 5.966666667E-01, 5.569418069E-07, 0.000000000E+00, 6.640535675E+02, 3.305545106E+02, 1.067892045E+00, 3.519630371E+01, 3.519630408E+01, 3.264997952E+04
       230,-1.794529031E-03, 2.596989041E-03, 6.000000238E-01,-1.794210060E-03, 2.595738055E-03, 5.966666667E-01, 5.990847424E-07, 0.000000000E+00, 6.345245536E+02, 3.373605080E+02, 1.046348117E+00, 3.475384365E+01, 3.475384430E+01, 3.951286349E+04
       231,-2.479922492E-03, 3.348860424E-03, 6.000000238E-01,-2.479012602E-03, 3.345823492E-03, 5.966666667E-01, 5.886253745E-07, 0.000000000E+00, 5.996407001E+02, 3.454832396E+02, 1.021747199E+00, 3.418491990E+01, 3.418492071E+01, 4.770591258E+04
       232,-3.015429014E-03, 3.949484788E-03, 6.000000238E-01,-3.013379239E-03, 3.943734986E-03, 5.966666667E-01, 4.123595895E-07, 0.000000000E+00, 5.677103387E+02, 3.529953831E+02, 1.000003255E+00, 3.361756324E+01, 3.361756408E+01, 5.528570595E+04
       233,-3.101762384E-03, 4.631140269E-03, 6.000000238E-01,-3.103176171E-03, 4.641567575E-03, 5.966666667E-01, 6.164973525E-07, 0.000000000E+00, 5.405654358E+02, 3.595088422E+02, 9.818855361E-01, 3.310126452E+01, 3.310126536E+01, 6.186185847E+04
       234,-4.256685730E-03, 4.850606434E-03, 6.000000238E-01,-4.258977071E-03, 4.856256533E-03, 5.966666667E-01, 5.724605274E-07, 0.000000000E+00, 4.962516845E+02, 3.702585881E+02, 9.533783783E-01, 3.217883600E+01, 3.217883664E+01, 7.272435169E+04
       235,-5.315604620E-03, 4.663984291E-03, 6.000000238E-01,-5.319612649E-03, 4.664837046E-03, 5.966666667E-01, 5.188149762E-07, 0.000000000E+00, 4.597998166E+02, 3.792620472E+02, 9.307457334E-01, 3.134191904E+01, 3.134191951E+01, 8.183113476E+04
       236,-6.241431925E-03, 4.174503498E-03, 6.000000238E-01,-6.245685863E-03, 4.171804640E-03, 5.966666667E-01, 4.697765035E-07, 0.000000000E+00, 4.304535737E+02, 3.866494160E+02, 9.129627969E-01, 3.061294885E+01, 3.061294922E+01, 8.930933551E+04
       237,-7.042986806E-03, 3.476681421E-03, 6.000000238E-01,-7.046353416E-03, 3.472914165E-03, 5.966666667E-01, 4.244763245E-07, 0.000000000E+00, 4.042753765E+02, 3.933670177E+02, 8.973719614E-01, 2.991795239E+01, 2.991795268E+01, 9.611427159E+04
       238,-7.726572920E-03, 2.625006717E-03, 6.000000238E-01,-7.728796082E-03, 2.621756343E-03, 5.966666667E-01, 3.794653219E-07, 0.000000000E+00, 3.781123489E+02, 4.002236554E+02, 8.819981715E-01, 2.917796376E+01, 2.917796398E+01, 1.030647059E+05
       239,-8.279698901E-03, 1.648020116E-03, 6.000000238E-01,-8.280963826E-03, 1.645921102E-03, 5.966666667E-01, 3.338462521E-07, 0.000000000E+00, 3.506385883E+02, 4.076044551E+02, 8.660271689E-01, 2.834786643E+01, 2.834786660E+01, 1.105528812E+05
       240,-8.681237698E-03, 5.692932755E-04, 6.000000238E-01,-8.681893745E-03, 5.685690090E-04, 5.966666667E-01, 2.885635180E-07, 0.000000000E+00, 3.216004082E+02, 4.156446377E+02, 8.492748377E-01, 2.740557528E+01, 2.740557541E+01, 1.187187113E+05
       241,-8.911896497E-03,-5.843581748E-04, 6.000000238E-01,-8.912349810E-03,-5.836206323E-04, 5.966666667E-01, 2.450054524E-07, 0.000000000E+00, 2.910489798E+02, 4.244233979E+02, 8.317084639E-01, 2.633360555E+01, 2.633360564E+01, 1.276449964E+05
       242,-8.958524093E-03,-1.782557811E-03, 6.000000238E-01,-8.959200585E-03,-1.780342292E-03, 5.966666667E-01, 2.043606279E-07, 0.000000000E+00, 2.589271962E+02, 4.340841570E+02, 8.131983778E-01, 2.510457347E+01, 2.510457353E+01, 1.374805720E+05
       243,-8.814716712E-03,-2.992999274E-03, 6.000000238E-01,-8.816026455E-03,-2.989439775E-03, 5.966666667E-01, 1.675248605E-07, 0.000000000E+00, 2.251280755E+02, 4.448401928E+02, 7.935356068E-01, 2.367842570E+01, 2.367842574E+01, 1.484466162E+05
       244,-8.480075747E-03,-4.182763863E-03, 6.000000238E-01,-8.482239820E-03,-4.178405407E-03, 5.966666667E-01, 1.352713025E-07, 0.000000000E+00, 1.898619342E+02, 4.568801743E+02, 7.726238785E-01, 2.201253868E+01, 2.201253871E+01, 1.607418341E+05
       245, 3.101762384E-03,-4.631140269E-03, 6.000000238E-01, 3.103176171E-03,-4.641567575E-03, 5.966666667E-01, 6.164973525E-07, 0.000000000E+00, 5.405654358E+02, 3.595088422E+02, 9.818855361E-01, 3.310126452E+01, 3.310126536E+01, 6.186185847E+04
       246, 2.739628311E-03,-5.542861763E-03, 6.000000238E-01, 2.737968237E-03,-5.550517885E-03, 5.966666667E-01, 5.907096666E-07, 0.000000000E+00, 5.107969029E+02, 3.666950269E+02, 9.626433587E-01, 3.249209409E+01, 3.249209479E+01, 6.912213408E+04
       247, 2.164247679E-03,-6.364120636E-03, 6.000000238E-01, 2.162061938E-03,-6.369491644E-03, 5.966666667E-01, 5.525395406E-07, 0.000000000E+00, 4.813131846E+02, 3.739041175E+02, 9.440830302E-01, 3.184369596E+01, 3.184369653E+01, 7.641074067E+04
       248, 1.410223776E-03,-7.079871371E-03, 6.000000238E-01, 1.408573492E-03,-7.083400597E-03, 5.966666667E-01, 5.045921339E-07, 0.000000000E+00, 4.506617119E+02, 3.815237438E+02, 9.252282146E-01, 3.111941971E+01, 3.111942015E+01, 8.412006055E+04
       249, 5.024285638E-04,-7.657469250E-03, 6.000000238E-01, 5.018054574E-04,-7.659674068E-03, 5.966666667E-01, 4.498920298E-07, 0.000000000E+00, 4.185872135E+02, 3.896593747E+02, 9.059105342E-01, 3.030261064E+01, 3.030261097E+01, 9.235786813E+04
       250,-5.290558911E-04,-8.065160364E-03, 6.000000238E-01,-5.283833135E-04,-8.066608792E-03, 5.966666667E-01, 3.919056080E-07, 0.000000000E+00, 3.852017796E+02, 3.983398874E+02, 8.861691822E-01, 2.938279286E+01, 2.938279310E+01, 1.011546994E+05
       251,-1.648020116E-03,-8.279698901E-03, 6.000000238E-01,-1.645921102E-03,-8.280963826E-03, 5.966666667E-01, 3.338462521E-07, 0.000000000E+00, 3.506385883E+02, 4.076044551E+02, 8.660271689E-01, 2.834786643E+01, 2.834786660E+01, 1.105528812E+05
       252,-2.814677311E-03,-8.287423290E-03, 6.000000238E-01,-2.811221366E-03,-8.289039240E-03, 5.966666667E-01, 2.784019653E-07, 0.000000000E+00, 3.150165905E+02, 4.175167679E+02, 8.454667199E-01, 2.718221399E+01, 2.718221410E+01, 1.206213970E+05
       253,-3.987634555E-03,-8.082929067E-03, 6.000000238E-01,-3.983343796E-03,-8.085230901E-03, 5.966666667E-01, 2.279101291E-07, 0.000000000E+00, 2.786290885E+02, 4.281179623E+02, 8.245310016E-01, 2.587213305E+01, 2.587213313E+01, 1.314048729E+05
       254,-5.124803632E-03,-7.667928003E-03, 6.000000238E-01,-5.121024606E-03,-7.670560039E-03, 5.966666667E-01, 1.846779659E-07, 0.000000000E+00, 2.424033260E+02, 4.392755750E+02, 8.035878897E-01, 2.442640866E+01, 2.442640872E+01, 1.427713288E+05
       255,-6.185510196E-03,-7.052678149E-03, 6.000000238E-01,-6.184083530E-03,-7.054083136E-03, 5.966666667E-01, 1.506923174E-07, 0.000000000E+00, 2.085200051E+02, 4.504067898E+02, 7.837282659E-01, 2.291941934E+01, 2.291941938E+01, 1.541282630E+05
       256,-7.136888802E-03,-6.259271875E-03, 6.000000238E-01,-7.138263953E-03,-6.257818662E-03, 5.966666667E-01, 1.261214138E-07, 0.000000000E+00, 1.792545138E+02, 4.607067961E+02, 7.662064794E-01, 2.146907153E+01, 2.146907155E+01, 1.646548718E+05
       257,-7.959549315E-03,-5.319075659E-03, 6.000000238E-01,-7.962109559E-03,-5.315248510E-03, 5.966666667E-01, 1.084527402E-07, 0.000000000E+00, 1.543175167E+02, 4.701139005E+02, 7.508744836E-01, 2.009754013E+01, 2.009754015E+01, 1.742856194E+05
       258, 3.674950916E-03,-3.674950916E-03, 6.000000238E-01, 3.669488865E-03,-3.669488865E-03, 5.966666667E-01, 2.438993344E-07, 0.000000000E+00, 5.577616746E+02, 3.554005639E+02, 9.932357123E-01, 3.343356794E+01, 3.343356874E+01, 5.771354308E+04
       259, 4.082478583E-03,-2.305219183E-03, 6.000000238E-01, 4.076842442E-03,-2.305268602E-03, 5.966666667E-01, 4.709030643E-07, 0.000000000E+00, 5.792176530E+02, 3.502700425E+02, 1.007783965E+00, 3.382689359E+01, 3.382689443E+01, 5.253539235E+04
       260, 4.631140269E-03,-3.101762384E-03, 6.000000238E-01, 4.641567575E-03,-3.103176171E-03, 5.966666667E-01, 6.164973525E-07, 0.000000000E+00, 5.405654358E+02, 3.595088422E+02, 9.818855361E-01, 3.310126452E+01, 3.310126536E+01, 6.186185847E+04
       261, 3.390561556E-03,-1.734077465E-03, 6.000000238E-01, 3.387419836E-03,-1.734003159E-03, 5.966666667E-01, 5.748591436E-07, 0.000000000E+00, 6.125734611E+02, 3.424573765E+02, 1.030775088E+00, 3.440165895E+01, 3.440165973E+01, 4.465354651E+04
       262, 2.606375609E-03,-1.058610622E-03, 6.000000238E-01, 2.605069615E-03,-1.058572516E-03, 5.966666667E-01, 5.740758154E-07, 0.000000000E+00, 6.450107154E+02, 3.349366233E+02, 1.053920377E+00, 3.491498446E+01, 3.491498503E+01, 3.706850675E+04
       263, 1.825605403E-03,-3.542638442E-04, 6.000000238E-01, 1.825204009E-03,-3.542605916E-04, 5.966666667E-01, 5.424254734E-07, 0.000000000E+00, 6.700664447E+02, 3.291771863E+02, 1.072360258E+00, 3.528221891E+01, 3.528221921E+01, 3.126136853E+04
       264, 1.077256398E-03, 3.556047741E-04, 6.000000238E-01, 1.077178702E-03, 3.556002617E-04, 5.966666667E-01, 5.199868022E-07, 0.000000000E+00, 6.836282090E+02, 3.260712403E+02, 1.082574875E+00, 3.547035341E+01, 3.547035354E+01, 2.813024898E+04
       265, 3.556048032E-04, 1.077256398E-03, 6.000000238E-01, 3.556002617E-04, 1.077178702E-03, 5.966666667E-01, 5.199868022E-07, 0.000000000E+00, 6.836282090E+02, 3.260712403E+02, 1.082574875E+00, 3.547035341E+01, 3.547035354E+01, 2.813024898E+04
       266,-3.542638442E-04, 1.825605403E-03, 6.000000238E-01,-3.542605916E-04, 1.825204009E-03, 5.966666667E-01, 5.424254734E-07, 0.000000000E+00, 6.700664447E+02, 3.291771863E+02, 1.072360258E+00, 3.528221891E+01, 3.528221921E+01, 3.126136853E+04
       267,-1.058610622E-03, 2.606375609E-03, 6.000000238E-01,-1.058572516E-03, 2.605069615E-03, 5.966666667E-01, 5.740758154E-07, 0.000000000E+00, 6.450107154E+02, 3.349366233E+02, 1.053920377E+00, 3.491498446E+01, 3.491498503E+01, 3.706850675E+04
       268,-1.734077348E-03, 3.390561556E-03, 6.000000238E-01,-1.734003159E-03, 3.387419836E-03, 5.966666667E-01, 5.748591436E-07, 0.000000000E+00, 6.125734611E+02, 3.424573765E+02, 1.030775088E+00, 3.440165895E+01, 3.440165973E+01, 4.465354651E+04
       269,-2.305219183E-03, 4.082478583E-03, 6.000000238E-01,-2.305268602E-03, 4.076842442E-03, 5.966666667E-01, 4.709030643E-07, 0.000000000E+00, 5.792176530E+02, 3.502700425E+02, 1.007783965E+00, 3.382689359E+01, 3.382689443E+01, 5.253539235E+04
       270,-2.384747379E-03, 4.820572678E-03, 6.000000238E-01,-2.385056029E-03, 4.832235626E-03, 5.966666667E-01, 6.213272719E-07, 0.000000000E+00, 5.494497806E+02, 3.573710712E+02, 9.877591130E-01, 3.327418249E+01, 3.327418335E+01, 5.970304324E+04
       271,-3.528956324E-03, 5.272400565E-03, 6.000000238E-01,-3.528197927E-03, 5.279567770E-03, 5.966666667E-01, 5.803211172E-07, 0.000000000E+00, 5.022460114E+02, 3.687863752E+02, 9.571843106E-01, 3.230924435E+01, 3.230924501E+01, 7.123601472E+04
       272,-4.663984291E-03, 5.315604620E-03, 6.000000238E-01,-4.664837046E-03, 5.319612649E-03, 5.966666667E-01, 5.188149762E-07, 0.000000000E+00, 4.597998166E+02, 3.792620472E+02, 9.307457334E-01, 3.134191904E+01, 3.134191951E+01, 8.183113476E+04
       273,-5.700194743E-03, 5.000852048E-03, 6.000000238E-01,-5.703217361E-03, 5.000841674E-03, 5.966666667E-01, 4.601192732E-07, 0.000000000E+00, 4.249211531E+02, 3.880650643E+02, 9.096323395E-01, 3.046995587E+01, 3.046995622E+01, 9.074301306E+04
       274,-6.604236551E-03, 4.416196141E-03, 6.000000238E-01,-6.607837751E-03, 4.413062295E-03, 5.966666667E-01, 4.110857695E-07, 0.000000000E+00, 3.966948064E+02, 3.953469421E+02, 8.928778616E-01, 2.970870029E+01, 2.970870056E+01, 9.812079765E+04
       275,-7.380969822E-03, 3.642742289E-03, 6.000000238E-01,-7.383862103E-03, 3.638741644E-03, 5.966666667E-01, 3.678963368E-07, 0.000000000E+00, 3.714393308E+02, 4.020067021E+02, 8.780861872E-01, 2.898181856E+01, 2.898181877E+01, 1.048729936E+05
       276,-8.033539169E-03, 2.728817519E-03, 6.000000238E-01,-8.035390150E-03, 2.725441415E-03, 5.966666667E-01, 3.263054093E-07, 0.000000000E+00, 3.461021468E+02, 4.088499589E+02, 8.633889391E-01, 2.820545291E+01, 2.820545307E+01, 1.118172566E+05
       277,-8.550025523E-03, 1.701596659E-03, 6.000000238E-01,-8.551005856E-03, 1.699441308E-03, 5.966666667E-01, 2.851290465E-07, 0.000000000E+00, 3.193941471E+02, 4.162705478E+02, 8.479978565E-01, 2.733116641E+01, 2.733116653E+01, 1.193547824E+05
       278,-8.911896497E-03, 5.843581748E-04, 6.000000238E-01,-8.912349810E-03, 5.836206323E-04, 5.966666667E-01, 2.450054524E-07, 0.000000000E+00, 2.910489798E+02, 4.244233979E+02, 8.317084639E-01, 2.633360555E+01, 2.633360564E+01, 1.276449964E+05
       279,-9.102669545E-03,-5.968179903E-04, 6.000000238E-01,-9.102988969E-03,-5.960717204E-04, 5.966666667E-01, 2.069761415E-07, 0.000000000E+00, 2.610119170E+02, 4.334384744E+02, 8.144097794E-01, 2.518773658E+01, 2.518773665E+01, 1.368227980E+05
       280,-9.111465886E-03,-1.812869683E-03, 6.000000238E-01,-9.112063680E-03,-1.810638555E-03, 5.966666667E-01, 1.719068602E-07, 0.000000000E+00, 2.291835879E+02, 4.435071157E+02, 7.959207863E-01, 2.385747201E+01, 2.385747205E+01, 1.470866320E+05
       281,-8.933518082E-03,-3.033175832E-03, 6.000000238E-01,-8.934789308E-03,-3.029603419E-03, 5.966666667E-01, 1.404220580E-07, 0.000000000E+00, 1.955241012E+02, 4.548755258E+02, 7.760288524E-01, 2.229392561E+01, 2.229392564E+01, 1.586929670E+05
       282,-8.569554426E-03,-4.226726945E-03, 6.000000238E-01,-8.571704354E-03,-4.222361841E-03, 5.966666667E-01, 1.130588402E-07, 0.000000000E+00, 1.603759393E+02, 4.677606036E+02, 7.546521224E-01, 2.044372923E+01, 2.044372925E+01, 1.718748815E+05
       283, 3.764230292E-03,-4.288387485E-03, 6.000000238E-01, 3.769029306E-03,-4.296900333E-03, 5.966666667E-01, 6.119995882E-07, 0.000000000E+00, 5.343409699E+02, 3.610273919E+02, 9.777555394E-01, 3.297858620E+01, 3.297858702E+01, 6.339563434E+04
       284, 3.528956324E-03,-5.272400565E-03, 6.000000238E-01, 3.528197927E-03,-5.279567770E-03, 5.966666667E-01, 5.803211172E-07, 0.000000000E+00, 5.022460114E+02, 3.687863752E+02, 9.571843106E-01, 3.230924435E+01, 3.230924501E+01, 7.123601472E+04
       285, 3.033142304E-03,-6.140251178E-03, 6.000000238E-01, 3.030391317E-03,-6.145686613E-03, 5.966666667E-01, 5.411145742E-07, 0.000000000E+00, 4.737962497E+02, 3.757684408E+02, 9.393990924E-01, 3.167128803E+01, 3.167128857E+01, 7.829647322E+04
       286, 2.347734291E-03,-6.906685419E-03, 6.000000238E-01, 2.345009116E-03,-6.910461705E-03, 5.966666667E-01, 4.959134699E-07, 0.000000000E+00, 4.455581774E+02, 3.828119472E+02, 9.221147221E-01, 3.099382400E+01, 3.099382443E+01, 8.542400167E+04
       287, 1.504920539E-03,-7.557674777E-03, 6.000000238E-01, 1.503047494E-03,-7.560079471E-03, 5.966666667E-01, 4.454920934E-07, 0.000000000E+00, 4.161114962E+02, 3.902980793E+02, 9.044280537E-01, 3.023702860E+01, 3.023702892E+01, 9.300487459E+04
       288, 5.290558911E-04,-8.065160364E-03, 6.000000238E-01, 5.283833135E-04,-8.066608792E-03, 5.966666667E-01, 3.919056080E-07, 0.000000000E+00, 3.852017796E+02, 3.983398874E+02, 8.861691822E-01, 2.938279286E+01, 2.938279310E+01, 1.011546994E+05
       289,-5.510787014E-04,-8.402353153E-03, 6.000000238E-01,-5.503747134E-04,-8.403320083E-03, 5.966666667E-01, 3.376875003E-07, 0.000000000E+00, 3.529267857E+02, 4.069781471E+02, 8.673599179E-01, 2.841906980E+01, 2.841906997E+01, 1.099171656E+05
       290,-1.701596659E-03,-8.550025523E-03, 6.000000238E-01,-1.699441308E-03,-8.551005856E-03, 5.966666667E-01, 2.851290465E-07, 0.000000000E+00, 3.193941471E+02, 4.162705478E+02, 8.479978565E-01, 2.733116641E+01, 2.733116653E+01, 1.193547824E+05
       291,-2.885689726E-03,-8.497404866E-03, 6.000000238E-01,-2.882183186E-03,-8.498871501E-03, 5.966666667E-01, 2.360896041E-07, 0.000000000E+00, 2.846647597E+02, 4.263151339E+02, 8.280178304E-01, 2.609842999E+01, 2.609843007E+01, 1.295699356E+05
       292,-4.065340385E-03,-8.241083473E-03, 6.000000238E-01,-4.061014975E-03,-8.243315060E-03, 5.966666667E-01, 1.921826129E-07, 0.000000000E+00, 2.488890138E+02, 4.372215594E+02, 8.073630512E-01, 2.469669465E+01, 2.469669471E+01, 1.406775582E+05
       293,-5.202168133E-03,-7.784059271E-03, 6.000000238E-01,-5.198364054E-03,-7.786654290E-03, 5.966666667E-01, 1.550528610E-07, 0.000000000E+00, 2.129924637E+02, 4.488895313E+02, 7.863772882E-01, 2.312802417E+01, 2.312802421E+01, 1.525792135E+05
       294,-6.259271875E-03,-7.136888802E-03, 6.000000238E-01,-6.257818662E-03,-7.138263953E-03, 5.966666667E-01, 1.261214138E-07, 0.000000000E+00, 1.792545138E+02, 4.607067961E+02, 7.662064794E-01, 2.146907153E+01, 2.146907155E+01, 1.646548718E+05
       295,-7.206537295E-03,-6.320278160E-03, 6.000000238E-01,-7.207892974E-03,-6.318807676E-03, 5.966666667E-01, 1.053295046E-07, 0.000000000E+00, 1.500723345E+02, 4.717875548E+02, 7.482107756E-01, 1.984946282E+01, 1.984946284E+01, 1.760007320E+05
       296,-8.025253192E-03,-5.362845957E-03, 6.000000238E-01,-8.027806228E-03,-5.359014192E-03, 5.966666667E-01, 9.043819386E-08, 0.000000000E+00, 1.253226162E+02, 4.819947039E+02, 7.323659978E-01, 1.830128472E+01, 1.830128474E+01, 1.864716380E+05
       297, 4.288387485E-03,-3.764230292E-03, 6.000000238E-01, 4.296900333E-03,-3.769029306E-03, 5.966666667E-01, 6.119995882E-07, 0.000000000E+00, 5.343409699E+02, 3.610273919E+02, 9.777555394E-01, 3.297858620E+01, 3.297858702E+01, 6.339563434E+04
       298, 4.133446142E-03,-1.609289437E-03, 6.000000238E-01, 4.127739223E-03,-1.610079647E-03, 5.966666667E-01, 4.677851922E-07, 0.000000000E+00, 5.891074459E+02, 3.479398950E+02, 1.014533077E+00, 3.400217937E+01, 3.400218021E+01, 5.018435470E+04
       299, 4.820573144E-03,-2.384747379E-03, 6.000000238E-01, 4.832235626E-03,-2.385056029E-03, 5.966666667E-01, 6.213272719E-07, 0.000000000E+00, 5.494497806E+02, 3.573710712E+02, 9.877591130E-01, 3.327418249E+01, 3.327418335E+01, 5.970304324E+04
       300, 5.272400565E-03,-3.528956091E-03, 6.000000238E-01, 5.279567770E-03,-3.528197927E-03, 5.966666667E-01, 5.803211172E-07, 0.000000000E+00, 5.022460114E+02, 3.687863752E+02, 9.571843106E-01, 3.230924435E+01, 3.230924501E+01, 7.123601472E+04
       301, 3.402630100E-03,-1.022339682E-03, 6.000000238E-01, 3.399358916E-03,-1.022470806E-03, 5.966666667E-01, 5.509921557E-07, 0.000000000E+00, 6.213197017E+02, 3.404193994E+02, 1.036945993E+00, 3.454425045E+01, 3.454425118E+01, 4.259792552E+04
       302, 2.608061535E-03,-3.496303980E-04, 6.000000238E-01, 2.606720544E-03,-3.496378060E-04, 5.966666667E-01, 5.589492242E-07, 0.000000000E+00, 6.502518298E+02, 3.337284795E+02, 1.057735716E+00, 3.499387724E+01, 3.499387776E+01, 3.585024683E+04
       303, 1.825605403E-03, 3.542638442E-04, 6.000000238E-01, 1.825204009E-03, 3.542605916E-04, 5.966666667E-01, 5.424254734E-07, 0.000000000E+00, 6.700664447E+02, 3.291771863E+02, 1.072360258E+00, 3.528221891E+01, 3.528221921E+01, 3.126136853E+04
       304, 1.076533808E-03, 1.076533808E-03, 6.000000238E-01, 1.076458258E-03, 1.076458258E-03, 5.966666667E-01, 5.338454516E-07, 0.000000000E+00, 6.770842864E+02, 3.275637591E+02, 1.077642207E+00, 3.538021155E+01, 3.538021177E+01, 2.963481638E+04
       305, 3.542638442E-04, 1.825605403E-03, 6.000000238E-01, 3.542605916E-04, 1.825204009E-03, 5.966666667E-01, 5.424254734E-07, 0.000000000E+00, 6.700664447E+02, 3.291771863E+02, 1.072360258E+00, 3.528221891E+01, 3.528221921E+01, 3.126136853E+04
       306,-3.496303980E-04, 2.608061535E-03, 6.000000238E-01,-3.496378060E-04, 2.606720544E-03, 5.966666667E-01, 5.589492242E-07, 0.000000000E+00, 6.502518298E+02, 3.337284795E+02, 1.057735716E+00, 3.499387724E+01, 3.499387776E+01, 3.585024683E+04
       307,-1.022339682E-03, 3.402630100E-03, 6.000000238E-01,-1.022470806E-03, 3.399358916E-03, 5.966666667E-01, 5.509921557E-07, 0.000000000E+00, 6.213197017E+02, 3.404193994E+02, 1.036945993E+00, 3.454425045E+01, 3.454425118E+01, 4.259792552E+04
       308,-1.609289320E-03, 4.133446608E-03, 6.000000238E-01,-1.610079647E-03, 4.127739223E-03, 5.966666667E-01, 4.677851922E-07, 0.000000000E+00, 5.891074459E+02, 3.479398950E+02, 1.014533077E+00, 3.400217937E+01, 3.400218021E+01, 5.018435470E+04
       309,-1.674166066E-03, 4.914961755E-03, 6.000000238E-01,-1.674595543E-03, 4.928066155E-03, 5.966666667E-01, 6.239987061E-07, 0.000000000E+00, 5.575742890E+02, 3.554280874E+02, 9.931587987E-01, 3.342927210E+01, 3.342927297E+01, 5.774132915E+04
       310,-2.739628311E-03, 5.542861763E-03, 6.000000238E-01,-2.737968237E-03, 5.550517885E-03, 5.966666667E-01, 5.907096666E-07, 0.000000000E+00, 5.107969029E+02, 3.666950269E+02, 9.626433587E-01, 3.249209409E+01, 3.249209479E+01, 6.912213408E+04
       311,-3.882278688E-03, 5.802772939E-03, 6.000000238E-01,-3.880298426E-03, 5.808105861E-03, 5.966666667E-01, 5.281486930E-07, 0.000000000E+00, 4.655814976E+02, 3.778153226E+02, 9.343097306E-01, 3.147930852E+01, 3.147930902E+01, 8.036726089E+04
       312,-5.000852048E-03, 5.700194743E-03, 6.000000238E-01,-5.000841674E-03, 5.703217361E-03, 5.966666667E-01, 4.601192732E-07, 0.000000000E+00, 4.249211531E+02, 3.880650643E+02, 9.096323395E-01, 3.046995587E+01, 3.046995622E+01, 9.074301306E+04
       313,-6.018280052E-03, 5.279466975E-03, 6.000000238E-01,-6.020694031E-03, 5.278923843E-03, 5.966666667E-01, 4.017731153E-07, 0.000000000E+00, 3.913829602E+02, 3.967417046E+02, 8.897389112E-01, 2.955975490E+01, 2.955975515E+01, 9.953453504E+04
       314,-6.904304493E-03, 4.616094287E-03, 6.000000238E-01,-6.907503053E-03, 4.612692755E-03, 5.966666667E-01, 3.554213022E-07, 0.000000000E+00, 3.641395723E+02, 4.039692373E+02, 8.738203301E-01, 2.876346398E+01, 2.876346417E+01, 1.068638252E+05
       315,-7.660508621E-03, 3.780087456E-03, 6.000000238E-01,-7.663106743E-03, 3.775942364E-03, 5.966666667E-01, 3.157856588E-07, 0.000000000E+00, 3.396695673E+02, 4.106252090E+02, 8.596562619E-01, 2.800062638E+01, 2.800062653E+01, 1.136197804E+05
       316,-8.287423290E-03, 2.814677311E-03, 6.000000238E-01,-8.289039240E-03, 2.811221366E-03, 5.966666667E-01, 2.784019653E-07, 0.000000000E+00, 3.150165905E+02, 4.175167679E+02, 8.454667199E-01, 2.718221399E+01, 2.718221410E+01, 1.206213970E+05
       317,-8.773605339E-03, 1.745908405E-03, 6.000000238E-01,-8.774402310E-03, 1.743716728E-03, 5.966666667E-01, 2.419887598E-07, 0.000000000E+00, 2.889108087E+02, 4.250553022E+02, 8.304720125E-01, 2.625531495E+01, 2.625531504E+01, 1.282879360E+05
       318,-9.102669545E-03, 5.968179903E-04, 6.000000238E-01,-9.102988969E-03, 5.960717204E-04, 5.966666667E-01, 2.069761415E-07, 0.000000000E+00, 2.610119170E+02, 4.334384744E+02, 8.144097794E-01, 2.518773658E+01, 2.518773665E+01, 1.368227980E+05
       319,-9.260453284E-03,-6.071232492E-04, 6.000000238E-01,-9.260684213E-03,-6.063711647E-04, 5.966666667E-01, 1.741525043E-07, 0.000000000E+00, 2.312242870E+02, 4.428398732E+02, 7.971200283E-01, 2.394667267E+01, 2.394667272E+01, 1.464060151E+05
       320,-9.237960912E-03,-1.837939955E-03, 6.000000238E-01,-9.238506688E-03,-1.835698564E-03, 5.966666667E-01, 1.441536509E-07, 0.000000000E+00, 1.995003541E+02, 4.534823407E+02, 7.784129625E-01, 2.248807862E+01, 2.248807866E+01, 1.572694770E+05
       321,-9.031775407E-03,-3.066404955E-03, 6.000000238E-01,-9.033023194E-03,-3.062824504E-03, 5.966666667E-01, 1.174163845E-07, 0.000000000E+00, 1.658974000E+02, 4.656495564E+02, 7.580733781E-01, 2.075156712E+01, 2.075156714E+01, 1.697131547E+05
       322,-8.643560112E-03,-4.263088573E-03, 6.000000238E-01,-8.645702847E-03,-4.258719374E-03, 5.966666667E-01, 9.431491804E-08, 0.000000000E+00, 1.310949938E+02, 4.795297525E+02, 7.361306163E-01, 1.867907345E+01, 1.867907347E+01, 1.839412737E+05
       323, 4.256685730E-03,-4.850606434E-03, 6.000000238E-01, 4.258977071E-03,-4.856256533E-03, 5.966666667E-01, 5.724605274E-07, 0.000000000E+00, 4.962516845E+02, 3.702585881E+02, 9.533783783E-01, 3.217883600E+01, 3.217883664E+01, 7.272435169E+04
       324, 3.882278688E-03,-5.802772939E-03, 6.000000238E-01, 3.880298426E-03,-5.808105861E-03, 5.966666667E-01, 5.281486930E-07, 0.000000000E+00, 4.655814976E+02, 3.778153226E+02, 9.343097306E-01, 3.147930852E+01, 3.147930902E+01, 8.036726089E+04
       325, 3.275901079E-03,-6.634338293E-03, 6.000000238E-01, 3.272515104E-03,-6.638481184E-03, 5.966666667E-01, 4.834921837E-07, 0.000000000E+00, 4.383403659E+02, 3.846409027E+02, 9.177300953E-01, 3.081354504E+01, 3.081354544E+01, 8.727558617E+04
       326, 2.499491675E-03,-7.355427835E-03, 6.000000238E-01, 2.496441668E-03,-7.358243837E-03, 5.966666667E-01, 4.367826766E-07, 0.000000000E+00, 4.112106911E+02, 3.915656203E+02, 9.015003207E-01, 3.010603017E+01, 3.010603048E+01, 9.428901171E+04
       327, 1.583242090E-03,-7.952854969E-03, 6.000000238E-01, 1.581230697E-03,-7.954561338E-03, 5.966666667E-01, 3.877163104E-07, 0.000000000E+00, 3.828235248E+02, 3.989706650E+02, 8.847681377E-01, 2.931448430E+01, 2.931448453E+01, 1.017942231E+05
       328, 5.510787014E-04,-8.402353153E-03, 6.000000238E-01, 5.503747134E-04,-8.403320083E-03, 5.966666667E-01, 3.376875003E-07, 0.000000000E+00, 3.529267857E+02, 4.069781471E+02, 8.673599179E-01, 2.841906980E+01, 2.841906997E+01, 1.099171656E+05
       329,-5.692932755E-04,-8.681237698E-03, 6.000000238E-01,-5.685690090E-04,-8.681893745E-03, 5.966666667E-01, 2.885635180E-07, 0.000000000E+00, 3.216004082E+02, 4.156446377E+02, 8.492748377E-01, 2.740557528E+01, 2.740557541E+01, 1.187187113E+05
       330,-1.745908405E-03,-8.773605339E-03, 6.000000238E-01,-1.743716728E-03,-8.774402310E-03, 5.966666667E-01, 2.419887598E-07, 0.000000000E+00, 2.889108087E+02, 4.250553022E+02, 8.304720125E-01, 2.625531495E+01, 2.625531504E+01, 1.282879360E+05
       331,-2.944422420E-03,-8.671076968E-03, 6.000000238E-01,-2.940883713E-03,-8.672447440E-03, 5.966666667E-01, 1.992521786E-07, 0.000000000E+00, 2.547847488E+02, 4.353730271E+02, 8.107910007E-01, 2.493776197E+01, 2.493776203E+01, 1.387937528E+05
       332,-4.129608627E-03,-8.371889591E-03, 6.000000238E-01,-4.125262651E-03,-8.374078362E-03, 5.966666667E-01, 1.614694825E-07, 0.000000000E+00, 2.193520222E+02, 4.467558160E+02, 7.901330428E-01, 2.341924617E+01, 2.341924621E+01, 1.504013406E+05
       333,-5.266154185E-03,-7.880109362E-03, 6.000000238E-01,-5.262335456E-03,-7.882681769E-03, 5.966666667E-01, 1.298208147E-07, 0.000000000E+00, 1.836315992E+02, 4.591159212E+02, 7.688614486E-01, 2.169598319E+01, 2.169598322E+01, 1.630277503E+05
       334,-6.320277695E-03,-7.206537295E-03, 6.000000238E-01,-6.318807676E-03,-7.207892974E-03, 5.966666667E-01, 1.053295046E-07, 0.000000000E+00, 1.500723345E+02, 4.717875548E+02, 7.482107756E-01, 1.984946282E+01, 1.984946284E+01, 1.760007320E+05
       335,-7.264141925E-03,-6.370734889E-03, 6.000000238E-01,-7.265484863E-03,-6.369253202E-03, 5.966666667E-01, 8.781156800E-08, 0.000000000E+00, 1.212956174E+02, 4.837445530E+02, 7.297168104E-01, 1.803095946E+01, 1.803095947E+01, 1.882685870E+05
       336,-8.079594932E-03,-5.399047397E-03, 6.000000238E-01,-8.082144953E-03,-5.395213461E-03, 5.966666667E-01, 7.530516763E-08, 0.000000000E+00, 9.734673731E+01, 4.947385945E+02, 7.135011019E-01, 1.629030054E+01, 1.629030055E+01, 1.995711595E+05
       337, 4.850606434E-03,-4.256685730E-03, 6.000000238E-01, 4.856256533E-03,-4.258977071E-03, 5.966666667E-01, 5.724605274E-07, 0.000000000E+00, 4.962516845E+02, 3.702585881E+02, 9.533783783E-01, 3.217883600E+01, 3.217883664E+01, 7.272435169E+04
       338, 4.148196895E-03,-9.474668186E-04, 6.000000238E-01, 4.142269384E-03,-9.481934315E-04, 5.966666667E-01, 4.491128626E-07, 0.000000000E+00, 5.959324415E+02, 3.463371484E+02, 1.019228038E+00, 3.412065011E+01, 3.412065094E+01, 4.856736680E+04
       339, 4.914961755E-03,-1.674166066E-03, 6.000000238E-01, 4.928066155E-03,-1.674595543E-03, 5.966666667E-01, 6.239987061E-07, 0.000000000E+00, 5.575742890E+02, 3.554280874E+02, 9.931587987E-01, 3.342927210E+01, 3.342927297E+01, 5.774132915E+04
       340, 5.542861763E-03,-2.739628311E-03, 6.000000238E-01, 5.550517885E-03,-2.737968237E-03, 5.966666667E-01, 5.907096666E-07, 0.000000000E+00, 5.107969029E+02, 3.666950269E+02, 9.626433587E-01, 3.249209409E+01, 3.249209479E+01, 6.912213408E+04
       341, 5.802772939E-03,-3.882278688E-03, 6.000000238E-01, 5.808105861E-03,-3.880298426E-03, 5.966666667E-01, 5.281486930E-07, 0.000000000E+00, 4.655814976E+02, 3.778153226E+02, 9.343097306E-01, 3.147930852E+01, 3.147930902E+01, 8.036726089E+04
       342, 3.404797753E-03,-3.375400556E-04, 6.000000238E-01, 3.401436783E-03,-3.376077162E-04, 5.966666667E-01, 5.360952662E-07, 0.000000000E+00, 6.256740767E+02, 3.394072677E+02, 1.040038225E+00, 3.461406096E+01, 3.461406167E+01, 4.157709296E+04
       343, 2.608061535E-03, 3.496303980E-04, 6.000000238E-01, 2.606720544E-03, 3.496378060E-04, 5.966666667E-01, 5.589492242E-07, 0.000000000E+00, 6.502518298E+02, 3.337284795E+02, 1.057735716E+00, 3.499387724E+01, 3.499387776E+01, 3.585024683E+04
       344, 1.824401086E-03, 1.072510961E-03, 6.000000238E-01, 1.824010234E-03, 1.072441383E-03, 5.966666667E-01, 5.569418069E-07, 0.000000000E+00, 6.640535675E+02, 3.305545106E+02, 1.067892045E+00, 3.519630371E+01, 3.519630408E+01, 3.264997952E+04
       345, 1.072510961E-03, 1.824401086E-03, 6.000000238E-01, 1.072441383E-03, 1.824010234E-03, 5.966666667E-01, 5.569418069E-07, 0.000000000E+00, 6.640535675E+02, 3.305545106E+02, 1.067892045E+00, 3.519630371E+01, 3.519630408E+01, 3.264997952E+04
       346, 3.496303980E-04, 2.608061535E-03, 6.000000238E-01, 3.496378060E-04, 2.606720544E-03, 5.966666667E-01, 5.589492242E-07, 0.000000000E+00, 6.502518298E+02, 3.337284795E+02, 1.057735716E+00, 3.499387724E+01, 3.499387776E+01, 3.585024683E+04
       347,-3.375400556E-04, 3.404797753E-03, 6.000000238E-01,-3.376077162E-04, 3.401436783E-03, 5.966666667E-01, 5.360952662E-07, 0.000000000E+00, 6.256740767E+02, 3.394072677E+02, 1.040038225E+00, 3.461406096E+01, 3.461406167E+01, 4.157709296E+04
       348,-9.474667604E-04, 4.148196895E-03, 6.000000238E-01,-9.481934315E-04, 4.142269384E-03, 5.966666667E-01, 4.491128626E-07, 0.000000000E+00, 5.959324415E+02, 3.463371484E+02, 1.019228038E+00, 3.412065011E+01, 3.412065094E+01, 4.856736680E+04
       349,-9.899165016E-04, 4.959166050E-03, 6.000000238E-01,-9.904304461E-04, 4.973614299E-03, 5.966666667E-01, 6.248118250E-07, 0.000000000E+00, 5.633157494E+02, 3.540604372E+02, 9.969951320E-01, 3.353708500E+01, 3.353708589E+01, 5.636072123E+04
       350,-1.942398725E-03, 5.708118435E-03, 6.000000238E-01,-1.941140455E-03, 5.716232548E-03, 5.966666667E-01, 5.992703727E-07, 0.000000000E+00, 5.186210938E+02, 3.647905398E+02, 9.676690970E-01, 3.265619969E+01, 3.265620041E+01, 6.719750848E+04
       351,-3.033142304E-03, 6.140251178E-03, 6.000000238E-01,-3.030391317E-03, 6.145686613E-03, 5.966666667E-01, 5.411145742E-07, 0.000000000E+00, 4.737962497E+02, 3.757684408E+02, 9.393990924E-01, 3.167128803E+01, 3.167128857E+01, 7.829647322E+04
       352,-4.174503498E-03, 6.241431925E-03, 6.000000238E-01,-4.171804640E-03, 6.245685863E-03, 5.966666667E-01, 4.697765035E-07, 0.000000000E+00, 4.304535737E+02, 3.866494160E+02, 9.129627969E-01, 3.061294885E+01, 3.061294922E+01, 8.930933551E+04
       353,-5.279466975E-03, 6.018280052E-03, 6.000000238E-01,-5.278923843E-03, 6.020694031E-03, 5.966666667E-01, 4.017731153E-07, 0.000000000E+00, 3.913829602E+02, 3.967417046E+02, 8.897389112E-01, 2.955975490E+01, 2.955975515E+01, 9.953453504E+04
       354,-6.281361450E-03, 5.509903654E-03, 6.000000238E-01,-6.283391011E-03, 5.509023730E-03, 5.966666667E-01, 3.468123825E-07, 0.000000000E+00, 3.590246663E+02, 4.053525696E+02, 8.708382745E-01, 2.860807218E+01, 2.860807236E+01, 1.082674269E+05
       355,-7.152483799E-03, 4.781425931E-03, 6.000000238E-01,-7.155431648E-03, 4.777857355E-03, 5.966666667E-01, 3.045101533E-07, 0.000000000E+00, 3.326248870E+02, 4.125827868E+02, 8.555774588E-01, 2.777235553E+01, 2.777235566E+01, 1.156079444E+05
       356,-7.891708985E-03, 3.893682733E-03, 6.000000238E-01,-7.894124023E-03, 3.889447630E-03, 5.966666667E-01, 2.690505708E-07, 0.000000000E+00, 3.088021516E+02, 4.192963143E+02, 8.418784526E-01, 2.696771441E+01, 2.696771452E+01, 1.224304428E+05
       357,-8.497404866E-03, 2.885689726E-03, 6.000000238E-01,-8.498871501E-03, 2.882183186E-03, 5.966666667E-01, 2.360896041E-07, 0.000000000E+00, 2.846647597E+02, 4.263151339E+02, 8.280178304E-01, 2.609842999E+01, 2.609843007E+01, 1.295699356E+05
       358,-8.958524093E-03, 1.782557811E-03, 6.000000238E-01,-8.959200585E-03, 1.780342292E-03, 5.966666667E-01, 2.043606279E-07, 0.000000000E+00, 2.589271962E+02, 4.340841570E+02, 8.131983778E-01, 2.510457347E+01, 2.510457353E+01, 1.374805720E+05
       359,-9.260453284E-03, 6.071232492E-04, 6.000000238E-01,-9.260684213E-03, 6.063711647E-04, 5.966666667E-01, 1.741525043E-07, 0.000000000E+00, 2.312242870E+02, 4.428398732E+02, 7.971200283E-01, 2.394667267E+01, 2.394667272E+01, 1.464060151E+05
       360,-9.390952997E-03,-6.156464806E-04, 6.000000238E-01,-9.391124608E-03,-6.148905311E-04, 5.966666667E-01, 1.460673470E-07, 0.000000000E+00, 2.015017353E+02, 4.527854473E+02, 7.796110374E-01, 2.258475346E+01, 2.258475349E+01, 1.565575557E+05
       361,-9.342581034E-03,-1.858675038E-03, 6.000000238E-01,-9.343093632E-03,-1.856426874E-03, 5.966666667E-01, 1.205761273E-07, 0.000000000E+00, 1.697814081E+02, 4.641826520E+02, 7.604690325E-01, 2.096392646E+01, 2.096392649E+01, 1.682115067E+05
       362,-9.113042615E-03,-3.093888052E-03, 6.000000238E-01,-9.114275393E-03,-3.090302661E-03, 5.966666667E-01, 9.798562009E-08, 0.000000000E+00, 1.363868453E+02, 4.773119218E+02, 7.395510486E-01, 1.901593175E+01, 1.901593176E+01, 1.816655226E+05
       363,-8.704768494E-03,-4.293161444E-03, 6.000000238E-01,-8.706908260E-03,-4.288791309E-03, 5.966666667E-01, 7.855743457E-08, 0.000000000E+00, 1.026308671E+02, 4.922073159E+02, 7.171704297E-01, 1.669589180E+01, 1.669589181E+01, 1.969669165E+05
       364, 4.663984291E-03,-5.315604620E-03, 6.000000238E-01, 4.664837046E-03,-5.319612649E-03, 5.966666667E-01, 5.188149762E-07, 0.000000000E+00, 4.597998166E+02, 3.792620472E+02, 9.307457334E-01, 3.134191904E+01, 3.134191951E+01, 8.183113476E+04
       365, 4.174503498E-03,-6.241431925E-03, 6.000000238E-01, 4.171804640E-03,-6.245685863E-03, 5.966666667E-01, 4.697765035E-07, 0.000000000E+00, 4.304535737E+02, 3.866494160E+02, 9.129627969E-01, 3.061294885E+01, 3.061294922E+01, 8.930933551E+04
       366, 3.476681421E-03,-7.042986341E-03, 6.000000238E-01, 3.472914165E-03,-7.046353416E-03, 5.966666667E-01, 4.244763245E-07, 0.000000000E+00, 4.042753765E+02, 3.933670177E+02, 8.973719614E-01, 2.991795239E+01, 2.991795268E+01, 9.611427159E+04
       367, 2.625006950E-03,-7.726572920E-03, 6.000000238E-01, 2.621756343E-03,-7.728796082E-03, 5.966666667E-01, 3.794653219E-07, 0.000000000E+00, 3.781123489E+02, 4.002236554E+02, 8.819981715E-01, 2.917796376E+01, 2.917796398E+01, 1.030647059E+05
       368, 1.648020116E-03,-8.279699832E-03, 6.000000238E-01, 1.645921102E-03,-8.280963826E-03, 5.966666667E-01, 3.338462521E-07, 0.000000000E+00, 3.506385883E+02, 4.076044551E+02, 8.660271689E-01, 2.834786643E+01, 2.834786660E+01, 1.105528812E+05
       369, 5.692933337E-04,-8.681237698E-03, 6.000000238E-01, 5.685690090E-04,-8.681893745E-03, 5.966666667E-01, 2.885635180E-07, 0.000000000E+00, 3.216004082E+02, 4.156446377E+02, 8.492748377E-01, 2.740557528E+01, 2.740557541E+01, 1.187187113E+05
       370,-5.843581748E-04,-8.911896497E-03, 6.000000238E-01,-5.836206323E-04,-8.912349810E-03, 5.966666667E-01, 2.450054524E-07, 0.000000000E+00, 2.910489798E+02, 4.244233979E+02, 8.317084639E-01, 2.633360555E+01, 2.633360564E+01, 1.276449964E+05
       371,-1.782557811E-03,-8.958524093E-03, 6.000000238E-01,-1.780342292E-03,-8.959200585E-03, 5.966666667E-01, 2.043606279E-07, 0.000000000E+00, 2.589271962E+02, 4.340841570E+02, 8.131983778E-01, 2.510457347E+01, 2.510457353E+01, 1.374805720E+05
       372,-2.992999041E-03,-8.814716712E-03, 6.000000238E-01,-2.989439775E-03,-8.816026455E-03, 5.966666667E-01, 1.675248605E-07, 0.000000000E+00, 2.251280755E+02, 4.448401928E+02, 7.935356068E-01, 2.367842570E+01, 2.367842574E+01, 1.484466162E+05
       373,-4.182763863E-03,-8.480075747E-03, 6.000000238E-01,-4.178405407E-03,-8.482239820E-03, 5.966666667E-01, 1.352713025E-07, 0.000000000E+00, 1.898619342E+02, 4.568801743E+02, 7.726238785E-01, 2.201253868E+01, 2.201253871E+01, 1.607418341E+05
       374,-5.319076125E-03,-7.959549315E-03, 6.000000238E-01,-5.315248510E-03,-7.962109559E-03, 5.966666667E-01, 1.084527402E-07, 0.000000000E+00, 1.543175167E+02, 4.701139005E+02, 7.508744836E-01, 2.009754013E+01, 2.009754015E+01, 1.742856194E+05
       375,-6.370734889E-03,-7.264142390E-03, 6.000000238E-01,-6.369253202E-03,-7.265484863E-03, 5.966666667E-01, 8.781156800E-08, 0.000000000E+00, 1.212956174E+02, 4.837445530E+02, 7.297168104E-01, 1.803095946E+01, 1.803095947E+01, 1.882685870E+05
       376,-7.311786059E-03,-6.412466988E-03, 6.000000238E-01,-7.313120018E-03,-6.410977487E-03, 5.966666667E-01, 7.310300995E-08, 0.000000000E+00, 9.369043874E+01, 4.965266834E+02, 7.109316459E-01, 1.600146078E+01, 1.600146079E+01, 2.014114854E+05
       377,-8.124539629E-03,-5.428988487E-03, 6.000000238E-01,-8.127088957E-03,-5.425154172E-03, 5.966666667E-01, 6.262918632E-08, 0.000000000E+00, 7.153448029E+01, 5.081147159E+02, 6.947181832E-01, 1.407972214E+01, 1.407972214E+01, 2.133526580E+05
       378, 5.315604620E-03,-4.663984291E-03, 6.000000238E-01, 5.319612649E-03,-4.664837046E-03, 5.966666667E-01, 5.188149762E-07, 0.000000000E+00, 4.597998166E+02, 3.792620472E+02, 9.307457334E-01, 3.134191904E+01, 3.134191951E+01, 8.183113476E+04
       379, 4.150846042E-03,-3.125824442E-04, 6.000000238E-01, 4.144747570E-03,-3.128621781E-04, 5.966666667E-01, 4.363359312E-07, 0.000000000E+00, 5.993477088E+02, 3.455367086E+02, 1.021589092E+00, 3.417917754E+01, 3.417917837E+01, 4.775985320E+04
       380, 4.959165584E-03,-9.899165016E-04, 6.000000238E-01, 4.973614299E-03,-9.904304461E-04, 5.966666667E-01, 6.248118250E-07, 0.000000000E+00, 5.633157494E+02, 3.540604372E+02, 9.969951320E-01, 3.353708500E+01, 3.353708589E+01, 5.636072123E+04
       381, 5.708118435E-03,-1.942398609E-03, 6.000000238E-01, 5.716232548E-03,-1.941140455E-03, 5.966666667E-01, 5.992703727E-07, 0.000000000E+00, 5.186210938E+02, 3.647905398E+02, 9.676690970E-01, 3.265619969E+01, 3.265620041E+01, 6.719750848E+04
       382, 6.140251178E-03,-3.033142304E-03, 6.000000238E-01, 6.145686613E-03,-3.030391317E-03, 5.966666667E-01, 5.411145742E-07, 0.000000000E+00, 4.737962497E+02, 3.757684408E+02, 9.393990924E-01, 3.167128803E+01, 3.167128857E+01, 7.829647322E+04
       383, 6.241431925E-03,-4.174503498E-03, 6.000000238E-01, 6.245685863E-03,-4.171804640E-03, 5.966666667E-01, 4.697765035E-07, 0.000000000E+00, 4.304535737E+02, 3.866494160E+02, 9.129627969E-01, 3.061294885E+01, 3.061294922E+01, 8.930933551E+04
       384, 3.404797753E-03, 3.375400847E-04, 6.000000238E-01, 3.401436783E-03, 3.376077162E-04, 5.966666667E-01, 5.360952662E-07, 0.000000000E+00, 6.256740767E+02, 3.394072677E+02, 1.040038225E+00, 3.461406096E+01, 3.461406167E+01, 4.157709296E+04
       385, 2.606375609E-03, 1.058610622E-03, 6.000000238E-01, 2.605069615E-03, 1.058572516E-03, 5.966666667E-01, 5.740758154E-07, 0.000000000E+00, 6.450107154E+02, 3.349366233E+02, 1.053920377E+00, 3.491498446E+01, 3.491498503E+01, 3.706850675E+04
       386, 1.817696262E-03, 1.817696262E-03, 6.000000238E-01, 1.817324888E-03, 1.817324888E-03, 5.966666667E-01, 5.811356110E-07, 0.000000000E+00, 6.520888277E+02, 3.333044770E+02, 1.059081280E+00, 3.502121910E+01, 3.502121960E+01, 3.542270790E+04
       387, 1.058610738E-03, 2.606375609E-03, 6.000000238E-01, 1.058572516E-03, 2.605069615E-03, 5.966666667E-01, 5.740758154E-07, 0.000000000E+00, 6.450107154E+02, 3.349366233E+02, 1.053920377E+00, 3.491498446E+01, 3.491498503E+01, 3.706850675E+04
       388, 3.375400556E-04, 3.404797753E-03, 6.000000238E-01, 3.376077162E-04, 3.401436783E-03, 5.966666667E-01, 5.360952662E-07, 0.000000000E+00, 6.256740767E+02, 3.394072677E+02, 1.040038225E+00, 3.461406096E+01, 3.461406167E+01, 4.157709296E+04
       389,-3.125824442E-04, 4.150846507E-03, 6.000000238E-01,-3.128621781E-04, 4.144747570E-03, 5.966666667E-01, 4.363359312E-07, 0.000000000E+00, 5.993477088E+02, 3.455367086E+02, 1.021589092E+00, 3.417917754E+01, 3.417917837E+01, 4.775985320E+04
       390,-3.273406764E-04, 4.976690281E-03, 6.000000238E-01,-3.275688199E-04, 4.991929244E-03, 5.966666667E-01, 6.248665610E-07, 0.000000000E+00, 5.662161987E+02, 3.533711030E+02, 9.989400076E-01, 3.359098748E+01, 3.359098837E+01, 5.566492689E+04
       391,-1.157293795E-03, 5.803687032E-03, 6.000000238E-01,-1.156646757E-03, 5.812276806E-03, 5.966666667E-01, 6.047273891E-07, 0.000000000E+00, 5.241540145E+02, 3.634487385E+02, 9.712415945E-01, 3.277041977E+01, 3.277042051E+01, 6.584173631E+04
       392,-2.164247679E-03, 6.364120636E-03, 6.000000238E-01,-2.162061938E-03, 6.369491644E-03, 5.966666667E-01, 5.525395406E-07, 0.000000000E+00, 4.813131846E+02, 3.739041175E+02, 9.440830302E-01, 3.184369596E+01, 3.184369653E+01, 7.641074067E+04
       393,-3.275901079E-03, 6.634338293E-03, 6.000000238E-01,-3.272515104E-03, 6.638481184E-03, 5.966666667E-01, 4.834921837E-07, 0.000000000E+00, 4.383403659E+02, 3.846409027E+02, 9.177300953E-01, 3.081354504E+01, 3.081354544E+01, 8.727558617E+04
       394,-4.416196141E-03, 6.604237016E-03, 6.000000238E-01,-4.413062295E-03, 6.607837751E-03, 5.966666667E-01, 4.110857695E-07, 0.000000000E+00, 3.966948064E+02, 3.953469421E+02, 8.928778616E-01, 2.970870029E+01, 2.970870056E+01, 9.812079765E+04
       395,-5.509903654E-03, 6.281361915E-03, 6.000000238E-01,-5.509023730E-03, 6.283391011E-03, 5.966666667E-01, 3.468123825E-07, 0.000000000E+00, 3.590246663E+02, 4.053525696E+02, 8.708382745E-01, 2.860807218E+01, 2.860807236E+01, 1.082674269E+05
       396,-6.498950534E-03, 5.700492766E-03, 6.000000238E-01,-6.500733277E-03, 5.699396801E-03, 5.966666667E-01, 2.967697208E-07, 0.000000000E+00, 3.276862398E+02, 4.139643100E+02, 8.527221399E-01, 2.760982273E+01, 2.760982286E+01, 1.170113763E+05
       397,-7.357746828E-03, 4.918168299E-03, 6.000000238E-01,-7.360538266E-03, 4.914494892E-03, 5.966666667E-01, 2.590697426E-07, 0.000000000E+00, 3.019877128E+02, 4.212628173E+02, 8.379484678E-01, 2.672831315E+01, 2.672831326E+01, 1.244300600E+05
       398,-8.082929067E-03, 3.987634555E-03, 6.000000238E-01,-8.085230901E-03, 3.983343796E-03, 5.966666667E-01, 2.279101291E-07, 0.000000000E+00, 2.786290885E+02, 4.281179623E+02, 8.245310016E-01, 2.587213305E+01, 2.587213313E+01, 1.314048729E+05
       399,-8.671076968E-03, 2.944422420E-03, 6.000000238E-01,-8.672447440E-03, 2.940883713E-03, 5.966666667E-01, 1.992521786E-07, 0.000000000E+00, 2.547847488E+02, 4.353730271E+02, 8.107910007E-01, 2.493776197E+01, 2.493776203E+01, 1.387937528E+05
       400,-9.111465886E-03, 1.812869683E-03, 6.000000238E-01,-9.112063680E-03, 1.810638555E-03, 5.966666667E-01, 1.719068602E-07, 0.000000000E+00, 2.291835879E+02, 4.435071157E+02, 7.959207863E-01, 2.385747201E+01, 2.385747205E+01, 1.470866320E+05
       401,-9.390952997E-03, 6.156464806E-04, 6.000000238E-01,-9.391124608E-03, 6.148905311E-04, 5.966666667E-01, 1.460673470E-07, 0.000000000E+00, 2.015017353E+02, 4.527854473E+02, 7.796110374E-01, 2.258475346E+01, 2.258475349E+01, 1.565575557E+05
       402,-9.498885833E-03,-6.226958358E-04, 6.000000238E-01,-9.499018234E-03,-6.219373155E-04, 5.966666667E-01, 1.221974655E-07, 0.000000000E+00, 1.717382350E+02, 4.634489936E+02, 7.616728856E-01, 2.106964797E+01, 2.106964800E+01, 1.674606170E+05
       403,-9.429111145E-03,-1.875824411E-03, 6.000000238E-01,-9.429600941E-03,-1.873571942E-03, 5.966666667E-01, 1.006492001E-07, 0.000000000E+00, 1.401246944E+02, 4.757679972E+02, 7.419509810E-01, 1.924869339E+01, 1.924869341E+01, 1.800818000E+05
       404,-9.180256166E-03,-3.116618609E-03, 6.000000238E-01,-9.181480693E-03,-3.113030388E-03, 5.966666667E-01, 8.163899926E-08, 0.000000000E+00, 1.075227828E+02, 4.899156786E+02, 7.205250775E-01, 1.705972785E+01, 1.705972786E+01, 1.946102171E+05
       405,-8.755392395E-03,-4.318034276E-03, 6.000000238E-01,-8.757531837E-03,-4.313664092E-03, 5.966666667E-01, 6.535047198E-08, 0.000000000E+00, 7.606973511E+01, 5.056119594E+02, 6.981570070E-01, 1.450016673E+01, 1.450016674E+01, 2.107713834E+05
       406, 5.000852048E-03,-5.700194743E-03, 6.000000238E-01, 5.000841674E-03,-5.703217361E-03, 5.966666667E-01, 4.601192732E-07, 0.000000000E+00, 4.249211531E+02, 3.880650643E+02, 9.096323395E-01, 3.046995587E+01, 3.046995622E+01, 9.074301306E+04
       407, 4.416196141E-03,-6.604237016E-03, 6.000000238E-01, 4.413062295E-03,-6.607837751E-03, 5.966666667E-01, 4.110857695E-07, 0.000000000E+00, 3.966948064E+02, 3.953469421E+02, 8.928778616E-01, 2.970870029E+01, 2.970870056E+01, 9.812079765E+04
       408, 3.642742289E-03,-7.380969822E-03, 6.000000238E-01, 3.638741644E-03,-7.383862103E-03, 5.966666667E-01, 3.678963368E-07, 0.000000000E+00, 3.714393308E+02, 4.020067021E+02, 8.780861872E-01, 2.898181856E+01, 2.898181877E+01, 1.048729936E+05
       409, 2.728817752E-03,-8.033538237E-03, 6.000000238E-01, 2.725441415E-03,-8.035390150E-03, 5.966666667E-01, 3.263054093E-07, 0.000000000E+00, 3.461021468E+02, 4.088499589E+02, 8.633889391E-01, 2.820545291E+01, 2.820545307E+01, 1.118172566E+05
       410, 1.701596659E-03,-8.550025523E-03, 6.000000238E-01, 1.699441308E-03,-8.551005856E-03, 5.966666667E-01, 2.851290465E-07, 0.000000000E+00, 3.193941471E+02, 4.162705478E+02, 8.479978565E-01, 2.733116641E+01, 2.733116653E+01, 1.193547824E+05
       411, 5.843581748E-04,-8.911896497E-03, 6.000000238E-01, 5.836206323E-04,-8.912349810E-03, 5.966666667E-01, 2.450054524E-07, 0.000000000E+00, 2.910489798E+02, 4.244233979E+02, 8.317084639E-01, 2.633360555E+01, 2.633360564E+01, 1.276449964E+05
       412,-5.968179903E-04,-9.102669545E-03, 6.000000238E-01,-5.960717204E-04,-9.102988969E-03, 5.966666667E-01, 2.069761415E-07, 0.000000000E+00, 2.610119170E+02, 4.334384744E+02, 8.144097794E-01, 2.518773658E+01, 2.518773665E+01, 1.368227980E+05
       413,-1.812869683E-03,-9.111465886E-03, 6.000000238E-01,-1.810638555E-03,-9.112063680E-03, 5.966666667E-01, 1.719068602E-07, 0.000000000E+00, 2.291835879E+02, 4.435071157E+02, 7.959207863E-01, 2.385747201E+01, 2.385747205E+01, 1.470866320E+05
       414,-3.033175599E-03,-8.933518082E-03, 6.000000238E-01,-3.029603419E-03,-8.934789308E-03, 5.966666667E-01, 1.404220580E-07, 0.000000000E+00, 1.955241012E+02, 4.548755258E+02, 7.760288524E-01, 2.229392561E+01, 2.229392564E+01, 1.586929670E+05
       415,-4.226726945E-03,-8.569554426E-03, 6.000000238E-01,-4.222361841E-03,-8.571704354E-03, 5.966666667E-01, 1.130588402E-07, 0.000000000E+00, 1.603759393E+02, 4.677606036E+02, 7.546521224E-01, 2.044372923E+01, 2.044372925E+01, 1.718748815E+05
       416,-5.362845957E-03,-8.025253192E-03, 6.000000238E-01,-5.359014192E-03,-8.027806228E-03, 5.966666667E-01, 9.043819386E-08, 0.000000000E+00, 1.253226162E+02, 4.819947039E+02, 7.323659978E-01, 1.830128472E+01, 1.830128474E+01, 1.864716380E+05
       417,-6.412466522E-03,-7.311786059E-03, 6.000000238E-01,-6.410977487E-03,-7.313120018E-03, 5.966666667E-01, 7.310300995E-08, 0.000000000E+00, 9.369043874E+01, 4.965266834E+02, 7.109316459E-01, 1.600146078E+01, 1.600146079E+01, 2.014114854E+05
       418,-7.351191249E-03,-6.446982268E-03, 6.000000238E-01,-7.352519457E-03,-6.445487996E-03, 5.966666667E-01, 6.078749115E-08, 0.000000000E+00, 6.843729609E+01, 5.098668047E+02, 6.923308774E-01, 1.378313095E+01, 1.378313095E+01, 2.151604600E+05
       419,-8.161712438E-03,-5.453752819E-03, 6.000000238E-01,-8.164262253E-03,-5.449918207E-03, 5.966666667E-01, 5.203585803E-08, 0.000000000E+00, 4.910474459E+01, 5.217370766E+02, 6.765793502E-01, 1.171536717E+01, 1.171536717E+01, 2.274243547E+05
       420, 5.700194743E-03,-5.000852048E-03, 6.000000238E-01, 5.703217361E-03,-5.000841674E-03, 5.966666667E-01, 4.601192732E-07, 0.000000000E+00, 4.249211531E+02, 3.880650643E+02, 9.096323395E-01, 3.046995587E+01, 3.046995622E+01, 9.074301306E+04
       421, 4.150846042E-03, 3.125824442E-04, 6.000000238E-01, 4.144747570E-03, 3.128621781E-04, 5.966666667E-01, 4.363359312E-07, 0.000000000E+00, 5.993477088E+02, 3.455367086E+02, 1.021589092E+00, 3.417917754E+01, 3.417917837E+01, 4.775985320E+04
       422, 4.976690281E-03,-3.273406764E-04, 6.000000238E-01, 4.991929244E-03,-3.275688199E-04, 5.966666667E-01, 6.248665610E-07, 0.000000000E+00, 5.662161987E+02, 3.533711030E+02, 9.989400076E-01, 3.359098748E+01, 3.359098837E+01, 5.566492689E+04
       423, 5.803686567E-03,-1.157293911E-03, 6.000000238E-01, 5.812276806E-03,-1.156646757E-03, 5.966666667E-01, 6.047273891E-07, 0.000000000E+00, 5.241540145E+02, 3.634487385E+02, 9.712415945E-01, 3.277041977E+01, 3.277042051E+01, 6.584173631E+04
       424, 6.364120636E-03,-2.164247911E-03, 6.000000238E-01, 6.369491644E-03,-2.162061938E-03, 5.966666667E-01, 5.525395406E-07, 0.000000000E+00, 4.813131846E+02, 3.739041175E+02, 9.440830302E-01, 3.184369596E+01, 3.184369653E+01, 7.641074067E+04
       425, 6.634338293E-03,-3.275901079E-03, 6.000000238E-01, 6.638481184E-03,-3.272515104E-03, 5.966666667E-01, 4.834921837E-07, 0.000000000E+00, 4.383403659E+02, 3.846409027E+02, 9.177300953E-01, 3.081354504E+01, 3.081354544E+01, 8.727558617E+04
       426, 6.604236551E-03,-4.416196141E-03, 6.000000238E-01, 6.607837751E-03,-4.413062295E-03, 5.966666667E-01, 4.110857695E-07, 0.000000000E+00, 3.966948064E+02, 3.953469421E+02, 8.928778616E-01, 2.970870029E+01, 2.970870056E+01, 9.812079765E+04
       427, 3.402630100E-03, 1.022339682E-03, 6.000000238E-01, 3.399358916E-03, 1.022470806E-03, 5.966666667E-01, 5.509921557E-07, 0.000000000E+00, 6.213197017E+02, 3.404193994E+02, 1.036945993E+00, 3.454425045E+01, 3.454425118E+01, 4.259792552E+04
       428, 2.596988808E-03, 1.794529031E-03, 6.000000238E-01, 2.595738055E-03, 1.794210060E-03, 5.966666667E-01, 5.990847424E-07, 0.000000000E+00, 6.345245536E+02, 3.373605080E+02, 1.046348117E+00, 3.475384365E+01, 3.475384430E+01, 3.951286349E+04
       429, 1.794529031E-03, 2.596988808E-03, 6.000000238E-01, 1.794210060E-03, 2.595738055E-03, 5.966666667E-01, 5.990847424E-07, 0.000000000E+00, 6.345245536E+02, 3.373605080E+02, 1.046348117E+00, 3.475384365E+01, 3.475384430E+01, 3.951286349E+04
       430, 1.022339682E-03, 3.402630100E-03, 6.000000238E-01, 1.022470806E-03, 3.399358916E-03, 5.966666667E-01, 5.509921557E-07, 0.000000000E+00, 6.213197017E+02, 3.404193994E+02, 1.036945993E+00, 3.454425045E+01, 3.454425118E+01, 4.259792552E+04
       431, 3.125824442E-04, 4.150846042E-03, 6.000000238E-01, 3.128621781E-04, 4.144747570E-03, 5.966666667E-01, 4.363359312E-07, 0.000000000E+00, 5.993477088E+02, 3.455367086E+02, 1.021589092E+00, 3.417917754E+01, 3.417917837E+01, 4.775985320E+04
       432, 3.273406764E-04, 4.976690281E-03, 6.000000238E-01, 3.275688199E-04, 4.991929244E-03, 5.966666667E-01, 6.248665610E-07, 0.000000000E+00, 5.662161987E+02, 3.533711030E+02, 9.989400076E-01, 3.359098748E+01, 3.359098837E+01, 5.566492689E+04
       433,-3.842446313E-04, 5.847949069E-03, 6.000000238E-01,-3.840579255E-04, 5.856836426E-03, 5.966666667E-01, 6.072854638E-07, 0.000000000E+00, 5.269507667E+02, 3.627719963E+02, 9.730534217E-01, 3.282758378E+01, 3.282758453E+01, 6.515801622E+04
       434,-1.295728027E-03, 6.502171047E-03, 6.000000238E-01,-1.294446376E-03, 6.507559797E-03, 5.966666667E-01, 5.603257899E-07, 0.000000000E+00, 4.866293358E+02, 3.725904329E+02, 9.474116916E-01, 3.196377333E+01, 3.196377392E+01, 7.508217891E+04
       435,-2.347734291E-03, 6.906685419E-03, 6.000000238E-01,-2.345009116E-03, 6.910461705E-03, 5.966666667E-01, 4.959134699E-07, 0.000000000E+00, 4.455581774E+02, 3.828119472E+02, 9.221147221E-01, 3.099382400E+01, 3.099382443E+01, 8.542400167E+04
       436,-3.476681421E-03, 7.042986341E-03, 6.000000238E-01,-3.472914165E-03, 7.046353416E-03, 5.966666667E-01, 4.244763245E-07, 0.000000000E+00, 4.042753765E+02, 3.933670177E+02, 8.973719614E-01, 2.991795239E+01, 2.991795268E+01, 9.611427159E+04
       437,-4.616094287E-03, 6.904304028E-03, 6.000000238E-01,-4.612692755E-03, 6.907503053E-03, 5.966666667E-01, 3.554213022E-07, 0.000000000E+00, 3.641395723E+02, 4.039692373E+02, 8.738203301E-01, 2.876346398E+01, 2.876346417E+01, 1.068638252E+05
       438,-5.700492766E-03, 6.498950068E-03, 6.000000238E-01,-5.699396801E-03, 6.500733277E-03, 5.966666667E-01, 2.967697208E-07, 0.000000000E+00, 3.276862398E+02, 4.139643100E+02, 8.527221399E-01, 2.760982273E+01, 2.760982286E+01, 1.170113763E+05
       439,-6.678912789E-03, 5.858124234E-03, 6.000000238E-01,-6.680536249E-03, 5.856888690E-03, 5.966666667E-01, 2.522435608E-07, 0.000000000E+00, 2.972068644E+02, 4.226528425E+02, 8.351926138E-01, 2.655768857E+01, 2.655768866E+01, 1.258438187E+05
       440,-7.527515758E-03, 5.031264387E-03, 6.000000238E-01,-7.530208995E-03, 5.027525815E-03, 5.966666667E-01, 2.192070773E-07, 0.000000000E+00, 2.720002248E+02, 4.301154097E+02, 8.207018960E-01, 2.561903979E+01, 2.561903987E+01, 1.334384269E+05
       441,-8.241083473E-03, 4.065340385E-03, 6.000000238E-01,-8.243315060E-03, 4.061014975E-03, 5.966666667E-01, 1.921826129E-07, 0.000000000E+00, 2.488890138E+02, 4.372215594E+02, 8.073630512E-01, 2.469669465E+01, 2.469669471E+01, 1.406775582E+05
       442,-8.814716712E-03, 2.992999041E-03, 6.000000238E-01,-8.816026455E-03, 2.989439775E-03, 5.966666667E-01, 1.675248605E-07, 0.000000000E+00, 2.251280755E+02, 4.448401928E+02, 7.935356068E-01, 2.367842570E+01, 2.367842574E+01, 1.484466162E+05
       443,-9.237960912E-03, 1.837939955E-03, 6.000000238E-01,-9.238506688E-03, 1.835698564E-03, 5.966666667E-01, 1.441536509E-07, 0.000000000E+00, 1.995003541E+02, 4.534823407E+02, 7.784129625E-01, 2.248807862E+01, 2.248807866E+01, 1.572694770E+05
       444,-9.498885833E-03, 6.226958358E-04, 6.000000238E-01,-9.499018234E-03, 6.219373155E-04, 5.966666667E-01, 1.221974655E-07, 0.000000000E+00, 1.717382350E+02, 4.634489936E+02, 7.616728856E-01, 2.106964797E+01, 2.106964800E+01, 1.674606170E+05
       445,-9.588154964E-03,-6.285262061E-04, 6.000000238E-01,-9.588260775E-03,-6.277659541E-04, 5.966666667E-01, 1.020165519E-07, 0.000000000E+00, 1.420122221E+02, 4.749951086E+02, 7.431582471E-01, 1.936466571E+01, 1.936466573E+01, 1.792891496E+05
       446,-9.500677697E-03,-1.890008338E-03, 6.000000238E-01,-9.501153047E-03,-1.887753006E-03, 5.966666667E-01, 8.387634497E-08, 0.000000000E+00, 1.110037298E+02, 4.883131512E+02, 7.228896690E-01, 1.731223379E+01, 1.731223380E+01, 1.929627540E+05
       447,-9.235847741E-03,-3.135418752E-03, 6.000000238E-01,-9.237066982E-03,-3.131828757E-03, 5.966666667E-01, 6.793036436E-08, 0.000000000E+00, 8.033004047E+01, 5.033232579E+02, 7.013316526E-01, 1.488129279E+01, 1.488129280E+01, 2.084119758E+05
       448,-8.797262795E-03,-4.338606726E-03, 6.000000238E-01,-8.799402774E-03,-4.334236457E-03, 5.966666667E-01, 5.430805761E-08, 0.000000000E+00, 5.268795929E+01, 5.193781654E+02, 6.796522376E-01, 1.213153636E+01, 1.213153636E+01, 2.249849775E+05
       449, 5.279466975E-03,-6.018280052E-03, 6.000000238E-01, 5.278923843E-03,-6.020694031E-03, 5.966666667E-01, 4.017731153E-07, 0.000000000E+00, 3.913829602E+02, 3.967417046E+02, 8.897389112E-01, 2.955975490E+01, 2.955975515E+01, 9.953453504E+04
       450, 4.616094287E-03,-6.904304028E-03, 6.000000238E-01, 4.612692755E-03,-6.907503053E-03, 5.966666667E-01, 3.554213022E-07, 0.000000000E+00, 3.641395723E+02, 4.039692373E+02, 8.738203301E-01, 2.876346398E+01, 2.876346417E+01, 1.068638252E+05
       451, 3.780087456E-03,-7.660508621E-03, 6.000000238E-01, 3.775942364E-03,-7.663106743E-03, 5.966666667E-01, 3.157856588E-07, 0.000000000E+00, 3.396695673E+02, 4.106252090E+02, 8.596562619E-01, 2.800062638E+01, 2.800062653E+01, 1.136197804E+05
       452, 2.814677311E-03,-8.287423290E-03, 6.000000238E-01, 2.811221366E-03,-8.289039240E-03, 5.966666667E-01, 2.784019653E-07, 0.000000000E+00, 3.150165905E+02, 4.175167679E+02, 8.454667199E-01, 2.718221399E+01, 2.718221410E+01, 1.206213970E+05
       453, 1.745908521E-03,-8.773606271E-03, 6.000000238E-01, 1.743716728E-03,-8.774402310E-03, 5.966666667E-01, 2.419887598E-07, 0.000000000E+00, 2.889108087E+02, 4.250553022E+02, 8.304720125E-01, 2.625531495E+01, 2.625531504E+01, 1.282879360E+05
       454, 5.968179903E-04,-9.102669545E-03, 6.000000238E-01, 5.960717204E-04,-9.102988969E-03, 5.966666667E-01, 2.069761415E-07, 0.000000000E+00, 2.610119170E+02, 4.334384744E+02, 8.144097794E-01, 2.518773658E+01, 2.518773665E+01, 1.368227980E+05
       455,-6.071232492E-04,-9.260453284E-03, 6.000000238E-01,-6.063711647E-04,-9.260684213E-03, 5.966666667E-01, 1.741525043E-07, 0.000000000E+00, 2.312242870E+02, 4.428398732E+02, 7.971200283E-01, 2.394667267E+01, 2.394667272E+01, 1.464060151E+05
       456,-1.837939955E-03,-9.237960912E-03, 6.000000238E-01,-1.835698564E-03,-9.238506688E-03, 5.966666667E-01, 1.441536509E-07, 0.000000000E+00, 1.995003541E+02, 4.534823407E+02, 7.784129625E-01, 2.248807862E+01, 2.248807866E+01, 1.572694770E+05
       457,-3.066404955E-03,-9.031775407E-03, 6.000000238E-01,-3.062824504E-03,-9.033023194E-03, 5.966666667E-01, 1.174163845E-07, 0.000000000E+00, 1.658974000E+02, 4.656495564E+02, 7.580733781E-01, 2.075156712E+01, 2.075156714E+01, 1.697131547E+05
       458,-4.263088107E-03,-8.643560112E-03, 6.000000238E-01,-4.258719374E-03,-8.645702847E-03, 5.966666667E-01, 9.431491804E-08, 0.000000000E+00, 1.310949938E+02, 4.795297525E+02, 7.361306163E-01, 1.867907345E+01, 1.867907347E+01, 1.839412737E+05
       459,-5.399047397E-03,-8.079594932E-03, 6.000000238E-01,-5.395213461E-03,-8.082144953E-03, 5.966666667E-01, 7.530516763E-08, 0.000000000E+00, 9.734673731E+01, 4.947385945E+02, 7.135011019E-01, 1.629030054E+01, 1.629030055E+01, 1.995711595E+05
       460,-6.446982268E-03,-7.351191249E-03, 6.000000238E-01,-6.445487996E-03,-7.352519457E-03, 5.966666667E-01, 6.078749115E-08, 0.000000000E+00, 6.843729609E+01, 5.098668047E+02, 6.923308774E-01, 1.378313095E+01, 1.378313095E+01, 2.151604600E+05
       461,-7.383781951E-03,-6.475529168E-03, 6.000000238E-01,-7.385106838E-03,-6.474031730E-03, 5.966666667E-01, 5.049871962E-08, 0.000000000E+00, 4.670116838E+01, 5.233676887E+02, 6.744713896E-01, 1.142589892E+01, 1.142589892E+01, 2.291112400E+05
       462,-8.192458190E-03,-5.474234000E-03, 6.000000238E-01,-8.195008205E-03,-5.470400487E-03, 5.966666667E-01, 4.319958080E-08, 0.000000000E+00, 3.140957410E+01, 5.348681105E+02, 6.599692996E-01, 9.331657217E+00, 9.331657219E+00, 2.410236481E+05
       463, 6.018280052E-03,-5.279466975E-03, 6.000000238E-01, 6.020694031E-03,-5.278923843E-03, 5.966666667E-01, 4.017731153E-07, 0.000000000E+00, 3.913829602E+02, 3.967417046E+02, 8.897389112E-01, 2.955975490E+01, 2.955975515E+01, 9.953453504E+04
       464, 4.148196895E-03, 9.474668186E-04, 6.000000238E-01, 4.142269384E-03, 9.481934315E-04, 5.966666667E-01, 4.491128626E-07, 0.000000000E+00, 5.959324415E+02, 3.463371484E+02, 1.019228038E+00, 3.412065011E+01, 3.412065094E+01, 4.856736680E+04
       465, 4.976690281E-03, 3.273406764E-04, 6.000000238E-01, 4.991929244E-03, 3.275688199E-04, 5.966666667E-01, 6.248665610E-07, 0.000000000E+00, 5.662161987E+02, 3.533711030E+02, 9.989400076E-01, 3.359098748E+01, 3.359098837E+01, 5.566492689E+04
       466, 5.847949069E-03,-3.842446022E-04, 6.000000238E-01, 5.856836426E-03,-3.840579255E-04, 5.966666667E-01, 6.072854638E-07, 0.000000000E+00, 5.269507667E+02, 3.627719963E+02, 9.730534217E-01, 3.282758378E+01, 3.282758453E+01, 6.515801622E+04
       467, 6.502171047E-03,-1.295727910E-03, 6.000000238E-01, 6.507559797E-03,-1.294446376E-03, 5.966666667E-01, 5.603257899E-07, 0.000000000E+00, 4.866293358E+02, 3.725904329E+02, 9.474116916E-01, 3.196377333E+01, 3.196377392E+01, 7.508217891E+04
       468, 6.906684954E-03,-2.347734291E-03, 6.000000238E-01, 6.910461705E-03,-2.345009116E-03, 5.966666667E-01, 4.959134699E-07, 0.000000000E+00, 4.455581774E+02, 3.828119472E+02, 9.221147221E-01, 3.099382400E+01, 3.099382443E+01, 8.542400167E+04
       469, 7.042986806E-03,-3.476681421E-03, 6.000000238E-01, 7.046353416E-03,-3.472914165E-03, 5.966666667E-01, 4.244763245E-07, 0.000000000E+00, 4.042753765E+02, 3.933670177E+02, 8.973719614E-01, 2.991795239E+01, 2.991795268E+01, 9.611427159E+04
       470, 6.904304493E-03,-4.616094287E-03, 6.000000238E-01, 6.907503053E-03,-4.612692755E-03, 5.966666667E-01, 3.554213022E-07, 0.000000000E+00, 3.641395723E+02, 4.039692373E+02, 8.738203301E-01, 2.876346398E+01, 2.876346417E+01, 1.068638252E+05
       471, 3.390561556E-03, 1.734077465E-03, 6.000000238E-01, 3.387419836E-03, 1.734003159E-03, 5.966666667E-01, 5.748591436E-07, 0.000000000E+00, 6.125734611E+02, 3.424573765E+02, 1.030775088E+00, 3.440165895E+01, 3.440165973E+01, 4.465354651E+04
       472, 2.564554801E-03, 2.564554801E-03, 6.000000238E-01, 2.563381748E-03, 2.563381748E-03, 5.966666667E-01, 6.168069242E-07, 0.000000000E+00, 6.190318370E+02, 3.409573483E+02, 1.035309941E+00, 3.450753789E+01, 3.450753864E+01, 4.314051560E+04
       473, 1.734077465E-03, 3.390561556E-03, 6.000000238E-01, 1.734003159E-03, 3.387419836E-03, 5.966666667E-01, 5.748591436E-07, 0.000000000E+00, 6.125734611E+02, 3.424573765E+02, 1.030775088E+00, 3.440165895E+01, 3.440165973E+01, 4.465354651E+04
       474, 9.474668186E-04, 4.148196895E-03, 6.000000238E-01, 9.481934315E-04, 4.142269384E-03, 5.966666667E-01, 4.491128626E-07, 0.000000000E+00, 5.959324415E+02, 3.463371484E+02, 1.019228038E+00, 3.412065011E+01, 3.412065094E+01, 4.856736680E+04
       475, 9.899165016E-04, 4.959165584E-03, 6.000000238E-01, 9.904304461E-04, 4.973614299E-03, 5.966666667E-01, 6.248118250E-07, 0.000000000E+00, 5.633157494E+02, 3.540604372E+02, 9.969951320E-01, 3.353708500E+01, 3.353708589E+01, 5.636072123E+04
       476, 3.842446022E-04, 5.847949069E-03, 6.000000238E-01, 3.840579255E-04, 5.856836426E-03, 5.966666667E-01, 6.072854638E-07, 0.000000000E+00, 5.269507667E+02, 3.627719963E+02, 9.730534217E-01, 3.282758378E+01, 3.282758453E+01, 6.515801622E+04
       477,-4.313085810E-04, 6.568547804E-03, 6.000000238E-01,-4.308959917E-04, 6.573976120E-03, 5.966666667E-01, 5.641604171E-07, 0.000000000E+00, 4.893168065E+02, 3.719277984E+02, 9.490996204E-01, 3.202389779E+01, 3.202389839E+01, 7.441210579E+04
       478,-1.410223776E-03, 7.079871371E-03, 6.000000238E-01,-1.408573492E-03, 7.083400597E-03, 5.966666667E-01, 5.045921339E-07, 0.000000000E+00, 4.506617119E+02, 3.815237438E+02, 9.252282146E-01, 3.111941971E+01, 3.111942015E+01, 8.412006055E+04
       479,-2.499491675E-03, 7.355427835E-03, 6.000000238E-01,-2.496441668E-03, 7.358243837E-03, 5.966666667E-01, 4.367826766E-07, 0.000000000E+00, 4.112106911E+02, 3.915656203E+02, 9.015003207E-01, 3.010603017E+01, 3.010603048E+01, 9.428901171E+04
       480,-3.642742289E-03, 7.380969822E-03, 6.000000238E-01,-3.638741644E-03, 7.383862103E-03, 5.966666667E-01, 3.678963368E-07, 0.000000000E+00, 3.714393308E+02, 4.020067021E+02, 8.780861872E-01, 2.898181856E+01, 2.898181877E+01, 1.048729936E+05
       481,-4.781426396E-03, 7.152483799E-03, 6.000000238E-01,-4.777857355E-03, 7.155431648E-03, 5.966666667E-01, 3.045101533E-07, 0.000000000E+00, 3.326248870E+02, 4.125827868E+02, 8.555774588E-01, 2.777235553E+01, 2.777235566E+01, 1.156079444E+05
       482,-5.858124699E-03, 6.678912789E-03, 6.000000238E-01,-5.856888690E-03, 6.680536249E-03, 5.966666667E-01, 2.522435608E-07, 0.000000000E+00, 2.972068644E+02, 4.226528425E+02, 8.351926138E-01, 2.655768857E+01, 2.655768866E+01, 1.258438187E+05
       483,-6.827756297E-03, 5.988498218E-03, 6.000000238E-01,-6.829274979E-03, 5.987170983E-03, 5.966666667E-01, 2.132710886E-07, 0.000000000E+00, 2.673448598E+02, 4.315301353E+02, 8.180113123E-01, 2.543838190E+01, 2.543838197E+01, 1.348790634E+05
       484,-7.667928003E-03, 5.124803632E-03, 6.000000238E-01,-7.670560039E-03, 5.121024606E-03, 5.966666667E-01, 1.846779659E-07, 0.000000000E+00, 2.424033260E+02, 4.392755750E+02, 8.035878897E-01, 2.442640866E+01, 2.442640872E+01, 1.427713288E+05
       485,-8.371889591E-03, 4.129608627E-03, 6.000000238E-01,-8.374078362E-03, 4.125262651E-03, 5.966666667E-01, 1.614694825E-07, 0.000000000E+00, 2.193520222E+02, 4.467558160E+02, 7.901330428E-01, 2.341924617E+01, 2.341924621E+01, 1.504013406E+05
       486,-8.933518082E-03, 3.033175599E-03, 6.000000238E-01,-8.934789308E-03, 3.029603419E-03, 5.966666667E-01, 1.404220580E-07, 0.000000000E+00, 1.955241012E+02, 4.548755258E+02, 7.760288524E-01, 2.229392561E+01, 2.229392564E+01, 1.586929670E+05
       487,-9.342581034E-03, 1.858675038E-03, 6.000000238E-01,-9.343093632E-03, 1.856426874E-03, 5.966666667E-01, 1.205761273E-07, 0.000000000E+00, 1.697814081E+02, 4.641826520E+02, 7.604690325E-01, 2.096392646E+01, 2.096392649E+01, 1.682115067E+05
       488,-9.588155895E-03, 6.285262061E-04, 6.000000238E-01,-9.588260775E-03, 6.277659541E-04, 5.966666667E-01, 1.020165519E-07, 0.000000000E+00, 1.420122221E+02, 4.749951086E+02, 7.431582471E-01, 1.936466571E+01, 1.936466573E+01, 1.792891496E+05
       489,-9.661988355E-03,-6.333484198E-04, 6.000000238E-01,-9.662075361E-03,-6.325869569E-04, 5.966666667E-01, 8.502529593E-08, 0.000000000E+00, 1.127691279E+02, 4.875088587E+02, 7.240822930E-01, 1.743835581E+01, 1.743835583E+01, 1.921360828E+05
       490,-9.559868835E-03,-1.901739626E-03, 6.000000238E-01,-9.560334761E-03,-1.899482356E-03, 5.966666667E-01, 6.980432592E-08, 0.000000000E+00, 8.339644911E+01, 5.017102160E+02, 7.035864948E-01, 1.514794171E+01, 1.514794171E+01, 2.067497308E+05
       491,-9.281825274E-03,-3.150967648E-03, 6.000000238E-01,-9.283042693E-03,-3.147376986E-03, 5.966666667E-01, 5.646317080E-08, 0.000000000E+00, 5.612149738E+01, 5.171904918E+02, 6.825271111E-01, 1.251463586E+01, 1.251463586E+01, 2.227236736E+05
       492,-8.831892163E-03,-4.355621058E-03, 6.000000238E-01,-8.834034170E-03,-4.351251833E-03, 5.966666667E-01, 4.509356319E-08, 0.000000000E+00, 3.390538962E+01, 5.328115948E+02, 6.625166113E-01, 9.709788952E+00, 9.709788954E+00, 2.388915185E+05
       493, 5.509903654E-03,-6.281361915E-03, 6.000000238E-01, 5.509023730E-03,-6.283391011E-03, 5.966666667E-01, 3.468123825E-07, 0.000000000E+00, 3.590246663E+02, 4.053525696E+02, 8.708382745E-01, 2.860807218E+01, 2.860807236E+01, 1.082674269E+05
       494, 4.781426396E-03,-7.152483799E-03, 6.000000238E-01, 4.777857355E-03,-7.155431648E-03, 5.966666667E-01, 3.045101533E-07, 0.000000000E+00, 3.326248870E+02, 4.125827868E+02, 8.555774588E-01, 2.777235553E+01, 2.777235566E+01, 1.156079444E+05
       495, 3.893682733E-03,-7.891708985E-03, 6.000000238E-01, 3.889447630E-03,-7.894124023E-03, 5.966666667E-01, 2.690505708E-07, 0.000000000E+00, 3.088021516E+02, 4.192963143E+02, 8.418784526E-01, 2.696771441E+01, 2.696771452E+01, 1.224304428E+05
       496, 2.885689726E-03,-8.497404866E-03, 6.000000238E-01, 2.882183186E-03,-8.498871501E-03, 5.966666667E-01, 2.360896041E-07, 0.000000000E+00, 2.846647597E+02, 4.263151339E+02, 8.280178304E-01, 2.609842999E+01, 2.609843007E+01, 1.295699356E+05
       497, 1.782557811E-03,-8.958524093E-03, 6.000000238E-01, 1.780342292E-03,-8.959200585E-03, 5.966666667E-01, 2.043606279E-07, 0.000000000E+00, 2.589271962E+02, 4.340841570E+02, 8.131983778E-01, 2.510457347E+01, 2.510457353E+01, 1.374805720E+05
       498, 6.071232492E-04,-9.260453284E-03, 6.000000238E-01, 6.063711647E-04,-9.260684213E-03, 5.966666667E-01, 1.741525043E-07, 0.000000000E+00, 2.312242870E+02, 4.428398732E+02, 7.971200283E-01, 2.394667267E+01, 2.394667272E+01, 1.464060151E+05
       499,-6.156464806E-04,-9.390952997E-03, 6.000000238E-01,-6.148905311E-04,-9.391124608E-03, 5.966666667E-01, 1.460673470E-07, 0.000000000E+00, 2.015017353E+02, 4.527854473E+02, 7.796110374E-01, 2.258475346E+01, 2.258475349E+01, 1.565575557E+05
       500,-1.858675038E-03,-9.342581034E-03, 6.000000238E-01,-1.856426874E-03,-9.343093632E-03, 5.966666667E-01, 1.205761273E-07, 0.000000000E+00, 1.697814081E+02, 4.641826520E+02, 7.604690325E-01, 2.096392646E+01, 2.096392649E+01, 1.682115067E+05
       501,-3.093888052E-03,-9.113042615E-03, 6.000000238E-01,-3.090302661E-03,-9.114275393E-03, 5.966666667E-01, 9.798562009E-08, 0.000000000E+00, 1.363868453E+02, 4.773119218E+02, 7.395510486E-01, 1.901593175E+01, 1.901593176E+01, 1.816655226E+05
       502,-4.293161444E-03,-8.704768494E-03, 6.000000238E-01,-4.288791309E-03,-8.706908260E-03, 5.966666667E-01, 7.855743457E-08, 0.000000000E+00, 1.026308671E+02, 4.922073159E+02, 7.171704297E-01, 1.669589180E+01, 1.669589181E+01, 1.969669165E+05
       503,-5.428988952E-03,-8.124539629E-03, 6.000000238E-01,-5.425154172E-03,-8.127088957E-03, 5.966666667E-01, 6.262918632E-08, 0.000000000E+00, 7.153448029E+01, 5.081147159E+02, 6.947181832E-01, 1.407972214E+01, 1.407972214E+01, 2.133526580E+05
       504,-6.475529168E-03,-7.383781951E-03, 6.000000238E-01,-6.474031730E-03,-7.385106838E-03, 5.966666667E-01, 5.049871962E-08, 0.000000000E+00, 4.670116838E+01, 5.233676887E+02, 6.744713896E-01, 1.142589892E+01, 1.142589892E+01, 2.291112400E+05
       505,-7.410737686E-03,-6.499139592E-03, 6.000000238E-01,-7.412059797E-03,-6.497640196E-03, 5.966666667E-01, 4.191873041E-08, 0.000000000E+00, 2.976533286E+01, 5.362714438E+02, 6.582422696E-01, 9.072602312E+00, 9.072602314E+00, 2.424790646E+05
       506,-8.217886090E-03,-5.491174292E-03, 6.000000238E-01,-8.220438001E-03,-5.487341261E-03, 5.966666667E-01, 3.584014529E-08, 0.000000000E+00, 1.909416564E+01, 5.466041176E+02, 6.457992557E-01, 7.130948198E+00, 7.130948199E+00, 2.532073513E+05
       507, 6.281361450E-03,-5.509903654E-03, 6.000000238E-01, 6.283391011E-03,-5.509023730E-03, 5.966666667E-01, 3.468123825E-07, 0.000000000E+00, 3.590246663E+02, 4.053525696E+02, 8.708382745E-01, 2.860807218E+01, 2.860807236E+01, 1.082674269E+05
       508, 4.133446142E-03, 1.609289320E-03, 6.000000238E-01, 4.127739223E-03, 1.610079647E-03, 5.966666667E-01, 4.677851922E-07, 0.000000000E+00, 5.891074459E+02, 3.479398950E+02, 1.014533077E+00, 3.400217937E+01, 3.400218021E+01, 5.018435470E+04
       509, 4.959166050E-03, 9.899165016E-04, 6.000000238E-01, 4.973614299E-03, 9.904304461E-04, 5.966666667E-01, 6.248118250E-07, 0.000000000E+00, 5.633157494E+02, 3.540604372E+02, 9.969951320E-01, 3.353708500E+01, 3.353708589E+01, 5.636072123E+04
       510, 5.847949069E-03, 3.842446313E-04, 6.000000238E-01, 5.856836426E-03, 3.840579255E-04, 5.966666667E-01, 6.072854638E-07, 0.000000000E+00, 5.269507667E+02, 3.627719963E+02, 9.730534217E-01, 3.282758378E+01, 3.282758453E+01, 6.515801622E+04
       511, 6.568547804E-03,-4.313085810E-04, 6.000000238E-01, 6.573976120E-03,-4.308959917E-04, 5.966666667E-01, 5.641604171E-07, 0.000000000E+00, 4.893168065E+02, 3.719277984E+02, 9.490996204E-01, 3.202389779E+01, 3.202389839E+01, 7.441210579E+04
       512, 7.079871837E-03,-1.410223660E-03, 6.000000238E-01, 7.083400597E-03,-1.408573492E-03, 5.966666667E-01, 5.045921339E-07, 0.000000000E+00, 4.506617119E+02, 3.815237438E+02, 9.252282146E-01, 3.111941971E+01, 3.111942015E+01, 8.412006055E+04
       513, 7.355427835E-03,-2.499491675E-03, 6.000000238E-01, 7.358243837E-03,-2.496441668E-03, 5.966666667E-01, 4.367826766E-07, 0.000000000E+00, 4.112106911E+02, 3.915656203E+02, 9.015003207E-01, 3.010603017E+01, 3.010603048E+01, 9.428901171E+04
       514, 7.380969822E-03,-3.642742289E-03, 6.000000238E-01, 7.383862103E-03,-3.638741644E-03, 5.966666667E-01, 3.678963368E-07, 0.000000000E+00, 3.714393308E+02, 4.020067021E+02, 8.780861872E-01, 2.898181856E+01, 2.898181877E+01, 1.048729936E+05
       515, 7.152483799E-03,-4.781425931E-03, 6.000000238E-01, 7.155431648E-03,-4.777857355E-03, 5.966666667E-01, 3.045101533E-07, 0.000000000E+00, 3.326248870E+02, 4.125827868E+02, 8.555774588E-01, 2.777235553E+01, 2.777235566E+01, 1.156079444E+05
       516, 3.348860657E-03, 2.479922725E-03, 6.000000238E-01, 3.345823492E-03, 2.479012602E-03, 5.966666667E-01, 5.886253745E-07, 0.000000000E+00, 5.996407001E+02, 3.454832396E+02, 1.021747199E+00, 3.418491990E+01, 3.418492071E+01, 4.770591258E+04
       517, 2.479922492E-03, 3.348860657E-03, 6.000000238E-01, 2.479012602E-03, 3.345823492E-03, 5.966666667E-01, 5.886253745E-07, 0.000000000E+00, 5.996407001E+02, 3.454832396E+02, 1.021747199E+00, 3.418491990E+01, 3.418492071E+01, 4.770591258E+04
       518, 1.609289320E-03, 4.133446608E-03, 6.000000238E-01, 1.610079647E-03, 4.127739223E-03, 5.966666667E-01, 4.677851922E-07, 0.000000000E+00, 5.891074459E+02, 3.479398950E+02, 1.014533077E+00, 3.400217937E+01, 3.400218021E+01, 5.018435470E+04
       519, 1.674166066E-03, 4.914961755E-03, 6.000000238E-01, 1.674595543E-03, 4.928066155E-03, 5.966666667E-01, 6.239987061E-07, 0.000000000E+00, 5.575742890E+02, 3.554280874E+02, 9.931587987E-01, 3.342927210E+01, 3.342927297E+01, 5.774132915E+04
       520, 1.157293911E-03, 5.803686567E-03, 6.000000238E-01, 1.156646757E-03, 5.812276806E-03, 5.966666667E-01, 6.047273891E-07, 0.000000000E+00, 5.241540145E+02, 3.634487385E+02, 9.712415945E-01, 3.277041977E+01, 3.277042051E+01, 6.584173631E+04
       521, 4.313085810E-04, 6.568547804E-03, 6.000000238E-01, 4.308959917E-04, 6.573976120E-03, 5.966666667E-01, 5.641604171E-07, 0.000000000E+00, 4.893168065E+02, 3.719277984E+02, 9.490996204E-01, 3.202389779E+01, 3.202389839E+01, 7.441210579E+04
       522,-4.702341394E-04, 7.164538372E-03, 6.000000238E-01,-4.696903909E-04, 7.167958872E-03, 5.966666667E-01, 5.089394943E-07, 0.000000000E+00, 4.532411366E+02, 3.808741747E+02, 9.268061625E-01, 3.118231351E+01, 3.118231396E+01, 8.346261879E+04
       523,-1.504920539E-03, 7.557674777E-03, 6.000000238E-01,-1.503047494E-03, 7.560079471E-03, 5.966666667E-01, 4.454920934E-07, 0.000000000E+00, 4.161114962E+02, 3.902980793E+02, 9.044280537E-01, 3.023702860E+01, 3.023702892E+01, 9.300487459E+04
       524,-2.625006950E-03, 7.726572920E-03, 6.000000238E-01,-2.621756343E-03, 7.728796082E-03, 5.966666667E-01, 3.794653219E-07, 0.000000000E+00, 3.781123489E+02, 4.002236554E+02, 8.819981715E-01, 2.917796376E+01, 2.917796398E+01, 1.030647059E+05
       525,-3.780087456E-03, 7.660508621E-03, 6.000000238E-01,-3.775942364E-03, 7.663106743E-03, 5.966666667E-01, 3.157856588E-07, 0.000000000E+00, 3.396695673E+02, 4.106252090E+02, 8.596562619E-01, 2.800062638E+01, 2.800062653E+01, 1.136197804E+05
       526,-4.918168299E-03, 7.357746828E-03, 6.000000238E-01,-4.914494892E-03, 7.360538266E-03, 5.966666667E-01, 2.590697426E-07, 0.000000000E+00, 3.019877128E+02, 4.212628173E+02, 8.379484678E-01, 2.672831315E+01, 2.672831326E+01, 1.244300600E+05
       527,-5.988498218E-03, 6.827756297E-03, 6.000000238E-01,-5.987170983E-03, 6.829274979E-03, 5.966666667E-01, 2.132710886E-07, 0.000000000E+00, 2.673448598E+02, 4.315301353E+02, 8.180113123E-01, 2.543838190E+01, 2.543838197E+01, 1.348790634E+05
       528,-6.950860843E-03, 6.096327212E-03, 6.000000238E-01,-6.952311176E-03, 6.094940074E-03, 5.966666667E-01, 1.795699249E-07, 0.000000000E+00, 2.378438158E+02, 4.407336051E+02, 8.009294688E-01, 2.423311342E+01, 2.423311347E+01, 1.442579373E+05
       529,-7.784059271E-03, 5.202168133E-03, 6.000000238E-01,-7.786654290E-03, 5.198364054E-03, 5.966666667E-01, 1.550528610E-07, 0.000000000E+00, 2.129924637E+02, 4.488895313E+02, 7.863772882E-01, 2.312802417E+01, 2.312802421E+01, 1.525792135E+05
       530,-8.480075747E-03, 4.182763863E-03, 6.000000238E-01,-8.482239820E-03, 4.178405407E-03, 5.966666667E-01, 1.352713025E-07, 0.000000000E+00, 1.898619342E+02, 4.568801743E+02, 7.726238785E-01, 2.201253868E+01, 2.201253871E+01, 1.607418341E+05
       531,-9.031775407E-03, 3.066404955E-03, 6.000000238E-01,-9.033023194E-03, 3.062824504E-03, 5.966666667E-01, 1.174163845E-07, 0.000000000E+00, 1.658974000E+02, 4.656495564E+02, 7.580733781E-01, 2.075156712E+01, 2.075156714E+01, 1.697131547E+05
       532,-9.429111145E-03, 1.875824411E-03, 6.000000238E-01,-9.429600941E-03, 1.873571942E-03, 5.966666667E-01, 1.006492001E-07, 0.000000000E+00, 1.401246944E+02, 4.757679972E+02, 7.419509810E-01, 1.924869339E+01, 1.924869341E+01, 1.800818000E+05
       533,-9.661988355E-03, 6.333483616E-04, 6.000000238E-01,-9.662075361E-03, 6.325869569E-04, 5.966666667E-01, 8.502529593E-08, 0.000000000E+00, 1.127691279E+02, 4.875088587E+02, 7.240822930E-01, 1.743835581E+01, 1.743835583E+01, 1.921360828E+05
       534,-9.723053314E-03,-6.373366923E-04, 6.000000238E-01,-9.723128476E-03,-6.365744783E-04, 5.966666667E-01, 7.076694123E-08, 0.000000000E+00, 8.496233921E+01, 5.008968681E+02, 7.047289667E-01, 1.528176468E+01, 1.528176468E+01, 2.059117703E+05
       535,-9.608824737E-03,-1.911442261E-03, 6.000000238E-01,-9.609284356E-03,-1.909183781E-03, 5.966666667E-01, 5.802915980E-08, 0.000000000E+00, 5.863216267E+01, 5.156314377E+02, 6.845907880E-01, 1.278590074E+01, 1.278590075E+01, 2.211127308E+05
       536,-9.319853038E-03,-3.163827816E-03, 6.000000238E-01,-9.321069208E-03,-3.160236928E-03, 5.966666667E-01, 4.689060813E-08, 0.000000000E+00, 3.634751092E+01, 5.308756105E+02, 6.649326608E-01, 1.006397091E+01, 1.006397091E+01, 2.368851249E+05
       537,-8.860534057E-03,-4.369693808E-03, 6.000000238E-01,-8.862677618E-03,-4.365325162E-03, 5.966666667E-01, 3.741666925E-08, 0.000000000E+00, 2.059623067E+01, 5.449735677E+02, 6.477314739E-01, 7.438905078E+00, 7.438905079E+00, 2.515129527E+05
       538, 5.700492766E-03,-6.498950068E-03, 6.000000238E-01, 5.699396801E-03,-6.500733277E-03, 5.966666667E-01, 2.967697208E-07, 0.000000000E+00, 3.276862398E+02, 4.139643100E+02, 8.527221399E-01, 2.760982273E+01, 2.760982286E+01, 1.170113763E+05
       539, 4.918168299E-03,-7.357746828E-03, 6.000000238E-01, 4.914494892E-03,-7.360538266E-03, 5.966666667E-01, 2.590697426E-07, 0.000000000E+00, 3.019877128E+02, 4.212628173E+02, 8.379484678E-01, 2.672831315E+01, 2.672831326E+01, 1.244300600E+05
       540, 3.987634555E-03,-8.082929067E-03, 6.000000238E-01, 3.983343796E-03,-8.085230901E-03, 5.966666667E-01, 2.279101291E-07, 0.000000000E+00, 2.786290885E+02, 4.281179623E+02, 8.245310016E-01, 2.587213305E+01, 2.587213313E+01, 1.314048729E+05
       541, 2.944422420E-03,-8.671076968E-03, 6.000000238E-01, 2.940883713E-03,-8.672447440E-03, 5.966666667E-01, 1.992521786E-07, 0.000000000E+00, 2.547847488E+02, 4.353730271E+02, 8.107910007E-01, 2.493776197E+01, 2.493776203E+01, 1.387937528E+05
       542, 1.812869683E-03,-9.111465886E-03, 6.000000238E-01, 1.810638555E-03,-9.112063680E-03, 5.966666667E-01, 1.719068602E-07, 0.000000000E+00, 2.291835879E+02, 4.435071157E+02, 7.959207863E-01, 2.385747201E+01, 2.385747205E+01, 1.470866320E+05
       543, 6.156464806E-04,-9.390952997E-03, 6.000000238E-01, 6.148905311E-04,-9.391124608E-03, 5.966666667E-01, 1.460673470E-07, 0.000000000E+00, 2.015017353E+02, 4.527854473E+02, 7.796110374E-01, 2.258475346E+01, 2.258475349E+01, 1.565575557E+05
       544,-6.226958358E-04,-9.498885833E-03, 6.000000238E-01,-6.219373155E-04,-9.499018234E-03, 5.966666667E-01, 1.221974655E-07, 0.000000000E+00, 1.717382350E+02, 4.634489936E+02, 7.616728856E-01, 2.106964797E+01, 2.106964800E+01, 1.674606170E+05
       545,-1.875824411E-03,-9.429111145E-03, 6.000000238E-01,-1.873571942E-03,-9.429600941E-03, 5.966666667E-01, 1.006492001E-07, 0.000000000E+00, 1.401246944E+02, 4.757679972E+02, 7.419509810E-01, 1.924869339E+01, 1.924869341E+01, 1.800818000E+05
       546,-3.116618609E-03,-9.180256166E-03, 6.000000238E-01,-3.113030388E-03,-9.181480693E-03, 5.966666667E-01, 8.163899926E-08, 0.000000000E+00, 1.075227828E+02, 4.899156786E+02, 7.205250775E-01, 1.705972785E+01, 1.705972786E+01, 1.946102171E+05
       547,-4.318034742E-03,-8.755392395E-03, 6.000000238E-01,-4.313664092E-03,-8.757531837E-03, 5.966666667E-01, 6.535047198E-08, 0.000000000E+00, 7.606973511E+01, 5.056119594E+02, 6.981570070E-01, 1.450016673E+01, 1.450016674E+01, 2.107713834E+05
       548,-5.453752819E-03,-8.161713369E-03, 6.000000238E-01,-5.449918207E-03,-8.164262253E-03, 5.966666667E-01, 5.203585803E-08, 0.000000000E+00, 4.910474459E+01, 5.217370766E+02, 6.765793502E-01, 1.171536717E+01, 1.171536717E+01, 2.274243547E+05
       549,-6.499139592E-03,-7.410737220E-03, 6.000000238E-01,-6.497640196E-03,-7.412059797E-03, 5.966666667E-01, 4.191873041E-08, 0.000000000E+00, 2.976533286E+01, 5.362714438E+02, 6.582422696E-01, 9.072602312E+00, 9.072602314E+00, 2.424790646E+05
       550,-7.433031686E-03,-6.518667564E-03, 6.000000238E-01,-7.434352435E-03,-6.517166624E-03, 5.966666667E-01, 3.477427203E-08, 0.000000000E+00, 1.811568184E+01, 5.477075156E+02, 6.444982444E-01, 6.922161211E+00, 6.922161211E+00, 2.543542576E+05
       551,-8.238918148E-03,-5.505184643E-03, 6.000000238E-01,-8.241470760E-03,-5.501352824E-03, 5.966666667E-01, 2.971833269E-08, 0.000000000E+00, 1.137435640E+01, 5.565100152E+02, 6.343040064E-01, 5.237450687E+00, 5.237450687E+00, 2.635129935E+05
       552, 6.498950534E-03,-5.700492766E-03, 6.000000238E-01, 6.500733277E-03,-5.699396801E-03, 5.966666667E-01, 2.967697208E-07, 0.000000000E+00, 3.276862398E+02, 4.139643100E+02, 8.527221399E-01, 2.760982273E+01, 2.760982286E+01, 1.170113763E+05
       553, 4.082478583E-03, 2.305219183E-03, 6.000000238E-01, 4.076842442E-03, 2.305268602E-03, 5.966666667E-01, 4.709030643E-07, 0.000000000E+00, 5.792176530E+02, 3.502700425E+02, 1.007783965E+00, 3.382689359E+01, 3.382689443E+01, 5.253539235E+04
       554, 4.914961755E-03, 1.674166066E-03, 6.000000238E-01, 4.928066155E-03, 1.674595543E-03, 5.966666667E-01, 6.239987061E-07, 0.000000000E+00, 5.575742890E+02, 3.554280874E+02, 9.931587987E-01, 3.342927210E+01, 3.342927297E+01, 5.774132915E+04
       555, 5.803687032E-03, 1.157293795E-03, 6.000000238E-01, 5.812276806E-03, 1.156646757E-03, 5.966666667E-01, 6.047273891E-07, 0.000000000E+00, 5.241540145E+02, 3.634487385E+02, 9.712415945E-01, 3.277041977E+01, 3.277042051E+01, 6.584173631E+04
       556, 6.568547804E-03, 4.313085810E-04, 6.000000238E-01, 6.573976120E-03, 4.308959917E-04, 5.966666667E-01, 5.641604171E-07, 0.000000000E+00, 4.893168065E+02, 3.719277984E+02, 9.490996204E-01, 3.202389779E+01, 3.202389839E+01, 7.441210579E+04
       557, 7.164538372E-03,-4.702341103E-04, 6.000000238E-01, 7.167958872E-03,-4.696903909E-04, 5.966666667E-01, 5.089394943E-07, 0.000000000E+00, 4.532411366E+02, 3.808741747E+02, 9.268061625E-01, 3.118231351E+01, 3.118231396E+01, 8.346261879E+04
       558, 7.557674777E-03,-1.504920539E-03, 6.000000238E-01, 7.560079471E-03,-1.503047494E-03, 5.966666667E-01, 4.454920934E-07, 0.000000000E+00, 4.161114962E+02, 3.902980793E+02, 9.044280537E-01, 3.023702860E+01, 3.023702892E+01, 9.300487459E+04
       559, 7.726572920E-03,-2.625006717E-03, 6.000000238E-01, 7.728796082E-03,-2.621756343E-03, 5.966666667E-01, 3.794653219E-07, 0.000000000E+00, 3.781123489E+02, 4.002236554E+02, 8.819981715E-01, 2.917796376E+01, 2.917796398E+01, 1.030647059E+05
       560, 7.660508621E-03,-3.780087456E-03, 6.000000238E-01, 7.663106743E-03,-3.775942364E-03, 5.966666667E-01, 3.157856588E-07, 0.000000000E+00, 3.396695673E+02, 4.106252090E+02, 8.596562619E-01, 2.800062638E+01, 2.800062653E+01, 1.136197804E+05
       561, 7.357746828E-03,-4.918168299E-03, 6.000000238E-01, 7.360538266E-03,-4.914494892E-03, 5.966666667E-01, 2.590697426E-07, 0.000000000E+00, 3.019877128E+02, 4.212628173E+02, 8.379484678E-01, 2.672831315E+01, 2.672831326E+01, 1.244300600E+05
       562, 3.240047488E-03, 3.240047488E-03, 6.000000238E-01, 3.237190572E-03, 3.237190572E-03, 5.966666667E-01, 5.500287908E-07, 0.000000000E+00, 5.836725543E+02, 3.492389890E+02, 1.010759232E+00, 3.390733127E+01, 3.390733210E+01, 5.149506728E+04
       563, 2.305219183E-03, 4.082478583E-03, 6.000000238E-01, 2.305268602E-03, 4.076842442E-03, 5.966666667E-01, 4.709030643E-07, 0.000000000E+00, 5.792176530E+02, 3.502700425E+02, 1.007783965E+00, 3.382689359E+01, 3.382689443E+01, 5.253539235E+04
       564, 2.384747379E-03, 4.820573144E-03, 6.000000238E-01, 2.385056029E-03, 4.832235626E-03, 5.966666667E-01, 6.213272719E-07, 0.000000000E+00, 5.494497806E+02, 3.573710712E+02, 9.877591130E-01, 3.327418249E+01, 3.327418335E+01, 5.970304324E+04
       565, 1.942398609E-03, 5.708118435E-03, 6.000000238E-01, 1.941140455E-03, 5.716232548E-03, 5.966666667E-01, 5.992703727E-07, 0.000000000E+00, 5.186210938E+02, 3.647905398E+02, 9.676690970E-01, 3.265619969E+01, 3.265620041E+01, 6.719750848E+04
       566, 1.295727910E-03, 6.502171047E-03, 6.000000238E-01, 1.294446376E-03, 6.507559797E-03, 5.966666667E-01, 5.603257899E-07, 0.000000000E+00, 4.866293358E+02, 3.725904329E+02, 9.474116916E-01, 3.196377333E+01, 3.196377392E+01, 7.508217891E+04
       567, 4.702341103E-04, 7.164538372E-03, 6.000000238E-01, 4.696903909E-04, 7.167958872E-03, 5.966666667E-01, 5.089394943E-07, 0.000000000E+00, 4.532411366E+02, 3.808741747E+02, 9.268061625E-01, 3.118231351E+01, 3.118231396E+01, 8.346261879E+04
       568,-5.024285638E-04, 7.657469250E-03, 6.000000238E-01,-5.018054574E-04, 7.659674068E-03, 5.966666667E-01, 4.498920298E-07, 0.000000000E+00, 4.185872135E+02, 3.896593747E+02, 9.059105342E-01, 3.030261064E+01, 3.030261097E+01, 9.235786813E+04
       569,-1.583242090E-03, 7.952854969E-03, 6.000000238E-01,-1.581230697E-03, 7.954561338E-03, 5.966666667E-01, 3.877163104E-07, 0.000000000E+00, 3.828235248E+02, 3.989706650E+02, 8.847681377E-01, 2.931448430E+01, 2.931448453E+01, 1.017942231E+05
       570,-2.728817752E-03, 8.033538237E-03, 6.000000238E-01,-2.725441415E-03, 8.035390150E-03, 5.966666667E-01, 3.263054093E-07, 0.000000000E+00, 3.461021468E+02, 4.088499589E+02, 8.633889391E-01, 2.820545291E+01, 2.820545307E+01, 1.118172566E+05
       571,-3.893682733E-03, 7.891708985E-03, 6.000000238E-01,-3.889447630E-03, 7.894124023E-03, 5.966666667E-01, 2.690505708E-07, 0.000000000E+00, 3.088021516E+02, 4.192963143E+02, 8.418784526E-01, 2.696771441E+01, 2.696771452E+01, 1.224304428E+05
       572,-5.031264387E-03, 7.527515758E-03, 6.000000238E-01,-5.027525815E-03, 7.530208995E-03, 5.966666667E-01, 2.192070773E-07, 0.000000000E+00, 2.720002248E+02, 4.301154097E+02, 8.207018960E-01, 2.561903979E+01, 2.561903987E+01, 1.334384269E+05
       573,-6.096327212E-03, 6.950860843E-03, 6.000000238E-01,-6.094940074E-03, 6.952311176E-03, 5.966666667E-01, 1.795699249E-07, 0.000000000E+00, 2.378438158E+02, 4.407336051E+02, 8.009294688E-01, 2.423311342E+01, 2.423311347E+01, 1.442579373E+05
       574,-7.052678149E-03, 6.185510196E-03, 6.000000238E-01,-7.054083136E-03, 6.184083530E-03, 5.966666667E-01, 1.506923174E-07, 0.000000000E+00, 2.085200051E+02, 4.504067898E+02, 7.837282659E-01, 2.291941934E+01, 2.291941938E+01, 1.541282630E+05
       575,-7.880109362E-03, 5.266154185E-03, 6.000000238E-01,-7.882681769E-03, 5.262335456E-03, 5.966666667E-01, 1.298208147E-07, 0.000000000E+00, 1.836315992E+02, 4.591159212E+02, 7.688614486E-01, 2.169598319E+01, 2.169598322E+01, 1.630277503E+05
       576,-8.569554426E-03, 4.226726945E-03, 6.000000238E-01,-8.571704354E-03, 4.222361841E-03, 5.966666667E-01, 1.130588402E-07, 0.000000000E+00, 1.603759393E+02, 4.677606036E+02, 7.546521224E-01, 2.044372923E+01, 2.044372925E+01, 1.718748815E+05
       577,-9.113042615E-03, 3.093888052E-03, 6.000000238E-01,-9.114275393E-03, 3.090302661E-03, 5.966666667E-01, 9.798562009E-08, 0.000000000E+00, 1.363868453E+02, 4.773119218E+02, 7.395510486E-01, 1.901593175E+01, 1.901593176E+01, 1.816655226E+05
       578,-9.500677697E-03, 1.890008454E-03, 6.000000238E-01,-9.501153047E-03, 1.887753006E-03, 5.966666667E-01, 8.387634497E-08, 0.000000000E+00, 1.110037298E+02, 4.883131512E+02, 7.228896690E-01, 1.731223379E+01, 1.731223380E+01, 1.929627540E+05
       579,-9.723053314E-03, 6.373366923E-04, 6.000000238E-01,-9.723128476E-03, 6.365744783E-04, 5.966666667E-01, 7.076694123E-08, 0.000000000E+00, 8.496233921E+01, 5.008968681E+02, 7.047289667E-01, 1.528176468E+01, 1.528176468E+01, 2.059117703E+05
       580,-9.773558937E-03,-6.406353205E-04, 6.000000238E-01,-9.773625966E-03,-6.398725871E-04, 5.966666667E-01, 5.883376113E-08, 0.000000000E+00, 5.992655778E+01, 5.148400526E+02, 6.856431050E-01, 1.292301433E+01, 1.292301434E+01, 2.202951927E+05
       581,-9.649314918E-03,-1.919467119E-03, 6.000000238E-01,-9.649770629E-03,-1.917207842E-03, 5.966666667E-01, 4.819680034E-08, 0.000000000E+00, 3.816467506E+01, 5.294786704E+02, 6.666869734E-01, 1.031837189E+01, 1.031837190E+01, 2.354378455E+05
       582,-9.351304732E-03,-3.174464218E-03, 6.000000238E-01,-9.352520785E-03,-3.170873334E-03, 5.966666667E-01, 3.891295142E-08, 0.000000000E+00, 2.208680391E+01, 5.434224928E+02, 6.495802749E-01, 7.731091260E+00, 7.731091261E+00, 2.499016347E+05
       583,-8.884223178E-03,-4.381332546E-03, 6.000000238E-01,-8.886368374E-03,-4.376965094E-03, 5.966666667E-01, 3.102911749E-08, 0.000000000E+00, 1.217734086E+01, 5.553078734E+02, 6.356771607E-01, 5.467969255E+00, 5.467969255E+00, 2.622612032E+05
       584, 5.858124699E-03,-6.678912789E-03, 6.000000238E-01, 5.856888690E-03,-6.680536249E-03, 5.966666667E-01, 2.522435608E-07, 0.000000000E+00, 2.972068644E+02, 4.226528425E+02, 8.351926138E-01, 2.655768857E+01, 2.655768866E+01, 1.258438187E+05
       585, 5.031264387E-03,-7.527515758E-03, 6.000000238E-01, 5.027525815E-03,-7.530208995E-03, 5.966666667E-01, 2.192070773E-07, 0.000000000E+00, 2.720002248E+02, 4.301154097E+02, 8.207018960E-01, 2.561903979E+01, 2.561903987E+01, 1.334384269E+05
       586, 4.065340385E-03,-8.241083473E-03, 6.000000238E-01, 4.061014975E-03,-8.243315060E-03, 5.966666667E-01, 1.921826129E-07, 0.000000000E+00, 2.488890138E+02, 4.372215594E+02, 8.073630512E-01, 2.469669465E+01, 2.469669471E+01, 1.406775582E+05
       587, 2.992999274E-03,-8.814716712E-03, 6.000000238E-01, 2.989439775E-03,-8.816026455E-03, 5.966666667E-01, 1.675248605E-07, 0.000000000E+00, 2.251280755E+02, 4.448401928E+02, 7.935356068E-01, 2.367842570E+01, 2.367842574E+01, 1.484466162E+05
       588, 1.837939955E-03,-9.237960912E-03, 6.000000238E-01, 1.835698564E-03,-9.238506688E-03, 5.966666667E-01, 1.441536509E-07, 0.000000000E+00, 1.995003541E+02, 4.534823407E+02, 7.784129625E-01, 2.248807862E+01, 2.248807866E+01, 1.572694770E+05
       589, 6.226958358E-04,-9.498885833E-03, 6.000000238E-01, 6.219373155E-04,-9.499018234E-03, 5.966666667E-01, 1.221974655E-07, 0.000000000E+00, 1.717382350E+02, 4.634489936E+02, 7.616728856E-01, 2.106964797E+01, 2.106964800E+01, 1.674606170E+05
       590,-6.285262061E-04,-9.588155895E-03, 6.000000238E-01,-6.277659541E-04,-9.588260775E-03, 5.966666667E-01, 1.020165519E-07, 0.000000000E+00, 1.420122221E+02, 4.749951086E+02, 7.431582471E-01, 1.936466571E+01, 1.936466573E+01, 1.792891496E+05
       591,-1.890008454E-03,-9.500677697E-03, 6.000000238E-01,-1.887753006E-03,-9.501153047E-03, 5.966666667E-01, 8.387634497E-08, 0.000000000E+00, 1.110037298E+02, 4.883131512E+02, 7.228896690E-01, 1.731223379E+01, 1.731223380E+01, 1.929627540E+05
       592,-3.135418519E-03,-9.235847741E-03, 6.000000238E-01,-3.131828757E-03,-9.237066982E-03, 5.966666667E-01, 6.793036436E-08, 0.000000000E+00, 8.033004047E+01, 5.033232579E+02, 7.013316526E-01, 1.488129279E+01, 1.488129280E+01, 2.084119758E+05
       593,-4.338606261E-03,-8.797262795E-03, 6.000000238E-01,-4.334236457E-03,-8.799402774E-03, 5.966666667E-01, 5.430805761E-08, 0.000000000E+00, 5.268795929E+01, 5.193781654E+02, 6.796522376E-01, 1.213153636E+01, 1.213153636E+01, 2.249849775E+05
       594,-5.474234466E-03,-8.192457259E-03, 6.000000238E-01,-5.470400487E-03,-8.195008205E-03, 5.966666667E-01, 4.319958081E-08, 0.000000000E+00, 3.140957410E+01, 5.348681105E+02, 6.599692996E-01, 9.331657217E+00, 9.331657219E+00, 2.410236481E+05
       595,-6.518667564E-03,-7.433031686E-03, 6.000000238E-01,-6.517166624E-03,-7.434352435E-03, 5.966666667E-01, 3.477427203E-08, 0.000000000E+00, 1.811568184E+01, 5.477075156E+02, 6.444982444E-01, 6.922161211E+00, 6.922161211E+00, 2.543542576E+05
       596,-7.451470941E-03,-6.534818560E-03, 6.000000238E-01,-7.452790481E-03,-6.533316761E-03, 5.966666667E-01, 2.883231921E-08, 0.000000000E+00, 1.085311025E+01, 5.573211146E+02, 6.333808698E-01, 5.081792315E+00, 5.081792315E+00, 2.643577708E+05
       597,-8.256311528E-03,-5.516772624E-03, 6.000000238E-01,-8.258866716E-03,-5.512941629E-03, 5.966666667E-01, 2.463118475E-08, 0.000000000E+00, 6.862192323E+00, 5.646697452E+02, 6.251380303E-01, 3.660234962E+00, 3.660234962E+00, 2.720181229E+05
       598, 6.678912789E-03,-5.858124234E-03, 6.000000238E-01, 6.680536249E-03,-5.856888690E-03, 5.966666667E-01, 2.522435608E-07, 0.000000000E+00, 2.972068644E+02, 4.226528425E+02, 8.351926138E-01, 2.655768857E+01, 2.655768866E+01, 1.258438187E+05
       599, 3.949485254E-03, 3.015428782E-03, 6.000000238E-01, 3.943734986E-03, 3.013379239E-03, 5.966666667E-01, 4.123595895E-07, 0.000000000E+00, 5.677103387E+02, 3.529953831E+02, 1.000003255E+00, 3.361756324E+01, 3.361756408E+01, 5.528570595E+04
       600, 4.820572678E-03, 2.384747379E-03, 6.000000238E-01, 4.832235626E-03, 2.385056029E-03, 5.966666667E-01, 6.213272719E-07, 0.000000000E+00, 5.494497806E+02, 3.573710712E+02, 9.877591130E-01, 3.327418249E+01, 3.327418335E+01, 5.970304324E+04
       601, 5.708118435E-03, 1.942398725E-03, 6.000000238E-01, 5.716232548E-03, 1.941140455E-03, 5.966666667E-01, 5.992703727E-07, 0.000000000E+00, 5.186210938E+02, 3.647905398E+02, 9.676690970E-01, 3.265619969E+01, 3.265620041E+01, 6.719750848E+04
       602, 6.502171047E-03, 1.295728027E-03, 6.000000238E-01, 6.507559797E-03, 1.294446376E-03, 5.966666667E-01, 5.603257899E-07, 0.000000000E+00, 4.866293358E+02, 3.725904329E+02, 9.474116916E-01, 3.196377333E+01, 3.196377392E+01, 7.508217891E+04
       603, 7.164538372E-03, 4.702341394E-04, 6.000000238E-01, 7.167958872E-03, 4.696903909E-04, 5.966666667E-01, 5.089394943E-07, 0.000000000E+00, 4.532411366E+02, 3.808741747E+02, 9.268061625E-01, 3.118231351E+01, 3.118231396E+01, 8.346261879E+04
       604, 7.657468785E-03,-5.024285638E-04, 6.000000238E-01, 7.659674068E-03,-5.018054574E-04, 5.966666667E-01, 4.498920298E-07, 0.000000000E+00, 4.185872135E+02, 3.896593747E+02, 9.059105342E-01, 3.030261064E+01, 3.030261097E+01, 9.235786813E+04
       605, 7.952854969E-03,-1.583242090E-03, 6.000000238E-01, 7.954561338E-03,-1.581230697E-03, 5.966666667E-01, 3.877163104E-07, 0.000000000E+00, 3.828235248E+02, 3.989706650E+02, 8.847681377E-01, 2.931448430E+01, 2.931448453E+01, 1.017942231E+05
       606, 8.033539169E-03,-2.728817519E-03, 6.000000238E-01, 8.035390150E-03,-2.725441415E-03, 5.966666667E-01, 3.263054093E-07, 0.000000000E+00, 3.461021468E+02, 4.088499589E+02, 8.633889391E-01, 2.820545291E+01, 2.820545307E+01, 1.118172566E+05
       607, 7.891708985E-03,-3.893682733E-03, 6.000000238E-01, 7.894124023E-03,-3.889447630E-03, 5.966666667E-01, 2.690505708E-07, 0.000000000E+00, 3.088021516E+02, 4.192963143E+02, 8.418784526E-01, 2.696771441E+01, 2.696771452E+01, 1.224304428E+05
       608, 7.527515758E-03,-5.031264387E-03, 6.000000238E-01, 7.530208995E-03,-5.027525815E-03, 5.966666667E-01, 2.192070773E-07, 0.000000000E+00, 2.720002248E+02, 4.301154097E+02, 8.207018960E-01, 2.561903979E+01, 2.561903987E+01, 1.334384269E+05
       609, 3.015428782E-03, 3.949485254E-03, 6.000000238E-01, 3.013379239E-03, 3.943734986E-03, 5.966666667E-01, 4.123595895E-07, 0.000000000E+00, 5.677103387E+02, 3.529953831E+02, 1.000003255E+00, 3.361756324E+01, 3.361756408E+01, 5.528570595E+04
       610, 3.101762384E-03, 4.631140269E-03, 6.000000238E-01, 3.103176171E-03, 4.641567575E-03, 5.966666667E-01, 6.164973525E-07, 0.000000000E+00, 5.405654358E+02, 3.595088422E+02, 9.818855361E-01, 3.310126452E+01, 3.310126536E+01, 6.186185847E+04
       611, 2.739628311E-03, 5.542861763E-03, 6.000000238E-01, 2.737968237E-03, 5.550517885E-03, 5.966666667E-01, 5.907096666E-07, 0.000000000E+00, 5.107969029E+02, 3.666950269E+02, 9.626433587E-01, 3.249209409E+01, 3.249209479E+01, 6.912213408E+04
       612, 2.164247911E-03, 6.364120636E-03, 6.000000238E-01, 2.162061938E-03, 6.369491644E-03, 5.966666667E-01, 5.525395406E-07, 0.000000000E+00, 4.813131846E+02, 3.739041175E+02, 9.440830302E-01, 3.184369596E+01, 3.184369653E+01, 7.641074067E+04
       613, 1.410223660E-03, 7.079871837E-03, 6.000000238E-01, 1.408573492E-03, 7.083400597E-03, 5.966666667E-01, 5.045921339E-07, 0.000000000E+00, 4.506617119E+02, 3.815237438E+02, 9.252282146E-01, 3.111941971E+01, 3.111942015E+01, 8.412006055E+04
       614, 5.024285638E-04, 7.657468785E-03, 6.000000238E-01, 5.018054574E-04, 7.659674068E-03, 5.966666667E-01, 4.498920298E-07, 0.000000000E+00, 4.185872135E+02, 3.896593747E+02, 9.059105342E-01, 3.030261064E+01, 3.030261097E+01, 9.235786813E+04
       615,-5.290558911E-04, 8.065160364E-03, 6.000000238E-01,-5.283833135E-04, 8.066608792E-03, 5.966666667E-01, 3.919056080E-07, 0.000000000E+00, 3.852017796E+02, 3.983398874E+02, 8.861691822E-01, 2.938279286E+01, 2.938279310E+01, 1.011546994E+05
       616,-1.648020116E-03, 8.279699832E-03, 6.000000238E-01,-1.645921102E-03, 8.280963826E-03, 5.966666667E-01, 3.338462521E-07, 0.000000000E+00, 3.506385883E+02, 4.076044551E+02, 8.660271689E-01, 2.834786643E+01, 2.834786660E+01, 1.105528812E+05
       617,-2.814677311E-03, 8.287423290E-03, 6.000000238E-01,-2.811221366E-03, 8.289039240E-03, 5.966666667E-01, 2.784019653E-07, 0.000000000E+00, 3.150165905E+02, 4.175167679E+02, 8.454667199E-01, 2.718221399E+01, 2.718221410E+01, 1.206213970E+05
       618,-3.987634555E-03, 8.082929067E-03, 6.000000238E-01,-3.983343796E-03, 8.085230901E-03, 5.966666667E-01, 2.279101291E-07, 0.000000000E+00, 2.786290885E+02, 4.281179623E+02, 8.245310016E-01, 2.587213305E+01, 2.587213313E+01, 1.314048729E+05
       619,-5.124803632E-03, 7.667927537E-03, 6.000000238E-01,-5.121024606E-03, 7.670560039E-03, 5.966666667E-01, 1.846779659E-07, 0.000000000E+00, 2.424033260E+02, 4.392755750E+02, 8.035878897E-01, 2.442640866E+01, 2.442640872E+01, 1.427713288E+05
       620,-6.185510661E-03, 7.052678149E-03, 6.000000238E-01,-6.184083530E-03, 7.054083136E-03, 5.966666667E-01, 1.506923174E-07, 0.000000000E+00, 2.085200051E+02, 4.504067898E+02, 7.837282659E-01, 2.291941934E+01, 2.291941938E+01, 1.541282630E+05
       621,-7.136888802E-03, 6.259271875E-03, 6.000000238E-01,-7.138263953E-03, 6.257818662E-03, 5.966666667E-01, 1.261214138E-07, 0.000000000E+00, 1.792545138E+02, 4.607067961E+02, 7.662064794E-01, 2.146907153E+01, 2.146907155E+01, 1.646548718E+05
       622,-7.959549315E-03, 5.319076125E-03, 6.000000238E-01,-7.962109559E-03, 5.315248510E-03, 5.966666667E-01, 1.084527402E-07, 0.000000000E+00, 1.543175167E+02, 4.701139005E+02, 7.508744836E-01, 2.009754013E+01, 2.009754015E+01, 1.742856194E+05
       623,-8.643560112E-03, 4.263088107E-03, 6.000000238E-01,-8.645702847E-03, 4.258719374E-03, 5.966666667E-01, 9.431491804E-08, 0.000000000E+00, 1.310949938E+02, 4.795297525E+02, 7.361306163E-01, 1.867907345E+01, 1.867907347E+01, 1.839412737E+05
       624,-9.180256166E-03, 3.116618609E-03, 6.000000238E-01,-9.181480693E-03, 3.113030388E-03, 5.966666667E-01, 8.163899926E-08, 0.000000000E+00, 1.075227828E+02, 4.899156786E+02, 7.205250775E-01, 1.705972785E+01, 1.705972786E+01, 1.946102171E+05
       625,-9.559868835E-03, 1.901739626E-03, 6.000000238E-01,-9.560334761E-03, 1.899482356E-03, 5.966666667E-01, 6.980432592E-08, 0.000000000E+00, 8.339644911E+01, 5.017102160E+02, 7.035864948E-01, 1.514794171E+01, 1.514794171E+01, 2.067497308E+05
       626,-9.773558937E-03, 6.406353787E-04, 6.000000238E-01,-9.773625966E-03, 6.398725871E-04, 5.966666667E-01, 5.883376113E-08, 0.000000000E+00, 5.992655778E+01, 5.148400526E+02, 6.856431050E-01, 1.292301433E+01, 1.292301434E+01, 2.202951927E+05
       627,-9.815330617E-03,-6.433635717E-04, 6.000000238E-01,-9.815392538E-03,-6.426004594E-04, 5.966666667E-01, 4.886804409E-08, 0.000000000E+00, 3.911185464E+01, 5.287640487E+02, 6.675879973E-01, 1.044810790E+01, 1.044810791E+01, 2.346976230E+05
       628,-9.682803415E-03,-1.926104189E-03, 6.000000238E-01,-9.683256701E-03,-1.923844518E-03, 5.966666667E-01, 4.000079683E-08, 0.000000000E+00, 2.320999930E+01, 5.422928254E+02, 6.509334362E-01, 7.943364478E+00, 7.943364479E+00, 2.487283942E+05
       629,-9.377317503E-03,-3.183261491E-03, 6.000000238E-01,-9.378534151E-03,-3.179670627E-03, 5.966666667E-01, 3.227349030E-08, 0.000000000E+00, 1.297806742E+01, 5.541597569E+02, 6.369941662E-01, 5.687844791E+00, 5.687844792E+00, 2.610659664E+05
       630,-8.903815411E-03,-4.390958697E-03, 6.000000238E-01,-8.905962741E-03,-4.386592356E-03, 5.966666667E-01, 2.572000984E-08, 0.000000000E+00, 7.246485949E+00, 5.638354230E+02, 6.260630635E-01, 3.821759647E+00, 3.821759647E+00, 2.711478118E+05
       631, 5.988498218E-03,-6.827756297E-03, 6.000000238E-01, 5.987170983E-03,-6.829274979E-03, 5.966666667E-01, 2.132710886E-07, 0.000000000E+00, 2.673448598E+02, 4.315301353E+02, 8.180113123E-01, 2.543838190E+01, 2.543838197E+01, 1.348790634E+05
       632, 5.124803632E-03,-7.667927537E-03, 6.000000238E-01, 5.121024606E-03,-7.670560039E-03, 5.966666667E-01, 1.846779659E-07, 0.000000000E+00, 2.424033260E+02, 4.392755750E+02, 8.035878897E-01, 2.442640866E+01, 2.442640872E+01, 1.427713288E+05
       633, 4.129608627E-03,-8.371889591E-03, 6.000000238E-01, 4.125262651E-03,-8.374078362E-03, 5.966666667E-01, 1.614694825E-07, 0.000000000E+00, 2.193520222E+02, 4.467558160E+02, 7.901330428E-01, 2.341924617E+01, 2.341924621E+01, 1.504013406E+05
       634, 3.033175832E-03,-8.933518082E-03, 6.000000238E-01, 3.029603419E-03,-8.934789308E-03, 5.966666667E-01, 1.404220580E-07, 0.000000000E+00, 1.955241012E+02, 4.548755258E+02, 7.760288524E-01, 2.229392561E+01, 2.229392564E+01, 1.586929670E+05
       635, 1.858675038E-03,-9.342581034E-03, 6.000000238E-01, 1.856426874E-03,-9.343093632E-03, 5.966666667E-01, 1.205761273E-07, 0.000000000E+00, 1.697814081E+02, 4.641826520E+02, 7.604690325E-01, 2.096392646E+01, 2.096392649E+01, 1.682115067E+05
       636, 6.285262061E-04,-9.588154964E-03, 6.000000238E-01, 6.277659541E-04,-9.588260775E-03, 5.966666667E-01, 1.020165519E-07, 0.000000000E+00, 1.420122221E+02, 4.749951086E+02, 7.431582471E-01, 1.936466571E+01, 1.936466573E+01, 1.792891496E+05
       637,-6.333483616E-04,-9.661988355E-03, 6.000000238E-01,-6.325869569E-04,-9.662075361E-03, 5.966666667E-01, 8.502529593E-08, 0.000000000E+00, 1.127691279E+02, 4.875088587E+02, 7.240822930E-01, 1.743835581E+01, 1.743835583E+01, 1.921360828E+05
       638,-1.901739626E-03,-9.559868835E-03, 6.000000238E-01,-1.899482356E-03,-9.560334761E-03, 5.966666667E-01, 6.980432592E-08, 0.000000000E+00, 8.339644911E+01, 5.017102160E+02, 7.035864948E-01, 1.514794171E+01, 1.514794171E+01, 2.067497308E+05
       639,-3.150967648E-03,-9.281825274E-03, 6.000000238E-01,-3.147376986E-03,-9.283042693E-03, 5.966666667E-01, 5.646317080E-08, 0.000000000E+00, 5.612149738E+01, 5.171904918E+02, 6.825271111E-01, 1.251463586E+01, 1.251463586E+01, 2.227236736E+05
       640,-4.355621058E-03,-8.831892163E-03, 6.000000238E-01,-4.351251833E-03,-8.834034170E-03, 5.966666667E-01, 4.509356319E-08, 0.000000000E+00, 3.390538962E+01, 5.328115948E+02, 6.625166113E-01, 9.709788952E+00, 9.709788954E+00, 2.388915185E+05
       641,-5.491174292E-03,-8.217886090E-03, 6.000000238E-01,-5.487341261E-03,-8.220438001E-03, 5.966666667E-01, 3.584014529E-08, 0.000000000E+00, 1.909416564E+01, 5.466041176E+02, 6.457992557E-01, 7.130948198E+00, 7.130948199E+00, 2.532073513E+05
       642,-6.534818560E-03,-7.451470941E-03, 6.000000238E-01,-6.533316761E-03,-7.452790481E-03, 5.966666667E-01, 2.883231921E-08, 0.000000000E+00, 1.085311025E+01, 5.573211146E+02, 6.333808698E-01, 5.081792315E+00, 5.081792315E+00, 2.643577708E+05
       643,-7.466720883E-03,-6.548176520E-03, 6.000000238E-01,-7.468040382E-03,-6.546674358E-03, 5.966666667E-01, 2.389533636E-08, 0.000000000E+00, 6.612734733E+00, 5.652324076E+02, 6.245157347E-01, 3.551259342E+00, 3.551259343E+00, 2.726051425E+05
       644,-8.270698600E-03,-5.526356865E-03, 6.000000238E-01,-8.273254679E-03,-5.522526575E-03, 5.966666667E-01, 2.040734664E-08, 0.000000000E+00, 4.392789604E+00, 5.713535088E+02, 6.178250888E-01, 2.358391389E+00, 2.358391389E+00, 2.789957218E+05
       645, 6.827756297E-03,-5.988498218E-03, 6.000000238E-01, 6.829274979E-03,-5.987170983E-03, 5.966666667E-01, 2.132710886E-07, 0.000000000E+00, 2.673448598E+02, 4.315301353E+02, 8.180113123E-01, 2.543838190E+01, 2.543838197E+01, 1.348790634E+05
       646, 3.674951149E-03, 3.674950916E-03, 6.000000238E-01, 3.669488865E-03, 3.669488865E-03, 5.966666667E-01, 2.438993344E-07, 0.000000000E+00, 5.577616746E+02, 3.554005639E+02, 9.932357123E-01, 3.343356794E+01, 3.343356874E+01, 5.771354308E+04
       647, 4.631140269E-03, 3.101762384E-03, 6.000000238E-01, 4.641567575E-03, 3.103176171E-03, 5.966666667E-01, 6.164973525E-07, 0.000000000E+00, 5.405654358E+02, 3.595088422E+02, 9.818855361E-01, 3.310126452E+01, 3.310126536E+01, 6.186185847E+04
       648, 5.542861763E-03, 2.739628311E-03, 6.000000238E-01, 5.550517885E-03, 2.737968237E-03, 5.966666667E-01, 5.907096666E-07, 0.000000000E+00, 5.107969029E+02, 3.666950269E+02, 9.626433587E-01, 3.249209409E+01, 3.249209479E+01, 6.912213408E+04
       649, 6.364120636E-03, 2.164247679E-03, 6.000000238E-01, 6.369491644E-03, 2.162061938E-03, 5.966666667E-01, 5.525395406E-07, 0.000000000E+00, 4.813131846E+02, 3.739041175E+02, 9.440830302E-01, 3.184369596E+01, 3.184369653E+01, 7.641074067E+04
       650, 7.079871371E-03, 1.410223776E-03, 6.000000238E-01, 7.083400597E-03, 1.408573492E-03, 5.966666667E-01, 5.045921339E-07, 0.000000000E+00, 4.506617119E+02, 3.815237438E+02, 9.252282146E-01, 3.111941971E+01, 3.111942015E+01, 8.412006055E+04
       651, 7.657469250E-03, 5.024285638E-04, 6.000000238E-01, 7.659674068E-03, 5.018054574E-04, 5.966666667E-01, 4.498920298E-07, 0.000000000E+00, 4.185872135E+02, 3.896593747E+02, 9.059105342E-01, 3.030261064E+01, 3.030261097E+01, 9.235786813E+04
       652, 8.065160364E-03,-5.290558911E-04, 6.000000238E-01, 8.066608792E-03,-5.283833135E-04, 5.966666667E-01, 3.919056080E-07, 0.000000000E+00, 3.852017796E+02, 3.983398874E+02, 8.861691822E-01, 2.938279286E+01, 2.938279310E+01, 1.011546994E+05
       653, 8.279698901E-03,-1.648020116E-03, 6.000000238E-01, 8.280963826E-03,-1.645921102E-03, 5.966666667E-01, 3.338462521E-07, 0.000000000E+00, 3.506385883E+02, 4.076044551E+02, 8.660271689E-01, 2.834786643E+01, 2.834786660E+01, 1.105528812E+05
       654, 8.287423290E-03,-2.814677311E-03, 6.000000238E-01, 8.289039240E-03,-2.811221366E-03, 5.966666667E-01, 2.784019653E-07, 0.000000000E+00, 3.150165905E+02, 4.175167679E+02, 8.454667199E-01, 2.718221399E+01, 2.718221410E+01, 1.206213970E+05
       655, 8.082929067E-03,-3.987634555E-03, 6.000000238E-01, 8.085230901E-03,-3.983343796E-03, 5.966666667E-01, 2.279101291E-07, 0.000000000E+00, 2.786290885E+02, 4.281179623E+02, 8.245310016E-01, 2.587213305E+01, 2.587213313E+01, 1.314048729E+05
       656, 7.667928003E-03,-5.124803632E-03, 6.000000238E-01, 7.670560039E-03,-5.121024606E-03, 5.966666667E-01, 1.846779659E-07, 0.000000000E+00, 2.424033260E+02, 4.392755750E+02, 8.035878897E-01, 2.442640866E+01, 2.442640872E+01, 1.427713288E+05
       657, 3.764230292E-03, 4.288387485E-03, 6.000000238E-01, 3.769029306E-03, 4.296900333E-03, 5.966666667E-01, 6.119995882E-07, 0.000000000E+00, 5.343409699E+02, 3.610273919E+02, 9.777555394E-01, 3.297858620E+01, 3.297858702E+01, 6.339563434E+04
       658, 3.528956091E-03, 5.272400565E-03, 6.000000238E-01, 3.528197927E-03, 5.279567770E-03, 5.966666667E-01, 5.803211172E-07, 0.000000000E+00, 5.022460114E+02, 3.687863752E+02, 9.571843106E-01, 3.230924435E+01, 3.230924501E+01, 7.123601472E+04
       659, 3.033142304E-03, 6.140251178E-03, 6.000000238E-01, 3.030391317E-03, 6.145686613E-03, 5.966666667E-01, 5.411145742E-07, 0.000000000E+00, 4.737962497E+02, 3.757684408E+02, 9.393990924E-01, 3.167128803E+01, 3.167128857E+01, 7.829647322E+04
       660, 2.347734291E-03, 6.906684954E-03, 6.000000238E-01, 2.345009116E-03, 6.910461705E-03, 5.966666667E-01, 4.959134699E-07, 0.000000000E+00, 4.455581774E+02, 3.828119472E+02, 9.221147221E-01, 3.099382400E+01, 3.099382443E+01, 8.542400167E+04
       661, 1.504920539E-03, 7.557674777E-03, 6.000000238E-01, 1.503047494E-03, 7.560079471E-03, 5.966666667E-01, 4.454920934E-07, 0.000000000E+00, 4.161114962E+02, 3.902980793E+02, 9.044280537E-01, 3.023702860E+01, 3.023702892E+01, 9.300487459E+04
       662, 5.290558911E-04, 8.065160364E-03, 6.000000238E-01, 5.283833135E-04, 8.066608792E-03, 5.966666667E-01, 3.919056080E-07, 0.000000000E+00, 3.852017796E+02, 3.983398874E+02, 8.861691822E-01, 2.938279286E+01, 2.938279310E+01, 1.011546994E+05
       663,-5.510787014E-04, 8.402353153E-03, 6.000000238E-01,-5.503747134E-04, 8.403320083E-03, 5.966666667E-01, 3.376875003E-07, 0.000000000E+00, 3.529267857E+02, 4.069781471E+02, 8.673599179E-01, 2.841906980E+01, 2.841906997E+01, 1.099171656E+05
       664,-1.701596659E-03, 8.550025523E-03, 6.000000238E-01,-1.699441308E-03, 8.551005856E-03, 5.966666667E-01, 2.851290465E-07, 0.000000000E+00, 3.193941471E+02, 4.162705478E+02, 8.479978565E-01, 2.733116641E+01, 2.733116653E+01, 1.193547824E+05
       665,-2.885689726E-03, 8.497404866E-03, 6.000000238E-01,-2.882183186E-03, 8.498871501E-03, 5.966666667E-01, 2.360896041E-07, 0.000000000E+00, 2.846647597E+02, 4.263151339E+02, 8.280178304E-01, 2.609842999E+01, 2.609843007E+01, 1.295699356E+05
       666,-4.065340385E-03, 8.241083473E-03, 6.000000238E-01,-4.061014975E-03, 8.243315060E-03, 5.966666667E-01, 1.921826129E-07, 0.000000000E+00, 2.488890138E+02, 4.372215594E+02, 8.073630512E-01, 2.469669465E+01, 2.469669471E+01, 1.406775582E+05
       667,-5.202168133E-03, 7.784059271E-03, 6.000000238E-01,-5.198364054E-03, 7.786654290E-03, 5.966666667E-01, 1.550528610E-07, 0.000000000E+00, 2.129924637E+02, 4.488895313E+02, 7.863772882E-01, 2.312802417E+01, 2.312802421E+01, 1.525792135E+05
       668,-6.259271875E-03, 7.136888802E-03, 6.000000238E-01,-6.257818662E-03, 7.138263953E-03, 5.966666667E-01, 1.261214138E-07, 0.000000000E+00, 1.792545138E+02, 4.607067961E+02, 7.662064794E-01, 2.146907153E+01, 2.146907155E+01, 1.646548718E+05
       669,-7.206537295E-03, 6.320277695E-03, 6.000000238E-01,-7.207892974E-03, 6.318807676E-03, 5.966666667E-01, 1.053295046E-07, 0.000000000E+00, 1.500723345E+02, 4.717875548E+02, 7.482107756E-01, 1.984946282E+01, 1.984946284E+01, 1.760007320E+05
       670,-8.025253192E-03, 5.362845957E-03, 6.000000238E-01,-8.027806228E-03, 5.359014192E-03, 5.966666667E-01, 9.043819386E-08, 0.000000000E+00, 1.253226162E+02, 4.819947039E+02, 7.323659978E-01, 1.830128472E+01, 1.830128474E+01, 1.864716380E+05
       671,-8.704768494E-03, 4.293161444E-03, 6.000000238E-01,-8.706908260E-03, 4.288791309E-03, 5.966666667E-01, 7.855743457E-08, 0.000000000E+00, 1.026308671E+02, 4.922073159E+02, 7.171704297E-01, 1.669589180E+01, 1.669589181E+01, 1.969669165E+05
       672,-9.235847741E-03, 3.135418519E-03, 6.000000238E-01,-9.237066982E-03, 3.131828757E-03, 5.966666667E-01, 6.793036436E-08, 0.000000000E+00, 8.033004047E+01, 5.033232579E+02, 7.013316526E-01, 1.488129279E+01, 1.488129280E+01, 2.084119758E+05
       673,-9.608823806E-03, 1.911442145E-03, 6.000000238E-01,-9.609284356E-03, 1.909183781E-03, 5.966666667E-01, 5.802915980E-08, 0.000000000E+00, 5.863216267E+01, 5.156314377E+02, 6.845907880E-01, 1.278590074E+01, 1.278590075E+01, 2.211127308E+05
       674,-9.815330617E-03, 6.433635717E-04, 6.000000238E-01,-9.815392538E-03, 6.426004594E-04, 5.966666667E-01, 4.886804409E-08, 0.000000000E+00, 3.911185464E+01, 5.287640487E+02, 6.675879973E-01, 1.044810790E+01, 1.044810791E+01, 2.346976230E+05
       675,-9.849879891E-03,-6.456200499E-04, 6.000000238E-01,-9.849937562E-03,-6.448566755E-04, 5.966666667E-01, 4.055991859E-08, 0.000000000E+00, 2.380036272E+01, 5.417113724E+02, 6.516321241E-01, 8.052427219E+00, 8.052427220E+00, 2.481246132E+05
       676,-9.710500948E-03,-1.931593637E-03, 6.000000238E-01,-9.710952810E-03,-1.929333669E-03, 5.966666667E-01, 3.317836907E-08, 0.000000000E+00, 1.358432013E+01, 5.533203544E+02, 6.379605042E-01, 5.848390026E+00, 5.848390027E+00, 2.601922971E+05
       677,-9.398832917E-03,-3.190537449E-03, 6.000000238E-01,-9.400049543E-03,-3.186946779E-03, 5.966666667E-01, 2.675387571E-08, 0.000000000E+00, 7.629812568E+00, 5.630380011E+02, 6.269497469E-01, 3.976010417E+00, 3.976010417E+00, 2.703161358E+05
       678,-8.920019493E-03,-4.398920573E-03, 6.000000238E-01,-8.922168987E-03,-4.394554939E-03, 5.966666667E-01, 2.131110749E-08, 0.000000000E+00, 4.549141232E+00, 5.708205228E+02, 6.184019637E-01, 2.462348822E+00, 2.462348822E+00, 2.784389439E+05
       679, 6.096327212E-03,-6.950860843E-03, 6.000000238E-01, 6.094940074E-03,-6.952311176E-03, 5.966666667E-01, 1.795699249E-07, 0.000000000E+00, 2.378438158E+02, 4.407336051E+02, 8.009294688E-01, 2.423311342E+01, 2.423311347E+01, 1.442579373E+05
       680, 5.202168133E-03,-7.784059271E-03, 6.000000238E-01, 5.198364054E-03,-7.786654290E-03, 5.966666667E-01, 1.550528610E-07, 0.000000000E+00, 2.129924637E+02, 4.488895313E+02, 7.863772882E-01, 2.312802417E+01, 2.312802421E+01, 1.525792135E+05
       681, 4.182763863E-03,-8.480075747E-03, 6.000000238E-01, 4.178405407E-03,-8.482239820E-03, 5.966666667E-01, 1.352713025E-07, 0.000000000E+00, 1.898619342E+02, 4.568801743E+02, 7.726238785E-01, 2.201253868E+01, 2.201253871E+01, 1.607418341E+05
       682, 3.066404955E-03,-9.031775407E-03, 6.000000238E-01, 3.062824504E-03,-9.033023194E-03, 5.966666667E-01, 1.174163845E-07, 0.000000000E+00, 1.658974000E+02, 4.656495564E+02, 7.580733781E-01, 2.075156712E+01, 2.075156714E+01, 1.697131547E+05
       683, 1.875824411E-03,-9.429111145E-03, 6.000000238E-01, 1.873571942E-03,-9.429600941E-03, 5.966666667E-01, 1.006492001E-07, 0.000000000E+00, 1.401246944E+02, 4.757679972E+02, 7.419509810E-01, 1.924869339E+01, 1.924869341E+01, 1.800818000E+05
       684, 6.333484198E-04,-9.661988355E-03, 6.000000238E-01, 6.325869569E-04,-9.662075361E-03, 5.966666667E-01, 8.502529593E-08, 0.000000000E+00, 1.127691279E+02, 4.875088587E+02, 7.240822930E-01, 1.743835581E+01, 1.743835583E+01, 1.921360828E+05
       685,-6.373366923E-04,-9.723053314E-03, 6.000000238E-01,-6.365744783E-04,-9.723128476E-03, 5.966666667E-01, 7.076694123E-08, 0.000000000E+00, 8.496233921E+01, 5.008968681E+02, 7.047289667E-01, 1.528176468E+01, 1.528176468E+01, 2.059117703E+05
       686,-1.911442145E-03,-9.608823806E-03, 6.000000238E-01,-1.909183781E-03,-9.609284356E-03, 5.966666667E-01, 5.802915980E-08, 0.000000000E+00, 5.863216267E+01, 5.156314377E+02, 6.845907880E-01, 1.278590074E+01, 1.278590075E+01, 2.211127308E+05
       687,-3.163828049E-03,-9.319853038E-03, 6.000000238E-01,-3.160236928E-03,-9.321069208E-03, 5.966666667E-01, 4.689060813E-08, 0.000000000E+00, 3.634751092E+01, 5.308756105E+02, 6.649326608E-01, 1.006397091E+01, 1.006397091E+01, 2.368851249E+05
       688,-4.369693808E-03,-8.860534057E-03, 6.000000238E-01,-4.365325162E-03,-8.862677618E-03, 5.966666667E-01, 3.741666925E-08, 0.000000000E+00, 2.059623067E+01, 5.449735677E+02, 6.477314739E-01, 7.438905078E+00, 7.438905079E+00, 2.515129527E+05
       689,-5.505185109E-03,-8.238917217E-03, 6.000000238E-01,-5.501352824E-03,-8.241470760E-03, 5.966666667E-01, 2.971833269E-08, 0.000000000E+00, 1.137435640E+01, 5.565100152E+02, 6.343040064E-01, 5.237450687E+00, 5.237450687E+00, 2.635129935E+05
       690,-6.548176520E-03,-7.466720883E-03, 6.000000238E-01,-6.546674358E-03,-7.468040382E-03, 5.966666667E-01, 2.389533636E-08, 0.000000000E+00, 6.612734733E+00, 5.652324076E+02, 6.245157347E-01, 3.551259342E+00, 3.551259343E+00, 2.726051425E+05
       691,-7.479334250E-03,-6.559224799E-03, 6.000000238E-01,-7.480653373E-03,-6.557722250E-03, 5.966666667E-01, 1.979665898E-08, 0.000000000E+00, 4.291207287E+00, 5.717129810E+02, 6.174366230E-01, 2.288256294E+00, 2.288256294E+00, 2.793712759E+05
       692,-8.282598108E-03,-5.534283351E-03, 6.000000238E-01,-8.285154748E-03,-5.530454140E-03, 5.966666667E-01, 1.690270549E-08, 0.000000000E+00, 3.180081015E+00, 5.768301821E+02, 6.119591922E-01, 1.285272834E+00, 1.285272834E+00, 2.847204896E+05
       693, 6.950860843E-03,-6.096327212E-03, 6.000000238E-01, 6.952311176E-03,-6.094940074E-03, 5.966666667E-01, 1.795699249E-07, 0.000000000E+00, 2.378438158E+02, 4.407336051E+02, 8.009294688E-01, 2.423311342E+01, 2.423311347E+01, 1.442579373E+05
       694, 4.288387485E-03, 3.764230292E-03, 6.000000238E-01, 4.296900333E-03, 3.769029306E-03, 5.966666667E-01, 6.119995882E-07, 0.000000000E+00, 5.343409699E+02, 3.610273919E+02, 9.777555394E-01, 3.297858620E+01, 3.297858702E+01, 6.339563434E+04
       695, 5.272400565E-03, 3.528956324E-03, 6.000000238E-01, 5.279567770E-03, 3.528197927E-03, 5.966666667E-01, 5.803211172E-07, 0.000000000E+00, 5.022460114E+02, 3.687863752E+02, 9.571843106E-01, 3.230924435E+01, 3.230924501E+01, 7.123601472E+04
       696, 6.140251178E-03, 3.033142304E-03, 6.000000238E-01, 6.145686613E-03, 3.030391317E-03, 5.966666667E-01, 5.411145742E-07, 0.000000000E+00, 4.737962497E+02, 3.757684408E+02, 9.393990924E-01, 3.167128803E+01, 3.167128857E+01, 7.829647322E+04
       697, 6.906685419E-03, 2.347734291E-03, 6.000000238E-01, 6.910461705E-03, 2.345009116E-03, 5.966666667E-01, 4.959134699E-07, 0.000000000E+00, 4.455581774E+02, 3.828119472E+02, 9.221147221E-01, 3.099382400E+01, 3.099382443E+01, 8.542400167E+04
       698, 7.557674777E-03, 1.504920539E-03, 6.000000238E-01, 7.560079471E-03, 1.503047494E-03, 5.966666667E-01, 4.454920934E-07, 0.000000000E+00, 4.161114962E+02, 3.902980793E+02, 9.044280537E-01, 3.023702860E+01, 3.023702892E+01, 9.300487459E+04
       699, 8.065160364E-03, 5.290558911E-04, 6.000000238E-01, 8.066608792E-03, 5.283833135E-04, 5.966666667E-01, 3.919056080E-07, 0.000000000E+00, 3.852017796E+02, 3.983398874E+02, 8.861691822E-01, 2.938279286E+01, 2.938279310E+01, 1.011546994E+05
       700, 8.402353153E-03,-5.510787014E-04, 6.000000238E-01, 8.403320083E-03,-5.503747134E-04, 5.966666667E-01, 3.376875003E-07, 0.000000000E+00, 3.529267857E+02, 4.069781471E+02, 8.673599179E-01, 2.841906980E+01, 2.841906997E+01, 1.099171656E+05
       701, 8.550025523E-03,-1.701596659E-03, 6.000000238E-01, 8.551005856E-03,-1.699441308E-03, 5.966666667E-01, 2.851290465E-07, 0.000000000E+00, 3.193941471E+02, 4.162705478E+02, 8.479978565E-01, 2.733116641E+01, 2.733116653E+01, 1.193547824E+05
       702, 8.497404866E-03,-2.885689726E-03, 6.000000238E-01, 8.498871501E-03,-2.882183186E-03, 5.966666667E-01, 2.360896041E-07, 0.000000000E+00, 2.846647597E+02, 4.263151339E+02, 8.280178304E-01, 2.609842999E+01, 2.609843007E+01, 1.295699356E+05
       703, 8.241083473E-03,-4.065340385E-03, 6.000000238E-01, 8.243315060E-03,-4.061014975E-03, 5.966666667E-01, 1.921826129E-07, 0.000000000E+00, 2.488890138E+02, 4.372215594E+02, 8.073630512E-01, 2.469669465E+01, 2.469669471E+01, 1.406775582E+05
       704, 7.784059271E-03,-5.202168133E-03, 6.000000238E-01, 7.786654290E-03,-5.198364054E-03, 5.966666667E-01, 1.550528610E-07, 0.000000000E+00, 2.129924637E+02, 4.488895313E+02, 7.863772882E-01, 2.312802417E+01, 2.312802421E+01, 1.525792135E+05
       705, 4.256685730E-03, 4.850606434E-03, 6.000000238E-01, 4.258977071E-03, 4.856256533E-03, 5.966666667E-01, 5.724605274E-07, 0.000000000E+00, 4.962516845E+02, 3.702585881E+02, 9.533783783E-01, 3.217883600E+01, 3.217883664E+01, 7.272435169E+04
       706, 3.882278688E-03, 5.802772939E-03, 6.000000238E-01, 3.880298426E-03, 5.808105861E-03, 5.966666667E-01, 5.281486930E-07, 0.000000000E+00, 4.655814976E+02, 3.778153226E+02, 9.343097306E-01, 3.147930852E+01, 3.147930902E+01, 8.036726089E+04
       707, 3.275901079E-03, 6.634338293E-03, 6.000000238E-01, 3.272515104E-03, 6.638481184E-03, 5.966666667E-01, 4.834921837E-07, 0.000000000E+00, 4.383403659E+02, 3.846409027E+02, 9.177300953E-01, 3.081354504E+01, 3.081354544E+01, 8.727558617E+04
       708, 2.499491675E-03, 7.355427835E-03, 6.000000238E-01, 2.496441668E-03, 7.358243837E-03, 5.966666667E-01, 4.367826766E-07, 0.000000000E+00, 4.112106911E+02, 3.915656203E+02, 9.015003207E-01, 3.010603017E+01, 3.010603048E+01, 9.428901171E+04
       709, 1.583242090E-03, 7.952854969E-03, 6.000000238E-01, 1.581230697E-03, 7.954561338E-03, 5.966666667E-01, 3.877163104E-07, 0.000000000E+00, 3.828235248E+02, 3.989706650E+02, 8.847681377E-01, 2.931448430E+01, 2.931448453E+01, 1.017942231E+05
       710, 5.510787014E-04, 8.402353153E-03, 6.000000238E-01, 5.503747134E-04, 8.403320083E-03, 5.966666667E-01, 3.376875003E-07, 0.000000000E+00, 3.529267857E+02, 4.069781471E+02, 8.673599179E-01, 2.841906980E+01, 2.841906997E+01, 1.099171656E+05
       711,-5.692933337E-04, 8.681237698E-03, 6.000000238E-01,-5.685690090E-04, 8.681893745E-03, 5.966666667E-01, 2.885635180E-07, 0.000000000E+00, 3.216004082E+02, 4.156446377E+02, 8.492748377E-01, 2.740557528E+01, 2.740557541E+01, 1.187187113E+05
       712,-1.745908521E-03, 8.773606271E-03, 6.000000238E-01,-1.743716728E-03, 8.774402310E-03, 5.966666667E-01, 2.419887598E-07, 0.000000000E+00, 2.889108087E+02, 4.250553022E+02, 8.304720125E-01, 2.625531495E+01, 2.625531504E+01, 1.282879360E+05
       713,-2.944422420E-03, 8.671076968E-03, 6.000000238E-01,-2.940883713E-03, 8.672447440E-03, 5.966666667E-01, 1.992521786E-07, 0.000000000E+00, 2.547847488E+02, 4.353730271E+02, 8.107910007E-01, 2.493776197E+01, 2.493776203E+01, 1.387937528E+05
       714,-4.129608627E-03, 8.371889591E-03, 6.000000238E-01,-4.125262651E-03, 8.374078362E-03, 5.966666667E-01, 1.614694825E-07, 0.000000000E+00, 2.193520222E+02, 4.467558160E+02, 7.901330428E-01, 2.341924617E+01, 2.341924621E+01, 1.504013406E+05
       715,-5.266154185E-03, 7.880108431E-03, 6.000000238E-01,-5.262335456E-03, 7.882681769E-03, 5.966666667E-01, 1.298208147E-07, 0.000000000E+00, 1.836315992E+02, 4.591159212E+02, 7.688614486E-01, 2.169598319E+01, 2.169598322E+01, 1.630277503E+05
       716,-6.320278160E-03, 7.206537295E-03, 6.000000238E-01,-6.318807676E-03, 7.207892974E-03, 5.966666667E-01, 1.053295046E-07, 0.000000000E+00, 1.500723345E+02, 4.717875548E+02, 7.482107756E-01, 1.984946282E+01, 1.984946284E+01, 1.760007320E+05
       717,-7.264142390E-03, 6.370734889E-03, 6.000000238E-01,-7.265484863E-03, 6.369253202E-03, 5.966666667E-01, 8.781156800E-08, 0.000000000E+00, 1.212956174E+02, 4.837445530E+02, 7.297168104E-01, 1.803095946E+01, 1.803095947E+01, 1.882685870E+05
       718,-8.079594932E-03, 5.399047397E-03, 6.000000238E-01,-8.082144953E-03, 5.395213461E-03, 5.966666667E-01, 7.530516763E-08, 0.000000000E+00, 9.734673731E+01, 4.947385945E+02, 7.135011019E-01, 1.629030054E+01, 1.629030055E+01, 1.995711595E+05
       719,-8.755392395E-03, 4.318034742E-03, 6.000000238E-01,-8.757531837E-03, 4.313664092E-03, 5.966666667E-01, 6.535047198E-08, 0.000000000E+00, 7.606973511E+01, 5.056119594E+02, 6.981570070E-01, 1.450016673E+01, 1.450016674E+01, 2.107713834E+05
       720,-9.281825274E-03, 3.150967648E-03, 6.000000238E-01,-9.283042693E-03, 3.147376986E-03, 5.966666667E-01, 5.646317080E-08, 0.000000000E+00, 5.612149738E+01, 5.171904918E+02, 6.825271111E-01, 1.251463586E+01, 1.251463586E+01, 2.227236736E+05
       721,-9.649314918E-03, 1.919467119E-03, 6.000000238E-01,-9.649770629E-03, 1.917207842E-03, 5.966666667E-01, 4.819680034E-08, 0.000000000E+00, 3.816467506E+01, 5.294786704E+02, 6.666869734E-01, 1.031837189E+01, 1.031837190E+01, 2.354378455E+05
       722,-9.849879891E-03, 6.456200499E-04, 6.000000238E-01,-9.849937562E-03, 6.448566755E-04, 5.966666667E-01, 4.055991859E-08, 0.000000000E+00, 2.380036272E+01, 5.417113724E+02, 6.516321241E-01, 8.052427219E+00, 8.052427220E+00, 2.481246132E+05
       723,-9.878453799E-03,-6.474863039E-04, 6.000000238E-01,-9.878509538E-03,-6.467227778E-04, 5.966666667E-01, 3.364350892E-08, 0.000000000E+00, 1.390404747E+01, 5.528871450E+02, 6.384603720E-01, 5.931162929E+00, 5.931162930E+00, 2.597414635E+05
       724,-9.733409621E-03,-1.936133835E-03, 6.000000238E-01,-9.733859999E-03,-1.933873693E-03, 5.966666667E-01, 2.750580093E-08, 0.000000000E+00, 7.920169001E+00, 5.624545353E+02, 6.276001171E-01, 4.088773689E+00, 4.088773689E+00, 2.697076952E+05
       725,-9.416626766E-03,-3.196555423E-03, 6.000000238E-01,-9.417844658E-03,-3.192964794E-03, 5.966666667E-01, 2.216939136E-08, 0.000000000E+00, 4.704977997E+00, 5.703111126E+02, 6.189543295E-01, 2.561629355E+00, 2.561629355E+00, 2.779068524E+05
       726,-8.933422156E-03,-4.405505490E-03, 6.000000238E-01,-8.935572936E-03,-4.401140675E-03, 5.966666667E-01, 1.765238712E-08, 0.000000000E+00, 3.225627268E+00, 5.765421025E+02, 6.122649686E-01, 1.341850191E+00, 1.341850191E+00, 2.844191955E+05
       727, 6.185510661E-03,-7.052678149E-03, 6.000000238E-01, 6.184083530E-03,-7.054083136E-03, 5.966666667E-01, 1.506923174E-07, 0.000000000E+00, 2.085200051E+02, 4.504067898E+02, 7.837282659E-01, 2.291941934E+01, 2.291941938E+01, 1.541282630E+05
       728, 5.266154185E-03,-7.880108431E-03, 6.000000238E-01, 5.262335456E-03,-7.882681769E-03, 5.966666667E-01, 1.298208147E-07, 0.000000000E+00, 1.836315992E+02, 4.591159212E+02, 7.688614486E-01, 2.169598319E+01, 2.169598322E+01, 1.630277503E+05
       729, 4.226726945E-03,-8.569554426E-03, 6.000000238E-01, 4.222361841E-03,-8.571704354E-03, 5.966666667E-01, 1.130588402E-07, 0.000000000E+00, 1.603759393E+02, 4.677606036E+02, 7.546521224E-01, 2.044372923E+01, 2.044372925E+01, 1.718748815E+05
       730, 3.093888052E-03,-9.113042615E-03, 6.000000238E-01, 3.090302661E-03,-9.114275393E-03, 5.966666667E-01, 9.798562009E-08, 0.000000000E+00, 1.363868453E+02, 4.773119218E+02, 7.395510486E-01, 1.901593175E+01, 1.901593176E+01, 1.816655226E+05
       731, 1.890008338E-03,-9.500677697E-03, 6.000000238E-01, 1.887753006E-03,-9.501153047E-03, 5.966666667E-01, 8.387634497E-08, 0.000000000E+00, 1.110037298E+02, 4.883131512E+02, 7.228896690E-01, 1.731223379E+01, 1.731223380E+01, 1.929627540E+05
       732, 6.373366923E-04,-9.723053314E-03, 6.000000238E-01, 6.365744783E-04,-9.723128476E-03, 5.966666667E-01, 7.076694123E-08, 0.000000000E+00, 8.496233921E+01, 5.008968681E+02, 7.047289667E-01, 1.528176468E+01, 1.528176468E+01, 2.059117703E+05
       733,-6.406353787E-04,-9.773558937E-03, 6.000000238E-01,-6.398725871E-04,-9.773625966E-03, 5.966666667E-01, 5.883376113E-08, 0.000000000E+00, 5.992655778E+01, 5.148400526E+02, 6.856431050E-01, 1.292301433E+01, 1.292301434E+01, 2.202951927E+05
       734,-1.919467119E-03,-9.649314918E-03, 6.000000238E-01,-1.917207842E-03,-9.649770629E-03, 5.966666667E-01, 4.819680034E-08, 0.000000000E+00, 3.816467506E+01, 5.294786704E+02, 6.666869734E-01, 1.031837189E+01, 1.031837190E+01, 2.354378455E+05
       735,-3.174464218E-03,-9.351304732E-03, 6.000000238E-01,-3.170873334E-03,-9.352520785E-03, 5.966666667E-01, 3.891295142E-08, 0.000000000E+00, 2.208680391E+01, 5.434224928E+02, 6.495802749E-01, 7.731091260E+00, 7.731091261E+00, 2.499016347E+05
       736,-4.381332546E-03,-8.884223178E-03, 6.000000238E-01,-4.376965094E-03,-8.886368374E-03, 5.966666667E-01, 3.102911749E-08, 0.000000000E+00, 1.217734086E+01, 5.553078734E+02, 6.356771607E-01, 5.467969255E+00, 5.467969255E+00, 2.622612032E+05
       737,-5.516772624E-03,-8.256312460E-03, 6.000000238E-01,-5.512941629E-03,-8.258866716E-03, 5.966666667E-01, 2.463118475E-08, 0.000000000E+00, 6.862192323E+00, 5.646697452E+02, 6.251380303E-01, 3.660234962E+00, 3.660234962E+00, 2.720181229E+05
       738,-6.559224799E-03,-7.479334250E-03, 6.000000238E-01,-6.557722250E-03,-7.480653373E-03, 5.966666667E-01, 1.979665898E-08, 0.000000000E+00, 4.291207287E+00, 5.717129810E+02, 6.174366230E-01, 2.288256294E+00, 2.288256294E+00, 2.793712759E+05
       739,-7.489766926E-03,-6.568362471E-03, 6.000000238E-01,-7.491085390E-03,-6.566859797E-03, 5.966666667E-01, 1.639619388E-08, 0.000000000E+00, 3.150447179E+00, 5.770244607E+02, 6.117531514E-01, 1.247098998E+00, 1.247098998E+00, 2.849236903E+05
       740,-8.292438462E-03,-5.540839862E-03, 6.000000238E-01,-8.294997101E-03,-5.537010900E-03, 5.966666667E-01, 1.399643445E-08, 0.000000000E+00, 2.723305026E+00, 5.813243781E+02, 6.072281597E-01, 4.003698378E-01, 4.003698379E-01, 2.894232028E+05
       741, 7.052678149E-03,-6.185510196E-03, 6.000000238E-01, 7.054083136E-03,-6.184083530E-03, 5.966666667E-01, 1.506923174E-07, 0.000000000E+00, 2.085200051E+02, 4.504067898E+02, 7.837282659E-01, 2.291941934E+01, 2.291941938E+01, 1.541282630E+05
       742, 4.850606434E-03, 4.256685730E-03, 6.000000238E-01, 4.856256533E-03, 4.258977071E-03, 5.966666667E-01, 5.724605274E-07, 0.000000000E+00, 4.962516845E+02, 3.702585881E+02, 9.533783783E-01, 3.217883600E+01, 3.217883664E+01, 7.272435169E+04
       743, 5.802772939E-03, 3.882278688E-03, 6.000000238E-01, 5.808105861E-03, 3.880298426E-03, 5.966666667E-01, 5.281486930E-07, 0.000000000E+00, 4.655814976E+02, 3.778153226E+02, 9.343097306E-01, 3.147930852E+01, 3.147930902E+01, 8.036726089E+04
       744, 6.634338293E-03, 3.275901079E-03, 6.000000238E-01, 6.638481184E-03, 3.272515104E-03, 5.966666667E-01, 4.834921837E-07, 0.000000000E+00, 4.383403659E+02, 3.846409027E+02, 9.177300953E-01, 3.081354504E+01, 3.081354544E+01, 8.727558617E+04
       745, 7.355427835E-03, 2.499491675E-03, 6.000000238E-01, 7.358243837E-03, 2.496441668E-03, 5.966666667E-01, 4.367826766E-07, 0.000000000E+00, 4.112106911E+02, 3.915656203E+02, 9.015003207E-01, 3.010603017E+01, 3.010603048E+01, 9.428901171E+04
       746, 7.952854969E-03, 1.583242090E-03, 6.000000238E-01, 7.954561338E-03, 1.581230697E-03, 5.966666667E-01, 3.877163104E-07, 0.000000000E+00, 3.828235248E+02, 3.989706650E+02, 8.847681377E-01, 2.931448430E+01, 2.931448453E+01, 1.017942231E+05
       747, 8.402353153E-03, 5.510787014E-04, 6.000000238E-01, 8.403320083E-03, 5.503747134E-04, 5.966666667E-01, 3.376875003E-07, 0.000000000E+00, 3.529267857E+02, 4.069781471E+02, 8.673599179E-01, 2.841906980E+01, 2.841906997E+01, 1.099171656E+05
       748, 8.681237698E-03,-5.692932755E-04, 6.000000238E-01, 8.681893745E-03,-5.685690090E-04, 5.966666667E-01, 2.885635180E-07, 0.000000000E+00, 3.216004082E+02, 4.156446377E+02, 8.492748377E-01, 2.740557528E+01, 2.740557541E+01, 1.187187113E+05
       749, 8.773605339E-03,-1.745908405E-03, 6.000000238E-01, 8.774402310E-03,-1.743716728E-03, 5.966666667E-01, 2.419887598E-07, 0.000000000E+00, 2.889108087E+02, 4.250553022E+02, 8.304720125E-01, 2.625531495E+01, 2.625531504E+01, 1.282879360E+05
       750, 8.671076968E-03,-2.944422420E-03, 6.000000238E-01, 8.672447440E-03,-2.940883713E-03, 5.966666667E-01, 1.992521786E-07, 0.000000000E+00, 2.547847488E+02, 4.353730271E+02, 8.107910007E-01, 2.493776197E+01, 2.493776203E+01, 1.387937528E+05
       751, 8.371889591E-03,-4.129608627E-03, 6.000000238E-01, 8.374078362E-03,-4.125262651E-03, 5.966666667E-01, 1.614694825E-07, 0.000000000E+00, 2.193520222E+02, 4.467558160E+02, 7.901330428E-01, 2.341924617E+01, 2.341924621E+01, 1.504013406E+05
       752, 7.880109362E-03,-5.266154185E-03, 6.000000238E-01, 7.882681769E-03,-5.262335456E-03, 5.966666667E-01, 1.298208147E-07, 0.000000000E+00, 1.836315992E+02, 4.591159212E+02, 7.688614486E-01, 2.169598319E+01, 2.169598322E+01, 1.630277503E+05
       753, 4.663984291E-03, 5.315604620E-03, 6.000000238E-01, 4.664837046E-03, 5.319612649E-03, 5.966666667E-01, 5.188149762E-07, 0.000000000E+00, 4.597998166E+02, 3.792620472E+02, 9.307457334E-01, 3.134191904E+01, 3.134191951E+01, 8.183113476E+04
       754, 4.174503498E-03, 6.241431925E-03, 6.000000238E-01, 4.171804640E-03, 6.245685863E-03, 5.966666667E-01, 4.697765035E-07, 0.000000000E+00, 4.304535737E+02, 3.866494160E+02, 9.129627969E-01, 3.061294885E+01, 3.061294922E+01, 8.930933551E+04
       755, 3.476681421E-03, 7.042986806E-03, 6.000000238E-01, 3.472914165E-03, 7.046353416E-03, 5.966666667E-01, 4.244763245E-07, 0.000000000E+00, 4.042753765E+02, 3.933670177E+02, 8.973719614E-01, 2.991795239E+01, 2.991795268E+01, 9.611427159E+04
       756, 2.625006717E-03, 7.726572920E-03, 6.000000238E-01, 2.621756343E-03, 7.728796082E-03, 5.966666667E-01, 3.794653219E-07, 0.000000000E+00, 3.781123489E+02, 4.002236554E+02, 8.819981715E-01, 2.917796376E+01, 2.917796398E+01, 1.030647059E+05
       757, 1.648020116E-03, 8.279698901E-03, 6.000000238E-01, 1.645921102E-03, 8.280963826E-03, 5.966666667E-01, 3.338462521E-07, 0.000000000E+00, 3.506385883E+02, 4.076044551E+02, 8.660271689E-01, 2.834786643E+01, 2.834786660E+01, 1.105528812E+05
       758, 5.692932755E-04, 8.681237698E-03, 6.000000238E-01, 5.685690090E-04, 8.681893745E-03, 5.966666667E-01, 2.885635180E-07, 0.000000000E+00, 3.216004082E+02, 4.156446377E+02, 8.492748377E-01, 2.740557528E+01, 2.740557541E+01, 1.187187113E+05
       759,-5.843581748E-04, 8.911896497E-03, 6.000000238E-01,-5.836206323E-04, 8.912349810E-03, 5.966666667E-01, 2.450054524E-07, 0.000000000E+00, 2.910489798E+02, 4.244233979E+02, 8.317084639E-01, 2.633360555E+01, 2.633360564E+01, 1.276449964E+05
       760,-1.782557811E-03, 8.958524093E-03, 6.000000238E-01,-1.780342292E-03, 8.959200585E-03, 5.966666667E-01, 2.043606279E-07, 0.000000000E+00, 2.589271962E+02, 4.340841570E+02, 8.131983778E-01, 2.510457347E+01, 2.510457353E+01, 1.374805720E+05
       761,-2.992999274E-03, 8.814716712E-03, 6.000000238E-01,-2.989439775E-03, 8.816026455E-03, 5.966666667E-01, 1.675248605E-07, 0.000000000E+00, 2.251280755E+02, 4.448401928E+02, 7.935356068E-01, 2.367842570E+01, 2.367842574E+01, 1.484466162E+05
       762,-4.182763863E-03, 8.480075747E-03, 6.000000238E-01,-4.178405407E-03, 8.482239820E-03, 5.966666667E-01, 1.352713025E-07, 0.000000000E+00, 1.898619342E+02, 4.568801743E+02, 7.726238785E-01, 2.201253868E+01, 2.201253871E+01, 1.607418341E+05
       763,-5.319075659E-03, 7.959549315E-03, 6.000000238E-01,-5.315248510E-03, 7.962109559E-03, 5.966666667E-01, 1.084527402E-07, 0.000000000E+00, 1.543175167E+02, 4.701139005E+02, 7.508744836E-01, 2.009754013E+01, 2.009754015E+01, 1.742856194E+05
       764,-6.370734889E-03, 7.264141925E-03, 6.000000238E-01,-6.369253202E-03, 7.265484863E-03, 5.966666667E-01, 8.781156800E-08, 0.000000000E+00, 1.212956174E+02, 4.837445530E+02, 7.297168104E-01, 1.803095946E+01, 1.803095947E+01, 1.882685870E+05
       765,-7.311786059E-03, 6.412466522E-03, 6.000000238E-01,-7.313120018E-03, 6.410977487E-03, 5.966666667E-01, 7.310300995E-08, 0.000000000E+00, 9.369043874E+01, 4.965266834E+02, 7.109316459E-01, 1.600146078E+01, 1.600146079E+01, 2.014114854E+05
       766,-8.124539629E-03, 5.428988952E-03, 6.000000238E-01,-8.127088957E-03, 5.425154172E-03, 5.966666667E-01, 6.262918632E-08, 0.000000000E+00, 7.153448029E+01, 5.081147159E+02, 6.947181832E-01, 1.407972214E+01, 1.407972214E+01, 2.133526580E+05
       767,-8.797262795E-03, 4.338606261E-03, 6.000000238E-01,-8.799402774E-03, 4.334236457E-03, 5.966666667E-01, 5.430805761E-08, 0.000000000E+00, 5.268795929E+01, 5.193781654E+02, 6.796522376E-01, 1.213153636E+01, 1.213153636E+01, 2.249849775E+05
       768,-9.319853038E-03, 3.163828049E-03, 6.000000238E-01,-9.321069208E-03, 3.160236928E-03, 5.966666667E-01, 4.689060813E-08, 0.000000000E+00, 3.634751092E+01, 5.308756105E+02, 6.649326608E-01, 1.006397091E+01, 1.006397091E+01, 2.368851249E+05
       769,-9.682803415E-03, 1.926104305E-03, 6.000000238E-01,-9.683256701E-03, 1.923844518E-03, 5.966666667E-01, 4.000079683E-08, 0.000000000E+00, 2.320999930E+01, 5.422928254E+02, 6.509334362E-01, 7.943364478E+00, 7.943364479E+00, 2.487283942E+05
       770,-9.878453799E-03, 6.474863039E-04, 6.000000238E-01,-9.878509538E-03, 6.467227778E-04, 5.966666667E-01, 3.364350892E-08, 0.000000000E+00, 1.390404747E+01, 5.528871450E+02, 6.384603720E-01, 5.931162929E+00, 5.931162930E+00, 2.597414635E+05
       771,-9.902087972E-03,-6.490298547E-04, 6.000000238E-01,-9.902141157E-03,-6.482662141E-04, 5.966666667E-01, 2.789235651E-08, 0.000000000E+00, 8.073360677E+00, 5.621532348E+02, 6.279364957E-01, 4.146961400E+00, 4.146961400E+00, 2.693935270E+05
       772,-9.752355516E-03,-1.939888927E-03, 6.000000238E-01,-9.752806264E-03,-1.937628694E-03, 5.966666667E-01, 2.279369991E-08, 0.000000000E+00, 4.822938814E+00, 5.699383715E+02, 6.193591270E-01, 2.634212671E+00, 2.634212671E+00, 2.775175514E+05
       773,-9.431344457E-03,-3.201532643E-03, 6.000000238E-01,-9.432562745E-03,-3.197942209E-03, 5.966666667E-01, 1.836444110E-08, 0.000000000E+00, 3.270991893E+00, 5.762666980E+02, 6.125575770E-01, 1.395875177E+00, 1.395875177E+00, 2.841311751E+05
       774,-8.944506757E-03,-4.410951864E-03, 6.000000238E-01,-8.946659126E-03,-4.406587631E-03, 5.966666667E-01, 1.461798511E-08, 0.000000000E+00, 2.727482834E+00, 5.812356591E+02, 6.073208461E-01, 4.179900970E-01, 4.179900970E-01, 2.893303245E+05
       775, 6.259271875E-03,-7.136888802E-03, 6.000000238E-01, 6.257818662E-03,-7.138263953E-03, 5.966666667E-01, 1.261214138E-07, 0.000000000E+00, 1.792545138E+02, 4.607067961E+02, 7.662064794E-01, 2.146907153E+01, 2.146907155E+01, 1.646548718E+05
       776, 5.319075659E-03,-7.959549315E-03, 6.000000238E-01, 5.315248510E-03,-7.962109559E-03, 5.966666667E-01, 1.084527402E-07, 0.000000000E+00, 1.543175167E+02, 4.701139005E+02, 7.508744836E-01, 2.009754013E+01, 2.009754015E+01, 1.742856194E+05
       777, 4.263088573E-03,-8.643560112E-03, 6.000000238E-01, 4.258719374E-03,-8.645702847E-03, 5.966666667E-01, 9.431491804E-08, 0.000000000E+00, 1.310949938E+02, 4.795297525E+02, 7.361306163E-01, 1.867907345E+01, 1.867907347E+01, 1.839412737E+05
       778, 3.116618609E-03,-9.180256166E-03, 6.000000238E-01, 3.113030388E-03,-9.181480693E-03, 5.966666667E-01, 8.163899926E-08, 0.000000000E+00, 1.075227828E+02, 4.899156786E+02, 7.205250775E-01, 1.705972785E+01, 1.705972786E+01, 1.946102171E+05
       779, 1.901739626E-03,-9.559868835E-03, 6.000000238E-01, 1.899482356E-03,-9.560334761E-03, 5.966666667E-01, 6.980432592E-08, 0.000000000E+00, 8.339644911E+01, 5.017102160E+02, 7.035864948E-01, 1.514794171E+01, 1.514794171E+01, 2.067497308E+05
       780, 6.406353205E-04,-9.773558937E-03, 6.000000238E-01, 6.398725871E-04,-9.773625966E-03, 5.966666667E-01, 5.883376113E-08, 0.000000000E+00, 5.992655778E+01, 5.148400526E+02, 6.856431050E-01, 1.292301433E+01, 1.292301434E+01, 2.202951927E+05
       781,-6.433635717E-04,-9.815330617E-03, 6.000000238E-01,-6.426004594E-04,-9.815392538E-03, 5.966666667E-01, 4.886804409E-08, 0.000000000E+00, 3.911185464E+01, 5.287640487E+02, 6.675879973E-01, 1.044810790E+01, 1.044810791E+01, 2.346976230E+05
       782,-1.926104305E-03,-9.682803415E-03, 6.000000238E-01,-1.923844518E-03,-9.683256701E-03, 5.966666667E-01, 4.000079683E-08, 0.000000000E+00, 2.320999930E+01, 5.422928254E+02, 6.509334362E-01, 7.943364478E+00, 7.943364479E+00, 2.487283942E+05
       783,-3.183261491E-03,-9.377318434E-03, 6.000000238E-01,-3.179670627E-03,-9.378534151E-03, 5.966666667E-01, 3.227349030E-08, 0.000000000E+00, 1.297806742E+01, 5.541597569E+02, 6.369941662E-01, 5.687844791E+00, 5.687844792E+00, 2.610659664E+05
       784,-4.390958697E-03,-8.903815411E-03, 6.000000238E-01,-4.386592356E-03,-8.905962741E-03, 5.966666667E-01, 2.572000984E-08, 0.000000000E+00, 7.246485949E+00, 5.638354230E+02, 6.260630635E-01, 3.821759647E+00, 3.821759647E+00, 2.711478118E+05
       785,-5.526356865E-03,-8.270698600E-03, 6.000000238E-01,-5.522526575E-03,-8.273254679E-03, 5.966666667E-01, 2.040734664E-08, 0.000000000E+00, 4.392789604E+00, 5.713535088E+02, 6.178250888E-01, 2.358391389E+00, 2.358391389E+00, 2.789957218E+05
       786,-6.568362005E-03,-7.489766460E-03, 6.000000238E-01,-6.566859797E-03,-7.491085390E-03, 5.966666667E-01, 1.639619388E-08, 0.000000000E+00, 3.150447179E+00, 5.770244607E+02, 6.117531514E-01, 1.247098998E+00, 1.247098998E+00, 2.849236903E+05
       787,-7.498394698E-03,-6.575920153E-03, 6.000000238E-01,-7.499713542E-03,-6.574417313E-03, 5.966666667E-01, 1.357653491E-08, 0.000000000E+00, 2.720558711E+00, 5.813841100E+02, 6.071657725E-01, 3.884805527E-01, 3.884805527E-01, 2.894857360E+05
       788, 7.136888802E-03,-6.259271875E-03, 6.000000238E-01, 7.138263953E-03,-6.257818662E-03, 5.966666667E-01, 1.261214138E-07, 0.000000000E+00, 1.792545138E+02, 4.607067961E+02, 7.662064794E-01, 2.146907153E+01, 2.146907155E+01, 1.646548718E+05
       789, 5.315604620E-03, 4.663984291E-03, 6.000000238E-01, 5.319612649E-03, 4.664837046E-03, 5.966666667E-01, 5.188149762E-07, 0.000000000E+00, 4.597998166E+02, 3.792620472E+02, 9.307457334E-01, 3.134191904E+01, 3.134191951E+01, 8.183113476E+04
       790, 6.241431925E-03, 4.174503498E-03, 6.000000238E-01, 6.245685863E-03, 4.171804640E-03, 5.966666667E-01, 4.697765035E-07, 0.000000000E+00, 4.304535737E+02, 3.866494160E+02, 9.129627969E-01, 3.061294885E+01, 3.061294922E+01, 8.930933551E+04
       791, 7.042986341E-03, 3.476681421E-03, 6.000000238E-01, 7.046353416E-03, 3.472914165E-03, 5.966666667E-01, 4.244763245E-07, 0.000000000E+00, 4.042753765E+02, 3.933670177E+02, 8.973719614E-01, 2.991795239E+01, 2.991795268E+01, 9.611427159E+04
       792, 7.726572920E-03, 2.625006950E-03, 6.000000238E-01, 7.728796082E-03, 2.621756343E-03, 5.966666667E-01, 3.794653219E-07, 0.000000000E+00, 3.781123489E+02, 4.002236554E+02, 8.819981715E-01, 2.917796376E+01, 2.917796398E+01, 1.030647059E+05
       793, 8.279699832E-03, 1.648020116E-03, 6.000000238E-01, 8.280963826E-03, 1.645921102E-03, 5.966666667E-01, 3.338462521E-07, 0.000000000E+00, 3.506385883E+02, 4.076044551E+02, 8.660271689E-01, 2.834786643E+01, 2.834786660E+01, 1.105528812E+05
       794, 8.681237698E-03, 5.692933337E-04, 6.000000238E-01, 8.681893745E-03, 5.685690090E-04, 5.966666667E-01, 2.885635180E-07, 0.000000000E+00, 3.216004082E+02, 4.156446377E+02, 8.492748377E-01, 2.740557528E+01, 2.740557541E+01, 1.187187113E+05
       795, 8.911896497E-03,-5.843581748E-04, 6.000000238E-01, 8.912349810E-03,-5.836206323E-04, 5.966666667E-01, 2.450054524E-07, 0.000000000E+00, 2.910489798E+02, 4.244233979E+02, 8.317084639E-01, 2.633360555E+01, 2.633360564E+01, 1.276449964E+05
       796, 8.958524093E-03,-1.782557811E-03, 6.000000238E-01, 8.959200585E-03,-1.780342292E-03, 5.966666667E-01, 2.043606279E-07, 0.000000000E+00, 2.589271962E+02, 4.340841570E+02, 8.131983778E-01, 2.510457347E+01, 2.510457353E+01, 1.374805720E+05
       797, 8.814716712E-03,-2.992999041E-03, 6.000000238E-01, 8.816026455E-03,-2.989439775E-03, 5.966666667E-01, 1.675248605E-07, 0.000000000E+00, 2.251280755E+02, 4.448401928E+02, 7.935356068E-01, 2.367842570E+01, 2.367842574E+01, 1.484466162E+05
       798, 8.480075747E-03,-4.182763863E-03, 6.000000238E-01, 8.482239820E-03,-4.178405407E-03, 5.966666667E-01, 1.352713025E-07, 0.000000000E+00, 1.898619342E+02, 4.568801743E+02, 7.726238785E-01, 2.201253868E+01, 2.201253871E+01, 1.607418341E+05
       799, 7.959549315E-03,-5.319076125E-03, 6.000000238E-01, 7.962109559E-03,-5.315248510E-03, 5.966666667E-01, 1.084527402E-07, 0.000000000E+00, 1.543175167E+02, 4.701139005E+02, 7.508744836E-01, 2.009754013E+01, 2.009754015E+01, 1.742856194E+05
       800, 5.000852048E-03, 5.700194743E-03, 6.000000238E-01, 5.000841674E-03, 5.703217361E-03, 5.966666667E-01, 4.601192732E-07, 0.000000000E+00, 4.249211531E+02, 3.880650643E+02, 9.096323395E-01, 3.046995587E+01, 3.046995622E+01, 9.074301306E+04
       801, 4.416196141E-03, 6.604236551E-03, 6.000000238E-01, 4.413062295E-03, 6.607837751E-03, 5.966666667E-01, 4.110857695E-07, 0.000000000E+00, 3.966948064E+02, 3.953469421E+02, 8.928778616E-01, 2.970870029E+01, 2.970870056E+01, 9.812079765E+04
       802, 3.642742289E-03, 7.380969822E-03, 6.000000238E-01, 3.638741644E-03, 7.383862103E-03, 5.966666667E-01, 3.678963368E-07, 0.000000000E+00, 3.714393308E+02, 4.020067021E+02, 8.780861872E-01, 2.898181856E+01, 2.898181877E+01, 1.048729936E+05
       803, 2.728817519E-03, 8.033539169E-03, 6.000000238E-01, 2.725441415E-03, 8.035390150E-03, 5.966666667E-01, 3.263054093E-07, 0.000000000E+00, 3.461021468E+02, 4.088499589E+02, 8.633889391E-01, 2.820545291E+01, 2.820545307E+01, 1.118172566E+05
       804, 1.701596659E-03, 8.550025523E-03, 6.000000238E-01, 1.699441308E-03, 8.551005856E-03, 5.966666667E-01, 2.851290465E-07, 0.000000000E+00, 3.193941471E+02, 4.162705478E+02, 8.479978565E-01, 2.733116641E+01, 2.733116653E+01, 1.193547824E+05
       805, 5.843581748E-04, 8.911896497E-03, 6.000000238E-01, 5.836206323E-04, 8.912349810E-03, 5.966666667E-01, 2.450054524E-07, 0.000000000E+00, 2.910489798E+02, 4.244233979E+02, 8.317084639E-01, 2.633360555E+01, 2.633360564E+01, 1.276449964E+05
       806,-5.968179903E-04, 9.102669545E-03, 6.000000238E-01,-5.960717204E-04, 9.102988969E-03, 5.966666667E-01, 2.069761415E-07, 0.000000000E+00, 2.610119170E+02, 4.334384744E+02, 8.144097794E-01, 2.518773658E+01, 2.518773665E+01, 1.368227980E+05
       807,-1.812869683E-03, 9.111465886E-03, 6.000000238E-01,-1.810638555E-03, 9.112063680E-03, 5.966666667E-01, 1.719068602E-07, 0.000000000E+00, 2.291835879E+02, 4.435071157E+02, 7.959207863E-01, 2.385747201E+01, 2.385747205E+01, 1.470866320E+05
       808,-3.033175832E-03, 8.933518082E-03, 6.000000238E-01,-3.029603419E-03, 8.934789308E-03, 5.966666667E-01, 1.404220580E-07, 0.000000000E+00, 1.955241012E+02, 4.548755258E+02, 7.760288524E-01, 2.229392561E+01, 2.229392564E+01, 1.586929670E+05
       809,-4.226726945E-03, 8.569554426E-03, 6.000000238E-01,-4.222361841E-03, 8.571704354E-03, 5.966666667E-01, 1.130588402E-07, 0.000000000E+00, 1.603759393E+02, 4.677606036E+02, 7.546521224E-01, 2.044372923E+01, 2.044372925E+01, 1.718748815E+05
       810,-5.362845957E-03, 8.025253192E-03, 6.000000238E-01,-5.359014192E-03, 8.027806228E-03, 5.966666667E-01, 9.043819386E-08, 0.000000000E+00, 1.253226162E+02, 4.819947039E+02, 7.323659978E-01, 1.830128472E+01, 1.830128474E+01, 1.864716380E+05
       811,-6.412466988E-03, 7.311786059E-03, 6.000000238E-01,-6.410977487E-03, 7.313120018E-03, 5.966666667E-01, 7.310300995E-08, 0.000000000E+00, 9.369043874E+01, 4.965266834E+02, 7.109316459E-01, 1.600146078E+01, 1.600146079E+01, 2.014114854E+05
       812,-7.351191249E-03, 6.446982268E-03, 6.000000238E-01,-7.352519457E-03, 6.445487996E-03, 5.966666667E-01, 6.078749115E-08, 0.000000000E+00, 6.843729609E+01, 5.098668047E+02, 6.923308774E-01, 1.378313095E+01, 1.378313095E+01, 2.151604600E+05
       813,-8.161713369E-03, 5.453752819E-03, 6.000000238E-01,-8.164262253E-03, 5.449918207E-03, 5.966666667E-01, 5.203585803E-08, 0.000000000E+00, 4.910474459E+01, 5.217370766E+02, 6.765793502E-01, 1.171536717E+01, 1.171536717E+01, 2.274243547E+05
       814,-8.831892163E-03, 4.355621058E-03, 6.000000238E-01,-8.834034170E-03, 4.351251833E-03, 5.966666667E-01, 4.509356319E-08, 0.000000000E+00, 3.390538962E+01, 5.328115948E+02, 6.625166113E-01, 9.709788952E+00, 9.709788954E+00, 2.388915185E+05
       815,-9.351304732E-03, 3.174464218E-03, 6.000000238E-01,-9.352520785E-03, 3.170873334E-03, 5.966666667E-01, 3.891295142E-08, 0.000000000E+00, 2.208680391E+01, 5.434224928E+02, 6.495802749E-01, 7.731091260E+00, 7.731091261E+00, 2.499016347E+05
       816,-9.710500948E-03, 1.931593637E-03, 6.000000238E-01,-9.710952810E-03, 1.929333669E-03, 5.966666667E-01, 3.317836907E-08, 0.000000000E+00, 1.358432013E+01, 5.533203544E+02, 6.379605042E-01, 5.848390026E+00, 5.848390027E+00, 2.601922971E+05
       817,-9.902087972E-03, 6.490298547E-04, 6.000000238E-01,-9.902141157E-03, 6.482662141E-04, 5.966666667E-01, 2.789235651E-08, 0.000000000E+00, 8.073360677E+00, 5.621532348E+02, 6.279364957E-01, 4.146961400E+00, 4.146961400E+00, 2.693935270E+05
       818,-9.921634570E-03,-6.503064651E-04, 6.000000238E-01,-9.921686597E-03,-6.495427723E-04, 5.966666667E-01, 2.311467607E-08, 0.000000000E+00, 4.885151898E+00, 5.697458796E+02, 6.195683812E-01, 2.671669194E+00, 2.671669194E+00, 2.773165195E+05
       819,-9.768025950E-03,-1.942994655E-03, 6.000000238E-01,-9.768476459E-03,-1.940734403E-03, 5.966666667E-01, 1.888243994E-08, 0.000000000E+00, 3.305300646E+00, 5.760651381E+02, 6.127719054E-01, 1.435368285E+00, 1.435368285E+00, 2.839203924E+05
       820,-9.443516843E-03,-3.205648856E-03, 6.000000238E-01,-9.444735845E-03,-3.202058951E-03, 5.966666667E-01, 1.520840476E-08, 0.000000000E+00, 2.731649211E+00, 5.811506203E+02, 6.074097144E-01, 4.348143068E-01, 4.348143068E-01, 2.892413006E+05
       821, 6.320278160E-03,-7.206537295E-03, 6.000000238E-01, 6.318807676E-03,-7.207892974E-03, 5.966666667E-01, 1.053295046E-07, 0.000000000E+00, 1.500723345E+02, 4.717875548E+02, 7.482107756E-01, 1.984946282E+01, 1.984946284E+01, 1.760007320E+05
       822, 5.362845957E-03,-8.025253192E-03, 6.000000238E-01, 5.359014192E-03,-8.027806228E-03, 5.966666667E-01, 9.043819386E-08, 0.000000000E+00, 1.253226162E+02, 4.819947039E+02, 7.323659978E-01, 1.830128472E+01, 1.830128474E+01, 1.864716380E+05
       823, 4.293161444E-03,-8.704768494E-03, 6.000000238E-01, 4.288791309E-03,-8.706908260E-03, 5.966666667E-01, 7.855743457E-08, 0.000000000E+00, 1.026308671E+02, 4.922073159E+02, 7.171704297E-01, 1.669589180E+01, 1.669589181E+01, 1.969669165E+05
       824, 3.135418752E-03,-9.235847741E-03, 6.000000238E-01, 3.131828757E-03,-9.237066982E-03, 5.966666667E-01, 6.793036436E-08, 0.000000000E+00, 8.033004047E+01, 5.033232579E+02, 7.013316526E-01, 1.488129279E+01, 1.488129280E+01, 2.084119758E+05
       825, 1.911442261E-03,-9.608824737E-03, 6.000000238E-01, 1.909183781E-03,-9.609284356E-03, 5.966666667E-01, 5.802915980E-08, 0.000000000E+00, 5.863216267E+01, 5.156314377E+02, 6.845907880E-01, 1.278590074E+01, 1.278590075E+01, 2.211127308E+05
       826, 6.433635717E-04,-9.815330617E-03, 6.000000238E-01, 6.426004594E-04,-9.815392538E-03, 5.966666667E-01, 4.886804409E-08, 0.000000000E+00, 3.911185464E+01, 5.287640487E+02, 6.675879973E-01, 1.044810790E+01, 1.044810791E+01, 2.346976230E+05
       827,-6.456200499E-04,-9.849879891E-03, 6.000000238E-01,-6.448566755E-04,-9.849937562E-03, 5.966666667E-01, 4.055991859E-08, 0.000000000E+00, 2.380036272E+01, 5.417113724E+02, 6.516321241E-01, 8.052427219E+00, 8.052427220E+00, 2.481246132E+05
       828,-1.931593637E-03,-9.710500948E-03, 6.000000238E-01,-1.929333669E-03,-9.710952810E-03, 5.966666667E-01, 3.317836907E-08, 0.000000000E+00, 1.358432013E+01, 5.533203544E+02, 6.379605042E-01, 5.848390026E+00, 5.848390027E+00, 2.601922971E+05
       829,-3.190537449E-03,-9.398832917E-03, 6.000000238E-01,-3.186946779E-03,-9.400049543E-03, 5.966666667E-01, 2.675387571E-08, 0.000000000E+00, 7.629812568E+00, 5.630380011E+02, 6.269497469E-01, 3.976010417E+00, 3.976010417E+00, 2.703161358E+05
       830,-4.398920573E-03,-8.920019493E-03, 6.000000238E-01,-4.394554939E-03,-8.922168987E-03, 5.966666667E-01, 2.131110749E-08, 0.000000000E+00, 4.549141232E+00, 5.708205228E+02, 6.184019637E-01, 2.462348822E+00, 2.462348822E+00, 2.784389439E+05
       831,-5.534283351E-03,-8.282597177E-03, 6.000000238E-01,-5.530454140E-03,-8.285154748E-03, 5.966666667E-01, 1.690270549E-08, 0.000000000E+00, 3.180081015E+00, 5.768301821E+02, 6.119591922E-01, 1.285272834E+00, 1.285272834E+00, 2.847204896E+05
       832,-6.575920153E-03,-7.498394698E-03, 6.000000238E-01,-6.574417313E-03,-7.499713542E-03, 5.966666667E-01, 1.357653491E-08, 0.000000000E+00, 2.720558711E+00, 5.813841100E+02, 6.071657725E-01, 3.884805527E-01, 3.884805527E-01, 2.894857360E+05
       833, 7.206537295E-03,-6.320277695E-03, 6.000000238E-01, 7.207892974E-03,-6.318807676E-03, 5.966666667E-01, 1.053295046E-07, 0.000000000E+00, 1.500723345E+02, 4.717875548E+02, 7.482107756E-01, 1.984946282E+01, 1.984946284E+01, 1.760007320E+05
       834, 5.700194743E-03, 5.000852048E-03, 6.000000238E-01, 5.703217361E-03, 5.000841674E-03, 5.966666667E-01, 4.601192732E-07, 0.000000000E+00, 4.249211531E+02, 3.880650643E+02, 9.096323395E-01, 3.046995587E+01, 3.046995622E+01, 9.074301306E+04
       835, 6.604237016E-03, 4.416196141E-03, 6.000000238E-01, 6.607837751E-03, 4.413062295E-03, 5.966666667E-01, 4.110857695E-07, 0.000000000E+00, 3.966948064E+02, 3.953469421E+02, 8.928778616E-01, 2.970870029E+01, 2.970870056E+01, 9.812079765E+04
       836, 7.380969822E-03, 3.642742289E-03, 6.000000238E-01, 7.383862103E-03, 3.638741644E-03, 5.966666667E-01, 3.678963368E-07, 0.000000000E+00, 3.714393308E+02, 4.020067021E+02, 8.780861872E-01, 2.898181856E+01, 2.898181877E+01, 1.048729936E+05
       837, 8.033538237E-03, 2.728817752E-03, 6.000000238E-01, 8.035390150E-03, 2.725441415E-03, 5.966666667E-01, 3.263054093E-07, 0.000000000E+00, 3.461021468E+02, 4.088499589E+02, 8.633889391E-01, 2.820545291E+01, 2.820545307E+01, 1.118172566E+05
       838, 8.550025523E-03, 1.701596659E-03, 6.000000238E-01, 8.551005856E-03, 1.699441308E-03, 5.966666667E-01, 2.851290465E-07, 0.000000000E+00, 3.193941471E+02, 4.162705478E+02, 8.479978565E-01, 2.733116641E+01, 2.733116653E+01, 1.193547824E+05
       839, 8.911896497E-03, 5.843581748E-04, 6.000000238E-01, 8.912349810E-03, 5.836206323E-04, 5.966666667E-01, 2.450054524E-07, 0.000000000E+00, 2.910489798E+02, 4.244233979E+02, 8.317084639E-01, 2.633360555E+01, 2.633360564E+01, 1.276449964E+05
       840, 9.102669545E-03,-5.968179903E-04, 6.000000238E-01, 9.102988969E-03,-5.960717204E-04, 5.966666667E-01, 2.069761415E-07, 0.000000000E+00, 2.610119170E+02, 4.334384744E+02, 8.144097794E-01, 2.518773658E+01, 2.518773665E+01, 1.368227980E+05
       841, 9.111465886E-03,-1.812869683E-03, 6.000000238E-01, 9.112063680E-03,-1.810638555E-03, 5.966666667E-01, 1.719068602E-07, 0.000000000E+00, 2.291835879E+02, 4.435071157E+02, 7.959207863E-01, 2.385747201E+01, 2.385747205E+01, 1.470866320E+05
       842, 8.933518082E-03,-3.033175599E-03, 6.000000238E-01, 8.934789308E-03,-3.029603419E-03, 5.966666667E-01, 1.404220580E-07, 0.000000000E+00, 1.955241012E+02, 4.548755258E+02, 7.760288524E-01, 2.229392561E+01, 2.229392564E+01, 1.586929670E+05
       843, 8.569554426E-03,-4.226726945E-03, 6.000000238E-01, 8.571704354E-03,-4.222361841E-03, 5.966666667E-01, 1.130588402E-07, 0.000000000E+00, 1.603759393E+02, 4.677606036E+02, 7.546521224E-01, 2.044372923E+01, 2.044372925E+01, 1.718748815E+05
       844, 8.025253192E-03,-5.362845957E-03, 6.000000238E-01, 8.027806228E-03,-5.359014192E-03, 5.966666667E-01, 9.043819386E-08, 0.000000000E+00, 1.253226162E+02, 4.819947039E+02, 7.323659978E-01, 1.830128472E+01, 1.830128474E+01, 1.864716380E+05
       845, 5.279466975E-03, 6.018280052E-03, 6.000000238E-01, 5.278923843E-03, 6.020694031E-03, 5.966666667E-01, 4.017731153E-07, 0.000000000E+00, 3.913829602E+02, 3.967417046E+02, 8.897389112E-01, 2.955975490E+01, 2.955975515E+01, 9.953453504E+04
       846, 4.616094287E-03, 6.904304493E-03, 6.000000238E-01, 4.612692755E-03, 6.907503053E-03, 5.966666667E-01, 3.554213022E-07, 0.000000000E+00, 3.641395723E+02, 4.039692373E+02, 8.738203301E-01, 2.876346398E+01, 2.876346417E+01, 1.068638252E+05
       847, 3.780087456E-03, 7.660508621E-03, 6.000000238E-01, 3.775942364E-03, 7.663106743E-03, 5.966666667E-01, 3.157856588E-07, 0.000000000E+00, 3.396695673E+02, 4.106252090E+02, 8.596562619E-01, 2.800062638E+01, 2.800062653E+01, 1.136197804E+05
       848, 2.814677311E-03, 8.287423290E-03, 6.000000238E-01, 2.811221366E-03, 8.289039240E-03, 5.966666667E-01, 2.784019653E-07, 0.000000000E+00, 3.150165905E+02, 4.175167679E+02, 8.454667199E-01, 2.718221399E+01, 2.718221410E+01, 1.206213970E+05
       849, 1.745908405E-03, 8.773605339E-03, 6.000000238E-01, 1.743716728E-03, 8.774402310E-03, 5.966666667E-01, 2.419887598E-07, 0.000000000E+00, 2.889108087E+02, 4.250553022E+02, 8.304720125E-01, 2.625531495E+01, 2.625531504E+01, 1.282879360E+05
       850, 5.968179903E-04, 9.102669545E-03, 6.000000238E-01, 5.960717204E-04, 9.102988969E-03, 5.966666667E-01, 2.069761415E-07, 0.000000000E+00, 2.610119170E+02, 4.334384744E+02, 8.144097794E-01, 2.518773658E+01, 2.518773665E+01, 1.368227980E+05
       851,-6.071232492E-04, 9.260453284E-03, 6.000000238E-01,-6.063711647E-04, 9.260684213E-03, 5.966666667E-01, 1.741525043E-07, 0.000000000E+00, 2.312242870E+02, 4.428398732E+02, 7.971200283E-01, 2.394667267E+01, 2.394667272E+01, 1.464060151E+05
       852,-1.837939955E-03, 9.237960912E-03, 6.000000238E-01,-1.835698564E-03, 9.238506688E-03, 5.966666667E-01, 1.441536509E-07, 0.000000000E+00, 1.995003541E+02, 4.534823407E+02, 7.784129625E-01, 2.248807862E+01, 2.248807866E+01, 1.572694770E+05
       853,-3.066404955E-03, 9.031775407E-03, 6.000000238E-01,-3.062824504E-03, 9.033023194E-03, 5.966666667E-01, 1.174163845E-07, 0.000000000E+00, 1.658974000E+02, 4.656495564E+02, 7.580733781E-01, 2.075156712E+01, 2.075156714E+01, 1.697131547E+05
       854,-4.263088573E-03, 8.643560112E-03, 6.000000238E-01,-4.258719374E-03, 8.645702847E-03, 5.966666667E-01, 9.431491804E-08, 0.000000000E+00, 1.310949938E+02, 4.795297525E+02, 7.361306163E-01, 1.867907345E+01, 1.867907347E+01, 1.839412737E+05
       855,-5.399047397E-03, 8.079594932E-03, 6.000000238E-01,-5.395213461E-03, 8.082144953E-03, 5.966666667E-01, 7.530516763E-08, 0.000000000E+00, 9.734673731E+01, 4.947385945E+02, 7.135011019E-01, 1.629030054E+01, 1.629030055E+01, 1.995711595E+05
       856,-6.446982268E-03, 7.351191249E-03, 6.000000238E-01,-6.445487996E-03, 7.352519457E-03, 5.966666667E-01, 6.078749115E-08, 0.000000000E+00, 6.843729609E+01, 5.098668047E+02, 6.923308774E-01, 1.378313095E+01, 1.378313095E+01, 2.151604600E+05
       857,-7.383781951E-03, 6.475529168E-03, 6.000000238E-01,-7.385106838E-03, 6.474031730E-03, 5.966666667E-01, 5.049871962E-08, 0.000000000E+00, 4.670116838E+01, 5.233676887E+02, 6.744713896E-01, 1.142589892E+01, 1.142589892E+01, 2.291112400E+05
       858,-8.192457259E-03, 5.474234466E-03, 6.000000238E-01,-8.195008205E-03, 5.470400487E-03, 5.966666667E-01, 4.319958081E-08, 0.000000000E+00, 3.140957410E+01, 5.348681105E+02, 6.599692996E-01, 9.331657217E+00, 9.331657219E+00, 2.410236481E+05
       859,-8.860534057E-03, 4.369693808E-03, 6.000000238E-01,-8.862677618E-03, 4.365325162E-03, 5.966666667E-01, 3.741666925E-08, 0.000000000E+00, 2.059623067E+01, 5.449735677E+02, 6.477314739E-01, 7.438905078E+00, 7.438905079E+00, 2.515129527E+05
       860,-9.377318434E-03, 3.183261491E-03, 6.000000238E-01,-9.378534151E-03, 3.179670627E-03, 5.966666667E-01, 3.227349030E-08, 0.000000000E+00, 1.297806742E+01, 5.541597569E+02, 6.369941662E-01, 5.687844791E+00, 5.687844792E+00, 2.610659664E+05
       861,-9.733408689E-03, 1.936133835E-03, 6.000000238E-01,-9.733859999E-03, 1.933873693E-03, 5.966666667E-01, 2.750580093E-08, 0.000000000E+00, 7.920169001E+00, 5.624545353E+02, 6.276001171E-01, 4.088773689E+00, 4.088773689E+00, 2.697076952E+05
       862,-9.921633638E-03, 6.503064651E-04, 6.000000238E-01,-9.921686597E-03, 6.495427723E-04, 5.966666667E-01, 2.311467607E-08, 0.000000000E+00, 4.885151898E+00, 5.697458796E+02, 6.195683812E-01, 2.671669194E+00, 2.671669194E+00, 2.773165195E+05
       863,-9.937800467E-03,-6.513623521E-04, 6.000000238E-01,-9.937852367E-03,-6.505985964E-04, 5.966666667E-01, 1.914877724E-08, 0.000000000E+00, 3.323389624E+00, 5.759610296E+02, 6.128826676E-01, 1.455747228E+00, 1.455747228E+00, 2.838115238E+05
       864,-9.780986235E-03,-1.945563476E-03, 6.000000238E-01,-9.781437039E-03,-1.943303088E-03, 5.966666667E-01, 1.563795677E-08, 0.000000000E+00, 2.734792574E+00, 5.810882433E+02, 6.074749169E-01, 4.471123616E-01, 4.471123616E-01, 2.891760015E+05
       865, 6.370734889E-03,-7.264141925E-03, 6.000000238E-01, 6.369253202E-03,-7.265484863E-03, 5.966666667E-01, 8.781156800E-08, 0.000000000E+00, 1.212956174E+02, 4.837445530E+02, 7.297168104E-01, 1.803095946E+01, 1.803095947E+01, 1.882685870E+05
       866, 5.399047397E-03,-8.079594932E-03, 6.000000238E-01, 5.395213461E-03,-8.082144953E-03, 5.966666667E-01, 7.530516763E-08, 0.000000000E+00, 9.734673731E+01, 4.947385945E+02, 7.135011019E-01, 1.629030054E+01, 1.629030055E+01, 1.995711595E+05
       867, 4.318034276E-03,-8.755392395E-03, 6.000000238E-01, 4.313664092E-03,-8.757531837E-03, 5.966666667E-01, 6.535047198E-08, 0.000000000E+00, 7.606973511E+01, 5.056119594E+02, 6.981570070E-01, 1.450016673E+01, 1.450016674E+01, 2.107713834E+05
       868, 3.150967648E-03,-9.281825274E-03, 6.000000238E-01, 3.147376986E-03,-9.283042693E-03, 5.966666667E-01, 5.646317080E-08, 0.000000000E+00, 5.612149738E+01, 5.171904918E+02, 6.825271111E-01, 1.251463586E+01, 1.251463586E+01, 2.227236736E+05
       869, 1.919467119E-03,-9.649314918E-03, 6.000000238E-01, 1.917207842E-03,-9.649770629E-03, 5.966666667E-01, 4.819680034E-08, 0.000000000E+00, 3.816467506E+01, 5.294786704E+02, 6.666869734E-01, 1.031837189E+01, 1.031837190E+01, 2.354378455E+05
       870, 6.456200499E-04,-9.849879891E-03, 6.000000238E-01, 6.448566755E-04,-9.849937562E-03, 5.966666667E-01, 4.055991859E-08, 0.000000000E+00, 2.380036272E+01, 5.417113724E+02, 6.516321241E-01, 8.052427219E+00, 8.052427220E+00, 2.481246132E+05
       871,-6.474863039E-04,-9.878453799E-03, 6.000000238E-01,-6.467227778E-04,-9.878509538E-03, 5.966666667E-01, 3.364350892E-08, 0.000000000E+00, 1.390404747E+01, 5.528871450E+02, 6.384603720E-01, 5.931162929E+00, 5.931162930E+00, 2.597414635E+05
       872,-1.936133835E-03,-9.733408689E-03, 6.000000238E-01,-1.933873693E-03,-9.733859999E-03, 5.966666667E-01, 2.750580093E-08, 0.000000000E+00, 7.920169001E+00, 5.624545353E+02, 6.276001171E-01, 4.088773689E+00, 4.088773689E+00, 2.697076952E+05
       873,-3.196555190E-03,-9.416626766E-03, 6.000000238E-01,-3.192964794E-03,-9.417844658E-03, 5.966666667E-01, 2.216939136E-08, 0.000000000E+00, 4.704977997E+00, 5.703111126E+02, 6.189543295E-01, 2.561629355E+00, 2.561629355E+00, 2.779068524E+05
       874,-4.405505490E-03,-8.933422156E-03, 6.000000238E-01,-4.401140675E-03,-8.935572936E-03, 5.966666667E-01, 1.765238712E-08, 0.000000000E+00, 3.225627268E+00, 5.765421025E+02, 6.122649686E-01, 1.341850191E+00, 1.341850191E+00, 2.844191955E+05
       875,-5.540839862E-03,-8.292438462E-03, 6.000000238E-01,-5.537010900E-03,-8.294997101E-03, 5.966666667E-01, 1.399643445E-08, 0.000000000E+00, 2.723305026E+00, 5.813243781E+02, 6.072281597E-01, 4.003698378E-01, 4.003698379E-01, 2.894232028E+05
       876, 7.264142390E-03,-6.370734889E-03, 6.000000238E-01, 7.265484863E-03,-6.369253202E-03, 5.966666667E-01, 8.781156800E-08, 0.000000000E+00, 1.212956174E+02, 4.837445530E+02, 7.297168104E-01, 1.803095946E+01, 1.803095947E+01, 1.882685870E+05
       877, 6.018280052E-03, 5.279466975E-03, 6.000000238E-01, 6.020694031E-03, 5.278923843E-03, 5.966666667E-01, 4.017731153E-07, 0.000000000E+00, 3.913829602E+02, 3.967417046E+02, 8.897389112E-01, 2.955975490E+01, 2.955975515E+01, 9.953453504E+04
       878, 6.904304028E-03, 4.616094287E-03, 6.000000238E-01, 6.907503053E-03, 4.612692755E-03, 5.966666667E-01, 3.554213022E-07, 0.000000000E+00, 3.641395723E+02, 4.039692373E+02, 8.738203301E-01, 2.876346398E+01, 2.876346417E+01, 1.068638252E+05
       879, 7.660508621E-03, 3.780087456E-03, 6.000000238E-01, 7.663106743E-03, 3.775942364E-03, 5.966666667E-01, 3.157856588E-07, 0.000000000E+00, 3.396695673E+02, 4.106252090E+02, 8.596562619E-01, 2.800062638E+01, 2.800062653E+01, 1.136197804E+05
       880, 8.287423290E-03, 2.814677311E-03, 6.000000238E-01, 8.289039240E-03, 2.811221366E-03, 5.966666667E-01, 2.784019653E-07, 0.000000000E+00, 3.150165905E+02, 4.175167679E+02, 8.454667199E-01, 2.718221399E+01, 2.718221410E+01, 1.206213970E+05
       881, 8.773606271E-03, 1.745908521E-03, 6.000000238E-01, 8.774402310E-03, 1.743716728E-03, 5.966666667E-01, 2.419887598E-07, 0.000000000E+00, 2.889108087E+02, 4.250553022E+02, 8.304720125E-01, 2.625531495E+01, 2.625531504E+01, 1.282879360E+05
       882, 9.102669545E-03, 5.968179903E-04, 6.000000238E-01, 9.102988969E-03, 5.960717204E-04, 5.966666667E-01, 2.069761415E-07, 0.000000000E+00, 2.610119170E+02, 4.334384744E+02, 8.144097794E-01, 2.518773658E+01, 2.518773665E+01, 1.368227980E+05
       883, 9.260453284E-03,-6.071232492E-04, 6.000000238E-01, 9.260684213E-03,-6.063711647E-04, 5.966666667E-01, 1.741525043E-07, 0.000000000E+00, 2.312242870E+02, 4.428398732E+02, 7.971200283E-01, 2.394667267E+01, 2.394667272E+01, 1.464060151E+05
       884, 9.237960912E-03,-1.837939955E-03, 6.000000238E-01, 9.238506688E-03,-1.835698564E-03, 5.966666667E-01, 1.441536509E-07, 0.000000000E+00, 1.995003541E+02, 4.534823407E+02, 7.784129625E-01, 2.248807862E+01, 2.248807866E+01, 1.572694770E+05
       885, 9.031775407E-03,-3.066404955E-03, 6.000000238E-01, 9.033023194E-03,-3.062824504E-03, 5.966666667E-01, 1.174163845E-07, 0.000000000E+00, 1.658974000E+02, 4.656495564E+02, 7.580733781E-01, 2.075156712E+01, 2.075156714E+01, 1.697131547E+05
       886, 8.643560112E-03,-4.263088107E-03, 6.000000238E-01, 8.645702847E-03,-4.258719374E-03, 5.966666667E-01, 9.431491804E-08, 0.000000000E+00, 1.310949938E+02, 4.795297525E+02, 7.361306163E-01, 1.867907345E+01, 1.867907347E+01, 1.839412737E+05
       887, 8.079594932E-03,-5.399047397E-03, 6.000000238E-01, 8.082144953E-03,-5.395213461E-03, 5.966666667E-01, 7.530516763E-08, 0.000000000E+00, 9.734673731E+01, 4.947385945E+02, 7.135011019E-01, 1.629030054E+01, 1.629030055E+01, 1.995711595E+05
       888, 5.509903654E-03, 6.281361450E-03, 6.000000238E-01, 5.509023730E-03, 6.283391011E-03, 5.966666667E-01, 3.468123825E-07, 0.000000000E+00, 3.590246663E+02, 4.053525696E+02, 8.708382745E-01, 2.860807218E+01, 2.860807236E+01, 1.082674269E+05
       889, 4.781425931E-03, 7.152483799E-03, 6.000000238E-01, 4.777857355E-03, 7.155431648E-03, 5.966666667E-01, 3.045101533E-07, 0.000000000E+00, 3.326248870E+02, 4.125827868E+02, 8.555774588E-01, 2.777235553E+01, 2.777235566E+01, 1.156079444E+05
       890, 3.893682733E-03, 7.891708985E-03, 6.000000238E-01, 3.889447630E-03, 7.894124023E-03, 5.966666667E-01, 2.690505708E-07, 0.000000000E+00, 3.088021516E+02, 4.192963143E+02, 8.418784526E-01, 2.696771441E+01, 2.696771452E+01, 1.224304428E+05
       891, 2.885689726E-03, 8.497404866E-03, 6.000000238E-01, 2.882183186E-03, 8.498871501E-03, 5.966666667E-01, 2.360896041E-07, 0.000000000E+00, 2.846647597E+02, 4.263151339E+02, 8.280178304E-01, 2.609842999E+01, 2.609843007E+01, 1.295699356E+05
       892, 1.782557811E-03, 8.958524093E-03, 6.000000238E-01, 1.780342292E-03, 8.959200585E-03, 5.966666667E-01, 2.043606279E-07, 0.000000000E+00, 2.589271962E+02, 4.340841570E+02, 8.131983778E-01, 2.510457347E+01, 2.510457353E+01, 1.374805720E+05
       893, 6.071232492E-04, 9.260453284E-03, 6.000000238E-01, 6.063711647E-04, 9.260684213E-03, 5.966666667E-01, 1.741525043E-07, 0.000000000E+00, 2.312242870E+02, 4.428398732E+02, 7.971200283E-01, 2.394667267E+01, 2.394667272E+01, 1.464060151E+05
       894,-6.156464806E-04, 9.390952997E-03, 6.000000238E-01,-6.148905311E-04, 9.391124608E-03, 5.966666667E-01, 1.460673470E-07, 0.000000000E+00, 2.015017353E+02, 4.527854473E+02, 7.796110374E-01, 2.258475346E+01, 2.258475349E+01, 1.565575557E+05
       895,-1.858675038E-03, 9.342581034E-03, 6.000000238E-01,-1.856426874E-03, 9.343093632E-03, 5.966666667E-01, 1.205761273E-07, 0.000000000E+00, 1.697814081E+02, 4.641826520E+02, 7.604690325E-01, 2.096392646E+01, 2.096392649E+01, 1.682115067E+05
       896,-3.093888052E-03, 9.113042615E-03, 6.000000238E-01,-3.090302661E-03, 9.114275393E-03, 5.966666667E-01, 9.798562009E-08, 0.000000000E+00, 1.363868453E+02, 4.773119218E+02, 7.395510486E-01, 1.901593175E+01, 1.901593176E+01, 1.816655226E+05
       897,-4.293161444E-03, 8.704768494E-03, 6.000000238E-01,-4.288791309E-03, 8.706908260E-03, 5.966666667E-01, 7.855743457E-08, 0.000000000E+00, 1.026308671E+02, 4.922073159E+02, 7.171704297E-01, 1.669589180E+01, 1.669589181E+01, 1.969669165E+05
       898,-5.428988487E-03, 8.124539629E-03, 6.000000238E-01,-5.425154172E-03, 8.127088957E-03, 5.966666667E-01, 6.262918632E-08, 0.000000000E+00, 7.153448029E+01, 5.081147159E+02, 6.947181832E-01, 1.407972214E+01, 1.407972214E+01, 2.133526580E+05
       899,-6.475529168E-03, 7.383781951E-03, 6.000000238E-01,-6.474031730E-03, 7.385106838E-03, 5.966666667E-01, 5.049871962E-08, 0.000000000E+00, 4.670116838E+01, 5.233676887E+02, 6.744713896E-01, 1.142589892E+01, 1.142589892E+01, 2.291112400E+05
       900,-7.410737220E-03, 6.499139592E-03, 6.000000238E-01,-7.412059797E-03, 6.497640196E-03, 5.966666667E-01, 4.191873041E-08, 0.000000000E+00, 2.976533286E+01, 5.362714438E+02, 6.582422696E-01, 9.072602312E+00, 9.072602314E+00, 2.424790646E+05
       901,-8.217886090E-03, 5.491174292E-03, 6.000000238E-01,-8.220438001E-03, 5.487341261E-03, 5.966666667E-01, 3.584014529E-08, 0.000000000E+00, 1.909416564E+01, 5.466041176E+02, 6.457992557E-01, 7.130948198E+00, 7.130948199E+00, 2.532073513E+05
       902,-8.884223178E-03, 4.381332546E-03, 6.000000238E-01,-8.886368374E-03, 4.376965094E-03, 5.966666667E-01, 3.102911749E-08, 0.000000000E+00, 1.217734086E+01, 5.553078734E+02, 6.356771607E-01, 5.467969255E+00, 5.467969255E+00, 2.622612032E+05
       903,-9.398832917E-03, 3.190537449E-03, 6.000000238E-01,-9.400049543E-03, 3.186946779E-03, 5.966666667E-01, 2.675387571E-08, 0.000000000E+00, 7.629812568E+00, 5.630380011E+02, 6.269497469E-01, 3.976010417E+00, 3.976010417E+00, 2.703161358E+05
       904,-9.752355516E-03, 1.939888927E-03, 6.000000238E-01,-9.752806264E-03, 1.937628694E-03, 5.966666667E-01, 2.279369991E-08, 0.000000000E+00, 4.822938814E+00, 5.699383715E+02, 6.193591270E-01, 2.634212671E+00, 2.634212671E+00, 2.775175514E+05
       905,-9.937800467E-03, 6.513623521E-04, 6.000000238E-01,-9.937852367E-03, 6.505985964E-04, 5.966666667E-01, 1.914877724E-08, 0.000000000E+00, 3.323389624E+00, 5.759610296E+02, 6.128826676E-01, 1.455747228E+00, 1.455747228E+00, 2.838115238E+05
       906,-9.951171465E-03,-6.522356416E-04, 6.000000238E-01,-9.951222830E-03,-6.514718526E-04, 5.966666667E-01, 1.585883018E-08, 0.000000000E+00, 2.736452571E+00, 5.810559730E+02, 6.075086544E-01, 4.534580738E-01, 4.534580738E-01, 2.891422197E+05
       907, 6.412466988E-03,-7.311786059E-03, 6.000000238E-01, 6.410977487E-03,-7.313120018E-03, 5.966666667E-01, 7.310300995E-08, 0.000000000E+00, 9.369043874E+01, 4.965266834E+02, 7.109316459E-01, 1.600146078E+01, 1.600146079E+01, 2.014114854E+05
       908, 5.428988487E-03,-8.124539629E-03, 6.000000238E-01, 5.425154172E-03,-8.127088957E-03, 5.966666667E-01, 6.262918632E-08, 0.000000000E+00, 7.153448029E+01, 5.081147159E+02, 6.947181832E-01, 1.407972214E+01, 1.407972214E+01, 2.133526580E+05
       909, 4.338606726E-03,-8.797262795E-03, 6.000000238E-01, 4.334236457E-03,-8.799402774E-03, 5.966666667E-01, 5.430805761E-08, 0.000000000E+00, 5.268795929E+01, 5.193781654E+02, 6.796522376E-01, 1.213153636E+01, 1.213153636E+01, 2.249849775E+05
       910, 3.163827816E-03,-9.319853038E-03, 6.000000238E-01, 3.160236928E-03,-9.321069208E-03, 5.966666667E-01, 4.689060813E-08, 0.000000000E+00, 3.634751092E+01, 5.308756105E+02, 6.649326608E-01, 1.006397091E+01, 1.006397091E+01, 2.368851249E+05
       911, 1.926104189E-03,-9.682803415E-03, 6.000000238E-01, 1.923844518E-03,-9.683256701E-03, 5.966666667E-01, 4.000079683E-08, 0.000000000E+00, 2.320999930E+01, 5.422928254E+02, 6.509334362E-01, 7.943364478E+00, 7.943364479E+00, 2.487283942E+05
       912, 6.474863039E-04,-9.878453799E-03, 6.000000238E-01, 6.467227778E-04,-9.878509538E-03, 5.966666667E-01, 3.364350892E-08, 0.000000000E+00, 1.390404747E+01, 5.528871450E+02, 6.384603720E-01, 5.931162929E+00, 5.931162930E+00, 2.597414635E+05
       913,-6.490298547E-04,-9.902087972E-03, 6.000000238E-01,-6.482662141E-04,-9.902141157E-03, 5.966666667E-01, 2.789235651E-08, 0.000000000E+00, 8.073360677E+00, 5.621532348E+02, 6.279364957E-01, 4.146961400E+00, 4.146961400E+00, 2.693935270E+05
       914,-1.939888927E-03,-9.752355516E-03, 6.000000238E-01,-1.937628694E-03,-9.752806264E-03, 5.966666667E-01, 2.279369991E-08, 0.000000000E+00, 4.822938814E+00, 5.699383715E+02, 6.193591270E-01, 2.634212671E+00, 2.634212671E+00, 2.775175514E+05
       915,-3.201532410E-03,-9.431344457E-03, 6.000000238E-01,-3.197942209E-03,-9.432562745E-03, 5.966666667E-01, 1.836444110E-08, 0.000000000E+00, 3.270991893E+00, 5.762666980E+02, 6.125575770E-01, 1.395875177E+00, 1.395875177E+00, 2.841311751E+05
       916,-4.410951864E-03,-8.944506757E-03, 6.000000238E-01,-4.406587631E-03,-8.946659126E-03, 5.966666667E-01, 1.461798511E-08, 0.000000000E+00, 2.727482834E+00, 5.812356591E+02, 6.073208461E-01, 4.179900970E-01, 4.179900970E-01, 2.893303245E+05
       917, 7.311786059E-03,-6.412466522E-03, 6.000000238E-01, 7.313120018E-03,-6.410977487E-03, 5.966666667E-01, 7.310300995E-08, 0.000000000E+00, 9.369043874E+01, 4.965266834E+02, 7.109316459E-01, 1.600146078E+01, 1.600146079E+01, 2.014114854E+05
       918, 6.281361915E-03, 5.509903654E-03, 6.000000238E-01, 6.283391011E-03, 5.509023730E-03, 5.966666667E-01, 3.468123825E-07, 0.000000000E+00, 3.590246663E+02, 4.053525696E+02, 8.708382745E-01, 2.860807218E+01, 2.860807236E+01, 1.082674269E+05
       919, 7.152483799E-03, 4.781426396E-03, 6.000000238E-01, 7.155431648E-03, 4.777857355E-03, 5.966666667E-01, 3.045101533E-07, 0.000000000E+00, 3.326248870E+02, 4.125827868E+02, 8.555774588E-01, 2.777235553E+01, 2.777235566E+01, 1.156079444E+05
       920, 7.891708985E-03, 3.893682733E-03, 6.000000238E-01, 7.894124023E-03, 3.889447630E-03, 5.966666667E-01, 2.690505708E-07, 0.000000000E+00, 3.088021516E+02, 4.192963143E+02, 8.418784526E-01, 2.696771441E+01, 2.696771452E+01, 1.224304428E+05
       921, 8.497404866E-03, 2.885689726E-03, 6.000000238E-01, 8.498871501E-03, 2.882183186E-03, 5.966666667E-01, 2.360896041E-07, 0.000000000E+00, 2.846647597E+02, 4.263151339E+02, 8.280178304E-01, 2.609842999E+01, 2.609843007E+01, 1.295699356E+05
       922, 8.958524093E-03, 1.782557811E-03, 6.000000238E-01, 8.959200585E-03, 1.780342292E-03, 5.966666667E-01, 2.043606279E-07, 0.000000000E+00, 2.589271962E+02, 4.340841570E+02, 8.131983778E-01, 2.510457347E+01, 2.510457353E+01, 1.374805720E+05
       923, 9.260453284E-03, 6.071232492E-04, 6.000000238E-01, 9.260684213E-03, 6.063711647E-04, 5.966666667E-01, 1.741525043E-07, 0.000000000E+00, 2.312242870E+02, 4.428398732E+02, 7.971200283E-01, 2.394667267E+01, 2.394667272E+01, 1.464060151E+05
       924, 9.390952997E-03,-6.156464806E-04, 6.000000238E-01, 9.391124608E-03,-6.148905311E-04, 5.966666667E-01, 1.460673470E-07, 0.000000000E+00, 2.015017353E+02, 4.527854473E+02, 7.796110374E-01, 2.258475346E+01, 2.258475349E+01, 1.565575557E+05
       925, 9.342581034E-03,-1.858675038E-03, 6.000000238E-01, 9.343093632E-03,-1.856426874E-03, 5.966666667E-01, 1.205761273E-07, 0.000000000E+00, 1.697814081E+02, 4.641826520E+02, 7.604690325E-01, 2.096392646E+01, 2.096392649E+01, 1.682115067E+05
       926, 9.113042615E-03,-3.093888052E-03, 6.000000238E-01, 9.114275393E-03,-3.090302661E-03, 5.966666667E-01, 9.798562009E-08, 0.000000000E+00, 1.363868453E+02, 4.773119218E+02, 7.395510486E-01, 1.901593175E+01, 1.901593176E+01, 1.816655226E+05
       927, 8.704768494E-03,-4.293161444E-03, 6.000000238E-01, 8.706908260E-03,-4.288791309E-03, 5.966666667E-01, 7.855743457E-08, 0.000000000E+00, 1.026308671E+02, 4.922073159E+02, 7.171704297E-01, 1.669589180E+01, 1.669589181E+01, 1.969669165E+05
       928, 8.124539629E-03,-5.428988952E-03, 6.000000238E-01, 8.127088957E-03,-5.425154172E-03, 5.966666667E-01, 6.262918632E-08, 0.000000000E+00, 7.153448029E+01, 5.081147159E+02, 6.947181832E-01, 1.407972214E+01, 1.407972214E+01, 2.133526580E+05
       929, 5.700492766E-03, 6.498950534E-03, 6.000000238E-01, 5.699396801E-03, 6.500733277E-03, 5.966666667E-01, 2.967697208E-07, 0.000000000E+00, 3.276862398E+02, 4.139643100E+02, 8.527221399E-01, 2.760982273E+01, 2.760982286E+01, 1.170113763E+05
       930, 4.918168299E-03, 7.357746828E-03, 6.000000238E-01, 4.914494892E-03, 7.360538266E-03, 5.966666667E-01, 2.590697426E-07, 0.000000000E+00, 3.019877128E+02, 4.212628173E+02, 8.379484678E-01, 2.672831315E+01, 2.672831326E+01, 1.244300600E+05
       931, 3.987634555E-03, 8.082929067E-03, 6.000000238E-01, 3.983343796E-03, 8.085230901E-03, 5.966666667E-01, 2.279101291E-07, 0.000000000E+00, 2.786290885E+02, 4.281179623E+02, 8.245310016E-01, 2.587213305E+01, 2.587213313E+01, 1.314048729E+05
       932, 2.944422420E-03, 8.671076968E-03, 6.000000238E-01, 2.940883713E-03, 8.672447440E-03, 5.966666667E-01, 1.992521786E-07, 0.000000000E+00, 2.547847488E+02, 4.353730271E+02, 8.107910007E-01, 2.493776197E+01, 2.493776203E+01, 1.387937528E+05
       933, 1.812869683E-03, 9.111465886E-03, 6.000000238E-01, 1.810638555E-03, 9.112063680E-03, 5.966666667E-01, 1.719068602E-07, 0.000000000E+00, 2.291835879E+02, 4.435071157E+02, 7.959207863E-01, 2.385747201E+01, 2.385747205E+01, 1.470866320E+05
       934, 6.156464806E-04, 9.390952997E-03, 6.000000238E-01, 6.148905311E-04, 9.391124608E-03, 5.966666667E-01, 1.460673470E-07, 0.000000000E+00, 2.015017353E+02, 4.527854473E+02, 7.796110374E-01, 2.258475346E+01, 2.258475349E+01, 1.565575557E+05
       935,-6.226958358E-04, 9.498885833E-03, 6.000000238E-01,-6.219373155E-04, 9.499018234E-03, 5.966666667E-01, 1.221974655E-07, 0.000000000E+00, 1.717382350E+02, 4.634489936E+02, 7.616728856E-01, 2.106964797E+01, 2.106964800E+01, 1.674606170E+05
       936,-1.875824411E-03, 9.429111145E-03, 6.000000238E-01,-1.873571942E-03, 9.429600941E-03, 5.966666667E-01, 1.006492001E-07, 0.000000000E+00, 1.401246944E+02, 4.757679972E+02, 7.419509810E-01, 1.924869339E+01, 1.924869341E+01, 1.800818000E+05
       937,-3.116618609E-03, 9.180256166E-03, 6.000000238E-01,-3.113030388E-03, 9.181480693E-03, 5.966666667E-01, 8.163899926E-08, 0.000000000E+00, 1.075227828E+02, 4.899156786E+02, 7.205250775E-01, 1.705972785E+01, 1.705972786E+01, 1.946102171E+05
       938,-4.318034276E-03, 8.755392395E-03, 6.000000238E-01,-4.313664092E-03, 8.757531837E-03, 5.966666667E-01, 6.535047198E-08, 0.000000000E+00, 7.606973511E+01, 5.056119594E+02, 6.981570070E-01, 1.450016673E+01, 1.450016674E+01, 2.107713834E+05
       939,-5.453752819E-03, 8.161712438E-03, 6.000000238E-01,-5.449918207E-03, 8.164262253E-03, 5.966666667E-01, 5.203585803E-08, 0.000000000E+00, 4.910474459E+01, 5.217370766E+02, 6.765793502E-01, 1.171536717E+01, 1.171536717E+01, 2.274243547E+05
       940,-6.499139592E-03, 7.410737686E-03, 6.000000238E-01,-6.497640196E-03, 7.412059797E-03, 5.966666667E-01, 4.191873041E-08, 0.000000000E+00, 2.976533286E+01, 5.362714438E+02, 6.582422696E-01, 9.072602312E+00, 9.072602314E+00, 2.424790646E+05
       941,-7.433031686E-03, 6.518667564E-03, 6.000000238E-01,-7.434352435E-03, 6.517166624E-03, 5.966666667E-01, 3.477427203E-08, 0.000000000E+00, 1.811568184E+01, 5.477075156E+02, 6.444982444E-01, 6.922161211E+00, 6.922161211E+00, 2.543542576E+05
       942,-8.238917217E-03, 5.505185109E-03, 6.000000238E-01,-8.241470760E-03, 5.501352824E-03, 5.966666667E-01, 2.971833269E-08, 0.000000000E+00, 1.137435640E+01, 5.565100152E+02, 6.343040064E-01, 5.237450687E+00, 5.237450687E+00, 2.635129935E+05
       943,-8.903815411E-03, 4.390958697E-03, 6.000000238E-01,-8.905962741E-03, 4.386592356E-03, 5.966666667E-01, 2.572000984E-08, 0.000000000E+00, 7.246485949E+00, 5.638354230E+02, 6.260630635E-01, 3.821759647E+00, 3.821759647E+00, 2.711478118E+05
       944,-9.416626766E-03, 3.196555190E-03, 6.000000238E-01,-9.417844658E-03, 3.192964794E-03, 5.966666667E-01, 2.216939136E-08, 0.000000000E+00, 4.704977997E+00, 5.703111126E+02, 6.189543295E-01, 2.561629355E+00, 2.561629355E+00, 2.779068524E+05
       945,-9.768025950E-03, 1.942994655E-03, 6.000000238E-01,-9.768476459E-03, 1.940734403E-03, 5.966666667E-01, 1.888243994E-08, 0.000000000E+00, 3.305300646E+00, 5.760651381E+02, 6.127719054E-01, 1.435368285E+00, 1.435368285E+00, 2.839203924E+05
       946,-9.951171465E-03, 6.522356416E-04, 6.000000238E-01,-9.951222830E-03, 6.514718526E-04, 5.966666667E-01, 1.585883018E-08, 0.000000000E+00, 2.736452571E+00, 5.810559730E+02, 6.075086544E-01, 4.534580738E-01, 4.534580738E-01, 2.891422197E+05
       947, 6.446982268E-03,-7.351191249E-03, 6.000000238E-01, 6.445487996E-03,-7.352519457E-03, 5.966666667E-01, 6.078749115E-08, 0.000000000E+00, 6.843729609E+01, 5.098668047E+02, 6.923308774E-01, 1.378313095E+01, 1.378313095E+01, 2.151604600E+05
       948, 5.453752819E-03,-8.161712438E-03, 6.000000238E-01, 5.449918207E-03,-8.164262253E-03, 5.966666667E-01, 5.203585803E-08, 0.000000000E+00, 4.910474459E+01, 5.217370766E+02, 6.765793502E-01, 1.171536717E+01, 1.171536717E+01, 2.274243547E+05
       949, 4.355621058E-03,-8.831892163E-03, 6.000000238E-01, 4.351251833E-03,-8.834034170E-03, 5.966666667E-01, 4.509356319E-08, 0.000000000E+00, 3.390538962E+01, 5.328115948E+02, 6.625166113E-01, 9.709788952E+00, 9.709788954E+00, 2.388915185E+05
       950, 3.174464218E-03,-9.351304732E-03, 6.000000238E-01, 3.170873334E-03,-9.352520785E-03, 5.966666667E-01, 3.891295142E-08, 0.000000000E+00, 2.208680391E+01, 5.434224928E+02, 6.495802749E-01, 7.731091260E+00, 7.731091261E+00, 2.499016347E+05
       951, 1.931593637E-03,-9.710500948E-03, 6.000000238E-01, 1.929333669E-03,-9.710952810E-03, 5.966666667E-01, 3.317836907E-08, 0.000000000E+00, 1.358432013E+01, 5.533203544E+02, 6.379605042E-01, 5.848390026E+00, 5.848390027E+00, 2.601922971E+05
       952, 6.490298547E-04,-9.902087972E-03, 6.000000238E-01, 6.482662141E-04,-9.902141157E-03, 5.966666667E-01, 2.789235651E-08, 0.000000000E+00, 8.073360677E+00, 5.621532348E+02, 6.279364957E-01, 4.146961400E+00, 4.146961400E+00, 2.693935270E+05
       953,-6.503064651E-04,-9.921633638E-03, 6.000000238E-01,-6.495427723E-04,-9.921686597E-03, 5.966666667E-01, 2.311467607E-08, 0.000000000E+00, 4.885151898E+00, 5.697458796E+02, 6.195683812E-01, 2.671669194E+00, 2.671669194E+00, 2.773165195E+05
       954,-1.942994655E-03,-9.768025950E-03, 6.000000238E-01,-1.940734403E-03,-9.768476459E-03, 5.966666667E-01, 1.888243994E-08, 0.000000000E+00, 3.305300646E+00, 5.760651381E+02, 6.127719054E-01, 1.435368285E+00, 1.435368285E+00, 2.839203924E+05
       955,-3.205649089E-03,-9.443516843E-03, 6.000000238E-01,-3.202058951E-03,-9.444735845E-03, 5.966666667E-01, 1.520840476E-08, 0.000000000E+00, 2.731649211E+00, 5.811506203E+02, 6.074097144E-01, 4.348143068E-01, 4.348143068E-01, 2.892413006E+05
       956, 7.351191249E-03,-6.446982268E-03, 6.000000238E-01, 7.352519457E-03,-6.445487996E-03, 5.966666667E-01, 6.078749115E-08, 0.000000000E+00, 6.843729609E+01, 5.098668047E+02, 6.923308774E-01, 1.378313095E+01, 1.378313095E+01, 2.151604600E+05
       957, 6.498950068E-03, 5.700492766E-03, 6.000000238E-01, 6.500733277E-03, 5.699396801E-03, 5.966666667E-01, 2.967697208E-07, 0.000000000E+00, 3.276862398E+02, 4.139643100E+02, 8.527221399E-01, 2.760982273E+01, 2.760982286E+01, 1.170113763E+05
       958, 7.357746828E-03, 4.918168299E-03, 6.000000238E-01, 7.360538266E-03, 4.914494892E-03, 5.966666667E-01, 2.590697426E-07, 0.000000000E+00, 3.019877128E+02, 4.212628173E+02, 8.379484678E-01, 2.672831315E+01, 2.672831326E+01, 1.244300600E+05
       959, 8.082929067E-03, 3.987634555E-03, 6.000000238E-01, 8.085230901E-03, 3.983343796E-03, 5.966666667E-01, 2.279101291E-07, 0.000000000E+00, 2.786290885E+02, 4.281179623E+02, 8.245310016E-01, 2.587213305E+01, 2.587213313E+01, 1.314048729E+05
       960, 8.671076968E-03, 2.944422420E-03, 6.000000238E-01, 8.672447440E-03, 2.940883713E-03, 5.966666667E-01, 1.992521786E-07, 0.000000000E+00, 2.547847488E+02, 4.353730271E+02, 8.107910007E-01, 2.493776197E+01, 2.493776203E+01, 1.387937528E+05
       961, 9.111465886E-03, 1.812869683E-03, 6.000000238E-01, 9.112063680E-03, 1.810638555E-03, 5.966666667E-01, 1.719068602E-07, 0.000000000E+00, 2.291835879E+02, 4.435071157E+02, 7.959207863E-01, 2.385747201E+01, 2.385747205E+01, 1.470866320E+05
       962, 9.390952997E-03, 6.156464806E-04, 6.000000238E-01, 9.391124608E-03, 6.148905311E-04, 5.966666667E-01, 1.460673470E-07, 0.000000000E+00, 2.015017353E+02, 4.527854473E+02, 7.796110374E-01, 2.258475346E+01, 2.258475349E+01, 1.565575557E+05
       963, 9.498885833E-03,-6.226958358E-04, 6.000000238E-01, 9.499018234E-03,-6.219373155E-04, 5.966666667E-01, 1.221974655E-07, 0.000000000E+00, 1.717382350E+02, 4.634489936E+02, 7.616728856E-01, 2.106964797E+01, 2.106964800E+01, 1.674606170E+05
       964, 9.429111145E-03,-1.875824411E-03, 6.000000238E-01, 9.429600941E-03,-1.873571942E-03, 5.966666667E-01, 1.006492001E-07, 0.000000000E+00, 1.401246944E+02, 4.757679972E+02, 7.419509810E-01, 1.924869339E+01, 1.924869341E+01, 1.800818000E+05
       965, 9.180256166E-03,-3.116618609E-03, 6.000000238E-01, 9.181480693E-03,-3.113030388E-03, 5.966666667E-01, 8.163899926E-08, 0.000000000E+00, 1.075227828E+02, 4.899156786E+02, 7.205250775E-01, 1.705972785E+01, 1.705972786E+01, 1.946102171E+05
       966, 8.755392395E-03,-4.318034742E-03, 6.000000238E-01, 8.757531837E-03,-4.313664092E-03, 5.966666667E-01, 6.535047198E-08, 0.000000000E+00, 7.606973511E+01, 5.056119594E+02, 6.981570070E-01, 1.450016673E+01, 1.450016674E+01, 2.107713834E+05
       967, 8.161713369E-03,-5.453752819E-03, 6.000000238E-01, 8.164262253E-03,-5.449918207E-03, 5.966666667E-01, 5.203585803E-08, 0.000000000E+00, 4.910474459E+01, 5.217370766E+02, 6.765793502E-01, 1.171536717E+01, 1.171536717E+01, 2.274243547E+05
       968, 5.858124234E-03, 6.678912789E-03, 6.000000238E-01, 5.856888690E-03, 6.680536249E-03, 5.966666667E-01, 2.522435608E-07, 0.000000000E+00, 2.972068644E+02, 4.226528425E+02, 8.351926138E-01, 2.655768857E+01, 2.655768866E+01, 1.258438187E+05
       969, 5.031264387E-03, 7.527515758E-03, 6.000000238E-01, 5.027525815E-03, 7.530208995E-03, 5.966666667E-01, 2.192070773E-07, 0.000000000E+00, 2.720002248E+02, 4.301154097E+02, 8.207018960E-01, 2.561903979E+01, 2.561903987E+01, 1.334384269E+05
       970, 4.065340385E-03, 8.241083473E-03, 6.000000238E-01, 4.061014975E-03, 8.243315060E-03, 5.966666667E-01, 1.921826129E-07, 0.000000000E+00, 2.488890138E+02, 4.372215594E+02, 8.073630512E-01, 2.469669465E+01, 2.469669471E+01, 1.406775582E+05
       971, 2.992999041E-03, 8.814716712E-03, 6.000000238E-01, 2.989439775E-03, 8.816026455E-03, 5.966666667E-01, 1.675248605E-07, 0.000000000E+00, 2.251280755E+02, 4.448401928E+02, 7.935356068E-01, 2.367842570E+01, 2.367842574E+01, 1.484466162E+05
       972, 1.837939955E-03, 9.237960912E-03, 6.000000238E-01, 1.835698564E-03, 9.238506688E-03, 5.966666667E-01, 1.441536509E-07, 0.000000000E+00, 1.995003541E+02, 4.534823407E+02, 7.784129625E-01, 2.248807862E+01, 2.248807866E+01, 1.572694770E+05
       973, 6.226958358E-04, 9.498885833E-03, 6.000000238E-01, 6.219373155E-04, 9.499018234E-03, 5.966666667E-01, 1.221974655E-07, 0.000000000E+00, 1.717382350E+02, 4.634489936E+02, 7.616728856E-01, 2.106964797E+01, 2.106964800E+01, 1.674606170E+05
       974,-6.285262061E-04, 9.588154964E-03, 6.000000238E-01,-6.277659541E-04, 9.588260775E-03, 5.966666667E-01, 1.020165519E-07, 0.000000000E+00, 1.420122221E+02, 4.749951086E+02, 7.431582471E-01, 1.936466571E+01, 1.936466573E+01, 1.792891496E+05
       975,-1.890008338E-03, 9.500677697E-03, 6.000000238E-01,-1.887753006E-03, 9.501153047E-03, 5.966666667E-01, 8.387634497E-08, 0.000000000E+00, 1.110037298E+02, 4.883131512E+02, 7.228896690E-01, 1.731223379E+01, 1.731223380E+01, 1.929627540E+05
       976,-3.135418752E-03, 9.235847741E-03, 6.000000238E-01,-3.131828757E-03, 9.237066982E-03, 5.966666667E-01, 6.793036436E-08, 0.000000000E+00, 8.033004047E+01, 5.033232579E+02, 7.013316526E-01, 1.488129279E+01, 1.488129280E+01, 2.084119758E+05
       977,-4.338606726E-03, 8.797262795E-03, 6.000000238E-01,-4.334236457E-03, 8.799402774E-03, 5.966666667E-01, 5.430805761E-08, 0.000000000E+00, 5.268795929E+01, 5.193781654E+02, 6.796522376E-01, 1.213153636E+01, 1.213153636E+01, 2.249849775E+05
       978,-5.474234000E-03, 8.192458190E-03, 6.000000238E-01,-5.470400487E-03, 8.195008205E-03, 5.966666667E-01, 4.319958080E-08, 0.000000000E+00, 3.140957410E+01, 5.348681105E+02, 6.599692996E-01, 9.331657217E+00, 9.331657219E+00, 2.410236481E+05
       979,-6.518667564E-03, 7.433031686E-03, 6.000000238E-01,-6.517166624E-03, 7.434352435E-03, 5.966666667E-01, 3.477427203E-08, 0.000000000E+00, 1.811568184E+01, 5.477075156E+02, 6.444982444E-01, 6.922161211E+00, 6.922161211E+00, 2.543542576E+05
       980,-7.451470941E-03, 6.534818560E-03, 6.000000238E-01,-7.452790481E-03, 6.533316761E-03, 5.966666667E-01, 2.883231921E-08, 0.000000000E+00, 1.085311025E+01, 5.573211146E+02, 6.333808698E-01, 5.081792315E+00, 5.081792315E+00, 2.643577708E+05
       981,-8.256312460E-03, 5.516772624E-03, 6.000000238E-01,-8.258866716E-03, 5.512941629E-03, 5.966666667E-01, 2.463118475E-08, 0.000000000E+00, 6.862192323E+00, 5.646697452E+02, 6.251380303E-01, 3.660234962E+00, 3.660234962E+00, 2.720181229E+05
       982,-8.920019493E-03, 4.398920573E-03, 6.000000238E-01,-8.922168987E-03, 4.394554939E-03, 5.966666667E-01, 2.131110749E-08, 0.000000000E+00, 4.549141232E+00, 5.708205228E+02, 6.184019637E-01, 2.462348822E+00, 2.462348822E+00, 2.784389439E+05
       983,-9.431344457E-03, 3.201532410E-03, 6.000000238E-01,-9.432562745E-03, 3.197942209E-03, 5.966666667E-01, 1.836444110E-08, 0.000000000E+00, 3.270991893E+00, 5.762666980E+02, 6.125575770E-01, 1.395875177E+00, 1.395875177E+00, 2.841311751E+05
       984,-9.780986235E-03, 1.945563359E-03, 6.000000238E-01,-9.781437039E-03, 1.943303088E-03, 5.966666667E-01, 1.563795677E-08, 0.000000000E+00, 2.734792574E+00, 5.810882433E+02, 6.074749169E-01, 4.471123616E-01, 4.471123616E-01, 2.891760015E+05
       985, 6.475529168E-03,-7.383781951E-03, 6.000000238E-01, 6.474031730E-03,-7.385106838E-03, 5.966666667E-01, 5.049871962E-08, 0.000000000E+00, 4.670116838E+01, 5.233676887E+02, 6.744713896E-01, 1.142589892E+01, 1.142589892E+01, 2.291112400E+05
       986, 5.474234000E-03,-8.192458190E-03, 6.000000238E-01, 5.470400487E-03,-8.195008205E-03, 5.966666667E-01, 4.319958080E-08, 0.000000000E+00, 3.140957410E+01, 5.348681105E+02, 6.599692996E-01, 9.331657217E+00, 9.331657219E+00, 2.410236481E+05
       987, 4.369693808E-03,-8.860534057E-03, 6.000000238E-01, 4.365325162E-03,-8.862677618E-03, 5.966666667E-01, 3.741666925E-08, 0.000000000E+00, 2.059623067E+01, 5.449735677E+02, 6.477314739E-01, 7.438905078E+00, 7.438905079E+00, 2.515129527E+05
       988, 3.183261491E-03,-9.377317503E-03, 6.000000238E-01, 3.179670627E-03,-9.378534151E-03, 5.966666667E-01, 3.227349030E-08, 0.000000000E+00, 1.297806742E+01, 5.541597569E+02, 6.369941662E-01, 5.687844791E+00, 5.687844792E+00, 2.610659664E+05
       989, 1.936133835E-03,-9.733409621E-03, 6.000000238E-01, 1.933873693E-03,-9.733859999E-03, 5.966666667E-01, 2.750580093E-08, 0.000000000E+00, 7.920169001E+00, 5.624545353E+02, 6.276001171E-01, 4.088773689E+00, 4.088773689E+00, 2.697076952E+05
       990, 6.503064651E-04,-9.921634570E-03, 6.000000238E-01, 6.495427723E-04,-9.921686597E-03, 5.966666667E-01, 2.311467607E-08, 0.000000000E+00, 4.885151898E+00, 5.697458796E+02, 6.195683812E-01, 2.671669194E+00, 2.671669194E+00, 2.773165195E+05
       991,-6.513623521E-04,-9.937800467E-03, 6.000000238E-01,-6.505985964E-04,-9.937852367E-03, 5.966666667E-01, 1.914877724E-08, 0.000000000E+00, 3.323389624E+00, 5.759610296E+02, 6.128826676E-01, 1.455747228E+00, 1.455747228E+00, 2.838115238E+05
       992,-1.945563359E-03,-9.780986235E-03, 6.000000238E-01,-1.943303088E-03,-9.781437039E-03, 5.966666667E-01, 1.563795677E-08, 0.000000000E+00, 2.734792574E+00, 5.810882433E+02, 6.074749169E-01, 4.471123616E-01, 4.471123616E-01, 2.891760015E+05
       993, 7.383781951E-03,-6.475529168E-03, 6.000000238E-01, 7.385106838E-03,-6.474031730E-03, 5.966666667E-01, 5.049871962E-08, 0.000000000E+00, 4.670116838E+01, 5.233676887E+02, 6.744713896E-01, 1.142589892E+01, 1.142589892E+01, 2.291112400E+05
       994, 6.678912789E-03, 5.858124699E-03, 6.000000238E-01, 6.680536249E-03, 5.856888690E-03, 5.966666667E-01, 2.522435608E-07, 0.000000000E+00, 2.972068644E+02, 4.226528425E+02, 8.351926138E-01, 2.655768857E+01, 2.655768866E+01, 1.258438187E+05
       995, 7.527515758E-03, 5.031264387E-03, 6.000000238E-01, 7.530208995E-03, 5.027525815E-03, 5.966666667E-01, 2.192070773E-07, 0.000000000E+00, 2.720002248E+02, 4.301154097E+02, 8.207018960E-01, 2.561903979E+01, 2.561903987E+01, 1.334384269E+05
       996, 8.241083473E-03, 4.065340385E-03, 6.000000238E-01, 8.243315060E-03, 4.061014975E-03, 5.966666667E-01, 1.921826129E-07, 0.000000000E+00, 2.488890138E+02, 4.372215594E+02, 8.073630512E-01, 2.469669465E+01, 2.469669471E+01, 1.406775582E+05
       997, 8.814716712E-03, 2.992999274E-03, 6.000000238E-01, 8.816026455E-03, 2.989439775E-03, 5.966666667E-01, 1.675248605E-07, 0.000000000E+00, 2.251280755E+02, 4.448401928E+02, 7.935356068E-01, 2.367842570E+01, 2.367842574E+01, 1.484466162E+05
       998, 9.237960912E-03, 1.837939955E-03, 6.000000238E-01, 9.238506688E-03, 1.835698564E-03, 5.966666667E-01, 1.441536509E-07, 0.000000000E+00, 1.995003541E+02, 4.534823407E+02, 7.784129625E-01, 2.248807862E+01, 2.248807866E+01, 1.572694770E+05
       999, 9.498885833E-03, 6.226958358E-04, 6.000000238E-01, 9.499018234E-03, 6.219373155E-04, 5.966666667E-01, 1.221974655E-07, 0.000000000E+00, 1.717382350E+02, 4.634489936E+02, 7.616728856E-01, 2.106964797E+01, 2.106964800E+01, 1.674606170E+05
      1000, 9.588155895E-03,-6.285262061E-04, 6.000000238E-01, 9.588260775E-03,-6.277659541E-04, 5.966666667E-01, 1.020165519E-07, 0.000000000E+00, 1.420122221E+02, 4.749951086E+02, 7.431582471E-01, 1.936466571E+01, 1.936466573E+01, 1.792891496E+05
      1001, 9.500677697E-03,-1.890008454E-03, 6.000000238E-01, 9.501153047E-03,-1.887753006E-03, 5.966666667E-01, 8.387634497E-08, 0.000000000E+00, 1.110037298E+02, 4.883131512E+02, 7.228896690E-01, 1.731223379E+01, 1.731223380E+01, 1.929627540E+05
      1002, 9.235847741E-03,-3.135418519E-03, 6.000000238E-01, 9.237066982E-03,-3.131828757E-03, 5.966666667E-01, 6.793036436E-08, 0.000000000E+00, 8.033004047E+01, 5.033232579E+02, 7.013316526E-01, 1.488129279E+01, 1.488129280E+01, 2.084119758E+05
      1003, 8.797262795E-03,-4.338606261E-03, 6.000000238E-01, 8.799402774E-03,-4.334236457E-03, 5.966666667E-01, 5.430805761E-08, 0.000000000E+00, 5.268795929E+01, 5.193781654E+02, 6.796522376E-01, 1.213153636E+01, 1.213153636E+01, 2.249849775E+05
      1004, 8.192457259E-03,-5.474234466E-03, 6.000000238E-01, 8.195008205E-03,-5.470400487E-03, 5.966666667E-01, 4.319958081E-08, 0.000000000E+00, 3.140957410E+01, 5.348681105E+02, 6.599692996E-01, 9.331657217E+00, 9.331657219E+00, 2.410236481E+05
      1005, 5.988498218E-03, 6.827756297E-03, 6.000000238E-01, 5.987170983E-03, 6.829274979E-03, 5.966666667E-01, 2.132710886E-07, 0.000000000E+00, 2.673448598E+02, 4.315301353E+02, 8.180113123E-01, 2.543838190E+01, 2.543838197E+01, 1.348790634E+05
      1006, 5.124803632E-03, 7.667928003E-03, 6.000000238E-01, 5.121024606E-03, 7.670560039E-03, 5.966666667E-01, 1.846779659E-07, 0.000000000E+00, 2.424033260E+02, 4.392755750E+02, 8.035878897E-01, 2.442640866E+01, 2.442640872E+01, 1.427713288E+05
      1007, 4.129608627E-03, 8.371889591E-03, 6.000000238E-01, 4.125262651E-03, 8.374078362E-03, 5.966666667E-01, 1.614694825E-07, 0.000000000E+00, 2.193520222E+02, 4.467558160E+02, 7.901330428E-01, 2.341924617E+01, 2.341924621E+01, 1.504013406E+05
      1008, 3.033175599E-03, 8.933518082E-03, 6.000000238E-01, 3.029603419E-03, 8.934789308E-03, 5.966666667E-01, 1.404220580E-07, 0.000000000E+00, 1.955241012E+02, 4.548755258E+02, 7.760288524E-01, 2.229392561E+01, 2.229392564E+01, 1.586929670E+05
      1009, 1.858675038E-03, 9.342581034E-03, 6.000000238E-01, 1.856426874E-03, 9.343093632E-03, 5.966666667E-01, 1.205761273E-07, 0.000000000E+00, 1.697814081E+02, 4.641826520E+02, 7.604690325E-01, 2.096392646E+01, 2.096392649E+01, 1.682115067E+05
      1010, 6.285262061E-04, 9.588155895E-03, 6.000000238E-01, 6.277659541E-04, 9.588260775E-03, 5.966666667E-01, 1.020165519E-07, 0.000000000E+00, 1.420122221E+02, 4.749951086E+02, 7.431582471E-01, 1.936466571E+01, 1.936466573E+01, 1.792891496E+05
      1011,-6.333484198E-04, 9.661988355E-03, 6.000000238E-01,-6.325869569E-04, 9.662075361E-03, 5.966666667E-01, 8.502529593E-08, 0.000000000E+00, 1.127691279E+02, 4.875088587E+02, 7.240822930E-01, 1.743835581E+01, 1.743835583E+01, 1.921360828E+05
      1012,-1.901739626E-03, 9.559868835E-03, 6.000000238E-01,-1.899482356E-03, 9.560334761E-03, 5.966666667E-01, 6.980432592E-08, 0.000000000E+00, 8.339644911E+01, 5.017102160E+02, 7.035864948E-01, 1.514794171E+01, 1.514794171E+01, 2.067497308E+05
      1013,-3.150967648E-03, 9.281825274E-03, 6.000000238E-01,-3.147376986E-03, 9.283042693E-03, 5.966666667E-01, 5.646317080E-08, 0.000000000E+00, 5.612149738E+01, 5.171904918E+02, 6.825271111E-01, 1.251463586E+01, 1.251463586E+01, 2.227236736E+05
      1014,-4.355621058E-03, 8.831892163E-03, 6.000000238E-01,-4.351251833E-03, 8.834034170E-03, 5.966666667E-01, 4.509356319E-08, 0.000000000E+00, 3.390538962E+01, 5.328115948E+02, 6.625166113E-01, 9.709788952E+00, 9.709788954E+00, 2.388915185E+05
      1015,-5.491174292E-03, 8.217886090E-03, 6.000000238E-01,-5.487341261E-03, 8.220438001E-03, 5.966666667E-01, 3.584014529E-08, 0.000000000E+00, 1.909416564E+01, 5.466041176E+02, 6.457992557E-01, 7.130948198E+00, 7.130948199E+00, 2.532073513E+05
      1016,-6.534818560E-03, 7.451470941E-03, 6.000000238E-01,-6.533316761E-03, 7.452790481E-03, 5.966666667E-01, 2.883231921E-08, 0.000000000E+00, 1.085311025E+01, 5.573211146E+02, 6.333808698E-01, 5.081792315E+00, 5.081792315E+00, 2.643577708E+05
      1017,-7.466720883E-03, 6.548176520E-03, 6.000000238E-01,-7.468040382E-03, 6.546674358E-03, 5.966666667E-01, 2.389533636E-08, 0.000000000E+00, 6.612734733E+00, 5.652324076E+02, 6.245157347E-01, 3.551259342E+00, 3.551259343E+00, 2.726051425E+05
      1018,-8.270698600E-03, 5.526356865E-03, 6.000000238E-01,-8.273254679E-03, 5.522526575E-03, 5.966666667E-01, 2.040734664E-08, 0.000000000E+00, 4.392789604E+00, 5.713535088E+02, 6.178250888E-01, 2.358391389E+00, 2.358391389E+00, 2.789957218E+05
      1019,-8.933422156E-03, 4.405505490E-03, 6.000000238E-01,-8.935572936E-03, 4.401140675E-03, 5.966666667E-01, 1.765238712E-08, 0.000000000E+00, 3.225627268E+00, 5.765421025E+02, 6.122649686E-01, 1.341850191E+00, 1.341850191E+00, 2.844191955E+05
      1020,-9.443516843E-03, 3.205649089E-03, 6.000000238E-01,-9.444735845E-03, 3.202058951E-03, 5.966666667E-01, 1.520840476E-08, 0.000000000E+00, 2.731649211E+00, 5.811506203E+02, 6.074097144E-01, 4.348143068E-01, 4.348143068E-01, 2.892413006E+05
      1021, 6.499139592E-03,-7.410737686E-03, 6.000000238E-01, 6.497640196E-03,-7.412059797E-03, 5.966666667E-01, 4.191873041E-08, 0.000000000E+00, 2.976533286E+01, 5.362714438E+02, 6.582422696E-01, 9.072602312E+00, 9.072602314E+00, 2.424790646E+05
      1022, 5.491174292E-03,-8.217886090E-03, 6.000000238E-01, 5.487341261E-03,-8.220438001E-03, 5.966666667E-01, 3.584014529E-08, 0.000000000E+00, 1.909416564E+01, 5.466041176E+02, 6.457992557E-01, 7.130948198E+00, 7.130948199E+00, 2.532073513E+05
      1023, 4.381332546E-03,-8.884223178E-03, 6.000000238E-01, 4.376965094E-03,-8.886368374E-03, 5.966666667E-01, 3.102911749E-08, 0.000000000E+00, 1.217734086E+01, 5.553078734E+02, 6.356771607E-01, 5.467969255E+00, 5.467969255E+00, 2.622612032E+05
      1024, 3.190537449E-03,-9.398832917E-03, 6.000000238E-01, 3.186946779E-03,-9.400049543E-03, 5.966666667E-01, 2.675387571E-08, 0.000000000E+00, 7.629812568E+00, 5.630380011E+02, 6.269497469E-01, 3.976010417E+00, 3.976010417E+00, 2.703161358E+05
      1025, 1.939888927E-03,-9.752355516E-03, 6.000000238E-01, 1.937628694E-03,-9.752806264E-03, 5.966666667E-01, 2.279369991E-08, 0.000000000E+00, 4.822938814E+00, 5.699383715E+02, 6.193591270E-01, 2.634212671E+00, 2.634212671E+00, 2.775175514E+05
      1026, 6.513623521E-04,-9.937800467E-03, 6.000000238E-01, 6.505985964E-04,-9.937852367E-03, 5.966666667E-01, 1.914877724E-08, 0.000000000E+00, 3.323389624E+00, 5.759610296E+02, 6.128826676E-01, 1.455747228E+00, 1.455747228E+00, 2.838115238E+05
      1027,-6.522356416E-04,-9.951171465E-03, 6.000000238E-01,-6.514718526E-04,-9.951222830E-03, 5.966666667E-01, 1.585883018E-08, 0.000000000E+00, 2.736452571E+00, 5.810559730E+02, 6.075086544E-01, 4.534580738E-01, 4.534580738E-01, 2.891422197E+05
      1028, 7.410737220E-03,-6.499139592E-03, 6.000000238E-01, 7.412059797E-03,-6.497640196E-03, 5.966666667E-01, 4.191873041E-08, 0.000000000E+00, 2.976533286E+01, 5.362714438E+02, 6.582422696E-01, 9.072602312E+00, 9.072602314E+00, 2.424790646E+05
      1029, 6.827756297E-03, 5.988498218E-03, 6.000000238E-01, 6.829274979E-03, 5.987170983E-03, 5.966666667E-01, 2.132710886E-07, 0.000000000E+00, 2.673448598E+02, 4.315301353E+02, 8.180113123E-01, 2.543838190E+01, 2.543838197E+01, 1.348790634E+05
      1030, 7.667927537E-03, 5.124803632E-03, 6.000000238E-01, 7.670560039E-03, 5.121024606E-03, 5.966666667E-01, 1.846779659E-07, 0.000000000E+00, 2.424033260E+02, 4.392755750E+02, 8.035878897E-01, 2.442640866E+01, 2.442640872E+01, 1.427713288E+05
      1031, 8.371889591E-03, 4.129608627E-03, 6.000000238E-01, 8.374078362E-03, 4.125262651E-03, 5.966666667E-01, 1.614694825E-07, 0.000000000E+00, 2.193520222E+02, 4.467558160E+02, 7.901330428E-01, 2.341924617E+01, 2.341924621E+01, 1.504013406E+05
      1032, 8.933518082E-03, 3.033175832E-03, 6.000000238E-01, 8.934789308E-03, 3.029603419E-03, 5.966666667E-01, 1.404220580E-07, 0.000000000E+00, 1.955241012E+02, 4.548755258E+02, 7.760288524E-01, 2.229392561E+01, 2.229392564E+01, 1.586929670E+05
      1033, 9.342581034E-03, 1.858675038E-03, 6.000000238E-01, 9.343093632E-03, 1.856426874E-03, 5.966666667E-01, 1.205761273E-07, 0.000000000E+00, 1.697814081E+02, 4.641826520E+02, 7.604690325E-01, 2.096392646E+01, 2.096392649E+01, 1.682115067E+05
      1034, 9.588154964E-03, 6.285262061E-04, 6.000000238E-01, 9.588260775E-03, 6.277659541E-04, 5.966666667E-01, 1.020165519E-07, 0.000000000E+00, 1.420122221E+02, 4.749951086E+02, 7.431582471E-01, 1.936466571E+01, 1.936466573E+01, 1.792891496E+05
      1035, 9.661988355E-03,-6.333483616E-04, 6.000000238E-01, 9.662075361E-03,-6.325869569E-04, 5.966666667E-01, 8.502529593E-08, 0.000000000E+00, 1.127691279E+02, 4.875088587E+02, 7.240822930E-01, 1.743835581E+01, 1.743835583E+01, 1.921360828E+05
      1036, 9.559868835E-03,-1.901739626E-03, 6.000000238E-01, 9.560334761E-03,-1.899482356E-03, 5.966666667E-01, 6.980432592E-08, 0.000000000E+00, 8.339644911E+01, 5.017102160E+02, 7.035864948E-01, 1.514794171E+01, 1.514794171E+01, 2.067497308E+05
      1037, 9.281825274E-03,-3.150967648E-03, 6.000000238E-01, 9.283042693E-03,-3.147376986E-03, 5.966666667E-01, 5.646317080E-08, 0.000000000E+00, 5.612149738E+01, 5.171904918E+02, 6.825271111E-01, 1.251463586E+01, 1.251463586E+01, 2.227236736E+05
      1038, 8.831892163E-03,-4.355621058E-03, 6.000000238E-01, 8.834034170E-03,-4.351251833E-03, 5.966666667E-01, 4.509356319E-08, 0.000000000E+00, 3.390538962E+01, 5.328115948E+02, 6.625166113E-01, 9.709788952E+00, 9.709788954E+00, 2.388915185E+05
      1039, 8.217886090E-03,-5.491174292E-03, 6.000000238E-01, 8.220438001E-03,-5.487341261E-03, 5.966666667E-01, 3.584014529E-08, 0.000000000E+00, 1.909416564E+01, 5.466041176E+02, 6.457992557E-01, 7.130948198E+00, 7.130948199E+00, 2.532073513E+05
      1040, 6.096327212E-03, 6.950860843E-03, 6.000000238E-01, 6.094940074E-03, 6.952311176E-03, 5.966666667E-01, 1.795699249E-07, 0.000000000E+00, 2.378438158E+02, 4.407336051E+02, 8.009294688E-01, 2.423311342E+01, 2.423311347E+01, 1.442579373E+05
      1041, 5.202168133E-03, 7.784059271E-03, 6.000000238E-01, 5.198364054E-03, 7.786654290E-03, 5.966666667E-01, 1.550528610E-07, 0.000000000E+00, 2.129924637E+02, 4.488895313E+02, 7.863772882E-01, 2.312802417E+01, 2.312802421E+01, 1.525792135E+05
      1042, 4.182763863E-03, 8.480075747E-03, 6.000000238E-01, 4.178405407E-03, 8.482239820E-03, 5.966666667E-01, 1.352713025E-07, 0.000000000E+00, 1.898619342E+02, 4.568801743E+02, 7.726238785E-01, 2.201253868E+01, 2.201253871E+01, 1.607418341E+05
      1043, 3.066404955E-03, 9.031775407E-03, 6.000000238E-01, 3.062824504E-03, 9.033023194E-03, 5.966666667E-01, 1.174163845E-07, 0.000000000E+00, 1.658974000E+02, 4.656495564E+02, 7.580733781E-01, 2.075156712E+01, 2.075156714E+01, 1.697131547E+05
      1044, 1.875824411E-03, 9.429111145E-03, 6.000000238E-01, 1.873571942E-03, 9.429600941E-03, 5.966666667E-01, 1.006492001E-07, 0.000000000E+00, 1.401246944E+02, 4.757679972E+02, 7.419509810E-01, 1.924869339E+01, 1.924869341E+01, 1.800818000E+05
      1045, 6.333483616E-04, 9.661988355E-03, 6.000000238E-01, 6.325869569E-04, 9.662075361E-03, 5.966666667E-01, 8.502529593E-08, 0.000000000E+00, 1.127691279E+02, 4.875088587E+02, 7.240822930E-01, 1.743835581E+01, 1.743835583E+01, 1.921360828E+05
      1046,-6.373366923E-04, 9.723053314E-03, 6.000000238E-01,-6.365744783E-04, 9.723128476E-03, 5.966666667E-01, 7.076694123E-08, 0.000000000E+00, 8.496233921E+01, 5.008968681E+02, 7.047289667E-01, 1.528176468E+01, 1.528176468E+01, 2.059117703E+05
      1047,-1.911442261E-03, 9.608824737E-03, 6.000000238E-01,-1.909183781E-03, 9.609284356E-03, 5.966666667E-01, 5.802915980E-08, 0.000000000E+00, 5.863216267E+01, 5.156314377E+02, 6.845907880E-01, 1.278590074E+01, 1.278590075E+01, 2.211127308E+05
      1048,-3.163827816E-03, 9.319853038E-03, 6.000000238E-01,-3.160236928E-03, 9.321069208E-03, 5.966666667E-01, 4.689060813E-08, 0.000000000E+00, 3.634751092E+01, 5.308756105E+02, 6.649326608E-01, 1.006397091E+01, 1.006397091E+01, 2.368851249E+05
      1049,-4.369693808E-03, 8.860534057E-03, 6.000000238E-01,-4.365325162E-03, 8.862677618E-03, 5.966666667E-01, 3.741666925E-08, 0.000000000E+00, 2.059623067E+01, 5.449735677E+02, 6.477314739E-01, 7.438905078E+00, 7.438905079E+00, 2.515129527E+05
      1050,-5.505184643E-03, 8.238918148E-03, 6.000000238E-01,-5.501352824E-03, 8.241470760E-03, 5.966666667E-01, 2.971833269E-08, 0.000000000E+00, 1.137435640E+01, 5.565100152E+02, 6.343040064E-01, 5.237450687E+00, 5.237450687E+00, 2.635129935E+05
      1051,-6.548176520E-03, 7.466720883E-03, 6.000000238E-01,-6.546674358E-03, 7.468040382E-03, 5.966666667E-01, 2.389533636E-08, 0.000000000E+00, 6.612734733E+00, 5.652324076E+02, 6.245157347E-01, 3.551259342E+00, 3.551259343E+00, 2.726051425E+05
      1052,-7.479334250E-03, 6.559224799E-03, 6.000000238E-01,-7.480653373E-03, 6.557722250E-03, 5.966666667E-01, 1.979665898E-08, 0.000000000E+00, 4.291207287E+00, 5.717129810E+02, 6.174366230E-01, 2.288256294E+00, 2.288256294E+00, 2.793712759E+05
      1053,-8.282597177E-03, 5.534283351E-03, 6.000000238E-01,-8.285154748E-03, 5.530454140E-03, 5.966666667E-01, 1.690270549E-08, 0.000000000E+00, 3.180081015E+00, 5.768301821E+02, 6.119591922E-01, 1.285272834E+00, 1.285272834E+00, 2.847204896E+05
      1054,-8.944506757E-03, 4.410951864E-03, 6.000000238E-01,-8.946659126E-03, 4.406587631E-03, 5.966666667E-01, 1.461798511E-08, 0.000000000E+00, 2.727482834E+00, 5.812356591E+02, 6.073208461E-01, 4.179900970E-01, 4.179900970E-01, 2.893303245E+05
      1055, 6.518667564E-03,-7.433031686E-03, 6.000000238E-01, 6.517166624E-03,-7.434352435E-03, 5.966666667E-01, 3.477427203E-08, 0.000000000E+00, 1.811568184E+01, 5.477075156E+02, 6.444982444E-01, 6.922161211E+00, 6.922161211E+00, 2.543542576E+05
      1056, 5.505184643E-03,-8.238918148E-03, 6.000000238E-01, 5.501352824E-03,-8.241470760E-03, 5.966666667E-01, 2.971833269E-08, 0.000000000E+00, 1.137435640E+01, 5.565100152E+02, 6.343040064E-01, 5.237450687E+00, 5.237450687E+00, 2.635129935E+05
      1057, 4.390958697E-03,-8.903815411E-03, 6.000000238E-01, 4.386592356E-03,-8.905962741E-03, 5.966666667E-01, 2.572000984E-08, 0.000000000E+00, 7.246485949E+00, 5.638354230E+02, 6.260630635E-01, 3.821759647E+00, 3.821759647E+00, 2.711478118E+05
      1058, 3.196555423E-03,-9.416626766E-03, 6.000000238E-01, 3.192964794E-03,-9.417844658E-03, 5.966666667E-01, 2.216939136E-08, 0.000000000E+00, 4.704977997E+00, 5.703111126E+02, 6.189543295E-01, 2.561629355E+00, 2.561629355E+00, 2.779068524E+05
      1059, 1.942994655E-03,-9.768025950E-03, 6.000000238E-01, 1.940734403E-03,-9.768476459E-03, 5.966666667E-01, 1.888243994E-08, 0.000000000E+00, 3.305300646E+00, 5.760651381E+02, 6.127719054E-01, 1.435368285E+00, 1.435368285E+00, 2.839203924E+05
      1060, 6.522356416E-04,-9.951171465E-03, 6.000000238E-01, 6.514718526E-04,-9.951222830E-03, 5.966666667E-01, 1.585883018E-08, 0.000000000E+00, 2.736452571E+00, 5.810559730E+02, 6.075086544E-01, 4.534580738E-01, 4.534580738E-01, 2.891422197E+05
      1061, 7.433031686E-03,-6.518667564E-03, 6.000000238E-01, 7.434352435E-03,-6.517166624E-03, 5.966666667E-01, 3.477427203E-08, 0.000000000E+00, 1.811568184E+01, 5.477075156E+02, 6.444982444E-01, 6.922161211E+00, 6.922161211E+00, 2.543542576E+05
      1062, 6.950860843E-03, 6.096327212E-03, 6.000000238E-01, 6.952311176E-03, 6.094940074E-03, 5.966666667E-01, 1.795699249E-07, 0.000000000E+00, 2.378438158E+02, 4.407336051E+02, 8.009294688E-01, 2.423311342E+01, 2.423311347E+01, 1.442579373E+05
      1063, 7.784059271E-03, 5.202168133E-03, 6.000000238E-01, 7.786654290E-03, 5.198364054E-03, 5.966666667E-01, 1.550528610E-07, 0.000000000E+00, 2.129924637E+02, 4.488895313E+02, 7.863772882E-01, 2.312802417E+01, 2.312802421E+01, 1.525792135E+05
      1064, 8.480075747E-03, 4.182763863E-03, 6.000000238E-01, 8.482239820E-03, 4.178405407E-03, 5.966666667E-01, 1.352713025E-07, 0.000000000E+00, 1.898619342E+02, 4.568801743E+02, 7.726238785E-01, 2.201253868E+01, 2.201253871E+01, 1.607418341E+05
      1065, 9.031775407E-03, 3.066404955E-03, 6.000000238E-01, 9.033023194E-03, 3.062824504E-03, 5.966666667E-01, 1.174163845E-07, 0.000000000E+00, 1.658974000E+02, 4.656495564E+02, 7.580733781E-01, 2.075156712E+01, 2.075156714E+01, 1.697131547E+05
      1066, 9.429111145E-03, 1.875824411E-03, 6.000000238E-01, 9.429600941E-03, 1.873571942E-03, 5.966666667E-01, 1.006492001E-07, 0.000000000E+00, 1.401246944E+02, 4.757679972E+02, 7.419509810E-01, 1.924869339E+01, 1.924869341E+01, 1.800818000E+05
      1067, 9.661988355E-03, 6.333484198E-04, 6.000000238E-01, 9.662075361E-03, 6.325869569E-04, 5.966666667E-01, 8.502529593E-08, 0.000000000E+00, 1.127691279E+02, 4.875088587E+02, 7.240822930E-01, 1.743835581E+01, 1.743835583E+01, 1.921360828E+05
      1068, 9.723053314E-03,-6.373366923E-04, 6.000000238E-01, 9.723128476E-03,-6.365744783E-04, 5.966666667E-01, 7.076694123E-08, 0.000000000E+00, 8.496233921E+01, 5.008968681E+02, 7.047289667E-01, 1.528176468E+01, 1.528176468E+01, 2.059117703E+05
      1069, 9.608823806E-03,-1.911442145E-03, 6.000000238E-01, 9.609284356E-03,-1.909183781E-03, 5.966666667E-01, 5.802915980E-08, 0.000000000E+00, 5.863216267E+01, 5.156314377E+02, 6.845907880E-01, 1.278590074E+01, 1.278590075E+01, 2.211127308E+05
      1070, 9.319853038E-03,-3.163828049E-03, 6.000000238E-01, 9.321069208E-03,-3.160236928E-03, 5.966666667E-01, 4.689060813E-08, 0.000000000E+00, 3.634751092E+01, 5.308756105E+02, 6.649326608E-01, 1.006397091E+01, 1.006397091E+01, 2.368851249E+05
      1071, 8.860534057E-03,-4.369693808E-03, 6.000000238E-01, 8.862677618E-03,-4.365325162E-03, 5.966666667E-01, 3.741666925E-08, 0.000000000E+00, 2.059623067E+01, 5.449735677E+02, 6.477314739E-01, 7.438905078E+00, 7.438905079E+00, 2.515129527E+05
      1072, 8.238917217E-03,-5.505185109E-03, 6.000000238E-01, 8.241470760E-03,-5.501352824E-03, 5.966666667E-01, 2.971833269E-08, 0.000000000E+00, 1.137435640E+01, 5.565100152E+02, 6.343040064E-01, 5.237450687E+00, 5.237450687E+00, 2.635129935E+05
      1073, 6.185510196E-03, 7.052678149E-03, 6.000000238E-01, 6.184083530E-03, 7.054083136E-03, 5.966666667E-01, 1.506923174E-07, 0.000000000E+00, 2.085200051E+02, 4.504067898E+02, 7.837282659E-01, 2.291941934E+01, 2.291941938E+01, 1.541282630E+05
      1074, 5.266154185E-03, 7.880109362E-03, 6.000000238E-01, 5.262335456E-03, 7.882681769E-03, 5.966666667E-01, 1.298208147E-07, 0.000000000E+00, 1.836315992E+02, 4.591159212E+02, 7.688614486E-01, 2.169598319E+01, 2.169598322E+01, 1.630277503E+05
      1075, 4.226726945E-03, 8.569554426E-03, 6.000000238E-01, 4.222361841E-03, 8.571704354E-03, 5.966666667E-01, 1.130588402E-07, 0.000000000E+00, 1.603759393E+02, 4.677606036E+02, 7.546521224E-01, 2.044372923E+01, 2.044372925E+01, 1.718748815E+05
      1076, 3.093888052E-03, 9.113042615E-03, 6.000000238E-01, 3.090302661E-03, 9.114275393E-03, 5.966666667E-01, 9.798562009E-08, 0.000000000E+00, 1.363868453E+02, 4.773119218E+02, 7.395510486E-01, 1.901593175E+01, 1.901593176E+01, 1.816655226E+05
      1077, 1.890008454E-03, 9.500677697E-03, 6.000000238E-01, 1.887753006E-03, 9.501153047E-03, 5.966666667E-01, 8.387634497E-08, 0.000000000E+00, 1.110037298E+02, 4.883131512E+02, 7.228896690E-01, 1.731223379E+01, 1.731223380E+01, 1.929627540E+05
      1078, 6.373366923E-04, 9.723053314E-03, 6.000000238E-01, 6.365744783E-04, 9.723128476E-03, 5.966666667E-01, 7.076694123E-08, 0.000000000E+00, 8.496233921E+01, 5.008968681E+02, 7.047289667E-01, 1.528176468E+01, 1.528176468E+01, 2.059117703E+05
      1079,-6.406353205E-04, 9.773558937E-03, 6.000000238E-01,-6.398725871E-04, 9.773625966E-03, 5.966666667E-01, 5.883376113E-08, 0.000000000E+00, 5.992655778E+01, 5.148400526E+02, 6.856431050E-01, 1.292301433E+01, 1.292301434E+01, 2.202951927E+05
      1080,-1.919467119E-03, 9.649314918E-03, 6.000000238E-01,-1.917207842E-03, 9.649770629E-03, 5.966666667E-01, 4.819680034E-08, 0.000000000E+00, 3.816467506E+01, 5.294786704E+02, 6.666869734E-01, 1.031837189E+01, 1.031837190E+01, 2.354378455E+05
      1081,-3.174464218E-03, 9.351304732E-03, 6.000000238E-01,-3.170873334E-03, 9.352520785E-03, 5.966666667E-01, 3.891295142E-08, 0.000000000E+00, 2.208680391E+01, 5.434224928E+02, 6.495802749E-01, 7.731091260E+00, 7.731091261E+00, 2.499016347E+05
      1082,-4.381332546E-03, 8.884223178E-03, 6.000000238E-01,-4.376965094E-03, 8.886368374E-03, 5.966666667E-01, 3.102911749E-08, 0.000000000E+00, 1.217734086E+01, 5.553078734E+02, 6.356771607E-01, 5.467969255E+00, 5.467969255E+00, 2.622612032E+05
      1083,-5.516772624E-03, 8.256311528E-03, 6.000000238E-01,-5.512941629E-03, 8.258866716E-03, 5.966666667E-01, 2.463118475E-08, 0.000000000E+00, 6.862192323E+00, 5.646697452E+02, 6.251380303E-01, 3.660234962E+00, 3.660234962E+00, 2.720181229E+05
      1084,-6.559224799E-03, 7.479334250E-03, 6.000000238E-01,-6.557722250E-03, 7.480653373E-03, 5.966666667E-01, 1.979665898E-08, 0.000000000E+00, 4.291207287E+00, 5.717129810E+02, 6.174366230E-01, 2.288256294E+00, 2.288256294E+00, 2.793712759E+05
      1085,-7.489766460E-03, 6.568362005E-03, 6.000000238E-01,-7.491085390E-03, 6.566859797E-03, 5.966666667E-01, 1.639619388E-08, 0.000000000E+00, 3.150447179E+00, 5.770244607E+02, 6.117531514E-01, 1.247098998E+00, 1.247098998E+00, 2.849236903E+05
      1086,-8.292438462E-03, 5.540839862E-03, 6.000000238E-01,-8.294997101E-03, 5.537010900E-03, 5.966666667E-01, 1.399643445E-08, 0.000000000E+00, 2.723305026E+00, 5.813243781E+02, 6.072281597E-01, 4.003698378E-01, 4.003698379E-01, 2.894232028E+05
      1087, 6.534818560E-03,-7.451470941E-03, 6.000000238E-01, 6.533316761E-03,-7.452790481E-03, 5.966666667E-01, 2.883231921E-08, 0.000000000E+00, 1.085311025E+01, 5.573211146E+02, 6.333808698E-01, 5.081792315E+00, 5.081792315E+00, 2.643577708E+05
      1088, 5.516772624E-03,-8.256311528E-03, 6.000000238E-01, 5.512941629E-03,-8.258866716E-03, 5.966666667E-01, 2.463118475E-08, 0.000000000E+00, 6.862192323E+00, 5.646697452E+02, 6.251380303E-01, 3.660234962E+00, 3.660234962E+00, 2.720181229E+05
      1089, 4.398920573E-03,-8.920019493E-03, 6.000000238E-01, 4.394554939E-03,-8.922168987E-03, 5.966666667E-01, 2.131110749E-08, 0.000000000E+00, 4.549141232E+00, 5.708205228E+02, 6.184019637E-01, 2.462348822E+00, 2.462348822E+00, 2.784389439E+05
      1090, 3.201532643E-03,-9.431344457E-03, 6.000000238E-01, 3.197942209E-03,-9.432562745E-03, 5.966666667E-01, 1.836444110E-08, 0.000000000E+00, 3.270991893E+00, 5.762666980E+02, 6.125575770E-01, 1.395875177E+00, 1.395875177E+00, 2.841311751E+05
      1091, 1.945563476E-03,-9.780986235E-03, 6.000000238E-01, 1.943303088E-03,-9.781437039E-03, 5.966666667E-01, 1.563795677E-08, 0.000000000E+00, 2.734792574E+00, 5.810882433E+02, 6.074749169E-01, 4.471123616E-01, 4.471123616E-01, 2.891760015E+05
      1092, 7.451470941E-03,-6.534818560E-03, 6.000000238E-01, 7.452790481E-03,-6.533316761E-03, 5.966666667E-01, 2.883231921E-08, 0.000000000E+00, 1.085311025E+01, 5.573211146E+02, 6.333808698E-01, 5.081792315E+00, 5.081792315E+00, 2.643577708E+05
      1093, 7.052678149E-03, 6.185510661E-03, 6.000000238E-01, 7.054083136E-03, 6.184083530E-03, 5.966666667E-01, 1.506923174E-07, 0.000000000E+00, 2.085200051E+02, 4.504067898E+02, 7.837282659E-01, 2.291941934E+01, 2.291941938E+01, 1.541282630E+05
      1094, 7.880108431E-03, 5.266154185E-03, 6.000000238E-01, 7.882681769E-03, 5.262335456E-03, 5.966666667E-01, 1.298208147E-07, 0.000000000E+00, 1.836315992E+02, 4.591159212E+02, 7.688614486E-01, 2.169598319E+01, 2.169598322E+01, 1.630277503E+05
      1095, 8.569554426E-03, 4.226726945E-03, 6.000000238E-01, 8.571704354E-03, 4.222361841E-03, 5.966666667E-01, 1.130588402E-07, 0.000000000E+00, 1.603759393E+02, 4.677606036E+02, 7.546521224E-01, 2.044372923E+01, 2.044372925E+01, 1.718748815E+05
      1096, 9.113042615E-03, 3.093888052E-03, 6.000000238E-01, 9.114275393E-03, 3.090302661E-03, 5.966666667E-01, 9.798562009E-08, 0.000000000E+00, 1.363868453E+02, 4.773119218E+02, 7.395510486E-01, 1.901593175E+01, 1.901593176E+01, 1.816655226E+05
      1097, 9.500677697E-03, 1.890008338E-03, 6.000000238E-01, 9.501153047E-03, 1.887753006E-03, 5.966666667E-01, 8.387634497E-08, 0.000000000E+00, 1.110037298E+02, 4.883131512E+02, 7.228896690E-01, 1.731223379E+01, 1.731223380E+01, 1.929627540E+05
      1098, 9.723053314E-03, 6.373366923E-04, 6.000000238E-01, 9.723128476E-03, 6.365744783E-04, 5.966666667E-01, 7.076694123E-08, 0.000000000E+00, 8.496233921E+01, 5.008968681E+02, 7.047289667E-01, 1.528176468E+01, 1.528176468E+01, 2.059117703E+05
      1099, 9.773558937E-03,-6.406353787E-04, 6.000000238E-01, 9.773625966E-03,-6.398725871E-04, 5.966666667E-01, 5.883376113E-08, 0.000000000E+00, 5.992655778E+01, 5.148400526E+02, 6.856431050E-01, 1.292301433E+01, 1.292301434E+01, 2.202951927E+05
      1100, 9.649314918E-03,-1.919467119E-03, 6.000000238E-01, 9.649770629E-03,-1.917207842E-03, 5.966666667E-01, 4.819680034E-08, 0.000000000E+00, 3.816467506E+01, 5.294786704E+02, 6.666869734E-01, 1.031837189E+01, 1.031837190E+01, 2.354378455E+05
      1101, 9.351304732E-03,-3.174464218E-03, 6.000000238E-01, 9.352520785E-03,-3.170873334E-03, 5.966666667E-01, 3.891295142E-08, 0.000000000E+00, 2.208680391E+01, 5.434224928E+02, 6.495802749E-01, 7.731091260E+00, 7.731091261E+00, 2.499016347E+05
      1102, 8.884223178E-03,-4.381332546E-03, 6.000000238E-01, 8.886368374E-03,-4.376965094E-03, 5.966666667E-01, 3.102911749E-08, 0.000000000E+00, 1.217734086E+01, 5.553078734E+02, 6.356771607E-01, 5.467969255E+00, 5.467969255E+00, 2.622612032E+05
      1103, 8.256312460E-03,-5.516772624E-03, 6.000000238E-01, 8.258866716E-03,-5.512941629E-03, 5.966666667E-01, 2.463118475E-08, 0.000000000E+00, 6.862192323E+00, 5.646697452E+02, 6.251380303E-01, 3.660234962E+00, 3.660234962E+00, 2.720181229E+05
      1104, 6.259271875E-03, 7.136888802E-03, 6.000000238E-01, 6.257818662E-03, 7.138263953E-03, 5.966666667E-01, 1.261214138E-07, 0.000000000E+00, 1.792545138E+02, 4.607067961E+02, 7.662064794E-01, 2.146907153E+01, 2.146907155E+01, 1.646548718E+05
      1105, 5.319076125E-03, 7.959549315E-03, 6.000000238E-01, 5.315248510E-03, 7.962109559E-03, 5.966666667E-01, 1.084527402E-07, 0.000000000E+00, 1.543175167E+02, 4.701139005E+02, 7.508744836E-01, 2.009754013E+01, 2.009754015E+01, 1.742856194E+05
      1106, 4.263088107E-03, 8.643560112E-03, 6.000000238E-01, 4.258719374E-03, 8.645702847E-03, 5.966666667E-01, 9.431491804E-08, 0.000000000E+00, 1.310949938E+02, 4.795297525E+02, 7.361306163E-01, 1.867907345E+01, 1.867907347E+01, 1.839412737E+05
      1107, 3.116618609E-03, 9.180256166E-03, 6.000000238E-01, 3.113030388E-03, 9.181480693E-03, 5.966666667E-01, 8.163899926E-08, 0.000000000E+00, 1.075227828E+02, 4.899156786E+02, 7.205250775E-01, 1.705972785E+01, 1.705972786E+01, 1.946102171E+05
      1108, 1.901739626E-03, 9.559868835E-03, 6.000000238E-01, 1.899482356E-03, 9.560334761E-03, 5.966666667E-01, 6.980432592E-08, 0.000000000E+00, 8.339644911E+01, 5.017102160E+02, 7.035864948E-01, 1.514794171E+01, 1.514794171E+01, 2.067497308E+05
      1109, 6.406353787E-04, 9.773558937E-03, 6.000000238E-01, 6.398725871E-04, 9.773625966E-03, 5.966666667E-01, 5.883376113E-08, 0.000000000E+00, 5.992655778E+01, 5.148400526E+02, 6.856431050E-01, 1.292301433E+01, 1.292301434E+01, 2.202951927E+05
      1110,-6.433635717E-04, 9.815330617E-03, 6.000000238E-01,-6.426004594E-04, 9.815392538E-03, 5.966666667E-01, 4.886804409E-08, 0.000000000E+00, 3.911185464E+01, 5.287640487E+02, 6.675879973E-01, 1.044810790E+01, 1.044810791E+01, 2.346976230E+05
      1111,-1.926104189E-03, 9.682803415E-03, 6.000000238E-01,-1.923844518E-03, 9.683256701E-03, 5.966666667E-01, 4.000079683E-08, 0.000000000E+00, 2.320999930E+01, 5.422928254E+02, 6.509334362E-01, 7.943364478E+00, 7.943364479E+00, 2.487283942E+05
      1112,-3.183261491E-03, 9.377317503E-03, 6.000000238E-01,-3.179670627E-03, 9.378534151E-03, 5.966666667E-01, 3.227349030E-08, 0.000000000E+00, 1.297806742E+01, 5.541597569E+02, 6.369941662E-01, 5.687844791E+00, 5.687844792E+00, 2.610659664E+05
      1113,-4.390958697E-03, 8.903815411E-03, 6.000000238E-01,-4.386592356E-03, 8.905962741E-03, 5.966666667E-01, 2.572000984E-08, 0.000000000E+00, 7.246485949E+00, 5.638354230E+02, 6.260630635E-01, 3.821759647E+00, 3.821759647E+00, 2.711478118E+05
      1114,-5.526356865E-03, 8.270698600E-03, 6.000000238E-01,-5.522526575E-03, 8.273254679E-03, 5.966666667E-01, 2.040734664E-08, 0.000000000E+00, 4.392789604E+00, 5.713535088E+02, 6.178250888E-01, 2.358391389E+00, 2.358391389E+00, 2.789957218E+05
      1115,-6.568362471E-03, 7.489766926E-03, 6.000000238E-01,-6.566859797E-03, 7.491085390E-03, 5.966666667E-01, 1.639619388E-08, 0.000000000E+00, 3.150447179E+00, 5.770244607E+02, 6.117531514E-01, 1.247098998E+00, 1.247098998E+00, 2.849236903E+05
      1116,-7.498394698E-03, 6.575920153E-03, 6.000000238E-01,-7.499713542E-03, 6.574417313E-03, 5.966666667E-01, 1.357653491E-08, 0.000000000E+00, 2.720558711E+00, 5.813841100E+02, 6.071657725E-01, 3.884805527E-01, 3.884805527E-01, 2.894857360E+05
      1117, 6.548176520E-03,-7.466720883E-03, 6.000000238E-01, 6.546674358E-03,-7.468040382E-03, 5.966666667E-01, 2.389533636E-08, 0.000000000E+00, 6.612734733E+00, 5.652324076E+02, 6.245157347E-01, 3.551259342E+00, 3.551259343E+00, 2.726051425E+05
      1118, 5.526356865E-03,-8.270698600E-03, 6.000000238E-01, 5.522526575E-03,-8.273254679E-03, 5.966666667E-01, 2.040734664E-08, 0.000000000E+00, 4.392789604E+00, 5.713535088E+02, 6.178250888E-01, 2.358391389E+00, 2.358391389E+00, 2.789957218E+05
      1119, 4.405505490E-03,-8.933422156E-03, 6.000000238E-01, 4.401140675E-03,-8.935572936E-03, 5.966666667E-01, 1.765238712E-08, 0.000000000E+00, 3.225627268E+00, 5.765421025E+02, 6.122649686E-01, 1.341850191E+00, 1.341850191E+00, 2.844191955E+05
      1120, 3.205648856E-03,-9.443516843E-03, 6.000000238E-01, 3.202058951E-03,-9.444735845E-03, 5.966666667E-01, 1.520840476E-08, 0.000000000E+00, 2.731649211E+00, 5.811506203E+02, 6.074097144E-01, 4.348143068E-01, 4.348143068E-01, 2.892413006E+05
      1121, 7.466720883E-03,-6.548176520E-03, 6.000000238E-01, 7.468040382E-03,-6.546674358E-03, 5.966666667E-01, 2.389533636E-08, 0.000000000E+00, 6.612734733E+00, 5.652324076E+02, 6.245157347E-01, 3.551259342E+00, 3.551259343E+00, 2.726051425E+05
      1122, 7.136888802E-03, 6.259271875E-03, 6.000000238E-01, 7.138263953E-03, 6.257818662E-03, 5.966666667E-01, 1.261214138E-07, 0.000000000E+00, 1.792545138E+02, 4.607067961E+02, 7.662064794E-01, 2.146907153E+01, 2.146907155E+01, 1.646548718E+05
      1123, 7.959549315E-03, 5.319075659E-03, 6.000000238E-01, 7.962109559E-03, 5.315248510E-03, 5.966666667E-01, 1.084527402E-07, 0.000000000E+00, 1.543175167E+02, 4.701139005E+02, 7.508744836E-01, 2.009754013E+01, 2.009754015E+01, 1.742856194E+05
      1124, 8.643560112E-03, 4.263088573E-03, 6.000000238E-01, 8.645702847E-03, 4.258719374E-03, 5.966666667E-01, 9.431491804E-08, 0.000000000E+00, 1.310949938E+02, 4.795297525E+02, 7.361306163E-01, 1.867907345E+01, 1.867907347E+01, 1.839412737E+05
      1125, 9.180256166E-03, 3.116618609E-03, 6.000000238E-01, 9.181480693E-03, 3.113030388E-03, 5.966666667E-01, 8.163899926E-08, 0.000000000E+00, 1.075227828E+02, 4.899156786E+02, 7.205250775E-01, 1.705972785E+01, 1.705972786E+01, 1.946102171E+05
      1126, 9.559868835E-03, 1.901739626E-03, 6.000000238E-01, 9.560334761E-03, 1.899482356E-03, 5.966666667E-01, 6.980432592E-08, 0.000000000E+00, 8.339644911E+01, 5.017102160E+02, 7.035864948E-01, 1.514794171E+01, 1.514794171E+01, 2.067497308E+05
      1127, 9.773558937E-03, 6.406353205E-04, 6.000000238E-01, 9.773625966E-03, 6.398725871E-04, 5.966666667E-01, 5.883376113E-08, 0.000000000E+00, 5.992655778E+01, 5.148400526E+02, 6.856431050E-01, 1.292301433E+01, 1.292301434E+01, 2.202951927E+05
      1128, 9.815330617E-03,-6.433635717E-04, 6.000000238E-01, 9.815392538E-03,-6.426004594E-04, 5.966666667E-01, 4.886804409E-08, 0.000000000E+00, 3.911185464E+01, 5.287640487E+02, 6.675879973E-01, 1.044810790E+01, 1.044810791E+01, 2.346976230E+05
      1129, 9.682803415E-03,-1.926104305E-03, 6.000000238E-01, 9.683256701E-03,-1.923844518E-03, 5.966666667E-01, 4.000079683E-08, 0.000000000E+00, 2.320999930E+01, 5.422928254E+02, 6.509334362E-01, 7.943364478E+00, 7.943364479E+00, 2.487283942E+05
      1130, 9.377318434E-03,-3.183261491E-03, 6.000000238E-01, 9.378534151E-03,-3.179670627E-03, 5.966666667E-01, 3.227349030E-08, 0.000000000E+00, 1.297806742E+01, 5.541597569E+02, 6.369941662E-01, 5.687844791E+00, 5.687844792E+00, 2.610659664E+05
      1131, 8.903815411E-03,-4.390958697E-03, 6.000000238E-01, 8.905962741E-03,-4.386592356E-03, 5.966666667E-01, 2.572000984E-08, 0.000000000E+00, 7.246485949E+00, 5.638354230E+02, 6.260630635E-01, 3.821759647E+00, 3.821759647E+00, 2.711478118E+05
      1132, 8.270698600E-03,-5.526356865E-03, 6.000000238E-01, 8.273254679E-03,-5.522526575E-03, 5.966666667E-01, 2.040734664E-08, 0.000000000E+00, 4.392789604E+00, 5.713535088E+02, 6.178250888E-01, 2.358391389E+00, 2.358391389E+00, 2.789957218E+05
      1133, 6.320277695E-03, 7.206537295E-03, 6.000000238E-01, 6.318807676E-03, 7.207892974E-03, 5.966666667E-01, 1.053295046E-07, 0.000000000E+00, 1.500723345E+02, 4.717875548E+02, 7.482107756E-01, 1.984946282E+01, 1.984946284E+01, 1.760007320E+05
      1134, 5.362845957E-03, 8.025253192E-03, 6.000000238E-01, 5.359014192E-03, 8.027806228E-03, 5.966666667E-01, 9.043819386E-08, 0.000000000E+00, 1.253226162E+02, 4.819947039E+02, 7.323659978E-01, 1.830128472E+01, 1.830128474E+01, 1.864716380E+05
      1135, 4.293161444E-03, 8.704768494E-03, 6.000000238E-01, 4.288791309E-03, 8.706908260E-03, 5.966666667E-01, 7.855743457E-08, 0.000000000E+00, 1.026308671E+02, 4.922073159E+02, 7.171704297E-01, 1.669589180E+01, 1.669589181E+01, 1.969669165E+05
      1136, 3.135418519E-03, 9.235847741E-03, 6.000000238E-01, 3.131828757E-03, 9.237066982E-03, 5.966666667E-01, 6.793036436E-08, 0.000000000E+00, 8.033004047E+01, 5.033232579E+02, 7.013316526E-01, 1.488129279E+01, 1.488129280E+01, 2.084119758E+05
      1137, 1.911442145E-03, 9.608823806E-03, 6.000000238E-01, 1.909183781E-03, 9.609284356E-03, 5.966666667E-01, 5.802915980E-08, 0.000000000E+00, 5.863216267E+01, 5.156314377E+02, 6.845907880E-01, 1.278590074E+01, 1.278590075E+01, 2.211127308E+05
      1138, 6.433635717E-04, 9.815330617E-03, 6.000000238E-01, 6.426004594E-04, 9.815392538E-03, 5.966666667E-01, 4.886804409E-08, 0.000000000E+00, 3.911185464E+01, 5.287640487E+02, 6.675879973E-01, 1.044810790E+01, 1.044810791E+01, 2.346976230E+05
      1139,-6.456200499E-04, 9.849879891E-03, 6.000000238E-01,-6.448566755E-04, 9.849937562E-03, 5.966666667E-01, 4.055991859E-08, 0.000000000E+00, 2.380036272E+01, 5.417113724E+02, 6.516321241E-01, 8.052427219E+00, 8.052427220E+00, 2.481246132E+05
      1140,-1.931593637E-03, 9.710500948E-03, 6.000000238E-01,-1.929333669E-03, 9.710952810E-03, 5.966666667E-01, 3.317836907E-08, 0.000000000E+00, 1.358432013E+01, 5.533203544E+02, 6.379605042E-01, 5.848390026E+00, 5.848390027E+00, 2.601922971E+05
      1141,-3.190537449E-03, 9.398832917E-03, 6.000000238E-01,-3.186946779E-03, 9.400049543E-03, 5.966666667E-01, 2.675387571E-08, 0.000000000E+00, 7.629812568E+00, 5.630380011E+02, 6.269497469E-01, 3.976010417E+00, 3.976010417E+00, 2.703161358E+05
      1142,-4.398920573E-03, 8.920019493E-03, 6.000000238E-01,-4.394554939E-03, 8.922168987E-03, 5.966666667E-01, 2.131110749E-08, 0.000000000E+00, 4.549141232E+00, 5.708205228E+02, 6.184019637E-01, 2.462348822E+00, 2.462348822E+00, 2.784389439E+05
      1143,-5.534283351E-03, 8.282598108E-03, 6.000000238E-01,-5.530454140E-03, 8.285154748E-03, 5.966666667E-01, 1.690270549E-08, 0.000000000E+00, 3.180081015E+00, 5.768301821E+02, 6.119591922E-01, 1.285272834E+00, 1.285272834E+00, 2.847204896E+05
      1144,-6.575920153E-03, 7.498394698E-03, 6.000000238E-01,-6.574417313E-03, 7.499713542E-03, 5.966666667E-01, 1.357653491E-08, 0.000000000E+00, 2.720558711E+00, 5.813841100E+02, 6.071657725E-01, 3.884805527E-01, 3.884805527E-01, 2.894857360E+05
      1145, 6.559224799E-03,-7.479334250E-03, 6.000000238E-01, 6.557722250E-03,-7.480653373E-03, 5.966666667E-01, 1.979665898E-08, 0.000000000E+00, 4.291207287E+00, 5.717129810E+02, 6.174366230E-01, 2.288256294E+00, 2.288256294E+00, 2.793712759E+05
      1146, 5.534283351E-03,-8.282598108E-03, 6.000000238E-01, 5.530454140E-03,-8.285154748E-03, 5.966666667E-01, 1.690270549E-08, 0.000000000E+00, 3.180081015E+00, 5.768301821E+02, 6.119591922E-01, 1.285272834E+00, 1.285272834E+00, 2.847204896E+05
      1147, 4.410951864E-03,-8.944506757E-03, 6.000000238E-01, 4.406587631E-03,-8.946659126E-03, 5.966666667E-01, 1.461798511E-08, 0.000000000E+00, 2.727482834E+00, 5.812356591E+02, 6.073208461E-01, 4.179900970E-01, 4.179900970E-01, 2.893303245E+05
      1148, 7.479334250E-03,-6.559224799E-03, 6.000000238E-01, 7.480653373E-03,-6.557722250E-03, 5.966666667E-01, 1.979665898E-08, 0.000000000E+00, 4.291207287E+00, 5.717129810E+02, 6.174366230E-01, 2.288256294E+00, 2.288256294E+00, 2.793712759E+05
      1149, 7.206537295E-03, 6.320278160E-03, 6.000000238E-01, 7.207892974E-03, 6.318807676E-03, 5.966666667E-01, 1.053295046E-07, 0.000000000E+00, 1.500723345E+02, 4.717875548E+02, 7.482107756E-01, 1.984946282E+01, 1.984946284E+01, 1.760007320E+05
      1150, 8.025253192E-03, 5.362845957E-03, 6.000000238E-01, 8.027806228E-03, 5.359014192E-03, 5.966666667E-01, 9.043819386E-08, 0.000000000E+00, 1.253226162E+02, 4.819947039E+02, 7.323659978E-01, 1.830128472E+01, 1.830128474E+01, 1.864716380E+05
      1151, 8.704768494E-03, 4.293161444E-03, 6.000000238E-01, 8.706908260E-03, 4.288791309E-03, 5.966666667E-01, 7.855743457E-08, 0.000000000E+00, 1.026308671E+02, 4.922073159E+02, 7.171704297E-01, 1.669589180E+01, 1.669589181E+01, 1.969669165E+05
      1152, 9.235847741E-03, 3.135418752E-03, 6.000000238E-01, 9.237066982E-03, 3.131828757E-03, 5.966666667E-01, 6.793036436E-08, 0.000000000E+00, 8.033004047E+01, 5.033232579E+02, 7.013316526E-01, 1.488129279E+01, 1.488129280E+01, 2.084119758E+05
      1153, 9.608824737E-03, 1.911442261E-03, 6.000000238E-01, 9.609284356E-03, 1.909183781E-03, 5.966666667E-01, 5.802915980E-08, 0.000000000E+00, 5.863216267E+01, 5.156314377E+02, 6.845907880E-01, 1.278590074E+01, 1.278590075E+01, 2.211127308E+05
      1154, 9.815330617E-03, 6.433635717E-04, 6.000000238E-01, 9.815392538E-03, 6.426004594E-04, 5.966666667E-01, 4.886804409E-08, 0.000000000E+00, 3.911185464E+01, 5.287640487E+02, 6.675879973E-01, 1.044810790E+01, 1.044810791E+01, 2.346976230E+05
      1155, 9.849879891E-03,-6.456200499E-04, 6.000000238E-01, 9.849937562E-03,-6.448566755E-04, 5.966666667E-01, 4.055991859E-08, 0.000000000E+00, 2.380036272E+01, 5.417113724E+02, 6.516321241E-01, 8.052427219E+00, 8.052427220E+00, 2.481246132E+05
      1156, 9.710500948E-03,-1.931593637E-03, 6.000000238E-01, 9.710952810E-03,-1.929333669E-03, 5.966666667E-01, 3.317836907E-08, 0.000000000E+00, 1.358432013E+01, 5.533203544E+02, 6.379605042E-01, 5.848390026E+00, 5.848390027E+00, 2.601922971E+05
      1157, 9.398832917E-03,-3.190537449E-03, 6.000000238E-01, 9.400049543E-03,-3.186946779E-03, 5.966666667E-01, 2.675387571E-08, 0.000000000E+00, 7.629812568E+00, 5.630380011E+02, 6.269497469E-01, 3.976010417E+00, 3.976010417E+00, 2.703161358E+05
      1158, 8.920019493E-03,-4.398920573E-03, 6.000000238E-01, 8.922168987E-03,-4.394554939E-03, 5.966666667E-01, 2.131110749E-08, 0.000000000E+00, 4.549141232E+00, 5.708205228E+02, 6.184019637E-01, 2.462348822E+00, 2.462348822E+00, 2.784389439E+05
      1159, 8.282597177E-03,-5.534283351E-03, 6.000000238E-01, 8.285154748E-03,-5.530454140E-03, 5.966666667E-01, 1.690270549E-08, 0.000000000E+00, 3.180081015E+00, 5.768301821E+02, 6.119591922E-01, 1.285272834E+00, 1.285272834E+00, 2.847204896E+05
      1160, 6.370734889E-03, 7.264142390E-03, 6.000000238E-01, 6.369253202E-03, 7.265484863E-03, 5.966666667E-01, 8.781156800E-08, 0.000000000E+00, 1.212956174E+02, 4.837445530E+02, 7.297168104E-01, 1.803095946E+01, 1.803095947E+01, 1.882685870E+05
      1161, 5.399047397E-03, 8.079594932E-03, 6.000000238E-01, 5.395213461E-03, 8.082144953E-03, 5.966666667E-01, 7.530516763E-08, 0.000000000E+00, 9.734673731E+01, 4.947385945E+02, 7.135011019E-01, 1.629030054E+01, 1.629030055E+01, 1.995711595E+05
      1162, 4.318034742E-03, 8.755392395E-03, 6.000000238E-01, 4.313664092E-03, 8.757531837E-03, 5.966666667E-01, 6.535047198E-08, 0.000000000E+00, 7.606973511E+01, 5.056119594E+02, 6.981570070E-01, 1.450016673E+01, 1.450016674E+01, 2.107713834E+05
      1163, 3.150967648E-03, 9.281825274E-03, 6.000000238E-01, 3.147376986E-03, 9.283042693E-03, 5.966666667E-01, 5.646317080E-08, 0.000000000E+00, 5.612149738E+01, 5.171904918E+02, 6.825271111E-01, 1.251463586E+01, 1.251463586E+01, 2.227236736E+05
      1164, 1.919467119E-03, 9.649314918E-03, 6.000000238E-01, 1.917207842E-03, 9.649770629E-03, 5.966666667E-01, 4.819680034E-08, 0.000000000E+00, 3.816467506E+01, 5.294786704E+02, 6.666869734E-01, 1.031837189E+01, 1.031837190E+01, 2.354378455E+05
      1165, 6.456200499E-04, 9.849879891E-03, 6.000000238E-01, 6.448566755E-04, 9.849937562E-03, 5.966666667E-01, 4.055991859E-08, 0.000000000E+00, 2.380036272E+01, 5.417113724E+02, 6.516321241E-01, 8.052427219E+00, 8.052427220E+00, 2.481246132E+05
      1166,-6.474863039E-04, 9.878453799E-03, 6.000000238E-01,-6.467227778E-04, 9.878509538E-03, 5.966666667E-01, 3.364350892E-08, 0.000000000E+00, 1.390404747E+01, 5.528871450E+02, 6.384603720E-01, 5.931162929E+00, 5.931162930E+00, 2.597414635E+05
      1167,-1.936133835E-03, 9.733409621E-03, 6.000000238E-01,-1.933873693E-03, 9.733859999E-03, 5.966666667E-01, 2.750580093E-08, 0.000000000E+00, 7.920169001E+00, 5.624545353E+02, 6.276001171E-01, 4.088773689E+00, 4.088773689E+00, 2.697076952E+05
      1168,-3.196555423E-03, 9.416626766E-03, 6.000000238E-01,-3.192964794E-03, 9.417844658E-03, 5.966666667E-01, 2.216939136E-08, 0.000000000E+00, 4.704977997E+00, 5.703111126E+02, 6.189543295E-01, 2.561629355E+00, 2.561629355E+00, 2.779068524E+05
      1169,-4.405505490E-03, 8.933422156E-03, 6.000000238E-01,-4.401140675E-03, 8.935572936E-03, 5.966666667E-01, 1.765238712E-08, 0.000000000E+00, 3.225627268E+00, 5.765421025E+02, 6.122649686E-01, 1.341850191E+00, 1.341850191E+00, 2.844191955E+05
      1170,-5.540839862E-03, 8.292438462E-03, 6.000000238E-01,-5.537010900E-03, 8.294997101E-03, 5.966666667E-01, 1.399643445E-08, 0.000000000E+00, 2.723305026E+00, 5.813243781E+02, 6.072281597E-01, 4.003698378E-01, 4.003698379E-01, 2.894232028E+05
      1171, 6.568362471E-03,-7.489766926E-03, 6.000000238E-01, 6.566859797E-03,-7.491085390E-03, 5.966666667E-01, 1.639619388E-08, 0.000000000E+00, 3.150447179E+00, 5.770244607E+02, 6.117531514E-01, 1.247098998E+00, 1.247098998E+00, 2.849236903E+05
      1172, 5.540839862E-03,-8.292438462E-03, 6.000000238E-01, 5.537010900E-03,-8.294997101E-03, 5.966666667E-01, 1.399643445E-08, 0.000000000E+00, 2.723305026E+00, 5.813243781E+02, 6.072281597E-01, 4.003698378E-01, 4.003698379E-01, 2.894232028E+05
      1173, 7.489766460E-03,-6.568362005E-03, 6.000000238E-01, 7.491085390E-03,-6.566859797E-03, 5.966666667E-01, 1.639619388E-08, 0.000000000E+00, 3.150447179E+00, 5.770244607E+02, 6.117531514E-01, 1.247098998E+00, 1.247098998E+00, 2.849236903E+05
      1174, 7.264141925E-03, 6.370734889E-03, 6.000000238E-01, 7.265484863E-03, 6.369253202E-03, 5.966666667E-01, 8.781156800E-08, 0.000000000E+00, 1.212956174E+02, 4.837445530E+02, 7.297168104E-01, 1.803095946E+01, 1.803095947E+01, 1.882685870E+05
      1175, 8.079594932E-03, 5.399047397E-03, 6.000000238E-01, 8.082144953E-03, 5.395213461E-03, 5.966666667E-01, 7.530516763E-08, 0.000000000E+00, 9.734673731E+01, 4.947385945E+02, 7.135011019E-01, 1.629030054E+01, 1.629030055E+01, 1.995711595E+05
      1176, 8.755392395E-03, 4.318034276E-03, 6.000000238E-01, 8.757531837E-03, 4.313664092E-03, 5.966666667E-01, 6.535047198E-08, 0.000000000E+00, 7.606973511E+01, 5.056119594E+02, 6.981570070E-01, 1.450016673E+01, 1.450016674E+01, 2.107713834E+05
      1177, 9.281825274E-03, 3.150967648E-03, 6.000000238E-01, 9.283042693E-03, 3.147376986E-03, 5.966666667E-01, 5.646317080E-08, 0.000000000E+00, 5.612149738E+01, 5.171904918E+02, 6.825271111E-01, 1.251463586E+01, 1.251463586E+01, 2.227236736E+05
      1178, 9.649314918E-03, 1.919467119E-03, 6.000000238E-01, 9.649770629E-03, 1.917207842E-03, 5.966666667E-01, 4.819680034E-08, 0.000000000E+00, 3.816467506E+01, 5.294786704E+02, 6.666869734E-01, 1.031837189E+01, 1.031837190E+01, 2.354378455E+05
      1179, 9.849879891E-03, 6.456200499E-04, 6.000000238E-01, 9.849937562E-03, 6.448566755E-04, 5.966666667E-01, 4.055991859E-08, 0.000000000E+00, 2.380036272E+01, 5.417113724E+02, 6.516321241E-01, 8.052427219E+00, 8.052427220E+00, 2.481246132E+05
      1180, 9.878453799E-03,-6.474863039E-04, 6.000000238E-01, 9.878509538E-03,-6.467227778E-04, 5.966666667E-01, 3.364350892E-08, 0.000000000E+00, 1.390404747E+01, 5.528871450E+02, 6.384603720E-01, 5.931162929E+00, 5.931162930E+00, 2.597414635E+05
      1181, 9.733408689E-03,-1.936133835E-03, 6.000000238E-01, 9.733859999E-03,-1.933873693E-03, 5.966666667E-01, 2.750580093E-08, 0.000000000E+00, 7.920169001E+00, 5.624545353E+02, 6.276001171E-01, 4.088773689E+00, 4.088773689E+00, 2.697076952E+05
      1182, 9.416626766E-03,-3.196555190E-03, 6.000000238E-01, 9.417844658E-03,-3.192964794E-03, 5.966666667E-01, 2.216939136E-08, 0.000000000E+00, 4.704977997E+00, 5.703111126E+02, 6.189543295E-01, 2.561629355E+00, 2.561629355E+00, 2.779068524E+05
      1183, 8.933422156E-03,-4.405505490E-03, 6.000000238E-01, 8.935572936E-03,-4.401140675E-03, 5.966666667E-01, 1.765238712E-08, 0.000000000E+00, 3.225627268E+00, 5.765421025E+02, 6.122649686E-01, 1.341850191E+00, 1.341850191E+00, 2.844191955E+05
      1184, 8.292438462E-03,-5.540839862E-03, 6.000000238E-01, 8.294997101E-03,-5.537010900E-03, 5.966666667E-01, 1.399643445E-08, 0.000000000E+00, 2.723305026E+00, 5.813243781E+02, 6.072281597E-01, 4.003698378E-01, 4.003698379E-01, 2.894232028E+05
      1185, 6.412466522E-03, 7.311786059E-03, 6.000000238E-01, 6.410977487E-03, 7.313120018E-03, 5.966666667E-01, 7.310300995E-08, 0.000000000E+00, 9.369043874E+01, 4.965266834E+02, 7.109316459E-01, 1.600146078E+01, 1.600146079E+01, 2.014114854E+05
      1186, 5.428988952E-03, 8.124539629E-03, 6.000000238E-01, 5.425154172E-03, 8.127088957E-03, 5.966666667E-01, 6.262918632E-08, 0.000000000E+00, 7.153448029E+01, 5.081147159E+02, 6.947181832E-01, 1.407972214E+01, 1.407972214E+01, 2.133526580E+05
      1187, 4.338606261E-03, 8.797262795E-03, 6.000000238E-01, 4.334236457E-03, 8.799402774E-03, 5.966666667E-01, 5.430805761E-08, 0.000000000E+00, 5.268795929E+01, 5.193781654E+02, 6.796522376E-01, 1.213153636E+01, 1.213153636E+01, 2.249849775E+05
      1188, 3.163828049E-03, 9.319853038E-03, 6.000000238E-01, 3.160236928E-03, 9.321069208E-03, 5.966666667E-01, 4.689060813E-08, 0.000000000E+00, 3.634751092E+01, 5.308756105E+02, 6.649326608E-01, 1.006397091E+01, 1.006397091E+01, 2.368851249E+05
      1189, 1.926104305E-03, 9.682803415E-03, 6.000000238E-01, 1.923844518E-03, 9.683256701E-03, 5.966666667E-01, 4.000079683E-08, 0.000000000E+00, 2.320999930E+01, 5.422928254E+02, 6.509334362E-01, 7.943364478E+00, 7.943364479E+00, 2.487283942E+05
      1190, 6.474863039E-04, 9.878453799E-03, 6.000000238E-01, 6.467227778E-04, 9.878509538E-03, 5.966666667E-01, 3.364350892E-08, 0.000000000E+00, 1.390404747E+01, 5.528871450E+02, 6.384603720E-01, 5.931162929E+00, 5.931162930E+00, 2.597414635E+05
      1191,-6.490298547E-04, 9.902087972E-03, 6.000000238E-01,-6.482662141E-04, 9.902141157E-03, 5.966666667E-01, 2.789235651E-08, 0.000000000E+00, 8.073360677E+00, 5.621532348E+02, 6.279364957E-01, 4.146961400E+00, 4.146961400E+00, 2.693935270E+05
      1192,-1.939888927E-03, 9.752355516E-03, 6.000000238E-01,-1.937628694E-03, 9.752806264E-03, 5.966666667E-01, 2.279369991E-08, 0.000000000E+00, 4.822938814E+00, 5.699383715E+02, 6.193591270E-01, 2.634212671E+00, 2.634212671E+00, 2.775175514E+05
      1193,-3.201532643E-03, 9.431344457E-03, 6.000000238E-01,-3.197942209E-03, 9.432562745E-03, 5.966666667E-01, 1.836444110E-08, 0.000000000E+00, 3.270991893E+00, 5.762666980E+02, 6.125575770E-01, 1.395875177E+00, 1.395875177E+00, 2.841311751E+05
      1194,-4.410951864E-03, 8.944506757E-03, 6.000000238E-01,-4.406587631E-03, 8.946659126E-03, 5.966666667E-01, 1.461798511E-08, 0.000000000E+00, 2.727482834E+00, 5.812356591E+02, 6.073208461E-01, 4.179900970E-01, 4.179900970E-01, 2.893303245E+05
      1195, 6.575920153E-03,-7.498394698E-03, 6.000000238E-01, 6.574417313E-03,-7.499713542E-03, 5.966666667E-01, 1.357653491E-08, 0.000000000E+00, 2.720558711E+00, 5.813841100E+02, 6.071657725E-01, 3.884805527E-01, 3.884805527E-01, 2.894857360E+05
      1196, 7.498394698E-03,-6.575920153E-03, 6.000000238E-01, 7.499713542E-03,-6.574417313E-03, 5.966666667E-01, 1.357653491E-08, 0.000000000E+00, 2.720558711E+00, 5.813841100E+02, 6.071657725E-01, 3.884805527E-01, 3.884805527E-01, 2.894857360E+05
      1197, 7.311786059E-03, 6.412466988E-03, 6.000000238E-01, 7.313120018E-03, 6.410977487E-03, 5.966666667E-01, 7.310300995E-08, 0.000000000E+00, 9.369043874E+01, 4.965266834E+02, 7.109316459E-01, 1.600146078E+01, 1.600146079E+01, 2.014114854E+05
      1198, 8.124539629E-03, 5.428988487E-03, 6.000000238E-01, 8.127088957E-03, 5.425154172E-03, 5.966666667E-01, 6.262918632E-08, 0.000000000E+00, 7.153448029E+01, 5.081147159E+02, 6.947181832E-01, 1.407972214E+01, 1.407972214E+01, 2.133526580E+05
      1199, 8.797262795E-03, 4.338606726E-03, 6.000000238E-01, 8.799402774E-03, 4.334236457E-03, 5.966666667E-01, 5.430805761E-08, 0.000000000E+00, 5.268795929E+01, 5.193781654E+02, 6.796522376E-01, 1.213153636E+01, 1.213153636E+01, 2.249849775E+05
      1200, 9.319853038E-03, 3.163827816E-03, 6.000000238E-01, 9.321069208E-03, 3.160236928E-03, 5.966666667E-01, 4.689060813E-08, 0.000000000E+00, 3.634751092E+01, 5.308756105E+02, 6.649326608E-01, 1.006397091E+01, 1.006397091E+01, 2.368851249E+05
      1201, 9.682803415E-03, 1.926104189E-03, 6.000000238E-01, 9.683256701E-03, 1.923844518E-03, 5.966666667E-01, 4.000079683E-08, 0.000000000E+00, 2.320999930E+01, 5.422928254E+02, 6.509334362E-01, 7.943364478E+00, 7.943364479E+00, 2.487283942E+05
      1202, 9.878453799E-03, 6.474863039E-04, 6.000000238E-01, 9.878509538E-03, 6.467227778E-04, 5.966666667E-01, 3.364350892E-08, 0.000000000E+00, 1.390404747E+01, 5.528871450E+02, 6.384603720E-01, 5.931162929E+00, 5.931162930E+00, 2.597414635E+05
      1203, 9.902087972E-03,-6.490298547E-04, 6.000000238E-01, 9.902141157E-03,-6.482662141E-04, 5.966666667E-01, 2.789235651E-08, 0.000000000E+00, 8.073360677E+00, 5.621532348E+02, 6.279364957E-01, 4.146961400E+00, 4.146961400E+00, 2.693935270E+05
      1204, 9.752355516E-03,-1.939888927E-03, 6.000000238E-01, 9.752806264E-03,-1.937628694E-03, 5.966666667E-01, 2.279369991E-08, 0.000000000E+00, 4.822938814E+00, 5.699383715E+02, 6.193591270E-01, 2.634212671E+00, 2.634212671E+00, 2.775175514E+05
      1205, 9.431344457E-03,-3.201532410E-03, 6.000000238E-01, 9.432562745E-03,-3.197942209E-03, 5.966666667E-01, 1.836444110E-08, 0.000000000E+00, 3.270991893E+00, 5.762666980E+02, 6.125575770E-01, 1.395875177E+00, 1.395875177E+00, 2.841311751E+05
      1206, 8.944506757E-03,-4.410951864E-03, 6.000000238E-01, 8.946659126E-03,-4.406587631E-03, 5.966666667E-01, 1.461798511E-08, 0.000000000E+00, 2.727482834E+00, 5.812356591E+02, 6.073208461E-01, 4.179900970E-01, 4.179900970E-01, 2.893303245E+05
      1207, 6.446982268E-03, 7.351191249E-03, 6.000000238E-01, 6.445487996E-03, 7.352519457E-03, 5.966666667E-01, 6.078749115E-08, 0.000000000E+00, 6.843729609E+01, 5.098668047E+02, 6.923308774E-01, 1.378313095E+01, 1.378313095E+01, 2.151604600E+05
      1208, 5.453752819E-03, 8.161713369E-03, 6.000000238E-01, 5.449918207E-03, 8.164262253E-03, 5.966666667E-01, 5.203585803E-08, 0.000000000E+00, 4.910474459E+01, 5.217370766E+02, 6.765793502E-01, 1.171536717E+01, 1.171536717E+01, 2.274243547E+05
      1209, 4.355621058E-03, 8.831892163E-03, 6.000000238E-01, 4.351251833E-03, 8.834034170E-03, 5.966666667E-01, 4.509356319E-08, 0.000000000E+00, 3.390538962E+01, 5.328115948E+02, 6.625166113E-01, 9.709788952E+00, 9.709788954E+00, 2.388915185E+05
      1210, 3.174464218E-03, 9.351304732E-03, 6.000000238E-01, 3.170873334E-03, 9.352520785E-03, 5.966666667E-01, 3.891295142E-08, 0.000000000E+00, 2.208680391E+01, 5.434224928E+02, 6.495802749E-01, 7.731091260E+00, 7.731091261E+00, 2.499016347E+05
      1211, 1.931593637E-03, 9.710500948E-03, 6.000000238E-01, 1.929333669E-03, 9.710952810E-03, 5.966666667E-01, 3.317836907E-08, 0.000000000E+00, 1.358432013E+01, 5.533203544E+02, 6.379605042E-01, 5.848390026E+00, 5.848390027E+00, 2.601922971E+05
      1212, 6.490298547E-04, 9.902087972E-03, 6.000000238E-01, 6.482662141E-04, 9.902141157E-03, 5.966666667E-01, 2.789235651E-08, 0.000000000E+00, 8.073360677E+00, 5.621532348E+02, 6.279364957E-01, 4.146961400E+00, 4.146961400E+00, 2.693935270E+05
      1213,-6.503064651E-04, 9.921634570E-03, 6.000000238E-01,-6.495427723E-04, 9.921686597E-03, 5.966666667E-01, 2.311467607E-08, 0.000000000E+00, 4.885151898E+00, 5.697458796E+02, 6.195683812E-01, 2.671669194E+00, 2.671669194E+00, 2.773165195E+05
      1214,-1.942994655E-03, 9.768025950E-03, 6.000000238E-01,-1.940734403E-03, 9.768476459E-03, 5.966666667E-01, 1.888243994E-08, 0.000000000E+00, 3.305300646E+00, 5.760651381E+02, 6.127719054E-01, 1.435368285E+00, 1.435368285E+00, 2.839203924E+05
      1215,-3.205648856E-03, 9.443516843E-03, 6.000000238E-01,-3.202058951E-03, 9.444735845E-03, 5.966666667E-01, 1.520840476E-08, 0.000000000E+00, 2.731649211E+00, 5.811506203E+02, 6.074097144E-01, 4.348143068E-01, 4.348143068E-01, 2.892413006E+05
      1216, 7.351191249E-03, 6.446982268E-03, 6.000000238E-01, 7.352519457E-03, 6.445487996E-03, 5.966666667E-01, 6.078749115E-08, 0.000000000E+00, 6.843729609E+01, 5.098668047E+02, 6.923308774E-01, 1.378313095E+01, 1.378313095E+01, 2.151604600E+05
      1217, 8.161712438E-03, 5.453752819E-03, 6.000000238E-01, 8.164262253E-03, 5.449918207E-03, 5.966666667E-01, 5.203585803E-08, 0.000000000E+00, 4.910474459E+01, 5.217370766E+02, 6.765793502E-01, 1.171536717E+01, 1.171536717E+01, 2.274243547E+05
      1218, 8.831892163E-03, 4.355621058E-03, 6.000000238E-01, 8.834034170E-03, 4.351251833E-03, 5.966666667E-01, 4.509356319E-08, 0.000000000E+00, 3.390538962E+01, 5.328115948E+02, 6.625166113E-01, 9.709788952E+00, 9.709788954E+00, 2.388915185E+05
      1219, 9.351304732E-03, 3.174464218E-03, 6.000000238E-01, 9.352520785E-03, 3.170873334E-03, 5.966666667E-01, 3.891295142E-08, 0.000000000E+00, 2.208680391E+01, 5.434224928E+02, 6.495802749E-01, 7.731091260E+00, 7.731091261E+00, 2.499016347E+05
      1220, 9.710500948E-03, 1.931593637E-03, 6.000000238E-01, 9.710952810E-03, 1.929333669E-03, 5.966666667E-01, 3.317836907E-08, 0.000000000E+00, 1.358432013E+01, 5.533203544E+02, 6.379605042E-01, 5.848390026E+00, 5.848390027E+00, 2.601922971E+05
      1221, 9.902087972E-03, 6.490298547E-04, 6.000000238E-01, 9.902141157E-03, 6.482662141E-04, 5.966666667E-01, 2.789235651E-08, 0.000000000E+00, 8.073360677E+00, 5.621532348E+02, 6.279364957E-01, 4.146961400E+00, 4.146961400E+00, 2.693935270E+05
      1222, 9.921633638E-03,-6.503064651E-04, 6.000000238E-01, 9.921686597E-03,-6.495427723E-04, 5.966666667E-01, 2.311467607E-08, 0.000000000E+00, 4.885151898E+00, 5.697458796E+02, 6.195683812E-01, 2.671669194E+00, 2.671669194E+00, 2.773165195E+05
      1223, 9.768025950E-03,-1.942994655E-03, 6.000000238E-01, 9.768476459E-03,-1.940734403E-03, 5.966666667E-01, 1.888243994E-08, 0.000000000E+00, 3.305300646E+00, 5.760651381E+02, 6.127719054E-01, 1.435368285E+00, 1.435368285E+00, 2.839203924E+05
      1224, 9.443516843E-03,-3.205649089E-03, 6.000000238E-01, 9.444735845E-03,-3.202058951E-03, 5.966666667E-01, 1.520840476E-08, 0.000000000E+00, 2.731649211E+00, 5.811506203E+02, 6.074097144E-01, 4.348143068E-01, 4.348143068E-01, 2.892413006E+05
      1225, 6.475529168E-03, 7.383781951E-03, 6.000000238E-01, 6.474031730E-03, 7.385106838E-03, 5.966666667E-01, 5.049871962E-08, 0.000000000E+00, 4.670116838E+01, 5.233676887E+02, 6.744713896E-01, 1.142589892E+01, 1.142589892E+01, 2.291112400E+05
      1226, 5.474234466E-03, 8.192457259E-03, 6.000000238E-01, 5.470400487E-03, 8.195008205E-03, 5.966666667E-01, 4.319958081E-08, 0.000000000E+00, 3.140957410E+01, 5.348681105E+02, 6.599692996E-01, 9.331657217E+00, 9.331657219E+00, 2.410236481E+05
      1227, 4.369693808E-03, 8.860534057E-03, 6.000000238E-01, 4.365325162E-03, 8.862677618E-03, 5.966666667E-01, 3.741666925E-08, 0.000000000E+00, 2.059623067E+01, 5.449735677E+02, 6.477314739E-01, 7.438905078E+00, 7.438905079E+00, 2.515129527E+05
      1228, 3.183261491E-03, 9.377318434E-03, 6.000000238E-01, 3.179670627E-03, 9.378534151E-03, 5.966666667E-01, 3.227349030E-08, 0.000000000E+00, 1.297806742E+01, 5.541597569E+02, 6.369941662E-01, 5.687844791E+00, 5.687844792E+00, 2.610659664E+05
      1229, 1.936133835E-03, 9.733408689E-03, 6.000000238E-01, 1.933873693E-03, 9.733859999E-03, 5.966666667E-01, 2.750580093E-08, 0.000000000E+00, 7.920169001E+00, 5.624545353E+02, 6.276001171E-01, 4.088773689E+00, 4.088773689E+00, 2.697076952E+05
      1230, 6.503064651E-04, 9.921633638E-03, 6.000000238E-01, 6.495427723E-04, 9.921686597E-03, 5.966666667E-01, 2.311467607E-08, 0.000000000E+00, 4.885151898E+00, 5.697458796E+02, 6.195683812E-01, 2.671669194E+00, 2.671669194E+00, 2.773165195E+05
      1231,-6.513623521E-04, 9.937800467E-03, 6.000000238E-01,-6.505985964E-04, 9.937852367E-03, 5.966666667E-01, 1.914877724E-08, 0.000000000E+00, 3.323389624E+00, 5.759610296E+02, 6.128826676E-01, 1.455747228E+00, 1.455747228E+00, 2.838115238E+05
      1232,-1.945563476E-03, 9.780986235E-03, 6.000000238E-01,-1.943303088E-03, 9.781437039E-03, 5.966666667E-01, 1.563795677E-08, 0.000000000E+00, 2.734792574E+00, 5.810882433E+02, 6.074749169E-01, 4.471123616E-01, 4.471123616E-01, 2.891760015E+05
      1233, 7.383781951E-03, 6.475529168E-03, 6.000000238E-01, 7.385106838E-03, 6.474031730E-03, 5.966666667E-01, 5.049871962E-08, 0.000000000E+00, 4.670116838E+01, 5.233676887E+02, 6.744713896E-01, 1.142589892E+01, 1.142589892E+01, 2.291112400E+05
      1234, 8.192458190E-03, 5.474234000E-03, 6.000000238E-01, 8.195008205E-03, 5.470400487E-03, 5.966666667E-01, 4.319958080E-08, 0.000000000E+00, 3.140957410E+01, 5.348681105E+02, 6.599692996E-01, 9.331657217E+00, 9.331657219E+00, 2.410236481E+05
      1235, 8.860534057E-03, 4.369693808E-03, 6.000000238E-01, 8.862677618E-03, 4.365325162E-03, 5.966666667E-01, 3.741666925E-08, 0.000000000E+00, 2.059623067E+01, 5.449735677E+02, 6.477314739E-01, 7.438905078E+00, 7.438905079E+00, 2.515129527E+05
      1236, 9.377317503E-03, 3.183261491E-03, 6.000000238E-01, 9.378534151E-03, 3.179670627E-03, 5.966666667E-01, 3.227349030E-08, 0.000000000E+00, 1.297806742E+01, 5.541597569E+02, 6.369941662E-01, 5.687844791E+00, 5.687844792E+00, 2.610659664E+05
      1237, 9.733409621E-03, 1.936133835E-03, 6.000000238E-01, 9.733859999E-03, 1.933873693E-03, 5.966666667E-01, 2.750580093E-08, 0.000000000E+00, 7.920169001E+00, 5.624545353E+02, 6.276001171E-01, 4.088773689E+00, 4.088773689E+00, 2.697076952E+05
      1238, 9.921634570E-03, 6.503064651E-04, 6.000000238E-01, 9.921686597E-03, 6.495427723E-04, 5.966666667E-01, 2.311467607E-08, 0.000000000E+00, 4.885151898E+00, 5.697458796E+02, 6.195683812E-01, 2.671669194E+00, 2.671669194E+00, 2.773165195E+05
      1239, 9.937800467E-03,-6.513623521E-04, 6.000000238E-01, 9.937852367E-03,-6.505985964E-04, 5.966666667E-01, 1.914877724E-08, 0.000000000E+00, 3.323389624E+00, 5.759610296E+02, 6.128826676E-01, 1.455747228E+00, 1.455747228E+00, 2.838115238E+05
      1240, 9.780986235E-03,-1.945563359E-03, 6.000000238E-01, 9.781437039E-03,-1.943303088E-03, 5.966666667E-01, 1.563795677E-08, 0.000000000E+00, 2.734792574E+00, 5.810882433E+02, 6.074749169E-01, 4.471123616E-01, 4.471123616E-01, 2.891760015E+05
      1241, 6.499139592E-03, 7.410737220E-03, 6.000000238E-01, 6.497640196E-03, 7.412059797E-03, 5.966666667E-01, 4.191873041E-08, 0.000000000E+00, 2.976533286E+01, 5.362714438E+02, 6.582422696E-01, 9.072602312E+00, 9.072602314E+00, 2.424790646E+05
      1242, 5.491174292E-03, 8.217886090E-03, 6.000000238E-01, 5.487341261E-03, 8.220438001E-03, 5.966666667E-01, 3.584014529E-08, 0.000000000E+00, 1.909416564E+01, 5.466041176E+02, 6.457992557E-01, 7.130948198E+00, 7.130948199E+00, 2.532073513E+05
      1243, 4.381332546E-03, 8.884223178E-03, 6.000000238E-01, 4.376965094E-03, 8.886368374E-03, 5.966666667E-01, 3.102911749E-08, 0.000000000E+00, 1.217734086E+01, 5.553078734E+02, 6.356771607E-01, 5.467969255E+00, 5.467969255E+00, 2.622612032E+05
      1244, 3.190537449E-03, 9.398832917E-03, 6.000000238E-01, 3.186946779E-03, 9.400049543E-03, 5.966666667E-01, 2.675387571E-08, 0.000000000E+00, 7.629812568E+00, 5.630380011E+02, 6.269497469E-01, 3.976010417E+00, 3.976010417E+00, 2.703161358E+05
      1245, 1.939888927E-03, 9.752355516E-03, 6.000000238E-01, 1.937628694E-03, 9.752806264E-03, 5.966666667E-01, 2.279369991E-08, 0.000000000E+00, 4.822938814E+00, 5.699383715E+02, 6.193591270E-01, 2.634212671E+00, 2.634212671E+00, 2.775175514E+05
      1246, 6.513623521E-04, 9.937800467E-03, 6.000000238E-01, 6.505985964E-04, 9.937852367E-03, 5.966666667E-01, 1.914877724E-08, 0.000000000E+00, 3.323389624E+00, 5.759610296E+02, 6.128826676E-01, 1.455747228E+00, 1.455747228E+00, 2.838115238E+05
      1247,-6.522356416E-04, 9.951171465E-03, 6.000000238E-01,-6.514718526E-04, 9.951222830E-03, 5.966666667E-01, 1.585883018E-08, 0.000000000E+00, 2.736452571E+00, 5.810559730E+02, 6.075086544E-01, 4.534580738E-01, 4.534580738E-01, 2.891422197E+05
      1248, 7.410737686E-03, 6.499139592E-03, 6.000000238E-01, 7.412059797E-03, 6.497640196E-03, 5.966666667E-01, 4.191873041E-08, 0.000000000E+00, 2.976533286E+01, 5.362714438E+02, 6.582422696E-01, 9.072602312E+00, 9.072602314E+00, 2.424790646E+05
      1249, 8.217886090E-03, 5.491174292E-03, 6.000000238E-01, 8.220438001E-03, 5.487341261E-03, 5.966666667E-01, 3.584014529E-08, 0.000000000E+00, 1.909416564E+01, 5.466041176E+02, 6.457992557E-01, 7.130948198E+00, 7.130948199E+00, 2.532073513E+05
      1250, 8.884223178E-03, 4.381332546E-03, 6.000000238E-01, 8.886368374E-03, 4.376965094E-03, 5.966666667E-01, 3.102911749E-08, 0.000000000E+00, 1.217734086E+01, 5.553078734E+02, 6.356771607E-01, 5.467969255E+00, 5.467969255E+00, 2.622612032E+05
      1251, 9.398832917E-03, 3.190537449E-03, 6.000000238E-01, 9.400049543E-03, 3.186946779E-03, 5.966666667E-01, 2.675387571E-08, 0.000000000E+00, 7.629812568E+00, 5.630380011E+02, 6.269497469E-01, 3.976010417E+00, 3.976010417E+00, 2.703161358E+05
      1252, 9.752355516E-03, 1.939888927E-03, 6.000000238E-01, 9.752806264E-03, 1.937628694E-03, 5.966666667E-01, 2.279369991E-08, 0.000000000E+00, 4.822938814E+00, 5.699383715E+02, 6.193591270E-01, 2.634212671E+00, 2.634212671E+00, 2.775175514E+05
      1253, 9.937800467E-03, 6.513623521E-04, 6.000000238E-01, 9.937852367E-03, 6.505985964E-04, 5.966666667E-01, 1.914877724E-08, 0.000000000E+00, 3.323389624E+00, 5.759610296E+02, 6.128826676E-01, 1.455747228E+00, 1.455747228E+00, 2.838115238E+05
      1254, 9.951171465E-03,-6.522356416E-04, 6.000000238E-01, 9.951222830E-03,-6.514718526E-04, 5.966666667E-01, 1.585883018E-08, 0.000000000E+00, 2.736452571E+00, 5.810559730E+02, 6.075086544E-01, 4.534580738E-01, 4.534580738E-01, 2.891422197E+05
      1255, 6.518667564E-03, 7.433031686E-03, 6.000000238E-01, 6.517166624E-03, 7.434352435E-03, 5.966666667E-01, 3.477427203E-08, 0.000000000E+00, 1.811568184E+01, 5.477075156E+02, 6.444982444E-01, 6.922161211E+00, 6.922161211E+00, 2.543542576E+05
      1256, 5.505185109E-03, 8.238917217E-03, 6.000000238E-01, 5.501352824E-03, 8.241470760E-03, 5.966666667E-01, 2.971833269E-08, 0.000000000E+00, 1.137435640E+01, 5.565100152E+02, 6.343040064E-01, 5.237450687E+00, 5.237450687E+00, 2.635129935E+05
      1257, 4.390958697E-03, 8.903815411E-03, 6.000000238E-01, 4.386592356E-03, 8.905962741E-03, 5.966666667E-01, 2.572000984E-08, 0.000000000E+00, 7.246485949E+00, 5.638354230E+02, 6.260630635E-01, 3.821759647E+00, 3.821759647E+00, 2.711478118E+05
      1258, 3.196555190E-03, 9.416626766E-03, 6.000000238E-01, 3.192964794E-03, 9.417844658E-03, 5.966666667E-01, 2.216939136E-08, 0.000000000E+00, 4.704977997E+00, 5.703111126E+02, 6.189543295E-01, 2.561629355E+00, 2.561629355E+00, 2.779068524E+05
      1259, 1.942994655E-03, 9.768025950E-03, 6.000000238E-01, 1.940734403E-03, 9.768476459E-03, 5.966666667E-01, 1.888243994E-08, 0.000000000E+00, 3.305300646E+00, 5.760651381E+02, 6.127719054E-01, 1.435368285E+00, 1.435368285E+00, 2.839203924E+05
      1260, 6.522356416E-04, 9.951171465E-03, 6.000000238E-01, 6.514718526E-04, 9.951222830E-03, 5.966666667E-01, 1.585883018E-08, 0.000000000E+00, 2.736452571E+00, 5.810559730E+02, 6.075086544E-01, 4.534580738E-01, 4.534580738E-01, 2.891422197E+05
      1261, 7.433031686E-03, 6.518667564E-03, 6.000000238E-01, 7.434352435E-03, 6.517166624E-03, 5.966666667E-01, 3.477427203E-08, 0.000000000E+00, 1.811568184E+01, 5.477075156E+02, 6.444982444E-01, 6.922161211E+00, 6.922161211E+00, 2.543542576E+05
      1262, 8.238918148E-03, 5.505184643E-03, 6.000000238E-01, 8.241470760E-03, 5.501352824E-03, 5.966666667E-01, 2.971833269E-08, 0.000000000E+00, 1.137435640E+01, 5.565100152E+02, 6.343040064E-01, 5.237450687E+00, 5.237450687E+00, 2.635129935E+05
      1263, 8.903815411E-03, 4.390958697E-03, 6.000000238E-01, 8.905962741E-03, 4.386592356E-03, 5.966666667E-01, 2.572000984E-08, 0.000000000E+00, 7.246485949E+00, 5.638354230E+02, 6.260630635E-01, 3.821759647E+00, 3.821759647E+00, 2.711478118E+05
      1264, 9.416626766E-03, 3.196555423E-03, 6.000000238E-01, 9.417844658E-03, 3.192964794E-03, 5.966666667E-01, 2.216939136E-08, 0.000000000E+00, 4.704977997E+00, 5.703111126E+02, 6.189543295E-01, 2.561629355E+00, 2.561629355E+00, 2.779068524E+05
      1265, 9.768025950E-03, 1.942994655E-03, 6.000000238E-01, 9.768476459E-03, 1.940734403E-03, 5.966666667E-01, 1.888243994E-08, 0.000000000E+00, 3.305300646E+00, 5.760651381E+02, 6.127719054E-01, 1.435368285E+00, 1.435368285E+00, 2.839203924E+05
      1266, 9.951171465E-03, 6.522356416E-04, 6.000000238E-01, 9.951222830E-03, 6.514718526E-04, 5.966666667E-01, 1.585883018E-08, 0.000000000E+00, 2.736452571E+00, 5.810559730E+02, 6.075086544E-01, 4.534580738E-01, 4.534580738E-01, 2.891422197E+05
      1267, 6.534818560E-03, 7.451470941E-03, 6.000000238E-01, 6.533316761E-03, 7.452790481E-03, 5.966666667E-01, 2.883231921E-08, 0.000000000E+00, 1.085311025E+01, 5.573211146E+02, 6.333808698E-01, 5.081792315E+00, 5.081792315E+00, 2.643577708E+05
      1268, 5.516772624E-03, 8.256312460E-03, 6.000000238E-01, 5.512941629E-03, 8.258866716E-03, 5.966666667E-01, 2.463118475E-08, 0.000000000E+00, 6.862192323E+00, 5.646697452E+02, 6.251380303E-01, 3.660234962E+00, 3.660234962E+00, 2.720181229E+05
      1269, 4.398920573E-03, 8.920019493E-03, 6.000000238E-01, 4.394554939E-03, 8.922168987E-03, 5.966666667E-01, 2.131110749E-08, 0.000000000E+00, 4.549141232E+00, 5.708205228E+02, 6.184019637E-01, 2.462348822E+00, 2.462348822E+00, 2.784389439E+05
      1270, 3.201532410E-03, 9.431344457E-03, 6.000000238E-01, 3.197942209E-03, 9.432562745E-03, 5.966666667E-01, 1.836444110E-08, 0.000000000E+00, 3.270991893E+00, 5.762666980E+02, 6.125575770E-01, 1.395875177E+00, 1.395875177E+00, 2.841311751E+05
      1271, 1.945563359E-03, 9.780986235E-03, 6.000000238E-01, 1.943303088E-03, 9.781437039E-03, 5.966666667E-01, 1.563795677E-08, 0.000000000E+00, 2.734792574E+00, 5.810882433E+02, 6.074749169E-01, 4.471123616E-01, 4.471123616E-01, 2.891760015E+05
      1272, 7.451470941E-03, 6.534818560E-03, 6.000000238E-01, 7.452790481E-03, 6.533316761E-03, 5.966666667E-01, 2.883231921E-08, 0.000000000E+00, 1.085311025E+01, 5.573211146E+02, 6.333808698E-01, 5.081792315E+00, 5.081792315E+00, 2.643577708E+05
      1273, 8.256311528E-03, 5.516772624E-03, 6.000000238E-01, 8.258866716E-03, 5.512941629E-03, 5.966666667E-01, 2.463118475E-08, 0.000000000E+00, 6.862192323E+00, 5.646697452E+02, 6.251380303E-01, 3.660234962E+00, 3.660234962E+00, 2.720181229E+05
      1274, 8.920019493E-03, 4.398920573E-03, 6.000000238E-01, 8.922168987E-03, 4.394554939E-03, 5.966666667E-01, 2.131110749E-08, 0.000000000E+00, 4.549141232E+00, 5.708205228E+02, 6.184019637E-01, 2.462348822E+00, 2.462348822E+00, 2.784389439E+05
      1275, 9.431344457E-03, 3.201532643E-03, 6.000000238E-01, 9.432562745E-03, 3.197942209E-03, 5.966666667E-01, 1.836444110E-08, 0.000000000E+00, 3.270991893E+00, 5.762666980E+02, 6.125575770E-01, 1.395875177E+00, 1.395875177E+00, 2.841311751E+05
      1276, 9.780986235E-03, 1.945563476E-03, 6.000000238E-01, 9.781437039E-03, 1.943303088E-03, 5.966666667E-01, 1.563795677E-08, 0.000000000E+00, 2.734792574E+00, 5.810882433E+02, 6.074749169E-01, 4.471123616E-01, 4.471123616E-01, 2.891760015E+05
      1277, 6.548176520E-03, 7.466720883E-03, 6.000000238E-01, 6.546674358E-03, 7.468040382E-03, 5.966666667E-01, 2.389533636E-08, 0.000000000E+00, 6.612734733E+00, 5.652324076E+02, 6.245157347E-01, 3.551259342E+00, 3.551259343E+00, 2.726051425E+05
      1278, 5.526356865E-03, 8.270698600E-03, 6.000000238E-01, 5.522526575E-03, 8.273254679E-03, 5.966666667E-01, 2.040734664E-08, 0.000000000E+00, 4.392789604E+00, 5.713535088E+02, 6.178250888E-01, 2.358391389E+00, 2.358391389E+00, 2.789957218E+05
      1279, 4.405505490E-03, 8.933422156E-03, 6.000000238E-01, 4.401140675E-03, 8.935572936E-03, 5.966666667E-01, 1.765238712E-08, 0.000000000E+00, 3.225627268E+00, 5.765421025E+02, 6.122649686E-01, 1.341850191E+00, 1.341850191E+00, 2.844191955E+05
      1280, 3.205649089E-03, 9.443516843E-03, 6.000000238E-01, 3.202058951E-03, 9.444735845E-03, 5.966666667E-01, 1.520840476E-08, 0.000000000E+00, 2.731649211E+00, 5.811506203E+02, 6.074097144E-01, 4.348143068E-01, 4.348143068E-01, 2.892413006E+05
      1281, 7.466720883E-03, 6.548176520E-03, 6.000000238E-01, 7.468040382E-03, 6.546674358E-03, 5.966666667E-01, 2.389533636E-08, 0.000000000E+00, 6.612734733E+00, 5.652324076E+02, 6.245157347E-01, 3.551259342E+00, 3.551259343E+00, 2.726051425E+05
      1282, 8.270698600E-03, 5.526356865E-03, 6.000000238E-01, 8.273254679E-03, 5.522526575E-03, 5.966666667E-01, 2.040734664E-08, 0.000000000E+00, 4.392789604E+00, 5.713535088E+02, 6.178250888E-01, 2.358391389E+00, 2.358391389E+00, 2.789957218E+05
      1283, 8.933422156E-03, 4.405505490E-03, 6.000000238E-01, 8.935572936E-03, 4.401140675E-03, 5.966666667E-01, 1.765238712E-08, 0.000000000E+00, 3.225627268E+00, 5.765421025E+02, 6.122649686E-01, 1.341850191E+00, 1.341850191E+00, 2.844191955E+05
      1284, 9.443516843E-03, 3.205648856E-03, 6.000000238E-01, 9.444735845E-03, 3.202058951E-03, 5.966666667E-01, 1.520840476E-08, 0.000000000E+00, 2.731649211E+00, 5.811506203E+02, 6.074097144E-01, 4.348143068E-01, 4.348143068E-01, 2.892413006E+05
      1285, 6.559224799E-03, 7.479334250E-03, 6.000000238E-01, 6.557722250E-03, 7.480653373E-03, 5.966666667E-01, 1.979665898E-08, 0.000000000E+00, 4.291207287E+00, 5.717129810E+02, 6.174366230E-01, 2.288256294E+00, 2.288256294E+00, 2.793712759E+05
      1286, 5.534283351E-03, 8.282597177E-03, 6.000000238E-01, 5.530454140E-03, 8.285154748E-03, 5.966666667E-01, 1.690270549E-08, 0.000000000E+00, 3.180081015E+00, 5.768301821E+02, 6.119591922E-01, 1.285272834E+00, 1.285272834E+00, 2.847204896E+05
      1287, 4.410951864E-03, 8.944506757E-03, 6.000000238E-01, 4.406587631E-03, 8.946659126E-03, 5.966666667E-01, 1.461798511E-08, 0.000000000E+00, 2.727482834E+00, 5.812356591E+02, 6.073208461E-01, 4.179900970E-01, 4.179900970E-01, 2.893303245E+05
      1288, 7.479334250E-03, 6.559224799E-03, 6.000000238E-01, 7.480653373E-03, 6.557722250E-03, 5.966666667E-01, 1.979665898E-08, 0.000000000E+00, 4.291207287E+00, 5.717129810E+02, 6.174366230E-01, 2.288256294E+00, 2.288256294E+00, 2.793712759E+05
      1289, 8.282598108E-03, 5.534283351E-03, 6.000000238E-01, 8.285154748E-03, 5.530454140E-03, 5.966666667E-01, 1.690270549E-08, 0.000000000E+00, 3.180081015E+00, 5.768301821E+02, 6.119591922E-01, 1.285272834E+00, 1.285272834E+00, 2.847204896E+05
      1290, 8.944506757E-03, 4.410951864E-03, 6.000000238E-01, 8.946659126E-03, 4.406587631E-03, 5.966666667E-01, 1.461798511E-08, 0.000000000E+00, 2.727482834E+00, 5.812356591E+02, 6.073208461E-01, 4.179900970E-01, 4.179900970E-01, 2.893303245E+05
      1291, 6.568362005E-03, 7.489766460E-03, 6.000000238E-01, 6.566859797E-03, 7.491085390E-03, 5.966666667E-01, 1.639619388E-08, 0.000000000E+00, 3.150447179E+00, 5.770244607E+02, 6.117531514E-01, 1.247098998E+00, 1.247098998E+00, 2.849236903E+05
      1292, 5.540839862E-03, 8.292438462E-03, 6.000000238E-01, 5.537010900E-03, 8.294997101E-03, 5.966666667E-01, 1.399643445E-08, 0.000000000E+00, 2.723305026E+00, 5.813243781E+02, 6.072281597E-01, 4.003698378E-01, 4.003698379E-01, 2.894232028E+05
      1293, 7.489766926E-03, 6.568362471E-03, 6.000000238E-01, 7.491085390E-03, 6.566859797E-03, 5.966666667E-01, 1.639619388E-08, 0.000000000E+00, 3.150447179E+00, 5.770244607E+02, 6.117531514E-01, 1.247098998E+00, 1.247098998E+00, 2.849236903E+05
      1294, 8.292438462E-03, 5.540839862E-03, 6.000000238E-01, 8.294997101E-03, 5.537010900E-03, 5.966666667E-01, 1.399643445E-08, 0.000000000E+00, 2.723305026E+00, 5.813243781E+02, 6.072281597E-01, 4.003698378E-01, 4.003698379E-01, 2.894232028E+05
      1295, 6.575920153E-03, 7.498394698E-03, 6.000000238E-01, 6.574417313E-03, 7.499713542E-03, 5.966666667E-01, 1.357653491E-08, 0.000000000E+00, 2.720558711E+00, 5.813841100E+02, 6.071657725E-01, 3.884805527E-01, 3.884805527E-01, 2.894857360E+05
      1296, 7.498394698E-03, 6.575920153E-03, 6.000000238E-01, 7.499713542E-03, 6.574417313E-03, 5.966666667E-01, 1.357653491E-08, 0.000000000E+00, 2.720558711E+00, 5.813841100E+02, 6.071657725E-01, 3.884805527E-01, 3.884805527E-01, 2.894857360E+05
