Element Number	Structural Error (J)
1	5.6393e-011
2	5.432e-011
3	7.2492e-011
4	6.2756e-011
5	6.9525e-011
6	6.1638e-011
7	6.3947e-011
8	6.9076e-011
9	6.5111e-011
10	7.6529e-011
11	8.0828e-011
12	8.3197e-011
13	1.0234e-010
14	1.0062e-010
15	1.276e-010
16	1.3293e-010
17	1.1992e-010
18	9.4384e-011
19	8.306e-011
20	9.1072e-011
21	8.8823e-011
22	9.4457e-011
23	9.6186e-011
24	1.0943e-010
25	1.0606e-010
26	1.1001e-010
27	1.1384e-010
28	1.1232e-010
29	1.2126e-010
30	1.1624e-010
31	1.2552e-010
32	1.2618e-010
33	1.2588e-010
34	1.3389e-010
35	1.3375e-010
36	1.3548e-010
37	1.4241e-010
38	1.4489e-010
39	1.4352e-010
40	1.5176e-010
41	1.5475e-010
42	1.579e-010
43	1.5822e-010
44	1.6466e-010
45	1.6873e-010
46	1.7268e-010
47	1.7596e-010
48	1.7979e-010
49	1.841e-010
50	1.8701e-010
51	1.9266e-010
52	1.97e-010
53	2.0152e-010
54	2.0624e-010
55	2.1081e-010
56	2.1632e-010
57	2.179e-010
58	2.2979e-010
59	2.3048e-010
60	2.3682e-010
61	2.4513e-010
62	2.5142e-010
63	2.5137e-010
64	2.5255e-010
65	2.7426e-010
66	2.7588e-010
67	2.5356e-010
68	2.5174e-010
69	2.557e-010
70	2.5056e-010
71	2.4145e-010
72	2.3601e-010
73	2.3256e-010
74	2.2043e-010
75	2.2457e-010
76	2.1731e-010
77	2.1293e-010
78	2.0885e-010
79	2.0557e-010
80	2.0189e-010
81	1.9161e-010
82	1.9439e-010
83	1.9005e-010
84	1.8758e-010
85	1.8942e-010
86	1.8784e-010
87	1.9178e-010
88	1.6135e-010
89	1.8884e-010
90	1.8262e-010
91	1.9218e-010
92	1.5163e-010
93	1.8267e-010
94	1.8582e-010
95	1.4274e-010
96	1.4914e-010
97	1.8719e-010
98	1.3382e-010
99	1.6245e-010
100	1.9548e-010
101	1.3343e-010
102	1.9855e-010
103	1.2501e-010
104	1.7239e-010
105	1.4824e-010
106	1.248e-010
107	1.5096e-010
108	1.1065e-010
109	1.5073e-010
110	1.0499e-010
111	1.3941e-010
112	1.0691e-010
113	1.2223e-010
114	1.199e-010
115	1.0662e-010
116	1.6408e-010
117	9.9116e-011
118	1.4539e-010
119	8.9443e-011
120	1.0351e-010
121	1.0677e-010
122	8.7223e-011
123	1.2869e-010
124	1.599e-010
125	2.1363e-010
126	4.1452e-010
127	1.0994e-009
128	1.1621e-009
129	1.3853e-009
130	1.685e-009
131	3.8595e-011
132	4.7161e-011
133	6.6205e-011
134	7.1062e-011
135	7.5205e-011
136	6.9863e-011
137	7.1343e-011
138	7.3868e-011
139	7.8229e-011
140	8.5434e-011
141	9.4309e-011
142	1.0415e-010
143	1.2006e-010
144	1.324e-010
145	1.5551e-010
146	1.693e-010
147	1.4414e-010
148	1.0153e-010
149	7.5541e-011
150	6.5568e-011
151	7.7612e-011
152	8.6559e-011
153	1.1127e-010
154	1.1402e-010
155	1.2068e-010
156	1.225e-010
157	1.2479e-010
158	1.2956e-010
159	1.2941e-010
160	1.3642e-010
161	1.3588e-010
162	1.3969e-010
163	1.4471e-010
164	1.4514e-010
165	1.5008e-010
166	1.5441e-010
167	1.557e-010
168	1.5964e-010
169	1.6632e-010
170	1.6692e-010
171	1.7081e-010
172	1.7492e-010
173	1.8093e-010
174	1.8324e-010
175	1.8713e-010
176	1.9129e-010
177	1.9608e-010
178	2.008e-010
179	2.0515e-010
180	2.1084e-010
181	2.147e-010
182	2.1957e-010
183	2.2449e-010
184	2.2999e-010
185	2.3697e-010
186	2.5141e-010
187	2.4572e-010
188	2.5158e-010
189	2.6213e-010
190	2.6759e-010
191	2.7197e-010
192	2.7744e-010
193	2.8815e-010
194	2.9945e-010
195	2.9577e-010
196	2.9572e-010
197	3.0146e-010
198	2.9222e-010
199	2.8034e-010
200	2.7469e-010
201	2.7159e-010
202	2.666e-010
203	2.6007e-010
204	2.6013e-010
205	2.4728e-010
206	2.4394e-010
207	2.3916e-010
208	2.3417e-010
209	2.2952e-010
210	2.245e-010
211	2.2607e-010
212	2.1771e-010
213	2.1566e-010
214	2.1064e-010
215	2.0345e-010
216	2.0267e-010
217	2.0248e-010
218	2.2587e-010
219	1.9653e-010
220	1.8738e-010
221	1.8907e-010
222	2.2479e-010
223	1.843e-010
224	1.7229e-010
225	1.9181e-010
226	1.7612e-010
227	1.606e-010
228	1.9658e-010
229	1.6889e-010
230	1.6865e-010
231	2.2025e-010
232	1.5234e-010
233	1.8717e-010
234	1.6168e-010
235	1.5915e-010
236	1.5758e-010
237	1.3876e-010
238	1.5643e-010
239	1.3197e-010
240	1.4928e-010
241	1.2794e-010
242	1.3645e-010
243	1.2659e-010
244	1.2592e-010
245	1.2822e-010
246	1.3674e-010
247	1.5634e-010
248	1.1317e-010
249	1.1266e-010
250	9.4033e-011
251	9.6238e-011
252	9.8298e-011
253	1.1553e-010
254	1.7217e-010
255	2.1587e-010
256	4.5236e-010
257	1.1186e-009
258	1.2389e-009
259	1.3247e-009
260	1.7966e-009
261	5.635e-011
262	5.4307e-011
263	7.253e-011
264	6.2779e-011
265	6.9552e-011
266	6.165e-011
267	6.3978e-011
268	6.9139e-011
269	6.5131e-011
270	7.6533e-011
271	8.0799e-011
272	8.3154e-011
273	1.0229e-010
274	1.0067e-010
275	1.2764e-010
276	1.3287e-010
277	1.1983e-010
278	9.4329e-011
279	8.3062e-011
280	9.1115e-011
281	8.8883e-011
282	9.4416e-011
283	9.6169e-011
284	1.0943e-010
285	1.0603e-010
286	1.1003e-010
287	1.138e-010
288	1.1233e-010
289	1.213e-010
290	1.1628e-010
291	1.255e-010
292	1.2613e-010
293	1.2576e-010
294	1.339e-010
295	1.338e-010
296	1.3554e-010
297	1.4243e-010
298	1.4512e-010
299	1.4344e-010
300	1.5195e-010
301	1.5476e-010
302	1.5792e-010
303	1.5821e-010
304	1.6463e-010
305	1.6871e-010
306	1.7271e-010
307	1.7585e-010
308	1.7983e-010
309	1.8413e-010
310	1.8731e-010
311	1.9277e-010
312	1.971e-010
313	2.0162e-010
314	2.0614e-010
315	2.1078e-010
316	2.162e-010
317	2.1798e-010
318	2.2989e-010
319	2.3042e-010
320	2.3696e-010
321	2.4519e-010
322	2.5153e-010
323	2.5144e-010
324	2.5279e-010
325	2.7419e-010
326	2.7573e-010
327	2.5348e-010
328	2.5184e-010
329	2.5574e-010
330	2.5057e-010
331	2.4173e-010
332	2.3612e-010
333	2.3267e-010
334	2.2037e-010
335	2.2462e-010
336	2.1741e-010
337	2.1299e-010
338	2.0897e-010
339	2.0529e-010
340	2.0254e-010
341	1.8965e-010
342	1.9504e-010
343	1.8979e-010
344	1.8758e-010
345	1.8933e-010
346	1.878e-010
347	1.9164e-010
348	1.6119e-010
349	1.8862e-010
350	1.825e-010
351	1.9213e-010
352	1.5163e-010
353	1.8262e-010
354	1.8584e-010
355	1.4276e-010
356	1.4911e-010
357	1.871e-010
358	1.3378e-010
359	1.6252e-010
360	1.9554e-010
361	1.335e-010
362	1.9856e-010
363	1.2503e-010
364	1.7237e-010
365	1.4828e-010
366	1.2486e-010
367	1.5109e-010
368	1.1076e-010
369	1.5078e-010
370	1.0504e-010
371	1.3949e-010
372	1.0697e-010
373	1.2229e-010
374	1.1995e-010
375	1.0664e-010
376	1.6407e-010
377	9.9106e-011
378	1.4534e-010
379	8.9408e-011
380	1.0349e-010
381	1.0676e-010
382	8.7213e-011
383	1.2871e-010
384	1.5991e-010
385	2.1361e-010
386	4.1452e-010
387	1.0994e-009
388	1.1622e-009
389	1.3854e-009
390	1.685e-009
391	5.6426e-011
392	5.4357e-011
393	7.2525e-011
394	6.2796e-011
395	6.9571e-011
396	6.1697e-011
397	6.4032e-011
398	6.9189e-011
399	6.5196e-011
400	7.6566e-011
401	8.0803e-011
402	8.314e-011
403	1.0232e-010
404	1.0063e-010
405	1.2766e-010
406	1.3289e-010
407	1.1984e-010
408	9.4325e-011
409	8.3037e-011
410	9.1132e-011
411	8.897e-011
412	9.4409e-011
413	9.6129e-011
414	1.0944e-010
415	1.0608e-010
416	1.0997e-010
417	1.1377e-010
418	1.1233e-010
419	1.213e-010
420	1.1629e-010
421	1.2551e-010
422	1.2616e-010
423	1.2586e-010
424	1.3389e-010
425	1.3383e-010
426	1.3548e-010
427	1.4238e-010
428	1.4518e-010
429	1.4328e-010
430	1.5202e-010
431	1.5482e-010
432	1.5796e-010
433	1.5821e-010
434	1.6465e-010
435	1.687e-010
436	1.7273e-010
437	1.7593e-010
438	1.7984e-010
439	1.8412e-010
440	1.8731e-010
441	1.9274e-010
442	1.9709e-010
443	2.0173e-010
444	2.0623e-010
445	2.1083e-010
446	2.1626e-010
447	2.1809e-010
448	2.2997e-010
449	2.306e-010
450	2.3702e-010
451	2.4542e-010
452	2.5189e-010
453	2.5173e-010
454	2.5294e-010
455	2.7442e-010
456	2.7609e-010
457	2.5358e-010
458	2.5192e-010
459	2.557e-010
460	2.5075e-010
461	2.4181e-010
462	2.3623e-010
463	2.328e-010
464	2.205e-010
465	2.2464e-010
466	2.1749e-010
467	2.1304e-010
468	2.0895e-010
469	2.0523e-010
470	2.0259e-010
471	1.8963e-010
472	1.9505e-010
473	1.8984e-010
474	1.8763e-010
475	1.8932e-010
476	1.8782e-010
477	1.9161e-010
478	1.6126e-010
479	1.8859e-010
480	1.8257e-010
481	1.9212e-010
482	1.5153e-010
483	1.8268e-010
484	1.8584e-010
485	1.4282e-010
486	1.4909e-010
487	1.8706e-010
488	1.3373e-010
489	1.6253e-010
490	1.9558e-010
491	1.335e-010
492	1.9867e-010
493	1.2509e-010
494	1.7248e-010
495	1.4841e-010
496	1.2496e-010
497	1.5119e-010
498	1.1078e-010
499	1.5091e-010
500	1.0509e-010
501	1.3956e-010
502	1.0705e-010
503	1.224e-010
504	1.2005e-010
505	1.0673e-010
506	1.6414e-010
507	9.9157e-011
508	1.4538e-010
509	8.9405e-011
510	1.0345e-010
511	1.0674e-010
512	8.7177e-011
513	1.287e-010
514	1.599e-010
515	2.1362e-010
516	4.146e-010
517	1.0994e-009
518	1.1623e-009
519	1.3852e-009
520	1.685e-009
521	3.8608e-011
522	4.7182e-011
523	6.621e-011
524	7.1071e-011
525	7.5265e-011
526	6.9908e-011
527	7.1428e-011
528	7.3985e-011
529	7.8333e-011
530	8.5475e-011
531	9.4212e-011
532	1.0411e-010
533	1.1996e-010
534	1.3242e-010
535	1.556e-010
536	1.6936e-010
537	1.4408e-010
538	1.0148e-010
539	7.5508e-011
540	6.5662e-011
541	7.7769e-011
542	8.6552e-011
543	1.1129e-010
544	1.1406e-010
545	1.207e-010
546	1.2247e-010
547	1.2468e-010
548	1.2951e-010
549	1.294e-010
550	1.3636e-010
551	1.3601e-010
552	1.3988e-010
553	1.4482e-010
554	1.4519e-010
555	1.5006e-010
556	1.5441e-010
557	1.5569e-010
558	1.5958e-010
559	1.6646e-010
560	1.6683e-010
561	1.7081e-010
562	1.7488e-010
563	1.8109e-010
564	1.8312e-010
565	1.871e-010
566	1.9139e-010
567	1.9614e-010
568	2.0101e-010
569	2.0531e-010
570	2.1075e-010
571	2.147e-010
572	2.1963e-010
573	2.2473e-010
574	2.3017e-010
575	2.3711e-010
576	2.5191e-010
577	2.4592e-010
578	2.5212e-010
579	2.6247e-010
580	2.679e-010
581	2.7222e-010
582	2.7826e-010
583	2.8877e-010
584	3.0002e-010
585	2.9644e-010
586	2.9637e-010
587	3.0195e-010
588	2.9229e-010
589	2.8046e-010
590	2.7492e-010
591	2.7213e-010
592	2.6711e-010
593	2.6054e-010
594	2.6042e-010
595	2.4751e-010
596	2.444e-010
597	2.3925e-010
598	2.3435e-010
599	2.2947e-010
600	2.2453e-010
601	2.2621e-010
602	2.1765e-010
603	2.157e-010
604	2.1076e-010
605	2.0344e-010
606	2.027e-010
607	2.0229e-010
608	2.2577e-010
609	1.9651e-010
610	1.8745e-010
611	1.8905e-010
612	2.2493e-010
613	1.8434e-010
614	1.7235e-010
615	1.9168e-010
616	1.7606e-010
617	1.6052e-010
618	1.965e-010
619	1.6896e-010
620	1.6886e-010
621	2.2037e-010
622	1.5253e-010
623	1.873e-010
624	1.6179e-010
625	1.5942e-010
626	1.5782e-010
627	1.3902e-010
628	1.5672e-010
629	1.321e-010
630	1.495e-010
631	1.2819e-010
632	1.367e-010
633	1.2683e-010
634	1.2616e-010
635	1.284e-010
636	1.3686e-010
637	1.5636e-010
638	1.1318e-010
639	1.1262e-010
640	9.3989e-011
641	9.6156e-011
642	9.8246e-011
643	1.1548e-010
644	1.7215e-010
645	2.1588e-010
646	4.5237e-010
647	1.1187e-009
648	1.239e-009
649	1.3247e-009
650	1.7966e-009
651	5.6427e-011
652	5.4356e-011
653	7.2525e-011
654	6.2795e-011
655	6.9572e-011
656	6.1696e-011
657	6.403e-011
658	6.9185e-011
659	6.5185e-011
660	7.6566e-011
661	8.0804e-011
662	8.3136e-011
663	1.0231e-010
664	1.0063e-010
665	1.2764e-010
666	1.3289e-010
667	1.1984e-010
668	9.4316e-011
669	8.3037e-011
670	9.116e-011
671	8.8963e-011
672	9.441e-011
673	9.6129e-011
674	1.0944e-010
675	1.0608e-010
676	1.0997e-010
677	1.1376e-010
678	1.1234e-010
679	1.213e-010
680	1.1629e-010
681	1.255e-010
682	1.2617e-010
683	1.2585e-010
684	1.3388e-010
685	1.3383e-010
686	1.3547e-010
687	1.4238e-010
688	1.4528e-010
689	1.4315e-010
690	1.5214e-010
691	1.5476e-010
692	1.5796e-010
693	1.582e-010
694	1.6465e-010
695	1.6872e-010
696	1.7273e-010
697	1.7594e-010
698	1.7984e-010
699	1.8412e-010
700	1.873e-010
701	1.928e-010
702	1.9708e-010
703	2.0172e-010
704	2.0623e-010
705	2.1083e-010
706	2.1627e-010
707	2.1809e-010
708	2.2997e-010
709	2.3063e-010
710	2.3711e-010
711	2.4541e-010
712	2.5189e-010
713	2.5174e-010
714	2.5293e-010
715	2.7448e-010
716	2.761e-010
717	2.5358e-010
718	2.5192e-010
719	2.557e-010
720	2.5074e-010
721	2.4181e-010
722	2.3623e-010
723	2.3281e-010
724	2.205e-010
725	2.2464e-010
726	2.1749e-010
727	2.1305e-010
728	2.0896e-010
729	2.0543e-010
730	2.0188e-010
731	1.9152e-010
732	1.9437e-010
733	1.8996e-010
734	1.8756e-010
735	1.893e-010
736	1.8783e-010
737	1.9161e-010
738	1.6126e-010
739	1.8864e-010
740	1.8257e-010
741	1.9213e-010
742	1.5154e-010
743	1.8268e-010
744	1.8585e-010
745	1.4283e-010
746	1.4909e-010
747	1.8702e-010
748	1.3373e-010
749	1.6253e-010
750	1.9564e-010
751	1.3351e-010
752	1.9868e-010
753	1.2508e-010
754	1.7248e-010
755	1.4841e-010
756	1.2495e-010
757	1.5122e-010
758	1.1078e-010
759	1.5091e-010
760	1.0508e-010
761	1.3955e-010
762	1.0704e-010
763	1.2239e-010
764	1.2004e-010
765	1.0675e-010
766	1.6414e-010
767	9.9145e-011
768	1.4539e-010
769	8.9402e-011
770	1.0345e-010
771	1.0673e-010
772	8.717e-011
773	1.2871e-010
774	1.599e-010
775	2.1362e-010
776	4.146e-010
777	1.0994e-009
778	1.1623e-009
779	1.3852e-009
780	1.685e-009
781	5.6351e-011
782	5.4305e-011
783	7.2524e-011
784	6.2776e-011
785	6.9537e-011
786	6.1658e-011
787	6.3973e-011
788	6.9133e-011
789	6.5136e-011
790	7.6543e-011
791	8.0792e-011
792	8.3143e-011
793	1.0231e-010
794	1.0067e-010
795	1.2762e-010
796	1.3289e-010
797	1.1984e-010
798	9.4326e-011
799	8.3054e-011
800	9.1089e-011
801	8.886e-011
802	9.4418e-011
803	9.617e-011
804	1.094e-010
805	1.0603e-010
806	1.1004e-010
807	1.1381e-010
808	1.1233e-010
809	1.2127e-010
810	1.163e-010
811	1.2548e-010
812	1.2613e-010
813	1.2578e-010
814	1.3388e-010
815	1.3385e-010
816	1.355e-010
817	1.4241e-010
818	1.4533e-010
819	1.4313e-010
820	1.5218e-010
821	1.5478e-010
822	1.5788e-010
823	1.5819e-010
824	1.6468e-010
825	1.6871e-010
826	1.727e-010
827	1.7588e-010
828	1.798e-010
829	1.8412e-010
830	1.8729e-010
831	1.9276e-010
832	1.9714e-010
833	2.0161e-010
834	2.0613e-010
835	2.1082e-010
836	2.1621e-010
837	2.18e-010
838	2.2989e-010
839	2.3044e-010
840	2.3696e-010
841	2.4517e-010
842	2.5153e-010
843	2.5146e-010
844	2.5279e-010
845	2.7413e-010
846	2.7575e-010
847	2.5355e-010
848	2.5181e-010
849	2.5572e-010
850	2.5059e-010
851	2.4167e-010
852	2.3613e-010
853	2.327e-010
854	2.2034e-010
855	2.246e-010
856	2.174e-010
857	2.1302e-010
858	2.09e-010
859	2.0543e-010
860	2.0179e-010
861	1.9171e-010
862	1.9426e-010
863	1.8993e-010
864	1.8761e-010
865	1.8932e-010
866	1.8789e-010
867	1.9162e-010
868	1.6118e-010
869	1.8856e-010
870	1.8253e-010
871	1.9207e-010
872	1.5164e-010
873	1.8262e-010
874	1.8584e-010
875	1.4276e-010
876	1.4911e-010
877	1.8709e-010
878	1.3379e-010
879	1.6256e-010
880	1.9553e-010
881	1.3349e-010
882	1.9863e-010
883	1.2501e-010
884	1.7235e-010
885	1.4829e-010
886	1.2486e-010
887	1.5108e-010
888	1.1075e-010
889	1.5077e-010
890	1.0503e-010
891	1.3947e-010
892	1.0697e-010
893	1.223e-010
894	1.1994e-010
895	1.0664e-010
896	1.6408e-010
897	9.9105e-011
898	1.4535e-010
899	8.9407e-011
900	1.0349e-010
901	1.0675e-010
902	8.7229e-011
903	1.2871e-010
904	1.5991e-010
905	2.1361e-010
906	4.1455e-010
907	1.0994e-009
908	1.1622e-009
909	1.3853e-009
910	1.685e-009
911	3.8582e-011
912	4.7176e-011
913	6.6182e-011
914	7.1048e-011
915	7.5206e-011
916	6.9816e-011
917	7.1357e-011
918	7.3873e-011
919	7.8234e-011
920	8.543e-011
921	9.4275e-011
922	1.0416e-010
923	1.2005e-010
924	1.3243e-010
925	1.5552e-010
926	1.6935e-010
927	1.4417e-010
928	1.0154e-010
929	7.5565e-011
930	6.5572e-011
931	7.7596e-011
932	8.655e-011
933	1.1127e-010
934	1.1407e-010
935	1.2063e-010
936	1.2251e-010
937	1.248e-010
938	1.296e-010
939	1.2937e-010
940	1.3641e-010
941	1.3586e-010
942	1.3966e-010
943	1.4474e-010
944	1.4513e-010
945	1.5012e-010
946	1.5442e-010
947	1.5574e-010
948	1.5956e-010
949	1.6662e-010
950	1.6678e-010
951	1.7079e-010
952	1.7496e-010
953	1.8096e-010
954	1.8331e-010
955	1.8716e-010
956	1.913e-010
957	1.961e-010
958	2.0082e-010
959	2.0517e-010
960	2.1084e-010
961	2.1475e-010
962	2.1947e-010
963	2.2453e-010
964	2.2992e-010
965	2.3694e-010
966	2.5139e-010
967	2.4572e-010
968	2.5158e-010
969	2.6208e-010
970	2.6745e-010
971	2.7196e-010
972	2.7729e-010
973	2.8811e-010
974	2.9948e-010
975	2.9588e-010
976	2.9581e-010
977	3.0146e-010
978	2.9213e-010
979	2.8042e-010
980	2.7463e-010
981	2.7149e-010
982	2.6655e-010
983	2.6006e-010
984	2.6017e-010
985	2.4726e-010
986	2.4391e-010
987	2.3921e-010
988	2.3423e-010
989	2.2954e-010
990	2.2488e-010
991	2.2568e-010
992	2.1798e-010
993	2.156e-010
994	2.1064e-010
995	2.0344e-010
996	2.0266e-010
997	2.0243e-010
998	2.258e-010
999	1.9651e-010
1000	1.8745e-010
1001	1.8904e-010
1002	2.2469e-010
1003	1.8432e-010
1004	1.7233e-010
1005	1.9176e-010
1006	1.7612e-010
1007	1.6062e-010
1008	1.9658e-010
1009	1.6892e-010
1010	1.6867e-010
1011	2.2022e-010
1012	1.5236e-010
1013	1.8712e-010
1014	1.6159e-010
1015	1.5918e-010
1016	1.5752e-010
1017	1.3879e-010
1018	1.5645e-010
1019	1.3191e-010
1020	1.4927e-010
1021	1.279e-010
1022	1.3646e-010
1023	1.2662e-010
1024	1.259e-010
1025	1.2824e-010
1026	1.3673e-010
1027	1.5625e-010
1028	1.1316e-010
1029	1.1263e-010
1030	9.4039e-011
1031	9.6231e-011
1032	9.8293e-011
1033	1.1551e-010
1034	1.7217e-010
1035	2.1588e-010
1036	4.5238e-010
1037	1.1186e-009
1038	1.2389e-009
1039	1.3246e-009
1040	1.7967e-009
1041	5.6382e-011
1042	5.4322e-011
1043	7.2484e-011
1044	6.2757e-011
1045	6.9526e-011
1046	6.1634e-011
1047	6.395e-011
1048	6.9101e-011
1049	6.5121e-011
1050	7.6514e-011
1051	8.0838e-011
1052	8.3187e-011
1053	1.023e-010
1054	1.0062e-010
1055	1.2761e-010
1056	1.3293e-010
1057	1.1992e-010
1058	9.4421e-011
1059	8.3094e-011
1060	9.1066e-011
1061	8.8841e-011
1062	9.444e-011
1063	9.6206e-011
1064	1.0942e-010
1065	1.0605e-010
1066	1.1005e-010
1067	1.1383e-010
1068	1.1232e-010
1069	1.2127e-010
1070	1.1623e-010
1071	1.255e-010
1072	1.262e-010
1073	1.2587e-010
1074	1.3388e-010
1075	1.3372e-010
1076	1.3553e-010
1077	1.4237e-010
1078	1.4526e-010
1079	1.4312e-010
1080	1.5215e-010
1081	1.5472e-010
1082	1.5787e-010
1083	1.5821e-010
1084	1.6468e-010
1085	1.6871e-010
1086	1.7269e-010
1087	1.7594e-010
1088	1.7978e-010
1089	1.841e-010
1090	1.8704e-010
1091	1.9262e-010
1092	1.9701e-010
1093	2.0147e-010
1094	2.0622e-010
1095	2.1078e-010
1096	2.1628e-010
1097	2.1794e-010
1098	2.2974e-010
1099	2.3046e-010
1100	2.3681e-010
1101	2.4512e-010
1102	2.514e-010
1103	2.5132e-010
1104	2.5255e-010
1105	2.7422e-010
1106	2.7586e-010
1107	2.5354e-010
1108	2.5171e-010
1109	2.5565e-010
1110	2.5054e-010
1111	2.4141e-010
1112	2.3597e-010
1113	2.326e-010
1114	2.2043e-010
1115	2.2456e-010
1116	2.1733e-010
1117	2.1292e-010
1118	2.0891e-010
1119	2.0551e-010
1120	2.0186e-010
1121	1.9178e-010
1122	1.9436e-010
1123	1.9004e-010
1124	1.876e-010
1125	1.8937e-010
1126	1.8787e-010
1127	1.916e-010
1128	1.6122e-010
1129	1.8872e-010
1130	1.8269e-010
1131	1.9222e-010
1132	1.5162e-010
1133	1.8264e-010
1134	1.858e-010
1135	1.4273e-010
1136	1.4913e-010
1137	1.8717e-010
1138	1.3383e-010
1139	1.6247e-010
1140	1.9547e-010
1141	1.3342e-010
1142	1.9851e-010
1143	1.2499e-010
1144	1.7235e-010
1145	1.4825e-010
1146	1.2478e-010
1147	1.5095e-010
1148	1.1063e-010
1149	1.5071e-010
1150	1.0498e-010
1151	1.394e-010
1152	1.069e-010
1153	1.2221e-010
1154	1.1993e-010
1155	1.0662e-010
1156	1.6409e-010
1157	9.9117e-011
1158	1.4536e-010
1159	8.9428e-011
1160	1.0352e-010
1161	1.0678e-010
1162	8.7229e-011
1163	1.2869e-010
1164	1.5991e-010
1165	2.1361e-010
1166	4.1455e-010
1167	1.0995e-009
1168	1.1622e-009
1169	1.3852e-009
1170	1.685e-009
1171	5.6382e-011
1172	5.432e-011
1173	7.2497e-011
1174	6.2756e-011
1175	6.9533e-011
1176	6.1633e-011
1177	6.3949e-011
1178	6.911e-011
1179	6.5116e-011
1180	7.6517e-011
1181	8.0824e-011
1182	8.3199e-011
1183	1.0231e-010
1184	1.0062e-010
1185	1.2762e-010
1186	1.3293e-010
1187	1.1992e-010
1188	9.4421e-011
1189	8.3091e-011
1190	9.108e-011
1191	8.8827e-011
1192	9.4431e-011
1193	9.6206e-011
1194	1.0943e-010
1195	1.0604e-010
1196	1.1005e-010
1197	1.1382e-010
1198	1.1232e-010
1199	1.2127e-010
1200	1.1623e-010
1201	1.255e-010
1202	1.262e-010
1203	1.2586e-010
1204	1.3387e-010
1205	1.3371e-010
1206	1.3552e-010
1207	1.4237e-010
1208	1.4524e-010
1209	1.4311e-010
1210	1.5213e-010
1211	1.5473e-010
1212	1.5787e-010
1213	1.5824e-010
1214	1.6466e-010
1215	1.687e-010
1216	1.7268e-010
1217	1.7594e-010
1218	1.7977e-010
1219	1.8409e-010
1220	1.8704e-010
1221	1.9262e-010
1222	1.9701e-010
1223	2.0147e-010
1224	2.0622e-010
1225	2.1078e-010
1226	2.1628e-010
1227	2.1794e-010
1228	2.2973e-010
1229	2.3045e-010
1230	2.368e-010
1231	2.4517e-010
1232	2.514e-010
1233	2.5132e-010
1234	2.5255e-010
1235	2.7421e-010
1236	2.7586e-010
1237	2.5354e-010
1238	2.517e-010
1239	2.5563e-010
1240	2.5052e-010
1241	2.4148e-010
1242	2.3601e-010
1243	2.3256e-010
1244	2.2041e-010
1245	2.2456e-010
1246	2.1733e-010
1247	2.1291e-010
1248	2.0891e-010
1249	2.055e-010
1250	2.0184e-010
1251	1.9178e-010
1252	1.9433e-010
1253	1.9003e-010
1254	1.876e-010
1255	1.8932e-010
1256	1.8794e-010
1257	1.9165e-010
1258	1.6106e-010
1259	1.8873e-010
1260	1.8271e-010
1261	1.9217e-010
1262	1.516e-010
1263	1.8268e-010
1264	1.8582e-010
1265	1.4274e-010
1266	1.4912e-010
1267	1.8715e-010
1268	1.3383e-010
1269	1.6247e-010
1270	1.9544e-010
1271	1.3342e-010
1272	1.9853e-010
1273	1.2499e-010
1274	1.7234e-010
1275	1.4824e-010
1276	1.2479e-010
1277	1.5095e-010
1278	1.1063e-010
1279	1.5071e-010
1280	1.0497e-010
1281	1.3942e-010
1282	1.069e-010
1283	1.2221e-010
1284	1.1992e-010
1285	1.0662e-010
1286	1.6409e-010
1287	9.9117e-011
1288	1.4538e-010
1289	8.9426e-011
1290	1.0352e-010
1291	1.0677e-010
1292	8.7221e-011
1293	1.2874e-010
1294	1.599e-010
1295	2.1363e-010
1296	4.1455e-010
1297	1.0995e-009
1298	1.1622e-009
1299	1.3852e-009
1300	1.685e-009
1301	3.8587e-011
1302	4.7167e-011
1303	6.6194e-011
1304	7.1034e-011
1305	7.5213e-011
1306	6.9829e-011
1307	7.1343e-011
1308	7.3876e-011
1309	7.8217e-011
1310	8.5409e-011
1311	9.4298e-011
1312	1.0417e-010
1313	1.2006e-010
1314	1.3244e-010
1315	1.5554e-010
1316	1.693e-010
1317	1.4415e-010
1318	1.0153e-010
1319	7.556e-011
1320	6.5573e-011
1321	7.7593e-011
1322	8.6564e-011
1323	1.1125e-010
1324	1.1408e-010
1325	1.2059e-010
1326	1.2252e-010
1327	1.2478e-010
1328	1.2962e-010
1329	1.2938e-010
1330	1.364e-010
1331	1.3585e-010
1332	1.3968e-010
1333	1.4473e-010
1334	1.4512e-010
1335	1.5015e-010
1336	1.5439e-010
1337	1.5573e-010
1338	1.5954e-010
1339	1.6661e-010
1340	1.6681e-010
1341	1.7078e-010
1342	1.7496e-010
1343	1.8099e-010
1344	1.833e-010
1345	1.8714e-010
1346	1.9133e-010
1347	1.9607e-010
1348	2.0085e-010
1349	2.052e-010
1350	2.1074e-010
1351	2.1477e-010
1352	2.1938e-010
1353	2.2454e-010
1354	2.2992e-010
1355	2.3695e-010
1356	2.5142e-010
1357	2.4571e-010
1358	2.5162e-010
1359	2.6202e-010
1360	2.6748e-010
1361	2.7194e-010
1362	2.7734e-010
1363	2.881e-010
1364	2.9953e-010
1365	2.9591e-010
1366	2.9582e-010
1367	3.0142e-010
1368	2.9217e-010
1369	2.8045e-010
1370	2.7462e-010
1371	2.7153e-010
1372	2.6656e-010
1373	2.6008e-010
1374	2.6019e-010
1375	2.4729e-010
1376	2.4394e-010
1377	2.3916e-010
1378	2.3414e-010
1379	2.2957e-010
1380	2.2471e-010
1381	2.2579e-010
1382	2.179e-010
1383	2.1558e-010
1384	2.1063e-010
1385	2.0346e-010
1386	2.0261e-010
1387	2.0265e-010
1388	2.2548e-010
1389	1.9674e-010
1390	1.8736e-010
1391	1.8905e-010
1392	2.2477e-010
1393	1.8433e-010
1394	1.7233e-010
1395	1.9178e-010
1396	1.7605e-010
1397	1.6066e-010
1398	1.9664e-010
1399	1.6894e-010
1400	1.6869e-010
1401	2.2019e-010
1402	1.5238e-010
1403	1.8717e-010
1404	1.6161e-010
1405	1.5919e-010
1406	1.5752e-010
1407	1.3878e-010
1408	1.5647e-010
1409	1.3192e-010
1410	1.4927e-010
1411	1.279e-010
1412	1.3643e-010
1413	1.2661e-010
1414	1.2592e-010
1415	1.2823e-010
1416	1.3674e-010
1417	1.5624e-010
1418	1.1317e-010
1419	1.1263e-010
1420	9.4034e-011
1421	9.6236e-011
1422	9.8325e-011
1423	1.1551e-010
1424	1.722e-010
1425	2.1584e-010
1426	4.5234e-010
1427	1.1186e-009
1428	1.2389e-009
1429	1.3247e-009
1430	1.7967e-009
1431	5.6355e-011
1432	5.4315e-011
1433	7.2517e-011
1434	6.2772e-011
1435	6.9554e-011
1436	6.1654e-011
1437	6.3973e-011
1438	6.9136e-011
1439	6.5133e-011
1440	7.6546e-011
1441	8.0797e-011
1442	8.3146e-011
1443	1.0232e-010
1444	1.0067e-010
1445	1.276e-010
1446	1.3287e-010
1447	1.1984e-010
1448	9.432e-011
1449	8.3064e-011
1450	9.1076e-011
1451	8.8854e-011
1452	9.4432e-011
1453	9.6163e-011
1454	1.0941e-010
1455	1.0604e-010
1456	1.1003e-010
1457	1.1381e-010
1458	1.1235e-010
1459	1.2128e-010
1460	1.1631e-010
1461	1.2547e-010
1462	1.2614e-010
1463	1.2577e-010
1464	1.339e-010
1465	1.3381e-010
1466	1.355e-010
1467	1.4242e-010
1468	1.4535e-010
1469	1.4319e-010
1470	1.5219e-010
1471	1.5478e-010
1472	1.579e-010
1473	1.5821e-010
1474	1.6465e-010
1475	1.6874e-010
1476	1.7269e-010
1477	1.7586e-010
1478	1.7981e-010
1479	1.8412e-010
1480	1.8729e-010
1481	1.9275e-010
1482	1.9713e-010
1483	2.016e-010
1484	2.0614e-010
1485	2.1081e-010
1486	2.1622e-010
1487	2.1798e-010
1488	2.2993e-010
1489	2.3042e-010
1490	2.3696e-010
1491	2.4514e-010
1492	2.5164e-010
1493	2.5138e-010
1494	2.5273e-010
1495	2.7419e-010
1496	2.7574e-010
1497	2.5353e-010
1498	2.5185e-010
1499	2.5572e-010
1500	2.5061e-010
1501	2.4167e-010
1502	2.3613e-010
1503	2.3268e-010
1504	2.2034e-010
1505	2.246e-010
1506	2.1741e-010
1507	2.1298e-010
1508	2.0896e-010
1509	2.054e-010
1510	2.0219e-010
1511	1.9169e-010
1512	1.9466e-010
1513	1.8985e-010
1514	1.8758e-010
1515	1.8933e-010
1516	1.8788e-010
1517	1.9169e-010
1518	1.6105e-010
1519	1.8865e-010
1520	1.8258e-010
1521	1.9206e-010
1522	1.5161e-010
1523	1.8265e-010
1524	1.8583e-010
1525	1.4275e-010
1526	1.4913e-010
1527	1.8713e-010
1528	1.338e-010
1529	1.6254e-010
1530	1.9556e-010
1531	1.3347e-010
1532	1.9858e-010
1533	1.25e-010
1534	1.7241e-010
1535	1.483e-010
1536	1.2484e-010
1537	1.5108e-010
1538	1.1073e-010
1539	1.5081e-010
1540	1.0503e-010
1541	1.3944e-010
1542	1.0695e-010
1543	1.2229e-010
1544	1.1995e-010
1545	1.0665e-010
1546	1.641e-010
1547	9.9101e-011
1548	1.4535e-010
1549	8.9413e-011
1550	1.035e-010
1551	1.0678e-010
1552	8.7219e-011
1553	1.2873e-010
1554	1.599e-010
1555	2.1362e-010
1556	4.1458e-010
1557	1.0994e-009
1558	1.1622e-009
1559	1.3853e-009
1560	1.6851e-009
1561	5.6423e-011
1562	5.4363e-011
1563	7.2532e-011
1564	6.2786e-011
1565	6.9584e-011
1566	6.1706e-011
1567	6.4039e-011
1568	6.9178e-011
1569	6.5188e-011
1570	7.6559e-011
1571	8.0812e-011
1572	8.3159e-011
1573	1.023e-010
1574	1.0065e-010
1575	1.2764e-010
1576	1.3291e-010
1577	1.1984e-010
1578	9.4302e-011
1579	8.3045e-011
1580	9.1191e-011
1581	8.8942e-011
1582	9.4437e-011
1583	9.6135e-011
1584	1.0943e-010
1585	1.0606e-010
1586	1.0997e-010
1587	1.1376e-010
1588	1.1232e-010
1589	1.213e-010
1590	1.1628e-010
1591	1.2552e-010
1592	1.2616e-010
1593	1.2583e-010
1594	1.339e-010
1595	1.3382e-010
1596	1.3547e-010
1597	1.4239e-010
1598	1.453e-010
1599	1.4313e-010
1600	1.5213e-010
1601	1.5479e-010
1602	1.5794e-010
1603	1.5822e-010
1604	1.6466e-010
1605	1.6869e-010
1606	1.7269e-010
1607	1.7591e-010
1608	1.7983e-010
1609	1.8416e-010
1610	1.8729e-010
1611	1.9283e-010
1612	1.9713e-010
1613	2.017e-010
1614	2.0625e-010
1615	2.1089e-010
1616	2.1631e-010
1617	2.1806e-010
1618	2.2998e-010
1619	2.3063e-010
1620	2.3708e-010
1621	2.4539e-010
1622	2.5189e-010
1623	2.5174e-010
1624	2.5298e-010
1625	2.7452e-010
1626	2.7606e-010
1627	2.5357e-010
1628	2.5188e-010
1629	2.5569e-010
1630	2.5078e-010
1631	2.4179e-010
1632	2.362e-010
1633	2.3281e-010
1634	2.2055e-010
1635	2.2465e-010
1636	2.1749e-010
1637	2.1308e-010
1638	2.0891e-010
1639	2.0543e-010
1640	2.0202e-010
1641	1.921e-010
1642	1.9456e-010
1643	1.8997e-010
1644	1.8756e-010
1645	1.8932e-010
1646	1.8786e-010
1647	1.9162e-010
1648	1.6107e-010
1649	1.8862e-010
1650	1.8258e-010
1651	1.9215e-010
1652	1.5156e-010
1653	1.827e-010
1654	1.8586e-010
1655	1.4284e-010
1656	1.4912e-010
1657	1.8709e-010
1658	1.3371e-010
1659	1.6255e-010
1660	1.9564e-010
1661	1.3351e-010
1662	1.9865e-010
1663	1.2508e-010
1664	1.7246e-010
1665	1.4839e-010
1666	1.2498e-010
1667	1.512e-010
1668	1.1083e-010
1669	1.5089e-010
1670	1.0511e-010
1671	1.3954e-010
1672	1.0705e-010
1673	1.2238e-010
1674	1.2004e-010
1675	1.0674e-010
1676	1.6409e-010
1677	9.9135e-011
1678	1.4539e-010
1679	8.9406e-011
1680	1.0349e-010
1681	1.0677e-010
1682	8.7149e-011
1683	1.2872e-010
1684	1.5991e-010
1685	2.136e-010
1686	4.1454e-010
1687	1.0995e-009
1688	1.1622e-009
1689	1.3852e-009
1690	1.6851e-009
1691	3.8622e-011
1692	4.718e-011
1693	6.6236e-011
1694	7.106e-011
1695	7.5278e-011
1696	6.9902e-011
1697	7.1464e-011
1698	7.3968e-011
1699	7.8292e-011
1700	8.5457e-011
1701	9.4258e-011
1702	1.041e-010
1703	1.2002e-010
1704	1.3243e-010
1705	1.5556e-010
1706	1.6933e-010
1707	1.4411e-010
1708	1.014e-010
1709	7.5532e-011
1710	6.57e-011
1711	7.7777e-011
1712	8.6558e-011
1713	1.112e-010
1714	1.141e-010
1715	1.2069e-010
1716	1.2237e-010
1717	1.2472e-010
1718	1.2958e-010
1719	1.2942e-010
1720	1.3639e-010
1721	1.3594e-010
1722	1.3989e-010
1723	1.4487e-010
1724	1.4505e-010
1725	1.5004e-010
1726	1.544e-010
1727	1.5576e-010
1728	1.5951e-010
1729	1.6647e-010
1730	1.6671e-010
1731	1.7084e-010
1732	1.7492e-010
1733	1.8103e-010
1734	1.8319e-010
1735	1.871e-010
1736	1.9136e-010
1737	1.9612e-010
1738	2.0095e-010
1739	2.0533e-010
1740	2.1076e-010
1741	2.1472e-010
1742	2.1973e-010
1743	2.2485e-010
1744	2.3021e-010
1745	2.372e-010
1746	2.5194e-010
1747	2.4598e-010
1748	2.5202e-010
1749	2.6237e-010
1750	2.6786e-010
1751	2.7233e-010
1752	2.7826e-010
1753	2.888e-010
1754	3.0012e-010
1755	2.9656e-010
1756	2.9645e-010
1757	3.0201e-010
1758	2.9236e-010
1759	2.804e-010
1760	2.7495e-010
1761	2.7222e-010
1762	2.6685e-010
1763	2.604e-010
1764	2.6064e-010
1765	2.4751e-010
1766	2.4445e-010
1767	2.3923e-010
1768	2.3449e-010
1769	2.2932e-010
1770	2.2557e-010
1771	2.2529e-010
1772	2.1863e-010
1773	2.156e-010
1774	2.1087e-010
1775	2.0345e-010
1776	2.0259e-010
1777	2.0255e-010
1778	2.2558e-010
1779	1.9661e-010
1780	1.8739e-010
1781	1.8903e-010
1782	2.249e-010
1783	1.8433e-010
1784	1.7234e-010
1785	1.9169e-010
1786	1.7616e-010
1787	1.6055e-010
1788	1.9641e-010
1789	1.6897e-010
1790	1.6885e-010
1791	2.2038e-010
1792	1.525e-010
1793	1.8736e-010
1794	1.618e-010
1795	1.5941e-010
1796	1.5789e-010
1797	1.3902e-010
1798	1.5674e-010
1799	1.3214e-010
1800	1.495e-010
1801	1.2813e-010
1802	1.3666e-010
1803	1.2684e-010
1804	1.2615e-010
1805	1.2839e-010
1806	1.3682e-010
1807	1.5629e-010
1808	1.132e-010
1809	1.1267e-010
1810	9.4039e-011
1811	9.6165e-011
1812	9.825e-011
1813	1.1549e-010
1814	1.7219e-010
1815	2.1581e-010
1816	4.524e-010
1817	1.1186e-009
1818	1.2391e-009
1819	1.3247e-009
1820	1.7967e-009
1821	5.6419e-011
1822	5.4363e-011
1823	7.2532e-011
1824	6.2786e-011
1825	6.9585e-011
1826	6.1707e-011
1827	6.4039e-011
1828	6.9178e-011
1829	6.5188e-011
1830	7.6559e-011
1831	8.0812e-011
1832	8.316e-011
1833	1.023e-010
1834	1.0065e-010
1835	1.2764e-010
1836	1.3291e-010
1837	1.1984e-010
1838	9.4302e-011
1839	8.3046e-011
1840	9.1191e-011
1841	8.8938e-011
1842	9.4434e-011
1843	9.6135e-011
1844	1.0943e-010
1845	1.0606e-010
1846	1.0998e-010
1847	1.1376e-010
1848	1.1232e-010
1849	1.213e-010
1850	1.1629e-010
1851	1.2551e-010
1852	1.2616e-010
1853	1.2582e-010
1854	1.339e-010
1855	1.3382e-010
1856	1.3547e-010
1857	1.4238e-010
1858	1.4531e-010
1859	1.4313e-010
1860	1.5213e-010
1861	1.5479e-010
1862	1.5794e-010
1863	1.5822e-010
1864	1.6466e-010
1865	1.6869e-010
1866	1.7269e-010
1867	1.759e-010
1868	1.7983e-010
1869	1.8415e-010
1870	1.8728e-010
1871	1.9283e-010
1872	1.9713e-010
1873	2.017e-010
1874	2.0625e-010
1875	2.1089e-010
1876	2.1631e-010
1877	2.1806e-010
1878	2.2998e-010
1879	2.3067e-010
1880	2.3707e-010
1881	2.4538e-010
1882	2.5187e-010
1883	2.5174e-010
1884	2.5298e-010
1885	2.7452e-010
1886	2.7606e-010
1887	2.5362e-010
1888	2.5186e-010
1889	2.5567e-010
1890	2.508e-010
1891	2.4178e-010
1892	2.362e-010
1893	2.3281e-010
1894	2.2055e-010
1895	2.2464e-010
1896	2.1747e-010
1897	2.1308e-010
1898	2.0894e-010
1899	2.053e-010
1900	2.0242e-010
1901	1.9119e-010
1902	1.9492e-010
1903	1.8991e-010
1904	1.8756e-010
1905	1.8934e-010
1906	1.8781e-010
1907	1.9165e-010
1908	1.6131e-010
1909	1.8861e-010
1910	1.8253e-010
1911	1.9215e-010
1912	1.5155e-010
1913	1.8268e-010
1914	1.8589e-010
1915	1.4283e-010
1916	1.4909e-010
1917	1.8709e-010
1918	1.3372e-010
1919	1.6255e-010
1920	1.9564e-010
1921	1.3351e-010
1922	1.9865e-010
1923	1.2508e-010
1924	1.7245e-010
1925	1.4839e-010
1926	1.2498e-010
1927	1.512e-010
1928	1.1083e-010
1929	1.5089e-010
1930	1.0511e-010
1931	1.3954e-010
1932	1.0705e-010
1933	1.2238e-010
1934	1.2004e-010
1935	1.0674e-010
1936	1.6409e-010
1937	9.9135e-011
1938	1.4538e-010
1939	8.9416e-011
1940	1.0349e-010
1941	1.0677e-010
1942	8.7163e-011
1943	1.2872e-010
1944	1.5991e-010
1945	2.136e-010
1946	4.1454e-010
1947	1.0994e-009
1948	1.1622e-009
1949	1.3852e-009
1950	1.6851e-009
1951	5.6358e-011
1952	5.4314e-011
1953	7.2516e-011
1954	6.2767e-011
1955	6.9553e-011
1956	6.1653e-011
1957	6.397e-011
1958	6.9135e-011
1959	6.5133e-011
1960	7.6546e-011
1961	8.0819e-011
1962	8.3142e-011
1963	1.0231e-010
1964	1.0067e-010
1965	1.276e-010
1966	1.3287e-010
1967	1.1984e-010
1968	9.4325e-011
1969	8.3048e-011
1970	9.1076e-011
1971	8.8853e-011
1972	9.4427e-011
1973	9.615e-011
1974	1.0943e-010
1975	1.0604e-010
1976	1.1003e-010
1977	1.138e-010
1978	1.1235e-010
1979	1.213e-010
1980	1.1631e-010
1981	1.2547e-010
1982	1.2614e-010
1983	1.2577e-010
1984	1.339e-010
1985	1.3383e-010
1986	1.355e-010
1987	1.424e-010
1988	1.4536e-010
1989	1.4319e-010
1990	1.522e-010
1991	1.5478e-010
1992	1.5788e-010
1993	1.5822e-010
1994	1.6465e-010
1995	1.6874e-010
1996	1.7269e-010
1997	1.7587e-010
1998	1.7981e-010
1999	1.8412e-010
2000	1.8729e-010
2001	1.9274e-010
2002	1.9711e-010
2003	2.0159e-010
2004	2.0616e-010
2005	2.1081e-010
2006	2.1625e-010
2007	2.1797e-010
2008	2.2993e-010
2009	2.3041e-010
2010	2.3693e-010
2011	2.4518e-010
2012	2.5164e-010
2013	2.5143e-010
2014	2.5271e-010
2015	2.7416e-010
2016	2.7579e-010
2017	2.5353e-010
2018	2.5185e-010
2019	2.5571e-010
2020	2.5061e-010
2021	2.4167e-010
2022	2.3613e-010
2023	2.3266e-010
2024	2.2031e-010
2025	2.2462e-010
2026	2.1737e-010
2027	2.1298e-010
2028	2.0895e-010
2029	2.0529e-010
2030	2.0241e-010
2031	1.9072e-010
2032	1.9491e-010
2033	1.8979e-010
2034	1.8756e-010
2035	1.8936e-010
2036	1.8783e-010
2037	1.9159e-010
2038	1.6121e-010
2039	1.8857e-010
2040	1.8255e-010
2041	1.9211e-010
2042	1.5162e-010
2043	1.8264e-010
2044	1.8579e-010
2045	1.4277e-010
2046	1.4913e-010
2047	1.8712e-010
2048	1.3378e-010
2049	1.6254e-010
2050	1.9555e-010
2051	1.3347e-010
2052	1.9858e-010
2053	1.25e-010
2054	1.724e-010
2055	1.483e-010
2056	1.2485e-010
2057	1.5107e-010
2058	1.1073e-010
2059	1.5083e-010
2060	1.0504e-010
2061	1.3944e-010
2062	1.0695e-010
2063	1.2228e-010
2064	1.1997e-010
2065	1.0665e-010
2066	1.6412e-010
2067	9.91e-011
2068	1.4536e-010
2069	8.9436e-011
2070	1.0349e-010
2071	1.0678e-010
2072	8.7219e-011
2073	1.2872e-010
2074	1.5992e-010
2075	2.1362e-010
2076	4.1457e-010
2077	1.0994e-009
2078	1.1622e-009
2079	1.3853e-009
2080	1.6851e-009
2081	3.8588e-011
2082	4.7169e-011
2083	6.6199e-011
2084	7.1043e-011
2085	7.5222e-011
2086	6.9819e-011
2087	7.1355e-011
2088	7.3857e-011
2089	7.822e-011
2090	8.5413e-011
2091	9.4311e-011
2092	1.0418e-010
2093	1.2008e-010
2094	1.3245e-010
2095	1.5555e-010
2096	1.6931e-010
2097	1.4412e-010
2098	1.015e-010
2099	7.5556e-011
2100	6.558e-011
2101	7.7578e-011
2102	8.6548e-011
2103	1.1125e-010
2104	1.1409e-010
2105	1.206e-010
2106	1.225e-010
2107	1.2474e-010
2108	1.2962e-010
2109	1.294e-010
2110	1.3641e-010
2111	1.3586e-010
2112	1.3969e-010
2113	1.4474e-010
2114	1.4515e-010
2115	1.5013e-010
2116	1.544e-010
2117	1.5569e-010
2118	1.5955e-010
2119	1.6666e-010
2120	1.6679e-010
2121	1.708e-010
2122	1.7493e-010
2123	1.8098e-010
2124	1.8329e-010
2125	1.8715e-010
2126	1.9133e-010
2127	1.9608e-010
2128	2.0082e-010
2129	2.052e-010
2130	2.1074e-010
2131	2.1474e-010
2132	2.194e-010
2133	2.2456e-010
2134	2.2994e-010
2135	2.3699e-010
2136	2.5147e-010
2137	2.4575e-010
2138	2.5161e-010
2139	2.6205e-010
2140	2.6746e-010
2141	2.7197e-010
2142	2.7737e-010
2143	2.8815e-010
2144	2.9948e-010
2145	2.959e-010
2146	2.9572e-010
2147	3.0142e-010
2148	2.9217e-010
2149	2.8037e-010
2150	2.7464e-010
2151	2.7154e-010
2152	2.6656e-010
2153	2.601e-010
2154	2.6013e-010
2155	2.4716e-010
2156	2.4402e-010
2157	2.3907e-010
2158	2.3432e-010
2159	2.296e-010
2160	2.24e-010
2161	2.2694e-010
2162	2.1725e-010
2163	2.1566e-010
2164	2.1068e-010
2165	2.034e-010
2166	2.0273e-010
2167	2.0241e-010
2168	2.259e-010
2169	1.9648e-010
2170	1.8741e-010
2171	1.8898e-010
2172	2.2481e-010
2173	1.8428e-010
2174	1.7231e-010
2175	1.9172e-010
2176	1.7605e-010
2177	1.6061e-010
2178	1.9668e-010
2179	1.6887e-010
2180	1.687e-010
2181	2.2016e-010
2182	1.5238e-010
2183	1.8718e-010
2184	1.6161e-010
2185	1.5919e-010
2186	1.5754e-010
2187	1.3879e-010
2188	1.5647e-010
2189	1.3192e-010
2190	1.4928e-010
2191	1.2791e-010
2192	1.3644e-010
2193	1.2661e-010
2194	1.2594e-010
2195	1.2826e-010
2196	1.3671e-010
2197	1.5626e-010
2198	1.1313e-010
2199	1.1264e-010
2200	9.4046e-011
2201	9.6216e-011
2202	9.8325e-011
2203	1.1551e-010
2204	1.7218e-010
2205	2.1586e-010
2206	4.5234e-010
2207	1.1187e-009
2208	1.2389e-009
2209	1.3247e-009
2210	1.7966e-009
2211	5.6379e-011
2212	5.4318e-011
2213	7.2492e-011
2214	6.2755e-011
2215	6.9534e-011
2216	6.1637e-011
2217	6.396e-011
2218	6.9109e-011
2219	6.5116e-011
2220	7.6515e-011
2221	8.0838e-011
2222	8.3209e-011
2223	1.023e-010
2224	1.0064e-010
2225	1.2763e-010
2226	1.3293e-010
2227	1.1992e-010
2228	9.4419e-011
2229	8.3088e-011
2230	9.107e-011
2231	8.8844e-011
2232	9.4425e-011
2233	9.619e-011
2234	1.0942e-010
2235	1.0604e-010
2236	1.1004e-010
2237	1.1382e-010
2238	1.1232e-010
2239	1.2126e-010
2240	1.1625e-010
2241	1.2549e-010
2242	1.2621e-010
2243	1.2587e-010
2244	1.3387e-010
2245	1.3372e-010
2246	1.3548e-010
2247	1.4238e-010
2248	1.4526e-010
2249	1.4311e-010
2250	1.5213e-010
2251	1.5474e-010
2252	1.5785e-010
2253	1.5824e-010
2254	1.6466e-010
2255	1.6871e-010
2256	1.7268e-010
2257	1.7593e-010
2258	1.7976e-010
2259	1.841e-010
2260	1.8704e-010
2261	1.9262e-010
2262	1.97e-010
2263	2.0147e-010
2264	2.0622e-010
2265	2.1081e-010
2266	2.1625e-010
2267	2.1797e-010
2268	2.297e-010
2269	2.3042e-010
2270	2.3683e-010
2271	2.4517e-010
2272	2.5143e-010
2273	2.5128e-010
2274	2.5259e-010
2275	2.7417e-010
2276	2.7582e-010
2277	2.5354e-010
2278	2.517e-010
2279	2.5563e-010
2280	2.5056e-010
2281	2.4146e-010
2282	2.3602e-010
2283	2.3255e-010
2284	2.204e-010
2285	2.2459e-010
2286	2.1731e-010
2287	2.1295e-010
2288	2.0887e-010
2289	2.0546e-010
2290	2.0211e-010
2291	1.9183e-010
2292	1.9461e-010
2293	1.8994e-010
2294	1.8764e-010
2295	1.8936e-010
2296	1.8789e-010
2297	1.9166e-010
2298	1.6129e-010
2299	1.8869e-010
2300	1.8263e-010
2301	1.9217e-010
2302	1.5164e-010
2303	1.8264e-010
2304	1.8576e-010
2305	1.4275e-010
2306	1.4912e-010
2307	1.8716e-010
2308	1.3385e-010
2309	1.6248e-010
2310	1.9543e-010
2311	1.3342e-010
2312	1.9857e-010
2313	1.2499e-010
2314	1.7234e-010
2315	1.4824e-010
2316	1.2478e-010
2317	1.5096e-010
2318	1.1064e-010
2319	1.5071e-010
2320	1.0498e-010
2321	1.3942e-010
2322	1.0689e-010
2323	1.2221e-010
2324	1.1992e-010
2325	1.0661e-010
2326	1.6408e-010
2327	9.9111e-011
2328	1.4537e-010
2329	8.9438e-011
2330	1.0351e-010
2331	1.0677e-010
2332	8.7221e-011
2333	1.2873e-010
2334	1.5989e-010
2335	2.1364e-010
2336	4.1452e-010
2337	1.0995e-009
2338	1.1622e-009
2339	1.3851e-009
2340	1.6851e-009
2341	5.6379e-011
2342	5.4318e-011
2343	7.2493e-011
2344	6.2756e-011
2345	6.9534e-011
2346	6.1627e-011
2347	6.3962e-011
2348	6.911e-011
2349	6.5118e-011
2350	7.6519e-011
2351	8.0824e-011
2352	8.3209e-011
2353	1.023e-010
2354	1.0064e-010
2355	1.2763e-010
2356	1.3293e-010
2357	1.1992e-010
2358	9.4419e-011
2359	8.3088e-011
2360	9.1076e-011
2361	8.8849e-011
2362	9.4425e-011
2363	9.6191e-011
2364	1.0942e-010
2365	1.0604e-010
2366	1.1004e-010
2367	1.1383e-010
2368	1.1231e-010
2369	1.2126e-010
2370	1.1623e-010
2371	1.255e-010
2372	1.262e-010
2373	1.2585e-010
2374	1.3387e-010
2375	1.3372e-010
2376	1.3548e-010
2377	1.4238e-010
2378	1.4526e-010
2379	1.4311e-010
2380	1.5213e-010
2381	1.5472e-010
2382	1.5785e-010
2383	1.5821e-010
2384	1.6467e-010
2385	1.687e-010
2386	1.7268e-010
2387	1.7594e-010
2388	1.7977e-010
2389	1.841e-010
2390	1.8704e-010
2391	1.9262e-010
2392	1.97e-010
2393	2.0147e-010
2394	2.0622e-010
2395	2.1077e-010
2396	2.1627e-010
2397	2.1793e-010
2398	2.2971e-010
2399	2.3042e-010
2400	2.368e-010
2401	2.4517e-010
2402	2.5144e-010
2403	2.5129e-010
2404	2.5259e-010
2405	2.7417e-010
2406	2.7582e-010
2407	2.5354e-010
2408	2.517e-010
2409	2.5563e-010
2410	2.5052e-010
2411	2.4147e-010
2412	2.3602e-010
2413	2.3255e-010
2414	2.204e-010
2415	2.2459e-010
2416	2.1731e-010
2417	2.1297e-010
2418	2.0887e-010
2419	2.0551e-010
2420	2.0218e-010
2421	1.9219e-010
2422	1.9463e-010
2423	1.9004e-010
2424	1.8762e-010
2425	1.8934e-010
2426	1.8788e-010
2427	1.9162e-010
2428	1.6131e-010
2429	1.8871e-010
2430	1.8266e-010
2431	1.9221e-010
2432	1.5161e-010
2433	1.8267e-010
2434	1.8581e-010
2435	1.4275e-010
2436	1.4911e-010
2437	1.8718e-010
2438	1.3384e-010
2439	1.6246e-010
2440	1.9543e-010
2441	1.3343e-010
2442	1.9853e-010
2443	1.2499e-010
2444	1.7234e-010
2445	1.4824e-010
2446	1.2479e-010
2447	1.5096e-010
2448	1.1064e-010
2449	1.507e-010
2450	1.0498e-010
2451	1.3942e-010
2452	1.0689e-010
2453	1.2221e-010
2454	1.1993e-010
2455	1.0662e-010
2456	1.6409e-010
2457	9.9114e-011
2458	1.4537e-010
2459	8.9425e-011
2460	1.0352e-010
2461	1.0677e-010
2462	8.7221e-011
2463	1.2873e-010
2464	1.599e-010
2465	2.1362e-010
2466	4.1452e-010
2467	1.0995e-009
2468	1.1622e-009
2469	1.3852e-009
2470	1.6851e-009
2471	3.8588e-011
2472	4.7169e-011
2473	6.6194e-011
2474	7.1036e-011
2475	7.5219e-011
2476	6.9836e-011
2477	7.1347e-011
2478	7.3876e-011
2479	7.8217e-011
2480	8.5409e-011
2481	9.4298e-011
2482	1.0417e-010
2483	1.2007e-010
2484	1.3245e-010
2485	1.5555e-010
2486	1.6931e-010
2487	1.4412e-010
2488	1.0149e-010
2489	7.5568e-011
2490	6.5575e-011
2491	7.7596e-011
2492	8.654e-011
2493	1.1127e-010
2494	1.1408e-010
2495	1.206e-010
2496	1.2253e-010
2497	1.2475e-010
2498	1.296e-010
2499	1.2939e-010
2500	1.3641e-010
2501	1.3585e-010
2502	1.3968e-010
2503	1.4473e-010
2504	1.4515e-010
2505	1.5013e-010
2506	1.5439e-010
2507	1.5569e-010
2508	1.5954e-010
2509	1.6665e-010
2510	1.6679e-010
2511	1.7079e-010
2512	1.7493e-010
2513	1.8096e-010
2514	1.8332e-010
2515	1.8713e-010
2516	1.9132e-010
2517	1.9607e-010
2518	2.0085e-010
2519	2.052e-010
2520	2.1074e-010
2521	2.1477e-010
2522	2.1938e-010
2523	2.2456e-010
2524	2.2994e-010
2525	2.3696e-010
2526	2.5142e-010
2527	2.4572e-010
2528	2.5159e-010
2529	2.6204e-010
2530	2.6748e-010
2531	2.7194e-010
2532	2.7735e-010
2533	2.8812e-010
2534	2.9954e-010
2535	2.9597e-010
2536	2.9571e-010
2537	3.0142e-010
2538	2.9217e-010
2539	2.8045e-010
2540	2.7462e-010
2541	2.7153e-010
2542	2.6656e-010
2543	2.6009e-010
2544	2.6016e-010
2545	2.4722e-010
2546	2.4399e-010
2547	2.3913e-010
2548	2.3422e-010
2549	2.2938e-010
2550	2.2607e-010
2551	2.2443e-010
2552	2.1909e-010
2553	2.1548e-010
2554	2.1068e-010
2555	2.0335e-010
2556	2.026e-010
2557	2.0243e-010
2558	2.2597e-010
2559	1.9646e-010
2560	1.8741e-010
2561	1.8899e-010
2562	2.248e-010
2563	1.8429e-010
2564	1.7236e-010
2565	1.9175e-010
2566	1.7607e-010
2567	1.6056e-010
2568	1.9665e-010
2569	1.6888e-010
2570	1.687e-010
2571	2.2018e-010
2572	1.5237e-010
2573	1.8716e-010
2574	1.6161e-010
2575	1.5919e-010
2576	1.5752e-010
2577	1.3878e-010
2578	1.5647e-010
2579	1.3191e-010
2580	1.4927e-010
2581	1.2792e-010
2582	1.3642e-010
2583	1.2661e-010
2584	1.2592e-010
2585	1.2823e-010
2586	1.3674e-010
2587	1.5624e-010
2588	1.1315e-010
2589	1.1263e-010
2590	9.4034e-011
2591	9.6236e-011
2592	9.8325e-011
2593	1.155e-010
2594	1.7219e-010
2595	2.1585e-010
2596	4.5234e-010
2597	1.1187e-009
2598	1.2389e-009
2599	1.3247e-009
2600	1.7967e-009
2601	5.6355e-011
2602	5.4315e-011
2603	7.2517e-011
2604	6.277e-011
2605	6.9553e-011
2606	6.1654e-011
2607	6.3972e-011
2608	6.9135e-011
2609	6.5138e-011
2610	7.6544e-011
2611	8.0794e-011
2612	8.3143e-011
2613	1.0232e-010
2614	1.0067e-010
2615	1.276e-010
2616	1.3286e-010
2617	1.1986e-010
2618	9.4314e-011
2619	8.3058e-011
2620	9.1077e-011
2621	8.8854e-011
2622	9.4436e-011
2623	9.616e-011
2624	1.0941e-010
2625	1.0604e-010
2626	1.1003e-010
2627	1.1381e-010
2628	1.1235e-010
2629	1.2128e-010
2630	1.1631e-010
2631	1.2547e-010
2632	1.2614e-010
2633	1.2578e-010
2634	1.339e-010
2635	1.3383e-010
2636	1.355e-010
2637	1.424e-010
2638	1.4537e-010
2639	1.4319e-010
2640	1.522e-010
2641	1.5478e-010
2642	1.5787e-010
2643	1.5819e-010
2644	1.6467e-010
2645	1.6872e-010
2646	1.7269e-010
2647	1.7587e-010
2648	1.7981e-010
2649	1.8412e-010
2650	1.8729e-010
2651	1.9275e-010
2652	1.9713e-010
2653	2.0159e-010
2654	2.0617e-010
2655	2.1081e-010
2656	2.1622e-010
2657	2.1798e-010
2658	2.2993e-010
2659	2.3042e-010
2660	2.3696e-010
2661	2.4513e-010
2662	2.5164e-010
2663	2.5138e-010
2664	2.5275e-010
2665	2.7417e-010
2666	2.7581e-010
2667	2.5353e-010
2668	2.5185e-010
2669	2.5572e-010
2670	2.5062e-010
2671	2.4167e-010
2672	2.3613e-010
2673	2.3267e-010
2674	2.2035e-010
2675	2.2458e-010
2676	2.1738e-010
2677	2.1295e-010
2678	2.0896e-010
2679	2.0534e-010
2680	2.0242e-010
2681	1.9113e-010
2682	1.9492e-010
2683	1.8987e-010
2684	1.8759e-010
2685	1.8934e-010
2686	1.8781e-010
2687	1.9165e-010
2688	1.6119e-010
2689	1.8859e-010
2690	1.8257e-010
2691	1.9209e-010
2692	1.5163e-010
2693	1.8265e-010
2694	1.8579e-010
2695	1.4278e-010
2696	1.4913e-010
2697	1.8711e-010
2698	1.3378e-010
2699	1.6254e-010
2700	1.9556e-010
2701	1.3348e-010
2702	1.9859e-010
2703	1.25e-010
2704	1.7241e-010
2705	1.483e-010
2706	1.2483e-010
2707	1.5108e-010
2708	1.1074e-010
2709	1.5078e-010
2710	1.0504e-010
2711	1.3945e-010
2712	1.0695e-010
2713	1.2229e-010
2714	1.1995e-010
2715	1.0665e-010
2716	1.6409e-010
2717	9.91e-011
2718	1.4535e-010
2719	8.941e-011
2720	1.035e-010
2721	1.0678e-010
2722	8.7219e-011
2723	1.2873e-010
2724	1.599e-010
2725	2.1362e-010
2726	4.1456e-010
2727	1.0993e-009
2728	1.1622e-009
2729	1.3853e-009
2730	1.6851e-009
2731	5.6427e-011
2732	5.435e-011
2733	7.2534e-011
2734	6.2789e-011
2735	6.9584e-011
2736	6.1694e-011
2737	6.4025e-011
2738	6.9181e-011
2739	6.5179e-011
2740	7.6562e-011
2741	8.0809e-011
2742	8.3131e-011
2743	1.023e-010
2744	1.0065e-010
2745	1.2764e-010
2746	1.3291e-010
2747	1.1984e-010
2748	9.4303e-011
2749	8.3027e-011
2750	9.1173e-011
2751	8.8951e-011
2752	9.4426e-011
2753	9.614e-011
2754	1.0943e-010
2755	1.0606e-010
2756	1.0997e-010
2757	1.1376e-010
2758	1.1233e-010
2759	1.2131e-010
2760	1.1628e-010
2761	1.2549e-010
2762	1.2617e-010
2763	1.2583e-010
2764	1.3391e-010
2765	1.3382e-010
2766	1.3547e-010
2767	1.4239e-010
2768	1.4531e-010
2769	1.4313e-010
2770	1.5213e-010
2771	1.5476e-010
2772	1.5796e-010
2773	1.582e-010
2774	1.6464e-010
2775	1.6869e-010
2776	1.7271e-010
2777	1.7592e-010
2778	1.7981e-010
2779	1.8418e-010
2780	1.8729e-010
2781	1.9283e-010
2782	1.9711e-010
2783	2.0171e-010
2784	2.0626e-010
2785	2.1083e-010
2786	2.1627e-010
2787	2.1806e-010
2788	2.2999e-010
2789	2.306e-010
2790	2.3711e-010
2791	2.454e-010
2792	2.5189e-010
2793	2.5174e-010
2794	2.5298e-010
2795	2.7447e-010
2796	2.7608e-010
2797	2.5358e-010
2798	2.519e-010
2799	2.5569e-010
2800	2.5073e-010
2801	2.418e-010
2802	2.3622e-010
2803	2.3282e-010
2804	2.2056e-010
2805	2.2465e-010
2806	2.1746e-010
2807	2.1307e-010
2808	2.0895e-010
2809	2.0523e-010
2810	2.0256e-010
2811	1.9058e-010
2812	1.9503e-010
2813	1.8983e-010
2814	1.876e-010
2815	1.8931e-010
2816	1.8779e-010
2817	1.9162e-010
2818	1.6125e-010
2819	1.8859e-010
2820	1.8253e-010
2821	1.9211e-010
2822	1.5158e-010
2823	1.8268e-010
2824	1.8583e-010
2825	1.4281e-010
2826	1.491e-010
2827	1.8709e-010
2828	1.3372e-010
2829	1.6253e-010
2830	1.9565e-010
2831	1.3352e-010
2832	1.9867e-010
2833	1.2508e-010
2834	1.7247e-010
2835	1.4839e-010
2836	1.2497e-010
2837	1.512e-010
2838	1.1081e-010
2839	1.5088e-010
2840	1.0511e-010
2841	1.3955e-010
2842	1.0704e-010
2843	1.2239e-010
2844	1.2003e-010
2845	1.0674e-010
2846	1.6411e-010
2847	9.9136e-011
2848	1.4539e-010
2849	8.9425e-011
2850	1.0344e-010
2851	1.0675e-010
2852	8.7155e-011
2853	1.2872e-010
2854	1.599e-010
2855	2.1361e-010
2856	4.1457e-010
2857	1.0995e-009
2858	1.1622e-009
2859	1.3853e-009
2860	1.685e-009
2861	3.8616e-011
2862	4.7171e-011
2863	6.6222e-011
2864	7.1068e-011
2865	7.5278e-011
2866	6.9894e-011
2867	7.1436e-011
2868	7.3941e-011
2869	7.8355e-011
2870	8.5441e-011
2871	9.4228e-011
2872	1.0412e-010
2873	1.2e-010
2874	1.3243e-010
2875	1.5562e-010
2876	1.6931e-010
2877	1.4407e-010
2878	1.0148e-010
2879	7.5516e-011
2880	6.5687e-011
2881	7.7803e-011
2882	8.6571e-011
2883	1.1118e-010
2884	1.1408e-010
2885	1.2068e-010
2886	1.2237e-010
2887	1.247e-010
2888	1.2955e-010
2889	1.294e-010
2890	1.3636e-010
2891	1.3592e-010
2892	1.3988e-010
2893	1.449e-010
2894	1.4508e-010
2895	1.5002e-010
2896	1.544e-010
2897	1.5578e-010
2898	1.5949e-010
2899	1.6647e-010
2900	1.6671e-010
2901	1.7082e-010
2902	1.7488e-010
2903	1.8111e-010
2904	1.8315e-010
2905	1.8707e-010
2906	1.9134e-010
2907	1.9606e-010
2908	2.0098e-010
2909	2.0535e-010
2910	2.1079e-010
2911	2.1472e-010
2912	2.1969e-010
2913	2.248e-010
2914	2.3022e-010
2915	2.3712e-010
2916	2.5191e-010
2917	2.4597e-010
2918	2.5209e-010
2919	2.6246e-010
2920	2.6783e-010
2921	2.7227e-010
2922	2.7828e-010
2923	2.8877e-010
2924	3.0008e-010
2925	2.965e-010
2926	2.9639e-010
2927	3.0197e-010
2928	2.9231e-010
2929	2.8042e-010
2930	2.7494e-010
2931	2.7217e-010
2932	2.6697e-010
2933	2.6056e-010
2934	2.6056e-010
2935	2.4751e-010
2936	2.4447e-010
2937	2.3915e-010
2938	2.344e-010
2939	2.2946e-010
2940	2.2442e-010
2941	2.262e-010
2942	2.1759e-010
2943	2.1578e-010
2944	2.1077e-010
2945	2.0342e-010
2946	2.0268e-010
2947	2.0254e-010
2948	2.255e-010
2949	1.9659e-010
2950	1.8744e-010
2951	1.89e-010
2952	2.2498e-010
2953	1.8433e-010
2954	1.7239e-010
2955	1.9166e-010
2956	1.7612e-010
2957	1.6055e-010
2958	1.9639e-010
2959	1.69e-010
2960	1.6883e-010
2961	2.2046e-010
2962	1.5249e-010
2963	1.8733e-010
2964	1.6182e-010
2965	1.5939e-010
2966	1.5787e-010
2967	1.3902e-010
2968	1.5673e-010
2969	1.3213e-010
2970	1.4949e-010
2971	1.2822e-010
2972	1.3662e-010
2973	1.2684e-010
2974	1.2614e-010
2975	1.2838e-010
2976	1.3682e-010
2977	1.5627e-010
2978	1.132e-010
2979	1.1263e-010
2980	9.401e-011
2981	9.6179e-011
2982	9.8221e-011
2983	1.1548e-010
2984	1.7216e-010
2985	2.1582e-010
2986	4.5237e-010
2987	1.1186e-009
2988	1.2391e-009
2989	1.3247e-009
2990	1.7967e-009
2991	5.6425e-011
2992	5.4353e-011
2993	7.2538e-011
2994	6.279e-011
2995	6.9578e-011
2996	6.1695e-011
2997	6.4029e-011
2998	6.9181e-011
2999	6.5183e-011
3000	7.6566e-011
3001	8.0817e-011
3002	8.313e-011
3003	1.0231e-010
3004	1.0065e-010
3005	1.2764e-010
3006	1.329e-010
3007	1.1984e-010
3008	9.431e-011
3009	8.303e-011
3010	9.117e-011
3011	8.8949e-011
3012	9.4426e-011
3013	9.6124e-011
3014	1.0944e-010
3015	1.0606e-010
3016	1.0997e-010
3017	1.1377e-010
3018	1.1235e-010
3019	1.2128e-010
3020	1.1628e-010
3021	1.2549e-010
3022	1.2616e-010
3023	1.2583e-010
3024	1.3391e-010
3025	1.3382e-010
3026	1.3547e-010
3027	1.4239e-010
3028	1.4531e-010
3029	1.4313e-010
3030	1.5213e-010
3031	1.5476e-010
3032	1.5796e-010
3033	1.5819e-010
3034	1.6464e-010
3035	1.6869e-010
3036	1.7271e-010
3037	1.7593e-010
3038	1.7982e-010
3039	1.8411e-010
3040	1.8728e-010
3041	1.9283e-010
3042	1.9711e-010
3043	2.0168e-010
3044	2.0624e-010
3045	2.1083e-010
3046	2.1627e-010
3047	2.1808e-010
3048	2.3e-010
3049	2.306e-010
3050	2.371e-010
3051	2.454e-010
3052	2.5189e-010
3053	2.5174e-010
3054	2.5293e-010
3055	2.7448e-010
3056	2.7609e-010
3057	2.5357e-010
3058	2.5192e-010
3059	2.557e-010
3060	2.5075e-010
3061	2.418e-010
3062	2.3622e-010
3063	2.3284e-010
3064	2.2049e-010
3065	2.2467e-010
3066	2.1747e-010
3067	2.1305e-010
3068	2.0894e-010
3069	2.0537e-010
3070	2.0222e-010
3071	1.9094e-010
3072	1.9475e-010
3073	1.8995e-010
3074	1.8759e-010
3075	1.8937e-010
3076	1.8795e-010
3077	1.9091e-010
3078	1.6044e-010
3079	1.8788e-010
3080	1.8269e-010
3081	1.9216e-010
3082	1.5154e-010
3083	1.8269e-010
3084	1.8586e-010
3085	1.4284e-010
3086	1.491e-010
3087	1.8709e-010
3088	1.3373e-010
3089	1.6254e-010
3090	1.9562e-010
3091	1.3352e-010
3092	1.9868e-010
3093	1.2507e-010
3094	1.7247e-010
3095	1.4839e-010
3096	1.2496e-010
3097	1.512e-010
3098	1.1081e-010
3099	1.5089e-010
3100	1.0511e-010
3101	1.3955e-010
3102	1.0704e-010
3103	1.2239e-010
3104	1.2003e-010
3105	1.0674e-010
3106	1.6412e-010
3107	9.9135e-011
3108	1.4538e-010
3109	8.9419e-011
3110	1.0344e-010
3111	1.0673e-010
3112	8.7163e-011
3113	1.2872e-010
3114	1.5989e-010
3115	2.1361e-010
3116	4.1458e-010
3117	1.0995e-009
3118	1.1622e-009
3119	1.3852e-009
3120	1.685e-009
3121	5.6351e-011
3122	5.4305e-011
3123	7.2525e-011
3124	6.2773e-011
3125	6.9537e-011
3126	6.1645e-011
3127	6.3978e-011
3128	6.9136e-011
3129	6.5127e-011
3130	7.6543e-011
3131	8.0792e-011
3132	8.3142e-011
3133	1.0231e-010
3134	1.0067e-010
3135	1.2762e-010
3136	1.3289e-010
3137	1.1984e-010
3138	9.4328e-011
3139	8.3055e-011
3140	9.1095e-011
3141	8.8869e-011
3142	9.4424e-011
3143	9.6172e-011
3144	1.094e-010
3145	1.0603e-010
3146	1.1004e-010
3147	1.1381e-010
3148	1.1234e-010
3149	1.2128e-010
3150	1.1628e-010
3151	1.2548e-010
3152	1.2613e-010
3153	1.2578e-010
3154	1.3388e-010
3155	1.3385e-010
3156	1.355e-010
3157	1.424e-010
3158	1.4536e-010
3159	1.4319e-010
3160	1.5219e-010
3161	1.5478e-010
3162	1.5788e-010
3163	1.5819e-010
3164	1.6468e-010
3165	1.6868e-010
3166	1.7271e-010
3167	1.7589e-010
3168	1.798e-010
3169	1.8412e-010
3170	1.8729e-010
3171	1.9276e-010
3172	1.9715e-010
3173	2.0161e-010
3174	2.0614e-010
3175	2.1082e-010
3176	2.1622e-010
3177	2.1802e-010
3178	2.2989e-010
3179	2.3044e-010
3180	2.3697e-010
3181	2.4518e-010
3182	2.5153e-010
3183	2.5147e-010
3184	2.5278e-010
3185	2.7414e-010
3186	2.7576e-010
3187	2.5355e-010
3188	2.5181e-010
3189	2.5572e-010
3190	2.5058e-010
3191	2.4167e-010
3192	2.3613e-010
3193	2.327e-010
3194	2.2034e-010
3195	2.2461e-010
3196	2.1741e-010
3197	2.1299e-010
3198	2.0902e-010
3199	2.0532e-010
3200	2.0273e-010
3201	1.9017e-010
3202	1.9522e-010
3203	1.8992e-010
3204	1.8762e-010
3205	1.893e-010
3206	1.8775e-010
3207	1.8889e-010
3208	1.6031e-010
3209	1.8572e-010
3210	1.824e-010
3211	1.9215e-010
3212	1.5166e-010
3213	1.8262e-010
3214	1.8583e-010
3215	1.4277e-010
3216	1.491e-010
3217	1.8713e-010
3218	1.3378e-010
3219	1.6256e-010
3220	1.9554e-010
3221	1.335e-010
3222	1.9863e-010
3223	1.25e-010
3224	1.7235e-010
3225	1.4829e-010
3226	1.2486e-010
3227	1.5108e-010
3228	1.1075e-010
3229	1.5077e-010
3230	1.0503e-010
3231	1.3947e-010
3232	1.0697e-010
3233	1.2228e-010
3234	1.1995e-010
3235	1.0665e-010
3236	1.6407e-010
3237	9.9105e-011
3238	1.4534e-010
3239	8.9409e-011
3240	1.0349e-010
3241	1.0676e-010
3242	8.7229e-011
3243	1.2871e-010
3244	1.5991e-010
3245	2.1361e-010
3246	4.1456e-010
3247	1.0994e-009
3248	1.1622e-009
3249	1.3853e-009
3250	1.685e-009
3251	3.8595e-011
3252	4.7167e-011
3253	6.6195e-011
3254	7.1073e-011
3255	7.5203e-011
3256	6.9812e-011
3257	7.135e-011
3258	7.3867e-011
3259	7.8228e-011
3260	8.5427e-011
3261	9.4267e-011
3262	1.0414e-010
3263	1.2006e-010
3264	1.3243e-010
3265	1.5554e-010
3266	1.6934e-010
3267	1.4416e-010
3268	1.0156e-010
3269	7.5554e-011
3270	6.5562e-011
3271	7.7604e-011
3272	8.6534e-011
3273	1.1125e-010
3274	1.1405e-010
3275	1.2063e-010
3276	1.225e-010
3277	1.2482e-010
3278	1.2959e-010
3279	1.2936e-010
3280	1.364e-010
3281	1.3585e-010
3282	1.3966e-010
3283	1.4474e-010
3284	1.4517e-010
3285	1.5012e-010
3286	1.5439e-010
3287	1.5569e-010
3288	1.5956e-010
3289	1.6662e-010
3290	1.668e-010
3291	1.708e-010
3292	1.7492e-010
3293	1.8094e-010
3294	1.8334e-010
3295	1.8712e-010
3296	1.9128e-010
3297	1.9609e-010
3298	2.0079e-010
3299	2.0514e-010
3300	2.1083e-010
3301	2.1473e-010
3302	2.1954e-010
3303	2.2449e-010
3304	2.299e-010
3305	2.3702e-010
3306	2.5146e-010
3307	2.457e-010
3308	2.5156e-010
3309	2.6218e-010
3310	2.6749e-010
3311	2.7192e-010
3312	2.7741e-010
3313	2.8808e-010
3314	2.9951e-010
3315	2.9586e-010
3316	2.9577e-010
3317	3.0152e-010
3318	2.9208e-010
3319	2.8044e-010
3320	2.747e-010
3321	2.7148e-010
3322	2.6653e-010
3323	2.6005e-010
3324	2.6017e-010
3325	2.4724e-010
3326	2.4394e-010
3327	2.3915e-010
3328	2.3416e-010
3329	2.2967e-010
3330	2.2434e-010
3331	2.268e-010
3332	2.1744e-010
3333	2.1577e-010
3334	2.1069e-010
3335	2.0342e-010
3336	2.0231e-010
3337	2.0041e-010
3338	2.2066e-010
3339	1.9408e-010
3340	1.8702e-010
3341	1.8895e-010
3342	2.2491e-010
3343	1.8424e-010
3344	1.7239e-010
3345	1.9172e-010
3346	1.7608e-010
3347	1.6061e-010
3348	1.9665e-010
3349	1.6891e-010
3350	1.6867e-010
3351	2.2026e-010
3352	1.5236e-010
3353	1.8712e-010
3354	1.6162e-010
3355	1.5916e-010
3356	1.5757e-010
3357	1.3878e-010
3358	1.5645e-010
3359	1.3195e-010
3360	1.4927e-010
3361	1.279e-010
3362	1.3645e-010
3363	1.2661e-010
3364	1.2589e-010
3365	1.2825e-010
3366	1.3673e-010
3367	1.5629e-010
3368	1.1316e-010
3369	1.1266e-010
3370	9.4055e-011
3371	9.6231e-011
3372	9.8287e-011
3373	1.1552e-010
3374	1.7215e-010
3375	2.1588e-010
3376	4.5238e-010
3377	1.1186e-009
3378	1.2389e-009
3379	1.3247e-009
3380	1.7967e-009
3381	5.6393e-011
3382	5.4329e-011
3383	7.2499e-011
3384	6.2766e-011
3385	6.9525e-011
3386	6.1636e-011
3387	6.3938e-011
3388	6.9101e-011
3389	6.5121e-011
3390	7.6513e-011
3391	8.0822e-011
3392	8.3195e-011
3393	1.0232e-010
3394	1.0062e-010
3395	1.2762e-010
3396	1.3293e-010
3397	1.1992e-010
3398	9.4425e-011
3399	8.3052e-011
3400	9.1068e-011
3401	8.8849e-011
3402	9.4449e-011
3403	9.6175e-011
3404	1.0942e-010
3405	1.0604e-010
3406	1.1003e-010
3407	1.1383e-010
3408	1.1232e-010
3409	1.2126e-010
3410	1.1623e-010
3411	1.255e-010
3412	1.2619e-010
3413	1.2587e-010
3414	1.3387e-010
3415	1.3373e-010
3416	1.3548e-010
3417	1.4238e-010
3418	1.4525e-010
3419	1.4313e-010
3420	1.5213e-010
3421	1.5472e-010
3422	1.5786e-010
3423	1.5822e-010
3424	1.6466e-010
3425	1.6873e-010
3426	1.7266e-010
3427	1.7594e-010
3428	1.798e-010
3429	1.8408e-010
3430	1.8704e-010
3431	1.9265e-010
3432	1.9703e-010
3433	2.0149e-010
3434	2.0622e-010
3435	2.1081e-010
3436	2.163e-010
3437	2.1794e-010
3438	2.2977e-010
3439	2.3048e-010
3440	2.3681e-010
3441	2.4513e-010
3442	2.514e-010
3443	2.5132e-010
3444	2.5256e-010
3445	2.7423e-010
3446	2.7588e-010
3447	2.5355e-010
3448	2.5177e-010
3449	2.5568e-010
3450	2.5055e-010
3451	2.4143e-010
3452	2.3598e-010
3453	2.3256e-010
3454	2.2043e-010
3455	2.2457e-010
3456	2.173e-010
3457	2.1295e-010
3458	2.0889e-010
3459	2.0552e-010
3460	2.0185e-010
3461	1.9171e-010
3462	1.9435e-010
3463	1.9003e-010
3464	1.8765e-010
3465	1.8927e-010
3466	1.88e-010
3467	1.8604e-010
3468	1.6172e-010
3469	1.8281e-010
3470	1.8271e-010
3471	1.921e-010
3472	1.5172e-010
3473	1.8263e-010
3474	1.8578e-010
3475	1.4273e-010
3476	1.4911e-010
3477	1.8717e-010
3478	1.3382e-010
3479	1.6247e-010
3480	1.9547e-010
3481	1.3343e-010
3482	1.9852e-010
3483	1.25e-010
3484	1.7236e-010
3485	1.4823e-010
3486	1.2479e-010
3487	1.5096e-010
3488	1.1064e-010
3489	1.5072e-010
3490	1.0499e-010
3491	1.394e-010
3492	1.069e-010
3493	1.2221e-010
3494	1.1991e-010
3495	1.0663e-010
3496	1.641e-010
3497	9.911e-011
3498	1.4539e-010
3499	8.944e-011
3500	1.0352e-010
3501	1.0678e-010
3502	8.7216e-011
3503	1.2871e-010
3504	1.599e-010
3505	2.1361e-010
3506	4.1456e-010
3507	1.0995e-009
3508	1.1622e-009
3509	1.3852e-009
3510	1.685e-009
3511	5.6393e-011
3512	5.4329e-011
3513	7.2499e-011
3514	6.2766e-011
3515	6.9526e-011
3516	6.1638e-011
3517	6.3938e-011
3518	6.9091e-011
3519	6.5111e-011
3520	7.6518e-011
3521	8.0822e-011
3522	8.3195e-011
3523	1.0232e-010
3524	1.0063e-010
3525	1.2762e-010
3526	1.3293e-010
3527	1.1992e-010
3528	9.4393e-011
3529	8.306e-011
3530	9.1072e-011
3531	8.8823e-011
3532	9.4449e-011
3533	9.6175e-011
3534	1.0943e-010
3535	1.0606e-010
3536	1.1002e-010
3537	1.1383e-010
3538	1.1232e-010
3539	1.2126e-010
3540	1.1624e-010
3541	1.2551e-010
3542	1.2621e-010
3543	1.2586e-010
3544	1.3389e-010
3545	1.3374e-010
3546	1.3549e-010
3547	1.4238e-010
3548	1.4524e-010
3549	1.4312e-010
3550	1.5213e-010
3551	1.5471e-010
3552	1.5786e-010
3553	1.5822e-010
3554	1.6465e-010
3555	1.6871e-010
3556	1.7267e-010
3557	1.7595e-010
3558	1.7981e-010
3559	1.8409e-010
3560	1.8704e-010
3561	1.9265e-010
3562	1.97e-010
3563	2.0151e-010
3564	2.0623e-010
3565	2.1081e-010
3566	2.163e-010
3567	2.1791e-010
3568	2.2979e-010
3569	2.3048e-010
3570	2.3682e-010
3571	2.4513e-010
3572	2.5142e-010
3573	2.5135e-010
3574	2.5254e-010
3575	2.7424e-010
3576	2.7588e-010
3577	2.5355e-010
3578	2.5177e-010
3579	2.5568e-010
3580	2.5056e-010
3581	2.4143e-010
3582	2.3598e-010
3583	2.3256e-010
3584	2.2043e-010
3585	2.2458e-010
3586	2.1732e-010
3587	2.1296e-010
3588	2.0887e-010
3589	2.0555e-010
3590	2.0181e-010
3591	1.9176e-010
3592	1.9431e-010
3593	1.9004e-010
3594	1.8767e-010
3595	1.8924e-010
3596	1.8802e-010
3597	1.8602e-010
3598	1.6179e-010
3599	1.8284e-010
3600	1.8265e-010
3601	1.9212e-010
3602	1.5192e-010
3603	1.8268e-010
3604	1.8577e-010
3605	1.4276e-010
3606	1.4913e-010
3607	1.8719e-010
3608	1.3381e-010
3609	1.6247e-010
3610	1.9547e-010
3611	1.3344e-010
3612	1.9854e-010
3613	1.25e-010
3614	1.7237e-010
3615	1.4823e-010
3616	1.2479e-010
3617	1.5096e-010
3618	1.1064e-010
3619	1.5073e-010
3620	1.0499e-010
3621	1.394e-010
3622	1.0691e-010
3623	1.2221e-010
3624	1.1991e-010
3625	1.0662e-010
3626	1.641e-010
3627	9.911e-011
3628	1.4539e-010
3629	8.9443e-011
3630	1.0351e-010
3631	1.0679e-010
3632	8.7219e-011
3633	1.2871e-010
3634	1.599e-010
3635	2.1361e-010
3636	4.1452e-010
3637	1.0995e-009
3638	1.1622e-009
3639	1.3852e-009
3640	1.685e-009
3641	3.8595e-011
3642	4.7165e-011
3643	6.6193e-011
3644	7.1069e-011
3645	7.5208e-011
3646	6.9844e-011
3647	7.135e-011
3648	7.3872e-011
3649	7.8232e-011
3650	8.5417e-011
3651	9.4269e-011
3652	1.0415e-010
3653	1.2006e-010
3654	1.3241e-010
3655	1.5552e-010
3656	1.6931e-010
3657	1.4415e-010
3658	1.0154e-010
3659	7.5541e-011
3660	6.557e-011
3661	7.7593e-011
3662	8.6545e-011
3663	1.1125e-010
3664	1.1402e-010
3665	1.2068e-010
3666	1.225e-010
3667	1.248e-010
3668	1.2957e-010
3669	1.2942e-010
3670	1.3639e-010
3671	1.3589e-010
3672	1.397e-010
3673	1.4474e-010
3674	1.4517e-010
3675	1.5013e-010
3676	1.5437e-010
3677	1.5571e-010
3678	1.5953e-010
3679	1.6658e-010
3680	1.668e-010
3681	1.708e-010
3682	1.7496e-010
3683	1.8092e-010
3684	1.8328e-010
3685	1.8712e-010
3686	1.9126e-010
3687	1.9604e-010
3688	2.0083e-010
3689	2.0512e-010
3690	2.1086e-010
3691	2.1472e-010
3692	2.1956e-010
3693	2.245e-010
3694	2.3e-010
3695	2.3698e-010
3696	2.5142e-010
3697	2.4572e-010
3698	2.5158e-010
3699	2.6213e-010
3700	2.6752e-010
3701	2.7198e-010
3702	2.7744e-010
3703	2.8815e-010
3704	2.9939e-010
3705	2.9579e-010
3706	2.9573e-010
3707	3.0149e-010
3708	2.9219e-010
3709	2.8037e-010
3710	2.747e-010
3711	2.7156e-010
3712	2.6648e-010
3713	2.6008e-010
3714	2.6013e-010
3715	2.4725e-010
3716	2.4397e-010
3717	2.3916e-010
3718	2.3421e-010
3719	2.295e-010
3720	2.2488e-010
3721	2.2564e-010
3722	2.1801e-010
3723	2.1561e-010
3724	2.1061e-010
3725	2.0337e-010
3726	2.0231e-010
3727	2.0064e-010
3728	2.2013e-010
3729	1.9429e-010
3730	1.8703e-010
3731	1.8886e-010
3732	2.25e-010
3733	1.8421e-010
3734	1.7236e-010
3735	1.917e-010
3736	1.7615e-010
3737	1.6057e-010
3738	1.966e-010
3739	1.6892e-010
3740	1.6866e-010
3741	2.2027e-010
3742	1.5235e-010
3743	1.8714e-010
3744	1.6162e-010
3745	1.5913e-010
3746	1.5758e-010
3747	1.3876e-010
3748	1.5642e-010
3749	1.3198e-010
3750	1.4928e-010
3751	1.2791e-010
3752	1.3643e-010
3753	1.2661e-010
3754	1.2591e-010
3755	1.2823e-010
3756	1.3675e-010
3757	1.5631e-010
3758	1.1317e-010
3759	1.1266e-010
3760	9.4035e-011
3761	9.6244e-011
3762	9.8303e-011
3763	1.1552e-010
3764	1.7215e-010
3765	2.1588e-010
3766	4.5236e-010
3767	1.1186e-009
3768	1.2389e-009
3769	1.3247e-009
3770	1.7966e-009
3771	5.635e-011
3772	5.4307e-011
3773	7.253e-011
3774	6.2779e-011
3775	6.9552e-011
3776	6.165e-011
3777	6.3977e-011
3778	6.9137e-011
3779	6.5128e-011
3780	7.6531e-011
3781	8.0799e-011
3782	8.3154e-011
3783	1.0229e-010
3784	1.0067e-010
3785	1.2763e-010
3786	1.3287e-010
3787	1.1984e-010
3788	9.4327e-011
3789	8.3063e-011
3790	9.1112e-011
3791	8.8879e-011
3792	9.4416e-011
3793	9.6169e-011
3794	1.0944e-010
3795	1.0603e-010
3796	1.1003e-010
3797	1.138e-010
3798	1.1235e-010
3799	1.213e-010
3800	1.1627e-010
3801	1.255e-010
3802	1.2613e-010
3803	1.2579e-010
3804	1.3389e-010
3805	1.338e-010
3806	1.3551e-010
3807	1.4242e-010
3808	1.4533e-010
3809	1.4314e-010
3810	1.522e-010
3811	1.5478e-010
3812	1.5789e-010
3813	1.582e-010
3814	1.6465e-010
3815	1.687e-010
3816	1.7271e-010
3817	1.7584e-010
3818	1.7982e-010
3819	1.8413e-010
3820	1.8731e-010
3821	1.9278e-010
3822	1.9709e-010
3823	2.0162e-010
3824	2.0614e-010
3825	2.1078e-010
3826	2.162e-010
3827	2.1798e-010
3828	2.2991e-010
3829	2.3042e-010
3830	2.3695e-010
3831	2.4519e-010
3832	2.5153e-010
3833	2.5144e-010
3834	2.5279e-010
3835	2.7419e-010
3836	2.7572e-010
3837	2.5352e-010
3838	2.5183e-010
3839	2.5573e-010
3840	2.5057e-010
3841	2.4173e-010
3842	2.3611e-010
3843	2.3268e-010
3844	2.2037e-010
3845	2.2458e-010
3846	2.1743e-010
3847	2.1303e-010
3848	2.09e-010
3849	2.0544e-010
3850	2.0178e-010
3851	1.917e-010
3852	1.9425e-010
3853	1.8993e-010
3854	1.8761e-010
3855	1.8932e-010
3856	1.8793e-010
3857	1.88e-010
3858	1.5945e-010
3859	1.8475e-010
3860	1.8252e-010
3861	1.9212e-010
3862	1.5163e-010
3863	1.8257e-010
3864	1.8579e-010
3865	1.4275e-010
3866	1.491e-010
3867	1.8709e-010
3868	1.3377e-010
3869	1.6256e-010
3870	1.9553e-010
3871	1.3351e-010
3872	1.9862e-010
3873	1.2501e-010
3874	1.7236e-010
3875	1.4828e-010
3876	1.2486e-010
3877	1.5109e-010
3878	1.1076e-010
3879	1.5078e-010
3880	1.0504e-010
3881	1.3948e-010
3882	1.0696e-010
3883	1.2229e-010
3884	1.1995e-010
3885	1.0664e-010
3886	1.6407e-010
3887	9.9112e-011
3888	1.4534e-010
3889	8.9407e-011
3890	1.0348e-010
3891	1.0676e-010
3892	8.7211e-011
3893	1.2871e-010
3894	1.5991e-010
3895	2.1361e-010
3896	4.1451e-010
3897	1.0994e-009
3898	1.1622e-009
3899	1.3854e-009
3900	1.6849e-009
3901	5.643e-011
3902	5.4363e-011
3903	7.2527e-011
3904	6.2797e-011
3905	6.9572e-011
3906	6.17e-011
3907	6.4034e-011
3908	6.9194e-011
3909	6.5193e-011
3910	7.6566e-011
3911	8.0804e-011
3912	8.3141e-011
3913	1.0232e-010
3914	1.0065e-010
3915	1.2766e-010
3916	1.3289e-010
3917	1.1984e-010
3918	9.431e-011
3919	8.3037e-011
3920	9.1136e-011
3921	8.897e-011
3922	9.4412e-011
3923	9.6142e-011
3924	1.0943e-010
3925	1.0609e-010
3926	1.0998e-010
3927	1.1377e-010
3928	1.1233e-010
3929	1.213e-010
3930	1.1629e-010
3931	1.2551e-010
3932	1.2614e-010
3933	1.2585e-010
3934	1.3388e-010
3935	1.3382e-010
3936	1.3547e-010
3937	1.4238e-010
3938	1.4526e-010
3939	1.4313e-010
3940	1.521e-010
3941	1.5478e-010
3942	1.5796e-010
3943	1.5821e-010
3944	1.6465e-010
3945	1.6871e-010
3946	1.7274e-010
3947	1.7594e-010
3948	1.7985e-010
3949	1.8412e-010
3950	1.8731e-010
3951	1.9274e-010
3952	1.9709e-010
3953	2.0173e-010
3954	2.0621e-010
3955	2.1086e-010
3956	2.163e-010
3957	2.1811e-010
3958	2.2995e-010
3959	2.3058e-010
3960	2.3704e-010
3961	2.4544e-010
3962	2.5189e-010
3963	2.5169e-010
3964	2.5297e-010
3965	2.7444e-010
3966	2.7611e-010
3967	2.5358e-010
3968	2.5191e-010
3969	2.557e-010
3970	2.5075e-010
3971	2.4181e-010
3972	2.3627e-010
3973	2.3282e-010
3974	2.2052e-010
3975	2.2466e-010
3976	2.1745e-010
3977	2.1302e-010
3978	2.0897e-010
3979	2.0543e-010
3980	2.0184e-010
3981	1.9167e-010
3982	1.9434e-010
3983	1.8995e-010
3984	1.8756e-010
3985	1.8936e-010
3986	1.8782e-010
3987	1.8831e-010
3988	1.594e-010
3989	1.8507e-010
3990	1.8249e-010
3991	1.9217e-010
3992	1.5158e-010
3993	1.8273e-010
3994	1.8585e-010
3995	1.4283e-010
3996	1.491e-010
3997	1.8703e-010
3998	1.3373e-010
3999	1.6253e-010
4000	1.9564e-010
4001	1.3351e-010
4002	1.9869e-010
4003	1.2509e-010
4004	1.7248e-010
4005	1.4841e-010
4006	1.2497e-010
4007	1.5116e-010
4008	1.1079e-010
4009	1.5091e-010
4010	1.0509e-010
4011	1.3956e-010
4012	1.0705e-010
4013	1.2239e-010
4014	1.2005e-010
4015	1.0672e-010
4016	1.6411e-010
4017	9.9133e-011
4018	1.4539e-010
4019	8.9405e-011
4020	1.0346e-010
4021	1.0674e-010
4022	8.718e-011
4023	1.287e-010
4024	1.599e-010
4025	2.1362e-010
4026	4.146e-010
4027	1.0994e-009
4028	1.1623e-009
4029	1.3852e-009
4030	1.6851e-009
4031	3.8602e-011
4032	4.7231e-011
4033	6.6206e-011
4034	7.1104e-011
4035	7.5259e-011
4036	6.9917e-011
4037	7.1413e-011
4038	7.3993e-011
4039	7.8337e-011
4040	8.5486e-011
4041	9.4205e-011
4042	1.0412e-010
4043	1.2001e-010
4044	1.3244e-010
4045	1.5558e-010
4046	1.6936e-010
4047	1.4404e-010
4048	1.0145e-010
4049	7.5531e-011
4050	6.5652e-011
4051	7.7763e-011
4052	8.6544e-011
4053	1.1125e-010
4054	1.1409e-010
4055	1.2073e-010
4056	1.2251e-010
4057	1.247e-010
4058	1.2952e-010
4059	1.2942e-010
4060	1.3646e-010
4061	1.3599e-010
4062	1.3986e-010
4063	1.4476e-010
4064	1.4517e-010
4065	1.5005e-010
4066	1.5439e-010
4067	1.5571e-010
4068	1.5953e-010
4069	1.6643e-010
4070	1.6668e-010
4071	1.7079e-010
4072	1.7489e-010
4073	1.8106e-010
4074	1.8312e-010
4075	1.8705e-010
4076	1.914e-010
4077	1.9615e-010
4078	2.0098e-010
4079	2.053e-010
4080	2.1073e-010
4081	2.147e-010
4082	2.1961e-010
4083	2.2477e-010
4084	2.3012e-010
4085	2.3713e-010
4086	2.5193e-010
4087	2.4587e-010
4088	2.5203e-010
4089	2.6236e-010
4090	2.6793e-010
4091	2.7215e-010
4092	2.7824e-010
4093	2.8871e-010
4094	3.0009e-010
4095	2.9651e-010
4096	2.9634e-010
4097	3.0193e-010
4098	2.9234e-010
4099	2.8044e-010
4100	2.7488e-010
4101	2.7209e-010
4102	2.6714e-010
4103	2.6052e-010
4104	2.6056e-010
4105	2.4749e-010
4106	2.4437e-010
4107	2.3924e-010
4108	2.3432e-010
4109	2.2938e-010
4110	2.2488e-010
4111	2.2584e-010
4112	2.1784e-010
4113	2.1579e-010
4114	2.1081e-010
4115	2.0328e-010
4116	2.0222e-010
4117	2.012e-010
4118	2.192e-010
4119	1.948e-010
4120	1.8694e-010
4121	1.8899e-010
4122	2.2497e-010
4123	1.8436e-010
4124	1.724e-010
4125	1.9172e-010
4126	1.7606e-010
4127	1.605e-010
4128	1.965e-010
4129	1.6896e-010
4130	1.6886e-010
4131	2.2038e-010
4132	1.5252e-010
4133	1.8729e-010
4134	1.6179e-010
4135	1.5942e-010
4136	1.578e-010
4137	1.3905e-010
4138	1.5672e-010
4139	1.3216e-010
4140	1.4949e-010
4141	1.2817e-010
4142	1.3677e-010
4143	1.2682e-010
4144	1.2615e-010
4145	1.2837e-010
4146	1.3688e-010
4147	1.5634e-010
4148	1.1315e-010
4149	1.1261e-010
4150	9.3979e-011
4151	9.6194e-011
4152	9.8231e-011
4153	1.1547e-010
4154	1.7214e-010
4155	2.1587e-010
4156	4.5237e-010
4157	1.1187e-009
4158	1.2391e-009
4159	1.3247e-009
4160	1.7967e-009
4161	5.643e-011
4162	5.4363e-011
4163	7.2527e-011
4164	6.2797e-011
4165	6.9572e-011
4166	6.1699e-011
4167	6.4033e-011
4168	6.9194e-011
4169	6.5197e-011
4170	7.657e-011
4171	8.0803e-011
4172	8.3139e-011
4173	1.0232e-010
4174	1.0065e-010
4175	1.2767e-010
4176	1.3289e-010
4177	1.1984e-010
4178	9.431e-011
4179	8.3038e-011
4180	9.1138e-011
4181	8.897e-011
4182	9.4412e-011
4183	9.6142e-011
4184	1.0943e-010
4185	1.0609e-010
4186	1.0998e-010
4187	1.1376e-010
4188	1.1233e-010
4189	1.213e-010
4190	1.1629e-010
4191	1.2551e-010
4192	1.2614e-010
4193	1.2582e-010
4194	1.3391e-010
4195	1.3381e-010
4196	1.3549e-010
4197	1.4239e-010
4198	1.4532e-010
4199	1.4308e-010
4200	1.5212e-010
4201	1.5476e-010
4202	1.5797e-010
4203	1.5824e-010
4204	1.6462e-010
4205	1.6871e-010
4206	1.7276e-010
4207	1.7595e-010
4208	1.7985e-010
4209	1.8414e-010
4210	1.8731e-010
4211	1.9275e-010
4212	1.9709e-010
4213	2.0173e-010
4214	2.0621e-010
4215	2.1086e-010
4216	2.163e-010
4217	2.181e-010
4218	2.2997e-010
4219	2.3059e-010
4220	2.3705e-010
4221	2.454e-010
4222	2.5189e-010
4223	2.5171e-010
4224	2.5292e-010
4225	2.7444e-010
4226	2.7611e-010
4227	2.5359e-010
4228	2.5193e-010
4229	2.5569e-010
4230	2.5076e-010
4231	2.4178e-010
4232	2.3628e-010
4233	2.3284e-010
4234	2.2051e-010
4235	2.2466e-010
4236	2.1746e-010
4237	2.1302e-010
4238	2.0897e-010
4239	2.0542e-010
4240	2.0183e-010
4241	1.9167e-010
4242	1.9435e-010
4243	1.8995e-010
4244	1.8761e-010
4245	1.8927e-010
4246	1.8799e-010
4247	1.8606e-010
4248	1.615e-010
4249	1.827e-010
4250	1.8256e-010
4251	1.9211e-010
4252	1.5157e-010
4253	1.8267e-010
4254	1.8587e-010
4255	1.4282e-010
4256	1.491e-010
4257	1.8703e-010
4258	1.3373e-010
4259	1.6253e-010
4260	1.9564e-010
4261	1.3351e-010
4262	1.9869e-010
4263	1.2509e-010
4264	1.7248e-010
4265	1.4841e-010
4266	1.2496e-010
4267	1.5116e-010
4268	1.1079e-010
4269	1.5091e-010
4270	1.0509e-010
4271	1.3956e-010
4272	1.0705e-010
4273	1.2239e-010
4274	1.2005e-010
4275	1.0672e-010
4276	1.6411e-010
4277	9.9133e-011
4278	1.4539e-010
4279	8.9408e-011
4280	1.0346e-010
4281	1.0674e-010
4282	8.7179e-011
4283	1.287e-010
4284	1.599e-010
4285	2.1362e-010
4286	4.146e-010
4287	1.0994e-009
4288	1.1623e-009
4289	1.3852e-009
4290	1.6851e-009
4291	5.6352e-011
4292	5.4313e-011
4293	7.2503e-011
4294	6.278e-011
4295	6.9552e-011
4296	6.1649e-011
4297	6.3978e-011
4298	6.9139e-011
4299	6.513e-011
4300	7.6542e-011
4301	8.0794e-011
4302	8.3157e-011
4303	1.0229e-010
4304	1.0067e-010
4305	1.2763e-010
4306	1.3287e-010
4307	1.1981e-010
4308	9.4337e-011
4309	8.3065e-011
4310	9.1104e-011
4311	8.8892e-011
4312	9.4419e-011
4313	9.6169e-011
4314	1.0942e-010
4315	1.0603e-010
4316	1.1003e-010
4317	1.138e-010
4318	1.1231e-010
4319	1.213e-010
4320	1.1627e-010
4321	1.255e-010
4322	1.2614e-010
4323	1.2577e-010
4324	1.3388e-010
4325	1.338e-010
4326	1.3554e-010
4327	1.424e-010
4328	1.4521e-010
4329	1.4333e-010
4330	1.5204e-010
4331	1.5478e-010
4332	1.5792e-010
4333	1.582e-010
4334	1.6463e-010
4335	1.6872e-010
4336	1.7268e-010
4337	1.7586e-010
4338	1.798e-010
4339	1.8416e-010
4340	1.873e-010
4341	1.9277e-010
4342	1.971e-010
4343	2.0163e-010
4344	2.0614e-010
4345	2.1078e-010
4346	2.1619e-010
4347	2.18e-010
4348	2.2988e-010
4349	2.3042e-010
4350	2.3696e-010
4351	2.4519e-010
4352	2.5153e-010
4353	2.5144e-010
4354	2.5278e-010
4355	2.742e-010
4356	2.7573e-010
4357	2.5348e-010
4358	2.5183e-010
4359	2.5573e-010
4360	2.5057e-010
4361	2.4173e-010
4362	2.3611e-010
4363	2.3268e-010
4364	2.2037e-010
4365	2.2458e-010
4366	2.1742e-010
4367	2.1302e-010
4368	2.09e-010
4369	2.0543e-010
4370	2.0178e-010
4371	1.9173e-010
4372	1.9432e-010
4373	1.8995e-010
4374	1.876e-010
4375	1.8928e-010
4376	1.8776e-010
4377	1.8643e-010
4378	1.6146e-010
4379	1.8312e-010
4380	1.8239e-010
4381	1.921e-010
4382	1.5168e-010
4383	1.8264e-010
4384	1.8583e-010
4385	1.4276e-010
4386	1.491e-010
4387	1.871e-010
4388	1.3377e-010
4389	1.6252e-010
4390	1.9553e-010
4391	1.3351e-010
4392	1.9856e-010
4393	1.2503e-010
4394	1.7237e-010
4395	1.4828e-010
4396	1.2487e-010
4397	1.5107e-010
4398	1.1076e-010
4399	1.5078e-010
4400	1.0505e-010
4401	1.3949e-010
4402	1.0697e-010
4403	1.223e-010
4404	1.1995e-010
4405	1.0664e-010
4406	1.6408e-010
4407	9.9112e-011
4408	1.4534e-010
4409	8.9411e-011
4410	1.0349e-010
4411	1.0676e-010
4412	8.7213e-011
4413	1.2871e-010
4414	1.5991e-010
4415	2.136e-010
4416	4.1453e-010
4417	1.0994e-009
4418	1.1622e-009
4419	1.3853e-009
4420	1.6849e-009
4421	3.8587e-011
4422	4.7161e-011
4423	6.6197e-011
4424	7.107e-011
4425	7.5198e-011
4426	6.9863e-011
4427	7.1336e-011
4428	7.3871e-011
4429	7.8236e-011
4430	8.5424e-011
4431	9.4301e-011
4432	1.0416e-010
4433	1.2006e-010
4434	1.324e-010
4435	1.5551e-010
4436	1.6929e-010
4437	1.4413e-010
4438	1.0152e-010
4439	7.5556e-011
4440	6.5578e-011
4441	7.7603e-011
4442	8.6555e-011
4443	1.1127e-010
4444	1.1401e-010
4445	1.2068e-010
4446	1.2249e-010
4447	1.2479e-010
4448	1.2955e-010
4449	1.294e-010
4450	1.3642e-010
4451	1.3587e-010
4452	1.3975e-010
4453	1.447e-010
4454	1.4513e-010
4455	1.5007e-010
4456	1.544e-010
4457	1.5572e-010
4458	1.5973e-010
4459	1.6612e-010
4460	1.6696e-010
4461	1.7078e-010
4462	1.7487e-010
4463	1.8098e-010
4464	1.8322e-010
4465	1.8717e-010
4466	1.9128e-010
4467	1.9611e-010
4468	2.0078e-010
4469	2.0512e-010
4470	2.1079e-010
4471	2.1477e-010
4472	2.1952e-010
4473	2.2457e-010
4474	2.2997e-010
4475	2.3695e-010
4476	2.514e-010
4477	2.4578e-010
4478	2.5154e-010
4479	2.6218e-010
4480	2.6764e-010
4481	2.7196e-010
4482	2.7743e-010
4483	2.8822e-010
4484	2.9944e-010
4485	2.9577e-010
4486	2.958e-010
4487	3.0145e-010
4488	2.9222e-010
4489	2.8034e-010
4490	2.7469e-010
4491	2.7159e-010
4492	2.666e-010
4493	2.6006e-010
4494	2.6012e-010
4495	2.4725e-010
4496	2.4397e-010
4497	2.3918e-010
4498	2.3423e-010
4499	2.2951e-010
4500	2.2493e-010
4501	2.2573e-010
4502	2.1798e-010
4503	2.1559e-010
4504	2.1068e-010
4505	2.0335e-010
4506	2.0243e-010
4507	2.0185e-010
4508	2.2269e-010
4509	1.9567e-010
4510	1.8706e-010
4511	1.89e-010
4512	2.2486e-010
4513	1.8431e-010
4514	1.7238e-010
4515	1.9167e-010
4516	1.7607e-010
4517	1.6059e-010
4518	1.9658e-010
4519	1.6889e-010
4520	1.6865e-010
4521	2.2025e-010
4522	1.5235e-010
4523	1.8717e-010
4524	1.6168e-010
4525	1.5915e-010
4526	1.5757e-010
4527	1.3875e-010
4528	1.5643e-010
4529	1.3197e-010
4530	1.4927e-010
4531	1.2794e-010
4532	1.3644e-010
4533	1.2658e-010
4534	1.2592e-010
4535	1.2822e-010
4536	1.3674e-010
4537	1.5634e-010
4538	1.1317e-010
4539	1.1266e-010
4540	9.403e-011
4541	9.6253e-011
4542	9.8317e-011
4543	1.1553e-010
4544	1.7217e-010
4545	2.1586e-010
4546	4.5236e-010
4547	1.1186e-009
4548	1.2389e-009
4549	1.3247e-009
4550	1.7967e-009
4551	5.6374e-011
4552	5.4328e-011
4553	7.248e-011
4554	6.2764e-011
4555	6.9513e-011
4556	6.1638e-011
4557	6.3934e-011
4558	6.9085e-011
4559	6.5119e-011
4560	7.6534e-011
4561	8.0828e-011
4562	8.3196e-011
4563	1.0234e-010
4564	1.0062e-010
4565	1.276e-010
4566	1.3293e-010
4567	1.1992e-010
4568	9.4386e-011
4569	8.3062e-011
4570	9.1072e-011
4571	8.8823e-011
4572	9.4457e-011
4573	9.6171e-011
4574	1.0943e-010
4575	1.0606e-010
4576	1.1002e-010
4577	1.1382e-010
4578	1.1232e-010
4579	1.2126e-010
4580	1.1624e-010
4581	1.2552e-010
4582	1.2618e-010
4583	1.2588e-010
4584	1.3389e-010
4585	1.3373e-010
4586	1.3548e-010
4587	1.424e-010
4588	1.4496e-010
4589	1.4348e-010
4590	1.5181e-010
4591	1.5474e-010
4592	1.579e-010
4593	1.5822e-010
4594	1.6466e-010
4595	1.6873e-010
4596	1.7268e-010
4597	1.7596e-010
4598	1.7979e-010
4599	1.8407e-010
4600	1.8702e-010
4601	1.9263e-010
4602	1.9702e-010
4603	2.0153e-010
4604	2.062e-010
4605	2.1082e-010
4606	2.1632e-010
4607	2.1791e-010
4608	2.2975e-010
4609	2.305e-010
4610	2.3683e-010
4611	2.4515e-010
4612	2.5142e-010
4613	2.5137e-010
4614	2.5255e-010
4615	2.7426e-010
4616	2.7588e-010
4617	2.5356e-010
4618	2.5174e-010
4619	2.557e-010
4620	2.5056e-010
4621	2.4145e-010
4622	2.3601e-010
4623	2.3256e-010
4624	2.2043e-010
4625	2.2458e-010
4626	2.1732e-010
4627	2.1293e-010
4628	2.089e-010
4629	2.0552e-010
4630	2.0187e-010
4631	1.9176e-010
4632	1.9428e-010
4633	1.9006e-010
4634	1.8761e-010
4635	1.8934e-010
4636	1.8808e-010
4637	1.9095e-010
4638	1.617e-010
4639	1.8803e-010
4640	1.8284e-010
4641	1.9218e-010
4642	1.5166e-010
4643	1.8265e-010
4644	1.8581e-010
4645	1.4275e-010
4646	1.4915e-010
4647	1.8719e-010
4648	1.3381e-010
4649	1.6245e-010
4650	1.9548e-010
4651	1.3343e-010
4652	1.9855e-010
4653	1.2501e-010
4654	1.7239e-010
4655	1.4824e-010
4656	1.248e-010
4657	1.5096e-010
4658	1.1065e-010
4659	1.5073e-010
4660	1.0499e-010
4661	1.3941e-010
4662	1.0691e-010
4663	1.2222e-010
4664	1.1988e-010
4665	1.0662e-010
4666	1.6408e-010
4667	9.9116e-011
4668	1.4539e-010
4669	8.9443e-011
4670	1.0351e-010
4671	1.0678e-010
4672	8.7228e-011
4673	1.2869e-010
4674	1.599e-010
4675	2.1363e-010
4676	4.1452e-010
4677	1.0994e-009
4678	1.1621e-009
4679	1.3853e-009
4680	1.685e-009
4681	5.124e-011
4682	5.5219e-011
4683	5.8836e-011
4684	6.0338e-011
4685	6.653e-011
4686	6.4411e-011
4687	6.6333e-011
4688	7.136e-011
4689	7.9894e-011
4690	8.0687e-011
4691	8.566e-011
4692	9.4298e-011
4693	1.0156e-010
4694	1.1715e-010
4695	1.3025e-010
4696	1.5149e-010
4697	1.3178e-010
4698	1.0122e-010
4699	8.3183e-011
4700	7.8727e-011
4701	8.2398e-011
4702	8.9727e-011
4703	1.0147e-010
4704	1.0703e-010
4705	1.1066e-010
4706	1.1257e-010
4707	1.146e-010
4708	1.1912e-010
4709	1.1937e-010
4710	1.2538e-010
4711	1.2512e-010
4712	1.2844e-010
4713	1.3324e-010
4714	1.3363e-010
4715	1.3797e-010
4716	1.4205e-010
4717	1.4312e-010
4718	1.4718e-010
4719	1.5274e-010
4720	1.54e-010
4721	1.5657e-010
4722	1.6145e-010
4723	1.6609e-010
4724	1.6927e-010
4725	1.7209e-010
4726	1.7575e-010
4727	1.8039e-010
4728	1.8485e-010
4729	1.8905e-010
4730	1.9354e-010
4731	1.9785e-010
4732	2.021e-010
4733	2.061e-010
4734	2.0836e-010
4735	2.1853e-010
4736	2.3304e-010
4737	2.27e-010
4738	2.3054e-010
4739	2.3948e-010
4740	2.4365e-010
4741	2.4726e-010
4742	2.5421e-010
4743	2.6341e-010
4744	2.7018e-010
4745	2.7104e-010
4746	2.7176e-010
4747	2.7173e-010
4748	2.6637e-010
4749	2.567e-010
4750	2.4871e-010
4751	2.4685e-010
4752	2.4325e-010
4753	2.3872e-010
4754	2.3357e-010
4755	2.2729e-010
4756	2.2151e-010
4757	2.1704e-010
4758	2.1263e-010
4759	2.0851e-010
4760	2.0543e-010
4761	2.0251e-010
4762	1.9927e-010
4763	1.9719e-010
4764	1.9218e-010
4765	1.8139e-010
4766	1.8331e-010
4767	1.9152e-010
4768	1.977e-010
4769	1.8649e-010
4770	1.6412e-010
4771	1.7759e-010
4772	2.0231e-010
4773	1.6916e-010
4774	1.574e-010
4775	1.7422e-010
4776	1.5587e-010
4777	1.5225e-010
4778	1.7932e-010
4779	1.4459e-010
4780	1.5531e-010
4781	2.0561e-010
4782	1.5187e-010
4783	1.6854e-010
4784	1.3564e-010
4785	1.2629e-010
4786	1.3222e-010
4787	1.2098e-010
4788	1.3439e-010
4789	1.1897e-010
4790	1.2809e-010
4791	1.1317e-010
4792	1.1166e-010
4793	1.057e-010
4794	1.0118e-010
4795	1.1369e-010
4796	1.2226e-010
4797	1.4631e-010
4798	1.129e-010
4799	9.7322e-011
4800	8.6211e-011
4801	9.5205e-011
4802	1.0331e-010
4803	9.8496e-011
4804	1.2406e-010
4805	1.2369e-010
4806	3.0565e-010
4807	5.8879e-010
4808	4.6958e-010
4809	8.9697e-010
4810	8.7552e-010
4811	7.231e-011
4812	7.5249e-011
4813	7.773e-011
4814	7.4113e-011
4815	6.8893e-011
4816	7.2148e-011
4817	7.4219e-011
4818	7.766e-011
4819	8.2391e-011
4820	8.5937e-011
4821	9.0359e-011
4822	9.7151e-011
4823	1.0627e-010
4824	1.1799e-010
4825	1.3375e-010
4826	1.5163e-010
4827	1.4004e-010
4828	1.2086e-010
4829	1.1671e-010
4830	1.2324e-010
4831	1.2109e-010
4832	1.2477e-010
4833	1.2816e-010
4834	1.3249e-010
4835	1.3377e-010
4836	1.3777e-010
4837	1.4157e-010
4838	1.4323e-010
4839	1.4873e-010
4840	1.4948e-010
4841	1.5496e-010
4842	1.5773e-010
4843	1.5992e-010
4844	1.6559e-010
4845	1.681e-010
4846	1.7142e-010
4847	1.7717e-010
4848	1.8055e-010
4849	1.8309e-010
4850	1.8863e-010
4851	1.9344e-010
4852	1.9685e-010
4853	2.0065e-010
4854	2.0567e-010
4855	2.1116e-010
4856	2.1612e-010
4857	2.2072e-010
4858	2.2529e-010
4859	2.3041e-010
4860	2.3556e-010
4861	2.4099e-010
4862	2.4698e-010
4863	2.544e-010
4864	2.6921e-010
4865	2.6304e-010
4866	2.6195e-010
4867	2.7862e-010
4868	2.87e-010
4869	2.9069e-010
4870	2.9825e-010
4871	3.0604e-010
4872	3.1266e-010
4873	3.1781e-010
4874	3.2603e-010
4875	3.365e-010
4876	3.3714e-010
4877	3.273e-010
4878	3.2018e-010
4879	3.1671e-010
4880	3.1122e-010
4881	3.0391e-010
4882	2.9744e-010
4883	2.8952e-010
4884	2.8372e-010
4885	2.7786e-010
4886	2.7347e-010
4887	2.6786e-010
4888	2.6263e-010
4889	2.5761e-010
4890	2.5093e-010
4891	2.4574e-010
4892	2.4149e-010
4893	2.3974e-010
4894	2.366e-010
4895	2.3376e-010
4896	2.3378e-010
4897	2.2815e-010
4898	2.2151e-010
4899	2.2469e-010
4900	2.2203e-010
4901	2.2256e-010
4902	2.1365e-010
4903	2.1254e-010
4904	2.1463e-010
4905	1.9163e-010
4906	1.8718e-010
4907	2.1002e-010
4908	1.8765e-010
4909	1.869e-010
4910	2.0925e-010
4911	2.0309e-010
4912	2.1176e-010
4913	1.7397e-010
4914	1.8328e-010
4915	1.6071e-010
4916	1.5171e-010
4917	1.6213e-010
4918	1.4987e-010
4919	1.5964e-010
4920	1.447e-010
4921	1.4791e-010
4922	1.3456e-010
4923	1.3417e-010
4924	1.3049e-010
4925	1.3642e-010
4926	1.5849e-010
4927	1.521e-010
4928	1.4729e-010
4929	1.1465e-010
4930	1.1682e-010
4931	1.2033e-010
4932	1.1748e-010
4933	1.4636e-010
4934	1.276e-010
4935	1.4146e-010
4936	3.681e-010
4937	5.5349e-010
4938	4.1075e-010
4939	1.0768e-009
4940	7.649e-010
4941	5.1272e-011
4942	5.5231e-011
4943	5.8835e-011
4944	6.0353e-011
4945	6.6528e-011
4946	6.4449e-011
4947	6.6377e-011
4948	7.1461e-011
4949	7.9973e-011
4950	8.0697e-011
4951	8.5677e-011
4952	9.429e-011
4953	1.0157e-010
4954	1.1718e-010
4955	1.3028e-010
4956	1.5151e-010
4957	1.3169e-010
4958	1.0121e-010
4959	8.3183e-011
4960	7.8752e-011
4961	8.2437e-011
4962	8.9734e-011
4963	1.0148e-010
4964	1.07e-010
4965	1.1067e-010
4966	1.1252e-010
4967	1.1455e-010
4968	1.1916e-010
4969	1.1936e-010
4970	1.2536e-010
4971	1.2514e-010
4972	1.2842e-010
4973	1.3324e-010
4974	1.3363e-010
4975	1.38e-010
4976	1.4212e-010
4977	1.4311e-010
4978	1.4737e-010
4979	1.527e-010
4980	1.5416e-010
4981	1.5657e-010
4982	1.6149e-010
4983	1.6618e-010
4984	1.6922e-010
4985	1.7217e-010
4986	1.758e-010
4987	1.8044e-010
4988	1.8489e-010
4989	1.8892e-010
4990	1.9363e-010
4991	1.9775e-010
4992	2.0216e-010
4993	2.0614e-010
4994	2.0842e-010
4995	2.1859e-010
4996	2.3304e-010
4997	2.2708e-010
4998	2.3059e-010
4999	2.3947e-010
5000	2.4364e-010
5001	2.4724e-010
5002	2.5433e-010
5003	2.6346e-010
5004	2.7025e-010
5005	2.7116e-010
5006	2.718e-010
5007	2.7177e-010
5008	2.6641e-010
5009	2.5664e-010
5010	2.4874e-010
5011	2.4692e-010
5012	2.4311e-010
5013	2.3883e-010
5014	2.3346e-010
5015	2.2745e-010
5016	2.2143e-010
5017	2.1705e-010
5018	2.1276e-010
5019	2.0845e-010
5020	2.0591e-010
5021	2.0212e-010
5022	1.9983e-010
5023	1.9716e-010
5024	1.9221e-010
5025	1.8135e-010
5026	1.8332e-010
5027	1.9148e-010
5028	1.9763e-010
5029	1.8647e-010
5030	1.6412e-010
5031	1.7748e-010
5032	2.0225e-010
5033	1.6918e-010
5034	1.5736e-010
5035	1.7423e-010
5036	1.5583e-010
5037	1.5225e-010
5038	1.7931e-010
5039	1.4461e-010
5040	1.5531e-010
5041	2.0567e-010
5042	1.5189e-010
5043	1.6855e-010
5044	1.3565e-010
5045	1.263e-010
5046	1.3229e-010
5047	1.2097e-010
5048	1.3446e-010
5049	1.1899e-010
5050	1.2811e-010
5051	1.1313e-010
5052	1.1169e-010
5053	1.0569e-010
5054	1.0123e-010
5055	1.1369e-010
5056	1.2227e-010
5057	1.463e-010
5058	1.1292e-010
5059	9.733e-011
5060	8.621e-011
5061	9.5221e-011
5062	1.0332e-010
5063	9.8508e-011
5064	1.2404e-010
5065	1.2369e-010
5066	3.0566e-010
5067	5.8888e-010
5068	4.6963e-010
5069	8.9699e-010
5070	8.7558e-010
5071	5.1372e-011
5072	5.5322e-011
5073	5.8923e-011
5074	6.0413e-011
5075	6.6618e-011
5076	6.4538e-011
5077	6.6447e-011
5078	7.1522e-011
5079	8.0025e-011
5080	8.0728e-011
5081	8.5698e-011
5082	9.4253e-011
5083	1.0161e-010
5084	1.1719e-010
5085	1.3028e-010
5086	1.5155e-010
5087	1.3173e-010
5088	1.0118e-010
5089	8.3219e-011
5090	7.8841e-011
5091	8.2529e-011
5092	8.9816e-011
5093	1.0157e-010
5094	1.0712e-010
5095	1.1077e-010
5096	1.1251e-010
5097	1.1451e-010
5098	1.1916e-010
5099	1.1942e-010
5100	1.2544e-010
5101	1.2517e-010
5102	1.2842e-010
5103	1.3334e-010
5104	1.3369e-010
5105	1.3801e-010
5106	1.4211e-010
5107	1.4318e-010
5108	1.4716e-010
5109	1.5297e-010
5110	1.5391e-010
5111	1.5655e-010
5112	1.615e-010
5113	1.6611e-010
5114	1.6923e-010
5115	1.7208e-010
5116	1.7572e-010
5117	1.8049e-010
5118	1.8504e-010
5119	1.8914e-010
5120	1.9373e-010
5121	1.9794e-010
5122	2.0212e-010
5123	2.0618e-010
5124	2.0849e-010
5125	2.1873e-010
5126	2.3329e-010
5127	2.2723e-010
5128	2.3082e-010
5129	2.3984e-010
5130	2.4387e-010
5131	2.4751e-010
5132	2.5477e-010
5133	2.6388e-010
5134	2.705e-010
5135	2.717e-010
5136	2.7222e-010
5137	2.7212e-010
5138	2.6678e-010
5139	2.5689e-010
5140	2.4889e-010
5141	2.4704e-010
5142	2.4343e-010
5143	2.391e-010
5144	2.3374e-010
5145	2.2748e-010
5146	2.2141e-010
5147	2.1722e-010
5148	2.1274e-010
5149	2.0854e-010
5150	2.0599e-010
5151	2.0217e-010
5152	1.9981e-010
5153	1.9715e-010
5154	1.9219e-010
5155	1.8136e-010
5156	1.8327e-010
5157	1.9153e-010
5158	1.9785e-010
5159	1.865e-010
5160	1.6415e-010
5161	1.7752e-010
5162	2.0213e-010
5163	1.6908e-010
5164	1.5736e-010
5165	1.7424e-010
5166	1.5587e-010
5167	1.5227e-010
5168	1.7931e-010
5169	1.4464e-010
5170	1.5539e-010
5171	2.0575e-010
5172	1.5205e-010
5173	1.687e-010
5174	1.3574e-010
5175	1.264e-010
5176	1.3238e-010
5177	1.211e-010
5178	1.3456e-010
5179	1.1911e-010
5180	1.2827e-010
5181	1.1332e-010
5182	1.1186e-010
5183	1.0586e-010
5184	1.0137e-010
5185	1.1385e-010
5186	1.2236e-010
5187	1.463e-010
5188	1.1293e-010
5189	9.7304e-011
5190	8.6193e-011
5191	9.5156e-011
5192	1.0328e-010
5193	9.8449e-011
5194	1.2404e-010
5195	1.2369e-010
5196	3.0569e-010
5197	5.8889e-010
5198	4.6963e-010
5199	8.9701e-010
5200	8.7555e-010
5201	7.2534e-011
5202	7.5388e-011
5203	7.7843e-011
5204	7.422e-011
5205	6.9022e-011
5206	7.2295e-011
5207	7.4366e-011
5208	7.782e-011
5209	8.2527e-011
5210	8.603e-011
5211	9.039e-011
5212	9.7145e-011
5213	1.0627e-010
5214	1.1801e-010
5215	1.3381e-010
5216	1.517e-010
5217	1.4005e-010
5218	1.2081e-010
5219	1.1673e-010
5220	1.2339e-010
5221	1.2128e-010
5222	1.2486e-010
5223	1.2821e-010
5224	1.3264e-010
5225	1.3392e-010
5226	1.3766e-010
5227	1.4145e-010
5228	1.4322e-010
5229	1.4883e-010
5230	1.4957e-010
5231	1.5504e-010
5232	1.5777e-010
5233	1.6004e-010
5234	1.6569e-010
5235	1.6814e-010
5236	1.7145e-010
5237	1.7713e-010
5238	1.8055e-010
5239	1.8298e-010
5240	1.8876e-010
5241	1.9355e-010
5242	1.9693e-010
5243	2.0061e-010
5244	2.0568e-010
5245	2.1114e-010
5246	2.1616e-010
5247	2.2092e-010
5248	2.2542e-010
5249	2.3054e-010
5250	2.3569e-010
5251	2.4122e-010
5252	2.4708e-010
5253	2.5462e-010
5254	2.6939e-010
5255	2.6319e-010
5256	2.622e-010
5257	2.7878e-010
5258	2.8738e-010
5259	2.9119e-010
5260	2.9864e-010
5261	3.067e-010
5262	3.1358e-010
5263	3.1857e-010
5264	3.2675e-010
5265	3.3735e-010
5266	3.3775e-010
5267	3.2785e-010
5268	3.2044e-010
5269	3.1697e-010
5270	3.1172e-010
5271	3.0426e-010
5272	2.9784e-010
5273	2.9001e-010
5274	2.8405e-010
5275	2.7798e-010
5276	2.7356e-010
5277	2.6793e-010
5278	2.6271e-010
5279	2.5764e-010
5280	2.5091e-010
5281	2.459e-010
5282	2.4145e-010
5283	2.3976e-010
5284	2.3658e-010
5285	2.3371e-010
5286	2.3374e-010
5287	2.2824e-010
5288	2.2185e-010
5289	2.2489e-010
5290	2.2199e-010
5291	2.2239e-010
5292	2.1354e-010
5293	2.1247e-010
5294	2.147e-010
5295	1.918e-010
5296	1.8727e-010
5297	2.0992e-010
5298	1.8764e-010
5299	1.8693e-010
5300	2.0938e-010
5301	2.0319e-010
5302	2.1196e-010
5303	1.7424e-010
5304	1.8352e-010
5305	1.609e-010
5306	1.5195e-010
5307	1.6236e-010
5308	1.5006e-010
5309	1.599e-010
5310	1.449e-010
5311	1.4811e-010
5312	1.3482e-010
5313	1.3444e-010
5314	1.3078e-010
5315	1.3668e-010
5316	1.5862e-010
5317	1.5218e-010
5318	1.4729e-010
5319	1.1461e-010
5320	1.167e-010
5321	1.2025e-010
5322	1.1737e-010
5323	1.463e-010
5324	1.276e-010
5325	1.415e-010
5326	3.6815e-010
5327	5.5354e-010
5328	4.1081e-010
5329	1.0769e-009
5330	7.6489e-010
5331	5.1372e-011
5332	5.5322e-011
5333	5.8921e-011
5334	6.0408e-011
5335	6.6628e-011
5336	6.4535e-011
5337	6.6445e-011
5338	7.1516e-011
5339	8.0036e-011
5340	8.073e-011
5341	8.5697e-011
5342	9.4253e-011
5343	1.016e-010
5344	1.1718e-010
5345	1.3028e-010
5346	1.5154e-010
5347	1.3172e-010
5348	1.0118e-010
5349	8.3219e-011
5350	7.8838e-011
5351	8.2525e-011
5352	8.9816e-011
5353	1.0157e-010
5354	1.0712e-010
5355	1.1077e-010
5356	1.1251e-010
5357	1.145e-010
5358	1.1916e-010
5359	1.1941e-010
5360	1.2544e-010
5361	1.2516e-010
5362	1.2844e-010
5363	1.3333e-010
5364	1.3372e-010
5365	1.3801e-010
5366	1.4211e-010
5367	1.4316e-010
5368	1.4718e-010
5369	1.5294e-010
5370	1.5398e-010
5371	1.5656e-010
5372	1.615e-010
5373	1.661e-010
5374	1.6923e-010
5375	1.7207e-010
5376	1.7571e-010
5377	1.8049e-010
5378	1.8503e-010
5379	1.8914e-010
5380	1.9372e-010
5381	1.9793e-010
5382	2.0211e-010
5383	2.0617e-010
5384	2.0851e-010
5385	2.1871e-010
5386	2.3328e-010
5387	2.2728e-010
5388	2.3085e-010
5389	2.3982e-010
5390	2.4385e-010
5391	2.475e-010
5392	2.5478e-010
5393	2.6388e-010
5394	2.7051e-010
5395	2.7169e-010
5396	2.7221e-010
5397	2.7212e-010
5398	2.6678e-010
5399	2.5689e-010
5400	2.4892e-010
5401	2.471e-010
5402	2.4342e-010
5403	2.3911e-010
5404	2.3374e-010
5405	2.2752e-010
5406	2.2141e-010
5407	2.1722e-010
5408	2.1262e-010
5409	2.0864e-010
5410	2.0557e-010
5411	2.0261e-010
5412	1.9932e-010
5413	1.972e-010
5414	1.9212e-010
5415	1.8137e-010
5416	1.8329e-010
5417	1.9149e-010
5418	1.9792e-010
5419	1.8651e-010
5420	1.6416e-010
5421	1.7752e-010
5422	2.0212e-010
5423	1.6906e-010
5424	1.5737e-010
5425	1.7425e-010
5426	1.5587e-010
5427	1.5227e-010
5428	1.7929e-010
5429	1.4464e-010
5430	1.5539e-010
5431	2.0575e-010
5432	1.5203e-010
5433	1.6869e-010
5434	1.3574e-010
5435	1.264e-010
5436	1.3241e-010
5437	1.2109e-010
5438	1.3455e-010
5439	1.1911e-010
5440	1.2826e-010
5441	1.1331e-010
5442	1.1186e-010
5443	1.0586e-010
5444	1.0137e-010
5445	1.1385e-010
5446	1.2235e-010
5447	1.463e-010
5448	1.1292e-010
5449	9.7299e-011
5450	8.6189e-011
5451	9.5149e-011
5452	1.0328e-010
5453	9.8449e-011
5454	1.2404e-010
5455	1.237e-010
5456	3.0568e-010
5457	5.8889e-010
5458	4.6963e-010
5459	8.9701e-010
5460	8.7555e-010
5461	5.1272e-011
5462	5.5228e-011
5463	5.8833e-011
5464	6.0355e-011
5465	6.6541e-011
5466	6.4443e-011
5467	6.6371e-011
5468	7.1452e-011
5469	7.9956e-011
5470	8.0682e-011
5471	8.5659e-011
5472	9.4277e-011
5473	1.016e-010
5474	1.1719e-010
5475	1.3025e-010
5476	1.5148e-010
5477	1.3172e-010
5478	1.0119e-010
5479	8.3195e-011
5480	7.8758e-011
5481	8.2445e-011
5482	8.9748e-011
5483	1.0146e-010
5484	1.0703e-010
5485	1.1067e-010
5486	1.1252e-010
5487	1.1454e-010
5488	1.1914e-010
5489	1.1935e-010
5490	1.2541e-010
5491	1.2513e-010
5492	1.2842e-010
5493	1.3324e-010
5494	1.3361e-010
5495	1.3798e-010
5496	1.4214e-010
5497	1.4318e-010
5498	1.4728e-010
5499	1.5293e-010
5500	1.5402e-010
5501	1.5655e-010
5502	1.6144e-010
5503	1.6616e-010
5504	1.6925e-010
5505	1.7218e-010
5506	1.7578e-010
5507	1.8044e-010
5508	1.8487e-010
5509	1.8893e-010
5510	1.9362e-010
5511	1.9778e-010
5512	2.0211e-010
5513	2.0612e-010
5514	2.0841e-010
5515	2.1854e-010
5516	2.3301e-010
5517	2.2708e-010
5518	2.3063e-010
5519	2.3951e-010
5520	2.4367e-010
5521	2.4725e-010
5522	2.5432e-010
5523	2.6348e-010
5524	2.7026e-010
5525	2.7126e-010
5526	2.7183e-010
5527	2.7176e-010
5528	2.6637e-010
5529	2.567e-010
5530	2.487e-010
5531	2.4693e-010
5532	2.4309e-010
5533	2.388e-010
5534	2.3349e-010
5535	2.2743e-010
5536	2.2149e-010
5537	2.1708e-010
5538	2.1271e-010
5539	2.0851e-010
5540	2.0544e-010
5541	2.0285e-010
5542	1.9932e-010
5543	1.9723e-010
5544	1.9221e-010
5545	1.8142e-010
5546	1.8332e-010
5547	1.9141e-010
5548	1.9784e-010
5549	1.8632e-010
5550	1.6414e-010
5551	1.775e-010
5552	2.0226e-010
5553	1.6918e-010
5554	1.5739e-010
5555	1.7423e-010
5556	1.5582e-010
5557	1.5224e-010
5558	1.793e-010
5559	1.446e-010
5560	1.5532e-010
5561	2.0566e-010
5562	1.5186e-010
5563	1.6853e-010
5564	1.3562e-010
5565	1.2632e-010
5566	1.3231e-010
5567	1.2099e-010
5568	1.3444e-010
5569	1.19e-010
5570	1.281e-010
5571	1.1315e-010
5572	1.1171e-010
5573	1.057e-010
5574	1.0122e-010
5575	1.1374e-010
5576	1.2227e-010
5577	1.4629e-010
5578	1.129e-010
5579	9.7339e-011
5580	8.6226e-011
5581	9.5214e-011
5582	1.0332e-010
5583	9.8498e-011
5584	1.2404e-010
5585	1.2369e-010
5586	3.0567e-010
5587	5.8886e-010
5588	4.6962e-010
5589	8.9701e-010
5590	8.756e-010
5591	7.2317e-011
5592	7.5249e-011
5593	7.7695e-011
5594	7.4123e-011
5595	6.89e-011
5596	7.2157e-011
5597	7.4221e-011
5598	7.7669e-011
5599	8.2402e-011
5600	8.5927e-011
5601	9.0367e-011
5602	9.7152e-011
5603	1.0628e-010
5604	1.1798e-010
5605	1.3376e-010
5606	1.5164e-010
5607	1.4004e-010
5608	1.2087e-010
5609	1.1671e-010
5610	1.2325e-010
5611	1.2108e-010
5612	1.248e-010
5613	1.2818e-010
5614	1.3249e-010
5615	1.3378e-010
5616	1.3776e-010
5617	1.4153e-010
5618	1.432e-010
5619	1.4874e-010
5620	1.4949e-010
5621	1.5496e-010
5622	1.5768e-010
5623	1.5992e-010
5624	1.6557e-010
5625	1.6808e-010
5626	1.7145e-010
5627	1.7722e-010
5628	1.8063e-010
5629	1.8317e-010
5630	1.8871e-010
5631	1.9349e-010
5632	1.9681e-010
5633	2.0063e-010
5634	2.0565e-010
5635	2.1117e-010
5636	2.161e-010
5637	2.2076e-010
5638	2.2529e-010
5639	2.3043e-010
5640	2.3556e-010
5641	2.4102e-010
5642	2.4693e-010
5643	2.5442e-010
5644	2.6925e-010
5645	2.6298e-010
5646	2.6201e-010
5647	2.7867e-010
5648	2.8705e-010
5649	2.9069e-010
5650	2.9822e-010
5651	3.0609e-010
5652	3.1264e-010
5653	3.1787e-010
5654	3.2603e-010
5655	3.3648e-010
5656	3.3716e-010
5657	3.2732e-010
5658	3.2017e-010
5659	3.1666e-010
5660	3.1125e-010
5661	3.0395e-010
5662	2.975e-010
5663	2.8951e-010
5664	2.8366e-010
5665	2.7788e-010
5666	2.735e-010
5667	2.6785e-010
5668	2.6262e-010
5669	2.5752e-010
5670	2.5115e-010
5671	2.4538e-010
5672	2.4171e-010
5673	2.3975e-010
5674	2.3665e-010
5675	2.3374e-010
5676	2.3382e-010
5677	2.2813e-010
5678	2.2143e-010
5679	2.2468e-010
5680	2.2203e-010
5681	2.226e-010
5682	2.1364e-010
5683	2.126e-010
5684	2.1466e-010
5685	1.9163e-010
5686	1.8723e-010
5687	2.0999e-010
5688	1.8769e-010
5689	1.8691e-010
5690	2.0926e-010
5691	2.0312e-010
5692	2.1177e-010
5693	1.7401e-010
5694	1.8327e-010
5695	1.6071e-010
5696	1.5171e-010
5697	1.6214e-010
5698	1.4986e-010
5699	1.5966e-010
5700	1.4466e-010
5701	1.4788e-010
5702	1.3452e-010
5703	1.3417e-010
5704	1.3049e-010
5705	1.3644e-010
5706	1.5849e-010
5707	1.5208e-010
5708	1.473e-010
5709	1.1466e-010
5710	1.1682e-010
5711	1.2034e-010
5712	1.1748e-010
5713	1.4636e-010
5714	1.2759e-010
5715	1.4148e-010
5716	3.6812e-010
5717	5.5351e-010
5718	4.1079e-010
5719	1.0768e-009
5720	7.6492e-010
5721	5.1246e-011
5722	5.522e-011
5723	5.8815e-011
5724	6.0326e-011
5725	6.6518e-011
5726	6.4417e-011
5727	6.6332e-011
5728	7.1384e-011
5729	7.9899e-011
5730	8.0672e-011
5731	8.5672e-011
5732	9.4304e-011
5733	1.016e-010
5734	1.1713e-010
5735	1.3024e-010
5736	1.5151e-010
5737	1.3178e-010
5738	1.0121e-010
5739	8.3171e-011
5740	7.8719e-011
5741	8.2416e-011
5742	8.9727e-011
5743	1.0149e-010
5744	1.0702e-010
5745	1.1067e-010
5746	1.1256e-010
5747	1.1457e-010
5748	1.1913e-010
5749	1.1938e-010
5750	1.2534e-010
5751	1.2513e-010
5752	1.2842e-010
5753	1.332e-010
5754	1.3364e-010
5755	1.3797e-010
5756	1.4207e-010
5757	1.4311e-010
5758	1.472e-010
5759	1.5293e-010
5760	1.5404e-010
5761	1.5649e-010
5762	1.6146e-010
5763	1.6613e-010
5764	1.6923e-010
5765	1.7215e-010
5766	1.758e-010
5767	1.8045e-010
5768	1.8489e-010
5769	1.8903e-010
5770	1.9357e-010
5771	1.9783e-010
5772	2.0213e-010
5773	2.0616e-010
5774	2.0837e-010
5775	2.1853e-010
5776	2.3298e-010
5777	2.2696e-010
5778	2.3055e-010
5779	2.3944e-010
5780	2.4362e-010
5781	2.4726e-010
5782	2.5424e-010
5783	2.6344e-010
5784	2.7014e-010
5785	2.7107e-010
5786	2.7177e-010
5787	2.7177e-010
5788	2.6633e-010
5789	2.5663e-010
5790	2.4871e-010
5791	2.4684e-010
5792	2.4324e-010
5793	2.3874e-010
5794	2.3357e-010
5795	2.2738e-010
5796	2.2147e-010
5797	2.1707e-010
5798	2.1267e-010
5799	2.0854e-010
5800	2.0551e-010
5801	2.0271e-010
5802	1.9929e-010
5803	1.9723e-010
5804	1.9219e-010
5805	1.8139e-010
5806	1.8339e-010
5807	1.9126e-010
5808	1.977e-010
5809	1.8618e-010
5810	1.6422e-010
5811	1.7748e-010
5812	2.0223e-010
5813	1.6916e-010
5814	1.574e-010
5815	1.7422e-010
5816	1.5586e-010
5817	1.522e-010
5818	1.793e-010
5819	1.4464e-010
5820	1.553e-010
5821	2.0564e-010
5822	1.5187e-010
5823	1.6853e-010
5824	1.3562e-010
5825	1.263e-010
5826	1.3223e-010
5827	1.2098e-010
5828	1.3437e-010
5829	1.1902e-010
5830	1.2809e-010
5831	1.1316e-010
5832	1.1165e-010
5833	1.0569e-010
5834	1.0119e-010
5835	1.1368e-010
5836	1.223e-010
5837	1.4631e-010
5838	1.1292e-010
5839	9.7313e-011
5840	8.6195e-011
5841	9.5206e-011
5842	1.033e-010
5843	9.8486e-011
5844	1.2405e-010
5845	1.2371e-010
5846	3.0565e-010
5847	5.8881e-010
5848	4.6963e-010
5849	8.9696e-010
5850	8.7556e-010
5851	5.1242e-011
5852	5.5215e-011
5853	5.8807e-011
5854	6.034e-011
5855	6.6516e-011
5856	6.4414e-011
5857	6.6329e-011
5858	7.1381e-011
5859	7.9897e-011
5860	8.066e-011
5861	8.5685e-011
5862	9.4295e-011
5863	1.0159e-010
5864	1.1712e-010
5865	1.3027e-010
5866	1.515e-010
5867	1.3177e-010
5868	1.0121e-010
5869	8.3164e-011
5870	7.871e-011
5871	8.2408e-011
5872	8.9748e-011
5873	1.0149e-010
5874	1.0701e-010
5875	1.1066e-010
5876	1.1256e-010
5877	1.1457e-010
5878	1.1913e-010
5879	1.1937e-010
5880	1.2533e-010
5881	1.2513e-010
5882	1.2841e-010
5883	1.3326e-010
5884	1.3364e-010
5885	1.3797e-010
5886	1.4207e-010
5887	1.4311e-010
5888	1.4719e-010
5889	1.5287e-010
5890	1.5402e-010
5891	1.5649e-010
5892	1.6145e-010
5893	1.6615e-010
5894	1.6922e-010
5895	1.7214e-010
5896	1.758e-010
5897	1.8045e-010
5898	1.8487e-010
5899	1.8907e-010
5900	1.9356e-010
5901	1.9782e-010
5902	2.0212e-010
5903	2.0618e-010
5904	2.0837e-010
5905	2.1853e-010
5906	2.3298e-010
5907	2.2695e-010
5908	2.306e-010
5909	2.395e-010
5910	2.4362e-010
5911	2.4725e-010
5912	2.5423e-010
5913	2.6343e-010
5914	2.7012e-010
5915	2.7118e-010
5916	2.7176e-010
5917	2.7176e-010
5918	2.664e-010
5919	2.5663e-010
5920	2.487e-010
5921	2.4682e-010
5922	2.4323e-010
5923	2.3872e-010
5924	2.3354e-010
5925	2.2743e-010
5926	2.2146e-010
5927	2.1707e-010
5928	2.1267e-010
5929	2.0853e-010
5930	2.0547e-010
5931	2.0278e-010
5932	1.9926e-010
5933	1.9722e-010
5934	1.9218e-010
5935	1.8142e-010
5936	1.8327e-010
5937	1.9154e-010
5938	1.9751e-010
5939	1.8645e-010
5940	1.6408e-010
5941	1.7758e-010
5942	2.0222e-010
5943	1.6916e-010
5944	1.5741e-010
5945	1.7421e-010
5946	1.5585e-010
5947	1.5219e-010
5948	1.7929e-010
5949	1.4465e-010
5950	1.553e-010
5951	2.0563e-010
5952	1.5193e-010
5953	1.6855e-010
5954	1.3565e-010
5955	1.2629e-010
5956	1.3222e-010
5957	1.2097e-010
5958	1.3437e-010
5959	1.1901e-010
5960	1.2808e-010
5961	1.1316e-010
5962	1.1164e-010
5963	1.0569e-010
5964	1.0121e-010
5965	1.1367e-010
5966	1.223e-010
5967	1.4631e-010
5968	1.1291e-010
5969	9.7311e-011
5970	8.6195e-011
5971	9.5199e-011
5972	1.033e-010
5973	9.847e-011
5974	1.2407e-010
5975	1.237e-010
5976	3.0565e-010
5977	5.8881e-010
5978	4.6963e-010
5979	8.9698e-010
5980	8.7556e-010
5981	7.2324e-011
5982	7.5257e-011
5983	7.7708e-011
5984	7.4123e-011
5985	6.8905e-011
5986	7.2161e-011
5987	7.4225e-011
5988	7.7672e-011
5989	8.24e-011
5990	8.5925e-011
5991	9.0366e-011
5992	9.7149e-011
5993	1.0627e-010
5994	1.1798e-010
5995	1.3376e-010
5996	1.5165e-010
5997	1.4004e-010
5998	1.2086e-010
5999	1.1672e-010
6000	1.2324e-010
6001	1.2107e-010
6002	1.2481e-010
6003	1.2818e-010
6004	1.325e-010
6005	1.3377e-010
6006	1.3777e-010
6007	1.4154e-010
6008	1.4319e-010
6009	1.4875e-010
6010	1.495e-010
6011	1.5496e-010
6012	1.5769e-010
6013	1.5992e-010
6014	1.6557e-010
6015	1.6809e-010
6016	1.7145e-010
6017	1.7724e-010
6018	1.8059e-010
6019	1.8318e-010
6020	1.8871e-010
6021	1.9348e-010
6022	1.9682e-010
6023	2.0062e-010
6024	2.0565e-010
6025	2.1118e-010
6026	2.1612e-010
6027	2.2073e-010
6028	2.2531e-010
6029	2.3041e-010
6030	2.3554e-010
6031	2.4104e-010
6032	2.4695e-010
6033	2.5439e-010
6034	2.6925e-010
6035	2.63e-010
6036	2.6203e-010
6037	2.7868e-010
6038	2.8708e-010
6039	2.9072e-010
6040	2.9823e-010
6041	3.0611e-010
6042	3.1268e-010
6043	3.178e-010
6044	3.2603e-010
6045	3.365e-010
6046	3.3711e-010
6047	3.2733e-010
6048	3.2013e-010
6049	3.1668e-010
6050	3.1127e-010
6051	3.0393e-010
6052	2.9749e-010
6053	2.8955e-010
6054	2.8358e-010
6055	2.7791e-010
6056	2.7349e-010
6057	2.6786e-010
6058	2.626e-010
6059	2.576e-010
6060	2.5112e-010
6061	2.4554e-010
6062	2.4167e-010
6063	2.3974e-010
6064	2.3667e-010
6065	2.3365e-010
6066	2.3403e-010
6067	2.2772e-010
6068	2.2155e-010
6069	2.2421e-010
6070	2.2221e-010
6071	2.225e-010
6072	2.1372e-010
6073	2.1256e-010
6074	2.147e-010
6075	1.916e-010
6076	1.8722e-010
6077	2.0998e-010
6078	1.8763e-010
6079	1.869e-010
6080	2.0929e-010
6081	2.0308e-010
6082	2.1177e-010
6083	1.7399e-010
6084	1.8327e-010
6085	1.6073e-010
6086	1.5171e-010
6087	1.6214e-010
6088	1.4984e-010
6089	1.5967e-010
6090	1.4465e-010
6091	1.4788e-010
6092	1.3452e-010
6093	1.3419e-010
6094	1.3046e-010
6095	1.364e-010
6096	1.5849e-010
6097	1.5209e-010
6098	1.4729e-010
6099	1.1467e-010
6100	1.1682e-010
6101	1.2034e-010
6102	1.1748e-010
6103	1.4636e-010
6104	1.2761e-010
6105	1.4149e-010
6106	3.6813e-010
6107	5.5351e-010
6108	4.108e-010
6109	1.0768e-009
6110	7.6495e-010
6111	5.1283e-011
6112	5.5225e-011
6113	5.8825e-011
6114	6.0339e-011
6115	6.6551e-011
6116	6.4439e-011
6117	6.6384e-011
6118	7.144e-011
6119	7.9969e-011
6120	8.0677e-011
6121	8.5686e-011
6122	9.4262e-011
6123	1.0159e-010
6124	1.1718e-010
6125	1.3027e-010
6126	1.5146e-010
6127	1.3172e-010
6128	1.0119e-010
6129	8.3192e-011
6130	7.8754e-011
6131	8.2445e-011
6132	8.9748e-011
6133	1.0146e-010
6134	1.0702e-010
6135	1.1067e-010
6136	1.125e-010
6137	1.1453e-010
6138	1.1913e-010
6139	1.1937e-010
6140	1.254e-010
6141	1.2511e-010
6142	1.2843e-010
6143	1.3323e-010
6144	1.3366e-010
6145	1.3796e-010
6146	1.4213e-010
6147	1.4318e-010
6148	1.4724e-010
6149	1.5294e-010
6150	1.5403e-010
6151	1.5655e-010
6152	1.6143e-010
6153	1.6615e-010
6154	1.6929e-010
6155	1.7215e-010
6156	1.7576e-010
6157	1.8041e-010
6158	1.8489e-010
6159	1.8901e-010
6160	1.9364e-010
6161	1.9781e-010
6162	2.021e-010
6163	2.0611e-010
6164	2.084e-010
6165	2.1864e-010
6166	2.3304e-010
6167	2.2711e-010
6168	2.3067e-010
6169	2.3948e-010
6170	2.4367e-010
6171	2.4723e-010
6172	2.543e-010
6173	2.6345e-010
6174	2.7023e-010
6175	2.7124e-010
6176	2.7183e-010
6177	2.7174e-010
6178	2.6635e-010
6179	2.5669e-010
6180	2.4866e-010
6181	2.4698e-010
6182	2.4313e-010
6183	2.3876e-010
6184	2.3355e-010
6185	2.2741e-010
6186	2.2154e-010
6187	2.1717e-010
6188	2.1267e-010
6189	2.0848e-010
6190	2.0565e-010
6191	2.028e-010
6192	1.9954e-010
6193	1.9716e-010
6194	1.922e-010
6195	1.8143e-010
6196	1.8328e-010
6197	1.9145e-010
6198	1.9751e-010
6199	1.8636e-010
6200	1.6402e-010
6201	1.7757e-010
6202	2.022e-010
6203	1.6918e-010
6204	1.5744e-010
6205	1.7426e-010
6206	1.5586e-010
6207	1.5221e-010
6208	1.7931e-010
6209	1.4461e-010
6210	1.5535e-010
6211	2.0568e-010
6212	1.5191e-010
6213	1.6854e-010
6214	1.3563e-010
6215	1.263e-010
6216	1.323e-010
6217	1.2098e-010
6218	1.3443e-010
6219	1.1898e-010
6220	1.2812e-010
6221	1.1315e-010
6222	1.1173e-010
6223	1.0571e-010
6224	1.0121e-010
6225	1.1373e-010
6226	1.2226e-010
6227	1.4629e-010
6228	1.1289e-010
6229	9.7331e-011
6230	8.6223e-011
6231	9.5205e-011
6232	1.0333e-010
6233	9.8512e-011
6234	1.2404e-010
6235	1.2368e-010
6236	3.0566e-010
6237	5.8883e-010
6238	4.6962e-010
6239	8.9701e-010
6240	8.7559e-010
6241	5.1362e-011
6242	5.5323e-011
6243	5.8901e-011
6244	6.0416e-011
6245	6.662e-011
6246	6.4531e-011
6247	6.6426e-011
6248	7.1529e-011
6249	8.0014e-011
6250	8.0737e-011
6251	8.5685e-011
6252	9.4258e-011
6253	1.0158e-010
6254	1.1717e-010
6255	1.3028e-010
6256	1.5157e-010
6257	1.3176e-010
6258	1.0118e-010
6259	8.3201e-011
6260	7.8824e-011
6261	8.255e-011
6262	8.9817e-011
6263	1.0155e-010
6264	1.0714e-010
6265	1.1074e-010
6266	1.1248e-010
6267	1.145e-010
6268	1.1913e-010
6269	1.1942e-010
6270	1.2546e-010
6271	1.2518e-010
6272	1.2846e-010
6273	1.3331e-010
6274	1.3372e-010
6275	1.3803e-010
6276	1.421e-010
6277	1.4317e-010
6278	1.4723e-010
6279	1.5292e-010
6280	1.54e-010
6281	1.5654e-010
6282	1.6148e-010
6283	1.6608e-010
6284	1.6921e-010
6285	1.7207e-010
6286	1.7576e-010
6287	1.8052e-010
6288	1.8498e-010
6289	1.8917e-010
6290	1.9372e-010
6291	1.9791e-010
6292	2.0211e-010
6293	2.0623e-010
6294	2.0856e-010
6295	2.1869e-010
6296	2.3327e-010
6297	2.2725e-010
6298	2.308e-010
6299	2.3983e-010
6300	2.438e-010
6301	2.4753e-010
6302	2.5479e-010
6303	2.6389e-010
6304	2.7061e-010
6305	2.7174e-010
6306	2.7226e-010
6307	2.7208e-010
6308	2.6674e-010
6309	2.5692e-010
6310	2.4889e-010
6311	2.4707e-010
6312	2.4338e-010
6313	2.3908e-010
6314	2.3378e-010
6315	2.2755e-010
6316	2.2142e-010
6317	2.1724e-010
6318	2.1272e-010
6319	2.0853e-010
6320	2.052e-010
6321	2.0457e-010
6322	1.9898e-010
6323	1.9711e-010
6324	1.9216e-010
6325	1.8146e-010
6326	1.8324e-010
6327	1.9161e-010
6328	1.9764e-010
6329	1.8651e-010
6330	1.6407e-010
6331	1.7759e-010
6332	2.0211e-010
6333	1.6903e-010
6334	1.5738e-010
6335	1.7425e-010
6336	1.559e-010
6337	1.5225e-010
6338	1.7927e-010
6339	1.4466e-010
6340	1.5536e-010
6341	2.0575e-010
6342	1.5204e-010
6343	1.6871e-010
6344	1.358e-010
6345	1.2646e-010
6346	1.3241e-010
6347	1.2111e-010
6348	1.3455e-010
6349	1.1915e-010
6350	1.2827e-010
6351	1.1329e-010
6352	1.1186e-010
6353	1.0584e-010
6354	1.014e-010
6355	1.1386e-010
6356	1.2234e-010
6357	1.4629e-010
6358	1.1292e-010
6359	9.7316e-011
6360	8.6186e-011
6361	9.5186e-011
6362	1.0329e-010
6363	9.8452e-011
6364	1.2405e-010
6365	1.2371e-010
6366	3.0567e-010
6367	5.8883e-010
6368	4.6966e-010
6369	8.9702e-010
6370	8.7561e-010
6371	7.2523e-011
6372	7.5386e-011
6373	7.7826e-011
6374	7.4225e-011
6375	6.9024e-011
6376	7.2303e-011
6377	7.4381e-011
6378	7.7841e-011
6379	8.2532e-011
6380	8.6024e-011
6381	9.0391e-011
6382	9.7151e-011
6383	1.0626e-010
6384	1.1799e-010
6385	1.3382e-010
6386	1.5169e-010
6387	1.4007e-010
6388	1.2079e-010
6389	1.1673e-010
6390	1.2336e-010
6391	1.2133e-010
6392	1.2489e-010
6393	1.2819e-010
6394	1.3263e-010
6395	1.3387e-010
6396	1.3766e-010
6397	1.4141e-010
6398	1.4319e-010
6399	1.4885e-010
6400	1.4954e-010
6401	1.55e-010
6402	1.5777e-010
6403	1.6007e-010
6404	1.6572e-010
6405	1.6816e-010
6406	1.7146e-010
6407	1.7719e-010
6408	1.8054e-010
6409	1.8315e-010
6410	1.8875e-010
6411	1.9355e-010
6412	1.9687e-010
6413	2.0065e-010
6414	2.0557e-010
6415	2.1114e-010
6416	2.1616e-010
6417	2.2093e-010
6418	2.2543e-010
6419	2.3049e-010
6420	2.3573e-010
6421	2.4118e-010
6422	2.4708e-010
6423	2.5465e-010
6424	2.694e-010
6425	2.6323e-010
6426	2.6213e-010
6427	2.7884e-010
6428	2.8731e-010
6429	2.9117e-010
6430	2.9859e-010
6431	3.0661e-010
6432	3.1357e-010
6433	3.1866e-010
6434	3.2682e-010
6435	3.3732e-010
6436	3.3773e-010
6437	3.2791e-010
6438	3.2044e-010
6439	3.1702e-010
6440	3.1172e-010
6441	3.0414e-010
6442	2.978e-010
6443	2.901e-010
6444	2.8406e-010
6445	2.7803e-010
6446	2.7358e-010
6447	2.6793e-010
6448	2.6251e-010
6449	2.5776e-010
6450	2.52e-010
6451	2.4473e-010
6452	2.4261e-010
6453	2.399e-010
6454	2.3645e-010
6455	2.3362e-010
6456	2.3387e-010
6457	2.2798e-010
6458	2.2165e-010
6459	2.2465e-010
6460	2.2209e-010
6461	2.224e-010
6462	2.1364e-010
6463	2.124e-010
6464	2.1468e-010
6465	1.9178e-010
6466	1.8732e-010
6467	2.0992e-010
6468	1.8749e-010
6469	1.8691e-010
6470	2.0935e-010
6471	2.0322e-010
6472	2.1195e-010
6473	1.7422e-010
6474	1.8353e-010
6475	1.6096e-010
6476	1.5193e-010
6477	1.6238e-010
6478	1.5009e-010
6479	1.5992e-010
6480	1.4492e-010
6481	1.4813e-010
6482	1.3485e-010
6483	1.3446e-010
6484	1.3076e-010
6485	1.3669e-010
6486	1.5862e-010
6487	1.5218e-010
6488	1.4731e-010
6489	1.1462e-010
6490	1.1673e-010
6491	1.2024e-010
6492	1.1741e-010
6493	1.4631e-010
6494	1.2762e-010
6495	1.415e-010
6496	3.6815e-010
6497	5.5353e-010
6498	4.1082e-010
6499	1.0769e-009
6500	7.6492e-010
6501	5.1366e-011
6502	5.5324e-011
6503	5.8902e-011
6504	6.0429e-011
6505	6.6617e-011
6506	6.4528e-011
6507	6.6426e-011
6508	7.1529e-011
6509	8.0014e-011
6510	8.0737e-011
6511	8.5684e-011
6512	9.4256e-011
6513	1.0158e-010
6514	1.1717e-010
6515	1.3027e-010
6516	1.5157e-010
6517	1.3176e-010
6518	1.0118e-010
6519	8.3201e-011
6520	7.8825e-011
6521	8.2542e-011
6522	8.9814e-011
6523	1.0155e-010
6524	1.0715e-010
6525	1.1074e-010
6526	1.1249e-010
6527	1.1449e-010
6528	1.1912e-010
6529	1.1942e-010
6530	1.2546e-010
6531	1.2518e-010
6532	1.2845e-010
6533	1.3331e-010
6534	1.3372e-010
6535	1.3804e-010
6536	1.421e-010
6537	1.4318e-010
6538	1.4723e-010
6539	1.5291e-010
6540	1.54e-010
6541	1.5653e-010
6542	1.6148e-010
6543	1.6608e-010
6544	1.6921e-010
6545	1.7206e-010
6546	1.7576e-010
6547	1.8052e-010
6548	1.8498e-010
6549	1.8918e-010
6550	1.9371e-010
6551	1.9791e-010
6552	2.0211e-010
6553	2.0623e-010
6554	2.0857e-010
6555	2.1869e-010
6556	2.3327e-010
6557	2.2725e-010
6558	2.308e-010
6559	2.3983e-010
6560	2.438e-010
6561	2.4753e-010
6562	2.5478e-010
6563	2.639e-010
6564	2.7061e-010
6565	2.7174e-010
6566	2.7226e-010
6567	2.7208e-010
6568	2.6674e-010
6569	2.5691e-010
6570	2.4887e-010
6571	2.4706e-010
6572	2.4338e-010
6573	2.3908e-010
6574	2.3378e-010
6575	2.2755e-010
6576	2.2142e-010
6577	2.1726e-010
6578	2.1268e-010
6579	2.0853e-010
6580	2.0551e-010
6581	2.0405e-010
6582	1.9941e-010
6583	1.9719e-010
6584	1.9217e-010
6585	1.8138e-010
6586	1.8327e-010
6587	1.9146e-010
6588	1.9775e-010
6589	1.8642e-010
6590	1.6416e-010
6591	1.775e-010
6592	2.0218e-010
6593	1.6907e-010
6594	1.5735e-010
6595	1.7427e-010
6596	1.5589e-010
6597	1.5225e-010
6598	1.7927e-010
6599	1.4465e-010
6600	1.5536e-010
6601	2.0575e-010
6602	1.5204e-010
6603	1.6871e-010
6604	1.3579e-010
6605	1.2646e-010
6606	1.3241e-010
6607	1.211e-010
6608	1.3455e-010
6609	1.1916e-010
6610	1.2827e-010
6611	1.1329e-010
6612	1.1186e-010
6613	1.0584e-010
6614	1.014e-010
6615	1.1386e-010
6616	1.2234e-010
6617	1.4629e-010
6618	1.1291e-010
6619	9.7316e-011
6620	8.6186e-011
6621	9.5186e-011
6622	1.0329e-010
6623	9.8451e-011
6624	1.2405e-010
6625	1.2371e-010
6626	3.0567e-010
6627	5.8882e-010
6628	4.6966e-010
6629	8.9702e-010
6630	8.7561e-010
6631	5.1278e-011
6632	5.5224e-011
6633	5.882e-011
6634	6.0332e-011
6635	6.6566e-011
6636	6.444e-011
6637	6.6376e-011
6638	7.1434e-011
6639	7.9969e-011
6640	8.0677e-011
6641	8.5682e-011
6642	9.4257e-011
6643	1.0158e-010
6644	1.1718e-010
6645	1.3027e-010
6646	1.5148e-010
6647	1.3171e-010
6648	1.0118e-010
6649	8.3188e-011
6650	7.8752e-011
6651	8.2445e-011
6652	8.974e-011
6653	1.0144e-010
6654	1.0707e-010
6655	1.1066e-010
6656	1.1253e-010
6657	1.1452e-010
6658	1.1913e-010
6659	1.1937e-010
6660	1.254e-010
6661	1.2511e-010
6662	1.2843e-010
6663	1.3323e-010
6664	1.3367e-010
6665	1.3798e-010
6666	1.4214e-010
6667	1.4318e-010
6668	1.4724e-010
6669	1.5294e-010
6670	1.5401e-010
6671	1.5652e-010
6672	1.6143e-010
6673	1.6616e-010
6674	1.6924e-010
6675	1.7215e-010
6676	1.7579e-010
6677	1.8041e-010
6678	1.8489e-010
6679	1.8901e-010
6680	1.9364e-010
6681	1.9782e-010
6682	2.021e-010
6683	2.0611e-010
6684	2.084e-010
6685	2.1863e-010
6686	2.3309e-010
6687	2.2709e-010
6688	2.3067e-010
6689	2.3948e-010
6690	2.4367e-010
6691	2.4723e-010
6692	2.5429e-010
6693	2.6344e-010
6694	2.7022e-010
6695	2.7121e-010
6696	2.7182e-010
6697	2.7174e-010
6698	2.6634e-010
6699	2.5667e-010
6700	2.4869e-010
6701	2.4698e-010
6702	2.4313e-010
6703	2.3876e-010
6704	2.3353e-010
6705	2.2743e-010
6706	2.2149e-010
6707	2.1717e-010
6708	2.1269e-010
6709	2.0842e-010
6710	2.0608e-010
6711	2.0267e-010
6712	2.0001e-010
6713	1.972e-010
6714	1.9218e-010
6715	1.8142e-010
6716	1.8329e-010
6717	1.9148e-010
6718	1.9792e-010
6719	1.8642e-010
6720	1.6404e-010
6721	1.7753e-010
6722	2.0246e-010
6723	1.6923e-010
6724	1.574e-010
6725	1.7424e-010
6726	1.5584e-010
6727	1.5222e-010
6728	1.7931e-010
6729	1.4461e-010
6730	1.5533e-010
6731	2.0567e-010
6732	1.5191e-010
6733	1.6855e-010
6734	1.3564e-010
6735	1.263e-010
6736	1.323e-010
6737	1.2098e-010
6738	1.3443e-010
6739	1.1898e-010
6740	1.2812e-010
6741	1.1314e-010
6742	1.1173e-010
6743	1.0571e-010
6744	1.012e-010
6745	1.1374e-010
6746	1.2225e-010
6747	1.4629e-010
6748	1.1288e-010
6749	9.7329e-011
6750	8.6214e-011
6751	9.522e-011
6752	1.0333e-010
6753	9.8511e-011
6754	1.2404e-010
6755	1.2368e-010
6756	3.0565e-010
6757	5.8881e-010
6758	4.6964e-010
6759	8.97e-010
6760	8.7559e-010
6761	7.2326e-011
6762	7.5246e-011
6763	7.7715e-011
6764	7.4097e-011
6765	6.89e-011
6766	7.2166e-011
6767	7.4229e-011
6768	7.7676e-011
6769	8.2391e-011
6770	8.5917e-011
6771	9.0369e-011
6772	9.7154e-011
6773	1.0626e-010
6774	1.1798e-010
6775	1.3377e-010
6776	1.5165e-010
6777	1.4005e-010
6778	1.2084e-010
6779	1.167e-010
6780	1.2325e-010
6781	1.2107e-010
6782	1.2482e-010
6783	1.2815e-010
6784	1.3252e-010
6785	1.3377e-010
6786	1.3778e-010
6787	1.4156e-010
6788	1.432e-010
6789	1.4872e-010
6790	1.4951e-010
6791	1.5496e-010
6792	1.5768e-010
6793	1.5994e-010
6794	1.6559e-010
6795	1.6808e-010
6796	1.7144e-010
6797	1.7722e-010
6798	1.8059e-010
6799	1.8316e-010
6800	1.8869e-010
6801	1.9347e-010
6802	1.9683e-010
6803	2.0061e-010
6804	2.0565e-010
6805	2.112e-010
6806	2.1613e-010
6807	2.2073e-010
6808	2.2527e-010
6809	2.3043e-010
6810	2.3547e-010
6811	2.4098e-010
6812	2.4695e-010
6813	2.5439e-010
6814	2.6926e-010
6815	2.6302e-010
6816	2.6202e-010
6817	2.7867e-010
6818	2.871e-010
6819	2.9068e-010
6820	2.9825e-010
6821	3.0612e-010
6822	3.1266e-010
6823	3.1772e-010
6824	3.2605e-010
6825	3.3653e-010
6826	3.3713e-010
6827	3.2734e-010
6828	3.2015e-010
6829	3.1671e-010
6830	3.1131e-010
6831	3.0394e-010
6832	2.9749e-010
6833	2.8957e-010
6834	2.8361e-010
6835	2.7789e-010
6836	2.7353e-010
6837	2.6786e-010
6838	2.626e-010
6839	2.576e-010
6840	2.5164e-010
6841	2.4486e-010
6842	2.4222e-010
6843	2.3978e-010
6844	2.3662e-010
6845	2.3373e-010
6846	2.338e-010
6847	2.2811e-010
6848	2.2171e-010
6849	2.2471e-010
6850	2.22e-010
6851	2.2256e-010
6852	2.1392e-010
6853	2.1257e-010
6854	2.1466e-010
6855	1.9164e-010
6856	1.8721e-010
6857	2.0998e-010
6858	1.8764e-010
6859	1.8691e-010
6860	2.0928e-010
6861	2.031e-010
6862	2.1177e-010
6863	1.7399e-010
6864	1.8327e-010
6865	1.6073e-010
6866	1.5172e-010
6867	1.6213e-010
6868	1.4984e-010
6869	1.5967e-010
6870	1.4466e-010
6871	1.4786e-010
6872	1.3451e-010
6873	1.3419e-010
6874	1.3045e-010
6875	1.3639e-010
6876	1.5848e-010
6877	1.5211e-010
6878	1.473e-010
6879	1.1468e-010
6880	1.1683e-010
6881	1.2035e-010
6882	1.1748e-010
6883	1.4636e-010
6884	1.2761e-010
6885	1.415e-010
6886	3.6812e-010
6887	5.5344e-010
6888	4.1075e-010
6889	1.0768e-009
6890	7.6495e-010
6891	5.1241e-011
6892	5.5213e-011
6893	5.8819e-011
6894	6.0345e-011
6895	6.6544e-011
6896	6.4407e-011
6897	6.6327e-011
6898	7.1372e-011
6899	7.9918e-011
6900	8.0653e-011
6901	8.5685e-011
6902	9.4283e-011
6903	1.0159e-010
6904	1.1715e-010
6905	1.3027e-010
6906	1.515e-010
6907	1.3176e-010
6908	1.012e-010
6909	8.316e-011
6910	7.8708e-011
6911	8.2405e-011
6912	8.9741e-011
6913	1.0148e-010
6914	1.0703e-010
6915	1.1065e-010
6916	1.1256e-010
6917	1.1458e-010
6918	1.1911e-010
6919	1.1939e-010
6920	1.2535e-010
6921	1.2513e-010
6922	1.284e-010
6923	1.3324e-010
6924	1.3364e-010
6925	1.3796e-010
6926	1.4205e-010
6927	1.4313e-010
6928	1.4716e-010
6929	1.5288e-010
6930	1.5399e-010
6931	1.565e-010
6932	1.6147e-010
6933	1.6613e-010
6934	1.6922e-010
6935	1.7215e-010
6936	1.7579e-010
6937	1.8045e-010
6938	1.8487e-010
6939	1.8906e-010
6940	1.9354e-010
6941	1.978e-010
6942	2.0211e-010
6943	2.0619e-010
6944	2.0842e-010
6945	2.1854e-010
6946	2.3298e-010
6947	2.27e-010
6948	2.3058e-010
6949	2.3949e-010
6950	2.436e-010
6951	2.4723e-010
6952	2.542e-010
6953	2.634e-010
6954	2.7011e-010
6955	2.7117e-010
6956	2.7174e-010
6957	2.7175e-010
6958	2.6639e-010
6959	2.5667e-010
6960	2.4868e-010
6961	2.4681e-010
6962	2.4324e-010
6963	2.3875e-010
6964	2.3353e-010
6965	2.2742e-010
6966	2.2145e-010
6967	2.1702e-010
6968	2.1267e-010
6969	2.0859e-010
6970	2.0554e-010
6971	2.0312e-010
6972	1.9937e-010
6973	1.9725e-010
6974	1.9218e-010
6975	1.8141e-010
6976	1.8327e-010
6977	1.915e-010
6978	1.9786e-010
6979	1.8649e-010
6980	1.6407e-010
6981	1.7756e-010
6982	2.0242e-010
6983	1.6918e-010
6984	1.5742e-010
6985	1.742e-010
6986	1.5584e-010
6987	1.5218e-010
6988	1.7928e-010
6989	1.4463e-010
6990	1.553e-010
6991	2.0563e-010
6992	1.5194e-010
6993	1.6855e-010
6994	1.3565e-010
6995	1.2631e-010
6996	1.3221e-010
6997	1.2096e-010
6998	1.3438e-010
6999	1.1901e-010
7000	1.2808e-010
7001	1.1314e-010
7002	1.1167e-010
7003	1.0569e-010
7004	1.012e-010
7005	1.1367e-010
7006	1.223e-010
7007	1.4632e-010
7008	1.1292e-010
7009	9.7309e-011
7010	8.619e-011
7011	9.5213e-011
7012	1.033e-010
7013	9.8467e-011
7014	1.2406e-010
7015	1.237e-010
7016	3.0566e-010
7017	5.8885e-010
7018	4.6963e-010
7019	8.9698e-010
7020	8.7558e-010
7021	5.1241e-011
7022	5.5214e-011
7023	5.8809e-011
7024	6.0336e-011
7025	6.653e-011
7026	6.4409e-011
7027	6.6329e-011
7028	7.1378e-011
7029	7.9898e-011
7030	8.0656e-011
7031	8.5691e-011
7032	9.4286e-011
7033	1.0159e-010
7034	1.1715e-010
7035	1.3027e-010
7036	1.515e-010
7037	1.3176e-010
7038	1.012e-010
7039	8.316e-011
7040	7.8708e-011
7041	8.2405e-011
7042	8.9741e-011
7043	1.0148e-010
7044	1.0703e-010
7045	1.1065e-010
7046	1.1256e-010
7047	1.1458e-010
7048	1.1912e-010
7049	1.1937e-010
7050	1.2533e-010
7051	1.2513e-010
7052	1.2841e-010
7053	1.3326e-010
7054	1.3364e-010
7055	1.3796e-010
7056	1.4205e-010
7057	1.4313e-010
7058	1.4716e-010
7059	1.5288e-010
7060	1.5399e-010
7061	1.5651e-010
7062	1.6145e-010
7063	1.6613e-010
7064	1.6922e-010
7065	1.7215e-010
7066	1.7579e-010
7067	1.8045e-010
7068	1.8487e-010
7069	1.8906e-010
7070	1.9354e-010
7071	1.9781e-010
7072	2.0212e-010
7073	2.0619e-010
7074	2.0842e-010
7075	2.1855e-010
7076	2.3299e-010
7077	2.27e-010
7078	2.3058e-010
7079	2.3949e-010
7080	2.4361e-010
7081	2.4724e-010
7082	2.5421e-010
7083	2.6341e-010
7084	2.7011e-010
7085	2.7117e-010
7086	2.7174e-010
7087	2.7175e-010
7088	2.664e-010
7089	2.5662e-010
7090	2.4869e-010
7091	2.4682e-010
7092	2.4324e-010
7093	2.3872e-010
7094	2.3354e-010
7095	2.2743e-010
7096	2.2146e-010
7097	2.1708e-010
7098	2.127e-010
7099	2.0848e-010
7100	2.0516e-010
7101	2.0407e-010
7102	1.9903e-010
7103	1.9713e-010
7104	1.9224e-010
7105	1.814e-010
7106	1.8327e-010
7107	1.9146e-010
7108	1.9782e-010
7109	1.8643e-010
7110	1.6414e-010
7111	1.7754e-010
7112	2.0242e-010
7113	1.6918e-010
7114	1.5742e-010
7115	1.7422e-010
7116	1.5584e-010
7117	1.5218e-010
7118	1.7928e-010
7119	1.4463e-010
7120	1.5527e-010
7121	2.0563e-010
7122	1.5194e-010
7123	1.6855e-010
7124	1.3565e-010
7125	1.2631e-010
7126	1.3222e-010
7127	1.2097e-010
7128	1.3438e-010
7129	1.1901e-010
7130	1.2808e-010
7131	1.1315e-010
7132	1.1167e-010
7133	1.0569e-010
7134	1.0121e-010
7135	1.1367e-010
7136	1.223e-010
7137	1.4632e-010
7138	1.1293e-010
7139	9.7309e-011
7140	8.6193e-011
7141	9.5199e-011
7142	1.033e-010
7143	9.8467e-011
7144	1.2406e-010
7145	1.237e-010
7146	3.0566e-010
7147	5.8885e-010
7148	4.6963e-010
7149	8.9698e-010
7150	8.7558e-010
7151	7.2326e-011
7152	7.5243e-011
7153	7.7708e-011
7154	7.4113e-011
7155	6.8897e-011
7156	7.2163e-011
7157	7.4225e-011
7158	7.7672e-011
7159	8.24e-011
7160	8.5925e-011
7161	9.0366e-011
7162	9.7151e-011
7163	1.0626e-010
7164	1.1798e-010
7165	1.3377e-010
7166	1.5165e-010
7167	1.4005e-010
7168	1.2086e-010
7169	1.167e-010
7170	1.2324e-010
7171	1.2107e-010
7172	1.2481e-010
7173	1.2816e-010
7174	1.3252e-010
7175	1.3376e-010
7176	1.3777e-010
7177	1.4155e-010
7178	1.432e-010
7179	1.4871e-010
7180	1.495e-010
7181	1.5496e-010
7182	1.5769e-010
7183	1.5992e-010
7184	1.6558e-010
7185	1.6808e-010
7186	1.7143e-010
7187	1.7722e-010
7188	1.8064e-010
7189	1.8316e-010
7190	1.8869e-010
7191	1.9346e-010
7192	1.9682e-010
7193	2.0064e-010
7194	2.0564e-010
7195	2.1117e-010
7196	2.1612e-010
7197	2.2073e-010
7198	2.2531e-010
7199	2.3042e-010
7200	2.3546e-010
7201	2.4105e-010
7202	2.4695e-010
7203	2.5439e-010
7204	2.6926e-010
7205	2.6301e-010
7206	2.6204e-010
7207	2.787e-010
7208	2.871e-010
7209	2.9068e-010
7210	2.9824e-010
7211	3.0612e-010
7212	3.1268e-010
7213	3.1775e-010
7214	3.2603e-010
7215	3.3651e-010
7216	3.3712e-010
7217	3.2733e-010
7218	3.2013e-010
7219	3.1669e-010
7220	3.1128e-010
7221	3.0392e-010
7222	2.9749e-010
7223	2.8955e-010
7224	2.8359e-010
7225	2.7793e-010
7226	2.7351e-010
7227	2.6792e-010
7228	2.6259e-010
7229	2.5773e-010
7230	2.5128e-010
7231	2.4565e-010
7232	2.4194e-010
7233	2.3992e-010
7234	2.366e-010
7235	2.3373e-010
7236	2.3377e-010
7237	2.2815e-010
7238	2.2166e-010
7239	2.2475e-010
7240	2.2199e-010
7241	2.2253e-010
7242	2.138e-010
7243	2.1254e-010
7244	2.1468e-010
7245	1.9164e-010
7246	1.8722e-010
7247	2.0999e-010
7248	1.8764e-010
7249	1.8693e-010
7250	2.0928e-010
7251	2.031e-010
7252	2.1178e-010
7253	1.7398e-010
7254	1.8327e-010
7255	1.6073e-010
7256	1.5171e-010
7257	1.6214e-010
7258	1.4984e-010
7259	1.5967e-010
7260	1.4466e-010
7261	1.4789e-010
7262	1.3452e-010
7263	1.3419e-010
7264	1.3046e-010
7265	1.3638e-010
7266	1.5849e-010
7267	1.5209e-010
7268	1.473e-010
7269	1.1467e-010
7270	1.1682e-010
7271	1.2034e-010
7272	1.1748e-010
7273	1.4636e-010
7274	1.2761e-010
7275	1.415e-010
7276	3.6814e-010
7277	5.5351e-010
7278	4.1076e-010
7279	1.0768e-009
7280	7.6495e-010
7281	5.1283e-011
7282	5.5225e-011
7283	5.8822e-011
7284	6.0338e-011
7285	6.6548e-011
7286	6.4439e-011
7287	6.6386e-011
7288	7.1441e-011
7289	7.997e-011
7290	8.0679e-011
7291	8.5679e-011
7292	9.4266e-011
7293	1.0159e-010
7294	1.1718e-010
7295	1.3027e-010
7296	1.5148e-010
7297	1.3172e-010
7298	1.0118e-010
7299	8.319e-011
7300	7.8756e-011
7301	8.2444e-011
7302	8.9748e-011
7303	1.0145e-010
7304	1.0705e-010
7305	1.1067e-010
7306	1.1251e-010
7307	1.1453e-010
7308	1.1913e-010
7309	1.1938e-010
7310	1.254e-010
7311	1.2511e-010
7312	1.2843e-010
7313	1.3323e-010
7314	1.3365e-010
7315	1.3798e-010
7316	1.4214e-010
7317	1.4314e-010
7318	1.4725e-010
7319	1.5295e-010
7320	1.5401e-010
7321	1.5652e-010
7322	1.6143e-010
7323	1.6616e-010
7324	1.6924e-010
7325	1.7217e-010
7326	1.7577e-010
7327	1.8041e-010
7328	1.8489e-010
7329	1.8901e-010
7330	1.9364e-010
7331	1.9781e-010
7332	2.0209e-010
7333	2.0611e-010
7334	2.0841e-010
7335	2.1865e-010
7336	2.3304e-010
7337	2.271e-010
7338	2.3067e-010
7339	2.3948e-010
7340	2.4367e-010
7341	2.4724e-010
7342	2.543e-010
7343	2.6345e-010
7344	2.7023e-010
7345	2.7124e-010
7346	2.7184e-010
7347	2.7175e-010
7348	2.6635e-010
7349	2.5669e-010
7350	2.4866e-010
7351	2.4698e-010
7352	2.4313e-010
7353	2.3876e-010
7354	2.3355e-010
7355	2.2745e-010
7356	2.2152e-010
7357	2.1715e-010
7358	2.1282e-010
7359	2.0848e-010
7360	2.0504e-010
7361	2.0422e-010
7362	1.99e-010
7363	1.9717e-010
7364	1.9223e-010
7365	1.8134e-010
7366	1.8326e-010
7367	1.9148e-010
7368	1.9778e-010
7369	1.8642e-010
7370	1.6406e-010
7371	1.7751e-010
7372	2.0238e-010
7373	1.6915e-010
7374	1.5746e-010
7375	1.7424e-010
7376	1.5584e-010
7377	1.5221e-010
7378	1.7931e-010
7379	1.4461e-010
7380	1.5533e-010
7381	2.0569e-010
7382	1.5185e-010
7383	1.6856e-010
7384	1.3563e-010
7385	1.2631e-010
7386	1.323e-010
7387	1.2098e-010
7388	1.3444e-010
7389	1.1899e-010
7390	1.2812e-010
7391	1.1315e-010
7392	1.1173e-010
7393	1.0571e-010
7394	1.0121e-010
7395	1.1373e-010
7396	1.2227e-010
7397	1.4629e-010
7398	1.1288e-010
7399	9.7333e-011
7400	8.6223e-011
7401	9.5207e-011
7402	1.0333e-010
7403	9.8514e-011
7404	1.2404e-010
7405	1.2368e-010
7406	3.0566e-010
7407	5.8885e-010
7408	4.6962e-010
7409	8.9701e-010
7410	8.756e-010
7411	5.1366e-011
7412	5.5316e-011
7413	5.891e-011
7414	6.0403e-011
7415	6.6622e-011
7416	6.4534e-011
7417	6.6441e-011
7418	7.1528e-011
7419	8.0029e-011
7420	8.0726e-011
7421	8.569e-011
7422	9.4236e-011
7423	1.0158e-010
7424	1.1718e-010
7425	1.3028e-010
7426	1.5154e-010
7427	1.3177e-010
7428	1.0118e-010
7429	8.321e-011
7430	7.8833e-011
7431	8.2536e-011
7432	8.9828e-011
7433	1.0156e-010
7434	1.0712e-010
7435	1.1075e-010
7436	1.1248e-010
7437	1.1451e-010
7438	1.1914e-010
7439	1.1943e-010
7440	1.2544e-010
7441	1.2518e-010
7442	1.2844e-010
7443	1.3332e-010
7444	1.3372e-010
7445	1.38e-010
7446	1.421e-010
7447	1.4318e-010
7448	1.4724e-010
7449	1.5289e-010
7450	1.5401e-010
7451	1.5651e-010
7452	1.6149e-010
7453	1.6609e-010
7454	1.6924e-010
7455	1.7208e-010
7456	1.7569e-010
7457	1.8055e-010
7458	1.85e-010
7459	1.8912e-010
7460	1.9372e-010
7461	1.9791e-010
7462	2.0212e-010
7463	2.0619e-010
7464	2.0856e-010
7465	2.1869e-010
7466	2.3328e-010
7467	2.2726e-010
7468	2.3082e-010
7469	2.3985e-010
7470	2.4382e-010
7471	2.4755e-010
7472	2.5476e-010
7473	2.6391e-010
7474	2.7055e-010
7475	2.7168e-010
7476	2.7228e-010
7477	2.7209e-010
7478	2.6676e-010
7479	2.5693e-010
7480	2.489e-010
7481	2.4707e-010
7482	2.4339e-010
7483	2.3911e-010
7484	2.3381e-010
7485	2.275e-010
7486	2.2143e-010
7487	2.1722e-010
7488	2.1267e-010
7489	2.0856e-010
7490	2.0572e-010
7491	2.0273e-010
7492	1.9947e-010
7493	1.9715e-010
7494	1.9215e-010
7495	1.8137e-010
7496	1.8331e-010
7497	1.9153e-010
7498	1.9764e-010
7499	1.8651e-010
7500	1.6415e-010
7501	1.7752e-010
7502	2.0228e-010
7503	1.6908e-010
7504	1.5739e-010
7505	1.7427e-010
7506	1.559e-010
7507	1.5225e-010
7508	1.7928e-010
7509	1.4467e-010
7510	1.5536e-010
7511	2.0575e-010
7512	1.5204e-010
7513	1.6871e-010
7514	1.3575e-010
7515	1.2644e-010
7516	1.3242e-010
7517	1.2108e-010
7518	1.3455e-010
7519	1.1915e-010
7520	1.2825e-010
7521	1.133e-010
7522	1.1187e-010
7523	1.0585e-010
7524	1.0138e-010
7525	1.1386e-010
7526	1.2233e-010
7527	1.463e-010
7528	1.129e-010
7529	9.7322e-011
7530	8.6176e-011
7531	9.5189e-011
7532	1.0328e-010
7533	9.8461e-011
7534	1.2405e-010
7535	1.2372e-010
7536	3.0567e-010
7537	5.8884e-010
7538	4.6967e-010
7539	8.9702e-010
7540	8.7561e-010
7541	7.2525e-011
7542	7.5383e-011
7543	7.7831e-011
7544	7.4211e-011
7545	6.902e-011
7546	7.2299e-011
7547	7.437e-011
7548	7.7827e-011
7549	8.2535e-011
7550	8.6031e-011
7551	9.0383e-011
7552	9.715e-011
7553	1.0626e-010
7554	1.1799e-010
7555	1.3382e-010
7556	1.5168e-010
7557	1.4007e-010
7558	1.2079e-010
7559	1.167e-010
7560	1.2339e-010
7561	1.2131e-010
7562	1.2488e-010
7563	1.2822e-010
7564	1.3267e-010
7565	1.3386e-010
7566	1.3765e-010
7567	1.4143e-010
7568	1.4326e-010
7569	1.4882e-010
7570	1.4958e-010
7571	1.5505e-010
7572	1.5778e-010
7573	1.6005e-010
7574	1.6571e-010
7575	1.6815e-010
7576	1.7146e-010
7577	1.7717e-010
7578	1.8053e-010
7579	1.8314e-010
7580	1.8874e-010
7581	1.9352e-010
7582	1.9691e-010
7583	2.0062e-010
7584	2.0561e-010
7585	2.1117e-010
7586	2.1613e-010
7587	2.2091e-010
7588	2.2547e-010
7589	2.3048e-010
7590	2.3573e-010
7591	2.4117e-010
7592	2.4706e-010
7593	2.5463e-010
7594	2.6939e-010
7595	2.6322e-010
7596	2.6212e-010
7597	2.788e-010
7598	2.8727e-010
7599	2.9114e-010
7600	2.9868e-010
7601	3.0666e-010
7602	3.1361e-010
7603	3.186e-010
7604	3.2679e-010
7605	3.373e-010
7606	3.3771e-010
7607	3.2789e-010
7608	3.2048e-010
7609	3.17e-010
7610	3.1175e-010
7611	3.0416e-010
7612	2.9784e-010
7613	2.9005e-010
7614	2.8402e-010
7615	2.7803e-010
7616	2.7359e-010
7617	2.6794e-010
7618	2.6273e-010
7619	2.5759e-010
7620	2.5092e-010
7621	2.458e-010
7622	2.415e-010
7623	2.3977e-010
7624	2.3653e-010
7625	2.3369e-010
7626	2.3373e-010
7627	2.2815e-010
7628	2.2164e-010
7629	2.2491e-010
7630	2.2205e-010
7631	2.2239e-010
7632	2.1372e-010
7633	2.1242e-010
7634	2.1471e-010
7635	1.918e-010
7636	1.873e-010
7637	2.0991e-010
7638	1.8761e-010
7639	1.8695e-010
7640	2.0934e-010
7641	2.0322e-010
7642	2.1195e-010
7643	1.742e-010
7644	1.8351e-010
7645	1.6094e-010
7646	1.5196e-010
7647	1.6237e-010
7648	1.5009e-010
7649	1.5991e-010
7650	1.4491e-010
7651	1.4812e-010
7652	1.3484e-010
7653	1.3444e-010
7654	1.3079e-010
7655	1.3669e-010
7656	1.5862e-010
7657	1.5216e-010
7658	1.4731e-010
7659	1.146e-010
7660	1.1671e-010
7661	1.2026e-010
7662	1.174e-010
7663	1.4631e-010
7664	1.2761e-010
7665	1.4152e-010
7666	3.6814e-010
7667	5.5353e-010
7668	4.1083e-010
7669	1.0769e-009
7670	7.649e-010
7671	5.1372e-011
7672	5.5321e-011
7673	5.8916e-011
7674	6.0401e-011
7675	6.662e-011
7676	6.4532e-011
7677	6.6442e-011
7678	7.1528e-011
7679	8.003e-011
7680	8.0729e-011
7681	8.5695e-011
7682	9.4244e-011
7683	1.0159e-010
7684	1.1718e-010
7685	1.3029e-010
7686	1.5154e-010
7687	1.3174e-010
7688	1.0118e-010
7689	8.3213e-011
7690	7.8832e-011
7691	8.2537e-011
7692	8.983e-011
7693	1.0156e-010
7694	1.0712e-010
7695	1.1075e-010
7696	1.1248e-010
7697	1.1451e-010
7698	1.1914e-010
7699	1.1943e-010
7700	1.2543e-010
7701	1.2519e-010
7702	1.2843e-010
7703	1.3332e-010
7704	1.3371e-010
7705	1.3801e-010
7706	1.4211e-010
7707	1.4318e-010
7708	1.4724e-010
7709	1.5289e-010
7710	1.54e-010
7711	1.5651e-010
7712	1.6149e-010
7713	1.661e-010
7714	1.6924e-010
7715	1.7206e-010
7716	1.757e-010
7717	1.805e-010
7718	1.8502e-010
7719	1.8913e-010
7720	1.9371e-010
7721	1.9791e-010
7722	2.0213e-010
7723	2.0619e-010
7724	2.0857e-010
7725	2.1871e-010
7726	2.3328e-010
7727	2.2728e-010
7728	2.3083e-010
7729	2.3986e-010
7730	2.4383e-010
7731	2.4756e-010
7732	2.5477e-010
7733	2.6387e-010
7734	2.7054e-010
7735	2.7167e-010
7736	2.7229e-010
7737	2.721e-010
7738	2.6677e-010
7739	2.5693e-010
7740	2.4891e-010
7741	2.4708e-010
7742	2.434e-010
7743	2.3913e-010
7744	2.3382e-010
7745	2.275e-010
7746	2.2143e-010
7747	2.1721e-010
7748	2.1264e-010
7749	2.0854e-010
7750	2.0567e-010
7751	2.0262e-010
7752	1.9941e-010
7753	1.9714e-010
7754	1.9215e-010
7755	1.8137e-010
7756	1.8321e-010
7757	1.916e-010
7758	1.9757e-010
7759	1.8656e-010
7760	1.6408e-010
7761	1.775e-010
7762	2.0229e-010
7763	1.6907e-010
7764	1.5737e-010
7765	1.743e-010
7766	1.5586e-010
7767	1.5227e-010
7768	1.7928e-010
7769	1.4466e-010
7770	1.5536e-010
7771	2.0575e-010
7772	1.5201e-010
7773	1.6871e-010
7774	1.3572e-010
7775	1.2644e-010
7776	1.324e-010
7777	1.2109e-010
7778	1.3455e-010
7779	1.1913e-010
7780	1.2826e-010
7781	1.133e-010
7782	1.1187e-010
7783	1.0585e-010
7784	1.0137e-010
7785	1.1384e-010
7786	1.2233e-010
7787	1.463e-010
7788	1.129e-010
7789	9.7309e-011
7790	8.6185e-011
7791	9.5194e-011
7792	1.0328e-010
7793	9.8465e-011
7794	1.2405e-010
7795	1.2372e-010
7796	3.0568e-010
7797	5.8885e-010
7798	4.6967e-010
7799	8.9701e-010
7800	8.7561e-010
7801	5.1272e-011
7802	5.5228e-011
7803	5.8833e-011
7804	6.0354e-011
7805	6.6541e-011
7806	6.4445e-011
7807	6.6377e-011
7808	7.1457e-011
7809	7.9965e-011
7810	8.0685e-011
7811	8.5661e-011
7812	9.428e-011
7813	1.016e-010
7814	1.1719e-010
7815	1.3026e-010
7816	1.5148e-010
7817	1.3172e-010
7818	1.012e-010
7819	8.3195e-011
7820	7.8759e-011
7821	8.2426e-011
7822	8.9727e-011
7823	1.0147e-010
7824	1.07e-010
7825	1.1068e-010
7826	1.1252e-010
7827	1.1454e-010
7828	1.1914e-010
7829	1.1935e-010
7830	1.2541e-010
7831	1.2513e-010
7832	1.2842e-010
7833	1.3324e-010
7834	1.3361e-010
7835	1.3798e-010
7836	1.4214e-010
7837	1.4314e-010
7838	1.4724e-010
7839	1.5294e-010
7840	1.5404e-010
7841	1.5652e-010
7842	1.6144e-010
7843	1.6617e-010
7844	1.6925e-010
7845	1.7218e-010
7846	1.7579e-010
7847	1.8045e-010
7848	1.8487e-010
7849	1.8893e-010
7850	1.9362e-010
7851	1.9777e-010
7852	2.0212e-010
7853	2.0612e-010
7854	2.0841e-010
7855	2.1854e-010
7856	2.3301e-010
7857	2.2708e-010
7858	2.3063e-010
7859	2.3951e-010
7860	2.4367e-010
7861	2.4725e-010
7862	2.5433e-010
7863	2.6348e-010
7864	2.7026e-010
7865	2.7127e-010
7866	2.7184e-010
7867	2.7176e-010
7868	2.6637e-010
7869	2.5666e-010
7870	2.4869e-010
7871	2.4694e-010
7872	2.4309e-010
7873	2.388e-010
7874	2.3349e-010
7875	2.2744e-010
7876	2.2145e-010
7877	2.1712e-010
7878	2.1271e-010
7879	2.0846e-010
7880	2.0566e-010
7881	2.0259e-010
7882	1.9951e-010
7883	1.9706e-010
7884	1.9222e-010
7885	1.8136e-010
7886	1.832e-010
7887	1.9211e-010
7888	1.9448e-010
7889	1.869e-010
7890	1.6402e-010
7891	1.7748e-010
7892	2.0245e-010
7893	1.6923e-010
7894	1.5741e-010
7895	1.7427e-010
7896	1.5583e-010
7897	1.5225e-010
7898	1.793e-010
7899	1.4459e-010
7900	1.5532e-010
7901	2.0567e-010
7902	1.5187e-010
7903	1.6854e-010
7904	1.3564e-010
7905	1.2631e-010
7906	1.3232e-010
7907	1.2099e-010
7908	1.3444e-010
7909	1.19e-010
7910	1.281e-010
7911	1.1316e-010
7912	1.1171e-010
7913	1.0568e-010
7914	1.0122e-010
7915	1.137e-010
7916	1.2227e-010
7917	1.4629e-010
7918	1.129e-010
7919	9.7343e-011
7920	8.6224e-011
7921	9.5214e-011
7922	1.0332e-010
7923	9.8498e-011
7924	1.2404e-010
7925	1.2369e-010
7926	3.0567e-010
7927	5.8887e-010
7928	4.6963e-010
7929	8.9701e-010
7930	8.7562e-010
7931	7.231e-011
7932	7.5244e-011
7933	7.7727e-011
7934	7.4119e-011
7935	6.8898e-011
7936	7.2153e-011
7937	7.4221e-011
7938	7.7665e-011
7939	8.2398e-011
7940	8.5925e-011
7941	9.0365e-011
7942	9.7149e-011
7943	1.0628e-010
7944	1.1798e-010
7945	1.3376e-010
7946	1.5164e-010
7947	1.4004e-010
7948	1.2086e-010
7949	1.167e-010
7950	1.2324e-010
7951	1.2111e-010
7952	1.2479e-010
7953	1.2817e-010
7954	1.3251e-010
7955	1.3378e-010
7956	1.3775e-010
7957	1.4157e-010
7958	1.432e-010
7959	1.4873e-010
7960	1.495e-010
7961	1.5498e-010
7962	1.5767e-010
7963	1.5991e-010
7964	1.6557e-010
7965	1.6807e-010
7966	1.7143e-010
7967	1.7722e-010
7968	1.8059e-010
7969	1.8317e-010
7970	1.887e-010
7971	1.9345e-010
7972	1.9687e-010
7973	2.0063e-010
7974	2.0565e-010
7975	2.1119e-010
7976	2.161e-010
7977	2.2075e-010
7978	2.2528e-010
7979	2.3042e-010
7980	2.3558e-010
7981	2.4102e-010
7982	2.4692e-010
7983	2.5443e-010
7984	2.6922e-010
7985	2.6302e-010
7986	2.6198e-010
7987	2.7865e-010
7988	2.8704e-010
7989	2.9068e-010
7990	2.9825e-010
7991	3.0609e-010
7992	3.1264e-010
7993	3.1786e-010
7994	3.2605e-010
7995	3.3654e-010
7996	3.3718e-010
7997	3.2729e-010
7998	3.2023e-010
7999	3.1667e-010
8000	3.1124e-010
8001	3.0393e-010
8002	2.9748e-010
8003	2.8949e-010
8004	2.8366e-010
8005	2.7787e-010
8006	2.7347e-010
8007	2.6787e-010
8008	2.6261e-010
8009	2.5748e-010
8010	2.5104e-010
8011	2.4554e-010
8012	2.4167e-010
8013	2.3964e-010
8014	2.3662e-010
8015	2.3373e-010
8016	2.3317e-010
8017	2.2724e-010
8018	2.1952e-010
8019	2.2358e-010
8020	2.2149e-010
8021	2.2253e-010
8022	2.1402e-010
8023	2.1259e-010
8024	2.1465e-010
8025	1.9173e-010
8026	1.8724e-010
8027	2.1e-010
8028	1.8764e-010
8029	1.8691e-010
8030	2.0926e-010
8031	2.0313e-010
8032	2.1177e-010
8033	1.74e-010
8034	1.833e-010
8035	1.6071e-010
8036	1.5171e-010
8037	1.6213e-010
8038	1.4985e-010
8039	1.5965e-010
8040	1.4467e-010
8041	1.4789e-010
8042	1.3451e-010
8043	1.3418e-010
8044	1.3049e-010
8045	1.3643e-010
8046	1.585e-010
8047	1.5207e-010
8048	1.4729e-010
8049	1.1465e-010
8050	1.1681e-010
8051	1.2034e-010
8052	1.175e-010
8053	1.4636e-010
8054	1.2759e-010
8055	1.4148e-010
8056	3.6811e-010
8057	5.5349e-010
8058	4.1079e-010
8059	1.0768e-009
8060	7.6491e-010
8061	5.124e-011
8062	5.5227e-011
8063	5.8823e-011
8064	6.0332e-011
8065	6.6521e-011
8066	6.4421e-011
8067	6.6323e-011
8068	7.1376e-011
8069	7.9884e-011
8070	8.0677e-011
8071	8.5678e-011
8072	9.4314e-011
8073	1.0158e-010
8074	1.1713e-010
8075	1.3025e-010
8076	1.5152e-010
8077	1.3178e-010
8078	1.0122e-010
8079	8.3173e-011
8080	7.8721e-011
8081	8.239e-011
8082	8.9739e-011
8083	1.0149e-010
8084	1.0702e-010
8085	1.1065e-010
8086	1.1258e-010
8087	1.1458e-010
8088	1.1914e-010
8089	1.1939e-010
8090	1.2536e-010
8091	1.2514e-010
8092	1.2843e-010
8093	1.3321e-010
8094	1.3365e-010
8095	1.3797e-010
8096	1.4205e-010
8097	1.4313e-010
8098	1.4716e-010
8099	1.5289e-010
8100	1.5399e-010
8101	1.5651e-010
8102	1.6146e-010
8103	1.6614e-010
8104	1.6923e-010
8105	1.7218e-010
8106	1.7578e-010
8107	1.8046e-010
8108	1.8485e-010
8109	1.8905e-010
8110	1.9359e-010
8111	1.9783e-010
8112	2.0209e-010
8113	2.0607e-010
8114	2.084e-010
8115	2.1851e-010
8116	2.33e-010
8117	2.2698e-010
8118	2.3057e-010
8119	2.3947e-010
8120	2.4364e-010
8121	2.4724e-010
8122	2.5424e-010
8123	2.6345e-010
8124	2.7015e-010
8125	2.7109e-010
8126	2.7181e-010
8127	2.7173e-010
8128	2.6638e-010
8129	2.5667e-010
8130	2.4869e-010
8131	2.4682e-010
8132	2.4326e-010
8133	2.3871e-010
8134	2.3357e-010
8135	2.2732e-010
8136	2.2151e-010
8137	2.1705e-010
8138	2.1268e-010
8139	2.0851e-010
8140	2.056e-010
8141	2.0272e-010
8142	1.9939e-010
8143	1.9716e-010
8144	1.9224e-010
8145	1.8128e-010
8146	1.8331e-010
8147	1.9114e-010
8148	1.9387e-010
8149	1.8587e-010
8150	1.6413e-010
8151	1.7759e-010
8152	2.0254e-010
8153	1.6935e-010
8154	1.5739e-010
8155	1.7424e-010
8156	1.5586e-010
8157	1.5224e-010
8158	1.7931e-010
8159	1.4463e-010
8160	1.5531e-010
8161	2.0563e-010
8162	1.5189e-010
8163	1.6853e-010
8164	1.3563e-010
8165	1.2632e-010
8166	1.3223e-010
8167	1.2097e-010
8168	1.3438e-010
8169	1.1903e-010
8170	1.2808e-010
8171	1.1316e-010
8172	1.1165e-010
8173	1.0569e-010
8174	1.0118e-010
8175	1.1369e-010
8176	1.2228e-010
8177	1.463e-010
8178	1.1289e-010
8179	9.7318e-011
8180	8.6201e-011
8181	9.5209e-011
8182	1.0331e-010
8183	9.8496e-011
8184	1.2406e-010
8185	1.237e-010
8186	3.0566e-010
8187	5.8879e-010
8188	4.6959e-010
8189	8.9696e-010
8190	8.7557e-010
8191	5.124e-011
8192	5.5217e-011
8193	5.8829e-011
8194	6.0334e-011
8195	6.6526e-011
8196	6.4407e-011
8197	6.6323e-011
8198	7.1382e-011
8199	7.989e-011
8200	8.068e-011
8201	8.5655e-011
8202	9.4314e-011
8203	1.0155e-010
8204	1.1714e-010
8205	1.3024e-010
8206	1.5151e-010
8207	1.3178e-010
8208	1.0122e-010
8209	8.3181e-011
8210	7.8728e-011
8211	8.2395e-011
8212	8.9741e-011
8213	1.0149e-010
8214	1.0702e-010
8215	1.1066e-010
8216	1.1257e-010
8217	1.1459e-010
8218	1.1911e-010
8219	1.1938e-010
8220	1.2537e-010
8221	1.2515e-010
8222	1.2844e-010
8223	1.3322e-010
8224	1.3365e-010
8225	1.3797e-010
8226	1.4205e-010
8227	1.4313e-010
8228	1.4719e-010
8229	1.5287e-010
8230	1.5402e-010
8231	1.5651e-010
8232	1.6146e-010
8233	1.6614e-010
8234	1.6924e-010
8235	1.7214e-010
8236	1.7575e-010
8237	1.8039e-010
8238	1.8485e-010
8239	1.8905e-010
8240	1.9359e-010
8241	1.9783e-010
8242	2.021e-010
8243	2.0609e-010
8244	2.0835e-010
8245	2.1853e-010
8246	2.3301e-010
8247	2.27e-010
8248	2.3054e-010
8249	2.3948e-010
8250	2.4365e-010
8251	2.4725e-010
8252	2.5424e-010
8253	2.6345e-010
8254	2.7017e-010
8255	2.7103e-010
8256	2.7181e-010
8257	2.7174e-010
8258	2.6639e-010
8259	2.5668e-010
8260	2.4871e-010
8261	2.4684e-010
8262	2.4327e-010
8263	2.3871e-010
8264	2.3357e-010
8265	2.2729e-010
8266	2.2152e-010
8267	2.1705e-010
8268	2.1267e-010
8269	2.0856e-010
8270	2.0547e-010
8271	2.0276e-010
8272	1.9926e-010
8273	1.9717e-010
8274	1.9217e-010
8275	1.8134e-010
8276	1.8331e-010
8277	1.9118e-010
8278	1.9363e-010
8279	1.8581e-010
8280	1.6428e-010
8281	1.7736e-010
8282	2.0273e-010
8283	1.6911e-010
8284	1.5752e-010
8285	1.7419e-010
8286	1.5584e-010
8287	1.5226e-010
8288	1.7932e-010
8289	1.4463e-010
8290	1.5531e-010
8291	2.0561e-010
8292	1.519e-010
8293	1.6853e-010
8294	1.3562e-010
8295	1.2629e-010
8296	1.3222e-010
8297	1.2097e-010
8298	1.3438e-010
8299	1.1899e-010
8300	1.2809e-010
8301	1.1317e-010
8302	1.1166e-010
8303	1.0569e-010
8304	1.0118e-010
8305	1.137e-010
8306	1.2228e-010
8307	1.463e-010
8308	1.1289e-010
8309	9.7322e-011
8310	8.621e-011
8311	9.5196e-011
8312	1.0331e-010
8313	9.8496e-011
8314	1.2406e-010
8315	1.237e-010
8316	3.0566e-010
8317	5.8879e-010
8318	4.6959e-010
8319	8.9697e-010
8320	8.7551e-010
8321	7.231e-011
8322	7.5237e-011
8323	7.7734e-011
8324	7.4118e-011
8325	6.8894e-011
8326	7.2149e-011
8327	7.4221e-011
8328	7.7661e-011
8329	8.2392e-011
8330	8.5938e-011
8331	9.036e-011
8332	9.7154e-011
8333	1.0628e-010
8334	1.1799e-010
8335	1.3375e-010
8336	1.5163e-010
8337	1.4004e-010
8338	1.2087e-010
8339	1.1671e-010
8340	1.2324e-010
8341	1.2109e-010
8342	1.2478e-010
8343	1.2817e-010
8344	1.3249e-010
8345	1.3377e-010
8346	1.3778e-010
8347	1.4157e-010
8348	1.4323e-010
8349	1.4873e-010
8350	1.4949e-010
8351	1.5496e-010
8352	1.5774e-010
8353	1.5991e-010
8354	1.6559e-010
8355	1.6809e-010
8356	1.7142e-010
8357	1.7722e-010
8358	1.8061e-010
8359	1.8314e-010
8360	1.8872e-010
8361	1.9346e-010
8362	1.9686e-010
8363	2.0065e-010
8364	2.0566e-010
8365	2.1116e-010
8366	2.1612e-010
8367	2.2072e-010
8368	2.2529e-010
8369	2.3042e-010
8370	2.3557e-010
8371	2.41e-010
8372	2.4698e-010
8373	2.544e-010
8374	2.6919e-010
8375	2.6301e-010
8376	2.6196e-010
8377	2.7863e-010
8378	2.87e-010
8379	2.9069e-010
8380	2.9825e-010
8381	3.0606e-010
8382	3.1262e-010
8383	3.1782e-010
8384	3.2604e-010
8385	3.3651e-010
8386	3.3715e-010
8387	3.2731e-010
8388	3.2018e-010
8389	3.1668e-010
8390	3.1123e-010
8391	3.0393e-010
8392	2.9746e-010
8393	2.8952e-010
8394	2.8372e-010
8395	2.7786e-010
8396	2.7346e-010
8397	2.679e-010
8398	2.6262e-010
8399	2.5754e-010
8400	2.5121e-010
8401	2.4538e-010
8402	2.4179e-010
8403	2.3964e-010
8404	2.3664e-010
8405	2.3373e-010
8406	2.3323e-010
8407	2.2737e-010
8408	2.1918e-010
8409	2.2364e-010
8410	2.2155e-010
8411	2.2271e-010
8412	2.1399e-010
8413	2.1279e-010
8414	2.146e-010
8415	1.9168e-010
8416	1.8724e-010
8417	2.1e-010
8418	1.8764e-010
8419	1.8691e-010
8420	2.0925e-010
8421	2.031e-010
8422	2.1177e-010
8423	1.7399e-010
8424	1.8329e-010
8425	1.6071e-010
8426	1.5171e-010
8427	1.6214e-010
8428	1.4986e-010
8429	1.5964e-010
8430	1.4468e-010
8431	1.4791e-010
8432	1.3454e-010
8433	1.3417e-010
8434	1.3049e-010
8435	1.3642e-010
8436	1.5849e-010
8437	1.5208e-010
8438	1.473e-010
8439	1.1465e-010
8440	1.168e-010
8441	1.2033e-010
8442	1.1749e-010
8443	1.4636e-010
8444	1.2759e-010
8445	1.4147e-010
8446	3.681e-010
8447	5.5349e-010
8448	4.1076e-010
8449	1.0768e-009
8450	7.649e-010
8451	5.1272e-011
8452	5.523e-011
8453	5.8836e-011
8454	6.0353e-011
8455	6.6528e-011
8456	6.4445e-011
8457	6.6379e-011
8458	7.1465e-011
8459	7.9971e-011
8460	8.0699e-011
8461	8.5677e-011
8462	9.429e-011
8463	1.0157e-010
8464	1.1719e-010
8465	1.3026e-010
8466	1.5151e-010
8467	1.3172e-010
8468	1.012e-010
8469	8.3182e-011
8470	7.8748e-011
8471	8.2434e-011
8472	8.9732e-011
8473	1.0148e-010
8474	1.07e-010
8475	1.1067e-010
8476	1.1252e-010
8477	1.1455e-010
8478	1.1916e-010
8479	1.1936e-010
8480	1.2539e-010
8481	1.2514e-010
8482	1.2842e-010
8483	1.3324e-010
8484	1.3362e-010
8485	1.3798e-010
8486	1.4211e-010
8487	1.4314e-010
8488	1.4729e-010
8489	1.5291e-010
8490	1.5402e-010
8491	1.5655e-010
8492	1.6146e-010
8493	1.6617e-010
8494	1.6922e-010
8495	1.7217e-010
8496	1.758e-010
8497	1.8042e-010
8498	1.8489e-010
8499	1.8892e-010
8500	1.9363e-010
8501	1.9775e-010
8502	2.0216e-010
8503	2.0613e-010
8504	2.0842e-010
8505	2.1858e-010
8506	2.3304e-010
8507	2.2708e-010
8508	2.3059e-010
8509	2.3947e-010
8510	2.4363e-010
8511	2.4723e-010
8512	2.5433e-010
8513	2.6346e-010
8514	2.7025e-010
8515	2.7116e-010
8516	2.7179e-010
8517	2.7176e-010
8518	2.6641e-010
8519	2.5664e-010
8520	2.4874e-010
8521	2.4692e-010
8522	2.431e-010
8523	2.3883e-010
8524	2.3347e-010
8525	2.2745e-010
8526	2.2145e-010
8527	2.1708e-010
8528	2.127e-010
8529	2.0857e-010
8530	2.0548e-010
8531	2.0287e-010
8532	1.9937e-010
8533	1.9717e-010
8534	1.922e-010
8535	1.8136e-010
8536	1.8332e-010
8537	1.9174e-010
8538	1.9425e-010
8539	1.8648e-010
8540	1.6416e-010
8541	1.7755e-010
8542	2.0246e-010
8543	1.6927e-010
8544	1.5745e-010
8545	1.7423e-010
8546	1.5582e-010
8547	1.5229e-010
8548	1.793e-010
8549	1.446e-010
8550	1.5529e-010
8551	2.0568e-010
8552	1.5188e-010
8553	1.6854e-010
8554	1.3564e-010
8555	1.263e-010
8556	1.3229e-010
8557	1.2097e-010
8558	1.3446e-010
8559	1.1898e-010
8560	1.2811e-010
8561	1.1316e-010
8562	1.1169e-010
8563	1.0569e-010
8564	1.0123e-010
8565	1.1369e-010
8566	1.2227e-010
8567	1.463e-010
8568	1.1292e-010
8569	9.733e-011
8570	8.6211e-011
8571	9.5222e-011
8572	1.0332e-010
8573	9.8503e-011
8574	1.2404e-010
8575	1.2369e-010
8576	3.0568e-010
8577	5.8888e-010
8578	4.6963e-010
8579	8.9699e-010
8580	8.7561e-010
8581	5.1375e-011
8582	5.5327e-011
8583	5.8924e-011
8584	6.0416e-011
8585	6.6623e-011
8586	6.4529e-011
8587	6.646e-011
8588	7.1515e-011
8589	8.0031e-011
8590	8.0729e-011
8591	8.5676e-011
8592	9.4257e-011
8593	1.0161e-010
8594	1.1719e-010
8595	1.3029e-010
8596	1.5155e-010
8597	1.3173e-010
8598	1.012e-010
8599	8.3224e-011
8600	7.8842e-011
8601	8.2531e-011
8602	8.9807e-011
8603	1.0154e-010
8604	1.071e-010
8605	1.1075e-010
8606	1.1251e-010
8607	1.1451e-010
8608	1.1917e-010
8609	1.1943e-010
8610	1.2546e-010
8611	1.2514e-010
8612	1.2843e-010
8613	1.3335e-010
8614	1.3369e-010
8615	1.3802e-010
8616	1.4212e-010
8617	1.4316e-010
8618	1.472e-010
8619	1.5292e-010
8620	1.5396e-010
8621	1.5651e-010
8622	1.615e-010
8623	1.6611e-010
8624	1.6923e-010
8625	1.7209e-010
8626	1.7573e-010
8627	1.805e-010
8628	1.8503e-010
8629	1.8909e-010
8630	1.9374e-010
8631	1.9793e-010
8632	2.0212e-010
8633	2.0619e-010
8634	2.0851e-010
8635	2.1869e-010
8636	2.3332e-010
8637	2.2725e-010
8638	2.3083e-010
8639	2.3985e-010
8640	2.4384e-010
8641	2.4753e-010
8642	2.5471e-010
8643	2.639e-010
8644	2.7046e-010
8645	2.7165e-010
8646	2.7223e-010
8647	2.7213e-010
8648	2.6672e-010
8649	2.5691e-010
8650	2.4878e-010
8651	2.4707e-010
8652	2.4339e-010
8653	2.3906e-010
8654	2.3375e-010
8655	2.275e-010
8656	2.2143e-010
8657	2.1725e-010
8658	2.1266e-010
8659	2.086e-010
8660	2.0553e-010
8661	2.0281e-010
8662	1.9934e-010
8663	1.9713e-010
8664	1.9214e-010
8665	1.8133e-010
8666	1.8319e-010
8667	1.9148e-010
8668	1.9214e-010
8669	1.8621e-010
8670	1.6409e-010
8671	1.774e-010
8672	2.0217e-010
8673	1.6913e-010
8674	1.5734e-010
8675	1.7426e-010
8676	1.5588e-010
8677	1.5229e-010
8678	1.7931e-010
8679	1.4464e-010
8680	1.5536e-010
8681	2.0575e-010
8682	1.5205e-010
8683	1.687e-010
8684	1.3574e-010
8685	1.264e-010
8686	1.3238e-010
8687	1.2111e-010
8688	1.3457e-010
8689	1.1908e-010
8690	1.2827e-010
8691	1.1332e-010
8692	1.1184e-010
8693	1.0586e-010
8694	1.0137e-010
8695	1.1385e-010
8696	1.2237e-010
8697	1.463e-010
8698	1.1294e-010
8699	9.731e-011
8700	8.6157e-011
8701	9.5147e-011
8702	1.0329e-010
8703	9.8456e-011
8704	1.2404e-010
8705	1.2369e-010
8706	3.0569e-010
8707	5.8891e-010
8708	4.6965e-010
8709	8.9703e-010
8710	8.7559e-010
8711	7.2526e-011
8712	7.541e-011
8713	7.784e-011
8714	7.4215e-011
8715	6.9027e-011
8716	7.2305e-011
8717	7.439e-011
8718	7.7816e-011
8719	8.2522e-011
8720	8.6025e-011
8721	9.0388e-011
8722	9.7144e-011
8723	1.0626e-010
8724	1.18e-010
8725	1.3381e-010
8726	1.5172e-010
8727	1.4006e-010
8728	1.2082e-010
8729	1.1672e-010
8730	1.234e-010
8731	1.2126e-010
8732	1.2489e-010
8733	1.2818e-010
8734	1.3263e-010
8735	1.339e-010
8736	1.377e-010
8737	1.4144e-010
8738	1.4321e-010
8739	1.4886e-010
8740	1.4959e-010
8741	1.5501e-010
8742	1.5775e-010
8743	1.6004e-010
8744	1.6567e-010
8745	1.6812e-010
8746	1.7144e-010
8747	1.7719e-010
8748	1.8054e-010
8749	1.8297e-010
8750	1.8874e-010
8751	1.9353e-010
8752	1.9694e-010
8753	2.0058e-010
8754	2.0567e-010
8755	2.1117e-010
8756	2.1617e-010
8757	2.2093e-010
8758	2.2544e-010
8759	2.3056e-010
8760	2.3576e-010
8761	2.4119e-010
8762	2.4707e-010
8763	2.5461e-010
8764	2.6941e-010
8765	2.6321e-010
8766	2.6215e-010
8767	2.7893e-010
8768	2.8741e-010
8769	2.9124e-010
8770	2.9861e-010
8771	3.0666e-010
8772	3.1356e-010
8773	3.1865e-010
8774	3.267e-010
8775	3.3733e-010
8776	3.3779e-010
8777	3.2782e-010
8778	3.2042e-010
8779	3.1696e-010
8780	3.1168e-010
8781	3.0421e-010
8782	2.9781e-010
8783	2.8999e-010
8784	2.8403e-010
8785	2.7802e-010
8786	2.7353e-010
8787	2.679e-010
8788	2.6269e-010
8789	2.5752e-010
8790	2.5125e-010
8791	2.4544e-010
8792	2.4182e-010
8793	2.3963e-010
8794	2.3649e-010
8795	2.3379e-010
8796	2.3296e-010
8797	2.2521e-010
8798	2.1963e-010
8799	2.2145e-010
8800	2.2139e-010
8801	2.2238e-010
8802	2.1363e-010
8803	2.1242e-010
8804	2.1468e-010
8805	1.9174e-010
8806	1.8734e-010
8807	2.0997e-010
8808	1.8763e-010
8809	1.8692e-010
8810	2.0937e-010
8811	2.0322e-010
8812	2.1197e-010
8813	1.7422e-010
8814	1.8351e-010
8815	1.609e-010
8816	1.5194e-010
8817	1.6234e-010
8818	1.5004e-010
8819	1.5989e-010
8820	1.449e-010
8821	1.4812e-010
8822	1.3483e-010
8823	1.3444e-010
8824	1.3077e-010
8825	1.3667e-010
8826	1.5863e-010
8827	1.5221e-010
8828	1.4728e-010
8829	1.1459e-010
8830	1.1668e-010
8831	1.2024e-010
8832	1.174e-010
8833	1.4629e-010
8834	1.2763e-010
8835	1.4149e-010
8836	3.6819e-010
8837	5.536e-010
8838	4.1077e-010
8839	1.0769e-009
8840	7.6489e-010
8841	5.1375e-011
8842	5.5327e-011
8843	5.8924e-011
8844	6.0416e-011
8845	6.6621e-011
8846	6.453e-011
8847	6.6462e-011
8848	7.1516e-011
8849	8.0031e-011
8850	8.073e-011
8851	8.5677e-011
8852	9.4259e-011
8853	1.0162e-010
8854	1.1719e-010
8855	1.3029e-010
8856	1.5155e-010
8857	1.3173e-010
8858	1.012e-010
8859	8.3223e-011
8860	7.8843e-011
8861	8.2533e-011
8862	8.9807e-011
8863	1.0154e-010
8864	1.071e-010
8865	1.1075e-010
8866	1.1251e-010
8867	1.1451e-010
8868	1.1914e-010
8869	1.1941e-010
8870	1.2546e-010
8871	1.2514e-010
8872	1.2843e-010
8873	1.3335e-010
8874	1.337e-010
8875	1.3799e-010
8876	1.4213e-010
8877	1.4319e-010
8878	1.4714e-010
8879	1.5295e-010
8880	1.5393e-010
8881	1.5655e-010
8882	1.6151e-010
8883	1.6606e-010
8884	1.6921e-010
8885	1.721e-010
8886	1.7574e-010
8887	1.8051e-010
8888	1.8503e-010
8889	1.8909e-010
8890	1.9374e-010
8891	1.9788e-010
8892	2.0213e-010
8893	2.0619e-010
8894	2.0851e-010
8895	2.1869e-010
8896	2.3332e-010
8897	2.2725e-010
8898	2.3083e-010
8899	2.3985e-010
8900	2.4385e-010
8901	2.4753e-010
8902	2.5471e-010
8903	2.639e-010
8904	2.7047e-010
8905	2.7165e-010
8906	2.7223e-010
8907	2.7211e-010
8908	2.6672e-010
8909	2.5691e-010
8910	2.4879e-010
8911	2.4708e-010
8912	2.4339e-010
8913	2.3906e-010
8914	2.3375e-010
8915	2.275e-010
8916	2.2142e-010
8917	2.1724e-010
8918	2.1264e-010
8919	2.0859e-010
8920	2.0558e-010
8921	2.0281e-010
8922	1.9933e-010
8923	1.9712e-010
8924	1.9221e-010
8925	1.8126e-010
8926	1.833e-010
8927	1.905e-010
8928	1.9195e-010
8929	1.8509e-010
8930	1.642e-010
8931	1.7732e-010
8932	2.0206e-010
8933	1.6908e-010
8934	1.5741e-010
8935	1.7425e-010
8936	1.5589e-010
8937	1.5229e-010
8938	1.7931e-010
8939	1.4464e-010
8940	1.5537e-010
8941	2.0574e-010
8942	1.5205e-010
8943	1.687e-010
8944	1.3574e-010
8945	1.2641e-010
8946	1.3239e-010
8947	1.2111e-010
8948	1.3457e-010
8949	1.1909e-010
8950	1.2828e-010
8951	1.1333e-010
8952	1.1184e-010
8953	1.0586e-010
8954	1.0137e-010
8955	1.1385e-010
8956	1.2237e-010
8957	1.463e-010
8958	1.1292e-010
8959	9.7312e-011
8960	8.6158e-011
8961	9.5147e-011
8962	1.0329e-010
8963	9.8456e-011
8964	1.2404e-010
8965	1.2369e-010
8966	3.0569e-010
8967	5.8891e-010
8968	4.6965e-010
8969	8.9703e-010
8970	8.7562e-010
8971	5.1265e-011
8972	5.5234e-011
8973	5.8838e-011
8974	6.0355e-011
8975	6.6531e-011
8976	6.4445e-011
8977	6.6378e-011
8978	7.1445e-011
8979	7.998e-011
8980	8.071e-011
8981	8.5681e-011
8982	9.4281e-011
8983	1.0157e-010
8984	1.1719e-010
8985	1.3027e-010
8986	1.5147e-010
8987	1.317e-010
8988	1.0116e-010
8989	8.3192e-011
8990	7.8754e-011
8991	8.2442e-011
8992	8.9737e-011
8993	1.0148e-010
8994	1.0701e-010
8995	1.1068e-010
8996	1.1252e-010
8997	1.1455e-010
8998	1.1914e-010
8999	1.1937e-010
9000	1.2537e-010
9001	1.2514e-010
9002	1.2843e-010
9003	1.3324e-010
9004	1.3363e-010
9005	1.38e-010
9006	1.4212e-010
9007	1.4316e-010
9008	1.4719e-010
9009	1.53e-010
9010	1.5395e-010
9011	1.5653e-010
9012	1.6149e-010
9013	1.6618e-010
9014	1.6923e-010
9015	1.7218e-010
9016	1.758e-010
9017	1.8043e-010
9018	1.849e-010
9019	1.8893e-010
9020	1.9365e-010
9021	1.9776e-010
9022	2.0212e-010
9023	2.0614e-010
9024	2.0843e-010
9025	2.1858e-010
9026	2.3304e-010
9027	2.2709e-010
9028	2.3062e-010
9029	2.3945e-010
9030	2.4365e-010
9031	2.4724e-010
9032	2.5434e-010
9033	2.6348e-010
9034	2.7026e-010
9035	2.7116e-010
9036	2.7181e-010
9037	2.7178e-010
9038	2.6641e-010
9039	2.5664e-010
9040	2.4872e-010
9041	2.4692e-010
9042	2.431e-010
9043	2.3877e-010
9044	2.3347e-010
9045	2.2745e-010
9046	2.2144e-010
9047	2.1707e-010
9048	2.1269e-010
9049	2.0858e-010
9050	2.0548e-010
9051	2.0284e-010
9052	1.9934e-010
9053	1.9718e-010
9054	1.9218e-010
9055	1.813e-010
9056	1.833e-010
9057	1.9118e-010
9058	1.9384e-010
9059	1.8579e-010
9060	1.6415e-010
9061	1.7735e-010
9062	2.0235e-010
9063	1.6909e-010
9064	1.5743e-010
9065	1.7423e-010
9066	1.5582e-010
9067	1.5227e-010
9068	1.7931e-010
9069	1.4461e-010
9070	1.5531e-010
9071	2.0567e-010
9072	1.5189e-010
9073	1.6855e-010
9074	1.3565e-010
9075	1.263e-010
9076	1.323e-010
9077	1.2098e-010
9078	1.3446e-010
9079	1.1899e-010
9080	1.2809e-010
9081	1.1313e-010
9082	1.1169e-010
9083	1.0569e-010
9084	1.0123e-010
9085	1.1369e-010
9086	1.2227e-010
9087	1.463e-010
9088	1.1292e-010
9089	9.7318e-011
9090	8.6218e-011
9091	9.52e-011
9092	1.0333e-010
9093	9.849e-011
9094	1.2405e-010
9095	1.237e-010
9096	3.0567e-010
9097	5.8889e-010
9098	4.6961e-010
9099	8.9699e-010
9100	8.7561e-010
9101	7.2316e-011
9102	7.5241e-011
9103	7.7728e-011
9104	7.4112e-011
9105	6.8892e-011
9106	7.2148e-011
9107	7.4218e-011
9108	7.7669e-011
9109	8.2387e-011
9110	8.5943e-011
9111	9.0357e-011
9112	9.7149e-011
9113	1.0627e-010
9114	1.18e-010
9115	1.3374e-010
9116	1.5162e-010
9117	1.4005e-010
9118	1.2087e-010
9119	1.1669e-010
9120	1.2323e-010
9121	1.211e-010
9122	1.2479e-010
9123	1.2816e-010
9124	1.325e-010
9125	1.3377e-010
9126	1.3777e-010
9127	1.4156e-010
9128	1.4322e-010
9129	1.4873e-010
9130	1.4948e-010
9131	1.5495e-010
9132	1.5773e-010
9133	1.5992e-010
9134	1.6558e-010
9135	1.6809e-010
9136	1.7143e-010
9137	1.7721e-010
9138	1.8051e-010
9139	1.8316e-010
9140	1.8861e-010
9141	1.9342e-010
9142	1.9685e-010
9143	2.0065e-010
9144	2.0566e-010
9145	2.1117e-010
9146	2.1615e-010
9147	2.2072e-010
9148	2.2529e-010
9149	2.3043e-010
9150	2.3554e-010
9151	2.41e-010
9152	2.4697e-010
9153	2.5442e-010
9154	2.6921e-010
9155	2.6306e-010
9156	2.6194e-010
9157	2.7861e-010
9158	2.8697e-010
9159	2.9067e-010
9160	2.9824e-010
9161	3.0604e-010
9162	3.1266e-010
9163	3.1784e-010
9164	3.2603e-010
9165	3.365e-010
9166	3.3714e-010
9167	3.273e-010
9168	3.2017e-010
9169	3.1671e-010
9170	3.1122e-010
9171	3.0391e-010
9172	2.9744e-010
9173	2.8951e-010
9174	2.8372e-010
9175	2.7786e-010
9176	2.7346e-010
9177	2.6789e-010
9178	2.626e-010
9179	2.5753e-010
9180	2.5121e-010
9181	2.4532e-010
9182	2.4179e-010
9183	2.397e-010
9184	2.3662e-010
9185	2.3372e-010
9186	2.3339e-010
9187	2.2811e-010
9188	2.2004e-010
9189	2.2448e-010
9190	2.2172e-010
9191	2.2252e-010
9192	2.1378e-010
9193	2.1256e-010
9194	2.1468e-010
9195	1.9172e-010
9196	1.8725e-010
9197	2.1001e-010
9198	1.8763e-010
9199	1.869e-010
9200	2.0925e-010
9201	2.0309e-010
9202	2.1176e-010
9203	1.7397e-010
9204	1.8328e-010
9205	1.607e-010
9206	1.5171e-010
9207	1.6213e-010
9208	1.4988e-010
9209	1.5964e-010
9210	1.447e-010
9211	1.4791e-010
9212	1.3456e-010
9213	1.3416e-010
9214	1.3048e-010
9215	1.3642e-010
9216	1.5849e-010
9217	1.521e-010
9218	1.4729e-010
9219	1.1465e-010
9220	1.1681e-010
9221	1.2032e-010
9222	1.1748e-010
9223	1.4636e-010
9224	1.2763e-010
9225	1.4146e-010
9226	3.6809e-010
9227	5.535e-010
9228	4.1075e-010
9229	1.0769e-009
9230	7.649e-010
9231	5.1243e-011
9232	5.5222e-011
9233	5.8836e-011
9234	6.0338e-011
9235	6.653e-011
9236	6.4411e-011
9237	6.6333e-011
9238	7.136e-011
9239	7.9894e-011
9240	8.0687e-011
9241	8.5664e-011
9242	9.4277e-011
9243	1.0156e-010
9244	1.1715e-010
9245	1.3025e-010
9246	1.5149e-010
9247	1.3178e-010
9248	1.0122e-010
9249	8.3186e-011
9250	7.8727e-011
9251	8.24e-011
9252	8.9729e-011
9253	1.0148e-010
9254	1.0703e-010
9255	1.1066e-010
9256	1.1257e-010
9257	1.146e-010
9258	1.1912e-010
9259	1.1934e-010
9260	1.2538e-010
9261	1.2512e-010
9262	1.2844e-010
9263	1.3324e-010
9264	1.3364e-010
9265	1.3795e-010
9266	1.4205e-010
9267	1.431e-010
9268	1.4726e-010
9269	1.526e-010
9270	1.5408e-010
9271	1.5657e-010
9272	1.6141e-010
9273	1.6609e-010
9274	1.6927e-010
9275	1.721e-010
9276	1.7575e-010
9277	1.8039e-010
9278	1.8485e-010
9279	1.8906e-010
9280	1.9355e-010
9281	1.9786e-010
9282	2.0212e-010
9283	2.0611e-010
9284	2.0837e-010
9285	2.1853e-010
9286	2.3305e-010
9287	2.2701e-010
9288	2.3051e-010
9289	2.3949e-010
9290	2.4365e-010
9291	2.4726e-010
9292	2.5421e-010
9293	2.6342e-010
9294	2.7019e-010
9295	2.7104e-010
9296	2.7176e-010
9297	2.7173e-010
9298	2.6638e-010
9299	2.567e-010
9300	2.4871e-010
9301	2.4685e-010
9302	2.4325e-010
9303	2.3872e-010
9304	2.3357e-010
9305	2.2729e-010
9306	2.2151e-010
9307	2.1703e-010
9308	2.1265e-010
9309	2.0853e-010
9310	2.055e-010
9311	2.0278e-010
9312	1.9932e-010
9313	1.9718e-010
9314	1.9219e-010
9315	1.8139e-010
9316	1.8341e-010
9317	1.9114e-010
9318	1.9794e-010
9319	1.8611e-010
9320	1.6419e-010
9321	1.775e-010
9322	2.0243e-010
9323	1.6913e-010
9324	1.5743e-010
9325	1.7422e-010
9326	1.5588e-010
9327	1.5225e-010
9328	1.7932e-010
9329	1.4459e-010
9330	1.5531e-010
9331	2.0561e-010
9332	1.5187e-010
9333	1.6854e-010
9334	1.3564e-010
9335	1.2629e-010
9336	1.3222e-010
9337	1.2098e-010
9338	1.3439e-010
9339	1.1897e-010
9340	1.2809e-010
9341	1.1317e-010
9342	1.1167e-010
9343	1.0571e-010
9344	1.0118e-010
9345	1.1369e-010
9346	1.2226e-010
9347	1.4631e-010
9348	1.129e-010
9349	9.7322e-011
9350	8.6211e-011
9351	9.5208e-011
9352	1.0331e-010
9353	9.8496e-011
9354	1.2406e-010
9355	1.2369e-010
9356	3.0565e-010
9357	5.8879e-010
9358	4.6959e-010
9359	8.9698e-010
9360	8.7554e-010
9361	7.7731e-011
9362	7.7926e-011
9363	7.6814e-011
9364	7.7969e-011
9365	8.0699e-011
9366	8.2119e-011
9367	8.4584e-011
9368	8.9869e-011
9369	9.1476e-011
9370	9.2687e-011
9371	9.3319e-011
9372	9.4802e-011
9373	9.7434e-011
9374	1.0079e-010
9375	1.0415e-010
9376	1.098e-010
9377	1.1356e-010
9378	1.1618e-010
9379	1.1894e-010
9380	1.2132e-010
9381	1.2459e-010
9382	1.2692e-010
9383	1.3019e-010
9384	1.3277e-010
9385	1.3636e-010
9386	1.3917e-010
9387	1.4218e-010
9388	1.4633e-010
9389	1.488e-010
9390	1.533e-010
9391	1.5565e-010
9392	1.5923e-010
9393	1.6356e-010
9394	1.6644e-010
9395	1.7046e-010
9396	1.7466e-010
9397	1.7802e-010
9398	1.8241e-010
9399	1.8729e-010
9400	1.9083e-010
9401	1.9466e-010
9402	1.9983e-010
9403	2.0422e-010
9404	2.0907e-010
9405	2.1336e-010
9406	2.181e-010
9407	2.2314e-010
9408	2.2867e-010
9409	2.3357e-010
9410	2.3892e-010
9411	2.4353e-010
9412	2.4772e-010
9413	2.5802e-010
9414	2.6875e-010
9415	2.6891e-010
9416	2.716e-010
9417	2.8075e-010
9418	2.8729e-010
9419	2.9373e-010
9420	3.0012e-010
9421	3.0624e-010
9422	3.1447e-010
9423	3.2244e-010
9424	3.2902e-010
9425	3.3686e-010
9426	3.3775e-010
9427	3.3026e-010
9428	3.2462e-010
9429	3.1746e-010
9430	3.0884e-010
9431	3.0402e-010
9432	2.984e-010
9433	2.9308e-010
9434	2.8464e-010
9435	2.8046e-010
9436	2.7295e-010
9437	2.675e-010
9438	2.6194e-010
9439	2.5688e-010
9440	2.5265e-010
9441	2.4674e-010
9442	2.4375e-010
9443	2.3997e-010
9444	2.3524e-010
9445	2.2641e-010
9446	2.2647e-010
9447	2.3216e-010
9448	2.2861e-010
9449	2.2647e-010
9450	2.075e-010
9451	2.1891e-010
9452	2.2871e-010
9453	2.0873e-010
9454	2.0035e-010
9455	2.0145e-010
9456	1.8801e-010
9457	1.9478e-010
9458	2.0253e-010
9459	1.7783e-010
9460	1.9422e-010
9461	2.2787e-010
9462	1.9409e-010
9463	1.8922e-010
9464	1.6462e-010
9465	1.5011e-010
9466	1.5174e-010
9467	1.4839e-010
9468	1.5491e-010
9469	1.4647e-010
9470	1.4836e-010
9471	1.3689e-010
9472	1.3119e-010
9473	1.2605e-010
9474	1.1922e-010
9475	1.2028e-010
9476	1.3253e-010
9477	1.5424e-010
9478	1.2766e-010
9479	1.0967e-010
9480	1.0069e-010
9481	1.1684e-010
9482	1.2602e-010
9483	1.1236e-010
9484	1.4246e-010
9485	1.4994e-010
9486	2.2978e-010
9487	3.7007e-010
9488	4.6817e-010
9489	4.9517e-010
9490	7.2373e-010
9491	8.619e-011
9492	8.6973e-011
9493	8.8386e-011
9494	8.8802e-011
9495	9.1456e-011
9496	9.3146e-011
9497	9.7352e-011
9498	1.0535e-010
9499	1.0461e-010
9500	1.0965e-010
9501	1.0913e-010
9502	1.0813e-010
9503	1.1332e-010
9504	1.112e-010
9505	1.1818e-010
9506	1.1978e-010
9507	1.2362e-010
9508	1.2626e-010
9509	1.2851e-010
9510	1.327e-010
9511	1.337e-010
9512	1.3902e-010
9513	1.4015e-010
9514	1.4529e-010
9515	1.4723e-010
9516	1.5128e-010
9517	1.5556e-010
9518	1.5701e-010
9519	1.6391e-010
9520	1.6386e-010
9521	1.7061e-010
9522	1.734e-010
9523	1.7576e-010
9524	1.8225e-010
9525	1.8472e-010
9526	1.8836e-010
9527	1.9465e-010
9528	1.9871e-010
9529	2.0105e-010
9530	2.0789e-010
9531	2.125e-010
9532	2.1691e-010
9533	2.2035e-010
9534	2.2651e-010
9535	2.3219e-010
9536	2.3753e-010
9537	2.4267e-010
9538	2.4748e-010
9539	2.5368e-010
9540	2.5827e-010
9541	2.713e-010
9542	2.8584e-010
9543	2.7206e-010
9544	2.7248e-010
9545	2.9497e-010
9546	3.0551e-010
9547	3.0474e-010
9548	3.1305e-010
9549	3.2003e-010
9550	3.2767e-010
9551	3.3655e-010
9552	3.4449e-010
9553	3.4969e-010
9554	3.5646e-010
9555	3.7087e-010
9556	3.7173e-010
9557	3.5736e-010
9558	3.5114e-010
9559	3.4826e-010
9560	3.4144e-010
9561	3.3305e-010
9562	3.2613e-010
9563	3.1878e-010
9564	3.097e-010
9565	3.0631e-010
9566	2.9962e-010
9567	2.9343e-010
9568	2.8759e-010
9569	2.8203e-010
9570	2.7558e-010
9571	2.682e-010
9572	2.6518e-010
9573	2.6175e-010
9574	2.5784e-010
9575	2.5434e-010
9576	2.5252e-010
9577	2.518e-010
9578	2.3771e-010
9579	2.4717e-010
9580	2.3741e-010
9581	2.4477e-010
9582	2.2969e-010
9583	2.3266e-010
9584	2.3238e-010
9585	2.0804e-010
9586	2.0292e-010
9587	2.2975e-010
9588	2.0189e-010
9589	2.0025e-010
9590	2.2803e-010
9591	2.1676e-010
9592	2.3478e-010
9593	1.8434e-010
9594	1.937e-010
9595	1.6822e-010
9596	1.5917e-010
9597	1.7455e-010
9598	1.5715e-010
9599	1.7399e-010
9600	1.5104e-010
9601	1.6096e-010
9602	1.4054e-010
9603	1.4296e-010
9604	1.368e-010
9605	1.3029e-010
9606	1.5704e-010
9607	1.4707e-010
9608	1.5589e-010
9609	1.1269e-010
9610	1.1775e-010
9611	1.3823e-010
9612	1.2309e-010
9613	1.3677e-010
9614	1.5908e-010
9615	1.7717e-010
9616	2.2106e-010
9617	3.6761e-010
9618	4.336e-010
9619	4.7729e-010
9620	6.2666e-010
9621	7.7731e-011
9622	7.7925e-011
9623	7.6818e-011
9624	7.7969e-011
9625	8.0688e-011
9626	8.2094e-011
9627	8.458e-011
9628	8.9889e-011
9629	9.1511e-011
9630	9.2715e-011
9631	9.3303e-011
9632	9.4762e-011
9633	9.7443e-011
9634	1.0083e-010
9635	1.0418e-010
9636	1.0985e-010
9637	1.1358e-010
9638	1.1614e-010
9639	1.189e-010
9640	1.2129e-010
9641	1.2457e-010
9642	1.2692e-010
9643	1.3016e-010
9644	1.3274e-010
9645	1.3635e-010
9646	1.3915e-010
9647	1.4223e-010
9648	1.4637e-010
9649	1.4887e-010
9650	1.534e-010
9651	1.557e-010
9652	1.5924e-010
9653	1.6354e-010
9654	1.6644e-010
9655	1.7049e-010
9656	1.7469e-010
9657	1.7803e-010
9658	1.825e-010
9659	1.8709e-010
9660	1.9099e-010
9661	1.9466e-010
9662	1.9977e-010
9663	2.0418e-010
9664	2.0904e-010
9665	2.1337e-010
9666	2.1807e-010
9667	2.2312e-010
9668	2.2869e-010
9669	2.3358e-010
9670	2.3904e-010
9671	2.4351e-010
9672	2.4782e-010
9673	2.58e-010
9674	2.6872e-010
9675	2.6886e-010
9676	2.7157e-010
9677	2.8087e-010
9678	2.8732e-010
9679	2.9378e-010
9680	3.0021e-010
9681	3.0632e-010
9682	3.1464e-010
9683	3.2252e-010
9684	3.2901e-010
9685	3.3681e-010
9686	3.3788e-010
9687	3.3033e-010
9688	3.2469e-010
9689	3.1748e-010
9690	3.0884e-010
9691	3.042e-010
9692	2.985e-010
9693	2.9324e-010
9694	2.8469e-010
9695	2.8048e-010
9696	2.7299e-010
9697	2.6756e-010
9698	2.6208e-010
9699	2.5684e-010
9700	2.5295e-010
9701	2.4669e-010
9702	2.4399e-010
9703	2.399e-010
9704	2.3524e-010
9705	2.2647e-010
9706	2.2654e-010
9707	2.3228e-010
9708	2.2858e-010
9709	2.2662e-010
9710	2.0753e-010
9711	2.1888e-010
9712	2.2858e-010
9713	2.0863e-010
9714	2.0031e-010
9715	2.0144e-010
9716	1.8799e-010
9717	1.9476e-010
9718	2.0258e-010
9719	1.7783e-010
9720	1.9422e-010
9721	2.2788e-010
9722	1.9406e-010
9723	1.8926e-010
9724	1.6461e-010
9725	1.5011e-010
9726	1.5175e-010
9727	1.4836e-010
9728	1.5496e-010
9729	1.465e-010
9730	1.4839e-010
9731	1.3696e-010
9732	1.3123e-010
9733	1.2608e-010
9734	1.1929e-010
9735	1.2035e-010
9736	1.325e-010
9737	1.5422e-010
9738	1.2767e-010
9739	1.0967e-010
9740	1.0065e-010
9741	1.1686e-010
9742	1.2606e-010
9743	1.124e-010
9744	1.4245e-010
9745	1.4995e-010
9746	2.2981e-010
9747	3.701e-010
9748	4.6821e-010
9749	4.9522e-010
9750	7.2381e-010
9751	7.7825e-011
9752	7.8013e-011
9753	7.6918e-011
9754	7.8068e-011
9755	8.0794e-011
9756	8.2191e-011
9757	8.4659e-011
9758	8.9976e-011
9759	9.1594e-011
9760	9.2797e-011
9761	9.3369e-011
9762	9.4833e-011
9763	9.7529e-011
9764	1.0093e-010
9765	1.0426e-010
9766	1.0987e-010
9767	1.1355e-010
9768	1.1611e-010
9769	1.1887e-010
9770	1.2136e-010
9771	1.2471e-010
9772	1.2702e-010
9773	1.3022e-010
9774	1.3283e-010
9775	1.364e-010
9776	1.3919e-010
9777	1.4216e-010
9778	1.4632e-010
9779	1.4889e-010
9780	1.5353e-010
9781	1.5582e-010
9782	1.5929e-010
9783	1.6362e-010
9784	1.6648e-010
9785	1.7056e-010
9786	1.7487e-010
9787	1.7823e-010
9788	1.826e-010
9789	1.8754e-010
9790	1.9094e-010
9791	1.9471e-010
9792	1.9979e-010
9793	2.042e-010
9794	2.0908e-010
9795	2.133e-010
9796	2.1809e-010
9797	2.2318e-010
9798	2.288e-010
9799	2.3374e-010
9800	2.3915e-010
9801	2.4368e-010
9802	2.4788e-010
9803	2.582e-010
9804	2.69e-010
9805	2.6908e-010
9806	2.7189e-010
9807	2.8121e-010
9808	2.8769e-010
9809	2.9423e-010
9810	3.006e-010
9811	3.0654e-010
9812	3.1507e-010
9813	3.2294e-010
9814	3.2959e-010
9815	3.3734e-010
9816	3.3838e-010
9817	3.3092e-010
9818	3.253e-010
9819	3.1786e-010
9820	3.0915e-010
9821	3.0455e-010
9822	2.9891e-010
9823	2.9349e-010
9824	2.8497e-010
9825	2.8078e-010
9826	2.7309e-010
9827	2.6778e-010
9828	2.6228e-010
9829	2.5702e-010
9830	2.5308e-010
9831	2.4658e-010
9832	2.4394e-010
9833	2.3988e-010
9834	2.3527e-010
9835	2.2641e-010
9836	2.2665e-010
9837	2.3213e-010
9838	2.2896e-010
9839	2.2633e-010
9840	2.0743e-010
9841	2.1861e-010
9842	2.2846e-010
9843	2.0862e-010
9844	2.0039e-010
9845	2.0139e-010
9846	1.8791e-010
9847	1.9473e-010
9848	2.0258e-010
9849	1.7786e-010
9850	1.9425e-010
9851	2.2797e-010
9852	1.9414e-010
9853	1.8938e-010
9854	1.647e-010
9855	1.5025e-010
9856	1.5191e-010
9857	1.4856e-010
9858	1.5513e-010
9859	1.4667e-010
9860	1.486e-010
9861	1.3712e-010
9862	1.3142e-010
9863	1.2627e-010
9864	1.1948e-010
9865	1.2052e-010
9866	1.3262e-010
9867	1.5428e-010
9868	1.2767e-010
9869	1.0967e-010
9870	1.0065e-010
9871	1.1682e-010
9872	1.2608e-010
9873	1.1241e-010
9874	1.425e-010
9875	1.5004e-010
9876	2.2992e-010
9877	3.7016e-010
9878	4.6823e-010
9879	4.9527e-010
9880	7.238e-010
9881	8.6401e-011
9882	8.7177e-011
9883	8.8607e-011
9884	8.9016e-011
9885	9.1652e-011
9886	9.3317e-011
9887	9.7515e-011
9888	1.0553e-010
9889	1.0481e-010
9890	1.0979e-010
9891	1.0926e-010
9892	1.082e-010
9893	1.1345e-010
9894	1.1132e-010
9895	1.1831e-010
9896	1.1983e-010
9897	1.2363e-010
9898	1.2621e-010
9899	1.2851e-010
9900	1.3281e-010
9901	1.3385e-010
9902	1.3924e-010
9903	1.4029e-010
9904	1.4544e-010
9905	1.4735e-010
9906	1.5133e-010
9907	1.5551e-010
9908	1.5705e-010
9909	1.6404e-010
9910	1.6411e-010
9911	1.7078e-010
9912	1.7344e-010
9913	1.7589e-010
9914	1.8241e-010
9915	1.8487e-010
9916	1.8863e-010
9917	1.9487e-010
9918	1.9902e-010
9919	2.0097e-010
9920	2.0819e-010
9921	2.1253e-010
9922	2.1696e-010
9923	2.2034e-010
9924	2.266e-010
9925	2.3205e-010
9926	2.3748e-010
9927	2.4276e-010
9928	2.4782e-010
9929	2.5397e-010
9930	2.5869e-010
9931	2.714e-010
9932	2.8601e-010
9933	2.7222e-010
9934	2.727e-010
9935	2.9551e-010
9936	3.0587e-010
9937	3.053e-010
9938	3.1375e-010
9939	3.2075e-010
9940	3.2821e-010
9941	3.3707e-010
9942	3.4528e-010
9943	3.5054e-010
9944	3.5721e-010
9945	3.7167e-010
9946	3.7263e-010
9947	3.5842e-010
9948	3.5217e-010
9949	3.4891e-010
9950	3.4169e-010
9951	3.3357e-010
9952	3.2658e-010
9953	3.1934e-010
9954	3.103e-010
9955	3.0646e-010
9956	2.999e-010
9957	2.9362e-010
9958	2.8788e-010
9959	2.8238e-010
9960	2.7588e-010
9961	2.6837e-010
9962	2.6521e-010
9963	2.616e-010
9964	2.5776e-010
9965	2.5447e-010
9966	2.525e-010
9967	2.5205e-010
9968	2.3833e-010
9969	2.473e-010
9970	2.3723e-010
9971	2.4469e-010
9972	2.2947e-010
9973	2.325e-010
9974	2.3233e-010
9975	2.0788e-010
9976	2.0282e-010
9977	2.297e-010
9978	2.0195e-010
9979	2.0025e-010
9980	2.2815e-010
9981	2.169e-010
9982	2.3498e-010
9983	1.8451e-010
9984	1.9389e-010
9985	1.6841e-010
9986	1.5936e-010
9987	1.7485e-010
9988	1.5743e-010
9989	1.7426e-010
9990	1.5143e-010
9991	1.6129e-010
9992	1.4086e-010
9993	1.4327e-010
9994	1.3718e-010
9995	1.3056e-010
9996	1.5715e-010
9997	1.4709e-010
9998	1.5586e-010
9999	1.1261e-010
10000	1.1769e-010
10001	1.382e-010
10002	1.23e-010
10003	1.3677e-010
10004	1.5909e-010
10005	1.7726e-010
10006	2.2116e-010
10007	3.6772e-010
10008	4.338e-010
10009	4.774e-010
10010	6.2665e-010
10011	7.7825e-011
10012	7.8013e-011
10013	7.6917e-011
10014	7.8065e-011
10015	8.079e-011
10016	8.2188e-011
10017	8.4659e-011
10018	8.9968e-011
10019	9.1596e-011
10020	9.2798e-011
10021	9.3369e-011
10022	9.4833e-011
10023	9.7528e-011
10024	1.0093e-010
10025	1.0426e-010
10026	1.0986e-010
10027	1.1355e-010
10028	1.1611e-010
10029	1.1886e-010
10030	1.2136e-010
10031	1.2471e-010
10032	1.2702e-010
10033	1.3022e-010
10034	1.3283e-010
10035	1.364e-010
10036	1.3919e-010
10037	1.4216e-010
10038	1.4632e-010
10039	1.4889e-010
10040	1.5353e-010
10041	1.5581e-010
10042	1.5929e-010
10043	1.6363e-010
10044	1.6648e-010
10045	1.7056e-010
10046	1.7488e-010
10047	1.7821e-010
10048	1.827e-010
10049	1.8742e-010
10050	1.9106e-010
10051	1.9466e-010
10052	1.9977e-010
10053	2.042e-010
10054	2.0909e-010
10055	2.133e-010
10056	2.1809e-010
10057	2.2317e-010
10058	2.288e-010
10059	2.3376e-010
10060	2.3916e-010
10061	2.4368e-010
10062	2.4792e-010
10063	2.5819e-010
10064	2.69e-010
10065	2.6907e-010
10066	2.7191e-010
10067	2.8121e-010
10068	2.8768e-010
10069	2.9422e-010
10070	3.006e-010
10071	3.0654e-010
10072	3.1507e-010
10073	3.2294e-010
10074	3.2959e-010
10075	3.3734e-010
10076	3.3838e-010
10077	3.3091e-010
10078	3.2529e-010
10079	3.1786e-010
10080	3.0915e-010
10081	3.0455e-010
10082	2.989e-010
10083	2.9349e-010
10084	2.8496e-010
10085	2.8078e-010
10086	2.7309e-010
10087	2.6778e-010
10088	2.6227e-010
10089	2.5711e-010
10090	2.5284e-010
10091	2.4674e-010
10092	2.437e-010
10093	2.3996e-010
10094	2.3523e-010
10095	2.2641e-010
10096	2.2662e-010
10097	2.3221e-010
10098	2.2908e-010
10099	2.2639e-010
10100	2.0744e-010
10101	2.1859e-010
10102	2.2851e-010
10103	2.0861e-010
10104	2.0042e-010
10105	2.0139e-010
10106	1.8791e-010
10107	1.9473e-010
10108	2.0258e-010
10109	1.7786e-010
10110	1.9427e-010
10111	2.2798e-010
10112	1.9415e-010
10113	1.8938e-010
10114	1.647e-010
10115	1.5028e-010
10116	1.5191e-010
10117	1.4855e-010
10118	1.5514e-010
10119	1.4667e-010
10120	1.486e-010
10121	1.3714e-010
10122	1.3142e-010
10123	1.2627e-010
10124	1.1948e-010
10125	1.2052e-010
10126	1.3261e-010
10127	1.5427e-010
10128	1.2769e-010
10129	1.0967e-010
10130	1.0065e-010
10131	1.1683e-010
10132	1.2608e-010
10133	1.1242e-010
10134	1.425e-010
10135	1.5004e-010
10136	2.2992e-010
10137	3.7016e-010
10138	4.6825e-010
10139	4.9527e-010
10140	7.2382e-010
10141	7.7731e-011
10142	7.7924e-011
10143	7.6816e-011
10144	7.7965e-011
10145	8.0686e-011
10146	8.2091e-011
10147	8.4575e-011
10148	8.9884e-011
10149	9.1504e-011
10150	9.271e-011
10151	9.3301e-011
10152	9.4765e-011
10153	9.7452e-011
10154	1.0083e-010
10155	1.0418e-010
10156	1.0984e-010
10157	1.1357e-010
10158	1.1615e-010
10159	1.1891e-010
10160	1.2129e-010
10161	1.2459e-010
10162	1.2691e-010
10163	1.3016e-010
10164	1.3273e-010
10165	1.3634e-010
10166	1.3916e-010
10167	1.4222e-010
10168	1.4636e-010
10169	1.4886e-010
10170	1.5341e-010
10171	1.5569e-010
10172	1.5923e-010
10173	1.6357e-010
10174	1.6642e-010
10175	1.7048e-010
10176	1.7468e-010
10177	1.7801e-010
10178	1.8251e-010
10179	1.872e-010
10180	1.9102e-010
10181	1.9466e-010
10182	1.9979e-010
10183	2.0417e-010
10184	2.0903e-010
10185	2.1335e-010
10186	2.1809e-010
10187	2.2311e-010
10188	2.2868e-010
10189	2.3359e-010
10190	2.3902e-010
10191	2.4358e-010
10192	2.478e-010
10193	2.5803e-010
10194	2.6869e-010
10195	2.689e-010
10196	2.7159e-010
10197	2.809e-010
10198	2.8734e-010
10199	2.9377e-010
10200	3.002e-010
10201	3.063e-010
10202	3.1468e-010
10203	3.225e-010
10204	3.2907e-010
10205	3.3688e-010
10206	3.3785e-010
10207	3.3036e-010
10208	3.2467e-010
10209	3.1746e-010
10210	3.0882e-010
10211	3.0424e-010
10212	2.9849e-010
10213	2.9322e-010
10214	2.8468e-010
10215	2.8047e-010
10216	2.7299e-010
10217	2.6758e-010
10218	2.6205e-010
10219	2.5692e-010
10220	2.5264e-010
10221	2.4696e-010
10222	2.4367e-010
10223	2.3999e-010
10224	2.3525e-010
10225	2.2641e-010
10226	2.2652e-010
10227	2.32e-010
10228	2.2921e-010
10229	2.2639e-010
10230	2.0761e-010
10231	2.188e-010
10232	2.2859e-010
10233	2.0862e-010
10234	2.0035e-010
10235	2.0143e-010
10236	1.88e-010
10237	1.9482e-010
10238	2.0257e-010
10239	1.7782e-010
10240	1.942e-010
10241	2.2787e-010
10242	1.9407e-010
10243	1.8925e-010
10244	1.6461e-010
10245	1.5014e-010
10246	1.5175e-010
10247	1.4838e-010
10248	1.5496e-010
10249	1.465e-010
10250	1.4839e-010
10251	1.3695e-010
10252	1.3122e-010
10253	1.2608e-010
10254	1.1927e-010
10255	1.2034e-010
10256	1.3248e-010
10257	1.5422e-010
10258	1.2766e-010
10259	1.0968e-010
10260	1.0065e-010
10261	1.1686e-010
10262	1.2606e-010
10263	1.1239e-010
10264	1.4245e-010
10265	1.4996e-010
10266	2.2983e-010
10267	3.701e-010
10268	4.6822e-010
10269	4.9521e-010
10270	7.2381e-010
10271	8.6181e-011
10272	8.6961e-011
10273	8.8404e-011
10274	8.8814e-011
10275	9.1466e-011
10276	9.3143e-011
10277	9.7355e-011
10278	1.0537e-010
10279	1.0463e-010
10280	1.0962e-010
10281	1.0915e-010
10282	1.0813e-010
10283	1.1332e-010
10284	1.1121e-010
10285	1.1818e-010
10286	1.1977e-010
10287	1.2363e-010
10288	1.2628e-010
10289	1.2847e-010
10290	1.3271e-010
10291	1.337e-010
10292	1.3903e-010
10293	1.4012e-010
10294	1.4529e-010
10295	1.4721e-010
10296	1.5129e-010
10297	1.5558e-010
10298	1.5702e-010
10299	1.6389e-010
10300	1.6383e-010
10301	1.706e-010
10302	1.7338e-010
10303	1.7577e-010
10304	1.8229e-010
10305	1.8474e-010
10306	1.8838e-010
10307	1.9466e-010
10308	1.9882e-010
10309	2.0095e-010
10310	2.0803e-010
10311	2.1246e-010
10312	2.1688e-010
10313	2.2033e-010
10314	2.265e-010
10315	2.3216e-010
10316	2.3753e-010
10317	2.4269e-010
10318	2.475e-010
10319	2.5371e-010
10320	2.5828e-010
10321	2.7131e-010
10322	2.859e-010
10323	2.7206e-010
10324	2.725e-010
10325	2.9494e-010
10326	3.0553e-010
10327	3.0474e-010
10328	3.1294e-010
10329	3.2008e-010
10330	3.277e-010
10331	3.3652e-010
10332	3.4447e-010
10333	3.4964e-010
10334	3.5648e-010
10335	3.7082e-010
10336	3.7174e-010
10337	3.5741e-010
10338	3.5114e-010
10339	3.4829e-010
10340	3.4144e-010
10341	3.3309e-010
10342	3.2615e-010
10343	3.1883e-010
10344	3.0974e-010
10345	3.0633e-010
10346	2.996e-010
10347	2.9346e-010
10348	2.8759e-010
10349	2.819e-010
10350	2.7597e-010
10351	2.6796e-010
10352	2.6556e-010
10353	2.6168e-010
10354	2.5783e-010
10355	2.5436e-010
10356	2.5241e-010
10357	2.518e-010
10358	2.3773e-010
10359	2.4726e-010
10360	2.3736e-010
10361	2.4478e-010
10362	2.296e-010
10363	2.3262e-010
10364	2.3243e-010
10365	2.0796e-010
10366	2.029e-010
10367	2.2976e-010
10368	2.0191e-010
10369	2.0018e-010
10370	2.2805e-010
10371	2.1671e-010
10372	2.3478e-010
10373	1.8433e-010
10374	1.937e-010
10375	1.6824e-010
10376	1.5916e-010
10377	1.7455e-010
10378	1.5718e-010
10379	1.7397e-010
10380	1.5105e-010
10381	1.6098e-010
10382	1.4052e-010
10383	1.4295e-010
10384	1.3682e-010
10385	1.3032e-010
10386	1.5703e-010
10387	1.4708e-010
10388	1.559e-010
10389	1.1271e-010
10390	1.1775e-010
10391	1.3824e-010
10392	1.2305e-010
10393	1.3677e-010
10394	1.5905e-010
10395	1.7719e-010
10396	2.2105e-010
10397	3.676e-010
10398	4.3364e-010
10399	4.7727e-010
10400	6.2669e-010
10401	7.7723e-011
10402	7.7919e-011
10403	7.6826e-011
10404	7.7972e-011
10405	8.0705e-011
10406	8.2114e-011
10407	8.4589e-011
10408	8.9868e-011
10409	9.1486e-011
10410	9.2696e-011
10411	9.3305e-011
10412	9.4798e-011
10413	9.7444e-011
10414	1.008e-010
10415	1.0414e-010
10416	1.0982e-010
10417	1.1355e-010
10418	1.1619e-010
10419	1.1894e-010
10420	1.213e-010
10421	1.2459e-010
10422	1.2692e-010
10423	1.3018e-010
10424	1.3277e-010
10425	1.3637e-010
10426	1.3917e-010
10427	1.4217e-010
10428	1.4632e-010
10429	1.4878e-010
10430	1.5331e-010
10431	1.5564e-010
10432	1.5922e-010
10433	1.6355e-010
10434	1.6645e-010
10435	1.7049e-010
10436	1.7463e-010
10437	1.7805e-010
10438	1.8253e-010
10439	1.8722e-010
10440	1.9098e-010
10441	1.9464e-010
10442	1.9982e-010
10443	2.042e-010
10444	2.0907e-010
10445	2.1338e-010
10446	2.1808e-010
10447	2.2312e-010
10448	2.2868e-010
10449	2.3361e-010
10450	2.3894e-010
10451	2.4352e-010
10452	2.4771e-010
10453	2.5802e-010
10454	2.6875e-010
10455	2.6887e-010
10456	2.7166e-010
10457	2.8072e-010
10458	2.8727e-010
10459	2.938e-010
10460	3.0011e-010
10461	3.0622e-010
10462	3.1446e-010
10463	3.2241e-010
10464	3.29e-010
10465	3.3682e-010
10466	3.3775e-010
10467	3.3023e-010
10468	3.2461e-010
10469	3.1751e-010
10470	3.0888e-010
10471	3.0406e-010
10472	2.9839e-010
10473	2.9311e-010
10474	2.8464e-010
10475	2.8045e-010
10476	2.7294e-010
10477	2.6749e-010
10478	2.6196e-010
10479	2.5688e-010
10480	2.5267e-010
10481	2.4682e-010
10482	2.4371e-010
10483	2.3994e-010
10484	2.3526e-010
10485	2.264e-010
10486	2.2661e-010
10487	2.307e-010
10488	2.2914e-010
10489	2.2498e-010
10490	2.0764e-010
10491	2.1875e-010
10492	2.2853e-010
10493	2.0858e-010
10494	2.0037e-010
10495	2.0147e-010
10496	1.8802e-010
10497	1.9479e-010
10498	2.0252e-010
10499	1.7783e-010
10500	1.942e-010
10501	2.2787e-010
10502	1.9411e-010
10503	1.892e-010
10504	1.646e-010
10505	1.5012e-010
10506	1.5176e-010
10507	1.4837e-010
10508	1.5489e-010
10509	1.4647e-010
10510	1.4833e-010
10511	1.3691e-010
10512	1.312e-010
10513	1.2603e-010
10514	1.1925e-010
10515	1.2028e-010
10516	1.3251e-010
10517	1.5424e-010
10518	1.2769e-010
10519	1.0966e-010
10520	1.0068e-010
10521	1.1684e-010
10522	1.26e-010
10523	1.1236e-010
10524	1.4245e-010
10525	1.4995e-010
10526	2.2978e-010
10527	3.701e-010
10528	4.6815e-010
10529	4.952e-010
10530	7.2374e-010
10531	7.7718e-011
10532	7.7928e-011
10533	7.6823e-011
10534	7.797e-011
10535	8.0705e-011
10536	8.2114e-011
10537	8.4589e-011
10538	8.9868e-011
10539	9.1485e-011
10540	9.2695e-011
10541	9.3304e-011
10542	9.4795e-011
10543	9.7454e-011
10544	1.008e-010
10545	1.0415e-010
10546	1.0982e-010
10547	1.1355e-010
10548	1.1619e-010
10549	1.1895e-010
10550	1.2129e-010
10551	1.246e-010
10552	1.2694e-010
10553	1.3018e-010
10554	1.3278e-010
10555	1.3637e-010
10556	1.3917e-010
10557	1.4217e-010
10558	1.4631e-010
10559	1.4879e-010
10560	1.5331e-010
10561	1.5564e-010
10562	1.5922e-010
10563	1.6354e-010
10564	1.6645e-010
10565	1.7049e-010
10566	1.7463e-010
10567	1.7806e-010
10568	1.8251e-010
10569	1.8721e-010
10570	1.9098e-010
10571	1.9464e-010
10572	1.9982e-010
10573	2.0421e-010
10574	2.0908e-010
10575	2.1338e-010
10576	2.1808e-010
10577	2.2314e-010
10578	2.2867e-010
10579	2.3364e-010
10580	2.3893e-010
10581	2.4351e-010
10582	2.477e-010
10583	2.5801e-010
10584	2.6874e-010
10585	2.6887e-010
10586	2.7165e-010
10587	2.8072e-010
10588	2.8727e-010
10589	2.938e-010
10590	3.0011e-010
10591	3.0621e-010
10592	3.1444e-010
10593	3.2239e-010
10594	3.2899e-010
10595	3.3682e-010
10596	3.3775e-010
10597	3.3023e-010
10598	3.2461e-010
10599	3.175e-010
10600	3.0888e-010
10601	3.0405e-010
10602	2.9838e-010
10603	2.931e-010
10604	2.8463e-010
10605	2.8045e-010
10606	2.7294e-010
10607	2.6748e-010
10608	2.6195e-010
10609	2.5688e-010
10610	2.5266e-010
10611	2.4677e-010
10612	2.4374e-010
10613	2.3994e-010
10614	2.3523e-010
10615	2.2642e-010
10616	2.2643e-010
10617	2.308e-010
10618	2.2716e-010
10619	2.2493e-010
10620	2.0749e-010
10621	2.1871e-010
10622	2.2858e-010
10623	2.0856e-010
10624	2.0037e-010
10625	2.0146e-010
10626	1.8802e-010
10627	1.9478e-010
10628	2.0252e-010
10629	1.7782e-010
10630	1.9422e-010
10631	2.2787e-010
10632	1.941e-010
10633	1.892e-010
10634	1.646e-010
10635	1.5011e-010
10636	1.5175e-010
10637	1.4837e-010
10638	1.5489e-010
10639	1.4647e-010
10640	1.4833e-010
10641	1.3691e-010
10642	1.312e-010
10643	1.2603e-010
10644	1.1924e-010
10645	1.2028e-010
10646	1.3252e-010
10647	1.5424e-010
10648	1.2769e-010
10649	1.0965e-010
10650	1.0068e-010
10651	1.1683e-010
10652	1.26e-010
10653	1.1238e-010
10654	1.4245e-010
10655	1.4994e-010
10656	2.298e-010
10657	3.701e-010
10658	4.6815e-010
10659	4.9519e-010
10660	7.2374e-010
10661	8.618e-011
10662	8.6952e-011
10663	8.8387e-011
10664	8.8832e-011
10665	9.1458e-011
10666	9.3143e-011
10667	9.7355e-011
10668	1.0536e-010
10669	1.0462e-010
10670	1.0963e-010
10671	1.0916e-010
10672	1.081e-010
10673	1.1333e-010
10674	1.1121e-010
10675	1.1819e-010
10676	1.1974e-010
10677	1.2362e-010
10678	1.2626e-010
10679	1.2848e-010
10680	1.3271e-010
10681	1.3371e-010
10682	1.3903e-010
10683	1.4013e-010
10684	1.4529e-010
10685	1.472e-010
10686	1.513e-010
10687	1.5553e-010
10688	1.5703e-010
10689	1.6386e-010
10690	1.6383e-010
10691	1.7061e-010
10692	1.7334e-010
10693	1.7579e-010
10694	1.823e-010
10695	1.8473e-010
10696	1.8838e-010
10697	1.9465e-010
10698	1.9882e-010
10699	2.0095e-010
10700	2.0804e-010
10701	2.1245e-010
10702	2.1686e-010
10703	2.2032e-010
10704	2.2648e-010
10705	2.3216e-010
10706	2.3751e-010
10707	2.4272e-010
10708	2.4753e-010
10709	2.5373e-010
10710	2.5827e-010
10711	2.713e-010
10712	2.859e-010
10713	2.7207e-010
10714	2.7252e-010
10715	2.9489e-010
10716	3.0554e-010
10717	3.0471e-010
10718	3.1293e-010
10719	3.2006e-010
10720	3.2765e-010
10721	3.3646e-010
10722	3.4449e-010
10723	3.4963e-010
10724	3.5647e-010
10725	3.7084e-010
10726	3.7176e-010
10727	3.5743e-010
10728	3.5116e-010
10729	3.4832e-010
10730	3.4141e-010
10731	3.3302e-010
10732	3.2616e-010
10733	3.1881e-010
10734	3.0977e-010
10735	3.063e-010
10736	2.9959e-010
10737	2.9344e-010
10738	2.8759e-010
10739	2.8191e-010
10740	2.7587e-010
10741	2.6814e-010
10742	2.6553e-010
10743	2.617e-010
10744	2.5782e-010
10745	2.5449e-010
10746	2.5237e-010
10747	2.4903e-010
10748	2.3927e-010
10749	2.4433e-010
10750	2.373e-010
10751	2.4484e-010
10752	2.2966e-010
10753	2.3259e-010
10754	2.3245e-010
10755	2.0801e-010
10756	2.0294e-010
10757	2.2976e-010
10758	2.0193e-010
10759	2.002e-010
10760	2.2805e-010
10761	2.167e-010
10762	2.3476e-010
10763	1.8434e-010
10764	1.9368e-010
10765	1.6823e-010
10766	1.5911e-010
10767	1.7456e-010
10768	1.5719e-010
10769	1.7397e-010
10770	1.5105e-010
10771	1.6098e-010
10772	1.4051e-010
10773	1.4296e-010
10774	1.3683e-010
10775	1.3033e-010
10776	1.5703e-010
10777	1.4707e-010
10778	1.5591e-010
10779	1.1271e-010
10780	1.1774e-010
10781	1.3824e-010
10782	1.2304e-010
10783	1.3678e-010
10784	1.5906e-010
10785	1.7719e-010
10786	2.2104e-010
10787	3.676e-010
10788	4.3364e-010
10789	4.7727e-010
10790	6.2669e-010
10791	7.7738e-011
10792	7.7922e-011
10793	7.6823e-011
10794	7.7968e-011
10795	8.0688e-011
10796	8.2088e-011
10797	8.4576e-011
10798	8.9882e-011
10799	9.1502e-011
10800	9.2716e-011
10801	9.3301e-011
10802	9.4773e-011
10803	9.7449e-011
10804	1.0083e-010
10805	1.0418e-010
10806	1.0984e-010
10807	1.1356e-010
10808	1.1614e-010
10809	1.1891e-010
10810	1.2129e-010
10811	1.2458e-010
10812	1.269e-010
10813	1.3016e-010
10814	1.3273e-010
10815	1.3635e-010
10816	1.3917e-010
10817	1.4221e-010
10818	1.4636e-010
10819	1.4886e-010
10820	1.534e-010
10821	1.5568e-010
10822	1.5922e-010
10823	1.6358e-010
10824	1.6643e-010
10825	1.7047e-010
10826	1.7467e-010
10827	1.7801e-010
10828	1.8252e-010
10829	1.8721e-010
10830	1.9101e-010
10831	1.9466e-010
10832	1.9979e-010
10833	2.0416e-010
10834	2.0905e-010
10835	2.1334e-010
10836	2.1811e-010
10837	2.2309e-010
10838	2.2866e-010
10839	2.3358e-010
10840	2.3901e-010
10841	2.4358e-010
10842	2.4781e-010
10843	2.5803e-010
10844	2.6868e-010
10845	2.6889e-010
10846	2.7158e-010
10847	2.8089e-010
10848	2.8731e-010
10849	2.9374e-010
10850	3.0019e-010
10851	3.0628e-010
10852	3.1467e-010
10853	3.2249e-010
10854	3.291e-010
10855	3.3692e-010
10856	3.3787e-010
10857	3.3034e-010
10858	3.2465e-010
10859	3.175e-010
10860	3.088e-010
10861	3.0422e-010
10862	2.9848e-010
10863	2.9324e-010
10864	2.847e-010
10865	2.8049e-010
10866	2.7297e-010
10867	2.6755e-010
10868	2.62e-010
10869	2.5695e-010
10870	2.5265e-010
10871	2.4686e-010
10872	2.4374e-010
10873	2.3998e-010
10874	2.3525e-010
10875	2.2643e-010
10876	2.266e-010
10877	2.3022e-010
10878	2.2753e-010
10879	2.2434e-010
10880	2.0768e-010
10881	2.1874e-010
10882	2.2862e-010
10883	2.0859e-010
10884	2.0036e-010
10885	2.0143e-010
10886	1.8799e-010
10887	1.9481e-010
10888	2.0258e-010
10889	1.778e-010
10890	1.9417e-010
10891	2.2787e-010
10892	1.9405e-010
10893	1.8925e-010
10894	1.646e-010
10895	1.5013e-010
10896	1.5178e-010
10897	1.484e-010
10898	1.5496e-010
10899	1.4649e-010
10900	1.4841e-010
10901	1.3695e-010
10902	1.3124e-010
10903	1.2609e-010
10904	1.1926e-010
10905	1.2033e-010
10906	1.3251e-010
10907	1.5422e-010
10908	1.2764e-010
10909	1.0967e-010
10910	1.0066e-010
10911	1.1685e-010
10912	1.2606e-010
10913	1.1239e-010
10914	1.4245e-010
10915	1.4996e-010
10916	2.2985e-010
10917	3.701e-010
10918	4.682e-010
10919	4.952e-010
10920	7.2381e-010
10921	7.7821e-011
10922	7.8029e-011
10923	7.6929e-011
10924	7.8065e-011
10925	8.0789e-011
10926	8.2186e-011
10927	8.4671e-011
10928	8.9967e-011
10929	9.1587e-011
10930	9.2797e-011
10931	9.3363e-011
10932	9.4846e-011
10933	9.7537e-011
10934	1.0092e-010
10935	1.0424e-010
10936	1.0985e-010
10937	1.1356e-010
10938	1.1611e-010
10939	1.1888e-010
10940	1.2136e-010
10941	1.2473e-010
10942	1.2702e-010
10943	1.3024e-010
10944	1.3281e-010
10945	1.3638e-010
10946	1.3917e-010
10947	1.4218e-010
10948	1.4633e-010
10949	1.489e-010
10950	1.5352e-010
10951	1.5581e-010
10952	1.5928e-010
10953	1.6363e-010
10954	1.665e-010
10955	1.7059e-010
10956	1.7487e-010
10957	1.7824e-010
10958	1.827e-010
10959	1.874e-010
10960	1.9107e-010
10961	1.9464e-010
10962	1.9979e-010
10963	2.0418e-010
10964	2.0909e-010
10965	2.1331e-010
10966	2.1807e-010
10967	2.2313e-010
10968	2.2875e-010
10969	2.3377e-010
10970	2.3916e-010
10971	2.4373e-010
10972	2.479e-010
10973	2.5819e-010
10974	2.6901e-010
10975	2.6906e-010
10976	2.719e-010
10977	2.8123e-010
10978	2.8765e-010
10979	2.9425e-010
10980	3.0059e-010
10981	3.0661e-010
10982	3.151e-010
10983	3.2291e-010
10984	3.2956e-010
10985	3.3737e-010
10986	3.3835e-010
10987	3.3092e-010
10988	3.2536e-010
10989	3.1784e-010
10990	3.0914e-010
10991	3.0453e-010
10992	2.9888e-010
10993	2.9348e-010
10994	2.8495e-010
10995	2.8078e-010
10996	2.7308e-010
10997	2.6781e-010
10998	2.6226e-010
10999	2.5702e-010
11000	2.5296e-010
11001	2.4722e-010
11002	2.4384e-010
11003	2.3989e-010
11004	2.3523e-010
11005	2.264e-010
11006	2.2648e-010
11007	2.3109e-010
11008	2.2737e-010
11009	2.2508e-010
11010	2.0735e-010
11011	2.1864e-010
11012	2.2854e-010
11013	2.0867e-010
11014	2.0036e-010
11015	2.0138e-010
11016	1.879e-010
11017	1.9474e-010
11018	2.0259e-010
11019	1.7784e-010
11020	1.9424e-010
11021	2.28e-010
11022	1.9421e-010
11023	1.8937e-010
11024	1.6474e-010
11025	1.5026e-010
11026	1.519e-010
11027	1.4857e-010
11028	1.5515e-010
11029	1.4665e-010
11030	1.4859e-010
11031	1.3714e-010
11032	1.3141e-010
11033	1.2628e-010
11034	1.1947e-010
11035	1.2051e-010
11036	1.3265e-010
11037	1.5427e-010
11038	1.2768e-010
11039	1.0967e-010
11040	1.0063e-010
11041	1.1686e-010
11042	1.2607e-010
11043	1.1242e-010
11044	1.4253e-010
11045	1.5003e-010
11046	2.2991e-010
11047	3.7014e-010
11048	4.6827e-010
11049	4.9524e-010
11050	7.2383e-010
11051	8.6374e-011
11052	8.7198e-011
11053	8.8582e-011
11054	8.9018e-011
11055	9.1612e-011
11056	9.3335e-011
11057	9.7512e-011
11058	1.0549e-010
11059	1.0478e-010
11060	1.0977e-010
11061	1.093e-010
11062	1.0818e-010
11063	1.1342e-010
11064	1.1135e-010
11065	1.1829e-010
11066	1.1982e-010
11067	1.2363e-010
11068	1.2623e-010
11069	1.2853e-010
11070	1.3284e-010
11071	1.3389e-010
11072	1.3927e-010
11073	1.4033e-010
11074	1.4544e-010
11075	1.4729e-010
11076	1.5132e-010
11077	1.5549e-010
11078	1.5707e-010
11079	1.6409e-010
11080	1.641e-010
11081	1.7075e-010
11082	1.7344e-010
11083	1.7593e-010
11084	1.8244e-010
11085	1.8489e-010
11086	1.886e-010
11087	1.9488e-010
11088	1.9902e-010
11089	2.0113e-010
11090	2.081e-010
11091	2.1258e-010
11092	2.1689e-010
11093	2.2039e-010
11094	2.2652e-010
11095	2.3209e-010
11096	2.3752e-010
11097	2.4278e-010
11098	2.477e-010
11099	2.5405e-010
11100	2.5875e-010
11101	2.7145e-010
11102	2.8602e-010
11103	2.7229e-010
11104	2.7274e-010
11105	2.9554e-010
11106	3.0586e-010
11107	3.0536e-010
11108	3.1365e-010
11109	3.2081e-010
11110	3.2824e-010
11111	3.3712e-010
11112	3.4531e-010
11113	3.5053e-010
11114	3.5717e-010
11115	3.7171e-010
11116	3.726e-010
11117	3.5825e-010
11118	3.5216e-010
11119	3.4894e-010
11120	3.4173e-010
11121	3.3352e-010
11122	3.2661e-010
11123	3.1937e-010
11124	3.1016e-010
11125	3.0653e-010
11126	2.9982e-010
11127	2.9363e-010
11128	2.8794e-010
11129	2.8227e-010
11130	2.7701e-010
11131	2.6769e-010
11132	2.6631e-010
11133	2.616e-010
11134	2.5782e-010
11135	2.5446e-010
11136	2.5263e-010
11137	2.5068e-010
11138	2.3873e-010
11139	2.4576e-010
11140	2.3729e-010
11141	2.4471e-010
11142	2.2956e-010
11143	2.325e-010
11144	2.3234e-010
11145	2.0793e-010
11146	2.0285e-010
11147	2.2971e-010
11148	2.0195e-010
11149	2.0026e-010
11150	2.2808e-010
11151	2.1694e-010
11152	2.35e-010
11153	1.8459e-010
11154	1.9387e-010
11155	1.6845e-010
11156	1.594e-010
11157	1.7483e-010
11158	1.574e-010
11159	1.7428e-010
11160	1.5136e-010
11161	1.6129e-010
11162	1.4088e-010
11163	1.4327e-010
11164	1.3712e-010
11165	1.3059e-010
11166	1.5715e-010
11167	1.4706e-010
11168	1.5587e-010
11169	1.1265e-010
11170	1.1769e-010
11171	1.3818e-010
11172	1.2304e-010
11173	1.3677e-010
11174	1.5912e-010
11175	1.7728e-010
11176	2.2119e-010
11177	3.6772e-010
11178	4.3386e-010
11179	4.7734e-010
11180	6.2664e-010
11181	7.7821e-011
11182	7.8029e-011
11183	7.6928e-011
11184	7.8064e-011
11185	8.0796e-011
11186	8.2194e-011
11187	8.4671e-011
11188	8.9968e-011
11189	9.1587e-011
11190	9.2797e-011
11191	9.3365e-011
11192	9.4848e-011
11193	9.7537e-011
11194	1.0092e-010
11195	1.0424e-010
11196	1.0985e-010
11197	1.1356e-010
11198	1.1612e-010
11199	1.1888e-010
11200	1.2136e-010
11201	1.2473e-010
11202	1.2702e-010
11203	1.3025e-010
11204	1.328e-010
11205	1.3638e-010
11206	1.3917e-010
11207	1.4218e-010
11208	1.4633e-010
11209	1.4889e-010
11210	1.5351e-010
11211	1.5581e-010
11212	1.5928e-010
11213	1.6363e-010
11214	1.665e-010
11215	1.7059e-010
11216	1.7487e-010
11217	1.7824e-010
11218	1.8271e-010
11219	1.874e-010
11220	1.9107e-010
11221	1.9464e-010
11222	1.9979e-010
11223	2.0418e-010
11224	2.0909e-010
11225	2.1331e-010
11226	2.1807e-010
11227	2.2313e-010
11228	2.2875e-010
11229	2.3376e-010
11230	2.3916e-010
11231	2.4373e-010
11232	2.479e-010
11233	2.5819e-010
11234	2.6901e-010
11235	2.6906e-010
11236	2.719e-010
11237	2.8123e-010
11238	2.8765e-010
11239	2.9425e-010
11240	3.0059e-010
11241	3.0661e-010
11242	3.1509e-010
11243	3.229e-010
11244	3.2957e-010
11245	3.3741e-010
11246	3.3834e-010
11247	3.3092e-010
11248	3.2536e-010
11249	3.1784e-010
11250	3.0913e-010
11251	3.0458e-010
11252	2.9889e-010
11253	2.9348e-010
11254	2.8495e-010
11255	2.8081e-010
11256	2.7308e-010
11257	2.6781e-010
11258	2.6224e-010
11259	2.5708e-010
11260	2.5299e-010
11261	2.4758e-010
11262	2.4394e-010
11263	2.3993e-010
11264	2.3524e-010
11265	2.2645e-010
11266	2.2669e-010
11267	2.3167e-010
11268	2.2925e-010
11269	2.2585e-010
11270	2.0751e-010
11271	2.188e-010
11272	2.2869e-010
11273	2.0873e-010
11274	2.0038e-010
11275	2.0139e-010
11276	1.879e-010
11277	1.9476e-010
11278	2.0259e-010
11279	1.7787e-010
11280	1.9424e-010
11281	2.28e-010
11282	1.9421e-010
11283	1.8937e-010
11284	1.6474e-010
11285	1.5026e-010
11286	1.5192e-010
11287	1.4857e-010
11288	1.5515e-010
11289	1.4665e-010
11290	1.4859e-010
11291	1.3714e-010
11292	1.3141e-010
11293	1.263e-010
11294	1.1947e-010
11295	1.2051e-010
11296	1.3265e-010
11297	1.5427e-010
11298	1.2768e-010
11299	1.0967e-010
11300	1.0063e-010
11301	1.1686e-010
11302	1.2606e-010
11303	1.1242e-010
11304	1.4253e-010
11305	1.5003e-010
11306	2.2991e-010
11307	3.7014e-010
11308	4.6827e-010
11309	4.9524e-010
11310	7.2383e-010
11311	7.7736e-011
11312	7.7932e-011
11313	7.6821e-011
11314	7.7968e-011
11315	8.0687e-011
11316	8.2097e-011
11317	8.4575e-011
11318	8.988e-011
11319	9.1502e-011
11320	9.2716e-011
11321	9.3297e-011
11322	9.4774e-011
11323	9.7448e-011
11324	1.0082e-010
11325	1.0417e-010
11326	1.0984e-010
11327	1.1356e-010
11328	1.1616e-010
11329	1.1891e-010
11330	1.2129e-010
11331	1.2459e-010
11332	1.269e-010
11333	1.3016e-010
11334	1.3275e-010
11335	1.3635e-010
11336	1.3919e-010
11337	1.4221e-010
11338	1.4636e-010
11339	1.4886e-010
11340	1.534e-010
11341	1.5568e-010
11342	1.5922e-010
11343	1.6358e-010
11344	1.6643e-010
11345	1.7047e-010
11346	1.7468e-010
11347	1.7802e-010
11348	1.8253e-010
11349	1.8719e-010
11350	1.9101e-010
11351	1.9464e-010
11352	1.9979e-010
11353	2.0417e-010
11354	2.0907e-010
11355	2.1333e-010
11356	2.1812e-010
11357	2.2309e-010
11358	2.2866e-010
11359	2.3358e-010
11360	2.3901e-010
11361	2.4358e-010
11362	2.4781e-010
11363	2.5802e-010
11364	2.6871e-010
11365	2.6889e-010
11366	2.7157e-010
11367	2.8091e-010
11368	2.873e-010
11369	2.9374e-010
11370	3.0018e-010
11371	3.0628e-010
11372	3.1467e-010
11373	3.2249e-010
11374	3.2909e-010
11375	3.3697e-010
11376	3.3786e-010
11377	3.3034e-010
11378	3.2469e-010
11379	3.1749e-010
11380	3.0884e-010
11381	3.042e-010
11382	2.9851e-010
11383	2.9324e-010
11384	2.847e-010
11385	2.8047e-010
11386	2.7304e-010
11387	2.6757e-010
11388	2.6207e-010
11389	2.5673e-010
11390	2.5324e-010
11391	2.4731e-010
11392	2.4438e-010
11393	2.3985e-010
11394	2.3531e-010
11395	2.264e-010
11396	2.2655e-010
11397	2.3203e-010
11398	2.2908e-010
11399	2.2642e-010
11400	2.0769e-010
11401	2.1876e-010
11402	2.2904e-010
11403	2.0856e-010
11404	2.0047e-010
11405	2.0138e-010
11406	1.8799e-010
11407	1.948e-010
11408	2.0258e-010
11409	1.778e-010
11410	1.9415e-010
11411	2.2788e-010
11412	1.9405e-010
11413	1.8925e-010
11414	1.646e-010
11415	1.5013e-010
11416	1.5178e-010
11417	1.484e-010
11418	1.5496e-010
11419	1.4649e-010
11420	1.4841e-010
11421	1.3694e-010
11422	1.3124e-010
11423	1.2609e-010
11424	1.1926e-010
11425	1.2033e-010
11426	1.3251e-010
11427	1.5423e-010
11428	1.2764e-010
11429	1.0967e-010
11430	1.0066e-010
11431	1.1685e-010
11432	1.2606e-010
11433	1.1239e-010
11434	1.4247e-010
11435	1.4996e-010
11436	2.2985e-010
11437	3.7009e-010
11438	4.682e-010
11439	4.952e-010
11440	7.2381e-010
11441	8.6169e-011
11442	8.696e-011
11443	8.8396e-011
11444	8.8838e-011
11445	9.1464e-011
11446	9.3147e-011
11447	9.7358e-011
11448	1.0532e-010
11449	1.0463e-010
11450	1.0964e-010
11451	1.0913e-010
11452	1.0811e-010
11453	1.1334e-010
11454	1.112e-010
11455	1.1817e-010
11456	1.1975e-010
11457	1.2359e-010
11458	1.2627e-010
11459	1.2847e-010
11460	1.3271e-010
11461	1.3371e-010
11462	1.3904e-010
11463	1.4013e-010
11464	1.4526e-010
11465	1.4721e-010
11466	1.513e-010
11467	1.5553e-010
11468	1.5704e-010
11469	1.6387e-010
11470	1.6384e-010
11471	1.7061e-010
11472	1.7334e-010
11473	1.7579e-010
11474	1.823e-010
11475	1.8475e-010
11476	1.8839e-010
11477	1.947e-010
11478	1.988e-010
11479	2.0094e-010
11480	2.0802e-010
11481	2.1244e-010
11482	2.1686e-010
11483	2.2032e-010
11484	2.2648e-010
11485	2.3215e-010
11486	2.3751e-010
11487	2.4272e-010
11488	2.4753e-010
11489	2.5374e-010
11490	2.5826e-010
11491	2.7131e-010
11492	2.8591e-010
11493	2.7203e-010
11494	2.7253e-010
11495	2.949e-010
11496	3.0555e-010
11497	3.0473e-010
11498	3.1295e-010
11499	3.2004e-010
11500	3.2763e-010
11501	3.3646e-010
11502	3.445e-010
11503	3.4953e-010
11504	3.5651e-010
11505	3.7081e-010
11506	3.7177e-010
11507	3.5745e-010
11508	3.5118e-010
11509	3.483e-010
11510	3.4139e-010
11511	3.3298e-010
11512	3.2617e-010
11513	3.1879e-010
11514	3.0979e-010
11515	3.0634e-010
11516	2.9964e-010
11517	2.9345e-010
11518	2.8754e-010
11519	2.8192e-010
11520	2.7716e-010
11521	2.6667e-010
11522	2.6685e-010
11523	2.6171e-010
11524	2.5782e-010
11525	2.5438e-010
11526	2.5232e-010
11527	2.5195e-010
11528	2.3831e-010
11529	2.4733e-010
11530	2.3722e-010
11531	2.4495e-010
11532	2.3021e-010
11533	2.328e-010
11534	2.3237e-010
11535	2.08e-010
11536	2.0291e-010
11537	2.2976e-010
11538	2.0193e-010
11539	2.002e-010
11540	2.2804e-010
11541	2.1672e-010
11542	2.3476e-010
11543	1.8435e-010
11544	1.9367e-010
11545	1.6824e-010
11546	1.5911e-010
11547	1.7456e-010
11548	1.5719e-010
11549	1.7397e-010
11550	1.5106e-010
11551	1.6097e-010
11552	1.4051e-010
11553	1.4296e-010
11554	1.3684e-010
11555	1.3034e-010
11556	1.5704e-010
11557	1.4705e-010
11558	1.5591e-010
11559	1.1272e-010
11560	1.1774e-010
11561	1.3824e-010
11562	1.2304e-010
11563	1.3678e-010
11564	1.5907e-010
11565	1.7719e-010
11566	2.2104e-010
11567	3.6758e-010
11568	4.3365e-010
11569	4.7727e-010
11570	6.2669e-010
11571	7.7718e-011
11572	7.7926e-011
11573	7.6816e-011
11574	7.7965e-011
11575	8.0704e-011
11576	8.2114e-011
11577	8.4589e-011
11578	8.9861e-011
11579	9.1489e-011
11580	9.2695e-011
11581	9.3311e-011
11582	9.479e-011
11583	9.7465e-011
11584	1.008e-010
11585	1.0415e-010
11586	1.0982e-010
11587	1.1356e-010
11588	1.1618e-010
11589	1.1895e-010
11590	1.213e-010
11591	1.246e-010
11592	1.2695e-010
11593	1.3017e-010
11594	1.3277e-010
11595	1.3636e-010
11596	1.3917e-010
11597	1.4217e-010
11598	1.463e-010
11599	1.4878e-010
11600	1.533e-010
11601	1.5564e-010
11602	1.5921e-010
11603	1.6357e-010
11604	1.6645e-010
11605	1.7049e-010
11606	1.7464e-010
11607	1.7801e-010
11608	1.8252e-010
11609	1.8719e-010
11610	1.9094e-010
11611	1.9464e-010
11612	1.9982e-010
11613	2.0421e-010
11614	2.0908e-010
11615	2.1337e-010
11616	2.1809e-010
11617	2.2314e-010
11618	2.2866e-010
11619	2.3362e-010
11620	2.3893e-010
11621	2.435e-010
11622	2.4773e-010
11623	2.58e-010
11624	2.6874e-010
11625	2.6891e-010
11626	2.7165e-010
11627	2.8076e-010
11628	2.8725e-010
11629	2.9378e-010
11630	3.0009e-010
11631	3.0621e-010
11632	3.1443e-010
11633	3.2237e-010
11634	3.2902e-010
11635	3.3685e-010
11636	3.3774e-010
11637	3.3026e-010
11638	3.246e-010
11639	3.1748e-010
11640	3.0887e-010
11641	3.0405e-010
11642	2.9839e-010
11643	2.9309e-010
11644	2.8467e-010
11645	2.8048e-010
11646	2.7292e-010
11647	2.6746e-010
11648	2.6198e-010
11649	2.5686e-010
11650	2.5277e-010
11651	2.4748e-010
11652	2.4391e-010
11653	2.399e-010
11654	2.3526e-010
11655	2.2639e-010
11656	2.265e-010
11657	2.3214e-010
11658	2.2906e-010
11659	2.2648e-010
11660	2.0766e-010
11661	2.1878e-010
11662	2.2897e-010
11663	2.0862e-010
11664	2.0053e-010
11665	2.0138e-010
11666	1.8802e-010
11667	1.9481e-010
11668	2.0252e-010
11669	1.7782e-010
11670	1.9423e-010
11671	2.2787e-010
11672	1.941e-010
11673	1.8921e-010
11674	1.6459e-010
11675	1.501e-010
11676	1.5175e-010
11677	1.4837e-010
11678	1.5489e-010
11679	1.4648e-010
11680	1.4833e-010
11681	1.369e-010
11682	1.312e-010
11683	1.2603e-010
11684	1.1924e-010
11685	1.2028e-010
11686	1.3251e-010
11687	1.5424e-010
11688	1.2768e-010
11689	1.0965e-010
11690	1.007e-010
11691	1.1683e-010
11692	1.2601e-010
11693	1.1239e-010
11694	1.4246e-010
11695	1.4994e-010
11696	2.2979e-010
11697	3.701e-010
11698	4.6815e-010
11699	4.9519e-010
11700	7.2374e-010
11701	7.7719e-011
11702	7.7929e-011
11703	7.682e-011
11704	7.7968e-011
11705	8.0705e-011
11706	8.2114e-011
11707	8.4589e-011
11708	8.9861e-011
11709	9.1489e-011
11710	9.2696e-011
11711	9.3303e-011
11712	9.4791e-011
11713	9.7465e-011
11714	1.008e-010
11715	1.0415e-010
11716	1.0982e-010
11717	1.1356e-010
11718	1.1618e-010
11719	1.1895e-010
11720	1.213e-010
11721	1.246e-010
11722	1.2694e-010
11723	1.3018e-010
11724	1.3277e-010
11725	1.3636e-010
11726	1.3917e-010
11727	1.4217e-010
11728	1.4631e-010
11729	1.4879e-010
11730	1.5331e-010
11731	1.5564e-010
11732	1.5922e-010
11733	1.6354e-010
11734	1.6645e-010
11735	1.7049e-010
11736	1.7464e-010
11737	1.7801e-010
11738	1.8251e-010
11739	1.8719e-010
11740	1.9094e-010
11741	1.9464e-010
11742	1.9983e-010
11743	2.0422e-010
11744	2.0906e-010
11745	2.1337e-010
11746	2.1809e-010
11747	2.2314e-010
11748	2.2867e-010
11749	2.3363e-010
11750	2.3893e-010
11751	2.435e-010
11752	2.4773e-010
11753	2.58e-010
11754	2.6874e-010
11755	2.6891e-010
11756	2.7165e-010
11757	2.8076e-010
11758	2.8725e-010
11759	2.9379e-010
11760	3.0009e-010
11761	3.0621e-010
11762	3.1443e-010
11763	3.2237e-010
11764	3.2903e-010
11765	3.3682e-010
11766	3.3775e-010
11767	3.3023e-010
11768	3.2461e-010
11769	3.1748e-010
11770	3.0887e-010
11771	3.0405e-010
11772	2.9839e-010
11773	2.931e-010
11774	2.8463e-010
11775	2.8049e-010
11776	2.7292e-010
11777	2.6747e-010
11778	2.6194e-010
11779	2.5683e-010
11780	2.5313e-010
11781	2.4623e-010
11782	2.4423e-010
11783	2.3989e-010
11784	2.3525e-010
11785	2.2637e-010
11786	2.2646e-010
11787	2.3211e-010
11788	2.2899e-010
11789	2.2641e-010
11790	2.0763e-010
11791	2.1877e-010
11792	2.2897e-010
11793	2.0866e-010
11794	2.0051e-010
11795	2.0137e-010
11796	1.8802e-010
11797	1.9481e-010
11798	2.0252e-010
11799	1.7782e-010
11800	1.9423e-010
11801	2.2787e-010
11802	1.941e-010
11803	1.8921e-010
11804	1.646e-010
11805	1.5011e-010
11806	1.5175e-010
11807	1.4837e-010
11808	1.5489e-010
11809	1.4648e-010
11810	1.4833e-010
11811	1.369e-010
11812	1.312e-010
11813	1.2603e-010
11814	1.1924e-010
11815	1.2028e-010
11816	1.3252e-010
11817	1.5424e-010
11818	1.2768e-010
11819	1.0965e-010
11820	1.007e-010
11821	1.1683e-010
11822	1.2601e-010
11823	1.1239e-010
11824	1.4246e-010
11825	1.4994e-010
11826	2.2979e-010
11827	3.701e-010
11828	4.6815e-010
11829	4.9519e-010
11830	7.2374e-010
11831	8.618e-011
11832	8.6952e-011
11833	8.8389e-011
11834	8.8834e-011
11835	9.146e-011
11836	9.3145e-011
11837	9.7355e-011
11838	1.0536e-010
11839	1.0462e-010
11840	1.0964e-010
11841	1.0912e-010
11842	1.0811e-010
11843	1.1334e-010
11844	1.1119e-010
11845	1.1819e-010
11846	1.1974e-010
11847	1.2359e-010
11848	1.2627e-010
11849	1.2848e-010
11850	1.3271e-010
11851	1.3371e-010
11852	1.3903e-010
11853	1.4013e-010
11854	1.4528e-010
11855	1.472e-010
11856	1.513e-010
11857	1.5553e-010
11858	1.5704e-010
11859	1.6386e-010
11860	1.6383e-010
11861	1.7061e-010
11862	1.7334e-010
11863	1.7578e-010
11864	1.8229e-010
11865	1.8474e-010
11866	1.8839e-010
11867	1.947e-010
11868	1.988e-010
11869	2.0093e-010
11870	2.0801e-010
11871	2.1243e-010
11872	2.1688e-010
11873	2.2034e-010
11874	2.2646e-010
11875	2.3213e-010
11876	2.3752e-010
11877	2.4272e-010
11878	2.4753e-010
11879	2.5374e-010
11880	2.5825e-010
11881	2.7131e-010
11882	2.8591e-010
11883	2.7207e-010
11884	2.7252e-010
11885	2.949e-010
11886	3.0555e-010
11887	3.0473e-010
11888	3.1295e-010
11889	3.2003e-010
11890	3.2762e-010
11891	3.3646e-010
11892	3.445e-010
11893	3.4959e-010
11894	3.5649e-010
11895	3.7084e-010
11896	3.7176e-010
11897	3.5743e-010
11898	3.5116e-010
11899	3.4833e-010
11900	3.4138e-010
11901	3.3302e-010
11902	3.2616e-010
11903	3.1881e-010
11904	3.0977e-010
11905	3.0632e-010
11906	2.9962e-010
11907	2.9342e-010
11908	2.8769e-010
11909	2.8188e-010
11910	2.7581e-010
11911	2.6847e-010
11912	2.6553e-010
11913	2.6153e-010
11914	2.5796e-010
11915	2.544e-010
11916	2.5235e-010
11917	2.5185e-010
11918	2.3822e-010
11919	2.473e-010
11920	2.3724e-010
11921	2.4493e-010
11922	2.3028e-010
11923	2.3281e-010
11924	2.3238e-010
11925	2.0801e-010
11926	2.0286e-010
11927	2.2976e-010
11928	2.0193e-010
11929	2.0019e-010
11930	2.2804e-010
11931	2.1669e-010
11932	2.3478e-010
11933	1.8433e-010
11934	1.9368e-010
11935	1.6823e-010
11936	1.5913e-010
11937	1.7456e-010
11938	1.5719e-010
11939	1.7397e-010
11940	1.5106e-010
11941	1.6097e-010
11942	1.4051e-010
11943	1.4296e-010
11944	1.3684e-010
11945	1.3034e-010
11946	1.5704e-010
11947	1.4707e-010
11948	1.5591e-010
11949	1.1272e-010
11950	1.1774e-010
11951	1.3825e-010
11952	1.2304e-010
11953	1.3678e-010
11954	1.5906e-010
11955	1.7719e-010
11956	2.2104e-010
11957	3.676e-010
11958	4.3364e-010
11959	4.7727e-010
11960	6.2669e-010
11961	7.7737e-011
11962	7.7921e-011
11963	7.6822e-011
11964	7.7967e-011
11965	8.069e-011
11966	8.2088e-011
11967	8.4576e-011
11968	8.9882e-011
11969	9.1502e-011
11970	9.2716e-011
11971	9.3301e-011
11972	9.4771e-011
11973	9.7448e-011
11974	1.0083e-010
11975	1.0418e-010
11976	1.0983e-010
11977	1.1356e-010
11978	1.1616e-010
11979	1.1891e-010
11980	1.2129e-010
11981	1.2459e-010
11982	1.269e-010
11983	1.3016e-010
11984	1.3273e-010
11985	1.3635e-010
11986	1.3917e-010
11987	1.4221e-010
11988	1.4636e-010
11989	1.4886e-010
11990	1.534e-010
11991	1.5568e-010
11992	1.5922e-010
11993	1.6356e-010
11994	1.6644e-010
11995	1.7048e-010
11996	1.7468e-010
11997	1.7802e-010
11998	1.8253e-010
11999	1.872e-010
12000	1.9101e-010
12001	1.9464e-010
12002	1.9979e-010
12003	2.0417e-010
12004	2.0902e-010
12005	2.1334e-010
12006	2.1811e-010
12007	2.2309e-010
12008	2.2865e-010
12009	2.3358e-010
12010	2.3901e-010
12011	2.4358e-010
12012	2.4781e-010
12013	2.5803e-010
12014	2.6869e-010
12015	2.689e-010
12016	2.7158e-010
12017	2.8091e-010
12018	2.873e-010
12019	2.9373e-010
12020	3.0019e-010
12021	3.0628e-010
12022	3.1467e-010
12023	3.2249e-010
12024	3.291e-010
12025	3.3692e-010
12026	3.3787e-010
12027	3.3034e-010
12028	3.2465e-010
12029	3.175e-010
12030	3.088e-010
12031	3.0422e-010
12032	2.9848e-010
12033	2.9324e-010
12034	2.847e-010
12035	2.8048e-010
12036	2.7296e-010
12037	2.676e-010
12038	2.6204e-010
12039	2.5692e-010
12040	2.5272e-010
12041	2.4684e-010
12042	2.4376e-010
12043	2.3992e-010
12044	2.3528e-010
12045	2.2645e-010
12046	2.2662e-010
12047	2.3205e-010
12048	2.2882e-010
12049	2.264e-010
12050	2.0772e-010
12051	2.1883e-010
12052	2.29e-010
12053	2.0867e-010
12054	2.0051e-010
12055	2.0136e-010
12056	1.88e-010
12057	1.948e-010
12058	2.0258e-010
12059	1.778e-010
12060	1.9417e-010
12061	2.2787e-010
12062	1.9407e-010
12063	1.8925e-010
12064	1.6461e-010
12065	1.5013e-010
12066	1.5178e-010
12067	1.484e-010
12068	1.5495e-010
12069	1.4649e-010
12070	1.4841e-010
12071	1.3695e-010
12072	1.3124e-010
12073	1.2609e-010
12074	1.1926e-010
12075	1.2033e-010
12076	1.3251e-010
12077	1.5422e-010
12078	1.2764e-010
12079	1.0967e-010
12080	1.0066e-010
12081	1.1685e-010
12082	1.2605e-010
12083	1.1238e-010
12084	1.4245e-010
12085	1.4996e-010
12086	2.2985e-010
12087	3.701e-010
12088	4.682e-010
12089	4.952e-010
12090	7.238e-010
12091	7.7818e-011
12092	7.8017e-011
12093	7.6933e-011
12094	7.807e-011
12095	8.079e-011
12096	8.2188e-011
12097	8.4667e-011
12098	8.9965e-011
12099	9.1588e-011
12100	9.2798e-011
12101	9.3364e-011
12102	9.4845e-011
12103	9.7536e-011
12104	1.0092e-010
12105	1.0425e-010
12106	1.0986e-010
12107	1.1356e-010
12108	1.1612e-010
12109	1.1886e-010
12110	1.2136e-010
12111	1.2474e-010
12112	1.2703e-010
12113	1.3023e-010
12114	1.3282e-010
12115	1.3638e-010
12116	1.3918e-010
12117	1.4215e-010
12118	1.4634e-010
12119	1.4891e-010
12120	1.5353e-010
12121	1.5581e-010
12122	1.5928e-010
12123	1.6362e-010
12124	1.6648e-010
12125	1.7055e-010
12126	1.7487e-010
12127	1.7824e-010
12128	1.8272e-010
12129	1.874e-010
12130	1.9108e-010
12131	1.9466e-010
12132	1.9977e-010
12133	2.042e-010
12134	2.0908e-010
12135	2.1331e-010
12136	2.1808e-010
12137	2.2316e-010
12138	2.2877e-010
12139	2.3377e-010
12140	2.3914e-010
12141	2.4371e-010
12142	2.4791e-010
12143	2.5817e-010
12144	2.6901e-010
12145	2.6906e-010
12146	2.719e-010
12147	2.812e-010
12148	2.8766e-010
12149	2.9426e-010
12150	3.006e-010
12151	3.0658e-010
12152	3.1511e-010
12153	3.2293e-010
12154	3.2958e-010
12155	3.3734e-010
12156	3.3836e-010
12157	3.3089e-010
12158	3.2532e-010
12159	3.1785e-010
12160	3.0914e-010
12161	3.0453e-010
12162	2.9888e-010
12163	2.9348e-010
12164	2.8495e-010
12165	2.8078e-010
12166	2.7308e-010
12167	2.6782e-010
12168	2.6228e-010
12169	2.5707e-010
12170	2.5281e-010
12171	2.4683e-010
12172	2.4371e-010
12173	2.3991e-010
12174	2.3524e-010
12175	2.2644e-010
12176	2.2652e-010
12177	2.3248e-010
12178	2.2854e-010
12179	2.266e-010
12180	2.0741e-010
12181	2.1873e-010
12182	2.2889e-010
12183	2.0865e-010
12184	2.0054e-010
12185	2.0135e-010
12186	1.8792e-010
12187	1.9476e-010
12188	2.0259e-010
12189	1.7785e-010
12190	1.9425e-010
12191	2.2799e-010
12192	1.9418e-010
12193	1.8938e-010
12194	1.6472e-010
12195	1.5026e-010
12196	1.5191e-010
12197	1.4857e-010
12198	1.5515e-010
12199	1.4665e-010
12200	1.4859e-010
12201	1.3715e-010
12202	1.3141e-010
12203	1.2628e-010
12204	1.1947e-010
12205	1.2051e-010
12206	1.3265e-010
12207	1.5427e-010
12208	1.2769e-010
12209	1.0967e-010
12210	1.0064e-010
12211	1.1682e-010
12212	1.2607e-010
12213	1.1242e-010
12214	1.4252e-010
12215	1.5004e-010
12216	2.2992e-010
12217	3.7015e-010
12218	4.6827e-010
12219	4.9525e-010
12220	7.2387e-010
12221	8.6371e-011
12222	8.719e-011
12223	8.861e-011
12224	8.9e-011
12225	9.1666e-011
12226	9.3322e-011
12227	9.7521e-011
12228	1.055e-010
12229	1.0481e-010
12230	1.0976e-010
12231	1.0929e-010
12232	1.0818e-010
12233	1.1341e-010
12234	1.1135e-010
12235	1.1833e-010
12236	1.1983e-010
12237	1.2365e-010
12238	1.2623e-010
12239	1.2852e-010
12240	1.3283e-010
12241	1.3387e-010
12242	1.3926e-010
12243	1.4031e-010
12244	1.4545e-010
12245	1.4731e-010
12246	1.5135e-010
12247	1.5552e-010
12248	1.5707e-010
12249	1.6406e-010
12250	1.6411e-010
12251	1.7073e-010
12252	1.7343e-010
12253	1.759e-010
12254	1.8242e-010
12255	1.8487e-010
12256	1.8859e-010
12257	1.9492e-010
12258	1.9902e-010
12259	2.0112e-010
12260	2.0809e-010
12261	2.1255e-010
12262	2.1693e-010
12263	2.2034e-010
12264	2.2662e-010
12265	2.3207e-010
12266	2.3749e-010
12267	2.4278e-010
12268	2.4776e-010
12269	2.5403e-010
12270	2.5872e-010
12271	2.7142e-010
12272	2.8599e-010
12273	2.7228e-010
12274	2.7274e-010
12275	2.9554e-010
12276	3.0585e-010
12277	3.0533e-010
12278	3.138e-010
12279	3.2078e-010
12280	3.2822e-010
12281	3.3709e-010
12282	3.4532e-010
12283	3.5057e-010
12284	3.5724e-010
12285	3.7168e-010
12286	3.7266e-010
12287	3.5827e-010
12288	3.5216e-010
12289	3.4892e-010
12290	3.4172e-010
12291	3.3352e-010
12292	3.266e-010
12293	3.1935e-010
12294	3.1027e-010
12295	3.0651e-010
12296	2.9981e-010
12297	2.9362e-010
12298	2.8793e-010
12299	2.8228e-010
12300	2.761e-010
12301	2.6814e-010
12302	2.6539e-010
12303	2.6159e-010
12304	2.5775e-010
12305	2.5446e-010
12306	2.5268e-010
12307	2.5199e-010
12308	2.3815e-010
12309	2.472e-010
12310	2.3721e-010
12311	2.4482e-010
12312	2.3008e-010
12313	2.3264e-010
12314	2.3228e-010
12315	2.0796e-010
12316	2.0282e-010
12317	2.2972e-010
12318	2.0193e-010
12319	2.0024e-010
12320	2.2814e-010
12321	2.1691e-010
12322	2.3499e-010
12323	1.8457e-010
12324	1.9387e-010
12325	1.6844e-010
12326	1.5938e-010
12327	1.7482e-010
12328	1.574e-010
12329	1.7428e-010
12330	1.5135e-010
12331	1.6129e-010
12332	1.4088e-010
12333	1.4326e-010
12334	1.3715e-010
12335	1.3057e-010
12336	1.5715e-010
12337	1.471e-010
12338	1.5587e-010
12339	1.1263e-010
12340	1.1768e-010
12341	1.3819e-010
12342	1.2302e-010
12343	1.3676e-010
12344	1.5911e-010
12345	1.7727e-010
12346	2.2117e-010
12347	3.6771e-010
12348	4.3384e-010
12349	4.7738e-010
12350	6.2663e-010
12351	7.7822e-011
12352	7.8011e-011
12353	7.6934e-011
12354	7.8072e-011
12355	8.0788e-011
12356	8.2187e-011
12357	8.4668e-011
12358	8.9966e-011
12359	9.1596e-011
12360	9.2795e-011
12361	9.3362e-011
12362	9.485e-011
12363	9.7537e-011
12364	1.0092e-010
12365	1.0425e-010
12366	1.0986e-010
12367	1.1356e-010
12368	1.1612e-010
12369	1.1886e-010
12370	1.2137e-010
12371	1.2472e-010
12372	1.2703e-010
12373	1.3023e-010
12374	1.3282e-010
12375	1.3639e-010
12376	1.3918e-010
12377	1.4215e-010
12378	1.4634e-010
12379	1.4888e-010
12380	1.5353e-010
12381	1.5581e-010
12382	1.5928e-010
12383	1.6363e-010
12384	1.6648e-010
12385	1.7056e-010
12386	1.7487e-010
12387	1.7824e-010
12388	1.8272e-010
12389	1.874e-010
12390	1.9108e-010
12391	1.9466e-010
12392	1.9977e-010
12393	2.0421e-010
12394	2.0908e-010
12395	2.1332e-010
12396	2.1809e-010
12397	2.2316e-010
12398	2.2878e-010
12399	2.3379e-010
12400	2.3914e-010
12401	2.4367e-010
12402	2.479e-010
12403	2.5817e-010
12404	2.6902e-010
12405	2.6906e-010
12406	2.719e-010
12407	2.812e-010
12408	2.8766e-010
12409	2.9426e-010
12410	3.006e-010
12411	3.0654e-010
12412	3.1512e-010
12413	3.2293e-010
12414	3.2958e-010
12415	3.3733e-010
12416	3.3837e-010
12417	3.309e-010
12418	3.2533e-010
12419	3.1785e-010
12420	3.0914e-010
12421	3.0453e-010
12422	2.9889e-010
12423	2.9349e-010
12424	2.8496e-010
12425	2.8076e-010
12426	2.7308e-010
12427	2.6778e-010
12428	2.6228e-010
12429	2.5709e-010
12430	2.5281e-010
12431	2.4684e-010
12432	2.4371e-010
12433	2.3994e-010
12434	2.3526e-010
12435	2.2642e-010
12436	2.2664e-010
12437	2.3212e-010
12438	2.2925e-010
12439	2.2626e-010
12440	2.0758e-010
12441	2.1863e-010
12442	2.2889e-010
12443	2.0862e-010
12444	2.0055e-010
12445	2.0133e-010
12446	1.8793e-010
12447	1.9475e-010
12448	2.0259e-010
12449	1.7785e-010
12450	1.9426e-010
12451	2.2798e-010
12452	1.9418e-010
12453	1.8938e-010
12454	1.647e-010
12455	1.5027e-010
12456	1.5191e-010
12457	1.4857e-010
12458	1.5514e-010
12459	1.4666e-010
12460	1.4859e-010
12461	1.3715e-010
12462	1.3141e-010
12463	1.2628e-010
12464	1.1947e-010
12465	1.2052e-010
12466	1.3263e-010
12467	1.5427e-010
12468	1.2768e-010
12469	1.0966e-010
12470	1.0065e-010
12471	1.1682e-010
12472	1.2608e-010
12473	1.1241e-010
12474	1.4252e-010
12475	1.5004e-010
12476	2.2992e-010
12477	3.7015e-010
12478	4.6827e-010
12479	4.9525e-010
12480	7.2387e-010
12481	7.7731e-011
12482	7.7923e-011
12483	7.6816e-011
12484	7.7966e-011
12485	8.0686e-011
12486	8.2092e-011
12487	8.4577e-011
12488	8.9885e-011
12489	9.1506e-011
12490	9.2714e-011
12491	9.3303e-011
12492	9.4758e-011
12493	9.7453e-011
12494	1.0082e-010
12495	1.0418e-010
12496	1.0984e-010
12497	1.1357e-010
12498	1.1614e-010
12499	1.1891e-010
12500	1.213e-010
12501	1.2459e-010
12502	1.2691e-010
12503	1.3016e-010
12504	1.3273e-010
12505	1.3634e-010
12506	1.3916e-010
12507	1.4222e-010
12508	1.4636e-010
12509	1.4886e-010
12510	1.534e-010
12511	1.5569e-010
12512	1.5924e-010
12513	1.6357e-010
12514	1.6642e-010
12515	1.7049e-010
12516	1.7467e-010
12517	1.7802e-010
12518	1.8253e-010
12519	1.8719e-010
12520	1.9101e-010
12521	1.9465e-010
12522	1.9976e-010
12523	2.0418e-010
12524	2.0904e-010
12525	2.1335e-010
12526	2.1809e-010
12527	2.2311e-010
12528	2.2868e-010
12529	2.3357e-010
12530	2.3903e-010
12531	2.4356e-010
12532	2.4781e-010
12533	2.5803e-010
12534	2.6869e-010
12535	2.6891e-010
12536	2.7156e-010
12537	2.809e-010
12538	2.8734e-010
12539	2.9376e-010
12540	3.002e-010
12541	3.063e-010
12542	3.1468e-010
12543	3.225e-010
12544	3.2907e-010
12545	3.3685e-010
12546	3.3786e-010
12547	3.3036e-010
12548	3.2467e-010
12549	3.1747e-010
12550	3.0882e-010
12551	3.0424e-010
12552	2.9848e-010
12553	2.9322e-010
12554	2.8468e-010
12555	2.8047e-010
12556	2.7299e-010
12557	2.6757e-010
12558	2.6204e-010
12559	2.569e-010
12560	2.5268e-010
12561	2.4683e-010
12562	2.4373e-010
12563	2.3995e-010
12564	2.3526e-010
12565	2.2644e-010
12566	2.2651e-010
12567	2.3201e-010
12568	2.2896e-010
12569	2.2637e-010
12570	2.0767e-010
12571	2.1894e-010
12572	2.2876e-010
12573	2.0873e-010
12574	2.0049e-010
12575	2.0137e-010
12576	1.8801e-010
12577	1.9475e-010
12578	2.0257e-010
12579	1.7783e-010
12580	1.942e-010
12581	2.2787e-010
12582	1.9408e-010
12583	1.8925e-010
12584	1.6462e-010
12585	1.5014e-010
12586	1.5175e-010
12587	1.4838e-010
12588	1.5496e-010
12589	1.465e-010
12590	1.4839e-010
12591	1.3695e-010
12592	1.3122e-010
12593	1.2608e-010
12594	1.1928e-010
12595	1.2034e-010
12596	1.3248e-010
12597	1.5422e-010
12598	1.2766e-010
12599	1.0966e-010
12600	1.0065e-010
12601	1.1686e-010
12602	1.2606e-010
12603	1.1239e-010
12604	1.4245e-010
12605	1.4996e-010
12606	2.2983e-010
12607	3.7011e-010
12608	4.6822e-010
12609	4.9521e-010
12610	7.2382e-010
12611	8.619e-011
12612	8.6969e-011
12613	8.8399e-011
12614	8.8808e-011
12615	9.1464e-011
12616	9.3155e-011
12617	9.7361e-011
12618	1.0536e-010
12619	1.0462e-010
12620	1.0966e-010
12621	1.0914e-010
12622	1.0812e-010
12623	1.1332e-010
12624	1.1121e-010
12625	1.1818e-010
12626	1.1977e-010
12627	1.2362e-010
12628	1.2628e-010
12629	1.2849e-010
12630	1.3271e-010
12631	1.3369e-010
12632	1.3904e-010
12633	1.4013e-010
12634	1.4529e-010
12635	1.4721e-010
12636	1.5128e-010
12637	1.5557e-010
12638	1.5702e-010
12639	1.6388e-010
12640	1.6382e-010
12641	1.7063e-010
12642	1.7341e-010
12643	1.7576e-010
12644	1.8228e-010
12645	1.8472e-010
12646	1.8838e-010
12647	1.947e-010
12648	1.988e-010
12649	2.0094e-010
12650	2.0801e-010
12651	2.1242e-010
12652	2.169e-010
12653	2.2033e-010
12654	2.2653e-010
12655	2.3213e-010
12656	2.3754e-010
12657	2.4268e-010
12658	2.4749e-010
12659	2.5369e-010
12660	2.5826e-010
12661	2.7131e-010
12662	2.8588e-010
12663	2.7206e-010
12664	2.7249e-010
12665	2.9496e-010
12666	3.055e-010
12667	3.0472e-010
12668	3.1302e-010
12669	3.2008e-010
12670	3.2769e-010
12671	3.3652e-010
12672	3.4447e-010
12673	3.4968e-010
12674	3.5646e-010
12675	3.709e-010
12676	3.7172e-010
12677	3.5741e-010
12678	3.5113e-010
12679	3.4828e-010
12680	3.4142e-010
12681	3.3306e-010
12682	3.2613e-010
12683	3.1881e-010
12684	3.0973e-010
12685	3.0633e-010
12686	2.9963e-010
12687	2.9346e-010
12688	2.8755e-010
12689	2.8191e-010
12690	2.7591e-010
12691	2.68e-010
12692	2.6554e-010
12693	2.6168e-010
12694	2.5785e-010
12695	2.5431e-010
12696	2.5256e-010
12697	2.5172e-010
12698	2.3776e-010
12699	2.4714e-010
12700	2.3737e-010
12701	2.4498e-010
12702	2.3073e-010
12703	2.3287e-010
12704	2.3232e-010
12705	2.0801e-010
12706	2.0287e-010
12707	2.2975e-010
12708	2.0191e-010
12709	2.002e-010
12710	2.2804e-010
12711	2.1672e-010
12712	2.3478e-010
12713	1.843e-010
12714	1.9369e-010
12715	1.6824e-010
12716	1.5916e-010
12717	1.7456e-010
12718	1.5717e-010
12719	1.7397e-010
12720	1.5105e-010
12721	1.6097e-010
12722	1.4053e-010
12723	1.4294e-010
12724	1.3681e-010
12725	1.303e-010
12726	1.5703e-010
12727	1.4708e-010
12728	1.559e-010
12729	1.127e-010
12730	1.1775e-010
12731	1.3824e-010
12732	1.2309e-010
12733	1.3677e-010
12734	1.5905e-010
12735	1.7718e-010
12736	2.2108e-010
12737	3.6761e-010
12738	4.3362e-010
12739	4.7727e-010
12740	6.2669e-010
12741	7.7731e-011
12742	7.7922e-011
12743	7.683e-011
12744	7.7967e-011
12745	8.0695e-011
12746	8.2115e-011
12747	8.4585e-011
12748	8.9868e-011
12749	9.1475e-011
12750	9.2698e-011
12751	9.3308e-011
12752	9.4799e-011
12753	9.7443e-011
12754	1.0081e-010
12755	1.0414e-010
12756	1.0979e-010
12757	1.1356e-010
12758	1.1618e-010
12759	1.1894e-010
12760	1.2131e-010
12761	1.2458e-010
12762	1.2691e-010
12763	1.3019e-010
12764	1.3277e-010
12765	1.3637e-010
12766	1.3918e-010
12767	1.4217e-010
12768	1.4632e-010
12769	1.4879e-010
12770	1.533e-010
12771	1.5565e-010
12772	1.5923e-010
12773	1.6356e-010
12774	1.6642e-010
12775	1.7047e-010
12776	1.7465e-010
12777	1.7801e-010
12778	1.8251e-010
12779	1.8719e-010
12780	1.9093e-010
12781	1.9465e-010
12782	1.9983e-010
12783	2.042e-010
12784	2.0906e-010
12785	2.1335e-010
12786	2.181e-010
12787	2.2313e-010
12788	2.2866e-010
12789	2.3357e-010
12790	2.3891e-010
12791	2.4353e-010
12792	2.4771e-010
12793	2.5802e-010
12794	2.6874e-010
12795	2.6889e-010
12796	2.7162e-010
12797	2.8075e-010
12798	2.8727e-010
12799	2.9376e-010
12800	3.0011e-010
12801	3.0622e-010
12802	3.1446e-010
12803	3.2242e-010
12804	3.2901e-010
12805	3.3685e-010
12806	3.3777e-010
12807	3.3024e-010
12808	3.2461e-010
12809	3.1751e-010
12810	3.0885e-010
12811	3.0408e-010
12812	2.9838e-010
12813	2.9307e-010
12814	2.8464e-010
12815	2.8045e-010
12816	2.7294e-010
12817	2.6746e-010
12818	2.6197e-010
12819	2.5687e-010
12820	2.5264e-010
12821	2.4686e-010
12822	2.4374e-010
12823	2.3992e-010
12824	2.3525e-010
12825	2.2635e-010
12826	2.2661e-010
12827	2.3179e-010
12828	2.2893e-010
12829	2.2606e-010
12830	2.0758e-010
12831	2.2052e-010
12832	2.2965e-010
12833	2.1023e-010
12834	2.0039e-010
12835	2.0141e-010
12836	1.8801e-010
12837	1.9477e-010
12838	2.0253e-010
12839	1.7783e-010
12840	1.9421e-010
12841	2.2789e-010
12842	1.9407e-010
12843	1.892e-010
12844	1.6461e-010
12845	1.5012e-010
12846	1.5176e-010
12847	1.4839e-010
12848	1.549e-010
12849	1.4645e-010
12850	1.4835e-010
12851	1.369e-010
12852	1.3121e-010
12853	1.2604e-010
12854	1.1924e-010
12855	1.2028e-010
12856	1.3252e-010
12857	1.5424e-010
12858	1.2768e-010
12859	1.0966e-010
12860	1.0068e-010
12861	1.1683e-010
12862	1.26e-010
12863	1.1235e-010
12864	1.4245e-010
12865	1.4993e-010
12866	2.2979e-010
12867	3.701e-010
12868	4.6816e-010
12869	4.9519e-010
12870	7.2374e-010
12871	7.7731e-011
12872	7.7926e-011
12873	7.6812e-011
12874	7.7968e-011
12875	8.0696e-011
12876	8.2116e-011
12877	8.4585e-011
12878	8.9863e-011
12879	9.1476e-011
12880	9.2689e-011
12881	9.3312e-011
12882	9.48e-011
12883	9.7445e-011
12884	1.0079e-010
12885	1.0415e-010
12886	1.098e-010
12887	1.1356e-010
12888	1.1618e-010
12889	1.1893e-010
12890	1.2131e-010
12891	1.2459e-010
12892	1.2692e-010
12893	1.3019e-010
12894	1.3277e-010
12895	1.3636e-010
12896	1.3919e-010
12897	1.4218e-010
12898	1.4632e-010
12899	1.488e-010
12900	1.533e-010
12901	1.5565e-010
12902	1.5923e-010
12903	1.6356e-010
12904	1.6642e-010
12905	1.7047e-010
12906	1.7465e-010
12907	1.7801e-010
12908	1.8251e-010
12909	1.8721e-010
12910	1.9096e-010
12911	1.9465e-010
12912	1.9983e-010
12913	2.042e-010
12914	2.0906e-010
12915	2.1335e-010
12916	2.181e-010
12917	2.2314e-010
12918	2.2867e-010
12919	2.3357e-010
12920	2.3892e-010
12921	2.4353e-010
12922	2.4772e-010
12923	2.5802e-010
12924	2.6875e-010
12925	2.6891e-010
12926	2.7159e-010
12927	2.8075e-010
12928	2.8728e-010
12929	2.9371e-010
12930	3.0012e-010
12931	3.0623e-010
12932	3.1446e-010
12933	3.2243e-010
12934	3.2902e-010
12935	3.3685e-010
12936	3.3777e-010
12937	3.3025e-010
12938	3.2463e-010
12939	3.1746e-010
12940	3.0883e-010
12941	3.0401e-010
12942	2.9839e-010
12943	2.9308e-010
12944	2.8464e-010
12945	2.8046e-010
12946	2.7295e-010
12947	2.6746e-010
12948	2.6196e-010
12949	2.5689e-010
12950	2.5261e-010
12951	2.4681e-010
12952	2.4374e-010
12953	2.3994e-010
12954	2.3522e-010
12955	2.2639e-010
12956	2.2652e-010
12957	2.3209e-010
12958	2.2853e-010
12959	2.2632e-010
12960	2.0775e-010
12961	2.2014e-010
12962	2.3238e-010
12963	2.0982e-010
12964	2.0061e-010
12965	2.0139e-010
12966	1.8802e-010
12967	1.9478e-010
12968	2.0253e-010
12969	1.7783e-010
12970	1.9422e-010
12971	2.2787e-010
12972	1.9407e-010
12973	1.892e-010
12974	1.6461e-010
12975	1.5012e-010
12976	1.5174e-010
12977	1.4839e-010
12978	1.5491e-010
12979	1.4646e-010
12980	1.4836e-010
12981	1.3691e-010
12982	1.312e-010
12983	1.2604e-010
12984	1.1924e-010
12985	1.2028e-010
12986	1.3252e-010
12987	1.5424e-010
12988	1.2765e-010
12989	1.0966e-010
12990	1.0069e-010
12991	1.1684e-010
12992	1.26e-010
12993	1.1235e-010
12994	1.4245e-010
12995	1.4994e-010
12996	2.2978e-010
12997	3.7007e-010
12998	4.6817e-010
12999	4.9516e-010
13000	7.2374e-010
13001	8.619e-011
13002	8.6975e-011
13003	8.8388e-011
13004	8.8804e-011
13005	9.1458e-011
13006	9.3148e-011
13007	9.7359e-011
13008	1.0535e-010
13009	1.0461e-010
13010	1.0965e-010
13011	1.0913e-010
13012	1.0814e-010
13013	1.1333e-010
13014	1.112e-010
13015	1.1819e-010
13016	1.1977e-010
13017	1.2362e-010
13018	1.2627e-010
13019	1.2848e-010
13020	1.327e-010
13021	1.337e-010
13022	1.3903e-010
13023	1.4013e-010
13024	1.4529e-010
13025	1.4723e-010
13026	1.5126e-010
13027	1.5556e-010
13028	1.5701e-010
13029	1.6391e-010
13030	1.6386e-010
13031	1.7061e-010
13032	1.7341e-010
13033	1.7574e-010
13034	1.8227e-010
13035	1.8475e-010
13036	1.8837e-010
13037	1.9469e-010
13038	1.9879e-010
13039	2.0096e-010
13040	2.0803e-010
13041	2.1242e-010
13042	2.169e-010
13043	2.2033e-010
13044	2.2653e-010
13045	2.3215e-010
13046	2.3753e-010
13047	2.4267e-010
13048	2.4748e-010
13049	2.5368e-010
13050	2.5824e-010
13051	2.713e-010
13052	2.8584e-010
13053	2.7206e-010
13054	2.7248e-010
13055	2.9497e-010
13056	3.0548e-010
13057	3.0475e-010
13058	3.13e-010
13059	3.2005e-010
13060	3.2767e-010
13061	3.3656e-010
13062	3.445e-010
13063	3.497e-010
13064	3.5646e-010
13065	3.7089e-010
13066	3.717e-010
13067	3.5737e-010
13068	3.5114e-010
13069	3.4826e-010
13070	3.4139e-010
13071	3.3306e-010
13072	3.2614e-010
13073	3.1879e-010
13074	3.0971e-010
13075	3.0632e-010
13076	2.9961e-010
13077	2.9344e-010
13078	2.8755e-010
13079	2.8194e-010
13080	2.7593e-010
13081	2.6801e-010
13082	2.6561e-010
13083	2.6172e-010
13084	2.5784e-010
13085	2.5428e-010
13086	2.5263e-010
13087	2.5177e-010
13088	2.3733e-010
13089	2.4705e-010
13090	2.374e-010
13091	2.4664e-010
13092	2.307e-010
13093	2.3445e-010
13094	2.323e-010
13095	2.0797e-010
13096	2.0287e-010
13097	2.2977e-010
13098	2.0198e-010
13099	2.0025e-010
13100	2.2803e-010
13101	2.1674e-010
13102	2.3479e-010
13103	1.8432e-010
13104	1.9369e-010
13105	1.6823e-010
13106	1.5918e-010
13107	1.7455e-010
13108	1.5716e-010
13109	1.7396e-010
13110	1.5105e-010
13111	1.6096e-010
13112	1.4054e-010
13113	1.4296e-010
13114	1.3681e-010
13115	1.3029e-010
13116	1.5704e-010
13117	1.4709e-010
13118	1.5589e-010
13119	1.1269e-010
13120	1.1775e-010
13121	1.3824e-010
13122	1.231e-010
13123	1.3676e-010
13124	1.5908e-010
13125	1.7717e-010
13126	2.2106e-010
13127	3.6761e-010
13128	4.3361e-010
13129	4.7729e-010
13130	6.2667e-010
13131	7.7731e-011
13132	7.7925e-011
13133	7.6818e-011
13134	7.7969e-011
13135	8.0687e-011
13136	8.2093e-011
13137	8.4578e-011
13138	8.9895e-011
13139	9.151e-011
13140	9.2714e-011
13141	9.3303e-011
13142	9.4762e-011
13143	9.7443e-011
13144	1.0083e-010
13145	1.0418e-010
13146	1.0985e-010
13147	1.1358e-010
13148	1.1614e-010
13149	1.189e-010
13150	1.2129e-010
13151	1.2457e-010
13152	1.2691e-010
13153	1.3016e-010
13154	1.3274e-010
13155	1.3635e-010
13156	1.3915e-010
13157	1.4223e-010
13158	1.4637e-010
13159	1.4887e-010
13160	1.534e-010
13161	1.557e-010
13162	1.5924e-010
13163	1.6353e-010
13164	1.6644e-010
13165	1.705e-010
13166	1.7467e-010
13167	1.7802e-010
13168	1.8252e-010
13169	1.872e-010
13170	1.9101e-010
13171	1.9465e-010
13172	1.9976e-010
13173	2.0418e-010
13174	2.0904e-010
13175	2.1337e-010
13176	2.1807e-010
13177	2.2312e-010
13178	2.2869e-010
13179	2.3357e-010
13180	2.3904e-010
13181	2.4351e-010
13182	2.4782e-010
13183	2.58e-010
13184	2.6872e-010
13185	2.6886e-010
13186	2.7157e-010
13187	2.8087e-010
13188	2.8732e-010
13189	2.9378e-010
13190	3.0021e-010
13191	3.0632e-010
13192	3.1464e-010
13193	3.2252e-010
13194	3.2901e-010
13195	3.368e-010
13196	3.3787e-010
13197	3.3033e-010
13198	3.2469e-010
13199	3.1748e-010
13200	3.0884e-010
13201	3.042e-010
13202	2.985e-010
13203	2.9323e-010
13204	2.8469e-010
13205	2.8048e-010
13206	2.7297e-010
13207	2.6759e-010
13208	2.6204e-010
13209	2.5691e-010
13210	2.5265e-010
13211	2.4692e-010
13212	2.437e-010
13213	2.4002e-010
13214	2.3527e-010
13215	2.2641e-010
13216	2.2663e-010
13217	2.3184e-010
13218	2.2888e-010
13219	2.2615e-010
13220	2.0756e-010
13221	2.1956e-010
13222	2.2869e-010
13223	2.0927e-010
13224	2.0037e-010
13225	2.0135e-010
13226	1.8798e-010
13227	1.9477e-010
13228	2.0257e-010
13229	1.7783e-010
13230	1.9422e-010
13231	2.2788e-010
13232	1.9409e-010
13233	1.8925e-010
13234	1.646e-010
13235	1.5013e-010
13236	1.5176e-010
13237	1.4839e-010
13238	1.5496e-010
13239	1.465e-010
13240	1.4839e-010
13241	1.3696e-010
13242	1.3123e-010
13243	1.2608e-010
13244	1.1928e-010
13245	1.2035e-010
13246	1.325e-010
13247	1.5422e-010
13248	1.2767e-010
13249	1.0967e-010
13250	1.0065e-010
13251	1.1686e-010
13252	1.2606e-010
13253	1.1239e-010
13254	1.4245e-010
13255	1.4995e-010
13256	2.2981e-010
13257	3.701e-010
13258	4.6821e-010
13259	4.9522e-010
13260	7.2381e-010
13261	7.7826e-011
13262	7.8014e-011
13263	7.6918e-011
13264	7.8068e-011
13265	8.0794e-011
13266	8.2187e-011
13267	8.4661e-011
13268	8.9975e-011
13269	9.1594e-011
13270	9.2787e-011
13271	9.3368e-011
13272	9.4833e-011
13273	9.753e-011
13274	1.0093e-010
13275	1.0426e-010
13276	1.0987e-010
13277	1.1355e-010
13278	1.1612e-010
13279	1.1886e-010
13280	1.2136e-010
13281	1.2471e-010
13282	1.2703e-010
13283	1.3023e-010
13284	1.3284e-010
13285	1.3641e-010
13286	1.3919e-010
13287	1.4216e-010
13288	1.4633e-010
13289	1.489e-010
13290	1.5354e-010
13291	1.5578e-010
13292	1.5929e-010
13293	1.6362e-010
13294	1.6649e-010
13295	1.7057e-010
13296	1.7486e-010
13297	1.7823e-010
13298	1.8273e-010
13299	1.8743e-010
13300	1.9107e-010
13301	1.9467e-010
13302	1.9977e-010
13303	2.042e-010
13304	2.0905e-010
13305	2.133e-010
13306	2.1809e-010
13307	2.2318e-010
13308	2.2881e-010
13309	2.3375e-010
13310	2.3917e-010
13311	2.437e-010
13312	2.4789e-010
13313	2.5821e-010
13314	2.6901e-010
13315	2.6903e-010
13316	2.7185e-010
13317	2.8122e-010
13318	2.8769e-010
13319	2.9423e-010
13320	3.0061e-010
13321	3.0655e-010
13322	3.1508e-010
13323	3.2296e-010
13324	3.2955e-010
13325	3.3735e-010
13326	3.3839e-010
13327	3.3093e-010
13328	3.253e-010
13329	3.1786e-010
13330	3.0918e-010
13331	3.045e-010
13332	2.9886e-010
13333	2.935e-010
13334	2.8498e-010
13335	2.808e-010
13336	2.731e-010
13337	2.6779e-010
13338	2.6228e-010
13339	2.5712e-010
13340	2.528e-010
13341	2.4681e-010
13342	2.4365e-010
13343	2.3996e-010
13344	2.3521e-010
13345	2.2641e-010
13346	2.2654e-010
13347	2.3244e-010
13348	2.2628e-010
13349	2.2641e-010
13350	2.0729e-010
13351	2.1877e-010
13352	2.2862e-010
13353	2.0872e-010
13354	2.0042e-010
13355	2.0138e-010
13356	1.8789e-010
13357	1.9471e-010
13358	2.0258e-010
13359	1.7787e-010
13360	1.9426e-010
13361	2.2797e-010
13362	1.9414e-010
13363	1.8937e-010
13364	1.6471e-010
13365	1.5025e-010
13366	1.5191e-010
13367	1.4856e-010
13368	1.5513e-010
13369	1.4666e-010
13370	1.486e-010
13371	1.371e-010
13372	1.3142e-010
13373	1.2627e-010
13374	1.1948e-010
13375	1.2051e-010
13376	1.3262e-010
13377	1.5428e-010
13378	1.2768e-010
13379	1.0966e-010
13380	1.0066e-010
13381	1.1683e-010
13382	1.2608e-010
13383	1.1241e-010
13384	1.4249e-010
13385	1.5004e-010
13386	2.2992e-010
13387	3.7017e-010
13388	4.6824e-010
13389	4.9524e-010
13390	7.2379e-010
13391	8.643e-011
13392	8.7173e-011
13393	8.8607e-011
13394	8.901e-011
13395	9.1641e-011
13396	9.3304e-011
13397	9.75e-011
13398	1.0553e-010
13399	1.048e-010
13400	1.0982e-010
13401	1.0926e-010
13402	1.082e-010
13403	1.1346e-010
13404	1.1136e-010
13405	1.1831e-010
13406	1.1984e-010
13407	1.2362e-010
13408	1.2626e-010
13409	1.2854e-010
13410	1.328e-010
13411	1.3385e-010
13412	1.3922e-010
13413	1.4026e-010
13414	1.4545e-010
13415	1.4737e-010
13416	1.513e-010
13417	1.5549e-010
13418	1.5709e-010
13419	1.6407e-010
13420	1.6412e-010
13421	1.7077e-010
13422	1.7345e-010
13423	1.7588e-010
13424	1.824e-010
13425	1.849e-010
13426	1.8859e-010
13427	1.949e-010
13428	1.9904e-010
13429	2.0099e-010
13430	2.082e-010
13431	2.1257e-010
13432	2.1697e-010
13433	2.2035e-010
13434	2.2659e-010
13435	2.3204e-010
13436	2.3748e-010
13437	2.4275e-010
13438	2.478e-010
13439	2.5395e-010
13440	2.5865e-010
13441	2.7134e-010
13442	2.8603e-010
13443	2.722e-010
13444	2.7269e-010
13445	2.9549e-010
13446	3.0589e-010
13447	3.0527e-010
13448	3.1374e-010
13449	3.2073e-010
13450	3.283e-010
13451	3.3705e-010
13452	3.4536e-010
13453	3.5052e-010
13454	3.5719e-010
13455	3.7166e-010
13456	3.7262e-010
13457	3.5841e-010
13458	3.5215e-010
13459	3.489e-010
13460	3.4176e-010
13461	3.3359e-010
13462	3.2663e-010
13463	3.1942e-010
13464	3.1027e-010
13465	3.0653e-010
13466	2.9995e-010
13467	2.9365e-010
13468	2.8787e-010
13469	2.8224e-010
13470	2.7623e-010
13471	2.6811e-010
13472	2.6551e-010
13473	2.616e-010
13474	2.5777e-010
13475	2.5434e-010
13476	2.528e-010
13477	2.5012e-010
13478	2.3631e-010
13479	2.4505e-010
13480	2.374e-010
13481	2.4448e-010
13482	2.296e-010
13483	2.3242e-010
13484	2.3238e-010
13485	2.079e-010
13486	2.028e-010
13487	2.2969e-010
13488	2.02e-010
13489	2.0026e-010
13490	2.2815e-010
13491	2.1689e-010
13492	2.3501e-010
13493	1.845e-010
13494	1.9389e-010
13495	1.6841e-010
13496	1.5936e-010
13497	1.7484e-010
13498	1.5741e-010
13499	1.7428e-010
13500	1.5141e-010
13501	1.6129e-010
13502	1.4085e-010
13503	1.4326e-010
13504	1.3717e-010
13505	1.306e-010
13506	1.5716e-010
13507	1.4708e-010
13508	1.5585e-010
13509	1.1263e-010
13510	1.1768e-010
13511	1.3824e-010
13512	1.2299e-010
13513	1.3678e-010
13514	1.5911e-010
13515	1.7724e-010
13516	2.2115e-010
13517	3.6772e-010
13518	4.338e-010
13519	4.7738e-010
13520	6.2666e-010
13521	7.7825e-011
13522	7.8014e-011
13523	7.6918e-011
13524	7.8068e-011
13525	8.0794e-011
13526	8.2187e-011
13527	8.4664e-011
13528	8.9982e-011
13529	9.1594e-011
13530	9.2787e-011
13531	9.3368e-011
13532	9.4833e-011
13533	9.7529e-011
13534	1.0093e-010
13535	1.0425e-010
13536	1.0986e-010
13537	1.1356e-010
13538	1.1612e-010
13539	1.1886e-010
13540	1.2136e-010
13541	1.2471e-010
13542	1.2703e-010
13543	1.3023e-010
13544	1.3283e-010
13545	1.3641e-010
13546	1.3919e-010
13547	1.4217e-010
13548	1.4633e-010
13549	1.489e-010
13550	1.5355e-010
13551	1.5578e-010
13552	1.5929e-010
13553	1.6362e-010
13554	1.6647e-010
13555	1.7055e-010
13556	1.7482e-010
13557	1.7823e-010
13558	1.8262e-010
13559	1.8747e-010
13560	1.9099e-010
13561	1.9467e-010
13562	1.9978e-010
13563	2.0421e-010
13564	2.0906e-010
13565	2.133e-010
13566	2.1809e-010
13567	2.2318e-010
13568	2.288e-010
13569	2.3375e-010
13570	2.3917e-010
13571	2.437e-010
13572	2.4789e-010
13573	2.5821e-010
13574	2.6901e-010
13575	2.6903e-010
13576	2.7185e-010
13577	2.8123e-010
13578	2.8769e-010
13579	2.9423e-010
13580	3.0061e-010
13581	3.0655e-010
13582	3.1508e-010
13583	3.2296e-010
13584	3.2955e-010
13585	3.3735e-010
13586	3.3839e-010
13587	3.3093e-010
13588	3.253e-010
13589	3.1786e-010
13590	3.0918e-010
13591	3.045e-010
13592	2.9886e-010
13593	2.9349e-010
13594	2.8497e-010
13595	2.808e-010
13596	2.731e-010
13597	2.6778e-010
13598	2.6227e-010
13599	2.5711e-010
13600	2.528e-010
13601	2.4681e-010
13602	2.4365e-010
13603	2.3997e-010
13604	2.352e-010
13605	2.2639e-010
13606	2.2662e-010
13607	2.3214e-010
13608	2.2633e-010
13609	2.2612e-010
13610	2.0732e-010
13611	2.1876e-010
13612	2.2843e-010
13613	2.0869e-010
13614	2.0039e-010
13615	2.0139e-010
13616	1.8789e-010
13617	1.9471e-010
13618	2.0258e-010
13619	1.7787e-010
13620	1.9426e-010
13621	2.2797e-010
13622	1.9415e-010
13623	1.8936e-010
13624	1.6471e-010
13625	1.5025e-010
13626	1.5191e-010
13627	1.4856e-010
13628	1.5513e-010
13629	1.4666e-010
13630	1.4861e-010
13631	1.371e-010
13632	1.3142e-010
13633	1.2627e-010
13634	1.1948e-010
13635	1.205e-010
13636	1.3263e-010
13637	1.5428e-010
13638	1.2768e-010
13639	1.0966e-010
13640	1.0066e-010
13641	1.1683e-010
13642	1.2608e-010
13643	1.1241e-010
13644	1.4249e-010
13645	1.5004e-010
13646	2.2992e-010
13647	3.7017e-010
13648	4.6826e-010
13649	4.9523e-010
13650	7.238e-010
13651	7.7733e-011
13652	7.7925e-011
13653	7.6818e-011
13654	7.7969e-011
13655	8.0687e-011
13656	8.2092e-011
13657	8.4578e-011
13658	8.9896e-011
13659	9.1511e-011
13660	9.2707e-011
13661	9.3303e-011
13662	9.4762e-011
13663	9.7445e-011
13664	1.0083e-010
13665	1.0419e-010
13666	1.0984e-010
13667	1.1357e-010
13668	1.1614e-010
13669	1.189e-010
13670	1.213e-010
13671	1.2458e-010
13672	1.2691e-010
13673	1.3016e-010
13674	1.3275e-010
13675	1.3635e-010
13676	1.3915e-010
13677	1.4223e-010
13678	1.4636e-010
13679	1.4886e-010
13680	1.534e-010
13681	1.5571e-010
13682	1.5924e-010
13683	1.6353e-010
13684	1.6644e-010
13685	1.705e-010
13686	1.7467e-010
13687	1.7805e-010
13688	1.8247e-010
13689	1.8711e-010
13690	1.9097e-010
13691	1.9468e-010
13692	1.9975e-010
13693	2.0418e-010
13694	2.0904e-010
13695	2.1337e-010
13696	2.1808e-010
13697	2.2313e-010
13698	2.287e-010
13699	2.3358e-010
13700	2.3904e-010
13701	2.4351e-010
13702	2.4782e-010
13703	2.58e-010
13704	2.6872e-010
13705	2.6887e-010
13706	2.7158e-010
13707	2.8084e-010
13708	2.873e-010
13709	2.9379e-010
13710	3.0019e-010
13711	3.0633e-010
13712	3.1464e-010
13713	3.2253e-010
13714	3.2902e-010
13715	3.3681e-010
13716	3.3788e-010
13717	3.3034e-010
13718	3.2465e-010
13719	3.1748e-010
13720	3.0884e-010
13721	3.042e-010
13722	2.9851e-010
13723	2.9324e-010
13724	2.8469e-010
13725	2.8048e-010
13726	2.7297e-010
13727	2.6758e-010
13728	2.6203e-010
13729	2.5694e-010
13730	2.5263e-010
13731	2.4691e-010
13732	2.4369e-010
13733	2.3998e-010
13734	2.3522e-010
13735	2.2646e-010
13736	2.2659e-010
13737	2.3199e-010
13738	2.2839e-010
13739	2.2627e-010
13740	2.0761e-010
13741	2.1877e-010
13742	2.2879e-010
13743	2.0849e-010
13744	2.005e-010
13745	2.0142e-010
13746	1.8798e-010
13747	1.9477e-010
13748	2.0257e-010
13749	1.7783e-010
13750	1.9423e-010
13751	2.2788e-010
13752	1.9405e-010
13753	1.8925e-010
13754	1.6461e-010
13755	1.5012e-010
13756	1.5175e-010
13757	1.4836e-010
13758	1.5494e-010
13759	1.4649e-010
13760	1.4839e-010
13761	1.3696e-010
13762	1.3123e-010
13763	1.2608e-010
13764	1.1929e-010
13765	1.2036e-010
13766	1.325e-010
13767	1.5422e-010
13768	1.2766e-010
13769	1.0966e-010
13770	1.0066e-010
13771	1.1684e-010
13772	1.2605e-010
13773	1.124e-010
13774	1.4246e-010
13775	1.4995e-010
13776	2.2981e-010
13777	3.701e-010
13778	4.682e-010
13779	4.9522e-010
13780	7.2382e-010
13781	8.6187e-011
13782	8.6971e-011
13783	8.8384e-011
13784	8.88e-011
13785	9.1454e-011
13786	9.3146e-011
13787	9.7352e-011
13788	1.0534e-010
13789	1.046e-010
13790	1.0966e-010
13791	1.0912e-010
13792	1.0813e-010
13793	1.1331e-010
13794	1.1119e-010
13795	1.1818e-010
13796	1.1977e-010
13797	1.2361e-010
13798	1.2626e-010
13799	1.285e-010
13800	1.3271e-010
13801	1.3369e-010
13802	1.3902e-010
13803	1.4015e-010
13804	1.4528e-010
13805	1.4722e-010
13806	1.5128e-010
13807	1.5555e-010
13808	1.57e-010
13809	1.639e-010
13810	1.6386e-010
13811	1.7061e-010
13812	1.734e-010
13813	1.7576e-010
13814	1.8224e-010
13815	1.8471e-010
13816	1.8835e-010
13817	1.9468e-010
13818	1.9867e-010
13819	2.0114e-010
13820	2.0787e-010
13821	2.1245e-010
13822	2.1691e-010
13823	2.2035e-010
13824	2.2651e-010
13825	2.3219e-010
13826	2.3752e-010
13827	2.4269e-010
13828	2.4746e-010
13829	2.5367e-010
13830	2.5827e-010
13831	2.713e-010
13832	2.8584e-010
13833	2.7206e-010
13834	2.7248e-010
13835	2.9501e-010
13836	3.055e-010
13837	3.0472e-010
13838	3.1306e-010
13839	3.2004e-010
13840	3.2771e-010
13841	3.3654e-010
13842	3.4448e-010
13843	3.4968e-010
13844	3.5646e-010
13845	3.7087e-010
13846	3.7173e-010
13847	3.5735e-010
13848	3.5113e-010
13849	3.4825e-010
13850	3.4143e-010
13851	3.3305e-010
13852	3.2612e-010
13853	3.1876e-010
13854	3.0969e-010
13855	3.0631e-010
13856	2.9961e-010
13857	2.9346e-010
13858	2.8757e-010
13859	2.8191e-010
13860	2.7588e-010
13861	2.6797e-010
13862	2.6554e-010
13863	2.6168e-010
13864	2.5785e-010
13865	2.5433e-010
13866	2.5258e-010
13867	2.519e-010
13868	2.3725e-010
13869	2.4721e-010
13870	2.3739e-010
13871	2.4492e-010
13872	2.3019e-010
13873	2.3286e-010
13874	2.3235e-010
13875	2.0797e-010
13876	2.029e-010
13877	2.2977e-010
13878	2.0198e-010
13879	2.0025e-010
13880	2.2803e-010
13881	2.1679e-010
13882	2.3478e-010
13883	1.8434e-010
13884	1.937e-010
13885	1.6825e-010
13886	1.5917e-010
13887	1.7454e-010
13888	1.5713e-010
13889	1.7398e-010
13890	1.5102e-010
13891	1.6095e-010
13892	1.4053e-010
13893	1.4296e-010
13894	1.368e-010
13895	1.3028e-010
13896	1.5704e-010
13897	1.471e-010
13898	1.559e-010
13899	1.127e-010
13900	1.1775e-010
13901	1.3823e-010
13902	1.2308e-010
13903	1.3677e-010
13904	1.5907e-010
13905	1.7717e-010
13906	2.2106e-010
13907	3.6763e-010
13908	4.336e-010
13909	4.7729e-010
13910	6.267e-010
13911	7.7731e-011
13912	7.7919e-011
13913	7.6816e-011
13914	7.797e-011
13915	8.069e-011
13916	8.2119e-011
13917	8.4584e-011
13918	8.9869e-011
13919	9.1476e-011
13920	9.2688e-011
13921	9.3322e-011
13922	9.4793e-011
13923	9.7423e-011
13924	1.008e-010
13925	1.0415e-010
13926	1.098e-010
13927	1.1356e-010
13928	1.1618e-010
13929	1.1894e-010
13930	1.2132e-010
13931	1.2459e-010
13932	1.2692e-010
13933	1.3017e-010
13934	1.3278e-010
13935	1.3636e-010
13936	1.3917e-010
13937	1.4216e-010
13938	1.4633e-010
13939	1.488e-010
13940	1.533e-010
13941	1.5565e-010
13942	1.5923e-010
13943	1.6356e-010
13944	1.6644e-010
13945	1.7047e-010
13946	1.7466e-010
13947	1.7802e-010
13948	1.8245e-010
13949	1.8709e-010
13950	1.9086e-010
13951	1.9465e-010
13952	1.9983e-010
13953	2.0422e-010
13954	2.0907e-010
13955	2.1336e-010
13956	2.181e-010
13957	2.2314e-010
13958	2.2867e-010
13959	2.3357e-010
13960	2.3892e-010
13961	2.4353e-010
13962	2.4772e-010
13963	2.5802e-010
13964	2.6875e-010
13965	2.6891e-010
13966	2.716e-010
13967	2.8075e-010
13968	2.8727e-010
13969	2.9375e-010
13970	3.0013e-010
13971	3.0624e-010
13972	3.1447e-010
13973	3.2244e-010
13974	3.2902e-010
13975	3.3686e-010
13976	3.3775e-010
13977	3.3026e-010
13978	3.2458e-010
13979	3.1747e-010
13980	3.0884e-010
13981	3.0402e-010
13982	2.984e-010
13983	2.9309e-010
13984	2.8465e-010
13985	2.8046e-010
13986	2.7295e-010
13987	2.675e-010
13988	2.6195e-010
13989	2.5689e-010
13990	2.5263e-010
13991	2.4678e-010
13992	2.4371e-010
13993	2.3995e-010
13994	2.3524e-010
13995	2.2639e-010
13996	2.2656e-010
13997	2.3202e-010
13998	2.2886e-010
13999	2.2632e-010
14000	2.0767e-010
14001	2.1873e-010
14002	2.2896e-010
14003	2.0856e-010
14004	2.005e-010
14005	2.0142e-010
14006	1.8803e-010
14007	1.9479e-010
14008	2.0253e-010
14009	1.7783e-010
14010	1.9422e-010
14011	2.2787e-010
14012	1.9409e-010
14013	1.8922e-010
14014	1.6462e-010
14015	1.5011e-010
14016	1.5174e-010
14017	1.4839e-010
14018	1.5491e-010
14019	1.4647e-010
14020	1.4836e-010
14021	1.3689e-010
14022	1.3119e-010
14023	1.2605e-010
14024	1.1922e-010
14025	1.2028e-010
14026	1.3253e-010
14027	1.5424e-010
14028	1.2766e-010
14029	1.0967e-010
14030	1.0067e-010
14031	1.1684e-010
14032	1.2602e-010
14033	1.1236e-010
14034	1.4246e-010
14035	1.4994e-010
14036	2.2978e-010
14037	3.7007e-010
14038	4.6817e-010
14039	4.9516e-010
14040	7.2373e-010
14041	1.551e-010
14042	1.2736e-010
14043	2.0779e-010
14044	2.8442e-010
14045	2.9477e-010
14046	3.0128e-010
14047	3.096e-010
14048	3.1832e-010
14049	3.2483e-010
14050	3.3384e-010
14051	3.41e-010
14052	3.481e-010
14053	3.5915e-010
14054	3.6477e-010
14055	3.7596e-010
14056	3.8238e-010
14057	3.9216e-010
14058	4.0169e-010
14059	4.099e-010
14060	4.2128e-010
14061	4.2912e-010
14062	4.4145e-010
14063	4.4906e-010
14064	4.6156e-010
14065	4.7069e-010
14066	4.8226e-010
14067	4.94e-010
14068	5.034e-010
14069	5.1868e-010
14070	5.2597e-010
14071	5.4182e-010
14072	5.5269e-010
14073	5.6339e-010
14074	5.7972e-010
14075	5.9076e-010
14076	6.0333e-010
14077	6.1977e-010
14078	6.3357e-010
14079	6.4448e-010
14080	6.6297e-010
14081	6.7735e-010
14082	6.9293e-010
14083	7.0586e-010
14084	7.2474e-010
14085	7.4101e-010
14086	7.5769e-010
14087	7.7487e-010
14088	7.9651e-010
14089	8.1825e-010
14090	8.2604e-010
14091	8.4281e-010
14092	8.7543e-010
14093	8.8314e-010
14094	9.0317e-010
14095	9.2737e-010
14096	9.4974e-010
14097	9.6729e-010
14098	9.9194e-010
14099	1.0136e-009
14100	1.0364e-009
14101	1.0621e-009
14102	1.088e-009
14103	1.1068e-009
14104	1.1264e-009
14105	1.1677e-009
14106	1.1701e-009
14107	1.1287e-009
14108	1.1101e-009
14109	1.0955e-009
14110	1.0712e-009
14111	1.0466e-009
14112	1.0249e-009
14113	1.0059e-009
14114	9.7544e-010
14115	9.6586e-010
14116	9.4163e-010
14117	9.2195e-010
14118	9.0278e-010
14119	8.848e-010
14120	8.6768e-010
14121	8.4261e-010
14122	8.3191e-010
14123	8.1366e-010
14124	7.9682e-010
14125	7.8104e-010
14126	7.6898e-010
14127	7.5784e-010
14128	7.2393e-010
14129	7.2933e-010
14130	7.084e-010
14131	7.1251e-010
14132	6.642e-010
14133	6.7879e-010
14134	6.6496e-010
14135	6.2381e-010
14136	6.1361e-010
14137	6.335e-010
14138	5.8672e-010
14139	5.8395e-010
14140	6.0207e-010
14141	5.6659e-010
14142	5.8969e-010
14143	5.3008e-010
14144	5.3341e-010
14145	5.0531e-010
14146	4.8786e-010
14147	4.9642e-010
14148	4.6905e-010
14149	4.8149e-010
14150	4.5007e-010
14151	4.5626e-010
14152	4.2648e-010
14153	4.1188e-010
14154	4.1218e-010
14155	3.8507e-010
14156	4.0296e-010
14157	3.8053e-010
14158	3.7185e-010
14159	3.1636e-010
14160	3.0454e-010
14161	3.356e-010
14162	3.1755e-010
14163	3.5873e-010
14164	3.6633e-010
14165	5.2335e-010
14166	8.6099e-010
14167	1.2997e-009
14168	1.2104e-009
14169	1.6299e-009
14170	1.9108e-009
14171	1.3456e-010
14172	1.0706e-010
14173	1.9163e-010
14174	2.658e-010
14175	2.7371e-010
14176	2.8129e-010
14177	2.8951e-010
14178	2.9717e-010
14179	3.0171e-010
14180	3.1256e-010
14181	3.1875e-010
14182	3.2427e-010
14183	3.3603e-010
14184	3.3853e-010
14185	3.5156e-010
14186	3.5669e-010
14187	3.6636e-010
14188	3.7497e-010
14189	3.823e-010
14190	3.9375e-010
14191	3.9963e-010
14192	4.1273e-010
14193	4.1802e-010
14194	4.3144e-010
14195	4.388e-010
14196	4.5034e-010
14197	4.6227e-010
14198	4.6847e-010
14199	4.8587e-010
14200	4.8862e-010
14201	5.0699e-010
14202	5.1643e-010
14203	5.2409e-010
14204	5.4232e-010
14205	5.509e-010
14206	5.6168e-010
14207	5.7962e-010
14208	5.9153e-010
14209	5.9939e-010
14210	6.1904e-010
14211	6.3369e-010
14212	6.4631e-010
14213	6.5708e-010
14214	6.7531e-010
14215	6.9227e-010
14216	7.0731e-010
14217	7.2549e-010
14218	7.5203e-010
14219	7.8187e-010
14220	7.7206e-010
14221	7.7016e-010
14222	8.0325e-010
14223	8.3352e-010
14224	8.5403e-010
14225	8.6931e-010
14226	8.895e-010
14227	9.0568e-010
14228	9.2816e-010
14229	9.4943e-010
14230	9.7164e-010
14231	9.9743e-010
14232	1.02e-009
14233	1.0345e-009
14234	1.054e-009
14235	1.0967e-009
14236	1.0987e-009
14237	1.0557e-009
14238	1.0367e-009
14239	1.0278e-009
14240	1.0079e-009
14241	9.8216e-010
14242	9.6054e-010
14243	9.4027e-010
14244	9.1286e-010
14245	9.0388e-010
14246	8.8376e-010
14247	8.6486e-010
14248	8.4701e-010
14249	8.3019e-010
14250	8.1171e-010
14251	7.875e-010
14252	7.7746e-010
14253	7.6181e-010
14254	7.4797e-010
14255	7.3957e-010
14256	7.2762e-010
14257	7.0594e-010
14258	6.699e-010
14259	6.8219e-010
14260	6.7903e-010
14261	6.6993e-010
14262	6.0868e-010
14263	6.3844e-010
14264	6.3887e-010
14265	5.7339e-010
14266	5.7344e-010
14267	6.1066e-010
14268	5.3473e-010
14269	5.5481e-010
14270	5.8062e-010
14271	5.1166e-010
14272	5.7395e-010
14273	4.8152e-010
14274	5.1394e-010
14275	4.7801e-010
14276	4.515e-010
14277	4.7489e-010
14278	4.3242e-010
14279	4.6154e-010
14280	4.1625e-010
14281	4.3519e-010
14282	3.9935e-010
14283	3.8703e-010
14284	3.9443e-010
14285	3.6023e-010
14286	3.8655e-010
14287	3.4783e-010
14288	3.5776e-010
14289	2.9344e-010
14290	2.8657e-010
14291	3.2534e-010
14292	2.891e-010
14293	3.1674e-010
14294	3.7145e-010
14295	5.3197e-010
14296	8.1999e-010
14297	1.1478e-009
14298	1.0143e-009
14299	1.7809e-009
14300	1.3871e-009
14301	1.5512e-010
14302	1.2742e-010
14303	2.0782e-010
14304	2.8442e-010
14305	2.9482e-010
14306	3.0134e-010
14307	3.097e-010
14308	3.184e-010
14309	3.2493e-010
14310	3.3397e-010
14311	3.4117e-010
14312	3.4826e-010
14313	3.5925e-010
14314	3.6478e-010
14315	3.7595e-010
14316	3.8242e-010
14317	3.9218e-010
14318	4.0166e-010
14319	4.0991e-010
14320	4.2131e-010
14321	4.2911e-010
14322	4.4139e-010
14323	4.4897e-010
14324	4.6155e-010
14325	4.7074e-010
14326	4.825e-010
14327	4.9432e-010
14328	5.0365e-010
14329	5.1891e-010
14330	5.2614e-010
14331	5.4203e-010
14332	5.529e-010
14333	5.6354e-010
14334	5.797e-010
14335	5.9076e-010
14336	6.034e-010
14337	6.1971e-010
14338	6.3365e-010
14339	6.4386e-010
14340	6.6319e-010
14341	6.7727e-010
14342	6.9283e-010
14343	7.0571e-010
14344	7.2468e-010
14345	7.4097e-010
14346	7.5761e-010
14347	7.7471e-010
14348	7.9642e-010
14349	8.1828e-010
14350	8.2634e-010
14351	8.4309e-010
14352	8.7568e-010
14353	8.8321e-010
14354	9.0334e-010
14355	9.2776e-010
14356	9.5e-010
14357	9.6761e-010
14358	9.9256e-010
14359	1.0144e-009
14360	1.0374e-009
14361	1.0628e-009
14362	1.0887e-009
14363	1.1079e-009
14364	1.1273e-009
14365	1.1688e-009
14366	1.1713e-009
14367	1.1295e-009
14368	1.1109e-009
14369	1.0963e-009
14370	1.0717e-009
14371	1.0471e-009
14372	1.0253e-009
14373	1.0063e-009
14374	9.7562e-010
14375	9.661e-010
14376	9.4181e-010
14377	9.2209e-010
14378	9.0296e-010
14379	8.8511e-010
14380	8.6781e-010
14381	8.4299e-010
14382	8.3195e-010
14383	8.138e-010
14384	7.9706e-010
14385	7.8111e-010
14386	7.6872e-010
14387	7.5868e-010
14388	7.2268e-010
14389	7.3004e-010
14390	7.0851e-010
14391	7.0956e-010
14392	6.6577e-010
14393	6.7585e-010
14394	6.6496e-010
14395	6.2358e-010
14396	6.1348e-010
14397	6.3357e-010
14398	5.8688e-010
14399	5.8406e-010
14400	6.0219e-010
14401	5.6683e-010
14402	5.8987e-010
14403	5.3046e-010
14404	5.3374e-010
14405	5.0571e-010
14406	4.8824e-010
14407	4.9676e-010
14408	4.6953e-010
14409	4.8203e-010
14410	4.5069e-010
14411	4.569e-010
14412	4.2701e-010
14413	4.1233e-010
14414	4.1263e-010
14415	3.8543e-010
14416	4.0308e-010
14417	3.8068e-010
14418	3.717e-010
14419	3.1622e-010
14420	3.0421e-010
14421	3.3528e-010
14422	3.1748e-010
14423	3.5854e-010
14424	3.6627e-010
14425	5.2338e-010
14426	8.6111e-010
14427	1.3e-009
14428	1.2106e-009
14429	1.6299e-009
14430	1.9112e-009
14431	1.553e-010
14432	1.2752e-010
14433	2.0794e-010
14434	2.846e-010
14435	2.9498e-010
14436	3.0152e-010
14437	3.0985e-010
14438	3.1855e-010
14439	3.251e-010
14440	3.3409e-010
14441	3.4129e-010
14442	3.4841e-010
14443	3.594e-010
14444	3.6497e-010
14445	3.7614e-010
14446	3.8258e-010
14447	3.9229e-010
14448	4.0175e-010
14449	4.0999e-010
14450	4.2155e-010
14451	4.294e-010
14452	4.4161e-010
14453	4.492e-010
14454	4.6182e-010
14455	4.7107e-010
14456	4.8263e-010
14457	4.9437e-010
14458	5.0372e-010
14459	5.1896e-010
14460	5.2628e-010
14461	5.4224e-010
14462	5.5319e-010
14463	5.6384e-010
14464	5.8003e-010
14465	5.9104e-010
14466	6.036e-010
14467	6.1988e-010
14468	6.339e-010
14469	6.4424e-010
14470	6.6325e-010
14471	6.7736e-010
14472	6.9306e-010
14473	7.0586e-010
14474	7.2475e-010
14475	7.4103e-010
14476	7.5773e-010
14477	7.7478e-010
14478	7.9645e-010
14479	8.1836e-010
14480	8.2643e-010
14481	8.4323e-010
14482	8.7591e-010
14483	8.8371e-010
14484	9.039e-010
14485	9.2823e-010
14486	9.5063e-010
14487	9.6829e-010
14488	9.9362e-010
14489	1.0153e-009
14490	1.0383e-009
14491	1.0636e-009
14492	1.0897e-009
14493	1.109e-009
14494	1.1284e-009
14495	1.1699e-009
14496	1.1726e-009
14497	1.1308e-009
14498	1.1123e-009
14499	1.0978e-009
14500	1.0729e-009
14501	1.0478e-009
14502	1.0262e-009
14503	1.007e-009
14504	9.7637e-010
14505	9.6677e-010
14506	9.4237e-010
14507	9.2273e-010
14508	9.0353e-010
14509	8.8574e-010
14510	8.6838e-010
14511	8.4339e-010
14512	8.3219e-010
14513	8.1387e-010
14514	7.9709e-010
14515	7.8105e-010
14516	7.6887e-010
14517	7.601e-010
14518	7.2292e-010
14519	7.3143e-010
14520	7.0846e-010
14521	7.0939e-010
14522	6.6624e-010
14523	6.7569e-010
14524	6.6476e-010
14525	6.2333e-010
14526	6.1331e-010
14527	6.3345e-010
14528	5.868e-010
14529	5.8407e-010
14530	6.0234e-010
14531	5.6712e-010
14532	5.9031e-010
14533	5.3092e-010
14534	5.3423e-010
14535	5.0614e-010
14536	4.8874e-010
14537	4.9725e-010
14538	4.6999e-010
14539	4.8247e-010
14540	4.5118e-010
14541	4.5742e-010
14542	4.2764e-010
14543	4.1298e-010
14544	4.1325e-010
14545	3.8592e-010
14546	4.0347e-010
14547	3.8088e-010
14548	3.7185e-010
14549	3.1616e-010
14550	3.0411e-010
14551	3.353e-010
14552	3.1747e-010
14553	3.5863e-010
14554	3.6633e-010
14555	5.2357e-010
14556	8.614e-010
14557	1.3003e-009
14558	1.2108e-009
14559	1.6301e-009
14560	1.9111e-009
14561	1.3472e-010
14562	1.0717e-010
14563	1.9174e-010
14564	2.659e-010
14565	2.7387e-010
14566	2.8147e-010
14567	2.8967e-010
14568	2.9735e-010
14569	3.0198e-010
14570	3.1288e-010
14571	3.1907e-010
14572	3.2457e-010
14573	3.3632e-010
14574	3.3878e-010
14575	3.5188e-010
14576	3.5691e-010
14577	3.6658e-010
14578	3.7509e-010
14579	3.8247e-010
14580	3.9408e-010
14581	4.0002e-010
14582	4.1295e-010
14583	4.183e-010
14584	4.3189e-010
14585	4.3925e-010
14586	4.5049e-010
14587	4.623e-010
14588	4.6875e-010
14589	4.8623e-010
14590	4.8907e-010
14591	5.0754e-010
14592	5.1695e-010
14593	5.2451e-010
14594	5.4278e-010
14595	5.5129e-010
14596	5.6202e-010
14597	5.8022e-010
14598	5.9252e-010
14599	5.9942e-010
14600	6.1957e-010
14601	6.3377e-010
14602	6.4668e-010
14603	6.574e-010
14604	6.7542e-010
14605	6.9222e-010
14606	7.0738e-010
14607	7.2557e-010
14608	7.523e-010
14609	7.8205e-010
14610	7.7241e-010
14611	7.7025e-010
14612	8.0374e-010
14613	8.3433e-010
14614	8.5495e-010
14615	8.7021e-010
14616	8.9048e-010
14617	9.0696e-010
14618	9.2976e-010
14619	9.5095e-010
14620	9.7341e-010
14621	9.9878e-010
14622	1.0218e-009
14623	1.0365e-009
14624	1.056e-009
14625	1.0988e-009
14626	1.1011e-009
14627	1.0578e-009
14628	1.0388e-009
14629	1.0302e-009
14630	1.0097e-009
14631	9.8385e-010
14632	9.6212e-010
14633	9.4138e-010
14634	9.139e-010
14635	9.049e-010
14636	8.8479e-010
14637	8.6574e-010
14638	8.4801e-010
14639	8.3121e-010
14640	8.124e-010
14641	7.8812e-010
14642	7.7781e-010
14643	7.619e-010
14644	7.4821e-010
14645	7.394e-010
14646	7.277e-010
14647	7.1129e-010
14648	6.6521e-010
14649	6.8729e-010
14650	6.7877e-010
14651	6.6933e-010
14652	6.0903e-010
14653	6.3836e-010
14654	6.3872e-010
14655	5.7314e-010
14656	5.7318e-010
14657	6.1059e-010
14658	5.345e-010
14659	5.5489e-010
14660	5.8078e-010
14661	5.1197e-010
14662	5.743e-010
14663	4.8203e-010
14664	5.1439e-010
14665	4.7854e-010
14666	4.5203e-010
14667	4.7558e-010
14668	4.332e-010
14669	4.6247e-010
14670	4.172e-010
14671	4.3622e-010
14672	4.004e-010
14673	3.8801e-010
14674	3.9539e-010
14675	3.6095e-010
14676	3.8697e-010
14677	3.4799e-010
14678	3.577e-010
14679	2.931e-010
14680	2.8618e-010
14681	3.2511e-010
14682	2.8882e-010
14683	3.1676e-010
14684	3.7133e-010
14685	5.3217e-010
14686	8.2052e-010
14687	1.1483e-009
14688	1.0147e-009
14689	1.7813e-009
14690	1.3869e-009
14691	1.553e-010
14692	1.2752e-010
14693	2.0794e-010
14694	2.846e-010
14695	2.9498e-010
14696	3.0152e-010
14697	3.0985e-010
14698	3.1855e-010
14699	3.2509e-010
14700	3.341e-010
14701	3.4129e-010
14702	3.4841e-010
14703	3.594e-010
14704	3.6497e-010
14705	3.7614e-010
14706	3.8258e-010
14707	3.923e-010
14708	4.0175e-010
14709	4.0999e-010
14710	4.2155e-010
14711	4.294e-010
14712	4.416e-010
14713	4.492e-010
14714	4.6182e-010
14715	4.7107e-010
14716	4.8263e-010
14717	4.9437e-010
14718	5.0372e-010
14719	5.1897e-010
14720	5.2628e-010
14721	5.4224e-010
14722	5.5319e-010
14723	5.6384e-010
14724	5.8003e-010
14725	5.9104e-010
14726	6.0358e-010
14727	6.1984e-010
14728	6.3393e-010
14729	6.4416e-010
14730	6.633e-010
14731	6.7734e-010
14732	6.9306e-010
14733	7.0585e-010
14734	7.2476e-010
14735	7.4104e-010
14736	7.5773e-010
14737	7.7478e-010
14738	7.9644e-010
14739	8.1836e-010
14740	8.2643e-010
14741	8.4323e-010
14742	8.7591e-010
14743	8.8371e-010
14744	9.0391e-010
14745	9.2823e-010
14746	9.5063e-010
14747	9.6828e-010
14748	9.9362e-010
14749	1.0153e-009
14750	1.0383e-009
14751	1.0637e-009
14752	1.0897e-009
14753	1.109e-009
14754	1.1284e-009
14755	1.1699e-009
14756	1.1726e-009
14757	1.1308e-009
14758	1.1122e-009
14759	1.0977e-009
14760	1.0729e-009
14761	1.0478e-009
14762	1.0262e-009
14763	1.007e-009
14764	9.7637e-010
14765	9.6677e-010
14766	9.4237e-010
14767	9.2272e-010
14768	9.0352e-010
14769	8.857e-010
14770	8.6839e-010
14771	8.4319e-010
14772	8.3226e-010
14773	8.1384e-010
14774	7.9709e-010
14775	7.8101e-010
14776	7.6864e-010
14777	7.6306e-010
14778	7.1996e-010
14779	7.3434e-010
14780	7.0821e-010
14781	7.0925e-010
14782	6.6623e-010
14783	6.7572e-010
14784	6.6477e-010
14785	6.2332e-010
14786	6.1331e-010
14787	6.3344e-010
14788	5.868e-010
14789	5.8407e-010
14790	6.0237e-010
14791	5.671e-010
14792	5.903e-010
14793	5.309e-010
14794	5.3424e-010
14795	5.0614e-010
14796	4.8874e-010
14797	4.9726e-010
14798	4.6997e-010
14799	4.8246e-010
14800	4.5117e-010
14801	4.5742e-010
14802	4.2764e-010
14803	4.1298e-010
14804	4.1326e-010
14805	3.8593e-010
14806	4.0347e-010
14807	3.8088e-010
14808	3.7185e-010
14809	3.1615e-010
14810	3.0411e-010
14811	3.353e-010
14812	3.1747e-010
14813	3.5862e-010
14814	3.6634e-010
14815	5.2358e-010
14816	8.614e-010
14817	1.3003e-009
14818	1.2108e-009
14819	1.6301e-009
14820	1.9112e-009
14821	1.5511e-010
14822	1.2742e-010
14823	2.0783e-010
14824	2.8442e-010
14825	2.9482e-010
14826	3.0135e-010
14827	3.0971e-010
14828	3.1839e-010
14829	3.2494e-010
14830	3.3396e-010
14831	3.4117e-010
14832	3.4826e-010
14833	3.5925e-010
14834	3.6478e-010
14835	3.7596e-010
14836	3.8242e-010
14837	3.9218e-010
14838	4.0164e-010
14839	4.099e-010
14840	4.213e-010
14841	4.2913e-010
14842	4.4138e-010
14843	4.4899e-010
14844	4.6152e-010
14845	4.7076e-010
14846	4.8249e-010
14847	4.9431e-010
14848	5.0364e-010
14849	5.1893e-010
14850	5.2616e-010
14851	5.4202e-010
14852	5.5291e-010
14853	5.635e-010
14854	5.7969e-010
14855	5.9076e-010
14856	6.0342e-010
14857	6.1968e-010
14858	6.3372e-010
14859	6.4392e-010
14860	6.6327e-010
14861	6.7728e-010
14862	6.9283e-010
14863	7.0571e-010
14864	7.2466e-010
14865	7.41e-010
14866	7.576e-010
14867	7.7471e-010
14868	7.9642e-010
14869	8.1831e-010
14870	8.2633e-010
14871	8.4307e-010
14872	8.7567e-010
14873	8.8321e-010
14874	9.0337e-010
14875	9.2774e-010
14876	9.4999e-010
14877	9.6761e-010
14878	9.9256e-010
14879	1.0144e-009
14880	1.0374e-009
14881	1.0628e-009
14882	1.0887e-009
14883	1.1079e-009
14884	1.1273e-009
14885	1.1688e-009
14886	1.1714e-009
14887	1.1295e-009
14888	1.1109e-009
14889	1.0963e-009
14890	1.0717e-009
14891	1.0471e-009
14892	1.0253e-009
14893	1.0063e-009
14894	9.7562e-010
14895	9.6611e-010
14896	9.4181e-010
14897	9.2209e-010
14898	9.0295e-010
14899	8.8516e-010
14900	8.6781e-010
14901	8.4291e-010
14902	8.3199e-010
14903	8.1379e-010
14904	7.9704e-010
14905	7.81e-010
14906	7.6856e-010
14907	7.6293e-010
14908	7.2011e-010
14909	7.3436e-010
14910	7.0831e-010
14911	7.0931e-010
14912	6.6622e-010
14913	6.7573e-010
14914	6.6492e-010
14915	6.2359e-010
14916	6.1345e-010
14917	6.3356e-010
14918	5.8687e-010
14919	5.8406e-010
14920	6.0217e-010
14921	5.6684e-010
14922	5.8986e-010
14923	5.3046e-010
14924	5.3374e-010
14925	5.057e-010
14926	4.8825e-010
14927	4.9676e-010
14928	4.695e-010
14929	4.8202e-010
14930	4.5069e-010
14931	4.5689e-010
14932	4.2703e-010
14933	4.1233e-010
14934	4.1263e-010
14935	3.8543e-010
14936	4.0308e-010
14937	3.8068e-010
14938	3.7171e-010
14939	3.1622e-010
14940	3.0421e-010
14941	3.3527e-010
14942	3.1748e-010
14943	3.5854e-010
14944	3.6628e-010
14945	5.234e-010
14946	8.611e-010
14947	1.3e-009
14948	1.2106e-009
14949	1.63e-009
14950	1.9111e-009
14951	1.3458e-010
14952	1.0706e-010
14953	1.9163e-010
14954	2.658e-010
14955	2.737e-010
14956	2.8127e-010
14957	2.895e-010
14958	2.9718e-010
14959	3.0172e-010
14960	3.1255e-010
14961	3.1875e-010
14962	3.2427e-010
14963	3.3602e-010
14964	3.3852e-010
14965	3.5154e-010
14966	3.5668e-010
14967	3.6636e-010
14968	3.7499e-010
14969	3.8231e-010
14970	3.9369e-010
14971	3.9957e-010
14972	4.1276e-010
14973	4.1803e-010
14974	4.3145e-010
14975	4.3883e-010
14976	4.5036e-010
14977	4.6227e-010
14978	4.685e-010
14979	4.8585e-010
14980	4.8861e-010
14981	5.0701e-010
14982	5.1646e-010
14983	5.2401e-010
14984	5.4229e-010
14985	5.509e-010
14986	5.6169e-010
14987	5.7966e-010
14988	5.9181e-010
14989	5.9899e-010
14990	6.1939e-010
14991	6.3367e-010
14992	6.4627e-010
14993	6.5704e-010
14994	6.7537e-010
14995	6.9219e-010
14996	7.0735e-010
14997	7.2547e-010
14998	7.5207e-010
14999	7.8191e-010
15000	7.7207e-010
15001	7.7017e-010
15002	8.0327e-010
15003	8.3356e-010
15004	8.5409e-010
15005	8.6929e-010
15006	8.8953e-010
15007	9.0572e-010
15008	9.2818e-010
15009	9.4939e-010
15010	9.7163e-010
15011	9.9745e-010
15012	1.0201e-009
15013	1.0346e-009
15014	1.054e-009
15015	1.0968e-009
15016	1.0988e-009
15017	1.0557e-009
15018	1.0366e-009
15019	1.0278e-009
15020	1.0079e-009
15021	9.8212e-010
15022	9.6058e-010
15023	9.4026e-010
15024	9.1288e-010
15025	9.0388e-010
15026	8.8376e-010
15027	8.6484e-010
15028	8.4697e-010
15029	8.3017e-010
15030	8.1171e-010
15031	7.8752e-010
15032	7.7746e-010
15033	7.6175e-010
15034	7.4797e-010
15035	7.3941e-010
15036	7.2754e-010
15037	7.1152e-010
15038	6.6411e-010
15039	6.8764e-010
15040	6.79e-010
15041	6.6958e-010
15042	6.0898e-010
15043	6.3823e-010
15044	6.389e-010
15045	5.7339e-010
15046	5.7342e-010
15047	6.1062e-010
15048	5.3476e-010
15049	5.5479e-010
15050	5.8066e-010
15051	5.1165e-010
15052	5.7392e-010
15053	4.8156e-010
15054	5.1393e-010
15055	4.7804e-010
15056	4.5154e-010
15057	4.7489e-010
15058	4.324e-010
15059	4.6153e-010
15060	4.162e-010
15061	4.3521e-010
15062	3.9933e-010
15063	3.8704e-010
15064	3.9444e-010
15065	3.602e-010
15066	3.8657e-010
15067	3.4784e-010
15068	3.5774e-010
15069	2.9345e-010
15070	2.8658e-010
15071	3.2535e-010
15072	2.8912e-010
15073	3.1676e-010
15074	3.7145e-010
15075	5.3195e-010
15076	8.1995e-010
15077	1.1478e-009
15078	1.0143e-009
15079	1.7809e-009
15080	1.3871e-009
15081	1.5508e-010
15082	1.2737e-010
15083	2.0779e-010
15084	2.8441e-010
15085	2.9477e-010
15086	3.0128e-010
15087	3.0961e-010
15088	3.183e-010
15089	3.2484e-010
15090	3.3382e-010
15091	3.4099e-010
15092	3.4811e-010
15093	3.5914e-010
15094	3.6478e-010
15095	3.7596e-010
15096	3.824e-010
15097	3.9216e-010
15098	4.0168e-010
15099	4.0992e-010
15100	4.2128e-010
15101	4.2911e-010
15102	4.4144e-010
15103	4.4906e-010
15104	4.6158e-010
15105	4.707e-010
15106	4.8227e-010
15107	4.94e-010
15108	5.0338e-010
15109	5.1871e-010
15110	5.2595e-010
15111	5.4184e-010
15112	5.5273e-010
15113	5.634e-010
15114	5.7972e-010
15115	5.9079e-010
15116	6.0336e-010
15117	6.1973e-010
15118	6.3389e-010
15119	6.4407e-010
15120	6.6329e-010
15121	6.7727e-010
15122	6.9292e-010
15123	7.0585e-010
15124	7.2471e-010
15125	7.4101e-010
15126	7.5769e-010
15127	7.7486e-010
15128	7.9647e-010
15129	8.1824e-010
15130	8.2604e-010
15131	8.4283e-010
15132	8.7549e-010
15133	8.8313e-010
15134	9.0318e-010
15135	9.2735e-010
15136	9.4974e-010
15137	9.6728e-010
15138	9.9192e-010
15139	1.0136e-009
15140	1.0364e-009
15141	1.0621e-009
15142	1.088e-009
15143	1.1068e-009
15144	1.1264e-009
15145	1.1677e-009
15146	1.1701e-009
15147	1.1286e-009
15148	1.1101e-009
15149	1.0955e-009
15150	1.0712e-009
15151	1.0466e-009
15152	1.0249e-009
15153	1.0059e-009
15154	9.7546e-010
15155	9.6588e-010
15156	9.4165e-010
15157	9.2191e-010
15158	9.0282e-010
15159	8.8481e-010
15160	8.6759e-010
15161	8.426e-010
15162	8.3187e-010
15163	8.1375e-010
15164	7.9683e-010
15165	7.8095e-010
15166	7.6862e-010
15167	7.6027e-010
15168	7.2068e-010
15169	7.3173e-010
15170	7.0839e-010
15171	7.0939e-010
15172	6.6647e-010
15173	6.7591e-010
15174	6.6519e-010
15175	6.2382e-010
15176	6.1359e-010
15177	6.3349e-010
15178	5.8674e-010
15179	5.8395e-010
15180	6.0206e-010
15181	5.6659e-010
15182	5.8968e-010
15183	5.3009e-010
15184	5.3342e-010
15185	5.0532e-010
15186	4.8785e-010
15187	4.9642e-010
15188	4.6905e-010
15189	4.8151e-010
15190	4.5006e-010
15191	4.5629e-010
15192	4.2648e-010
15193	4.1188e-010
15194	4.1217e-010
15195	3.8508e-010
15196	4.0294e-010
15197	3.8054e-010
15198	3.7187e-010
15199	3.1636e-010
15200	3.0455e-010
15201	3.3559e-010
15202	3.1753e-010
15203	3.5872e-010
15204	3.6635e-010
15205	5.2334e-010
15206	8.61e-010
15207	1.2997e-009
15208	1.2104e-009
15209	1.6298e-009
15210	1.9107e-009
15211	1.551e-010
15212	1.2736e-010
15213	2.0779e-010
15214	2.8441e-010
15215	2.9477e-010
15216	3.0128e-010
15217	3.0961e-010
15218	3.183e-010
15219	3.2483e-010
15220	3.3382e-010
15221	3.4099e-010
15222	3.4812e-010
15223	3.5914e-010
15224	3.6478e-010
15225	3.7596e-010
15226	3.824e-010
15227	3.9216e-010
15228	4.0168e-010
15229	4.0991e-010
15230	4.2129e-010
15231	4.2911e-010
15232	4.4144e-010
15233	4.4906e-010
15234	4.6157e-010
15235	4.7069e-010
15236	4.8227e-010
15237	4.94e-010
15238	5.0337e-010
15239	5.187e-010
15240	5.2595e-010
15241	5.4184e-010
15242	5.5272e-010
15243	5.6341e-010
15244	5.7972e-010
15245	5.9079e-010
15246	6.0336e-010
15247	6.1973e-010
15248	6.3389e-010
15249	6.4408e-010
15250	6.6329e-010
15251	6.7727e-010
15252	6.9291e-010
15253	7.0584e-010
15254	7.247e-010
15255	7.4101e-010
15256	7.5769e-010
15257	7.7485e-010
15258	7.9647e-010
15259	8.1824e-010
15260	8.261e-010
15261	8.4282e-010
15262	8.7549e-010
15263	8.8313e-010
15264	9.0318e-010
15265	9.2735e-010
15266	9.4978e-010
15267	9.6728e-010
15268	9.9193e-010
15269	1.0136e-009
15270	1.0364e-009
15271	1.0621e-009
15272	1.088e-009
15273	1.1068e-009
15274	1.1264e-009
15275	1.1677e-009
15276	1.1701e-009
15277	1.1286e-009
15278	1.1101e-009
15279	1.0956e-009
15280	1.0712e-009
15281	1.0466e-009
15282	1.0249e-009
15283	1.0059e-009
15284	9.7545e-010
15285	9.6588e-010
15286	9.4164e-010
15287	9.2195e-010
15288	9.0281e-010
15289	8.8481e-010
15290	8.676e-010
15291	8.4258e-010
15292	8.3192e-010
15293	8.1371e-010
15294	7.9685e-010
15295	7.8085e-010
15296	7.6861e-010
15297	7.604e-010
15298	7.1831e-010
15299	7.3175e-010
15300	7.0839e-010
15301	7.093e-010
15302	6.6648e-010
15303	6.7592e-010
15304	6.6518e-010
15305	6.2384e-010
15306	6.1359e-010
15307	6.3349e-010
15308	5.8674e-010
15309	5.8395e-010
15310	6.0205e-010
15311	5.6659e-010
15312	5.8968e-010
15313	5.3009e-010
15314	5.3341e-010
15315	5.0532e-010
15316	4.8784e-010
15317	4.9641e-010
15318	4.6905e-010
15319	4.8151e-010
15320	4.5006e-010
15321	4.5629e-010
15322	4.2648e-010
15323	4.1188e-010
15324	4.1217e-010
15325	3.8507e-010
15326	4.0293e-010
15327	3.8054e-010
15328	3.7186e-010
15329	3.1637e-010
15330	3.0455e-010
15331	3.3558e-010
15332	3.1754e-010
15333	3.5872e-010
15334	3.6635e-010
15335	5.2333e-010
15336	8.61e-010
15337	1.2997e-009
15338	1.2104e-009
15339	1.6298e-009
15340	1.9107e-009
15341	1.3459e-010
15342	1.0707e-010
15343	1.9163e-010
15344	2.6579e-010
15345	2.7371e-010
15346	2.8127e-010
15347	2.895e-010
15348	2.9718e-010
15349	3.0171e-010
15350	3.1253e-010
15351	3.1876e-010
15352	3.2425e-010
15353	3.3603e-010
15354	3.3847e-010
15355	3.5155e-010
15356	3.5669e-010
15357	3.6636e-010
15358	3.7499e-010
15359	3.8231e-010
15360	3.937e-010
15361	3.9958e-010
15362	4.1277e-010
15363	4.18e-010
15364	4.3147e-010
15365	4.3885e-010
15366	4.5037e-010
15367	4.6222e-010
15368	4.685e-010
15369	4.8585e-010
15370	4.8861e-010
15371	5.0701e-010
15372	5.1648e-010
15373	5.2403e-010
15374	5.423e-010
15375	5.5088e-010
15376	5.6169e-010
15377	5.7966e-010
15378	5.9182e-010
15379	5.9898e-010
15380	6.1938e-010
15381	6.3367e-010
15382	6.4627e-010
15383	6.5706e-010
15384	6.7539e-010
15385	6.9219e-010
15386	7.0735e-010
15387	7.2549e-010
15388	7.5206e-010
15389	7.8193e-010
15390	7.721e-010
15391	7.7019e-010
15392	8.0328e-010
15393	8.336e-010
15394	8.5405e-010
15395	8.6931e-010
15396	8.8956e-010
15397	9.0576e-010
15398	9.2823e-010
15399	9.4942e-010
15400	9.7165e-010
15401	9.9747e-010
15402	1.0201e-009
15403	1.0346e-009
15404	1.0541e-009
15405	1.0967e-009
15406	1.0988e-009
15407	1.0556e-009
15408	1.0366e-009
15409	1.0278e-009
15410	1.0079e-009
15411	9.8213e-010
15412	9.6059e-010
15413	9.4021e-010
15414	9.1293e-010
15415	9.0391e-010
15416	8.8377e-010
15417	8.6485e-010
15418	8.4699e-010
15419	8.3018e-010
15420	8.1167e-010
15421	7.8759e-010
15422	7.7747e-010
15423	7.6186e-010
15424	7.4795e-010
15425	7.3939e-010
15426	7.2733e-010
15427	7.107e-010
15428	6.6196e-010
15429	6.8663e-010
15430	6.7878e-010
15431	6.6955e-010
15432	6.0894e-010
15433	6.3825e-010
15434	6.3887e-010
15435	5.7339e-010
15436	5.7345e-010
15437	6.1063e-010
15438	5.347e-010
15439	5.5481e-010
15440	5.8065e-010
15441	5.1167e-010
15442	5.739e-010
15443	4.8158e-010
15444	5.1393e-010
15445	4.7806e-010
15446	4.5151e-010
15447	4.749e-010
15448	4.3242e-010
15449	4.6153e-010
15450	4.1621e-010
15451	4.3521e-010
15452	3.9933e-010
15453	3.8705e-010
15454	3.9443e-010
15455	3.602e-010
15456	3.8654e-010
15457	3.4785e-010
15458	3.5775e-010
15459	2.9347e-010
15460	2.8658e-010
15461	3.2536e-010
15462	2.8912e-010
15463	3.1676e-010
15464	3.7145e-010
15465	5.3195e-010
15466	8.1995e-010
15467	1.1478e-009
15468	1.0143e-009
15469	1.7809e-009
15470	1.3871e-009
15471	1.5511e-010
15472	1.2742e-010
15473	2.0783e-010
15474	2.8443e-010
15475	2.9482e-010
15476	3.0135e-010
15477	3.097e-010
15478	3.184e-010
15479	3.2495e-010
15480	3.3395e-010
15481	3.4117e-010
15482	3.4828e-010
15483	3.5923e-010
15484	3.6478e-010
15485	3.7594e-010
15486	3.824e-010
15487	3.922e-010
15488	4.0164e-010
15489	4.0988e-010
15490	4.2133e-010
15491	4.2914e-010
15492	4.414e-010
15493	4.4898e-010
15494	4.6152e-010
15495	4.7076e-010
15496	4.8248e-010
15497	4.943e-010
15498	5.0364e-010
15499	5.1892e-010
15500	5.2616e-010
15501	5.4205e-010
15502	5.5292e-010
15503	5.635e-010
15504	5.7968e-010
15505	5.9076e-010
15506	6.0343e-010
15507	6.1969e-010
15508	6.3372e-010
15509	6.4392e-010
15510	6.6328e-010
15511	6.7728e-010
15512	6.9283e-010
15513	7.057e-010
15514	7.247e-010
15515	7.4101e-010
15516	7.5758e-010
15517	7.7467e-010
15518	7.9641e-010
15519	8.183e-010
15520	8.2636e-010
15521	8.4308e-010
15522	8.7563e-010
15523	8.8322e-010
15524	9.0341e-010
15525	9.277e-010
15526	9.4999e-010
15527	9.676e-010
15528	9.9255e-010
15529	1.0143e-009
15530	1.0374e-009
15531	1.0628e-009
15532	1.0888e-009
15533	1.1079e-009
15534	1.1273e-009
15535	1.1688e-009
15536	1.1713e-009
15537	1.1295e-009
15538	1.1109e-009
15539	1.0963e-009
15540	1.0716e-009
15541	1.047e-009
15542	1.0253e-009
15543	1.0063e-009
15544	9.7561e-010
15545	9.661e-010
15546	9.4181e-010
15547	9.2214e-010
15548	9.0299e-010
15549	8.8513e-010
15550	8.6782e-010
15551	8.4269e-010
15552	8.3198e-010
15553	8.1379e-010
15554	7.9705e-010
15555	7.8094e-010
15556	7.6848e-010
15557	7.6275e-010
15558	7.1702e-010
15559	7.3404e-010
15560	7.0829e-010
15561	7.0928e-010
15562	6.6618e-010
15563	6.7575e-010
15564	6.6496e-010
15565	6.2353e-010
15566	6.1348e-010
15567	6.3356e-010
15568	5.8685e-010
15569	5.8404e-010
15570	6.0217e-010
15571	5.6684e-010
15572	5.8988e-010
15573	5.3045e-010
15574	5.3374e-010
15575	5.057e-010
15576	4.8826e-010
15577	4.9677e-010
15578	4.6951e-010
15579	4.8201e-010
15580	4.507e-010
15581	4.569e-010
15582	4.2703e-010
15583	4.1233e-010
15584	4.1263e-010
15585	3.8542e-010
15586	4.031e-010
15587	3.8065e-010
15588	3.7171e-010
15589	3.1622e-010
15590	3.0421e-010
15591	3.3527e-010
15592	3.1747e-010
15593	3.5855e-010
15594	3.6629e-010
15595	5.2339e-010
15596	8.611e-010
15597	1.3e-009
15598	1.2105e-009
15599	1.63e-009
15600	1.9112e-009
15601	1.553e-010
15602	1.2752e-010
15603	2.0794e-010
15604	2.8459e-010
15605	2.9498e-010
15606	3.0152e-010
15607	3.0985e-010
15608	3.1856e-010
15609	3.2509e-010
15610	3.341e-010
15611	3.4131e-010
15612	3.4841e-010
15613	3.5939e-010
15614	3.6497e-010
15615	3.7613e-010
15616	3.8258e-010
15617	3.9232e-010
15618	4.0175e-010
15619	4.1e-010
15620	4.2153e-010
15621	4.294e-010
15622	4.4161e-010
15623	4.4919e-010
15624	4.6184e-010
15625	4.7106e-010
15626	4.8262e-010
15627	4.9436e-010
15628	5.0371e-010
15629	5.1901e-010
15630	5.2629e-010
15631	5.4224e-010
15632	5.5316e-010
15633	5.6382e-010
15634	5.8002e-010
15635	5.9101e-010
15636	6.0358e-010
15637	6.1984e-010
15638	6.3396e-010
15639	6.4412e-010
15640	6.6332e-010
15641	6.7737e-010
15642	6.9305e-010
15643	7.0584e-010
15644	7.2474e-010
15645	7.4106e-010
15646	7.5773e-010
15647	7.7476e-010
15648	7.9648e-010
15649	8.1838e-010
15650	8.2642e-010
15651	8.4323e-010
15652	8.7596e-010
15653	8.8365e-010
15654	9.0391e-010
15655	9.2827e-010
15656	9.5063e-010
15657	9.6827e-010
15658	9.9361e-010
15659	1.0153e-009
15660	1.0383e-009
15661	1.0636e-009
15662	1.0898e-009
15663	1.109e-009
15664	1.1284e-009
15665	1.1699e-009
15666	1.1725e-009
15667	1.1308e-009
15668	1.1122e-009
15669	1.0977e-009
15670	1.0729e-009
15671	1.0479e-009
15672	1.0262e-009
15673	1.007e-009
15674	9.7637e-010
15675	9.6675e-010
15676	9.4238e-010
15677	9.2274e-010
15678	9.035e-010
15679	8.8572e-010
15680	8.6834e-010
15681	8.4289e-010
15682	8.3225e-010
15683	8.1383e-010
15684	7.9709e-010
15685	7.8084e-010
15686	7.688e-010
15687	7.623e-010
15688	7.1708e-010
15689	7.3344e-010
15690	7.084e-010
15691	7.0922e-010
15692	6.6584e-010
15693	6.7578e-010
15694	6.6475e-010
15695	6.2332e-010
15696	6.1332e-010
15697	6.3344e-010
15698	5.8679e-010
15699	5.8407e-010
15700	6.0234e-010
15701	5.6709e-010
15702	5.9029e-010
15703	5.3088e-010
15704	5.3421e-010
15705	5.0617e-010
15706	4.8871e-010
15707	4.9723e-010
15708	4.6997e-010
15709	4.8246e-010
15710	4.5118e-010
15711	4.5743e-010
15712	4.2765e-010
15713	4.1297e-010
15714	4.1325e-010
15715	3.8594e-010
15716	4.0348e-010
15717	3.8088e-010
15718	3.7184e-010
15719	3.1615e-010
15720	3.0414e-010
15721	3.3528e-010
15722	3.1747e-010
15723	3.5862e-010
15724	3.6635e-010
15725	5.2355e-010
15726	8.6144e-010
15727	1.3002e-009
15728	1.2108e-009
15729	1.6302e-009
15730	1.9112e-009
15731	1.3475e-010
15732	1.0717e-010
15733	1.9173e-010
15734	2.6591e-010
15735	2.7387e-010
15736	2.8144e-010
15737	2.897e-010
15738	2.9737e-010
15739	3.0194e-010
15740	3.1284e-010
15741	3.1906e-010
15742	3.2457e-010
15743	3.3633e-010
15744	3.3881e-010
15745	3.5188e-010
15746	3.5694e-010
15747	3.6659e-010
15748	3.7511e-010
15749	3.8248e-010
15750	3.941e-010
15751	3.9996e-010
15752	4.1299e-010
15753	4.1824e-010
15754	4.3187e-010
15755	4.3923e-010
15756	4.5051e-010
15757	4.6233e-010
15758	4.6875e-010
15759	4.8625e-010
15760	4.8909e-010
15761	5.0747e-010
15762	5.1697e-010
15763	5.2452e-010
15764	5.4272e-010
15765	5.5123e-010
15766	5.6203e-010
15767	5.8013e-010
15768	5.9243e-010
15769	5.9945e-010
15770	6.195e-010
15771	6.338e-010
15772	6.4659e-010
15773	6.5741e-010
15774	6.7535e-010
15775	6.9221e-010
15776	7.0735e-010
15777	7.2559e-010
15778	7.5229e-010
15779	7.821e-010
15780	7.7233e-010
15781	7.7029e-010
15782	8.036e-010
15783	8.3438e-010
15784	8.5479e-010
15785	8.7025e-010
15786	8.905e-010
15787	9.0699e-010
15788	9.2944e-010
15789	9.5101e-010
15790	9.7347e-010
15791	9.9879e-010
15792	1.0219e-009
15793	1.0365e-009
15794	1.056e-009
15795	1.0989e-009
15796	1.1011e-009
15797	1.0579e-009
15798	1.0389e-009
15799	1.0303e-009
15800	1.0098e-009
15801	9.8393e-010
15802	9.6213e-010
15803	9.4145e-010
15804	9.1381e-010
15805	9.0479e-010
15806	8.8482e-010
15807	8.6573e-010
15808	8.4801e-010
15809	8.3139e-010
15810	8.1219e-010
15811	7.8878e-010
15812	7.7768e-010
15813	7.6191e-010
15814	7.4821e-010
15815	7.3959e-010
15816	7.2735e-010
15817	7.0908e-010
15818	6.6607e-010
15819	6.851e-010
15820	6.7843e-010
15821	6.6962e-010
15822	6.0878e-010
15823	6.3853e-010
15824	6.387e-010
15825	5.7323e-010
15826	5.7313e-010
15827	6.1047e-010
15828	5.3457e-010
15829	5.5473e-010
15830	5.808e-010
15831	5.12e-010
15832	5.7433e-010
15833	4.82e-010
15834	5.1437e-010
15835	4.7849e-010
15836	4.5206e-010
15837	4.7564e-010
15838	4.3324e-010
15839	4.6247e-010
15840	4.1722e-010
15841	4.3623e-010
15842	4.0043e-010
15843	3.8804e-010
15844	3.9542e-010
15845	3.6098e-010
15846	3.8699e-010
15847	3.48e-010
15848	3.5769e-010
15849	2.9306e-010
15850	2.8621e-010
15851	3.2511e-010
15852	2.8882e-010
15853	3.1678e-010
15854	3.7136e-010
15855	5.3221e-010
15856	8.2054e-010
15857	1.1483e-009
15858	1.0147e-009
15859	1.7814e-009
15860	1.3869e-009
15861	1.5529e-010
15862	1.2752e-010
15863	2.0794e-010
15864	2.8459e-010
15865	2.9498e-010
15866	3.0152e-010
15867	3.0985e-010
15868	3.1856e-010
15869	3.2509e-010
15870	3.341e-010
15871	3.4131e-010
15872	3.4841e-010
15873	3.5939e-010
15874	3.6497e-010
15875	3.7613e-010
15876	3.8258e-010
15877	3.9232e-010
15878	4.0175e-010
15879	4.1e-010
15880	4.2153e-010
15881	4.294e-010
15882	4.4163e-010
15883	4.492e-010
15884	4.6184e-010
15885	4.7104e-010
15886	4.8262e-010
15887	4.9436e-010
15888	5.0371e-010
15889	5.1901e-010
15890	5.2629e-010
15891	5.4224e-010
15892	5.5317e-010
15893	5.6382e-010
15894	5.8002e-010
15895	5.9101e-010
15896	6.0358e-010
15897	6.1984e-010
15898	6.3396e-010
15899	6.4413e-010
15900	6.6332e-010
15901	6.7737e-010
15902	6.9305e-010
15903	7.0584e-010
15904	7.2474e-010
15905	7.4107e-010
15906	7.5772e-010
15907	7.7476e-010
15908	7.9648e-010
15909	8.1842e-010
15910	8.2641e-010
15911	8.4323e-010
15912	8.7596e-010
15913	8.8365e-010
15914	9.0391e-010
15915	9.2826e-010
15916	9.5063e-010
15917	9.6827e-010
15918	9.9357e-010
15919	1.0153e-009
15920	1.0383e-009
15921	1.0636e-009
15922	1.0898e-009
15923	1.109e-009
15924	1.1284e-009
15925	1.1699e-009
15926	1.1725e-009
15927	1.1308e-009
15928	1.1122e-009
15929	1.0977e-009
15930	1.0729e-009
15931	1.0479e-009
15932	1.0262e-009
15933	1.007e-009
15934	9.7637e-010
15935	9.6675e-010
15936	9.4238e-010
15937	9.2273e-010
15938	9.0359e-010
15939	8.8576e-010
15940	8.6796e-010
15941	8.4459e-010
15942	8.3182e-010
15943	8.1391e-010
15944	7.9714e-010
15945	7.8108e-010
15946	7.6849e-010
15947	7.6203e-010
15948	7.1982e-010
15949	7.3325e-010
15950	7.0785e-010
15951	7.125e-010
15952	6.6395e-010
15953	6.7861e-010
15954	6.6456e-010
15955	6.2327e-010
15956	6.1331e-010
15957	6.3344e-010
15958	5.8679e-010
15959	5.8407e-010
15960	6.0234e-010
15961	5.6709e-010
15962	5.9029e-010
15963	5.3088e-010
15964	5.3421e-010
15965	5.0617e-010
15966	4.8871e-010
15967	4.9723e-010
15968	4.6997e-010
15969	4.8246e-010
15970	4.5118e-010
15971	4.5743e-010
15972	4.2764e-010
15973	4.1297e-010
15974	4.1325e-010
15975	3.8594e-010
15976	4.0348e-010
15977	3.8088e-010
15978	3.7185e-010
15979	3.1615e-010
15980	3.0414e-010
15981	3.3529e-010
15982	3.1747e-010
15983	3.5862e-010
15984	3.6635e-010
15985	5.2355e-010
15986	8.6144e-010
15987	1.3002e-009
15988	1.2108e-009
15989	1.6302e-009
15990	1.9112e-009
15991	1.551e-010
15992	1.2741e-010
15993	2.0783e-010
15994	2.8443e-010
15995	2.9482e-010
15996	3.0136e-010
15997	3.0968e-010
15998	3.1839e-010
15999	3.2495e-010
16000	3.3395e-010
16001	3.4117e-010
16002	3.4828e-010
16003	3.5923e-010
16004	3.6479e-010
16005	3.7593e-010
16006	3.8239e-010
16007	3.922e-010
16008	4.0164e-010
16009	4.0988e-010
16010	4.2133e-010
16011	4.2914e-010
16012	4.414e-010
16013	4.4898e-010
16014	4.6152e-010
16015	4.7076e-010
16016	4.8248e-010
16017	4.943e-010
16018	5.0364e-010
16019	5.1892e-010
16020	5.2616e-010
16021	5.4205e-010
16022	5.5289e-010
16023	5.635e-010
16024	5.7968e-010
16025	5.9075e-010
16026	6.0343e-010
16027	6.197e-010
16028	6.3373e-010
16029	6.4392e-010
16030	6.6329e-010
16031	6.7729e-010
16032	6.9283e-010
16033	7.0571e-010
16034	7.2466e-010
16035	7.41e-010
16036	7.5757e-010
16037	7.7467e-010
16038	7.964e-010
16039	8.183e-010
16040	8.2636e-010
16041	8.4308e-010
16042	8.7563e-010
16043	8.8321e-010
16044	9.034e-010
16045	9.2769e-010
16046	9.4999e-010
16047	9.676e-010
16048	9.9255e-010
16049	1.0143e-009
16050	1.0374e-009
16051	1.0628e-009
16052	1.0888e-009
16053	1.1079e-009
16054	1.1273e-009
16055	1.1688e-009
16056	1.1713e-009
16057	1.1295e-009
16058	1.1109e-009
16059	1.0963e-009
16060	1.0716e-009
16061	1.047e-009
16062	1.0253e-009
16063	1.0063e-009
16064	9.7562e-010
16065	9.6613e-010
16066	9.4181e-010
16067	9.2213e-010
16068	9.0302e-010
16069	8.8509e-010
16070	8.6751e-010
16071	8.4389e-010
16072	8.3172e-010
16073	8.1378e-010
16074	7.9713e-010
16075	7.809e-010
16076	7.6875e-010
16077	7.6247e-010
16078	7.2035e-010
16079	7.3376e-010
16080	7.0827e-010
16081	7.139e-010
16082	6.6452e-010
16083	6.8004e-010
16084	6.6474e-010
16085	6.2344e-010
16086	6.1351e-010
16087	6.3354e-010
16088	5.8686e-010
16089	5.8405e-010
16090	6.0217e-010
16091	5.6684e-010
16092	5.8988e-010
16093	5.3045e-010
16094	5.3376e-010
16095	5.057e-010
16096	4.8826e-010
16097	4.9677e-010
16098	4.6951e-010
16099	4.8201e-010
16100	4.507e-010
16101	4.569e-010
16102	4.2704e-010
16103	4.1233e-010
16104	4.1263e-010
16105	3.8543e-010
16106	4.031e-010
16107	3.8065e-010
16108	3.7172e-010
16109	3.1622e-010
16110	3.0421e-010
16111	3.3527e-010
16112	3.1747e-010
16113	3.5855e-010
16114	3.6629e-010
16115	5.2339e-010
16116	8.611e-010
16117	1.3e-009
16118	1.2105e-009
16119	1.63e-009
16120	1.9112e-009
16121	1.3458e-010
16122	1.0707e-010
16123	1.9162e-010
16124	2.6579e-010
16125	2.7371e-010
16126	2.8127e-010
16127	2.895e-010
16128	2.9719e-010
16129	3.0172e-010
16130	3.1254e-010
16131	3.1876e-010
16132	3.2426e-010
16133	3.3604e-010
16134	3.3847e-010
16135	3.5155e-010
16136	3.5669e-010
16137	3.6637e-010
16138	3.75e-010
16139	3.8231e-010
16140	3.937e-010
16141	3.9959e-010
16142	4.1276e-010
16143	4.18e-010
16144	4.3148e-010
16145	4.3885e-010
16146	4.5037e-010
16147	4.6223e-010
16148	4.6849e-010
16149	4.8585e-010
16150	4.8861e-010
16151	5.0702e-010
16152	5.1649e-010
16153	5.2404e-010
16154	5.423e-010
16155	5.5088e-010
16156	5.6169e-010
16157	5.7965e-010
16158	5.918e-010
16159	5.9898e-010
16160	6.1937e-010
16161	6.3366e-010
16162	6.4626e-010
16163	6.5706e-010
16164	6.7539e-010
16165	6.9209e-010
16166	7.0737e-010
16167	7.2549e-010
16168	7.5206e-010
16169	7.8195e-010
16170	7.7211e-010
16171	7.7019e-010
16172	8.033e-010
16173	8.3362e-010
16174	8.5406e-010
16175	8.6932e-010
16176	8.8956e-010
16177	9.0576e-010
16178	9.2821e-010
16179	9.4943e-010
16180	9.7167e-010
16181	9.974e-010
16182	1.0201e-009
16183	1.0346e-009
16184	1.0541e-009
16185	1.0967e-009
16186	1.0988e-009
16187	1.0556e-009
16188	1.0366e-009
16189	1.0278e-009
16190	1.0079e-009
16191	9.8216e-010
16192	9.6062e-010
16193	9.4021e-010
16194	9.1293e-010
16195	9.0392e-010
16196	8.8381e-010
16197	8.6484e-010
16198	8.4706e-010
16199	8.3024e-010
16200	8.1154e-010
16201	7.8868e-010
16202	7.7728e-010
16203	7.6185e-010
16204	7.4806e-010
16205	7.3937e-010
16206	7.2755e-010
16207	7.1113e-010
16208	6.6458e-010
16209	6.8725e-010
16210	6.789e-010
16211	6.7487e-010
16212	6.054e-010
16213	6.4321e-010
16214	6.3878e-010
16215	5.7326e-010
16216	5.7344e-010
16217	6.1065e-010
16218	5.3474e-010
16219	5.548e-010
16220	5.8065e-010
16221	5.1166e-010
16222	5.7393e-010
16223	4.8159e-010
16224	5.1392e-010
16225	4.7807e-010
16226	4.5143e-010
16227	4.749e-010
16228	4.3242e-010
16229	4.615e-010
16230	4.1622e-010
16231	4.3523e-010
16232	3.9936e-010
16233	3.8706e-010
16234	3.944e-010
16235	3.602e-010
16236	3.8654e-010
16237	3.4786e-010
16238	3.5773e-010
16239	2.9346e-010
16240	2.8658e-010
16241	3.2536e-010
16242	2.8913e-010
16243	3.1676e-010
16244	3.7143e-010
16245	5.3196e-010
16246	8.1995e-010
16247	1.1478e-009
16248	1.0143e-009
16249	1.7809e-009
16250	1.3871e-009
16251	1.551e-010
16252	1.2736e-010
16253	2.0779e-010
16254	2.8441e-010
16255	2.9478e-010
16256	3.0128e-010
16257	3.0961e-010
16258	3.183e-010
16259	3.2483e-010
16260	3.3382e-010
16261	3.4099e-010
16262	3.4811e-010
16263	3.5913e-010
16264	3.6478e-010
16265	3.7596e-010
16266	3.824e-010
16267	3.9216e-010
16268	4.0168e-010
16269	4.0991e-010
16270	4.2129e-010
16271	4.2911e-010
16272	4.4143e-010
16273	4.4905e-010
16274	4.6157e-010
16275	4.707e-010
16276	4.8226e-010
16277	4.94e-010
16278	5.0338e-010
16279	5.187e-010
16280	5.2595e-010
16281	5.4184e-010
16282	5.527e-010
16283	5.6341e-010
16284	5.7972e-010
16285	5.9079e-010
16286	6.0336e-010
16287	6.1972e-010
16288	6.3392e-010
16289	6.4408e-010
16290	6.6329e-010
16291	6.7727e-010
16292	6.9291e-010
16293	7.0584e-010
16294	7.247e-010
16295	7.41e-010
16296	7.5771e-010
16297	7.7485e-010
16298	7.9647e-010
16299	8.1821e-010
16300	8.2609e-010
16301	8.4281e-010
16302	8.7547e-010
16303	8.8313e-010
16304	9.0318e-010
16305	9.2735e-010
16306	9.4978e-010
16307	9.6727e-010
16308	9.9193e-010
16309	1.0135e-009
16310	1.0365e-009
16311	1.0621e-009
16312	1.088e-009
16313	1.1068e-009
16314	1.1264e-009
16315	1.1677e-009
16316	1.1701e-009
16317	1.1286e-009
16318	1.1101e-009
16319	1.0956e-009
16320	1.0712e-009
16321	1.0466e-009
16322	1.0249e-009
16323	1.0059e-009
16324	9.7543e-010
16325	9.6592e-010
16326	9.4163e-010
16327	9.2201e-010
16328	9.0283e-010
16329	8.8477e-010
16330	8.6743e-010
16331	8.4361e-010
16332	8.3176e-010
16333	8.1363e-010
16334	7.9685e-010
16335	7.8089e-010
16336	7.6862e-010
16337	7.6291e-010
16338	7.1924e-010
16339	7.3432e-010
16340	7.0791e-010
16341	7.1457e-010
16342	6.6375e-010
16343	6.8082e-010
16344	6.6489e-010
16345	6.2375e-010
16346	6.1355e-010
16347	6.3349e-010
16348	5.8673e-010
16349	5.8395e-010
16350	6.0205e-010
16351	5.6659e-010
16352	5.8967e-010
16353	5.3009e-010
16354	5.3341e-010
16355	5.0534e-010
16356	4.8784e-010
16357	4.9641e-010
16358	4.6905e-010
16359	4.8151e-010
16360	4.5006e-010
16361	4.5629e-010
16362	4.2648e-010
16363	4.1187e-010
16364	4.1218e-010
16365	3.8507e-010
16366	4.0293e-010
16367	3.8054e-010
16368	3.7186e-010
16369	3.1637e-010
16370	3.0454e-010
16371	3.356e-010
16372	3.1754e-010
16373	3.5872e-010
16374	3.6635e-010
16375	5.2333e-010
16376	8.6099e-010
16377	1.2997e-009
16378	1.2104e-009
16379	1.6298e-009
16380	1.9107e-009
16381	1.551e-010
16382	1.2736e-010
16383	2.0779e-010
16384	2.8441e-010
16385	2.9478e-010
16386	3.0128e-010
16387	3.0961e-010
16388	3.183e-010
16389	3.2483e-010
16390	3.3382e-010
16391	3.4099e-010
16392	3.4811e-010
16393	3.5913e-010
16394	3.6478e-010
16395	3.7596e-010
16396	3.824e-010
16397	3.9216e-010
16398	4.0168e-010
16399	4.0991e-010
16400	4.2129e-010
16401	4.2911e-010
16402	4.4144e-010
16403	4.4906e-010
16404	4.6157e-010
16405	4.707e-010
16406	4.8226e-010
16407	4.94e-010
16408	5.0338e-010
16409	5.187e-010
16410	5.2595e-010
16411	5.4184e-010
16412	5.527e-010
16413	5.6341e-010
16414	5.7972e-010
16415	5.9079e-010
16416	6.0336e-010
16417	6.1972e-010
16418	6.3391e-010
16419	6.4408e-010
16420	6.6329e-010
16421	6.7727e-010
16422	6.9291e-010
16423	7.0585e-010
16424	7.247e-010
16425	7.41e-010
16426	7.5768e-010
16427	7.7485e-010
16428	7.9646e-010
16429	8.1822e-010
16430	8.2609e-010
16431	8.4281e-010
16432	8.7548e-010
16433	8.8313e-010
16434	9.0318e-010
16435	9.2735e-010
16436	9.4978e-010
16437	9.6727e-010
16438	9.9193e-010
16439	1.0135e-009
16440	1.0364e-009
16441	1.0621e-009
16442	1.088e-009
16443	1.1068e-009
16444	1.1264e-009
16445	1.1677e-009
16446	1.1701e-009
16447	1.1286e-009
16448	1.1101e-009
16449	1.0956e-009
16450	1.0712e-009
16451	1.0466e-009
16452	1.0249e-009
16453	1.0059e-009
16454	9.7543e-010
16455	9.6592e-010
16456	9.4163e-010
16457	9.2201e-010
16458	9.028e-010
16459	8.8476e-010
16460	8.677e-010
16461	8.4244e-010
16462	8.3197e-010
16463	8.1367e-010
16464	7.9683e-010
16465	7.809e-010
16466	7.6859e-010
16467	7.6291e-010
16468	7.1969e-010
16469	7.3431e-010
16470	7.0793e-010
16471	7.1466e-010
16472	6.6374e-010
16473	6.8085e-010
16474	6.6487e-010
16475	6.2375e-010
16476	6.1355e-010
16477	6.3349e-010
16478	5.8673e-010
16479	5.8395e-010
16480	6.0205e-010
16481	5.6659e-010
16482	5.8968e-010
16483	5.3009e-010
16484	5.3341e-010
16485	5.0532e-010
16486	4.8784e-010
16487	4.9641e-010
16488	4.6905e-010
16489	4.8151e-010
16490	4.5006e-010
16491	4.5629e-010
16492	4.2648e-010
16493	4.1187e-010
16494	4.1218e-010
16495	3.8507e-010
16496	4.0294e-010
16497	3.8055e-010
16498	3.7186e-010
16499	3.1637e-010
16500	3.0454e-010
16501	3.3558e-010
16502	3.1753e-010
16503	3.5872e-010
16504	3.6635e-010
16505	5.2333e-010
16506	8.6099e-010
16507	1.2997e-009
16508	1.2104e-009
16509	1.6298e-009
16510	1.9107e-009
16511	1.3459e-010
16512	1.0706e-010
16513	1.9163e-010
16514	2.6579e-010
16515	2.7371e-010
16516	2.8127e-010
16517	2.895e-010
16518	2.9718e-010
16519	3.0172e-010
16520	3.1254e-010
16521	3.1876e-010
16522	3.2425e-010
16523	3.3603e-010
16524	3.3847e-010
16525	3.5155e-010
16526	3.5669e-010
16527	3.6637e-010
16528	3.75e-010
16529	3.8231e-010
16530	3.937e-010
16531	3.9959e-010
16532	4.1277e-010
16533	4.18e-010
16534	4.3147e-010
16535	4.3885e-010
16536	4.5037e-010
16537	4.6223e-010
16538	4.685e-010
16539	4.8585e-010
16540	4.8861e-010
16541	5.0701e-010
16542	5.1648e-010
16543	5.2403e-010
16544	5.4229e-010
16545	5.5088e-010
16546	5.6167e-010
16547	5.7966e-010
16548	5.9184e-010
16549	5.9897e-010
16550	6.1936e-010
16551	6.3365e-010
16552	6.4626e-010
16553	6.5705e-010
16554	6.7538e-010
16555	6.9214e-010
16556	7.0736e-010
16557	7.2549e-010
16558	7.5206e-010
16559	7.8194e-010
16560	7.7211e-010
16561	7.7019e-010
16562	8.0329e-010
16563	8.336e-010
16564	8.5405e-010
16565	8.6931e-010
16566	8.8956e-010
16567	9.0576e-010
16568	9.2821e-010
16569	9.4943e-010
16570	9.7166e-010
16571	9.9748e-010
16572	1.0201e-009
16573	1.0346e-009
16574	1.054e-009
16575	1.0966e-009
16576	1.0988e-009
16577	1.0556e-009
16578	1.0366e-009
16579	1.0278e-009
16580	1.0079e-009
16581	9.8213e-010
16582	9.6059e-010
16583	9.4021e-010
16584	9.1293e-010
16585	9.0392e-010
16586	8.838e-010
16587	8.6485e-010
16588	8.4696e-010
16589	8.3026e-010
16590	8.1144e-010
16591	7.8784e-010
16592	7.7713e-010
16593	7.6187e-010
16594	7.4803e-010
16595	7.3944e-010
16596	7.2771e-010
16597	7.1096e-010
16598	6.6479e-010
16599	6.8698e-010
16600	6.7904e-010
16601	6.7487e-010
16602	6.0538e-010
16603	6.4325e-010
16604	6.3884e-010
16605	5.7329e-010
16606	5.7348e-010
16607	6.1065e-010
16608	5.3474e-010
16609	5.5479e-010
16610	5.8064e-010
16611	5.1165e-010
16612	5.7393e-010
16613	4.8157e-010
16614	5.1393e-010
16615	4.7805e-010
16616	4.5155e-010
16617	4.7489e-010
16618	4.3242e-010
16619	4.6153e-010
16620	4.1622e-010
16621	4.3521e-010
16622	3.9934e-010
16623	3.8705e-010
16624	3.9443e-010
16625	3.602e-010
16626	3.8654e-010
16627	3.4785e-010
16628	3.5773e-010
16629	2.9346e-010
16630	2.8658e-010
16631	3.2536e-010
16632	2.8912e-010
16633	3.1676e-010
16634	3.7143e-010
16635	5.3196e-010
16636	8.1995e-010
16637	1.1478e-009
16638	1.0143e-009
16639	1.7809e-009
16640	1.3871e-009
16641	1.5511e-010
16642	1.2741e-010
16643	2.0783e-010
16644	2.8443e-010
16645	2.9482e-010
16646	3.0135e-010
16647	3.097e-010
16648	3.184e-010
16649	3.2495e-010
16650	3.3395e-010
16651	3.4117e-010
16652	3.4828e-010
16653	3.5925e-010
16654	3.6478e-010
16655	3.7594e-010
16656	3.824e-010
16657	3.922e-010
16658	4.0164e-010
16659	4.0988e-010
16660	4.2133e-010
16661	4.2914e-010
16662	4.414e-010
16663	4.4898e-010
16664	4.6152e-010
16665	4.7076e-010
16666	4.8248e-010
16667	4.943e-010
16668	5.0364e-010
16669	5.1892e-010
16670	5.2616e-010
16671	5.4205e-010
16672	5.5292e-010
16673	5.635e-010
16674	5.7969e-010
16675	5.9075e-010
16676	6.0343e-010
16677	6.197e-010
16678	6.3373e-010
16679	6.4392e-010
16680	6.633e-010
16681	6.7726e-010
16682	6.9283e-010
16683	7.057e-010
16684	7.2466e-010
16685	7.4101e-010
16686	7.5757e-010
16687	7.7467e-010
16688	7.9641e-010
16689	8.1829e-010
16690	8.2636e-010
16691	8.4308e-010
16692	8.7563e-010
16693	8.8322e-010
16694	9.0341e-010
16695	9.277e-010
16696	9.4999e-010
16697	9.6759e-010
16698	9.9258e-010
16699	1.0143e-009
16700	1.0374e-009
16701	1.0628e-009
16702	1.0887e-009
16703	1.1079e-009
16704	1.1273e-009
16705	1.1688e-009
16706	1.1713e-009
16707	1.1295e-009
16708	1.1109e-009
16709	1.0963e-009
16710	1.0716e-009
16711	1.047e-009
16712	1.0253e-009
16713	1.0063e-009
16714	9.7561e-010
16715	9.6614e-010
16716	9.418e-010
16717	9.2213e-010
16718	9.0297e-010
16719	8.8519e-010
16720	8.6779e-010
16721	8.426e-010
16722	8.3199e-010
16723	8.1381e-010
16724	7.9706e-010
16725	7.8102e-010
16726	7.6882e-010
16727	7.6008e-010
16728	7.2242e-010
16729	7.3146e-010
16730	7.0811e-010
16731	7.1466e-010
16732	6.6352e-010
16733	6.8067e-010
16734	6.646e-010
16735	6.2345e-010
16736	6.1347e-010
16737	6.3354e-010
16738	5.8684e-010
16739	5.8405e-010
16740	6.0217e-010
16741	5.6684e-010
16742	5.8986e-010
16743	5.3046e-010
16744	5.3374e-010
16745	5.057e-010
16746	4.8825e-010
16747	4.9676e-010
16748	4.695e-010
16749	4.8201e-010
16750	4.507e-010
16751	4.5689e-010
16752	4.2703e-010
16753	4.1233e-010
16754	4.1263e-010
16755	3.8542e-010
16756	4.031e-010
16757	3.8065e-010
16758	3.7171e-010
16759	3.1622e-010
16760	3.0421e-010
16761	3.3527e-010
16762	3.1747e-010
16763	3.5855e-010
16764	3.6629e-010
16765	5.2339e-010
16766	8.611e-010
16767	1.3e-009
16768	1.2105e-009
16769	1.63e-009
16770	1.9112e-009
16771	1.5528e-010
16772	1.2753e-010
16773	2.0794e-010
16774	2.846e-010
16775	2.9498e-010
16776	3.0152e-010
16777	3.0985e-010
16778	3.1857e-010
16779	3.2509e-010
16780	3.341e-010
16781	3.4131e-010
16782	3.4841e-010
16783	3.5939e-010
16784	3.6497e-010
16785	3.7614e-010
16786	3.8259e-010
16787	3.923e-010
16788	4.0175e-010
16789	4.1e-010
16790	4.2151e-010
16791	4.294e-010
16792	4.4161e-010
16793	4.492e-010
16794	4.6182e-010
16795	4.7106e-010
16796	4.8262e-010
16797	4.9437e-010
16798	5.0372e-010
16799	5.1899e-010
16800	5.2628e-010
16801	5.4224e-010
16802	5.5316e-010
16803	5.6382e-010
16804	5.8003e-010
16805	5.9104e-010
16806	6.0358e-010
16807	6.1984e-010
16808	6.3396e-010
16809	6.4412e-010
16810	6.6332e-010
16811	6.7734e-010
16812	6.9306e-010
16813	7.0585e-010
16814	7.2475e-010
16815	7.4103e-010
16816	7.5773e-010
16817	7.7478e-010
16818	7.965e-010
16819	8.1835e-010
16820	8.2642e-010
16821	8.4323e-010
16822	8.7596e-010
16823	8.8366e-010
16824	9.0391e-010
16825	9.2827e-010
16826	9.5063e-010
16827	9.6827e-010
16828	9.9362e-010
16829	1.0153e-009
16830	1.0383e-009
16831	1.0636e-009
16832	1.0898e-009
16833	1.1091e-009
16834	1.1284e-009
16835	1.1699e-009
16836	1.1725e-009
16837	1.1308e-009
16838	1.1122e-009
16839	1.0977e-009
16840	1.0729e-009
16841	1.0479e-009
16842	1.0262e-009
16843	1.007e-009
16844	9.7636e-010
16845	9.6675e-010
16846	9.4237e-010
16847	9.2273e-010
16848	9.0351e-010
16849	8.8573e-010
16850	8.6838e-010
16851	8.4321e-010
16852	8.3225e-010
16853	8.1387e-010
16854	7.9704e-010
16855	7.8113e-010
16856	7.6852e-010
16857	7.5988e-010
16858	7.211e-010
16859	7.3108e-010
16860	7.0771e-010
16861	7.1475e-010
16862	6.6351e-010
16863	6.8066e-010
16864	6.6443e-010
16865	6.2324e-010
16866	6.1331e-010
16867	6.3344e-010
16868	5.868e-010
16869	5.8407e-010
16870	6.0235e-010
16871	5.6713e-010
16872	5.903e-010
16873	5.3089e-010
16874	5.342e-010
16875	5.0617e-010
16876	4.8871e-010
16877	4.9725e-010
16878	4.6996e-010
16879	4.8246e-010
16880	4.5118e-010
16881	4.5743e-010
16882	4.2765e-010
16883	4.1297e-010
16884	4.1327e-010
16885	3.8594e-010
16886	4.0347e-010
16887	3.8087e-010
16888	3.7185e-010
16889	3.1615e-010
16890	3.0412e-010
16891	3.3529e-010
16892	3.1747e-010
16893	3.5862e-010
16894	3.6635e-010
16895	5.2355e-010
16896	8.6143e-010
16897	1.3002e-009
16898	1.2108e-009
16899	1.6302e-009
16900	1.9112e-009
16901	1.3473e-010
16902	1.0717e-010
16903	1.9175e-010
16904	2.6591e-010
16905	2.7387e-010
16906	2.8144e-010
16907	2.8968e-010
16908	2.9735e-010
16909	3.0199e-010
16910	3.1284e-010
16911	3.1906e-010
16912	3.2457e-010
16913	3.3633e-010
16914	3.3881e-010
16915	3.5189e-010
16916	3.5692e-010
16917	3.666e-010
16918	3.751e-010
16919	3.8247e-010
16920	3.9407e-010
16921	4.0002e-010
16922	4.1296e-010
16923	4.1831e-010
16924	4.3187e-010
16925	4.3923e-010
16926	4.505e-010
16927	4.6231e-010
16928	4.6877e-010
16929	4.8624e-010
16930	4.8908e-010
16931	5.0747e-010
16932	5.1697e-010
16933	5.2451e-010
16934	5.4278e-010
16935	5.5125e-010
16936	5.6203e-010
16937	5.802e-010
16938	5.9251e-010
16939	5.9943e-010
16940	6.1959e-010
16941	6.338e-010
16942	6.4668e-010
16943	6.574e-010
16944	6.7543e-010
16945	6.9221e-010
16946	7.0738e-010
16947	7.2558e-010
16948	7.5235e-010
16949	7.8208e-010
16950	7.7236e-010
16951	7.7027e-010
16952	8.0359e-010
16953	8.3437e-010
16954	8.5484e-010
16955	8.7023e-010
16956	8.9049e-010
16957	9.0697e-010
16958	9.2956e-010
16959	9.5098e-010
16960	9.7342e-010
16961	9.9876e-010
16962	1.0219e-009
16963	1.0364e-009
16964	1.056e-009
16965	1.0989e-009
16966	1.1011e-009
16967	1.0578e-009
16968	1.0388e-009
16969	1.0302e-009
16970	1.0098e-009
16971	9.839e-010
16972	9.6213e-010
16973	9.414e-010
16974	9.1393e-010
16975	9.0492e-010
16976	8.8479e-010
16977	8.6574e-010
16978	8.4799e-010
16979	8.3135e-010
16980	8.1256e-010
16981	7.8809e-010
16982	7.7789e-010
16983	7.6187e-010
16984	7.4821e-010
16985	7.3956e-010
16986	7.2762e-010
16987	7.0886e-010
16988	6.6765e-010
16989	6.848e-010
16990	6.7867e-010
16991	6.7464e-010
16992	6.0553e-010
16993	6.4329e-010
16994	6.3878e-010
16995	5.7307e-010
16996	5.7319e-010
16997	6.1052e-010
16998	5.3452e-010
16999	5.5489e-010
17000	5.8078e-010
17001	5.1198e-010
17002	5.7431e-010
17003	4.8198e-010
17004	5.1437e-010
17005	4.7849e-010
17006	4.5204e-010
17007	4.756e-010
17008	4.3323e-010
17009	4.6247e-010
17010	4.1722e-010
17011	4.3624e-010
17012	4.0042e-010
17013	3.8802e-010
17014	3.9541e-010
17015	3.6096e-010
17016	3.8698e-010
17017	3.48e-010
17018	3.5769e-010
17019	2.9308e-010
17020	2.8618e-010
17021	3.2511e-010
17022	2.8881e-010
17023	3.1678e-010
17024	3.7135e-010
17025	5.322e-010
17026	8.2054e-010
17027	1.1483e-009
17028	1.0147e-009
17029	1.7813e-009
17030	1.3869e-009
17031	1.5529e-010
17032	1.2753e-010
17033	2.0793e-010
17034	2.846e-010
17035	2.9499e-010
17036	3.0152e-010
17037	3.0985e-010
17038	3.1855e-010
17039	3.2509e-010
17040	3.3409e-010
17041	3.413e-010
17042	3.4841e-010
17043	3.594e-010
17044	3.6497e-010
17045	3.7614e-010
17046	3.8259e-010
17047	3.923e-010
17048	4.0175e-010
17049	4.1e-010
17050	4.2155e-010
17051	4.294e-010
17052	4.4161e-010
17053	4.492e-010
17054	4.6182e-010
17055	4.7106e-010
17056	4.8262e-010
17057	4.9437e-010
17058	5.0372e-010
17059	5.1899e-010
17060	5.2628e-010
17061	5.4224e-010
17062	5.5316e-010
17063	5.6384e-010
17064	5.8003e-010
17065	5.9104e-010
17066	6.0358e-010
17067	6.1986e-010
17068	6.3396e-010
17069	6.4412e-010
17070	6.6332e-010
17071	6.7734e-010
17072	6.9306e-010
17073	7.0585e-010
17074	7.2475e-010
17075	7.4104e-010
17076	7.5773e-010
17077	7.7477e-010
17078	7.9651e-010
17079	8.1835e-010
17080	8.2643e-010
17081	8.4323e-010
17082	8.7596e-010
17083	8.8366e-010
17084	9.0391e-010
17085	9.2827e-010
17086	9.5063e-010
17087	9.6827e-010
17088	9.9362e-010
17089	1.0153e-009
17090	1.0383e-009
17091	1.0637e-009
17092	1.0897e-009
17093	1.109e-009
17094	1.1284e-009
17095	1.1699e-009
17096	1.1726e-009
17097	1.1308e-009
17098	1.1122e-009
17099	1.0977e-009
17100	1.0729e-009
17101	1.0479e-009
17102	1.0262e-009
17103	1.007e-009
17104	9.7637e-010
17105	9.6677e-010
17106	9.4236e-010
17107	9.2272e-010
17108	9.0351e-010
17109	8.8572e-010
17110	8.6838e-010
17111	8.4314e-010
17112	8.3225e-010
17113	8.1387e-010
17114	7.9706e-010
17115	7.8093e-010
17116	7.6891e-010
17117	7.6209e-010
17118	7.2098e-010
17119	7.3328e-010
17120	7.081e-010
17121	7.1458e-010
17122	6.6353e-010
17123	6.8065e-010
17124	6.6442e-010
17125	6.2324e-010
17126	6.1331e-010
17127	6.3344e-010
17128	5.8679e-010
17129	5.8406e-010
17130	6.0235e-010
17131	5.6713e-010
17132	5.903e-010
17133	5.3089e-010
17134	5.3422e-010
17135	5.0616e-010
17136	4.8871e-010
17137	4.9725e-010
17138	4.6996e-010
17139	4.8246e-010
17140	4.5117e-010
17141	4.5742e-010
17142	4.2764e-010
17143	4.1297e-010
17144	4.1327e-010
17145	3.8593e-010
17146	4.0348e-010
17147	3.8087e-010
17148	3.7185e-010
17149	3.1615e-010
17150	3.0411e-010
17151	3.353e-010
17152	3.1746e-010
17153	3.5862e-010
17154	3.6635e-010
17155	5.2357e-010
17156	8.6142e-010
17157	1.3002e-009
17158	1.2108e-009
17159	1.6301e-009
17160	1.9112e-009
17161	1.5511e-010
17162	1.2742e-010
17163	2.0783e-010
17164	2.8442e-010
17165	2.9482e-010
17166	3.0135e-010
17167	3.0971e-010
17168	3.1839e-010
17169	3.2495e-010
17170	3.3395e-010
17171	3.4117e-010
17172	3.4827e-010
17173	3.5925e-010
17174	3.6478e-010
17175	3.7595e-010
17176	3.8242e-010
17177	3.9218e-010
17178	4.0164e-010
17179	4.0988e-010
17180	4.2131e-010
17181	4.2912e-010
17182	4.4138e-010
17183	4.4899e-010
17184	4.6152e-010
17185	4.7076e-010
17186	4.8249e-010
17187	4.9431e-010
17188	5.0364e-010
17189	5.1893e-010
17190	5.2616e-010
17191	5.4203e-010
17192	5.529e-010
17193	5.6351e-010
17194	5.7969e-010
17195	5.9077e-010
17196	6.034e-010
17197	6.197e-010
17198	6.3373e-010
17199	6.4392e-010
17200	6.633e-010
17201	6.7726e-010
17202	6.9283e-010
17203	7.0571e-010
17204	7.2464e-010
17205	7.4098e-010
17206	7.5757e-010
17207	7.7471e-010
17208	7.9642e-010
17209	8.1828e-010
17210	8.2633e-010
17211	8.4308e-010
17212	8.7567e-010
17213	8.8321e-010
17214	9.0337e-010
17215	9.2774e-010
17216	9.4999e-010
17217	9.6761e-010
17218	9.9256e-010
17219	1.0144e-009
17220	1.0374e-009
17221	1.0628e-009
17222	1.0887e-009
17223	1.1079e-009
17224	1.1273e-009
17225	1.1688e-009
17226	1.1714e-009
17227	1.1295e-009
17228	1.1109e-009
17229	1.0963e-009
17230	1.0717e-009
17231	1.0471e-009
17232	1.0253e-009
17233	1.0063e-009
17234	9.7563e-010
17235	9.6611e-010
17236	9.4181e-010
17237	9.2209e-010
17238	9.0299e-010
17239	8.8514e-010
17240	8.6782e-010
17241	8.4277e-010
17242	8.3198e-010
17243	8.1382e-010
17244	7.9702e-010
17245	7.8099e-010
17246	7.6853e-010
17247	7.6283e-010
17248	7.2001e-010
17249	7.3414e-010
17250	7.0787e-010
17251	7.1465e-010
17252	6.6321e-010
17253	6.8068e-010
17254	6.6457e-010
17255	6.2344e-010
17256	6.1349e-010
17257	6.3354e-010
17258	5.8687e-010
17259	5.8406e-010
17260	6.0218e-010
17261	5.6684e-010
17262	5.8986e-010
17263	5.3047e-010
17264	5.3374e-010
17265	5.057e-010
17266	4.8826e-010
17267	4.9676e-010
17268	4.695e-010
17269	4.8202e-010
17270	4.5069e-010
17271	4.569e-010
17272	4.2703e-010
17273	4.1233e-010
17274	4.1263e-010
17275	3.8543e-010
17276	4.0308e-010
17277	3.8066e-010
17278	3.7172e-010
17279	3.1622e-010
17280	3.0421e-010
17281	3.3527e-010
17282	3.1748e-010
17283	3.5854e-010
17284	3.6628e-010
17285	5.234e-010
17286	8.611e-010
17287	1.3e-009
17288	1.2106e-009
17289	1.63e-009
17290	1.9111e-009
17291	1.3459e-010
17292	1.0706e-010
17293	1.9163e-010
17294	2.658e-010
17295	2.737e-010
17296	2.8129e-010
17297	2.8949e-010
17298	2.9718e-010
17299	3.0171e-010
17300	3.1257e-010
17301	3.1877e-010
17302	3.2427e-010
17303	3.3602e-010
17304	3.3852e-010
17305	3.5157e-010
17306	3.5668e-010
17307	3.6636e-010
17308	3.7498e-010
17309	3.823e-010
17310	3.937e-010
17311	3.996e-010
17312	4.1275e-010
17313	4.1803e-010
17314	4.3145e-010
17315	4.3882e-010
17316	4.5035e-010
17317	4.6228e-010
17318	4.6849e-010
17319	4.8588e-010
17320	4.886e-010
17321	5.0701e-010
17322	5.1645e-010
17323	5.24e-010
17324	5.4229e-010
17325	5.5091e-010
17326	5.6166e-010
17327	5.7964e-010
17328	5.9188e-010
17329	5.9897e-010
17330	6.1936e-010
17331	6.3364e-010
17332	6.4624e-010
17333	6.5709e-010
17334	6.7534e-010
17335	6.9224e-010
17336	7.0733e-010
17337	7.2551e-010
17338	7.5205e-010
17339	7.8189e-010
17340	7.7205e-010
17341	7.7016e-010
17342	8.0326e-010
17343	8.3354e-010
17344	8.5407e-010
17345	8.6931e-010
17346	8.8952e-010
17347	9.057e-010
17348	9.2816e-010
17349	9.4938e-010
17350	9.7163e-010
17351	9.9744e-010
17352	1.0201e-009
17353	1.0346e-009
17354	1.054e-009
17355	1.0968e-009
17356	1.0988e-009
17357	1.0557e-009
17358	1.0366e-009
17359	1.0278e-009
17360	1.0079e-009
17361	9.8215e-010
17362	9.6057e-010
17363	9.4024e-010
17364	9.1287e-010
17365	9.0388e-010
17366	8.8376e-010
17367	8.6484e-010
17368	8.47e-010
17369	8.3017e-010
17370	8.1187e-010
17371	7.875e-010
17372	7.7745e-010
17373	7.6183e-010
17374	7.4804e-010
17375	7.3938e-010
17376	7.2751e-010
17377	7.1089e-010
17378	6.6491e-010
17379	6.8702e-010
17380	6.7905e-010
17381	6.7437e-010
17382	6.0592e-010
17383	6.4279e-010
17384	6.3901e-010
17385	5.7323e-010
17386	5.7346e-010
17387	6.1066e-010
17388	5.3472e-010
17389	5.5482e-010
17390	5.8063e-010
17391	5.1161e-010
17392	5.7395e-010
17393	4.8154e-010
17394	5.1396e-010
17395	4.7803e-010
17396	4.5152e-010
17397	4.7488e-010
17398	4.3239e-010
17399	4.6151e-010
17400	4.1623e-010
17401	4.352e-010
17402	3.9933e-010
17403	3.8704e-010
17404	3.9443e-010
17405	3.602e-010
17406	3.8657e-010
17407	3.4784e-010
17408	3.5774e-010
17409	2.9345e-010
17410	2.8657e-010
17411	3.2534e-010
17412	2.891e-010
17413	3.1676e-010
17414	3.7145e-010
17415	5.3194e-010
17416	8.1999e-010
17417	1.1478e-009
17418	1.0143e-009
17419	1.7809e-009
17420	1.3871e-009
17421	1.5509e-010
17422	1.2737e-010
17423	2.0779e-010
17424	2.8442e-010
17425	2.9478e-010
17426	3.0128e-010
17427	3.096e-010
17428	3.1831e-010
17429	3.2484e-010
17430	3.3383e-010
17431	3.4099e-010
17432	3.4812e-010
17433	3.5914e-010
17434	3.6477e-010
17435	3.7595e-010
17436	3.824e-010
17437	3.9216e-010
17438	4.0169e-010
17439	4.0992e-010
17440	4.2128e-010
17441	4.2912e-010
17442	4.4144e-010
17443	4.4906e-010
17444	4.6157e-010
17445	4.7069e-010
17446	4.8227e-010
17447	4.94e-010
17448	5.0338e-010
17449	5.1871e-010
17450	5.2596e-010
17451	5.4182e-010
17452	5.5272e-010
17453	5.6339e-010
17454	5.7972e-010
17455	5.9079e-010
17456	6.0336e-010
17457	6.1975e-010
17458	6.3391e-010
17459	6.4408e-010
17460	6.6332e-010
17461	6.7726e-010
17462	6.9292e-010
17463	7.0585e-010
17464	7.2474e-010
17465	7.4101e-010
17466	7.5769e-010
17467	7.7487e-010
17468	7.9651e-010
17469	8.1825e-010
17470	8.2603e-010
17471	8.4284e-010
17472	8.7547e-010
17473	8.8314e-010
17474	9.0313e-010
17475	9.2736e-010
17476	9.4974e-010
17477	9.6728e-010
17478	9.9193e-010
17479	1.0136e-009
17480	1.0364e-009
17481	1.0621e-009
17482	1.088e-009
17483	1.1068e-009
17484	1.1264e-009
17485	1.1677e-009
17486	1.1701e-009
17487	1.1286e-009
17488	1.1101e-009
17489	1.0955e-009
17490	1.0712e-009
17491	1.0466e-009
17492	1.0249e-009
17493	1.0059e-009
17494	9.7544e-010
17495	9.6587e-010
17496	9.4164e-010
17497	9.219e-010
17498	9.0284e-010
17499	8.8482e-010
17500	8.676e-010
17501	8.426e-010
17502	8.3189e-010
17503	8.1371e-010
17504	7.9681e-010
17505	7.8098e-010
17506	7.6878e-010
17507	7.6001e-010
17508	7.2265e-010
17509	7.3152e-010
17510	7.0803e-010
17511	7.1532e-010
17512	6.6507e-010
17513	6.8146e-010
17514	6.6482e-010
17515	6.2375e-010
17516	6.1357e-010
17517	6.335e-010
17518	5.8671e-010
17519	5.8393e-010
17520	6.0206e-010
17521	5.6659e-010
17522	5.8969e-010
17523	5.3008e-010
17524	5.3339e-010
17525	5.0531e-010
17526	4.8786e-010
17527	4.9642e-010
17528	4.6907e-010
17529	4.8151e-010
17530	4.5005e-010
17531	4.5627e-010
17532	4.2648e-010
17533	4.1188e-010
17534	4.1218e-010
17535	3.8507e-010
17536	4.0296e-010
17537	3.8054e-010
17538	3.7185e-010
17539	3.1636e-010
17540	3.0455e-010
17541	3.3559e-010
17542	3.1754e-010
17543	3.5873e-010
17544	3.6634e-010
17545	5.2334e-010
17546	8.6099e-010
17547	1.2997e-009
17548	1.2104e-009
17549	1.6298e-009
17550	1.9108e-009
17551	1.5509e-010
17552	1.2736e-010
17553	2.078e-010
17554	2.8442e-010
17555	2.9478e-010
17556	3.0128e-010
17557	3.096e-010
17558	3.1831e-010
17559	3.2484e-010
17560	3.3384e-010
17561	3.41e-010
17562	3.4812e-010
17563	3.5915e-010
17564	3.6477e-010
17565	3.7596e-010
17566	3.824e-010
17567	3.9216e-010
17568	4.0169e-010
17569	4.099e-010
17570	4.2128e-010
17571	4.2912e-010
17572	4.4144e-010
17573	4.4906e-010
17574	4.6158e-010
17575	4.707e-010
17576	4.8227e-010
17577	4.94e-010
17578	5.0338e-010
17579	5.1871e-010
17580	5.2597e-010
17581	5.4182e-010
17582	5.5272e-010
17583	5.6339e-010
17584	5.7972e-010
17585	5.9079e-010
17586	6.0337e-010
17587	6.1972e-010
17588	6.3391e-010
17589	6.4408e-010
17590	6.6332e-010
17591	6.7726e-010
17592	6.9291e-010
17593	7.0585e-010
17594	7.2473e-010
17595	7.4101e-010
17596	7.5769e-010
17597	7.7487e-010
17598	7.9651e-010
17599	8.1825e-010
17600	8.2604e-010
17601	8.4281e-010
17602	8.7543e-010
17603	8.8315e-010
17604	9.0314e-010
17605	9.2737e-010
17606	9.4974e-010
17607	9.6729e-010
17608	9.9193e-010
17609	1.0136e-009
17610	1.0365e-009
17611	1.0621e-009
17612	1.088e-009
17613	1.1068e-009
17614	1.1264e-009
17615	1.1677e-009
17616	1.1701e-009
17617	1.1286e-009
17618	1.1101e-009
17619	1.0955e-009
17620	1.0712e-009
17621	1.0466e-009
17622	1.0249e-009
17623	1.0059e-009
17624	9.7544e-010
17625	9.6586e-010
17626	9.4164e-010
17627	9.219e-010
17628	9.0283e-010
17629	8.8481e-010
17630	8.6764e-010
17631	8.4264e-010
17632	8.319e-010
17633	8.1372e-010
17634	7.9682e-010
17635	7.8108e-010
17636	7.6842e-010
17637	7.5961e-010
17638	7.2169e-010
17639	7.3108e-010
17640	7.0769e-010
17641	7.153e-010
17642	6.6814e-010
17643	6.8128e-010
17644	6.6478e-010
17645	6.2384e-010
17646	6.1357e-010
17647	6.3351e-010
17648	5.8671e-010
17649	5.8395e-010
17650	6.0207e-010
17651	5.6659e-010
17652	5.8969e-010
17653	5.3008e-010
17654	5.3339e-010
17655	5.0531e-010
17656	4.8786e-010
17657	4.9642e-010
17658	4.6905e-010
17659	4.8149e-010
17660	4.5005e-010
17661	4.5627e-010
17662	4.2648e-010
17663	4.1188e-010
17664	4.1218e-010
17665	3.8507e-010
17666	4.0296e-010
17667	3.8054e-010
17668	3.7185e-010
17669	3.1636e-010
17670	3.0453e-010
17671	3.356e-010
17672	3.1754e-010
17673	3.5873e-010
17674	3.6634e-010
17675	5.2334e-010
17676	8.6099e-010
17677	1.2997e-009
17678	1.2104e-009
17679	1.6298e-009
17680	1.9108e-009
17681	1.3458e-010
17682	1.0706e-010
17683	1.9163e-010
17684	2.658e-010
17685	2.737e-010
17686	2.8128e-010
17687	2.8952e-010
17688	2.9717e-010
17689	3.0171e-010
17690	3.1256e-010
17691	3.1875e-010
17692	3.2427e-010
17693	3.3603e-010
17694	3.3853e-010
17695	3.5156e-010
17696	3.567e-010
17697	3.6637e-010
17698	3.7497e-010
17699	3.8227e-010
17700	3.9376e-010
17701	3.9963e-010
17702	4.1273e-010
17703	4.1802e-010
17704	4.3145e-010
17705	4.3881e-010
17706	4.5034e-010
17707	4.6227e-010
17708	4.6848e-010
17709	4.8588e-010
17710	4.8863e-010
17711	5.07e-010
17712	5.1644e-010
17713	5.2409e-010
17714	5.4233e-010
17715	5.5091e-010
17716	5.6166e-010
17717	5.7968e-010
17718	5.9183e-010
17719	5.9899e-010
17720	6.1935e-010
17721	6.337e-010
17722	6.4629e-010
17723	6.5709e-010
17724	6.7532e-010
17725	6.9227e-010
17726	7.0731e-010
17727	7.2549e-010
17728	7.5203e-010
17729	7.8187e-010
17730	7.7206e-010
17731	7.7016e-010
17732	8.0325e-010
17733	8.3352e-010
17734	8.5405e-010
17735	8.6932e-010
17736	8.895e-010
17737	9.0568e-010
17738	9.2814e-010
17739	9.4945e-010
17740	9.7165e-010
17741	9.9742e-010
17742	1.02e-009
17743	1.0345e-009
17744	1.054e-009
17745	1.0967e-009
17746	1.0987e-009
17747	1.0557e-009
17748	1.0367e-009
17749	1.0278e-009
17750	1.0079e-009
17751	9.8216e-010
17752	9.6055e-010
17753	9.4025e-010
17754	9.1287e-010
17755	9.0386e-010
17756	8.8376e-010
17757	8.6484e-010
17758	8.4698e-010
17759	8.3015e-010
17760	8.1174e-010
17761	7.8751e-010
17762	7.7748e-010
17763	7.6186e-010
17764	7.4807e-010
17765	7.3949e-010
17766	7.2755e-010
17767	7.0845e-010
17768	6.6769e-010
17769	6.8455e-010
17770	6.7902e-010
17771	6.7538e-010
17772	6.0722e-010
17773	6.4364e-010
17774	6.3886e-010
17775	5.7328e-010
17776	5.734e-010
17777	6.1065e-010
17778	5.3473e-010
17779	5.548e-010
17780	5.8066e-010
17781	5.1166e-010
17782	5.7395e-010
17783	4.8153e-010
17784	5.1395e-010
17785	4.7802e-010
17786	4.5151e-010
17787	4.7488e-010
17788	4.3239e-010
17789	4.6154e-010
17790	4.1622e-010
17791	4.352e-010
17792	3.9936e-010
17793	3.8703e-010
17794	3.9443e-010
17795	3.6023e-010
17796	3.8655e-010
17797	3.4783e-010
17798	3.5775e-010
17799	2.9344e-010
17800	2.8657e-010
17801	3.2534e-010
17802	2.891e-010
17803	3.1675e-010
17804	3.7145e-010
17805	5.3197e-010
17806	8.1999e-010
17807	1.1478e-009
17808	1.0143e-009
17809	1.7809e-009
17810	1.3871e-009
17811	1.5513e-010
17812	1.2742e-010
17813	2.0782e-010
17814	2.8442e-010
17815	2.9482e-010
17816	3.0134e-010
17817	3.0971e-010
17818	3.1839e-010
17819	3.2493e-010
17820	3.3396e-010
17821	3.4117e-010
17822	3.4826e-010
17823	3.5925e-010
17824	3.6478e-010
17825	3.7595e-010
17826	3.8244e-010
17827	3.9218e-010
17828	4.0166e-010
17829	4.0991e-010
17830	4.2131e-010
17831	4.2911e-010
17832	4.414e-010
17833	4.4897e-010
17834	4.6155e-010
17835	4.7074e-010
17836	4.825e-010
17837	4.9432e-010
17838	5.0365e-010
17839	5.1891e-010
17840	5.2614e-010
17841	5.4203e-010
17842	5.529e-010
17843	5.6354e-010
17844	5.797e-010
17845	5.9077e-010
17846	6.034e-010
17847	6.1969e-010
17848	6.3373e-010
17849	6.4396e-010
17850	6.6327e-010
17851	6.7725e-010
17852	6.9283e-010
17853	7.057e-010
17854	7.2468e-010
17855	7.4097e-010
17856	7.5761e-010
17857	7.7471e-010
17858	7.9642e-010
17859	8.1828e-010
17860	8.2634e-010
17861	8.4312e-010
17862	8.7567e-010
17863	8.8321e-010
17864	9.0338e-010
17865	9.2779e-010
17866	9.4999e-010
17867	9.6761e-010
17868	9.9256e-010
17869	1.0144e-009
17870	1.0374e-009
17871	1.0628e-009
17872	1.0887e-009
17873	1.1079e-009
17874	1.1273e-009
17875	1.1688e-009
17876	1.1713e-009
17877	1.1295e-009
17878	1.1109e-009
17879	1.0963e-009
17880	1.0717e-009
17881	1.0471e-009
17882	1.0253e-009
17883	1.0063e-009
17884	9.7562e-010
17885	9.661e-010
17886	9.4181e-010
17887	9.221e-010
17888	9.0294e-010
17889	8.8512e-010
17890	8.678e-010
17891	8.4283e-010
17892	8.3199e-010
17893	8.1376e-010
17894	7.9709e-010
17895	7.8102e-010
17896	7.6913e-010
17897	7.5894e-010
17898	7.2464e-010
17899	7.3027e-010
17900	7.0857e-010
17901	7.1418e-010
17902	6.6403e-010
17903	6.8021e-010
17904	6.647e-010
17905	6.2339e-010
17906	6.1347e-010
17907	6.3356e-010
17908	5.8688e-010
17909	5.8405e-010
17910	6.0219e-010
17911	5.6683e-010
17912	5.8987e-010
17913	5.3046e-010
17914	5.3374e-010
17915	5.057e-010
17916	4.8824e-010
17917	4.9676e-010
17918	4.6952e-010
17919	4.8203e-010
17920	4.5069e-010
17921	4.569e-010
17922	4.2701e-010
17923	4.1235e-010
17924	4.1264e-010
17925	3.8542e-010
17926	4.0307e-010
17927	3.8068e-010
17928	3.717e-010
17929	3.1622e-010
17930	3.0421e-010
17931	3.3528e-010
17932	3.1747e-010
17933	3.5854e-010
17934	3.6627e-010
17935	5.2338e-010
17936	8.6111e-010
17937	1.3e-009
17938	1.2106e-009
17939	1.6299e-009
17940	1.9112e-009
17941	1.5528e-010
17942	1.2752e-010
17943	2.0794e-010
17944	2.846e-010
17945	2.9498e-010
17946	3.015e-010
17947	3.0986e-010
17948	3.1855e-010
17949	3.251e-010
17950	3.341e-010
17951	3.4129e-010
17952	3.4841e-010
17953	3.594e-010
17954	3.6497e-010
17955	3.7613e-010
17956	3.8258e-010
17957	3.923e-010
17958	4.0175e-010
17959	4.1e-010
17960	4.2155e-010
17961	4.2939e-010
17962	4.4161e-010
17963	4.4918e-010
17964	4.6183e-010
17965	4.7108e-010
17966	4.8264e-010
17967	4.9436e-010
17968	5.037e-010
17969	5.1896e-010
17970	5.2628e-010
17971	5.4224e-010
17972	5.5319e-010
17973	5.6384e-010
17974	5.8003e-010
17975	5.9102e-010
17976	6.0361e-010
17977	6.1989e-010
17978	6.3383e-010
17979	6.4431e-010
17980	6.6321e-010
17981	6.7738e-010
17982	6.9303e-010
17983	7.0589e-010
17984	7.2475e-010
17985	7.4103e-010
17986	7.5773e-010
17987	7.7478e-010
17988	7.9645e-010
17989	8.1836e-010
17990	8.264e-010
17991	8.4324e-010
17992	8.7592e-010
17993	8.8367e-010
17994	9.039e-010
17995	9.2822e-010
17996	9.5063e-010
17997	9.6829e-010
17998	9.9362e-010
17999	1.0154e-009
18000	1.0383e-009
18001	1.0636e-009
18002	1.0897e-009
18003	1.109e-009
18004	1.1284e-009
18005	1.1699e-009
18006	1.1726e-009
18007	1.1308e-009
18008	1.1123e-009
18009	1.0978e-009
18010	1.0729e-009
18011	1.0479e-009
18012	1.0262e-009
18013	1.007e-009
18014	9.7634e-010
18015	9.6677e-010
18016	9.4237e-010
18017	9.2272e-010
18018	9.0351e-010
18019	8.8572e-010
18020	8.6836e-010
18021	8.432e-010
18022	8.3224e-010
18023	8.1386e-010
18024	7.9704e-010
18025	7.8116e-010
18026	7.688e-010
18027	7.5885e-010
18028	7.2271e-010
18029	7.3012e-010
18030	7.0807e-010
18031	7.1258e-010
18032	6.6387e-010
18033	6.7869e-010
18034	6.6459e-010
18035	6.2329e-010
18036	6.1329e-010
18037	6.3344e-010
18038	5.868e-010
18039	5.8407e-010
18040	6.0234e-010
18041	5.6713e-010
18042	5.9031e-010
18043	5.3092e-010
18044	5.3423e-010
18045	5.0614e-010
18046	4.8873e-010
18047	4.9726e-010
18048	4.6999e-010
18049	4.8247e-010
18050	4.5118e-010
18051	4.5742e-010
18052	4.2764e-010
18053	4.1298e-010
18054	4.1325e-010
18055	3.8592e-010
18056	4.0347e-010
18057	3.8088e-010
18058	3.7183e-010
18059	3.1615e-010
18060	3.0411e-010
18061	3.353e-010
18062	3.1748e-010
18063	3.5863e-010
18064	3.6634e-010
18065	5.2358e-010
18066	8.6139e-010
18067	1.3003e-009
18068	1.2108e-009
18069	1.6301e-009
18070	1.9111e-009
18071	1.3471e-010
18072	1.0717e-010
18073	1.9174e-010
18074	2.6599e-010
18075	2.7387e-010
18076	2.8147e-010
18077	2.8967e-010
18078	2.9735e-010
18079	3.0198e-010
18080	3.1287e-010
18081	3.1907e-010
18082	3.2457e-010
18083	3.3632e-010
18084	3.388e-010
18085	3.5187e-010
18086	3.5691e-010
18087	3.6657e-010
18088	3.7515e-010
18089	3.8245e-010
18090	3.9408e-010
18091	4.e-010
18092	4.1298e-010
18093	4.1831e-010
18094	4.3187e-010
18095	4.3926e-010
18096	4.505e-010
18097	4.6229e-010
18098	4.6875e-010
18099	4.8623e-010
18100	4.8907e-010
18101	5.0753e-010
18102	5.1694e-010
18103	5.2451e-010
18104	5.4277e-010
18105	5.5131e-010
18106	5.62e-010
18107	5.8023e-010
18108	5.9235e-010
18109	5.9971e-010
18110	6.1941e-010
18111	6.3377e-010
18112	6.4666e-010
18113	6.5737e-010
18114	6.7541e-010
18115	6.9222e-010
18116	7.0738e-010
18117	7.2557e-010
18118	7.5229e-010
18119	7.8204e-010
18120	7.7243e-010
18121	7.7026e-010
18122	8.0384e-010
18123	8.3429e-010
18124	8.5502e-010
18125	8.7021e-010
18126	8.9048e-010
18127	9.0695e-010
18128	9.2973e-010
18129	9.5105e-010
18130	9.7337e-010
18131	9.9878e-010
18132	1.0218e-009
18133	1.0365e-009
18134	1.0561e-009
18135	1.0988e-009
18136	1.1011e-009
18137	1.0578e-009
18138	1.0388e-009
18139	1.0302e-009
18140	1.0097e-009
18141	9.8378e-010
18142	9.6206e-010
18143	9.4137e-010
18144	9.1403e-010
18145	9.0487e-010
18146	8.8478e-010
18147	8.6574e-010
18148	8.4802e-010
18149	8.3125e-010
18150	8.1247e-010
18151	7.8797e-010
18152	7.7773e-010
18153	7.6187e-010
18154	7.4827e-010
18155	7.396e-010
18156	7.2774e-010
18157	7.0636e-010
18158	6.697e-010
18159	6.8231e-010
18160	6.7878e-010
18161	6.696e-010
18162	6.0881e-010
18163	6.3848e-010
18164	6.3871e-010
18165	5.7319e-010
18166	5.7312e-010
18167	6.106e-010
18168	5.3452e-010
18169	5.5486e-010
18170	5.8077e-010
18171	5.1197e-010
18172	5.743e-010
18173	4.8201e-010
18174	5.1441e-010
18175	4.7854e-010
18176	4.5202e-010
18177	4.7558e-010
18178	4.3324e-010
18179	4.6247e-010
18180	4.172e-010
18181	4.3622e-010
18182	4.004e-010
18183	3.8802e-010
18184	3.9538e-010
18185	3.6094e-010
18186	3.8696e-010
18187	3.4797e-010
18188	3.5769e-010
18189	2.9317e-010
18190	2.8617e-010
18191	3.2511e-010
18192	2.8884e-010
18193	3.1676e-010
18194	3.7134e-010
18195	5.3216e-010
18196	8.206e-010
18197	1.1483e-009
18198	1.0148e-009
18199	1.7813e-009
18200	1.3869e-009
18201	1.5527e-010
18202	1.2752e-010
18203	2.0794e-010
18204	2.846e-010
18205	2.9498e-010
18206	3.015e-010
18207	3.0986e-010
18208	3.1855e-010
18209	3.251e-010
18210	3.341e-010
18211	3.4129e-010
18212	3.4841e-010
18213	3.594e-010
18214	3.6497e-010
18215	3.7613e-010
18216	3.8257e-010
18217	3.923e-010
18218	4.0175e-010
18219	4.1e-010
18220	4.2155e-010
18221	4.2939e-010
18222	4.4161e-010
18223	4.4918e-010
18224	4.6185e-010
18225	4.7107e-010
18226	4.8263e-010
18227	4.9435e-010
18228	5.037e-010
18229	5.1896e-010
18230	5.2628e-010
18231	5.4224e-010
18232	5.5319e-010
18233	5.6384e-010
18234	5.8003e-010
18235	5.9101e-010
18236	6.036e-010
18237	6.1991e-010
18238	6.3365e-010
18239	6.4448e-010
18240	6.63e-010
18241	6.7739e-010
18242	6.9307e-010
18243	7.0589e-010
18244	7.2475e-010
18245	7.4103e-010
18246	7.5773e-010
18247	7.7478e-010
18248	7.9645e-010
18249	8.1836e-010
18250	8.264e-010
18251	8.4328e-010
18252	8.7592e-010
18253	8.8367e-010
18254	9.039e-010
18255	9.2822e-010
18256	9.5063e-010
18257	9.6829e-010
18258	9.9358e-010
18259	1.0154e-009
18260	1.0383e-009
18261	1.0636e-009
18262	1.0897e-009
18263	1.109e-009
18264	1.1284e-009
18265	1.1699e-009
18266	1.1726e-009
18267	1.1308e-009
18268	1.1123e-009
18269	1.0978e-009
18270	1.0729e-009
18271	1.0479e-009
18272	1.0262e-009
18273	1.007e-009
18274	9.7633e-010
18275	9.6677e-010
18276	9.4237e-010
18277	9.2273e-010
18278	9.0352e-010
18279	8.8572e-010
18280	8.6837e-010
18281	8.432e-010
18282	8.3221e-010
18283	8.1387e-010
18284	7.971e-010
18285	7.8116e-010
18286	7.6893e-010
18287	7.5837e-010
18288	7.2396e-010
18289	7.2963e-010
18290	7.0825e-010
18291	7.1022e-010
18292	6.6475e-010
18293	6.7644e-010
18294	6.6467e-010
18295	6.2333e-010
18296	6.1332e-010
18297	6.3344e-010
18298	5.868e-010
18299	5.8407e-010
18300	6.0234e-010
18301	5.6712e-010
18302	5.9031e-010
18303	5.3092e-010
18304	5.3423e-010
18305	5.0616e-010
18306	4.8873e-010
18307	4.9726e-010
18308	4.6999e-010
18309	4.8247e-010
18310	4.5118e-010
18311	4.5742e-010
18312	4.2764e-010
18313	4.1298e-010
18314	4.1325e-010
18315	3.8592e-010
18316	4.0344e-010
18317	3.8088e-010
18318	3.7183e-010
18319	3.1615e-010
18320	3.0411e-010
18321	3.3529e-010
18322	3.1748e-010
18323	3.5863e-010
18324	3.6634e-010
18325	5.2358e-010
18326	8.6139e-010
18327	1.3003e-009
18328	1.2108e-009
18329	1.6301e-009
18330	1.9111e-009
18331	1.5513e-010
18332	1.2742e-010
18333	2.0782e-010
18334	2.8442e-010
18335	2.9484e-010
18336	3.0134e-010
18337	3.0969e-010
18338	3.184e-010
18339	3.2493e-010
18340	3.3396e-010
18341	3.4117e-010
18342	3.4827e-010
18343	3.5926e-010
18344	3.6476e-010
18345	3.7595e-010
18346	3.8243e-010
18347	3.9218e-010
18348	4.0167e-010
18349	4.0989e-010
18350	4.2131e-010
18351	4.2911e-010
18352	4.414e-010
18353	4.4897e-010
18354	4.6155e-010
18355	4.7074e-010
18356	4.8249e-010
18357	4.9432e-010
18358	5.0366e-010
18359	5.1891e-010
18360	5.2614e-010
18361	5.4203e-010
18362	5.529e-010
18363	5.6353e-010
18364	5.7969e-010
18365	5.9076e-010
18366	6.0341e-010
18367	6.1976e-010
18368	6.334e-010
18369	6.4424e-010
18370	6.6297e-010
18371	6.7729e-010
18372	6.9284e-010
18373	7.057e-010
18374	7.2468e-010
18375	7.4097e-010
18376	7.5761e-010
18377	7.7469e-010
18378	7.9644e-010
18379	8.1829e-010
18380	8.2634e-010
18381	8.4312e-010
18382	8.7569e-010
18383	8.8324e-010
18384	9.0334e-010
18385	9.278e-010
18386	9.5e-010
18387	9.6762e-010
18388	9.9257e-010
18389	1.0144e-009
18390	1.0374e-009
18391	1.0628e-009
18392	1.0887e-009
18393	1.1079e-009
18394	1.1273e-009
18395	1.1688e-009
18396	1.1713e-009
18397	1.1295e-009
18398	1.1109e-009
18399	1.0963e-009
18400	1.0716e-009
18401	1.0471e-009
18402	1.0253e-009
18403	1.0063e-009
18404	9.7563e-010
18405	9.661e-010
18406	9.4181e-010
18407	9.221e-010
18408	9.0295e-010
18409	8.8512e-010
18410	8.6779e-010
18411	8.4281e-010
18412	8.3196e-010
18413	8.138e-010
18414	7.9708e-010
18415	7.811e-010
18416	7.6894e-010
18417	7.5799e-010
18418	7.2447e-010
18419	7.2937e-010
18420	7.085e-010
18421	7.1167e-010
18422	6.6583e-010
18423	6.7773e-010
18424	6.6483e-010
18425	6.2348e-010
18426	6.1345e-010
18427	6.3357e-010
18428	5.8688e-010
18429	5.8405e-010
18430	6.022e-010
18431	5.6683e-010
18432	5.8989e-010
18433	5.3046e-010
18434	5.3375e-010
18435	5.0571e-010
18436	4.8823e-010
18437	4.9676e-010
18438	4.6953e-010
18439	4.8198e-010
18440	4.5069e-010
18441	4.569e-010
18442	4.2701e-010
18443	4.1235e-010
18444	4.1262e-010
18445	3.8541e-010
18446	4.0307e-010
18447	3.8067e-010
18448	3.717e-010
18449	3.1622e-010
18450	3.0421e-010
18451	3.3528e-010
18452	3.1748e-010
18453	3.5854e-010
18454	3.6627e-010
18455	5.2338e-010
18456	8.6111e-010
18457	1.3e-009
18458	1.2106e-009
18459	1.63e-009
18460	1.9112e-009
18461	1.3456e-010
18462	1.0706e-010
18463	1.9163e-010
18464	2.658e-010
18465	2.737e-010
18466	2.8129e-010
18467	2.8951e-010
18468	2.9717e-010
18469	3.0171e-010
18470	3.1256e-010
18471	3.1875e-010
18472	3.2426e-010
18473	3.3603e-010
18474	3.3853e-010
18475	3.5156e-010
18476	3.5669e-010
18477	3.6636e-010
18478	3.7497e-010
18479	3.8232e-010
18480	3.9375e-010
18481	3.9963e-010
18482	4.1273e-010
18483	4.1802e-010
18484	4.3144e-010
18485	4.388e-010
18486	4.5034e-010
18487	4.6227e-010
18488	4.6846e-010
18489	4.8587e-010
18490	4.8863e-010
18491	5.0699e-010
18492	5.1643e-010
18493	5.2409e-010
18494	5.4232e-010
18495	5.5092e-010
18496	5.6167e-010
18497	5.7967e-010
18498	5.915e-010
18499	5.9942e-010
18500	6.1903e-010
18501	6.3369e-010
18502	6.4629e-010
18503	6.5707e-010
18504	6.7536e-010
18505	6.9226e-010
18506	7.0729e-010
18507	7.2549e-010
18508	7.5204e-010
18509	7.8189e-010
18510	7.7206e-010
18511	7.7015e-010
18512	8.0323e-010
18513	8.335e-010
18514	8.5402e-010
18515	8.6931e-010
18516	8.8948e-010
18517	9.0566e-010
18518	9.2815e-010
18519	9.4942e-010
18520	9.7164e-010
18521	9.9742e-010
18522	1.02e-009
18523	1.0345e-009
18524	1.054e-009
18525	1.0967e-009
18526	1.0987e-009
18527	1.0557e-009
18528	1.0366e-009
18529	1.0278e-009
18530	1.0078e-009
18531	9.8213e-010
18532	9.6052e-010
18533	9.4029e-010
18534	9.1285e-010
18535	9.0389e-010
18536	8.8374e-010
18537	8.6485e-010
18538	8.47e-010
18539	8.302e-010
18540	8.1178e-010
18541	7.8749e-010
18542	7.7754e-010
18543	7.6182e-010
18544	7.4795e-010
18545	7.3963e-010
18546	7.2747e-010
18547	7.0609e-010
18548	6.7009e-010
18549	6.8212e-010
18550	6.7897e-010
18551	6.7482e-010
18552	6.0564e-010
18553	6.431e-010
18554	6.3888e-010
18555	5.7326e-010
18556	5.7342e-010
18557	6.1065e-010
18558	5.3473e-010
18559	5.548e-010
18560	5.8065e-010
18561	5.1166e-010
18562	5.7395e-010
18563	4.8152e-010
18564	5.1393e-010
18565	4.78e-010
18566	4.5152e-010
18567	4.7489e-010
18568	4.3241e-010
18569	4.6154e-010
18570	4.1624e-010
18571	4.3519e-010
18572	3.9935e-010
18573	3.8703e-010
18574	3.9443e-010
18575	3.6023e-010
18576	3.8655e-010
18577	3.4782e-010
18578	3.5775e-010
18579	2.9343e-010
18580	2.8656e-010
18581	3.2533e-010
18582	2.8909e-010
18583	3.1674e-010
18584	3.7145e-010
18585	5.3197e-010
18586	8.1999e-010
18587	1.1478e-009
18588	1.0143e-009
18589	1.7809e-009
18590	1.3871e-009
18591	1.551e-010
18592	1.2736e-010
18593	2.0779e-010
18594	2.8442e-010
18595	2.9477e-010
18596	3.0128e-010
18597	3.096e-010
18598	3.1832e-010
18599	3.2483e-010
18600	3.3384e-010
18601	3.41e-010
18602	3.481e-010
18603	3.5915e-010
18604	3.6477e-010
18605	3.7596e-010
18606	3.8238e-010
18607	3.9216e-010
18608	4.0169e-010
18609	4.099e-010
18610	4.2128e-010
18611	4.2912e-010
18612	4.4145e-010
18613	4.4906e-010
18614	4.6156e-010
18615	4.7069e-010
18616	4.8224e-010
18617	4.94e-010
18618	5.034e-010
18619	5.1868e-010
18620	5.2597e-010
18621	5.4182e-010
18622	5.5269e-010
18623	5.6339e-010
18624	5.7971e-010
18625	5.9076e-010
18626	6.0334e-010
18627	6.1976e-010
18628	6.336e-010
18629	6.4447e-010
18630	6.63e-010
18631	6.7733e-010
18632	6.9293e-010
18633	7.0586e-010
18634	7.2474e-010
18635	7.4101e-010
18636	7.5769e-010
18637	7.7487e-010
18638	7.9651e-010
18639	8.1825e-010
18640	8.2604e-010
18641	8.4281e-010
18642	8.7543e-010
18643	8.8314e-010
18644	9.0317e-010
18645	9.2737e-010
18646	9.4974e-010
18647	9.673e-010
18648	9.9195e-010
18649	1.0135e-009
18650	1.0364e-009
18651	1.0621e-009
18652	1.088e-009
18653	1.1068e-009
18654	1.1264e-009
18655	1.1677e-009
18656	1.1701e-009
18657	1.1287e-009
18658	1.1101e-009
18659	1.0955e-009
18660	1.0712e-009
18661	1.0466e-009
18662	1.0249e-009
18663	1.0059e-009
18664	9.7544e-010
18665	9.6586e-010
18666	9.4164e-010
18667	9.2195e-010
18668	9.0279e-010
18669	8.8481e-010
18670	8.6763e-010
18671	8.4262e-010
18672	8.3192e-010
18673	8.1367e-010
18674	7.9683e-010
18675	7.8104e-010
18676	7.6904e-010
18677	7.5775e-010
18678	7.2399e-010
18679	7.2915e-010
18680	7.0849e-010
18681	7.1392e-010
18682	6.6522e-010
18683	6.8009e-010
18684	6.6503e-010
18685	6.2372e-010
18686	6.1362e-010
18687	6.335e-010
18688	5.8672e-010
18689	5.8395e-010
18690	6.0207e-010
18691	5.6659e-010
18692	5.8966e-010
18693	5.3008e-010
18694	5.3341e-010
18695	5.0531e-010
18696	4.8786e-010
18697	4.9642e-010
18698	4.6905e-010
18699	4.8149e-010
18700	4.5007e-010
18701	4.5627e-010
18702	4.2646e-010
18703	4.1186e-010
18704	4.1218e-010
18705	3.8507e-010
18706	4.0296e-010
18707	3.8052e-010
18708	3.7185e-010
18709	3.1636e-010
18710	3.0454e-010
18711	3.356e-010
18712	3.1755e-010
18713	3.5873e-010
18714	3.6633e-010
18715	5.2335e-010
18716	8.6099e-010
18717	1.2997e-009
18718	1.2104e-009
18719	1.6299e-009
18720	1.9108e-009
18721	7.2672e-011
18722	4.8874e-011
18723	1.3144e-010
18724	2.0222e-010
18725	2.0043e-010
18726	2.1218e-010
18727	2.1692e-010
18728	2.163e-010
18729	2.3345e-010
18730	2.2899e-010
18731	2.3654e-010
18732	2.4758e-010
18733	2.4362e-010
18734	2.617e-010
18735	2.57e-010
18736	2.6937e-010
18737	2.7312e-010
18738	2.7896e-010
18739	2.8839e-010
18740	2.9079e-010
18741	3.0303e-010
18742	3.0427e-010
18743	3.1674e-010
18744	3.1939e-010
18745	3.2997e-010
18746	3.3629e-010
18747	3.4286e-010
18748	3.5491e-010
18749	3.5654e-010
18750	3.7302e-010
18751	3.7442e-010
18752	3.8499e-010
18753	3.9687e-010
18754	4.0078e-010
18755	4.13e-010
18756	4.2376e-010
18757	4.2979e-010
18758	4.4017e-010
18759	4.5507e-010
18760	4.6036e-010
18761	4.7136e-010
18762	4.8204e-010
18763	4.9667e-010
18764	5.0492e-010
18765	5.1633e-010
18766	5.281e-010
18767	5.4106e-010
18768	5.6157e-010
18769	5.8273e-010
18770	5.8038e-010
18771	5.7995e-010
18772	6.0224e-010
18773	6.2083e-010
18774	6.339e-010
18775	6.4806e-010
18776	6.6166e-010
18777	6.8042e-010
18778	6.9329e-010
18779	7.0951e-010
18780	7.2548e-010
18781	7.3978e-010
18782	7.5553e-010
18783	7.781e-010
18784	8.015e-010
18785	8.0514e-010
18786	8.0481e-010
18787	8.0439e-010
18788	7.8376e-010
18789	7.5928e-010
18790	7.4382e-010
18791	7.3177e-010
18792	7.174e-010
18793	7.0041e-010
18794	6.9407e-010
18795	6.6894e-010
18796	6.5806e-010
18797	6.4414e-010
18798	6.3056e-010
18799	6.1689e-010
18800	6.0329e-010
18801	5.9798e-010
18802	5.7982e-010
18803	5.7019e-010
18804	5.5752e-010
18805	5.4167e-010
18806	5.3106e-010
18807	5.2252e-010
18808	5.3669e-010
18809	5.0074e-010
18810	4.8578e-010
18811	4.7401e-010
18812	5.2195e-010
18813	4.5713e-010
18814	4.3949e-010
18815	4.6364e-010
18816	4.3927e-010
18817	4.0403e-010
18818	4.511e-010
18819	4.0628e-010
18820	3.8572e-010
18821	4.6125e-010
18822	3.5493e-010
18823	4.1341e-010
18824	3.6053e-010
18825	3.6073e-010
18826	3.6365e-010
18827	3.2546e-010
18828	3.6329e-010
18829	3.0542e-010
18830	3.5063e-010
18831	2.9433e-010
18832	3.3078e-010
18833	2.8154e-010
18834	2.9127e-010
18835	2.9306e-010
18836	2.3893e-010
18837	3.1709e-010
18838	2.0845e-010
18839	2.6096e-010
18840	1.9978e-010
18841	2.0712e-010
18842	3.5132e-010
18843	2.3632e-010
18844	3.9393e-010
18845	7.1683e-010
18846	8.9602e-010
18847	9.7748e-010
18848	1.2565e-009
18849	2.4297e-009
18850	2.2256e-009
18851	1.4937e-010
18852	1.156e-010
18853	1.8565e-010
18854	2.4441e-010
18855	2.4035e-010
18856	2.5627e-010
18857	2.6168e-010
18858	2.586e-010
18859	2.8335e-010
18860	2.7418e-010
18861	2.8427e-010
18862	2.9978e-010
18863	2.9026e-010
18864	3.1768e-010
18865	3.0677e-010
18866	3.2504e-010
18867	3.2833e-010
18868	3.3505e-010
18869	3.4799e-010
18870	3.4816e-010
18871	3.6618e-010
18872	3.6407e-010
18873	3.8254e-010
18874	3.826e-010
18875	3.9776e-010
18876	4.0452e-010
18877	4.1149e-010
18878	4.2905e-010
18879	4.2578e-010
18880	4.5184e-010
18881	4.4831e-010
18882	4.6268e-010
18883	4.7929e-010
18884	4.7975e-010
18885	4.9692e-010
18886	5.1097e-010
18887	5.1551e-010
18888	5.2799e-010
18889	5.5008e-010
18890	5.5187e-010
18891	5.6632e-010
18892	5.7871e-010
18893	5.9915e-010
18894	6.0644e-010
18895	6.2051e-010
18896	6.3487e-010
18897	6.4894e-010
18898	6.6753e-010
18899	6.8158e-010
18900	6.979e-010
18901	7.0942e-010
18902	7.2614e-010
18903	7.4392e-010
18904	7.6038e-010
18905	7.7753e-010
18906	7.9267e-010
18907	8.1806e-010
18908	8.3056e-010
18909	8.521e-010
18910	8.7111e-010
18911	8.8533e-010
18912	9.034e-010
18913	9.3589e-010
18914	9.7025e-010
18915	9.5931e-010
18916	9.576e-010
18917	9.7403e-010
18918	9.444e-010
18919	9.0723e-010
18920	8.8898e-010
18921	8.7885e-010
18922	8.6185e-010
18923	8.3836e-010
18924	8.3867e-010
18925	7.994e-010
18926	7.9004e-010
18927	7.7309e-010
18928	7.5677e-010
18929	7.3998e-010
18930	7.2212e-010
18931	7.222e-010
18932	6.9452e-010
18933	6.8561e-010
18934	6.6993e-010
18935	6.4711e-010
18936	6.352e-010
18937	6.1926e-010
18938	6.6274e-010
18939	5.9282e-010
18940	5.7882e-010
18941	5.5183e-010
18942	6.4677e-010
18943	5.3568e-010
18944	5.1097e-010
18945	5.6998e-010
18946	5.3153e-010
18947	4.5984e-010
18948	5.6202e-010
18949	4.8202e-010
18950	4.3609e-010
18951	5.8482e-010
18952	3.884e-010
18953	5.1803e-010
18954	4.1795e-010
18955	4.3073e-010
18956	4.453e-010
18957	3.7565e-010
18958	4.5231e-010
18959	3.4769e-010
18960	4.3694e-010
18961	3.3821e-010
18962	4.1052e-010
18963	3.3299e-010
18964	3.4467e-010
18965	3.6413e-010
18966	2.7093e-010
18967	4.0604e-010
18968	2.3084e-010
18969	3.3778e-010
18970	2.4855e-010
18971	2.3045e-010
18972	4.6044e-010
18973	2.5982e-010
18974	4.4507e-010
18975	8.1487e-010
18976	1.0607e-009
18977	9.9632e-010
18978	1.4605e-009
18979	2.9607e-009
18980	2.6017e-009
18981	7.2659e-011
18982	4.8904e-011
18983	1.3146e-010
18984	2.0225e-010
18985	2.0049e-010
18986	2.1224e-010
18987	2.1703e-010
18988	2.164e-010
18989	2.3358e-010
18990	2.2914e-010
18991	2.3677e-010
18992	2.4779e-010
18993	2.4378e-010
18994	2.617e-010
18995	2.5702e-010
18996	2.6941e-010
18997	2.7323e-010
18998	2.7907e-010
18999	2.885e-010
19000	2.909e-010
19001	3.0306e-010
19002	3.0427e-010
19003	3.1671e-010
19004	3.1945e-010
19005	3.3014e-010
19006	3.3659e-010
19007	3.432e-010
19008	3.552e-010
19009	3.5676e-010
19010	3.7317e-010
19011	3.7465e-010
19012	3.8525e-010
19013	3.971e-010
19014	4.0084e-010
19015	4.1307e-010
19016	4.2379e-010
19017	4.2982e-010
19018	4.3991e-010
19019	4.5526e-010
19020	4.6025e-010
19021	4.7143e-010
19022	4.8203e-010
19023	4.9672e-010
19024	5.0494e-010
19025	5.1643e-010
19026	5.281e-010
19027	5.4103e-010
19028	5.617e-010
19029	5.8289e-010
19030	5.8064e-010
19031	5.8022e-010
19032	6.0233e-010
19033	6.2095e-010
19034	6.3407e-010
19035	6.4843e-010
19036	6.6201e-010
19037	6.8076e-010
19038	6.9375e-010
19039	7.1035e-010
19040	7.2647e-010
19041	7.4039e-010
19042	7.5628e-010
19043	7.7912e-010
19044	8.0234e-010
19045	8.0611e-010
19046	8.0594e-010
19047	8.0526e-010
19048	7.8453e-010
19049	7.5997e-010
19050	7.4429e-010
19051	7.3208e-010
19052	7.1769e-010
19053	7.0064e-010
19054	6.9438e-010
19055	6.6921e-010
19056	6.5832e-010
19057	6.4438e-010
19058	6.309e-010
19059	6.1718e-010
19060	6.0366e-010
19061	5.9805e-010
19062	5.7999e-010
19063	5.7038e-010
19064	5.5787e-010
19065	5.4179e-010
19066	5.3133e-010
19067	5.2219e-010
19068	5.372e-010
19069	5.0051e-010
19070	4.8563e-010
19071	4.7446e-010
19072	5.1799e-010
19073	4.5751e-010
19074	4.3886e-010
19075	4.6349e-010
19076	4.3919e-010
19077	4.0397e-010
19078	4.5118e-010
19079	4.0628e-010
19080	3.8563e-010
19081	4.6129e-010
19082	3.5479e-010
19083	4.135e-010
19084	3.6056e-010
19085	3.6079e-010
19086	3.6378e-010
19087	3.2563e-010
19088	3.6359e-010
19089	3.0577e-010
19090	3.5112e-010
19091	2.9481e-010
19092	3.3116e-010
19093	2.8184e-010
19094	2.9155e-010
19095	2.9323e-010
19096	2.3897e-010
19097	3.1698e-010
19098	2.0803e-010
19099	2.6071e-010
19100	1.9921e-010
19101	2.0646e-010
19102	3.5139e-010
19103	2.3592e-010
19104	3.9386e-010
19105	7.1694e-010
19106	8.9616e-010
19107	9.7789e-010
19108	1.2567e-009
19109	2.4299e-009
19110	2.2261e-009
19111	7.2752e-011
19112	4.8979e-011
19113	1.3163e-010
19114	2.0251e-010
19115	2.0074e-010
19116	2.125e-010
19117	2.1727e-010
19118	2.1662e-010
19119	2.3377e-010
19120	2.2934e-010
19121	2.3694e-010
19122	2.4794e-010
19123	2.4391e-010
19124	2.6184e-010
19125	2.5716e-010
19126	2.695e-010
19127	2.7335e-010
19128	2.7921e-010
19129	2.8868e-010
19130	2.9115e-010
19131	3.0333e-010
19132	3.0458e-010
19133	3.1702e-010
19134	3.1974e-010
19135	3.3042e-010
19136	3.3674e-010
19137	3.4333e-010
19138	3.5541e-010
19139	3.5695e-010
19140	3.7338e-010
19141	3.7495e-010
19142	3.8556e-010
19143	3.9734e-010
19144	4.0117e-010
19145	4.133e-010
19146	4.2396e-010
19147	4.3008e-010
19148	4.4011e-010
19149	4.5601e-010
19150	4.6024e-010
19151	4.7161e-010
19152	4.8238e-010
19153	4.9701e-010
19154	5.0519e-010
19155	5.1666e-010
19156	5.2834e-010
19157	5.4121e-010
19158	5.618e-010
19159	5.831e-010
19160	5.8077e-010
19161	5.8056e-010
19162	6.0288e-010
19163	6.2161e-010
19164	6.3479e-010
19165	6.4929e-010
19166	6.6289e-010
19167	6.8176e-010
19168	6.9489e-010
19169	7.1149e-010
19170	7.2753e-010
19171	7.4161e-010
19172	7.5755e-010
19173	7.807e-010
19174	8.0395e-010
19175	8.0783e-010
19176	8.0755e-010
19177	8.0676e-010
19178	7.8606e-010
19179	7.6187e-010
19180	7.4605e-010
19181	7.3352e-010
19182	7.1908e-010
19183	7.0183e-010
19184	6.9536e-010
19185	6.6999e-010
19186	6.5924e-010
19187	6.4523e-010
19188	6.3176e-010
19189	6.1801e-010
19190	6.0455e-010
19191	5.9884e-010
19192	5.8058e-010
19193	5.7085e-010
19194	5.581e-010
19195	5.4209e-010
19196	5.3194e-010
19197	5.205e-010
19198	5.4412e-010
19199	4.9889e-010
19200	4.8607e-010
19201	4.7422e-010
19202	5.1787e-010
19203	4.5713e-010
19204	4.3873e-010
19205	4.6332e-010
19206	4.3899e-010
19207	4.0379e-010
19208	4.5105e-010
19209	4.0627e-010
19210	3.8578e-010
19211	4.6158e-010
19212	3.555e-010
19213	4.1412e-010
19214	3.6136e-010
19215	3.6158e-010
19216	3.645e-010
19217	3.2638e-010
19218	3.6418e-010
19219	3.0641e-010
19220	3.5162e-010
19221	2.9548e-010
19222	3.3193e-010
19223	2.8264e-010
19224	2.9237e-010
19225	2.9383e-010
19226	2.3958e-010
19227	3.171e-010
19228	2.0839e-010
19229	2.6079e-010
19230	1.9922e-010
19231	2.0667e-010
19232	3.5154e-010
19233	2.3607e-010
19234	3.9384e-010
19235	7.1698e-010
19236	8.967e-010
19237	9.782e-010
19238	1.2571e-009
19239	2.4302e-009
19240	2.2259e-009
19241	1.4966e-010
19242	1.158e-010
19243	1.8578e-010
19244	2.4449e-010
19245	2.4042e-010
19246	2.5639e-010
19247	2.6182e-010
19248	2.5872e-010
19249	2.8352e-010
19250	2.7433e-010
19251	2.8444e-010
19252	2.9999e-010
19253	2.9048e-010
19254	3.1786e-010
19255	3.0702e-010
19256	3.2529e-010
19257	3.2856e-010
19258	3.3524e-010
19259	3.4819e-010
19260	3.4842e-010
19261	3.6642e-010
19262	3.642e-010
19263	3.8271e-010
19264	3.8296e-010
19265	3.9821e-010
19266	4.047e-010
19267	4.116e-010
19268	4.2925e-010
19269	4.2597e-010
19270	4.5204e-010
19271	4.4853e-010
19272	4.6305e-010
19273	4.7969e-010
19274	4.801e-010
19275	4.9717e-010
19276	5.1106e-010
19277	5.1566e-010
19278	5.2764e-010
19279	5.5112e-010
19280	5.5145e-010
19281	5.6649e-010
19282	5.789e-010
19283	5.9921e-010
19284	6.0637e-010
19285	6.205e-010
19286	6.35e-010
19287	6.4902e-010
19288	6.6748e-010
19289	6.8155e-010
19290	6.9787e-010
19291	7.0949e-010
19292	7.2648e-010
19293	7.4431e-010
19294	7.609e-010
19295	7.7821e-010
19296	7.9325e-010
19297	8.1898e-010
19298	8.3167e-010
19299	8.533e-010
19300	8.7223e-010
19301	8.864e-010
19302	9.046e-010
19303	9.3749e-010
19304	9.7152e-010
19305	9.6079e-010
19306	9.5919e-010
19307	9.7555e-010
19308	9.4592e-010
19309	9.0899e-010
19310	8.9041e-010
19311	8.7987e-010
19312	8.6275e-010
19313	8.3927e-010
19314	8.3949e-010
19315	7.9994e-010
19316	7.9083e-010
19317	7.7361e-010
19318	7.5749e-010
19319	7.4058e-010
19320	7.2272e-010
19321	7.2261e-010
19322	6.9469e-010
19323	6.857e-010
19324	6.6995e-010
19325	6.4711e-010
19326	6.3636e-010
19327	6.1538e-010
19328	6.7567e-010
19329	5.8942e-010
19330	5.7931e-010
19331	5.5315e-010
19332	6.454e-010
19333	5.3696e-010
19334	5.1023e-010
19335	5.6981e-010
19336	5.3144e-010
19337	4.5985e-010
19338	5.62e-010
19339	4.8208e-010
19340	4.3632e-010
19341	5.8518e-010
19342	3.8879e-010
19343	5.1855e-010
19344	4.184e-010
19345	4.3122e-010
19346	4.4592e-010
19347	3.7623e-010
19348	4.5317e-010
19349	3.4844e-010
19350	4.3781e-010
19351	3.3906e-010
19352	4.1149e-010
19353	3.3377e-010
19354	3.4548e-010
19355	3.6477e-010
19356	2.714e-010
19357	4.0602e-010
19358	2.3088e-010
19359	3.3766e-010
19360	2.4815e-010
19361	2.3031e-010
19362	4.6081e-010
19363	2.5965e-010
19364	4.4471e-010
19365	8.1459e-010
19366	1.0614e-009
19367	9.9672e-010
19368	1.4611e-009
19369	2.9613e-009
19370	2.6015e-009
19371	7.2752e-011
19372	4.8979e-011
19373	1.3163e-010
19374	2.0251e-010
19375	2.0074e-010
19376	2.125e-010
19377	2.1727e-010
19378	2.1663e-010
19379	2.3377e-010
19380	2.2935e-010
19381	2.3694e-010
19382	2.4794e-010
19383	2.4391e-010
19384	2.6184e-010
19385	2.5716e-010
19386	2.695e-010
19387	2.7335e-010
19388	2.7921e-010
19389	2.8868e-010
19390	2.9114e-010
19391	3.0333e-010
19392	3.0457e-010
19393	3.1701e-010
19394	3.1973e-010
19395	3.3042e-010
19396	3.3674e-010
19397	3.4333e-010
19398	3.5541e-010
19399	3.5695e-010
19400	3.7338e-010
19401	3.7495e-010
19402	3.8555e-010
19403	3.9736e-010
19404	4.0117e-010
19405	4.133e-010
19406	4.2395e-010
19407	4.3012e-010
19408	4.4007e-010
19409	4.5592e-010
19410	4.602e-010
19411	4.7163e-010
19412	4.8237e-010
19413	4.9701e-010
19414	5.0519e-010
19415	5.1666e-010
19416	5.2834e-010
19417	5.4121e-010
19418	5.618e-010
19419	5.831e-010
19420	5.8077e-010
19421	5.8056e-010
19422	6.0288e-010
19423	6.2159e-010
19424	6.3478e-010
19425	6.4929e-010
19426	6.6289e-010
19427	6.8176e-010
19428	6.9489e-010
19429	7.1148e-010
19430	7.2752e-010
19431	7.416e-010
19432	7.5755e-010
19433	7.807e-010
19434	8.0401e-010
19435	8.078e-010
19436	8.0754e-010
19437	8.0676e-010
19438	7.8606e-010
19439	7.6187e-010
19440	7.4605e-010
19441	7.3351e-010
19442	7.1906e-010
19443	7.0183e-010
19444	6.9536e-010
19445	6.6999e-010
19446	6.5924e-010
19447	6.4523e-010
19448	6.3174e-010
19449	6.1801e-010
19450	6.0447e-010
19451	5.9902e-010
19452	5.8049e-010
19453	5.7084e-010
19454	5.5813e-010
19455	5.4208e-010
19456	5.3243e-010
19457	5.1937e-010
19458	5.4759e-010
19459	4.9801e-010
19460	4.8654e-010
19461	4.7422e-010
19462	5.1775e-010
19463	4.5713e-010
19464	4.3875e-010
19465	4.633e-010
19466	4.3899e-010
19467	4.0379e-010
19468	4.5105e-010
19469	4.0626e-010
19470	3.8582e-010
19471	4.6157e-010
19472	3.5549e-010
19473	4.1411e-010
19474	3.6136e-010
19475	3.6158e-010
19476	3.645e-010
19477	3.2638e-010
19478	3.6418e-010
19479	3.0641e-010
19480	3.5162e-010
19481	2.9548e-010
19482	3.3193e-010
19483	2.8264e-010
19484	2.9241e-010
19485	2.9382e-010
19486	2.3958e-010
19487	3.171e-010
19488	2.0838e-010
19489	2.6078e-010
19490	1.9922e-010
19491	2.0667e-010
19492	3.5154e-010
19493	2.3609e-010
19494	3.9385e-010
19495	7.1697e-010
19496	8.967e-010
19497	9.782e-010
19498	1.2571e-009
19499	2.4302e-009
19500	2.2258e-009
19501	7.2663e-011
19502	4.8902e-011
19503	1.3146e-010
19504	2.0227e-010
19505	2.0049e-010
19506	2.1224e-010
19507	2.1702e-010
19508	2.1642e-010
19509	2.3358e-010
19510	2.2916e-010
19511	2.3676e-010
19512	2.4778e-010
19513	2.4378e-010
19514	2.6171e-010
19515	2.5702e-010
19516	2.6941e-010
19517	2.7323e-010
19518	2.7906e-010
19519	2.8849e-010
19520	2.9089e-010
19521	3.0304e-010
19522	3.0428e-010
19523	3.1671e-010
19524	3.1945e-010
19525	3.3015e-010
19526	3.3657e-010
19527	3.4319e-010
19528	3.5518e-010
19529	3.5676e-010
19530	3.7316e-010
19531	3.7465e-010
19532	3.8524e-010
19533	3.9708e-010
19534	4.0083e-010
19535	4.1306e-010
19536	4.2386e-010
19537	4.2987e-010
19538	4.3977e-010
19539	4.5567e-010
19540	4.6008e-010
19541	4.7149e-010
19542	4.8204e-010
19543	4.9672e-010
19544	5.049e-010
19545	5.1641e-010
19546	5.2808e-010
19547	5.4106e-010
19548	5.6169e-010
19549	5.8288e-010
19550	5.8063e-010
19551	5.8021e-010
19552	6.0233e-010
19553	6.2094e-010
19554	6.3409e-010
19555	6.4844e-010
19556	6.6201e-010
19557	6.8076e-010
19558	6.9375e-010
19559	7.1034e-010
19560	7.2647e-010
19561	7.4038e-010
19562	7.5626e-010
19563	7.791e-010
19564	8.0233e-010
19565	8.0621e-010
19566	8.0589e-010
19567	8.0526e-010
19568	7.8458e-010
19569	7.6001e-010
19570	7.4427e-010
19571	7.3207e-010
19572	7.1769e-010
19573	7.0064e-010
19574	6.9435e-010
19575	6.6922e-010
19576	6.5831e-010
19577	6.4438e-010
19578	6.3092e-010
19579	6.1722e-010
19580	6.036e-010
19581	5.9833e-010
19582	5.7991e-010
19583	5.7038e-010
19584	5.579e-010
19585	5.4188e-010
19586	5.3237e-010
19587	5.1927e-010
19588	5.4734e-010
19589	4.9801e-010
19590	4.8661e-010
19591	4.7424e-010
19592	5.178e-010
19593	4.5726e-010
19594	4.3896e-010
19595	4.6349e-010
19596	4.3918e-010
19597	4.0397e-010
19598	4.5117e-010
19599	4.0628e-010
19600	3.8558e-010
19601	4.6128e-010
19602	3.5479e-010
19603	4.135e-010
19604	3.6055e-010
19605	3.6081e-010
19606	3.6377e-010
19607	3.2561e-010
19608	3.6359e-010
19609	3.0577e-010
19610	3.5112e-010
19611	2.9481e-010
19612	3.3117e-010
19613	2.8183e-010
19614	2.9155e-010
19615	2.9322e-010
19616	2.3896e-010
19617	3.1697e-010
19618	2.0805e-010
19619	2.607e-010
19620	1.9923e-010
19621	2.0646e-010
19622	3.5138e-010
19623	2.3595e-010
19624	3.9385e-010
19625	7.1693e-010
19626	8.9615e-010
19627	9.7788e-010
19628	1.2567e-009
19629	2.4299e-009
19630	2.2262e-009
19631	1.4938e-010
19632	1.1559e-010
19633	1.8565e-010
19634	2.444e-010
19635	2.4034e-010
19636	2.5628e-010
19637	2.6168e-010
19638	2.586e-010
19639	2.8335e-010
19640	2.7418e-010
19641	2.8427e-010
19642	2.9978e-010
19643	2.9026e-010
19644	3.1767e-010
19645	3.0677e-010
19646	3.2504e-010
19647	3.2833e-010
19648	3.3505e-010
19649	3.4799e-010
19650	3.4816e-010
19651	3.6618e-010
19652	3.6408e-010
19653	3.8255e-010
19654	3.826e-010
19655	3.9778e-010
19656	4.0452e-010
19657	4.1148e-010
19658	4.2905e-010
19659	4.2578e-010
19660	4.5185e-010
19661	4.4831e-010
19662	4.6267e-010
19663	4.7929e-010
19664	4.7975e-010
19665	4.9692e-010
19666	5.1097e-010
19667	5.1559e-010
19668	5.275e-010
19669	5.5116e-010
19670	5.5138e-010
19671	5.664e-010
19672	5.7873e-010
19673	5.9915e-010
19674	6.0645e-010
19675	6.2053e-010
19676	6.3486e-010
19677	6.4895e-010
19678	6.6753e-010
19679	6.8159e-010
19680	6.9791e-010
19681	7.0942e-010
19682	7.2614e-010
19683	7.439e-010
19684	7.6038e-010
19685	7.7751e-010
19686	7.9267e-010
19687	8.1807e-010
19688	8.3056e-010
19689	8.521e-010
19690	8.7111e-010
19691	8.8534e-010
19692	9.0339e-010
19693	9.3586e-010
19694	9.7026e-010
19695	9.5932e-010
19696	9.5758e-010
19697	9.7405e-010
19698	9.444e-010
19699	9.0723e-010
19700	8.8895e-010
19701	8.7887e-010
19702	8.6186e-010
19703	8.3837e-010
19704	8.3868e-010
19705	7.9941e-010
19706	7.9002e-010
19707	7.731e-010
19708	7.5679e-010
19709	7.3994e-010
19710	7.2214e-010
19711	7.2214e-010
19712	6.9453e-010
19713	6.856e-010
19714	6.6997e-010
19715	6.4717e-010
19716	6.3642e-010
19717	6.1543e-010
19718	6.7643e-010
19719	5.895e-010
19720	5.7951e-010
19721	5.5334e-010
19722	6.4527e-010
19723	5.3711e-010
19724	5.1051e-010
19725	5.7005e-010
19726	5.3151e-010
19727	4.5983e-010
19728	5.62e-010
19729	4.8202e-010
19730	4.3608e-010
19731	5.8482e-010
19732	3.884e-010
19733	5.1803e-010
19734	4.1796e-010
19735	4.3073e-010
19736	4.4529e-010
19737	3.7565e-010
19738	4.523e-010
19739	3.4769e-010
19740	4.3694e-010
19741	3.3822e-010
19742	4.1052e-010
19743	3.33e-010
19744	3.4465e-010
19745	3.6414e-010
19746	2.7093e-010
19747	4.0603e-010
19748	2.3084e-010
19749	3.3779e-010
19750	2.4855e-010
19751	2.3045e-010
19752	4.6044e-010
19753	2.5982e-010
19754	4.4507e-010
19755	8.1487e-010
19756	1.0606e-009
19757	9.9633e-010
19758	1.4604e-009
19759	2.9607e-009
19760	2.6018e-009
19761	7.2674e-011
19762	4.8875e-011
19763	1.3143e-010
19764	2.0222e-010
19765	2.0042e-010
19766	2.1217e-010
19767	2.1692e-010
19768	2.1628e-010
19769	2.3347e-010
19770	2.2898e-010
19771	2.3655e-010
19772	2.4758e-010
19773	2.4363e-010
19774	2.6171e-010
19775	2.57e-010
19776	2.6937e-010
19777	2.7315e-010
19778	2.7898e-010
19779	2.8838e-010
19780	2.9079e-010
19781	3.0302e-010
19782	3.043e-010
19783	3.1672e-010
19784	3.1942e-010
19785	3.3004e-010
19786	3.3628e-010
19787	3.4285e-010
19788	3.549e-010
19789	3.5652e-010
19790	3.7299e-010
19791	3.7448e-010
19792	3.8504e-010
19793	3.9685e-010
19794	4.0078e-010
19795	4.1298e-010
19796	4.2376e-010
19797	4.2986e-010
19798	4.3986e-010
19799	4.557e-010
19800	4.5999e-010
19801	4.7141e-010
19802	4.8203e-010
19803	4.9666e-010
19804	5.049e-010
19805	5.1634e-010
19806	5.2807e-010
19807	5.4113e-010
19808	5.6155e-010
19809	5.8272e-010
19810	5.8037e-010
19811	5.7996e-010
19812	6.0221e-010
19813	6.2088e-010
19814	6.3385e-010
19815	6.4804e-010
19816	6.6164e-010
19817	6.804e-010
19818	6.933e-010
19819	7.0947e-010
19820	7.255e-010
19821	7.3976e-010
19822	7.555e-010
19823	7.7806e-010
19824	8.0154e-010
19825	8.0518e-010
19826	8.0478e-010
19827	8.0432e-010
19828	7.8373e-010
19829	7.5926e-010
19830	7.4388e-010
19831	7.3178e-010
19832	7.1739e-010
19833	7.0034e-010
19834	6.9406e-010
19835	6.6896e-010
19836	6.5804e-010
19837	6.4417e-010
19838	6.3052e-010
19839	6.1678e-010
19840	6.033e-010
19841	5.9799e-010
19842	5.7983e-010
19843	5.7014e-010
19844	5.5758e-010
19845	5.4162e-010
19846	5.3221e-010
19847	5.1936e-010
19848	5.4456e-010
19849	4.9799e-010
19850	4.8646e-010
19851	4.7415e-010
19852	5.1783e-010
19853	4.5732e-010
19854	4.3911e-010
19855	4.6368e-010
19856	4.3925e-010
19857	4.0401e-010
19858	4.5108e-010
19859	4.0634e-010
19860	3.8574e-010
19861	4.6125e-010
19862	3.5491e-010
19863	4.1344e-010
19864	3.6051e-010
19865	3.6073e-010
19866	3.6367e-010
19867	3.2545e-010
19868	3.633e-010
19869	3.0538e-010
19870	3.5061e-010
19871	2.9431e-010
19872	3.3079e-010
19873	2.8154e-010
19874	2.9125e-010
19875	2.9304e-010
19876	2.3893e-010
19877	3.1707e-010
19878	2.0845e-010
19879	2.6095e-010
19880	1.9977e-010
19881	2.0712e-010
19882	3.5132e-010
19883	2.3632e-010
19884	3.9391e-010
19885	7.1681e-010
19886	8.9606e-010
19887	9.7748e-010
19888	1.2565e-009
19889	2.4297e-009
19890	2.2255e-009
19891	7.2674e-011
19892	4.8875e-011
19893	1.3143e-010
19894	2.0221e-010
19895	2.0042e-010
19896	2.1217e-010
19897	2.1694e-010
19898	2.1628e-010
19899	2.3346e-010
19900	2.2899e-010
19901	2.3655e-010
19902	2.4758e-010
19903	2.4362e-010
19904	2.6171e-010
19905	2.57e-010
19906	2.6937e-010
19907	2.7315e-010
19908	2.7898e-010
19909	2.8838e-010
19910	2.9079e-010
19911	3.0303e-010
19912	3.043e-010
19913	3.1672e-010
19914	3.1942e-010
19915	3.3004e-010
19916	3.3627e-010
19917	3.4285e-010
19918	3.549e-010
19919	3.5652e-010
19920	3.7299e-010
19921	3.7448e-010
19922	3.8503e-010
19923	3.9684e-010
19924	4.0078e-010
19925	4.1298e-010
19926	4.2376e-010
19927	4.2986e-010
19928	4.3986e-010
19929	4.5571e-010
19930	4.5999e-010
19931	4.7141e-010
19932	4.8203e-010
19933	4.9666e-010
19934	5.0494e-010
19935	5.1634e-010
19936	5.2807e-010
19937	5.4113e-010
19938	5.6154e-010
19939	5.8277e-010
19940	5.8036e-010
19941	5.7994e-010
19942	6.022e-010
19943	6.2088e-010
19944	6.3385e-010
19945	6.4804e-010
19946	6.6164e-010
19947	6.804e-010
19948	6.9335e-010
19949	7.0945e-010
19950	7.2549e-010
19951	7.3975e-010
19952	7.555e-010
19953	7.7806e-010
19954	8.0154e-010
19955	8.0517e-010
19956	8.0477e-010
19957	8.0435e-010
19958	7.8371e-010
19959	7.5924e-010
19960	7.4387e-010
19961	7.3178e-010
19962	7.1739e-010
19963	7.0033e-010
19964	6.9405e-010
19965	6.6895e-010
19966	6.5804e-010
19967	6.4417e-010
19968	6.3052e-010
19969	6.1677e-010
19970	6.0335e-010
19971	5.9792e-010
19972	5.7983e-010
19973	5.7015e-010
19974	5.5762e-010
19975	5.416e-010
19976	5.3234e-010
19977	5.1886e-010
19978	5.4477e-010
19979	4.9747e-010
19980	4.8661e-010
19981	4.7414e-010
19982	5.1785e-010
19983	4.5733e-010
19984	4.3906e-010
19985	4.6365e-010
19986	4.3925e-010
19987	4.0401e-010
19988	4.5107e-010
19989	4.0636e-010
19990	3.8573e-010
19991	4.6124e-010
19992	3.549e-010
19993	4.1344e-010
19994	3.6051e-010
19995	3.6072e-010
19996	3.6366e-010
19997	3.2546e-010
19998	3.633e-010
19999	3.0538e-010
20000	3.5061e-010
20001	2.9431e-010
20002	3.3079e-010
20003	2.8154e-010
20004	2.9125e-010
20005	2.9307e-010
20006	2.3893e-010
20007	3.1707e-010
20008	2.0845e-010
20009	2.6095e-010
20010	1.9976e-010
20011	2.0712e-010
20012	3.5134e-010
20013	2.3632e-010
20014	3.939e-010
20015	7.1681e-010
20016	8.9606e-010
20017	9.7748e-010
20018	1.2565e-009
20019	2.4297e-009
20020	2.2255e-009
20021	1.4938e-010
20022	1.156e-010
20023	1.8565e-010
20024	2.444e-010
20025	2.4034e-010
20026	2.5628e-010
20027	2.6167e-010
20028	2.586e-010
20029	2.8336e-010
20030	2.7418e-010
20031	2.8427e-010
20032	2.9978e-010
20033	2.9026e-010
20034	3.1766e-010
20035	3.0678e-010
20036	3.2503e-010
20037	3.2833e-010
20038	3.3506e-010
20039	3.4797e-010
20040	3.4816e-010
20041	3.6618e-010
20042	3.6409e-010
20043	3.8254e-010
20044	3.8261e-010
20045	3.9778e-010
20046	4.0453e-010
20047	4.1146e-010
20048	4.2906e-010
20049	4.2578e-010
20050	4.5185e-010
20051	4.483e-010
20052	4.6267e-010
20053	4.7929e-010
20054	4.7975e-010
20055	4.9692e-010
20056	5.1097e-010
20057	5.156e-010
20058	5.275e-010
20059	5.5117e-010
20060	5.5139e-010
20061	5.6641e-010
20062	5.7873e-010
20063	5.9915e-010
20064	6.0645e-010
20065	6.2053e-010
20066	6.3486e-010
20067	6.4895e-010
20068	6.6752e-010
20069	6.8157e-010
20070	6.9789e-010
20071	7.0943e-010
20072	7.2615e-010
20073	7.4388e-010
20074	7.6038e-010
20075	7.7752e-010
20076	7.9265e-010
20077	8.1807e-010
20078	8.3056e-010
20079	8.5211e-010
20080	8.7109e-010
20081	8.8535e-010
20082	9.0336e-010
20083	9.3587e-010
20084	9.7027e-010
20085	9.5933e-010
20086	9.5759e-010
20087	9.7406e-010
20088	9.4438e-010
20089	9.0724e-010
20090	8.8895e-010
20091	8.7887e-010
20092	8.6186e-010
20093	8.3837e-010
20094	8.3868e-010
20095	7.9941e-010
20096	7.9002e-010
20097	7.731e-010
20098	7.5678e-010
20099	7.3999e-010
20100	7.2207e-010
20101	7.2222e-010
20102	6.9445e-010
20103	6.8564e-010
20104	6.7001e-010
20105	6.4704e-010
20106	6.3669e-010
20107	6.149e-010
20108	6.7637e-010
20109	5.8893e-010
20110	5.7973e-010
20111	5.5324e-010
20112	6.4535e-010
20113	5.3709e-010
20114	5.105e-010
20115	5.7006e-010
20116	5.315e-010
20117	4.5984e-010
20118	5.62e-010
20119	4.8203e-010
20120	4.3607e-010
20121	5.8482e-010
20122	3.8839e-010
20123	5.1803e-010
20124	4.1796e-010
20125	4.3074e-010
20126	4.4528e-010
20127	3.7565e-010
20128	4.523e-010
20129	3.4769e-010
20130	4.3694e-010
20131	3.382e-010
20132	4.1052e-010
20133	3.33e-010
20134	3.4465e-010
20135	3.6414e-010
20136	2.7093e-010
20137	4.0602e-010
20138	2.3084e-010
20139	3.378e-010
20140	2.4855e-010
20141	2.3045e-010
20142	4.6042e-010
20143	2.5982e-010
20144	4.4507e-010
20145	8.1488e-010
20146	1.0606e-009
20147	9.9633e-010
20148	1.4605e-009
20149	2.9607e-009
20150	2.6018e-009
20151	7.2665e-011
20152	4.8904e-011
20153	1.3146e-010
20154	2.0226e-010
20155	2.0049e-010
20156	2.1224e-010
20157	2.1702e-010
20158	2.1641e-010
20159	2.3357e-010
20160	2.2918e-010
20161	2.3677e-010
20162	2.4779e-010
20163	2.4378e-010
20164	2.617e-010
20165	2.5701e-010
20166	2.6943e-010
20167	2.7323e-010
20168	2.7906e-010
20169	2.8848e-010
20170	2.9088e-010
20171	3.0304e-010
20172	3.0427e-010
20173	3.167e-010
20174	3.1943e-010
20175	3.3016e-010
20176	3.3657e-010
20177	3.4319e-010
20178	3.5518e-010
20179	3.5676e-010
20180	3.7316e-010
20181	3.7464e-010
20182	3.8522e-010
20183	3.9708e-010
20184	4.0083e-010
20185	4.1305e-010
20186	4.2385e-010
20187	4.2987e-010
20188	4.3977e-010
20189	4.5563e-010
20190	4.6009e-010
20191	4.7148e-010
20192	4.8204e-010
20193	4.9671e-010
20194	5.049e-010
20195	5.1641e-010
20196	5.2808e-010
20197	5.4104e-010
20198	5.6167e-010
20199	5.8286e-010
20200	5.8062e-010
20201	5.802e-010
20202	6.023e-010
20203	6.209e-010
20204	6.3412e-010
20205	6.4842e-010
20206	6.6204e-010
20207	6.808e-010
20208	6.9379e-010
20209	7.1034e-010
20210	7.2644e-010
20211	7.4037e-010
20212	7.5623e-010
20213	7.7911e-010
20214	8.0238e-010
20215	8.0617e-010
20216	8.0592e-010
20217	8.0525e-010
20218	7.8457e-010
20219	7.6001e-010
20220	7.4427e-010
20221	7.3206e-010
20222	7.1768e-010
20223	7.0062e-010
20224	6.9434e-010
20225	6.6928e-010
20226	6.583e-010
20227	6.4436e-010
20228	6.3093e-010
20229	6.1723e-010
20230	6.0365e-010
20231	5.9831e-010
20232	5.7989e-010
20233	5.7037e-010
20234	5.5792e-010
20235	5.4186e-010
20236	5.3266e-010
20237	5.1848e-010
20238	5.4803e-010
20239	4.9725e-010
20240	4.8686e-010
20241	4.7426e-010
20242	5.1785e-010
20243	4.5725e-010
20244	4.3896e-010
20245	4.6345e-010
20246	4.3916e-010
20247	4.0401e-010
20248	4.5115e-010
20249	4.0627e-010
20250	3.8557e-010
20251	4.6131e-010
20252	3.5478e-010
20253	4.1349e-010
20254	3.6054e-010
20255	3.608e-010
20256	3.6376e-010
20257	3.2563e-010
20258	3.6361e-010
20259	3.058e-010
20260	3.5112e-010
20261	2.9482e-010
20262	3.3118e-010
20263	2.8183e-010
20264	2.9154e-010
20265	2.9322e-010
20266	2.3895e-010
20267	3.1697e-010
20268	2.0805e-010
20269	2.6074e-010
20270	1.9923e-010
20271	2.0646e-010
20272	3.5137e-010
20273	2.3592e-010
20274	3.9384e-010
20275	7.1693e-010
20276	8.9615e-010
20277	9.7786e-010
20278	1.2567e-009
20279	2.4299e-009
20280	2.2262e-009
20281	7.2756e-011
20282	4.898e-011
20283	1.3164e-010
20284	2.0251e-010
20285	2.0075e-010
20286	2.1248e-010
20287	2.1727e-010
20288	2.1663e-010
20289	2.3376e-010
20290	2.2934e-010
20291	2.3694e-010
20292	2.4793e-010
20293	2.4391e-010
20294	2.6185e-010
20295	2.5714e-010
20296	2.6949e-010
20297	2.7334e-010
20298	2.7923e-010
20299	2.8867e-010
20300	2.9115e-010
20301	3.0333e-010
20302	3.0459e-010
20303	3.17e-010
20304	3.1973e-010
20305	3.3041e-010
20306	3.3675e-010
20307	3.4334e-010
20308	3.5541e-010
20309	3.5694e-010
20310	3.7337e-010
20311	3.7493e-010
20312	3.8554e-010
20313	3.9735e-010
20314	4.0115e-010
20315	4.133e-010
20316	4.2395e-010
20317	4.301e-010
20318	4.4008e-010
20319	4.5595e-010
20320	4.6021e-010
20321	4.7162e-010
20322	4.8236e-010
20323	4.9703e-010
20324	5.0517e-010
20325	5.1667e-010
20326	5.2834e-010
20327	5.4118e-010
20328	5.6178e-010
20329	5.8305e-010
20330	5.8085e-010
20331	5.8057e-010
20332	6.0286e-010
20333	6.2157e-010
20334	6.3478e-010
20335	6.4928e-010
20336	6.6288e-010
20337	6.8174e-010
20338	6.9487e-010
20339	7.1145e-010
20340	7.2749e-010
20341	7.4158e-010
20342	7.5751e-010
20343	7.8071e-010
20344	8.0399e-010
20345	8.0788e-010
20346	8.0758e-010
20347	8.0684e-010
20348	7.8617e-010
20349	7.6187e-010
20350	7.4599e-010
20351	7.3347e-010
20352	7.191e-010
20353	7.0179e-010
20354	6.9532e-010
20355	6.7001e-010
20356	6.5922e-010
20357	6.4525e-010
20358	6.3179e-010
20359	6.1799e-010
20360	6.0447e-010
20361	5.9871e-010
20362	5.8048e-010
20363	5.7083e-010
20364	5.5812e-010
20365	5.4211e-010
20366	5.3254e-010
20367	5.1915e-010
20368	5.4938e-010
20369	4.9776e-010
20370	4.8655e-010
20371	4.7446e-010
20372	5.18e-010
20373	4.5733e-010
20374	4.387e-010
20375	4.633e-010
20376	4.3898e-010
20377	4.038e-010
20378	4.5104e-010
20379	4.0624e-010
20380	3.858e-010
20381	4.6158e-010
20382	3.5551e-010
20383	4.1411e-010
20384	3.6139e-010
20385	3.6158e-010
20386	3.6454e-010
20387	3.2635e-010
20388	3.642e-010
20389	3.0639e-010
20390	3.5163e-010
20391	2.9546e-010
20392	3.3193e-010
20393	2.8264e-010
20394	2.9243e-010
20395	2.9385e-010
20396	2.3956e-010
20397	3.1709e-010
20398	2.0837e-010
20399	2.608e-010
20400	1.9921e-010
20401	2.0666e-010
20402	3.5152e-010
20403	2.361e-010
20404	3.9385e-010
20405	7.1696e-010
20406	8.9672e-010
20407	9.7818e-010
20408	1.2571e-009
20409	2.4302e-009
20410	2.2259e-009
20411	1.4969e-010
20412	1.1577e-010
20413	1.858e-010
20414	2.4447e-010
20415	2.4043e-010
20416	2.5637e-010
20417	2.6182e-010
20418	2.5872e-010
20419	2.8351e-010
20420	2.7433e-010
20421	2.8444e-010
20422	2.9999e-010
20423	2.9046e-010
20424	3.1787e-010
20425	3.07e-010
20426	3.2531e-010
20427	3.2856e-010
20428	3.3524e-010
20429	3.482e-010
20430	3.484e-010
20431	3.6641e-010
20432	3.642e-010
20433	3.8271e-010
20434	3.8296e-010
20435	3.9822e-010
20436	4.0472e-010
20437	4.1161e-010
20438	4.2925e-010
20439	4.2596e-010
20440	4.5201e-010
20441	4.4854e-010
20442	4.6304e-010
20443	4.7969e-010
20444	4.8011e-010
20445	4.9717e-010
20446	5.1106e-010
20447	5.1565e-010
20448	5.2761e-010
20449	5.5125e-010
20450	5.5138e-010
20451	5.6648e-010
20452	5.789e-010
20453	5.9921e-010
20454	6.0638e-010
20455	6.2051e-010
20456	6.35e-010
20457	6.4901e-010
20458	6.6752e-010
20459	6.8153e-010
20460	6.9791e-010
20461	7.0951e-010
20462	7.2648e-010
20463	7.4432e-010
20464	7.6091e-010
20465	7.7821e-010
20466	7.9326e-010
20467	8.1895e-010
20468	8.3162e-010
20469	8.5331e-010
20470	8.722e-010
20471	8.8643e-010
20472	9.0459e-010
20473	9.3746e-010
20474	9.7155e-010
20475	9.6078e-010
20476	9.5918e-010
20477	9.7556e-010
20478	9.4591e-010
20479	9.0901e-010
20480	8.9043e-010
20481	8.7981e-010
20482	8.6275e-010
20483	8.3928e-010
20484	8.3946e-010
20485	7.9995e-010
20486	7.9083e-010
20487	7.736e-010
20488	7.5749e-010
20489	7.4055e-010
20490	7.2272e-010
20491	7.2236e-010
20492	6.9471e-010
20493	6.8565e-010
20494	6.7004e-010
20495	6.469e-010
20496	6.3661e-010
20497	6.1471e-010
20498	6.7133e-010
20499	5.8863e-010
20500	5.8001e-010
20501	5.5148e-010
20502	6.4702e-010
20503	5.3554e-010
20504	5.1068e-010
20505	5.698e-010
20506	5.3141e-010
20507	4.5985e-010
20508	5.62e-010
20509	4.8208e-010
20510	4.3632e-010
20511	5.8513e-010
20512	3.888e-010
20513	5.1856e-010
20514	4.1841e-010
20515	4.3124e-010
20516	4.4589e-010
20517	3.7622e-010
20518	4.5317e-010
20519	3.4845e-010
20520	4.3782e-010
20521	3.3907e-010
20522	4.115e-010
20523	3.3377e-010
20524	3.4545e-010
20525	3.6476e-010
20526	2.714e-010
20527	4.0603e-010
20528	2.3088e-010
20529	3.3763e-010
20530	2.4816e-010
20531	2.303e-010
20532	4.6082e-010
20533	2.5966e-010
20534	4.4471e-010
20535	8.1462e-010
20536	1.0614e-009
20537	9.9672e-010
20538	1.4611e-009
20539	2.9612e-009
20540	2.6015e-009
20541	7.2758e-011
20542	4.8967e-011
20543	1.3164e-010
20544	2.0251e-010
20545	2.0075e-010
20546	2.1248e-010
20547	2.1727e-010
20548	2.1663e-010
20549	2.3376e-010
20550	2.2934e-010
20551	2.3694e-010
20552	2.4793e-010
20553	2.4391e-010
20554	2.6185e-010
20555	2.5714e-010
20556	2.6949e-010
20557	2.7334e-010
20558	2.7923e-010
20559	2.8867e-010
20560	2.9115e-010
20561	3.0333e-010
20562	3.0459e-010
20563	3.17e-010
20564	3.1973e-010
20565	3.3041e-010
20566	3.3675e-010
20567	3.4335e-010
20568	3.554e-010
20569	3.5694e-010
20570	3.7337e-010
20571	3.7493e-010
20572	3.8554e-010
20573	3.9735e-010
20574	4.0115e-010
20575	4.133e-010
20576	4.2394e-010
20577	4.301e-010
20578	4.4008e-010
20579	4.5595e-010
20580	4.6021e-010
20581	4.7162e-010
20582	4.8236e-010
20583	4.9702e-010
20584	5.0517e-010
20585	5.1667e-010
20586	5.2834e-010
20587	5.4118e-010
20588	5.6178e-010
20589	5.8305e-010
20590	5.8085e-010
20591	5.8057e-010
20592	6.0286e-010
20593	6.2157e-010
20594	6.3478e-010
20595	6.4927e-010
20596	6.6287e-010
20597	6.8173e-010
20598	6.9485e-010
20599	7.1145e-010
20600	7.2749e-010
20601	7.4158e-010
20602	7.5751e-010
20603	7.8071e-010
20604	8.0399e-010
20605	8.0788e-010
20606	8.0758e-010
20607	8.0684e-010
20608	7.8617e-010
20609	7.6187e-010
20610	7.4599e-010
20611	7.3347e-010
20612	7.191e-010
20613	7.0178e-010
20614	6.9531e-010
20615	6.7001e-010
20616	6.5923e-010
20617	6.4524e-010
20618	6.3179e-010
20619	6.1779e-010
20620	6.0512e-010
20621	5.9831e-010
20622	5.811e-010
20623	5.7069e-010
20624	5.5811e-010
20625	5.4205e-010
20626	5.3178e-010
20627	5.2186e-010
20628	5.4068e-010
20629	5.0029e-010
20630	4.863e-010
20631	4.7397e-010
20632	5.2204e-010
20633	4.5689e-010
20634	4.3915e-010
20635	4.6327e-010
20636	4.3901e-010
20637	4.038e-010
20638	4.5104e-010
20639	4.0625e-010
20640	3.858e-010
20641	4.6158e-010
20642	3.5547e-010
20643	4.1411e-010
20644	3.6139e-010
20645	3.6158e-010
20646	3.6454e-010
20647	3.2635e-010
20648	3.642e-010
20649	3.0639e-010
20650	3.5163e-010
20651	2.9546e-010
20652	3.3193e-010
20653	2.8264e-010
20654	2.9242e-010
20655	2.9385e-010
20656	2.3956e-010
20657	3.1709e-010
20658	2.0837e-010
20659	2.608e-010
20660	1.9921e-010
20661	2.0666e-010
20662	3.5152e-010
20663	2.361e-010
20664	3.9385e-010
20665	7.1696e-010
20666	8.9672e-010
20667	9.7818e-010
20668	1.2571e-009
20669	2.4301e-009
20670	2.2259e-009
20671	7.2667e-011
20672	4.8906e-011
20673	1.3146e-010
20674	2.0226e-010
20675	2.0049e-010
20676	2.1224e-010
20677	2.1701e-010
20678	2.1641e-010
20679	2.3356e-010
20680	2.2918e-010
20681	2.3679e-010
20682	2.4779e-010
20683	2.4378e-010
20684	2.617e-010
20685	2.57e-010
20686	2.6943e-010
20687	2.7323e-010
20688	2.7906e-010
20689	2.8848e-010
20690	2.9088e-010
20691	3.0304e-010
20692	3.0428e-010
20693	3.167e-010
20694	3.1943e-010
20695	3.3015e-010
20696	3.3657e-010
20697	3.4319e-010
20698	3.5518e-010
20699	3.5675e-010
20700	3.7316e-010
20701	3.7464e-010
20702	3.8522e-010
20703	3.9707e-010
20704	4.0083e-010
20705	4.1305e-010
20706	4.2385e-010
20707	4.2988e-010
20708	4.3978e-010
20709	4.5562e-010
20710	4.6009e-010
20711	4.7148e-010
20712	4.8204e-010
20713	4.9671e-010
20714	5.049e-010
20715	5.164e-010
20716	5.2807e-010
20717	5.4104e-010
20718	5.6166e-010
20719	5.8286e-010
20720	5.8062e-010
20721	5.8021e-010
20722	6.023e-010
20723	6.209e-010
20724	6.3412e-010
20725	6.4842e-010
20726	6.6204e-010
20727	6.808e-010
20728	6.9378e-010
20729	7.1033e-010
20730	7.2644e-010
20731	7.4036e-010
20732	7.5622e-010
20733	7.7911e-010
20734	8.0237e-010
20735	8.0625e-010
20736	8.0592e-010
20737	8.0525e-010
20738	7.8457e-010
20739	7.6001e-010
20740	7.4427e-010
20741	7.3204e-010
20742	7.1773e-010
20743	7.0065e-010
20744	6.9433e-010
20745	6.6928e-010
20746	6.583e-010
20747	6.4436e-010
20748	6.3094e-010
20749	6.1704e-010
20750	6.0422e-010
20751	5.9745e-010
20752	5.805e-010
20753	5.7022e-010
20754	5.5791e-010
20755	5.4196e-010
20756	5.3204e-010
20757	5.199e-010
20758	5.4764e-010
20759	4.9861e-010
20760	4.8719e-010
20761	4.7296e-010
20762	5.2833e-010
20763	4.5584e-010
20764	4.3974e-010
20765	4.635e-010
20766	4.3921e-010
20767	4.0401e-010
20768	4.5116e-010
20769	4.0628e-010
20770	3.8557e-010
20771	4.6131e-010
20772	3.5478e-010
20773	4.1349e-010
20774	3.6054e-010
20775	3.608e-010
20776	3.6376e-010
20777	3.2563e-010
20778	3.636e-010
20779	3.0581e-010
20780	3.5112e-010
20781	2.9484e-010
20782	3.312e-010
20783	2.8182e-010
20784	2.9155e-010
20785	2.9321e-010
20786	2.3895e-010
20787	3.1697e-010
20788	2.0805e-010
20789	2.6074e-010
20790	1.9923e-010
20791	2.0646e-010
20792	3.5137e-010
20793	2.3592e-010
20794	3.9384e-010
20795	7.1693e-010
20796	8.9615e-010
20797	9.7786e-010
20798	1.2567e-009
20799	2.4299e-009
20800	2.2262e-009
20801	1.4938e-010
20802	1.156e-010
20803	1.8565e-010
20804	2.444e-010
20805	2.4034e-010
20806	2.5628e-010
20807	2.6167e-010
20808	2.5859e-010
20809	2.8336e-010
20810	2.7417e-010
20811	2.8427e-010
20812	2.9978e-010
20813	2.9026e-010
20814	3.1766e-010
20815	3.0678e-010
20816	3.2503e-010
20817	3.2833e-010
20818	3.3506e-010
20819	3.4797e-010
20820	3.4816e-010
20821	3.6618e-010
20822	3.6409e-010
20823	3.8254e-010
20824	3.826e-010
20825	3.9778e-010
20826	4.0453e-010
20827	4.1147e-010
20828	4.2906e-010
20829	4.2578e-010
20830	4.5185e-010
20831	4.483e-010
20832	4.6267e-010
20833	4.7926e-010
20834	4.7975e-010
20835	4.9692e-010
20836	5.1097e-010
20837	5.156e-010
20838	5.275e-010
20839	5.5117e-010
20840	5.5139e-010
20841	5.6641e-010
20842	5.7873e-010
20843	5.9915e-010
20844	6.0645e-010
20845	6.2053e-010
20846	6.3486e-010
20847	6.4895e-010
20848	6.6752e-010
20849	6.8158e-010
20850	6.9787e-010
20851	7.0943e-010
20852	7.2616e-010
20853	7.4388e-010
20854	7.6038e-010
20855	7.7752e-010
20856	7.9265e-010
20857	8.1808e-010
20858	8.3057e-010
20859	8.5211e-010
20860	8.711e-010
20861	8.8536e-010
20862	9.0336e-010
20863	9.3587e-010
20864	9.7027e-010
20865	9.5932e-010
20866	9.5759e-010
20867	9.7407e-010
20868	9.4438e-010
20869	9.0724e-010
20870	8.8895e-010
20871	8.7888e-010
20872	8.6183e-010
20873	8.3838e-010
20874	8.3868e-010
20875	7.9941e-010
20876	7.9002e-010
20877	7.7307e-010
20878	7.5682e-010
20879	7.3991e-010
20880	7.2221e-010
20881	7.2194e-010
20882	6.9464e-010
20883	6.8558e-010
20884	6.7005e-010
20885	6.4707e-010
20886	6.3693e-010
20887	6.1351e-010
20888	6.7621e-010
20889	5.8766e-010
20890	5.8168e-010
20891	5.4899e-010
20892	6.5969e-010
20893	5.3298e-010
20894	5.1208e-010
20895	5.6998e-010
20896	5.3156e-010
20897	4.5986e-010
20898	5.62e-010
20899	4.8202e-010
20900	4.3608e-010
20901	5.8482e-010
20902	3.884e-010
20903	5.1803e-010
20904	4.1796e-010
20905	4.3073e-010
20906	4.4527e-010
20907	3.7566e-010
20908	4.5231e-010
20909	3.477e-010
20910	4.3694e-010
20911	3.382e-010
20912	4.1052e-010
20913	3.33e-010
20914	3.4465e-010
20915	3.6414e-010
20916	2.7093e-010
20917	4.0602e-010
20918	2.3084e-010
20919	3.378e-010
20920	2.4855e-010
20921	2.3045e-010
20922	4.6042e-010
20923	2.5982e-010
20924	4.4507e-010
20925	8.1488e-010
20926	1.0606e-009
20927	9.9634e-010
20928	1.4605e-009
20929	2.9607e-009
20930	2.6018e-009
20931	7.2675e-011
20932	4.8875e-011
20933	1.3143e-010
20934	2.0221e-010
20935	2.0042e-010
20936	2.1217e-010
20937	2.1695e-010
20938	2.1628e-010
20939	2.3346e-010
20940	2.2899e-010
20941	2.3654e-010
20942	2.4758e-010
20943	2.4362e-010
20944	2.617e-010
20945	2.5701e-010
20946	2.6937e-010
20947	2.7315e-010
20948	2.7898e-010
20949	2.8838e-010
20950	2.9079e-010
20951	3.0303e-010
20952	3.0429e-010
20953	3.1672e-010
20954	3.1941e-010
20955	3.3003e-010
20956	3.3627e-010
20957	3.4284e-010
20958	3.5489e-010
20959	3.5652e-010
20960	3.7299e-010
20961	3.7447e-010
20962	3.8501e-010
20963	3.9687e-010
20964	4.0078e-010
20965	4.1298e-010
20966	4.2377e-010
20967	4.2986e-010
20968	4.3987e-010
20969	4.5571e-010
20970	4.5999e-010
20971	4.7141e-010
20972	4.8203e-010
20973	4.9666e-010
20974	5.0494e-010
20975	5.1633e-010
20976	5.2806e-010
20977	5.4113e-010
20978	5.6153e-010
20979	5.8274e-010
20980	5.8037e-010
20981	5.7994e-010
20982	6.0219e-010
20983	6.2087e-010
20984	6.3384e-010
20985	6.4803e-010
20986	6.6164e-010
20987	6.8039e-010
20988	6.9337e-010
20989	7.0944e-010
20990	7.2551e-010
20991	7.3973e-010
20992	7.5549e-010
20993	7.7805e-010
20994	8.0153e-010
20995	8.0515e-010
20996	8.0474e-010
20997	8.0438e-010
20998	7.8371e-010
20999	7.5924e-010
21000	7.4386e-010
21001	7.3181e-010
21002	7.1738e-010
21003	7.0034e-010
21004	6.9403e-010
21005	6.6895e-010
21006	6.5811e-010
21007	6.4415e-010
21008	6.3056e-010
21009	6.1667e-010
21010	6.0385e-010
21011	5.9741e-010
21012	5.8036e-010
21013	5.7003e-010
21014	5.5757e-010
21015	5.4171e-010
21016	5.3226e-010
21017	5.1928e-010
21018	5.4747e-010
21019	4.98e-010
21020	4.8757e-010
21021	4.7262e-010
21022	5.289e-010
21023	4.5571e-010
21024	4.4012e-010
21025	4.6363e-010
21026	4.3929e-010
21027	4.04e-010
21028	4.5109e-010
21029	4.0632e-010
21030	3.8574e-010
21031	4.6125e-010
21032	3.5491e-010
21033	4.1343e-010
21034	3.6053e-010
21035	3.6072e-010
21036	3.6365e-010
21037	3.2545e-010
21038	3.633e-010
21039	3.0543e-010
21040	3.506e-010
21041	2.9431e-010
21042	3.3078e-010
21043	2.8153e-010
21044	2.9125e-010
21045	2.9307e-010
21046	2.3893e-010
21047	3.1707e-010
21048	2.0844e-010
21049	2.6095e-010
21050	1.9976e-010
21051	2.0711e-010
21052	3.5133e-010
21053	2.3631e-010
21054	3.9389e-010
21055	7.1681e-010
21056	8.9606e-010
21057	9.7749e-010
21058	1.2565e-009
21059	2.4297e-009
21060	2.2255e-009
21061	7.2675e-011
21062	4.8875e-011
21063	1.3143e-010
21064	2.0221e-010
21065	2.0042e-010
21066	2.1217e-010
21067	2.1695e-010
21068	2.1628e-010
21069	2.3346e-010
21070	2.2899e-010
21071	2.3654e-010
21072	2.4758e-010
21073	2.4362e-010
21074	2.617e-010
21075	2.5701e-010
21076	2.6937e-010
21077	2.7315e-010
21078	2.7898e-010
21079	2.8838e-010
21080	2.9079e-010
21081	3.0303e-010
21082	3.0429e-010
21083	3.1672e-010
21084	3.1941e-010
21085	3.3004e-010
21086	3.3627e-010
21087	3.4284e-010
21088	3.5489e-010
21089	3.5652e-010
21090	3.7299e-010
21091	3.7447e-010
21092	3.8502e-010
21093	3.9684e-010
21094	4.0078e-010
21095	4.1299e-010
21096	4.2377e-010
21097	4.2986e-010
21098	4.3983e-010
21099	4.5571e-010
21100	4.5999e-010
21101	4.7141e-010
21102	4.8203e-010
21103	4.9666e-010
21104	5.0494e-010
21105	5.1633e-010
21106	5.2806e-010
21107	5.4113e-010
21108	5.6154e-010
21109	5.8275e-010
21110	5.8035e-010
21111	5.7994e-010
21112	6.022e-010
21113	6.2088e-010
21114	6.3385e-010
21115	6.4804e-010
21116	6.6164e-010
21117	6.8039e-010
21118	6.9337e-010
21119	7.0944e-010
21120	7.2551e-010
21121	7.3973e-010
21122	7.5549e-010
21123	7.7805e-010
21124	8.0153e-010
21125	8.0516e-010
21126	8.0477e-010
21127	8.0435e-010
21128	7.8371e-010
21129	7.5924e-010
21130	7.4386e-010
21131	7.3181e-010
21132	7.1739e-010
21133	7.0035e-010
21134	6.9403e-010
21135	6.6895e-010
21136	6.5811e-010
21137	6.4417e-010
21138	6.3055e-010
21139	6.1673e-010
21140	6.0356e-010
21141	5.9764e-010
21142	5.8002e-010
21143	5.7009e-010
21144	5.5754e-010
21145	5.4179e-010
21146	5.3227e-010
21147	5.1909e-010
21148	5.4736e-010
21149	4.9783e-010
21150	4.8761e-010
21151	4.7267e-010
21152	5.2891e-010
21153	4.5577e-010
21154	4.4015e-010
21155	4.6362e-010
21156	4.3927e-010
21157	4.04e-010
21158	4.5109e-010
21159	4.0632e-010
21160	3.8572e-010
21161	4.6125e-010
21162	3.5492e-010
21163	4.1343e-010
21164	3.6053e-010
21165	3.6072e-010
21166	3.6365e-010
21167	3.2545e-010
21168	3.633e-010
21169	3.0543e-010
21170	3.506e-010
21171	2.9431e-010
21172	3.3079e-010
21173	2.8153e-010
21174	2.9125e-010
21175	2.9307e-010
21176	2.3893e-010
21177	3.1707e-010
21178	2.0844e-010
21179	2.6095e-010
21180	1.9976e-010
21181	2.0712e-010
21182	3.5133e-010
21183	2.3631e-010
21184	3.9389e-010
21185	7.1681e-010
21186	8.9606e-010
21187	9.7749e-010
21188	1.2565e-009
21189	2.4297e-009
21190	2.2255e-009
21191	1.4938e-010
21192	1.156e-010
21193	1.8565e-010
21194	2.444e-010
21195	2.4034e-010
21196	2.5628e-010
21197	2.6167e-010
21198	2.586e-010
21199	2.8336e-010
21200	2.7417e-010
21201	2.8427e-010
21202	2.9978e-010
21203	2.9026e-010
21204	3.1766e-010
21205	3.0678e-010
21206	3.2503e-010
21207	3.2833e-010
21208	3.3506e-010
21209	3.4797e-010
21210	3.4816e-010
21211	3.6618e-010
21212	3.6408e-010
21213	3.8255e-010
21214	3.826e-010
21215	3.9778e-010
21216	4.0453e-010
21217	4.1147e-010
21218	4.2906e-010
21219	4.2578e-010
21220	4.5185e-010
21221	4.483e-010
21222	4.6266e-010
21223	4.7929e-010
21224	4.7974e-010
21225	4.9692e-010
21226	5.1097e-010
21227	5.156e-010
21228	5.275e-010
21229	5.5116e-010
21230	5.5138e-010
21231	5.664e-010
21232	5.7875e-010
21233	5.9914e-010
21234	6.0645e-010
21235	6.2053e-010
21236	6.3486e-010
21237	6.4895e-010
21238	6.6752e-010
21239	6.8157e-010
21240	6.9787e-010
21241	7.0943e-010
21242	7.2615e-010
21243	7.4388e-010
21244	7.6038e-010
21245	7.7752e-010
21246	7.9265e-010
21247	8.1808e-010
21248	8.3057e-010
21249	8.5211e-010
21250	8.711e-010
21251	8.8536e-010
21252	9.0336e-010
21253	9.3587e-010
21254	9.7027e-010
21255	9.5932e-010
21256	9.5759e-010
21257	9.7406e-010
21258	9.4438e-010
21259	9.0723e-010
21260	8.8895e-010
21261	8.7887e-010
21262	8.6186e-010
21263	8.3837e-010
21264	8.3868e-010
21265	7.9941e-010
21266	7.9002e-010
21267	7.7309e-010
21268	7.5676e-010
21269	7.4002e-010
21270	7.2185e-010
21271	7.2219e-010
21272	6.9424e-010
21273	6.857e-010
21274	6.6996e-010
21275	6.4717e-010
21276	6.3645e-010
21277	6.1513e-010
21278	6.7574e-010
21279	5.8918e-010
21280	5.8125e-010
21281	5.4896e-010
21282	6.6071e-010
21283	5.3285e-010
21284	5.1212e-010
21285	5.6998e-010
21286	5.3157e-010
21287	4.5985e-010
21288	5.6202e-010
21289	4.8201e-010
21290	4.3609e-010
21291	5.8483e-010
21292	3.8839e-010
21293	5.1803e-010
21294	4.1796e-010
21295	4.3074e-010
21296	4.4527e-010
21297	3.7566e-010
21298	4.5231e-010
21299	3.4769e-010
21300	4.3694e-010
21301	3.382e-010
21302	4.1052e-010
21303	3.3299e-010
21304	3.4465e-010
21305	3.6414e-010
21306	2.7093e-010
21307	4.0602e-010
21308	2.3084e-010
21309	3.378e-010
21310	2.4855e-010
21311	2.3045e-010
21312	4.6042e-010
21313	2.5982e-010
21314	4.4507e-010
21315	8.1488e-010
21316	1.0606e-009
21317	9.9633e-010
21318	1.4605e-009
21319	2.9607e-009
21320	2.6018e-009
21321	7.2665e-011
21322	4.8904e-011
21323	1.3146e-010
21324	2.0226e-010
21325	2.0049e-010
21326	2.1224e-010
21327	2.1702e-010
21328	2.1641e-010
21329	2.3357e-010
21330	2.2918e-010
21331	2.3679e-010
21332	2.478e-010
21333	2.4378e-010
21334	2.617e-010
21335	2.5701e-010
21336	2.6943e-010
21337	2.7323e-010
21338	2.7906e-010
21339	2.8848e-010
21340	2.9088e-010
21341	3.0304e-010
21342	3.0427e-010
21343	3.167e-010
21344	3.1943e-010
21345	3.3014e-010
21346	3.3657e-010
21347	3.4319e-010
21348	3.5518e-010
21349	3.5676e-010
21350	3.7316e-010
21351	3.7464e-010
21352	3.8523e-010
21353	3.9708e-010
21354	4.0083e-010
21355	4.1306e-010
21356	4.2382e-010
21357	4.2988e-010
21358	4.3977e-010
21359	4.5563e-010
21360	4.6004e-010
21361	4.7149e-010
21362	4.8205e-010
21363	4.9672e-010
21364	5.0491e-010
21365	5.1641e-010
21366	5.2808e-010
21367	5.4104e-010
21368	5.6166e-010
21369	5.8286e-010
21370	5.8062e-010
21371	5.8021e-010
21372	6.0231e-010
21373	6.209e-010
21374	6.3412e-010
21375	6.4842e-010
21376	6.6204e-010
21377	6.808e-010
21378	6.9379e-010
21379	7.1034e-010
21380	7.2644e-010
21381	7.4037e-010
21382	7.5624e-010
21383	7.7911e-010
21384	8.0238e-010
21385	8.0625e-010
21386	8.0592e-010
21387	8.0525e-010
21388	7.8457e-010
21389	7.6001e-010
21390	7.4428e-010
21391	7.3206e-010
21392	7.1768e-010
21393	7.0062e-010
21394	6.9434e-010
21395	6.6928e-010
21396	6.583e-010
21397	6.4438e-010
21398	6.3092e-010
21399	6.1722e-010
21400	6.0363e-010
21401	5.9819e-010
21402	5.7994e-010
21403	5.7038e-010
21404	5.5787e-010
21405	5.4193e-010
21406	5.3188e-010
21407	5.2031e-010
21408	5.4426e-010
21409	4.9885e-010
21410	4.8725e-010
21411	4.7269e-010
21412	5.2889e-010
21413	4.5568e-010
21414	4.3996e-010
21415	4.6345e-010
21416	4.3921e-010
21417	4.0397e-010
21418	4.5117e-010
21419	4.0627e-010
21420	3.856e-010
21421	4.6128e-010
21422	3.5479e-010
21423	4.1349e-010
21424	3.6055e-010
21425	3.608e-010
21426	3.6376e-010
21427	3.2564e-010
21428	3.6361e-010
21429	3.0579e-010
21430	3.5111e-010
21431	2.9482e-010
21432	3.3118e-010
21433	2.8183e-010
21434	2.9155e-010
21435	2.9322e-010
21436	2.3895e-010
21437	3.1697e-010
21438	2.0806e-010
21439	2.6075e-010
21440	1.9922e-010
21441	2.0646e-010
21442	3.5137e-010
21443	2.3592e-010
21444	3.9384e-010
21445	7.1693e-010
21446	8.9615e-010
21447	9.7786e-010
21448	1.2567e-009
21449	2.4299e-009
21450	2.2262e-009
21451	7.2755e-011
21452	4.8981e-011
21453	1.3164e-010
21454	2.025e-010
21455	2.0075e-010
21456	2.1249e-010
21457	2.1727e-010
21458	2.1664e-010
21459	2.3376e-010
21460	2.2934e-010
21461	2.3694e-010
21462	2.4794e-010
21463	2.439e-010
21464	2.6185e-010
21465	2.5714e-010
21466	2.6949e-010
21467	2.7334e-010
21468	2.7924e-010
21469	2.8867e-010
21470	2.9115e-010
21471	3.0334e-010
21472	3.0457e-010
21473	3.1701e-010
21474	3.1973e-010
21475	3.3041e-010
21476	3.3675e-010
21477	3.4334e-010
21478	3.5541e-010
21479	3.5694e-010
21480	3.7337e-010
21481	3.7493e-010
21482	3.8554e-010
21483	3.9735e-010
21484	4.0116e-010
21485	4.133e-010
21486	4.2395e-010
21487	4.3011e-010
21488	4.4009e-010
21489	4.5596e-010
21490	4.602e-010
21491	4.7163e-010
21492	4.8235e-010
21493	4.9701e-010
21494	5.0519e-010
21495	5.1665e-010
21496	5.2834e-010
21497	5.412e-010
21498	5.618e-010
21499	5.8307e-010
21500	5.808e-010
21501	5.8054e-010
21502	6.0286e-010
21503	6.2158e-010
21504	6.3475e-010
21505	6.4928e-010
21506	6.6288e-010
21507	6.8174e-010
21508	6.9487e-010
21509	7.1146e-010
21510	7.2751e-010
21511	7.4159e-010
21512	7.5752e-010
21513	7.8073e-010
21514	8.0401e-010
21515	8.0785e-010
21516	8.076e-010
21517	8.068e-010
21518	7.8611e-010
21519	7.6184e-010
21520	7.4601e-010
21521	7.3348e-010
21522	7.1909e-010
21523	7.0181e-010
21524	6.9535e-010
21525	6.6999e-010
21526	6.5923e-010
21527	6.4526e-010
21528	6.3176e-010
21529	6.1797e-010
21530	6.0454e-010
21531	5.9905e-010
21532	5.8053e-010
21533	5.7082e-010
21534	5.5809e-010
21535	5.4192e-010
21536	5.3159e-010
21537	5.222e-010
21538	5.3679e-010
21539	5.0047e-010
21540	4.8681e-010
21541	4.7243e-010
21542	5.2899e-010
21543	4.5553e-010
21544	4.3981e-010
21545	4.6328e-010
21546	4.3902e-010
21547	4.0378e-010
21548	4.5104e-010
21549	4.0627e-010
21550	3.8581e-010
21551	4.6159e-010
21552	3.5548e-010
21553	4.141e-010
21554	3.614e-010
21555	3.6157e-010
21556	3.6449e-010
21557	3.2637e-010
21558	3.6418e-010
21559	3.064e-010
21560	3.5163e-010
21561	2.9546e-010
21562	3.3194e-010
21563	2.8265e-010
21564	2.9244e-010
21565	2.9386e-010
21566	2.3957e-010
21567	3.1709e-010
21568	2.0837e-010
21569	2.6078e-010
21570	1.9921e-010
21571	2.0666e-010
21572	3.5152e-010
21573	2.3607e-010
21574	3.9385e-010
21575	7.1695e-010
21576	8.9672e-010
21577	9.7819e-010
21578	1.2571e-009
21579	2.4302e-009
21580	2.2259e-009
21581	1.4967e-010
21582	1.158e-010
21583	1.8578e-010
21584	2.4449e-010
21585	2.4042e-010
21586	2.5639e-010
21587	2.6182e-010
21588	2.5872e-010
21589	2.8351e-010
21590	2.7433e-010
21591	2.8444e-010
21592	2.9999e-010
21593	2.9048e-010
21594	3.1786e-010
21595	3.0701e-010
21596	3.253e-010
21597	3.2856e-010
21598	3.3524e-010
21599	3.482e-010
21600	3.4841e-010
21601	3.6642e-010
21602	3.642e-010
21603	3.8271e-010
21604	3.8296e-010
21605	3.9822e-010
21606	4.0472e-010
21607	4.1161e-010
21608	4.2925e-010
21609	4.2596e-010
21610	4.5203e-010
21611	4.4854e-010
21612	4.6304e-010
21613	4.7969e-010
21614	4.801e-010
21615	4.9717e-010
21616	5.1107e-010
21617	5.1568e-010
21618	5.276e-010
21619	5.5124e-010
21620	5.5136e-010
21621	5.665e-010
21622	5.7889e-010
21623	5.9921e-010
21624	6.0636e-010
21625	6.205e-010
21626	6.35e-010
21627	6.4903e-010
21628	6.6751e-010
21629	6.8157e-010
21630	6.9789e-010
21631	7.0951e-010
21632	7.2648e-010
21633	7.4431e-010
21634	7.6089e-010
21635	7.7821e-010
21636	7.9326e-010
21637	8.1895e-010
21638	8.3162e-010
21639	8.533e-010
21640	8.722e-010
21641	8.8642e-010
21642	9.0459e-010
21643	9.375e-010
21644	9.7153e-010
21645	9.6078e-010
21646	9.5919e-010
21647	9.7555e-010
21648	9.4592e-010
21649	9.09e-010
21650	8.9043e-010
21651	8.7981e-010
21652	8.6275e-010
21653	8.3927e-010
21654	8.3948e-010
21655	7.9994e-010
21656	7.9083e-010
21657	7.7361e-010
21658	7.575e-010
21659	7.4055e-010
21660	7.2272e-010
21661	7.2257e-010
21662	6.9468e-010
21663	6.857e-010
21664	6.6997e-010
21665	6.4705e-010
21666	6.3603e-010
21667	6.163e-010
21668	6.709e-010
21669	5.9016e-010
21670	5.8069e-010
21671	5.4876e-010
21672	6.6087e-010
21673	5.3274e-010
21674	5.1184e-010
21675	5.6979e-010
21676	5.3145e-010
21677	4.5986e-010
21678	5.6201e-010
21679	4.8208e-010
21680	4.3632e-010
21681	5.8519e-010
21682	3.8879e-010
21683	5.1855e-010
21684	4.1841e-010
21685	4.3124e-010
21686	4.4589e-010
21687	3.7623e-010
21688	4.5316e-010
21689	3.4845e-010
21690	4.3781e-010
21691	3.3907e-010
21692	4.1149e-010
21693	3.3377e-010
21694	3.4548e-010
21695	3.6478e-010
21696	2.714e-010
21697	4.0603e-010
21698	2.3088e-010
21699	3.3763e-010
21700	2.4815e-010
21701	2.3031e-010
21702	4.6081e-010
21703	2.5966e-010
21704	4.4471e-010
21705	8.1462e-010
21706	1.0614e-009
21707	9.9672e-010
21708	1.4611e-009
21709	2.9613e-009
21710	2.6015e-009
21711	7.2754e-011
21712	4.8981e-011
21713	1.3163e-010
21714	2.0251e-010
21715	2.0076e-010
21716	2.1249e-010
21717	2.1726e-010
21718	2.1663e-010
21719	2.3376e-010
21720	2.2934e-010
21721	2.3694e-010
21722	2.4794e-010
21723	2.4391e-010
21724	2.6186e-010
21725	2.5715e-010
21726	2.695e-010
21727	2.7334e-010
21728	2.7924e-010
21729	2.8867e-010
21730	2.9116e-010
21731	3.0334e-010
21732	3.0457e-010
21733	3.1701e-010
21734	3.1973e-010
21735	3.3041e-010
21736	3.3675e-010
21737	3.4334e-010
21738	3.5541e-010
21739	3.5694e-010
21740	3.7337e-010
21741	3.7494e-010
21742	3.8555e-010
21743	3.9736e-010
21744	4.0117e-010
21745	4.133e-010
21746	4.2395e-010
21747	4.3012e-010
21748	4.4009e-010
21749	4.5596e-010
21750	4.602e-010
21751	4.7163e-010
21752	4.8235e-010
21753	4.9701e-010
21754	5.0519e-010
21755	5.1665e-010
21756	5.2834e-010
21757	5.4121e-010
21758	5.6179e-010
21759	5.8308e-010
21760	5.8081e-010
21761	5.8055e-010
21762	6.0287e-010
21763	6.2159e-010
21764	6.3477e-010
21765	6.4929e-010
21766	6.6288e-010
21767	6.8174e-010
21768	6.9487e-010
21769	7.1147e-010
21770	7.2751e-010
21771	7.4159e-010
21772	7.5753e-010
21773	7.8074e-010
21774	8.0402e-010
21775	8.0779e-010
21776	8.0761e-010
21777	8.068e-010
21778	7.8611e-010
21779	7.6184e-010
21780	7.4602e-010
21781	7.3349e-010
21782	7.1906e-010
21783	7.0182e-010
21784	6.9535e-010
21785	6.6999e-010
21786	6.5924e-010
21787	6.4523e-010
21788	6.3176e-010
21789	6.1797e-010
21790	6.0448e-010
21791	5.9903e-010
21792	5.8044e-010
21793	5.7085e-010
21794	5.5809e-010
21795	5.4217e-010
21796	5.3229e-010
21797	5.198e-010
21798	5.4853e-010
21799	4.984e-010
21800	4.8745e-010
21801	4.7271e-010
21802	5.2894e-010
21803	4.5555e-010
21804	4.398e-010
21805	4.6328e-010
21806	4.3902e-010
21807	4.0379e-010
21808	4.5105e-010
21809	4.0628e-010
21810	3.8578e-010
21811	4.6157e-010
21812	3.5549e-010
21813	4.1411e-010
21814	3.614e-010
21815	3.6157e-010
21816	3.6449e-010
21817	3.2637e-010
21818	3.6418e-010
21819	3.064e-010
21820	3.5162e-010
21821	2.9547e-010
21822	3.3192e-010
21823	2.8266e-010
21824	2.9241e-010
21825	2.9386e-010
21826	2.3956e-010
21827	3.1709e-010
21828	2.0838e-010
21829	2.6078e-010
21830	1.9921e-010
21831	2.0667e-010
21832	3.5153e-010
21833	2.3608e-010
21834	3.9384e-010
21835	7.1696e-010
21836	8.9669e-010
21837	9.7819e-010
21838	1.2571e-009
21839	2.4302e-009
21840	2.2258e-009
21841	7.2665e-011
21842	4.8904e-011
21843	1.3146e-010
21844	2.0227e-010
21845	2.0049e-010
21846	2.1224e-010
21847	2.1702e-010
21848	2.1642e-010
21849	2.3357e-010
21850	2.2917e-010
21851	2.3678e-010
21852	2.4777e-010
21853	2.4378e-010
21854	2.6171e-010
21855	2.5702e-010
21856	2.6941e-010
21857	2.7324e-010
21858	2.7906e-010
21859	2.8849e-010
21860	2.9088e-010
21861	3.0305e-010
21862	3.0428e-010
21863	3.1671e-010
21864	3.1945e-010
21865	3.3015e-010
21866	3.3658e-010
21867	3.4319e-010
21868	3.5519e-010
21869	3.5676e-010
21870	3.7316e-010
21871	3.7465e-010
21872	3.8524e-010
21873	3.9709e-010
21874	4.0084e-010
21875	4.1307e-010
21876	4.2383e-010
21877	4.2985e-010
21878	4.3979e-010
21879	4.5563e-010
21880	4.6003e-010
21881	4.715e-010
21882	4.8204e-010
21883	4.9673e-010
21884	5.0493e-010
21885	5.1641e-010
21886	5.2809e-010
21887	5.4102e-010
21888	5.6169e-010
21889	5.8289e-010
21890	5.8063e-010
21891	5.8021e-010
21892	6.0233e-010
21893	6.2094e-010
21894	6.3408e-010
21895	6.4844e-010
21896	6.6201e-010
21897	6.8076e-010
21898	6.9374e-010
21899	7.1033e-010
21900	7.2647e-010
21901	7.4038e-010
21902	7.5626e-010
21903	7.791e-010
21904	8.0233e-010
21905	8.0621e-010
21906	8.0589e-010
21907	8.0525e-010
21908	7.8457e-010
21909	7.6001e-010
21910	7.4427e-010
21911	7.3207e-010
21912	7.1769e-010
21913	7.0064e-010
21914	6.9436e-010
21915	6.6919e-010
21916	6.5831e-010
21917	6.4438e-010
21918	6.3092e-010
21919	6.1724e-010
21920	6.0357e-010
21921	5.9828e-010
21922	5.7989e-010
21923	5.7039e-010
21924	5.5787e-010
21925	5.419e-010
21926	5.323e-010
21927	5.1926e-010
21928	5.4708e-010
21929	4.979e-010
21930	4.8769e-010
21931	4.7266e-010
21932	5.2895e-010
21933	4.5567e-010
21934	4.3995e-010
21935	4.6344e-010
21936	4.392e-010
21937	4.0399e-010
21938	4.5119e-010
21939	4.0626e-010
21940	3.8562e-010
21941	4.6129e-010
21942	3.5481e-010
21943	4.135e-010
21944	3.6055e-010
21945	3.6078e-010
21946	3.6377e-010
21947	3.2561e-010
21948	3.6359e-010
21949	3.0577e-010
21950	3.5112e-010
21951	2.948e-010
21952	3.3117e-010
21953	2.8183e-010
21954	2.9155e-010
21955	2.9322e-010
21956	2.3895e-010
21957	3.1697e-010
21958	2.0806e-010
21959	2.607e-010
21960	1.9923e-010
21961	2.0646e-010
21962	3.5138e-010
21963	2.3592e-010
21964	3.9385e-010
21965	7.1694e-010
21966	8.9615e-010
21967	9.7787e-010
21968	1.2567e-009
21969	2.4299e-009
21970	2.2262e-009
21971	1.4938e-010
21972	1.1559e-010
21973	1.8565e-010
21974	2.4441e-010
21975	2.4034e-010
21976	2.5628e-010
21977	2.6168e-010
21978	2.586e-010
21979	2.8335e-010
21980	2.7418e-010
21981	2.8427e-010
21982	2.9978e-010
21983	2.9026e-010
21984	3.1768e-010
21985	3.0677e-010
21986	3.2504e-010
21987	3.2833e-010
21988	3.3505e-010
21989	3.4799e-010
21990	3.4816e-010
21991	3.6618e-010
21992	3.6408e-010
21993	3.8255e-010
21994	3.826e-010
21995	3.9778e-010
21996	4.0452e-010
21997	4.1149e-010
21998	4.2905e-010
21999	4.2579e-010
22000	4.5185e-010
22001	4.4831e-010
22002	4.6268e-010
22003	4.7928e-010
22004	4.7974e-010
22005	4.9695e-010
22006	5.1098e-010
22007	5.1559e-010
22008	5.275e-010
22009	5.5116e-010
22010	5.5138e-010
22011	5.664e-010
22012	5.7874e-010
22013	5.9915e-010
22014	6.0644e-010
22015	6.2052e-010
22016	6.3488e-010
22017	6.4895e-010
22018	6.6753e-010
22019	6.8157e-010
22020	6.9791e-010
22021	7.0942e-010
22022	7.2614e-010
22023	7.4392e-010
22024	7.6038e-010
22025	7.7751e-010
22026	7.9267e-010
22027	8.1806e-010
22028	8.3056e-010
22029	8.521e-010
22030	8.7111e-010
22031	8.8534e-010
22032	9.0337e-010
22033	9.3589e-010
22034	9.7026e-010
22035	9.5932e-010
22036	9.5758e-010
22037	9.7405e-010
22038	9.4441e-010
22039	9.0723e-010
22040	8.8895e-010
22041	8.7886e-010
22042	8.6185e-010
22043	8.3837e-010
22044	8.3867e-010
22045	7.994e-010
22046	7.9002e-010
22047	7.731e-010
22048	7.5679e-010
22049	7.3993e-010
22050	7.2214e-010
22051	7.2212e-010
22052	6.9456e-010
22053	6.8562e-010
22054	6.6999e-010
22055	6.4719e-010
22056	6.3641e-010
22057	6.1526e-010
22058	6.7562e-010
22059	5.8928e-010
22060	5.8127e-010
22061	5.4862e-010
22062	6.6075e-010
22063	5.3252e-010
22064	5.1217e-010
22065	5.7002e-010
22066	5.3157e-010
22067	4.5984e-010
22068	5.6201e-010
22069	4.8202e-010
22070	4.3608e-010
22071	5.8482e-010
22072	3.884e-010
22073	5.1803e-010
22074	4.1796e-010
22075	4.3074e-010
22076	4.4528e-010
22077	3.7566e-010
22078	4.523e-010
22079	3.4769e-010
22080	4.3694e-010
22081	3.3821e-010
22082	4.1052e-010
22083	3.33e-010
22084	3.4465e-010
22085	3.6414e-010
22086	2.7093e-010
22087	4.0603e-010
22088	2.3084e-010
22089	3.3779e-010
22090	2.4855e-010
22091	2.3045e-010
22092	4.6044e-010
22093	2.5981e-010
22094	4.4507e-010
22095	8.1487e-010
22096	1.0607e-009
22097	9.9633e-010
22098	1.4605e-009
22099	2.9607e-009
22100	2.6018e-009
22101	7.2675e-011
22102	4.8875e-011
22103	1.3144e-010
22104	2.0222e-010
22105	2.0043e-010
22106	2.1218e-010
22107	2.1692e-010
22108	2.1629e-010
22109	2.3344e-010
22110	2.2899e-010
22111	2.3655e-010
22112	2.4758e-010
22113	2.4361e-010
22114	2.6172e-010
22115	2.5699e-010
22116	2.6937e-010
22117	2.7315e-010
22118	2.7896e-010
22119	2.8839e-010
22120	2.9079e-010
22121	3.0303e-010
22122	3.043e-010
22123	3.1672e-010
22124	3.1943e-010
22125	3.2999e-010
22126	3.3628e-010
22127	3.4286e-010
22128	3.549e-010
22129	3.5653e-010
22130	3.7301e-010
22131	3.7447e-010
22132	3.8502e-010
22133	3.9686e-010
22134	4.0077e-010
22135	4.13e-010
22136	4.2378e-010
22137	4.2987e-010
22138	4.3983e-010
22139	4.5571e-010
22140	4.6001e-010
22141	4.7138e-010
22142	4.8204e-010
22143	4.9667e-010
22144	5.0491e-010
22145	5.1636e-010
22146	5.2808e-010
22147	5.4113e-010
22148	5.6156e-010
22149	5.8273e-010
22150	5.8038e-010
22151	5.7995e-010
22152	6.0223e-010
22153	6.208e-010
22154	6.3387e-010
22155	6.4804e-010
22156	6.6164e-010
22157	6.804e-010
22158	6.9332e-010
22159	7.0948e-010
22160	7.255e-010
22161	7.3977e-010
22162	7.5552e-010
22163	7.7808e-010
22164	8.0148e-010
22165	8.052e-010
22166	8.0479e-010
22167	8.0434e-010
22168	7.8374e-010
22169	7.5927e-010
22170	7.4381e-010
22171	7.3176e-010
22172	7.1738e-010
22173	7.0038e-010
22174	6.9409e-010
22175	6.6897e-010
22176	6.5805e-010
22177	6.4414e-010
22178	6.3056e-010
22179	6.168e-010
22180	6.0335e-010
22181	5.9796e-010
22182	5.7989e-010
22183	5.7024e-010
22184	5.5759e-010
22185	5.4174e-010
22186	5.3178e-010
22187	5.2017e-010
22188	5.4413e-010
22189	4.9873e-010
22190	4.8702e-010
22191	4.7316e-010
22192	5.2864e-010
22193	4.5617e-010
22194	4.3994e-010
22195	4.6366e-010
22196	4.3929e-010
22197	4.0403e-010
22198	4.511e-010
22199	4.0629e-010
22200	3.8572e-010
22201	4.6126e-010
22202	3.5493e-010
22203	4.134e-010
22204	3.6051e-010
22205	3.6072e-010
22206	3.6368e-010
22207	3.2545e-010
22208	3.6328e-010
22209	3.0541e-010
22210	3.5061e-010
22211	2.9432e-010
22212	3.3078e-010
22213	2.8154e-010
22214	2.9126e-010
22215	2.9305e-010
22216	2.3894e-010
22217	3.1708e-010
22218	2.0846e-010
22219	2.6095e-010
22220	1.9977e-010
22221	2.0711e-010
22222	3.5131e-010
22223	2.3632e-010
22224	3.9391e-010
22225	7.1682e-010
22226	8.9602e-010
22227	9.7748e-010
22228	1.2565e-009
22229	2.4298e-009
22230	2.2256e-009
22231	7.2675e-011
22232	4.8875e-011
22233	1.3144e-010
22234	2.0222e-010
22235	2.0043e-010
22236	2.1218e-010
22237	2.1692e-010
22238	2.163e-010
22239	2.3344e-010
22240	2.2899e-010
22241	2.3656e-010
22242	2.4758e-010
22243	2.4362e-010
22244	2.617e-010
22245	2.5699e-010
22246	2.6937e-010
22247	2.7315e-010
22248	2.7896e-010
22249	2.8839e-010
22250	2.9079e-010
22251	3.0303e-010
22252	3.0428e-010
22253	3.1673e-010
22254	3.194e-010
22255	3.2997e-010
22256	3.3629e-010
22257	3.4286e-010
22258	3.549e-010
22259	3.5653e-010
22260	3.7302e-010
22261	3.7442e-010
22262	3.8503e-010
22263	3.9687e-010
22264	4.0077e-010
22265	4.13e-010
22266	4.2378e-010
22267	4.2987e-010
22268	4.3983e-010
22269	4.557e-010
22270	4.6001e-010
22271	4.7139e-010
22272	4.8204e-010
22273	4.9667e-010
22274	5.0492e-010
22275	5.1633e-010
22276	5.281e-010
22277	5.4107e-010
22278	5.6157e-010
22279	5.8273e-010
22280	5.8038e-010
22281	5.7995e-010
22282	6.0224e-010
22283	6.2081e-010
22284	6.3387e-010
22285	6.4804e-010
22286	6.6166e-010
22287	6.8042e-010
22288	6.9332e-010
22289	7.0948e-010
22290	7.255e-010
22291	7.3977e-010
22292	7.5552e-010
22293	7.7808e-010
22294	8.0147e-010
22295	8.0513e-010
22296	8.048e-010
22297	8.0435e-010
22298	7.8374e-010
22299	7.5928e-010
22300	7.4382e-010
22301	7.3177e-010
22302	7.1738e-010
22303	7.0039e-010
22304	6.941e-010
22305	6.6897e-010
22306	6.5805e-010
22307	6.4415e-010
22308	6.3056e-010
22309	6.1683e-010
22310	6.0331e-010
22311	5.9796e-010
22312	5.799e-010
22313	5.7021e-010
22314	5.5758e-010
22315	5.416e-010
22316	5.3144e-010
22317	5.217e-010
22318	5.3632e-010
22319	5.0008e-010
22320	4.8667e-010
22321	4.7332e-010
22322	5.2874e-010
22323	4.566e-010
22324	4.3989e-010
22325	4.6364e-010
22326	4.3928e-010
22327	4.0403e-010
22328	4.511e-010
22329	4.0629e-010
22330	3.8573e-010
22331	4.6126e-010
22332	3.5493e-010
22333	4.1341e-010
22334	3.6052e-010
22335	3.6073e-010
22336	3.6368e-010
22337	3.2545e-010
22338	3.6328e-010
22339	3.0541e-010
22340	3.5062e-010
22341	2.9433e-010
22342	3.3078e-010
22343	2.8154e-010
22344	2.9126e-010
22345	2.9306e-010
22346	2.3894e-010
22347	3.1708e-010
22348	2.0846e-010
22349	2.6095e-010
22350	1.9977e-010
22351	2.0711e-010
22352	3.5131e-010
22353	2.3632e-010
22354	3.9391e-010
22355	7.1682e-010
22356	8.9602e-010
22357	9.7748e-010
22358	1.2565e-009
22359	2.4297e-009
22360	2.2256e-009
22361	1.4937e-010
22362	1.1559e-010
22363	1.8565e-010
22364	2.4441e-010
22365	2.4035e-010
22366	2.5627e-010
22367	2.6168e-010
22368	2.586e-010
22369	2.8335e-010
22370	2.7418e-010
22371	2.8427e-010
22372	2.9979e-010
22373	2.9026e-010
22374	3.1768e-010
22375	3.0677e-010
22376	3.2504e-010
22377	3.2833e-010
22378	3.3505e-010
22379	3.4799e-010
22380	3.4816e-010
22381	3.6618e-010
22382	3.6407e-010
22383	3.8254e-010
22384	3.826e-010
22385	3.9777e-010
22386	4.0452e-010
22387	4.1149e-010
22388	4.2905e-010
22389	4.2579e-010
22390	4.5184e-010
22391	4.483e-010
22392	4.6268e-010
22393	4.7928e-010
22394	4.7973e-010
22395	4.9695e-010
22396	5.1098e-010
22397	5.1559e-010
22398	5.275e-010
22399	5.5115e-010
22400	5.5139e-010
22401	5.664e-010
22402	5.7874e-010
22403	5.9915e-010
22404	6.0645e-010
22405	6.2051e-010
22406	6.3488e-010
22407	6.4894e-010
22408	6.6753e-010
22409	6.8158e-010
22410	6.979e-010
22411	7.0942e-010
22412	7.2614e-010
22413	7.4392e-010
22414	7.6038e-010
22415	7.775e-010
22416	7.9267e-010
22417	8.1806e-010
22418	8.3056e-010
22419	8.521e-010
22420	8.7111e-010
22421	8.8534e-010
22422	9.0337e-010
22423	9.3589e-010
22424	9.7025e-010
22425	9.5931e-010
22426	9.576e-010
22427	9.7403e-010
22428	9.444e-010
22429	9.0723e-010
22430	8.8898e-010
22431	8.7885e-010
22432	8.6184e-010
22433	8.3836e-010
22434	8.3867e-010
22435	7.994e-010
22436	7.9004e-010
22437	7.7309e-010
22438	7.5677e-010
22439	7.3995e-010
22440	7.2212e-010
22441	7.2213e-010
22442	6.9453e-010
22443	6.8561e-010
22444	6.6995e-010
22445	6.4722e-010
22446	6.3552e-010
22447	6.1821e-010
22448	6.6906e-010
22449	5.9197e-010
22450	5.8025e-010
22451	5.493e-010
22452	6.5968e-010
22453	5.3313e-010
22454	5.1199e-010
22455	5.6999e-010
22456	5.3154e-010
22457	4.5984e-010
22458	5.6201e-010
22459	4.8202e-010
22460	4.3609e-010
22461	5.8482e-010
22462	3.884e-010
22463	5.1803e-010
22464	4.1796e-010
22465	4.3074e-010
22466	4.453e-010
22467	3.7565e-010
22468	4.5229e-010
22469	3.477e-010
22470	4.3694e-010
22471	3.3821e-010
22472	4.1052e-010
22473	3.3299e-010
22474	3.4466e-010
22475	3.6414e-010
22476	2.7093e-010
22477	4.0604e-010
22478	2.3084e-010
22479	3.3778e-010
22480	2.4855e-010
22481	2.3045e-010
22482	4.6044e-010
22483	2.5982e-010
22484	4.4507e-010
22485	8.1487e-010
22486	1.0607e-009
22487	9.9632e-010
22488	1.4605e-009
22489	2.9607e-009
22490	2.6017e-009
22491	7.2653e-011
22492	4.8903e-011
22493	1.3146e-010
22494	2.0227e-010
22495	2.0049e-010
22496	2.1224e-010
22497	2.1703e-010
22498	2.164e-010
22499	2.3358e-010
22500	2.2914e-010
22501	2.3677e-010
22502	2.4779e-010
22503	2.4378e-010
22504	2.617e-010
22505	2.5703e-010
22506	2.6941e-010
22507	2.7323e-010
22508	2.7907e-010
22509	2.885e-010
22510	2.909e-010
22511	3.0306e-010
22512	3.0427e-010
22513	3.167e-010
22514	3.1945e-010
22515	3.3014e-010
22516	3.3659e-010
22517	3.432e-010
22518	3.552e-010
22519	3.5675e-010
22520	3.7317e-010
22521	3.7465e-010
22522	3.8525e-010
22523	3.9709e-010
22524	4.0085e-010
22525	4.1307e-010
22526	4.2383e-010
22527	4.2987e-010
22528	4.3978e-010
22529	4.5564e-010
22530	4.6005e-010
22531	4.7148e-010
22532	4.8204e-010
22533	4.9673e-010
22534	5.0494e-010
22535	5.1643e-010
22536	5.281e-010
22537	5.4103e-010
22538	5.617e-010
22539	5.8289e-010
22540	5.8064e-010
22541	5.8022e-010
22542	6.0234e-010
22543	6.2095e-010
22544	6.3407e-010
22545	6.4843e-010
22546	6.6202e-010
22547	6.8076e-010
22548	6.9375e-010
22549	7.1035e-010
22550	7.2647e-010
22551	7.4039e-010
22552	7.5628e-010
22553	7.7912e-010
22554	8.0234e-010
22555	8.0611e-010
22556	8.0594e-010
22557	8.0526e-010
22558	7.8453e-010
22559	7.5997e-010
22560	7.4429e-010
22561	7.3207e-010
22562	7.1769e-010
22563	7.0064e-010
22564	6.9438e-010
22565	6.6921e-010
22566	6.5828e-010
22567	6.4439e-010
22568	6.3091e-010
22569	6.1721e-010
22570	6.0359e-010
22571	5.9826e-010
22572	5.7988e-010
22573	5.7041e-010
22574	5.5784e-010
22575	5.4194e-010
22576	5.317e-010
22577	5.2055e-010
22578	5.4445e-010
22579	4.9906e-010
22580	4.8691e-010
22581	4.7281e-010
22582	5.2815e-010
22583	4.5572e-010
22584	4.3973e-010
22585	4.6354e-010
22586	4.3919e-010
22587	4.0397e-010
22588	4.5118e-010
22589	4.0626e-010
22590	3.8563e-010
22591	4.6129e-010
22592	3.5479e-010
22593	4.1351e-010
22594	3.6056e-010
22595	3.6079e-010
22596	3.6378e-010
22597	3.2563e-010
22598	3.6359e-010
22599	3.0577e-010
22600	3.5112e-010
22601	2.9481e-010
22602	3.3116e-010
22603	2.8184e-010
22604	2.9155e-010
22605	2.9321e-010
22606	2.3897e-010
22607	3.1697e-010
22608	2.0803e-010
22609	2.6071e-010
22610	1.9921e-010
22611	2.0646e-010
22612	3.5139e-010
22613	2.3592e-010
22614	3.9386e-010
22615	7.1695e-010
22616	8.9617e-010
22617	9.779e-010
22618	1.2567e-009
22619	2.4299e-009
22620	2.2261e-009
22621	7.2746e-011
22622	4.8979e-011
22623	1.3163e-010
22624	2.0251e-010
22625	2.0074e-010
22626	2.1249e-010
22627	2.1727e-010
22628	2.1662e-010
22629	2.3377e-010
22630	2.2934e-010
22631	2.3694e-010
22632	2.4794e-010
22633	2.439e-010
22634	2.6184e-010
22635	2.5714e-010
22636	2.6951e-010
22637	2.7335e-010
22638	2.7922e-010
22639	2.8868e-010
22640	2.9115e-010
22641	3.0334e-010
22642	3.0457e-010
22643	3.1702e-010
22644	3.1974e-010
22645	3.3042e-010
22646	3.3675e-010
22647	3.4333e-010
22648	3.5542e-010
22649	3.5694e-010
22650	3.7337e-010
22651	3.7495e-010
22652	3.8556e-010
22653	3.9734e-010
22654	4.0117e-010
22655	4.133e-010
22656	4.2397e-010
22657	4.3006e-010
22658	4.4017e-010
22659	4.5603e-010
22660	4.6021e-010
22661	4.7162e-010
22662	4.8237e-010
22663	4.9703e-010
22664	5.0515e-010
22665	5.1664e-010
22666	5.2833e-010
22667	5.4122e-010
22668	5.618e-010
22669	5.831e-010
22670	5.8077e-010
22671	5.8052e-010
22672	6.029e-010
22673	6.2161e-010
22674	6.3479e-010
22675	6.4929e-010
22676	6.6289e-010
22677	6.8176e-010
22678	6.949e-010
22679	7.1149e-010
22680	7.2748e-010
22681	7.4161e-010
22682	7.5756e-010
22683	7.8071e-010
22684	8.0395e-010
22685	8.0783e-010
22686	8.0755e-010
22687	8.0676e-010
22688	7.8606e-010
22689	7.6187e-010
22690	7.4605e-010
22691	7.3353e-010
22692	7.1909e-010
22693	7.0183e-010
22694	6.9537e-010
22695	6.7e-010
22696	6.5925e-010
22697	6.4523e-010
22698	6.3174e-010
22699	6.18e-010
22700	6.0444e-010
22701	5.9901e-010
22702	5.8049e-010
22703	5.7088e-010
22704	5.5804e-010
22705	5.4198e-010
22706	5.3148e-010
22707	5.2216e-010
22708	5.3733e-010
22709	5.0039e-010
22710	4.8597e-010
22711	4.7402e-010
22712	5.2212e-010
22713	4.5687e-010
22714	4.3915e-010
22715	4.6328e-010
22716	4.3899e-010
22717	4.0377e-010
22718	4.5105e-010
22719	4.0624e-010
22720	3.8579e-010
22721	4.6158e-010
22722	3.555e-010
22723	4.1408e-010
22724	3.6137e-010
22725	3.6158e-010
22726	3.6449e-010
22727	3.2638e-010
22728	3.6419e-010
22729	3.064e-010
22730	3.5162e-010
22731	2.9548e-010
22732	3.3193e-010
22733	2.8265e-010
22734	2.9238e-010
22735	2.9384e-010
22736	2.3957e-010
22737	3.171e-010
22738	2.0839e-010
22739	2.6078e-010
22740	1.992e-010
22741	2.0666e-010
22742	3.5154e-010
22743	2.3608e-010
22744	3.9384e-010
22745	7.1696e-010
22746	8.9671e-010
22747	9.7822e-010
22748	1.2571e-009
22749	2.4302e-009
22750	2.2259e-009
22751	1.4966e-010
22752	1.158e-010
22753	1.8578e-010
22754	2.4449e-010
22755	2.4042e-010
22756	2.5639e-010
22757	2.6181e-010
22758	2.5872e-010
22759	2.8352e-010
22760	2.7433e-010
22761	2.8444e-010
22762	2.9998e-010
22763	2.9047e-010
22764	3.1786e-010
22765	3.0702e-010
22766	3.2529e-010
22767	3.2855e-010
22768	3.3526e-010
22769	3.4818e-010
22770	3.4843e-010
22771	3.6642e-010
22772	3.6419e-010
22773	3.827e-010
22774	3.8296e-010
22775	3.9821e-010
22776	4.047e-010
22777	4.116e-010
22778	4.2924e-010
22779	4.2598e-010
22780	4.5203e-010
22781	4.4853e-010
22782	4.6305e-010
22783	4.7969e-010
22784	4.801e-010
22785	4.9716e-010
22786	5.1105e-010
22787	5.1558e-010
22788	5.2798e-010
22789	5.5064e-010
22790	5.518e-010
22791	5.6638e-010
22792	5.7893e-010
22793	5.9921e-010
22794	6.0637e-010
22795	6.2048e-010
22796	6.3497e-010
22797	6.4901e-010
22798	6.6748e-010
22799	6.8155e-010
22800	6.9787e-010
22801	7.0949e-010
22802	7.2648e-010
22803	7.4431e-010
22804	7.609e-010
22805	7.7821e-010
22806	7.9325e-010
22807	8.1898e-010
22808	8.3168e-010
22809	8.5328e-010
22810	8.7224e-010
22811	8.8639e-010
22812	9.046e-010
22813	9.3749e-010
22814	9.7152e-010
22815	9.6079e-010
22816	9.5919e-010
22817	9.7555e-010
22818	9.4592e-010
22819	9.0899e-010
22820	8.9041e-010
22821	8.7985e-010
22822	8.6275e-010
22823	8.3927e-010
22824	8.3949e-010
22825	7.9994e-010
22826	7.9083e-010
22827	7.7361e-010
22828	7.575e-010
22829	7.4057e-010
22830	7.2274e-010
22831	7.2258e-010
22832	6.9465e-010
22833	6.8567e-010
22834	6.6992e-010
22835	6.4711e-010
22836	6.3505e-010
22837	6.1923e-010
22838	6.6352e-010
22839	5.9282e-010
22840	5.786e-010
22841	5.5153e-010
22842	6.4805e-010
22843	5.354e-010
22844	5.1071e-010
22845	5.6976e-010
22846	5.3142e-010
22847	4.5985e-010
22848	5.62e-010
22849	4.8208e-010
22850	4.3632e-010
22851	5.8518e-010
22852	3.8879e-010
22853	5.1855e-010
22854	4.184e-010
22855	4.3121e-010
22856	4.4592e-010
22857	3.7623e-010
22858	4.5316e-010
22859	3.4844e-010
22860	4.3781e-010
22861	3.3906e-010
22862	4.1148e-010
22863	3.3377e-010
22864	3.4548e-010
22865	3.6476e-010
22866	2.7141e-010
22867	4.0602e-010
22868	2.3088e-010
22869	3.3765e-010
22870	2.4813e-010
22871	2.303e-010
22872	4.6081e-010
22873	2.5964e-010
22874	4.4471e-010
22875	8.1459e-010
22876	1.0614e-009
22877	9.9671e-010
22878	1.4611e-009
22879	2.9613e-009
22880	2.6015e-009
22881	7.2746e-011
22882	4.8979e-011
22883	1.3163e-010
22884	2.0251e-010
22885	2.0074e-010
22886	2.1249e-010
22887	2.1727e-010
22888	2.1662e-010
22889	2.3378e-010
22890	2.2934e-010
22891	2.3694e-010
22892	2.4794e-010
22893	2.439e-010
22894	2.6185e-010
22895	2.5713e-010
22896	2.6951e-010
22897	2.7335e-010
22898	2.7922e-010
22899	2.8869e-010
22900	2.9115e-010
22901	3.0334e-010
22902	3.0458e-010
22903	3.1702e-010
22904	3.1974e-010
22905	3.3043e-010
22906	3.3675e-010
22907	3.4333e-010
22908	3.5542e-010
22909	3.5694e-010
22910	3.7337e-010
22911	3.7495e-010
22912	3.8556e-010
22913	3.9734e-010
22914	4.0115e-010
22915	4.133e-010
22916	4.2396e-010
22917	4.2998e-010
22918	4.4044e-010
22919	4.5511e-010
22920	4.6055e-010
22921	4.7162e-010
22922	4.8236e-010
22923	4.9703e-010
22924	5.0515e-010
22925	5.1664e-010
22926	5.2833e-010
22927	5.4122e-010
22928	5.618e-010
22929	5.831e-010
22930	5.8078e-010
22931	5.8052e-010
22932	6.029e-010
22933	6.2162e-010
22934	6.3479e-010
22935	6.4929e-010
22936	6.6289e-010
22937	6.8176e-010
22938	6.949e-010
22939	7.1149e-010
22940	7.2748e-010
22941	7.4161e-010
22942	7.5756e-010
22943	7.8071e-010
22944	8.0395e-010
22945	8.0783e-010
22946	8.0755e-010
22947	8.0677e-010
22948	7.8606e-010
22949	7.6187e-010
22950	7.4605e-010
22951	7.3353e-010
22952	7.1909e-010
22953	7.0183e-010
22954	6.9537e-010
22955	6.7e-010
22956	6.5925e-010
22957	6.4523e-010
22958	6.3177e-010
22959	6.18e-010
22960	6.045e-010
22961	5.99e-010
22962	5.805e-010
22963	5.7085e-010
22964	5.5806e-010
22965	5.421e-010
22966	5.313e-010
22967	5.2265e-010
22968	5.375e-010
22969	5.0072e-010
22970	4.8558e-010
22971	4.7432e-010
22972	5.1847e-010
22973	4.5719e-010
22974	4.3894e-010
22975	4.6322e-010
22976	4.39e-010
22977	4.0377e-010
22978	4.5106e-010
22979	4.0624e-010
22980	3.8579e-010
22981	4.6158e-010
22982	3.555e-010
22983	4.1409e-010
22984	3.6137e-010
22985	3.6158e-010
22986	3.6449e-010
22987	3.2636e-010
22988	3.6419e-010
22989	3.064e-010
22990	3.5162e-010
22991	2.9548e-010
22992	3.3192e-010
22993	2.8265e-010
22994	2.9238e-010
22995	2.9384e-010
22996	2.3957e-010
22997	3.171e-010
22998	2.084e-010
22999	2.6078e-010
23000	1.992e-010
23001	2.0666e-010
23002	3.5154e-010
23003	2.3608e-010
23004	3.9384e-010
23005	7.1696e-010
23006	8.9671e-010
23007	9.7822e-010
23008	1.2571e-009
23009	2.4302e-009
23010	2.2259e-009
23011	7.2653e-011
23012	4.8904e-011
23013	1.3146e-010
23014	2.0225e-010
23015	2.0049e-010
23016	2.1224e-010
23017	2.1703e-010
23018	2.164e-010
23019	2.3358e-010
23020	2.2914e-010
23021	2.3676e-010
23022	2.4779e-010
23023	2.4378e-010
23024	2.617e-010
23025	2.5703e-010
23026	2.6942e-010
23027	2.7323e-010
23028	2.7907e-010
23029	2.8851e-010
23030	2.909e-010
23031	3.0306e-010
23032	3.0427e-010
23033	3.167e-010
23034	3.1946e-010
23035	3.3015e-010
23036	3.3659e-010
23037	3.4318e-010
23038	3.552e-010
23039	3.5676e-010
23040	3.7317e-010
23041	3.7465e-010
23042	3.8525e-010
23043	3.971e-010
23044	4.0083e-010
23045	4.1307e-010
23046	4.2378e-010
23047	4.2978e-010
23048	4.4006e-010
23049	4.5502e-010
23050	4.6037e-010
23051	4.714e-010
23052	4.8205e-010
23053	4.9673e-010
23054	5.0495e-010
23055	5.1643e-010
23056	5.2806e-010
23057	5.4104e-010
23058	5.617e-010
23059	5.8289e-010
23060	5.8065e-010
23061	5.8024e-010
23062	6.0235e-010
23063	6.2097e-010
23064	6.3408e-010
23065	6.4843e-010
23066	6.6203e-010
23067	6.8077e-010
23068	6.9373e-010
23069	7.1035e-010
23070	7.2647e-010
23071	7.4039e-010
23072	7.5628e-010
23073	7.7912e-010
23074	8.0234e-010
23075	8.0611e-010
23076	8.059e-010
23077	8.0521e-010
23078	7.8447e-010
23079	7.5999e-010
23080	7.4431e-010
23081	7.3208e-010
23082	7.177e-010
23083	7.0064e-010
23084	6.9438e-010
23085	6.6922e-010
23086	6.5823e-010
23087	6.4438e-010
23088	6.3091e-010
23089	6.1721e-010
23090	6.0364e-010
23091	5.9824e-010
23092	5.7997e-010
23093	5.7036e-010
23094	5.578e-010
23095	5.4189e-010
23096	5.3117e-010
23097	5.2266e-010
23098	5.3692e-010
23099	5.008e-010
23100	4.8623e-010
23101	4.7285e-010
23102	5.2472e-010
23103	4.559e-010
23104	4.3956e-010
23105	4.6346e-010
23106	4.3922e-010
23107	4.0397e-010
23108	4.5119e-010
23109	4.0626e-010
23110	3.8564e-010
23111	4.613e-010
23112	3.548e-010
23113	4.1351e-010
23114	3.6056e-010
23115	3.6076e-010
23116	3.6379e-010
23117	3.2561e-010
23118	3.6359e-010
23119	3.0577e-010
23120	3.5112e-010
23121	2.9481e-010
23122	3.3116e-010
23123	2.8184e-010
23124	2.9156e-010
23125	2.9321e-010
23126	2.3897e-010
23127	3.1695e-010
23128	2.0805e-010
23129	2.6071e-010
23130	1.9922e-010
23131	2.0647e-010
23132	3.5139e-010
23133	2.3593e-010
23134	3.9386e-010
23135	7.1695e-010
23136	8.9617e-010
23137	9.779e-010
23138	1.2567e-009
23139	2.4299e-009
23140	2.2261e-009
23141	1.4937e-010
23142	1.156e-010
23143	1.8565e-010
23144	2.4441e-010
23145	2.4035e-010
23146	2.5627e-010
23147	2.6168e-010
23148	2.586e-010
23149	2.8335e-010
23150	2.7418e-010
23151	2.8426e-010
23152	2.9979e-010
23153	2.9026e-010
23154	3.1768e-010
23155	3.0677e-010
23156	3.2504e-010
23157	3.2833e-010
23158	3.3505e-010
23159	3.4799e-010
23160	3.4816e-010
23161	3.6618e-010
23162	3.6407e-010
23163	3.8254e-010
23164	3.826e-010
23165	3.9776e-010
23166	4.0452e-010
23167	4.1149e-010
23168	4.2905e-010
23169	4.2578e-010
23170	4.5184e-010
23171	4.4831e-010
23172	4.6268e-010
23173	4.7929e-010
23174	4.7974e-010
23175	4.9693e-010
23176	5.1097e-010
23177	5.1545e-010
23178	5.2813e-010
23179	5.5002e-010
23180	5.5205e-010
23181	5.6625e-010
23182	5.7873e-010
23183	5.9914e-010
23184	6.0644e-010
23185	6.2051e-010
23186	6.3487e-010
23187	6.4894e-010
23188	6.6753e-010
23189	6.8158e-010
23190	6.979e-010
23191	7.0944e-010
23192	7.2614e-010
23193	7.4392e-010
23194	7.6038e-010
23195	7.7753e-010
23196	7.9267e-010
23197	8.1806e-010
23198	8.3055e-010
23199	8.5209e-010
23200	8.7111e-010
23201	8.8533e-010
23202	9.0339e-010
23203	9.3588e-010
23204	9.7025e-010
23205	9.5932e-010
23206	9.576e-010
23207	9.7402e-010
23208	9.4439e-010
23209	9.0723e-010
23210	8.8898e-010
23211	8.7885e-010
23212	8.6185e-010
23213	8.3836e-010
23214	8.3867e-010
23215	7.994e-010
23216	7.9005e-010
23217	7.7309e-010
23218	7.5677e-010
23219	7.3997e-010
23220	7.2215e-010
23221	7.2213e-010
23222	6.9454e-010
23223	6.8559e-010
23224	6.699e-010
23225	6.4708e-010
23226	6.3508e-010
23227	6.1966e-010
23228	6.6162e-010
23229	5.9326e-010
23230	5.7941e-010
23231	5.5051e-010
23232	6.5801e-010
23233	5.3438e-010
23234	5.1162e-010
23235	5.7003e-010
23236	5.3154e-010
23237	4.5984e-010
23238	5.6201e-010
23239	4.8202e-010
23240	4.3608e-010
23241	5.8482e-010
23242	3.884e-010
23243	5.1803e-010
23244	4.1795e-010
23245	4.3073e-010
23246	4.4529e-010
23247	3.7564e-010
23248	4.5231e-010
23249	3.4769e-010
23250	4.3694e-010
23251	3.3821e-010
23252	4.1051e-010
23253	3.3299e-010
23254	3.4466e-010
23255	3.6413e-010
23256	2.7093e-010
23257	4.0606e-010
23258	2.3085e-010
23259	3.3778e-010
23260	2.4855e-010
23261	2.3046e-010
23262	4.6044e-010
23263	2.5982e-010
23264	4.4507e-010
23265	8.1487e-010
23266	1.0607e-009
23267	9.9632e-010
23268	1.4605e-009
23269	2.9607e-009
23270	2.6017e-009
23271	7.2672e-011
23272	4.8874e-011
23273	1.3144e-010
23274	2.0222e-010
23275	2.0043e-010
23276	2.1218e-010
23277	2.1692e-010
23278	2.163e-010
23279	2.3345e-010
23280	2.2899e-010
23281	2.3654e-010
23282	2.4758e-010
23283	2.4362e-010
23284	2.617e-010
23285	2.57e-010
23286	2.6937e-010
23287	2.7312e-010
23288	2.7897e-010
23289	2.884e-010
23290	2.9079e-010
23291	3.0303e-010
23292	3.0427e-010
23293	3.1674e-010
23294	3.1939e-010
23295	3.2997e-010
23296	3.3629e-010
23297	3.4286e-010
23298	3.5491e-010
23299	3.5654e-010
23300	3.7302e-010
23301	3.7442e-010
23302	3.8499e-010
23303	3.9687e-010
23304	4.0078e-010
23305	4.13e-010
23306	4.2374e-010
23307	4.2981e-010
23308	4.4016e-010
23309	4.5511e-010
23310	4.6033e-010
23311	4.7132e-010
23312	4.8205e-010
23313	4.9667e-010
23314	5.0492e-010
23315	5.1633e-010
23316	5.281e-010
23317	5.4106e-010
23318	5.6157e-010
23319	5.8273e-010
23320	5.8038e-010
23321	5.7995e-010
23322	6.0224e-010
23323	6.2083e-010
23324	6.339e-010
23325	6.4806e-010
23326	6.6166e-010
23327	6.8042e-010
23328	6.9329e-010
23329	7.0951e-010
23330	7.2548e-010
23331	7.3978e-010
23332	7.5551e-010
23333	7.7812e-010
23334	8.015e-010
23335	8.0507e-010
23336	8.0482e-010
23337	8.044e-010
23338	7.8373e-010
23339	7.5922e-010
23340	7.4384e-010
23341	7.3178e-010
23342	7.174e-010
23343	7.0041e-010
23344	6.9407e-010
23345	6.6888e-010
23346	6.5807e-010
23347	6.4414e-010
23348	6.3056e-010
23349	6.1689e-010
23350	6.0329e-010
23351	5.9797e-010
23352	5.7983e-010
23353	5.7019e-010
23354	5.5754e-010
23355	5.4168e-010
23356	5.3109e-010
23357	5.2244e-010
23358	5.3674e-010
23359	5.0074e-010
23360	4.8627e-010
23361	4.7252e-010
23362	5.2813e-010
23363	4.5568e-010
23364	4.3991e-010
23365	4.6369e-010
23366	4.393e-010
23367	4.0403e-010
23368	4.511e-010
23369	4.0629e-010
23370	3.8573e-010
23371	4.6126e-010
23372	3.5493e-010
23373	4.1341e-010
23374	3.6053e-010
23375	3.6073e-010
23376	3.6365e-010
23377	3.2546e-010
23378	3.6329e-010
23379	3.0542e-010
23380	3.5063e-010
23381	2.9433e-010
23382	3.3078e-010
23383	2.8154e-010
23384	2.9127e-010
23385	2.9306e-010
23386	2.3894e-010
23387	3.1707e-010
23388	2.0845e-010
23389	2.6096e-010
23390	1.9978e-010
23391	2.0712e-010
23392	3.5132e-010
23393	2.3632e-010
23394	3.9393e-010
23395	7.1683e-010
23396	8.9602e-010
23397	9.7748e-010
23398	1.2565e-009
23399	2.4297e-009
23400	2.2256e-009
