Element Number	Structural Error (J)
1	1.1234e-010
2	7.2012e-011
3	6.1e-011
4	5.0052e-011
5	5.5693e-011
6	5.1732e-011
7	5.3416e-011
8	5.6364e-011
9	5.3779e-011
10	5.8335e-011
11	5.8627e-011
12	5.8036e-011
13	6.3191e-011
14	6.0069e-011
15	6.5365e-011
16	6.4199e-011
17	6.6587e-011
18	6.8249e-011
19	6.8683e-011
20	7.1919e-011
21	7.134e-011
22	7.5292e-011
23	7.4693e-011
24	7.8444e-011
25	7.8695e-011
26	8.1148e-011
27	8.3589e-011
28	8.3438e-011
29	8.8371e-011
30	8.6655e-011
31	9.1688e-011
32	9.2746e-011
33	9.3381e-011
34	9.7907e-011
35	9.8609e-011
36	1.0026e-010
37	1.0438e-010
38	1.0636e-010
39	1.0665e-010
40	1.1129e-010
41	1.1358e-010
42	1.1599e-010
43	1.1701e-010
44	1.2103e-010
45	1.2379e-010
46	1.2662e-010
47	1.2927e-010
48	1.3216e-010
49	1.3519e-010
50	1.375e-010
51	1.4127e-010
52	1.4459e-010
53	1.4772e-010
54	1.5103e-010
55	1.5453e-010
56	1.5865e-010
57	1.6044e-010
58	1.6552e-010
59	1.6894e-010
60	1.7287e-010
61	1.7835e-010
62	1.8313e-010
63	1.843e-010
64	1.8575e-010
65	1.9879e-010
66	1.9972e-010
67	1.8656e-010
68	1.8475e-010
69	1.8592e-010
70	1.8209e-010
71	1.7629e-010
72	1.7252e-010
73	1.6987e-010
74	1.6201e-010
75	1.6371e-010
76	1.5877e-010
77	1.5568e-010
78	1.527e-010
79	1.5001e-010
80	1.4753e-010
81	1.4102e-010
82	1.4229e-010
83	1.3939e-010
84	1.3733e-010
85	1.3746e-010
86	1.3694e-010
87	1.4041e-010
88	1.2308e-010
89	1.3793e-010
90	1.3296e-010
91	1.4081e-010
92	1.187e-010
93	1.3464e-010
94	1.3599e-010
95	1.094e-010
96	1.1187e-010
97	1.3768e-010
98	1.06e-010
99	1.2316e-010
100	1.4952e-010
101	1.1414e-010
102	1.507e-010
103	1.0349e-010
104	1.3699e-010
105	1.201e-010
106	1.0329e-010
107	1.1187e-010
108	8.9384e-011
109	1.1448e-010
110	8.5129e-011
111	1.0641e-010
112	8.5242e-011
113	9.5481e-011
114	9.38e-011
115	8.2744e-011
116	1.234e-010
117	1.011e-010
118	1.2814e-010
119	8.3356e-011
120	8.6533e-011
121	1.0505e-010
122	8.6493e-011
123	1.0071e-010
124	8.4168e-011
125	1.1261e-010
126	4.1739e-010
127	1.012e-009
128	1.0758e-009
129	1.8034e-009
130	1.6305e-009
131	6.0575e-011
132	3.717e-011
133	4.1073e-011
134	4.7478e-011
135	4.7503e-011
136	4.7653e-011
137	4.8098e-011
138	4.8997e-011
139	5.229e-011
140	5.0622e-011
141	5.2062e-011
142	5.4752e-011
143	5.3537e-011
144	5.8206e-011
145	5.6153e-011
146	5.9042e-011
147	5.9708e-011
148	6.0899e-011
149	6.3076e-011
150	6.3067e-011
151	6.6285e-011
152	6.5698e-011
153	6.9248e-011
154	6.9042e-011
155	7.2025e-011
156	7.2905e-011
157	7.3985e-011
158	7.7644e-011
159	7.6313e-011
160	8.1753e-011
161	8.0372e-011
162	8.3047e-011
163	8.6593e-011
164	8.5876e-011
165	8.9283e-011
166	9.2129e-011
167	9.2331e-011
168	9.4736e-011
169	9.9386e-011
170	9.902e-011
171	1.0121e-010
172	1.0383e-010
173	1.0792e-010
174	1.0874e-010
175	1.1093e-010
176	1.1338e-010
177	1.1636e-010
178	1.1914e-010
179	1.2163e-010
180	1.2484e-010
181	1.2702e-010
182	1.2992e-010
183	1.3294e-010
184	1.3595e-010
185	1.3906e-010
186	1.417e-010
187	1.4697e-010
188	1.4905e-010
189	1.5287e-010
190	1.562e-010
191	1.5815e-010
192	1.616e-010
193	1.6902e-010
194	1.7643e-010
195	1.7142e-010
196	1.7108e-010
197	1.779e-010
198	1.7175e-010
199	1.6306e-010
200	1.5965e-010
201	1.5879e-010
202	1.5599e-010
203	1.5184e-010
204	1.5336e-010
205	1.4407e-010
206	1.4266e-010
207	1.3991e-010
208	1.3703e-010
209	1.3407e-010
210	1.3104e-010
211	1.3354e-010
212	1.276e-010
213	1.2727e-010
214	1.2431e-010
215	1.187e-010
216	1.1881e-010
217	1.1941e-010
218	1.4207e-010
219	1.1673e-010
220	1.0995e-010
221	1.1145e-010
222	1.4805e-010
223	1.1053e-010
224	1.0022e-010
225	1.225e-010
226	1.09e-010
227	9.2062e-011
228	1.324e-010
229	1.0562e-010
230	1.0416e-010
231	1.6326e-010
232	8.9331e-011
233	1.3382e-010
234	1.0662e-010
235	1.0547e-010
236	1.0718e-010
237	8.7383e-011
238	1.0862e-010
239	7.758e-011
240	1.0519e-010
241	7.6547e-011
242	9.4061e-011
243	8.1103e-011
244	8.267e-011
245	8.9526e-011
246	8.2822e-011
247	1.3813e-010
248	7.758e-011
249	9.5586e-011
250	6.1113e-011
251	7.0108e-011
252	9.3817e-011
253	6.2129e-011
254	7.0258e-011
255	9.3323e-011
256	4.2917e-010
257	9.8959e-010
258	1.099e-009
259	1.7048e-009
260	1.6487e-009
261	1.123e-010
262	7.1996e-011
263	6.0962e-011
264	5.0008e-011
265	5.5659e-011
266	5.1715e-011
267	5.3403e-011
268	5.6335e-011
269	5.3763e-011
270	5.831e-011
271	5.8606e-011
272	5.8005e-011
273	6.3167e-011
274	6.0043e-011
275	6.5342e-011
276	6.4212e-011
277	6.6583e-011
278	6.8211e-011
279	6.8618e-011
280	7.1899e-011
281	7.1313e-011
282	7.5276e-011
283	7.4671e-011
284	7.8374e-011
285	7.8644e-011
286	8.1154e-011
287	8.3578e-011
288	8.3388e-011
289	8.8355e-011
290	8.665e-011
291	9.1725e-011
292	9.278e-011
293	9.3378e-011
294	9.7923e-011
295	9.8607e-011
296	1.0022e-010
297	1.0435e-010
298	1.0651e-010
299	1.0639e-010
300	1.1137e-010
301	1.1349e-010
302	1.1594e-010
303	1.1699e-010
304	1.2097e-010
305	1.2377e-010
306	1.2662e-010
307	1.292e-010
308	1.3204e-010
309	1.3512e-010
310	1.3755e-010
311	1.4118e-010
312	1.4444e-010
313	1.4776e-010
314	1.5107e-010
315	1.5457e-010
316	1.5871e-010
317	1.6051e-010
318	1.6552e-010
319	1.6898e-010
320	1.7304e-010
321	1.7838e-010
322	1.8323e-010
323	1.8422e-010
324	1.86e-010
325	1.9872e-010
326	1.9985e-010
327	1.8641e-010
328	1.848e-010
329	1.8591e-010
330	1.8201e-010
331	1.7628e-010
332	1.7245e-010
333	1.6979e-010
334	1.6203e-010
335	1.6362e-010
336	1.5875e-010
337	1.5569e-010
338	1.5268e-010
339	1.499e-010
340	1.4789e-010
341	1.3995e-010
342	1.4268e-010
343	1.3934e-010
344	1.374e-010
345	1.3751e-010
346	1.3699e-010
347	1.4039e-010
348	1.2308e-010
349	1.3791e-010
350	1.3298e-010
351	1.4084e-010
352	1.1871e-010
353	1.3468e-010
354	1.3599e-010
355	1.0939e-010
356	1.1191e-010
357	1.3769e-010
358	1.0602e-010
359	1.232e-010
360	1.4957e-010
361	1.1415e-010
362	1.5073e-010
363	1.0352e-010
364	1.37e-010
365	1.2014e-010
366	1.0336e-010
367	1.1195e-010
368	8.9446e-011
369	1.1453e-010
370	8.5148e-011
371	1.0644e-010
372	8.5279e-011
373	9.5511e-011
374	9.381e-011
375	8.2767e-011
376	1.2341e-010
377	1.0115e-010
378	1.2824e-010
379	8.3364e-011
380	8.6584e-011
381	1.0504e-010
382	8.65e-011
383	1.0068e-010
384	8.4226e-011
385	1.1264e-010
386	4.174e-010
387	1.012e-009
388	1.0757e-009
389	1.8033e-009
390	1.6306e-009
391	1.1235e-010
392	7.2001e-011
393	6.0958e-011
394	5.e-011
395	5.565e-011
396	5.1708e-011
397	5.3379e-011
398	5.6324e-011
399	5.3697e-011
400	5.8257e-011
401	5.855e-011
402	5.7968e-011
403	6.3162e-011
404	6.0072e-011
405	6.5368e-011
406	6.4204e-011
407	6.6563e-011
408	6.8189e-011
409	6.8609e-011
410	7.1892e-011
411	7.133e-011
412	7.532e-011
413	7.4704e-011
414	7.8404e-011
415	7.8652e-011
416	8.112e-011
417	8.3578e-011
418	8.3429e-011
419	8.8394e-011
420	8.6699e-011
421	9.1779e-011
422	9.2784e-011
423	9.3342e-011
424	9.7873e-011
425	9.8548e-011
426	1.0016e-010
427	1.0431e-010
428	1.0648e-010
429	1.0628e-010
430	1.1131e-010
431	1.135e-010
432	1.1594e-010
433	1.1688e-010
434	1.2089e-010
435	1.2368e-010
436	1.2657e-010
437	1.2921e-010
438	1.32e-010
439	1.3506e-010
440	1.3748e-010
441	1.4119e-010
442	1.4449e-010
443	1.4768e-010
444	1.5097e-010
445	1.5454e-010
446	1.5872e-010
447	1.6048e-010
448	1.6554e-010
449	1.69e-010
450	1.731e-010
451	1.7843e-010
452	1.8318e-010
453	1.8424e-010
454	1.8604e-010
455	1.9878e-010
456	1.9978e-010
457	1.8648e-010
458	1.8476e-010
459	1.8598e-010
460	1.8203e-010
461	1.7621e-010
462	1.7241e-010
463	1.6989e-010
464	1.6191e-010
465	1.6373e-010
466	1.5875e-010
467	1.557e-010
468	1.5251e-010
469	1.4981e-010
470	1.4781e-010
471	1.3996e-010
472	1.427e-010
473	1.3932e-010
474	1.374e-010
475	1.3756e-010
476	1.3697e-010
477	1.4033e-010
478	1.2311e-010
479	1.3792e-010
480	1.3298e-010
481	1.4083e-010
482	1.1874e-010
483	1.3467e-010
484	1.36e-010
485	1.0939e-010
486	1.1191e-010
487	1.3773e-010
488	1.0609e-010
489	1.2328e-010
490	1.4964e-010
491	1.1424e-010
492	1.508e-010
493	1.0359e-010
494	1.3714e-010
495	1.2024e-010
496	1.0344e-010
497	1.1201e-010
498	8.9546e-011
499	1.1464e-010
500	8.5238e-011
501	1.065e-010
502	8.5382e-011
503	9.5606e-011
504	9.3904e-011
505	8.2819e-011
506	1.2352e-010
507	1.0116e-010
508	1.2824e-010
509	8.3422e-011
510	8.6581e-011
511	1.051e-010
512	8.6524e-011
513	1.0073e-010
514	8.4263e-011
515	1.1269e-010
516	4.1735e-010
517	1.012e-009
518	1.0758e-009
519	1.8033e-009
520	1.6307e-009
521	6.0604e-011
522	3.7163e-011
523	4.1013e-011
524	4.741e-011
525	4.7479e-011
526	4.7667e-011
527	4.8104e-011
528	4.8896e-011
529	5.2159e-011
530	5.0506e-011
531	5.1963e-011
532	5.4684e-011
533	5.3474e-011
534	5.8199e-011
535	5.616e-011
536	5.9004e-011
537	5.9635e-011
538	6.0794e-011
539	6.304e-011
540	6.3047e-011
541	6.631e-011
542	6.573e-011
543	6.9232e-011
544	6.8986e-011
545	7.1909e-011
546	7.281e-011
547	7.3909e-011
548	7.7712e-011
549	7.6461e-011
550	8.1861e-011
551	8.0488e-011
552	8.3073e-011
553	8.6493e-011
554	8.5816e-011
555	8.9245e-011
556	9.1934e-011
557	9.215e-011
558	9.4527e-011
559	9.9384e-011
560	9.8699e-011
561	1.0116e-010
562	1.0373e-010
563	1.0771e-010
564	1.0865e-010
565	1.1082e-010
566	1.1331e-010
567	1.1621e-010
568	1.1896e-010
569	1.2142e-010
570	1.2479e-010
571	1.2701e-010
572	1.2987e-010
573	1.3283e-010
574	1.3594e-010
575	1.3911e-010
576	1.4173e-010
577	1.4704e-010
578	1.4891e-010
579	1.5278e-010
580	1.5645e-010
581	1.5841e-010
582	1.6157e-010
583	1.6916e-010
584	1.7655e-010
585	1.7156e-010
586	1.7096e-010
587	1.7782e-010
588	1.7201e-010
589	1.6326e-010
590	1.5954e-010
591	1.588e-010
592	1.5593e-010
593	1.5187e-010
594	1.534e-010
595	1.4396e-010
596	1.4252e-010
597	1.3978e-010
598	1.3689e-010
599	1.3384e-010
600	1.3103e-010
601	1.3353e-010
602	1.2764e-010
603	1.2736e-010
604	1.2441e-010
605	1.1875e-010
606	1.1885e-010
607	1.1933e-010
608	1.4219e-010
609	1.1662e-010
610	1.0994e-010
611	1.115e-010
612	1.4803e-010
613	1.1054e-010
614	1.0027e-010
615	1.2251e-010
616	1.09e-010
617	9.2112e-011
618	1.3246e-010
619	1.0576e-010
620	1.0436e-010
621	1.6349e-010
622	8.9533e-011
623	1.3413e-010
624	1.0677e-010
625	1.0563e-010
626	1.0739e-010
627	8.7569e-011
628	1.0875e-010
629	7.7769e-011
630	1.0537e-010
631	7.6724e-011
632	9.426e-011
633	8.1288e-011
634	8.2865e-011
635	8.9772e-011
636	8.2926e-011
637	1.3833e-010
638	7.7664e-011
639	9.5648e-011
640	6.1216e-011
641	7.0162e-011
642	9.3898e-011
643	6.2206e-011
644	7.0359e-011
645	9.3452e-011
646	4.2929e-010
647	9.8953e-010
648	1.099e-009
649	1.7047e-009
650	1.6491e-009
651	1.1234e-010
652	7.2024e-011
653	6.0966e-011
654	4.9999e-011
655	5.565e-011
656	5.1708e-011
657	5.3379e-011
658	5.6324e-011
659	5.3698e-011
660	5.8256e-011
661	5.855e-011
662	5.7966e-011
663	6.316e-011
664	6.0072e-011
665	6.5366e-011
666	6.4202e-011
667	6.6561e-011
668	6.8187e-011
669	6.8609e-011
670	7.1892e-011
671	7.133e-011
672	7.5318e-011
673	7.4723e-011
674	7.8405e-011
675	7.8652e-011
676	8.112e-011
677	8.3578e-011
678	8.3429e-011
679	8.8395e-011
680	8.6711e-011
681	9.1766e-011
682	9.2797e-011
683	9.3354e-011
684	9.7869e-011
685	9.857e-011
686	1.0015e-010
687	1.0429e-010
688	1.0654e-010
689	1.0626e-010
690	1.113e-010
691	1.1349e-010
692	1.1594e-010
693	1.169e-010
694	1.2088e-010
695	1.2368e-010
696	1.2656e-010
697	1.2921e-010
698	1.32e-010
699	1.3506e-010
700	1.3748e-010
701	1.4119e-010
702	1.4448e-010
703	1.4771e-010
704	1.5097e-010
705	1.5454e-010
706	1.587e-010
707	1.6047e-010
708	1.6554e-010
709	1.69e-010
710	1.731e-010
711	1.7843e-010
712	1.8318e-010
713	1.8424e-010
714	1.8604e-010
715	1.9878e-010
716	1.9978e-010
717	1.8648e-010
718	1.8476e-010
719	1.8598e-010
720	1.8203e-010
721	1.7621e-010
722	1.7241e-010
723	1.6989e-010
724	1.619e-010
725	1.6372e-010
726	1.5876e-010
727	1.5571e-010
728	1.525e-010
729	1.4991e-010
730	1.4746e-010
731	1.4105e-010
732	1.4232e-010
733	1.394e-010
734	1.374e-010
735	1.3751e-010
736	1.3698e-010
737	1.4032e-010
738	1.231e-010
739	1.3792e-010
740	1.3296e-010
741	1.4086e-010
742	1.1877e-010
743	1.3469e-010
744	1.3601e-010
745	1.094e-010
746	1.1191e-010
747	1.3773e-010
748	1.0609e-010
749	1.2328e-010
750	1.4964e-010
751	1.1423e-010
752	1.5079e-010
753	1.036e-010
754	1.3713e-010
755	1.2023e-010
756	1.0344e-010
757	1.1201e-010
758	8.9546e-011
759	1.1464e-010
760	8.5243e-011
761	1.0651e-010
762	8.5377e-011
763	9.5606e-011
764	9.3904e-011
765	8.2819e-011
766	1.2353e-010
767	1.0116e-010
768	1.2824e-010
769	8.3422e-011
770	8.6589e-011
771	1.051e-010
772	8.6519e-011
773	1.0073e-010
774	8.4263e-011
775	1.1269e-010
776	4.1735e-010
777	1.012e-009
778	1.0758e-009
779	1.8033e-009
780	1.6307e-009
781	1.1229e-010
782	7.1977e-011
783	6.0955e-011
784	5.0004e-011
785	5.5657e-011
786	5.1714e-011
787	5.3399e-011
788	5.6342e-011
789	5.3759e-011
790	5.831e-011
791	5.8599e-011
792	5.801e-011
793	6.3162e-011
794	6.0043e-011
795	6.5342e-011
796	6.4203e-011
797	6.6593e-011
798	6.8211e-011
799	6.8615e-011
800	7.1895e-011
801	7.13e-011
802	7.5285e-011
803	7.4668e-011
804	7.8374e-011
805	7.8644e-011
806	8.1154e-011
807	8.3575e-011
808	8.3385e-011
809	8.8354e-011
810	8.6668e-011
811	9.1718e-011
812	9.2767e-011
813	9.3363e-011
814	9.7912e-011
815	9.8625e-011
816	1.002e-010
817	1.0433e-010
818	1.0657e-010
819	1.063e-010
820	1.1138e-010
821	1.1353e-010
822	1.1597e-010
823	1.1698e-010
824	1.2095e-010
825	1.2375e-010
826	1.2662e-010
827	1.2918e-010
828	1.3205e-010
829	1.351e-010
830	1.3757e-010
831	1.4124e-010
832	1.4443e-010
833	1.4778e-010
834	1.5104e-010
835	1.5454e-010
836	1.5872e-010
837	1.6049e-010
838	1.6556e-010
839	1.6897e-010
840	1.7304e-010
841	1.7841e-010
842	1.8329e-010
843	1.8419e-010
844	1.86e-010
845	1.9872e-010
846	1.9981e-010
847	1.8643e-010
848	1.848e-010
849	1.8591e-010
850	1.8199e-010
851	1.7624e-010
852	1.7246e-010
853	1.6979e-010
854	1.6203e-010
855	1.6362e-010
856	1.5877e-010
857	1.5574e-010
858	1.5269e-010
859	1.5005e-010
860	1.4749e-010
861	1.4116e-010
862	1.4227e-010
863	1.3939e-010
864	1.3742e-010
865	1.3752e-010
866	1.3695e-010
867	1.4035e-010
868	1.2318e-010
869	1.3788e-010
870	1.3297e-010
871	1.4084e-010
872	1.1871e-010
873	1.3462e-010
874	1.36e-010
875	1.0939e-010
876	1.1191e-010
877	1.3768e-010
878	1.0601e-010
879	1.2319e-010
880	1.4956e-010
881	1.1416e-010
882	1.5069e-010
883	1.0351e-010
884	1.3701e-010
885	1.2014e-010
886	1.0335e-010
887	1.1193e-010
888	8.9443e-011
889	1.1453e-010
890	8.5147e-011
891	1.0642e-010
892	8.5288e-011
893	9.5511e-011
894	9.3803e-011
895	8.2763e-011
896	1.2343e-010
897	1.0117e-010
898	1.2823e-010
899	8.3357e-011
900	8.6575e-011
901	1.0503e-010
902	8.6499e-011
903	1.0071e-010
904	8.4233e-011
905	1.1263e-010
906	4.1737e-010
907	1.012e-009
908	1.0757e-009
909	1.8033e-009
910	1.6306e-009
911	6.0577e-011
912	3.7173e-011
913	4.1077e-011
914	4.7481e-011
915	4.7512e-011
916	4.7664e-011
917	4.8109e-011
918	4.8997e-011
919	5.2285e-011
920	5.0626e-011
921	5.2057e-011
922	5.4732e-011
923	5.3531e-011
924	5.8213e-011
925	5.616e-011
926	5.9042e-011
927	5.9705e-011
928	6.0873e-011
929	6.3089e-011
930	6.3085e-011
931	6.6325e-011
932	6.5712e-011
933	6.9265e-011
934	6.9021e-011
935	7.2037e-011
936	7.2922e-011
937	7.3997e-011
938	7.7628e-011
939	7.63e-011
940	8.1746e-011
941	8.0378e-011
942	8.3076e-011
943	8.6589e-011
944	8.5885e-011
945	8.9276e-011
946	9.2107e-011
947	9.2297e-011
948	9.4647e-011
949	9.9629e-011
950	9.8867e-011
951	1.0127e-010
952	1.0381e-010
953	1.0792e-010
954	1.0876e-010
955	1.1088e-010
956	1.1337e-010
957	1.1632e-010
958	1.1915e-010
959	1.2163e-010
960	1.2487e-010
961	1.2701e-010
962	1.2996e-010
963	1.3292e-010
964	1.3596e-010
965	1.3905e-010
966	1.4164e-010
967	1.4699e-010
968	1.4906e-010
969	1.5283e-010
970	1.5621e-010
971	1.5813e-010
972	1.6151e-010
973	1.6903e-010
974	1.7639e-010
975	1.7143e-010
976	1.7114e-010
977	1.7783e-010
978	1.7178e-010
979	1.6307e-010
980	1.596e-010
981	1.5882e-010
982	1.5594e-010
983	1.5187e-010
984	1.5335e-010
985	1.4408e-010
986	1.4267e-010
987	1.3996e-010
988	1.3705e-010
989	1.34e-010
990	1.3129e-010
991	1.3336e-010
992	1.2778e-010
993	1.2727e-010
994	1.2434e-010
995	1.187e-010
996	1.1886e-010
997	1.194e-010
998	1.4201e-010
999	1.1664e-010
1000	1.1001e-010
1001	1.1149e-010
1002	1.4799e-010
1003	1.105e-010
1004	1.002e-010
1005	1.2248e-010
1006	1.09e-010
1007	9.2075e-011
1008	1.3239e-010
1009	1.0566e-010
1010	1.0416e-010
1011	1.6326e-010
1012	8.9301e-011
1013	1.3379e-010
1014	1.0658e-010
1015	1.0549e-010
1016	1.0714e-010
1017	8.7384e-011
1018	1.0862e-010
1019	7.756e-011
1020	1.0521e-010
1021	7.6536e-011
1022	9.4073e-011
1023	8.1098e-011
1024	8.267e-011
1025	8.9526e-011
1026	8.2832e-011
1027	1.3815e-010
1028	7.7562e-011
1029	9.5607e-011
1030	6.1117e-011
1031	7.0096e-011
1032	9.3836e-011
1033	6.2116e-011
1034	7.0249e-011
1035	9.3343e-011
1036	4.2919e-010
1037	9.8954e-010
1038	1.099e-009
1039	1.7049e-009
1040	1.6487e-009
1041	1.1234e-010
1042	7.2035e-011
1043	6.0999e-011
1044	5.0052e-011
1045	5.569e-011
1046	5.1734e-011
1047	5.3425e-011
1048	5.6376e-011
1049	5.3773e-011
1050	5.8331e-011
1051	5.8622e-011
1052	5.8034e-011
1053	6.3218e-011
1054	6.0062e-011
1055	6.5357e-011
1056	6.4207e-011
1057	6.658e-011
1058	6.8237e-011
1059	6.8674e-011
1060	7.1947e-011
1061	7.1336e-011
1062	7.5315e-011
1063	7.4702e-011
1064	7.8441e-011
1065	7.8727e-011
1066	8.1154e-011
1067	8.3605e-011
1068	8.3432e-011
1069	8.8357e-011
1070	8.6642e-011
1071	9.1689e-011
1072	9.2756e-011
1073	9.3375e-011
1074	9.7907e-011
1075	9.8625e-011
1076	1.0027e-010
1077	1.0437e-010
1078	1.0657e-010
1079	1.0632e-010
1080	1.1146e-010
1081	1.1356e-010
1082	1.1603e-010
1083	1.1703e-010
1084	1.2104e-010
1085	1.2376e-010
1086	1.2661e-010
1087	1.2925e-010
1088	1.3214e-010
1089	1.3522e-010
1090	1.375e-010
1091	1.4127e-010
1092	1.4456e-010
1093	1.4775e-010
1094	1.5109e-010
1095	1.5452e-010
1096	1.5865e-010
1097	1.6048e-010
1098	1.6552e-010
1099	1.6894e-010
1100	1.7291e-010
1101	1.7833e-010
1102	1.8316e-010
1103	1.8427e-010
1104	1.8573e-010
1105	1.9879e-010
1106	1.9974e-010
1107	1.8656e-010
1108	1.8472e-010
1109	1.8595e-010
1110	1.8205e-010
1111	1.7635e-010
1112	1.7251e-010
1113	1.6989e-010
1114	1.6203e-010
1115	1.6371e-010
1116	1.5878e-010
1117	1.5563e-010
1118	1.5268e-010
1119	1.5001e-010
1120	1.4743e-010
1121	1.4117e-010
1122	1.423e-010
1123	1.3944e-010
1124	1.3736e-010
1125	1.3746e-010
1126	1.3696e-010
1127	1.402e-010
1128	1.2318e-010
1129	1.3768e-010
1130	1.33e-010
1131	1.4083e-010
1132	1.1869e-010
1133	1.3463e-010
1134	1.3597e-010
1135	1.0938e-010
1136	1.1188e-010
1137	1.3768e-010
1138	1.0599e-010
1139	1.2316e-010
1140	1.4951e-010
1141	1.1411e-010
1142	1.5066e-010
1143	1.0347e-010
1144	1.37e-010
1145	1.2011e-010
1146	1.033e-010
1147	1.1187e-010
1148	8.9395e-011
1149	1.1447e-010
1150	8.5125e-011
1151	1.0639e-010
1152	8.5246e-011
1153	9.5489e-011
1154	9.3787e-011
1155	8.2748e-011
1156	1.2339e-010
1157	1.0112e-010
1158	1.2815e-010
1159	8.3353e-011
1160	8.6536e-011
1161	1.0507e-010
1162	8.6489e-011
1163	1.0068e-010
1164	8.4155e-011
1165	1.1261e-010
1166	4.1737e-010
1167	1.012e-009
1168	1.0758e-009
1169	1.8034e-009
1170	1.6305e-009
1171	1.1234e-010
1172	7.2035e-011
1173	6.0999e-011
1174	5.0046e-011
1175	5.5697e-011
1176	5.1734e-011
1177	5.3419e-011
1178	5.6367e-011
1179	5.3767e-011
1180	5.8339e-011
1181	5.8614e-011
1182	5.8044e-011
1183	6.3225e-011
1184	6.0067e-011
1185	6.535e-011
1186	6.4198e-011
1187	6.6589e-011
1188	6.8254e-011
1189	6.8674e-011
1190	7.1945e-011
1191	7.1333e-011
1192	7.5315e-011
1193	7.4702e-011
1194	7.8439e-011
1195	7.8725e-011
1196	8.1154e-011
1197	8.3605e-011
1198	8.3432e-011
1199	8.8357e-011
1200	8.6642e-011
1201	9.1682e-011
1202	9.2733e-011
1203	9.3382e-011
1204	9.7917e-011
1205	9.8612e-011
1206	1.0027e-010
1207	1.0437e-010
1208	1.0657e-010
1209	1.0633e-010
1210	1.1144e-010
1211	1.1354e-010
1212	1.1603e-010
1213	1.1703e-010
1214	1.2104e-010
1215	1.2374e-010
1216	1.2661e-010
1217	1.2923e-010
1218	1.3213e-010
1219	1.3524e-010
1220	1.3748e-010
1221	1.4126e-010
1222	1.4454e-010
1223	1.4777e-010
1224	1.5108e-010
1225	1.5451e-010
1226	1.5863e-010
1227	1.6048e-010
1228	1.6551e-010
1229	1.6892e-010
1230	1.7294e-010
1231	1.7832e-010
1232	1.8316e-010
1233	1.8427e-010
1234	1.8576e-010
1235	1.9877e-010
1236	1.9973e-010
1237	1.8652e-010
1238	1.8474e-010
1239	1.8599e-010
1240	1.8203e-010
1241	1.7633e-010
1242	1.725e-010
1243	1.6989e-010
1244	1.62e-010
1245	1.6372e-010
1246	1.588e-010
1247	1.5565e-010
1248	1.5265e-010
1249	1.5003e-010
1250	1.4742e-010
1251	1.4114e-010
1252	1.4231e-010
1253	1.3938e-010
1254	1.3733e-010
1255	1.375e-010
1256	1.3698e-010
1257	1.4032e-010
1258	1.2316e-010
1259	1.3783e-010
1260	1.33e-010
1261	1.4089e-010
1262	1.1868e-010
1263	1.3463e-010
1264	1.36e-010
1265	1.0939e-010
1266	1.1187e-010
1267	1.3771e-010
1268	1.0599e-010
1269	1.2316e-010
1270	1.4954e-010
1271	1.1411e-010
1272	1.5066e-010
1273	1.0351e-010
1274	1.37e-010
1275	1.2011e-010
1276	1.0329e-010
1277	1.1186e-010
1278	8.9383e-011
1279	1.1446e-010
1280	8.5123e-011
1281	1.0639e-010
1282	8.5246e-011
1283	9.5484e-011
1284	9.3779e-011
1285	8.2745e-011
1286	1.2339e-010
1287	1.0112e-010
1288	1.2814e-010
1289	8.335e-011
1290	8.6536e-011
1291	1.0507e-010
1292	8.6489e-011
1293	1.0068e-010
1294	8.4173e-011
1295	1.1262e-010
1296	4.1736e-010
1297	1.012e-009
1298	1.0758e-009
1299	1.8034e-009
1300	1.6305e-009
1301	6.0577e-011
1302	3.7174e-011
1303	4.1079e-011
1304	4.7489e-011
1305	4.7523e-011
1306	4.7656e-011
1307	4.8107e-011
1308	4.8992e-011
1309	5.2282e-011
1310	5.0644e-011
1311	5.2072e-011
1312	5.4745e-011
1313	5.3528e-011
1314	5.8225e-011
1315	5.6173e-011
1316	5.9061e-011
1317	5.9686e-011
1318	6.0887e-011
1319	6.3097e-011
1320	6.3077e-011
1321	6.6336e-011
1322	6.5717e-011
1323	6.9257e-011
1324	6.904e-011
1325	7.2027e-011
1326	7.2931e-011
1327	7.4006e-011
1328	7.7615e-011
1329	7.6246e-011
1330	8.1759e-011
1331	8.0369e-011
1332	8.308e-011
1333	8.6562e-011
1334	8.5867e-011
1335	8.9276e-011
1336	9.2111e-011
1337	9.2293e-011
1338	9.4659e-011
1339	9.9625e-011
1340	9.8844e-011
1341	1.0127e-010
1342	1.0381e-010
1343	1.0792e-010
1344	1.0876e-010
1345	1.109e-010
1346	1.1333e-010
1347	1.1636e-010
1348	1.1915e-010
1349	1.2166e-010
1350	1.2487e-010
1351	1.2703e-010
1352	1.2992e-010
1353	1.3292e-010
1354	1.3597e-010
1355	1.3903e-010
1356	1.4168e-010
1357	1.4696e-010
1358	1.4902e-010
1359	1.5282e-010
1360	1.5625e-010
1361	1.5816e-010
1362	1.6144e-010
1363	1.6909e-010
1364	1.763e-010
1365	1.7146e-010
1366	1.7118e-010
1367	1.7779e-010
1368	1.7177e-010
1369	1.6304e-010
1370	1.5964e-010
1371	1.5886e-010
1372	1.5595e-010
1373	1.5189e-010
1374	1.5332e-010
1375	1.441e-010
1376	1.4264e-010
1377	1.3995e-010
1378	1.3703e-010
1379	1.3397e-010
1380	1.3119e-010
1381	1.335e-010
1382	1.2772e-010
1383	1.2723e-010
1384	1.2437e-010
1385	1.1871e-010
1386	1.1878e-010
1387	1.197e-010
1388	1.4136e-010
1389	1.1697e-010
1390	1.0992e-010
1391	1.1151e-010
1392	1.4811e-010
1393	1.1049e-010
1394	1.0022e-010
1395	1.2249e-010
1396	1.0899e-010
1397	9.2075e-011
1398	1.324e-010
1399	1.0566e-010
1400	1.0418e-010
1401	1.6329e-010
1402	8.9314e-011
1403	1.3381e-010
1404	1.0656e-010
1405	1.055e-010
1406	1.0715e-010
1407	8.7361e-011
1408	1.0863e-010
1409	7.7552e-011
1410	1.0519e-010
1411	7.6529e-011
1412	9.4083e-011
1413	8.1105e-011
1414	8.2663e-011
1415	8.9519e-011
1416	8.2841e-011
1417	1.3815e-010
1418	7.7567e-011
1419	9.5589e-011
1420	6.1112e-011
1421	7.0108e-011
1422	9.3853e-011
1423	6.2118e-011
1424	7.0258e-011
1425	9.3347e-011
1426	4.2918e-010
1427	9.8954e-010
1428	1.099e-009
1429	1.7049e-009
1430	1.6488e-009
1431	1.1228e-010
1432	7.1965e-011
1433	6.0949e-011
1434	4.9999e-011
1435	5.5665e-011
1436	5.1706e-011
1437	5.3391e-011
1438	5.6341e-011
1439	5.3753e-011
1440	5.8317e-011
1441	5.8592e-011
1442	5.8019e-011
1443	6.3176e-011
1444	6.0043e-011
1445	6.5354e-011
1446	6.4212e-011
1447	6.6602e-011
1448	6.8218e-011
1449	6.8627e-011
1450	7.1885e-011
1451	7.1313e-011
1452	7.5279e-011
1453	7.4676e-011
1454	7.8402e-011
1455	7.8634e-011
1456	8.1146e-011
1457	8.359e-011
1458	8.3374e-011
1459	8.8335e-011
1460	8.6655e-011
1461	9.1708e-011
1462	9.2785e-011
1463	9.3356e-011
1464	9.7894e-011
1465	9.8612e-011
1466	1.002e-010
1467	1.0434e-010
1468	1.0656e-010
1469	1.0632e-010
1470	1.1139e-010
1471	1.1353e-010
1472	1.1597e-010
1473	1.1698e-010
1474	1.2095e-010
1475	1.2375e-010
1476	1.2665e-010
1477	1.2916e-010
1478	1.3209e-010
1479	1.3515e-010
1480	1.3758e-010
1481	1.4122e-010
1482	1.4441e-010
1483	1.4776e-010
1484	1.5103e-010
1485	1.5452e-010
1486	1.5874e-010
1487	1.6048e-010
1488	1.6556e-010
1489	1.6895e-010
1490	1.7301e-010
1491	1.7839e-010
1492	1.8326e-010
1493	1.8419e-010
1494	1.86e-010
1495	1.9875e-010
1496	1.9978e-010
1497	1.8645e-010
1498	1.8479e-010
1499	1.859e-010
1500	1.8202e-010
1501	1.7631e-010
1502	1.7245e-010
1503	1.6987e-010
1504	1.6204e-010
1505	1.6359e-010
1506	1.5873e-010
1507	1.5568e-010
1508	1.5266e-010
1509	1.4995e-010
1510	1.4773e-010
1511	1.4133e-010
1512	1.4252e-010
1513	1.3933e-010
1514	1.3737e-010
1515	1.3757e-010
1516	1.3699e-010
1517	1.4024e-010
1518	1.2319e-010
1519	1.3776e-010
1520	1.3299e-010
1521	1.409e-010
1522	1.1872e-010
1523	1.3465e-010
1524	1.3602e-010
1525	1.0939e-010
1526	1.1189e-010
1527	1.3767e-010
1528	1.0603e-010
1529	1.232e-010
1530	1.4958e-010
1531	1.1412e-010
1532	1.507e-010
1533	1.035e-010
1534	1.3699e-010
1535	1.2013e-010
1536	1.0337e-010
1537	1.1193e-010
1538	8.9435e-011
1539	1.1454e-010
1540	8.5152e-011
1541	1.0644e-010
1542	8.5291e-011
1543	9.5517e-011
1544	9.3818e-011
1545	8.2752e-011
1546	1.2346e-010
1547	1.0117e-010
1548	1.2822e-010
1549	8.3345e-011
1550	8.6579e-011
1551	1.0506e-010
1552	8.6503e-011
1553	1.0072e-010
1554	8.4222e-011
1555	1.1265e-010
1556	4.1736e-010
1557	1.012e-009
1558	1.0758e-009
1559	1.8033e-009
1560	1.6306e-009
1561	1.1234e-010
1562	7.2016e-011
1563	6.0951e-011
1564	4.9992e-011
1565	5.5645e-011
1566	5.1705e-011
1567	5.3378e-011
1568	5.6317e-011
1569	5.3719e-011
1570	5.8269e-011
1571	5.8539e-011
1572	5.7958e-011
1573	6.316e-011
1574	6.0064e-011
1575	6.5354e-011
1576	6.421e-011
1577	6.6552e-011
1578	6.8178e-011
1579	6.8612e-011
1580	7.19e-011
1581	7.1342e-011
1582	7.533e-011
1583	7.4737e-011
1584	7.8397e-011
1585	7.866e-011
1586	8.1143e-011
1587	8.359e-011
1588	8.3422e-011
1589	8.8414e-011
1590	8.6727e-011
1591	9.1769e-011
1592	9.281e-011
1593	9.3374e-011
1594	9.7882e-011
1595	9.8575e-011
1596	1.0017e-010
1597	1.0428e-010
1598	1.0652e-010
1599	1.0625e-010
1600	1.1136e-010
1601	1.1347e-010
1602	1.1594e-010
1603	1.169e-010
1604	1.2088e-010
1605	1.2371e-010
1606	1.2657e-010
1607	1.2918e-010
1608	1.32e-010
1609	1.3502e-010
1610	1.3746e-010
1611	1.4125e-010
1612	1.4447e-010
1613	1.4773e-010
1614	1.5101e-010
1615	1.5457e-010
1616	1.5868e-010
1617	1.6052e-010
1618	1.6559e-010
1619	1.6902e-010
1620	1.7311e-010
1621	1.7846e-010
1622	1.8317e-010
1623	1.8424e-010
1624	1.8604e-010
1625	1.9871e-010
1626	1.9975e-010
1627	1.8652e-010
1628	1.8477e-010
1629	1.8597e-010
1630	1.8208e-010
1631	1.7623e-010
1632	1.7243e-010
1633	1.6984e-010
1634	1.6191e-010
1635	1.6374e-010
1636	1.5872e-010
1637	1.5565e-010
1638	1.5251e-010
1639	1.4992e-010
1640	1.4787e-010
1641	1.4131e-010
1642	1.428e-010
1643	1.3944e-010
1644	1.3739e-010
1645	1.3757e-010
1646	1.37e-010
1647	1.4023e-010
1648	1.2324e-010
1649	1.378e-010
1650	1.33e-010
1651	1.409e-010
1652	1.1873e-010
1653	1.3469e-010
1654	1.3601e-010
1655	1.0939e-010
1656	1.1192e-010
1657	1.3776e-010
1658	1.0608e-010
1659	1.233e-010
1660	1.4964e-010
1661	1.1426e-010
1662	1.5083e-010
1663	1.0362e-010
1664	1.371e-010
1665	1.2021e-010
1666	1.0344e-010
1667	1.1201e-010
1668	8.9549e-011
1669	1.1463e-010
1670	8.5226e-011
1671	1.0652e-010
1672	8.5368e-011
1673	9.5605e-011
1674	9.3877e-011
1675	8.2796e-011
1676	1.2353e-010
1677	1.0115e-010
1678	1.2823e-010
1679	8.3419e-011
1680	8.662e-011
1681	1.0507e-010
1682	8.6494e-011
1683	1.0072e-010
1684	8.4259e-011
1685	1.1268e-010
1686	4.173e-010
1687	1.012e-009
1688	1.0758e-009
1689	1.8032e-009
1690	1.6307e-009
1691	6.0599e-011
1692	3.7155e-011
1693	4.1013e-011
1694	4.74e-011
1695	4.7459e-011
1696	4.7647e-011
1697	4.8078e-011
1698	4.8943e-011
1699	5.2149e-011
1700	5.0514e-011
1701	5.1986e-011
1702	5.4653e-011
1703	5.3477e-011
1704	5.8182e-011
1705	5.6115e-011
1706	5.9007e-011
1707	5.9657e-011
1708	6.0775e-011
1709	6.3035e-011
1710	6.3072e-011
1711	6.6326e-011
1712	6.5749e-011
1713	6.9252e-011
1714	6.9003e-011
1715	7.1891e-011
1716	7.277e-011
1717	7.3917e-011
1718	7.7674e-011
1719	7.6473e-011
1720	8.1867e-011
1721	8.0492e-011
1722	8.3113e-011
1723	8.652e-011
1724	8.5847e-011
1725	8.9265e-011
1726	9.1967e-011
1727	9.211e-011
1728	9.4529e-011
1729	9.948e-011
1730	9.868e-011
1731	1.0115e-010
1732	1.0366e-010
1733	1.0771e-010
1734	1.0867e-010
1735	1.1089e-010
1736	1.1323e-010
1737	1.1627e-010
1738	1.189e-010
1739	1.2143e-010
1740	1.2478e-010
1741	1.2705e-010
1742	1.299e-010
1743	1.329e-010
1744	1.3602e-010
1745	1.3915e-010
1746	1.4174e-010
1747	1.4705e-010
1748	1.4894e-010
1749	1.5283e-010
1750	1.5644e-010
1751	1.5845e-010
1752	1.6144e-010
1753	1.6917e-010
1754	1.7655e-010
1755	1.7149e-010
1756	1.7112e-010
1757	1.7781e-010
1758	1.72e-010
1759	1.6317e-010
1760	1.5966e-010
1761	1.5876e-010
1762	1.5594e-010
1763	1.5181e-010
1764	1.5349e-010
1765	1.4399e-010
1766	1.4252e-010
1767	1.3963e-010
1768	1.3687e-010
1769	1.3385e-010
1770	1.311e-010
1771	1.345e-010
1772	1.2775e-010
1773	1.2738e-010
1774	1.2443e-010
1775	1.1874e-010
1776	1.1885e-010
1777	1.1955e-010
1778	1.4167e-010
1779	1.1681e-010
1780	1.0994e-010
1781	1.1144e-010
1782	1.4805e-010
1783	1.1052e-010
1784	1.0025e-010
1785	1.2252e-010
1786	1.0904e-010
1787	9.2162e-011
1788	1.3253e-010
1789	1.0578e-010
1790	1.043e-010
1791	1.6344e-010
1792	8.9556e-011
1793	1.3406e-010
1794	1.068e-010
1795	1.0562e-010
1796	1.0737e-010
1797	8.7514e-011
1798	1.0878e-010
1799	7.7746e-011
1800	1.0541e-010
1801	7.6706e-011
1802	9.4287e-011
1803	8.1245e-011
1804	8.2873e-011
1805	8.9685e-011
1806	8.2952e-011
1807	1.3833e-010
1808	7.7689e-011
1809	9.5673e-011
1810	6.1211e-011
1811	7.0185e-011
1812	9.3877e-011
1813	6.2184e-011
1814	7.0368e-011
1815	9.3453e-011
1816	4.2924e-010
1817	9.8961e-010
1818	1.0991e-009
1819	1.7048e-009
1820	1.6489e-009
1821	1.1234e-010
1822	7.2035e-011
1823	6.0943e-011
1824	5.0001e-011
1825	5.5645e-011
1826	5.1705e-011
1827	5.3378e-011
1828	5.6317e-011
1829	5.3719e-011
1830	5.8269e-011
1831	5.8537e-011
1832	5.7973e-011
1833	6.3159e-011
1834	6.0064e-011
1835	6.5354e-011
1836	6.421e-011
1837	6.6552e-011
1838	6.8178e-011
1839	6.8612e-011
1840	7.19e-011
1841	7.1342e-011
1842	7.533e-011
1843	7.4737e-011
1844	7.8397e-011
1845	7.866e-011
1846	8.1137e-011
1847	8.3584e-011
1848	8.3423e-011
1849	8.8413e-011
1850	8.6727e-011
1851	9.1768e-011
1852	9.281e-011
1853	9.3374e-011
1854	9.7882e-011
1855	9.8575e-011
1856	1.0017e-010
1857	1.0428e-010
1858	1.0652e-010
1859	1.0625e-010
1860	1.1136e-010
1861	1.1347e-010
1862	1.1594e-010
1863	1.1691e-010
1864	1.2088e-010
1865	1.2371e-010
1866	1.2657e-010
1867	1.2918e-010
1868	1.32e-010
1869	1.3501e-010
1870	1.3752e-010
1871	1.4125e-010
1872	1.4447e-010
1873	1.4773e-010
1874	1.5104e-010
1875	1.5456e-010
1876	1.5868e-010
1877	1.6052e-010
1878	1.6559e-010
1879	1.6902e-010
1880	1.731e-010
1881	1.7846e-010
1882	1.8317e-010
1883	1.8424e-010
1884	1.8603e-010
1885	1.9871e-010
1886	1.9975e-010
1887	1.8653e-010
1888	1.8477e-010
1889	1.8597e-010
1890	1.8207e-010
1891	1.7623e-010
1892	1.7243e-010
1893	1.6983e-010
1894	1.6191e-010
1895	1.6373e-010
1896	1.5871e-010
1897	1.5564e-010
1898	1.5255e-010
1899	1.498e-010
1900	1.484e-010
1901	1.4007e-010
1902	1.4338e-010
1903	1.3932e-010
1904	1.3739e-010
1905	1.3755e-010
1906	1.37e-010
1907	1.4025e-010
1908	1.2302e-010
1909	1.3782e-010
1910	1.3299e-010
1911	1.4085e-010
1912	1.1876e-010
1913	1.3469e-010
1914	1.36e-010
1915	1.094e-010
1916	1.1192e-010
1917	1.3776e-010
1918	1.0607e-010
1919	1.2329e-010
1920	1.4966e-010
1921	1.1426e-010
1922	1.5083e-010
1923	1.0362e-010
1924	1.371e-010
1925	1.2021e-010
1926	1.0344e-010
1927	1.1201e-010
1928	8.9549e-011
1929	1.1463e-010
1930	8.5226e-011
1931	1.0654e-010
1932	8.5363e-011
1933	9.5606e-011
1934	9.3881e-011
1935	8.2797e-011
1936	1.2353e-010
1937	1.0115e-010
1938	1.2824e-010
1939	8.3414e-011
1940	8.6618e-011
1941	1.0507e-010
1942	8.6504e-011
1943	1.0072e-010
1944	8.426e-011
1945	1.1268e-010
1946	4.1731e-010
1947	1.012e-009
1948	1.0758e-009
1949	1.8032e-009
1950	1.6307e-009
1951	1.1227e-010
1952	7.1987e-011
1953	6.095e-011
1954	4.9998e-011
1955	5.5682e-011
1956	5.1695e-011
1957	5.3389e-011
1958	5.6339e-011
1959	5.3749e-011
1960	5.8311e-011
1961	5.8588e-011
1962	5.8018e-011
1963	6.3188e-011
1964	6.0031e-011
1965	6.5362e-011
1966	6.4223e-011
1967	6.6609e-011
1968	6.8237e-011
1969	6.861e-011
1970	7.188e-011
1971	7.1307e-011
1972	7.529e-011
1973	7.4686e-011
1974	7.8385e-011
1975	7.8642e-011
1976	8.1137e-011
1977	8.3584e-011
1978	8.3368e-011
1979	8.8325e-011
1980	8.6643e-011
1981	9.1698e-011
1982	9.2779e-011
1983	9.335e-011
1984	9.7895e-011
1985	9.8612e-011
1986	1.002e-010
1987	1.0434e-010
1988	1.0656e-010
1989	1.0632e-010
1990	1.1139e-010
1991	1.1353e-010
1992	1.1597e-010
1993	1.1698e-010
1994	1.2094e-010
1995	1.2374e-010
1996	1.2664e-010
1997	1.2919e-010
1998	1.3208e-010
1999	1.3515e-010
2000	1.3758e-010
2001	1.4121e-010
2002	1.4443e-010
2003	1.4774e-010
2004	1.5106e-010
2005	1.5455e-010
2006	1.5873e-010
2007	1.6048e-010
2008	1.6556e-010
2009	1.6895e-010
2010	1.73e-010
2011	1.7843e-010
2012	1.8324e-010
2013	1.8422e-010
2014	1.86e-010
2015	1.9873e-010
2016	1.9976e-010
2017	1.8645e-010
2018	1.8478e-010
2019	1.8594e-010
2020	1.8206e-010
2021	1.763e-010
2022	1.7245e-010
2023	1.6985e-010
2024	1.6201e-010
2025	1.6362e-010
2026	1.5872e-010
2027	1.5573e-010
2028	1.5263e-010
2029	1.4992e-010
2030	1.4815e-010
2031	1.4071e-010
2032	1.4289e-010
2033	1.3929e-010
2034	1.3738e-010
2035	1.3752e-010
2036	1.3694e-010
2037	1.4036e-010
2038	1.2321e-010
2039	1.3789e-010
2040	1.3296e-010
2041	1.4086e-010
2042	1.1879e-010
2043	1.3466e-010
2044	1.3602e-010
2045	1.0939e-010
2046	1.1189e-010
2047	1.3767e-010
2048	1.0603e-010
2049	1.2322e-010
2050	1.4955e-010
2051	1.1414e-010
2052	1.507e-010
2053	1.0349e-010
2054	1.3701e-010
2055	1.2013e-010
2056	1.0337e-010
2057	1.1195e-010
2058	8.9429e-011
2059	1.1452e-010
2060	8.5144e-011
2061	1.0645e-010
2062	8.5286e-011
2063	9.5528e-011
2064	9.3806e-011
2065	8.2743e-011
2066	1.2344e-010
2067	1.0117e-010
2068	1.282e-010
2069	8.339e-011
2070	8.6557e-011
2071	1.0506e-010
2072	8.6501e-011
2073	1.0071e-010
2074	8.4215e-011
2075	1.1264e-010
2076	4.1736e-010
2077	1.012e-009
2078	1.0758e-009
2079	1.8033e-009
2080	1.6306e-009
2081	6.058e-011
2082	3.7176e-011
2083	4.1079e-011
2084	4.7478e-011
2085	4.7537e-011
2086	4.7658e-011
2087	4.8117e-011
2088	4.8982e-011
2089	5.2262e-011
2090	5.0629e-011
2091	5.2085e-011
2092	5.4754e-011
2093	5.3504e-011
2094	5.8222e-011
2095	5.6183e-011
2096	5.9056e-011
2097	5.9677e-011
2098	6.0919e-011
2099	6.3092e-011
2100	6.3077e-011
2101	6.6341e-011
2102	6.5728e-011
2103	6.927e-011
2104	6.906e-011
2105	7.2018e-011
2106	7.2929e-011
2107	7.4001e-011
2108	7.7612e-011
2109	7.625e-011
2110	8.1756e-011
2111	8.0343e-011
2112	8.3044e-011
2113	8.6576e-011
2114	8.5873e-011
2115	8.9276e-011
2116	9.2112e-011
2117	9.2292e-011
2118	9.4645e-011
2119	9.9633e-011
2120	9.8828e-011
2121	1.0126e-010
2122	1.0382e-010
2123	1.0793e-010
2124	1.0878e-010
2125	1.1088e-010
2126	1.1335e-010
2127	1.1638e-010
2128	1.1913e-010
2129	1.217e-010
2130	1.249e-010
2131	1.2706e-010
2132	1.2992e-010
2133	1.3288e-010
2134	1.3599e-010
2135	1.3903e-010
2136	1.4169e-010
2137	1.4697e-010
2138	1.4898e-010
2139	1.5278e-010
2140	1.5627e-010
2141	1.5815e-010
2142	1.6144e-010
2143	1.6908e-010
2144	1.7629e-010
2145	1.7137e-010
2146	1.7115e-010
2147	1.7777e-010
2148	1.7175e-010
2149	1.6307e-010
2150	1.5962e-010
2151	1.5884e-010
2152	1.5596e-010
2153	1.5193e-010
2154	1.5327e-010
2155	1.4409e-010
2156	1.4258e-010
2157	1.3993e-010
2158	1.3716e-010
2159	1.3408e-010
2160	1.3125e-010
2161	1.338e-010
2162	1.2783e-010
2163	1.2723e-010
2164	1.2435e-010
2165	1.1867e-010
2166	1.1886e-010
2167	1.1932e-010
2168	1.4217e-010
2169	1.1666e-010
2170	1.0999e-010
2171	1.114e-010
2172	1.4826e-010
2173	1.104e-010
2174	1.0026e-010
2175	1.2251e-010
2176	1.0898e-010
2177	9.2079e-011
2178	1.3241e-010
2179	1.0563e-010
2180	1.0412e-010
2181	1.6331e-010
2182	8.9329e-011
2183	1.338e-010
2184	1.0655e-010
2185	1.0547e-010
2186	1.0716e-010
2187	8.7367e-011
2188	1.0865e-010
2189	7.7541e-011
2190	1.052e-010
2191	7.6547e-011
2192	9.4075e-011
2193	8.1103e-011
2194	8.2643e-011
2195	8.9511e-011
2196	8.284e-011
2197	1.3817e-010
2198	7.7577e-011
2199	9.5611e-011
2200	6.1112e-011
2201	7.0124e-011
2202	9.3809e-011
2203	6.2112e-011
2204	7.0269e-011
2205	9.3353e-011
2206	4.2915e-010
2207	9.8952e-010
2208	1.0991e-009
2209	1.7049e-009
2210	1.6488e-009
2211	1.1233e-010
2212	7.2041e-011
2213	6.0996e-011
2214	5.0043e-011
2215	5.5708e-011
2216	5.1729e-011
2217	5.3413e-011
2218	5.6362e-011
2219	5.3774e-011
2220	5.8327e-011
2221	5.8622e-011
2222	5.8036e-011
2223	6.3219e-011
2224	6.0065e-011
2225	6.535e-011
2226	6.4209e-011
2227	6.6592e-011
2228	6.8242e-011
2229	6.8657e-011
2230	7.195e-011
2231	7.1333e-011
2232	7.5314e-011
2233	7.4699e-011
2234	7.8436e-011
2235	7.8725e-011
2236	8.1165e-011
2237	8.3593e-011
2238	8.3419e-011
2239	8.8364e-011
2240	8.6633e-011
2241	9.1665e-011
2242	9.2749e-011
2243	9.3401e-011
2244	9.791e-011
2245	9.8613e-011
2246	1.0027e-010
2247	1.0437e-010
2248	1.0656e-010
2249	1.0635e-010
2250	1.1146e-010
2251	1.1351e-010
2252	1.1603e-010
2253	1.1702e-010
2254	1.2107e-010
2255	1.2373e-010
2256	1.2663e-010
2257	1.2925e-010
2258	1.3212e-010
2259	1.3524e-010
2260	1.3749e-010
2261	1.4128e-010
2262	1.4452e-010
2263	1.478e-010
2264	1.5108e-010
2265	1.5448e-010
2266	1.586e-010
2267	1.6051e-010
2268	1.6555e-010
2269	1.6891e-010
2270	1.7293e-010
2271	1.7839e-010
2272	1.8312e-010
2273	1.8424e-010
2274	1.8578e-010
2275	1.9872e-010
2276	1.9973e-010
2277	1.8655e-010
2278	1.8472e-010
2279	1.8596e-010
2280	1.8202e-010
2281	1.7636e-010
2282	1.7251e-010
2283	1.6991e-010
2284	1.6203e-010
2285	1.6369e-010
2286	1.5878e-010
2287	1.5563e-010
2288	1.5265e-010
2289	1.5007e-010
2290	1.4745e-010
2291	1.418e-010
2292	1.4229e-010
2293	1.3946e-010
2294	1.3733e-010
2295	1.3745e-010
2296	1.3694e-010
2297	1.4042e-010
2298	1.2311e-010
2299	1.3792e-010
2300	1.3295e-010
2301	1.4089e-010
2302	1.1873e-010
2303	1.3463e-010
2304	1.3597e-010
2305	1.0941e-010
2306	1.1188e-010
2307	1.3767e-010
2308	1.0599e-010
2309	1.2318e-010
2310	1.4952e-010
2311	1.1413e-010
2312	1.507e-010
2313	1.035e-010
2314	1.3699e-010
2315	1.201e-010
2316	1.0329e-010
2317	1.1188e-010
2318	8.9372e-011
2319	1.1448e-010
2320	8.5128e-011
2321	1.064e-010
2322	8.5243e-011
2323	9.5477e-011
2324	9.3774e-011
2325	8.2753e-011
2326	1.2338e-010
2327	1.0111e-010
2328	1.2812e-010
2329	8.3363e-011
2330	8.655e-011
2331	1.0506e-010
2332	8.648e-011
2333	1.0069e-010
2334	8.4189e-011
2335	1.1262e-010
2336	4.1736e-010
2337	1.012e-009
2338	1.0758e-009
2339	1.8033e-009
2340	1.6305e-009
2341	1.1233e-010
2342	7.2041e-011
2343	6.0996e-011
2344	5.0043e-011
2345	5.5708e-011
2346	5.1729e-011
2347	5.3413e-011
2348	5.6362e-011
2349	5.3774e-011
2350	5.8327e-011
2351	5.8622e-011
2352	5.8036e-011
2353	6.3219e-011
2354	6.0065e-011
2355	6.535e-011
2356	6.4209e-011
2357	6.6592e-011
2358	6.8242e-011
2359	6.8657e-011
2360	7.195e-011
2361	7.1333e-011
2362	7.5314e-011
2363	7.4699e-011
2364	7.8436e-011
2365	7.8725e-011
2366	8.1165e-011
2367	8.3593e-011
2368	8.3419e-011
2369	8.8364e-011
2370	8.6633e-011
2371	9.1665e-011
2372	9.2749e-011
2373	9.34e-011
2374	9.791e-011
2375	9.8612e-011
2376	1.0027e-010
2377	1.0437e-010
2378	1.0656e-010
2379	1.0635e-010
2380	1.1145e-010
2381	1.1354e-010
2382	1.1603e-010
2383	1.1702e-010
2384	1.2107e-010
2385	1.2373e-010
2386	1.2663e-010
2387	1.2925e-010
2388	1.3212e-010
2389	1.3524e-010
2390	1.3749e-010
2391	1.4128e-010
2392	1.4452e-010
2393	1.478e-010
2394	1.5108e-010
2395	1.5448e-010
2396	1.586e-010
2397	1.6051e-010
2398	1.6555e-010
2399	1.6891e-010
2400	1.7293e-010
2401	1.7839e-010
2402	1.8312e-010
2403	1.8424e-010
2404	1.8578e-010
2405	1.9872e-010
2406	1.9973e-010
2407	1.8655e-010
2408	1.8472e-010
2409	1.8596e-010
2410	1.8202e-010
2411	1.7636e-010
2412	1.7251e-010
2413	1.6991e-010
2414	1.6203e-010
2415	1.6369e-010
2416	1.5878e-010
2417	1.5563e-010
2418	1.5267e-010
2419	1.4993e-010
2420	1.482e-010
2421	1.406e-010
2422	1.4302e-010
2423	1.3929e-010
2424	1.3734e-010
2425	1.3749e-010
2426	1.3694e-010
2427	1.4043e-010
2428	1.2311e-010
2429	1.3791e-010
2430	1.3297e-010
2431	1.4082e-010
2432	1.1872e-010
2433	1.3463e-010
2434	1.3595e-010
2435	1.0941e-010
2436	1.1188e-010
2437	1.3767e-010
2438	1.0599e-010
2439	1.2318e-010
2440	1.4952e-010
2441	1.1413e-010
2442	1.507e-010
2443	1.035e-010
2444	1.3699e-010
2445	1.201e-010
2446	1.0329e-010
2447	1.1188e-010
2448	8.9372e-011
2449	1.1448e-010
2450	8.5128e-011
2451	1.064e-010
2452	8.5243e-011
2453	9.5477e-011
2454	9.3774e-011
2455	8.2753e-011
2456	1.2338e-010
2457	1.0111e-010
2458	1.2812e-010
2459	8.3363e-011
2460	8.655e-011
2461	1.0506e-010
2462	8.648e-011
2463	1.0069e-010
2464	8.4189e-011
2465	1.1262e-010
2466	4.1736e-010
2467	1.012e-009
2468	1.0758e-009
2469	1.8033e-009
2470	1.6305e-009
2471	6.058e-011
2472	3.7176e-011
2473	4.1079e-011
2474	4.7478e-011
2475	4.7537e-011
2476	4.7658e-011
2477	4.8117e-011
2478	4.8982e-011
2479	5.2262e-011
2480	5.0629e-011
2481	5.2084e-011
2482	5.4754e-011
2483	5.3504e-011
2484	5.8222e-011
2485	5.6183e-011
2486	5.9056e-011
2487	5.9677e-011
2488	6.0919e-011
2489	6.3092e-011
2490	6.3077e-011
2491	6.6341e-011
2492	6.5728e-011
2493	6.927e-011
2494	6.906e-011
2495	7.2018e-011
2496	7.2929e-011
2497	7.4e-011
2498	7.7612e-011
2499	7.625e-011
2500	8.1756e-011
2501	8.0344e-011
2502	8.3043e-011
2503	8.6575e-011
2504	8.5873e-011
2505	8.9276e-011
2506	9.2111e-011
2507	9.2293e-011
2508	9.4645e-011
2509	9.9633e-011
2510	9.8837e-011
2511	1.0127e-010
2512	1.0382e-010
2513	1.0793e-010
2514	1.0878e-010
2515	1.1088e-010
2516	1.1335e-010
2517	1.1638e-010
2518	1.1913e-010
2519	1.217e-010
2520	1.249e-010
2521	1.2706e-010
2522	1.2992e-010
2523	1.3288e-010
2524	1.3599e-010
2525	1.3903e-010
2526	1.4169e-010
2527	1.4697e-010
2528	1.4898e-010
2529	1.5278e-010
2530	1.5627e-010
2531	1.5815e-010
2532	1.6144e-010
2533	1.6908e-010
2534	1.7629e-010
2535	1.7137e-010
2536	1.7115e-010
2537	1.7777e-010
2538	1.7175e-010
2539	1.6307e-010
2540	1.5962e-010
2541	1.5885e-010
2542	1.5596e-010
2543	1.5193e-010
2544	1.5327e-010
2545	1.4409e-010
2546	1.4258e-010
2547	1.3994e-010
2548	1.3709e-010
2549	1.3408e-010
2550	1.3069e-010
2551	1.3474e-010
2552	1.2722e-010
2553	1.2733e-010
2554	1.2437e-010
2555	1.1873e-010
2556	1.1889e-010
2557	1.1932e-010
2558	1.4222e-010
2559	1.1664e-010
2560	1.1e-010
2561	1.1137e-010
2562	1.4819e-010
2563	1.1044e-010
2564	1.0026e-010
2565	1.2249e-010
2566	1.0895e-010
2567	9.2092e-011
2568	1.3242e-010
2569	1.0564e-010
2570	1.0414e-010
2571	1.6331e-010
2572	8.9329e-011
2573	1.3379e-010
2574	1.0654e-010
2575	1.0547e-010
2576	1.0716e-010
2577	8.7364e-011
2578	1.0865e-010
2579	7.7541e-011
2580	1.052e-010
2581	7.6547e-011
2582	9.4075e-011
2583	8.1103e-011
2584	8.2643e-011
2585	8.951e-011
2586	8.284e-011
2587	1.3817e-010
2588	7.7576e-011
2589	9.5611e-011
2590	6.1112e-011
2591	7.0124e-011
2592	9.3809e-011
2593	6.2112e-011
2594	7.0269e-011
2595	9.3353e-011
2596	4.2915e-010
2597	9.8952e-010
2598	1.0991e-009
2599	1.7049e-009
2600	1.6488e-009
2601	1.1227e-010
2602	7.1987e-011
2603	6.095e-011
2604	4.9998e-011
2605	5.5682e-011
2606	5.1695e-011
2607	5.3389e-011
2608	5.6339e-011
2609	5.3749e-011
2610	5.8311e-011
2611	5.8588e-011
2612	5.8018e-011
2613	6.3188e-011
2614	6.003e-011
2615	6.5362e-011
2616	6.4223e-011
2617	6.6609e-011
2618	6.8237e-011
2619	6.8611e-011
2620	7.188e-011
2621	7.1307e-011
2622	7.529e-011
2623	7.4686e-011
2624	7.8385e-011
2625	7.8642e-011
2626	8.1137e-011
2627	8.3584e-011
2628	8.3368e-011
2629	8.8325e-011
2630	8.6643e-011
2631	9.1698e-011
2632	9.2778e-011
2633	9.3349e-011
2634	9.7895e-011
2635	9.8612e-011
2636	1.002e-010
2637	1.0434e-010
2638	1.0656e-010
2639	1.0632e-010
2640	1.1139e-010
2641	1.1353e-010
2642	1.1597e-010
2643	1.1698e-010
2644	1.2094e-010
2645	1.2374e-010
2646	1.2664e-010
2647	1.2919e-010
2648	1.3208e-010
2649	1.3515e-010
2650	1.3758e-010
2651	1.4121e-010
2652	1.4443e-010
2653	1.4774e-010
2654	1.5106e-010
2655	1.5455e-010
2656	1.5873e-010
2657	1.6048e-010
2658	1.6556e-010
2659	1.6895e-010
2660	1.73e-010
2661	1.7843e-010
2662	1.8324e-010
2663	1.8422e-010
2664	1.86e-010
2665	1.9873e-010
2666	1.9976e-010
2667	1.8645e-010
2668	1.8477e-010
2669	1.8594e-010
2670	1.8205e-010
2671	1.763e-010
2672	1.7249e-010
2673	1.6985e-010
2674	1.6201e-010
2675	1.6362e-010
2676	1.5872e-010
2677	1.5566e-010
2678	1.5269e-010
2679	1.4992e-010
2680	1.4827e-010
2681	1.3996e-010
2682	1.4308e-010
2683	1.3933e-010
2684	1.3741e-010
2685	1.3753e-010
2686	1.3699e-010
2687	1.4039e-010
2688	1.2312e-010
2689	1.3794e-010
2690	1.3292e-010
2691	1.4084e-010
2692	1.1874e-010
2693	1.347e-010
2694	1.36e-010
2695	1.0942e-010
2696	1.1188e-010
2697	1.377e-010
2698	1.0604e-010
2699	1.2321e-010
2700	1.4956e-010
2701	1.1414e-010
2702	1.507e-010
2703	1.035e-010
2704	1.3698e-010
2705	1.2013e-010
2706	1.0337e-010
2707	1.1193e-010
2708	8.9429e-011
2709	1.1452e-010
2710	8.5144e-011
2711	1.0645e-010
2712	8.5286e-011
2713	9.5528e-011
2714	9.3806e-011
2715	8.2743e-011
2716	1.2345e-010
2717	1.0117e-010
2718	1.282e-010
2719	8.339e-011
2720	8.6557e-011
2721	1.0506e-010
2722	8.6501e-011
2723	1.0071e-010
2724	8.4215e-011
2725	1.1264e-010
2726	4.1736e-010
2727	1.012e-009
2728	1.0758e-009
2729	1.8033e-009
2730	1.6306e-009
2731	1.1234e-010
2732	7.2035e-011
2733	6.0943e-011
2734	5.0001e-011
2735	5.5645e-011
2736	5.1705e-011
2737	5.3378e-011
2738	5.6317e-011
2739	5.3719e-011
2740	5.8269e-011
2741	5.8537e-011
2742	5.7973e-011
2743	6.3157e-011
2744	6.0062e-011
2745	6.5354e-011
2746	6.421e-011
2747	6.6552e-011
2748	6.8178e-011
2749	6.8612e-011
2750	7.19e-011
2751	7.1342e-011
2752	7.533e-011
2753	7.4737e-011
2754	7.8397e-011
2755	7.866e-011
2756	8.1142e-011
2757	8.359e-011
2758	8.3422e-011
2759	8.8414e-011
2760	8.6727e-011
2761	9.1769e-011
2762	9.281e-011
2763	9.3374e-011
2764	9.7882e-011
2765	9.8575e-011
2766	1.0017e-010
2767	1.0428e-010
2768	1.0652e-010
2769	1.0625e-010
2770	1.1136e-010
2771	1.1347e-010
2772	1.1594e-010
2773	1.169e-010
2774	1.2088e-010
2775	1.2371e-010
2776	1.2657e-010
2777	1.2918e-010
2778	1.32e-010
2779	1.3501e-010
2780	1.3752e-010
2781	1.4125e-010
2782	1.4447e-010
2783	1.4773e-010
2784	1.5104e-010
2785	1.5456e-010
2786	1.5868e-010
2787	1.6052e-010
2788	1.6559e-010
2789	1.6902e-010
2790	1.731e-010
2791	1.7846e-010
2792	1.8317e-010
2793	1.8424e-010
2794	1.8603e-010
2795	1.9871e-010
2796	1.9975e-010
2797	1.8653e-010
2798	1.8477e-010
2799	1.8597e-010
2800	1.8207e-010
2801	1.7623e-010
2802	1.7243e-010
2803	1.6983e-010
2804	1.6191e-010
2805	1.6374e-010
2806	1.5872e-010
2807	1.5567e-010
2808	1.5252e-010
2809	1.4983e-010
2810	1.4774e-010
2811	1.4059e-010
2812	1.4264e-010
2813	1.3937e-010
2814	1.3741e-010
2815	1.3754e-010
2816	1.3703e-010
2817	1.4028e-010
2818	1.23e-010
2819	1.3792e-010
2820	1.3298e-010
2821	1.4086e-010
2822	1.1879e-010
2823	1.3468e-010
2824	1.3599e-010
2825	1.0942e-010
2826	1.1191e-010
2827	1.3776e-010
2828	1.0609e-010
2829	1.2329e-010
2830	1.4964e-010
2831	1.1426e-010
2832	1.5083e-010
2833	1.0362e-010
2834	1.371e-010
2835	1.2021e-010
2836	1.0344e-010
2837	1.1201e-010
2838	8.9549e-011
2839	1.1463e-010
2840	8.5226e-011
2841	1.0654e-010
2842	8.5366e-011
2843	9.5606e-011
2844	9.3881e-011
2845	8.2797e-011
2846	1.2353e-010
2847	1.0115e-010
2848	1.2824e-010
2849	8.3414e-011
2850	8.6618e-011
2851	1.0507e-010
2852	8.6504e-011
2853	1.0072e-010
2854	8.426e-011
2855	1.1268e-010
2856	4.1731e-010
2857	1.012e-009
2858	1.0758e-009
2859	1.8032e-009
2860	1.6307e-009
2861	6.0607e-011
2862	3.7155e-011
2863	4.1013e-011
2864	4.74e-011
2865	4.7459e-011
2866	4.7647e-011
2867	4.8078e-011
2868	4.8943e-011
2869	5.2148e-011
2870	5.0514e-011
2871	5.1986e-011
2872	5.4653e-011
2873	5.3479e-011
2874	5.8166e-011
2875	5.6115e-011
2876	5.9007e-011
2877	5.9657e-011
2878	6.0775e-011
2879	6.3035e-011
2880	6.3072e-011
2881	6.6326e-011
2882	6.5749e-011
2883	6.9252e-011
2884	6.9003e-011
2885	7.1891e-011
2886	7.2764e-011
2887	7.3935e-011
2888	7.7673e-011
2889	7.6473e-011
2890	8.1868e-011
2891	8.0492e-011
2892	8.3113e-011
2893	8.652e-011
2894	8.5846e-011
2895	8.9265e-011
2896	9.1967e-011
2897	9.2091e-011
2898	9.4509e-011
2899	9.948e-011
2900	9.8679e-011
2901	1.0115e-010
2902	1.0366e-010
2903	1.0771e-010
2904	1.0867e-010
2905	1.1089e-010
2906	1.1323e-010
2907	1.1627e-010
2908	1.189e-010
2909	1.2143e-010
2910	1.2478e-010
2911	1.2705e-010
2912	1.299e-010
2913	1.329e-010
2914	1.3602e-010
2915	1.3915e-010
2916	1.4174e-010
2917	1.4705e-010
2918	1.4894e-010
2919	1.5283e-010
2920	1.5644e-010
2921	1.5845e-010
2922	1.6144e-010
2923	1.6917e-010
2924	1.7655e-010
2925	1.7149e-010
2926	1.7112e-010
2927	1.7781e-010
2928	1.72e-010
2929	1.6317e-010
2930	1.5966e-010
2931	1.5876e-010
2932	1.5594e-010
2933	1.5179e-010
2934	1.5348e-010
2935	1.4403e-010
2936	1.4251e-010
2937	1.3974e-010
2938	1.3688e-010
2939	1.3383e-010
2940	1.3115e-010
2941	1.3353e-010
2942	1.2766e-010
2943	1.2733e-010
2944	1.2441e-010
2945	1.1877e-010
2946	1.189e-010
2947	1.1931e-010
2948	1.4191e-010
2949	1.1667e-010
2950	1.1e-010
2951	1.1136e-010
2952	1.4824e-010
2953	1.1043e-010
2954	1.0029e-010
2955	1.2251e-010
2956	1.0901e-010
2957	9.2156e-011
2958	1.3254e-010
2959	1.0578e-010
2960	1.043e-010
2961	1.6344e-010
2962	8.9556e-011
2963	1.3406e-010
2964	1.068e-010
2965	1.0562e-010
2966	1.0737e-010
2967	8.7514e-011
2968	1.0878e-010
2969	7.7746e-011
2970	1.0541e-010
2971	7.6727e-011
2972	9.4285e-011
2973	8.1245e-011
2974	8.2872e-011
2975	8.9685e-011
2976	8.2952e-011
2977	1.3833e-010
2978	7.7688e-011
2979	9.5674e-011
2980	6.1211e-011
2981	7.0185e-011
2982	9.3878e-011
2983	6.2184e-011
2984	7.0368e-011
2985	9.3453e-011
2986	4.2924e-010
2987	9.8961e-010
2988	1.0991e-009
2989	1.7048e-009
2990	1.6489e-009
2991	1.1234e-010
2992	7.2016e-011
2993	6.0951e-011
2994	4.9992e-011
2995	5.5645e-011
2996	5.1705e-011
2997	5.3378e-011
2998	5.6317e-011
2999	5.3719e-011
3000	5.8269e-011
3001	5.8539e-011
3002	5.7958e-011
3003	6.316e-011
3004	6.0064e-011
3005	6.5354e-011
3006	6.421e-011
3007	6.6552e-011
3008	6.8178e-011
3009	6.8612e-011
3010	7.19e-011
3011	7.1342e-011
3012	7.533e-011
3013	7.4737e-011
3014	7.8397e-011
3015	7.866e-011
3016	8.1142e-011
3017	8.359e-011
3018	8.3422e-011
3019	8.8414e-011
3020	8.6727e-011
3021	9.1769e-011
3022	9.2809e-011
3023	9.3374e-011
3024	9.7881e-011
3025	9.8575e-011
3026	1.0017e-010
3027	1.0427e-010
3028	1.0651e-010
3029	1.0625e-010
3030	1.1136e-010
3031	1.1347e-010
3032	1.1594e-010
3033	1.169e-010
3034	1.2088e-010
3035	1.2372e-010
3036	1.2657e-010
3037	1.2918e-010
3038	1.32e-010
3039	1.3502e-010
3040	1.3746e-010
3041	1.4125e-010
3042	1.4447e-010
3043	1.4773e-010
3044	1.5101e-010
3045	1.5457e-010
3046	1.5868e-010
3047	1.6052e-010
3048	1.6559e-010
3049	1.6902e-010
3050	1.7311e-010
3051	1.7846e-010
3052	1.8317e-010
3053	1.8424e-010
3054	1.8604e-010
3055	1.9871e-010
3056	1.9975e-010
3057	1.8652e-010
3058	1.8477e-010
3059	1.8597e-010
3060	1.8208e-010
3061	1.7623e-010
3062	1.7244e-010
3063	1.6985e-010
3064	1.6188e-010
3065	1.6374e-010
3066	1.5872e-010
3067	1.5569e-010
3068	1.525e-010
3069	1.4992e-010
3070	1.4741e-010
3071	1.4113e-010
3072	1.4231e-010
3073	1.394e-010
3074	1.3738e-010
3075	1.3758e-010
3076	1.3693e-010
3077	1.4031e-010
3078	1.2264e-010
3079	1.3785e-010
3080	1.3295e-010
3081	1.4084e-010
3082	1.1878e-010
3083	1.347e-010
3084	1.3602e-010
3085	1.0939e-010
3086	1.1191e-010
3087	1.3776e-010
3088	1.0609e-010
3089	1.2329e-010
3090	1.4964e-010
3091	1.1426e-010
3092	1.5083e-010
3093	1.0362e-010
3094	1.371e-010
3095	1.2021e-010
3096	1.0344e-010
3097	1.1201e-010
3098	8.9549e-011
3099	1.1463e-010
3100	8.5234e-011
3101	1.0652e-010
3102	8.5369e-011
3103	9.5605e-011
3104	9.3878e-011
3105	8.2796e-011
3106	1.2353e-010
3107	1.0115e-010
3108	1.2823e-010
3109	8.3419e-011
3110	8.6619e-011
3111	1.0507e-010
3112	8.6494e-011
3113	1.0072e-010
3114	8.4259e-011
3115	1.1268e-010
3116	4.173e-010
3117	1.012e-009
3118	1.0758e-009
3119	1.8032e-009
3120	1.6307e-009
3121	1.1228e-010
3122	7.1965e-011
3123	6.0949e-011
3124	4.9999e-011
3125	5.5665e-011
3126	5.1706e-011
3127	5.3391e-011
3128	5.6341e-011
3129	5.3753e-011
3130	5.8317e-011
3131	5.8592e-011
3132	5.8019e-011
3133	6.3176e-011
3134	6.0043e-011
3135	6.5354e-011
3136	6.4212e-011
3137	6.6597e-011
3138	6.8213e-011
3139	6.8627e-011
3140	7.1885e-011
3141	7.1313e-011
3142	7.5279e-011
3143	7.4676e-011
3144	7.8402e-011
3145	7.8634e-011
3146	8.1146e-011
3147	8.359e-011
3148	8.3373e-011
3149	8.8334e-011
3150	8.6655e-011
3151	9.1708e-011
3152	9.2785e-011
3153	9.3356e-011
3154	9.7895e-011
3155	9.8612e-011
3156	1.002e-010
3157	1.0433e-010
3158	1.0655e-010
3159	1.0631e-010
3160	1.1139e-010
3161	1.1353e-010
3162	1.1597e-010
3163	1.1698e-010
3164	1.2095e-010
3165	1.2375e-010
3166	1.2665e-010
3167	1.2916e-010
3168	1.3209e-010
3169	1.3515e-010
3170	1.3758e-010
3171	1.4122e-010
3172	1.4441e-010
3173	1.4776e-010
3174	1.5103e-010
3175	1.5452e-010
3176	1.5874e-010
3177	1.6048e-010
3178	1.6556e-010
3179	1.6895e-010
3180	1.7301e-010
3181	1.7839e-010
3182	1.8326e-010
3183	1.8419e-010
3184	1.86e-010
3185	1.9875e-010
3186	1.9978e-010
3187	1.8645e-010
3188	1.8479e-010
3189	1.859e-010
3190	1.8202e-010
3191	1.7632e-010
3192	1.7245e-010
3193	1.6987e-010
3194	1.6204e-010
3195	1.6359e-010
3196	1.5874e-010
3197	1.5569e-010
3198	1.5269e-010
3199	1.5004e-010
3200	1.4747e-010
3201	1.4117e-010
3202	1.4228e-010
3203	1.3937e-010
3204	1.374e-010
3205	1.375e-010
3206	1.3693e-010
3207	1.3923e-010
3208	1.2388e-010
3209	1.3675e-010
3210	1.329e-010
3211	1.4088e-010
3212	1.1878e-010
3213	1.3473e-010
3214	1.3603e-010
3215	1.0939e-010
3216	1.1186e-010
3217	1.3768e-010
3218	1.0603e-010
3219	1.2322e-010
3220	1.4958e-010
3221	1.1412e-010
3222	1.5071e-010
3223	1.0351e-010
3224	1.37e-010
3225	1.2013e-010
3226	1.0337e-010
3227	1.1193e-010
3228	8.9435e-011
3229	1.1454e-010
3230	8.5149e-011
3231	1.0644e-010
3232	8.5291e-011
3233	9.5517e-011
3234	9.3818e-011
3235	8.2752e-011
3236	1.2346e-010
3237	1.0117e-010
3238	1.2822e-010
3239	8.3345e-011
3240	8.6578e-011
3241	1.0506e-010
3242	8.6503e-011
3243	1.0072e-010
3244	8.4222e-011
3245	1.1265e-010
3246	4.1736e-010
3247	1.012e-009
3248	1.0758e-009
3249	1.8033e-009
3250	1.6306e-009
3251	6.0577e-011
3252	3.7174e-011
3253	4.1079e-011
3254	4.7489e-011
3255	4.7523e-011
3256	4.7656e-011
3257	4.8107e-011
3258	4.8992e-011
3259	5.2282e-011
3260	5.0644e-011
3261	5.2072e-011
3262	5.4745e-011
3263	5.3528e-011
3264	5.8225e-011
3265	5.6173e-011
3266	5.9061e-011
3267	5.9672e-011
3268	6.0892e-011
3269	6.3097e-011
3270	6.3077e-011
3271	6.6336e-011
3272	6.5717e-011
3273	6.9257e-011
3274	6.904e-011
3275	7.2027e-011
3276	7.2931e-011
3277	7.4006e-011
3278	7.7615e-011
3279	7.6246e-011
3280	8.176e-011
3281	8.0369e-011
3282	8.308e-011
3283	8.6562e-011
3284	8.5867e-011
3285	8.9276e-011
3286	9.2119e-011
3287	9.2276e-011
3288	9.464e-011
3289	9.9633e-011
3290	9.8848e-011
3291	1.0127e-010
3292	1.0381e-010
3293	1.0792e-010
3294	1.0876e-010
3295	1.109e-010
3296	1.1333e-010
3297	1.1636e-010
3298	1.1915e-010
3299	1.2166e-010
3300	1.2487e-010
3301	1.2703e-010
3302	1.2992e-010
3303	1.3292e-010
3304	1.3597e-010
3305	1.3904e-010
3306	1.4169e-010
3307	1.4696e-010
3308	1.4902e-010
3309	1.5282e-010
3310	1.5625e-010
3311	1.5816e-010
3312	1.6144e-010
3313	1.6909e-010
3314	1.763e-010
3315	1.7146e-010
3316	1.7118e-010
3317	1.7779e-010
3318	1.7173e-010
3319	1.6305e-010
3320	1.5964e-010
3321	1.5886e-010
3322	1.5595e-010
3323	1.5189e-010
3324	1.5332e-010
3325	1.4409e-010
3326	1.4266e-010
3327	1.3993e-010
3328	1.3703e-010
3329	1.3403e-010
3330	1.3133e-010
3331	1.3334e-010
3332	1.2774e-010
3333	1.2717e-010
3334	1.2435e-010
3335	1.1871e-010
3336	1.1854e-010
3337	1.2021e-010
3338	1.3875e-010
3339	1.1742e-010
3340	1.0966e-010
3341	1.1141e-010
3342	1.4841e-010
3343	1.104e-010
3344	1.0024e-010
3345	1.2247e-010
3346	1.0897e-010
3347	9.2069e-011
3348	1.3241e-010
3349	1.0567e-010
3350	1.0418e-010
3351	1.6329e-010
3352	8.9311e-011
3353	1.338e-010
3354	1.0656e-010
3355	1.055e-010
3356	1.0714e-010
3357	8.7389e-011
3358	1.0862e-010
3359	7.7552e-011
3360	1.0519e-010
3361	7.6528e-011
3362	9.4083e-011
3363	8.1105e-011
3364	8.2664e-011
3365	8.9519e-011
3366	8.2841e-011
3367	1.3815e-010
3368	7.7567e-011
3369	9.5589e-011
3370	6.1112e-011
3371	7.0108e-011
3372	9.3853e-011
3373	6.2118e-011
3374	7.0258e-011
3375	9.3347e-011
3376	4.292e-010
3377	9.8953e-010
3378	1.0991e-009
3379	1.7049e-009
3380	1.6488e-009
3381	1.1234e-010
3382	7.2035e-011
3383	6.0999e-011
3384	5.0046e-011
3385	5.5697e-011
3386	5.1734e-011
3387	5.3419e-011
3388	5.6367e-011
3389	5.3767e-011
3390	5.8339e-011
3391	5.8614e-011
3392	5.8044e-011
3393	6.3225e-011
3394	6.0067e-011
3395	6.535e-011
3396	6.4198e-011
3397	6.6589e-011
3398	6.8254e-011
3399	6.8674e-011
3400	7.1945e-011
3401	7.1333e-011
3402	7.5315e-011
3403	7.4702e-011
3404	7.8439e-011
3405	7.8725e-011
3406	8.1154e-011
3407	8.3605e-011
3408	8.3432e-011
3409	8.8357e-011
3410	8.6643e-011
3411	9.1682e-011
3412	9.2733e-011
3413	9.3381e-011
3414	9.7917e-011
3415	9.8612e-011
3416	1.0027e-010
3417	1.0436e-010
3418	1.0657e-010
3419	1.0632e-010
3420	1.1144e-010
3421	1.1356e-010
3422	1.1603e-010
3423	1.1703e-010
3424	1.2104e-010
3425	1.2374e-010
3426	1.2661e-010
3427	1.2923e-010
3428	1.3213e-010
3429	1.3524e-010
3430	1.3748e-010
3431	1.4126e-010
3432	1.4454e-010
3433	1.4777e-010
3434	1.5108e-010
3435	1.545e-010
3436	1.5862e-010
3437	1.6048e-010
3438	1.6551e-010
3439	1.6892e-010
3440	1.7294e-010
3441	1.7832e-010
3442	1.8316e-010
3443	1.8427e-010
3444	1.8576e-010
3445	1.9877e-010
3446	1.9973e-010
3447	1.8652e-010
3448	1.8473e-010
3449	1.8598e-010
3450	1.8203e-010
3451	1.7633e-010
3452	1.725e-010
3453	1.6989e-010
3454	1.6201e-010
3455	1.6373e-010
3456	1.5877e-010
3457	1.5566e-010
3458	1.5265e-010
3459	1.5e-010
3460	1.4749e-010
3461	1.4115e-010
3462	1.4227e-010
3463	1.3941e-010
3464	1.3737e-010
3465	1.3744e-010
3466	1.3697e-010
3467	1.3839e-010
3468	1.248e-010
3469	1.3584e-010
3470	1.3297e-010
3471	1.4098e-010
3472	1.1869e-010
3473	1.3477e-010
3474	1.3595e-010
3475	1.0936e-010
3476	1.1189e-010
3477	1.3768e-010
3478	1.0599e-010
3479	1.2318e-010
3480	1.4954e-010
3481	1.1411e-010
3482	1.5066e-010
3483	1.0349e-010
3484	1.37e-010
3485	1.2011e-010
3486	1.033e-010
3487	1.1187e-010
3488	8.9389e-011
3489	1.1446e-010
3490	8.5123e-011
3491	1.0639e-010
3492	8.5246e-011
3493	9.5484e-011
3494	9.378e-011
3495	8.2748e-011
3496	1.234e-010
3497	1.0112e-010
3498	1.2814e-010
3499	8.335e-011
3500	8.6536e-011
3501	1.0507e-010
3502	8.6489e-011
3503	1.0068e-010
3504	8.4173e-011
3505	1.1262e-010
3506	4.1737e-010
3507	1.012e-009
3508	1.0758e-009
3509	1.8034e-009
3510	1.6305e-009
3511	1.1234e-010
3512	7.2035e-011
3513	6.0999e-011
3514	5.0052e-011
3515	5.569e-011
3516	5.1734e-011
3517	5.3425e-011
3518	5.6374e-011
3519	5.3771e-011
3520	5.8331e-011
3521	5.8622e-011
3522	5.8034e-011
3523	6.3218e-011
3524	6.0062e-011
3525	6.5357e-011
3526	6.4207e-011
3527	6.658e-011
3528	6.8237e-011
3529	6.8674e-011
3530	7.1945e-011
3531	7.1333e-011
3532	7.5315e-011
3533	7.4702e-011
3534	7.8441e-011
3535	7.8727e-011
3536	8.1154e-011
3537	8.3605e-011
3538	8.3432e-011
3539	8.8357e-011
3540	8.6642e-011
3541	9.1688e-011
3542	9.2756e-011
3543	9.3375e-011
3544	9.7907e-011
3545	9.8625e-011
3546	1.0027e-010
3547	1.0437e-010
3548	1.0657e-010
3549	1.0631e-010
3550	1.1148e-010
3551	1.1356e-010
3552	1.1603e-010
3553	1.1703e-010
3554	1.2104e-010
3555	1.2376e-010
3556	1.266e-010
3557	1.2925e-010
3558	1.3214e-010
3559	1.3522e-010
3560	1.375e-010
3561	1.4127e-010
3562	1.4456e-010
3563	1.4775e-010
3564	1.5109e-010
3565	1.5452e-010
3566	1.5865e-010
3567	1.6048e-010
3568	1.6552e-010
3569	1.6894e-010
3570	1.7291e-010
3571	1.7833e-010
3572	1.8316e-010
3573	1.8427e-010
3574	1.8573e-010
3575	1.9879e-010
3576	1.9974e-010
3577	1.8655e-010
3578	1.8472e-010
3579	1.8595e-010
3580	1.8205e-010
3581	1.7635e-010
3582	1.7251e-010
3583	1.6989e-010
3584	1.6202e-010
3585	1.6374e-010
3586	1.5877e-010
3587	1.5565e-010
3588	1.5265e-010
3589	1.5e-010
3590	1.4748e-010
3591	1.412e-010
3592	1.4226e-010
3593	1.3941e-010
3594	1.3739e-010
3595	1.3738e-010
3596	1.3698e-010
3597	1.3833e-010
3598	1.2472e-010
3599	1.3579e-010
3600	1.3297e-010
3601	1.4084e-010
3602	1.1872e-010
3603	1.3465e-010
3604	1.3602e-010
3605	1.0935e-010
3606	1.1187e-010
3607	1.3768e-010
3608	1.0598e-010
3609	1.2319e-010
3610	1.4951e-010
3611	1.1411e-010
3612	1.5066e-010
3613	1.0349e-010
3614	1.37e-010
3615	1.2011e-010
3616	1.033e-010
3617	1.1187e-010
3618	8.9395e-011
3619	1.1447e-010
3620	8.5125e-011
3621	1.0639e-010
3622	8.5246e-011
3623	9.5489e-011
3624	9.3787e-011
3625	8.2751e-011
3626	1.234e-010
3627	1.0112e-010
3628	1.2815e-010
3629	8.3353e-011
3630	8.6536e-011
3631	1.0507e-010
3632	8.6489e-011
3633	1.0068e-010
3634	8.4155e-011
3635	1.1261e-010
3636	4.1737e-010
3637	1.012e-009
3638	1.0758e-009
3639	1.8034e-009
3640	1.6305e-009
3641	6.0577e-011
3642	3.7173e-011
3643	4.1077e-011
3644	4.7481e-011
3645	4.7512e-011
3646	4.7664e-011
3647	4.8109e-011
3648	4.8999e-011
3649	5.2287e-011
3650	5.0626e-011
3651	5.2057e-011
3652	5.4732e-011
3653	5.3531e-011
3654	5.8213e-011
3655	5.616e-011
3656	5.9042e-011
3657	5.9705e-011
3658	6.0873e-011
3659	6.3089e-011
3660	6.3087e-011
3661	6.6328e-011
3662	6.5712e-011
3663	6.9265e-011
3664	6.9021e-011
3665	7.2037e-011
3666	7.2922e-011
3667	7.3997e-011
3668	7.7628e-011
3669	7.63e-011
3670	8.1746e-011
3671	8.0378e-011
3672	8.3076e-011
3673	8.6589e-011
3674	8.5885e-011
3675	8.9276e-011
3676	9.2108e-011
3677	9.2296e-011
3678	9.4651e-011
3679	9.9617e-011
3680	9.8883e-011
3681	1.0127e-010
3682	1.0381e-010
3683	1.0792e-010
3684	1.0876e-010
3685	1.1088e-010
3686	1.1337e-010
3687	1.1632e-010
3688	1.1915e-010
3689	1.2163e-010
3690	1.2487e-010
3691	1.2701e-010
3692	1.2996e-010
3693	1.3292e-010
3694	1.3596e-010
3695	1.3905e-010
3696	1.4164e-010
3697	1.4699e-010
3698	1.4906e-010
3699	1.5283e-010
3700	1.5621e-010
3701	1.5813e-010
3702	1.6151e-010
3703	1.6903e-010
3704	1.7634e-010
3705	1.7143e-010
3706	1.7114e-010
3707	1.7784e-010
3708	1.7173e-010
3709	1.6307e-010
3710	1.596e-010
3711	1.5882e-010
3712	1.5594e-010
3713	1.5188e-010
3714	1.5338e-010
3715	1.441e-010
3716	1.4266e-010
3717	1.3994e-010
3718	1.3705e-010
3719	1.3397e-010
3720	1.3131e-010
3721	1.3326e-010
3722	1.2781e-010
3723	1.2721e-010
3724	1.2441e-010
3725	1.1862e-010
3726	1.1854e-010
3727	1.2035e-010
3728	1.3829e-010
3729	1.1753e-010
3730	1.0971e-010
3731	1.1121e-010
3732	1.486e-010
3733	1.1034e-010
3734	1.003e-010
3735	1.2246e-010
3736	1.0895e-010
3737	9.2066e-011
3738	1.3239e-010
3739	1.0567e-010
3740	1.0417e-010
3741	1.6328e-010
3742	8.9305e-011
3743	1.338e-010
3744	1.0658e-010
3745	1.0549e-010
3746	1.0714e-010
3747	8.7384e-011
3748	1.0862e-010
3749	7.7541e-011
3750	1.0521e-010
3751	7.6536e-011
3752	9.4073e-011
3753	8.1098e-011
3754	8.2674e-011
3755	8.9531e-011
3756	8.2834e-011
3757	1.3815e-010
3758	7.7562e-011
3759	9.5607e-011
3760	6.1117e-011
3761	7.0096e-011
3762	9.3836e-011
3763	6.2116e-011
3764	7.0248e-011
3765	9.3343e-011
3766	4.2919e-010
3767	9.8954e-010
3768	1.099e-009
3769	1.7049e-009
3770	1.6487e-009
3771	1.1229e-010
3772	7.1977e-011
3773	6.0955e-011
3774	5.0004e-011
3775	5.5657e-011
3776	5.1714e-011
3777	5.3399e-011
3778	5.6342e-011
3779	5.3759e-011
3780	5.831e-011
3781	5.8599e-011
3782	5.801e-011
3783	6.3162e-011
3784	6.0043e-011
3785	6.5342e-011
3786	6.4203e-011
3787	6.6593e-011
3788	6.8211e-011
3789	6.8615e-011
3790	7.1895e-011
3791	7.13e-011
3792	7.5285e-011
3793	7.4668e-011
3794	7.8374e-011
3795	7.8644e-011
3796	8.1154e-011
3797	8.3575e-011
3798	8.3385e-011
3799	8.8354e-011
3800	8.6668e-011
3801	9.1719e-011
3802	9.2766e-011
3803	9.3363e-011
3804	9.7912e-011
3805	9.8625e-011
3806	1.002e-010
3807	1.0433e-010
3808	1.0657e-010
3809	1.0629e-010
3810	1.1138e-010
3811	1.1353e-010
3812	1.1597e-010
3813	1.1698e-010
3814	1.2095e-010
3815	1.2375e-010
3816	1.2662e-010
3817	1.2918e-010
3818	1.3205e-010
3819	1.3509e-010
3820	1.3757e-010
3821	1.4124e-010
3822	1.4443e-010
3823	1.4778e-010
3824	1.5104e-010
3825	1.5454e-010
3826	1.5872e-010
3827	1.6049e-010
3828	1.6556e-010
3829	1.6897e-010
3830	1.7304e-010
3831	1.7841e-010
3832	1.8329e-010
3833	1.8419e-010
3834	1.86e-010
3835	1.9872e-010
3836	1.9981e-010
3837	1.8643e-010
3838	1.848e-010
3839	1.8591e-010
3840	1.8199e-010
3841	1.7624e-010
3842	1.7246e-010
3843	1.6983e-010
3844	1.6201e-010
3845	1.6361e-010
3846	1.5875e-010
3847	1.5569e-010
3848	1.5268e-010
3849	1.5001e-010
3850	1.4746e-010
3851	1.4115e-010
3852	1.4229e-010
3853	1.3937e-010
3854	1.3744e-010
3855	1.3751e-010
3856	1.3709e-010
3857	1.3859e-010
3858	1.2336e-010
3859	1.3611e-010
3860	1.3298e-010
3861	1.4093e-010
3862	1.1881e-010
3863	1.3476e-010
3864	1.3601e-010
3865	1.094e-010
3866	1.1188e-010
3867	1.3765e-010
3868	1.0603e-010
3869	1.232e-010
3870	1.4958e-010
3871	1.1416e-010
3872	1.5072e-010
3873	1.0351e-010
3874	1.3701e-010
3875	1.2014e-010
3876	1.0335e-010
3877	1.1193e-010
3878	8.9441e-011
3879	1.1452e-010
3880	8.5147e-011
3881	1.0642e-010
3882	8.5288e-011
3883	9.5511e-011
3884	9.3822e-011
3885	8.2759e-011
3886	1.2345e-010
3887	1.0117e-010
3888	1.2823e-010
3889	8.3357e-011
3890	8.6575e-011
3891	1.0503e-010
3892	8.6499e-011
3893	1.0071e-010
3894	8.4233e-011
3895	1.1263e-010
3896	4.1737e-010
3897	1.012e-009
3898	1.0757e-009
3899	1.8033e-009
3900	1.6306e-009
3901	1.1234e-010
3902	7.2024e-011
3903	6.0966e-011
3904	4.9999e-011
3905	5.565e-011
3906	5.1708e-011
3907	5.3379e-011
3908	5.6324e-011
3909	5.3698e-011
3910	5.8257e-011
3911	5.855e-011
3912	5.7966e-011
3913	6.316e-011
3914	6.0072e-011
3915	6.5366e-011
3916	6.4202e-011
3917	6.6561e-011
3918	6.8187e-011
3919	6.8609e-011
3920	7.1892e-011
3921	7.133e-011
3922	7.5318e-011
3923	7.4723e-011
3924	7.8405e-011
3925	7.8652e-011
3926	8.112e-011
3927	8.3578e-011
3928	8.3429e-011
3929	8.8396e-011
3930	8.6712e-011
3931	9.1766e-011
3932	9.2797e-011
3933	9.3354e-011
3934	9.7893e-011
3935	9.8566e-011
3936	1.0015e-010
3937	1.0429e-010
3938	1.0654e-010
3939	1.0627e-010
3940	1.1131e-010
3941	1.1349e-010
3942	1.1594e-010
3943	1.169e-010
3944	1.2088e-010
3945	1.2368e-010
3946	1.2655e-010
3947	1.292e-010
3948	1.32e-010
3949	1.3505e-010
3950	1.3748e-010
3951	1.4119e-010
3952	1.4448e-010
3953	1.4771e-010
3954	1.5097e-010
3955	1.5454e-010
3956	1.587e-010
3957	1.6047e-010
3958	1.6554e-010
3959	1.69e-010
3960	1.731e-010
3961	1.7843e-010
3962	1.8318e-010
3963	1.8424e-010
3964	1.8604e-010
3965	1.9878e-010
3966	1.9978e-010
3967	1.8648e-010
3968	1.8476e-010
3969	1.8598e-010
3970	1.8203e-010
3971	1.7621e-010
3972	1.7241e-010
3973	1.6988e-010
3974	1.6189e-010
3975	1.6375e-010
3976	1.5873e-010
3977	1.557e-010
3978	1.525e-010
3979	1.499e-010
3980	1.474e-010
3981	1.4121e-010
3982	1.4233e-010
3983	1.394e-010
3984	1.374e-010
3985	1.3753e-010
3986	1.3686e-010
3987	1.387e-010
3988	1.2088e-010
3989	1.361e-010
3990	1.3283e-010
3991	1.4089e-010
3992	1.1876e-010
3993	1.3468e-010
3994	1.3599e-010
3995	1.0939e-010
3996	1.1194e-010
3997	1.3777e-010
3998	1.0609e-010
3999	1.2328e-010
4000	1.4966e-010
4001	1.1423e-010
4002	1.5082e-010
4003	1.036e-010
4004	1.3712e-010
4005	1.2022e-010
4006	1.0343e-010
4007	1.1201e-010
4008	8.9546e-011
4009	1.1464e-010
4010	8.5243e-011
4011	1.0651e-010
4012	8.5377e-011
4013	9.5606e-011
4014	9.3904e-011
4015	8.2819e-011
4016	1.2353e-010
4017	1.0116e-010
4018	1.2824e-010
4019	8.3422e-011
4020	8.6589e-011
4021	1.051e-010
4022	8.6519e-011
4023	1.0073e-010
4024	8.4263e-011
4025	1.1269e-010
4026	4.1735e-010
4027	1.012e-009
4028	1.0758e-009
4029	1.8033e-009
4030	1.6307e-009
4031	6.0604e-011
4032	3.7163e-011
4033	4.1013e-011
4034	4.741e-011
4035	4.7479e-011
4036	4.7667e-011
4037	4.8104e-011
4038	4.8896e-011
4039	5.216e-011
4040	5.0506e-011
4041	5.1963e-011
4042	5.4684e-011
4043	5.3474e-011
4044	5.8199e-011
4045	5.6159e-011
4046	5.9004e-011
4047	5.9635e-011
4048	6.0794e-011
4049	6.304e-011
4050	6.3047e-011
4051	6.631e-011
4052	6.573e-011
4053	6.9232e-011
4054	6.8986e-011
4055	7.1909e-011
4056	7.281e-011
4057	7.3909e-011
4058	7.7712e-011
4059	7.6461e-011
4060	8.186e-011
4061	8.0488e-011
4062	8.3082e-011
4063	8.6503e-011
4064	8.5819e-011
4065	8.9248e-011
4066	9.1934e-011
4067	9.2117e-011
4068	9.4557e-011
4069	9.9391e-011
4070	9.8724e-011
4071	1.0119e-010
4072	1.0373e-010
4073	1.0771e-010
4074	1.0865e-010
4075	1.1083e-010
4076	1.1329e-010
4077	1.1622e-010
4078	1.1893e-010
4079	1.2142e-010
4080	1.2479e-010
4081	1.2701e-010
4082	1.2987e-010
4083	1.3283e-010
4084	1.3594e-010
4085	1.3911e-010
4086	1.4173e-010
4087	1.4704e-010
4088	1.4891e-010
4089	1.5278e-010
4090	1.5645e-010
4091	1.5841e-010
4092	1.6157e-010
4093	1.6916e-010
4094	1.7655e-010
4095	1.7156e-010
4096	1.7096e-010
4097	1.7782e-010
4098	1.7201e-010
4099	1.6326e-010
4100	1.5954e-010
4101	1.588e-010
4102	1.5593e-010
4103	1.5183e-010
4104	1.5342e-010
4105	1.44e-010
4106	1.4249e-010
4107	1.397e-010
4108	1.3691e-010
4109	1.3379e-010
4110	1.3129e-010
4111	1.3335e-010
4112	1.2789e-010
4113	1.2736e-010
4114	1.2441e-010
4115	1.187e-010
4116	1.1848e-010
4117	1.183e-010
4118	1.3723e-010
4119	1.1538e-010
4120	1.095e-010
4121	1.1143e-010
4122	1.4814e-010
4123	1.1049e-010
4124	1.0021e-010
4125	1.2248e-010
4126	1.0906e-010
4127	9.2143e-011
4128	1.3248e-010
4129	1.0582e-010
4130	1.043e-010
4131	1.6352e-010
4132	8.9533e-011
4133	1.3414e-010
4134	1.0677e-010
4135	1.0564e-010
4136	1.0737e-010
4137	8.755e-011
4138	1.0875e-010
4139	7.7769e-011
4140	1.0537e-010
4141	7.6727e-011
4142	9.4259e-011
4143	8.1287e-011
4144	8.2865e-011
4145	8.9772e-011
4146	8.2925e-011
4147	1.3833e-010
4148	7.7664e-011
4149	9.5648e-011
4150	6.1216e-011
4151	7.0162e-011
4152	9.3898e-011
4153	6.2206e-011
4154	7.0359e-011
4155	9.3452e-011
4156	4.2929e-010
4157	9.8953e-010
4158	1.099e-009
4159	1.7047e-009
4160	1.6491e-009
4161	1.1235e-010
4162	7.2001e-011
4163	6.0958e-011
4164	5.e-011
4165	5.565e-011
4166	5.1708e-011
4167	5.3379e-011
4168	5.6324e-011
4169	5.3697e-011
4170	5.8257e-011
4171	5.855e-011
4172	5.7968e-011
4173	6.3162e-011
4174	6.0072e-011
4175	6.5368e-011
4176	6.4204e-011
4177	6.6563e-011
4178	6.8189e-011
4179	6.8609e-011
4180	7.1892e-011
4181	7.133e-011
4182	7.532e-011
4183	7.4704e-011
4184	7.8405e-011
4185	7.8652e-011
4186	8.112e-011
4187	8.3578e-011
4188	8.3429e-011
4189	8.8394e-011
4190	8.6699e-011
4191	9.178e-011
4192	9.2801e-011
4193	9.3333e-011
4194	9.7872e-011
4195	9.8548e-011
4196	1.0016e-010
4197	1.0432e-010
4198	1.0649e-010
4199	1.0636e-010
4200	1.1131e-010
4201	1.135e-010
4202	1.1594e-010
4203	1.1688e-010
4204	1.2089e-010
4205	1.2368e-010
4206	1.2656e-010
4207	1.2921e-010
4208	1.32e-010
4209	1.3506e-010
4210	1.3748e-010
4211	1.4119e-010
4212	1.4449e-010
4213	1.4768e-010
4214	1.5097e-010
4215	1.5454e-010
4216	1.5872e-010
4217	1.6048e-010
4218	1.6554e-010
4219	1.69e-010
4220	1.731e-010
4221	1.7843e-010
4222	1.8318e-010
4223	1.8424e-010
4224	1.8604e-010
4225	1.9878e-010
4226	1.9978e-010
4227	1.8648e-010
4228	1.8476e-010
4229	1.8598e-010
4230	1.8203e-010
4231	1.7621e-010
4232	1.7241e-010
4233	1.6989e-010
4234	1.619e-010
4235	1.6375e-010
4236	1.5873e-010
4237	1.557e-010
4238	1.525e-010
4239	1.499e-010
4240	1.4741e-010
4241	1.4122e-010
4242	1.423e-010
4243	1.394e-010
4244	1.3741e-010
4245	1.3746e-010
4246	1.369e-010
4247	1.3784e-010
4248	1.2227e-010
4249	1.3524e-010
4250	1.3289e-010
4251	1.4084e-010
4252	1.1875e-010
4253	1.3469e-010
4254	1.3602e-010
4255	1.0942e-010
4256	1.1194e-010
4257	1.3775e-010
4258	1.0609e-010
4259	1.2327e-010
4260	1.4966e-010
4261	1.1423e-010
4262	1.5079e-010
4263	1.036e-010
4264	1.3713e-010
4265	1.2023e-010
4266	1.0344e-010
4267	1.1201e-010
4268	8.9546e-011
4269	1.1464e-010
4270	8.5235e-011
4271	1.0652e-010
4272	8.5382e-011
4273	9.5606e-011
4274	9.3904e-011
4275	8.2819e-011
4276	1.2352e-010
4277	1.0116e-010
4278	1.2824e-010
4279	8.3422e-011
4280	8.6581e-011
4281	1.051e-010
4282	8.6524e-011
4283	1.0073e-010
4284	8.4264e-011
4285	1.1269e-010
4286	4.1735e-010
4287	1.012e-009
4288	1.0758e-009
4289	1.8033e-009
4290	1.6307e-009
4291	1.123e-010
4292	7.1996e-011
4293	6.0962e-011
4294	5.0008e-011
4295	5.5659e-011
4296	5.1715e-011
4297	5.3403e-011
4298	5.6335e-011
4299	5.3763e-011
4300	5.831e-011
4301	5.8606e-011
4302	5.8005e-011
4303	6.3167e-011
4304	6.0043e-011
4305	6.5342e-011
4306	6.4212e-011
4307	6.6583e-011
4308	6.8211e-011
4309	6.8618e-011
4310	7.1899e-011
4311	7.1313e-011
4312	7.5276e-011
4313	7.4671e-011
4314	7.8374e-011
4315	7.8644e-011
4316	8.1154e-011
4317	8.3578e-011
4318	8.3387e-011
4319	8.8354e-011
4320	8.665e-011
4321	9.1725e-011
4322	9.278e-011
4323	9.3378e-011
4324	9.7922e-011
4325	9.8607e-011
4326	1.0022e-010
4327	1.0433e-010
4328	1.0656e-010
4329	1.0633e-010
4330	1.1141e-010
4331	1.1348e-010
4332	1.1593e-010
4333	1.1699e-010
4334	1.2097e-010
4335	1.2377e-010
4336	1.2662e-010
4337	1.292e-010
4338	1.3204e-010
4339	1.3512e-010
4340	1.3755e-010
4341	1.4118e-010
4342	1.4444e-010
4343	1.4776e-010
4344	1.5107e-010
4345	1.5457e-010
4346	1.5871e-010
4347	1.6051e-010
4348	1.6552e-010
4349	1.6898e-010
4350	1.7304e-010
4351	1.7838e-010
4352	1.8323e-010
4353	1.8422e-010
4354	1.86e-010
4355	1.9872e-010
4356	1.9985e-010
4357	1.8641e-010
4358	1.848e-010
4359	1.8591e-010
4360	1.8201e-010
4361	1.7628e-010
4362	1.7245e-010
4363	1.6979e-010
4364	1.6203e-010
4365	1.6362e-010
4366	1.5875e-010
4367	1.5569e-010
4368	1.5267e-010
4369	1.5e-010
4370	1.4745e-010
4371	1.4115e-010
4372	1.4232e-010
4373	1.3935e-010
4374	1.3739e-010
4375	1.3748e-010
4376	1.3706e-010
4377	1.3795e-010
4378	1.2464e-010
4379	1.3543e-010
4380	1.3304e-010
4381	1.4085e-010
4382	1.188e-010
4383	1.3467e-010
4384	1.3601e-010
4385	1.0941e-010
4386	1.1188e-010
4387	1.3767e-010
4388	1.0602e-010
4389	1.232e-010
4390	1.4956e-010
4391	1.1415e-010
4392	1.5072e-010
4393	1.0351e-010
4394	1.3701e-010
4395	1.2015e-010
4396	1.0336e-010
4397	1.1194e-010
4398	8.9443e-011
4399	1.1453e-010
4400	8.515e-011
4401	1.0644e-010
4402	8.5279e-011
4403	9.5511e-011
4404	9.381e-011
4405	8.2767e-011
4406	1.2341e-010
4407	1.0115e-010
4408	1.2824e-010
4409	8.3364e-011
4410	8.6584e-011
4411	1.0504e-010
4412	8.65e-011
4413	1.0068e-010
4414	8.4226e-011
4415	1.1264e-010
4416	4.174e-010
4417	1.012e-009
4418	1.0757e-009
4419	1.8033e-009
4420	1.6306e-009
4421	6.0575e-011
4422	3.717e-011
4423	4.1073e-011
4424	4.7478e-011
4425	4.7503e-011
4426	4.7653e-011
4427	4.8098e-011
4428	4.8997e-011
4429	5.229e-011
4430	5.0622e-011
4431	5.2062e-011
4432	5.4752e-011
4433	5.3537e-011
4434	5.8206e-011
4435	5.6153e-011
4436	5.9042e-011
4437	5.9708e-011
4438	6.0899e-011
4439	6.3076e-011
4440	6.3067e-011
4441	6.6285e-011
4442	6.5698e-011
4443	6.9248e-011
4444	6.9042e-011
4445	7.2025e-011
4446	7.2905e-011
4447	7.3985e-011
4448	7.7644e-011
4449	7.6313e-011
4450	8.1752e-011
4451	8.0372e-011
4452	8.3047e-011
4453	8.6593e-011
4454	8.5877e-011
4455	8.9287e-011
4456	9.2077e-011
4457	9.2294e-011
4458	9.4685e-011
4459	9.9484e-011
4460	9.8942e-011
4461	1.0124e-010
4462	1.0383e-010
4463	1.0793e-010
4464	1.0874e-010
4465	1.1093e-010
4466	1.1338e-010
4467	1.1636e-010
4468	1.1914e-010
4469	1.2163e-010
4470	1.2484e-010
4471	1.2702e-010
4472	1.2992e-010
4473	1.3294e-010
4474	1.3595e-010
4475	1.3906e-010
4476	1.417e-010
4477	1.4697e-010
4478	1.4905e-010
4479	1.5287e-010
4480	1.562e-010
4481	1.5815e-010
4482	1.616e-010
4483	1.6902e-010
4484	1.7643e-010
4485	1.7142e-010
4486	1.7108e-010
4487	1.779e-010
4488	1.7175e-010
4489	1.6306e-010
4490	1.5965e-010
4491	1.5879e-010
4492	1.5599e-010
4493	1.5184e-010
4494	1.5332e-010
4495	1.4408e-010
4496	1.4266e-010
4497	1.3991e-010
4498	1.3705e-010
4499	1.3401e-010
4500	1.313e-010
4501	1.333e-010
4502	1.2782e-010
4503	1.2719e-010
4504	1.2435e-010
4505	1.1869e-010
4506	1.1863e-010
4507	1.2019e-010
4508	1.3995e-010
4509	1.1732e-010
4510	1.0975e-010
4511	1.1145e-010
4512	1.4822e-010
4513	1.1047e-010
4514	1.0024e-010
4515	1.2244e-010
4516	1.0899e-010
4517	9.2055e-011
4518	1.3241e-010
4519	1.0563e-010
4520	1.0417e-010
4521	1.6327e-010
4522	8.9324e-011
4523	1.338e-010
4524	1.0663e-010
4525	1.0547e-010
4526	1.0717e-010
4527	8.7378e-011
4528	1.0863e-010
4529	7.7583e-011
4530	1.0519e-010
4531	7.6547e-011
4532	9.4061e-011
4533	8.1103e-011
4534	8.267e-011
4535	8.9526e-011
4536	8.2822e-011
4537	1.3813e-010
4538	7.758e-011
4539	9.5586e-011
4540	6.1113e-011
4541	7.0108e-011
4542	9.3817e-011
4543	6.2129e-011
4544	7.0258e-011
4545	9.3323e-011
4546	4.2917e-010
4547	9.8959e-010
4548	1.099e-009
4549	1.7048e-009
4550	1.6487e-009
4551	1.1234e-010
4552	7.2012e-011
4553	6.1e-011
4554	5.0052e-011
4555	5.5693e-011
4556	5.1732e-011
4557	5.3416e-011
4558	5.6364e-011
4559	5.3779e-011
4560	5.8335e-011
4561	5.8627e-011
4562	5.8036e-011
4563	6.3191e-011
4564	6.0069e-011
4565	6.5365e-011
4566	6.4199e-011
4567	6.6587e-011
4568	6.8249e-011
4569	6.8683e-011
4570	7.1919e-011
4571	7.134e-011
4572	7.5292e-011
4573	7.4693e-011
4574	7.8444e-011
4575	7.8695e-011
4576	8.1148e-011
4577	8.3588e-011
4578	8.3438e-011
4579	8.8371e-011
4580	8.6655e-011
4581	9.1688e-011
4582	9.2746e-011
4583	9.3382e-011
4584	9.7907e-011
4585	9.8605e-011
4586	1.0026e-010
4587	1.0437e-010
4588	1.0643e-010
4589	1.0653e-010
4590	1.1133e-010
4591	1.1354e-010
4592	1.1602e-010
4593	1.1703e-010
4594	1.2103e-010
4595	1.2379e-010
4596	1.2662e-010
4597	1.2927e-010
4598	1.3216e-010
4599	1.3519e-010
4600	1.375e-010
4601	1.4127e-010
4602	1.4459e-010
4603	1.4772e-010
4604	1.5103e-010
4605	1.5453e-010
4606	1.5865e-010
4607	1.6044e-010
4608	1.6552e-010
4609	1.6894e-010
4610	1.7287e-010
4611	1.7835e-010
4612	1.8313e-010
4613	1.843e-010
4614	1.8575e-010
4615	1.9879e-010
4616	1.9972e-010
4617	1.8656e-010
4618	1.8475e-010
4619	1.8592e-010
4620	1.8209e-010
4621	1.7629e-010
4622	1.7252e-010
4623	1.6987e-010
4624	1.6205e-010
4625	1.6371e-010
4626	1.5877e-010
4627	1.5568e-010
4628	1.527e-010
4629	1.5002e-010
4630	1.4746e-010
4631	1.4116e-010
4632	1.4228e-010
4633	1.394e-010
4634	1.373e-010
4635	1.3752e-010
4636	1.3707e-010
4637	1.4019e-010
4638	1.2322e-010
4639	1.3767e-010
4640	1.3303e-010
4641	1.4087e-010
4642	1.1875e-010
4643	1.3464e-010
4644	1.3597e-010
4645	1.0938e-010
4646	1.1188e-010
4647	1.3768e-010
4648	1.06e-010
4649	1.2316e-010
4650	1.4952e-010
4651	1.1414e-010
4652	1.507e-010
4653	1.0349e-010
4654	1.3699e-010
4655	1.201e-010
4656	1.033e-010
4657	1.1187e-010
4658	8.9381e-011
4659	1.145e-010
4660	8.5128e-011
4661	1.0641e-010
4662	8.5242e-011
4663	9.5481e-011
4664	9.38e-011
4665	8.2744e-011
4666	1.234e-010
4667	1.011e-010
4668	1.2814e-010
4669	8.3356e-011
4670	8.6533e-011
4671	1.0505e-010
4672	8.6493e-011
4673	1.0071e-010
4674	8.4168e-011
4675	1.1261e-010
4676	4.1739e-010
4677	1.012e-009
4678	1.0758e-009
4679	1.8034e-009
4680	1.6305e-009
4681	1.037e-010
4682	7.9817e-011
4683	6.7622e-011
4684	6.4903e-011
4685	7.1533e-011
4686	7.0116e-011
4687	7.1515e-011
4688	7.5373e-011
4689	7.6091e-011
4690	7.7799e-011
4691	7.9222e-011
4692	8.0746e-011
4693	8.366e-011
4694	8.5089e-011
4695	8.7229e-011
4696	8.8478e-011
4697	9.0608e-011
4698	9.2916e-011
4699	9.4658e-011
4700	9.7273e-011
4701	9.9156e-011
4702	1.0165e-010
4703	1.0382e-010
4704	1.0624e-010
4705	1.0868e-010
4706	1.1101e-010
4707	1.1341e-010
4708	1.1649e-010
4709	1.1889e-010
4710	1.2181e-010
4711	1.2423e-010
4712	1.2686e-010
4713	1.3016e-010
4714	1.3272e-010
4715	1.3579e-010
4716	1.3912e-010
4717	1.418e-010
4718	1.4527e-010
4719	1.4883e-010
4720	1.5198e-010
4721	1.5472e-010
4722	1.5901e-010
4723	1.6231e-010
4724	1.6639e-010
4725	1.6953e-010
4726	1.732e-010
4727	1.7741e-010
4728	1.8149e-010
4729	1.858e-010
4730	1.8966e-010
4731	1.9417e-010
4732	1.9844e-010
4733	2.0282e-010
4734	2.0744e-010
4735	2.1196e-010
4736	2.1748e-010
4737	2.217e-010
4738	2.2767e-010
4739	2.3239e-010
4740	2.3721e-010
4741	2.422e-010
4742	2.4907e-010
4743	2.553e-010
4744	2.592e-010
4745	2.6694e-010
4746	2.6779e-010
4747	2.6041e-010
4748	2.5691e-010
4749	2.5149e-010
4750	2.4441e-010
4751	2.4024e-010
4752	2.3625e-010
4753	2.3265e-010
4754	2.2503e-010
4755	2.226e-010
4756	2.1594e-010
4757	2.117e-010
4758	2.0744e-010
4759	2.0345e-010
4760	2.0056e-010
4761	1.9528e-010
4762	1.9382e-010
4763	1.9055e-010
4764	1.8616e-010
4765	1.7869e-010
4766	1.7888e-010
4767	1.8666e-010
4768	1.7903e-010
4769	1.8168e-010
4770	1.6226e-010
4771	1.7587e-010
4772	1.7918e-010
4773	1.6666e-010
4774	1.5883e-010
4775	1.6027e-010
4776	1.4872e-010
4777	1.5624e-010
4778	1.615e-010
4779	1.4205e-010
4780	1.5984e-010
4781	1.8219e-010
4782	1.5995e-010
4783	1.5448e-010
4784	1.3181e-010
4785	1.2572e-010
4786	1.2134e-010
4787	1.2058e-010
4788	1.212e-010
4789	1.2044e-010
4790	1.1587e-010
4791	1.1307e-010
4792	1.021e-010
4793	1.022e-010
4794	9.6469e-011
4795	9.3063e-011
4796	1.274e-010
4797	1.4767e-010
4798	1.3012e-010
4799	9.2088e-011
4800	8.4628e-011
4801	1.0696e-010
4802	1.2844e-010
4803	9.2342e-011
4804	9.7791e-011
4805	9.9722e-011
4806	2.92e-010
4807	5.907e-010
4808	5.1815e-010
4809	1.1176e-009
4810	1.0513e-009
4811	1.2925e-010
4812	1.0104e-010
4813	8.2897e-011
4814	7.3485e-011
4815	7.2602e-011
4816	7.5524e-011
4817	7.764e-011
4818	7.9743e-011
4819	7.9976e-011
4820	8.3788e-011
4821	8.4989e-011
4822	8.57e-011
4823	8.9899e-011
4824	8.9177e-011
4825	9.3614e-011
4826	9.4123e-011
4827	9.6779e-011
4828	9.8959e-011
4829	1.0059e-010
4830	1.0383e-010
4831	1.0481e-010
4832	1.088e-010
4833	1.0964e-010
4834	1.1358e-010
4835	1.1494e-010
4836	1.1809e-010
4837	1.2145e-010
4838	1.2227e-010
4839	1.2783e-010
4840	1.2758e-010
4841	1.3312e-010
4842	1.3531e-010
4843	1.3683e-010
4844	1.422e-010
4845	1.4404e-010
4846	1.4666e-010
4847	1.5185e-010
4848	1.5476e-010
4849	1.5623e-010
4850	1.618e-010
4851	1.6563e-010
4852	1.687e-010
4853	1.7141e-010
4854	1.7617e-010
4855	1.8062e-010
4856	1.8484e-010
4857	1.8867e-010
4858	1.9263e-010
4859	1.9695e-010
4860	2.011e-010
4861	2.0599e-010
4862	2.1086e-010
4863	2.1568e-010
4864	2.2049e-010
4865	2.2552e-010
4866	2.3063e-010
4867	2.3504e-010
4868	2.4099e-010
4869	2.4651e-010
4870	2.523e-010
4871	2.5962e-010
4872	2.6576e-010
4873	2.6887e-010
4874	2.7404e-010
4875	2.8624e-010
4876	2.8692e-010
4877	2.7492e-010
4878	2.6993e-010
4879	2.688e-010
4880	2.6396e-010
4881	2.5688e-010
4882	2.5151e-010
4883	2.4553e-010
4884	2.3868e-010
4885	2.3592e-010
4886	2.3136e-010
4887	2.2652e-010
4888	2.2226e-010
4889	2.1805e-010
4890	2.1269e-010
4891	2.0672e-010
4892	2.046e-010
4893	2.0233e-010
4894	1.9938e-010
4895	1.9779e-010
4896	1.9775e-010
4897	1.9447e-010
4898	1.806e-010
4899	1.9105e-010
4900	1.8848e-010
4901	1.9115e-010
4902	1.7248e-010
4903	1.8184e-010
4904	1.8564e-010
4905	1.5775e-010
4906	1.5696e-010
4907	1.8462e-010
4908	1.5259e-010
4909	1.5981e-010
4910	1.8657e-010
4911	1.6556e-010
4912	1.932e-010
4913	1.4165e-010
4914	1.5701e-010
4915	1.4036e-010
4916	1.2247e-010
4917	1.4078e-010
4918	1.2073e-010
4919	1.3989e-010
4920	1.1672e-010
4921	1.2821e-010
4922	1.0887e-010
4923	1.1288e-010
4924	1.0869e-010
4925	1.0185e-010
4926	1.4437e-010
4927	1.4153e-010
4928	1.4757e-010
4929	9.6313e-011
4930	9.9495e-011
4931	1.2152e-010
4932	1.2616e-010
4933	1.1626e-010
4934	9.9944e-011
4935	1.1215e-010
4936	3.2244e-010
4937	5.2817e-010
4938	4.4195e-010
4939	1.2422e-009
4940	9.1e-010
4941	1.0368e-010
4942	7.9807e-011
4943	6.7618e-011
4944	6.4908e-011
4945	7.1524e-011
4946	7.0117e-011
4947	7.1501e-011
4948	7.5336e-011
4949	7.6049e-011
4950	7.7783e-011
4951	7.922e-011
4952	8.0755e-011
4953	8.3649e-011
4954	8.5061e-011
4955	8.721e-011
4956	8.8457e-011
4957	9.063e-011
4958	9.2949e-011
4959	9.4682e-011
4960	9.7288e-011
4961	9.9168e-011
4962	1.0166e-010
4963	1.0378e-010
4964	1.0622e-010
4965	1.0869e-010
4966	1.1099e-010
4967	1.1342e-010
4968	1.1646e-010
4969	1.1889e-010
4970	1.2186e-010
4971	1.243e-010
4972	1.2689e-010
4973	1.3014e-010
4974	1.3266e-010
4975	1.3572e-010
4976	1.3909e-010
4977	1.4173e-010
4978	1.4534e-010
4979	1.4858e-010
4980	1.5206e-010
4981	1.5472e-010
4982	1.5906e-010
4983	1.623e-010
4984	1.6632e-010
4985	1.6942e-010
4986	1.7317e-010
4987	1.7739e-010
4988	1.8147e-010
4989	1.8566e-010
4990	1.8971e-010
4991	1.9418e-010
4992	1.9837e-010
4993	2.0279e-010
4994	2.0729e-010
4995	2.119e-010
4996	2.1751e-010
4997	2.2169e-010
4998	2.2767e-010
4999	2.3239e-010
5000	2.3724e-010
5001	2.4222e-010
5002	2.4914e-010
5003	2.5519e-010
5004	2.5929e-010
5005	2.6687e-010
5006	2.68e-010
5007	2.6042e-010
5008	2.5693e-010
5009	2.5154e-010
5010	2.4449e-010
5011	2.4015e-010
5012	2.3619e-010
5013	2.3264e-010
5014	2.2499e-010
5015	2.2261e-010
5016	2.16e-010
5017	2.1189e-010
5018	2.0751e-010
5019	2.0339e-010
5020	2.0096e-010
5021	1.9469e-010
5022	1.942e-010
5023	1.9039e-010
5024	1.8613e-010
5025	1.7858e-010
5026	1.7886e-010
5027	1.8665e-010
5028	1.7898e-010
5029	1.8169e-010
5030	1.6223e-010
5031	1.7575e-010
5032	1.7909e-010
5033	1.666e-010
5034	1.5883e-010
5035	1.6033e-010
5036	1.4875e-010
5037	1.5623e-010
5038	1.6153e-010
5039	1.4212e-010
5040	1.5983e-010
5041	1.8223e-010
5042	1.5992e-010
5043	1.5455e-010
5044	1.3184e-010
5045	1.2572e-010
5046	1.2142e-010
5047	1.2062e-010
5048	1.2124e-010
5049	1.204e-010
5050	1.1591e-010
5051	1.1314e-010
5052	1.0213e-010
5053	1.0226e-010
5054	9.6488e-011
5055	9.3092e-011
5056	1.2743e-010
5057	1.4774e-010
5058	1.301e-010
5059	9.2089e-011
5060	8.4584e-011
5061	1.0691e-010
5062	1.284e-010
5063	9.2312e-011
5064	9.7796e-011
5065	9.9745e-011
5066	2.9199e-010
5067	5.9062e-010
5068	5.1819e-010
5069	1.1175e-009
5070	1.0513e-009
5071	1.0365e-010
5072	7.9767e-011
5073	6.755e-011
5074	6.4828e-011
5075	7.1451e-011
5076	7.0032e-011
5077	7.1446e-011
5078	7.5298e-011
5079	7.6023e-011
5080	7.7739e-011
5081	7.9167e-011
5082	8.0707e-011
5083	8.3628e-011
5084	8.5039e-011
5085	8.7161e-011
5086	8.8362e-011
5087	9.0494e-011
5088	9.2803e-011
5089	9.4597e-011
5090	9.723e-011
5091	9.9108e-011
5092	1.0162e-010
5093	1.0378e-010
5094	1.0623e-010
5095	1.0864e-010
5096	1.1094e-010
5097	1.133e-010
5098	1.1638e-010
5099	1.1875e-010
5100	1.2172e-010
5101	1.2417e-010
5102	1.2681e-010
5103	1.3012e-010
5104	1.3264e-010
5105	1.3569e-010
5106	1.3902e-010
5107	1.4173e-010
5108	1.4523e-010
5109	1.487e-010
5110	1.5183e-010
5111	1.5455e-010
5112	1.5888e-010
5113	1.6219e-010
5114	1.6621e-010
5115	1.6935e-010
5116	1.7301e-010
5117	1.7733e-010
5118	1.8141e-010
5119	1.8566e-010
5120	1.8958e-010
5121	1.9392e-010
5122	1.9823e-010
5123	2.0269e-010
5124	2.0721e-010
5125	2.1184e-010
5126	2.1748e-010
5127	2.2163e-010
5128	2.2764e-010
5129	2.3249e-010
5130	2.3749e-010
5131	2.4241e-010
5132	2.4919e-010
5133	2.5527e-010
5134	2.5932e-010
5135	2.6701e-010
5136	2.6804e-010
5137	2.6047e-010
5138	2.5695e-010
5139	2.5142e-010
5140	2.4444e-010
5141	2.4009e-010
5142	2.3629e-010
5143	2.3279e-010
5144	2.2489e-010
5145	2.2257e-010
5146	2.1598e-010
5147	2.1184e-010
5148	2.0738e-010
5149	2.0315e-010
5150	2.0088e-010
5151	1.9459e-010
5152	1.9419e-010
5153	1.9043e-010
5154	1.8617e-010
5155	1.7862e-010
5156	1.7886e-010
5157	1.8639e-010
5158	1.7916e-010
5159	1.8153e-010
5160	1.6227e-010
5161	1.7568e-010
5162	1.791e-010
5163	1.6656e-010
5164	1.5888e-010
5165	1.6038e-010
5166	1.4882e-010
5167	1.5632e-010
5168	1.6173e-010
5169	1.4227e-010
5170	1.6004e-010
5171	1.8248e-010
5172	1.6013e-010
5173	1.5476e-010
5174	1.3204e-010
5175	1.2594e-010
5176	1.2161e-010
5177	1.2081e-010
5178	1.2147e-010
5179	1.2063e-010
5180	1.1612e-010
5181	1.1329e-010
5182	1.0232e-010
5183	1.0241e-010
5184	9.6625e-011
5185	9.3189e-011
5186	1.275e-010
5187	1.4782e-010
5188	1.3018e-010
5189	9.222e-011
5190	8.4701e-011
5191	1.0699e-010
5192	1.2846e-010
5193	9.2391e-011
5194	9.7871e-011
5195	9.9802e-011
5196	2.9206e-010
5197	5.9076e-010
5198	5.1828e-010
5199	1.1176e-009
5200	1.0515e-009
5201	1.2936e-010
5202	1.0105e-010
5203	8.2828e-011
5204	7.3414e-011
5205	7.2493e-011
5206	7.5411e-011
5207	7.7585e-011
5208	7.9675e-011
5209	7.9916e-011
5210	8.369e-011
5211	8.4855e-011
5212	8.5584e-011
5213	8.9845e-011
5214	8.9212e-011
5215	9.3609e-011
5216	9.3995e-011
5217	9.6616e-011
5218	9.8769e-011
5219	1.0047e-010
5220	1.0384e-010
5221	1.048e-010
5222	1.0881e-010
5223	1.0965e-010
5224	1.1364e-010
5225	1.1493e-010
5226	1.1807e-010
5227	1.214e-010
5228	1.222e-010
5229	1.2772e-010
5230	1.2756e-010
5231	1.3306e-010
5232	1.3522e-010
5233	1.3679e-010
5234	1.4206e-010
5235	1.439e-010
5236	1.4656e-010
5237	1.5178e-010
5238	1.5487e-010
5239	1.5607e-010
5240	1.6169e-010
5241	1.655e-010
5242	1.6859e-010
5243	1.7118e-010
5244	1.7592e-010
5245	1.8035e-010
5246	1.8462e-010
5247	1.885e-010
5248	1.9258e-010
5249	1.9682e-010
5250	2.009e-010
5251	2.0569e-010
5252	2.1064e-010
5253	2.1556e-010
5254	2.2027e-010
5255	2.2536e-010
5256	2.3057e-010
5257	2.3501e-010
5258	2.4085e-010
5259	2.468e-010
5260	2.527e-010
5261	2.5991e-010
5262	2.6582e-010
5263	2.6904e-010
5264	2.7422e-010
5265	2.8639e-010
5266	2.8702e-010
5267	2.7513e-010
5268	2.6999e-010
5269	2.688e-010
5270	2.6399e-010
5271	2.5685e-010
5272	2.5142e-010
5273	2.4562e-010
5274	2.3879e-010
5275	2.3586e-010
5276	2.3162e-010
5277	2.265e-010
5278	2.2191e-010
5279	2.1766e-010
5280	2.1254e-010
5281	2.0666e-010
5282	2.0458e-010
5283	2.0229e-010
5284	1.993e-010
5285	1.9772e-010
5286	1.9753e-010
5287	1.9435e-010
5288	1.8081e-010
5289	1.9113e-010
5290	1.8842e-010
5291	1.9122e-010
5292	1.7237e-010
5293	1.8194e-010
5294	1.8563e-010
5295	1.5784e-010
5296	1.5699e-010
5297	1.8481e-010
5298	1.528e-010
5299	1.6007e-010
5300	1.8687e-010
5301	1.6587e-010
5302	1.9348e-010
5303	1.4198e-010
5304	1.5737e-010
5305	1.4068e-010
5306	1.2286e-010
5307	1.4116e-010
5308	1.212e-010
5309	1.4031e-010
5310	1.1716e-010
5311	1.2851e-010
5312	1.092e-010
5313	1.1318e-010
5314	1.0889e-010
5315	1.0207e-010
5316	1.4451e-010
5317	1.4166e-010
5318	1.477e-010
5319	9.6458e-011
5320	9.967e-011
5321	1.2165e-010
5322	1.2621e-010
5323	1.1635e-010
5324	1.0007e-010
5325	1.1227e-010
5326	3.225e-010
5327	5.2827e-010
5328	4.4215e-010
5329	1.2422e-009
5330	9.1029e-010
5331	1.0365e-010
5332	7.9777e-011
5333	6.7551e-011
5334	6.4829e-011
5335	7.1451e-011
5336	7.0032e-011
5337	7.1446e-011
5338	7.5298e-011
5339	7.6022e-011
5340	7.7738e-011
5341	7.9166e-011
5342	8.0702e-011
5343	8.3626e-011
5344	8.5039e-011
5345	8.7158e-011
5346	8.836e-011
5347	9.0493e-011
5348	9.2802e-011
5349	9.4597e-011
5350	9.723e-011
5351	9.9109e-011
5352	1.0162e-010
5353	1.0377e-010
5354	1.0623e-010
5355	1.0864e-010
5356	1.1094e-010
5357	1.133e-010
5358	1.1638e-010
5359	1.1875e-010
5360	1.2172e-010
5361	1.2417e-010
5362	1.2683e-010
5363	1.3012e-010
5364	1.3264e-010
5365	1.3569e-010
5366	1.3901e-010
5367	1.4173e-010
5368	1.4532e-010
5369	1.4856e-010
5370	1.5194e-010
5371	1.5454e-010
5372	1.5888e-010
5373	1.6217e-010
5374	1.6623e-010
5375	1.6935e-010
5376	1.7304e-010
5377	1.7733e-010
5378	1.8141e-010
5379	1.8566e-010
5380	1.8958e-010
5381	1.9393e-010
5382	1.9823e-010
5383	2.0269e-010
5384	2.072e-010
5385	2.1184e-010
5386	2.1748e-010
5387	2.2162e-010
5388	2.2763e-010
5389	2.3249e-010
5390	2.3749e-010
5391	2.4241e-010
5392	2.4919e-010
5393	2.5527e-010
5394	2.5931e-010
5395	2.6701e-010
5396	2.6804e-010
5397	2.6047e-010
5398	2.5695e-010
5399	2.5145e-010
5400	2.4443e-010
5401	2.4009e-010
5402	2.363e-010
5403	2.3279e-010
5404	2.2489e-010
5405	2.2261e-010
5406	2.1594e-010
5407	2.1184e-010
5408	2.0737e-010
5409	2.0326e-010
5410	2.0042e-010
5411	1.9522e-010
5412	1.9375e-010
5413	1.9052e-010
5414	1.8618e-010
5415	1.7864e-010
5416	1.7878e-010
5417	1.8649e-010
5418	1.7929e-010
5419	1.8166e-010
5420	1.6228e-010
5421	1.7567e-010
5422	1.7911e-010
5423	1.6659e-010
5424	1.5885e-010
5425	1.6038e-010
5426	1.4882e-010
5427	1.5635e-010
5428	1.617e-010
5429	1.4227e-010
5430	1.6004e-010
5431	1.8246e-010
5432	1.6012e-010
5433	1.5476e-010
5434	1.3204e-010
5435	1.2594e-010
5436	1.2161e-010
5437	1.208e-010
5438	1.2148e-010
5439	1.2062e-010
5440	1.1612e-010
5441	1.1329e-010
5442	1.0233e-010
5443	1.0241e-010
5444	9.6626e-011
5445	9.319e-011
5446	1.275e-010
5447	1.4782e-010
5448	1.3018e-010
5449	9.2221e-011
5450	8.47e-011
5451	1.07e-010
5452	1.2846e-010
5453	9.2391e-011
5454	9.7872e-011
5455	9.9804e-011
5456	2.9205e-010
5457	5.9075e-010
5458	5.1826e-010
5459	1.1176e-009
5460	1.0516e-009
5461	1.0366e-010
5462	7.98e-011
5463	6.7617e-011
5464	6.4904e-011
5465	7.1535e-011
5466	7.0117e-011
5467	7.1496e-011
5468	7.5344e-011
5469	7.6048e-011
5470	7.7782e-011
5471	7.9213e-011
5472	8.0745e-011
5473	8.3642e-011
5474	8.506e-011
5475	8.7208e-011
5476	8.8455e-011
5477	9.0631e-011
5478	9.2947e-011
5479	9.4678e-011
5480	9.73e-011
5481	9.9178e-011
5482	1.0166e-010
5483	1.0381e-010
5484	1.0622e-010
5485	1.087e-010
5486	1.1099e-010
5487	1.1341e-010
5488	1.1647e-010
5489	1.1888e-010
5490	1.2185e-010
5491	1.2432e-010
5492	1.2689e-010
5493	1.3013e-010
5494	1.3265e-010
5495	1.3572e-010
5496	1.3908e-010
5497	1.4173e-010
5498	1.4539e-010
5499	1.4862e-010
5500	1.5209e-010
5501	1.5469e-010
5502	1.5904e-010
5503	1.6229e-010
5504	1.6632e-010
5505	1.6942e-010
5506	1.7317e-010
5507	1.7739e-010
5508	1.8147e-010
5509	1.8569e-010
5510	1.8972e-010
5511	1.9417e-010
5512	1.9836e-010
5513	2.0282e-010
5514	2.0728e-010
5515	2.119e-010
5516	2.1751e-010
5517	2.2168e-010
5518	2.2767e-010
5519	2.3238e-010
5520	2.3723e-010
5521	2.422e-010
5522	2.4912e-010
5523	2.5518e-010
5524	2.5929e-010
5525	2.6686e-010
5526	2.6797e-010
5527	2.6041e-010
5528	2.5693e-010
5529	2.5154e-010
5530	2.4448e-010
5531	2.4013e-010
5532	2.3619e-010
5533	2.3264e-010
5534	2.2499e-010
5535	2.2261e-010
5536	2.16e-010
5537	2.1185e-010
5538	2.0746e-010
5539	2.0348e-010
5540	2.0054e-010
5541	1.9532e-010
5542	1.9379e-010
5543	1.9051e-010
5544	1.8613e-010
5545	1.7858e-010
5546	1.7889e-010
5547	1.8643e-010
5548	1.7947e-010
5549	1.8153e-010
5550	1.6233e-010
5551	1.7568e-010
5552	1.7909e-010
5553	1.6656e-010
5554	1.5883e-010
5555	1.6033e-010
5556	1.4875e-010
5557	1.5624e-010
5558	1.6155e-010
5559	1.421e-010
5560	1.5987e-010
5561	1.8223e-010
5562	1.5991e-010
5563	1.5455e-010
5564	1.3183e-010
5565	1.2571e-010
5566	1.2143e-010
5567	1.2061e-010
5568	1.2124e-010
5569	1.204e-010
5570	1.1592e-010
5571	1.1313e-010
5572	1.0215e-010
5573	1.0226e-010
5574	9.6488e-011
5575	9.3092e-011
5576	1.2743e-010
5577	1.4774e-010
5578	1.301e-010
5579	9.2093e-011
5580	8.4591e-011
5581	1.069e-010
5582	1.2839e-010
5583	9.2311e-011
5584	9.7796e-011
5585	9.9742e-011
5586	2.9199e-010
5587	5.9064e-010
5588	5.1819e-010
5589	1.1175e-009
5590	1.0513e-009
5591	1.2926e-010
5592	1.0102e-010
5593	8.2905e-011
5594	7.3478e-011
5595	7.2586e-011
5596	7.5517e-011
5597	7.7648e-011
5598	7.9736e-011
5599	7.9985e-011
5600	8.3795e-011
5601	8.499e-011
5602	8.5712e-011
5603	8.9901e-011
5604	8.9188e-011
5605	9.36e-011
5606	9.4126e-011
5607	9.6781e-011
5608	9.8917e-011
5609	1.0056e-010
5610	1.0384e-010
5611	1.0478e-010
5612	1.0881e-010
5613	1.0964e-010
5614	1.136e-010
5615	1.1496e-010
5616	1.1811e-010
5617	1.2147e-010
5618	1.2229e-010
5619	1.278e-010
5620	1.2759e-010
5621	1.3312e-010
5622	1.3527e-010
5623	1.3681e-010
5624	1.422e-010
5625	1.4399e-010
5626	1.4668e-010
5627	1.5184e-010
5628	1.5478e-010
5629	1.562e-010
5630	1.6182e-010
5631	1.6568e-010
5632	1.6869e-010
5633	1.7142e-010
5634	1.7619e-010
5635	1.806e-010
5636	1.8483e-010
5637	1.8869e-010
5638	1.9264e-010
5639	1.9697e-010
5640	2.0113e-010
5641	2.0601e-010
5642	2.1084e-010
5643	2.1571e-010
5644	2.2051e-010
5645	2.2543e-010
5646	2.3061e-010
5647	2.3505e-010
5648	2.4096e-010
5649	2.4653e-010
5650	2.5233e-010
5651	2.5967e-010
5652	2.6583e-010
5653	2.6884e-010
5654	2.7404e-010
5655	2.8627e-010
5656	2.8696e-010
5657	2.748e-010
5658	2.6987e-010
5659	2.6883e-010
5660	2.6402e-010
5661	2.568e-010
5662	2.5155e-010
5663	2.4546e-010
5664	2.387e-010
5665	2.3588e-010
5666	2.3136e-010
5667	2.2652e-010
5668	2.2225e-010
5669	2.1796e-010
5670	2.1296e-010
5671	2.0654e-010
5672	2.0477e-010
5673	2.0232e-010
5674	1.9936e-010
5675	1.9773e-010
5676	1.9772e-010
5677	1.945e-010
5678	1.8059e-010
5679	1.911e-010
5680	1.8843e-010
5681	1.911e-010
5682	1.7235e-010
5683	1.8187e-010
5684	1.8568e-010
5685	1.5772e-010
5686	1.5696e-010
5687	1.8464e-010
5688	1.5255e-010
5689	1.5976e-010
5690	1.8657e-010
5691	1.6557e-010
5692	1.9319e-010
5693	1.4162e-010
5694	1.5704e-010
5695	1.4037e-010
5696	1.225e-010
5697	1.408e-010
5698	1.2073e-010
5699	1.399e-010
5700	1.1673e-010
5701	1.2821e-010
5702	1.0886e-010
5703	1.1289e-010
5704	1.0867e-010
5705	1.0185e-010
5706	1.4438e-010
5707	1.4149e-010
5708	1.4757e-010
5709	9.633e-011
5710	9.9486e-011
5711	1.2151e-010
5712	1.2616e-010
5713	1.1626e-010
5714	9.9956e-011
5715	1.1217e-010
5716	3.2239e-010
5717	5.2819e-010
5718	4.4197e-010
5719	1.2422e-009
5720	9.0999e-010
5721	1.037e-010
5722	7.982e-011
5723	6.7626e-011
5724	6.4901e-011
5725	7.154e-011
5726	7.0119e-011
5727	7.1514e-011
5728	7.5369e-011
5729	7.6091e-011
5730	7.7806e-011
5731	7.9217e-011
5732	8.0749e-011
5733	8.3662e-011
5734	8.5083e-011
5735	8.7241e-011
5736	8.8476e-011
5737	9.0605e-011
5738	9.2905e-011
5739	9.4653e-011
5740	9.7271e-011
5741	9.915e-011
5742	1.0166e-010
5743	1.0383e-010
5744	1.0625e-010
5745	1.087e-010
5746	1.11e-010
5747	1.1342e-010
5748	1.165e-010
5749	1.189e-010
5750	1.2181e-010
5751	1.2423e-010
5752	1.2685e-010
5753	1.3016e-010
5754	1.3271e-010
5755	1.3581e-010
5756	1.3911e-010
5757	1.4175e-010
5758	1.4544e-010
5759	1.4867e-010
5760	1.5213e-010
5761	1.5468e-010
5762	1.5903e-010
5763	1.6228e-010
5764	1.6641e-010
5765	1.6952e-010
5766	1.7321e-010
5767	1.7742e-010
5768	1.8149e-010
5769	1.8579e-010
5770	1.8966e-010
5771	1.9417e-010
5772	1.9843e-010
5773	2.0283e-010
5774	2.0743e-010
5775	2.1195e-010
5776	2.1748e-010
5777	2.217e-010
5778	2.2766e-010
5779	2.3238e-010
5780	2.3724e-010
5781	2.4218e-010
5782	2.4908e-010
5783	2.5529e-010
5784	2.592e-010
5785	2.6693e-010
5786	2.6778e-010
5787	2.6039e-010
5788	2.5693e-010
5789	2.5152e-010
5790	2.4436e-010
5791	2.4024e-010
5792	2.3624e-010
5793	2.3263e-010
5794	2.2505e-010
5795	2.2259e-010
5796	2.1593e-010
5797	2.1172e-010
5798	2.0749e-010
5799	2.0344e-010
5800	2.0056e-010
5801	1.9536e-010
5802	1.9383e-010
5803	1.9055e-010
5804	1.8618e-010
5805	1.7863e-010
5806	1.7899e-010
5807	1.8551e-010
5808	1.7957e-010
5809	1.8051e-010
5810	1.6237e-010
5811	1.7572e-010
5812	1.7909e-010
5813	1.6651e-010
5814	1.5882e-010
5815	1.6027e-010
5816	1.4871e-010
5817	1.5626e-010
5818	1.6148e-010
5819	1.4203e-010
5820	1.5982e-010
5821	1.822e-010
5822	1.5995e-010
5823	1.545e-010
5824	1.3186e-010
5825	1.2571e-010
5826	1.2135e-010
5827	1.2059e-010
5828	1.2118e-010
5829	1.2041e-010
5830	1.1587e-010
5831	1.1308e-010
5832	1.0209e-010
5833	1.0221e-010
5834	9.6463e-011
5835	9.3054e-011
5836	1.2742e-010
5837	1.4767e-010
5838	1.3011e-010
5839	9.2078e-011
5840	8.4623e-011
5841	1.0696e-010
5842	1.2844e-010
5843	9.2354e-011
5844	9.7795e-011
5845	9.9746e-011
5846	2.9199e-010
5847	5.907e-010
5848	5.1815e-010
5849	1.1176e-009
5850	1.0513e-009
5851	1.037e-010
5852	7.9819e-011
5853	6.7625e-011
5854	6.4908e-011
5855	7.1535e-011
5856	7.0119e-011
5857	7.1527e-011
5858	7.5364e-011
5859	7.6099e-011
5860	7.7801e-011
5861	7.9227e-011
5862	8.0747e-011
5863	8.366e-011
5864	8.5081e-011
5865	8.7239e-011
5866	8.8467e-011
5867	9.0596e-011
5868	9.29e-011
5869	9.4663e-011
5870	9.7267e-011
5871	9.9146e-011
5872	1.0167e-010
5873	1.0382e-010
5874	1.0624e-010
5875	1.087e-010
5876	1.11e-010
5877	1.1342e-010
5878	1.165e-010
5879	1.189e-010
5880	1.2181e-010
5881	1.2423e-010
5882	1.2685e-010
5883	1.3015e-010
5884	1.3272e-010
5885	1.358e-010
5886	1.3911e-010
5887	1.4176e-010
5888	1.4544e-010
5889	1.4867e-010
5890	1.5214e-010
5891	1.5468e-010
5892	1.5903e-010
5893	1.6228e-010
5894	1.664e-010
5895	1.6951e-010
5896	1.7322e-010
5897	1.7741e-010
5898	1.8148e-010
5899	1.8578e-010
5900	1.8965e-010
5901	1.942e-010
5902	1.9842e-010
5903	2.0286e-010
5904	2.0742e-010
5905	2.1197e-010
5906	2.1753e-010
5907	2.2169e-010
5908	2.2766e-010
5909	2.3237e-010
5910	2.3722e-010
5911	2.4221e-010
5912	2.4907e-010
5913	2.5528e-010
5914	2.5919e-010
5915	2.6692e-010
5916	2.6781e-010
5917	2.6038e-010
5918	2.5693e-010
5919	2.5151e-010
5920	2.4439e-010
5921	2.4026e-010
5922	2.3623e-010
5923	2.3265e-010
5924	2.2503e-010
5925	2.2262e-010
5926	2.1593e-010
5927	2.1171e-010
5928	2.0747e-010
5929	2.0345e-010
5930	2.0057e-010
5931	1.9534e-010
5932	1.9386e-010
5933	1.9055e-010
5934	1.8622e-010
5935	1.7862e-010
5936	1.7881e-010
5937	1.8548e-010
5938	1.7816e-010
5939	1.8035e-010
5940	1.6221e-010
5941	1.7569e-010
5942	1.7909e-010
5943	1.6655e-010
5944	1.588e-010
5945	1.6027e-010
5946	1.4871e-010
5947	1.5625e-010
5948	1.6148e-010
5949	1.4203e-010
5950	1.5981e-010
5951	1.822e-010
5952	1.5994e-010
5953	1.545e-010
5954	1.3185e-010
5955	1.2571e-010
5956	1.2136e-010
5957	1.206e-010
5958	1.2119e-010
5959	1.204e-010
5960	1.1587e-010
5961	1.1308e-010
5962	1.0209e-010
5963	1.0221e-010
5964	9.6458e-011
5965	9.3049e-011
5966	1.2741e-010
5967	1.4767e-010
5968	1.3011e-010
5969	9.2076e-011
5970	8.4621e-011
5971	1.0696e-010
5972	1.2844e-010
5973	9.2352e-011
5974	9.7792e-011
5975	9.9742e-011
5976	2.9198e-010
5977	5.907e-010
5978	5.1815e-010
5979	1.1176e-009
5980	1.0513e-009
5981	1.2926e-010
5982	1.0101e-010
5983	8.2917e-011
5984	7.3459e-011
5985	7.2582e-011
5986	7.551e-011
5987	7.7656e-011
5988	7.9745e-011
5989	7.9963e-011
5990	8.3784e-011
5991	8.4999e-011
5992	8.5701e-011
5993	8.9895e-011
5994	8.9195e-011
5995	9.3609e-011
5996	9.4104e-011
5997	9.6777e-011
5998	9.8929e-011
5999	1.0058e-010
6000	1.0384e-010
6001	1.0478e-010
6002	1.0881e-010
6003	1.0965e-010
6004	1.1361e-010
6005	1.1493e-010
6006	1.1812e-010
6007	1.2146e-010
6008	1.223e-010
6009	1.2781e-010
6010	1.2758e-010
6011	1.3309e-010
6012	1.3528e-010
6013	1.3683e-010
6014	1.4216e-010
6015	1.4402e-010
6016	1.4666e-010
6017	1.5186e-010
6018	1.5479e-010
6019	1.562e-010
6020	1.6183e-010
6021	1.6568e-010
6022	1.6869e-010
6023	1.7142e-010
6024	1.7617e-010
6025	1.8058e-010
6026	1.8482e-010
6027	1.8869e-010
6028	1.9266e-010
6029	1.9691e-010
6030	2.0115e-010
6031	2.0603e-010
6032	2.1086e-010
6033	2.1566e-010
6034	2.2049e-010
6035	2.2546e-010
6036	2.3059e-010
6037	2.3507e-010
6038	2.4097e-010
6039	2.4652e-010
6040	2.5231e-010
6041	2.5964e-010
6042	2.6586e-010
6043	2.6888e-010
6044	2.7398e-010
6045	2.8624e-010
6046	2.869e-010
6047	2.748e-010
6048	2.699e-010
6049	2.6885e-010
6050	2.64e-010
6051	2.5679e-010
6052	2.5157e-010
6053	2.4544e-010
6054	2.387e-010
6055	2.3591e-010
6056	2.3139e-010
6057	2.2648e-010
6058	2.2225e-010
6059	2.1789e-010
6060	2.129e-010
6061	2.0658e-010
6062	2.0473e-010
6063	2.023e-010
6064	1.9939e-010
6065	1.9783e-010
6066	1.9751e-010
6067	1.9272e-010
6068	1.8108e-010
6069	1.8923e-010
6070	1.8829e-010
6071	1.9124e-010
6072	1.7238e-010
6073	1.8187e-010
6074	1.8568e-010
6075	1.5772e-010
6076	1.5693e-010
6077	1.8465e-010
6078	1.5253e-010
6079	1.5979e-010
6080	1.8655e-010
6081	1.6552e-010
6082	1.9319e-010
6083	1.4164e-010
6084	1.5702e-010
6085	1.4036e-010
6086	1.225e-010
6087	1.408e-010
6088	1.2074e-010
6089	1.3991e-010
6090	1.1671e-010
6091	1.2821e-010
6092	1.0885e-010
6093	1.1288e-010
6094	1.0867e-010
6095	1.0187e-010
6096	1.4435e-010
6097	1.415e-010
6098	1.4757e-010
6099	9.6345e-011
6100	9.9493e-011
6101	1.2152e-010
6102	1.2617e-010
6103	1.1626e-010
6104	9.9952e-011
6105	1.1218e-010
6106	3.2237e-010
6107	5.282e-010
6108	4.4199e-010
6109	1.2422e-009
6110	9.0999e-010
6111	1.0365e-010
6112	7.9809e-011
6113	6.7624e-011
6114	6.4899e-011
6115	7.1533e-011
6116	7.0125e-011
6117	7.1503e-011
6118	7.5341e-011
6119	7.6048e-011
6120	7.7777e-011
6121	7.9238e-011
6122	8.0741e-011
6123	8.3635e-011
6124	8.5059e-011
6125	8.72e-011
6126	8.845e-011
6127	9.0627e-011
6128	9.2945e-011
6129	9.4706e-011
6130	9.7286e-011
6131	9.9167e-011
6132	1.0166e-010
6133	1.0381e-010
6134	1.0621e-010
6135	1.0869e-010
6136	1.1098e-010
6137	1.1342e-010
6138	1.1646e-010
6139	1.1887e-010
6140	1.2184e-010
6141	1.2431e-010
6142	1.2689e-010
6143	1.3012e-010
6144	1.3266e-010
6145	1.3571e-010
6146	1.3907e-010
6147	1.4174e-010
6148	1.4537e-010
6149	1.4861e-010
6150	1.521e-010
6151	1.547e-010
6152	1.5904e-010
6153	1.6229e-010
6154	1.6634e-010
6155	1.6941e-010
6156	1.7316e-010
6157	1.7738e-010
6158	1.8145e-010
6159	1.8568e-010
6160	1.8975e-010
6161	1.942e-010
6162	1.9835e-010
6163	2.0283e-010
6164	2.0727e-010
6165	2.119e-010
6166	2.175e-010
6167	2.2167e-010
6168	2.2766e-010
6169	2.3236e-010
6170	2.3721e-010
6171	2.4228e-010
6172	2.491e-010
6173	2.5514e-010
6174	2.5929e-010
6175	2.6685e-010
6176	2.6795e-010
6177	2.6038e-010
6178	2.5694e-010
6179	2.5156e-010
6180	2.4451e-010
6181	2.4011e-010
6182	2.3618e-010
6183	2.3264e-010
6184	2.2498e-010
6185	2.2263e-010
6186	2.1598e-010
6187	2.1188e-010
6188	2.0745e-010
6189	2.0348e-010
6190	2.0054e-010
6191	1.9537e-010
6192	1.9378e-010
6193	1.9049e-010
6194	1.8612e-010
6195	1.7857e-010
6196	1.7888e-010
6197	1.8488e-010
6198	1.7843e-010
6199	1.7987e-010
6200	1.6234e-010
6201	1.7567e-010
6202	1.791e-010
6203	1.6658e-010
6204	1.5882e-010
6205	1.6033e-010
6206	1.4875e-010
6207	1.5622e-010
6208	1.6155e-010
6209	1.4209e-010
6210	1.5987e-010
6211	1.8226e-010
6212	1.5992e-010
6213	1.5455e-010
6214	1.3183e-010
6215	1.2571e-010
6216	1.2142e-010
6217	1.2063e-010
6218	1.2124e-010
6219	1.204e-010
6220	1.1591e-010
6221	1.1312e-010
6222	1.0215e-010
6223	1.0225e-010
6224	9.6499e-011
6225	9.3094e-011
6226	1.2742e-010
6227	1.4772e-010
6228	1.3011e-010
6229	9.2089e-011
6230	8.4588e-011
6231	1.069e-010
6232	1.2839e-010
6233	9.2336e-011
6234	9.7792e-011
6235	9.974e-011
6236	2.9199e-010
6237	5.9064e-010
6238	5.1815e-010
6239	1.1175e-009
6240	1.0513e-009
6241	1.0365e-010
6242	7.9777e-011
6243	6.7554e-011
6244	6.4822e-011
6245	7.1444e-011
6246	7.0037e-011
6247	7.144e-011
6248	7.5301e-011
6249	7.6014e-011
6250	7.7732e-011
6251	7.9187e-011
6252	8.0696e-011
6253	8.362e-011
6254	8.5044e-011
6255	8.7148e-011
6256	8.8353e-011
6257	9.048e-011
6258	9.2825e-011
6259	9.459e-011
6260	9.7224e-011
6261	9.9117e-011
6262	1.0161e-010
6263	1.0376e-010
6264	1.0621e-010
6265	1.0863e-010
6266	1.1092e-010
6267	1.133e-010
6268	1.1637e-010
6269	1.1877e-010
6270	1.2172e-010
6271	1.2416e-010
6272	1.2685e-010
6273	1.3013e-010
6274	1.3263e-010
6275	1.3567e-010
6276	1.3901e-010
6277	1.4172e-010
6278	1.4533e-010
6279	1.4854e-010
6280	1.5194e-010
6281	1.5453e-010
6282	1.5889e-010
6283	1.6216e-010
6284	1.6622e-010
6285	1.6933e-010
6286	1.7305e-010
6287	1.7731e-010
6288	1.8145e-010
6289	1.8563e-010
6290	1.8957e-010
6291	1.9393e-010
6292	1.9823e-010
6293	2.0269e-010
6294	2.0721e-010
6295	2.1181e-010
6296	2.1746e-010
6297	2.2161e-010
6298	2.276e-010
6299	2.3246e-010
6300	2.3747e-010
6301	2.424e-010
6302	2.4923e-010
6303	2.5528e-010
6304	2.5933e-010
6305	2.6697e-010
6306	2.6807e-010
6307	2.6046e-010
6308	2.5693e-010
6309	2.5147e-010
6310	2.4441e-010
6311	2.4008e-010
6312	2.363e-010
6313	2.3279e-010
6314	2.2494e-010
6315	2.2261e-010
6316	2.1595e-010
6317	2.1184e-010
6318	2.0737e-010
6319	2.0315e-010
6320	2.006e-010
6321	1.9554e-010
6322	1.9398e-010
6323	1.9035e-010
6324	1.8618e-010
6325	1.7865e-010
6326	1.7868e-010
6327	1.8552e-010
6328	1.7818e-010
6329	1.8051e-010
6330	1.6214e-010
6331	1.7567e-010
6332	1.7912e-010
6333	1.666e-010
6334	1.5884e-010
6335	1.6038e-010
6336	1.4882e-010
6337	1.5636e-010
6338	1.6173e-010
6339	1.4224e-010
6340	1.6001e-010
6341	1.8246e-010
6342	1.601e-010
6343	1.5475e-010
6344	1.3205e-010
6345	1.2594e-010
6346	1.2162e-010
6347	1.2079e-010
6348	1.2147e-010
6349	1.2061e-010
6350	1.1613e-010
6351	1.133e-010
6352	1.0234e-010
6353	1.0241e-010
6354	9.6627e-011
6355	9.3194e-011
6356	1.2751e-010
6357	1.4783e-010
6358	1.302e-010
6359	9.2218e-011
6360	8.4722e-011
6361	1.0704e-010
6362	1.2846e-010
6363	9.2397e-011
6364	9.7867e-011
6365	9.9791e-011
6366	2.9205e-010
6367	5.9072e-010
6368	5.1828e-010
6369	1.1176e-009
6370	1.0516e-009
6371	1.2934e-010
6372	1.0105e-010
6373	8.2821e-011
6374	7.3425e-011
6375	7.2511e-011
6376	7.5433e-011
6377	7.7574e-011
6378	7.9701e-011
6379	7.9949e-011
6380	8.3707e-011
6381	8.4844e-011
6382	8.5566e-011
6383	8.9865e-011
6384	8.9194e-011
6385	9.3596e-011
6386	9.3983e-011
6387	9.66e-011
6388	9.8779e-011
6389	1.0049e-010
6390	1.0378e-010
6391	1.0482e-010
6392	1.0879e-010
6393	1.0968e-010
6394	1.1362e-010
6395	1.1495e-010
6396	1.1812e-010
6397	1.214e-010
6398	1.2223e-010
6399	1.2776e-010
6400	1.2751e-010
6401	1.33e-010
6402	1.3525e-010
6403	1.3681e-010
6404	1.4203e-010
6405	1.4391e-010
6406	1.4656e-010
6407	1.5178e-010
6408	1.548e-010
6409	1.5608e-010
6410	1.6162e-010
6411	1.6551e-010
6412	1.6861e-010
6413	1.7116e-010
6414	1.7598e-010
6415	1.8033e-010
6416	1.8459e-010
6417	1.8847e-010
6418	1.9258e-010
6419	1.9683e-010
6420	2.0088e-010
6421	2.0576e-010
6422	2.1064e-010
6423	2.1551e-010
6424	2.2032e-010
6425	2.2534e-010
6426	2.3063e-010
6427	2.3506e-010
6428	2.4094e-010
6429	2.467e-010
6430	2.5274e-010
6431	2.6002e-010
6432	2.6585e-010
6433	2.6912e-010
6434	2.7409e-010
6435	2.8643e-010
6436	2.8699e-010
6437	2.7506e-010
6438	2.7005e-010
6439	2.6876e-010
6440	2.6403e-010
6441	2.5686e-010
6442	2.5148e-010
6443	2.4546e-010
6444	2.3878e-010
6445	2.3594e-010
6446	2.3145e-010
6447	2.2646e-010
6448	2.2192e-010
6449	2.1771e-010
6450	2.1331e-010
6451	2.0585e-010
6452	2.0545e-010
6453	2.0238e-010
6454	1.9931e-010
6455	1.9779e-010
6456	1.9752e-010
6457	1.9349e-010
6458	1.8095e-010
6459	1.9014e-010
6460	1.8843e-010
6461	1.9119e-010
6462	1.7247e-010
6463	1.8188e-010
6464	1.8562e-010
6465	1.5784e-010
6466	1.5697e-010
6467	1.8484e-010
6468	1.5281e-010
6469	1.6004e-010
6470	1.8687e-010
6471	1.6589e-010
6472	1.9351e-010
6473	1.4196e-010
6474	1.5735e-010
6475	1.4071e-010
6476	1.2283e-010
6477	1.4115e-010
6478	1.2118e-010
6479	1.4029e-010
6480	1.1709e-010
6481	1.2855e-010
6482	1.0923e-010
6483	1.1321e-010
6484	1.0888e-010
6485	1.0209e-010
6486	1.4451e-010
6487	1.4165e-010
6488	1.477e-010
6489	9.6484e-011
6490	9.9646e-011
6491	1.2162e-010
6492	1.2626e-010
6493	1.1636e-010
6494	1.0005e-010
6495	1.1225e-010
6496	3.2249e-010
6497	5.2831e-010
6498	4.4217e-010
6499	1.2423e-009
6500	9.103e-010
6501	1.0366e-010
6502	7.9776e-011
6503	6.7553e-011
6504	6.4822e-011
6505	7.1445e-011
6506	7.0037e-011
6507	7.144e-011
6508	7.5299e-011
6509	7.6015e-011
6510	7.7732e-011
6511	7.9185e-011
6512	8.0694e-011
6513	8.362e-011
6514	8.5044e-011
6515	8.7148e-011
6516	8.8353e-011
6517	9.0481e-011
6518	9.2825e-011
6519	9.459e-011
6520	9.7224e-011
6521	9.9118e-011
6522	1.0161e-010
6523	1.0376e-010
6524	1.0621e-010
6525	1.0863e-010
6526	1.1092e-010
6527	1.133e-010
6528	1.1637e-010
6529	1.1877e-010
6530	1.2172e-010
6531	1.2416e-010
6532	1.2685e-010
6533	1.3013e-010
6534	1.3263e-010
6535	1.3567e-010
6536	1.3901e-010
6537	1.417e-010
6538	1.4534e-010
6539	1.4854e-010
6540	1.5194e-010
6541	1.5453e-010
6542	1.5889e-010
6543	1.6216e-010
6544	1.6622e-010
6545	1.6933e-010
6546	1.7305e-010
6547	1.7731e-010
6548	1.8145e-010
6549	1.8563e-010
6550	1.8956e-010
6551	1.9392e-010
6552	1.9823e-010
6553	2.0269e-010
6554	2.0721e-010
6555	2.1181e-010
6556	2.1746e-010
6557	2.2161e-010
6558	2.276e-010
6559	2.3246e-010
6560	2.3747e-010
6561	2.424e-010
6562	2.4922e-010
6563	2.5528e-010
6564	2.5933e-010
6565	2.6696e-010
6566	2.6806e-010
6567	2.6046e-010
6568	2.5693e-010
6569	2.5151e-010
6570	2.4441e-010
6571	2.4008e-010
6572	2.3629e-010
6573	2.3278e-010
6574	2.2494e-010
6575	2.2261e-010
6576	2.1594e-010
6577	2.1183e-010
6578	2.0736e-010
6579	2.0309e-010
6580	2.0096e-010
6581	1.9527e-010
6582	1.9434e-010
6583	1.9038e-010
6584	1.862e-010
6585	1.7862e-010
6586	1.7893e-010
6587	1.8607e-010
6588	1.794e-010
6589	1.8124e-010
6590	1.6233e-010
6591	1.7583e-010
6592	1.792e-010
6593	1.667e-010
6594	1.5886e-010
6595	1.6036e-010
6596	1.4882e-010
6597	1.5636e-010
6598	1.6173e-010
6599	1.4224e-010
6600	1.6001e-010
6601	1.8246e-010
6602	1.601e-010
6603	1.5475e-010
6604	1.3205e-010
6605	1.2594e-010
6606	1.2162e-010
6607	1.2079e-010
6608	1.2147e-010
6609	1.2061e-010
6610	1.1612e-010
6611	1.1329e-010
6612	1.0233e-010
6613	1.0241e-010
6614	9.6625e-011
6615	9.3195e-011
6616	1.2751e-010
6617	1.4783e-010
6618	1.302e-010
6619	9.2207e-011
6620	8.4726e-011
6621	1.0704e-010
6622	1.2847e-010
6623	9.2398e-011
6624	9.7868e-011
6625	9.9792e-011
6626	2.9204e-010
6627	5.9072e-010
6628	5.1828e-010
6629	1.1176e-009
6630	1.0516e-009
6631	1.0365e-010
6632	7.981e-011
6633	6.7624e-011
6634	6.49e-011
6635	7.1525e-011
6636	7.0119e-011
6637	7.1503e-011
6638	7.534e-011
6639	7.6059e-011
6640	7.7785e-011
6641	7.9237e-011
6642	8.0751e-011
6643	8.3629e-011
6644	8.5055e-011
6645	8.7198e-011
6646	8.8444e-011
6647	9.0618e-011
6648	9.2937e-011
6649	9.4702e-011
6650	9.7297e-011
6651	9.9162e-011
6652	1.0167e-010
6653	1.0382e-010
6654	1.0623e-010
6655	1.0868e-010
6656	1.1101e-010
6657	1.1342e-010
6658	1.1645e-010
6659	1.1887e-010
6660	1.2183e-010
6661	1.243e-010
6662	1.269e-010
6663	1.3012e-010
6664	1.3265e-010
6665	1.3571e-010
6666	1.3907e-010
6667	1.4174e-010
6668	1.4537e-010
6669	1.4861e-010
6670	1.521e-010
6671	1.547e-010
6672	1.5904e-010
6673	1.6229e-010
6674	1.6634e-010
6675	1.6944e-010
6676	1.7316e-010
6677	1.7738e-010
6678	1.8145e-010
6679	1.8567e-010
6680	1.8974e-010
6681	1.9419e-010
6682	1.9836e-010
6683	2.028e-010
6684	2.0726e-010
6685	2.1193e-010
6686	2.1749e-010
6687	2.2167e-010
6688	2.2766e-010
6689	2.3236e-010
6690	2.372e-010
6691	2.4228e-010
6692	2.4909e-010
6693	2.5512e-010
6694	2.5928e-010
6695	2.6687e-010
6696	2.6799e-010
6697	2.6042e-010
6698	2.5693e-010
6699	2.5155e-010
6700	2.445e-010
6701	2.4012e-010
6702	2.3617e-010
6703	2.3263e-010
6704	2.2497e-010
6705	2.2261e-010
6706	2.1603e-010
6707	2.1187e-010
6708	2.0759e-010
6709	2.0325e-010
6710	2.012e-010
6711	1.9523e-010
6712	1.9452e-010
6713	1.9032e-010
6714	1.8614e-010
6715	1.786e-010
6716	1.7886e-010
6717	1.8647e-010
6718	1.7931e-010
6719	1.8155e-010
6720	1.6237e-010
6721	1.7566e-010
6722	1.7943e-010
6723	1.6652e-010
6724	1.5894e-010
6725	1.6029e-010
6726	1.4876e-010
6727	1.5621e-010
6728	1.6155e-010
6729	1.4209e-010
6730	1.5985e-010
6731	1.8225e-010
6732	1.5992e-010
6733	1.5455e-010
6734	1.3183e-010
6735	1.257e-010
6736	1.2143e-010
6737	1.2064e-010
6738	1.2125e-010
6739	1.2041e-010
6740	1.1593e-010
6741	1.1311e-010
6742	1.0216e-010
6743	1.0224e-010
6744	9.6526e-011
6745	9.309e-011
6746	1.2743e-010
6747	1.4772e-010
6748	1.3012e-010
6749	9.2093e-011
6750	8.4583e-011
6751	1.069e-010
6752	1.2839e-010
6753	9.2335e-011
6754	9.779e-011
6755	9.974e-011
6756	2.9199e-010
6757	5.9064e-010
6758	5.1816e-010
6759	1.1175e-009
6760	1.0513e-009
6761	1.2925e-010
6762	1.0103e-010
6763	8.2895e-011
6764	7.3463e-011
6765	7.2588e-011
6766	7.5488e-011
6767	7.7646e-011
6768	7.973e-011
6769	7.9973e-011
6770	8.3776e-011
6771	8.4991e-011
6772	8.5707e-011
6773	8.9887e-011
6774	8.919e-011
6775	9.3616e-011
6776	9.4103e-011
6777	9.6763e-011
6778	9.8927e-011
6779	1.0055e-010
6780	1.0385e-010
6781	1.0476e-010
6782	1.088e-010
6783	1.0966e-010
6784	1.136e-010
6785	1.1492e-010
6786	1.1812e-010
6787	1.2147e-010
6788	1.2231e-010
6789	1.2782e-010
6790	1.2756e-010
6791	1.3309e-010
6792	1.3526e-010
6793	1.3683e-010
6794	1.4213e-010
6795	1.4402e-010
6796	1.4666e-010
6797	1.5185e-010
6798	1.5482e-010
6799	1.5619e-010
6800	1.6182e-010
6801	1.6568e-010
6802	1.6869e-010
6803	1.7143e-010
6804	1.7613e-010
6805	1.806e-010
6806	1.8481e-010
6807	1.8872e-010
6808	1.9267e-010
6809	1.9694e-010
6810	2.0107e-010
6811	2.0602e-010
6812	2.1089e-010
6813	2.1567e-010
6814	2.2045e-010
6815	2.2549e-010
6816	2.3057e-010
6817	2.3509e-010
6818	2.4095e-010
6819	2.4655e-010
6820	2.5233e-010
6821	2.5966e-010
6822	2.6588e-010
6823	2.6886e-010
6824	2.7401e-010
6825	2.8627e-010
6826	2.8693e-010
6827	2.7483e-010
6828	2.6992e-010
6829	2.6878e-010
6830	2.6403e-010
6831	2.5676e-010
6832	2.5156e-010
6833	2.4541e-010
6834	2.3875e-010
6835	2.3593e-010
6836	2.3132e-010
6837	2.2657e-010
6838	2.2206e-010
6839	2.1805e-010
6840	2.1387e-010
6841	2.0527e-010
6842	2.0575e-010
6843	2.0244e-010
6844	1.993e-010
6845	1.9773e-010
6846	1.9765e-010
6847	1.9453e-010
6848	1.8102e-010
6849	1.9113e-010
6850	1.8834e-010
6851	1.9131e-010
6852	1.7283e-010
6853	1.8201e-010
6854	1.8563e-010
6855	1.577e-010
6856	1.5694e-010
6857	1.8465e-010
6858	1.5254e-010
6859	1.598e-010
6860	1.8657e-010
6861	1.6553e-010
6862	1.9319e-010
6863	1.4165e-010
6864	1.5703e-010
6865	1.4037e-010
6866	1.2249e-010
6867	1.4081e-010
6868	1.2076e-010
6869	1.3992e-010
6870	1.1673e-010
6871	1.2823e-010
6872	1.0888e-010
6873	1.1289e-010
6874	1.0867e-010
6875	1.0188e-010
6876	1.4436e-010
6877	1.4152e-010
6878	1.4757e-010
6879	9.6369e-011
6880	9.9489e-011
6881	1.2153e-010
6882	1.2619e-010
6883	1.1625e-010
6884	9.995e-011
6885	1.1216e-010
6886	3.2237e-010
6887	5.2818e-010
6888	4.42e-010
6889	1.2421e-009
6890	9.1e-010
6891	1.0369e-010
6892	7.9829e-011
6893	6.7622e-011
6894	6.4904e-011
6895	7.1534e-011
6896	7.0119e-011
6897	7.1522e-011
6898	7.5362e-011
6899	7.6096e-011
6900	7.7793e-011
6901	7.924e-011
6902	8.0743e-011
6903	8.3655e-011
6904	8.5074e-011
6905	8.7236e-011
6906	8.8459e-011
6907	9.0605e-011
6908	9.2903e-011
6909	9.469e-011
6910	9.726e-011
6911	9.9145e-011
6912	1.0167e-010
6913	1.0382e-010
6914	1.0624e-010
6915	1.0869e-010
6916	1.1099e-010
6917	1.1343e-010
6918	1.1652e-010
6919	1.1889e-010
6920	1.2183e-010
6921	1.2421e-010
6922	1.2685e-010
6923	1.3015e-010
6924	1.3272e-010
6925	1.358e-010
6926	1.3911e-010
6927	1.4176e-010
6928	1.4542e-010
6929	1.4865e-010
6930	1.5212e-010
6931	1.5468e-010
6932	1.5905e-010
6933	1.6227e-010
6934	1.6639e-010
6935	1.695e-010
6936	1.732e-010
6937	1.7742e-010
6938	1.8148e-010
6939	1.8576e-010
6940	1.8967e-010
6941	1.9421e-010
6942	1.984e-010
6943	2.0285e-010
6944	2.0744e-010
6945	2.1199e-010
6946	2.1752e-010
6947	2.2167e-010
6948	2.2764e-010
6949	2.3236e-010
6950	2.372e-010
6951	2.422e-010
6952	2.491e-010
6953	2.5527e-010
6954	2.5918e-010
6955	2.6695e-010
6956	2.678e-010
6957	2.6037e-010
6958	2.5693e-010
6959	2.5149e-010
6960	2.4442e-010
6961	2.4024e-010
6962	2.362e-010
6963	2.3262e-010
6964	2.2504e-010
6965	2.2259e-010
6966	2.1592e-010
6967	2.1172e-010
6968	2.0745e-010
6969	2.0337e-010
6970	2.0062e-010
6971	1.9594e-010
6972	1.9396e-010
6973	1.9054e-010
6974	1.8618e-010
6975	1.7862e-010
6976	1.7891e-010
6977	1.8657e-010
6978	1.7932e-010
6979	1.8163e-010
6980	1.6239e-010
6981	1.7575e-010
6982	1.794e-010
6983	1.6655e-010
6984	1.5893e-010
6985	1.6022e-010
6986	1.487e-010
6987	1.5624e-010
6988	1.6148e-010
6989	1.4202e-010
6990	1.5981e-010
6991	1.8219e-010
6992	1.5993e-010
6993	1.5449e-010
6994	1.3185e-010
6995	1.257e-010
6996	1.2137e-010
6997	1.206e-010
6998	1.2119e-010
6999	1.204e-010
7000	1.1586e-010
7001	1.1309e-010
7002	1.0212e-010
7003	1.0221e-010
7004	9.6453e-011
7005	9.3058e-011
7006	1.274e-010
7007	1.4767e-010
7008	1.3011e-010
7009	9.2087e-011
7010	8.4609e-011
7011	1.0696e-010
7012	1.2844e-010
7013	9.2345e-011
7014	9.7779e-011
7015	9.9726e-011
7016	2.9198e-010
7017	5.9067e-010
7018	5.1816e-010
7019	1.1175e-009
7020	1.0512e-009
7021	1.0369e-010
7022	7.9829e-011
7023	6.7622e-011
7024	6.4904e-011
7025	7.1534e-011
7026	7.0119e-011
7027	7.1522e-011
7028	7.5362e-011
7029	7.6096e-011
7030	7.7793e-011
7031	7.924e-011
7032	8.0743e-011
7033	8.3655e-011
7034	8.5074e-011
7035	8.7236e-011
7036	8.8459e-011
7037	9.0605e-011
7038	9.2903e-011
7039	9.469e-011
7040	9.726e-011
7041	9.9145e-011
7042	1.0167e-010
7043	1.0382e-010
7044	1.0624e-010
7045	1.0869e-010
7046	1.1099e-010
7047	1.1343e-010
7048	1.1652e-010
7049	1.1889e-010
7050	1.2183e-010
7051	1.2421e-010
7052	1.2685e-010
7053	1.3015e-010
7054	1.3272e-010
7055	1.358e-010
7056	1.3911e-010
7057	1.4176e-010
7058	1.4542e-010
7059	1.4865e-010
7060	1.5212e-010
7061	1.5468e-010
7062	1.5905e-010
7063	1.6227e-010
7064	1.6639e-010
7065	1.695e-010
7066	1.732e-010
7067	1.7742e-010
7068	1.8148e-010
7069	1.8576e-010
7070	1.8967e-010
7071	1.9421e-010
7072	1.984e-010
7073	2.0285e-010
7074	2.0744e-010
7075	2.1199e-010
7076	2.1752e-010
7077	2.2167e-010
7078	2.2764e-010
7079	2.3236e-010
7080	2.372e-010
7081	2.422e-010
7082	2.491e-010
7083	2.5527e-010
7084	2.5918e-010
7085	2.6695e-010
7086	2.678e-010
7087	2.6037e-010
7088	2.5693e-010
7089	2.5149e-010
7090	2.4442e-010
7091	2.4024e-010
7092	2.362e-010
7093	2.3262e-010
7094	2.2504e-010
7095	2.2259e-010
7096	2.1593e-010
7097	2.1173e-010
7098	2.0744e-010
7099	2.0336e-010
7100	2.011e-010
7101	1.9478e-010
7102	1.9438e-010
7103	1.9049e-010
7104	1.8616e-010
7105	1.7863e-010
7106	1.789e-010
7107	1.8653e-010
7108	1.7927e-010
7109	1.8158e-010
7110	1.6239e-010
7111	1.7573e-010
7112	1.7939e-010
7113	1.6656e-010
7114	1.5892e-010
7115	1.6023e-010
7116	1.487e-010
7117	1.5624e-010
7118	1.6148e-010
7119	1.4202e-010
7120	1.5981e-010
7121	1.8219e-010
7122	1.5993e-010
7123	1.5449e-010
7124	1.3185e-010
7125	1.257e-010
7126	1.2137e-010
7127	1.206e-010
7128	1.2119e-010
7129	1.204e-010
7130	1.1586e-010
7131	1.1309e-010
7132	1.0212e-010
7133	1.0221e-010
7134	9.6453e-011
7135	9.3058e-011
7136	1.274e-010
7137	1.4767e-010
7138	1.3011e-010
7139	9.2087e-011
7140	8.4609e-011
7141	1.0696e-010
7142	1.2844e-010
7143	9.2345e-011
7144	9.7779e-011
7145	9.9726e-011
7146	2.9198e-010
7147	5.9067e-010
7148	5.1816e-010
7149	1.1175e-009
7150	1.0512e-009
7151	1.2925e-010
7152	1.0103e-010
7153	8.2895e-011
7154	7.3463e-011
7155	7.2588e-011
7156	7.5488e-011
7157	7.7646e-011
7158	7.973e-011
7159	7.9973e-011
7160	8.3776e-011
7161	8.4991e-011
7162	8.5707e-011
7163	8.9887e-011
7164	8.919e-011
7165	9.3616e-011
7166	9.4103e-011
7167	9.6763e-011
7168	9.8927e-011
7169	1.0055e-010
7170	1.0385e-010
7171	1.0476e-010
7172	1.088e-010
7173	1.0966e-010
7174	1.136e-010
7175	1.1492e-010
7176	1.1812e-010
7177	1.2147e-010
7178	1.2231e-010
7179	1.2782e-010
7180	1.2756e-010
7181	1.3309e-010
7182	1.3526e-010
7183	1.3683e-010
7184	1.4213e-010
7185	1.4402e-010
7186	1.4666e-010
7187	1.5186e-010
7188	1.5479e-010
7189	1.5619e-010
7190	1.6182e-010
7191	1.6568e-010
7192	1.6869e-010
7193	1.7143e-010
7194	1.7613e-010
7195	1.806e-010
7196	1.8481e-010
7197	1.8872e-010
7198	1.9267e-010
7199	1.9694e-010
7200	2.0107e-010
7201	2.0602e-010
7202	2.1089e-010
7203	2.1567e-010
7204	2.2045e-010
7205	2.2549e-010
7206	2.3057e-010
7207	2.3509e-010
7208	2.4095e-010
7209	2.4655e-010
7210	2.5233e-010
7211	2.5966e-010
7212	2.6588e-010
7213	2.6886e-010
7214	2.7401e-010
7215	2.8627e-010
7216	2.8693e-010
7217	2.7483e-010
7218	2.6992e-010
7219	2.6878e-010
7220	2.6403e-010
7221	2.5677e-010
7222	2.5157e-010
7223	2.4541e-010
7224	2.3875e-010
7225	2.3592e-010
7226	2.3131e-010
7227	2.2655e-010
7228	2.222e-010
7229	2.1804e-010
7230	2.1264e-010
7231	2.071e-010
7232	2.0455e-010
7233	2.0221e-010
7234	1.9948e-010
7235	1.9771e-010
7236	1.9763e-010
7237	1.9449e-010
7238	1.8101e-010
7239	1.9113e-010
7240	1.8833e-010
7241	1.9125e-010
7242	1.7291e-010
7243	1.8198e-010
7244	1.856e-010
7245	1.5774e-010
7246	1.5694e-010
7247	1.8465e-010
7248	1.5254e-010
7249	1.598e-010
7250	1.8656e-010
7251	1.6553e-010
7252	1.9319e-010
7253	1.4165e-010
7254	1.5703e-010
7255	1.4037e-010
7256	1.2249e-010
7257	1.408e-010
7258	1.2076e-010
7259	1.3992e-010
7260	1.1673e-010
7261	1.2823e-010
7262	1.0888e-010
7263	1.1289e-010
7264	1.0867e-010
7265	1.0188e-010
7266	1.4436e-010
7267	1.4152e-010
7268	1.4757e-010
7269	9.6369e-011
7270	9.9489e-011
7271	1.2153e-010
7272	1.2619e-010
7273	1.1625e-010
7274	9.995e-011
7275	1.1216e-010
7276	3.2237e-010
7277	5.2818e-010
7278	4.42e-010
7279	1.2421e-009
7280	9.1e-010
7281	1.0365e-010
7282	7.981e-011
7283	6.7624e-011
7284	6.49e-011
7285	7.1525e-011
7286	7.0119e-011
7287	7.1503e-011
7288	7.534e-011
7289	7.6059e-011
7290	7.7785e-011
7291	7.9237e-011
7292	8.0751e-011
7293	8.3629e-011
7294	8.5054e-011
7295	8.7198e-011
7296	8.8444e-011
7297	9.0618e-011
7298	9.2937e-011
7299	9.4702e-011
7300	9.7297e-011
7301	9.9162e-011
7302	1.0167e-010
7303	1.0382e-010
7304	1.0623e-010
7305	1.0868e-010
7306	1.1101e-010
7307	1.1342e-010
7308	1.1645e-010
7309	1.1887e-010
7310	1.2183e-010
7311	1.243e-010
7312	1.269e-010
7313	1.3012e-010
7314	1.3265e-010
7315	1.3571e-010
7316	1.3907e-010
7317	1.4173e-010
7318	1.4537e-010
7319	1.4861e-010
7320	1.521e-010
7321	1.547e-010
7322	1.5904e-010
7323	1.6229e-010
7324	1.6634e-010
7325	1.6944e-010
7326	1.7316e-010
7327	1.7738e-010
7328	1.8145e-010
7329	1.8567e-010
7330	1.8974e-010
7331	1.9419e-010
7332	1.9835e-010
7333	2.028e-010
7334	2.0726e-010
7335	2.1193e-010
7336	2.1749e-010
7337	2.2167e-010
7338	2.2766e-010
7339	2.3236e-010
7340	2.372e-010
7341	2.4228e-010
7342	2.4909e-010
7343	2.5512e-010
7344	2.5928e-010
7345	2.6687e-010
7346	2.6799e-010
7347	2.6042e-010
7348	2.5693e-010
7349	2.5155e-010
7350	2.445e-010
7351	2.4011e-010
7352	2.3617e-010
7353	2.3263e-010
7354	2.2497e-010
7355	2.2261e-010
7356	2.1602e-010
7357	2.1188e-010
7358	2.0752e-010
7359	2.0342e-010
7360	2.0074e-010
7361	1.9494e-010
7362	1.9403e-010
7363	1.9038e-010
7364	1.8613e-010
7365	1.7861e-010
7366	1.7891e-010
7367	1.8644e-010
7368	1.7916e-010
7369	1.8151e-010
7370	1.6239e-010
7371	1.7574e-010
7372	1.7939e-010
7373	1.6661e-010
7374	1.5895e-010
7375	1.6027e-010
7376	1.4876e-010
7377	1.5621e-010
7378	1.6155e-010
7379	1.4209e-010
7380	1.5985e-010
7381	1.8225e-010
7382	1.5992e-010
7383	1.5455e-010
7384	1.3183e-010
7385	1.257e-010
7386	1.2143e-010
7387	1.2063e-010
7388	1.2125e-010
7389	1.2041e-010
7390	1.1593e-010
7391	1.1311e-010
7392	1.0216e-010
7393	1.0224e-010
7394	9.6526e-011
7395	9.309e-011
7396	1.2743e-010
7397	1.4772e-010
7398	1.3012e-010
7399	9.2093e-011
7400	8.4583e-011
7401	1.069e-010
7402	1.2839e-010
7403	9.2335e-011
7404	9.779e-011
7405	9.974e-011
7406	2.9199e-010
7407	5.9064e-010
7408	5.1816e-010
7409	1.1175e-009
7410	1.0513e-009
7411	1.0366e-010
7412	7.9776e-011
7413	6.7553e-011
7414	6.4822e-011
7415	7.1445e-011
7416	7.0037e-011
7417	7.144e-011
7418	7.5299e-011
7419	7.6015e-011
7420	7.7732e-011
7421	7.9185e-011
7422	8.0694e-011
7423	8.3618e-011
7424	8.5042e-011
7425	8.7148e-011
7426	8.8353e-011
7427	9.0481e-011
7428	9.2825e-011
7429	9.459e-011
7430	9.7224e-011
7431	9.9118e-011
7432	1.0161e-010
7433	1.0376e-010
7434	1.0621e-010
7435	1.0863e-010
7436	1.1092e-010
7437	1.133e-010
7438	1.1637e-010
7439	1.1877e-010
7440	1.2172e-010
7441	1.2416e-010
7442	1.2685e-010
7443	1.3013e-010
7444	1.3263e-010
7445	1.3567e-010
7446	1.3901e-010
7447	1.4172e-010
7448	1.4533e-010
7449	1.4854e-010
7450	1.5194e-010
7451	1.5453e-010
7452	1.5889e-010
7453	1.6215e-010
7454	1.6621e-010
7455	1.6933e-010
7456	1.7305e-010
7457	1.7731e-010
7458	1.8145e-010
7459	1.8563e-010
7460	1.8956e-010
7461	1.9392e-010
7462	1.9823e-010
7463	2.0269e-010
7464	2.0721e-010
7465	2.1181e-010
7466	2.1746e-010
7467	2.2161e-010
7468	2.276e-010
7469	2.3246e-010
7470	2.3747e-010
7471	2.424e-010
7472	2.4922e-010
7473	2.5528e-010
7474	2.5933e-010
7475	2.6696e-010
7476	2.6806e-010
7477	2.6046e-010
7478	2.5693e-010
7479	2.5151e-010
7480	2.4441e-010
7481	2.4008e-010
7482	2.3629e-010
7483	2.3278e-010
7484	2.2494e-010
7485	2.2261e-010
7486	2.1595e-010
7487	2.1186e-010
7488	2.0736e-010
7489	2.0323e-010
7490	2.0045e-010
7491	1.9523e-010
7492	1.9383e-010
7493	1.9045e-010
7494	1.8615e-010
7495	1.7862e-010
7496	1.7877e-010
7497	1.8672e-010
7498	1.7883e-010
7499	1.8179e-010
7500	1.6225e-010
7501	1.7572e-010
7502	1.7938e-010
7503	1.6661e-010
7504	1.5897e-010
7505	1.6031e-010
7506	1.4882e-010
7507	1.5635e-010
7508	1.6173e-010
7509	1.4224e-010
7510	1.6001e-010
7511	1.8246e-010
7512	1.6011e-010
7513	1.5475e-010
7514	1.3205e-010
7515	1.2594e-010
7516	1.2162e-010
7517	1.2079e-010
7518	1.2147e-010
7519	1.2061e-010
7520	1.1612e-010
7521	1.133e-010
7522	1.0234e-010
7523	1.0241e-010
7524	9.6625e-011
7525	9.3195e-011
7526	1.2751e-010
7527	1.4783e-010
7528	1.302e-010
7529	9.2207e-011
7530	8.4726e-011
7531	1.0704e-010
7532	1.2847e-010
7533	9.2398e-011
7534	9.7868e-011
7535	9.9792e-011
7536	2.9204e-010
7537	5.9072e-010
7538	5.1828e-010
7539	1.1176e-009
7540	1.0516e-009
7541	1.2935e-010
7542	1.0105e-010
7543	8.2821e-011
7544	7.3425e-011
7545	7.2511e-011
7546	7.5433e-011
7547	7.7574e-011
7548	7.9701e-011
7549	7.9949e-011
7550	8.3707e-011
7551	8.4844e-011
7552	8.5566e-011
7553	8.9867e-011
7554	8.9196e-011
7555	9.3596e-011
7556	9.3983e-011
7557	9.66e-011
7558	9.8779e-011
7559	1.0049e-010
7560	1.0378e-010
7561	1.0482e-010
7562	1.0879e-010
7563	1.0968e-010
7564	1.1362e-010
7565	1.1495e-010
7566	1.1812e-010
7567	1.214e-010
7568	1.2223e-010
7569	1.2776e-010
7570	1.2751e-010
7571	1.33e-010
7572	1.3525e-010
7573	1.368e-010
7574	1.4203e-010
7575	1.4391e-010
7576	1.4656e-010
7577	1.5179e-010
7578	1.5481e-010
7579	1.5608e-010
7580	1.6162e-010
7581	1.6551e-010
7582	1.6861e-010
7583	1.7116e-010
7584	1.7598e-010
7585	1.8033e-010
7586	1.8459e-010
7587	1.8847e-010
7588	1.9258e-010
7589	1.9683e-010
7590	2.0088e-010
7591	2.0576e-010
7592	2.1064e-010
7593	2.1551e-010
7594	2.2032e-010
7595	2.2534e-010
7596	2.3063e-010
7597	2.3506e-010
7598	2.4094e-010
7599	2.467e-010
7600	2.5274e-010
7601	2.6002e-010
7602	2.6585e-010
7603	2.6912e-010
7604	2.7409e-010
7605	2.8643e-010
7606	2.8699e-010
7607	2.7506e-010
7608	2.7005e-010
7609	2.6876e-010
7610	2.6403e-010
7611	2.5686e-010
7612	2.5148e-010
7613	2.4546e-010
7614	2.3878e-010
7615	2.3594e-010
7616	2.3143e-010
7617	2.2655e-010
7618	2.2191e-010
7619	2.176e-010
7620	2.1264e-010
7621	2.0652e-010
7622	2.0475e-010
7623	2.0222e-010
7624	1.9933e-010
7625	1.9774e-010
7626	1.9761e-010
7627	1.9435e-010
7628	1.8073e-010
7629	1.91e-010
7630	1.8842e-010
7631	1.9128e-010
7632	1.7289e-010
7633	1.8202e-010
7634	1.8563e-010
7635	1.5781e-010
7636	1.5697e-010
7637	1.8485e-010
7638	1.5282e-010
7639	1.6004e-010
7640	1.8687e-010
7641	1.6588e-010
7642	1.9351e-010
7643	1.4196e-010
7644	1.5735e-010
7645	1.4071e-010
7646	1.2283e-010
7647	1.4115e-010
7648	1.2118e-010
7649	1.4029e-010
7650	1.1709e-010
7651	1.2854e-010
7652	1.0923e-010
7653	1.1321e-010
7654	1.0888e-010
7655	1.0209e-010
7656	1.4451e-010
7657	1.4165e-010
7658	1.477e-010
7659	9.6483e-011
7660	9.9646e-011
7661	1.2162e-010
7662	1.2626e-010
7663	1.1636e-010
7664	1.0005e-010
7665	1.1225e-010
7666	3.2249e-010
7667	5.2831e-010
7668	4.4217e-010
7669	1.2423e-009
7670	9.103e-010
7671	1.0366e-010
7672	7.9777e-011
7673	6.7554e-011
7674	6.4822e-011
7675	7.1444e-011
7676	7.0037e-011
7677	7.144e-011
7678	7.5301e-011
7679	7.6014e-011
7680	7.7732e-011
7681	7.9187e-011
7682	8.0696e-011
7683	8.362e-011
7684	8.5044e-011
7685	8.7148e-011
7686	8.8353e-011
7687	9.0481e-011
7688	9.2825e-011
7689	9.459e-011
7690	9.7224e-011
7691	9.9117e-011
7692	1.0161e-010
7693	1.0376e-010
7694	1.0621e-010
7695	1.0863e-010
7696	1.1092e-010
7697	1.133e-010
7698	1.1637e-010
7699	1.1877e-010
7700	1.2172e-010
7701	1.2416e-010
7702	1.2685e-010
7703	1.3013e-010
7704	1.3263e-010
7705	1.3567e-010
7706	1.3901e-010
7707	1.4171e-010
7708	1.4533e-010
7709	1.4854e-010
7710	1.5194e-010
7711	1.5453e-010
7712	1.5889e-010
7713	1.6216e-010
7714	1.6622e-010
7715	1.6933e-010
7716	1.7305e-010
7717	1.7731e-010
7718	1.8145e-010
7719	1.8563e-010
7720	1.8957e-010
7721	1.9393e-010
7722	1.9823e-010
7723	2.0269e-010
7724	2.0721e-010
7725	2.1181e-010
7726	2.1746e-010
7727	2.2161e-010
7728	2.276e-010
7729	2.3246e-010
7730	2.3747e-010
7731	2.424e-010
7732	2.4923e-010
7733	2.5528e-010
7734	2.5933e-010
7735	2.6697e-010
7736	2.6807e-010
7737	2.6046e-010
7738	2.5693e-010
7739	2.5147e-010
7740	2.4442e-010
7741	2.4008e-010
7742	2.363e-010
7743	2.3279e-010
7744	2.2494e-010
7745	2.2261e-010
7746	2.1595e-010
7747	2.1183e-010
7748	2.0736e-010
7749	2.0328e-010
7750	2.0043e-010
7751	1.9528e-010
7752	1.9375e-010
7753	1.9049e-010
7754	1.8616e-010
7755	1.786e-010
7756	1.7885e-010
7757	1.8641e-010
7758	1.7931e-010
7759	1.8153e-010
7760	1.6238e-010
7761	1.7568e-010
7762	1.7941e-010
7763	1.6658e-010
7764	1.5896e-010
7765	1.6031e-010
7766	1.4882e-010
7767	1.5635e-010
7768	1.6173e-010
7769	1.4224e-010
7770	1.6001e-010
7771	1.8246e-010
7772	1.6011e-010
7773	1.5475e-010
7774	1.3205e-010
7775	1.2594e-010
7776	1.2162e-010
7777	1.2079e-010
7778	1.2146e-010
7779	1.2061e-010
7780	1.1613e-010
7781	1.133e-010
7782	1.0234e-010
7783	1.0241e-010
7784	9.6627e-011
7785	9.3194e-011
7786	1.2751e-010
7787	1.4783e-010
7788	1.302e-010
7789	9.2218e-011
7790	8.4723e-011
7791	1.0704e-010
7792	1.2846e-010
7793	9.2397e-011
7794	9.7867e-011
7795	9.9791e-011
7796	2.9205e-010
7797	5.9072e-010
7798	5.1828e-010
7799	1.1176e-009
7800	1.0516e-009
7801	1.0365e-010
7802	7.9809e-011
7803	6.7624e-011
7804	6.4899e-011
7805	7.1533e-011
7806	7.0124e-011
7807	7.1503e-011
7808	7.5341e-011
7809	7.6048e-011
7810	7.7777e-011
7811	7.9238e-011
7812	8.0741e-011
7813	8.3635e-011
7814	8.5059e-011
7815	8.72e-011
7816	8.845e-011
7817	9.0627e-011
7818	9.2945e-011
7819	9.4706e-011
7820	9.7286e-011
7821	9.9167e-011
7822	1.0166e-010
7823	1.0381e-010
7824	1.0621e-010
7825	1.0869e-010
7826	1.1098e-010
7827	1.1342e-010
7828	1.1646e-010
7829	1.1887e-010
7830	1.2184e-010
7831	1.2431e-010
7832	1.2688e-010
7833	1.3011e-010
7834	1.3266e-010
7835	1.3571e-010
7836	1.3907e-010
7837	1.4173e-010
7838	1.4539e-010
7839	1.4861e-010
7840	1.521e-010
7841	1.547e-010
7842	1.5904e-010
7843	1.6229e-010
7844	1.6634e-010
7845	1.6941e-010
7846	1.7316e-010
7847	1.7738e-010
7848	1.8145e-010
7849	1.8568e-010
7850	1.8975e-010
7851	1.942e-010
7852	1.9835e-010
7853	2.0283e-010
7854	2.0727e-010
7855	2.119e-010
7856	2.175e-010
7857	2.2167e-010
7858	2.2766e-010
7859	2.3236e-010
7860	2.3721e-010
7861	2.4228e-010
7862	2.491e-010
7863	2.5514e-010
7864	2.5929e-010
7865	2.6685e-010
7866	2.6795e-010
7867	2.6038e-010
7868	2.5694e-010
7869	2.5156e-010
7870	2.445e-010
7871	2.4012e-010
7872	2.3618e-010
7873	2.3264e-010
7874	2.2498e-010
7875	2.2263e-010
7876	2.1599e-010
7877	2.1189e-010
7878	2.0749e-010
7879	2.035e-010
7880	2.0052e-010
7881	1.9532e-010
7882	1.9374e-010
7883	1.9046e-010
7884	1.861e-010
7885	1.7858e-010
7886	1.7893e-010
7887	1.8628e-010
7888	1.7959e-010
7889	1.8135e-010
7890	1.6242e-010
7891	1.7583e-010
7892	1.792e-010
7893	1.6662e-010
7894	1.5893e-010
7895	1.6025e-010
7896	1.4877e-010
7897	1.5622e-010
7898	1.6154e-010
7899	1.4208e-010
7900	1.5987e-010
7901	1.8224e-010
7902	1.5993e-010
7903	1.5455e-010
7904	1.3183e-010
7905	1.2571e-010
7906	1.2142e-010
7907	1.2062e-010
7908	1.2124e-010
7909	1.204e-010
7910	1.1591e-010
7911	1.1312e-010
7912	1.0215e-010
7913	1.0225e-010
7914	9.6499e-011
7915	9.3094e-011
7916	1.2742e-010
7917	1.4772e-010
7918	1.3011e-010
7919	9.2089e-011
7920	8.4588e-011
7921	1.069e-010
7922	1.2839e-010
7923	9.2336e-011
7924	9.7791e-011
7925	9.974e-011
7926	2.9199e-010
7927	5.9064e-010
7928	5.1815e-010
7929	1.1175e-009
7930	1.0513e-009
7931	1.2926e-010
7932	1.0101e-010
7933	8.2917e-011
7934	7.3459e-011
7935	7.2582e-011
7936	7.551e-011
7937	7.7656e-011
7938	7.9745e-011
7939	7.9963e-011
7940	8.3784e-011
7941	8.4999e-011
7942	8.5701e-011
7943	8.9895e-011
7944	8.9195e-011
7945	9.3609e-011
7946	9.4104e-011
7947	9.6777e-011
7948	9.8929e-011
7949	1.0058e-010
7950	1.0384e-010
7951	1.0478e-010
7952	1.0881e-010
7953	1.0965e-010
7954	1.1361e-010
7955	1.1493e-010
7956	1.1812e-010
7957	1.2146e-010
7958	1.223e-010
7959	1.2781e-010
7960	1.2758e-010
7961	1.3309e-010
7962	1.3528e-010
7963	1.3682e-010
7964	1.4216e-010
7965	1.4402e-010
7966	1.4666e-010
7967	1.5184e-010
7968	1.5481e-010
7969	1.5621e-010
7970	1.6184e-010
7971	1.6568e-010
7972	1.6869e-010
7973	1.7142e-010
7974	1.7617e-010
7975	1.8058e-010
7976	1.8482e-010
7977	1.8869e-010
7978	1.9266e-010
7979	1.9691e-010
7980	2.0115e-010
7981	2.0603e-010
7982	2.1086e-010
7983	2.1566e-010
7984	2.2049e-010
7985	2.2546e-010
7986	2.3055e-010
7987	2.3507e-010
7988	2.4097e-010
7989	2.4652e-010
7990	2.5231e-010
7991	2.5964e-010
7992	2.6586e-010
7993	2.6888e-010
7994	2.7398e-010
7995	2.8624e-010
7996	2.869e-010
7997	2.748e-010
7998	2.699e-010
7999	2.6885e-010
8000	2.64e-010
8001	2.568e-010
8002	2.5157e-010
8003	2.4544e-010
8004	2.387e-010
8005	2.3591e-010
8006	2.3138e-010
8007	2.2651e-010
8008	2.2229e-010
8009	2.1799e-010
8010	2.1286e-010
8011	2.0653e-010
8012	2.0475e-010
8013	2.023e-010
8014	1.9934e-010
8015	1.9775e-010
8016	1.9767e-010
8017	1.9471e-010
8018	1.8062e-010
8019	1.9129e-010
8020	1.8833e-010
8021	1.9131e-010
8022	1.7325e-010
8023	1.8206e-010
8024	1.8559e-010
8025	1.5777e-010
8026	1.5692e-010
8027	1.8465e-010
8028	1.5256e-010
8029	1.5978e-010
8030	1.8654e-010
8031	1.6551e-010
8032	1.9319e-010
8033	1.4163e-010
8034	1.5702e-010
8035	1.4036e-010
8036	1.2249e-010
8037	1.4079e-010
8038	1.2074e-010
8039	1.3991e-010
8040	1.1671e-010
8041	1.2821e-010
8042	1.0885e-010
8043	1.1288e-010
8044	1.0867e-010
8045	1.0187e-010
8046	1.4435e-010
8047	1.415e-010
8048	1.4757e-010
8049	9.6345e-011
8050	9.9493e-011
8051	1.2152e-010
8052	1.2617e-010
8053	1.1626e-010
8054	9.9939e-011
8055	1.1218e-010
8056	3.2237e-010
8057	5.282e-010
8058	4.4199e-010
8059	1.2422e-009
8060	9.0999e-010
8061	1.037e-010
8062	7.9819e-011
8063	6.7625e-011
8064	6.4908e-011
8065	7.1535e-011
8066	7.0119e-011
8067	7.1527e-011
8068	7.5364e-011
8069	7.6099e-011
8070	7.7801e-011
8071	7.9227e-011
8072	8.0747e-011
8073	8.366e-011
8074	8.5077e-011
8075	8.7239e-011
8076	8.8467e-011
8077	9.0596e-011
8078	9.29e-011
8079	9.4663e-011
8080	9.7267e-011
8081	9.9146e-011
8082	1.0167e-010
8083	1.0382e-010
8084	1.0624e-010
8085	1.087e-010
8086	1.11e-010
8087	1.1342e-010
8088	1.165e-010
8089	1.189e-010
8090	1.2181e-010
8091	1.2423e-010
8092	1.2685e-010
8093	1.3016e-010
8094	1.3272e-010
8095	1.358e-010
8096	1.3911e-010
8097	1.4175e-010
8098	1.4544e-010
8099	1.4867e-010
8100	1.5213e-010
8101	1.5468e-010
8102	1.5903e-010
8103	1.6228e-010
8104	1.664e-010
8105	1.6951e-010
8106	1.7322e-010
8107	1.7741e-010
8108	1.8148e-010
8109	1.8578e-010
8110	1.8965e-010
8111	1.942e-010
8112	1.9842e-010
8113	2.0286e-010
8114	2.0742e-010
8115	2.1196e-010
8116	2.1752e-010
8117	2.2169e-010
8118	2.2766e-010
8119	2.3237e-010
8120	2.3722e-010
8121	2.4221e-010
8122	2.4907e-010
8123	2.5528e-010
8124	2.5919e-010
8125	2.6692e-010
8126	2.6781e-010
8127	2.6038e-010
8128	2.5693e-010
8129	2.5151e-010
8130	2.4439e-010
8131	2.4026e-010
8132	2.3623e-010
8133	2.3265e-010
8134	2.2503e-010
8135	2.2262e-010
8136	2.1593e-010
8137	2.1171e-010
8138	2.0746e-010
8139	2.0345e-010
8140	2.0058e-010
8141	1.9535e-010
8142	1.9386e-010
8143	1.9052e-010
8144	1.8617e-010
8145	1.7865e-010
8146	1.791e-010
8147	1.861e-010
8148	1.797e-010
8149	1.8113e-010
8150	1.625e-010
8151	1.7712e-010
8152	1.7985e-010
8153	1.6783e-010
8154	1.5884e-010
8155	1.6022e-010
8156	1.4873e-010
8157	1.5626e-010
8158	1.6147e-010
8159	1.4203e-010
8160	1.5981e-010
8161	1.822e-010
8162	1.5994e-010
8163	1.545e-010
8164	1.3185e-010
8165	1.2571e-010
8166	1.2134e-010
8167	1.206e-010
8168	1.2119e-010
8169	1.204e-010
8170	1.1587e-010
8171	1.1308e-010
8172	1.0209e-010
8173	1.0221e-010
8174	9.6458e-011
8175	9.3049e-011
8176	1.2741e-010
8177	1.4767e-010
8178	1.3011e-010
8179	9.2076e-011
8180	8.4621e-011
8181	1.0696e-010
8182	1.2844e-010
8183	9.2352e-011
8184	9.779e-011
8185	9.974e-011
8186	2.9198e-010
8187	5.907e-010
8188	5.1815e-010
8189	1.1175e-009
8190	1.0513e-009
8191	1.037e-010
8192	7.982e-011
8193	6.7626e-011
8194	6.4901e-011
8195	7.154e-011
8196	7.0119e-011
8197	7.1514e-011
8198	7.5367e-011
8199	7.6089e-011
8200	7.7805e-011
8201	7.9216e-011
8202	8.0749e-011
8203	8.3662e-011
8204	8.5079e-011
8205	8.7241e-011
8206	8.8476e-011
8207	9.0605e-011
8208	9.2905e-011
8209	9.4653e-011
8210	9.7269e-011
8211	9.9147e-011
8212	1.0166e-010
8213	1.0383e-010
8214	1.0625e-010
8215	1.087e-010
8216	1.11e-010
8217	1.1342e-010
8218	1.165e-010
8219	1.189e-010
8220	1.2181e-010
8221	1.2423e-010
8222	1.2685e-010
8223	1.3016e-010
8224	1.3271e-010
8225	1.3581e-010
8226	1.3911e-010
8227	1.4175e-010
8228	1.4544e-010
8229	1.4867e-010
8230	1.5213e-010
8231	1.5468e-010
8232	1.5903e-010
8233	1.6228e-010
8234	1.6641e-010
8235	1.6952e-010
8236	1.7324e-010
8237	1.7742e-010
8238	1.8149e-010
8239	1.8579e-010
8240	1.8966e-010
8241	1.9417e-010
8242	1.9843e-010
8243	2.0283e-010
8244	2.0743e-010
8245	2.1195e-010
8246	2.1748e-010
8247	2.217e-010
8248	2.2766e-010
8249	2.3238e-010
8250	2.3724e-010
8251	2.4218e-010
8252	2.4908e-010
8253	2.5528e-010
8254	2.5919e-010
8255	2.6693e-010
8256	2.6778e-010
8257	2.6039e-010
8258	2.5693e-010
8259	2.5152e-010
8260	2.4436e-010
8261	2.4024e-010
8262	2.3624e-010
8263	2.3262e-010
8264	2.2503e-010
8265	2.2262e-010
8266	2.1593e-010
8267	2.1171e-010
8268	2.0746e-010
8269	2.0345e-010
8270	2.0059e-010
8271	1.9532e-010
8272	1.9385e-010
8273	1.9052e-010
8274	1.8617e-010
8275	1.7863e-010
8276	1.7901e-010
8277	1.8637e-010
8278	1.7937e-010
8279	1.8139e-010
8280	1.6268e-010
8281	1.7684e-010
8282	1.8204e-010
8283	1.6754e-010
8284	1.5911e-010
8285	1.6024e-010
8286	1.4875e-010
8287	1.5623e-010
8288	1.6149e-010
8289	1.4203e-010
8290	1.5982e-010
8291	1.822e-010
8292	1.5994e-010
8293	1.545e-010
8294	1.3186e-010
8295	1.2571e-010
8296	1.2134e-010
8297	1.206e-010
8298	1.2118e-010
8299	1.2041e-010
8300	1.1587e-010
8301	1.1308e-010
8302	1.0209e-010
8303	1.0221e-010
8304	9.6463e-011
8305	9.3054e-011
8306	1.2742e-010
8307	1.4767e-010
8308	1.3011e-010
8309	9.2078e-011
8310	8.4623e-011
8311	1.0696e-010
8312	1.2844e-010
8313	9.2354e-011
8314	9.7795e-011
8315	9.9746e-011
8316	2.9199e-010
8317	5.907e-010
8318	5.1815e-010
8319	1.1176e-009
8320	1.0513e-009
8321	1.2926e-010
8322	1.0102e-010
8323	8.2905e-011
8324	7.3478e-011
8325	7.2586e-011
8326	7.5517e-011
8327	7.7648e-011
8328	7.9738e-011
8329	7.9972e-011
8330	8.3779e-011
8331	8.4992e-011
8332	8.5712e-011
8333	8.9901e-011
8334	8.9188e-011
8335	9.36e-011
8336	9.4126e-011
8337	9.6781e-011
8338	9.8919e-011
8339	1.0057e-010
8340	1.0382e-010
8341	1.0479e-010
8342	1.0881e-010
8343	1.0964e-010
8344	1.136e-010
8345	1.1496e-010
8346	1.1811e-010
8347	1.2147e-010
8348	1.2229e-010
8349	1.278e-010
8350	1.2759e-010
8351	1.3312e-010
8352	1.3527e-010
8353	1.3681e-010
8354	1.422e-010
8355	1.4399e-010
8356	1.4668e-010
8357	1.5184e-010
8358	1.5479e-010
8359	1.5616e-010
8360	1.6183e-010
8361	1.6568e-010
8362	1.6869e-010
8363	1.7142e-010
8364	1.7619e-010
8365	1.806e-010
8366	1.8483e-010
8367	1.887e-010
8368	1.9264e-010
8369	1.9697e-010
8370	2.0113e-010
8371	2.0601e-010
8372	2.1084e-010
8373	2.1571e-010
8374	2.2051e-010
8375	2.2543e-010
8376	2.3061e-010
8377	2.3505e-010
8378	2.4096e-010
8379	2.4653e-010
8380	2.5233e-010
8381	2.5967e-010
8382	2.6583e-010
8383	2.6885e-010
8384	2.7405e-010
8385	2.8627e-010
8386	2.8696e-010
8387	2.748e-010
8388	2.6988e-010
8389	2.6883e-010
8390	2.6402e-010
8391	2.568e-010
8392	2.5154e-010
8393	2.4542e-010
8394	2.3869e-010
8395	2.359e-010
8396	2.3137e-010
8397	2.2652e-010
8398	2.2226e-010
8399	2.1797e-010
8400	2.1288e-010
8401	2.0649e-010
8402	2.0473e-010
8403	2.0225e-010
8404	1.9936e-010
8405	1.9767e-010
8406	1.9775e-010
8407	1.9472e-010
8408	1.8031e-010
8409	1.9122e-010
8410	1.8846e-010
8411	1.9248e-010
8412	1.7348e-010
8413	1.8312e-010
8414	1.8563e-010
8415	1.5773e-010
8416	1.5697e-010
8417	1.8464e-010
8418	1.5256e-010
8419	1.5977e-010
8420	1.8653e-010
8421	1.6557e-010
8422	1.9319e-010
8423	1.4162e-010
8424	1.5704e-010
8425	1.4037e-010
8426	1.2251e-010
8427	1.4081e-010
8428	1.2073e-010
8429	1.399e-010
8430	1.1671e-010
8431	1.2821e-010
8432	1.0886e-010
8433	1.1289e-010
8434	1.0867e-010
8435	1.0185e-010
8436	1.4438e-010
8437	1.4149e-010
8438	1.4757e-010
8439	9.6329e-011
8440	9.9486e-011
8441	1.2151e-010
8442	1.2616e-010
8443	1.1626e-010
8444	9.9956e-011
8445	1.1217e-010
8446	3.2239e-010
8447	5.2819e-010
8448	4.4197e-010
8449	1.2422e-009
8450	9.0999e-010
8451	1.0366e-010
8452	7.98e-011
8453	6.7617e-011
8454	6.4904e-011
8455	7.1535e-011
8456	7.0117e-011
8457	7.1496e-011
8458	7.5344e-011
8459	7.6048e-011
8460	7.7782e-011
8461	7.9213e-011
8462	8.0745e-011
8463	8.3642e-011
8464	8.506e-011
8465	8.7208e-011
8466	8.8455e-011
8467	9.0631e-011
8468	9.2946e-011
8469	9.4676e-011
8470	9.73e-011
8471	9.9178e-011
8472	1.0166e-010
8473	1.0381e-010
8474	1.0622e-010
8475	1.087e-010
8476	1.1099e-010
8477	1.1341e-010
8478	1.1647e-010
8479	1.1888e-010
8480	1.2185e-010
8481	1.2432e-010
8482	1.2689e-010
8483	1.3013e-010
8484	1.3265e-010
8485	1.3572e-010
8486	1.3908e-010
8487	1.4173e-010
8488	1.4537e-010
8489	1.4862e-010
8490	1.5212e-010
8491	1.5469e-010
8492	1.5904e-010
8493	1.6229e-010
8494	1.6632e-010
8495	1.6942e-010
8496	1.7317e-010
8497	1.7739e-010
8498	1.8147e-010
8499	1.8569e-010
8500	1.8972e-010
8501	1.9417e-010
8502	1.9836e-010
8503	2.0282e-010
8504	2.0728e-010
8505	2.119e-010
8506	2.1751e-010
8507	2.2168e-010
8508	2.2767e-010
8509	2.3238e-010
8510	2.3723e-010
8511	2.422e-010
8512	2.4912e-010
8513	2.5518e-010
8514	2.5929e-010
8515	2.6686e-010
8516	2.6797e-010
8517	2.6041e-010
8518	2.5693e-010
8519	2.5154e-010
8520	2.4448e-010
8521	2.4013e-010
8522	2.3619e-010
8523	2.3264e-010
8524	2.2498e-010
8525	2.2265e-010
8526	2.1599e-010
8527	2.1189e-010
8528	2.0749e-010
8529	2.0348e-010
8530	2.0049e-010
8531	1.9529e-010
8532	1.9376e-010
8533	1.9047e-010
8534	1.8613e-010
8535	1.7859e-010
8536	1.7898e-010
8537	1.8612e-010
8538	1.7932e-010
8539	1.8117e-010
8540	1.6233e-010
8541	1.7635e-010
8542	1.7912e-010
8543	1.6714e-010
8544	1.5879e-010
8545	1.6026e-010
8546	1.4874e-010
8547	1.5624e-010
8548	1.6154e-010
8549	1.4209e-010
8550	1.5986e-010
8551	1.8224e-010
8552	1.5991e-010
8553	1.5455e-010
8554	1.3183e-010
8555	1.2571e-010
8556	1.2142e-010
8557	1.2061e-010
8558	1.2124e-010
8559	1.2039e-010
8560	1.1592e-010
8561	1.1313e-010
8562	1.0215e-010
8563	1.0226e-010
8564	9.6488e-011
8565	9.3092e-011
8566	1.2743e-010
8567	1.4774e-010
8568	1.301e-010
8569	9.2093e-011
8570	8.4591e-011
8571	1.069e-010
8572	1.2839e-010
8573	9.2311e-011
8574	9.7796e-011
8575	9.9742e-011
8576	2.9199e-010
8577	5.9064e-010
8578	5.1819e-010
8579	1.1175e-009
8580	1.0513e-009
8581	1.0365e-010
8582	7.9777e-011
8583	6.7551e-011
8584	6.4829e-011
8585	7.1451e-011
8586	7.0032e-011
8587	7.1446e-011
8588	7.5298e-011
8589	7.6021e-011
8590	7.7736e-011
8591	7.9166e-011
8592	8.0702e-011
8593	8.3626e-011
8594	8.5039e-011
8595	8.7158e-011
8596	8.836e-011
8597	9.0493e-011
8598	9.2802e-011
8599	9.4597e-011
8600	9.723e-011
8601	9.9109e-011
8602	1.0162e-010
8603	1.0377e-010
8604	1.0623e-010
8605	1.0864e-010
8606	1.1094e-010
8607	1.133e-010
8608	1.1638e-010
8609	1.1875e-010
8610	1.2172e-010
8611	1.2417e-010
8612	1.2683e-010
8613	1.3012e-010
8614	1.3263e-010
8615	1.3569e-010
8616	1.3901e-010
8617	1.4171e-010
8618	1.4532e-010
8619	1.4858e-010
8620	1.5193e-010
8621	1.5454e-010
8622	1.5888e-010
8623	1.6217e-010
8624	1.6623e-010
8625	1.6935e-010
8626	1.7304e-010
8627	1.7733e-010
8628	1.814e-010
8629	1.8566e-010
8630	1.8958e-010
8631	1.9393e-010
8632	1.9823e-010
8633	2.0269e-010
8634	2.072e-010
8635	2.1184e-010
8636	2.1748e-010
8637	2.2162e-010
8638	2.2763e-010
8639	2.3249e-010
8640	2.3749e-010
8641	2.4241e-010
8642	2.4919e-010
8643	2.5527e-010
8644	2.5931e-010
8645	2.6701e-010
8646	2.6804e-010
8647	2.6047e-010
8648	2.5695e-010
8649	2.5145e-010
8650	2.4443e-010
8651	2.4009e-010
8652	2.363e-010
8653	2.3279e-010
8654	2.2489e-010
8655	2.226e-010
8656	2.1596e-010
8657	2.1183e-010
8658	2.0736e-010
8659	2.0328e-010
8660	2.0044e-010
8661	1.9529e-010
8662	1.9379e-010
8663	1.905e-010
8664	1.8615e-010
8665	1.7861e-010
8666	1.7881e-010
8667	1.8664e-010
8668	1.7704e-010
8669	1.8166e-010
8670	1.6224e-010
8671	1.7578e-010
8672	1.7916e-010
8673	1.667e-010
8674	1.5887e-010
8675	1.6033e-010
8676	1.4881e-010
8677	1.5637e-010
8678	1.6171e-010
8679	1.4227e-010
8680	1.6004e-010
8681	1.8247e-010
8682	1.6012e-010
8683	1.5476e-010
8684	1.3203e-010
8685	1.2594e-010
8686	1.2161e-010
8687	1.208e-010
8688	1.2148e-010
8689	1.2062e-010
8690	1.1612e-010
8691	1.1329e-010
8692	1.0233e-010
8693	1.0241e-010
8694	9.6626e-011
8695	9.319e-011
8696	1.275e-010
8697	1.4782e-010
8698	1.3018e-010
8699	9.2221e-011
8700	8.47e-011
8701	1.07e-010
8702	1.2846e-010
8703	9.2391e-011
8704	9.7872e-011
8705	9.9804e-011
8706	2.9205e-010
8707	5.9075e-010
8708	5.1826e-010
8709	1.1176e-009
8710	1.0516e-009
8711	1.2936e-010
8712	1.0105e-010
8713	8.283e-011
8714	7.3414e-011
8715	7.2493e-011
8716	7.5411e-011
8717	7.7585e-011
8718	7.9675e-011
8719	7.9921e-011
8720	8.3694e-011
8721	8.4855e-011
8722	8.5584e-011
8723	8.9845e-011
8724	8.9212e-011
8725	9.3609e-011
8726	9.3995e-011
8727	9.6616e-011
8728	9.8769e-011
8729	1.0047e-010
8730	1.0384e-010
8731	1.048e-010
8732	1.0881e-010
8733	1.0965e-010
8734	1.1364e-010
8735	1.1493e-010
8736	1.1807e-010
8737	1.214e-010
8738	1.222e-010
8739	1.2772e-010
8740	1.2756e-010
8741	1.3306e-010
8742	1.3522e-010
8743	1.3679e-010
8744	1.4207e-010
8745	1.4391e-010
8746	1.4656e-010
8747	1.5181e-010
8748	1.548e-010
8749	1.5611e-010
8750	1.6169e-010
8751	1.6549e-010
8752	1.6858e-010
8753	1.7118e-010
8754	1.7592e-010
8755	1.8035e-010
8756	1.8459e-010
8757	1.885e-010
8758	1.9258e-010
8759	1.9683e-010
8760	2.009e-010
8761	2.0569e-010
8762	2.1064e-010
8763	2.1556e-010
8764	2.2027e-010
8765	2.2536e-010
8766	2.3057e-010
8767	2.3501e-010
8768	2.4085e-010
8769	2.468e-010
8770	2.527e-010
8771	2.5991e-010
8772	2.6582e-010
8773	2.6904e-010
8774	2.7422e-010
8775	2.8639e-010
8776	2.8702e-010
8777	2.7513e-010
8778	2.6999e-010
8779	2.688e-010
8780	2.6399e-010
8781	2.5685e-010
8782	2.5142e-010
8783	2.4562e-010
8784	2.388e-010
8785	2.3587e-010
8786	2.3165e-010
8787	2.2653e-010
8788	2.2193e-010
8789	2.1755e-010
8790	2.1279e-010
8791	2.0651e-010
8792	2.0483e-010
8793	2.0222e-010
8794	1.9941e-010
8795	1.9778e-010
8796	1.9746e-010
8797	1.9256e-010
8798	1.8077e-010
8799	1.8909e-010
8800	1.8836e-010
8801	1.9111e-010
8802	1.7257e-010
8803	1.8184e-010
8804	1.8568e-010
8805	1.578e-010
8806	1.5703e-010
8807	1.8481e-010
8808	1.5279e-010
8809	1.6e-010
8810	1.8688e-010
8811	1.6584e-010
8812	1.9348e-010
8813	1.4199e-010
8814	1.5737e-010
8815	1.4068e-010
8816	1.2287e-010
8817	1.4116e-010
8818	1.212e-010
8819	1.4031e-010
8820	1.1717e-010
8821	1.2852e-010
8822	1.092e-010
8823	1.1318e-010
8824	1.0889e-010
8825	1.0207e-010
8826	1.4451e-010
8827	1.4166e-010
8828	1.477e-010
8829	9.6458e-011
8830	9.967e-011
8831	1.2165e-010
8832	1.2621e-010
8833	1.1635e-010
8834	1.0007e-010
8835	1.1227e-010
8836	3.225e-010
8837	5.2827e-010
8838	4.4215e-010
8839	1.2422e-009
8840	9.1029e-010
8841	1.0365e-010
8842	7.9775e-011
8843	6.7548e-011
8844	6.4828e-011
8845	7.1451e-011
8846	7.0032e-011
8847	7.1446e-011
8848	7.5298e-011
8849	7.6022e-011
8850	7.7737e-011
8851	7.9167e-011
8852	8.0707e-011
8853	8.3628e-011
8854	8.5039e-011
8855	8.7161e-011
8856	8.8362e-011
8857	9.0494e-011
8858	9.2803e-011
8859	9.4597e-011
8860	9.723e-011
8861	9.9108e-011
8862	1.0162e-010
8863	1.0378e-010
8864	1.0623e-010
8865	1.0864e-010
8866	1.1094e-010
8867	1.133e-010
8868	1.1638e-010
8869	1.1875e-010
8870	1.2172e-010
8871	1.2417e-010
8872	1.2684e-010
8873	1.3012e-010
8874	1.3264e-010
8875	1.3569e-010
8876	1.3902e-010
8877	1.417e-010
8878	1.4526e-010
8879	1.4868e-010
8880	1.5186e-010
8881	1.5455e-010
8882	1.5889e-010
8883	1.6218e-010
8884	1.6624e-010
8885	1.6935e-010
8886	1.7304e-010
8887	1.7733e-010
8888	1.8141e-010
8889	1.8566e-010
8890	1.8958e-010
8891	1.9392e-010
8892	1.9823e-010
8893	2.0269e-010
8894	2.0721e-010
8895	2.1184e-010
8896	2.1748e-010
8897	2.2163e-010
8898	2.2764e-010
8899	2.3249e-010
8900	2.3749e-010
8901	2.4241e-010
8902	2.4919e-010
8903	2.5527e-010
8904	2.5932e-010
8905	2.6701e-010
8906	2.6804e-010
8907	2.6047e-010
8908	2.5695e-010
8909	2.5142e-010
8910	2.4444e-010
8911	2.4009e-010
8912	2.3629e-010
8913	2.3279e-010
8914	2.2489e-010
8915	2.226e-010
8916	2.1596e-010
8917	2.1183e-010
8918	2.0736e-010
8919	2.0324e-010
8920	2.0045e-010
8921	1.9529e-010
8922	1.9379e-010
8923	1.905e-010
8924	1.8615e-010
8925	1.786e-010
8926	1.7899e-010
8927	1.8638e-010
8928	1.7718e-010
8929	1.8136e-010
8930	1.6236e-010
8931	1.7576e-010
8932	1.7906e-010
8933	1.6663e-010
8934	1.5885e-010
8935	1.6034e-010
8936	1.4883e-010
8937	1.5632e-010
8938	1.6171e-010
8939	1.4227e-010
8940	1.6003e-010
8941	1.8246e-010
8942	1.6012e-010
8943	1.5476e-010
8944	1.3203e-010
8945	1.2594e-010
8946	1.216e-010
8947	1.208e-010
8948	1.2147e-010
8949	1.2062e-010
8950	1.1612e-010
8951	1.1329e-010
8952	1.0233e-010
8953	1.0241e-010
8954	9.6626e-011
8955	9.3189e-011
8956	1.275e-010
8957	1.4782e-010
8958	1.3018e-010
8959	9.222e-011
8960	8.4701e-011
8961	1.0699e-010
8962	1.2846e-010
8963	9.2391e-011
8964	9.7871e-011
8965	9.9802e-011
8966	2.9206e-010
8967	5.9076e-010
8968	5.1828e-010
8969	1.1176e-009
8970	1.0515e-009
8971	1.0368e-010
8972	7.9807e-011
8973	6.7618e-011
8974	6.4908e-011
8975	7.1524e-011
8976	7.0117e-011
8977	7.1501e-011
8978	7.5336e-011
8979	7.6049e-011
8980	7.7783e-011
8981	7.922e-011
8982	8.0755e-011
8983	8.3649e-011
8984	8.5061e-011
8985	8.721e-011
8986	8.8456e-011
8987	9.063e-011
8988	9.2949e-011
8989	9.4682e-011
8990	9.7288e-011
8991	9.9168e-011
8992	1.0166e-010
8993	1.0378e-010
8994	1.0622e-010
8995	1.0869e-010
8996	1.1099e-010
8997	1.1342e-010
8998	1.1646e-010
8999	1.1889e-010
9000	1.2186e-010
9001	1.243e-010
9002	1.2689e-010
9003	1.3014e-010
9004	1.3266e-010
9005	1.3572e-010
9006	1.3909e-010
9007	1.4174e-010
9008	1.4534e-010
9009	1.486e-010
9010	1.5205e-010
9011	1.5471e-010
9012	1.5906e-010
9013	1.623e-010
9014	1.6632e-010
9015	1.6942e-010
9016	1.7317e-010
9017	1.7739e-010
9018	1.8147e-010
9019	1.8566e-010
9020	1.8971e-010
9021	1.9418e-010
9022	1.9837e-010
9023	2.0279e-010
9024	2.0729e-010
9025	2.119e-010
9026	2.1751e-010
9027	2.2169e-010
9028	2.2767e-010
9029	2.3239e-010
9030	2.3724e-010
9031	2.4222e-010
9032	2.4914e-010
9033	2.5519e-010
9034	2.5929e-010
9035	2.6687e-010
9036	2.68e-010
9037	2.6042e-010
9038	2.5693e-010
9039	2.5154e-010
9040	2.4449e-010
9041	2.4015e-010
9042	2.3619e-010
9043	2.3264e-010
9044	2.2498e-010
9045	2.2261e-010
9046	2.1599e-010
9047	2.1189e-010
9048	2.0749e-010
9049	2.0348e-010
9050	2.0049e-010
9051	1.953e-010
9052	1.9381e-010
9053	1.9044e-010
9054	1.861e-010
9055	1.7862e-010
9056	1.7896e-010
9057	1.8629e-010
9058	1.7925e-010
9059	1.8132e-010
9060	1.6243e-010
9061	1.7564e-010
9062	1.7929e-010
9063	1.6646e-010
9064	1.5894e-010
9065	1.6027e-010
9066	1.4877e-010
9067	1.5625e-010
9068	1.6153e-010
9069	1.4211e-010
9070	1.5988e-010
9071	1.8223e-010
9072	1.5992e-010
9073	1.5455e-010
9074	1.3183e-010
9075	1.2572e-010
9076	1.2142e-010
9077	1.2062e-010
9078	1.2124e-010
9079	1.204e-010
9080	1.1592e-010
9081	1.1314e-010
9082	1.0213e-010
9083	1.0226e-010
9084	9.6488e-011
9085	9.3092e-011
9086	1.2743e-010
9087	1.4774e-010
9088	1.301e-010
9089	9.2089e-011
9090	8.4584e-011
9091	1.0691e-010
9092	1.284e-010
9093	9.2312e-011
9094	9.7797e-011
9095	9.9745e-011
9096	2.9199e-010
9097	5.9062e-010
9098	5.1819e-010
9099	1.1175e-009
9100	1.0513e-009
9101	1.2925e-010
9102	1.0104e-010
9103	8.2897e-011
9104	7.3485e-011
9105	7.2602e-011
9106	7.5524e-011
9107	7.764e-011
9108	7.9743e-011
9109	7.9976e-011
9110	8.3788e-011
9111	8.4989e-011
9112	8.57e-011
9113	8.9899e-011
9114	8.9177e-011
9115	9.3614e-011
9116	9.4123e-011
9117	9.6779e-011
9118	9.8962e-011
9119	1.0057e-010
9120	1.0383e-010
9121	1.0481e-010
9122	1.088e-010
9123	1.0965e-010
9124	1.1358e-010
9125	1.1494e-010
9126	1.1809e-010
9127	1.2145e-010
9128	1.2227e-010
9129	1.2783e-010
9130	1.2758e-010
9131	1.3312e-010
9132	1.3531e-010
9133	1.3683e-010
9134	1.422e-010
9135	1.4404e-010
9136	1.4667e-010
9137	1.5184e-010
9138	1.5468e-010
9139	1.5637e-010
9140	1.6166e-010
9141	1.6563e-010
9142	1.687e-010
9143	1.7141e-010
9144	1.7617e-010
9145	1.8062e-010
9146	1.8484e-010
9147	1.8867e-010
9148	1.9263e-010
9149	1.9695e-010
9150	2.011e-010
9151	2.0599e-010
9152	2.1086e-010
9153	2.1568e-010
9154	2.2049e-010
9155	2.2552e-010
9156	2.3063e-010
9157	2.3504e-010
9158	2.4099e-010
9159	2.4651e-010
9160	2.523e-010
9161	2.5962e-010
9162	2.6576e-010
9163	2.6887e-010
9164	2.7404e-010
9165	2.8624e-010
9166	2.8692e-010
9167	2.7492e-010
9168	2.6993e-010
9169	2.688e-010
9170	2.6397e-010
9171	2.5688e-010
9172	2.5151e-010
9173	2.4553e-010
9174	2.3869e-010
9175	2.3588e-010
9176	2.3137e-010
9177	2.2652e-010
9178	2.2227e-010
9179	2.1795e-010
9180	2.1287e-010
9181	2.0647e-010
9182	2.0477e-010
9183	2.0226e-010
9184	1.9936e-010
9185	1.9773e-010
9186	1.9776e-010
9187	1.9467e-010
9188	1.8029e-010
9189	1.9124e-010
9190	1.8846e-010
9191	1.9129e-010
9192	1.727e-010
9193	1.8201e-010
9194	1.8565e-010
9195	1.5774e-010
9196	1.5695e-010
9197	1.8462e-010
9198	1.5258e-010
9199	1.5978e-010
9200	1.8657e-010
9201	1.6553e-010
9202	1.932e-010
9203	1.4163e-010
9204	1.5702e-010
9205	1.4036e-010
9206	1.2247e-010
9207	1.4078e-010
9208	1.2073e-010
9209	1.399e-010
9210	1.1672e-010
9211	1.2821e-010
9212	1.0887e-010
9213	1.1288e-010
9214	1.0869e-010
9215	1.0185e-010
9216	1.4437e-010
9217	1.4153e-010
9218	1.4757e-010
9219	9.6313e-011
9220	9.9495e-011
9221	1.2152e-010
9222	1.2616e-010
9223	1.1626e-010
9224	9.9945e-011
9225	1.1215e-010
9226	3.2244e-010
9227	5.2817e-010
9228	4.4195e-010
9229	1.2422e-009
9230	9.1e-010
9231	1.037e-010
9232	7.9817e-011
9233	6.7622e-011
9234	6.4903e-011
9235	7.1533e-011
9236	7.0116e-011
9237	7.1515e-011
9238	7.5373e-011
9239	7.6091e-011
9240	7.7799e-011
9241	7.9222e-011
9242	8.0746e-011
9243	8.366e-011
9244	8.5089e-011
9245	8.7229e-011
9246	8.8478e-011
9247	9.0608e-011
9248	9.2914e-011
9249	9.4656e-011
9250	9.7273e-011
9251	9.9156e-011
9252	1.0165e-010
9253	1.0382e-010
9254	1.0624e-010
9255	1.0868e-010
9256	1.1101e-010
9257	1.1341e-010
9258	1.1649e-010
9259	1.1889e-010
9260	1.2181e-010
9261	1.2423e-010
9262	1.2686e-010
9263	1.3016e-010
9264	1.3272e-010
9265	1.3579e-010
9266	1.3911e-010
9267	1.4176e-010
9268	1.4535e-010
9269	1.487e-010
9270	1.5207e-010
9271	1.5472e-010
9272	1.59e-010
9273	1.623e-010
9274	1.6639e-010
9275	1.6953e-010
9276	1.732e-010
9277	1.7741e-010
9278	1.8149e-010
9279	1.858e-010
9280	1.8966e-010
9281	1.9417e-010
9282	1.9844e-010
9283	2.0282e-010
9284	2.0744e-010
9285	2.1196e-010
9286	2.1748e-010
9287	2.217e-010
9288	2.2767e-010
9289	2.3239e-010
9290	2.3721e-010
9291	2.422e-010
9292	2.4907e-010
9293	2.553e-010
9294	2.592e-010
9295	2.6694e-010
9296	2.6779e-010
9297	2.6041e-010
9298	2.5691e-010
9299	2.5149e-010
9300	2.4441e-010
9301	2.4024e-010
9302	2.3625e-010
9303	2.3265e-010
9304	2.2502e-010
9305	2.2259e-010
9306	2.1593e-010
9307	2.117e-010
9308	2.0745e-010
9309	2.0344e-010
9310	2.0057e-010
9311	1.9535e-010
9312	1.9385e-010
9313	1.9052e-010
9314	1.8619e-010
9315	1.7864e-010
9316	1.7893e-010
9317	1.8655e-010
9318	1.7909e-010
9319	1.8156e-010
9320	1.6239e-010
9321	1.7565e-010
9322	1.794e-010
9323	1.6646e-010
9324	1.5893e-010
9325	1.6021e-010
9326	1.4873e-010
9327	1.5624e-010
9328	1.615e-010
9329	1.4205e-010
9330	1.5984e-010
9331	1.8219e-010
9332	1.5995e-010
9333	1.5448e-010
9334	1.3181e-010
9335	1.2572e-010
9336	1.2134e-010
9337	1.2058e-010
9338	1.212e-010
9339	1.2043e-010
9340	1.1587e-010
9341	1.1307e-010
9342	1.021e-010
9343	1.022e-010
9344	9.6469e-011
9345	9.3063e-011
9346	1.274e-010
9347	1.4767e-010
9348	1.3012e-010
9349	9.2088e-011
9350	8.4628e-011
9351	1.0696e-010
9352	1.2844e-010
9353	9.2342e-011
9354	9.7791e-011
9355	9.9722e-011
9356	2.92e-010
9357	5.907e-010
9358	5.1815e-010
9359	1.1176e-009
9360	1.0513e-009
9361	1.3539e-010
9362	1.0317e-010
9363	1.5738e-010
9364	2.186e-010
9365	2.3433e-010
9366	2.4034e-010
9367	2.4695e-010
9368	2.5385e-010
9369	2.5856e-010
9370	2.66e-010
9371	2.7146e-010
9372	2.7674e-010
9373	2.8567e-010
9374	2.8957e-010
9375	2.9884e-010
9376	3.0379e-010
9377	3.1147e-010
9378	3.1886e-010
9379	3.2523e-010
9380	3.3433e-010
9381	3.4017e-010
9382	3.4991e-010
9383	3.5588e-010
9384	3.6567e-010
9385	3.7274e-010
9386	3.8198e-010
9387	3.9113e-010
9388	3.9852e-010
9389	4.1016e-010
9390	4.1611e-010
9391	4.284e-010
9392	4.3703e-010
9393	4.4568e-010
9394	4.5805e-010
9395	4.6682e-010
9396	4.7671e-010
9397	4.8923e-010
9398	5.001e-010
9399	5.0874e-010
9400	5.2306e-010
9401	5.3414e-010
9402	5.4656e-010
9403	5.5653e-010
9404	5.713e-010
9405	5.8397e-010
9406	5.9707e-010
9407	6.1017e-010
9408	6.2388e-010
9409	6.3839e-010
9410	6.5181e-010
9411	6.6743e-010
9412	6.8247e-010
9413	6.9787e-010
9414	7.1371e-010
9415	7.2975e-010
9416	7.4758e-010
9417	7.6105e-010
9418	7.8118e-010
9419	7.981e-010
9420	8.1611e-010
9421	8.3593e-010
9422	8.5655e-010
9423	8.7205e-010
9424	8.866e-010
9425	9.199e-010
9426	9.2176e-010
9427	8.8846e-010
9428	8.7465e-010
9429	8.6309e-010
9430	8.4408e-010
9431	8.2461e-010
9432	8.076e-010
9433	7.9329e-010
9434	7.687e-010
9435	7.6175e-010
9436	7.4222e-010
9437	7.2724e-010
9438	7.1231e-010
9439	6.982e-010
9440	6.8485e-010
9441	6.6451e-010
9442	6.5674e-010
9443	6.4235e-010
9444	6.2952e-010
9445	6.171e-010
9446	6.0745e-010
9447	6.0069e-010
9448	5.6981e-010
9449	5.7877e-010
9450	5.5959e-010
9451	5.6743e-010
9452	5.238e-010
9453	5.3931e-010
9454	5.2785e-010
9455	4.9307e-010
9456	4.8429e-010
9457	5.0537e-010
9458	4.6461e-010
9459	4.6238e-010
9460	4.8493e-010
9461	4.525e-010
9462	4.7952e-010
9463	4.1226e-010
9464	4.3157e-010
9465	3.9426e-010
9466	3.7738e-010
9467	3.8607e-010
9468	3.5939e-010
9469	3.7547e-010
9470	3.4393e-010
9471	3.5391e-010
9472	3.251e-010
9473	3.262e-010
9474	3.1471e-010
9475	2.9855e-010
9476	3.3284e-010
9477	3.1949e-010
9478	3.1179e-010
9479	2.4897e-010
9480	2.3413e-010
9481	2.6354e-010
9482	2.4968e-010
9483	2.588e-010
9484	2.505e-010
9485	3.5161e-010
9486	6.1697e-010
9487	9.5278e-010
9488	9.1299e-010
9489	1.4849e-009
9490	1.4894e-009
9491	1.1784e-010
9492	8.8078e-011
9493	1.4778e-010
9494	2.0811e-010
9495	2.2141e-010
9496	2.2903e-010
9497	2.3572e-010
9498	2.4083e-010
9499	2.4477e-010
9500	2.5359e-010
9501	2.5843e-010
9502	2.6275e-010
9503	2.7218e-010
9504	2.7401e-010
9505	2.8455e-010
9506	2.8843e-010
9507	2.9605e-010
9508	3.0276e-010
9509	3.087e-010
9510	3.1779e-010
9511	3.2253e-010
9512	3.3283e-010
9513	3.3738e-010
9514	3.4794e-010
9515	3.5373e-010
9516	3.6303e-010
9517	3.7239e-010
9518	3.7737e-010
9519	3.9072e-010
9520	3.9368e-010
9521	4.0747e-010
9522	4.1527e-010
9523	4.2202e-010
9524	4.3588e-010
9525	4.4312e-010
9526	4.5183e-010
9527	4.6563e-010
9528	4.7517e-010
9529	4.8188e-010
9530	4.9677e-010
9531	5.0829e-010
9532	5.1884e-010
9533	5.2783e-010
9534	5.421e-010
9535	5.55e-010
9536	5.6763e-010
9537	5.7968e-010
9538	5.9245e-010
9539	6.0582e-010
9540	6.1855e-010
9541	6.3361e-010
9542	6.4814e-010
9543	6.6287e-010
9544	6.7783e-010
9545	6.9312e-010
9546	7.0948e-010
9547	7.2274e-010
9548	7.4103e-010
9549	7.5759e-010
9550	7.7532e-010
9551	7.9565e-010
9552	8.1431e-010
9553	8.2663e-010
9554	8.4146e-010
9555	8.7476e-010
9556	8.7657e-010
9557	8.431e-010
9558	8.2865e-010
9559	8.2108e-010
9560	8.0481e-010
9561	7.8449e-010
9562	7.6738e-010
9563	7.5149e-010
9564	7.2966e-010
9565	7.2261e-010
9566	7.063e-010
9567	6.9138e-010
9568	6.7749e-010
9569	6.6401e-010
9570	6.4958e-010
9571	6.3003e-010
9572	6.2217e-010
9573	6.0971e-010
9574	5.9887e-010
9575	5.9198e-010
9576	5.8285e-010
9577	5.669e-010
9578	5.3582e-010
9579	5.4804e-010
9580	5.4436e-010
9581	5.4004e-010
9582	4.8722e-010
9583	5.1402e-010
9584	5.1517e-010
9585	4.594e-010
9586	4.592e-010
9587	4.9521e-010
9588	4.283e-010
9589	4.4651e-010
9590	4.7537e-010
9591	4.1282e-010
9592	4.7623e-010
9593	3.7482e-010
9594	4.2594e-010
9595	3.7897e-010
9596	3.5396e-010
9597	3.7606e-010
9598	3.3532e-010
9599	3.6605e-010
9600	3.2189e-010
9601	3.4223e-010
9602	3.0868e-010
9603	3.1256e-010
9604	3.0345e-010
9605	2.8523e-010
9606	3.2612e-010
9607	2.9614e-010
9608	3.0643e-010
9609	2.3526e-010
9610	2.2646e-010
9611	2.609e-010
9612	2.3106e-010
9613	2.3489e-010
9614	2.5692e-010
9615	3.6458e-010
9616	6.028e-010
9617	8.3878e-010
9618	7.6564e-010
9619	1.6386e-009
9620	1.084e-009
9621	1.3537e-010
9622	1.0321e-010
9623	1.5735e-010
9624	2.1849e-010
9625	2.3424e-010
9626	2.4025e-010
9627	2.4688e-010
9628	2.5383e-010
9629	2.5855e-010
9630	2.66e-010
9631	2.7141e-010
9632	2.7668e-010
9633	2.8563e-010
9634	2.8952e-010
9635	2.9873e-010
9636	3.0362e-010
9637	3.1129e-010
9638	3.1873e-010
9639	3.2511e-010
9640	3.3411e-010
9641	3.399e-010
9642	3.4976e-010
9643	3.5581e-010
9644	3.6566e-010
9645	3.7275e-010
9646	3.819e-010
9647	3.9098e-010
9648	3.9832e-010
9649	4.0993e-010
9650	4.1586e-010
9651	4.2811e-010
9652	4.3673e-010
9653	4.4522e-010
9654	4.5784e-010
9655	4.6676e-010
9656	4.7664e-010
9657	4.8905e-010
9658	5.0007e-010
9659	5.0821e-010
9660	5.2299e-010
9661	5.339e-010
9662	5.464e-010
9663	5.5632e-010
9664	5.7103e-010
9665	5.836e-010
9666	5.9669e-010
9667	6.0998e-010
9668	6.2379e-010
9669	6.3823e-010
9670	6.5147e-010
9671	6.6726e-010
9672	6.8235e-010
9673	6.9775e-010
9674	7.1346e-010
9675	7.2955e-010
9676	7.4755e-010
9677	7.6126e-010
9678	7.8116e-010
9679	7.9799e-010
9680	8.1605e-010
9681	8.3629e-010
9682	8.5709e-010
9683	8.7245e-010
9684	8.8684e-010
9685	9.1975e-010
9686	9.2191e-010
9687	8.8883e-010
9688	8.7499e-010
9689	8.6347e-010
9690	8.4422e-010
9691	8.2469e-010
9692	8.0766e-010
9693	7.9295e-010
9694	7.6856e-010
9695	7.6158e-010
9696	7.4207e-010
9697	7.2696e-010
9698	7.1215e-010
9699	6.9797e-010
9700	6.8474e-010
9701	6.6446e-010
9702	6.567e-010
9703	6.423e-010
9704	6.2959e-010
9705	6.1709e-010
9706	6.0719e-010
9707	6.0112e-010
9708	5.6874e-010
9709	5.794e-010
9710	5.5965e-010
9711	5.6471e-010
9712	5.2539e-010
9713	5.3684e-010
9714	5.2811e-010
9715	4.9328e-010
9716	4.8454e-010
9717	5.0558e-010
9718	4.6496e-010
9719	4.6274e-010
9720	4.8529e-010
9721	4.5298e-010
9722	4.8e-010
9723	4.1273e-010
9724	4.3195e-010
9725	3.9469e-010
9726	3.7788e-010
9727	3.8656e-010
9728	3.5986e-010
9729	3.7591e-010
9730	3.4429e-010
9731	3.5425e-010
9732	3.2539e-010
9733	3.2642e-010
9734	3.1494e-010
9735	2.9874e-010
9736	3.3306e-010
9737	3.1978e-010
9738	3.1194e-010
9739	2.4914e-010
9740	2.342e-010
9741	2.6348e-010
9742	2.4973e-010
9743	2.5877e-010
9744	2.5069e-010
9745	3.5181e-010
9746	6.1706e-010
9747	9.5282e-010
9748	9.1286e-010
9749	1.485e-009
9750	1.4897e-009
9751	1.3533e-010
9752	1.0314e-010
9753	1.5727e-010
9754	2.184e-010
9755	2.3416e-010
9756	2.4019e-010
9757	2.4683e-010
9758	2.5377e-010
9759	2.5846e-010
9760	2.6591e-010
9761	2.7129e-010
9762	2.7658e-010
9763	2.8553e-010
9764	2.8944e-010
9765	2.9865e-010
9766	3.0352e-010
9767	3.1118e-010
9768	3.1859e-010
9769	3.2498e-010
9770	3.3399e-010
9771	3.3985e-010
9772	3.4975e-010
9773	3.5585e-010
9774	3.6565e-010
9775	3.7265e-010
9776	3.8172e-010
9777	3.9075e-010
9778	3.981e-010
9779	4.0982e-010
9780	4.158e-010
9781	4.281e-010
9782	4.3673e-010
9783	4.4527e-010
9784	4.5779e-010
9785	4.6662e-010
9786	4.7647e-010
9787	4.8884e-010
9788	4.9984e-010
9789	5.08e-010
9790	5.2277e-010
9791	5.3368e-010
9792	5.4619e-010
9793	5.5605e-010
9794	5.7087e-010
9795	5.8354e-010
9796	5.9657e-010
9797	6.0979e-010
9798	6.2357e-010
9799	6.3804e-010
9800	6.5126e-010
9801	6.6703e-010
9802	6.8205e-010
9803	6.974e-010
9804	7.1341e-010
9805	7.2951e-010
9806	7.475e-010
9807	7.6149e-010
9808	7.8135e-010
9809	7.9816e-010
9810	8.1642e-010
9811	8.3671e-010
9812	8.5732e-010
9813	8.7278e-010
9814	8.8721e-010
9815	9.2025e-010
9816	9.2244e-010
9817	8.8926e-010
9818	8.7512e-010
9819	8.6363e-010
9820	8.4439e-010
9821	8.2487e-010
9822	8.0798e-010
9823	7.9326e-010
9824	7.6879e-010
9825	7.6173e-010
9826	7.4207e-010
9827	7.2694e-010
9828	7.1215e-010
9829	6.9779e-010
9830	6.8456e-010
9831	6.6426e-010
9832	6.5645e-010
9833	6.42e-010
9834	6.2935e-010
9835	6.1678e-010
9836	6.069e-010
9837	6.0209e-010
9838	5.6858e-010
9839	5.8054e-010
9840	5.5961e-010
9841	5.6458e-010
9842	5.2574e-010
9843	5.3686e-010
9844	5.2827e-010
9845	4.9352e-010
9846	4.8477e-010
9847	5.0603e-010
9848	4.6544e-010
9849	4.6327e-010
9850	4.8586e-010
9851	4.5349e-010
9852	4.8052e-010
9853	4.1325e-010
9854	4.3236e-010
9855	3.9513e-010
9856	3.7835e-010
9857	3.8697e-010
9858	3.6037e-010
9859	3.7636e-010
9860	3.4477e-010
9861	3.5468e-010
9862	3.2579e-010
9863	3.2674e-010
9864	3.1515e-010
9865	2.9895e-010
9866	3.3324e-010
9867	3.1999e-010
9868	3.1214e-010
9869	2.4934e-010
9870	2.3442e-010
9871	2.6369e-010
9872	2.4991e-010
9873	2.5896e-010
9874	2.5087e-010
9875	3.5199e-010
9876	6.1726e-010
9877	9.5288e-010
9878	9.1299e-010
9879	1.4851e-009
9880	1.4899e-009
9881	1.1784e-010
9882	8.8014e-011
9883	1.4758e-010
9884	2.0782e-010
9885	2.2108e-010
9886	2.2877e-010
9887	2.3547e-010
9888	2.4066e-010
9889	2.4458e-010
9890	2.5335e-010
9891	2.5825e-010
9892	2.6249e-010
9893	2.7191e-010
9894	2.7373e-010
9895	2.8419e-010
9896	2.8807e-010
9897	2.9572e-010
9898	3.0263e-010
9899	3.0851e-010
9900	3.1754e-010
9901	3.2226e-010
9902	3.3262e-010
9903	3.3723e-010
9904	3.4782e-010
9905	3.535e-010
9906	3.6264e-010
9907	3.7184e-010
9908	3.769e-010
9909	3.9028e-010
9910	3.9334e-010
9911	4.0742e-010
9912	4.1524e-010
9913	4.2192e-010
9914	4.3577e-010
9915	4.429e-010
9916	4.5158e-010
9917	4.6534e-010
9918	4.7519e-010
9919	4.8105e-010
9920	4.9668e-010
9921	5.0776e-010
9922	5.1819e-010
9923	5.2715e-010
9924	5.4157e-010
9925	5.5471e-010
9926	5.6737e-010
9927	5.7943e-010
9928	5.922e-010
9929	6.0571e-010
9930	6.182e-010
9931	6.3319e-010
9932	6.4776e-010
9933	6.6228e-010
9934	6.7746e-010
9935	6.931e-010
9936	7.0958e-010
9937	7.2316e-010
9938	7.4145e-010
9939	7.58e-010
9940	7.7602e-010
9941	7.9639e-010
9942	8.1493e-010
9943	8.2683e-010
9944	8.4216e-010
9945	8.7543e-010
9946	8.772e-010
9947	8.44e-010
9948	8.2853e-010
9949	8.2114e-010
9950	8.0506e-010
9951	7.8467e-010
9952	7.6813e-010
9953	7.5176e-010
9954	7.2963e-010
9955	7.2237e-010
9956	7.0636e-010
9957	6.9171e-010
9958	6.7764e-010
9959	6.6372e-010
9960	6.4915e-010
9961	6.2949e-010
9962	6.2185e-010
9963	6.0959e-010
9964	5.9886e-010
9965	5.9159e-010
9966	5.8249e-010
9967	5.7099e-010
9968	5.3109e-010
9969	5.5224e-010
9970	5.4421e-010
9971	5.3954e-010
9972	4.8727e-010
9973	5.1383e-010
9974	5.1526e-010
9975	4.5959e-010
9976	4.5949e-010
9977	4.9568e-010
9978	4.2892e-010
9979	4.4722e-010
9980	4.7621e-010
9981	4.1365e-010
9982	4.7721e-010
9983	3.7564e-010
9984	4.2688e-010
9985	3.8003e-010
9986	3.5502e-010
9987	3.7707e-010
9988	3.3632e-010
9989	3.6695e-010
9990	3.2278e-010
9991	3.4307e-010
9992	3.0945e-010
9993	3.1322e-010
9994	3.039e-010
9995	2.8565e-010
9996	3.265e-010
9997	2.9648e-010
9998	3.0678e-010
9999	2.3556e-010
10000	2.2679e-010
10001	2.6116e-010
10002	2.3128e-010
10003	2.351e-010
10004	2.5725e-010
10005	3.6499e-010
10006	6.0336e-010
10007	8.3895e-010
10008	7.6593e-010
10009	1.639e-009
10010	1.084e-009
10011	1.3533e-010
10012	1.0314e-010
10013	1.5727e-010
10014	2.184e-010
10015	2.3416e-010
10016	2.4019e-010
10017	2.4683e-010
10018	2.5377e-010
10019	2.5846e-010
10020	2.6593e-010
10021	2.7129e-010
10022	2.7658e-010
10023	2.8553e-010
10024	2.8944e-010
10025	2.9863e-010
10026	3.0352e-010
10027	3.1118e-010
10028	3.1859e-010
10029	3.2497e-010
10030	3.3399e-010
10031	3.3985e-010
10032	3.4975e-010
10033	3.5585e-010
10034	3.6565e-010
10035	3.7265e-010
10036	3.8172e-010
10037	3.9076e-010
10038	3.9808e-010
10039	4.098e-010
10040	4.1583e-010
10041	4.281e-010
10042	4.3673e-010
10043	4.4526e-010
10044	4.5777e-010
10045	4.6662e-010
10046	4.765e-010
10047	4.8883e-010
10048	4.9989e-010
10049	5.0797e-010
10050	5.2279e-010
10051	5.3367e-010
10052	5.4616e-010
10053	5.5604e-010
10054	5.7087e-010
10055	5.8354e-010
10056	5.9657e-010
10057	6.098e-010
10058	6.2358e-010
10059	6.3804e-010
10060	6.5126e-010
10061	6.6703e-010
10062	6.8205e-010
10063	6.9741e-010
10064	7.1341e-010
10065	7.2951e-010
10066	7.4751e-010
10067	7.6148e-010
10068	7.8138e-010
10069	7.9816e-010
10070	8.1642e-010
10071	8.3671e-010
10072	8.5732e-010
10073	8.7278e-010
10074	8.872e-010
10075	9.202e-010
10076	9.2244e-010
10077	8.8925e-010
10078	8.7517e-010
10079	8.6363e-010
10080	8.4438e-010
10081	8.2488e-010
10082	8.0798e-010
10083	7.9326e-010
10084	7.6878e-010
10085	7.6174e-010
10086	7.4207e-010
10087	7.2693e-010
10088	7.1208e-010
10089	6.9785e-010
10090	6.8458e-010
10091	6.6429e-010
10092	6.5643e-010
10093	6.4205e-010
10094	6.2932e-010
10095	6.1675e-010
10096	6.0669e-010
10097	6.0462e-010
10098	5.661e-010
10099	5.8303e-010
10100	5.5938e-010
10101	5.645e-010
10102	5.2576e-010
10103	5.3682e-010
10104	5.2826e-010
10105	4.9352e-010
10106	4.8477e-010
10107	5.0602e-010
10108	4.6543e-010
10109	4.6327e-010
10110	4.8586e-010
10111	4.535e-010
10112	4.8051e-010
10113	4.1325e-010
10114	4.3237e-010
10115	3.9514e-010
10116	3.7833e-010
10117	3.8697e-010
10118	3.6036e-010
10119	3.7638e-010
10120	3.4477e-010
10121	3.5468e-010
10122	3.2578e-010
10123	3.2674e-010
10124	3.1516e-010
10125	2.9893e-010
10126	3.3324e-010
10127	3.1999e-010
10128	3.1214e-010
10129	2.4934e-010
10130	2.3442e-010
10131	2.6369e-010
10132	2.4991e-010
10133	2.5896e-010
10134	2.5087e-010
10135	3.5199e-010
10136	6.1726e-010
10137	9.5288e-010
10138	9.13e-010
10139	1.4851e-009
10140	1.4899e-009
10141	1.3536e-010
10142	1.032e-010
10143	1.5734e-010
10144	2.1849e-010
10145	2.3424e-010
10146	2.4025e-010
10147	2.4688e-010
10148	2.5383e-010
10149	2.5855e-010
10150	2.66e-010
10151	2.7142e-010
10152	2.7671e-010
10153	2.8563e-010
10154	2.8952e-010
10155	2.9873e-010
10156	3.0362e-010
10157	3.1128e-010
10158	3.1873e-010
10159	3.2511e-010
10160	3.341e-010
10161	3.3992e-010
10162	3.4976e-010
10163	3.5581e-010
10164	3.6566e-010
10165	3.7275e-010
10166	3.8192e-010
10167	3.9098e-010
10168	3.9832e-010
10169	4.0995e-010
10170	4.1586e-010
10171	4.2811e-010
10172	4.3673e-010
10173	4.4523e-010
10174	4.5783e-010
10175	4.6675e-010
10176	4.766e-010
10177	4.8902e-010
10178	5.0013e-010
10179	5.0822e-010
10180	5.2308e-010
10181	5.3387e-010
10182	5.4643e-010
10183	5.5631e-010
10184	5.7101e-010
10185	5.836e-010
10186	5.9669e-010
10187	6.0998e-010
10188	6.2381e-010
10189	6.3822e-010
10190	6.5149e-010
10191	6.6725e-010
10192	6.8234e-010
10193	6.9775e-010
10194	7.1346e-010
10195	7.2954e-010
10196	7.4755e-010
10197	7.6126e-010
10198	7.8117e-010
10199	7.9799e-010
10200	8.1609e-010
10201	8.3633e-010
10202	8.5708e-010
10203	8.7245e-010
10204	8.8684e-010
10205	9.1975e-010
10206	9.22e-010
10207	8.8883e-010
10208	8.7499e-010
10209	8.6343e-010
10210	8.4421e-010
10211	8.2469e-010
10212	8.0766e-010
10213	7.9296e-010
10214	7.6856e-010
10215	7.6158e-010
10216	7.4206e-010
10217	7.27e-010
10218	7.1214e-010
10219	6.98e-010
10220	6.8475e-010
10221	6.6444e-010
10222	6.5671e-010
10223	6.4232e-010
10224	6.2954e-010
10225	6.17e-010
10226	6.0697e-010
10227	6.0482e-010
10228	5.6648e-010
10229	5.831e-010
10230	5.5944e-010
10231	5.6452e-010
10232	5.2575e-010
10233	5.3676e-010
10234	5.2814e-010
10235	4.9328e-010
10236	4.845e-010
10237	5.0557e-010
10238	4.6495e-010
10239	4.6273e-010
10240	4.8528e-010
10241	4.5295e-010
10242	4.7999e-010
10243	4.1273e-010
10244	4.3192e-010
10245	3.9468e-010
10246	3.779e-010
10247	3.8658e-010
10248	3.5986e-010
10249	3.7589e-010
10250	3.4429e-010
10251	3.5425e-010
10252	3.2539e-010
10253	3.2641e-010
10254	3.1492e-010
10255	2.9874e-010
10256	3.3307e-010
10257	3.1978e-010
10258	3.1194e-010
10259	2.4914e-010
10260	2.342e-010
10261	2.6348e-010
10262	2.4973e-010
10263	2.5878e-010
10264	2.5069e-010
10265	3.518e-010
10266	6.1706e-010
10267	9.5283e-010
10268	9.1286e-010
10269	1.4849e-009
10270	1.4897e-009
10271	1.1784e-010
10272	8.808e-011
10273	1.4778e-010
10274	2.0812e-010
10275	2.2142e-010
10276	2.2903e-010
10277	2.3572e-010
10278	2.4082e-010
10279	2.4476e-010
10280	2.536e-010
10281	2.5843e-010
10282	2.6276e-010
10283	2.7218e-010
10284	2.7397e-010
10285	2.8456e-010
10286	2.8845e-010
10287	2.9604e-010
10288	3.0277e-010
10289	3.0872e-010
10290	3.178e-010
10291	3.2254e-010
10292	3.3284e-010
10293	3.374e-010
10294	3.4795e-010
10295	3.5374e-010
10296	3.6303e-010
10297	3.7241e-010
10298	3.7739e-010
10299	3.9073e-010
10300	3.9369e-010
10301	4.0747e-010
10302	4.1527e-010
10303	4.2204e-010
10304	4.3589e-010
10305	4.4315e-010
10306	4.5186e-010
10307	4.6557e-010
10308	4.7545e-010
10309	4.8151e-010
10310	4.9699e-010
10311	5.0832e-010
10312	5.1883e-010
10313	5.2784e-010
10314	5.4204e-010
10315	5.5491e-010
10316	5.6764e-010
10317	5.797e-010
10318	5.9245e-010
10319	6.0586e-010
10320	6.1859e-010
10321	6.3354e-010
10322	6.4817e-010
10323	6.629e-010
10324	6.7785e-010
10325	6.9313e-010
10326	7.095e-010
10327	7.2267e-010
10328	7.4104e-010
10329	7.5759e-010
10330	7.7534e-010
10331	7.9567e-010
10332	8.143e-010
10333	8.2662e-010
10334	8.4148e-010
10335	8.7477e-010
10336	8.7658e-010
10337	8.4315e-010
10338	8.2865e-010
10339	8.211e-010
10340	8.047e-010
10341	7.8453e-010
10342	7.6737e-010
10343	7.515e-010
10344	7.296e-010
10345	7.2264e-010
10346	7.0631e-010
10347	6.9135e-010
10348	6.7748e-010
10349	6.6397e-010
10350	6.4974e-010
10351	6.3001e-010
10352	6.2232e-010
10353	6.0974e-010
10354	5.9888e-010
10355	5.9178e-010
10356	5.8277e-010
10357	5.7169e-010
10358	5.3069e-010
10359	5.5282e-010
10360	5.4433e-010
10361	5.398e-010
10362	4.874e-010
10363	5.1384e-010
10364	5.1517e-010
10365	4.5938e-010
10366	4.5925e-010
10367	4.9518e-010
10368	4.2831e-010
10369	4.4652e-010
10370	4.7538e-010
10371	4.1285e-010
10372	4.7625e-010
10373	3.748e-010
10374	4.2595e-010
10375	3.7899e-010
10376	3.5398e-010
10377	3.7604e-010
10378	3.3532e-010
10379	3.6601e-010
10380	3.219e-010
10381	3.4224e-010
10382	3.0865e-010
10383	3.1257e-010
10384	3.0342e-010
10385	2.8524e-010
10386	3.2611e-010
10387	2.9614e-010
10388	3.0644e-010
10389	2.3525e-010
10390	2.2645e-010
10391	2.6091e-010
10392	2.3107e-010
10393	2.3487e-010
10394	2.5691e-010
10395	3.6458e-010
10396	6.028e-010
10397	8.3878e-010
10398	7.6566e-010
10399	1.6386e-009
10400	1.0841e-009
10401	1.3537e-010
10402	1.0319e-010
10403	1.5738e-010
10404	2.1859e-010
10405	2.3432e-010
10406	2.4034e-010
10407	2.4694e-010
10408	2.5387e-010
10409	2.5855e-010
10410	2.6601e-010
10411	2.7145e-010
10412	2.7675e-010
10413	2.8568e-010
10414	2.8957e-010
10415	2.9884e-010
10416	3.0379e-010
10417	3.1147e-010
10418	3.1885e-010
10419	3.2522e-010
10420	3.3433e-010
10421	3.4016e-010
10422	3.499e-010
10423	3.5588e-010
10424	3.6567e-010
10425	3.7274e-010
10426	3.8198e-010
10427	3.9113e-010
10428	3.9853e-010
10429	4.1016e-010
10430	4.1612e-010
10431	4.284e-010
10432	4.3703e-010
10433	4.457e-010
10434	4.5807e-010
10435	4.6678e-010
10436	4.7671e-010
10437	4.8919e-010
10438	5.003e-010
10439	5.0843e-010
10440	5.233e-010
10441	5.3411e-010
10442	5.4655e-010
10443	5.565e-010
10444	5.7131e-010
10445	5.8397e-010
10446	5.9704e-010
10447	6.1016e-010
10448	6.2388e-010
10449	6.3839e-010
10450	6.5181e-010
10451	6.6743e-010
10452	6.8246e-010
10453	6.9793e-010
10454	7.1369e-010
10455	7.2975e-010
10456	7.4758e-010
10457	7.6106e-010
10458	7.8116e-010
10459	7.9811e-010
10460	8.161e-010
10461	8.3591e-010
10462	8.5653e-010
10463	8.7205e-010
10464	8.8662e-010
10465	9.1992e-010
10466	9.2178e-010
10467	8.8847e-010
10468	8.7463e-010
10469	8.6307e-010
10470	8.441e-010
10471	8.2469e-010
10472	8.076e-010
10473	7.9328e-010
10474	7.6869e-010
10475	7.6175e-010
10476	7.4222e-010
10477	7.2723e-010
10478	7.1236e-010
10479	6.9816e-010
10480	6.8483e-010
10481	6.6456e-010
10482	6.5674e-010
10483	6.4235e-010
10484	6.2953e-010
10485	6.1704e-010
10486	6.0711e-010
10487	6.0271e-010
10488	5.6717e-010
10489	5.8077e-010
10490	5.5956e-010
10491	5.646e-010
10492	5.2573e-010
10493	5.3674e-010
10494	5.2803e-010
10495	4.931e-010
10496	4.8428e-010
10497	5.0535e-010
10498	4.6462e-010
10499	4.6236e-010
10500	4.8494e-010
10501	4.5251e-010
10502	4.7951e-010
10503	4.1225e-010
10504	4.3158e-010
10505	3.9429e-010
10506	3.7739e-010
10507	3.8608e-010
10508	3.594e-010
10509	3.7545e-010
10510	3.4393e-010
10511	3.5392e-010
10512	3.251e-010
10513	3.2618e-010
10514	3.1471e-010
10515	2.9854e-010
10516	3.3283e-010
10517	3.1948e-010
10518	3.1179e-010
10519	2.4898e-010
10520	2.3413e-010
10521	2.6356e-010
10522	2.4968e-010
10523	2.588e-010
10524	2.505e-010
10525	3.5161e-010
10526	6.1698e-010
10527	9.528e-010
10528	9.1297e-010
10529	1.4849e-009
10530	1.4893e-009
10531	1.3537e-010
10532	1.0318e-010
10533	1.5738e-010
10534	2.1859e-010
10535	2.3432e-010
10536	2.4034e-010
10537	2.4694e-010
10538	2.5387e-010
10539	2.5855e-010
10540	2.6601e-010
10541	2.7145e-010
10542	2.7675e-010
10543	2.8568e-010
10544	2.8957e-010
10545	2.9884e-010
10546	3.0379e-010
10547	3.1147e-010
10548	3.1885e-010
10549	3.2522e-010
10550	3.3432e-010
10551	3.4016e-010
10552	3.499e-010
10553	3.5588e-010
10554	3.6567e-010
10555	3.7274e-010
10556	3.8198e-010
10557	3.9113e-010
10558	3.9853e-010
10559	4.1017e-010
10560	4.1612e-010
10561	4.284e-010
10562	4.3703e-010
10563	4.457e-010
10564	4.5807e-010
10565	4.6681e-010
10566	4.767e-010
10567	4.8919e-010
10568	5.0031e-010
10569	5.0843e-010
10570	5.233e-010
10571	5.3411e-010
10572	5.4655e-010
10573	5.5649e-010
10574	5.7133e-010
10575	5.8397e-010
10576	5.9704e-010
10577	6.1016e-010
10578	6.2387e-010
10579	6.3838e-010
10580	6.518e-010
10581	6.6743e-010
10582	6.8246e-010
10583	6.9792e-010
10584	7.1368e-010
10585	7.2975e-010
10586	7.4758e-010
10587	7.6106e-010
10588	7.8116e-010
10589	7.9811e-010
10590	8.161e-010
10591	8.3591e-010
10592	8.5658e-010
10593	8.7205e-010
10594	8.8662e-010
10595	9.1992e-010
10596	9.2178e-010
10597	8.8847e-010
10598	8.7463e-010
10599	8.6306e-010
10600	8.4409e-010
10601	8.2468e-010
10602	8.076e-010
10603	7.9327e-010
10604	7.6868e-010
10605	7.6175e-010
10606	7.4222e-010
10607	7.2723e-010
10608	7.1235e-010
10609	6.9816e-010
10610	6.8482e-010
10611	6.6454e-010
10612	6.5674e-010
10613	6.4233e-010
10614	6.2956e-010
10615	6.1697e-010
10616	6.0712e-010
10617	6.0276e-010
10618	5.6516e-010
10619	5.8079e-010
10620	5.5955e-010
10621	5.6455e-010
10622	5.2574e-010
10623	5.3671e-010
10624	5.2804e-010
10625	4.931e-010
10626	4.8428e-010
10627	5.0535e-010
10628	4.6462e-010
10629	4.6236e-010
10630	4.8494e-010
10631	4.5251e-010
10632	4.7951e-010
10633	4.1225e-010
10634	4.3158e-010
10635	3.9428e-010
10636	3.7738e-010
10637	3.8608e-010
10638	3.5941e-010
10639	3.7547e-010
10640	3.4393e-010
10641	3.5392e-010
10642	3.251e-010
10643	3.2618e-010
10644	3.1471e-010
10645	2.9855e-010
10646	3.3283e-010
10647	3.1948e-010
10648	3.1179e-010
10649	2.4898e-010
10650	2.3414e-010
10651	2.6356e-010
10652	2.4968e-010
10653	2.588e-010
10654	2.505e-010
10655	3.5162e-010
10656	6.1697e-010
10657	9.528e-010
10658	9.1297e-010
10659	1.485e-009
10660	1.4893e-009
10661	1.1783e-010
10662	8.8076e-011
10663	1.4776e-010
10664	2.0813e-010
10665	2.2138e-010
10666	2.2904e-010
10667	2.3573e-010
10668	2.4083e-010
10669	2.4475e-010
10670	2.5356e-010
10671	2.5844e-010
10672	2.6277e-010
10673	2.7219e-010
10674	2.7397e-010
10675	2.8455e-010
10676	2.8845e-010
10677	2.9605e-010
10678	3.0279e-010
10679	3.0872e-010
10680	3.1781e-010
10681	3.2253e-010
10682	3.3285e-010
10683	3.3741e-010
10684	3.4794e-010
10685	3.5374e-010
10686	3.6303e-010
10687	3.724e-010
10688	3.774e-010
10689	3.9075e-010
10690	3.9365e-010
10691	4.0748e-010
10692	4.1527e-010
10693	4.2203e-010
10694	4.359e-010
10695	4.4315e-010
10696	4.5187e-010
10697	4.6559e-010
10698	4.7543e-010
10699	4.8157e-010
10700	4.9698e-010
10701	5.0832e-010
10702	5.1884e-010
10703	5.2785e-010
10704	5.4206e-010
10705	5.5493e-010
10706	5.6767e-010
10707	5.7973e-010
10708	5.9248e-010
10709	6.0586e-010
10710	6.1854e-010
10711	6.3357e-010
10712	6.4818e-010
10713	6.6292e-010
10714	6.7782e-010
10715	6.9315e-010
10716	7.0953e-010
10717	7.2272e-010
10718	7.4098e-010
10719	7.5761e-010
10720	7.7534e-010
10721	7.9568e-010
10722	8.1431e-010
10723	8.2663e-010
10724	8.415e-010
10725	8.7481e-010
10726	8.7654e-010
10727	8.4311e-010
10728	8.2867e-010
10729	8.2111e-010
10730	8.0471e-010
10731	7.8454e-010
10732	7.6738e-010
10733	7.5152e-010
10734	7.2955e-010
10735	7.2261e-010
10736	7.0633e-010
10737	6.9135e-010
10738	6.7747e-010
10739	6.64e-010
10740	6.4971e-010
10741	6.3008e-010
10742	6.2231e-010
10743	6.0969e-010
10744	5.989e-010
10745	5.9178e-010
10746	5.8249e-010
10747	5.7105e-010
10748	5.2889e-010
10749	5.5204e-010
10750	5.4417e-010
10751	5.3966e-010
10752	4.8742e-010
10753	5.139e-010
10754	5.1519e-010
10755	4.5939e-010
10756	4.5921e-010
10757	4.9518e-010
10758	4.2832e-010
10759	4.4651e-010
10760	4.7539e-010
10761	4.1286e-010
10762	4.7625e-010
10763	3.7482e-010
10764	4.2596e-010
10765	3.79e-010
10766	3.54e-010
10767	3.7601e-010
10768	3.3534e-010
10769	3.66e-010
10770	3.2191e-010
10771	3.4226e-010
10772	3.0863e-010
10773	3.1257e-010
10774	3.0342e-010
10775	2.8525e-010
10776	3.2612e-010
10777	2.9611e-010
10778	3.0644e-010
10779	2.3525e-010
10780	2.2646e-010
10781	2.609e-010
10782	2.3105e-010
10783	2.3488e-010
10784	2.5691e-010
10785	3.6458e-010
10786	6.0281e-010
10787	8.3879e-010
10788	7.6562e-010
10789	1.6387e-009
10790	1.0841e-009
10791	1.3535e-010
10792	1.032e-010
10793	1.5734e-010
10794	2.1849e-010
10795	2.3424e-010
10796	2.4026e-010
10797	2.4688e-010
10798	2.5384e-010
10799	2.5855e-010
10800	2.66e-010
10801	2.7142e-010
10802	2.767e-010
10803	2.8563e-010
10804	2.8951e-010
10805	2.9872e-010
10806	3.0363e-010
10807	3.1128e-010
10808	3.1876e-010
10809	3.251e-010
10810	3.3411e-010
10811	3.399e-010
10812	3.4974e-010
10813	3.5582e-010
10814	3.6566e-010
10815	3.7273e-010
10816	3.8192e-010
10817	3.9098e-010
10818	3.9832e-010
10819	4.0995e-010
10820	4.1587e-010
10821	4.2812e-010
10822	4.3671e-010
10823	4.4523e-010
10824	4.5783e-010
10825	4.6674e-010
10826	4.766e-010
10827	4.8902e-010
10828	5.0017e-010
10829	5.082e-010
10830	5.2308e-010
10831	5.3387e-010
10832	5.4643e-010
10833	5.5631e-010
10834	5.7101e-010
10835	5.8358e-010
10836	5.967e-010
10837	6.0999e-010
10838	6.2383e-010
10839	6.3822e-010
10840	6.5146e-010
10841	6.6726e-010
10842	6.8231e-010
10843	6.977e-010
10844	7.1345e-010
10845	7.2953e-010
10846	7.4754e-010
10847	7.6126e-010
10848	7.8117e-010
10849	7.9799e-010
10850	8.161e-010
10851	8.3634e-010
10852	8.5708e-010
10853	8.7249e-010
10854	8.8683e-010
10855	9.1975e-010
10856	9.22e-010
10857	8.8886e-010
10858	8.7498e-010
10859	8.6342e-010
10860	8.4416e-010
10861	8.2473e-010
10862	8.0767e-010
10863	7.9298e-010
10864	7.6857e-010
10865	7.6158e-010
10866	7.4199e-010
10867	7.2696e-010
10868	7.1213e-010
10869	6.9794e-010
10870	6.8474e-010
10871	6.6442e-010
10872	6.5674e-010
10873	6.4232e-010
10874	6.2956e-010
10875	6.1694e-010
10876	6.069e-010
10877	6.0467e-010
10878	5.6398e-010
10879	5.8277e-010
10880	5.5943e-010
10881	5.6446e-010
10882	5.2576e-010
10883	5.3677e-010
10884	5.2812e-010
10885	4.9329e-010
10886	4.8449e-010
10887	5.0556e-010
10888	4.6494e-010
10889	4.6272e-010
10890	4.8527e-010
10891	4.5296e-010
10892	4.7999e-010
10893	4.1273e-010
10894	4.3193e-010
10895	3.9468e-010
10896	3.7788e-010
10897	3.8658e-010
10898	3.5987e-010
10899	3.7589e-010
10900	3.4429e-010
10901	3.5424e-010
10902	3.2539e-010
10903	3.2641e-010
10904	3.1492e-010
10905	2.9875e-010
10906	3.3306e-010
10907	3.1979e-010
10908	3.1194e-010
10909	2.4914e-010
10910	2.3421e-010
10911	2.6347e-010
10912	2.4974e-010
10913	2.5877e-010
10914	2.5069e-010
10915	3.5181e-010
10916	6.1706e-010
10917	9.5281e-010
10918	9.1286e-010
10919	1.485e-009
10920	1.4898e-009
10921	1.3532e-010
10922	1.0316e-010
10923	1.5727e-010
10924	2.184e-010
10925	2.3415e-010
10926	2.4022e-010
10927	2.4683e-010
10928	2.5378e-010
10929	2.5847e-010
10930	2.6592e-010
10931	2.7128e-010
10932	2.7658e-010
10933	2.8554e-010
10934	2.8943e-010
10935	2.9866e-010
10936	3.0351e-010
10937	3.1117e-010
10938	3.186e-010
10939	3.2497e-010
10940	3.3401e-010
10941	3.3985e-010
10942	3.4975e-010
10943	3.5583e-010
10944	3.6563e-010
10945	3.7268e-010
10946	3.8172e-010
10947	3.9075e-010
10948	3.9811e-010
10949	4.0979e-010
10950	4.1581e-010
10951	4.2809e-010
10952	4.3672e-010
10953	4.4526e-010
10954	4.5777e-010
10955	4.6661e-010
10956	4.7651e-010
10957	4.8885e-010
10958	4.9987e-010
10959	5.0793e-010
10960	5.2278e-010
10961	5.3367e-010
10962	5.4616e-010
10963	5.5606e-010
10964	5.7086e-010
10965	5.8354e-010
10966	5.9658e-010
10967	6.0976e-010
10968	6.2361e-010
10969	6.3803e-010
10970	6.5121e-010
10971	6.6702e-010
10972	6.8207e-010
10973	6.9741e-010
10974	7.1344e-010
10975	7.2949e-010
10976	7.4754e-010
10977	7.6144e-010
10978	7.8139e-010
10979	7.9821e-010
10980	8.1643e-010
10981	8.367e-010
10982	8.5736e-010
10983	8.7283e-010
10984	8.8719e-010
10985	9.202e-010
10986	9.225e-010
10987	8.8925e-010
10988	8.7516e-010
10989	8.6363e-010
10990	8.444e-010
10991	8.2488e-010
10992	8.0797e-010
10993	7.9326e-010
10994	7.6877e-010
10995	7.6172e-010
10996	7.4206e-010
10997	7.2702e-010
10998	7.1211e-010
10999	6.978e-010
11000	6.8468e-010
11001	6.6384e-010
11002	6.5647e-010
11003	6.4202e-010
11004	6.2938e-010
11005	6.1657e-010
11006	6.0689e-010
11007	6.0393e-010
11008	5.6375e-010
11009	5.8222e-010
11010	5.5956e-010
11011	5.6445e-010
11012	5.2538e-010
11013	5.3689e-010
11014	5.2829e-010
11015	4.9352e-010
11016	4.8478e-010
11017	5.06e-010
11018	4.6546e-010
11019	4.6327e-010
11020	4.8587e-010
11021	4.5353e-010
11022	4.8055e-010
11023	4.1324e-010
11024	4.3239e-010
11025	3.9511e-010
11026	3.7834e-010
11027	3.87e-010
11028	3.6035e-010
11029	3.7637e-010
11030	3.4476e-010
11031	3.5467e-010
11032	3.258e-010
11033	3.2674e-010
11034	3.1515e-010
11035	2.9893e-010
11036	3.3324e-010
11037	3.2e-010
11038	3.1214e-010
11039	2.4934e-010
11040	2.3441e-010
11041	2.6368e-010
11042	2.4992e-010
11043	2.5896e-010
11044	2.5086e-010
11045	3.5198e-010
11046	6.1727e-010
11047	9.5287e-010
11048	9.13e-010
11049	1.4851e-009
11050	1.4898e-009
11051	1.1784e-010
11052	8.8024e-011
11053	1.4759e-010
11054	2.0784e-010
11055	2.2109e-010
11056	2.2873e-010
11057	2.3549e-010
11058	2.4062e-010
11059	2.446e-010
11060	2.5336e-010
11061	2.5829e-010
11062	2.6251e-010
11063	2.7193e-010
11064	2.7374e-010
11065	2.8421e-010
11066	2.8806e-010
11067	2.9571e-010
11068	3.0258e-010
11069	3.0855e-010
11070	3.1755e-010
11071	3.2221e-010
11072	3.3264e-010
11073	3.3726e-010
11074	3.4781e-010
11075	3.5346e-010
11076	3.626e-010
11077	3.7179e-010
11078	3.7693e-010
11079	3.903e-010
11080	3.933e-010
11081	4.0733e-010
11082	4.1529e-010
11083	4.2195e-010
11084	4.3571e-010
11085	4.4295e-010
11086	4.516e-010
11087	4.6535e-010
11088	4.7512e-010
11089	4.8109e-010
11090	4.9666e-010
11091	5.078e-010
11092	5.182e-010
11093	5.2718e-010
11094	5.4162e-010
11095	5.5472e-010
11096	5.6732e-010
11097	5.7943e-010
11098	5.9222e-010
11099	6.0569e-010
11100	6.1817e-010
11101	6.3311e-010
11102	6.4778e-010
11103	6.6234e-010
11104	6.7752e-010
11105	6.93e-010
11106	7.0953e-010
11107	7.2301e-010
11108	7.4126e-010
11109	7.5803e-010
11110	7.7584e-010
11111	7.965e-010
11112	8.1477e-010
11113	8.2687e-010
11114	8.4203e-010
11115	8.7552e-010
11116	8.7715e-010
11117	8.4402e-010
11118	8.2854e-010
11119	8.2118e-010
11120	8.0509e-010
11121	7.847e-010
11122	7.6789e-010
11123	7.5185e-010
11124	7.2968e-010
11125	7.2236e-010
11126	7.0641e-010
11127	6.9166e-010
11128	6.7768e-010
11129	6.6374e-010
11130	6.4909e-010
11131	6.3003e-010
11132	6.2171e-010
11133	6.0952e-010
11134	5.9885e-010
11135	5.9167e-010
11136	5.8222e-010
11137	5.6895e-010
11138	5.3186e-010
11139	5.5022e-010
11140	5.4396e-010
11141	5.3978e-010
11142	4.8704e-010
11143	5.1401e-010
11144	5.1526e-010
11145	4.5964e-010
11146	4.5948e-010
11147	4.9571e-010
11148	4.2894e-010
11149	4.4724e-010
11150	4.7623e-010
11151	4.1371e-010
11152	4.7725e-010
11153	3.7566e-010
11154	4.2691e-010
11155	3.7999e-010
11156	3.5504e-010
11157	3.771e-010
11158	3.3636e-010
11159	3.6695e-010
11160	3.228e-010
11161	3.4307e-010
11162	3.0948e-010
11163	3.1323e-010
11164	3.0391e-010
11165	2.8566e-010
11166	3.2651e-010
11167	2.965e-010
11168	3.0679e-010
11169	2.3558e-010
11170	2.2682e-010
11171	2.6118e-010
11172	2.3125e-010
11173	2.3509e-010
11174	2.5724e-010
11175	3.65e-010
11176	6.0337e-010
11177	8.3894e-010
11178	7.6594e-010
11179	1.639e-009
11180	1.0841e-009
11181	1.3532e-010
11182	1.0316e-010
11183	1.5727e-010
11184	2.184e-010
11185	2.3416e-010
11186	2.4022e-010
11187	2.4684e-010
11188	2.5378e-010
11189	2.5847e-010
11190	2.6592e-010
11191	2.7127e-010
11192	2.7658e-010
11193	2.8554e-010
11194	2.8943e-010
11195	2.9866e-010
11196	3.0351e-010
11197	3.1117e-010
11198	3.186e-010
11199	3.2497e-010
11200	3.3401e-010
11201	3.3985e-010
11202	3.4975e-010
11203	3.5583e-010
11204	3.6564e-010
11205	3.7268e-010
11206	3.8171e-010
11207	3.9077e-010
11208	3.9811e-010
11209	4.0979e-010
11210	4.1581e-010
11211	4.2809e-010
11212	4.3672e-010
11213	4.4526e-010
11214	4.5777e-010
11215	4.6661e-010
11216	4.7651e-010
11217	4.8885e-010
11218	4.9987e-010
11219	5.0793e-010
11220	5.2278e-010
11221	5.3367e-010
11222	5.4616e-010
11223	5.5606e-010
11224	5.7086e-010
11225	5.8351e-010
11226	5.9658e-010
11227	6.0977e-010
11228	6.236e-010
11229	6.3803e-010
11230	6.5121e-010
11231	6.6701e-010
11232	6.8206e-010
11233	6.9741e-010
11234	7.1344e-010
11235	7.2949e-010
11236	7.4754e-010
11237	7.6144e-010
11238	7.8139e-010
11239	7.9821e-010
11240	8.1643e-010
11241	8.367e-010
11242	8.5736e-010
11243	8.7279e-010
11244	8.872e-010
11245	9.2019e-010
11246	9.225e-010
11247	8.8925e-010
11248	8.7516e-010
11249	8.6362e-010
11250	8.4439e-010
11251	8.2488e-010
11252	8.0797e-010
11253	7.9326e-010
11254	7.6877e-010
11255	7.6172e-010
11256	7.4203e-010
11257	7.27e-010
11258	7.1216e-010
11259	6.9776e-010
11260	6.8437e-010
11261	6.6494e-010
11262	6.5626e-010
11263	6.4199e-010
11264	6.2934e-010
11265	6.168e-010
11266	6.0664e-010
11267	6.0372e-010
11268	5.6595e-010
11269	5.8203e-010
11270	5.591e-010
11271	5.6734e-010
11272	5.2382e-010
11273	5.3946e-010
11274	5.2807e-010
11275	4.9349e-010
11276	4.8478e-010
11277	5.06e-010
11278	4.6546e-010
11279	4.6327e-010
11280	4.8587e-010
11281	4.5353e-010
11282	4.8055e-010
11283	4.1323e-010
11284	4.3239e-010
11285	3.9511e-010
11286	3.7834e-010
11287	3.87e-010
11288	3.6036e-010
11289	3.7637e-010
11290	3.4476e-010
11291	3.5467e-010
11292	3.258e-010
11293	3.2676e-010
11294	3.1515e-010
11295	2.9893e-010
11296	3.3324e-010
11297	3.2e-010
11298	3.1214e-010
11299	2.4934e-010
11300	2.3441e-010
11301	2.6368e-010
11302	2.4992e-010
11303	2.5896e-010
11304	2.5086e-010
11305	3.5198e-010
11306	6.1726e-010
11307	9.5287e-010
11308	9.13e-010
11309	1.4851e-009
11310	1.4898e-009
11311	1.3539e-010
11312	1.032e-010
11313	1.5734e-010
11314	2.1849e-010
11315	2.3424e-010
11316	2.4025e-010
11317	2.4688e-010
11318	2.5384e-010
11319	2.5855e-010
11320	2.66e-010
11321	2.7142e-010
11322	2.767e-010
11323	2.8562e-010
11324	2.8952e-010
11325	2.9872e-010
11326	3.0361e-010
11327	3.113e-010
11328	3.1875e-010
11329	3.2512e-010
11330	3.341e-010
11331	3.3991e-010
11332	3.4974e-010
11333	3.5582e-010
11334	3.6566e-010
11335	3.7273e-010
11336	3.8192e-010
11337	3.91e-010
11338	3.9832e-010
11339	4.0995e-010
11340	4.1587e-010
11341	4.2812e-010
11342	4.367e-010
11343	4.4524e-010
11344	4.5784e-010
11345	4.6674e-010
11346	4.766e-010
11347	4.8902e-010
11348	5.0017e-010
11349	5.082e-010
11350	5.2308e-010
11351	5.3387e-010
11352	5.4643e-010
11353	5.5631e-010
11354	5.7101e-010
11355	5.8359e-010
11356	5.9673e-010
11357	6.0998e-010
11358	6.2383e-010
11359	6.3822e-010
11360	6.5145e-010
11361	6.6724e-010
11362	6.8232e-010
11363	6.9768e-010
11364	7.1345e-010
11365	7.2952e-010
11366	7.4754e-010
11367	7.6127e-010
11368	7.8117e-010
11369	7.9799e-010
11370	8.1609e-010
11371	8.3634e-010
11372	8.5708e-010
11373	8.7249e-010
11374	8.8683e-010
11375	9.1975e-010
11376	9.2199e-010
11377	8.8886e-010
11378	8.7498e-010
11379	8.6343e-010
11380	8.4416e-010
11381	8.2473e-010
11382	8.0767e-010
11383	7.9298e-010
11384	7.6856e-010
11385	7.6164e-010
11386	7.4198e-010
11387	7.2694e-010
11388	7.1219e-010
11389	6.9792e-010
11390	6.8463e-010
11391	6.6498e-010
11392	6.5658e-010
11393	6.4227e-010
11394	6.2963e-010
11395	6.169e-010
11396	6.0715e-010
11397	6.0442e-010
11398	5.6666e-010
11399	5.8263e-010
11400	5.5938e-010
11401	5.6866e-010
11402	5.2437e-010
11403	5.4066e-010
11404	5.2792e-010
11405	4.932e-010
11406	4.845e-010
11407	5.0555e-010
11408	4.6494e-010
11409	4.6272e-010
11410	4.8527e-010
11411	4.5296e-010
11412	4.7999e-010
11413	4.1274e-010
11414	4.3193e-010
11415	3.9468e-010
11416	3.7787e-010
11417	3.8658e-010
11418	3.5988e-010
11419	3.7589e-010
11420	3.4429e-010
11421	3.5424e-010
11422	3.2539e-010
11423	3.2641e-010
11424	3.1491e-010
11425	2.9874e-010
11426	3.3307e-010
11427	3.1979e-010
11428	3.1193e-010
11429	2.4915e-010
11430	2.3421e-010
11431	2.6349e-010
11432	2.4974e-010
11433	2.5877e-010
11434	2.5069e-010
11435	3.5181e-010
11436	6.1707e-010
11437	9.5281e-010
11438	9.1286e-010
11439	1.485e-009
11440	1.4897e-009
11441	1.1783e-010
11442	8.8087e-011
11443	1.4776e-010
11444	2.0812e-010
11445	2.2139e-010
11446	2.2904e-010
11447	2.3573e-010
11448	2.4083e-010
11449	2.4476e-010
11450	2.5355e-010
11451	2.5845e-010
11452	2.6277e-010
11453	2.7219e-010
11454	2.7398e-010
11455	2.8453e-010
11456	2.8845e-010
11457	2.9602e-010
11458	3.028e-010
11459	3.0874e-010
11460	3.1783e-010
11461	3.2252e-010
11462	3.3286e-010
11463	3.374e-010
11464	3.4794e-010
11465	3.5374e-010
11466	3.6305e-010
11467	3.7238e-010
11468	3.7743e-010
11469	3.9077e-010
11470	3.9367e-010
11471	4.075e-010
11472	4.1528e-010
11473	4.2205e-010
11474	4.3592e-010
11475	4.4316e-010
11476	4.5186e-010
11477	4.6558e-010
11478	4.7543e-010
11479	4.8157e-010
11480	4.9698e-010
11481	5.0832e-010
11482	5.1884e-010
11483	5.2782e-010
11484	5.4207e-010
11485	5.5494e-010
11486	5.6765e-010
11487	5.7976e-010
11488	5.9242e-010
11489	6.0588e-010
11490	6.185e-010
11491	6.336e-010
11492	6.4817e-010
11493	6.629e-010
11494	6.7784e-010
11495	6.931e-010
11496	7.0958e-010
11497	7.2275e-010
11498	7.4097e-010
11499	7.5753e-010
11500	7.753e-010
11501	7.957e-010
11502	8.1433e-010
11503	8.2657e-010
11504	8.4151e-010
11505	8.7486e-010
11506	8.7647e-010
11507	8.4314e-010
11508	8.2862e-010
11509	8.2108e-010
11510	8.0463e-010
11511	7.8456e-010
11512	7.674e-010
11513	7.5154e-010
11514	7.2956e-010
11515	7.2262e-010
11516	7.0634e-010
11517	6.9142e-010
11518	6.774e-010
11519	6.6405e-010
11520	6.4953e-010
11521	6.3088e-010
11522	6.2212e-010
11523	6.0977e-010
11524	5.9892e-010
11525	5.9181e-010
11526	5.8278e-010
11527	5.7133e-010
11528	5.3105e-010
11529	5.5247e-010
11530	5.4433e-010
11531	5.4457e-010
11532	4.843e-010
11533	5.1839e-010
11534	5.1514e-010
11535	4.5927e-010
11536	4.5923e-010
11537	4.9519e-010
11538	4.2832e-010
11539	4.4651e-010
11540	4.7539e-010
11541	4.1286e-010
11542	4.7624e-010
11543	3.7483e-010
11544	4.2597e-010
11545	3.79e-010
11546	3.5397e-010
11547	3.7603e-010
11548	3.3532e-010
11549	3.66e-010
11550	3.2192e-010
11551	3.4227e-010
11552	3.0864e-010
11553	3.1255e-010
11554	3.034e-010
11555	2.8527e-010
11556	3.2614e-010
11557	2.9609e-010
11558	3.0643e-010
11559	2.3526e-010
11560	2.2645e-010
11561	2.6089e-010
11562	2.3106e-010
11563	2.3487e-010
11564	2.569e-010
11565	3.6459e-010
11566	6.0281e-010
11567	8.3879e-010
11568	7.6563e-010
11569	1.6386e-009
11570	1.0841e-009
11571	1.3536e-010
11572	1.0317e-010
11573	1.5738e-010
11574	2.1858e-010
11575	2.3432e-010
11576	2.4035e-010
11577	2.4694e-010
11578	2.5387e-010
11579	2.5855e-010
11580	2.6601e-010
11581	2.7144e-010
11582	2.7675e-010
11583	2.8568e-010
11584	2.8958e-010
11585	2.9884e-010
11586	3.038e-010
11587	3.1147e-010
11588	3.1884e-010
11589	3.2522e-010
11590	3.3432e-010
11591	3.4015e-010
11592	3.4993e-010
11593	3.5588e-010
11594	3.6567e-010
11595	3.7274e-010
11596	3.8199e-010
11597	3.9112e-010
11598	3.9853e-010
11599	4.1017e-010
11600	4.1611e-010
11601	4.284e-010
11602	4.3703e-010
11603	4.457e-010
11604	4.5808e-010
11605	4.6681e-010
11606	4.767e-010
11607	4.8919e-010
11608	5.0031e-010
11609	5.0843e-010
11610	5.233e-010
11611	5.3413e-010
11612	5.4654e-010
11613	5.5648e-010
11614	5.7137e-010
11615	5.8402e-010
11616	5.9705e-010
11617	6.102e-010
11618	6.2387e-010
11619	6.3843e-010
11620	6.518e-010
11621	6.6743e-010
11622	6.8248e-010
11623	6.9792e-010
11624	7.1368e-010
11625	7.2973e-010
11626	7.4757e-010
11627	7.6105e-010
11628	7.8115e-010
11629	7.9811e-010
11630	8.1611e-010
11631	8.359e-010
11632	8.5658e-010
11633	8.7206e-010
11634	8.8661e-010
11635	9.1992e-010
11636	9.2174e-010
11637	8.8848e-010
11638	8.7465e-010
11639	8.6305e-010
11640	8.4409e-010
11641	8.2468e-010
11642	8.0757e-010
11643	7.9326e-010
11644	7.687e-010
11645	7.6173e-010
11646	7.4226e-010
11647	7.2726e-010
11648	7.1237e-010
11649	6.9811e-010
11650	6.8475e-010
11651	6.6521e-010
11652	6.5667e-010
11653	6.4235e-010
11654	6.2948e-010
11655	6.1698e-010
11656	6.071e-010
11657	6.0501e-010
11658	5.6583e-010
11659	5.8312e-010
11660	5.5913e-010
11661	5.6928e-010
11662	5.2348e-010
11663	5.4108e-010
11664	5.2773e-010
11665	4.9304e-010
11666	4.8429e-010
11667	5.0539e-010
11668	4.6463e-010
11669	4.6236e-010
11670	4.8495e-010
11671	4.5251e-010
11672	4.795e-010
11673	4.1225e-010
11674	4.3158e-010
11675	3.9428e-010
11676	3.7739e-010
11677	3.8606e-010
11678	3.5941e-010
11679	3.7548e-010
11680	3.4392e-010
11681	3.5391e-010
11682	3.251e-010
11683	3.2616e-010
11684	3.1472e-010
11685	2.9854e-010
11686	3.3283e-010
11687	3.1947e-010
11688	3.1178e-010
11689	2.4899e-010
11690	2.3414e-010
11691	2.6355e-010
11692	2.4967e-010
11693	2.5879e-010
11694	2.505e-010
11695	3.5161e-010
11696	6.1697e-010
11697	9.5279e-010
11698	9.1294e-010
11699	1.485e-009
11700	1.4893e-009
11701	1.3536e-010
11702	1.0317e-010
11703	1.5738e-010
11704	2.1858e-010
11705	2.3432e-010
11706	2.4035e-010
11707	2.4694e-010
11708	2.5387e-010
11709	2.5855e-010
11710	2.6601e-010
11711	2.7144e-010
11712	2.7675e-010
11713	2.8568e-010
11714	2.8958e-010
11715	2.9884e-010
11716	3.038e-010
11717	3.1147e-010
11718	3.1884e-010
11719	3.2522e-010
11720	3.3432e-010
11721	3.4015e-010
11722	3.4993e-010
11723	3.5588e-010
11724	3.6567e-010
11725	3.7274e-010
11726	3.8199e-010
11727	3.9112e-010
11728	3.9853e-010
11729	4.1017e-010
11730	4.1611e-010
11731	4.284e-010
11732	4.3703e-010
11733	4.457e-010
11734	4.5807e-010
11735	4.6681e-010
11736	4.767e-010
11737	4.8919e-010
11738	5.0031e-010
11739	5.0843e-010
11740	5.233e-010
11741	5.3413e-010
11742	5.4655e-010
11743	5.5648e-010
11744	5.7137e-010
11745	5.8402e-010
11746	5.9705e-010
11747	6.102e-010
11748	6.2387e-010
11749	6.3843e-010
11750	6.518e-010
11751	6.6743e-010
11752	6.8248e-010
11753	6.9792e-010
11754	7.1368e-010
11755	7.2973e-010
11756	7.4757e-010
11757	7.6105e-010
11758	7.8115e-010
11759	7.9811e-010
11760	8.1611e-010
11761	8.359e-010
11762	8.5658e-010
11763	8.7206e-010
11764	8.8661e-010
11765	9.1992e-010
11766	9.2174e-010
11767	8.8848e-010
11768	8.7465e-010
11769	8.6305e-010
11770	8.4409e-010
11771	8.2468e-010
11772	8.0758e-010
11773	7.9326e-010
11774	7.687e-010
11775	7.6173e-010
11776	7.4222e-010
11777	7.2728e-010
11778	7.1234e-010
11779	6.9815e-010
11780	6.8502e-010
11781	6.643e-010
11782	6.5687e-010
11783	6.4233e-010
11784	6.2952e-010
11785	6.1699e-010
11786	6.0712e-010
11787	6.0499e-010
11788	5.6621e-010
11789	5.8307e-010
11790	5.5913e-010
11791	5.6937e-010
11792	5.2347e-010
11793	5.4113e-010
11794	5.2772e-010
11795	4.9305e-010
11796	4.8429e-010
11797	5.0539e-010
11798	4.6463e-010
11799	4.6236e-010
11800	4.8495e-010
11801	4.5251e-010
11802	4.795e-010
11803	4.1225e-010
11804	4.3158e-010
11805	3.9428e-010
11806	3.7739e-010
11807	3.8606e-010
11808	3.5941e-010
11809	3.7548e-010
11810	3.4392e-010
11811	3.5391e-010
11812	3.251e-010
11813	3.2616e-010
11814	3.1472e-010
11815	2.9854e-010
11816	3.3282e-010
11817	3.1947e-010
11818	3.1178e-010
11819	2.4899e-010
11820	2.3414e-010
11821	2.6355e-010
11822	2.4967e-010
11823	2.5879e-010
11824	2.505e-010
11825	3.5161e-010
11826	6.1697e-010
11827	9.5279e-010
11828	9.1294e-010
11829	1.485e-009
11830	1.4893e-009
11831	1.1783e-010
11832	8.8087e-011
11833	1.4776e-010
11834	2.0812e-010
11835	2.2139e-010
11836	2.2904e-010
11837	2.3573e-010
11838	2.4084e-010
11839	2.4476e-010
11840	2.5355e-010
11841	2.5845e-010
11842	2.6277e-010
11843	2.7219e-010
11844	2.7398e-010
11845	2.8453e-010
11846	2.8845e-010
11847	2.9602e-010
11848	3.028e-010
11849	3.0874e-010
11850	3.1783e-010
11851	3.2252e-010
11852	3.3286e-010
11853	3.374e-010
11854	3.4794e-010
11855	3.5374e-010
11856	3.6305e-010
11857	3.7238e-010
11858	3.7743e-010
11859	3.9077e-010
11860	3.9367e-010
11861	4.075e-010
11862	4.1528e-010
11863	4.2205e-010
11864	4.3592e-010
11865	4.4316e-010
11866	4.5187e-010
11867	4.6559e-010
11868	4.7543e-010
11869	4.8157e-010
11870	4.9698e-010
11871	5.0832e-010
11872	5.1884e-010
11873	5.2782e-010
11874	5.4207e-010
11875	5.5494e-010
11876	5.6765e-010
11877	5.7976e-010
11878	5.9242e-010
11879	6.0588e-010
11880	6.185e-010
11881	6.336e-010
11882	6.4817e-010
11883	6.629e-010
11884	6.7784e-010
11885	6.931e-010
11886	7.0958e-010
11887	7.2275e-010
11888	7.4097e-010
11889	7.5753e-010
11890	7.753e-010
11891	7.957e-010
11892	8.1433e-010
11893	8.2657e-010
11894	8.4151e-010
11895	8.7486e-010
11896	8.7647e-010
11897	8.4314e-010
11898	8.2862e-010
11899	8.2108e-010
11900	8.0463e-010
11901	7.8456e-010
11902	7.674e-010
11903	7.5154e-010
11904	7.2956e-010
11905	7.2262e-010
11906	7.0632e-010
11907	6.9141e-010
11908	6.7738e-010
11909	6.6404e-010
11910	6.4938e-010
11911	6.3021e-010
11912	6.22e-010
11913	6.0979e-010
11914	5.9893e-010
11915	5.9177e-010
11916	5.8287e-010
11917	5.7127e-010
11918	5.3127e-010
11919	5.523e-010
11920	5.4437e-010
11921	5.4455e-010
11922	4.8435e-010
11923	5.1842e-010
11924	5.1507e-010
11925	4.5929e-010
11926	4.5923e-010
11927	4.9518e-010
11928	4.2831e-010
11929	4.4651e-010
11930	4.7539e-010
11931	4.1286e-010
11932	4.7624e-010
11933	3.7483e-010
11934	4.2597e-010
11935	3.79e-010
11936	3.5397e-010
11937	3.7603e-010
11938	3.3532e-010
11939	3.66e-010
11940	3.2192e-010
11941	3.4227e-010
11942	3.0864e-010
11943	3.1255e-010
11944	3.034e-010
11945	2.8527e-010
11946	3.2614e-010
11947	2.9609e-010
11948	3.0643e-010
11949	2.3526e-010
11950	2.2645e-010
11951	2.6089e-010
11952	2.3106e-010
11953	2.3487e-010
11954	2.569e-010
11955	3.6459e-010
11956	6.0281e-010
11957	8.3879e-010
11958	7.6563e-010
11959	1.6386e-009
11960	1.0841e-009
11961	1.3539e-010
11962	1.032e-010
11963	1.5734e-010
11964	2.1849e-010
11965	2.3424e-010
11966	2.4025e-010
11967	2.4688e-010
11968	2.5384e-010
11969	2.5855e-010
11970	2.66e-010
11971	2.7142e-010
11972	2.767e-010
11973	2.8562e-010
11974	2.8952e-010
11975	2.9872e-010
11976	3.0361e-010
11977	3.113e-010
11978	3.1875e-010
11979	3.2512e-010
11980	3.341e-010
11981	3.3991e-010
11982	3.4974e-010
11983	3.5582e-010
11984	3.6566e-010
11985	3.7273e-010
11986	3.8192e-010
11987	3.91e-010
11988	3.9832e-010
11989	4.0995e-010
11990	4.1587e-010
11991	4.2812e-010
11992	4.367e-010
11993	4.4524e-010
11994	4.5784e-010
11995	4.6674e-010
11996	4.766e-010
11997	4.8902e-010
11998	5.0017e-010
11999	5.082e-010
12000	5.2308e-010
12001	5.3388e-010
12002	5.4643e-010
12003	5.5631e-010
12004	5.7101e-010
12005	5.8359e-010
12006	5.9673e-010
12007	6.0998e-010
12008	6.2383e-010
12009	6.3822e-010
12010	6.5145e-010
12011	6.6724e-010
12012	6.8232e-010
12013	6.9768e-010
12014	7.1345e-010
12015	7.2952e-010
12016	7.4754e-010
12017	7.6127e-010
12018	7.8117e-010
12019	7.9799e-010
12020	8.1609e-010
12021	8.3634e-010
12022	8.5708e-010
12023	8.7249e-010
12024	8.8683e-010
12025	9.1975e-010
12026	9.2199e-010
12027	8.8886e-010
12028	8.7498e-010
12029	8.6343e-010
12030	8.4416e-010
12031	8.2473e-010
12032	8.0767e-010
12033	7.9298e-010
12034	7.6856e-010
12035	7.6161e-010
12036	7.4197e-010
12037	7.2695e-010
12038	7.1213e-010
12039	6.9794e-010
12040	6.848e-010
12041	6.6412e-010
12042	6.5677e-010
12043	6.4228e-010
12044	6.2961e-010
12045	6.17e-010
12046	6.072e-010
12047	6.0243e-010
12048	5.6847e-010
12049	5.8062e-010
12050	5.5928e-010
12051	5.6931e-010
12052	5.2347e-010
12053	5.4118e-010
12054	5.2779e-010
12055	4.932e-010
12056	4.845e-010
12057	5.0555e-010
12058	4.6494e-010
12059	4.6274e-010
12060	4.8526e-010
12061	4.5296e-010
12062	4.7999e-010
12063	4.1274e-010
12064	4.3193e-010
12065	3.9468e-010
12066	3.7787e-010
12067	3.8658e-010
12068	3.5988e-010
12069	3.7589e-010
12070	3.4429e-010
12071	3.5424e-010
12072	3.2539e-010
12073	3.2641e-010
12074	3.1491e-010
12075	2.9874e-010
12076	3.3307e-010
12077	3.1979e-010
12078	3.1193e-010
12079	2.4915e-010
12080	2.3421e-010
12081	2.6349e-010
12082	2.4974e-010
12083	2.5877e-010
12084	2.5069e-010
12085	3.5181e-010
12086	6.1708e-010
12087	9.5281e-010
12088	9.1286e-010
12089	1.485e-009
12090	1.4897e-009
12091	1.3532e-010
12092	1.0316e-010
12093	1.5727e-010
12094	2.184e-010
12095	2.3416e-010
12096	2.4022e-010
12097	2.4684e-010
12098	2.5378e-010
12099	2.5847e-010
12100	2.6592e-010
12101	2.7127e-010
12102	2.7658e-010
12103	2.8554e-010
12104	2.8943e-010
12105	2.9866e-010
12106	3.0351e-010
12107	3.1117e-010
12108	3.186e-010
12109	3.2497e-010
12110	3.3401e-010
12111	3.3985e-010
12112	3.4975e-010
12113	3.5583e-010
12114	3.6564e-010
12115	3.7268e-010
12116	3.8171e-010
12117	3.9077e-010
12118	3.9811e-010
12119	4.0979e-010
12120	4.1581e-010
12121	4.2809e-010
12122	4.3673e-010
12123	4.4526e-010
12124	4.5777e-010
12125	4.6661e-010
12126	4.7651e-010
12127	4.8885e-010
12128	4.9987e-010
12129	5.0792e-010
12130	5.2278e-010
12131	5.3367e-010
12132	5.4616e-010
12133	5.5605e-010
12134	5.7086e-010
12135	5.8351e-010
12136	5.9658e-010
12137	6.0977e-010
12138	6.236e-010
12139	6.3803e-010
12140	6.5121e-010
12141	6.6701e-010
12142	6.8206e-010
12143	6.9741e-010
12144	7.1344e-010
12145	7.2949e-010
12146	7.4754e-010
12147	7.6144e-010
12148	7.8139e-010
12149	7.9821e-010
12150	8.1643e-010
12151	8.367e-010
12152	8.5736e-010
12153	8.7279e-010
12154	8.872e-010
12155	9.2019e-010
12156	9.225e-010
12157	8.8924e-010
12158	8.7516e-010
12159	8.6362e-010
12160	8.4439e-010
12161	8.2488e-010
12162	8.0797e-010
12163	7.9326e-010
12164	7.6877e-010
12165	7.6172e-010
12166	7.4206e-010
12167	7.2698e-010
12168	7.1206e-010
12169	6.9787e-010
12170	6.8461e-010
12171	6.6417e-010
12172	6.5642e-010
12173	6.4204e-010
12174	6.2933e-010
12175	6.1686e-010
12176	6.0659e-010
12177	6.0192e-010
12178	5.6706e-010
12179	5.8017e-010
12180	5.5895e-010
12181	5.6939e-010
12182	5.235e-010
12183	5.4131e-010
12184	5.2797e-010
12185	4.9343e-010
12186	4.8479e-010
12187	5.06e-010
12188	4.6547e-010
12189	4.6327e-010
12190	4.8587e-010
12191	4.5352e-010
12192	4.8056e-010
12193	4.1324e-010
12194	4.3239e-010
12195	3.9511e-010
12196	3.7834e-010
12197	3.87e-010
12198	3.6035e-010
12199	3.7637e-010
12200	3.4476e-010
12201	3.5467e-010
12202	3.258e-010
12203	3.2676e-010
12204	3.1515e-010
12205	2.9893e-010
12206	3.3324e-010
12207	3.2e-010
12208	3.1214e-010
12209	2.4934e-010
12210	2.3441e-010
12211	2.637e-010
12212	2.4992e-010
12213	2.5896e-010
12214	2.5086e-010
12215	3.5198e-010
12216	6.1726e-010
12217	9.5287e-010
12218	9.13e-010
12219	1.4851e-009
12220	1.4898e-009
12221	1.1784e-010
12222	8.8024e-011
12223	1.4759e-010
12224	2.0784e-010
12225	2.2109e-010
12226	2.2873e-010
12227	2.3549e-010
12228	2.4062e-010
12229	2.446e-010
12230	2.5336e-010
12231	2.5829e-010
12232	2.6251e-010
12233	2.7193e-010
12234	2.7374e-010
12235	2.8421e-010
12236	2.8806e-010
12237	2.9572e-010
12238	3.0258e-010
12239	3.0855e-010
12240	3.1755e-010
12241	3.2221e-010
12242	3.3264e-010
12243	3.3726e-010
12244	3.4781e-010
12245	3.5346e-010
12246	3.626e-010
12247	3.7179e-010
12248	3.7693e-010
12249	3.903e-010
12250	3.933e-010
12251	4.0733e-010
12252	4.1529e-010
12253	4.2195e-010
12254	4.3571e-010
12255	4.4295e-010
12256	4.516e-010
12257	4.6535e-010
12258	4.7512e-010
12259	4.8109e-010
12260	4.9666e-010
12261	5.078e-010
12262	5.182e-010
12263	5.2718e-010
12264	5.416e-010
12265	5.5472e-010
12266	5.6732e-010
12267	5.7943e-010
12268	5.9222e-010
12269	6.0569e-010
12270	6.1818e-010
12271	6.3311e-010
12272	6.4778e-010
12273	6.6234e-010
12274	6.7752e-010
12275	6.93e-010
12276	7.0953e-010
12277	7.2301e-010
12278	7.4126e-010
12279	7.5803e-010
12280	7.7584e-010
12281	7.965e-010
12282	8.1477e-010
12283	8.2687e-010
12284	8.4203e-010
12285	8.7552e-010
12286	8.7715e-010
12287	8.4403e-010
12288	8.2855e-010
12289	8.2118e-010
12290	8.0509e-010
12291	7.847e-010
12292	7.6789e-010
12293	7.5185e-010
12294	7.2968e-010
12295	7.2236e-010
12296	7.064e-010
12297	6.9173e-010
12298	6.7764e-010
12299	6.6371e-010
12300	6.4923e-010
12301	6.2952e-010
12302	6.2201e-010
12303	6.0956e-010
12304	5.9885e-010
12305	5.9163e-010
12306	5.8252e-010
12307	5.6879e-010
12308	5.3325e-010
12309	5.5004e-010
12310	5.4418e-010
12311	5.4445e-010
12312	4.8419e-010
12313	5.1836e-010
12314	5.1524e-010
12315	4.5948e-010
12316	4.595e-010
12317	4.9567e-010
12318	4.2892e-010
12319	4.4722e-010
12320	4.7622e-010
12321	4.1371e-010
12322	4.7724e-010
12323	3.7565e-010
12324	4.2691e-010
12325	3.7999e-010
12326	3.5504e-010
12327	3.771e-010
12328	3.3635e-010
12329	3.6695e-010
12330	3.228e-010
12331	3.4307e-010
12332	3.0948e-010
12333	3.1323e-010
12334	3.0391e-010
12335	2.8566e-010
12336	3.2651e-010
12337	2.9651e-010
12338	3.0679e-010
12339	2.3558e-010
12340	2.2682e-010
12341	2.6118e-010
12342	2.3126e-010
12343	2.3509e-010
12344	2.5724e-010
12345	3.65e-010
12346	6.0337e-010
12347	8.3894e-010
12348	7.6594e-010
12349	1.639e-009
12350	1.0841e-009
12351	1.3532e-010
12352	1.0316e-010
12353	1.5727e-010
12354	2.184e-010
12355	2.3415e-010
12356	2.4022e-010
12357	2.4683e-010
12358	2.5378e-010
12359	2.5847e-010
12360	2.6592e-010
12361	2.7128e-010
12362	2.7658e-010
12363	2.8554e-010
12364	2.8943e-010
12365	2.9866e-010
12366	3.0351e-010
12367	3.1117e-010
12368	3.186e-010
12369	3.2497e-010
12370	3.3401e-010
12371	3.3985e-010
12372	3.4975e-010
12373	3.5583e-010
12374	3.6563e-010
12375	3.7268e-010
12376	3.8172e-010
12377	3.9075e-010
12378	3.9811e-010
12379	4.0979e-010
12380	4.1581e-010
12381	4.2809e-010
12382	4.3673e-010
12383	4.4526e-010
12384	4.5777e-010
12385	4.6661e-010
12386	4.7651e-010
12387	4.8885e-010
12388	4.9987e-010
12389	5.0793e-010
12390	5.2279e-010
12391	5.3367e-010
12392	5.4616e-010
12393	5.5606e-010
12394	5.7086e-010
12395	5.8354e-010
12396	5.9658e-010
12397	6.0976e-010
12398	6.2361e-010
12399	6.3804e-010
12400	6.5121e-010
12401	6.6702e-010
12402	6.8207e-010
12403	6.9741e-010
12404	7.1344e-010
12405	7.2949e-010
12406	7.4754e-010
12407	7.6144e-010
12408	7.8139e-010
12409	7.9821e-010
12410	8.1643e-010
12411	8.367e-010
12412	8.5736e-010
12413	8.7283e-010
12414	8.8719e-010
12415	9.202e-010
12416	9.225e-010
12417	8.8925e-010
12418	8.7516e-010
12419	8.6363e-010
12420	8.444e-010
12421	8.2488e-010
12422	8.0797e-010
12423	7.9326e-010
12424	7.6877e-010
12425	7.6171e-010
12426	7.4206e-010
12427	7.2698e-010
12428	7.1205e-010
12429	6.9787e-010
12430	6.8452e-010
12431	6.643e-010
12432	6.5641e-010
12433	6.4203e-010
12434	6.2932e-010
12435	6.1669e-010
12436	6.07e-010
12437	6.0379e-010
12438	5.6696e-010
12439	5.8217e-010
12440	5.593e-010
12441	5.6917e-010
12442	5.2349e-010
12443	5.4128e-010
12444	5.2798e-010
12445	4.9343e-010
12446	4.8481e-010
12447	5.0599e-010
12448	4.6547e-010
12449	4.6327e-010
12450	4.8585e-010
12451	4.5351e-010
12452	4.8056e-010
12453	4.1324e-010
12454	4.3239e-010
12455	3.9511e-010
12456	3.7834e-010
12457	3.87e-010
12458	3.6035e-010
12459	3.7637e-010
12460	3.4476e-010
12461	3.5467e-010
12462	3.258e-010
12463	3.2674e-010
12464	3.1515e-010
12465	2.9893e-010
12466	3.3324e-010
12467	3.2e-010
12468	3.1214e-010
12469	2.4934e-010
12470	2.3441e-010
12471	2.6368e-010
12472	2.4992e-010
12473	2.5896e-010
12474	2.5086e-010
12475	3.5198e-010
12476	6.1727e-010
12477	9.5287e-010
12478	9.13e-010
12479	1.4851e-009
12480	1.4898e-009
12481	1.3535e-010
12482	1.032e-010
12483	1.5734e-010
12484	2.1849e-010
12485	2.3424e-010
12486	2.4026e-010
12487	2.4688e-010
12488	2.5384e-010
12489	2.5855e-010
12490	2.66e-010
12491	2.7142e-010
12492	2.767e-010
12493	2.8563e-010
12494	2.8951e-010
12495	2.9872e-010
12496	3.0363e-010
12497	3.1128e-010
12498	3.1876e-010
12499	3.251e-010
12500	3.3411e-010
12501	3.399e-010
12502	3.4974e-010
12503	3.5582e-010
12504	3.6566e-010
12505	3.7273e-010
12506	3.8192e-010
12507	3.9098e-010
12508	3.9832e-010
12509	4.0995e-010
12510	4.1587e-010
12511	4.2812e-010
12512	4.3671e-010
12513	4.4523e-010
12514	4.5783e-010
12515	4.6674e-010
12516	4.766e-010
12517	4.8902e-010
12518	5.0017e-010
12519	5.082e-010
12520	5.2308e-010
12521	5.3388e-010
12522	5.4643e-010
12523	5.5631e-010
12524	5.7101e-010
12525	5.8358e-010
12526	5.967e-010
12527	6.0999e-010
12528	6.2383e-010
12529	6.3822e-010
12530	6.5146e-010
12531	6.6726e-010
12532	6.8231e-010
12533	6.977e-010
12534	7.1345e-010
12535	7.2953e-010
12536	7.4754e-010
12537	7.6126e-010
12538	7.8117e-010
12539	7.9799e-010
12540	8.161e-010
12541	8.3634e-010
12542	8.5708e-010
12543	8.7249e-010
12544	8.8683e-010
12545	9.1975e-010
12546	9.22e-010
12547	8.8886e-010
12548	8.7498e-010
12549	8.6342e-010
12550	8.4416e-010
12551	8.2473e-010
12552	8.0767e-010
12553	7.9298e-010
12554	7.6857e-010
12555	7.6158e-010
12556	7.4203e-010
12557	7.2696e-010
12558	7.1213e-010
12559	6.9801e-010
12560	6.8474e-010
12561	6.6446e-010
12562	6.567e-010
12563	6.4234e-010
12564	6.2958e-010
12565	6.1697e-010
12566	6.0697e-010
12567	6.0472e-010
12568	5.6648e-010
12569	5.8287e-010
12570	5.5911e-010
12571	5.6929e-010
12572	5.2326e-010
12573	5.4122e-010
12574	5.2779e-010
12575	4.9321e-010
12576	4.8448e-010
12577	5.0556e-010
12578	4.6494e-010
12579	4.6272e-010
12580	4.8527e-010
12581	4.5295e-010
12582	4.7999e-010
12583	4.1273e-010
12584	4.3192e-010
12585	3.9468e-010
12586	3.7788e-010
12587	3.8658e-010
12588	3.5987e-010
12589	3.7589e-010
12590	3.4429e-010
12591	3.5424e-010
12592	3.2539e-010
12593	3.2641e-010
12594	3.1492e-010
12595	2.9875e-010
12596	3.3306e-010
12597	3.1979e-010
12598	3.1194e-010
12599	2.4914e-010
12600	2.3421e-010
12601	2.6347e-010
12602	2.4974e-010
12603	2.5877e-010
12604	2.5069e-010
12605	3.5181e-010
12606	6.1706e-010
12607	9.5281e-010
12608	9.1286e-010
12609	1.485e-009
12610	1.4898e-009
12611	1.1783e-010
12612	8.8076e-011
12613	1.4776e-010
12614	2.0813e-010
12615	2.2138e-010
12616	2.2904e-010
12617	2.3573e-010
12618	2.4083e-010
12619	2.4474e-010
12620	2.5356e-010
12621	2.5844e-010
12622	2.6277e-010
12623	2.7219e-010
12624	2.7397e-010
12625	2.8455e-010
12626	2.8845e-010
12627	2.9605e-010
12628	3.0279e-010
12629	3.0872e-010
12630	3.1781e-010
12631	3.2253e-010
12632	3.3285e-010
12633	3.3741e-010
12634	3.4794e-010
12635	3.5374e-010
12636	3.6303e-010
12637	3.724e-010
12638	3.774e-010
12639	3.9075e-010
12640	3.9365e-010
12641	4.0748e-010
12642	4.1527e-010
12643	4.2203e-010
12644	4.359e-010
12645	4.4315e-010
12646	4.5186e-010
12647	4.6557e-010
12648	4.7544e-010
12649	4.8155e-010
12650	4.9698e-010
12651	5.0833e-010
12652	5.1884e-010
12653	5.2785e-010
12654	5.4206e-010
12655	5.5493e-010
12656	5.6767e-010
12657	5.7973e-010
12658	5.9248e-010
12659	6.0586e-010
12660	6.1854e-010
12661	6.3358e-010
12662	6.4818e-010
12663	6.6292e-010
12664	6.7782e-010
12665	6.9315e-010
12666	7.0953e-010
12667	7.2272e-010
12668	7.4098e-010
12669	7.5761e-010
12670	7.7534e-010
12671	7.9568e-010
12672	8.1431e-010
12673	8.2663e-010
12674	8.415e-010
12675	8.7481e-010
12676	8.7654e-010
12677	8.4311e-010
12678	8.2867e-010
12679	8.2111e-010
12680	8.0471e-010
12681	7.8454e-010
12682	7.6738e-010
12683	7.5152e-010
12684	7.2955e-010
12685	7.2261e-010
12686	7.0633e-010
12687	6.9136e-010
12688	6.7746e-010
12689	6.6397e-010
12690	6.4963e-010
12691	6.2998e-010
12692	6.2234e-010
12693	6.0973e-010
12694	5.9896e-010
12695	5.9177e-010
12696	5.8286e-010
12697	5.7128e-010
12698	5.3143e-010
12699	5.5224e-010
12700	5.4449e-010
12701	5.4414e-010
12702	4.848e-010
12703	5.1801e-010
12704	5.1524e-010
12705	4.5922e-010
12706	4.5922e-010
12707	4.952e-010
12708	4.283e-010
12709	4.465e-010
12710	4.7538e-010
12711	4.1286e-010
12712	4.7625e-010
12713	3.7481e-010
12714	4.2596e-010
12715	3.79e-010
12716	3.54e-010
12717	3.7601e-010
12718	3.3534e-010
12719	3.66e-010
12720	3.2191e-010
12721	3.4226e-010
12722	3.0863e-010
12723	3.1257e-010
12724	3.0342e-010
12725	2.8525e-010
12726	3.2612e-010
12727	2.9611e-010
12728	3.0644e-010
12729	2.3525e-010
12730	2.2646e-010
12731	2.609e-010
12732	2.3105e-010
12733	2.3488e-010
12734	2.5691e-010
12735	3.6458e-010
12736	6.0281e-010
12737	8.3879e-010
12738	7.6562e-010
12739	1.6387e-009
12740	1.0841e-009
12741	1.3537e-010
12742	1.0318e-010
12743	1.5738e-010
12744	2.1859e-010
12745	2.3432e-010
12746	2.4034e-010
12747	2.4694e-010
12748	2.5387e-010
12749	2.5855e-010
12750	2.6601e-010
12751	2.7145e-010
12752	2.7675e-010
12753	2.8568e-010
12754	2.8957e-010
12755	2.9884e-010
12756	3.0379e-010
12757	3.1147e-010
12758	3.1885e-010
12759	3.2522e-010
12760	3.3432e-010
12761	3.4016e-010
12762	3.499e-010
12763	3.5588e-010
12764	3.6567e-010
12765	3.7274e-010
12766	3.8198e-010
12767	3.9113e-010
12768	3.9853e-010
12769	4.1017e-010
12770	4.1612e-010
12771	4.284e-010
12772	4.3703e-010
12773	4.457e-010
12774	4.5807e-010
12775	4.6681e-010
12776	4.767e-010
12777	4.8919e-010
12778	5.003e-010
12779	5.0843e-010
12780	5.2332e-010
12781	5.3411e-010
12782	5.4655e-010
12783	5.5649e-010
12784	5.7133e-010
12785	5.8397e-010
12786	5.9704e-010
12787	6.1016e-010
12788	6.2387e-010
12789	6.3838e-010
12790	6.518e-010
12791	6.6743e-010
12792	6.8246e-010
12793	6.9792e-010
12794	7.1368e-010
12795	7.2975e-010
12796	7.4758e-010
12797	7.6106e-010
12798	7.8116e-010
12799	7.9811e-010
12800	8.161e-010
12801	8.3591e-010
12802	8.5658e-010
12803	8.7205e-010
12804	8.8662e-010
12805	9.1992e-010
12806	9.2178e-010
12807	8.8847e-010
12808	8.7463e-010
12809	8.6306e-010
12810	8.4409e-010
12811	8.2468e-010
12812	8.076e-010
12813	7.9327e-010
12814	7.6868e-010
12815	7.6175e-010
12816	7.4222e-010
12817	7.2724e-010
12818	7.1234e-010
12819	6.9816e-010
12820	6.8484e-010
12821	6.6448e-010
12822	6.5672e-010
12823	6.4244e-010
12824	6.2952e-010
12825	6.1699e-010
12826	6.0733e-010
12827	6.0239e-010
12828	5.6891e-010
12829	5.8047e-010
12830	5.5935e-010
12831	5.6992e-010
12832	5.2453e-010
12833	5.4172e-010
12834	5.2774e-010
12835	4.9306e-010
12836	4.843e-010
12837	5.0536e-010
12838	4.646e-010
12839	4.6236e-010
12840	4.8494e-010
12841	4.5251e-010
12842	4.7951e-010
12843	4.1225e-010
12844	4.3158e-010
12845	3.9428e-010
12846	3.7738e-010
12847	3.8608e-010
12848	3.5941e-010
12849	3.7547e-010
12850	3.4393e-010
12851	3.5392e-010
12852	3.251e-010
12853	3.2618e-010
12854	3.1471e-010
12855	2.9855e-010
12856	3.3283e-010
12857	3.1948e-010
12858	3.1179e-010
12859	2.4898e-010
12860	2.3415e-010
12861	2.6356e-010
12862	2.4968e-010
12863	2.588e-010
12864	2.505e-010
12865	3.5162e-010
12866	6.1697e-010
12867	9.528e-010
12868	9.1297e-010
12869	1.485e-009
12870	1.4893e-009
12871	1.3537e-010
12872	1.0319e-010
12873	1.5738e-010
12874	2.1859e-010
12875	2.3432e-010
12876	2.4034e-010
12877	2.4694e-010
12878	2.5387e-010
12879	2.5855e-010
12880	2.6601e-010
12881	2.7145e-010
12882	2.7675e-010
12883	2.8568e-010
12884	2.8957e-010
12885	2.9884e-010
12886	3.0379e-010
12887	3.1147e-010
12888	3.1885e-010
12889	3.2522e-010
12890	3.3433e-010
12891	3.4016e-010
12892	3.499e-010
12893	3.5588e-010
12894	3.6567e-010
12895	3.7274e-010
12896	3.8198e-010
12897	3.9113e-010
12898	3.9853e-010
12899	4.1016e-010
12900	4.1612e-010
12901	4.284e-010
12902	4.3703e-010
12903	4.457e-010
12904	4.5807e-010
12905	4.6678e-010
12906	4.7671e-010
12907	4.8919e-010
12908	5.003e-010
12909	5.0844e-010
12910	5.2332e-010
12911	5.3411e-010
12912	5.4655e-010
12913	5.565e-010
12914	5.7131e-010
12915	5.8397e-010
12916	5.9704e-010
12917	6.1016e-010
12918	6.2388e-010
12919	6.3839e-010
12920	6.5181e-010
12921	6.6743e-010
12922	6.8246e-010
12923	6.9793e-010
12924	7.1369e-010
12925	7.2975e-010
12926	7.4758e-010
12927	7.6106e-010
12928	7.8116e-010
12929	7.9811e-010
12930	8.161e-010
12931	8.3591e-010
12932	8.5653e-010
12933	8.7205e-010
12934	8.8662e-010
12935	9.1992e-010
12936	9.2178e-010
12937	8.8847e-010
12938	8.7463e-010
12939	8.6307e-010
12940	8.441e-010
12941	8.2469e-010
12942	8.0761e-010
12943	7.9328e-010
12944	7.6869e-010
12945	7.6175e-010
12946	7.4221e-010
12947	7.2724e-010
12948	7.1234e-010
12949	6.9816e-010
12950	6.8482e-010
12951	6.6449e-010
12952	6.5671e-010
12953	6.4244e-010
12954	6.2949e-010
12955	6.1709e-010
12956	6.0709e-010
12957	6.0199e-010
12958	5.68e-010
12959	5.8013e-010
12960	5.5907e-010
12961	5.6995e-010
12962	5.2724e-010
12963	5.4162e-010
12964	5.2773e-010
12965	4.9312e-010
12966	4.8429e-010
12967	5.0536e-010
12968	4.646e-010
12969	4.6236e-010
12970	4.8494e-010
12971	4.5251e-010
12972	4.7951e-010
12973	4.1225e-010
12974	4.3158e-010
12975	3.9429e-010
12976	3.7739e-010
12977	3.8608e-010
12978	3.5941e-010
12979	3.7544e-010
12980	3.4393e-010
12981	3.5392e-010
12982	3.251e-010
12983	3.2618e-010
12984	3.1471e-010
12985	2.9854e-010
12986	3.3283e-010
12987	3.1948e-010
12988	3.1179e-010
12989	2.4898e-010
12990	2.3413e-010
12991	2.6356e-010
12992	2.4968e-010
12993	2.588e-010
12994	2.505e-010
12995	3.5161e-010
12996	6.1698e-010
12997	9.528e-010
12998	9.1297e-010
12999	1.485e-009
13000	1.4893e-009
13001	1.1784e-010
13002	8.808e-011
13003	1.4778e-010
13004	2.0812e-010
13005	2.2142e-010
13006	2.2903e-010
13007	2.3572e-010
13008	2.4082e-010
13009	2.4476e-010
13010	2.536e-010
13011	2.5844e-010
13012	2.6276e-010
13013	2.7218e-010
13014	2.7397e-010
13015	2.8456e-010
13016	2.8845e-010
13017	2.9604e-010
13018	3.0277e-010
13019	3.0872e-010
13020	3.178e-010
13021	3.2254e-010
13022	3.3284e-010
13023	3.374e-010
13024	3.4795e-010
13025	3.5374e-010
13026	3.6303e-010
13027	3.7241e-010
13028	3.7739e-010
13029	3.9073e-010
13030	3.9369e-010
13031	4.0747e-010
13032	4.1527e-010
13033	4.2203e-010
13034	4.3589e-010
13035	4.4314e-010
13036	4.5186e-010
13037	4.6557e-010
13038	4.7545e-010
13039	4.8149e-010
13040	4.9695e-010
13041	5.0832e-010
13042	5.1883e-010
13043	5.2784e-010
13044	5.4204e-010
13045	5.5491e-010
13046	5.6764e-010
13047	5.797e-010
13048	5.9245e-010
13049	6.0586e-010
13050	6.186e-010
13051	6.3355e-010
13052	6.4817e-010
13053	6.629e-010
13054	6.7785e-010
13055	6.9313e-010
13056	7.095e-010
13057	7.2267e-010
13058	7.4104e-010
13059	7.5759e-010
13060	7.7534e-010
13061	7.9567e-010
13062	8.143e-010
13063	8.2662e-010
13064	8.4148e-010
13065	8.7477e-010
13066	8.7658e-010
13067	8.4315e-010
13068	8.2865e-010
13069	8.211e-010
13070	8.047e-010
13071	7.8453e-010
13072	7.6736e-010
13073	7.5151e-010
13074	7.2962e-010
13075	7.2265e-010
13076	7.0632e-010
13077	6.9136e-010
13078	6.7747e-010
13079	6.6396e-010
13080	6.4973e-010
13081	6.3008e-010
13082	6.2222e-010
13083	6.0972e-010
13084	5.9892e-010
13085	5.919e-010
13086	5.8287e-010
13087	5.6901e-010
13088	5.3379e-010
13089	5.5e-010
13090	5.4452e-010
13091	5.4501e-010
13092	4.8596e-010
13093	5.1886e-010
13094	5.1521e-010
13095	4.5928e-010
13096	4.5921e-010
13097	4.9519e-010
13098	4.2829e-010
13099	4.465e-010
13100	4.7538e-010
13101	4.1285e-010
13102	4.7625e-010
13103	3.748e-010
13104	4.2595e-010
13105	3.7899e-010
13106	3.5399e-010
13107	3.7604e-010
13108	3.3533e-010
13109	3.6599e-010
13110	3.2191e-010
13111	3.4224e-010
13112	3.0865e-010
13113	3.1257e-010
13114	3.0342e-010
13115	2.8524e-010
13116	3.2611e-010
13117	2.9614e-010
13118	3.0644e-010
13119	2.3525e-010
13120	2.2645e-010
13121	2.6091e-010
13122	2.3107e-010
13123	2.3487e-010
13124	2.5691e-010
13125	3.6458e-010
13126	6.028e-010
13127	8.3878e-010
13128	7.6566e-010
13129	1.6387e-009
13130	1.0841e-009
13131	1.3536e-010
13132	1.032e-010
13133	1.5734e-010
13134	2.1849e-010
13135	2.3424e-010
13136	2.4025e-010
13137	2.4688e-010
13138	2.5383e-010
13139	2.5855e-010
13140	2.66e-010
13141	2.7142e-010
13142	2.7671e-010
13143	2.8563e-010
13144	2.8952e-010
13145	2.9873e-010
13146	3.0362e-010
13147	3.1128e-010
13148	3.1875e-010
13149	3.2511e-010
13150	3.341e-010
13151	3.3992e-010
13152	3.4976e-010
13153	3.5581e-010
13154	3.6566e-010
13155	3.7275e-010
13156	3.8192e-010
13157	3.9098e-010
13158	3.9832e-010
13159	4.0995e-010
13160	4.1586e-010
13161	4.2811e-010
13162	4.3673e-010
13163	4.4524e-010
13164	4.5783e-010
13165	4.6675e-010
13166	4.7663e-010
13167	4.8901e-010
13168	5.0011e-010
13169	5.0825e-010
13170	5.2306e-010
13171	5.3386e-010
13172	5.4643e-010
13173	5.5631e-010
13174	5.7101e-010
13175	5.836e-010
13176	5.9669e-010
13177	6.0998e-010
13178	6.238e-010
13179	6.3822e-010
13180	6.5149e-010
13181	6.6725e-010
13182	6.8234e-010
13183	6.9775e-010
13184	7.1346e-010
13185	7.2954e-010
13186	7.4755e-010
13187	7.6126e-010
13188	7.8117e-010
13189	7.9799e-010
13190	8.1609e-010
13191	8.3633e-010
13192	8.5708e-010
13193	8.7245e-010
13194	8.8684e-010
13195	9.1975e-010
13196	9.22e-010
13197	8.8883e-010
13198	8.7499e-010
13199	8.6343e-010
13200	8.4421e-010
13201	8.2469e-010
13202	8.0766e-010
13203	7.9296e-010
13204	7.6856e-010
13205	7.6158e-010
13206	7.4203e-010
13207	7.2697e-010
13208	7.1213e-010
13209	6.9802e-010
13210	6.8474e-010
13211	6.6447e-010
13212	6.5666e-010
13213	6.4236e-010
13214	6.2961e-010
13215	6.1696e-010
13216	6.0753e-010
13217	6.0127e-010
13218	5.7043e-010
13219	5.795e-010
13220	5.5967e-010
13221	5.6887e-010
13222	5.2394e-010
13223	5.4082e-010
13224	5.2792e-010
13225	4.9316e-010
13226	4.8448e-010
13227	5.0556e-010
13228	4.6495e-010
13229	4.6272e-010
13230	4.8528e-010
13231	4.5295e-010
13232	4.7999e-010
13233	4.1273e-010
13234	4.3193e-010
13235	3.9468e-010
13236	3.779e-010
13237	3.8657e-010
13238	3.5986e-010
13239	3.7589e-010
13240	3.4429e-010
13241	3.5425e-010
13242	3.2539e-010
13243	3.2641e-010
13244	3.1492e-010
13245	2.9874e-010
13246	3.3307e-010
13247	3.1978e-010
13248	3.1194e-010
13249	2.4914e-010
13250	2.342e-010
13251	2.6348e-010
13252	2.4973e-010
13253	2.5878e-010
13254	2.5069e-010
13255	3.518e-010
13256	6.1706e-010
13257	9.5283e-010
13258	9.1286e-010
13259	1.4849e-009
13260	1.4897e-009
13261	1.3533e-010
13262	1.0314e-010
13263	1.5727e-010
13264	2.184e-010
13265	2.3416e-010
13266	2.4019e-010
13267	2.4683e-010
13268	2.5377e-010
13269	2.5846e-010
13270	2.6592e-010
13271	2.7129e-010
13272	2.7658e-010
13273	2.8553e-010
13274	2.8944e-010
13275	2.9863e-010
13276	3.0352e-010
13277	3.1118e-010
13278	3.1859e-010
13279	3.2497e-010
13280	3.3399e-010
13281	3.3985e-010
13282	3.4975e-010
13283	3.5585e-010
13284	3.6565e-010
13285	3.7265e-010
13286	3.8172e-010
13287	3.9076e-010
13288	3.9808e-010
13289	4.098e-010
13290	4.1583e-010
13291	4.281e-010
13292	4.3673e-010
13293	4.4526e-010
13294	4.5777e-010
13295	4.6662e-010
13296	4.7649e-010
13297	4.8886e-010
13298	4.9982e-010
13299	5.0808e-010
13300	5.2275e-010
13301	5.3368e-010
13302	5.4616e-010
13303	5.5604e-010
13304	5.7086e-010
13305	5.8354e-010
13306	5.9657e-010
13307	6.098e-010
13308	6.2358e-010
13309	6.3804e-010
13310	6.5126e-010
13311	6.6703e-010
13312	6.8205e-010
13313	6.9741e-010
13314	7.1341e-010
13315	7.2951e-010
13316	7.4751e-010
13317	7.6148e-010
13318	7.8138e-010
13319	7.9816e-010
13320	8.1642e-010
13321	8.3671e-010
13322	8.5732e-010
13323	8.7278e-010
13324	8.872e-010
13325	9.202e-010
13326	9.2244e-010
13327	8.8925e-010
13328	8.7517e-010
13329	8.6363e-010
13330	8.4438e-010
13331	8.2488e-010
13332	8.0798e-010
13333	7.9327e-010
13334	7.6878e-010
13335	7.6173e-010
13336	7.4207e-010
13337	7.2698e-010
13338	7.1209e-010
13339	6.9782e-010
13340	6.8455e-010
13341	6.6422e-010
13342	6.564e-010
13343	6.4204e-010
13344	6.2933e-010
13345	6.1683e-010
13346	6.0693e-010
13347	6.0087e-010
13348	5.6879e-010
13349	5.7923e-010
13350	5.5931e-010
13351	5.6741e-010
13352	5.2379e-010
13353	5.3945e-010
13354	5.2806e-010
13355	4.9348e-010
13356	4.8479e-010
13357	5.0601e-010
13358	4.6543e-010
13359	4.6327e-010
13360	4.8586e-010
13361	4.535e-010
13362	4.8051e-010
13363	4.1324e-010
13364	4.3239e-010
13365	3.9514e-010
13366	3.7833e-010
13367	3.8698e-010
13368	3.6037e-010
13369	3.7638e-010
13370	3.4477e-010
13371	3.5468e-010
13372	3.2578e-010
13373	3.2674e-010
13374	3.1516e-010
13375	2.9893e-010
13376	3.3324e-010
13377	3.1999e-010
13378	3.1214e-010
13379	2.4934e-010
13380	2.3442e-010
13381	2.6369e-010
13382	2.4991e-010
13383	2.5896e-010
13384	2.5087e-010
13385	3.5199e-010
13386	6.1726e-010
13387	9.5288e-010
13388	9.13e-010
13389	1.4851e-009
13390	1.4899e-009
13391	1.1784e-010
13392	8.8015e-011
13393	1.4758e-010
13394	2.0782e-010
13395	2.2108e-010
13396	2.2877e-010
13397	2.3547e-010
13398	2.4066e-010
13399	2.4459e-010
13400	2.5335e-010
13401	2.5825e-010
13402	2.6249e-010
13403	2.7191e-010
13404	2.7373e-010
13405	2.842e-010
13406	2.8807e-010
13407	2.9572e-010
13408	3.0263e-010
13409	3.0851e-010
13410	3.1754e-010
13411	3.2226e-010
13412	3.3263e-010
13413	3.3724e-010
13414	3.4782e-010
13415	3.535e-010
13416	3.6264e-010
13417	3.7184e-010
13418	3.769e-010
13419	3.9028e-010
13420	3.9334e-010
13421	4.0742e-010
13422	4.1523e-010
13423	4.2192e-010
13424	4.3577e-010
13425	4.429e-010
13426	4.5159e-010
13427	4.6533e-010
13428	4.7501e-010
13429	4.8128e-010
13430	4.9653e-010
13431	5.0782e-010
13432	5.1819e-010
13433	5.2716e-010
13434	5.4157e-010
13435	5.5471e-010
13436	5.6738e-010
13437	5.7943e-010
13438	5.922e-010
13439	6.0572e-010
13440	6.182e-010
13441	6.3319e-010
13442	6.4776e-010
13443	6.6228e-010
13444	6.7747e-010
13445	6.931e-010
13446	7.0958e-010
13447	7.2316e-010
13448	7.4145e-010
13449	7.58e-010
13450	7.7602e-010
13451	7.9639e-010
13452	8.1493e-010
13453	8.2683e-010
13454	8.4216e-010
13455	8.7543e-010
13456	8.772e-010
13457	8.44e-010
13458	8.2853e-010
13459	8.2114e-010
13460	8.0506e-010
13461	7.8467e-010
13462	7.6813e-010
13463	7.5176e-010
13464	7.2963e-010
13465	7.2237e-010
13466	7.0637e-010
13467	6.916e-010
13468	6.7756e-010
13469	6.6363e-010
13470	6.4924e-010
13471	6.2948e-010
13472	6.2186e-010
13473	6.0955e-010
13474	5.9872e-010
13475	5.9161e-010
13476	5.8262e-010
13477	5.6656e-010
13478	5.353e-010
13479	5.4789e-010
13480	5.4433e-010
13481	5.3976e-010
13482	4.8721e-010
13483	5.1396e-010
13484	5.1527e-010
13485	4.5959e-010
13486	4.5949e-010
13487	4.9567e-010
13488	4.2889e-010
13489	4.4721e-010
13490	4.7621e-010
13491	4.1367e-010
13492	4.7723e-010
13493	3.7561e-010
13494	4.2688e-010
13495	3.8004e-010
13496	3.5502e-010
13497	3.7707e-010
13498	3.3632e-010
13499	3.6695e-010
13500	3.2278e-010
13501	3.4307e-010
13502	3.0945e-010
13503	3.1322e-010
13504	3.039e-010
13505	2.8565e-010
13506	3.265e-010
13507	2.9648e-010
13508	3.0678e-010
13509	2.3556e-010
13510	2.2679e-010
13511	2.6116e-010
13512	2.3128e-010
13513	2.351e-010
13514	2.5725e-010
13515	3.6499e-010
13516	6.0336e-010
13517	8.3895e-010
13518	7.6593e-010
13519	1.639e-009
13520	1.084e-009
13521	1.3533e-010
13522	1.0314e-010
13523	1.5727e-010
13524	2.184e-010
13525	2.3416e-010
13526	2.4019e-010
13527	2.4683e-010
13528	2.5377e-010
13529	2.5846e-010
13530	2.6593e-010
13531	2.7129e-010
13532	2.7658e-010
13533	2.8553e-010
13534	2.8944e-010
13535	2.9865e-010
13536	3.0352e-010
13537	3.1118e-010
13538	3.1859e-010
13539	3.2498e-010
13540	3.3399e-010
13541	3.3985e-010
13542	3.4975e-010
13543	3.5585e-010
13544	3.6565e-010
13545	3.7265e-010
13546	3.8172e-010
13547	3.9075e-010
13548	3.981e-010
13549	4.098e-010
13550	4.1581e-010
13551	4.281e-010
13552	4.3673e-010
13553	4.4525e-010
13554	4.5779e-010
13555	4.6662e-010
13556	4.765e-010
13557	4.8887e-010
13558	4.9968e-010
13559	5.0821e-010
13560	5.2257e-010
13561	5.337e-010
13562	5.462e-010
13563	5.5605e-010
13564	5.7087e-010
13565	5.8354e-010
13566	5.9657e-010
13567	6.0979e-010
13568	6.2357e-010
13569	6.3804e-010
13570	6.5126e-010
13571	6.6703e-010
13572	6.8205e-010
13573	6.974e-010
13574	7.1341e-010
13575	7.2951e-010
13576	7.475e-010
13577	7.6149e-010
13578	7.8135e-010
13579	7.9816e-010
13580	8.1642e-010
13581	8.3671e-010
13582	8.5732e-010
13583	8.7278e-010
13584	8.8721e-010
13585	9.2025e-010
13586	9.2244e-010
13587	8.8926e-010
13588	8.7512e-010
13589	8.6363e-010
13590	8.4439e-010
13591	8.2487e-010
13592	8.0797e-010
13593	7.9326e-010
13594	7.6879e-010
13595	7.6173e-010
13596	7.4206e-010
13597	7.2698e-010
13598	7.1209e-010
13599	6.9782e-010
13600	6.8455e-010
13601	6.6423e-010
13602	6.5638e-010
13603	6.4205e-010
13604	6.2934e-010
13605	6.1679e-010
13606	6.0709e-010
13607	6.0039e-010
13608	5.6988e-010
13609	5.7878e-010
13610	5.5955e-010
13611	5.6522e-010
13612	5.2451e-010
13613	5.3744e-010
13614	5.2819e-010
13615	4.9351e-010
13616	4.8476e-010
13617	5.0602e-010
13618	4.6543e-010
13619	4.6327e-010
13620	4.8586e-010
13621	4.5349e-010
13622	4.8051e-010
13623	4.1325e-010
13624	4.3236e-010
13625	3.9514e-010
13626	3.7833e-010
13627	3.8697e-010
13628	3.6036e-010
13629	3.7638e-010
13630	3.4477e-010
13631	3.5468e-010
13632	3.2578e-010
13633	3.2674e-010
13634	3.1515e-010
13635	2.9895e-010
13636	3.3324e-010
13637	3.1999e-010
13638	3.1214e-010
13639	2.4934e-010
13640	2.3442e-010
13641	2.6369e-010
13642	2.4991e-010
13643	2.5896e-010
13644	2.5087e-010
13645	3.5199e-010
13646	6.1726e-010
13647	9.5288e-010
13648	9.1299e-010
13649	1.4851e-009
13650	1.4899e-009
13651	1.3537e-010
13652	1.0321e-010
13653	1.5735e-010
13654	2.1849e-010
13655	2.3424e-010
13656	2.4025e-010
13657	2.4688e-010
13658	2.5383e-010
13659	2.5855e-010
13660	2.66e-010
13661	2.7141e-010
13662	2.7668e-010
13663	2.8563e-010
13664	2.8952e-010
13665	2.9873e-010
13666	3.0362e-010
13667	3.1129e-010
13668	3.1873e-010
13669	3.2511e-010
13670	3.3411e-010
13671	3.399e-010
13672	3.4976e-010
13673	3.5581e-010
13674	3.6566e-010
13675	3.7275e-010
13676	3.819e-010
13677	3.9098e-010
13678	3.9832e-010
13679	4.0993e-010
13680	4.1586e-010
13681	4.2811e-010
13682	4.3673e-010
13683	4.4523e-010
13684	4.5784e-010
13685	4.6676e-010
13686	4.7663e-010
13687	4.8907e-010
13688	4.9991e-010
13689	5.0847e-010
13690	5.228e-010
13691	5.3394e-010
13692	5.464e-010
13693	5.5632e-010
13694	5.7101e-010
13695	5.836e-010
13696	5.9669e-010
13697	6.0998e-010
13698	6.238e-010
13699	6.3823e-010
13700	6.5147e-010
13701	6.6726e-010
13702	6.8235e-010
13703	6.9775e-010
13704	7.1346e-010
13705	7.2955e-010
13706	7.4755e-010
13707	7.6126e-010
13708	7.8116e-010
13709	7.9799e-010
13710	8.1605e-010
13711	8.3629e-010
13712	8.5709e-010
13713	8.7245e-010
13714	8.8684e-010
13715	9.1975e-010
13716	9.2191e-010
13717	8.8883e-010
13718	8.7499e-010
13719	8.6347e-010
13720	8.4423e-010
13721	8.2469e-010
13722	8.0766e-010
13723	7.9295e-010
13724	7.6856e-010
13725	7.6158e-010
13726	7.4203e-010
13727	7.2697e-010
13728	7.1213e-010
13729	6.9802e-010
13730	6.8474e-010
13731	6.6444e-010
13732	6.5667e-010
13733	6.4232e-010
13734	6.2958e-010
13735	6.1704e-010
13736	6.074e-010
13737	6.0042e-010
13738	5.7037e-010
13739	5.7866e-010
13740	5.5968e-010
13741	5.6651e-010
13742	5.2547e-010
13743	5.3854e-010
13744	5.2803e-010
13745	4.9323e-010
13746	4.845e-010
13747	5.0558e-010
13748	4.6495e-010
13749	4.6273e-010
13750	4.8529e-010
13751	4.5298e-010
13752	4.7999e-010
13753	4.1273e-010
13754	4.3192e-010
13755	3.9469e-010
13756	3.7788e-010
13757	3.8656e-010
13758	3.5986e-010
13759	3.7591e-010
13760	3.4429e-010
13761	3.5425e-010
13762	3.2539e-010
13763	3.2642e-010
13764	3.1494e-010
13765	2.9874e-010
13766	3.3306e-010
13767	3.1978e-010
13768	3.1194e-010
13769	2.4914e-010
13770	2.342e-010
13771	2.6348e-010
13772	2.4973e-010
13773	2.5877e-010
13774	2.5069e-010
13775	3.5181e-010
13776	6.1706e-010
13777	9.5282e-010
13778	9.1286e-010
13779	1.485e-009
13780	1.4897e-009
13781	1.1784e-010
13782	8.8078e-011
13783	1.4778e-010
13784	2.0811e-010
13785	2.2141e-010
13786	2.2903e-010
13787	2.3572e-010
13788	2.4083e-010
13789	2.4477e-010
13790	2.5359e-010
13791	2.5843e-010
13792	2.6275e-010
13793	2.7218e-010
13794	2.7401e-010
13795	2.8455e-010
13796	2.8843e-010
13797	2.9605e-010
13798	3.0276e-010
13799	3.087e-010
13800	3.1779e-010
13801	3.2253e-010
13802	3.3283e-010
13803	3.3738e-010
13804	3.4794e-010
13805	3.5373e-010
13806	3.6303e-010
13807	3.7239e-010
13808	3.7737e-010
13809	3.9072e-010
13810	3.9368e-010
13811	4.0747e-010
13812	4.1527e-010
13813	4.2202e-010
13814	4.3588e-010
13815	4.4312e-010
13816	4.5182e-010
13817	4.6563e-010
13818	4.7521e-010
13819	4.8191e-010
13820	4.9677e-010
13821	5.083e-010
13822	5.1884e-010
13823	5.2783e-010
13824	5.421e-010
13825	5.55e-010
13826	5.6763e-010
13827	5.7968e-010
13828	5.9245e-010
13829	6.0582e-010
13830	6.1855e-010
13831	6.3361e-010
13832	6.4814e-010
13833	6.6287e-010
13834	6.7783e-010
13835	6.9312e-010
13836	7.0948e-010
13837	7.2274e-010
13838	7.4103e-010
13839	7.5759e-010
13840	7.7532e-010
13841	7.9565e-010
13842	8.1431e-010
13843	8.2663e-010
13844	8.4146e-010
13845	8.7476e-010
13846	8.7657e-010
13847	8.431e-010
13848	8.2865e-010
13849	8.2108e-010
13850	8.0481e-010
13851	7.8449e-010
13852	7.6738e-010
13853	7.5149e-010
13854	7.2966e-010
13855	7.2262e-010
13856	7.0631e-010
13857	6.9137e-010
13858	6.7736e-010
13859	6.64e-010
13860	6.4968e-010
13861	6.3012e-010
13862	6.2228e-010
13863	6.0973e-010
13864	5.9889e-010
13865	5.9197e-010
13866	5.8281e-010
13867	5.6697e-010
13868	5.3591e-010
13869	5.479e-010
13870	5.4434e-010
13871	5.4457e-010
13872	4.8454e-010
13873	5.1832e-010
13874	5.1518e-010
13875	4.5921e-010
13876	4.5921e-010
13877	4.952e-010
13878	4.283e-010
13879	4.4651e-010
13880	4.7537e-010
13881	4.1282e-010
13882	4.7624e-010
13883	3.7483e-010
13884	4.2594e-010
13885	3.7897e-010
13886	3.5396e-010
13887	3.7606e-010
13888	3.3532e-010
13889	3.6605e-010
13890	3.2189e-010
13891	3.4223e-010
13892	3.0868e-010
13893	3.1256e-010
13894	3.0345e-010
13895	2.8523e-010
13896	3.2612e-010
13897	2.9614e-010
13898	3.0643e-010
13899	2.3526e-010
13900	2.2646e-010
13901	2.609e-010
13902	2.3106e-010
13903	2.3489e-010
13904	2.5692e-010
13905	3.6458e-010
13906	6.028e-010
13907	8.3878e-010
13908	7.6564e-010
13909	1.6386e-009
13910	1.084e-009
13911	1.3539e-010
13912	1.0317e-010
13913	1.5738e-010
13914	2.186e-010
13915	2.3433e-010
13916	2.4034e-010
13917	2.4695e-010
13918	2.5385e-010
13919	2.5856e-010
13920	2.66e-010
13921	2.7146e-010
13922	2.7674e-010
13923	2.8567e-010
13924	2.8957e-010
13925	2.9884e-010
13926	3.0379e-010
13927	3.1147e-010
13928	3.1885e-010
13929	3.2522e-010
13930	3.3433e-010
13931	3.4017e-010
13932	3.4991e-010
13933	3.5588e-010
13934	3.6567e-010
13935	3.7274e-010
13936	3.8198e-010
13937	3.9113e-010
13938	3.9852e-010
13939	4.1016e-010
13940	4.1611e-010
13941	4.284e-010
13942	4.3703e-010
13943	4.4568e-010
13944	4.5804e-010
13945	4.6682e-010
13946	4.7672e-010
13947	4.8923e-010
13948	5.0009e-010
13949	5.0873e-010
13950	5.2305e-010
13951	5.3413e-010
13952	5.4656e-010
13953	5.5653e-010
13954	5.713e-010
13955	5.8397e-010
13956	5.9707e-010
13957	6.1017e-010
13958	6.2388e-010
13959	6.3839e-010
13960	6.5181e-010
13961	6.6743e-010
13962	6.8247e-010
13963	6.9787e-010
13964	7.1371e-010
13965	7.2975e-010
13966	7.4758e-010
13967	7.6105e-010
13968	7.8118e-010
13969	7.981e-010
13970	8.1611e-010
13971	8.3593e-010
13972	8.5655e-010
13973	8.7205e-010
13974	8.866e-010
13975	9.199e-010
13976	9.2176e-010
13977	8.8846e-010
13978	8.7465e-010
13979	8.6309e-010
13980	8.4408e-010
13981	8.2461e-010
13982	8.076e-010
13983	7.9329e-010
13984	7.687e-010
13985	7.6174e-010
13986	7.4221e-010
13987	7.2724e-010
13988	7.1232e-010
13989	6.9817e-010
13990	6.8482e-010
13991	6.6451e-010
13992	6.5671e-010
13993	6.4236e-010
13994	6.2953e-010
13995	6.171e-010
13996	6.075e-010
13997	6.0059e-010
13998	5.6985e-010
13999	5.7863e-010
14000	5.5966e-010
14001	5.6872e-010
14002	5.2471e-010
14003	5.405e-010
14004	5.2787e-010
14005	4.9305e-010
14006	4.8429e-010
14007	5.0536e-010
14008	4.6461e-010
14009	4.6238e-010
14010	4.8493e-010
14011	4.525e-010
14012	4.7952e-010
14013	4.1226e-010
14014	4.3157e-010
14015	3.9425e-010
14016	3.7738e-010
14017	3.8607e-010
14018	3.5939e-010
14019	3.7547e-010
14020	3.4393e-010
14021	3.5391e-010
14022	3.251e-010
14023	3.262e-010
14024	3.1471e-010
14025	2.9855e-010
14026	3.3284e-010
14027	3.1949e-010
14028	3.1179e-010
14029	2.4897e-010
14030	2.3413e-010
14031	2.6354e-010
14032	2.4968e-010
14033	2.588e-010
14034	2.505e-010
14035	3.5161e-010
14036	6.1697e-010
14037	9.5278e-010
14038	9.1299e-010
14039	1.4849e-009
14040	1.4894e-009
14041	6.501e-011
14042	3.8127e-011
14043	9.7691e-011
14044	1.5635e-010
14045	1.593e-010
14046	1.701e-010
14047	1.743e-010
14048	1.729e-010
14049	1.8769e-010
14050	1.831e-010
14051	1.8917e-010
14052	1.9825e-010
14053	1.9441e-010
14054	2.0924e-010
14055	2.0511e-010
14056	2.1507e-010
14057	2.1809e-010
14058	2.2258e-010
14059	2.3004e-010
14060	2.3191e-010
14061	2.4144e-010
14062	2.4252e-010
14063	2.5214e-010
14064	2.5442e-010
14065	2.6268e-010
14066	2.677e-010
14067	2.7304e-010
14068	2.8207e-010
14069	2.8389e-010
14070	2.96e-010
14071	2.9784e-010
14072	3.0613e-010
14073	3.1515e-010
14074	3.187e-010
14075	3.2789e-010
14076	3.3616e-010
14077	3.4133e-010
14078	3.4931e-010
14079	3.6045e-010
14080	3.651e-010
14081	3.738e-010
14082	3.8219e-010
14083	3.9346e-010
14084	4.0008e-010
14085	4.0904e-010
14086	4.1822e-010
14087	4.2791e-010
14088	4.3771e-010
14089	4.4735e-010
14090	4.5834e-010
14091	4.6754e-010
14092	4.783e-010
14093	4.8918e-010
14094	5.0038e-010
14095	5.1181e-010
14096	5.2204e-010
14097	5.3685e-010
14098	5.4686e-010
14099	5.6015e-010
14100	5.7258e-010
14101	5.8377e-010
14102	5.9629e-010
14103	6.1414e-010
14104	6.3298e-010
14105	6.3601e-010
14106	6.3543e-010
14107	6.3516e-010
14108	6.185e-010
14109	5.9956e-010
14110	5.8764e-010
14111	5.7812e-010
14112	5.6672e-010
14113	5.5315e-010
14114	5.4857e-010
14115	5.2849e-010
14116	5.2041e-010
14117	5.0931e-010
14118	4.9871e-010
14119	4.8811e-010
14120	4.7715e-010
14121	4.7331e-010
14122	4.5868e-010
14123	4.5149e-010
14124	4.4132e-010
14125	4.288e-010
14126	4.2094e-010
14127	4.132e-010
14128	4.2654e-010
14129	3.9637e-010
14130	3.8619e-010
14131	3.7526e-010
14132	4.1804e-010
14133	3.6287e-010
14134	3.4837e-010
14135	3.6898e-010
14136	3.4932e-010
14137	3.1929e-010
14138	3.6226e-010
14139	3.2361e-010
14140	3.069e-010
14141	3.8025e-010
14142	2.8299e-010
14143	3.3774e-010
14144	2.8116e-010
14145	2.8946e-010
14146	2.8723e-010
14147	2.5141e-010
14148	2.8854e-010
14149	2.3254e-010
14150	2.7956e-010
14151	2.2339e-010
14152	2.5666e-010
14153	2.2526e-010
14154	2.2377e-010
14155	2.3863e-010
14156	1.8877e-010
14157	2.8583e-010
14158	1.6414e-010
14159	2.192e-010
14160	1.5367e-010
14161	1.5552e-010
14162	2.8082e-010
14163	1.6468e-010
14164	2.4975e-010
14165	4.8673e-010
14166	7.1484e-010
14167	7.9279e-010
14168	1.0683e-009
14169	2.221e-009
14170	1.844e-009
14171	1.3017e-010
14172	9.4619e-011
14173	1.4216e-010
14174	1.8988e-010
14175	1.9107e-010
14176	2.0468e-010
14177	2.0928e-010
14178	2.0556e-010
14179	2.2709e-010
14180	2.1802e-010
14181	2.2628e-010
14182	2.3927e-010
14183	2.3048e-010
14184	2.533e-010
14185	2.4371e-010
14186	2.585e-010
14187	2.6097e-010
14188	2.6618e-010
14189	2.7645e-010
14190	2.7644e-010
14191	2.9052e-010
14192	2.8899e-010
14193	3.0339e-010
14194	3.037e-010
14195	3.155e-010
14196	3.2057e-010
14197	3.2624e-010
14198	3.3957e-010
14199	3.3773e-010
14200	3.5682e-010
14201	3.5509e-010
14202	3.6617e-010
14203	3.7881e-010
14204	3.8011e-010
14205	3.9304e-010
14206	4.0369e-010
14207	4.0773e-010
14208	4.1741e-010
14209	4.3403e-010
14210	4.3607e-010
14211	4.4726e-010
14212	4.5713e-010
14213	4.7262e-010
14214	4.7873e-010
14215	4.8963e-010
14216	5.0033e-010
14217	5.1254e-010
14218	5.2427e-010
14219	5.3545e-010
14220	5.4953e-010
14221	5.5988e-010
14222	5.7293e-010
14223	5.8604e-010
14224	5.9916e-010
14225	6.1279e-010
14226	6.2454e-010
14227	6.4465e-010
14228	6.5489e-010
14229	6.7151e-010
14230	6.8656e-010
14231	6.9781e-010
14232	7.1234e-010
14233	7.3784e-010
14234	7.6504e-010
14235	7.564e-010
14236	7.5507e-010
14237	7.6807e-010
14238	7.4495e-010
14239	7.1576e-010
14240	7.0101e-010
14241	6.9354e-010
14242	6.7983e-010
14243	6.6148e-010
14244	6.6153e-010
14245	6.3109e-010
14246	6.2371e-010
14247	6.1033e-010
14248	5.9772e-010
14249	5.8466e-010
14250	5.7057e-010
14251	5.7076e-010
14252	5.4875e-010
14253	5.4206e-010
14254	5.2973e-010
14255	5.109e-010
14256	5.023e-010
14257	4.8907e-010
14258	5.2614e-010
14259	4.6892e-010
14260	4.5826e-010
14261	4.3433e-010
14262	5.1919e-010
14263	4.2364e-010
14264	4.021e-010
14265	4.5519e-010
14266	4.233e-010
14267	3.5919e-010
14268	4.5431e-010
14269	3.8314e-010
14270	3.4192e-010
14271	4.8541e-010
14272	3.0421e-010
14273	4.2272e-010
14274	3.2935e-010
14275	3.3965e-010
14276	3.5347e-010
14277	2.8595e-010
14278	3.6206e-010
14279	2.589e-010
14280	3.5147e-010
14281	2.5209e-010
14282	3.1747e-010
14283	2.6466e-010
14284	2.6584e-010
14285	2.9645e-010
14286	2.0409e-010
14287	3.6686e-010
14288	1.707e-010
14289	2.867e-010
14290	1.9057e-010
14291	1.708e-010
14292	3.7209e-010
14293	1.8137e-010
14294	2.8874e-010
14295	5.5536e-010
14296	8.4708e-010
14297	7.8182e-010
14298	1.2034e-009
14299	2.6164e-009
14300	2.0896e-009
14301	6.4943e-011
14302	3.8115e-011
14303	9.763e-011
14304	1.5627e-010
14305	1.592e-010
14306	1.7003e-010
14307	1.7421e-010
14308	1.7286e-010
14309	1.8767e-010
14310	1.8308e-010
14311	1.8914e-010
14312	1.9822e-010
14313	1.9442e-010
14314	2.0921e-010
14315	2.0504e-010
14316	2.1491e-010
14317	2.1791e-010
14318	2.2249e-010
14319	2.2997e-010
14320	2.3172e-010
14321	2.412e-010
14322	2.4243e-010
14323	2.5211e-010
14324	2.5447e-010
14325	2.6274e-010
14326	2.6771e-010
14327	2.7301e-010
14328	2.82e-010
14329	2.8374e-010
14330	2.9576e-010
14331	2.9768e-010
14332	3.0586e-010
14333	3.1482e-010
14334	3.1863e-010
14335	3.2793e-010
14336	3.3612e-010
14337	3.4126e-010
14338	3.4907e-010
14339	3.6055e-010
14340	3.6478e-010
14341	3.7377e-010
14342	3.8211e-010
14343	3.9325e-010
14344	3.9981e-010
14345	4.0888e-010
14346	4.1791e-010
14347	4.2778e-010
14348	4.3769e-010
14349	4.472e-010
14350	4.5817e-010
14351	4.674e-010
14352	4.7816e-010
14353	4.8922e-010
14354	5.0018e-010
14355	5.1174e-010
14356	5.2221e-010
14357	5.3703e-010
14358	5.4704e-010
14359	5.6011e-010
14360	5.7264e-010
14361	5.8426e-010
14362	5.9672e-010
14363	6.1448e-010
14364	6.3327e-010
14365	6.3598e-010
14366	6.3572e-010
14367	6.3531e-010
14368	6.1895e-010
14369	5.9979e-010
14370	5.8781e-010
14371	5.783e-010
14372	5.6677e-010
14373	5.5315e-010
14374	5.4848e-010
14375	5.287e-010
14376	5.2021e-010
14377	5.0913e-010
14378	4.9867e-010
14379	4.8801e-010
14380	4.7706e-010
14381	4.7322e-010
14382	4.5887e-010
14383	4.516e-010
14384	4.4155e-010
14385	4.2878e-010
14386	4.211e-010
14387	4.1281e-010
14388	4.2673e-010
14389	3.96e-010
14390	3.8573e-010
14391	3.7525e-010
14392	4.1438e-010
14393	3.6295e-010
14394	3.4777e-010
14395	3.6896e-010
14396	3.4924e-010
14397	3.1921e-010
14398	3.6236e-010
14399	3.2373e-010
14400	3.0705e-010
14401	3.8053e-010
14402	2.8332e-010
14403	3.3812e-010
14404	2.8145e-010
14405	2.8983e-010
14406	2.877e-010
14407	2.519e-010
14408	2.8896e-010
14409	2.3303e-010
14410	2.799e-010
14411	2.2371e-010
14412	2.5691e-010
14413	2.2547e-010
14414	2.2397e-010
14415	2.3883e-010
14416	1.8888e-010
14417	2.862e-010
14418	1.6414e-010
14419	2.1931e-010
14420	1.5367e-010
14421	1.5535e-010
14422	2.8061e-010
14423	1.6472e-010
14424	2.5008e-010
14425	4.8714e-010
14426	7.1472e-010
14427	7.9285e-010
14428	1.0681e-009
14429	2.2209e-009
14430	1.8448e-009
14431	6.4984e-011
14432	3.8124e-011
14433	9.7609e-011
14434	1.5626e-010
14435	1.5922e-010
14436	1.7007e-010
14437	1.7423e-010
14438	1.7285e-010
14439	1.8764e-010
14440	1.8303e-010
14441	1.891e-010
14442	1.9816e-010
14443	1.9435e-010
14444	2.0917e-010
14445	2.0502e-010
14446	2.1492e-010
14447	2.1793e-010
14448	2.225e-010
14449	2.2993e-010
14450	2.3165e-010
14451	2.4112e-010
14452	2.4236e-010
14453	2.5203e-010
14454	2.5438e-010
14455	2.6257e-010
14456	2.6745e-010
14457	2.7276e-010
14458	2.8181e-010
14459	2.8367e-010
14460	2.9579e-010
14461	2.9769e-010
14462	3.0583e-010
14463	3.1476e-010
14464	3.1844e-010
14465	3.2781e-010
14466	3.3604e-010
14467	3.4114e-010
14468	3.4871e-010
14469	3.6061e-010
14470	3.645e-010
14471	3.7352e-010
14472	3.8181e-010
14473	3.9305e-010
14474	3.9963e-010
14475	4.088e-010
14476	4.1778e-010
14477	4.2746e-010
14478	4.3738e-010
14479	4.4689e-010
14480	4.5804e-010
14481	4.6724e-010
14482	4.7803e-010
14483	4.8904e-010
14484	5.0017e-010
14485	5.1161e-010
14486	5.2226e-010
14487	5.3728e-010
14488	5.4746e-010
14489	5.6051e-010
14490	5.7307e-010
14491	5.8474e-010
14492	5.9723e-010
14493	6.1512e-010
14494	6.3394e-010
14495	6.3675e-010
14496	6.365e-010
14497	6.3623e-010
14498	6.1949e-010
14499	6.0037e-010
14500	5.8826e-010
14501	5.7873e-010
14502	5.6712e-010
14503	5.535e-010
14504	5.4878e-010
14505	5.2877e-010
14506	5.2031e-010
14507	5.0933e-010
14508	4.9871e-010
14509	4.88e-010
14510	4.7696e-010
14511	4.7311e-010
14512	4.5846e-010
14513	4.5124e-010
14514	4.412e-010
14515	4.2835e-010
14516	4.2119e-010
14517	4.1084e-010
14518	4.3216e-010
14519	3.9447e-010
14520	3.8614e-010
14521	3.7502e-010
14522	4.142e-010
14523	3.6281e-010
14524	3.4808e-010
14525	3.6931e-010
14526	3.4975e-010
14527	3.1994e-010
14528	3.6299e-010
14529	3.2444e-010
14530	3.0783e-010
14531	3.8111e-010
14532	2.8401e-010
14533	3.3865e-010
14534	2.8193e-010
14535	2.9029e-010
14536	2.8814e-010
14537	2.5238e-010
14538	2.8953e-010
14539	2.3356e-010
14540	2.8048e-010
14541	2.2432e-010
14542	2.5744e-010
14543	2.2593e-010
14544	2.2431e-010
14545	2.3911e-010
14546	1.8914e-010
14547	2.8635e-010
14548	1.6437e-010
14549	2.1952e-010
14550	1.5383e-010
14551	1.5555e-010
14552	2.8073e-010
14553	1.649e-010
14554	2.5018e-010
14555	4.8721e-010
14556	7.1512e-010
14557	7.9287e-010
14558	1.0681e-009
14559	2.221e-009
14560	1.8446e-009
14561	1.3011e-010
14562	9.46e-011
14563	1.4205e-010
14564	1.8969e-010
14565	1.9089e-010
14566	2.0451e-010
14567	2.0909e-010
14568	2.054e-010
14569	2.269e-010
14570	2.1783e-010
14571	2.2606e-010
14572	2.3901e-010
14573	2.3023e-010
14574	2.5306e-010
14575	2.4346e-010
14576	2.5825e-010
14577	2.6074e-010
14578	2.6599e-010
14579	2.7627e-010
14580	2.7628e-010
14581	2.9036e-010
14582	2.8889e-010
14583	3.0332e-010
14584	3.0361e-010
14585	3.153e-010
14586	3.2029e-010
14587	3.2587e-010
14588	3.3922e-010
14589	3.3744e-010
14590	3.5665e-010
14591	3.5499e-010
14592	3.661e-010
14593	3.7873e-010
14594	3.7995e-010
14595	3.9275e-010
14596	4.0338e-010
14597	4.0741e-010
14598	4.1668e-010
14599	4.3432e-010
14600	4.3533e-010
14601	4.4696e-010
14602	4.5663e-010
14603	4.7214e-010
14604	4.7832e-010
14605	4.894e-010
14606	5.0011e-010
14607	5.1227e-010
14608	5.2407e-010
14609	5.3509e-010
14610	5.4929e-010
14611	5.5963e-010
14612	5.7252e-010
14613	5.8568e-010
14614	5.99e-010
14615	6.1267e-010
14616	6.246e-010
14617	6.4484e-010
14618	6.5515e-010
14619	6.7161e-010
14620	6.8682e-010
14621	6.9823e-010
14622	7.1257e-010
14623	7.3807e-010
14624	7.6546e-010
14625	7.5673e-010
14626	7.5541e-010
14627	7.6849e-010
14628	7.4506e-010
14629	7.1582e-010
14630	7.0111e-010
14631	6.9371e-010
14632	6.8003e-010
14633	6.6176e-010
14634	6.6156e-010
14635	6.3112e-010
14636	6.2362e-010
14637	6.1042e-010
14638	5.9775e-010
14639	5.8446e-010
14640	5.7015e-010
14641	5.7034e-010
14642	5.4837e-010
14643	5.4175e-010
14644	5.2955e-010
14645	5.1072e-010
14646	5.0314e-010
14647	4.8553e-010
14648	5.3681e-010
14649	4.6587e-010
14650	4.5877e-010
14651	4.3553e-010
14652	5.1773e-010
14653	4.2489e-010
14654	4.0182e-010
14655	4.5549e-010
14656	4.2363e-010
14657	3.5959e-010
14658	4.5495e-010
14659	3.8381e-010
14660	3.4256e-010
14661	4.863e-010
14662	3.0489e-010
14663	4.2359e-010
14664	3.3007e-010
14665	3.4048e-010
14666	3.5435e-010
14667	2.8669e-010
14668	3.6294e-010
14669	2.5947e-010
14670	3.5225e-010
14671	2.5254e-010
14672	3.1809e-010
14673	2.6506e-010
14674	2.6621e-010
14675	2.9683e-010
14676	2.043e-010
14677	3.6732e-010
14678	1.7092e-010
14679	2.8705e-010
14680	1.9084e-010
14681	1.711e-010
14682	3.7232e-010
14683	1.8155e-010
14684	2.8891e-010
14685	5.5553e-010
14686	8.4763e-010
14687	7.8163e-010
14688	1.2034e-009
14689	2.6167e-009
14690	2.0895e-009
14691	6.4984e-011
14692	3.8124e-011
14693	9.7609e-011
14694	1.5626e-010
14695	1.5922e-010
14696	1.7007e-010
14697	1.7423e-010
14698	1.7285e-010
14699	1.8765e-010
14700	1.8303e-010
14701	1.891e-010
14702	1.9816e-010
14703	1.9435e-010
14704	2.0917e-010
14705	2.0501e-010
14706	2.1492e-010
14707	2.1793e-010
14708	2.225e-010
14709	2.2993e-010
14710	2.3164e-010
14711	2.4112e-010
14712	2.4235e-010
14713	2.5203e-010
14714	2.5438e-010
14715	2.6257e-010
14716	2.6745e-010
14717	2.7276e-010
14718	2.8181e-010
14719	2.8367e-010
14720	2.9579e-010
14721	2.9769e-010
14722	3.0583e-010
14723	3.1478e-010
14724	3.1843e-010
14725	3.2782e-010
14726	3.3604e-010
14727	3.4115e-010
14728	3.487e-010
14729	3.606e-010
14730	3.6443e-010
14731	3.7354e-010
14732	3.818e-010
14733	3.9304e-010
14734	3.9963e-010
14735	4.088e-010
14736	4.1777e-010
14737	4.2745e-010
14738	4.3737e-010
14739	4.4689e-010
14740	4.5804e-010
14741	4.6724e-010
14742	4.7803e-010
14743	4.8903e-010
14744	5.0016e-010
14745	5.116e-010
14746	5.2225e-010
14747	5.3728e-010
14748	5.4746e-010
14749	5.6051e-010
14750	5.7307e-010
14751	5.8474e-010
14752	5.9723e-010
14753	6.1512e-010
14754	6.3394e-010
14755	6.3674e-010
14756	6.3648e-010
14757	6.3622e-010
14758	6.1948e-010
14759	6.0037e-010
14760	5.8826e-010
14761	5.7872e-010
14762	5.6714e-010
14763	5.5349e-010
14764	5.4878e-010
14765	5.2877e-010
14766	5.2031e-010
14767	5.0934e-010
14768	4.9873e-010
14769	4.8797e-010
14770	4.7697e-010
14771	4.7323e-010
14772	4.5849e-010
14773	4.5125e-010
14774	4.412e-010
14775	4.284e-010
14776	4.2151e-010
14777	4.0997e-010
14778	4.3512e-010
14779	3.9377e-010
14780	3.8654e-010
14781	3.7499e-010
14782	4.1412e-010
14783	3.6283e-010
14784	3.4806e-010
14785	3.6931e-010
14786	3.4975e-010
14787	3.1993e-010
14788	3.6298e-010
14789	3.2446e-010
14790	3.0782e-010
14791	3.8113e-010
14792	2.84e-010
14793	3.3864e-010
14794	2.8196e-010
14795	2.9028e-010
14796	2.8812e-010
14797	2.5237e-010
14798	2.8953e-010
14799	2.3356e-010
14800	2.8047e-010
14801	2.2431e-010
14802	2.5744e-010
14803	2.2593e-010
14804	2.2431e-010
14805	2.3911e-010
14806	1.8914e-010
14807	2.8635e-010
14808	1.6437e-010
14809	2.1952e-010
14810	1.5383e-010
14811	1.5555e-010
14812	2.8073e-010
14813	1.6489e-010
14814	2.5018e-010
14815	4.8721e-010
14816	7.1512e-010
14817	7.9287e-010
14818	1.0681e-009
14819	2.221e-009
14820	1.8446e-009
14821	6.4941e-011
14822	3.8111e-011
14823	9.7629e-011
14824	1.5627e-010
14825	1.5922e-010
14826	1.7003e-010
14827	1.7421e-010
14828	1.7286e-010
14829	1.8767e-010
14830	1.8309e-010
14831	1.8914e-010
14832	1.9822e-010
14833	1.9442e-010
14834	2.0921e-010
14835	2.0503e-010
14836	2.1489e-010
14837	2.1789e-010
14838	2.2251e-010
14839	2.2995e-010
14840	2.317e-010
14841	2.4121e-010
14842	2.4242e-010
14843	2.521e-010
14844	2.5447e-010
14845	2.6274e-010
14846	2.677e-010
14847	2.7301e-010
14848	2.82e-010
14849	2.8378e-010
14850	2.9576e-010
14851	2.9768e-010
14852	3.0586e-010
14853	3.1485e-010
14854	3.1862e-010
14855	3.2793e-010
14856	3.3611e-010
14857	3.4132e-010
14858	3.4897e-010
14859	3.6085e-010
14860	3.6464e-010
14861	3.7376e-010
14862	3.821e-010
14863	3.9324e-010
14864	3.998e-010
14865	4.0886e-010
14866	4.1792e-010
14867	4.2778e-010
14868	4.3769e-010
14869	4.4718e-010
14870	4.5821e-010
14871	4.6744e-010
14872	4.7818e-010
14873	4.892e-010
14874	5.0018e-010
14875	5.1173e-010
14876	5.2224e-010
14877	5.3703e-010
14878	5.4704e-010
14879	5.6011e-010
14880	5.7264e-010
14881	5.8426e-010
14882	5.9672e-010
14883	6.1448e-010
14884	6.3327e-010
14885	6.3597e-010
14886	6.357e-010
14887	6.3529e-010
14888	6.1892e-010
14889	5.9978e-010
14890	5.8781e-010
14891	5.7829e-010
14892	5.668e-010
14893	5.5315e-010
14894	5.4847e-010
14895	5.2869e-010
14896	5.2021e-010
14897	5.0914e-010
14898	4.9872e-010
14899	4.8789e-010
14900	4.7706e-010
14901	4.7336e-010
14902	4.588e-010
14903	4.5159e-010
14904	4.4161e-010
14905	4.2891e-010
14906	4.2193e-010
14907	4.1035e-010
14908	4.3534e-010
14909	3.9387e-010
14910	3.8667e-010
14911	3.7505e-010
14912	4.142e-010
14913	3.6269e-010
14914	3.4781e-010
14915	3.6894e-010
14916	3.4924e-010
14917	3.1923e-010
14918	3.6238e-010
14919	3.2373e-010
14920	3.0708e-010
14921	3.8052e-010
14922	2.8333e-010
14923	3.3811e-010
14924	2.8148e-010
14925	2.8982e-010
14926	2.877e-010
14927	2.5189e-010
14928	2.8899e-010
14929	2.3303e-010
14930	2.7989e-010
14931	2.237e-010
14932	2.569e-010
14933	2.2547e-010
14934	2.2397e-010
14935	2.3882e-010
14936	1.8889e-010
14937	2.8619e-010
14938	1.6414e-010
14939	2.193e-010
14940	1.5368e-010
14941	1.5534e-010
14942	2.8061e-010
14943	1.6472e-010
14944	2.5007e-010
14945	4.8714e-010
14946	7.1472e-010
14947	7.9284e-010
14948	1.0681e-009
14949	2.2209e-009
14950	1.8448e-009
14951	1.3017e-010
14952	9.4625e-011
14953	1.4217e-010
14954	1.8989e-010
14955	1.9107e-010
14956	2.0469e-010
14957	2.0927e-010
14958	2.0556e-010
14959	2.2709e-010
14960	2.1802e-010
14961	2.2629e-010
14962	2.3927e-010
14963	2.3048e-010
14964	2.533e-010
14965	2.437e-010
14966	2.585e-010
14967	2.6097e-010
14968	2.6617e-010
14969	2.7645e-010
14970	2.7644e-010
14971	2.9052e-010
14972	2.8899e-010
14973	3.0339e-010
14974	3.0371e-010
14975	3.1549e-010
14976	3.2056e-010
14977	3.2626e-010
14978	3.3958e-010
14979	3.3773e-010
14980	3.5682e-010
14981	3.551e-010
14982	3.6617e-010
14983	3.7881e-010
14984	3.8011e-010
14985	3.9304e-010
14986	4.0368e-010
14987	4.078e-010
14988	4.1707e-010
14989	4.3479e-010
14990	4.3569e-010
14991	4.4735e-010
14992	4.5714e-010
14993	4.7262e-010
14994	4.7873e-010
14995	4.8961e-010
14996	5.0035e-010
14997	5.1253e-010
14998	5.2426e-010
14999	5.3545e-010
15000	5.4952e-010
15001	5.5989e-010
15002	5.7294e-010
15003	5.8605e-010
15004	5.9915e-010
15005	6.1279e-010
15006	6.2454e-010
15007	6.4466e-010
15008	6.549e-010
15009	6.7151e-010
15010	6.8657e-010
15011	6.9781e-010
15012	7.1235e-010
15013	7.3785e-010
15014	7.6505e-010
15015	7.5638e-010
15016	7.5508e-010
15017	7.6806e-010
15018	7.4493e-010
15019	7.1577e-010
15020	7.0102e-010
15021	6.9351e-010
15022	6.7984e-010
15023	6.6149e-010
15024	6.6153e-010
15025	6.3106e-010
15026	6.2371e-010
15027	6.1033e-010
15028	5.977e-010
15029	5.8464e-010
15030	5.7061e-010
15031	5.7071e-010
15032	5.4878e-010
15033	5.4206e-010
15034	5.2977e-010
15035	5.1095e-010
15036	5.0334e-010
15037	4.8583e-010
15038	5.3784e-010
15039	4.661e-010
15040	4.5885e-010
15041	4.3562e-010
15042	5.1778e-010
15043	4.2486e-010
15044	4.017e-010
15045	4.5524e-010
15046	4.2327e-010
15047	3.5919e-010
15048	4.5431e-010
15049	3.8314e-010
15050	3.4192e-010
15051	4.8541e-010
15052	3.0421e-010
15053	4.2272e-010
15054	3.2935e-010
15055	3.3965e-010
15056	3.5347e-010
15057	2.8595e-010
15058	3.6206e-010
15059	2.589e-010
15060	3.5148e-010
15061	2.5209e-010
15062	3.1747e-010
15063	2.6466e-010
15064	2.6584e-010
15065	2.9645e-010
15066	2.0409e-010
15067	3.6686e-010
15068	1.707e-010
15069	2.867e-010
15070	1.9055e-010
15071	1.7081e-010
15072	3.7209e-010
15073	1.8138e-010
15074	2.8875e-010
15075	5.5536e-010
15076	8.4708e-010
15077	7.8182e-010
15078	1.2034e-009
15079	2.6164e-009
15080	2.0894e-009
15081	6.5001e-011
15082	3.8134e-011
15083	9.7684e-011
15084	1.5636e-010
15085	1.5931e-010
15086	1.701e-010
15087	1.7428e-010
15088	1.729e-010
15089	1.8768e-010
15090	1.831e-010
15091	1.8917e-010
15092	1.9825e-010
15093	1.9443e-010
15094	2.0924e-010
15095	2.051e-010
15096	2.1509e-010
15097	2.1808e-010
15098	2.2258e-010
15099	2.3004e-010
15100	2.3191e-010
15101	2.4144e-010
15102	2.4254e-010
15103	2.5212e-010
15104	2.5445e-010
15105	2.6267e-010
15106	2.6768e-010
15107	2.7305e-010
15108	2.8207e-010
15109	2.8391e-010
15110	2.96e-010
15111	2.9786e-010
15112	3.0613e-010
15113	3.1515e-010
15114	3.1875e-010
15115	3.2787e-010
15116	3.3613e-010
15117	3.4139e-010
15118	3.4906e-010
15119	3.6093e-010
15120	3.6485e-010
15121	3.7388e-010
15122	3.8219e-010
15123	3.9345e-010
15124	4.0007e-010
15125	4.0905e-010
15126	4.182e-010
15127	4.2796e-010
15128	4.3772e-010
15129	4.4734e-010
15130	4.5832e-010
15131	4.6753e-010
15132	4.7828e-010
15133	4.8919e-010
15134	5.0036e-010
15135	5.1183e-010
15136	5.2202e-010
15137	5.3685e-010
15138	5.4687e-010
15139	5.6013e-010
15140	5.7259e-010
15141	5.8376e-010
15142	5.9631e-010
15143	6.1419e-010
15144	6.3299e-010
15145	6.3602e-010
15146	6.3544e-010
15147	6.3519e-010
15148	6.1848e-010
15149	5.9956e-010
15150	5.8763e-010
15151	5.7815e-010
15152	5.667e-010
15153	5.5316e-010
15154	5.4856e-010
15155	5.285e-010
15156	5.2039e-010
15157	5.0933e-010
15158	4.9878e-010
15159	4.8807e-010
15160	4.7708e-010
15161	4.7337e-010
15162	4.5877e-010
15163	4.5142e-010
15164	4.4142e-010
15165	4.2868e-010
15166	4.2188e-010
15167	4.1067e-010
15168	4.3322e-010
15169	3.941e-010
15170	3.8672e-010
15171	3.7521e-010
15172	4.1438e-010
15173	3.6289e-010
15174	3.4801e-010
15175	3.6901e-010
15176	3.4929e-010
15177	3.1927e-010
15178	3.6227e-010
15179	3.236e-010
15180	3.0689e-010
15181	3.8024e-010
15182	2.83e-010
15183	3.3773e-010
15184	2.8116e-010
15185	2.8946e-010
15186	2.8723e-010
15187	2.514e-010
15188	2.8854e-010
15189	2.3253e-010
15190	2.7958e-010
15191	2.2339e-010
15192	2.5665e-010
15193	2.2525e-010
15194	2.2376e-010
15195	2.3861e-010
15196	1.8878e-010
15197	2.8584e-010
15198	1.6415e-010
15199	2.1919e-010
15200	1.5366e-010
15201	1.5551e-010
15202	2.8081e-010
15203	1.6469e-010
15204	2.4975e-010
15205	4.8672e-010
15206	7.1484e-010
15207	7.9279e-010
15208	1.0682e-009
15209	2.221e-009
15210	1.844e-009
15211	6.4998e-011
15212	3.8134e-011
15213	9.7684e-011
15214	1.5635e-010
15215	1.5931e-010
15216	1.701e-010
15217	1.7428e-010
15218	1.729e-010
15219	1.8768e-010
15220	1.8311e-010
15221	1.8917e-010
15222	1.9825e-010
15223	1.9442e-010
15224	2.0925e-010
15225	2.051e-010
15226	2.1509e-010
15227	2.1808e-010
15228	2.226e-010
15229	2.3004e-010
15230	2.3191e-010
15231	2.4143e-010
15232	2.4254e-010
15233	2.5212e-010
15234	2.5445e-010
15235	2.6267e-010
15236	2.6768e-010
15237	2.7305e-010
15238	2.8207e-010
15239	2.839e-010
15240	2.9599e-010
15241	2.9785e-010
15242	3.0613e-010
15243	3.1514e-010
15244	3.1874e-010
15245	3.2787e-010
15246	3.3613e-010
15247	3.4139e-010
15248	3.4906e-010
15249	3.6093e-010
15250	3.6485e-010
15251	3.7388e-010
15252	3.8219e-010
15253	3.9345e-010
15254	4.0007e-010
15255	4.0909e-010
15256	4.182e-010
15257	4.2795e-010
15258	4.3773e-010
15259	4.4733e-010
15260	4.5832e-010
15261	4.6758e-010
15262	4.7828e-010
15263	4.8919e-010
15264	5.0036e-010
15265	5.1183e-010
15266	5.2201e-010
15267	5.3687e-010
15268	5.4686e-010
15269	5.6012e-010
15270	5.7259e-010
15271	5.8376e-010
15272	5.9631e-010
15273	6.1419e-010
15274	6.3299e-010
15275	6.3601e-010
15276	6.3542e-010
15277	6.3517e-010
15278	6.1847e-010
15279	5.9956e-010
15280	5.8763e-010
15281	5.7815e-010
15282	5.667e-010
15283	5.5315e-010
15284	5.4853e-010
15285	5.2849e-010
15286	5.2038e-010
15287	5.0931e-010
15288	4.9878e-010
15289	4.8808e-010
15290	4.7711e-010
15291	4.7328e-010
15292	4.5876e-010
15293	4.5144e-010
15294	4.4142e-010
15295	4.2865e-010
15296	4.2198e-010
15297	4.1022e-010
15298	4.3344e-010
15299	3.9371e-010
15300	3.8682e-010
15301	3.7521e-010
15302	4.1436e-010
15303	3.6291e-010
15304	3.48e-010
15305	3.6901e-010
15306	3.4929e-010
15307	3.1929e-010
15308	3.6227e-010
15309	3.236e-010
15310	3.0689e-010
15311	3.8024e-010
15312	2.83e-010
15313	3.3773e-010
15314	2.8115e-010
15315	2.8948e-010
15316	2.8723e-010
15317	2.514e-010
15318	2.8853e-010
15319	2.3252e-010
15320	2.7958e-010
15321	2.2339e-010
15322	2.5665e-010
15323	2.2527e-010
15324	2.2376e-010
15325	2.3861e-010
15326	1.8877e-010
15327	2.8584e-010
15328	1.6415e-010
15329	2.1919e-010
15330	1.5366e-010
15331	1.5551e-010
15332	2.8081e-010
15333	1.6469e-010
15334	2.4976e-010
15335	4.8672e-010
15336	7.1484e-010
15337	7.9282e-010
15338	1.0682e-009
15339	2.221e-009
15340	1.844e-009
15341	1.3017e-010
15342	9.4629e-011
15343	1.4217e-010
15344	1.8989e-010
15345	1.9107e-010
15346	2.0469e-010
15347	2.0927e-010
15348	2.0556e-010
15349	2.271e-010
15350	2.1803e-010
15351	2.2629e-010
15352	2.3927e-010
15353	2.3048e-010
15354	2.533e-010
15355	2.437e-010
15356	2.585e-010
15357	2.6097e-010
15358	2.6617e-010
15359	2.7644e-010
15360	2.7644e-010
15361	2.9051e-010
15362	2.8899e-010
15363	3.034e-010
15364	3.0371e-010
15365	3.1548e-010
15366	3.2057e-010
15367	3.2626e-010
15368	3.3958e-010
15369	3.3772e-010
15370	3.5683e-010
15371	3.5509e-010
15372	3.6616e-010
15373	3.788e-010
15374	3.8011e-010
15375	3.9304e-010
15376	4.0368e-010
15377	4.078e-010
15378	4.1707e-010
15379	4.348e-010
15380	4.3569e-010
15381	4.4735e-010
15382	4.5714e-010
15383	4.7262e-010
15384	4.7873e-010
15385	4.896e-010
15386	5.0035e-010
15387	5.1254e-010
15388	5.2427e-010
15389	5.3545e-010
15390	5.4952e-010
15391	5.5988e-010
15392	5.7294e-010
15393	5.8605e-010
15394	5.9915e-010
15395	6.1279e-010
15396	6.2455e-010
15397	6.4466e-010
15398	6.549e-010
15399	6.7152e-010
15400	6.8657e-010
15401	6.9781e-010
15402	7.1235e-010
15403	7.3785e-010
15404	7.6505e-010
15405	7.5641e-010
15406	7.5505e-010
15407	7.6803e-010
15408	7.4494e-010
15409	7.1576e-010
15410	7.0102e-010
15411	6.9351e-010
15412	6.7983e-010
15413	6.6151e-010
15414	6.6149e-010
15415	6.3106e-010
15416	6.2371e-010
15417	6.1035e-010
15418	5.9771e-010
15419	5.8467e-010
15420	5.7061e-010
15421	5.7073e-010
15422	5.4881e-010
15423	5.4206e-010
15424	5.2977e-010
15425	5.1086e-010
15426	5.035e-010
15427	4.8547e-010
15428	5.3779e-010
15429	4.6568e-010
15430	4.5902e-010
15431	4.3552e-010
15432	5.1787e-010
15433	4.2483e-010
15434	4.0169e-010
15435	4.5523e-010
15436	4.2328e-010
15437	3.5918e-010
15438	4.5432e-010
15439	3.8315e-010
15440	3.4192e-010
15441	4.8542e-010
15442	3.0421e-010
15443	4.2272e-010
15444	3.2935e-010
15445	3.3965e-010
15446	3.5348e-010
15447	2.8596e-010
15448	3.6204e-010
15449	2.589e-010
15450	3.5148e-010
15451	2.5209e-010
15452	3.1746e-010
15453	2.6465e-010
15454	2.6585e-010
15455	2.9644e-010
15456	2.0409e-010
15457	3.6687e-010
15458	1.707e-010
15459	2.8671e-010
15460	1.9055e-010
15461	1.7081e-010
15462	3.7209e-010
15463	1.8139e-010
15464	2.8874e-010
15465	5.5536e-010
15466	8.4709e-010
15467	7.8183e-010
15468	1.2034e-009
15469	2.6164e-009
15470	2.0894e-009
15471	6.4947e-011
15472	3.8117e-011
15473	9.7624e-011
15474	1.5626e-010
15475	1.5921e-010
15476	1.7004e-010
15477	1.7422e-010
15478	1.7287e-010
15479	1.8766e-010
15480	1.8308e-010
15481	1.8915e-010
15482	1.9823e-010
15483	1.9442e-010
15484	2.0921e-010
15485	2.0502e-010
15486	2.1491e-010
15487	2.179e-010
15488	2.2252e-010
15489	2.2996e-010
15490	2.3171e-010
15491	2.412e-010
15492	2.4245e-010
15493	2.5212e-010
15494	2.5445e-010
15495	2.6275e-010
15496	2.677e-010
15497	2.7301e-010
15498	2.8199e-010
15499	2.8376e-010
15500	2.9576e-010
15501	2.9768e-010
15502	3.0586e-010
15503	3.1484e-010
15504	3.1861e-010
15505	3.2793e-010
15506	3.3611e-010
15507	3.4132e-010
15508	3.4897e-010
15509	3.6085e-010
15510	3.6463e-010
15511	3.7375e-010
15512	3.8209e-010
15513	3.9324e-010
15514	3.998e-010
15515	4.0887e-010
15516	4.1794e-010
15517	4.2775e-010
15518	4.3772e-010
15519	4.4717e-010
15520	4.5825e-010
15521	4.6742e-010
15522	4.7817e-010
15523	4.8919e-010
15524	5.0023e-010
15525	5.1173e-010
15526	5.2225e-010
15527	5.3705e-010
15528	5.471e-010
15529	5.6009e-010
15530	5.7263e-010
15531	5.8425e-010
15532	5.9671e-010
15533	6.1447e-010
15534	6.3325e-010
15535	6.3597e-010
15536	6.3567e-010
15537	6.3528e-010
15538	6.1892e-010
15539	5.9977e-010
15540	5.878e-010
15541	5.7829e-010
15542	5.6686e-010
15543	5.5315e-010
15544	5.485e-010
15545	5.2867e-010
15546	5.2017e-010
15547	5.0914e-010
15548	4.9866e-010
15549	4.8797e-010
15550	4.7705e-010
15551	4.734e-010
15552	4.5882e-010
15553	4.5162e-010
15554	4.4165e-010
15555	4.2882e-010
15556	4.2221e-010
15557	4.0974e-010
15558	4.3598e-010
15559	3.933e-010
15560	3.8683e-010
15561	3.7499e-010
15562	4.1429e-010
15563	3.6276e-010
15564	3.4777e-010
15565	3.6893e-010
15566	3.4922e-010
15567	3.1922e-010
15568	3.6239e-010
15569	3.2372e-010
15570	3.0708e-010
15571	3.8052e-010
15572	2.8333e-010
15573	3.3815e-010
15574	2.8148e-010
15575	2.8981e-010
15576	2.8769e-010
15577	2.5189e-010
15578	2.8901e-010
15579	2.3301e-010
15580	2.7989e-010
15581	2.2369e-010
15582	2.569e-010
15583	2.2547e-010
15584	2.2396e-010
15585	2.3882e-010
15586	1.889e-010
15587	2.8619e-010
15588	1.6412e-010
15589	2.1931e-010
15590	1.5367e-010
15591	1.5534e-010
15592	2.8061e-010
15593	1.6472e-010
15594	2.5009e-010
15595	4.8714e-010
15596	7.147e-010
15597	7.9283e-010
15598	1.0681e-009
15599	2.2208e-009
15600	1.8448e-009
15601	6.4964e-011
15602	3.8127e-011
15603	9.7615e-011
15604	1.5625e-010
15605	1.5921e-010
15606	1.7006e-010
15607	1.7422e-010
15608	1.7286e-010
15609	1.8764e-010
15610	1.8304e-010
15611	1.891e-010
15612	1.9815e-010
15613	1.9437e-010
15614	2.0919e-010
15615	2.0501e-010
15616	2.1492e-010
15617	2.1793e-010
15618	2.2249e-010
15619	2.2992e-010
15620	2.3165e-010
15621	2.4111e-010
15622	2.4233e-010
15623	2.5202e-010
15624	2.5436e-010
15625	2.6258e-010
15626	2.6746e-010
15627	2.7275e-010
15628	2.8182e-010
15629	2.8368e-010
15630	2.9576e-010
15631	2.977e-010
15632	3.0584e-010
15633	3.148e-010
15634	3.1845e-010
15635	3.278e-010
15636	3.3604e-010
15637	3.4115e-010
15638	3.487e-010
15639	3.606e-010
15640	3.6447e-010
15641	3.7356e-010
15642	3.8184e-010
15643	3.9303e-010
15644	3.996e-010
15645	4.0876e-010
15646	4.1774e-010
15647	4.2746e-010
15648	4.3735e-010
15649	4.4689e-010
15650	4.5807e-010
15651	4.6723e-010
15652	4.7801e-010
15653	4.8901e-010
15654	5.0015e-010
15655	5.116e-010
15656	5.2223e-010
15657	5.3725e-010
15658	5.4747e-010
15659	5.6049e-010
15660	5.7311e-010
15661	5.8477e-010
15662	5.9727e-010
15663	6.1513e-010
15664	6.3396e-010
15665	6.3681e-010
15666	6.3647e-010
15667	6.3622e-010
15668	6.1949e-010
15669	6.0035e-010
15670	5.8825e-010
15671	5.7872e-010
15672	5.6713e-010
15673	5.5343e-010
15674	5.4879e-010
15675	5.2876e-010
15676	5.2029e-010
15677	5.0932e-010
15678	4.9869e-010
15679	4.8802e-010
15680	4.7699e-010
15681	4.7305e-010
15682	4.5846e-010
15683	4.5125e-010
15684	4.412e-010
15685	4.2845e-010
15686	4.2157e-010
15687	4.0975e-010
15688	4.3665e-010
15689	3.9353e-010
15690	3.8657e-010
15691	3.7523e-010
15692	4.143e-010
15693	3.6303e-010
15694	3.4807e-010
15695	3.6932e-010
15696	3.4974e-010
15697	3.1991e-010
15698	3.6298e-010
15699	3.2445e-010
15700	3.0783e-010
15701	3.8114e-010
15702	2.8399e-010
15703	3.3863e-010
15704	2.8196e-010
15705	2.9028e-010
15706	2.8811e-010
15707	2.5238e-010
15708	2.8952e-010
15709	2.3355e-010
15710	2.8047e-010
15711	2.2431e-010
15712	2.5746e-010
15713	2.2594e-010
15714	2.2431e-010
15715	2.3914e-010
15716	1.8914e-010
15717	2.8635e-010
15718	1.6436e-010
15719	2.1951e-010
15720	1.5386e-010
15721	1.5558e-010
15722	2.8073e-010
15723	1.6487e-010
15724	2.5021e-010
15725	4.8724e-010
15726	7.151e-010
15727	7.9287e-010
15728	1.0681e-009
15729	2.221e-009
15730	1.8446e-009
15731	1.3012e-010
15732	9.4561e-011
15733	1.4203e-010
15734	1.897e-010
15735	1.9089e-010
15736	2.0451e-010
15737	2.091e-010
15738	2.0539e-010
15739	2.2689e-010
15740	2.1784e-010
15741	2.2607e-010
15742	2.3902e-010
15743	2.3023e-010
15744	2.5306e-010
15745	2.4347e-010
15746	2.5824e-010
15747	2.6075e-010
15748	2.6597e-010
15749	2.7628e-010
15750	2.7627e-010
15751	2.9037e-010
15752	2.8886e-010
15753	3.0329e-010
15754	3.036e-010
15755	3.1531e-010
15756	3.2029e-010
15757	3.2586e-010
15758	3.3922e-010
15759	3.3745e-010
15760	3.5662e-010
15761	3.5499e-010
15762	3.661e-010
15763	3.7873e-010
15764	3.7995e-010
15765	3.9275e-010
15766	4.0338e-010
15767	4.0742e-010
15768	4.1663e-010
15769	4.3439e-010
15770	4.3528e-010
15771	4.47e-010
15772	4.5663e-010
15773	4.7214e-010
15774	4.7831e-010
15775	4.8937e-010
15776	5.0012e-010
15777	5.1224e-010
15778	5.2403e-010
15779	5.3506e-010
15780	5.493e-010
15781	5.5964e-010
15782	5.7253e-010
15783	5.8569e-010
15784	5.99e-010
15785	6.1267e-010
15786	6.2456e-010
15787	6.4486e-010
15788	6.5515e-010
15789	6.7164e-010
15790	6.8684e-010
15791	6.9824e-010
15792	7.1256e-010
15793	7.3809e-010
15794	7.6533e-010
15795	7.5674e-010
15796	7.5542e-010
15797	7.6849e-010
15798	7.4506e-010
15799	7.1583e-010
15800	7.0111e-010
15801	6.9368e-010
15802	6.8006e-010
15803	6.6168e-010
15804	6.6157e-010
15805	6.3113e-010
15806	6.2362e-010
15807	6.1039e-010
15808	5.9779e-010
15809	5.8449e-010
15810	5.7013e-010
15811	5.7009e-010
15812	5.4834e-010
15813	5.4177e-010
15814	5.2961e-010
15815	5.1053e-010
15816	5.0329e-010
15817	4.8493e-010
15818	5.3312e-010
15819	4.6523e-010
15820	4.5932e-010
15821	4.3411e-010
15822	5.1923e-010
15823	4.2364e-010
15824	4.0222e-010
15825	4.5543e-010
15826	4.2362e-010
15827	3.5958e-010
15828	4.5496e-010
15829	3.8381e-010
15830	3.4256e-010
15831	4.8631e-010
15832	3.0489e-010
15833	4.236e-010
15834	3.3008e-010
15835	3.4048e-010
15836	3.5435e-010
15837	2.8667e-010
15838	3.6295e-010
15839	2.5947e-010
15840	3.5221e-010
15841	2.5255e-010
15842	3.1808e-010
15843	2.6506e-010
15844	2.6621e-010
15845	2.9684e-010
15846	2.0431e-010
15847	3.6728e-010
15848	1.7092e-010
15849	2.8705e-010
15850	1.9084e-010
15851	1.711e-010
15852	3.7231e-010
15853	1.8152e-010
15854	2.8891e-010
15855	5.5554e-010
15856	8.4767e-010
15857	7.8164e-010
15858	1.2034e-009
15859	2.6167e-009
15860	2.0896e-009
15861	6.4964e-011
15862	3.8128e-011
15863	9.7623e-011
15864	1.5625e-010
15865	1.5921e-010
15866	1.7007e-010
15867	1.7424e-010
15868	1.7285e-010
15869	1.8764e-010
15870	1.8304e-010
15871	1.8909e-010
15872	1.9817e-010
15873	1.9436e-010
15874	2.0919e-010
15875	2.0501e-010
15876	2.1491e-010
15877	2.1792e-010
15878	2.2249e-010
15879	2.2992e-010
15880	2.3165e-010
15881	2.4111e-010
15882	2.4233e-010
15883	2.5202e-010
15884	2.5437e-010
15885	2.6258e-010
15886	2.6746e-010
15887	2.7275e-010
15888	2.8182e-010
15889	2.8367e-010
15890	2.9576e-010
15891	2.977e-010
15892	3.0584e-010
15893	3.148e-010
15894	3.1849e-010
15895	3.278e-010
15896	3.3604e-010
15897	3.4115e-010
15898	3.487e-010
15899	3.606e-010
15900	3.6447e-010
15901	3.7356e-010
15902	3.8184e-010
15903	3.9303e-010
15904	3.996e-010
15905	4.0875e-010
15906	4.1774e-010
15907	4.2744e-010
15908	4.3735e-010
15909	4.4689e-010
15910	4.5806e-010
15911	4.6722e-010
15912	4.78e-010
15913	4.8901e-010
15914	5.0015e-010
15915	5.116e-010
15916	5.2225e-010
15917	5.3724e-010
15918	5.4747e-010
15919	5.6049e-010
15920	5.7311e-010
15921	5.8477e-010
15922	5.9727e-010
15923	6.1513e-010
15924	6.3396e-010
15925	6.3681e-010
15926	6.3647e-010
15927	6.3622e-010
15928	6.1948e-010
15929	6.0035e-010
15930	5.8823e-010
15931	5.787e-010
15932	5.6713e-010
15933	5.5343e-010
15934	5.4879e-010
15935	5.2876e-010
15936	5.2028e-010
15937	5.093e-010
15938	4.9871e-010
15939	4.8793e-010
15940	4.7734e-010
15941	4.7273e-010
15942	4.5879e-010
15943	4.5121e-010
15944	4.4123e-010
15945	4.283e-010
15946	4.2095e-010
15947	4.1215e-010
15948	4.2912e-010
15949	3.9569e-010
15950	3.8632e-010
15951	3.7489e-010
15952	4.1795e-010
15953	3.6274e-010
15954	3.4844e-010
15955	3.6928e-010
15956	3.4973e-010
15957	3.1992e-010
15958	3.6298e-010
15959	3.2445e-010
15960	3.0783e-010
15961	3.8114e-010
15962	2.8398e-010
15963	3.3863e-010
15964	2.8196e-010
15965	2.9028e-010
15966	2.8811e-010
15967	2.5238e-010
15968	2.8951e-010
15969	2.3355e-010
15970	2.8047e-010
15971	2.2431e-010
15972	2.5746e-010
15973	2.2593e-010
15974	2.2431e-010
15975	2.3913e-010
15976	1.8915e-010
15977	2.8635e-010
15978	1.6437e-010
15979	2.1951e-010
15980	1.5387e-010
15981	1.5558e-010
15982	2.8073e-010
15983	1.6487e-010
15984	2.5021e-010
15985	4.8724e-010
15986	7.151e-010
15987	7.9285e-010
15988	1.0681e-009
15989	2.221e-009
15990	1.8446e-009
15991	6.4956e-011
15992	3.8116e-011
15993	9.7619e-011
15994	1.5627e-010
15995	1.5921e-010
15996	1.7003e-010
15997	1.7421e-010
15998	1.7287e-010
15999	1.8766e-010
16000	1.8308e-010
16001	1.8915e-010
16002	1.9823e-010
16003	1.9441e-010
16004	2.092e-010
16005	2.0504e-010
16006	2.1491e-010
16007	2.1791e-010
16008	2.2252e-010
16009	2.2996e-010
16010	2.3171e-010
16011	2.4122e-010
16012	2.4247e-010
16013	2.5212e-010
16014	2.5445e-010
16015	2.6275e-010
16016	2.677e-010
16017	2.7301e-010
16018	2.82e-010
16019	2.8375e-010
16020	2.9579e-010
16021	2.9767e-010
16022	3.0586e-010
16023	3.1483e-010
16024	3.1863e-010
16025	3.2792e-010
16026	3.3611e-010
16027	3.4132e-010
16028	3.4897e-010
16029	3.6085e-010
16030	3.6463e-010
16031	3.7375e-010
16032	3.8209e-010
16033	3.9325e-010
16034	3.9978e-010
16035	4.0888e-010
16036	4.1797e-010
16037	4.2775e-010
16038	4.3772e-010
16039	4.4717e-010
16040	4.5823e-010
16041	4.6741e-010
16042	4.7815e-010
16043	4.8919e-010
16044	5.0022e-010
16045	5.118e-010
16046	5.2223e-010
16047	5.3704e-010
16048	5.4708e-010
16049	5.6011e-010
16050	5.7262e-010
16051	5.8423e-010
16052	5.967e-010
16053	6.1446e-010
16054	6.3324e-010
16055	6.3595e-010
16056	6.3564e-010
16057	6.3534e-010
16058	6.1898e-010
16059	5.9976e-010
16060	5.878e-010
16061	5.7829e-010
16062	5.6686e-010
16063	5.5315e-010
16064	5.485e-010
16065	5.2865e-010
16066	5.2017e-010
16067	5.0908e-010
16068	4.9856e-010
16069	4.8796e-010
16070	4.7739e-010
16071	4.7273e-010
16072	4.5913e-010
16073	4.515e-010
16074	4.4158e-010
16075	4.2893e-010
16076	4.2174e-010
16077	4.108e-010
16078	4.3558e-010
16079	3.944e-010
16080	3.8717e-010
16081	3.7403e-010
16082	4.2361e-010
16083	3.6161e-010
16084	3.4853e-010
16085	3.6902e-010
16086	3.4923e-010
16087	3.1924e-010
16088	3.6238e-010
16089	3.2372e-010
16090	3.0707e-010
16091	3.8052e-010
16092	2.8332e-010
16093	3.3815e-010
16094	2.8151e-010
16095	2.8981e-010
16096	2.8768e-010
16097	2.5188e-010
16098	2.8901e-010
16099	2.33e-010
16100	2.799e-010
16101	2.2373e-010
16102	2.5691e-010
16103	2.2547e-010
16104	2.2395e-010
16105	2.3881e-010
16106	1.8892e-010
16107	2.8618e-010
16108	1.6414e-010
16109	2.1931e-010
16110	1.5366e-010
16111	1.5534e-010
16112	2.8061e-010
16113	1.6471e-010
16114	2.5009e-010
16115	4.8713e-010
16116	7.1474e-010
16117	7.9284e-010
16118	1.0681e-009
16119	2.2209e-009
16120	1.8449e-009
16121	1.3018e-010
16122	9.4635e-011
16123	1.4216e-010
16124	1.8989e-010
16125	1.9107e-010
16126	2.0468e-010
16127	2.0927e-010
16128	2.0557e-010
16129	2.2709e-010
16130	2.1802e-010
16131	2.2629e-010
16132	2.3926e-010
16133	2.3047e-010
16134	2.533e-010
16135	2.437e-010
16136	2.585e-010
16137	2.6097e-010
16138	2.6617e-010
16139	2.7644e-010
16140	2.7644e-010
16141	2.9052e-010
16142	2.8898e-010
16143	3.034e-010
16144	3.0372e-010
16145	3.1548e-010
16146	3.2057e-010
16147	3.2626e-010
16148	3.3959e-010
16149	3.3773e-010
16150	3.5682e-010
16151	3.5509e-010
16152	3.6616e-010
16153	3.788e-010
16154	3.8012e-010
16155	3.9304e-010
16156	4.0368e-010
16157	4.078e-010
16158	4.1707e-010
16159	4.348e-010
16160	4.3569e-010
16161	4.4735e-010
16162	4.5714e-010
16163	4.7262e-010
16164	4.7874e-010
16165	4.896e-010
16166	5.0036e-010
16167	5.1252e-010
16168	5.2427e-010
16169	5.3545e-010
16170	5.4953e-010
16171	5.599e-010
16172	5.7292e-010
16173	5.8605e-010
16174	5.9916e-010
16175	6.1277e-010
16176	6.2456e-010
16177	6.4466e-010
16178	6.5491e-010
16179	6.7153e-010
16180	6.8658e-010
16181	6.978e-010
16182	7.1232e-010
16183	7.3786e-010
16184	7.6507e-010
16185	7.5641e-010
16186	7.5504e-010
16187	7.6803e-010
16188	7.4494e-010
16189	7.1576e-010
16190	7.0103e-010
16191	6.9352e-010
16192	6.7984e-010
16193	6.615e-010
16194	6.6149e-010
16195	6.3107e-010
16196	6.2368e-010
16197	6.1032e-010
16198	5.9773e-010
16199	5.8464e-010
16200	5.7068e-010
16201	5.7046e-010
16202	5.4889e-010
16203	5.4203e-010
16204	5.2983e-010
16205	5.1083e-010
16206	5.0377e-010
16207	4.8421e-010
16208	5.3768e-010
16209	4.6455e-010
16210	4.6074e-010
16211	4.3196e-010
16212	5.3069e-010
16213	4.2139e-010
16214	4.0308e-010
16215	4.5521e-010
16216	4.2334e-010
16217	3.5919e-010
16218	4.5431e-010
16219	3.8314e-010
16220	3.4192e-010
16221	4.8542e-010
16222	3.0421e-010
16223	4.2271e-010
16224	3.2934e-010
16225	3.3966e-010
16226	3.5348e-010
16227	2.8595e-010
16228	3.6202e-010
16229	2.589e-010
16230	3.5149e-010
16231	2.5209e-010
16232	3.1747e-010
16233	2.6466e-010
16234	2.6585e-010
16235	2.9645e-010
16236	2.0409e-010
16237	3.6688e-010
16238	1.7071e-010
16239	2.867e-010
16240	1.9055e-010
16241	1.7081e-010
16242	3.721e-010
16243	1.8139e-010
16244	2.8874e-010
16245	5.5537e-010
16246	8.4707e-010
16247	7.8183e-010
16248	1.2034e-009
16249	2.6165e-009
16250	2.0894e-009
16251	6.4992e-011
16252	3.8142e-011
16253	9.7681e-011
16254	1.5637e-010
16255	1.5931e-010
16256	1.7012e-010
16257	1.7428e-010
16258	1.7289e-010
16259	1.8768e-010
16260	1.8309e-010
16261	1.8917e-010
16262	1.9825e-010
16263	1.9442e-010
16264	2.0924e-010
16265	2.0509e-010
16266	2.151e-010
16267	2.1807e-010
16268	2.2262e-010
16269	2.3006e-010
16270	2.3193e-010
16271	2.4143e-010
16272	2.4254e-010
16273	2.5211e-010
16274	2.5444e-010
16275	2.6268e-010
16276	2.6768e-010
16277	2.7306e-010
16278	2.8208e-010
16279	2.8391e-010
16280	2.9599e-010
16281	2.9785e-010
16282	3.0613e-010
16283	3.1517e-010
16284	3.1873e-010
16285	3.2789e-010
16286	3.3613e-010
16287	3.4139e-010
16288	3.4906e-010
16289	3.6093e-010
16290	3.6485e-010
16291	3.7389e-010
16292	3.8218e-010
16293	3.9344e-010
16294	4.0007e-010
16295	4.0912e-010
16296	4.1816e-010
16297	4.28e-010
16298	4.3774e-010
16299	4.4731e-010
16300	4.5836e-010
16301	4.6756e-010
16302	4.7828e-010
16303	4.8918e-010
16304	5.0037e-010
16305	5.1181e-010
16306	5.2205e-010
16307	5.3692e-010
16308	5.4686e-010
16309	5.6011e-010
16310	5.7263e-010
16311	5.8374e-010
16312	5.9629e-010
16313	6.1417e-010
16314	6.3297e-010
16315	6.3603e-010
16316	6.354e-010
16317	6.3514e-010
16318	6.1845e-010
16319	5.9954e-010
16320	5.8771e-010
16321	5.7814e-010
16322	5.6671e-010
16323	5.5314e-010
16324	5.4858e-010
16325	5.2846e-010
16326	5.2035e-010
16327	5.0927e-010
16328	4.9879e-010
16329	4.8799e-010
16330	4.7749e-010
16331	4.7291e-010
16332	4.5914e-010
16333	4.5139e-010
16334	4.414e-010
16335	4.2879e-010
16336	4.2194e-010
16337	4.1062e-010
16338	4.3563e-010
16339	3.9417e-010
16340	3.8774e-010
16341	3.7411e-010
16342	4.2422e-010
16343	3.6171e-010
16344	3.4893e-010
16345	3.6899e-010
16346	3.4935e-010
16347	3.1928e-010
16348	3.6227e-010
16349	3.236e-010
16350	3.069e-010
16351	3.8024e-010
16352	2.83e-010
16353	3.3773e-010
16354	2.8116e-010
16355	2.8948e-010
16356	2.8722e-010
16357	2.5138e-010
16358	2.8853e-010
16359	2.3251e-010
16360	2.7957e-010
16361	2.2339e-010
16362	2.5664e-010
16363	2.2526e-010
16364	2.2375e-010
16365	2.3861e-010
16366	1.8875e-010
16367	2.8582e-010
16368	1.6413e-010
16369	2.192e-010
16370	1.5366e-010
16371	1.5551e-010
16372	2.8081e-010
16373	1.6468e-010
16374	2.4976e-010
16375	4.8671e-010
16376	7.1484e-010
16377	7.9281e-010
16378	1.0682e-009
16379	2.221e-009
16380	1.844e-009
16381	6.4992e-011
16382	3.8142e-011
16383	9.7681e-011
16384	1.5637e-010
16385	1.5931e-010
16386	1.7012e-010
16387	1.7428e-010
16388	1.7289e-010
16389	1.8768e-010
16390	1.8309e-010
16391	1.8917e-010
16392	1.9825e-010
16393	1.9442e-010
16394	2.0924e-010
16395	2.0509e-010
16396	2.151e-010
16397	2.1807e-010
16398	2.2262e-010
16399	2.3006e-010
16400	2.3193e-010
16401	2.4143e-010
16402	2.4254e-010
16403	2.5211e-010
16404	2.5444e-010
16405	2.6268e-010
16406	2.6768e-010
16407	2.7306e-010
16408	2.8208e-010
16409	2.8391e-010
16410	2.9599e-010
16411	2.9785e-010
16412	3.0613e-010
16413	3.1517e-010
16414	3.1873e-010
16415	3.2789e-010
16416	3.3613e-010
16417	3.4139e-010
16418	3.4906e-010
16419	3.6093e-010
16420	3.6485e-010
16421	3.7389e-010
16422	3.8218e-010
16423	3.9344e-010
16424	4.0007e-010
16425	4.0912e-010
16426	4.1816e-010
16427	4.28e-010
16428	4.3774e-010
16429	4.4731e-010
16430	4.5836e-010
16431	4.6756e-010
16432	4.7828e-010
16433	4.8918e-010
16434	5.0037e-010
16435	5.1181e-010
16436	5.2205e-010
16437	5.3692e-010
16438	5.4686e-010
16439	5.6011e-010
16440	5.7263e-010
16441	5.8374e-010
16442	5.9629e-010
16443	6.1417e-010
16444	6.3297e-010
16445	6.3603e-010
16446	6.354e-010
16447	6.3514e-010
16448	6.1845e-010
16449	5.9954e-010
16450	5.8771e-010
16451	5.7814e-010
16452	5.6671e-010
16453	5.5314e-010
16454	5.4858e-010
16455	5.2846e-010
16456	5.2036e-010
16457	5.0928e-010
16458	4.9878e-010
16459	4.8803e-010
16460	4.7723e-010
16461	4.7313e-010
16462	4.5889e-010
16463	4.5143e-010
16464	4.414e-010
16465	4.2877e-010
16466	4.22e-010
16467	4.104e-010
16468	4.3559e-010
16469	3.9401e-010
16470	3.8778e-010
16471	3.7417e-010
16472	4.2425e-010
16473	3.6177e-010
16474	3.4888e-010
16475	3.6901e-010
16476	3.4935e-010
16477	3.1929e-010
16478	3.6228e-010
16479	3.236e-010
16480	3.069e-010
16481	3.8024e-010
16482	2.83e-010
16483	3.3773e-010
16484	2.8116e-010
16485	2.8948e-010
16486	2.8722e-010
16487	2.5138e-010
16488	2.8853e-010
16489	2.3251e-010
16490	2.7957e-010
16491	2.2339e-010
16492	2.5664e-010
16493	2.2526e-010
16494	2.2375e-010
16495	2.3861e-010
16496	1.8875e-010
16497	2.8582e-010
16498	1.6413e-010
16499	2.192e-010
16500	1.5366e-010
16501	1.5551e-010
16502	2.8081e-010
16503	1.6468e-010
16504	2.4976e-010
16505	4.8671e-010
16506	7.1484e-010
16507	7.9281e-010
16508	1.0682e-009
16509	2.221e-009
16510	1.844e-009
16511	1.3018e-010
16512	9.4635e-011
16513	1.4216e-010
16514	1.8989e-010
16515	1.9107e-010
16516	2.0468e-010
16517	2.0927e-010
16518	2.0556e-010
16519	2.2709e-010
16520	2.1802e-010
16521	2.2629e-010
16522	2.3926e-010
16523	2.3047e-010
16524	2.533e-010
16525	2.437e-010
16526	2.585e-010
16527	2.6097e-010
16528	2.6617e-010
16529	2.7644e-010
16530	2.7644e-010
16531	2.9052e-010
16532	2.8898e-010
16533	3.034e-010
16534	3.0372e-010
16535	3.1548e-010
16536	3.2057e-010
16537	3.2626e-010
16538	3.3959e-010
16539	3.3773e-010
16540	3.5682e-010
16541	3.5509e-010
16542	3.6616e-010
16543	3.788e-010
16544	3.8012e-010
16545	3.9304e-010
16546	4.0368e-010
16547	4.078e-010
16548	4.1707e-010
16549	4.348e-010
16550	4.3569e-010
16551	4.4735e-010
16552	4.5714e-010
16553	4.7262e-010
16554	4.7874e-010
16555	4.896e-010
16556	5.0036e-010
16557	5.1252e-010
16558	5.2427e-010
16559	5.3545e-010
16560	5.4953e-010
16561	5.599e-010
16562	5.7292e-010
16563	5.8605e-010
16564	5.9916e-010
16565	6.1277e-010
16566	6.2456e-010
16567	6.4466e-010
16568	6.5491e-010
16569	6.7153e-010
16570	6.8658e-010
16571	6.978e-010
16572	7.1232e-010
16573	7.3786e-010
16574	7.6507e-010
16575	7.5641e-010
16576	7.5504e-010
16577	7.6803e-010
16578	7.4494e-010
16579	7.1576e-010
16580	7.0103e-010
16581	6.9353e-010
16582	6.7984e-010
16583	6.615e-010
16584	6.615e-010
16585	6.3108e-010
16586	6.2368e-010
16587	6.1034e-010
16588	5.9771e-010
16589	5.8474e-010
16590	5.7033e-010
16591	5.7074e-010
16592	5.4856e-010
16593	5.4212e-010
16594	5.2978e-010
16595	5.1092e-010
16596	5.0338e-010
16597	4.8561e-010
16598	5.3726e-010
16599	4.6587e-010
16600	4.6041e-010
16601	4.3191e-010
16602	5.3157e-010
16603	4.2125e-010
16604	4.0312e-010
16605	4.5521e-010
16606	4.2333e-010
16607	3.5919e-010
16608	4.5432e-010
16609	3.8314e-010
16610	3.4192e-010
16611	4.8541e-010
16612	3.0421e-010
16613	4.227e-010
16614	3.2934e-010
16615	3.3966e-010
16616	3.5349e-010
16617	2.8595e-010
16618	3.6202e-010
16619	2.589e-010
16620	3.5149e-010
16621	2.5209e-010
16622	3.1747e-010
16623	2.6466e-010
16624	2.6585e-010
16625	2.9645e-010
16626	2.0409e-010
16627	3.6688e-010
16628	1.7071e-010
16629	2.867e-010
16630	1.9055e-010
16631	1.7081e-010
16632	3.721e-010
16633	1.8139e-010
16634	2.8874e-010
16635	5.5537e-010
16636	8.4707e-010
16637	7.8183e-010
16638	1.2034e-009
16639	2.6165e-009
16640	2.0894e-009
16641	6.4956e-011
16642	3.8116e-011
16643	9.7619e-011
16644	1.5627e-010
16645	1.5921e-010
16646	1.7003e-010
16647	1.7421e-010
16648	1.7286e-010
16649	1.8765e-010
16650	1.8308e-010
16651	1.8915e-010
16652	1.9823e-010
16653	1.9441e-010
16654	2.092e-010
16655	2.0504e-010
16656	2.1491e-010
16657	2.1791e-010
16658	2.2252e-010
16659	2.2996e-010
16660	2.3171e-010
16661	2.4122e-010
16662	2.4247e-010
16663	2.5212e-010
16664	2.5445e-010
16665	2.6275e-010
16666	2.677e-010
16667	2.7301e-010
16668	2.82e-010
16669	2.8375e-010
16670	2.9579e-010
16671	2.9767e-010
16672	3.0586e-010
16673	3.1483e-010
16674	3.1863e-010
16675	3.2792e-010
16676	3.3611e-010
16677	3.4132e-010
16678	3.4897e-010
16679	3.6085e-010
16680	3.6463e-010
16681	3.7375e-010
16682	3.8209e-010
16683	3.9325e-010
16684	3.9978e-010
16685	4.0888e-010
16686	4.1797e-010
16687	4.2775e-010
16688	4.3772e-010
16689	4.4717e-010
16690	4.5823e-010
16691	4.6741e-010
16692	4.7815e-010
16693	4.8919e-010
16694	5.0022e-010
16695	5.118e-010
16696	5.2223e-010
16697	5.3705e-010
16698	5.4708e-010
16699	5.6011e-010
16700	5.7262e-010
16701	5.8423e-010
16702	5.967e-010
16703	6.1446e-010
16704	6.3324e-010
16705	6.3595e-010
16706	6.3564e-010
16707	6.3534e-010
16708	6.1898e-010
16709	5.9976e-010
16710	5.878e-010
16711	5.7829e-010
16712	5.6686e-010
16713	5.5315e-010
16714	5.4849e-010
16715	5.2867e-010
16716	5.2014e-010
16717	5.091e-010
16718	4.9869e-010
16719	4.8803e-010
16720	4.7704e-010
16721	4.733e-010
16722	4.5876e-010
16723	4.5163e-010
16724	4.4157e-010
16725	4.2889e-010
16726	4.2155e-010
16727	4.112e-010
16728	4.3274e-010
16729	3.9457e-010
16730	3.872e-010
16731	3.739e-010
16732	4.2411e-010
16733	3.615e-010
16734	3.4872e-010
16735	3.6891e-010
16736	3.4928e-010
16737	3.1923e-010
16738	3.6236e-010
16739	3.2373e-010
16740	3.0707e-010
16741	3.8052e-010
16742	2.8333e-010
16743	3.3814e-010
16744	2.8151e-010
16745	2.8981e-010
16746	2.8767e-010
16747	2.5188e-010
16748	2.8901e-010
16749	2.33e-010
16750	2.799e-010
16751	2.2373e-010
16752	2.5692e-010
16753	2.2547e-010
16754	2.2395e-010
16755	2.3881e-010
16756	1.8892e-010
16757	2.8618e-010
16758	1.6414e-010
16759	2.1931e-010
16760	1.5367e-010
16761	1.5534e-010
16762	2.8061e-010
16763	1.6471e-010
16764	2.5009e-010
16765	4.8713e-010
16766	7.1474e-010
16767	7.9284e-010
16768	1.0681e-009
16769	2.2209e-009
16770	1.8449e-009
16771	6.4964e-011
16772	3.8128e-011
16773	9.7623e-011
16774	1.5625e-010
16775	1.5921e-010
16776	1.7007e-010
16777	1.7424e-010
16778	1.7285e-010
16779	1.8764e-010
16780	1.8304e-010
16781	1.8909e-010
16782	1.9817e-010
16783	1.9436e-010
16784	2.0919e-010
16785	2.0501e-010
16786	2.1491e-010
16787	2.1792e-010
16788	2.2249e-010
16789	2.2992e-010
16790	2.3165e-010
16791	2.4111e-010
16792	2.4233e-010
16793	2.5202e-010
16794	2.5437e-010
16795	2.6258e-010
16796	2.6746e-010
16797	2.7275e-010
16798	2.8182e-010
16799	2.8367e-010
16800	2.9576e-010
16801	2.977e-010
16802	3.0584e-010
16803	3.148e-010
16804	3.1849e-010
16805	3.278e-010
16806	3.3604e-010
16807	3.4115e-010
16808	3.487e-010
16809	3.606e-010
16810	3.6447e-010
16811	3.7356e-010
16812	3.8184e-010
16813	3.9303e-010
16814	3.996e-010
16815	4.0875e-010
16816	4.1774e-010
16817	4.2744e-010
16818	4.3735e-010
16819	4.4689e-010
16820	4.5806e-010
16821	4.6722e-010
16822	4.78e-010
16823	4.8901e-010
16824	5.0015e-010
16825	5.116e-010
16826	5.2225e-010
16827	5.3724e-010
16828	5.4747e-010
16829	5.6049e-010
16830	5.7311e-010
16831	5.8477e-010
16832	5.9727e-010
16833	6.1513e-010
16834	6.3396e-010
16835	6.3681e-010
16836	6.3647e-010
16837	6.3621e-010
16838	6.1948e-010
16839	6.0035e-010
16840	5.8823e-010
16841	5.787e-010
16842	5.6713e-010
16843	5.5343e-010
16844	5.4879e-010
16845	5.2876e-010
16846	5.2029e-010
16847	5.0932e-010
16848	4.987e-010
16849	4.88e-010
16850	4.7695e-010
16851	4.7328e-010
16852	4.5845e-010
16853	4.5127e-010
16854	4.4121e-010
16855	4.2829e-010
16856	4.2073e-010
16857	4.1235e-010
16858	4.2588e-010
16859	3.9588e-010
16860	3.8673e-010
16861	3.7369e-010
16862	4.2408e-010
16863	3.6163e-010
16864	3.4896e-010
16865	3.6927e-010
16866	3.4976e-010
16867	3.1992e-010
16868	3.63e-010
16869	3.2443e-010
16870	3.0784e-010
16871	3.8114e-010
16872	2.8399e-010
16873	3.3863e-010
16874	2.8196e-010
16875	2.9028e-010
16876	2.8811e-010
16877	2.5238e-010
16878	2.8952e-010
16879	2.3355e-010
16880	2.8047e-010
16881	2.2431e-010
16882	2.5746e-010
16883	2.2593e-010
16884	2.2431e-010
16885	2.3913e-010
16886	1.8915e-010
16887	2.8637e-010
16888	1.6437e-010
16889	2.1951e-010
16890	1.5387e-010
16891	1.5557e-010
16892	2.8073e-010
16893	1.6487e-010
16894	2.5021e-010
16895	4.8724e-010
16896	7.151e-010
16897	7.9285e-010
16898	1.0681e-009
16899	2.221e-009
16900	1.8446e-009
16901	1.3012e-010
16902	9.4561e-011
16903	1.4203e-010
16904	1.897e-010
16905	1.9089e-010
16906	2.0451e-010
16907	2.091e-010
16908	2.0539e-010
16909	2.2689e-010
16910	2.1784e-010
16911	2.2607e-010
16912	2.3902e-010
16913	2.3023e-010
16914	2.5306e-010
16915	2.4347e-010
16916	2.5824e-010
16917	2.6075e-010
16918	2.6597e-010
16919	2.7628e-010
16920	2.7627e-010
16921	2.9037e-010
16922	2.8886e-010
16923	3.0329e-010
16924	3.036e-010
16925	3.1531e-010
16926	3.2029e-010
16927	3.2586e-010
16928	3.3922e-010
16929	3.3745e-010
16930	3.5662e-010
16931	3.5499e-010
16932	3.661e-010
16933	3.7873e-010
16934	3.7995e-010
16935	3.9275e-010
16936	4.0338e-010
16937	4.0742e-010
16938	4.1663e-010
16939	4.3439e-010
16940	4.3528e-010
16941	4.47e-010
16942	4.5663e-010
16943	4.7214e-010
16944	4.7831e-010
16945	4.8937e-010
16946	5.0012e-010
16947	5.1224e-010
16948	5.2403e-010
16949	5.3506e-010
16950	5.493e-010
16951	5.5964e-010
16952	5.7253e-010
16953	5.8569e-010
16954	5.99e-010
16955	6.1267e-010
16956	6.2456e-010
16957	6.4486e-010
16958	6.5515e-010
16959	6.7164e-010
16960	6.8684e-010
16961	6.9824e-010
16962	7.1256e-010
16963	7.3809e-010
16964	7.6533e-010
16965	7.5674e-010
16966	7.5542e-010
16967	7.6849e-010
16968	7.4506e-010
16969	7.1583e-010
16970	7.0112e-010
16971	6.9365e-010
16972	6.8005e-010
16973	6.6168e-010
16974	6.6157e-010
16975	6.3112e-010
16976	6.2362e-010
16977	6.1041e-010
16978	5.9775e-010
16979	5.8444e-010
16980	5.702e-010
16981	5.7027e-010
16982	5.484e-010
16983	5.4175e-010
16984	5.2958e-010
16985	5.1065e-010
16986	5.0286e-010
16987	4.8622e-010
16988	5.3275e-010
16989	4.665e-010
16990	4.5998e-010
16991	4.3184e-010
16992	5.3155e-010
16993	4.2132e-010
16994	4.0325e-010
16995	4.5543e-010
16996	4.2365e-010
16997	3.5958e-010
16998	4.5494e-010
16999	3.838e-010
17000	3.4255e-010
17001	4.8631e-010
17002	3.0489e-010
17003	4.236e-010
17004	3.3008e-010
17005	3.4047e-010
17006	3.5435e-010
17007	2.8668e-010
17008	3.6295e-010
17009	2.5947e-010
17010	3.5221e-010
17011	2.5255e-010
17012	3.1808e-010
17013	2.6506e-010
17014	2.6621e-010
17015	2.9684e-010
17016	2.0431e-010
17017	3.6728e-010
17018	1.7092e-010
17019	2.8705e-010
17020	1.9084e-010
17021	1.711e-010
17022	3.7231e-010
17023	1.8152e-010
17024	2.8891e-010
17025	5.5554e-010
17026	8.4767e-010
17027	7.8164e-010
17028	1.2034e-009
17029	2.6167e-009
17030	2.0896e-009
17031	6.4964e-011
17032	3.8127e-011
17033	9.7615e-011
17034	1.5625e-010
17035	1.5921e-010
17036	1.7006e-010
17037	1.7422e-010
17038	1.7286e-010
17039	1.8764e-010
17040	1.8304e-010
17041	1.891e-010
17042	1.9815e-010
17043	1.9437e-010
17044	2.0919e-010
17045	2.0501e-010
17046	2.1492e-010
17047	2.1793e-010
17048	2.2249e-010
17049	2.2992e-010
17050	2.3165e-010
17051	2.4111e-010
17052	2.4233e-010
17053	2.5202e-010
17054	2.5436e-010
17055	2.6258e-010
17056	2.6746e-010
17057	2.7275e-010
17058	2.8182e-010
17059	2.8368e-010
17060	2.9576e-010
17061	2.977e-010
17062	3.0584e-010
17063	3.148e-010
17064	3.1846e-010
17065	3.278e-010
17066	3.3604e-010
17067	3.4115e-010
17068	3.487e-010
17069	3.6062e-010
17070	3.6447e-010
17071	3.7356e-010
17072	3.8184e-010
17073	3.9304e-010
17074	3.996e-010
17075	4.0876e-010
17076	4.1774e-010
17077	4.2746e-010
17078	4.3735e-010
17079	4.4689e-010
17080	4.5807e-010
17081	4.6723e-010
17082	4.7801e-010
17083	4.8901e-010
17084	5.0015e-010
17085	5.116e-010
17086	5.2223e-010
17087	5.3725e-010
17088	5.4747e-010
17089	5.6049e-010
17090	5.7311e-010
17091	5.8477e-010
17092	5.9727e-010
17093	6.1513e-010
17094	6.3396e-010
17095	6.3681e-010
17096	6.3647e-010
17097	6.3622e-010
17098	6.1948e-010
17099	6.0035e-010
17100	5.8824e-010
17101	5.7871e-010
17102	5.6713e-010
17103	5.5343e-010
17104	5.4879e-010
17105	5.2877e-010
17106	5.203e-010
17107	5.0932e-010
17108	4.9869e-010
17109	4.8797e-010
17110	4.7697e-010
17111	4.7322e-010
17112	4.585e-010
17113	4.5125e-010
17114	4.4119e-010
17115	4.2847e-010
17116	4.2135e-010
17117	4.1029e-010
17118	4.3594e-010
17119	3.9404e-010
17120	3.8735e-010
17121	3.7389e-010
17122	4.2407e-010
17123	3.6165e-010
17124	3.4896e-010
17125	3.6927e-010
17126	3.4976e-010
17127	3.1993e-010
17128	3.63e-010
17129	3.2443e-010
17130	3.0782e-010
17131	3.8112e-010
17132	2.8399e-010
17133	3.3863e-010
17134	2.8197e-010
17135	2.9028e-010
17136	2.8811e-010
17137	2.5238e-010
17138	2.8952e-010
17139	2.3355e-010
17140	2.8047e-010
17141	2.2431e-010
17142	2.5746e-010
17143	2.2594e-010
17144	2.2431e-010
17145	2.3914e-010
17146	1.8914e-010
17147	2.8635e-010
17148	1.6436e-010
17149	2.1951e-010
17150	1.5386e-010
17151	1.5558e-010
17152	2.8073e-010
17153	1.6487e-010
17154	2.5021e-010
17155	4.8724e-010
17156	7.151e-010
17157	7.9287e-010
17158	1.0681e-009
17159	2.221e-009
17160	1.8446e-009
17161	6.4947e-011
17162	3.8117e-011
17163	9.7624e-011
17164	1.5626e-010
17165	1.5921e-010
17166	1.7004e-010
17167	1.7422e-010
17168	1.7287e-010
17169	1.8766e-010
17170	1.8308e-010
17171	1.8915e-010
17172	1.9823e-010
17173	1.9442e-010
17174	2.0921e-010
17175	2.0502e-010
17176	2.1491e-010
17177	2.179e-010
17178	2.2252e-010
17179	2.2996e-010
17180	2.3171e-010
17181	2.412e-010
17182	2.4245e-010
17183	2.5212e-010
17184	2.5445e-010
17185	2.6275e-010
17186	2.677e-010
17187	2.7301e-010
17188	2.8199e-010
17189	2.8376e-010
17190	2.9576e-010
17191	2.9768e-010
17192	3.0586e-010
17193	3.1484e-010
17194	3.1861e-010
17195	3.2793e-010
17196	3.3611e-010
17197	3.4132e-010
17198	3.4897e-010
17199	3.6085e-010
17200	3.6462e-010
17201	3.7375e-010
17202	3.8209e-010
17203	3.9324e-010
17204	3.998e-010
17205	4.0887e-010
17206	4.1794e-010
17207	4.2775e-010
17208	4.3772e-010
17209	4.4717e-010
17210	4.5824e-010
17211	4.6741e-010
17212	4.7817e-010
17213	4.8919e-010
17214	5.0023e-010
17215	5.1173e-010
17216	5.2225e-010
17217	5.3705e-010
17218	5.471e-010
17219	5.6009e-010
17220	5.7263e-010
17221	5.8425e-010
17222	5.9671e-010
17223	6.1447e-010
17224	6.3325e-010
17225	6.3597e-010
17226	6.3567e-010
17227	6.3528e-010
17228	6.1892e-010
17229	5.9977e-010
17230	5.878e-010
17231	5.7829e-010
17232	5.6686e-010
17233	5.5315e-010
17234	5.485e-010
17235	5.2867e-010
17236	5.2017e-010
17237	5.0913e-010
17238	4.9868e-010
17239	4.8802e-010
17240	4.7702e-010
17241	4.7331e-010
17242	4.5888e-010
17243	4.5159e-010
17244	4.4156e-010
17245	4.2889e-010
17246	4.2188e-010
17247	4.104e-010
17248	4.3512e-010
17249	3.9388e-010
17250	3.8757e-010
17251	3.7393e-010
17252	4.2413e-010
17253	3.6157e-010
17254	3.4873e-010
17255	3.6892e-010
17256	3.4927e-010
17257	3.192e-010
17258	3.6236e-010
17259	3.2373e-010
17260	3.0708e-010
17261	3.8052e-010
17262	2.8332e-010
17263	3.3815e-010
17264	2.8149e-010
17265	2.8981e-010
17266	2.8769e-010
17267	2.5189e-010
17268	2.8901e-010
17269	2.3301e-010
17270	2.7989e-010
17271	2.2369e-010
17272	2.569e-010
17273	2.2547e-010
17274	2.2396e-010
17275	2.3882e-010
17276	1.889e-010
17277	2.8619e-010
17278	1.6412e-010
17279	2.1931e-010
17280	1.5367e-010
17281	1.5534e-010
17282	2.8061e-010
17283	1.6472e-010
17284	2.5009e-010
17285	4.8714e-010
17286	7.147e-010
17287	7.9283e-010
17288	1.0681e-009
17289	2.2208e-009
17290	1.8448e-009
17291	1.3017e-010
17292	9.4629e-011
17293	1.4217e-010
17294	1.8989e-010
17295	1.9107e-010
17296	2.0469e-010
17297	2.0927e-010
17298	2.0556e-010
17299	2.271e-010
17300	2.1803e-010
17301	2.2629e-010
17302	2.3927e-010
17303	2.3048e-010
17304	2.533e-010
17305	2.437e-010
17306	2.585e-010
17307	2.6097e-010
17308	2.6617e-010
17309	2.7644e-010
17310	2.7644e-010
17311	2.9051e-010
17312	2.8899e-010
17313	3.0339e-010
17314	3.0371e-010
17315	3.1548e-010
17316	3.2057e-010
17317	3.2626e-010
17318	3.3958e-010
17319	3.3772e-010
17320	3.5683e-010
17321	3.5509e-010
17322	3.6616e-010
17323	3.788e-010
17324	3.8011e-010
17325	3.9304e-010
17326	4.0368e-010
17327	4.078e-010
17328	4.1707e-010
17329	4.348e-010
17330	4.3569e-010
17331	4.4735e-010
17332	4.5714e-010
17333	4.7262e-010
17334	4.7873e-010
17335	4.896e-010
17336	5.0035e-010
17337	5.1254e-010
17338	5.2427e-010
17339	5.3545e-010
17340	5.4952e-010
17341	5.5988e-010
17342	5.7294e-010
17343	5.8605e-010
17344	5.9915e-010
17345	6.1279e-010
17346	6.2455e-010
17347	6.4466e-010
17348	6.549e-010
17349	6.7152e-010
17350	6.8657e-010
17351	6.9781e-010
17352	7.1235e-010
17353	7.3785e-010
17354	7.6505e-010
17355	7.5641e-010
17356	7.5505e-010
17357	7.6803e-010
17358	7.4494e-010
17359	7.1576e-010
17360	7.0102e-010
17361	6.9351e-010
17362	6.7983e-010
17363	6.615e-010
17364	6.6149e-010
17365	6.3106e-010
17366	6.2371e-010
17367	6.1033e-010
17368	5.9773e-010
17369	5.8467e-010
17370	5.7056e-010
17371	5.7071e-010
17372	5.4878e-010
17373	5.4205e-010
17374	5.2979e-010
17375	5.1097e-010
17376	5.033e-010
17377	4.8572e-010
17378	5.3715e-010
17379	4.6594e-010
17380	4.6043e-010
17381	4.3165e-010
17382	5.3164e-010
17383	4.2098e-010
17384	4.0316e-010
17385	4.552e-010
17386	4.2333e-010
17387	3.5919e-010
17388	4.5431e-010
17389	3.8315e-010
17390	3.4192e-010
17391	4.8541e-010
17392	3.0421e-010
17393	4.2272e-010
17394	3.2935e-010
17395	3.3965e-010
17396	3.5348e-010
17397	2.8596e-010
17398	3.6204e-010
17399	2.589e-010
17400	3.5148e-010
17401	2.5209e-010
17402	3.1746e-010
17403	2.6465e-010
17404	2.6585e-010
17405	2.9644e-010
17406	2.0409e-010
17407	3.6687e-010
17408	1.707e-010
17409	2.8671e-010
17410	1.9055e-010
17411	1.7081e-010
17412	3.7209e-010
17413	1.8139e-010
17414	2.8874e-010
17415	5.5536e-010
17416	8.4709e-010
17417	7.8183e-010
17418	1.2034e-009
17419	2.6164e-009
17420	2.0894e-009
17421	6.4998e-011
17422	3.8134e-011
17423	9.7684e-011
17424	1.5635e-010
17425	1.5931e-010
17426	1.701e-010
17427	1.7428e-010
17428	1.729e-010
17429	1.8768e-010
17430	1.8311e-010
17431	1.8917e-010
17432	1.9825e-010
17433	1.9442e-010
17434	2.0925e-010
17435	2.051e-010
17436	2.1509e-010
17437	2.1808e-010
17438	2.226e-010
17439	2.3004e-010
17440	2.3191e-010
17441	2.4143e-010
17442	2.4254e-010
17443	2.5212e-010
17444	2.5445e-010
17445	2.6267e-010
17446	2.6768e-010
17447	2.7305e-010
17448	2.8207e-010
17449	2.839e-010
17450	2.9599e-010
17451	2.9785e-010
17452	3.0613e-010
17453	3.1514e-010
17454	3.1874e-010
17455	3.2787e-010
17456	3.3613e-010
17457	3.4139e-010
17458	3.4906e-010
17459	3.6093e-010
17460	3.6486e-010
17461	3.7388e-010
17462	3.8219e-010
17463	3.9345e-010
17464	4.0007e-010
17465	4.0909e-010
17466	4.182e-010
17467	4.2795e-010
17468	4.3773e-010
17469	4.4733e-010
17470	4.5832e-010
17471	4.6758e-010
17472	4.7828e-010
17473	4.8919e-010
17474	5.0036e-010
17475	5.1183e-010
17476	5.2201e-010
17477	5.3687e-010
17478	5.4686e-010
17479	5.6012e-010
17480	5.7259e-010
17481	5.8376e-010
17482	5.9631e-010
17483	6.1419e-010
17484	6.3299e-010
17485	6.3601e-010
17486	6.3542e-010
17487	6.3517e-010
17488	6.1847e-010
17489	5.9956e-010
17490	5.8763e-010
17491	5.7815e-010
17492	5.667e-010
17493	5.5315e-010
17494	5.4853e-010
17495	5.2849e-010
17496	5.2038e-010
17497	5.093e-010
17498	4.9874e-010
17499	4.8809e-010
17500	4.771e-010
17501	4.7332e-010
17502	4.5869e-010
17503	4.5152e-010
17504	4.4138e-010
17505	4.2881e-010
17506	4.2156e-010
17507	4.1138e-010
17508	4.3276e-010
17509	3.9479e-010
17510	3.8722e-010
17511	3.7454e-010
17512	4.2396e-010
17513	3.6214e-010
17514	3.4879e-010
17515	3.6903e-010
17516	3.4931e-010
17517	3.193e-010
17518	3.6227e-010
17519	3.2361e-010
17520	3.069e-010
17521	3.8024e-010
17522	2.83e-010
17523	3.3773e-010
17524	2.8115e-010
17525	2.8948e-010
17526	2.8723e-010
17527	2.514e-010
17528	2.8853e-010
17529	2.3252e-010
17530	2.7958e-010
17531	2.2339e-010
17532	2.5665e-010
17533	2.2527e-010
17534	2.2376e-010
17535	2.3861e-010
17536	1.8877e-010
17537	2.8584e-010
17538	1.6415e-010
17539	2.1919e-010
17540	1.5366e-010
17541	1.5551e-010
17542	2.8081e-010
17543	1.6469e-010
17544	2.4976e-010
17545	4.8672e-010
17546	7.1484e-010
17547	7.9282e-010
17548	1.0682e-009
17549	2.221e-009
17550	1.844e-009
17551	6.5001e-011
17552	3.8134e-011
17553	9.7684e-011
17554	1.5636e-010
17555	1.5931e-010
17556	1.701e-010
17557	1.7428e-010
17558	1.729e-010
17559	1.8768e-010
17560	1.831e-010
17561	1.8917e-010
17562	1.9825e-010
17563	1.9443e-010
17564	2.0924e-010
17565	2.051e-010
17566	2.1509e-010
17567	2.1808e-010
17568	2.2258e-010
17569	2.3004e-010
17570	2.3191e-010
17571	2.4144e-010
17572	2.4254e-010
17573	2.5212e-010
17574	2.5445e-010
17575	2.6267e-010
17576	2.6768e-010
17577	2.7305e-010
17578	2.8207e-010
17579	2.8391e-010
17580	2.96e-010
17581	2.9786e-010
17582	3.0613e-010
17583	3.1514e-010
17584	3.1874e-010
17585	3.2788e-010
17586	3.3614e-010
17587	3.4138e-010
17588	3.4906e-010
17589	3.609e-010
17590	3.6484e-010
17591	3.7389e-010
17592	3.8219e-010
17593	3.9345e-010
17594	4.0007e-010
17595	4.0905e-010
17596	4.182e-010
17597	4.2796e-010
17598	4.3772e-010
17599	4.4734e-010
17600	4.5832e-010
17601	4.6758e-010
17602	4.7828e-010
17603	4.8919e-010
17604	5.0036e-010
17605	5.1183e-010
17606	5.2201e-010
17607	5.3688e-010
17608	5.4687e-010
17609	5.6013e-010
17610	5.7259e-010
17611	5.8376e-010
17612	5.9631e-010
17613	6.1419e-010
17614	6.3299e-010
17615	6.3602e-010
17616	6.3544e-010
17617	6.3519e-010
17618	6.1848e-010
17619	5.9956e-010
17620	5.8763e-010
17621	5.7815e-010
17622	5.667e-010
17623	5.5316e-010
17624	5.4856e-010
17625	5.285e-010
17626	5.2038e-010
17627	5.093e-010
17628	4.9875e-010
17629	4.8812e-010
17630	4.7713e-010
17631	4.7329e-010
17632	4.5874e-010
17633	4.5147e-010
17634	4.414e-010
17635	4.287e-010
17636	4.2121e-010
17637	4.1268e-010
17638	4.2606e-010
17639	3.9601e-010
17640	3.8681e-010
17641	3.7482e-010
17642	4.2402e-010
17643	3.6246e-010
17644	3.4874e-010
17645	3.6902e-010
17646	3.4931e-010
17647	3.1931e-010
17648	3.6226e-010
17649	3.2361e-010
17650	3.069e-010
17651	3.8024e-010
17652	2.83e-010
17653	3.3773e-010
17654	2.8116e-010
17655	2.8946e-010
17656	2.8723e-010
17657	2.514e-010
17658	2.8853e-010
17659	2.3252e-010
17660	2.7958e-010
17661	2.2339e-010
17662	2.5665e-010
17663	2.2525e-010
17664	2.2376e-010
17665	2.3861e-010
17666	1.8878e-010
17667	2.8584e-010
17668	1.6415e-010
17669	2.1919e-010
17670	1.5366e-010
17671	1.5551e-010
17672	2.8081e-010
17673	1.6469e-010
17674	2.4975e-010
17675	4.8672e-010
17676	7.1484e-010
17677	7.9279e-010
17678	1.0682e-009
17679	2.221e-009
17680	1.844e-009
17681	1.3017e-010
17682	9.4625e-011
17683	1.4217e-010
17684	1.8989e-010
17685	1.9107e-010
17686	2.0469e-010
17687	2.0927e-010
17688	2.0556e-010
17689	2.2709e-010
17690	2.1802e-010
17691	2.2629e-010
17692	2.3927e-010
17693	2.3048e-010
17694	2.533e-010
17695	2.437e-010
17696	2.585e-010
17697	2.6097e-010
17698	2.6617e-010
17699	2.7645e-010
17700	2.7644e-010
17701	2.9052e-010
17702	2.8899e-010
17703	3.0339e-010
17704	3.0371e-010
17705	3.1549e-010
17706	3.2056e-010
17707	3.2626e-010
17708	3.3958e-010
17709	3.3773e-010
17710	3.5682e-010
17711	3.551e-010
17712	3.6616e-010
17713	3.788e-010
17714	3.8011e-010
17715	3.9304e-010
17716	4.0368e-010
17717	4.078e-010
17718	4.1707e-010
17719	4.3478e-010
17720	4.3569e-010
17721	4.4735e-010
17722	4.5714e-010
17723	4.7262e-010
17724	4.7873e-010
17725	4.8961e-010
17726	5.0035e-010
17727	5.1253e-010
17728	5.2426e-010
17729	5.3545e-010
17730	5.4952e-010
17731	5.5989e-010
17732	5.7294e-010
17733	5.8605e-010
17734	5.9915e-010
17735	6.1279e-010
17736	6.2455e-010
17737	6.4466e-010
17738	6.549e-010
17739	6.7151e-010
17740	6.8657e-010
17741	6.9781e-010
17742	7.1235e-010
17743	7.3785e-010
17744	7.6505e-010
17745	7.5638e-010
17746	7.5508e-010
17747	7.6804e-010
17748	7.4494e-010
17749	7.1576e-010
17750	7.0102e-010
17751	6.9351e-010
17752	6.7984e-010
17753	6.6149e-010
17754	6.6153e-010
17755	6.3107e-010
17756	6.2369e-010
17757	6.1033e-010
17758	5.9775e-010
17759	5.8464e-010
17760	5.7057e-010
17761	5.7074e-010
17762	5.4878e-010
17763	5.4205e-010
17764	5.2976e-010
17765	5.1097e-010
17766	5.0257e-010
17767	4.8814e-010
17768	5.3155e-010
17769	4.6814e-010
17770	4.5954e-010
17771	4.3222e-010
17772	5.3071e-010
17773	4.2151e-010
17774	4.0303e-010
17775	4.5521e-010
17776	4.2332e-010
17777	3.5919e-010
17778	4.5432e-010
17779	3.8314e-010
17780	3.4192e-010
17781	4.8541e-010
17782	3.0421e-010
17783	4.2272e-010
17784	3.2935e-010
17785	3.3965e-010
17786	3.5348e-010
17787	2.8596e-010
17788	3.6206e-010
17789	2.589e-010
17790	3.5148e-010
17791	2.5209e-010
17792	3.1747e-010
17793	2.6466e-010
17794	2.6584e-010
17795	2.9645e-010
17796	2.0409e-010
17797	3.6686e-010
17798	1.707e-010
17799	2.867e-010
17800	1.9055e-010
17801	1.7081e-010
17802	3.7209e-010
17803	1.8138e-010
17804	2.8875e-010
17805	5.5536e-010
17806	8.4708e-010
17807	7.8182e-010
17808	1.2034e-009
17809	2.6164e-009
17810	2.0894e-009
17811	6.4941e-011
17812	3.8111e-011
17813	9.7629e-011
17814	1.5627e-010
17815	1.5922e-010
17816	1.7003e-010
17817	1.7421e-010
17818	1.7286e-010
17819	1.8767e-010
17820	1.8309e-010
17821	1.8914e-010
17822	1.9822e-010
17823	1.9442e-010
17824	2.0921e-010
17825	2.0503e-010
17826	2.1489e-010
17827	2.1789e-010
17828	2.2251e-010
17829	2.2995e-010
17830	2.317e-010
17831	2.4121e-010
17832	2.4242e-010
17833	2.521e-010
17834	2.5447e-010
17835	2.6274e-010
17836	2.677e-010
17837	2.7301e-010
17838	2.82e-010
17839	2.8378e-010
17840	2.9576e-010
17841	2.9768e-010
17842	3.0586e-010
17843	3.1485e-010
17844	3.1861e-010
17845	3.2793e-010
17846	3.3611e-010
17847	3.4132e-010
17848	3.4895e-010
17849	3.6083e-010
17850	3.6463e-010
17851	3.7378e-010
17852	3.821e-010
17853	3.9324e-010
17854	3.998e-010
17855	4.0886e-010
17856	4.1792e-010
17857	4.2778e-010
17858	4.3769e-010
17859	4.4718e-010
17860	4.5821e-010
17861	4.6744e-010
17862	4.7818e-010
17863	4.892e-010
17864	5.0017e-010
17865	5.1173e-010
17866	5.2224e-010
17867	5.3703e-010
17868	5.4704e-010
17869	5.6011e-010
17870	5.7264e-010
17871	5.8426e-010
17872	5.9672e-010
17873	6.1448e-010
17874	6.3327e-010
17875	6.3597e-010
17876	6.357e-010
17877	6.3528e-010
17878	6.1892e-010
17879	5.9978e-010
17880	5.8781e-010
17881	5.7829e-010
17882	5.668e-010
17883	5.5315e-010
17884	5.4846e-010
17885	5.2868e-010
17886	5.2019e-010
17887	5.0913e-010
17888	4.9865e-010
17889	4.8798e-010
17890	4.7704e-010
17891	4.7331e-010
17892	4.5883e-010
17893	4.516e-010
17894	4.4155e-010
17895	4.2895e-010
17896	4.2146e-010
17897	4.1138e-010
17898	4.33e-010
17899	3.9471e-010
17900	3.8685e-010
17901	3.7395e-010
17902	4.2348e-010
17903	3.6153e-010
17904	3.4849e-010
17905	3.69e-010
17906	3.4925e-010
17907	3.192e-010
17908	3.6236e-010
17909	3.2373e-010
17910	3.0708e-010
17911	3.8052e-010
17912	2.8333e-010
17913	3.3811e-010
17914	2.8148e-010
17915	2.8982e-010
17916	2.877e-010
17917	2.519e-010
17918	2.8899e-010
17919	2.3302e-010
17920	2.7989e-010
17921	2.237e-010
17922	2.569e-010
17923	2.2547e-010
17924	2.2397e-010
17925	2.3882e-010
17926	1.8889e-010
17927	2.8619e-010
17928	1.6414e-010
17929	2.193e-010
17930	1.5368e-010
17931	1.5534e-010
17932	2.8061e-010
17933	1.6472e-010
17934	2.5007e-010
17935	4.8714e-010
17936	7.1472e-010
17937	7.9284e-010
17938	1.0681e-009
17939	2.2209e-009
17940	1.8448e-009
17941	6.4984e-011
17942	3.8124e-011
17943	9.7609e-011
17944	1.5626e-010
17945	1.5922e-010
17946	1.7007e-010
17947	1.7423e-010
17948	1.7285e-010
17949	1.8765e-010
17950	1.8303e-010
17951	1.891e-010
17952	1.9816e-010
17953	1.9435e-010
17954	2.0917e-010
17955	2.0501e-010
17956	2.1492e-010
17957	2.1793e-010
17958	2.225e-010
17959	2.2993e-010
17960	2.3164e-010
17961	2.4112e-010
17962	2.4235e-010
17963	2.5203e-010
17964	2.5438e-010
17965	2.6257e-010
17966	2.6745e-010
17967	2.7276e-010
17968	2.8181e-010
17969	2.8367e-010
17970	2.9579e-010
17971	2.9769e-010
17972	3.0583e-010
17973	3.1478e-010
17974	3.1843e-010
17975	3.2781e-010
17976	3.3604e-010
17977	3.4115e-010
17978	3.4873e-010
17979	3.6069e-010
17980	3.645e-010
17981	3.7354e-010
17982	3.8179e-010
17983	3.9305e-010
17984	3.9963e-010
17985	4.088e-010
17986	4.1777e-010
17987	4.2745e-010
17988	4.3737e-010
17989	4.4688e-010
17990	4.5809e-010
17991	4.6724e-010
17992	4.7803e-010
17993	4.8903e-010
17994	5.0015e-010
17995	5.116e-010
17996	5.2225e-010
17997	5.3728e-010
17998	5.4746e-010
17999	5.6051e-010
18000	5.7307e-010
18001	5.8474e-010
18002	5.9723e-010
18003	6.1512e-010
18004	6.3394e-010
18005	6.3674e-010
18006	6.3648e-010
18007	6.3622e-010
18008	6.1949e-010
18009	6.0037e-010
18010	5.8826e-010
18011	5.7873e-010
18012	5.6714e-010
18013	5.5349e-010
18014	5.4878e-010
18015	5.2877e-010
18016	5.203e-010
18017	5.0931e-010
18018	4.9872e-010
18019	4.8798e-010
18020	4.7701e-010
18021	4.732e-010
18022	4.5849e-010
18023	4.5123e-010
18024	4.4118e-010
18025	4.2838e-010
18026	4.2063e-010
18027	4.1244e-010
18028	4.2644e-010
18029	3.9585e-010
18030	3.8602e-010
18031	3.7494e-010
18032	4.1797e-010
18033	3.628e-010
18034	3.4837e-010
18035	3.6926e-010
18036	3.4975e-010
18037	3.199e-010
18038	3.63e-010
18039	3.2443e-010
18040	3.0783e-010
18041	3.8113e-010
18042	2.8399e-010
18043	3.3865e-010
18044	2.8196e-010
18045	2.9028e-010
18046	2.8812e-010
18047	2.5237e-010
18048	2.8953e-010
18049	2.3356e-010
18050	2.8047e-010
18051	2.2431e-010
18052	2.5744e-010
18053	2.2593e-010
18054	2.2431e-010
18055	2.3911e-010
18056	1.8914e-010
18057	2.8635e-010
18058	1.6437e-010
18059	2.1952e-010
18060	1.5383e-010
18061	1.5555e-010
18062	2.8073e-010
18063	1.6489e-010
18064	2.5018e-010
18065	4.8721e-010
18066	7.1512e-010
18067	7.9287e-010
18068	1.0681e-009
18069	2.221e-009
18070	1.8446e-009
18071	1.3011e-010
18072	9.46e-011
18073	1.4205e-010
18074	1.8969e-010
18075	1.9089e-010
18076	2.0451e-010
18077	2.0909e-010
18078	2.054e-010
18079	2.269e-010
18080	2.1783e-010
18081	2.2606e-010
18082	2.3901e-010
18083	2.3023e-010
18084	2.5306e-010
18085	2.4346e-010
18086	2.5825e-010
18087	2.6074e-010
18088	2.6599e-010
18089	2.7627e-010
18090	2.7628e-010
18091	2.9036e-010
18092	2.8889e-010
18093	3.0332e-010
18094	3.0361e-010
18095	3.153e-010
18096	3.2029e-010
18097	3.2587e-010
18098	3.3922e-010
18099	3.3744e-010
18100	3.5665e-010
18101	3.5499e-010
18102	3.661e-010
18103	3.7873e-010
18104	3.7995e-010
18105	3.9275e-010
18106	4.0338e-010
18107	4.0735e-010
18108	4.1692e-010
18109	4.3395e-010
18110	4.3557e-010
18111	4.4693e-010
18112	4.5662e-010
18113	4.7213e-010
18114	4.7832e-010
18115	4.894e-010
18116	5.0011e-010
18117	5.1225e-010
18118	5.2407e-010
18119	5.3509e-010
18120	5.4929e-010
18121	5.5963e-010
18122	5.7252e-010
18123	5.8568e-010
18124	5.99e-010
18125	6.1267e-010
18126	6.246e-010
18127	6.4484e-010
18128	6.5515e-010
18129	6.7161e-010
18130	6.8682e-010
18131	6.9823e-010
18132	7.1257e-010
18133	7.3807e-010
18134	7.6546e-010
18135	7.5673e-010
18136	7.5541e-010
18137	7.6849e-010
18138	7.4506e-010
18139	7.1582e-010
18140	7.0111e-010
18141	6.9371e-010
18142	6.8003e-010
18143	6.6176e-010
18144	6.6156e-010
18145	6.3112e-010
18146	6.2362e-010
18147	6.1041e-010
18148	5.9772e-010
18149	5.8445e-010
18150	5.7012e-010
18151	5.7027e-010
18152	5.4835e-010
18153	5.4176e-010
18154	5.2956e-010
18155	5.1069e-010
18156	5.0195e-010
18157	4.8885e-010
18158	5.2642e-010
18159	4.6882e-010
18160	4.5809e-010
18161	4.3417e-010
18162	5.201e-010
18163	4.2352e-010
18164	4.0225e-010
18165	4.5545e-010
18166	4.236e-010
18167	3.5958e-010
18168	4.5494e-010
18169	3.838e-010
18170	3.4256e-010
18171	4.8629e-010
18172	3.0489e-010
18173	4.2359e-010
18174	3.3007e-010
18175	3.4048e-010
18176	3.5433e-010
18177	2.8669e-010
18178	3.6294e-010
18179	2.5947e-010
18180	3.5225e-010
18181	2.5254e-010
18182	3.1809e-010
18183	2.6506e-010
18184	2.6621e-010
18185	2.9683e-010
18186	2.043e-010
18187	3.6732e-010
18188	1.7092e-010
18189	2.8705e-010
18190	1.9084e-010
18191	1.711e-010
18192	3.7232e-010
18193	1.8155e-010
18194	2.8891e-010
18195	5.5553e-010
18196	8.4763e-010
18197	7.8163e-010
18198	1.2034e-009
18199	2.6166e-009
18200	2.0895e-009
18201	6.4984e-011
18202	3.8124e-011
18203	9.7609e-011
18204	1.5626e-010
18205	1.5922e-010
18206	1.7007e-010
18207	1.7423e-010
18208	1.7285e-010
18209	1.8764e-010
18210	1.8303e-010
18211	1.891e-010
18212	1.9816e-010
18213	1.9435e-010
18214	2.0917e-010
18215	2.0502e-010
18216	2.1492e-010
18217	2.1793e-010
18218	2.225e-010
18219	2.2993e-010
18220	2.3165e-010
18221	2.4112e-010
18222	2.4236e-010
18223	2.5203e-010
18224	2.5438e-010
18225	2.6257e-010
18226	2.6745e-010
18227	2.7276e-010
18228	2.8181e-010
18229	2.8367e-010
18230	2.9579e-010
18231	2.9769e-010
18232	3.0583e-010
18233	3.1478e-010
18234	3.1843e-010
18235	3.2781e-010
18236	3.3604e-010
18237	3.4111e-010
18238	3.4891e-010
18239	3.6003e-010
18240	3.6468e-010
18241	3.7352e-010
18242	3.8177e-010
18243	3.9305e-010
18244	3.9963e-010
18245	4.088e-010
18246	4.1778e-010
18247	4.2745e-010
18248	4.3737e-010
18249	4.4689e-010
18250	4.5804e-010
18251	4.6724e-010
18252	4.7803e-010
18253	4.8904e-010
18254	5.0017e-010
18255	5.1161e-010
18256	5.2226e-010
18257	5.3728e-010
18258	5.4746e-010
18259	5.6051e-010
18260	5.7307e-010
18261	5.8474e-010
18262	5.9723e-010
18263	6.1512e-010
18264	6.3394e-010
18265	6.3675e-010
18266	6.365e-010
18267	6.3623e-010
18268	6.1949e-010
18269	6.0037e-010
18270	5.8826e-010
18271	5.7873e-010
18272	5.6712e-010
18273	5.535e-010
18274	5.4878e-010
18275	5.2877e-010
18276	5.2031e-010
18277	5.0931e-010
18278	4.9872e-010
18279	4.8798e-010
18280	4.7704e-010
18281	4.7319e-010
18282	4.5849e-010
18283	4.5122e-010
18284	4.4118e-010
18285	4.284e-010
18286	4.2039e-010
18287	4.128e-010
18288	4.2645e-010
18289	3.9611e-010
18290	3.8564e-010
18291	3.7524e-010
18292	4.1475e-010
18293	3.629e-010
18294	3.4823e-010
18295	3.6925e-010
18296	3.4976e-010
18297	3.199e-010
18298	3.6298e-010
18299	3.2444e-010
18300	3.0784e-010
18301	3.8113e-010
18302	2.84e-010
18303	3.3865e-010
18304	2.8196e-010
18305	2.9028e-010
18306	2.8813e-010
18307	2.5237e-010
18308	2.8953e-010
18309	2.3356e-010
18310	2.8048e-010
18311	2.2432e-010
18312	2.5744e-010
18313	2.2593e-010
18314	2.2431e-010
18315	2.3911e-010
18316	1.8914e-010
18317	2.8635e-010
18318	1.6437e-010
18319	2.1952e-010
18320	1.5383e-010
18321	1.5555e-010
18322	2.8073e-010
18323	1.649e-010
18324	2.5018e-010
18325	4.8721e-010
18326	7.1512e-010
18327	7.9287e-010
18328	1.0681e-009
18329	2.221e-009
18330	1.8446e-009
18331	6.4943e-011
18332	3.8115e-011
18333	9.763e-011
18334	1.5627e-010
18335	1.592e-010
18336	1.7003e-010
18337	1.7421e-010
18338	1.7286e-010
18339	1.8767e-010
18340	1.8308e-010
18341	1.8914e-010
18342	1.9822e-010
18343	1.9442e-010
18344	2.0921e-010
18345	2.0504e-010
18346	2.1491e-010
18347	2.1791e-010
18348	2.2249e-010
18349	2.2997e-010
18350	2.3172e-010
18351	2.412e-010
18352	2.4243e-010
18353	2.5211e-010
18354	2.5447e-010
18355	2.6274e-010
18356	2.6771e-010
18357	2.7301e-010
18358	2.82e-010
18359	2.8374e-010
18360	2.9576e-010
18361	2.9768e-010
18362	3.0586e-010
18363	3.1482e-010
18364	3.1862e-010
18365	3.2793e-010
18366	3.3613e-010
18367	3.4125e-010
18368	3.4916e-010
18369	3.6043e-010
18370	3.6487e-010
18371	3.7374e-010
18372	3.8211e-010
18373	3.9324e-010
18374	3.9981e-010
18375	4.0888e-010
18376	4.1791e-010
18377	4.2778e-010
18378	4.3769e-010
18379	4.472e-010
18380	4.5817e-010
18381	4.674e-010
18382	4.7816e-010
18383	4.8922e-010
18384	5.0018e-010
18385	5.1174e-010
18386	5.222e-010
18387	5.3703e-010
18388	5.4704e-010
18389	5.6011e-010
18390	5.7264e-010
18391	5.8426e-010
18392	5.9672e-010
18393	6.1448e-010
18394	6.3327e-010
18395	6.3598e-010
18396	6.3572e-010
18397	6.3531e-010
18398	6.1895e-010
18399	5.9979e-010
18400	5.8781e-010
18401	5.783e-010
18402	5.6677e-010
18403	5.5315e-010
18404	5.4848e-010
18405	5.287e-010
18406	5.202e-010
18407	5.0914e-010
18408	4.9865e-010
18409	4.8802e-010
18410	4.7702e-010
18411	4.7329e-010
18412	4.5883e-010
18413	4.5156e-010
18414	4.4152e-010
18415	4.2892e-010
18416	4.2091e-010
18417	4.1317e-010
18418	4.2645e-010
18419	3.9627e-010
18420	3.8621e-010
18421	3.7391e-010
18422	4.2042e-010
18423	3.6159e-010
18424	3.4838e-010
18425	3.6893e-010
18426	3.4925e-010
18427	3.1919e-010
18428	3.6236e-010
18429	3.2373e-010
18430	3.0705e-010
18431	3.8053e-010
18432	2.8332e-010
18433	3.3812e-010
18434	2.8145e-010
18435	2.8983e-010
18436	2.8771e-010
18437	2.519e-010
18438	2.8896e-010
18439	2.3303e-010
18440	2.799e-010
18441	2.2371e-010
18442	2.5691e-010
18443	2.2547e-010
18444	2.2397e-010
18445	2.3883e-010
18446	1.8888e-010
18447	2.862e-010
18448	1.6414e-010
18449	2.1931e-010
18450	1.5367e-010
18451	1.5535e-010
18452	2.8061e-010
18453	1.6472e-010
18454	2.5008e-010
18455	4.8714e-010
18456	7.1472e-010
18457	7.9285e-010
18458	1.0681e-009
18459	2.2209e-009
18460	1.8448e-009
18461	1.3017e-010
18462	9.4619e-011
18463	1.4216e-010
18464	1.8988e-010
18465	1.9107e-010
18466	2.0468e-010
18467	2.0928e-010
18468	2.0556e-010
18469	2.2709e-010
18470	2.1802e-010
18471	2.2628e-010
18472	2.3927e-010
18473	2.3048e-010
18474	2.533e-010
18475	2.4371e-010
18476	2.585e-010
18477	2.6097e-010
18478	2.6618e-010
18479	2.7645e-010
18480	2.7644e-010
18481	2.9052e-010
18482	2.8899e-010
18483	3.0339e-010
18484	3.037e-010
18485	3.155e-010
18486	3.2057e-010
18487	3.2624e-010
18488	3.3957e-010
18489	3.3773e-010
18490	3.5682e-010
18491	3.551e-010
18492	3.6617e-010
18493	3.7881e-010
18494	3.8011e-010
18495	3.9304e-010
18496	4.0369e-010
18497	4.077e-010
18498	4.1752e-010
18499	4.34e-010
18500	4.3619e-010
18501	4.4724e-010
18502	4.5714e-010
18503	4.7262e-010
18504	4.7873e-010
18505	4.8963e-010
18506	5.0033e-010
18507	5.1254e-010
18508	5.2427e-010
18509	5.3545e-010
18510	5.4953e-010
18511	5.5988e-010
18512	5.7293e-010
18513	5.8604e-010
18514	5.9916e-010
18515	6.1279e-010
18516	6.2454e-010
18517	6.4465e-010
18518	6.5489e-010
18519	6.7151e-010
18520	6.8656e-010
18521	6.9781e-010
18522	7.1234e-010
18523	7.3784e-010
18524	7.6504e-010
18525	7.564e-010
18526	7.5507e-010
18527	7.6807e-010
18528	7.4495e-010
18529	7.1577e-010
18530	7.0101e-010
18531	6.9354e-010
18532	6.7983e-010
18533	6.6148e-010
18534	6.6153e-010
18535	6.3109e-010
18536	6.2371e-010
18537	6.1032e-010
18538	5.9775e-010
18539	5.8464e-010
18540	5.7058e-010
18541	5.7072e-010
18542	5.4878e-010
18543	5.4204e-010
18544	5.2973e-010
18545	5.1087e-010
18546	5.022e-010
18547	4.8935e-010
18548	5.2523e-010
18549	4.692e-010
18550	4.5882e-010
18551	4.3324e-010
18552	5.292e-010
18553	4.2258e-010
18554	4.0269e-010
18555	4.5521e-010
18556	4.2332e-010
18557	3.5919e-010
18558	4.5433e-010
18559	3.8314e-010
18560	3.4192e-010
18561	4.8541e-010
18562	3.0421e-010
18563	4.2272e-010
18564	3.2935e-010
18565	3.3965e-010
18566	3.5347e-010
18567	2.8595e-010
18568	3.6206e-010
18569	2.589e-010
18570	3.5147e-010
18571	2.5209e-010
18572	3.1747e-010
18573	2.6466e-010
18574	2.6584e-010
18575	2.9645e-010
18576	2.0409e-010
18577	3.6686e-010
18578	1.707e-010
18579	2.867e-010
18580	1.9057e-010
18581	1.708e-010
18582	3.7209e-010
18583	1.8137e-010
18584	2.8874e-010
18585	5.5536e-010
18586	8.4708e-010
18587	7.8182e-010
18588	1.2034e-009
18589	2.6164e-009
18590	2.0896e-009
18591	6.501e-011
18592	3.8127e-011
18593	9.7691e-011
18594	1.5635e-010
18595	1.593e-010
18596	1.701e-010
18597	1.743e-010
18598	1.729e-010
18599	1.8769e-010
18600	1.831e-010
18601	1.8917e-010
18602	1.9825e-010
18603	1.9441e-010
18604	2.0924e-010
18605	2.0511e-010
18606	2.1507e-010
18607	2.1809e-010
18608	2.2258e-010
18609	2.3004e-010
18610	2.3191e-010
18611	2.4144e-010
18612	2.4252e-010
18613	2.5214e-010
18614	2.5442e-010
18615	2.6268e-010
18616	2.677e-010
18617	2.7304e-010
18618	2.8207e-010
18619	2.8389e-010
18620	2.96e-010
18621	2.9784e-010
18622	3.0613e-010
18623	3.1516e-010
18624	3.187e-010
18625	3.2789e-010
18626	3.3616e-010
18627	3.4133e-010
18628	3.4928e-010
18629	3.6053e-010
18630	3.6509e-010
18631	3.7385e-010
18632	3.8219e-010
18633	3.9346e-010
18634	4.0008e-010
18635	4.0904e-010
18636	4.1822e-010
18637	4.2791e-010
18638	4.3771e-010
18639	4.4735e-010
18640	4.5834e-010
18641	4.6754e-010
18642	4.783e-010
18643	4.8918e-010
18644	5.0038e-010
18645	5.1181e-010
18646	5.2204e-010
18647	5.3685e-010
18648	5.4686e-010
18649	5.6015e-010
18650	5.7258e-010
18651	5.8377e-010
18652	5.9628e-010
18653	6.1414e-010
18654	6.3298e-010
18655	6.3601e-010
18656	6.3543e-010
18657	6.3516e-010
18658	6.185e-010
18659	5.9957e-010
18660	5.8764e-010
18661	5.7812e-010
18662	5.6672e-010
18663	5.5314e-010
18664	5.4857e-010
18665	5.2849e-010
18666	5.204e-010
18667	5.0929e-010
18668	4.9872e-010
18669	4.8809e-010
18670	4.7713e-010
18671	4.7326e-010
18672	4.5874e-010
18673	4.5147e-010
18674	4.4131e-010
18675	4.2881e-010
18676	4.2095e-010
18677	4.1315e-010
18678	4.2654e-010
18679	3.964e-010
18680	3.8664e-010
18681	3.7396e-010
18682	4.2352e-010
18683	3.6159e-010
18684	3.4879e-010
18685	3.6907e-010
18686	3.493e-010
18687	3.193e-010
18688	3.6226e-010
18689	3.2361e-010
18690	3.069e-010
18691	3.8025e-010
18692	2.8299e-010
18693	3.3774e-010
18694	2.8116e-010
18695	2.8946e-010
18696	2.8723e-010
18697	2.5141e-010
18698	2.8854e-010
18699	2.3254e-010
18700	2.7956e-010
18701	2.2339e-010
18702	2.5666e-010
18703	2.2526e-010
18704	2.2377e-010
18705	2.3863e-010
18706	1.8877e-010
18707	2.8583e-010
18708	1.6414e-010
18709	2.192e-010
18710	1.5367e-010
18711	1.5552e-010
18712	2.8082e-010
18713	1.6468e-010
18714	2.4975e-010
18715	4.8673e-010
18716	7.1484e-010
18717	7.9279e-010
18718	1.0683e-009
18719	2.221e-009
18720	1.844e-009
