Element Number	Structural Error (J)
1	3.6002e-010
2	3.4432e-010
3	1.2632e-010
4	6.7418e-011
5	6.9432e-011
6	5.9396e-011
7	6.1704e-011
8	6.7897e-011
9	6.1477e-011
10	6.846e-011
11	6.8783e-011
12	6.6464e-011
13	7.4927e-011
14	6.8249e-011
15	7.7011e-011
16	7.4095e-011
17	7.7527e-011
18	7.9586e-011
19	7.9353e-011
20	8.4392e-011
21	8.2183e-011
22	8.8539e-011
23	8.6132e-011
24	9.191e-011
25	9.1226e-011
26	9.4509e-011
27	9.7869e-011
28	9.6191e-011
29	1.0444e-010
30	9.9473e-011
31	1.0803e-010
32	1.0845e-010
33	1.0791e-010
34	1.1532e-010
35	1.149e-010
36	1.1626e-010
37	1.226e-010
38	1.2469e-010
39	1.23e-010
40	1.3044e-010
41	1.3302e-010
42	1.3567e-010
43	1.3568e-010
44	1.4144e-010
45	1.4502e-010
46	1.4844e-010
47	1.5113e-010
48	1.5442e-010
49	1.5819e-010
50	1.6058e-010
51	1.6542e-010
52	1.6911e-010
53	1.7285e-010
54	1.7689e-010
55	1.8089e-010
56	1.8609e-010
57	1.8707e-010
58	1.9372e-010
59	1.9763e-010
60	2.024e-010
61	2.0963e-010
62	2.1523e-010
63	2.1458e-010
64	2.1524e-010
65	2.3485e-010
66	2.3638e-010
67	2.1584e-010
68	2.148e-010
69	2.1857e-010
70	2.1437e-010
71	2.0653e-010
72	2.0165e-010
73	1.9865e-010
74	1.8777e-010
75	1.9202e-010
76	1.8562e-010
77	1.8198e-010
78	1.7833e-010
79	1.7537e-010
80	1.724e-010
81	1.6313e-010
82	1.6604e-010
83	1.624e-010
84	1.6048e-010
85	1.6225e-010
86	1.6114e-010
87	1.6476e-010
88	1.3735e-010
89	1.6255e-010
90	1.5711e-010
91	1.6572e-010
92	1.2918e-010
93	1.5765e-010
94	1.6058e-010
95	1.2156e-010
96	1.2763e-010
97	1.6185e-010
98	1.1394e-010
99	1.3996e-010
100	1.6908e-010
101	1.1375e-010
102	1.7169e-010
103	1.0641e-010
104	1.4836e-010
105	1.2714e-010
106	1.0662e-010
107	1.2975e-010
108	9.4338e-011
109	1.2958e-010
110	8.9537e-011
111	1.1975e-010
112	9.1063e-011
113	1.0435e-010
114	9.7013e-011
115	8.6504e-011
116	1.1956e-010
117	8.0923e-011
118	1.2402e-010
119	7.2512e-011
120	8.8261e-011
121	8.5319e-011
122	7.1985e-011
123	1.0044e-010
124	1.6445e-010
125	2.1545e-010
126	3.097e-010
127	9.4612e-010
128	1.2835e-009
129	1.7276e-009
130	1.4723e-009
131	2.701e-010
132	3.113e-010
133	1.1176e-010
134	7.6202e-011
135	8.614e-011
136	8.1292e-011
137	8.3563e-011
138	8.6693e-011
139	8.6589e-011
140	8.4863e-011
141	8.5402e-011
142	8.6284e-011
143	8.6265e-011
144	8.914e-011
145	8.8287e-011
146	9.0561e-011
147	9.2063e-011
148	9.4038e-011
149	9.6755e-011
150	9.788e-011
151	1.0168e-010
152	1.0216e-010
153	1.0647e-010
154	1.071e-010
155	1.1088e-010
156	1.1287e-010
157	1.1476e-010
158	1.1962e-010
159	1.1889e-010
160	1.2612e-010
161	1.2496e-010
162	1.2876e-010
163	1.3389e-010
164	1.3364e-010
165	1.3848e-010
166	1.4262e-010
167	1.434e-010
168	1.4715e-010
169	1.5369e-010
170	1.5356e-010
171	1.5713e-010
172	1.6126e-010
173	1.6714e-010
174	1.6904e-010
175	1.7252e-010
176	1.7632e-010
177	1.8086e-010
178	1.852e-010
179	1.8923e-010
180	1.9435e-010
181	1.9784e-010
182	2.0203e-010
183	2.0687e-010
184	2.1146e-010
185	2.1637e-010
186	2.2061e-010
187	2.2843e-010
188	2.3167e-010
189	2.3735e-010
190	2.426e-010
191	2.4644e-010
192	2.5181e-010
193	2.6201e-010
194	2.7245e-010
195	2.6805e-010
196	2.6771e-010
197	2.745e-010
198	2.6538e-010
199	2.5377e-010
200	2.4841e-010
201	2.4629e-010
202	2.4189e-010
203	2.3588e-010
204	2.3665e-010
205	2.2419e-010
206	2.2134e-010
207	2.1671e-010
208	2.1229e-010
209	2.0799e-010
210	2.0356e-010
211	2.0554e-010
212	1.9752e-010
213	1.9586e-010
214	1.9101e-010
215	1.8361e-010
216	1.8296e-010
217	1.8359e-010
218	2.0707e-010
219	1.7789e-010
220	1.6826e-010
221	1.7037e-010
222	2.0648e-010
223	1.6637e-010
224	1.5447e-010
225	1.7529e-010
226	1.5977e-010
227	1.4342e-010
228	1.798e-010
229	1.5201e-010
230	1.505e-010
231	2.011e-010
232	1.3533e-010
233	1.7032e-010
234	1.441e-010
235	1.4282e-010
236	1.4263e-010
237	1.2416e-010
238	1.4165e-010
239	1.1761e-010
240	1.3475e-010
241	1.1426e-010
242	1.2288e-010
243	1.1254e-010
244	1.113e-010
245	1.0658e-010
246	1.0815e-010
247	1.3515e-010
248	1.0652e-010
249	1.0703e-010
250	9.75e-011
251	9.9633e-011
252	1.0964e-010
253	1.2122e-010
254	2.1682e-010
255	2.592e-010
256	3.738e-010
257	9.868e-010
258	1.3446e-009
259	1.6009e-009
260	1.2243e-009
261	3.6003e-010
262	3.4432e-010
263	1.2627e-010
264	6.7365e-011
265	6.9397e-011
266	5.9387e-011
267	6.171e-011
268	6.7911e-011
269	6.1498e-011
270	6.8476e-011
271	6.8792e-011
272	6.6464e-011
273	7.4923e-011
274	6.8241e-011
275	7.7012e-011
276	7.4107e-011
277	7.7536e-011
278	7.9576e-011
279	7.9342e-011
280	8.4392e-011
281	8.2197e-011
282	8.8595e-011
283	8.6195e-011
284	9.1943e-011
285	9.1217e-011
286	9.4455e-011
287	9.7814e-011
288	9.6193e-011
289	1.0446e-010
290	9.9492e-011
291	1.0804e-010
292	1.0848e-010
293	1.0793e-010
294	1.1531e-010
295	1.1484e-010
296	1.1618e-010
297	1.2255e-010
298	1.2479e-010
299	1.2287e-010
300	1.3062e-010
301	1.3308e-010
302	1.357e-010
303	1.3566e-010
304	1.4146e-010
305	1.4502e-010
306	1.4845e-010
307	1.5113e-010
308	1.544e-010
309	1.5814e-010
310	1.6053e-010
311	1.655e-010
312	1.6912e-010
313	1.7288e-010
314	1.7689e-010
315	1.8101e-010
316	1.8617e-010
317	1.8714e-010
318	1.9368e-010
319	1.9758e-010
320	2.0247e-010
321	2.098e-010
322	2.1542e-010
323	2.1458e-010
324	2.1547e-010
325	2.3501e-010
326	2.3644e-010
327	2.1591e-010
328	2.1483e-010
329	2.1865e-010
330	2.1455e-010
331	2.0668e-010
332	2.0172e-010
333	1.9873e-010
334	1.8785e-010
335	1.9205e-010
336	1.8577e-010
337	1.8187e-010
338	1.7844e-010
339	1.7539e-010
340	1.731e-010
341	1.6151e-010
342	1.6669e-010
343	1.6235e-010
344	1.6061e-010
345	1.624e-010
346	1.6124e-010
347	1.6466e-010
348	1.3737e-010
349	1.6252e-010
350	1.5725e-010
351	1.6587e-010
352	1.2929e-010
353	1.5772e-010
354	1.6066e-010
355	1.2162e-010
356	1.2763e-010
357	1.6186e-010
358	1.1394e-010
359	1.3999e-010
360	1.691e-010
361	1.1377e-010
362	1.717e-010
363	1.064e-010
364	1.4839e-010
365	1.2716e-010
366	1.0664e-010
367	1.2976e-010
368	9.4337e-011
369	1.2957e-010
370	8.9523e-011
371	1.1974e-010
372	9.1057e-011
373	1.0435e-010
374	9.7024e-011
375	8.6528e-011
376	1.196e-010
377	8.0963e-011
378	1.2408e-010
379	7.2556e-011
380	8.8298e-011
381	8.5322e-011
382	7.1972e-011
383	1.0043e-010
384	1.6445e-010
385	2.1545e-010
386	3.0971e-010
387	9.4611e-010
388	1.2835e-009
389	1.7276e-009
390	1.4723e-009
391	3.5993e-010
392	3.4419e-010
393	1.2626e-010
394	6.7363e-011
395	6.9395e-011
396	5.9375e-011
397	6.1695e-011
398	6.7904e-011
399	6.1473e-011
400	6.8457e-011
401	6.8758e-011
402	6.6445e-011
403	7.493e-011
404	6.8275e-011
405	7.7057e-011
406	7.4142e-011
407	7.7555e-011
408	7.957e-011
409	7.9329e-011
410	8.4387e-011
411	8.2199e-011
412	8.8602e-011
413	8.62e-011
414	9.1942e-011
415	9.1209e-011
416	9.445e-011
417	9.7815e-011
418	9.6181e-011
419	1.0447e-010
420	9.9505e-011
421	1.0805e-010
422	1.0849e-010
423	1.0794e-010
424	1.1532e-010
425	1.1485e-010
426	1.1618e-010
427	1.225e-010
428	1.2484e-010
429	1.2275e-010
430	1.3077e-010
431	1.3312e-010
432	1.3574e-010
433	1.3566e-010
434	1.4146e-010
435	1.4498e-010
436	1.4837e-010
437	1.5103e-010
438	1.5435e-010
439	1.5811e-010
440	1.6053e-010
441	1.6552e-010
442	1.6912e-010
443	1.729e-010
444	1.7694e-010
445	1.8098e-010
446	1.8618e-010
447	1.8716e-010
448	1.9367e-010
449	1.9767e-010
450	2.0265e-010
451	2.0996e-010
452	2.1547e-010
453	2.1454e-010
454	2.1548e-010
455	2.3511e-010
456	2.3651e-010
457	2.1608e-010
458	2.148e-010
459	2.1874e-010
460	2.1466e-010
461	2.0679e-010
462	2.0179e-010
463	1.9878e-010
464	1.8797e-010
465	1.9205e-010
466	1.8578e-010
467	1.8201e-010
468	1.7856e-010
469	1.7549e-010
470	1.7326e-010
471	1.616e-010
472	1.668e-010
473	1.6238e-010
474	1.607e-010
475	1.6253e-010
476	1.6142e-010
477	1.6478e-010
478	1.3746e-010
479	1.6256e-010
480	1.5737e-010
481	1.6603e-010
482	1.2937e-010
483	1.5776e-010
484	1.6069e-010
485	1.2165e-010
486	1.2768e-010
487	1.6187e-010
488	1.14e-010
489	1.4002e-010
490	1.6914e-010
491	1.1379e-010
492	1.7171e-010
493	1.0645e-010
494	1.4841e-010
495	1.2718e-010
496	1.0663e-010
497	1.2974e-010
498	9.4339e-011
499	1.2957e-010
500	8.9523e-011
501	1.1974e-010
502	9.1041e-011
503	1.0434e-010
504	9.7041e-011
505	8.654e-011
506	1.1966e-010
507	8.0963e-011
508	1.2412e-010
509	7.2579e-011
510	8.8314e-011
511	8.5343e-011
512	7.1993e-011
513	1.0045e-010
514	1.6448e-010
515	2.1548e-010
516	3.0971e-010
517	9.4612e-010
518	1.2835e-009
519	1.7277e-009
520	1.4724e-009
521	2.701e-010
522	3.1122e-010
523	1.1173e-010
524	7.6195e-011
525	8.6119e-011
526	8.1263e-011
527	8.3533e-011
528	8.6667e-011
529	8.658e-011
530	8.4808e-011
531	8.5306e-011
532	8.619e-011
533	8.6255e-011
534	8.9213e-011
535	8.84e-011
536	9.0676e-011
537	9.2141e-011
538	9.4053e-011
539	9.6741e-011
540	9.7882e-011
541	1.017e-010
542	1.0218e-010
543	1.0648e-010
544	1.0708e-010
545	1.1085e-010
546	1.1282e-010
547	1.1473e-010
548	1.1965e-010
549	1.1894e-010
550	1.2618e-010
551	1.2506e-010
552	1.2881e-010
553	1.3387e-010
554	1.3361e-010
555	1.3845e-010
556	1.4252e-010
557	1.4325e-010
558	1.4701e-010
559	1.5396e-010
560	1.5372e-010
561	1.5724e-010
562	1.612e-010
563	1.6715e-010
564	1.6891e-010
565	1.7236e-010
566	1.761e-010
567	1.8057e-010
568	1.849e-010
569	1.8914e-010
570	1.943e-010
571	1.9784e-010
572	2.0208e-010
573	2.0676e-010
574	2.1149e-010
575	2.1642e-010
576	2.2071e-010
577	2.2835e-010
578	2.3167e-010
579	2.3755e-010
580	2.4303e-010
581	2.469e-010
582	2.5188e-010
583	2.6205e-010
584	2.7273e-010
585	2.6828e-010
586	2.6796e-010
587	2.7461e-010
588	2.6551e-010
589	2.5393e-010
590	2.4883e-010
591	2.4677e-010
592	2.4193e-010
593	2.3608e-010
594	2.3683e-010
595	2.2432e-010
596	2.2146e-010
597	2.1691e-010
598	2.1248e-010
599	2.0831e-010
600	2.0379e-010
601	2.0597e-010
602	1.977e-010
603	1.9611e-010
604	1.9125e-010
605	1.8395e-010
606	1.8345e-010
607	1.8394e-010
608	2.0724e-010
609	1.7802e-010
610	1.686e-010
611	1.7077e-010
612	2.0682e-010
613	1.6652e-010
614	1.546e-010
615	1.7544e-010
616	1.5983e-010
617	1.4345e-010
618	1.7983e-010
619	1.521e-010
620	1.5058e-010
621	2.0116e-010
622	1.3537e-010
623	1.7033e-010
624	1.4415e-010
625	1.4285e-010
626	1.426e-010
627	1.2411e-010
628	1.4162e-010
629	1.1761e-010
630	1.3477e-010
631	1.1425e-010
632	1.2283e-010
633	1.1253e-010
634	1.1137e-010
635	1.0672e-010
636	1.0829e-010
637	1.353e-010
638	1.0663e-010
639	1.071e-010
640	9.7556e-011
641	9.9676e-011
642	1.097e-010
643	1.2126e-010
644	2.1688e-010
645	2.5927e-010
646	3.7381e-010
647	9.8679e-010
648	1.3445e-009
649	1.6008e-009
650	1.2243e-009
651	3.5993e-010
652	3.4419e-010
653	1.2626e-010
654	6.7363e-011
655	6.9395e-011
656	5.9375e-011
657	6.1695e-011
658	6.7904e-011
659	6.1473e-011
660	6.8457e-011
661	6.8758e-011
662	6.6445e-011
663	7.493e-011
664	6.8275e-011
665	7.7057e-011
666	7.4142e-011
667	7.7555e-011
668	7.957e-011
669	7.9328e-011
670	8.4387e-011
671	8.2199e-011
672	8.8602e-011
673	8.6201e-011
674	9.1942e-011
675	9.121e-011
676	9.445e-011
677	9.7815e-011
678	9.6181e-011
679	1.0447e-010
680	9.9504e-011
681	1.0805e-010
682	1.0849e-010
683	1.0794e-010
684	1.1532e-010
685	1.1485e-010
686	1.1619e-010
687	1.2248e-010
688	1.2495e-010
689	1.2263e-010
690	1.3088e-010
691	1.331e-010
692	1.3574e-010
693	1.3566e-010
694	1.4146e-010
695	1.4498e-010
696	1.4837e-010
697	1.5103e-010
698	1.5435e-010
699	1.5811e-010
700	1.6053e-010
701	1.6552e-010
702	1.6912e-010
703	1.729e-010
704	1.7694e-010
705	1.8098e-010
706	1.8618e-010
707	1.8716e-010
708	1.9367e-010
709	1.9767e-010
710	2.0265e-010
711	2.0996e-010
712	2.1547e-010
713	2.1454e-010
714	2.1548e-010
715	2.3511e-010
716	2.3651e-010
717	2.1608e-010
718	2.148e-010
719	2.1874e-010
720	2.1466e-010
721	2.0679e-010
722	2.0179e-010
723	1.9878e-010
724	1.8797e-010
725	1.9206e-010
726	1.8578e-010
727	1.8202e-010
728	1.7854e-010
729	1.7563e-010
730	1.7264e-010
731	1.6333e-010
732	1.6617e-010
733	1.6249e-010
734	1.6068e-010
735	1.6253e-010
736	1.6142e-010
737	1.6478e-010
738	1.3747e-010
739	1.6255e-010
740	1.5737e-010
741	1.6603e-010
742	1.2938e-010
743	1.5776e-010
744	1.6069e-010
745	1.2165e-010
746	1.2768e-010
747	1.6187e-010
748	1.14e-010
749	1.4002e-010
750	1.6914e-010
751	1.138e-010
752	1.7171e-010
753	1.0645e-010
754	1.4841e-010
755	1.2718e-010
756	1.0663e-010
757	1.2974e-010
758	9.4339e-011
759	1.2957e-010
760	8.9523e-011
761	1.1974e-010
762	9.1041e-011
763	1.0434e-010
764	9.7042e-011
765	8.654e-011
766	1.1966e-010
767	8.0963e-011
768	1.2412e-010
769	7.2579e-011
770	8.8314e-011
771	8.5343e-011
772	7.1993e-011
773	1.0045e-010
774	1.6448e-010
775	2.1548e-010
776	3.0971e-010
777	9.4612e-010
778	1.2835e-009
779	1.7276e-009
780	1.4724e-009
781	3.6003e-010
782	3.4432e-010
783	1.2627e-010
784	6.7365e-011
785	6.9397e-011
786	5.9387e-011
787	6.171e-011
788	6.7911e-011
789	6.1498e-011
790	6.8476e-011
791	6.8792e-011
792	6.6464e-011
793	7.4924e-011
794	6.8241e-011
795	7.7012e-011
796	7.4107e-011
797	7.7536e-011
798	7.9576e-011
799	7.9343e-011
800	8.4392e-011
801	8.2197e-011
802	8.8595e-011
803	8.6195e-011
804	9.1943e-011
805	9.1218e-011
806	9.4455e-011
807	9.7815e-011
808	9.6193e-011
809	1.0446e-010
810	9.9492e-011
811	1.0804e-010
812	1.0848e-010
813	1.0793e-010
814	1.1531e-010
815	1.1484e-010
816	1.1618e-010
817	1.2253e-010
818	1.25e-010
819	1.2261e-010
820	1.3085e-010
821	1.3306e-010
822	1.3571e-010
823	1.3566e-010
824	1.4146e-010
825	1.4502e-010
826	1.4845e-010
827	1.5113e-010
828	1.544e-010
829	1.5814e-010
830	1.6053e-010
831	1.655e-010
832	1.6912e-010
833	1.7288e-010
834	1.7689e-010
835	1.8101e-010
836	1.8617e-010
837	1.8714e-010
838	1.9368e-010
839	1.9758e-010
840	2.0247e-010
841	2.098e-010
842	2.1542e-010
843	2.1458e-010
844	2.1547e-010
845	2.3501e-010
846	2.3644e-010
847	2.1591e-010
848	2.1483e-010
849	2.1865e-010
850	2.1455e-010
851	2.0668e-010
852	2.0172e-010
853	1.9873e-010
854	1.8785e-010
855	1.9205e-010
856	1.8577e-010
857	1.8187e-010
858	1.7843e-010
859	1.7553e-010
860	1.7241e-010
861	1.6338e-010
862	1.6599e-010
863	1.6245e-010
864	1.606e-010
865	1.6241e-010
866	1.6124e-010
867	1.6464e-010
868	1.3737e-010
869	1.625e-010
870	1.5726e-010
871	1.6588e-010
872	1.2929e-010
873	1.5773e-010
874	1.6066e-010
875	1.2162e-010
876	1.2763e-010
877	1.6186e-010
878	1.1394e-010
879	1.3999e-010
880	1.691e-010
881	1.1377e-010
882	1.717e-010
883	1.064e-010
884	1.4839e-010
885	1.2716e-010
886	1.0664e-010
887	1.2976e-010
888	9.4337e-011
889	1.2957e-010
890	8.9523e-011
891	1.1974e-010
892	9.1057e-011
893	1.0435e-010
894	9.7025e-011
895	8.6528e-011
896	1.196e-010
897	8.0963e-011
898	1.2408e-010
899	7.2556e-011
900	8.8298e-011
901	8.5322e-011
902	7.1972e-011
903	1.0043e-010
904	1.6445e-010
905	2.1545e-010
906	3.0971e-010
907	9.4611e-010
908	1.2835e-009
909	1.7276e-009
910	1.4723e-009
911	2.701e-010
912	3.113e-010
913	1.1176e-010
914	7.6202e-011
915	8.614e-011
916	8.1292e-011
917	8.3564e-011
918	8.6693e-011
919	8.6589e-011
920	8.4863e-011
921	8.5403e-011
922	8.6284e-011
923	8.6265e-011
924	8.914e-011
925	8.8287e-011
926	9.0561e-011
927	9.2063e-011
928	9.4038e-011
929	9.6755e-011
930	9.788e-011
931	1.0168e-010
932	1.0216e-010
933	1.0647e-010
934	1.071e-010
935	1.1088e-010
936	1.1287e-010
937	1.1476e-010
938	1.1962e-010
939	1.1889e-010
940	1.2612e-010
941	1.2496e-010
942	1.2876e-010
943	1.3389e-010
944	1.3364e-010
945	1.3848e-010
946	1.4262e-010
947	1.4342e-010
948	1.4707e-010
949	1.54e-010
950	1.5348e-010
951	1.5715e-010
952	1.6126e-010
953	1.6714e-010
954	1.6904e-010
955	1.7252e-010
956	1.7632e-010
957	1.8086e-010
958	1.852e-010
959	1.8923e-010
960	1.9435e-010
961	1.9784e-010
962	2.0203e-010
963	2.0687e-010
964	2.1146e-010
965	2.1637e-010
966	2.2061e-010
967	2.2843e-010
968	2.3167e-010
969	2.3735e-010
970	2.426e-010
971	2.4644e-010
972	2.5181e-010
973	2.6201e-010
974	2.7245e-010
975	2.6805e-010
976	2.6771e-010
977	2.745e-010
978	2.6538e-010
979	2.5377e-010
980	2.4841e-010
981	2.4629e-010
982	2.4189e-010
983	2.3589e-010
984	2.3665e-010
985	2.2419e-010
986	2.2134e-010
987	2.1671e-010
988	2.123e-010
989	2.0789e-010
990	2.0389e-010
991	2.0514e-010
992	1.9783e-010
993	1.9579e-010
994	1.9102e-010
995	1.836e-010
996	1.8298e-010
997	1.836e-010
998	2.0706e-010
999	1.779e-010
1000	1.6827e-010
1001	1.7036e-010
1002	2.0648e-010
1003	1.6637e-010
1004	1.5447e-010
1005	1.7529e-010
1006	1.5977e-010
1007	1.4342e-010
1008	1.798e-010
1009	1.5201e-010
1010	1.505e-010
1011	2.011e-010
1012	1.3533e-010
1013	1.7032e-010
1014	1.441e-010
1015	1.4282e-010
1016	1.4263e-010
1017	1.2416e-010
1018	1.4165e-010
1019	1.1761e-010
1020	1.3475e-010
1021	1.1426e-010
1022	1.2288e-010
1023	1.1254e-010
1024	1.113e-010
1025	1.0658e-010
1026	1.0815e-010
1027	1.3515e-010
1028	1.0652e-010
1029	1.0703e-010
1030	9.75e-011
1031	9.9633e-011
1032	1.0964e-010
1033	1.2122e-010
1034	2.1682e-010
1035	2.592e-010
1036	3.738e-010
1037	9.868e-010
1038	1.3446e-009
1039	1.6009e-009
1040	1.2243e-009
1041	3.6002e-010
1042	3.4432e-010
1043	1.2632e-010
1044	6.7418e-011
1045	6.9432e-011
1046	5.9397e-011
1047	6.1704e-011
1048	6.7897e-011
1049	6.1477e-011
1050	6.846e-011
1051	6.8783e-011
1052	6.6464e-011
1053	7.4927e-011
1054	6.8249e-011
1055	7.7011e-011
1056	7.4095e-011
1057	7.7527e-011
1058	7.9586e-011
1059	7.9353e-011
1060	8.4392e-011
1061	8.2183e-011
1062	8.8539e-011
1063	8.6132e-011
1064	9.191e-011
1065	9.1226e-011
1066	9.451e-011
1067	9.7869e-011
1068	9.6192e-011
1069	1.0444e-010
1070	9.9472e-011
1071	1.0803e-010
1072	1.0845e-010
1073	1.0791e-010
1074	1.1532e-010
1075	1.149e-010
1076	1.1626e-010
1077	1.2256e-010
1078	1.2503e-010
1079	1.2263e-010
1080	1.308e-010
1081	1.3297e-010
1082	1.3567e-010
1083	1.3568e-010
1084	1.4144e-010
1085	1.4502e-010
1086	1.4844e-010
1087	1.5113e-010
1088	1.5442e-010
1089	1.5819e-010
1090	1.6058e-010
1091	1.6542e-010
1092	1.6911e-010
1093	1.7285e-010
1094	1.769e-010
1095	1.8089e-010
1096	1.8609e-010
1097	1.8707e-010
1098	1.9372e-010
1099	1.9763e-010
1100	2.024e-010
1101	2.0963e-010
1102	2.1523e-010
1103	2.1458e-010
1104	2.1524e-010
1105	2.3485e-010
1106	2.3638e-010
1107	2.1584e-010
1108	2.148e-010
1109	2.1857e-010
1110	2.1437e-010
1111	2.0653e-010
1112	2.0166e-010
1113	1.9865e-010
1114	1.8777e-010
1115	1.9202e-010
1116	1.8562e-010
1117	1.8198e-010
1118	1.7835e-010
1119	1.7537e-010
1120	1.7233e-010
1121	1.6328e-010
1122	1.6598e-010
1123	1.624e-010
1124	1.605e-010
1125	1.6224e-010
1126	1.6119e-010
1127	1.6466e-010
1128	1.3723e-010
1129	1.6244e-010
1130	1.5716e-010
1131	1.6571e-010
1132	1.2918e-010
1133	1.5765e-010
1134	1.6058e-010
1135	1.2156e-010
1136	1.2763e-010
1137	1.6185e-010
1138	1.1394e-010
1139	1.3996e-010
1140	1.6908e-010
1141	1.1375e-010
1142	1.7169e-010
1143	1.0641e-010
1144	1.4836e-010
1145	1.2714e-010
1146	1.0662e-010
1147	1.2975e-010
1148	9.4338e-011
1149	1.2958e-010
1150	8.9537e-011
1151	1.1975e-010
1152	9.1063e-011
1153	1.0435e-010
1154	9.7014e-011
1155	8.6504e-011
1156	1.1956e-010
1157	8.0923e-011
1158	1.2402e-010
1159	7.2512e-011
1160	8.8261e-011
1161	8.5319e-011
1162	7.1985e-011
1163	1.0044e-010
1164	1.6445e-010
1165	2.1544e-010
1166	3.097e-010
1167	9.4612e-010
1168	1.2835e-009
1169	1.7276e-009
1170	1.4723e-009
1171	3.6002e-010
1172	3.4432e-010
1173	1.2632e-010
1174	6.7418e-011
1175	6.9432e-011
1176	5.9396e-011
1177	6.1704e-011
1178	6.7897e-011
1179	6.1477e-011
1180	6.846e-011
1181	6.8783e-011
1182	6.6464e-011
1183	7.4927e-011
1184	6.8249e-011
1185	7.7011e-011
1186	7.4095e-011
1187	7.7527e-011
1188	7.9586e-011
1189	7.9353e-011
1190	8.4392e-011
1191	8.2183e-011
1192	8.8539e-011
1193	8.6132e-011
1194	9.191e-011
1195	9.1226e-011
1196	9.451e-011
1197	9.7869e-011
1198	9.6192e-011
1199	1.0444e-010
1200	9.9472e-011
1201	1.0803e-010
1202	1.0845e-010
1203	1.0791e-010
1204	1.1532e-010
1205	1.149e-010
1206	1.1626e-010
1207	1.2256e-010
1208	1.2503e-010
1209	1.2263e-010
1210	1.308e-010
1211	1.3297e-010
1212	1.3567e-010
1213	1.3568e-010
1214	1.4144e-010
1215	1.4502e-010
1216	1.4844e-010
1217	1.5113e-010
1218	1.5442e-010
1219	1.5819e-010
1220	1.6058e-010
1221	1.6542e-010
1222	1.6911e-010
1223	1.7285e-010
1224	1.769e-010
1225	1.8089e-010
1226	1.8609e-010
1227	1.8707e-010
1228	1.9372e-010
1229	1.9763e-010
1230	2.024e-010
1231	2.0963e-010
1232	2.1523e-010
1233	2.1458e-010
1234	2.1524e-010
1235	2.3485e-010
1236	2.3638e-010
1237	2.1584e-010
1238	2.148e-010
1239	2.1857e-010
1240	2.1437e-010
1241	2.0653e-010
1242	2.0165e-010
1243	1.9865e-010
1244	1.8777e-010
1245	1.9202e-010
1246	1.8562e-010
1247	1.8198e-010
1248	1.7835e-010
1249	1.7537e-010
1250	1.7235e-010
1251	1.6325e-010
1252	1.6599e-010
1253	1.624e-010
1254	1.605e-010
1255	1.6223e-010
1256	1.6121e-010
1257	1.6468e-010
1258	1.3708e-010
1259	1.6246e-010
1260	1.5718e-010
1261	1.657e-010
1262	1.2918e-010
1263	1.5765e-010
1264	1.6058e-010
1265	1.2156e-010
1266	1.2763e-010
1267	1.6185e-010
1268	1.1394e-010
1269	1.3996e-010
1270	1.6908e-010
1271	1.1375e-010
1272	1.7169e-010
1273	1.0641e-010
1274	1.4836e-010
1275	1.2714e-010
1276	1.0662e-010
1277	1.2975e-010
1278	9.4338e-011
1279	1.2958e-010
1280	8.9537e-011
1281	1.1975e-010
1282	9.1063e-011
1283	1.0435e-010
1284	9.7014e-011
1285	8.6504e-011
1286	1.1956e-010
1287	8.0923e-011
1288	1.2402e-010
1289	7.2512e-011
1290	8.8261e-011
1291	8.5319e-011
1292	7.1985e-011
1293	1.0044e-010
1294	1.6445e-010
1295	2.1545e-010
1296	3.097e-010
1297	9.4612e-010
1298	1.2835e-009
1299	1.7276e-009
1300	1.4723e-009
1301	2.701e-010
1302	3.113e-010
1303	1.1176e-010
1304	7.6202e-011
1305	8.614e-011
1306	8.1292e-011
1307	8.3563e-011
1308	8.6693e-011
1309	8.6589e-011
1310	8.4863e-011
1311	8.5403e-011
1312	8.6284e-011
1313	8.6265e-011
1314	8.914e-011
1315	8.8287e-011
1316	9.0561e-011
1317	9.2063e-011
1318	9.4038e-011
1319	9.6755e-011
1320	9.788e-011
1321	1.0168e-010
1322	1.0216e-010
1323	1.0647e-010
1324	1.071e-010
1325	1.1088e-010
1326	1.1287e-010
1327	1.1476e-010
1328	1.1962e-010
1329	1.1889e-010
1330	1.2612e-010
1331	1.2496e-010
1332	1.2876e-010
1333	1.3389e-010
1334	1.3364e-010
1335	1.3848e-010
1336	1.4262e-010
1337	1.4342e-010
1338	1.4707e-010
1339	1.54e-010
1340	1.5348e-010
1341	1.5715e-010
1342	1.6126e-010
1343	1.6714e-010
1344	1.6904e-010
1345	1.7252e-010
1346	1.7632e-010
1347	1.8086e-010
1348	1.852e-010
1349	1.8923e-010
1350	1.9435e-010
1351	1.9784e-010
1352	2.0203e-010
1353	2.0687e-010
1354	2.1146e-010
1355	2.1637e-010
1356	2.2061e-010
1357	2.2843e-010
1358	2.3167e-010
1359	2.3735e-010
1360	2.426e-010
1361	2.4644e-010
1362	2.5181e-010
1363	2.6201e-010
1364	2.7245e-010
1365	2.6805e-010
1366	2.6771e-010
1367	2.745e-010
1368	2.6538e-010
1369	2.5377e-010
1370	2.4841e-010
1371	2.4629e-010
1372	2.4189e-010
1373	2.3588e-010
1374	2.3665e-010
1375	2.2419e-010
1376	2.2135e-010
1377	2.1671e-010
1378	2.123e-010
1379	2.079e-010
1380	2.038e-010
1381	2.0526e-010
1382	1.9774e-010
1383	1.958e-010
1384	1.9102e-010
1385	1.836e-010
1386	1.8292e-010
1387	1.8385e-010
1388	2.0666e-010
1389	1.7814e-010
1390	1.6822e-010
1391	1.7035e-010
1392	2.0649e-010
1393	1.6637e-010
1394	1.5447e-010
1395	1.7529e-010
1396	1.5977e-010
1397	1.4342e-010
1398	1.798e-010
1399	1.5201e-010
1400	1.505e-010
1401	2.011e-010
1402	1.3533e-010
1403	1.7032e-010
1404	1.441e-010
1405	1.4282e-010
1406	1.4263e-010
1407	1.2416e-010
1408	1.4165e-010
1409	1.1761e-010
1410	1.3475e-010
1411	1.1426e-010
1412	1.2288e-010
1413	1.1254e-010
1414	1.113e-010
1415	1.0658e-010
1416	1.0815e-010
1417	1.3515e-010
1418	1.0652e-010
1419	1.0703e-010
1420	9.75e-011
1421	9.9633e-011
1422	1.0965e-010
1423	1.2122e-010
1424	2.1682e-010
1425	2.592e-010
1426	3.738e-010
1427	9.868e-010
1428	1.3446e-009
1429	1.6009e-009
1430	1.2243e-009
1431	3.6003e-010
1432	3.4432e-010
1433	1.2627e-010
1434	6.7365e-011
1435	6.9397e-011
1436	5.9387e-011
1437	6.171e-011
1438	6.7911e-011
1439	6.1498e-011
1440	6.8476e-011
1441	6.8792e-011
1442	6.6464e-011
1443	7.4924e-011
1444	6.8241e-011
1445	7.7012e-011
1446	7.4107e-011
1447	7.7536e-011
1448	7.9576e-011
1449	7.9343e-011
1450	8.4392e-011
1451	8.2197e-011
1452	8.8595e-011
1453	8.6195e-011
1454	9.1943e-011
1455	9.1218e-011
1456	9.4455e-011
1457	9.7815e-011
1458	9.6193e-011
1459	1.0447e-010
1460	9.9492e-011
1461	1.0804e-010
1462	1.0848e-010
1463	1.0793e-010
1464	1.1531e-010
1465	1.1484e-010
1466	1.1618e-010
1467	1.2253e-010
1468	1.25e-010
1469	1.2261e-010
1470	1.3085e-010
1471	1.3306e-010
1472	1.357e-010
1473	1.3566e-010
1474	1.4147e-010
1475	1.4502e-010
1476	1.4845e-010
1477	1.5113e-010
1478	1.544e-010
1479	1.5814e-010
1480	1.6053e-010
1481	1.655e-010
1482	1.6912e-010
1483	1.7288e-010
1484	1.7689e-010
1485	1.8101e-010
1486	1.8617e-010
1487	1.8714e-010
1488	1.9368e-010
1489	1.9758e-010
1490	2.0247e-010
1491	2.098e-010
1492	2.1542e-010
1493	2.1458e-010
1494	2.1547e-010
1495	2.3501e-010
1496	2.3644e-010
1497	2.1591e-010
1498	2.1483e-010
1499	2.1864e-010
1500	2.1455e-010
1501	2.0668e-010
1502	2.0172e-010
1503	1.9873e-010
1504	1.8785e-010
1505	1.9205e-010
1506	1.8577e-010
1507	1.8187e-010
1508	1.7843e-010
1509	1.7546e-010
1510	1.7277e-010
1511	1.634e-010
1512	1.6633e-010
1513	1.6237e-010
1514	1.606e-010
1515	1.6239e-010
1516	1.6127e-010
1517	1.6471e-010
1518	1.3726e-010
1519	1.6256e-010
1520	1.5728e-010
1521	1.6586e-010
1522	1.2929e-010
1523	1.5772e-010
1524	1.6066e-010
1525	1.2162e-010
1526	1.2763e-010
1527	1.6186e-010
1528	1.1394e-010
1529	1.3999e-010
1530	1.691e-010
1531	1.1377e-010
1532	1.717e-010
1533	1.064e-010
1534	1.4839e-010
1535	1.2716e-010
1536	1.0664e-010
1537	1.2976e-010
1538	9.4337e-011
1539	1.2957e-010
1540	8.9523e-011
1541	1.1974e-010
1542	9.1057e-011
1543	1.0435e-010
1544	9.7024e-011
1545	8.6528e-011
1546	1.196e-010
1547	8.0963e-011
1548	1.2408e-010
1549	7.2556e-011
1550	8.8298e-011
1551	8.5322e-011
1552	7.1972e-011
1553	1.0043e-010
1554	1.6445e-010
1555	2.1545e-010
1556	3.0971e-010
1557	9.4611e-010
1558	1.2835e-009
1559	1.7276e-009
1560	1.4723e-009
1561	3.5993e-010
1562	3.4419e-010
1563	1.2626e-010
1564	6.7363e-011
1565	6.9395e-011
1566	5.9375e-011
1567	6.1695e-011
1568	6.7904e-011
1569	6.1473e-011
1570	6.8457e-011
1571	6.8758e-011
1572	6.6445e-011
1573	7.493e-011
1574	6.8275e-011
1575	7.7057e-011
1576	7.4142e-011
1577	7.7555e-011
1578	7.957e-011
1579	7.9328e-011
1580	8.4387e-011
1581	8.2199e-011
1582	8.8602e-011
1583	8.62e-011
1584	9.1942e-011
1585	9.1209e-011
1586	9.445e-011
1587	9.7815e-011
1588	9.6181e-011
1589	1.0447e-010
1590	9.9505e-011
1591	1.0805e-010
1592	1.0849e-010
1593	1.0794e-010
1594	1.1532e-010
1595	1.1485e-010
1596	1.1618e-010
1597	1.2248e-010
1598	1.2495e-010
1599	1.2262e-010
1600	1.3089e-010
1601	1.331e-010
1602	1.3574e-010
1603	1.3566e-010
1604	1.4146e-010
1605	1.4498e-010
1606	1.4837e-010
1607	1.5103e-010
1608	1.5435e-010
1609	1.5811e-010
1610	1.6053e-010
1611	1.6552e-010
1612	1.6912e-010
1613	1.729e-010
1614	1.7694e-010
1615	1.8098e-010
1616	1.8618e-010
1617	1.8716e-010
1618	1.9367e-010
1619	1.9767e-010
1620	2.0265e-010
1621	2.0996e-010
1622	2.1547e-010
1623	2.1454e-010
1624	2.1548e-010
1625	2.3511e-010
1626	2.3651e-010
1627	2.1608e-010
1628	2.148e-010
1629	2.1874e-010
1630	2.1466e-010
1631	2.0679e-010
1632	2.0179e-010
1633	1.9878e-010
1634	1.8797e-010
1635	1.9206e-010
1636	1.8578e-010
1637	1.8202e-010
1638	1.7854e-010
1639	1.7565e-010
1640	1.7279e-010
1641	1.6384e-010
1642	1.6635e-010
1643	1.625e-010
1644	1.6068e-010
1645	1.6252e-010
1646	1.6145e-010
1647	1.648e-010
1648	1.373e-010
1649	1.6257e-010
1650	1.574e-010
1651	1.6602e-010
1652	1.2937e-010
1653	1.5776e-010
1654	1.6069e-010
1655	1.2165e-010
1656	1.2768e-010
1657	1.6187e-010
1658	1.14e-010
1659	1.4002e-010
1660	1.6914e-010
1661	1.138e-010
1662	1.7171e-010
1663	1.0645e-010
1664	1.4841e-010
1665	1.2718e-010
1666	1.0663e-010
1667	1.2974e-010
1668	9.4339e-011
1669	1.2957e-010
1670	8.9523e-011
1671	1.1974e-010
1672	9.1041e-011
1673	1.0434e-010
1674	9.7042e-011
1675	8.654e-011
1676	1.1966e-010
1677	8.0963e-011
1678	1.2412e-010
1679	7.2579e-011
1680	8.8314e-011
1681	8.5343e-011
1682	7.1993e-011
1683	1.0045e-010
1684	1.6448e-010
1685	2.1548e-010
1686	3.0971e-010
1687	9.4612e-010
1688	1.2835e-009
1689	1.7277e-009
1690	1.4724e-009
1691	2.701e-010
1692	3.1122e-010
1693	1.1173e-010
1694	7.6195e-011
1695	8.6119e-011
1696	8.1263e-011
1697	8.3533e-011
1698	8.6667e-011
1699	8.658e-011
1700	8.4808e-011
1701	8.5306e-011
1702	8.619e-011
1703	8.6255e-011
1704	8.9213e-011
1705	8.84e-011
1706	9.0676e-011
1707	9.2141e-011
1708	9.4053e-011
1709	9.6741e-011
1710	9.7882e-011
1711	1.017e-010
1712	1.0218e-010
1713	1.0648e-010
1714	1.0708e-010
1715	1.1085e-010
1716	1.1282e-010
1717	1.1473e-010
1718	1.1965e-010
1719	1.1894e-010
1720	1.2618e-010
1721	1.2506e-010
1722	1.2881e-010
1723	1.3387e-010
1724	1.3361e-010
1725	1.3845e-010
1726	1.4252e-010
1727	1.4326e-010
1728	1.4696e-010
1729	1.5403e-010
1730	1.5366e-010
1731	1.5725e-010
1732	1.612e-010
1733	1.6715e-010
1734	1.6891e-010
1735	1.7236e-010
1736	1.761e-010
1737	1.8057e-010
1738	1.849e-010
1739	1.8914e-010
1740	1.943e-010
1741	1.9784e-010
1742	2.0208e-010
1743	2.0676e-010
1744	2.1149e-010
1745	2.1642e-010
1746	2.2071e-010
1747	2.2835e-010
1748	2.3167e-010
1749	2.3755e-010
1750	2.4303e-010
1751	2.469e-010
1752	2.5188e-010
1753	2.6205e-010
1754	2.7273e-010
1755	2.6828e-010
1756	2.6796e-010
1757	2.7461e-010
1758	2.6551e-010
1759	2.5393e-010
1760	2.4883e-010
1761	2.4677e-010
1762	2.4193e-010
1763	2.3608e-010
1764	2.3683e-010
1765	2.2432e-010
1766	2.2146e-010
1767	2.1689e-010
1768	2.1251e-010
1769	2.0816e-010
1770	2.0471e-010
1771	2.0525e-010
1772	1.9863e-010
1773	1.9598e-010
1774	1.9128e-010
1775	1.8394e-010
1776	1.834e-010
1777	1.841e-010
1778	2.0698e-010
1779	1.7817e-010
1780	1.6856e-010
1781	1.7076e-010
1782	2.0683e-010
1783	1.6652e-010
1784	1.5459e-010
1785	1.7544e-010
1786	1.5982e-010
1787	1.4345e-010
1788	1.7983e-010
1789	1.521e-010
1790	1.5058e-010
1791	2.0116e-010
1792	1.3537e-010
1793	1.7033e-010
1794	1.4415e-010
1795	1.4285e-010
1796	1.426e-010
1797	1.2411e-010
1798	1.4162e-010
1799	1.1761e-010
1800	1.3477e-010
1801	1.1425e-010
1802	1.2283e-010
1803	1.1253e-010
1804	1.1137e-010
1805	1.0672e-010
1806	1.0829e-010
1807	1.353e-010
1808	1.0663e-010
1809	1.071e-010
1810	9.7556e-011
1811	9.9677e-011
1812	1.097e-010
1813	1.2126e-010
1814	2.1688e-010
1815	2.5926e-010
1816	3.7381e-010
1817	9.8679e-010
1818	1.3445e-009
1819	1.6008e-009
1820	1.2243e-009
1821	3.5993e-010
1822	3.4419e-010
1823	1.2626e-010
1824	6.7363e-011
1825	6.9395e-011
1826	5.9375e-011
1827	6.1695e-011
1828	6.7904e-011
1829	6.1473e-011
1830	6.8457e-011
1831	6.8758e-011
1832	6.6445e-011
1833	7.493e-011
1834	6.8275e-011
1835	7.7057e-011
1836	7.4142e-011
1837	7.7555e-011
1838	7.957e-011
1839	7.9328e-011
1840	8.4387e-011
1841	8.2199e-011
1842	8.8602e-011
1843	8.62e-011
1844	9.1942e-011
1845	9.1209e-011
1846	9.445e-011
1847	9.7814e-011
1848	9.6181e-011
1849	1.0447e-010
1850	9.9505e-011
1851	1.0805e-010
1852	1.0849e-010
1853	1.0794e-010
1854	1.1532e-010
1855	1.1485e-010
1856	1.1618e-010
1857	1.2248e-010
1858	1.2495e-010
1859	1.2262e-010
1860	1.3089e-010
1861	1.331e-010
1862	1.3574e-010
1863	1.3566e-010
1864	1.4145e-010
1865	1.4498e-010
1866	1.4837e-010
1867	1.5103e-010
1868	1.5434e-010
1869	1.5811e-010
1870	1.6053e-010
1871	1.6552e-010
1872	1.6912e-010
1873	1.729e-010
1874	1.7694e-010
1875	1.8098e-010
1876	1.8618e-010
1877	1.8716e-010
1878	1.9367e-010
1879	1.9767e-010
1880	2.0265e-010
1881	2.0996e-010
1882	2.1547e-010
1883	2.1454e-010
1884	2.1548e-010
1885	2.3511e-010
1886	2.3651e-010
1887	2.1608e-010
1888	2.148e-010
1889	2.1874e-010
1890	2.1466e-010
1891	2.0679e-010
1892	2.0179e-010
1893	1.9878e-010
1894	1.8797e-010
1895	1.9206e-010
1896	1.8578e-010
1897	1.8202e-010
1898	1.7854e-010
1899	1.7556e-010
1900	1.7313e-010
1901	1.6302e-010
1902	1.667e-010
1903	1.6242e-010
1904	1.6069e-010
1905	1.6254e-010
1906	1.6142e-010
1907	1.6479e-010
1908	1.3749e-010
1909	1.6256e-010
1910	1.5737e-010
1911	1.6603e-010
1912	1.2938e-010
1913	1.5776e-010
1914	1.6069e-010
1915	1.2165e-010
1916	1.2768e-010
1917	1.6187e-010
1918	1.14e-010
1919	1.4002e-010
1920	1.6914e-010
1921	1.138e-010
1922	1.7171e-010
1923	1.0645e-010
1924	1.4841e-010
1925	1.2718e-010
1926	1.0663e-010
1927	1.2974e-010
1928	9.4339e-011
1929	1.2958e-010
1930	8.9523e-011
1931	1.1974e-010
1932	9.1041e-011
1933	1.0434e-010
1934	9.7042e-011
1935	8.654e-011
1936	1.1966e-010
1937	8.0963e-011
1938	1.2412e-010
1939	7.2579e-011
1940	8.8314e-011
1941	8.5343e-011
1942	7.1993e-011
1943	1.0045e-010
1944	1.6448e-010
1945	2.1548e-010
1946	3.0971e-010
1947	9.4612e-010
1948	1.2835e-009
1949	1.7277e-009
1950	1.4724e-009
1951	3.6003e-010
1952	3.4432e-010
1953	1.2627e-010
1954	6.7365e-011
1955	6.9397e-011
1956	5.9387e-011
1957	6.171e-011
1958	6.7911e-011
1959	6.1498e-011
1960	6.8476e-011
1961	6.8792e-011
1962	6.6464e-011
1963	7.4923e-011
1964	6.8241e-011
1965	7.7012e-011
1966	7.4107e-011
1967	7.7536e-011
1968	7.9576e-011
1969	7.9342e-011
1970	8.4392e-011
1971	8.2197e-011
1972	8.8595e-011
1973	8.6195e-011
1974	9.1943e-011
1975	9.1218e-011
1976	9.4455e-011
1977	9.7814e-011
1978	9.6193e-011
1979	1.0446e-010
1980	9.9492e-011
1981	1.0804e-010
1982	1.0848e-010
1983	1.0793e-010
1984	1.1531e-010
1985	1.1484e-010
1986	1.1618e-010
1987	1.2253e-010
1988	1.25e-010
1989	1.2261e-010
1990	1.3085e-010
1991	1.3306e-010
1992	1.3571e-010
1993	1.3566e-010
1994	1.4146e-010
1995	1.4502e-010
1996	1.4845e-010
1997	1.5113e-010
1998	1.544e-010
1999	1.5814e-010
2000	1.6053e-010
2001	1.655e-010
2002	1.6912e-010
2003	1.7288e-010
2004	1.7689e-010
2005	1.8101e-010
2006	1.8617e-010
2007	1.8714e-010
2008	1.9368e-010
2009	1.9758e-010
2010	2.0247e-010
2011	2.098e-010
2012	2.1542e-010
2013	2.1458e-010
2014	2.1547e-010
2015	2.3501e-010
2016	2.3644e-010
2017	2.1591e-010
2018	2.1483e-010
2019	2.1864e-010
2020	2.1455e-010
2021	2.0669e-010
2022	2.0172e-010
2023	1.9873e-010
2024	1.8785e-010
2025	1.9205e-010
2026	1.8577e-010
2027	1.8188e-010
2028	1.7842e-010
2029	1.754e-010
2030	1.7302e-010
2031	1.6246e-010
2032	1.6661e-010
2033	1.6232e-010
2034	1.6059e-010
2035	1.6241e-010
2036	1.6125e-010
2037	1.6463e-010
2038	1.3735e-010
2039	1.6249e-010
2040	1.5726e-010
2041	1.6587e-010
2042	1.293e-010
2043	1.5772e-010
2044	1.6065e-010
2045	1.2162e-010
2046	1.2763e-010
2047	1.6186e-010
2048	1.1394e-010
2049	1.3999e-010
2050	1.691e-010
2051	1.1377e-010
2052	1.717e-010
2053	1.064e-010
2054	1.4839e-010
2055	1.2716e-010
2056	1.0664e-010
2057	1.2976e-010
2058	9.4337e-011
2059	1.2957e-010
2060	8.9523e-011
2061	1.1974e-010
2062	9.1057e-011
2063	1.0435e-010
2064	9.7025e-011
2065	8.6528e-011
2066	1.196e-010
2067	8.0963e-011
2068	1.2408e-010
2069	7.2556e-011
2070	8.8298e-011
2071	8.5322e-011
2072	7.1972e-011
2073	1.0043e-010
2074	1.6445e-010
2075	2.1545e-010
2076	3.0971e-010
2077	9.4611e-010
2078	1.2835e-009
2079	1.7276e-009
2080	1.4723e-009
2081	2.701e-010
2082	3.113e-010
2083	1.1176e-010
2084	7.6202e-011
2085	8.614e-011
2086	8.1292e-011
2087	8.3563e-011
2088	8.6693e-011
2089	8.6589e-011
2090	8.4863e-011
2091	8.5402e-011
2092	8.6284e-011
2093	8.6265e-011
2094	8.914e-011
2095	8.8287e-011
2096	9.056e-011
2097	9.2063e-011
2098	9.4038e-011
2099	9.6755e-011
2100	9.788e-011
2101	1.0168e-010
2102	1.0216e-010
2103	1.0647e-010
2104	1.071e-010
2105	1.1088e-010
2106	1.1287e-010
2107	1.1476e-010
2108	1.1962e-010
2109	1.1889e-010
2110	1.2612e-010
2111	1.2496e-010
2112	1.2876e-010
2113	1.3389e-010
2114	1.3364e-010
2115	1.3848e-010
2116	1.4262e-010
2117	1.4342e-010
2118	1.4707e-010
2119	1.54e-010
2120	1.5348e-010
2121	1.5715e-010
2122	1.6126e-010
2123	1.6714e-010
2124	1.6904e-010
2125	1.7252e-010
2126	1.7632e-010
2127	1.8086e-010
2128	1.852e-010
2129	1.8923e-010
2130	1.9435e-010
2131	1.9784e-010
2132	2.0203e-010
2133	2.0687e-010
2134	2.1146e-010
2135	2.1637e-010
2136	2.2061e-010
2137	2.2843e-010
2138	2.3167e-010
2139	2.3735e-010
2140	2.426e-010
2141	2.4644e-010
2142	2.518e-010
2143	2.6201e-010
2144	2.7245e-010
2145	2.6805e-010
2146	2.6771e-010
2147	2.745e-010
2148	2.6538e-010
2149	2.5377e-010
2150	2.4841e-010
2151	2.4629e-010
2152	2.4189e-010
2153	2.3589e-010
2154	2.3665e-010
2155	2.2419e-010
2156	2.2135e-010
2157	2.1671e-010
2158	2.1233e-010
2159	2.0804e-010
2160	2.0306e-010
2161	2.0637e-010
2162	1.9707e-010
2163	1.959e-010
2164	1.9105e-010
2165	1.8359e-010
2166	1.8298e-010
2167	1.8355e-010
2168	2.0712e-010
2169	1.7785e-010
2170	1.6829e-010
2171	1.7033e-010
2172	2.0651e-010
2173	1.6635e-010
2174	1.5448e-010
2175	1.7528e-010
2176	1.5977e-010
2177	1.4342e-010
2178	1.798e-010
2179	1.5201e-010
2180	1.505e-010
2181	2.011e-010
2182	1.3533e-010
2183	1.7032e-010
2184	1.441e-010
2185	1.4282e-010
2186	1.4263e-010
2187	1.2416e-010
2188	1.4165e-010
2189	1.1761e-010
2190	1.3475e-010
2191	1.1426e-010
2192	1.2288e-010
2193	1.1254e-010
2194	1.113e-010
2195	1.0658e-010
2196	1.0815e-010
2197	1.3515e-010
2198	1.0652e-010
2199	1.0703e-010
2200	9.75e-011
2201	9.9633e-011
2202	1.0965e-010
2203	1.2122e-010
2204	2.1682e-010
2205	2.592e-010
2206	3.738e-010
2207	9.868e-010
2208	1.3446e-009
2209	1.6009e-009
2210	1.2243e-009
2211	3.6002e-010
2212	3.4432e-010
2213	1.2632e-010
2214	6.7418e-011
2215	6.9432e-011
2216	5.9396e-011
2217	6.1704e-011
2218	6.7898e-011
2219	6.1477e-011
2220	6.846e-011
2221	6.8783e-011
2222	6.6464e-011
2223	7.4927e-011
2224	6.8249e-011
2225	7.7011e-011
2226	7.4094e-011
2227	7.7527e-011
2228	7.9586e-011
2229	7.9353e-011
2230	8.4392e-011
2231	8.2183e-011
2232	8.8539e-011
2233	8.6132e-011
2234	9.191e-011
2235	9.1226e-011
2236	9.451e-011
2237	9.7869e-011
2238	9.6192e-011
2239	1.0444e-010
2240	9.9473e-011
2241	1.0803e-010
2242	1.0845e-010
2243	1.0791e-010
2244	1.1532e-010
2245	1.149e-010
2246	1.1626e-010
2247	1.2256e-010
2248	1.2503e-010
2249	1.2263e-010
2250	1.308e-010
2251	1.3297e-010
2252	1.3567e-010
2253	1.3568e-010
2254	1.4144e-010
2255	1.4503e-010
2256	1.4844e-010
2257	1.5113e-010
2258	1.5442e-010
2259	1.5819e-010
2260	1.6058e-010
2261	1.6542e-010
2262	1.6911e-010
2263	1.7285e-010
2264	1.7689e-010
2265	1.8089e-010
2266	1.8609e-010
2267	1.8707e-010
2268	1.9372e-010
2269	1.9763e-010
2270	2.024e-010
2271	2.0963e-010
2272	2.1523e-010
2273	2.1458e-010
2274	2.1524e-010
2275	2.3485e-010
2276	2.3638e-010
2277	2.1584e-010
2278	2.148e-010
2279	2.1857e-010
2280	2.1437e-010
2281	2.0653e-010
2282	2.0166e-010
2283	1.9865e-010
2284	1.8777e-010
2285	1.9202e-010
2286	1.8562e-010
2287	1.8198e-010
2288	1.7833e-010
2289	1.7532e-010
2290	1.726e-010
2291	1.633e-010
2292	1.6624e-010
2293	1.6234e-010
2294	1.6049e-010
2295	1.6224e-010
2296	1.6118e-010
2297	1.6464e-010
2298	1.3728e-010
2299	1.6243e-010
2300	1.5715e-010
2301	1.6571e-010
2302	1.2918e-010
2303	1.5765e-010
2304	1.6058e-010
2305	1.2156e-010
2306	1.2763e-010
2307	1.6185e-010
2308	1.1394e-010
2309	1.3996e-010
2310	1.6908e-010
2311	1.1375e-010
2312	1.7169e-010
2313	1.0641e-010
2314	1.4836e-010
2315	1.2714e-010
2316	1.0662e-010
2317	1.2975e-010
2318	9.4338e-011
2319	1.2958e-010
2320	8.9537e-011
2321	1.1975e-010
2322	9.1063e-011
2323	1.0435e-010
2324	9.7013e-011
2325	8.6504e-011
2326	1.1956e-010
2327	8.0923e-011
2328	1.2402e-010
2329	7.2512e-011
2330	8.8261e-011
2331	8.5319e-011
2332	7.1985e-011
2333	1.0044e-010
2334	1.6445e-010
2335	2.1545e-010
2336	3.097e-010
2337	9.4612e-010
2338	1.2835e-009
2339	1.7276e-009
2340	1.4723e-009
2341	3.6002e-010
2342	3.4432e-010
2343	1.2632e-010
2344	6.7418e-011
2345	6.9432e-011
2346	5.9396e-011
2347	6.1704e-011
2348	6.7897e-011
2349	6.1477e-011
2350	6.846e-011
2351	6.8783e-011
2352	6.6464e-011
2353	7.4927e-011
2354	6.8249e-011
2355	7.7011e-011
2356	7.4095e-011
2357	7.7527e-011
2358	7.9586e-011
2359	7.9353e-011
2360	8.4392e-011
2361	8.2183e-011
2362	8.8539e-011
2363	8.6132e-011
2364	9.191e-011
2365	9.1226e-011
2366	9.4509e-011
2367	9.7869e-011
2368	9.6191e-011
2369	1.0444e-010
2370	9.9473e-011
2371	1.0803e-010
2372	1.0845e-010
2373	1.0791e-010
2374	1.1532e-010
2375	1.149e-010
2376	1.1626e-010
2377	1.2256e-010
2378	1.2503e-010
2379	1.2263e-010
2380	1.308e-010
2381	1.3297e-010
2382	1.3567e-010
2383	1.3568e-010
2384	1.4144e-010
2385	1.4502e-010
2386	1.4844e-010
2387	1.5113e-010
2388	1.5442e-010
2389	1.5819e-010
2390	1.6058e-010
2391	1.6542e-010
2392	1.6911e-010
2393	1.7285e-010
2394	1.7689e-010
2395	1.8089e-010
2396	1.8609e-010
2397	1.8707e-010
2398	1.9372e-010
2399	1.9763e-010
2400	2.024e-010
2401	2.0963e-010
2402	2.1523e-010
2403	2.1458e-010
2404	2.1524e-010
2405	2.3485e-010
2406	2.3638e-010
2407	2.1584e-010
2408	2.148e-010
2409	2.1857e-010
2410	2.1437e-010
2411	2.0653e-010
2412	2.0165e-010
2413	1.9865e-010
2414	1.8777e-010
2415	1.9202e-010
2416	1.8562e-010
2417	1.8198e-010
2418	1.7834e-010
2419	1.7536e-010
2420	1.7265e-010
2421	1.6365e-010
2422	1.6631e-010
2423	1.6239e-010
2424	1.6049e-010
2425	1.6224e-010
2426	1.6118e-010
2427	1.6464e-010
2428	1.3728e-010
2429	1.6243e-010
2430	1.5715e-010
2431	1.6571e-010
2432	1.2918e-010
2433	1.5764e-010
2434	1.6058e-010
2435	1.2156e-010
2436	1.2763e-010
2437	1.6185e-010
2438	1.1394e-010
2439	1.3996e-010
2440	1.6908e-010
2441	1.1375e-010
2442	1.7169e-010
2443	1.0641e-010
2444	1.4836e-010
2445	1.2714e-010
2446	1.0662e-010
2447	1.2975e-010
2448	9.4338e-011
2449	1.2958e-010
2450	8.9537e-011
2451	1.1975e-010
2452	9.1063e-011
2453	1.0435e-010
2454	9.7013e-011
2455	8.6504e-011
2456	1.1956e-010
2457	8.0923e-011
2458	1.2402e-010
2459	7.2512e-011
2460	8.8261e-011
2461	8.5319e-011
2462	7.1985e-011
2463	1.0044e-010
2464	1.6445e-010
2465	2.1545e-010
2466	3.097e-010
2467	9.4612e-010
2468	1.2835e-009
2469	1.7276e-009
2470	1.4723e-009
2471	2.701e-010
2472	3.113e-010
2473	1.1176e-010
2474	7.6202e-011
2475	8.614e-011
2476	8.1292e-011
2477	8.3563e-011
2478	8.6693e-011
2479	8.6589e-011
2480	8.4863e-011
2481	8.5402e-011
2482	8.6284e-011
2483	8.6265e-011
2484	8.914e-011
2485	8.8287e-011
2486	9.0561e-011
2487	9.2063e-011
2488	9.4038e-011
2489	9.6755e-011
2490	9.788e-011
2491	1.0168e-010
2492	1.0216e-010
2493	1.0647e-010
2494	1.071e-010
2495	1.1088e-010
2496	1.1287e-010
2497	1.1476e-010
2498	1.1962e-010
2499	1.1889e-010
2500	1.2612e-010
2501	1.2496e-010
2502	1.2876e-010
2503	1.3389e-010
2504	1.3364e-010
2505	1.3848e-010
2506	1.4262e-010
2507	1.4342e-010
2508	1.4707e-010
2509	1.54e-010
2510	1.5348e-010
2511	1.5715e-010
2512	1.6126e-010
2513	1.6714e-010
2514	1.6904e-010
2515	1.7252e-010
2516	1.7632e-010
2517	1.8086e-010
2518	1.852e-010
2519	1.8923e-010
2520	1.9435e-010
2521	1.9784e-010
2522	2.0203e-010
2523	2.0687e-010
2524	2.1146e-010
2525	2.1637e-010
2526	2.2061e-010
2527	2.2843e-010
2528	2.3167e-010
2529	2.3735e-010
2530	2.426e-010
2531	2.4644e-010
2532	2.5181e-010
2533	2.6201e-010
2534	2.7245e-010
2535	2.6805e-010
2536	2.6771e-010
2537	2.745e-010
2538	2.6538e-010
2539	2.5377e-010
2540	2.4841e-010
2541	2.4629e-010
2542	2.4189e-010
2543	2.3588e-010
2544	2.3665e-010
2545	2.2419e-010
2546	2.2135e-010
2547	2.167e-010
2548	2.123e-010
2549	2.0775e-010
2550	2.0497e-010
2551	2.0412e-010
2552	1.989e-010
2553	1.9568e-010
2554	1.9103e-010
2555	1.8359e-010
2556	1.8298e-010
2557	1.8355e-010
2558	2.0714e-010
2559	1.7785e-010
2560	1.6828e-010
2561	1.7033e-010
2562	2.0652e-010
2563	1.6635e-010
2564	1.5448e-010
2565	1.7528e-010
2566	1.5977e-010
2567	1.4342e-010
2568	1.798e-010
2569	1.5201e-010
2570	1.505e-010
2571	2.011e-010
2572	1.3533e-010
2573	1.7032e-010
2574	1.441e-010
2575	1.4282e-010
2576	1.4263e-010
2577	1.2416e-010
2578	1.4165e-010
2579	1.1761e-010
2580	1.3475e-010
2581	1.1426e-010
2582	1.2288e-010
2583	1.1254e-010
2584	1.113e-010
2585	1.0658e-010
2586	1.0815e-010
2587	1.3515e-010
2588	1.0652e-010
2589	1.0703e-010
2590	9.75e-011
2591	9.9633e-011
2592	1.0965e-010
2593	1.2122e-010
2594	2.1682e-010
2595	2.592e-010
2596	3.738e-010
2597	9.868e-010
2598	1.3446e-009
2599	1.6009e-009
2600	1.2243e-009
2601	3.6003e-010
2602	3.4432e-010
2603	1.2627e-010
2604	6.7365e-011
2605	6.9397e-011
2606	5.9387e-011
2607	6.171e-011
2608	6.7911e-011
2609	6.1498e-011
2610	6.8476e-011
2611	6.8792e-011
2612	6.6464e-011
2613	7.4923e-011
2614	6.8241e-011
2615	7.7012e-011
2616	7.4107e-011
2617	7.7536e-011
2618	7.9576e-011
2619	7.9342e-011
2620	8.4392e-011
2621	8.2197e-011
2622	8.8595e-011
2623	8.6195e-011
2624	9.1943e-011
2625	9.1217e-011
2626	9.4455e-011
2627	9.7814e-011
2628	9.6193e-011
2629	1.0446e-010
2630	9.9492e-011
2631	1.0804e-010
2632	1.0848e-010
2633	1.0793e-010
2634	1.1531e-010
2635	1.1484e-010
2636	1.1618e-010
2637	1.2253e-010
2638	1.25e-010
2639	1.2261e-010
2640	1.3085e-010
2641	1.3306e-010
2642	1.3571e-010
2643	1.3566e-010
2644	1.4147e-010
2645	1.4502e-010
2646	1.4845e-010
2647	1.5113e-010
2648	1.544e-010
2649	1.5814e-010
2650	1.6053e-010
2651	1.655e-010
2652	1.6912e-010
2653	1.7288e-010
2654	1.7689e-010
2655	1.8101e-010
2656	1.8617e-010
2657	1.8714e-010
2658	1.9368e-010
2659	1.9758e-010
2660	2.0246e-010
2661	2.098e-010
2662	2.1542e-010
2663	2.1458e-010
2664	2.1547e-010
2665	2.3501e-010
2666	2.3644e-010
2667	2.1591e-010
2668	2.1483e-010
2669	2.1864e-010
2670	2.1455e-010
2671	2.0668e-010
2672	2.0172e-010
2673	1.9873e-010
2674	1.8785e-010
2675	1.9205e-010
2676	1.8577e-010
2677	1.8187e-010
2678	1.7843e-010
2679	1.7546e-010
2680	1.7302e-010
2681	1.6288e-010
2682	1.6661e-010
2683	1.624e-010
2684	1.6061e-010
2685	1.624e-010
2686	1.6124e-010
2687	1.6466e-010
2688	1.3736e-010
2689	1.6252e-010
2690	1.5725e-010
2691	1.6587e-010
2692	1.293e-010
2693	1.5772e-010
2694	1.6065e-010
2695	1.2162e-010
2696	1.2763e-010
2697	1.6186e-010
2698	1.1394e-010
2699	1.3999e-010
2700	1.691e-010
2701	1.1377e-010
2702	1.717e-010
2703	1.064e-010
2704	1.4839e-010
2705	1.2716e-010
2706	1.0664e-010
2707	1.2976e-010
2708	9.4337e-011
2709	1.2957e-010
2710	8.9523e-011
2711	1.1974e-010
2712	9.1057e-011
2713	1.0435e-010
2714	9.7024e-011
2715	8.6528e-011
2716	1.196e-010
2717	8.0963e-011
2718	1.2408e-010
2719	7.2556e-011
2720	8.8298e-011
2721	8.5322e-011
2722	7.1972e-011
2723	1.0043e-010
2724	1.6445e-010
2725	2.1545e-010
2726	3.0971e-010
2727	9.4611e-010
2728	1.2835e-009
2729	1.7276e-009
2730	1.4723e-009
2731	3.5993e-010
2732	3.4419e-010
2733	1.2626e-010
2734	6.7363e-011
2735	6.9395e-011
2736	5.9375e-011
2737	6.1695e-011
2738	6.7904e-011
2739	6.1473e-011
2740	6.8457e-011
2741	6.8758e-011
2742	6.6445e-011
2743	7.493e-011
2744	6.8275e-011
2745	7.7057e-011
2746	7.4142e-011
2747	7.7555e-011
2748	7.957e-011
2749	7.9329e-011
2750	8.4387e-011
2751	8.2199e-011
2752	8.8602e-011
2753	8.62e-011
2754	9.1942e-011
2755	9.1209e-011
2756	9.445e-011
2757	9.7814e-011
2758	9.618e-011
2759	1.0447e-010
2760	9.9504e-011
2761	1.0805e-010
2762	1.0849e-010
2763	1.0794e-010
2764	1.1532e-010
2765	1.1485e-010
2766	1.1618e-010
2767	1.2248e-010
2768	1.2495e-010
2769	1.2262e-010
2770	1.3089e-010
2771	1.331e-010
2772	1.3574e-010
2773	1.3566e-010
2774	1.4146e-010
2775	1.4498e-010
2776	1.4837e-010
2777	1.5103e-010
2778	1.5435e-010
2779	1.5811e-010
2780	1.6053e-010
2781	1.6552e-010
2782	1.6912e-010
2783	1.729e-010
2784	1.7694e-010
2785	1.8098e-010
2786	1.8618e-010
2787	1.8716e-010
2788	1.9367e-010
2789	1.9767e-010
2790	2.0265e-010
2791	2.0996e-010
2792	2.1547e-010
2793	2.1454e-010
2794	2.1548e-010
2795	2.3511e-010
2796	2.3651e-010
2797	2.1608e-010
2798	2.148e-010
2799	2.1874e-010
2800	2.1466e-010
2801	2.0679e-010
2802	2.0179e-010
2803	1.9878e-010
2804	1.8797e-010
2805	1.9206e-010
2806	1.8578e-010
2807	1.8201e-010
2808	1.7854e-010
2809	1.755e-010
2810	1.7324e-010
2811	1.6248e-010
2812	1.6676e-010
2813	1.6237e-010
2814	1.6069e-010
2815	1.6252e-010
2816	1.6141e-010
2817	1.6478e-010
2818	1.3748e-010
2819	1.6256e-010
2820	1.5737e-010
2821	1.6602e-010
2822	1.2938e-010
2823	1.5776e-010
2824	1.6069e-010
2825	1.2165e-010
2826	1.2768e-010
2827	1.6187e-010
2828	1.14e-010
2829	1.4002e-010
2830	1.6914e-010
2831	1.138e-010
2832	1.7171e-010
2833	1.0645e-010
2834	1.4841e-010
2835	1.2718e-010
2836	1.0663e-010
2837	1.2974e-010
2838	9.4339e-011
2839	1.2958e-010
2840	8.9523e-011
2841	1.1974e-010
2842	9.1041e-011
2843	1.0434e-010
2844	9.7041e-011
2845	8.654e-011
2846	1.1966e-010
2847	8.0963e-011
2848	1.2412e-010
2849	7.2579e-011
2850	8.8314e-011
2851	8.5343e-011
2852	7.1993e-011
2853	1.0045e-010
2854	1.6448e-010
2855	2.1548e-010
2856	3.0971e-010
2857	9.4612e-010
2858	1.2835e-009
2859	1.7277e-009
2860	1.4724e-009
2861	2.701e-010
2862	3.1122e-010
2863	1.1173e-010
2864	7.6195e-011
2865	8.6119e-011
2866	8.1263e-011
2867	8.3533e-011
2868	8.6667e-011
2869	8.658e-011
2870	8.4808e-011
2871	8.5306e-011
2872	8.619e-011
2873	8.6255e-011
2874	8.9213e-011
2875	8.84e-011
2876	9.0676e-011
2877	9.2141e-011
2878	9.4053e-011
2879	9.6741e-011
2880	9.7882e-011
2881	1.017e-010
2882	1.0218e-010
2883	1.0648e-010
2884	1.0708e-010
2885	1.1085e-010
2886	1.1282e-010
2887	1.1473e-010
2888	1.1965e-010
2889	1.1894e-010
2890	1.2618e-010
2891	1.2506e-010
2892	1.2881e-010
2893	1.3387e-010
2894	1.3361e-010
2895	1.3845e-010
2896	1.4252e-010
2897	1.4326e-010
2898	1.4696e-010
2899	1.5403e-010
2900	1.5366e-010
2901	1.5725e-010
2902	1.612e-010
2903	1.6715e-010
2904	1.6891e-010
2905	1.7236e-010
2906	1.761e-010
2907	1.8057e-010
2908	1.849e-010
2909	1.8914e-010
2910	1.943e-010
2911	1.9784e-010
2912	2.0208e-010
2913	2.0676e-010
2914	2.1149e-010
2915	2.1642e-010
2916	2.2071e-010
2917	2.2835e-010
2918	2.3167e-010
2919	2.3755e-010
2920	2.4303e-010
2921	2.469e-010
2922	2.5188e-010
2923	2.6205e-010
2924	2.7273e-010
2925	2.6828e-010
2926	2.6796e-010
2927	2.7461e-010
2928	2.6552e-010
2929	2.5394e-010
2930	2.4883e-010
2931	2.4677e-010
2932	2.4193e-010
2933	2.3608e-010
2934	2.3683e-010
2935	2.2432e-010
2936	2.2146e-010
2937	2.1691e-010
2938	2.1249e-010
2939	2.083e-010
2940	2.0375e-010
2941	2.0603e-010
2942	1.9765e-010
2943	1.9609e-010
2944	1.9126e-010
2945	1.8394e-010
2946	1.8344e-010
2947	1.8407e-010
2948	2.0687e-010
2949	1.7812e-010
2950	1.6862e-010
2951	1.7072e-010
2952	2.0687e-010
2953	1.665e-010
2954	1.5461e-010
2955	1.7543e-010
2956	1.5982e-010
2957	1.4345e-010
2958	1.7983e-010
2959	1.521e-010
2960	1.5058e-010
2961	2.0116e-010
2962	1.3537e-010
2963	1.7033e-010
2964	1.4415e-010
2965	1.4285e-010
2966	1.426e-010
2967	1.2411e-010
2968	1.4162e-010
2969	1.1761e-010
2970	1.3477e-010
2971	1.1425e-010
2972	1.2283e-010
2973	1.1253e-010
2974	1.1137e-010
2975	1.0672e-010
2976	1.0829e-010
2977	1.353e-010
2978	1.0663e-010
2979	1.071e-010
2980	9.7556e-011
2981	9.9676e-011
2982	1.097e-010
2983	1.2126e-010
2984	2.1688e-010
2985	2.5926e-010
2986	3.7381e-010
2987	9.8679e-010
2988	1.3445e-009
2989	1.6008e-009
2990	1.2243e-009
2991	3.5993e-010
2992	3.4419e-010
2993	1.2626e-010
2994	6.7363e-011
2995	6.9395e-011
2996	5.9375e-011
2997	6.1695e-011
2998	6.7904e-011
2999	6.1473e-011
3000	6.8457e-011
3001	6.8758e-011
3002	6.6445e-011
3003	7.493e-011
3004	6.8275e-011
3005	7.7057e-011
3006	7.4142e-011
3007	7.7555e-011
3008	7.957e-011
3009	7.9328e-011
3010	8.4387e-011
3011	8.2199e-011
3012	8.8602e-011
3013	8.6201e-011
3014	9.1942e-011
3015	9.1209e-011
3016	9.445e-011
3017	9.7815e-011
3018	9.6181e-011
3019	1.0447e-010
3020	9.9505e-011
3021	1.0805e-010
3022	1.0849e-010
3023	1.0794e-010
3024	1.1532e-010
3025	1.1485e-010
3026	1.1618e-010
3027	1.2248e-010
3028	1.2495e-010
3029	1.2262e-010
3030	1.3089e-010
3031	1.331e-010
3032	1.3574e-010
3033	1.3566e-010
3034	1.4145e-010
3035	1.4498e-010
3036	1.4837e-010
3037	1.5103e-010
3038	1.5435e-010
3039	1.5811e-010
3040	1.6053e-010
3041	1.6552e-010
3042	1.6912e-010
3043	1.729e-010
3044	1.7694e-010
3045	1.8098e-010
3046	1.8618e-010
3047	1.8716e-010
3048	1.9367e-010
3049	1.9767e-010
3050	2.0265e-010
3051	2.0996e-010
3052	2.1547e-010
3053	2.1454e-010
3054	2.1548e-010
3055	2.3511e-010
3056	2.3651e-010
3057	2.1608e-010
3058	2.148e-010
3059	2.1874e-010
3060	2.1466e-010
3061	2.0679e-010
3062	2.0179e-010
3063	1.9878e-010
3064	1.8797e-010
3065	1.9205e-010
3066	1.8578e-010
3067	1.8201e-010
3068	1.7855e-010
3069	1.7559e-010
3070	1.7295e-010
3071	1.6279e-010
3072	1.6649e-010
3073	1.6246e-010
3074	1.6069e-010
3075	1.6255e-010
3076	1.6155e-010
3077	1.6414e-010
3078	1.3668e-010
3079	1.6189e-010
3080	1.5747e-010
3081	1.6606e-010
3082	1.2938e-010
3083	1.5776e-010
3084	1.6069e-010
3085	1.2165e-010
3086	1.2768e-010
3087	1.6187e-010
3088	1.14e-010
3089	1.4002e-010
3090	1.6914e-010
3091	1.138e-010
3092	1.7171e-010
3093	1.0645e-010
3094	1.4841e-010
3095	1.2718e-010
3096	1.0663e-010
3097	1.2974e-010
3098	9.4339e-011
3099	1.2958e-010
3100	8.9523e-011
3101	1.1974e-010
3102	9.1041e-011
3103	1.0434e-010
3104	9.7042e-011
3105	8.654e-011
3106	1.1966e-010
3107	8.0963e-011
3108	1.2412e-010
3109	7.2579e-011
3110	8.8314e-011
3111	8.5343e-011
3112	7.1993e-011
3113	1.0045e-010
3114	1.6448e-010
3115	2.1548e-010
3116	3.0971e-010
3117	9.4612e-010
3118	1.2835e-009
3119	1.7277e-009
3120	1.4724e-009
3121	3.6003e-010
3122	3.4432e-010
3123	1.2627e-010
3124	6.7365e-011
3125	6.9397e-011
3126	5.9387e-011
3127	6.171e-011
3128	6.7911e-011
3129	6.1498e-011
3130	6.8476e-011
3131	6.8792e-011
3132	6.6464e-011
3133	7.4924e-011
3134	6.8241e-011
3135	7.7012e-011
3136	7.4107e-011
3137	7.7536e-011
3138	7.9576e-011
3139	7.9343e-011
3140	8.4392e-011
3141	8.2197e-011
3142	8.8595e-011
3143	8.6195e-011
3144	9.1943e-011
3145	9.1218e-011
3146	9.4455e-011
3147	9.7815e-011
3148	9.6193e-011
3149	1.0446e-010
3150	9.9492e-011
3151	1.0804e-010
3152	1.0848e-010
3153	1.0793e-010
3154	1.1531e-010
3155	1.1484e-010
3156	1.1618e-010
3157	1.2253e-010
3158	1.25e-010
3159	1.2261e-010
3160	1.3085e-010
3161	1.3306e-010
3162	1.3571e-010
3163	1.3566e-010
3164	1.4146e-010
3165	1.4502e-010
3166	1.4845e-010
3167	1.5113e-010
3168	1.544e-010
3169	1.5814e-010
3170	1.6053e-010
3171	1.655e-010
3172	1.6912e-010
3173	1.7288e-010
3174	1.7689e-010
3175	1.8101e-010
3176	1.8617e-010
3177	1.8714e-010
3178	1.9368e-010
3179	1.9758e-010
3180	2.0246e-010
3181	2.098e-010
3182	2.1542e-010
3183	2.1458e-010
3184	2.1547e-010
3185	2.3501e-010
3186	2.3644e-010
3187	2.1591e-010
3188	2.1483e-010
3189	2.1864e-010
3190	2.1455e-010
3191	2.0668e-010
3192	2.0172e-010
3193	1.9873e-010
3194	1.8785e-010
3195	1.9205e-010
3196	1.8577e-010
3197	1.8186e-010
3198	1.7845e-010
3199	1.7549e-010
3200	1.7322e-010
3201	1.6204e-010
3202	1.6681e-010
3203	1.6245e-010
3204	1.6063e-010
3205	1.6237e-010
3206	1.6114e-010
3207	1.6221e-010
3208	1.3648e-010
3209	1.5991e-010
3210	1.5711e-010
3211	1.6587e-010
3212	1.2932e-010
3213	1.5773e-010
3214	1.6065e-010
3215	1.2162e-010
3216	1.2763e-010
3217	1.6186e-010
3218	1.1394e-010
3219	1.3999e-010
3220	1.691e-010
3221	1.1377e-010
3222	1.717e-010
3223	1.064e-010
3224	1.4839e-010
3225	1.2716e-010
3226	1.0664e-010
3227	1.2976e-010
3228	9.4337e-011
3229	1.2957e-010
3230	8.9523e-011
3231	1.1974e-010
3232	9.1057e-011
3233	1.0435e-010
3234	9.7025e-011
3235	8.6528e-011
3236	1.196e-010
3237	8.0963e-011
3238	1.2408e-010
3239	7.2557e-011
3240	8.8298e-011
3241	8.5322e-011
3242	7.1971e-011
3243	1.0043e-010
3244	1.6445e-010
3245	2.1545e-010
3246	3.0971e-010
3247	9.4611e-010
3248	1.2835e-009
3249	1.7276e-009
3250	1.4723e-009
3251	2.701e-010
3252	3.113e-010
3253	1.1176e-010
3254	7.6202e-011
3255	8.614e-011
3256	8.1292e-011
3257	8.3563e-011
3258	8.6693e-011
3259	8.6589e-011
3260	8.4863e-011
3261	8.5403e-011
3262	8.6284e-011
3263	8.6265e-011
3264	8.914e-011
3265	8.8287e-011
3266	9.0561e-011
3267	9.2063e-011
3268	9.4038e-011
3269	9.6755e-011
3270	9.788e-011
3271	1.0168e-010
3272	1.0216e-010
3273	1.0647e-010
3274	1.071e-010
3275	1.1088e-010
3276	1.1287e-010
3277	1.1476e-010
3278	1.1962e-010
3279	1.1889e-010
3280	1.2612e-010
3281	1.2496e-010
3282	1.2876e-010
3283	1.3389e-010
3284	1.3364e-010
3285	1.3848e-010
3286	1.4262e-010
3287	1.4342e-010
3288	1.4707e-010
3289	1.54e-010
3290	1.5348e-010
3291	1.5715e-010
3292	1.6126e-010
3293	1.6714e-010
3294	1.6904e-010
3295	1.7252e-010
3296	1.7632e-010
3297	1.8086e-010
3298	1.852e-010
3299	1.8923e-010
3300	1.9435e-010
3301	1.9783e-010
3302	2.0203e-010
3303	2.0687e-010
3304	2.1146e-010
3305	2.1637e-010
3306	2.2061e-010
3307	2.2843e-010
3308	2.3167e-010
3309	2.3735e-010
3310	2.426e-010
3311	2.4644e-010
3312	2.5181e-010
3313	2.6201e-010
3314	2.7245e-010
3315	2.6805e-010
3316	2.6771e-010
3317	2.745e-010
3318	2.6538e-010
3319	2.5377e-010
3320	2.4841e-010
3321	2.4629e-010
3322	2.4189e-010
3323	2.3589e-010
3324	2.3665e-010
3325	2.2419e-010
3326	2.2134e-010
3327	2.1672e-010
3328	2.1228e-010
3329	2.0797e-010
3330	2.0339e-010
3331	2.0612e-010
3332	1.9736e-010
3333	1.9589e-010
3334	1.9103e-010
3335	1.8356e-010
3336	1.827e-010
3337	1.8178e-010
3338	2.0205e-010
3339	1.7572e-010
3340	1.6795e-010
3341	1.7028e-010
3342	2.0662e-010
3343	1.6631e-010
3344	1.5448e-010
3345	1.7528e-010
3346	1.5977e-010
3347	1.4342e-010
3348	1.798e-010
3349	1.5201e-010
3350	1.505e-010
3351	2.011e-010
3352	1.3533e-010
3353	1.7032e-010
3354	1.441e-010
3355	1.4282e-010
3356	1.4263e-010
3357	1.2416e-010
3358	1.4165e-010
3359	1.1761e-010
3360	1.3475e-010
3361	1.1426e-010
3362	1.2288e-010
3363	1.1254e-010
3364	1.113e-010
3365	1.0658e-010
3366	1.0815e-010
3367	1.3515e-010
3368	1.0652e-010
3369	1.0703e-010
3370	9.75e-011
3371	9.9633e-011
3372	1.0964e-010
3373	1.2122e-010
3374	2.1682e-010
3375	2.592e-010
3376	3.738e-010
3377	9.868e-010
3378	1.3446e-009
3379	1.6009e-009
3380	1.2243e-009
3381	3.6002e-010
3382	3.4432e-010
3383	1.2632e-010
3384	6.7418e-011
3385	6.9432e-011
3386	5.9397e-011
3387	6.1704e-011
3388	6.7897e-011
3389	6.1477e-011
3390	6.846e-011
3391	6.8783e-011
3392	6.6464e-011
3393	7.4927e-011
3394	6.8249e-011
3395	7.7011e-011
3396	7.4095e-011
3397	7.7527e-011
3398	7.9586e-011
3399	7.9353e-011
3400	8.4392e-011
3401	8.2183e-011
3402	8.8539e-011
3403	8.6132e-011
3404	9.191e-011
3405	9.1226e-011
3406	9.451e-011
3407	9.7869e-011
3408	9.6192e-011
3409	1.0444e-010
3410	9.9472e-011
3411	1.0803e-010
3412	1.0845e-010
3413	1.0791e-010
3414	1.1532e-010
3415	1.149e-010
3416	1.1626e-010
3417	1.2256e-010
3418	1.2503e-010
3419	1.2263e-010
3420	1.308e-010
3421	1.3297e-010
3422	1.3567e-010
3423	1.3568e-010
3424	1.4144e-010
3425	1.4502e-010
3426	1.4844e-010
3427	1.5113e-010
3428	1.5442e-010
3429	1.5819e-010
3430	1.6058e-010
3431	1.6542e-010
3432	1.6911e-010
3433	1.7285e-010
3434	1.769e-010
3435	1.8089e-010
3436	1.8609e-010
3437	1.8707e-010
3438	1.9372e-010
3439	1.9763e-010
3440	2.024e-010
3441	2.0963e-010
3442	2.1523e-010
3443	2.1458e-010
3444	2.1524e-010
3445	2.3485e-010
3446	2.3638e-010
3447	2.1584e-010
3448	2.148e-010
3449	2.1857e-010
3450	2.1437e-010
3451	2.0653e-010
3452	2.0166e-010
3453	1.9865e-010
3454	1.8777e-010
3455	1.9202e-010
3456	1.8562e-010
3457	1.8198e-010
3458	1.7834e-010
3459	1.7535e-010
3460	1.7239e-010
3461	1.6319e-010
3462	1.6604e-010
3463	1.6238e-010
3464	1.6052e-010
3465	1.6216e-010
3466	1.6129e-010
3467	1.5958e-010
3468	1.3756e-010
3469	1.5708e-010
3470	1.5715e-010
3471	1.6565e-010
3472	1.2926e-010
3473	1.5761e-010
3474	1.6057e-010
3475	1.2157e-010
3476	1.2762e-010
3477	1.6185e-010
3478	1.1394e-010
3479	1.3996e-010
3480	1.6908e-010
3481	1.1375e-010
3482	1.7169e-010
3483	1.0641e-010
3484	1.4836e-010
3485	1.2714e-010
3486	1.0662e-010
3487	1.2975e-010
3488	9.4338e-011
3489	1.2958e-010
3490	8.9537e-011
3491	1.1975e-010
3492	9.1063e-011
3493	1.0435e-010
3494	9.7014e-011
3495	8.6504e-011
3496	1.1956e-010
3497	8.0923e-011
3498	1.2402e-010
3499	7.2512e-011
3500	8.8261e-011
3501	8.5319e-011
3502	7.1985e-011
3503	1.0044e-010
3504	1.6445e-010
3505	2.1545e-010
3506	3.097e-010
3507	9.4612e-010
3508	1.2835e-009
3509	1.7276e-009
3510	1.4723e-009
3511	3.6002e-010
3512	3.4432e-010
3513	1.2632e-010
3514	6.7418e-011
3515	6.9432e-011
3516	5.9397e-011
3517	6.1704e-011
3518	6.7897e-011
3519	6.1477e-011
3520	6.846e-011
3521	6.8783e-011
3522	6.6464e-011
3523	7.4927e-011
3524	6.8249e-011
3525	7.7011e-011
3526	7.4095e-011
3527	7.7527e-011
3528	7.9586e-011
3529	7.9353e-011
3530	8.4392e-011
3531	8.2183e-011
3532	8.8539e-011
3533	8.6132e-011
3534	9.191e-011
3535	9.1226e-011
3536	9.451e-011
3537	9.7869e-011
3538	9.6192e-011
3539	1.0444e-010
3540	9.9472e-011
3541	1.0803e-010
3542	1.0845e-010
3543	1.0791e-010
3544	1.1532e-010
3545	1.149e-010
3546	1.1626e-010
3547	1.2256e-010
3548	1.2503e-010
3549	1.2263e-010
3550	1.308e-010
3551	1.3297e-010
3552	1.3567e-010
3553	1.3568e-010
3554	1.4144e-010
3555	1.4502e-010
3556	1.4844e-010
3557	1.5113e-010
3558	1.5442e-010
3559	1.5819e-010
3560	1.6058e-010
3561	1.6542e-010
3562	1.6911e-010
3563	1.7285e-010
3564	1.7689e-010
3565	1.8089e-010
3566	1.8609e-010
3567	1.8707e-010
3568	1.9372e-010
3569	1.9763e-010
3570	2.024e-010
3571	2.0963e-010
3572	2.1523e-010
3573	2.1458e-010
3574	2.1524e-010
3575	2.3485e-010
3576	2.3638e-010
3577	2.1584e-010
3578	2.148e-010
3579	2.1857e-010
3580	2.1437e-010
3581	2.0653e-010
3582	2.0165e-010
3583	1.9865e-010
3584	1.8777e-010
3585	1.9202e-010
3586	1.8562e-010
3587	1.8198e-010
3588	1.7834e-010
3589	1.7538e-010
3590	1.7232e-010
3591	1.6326e-010
3592	1.6597e-010
3593	1.6241e-010
3594	1.6052e-010
3595	1.6216e-010
3596	1.6128e-010
3597	1.5957e-010
3598	1.376e-010
3599	1.5708e-010
3600	1.5713e-010
3601	1.6567e-010
3602	1.2942e-010
3603	1.5763e-010
3604	1.6055e-010
3605	1.2158e-010
3606	1.2762e-010
3607	1.6185e-010
3608	1.1393e-010
3609	1.3996e-010
3610	1.6908e-010
3611	1.1375e-010
3612	1.7169e-010
3613	1.0641e-010
3614	1.4836e-010
3615	1.2714e-010
3616	1.0662e-010
3617	1.2975e-010
3618	9.4338e-011
3619	1.2958e-010
3620	8.9537e-011
3621	1.1975e-010
3622	9.1063e-011
3623	1.0435e-010
3624	9.7014e-011
3625	8.6504e-011
3626	1.1956e-010
3627	8.0923e-011
3628	1.2402e-010
3629	7.2512e-011
3630	8.8261e-011
3631	8.5319e-011
3632	7.1985e-011
3633	1.0044e-010
3634	1.6445e-010
3635	2.1545e-010
3636	3.097e-010
3637	9.4612e-010
3638	1.2835e-009
3639	1.7276e-009
3640	1.4723e-009
3641	2.701e-010
3642	3.113e-010
3643	1.1176e-010
3644	7.6202e-011
3645	8.614e-011
3646	8.1292e-011
3647	8.3563e-011
3648	8.6693e-011
3649	8.6589e-011
3650	8.4863e-011
3651	8.5403e-011
3652	8.6284e-011
3653	8.6265e-011
3654	8.914e-011
3655	8.8287e-011
3656	9.0561e-011
3657	9.2063e-011
3658	9.4038e-011
3659	9.6755e-011
3660	9.788e-011
3661	1.0168e-010
3662	1.0216e-010
3663	1.0647e-010
3664	1.071e-010
3665	1.1088e-010
3666	1.1287e-010
3667	1.1476e-010
3668	1.1962e-010
3669	1.1889e-010
3670	1.2612e-010
3671	1.2496e-010
3672	1.2876e-010
3673	1.3389e-010
3674	1.3364e-010
3675	1.3848e-010
3676	1.4262e-010
3677	1.4342e-010
3678	1.4707e-010
3679	1.54e-010
3680	1.5348e-010
3681	1.5715e-010
3682	1.6126e-010
3683	1.6714e-010
3684	1.6904e-010
3685	1.7252e-010
3686	1.7632e-010
3687	1.8086e-010
3688	1.852e-010
3689	1.8923e-010
3690	1.9435e-010
3691	1.9784e-010
3692	2.0203e-010
3693	2.0688e-010
3694	2.1146e-010
3695	2.1637e-010
3696	2.2061e-010
3697	2.2843e-010
3698	2.3167e-010
3699	2.3735e-010
3700	2.426e-010
3701	2.4644e-010
3702	2.5181e-010
3703	2.6201e-010
3704	2.7245e-010
3705	2.6805e-010
3706	2.6771e-010
3707	2.745e-010
3708	2.6538e-010
3709	2.5377e-010
3710	2.4841e-010
3711	2.4629e-010
3712	2.4189e-010
3713	2.3588e-010
3714	2.3665e-010
3715	2.2419e-010
3716	2.2135e-010
3717	2.1671e-010
3718	2.123e-010
3719	2.0789e-010
3720	2.0389e-010
3721	2.0513e-010
3722	1.9783e-010
3723	1.9579e-010
3724	1.9104e-010
3725	1.8353e-010
3726	1.827e-010
3727	1.8195e-010
3728	2.0161e-010
3729	1.7587e-010
3730	1.6798e-010
3731	1.7018e-010
3732	2.0676e-010
3733	1.6623e-010
3734	1.5449e-010
3735	1.7529e-010
3736	1.5977e-010
3737	1.4342e-010
3738	1.798e-010
3739	1.5201e-010
3740	1.505e-010
3741	2.011e-010
3742	1.3533e-010
3743	1.7032e-010
3744	1.4409e-010
3745	1.4282e-010
3746	1.4263e-010
3747	1.2416e-010
3748	1.4165e-010
3749	1.1761e-010
3750	1.3475e-010
3751	1.1426e-010
3752	1.2288e-010
3753	1.1254e-010
3754	1.113e-010
3755	1.0658e-010
3756	1.0815e-010
3757	1.3515e-010
3758	1.0652e-010
3759	1.0703e-010
3760	9.75e-011
3761	9.9633e-011
3762	1.0964e-010
3763	1.2122e-010
3764	2.1682e-010
3765	2.592e-010
3766	3.738e-010
3767	9.868e-010
3768	1.3446e-009
3769	1.6009e-009
3770	1.2243e-009
3771	3.6003e-010
3772	3.4432e-010
3773	1.2627e-010
3774	6.7365e-011
3775	6.9397e-011
3776	5.9387e-011
3777	6.171e-011
3778	6.7911e-011
3779	6.1498e-011
3780	6.8476e-011
3781	6.8792e-011
3782	6.6464e-011
3783	7.4924e-011
3784	6.8241e-011
3785	7.7012e-011
3786	7.4107e-011
3787	7.7536e-011
3788	7.9576e-011
3789	7.9343e-011
3790	8.4392e-011
3791	8.2197e-011
3792	8.8595e-011
3793	8.6195e-011
3794	9.1943e-011
3795	9.1218e-011
3796	9.4455e-011
3797	9.7815e-011
3798	9.6193e-011
3799	1.0446e-010
3800	9.9492e-011
3801	1.0804e-010
3802	1.0848e-010
3803	1.0793e-010
3804	1.1531e-010
3805	1.1484e-010
3806	1.1618e-010
3807	1.2253e-010
3808	1.25e-010
3809	1.2261e-010
3810	1.3085e-010
3811	1.3306e-010
3812	1.3571e-010
3813	1.3566e-010
3814	1.4147e-010
3815	1.4502e-010
3816	1.4845e-010
3817	1.5113e-010
3818	1.544e-010
3819	1.5814e-010
3820	1.6053e-010
3821	1.655e-010
3822	1.6912e-010
3823	1.7288e-010
3824	1.7689e-010
3825	1.8101e-010
3826	1.8617e-010
3827	1.8714e-010
3828	1.9368e-010
3829	1.9758e-010
3830	2.0246e-010
3831	2.098e-010
3832	2.1542e-010
3833	2.1458e-010
3834	2.1547e-010
3835	2.3501e-010
3836	2.3644e-010
3837	2.1591e-010
3838	2.1483e-010
3839	2.1864e-010
3840	2.1455e-010
3841	2.0668e-010
3842	2.0172e-010
3843	1.9873e-010
3844	1.8785e-010
3845	1.9205e-010
3846	1.8577e-010
3847	1.8187e-010
3848	1.7843e-010
3849	1.7553e-010
3850	1.7241e-010
3851	1.6339e-010
3852	1.6599e-010
3853	1.6245e-010
3854	1.6061e-010
3855	1.624e-010
3856	1.6127e-010
3857	1.6145e-010
3858	1.357e-010
3859	1.5912e-010
3860	1.5722e-010
3861	1.6588e-010
3862	1.2929e-010
3863	1.577e-010
3864	1.6066e-010
3865	1.2162e-010
3866	1.2763e-010
3867	1.6186e-010
3868	1.1394e-010
3869	1.3999e-010
3870	1.691e-010
3871	1.1377e-010
3872	1.717e-010
3873	1.064e-010
3874	1.4839e-010
3875	1.2716e-010
3876	1.0664e-010
3877	1.2976e-010
3878	9.4337e-011
3879	1.2957e-010
3880	8.9524e-011
3881	1.1974e-010
3882	9.1057e-011
3883	1.0435e-010
3884	9.7025e-011
3885	8.6528e-011
3886	1.196e-010
3887	8.0963e-011
3888	1.2408e-010
3889	7.2557e-011
3890	8.8298e-011
3891	8.5322e-011
3892	7.1972e-011
3893	1.0043e-010
3894	1.6445e-010
3895	2.1545e-010
3896	3.0971e-010
3897	9.4611e-010
3898	1.2835e-009
3899	1.7276e-009
3900	1.4723e-009
3901	3.5993e-010
3902	3.4419e-010
3903	1.2626e-010
3904	6.7363e-011
3905	6.9395e-011
3906	5.9375e-011
3907	6.1695e-011
3908	6.7904e-011
3909	6.1473e-011
3910	6.8457e-011
3911	6.8758e-011
3912	6.6445e-011
3913	7.493e-011
3914	6.8275e-011
3915	7.7057e-011
3916	7.4142e-011
3917	7.7555e-011
3918	7.957e-011
3919	7.9328e-011
3920	8.4387e-011
3921	8.2199e-011
3922	8.8602e-011
3923	8.62e-011
3924	9.1942e-011
3925	9.1209e-011
3926	9.445e-011
3927	9.7815e-011
3928	9.6181e-011
3929	1.0447e-010
3930	9.9505e-011
3931	1.0805e-010
3932	1.0849e-010
3933	1.0794e-010
3934	1.1532e-010
3935	1.1485e-010
3936	1.1618e-010
3937	1.2248e-010
3938	1.2495e-010
3939	1.2262e-010
3940	1.3088e-010
3941	1.331e-010
3942	1.3574e-010
3943	1.3566e-010
3944	1.4146e-010
3945	1.4498e-010
3946	1.4837e-010
3947	1.5103e-010
3948	1.5435e-010
3949	1.5811e-010
3950	1.6053e-010
3951	1.6552e-010
3952	1.6912e-010
3953	1.729e-010
3954	1.7694e-010
3955	1.8098e-010
3956	1.8618e-010
3957	1.8716e-010
3958	1.9367e-010
3959	1.9767e-010
3960	2.0265e-010
3961	2.0996e-010
3962	2.1547e-010
3963	2.1454e-010
3964	2.1548e-010
3965	2.3511e-010
3966	2.3651e-010
3967	2.1608e-010
3968	2.148e-010
3969	2.1874e-010
3970	2.1466e-010
3971	2.0679e-010
3972	2.0179e-010
3973	1.9878e-010
3974	1.8797e-010
3975	1.9206e-010
3976	1.8578e-010
3977	1.8202e-010
3978	1.7856e-010
3979	1.7562e-010
3980	1.7257e-010
3981	1.6347e-010
3982	1.6611e-010
3983	1.6248e-010
3984	1.6069e-010
3985	1.6254e-010
3986	1.6142e-010
3987	1.6179e-010
3988	1.3573e-010
3989	1.5936e-010
3990	1.573e-010
3991	1.6609e-010
3992	1.294e-010
3993	1.5777e-010
3994	1.6069e-010
3995	1.2165e-010
3996	1.2768e-010
3997	1.6187e-010
3998	1.14e-010
3999	1.4002e-010
4000	1.6914e-010
4001	1.1379e-010
4002	1.7171e-010
4003	1.0645e-010
4004	1.4841e-010
4005	1.2718e-010
4006	1.0663e-010
4007	1.2974e-010
4008	9.4339e-011
4009	1.2957e-010
4010	8.9523e-011
4011	1.1974e-010
4012	9.1042e-011
4013	1.0434e-010
4014	9.7042e-011
4015	8.654e-011
4016	1.1966e-010
4017	8.0963e-011
4018	1.2412e-010
4019	7.2579e-011
4020	8.8314e-011
4021	8.5343e-011
4022	7.1993e-011
4023	1.0045e-010
4024	1.6448e-010
4025	2.1548e-010
4026	3.0971e-010
4027	9.4612e-010
4028	1.2835e-009
4029	1.7277e-009
4030	1.4724e-009
4031	2.701e-010
4032	3.1122e-010
4033	1.1173e-010
4034	7.6195e-011
4035	8.6119e-011
4036	8.1263e-011
4037	8.3533e-011
4038	8.6667e-011
4039	8.658e-011
4040	8.4808e-011
4041	8.5306e-011
4042	8.619e-011
4043	8.6255e-011
4044	8.9213e-011
4045	8.84e-011
4046	9.0676e-011
4047	9.2141e-011
4048	9.4053e-011
4049	9.6741e-011
4050	9.7882e-011
4051	1.017e-010
4052	1.0218e-010
4053	1.0648e-010
4054	1.0708e-010
4055	1.1085e-010
4056	1.1282e-010
4057	1.1473e-010
4058	1.1965e-010
4059	1.1894e-010
4060	1.2618e-010
4061	1.2506e-010
4062	1.2881e-010
4063	1.3387e-010
4064	1.3361e-010
4065	1.3845e-010
4066	1.4252e-010
4067	1.4326e-010
4068	1.4697e-010
4069	1.5399e-010
4070	1.5367e-010
4071	1.5725e-010
4072	1.612e-010
4073	1.6715e-010
4074	1.6891e-010
4075	1.7236e-010
4076	1.761e-010
4077	1.8057e-010
4078	1.849e-010
4079	1.8914e-010
4080	1.943e-010
4081	1.9784e-010
4082	2.0208e-010
4083	2.0676e-010
4084	2.1149e-010
4085	2.1642e-010
4086	2.2071e-010
4087	2.2835e-010
4088	2.3167e-010
4089	2.3755e-010
4090	2.4303e-010
4091	2.469e-010
4092	2.5188e-010
4093	2.6205e-010
4094	2.7273e-010
4095	2.6828e-010
4096	2.6796e-010
4097	2.7461e-010
4098	2.6551e-010
4099	2.5393e-010
4100	2.4883e-010
4101	2.4677e-010
4102	2.4193e-010
4103	2.3608e-010
4104	2.3683e-010
4105	2.2432e-010
4106	2.2146e-010
4107	2.169e-010
4108	2.1248e-010
4109	2.0821e-010
4110	2.0412e-010
4111	2.0556e-010
4112	1.9801e-010
4113	1.9603e-010
4114	1.9128e-010
4115	1.8386e-010
4116	1.8307e-010
4117	1.8299e-010
4118	2.0084e-010
4119	1.7661e-010
4120	1.6817e-010
4121	1.7072e-010
4122	2.069e-010
4123	1.6651e-010
4124	1.5459e-010
4125	1.7544e-010
4126	1.5982e-010
4127	1.4345e-010
4128	1.7983e-010
4129	1.521e-010
4130	1.5058e-010
4131	2.0116e-010
4132	1.3537e-010
4133	1.7033e-010
4134	1.4415e-010
4135	1.4285e-010
4136	1.426e-010
4137	1.2411e-010
4138	1.4162e-010
4139	1.1761e-010
4140	1.3477e-010
4141	1.1425e-010
4142	1.2283e-010
4143	1.1253e-010
4144	1.1137e-010
4145	1.0672e-010
4146	1.0829e-010
4147	1.353e-010
4148	1.0663e-010
4149	1.071e-010
4150	9.7556e-011
4151	9.9676e-011
4152	1.097e-010
4153	1.2126e-010
4154	2.1688e-010
4155	2.5926e-010
4156	3.7381e-010
4157	9.8679e-010
4158	1.3445e-009
4159	1.6008e-009
4160	1.2243e-009
4161	3.5993e-010
4162	3.4419e-010
4163	1.2626e-010
4164	6.7363e-011
4165	6.9395e-011
4166	5.9375e-011
4167	6.1695e-011
4168	6.7904e-011
4169	6.1473e-011
4170	6.8457e-011
4171	6.8758e-011
4172	6.6445e-011
4173	7.493e-011
4174	6.8275e-011
4175	7.7057e-011
4176	7.4142e-011
4177	7.7555e-011
4178	7.9571e-011
4179	7.9328e-011
4180	8.4387e-011
4181	8.2199e-011
4182	8.8602e-011
4183	8.62e-011
4184	9.1942e-011
4185	9.1209e-011
4186	9.445e-011
4187	9.7815e-011
4188	9.6181e-011
4189	1.0447e-010
4190	9.9505e-011
4191	1.0805e-010
4192	1.0849e-010
4193	1.0794e-010
4194	1.1532e-010
4195	1.1485e-010
4196	1.1619e-010
4197	1.2247e-010
4198	1.2496e-010
4199	1.2259e-010
4200	1.309e-010
4201	1.3309e-010
4202	1.3574e-010
4203	1.3565e-010
4204	1.4146e-010
4205	1.4498e-010
4206	1.4837e-010
4207	1.5103e-010
4208	1.5435e-010
4209	1.5811e-010
4210	1.6053e-010
4211	1.6552e-010
4212	1.6912e-010
4213	1.729e-010
4214	1.7694e-010
4215	1.8098e-010
4216	1.8618e-010
4217	1.8716e-010
4218	1.9367e-010
4219	1.9767e-010
4220	2.0265e-010
4221	2.0996e-010
4222	2.1547e-010
4223	2.1454e-010
4224	2.1548e-010
4225	2.3511e-010
4226	2.3651e-010
4227	2.1608e-010
4228	2.148e-010
4229	2.1874e-010
4230	2.1466e-010
4231	2.0679e-010
4232	2.0179e-010
4233	1.9878e-010
4234	1.8797e-010
4235	1.9206e-010
4236	1.8578e-010
4237	1.8202e-010
4238	1.7855e-010
4239	1.7562e-010
4240	1.7257e-010
4241	1.6347e-010
4242	1.6611e-010
4243	1.6249e-010
4244	1.6071e-010
4245	1.6246e-010
4246	1.6154e-010
4247	1.5968e-010
4248	1.3761e-010
4249	1.5714e-010
4250	1.5738e-010
4251	1.6602e-010
4252	1.294e-010
4253	1.5776e-010
4254	1.6069e-010
4255	1.2165e-010
4256	1.2768e-010
4257	1.6187e-010
4258	1.14e-010
4259	1.4002e-010
4260	1.6914e-010
4261	1.1379e-010
4262	1.7171e-010
4263	1.0645e-010
4264	1.4841e-010
4265	1.2718e-010
4266	1.0663e-010
4267	1.2974e-010
4268	9.4339e-011
4269	1.2958e-010
4270	8.9523e-011
4271	1.1974e-010
4272	9.1041e-011
4273	1.0434e-010
4274	9.7042e-011
4275	8.654e-011
4276	1.1966e-010
4277	8.0963e-011
4278	1.2412e-010
4279	7.2579e-011
4280	8.8314e-011
4281	8.5343e-011
4282	7.1993e-011
4283	1.0045e-010
4284	1.6448e-010
4285	2.1548e-010
4286	3.0971e-010
4287	9.4612e-010
4288	1.2835e-009
4289	1.7277e-009
4290	1.4724e-009
4291	3.6003e-010
4292	3.4432e-010
4293	1.2627e-010
4294	6.7365e-011
4295	6.9397e-011
4296	5.9387e-011
4297	6.171e-011
4298	6.7911e-011
4299	6.1498e-011
4300	6.8476e-011
4301	6.8792e-011
4302	6.6464e-011
4303	7.4923e-011
4304	6.8241e-011
4305	7.7012e-011
4306	7.4107e-011
4307	7.7536e-011
4308	7.9576e-011
4309	7.9342e-011
4310	8.4392e-011
4311	8.2197e-011
4312	8.8595e-011
4313	8.6195e-011
4314	9.1943e-011
4315	9.1217e-011
4316	9.4455e-011
4317	9.7814e-011
4318	9.6193e-011
4319	1.0446e-010
4320	9.9492e-011
4321	1.0804e-010
4322	1.0848e-010
4323	1.0793e-010
4324	1.1531e-010
4325	1.1484e-010
4326	1.1618e-010
4327	1.2254e-010
4328	1.2488e-010
4329	1.2278e-010
4330	1.3072e-010
4331	1.3307e-010
4332	1.3571e-010
4333	1.3566e-010
4334	1.4146e-010
4335	1.4502e-010
4336	1.4845e-010
4337	1.5113e-010
4338	1.544e-010
4339	1.5814e-010
4340	1.6053e-010
4341	1.655e-010
4342	1.6912e-010
4343	1.7288e-010
4344	1.7689e-010
4345	1.8101e-010
4346	1.8617e-010
4347	1.8714e-010
4348	1.9368e-010
4349	1.9758e-010
4350	2.0247e-010
4351	2.098e-010
4352	2.1542e-010
4353	2.1458e-010
4354	2.1547e-010
4355	2.3501e-010
4356	2.3644e-010
4357	2.1591e-010
4358	2.1483e-010
4359	2.1864e-010
4360	2.1455e-010
4361	2.0669e-010
4362	2.0172e-010
4363	1.9873e-010
4364	1.8785e-010
4365	1.9205e-010
4366	1.8577e-010
4367	1.8187e-010
4368	1.7843e-010
4369	1.7553e-010
4370	1.7241e-010
4371	1.6339e-010
4372	1.66e-010
4373	1.6245e-010
4374	1.6062e-010
4375	1.6236e-010
4376	1.6114e-010
4377	1.5995e-010
4378	1.3748e-010
4379	1.5755e-010
4380	1.5709e-010
4381	1.6587e-010
4382	1.2934e-010
4383	1.5772e-010
4384	1.6065e-010
4385	1.2162e-010
4386	1.2763e-010
4387	1.6186e-010
4388	1.1394e-010
4389	1.3999e-010
4390	1.691e-010
4391	1.1377e-010
4392	1.717e-010
4393	1.064e-010
4394	1.4839e-010
4395	1.2716e-010
4396	1.0664e-010
4397	1.2976e-010
4398	9.4337e-011
4399	1.2957e-010
4400	8.9523e-011
4401	1.1974e-010
4402	9.1057e-011
4403	1.0435e-010
4404	9.7024e-011
4405	8.6528e-011
4406	1.196e-010
4407	8.0963e-011
4408	1.2408e-010
4409	7.2556e-011
4410	8.8298e-011
4411	8.5322e-011
4412	7.1971e-011
4413	1.0043e-010
4414	1.6445e-010
4415	2.1545e-010
4416	3.0971e-010
4417	9.4611e-010
4418	1.2835e-009
4419	1.7276e-009
4420	1.4723e-009
4421	2.701e-010
4422	3.113e-010
4423	1.1176e-010
4424	7.6202e-011
4425	8.614e-011
4426	8.1292e-011
4427	8.3563e-011
4428	8.6693e-011
4429	8.6589e-011
4430	8.4863e-011
4431	8.5402e-011
4432	8.6284e-011
4433	8.6265e-011
4434	8.914e-011
4435	8.8287e-011
4436	9.056e-011
4437	9.2063e-011
4438	9.4038e-011
4439	9.6755e-011
4440	9.788e-011
4441	1.0168e-010
4442	1.0216e-010
4443	1.0647e-010
4444	1.071e-010
4445	1.1088e-010
4446	1.1287e-010
4447	1.1476e-010
4448	1.1962e-010
4449	1.1889e-010
4450	1.2612e-010
4451	1.2496e-010
4452	1.2876e-010
4453	1.3389e-010
4454	1.3364e-010
4455	1.3848e-010
4456	1.4262e-010
4457	1.434e-010
4458	1.4725e-010
4459	1.5355e-010
4460	1.5366e-010
4461	1.5712e-010
4462	1.6126e-010
4463	1.6714e-010
4464	1.6904e-010
4465	1.7252e-010
4466	1.7632e-010
4467	1.8086e-010
4468	1.852e-010
4469	1.8923e-010
4470	1.9435e-010
4471	1.9784e-010
4472	2.0203e-010
4473	2.0687e-010
4474	2.1146e-010
4475	2.1637e-010
4476	2.2061e-010
4477	2.2843e-010
4478	2.3167e-010
4479	2.3735e-010
4480	2.426e-010
4481	2.4644e-010
4482	2.5181e-010
4483	2.6201e-010
4484	2.7245e-010
4485	2.6805e-010
4486	2.6771e-010
4487	2.745e-010
4488	2.6538e-010
4489	2.5377e-010
4490	2.4841e-010
4491	2.4629e-010
4492	2.4189e-010
4493	2.3588e-010
4494	2.3665e-010
4495	2.2419e-010
4496	2.2135e-010
4497	2.1671e-010
4498	2.123e-010
4499	2.0789e-010
4500	2.0389e-010
4501	2.0513e-010
4502	1.9783e-010
4503	1.9579e-010
4504	1.9102e-010
4505	1.8357e-010
4506	1.8277e-010
4507	1.8302e-010
4508	2.0408e-010
4509	1.7709e-010
4510	1.6805e-010
4511	1.7034e-010
4512	2.0653e-010
4513	1.6635e-010
4514	1.5448e-010
4515	1.7528e-010
4516	1.5977e-010
4517	1.4342e-010
4518	1.798e-010
4519	1.5201e-010
4520	1.505e-010
4521	2.011e-010
4522	1.3533e-010
4523	1.7032e-010
4524	1.4409e-010
4525	1.4282e-010
4526	1.4263e-010
4527	1.2416e-010
4528	1.4165e-010
4529	1.1761e-010
4530	1.3475e-010
4531	1.1426e-010
4532	1.2288e-010
4533	1.1254e-010
4534	1.113e-010
4535	1.0658e-010
4536	1.0815e-010
4537	1.3515e-010
4538	1.0652e-010
4539	1.0703e-010
4540	9.75e-011
4541	9.9633e-011
4542	1.0964e-010
4543	1.2122e-010
4544	2.1682e-010
4545	2.592e-010
4546	3.738e-010
4547	9.868e-010
4548	1.3446e-009
4549	1.6009e-009
4550	1.2243e-009
4551	3.6002e-010
4552	3.4432e-010
4553	1.2632e-010
4554	6.7418e-011
4555	6.9432e-011
4556	5.9396e-011
4557	6.1704e-011
4558	6.7897e-011
4559	6.1477e-011
4560	6.846e-011
4561	6.8783e-011
4562	6.6464e-011
4563	7.4927e-011
4564	6.8249e-011
4565	7.7011e-011
4566	7.4094e-011
4567	7.7527e-011
4568	7.9586e-011
4569	7.9353e-011
4570	8.4392e-011
4571	8.2183e-011
4572	8.8539e-011
4573	8.6132e-011
4574	9.191e-011
4575	9.1226e-011
4576	9.4509e-011
4577	9.7869e-011
4578	9.6191e-011
4579	1.0444e-010
4580	9.9472e-011
4581	1.0803e-010
4582	1.0845e-010
4583	1.0791e-010
4584	1.1532e-010
4585	1.149e-010
4586	1.1626e-010
4587	1.2259e-010
4588	1.2474e-010
4589	1.2298e-010
4590	1.305e-010
4591	1.33e-010
4592	1.3567e-010
4593	1.3568e-010
4594	1.4144e-010
4595	1.4502e-010
4596	1.4844e-010
4597	1.5113e-010
4598	1.5442e-010
4599	1.5819e-010
4600	1.6058e-010
4601	1.6542e-010
4602	1.6911e-010
4603	1.7285e-010
4604	1.7689e-010
4605	1.8089e-010
4606	1.8609e-010
4607	1.8707e-010
4608	1.9372e-010
4609	1.9763e-010
4610	2.024e-010
4611	2.0963e-010
4612	2.1523e-010
4613	2.1458e-010
4614	2.1524e-010
4615	2.3485e-010
4616	2.3638e-010
4617	2.1584e-010
4618	2.148e-010
4619	2.1857e-010
4620	2.1437e-010
4621	2.0653e-010
4622	2.0166e-010
4623	1.9865e-010
4624	1.8777e-010
4625	1.9201e-010
4626	1.8562e-010
4627	1.8198e-010
4628	1.7835e-010
4629	1.7537e-010
4630	1.7234e-010
4631	1.6327e-010
4632	1.6598e-010
4633	1.624e-010
4634	1.605e-010
4635	1.6224e-010
4636	1.6138e-010
4637	1.6403e-010
4638	1.3768e-010
4639	1.618e-010
4640	1.5731e-010
4641	1.6572e-010
4642	1.2919e-010
4643	1.5765e-010
4644	1.6058e-010
4645	1.2156e-010
4646	1.2763e-010
4647	1.6185e-010
4648	1.1394e-010
4649	1.3996e-010
4650	1.6908e-010
4651	1.1375e-010
4652	1.7169e-010
4653	1.0641e-010
4654	1.4836e-010
4655	1.2714e-010
4656	1.0662e-010
4657	1.2975e-010
4658	9.4338e-011
4659	1.2958e-010
4660	8.9537e-011
4661	1.1975e-010
4662	9.1063e-011
4663	1.0435e-010
4664	9.7013e-011
4665	8.6504e-011
4666	1.1956e-010
4667	8.0923e-011
4668	1.2402e-010
4669	7.2512e-011
4670	8.8261e-011
4671	8.5319e-011
4672	7.1985e-011
4673	1.0044e-010
4674	1.6445e-010
4675	2.1545e-010
4676	3.097e-010
4677	9.4612e-010
4678	1.2835e-009
4679	1.7276e-009
4680	1.4723e-009
4681	4.1939e-010
4682	3.0751e-010
4683	6.0572e-011
4684	6.0094e-011
4685	7.6088e-011
4686	7.1007e-011
4687	7.2212e-011
4688	7.4749e-011
4689	7.438e-011
4690	7.3185e-011
4691	7.318e-011
4692	7.419e-011
4693	7.4561e-011
4694	7.6988e-011
4695	7.6803e-011
4696	7.8327e-011
4697	7.9849e-011
4698	8.1766e-011
4699	8.3833e-011
4700	8.5399e-011
4701	8.8111e-011
4702	8.9236e-011
4703	9.2341e-011
4704	9.3454e-011
4705	9.6345e-011
4706	9.8194e-011
4707	1.0002e-010
4708	1.0388e-010
4709	1.0428e-010
4710	1.0933e-010
4711	1.0929e-010
4712	1.1212e-010
4713	1.1627e-010
4714	1.1678e-010
4715	1.2049e-010
4716	1.2404e-010
4717	1.2507e-010
4718	1.2854e-010
4719	1.3331e-010
4720	1.3447e-010
4721	1.3677e-010
4722	1.4098e-010
4723	1.4494e-010
4724	1.4775e-010
4725	1.5031e-010
4726	1.5346e-010
4727	1.5762e-010
4728	1.614e-010
4729	1.6512e-010
4730	1.688e-010
4731	1.7253e-010
4732	1.7604e-010
4733	1.7997e-010
4734	1.8413e-010
4735	1.8821e-010
4736	1.9297e-010
4737	1.9763e-010
4738	2.022e-010
4739	2.0677e-010
4740	2.11e-010
4741	2.1417e-010
4742	2.2025e-010
4743	2.2816e-010
4744	2.3388e-010
4745	2.3502e-010
4746	2.356e-010
4747	2.3507e-010
4748	2.3074e-010
4749	2.2229e-010
4750	2.1541e-010
4751	2.1379e-010
4752	2.1046e-010
4753	2.0658e-010
4754	2.0179e-010
4755	1.9683e-010
4756	1.9149e-010
4757	1.8776e-010
4758	1.8383e-010
4759	1.8039e-010
4760	1.776e-010
4761	1.7487e-010
4762	1.7227e-010
4763	1.7072e-010
4764	1.6649e-010
4765	1.5723e-010
4766	1.5915e-010
4767	1.6624e-010
4768	1.7078e-010
4769	1.6221e-010
4770	1.4283e-010
4771	1.5459e-010
4772	1.7501e-010
4773	1.473e-010
4774	1.3761e-010
4775	1.5046e-010
4776	1.3471e-010
4777	1.3325e-010
4778	1.5454e-010
4779	1.2569e-010
4780	1.3594e-010
4781	1.769e-010
4782	1.3327e-010
4783	1.4467e-010
4784	1.1823e-010
4785	1.094e-010
4786	1.1374e-010
4787	1.0523e-010
4788	1.1511e-010
4789	1.0355e-010
4790	1.0935e-010
4791	9.7588e-011
4792	9.6435e-011
4793	9.177e-011
4794	9.1902e-011
4795	9.1233e-011
4796	1.0017e-010
4797	1.2306e-010
4798	9.8675e-011
4799	8.8607e-011
4800	7.8729e-011
4801	8.8185e-011
4802	9.8622e-011
4803	1.0153e-010
4804	1.4758e-010
4805	1.5078e-010
4806	2.3612e-010
4807	6.7951e-010
4808	3.4147e-010
4809	1.6899e-009
4810	1.6032e-009
4811	3.9953e-010
4812	4.0584e-010
4813	1.0071e-010
4814	8.5676e-011
4815	8.5431e-011
4816	8.5423e-011
4817	8.7383e-011
4818	8.9552e-011
4819	8.884e-011
4820	8.9962e-011
4821	9.0111e-011
4822	9.0532e-011
4823	9.2348e-011
4824	9.2814e-011
4825	9.5116e-011
4826	9.6146e-011
4827	9.8348e-011
4828	1.0047e-010
4829	1.0257e-010
4830	1.0526e-010
4831	1.0706e-010
4832	1.1034e-010
4833	1.1206e-010
4834	1.1539e-010
4835	1.1742e-010
4836	1.2036e-010
4837	1.2362e-010
4838	1.2527e-010
4839	1.2977e-010
4840	1.3098e-010
4841	1.3538e-010
4842	1.3789e-010
4843	1.4005e-010
4844	1.4464e-010
4845	1.4701e-010
4846	1.5e-010
4847	1.5471e-010
4848	1.578e-010
4849	1.6043e-010
4850	1.6499e-010
4851	1.6907e-010
4852	1.7214e-010
4853	1.7558e-010
4854	1.799e-010
4855	1.8463e-010
4856	1.889e-010
4857	1.9295e-010
4858	1.9724e-010
4859	2.0149e-010
4860	2.0598e-010
4861	2.1078e-010
4862	2.1561e-010
4863	2.2049e-010
4864	2.255e-010
4865	2.3089e-010
4866	2.3589e-010
4867	2.4128e-010
4868	2.4648e-010
4869	2.5257e-010
4870	2.5864e-010
4871	2.6537e-010
4872	2.7118e-010
4873	2.7606e-010
4874	2.8325e-010
4875	2.9179e-010
4876	2.9199e-010
4877	2.8431e-010
4878	2.7807e-010
4879	2.7448e-010
4880	2.6964e-010
4881	2.6364e-010
4882	2.5797e-010
4883	2.5124e-010
4884	2.4635e-010
4885	2.4095e-010
4886	2.3704e-010
4887	2.3188e-010
4888	2.2736e-010
4889	2.2312e-010
4890	2.1742e-010
4891	2.1333e-010
4892	2.0963e-010
4893	2.0835e-010
4894	2.0529e-010
4895	2.0196e-010
4896	2.0245e-010
4897	1.9871e-010
4898	1.9458e-010
4899	1.957e-010
4900	1.9147e-010
4901	1.9298e-010
4902	1.8865e-010
4903	1.8448e-010
4904	1.8532e-010
4905	1.6825e-010
4906	1.6303e-010
4907	1.8099e-010
4908	1.6546e-010
4909	1.6185e-010
4910	1.8037e-010
4911	1.8013e-010
4912	1.8193e-010
4913	1.5338e-010
4914	1.5781e-010
4915	1.3912e-010
4916	1.3253e-010
4917	1.3956e-010
4918	1.3119e-010
4919	1.3713e-010
4920	1.2649e-010
4921	1.2661e-010
4922	1.1618e-010
4923	1.1788e-010
4924	1.1942e-010
4925	1.092e-010
4926	1.2837e-010
4927	1.3457e-010
4928	1.2597e-010
4929	1.0676e-010
4930	1.0543e-010
4931	1.0965e-010
4932	1.1465e-010
4933	1.4125e-010
4934	1.5063e-010
4935	1.6551e-010
4936	2.9368e-010
4937	6.5195e-010
4938	3.2576e-010
4939	1.955e-009
4940	1.5173e-009
4941	4.1944e-010
4942	3.0756e-010
4943	6.0593e-011
4944	6.012e-011
4945	7.612e-011
4946	7.104e-011
4947	7.2241e-011
4948	7.477e-011
4949	7.4392e-011
4950	7.319e-011
4951	7.3181e-011
4952	7.4191e-011
4953	7.4558e-011
4954	7.6987e-011
4955	7.6798e-011
4956	7.8317e-011
4957	7.9838e-011
4958	8.1759e-011
4959	8.3829e-011
4960	8.5395e-011
4961	8.8118e-011
4962	8.9252e-011
4963	9.2363e-011
4964	9.3459e-011
4965	9.634e-011
4966	9.8175e-011
4967	1.e-010
4968	1.0386e-010
4969	1.0425e-010
4970	1.093e-010
4971	1.0926e-010
4972	1.121e-010
4973	1.1628e-010
4974	1.1678e-010
4975	1.2048e-010
4976	1.2403e-010
4977	1.2502e-010
4978	1.2867e-010
4979	1.3322e-010
4980	1.3463e-010
4981	1.3675e-010
4982	1.4097e-010
4983	1.4493e-010
4984	1.4774e-010
4985	1.5032e-010
4986	1.5348e-010
4987	1.5764e-010
4988	1.6145e-010
4989	1.6509e-010
4990	1.6885e-010
4991	1.7256e-010
4992	1.7605e-010
4993	1.8e-010
4994	1.8407e-010
4995	1.8822e-010
4996	1.9292e-010
4997	1.9768e-010
4998	2.0225e-010
4999	2.0676e-010
5000	2.11e-010
5001	2.1419e-010
5002	2.2042e-010
5003	2.2817e-010
5004	2.3398e-010
5005	2.3498e-010
5006	2.355e-010
5007	2.3521e-010
5008	2.3078e-010
5009	2.2236e-010
5010	2.1547e-010
5011	2.1384e-010
5012	2.1049e-010
5013	2.0657e-010
5014	2.019e-010
5015	1.9678e-010
5016	1.9151e-010
5017	1.8773e-010
5018	1.8394e-010
5019	1.8031e-010
5020	1.7804e-010
5021	1.7455e-010
5022	1.7273e-010
5023	1.7071e-010
5024	1.6653e-010
5025	1.5726e-010
5026	1.5926e-010
5027	1.6626e-010
5028	1.7086e-010
5029	1.622e-010
5030	1.4289e-010
5031	1.5461e-010
5032	1.7492e-010
5033	1.4728e-010
5034	1.3762e-010
5035	1.5049e-010
5036	1.3476e-010
5037	1.3328e-010
5038	1.5458e-010
5039	1.2569e-010
5040	1.3594e-010
5041	1.7694e-010
5042	1.3328e-010
5043	1.4468e-010
5044	1.1823e-010
5045	1.0941e-010
5046	1.1376e-010
5047	1.0523e-010
5048	1.151e-010
5049	1.0353e-010
5050	1.0934e-010
5051	9.7584e-011
5052	9.6447e-011
5053	9.1783e-011
5054	9.1906e-011
5055	9.1249e-011
5056	1.0018e-010
5057	1.2307e-010
5058	9.8681e-011
5059	8.8616e-011
5060	7.8728e-011
5061	8.819e-011
5062	9.8614e-011
5063	1.0154e-010
5064	1.476e-010
5065	1.508e-010
5066	2.3613e-010
5067	6.7954e-010
5068	3.4148e-010
5069	1.69e-009
5070	1.6032e-009
5071	4.1939e-010
5072	3.0764e-010
5073	6.0625e-011
5074	6.0149e-011
5075	7.6126e-011
5076	7.1028e-011
5077	7.222e-011
5078	7.4751e-011
5079	7.4374e-011
5080	7.316e-011
5081	7.3134e-011
5082	7.4149e-011
5083	7.4567e-011
5084	7.7045e-011
5085	7.6865e-011
5086	7.8371e-011
5087	7.986e-011
5088	8.1736e-011
5089	8.3784e-011
5090	8.536e-011
5091	8.8096e-011
5092	8.9242e-011
5093	9.2355e-011
5094	9.3451e-011
5095	9.6324e-011
5096	9.8157e-011
5097	9.998e-011
5098	1.0383e-010
5099	1.0424e-010
5100	1.0933e-010
5101	1.0931e-010
5102	1.1213e-010
5103	1.1628e-010
5104	1.1678e-010
5105	1.205e-010
5106	1.2402e-010
5107	1.2497e-010
5108	1.284e-010
5109	1.3347e-010
5110	1.3439e-010
5111	1.3669e-010
5112	1.4094e-010
5113	1.449e-010
5114	1.4779e-010
5115	1.5033e-010
5116	1.5339e-010
5117	1.5749e-010
5118	1.6133e-010
5119	1.6493e-010
5120	1.6868e-010
5121	1.7253e-010
5122	1.7597e-010
5123	1.8002e-010
5124	1.8417e-010
5125	1.8821e-010
5126	1.9288e-010
5127	1.9771e-010
5128	2.0233e-010
5129	2.0696e-010
5130	2.1132e-010
5131	2.1438e-010
5132	2.2045e-010
5133	2.2826e-010
5134	2.3411e-010
5135	2.3523e-010
5136	2.3572e-010
5137	2.3531e-010
5138	2.3073e-010
5139	2.2249e-010
5140	2.1567e-010
5141	2.1406e-010
5142	2.1073e-010
5143	2.0681e-010
5144	2.0216e-010
5145	1.9688e-010
5146	1.9162e-010
5147	1.88e-010
5148	1.8418e-010
5149	1.8045e-010
5150	1.7824e-010
5151	1.7467e-010
5152	1.729e-010
5153	1.7081e-010
5154	1.6671e-010
5155	1.5749e-010
5156	1.5951e-010
5157	1.6649e-010
5158	1.7115e-010
5159	1.6239e-010
5160	1.4315e-010
5161	1.5485e-010
5162	1.7508e-010
5163	1.474e-010
5164	1.3772e-010
5165	1.5055e-010
5166	1.3482e-010
5167	1.3333e-010
5168	1.5462e-010
5169	1.2571e-010
5170	1.3595e-010
5171	1.7694e-010
5172	1.3327e-010
5173	1.4468e-010
5174	1.1824e-010
5175	1.0942e-010
5176	1.1375e-010
5177	1.0522e-010
5178	1.151e-010
5179	1.0353e-010
5180	1.0935e-010
5181	9.7586e-011
5182	9.6432e-011
5183	9.1784e-011
5184	9.1934e-011
5185	9.1308e-011
5186	1.0023e-010
5187	1.2315e-010
5188	9.8741e-011
5189	8.8678e-011
5190	7.8783e-011
5191	8.824e-011
5192	9.8669e-011
5193	1.0159e-010
5194	1.4766e-010
5195	1.5085e-010
5196	2.3617e-010
5197	6.7954e-010
5198	3.4149e-010
5199	1.69e-009
5200	1.6033e-009
5201	3.995e-010
5202	4.0581e-010
5203	1.0071e-010
5204	8.5716e-011
5205	8.5457e-011
5206	8.5414e-011
5207	8.7355e-011
5208	8.952e-011
5209	8.8802e-011
5210	8.9914e-011
5211	9.0048e-011
5212	9.0493e-011
5213	9.2386e-011
5214	9.2911e-011
5215	9.5222e-011
5216	9.6213e-011
5217	9.8355e-011
5218	1.0039e-010
5219	1.0247e-010
5220	1.0518e-010
5221	1.0703e-010
5222	1.1034e-010
5223	1.1207e-010
5224	1.154e-010
5225	1.1739e-010
5226	1.2028e-010
5227	1.2353e-010
5228	1.2522e-010
5229	1.2973e-010
5230	1.3093e-010
5231	1.3535e-010
5232	1.3788e-010
5233	1.4005e-010
5234	1.4468e-010
5235	1.4707e-010
5236	1.5001e-010
5237	1.5462e-010
5238	1.577e-010
5239	1.6034e-010
5240	1.6498e-010
5241	1.6905e-010
5242	1.7214e-010
5243	1.7565e-010
5244	1.7992e-010
5245	1.8461e-010
5246	1.8871e-010
5247	1.9273e-010
5248	1.971e-010
5249	2.0134e-010
5250	2.058e-010
5251	2.1068e-010
5252	2.1564e-010
5253	2.2057e-010
5254	2.2563e-010
5255	2.3093e-010
5256	2.3578e-010
5257	2.4124e-010
5258	2.4663e-010
5259	2.528e-010
5260	2.591e-010
5261	2.6578e-010
5262	2.7133e-010
5263	2.761e-010
5264	2.8344e-010
5265	2.9205e-010
5266	2.924e-010
5267	2.8462e-010
5268	2.7815e-010
5269	2.7471e-010
5270	2.6996e-010
5271	2.6394e-010
5272	2.5835e-010
5273	2.5162e-010
5274	2.4672e-010
5275	2.4105e-010
5276	2.3716e-010
5277	2.3237e-010
5278	2.2786e-010
5279	2.2337e-010
5280	2.1774e-010
5281	2.1372e-010
5282	2.0987e-010
5283	2.0853e-010
5284	2.0558e-010
5285	2.0239e-010
5286	2.029e-010
5287	1.9913e-010
5288	1.9508e-010
5289	1.9593e-010
5290	1.9189e-010
5291	1.9343e-010
5292	1.8886e-010
5293	1.8464e-010
5294	1.8543e-010
5295	1.6835e-010
5296	1.6314e-010
5297	1.8114e-010
5298	1.6559e-010
5299	1.6192e-010
5300	1.804e-010
5301	1.8017e-010
5302	1.8198e-010
5303	1.5342e-010
5304	1.5786e-010
5305	1.3915e-010
5306	1.3252e-010
5307	1.3955e-010
5308	1.3117e-010
5309	1.3713e-010
5310	1.2646e-010
5311	1.2658e-010
5312	1.1616e-010
5313	1.1788e-010
5314	1.1942e-010
5315	1.0924e-010
5316	1.2841e-010
5317	1.3467e-010
5318	1.2605e-010
5319	1.0688e-010
5320	1.0555e-010
5321	1.0976e-010
5322	1.1476e-010
5323	1.4135e-010
5324	1.5075e-010
5325	1.656e-010
5326	2.9374e-010
5327	6.5197e-010
5328	3.2578e-010
5329	1.9551e-009
5330	1.5174e-009
5331	4.1939e-010
5332	3.0764e-010
5333	6.0625e-011
5334	6.0149e-011
5335	7.6126e-011
5336	7.1028e-011
5337	7.222e-011
5338	7.4751e-011
5339	7.4374e-011
5340	7.316e-011
5341	7.3134e-011
5342	7.4149e-011
5343	7.4567e-011
5344	7.7045e-011
5345	7.6865e-011
5346	7.8371e-011
5347	7.986e-011
5348	8.1736e-011
5349	8.3784e-011
5350	8.5359e-011
5351	8.8096e-011
5352	8.9242e-011
5353	9.2356e-011
5354	9.3451e-011
5355	9.6324e-011
5356	9.8158e-011
5357	9.998e-011
5358	1.0383e-010
5359	1.0425e-010
5360	1.0933e-010
5361	1.0931e-010
5362	1.1213e-010
5363	1.1628e-010
5364	1.1678e-010
5365	1.205e-010
5366	1.2402e-010
5367	1.2495e-010
5368	1.2847e-010
5369	1.3341e-010
5370	1.3445e-010
5371	1.3667e-010
5372	1.4094e-010
5373	1.449e-010
5374	1.4779e-010
5375	1.5033e-010
5376	1.5339e-010
5377	1.5749e-010
5378	1.6133e-010
5379	1.6493e-010
5380	1.6868e-010
5381	1.7253e-010
5382	1.7597e-010
5383	1.8002e-010
5384	1.8417e-010
5385	1.8821e-010
5386	1.9288e-010
5387	1.9771e-010
5388	2.0233e-010
5389	2.0696e-010
5390	2.1132e-010
5391	2.1438e-010
5392	2.2045e-010
5393	2.2826e-010
5394	2.3411e-010
5395	2.3523e-010
5396	2.3572e-010
5397	2.3531e-010
5398	2.3073e-010
5399	2.2249e-010
5400	2.1567e-010
5401	2.1405e-010
5402	2.1073e-010
5403	2.0681e-010
5404	2.0216e-010
5405	1.9688e-010
5406	1.9161e-010
5407	1.88e-010
5408	1.8416e-010
5409	1.8054e-010
5410	1.7783e-010
5411	1.7512e-010
5412	1.7246e-010
5413	1.7086e-010
5414	1.6669e-010
5415	1.575e-010
5416	1.5949e-010
5417	1.6649e-010
5418	1.712e-010
5419	1.6239e-010
5420	1.4314e-010
5421	1.5486e-010
5422	1.7508e-010
5423	1.474e-010
5424	1.3771e-010
5425	1.5055e-010
5426	1.3482e-010
5427	1.3332e-010
5428	1.5462e-010
5429	1.2571e-010
5430	1.3595e-010
5431	1.7694e-010
5432	1.3327e-010
5433	1.4468e-010
5434	1.1824e-010
5435	1.0942e-010
5436	1.1375e-010
5437	1.0522e-010
5438	1.151e-010
5439	1.0353e-010
5440	1.0936e-010
5441	9.7586e-011
5442	9.6433e-011
5443	9.1784e-011
5444	9.1933e-011
5445	9.1308e-011
5446	1.0023e-010
5447	1.2315e-010
5448	9.874e-011
5449	8.8678e-011
5450	7.8783e-011
5451	8.824e-011
5452	9.8669e-011
5453	1.0159e-010
5454	1.4766e-010
5455	1.5085e-010
5456	2.3617e-010
5457	6.7954e-010
5458	3.4149e-010
5459	1.69e-009
5460	1.6033e-009
5461	4.1944e-010
5462	3.0756e-010
5463	6.0593e-011
5464	6.012e-011
5465	7.612e-011
5466	7.104e-011
5467	7.2241e-011
5468	7.477e-011
5469	7.4392e-011
5470	7.319e-011
5471	7.3182e-011
5472	7.4191e-011
5473	7.4558e-011
5474	7.6987e-011
5475	7.6798e-011
5476	7.8317e-011
5477	7.9838e-011
5478	8.176e-011
5479	8.3829e-011
5480	8.5395e-011
5481	8.8118e-011
5482	8.9252e-011
5483	9.2363e-011
5484	9.3459e-011
5485	9.634e-011
5486	9.8175e-011
5487	1.e-010
5488	1.0386e-010
5489	1.0425e-010
5490	1.093e-010
5491	1.0926e-010
5492	1.121e-010
5493	1.1628e-010
5494	1.1678e-010
5495	1.2048e-010
5496	1.2403e-010
5497	1.2503e-010
5498	1.2857e-010
5499	1.3344e-010
5500	1.3453e-010
5501	1.3675e-010
5502	1.4097e-010
5503	1.4494e-010
5504	1.4774e-010
5505	1.5032e-010
5506	1.5348e-010
5507	1.5764e-010
5508	1.6145e-010
5509	1.6509e-010
5510	1.6885e-010
5511	1.7256e-010
5512	1.7605e-010
5513	1.8e-010
5514	1.8407e-010
5515	1.8822e-010
5516	1.9292e-010
5517	1.9768e-010
5518	2.0225e-010
5519	2.0676e-010
5520	2.11e-010
5521	2.1419e-010
5522	2.2042e-010
5523	2.2817e-010
5524	2.3398e-010
5525	2.3498e-010
5526	2.355e-010
5527	2.3521e-010
5528	2.3078e-010
5529	2.2236e-010
5530	2.1547e-010
5531	2.1384e-010
5532	2.1049e-010
5533	2.0657e-010
5534	2.019e-010
5535	1.9678e-010
5536	1.915e-010
5537	1.8774e-010
5538	1.8392e-010
5539	1.8038e-010
5540	1.7762e-010
5541	1.752e-010
5542	1.7229e-010
5543	1.7074e-010
5544	1.6652e-010
5545	1.5728e-010
5546	1.5924e-010
5547	1.6618e-010
5548	1.71e-010
5549	1.6212e-010
5550	1.4288e-010
5551	1.5462e-010
5552	1.7492e-010
5553	1.4728e-010
5554	1.3762e-010
5555	1.5049e-010
5556	1.3476e-010
5557	1.3328e-010
5558	1.5458e-010
5559	1.2569e-010
5560	1.3594e-010
5561	1.7694e-010
5562	1.3328e-010
5563	1.4468e-010
5564	1.1823e-010
5565	1.0941e-010
5566	1.1376e-010
5567	1.0523e-010
5568	1.151e-010
5569	1.0353e-010
5570	1.0934e-010
5571	9.7584e-011
5572	9.6447e-011
5573	9.1783e-011
5574	9.1906e-011
5575	9.1249e-011
5576	1.0017e-010
5577	1.2307e-010
5578	9.8681e-011
5579	8.8615e-011
5580	7.8728e-011
5581	8.8189e-011
5582	9.8614e-011
5583	1.0154e-010
5584	1.476e-010
5585	1.508e-010
5586	2.3613e-010
5587	6.7954e-010
5588	3.4148e-010
5589	1.69e-009
5590	1.6032e-009
5591	3.9953e-010
5592	4.0584e-010
5593	1.0071e-010
5594	8.5676e-011
5595	8.5431e-011
5596	8.5423e-011
5597	8.7383e-011
5598	8.9552e-011
5599	8.884e-011
5600	8.9962e-011
5601	9.0111e-011
5602	9.0532e-011
5603	9.2348e-011
5604	9.2814e-011
5605	9.5116e-011
5606	9.6146e-011
5607	9.8348e-011
5608	1.0047e-010
5609	1.0257e-010
5610	1.0526e-010
5611	1.0706e-010
5612	1.1034e-010
5613	1.1205e-010
5614	1.1539e-010
5615	1.1742e-010
5616	1.2036e-010
5617	1.2362e-010
5618	1.2527e-010
5619	1.2977e-010
5620	1.3098e-010
5621	1.3538e-010
5622	1.3789e-010
5623	1.4005e-010
5624	1.4464e-010
5625	1.4701e-010
5626	1.5e-010
5627	1.5473e-010
5628	1.5785e-010
5629	1.6049e-010
5630	1.6503e-010
5631	1.6909e-010
5632	1.7214e-010
5633	1.7558e-010
5634	1.799e-010
5635	1.8463e-010
5636	1.889e-010
5637	1.9295e-010
5638	1.9724e-010
5639	2.0149e-010
5640	2.0597e-010
5641	2.1078e-010
5642	2.1561e-010
5643	2.2049e-010
5644	2.255e-010
5645	2.3089e-010
5646	2.3589e-010
5647	2.4128e-010
5648	2.4648e-010
5649	2.5257e-010
5650	2.5864e-010
5651	2.6537e-010
5652	2.7118e-010
5653	2.7606e-010
5654	2.8325e-010
5655	2.9179e-010
5656	2.9199e-010
5657	2.8431e-010
5658	2.7807e-010
5659	2.7448e-010
5660	2.6964e-010
5661	2.6364e-010
5662	2.5797e-010
5663	2.5124e-010
5664	2.4635e-010
5665	2.4095e-010
5666	2.3704e-010
5667	2.3188e-010
5668	2.2736e-010
5669	2.2304e-010
5670	2.1772e-010
5671	2.1299e-010
5672	2.0991e-010
5673	2.0829e-010
5674	2.0529e-010
5675	2.0196e-010
5676	2.0244e-010
5677	1.9865e-010
5678	1.9458e-010
5679	1.9563e-010
5680	1.9147e-010
5681	1.93e-010
5682	1.8861e-010
5683	1.8449e-010
5684	1.8532e-010
5685	1.6825e-010
5686	1.6303e-010
5687	1.8099e-010
5688	1.6546e-010
5689	1.6185e-010
5690	1.8037e-010
5691	1.8013e-010
5692	1.8192e-010
5693	1.5338e-010
5694	1.5781e-010
5695	1.3912e-010
5696	1.3253e-010
5697	1.3956e-010
5698	1.3118e-010
5699	1.3713e-010
5700	1.2649e-010
5701	1.2661e-010
5702	1.1618e-010
5703	1.1788e-010
5704	1.1942e-010
5705	1.092e-010
5706	1.2837e-010
5707	1.3457e-010
5708	1.2597e-010
5709	1.0676e-010
5710	1.0543e-010
5711	1.0965e-010
5712	1.1465e-010
5713	1.4125e-010
5714	1.5063e-010
5715	1.6551e-010
5716	2.9368e-010
5717	6.5195e-010
5718	3.2576e-010
5719	1.955e-009
5720	1.5173e-009
5721	4.1939e-010
5722	3.0751e-010
5723	6.0572e-011
5724	6.0094e-011
5725	7.6088e-011
5726	7.1007e-011
5727	7.2212e-011
5728	7.4749e-011
5729	7.438e-011
5730	7.3185e-011
5731	7.318e-011
5732	7.419e-011
5733	7.4561e-011
5734	7.6989e-011
5735	7.6803e-011
5736	7.8327e-011
5737	7.9849e-011
5738	8.1766e-011
5739	8.3833e-011
5740	8.5399e-011
5741	8.8111e-011
5742	8.9236e-011
5743	9.2341e-011
5744	9.3454e-011
5745	9.6345e-011
5746	9.8194e-011
5747	1.0002e-010
5748	1.0388e-010
5749	1.0428e-010
5750	1.0933e-010
5751	1.0929e-010
5752	1.1212e-010
5753	1.1627e-010
5754	1.1678e-010
5755	1.2049e-010
5756	1.2404e-010
5757	1.2505e-010
5758	1.2857e-010
5759	1.3342e-010
5760	1.345e-010
5761	1.3675e-010
5762	1.4098e-010
5763	1.4494e-010
5764	1.4775e-010
5765	1.5031e-010
5766	1.5346e-010
5767	1.5762e-010
5768	1.614e-010
5769	1.6512e-010
5770	1.688e-010
5771	1.7253e-010
5772	1.7604e-010
5773	1.7997e-010
5774	1.8413e-010
5775	1.8821e-010
5776	1.9297e-010
5777	1.9763e-010
5778	2.022e-010
5779	2.0677e-010
5780	2.11e-010
5781	2.1417e-010
5782	2.2025e-010
5783	2.2816e-010
5784	2.3388e-010
5785	2.3502e-010
5786	2.3559e-010
5787	2.3507e-010
5788	2.3074e-010
5789	2.2229e-010
5790	2.1541e-010
5791	2.1379e-010
5792	2.1046e-010
5793	2.0658e-010
5794	2.0179e-010
5795	1.9683e-010
5796	1.9149e-010
5797	1.8775e-010
5798	1.8384e-010
5799	1.8038e-010
5800	1.7759e-010
5801	1.7508e-010
5802	1.7227e-010
5803	1.707e-010
5804	1.665e-010
5805	1.5724e-010
5806	1.5921e-010
5807	1.6601e-010
5808	1.7078e-010
5809	1.6195e-010
5810	1.4288e-010
5811	1.5461e-010
5812	1.7495e-010
5813	1.473e-010
5814	1.3762e-010
5815	1.5045e-010
5816	1.3471e-010
5817	1.3325e-010
5818	1.5454e-010
5819	1.2569e-010
5820	1.3594e-010
5821	1.769e-010
5822	1.3327e-010
5823	1.4467e-010
5824	1.1823e-010
5825	1.094e-010
5826	1.1374e-010
5827	1.0523e-010
5828	1.1511e-010
5829	1.0355e-010
5830	1.0935e-010
5831	9.7589e-011
5832	9.6435e-011
5833	9.1771e-011
5834	9.1902e-011
5835	9.1233e-011
5836	1.0017e-010
5837	1.2306e-010
5838	9.8675e-011
5839	8.8607e-011
5840	7.8729e-011
5841	8.8185e-011
5842	9.8622e-011
5843	1.0153e-010
5844	1.4758e-010
5845	1.5078e-010
5846	2.3612e-010
5847	6.7951e-010
5848	3.4147e-010
5849	1.6899e-009
5850	1.6032e-009
5851	4.1939e-010
5852	3.0751e-010
5853	6.0572e-011
5854	6.0094e-011
5855	7.6088e-011
5856	7.1007e-011
5857	7.2212e-011
5858	7.4749e-011
5859	7.438e-011
5860	7.3185e-011
5861	7.3181e-011
5862	7.419e-011
5863	7.4561e-011
5864	7.6989e-011
5865	7.6803e-011
5866	7.8327e-011
5867	7.9849e-011
5868	8.1766e-011
5869	8.3833e-011
5870	8.5399e-011
5871	8.8111e-011
5872	8.9236e-011
5873	9.2341e-011
5874	9.3454e-011
5875	9.6345e-011
5876	9.8193e-011
5877	1.0002e-010
5878	1.0388e-010
5879	1.0428e-010
5880	1.0933e-010
5881	1.0929e-010
5882	1.1212e-010
5883	1.1627e-010
5884	1.1678e-010
5885	1.2049e-010
5886	1.2404e-010
5887	1.2505e-010
5888	1.2857e-010
5889	1.3342e-010
5890	1.345e-010
5891	1.3675e-010
5892	1.4098e-010
5893	1.4494e-010
5894	1.4775e-010
5895	1.5031e-010
5896	1.5346e-010
5897	1.5762e-010
5898	1.614e-010
5899	1.6512e-010
5900	1.688e-010
5901	1.7253e-010
5902	1.7604e-010
5903	1.7997e-010
5904	1.8413e-010
5905	1.8821e-010
5906	1.9297e-010
5907	1.9763e-010
5908	2.022e-010
5909	2.0677e-010
5910	2.11e-010
5911	2.1417e-010
5912	2.2025e-010
5913	2.2816e-010
5914	2.3388e-010
5915	2.3502e-010
5916	2.3559e-010
5917	2.3507e-010
5918	2.3074e-010
5919	2.2229e-010
5920	2.1541e-010
5921	2.1379e-010
5922	2.1046e-010
5923	2.0658e-010
5924	2.0179e-010
5925	1.9683e-010
5926	1.9149e-010
5927	1.8775e-010
5928	1.8384e-010
5929	1.8038e-010
5930	1.776e-010
5931	1.7506e-010
5932	1.7228e-010
5933	1.707e-010
5934	1.6648e-010
5935	1.5727e-010
5936	1.5914e-010
5937	1.6624e-010
5938	1.7064e-010
5939	1.6214e-010
5940	1.428e-010
5941	1.5465e-010
5942	1.7494e-010
5943	1.473e-010
5944	1.3762e-010
5945	1.5045e-010
5946	1.3471e-010
5947	1.3325e-010
5948	1.5454e-010
5949	1.2569e-010
5950	1.3594e-010
5951	1.769e-010
5952	1.3327e-010
5953	1.4467e-010
5954	1.1823e-010
5955	1.094e-010
5956	1.1374e-010
5957	1.0523e-010
5958	1.1511e-010
5959	1.0355e-010
5960	1.0935e-010
5961	9.7589e-011
5962	9.6435e-011
5963	9.177e-011
5964	9.1902e-011
5965	9.1233e-011
5966	1.0017e-010
5967	1.2306e-010
5968	9.8675e-011
5969	8.8607e-011
5970	7.8729e-011
5971	8.8185e-011
5972	9.8622e-011
5973	1.0153e-010
5974	1.4758e-010
5975	1.5078e-010
5976	2.3612e-010
5977	6.7951e-010
5978	3.4147e-010
5979	1.6899e-009
5980	1.6032e-009
5981	3.9953e-010
5982	4.0584e-010
5983	1.0071e-010
5984	8.5676e-011
5985	8.5431e-011
5986	8.5423e-011
5987	8.7383e-011
5988	8.9552e-011
5989	8.884e-011
5990	8.9962e-011
5991	9.0111e-011
5992	9.0532e-011
5993	9.2348e-011
5994	9.2814e-011
5995	9.5116e-011
5996	9.6146e-011
5997	9.8348e-011
5998	1.0047e-010
5999	1.0257e-010
6000	1.0526e-010
6001	1.0706e-010
6002	1.1034e-010
6003	1.1205e-010
6004	1.1539e-010
6005	1.1742e-010
6006	1.2036e-010
6007	1.2362e-010
6008	1.2527e-010
6009	1.2977e-010
6010	1.3098e-010
6011	1.3538e-010
6012	1.3789e-010
6013	1.4005e-010
6014	1.4464e-010
6015	1.4701e-010
6016	1.5e-010
6017	1.5473e-010
6018	1.5785e-010
6019	1.6049e-010
6020	1.6503e-010
6021	1.6909e-010
6022	1.7214e-010
6023	1.7558e-010
6024	1.799e-010
6025	1.8463e-010
6026	1.889e-010
6027	1.9295e-010
6028	1.9724e-010
6029	2.0149e-010
6030	2.0598e-010
6031	2.1078e-010
6032	2.1561e-010
6033	2.2049e-010
6034	2.255e-010
6035	2.3089e-010
6036	2.3589e-010
6037	2.4128e-010
6038	2.4648e-010
6039	2.5257e-010
6040	2.5864e-010
6041	2.6537e-010
6042	2.7118e-010
6043	2.7606e-010
6044	2.8325e-010
6045	2.9179e-010
6046	2.9199e-010
6047	2.8431e-010
6048	2.7807e-010
6049	2.7448e-010
6050	2.6964e-010
6051	2.6364e-010
6052	2.5797e-010
6053	2.5124e-010
6054	2.4635e-010
6055	2.4095e-010
6056	2.3704e-010
6057	2.3188e-010
6058	2.2737e-010
6059	2.2305e-010
6060	2.1766e-010
6061	2.1312e-010
6062	2.0985e-010
6063	2.083e-010
6064	2.053e-010
6065	2.0192e-010
6066	2.0264e-010
6067	1.9843e-010
6068	1.9449e-010
6069	1.9533e-010
6070	1.9162e-010
6071	1.9298e-010
6072	1.8862e-010
6073	1.8449e-010
6074	1.8532e-010
6075	1.6825e-010
6076	1.6303e-010
6077	1.8099e-010
6078	1.6546e-010
6079	1.6185e-010
6080	1.8037e-010
6081	1.8013e-010
6082	1.8192e-010
6083	1.5338e-010
6084	1.5781e-010
6085	1.3912e-010
6086	1.3253e-010
6087	1.3956e-010
6088	1.3119e-010
6089	1.3713e-010
6090	1.2649e-010
6091	1.2661e-010
6092	1.1618e-010
6093	1.1788e-010
6094	1.1942e-010
6095	1.092e-010
6096	1.2837e-010
6097	1.3457e-010
6098	1.2597e-010
6099	1.0676e-010
6100	1.0543e-010
6101	1.0965e-010
6102	1.1465e-010
6103	1.4125e-010
6104	1.5063e-010
6105	1.6551e-010
6106	2.9368e-010
6107	6.5195e-010
6108	3.2576e-010
6109	1.955e-009
6110	1.5173e-009
6111	4.1944e-010
6112	3.0756e-010
6113	6.0593e-011
6114	6.012e-011
6115	7.612e-011
6116	7.104e-011
6117	7.2241e-011
6118	7.477e-011
6119	7.4392e-011
6120	7.319e-011
6121	7.3182e-011
6122	7.4191e-011
6123	7.4558e-011
6124	7.6987e-011
6125	7.6798e-011
6126	7.8317e-011
6127	7.9838e-011
6128	8.176e-011
6129	8.3829e-011
6130	8.5395e-011
6131	8.8118e-011
6132	8.9252e-011
6133	9.2363e-011
6134	9.3459e-011
6135	9.634e-011
6136	9.8175e-011
6137	1.e-010
6138	1.0386e-010
6139	1.0425e-010
6140	1.093e-010
6141	1.0926e-010
6142	1.121e-010
6143	1.1628e-010
6144	1.1678e-010
6145	1.2048e-010
6146	1.2403e-010
6147	1.2503e-010
6148	1.2857e-010
6149	1.3344e-010
6150	1.3453e-010
6151	1.3675e-010
6152	1.4097e-010
6153	1.4494e-010
6154	1.4774e-010
6155	1.5032e-010
6156	1.5348e-010
6157	1.5764e-010
6158	1.6145e-010
6159	1.6509e-010
6160	1.6885e-010
6161	1.7256e-010
6162	1.7605e-010
6163	1.8e-010
6164	1.8407e-010
6165	1.8822e-010
6166	1.9292e-010
6167	1.9768e-010
6168	2.0225e-010
6169	2.0676e-010
6170	2.11e-010
6171	2.1419e-010
6172	2.2042e-010
6173	2.2817e-010
6174	2.3398e-010
6175	2.3498e-010
6176	2.355e-010
6177	2.3521e-010
6178	2.3078e-010
6179	2.2236e-010
6180	2.1547e-010
6181	2.1384e-010
6182	2.1049e-010
6183	2.0657e-010
6184	2.019e-010
6185	1.9678e-010
6186	1.915e-010
6187	1.8774e-010
6188	1.8392e-010
6189	1.8035e-010
6190	1.778e-010
6191	1.7518e-010
6192	1.7246e-010
6193	1.707e-010
6194	1.665e-010
6195	1.5732e-010
6196	1.5924e-010
6197	1.6622e-010
6198	1.7079e-010
6199	1.6209e-010
6200	1.4284e-010
6201	1.5469e-010
6202	1.749e-010
6203	1.4728e-010
6204	1.3762e-010
6205	1.5049e-010
6206	1.3476e-010
6207	1.3328e-010
6208	1.5458e-010
6209	1.2569e-010
6210	1.3594e-010
6211	1.7694e-010
6212	1.3328e-010
6213	1.4468e-010
6214	1.1823e-010
6215	1.0941e-010
6216	1.1376e-010
6217	1.0523e-010
6218	1.151e-010
6219	1.0353e-010
6220	1.0934e-010
6221	9.7585e-011
6222	9.6447e-011
6223	9.1783e-011
6224	9.1907e-011
6225	9.1249e-011
6226	1.0018e-010
6227	1.2307e-010
6228	9.8681e-011
6229	8.8615e-011
6230	7.8728e-011
6231	8.819e-011
6232	9.8614e-011
6233	1.0154e-010
6234	1.476e-010
6235	1.508e-010
6236	2.3613e-010
6237	6.7954e-010
6238	3.4148e-010
6239	1.69e-009
6240	1.6032e-009
6241	4.1939e-010
6242	3.0764e-010
6243	6.0625e-011
6244	6.0149e-011
6245	7.6126e-011
6246	7.1028e-011
6247	7.222e-011
6248	7.4751e-011
6249	7.4374e-011
6250	7.316e-011
6251	7.3134e-011
6252	7.4149e-011
6253	7.4567e-011
6254	7.7045e-011
6255	7.6865e-011
6256	7.8371e-011
6257	7.986e-011
6258	8.1736e-011
6259	8.3784e-011
6260	8.5359e-011
6261	8.8096e-011
6262	8.9242e-011
6263	9.2356e-011
6264	9.3451e-011
6265	9.6324e-011
6266	9.8157e-011
6267	9.9981e-011
6268	1.0383e-010
6269	1.0424e-010
6270	1.0933e-010
6271	1.0931e-010
6272	1.1213e-010
6273	1.1628e-010
6274	1.1678e-010
6275	1.205e-010
6276	1.2402e-010
6277	1.2496e-010
6278	1.2847e-010
6279	1.3339e-010
6280	1.3446e-010
6281	1.3667e-010
6282	1.4094e-010
6283	1.449e-010
6284	1.4779e-010
6285	1.5033e-010
6286	1.5339e-010
6287	1.5749e-010
6288	1.6133e-010
6289	1.6493e-010
6290	1.6868e-010
6291	1.7253e-010
6292	1.7597e-010
6293	1.8002e-010
6294	1.8417e-010
6295	1.8821e-010
6296	1.9288e-010
6297	1.9771e-010
6298	2.0233e-010
6299	2.0696e-010
6300	2.1132e-010
6301	2.1438e-010
6302	2.2045e-010
6303	2.2826e-010
6304	2.3411e-010
6305	2.3523e-010
6306	2.3572e-010
6307	2.3531e-010
6308	2.3073e-010
6309	2.2249e-010
6310	2.1567e-010
6311	2.1405e-010
6312	2.1073e-010
6313	2.0681e-010
6314	2.0216e-010
6315	1.9688e-010
6316	1.9162e-010
6317	1.8799e-010
6318	1.8421e-010
6319	1.8052e-010
6320	1.7742e-010
6321	1.769e-010
6322	1.7213e-010
6323	1.7087e-010
6324	1.6671e-010
6325	1.5754e-010
6326	1.5948e-010
6327	1.6655e-010
6328	1.7104e-010
6329	1.6238e-010
6330	1.4309e-010
6331	1.5493e-010
6332	1.7506e-010
6333	1.4741e-010
6334	1.3771e-010
6335	1.5055e-010
6336	1.3482e-010
6337	1.3333e-010
6338	1.5462e-010
6339	1.2571e-010
6340	1.3595e-010
6341	1.7694e-010
6342	1.3327e-010
6343	1.4468e-010
6344	1.1824e-010
6345	1.0942e-010
6346	1.1375e-010
6347	1.0522e-010
6348	1.151e-010
6349	1.0353e-010
6350	1.0935e-010
6351	9.7586e-011
6352	9.6432e-011
6353	9.1784e-011
6354	9.1934e-011
6355	9.1308e-011
6356	1.0023e-010
6357	1.2315e-010
6358	9.874e-011
6359	8.8678e-011
6360	7.8783e-011
6361	8.824e-011
6362	9.8669e-011
6363	1.0159e-010
6364	1.4766e-010
6365	1.5085e-010
6366	2.3617e-010
6367	6.7954e-010
6368	3.4149e-010
6369	1.69e-009
6370	1.6033e-009
6371	3.995e-010
6372	4.0581e-010
6373	1.0071e-010
6374	8.5716e-011
6375	8.5457e-011
6376	8.5414e-011
6377	8.7355e-011
6378	8.952e-011
6379	8.8802e-011
6380	8.9914e-011
6381	9.0048e-011
6382	9.0493e-011
6383	9.2386e-011
6384	9.2911e-011
6385	9.5222e-011
6386	9.6213e-011
6387	9.8355e-011
6388	1.0039e-010
6389	1.0247e-010
6390	1.0518e-010
6391	1.0703e-010
6392	1.1034e-010
6393	1.1207e-010
6394	1.154e-010
6395	1.1739e-010
6396	1.2027e-010
6397	1.2353e-010
6398	1.2522e-010
6399	1.2973e-010
6400	1.3093e-010
6401	1.3535e-010
6402	1.3788e-010
6403	1.4005e-010
6404	1.4468e-010
6405	1.4707e-010
6406	1.5001e-010
6407	1.5462e-010
6408	1.5768e-010
6409	1.6039e-010
6410	1.6496e-010
6411	1.6905e-010
6412	1.7215e-010
6413	1.7565e-010
6414	1.7992e-010
6415	1.8461e-010
6416	1.8871e-010
6417	1.9273e-010
6418	1.971e-010
6419	2.0134e-010
6420	2.058e-010
6421	2.1069e-010
6422	2.1564e-010
6423	2.2057e-010
6424	2.2563e-010
6425	2.3093e-010
6426	2.3578e-010
6427	2.4124e-010
6428	2.4663e-010
6429	2.528e-010
6430	2.591e-010
6431	2.6578e-010
6432	2.7133e-010
6433	2.761e-010
6434	2.8344e-010
6435	2.9205e-010
6436	2.924e-010
6437	2.8462e-010
6438	2.7815e-010
6439	2.7471e-010
6440	2.6995e-010
6441	2.6394e-010
6442	2.5835e-010
6443	2.5162e-010
6444	2.4672e-010
6445	2.4105e-010
6446	2.3715e-010
6447	2.3238e-010
6448	2.278e-010
6449	2.2346e-010
6450	2.1876e-010
6451	2.1276e-010
6452	2.1092e-010
6453	2.0869e-010
6454	2.0551e-010
6455	2.0238e-010
6456	2.03e-010
6457	1.9903e-010
6458	1.9494e-010
6459	1.9579e-010
6460	1.9197e-010
6461	1.9341e-010
6462	1.8889e-010
6463	1.8463e-010
6464	1.8542e-010
6465	1.6836e-010
6466	1.6314e-010
6467	1.8114e-010
6468	1.6559e-010
6469	1.6192e-010
6470	1.804e-010
6471	1.8017e-010
6472	1.8198e-010
6473	1.5342e-010
6474	1.5786e-010
6475	1.3915e-010
6476	1.3252e-010
6477	1.3955e-010
6478	1.3117e-010
6479	1.3713e-010
6480	1.2646e-010
6481	1.2658e-010
6482	1.1616e-010
6483	1.1788e-010
6484	1.1942e-010
6485	1.0924e-010
6486	1.2841e-010
6487	1.3467e-010
6488	1.2605e-010
6489	1.0688e-010
6490	1.0555e-010
6491	1.0976e-010
6492	1.1476e-010
6493	1.4135e-010
6494	1.5075e-010
6495	1.656e-010
6496	2.9374e-010
6497	6.5197e-010
6498	3.2578e-010
6499	1.9551e-009
6500	1.5174e-009
6501	4.1939e-010
6502	3.0764e-010
6503	6.0625e-011
6504	6.0149e-011
6505	7.6126e-011
6506	7.1028e-011
6507	7.222e-011
6508	7.4751e-011
6509	7.4374e-011
6510	7.316e-011
6511	7.3134e-011
6512	7.4149e-011
6513	7.4567e-011
6514	7.7045e-011
6515	7.6865e-011
6516	7.8371e-011
6517	7.986e-011
6518	8.1736e-011
6519	8.3784e-011
6520	8.536e-011
6521	8.8096e-011
6522	8.9242e-011
6523	9.2355e-011
6524	9.3451e-011
6525	9.6324e-011
6526	9.8157e-011
6527	9.9981e-011
6528	1.0383e-010
6529	1.0424e-010
6530	1.0933e-010
6531	1.0931e-010
6532	1.1213e-010
6533	1.1628e-010
6534	1.1678e-010
6535	1.205e-010
6536	1.2402e-010
6537	1.2496e-010
6538	1.2847e-010
6539	1.3339e-010
6540	1.3446e-010
6541	1.3667e-010
6542	1.4093e-010
6543	1.449e-010
6544	1.4779e-010
6545	1.5033e-010
6546	1.5339e-010
6547	1.5749e-010
6548	1.6133e-010
6549	1.6493e-010
6550	1.6868e-010
6551	1.7253e-010
6552	1.7597e-010
6553	1.8002e-010
6554	1.8417e-010
6555	1.8821e-010
6556	1.9288e-010
6557	1.9771e-010
6558	2.0233e-010
6559	2.0696e-010
6560	2.1132e-010
6561	2.1438e-010
6562	2.2045e-010
6563	2.2826e-010
6564	2.3411e-010
6565	2.3523e-010
6566	2.3572e-010
6567	2.3531e-010
6568	2.3073e-010
6569	2.2249e-010
6570	2.1567e-010
6571	2.1405e-010
6572	2.1073e-010
6573	2.0681e-010
6574	2.0216e-010
6575	1.9688e-010
6576	1.9162e-010
6577	1.88e-010
6578	1.842e-010
6579	1.805e-010
6580	1.778e-010
6581	1.7645e-010
6582	1.7254e-010
6583	1.7087e-010
6584	1.6672e-010
6585	1.5749e-010
6586	1.5952e-010
6587	1.6642e-010
6588	1.7107e-010
6589	1.6231e-010
6590	1.4316e-010
6591	1.5487e-010
6592	1.7513e-010
6593	1.4741e-010
6594	1.3771e-010
6595	1.5055e-010
6596	1.3482e-010
6597	1.3333e-010
6598	1.5462e-010
6599	1.2571e-010
6600	1.3595e-010
6601	1.7694e-010
6602	1.3327e-010
6603	1.4468e-010
6604	1.1824e-010
6605	1.0942e-010
6606	1.1375e-010
6607	1.0522e-010
6608	1.151e-010
6609	1.0353e-010
6610	1.0935e-010
6611	9.7586e-011
6612	9.6432e-011
6613	9.1784e-011
6614	9.1934e-011
6615	9.1308e-011
6616	1.0023e-010
6617	1.2315e-010
6618	9.874e-011
6619	8.8678e-011
6620	7.8783e-011
6621	8.824e-011
6622	9.8669e-011
6623	1.0159e-010
6624	1.4766e-010
6625	1.5085e-010
6626	2.3617e-010
6627	6.7954e-010
6628	3.4149e-010
6629	1.69e-009
6630	1.6033e-009
6631	4.1944e-010
6632	3.0756e-010
6633	6.0593e-011
6634	6.012e-011
6635	7.612e-011
6636	7.104e-011
6637	7.2241e-011
6638	7.477e-011
6639	7.4392e-011
6640	7.319e-011
6641	7.3181e-011
6642	7.4191e-011
6643	7.4558e-011
6644	7.6987e-011
6645	7.6798e-011
6646	7.8317e-011
6647	7.9838e-011
6648	8.1759e-011
6649	8.3829e-011
6650	8.5395e-011
6651	8.8118e-011
6652	8.9252e-011
6653	9.2363e-011
6654	9.3459e-011
6655	9.634e-011
6656	9.8175e-011
6657	1.e-010
6658	1.0387e-010
6659	1.0425e-010
6660	1.093e-010
6661	1.0926e-010
6662	1.121e-010
6663	1.1628e-010
6664	1.1679e-010
6665	1.2048e-010
6666	1.2403e-010
6667	1.2503e-010
6668	1.2857e-010
6669	1.3344e-010
6670	1.3453e-010
6671	1.3676e-010
6672	1.4097e-010
6673	1.4494e-010
6674	1.4774e-010
6675	1.5032e-010
6676	1.5348e-010
6677	1.5764e-010
6678	1.6145e-010
6679	1.6509e-010
6680	1.6885e-010
6681	1.7256e-010
6682	1.7605e-010
6683	1.8e-010
6684	1.8407e-010
6685	1.8822e-010
6686	1.9292e-010
6687	1.9768e-010
6688	2.0225e-010
6689	2.0676e-010
6690	2.11e-010
6691	2.1419e-010
6692	2.2042e-010
6693	2.2817e-010
6694	2.3398e-010
6695	2.3498e-010
6696	2.355e-010
6697	2.3521e-010
6698	2.3078e-010
6699	2.2236e-010
6700	2.1547e-010
6701	2.1384e-010
6702	2.1049e-010
6703	2.0657e-010
6704	2.019e-010
6705	1.9678e-010
6706	1.915e-010
6707	1.8774e-010
6708	1.8392e-010
6709	1.8034e-010
6710	1.782e-010
6711	1.7504e-010
6712	1.7293e-010
6713	1.7074e-010
6714	1.6651e-010
6715	1.5728e-010
6716	1.5924e-010
6717	1.6624e-010
6718	1.7112e-010
6719	1.6219e-010
6720	1.4286e-010
6721	1.5463e-010
6722	1.751e-010
6723	1.4729e-010
6724	1.3761e-010
6725	1.505e-010
6726	1.3476e-010
6727	1.3328e-010
6728	1.5458e-010
6729	1.2569e-010
6730	1.3594e-010
6731	1.7694e-010
6732	1.3328e-010
6733	1.4468e-010
6734	1.1823e-010
6735	1.0941e-010
6736	1.1376e-010
6737	1.0523e-010
6738	1.151e-010
6739	1.0353e-010
6740	1.0934e-010
6741	9.7584e-011
6742	9.6447e-011
6743	9.1783e-011
6744	9.1906e-011
6745	9.1249e-011
6746	1.0017e-010
6747	1.2307e-010
6748	9.8681e-011
6749	8.8615e-011
6750	7.8728e-011
6751	8.819e-011
6752	9.8614e-011
6753	1.0154e-010
6754	1.476e-010
6755	1.508e-010
6756	2.3613e-010
6757	6.7954e-010
6758	3.4148e-010
6759	1.69e-009
6760	1.6032e-009
6761	3.9953e-010
6762	4.0584e-010
6763	1.0071e-010
6764	8.5676e-011
6765	8.5431e-011
6766	8.5423e-011
6767	8.7383e-011
6768	8.9552e-011
6769	8.884e-011
6770	8.9962e-011
6771	9.0111e-011
6772	9.0532e-011
6773	9.2348e-011
6774	9.2814e-011
6775	9.5116e-011
6776	9.6146e-011
6777	9.8348e-011
6778	1.0047e-010
6779	1.0257e-010
6780	1.0526e-010
6781	1.0706e-010
6782	1.1034e-010
6783	1.1206e-010
6784	1.1539e-010
6785	1.1742e-010
6786	1.2036e-010
6787	1.2362e-010
6788	1.2527e-010
6789	1.2977e-010
6790	1.3098e-010
6791	1.3538e-010
6792	1.3789e-010
6793	1.4005e-010
6794	1.4464e-010
6795	1.4701e-010
6796	1.5e-010
6797	1.5473e-010
6798	1.5785e-010
6799	1.6049e-010
6800	1.6503e-010
6801	1.6909e-010
6802	1.7214e-010
6803	1.7558e-010
6804	1.799e-010
6805	1.8463e-010
6806	1.889e-010
6807	1.9295e-010
6808	1.9724e-010
6809	2.0149e-010
6810	2.0598e-010
6811	2.1078e-010
6812	2.1561e-010
6813	2.2049e-010
6814	2.255e-010
6815	2.3089e-010
6816	2.3589e-010
6817	2.4128e-010
6818	2.4648e-010
6819	2.5257e-010
6820	2.5864e-010
6821	2.6537e-010
6822	2.7118e-010
6823	2.7606e-010
6824	2.8325e-010
6825	2.9179e-010
6826	2.9199e-010
6827	2.8431e-010
6828	2.7807e-010
6829	2.7448e-010
6830	2.6964e-010
6831	2.6364e-010
6832	2.5797e-010
6833	2.5124e-010
6834	2.4635e-010
6835	2.4095e-010
6836	2.3704e-010
6837	2.3188e-010
6838	2.2734e-010
6839	2.2307e-010
6840	2.181e-010
6841	2.1268e-010
6842	2.1034e-010
6843	2.0833e-010
6844	2.0527e-010
6845	2.0197e-010
6846	2.0242e-010
6847	1.9868e-010
6848	1.9477e-010
6849	1.9568e-010
6850	1.9144e-010
6851	1.9298e-010
6852	1.888e-010
6853	1.8447e-010
6854	1.8531e-010
6855	1.6827e-010
6856	1.6303e-010
6857	1.8099e-010
6858	1.6546e-010
6859	1.6185e-010
6860	1.8037e-010
6861	1.8013e-010
6862	1.8192e-010
6863	1.5338e-010
6864	1.5781e-010
6865	1.3912e-010
6866	1.3253e-010
6867	1.3956e-010
6868	1.3118e-010
6869	1.3713e-010
6870	1.2649e-010
6871	1.2661e-010
6872	1.1618e-010
6873	1.1788e-010
6874	1.1942e-010
6875	1.092e-010
6876	1.2837e-010
6877	1.3457e-010
6878	1.2597e-010
6879	1.0676e-010
6880	1.0543e-010
6881	1.0965e-010
6882	1.1465e-010
6883	1.4125e-010
6884	1.5063e-010
6885	1.6551e-010
6886	2.9368e-010
6887	6.5195e-010
6888	3.2576e-010
6889	1.955e-009
6890	1.5173e-009
6891	4.1939e-010
6892	3.0751e-010
6893	6.0572e-011
6894	6.0094e-011
6895	7.6088e-011
6896	7.1007e-011
6897	7.2212e-011
6898	7.4749e-011
6899	7.438e-011
6900	7.3185e-011
6901	7.318e-011
6902	7.419e-011
6903	7.4561e-011
6904	7.6988e-011
6905	7.6803e-011
6906	7.8327e-011
6907	7.9849e-011
6908	8.1766e-011
6909	8.3833e-011
6910	8.5399e-011
6911	8.8111e-011
6912	8.9236e-011
6913	9.2342e-011
6914	9.3454e-011
6915	9.6345e-011
6916	9.8193e-011
6917	1.0003e-010
6918	1.0388e-010
6919	1.0428e-010
6920	1.0933e-010
6921	1.0929e-010
6922	1.1212e-010
6923	1.1627e-010
6924	1.1678e-010
6925	1.2049e-010
6926	1.2404e-010
6927	1.2504e-010
6928	1.2857e-010
6929	1.3342e-010
6930	1.345e-010
6931	1.3675e-010
6932	1.4098e-010
6933	1.4494e-010
6934	1.4775e-010
6935	1.5031e-010
6936	1.5346e-010
6937	1.5762e-010
6938	1.614e-010
6939	1.6512e-010
6940	1.688e-010
6941	1.7253e-010
6942	1.7604e-010
6943	1.7997e-010
6944	1.8413e-010
6945	1.8821e-010
6946	1.9297e-010
6947	1.9763e-010
6948	2.022e-010
6949	2.0677e-010
6950	2.11e-010
6951	2.1417e-010
6952	2.2025e-010
6953	2.2816e-010
6954	2.3388e-010
6955	2.3502e-010
6956	2.3559e-010
6957	2.3507e-010
6958	2.3074e-010
6959	2.2229e-010
6960	2.1541e-010
6961	2.1379e-010
6962	2.1046e-010
6963	2.0658e-010
6964	2.0179e-010
6965	1.9683e-010
6966	1.9149e-010
6967	1.8776e-010
6968	1.8382e-010
6969	1.8042e-010
6970	1.7764e-010
6971	1.7538e-010
6972	1.7235e-010
6973	1.7073e-010
6974	1.6648e-010
6975	1.5724e-010
6976	1.5913e-010
6977	1.6621e-010
6978	1.709e-010
6979	1.6219e-010
6980	1.4281e-010
6981	1.5459e-010
6982	1.7509e-010
6983	1.473e-010
6984	1.3761e-010
6985	1.5047e-010
6986	1.3471e-010
6987	1.3325e-010
6988	1.5454e-010
6989	1.2569e-010
6990	1.3594e-010
6991	1.769e-010
6992	1.3327e-010
6993	1.4467e-010
6994	1.1823e-010
6995	1.094e-010
6996	1.1374e-010
6997	1.0523e-010
6998	1.1511e-010
6999	1.0355e-010
7000	1.0935e-010
7001	9.7588e-011
7002	9.6435e-011
7003	9.177e-011
7004	9.1902e-011
7005	9.1233e-011
7006	1.0017e-010
7007	1.2306e-010
7008	9.8675e-011
7009	8.8607e-011
7010	7.8729e-011
7011	8.8185e-011
7012	9.8622e-011
7013	1.0153e-010
7014	1.4758e-010
7015	1.5078e-010
7016	2.3612e-010
7017	6.7951e-010
7018	3.4147e-010
7019	1.6899e-009
7020	1.6032e-009
7021	4.1939e-010
7022	3.0751e-010
7023	6.0572e-011
7024	6.0094e-011
7025	7.6088e-011
7026	7.1007e-011
7027	7.2212e-011
7028	7.4749e-011
7029	7.438e-011
7030	7.3185e-011
7031	7.318e-011
7032	7.419e-011
7033	7.4561e-011
7034	7.6988e-011
7035	7.6803e-011
7036	7.8327e-011
7037	7.9849e-011
7038	8.1766e-011
7039	8.3833e-011
7040	8.5399e-011
7041	8.8111e-011
7042	8.9236e-011
7043	9.2341e-011
7044	9.3454e-011
7045	9.6345e-011
7046	9.8193e-011
7047	1.0002e-010
7048	1.0388e-010
7049	1.0428e-010
7050	1.0933e-010
7051	1.0929e-010
7052	1.1212e-010
7053	1.1627e-010
7054	1.1678e-010
7055	1.2049e-010
7056	1.2404e-010
7057	1.2505e-010
7058	1.2857e-010
7059	1.3342e-010
7060	1.345e-010
7061	1.3675e-010
7062	1.4098e-010
7063	1.4494e-010
7064	1.4775e-010
7065	1.5031e-010
7066	1.5346e-010
7067	1.5762e-010
7068	1.614e-010
7069	1.6512e-010
7070	1.688e-010
7071	1.7253e-010
7072	1.7604e-010
7073	1.7997e-010
7074	1.8413e-010
7075	1.8821e-010
7076	1.9297e-010
7077	1.9763e-010
7078	2.022e-010
7079	2.0677e-010
7080	2.11e-010
7081	2.1417e-010
7082	2.2025e-010
7083	2.2816e-010
7084	2.3388e-010
7085	2.3502e-010
7086	2.356e-010
7087	2.3507e-010
7088	2.3074e-010
7089	2.2229e-010
7090	2.1541e-010
7091	2.1379e-010
7092	2.1046e-010
7093	2.0658e-010
7094	2.0179e-010
7095	1.9683e-010
7096	1.915e-010
7097	1.8775e-010
7098	1.8387e-010
7099	1.8034e-010
7100	1.7728e-010
7101	1.7629e-010
7102	1.72e-010
7103	1.7067e-010
7104	1.6652e-010
7105	1.5723e-010
7106	1.5913e-010
7107	1.662e-010
7108	1.709e-010
7109	1.6218e-010
7110	1.4282e-010
7111	1.5459e-010
7112	1.7509e-010
7113	1.473e-010
7114	1.3761e-010
7115	1.5046e-010
7116	1.3471e-010
7117	1.3325e-010
7118	1.5454e-010
7119	1.2569e-010
7120	1.3594e-010
7121	1.769e-010
7122	1.3327e-010
7123	1.4467e-010
7124	1.1823e-010
7125	1.094e-010
7126	1.1374e-010
7127	1.0523e-010
7128	1.1511e-010
7129	1.0355e-010
7130	1.0935e-010
7131	9.7588e-011
7132	9.6435e-011
7133	9.177e-011
7134	9.1902e-011
7135	9.1233e-011
7136	1.0017e-010
7137	1.2306e-010
7138	9.8675e-011
7139	8.8607e-011
7140	7.8729e-011
7141	8.8185e-011
7142	9.8622e-011
7143	1.0153e-010
7144	1.4758e-010
7145	1.5078e-010
7146	2.3612e-010
7147	6.7951e-010
7148	3.4147e-010
7149	1.6899e-009
7150	1.6032e-009
7151	3.9953e-010
7152	4.0584e-010
7153	1.0071e-010
7154	8.5676e-011
7155	8.5431e-011
7156	8.5423e-011
7157	8.7383e-011
7158	8.9552e-011
7159	8.884e-011
7160	8.9962e-011
7161	9.0111e-011
7162	9.0532e-011
7163	9.2348e-011
7164	9.2814e-011
7165	9.5116e-011
7166	9.6146e-011
7167	9.8348e-011
7168	1.0047e-010
7169	1.0257e-010
7170	1.0526e-010
7171	1.0706e-010
7172	1.1034e-010
7173	1.1206e-010
7174	1.1539e-010
7175	1.1742e-010
7176	1.2036e-010
7177	1.2362e-010
7178	1.2527e-010
7179	1.2977e-010
7180	1.3098e-010
7181	1.3538e-010
7182	1.3789e-010
7183	1.4005e-010
7184	1.4464e-010
7185	1.4701e-010
7186	1.5e-010
7187	1.5473e-010
7188	1.5785e-010
7189	1.6049e-010
7190	1.6503e-010
7191	1.6909e-010
7192	1.7214e-010
7193	1.7558e-010
7194	1.799e-010
7195	1.8463e-010
7196	1.889e-010
7197	1.9295e-010
7198	1.9724e-010
7199	2.0149e-010
7200	2.0598e-010
7201	2.1078e-010
7202	2.1561e-010
7203	2.2049e-010
7204	2.255e-010
7205	2.3089e-010
7206	2.3589e-010
7207	2.4128e-010
7208	2.4648e-010
7209	2.5257e-010
7210	2.5864e-010
7211	2.6537e-010
7212	2.7118e-010
7213	2.7606e-010
7214	2.8325e-010
7215	2.9179e-010
7216	2.9199e-010
7217	2.8431e-010
7218	2.7808e-010
7219	2.7448e-010
7220	2.6964e-010
7221	2.6364e-010
7222	2.5797e-010
7223	2.5124e-010
7224	2.4635e-010
7225	2.4095e-010
7226	2.3704e-010
7227	2.3189e-010
7228	2.2733e-010
7229	2.2322e-010
7230	2.1783e-010
7231	2.1327e-010
7232	2.1005e-010
7233	2.085e-010
7234	2.0525e-010
7235	2.0197e-010
7236	2.0243e-010
7237	1.9867e-010
7238	1.9475e-010
7239	1.9568e-010
7240	1.9144e-010
7241	1.9297e-010
7242	1.8881e-010
7243	1.8446e-010
7244	1.8531e-010
7245	1.6827e-010
7246	1.6303e-010
7247	1.8099e-010
7248	1.6546e-010
7249	1.6185e-010
7250	1.8037e-010
7251	1.8013e-010
7252	1.8193e-010
7253	1.5338e-010
7254	1.5781e-010
7255	1.3912e-010
7256	1.3253e-010
7257	1.3956e-010
7258	1.3119e-010
7259	1.3713e-010
7260	1.2649e-010
7261	1.2661e-010
7262	1.1618e-010
7263	1.1788e-010
7264	1.1942e-010
7265	1.092e-010
7266	1.2837e-010
7267	1.3457e-010
7268	1.2597e-010
7269	1.0676e-010
7270	1.0543e-010
7271	1.0965e-010
7272	1.1465e-010
7273	1.4125e-010
7274	1.5063e-010
7275	1.6551e-010
7276	2.9368e-010
7277	6.5195e-010
7278	3.2576e-010
7279	1.955e-009
7280	1.5173e-009
7281	4.1944e-010
7282	3.0756e-010
7283	6.0593e-011
7284	6.012e-011
7285	7.612e-011
7286	7.104e-011
7287	7.2241e-011
7288	7.477e-011
7289	7.4392e-011
7290	7.319e-011
7291	7.3181e-011
7292	7.4191e-011
7293	7.4558e-011
7294	7.6987e-011
7295	7.6798e-011
7296	7.8317e-011
7297	7.9838e-011
7298	8.1759e-011
7299	8.3829e-011
7300	8.5395e-011
7301	8.8118e-011
7302	8.9252e-011
7303	9.2363e-011
7304	9.3459e-011
7305	9.634e-011
7306	9.8175e-011
7307	1.e-010
7308	1.0386e-010
7309	1.0425e-010
7310	1.093e-010
7311	1.0926e-010
7312	1.121e-010
7313	1.1628e-010
7314	1.1678e-010
7315	1.2048e-010
7316	1.2403e-010
7317	1.2503e-010
7318	1.2857e-010
7319	1.3344e-010
7320	1.3453e-010
7321	1.3675e-010
7322	1.4097e-010
7323	1.4494e-010
7324	1.4774e-010
7325	1.5032e-010
7326	1.5348e-010
7327	1.5764e-010
7328	1.6145e-010
7329	1.6509e-010
7330	1.6885e-010
7331	1.7256e-010
7332	1.7605e-010
7333	1.8e-010
7334	1.8407e-010
7335	1.8822e-010
7336	1.9292e-010
7337	1.9768e-010
7338	2.0225e-010
7339	2.0676e-010
7340	2.11e-010
7341	2.1419e-010
7342	2.2042e-010
7343	2.2817e-010
7344	2.3398e-010
7345	2.3498e-010
7346	2.355e-010
7347	2.3521e-010
7348	2.3078e-010
7349	2.2236e-010
7350	2.1547e-010
7351	2.1384e-010
7352	2.1049e-010
7353	2.0657e-010
7354	2.019e-010
7355	1.9678e-010
7356	1.9151e-010
7357	1.8773e-010
7358	1.8396e-010
7359	1.8037e-010
7360	1.7725e-010
7361	1.7644e-010
7362	1.7198e-010
7363	1.7077e-010
7364	1.6655e-010
7365	1.5727e-010
7366	1.5925e-010
7367	1.6625e-010
7368	1.7099e-010
7369	1.622e-010
7370	1.4288e-010
7371	1.5462e-010
7372	1.7505e-010
7373	1.4728e-010
7374	1.3761e-010
7375	1.505e-010
7376	1.3476e-010
7377	1.3328e-010
7378	1.5458e-010
7379	1.2569e-010
7380	1.3594e-010
7381	1.7694e-010
7382	1.3328e-010
7383	1.4468e-010
7384	1.1823e-010
7385	1.0941e-010
7386	1.1376e-010
7387	1.0523e-010
7388	1.151e-010
7389	1.0353e-010
7390	1.0934e-010
7391	9.7585e-011
7392	9.6447e-011
7393	9.1783e-011
7394	9.1906e-011
7395	9.1249e-011
7396	1.0018e-010
7397	1.2307e-010
7398	9.8681e-011
7399	8.8616e-011
7400	7.8728e-011
7401	8.819e-011
7402	9.8614e-011
7403	1.0154e-010
7404	1.476e-010
7405	1.508e-010
7406	2.3613e-010
7407	6.7954e-010
7408	3.4148e-010
7409	1.69e-009
7410	1.6032e-009
7411	4.1939e-010
7412	3.0764e-010
7413	6.0625e-011
7414	6.0149e-011
7415	7.6126e-011
7416	7.1028e-011
7417	7.222e-011
7418	7.4751e-011
7419	7.4374e-011
7420	7.316e-011
7421	7.3134e-011
7422	7.4149e-011
7423	7.4567e-011
7424	7.7045e-011
7425	7.6865e-011
7426	7.8371e-011
7427	7.986e-011
7428	8.1736e-011
7429	8.3784e-011
7430	8.536e-011
7431	8.8096e-011
7432	8.9242e-011
7433	9.2355e-011
7434	9.3451e-011
7435	9.6324e-011
7436	9.8157e-011
7437	9.998e-011
7438	1.0383e-010
7439	1.0424e-010
7440	1.0933e-010
7441	1.0931e-010
7442	1.1213e-010
7443	1.1628e-010
7444	1.1678e-010
7445	1.205e-010
7446	1.2402e-010
7447	1.2496e-010
7448	1.2847e-010
7449	1.3339e-010
7450	1.3446e-010
7451	1.3667e-010
7452	1.4093e-010
7453	1.449e-010
7454	1.4779e-010
7455	1.5033e-010
7456	1.5339e-010
7457	1.5749e-010
7458	1.6133e-010
7459	1.6493e-010
7460	1.6868e-010
7461	1.7253e-010
7462	1.7597e-010
7463	1.8002e-010
7464	1.8417e-010
7465	1.8821e-010
7466	1.9288e-010
7467	1.9771e-010
7468	2.0233e-010
7469	2.0696e-010
7470	2.1132e-010
7471	2.1438e-010
7472	2.2045e-010
7473	2.2826e-010
7474	2.3411e-010
7475	2.3523e-010
7476	2.3572e-010
7477	2.3531e-010
7478	2.3073e-010
7479	2.2249e-010
7480	2.1567e-010
7481	2.1405e-010
7482	2.1073e-010
7483	2.0681e-010
7484	2.0216e-010
7485	1.9688e-010
7486	1.9162e-010
7487	1.88e-010
7488	1.8417e-010
7489	1.8053e-010
7490	1.7795e-010
7491	1.7525e-010
7492	1.726e-010
7493	1.7086e-010
7494	1.667e-010
7495	1.5749e-010
7496	1.5951e-010
7497	1.6649e-010
7498	1.7095e-010
7499	1.6239e-010
7500	1.4315e-010
7501	1.5485e-010
7502	1.7521e-010
7503	1.474e-010
7504	1.3771e-010
7505	1.5056e-010
7506	1.3482e-010
7507	1.3333e-010
7508	1.5462e-010
7509	1.2571e-010
7510	1.3595e-010
7511	1.7694e-010
7512	1.3327e-010
7513	1.4468e-010
7514	1.1824e-010
7515	1.0942e-010
7516	1.1375e-010
7517	1.0522e-010
7518	1.151e-010
7519	1.0353e-010
7520	1.0936e-010
7521	9.7586e-011
7522	9.6432e-011
7523	9.1784e-011
7524	9.1934e-011
7525	9.1308e-011
7526	1.0023e-010
7527	1.2315e-010
7528	9.874e-011
7529	8.8678e-011
7530	7.8783e-011
7531	8.8241e-011
7532	9.8669e-011
7533	1.0159e-010
7534	1.4766e-010
7535	1.5085e-010
7536	2.3617e-010
7537	6.7954e-010
7538	3.4149e-010
7539	1.69e-009
7540	1.6033e-009
7541	3.995e-010
7542	4.0581e-010
7543	1.0071e-010
7544	8.5716e-011
7545	8.5457e-011
7546	8.5414e-011
7547	8.7355e-011
7548	8.952e-011
7549	8.8802e-011
7550	8.9914e-011
7551	9.0048e-011
7552	9.0493e-011
7553	9.2386e-011
7554	9.2911e-011
7555	9.5222e-011
7556	9.6213e-011
7557	9.8355e-011
7558	1.0039e-010
7559	1.0247e-010
7560	1.0518e-010
7561	1.0703e-010
7562	1.1034e-010
7563	1.1207e-010
7564	1.154e-010
7565	1.1739e-010
7566	1.2028e-010
7567	1.2353e-010
7568	1.2522e-010
7569	1.2973e-010
7570	1.3093e-010
7571	1.3535e-010
7572	1.3788e-010
7573	1.4005e-010
7574	1.4468e-010
7575	1.4707e-010
7576	1.5001e-010
7577	1.5462e-010
7578	1.5768e-010
7579	1.6039e-010
7580	1.6496e-010
7581	1.6905e-010
7582	1.7215e-010
7583	1.7565e-010
7584	1.7992e-010
7585	1.8461e-010
7586	1.8871e-010
7587	1.9273e-010
7588	1.971e-010
7589	2.0134e-010
7590	2.058e-010
7591	2.1068e-010
7592	2.1564e-010
7593	2.2057e-010
7594	2.2563e-010
7595	2.3093e-010
7596	2.3578e-010
7597	2.4124e-010
7598	2.4663e-010
7599	2.528e-010
7600	2.591e-010
7601	2.6578e-010
7602	2.7133e-010
7603	2.761e-010
7604	2.8344e-010
7605	2.9205e-010
7606	2.924e-010
7607	2.8462e-010
7608	2.7815e-010
7609	2.7471e-010
7610	2.6996e-010
7611	2.6394e-010
7612	2.5835e-010
7613	2.5162e-010
7614	2.4672e-010
7615	2.4105e-010
7616	2.3716e-010
7617	2.3237e-010
7618	2.2786e-010
7619	2.2337e-010
7620	2.1778e-010
7621	2.1362e-010
7622	2.099e-010
7623	2.0853e-010
7624	2.0558e-010
7625	2.0238e-010
7626	2.0293e-010
7627	1.9912e-010
7628	1.9493e-010
7629	1.9594e-010
7630	1.9189e-010
7631	1.9339e-010
7632	1.8905e-010
7633	1.8461e-010
7634	1.8541e-010
7635	1.6838e-010
7636	1.6314e-010
7637	1.8114e-010
7638	1.6559e-010
7639	1.6192e-010
7640	1.804e-010
7641	1.8017e-010
7642	1.8198e-010
7643	1.5341e-010
7644	1.5786e-010
7645	1.3915e-010
7646	1.3252e-010
7647	1.3955e-010
7648	1.3117e-010
7649	1.3713e-010
7650	1.2646e-010
7651	1.2658e-010
7652	1.1616e-010
7653	1.1788e-010
7654	1.1942e-010
7655	1.0924e-010
7656	1.2841e-010
7657	1.3467e-010
7658	1.2605e-010
7659	1.0688e-010
7660	1.0555e-010
7661	1.0976e-010
7662	1.1476e-010
7663	1.4135e-010
7664	1.5075e-010
7665	1.656e-010
7666	2.9374e-010
7667	6.5197e-010
7668	3.2578e-010
7669	1.9551e-009
7670	1.5174e-009
7671	4.1939e-010
7672	3.0764e-010
7673	6.0625e-011
7674	6.0149e-011
7675	7.6126e-011
7676	7.1028e-011
7677	7.222e-011
7678	7.4751e-011
7679	7.4374e-011
7680	7.316e-011
7681	7.3134e-011
7682	7.4149e-011
7683	7.4567e-011
7684	7.7045e-011
7685	7.6865e-011
7686	7.8371e-011
7687	7.986e-011
7688	8.1736e-011
7689	8.3784e-011
7690	8.5359e-011
7691	8.8096e-011
7692	8.9242e-011
7693	9.2356e-011
7694	9.3451e-011
7695	9.6324e-011
7696	9.8158e-011
7697	9.998e-011
7698	1.0383e-010
7699	1.0425e-010
7700	1.0933e-010
7701	1.0931e-010
7702	1.1213e-010
7703	1.1628e-010
7704	1.1678e-010
7705	1.205e-010
7706	1.2402e-010
7707	1.2496e-010
7708	1.2847e-010
7709	1.3339e-010
7710	1.3446e-010
7711	1.3667e-010
7712	1.4093e-010
7713	1.449e-010
7714	1.4779e-010
7715	1.5033e-010
7716	1.5339e-010
7717	1.5749e-010
7718	1.6133e-010
7719	1.6493e-010
7720	1.6868e-010
7721	1.7253e-010
7722	1.7597e-010
7723	1.8002e-010
7724	1.8417e-010
7725	1.8821e-010
7726	1.9288e-010
7727	1.9771e-010
7728	2.0233e-010
7729	2.0696e-010
7730	2.1132e-010
7731	2.1438e-010
7732	2.2045e-010
7733	2.2826e-010
7734	2.3411e-010
7735	2.3523e-010
7736	2.3572e-010
7737	2.3531e-010
7738	2.3073e-010
7739	2.2249e-010
7740	2.1567e-010
7741	2.1405e-010
7742	2.1073e-010
7743	2.0681e-010
7744	2.0216e-010
7745	1.9688e-010
7746	1.9162e-010
7747	1.88e-010
7748	1.8418e-010
7749	1.8047e-010
7750	1.7791e-010
7751	1.7517e-010
7752	1.7255e-010
7753	1.7079e-010
7754	1.6671e-010
7755	1.5751e-010
7756	1.5946e-010
7757	1.6655e-010
7758	1.7091e-010
7759	1.6245e-010
7760	1.431e-010
7761	1.5486e-010
7762	1.752e-010
7763	1.474e-010
7764	1.3771e-010
7765	1.5056e-010
7766	1.3482e-010
7767	1.3333e-010
7768	1.5462e-010
7769	1.2571e-010
7770	1.3595e-010
7771	1.7694e-010
7772	1.3327e-010
7773	1.4468e-010
7774	1.1824e-010
7775	1.0942e-010
7776	1.1375e-010
7777	1.0522e-010
7778	1.151e-010
7779	1.0353e-010
7780	1.0935e-010
7781	9.7586e-011
7782	9.6433e-011
7783	9.1784e-011
7784	9.1933e-011
7785	9.1308e-011
7786	1.0023e-010
7787	1.2315e-010
7788	9.874e-011
7789	8.8678e-011
7790	7.8783e-011
7791	8.824e-011
7792	9.8669e-011
7793	1.0159e-010
7794	1.4766e-010
7795	1.5085e-010
7796	2.3617e-010
7797	6.7954e-010
7798	3.4149e-010
7799	1.69e-009
7800	1.6033e-009
7801	4.1944e-010
7802	3.0756e-010
7803	6.0593e-011
7804	6.012e-011
7805	7.612e-011
7806	7.104e-011
7807	7.2241e-011
7808	7.477e-011
7809	7.4392e-011
7810	7.319e-011
7811	7.3182e-011
7812	7.4191e-011
7813	7.4558e-011
7814	7.6987e-011
7815	7.6798e-011
7816	7.8317e-011
7817	7.9838e-011
7818	8.176e-011
7819	8.3829e-011
7820	8.5395e-011
7821	8.8118e-011
7822	8.9252e-011
7823	9.2363e-011
7824	9.3459e-011
7825	9.634e-011
7826	9.8175e-011
7827	1.e-010
7828	1.0386e-010
7829	1.0425e-010
7830	1.093e-010
7831	1.0926e-010
7832	1.121e-010
7833	1.1628e-010
7834	1.1679e-010
7835	1.2048e-010
7836	1.2403e-010
7837	1.2503e-010
7838	1.2857e-010
7839	1.3344e-010
7840	1.3453e-010
7841	1.3675e-010
7842	1.4097e-010
7843	1.4494e-010
7844	1.4774e-010
7845	1.5032e-010
7846	1.5348e-010
7847	1.5764e-010
7848	1.6145e-010
7849	1.6509e-010
7850	1.6885e-010
7851	1.7256e-010
7852	1.7605e-010
7853	1.8e-010
7854	1.8407e-010
7855	1.8822e-010
7856	1.9292e-010
7857	1.9768e-010
7858	2.0225e-010
7859	2.0676e-010
7860	2.11e-010
7861	2.1419e-010
7862	2.2042e-010
7863	2.2817e-010
7864	2.3398e-010
7865	2.3498e-010
7866	2.355e-010
7867	2.3521e-010
7868	2.3078e-010
7869	2.2236e-010
7870	2.1547e-010
7871	2.1384e-010
7872	2.1049e-010
7873	2.0657e-010
7874	2.019e-010
7875	1.9678e-010
7876	1.9151e-010
7877	1.8774e-010
7878	1.8392e-010
7879	1.8031e-010
7880	1.7779e-010
7881	1.7495e-010
7882	1.7245e-010
7883	1.7066e-010
7884	1.6651e-010
7885	1.5725e-010
7886	1.5917e-010
7887	1.6681e-010
7888	1.6804e-010
7889	1.6259e-010
7890	1.4281e-010
7891	1.5463e-010
7892	1.7508e-010
7893	1.4733e-010
7894	1.3761e-010
7895	1.505e-010
7896	1.3477e-010
7897	1.3328e-010
7898	1.5458e-010
7899	1.2569e-010
7900	1.3595e-010
7901	1.7694e-010
7902	1.3328e-010
7903	1.4468e-010
7904	1.1823e-010
7905	1.0941e-010
7906	1.1376e-010
7907	1.0523e-010
7908	1.151e-010
7909	1.0353e-010
7910	1.0934e-010
7911	9.7585e-011
7912	9.6447e-011
7913	9.1782e-011
7914	9.1906e-011
7915	9.1249e-011
7916	1.0017e-010
7917	1.2307e-010
7918	9.8681e-011
7919	8.8615e-011
7920	7.8728e-011
7921	8.8189e-011
7922	9.8614e-011
7923	1.0154e-010
7924	1.476e-010
7925	1.508e-010
7926	2.3613e-010
7927	6.7954e-010
7928	3.4148e-010
7929	1.69e-009
7930	1.6032e-009
7931	3.9953e-010
7932	4.0584e-010
7933	1.0071e-010
7934	8.5676e-011
7935	8.5431e-011
7936	8.5423e-011
7937	8.7383e-011
7938	8.9552e-011
7939	8.884e-011
7940	8.9962e-011
7941	9.0111e-011
7942	9.0532e-011
7943	9.2348e-011
7944	9.2814e-011
7945	9.5116e-011
7946	9.6146e-011
7947	9.8348e-011
7948	1.0047e-010
7949	1.0257e-010
7950	1.0526e-010
7951	1.0706e-010
7952	1.1034e-010
7953	1.1205e-010
7954	1.1539e-010
7955	1.1742e-010
7956	1.2036e-010
7957	1.2362e-010
7958	1.2527e-010
7959	1.2977e-010
7960	1.3098e-010
7961	1.3538e-010
7962	1.3789e-010
7963	1.4005e-010
7964	1.4464e-010
7965	1.4701e-010
7966	1.5e-010
7967	1.5473e-010
7968	1.5785e-010
7969	1.6049e-010
7970	1.6503e-010
7971	1.6909e-010
7972	1.7214e-010
7973	1.7558e-010
7974	1.799e-010
7975	1.8463e-010
7976	1.889e-010
7977	1.9295e-010
7978	1.9724e-010
7979	2.0149e-010
7980	2.0597e-010
7981	2.1078e-010
7982	2.1561e-010
7983	2.2049e-010
7984	2.255e-010
7985	2.3089e-010
7986	2.3589e-010
7987	2.4128e-010
7988	2.4648e-010
7989	2.5257e-010
7990	2.5864e-010
7991	2.6537e-010
7992	2.7118e-010
7993	2.7606e-010
7994	2.8325e-010
7995	2.9179e-010
7996	2.9199e-010
7997	2.8431e-010
7998	2.7808e-010
7999	2.7448e-010
8000	2.6964e-010
8001	2.6364e-010
8002	2.5797e-010
8003	2.5124e-010
8004	2.4635e-010
8005	2.4095e-010
8006	2.3704e-010
8007	2.3188e-010
8008	2.2738e-010
8009	2.2305e-010
8010	2.1758e-010
8011	2.1317e-010
8012	2.0979e-010
8013	2.0829e-010
8014	2.053e-010
8015	2.0196e-010
8016	2.0194e-010
8017	1.9789e-010
8018	1.9272e-010
8019	1.946e-010
8020	1.9104e-010
8021	1.9298e-010
8022	1.8894e-010
8023	1.8451e-010
8024	1.853e-010
8025	1.6827e-010
8026	1.6303e-010
8027	1.8099e-010
8028	1.6546e-010
8029	1.6185e-010
8030	1.8037e-010
8031	1.8013e-010
8032	1.8192e-010
8033	1.5338e-010
8034	1.5781e-010
8035	1.3912e-010
8036	1.3253e-010
8037	1.3956e-010
8038	1.3118e-010
8039	1.3713e-010
8040	1.2649e-010
8041	1.2661e-010
8042	1.1618e-010
8043	1.1788e-010
8044	1.1942e-010
8045	1.092e-010
8046	1.2837e-010
8047	1.3457e-010
8048	1.2597e-010
8049	1.0676e-010
8050	1.0543e-010
8051	1.0965e-010
8052	1.1465e-010
8053	1.4125e-010
8054	1.5063e-010
8055	1.6551e-010
8056	2.9368e-010
8057	6.5195e-010
8058	3.2576e-010
8059	1.955e-009
8060	1.5173e-009
8061	4.1939e-010
8062	3.0751e-010
8063	6.0572e-011
8064	6.0094e-011
8065	7.6088e-011
8066	7.1007e-011
8067	7.2212e-011
8068	7.4749e-011
8069	7.438e-011
8070	7.3185e-011
8071	7.318e-011
8072	7.419e-011
8073	7.4561e-011
8074	7.6989e-011
8075	7.6803e-011
8076	7.8327e-011
8077	7.9849e-011
8078	8.1766e-011
8079	8.3833e-011
8080	8.5399e-011
8081	8.8111e-011
8082	8.9236e-011
8083	9.2341e-011
8084	9.3454e-011
8085	9.6345e-011
8086	9.8194e-011
8087	1.0002e-010
8088	1.0388e-010
8089	1.0428e-010
8090	1.0933e-010
8091	1.0929e-010
8092	1.1212e-010
8093	1.1627e-010
8094	1.1678e-010
8095	1.2049e-010
8096	1.2404e-010
8097	1.2505e-010
8098	1.2857e-010
8099	1.3342e-010
8100	1.345e-010
8101	1.3675e-010
8102	1.4098e-010
8103	1.4494e-010
8104	1.4775e-010
8105	1.5031e-010
8106	1.5346e-010
8107	1.5762e-010
8108	1.614e-010
8109	1.6512e-010
8110	1.688e-010
8111	1.7253e-010
8112	1.7604e-010
8113	1.7997e-010
8114	1.8413e-010
8115	1.8821e-010
8116	1.9297e-010
8117	1.9763e-010
8118	2.022e-010
8119	2.0677e-010
8120	2.11e-010
8121	2.1417e-010
8122	2.2025e-010
8123	2.2816e-010
8124	2.3388e-010
8125	2.3502e-010
8126	2.3559e-010
8127	2.3507e-010
8128	2.3074e-010
8129	2.2229e-010
8130	2.1541e-010
8131	2.1379e-010
8132	2.1046e-010
8133	2.0658e-010
8134	2.0179e-010
8135	1.9683e-010
8136	1.9149e-010
8137	1.8775e-010
8138	1.8385e-010
8139	1.8035e-010
8140	1.7765e-010
8141	1.7505e-010
8142	1.7232e-010
8143	1.7066e-010
8144	1.665e-010
8145	1.5715e-010
8146	1.5911e-010
8147	1.6593e-010
8148	1.6741e-010
8149	1.6161e-010
8150	1.4282e-010
8151	1.5468e-010
8152	1.7521e-010
8153	1.4749e-010
8154	1.3761e-010
8155	1.5044e-010
8156	1.3471e-010
8157	1.3325e-010
8158	1.5454e-010
8159	1.2569e-010
8160	1.3594e-010
8161	1.769e-010
8162	1.3327e-010
8163	1.4467e-010
8164	1.1823e-010
8165	1.094e-010
8166	1.1374e-010
8167	1.0523e-010
8168	1.1511e-010
8169	1.0355e-010
8170	1.0935e-010
8171	9.7588e-011
8172	9.6435e-011
8173	9.1771e-011
8174	9.1902e-011
8175	9.1233e-011
8176	1.0017e-010
8177	1.2306e-010
8178	9.8675e-011
8179	8.8607e-011
8180	7.8729e-011
8181	8.8185e-011
8182	9.8622e-011
8183	1.0153e-010
8184	1.4758e-010
8185	1.5078e-010
8186	2.3612e-010
8187	6.7951e-010
8188	3.4147e-010
8189	1.6899e-009
8190	1.6032e-009
8191	4.1939e-010
8192	3.0751e-010
8193	6.0572e-011
8194	6.0094e-011
8195	7.6088e-011
8196	7.1007e-011
8197	7.2212e-011
8198	7.4749e-011
8199	7.438e-011
8200	7.3185e-011
8201	7.3181e-011
8202	7.419e-011
8203	7.4561e-011
8204	7.6989e-011
8205	7.6803e-011
8206	7.8327e-011
8207	7.9849e-011
8208	8.1766e-011
8209	8.3833e-011
8210	8.5399e-011
8211	8.8111e-011
8212	8.9236e-011
8213	9.2341e-011
8214	9.3454e-011
8215	9.6345e-011
8216	9.8194e-011
8217	1.0002e-010
8218	1.0388e-010
8219	1.0428e-010
8220	1.0933e-010
8221	1.0929e-010
8222	1.1212e-010
8223	1.1627e-010
8224	1.1678e-010
8225	1.2049e-010
8226	1.2404e-010
8227	1.2504e-010
8228	1.2857e-010
8229	1.3342e-010
8230	1.345e-010
8231	1.3675e-010
8232	1.4098e-010
8233	1.4494e-010
8234	1.4775e-010
8235	1.5031e-010
8236	1.5346e-010
8237	1.5762e-010
8238	1.614e-010
8239	1.6512e-010
8240	1.688e-010
8241	1.7253e-010
8242	1.7604e-010
8243	1.7997e-010
8244	1.8413e-010
8245	1.8821e-010
8246	1.9297e-010
8247	1.9763e-010
8248	2.022e-010
8249	2.0677e-010
8250	2.11e-010
8251	2.1417e-010
8252	2.2025e-010
8253	2.2816e-010
8254	2.3388e-010
8255	2.3502e-010
8256	2.3559e-010
8257	2.3507e-010
8258	2.3074e-010
8259	2.2229e-010
8260	2.1541e-010
8261	2.1379e-010
8262	2.1046e-010
8263	2.0658e-010
8264	2.0179e-010
8265	1.9683e-010
8266	1.9149e-010
8267	1.8776e-010
8268	1.8384e-010
8269	1.8038e-010
8270	1.7758e-010
8271	1.7507e-010
8272	1.7226e-010
8273	1.7069e-010
8274	1.6649e-010
8275	1.5714e-010
8276	1.5913e-010
8277	1.6591e-010
8278	1.6723e-010
8279	1.6156e-010
8280	1.4293e-010
8281	1.5447e-010
8282	1.7536e-010
8283	1.4729e-010
8284	1.3771e-010
8285	1.5041e-010
8286	1.3472e-010
8287	1.3325e-010
8288	1.5454e-010
8289	1.2569e-010
8290	1.3594e-010
8291	1.769e-010
8292	1.3327e-010
8293	1.4467e-010
8294	1.1823e-010
8295	1.094e-010
8296	1.1374e-010
8297	1.0523e-010
8298	1.1511e-010
8299	1.0355e-010
8300	1.0935e-010
8301	9.7588e-011
8302	9.6435e-011
8303	9.177e-011
8304	9.1902e-011
8305	9.1233e-011
8306	1.0017e-010
8307	1.2306e-010
8308	9.8675e-011
8309	8.8607e-011
8310	7.8729e-011
8311	8.8185e-011
8312	9.8622e-011
8313	1.0153e-010
8314	1.4758e-010
8315	1.5078e-010
8316	2.3612e-010
8317	6.7951e-010
8318	3.4147e-010
8319	1.6899e-009
8320	1.6032e-009
8321	3.9953e-010
8322	4.0584e-010
8323	1.0071e-010
8324	8.5676e-011
8325	8.5431e-011
8326	8.5423e-011
8327	8.7383e-011
8328	8.9552e-011
8329	8.884e-011
8330	8.9962e-011
8331	9.0111e-011
8332	9.0532e-011
8333	9.2348e-011
8334	9.2814e-011
8335	9.5116e-011
8336	9.6146e-011
8337	9.8348e-011
8338	1.0047e-010
8339	1.0257e-010
8340	1.0526e-010
8341	1.0706e-010
8342	1.1034e-010
8343	1.1205e-010
8344	1.1539e-010
8345	1.1742e-010
8346	1.2036e-010
8347	1.2362e-010
8348	1.2527e-010
8349	1.2977e-010
8350	1.3098e-010
8351	1.3538e-010
8352	1.3789e-010
8353	1.4005e-010
8354	1.4464e-010
8355	1.4701e-010
8356	1.5e-010
8357	1.5473e-010
8358	1.5785e-010
8359	1.6049e-010
8360	1.6503e-010
8361	1.6909e-010
8362	1.7214e-010
8363	1.7558e-010
8364	1.799e-010
8365	1.8463e-010
8366	1.889e-010
8367	1.9295e-010
8368	1.9724e-010
8369	2.0149e-010
8370	2.0597e-010
8371	2.1078e-010
8372	2.1561e-010
8373	2.2049e-010
8374	2.255e-010
8375	2.3089e-010
8376	2.3589e-010
8377	2.4128e-010
8378	2.4648e-010
8379	2.5257e-010
8380	2.5864e-010
8381	2.6537e-010
8382	2.7118e-010
8383	2.7606e-010
8384	2.8325e-010
8385	2.9179e-010
8386	2.9199e-010
8387	2.8431e-010
8388	2.7807e-010
8389	2.7448e-010
8390	2.6964e-010
8391	2.6364e-010
8392	2.5797e-010
8393	2.5124e-010
8394	2.4635e-010
8395	2.4095e-010
8396	2.3704e-010
8397	2.3188e-010
8398	2.2736e-010
8399	2.2304e-010
8400	2.1772e-010
8401	2.1299e-010
8402	2.099e-010
8403	2.0829e-010
8404	2.0528e-010
8405	2.0195e-010
8406	2.0195e-010
8407	1.9799e-010
8408	1.9241e-010
8409	1.9469e-010
8410	1.9101e-010
8411	1.9312e-010
8412	1.8895e-010
8413	1.8466e-010
8414	1.8527e-010
8415	1.6827e-010
8416	1.6303e-010
8417	1.8099e-010
8418	1.6546e-010
8419	1.6185e-010
8420	1.8037e-010
8421	1.8013e-010
8422	1.8193e-010
8423	1.5338e-010
8424	1.5781e-010
8425	1.3912e-010
8426	1.3253e-010
8427	1.3956e-010
8428	1.3118e-010
8429	1.3713e-010
8430	1.2649e-010
8431	1.2661e-010
8432	1.1618e-010
8433	1.1788e-010
8434	1.1942e-010
8435	1.092e-010
8436	1.2837e-010
8437	1.3457e-010
8438	1.2597e-010
8439	1.0676e-010
8440	1.0543e-010
8441	1.0965e-010
8442	1.1465e-010
8443	1.4125e-010
8444	1.5063e-010
8445	1.6551e-010
8446	2.9368e-010
8447	6.5195e-010
8448	3.2576e-010
8449	1.955e-009
8450	1.5173e-009
8451	4.1944e-010
8452	3.0756e-010
8453	6.0593e-011
8454	6.012e-011
8455	7.612e-011
8456	7.104e-011
8457	7.2241e-011
8458	7.477e-011
8459	7.4392e-011
8460	7.319e-011
8461	7.3182e-011
8462	7.4191e-011
8463	7.4558e-011
8464	7.6987e-011
8465	7.6798e-011
8466	7.8317e-011
8467	7.9838e-011
8468	8.176e-011
8469	8.3829e-011
8470	8.5395e-011
8471	8.8118e-011
8472	8.9252e-011
8473	9.2363e-011
8474	9.3459e-011
8475	9.634e-011
8476	9.8174e-011
8477	1.e-010
8478	1.0387e-010
8479	1.0425e-010
8480	1.093e-010
8481	1.0926e-010
8482	1.121e-010
8483	1.1628e-010
8484	1.1679e-010
8485	1.2048e-010
8486	1.2403e-010
8487	1.2503e-010
8488	1.2858e-010
8489	1.3344e-010
8490	1.3453e-010
8491	1.3675e-010
8492	1.4097e-010
8493	1.4494e-010
8494	1.4774e-010
8495	1.5032e-010
8496	1.5348e-010
8497	1.5764e-010
8498	1.6145e-010
8499	1.6509e-010
8500	1.6885e-010
8501	1.7256e-010
8502	1.7605e-010
8503	1.8e-010
8504	1.8407e-010
8505	1.8822e-010
8506	1.9292e-010
8507	1.9768e-010
8508	2.0225e-010
8509	2.0676e-010
8510	2.11e-010
8511	2.1419e-010
8512	2.2042e-010
8513	2.2817e-010
8514	2.3398e-010
8515	2.3498e-010
8516	2.355e-010
8517	2.3521e-010
8518	2.3078e-010
8519	2.2236e-010
8520	2.1547e-010
8521	2.1384e-010
8522	2.1049e-010
8523	2.0657e-010
8524	2.019e-010
8525	1.9678e-010
8526	1.915e-010
8527	1.8774e-010
8528	1.8392e-010
8529	1.8038e-010
8530	1.7763e-010
8531	1.752e-010
8532	1.7229e-010
8533	1.7073e-010
8534	1.6651e-010
8535	1.5724e-010
8536	1.5928e-010
8537	1.6644e-010
8538	1.6784e-010
8539	1.6221e-010
8540	1.4289e-010
8541	1.5466e-010
8542	1.751e-010
8543	1.4737e-010
8544	1.376e-010
8545	1.505e-010
8546	1.3476e-010
8547	1.3328e-010
8548	1.5458e-010
8549	1.2569e-010
8550	1.3594e-010
8551	1.7694e-010
8552	1.3328e-010
8553	1.4468e-010
8554	1.1823e-010
8555	1.0941e-010
8556	1.1376e-010
8557	1.0523e-010
8558	1.151e-010
8559	1.0353e-010
8560	1.0934e-010
8561	9.7584e-011
8562	9.6447e-011
8563	9.1783e-011
8564	9.1907e-011
8565	9.1249e-011
8566	1.0017e-010
8567	1.2307e-010
8568	9.8681e-011
8569	8.8615e-011
8570	7.8728e-011
8571	8.8189e-011
8572	9.8614e-011
8573	1.0154e-010
8574	1.476e-010
8575	1.508e-010
8576	2.3613e-010
8577	6.7954e-010
8578	3.4148e-010
8579	1.69e-009
8580	1.6032e-009
8581	4.1939e-010
8582	3.0764e-010
8583	6.0625e-011
8584	6.0149e-011
8585	7.6126e-011
8586	7.1028e-011
8587	7.222e-011
8588	7.4751e-011
8589	7.4374e-011
8590	7.316e-011
8591	7.3134e-011
8592	7.4149e-011
8593	7.4567e-011
8594	7.7045e-011
8595	7.6865e-011
8596	7.8371e-011
8597	7.986e-011
8598	8.1736e-011
8599	8.3784e-011
8600	8.5359e-011
8601	8.8096e-011
8602	8.9242e-011
8603	9.2356e-011
8604	9.3451e-011
8605	9.6324e-011
8606	9.8157e-011
8607	9.9981e-011
8608	1.0383e-010
8609	1.0424e-010
8610	1.0933e-010
8611	1.0931e-010
8612	1.1213e-010
8613	1.1628e-010
8614	1.1678e-010
8615	1.205e-010
8616	1.2402e-010
8617	1.2495e-010
8618	1.2846e-010
8619	1.3342e-010
8620	1.3445e-010
8621	1.3667e-010
8622	1.4094e-010
8623	1.449e-010
8624	1.4779e-010
8625	1.5033e-010
8626	1.5339e-010
8627	1.5749e-010
8628	1.6133e-010
8629	1.6493e-010
8630	1.6868e-010
8631	1.7253e-010
8632	1.7597e-010
8633	1.8002e-010
8634	1.8417e-010
8635	1.8821e-010
8636	1.9288e-010
8637	1.9771e-010
8638	2.0233e-010
8639	2.0696e-010
8640	2.1132e-010
8641	2.1438e-010
8642	2.2045e-010
8643	2.2826e-010
8644	2.3411e-010
8645	2.3523e-010
8646	2.3572e-010
8647	2.3531e-010
8648	2.3073e-010
8649	2.2249e-010
8650	2.1567e-010
8651	2.1405e-010
8652	2.1073e-010
8653	2.0681e-010
8654	2.0216e-010
8655	1.9688e-010
8656	1.9161e-010
8657	1.88e-010
8658	1.8417e-010
8659	1.8053e-010
8660	1.7783e-010
8661	1.7533e-010
8662	1.7246e-010
8663	1.7083e-010
8664	1.667e-010
8665	1.5743e-010
8666	1.5939e-010
8667	1.665e-010
8668	1.6609e-010
8669	1.6211e-010
8670	1.4307e-010
8671	1.548e-010
8672	1.7511e-010
8673	1.4743e-010
8674	1.377e-010
8675	1.5055e-010
8676	1.3482e-010
8677	1.3333e-010
8678	1.5462e-010
8679	1.2571e-010
8680	1.3595e-010
8681	1.7694e-010
8682	1.3327e-010
8683	1.4468e-010
8684	1.1824e-010
8685	1.0942e-010
8686	1.1375e-010
8687	1.0522e-010
8688	1.151e-010
8689	1.0353e-010
8690	1.0935e-010
8691	9.7586e-011
8692	9.6432e-011
8693	9.1784e-011
8694	9.1934e-011
8695	9.1308e-011
8696	1.0023e-010
8697	1.2315e-010
8698	9.874e-011
8699	8.8678e-011
8700	7.8783e-011
8701	8.824e-011
8702	9.8669e-011
8703	1.0159e-010
8704	1.4766e-010
8705	1.5085e-010
8706	2.3617e-010
8707	6.7954e-010
8708	3.4149e-010
8709	1.69e-009
8710	1.6033e-009
8711	3.995e-010
8712	4.0581e-010
8713	1.0071e-010
8714	8.5716e-011
8715	8.5457e-011
8716	8.5414e-011
8717	8.7355e-011
8718	8.952e-011
8719	8.8802e-011
8720	8.9914e-011
8721	9.0048e-011
8722	9.0493e-011
8723	9.2386e-011
8724	9.2911e-011
8725	9.5222e-011
8726	9.6213e-011
8727	9.8355e-011
8728	1.0039e-010
8729	1.0247e-010
8730	1.0518e-010
8731	1.0703e-010
8732	1.1034e-010
8733	1.1207e-010
8734	1.154e-010
8735	1.1739e-010
8736	1.2028e-010
8737	1.2353e-010
8738	1.2522e-010
8739	1.2973e-010
8740	1.3093e-010
8741	1.3535e-010
8742	1.3788e-010
8743	1.4005e-010
8744	1.4468e-010
8745	1.4707e-010
8746	1.5001e-010
8747	1.5462e-010
8748	1.577e-010
8749	1.6034e-010
8750	1.6498e-010
8751	1.6905e-010
8752	1.7214e-010
8753	1.7565e-010
8754	1.7992e-010
8755	1.8461e-010
8756	1.8871e-010
8757	1.9273e-010
8758	1.971e-010
8759	2.0134e-010
8760	2.058e-010
8761	2.1069e-010
8762	2.1564e-010
8763	2.2057e-010
8764	2.2563e-010
8765	2.3093e-010
8766	2.3578e-010
8767	2.4124e-010
8768	2.4663e-010
8769	2.528e-010
8770	2.591e-010
8771	2.6578e-010
8772	2.7133e-010
8773	2.761e-010
8774	2.8344e-010
8775	2.9205e-010
8776	2.924e-010
8777	2.8462e-010
8778	2.7814e-010
8779	2.7471e-010
8780	2.6995e-010
8781	2.6394e-010
8782	2.5835e-010
8783	2.5162e-010
8784	2.4672e-010
8785	2.4105e-010
8786	2.3716e-010
8787	2.3237e-010
8788	2.2787e-010
8789	2.233e-010
8790	2.1804e-010
8791	2.1338e-010
8792	2.1014e-010
8793	2.0847e-010
8794	2.0557e-010
8795	2.0246e-010
8796	2.0224e-010
8797	1.9641e-010
8798	1.929e-010
8799	1.9282e-010
8800	1.9136e-010
8801	1.9341e-010
8802	1.8891e-010
8803	1.8463e-010
8804	1.8542e-010
8805	1.6836e-010
8806	1.6314e-010
8807	1.8114e-010
8808	1.6559e-010
8809	1.6192e-010
8810	1.804e-010
8811	1.8017e-010
8812	1.8198e-010
8813	1.5342e-010
8814	1.5786e-010
8815	1.3915e-010
8816	1.3252e-010
8817	1.3955e-010
8818	1.3117e-010
8819	1.3713e-010
8820	1.2646e-010
8821	1.2658e-010
8822	1.1616e-010
8823	1.1788e-010
8824	1.1942e-010
8825	1.0924e-010
8826	1.2841e-010
8827	1.3467e-010
8828	1.2605e-010
8829	1.0688e-010
8830	1.0555e-010
8831	1.0976e-010
8832	1.1476e-010
8833	1.4135e-010
8834	1.5075e-010
8835	1.656e-010
8836	2.9374e-010
8837	6.5197e-010
8838	3.2578e-010
8839	1.9551e-009
8840	1.5174e-009
8841	4.1939e-010
8842	3.0764e-010
8843	6.0625e-011
8844	6.0149e-011
8845	7.6126e-011
8846	7.1028e-011
8847	7.222e-011
8848	7.4751e-011
8849	7.4374e-011
8850	7.316e-011
8851	7.3134e-011
8852	7.4149e-011
8853	7.4567e-011
8854	7.7045e-011
8855	7.6865e-011
8856	7.8371e-011
8857	7.986e-011
8858	8.1736e-011
8859	8.3784e-011
8860	8.536e-011
8861	8.8096e-011
8862	8.9242e-011
8863	9.2355e-011
8864	9.3451e-011
8865	9.6324e-011
8866	9.8157e-011
8867	9.9981e-011
8868	1.0383e-010
8869	1.0425e-010
8870	1.0933e-010
8871	1.0931e-010
8872	1.1213e-010
8873	1.1628e-010
8874	1.1678e-010
8875	1.205e-010
8876	1.2402e-010
8877	1.2497e-010
8878	1.284e-010
8879	1.3346e-010
8880	1.3439e-010
8881	1.3668e-010
8882	1.4094e-010
8883	1.449e-010
8884	1.4779e-010
8885	1.5033e-010
8886	1.5339e-010
8887	1.5749e-010
8888	1.6133e-010
8889	1.6493e-010
8890	1.6868e-010
8891	1.7253e-010
8892	1.7597e-010
8893	1.8002e-010
8894	1.8417e-010
8895	1.8821e-010
8896	1.9288e-010
8897	1.9771e-010
8898	2.0233e-010
8899	2.0696e-010
8900	2.1132e-010
8901	2.1438e-010
8902	2.2045e-010
8903	2.2826e-010
8904	2.3411e-010
8905	2.3523e-010
8906	2.3572e-010
8907	2.3531e-010
8908	2.3073e-010
8909	2.2249e-010
8910	2.1567e-010
8911	2.1405e-010
8912	2.1073e-010
8913	2.0681e-010
8914	2.0216e-010
8915	1.9688e-010
8916	1.9162e-010
8917	1.88e-010
8918	1.8417e-010
8919	1.8053e-010
8920	1.7783e-010
8921	1.7533e-010
8922	1.7246e-010
8923	1.7083e-010
8924	1.6671e-010
8925	1.5736e-010
8926	1.5946e-010
8927	1.6558e-010
8928	1.6594e-010
8929	1.6109e-010
8930	1.4317e-010
8931	1.547e-010
8932	1.7505e-010
8933	1.4739e-010
8934	1.3772e-010
8935	1.5055e-010
8936	1.3482e-010
8937	1.3332e-010
8938	1.5462e-010
8939	1.2571e-010
8940	1.3595e-010
8941	1.7694e-010
8942	1.3327e-010
8943	1.4468e-010
8944	1.1824e-010
8945	1.0942e-010
8946	1.1375e-010
8947	1.0522e-010
8948	1.151e-010
8949	1.0353e-010
8950	1.0935e-010
8951	9.7586e-011
8952	9.6432e-011
8953	9.1784e-011
8954	9.1934e-011
8955	9.1308e-011
8956	1.0023e-010
8957	1.2315e-010
8958	9.874e-011
8959	8.8678e-011
8960	7.8783e-011
8961	8.824e-011
8962	9.8669e-011
8963	1.0159e-010
8964	1.4766e-010
8965	1.5085e-010
8966	2.3617e-010
8967	6.7954e-010
8968	3.4149e-010
8969	1.69e-009
8970	1.6033e-009
8971	4.1944e-010
8972	3.0756e-010
8973	6.0593e-011
8974	6.012e-011
8975	7.612e-011
8976	7.104e-011
8977	7.2241e-011
8978	7.477e-011
8979	7.4392e-011
8980	7.319e-011
8981	7.3181e-011
8982	7.4191e-011
8983	7.4558e-011
8984	7.6987e-011
8985	7.6798e-011
8986	7.8317e-011
8987	7.9838e-011
8988	8.1759e-011
8989	8.3829e-011
8990	8.5395e-011
8991	8.8118e-011
8992	8.9252e-011
8993	9.2363e-011
8994	9.3459e-011
8995	9.634e-011
8996	9.8175e-011
8997	1.e-010
8998	1.0386e-010
8999	1.0425e-010
9000	1.093e-010
9001	1.0926e-010
9002	1.121e-010
9003	1.1628e-010
9004	1.1679e-010
9005	1.2048e-010
9006	1.2403e-010
9007	1.2503e-010
9008	1.2851e-010
9009	1.335e-010
9010	1.3446e-010
9011	1.3676e-010
9012	1.4098e-010
9013	1.4493e-010
9014	1.4774e-010
9015	1.5032e-010
9016	1.5348e-010
9017	1.5764e-010
9018	1.6145e-010
9019	1.6509e-010
9020	1.6885e-010
9021	1.7256e-010
9022	1.7605e-010
9023	1.8e-010
9024	1.8407e-010
9025	1.8822e-010
9026	1.9292e-010
9027	1.9768e-010
9028	2.0225e-010
9029	2.0676e-010
9030	2.11e-010
9031	2.1419e-010
9032	2.2042e-010
9033	2.2817e-010
9034	2.3398e-010
9035	2.3498e-010
9036	2.355e-010
9037	2.3521e-010
9038	2.3078e-010
9039	2.2236e-010
9040	2.1547e-010
9041	2.1384e-010
9042	2.1049e-010
9043	2.0657e-010
9044	2.019e-010
9045	1.9678e-010
9046	1.915e-010
9047	1.8774e-010
9048	1.8392e-010
9049	1.8038e-010
9050	1.7763e-010
9051	1.752e-010
9052	1.7229e-010
9053	1.7073e-010
9054	1.6651e-010
9055	1.5719e-010
9056	1.5923e-010
9057	1.6595e-010
9058	1.6743e-010
9059	1.6158e-010
9060	1.429e-010
9061	1.5451e-010
9062	1.7501e-010
9063	1.4727e-010
9064	1.3762e-010
9065	1.505e-010
9066	1.3476e-010
9067	1.3328e-010
9068	1.5458e-010
9069	1.2569e-010
9070	1.3594e-010
9071	1.7694e-010
9072	1.3328e-010
9073	1.4468e-010
9074	1.1823e-010
9075	1.0941e-010
9076	1.1376e-010
9077	1.0523e-010
9078	1.151e-010
9079	1.0353e-010
9080	1.0934e-010
9081	9.7584e-011
9082	9.6447e-011
9083	9.1783e-011
9084	9.1906e-011
9085	9.1249e-011
9086	1.0017e-010
9087	1.2307e-010
9088	9.8681e-011
9089	8.8615e-011
9090	7.8728e-011
9091	8.8189e-011
9092	9.8614e-011
9093	1.0154e-010
9094	1.476e-010
9095	1.508e-010
9096	2.3613e-010
9097	6.7954e-010
9098	3.4148e-010
9099	1.69e-009
9100	1.6032e-009
9101	3.9953e-010
9102	4.0584e-010
9103	1.0071e-010
9104	8.5676e-011
9105	8.5431e-011
9106	8.5423e-011
9107	8.7383e-011
9108	8.9552e-011
9109	8.884e-011
9110	8.9962e-011
9111	9.0111e-011
9112	9.0532e-011
9113	9.2348e-011
9114	9.2814e-011
9115	9.5116e-011
9116	9.6146e-011
9117	9.8348e-011
9118	1.0047e-010
9119	1.0257e-010
9120	1.0526e-010
9121	1.0706e-010
9122	1.1034e-010
9123	1.1206e-010
9124	1.1539e-010
9125	1.1742e-010
9126	1.2036e-010
9127	1.2362e-010
9128	1.2527e-010
9129	1.2977e-010
9130	1.3098e-010
9131	1.3538e-010
9132	1.3789e-010
9133	1.4005e-010
9134	1.4464e-010
9135	1.4701e-010
9136	1.5e-010
9137	1.5472e-010
9138	1.5777e-010
9139	1.6051e-010
9140	1.6496e-010
9141	1.6908e-010
9142	1.7214e-010
9143	1.7558e-010
9144	1.799e-010
9145	1.8463e-010
9146	1.889e-010
9147	1.9295e-010
9148	1.9724e-010
9149	2.0149e-010
9150	2.0598e-010
9151	2.1078e-010
9152	2.1561e-010
9153	2.2049e-010
9154	2.255e-010
9155	2.3089e-010
9156	2.3589e-010
9157	2.4128e-010
9158	2.4648e-010
9159	2.5257e-010
9160	2.5864e-010
9161	2.6537e-010
9162	2.7118e-010
9163	2.7606e-010
9164	2.8325e-010
9165	2.9179e-010
9166	2.9199e-010
9167	2.8431e-010
9168	2.7807e-010
9169	2.7448e-010
9170	2.6964e-010
9171	2.6364e-010
9172	2.5797e-010
9173	2.5124e-010
9174	2.4635e-010
9175	2.4095e-010
9176	2.3704e-010
9177	2.3188e-010
9178	2.2736e-010
9179	2.2304e-010
9180	2.1772e-010
9181	2.1299e-010
9182	2.099e-010
9183	2.0829e-010
9184	2.0528e-010
9185	2.0196e-010
9186	2.0213e-010
9187	1.9866e-010
9188	1.9327e-010
9189	1.955e-010
9190	1.9119e-010
9191	1.9296e-010
9192	1.8876e-010
9193	1.8449e-010
9194	1.8531e-010
9195	1.6827e-010
9196	1.6303e-010
9197	1.8099e-010
9198	1.6546e-010
9199	1.6185e-010
9200	1.8037e-010
9201	1.8013e-010
9202	1.8192e-010
9203	1.5338e-010
9204	1.5781e-010
9205	1.3912e-010
9206	1.3253e-010
9207	1.3956e-010
9208	1.3118e-010
9209	1.3713e-010
9210	1.2649e-010
9211	1.2661e-010
9212	1.1618e-010
9213	1.1788e-010
9214	1.1942e-010
9215	1.092e-010
9216	1.2837e-010
9217	1.3457e-010
9218	1.2597e-010
9219	1.0676e-010
9220	1.0543e-010
9221	1.0965e-010
9222	1.1465e-010
9223	1.4125e-010
9224	1.5063e-010
9225	1.6551e-010
9226	2.9368e-010
9227	6.5195e-010
9228	3.2576e-010
9229	1.955e-009
9230	1.5173e-009
9231	4.1939e-010
9232	3.0751e-010
9233	6.0572e-011
9234	6.0094e-011
9235	7.6088e-011
9236	7.1007e-011
9237	7.2212e-011
9238	7.4749e-011
9239	7.438e-011
9240	7.3185e-011
9241	7.318e-011
9242	7.419e-011
9243	7.4561e-011
9244	7.6988e-011
9245	7.6803e-011
9246	7.8327e-011
9247	7.9849e-011
9248	8.1766e-011
9249	8.3833e-011
9250	8.5399e-011
9251	8.8111e-011
9252	8.9236e-011
9253	9.2341e-011
9254	9.3454e-011
9255	9.6345e-011
9256	9.8194e-011
9257	1.0003e-010
9258	1.0388e-010
9259	1.0428e-010
9260	1.0933e-010
9261	1.0929e-010
9262	1.1212e-010
9263	1.1627e-010
9264	1.1678e-010
9265	1.2049e-010
9266	1.2404e-010
9267	1.2505e-010
9268	1.2861e-010
9269	1.332e-010
9270	1.3454e-010
9271	1.3675e-010
9272	1.4098e-010
9273	1.4494e-010
9274	1.4775e-010
9275	1.5031e-010
9276	1.5346e-010
9277	1.5762e-010
9278	1.614e-010
9279	1.6512e-010
9280	1.688e-010
9281	1.7253e-010
9282	1.7604e-010
9283	1.7997e-010
9284	1.8413e-010
9285	1.8821e-010
9286	1.9297e-010
9287	1.9763e-010
9288	2.022e-010
9289	2.0677e-010
9290	2.11e-010
9291	2.1417e-010
9292	2.2025e-010
9293	2.2816e-010
9294	2.3388e-010
9295	2.3502e-010
9296	2.356e-010
9297	2.3507e-010
9298	2.3074e-010
9299	2.2229e-010
9300	2.1541e-010
9301	2.1379e-010
9302	2.1046e-010
9303	2.0658e-010
9304	2.0179e-010
9305	1.9683e-010
9306	1.9149e-010
9307	1.8775e-010
9308	1.8384e-010
9309	1.8038e-010
9310	1.7759e-010
9311	1.7508e-010
9312	1.7227e-010
9313	1.707e-010
9314	1.665e-010
9315	1.5723e-010
9316	1.5925e-010
9317	1.6587e-010
9318	1.7107e-010
9319	1.6187e-010
9320	1.4291e-010
9321	1.5458e-010
9322	1.7514e-010
9323	1.473e-010
9324	1.3761e-010
9325	1.5046e-010
9326	1.3471e-010
9327	1.3325e-010
9328	1.5454e-010
9329	1.2569e-010
9330	1.3594e-010
9331	1.769e-010
9332	1.3327e-010
9333	1.4467e-010
9334	1.1823e-010
9335	1.094e-010
9336	1.1374e-010
9337	1.0523e-010
9338	1.1511e-010
9339	1.0355e-010
9340	1.0935e-010
9341	9.7588e-011
9342	9.6435e-011
9343	9.1771e-011
9344	9.1902e-011
9345	9.1233e-011
9346	1.0017e-010
9347	1.2306e-010
9348	9.8676e-011
9349	8.8607e-011
9350	7.8729e-011
9351	8.8185e-011
9352	9.8622e-011
9353	1.0153e-010
9354	1.4758e-010
9355	1.5078e-010
9356	2.3612e-010
9357	6.7951e-010
9358	3.4147e-010
9359	1.6899e-009
9360	1.6032e-009
9361	1.7498e-010
9362	1.4485e-010
9363	6.4228e-011
9364	6.388e-011
9365	7.6336e-011
9366	8.3576e-011
9367	8.7421e-011
9368	9.0036e-011
9369	9.1257e-011
9370	9.0314e-011
9371	9.0327e-011
9372	9.0838e-011
9373	9.1304e-011
9374	9.299e-011
9375	9.3482e-011
9376	9.4843e-011
9377	9.6551e-011
9378	9.865e-011
9379	1.0087e-010
9380	1.0309e-010
9381	1.0574e-010
9382	1.0797e-010
9383	1.1084e-010
9384	1.1304e-010
9385	1.158e-010
9386	1.1836e-010
9387	1.2097e-010
9388	1.244e-010
9389	1.2674e-010
9390	1.3046e-010
9391	1.3262e-010
9392	1.3555e-010
9393	1.3911e-010
9394	1.4173e-010
9395	1.4509e-010
9396	1.4865e-010
9397	1.5165e-010
9398	1.5532e-010
9399	1.594e-010
9400	1.6254e-010
9401	1.6584e-010
9402	1.7022e-010
9403	1.7383e-010
9404	1.78e-010
9405	1.8159e-010
9406	1.8543e-010
9407	1.8983e-010
9408	1.941e-010
9409	1.987e-010
9410	2.0296e-010
9411	2.0777e-010
9412	2.1236e-010
9413	2.1716e-010
9414	2.2204e-010
9415	2.2698e-010
9416	2.3269e-010
9417	2.3725e-010
9418	2.434e-010
9419	2.488e-010
9420	2.5435e-010
9421	2.5954e-010
9422	2.6657e-010
9423	2.7312e-010
9424	2.7866e-010
9425	2.8564e-010
9426	2.8645e-010
9427	2.7963e-010
9428	2.7516e-010
9429	2.6921e-010
9430	2.618e-010
9431	2.5769e-010
9432	2.5275e-010
9433	2.4807e-010
9434	2.4072e-010
9435	2.3738e-010
9436	2.3101e-010
9437	2.2644e-010
9438	2.2177e-010
9439	2.1753e-010
9440	2.1384e-010
9441	2.0848e-010
9442	2.0613e-010
9443	2.0313e-010
9444	1.9921e-010
9445	1.9183e-010
9446	1.9232e-010
9447	1.9731e-010
9448	1.9378e-010
9449	1.9278e-010
9450	1.7646e-010
9451	1.8673e-010
9452	1.944e-010
9453	1.7791e-010
9454	1.711e-010
9455	1.7056e-010
9456	1.5918e-010
9457	1.6671e-010
9458	1.7168e-010
9459	1.5116e-010
9460	1.6631e-010
9461	1.9363e-010
9462	1.6669e-010
9463	1.6e-010
9464	1.4032e-010
9465	1.2719e-010
9466	1.2804e-010
9467	1.2609e-010
9468	1.3045e-010
9469	1.2443e-010
9470	1.2413e-010
9471	1.1603e-010
9472	1.107e-010
9473	1.1453e-010
9474	1.0404e-010
9475	1.0044e-010
9476	1.1571e-010
9477	1.3302e-010
9478	1.1394e-010
9479	1.0222e-010
9480	9.7687e-011
9481	1.0825e-010
9482	1.2805e-010
9483	1.2897e-010
9484	1.3653e-010
9485	1.5412e-010
9486	2.3198e-010
9487	2.9078e-010
9488	3.1424e-010
9489	6.1736e-010
9490	6.9523e-010
9491	1.4769e-010
9492	1.7548e-010
9493	8.7845e-011
9494	8.2846e-011
9495	9.0567e-011
9496	9.5174e-011
9497	9.8507e-011
9498	1.0146e-010
9499	1.0019e-010
9500	1.0169e-010
9501	1.0133e-010
9502	1.0062e-010
9503	1.0345e-010
9504	1.0221e-010
9505	1.0578e-010
9506	1.0589e-010
9507	1.0857e-010
9508	1.1097e-010
9509	1.128e-010
9510	1.1642e-010
9511	1.1776e-010
9512	1.2215e-010
9513	1.2347e-010
9514	1.2767e-010
9515	1.2955e-010
9516	1.329e-010
9517	1.3656e-010
9518	1.3823e-010
9519	1.4381e-010
9520	1.4442e-010
9521	1.498e-010
9522	1.5234e-010
9523	1.5482e-010
9524	1.6015e-010
9525	1.6258e-010
9526	1.659e-010
9527	1.7104e-010
9528	1.7472e-010
9529	1.7728e-010
9530	1.8282e-010
9531	1.8673e-010
9532	1.9083e-010
9533	1.9413e-010
9534	1.9925e-010
9535	2.0386e-010
9536	2.0851e-010
9537	2.1297e-010
9538	2.1781e-010
9539	2.2292e-010
9540	2.2757e-010
9541	2.3302e-010
9542	2.3835e-010
9543	2.4371e-010
9544	2.4916e-010
9545	2.5485e-010
9546	2.6098e-010
9547	2.6593e-010
9548	2.7264e-010
9549	2.7896e-010
9550	2.855e-010
9551	2.9296e-010
9552	3.e-010
9553	3.0494e-010
9554	3.1092e-010
9555	3.2271e-010
9556	3.2342e-010
9557	3.1211e-010
9558	3.068e-010
9559	3.0352e-010
9560	2.9699e-010
9561	2.8987e-010
9562	2.8379e-010
9563	2.7759e-010
9564	2.699e-010
9565	2.6651e-010
9566	2.6059e-010
9567	2.5517e-010
9568	2.501e-010
9569	2.4535e-010
9570	2.3992e-010
9571	2.3376e-010
9572	2.309e-010
9573	2.2793e-010
9574	2.2423e-010
9575	2.2041e-010
9576	2.1922e-010
9577	2.1994e-010
9578	2.0963e-010
9579	2.1563e-010
9580	2.05e-010
9581	2.1276e-010
9582	2.0393e-010
9583	2.0226e-010
9584	2.0072e-010
9585	1.8328e-010
9586	1.7715e-010
9587	1.9809e-010
9588	1.7896e-010
9589	1.7361e-010
9590	1.9644e-010
9591	1.9327e-010
9592	2.0157e-010
9593	1.6334e-010
9594	1.669e-010
9595	1.4591e-010
9596	1.3956e-010
9597	1.5021e-010
9598	1.3815e-010
9599	1.4924e-010
9600	1.3219e-010
9601	1.3688e-010
9602	1.2179e-010
9603	1.328e-010
9604	1.1927e-010
9605	1.1146e-010
9606	1.3807e-010
9607	1.3405e-010
9608	1.3712e-010
9609	1.0896e-010
9610	1.1375e-010
9611	1.2784e-010
9612	1.3287e-010
9613	1.5304e-010
9614	1.5966e-010
9615	1.9272e-010
9616	2.5156e-010
9617	3.257e-010
9618	3.4532e-010
9619	7.7506e-010
9620	4.7997e-010
9621	1.7507e-010
9622	1.4489e-010
9623	6.4223e-011
9624	6.3876e-011
9625	7.6337e-011
9626	8.3587e-011
9627	8.7435e-011
9628	9.0048e-011
9629	9.1275e-011
9630	9.0342e-011
9631	9.0377e-011
9632	9.0883e-011
9633	9.1307e-011
9634	9.2961e-011
9635	9.3456e-011
9636	9.4849e-011
9637	9.6561e-011
9638	9.864e-011
9639	1.0085e-010
9640	1.0307e-010
9641	1.0572e-010
9642	1.0794e-010
9643	1.1079e-010
9644	1.1298e-010
9645	1.1575e-010
9646	1.1833e-010
9647	1.2095e-010
9648	1.2438e-010
9649	1.2671e-010
9650	1.3042e-010
9651	1.3258e-010
9652	1.3551e-010
9653	1.3909e-010
9654	1.4172e-010
9655	1.4509e-010
9656	1.4865e-010
9657	1.5163e-010
9658	1.5541e-010
9659	1.5915e-010
9660	1.6262e-010
9661	1.6578e-010
9662	1.7015e-010
9663	1.7375e-010
9664	1.7787e-010
9665	1.8142e-010
9666	1.8529e-010
9667	1.8977e-010
9668	1.941e-010
9669	1.9867e-010
9670	2.0291e-010
9671	2.0774e-010
9672	2.1238e-010
9673	2.1715e-010
9674	2.2205e-010
9675	2.2702e-010
9676	2.3268e-010
9677	2.3733e-010
9678	2.4343e-010
9679	2.4876e-010
9680	2.5432e-010
9681	2.5947e-010
9682	2.666e-010
9683	2.7315e-010
9684	2.7873e-010
9685	2.8579e-010
9686	2.8652e-010
9687	2.798e-010
9688	2.7514e-010
9689	2.6929e-010
9690	2.6184e-010
9691	2.5769e-010
9692	2.5275e-010
9693	2.481e-010
9694	2.4076e-010
9695	2.3747e-010
9696	2.3106e-010
9697	2.2648e-010
9698	2.2183e-010
9699	2.1745e-010
9700	2.1408e-010
9701	2.0846e-010
9702	2.0646e-010
9703	2.032e-010
9704	1.9933e-010
9705	1.9189e-010
9706	1.9236e-010
9707	1.9737e-010
9708	1.938e-010
9709	1.9288e-010
9710	1.7644e-010
9711	1.8663e-010
9712	1.9429e-010
9713	1.779e-010
9714	1.7116e-010
9715	1.7063e-010
9716	1.5922e-010
9717	1.6674e-010
9718	1.7169e-010
9719	1.5117e-010
9720	1.6629e-010
9721	1.9362e-010
9722	1.6665e-010
9723	1.5998e-010
9724	1.403e-010
9725	1.2717e-010
9726	1.2802e-010
9727	1.2607e-010
9728	1.3046e-010
9729	1.2442e-010
9730	1.2414e-010
9731	1.1603e-010
9732	1.1072e-010
9733	1.1454e-010
9734	1.0404e-010
9735	1.0044e-010
9736	1.1571e-010
9737	1.3303e-010
9738	1.1397e-010
9739	1.0224e-010
9740	9.7716e-011
9741	1.0828e-010
9742	1.2805e-010
9743	1.2898e-010
9744	1.3651e-010
9745	1.541e-010
9746	2.3197e-010
9747	2.9078e-010
9748	3.1425e-010
9749	6.1743e-010
9750	6.9529e-010
9751	1.7509e-010
9752	1.449e-010
9753	6.4258e-011
9754	6.3909e-011
9755	7.6357e-011
9756	8.3594e-011
9757	8.744e-011
9758	9.0061e-011
9759	9.1284e-011
9760	9.0324e-011
9761	9.0311e-011
9762	9.0803e-011
9763	9.1269e-011
9764	9.2968e-011
9765	9.3469e-011
9766	9.4846e-011
9767	9.6554e-011
9768	9.8644e-011
9769	1.0087e-010
9770	1.031e-010
9771	1.0574e-010
9772	1.0793e-010
9773	1.1079e-010
9774	1.1304e-010
9775	1.1582e-010
9776	1.183e-010
9777	1.2087e-010
9778	1.2431e-010
9779	1.2669e-010
9780	1.3045e-010
9781	1.326e-010
9782	1.3551e-010
9783	1.3908e-010
9784	1.417e-010
9785	1.4508e-010
9786	1.4865e-010
9787	1.5161e-010
9788	1.5524e-010
9789	1.5939e-010
9790	1.6249e-010
9791	1.6572e-010
9792	1.7004e-010
9793	1.737e-010
9794	1.7786e-010
9795	1.8139e-010
9796	1.8523e-010
9797	1.8974e-010
9798	1.9414e-010
9799	1.9864e-010
9800	2.028e-010
9801	2.0769e-010
9802	2.1234e-010
9803	2.1718e-010
9804	2.2204e-010
9805	2.2703e-010
9806	2.3282e-010
9807	2.3751e-010
9808	2.4372e-010
9809	2.4906e-010
9810	2.5463e-010
9811	2.5971e-010
9812	2.6683e-010
9813	2.7341e-010
9814	2.79e-010
9815	2.8613e-010
9816	2.8693e-010
9817	2.8003e-010
9818	2.7531e-010
9819	2.6944e-010
9820	2.6203e-010
9821	2.5799e-010
9822	2.5308e-010
9823	2.4855e-010
9824	2.4116e-010
9825	2.3775e-010
9826	2.3126e-010
9827	2.2677e-010
9828	2.2221e-010
9829	2.1773e-010
9830	2.1436e-010
9831	2.0879e-010
9832	2.0681e-010
9833	2.0341e-010
9834	1.9958e-010
9835	1.9213e-010
9836	1.9274e-010
9837	1.9758e-010
9838	1.9434e-010
9839	1.9308e-010
9840	1.7689e-010
9841	1.8691e-010
9842	1.9458e-010
9843	1.7809e-010
9844	1.7133e-010
9845	1.7077e-010
9846	1.5936e-010
9847	1.6687e-010
9848	1.7183e-010
9849	1.5125e-010
9850	1.6635e-010
9851	1.9367e-010
9852	1.667e-010
9853	1.6003e-010
9854	1.4032e-010
9855	1.2717e-010
9856	1.2801e-010
9857	1.2606e-010
9858	1.3046e-010
9859	1.2445e-010
9860	1.2417e-010
9861	1.1609e-010
9862	1.1078e-010
9863	1.146e-010
9864	1.041e-010
9865	1.005e-010
9866	1.1578e-010
9867	1.3312e-010
9868	1.1404e-010
9869	1.0234e-010
9870	9.7803e-011
9871	1.0836e-010
9872	1.2816e-010
9873	1.2908e-010
9874	1.3663e-010
9875	1.542e-010
9876	2.3205e-010
9877	2.9081e-010
9878	3.1425e-010
9879	6.1744e-010
9880	6.9533e-010
9881	1.4772e-010
9882	1.7555e-010
9883	8.7933e-011
9884	8.2932e-011
9885	9.061e-011
9886	9.5186e-011
9887	9.8508e-011
9888	1.0147e-010
9889	1.0019e-010
9890	1.0165e-010
9891	1.0122e-010
9892	1.005e-010
9893	1.0339e-010
9894	1.022e-010
9895	1.0579e-010
9896	1.0588e-010
9897	1.0852e-010
9898	1.1086e-010
9899	1.1269e-010
9900	1.1636e-010
9901	1.1772e-010
9902	1.2208e-010
9903	1.2341e-010
9904	1.2766e-010
9905	1.2955e-010
9906	1.3285e-010
9907	1.3645e-010
9908	1.3808e-010
9909	1.4369e-010
9910	1.4437e-010
9911	1.498e-010
9912	1.5231e-010
9913	1.5473e-010
9914	1.6006e-010
9915	1.6251e-010
9916	1.6585e-010
9917	1.7083e-010
9918	1.7462e-010
9919	1.7691e-010
9920	1.8278e-010
9921	1.8645e-010
9922	1.9056e-010
9923	1.9389e-010
9924	1.9909e-010
9925	2.0371e-010
9926	2.0826e-010
9927	2.1276e-010
9928	2.1762e-010
9929	2.2258e-010
9930	2.2717e-010
9931	2.3275e-010
9932	2.3823e-010
9933	2.4361e-010
9934	2.4919e-010
9935	2.5495e-010
9936	2.6094e-010
9937	2.6617e-010
9938	2.7296e-010
9939	2.7938e-010
9940	2.8594e-010
9941	2.9327e-010
9942	3.0037e-010
9943	3.0542e-010
9944	3.115e-010
9945	3.2328e-010
9946	3.2398e-010
9947	3.1239e-010
9948	3.0694e-010
9949	3.0376e-010
9950	2.9739e-010
9951	2.9041e-010
9952	2.8445e-010
9953	2.7826e-010
9954	2.7058e-010
9955	2.6691e-010
9956	2.6095e-010
9957	2.5579e-010
9958	2.5076e-010
9959	2.4587e-010
9960	2.4038e-010
9961	2.3431e-010
9962	2.3142e-010
9963	2.2846e-010
9964	2.2478e-010
9965	2.2098e-010
9966	2.197e-010
9967	2.206e-010
9968	2.1067e-010
9969	2.1628e-010
9970	2.0554e-010
9971	2.1334e-010
9972	2.0429e-010
9973	2.0271e-010
9974	2.0108e-010
9975	1.8354e-010
9976	1.7739e-010
9977	1.9831e-010
9978	1.7913e-010
9979	1.7373e-010
9980	1.9651e-010
9981	1.933e-010
9982	2.0156e-010
9983	1.6333e-010
9984	1.6687e-010
9985	1.4588e-010
9986	1.3953e-010
9987	1.502e-010
9988	1.3813e-010
9989	1.4926e-010
9990	1.3223e-010
9991	1.3695e-010
9992	1.2186e-010
9993	1.3288e-010
9994	1.1938e-010
9995	1.116e-010
9996	1.3823e-010
9997	1.3422e-010
9998	1.3729e-010
9999	1.0914e-010
10000	1.1393e-010
10001	1.2801e-010
10002	1.3307e-010
10003	1.5324e-010
10004	1.5989e-010
10005	1.9295e-010
10006	2.5174e-010
10007	3.258e-010
10008	3.4539e-010
10009	7.7518e-010
10010	4.8002e-010
10011	1.7509e-010
10012	1.449e-010
10013	6.4258e-011
10014	6.3909e-011
10015	7.6357e-011
10016	8.3594e-011
10017	8.744e-011
10018	9.0061e-011
10019	9.1284e-011
10020	9.0324e-011
10021	9.0311e-011
10022	9.0803e-011
10023	9.1269e-011
10024	9.2968e-011
10025	9.3469e-011
10026	9.4846e-011
10027	9.6554e-011
10028	9.8644e-011
10029	1.0087e-010
10030	1.031e-010
10031	1.0574e-010
10032	1.0793e-010
10033	1.1079e-010
10034	1.1304e-010
10035	1.1582e-010
10036	1.183e-010
10037	1.2087e-010
10038	1.2431e-010
10039	1.2669e-010
10040	1.3045e-010
10041	1.326e-010
10042	1.3551e-010
10043	1.3908e-010
10044	1.417e-010
10045	1.4508e-010
10046	1.4865e-010
10047	1.516e-010
10048	1.5535e-010
10049	1.5928e-010
10050	1.626e-010
10051	1.657e-010
10052	1.7005e-010
10053	1.737e-010
10054	1.7786e-010
10055	1.8139e-010
10056	1.8523e-010
10057	1.8974e-010
10058	1.9414e-010
10059	1.9863e-010
10060	2.028e-010
10061	2.0769e-010
10062	2.1234e-010
10063	2.1718e-010
10064	2.2204e-010
10065	2.2703e-010
10066	2.3282e-010
10067	2.3751e-010
10068	2.4372e-010
10069	2.4906e-010
10070	2.5463e-010
10071	2.5971e-010
10072	2.6683e-010
10073	2.7341e-010
10074	2.79e-010
10075	2.8613e-010
10076	2.8693e-010
10077	2.8003e-010
10078	2.7531e-010
10079	2.6944e-010
10080	2.6203e-010
10081	2.5799e-010
10082	2.5308e-010
10083	2.4855e-010
10084	2.4116e-010
10085	2.3775e-010
10086	2.3125e-010
10087	2.2677e-010
10088	2.2218e-010
10089	2.178e-010
10090	2.1411e-010
10091	2.0894e-010
10092	2.0655e-010
10093	2.0346e-010
10094	1.9956e-010
10095	1.9212e-010
10096	1.9269e-010
10097	1.9766e-010
10098	1.9445e-010
10099	1.9317e-010
10100	1.7687e-010
10101	1.869e-010
10102	1.946e-010
10103	1.7809e-010
10104	1.7133e-010
10105	1.7077e-010
10106	1.5936e-010
10107	1.6687e-010
10108	1.7183e-010
10109	1.5125e-010
10110	1.6635e-010
10111	1.9367e-010
10112	1.667e-010
10113	1.6003e-010
10114	1.4032e-010
10115	1.2717e-010
10116	1.2801e-010
10117	1.2606e-010
10118	1.3046e-010
10119	1.2445e-010
10120	1.2417e-010
10121	1.1609e-010
10122	1.1078e-010
10123	1.146e-010
10124	1.0409e-010
10125	1.005e-010
10126	1.1578e-010
10127	1.3312e-010
10128	1.1404e-010
10129	1.0234e-010
10130	9.7803e-011
10131	1.0836e-010
10132	1.2816e-010
10133	1.2908e-010
10134	1.3663e-010
10135	1.542e-010
10136	2.3205e-010
10137	2.9081e-010
10138	3.1425e-010
10139	6.1744e-010
10140	6.9533e-010
10141	1.7507e-010
10142	1.4489e-010
10143	6.4223e-011
10144	6.3876e-011
10145	7.6337e-011
10146	8.3587e-011
10147	8.7435e-011
10148	9.0048e-011
10149	9.1275e-011
10150	9.0342e-011
10151	9.0377e-011
10152	9.0883e-011
10153	9.1307e-011
10154	9.2961e-011
10155	9.3456e-011
10156	9.4849e-011
10157	9.6561e-011
10158	9.864e-011
10159	1.0085e-010
10160	1.0307e-010
10161	1.0572e-010
10162	1.0794e-010
10163	1.1079e-010
10164	1.1298e-010
10165	1.1575e-010
10166	1.1833e-010
10167	1.2095e-010
10168	1.2438e-010
10169	1.2671e-010
10170	1.3042e-010
10171	1.3258e-010
10172	1.3551e-010
10173	1.3909e-010
10174	1.4172e-010
10175	1.4509e-010
10176	1.4865e-010
10177	1.5164e-010
10178	1.5542e-010
10179	1.5924e-010
10180	1.6263e-010
10181	1.6578e-010
10182	1.7015e-010
10183	1.7375e-010
10184	1.7787e-010
10185	1.8142e-010
10186	1.8529e-010
10187	1.8977e-010
10188	1.941e-010
10189	1.9867e-010
10190	2.0291e-010
10191	2.0774e-010
10192	2.1238e-010
10193	2.1716e-010
10194	2.2205e-010
10195	2.2702e-010
10196	2.3268e-010
10197	2.3733e-010
10198	2.4343e-010
10199	2.4876e-010
10200	2.5432e-010
10201	2.5947e-010
10202	2.666e-010
10203	2.7315e-010
10204	2.7873e-010
10205	2.8579e-010
10206	2.8652e-010
10207	2.798e-010
10208	2.7514e-010
10209	2.6929e-010
10210	2.6184e-010
10211	2.5769e-010
10212	2.5275e-010
10213	2.481e-010
10214	2.4076e-010
10215	2.3747e-010
10216	2.3106e-010
10217	2.2649e-010
10218	2.218e-010
10219	2.1752e-010
10220	2.138e-010
10221	2.087e-010
10222	2.0617e-010
10223	2.0325e-010
10224	1.9933e-010
10225	1.9187e-010
10226	1.9237e-010
10227	1.9718e-010
10228	1.943e-010
10229	1.9273e-010
10230	1.7651e-010
10231	1.8655e-010
10232	1.943e-010
10233	1.7787e-010
10234	1.7117e-010
10235	1.7063e-010
10236	1.5922e-010
10237	1.6674e-010
10238	1.7169e-010
10239	1.5117e-010
10240	1.6629e-010
10241	1.9362e-010
10242	1.6665e-010
10243	1.5998e-010
10244	1.403e-010
10245	1.2717e-010
10246	1.2802e-010
10247	1.2607e-010
10248	1.3046e-010
10249	1.2442e-010
10250	1.2414e-010
10251	1.1603e-010
10252	1.1072e-010
10253	1.1454e-010
10254	1.0404e-010
10255	1.0044e-010
10256	1.1571e-010
10257	1.3303e-010
10258	1.1397e-010
10259	1.0224e-010
10260	9.7716e-011
10261	1.0828e-010
10262	1.2805e-010
10263	1.2898e-010
10264	1.3651e-010
10265	1.541e-010
10266	2.3197e-010
10267	2.9078e-010
10268	3.1425e-010
10269	6.1743e-010
10270	6.9529e-010
10271	1.4769e-010
10272	1.7548e-010
10273	8.7845e-011
10274	8.2846e-011
10275	9.0567e-011
10276	9.5175e-011
10277	9.8507e-011
10278	1.0146e-010
10279	1.0019e-010
10280	1.0169e-010
10281	1.0133e-010
10282	1.0062e-010
10283	1.0345e-010
10284	1.0221e-010
10285	1.0578e-010
10286	1.0589e-010
10287	1.0857e-010
10288	1.1097e-010
10289	1.128e-010
10290	1.1642e-010
10291	1.1776e-010
10292	1.2215e-010
10293	1.2347e-010
10294	1.2767e-010
10295	1.2955e-010
10296	1.329e-010
10297	1.3656e-010
10298	1.3823e-010
10299	1.4381e-010
10300	1.4442e-010
10301	1.498e-010
10302	1.5234e-010
10303	1.5482e-010
10304	1.6015e-010
10305	1.6258e-010
10306	1.659e-010
10307	1.7103e-010
10308	1.7483e-010
10309	1.772e-010
10310	1.8294e-010
10311	1.8672e-010
10312	1.9084e-010
10313	1.9413e-010
10314	1.9925e-010
10315	2.0386e-010
10316	2.0851e-010
10317	2.1297e-010
10318	2.1781e-010
10319	2.2292e-010
10320	2.2757e-010
10321	2.3302e-010
10322	2.3836e-010
10323	2.4371e-010
10324	2.4916e-010
10325	2.5485e-010
10326	2.6098e-010
10327	2.6593e-010
10328	2.7263e-010
10329	2.7896e-010
10330	2.855e-010
10331	2.9296e-010
10332	3.e-010
10333	3.0494e-010
10334	3.1092e-010
10335	3.2271e-010
10336	3.2342e-010
10337	3.1211e-010
10338	3.068e-010
10339	3.0352e-010
10340	2.9699e-010
10341	2.8987e-010
10342	2.8379e-010
10343	2.7759e-010
10344	2.699e-010
10345	2.6651e-010
10346	2.6059e-010
10347	2.5517e-010
10348	2.501e-010
10349	2.4528e-010
10350	2.4022e-010
10351	2.3352e-010
10352	2.3118e-010
10353	2.2787e-010
10354	2.2425e-010
10355	2.2042e-010
10356	2.1914e-010
10357	2.199e-010
10358	2.0969e-010
10359	2.1563e-010
10360	2.0493e-010
10361	2.128e-010
10362	2.0385e-010
10363	2.0229e-010
10364	2.0071e-010
10365	1.8327e-010
10366	1.7715e-010
10367	1.9809e-010
10368	1.7896e-010
10369	1.7361e-010
10370	1.9644e-010
10371	1.9327e-010
10372	2.0157e-010
10373	1.6334e-010
10374	1.669e-010
10375	1.4591e-010
10376	1.3956e-010
10377	1.5021e-010
10378	1.3815e-010
10379	1.4924e-010
10380	1.3219e-010
10381	1.3688e-010
10382	1.2179e-010
10383	1.328e-010
10384	1.1927e-010
10385	1.1146e-010
10386	1.3807e-010
10387	1.3405e-010
10388	1.3712e-010
10389	1.0896e-010
10390	1.1375e-010
10391	1.2784e-010
10392	1.3287e-010
10393	1.5304e-010
10394	1.5966e-010
10395	1.9272e-010
10396	2.5156e-010
10397	3.257e-010
10398	3.4532e-010
10399	7.7506e-010
10400	4.7997e-010
10401	1.7498e-010
10402	1.4485e-010
10403	6.4228e-011
10404	6.388e-011
10405	7.6336e-011
10406	8.3576e-011
10407	8.7421e-011
10408	9.0036e-011
10409	9.1257e-011
10410	9.0314e-011
10411	9.0327e-011
10412	9.0838e-011
10413	9.1304e-011
10414	9.299e-011
10415	9.3482e-011
10416	9.4843e-011
10417	9.6551e-011
10418	9.865e-011
10419	1.0087e-010
10420	1.0309e-010
10421	1.0574e-010
10422	1.0797e-010
10423	1.1084e-010
10424	1.1304e-010
10425	1.158e-010
10426	1.1836e-010
10427	1.2097e-010
10428	1.244e-010
10429	1.2674e-010
10430	1.3046e-010
10431	1.3262e-010
10432	1.3555e-010
10433	1.3911e-010
10434	1.4173e-010
10435	1.4509e-010
10436	1.4865e-010
10437	1.5164e-010
10438	1.5544e-010
10439	1.5929e-010
10440	1.6267e-010
10441	1.6583e-010
10442	1.7022e-010
10443	1.7383e-010
10444	1.78e-010
10445	1.8159e-010
10446	1.8543e-010
10447	1.8983e-010
10448	1.941e-010
10449	1.987e-010
10450	2.0296e-010
10451	2.0777e-010
10452	2.1236e-010
10453	2.1716e-010
10454	2.2204e-010
10455	2.2698e-010
10456	2.327e-010
10457	2.3725e-010
10458	2.434e-010
10459	2.488e-010
10460	2.5435e-010
10461	2.5954e-010
10462	2.6657e-010
10463	2.7312e-010
10464	2.7866e-010
10465	2.8564e-010
10466	2.8645e-010
10467	2.7963e-010
10468	2.7517e-010
10469	2.6921e-010
10470	2.618e-010
10471	2.5769e-010
10472	2.5275e-010
10473	2.4807e-010
10474	2.4072e-010
10475	2.3738e-010
10476	2.3101e-010
10477	2.2644e-010
10478	2.2178e-010
10479	2.1753e-010
10480	2.1381e-010
10481	2.0857e-010
10482	2.061e-010
10483	2.0313e-010
10484	1.9924e-010
10485	1.918e-010
10486	1.9244e-010
10487	1.96e-010
10488	1.9418e-010
10489	1.9143e-010
10490	1.7661e-010
10491	1.8656e-010
10492	1.9426e-010
10493	1.7778e-010
10494	1.7109e-010
10495	1.7058e-010
10496	1.5918e-010
10497	1.6671e-010
10498	1.7168e-010
10499	1.5116e-010
10500	1.6631e-010
10501	1.9363e-010
10502	1.6669e-010
10503	1.6e-010
10504	1.4032e-010
10505	1.2719e-010
10506	1.2804e-010
10507	1.2609e-010
10508	1.3045e-010
10509	1.2443e-010
10510	1.2413e-010
10511	1.1603e-010
10512	1.107e-010
10513	1.1453e-010
10514	1.0405e-010
10515	1.0044e-010
10516	1.1571e-010
10517	1.3302e-010
10518	1.1394e-010
10519	1.0222e-010
10520	9.7687e-011
10521	1.0825e-010
10522	1.2805e-010
10523	1.2897e-010
10524	1.3653e-010
10525	1.5412e-010
10526	2.3198e-010
10527	2.9078e-010
10528	3.1424e-010
10529	6.1736e-010
10530	6.9523e-010
10531	1.7498e-010
10532	1.4485e-010
10533	6.4228e-011
10534	6.388e-011
10535	7.6336e-011
10536	8.3576e-011
10537	8.7421e-011
10538	9.0036e-011
10539	9.1257e-011
10540	9.0314e-011
10541	9.0327e-011
10542	9.0838e-011
10543	9.1304e-011
10544	9.299e-011
10545	9.3482e-011
10546	9.4843e-011
10547	9.6551e-011
10548	9.865e-011
10549	1.0087e-010
10550	1.0309e-010
10551	1.0574e-010
10552	1.0797e-010
10553	1.1084e-010
10554	1.1304e-010
10555	1.158e-010
10556	1.1836e-010
10557	1.2097e-010
10558	1.244e-010
10559	1.2674e-010
10560	1.3046e-010
10561	1.3262e-010
10562	1.3555e-010
10563	1.3911e-010
10564	1.4173e-010
10565	1.4509e-010
10566	1.4865e-010
10567	1.5164e-010
10568	1.5544e-010
10569	1.5929e-010
10570	1.6267e-010
10571	1.6583e-010
10572	1.7022e-010
10573	1.7383e-010
10574	1.78e-010
10575	1.8159e-010
10576	1.8543e-010
10577	1.8983e-010
10578	1.941e-010
10579	1.987e-010
10580	2.0296e-010
10581	2.0777e-010
10582	2.1236e-010
10583	2.1716e-010
10584	2.2204e-010
10585	2.2698e-010
10586	2.327e-010
10587	2.3725e-010
10588	2.434e-010
10589	2.488e-010
10590	2.5435e-010
10591	2.5954e-010
10592	2.6657e-010
10593	2.7312e-010
10594	2.7866e-010
10595	2.8564e-010
10596	2.8645e-010
10597	2.7963e-010
10598	2.7517e-010
10599	2.6921e-010
10600	2.618e-010
10601	2.5769e-010
10602	2.5275e-010
10603	2.4807e-010
10604	2.4072e-010
10605	2.3738e-010
10606	2.3101e-010
10607	2.2644e-010
10608	2.2178e-010
10609	2.1753e-010
10610	2.1381e-010
10611	2.0855e-010
10612	2.061e-010
10613	2.0313e-010
10614	1.9924e-010
10615	1.918e-010
10616	1.9226e-010
10617	1.9606e-010
10618	1.9241e-010
10619	1.9137e-010
10620	1.7647e-010
10621	1.8656e-010
10622	1.9426e-010
10623	1.7779e-010
10624	1.7109e-010
10625	1.7058e-010
10626	1.5918e-010
10627	1.6671e-010
10628	1.7168e-010
10629	1.5116e-010
10630	1.6631e-010
10631	1.9363e-010
10632	1.6669e-010
10633	1.6e-010
10634	1.4032e-010
10635	1.2719e-010
10636	1.2804e-010
10637	1.2609e-010
10638	1.3045e-010
10639	1.2443e-010
10640	1.2413e-010
10641	1.1603e-010
10642	1.107e-010
10643	1.1453e-010
10644	1.0405e-010
10645	1.0044e-010
10646	1.1571e-010
10647	1.3302e-010
10648	1.1394e-010
10649	1.0222e-010
10650	9.7687e-011
10651	1.0825e-010
10652	1.2805e-010
10653	1.2897e-010
10654	1.3653e-010
10655	1.5412e-010
10656	2.3198e-010
10657	2.9078e-010
10658	3.1424e-010
10659	6.1736e-010
10660	6.9523e-010
10661	1.4769e-010
10662	1.7548e-010
10663	8.7845e-011
10664	8.2846e-011
10665	9.0567e-011
10666	9.5175e-011
10667	9.8507e-011
10668	1.0146e-010
10669	1.0019e-010
10670	1.0169e-010
10671	1.0133e-010
10672	1.0062e-010
10673	1.0345e-010
10674	1.0221e-010
10675	1.0578e-010
10676	1.0589e-010
10677	1.0857e-010
10678	1.1097e-010
10679	1.128e-010
10680	1.1642e-010
10681	1.1776e-010
10682	1.2215e-010
10683	1.2347e-010
10684	1.2767e-010
10685	1.2955e-010
10686	1.329e-010
10687	1.3656e-010
10688	1.3823e-010
10689	1.4381e-010
10690	1.4442e-010
10691	1.498e-010
10692	1.5234e-010
10693	1.5482e-010
10694	1.6015e-010
10695	1.6258e-010
10696	1.659e-010
10697	1.7103e-010
10698	1.7483e-010
10699	1.772e-010
10700	1.8294e-010
10701	1.8672e-010
10702	1.9084e-010
10703	1.9413e-010
10704	1.9925e-010
10705	2.0386e-010
10706	2.0851e-010
10707	2.1297e-010
10708	2.1781e-010
10709	2.2292e-010
10710	2.2757e-010
10711	2.3302e-010
10712	2.3836e-010
10713	2.4371e-010
10714	2.4916e-010
10715	2.5485e-010
10716	2.6098e-010
10717	2.6593e-010
10718	2.7263e-010
10719	2.7896e-010
10720	2.855e-010
10721	2.9296e-010
10722	3.e-010
10723	3.0494e-010
10724	3.1092e-010
10725	3.2271e-010
10726	3.2342e-010
10727	3.1211e-010
10728	3.068e-010
10729	3.0352e-010
10730	2.9699e-010
10731	2.8987e-010
10732	2.8379e-010
10733	2.7759e-010
10734	2.699e-010
10735	2.6651e-010
10736	2.6059e-010
10737	2.5517e-010
10738	2.5011e-010
10739	2.4528e-010
10740	2.4018e-010
10741	2.3364e-010
10742	2.3114e-010
10743	2.2788e-010
10744	2.2424e-010
10745	2.2049e-010
10746	2.1913e-010
10747	2.1738e-010
10748	2.1096e-010
10749	2.1299e-010
10750	2.0494e-010
10751	2.1286e-010
10752	2.0385e-010
10753	2.023e-010
10754	2.0071e-010
10755	1.8328e-010
10756	1.7715e-010
10757	1.9809e-010
10758	1.7896e-010
10759	1.7361e-010
10760	1.9644e-010
10761	1.9327e-010
10762	2.0157e-010
10763	1.6334e-010
10764	1.669e-010
10765	1.4591e-010
10766	1.3956e-010
10767	1.5021e-010
10768	1.3815e-010
10769	1.4924e-010
10770	1.3219e-010
10771	1.3688e-010
10772	1.2179e-010
10773	1.328e-010
10774	1.1927e-010
10775	1.1146e-010
10776	1.3807e-010
10777	1.3405e-010
10778	1.3712e-010
10779	1.0896e-010
10780	1.1375e-010
10781	1.2784e-010
10782	1.3287e-010
10783	1.5304e-010
10784	1.5966e-010
10785	1.9272e-010
10786	2.5156e-010
10787	3.257e-010
10788	3.4532e-010
10789	7.7506e-010
10790	4.7997e-010
10791	1.7507e-010
10792	1.4489e-010
10793	6.4223e-011
10794	6.3876e-011
10795	7.6337e-011
10796	8.3587e-011
10797	8.7435e-011
10798	9.0048e-011
10799	9.1275e-011
10800	9.0342e-011
10801	9.0377e-011
10802	9.0883e-011
10803	9.1307e-011
10804	9.2961e-011
10805	9.3456e-011
10806	9.4848e-011
10807	9.6561e-011
10808	9.864e-011
10809	1.0085e-010
10810	1.0307e-010
10811	1.0572e-010
10812	1.0794e-010
10813	1.1079e-010
10814	1.1298e-010
10815	1.1575e-010
10816	1.1833e-010
10817	1.2095e-010
10818	1.2438e-010
10819	1.2671e-010
10820	1.3042e-010
10821	1.3258e-010
10822	1.3551e-010
10823	1.3909e-010
10824	1.4172e-010
10825	1.4509e-010
10826	1.4865e-010
10827	1.5164e-010
10828	1.5542e-010
10829	1.5924e-010
10830	1.6263e-010
10831	1.6578e-010
10832	1.7015e-010
10833	1.7375e-010
10834	1.7787e-010
10835	1.8142e-010
10836	1.8529e-010
10837	1.8977e-010
10838	1.941e-010
10839	1.9867e-010
10840	2.0291e-010
10841	2.0774e-010
10842	2.1238e-010
10843	2.1716e-010
10844	2.2205e-010
10845	2.2702e-010
10846	2.3268e-010
10847	2.3733e-010
10848	2.4343e-010
10849	2.4876e-010
10850	2.5432e-010
10851	2.5947e-010
10852	2.666e-010
10853	2.7315e-010
10854	2.7873e-010
10855	2.8579e-010
10856	2.8652e-010
10857	2.798e-010
10858	2.7514e-010
10859	2.6929e-010
10860	2.6184e-010
10861	2.5769e-010
10862	2.5275e-010
10863	2.481e-010
10864	2.4076e-010
10865	2.3747e-010
10866	2.3106e-010
10867	2.2649e-010
10868	2.218e-010
10869	2.1752e-010
10870	2.1381e-010
10871	2.0863e-010
10872	2.0618e-010
10873	2.0325e-010
10874	1.9934e-010
10875	1.9186e-010
10876	1.9243e-010
10877	1.9555e-010
10878	1.9272e-010
10879	1.9089e-010
10880	1.7659e-010
10881	1.8654e-010
10882	1.943e-010
10883	1.7787e-010
10884	1.7117e-010
10885	1.7063e-010
10886	1.5922e-010
10887	1.6674e-010
10888	1.7169e-010
10889	1.5117e-010
10890	1.6629e-010
10891	1.9362e-010
10892	1.6665e-010
10893	1.5998e-010
10894	1.403e-010
10895	1.2717e-010
10896	1.2802e-010
10897	1.2607e-010
10898	1.3046e-010
10899	1.2442e-010
10900	1.2414e-010
10901	1.1603e-010
10902	1.1072e-010
10903	1.1454e-010
10904	1.0404e-010
10905	1.0044e-010
10906	1.1571e-010
10907	1.3303e-010
10908	1.1397e-010
10909	1.0224e-010
10910	9.7716e-011
10911	1.0828e-010
10912	1.2805e-010
10913	1.2898e-010
10914	1.3651e-010
10915	1.541e-010
10916	2.3197e-010
10917	2.9078e-010
10918	3.1425e-010
10919	6.1743e-010
10920	6.9529e-010
10921	1.7509e-010
10922	1.449e-010
10923	6.4258e-011
10924	6.3909e-011
10925	7.6357e-011
10926	8.3594e-011
10927	8.744e-011
10928	9.0061e-011
10929	9.1284e-011
10930	9.0324e-011
10931	9.0311e-011
10932	9.0803e-011
10933	9.1269e-011
10934	9.2968e-011
10935	9.3469e-011
10936	9.4846e-011
10937	9.6554e-011
10938	9.8644e-011
10939	1.0087e-010
10940	1.031e-010
10941	1.0574e-010
10942	1.0793e-010
10943	1.1079e-010
10944	1.1304e-010
10945	1.1582e-010
10946	1.183e-010
10947	1.2087e-010
10948	1.2431e-010
10949	1.2669e-010
10950	1.3045e-010
10951	1.326e-010
10952	1.3551e-010
10953	1.3908e-010
10954	1.417e-010
10955	1.4508e-010
10956	1.4864e-010
10957	1.516e-010
10958	1.5536e-010
10959	1.5923e-010
10960	1.6261e-010
10961	1.657e-010
10962	1.7004e-010
10963	1.737e-010
10964	1.7786e-010
10965	1.8139e-010
10966	1.8523e-010
10967	1.8974e-010
10968	1.9414e-010
10969	1.9864e-010
10970	2.028e-010
10971	2.0769e-010
10972	2.1234e-010
10973	2.1718e-010
10974	2.2204e-010
10975	2.2703e-010
10976	2.3282e-010
10977	2.3751e-010
10978	2.4372e-010
10979	2.4906e-010
10980	2.5463e-010
10981	2.5971e-010
10982	2.6683e-010
10983	2.7341e-010
10984	2.79e-010
10985	2.8613e-010
10986	2.8693e-010
10987	2.8003e-010
10988	2.7531e-010
10989	2.6944e-010
10990	2.6203e-010
10991	2.5799e-010
10992	2.5308e-010
10993	2.4855e-010
10994	2.4116e-010
10995	2.3775e-010
10996	2.3126e-010
10997	2.2677e-010
10998	2.222e-010
10999	2.1773e-010
11000	2.1424e-010
11001	2.0935e-010
11002	2.067e-010
11003	2.034e-010
11004	1.9959e-010
11005	1.9213e-010
11006	1.9257e-010
11007	1.9665e-010
11008	1.9287e-010
11009	1.9195e-010
11010	1.7677e-010
11011	1.8694e-010
11012	1.9462e-010
11013	1.7813e-010
11014	1.7133e-010
11015	1.7077e-010
11016	1.5936e-010
11017	1.6687e-010
11018	1.7182e-010
11019	1.5125e-010
11020	1.6635e-010
11021	1.9367e-010
11022	1.667e-010
11023	1.6003e-010
11024	1.4032e-010
11025	1.2717e-010
11026	1.2801e-010
11027	1.2606e-010
11028	1.3046e-010
11029	1.2445e-010
11030	1.2417e-010
11031	1.1609e-010
11032	1.1078e-010
11033	1.146e-010
11034	1.041e-010
11035	1.005e-010
11036	1.1578e-010
11037	1.3312e-010
11038	1.1404e-010
11039	1.0234e-010
11040	9.7803e-011
11041	1.0836e-010
11042	1.2816e-010
11043	1.2908e-010
11044	1.3663e-010
11045	1.542e-010
11046	2.3205e-010
11047	2.9081e-010
11048	3.1425e-010
11049	6.1744e-010
11050	6.9533e-010
11051	1.4772e-010
11052	1.7555e-010
11053	8.7933e-011
11054	8.2932e-011
11055	9.061e-011
11056	9.5186e-011
11057	9.8508e-011
11058	1.0147e-010
11059	1.0019e-010
11060	1.0165e-010
11061	1.0122e-010
11062	1.005e-010
11063	1.0339e-010
11064	1.022e-010
11065	1.0579e-010
11066	1.0588e-010
11067	1.0852e-010
11068	1.1086e-010
11069	1.1269e-010
11070	1.1636e-010
11071	1.1772e-010
11072	1.2208e-010
11073	1.2341e-010
11074	1.2766e-010
11075	1.2955e-010
11076	1.3285e-010
11077	1.3645e-010
11078	1.3808e-010
11079	1.4369e-010
11080	1.4437e-010
11081	1.498e-010
11082	1.5231e-010
11083	1.5473e-010
11084	1.6006e-010
11085	1.6252e-010
11086	1.6586e-010
11087	1.7084e-010
11088	1.7458e-010
11089	1.77e-010
11090	1.8273e-010
11091	1.8646e-010
11092	1.9056e-010
11093	1.9389e-010
11094	1.9909e-010
11095	2.0371e-010
11096	2.0826e-010
11097	2.1276e-010
11098	2.1762e-010
11099	2.2258e-010
11100	2.2717e-010
11101	2.3275e-010
11102	2.3823e-010
11103	2.4361e-010
11104	2.4919e-010
11105	2.5495e-010
11106	2.6094e-010
11107	2.6617e-010
11108	2.7296e-010
11109	2.7938e-010
11110	2.8594e-010
11111	2.9327e-010
11112	3.0037e-010
11113	3.0542e-010
11114	3.115e-010
11115	3.2328e-010
11116	3.2398e-010
11117	3.1239e-010
11118	3.0694e-010
11119	3.0376e-010
11120	2.9739e-010
11121	2.9041e-010
11122	2.8445e-010
11123	2.7826e-010
11124	2.7058e-010
11125	2.6691e-010
11126	2.6095e-010
11127	2.5578e-010
11128	2.5078e-010
11129	2.4574e-010
11130	2.4138e-010
11131	2.3378e-010
11132	2.3243e-010
11133	2.2836e-010
11134	2.2479e-010
11135	2.2099e-010
11136	2.1979e-010
11137	2.193e-010
11138	2.1095e-010
11139	2.149e-010
11140	2.0563e-010
11141	2.1333e-010
11142	2.0438e-010
11143	2.0268e-010
11144	2.0108e-010
11145	1.8354e-010
11146	1.7739e-010
11147	1.9831e-010
11148	1.7913e-010
11149	1.7373e-010
11150	1.9651e-010
11151	1.9329e-010
11152	2.0156e-010
11153	1.6333e-010
11154	1.6687e-010
11155	1.4588e-010
11156	1.3953e-010
11157	1.502e-010
11158	1.3813e-010
11159	1.4926e-010
11160	1.3223e-010
11161	1.3695e-010
11162	1.2186e-010
11163	1.3288e-010
11164	1.1938e-010
11165	1.116e-010
11166	1.3823e-010
11167	1.3422e-010
11168	1.3729e-010
11169	1.0914e-010
11170	1.1393e-010
11171	1.2801e-010
11172	1.3307e-010
11173	1.5324e-010
11174	1.5989e-010
11175	1.9295e-010
11176	2.5174e-010
11177	3.258e-010
11178	3.4539e-010
11179	7.7518e-010
11180	4.8002e-010
11181	1.7509e-010
11182	1.449e-010
11183	6.4258e-011
11184	6.3909e-011
11185	7.6357e-011
11186	8.3594e-011
11187	8.744e-011
11188	9.0061e-011
11189	9.1284e-011
11190	9.0324e-011
11191	9.0311e-011
11192	9.0803e-011
11193	9.1269e-011
11194	9.2968e-011
11195	9.3469e-011
11196	9.4846e-011
11197	9.6554e-011
11198	9.8644e-011
11199	1.0087e-010
11200	1.031e-010
11201	1.0574e-010
11202	1.0793e-010
11203	1.1079e-010
11204	1.1304e-010
11205	1.1582e-010
11206	1.183e-010
11207	1.2087e-010
11208	1.2431e-010
11209	1.2669e-010
11210	1.3045e-010
11211	1.326e-010
11212	1.3551e-010
11213	1.3908e-010
11214	1.417e-010
11215	1.4508e-010
11216	1.4864e-010
11217	1.516e-010
11218	1.5536e-010
11219	1.5923e-010
11220	1.6261e-010
11221	1.657e-010
11222	1.7004e-010
11223	1.737e-010
11224	1.7786e-010
11225	1.8139e-010
11226	1.8523e-010
11227	1.8974e-010
11228	1.9414e-010
11229	1.9864e-010
11230	2.028e-010
11231	2.0769e-010
11232	2.1234e-010
11233	2.1718e-010
11234	2.2204e-010
11235	2.2703e-010
11236	2.3282e-010
11237	2.3751e-010
11238	2.4372e-010
11239	2.4906e-010
11240	2.5463e-010
11241	2.5971e-010
11242	2.6683e-010
11243	2.7341e-010
11244	2.79e-010
11245	2.8613e-010
11246	2.8693e-010
11247	2.8003e-010
11248	2.7531e-010
11249	2.6944e-010
11250	2.6203e-010
11251	2.5799e-010
11252	2.5308e-010
11253	2.4855e-010
11254	2.4116e-010
11255	2.3775e-010
11256	2.3126e-010
11257	2.2677e-010
11258	2.2221e-010
11259	2.1777e-010
11260	2.1426e-010
11261	2.0967e-010
11262	2.0678e-010
11263	2.0347e-010
11264	1.9957e-010
11265	1.9214e-010
11266	1.9281e-010
11267	1.9717e-010
11268	1.9464e-010
11269	1.9265e-010
11270	1.7695e-010
11271	1.8707e-010
11272	1.9474e-010
11273	1.7822e-010
11274	1.7135e-010
11275	1.7075e-010
11276	1.5936e-010
11277	1.6687e-010
11278	1.7183e-010
11279	1.5125e-010
11280	1.6635e-010
11281	1.9367e-010
11282	1.667e-010
11283	1.6003e-010
11284	1.4032e-010
11285	1.2717e-010
11286	1.2801e-010
11287	1.2606e-010
11288	1.3046e-010
11289	1.2445e-010
11290	1.2417e-010
11291	1.1609e-010
11292	1.1078e-010
11293	1.146e-010
11294	1.041e-010
11295	1.005e-010
11296	1.1578e-010
11297	1.3312e-010
11298	1.1404e-010
11299	1.0234e-010
11300	9.7803e-011
11301	1.0836e-010
11302	1.2816e-010
11303	1.2908e-010
11304	1.3663e-010
11305	1.542e-010
11306	2.3205e-010
11307	2.9081e-010
11308	3.1425e-010
11309	6.1744e-010
11310	6.9533e-010
11311	1.7507e-010
11312	1.4489e-010
11313	6.4223e-011
11314	6.3876e-011
11315	7.6337e-011
11316	8.3587e-011
11317	8.7435e-011
11318	9.0048e-011
11319	9.1275e-011
11320	9.0342e-011
11321	9.0377e-011
11322	9.0883e-011
11323	9.1307e-011
11324	9.2961e-011
11325	9.3456e-011
11326	9.4849e-011
11327	9.6561e-011
11328	9.864e-011
11329	1.0085e-010
11330	1.0307e-010
11331	1.0572e-010
11332	1.0794e-010
11333	1.1079e-010
11334	1.1298e-010
11335	1.1575e-010
11336	1.1833e-010
11337	1.2095e-010
11338	1.2438e-010
11339	1.2671e-010
11340	1.3042e-010
11341	1.3258e-010
11342	1.3551e-010
11343	1.3909e-010
11344	1.4172e-010
11345	1.4509e-010
11346	1.4865e-010
11347	1.5164e-010
11348	1.5542e-010
11349	1.5924e-010
11350	1.6263e-010
11351	1.6578e-010
11352	1.7015e-010
11353	1.7375e-010
11354	1.7787e-010
11355	1.8142e-010
11356	1.8529e-010
11357	1.8977e-010
11358	1.941e-010
11359	1.9867e-010
11360	2.0291e-010
11361	2.0774e-010
11362	2.1238e-010
11363	2.1716e-010
11364	2.2205e-010
11365	2.2702e-010
11366	2.3268e-010
11367	2.3733e-010
11368	2.4343e-010
11369	2.4876e-010
11370	2.5432e-010
11371	2.5947e-010
11372	2.666e-010
11373	2.7315e-010
11374	2.7873e-010
11375	2.8579e-010
11376	2.8652e-010
11377	2.798e-010
11378	2.7514e-010
11379	2.6929e-010
11380	2.6184e-010
11381	2.5769e-010
11382	2.5275e-010
11383	2.481e-010
11384	2.4076e-010
11385	2.3747e-010
11386	2.3106e-010
11387	2.2647e-010
11388	2.2185e-010
11389	2.1738e-010
11390	2.1435e-010
11391	2.0906e-010
11392	2.0679e-010
11393	2.0316e-010
11394	1.9937e-010
11395	1.9186e-010
11396	1.9237e-010
11397	1.9725e-010
11398	1.9418e-010
11399	1.9275e-010
11400	1.7659e-010
11401	1.8657e-010
11402	1.9464e-010
11403	1.7788e-010
11404	1.7128e-010
11405	1.7058e-010
11406	1.5923e-010
11407	1.6673e-010
11408	1.7169e-010
11409	1.5117e-010
11410	1.6629e-010
11411	1.9362e-010
11412	1.6665e-010
11413	1.5998e-010
11414	1.403e-010
11415	1.2717e-010
11416	1.2802e-010
11417	1.2607e-010
11418	1.3046e-010
11419	1.2442e-010
11420	1.2414e-010
11421	1.1603e-010
11422	1.1072e-010
11423	1.1454e-010
11424	1.0404e-010
11425	1.0044e-010
11426	1.1571e-010
11427	1.3303e-010
11428	1.1397e-010
11429	1.0224e-010
11430	9.7716e-011
11431	1.0828e-010
11432	1.2805e-010
11433	1.2898e-010
11434	1.3651e-010
11435	1.541e-010
11436	2.3197e-010
11437	2.9078e-010
11438	3.1425e-010
11439	6.1743e-010
11440	6.9529e-010
11441	1.4769e-010
11442	1.7548e-010
11443	8.7845e-011
11444	8.2846e-011
11445	9.0567e-011
11446	9.5174e-011
11447	9.8507e-011
11448	1.0146e-010
11449	1.0019e-010
11450	1.0169e-010
11451	1.0133e-010
11452	1.0062e-010
11453	1.0345e-010
11454	1.0221e-010
11455	1.0578e-010
11456	1.0589e-010
11457	1.0857e-010
11458	1.1097e-010
11459	1.128e-010
11460	1.1642e-010
11461	1.1776e-010
11462	1.2215e-010
11463	1.2347e-010
11464	1.2767e-010
11465	1.2955e-010
11466	1.329e-010
11467	1.3656e-010
11468	1.3823e-010
11469	1.4381e-010
11470	1.4442e-010
11471	1.498e-010
11472	1.5234e-010
11473	1.5482e-010
11474	1.6015e-010
11475	1.6258e-010
11476	1.659e-010
11477	1.7103e-010
11478	1.7483e-010
11479	1.772e-010
11480	1.8294e-010
11481	1.8672e-010
11482	1.9084e-010
11483	1.9413e-010
11484	1.9925e-010
11485	2.0386e-010
11486	2.0851e-010
11487	2.1297e-010
11488	2.1781e-010
11489	2.2292e-010
11490	2.2757e-010
11491	2.3302e-010
11492	2.3835e-010
11493	2.4371e-010
11494	2.4916e-010
11495	2.5485e-010
11496	2.6098e-010
11497	2.6593e-010
11498	2.7264e-010
11499	2.7896e-010
11500	2.855e-010
11501	2.9296e-010
11502	3.e-010
11503	3.0494e-010
11504	3.1092e-010
11505	3.2271e-010
11506	3.2342e-010
11507	3.1211e-010
11508	3.068e-010
11509	3.0352e-010
11510	2.9699e-010
11511	2.8987e-010
11512	2.8379e-010
11513	2.7759e-010
11514	2.699e-010
11515	2.6651e-010
11516	2.6059e-010
11517	2.5518e-010
11518	2.5006e-010
11519	2.4525e-010
11520	2.4138e-010
11521	2.3242e-010
11522	2.3235e-010
11523	2.279e-010
11524	2.242e-010
11525	2.2045e-010
11526	2.1909e-010
11527	2.1995e-010
11528	2.1024e-010
11529	2.1572e-010
11530	2.0485e-010
11531	2.129e-010
11532	2.0446e-010
11533	2.0241e-010
11534	2.0067e-010
11535	1.8329e-010
11536	1.7715e-010
11537	1.9809e-010
11538	1.7896e-010
11539	1.7361e-010
11540	1.9644e-010
11541	1.9327e-010
11542	2.0157e-010
11543	1.6334e-010
11544	1.669e-010
11545	1.4591e-010
11546	1.3956e-010
11547	1.5021e-010
11548	1.3815e-010
11549	1.4924e-010
11550	1.3219e-010
11551	1.3688e-010
11552	1.2179e-010
11553	1.328e-010
11554	1.1927e-010
11555	1.1146e-010
11556	1.3807e-010
11557	1.3405e-010
11558	1.3712e-010
11559	1.0896e-010
11560	1.1375e-010
11561	1.2784e-010
11562	1.3287e-010
11563	1.5304e-010
11564	1.5966e-010
11565	1.9272e-010
11566	2.5156e-010
11567	3.257e-010
11568	3.4532e-010
11569	7.7506e-010
11570	4.7997e-010
11571	1.7498e-010
11572	1.4485e-010
11573	6.4228e-011
11574	6.388e-011
11575	7.6336e-011
11576	8.3576e-011
11577	8.7421e-011
11578	9.0036e-011
11579	9.1257e-011
11580	9.0314e-011
11581	9.0327e-011
11582	9.0838e-011
11583	9.1304e-011
11584	9.299e-011
11585	9.3482e-011
11586	9.4843e-011
11587	9.6551e-011
11588	9.865e-011
11589	1.0087e-010
11590	1.0309e-010
11591	1.0574e-010
11592	1.0797e-010
11593	1.1084e-010
11594	1.1304e-010
11595	1.158e-010
11596	1.1836e-010
11597	1.2097e-010
11598	1.244e-010
11599	1.2674e-010
11600	1.3046e-010
11601	1.3262e-010
11602	1.3555e-010
11603	1.3911e-010
11604	1.4173e-010
11605	1.4509e-010
11606	1.4865e-010
11607	1.5164e-010
11608	1.5544e-010
11609	1.5929e-010
11610	1.6267e-010
11611	1.6583e-010
11612	1.7022e-010
11613	1.7383e-010
11614	1.78e-010
11615	1.8159e-010
11616	1.8543e-010
11617	1.8983e-010
11618	1.941e-010
11619	1.987e-010
11620	2.0297e-010
11621	2.0777e-010
11622	2.1236e-010
11623	2.1716e-010
11624	2.2204e-010
11625	2.2698e-010
11626	2.327e-010
11627	2.3725e-010
11628	2.434e-010
11629	2.488e-010
11630	2.5435e-010
11631	2.5954e-010
11632	2.6657e-010
11633	2.7312e-010
11634	2.7866e-010
11635	2.8564e-010
11636	2.8645e-010
11637	2.7963e-010
11638	2.7517e-010
11639	2.6921e-010
11640	2.618e-010
11641	2.5769e-010
11642	2.5275e-010
11643	2.4807e-010
11644	2.4072e-010
11645	2.3738e-010
11646	2.3102e-010
11647	2.2644e-010
11648	2.2179e-010
11649	2.1751e-010
11650	2.1394e-010
11651	2.0917e-010
11652	2.0628e-010
11653	2.0315e-010
11654	1.9925e-010
11655	1.9178e-010
11656	1.9232e-010
11657	1.9732e-010
11658	1.9412e-010
11659	1.928e-010
11660	1.766e-010
11661	1.8663e-010
11662	1.946e-010
11663	1.7786e-010
11664	1.7121e-010
11665	1.7052e-010
11666	1.5919e-010
11667	1.6671e-010
11668	1.7168e-010
11669	1.5116e-010
11670	1.6631e-010
11671	1.9363e-010
11672	1.6669e-010
11673	1.6e-010
11674	1.4032e-010
11675	1.2719e-010
11676	1.2804e-010
11677	1.2609e-010
11678	1.3045e-010
11679	1.2443e-010
11680	1.2413e-010
11681	1.1603e-010
11682	1.107e-010
11683	1.1453e-010
11684	1.0405e-010
11685	1.0044e-010
11686	1.1571e-010
11687	1.3302e-010
11688	1.1394e-010
11689	1.0222e-010
11690	9.7687e-011
11691	1.0825e-010
11692	1.2805e-010
11693	1.2897e-010
11694	1.3653e-010
11695	1.5412e-010
11696	2.3198e-010
11697	2.9078e-010
11698	3.1424e-010
11699	6.1736e-010
11700	6.9523e-010
11701	1.7498e-010
11702	1.4485e-010
11703	6.4228e-011
11704	6.388e-011
11705	7.6336e-011
11706	8.3576e-011
11707	8.7421e-011
11708	9.0036e-011
11709	9.1257e-011
11710	9.0314e-011
11711	9.0327e-011
11712	9.0838e-011
11713	9.1304e-011
11714	9.299e-011
11715	9.3482e-011
11716	9.4843e-011
11717	9.6551e-011
11718	9.865e-011
11719	1.0087e-010
11720	1.0309e-010
11721	1.0574e-010
11722	1.0797e-010
11723	1.1084e-010
11724	1.1304e-010
11725	1.158e-010
11726	1.1836e-010
11727	1.2097e-010
11728	1.244e-010
11729	1.2674e-010
11730	1.3046e-010
11731	1.3262e-010
11732	1.3555e-010
11733	1.3911e-010
11734	1.4173e-010
11735	1.4509e-010
11736	1.4865e-010
11737	1.5164e-010
11738	1.5544e-010
11739	1.5929e-010
11740	1.6267e-010
11741	1.6583e-010
11742	1.7022e-010
11743	1.7383e-010
11744	1.78e-010
11745	1.8159e-010
11746	1.8543e-010
11747	1.8983e-010
11748	1.941e-010
11749	1.987e-010
11750	2.0297e-010
11751	2.0777e-010
11752	2.1236e-010
11753	2.1716e-010
11754	2.2204e-010
11755	2.2698e-010
11756	2.327e-010
11757	2.3725e-010
11758	2.434e-010
11759	2.488e-010
11760	2.5435e-010
11761	2.5954e-010
11762	2.6657e-010
11763	2.7312e-010
11764	2.7866e-010
11765	2.8564e-010
11766	2.8645e-010
11767	2.7963e-010
11768	2.7516e-010
11769	2.6921e-010
11770	2.618e-010
11771	2.5769e-010
11772	2.5275e-010
11773	2.4807e-010
11774	2.4072e-010
11775	2.3738e-010
11776	2.3101e-010
11777	2.2645e-010
11778	2.2175e-010
11779	2.1749e-010
11780	2.143e-010
11781	2.0804e-010
11782	2.0659e-010
11783	2.0309e-010
11784	1.9922e-010
11785	1.9178e-010
11786	1.9233e-010
11787	1.9727e-010
11788	1.9406e-010
11789	1.9275e-010
11790	1.7661e-010
11791	1.8663e-010
11792	1.9457e-010
11793	1.7786e-010
11794	1.712e-010
11795	1.7052e-010
11796	1.5919e-010
11797	1.6671e-010
11798	1.7168e-010
11799	1.5116e-010
11800	1.6631e-010
11801	1.9363e-010
11802	1.6669e-010
11803	1.6e-010
11804	1.4032e-010
11805	1.2719e-010
11806	1.2804e-010
11807	1.2609e-010
11808	1.3045e-010
11809	1.2443e-010
11810	1.2413e-010
11811	1.1603e-010
11812	1.107e-010
11813	1.1453e-010
11814	1.0404e-010
11815	1.0044e-010
11816	1.1571e-010
11817	1.3302e-010
11818	1.1394e-010
11819	1.0222e-010
11820	9.7687e-011
11821	1.0825e-010
11822	1.2805e-010
11823	1.2897e-010
11824	1.3653e-010
11825	1.5412e-010
11826	2.3198e-010
11827	2.9078e-010
11828	3.1424e-010
11829	6.1736e-010
11830	6.9523e-010
11831	1.4769e-010
11832	1.7548e-010
11833	8.7845e-011
11834	8.2846e-011
11835	9.0567e-011
11836	9.5174e-011
11837	9.8507e-011
11838	1.0146e-010
11839	1.0019e-010
11840	1.0169e-010
11841	1.0133e-010
11842	1.0062e-010
11843	1.0345e-010
11844	1.0221e-010
11845	1.0578e-010
11846	1.0589e-010
11847	1.0857e-010
11848	1.1097e-010
11849	1.128e-010
11850	1.1642e-010
11851	1.1776e-010
11852	1.2215e-010
11853	1.2347e-010
11854	1.2767e-010
11855	1.2955e-010
11856	1.329e-010
11857	1.3656e-010
11858	1.3823e-010
11859	1.4381e-010
11860	1.4442e-010
11861	1.498e-010
11862	1.5234e-010
11863	1.5482e-010
11864	1.6015e-010
11865	1.6258e-010
11866	1.659e-010
11867	1.7103e-010
11868	1.7483e-010
11869	1.772e-010
11870	1.8294e-010
11871	1.8672e-010
11872	1.9084e-010
11873	1.9413e-010
11874	1.9925e-010
11875	2.0386e-010
11876	2.0851e-010
11877	2.1297e-010
11878	2.1781e-010
11879	2.2292e-010
11880	2.2757e-010
11881	2.3302e-010
11882	2.3835e-010
11883	2.4371e-010
11884	2.4916e-010
11885	2.5485e-010
11886	2.6098e-010
11887	2.6593e-010
11888	2.7264e-010
11889	2.7896e-010
11890	2.855e-010
11891	2.9296e-010
11892	3.e-010
11893	3.0494e-010
11894	3.1092e-010
11895	3.2271e-010
11896	3.2342e-010
11897	3.1211e-010
11898	3.068e-010
11899	3.0352e-010
11900	2.9699e-010
11901	2.8987e-010
11902	2.8379e-010
11903	2.7759e-010
11904	2.699e-010
11905	2.6651e-010
11906	2.6059e-010
11907	2.5516e-010
11908	2.5016e-010
11909	2.4521e-010
11910	2.4011e-010
11911	2.3399e-010
11912	2.3111e-010
11913	2.2777e-010
11914	2.243e-010
11915	2.2043e-010
11916	2.1909e-010
11917	2.1995e-010
11918	2.1017e-010
11919	2.1573e-010
11920	2.0485e-010
11921	2.1288e-010
11922	2.045e-010
11923	2.0239e-010
11924	2.0067e-010
11925	1.8329e-010
11926	1.7715e-010
11927	1.9809e-010
11928	1.7896e-010
11929	1.7361e-010
11930	1.9644e-010
11931	1.9327e-010
11932	2.0157e-010
11933	1.6334e-010
11934	1.669e-010
11935	1.4591e-010
11936	1.3956e-010
11937	1.5021e-010
11938	1.3815e-010
11939	1.4924e-010
11940	1.3219e-010
11941	1.3688e-010
11942	1.2179e-010
11943	1.328e-010
11944	1.1927e-010
11945	1.1146e-010
11946	1.3807e-010
11947	1.3405e-010
11948	1.3712e-010
11949	1.0896e-010
11950	1.1375e-010
11951	1.2784e-010
11952	1.3287e-010
11953	1.5304e-010
11954	1.5966e-010
11955	1.9272e-010
11956	2.5156e-010
11957	3.257e-010
11958	3.4532e-010
11959	7.7506e-010
11960	4.7997e-010
11961	1.7507e-010
11962	1.4489e-010
11963	6.4223e-011
11964	6.3876e-011
11965	7.6337e-011
11966	8.3587e-011
11967	8.7435e-011
11968	9.0048e-011
11969	9.1275e-011
11970	9.0342e-011
11971	9.0377e-011
11972	9.0883e-011
11973	9.1307e-011
11974	9.2961e-011
11975	9.3456e-011
11976	9.4849e-011
11977	9.6561e-011
11978	9.864e-011
11979	1.0085e-010
11980	1.0307e-010
11981	1.0572e-010
11982	1.0794e-010
11983	1.1079e-010
11984	1.1298e-010
11985	1.1575e-010
11986	1.1833e-010
11987	1.2095e-010
11988	1.2438e-010
11989	1.2671e-010
11990	1.3042e-010
11991	1.3258e-010
11992	1.3551e-010
11993	1.3909e-010
11994	1.4172e-010
11995	1.4509e-010
11996	1.4865e-010
11997	1.5164e-010
11998	1.5542e-010
11999	1.5924e-010
12000	1.6263e-010
12001	1.6578e-010
12002	1.7015e-010
12003	1.7375e-010
12004	1.7787e-010
12005	1.8142e-010
12006	1.8529e-010
12007	1.8977e-010
12008	1.941e-010
12009	1.9867e-010
12010	2.0291e-010
12011	2.0774e-010
12012	2.1238e-010
12013	2.1715e-010
12014	2.2205e-010
12015	2.2702e-010
12016	2.3268e-010
12017	2.3733e-010
12018	2.4343e-010
12019	2.4876e-010
12020	2.5432e-010
12021	2.5947e-010
12022	2.666e-010
12023	2.7315e-010
12024	2.7873e-010
12025	2.8579e-010
12026	2.8652e-010
12027	2.798e-010
12028	2.7514e-010
12029	2.6929e-010
12030	2.6184e-010
12031	2.5769e-010
12032	2.5275e-010
12033	2.481e-010
12034	2.4076e-010
12035	2.3747e-010
12036	2.3106e-010
12037	2.2649e-010
12038	2.218e-010
12039	2.175e-010
12040	2.139e-010
12041	2.0855e-010
12042	2.0627e-010
12043	2.0322e-010
12044	1.9932e-010
12045	1.9187e-010
12046	1.9241e-010
12047	1.9722e-010
12048	1.9399e-010
12049	1.9269e-010
12050	1.7662e-010
12051	1.8665e-010
12052	1.946e-010
12053	1.7794e-010
12054	1.7129e-010
12055	1.7057e-010
12056	1.5923e-010
12057	1.6673e-010
12058	1.7169e-010
12059	1.5117e-010
12060	1.6629e-010
12061	1.9362e-010
12062	1.6665e-010
12063	1.5998e-010
12064	1.403e-010
12065	1.2717e-010
12066	1.2802e-010
12067	1.2607e-010
12068	1.3046e-010
12069	1.2442e-010
12070	1.2414e-010
12071	1.1603e-010
12072	1.1072e-010
12073	1.1454e-010
12074	1.0404e-010
12075	1.0044e-010
12076	1.1571e-010
12077	1.3303e-010
12078	1.1397e-010
12079	1.0224e-010
12080	9.7716e-011
12081	1.0828e-010
12082	1.2805e-010
12083	1.2898e-010
12084	1.3651e-010
12085	1.541e-010
12086	2.3197e-010
12087	2.9078e-010
12088	3.1425e-010
12089	6.1743e-010
12090	6.9529e-010
12091	1.7509e-010
12092	1.449e-010
12093	6.4258e-011
12094	6.3909e-011
12095	7.6357e-011
12096	8.3594e-011
12097	8.744e-011
12098	9.0061e-011
12099	9.1284e-011
12100	9.0324e-011
12101	9.0311e-011
12102	9.0803e-011
12103	9.1269e-011
12104	9.2968e-011
12105	9.3469e-011
12106	9.4846e-011
12107	9.6554e-011
12108	9.8644e-011
12109	1.0087e-010
12110	1.031e-010
12111	1.0574e-010
12112	1.0793e-010
12113	1.1079e-010
12114	1.1304e-010
12115	1.1582e-010
12116	1.183e-010
12117	1.2087e-010
12118	1.2431e-010
12119	1.2669e-010
12120	1.3045e-010
12121	1.326e-010
12122	1.3551e-010
12123	1.3908e-010
12124	1.417e-010
12125	1.4508e-010
12126	1.4865e-010
12127	1.516e-010
12128	1.5536e-010
12129	1.5923e-010
12130	1.6261e-010
12131	1.657e-010
12132	1.7004e-010
12133	1.737e-010
12134	1.7786e-010
12135	1.8139e-010
12136	1.8523e-010
12137	1.8974e-010
12138	1.9414e-010
12139	1.9863e-010
12140	2.028e-010
12141	2.0769e-010
12142	2.1234e-010
12143	2.1718e-010
12144	2.2204e-010
12145	2.2703e-010
12146	2.3282e-010
12147	2.3751e-010
12148	2.4372e-010
12149	2.4906e-010
12150	2.5463e-010
12151	2.5971e-010
12152	2.6683e-010
12153	2.7341e-010
12154	2.79e-010
12155	2.8613e-010
12156	2.8693e-010
12157	2.8003e-010
12158	2.7531e-010
12159	2.6944e-010
12160	2.6203e-010
12161	2.5799e-010
12162	2.5308e-010
12163	2.4855e-010
12164	2.4116e-010
12165	2.3775e-010
12166	2.3126e-010
12167	2.2677e-010
12168	2.222e-010
12169	2.1777e-010
12170	2.1412e-010
12171	2.0901e-010
12172	2.0657e-010
12173	2.0343e-010
12174	1.9955e-010
12175	1.9216e-010
12176	1.9264e-010
12177	1.9788e-010
12178	1.9403e-010
12179	1.9329e-010
12180	1.7688e-010
12181	1.8704e-010
12182	1.9488e-010
12183	1.7817e-010
12184	1.7145e-010
12185	1.7071e-010
12186	1.5937e-010
12187	1.6686e-010
12188	1.7183e-010
12189	1.5125e-010
12190	1.6635e-010
12191	1.9367e-010
12192	1.667e-010
12193	1.6003e-010
12194	1.4032e-010
12195	1.2717e-010
12196	1.2801e-010
12197	1.2606e-010
12198	1.3046e-010
12199	1.2445e-010
12200	1.2417e-010
12201	1.1609e-010
12202	1.1078e-010
12203	1.146e-010
12204	1.041e-010
12205	1.005e-010
12206	1.1578e-010
12207	1.3312e-010
12208	1.1404e-010
12209	1.0234e-010
12210	9.7803e-011
12211	1.0836e-010
12212	1.2816e-010
12213	1.2908e-010
12214	1.3663e-010
12215	1.542e-010
12216	2.3205e-010
12217	2.9081e-010
12218	3.1425e-010
12219	6.1744e-010
12220	6.9533e-010
12221	1.4772e-010
12222	1.7555e-010
12223	8.7933e-011
12224	8.2932e-011
12225	9.061e-011
12226	9.5186e-011
12227	9.8508e-011
12228	1.0147e-010
12229	1.0019e-010
12230	1.0165e-010
12231	1.0122e-010
12232	1.005e-010
12233	1.0339e-010
12234	1.022e-010
12235	1.0579e-010
12236	1.0588e-010
12237	1.0852e-010
12238	1.1086e-010
12239	1.1269e-010
12240	1.1636e-010
12241	1.1772e-010
12242	1.2208e-010
12243	1.2341e-010
12244	1.2766e-010
12245	1.2955e-010
12246	1.3285e-010
12247	1.3645e-010
12248	1.3808e-010
12249	1.4369e-010
12250	1.4437e-010
12251	1.498e-010
12252	1.5231e-010
12253	1.5473e-010
12254	1.6006e-010
12255	1.6252e-010
12256	1.6586e-010
12257	1.7084e-010
12258	1.7458e-010
12259	1.77e-010
12260	1.8273e-010
12261	1.8646e-010
12262	1.9056e-010
12263	1.9389e-010
12264	1.9909e-010
12265	2.0371e-010
12266	2.0826e-010
12267	2.1276e-010
12268	2.1762e-010
12269	2.2258e-010
12270	2.2717e-010
12271	2.3275e-010
12272	2.3823e-010
12273	2.4361e-010
12274	2.4919e-010
12275	2.5495e-010
12276	2.6094e-010
12277	2.6617e-010
12278	2.7296e-010
12279	2.7938e-010
12280	2.8594e-010
12281	2.9327e-010
12282	3.0037e-010
12283	3.0542e-010
12284	3.115e-010
12285	3.2328e-010
12286	3.2398e-010
12287	3.1239e-010
12288	3.0694e-010
12289	3.0376e-010
12290	2.9739e-010
12291	2.9041e-010
12292	2.8445e-010
12293	2.7826e-010
12294	2.7058e-010
12295	2.6691e-010
12296	2.6095e-010
12297	2.5578e-010
12298	2.5077e-010
12299	2.4581e-010
12300	2.4062e-010
12301	2.341e-010
12302	2.3164e-010
12303	2.284e-010
12304	2.2478e-010
12305	2.2097e-010
12306	2.1978e-010
12307	2.2054e-010
12308	2.1049e-010
12309	2.1623e-010
12310	2.0555e-010
12311	2.1341e-010
12312	2.0494e-010
12313	2.028e-010
12314	2.0104e-010
12315	1.8356e-010
12316	1.7739e-010
12317	1.9831e-010
12318	1.7913e-010
12319	1.7373e-010
12320	1.9651e-010
12321	1.9329e-010
12322	2.0156e-010
12323	1.6333e-010
12324	1.6687e-010
12325	1.4588e-010
12326	1.3953e-010
12327	1.502e-010
12328	1.3813e-010
12329	1.4926e-010
12330	1.3223e-010
12331	1.3695e-010
12332	1.2186e-010
12333	1.3288e-010
12334	1.1938e-010
12335	1.116e-010
12336	1.3823e-010
12337	1.3422e-010
12338	1.3729e-010
12339	1.0914e-010
12340	1.1393e-010
12341	1.2801e-010
12342	1.3307e-010
12343	1.5324e-010
12344	1.5989e-010
12345	1.9295e-010
12346	2.5174e-010
12347	3.258e-010
12348	3.4539e-010
12349	7.7518e-010
12350	4.8002e-010
12351	1.7509e-010
12352	1.449e-010
12353	6.4258e-011
12354	6.3909e-011
12355	7.6357e-011
12356	8.3594e-011
12357	8.744e-011
12358	9.0061e-011
12359	9.1284e-011
12360	9.0324e-011
12361	9.0311e-011
12362	9.0803e-011
12363	9.1269e-011
12364	9.2968e-011
12365	9.3469e-011
12366	9.4846e-011
12367	9.6554e-011
12368	9.8644e-011
12369	1.0087e-010
12370	1.031e-010
12371	1.0574e-010
12372	1.0793e-010
12373	1.1079e-010
12374	1.1304e-010
12375	1.1582e-010
12376	1.183e-010
12377	1.2087e-010
12378	1.2431e-010
12379	1.2669e-010
12380	1.3045e-010
12381	1.326e-010
12382	1.3551e-010
12383	1.3908e-010
12384	1.417e-010
12385	1.4508e-010
12386	1.4865e-010
12387	1.516e-010
12388	1.5536e-010
12389	1.5923e-010
12390	1.6261e-010
12391	1.657e-010
12392	1.7004e-010
12393	1.737e-010
12394	1.7786e-010
12395	1.8139e-010
12396	1.8523e-010
12397	1.8974e-010
12398	1.9414e-010
12399	1.9863e-010
12400	2.028e-010
12401	2.0769e-010
12402	2.1234e-010
12403	2.1718e-010
12404	2.2204e-010
12405	2.2703e-010
12406	2.3282e-010
12407	2.3751e-010
12408	2.4372e-010
12409	2.4906e-010
12410	2.5463e-010
12411	2.5971e-010
12412	2.6683e-010
12413	2.7341e-010
12414	2.79e-010
12415	2.8613e-010
12416	2.8693e-010
12417	2.8003e-010
12418	2.7531e-010
12419	2.6944e-010
12420	2.6203e-010
12421	2.5799e-010
12422	2.5308e-010
12423	2.4855e-010
12424	2.4116e-010
12425	2.3775e-010
12426	2.3125e-010
12427	2.2677e-010
12428	2.2219e-010
12429	2.1779e-010
12430	2.1411e-010
12431	2.0899e-010
12432	2.0655e-010
12433	2.0346e-010
12434	1.9957e-010
12435	1.9211e-010
12436	1.9273e-010
12437	1.9759e-010
12438	1.9461e-010
12439	1.9305e-010
12440	1.7699e-010
12441	1.8697e-010
12442	1.949e-010
12443	1.7816e-010
12444	1.7145e-010
12445	1.7071e-010
12446	1.5937e-010
12447	1.6686e-010
12448	1.7183e-010
12449	1.5125e-010
12450	1.6635e-010
12451	1.9367e-010
12452	1.667e-010
12453	1.6003e-010
12454	1.4032e-010
12455	1.2717e-010
12456	1.2801e-010
12457	1.2606e-010
12458	1.3046e-010
12459	1.2445e-010
12460	1.2417e-010
12461	1.1609e-010
12462	1.1078e-010
12463	1.146e-010
12464	1.041e-010
12465	1.005e-010
12466	1.1578e-010
12467	1.3312e-010
12468	1.1404e-010
12469	1.0234e-010
12470	9.7803e-011
12471	1.0836e-010
12472	1.2816e-010
12473	1.2908e-010
12474	1.3663e-010
12475	1.542e-010
12476	2.3205e-010
12477	2.9081e-010
12478	3.1425e-010
12479	6.1744e-010
12480	6.9533e-010
12481	1.7507e-010
12482	1.4489e-010
12483	6.4223e-011
12484	6.3876e-011
12485	7.6337e-011
12486	8.3587e-011
12487	8.7435e-011
12488	9.0048e-011
12489	9.1275e-011
12490	9.0342e-011
12491	9.0377e-011
12492	9.0883e-011
12493	9.1307e-011
12494	9.2961e-011
12495	9.3456e-011
12496	9.4849e-011
12497	9.6561e-011
12498	9.864e-011
12499	1.0085e-010
12500	1.0307e-010
12501	1.0572e-010
12502	1.0794e-010
12503	1.1079e-010
12504	1.1298e-010
12505	1.1575e-010
12506	1.1833e-010
12507	1.2095e-010
12508	1.2438e-010
12509	1.2671e-010
12510	1.3042e-010
12511	1.3258e-010
12512	1.3551e-010
12513	1.3909e-010
12514	1.4172e-010
12515	1.4509e-010
12516	1.4865e-010
12517	1.5164e-010
12518	1.5542e-010
12519	1.5924e-010
12520	1.6263e-010
12521	1.6578e-010
12522	1.7015e-010
12523	1.7375e-010
12524	1.7787e-010
12525	1.8142e-010
12526	1.8529e-010
12527	1.8977e-010
12528	1.941e-010
12529	1.9867e-010
12530	2.0291e-010
12531	2.0774e-010
12532	2.1238e-010
12533	2.1716e-010
12534	2.2205e-010
12535	2.2702e-010
12536	2.3268e-010
12537	2.3733e-010
12538	2.4343e-010
12539	2.4876e-010
12540	2.5432e-010
12541	2.5947e-010
12542	2.666e-010
12543	2.7315e-010
12544	2.7873e-010
12545	2.8579e-010
12546	2.8652e-010
12547	2.798e-010
12548	2.7514e-010
12549	2.6929e-010
12550	2.6184e-010
12551	2.5769e-010
12552	2.5275e-010
12553	2.481e-010
12554	2.4076e-010
12555	2.3747e-010
12556	2.3106e-010
12557	2.2648e-010
12558	2.2181e-010
12559	2.1751e-010
12560	2.1384e-010
12561	2.0859e-010
12562	2.0621e-010
12563	2.0324e-010
12564	1.9933e-010
12565	1.9187e-010
12566	1.9237e-010
12567	1.9719e-010
12568	1.9414e-010
12569	1.9266e-010
12570	1.7656e-010
12571	1.8672e-010
12572	1.9442e-010
12573	1.7801e-010
12574	1.7129e-010
12575	1.7057e-010
12576	1.5923e-010
12577	1.6673e-010
12578	1.7169e-010
12579	1.5117e-010
12580	1.6629e-010
12581	1.9362e-010
12582	1.6665e-010
12583	1.5998e-010
12584	1.403e-010
12585	1.2717e-010
12586	1.2802e-010
12587	1.2607e-010
12588	1.3046e-010
12589	1.2442e-010
12590	1.2414e-010
12591	1.1603e-010
12592	1.1072e-010
12593	1.1454e-010
12594	1.0404e-010
12595	1.0044e-010
12596	1.1571e-010
12597	1.3303e-010
12598	1.1397e-010
12599	1.0224e-010
12600	9.7716e-011
12601	1.0828e-010
12602	1.2805e-010
12603	1.2898e-010
12604	1.3651e-010
12605	1.541e-010
12606	2.3197e-010
12607	2.9078e-010
12608	3.1425e-010
12609	6.1743e-010
12610	6.9529e-010
12611	1.4769e-010
12612	1.7548e-010
12613	8.7845e-011
12614	8.2846e-011
12615	9.0567e-011
12616	9.5175e-011
12617	9.8507e-011
12618	1.0146e-010
12619	1.0019e-010
12620	1.0169e-010
12621	1.0133e-010
12622	1.0062e-010
12623	1.0345e-010
12624	1.0221e-010
12625	1.0578e-010
12626	1.0589e-010
12627	1.0857e-010
12628	1.1097e-010
12629	1.128e-010
12630	1.1642e-010
12631	1.1776e-010
12632	1.2215e-010
12633	1.2347e-010
12634	1.2767e-010
12635	1.2955e-010
12636	1.329e-010
12637	1.3656e-010
12638	1.3823e-010
12639	1.4381e-010
12640	1.4442e-010
12641	1.498e-010
12642	1.5234e-010
12643	1.5482e-010
12644	1.6015e-010
12645	1.6258e-010
12646	1.659e-010
12647	1.7103e-010
12648	1.7483e-010
12649	1.772e-010
12650	1.8294e-010
12651	1.8672e-010
12652	1.9084e-010
12653	1.9413e-010
12654	1.9925e-010
12655	2.0386e-010
12656	2.0851e-010
12657	2.1297e-010
12658	2.1781e-010
12659	2.2292e-010
12660	2.2757e-010
12661	2.3302e-010
12662	2.3835e-010
12663	2.4371e-010
12664	2.4916e-010
12665	2.5485e-010
12666	2.6098e-010
12667	2.6593e-010
12668	2.7264e-010
12669	2.7896e-010
12670	2.855e-010
12671	2.9296e-010
12672	3.e-010
12673	3.0494e-010
12674	3.1092e-010
12675	3.2271e-010
12676	3.2342e-010
12677	3.1211e-010
12678	3.068e-010
12679	3.0352e-010
12680	2.9699e-010
12681	2.8987e-010
12682	2.8379e-010
12683	2.7759e-010
12684	2.699e-010
12685	2.6651e-010
12686	2.6059e-010
12687	2.5517e-010
12688	2.501e-010
12689	2.4529e-010
12690	2.4019e-010
12691	2.3355e-010
12692	2.3116e-010
12693	2.2787e-010
12694	2.2425e-010
12695	2.2035e-010
12696	2.1926e-010
12697	2.1992e-010
12698	2.0964e-010
12699	2.1563e-010
12700	2.0496e-010
12701	2.1289e-010
12702	2.0495e-010
12703	2.0247e-010
12704	2.0066e-010
12705	1.833e-010
12706	1.7715e-010
12707	1.9809e-010
12708	1.7896e-010
12709	1.7361e-010
12710	1.9644e-010
12711	1.9327e-010
12712	2.0157e-010
12713	1.6334e-010
12714	1.669e-010
12715	1.4591e-010
12716	1.3956e-010
12717	1.5021e-010
12718	1.3815e-010
12719	1.4924e-010
12720	1.3219e-010
12721	1.3688e-010
12722	1.2179e-010
12723	1.328e-010
12724	1.1927e-010
12725	1.1146e-010
12726	1.3807e-010
12727	1.3405e-010
12728	1.3712e-010
12729	1.0896e-010
12730	1.1375e-010
12731	1.2784e-010
12732	1.3287e-010
12733	1.5304e-010
12734	1.5966e-010
12735	1.9272e-010
12736	2.5156e-010
12737	3.257e-010
12738	3.4532e-010
12739	7.7506e-010
12740	4.7997e-010
12741	1.7498e-010
12742	1.4485e-010
12743	6.4228e-011
12744	6.388e-011
12745	7.6336e-011
12746	8.3576e-011
12747	8.7421e-011
12748	9.0036e-011
12749	9.1257e-011
12750	9.0314e-011
12751	9.0327e-011
12752	9.0838e-011
12753	9.1304e-011
12754	9.299e-011
12755	9.3482e-011
12756	9.4843e-011
12757	9.6551e-011
12758	9.865e-011
12759	1.0087e-010
12760	1.0309e-010
12761	1.0574e-010
12762	1.0797e-010
12763	1.1084e-010
12764	1.1304e-010
12765	1.158e-010
12766	1.1836e-010
12767	1.2097e-010
12768	1.244e-010
12769	1.2674e-010
12770	1.3046e-010
12771	1.3262e-010
12772	1.3555e-010
12773	1.3911e-010
12774	1.4173e-010
12775	1.4509e-010
12776	1.4865e-010
12777	1.5164e-010
12778	1.5544e-010
12779	1.5929e-010
12780	1.6267e-010
12781	1.6583e-010
12782	1.7022e-010
12783	1.7383e-010
12784	1.78e-010
12785	1.8159e-010
12786	1.8543e-010
12787	1.8983e-010
12788	1.941e-010
12789	1.987e-010
12790	2.0296e-010
12791	2.0777e-010
12792	2.1236e-010
12793	2.1716e-010
12794	2.2204e-010
12795	2.2698e-010
12796	2.327e-010
12797	2.3725e-010
12798	2.434e-010
12799	2.488e-010
12800	2.5435e-010
12801	2.5954e-010
12802	2.6657e-010
12803	2.7312e-010
12804	2.7866e-010
12805	2.8564e-010
12806	2.8645e-010
12807	2.7963e-010
12808	2.7517e-010
12809	2.6921e-010
12810	2.618e-010
12811	2.5769e-010
12812	2.5275e-010
12813	2.4807e-010
12814	2.4072e-010
12815	2.3738e-010
12816	2.3101e-010
12817	2.2644e-010
12818	2.2178e-010
12819	2.1752e-010
12820	2.1383e-010
12821	2.0857e-010
12822	2.0612e-010
12823	2.0312e-010
12824	1.9923e-010
12825	1.9177e-010
12826	1.9244e-010
12827	1.9694e-010
12828	1.9409e-010
12829	1.9237e-010
12830	1.7654e-010
12831	1.8822e-010
12832	1.9523e-010
12833	1.7933e-010
12834	1.7111e-010
12835	1.7051e-010
12836	1.5919e-010
12837	1.6671e-010
12838	1.7168e-010
12839	1.5116e-010
12840	1.6631e-010
12841	1.9363e-010
12842	1.6669e-010
12843	1.6e-010
12844	1.4032e-010
12845	1.2719e-010
12846	1.2804e-010
12847	1.2609e-010
12848	1.3045e-010
12849	1.2443e-010
12850	1.2413e-010
12851	1.1603e-010
12852	1.107e-010
12853	1.1453e-010
12854	1.0405e-010
12855	1.0044e-010
12856	1.1571e-010
12857	1.3302e-010
12858	1.1394e-010
12859	1.0222e-010
12860	9.7687e-011
12861	1.0825e-010
12862	1.2805e-010
12863	1.2897e-010
12864	1.3653e-010
12865	1.5412e-010
12866	2.3198e-010
12867	2.9078e-010
12868	3.1424e-010
12869	6.1736e-010
12870	6.9523e-010
12871	1.7498e-010
12872	1.4485e-010
12873	6.4228e-011
12874	6.388e-011
12875	7.6336e-011
12876	8.3576e-011
12877	8.7421e-011
12878	9.0036e-011
12879	9.1257e-011
12880	9.0314e-011
12881	9.0327e-011
12882	9.0838e-011
12883	9.1304e-011
12884	9.299e-011
12885	9.3482e-011
12886	9.4843e-011
12887	9.6551e-011
12888	9.865e-011
12889	1.0087e-010
12890	1.0309e-010
12891	1.0574e-010
12892	1.0797e-010
12893	1.1084e-010
12894	1.1304e-010
12895	1.158e-010
12896	1.1836e-010
12897	1.2097e-010
12898	1.244e-010
12899	1.2674e-010
12900	1.3046e-010
12901	1.3262e-010
12902	1.3555e-010
12903	1.3911e-010
12904	1.4173e-010
12905	1.4509e-010
12906	1.4865e-010
12907	1.5164e-010
12908	1.5544e-010
12909	1.5929e-010
12910	1.6267e-010
12911	1.6583e-010
12912	1.7022e-010
12913	1.7383e-010
12914	1.78e-010
12915	1.8159e-010
12916	1.8543e-010
12917	1.8983e-010
12918	1.941e-010
12919	1.987e-010
12920	2.0296e-010
12921	2.0777e-010
12922	2.1236e-010
12923	2.1716e-010
12924	2.2204e-010
12925	2.2698e-010
12926	2.327e-010
12927	2.3725e-010
12928	2.434e-010
12929	2.488e-010
12930	2.5435e-010
12931	2.5954e-010
12932	2.6657e-010
12933	2.7312e-010
12934	2.7866e-010
12935	2.8564e-010
12936	2.8645e-010
12937	2.7963e-010
12938	2.7517e-010
12939	2.6921e-010
12940	2.618e-010
12941	2.5769e-010
12942	2.5275e-010
12943	2.4807e-010
12944	2.4072e-010
12945	2.3738e-010
12946	2.3101e-010
12947	2.2644e-010
12948	2.2178e-010
12949	2.1753e-010
12950	2.138e-010
12951	2.0858e-010
12952	2.061e-010
12953	2.0313e-010
12954	1.9921e-010
12955	1.9181e-010
12956	1.9236e-010
12957	1.9716e-010
12958	1.9378e-010
12959	1.9257e-010
12960	1.7669e-010
12961	1.8791e-010
12962	1.9768e-010
12963	1.7897e-010
12964	1.7133e-010
12965	1.7052e-010
12966	1.592e-010
12967	1.6671e-010
12968	1.7168e-010
12969	1.5116e-010
12970	1.6631e-010
12971	1.9363e-010
12972	1.6669e-010
12973	1.6e-010
12974	1.4032e-010
12975	1.2719e-010
12976	1.2804e-010
12977	1.2609e-010
12978	1.3045e-010
12979	1.2443e-010
12980	1.2413e-010
12981	1.1603e-010
12982	1.107e-010
12983	1.1453e-010
12984	1.0405e-010
12985	1.0044e-010
12986	1.1571e-010
12987	1.3302e-010
12988	1.1394e-010
12989	1.0222e-010
12990	9.7687e-011
12991	1.0825e-010
12992	1.2805e-010
12993	1.2897e-010
12994	1.3653e-010
12995	1.5412e-010
12996	2.3198e-010
12997	2.9078e-010
12998	3.1424e-010
12999	6.1736e-010
13000	6.9523e-010
13001	1.4769e-010
13002	1.7548e-010
13003	8.7845e-011
13004	8.2846e-011
13005	9.0567e-011
13006	9.5174e-011
13007	9.8507e-011
13008	1.0146e-010
13009	1.0019e-010
13010	1.0169e-010
13011	1.0133e-010
13012	1.0062e-010
13013	1.0345e-010
13014	1.0221e-010
13015	1.0578e-010
13016	1.0589e-010
13017	1.0857e-010
13018	1.1097e-010
13019	1.128e-010
13020	1.1642e-010
13021	1.1776e-010
13022	1.2215e-010
13023	1.2347e-010
13024	1.2767e-010
13025	1.2955e-010
13026	1.329e-010
13027	1.3656e-010
13028	1.3823e-010
13029	1.4381e-010
13030	1.4442e-010
13031	1.498e-010
13032	1.5234e-010
13033	1.5482e-010
13034	1.6015e-010
13035	1.6258e-010
13036	1.659e-010
13037	1.7103e-010
13038	1.7483e-010
13039	1.772e-010
13040	1.8294e-010
13041	1.8672e-010
13042	1.9084e-010
13043	1.9413e-010
13044	1.9925e-010
13045	2.0386e-010
13046	2.0851e-010
13047	2.1297e-010
13048	2.1781e-010
13049	2.2292e-010
13050	2.2757e-010
13051	2.3302e-010
13052	2.3836e-010
13053	2.4371e-010
13054	2.4916e-010
13055	2.5485e-010
13056	2.6098e-010
13057	2.6593e-010
13058	2.7264e-010
13059	2.7896e-010
13060	2.855e-010
13061	2.9296e-010
13062	3.e-010
13063	3.0494e-010
13064	3.1092e-010
13065	3.2271e-010
13066	3.2342e-010
13067	3.1211e-010
13068	3.068e-010
13069	3.0352e-010
13070	2.9699e-010
13071	2.8987e-010
13072	2.8379e-010
13073	2.7759e-010
13074	2.699e-010
13075	2.6651e-010
13076	2.6059e-010
13077	2.5517e-010
13078	2.501e-010
13079	2.4528e-010
13080	2.4022e-010
13081	2.3352e-010
13082	2.3118e-010
13083	2.2786e-010
13084	2.2425e-010
13085	2.2032e-010
13086	2.1933e-010
13087	2.1996e-010
13088	2.0915e-010
13089	2.1559e-010
13090	2.0499e-010
13091	2.1441e-010
13092	2.0491e-010
13093	2.0389e-010
13094	2.0063e-010
13095	1.8327e-010
13096	1.7716e-010
13097	1.9809e-010
13098	1.7896e-010
13099	1.7361e-010
13100	1.9644e-010
13101	1.9327e-010
13102	2.0157e-010
13103	1.6334e-010
13104	1.669e-010
13105	1.4591e-010
13106	1.3956e-010
13107	1.5021e-010
13108	1.3815e-010
13109	1.4924e-010
13110	1.3219e-010
13111	1.3688e-010
13112	1.2179e-010
13113	1.328e-010
13114	1.1927e-010
13115	1.1146e-010
13116	1.3807e-010
13117	1.3405e-010
13118	1.3712e-010
13119	1.0896e-010
13120	1.1375e-010
13121	1.2784e-010
13122	1.3287e-010
13123	1.5304e-010
13124	1.5966e-010
13125	1.9272e-010
13126	2.5156e-010
13127	3.257e-010
13128	3.4532e-010
13129	7.7506e-010
13130	4.7997e-010
13131	1.7507e-010
13132	1.4489e-010
13133	6.4223e-011
13134	6.3876e-011
13135	7.6337e-011
13136	8.3587e-011
13137	8.7435e-011
13138	9.0048e-011
13139	9.1275e-011
13140	9.0342e-011
13141	9.0377e-011
13142	9.0883e-011
13143	9.1307e-011
13144	9.2961e-011
13145	9.3456e-011
13146	9.4848e-011
13147	9.6561e-011
13148	9.864e-011
13149	1.0085e-010
13150	1.0307e-010
13151	1.0572e-010
13152	1.0794e-010
13153	1.1079e-010
13154	1.1298e-010
13155	1.1575e-010
13156	1.1833e-010
13157	1.2095e-010
13158	1.2438e-010
13159	1.2671e-010
13160	1.3042e-010
13161	1.3258e-010
13162	1.3551e-010
13163	1.3909e-010
13164	1.4172e-010
13165	1.4509e-010
13166	1.4865e-010
13167	1.5164e-010
13168	1.5542e-010
13169	1.5925e-010
13170	1.6263e-010
13171	1.6578e-010
13172	1.7015e-010
13173	1.7375e-010
13174	1.7787e-010
13175	1.8142e-010
13176	1.8529e-010
13177	1.8977e-010
13178	1.941e-010
13179	1.9867e-010
13180	2.0291e-010
13181	2.0774e-010
13182	2.1238e-010
13183	2.1716e-010
13184	2.2205e-010
13185	2.2702e-010
13186	2.3268e-010
13187	2.3733e-010
13188	2.4343e-010
13189	2.4876e-010
13190	2.5432e-010
13191	2.5947e-010
13192	2.666e-010
13193	2.7315e-010
13194	2.7873e-010
13195	2.8579e-010
13196	2.8652e-010
13197	2.798e-010
13198	2.7514e-010
13199	2.6929e-010
13200	2.6184e-010
13201	2.5769e-010
13202	2.5275e-010
13203	2.481e-010
13204	2.4076e-010
13205	2.3747e-010
13206	2.3106e-010
13207	2.2649e-010
13208	2.2181e-010
13209	2.1752e-010
13210	2.138e-010
13211	2.087e-010
13212	2.0617e-010
13213	2.0325e-010
13214	1.9932e-010
13215	1.9188e-010
13216	1.9245e-010
13217	1.9699e-010
13218	1.9407e-010
13219	1.9245e-010
13220	1.7646e-010
13221	1.8728e-010
13222	1.9434e-010
13223	1.7852e-010
13224	1.7115e-010
13225	1.7058e-010
13226	1.5922e-010
13227	1.6674e-010
13228	1.7169e-010
13229	1.5117e-010
13230	1.6629e-010
13231	1.9362e-010
13232	1.6665e-010
13233	1.5998e-010
13234	1.403e-010
13235	1.2717e-010
13236	1.2802e-010
13237	1.2607e-010
13238	1.3046e-010
13239	1.2442e-010
13240	1.2414e-010
13241	1.1603e-010
13242	1.1072e-010
13243	1.1454e-010
13244	1.0404e-010
13245	1.0044e-010
13246	1.1571e-010
13247	1.3303e-010
13248	1.1397e-010
13249	1.0224e-010
13250	9.7716e-011
13251	1.0828e-010
13252	1.2805e-010
13253	1.2898e-010
13254	1.3651e-010
13255	1.541e-010
13256	2.3197e-010
13257	2.9078e-010
13258	3.1425e-010
13259	6.1743e-010
13260	6.9529e-010
13261	1.7509e-010
13262	1.449e-010
13263	6.4258e-011
13264	6.3909e-011
13265	7.6357e-011
13266	8.3594e-011
13267	8.744e-011
13268	9.0061e-011
13269	9.1284e-011
13270	9.0324e-011
13271	9.0311e-011
13272	9.0803e-011
13273	9.1269e-011
13274	9.2968e-011
13275	9.3469e-011
13276	9.4846e-011
13277	9.6554e-011
13278	9.8644e-011
13279	1.0087e-010
13280	1.031e-010
13281	1.0574e-010
13282	1.0793e-010
13283	1.1079e-010
13284	1.1304e-010
13285	1.1582e-010
13286	1.183e-010
13287	1.2087e-010
13288	1.2431e-010
13289	1.2669e-010
13290	1.3045e-010
13291	1.326e-010
13292	1.3551e-010
13293	1.3908e-010
13294	1.417e-010
13295	1.4508e-010
13296	1.4865e-010
13297	1.516e-010
13298	1.5534e-010
13299	1.5929e-010
13300	1.6259e-010
13301	1.657e-010
13302	1.7005e-010
13303	1.737e-010
13304	1.7786e-010
13305	1.8139e-010
13306	1.8523e-010
13307	1.8974e-010
13308	1.9414e-010
13309	1.9863e-010
13310	2.028e-010
13311	2.0769e-010
13312	2.1234e-010
13313	2.1718e-010
13314	2.2204e-010
13315	2.2703e-010
13316	2.3282e-010
13317	2.3751e-010
13318	2.4372e-010
13319	2.4906e-010
13320	2.5463e-010
13321	2.5971e-010
13322	2.6683e-010
13323	2.7341e-010
13324	2.79e-010
13325	2.8613e-010
13326	2.8693e-010
13327	2.8003e-010
13328	2.7531e-010
13329	2.6944e-010
13330	2.6203e-010
13331	2.5799e-010
13332	2.5308e-010
13333	2.4855e-010
13334	2.4116e-010
13335	2.3775e-010
13336	2.3125e-010
13337	2.2677e-010
13338	2.2219e-010
13339	2.178e-010
13340	2.1407e-010
13341	2.0903e-010
13342	2.0652e-010
13343	2.0347e-010
13344	1.9955e-010
13345	1.9213e-010
13346	1.926e-010
13347	1.9781e-010
13348	1.9203e-010
13349	1.9311e-010
13350	1.7673e-010
13351	1.8705e-010
13352	1.9468e-010
13353	1.7821e-010
13354	1.7135e-010
13355	1.7075e-010
13356	1.5936e-010
13357	1.6687e-010
13358	1.7183e-010
13359	1.5125e-010
13360	1.6635e-010
13361	1.9367e-010
13362	1.667e-010
13363	1.6003e-010
13364	1.4032e-010
13365	1.2717e-010
13366	1.2801e-010
13367	1.2606e-010
13368	1.3046e-010
13369	1.2445e-010
13370	1.2417e-010
13371	1.1609e-010
13372	1.1078e-010
13373	1.146e-010
13374	1.041e-010
13375	1.005e-010
13376	1.1578e-010
13377	1.3312e-010
13378	1.1404e-010
13379	1.0234e-010
13380	9.7803e-011
13381	1.0836e-010
13382	1.2816e-010
13383	1.2908e-010
13384	1.3663e-010
13385	1.542e-010
13386	2.3205e-010
13387	2.9081e-010
13388	3.1425e-010
13389	6.1744e-010
13390	6.9533e-010
13391	1.4772e-010
13392	1.7555e-010
13393	8.7933e-011
13394	8.2932e-011
13395	9.061e-011
13396	9.5186e-011
13397	9.8508e-011
13398	1.0147e-010
13399	1.0019e-010
13400	1.0165e-010
13401	1.0122e-010
13402	1.005e-010
13403	1.0339e-010
13404	1.022e-010
13405	1.0579e-010
13406	1.0588e-010
13407	1.0852e-010
13408	1.1086e-010
13409	1.1269e-010
13410	1.1636e-010
13411	1.1772e-010
13412	1.2208e-010
13413	1.2341e-010
13414	1.2766e-010
13415	1.2955e-010
13416	1.3285e-010
13417	1.3645e-010
13418	1.3808e-010
13419	1.4369e-010
13420	1.4437e-010
13421	1.498e-010
13422	1.5231e-010
13423	1.5473e-010
13424	1.6006e-010
13425	1.6251e-010
13426	1.6585e-010
13427	1.7083e-010
13428	1.7462e-010
13429	1.7689e-010
13430	1.8278e-010
13431	1.8645e-010
13432	1.9056e-010
13433	1.9388e-010
13434	1.9909e-010
13435	2.0371e-010
13436	2.0826e-010
13437	2.1276e-010
13438	2.1762e-010
13439	2.2258e-010
13440	2.2717e-010
13441	2.3275e-010
13442	2.3823e-010
13443	2.4361e-010
13444	2.4919e-010
13445	2.5495e-010
13446	2.6094e-010
13447	2.6617e-010
13448	2.7296e-010
13449	2.7938e-010
13450	2.8594e-010
13451	2.9327e-010
13452	3.0037e-010
13453	3.0542e-010
13454	3.115e-010
13455	3.2328e-010
13456	3.2398e-010
13457	3.1239e-010
13458	3.0694e-010
13459	3.0376e-010
13460	2.9739e-010
13461	2.9041e-010
13462	2.8445e-010
13463	2.7826e-010
13464	2.7058e-010
13465	2.6691e-010
13466	2.6095e-010
13467	2.5578e-010
13468	2.5076e-010
13469	2.458e-010
13470	2.4068e-010
13471	2.3407e-010
13472	2.317e-010
13473	2.2839e-010
13474	2.2479e-010
13475	2.2087e-010
13476	2.1991e-010
13477	2.1894e-010
13478	2.0859e-010
13479	2.1435e-010
13480	2.0574e-010
13481	2.1317e-010
13482	2.0443e-010
13483	2.0264e-010
13484	2.0109e-010
13485	1.8355e-010
13486	1.7739e-010
13487	1.983e-010
13488	1.7913e-010
13489	1.7373e-010
13490	1.9651e-010
13491	1.9329e-010
13492	2.0156e-010
13493	1.6333e-010
13494	1.6687e-010
13495	1.4588e-010
13496	1.3953e-010
13497	1.502e-010
13498	1.3813e-010
13499	1.4926e-010
13500	1.3223e-010
13501	1.3696e-010
13502	1.2186e-010
13503	1.3288e-010
13504	1.1938e-010
13505	1.116e-010
13506	1.3823e-010
13507	1.3422e-010
13508	1.3729e-010
13509	1.0914e-010
13510	1.1393e-010
13511	1.2801e-010
13512	1.3307e-010
13513	1.5324e-010
13514	1.5989e-010
13515	1.9295e-010
13516	2.5174e-010
13517	3.258e-010
13518	3.4539e-010
13519	7.7518e-010
13520	4.8002e-010
13521	1.7509e-010
13522	1.449e-010
13523	6.4258e-011
13524	6.3909e-011
13525	7.6357e-011
13526	8.3594e-011
13527	8.744e-011
13528	9.0061e-011
13529	9.1284e-011
13530	9.0324e-011
13531	9.0311e-011
13532	9.0803e-011
13533	9.1269e-011
13534	9.2968e-011
13535	9.3469e-011
13536	9.4846e-011
13537	9.6554e-011
13538	9.8644e-011
13539	1.0087e-010
13540	1.031e-010
13541	1.0574e-010
13542	1.0793e-010
13543	1.1079e-010
13544	1.1304e-010
13545	1.1582e-010
13546	1.183e-010
13547	1.2087e-010
13548	1.2431e-010
13549	1.2669e-010
13550	1.3045e-010
13551	1.326e-010
13552	1.3551e-010
13553	1.3908e-010
13554	1.417e-010
13555	1.4508e-010
13556	1.4865e-010
13557	1.516e-010
13558	1.5527e-010
13559	1.5933e-010
13560	1.6252e-010
13561	1.6571e-010
13562	1.7005e-010
13563	1.737e-010
13564	1.7786e-010
13565	1.8139e-010
13566	1.8523e-010
13567	1.8974e-010
13568	1.9414e-010
13569	1.9863e-010
13570	2.028e-010
13571	2.0769e-010
13572	2.1234e-010
13573	2.1718e-010
13574	2.2204e-010
13575	2.2703e-010
13576	2.3282e-010
13577	2.3751e-010
13578	2.4372e-010
13579	2.4906e-010
13580	2.5463e-010
13581	2.5971e-010
13582	2.6683e-010
13583	2.7341e-010
13584	2.79e-010
13585	2.8613e-010
13586	2.8693e-010
13587	2.8003e-010
13588	2.7531e-010
13589	2.6944e-010
13590	2.6203e-010
13591	2.5799e-010
13592	2.5308e-010
13593	2.4855e-010
13594	2.4116e-010
13595	2.3775e-010
13596	2.3125e-010
13597	2.2677e-010
13598	2.2219e-010
13599	2.178e-010
13600	2.1407e-010
13601	2.0903e-010
13602	2.0652e-010
13603	2.0347e-010
13604	1.9955e-010
13605	1.9211e-010
13606	1.9269e-010
13607	1.9754e-010
13608	1.9208e-010
13609	1.9283e-010
13610	1.7678e-010
13611	1.87e-010
13612	1.9454e-010
13613	1.7818e-010
13614	1.7133e-010
13615	1.7076e-010
13616	1.5936e-010
13617	1.6687e-010
13618	1.7183e-010
13619	1.5125e-010
13620	1.6635e-010
13621	1.9367e-010
13622	1.667e-010
13623	1.6003e-010
13624	1.4032e-010
13625	1.2717e-010
13626	1.2801e-010
13627	1.2606e-010
13628	1.3046e-010
13629	1.2445e-010
13630	1.2417e-010
13631	1.1609e-010
13632	1.1078e-010
13633	1.146e-010
13634	1.041e-010
13635	1.005e-010
13636	1.1578e-010
13637	1.3312e-010
13638	1.1404e-010
13639	1.0234e-010
13640	9.7803e-011
13641	1.0836e-010
13642	1.2816e-010
13643	1.2908e-010
13644	1.3663e-010
13645	1.542e-010
13646	2.3205e-010
13647	2.9081e-010
13648	3.1425e-010
13649	6.1744e-010
13650	6.9533e-010
13651	1.7507e-010
13652	1.4489e-010
13653	6.4223e-011
13654	6.3876e-011
13655	7.6337e-011
13656	8.3587e-011
13657	8.7435e-011
13658	9.0049e-011
13659	9.1275e-011
13660	9.0342e-011
13661	9.0377e-011
13662	9.0883e-011
13663	9.1307e-011
13664	9.2961e-011
13665	9.3456e-011
13666	9.4849e-011
13667	9.6561e-011
13668	9.864e-011
13669	1.0085e-010
13670	1.0307e-010
13671	1.0572e-010
13672	1.0794e-010
13673	1.1079e-010
13674	1.1298e-010
13675	1.1575e-010
13676	1.1833e-010
13677	1.2095e-010
13678	1.2438e-010
13679	1.2671e-010
13680	1.3042e-010
13681	1.3258e-010
13682	1.3551e-010
13683	1.3909e-010
13684	1.4172e-010
13685	1.4509e-010
13686	1.4865e-010
13687	1.5164e-010
13688	1.5538e-010
13689	1.5917e-010
13690	1.6258e-010
13691	1.6579e-010
13692	1.7015e-010
13693	1.7375e-010
13694	1.7787e-010
13695	1.8142e-010
13696	1.8529e-010
13697	1.8977e-010
13698	1.941e-010
13699	1.9867e-010
13700	2.0291e-010
13701	2.0774e-010
13702	2.1238e-010
13703	2.1716e-010
13704	2.2205e-010
13705	2.2702e-010
13706	2.3268e-010
13707	2.3733e-010
13708	2.4343e-010
13709	2.4876e-010
13710	2.5432e-010
13711	2.5947e-010
13712	2.666e-010
13713	2.7315e-010
13714	2.7873e-010
13715	2.8579e-010
13716	2.8652e-010
13717	2.798e-010
13718	2.7514e-010
13719	2.6929e-010
13720	2.6184e-010
13721	2.5769e-010
13722	2.5275e-010
13723	2.481e-010
13724	2.4076e-010
13725	2.3747e-010
13726	2.3106e-010
13727	2.2649e-010
13728	2.2181e-010
13729	2.1752e-010
13730	2.138e-010
13731	2.087e-010
13732	2.0617e-010
13733	2.0326e-010
13734	1.993e-010
13735	1.9191e-010
13736	1.9241e-010
13737	1.9711e-010
13738	1.9371e-010
13739	1.9253e-010
13740	1.7652e-010
13741	1.8657e-010
13742	1.9444e-010
13743	1.7781e-010
13744	1.7127e-010
13745	1.7059e-010
13746	1.5923e-010
13747	1.6673e-010
13748	1.7169e-010
13749	1.5117e-010
13750	1.6629e-010
13751	1.9362e-010
13752	1.6665e-010
13753	1.5998e-010
13754	1.403e-010
13755	1.2717e-010
13756	1.2802e-010
13757	1.2607e-010
13758	1.3046e-010
13759	1.2442e-010
13760	1.2414e-010
13761	1.1603e-010
13762	1.1072e-010
13763	1.1454e-010
13764	1.0404e-010
13765	1.0044e-010
13766	1.1571e-010
13767	1.3303e-010
13768	1.1397e-010
13769	1.0224e-010
13770	9.7716e-011
13771	1.0828e-010
13772	1.2805e-010
13773	1.2898e-010
13774	1.3651e-010
13775	1.541e-010
13776	2.3197e-010
13777	2.9078e-010
13778	3.1425e-010
13779	6.1743e-010
13780	6.9529e-010
13781	1.4769e-010
13782	1.7548e-010
13783	8.7845e-011
13784	8.2846e-011
13785	9.0567e-011
13786	9.5174e-011
13787	9.8507e-011
13788	1.0146e-010
13789	1.0019e-010
13790	1.0169e-010
13791	1.0133e-010
13792	1.0062e-010
13793	1.0345e-010
13794	1.0221e-010
13795	1.0578e-010
13796	1.0589e-010
13797	1.0857e-010
13798	1.1097e-010
13799	1.128e-010
13800	1.1642e-010
13801	1.1776e-010
13802	1.2215e-010
13803	1.2347e-010
13804	1.2767e-010
13805	1.2955e-010
13806	1.329e-010
13807	1.3656e-010
13808	1.3823e-010
13809	1.4381e-010
13810	1.4442e-010
13811	1.498e-010
13812	1.5234e-010
13813	1.5482e-010
13814	1.6015e-010
13815	1.6257e-010
13816	1.659e-010
13817	1.7104e-010
13818	1.7468e-010
13819	1.7732e-010
13820	1.8278e-010
13821	1.8673e-010
13822	1.9084e-010
13823	1.9413e-010
13824	1.9925e-010
13825	2.0386e-010
13826	2.0851e-010
13827	2.1297e-010
13828	2.1781e-010
13829	2.2292e-010
13830	2.2757e-010
13831	2.3302e-010
13832	2.3835e-010
13833	2.4371e-010
13834	2.4916e-010
13835	2.5485e-010
13836	2.6098e-010
13837	2.6593e-010
13838	2.7264e-010
13839	2.7896e-010
13840	2.855e-010
13841	2.9296e-010
13842	3.e-010
13843	3.0494e-010
13844	3.1092e-010
13845	3.2271e-010
13846	3.2342e-010
13847	3.1211e-010
13848	3.068e-010
13849	3.0352e-010
13850	2.9699e-010
13851	2.8987e-010
13852	2.8379e-010
13853	2.7759e-010
13854	2.699e-010
13855	2.6651e-010
13856	2.6059e-010
13857	2.5517e-010
13858	2.501e-010
13859	2.4528e-010
13860	2.4022e-010
13861	2.3352e-010
13862	2.3118e-010
13863	2.2786e-010
13864	2.2424e-010
13865	2.2035e-010
13866	2.1929e-010
13867	2.2007e-010
13868	2.0918e-010
13869	2.1571e-010
13870	2.0499e-010
13871	2.1286e-010
13872	2.0436e-010
13873	2.0242e-010
13874	2.0067e-010
13875	1.8328e-010
13876	1.7715e-010
13877	1.9809e-010
13878	1.7896e-010
13879	1.7361e-010
13880	1.9644e-010
13881	1.9327e-010
13882	2.0157e-010
13883	1.6334e-010
13884	1.669e-010
13885	1.4591e-010
13886	1.3956e-010
13887	1.5021e-010
13888	1.3815e-010
13889	1.4924e-010
13890	1.3219e-010
13891	1.3688e-010
13892	1.2179e-010
13893	1.328e-010
13894	1.1927e-010
13895	1.1146e-010
13896	1.3807e-010
13897	1.3405e-010
13898	1.3712e-010
13899	1.0896e-010
13900	1.1375e-010
13901	1.2784e-010
13902	1.3287e-010
13903	1.5304e-010
13904	1.5966e-010
13905	1.9272e-010
13906	2.5156e-010
13907	3.257e-010
13908	3.4532e-010
13909	7.7506e-010
13910	4.7997e-010
13911	1.7498e-010
13912	1.4485e-010
13913	6.4228e-011
13914	6.388e-011
13915	7.6336e-011
13916	8.3576e-011
13917	8.7421e-011
13918	9.0036e-011
13919	9.1257e-011
13920	9.0314e-011
13921	9.0327e-011
13922	9.0838e-011
13923	9.1304e-011
13924	9.299e-011
13925	9.3482e-011
13926	9.4843e-011
13927	9.6551e-011
13928	9.865e-011
13929	1.0087e-010
13930	1.0309e-010
13931	1.0574e-010
13932	1.0797e-010
13933	1.1084e-010
13934	1.1304e-010
13935	1.158e-010
13936	1.1836e-010
13937	1.2097e-010
13938	1.244e-010
13939	1.2674e-010
13940	1.3046e-010
13941	1.3262e-010
13942	1.3555e-010
13943	1.3911e-010
13944	1.4173e-010
13945	1.4509e-010
13946	1.4865e-010
13947	1.5164e-010
13948	1.5537e-010
13949	1.5922e-010
13950	1.6259e-010
13951	1.6584e-010
13952	1.7022e-010
13953	1.7383e-010
13954	1.78e-010
13955	1.8159e-010
13956	1.8543e-010
13957	1.8983e-010
13958	1.941e-010
13959	1.987e-010
13960	2.0296e-010
13961	2.0777e-010
13962	2.1236e-010
13963	2.1716e-010
13964	2.2204e-010
13965	2.2698e-010
13966	2.3269e-010
13967	2.3725e-010
13968	2.434e-010
13969	2.488e-010
13970	2.5435e-010
13971	2.5954e-010
13972	2.6657e-010
13973	2.7312e-010
13974	2.7866e-010
13975	2.8564e-010
13976	2.8645e-010
13977	2.7963e-010
13978	2.7517e-010
13979	2.6921e-010
13980	2.618e-010
13981	2.5769e-010
13982	2.5275e-010
13983	2.4807e-010
13984	2.4072e-010
13985	2.3738e-010
13986	2.3101e-010
13987	2.2644e-010
13988	2.2178e-010
13989	2.1753e-010
13990	2.1381e-010
13991	2.0857e-010
13992	2.061e-010
13993	2.0313e-010
13994	1.9922e-010
13995	1.9182e-010
13996	1.9237e-010
13997	1.9718e-010
13998	1.9401e-010
13999	1.9263e-010
14000	1.766e-010
14001	1.8657e-010
14002	1.9457e-010
14003	1.7776e-010
14004	1.7121e-010
14005	1.7053e-010
14006	1.5919e-010
14007	1.6671e-010
14008	1.7168e-010
14009	1.5116e-010
14010	1.6631e-010
14011	1.9363e-010
14012	1.6669e-010
14013	1.6e-010
14014	1.4032e-010
14015	1.2719e-010
14016	1.2804e-010
14017	1.2609e-010
14018	1.3045e-010
14019	1.2443e-010
14020	1.2413e-010
14021	1.1603e-010
14022	1.107e-010
14023	1.1453e-010
14024	1.0405e-010
14025	1.0044e-010
14026	1.1571e-010
14027	1.3302e-010
14028	1.1394e-010
14029	1.0222e-010
14030	9.7687e-011
14031	1.0825e-010
14032	1.2805e-010
14033	1.2897e-010
14034	1.3653e-010
14035	1.5412e-010
14036	2.3198e-010
14037	2.9078e-010
14038	3.1424e-010
14039	6.1736e-010
14040	6.9523e-010
14041	2.924e-010
14042	1.6335e-010
14043	1.9054e-010
14044	2.4009e-010
14045	2.6455e-010
14046	2.8456e-010
14047	2.9877e-010
14048	3.0734e-010
14049	3.0977e-010
14050	3.1101e-010
14051	3.1045e-010
14052	3.0971e-010
14053	3.1334e-010
14054	3.1315e-010
14055	3.1942e-010
14056	3.2238e-010
14057	3.2911e-010
14058	3.3618e-010
14059	3.4275e-010
14060	3.5236e-010
14061	3.5876e-010
14062	3.6948e-010
14063	3.7597e-010
14064	3.8665e-010
14065	3.9415e-010
14066	4.0409e-010
14067	4.1407e-010
14068	4.2175e-010
14069	4.3491e-010
14070	4.4068e-010
14071	4.5436e-010
14072	4.6348e-010
14073	4.7241e-010
14074	4.8634e-010
14075	4.9535e-010
14076	5.0583e-010
14077	5.1979e-010
14078	5.3132e-010
14079	5.4024e-010
14080	5.5611e-010
14081	5.6793e-010
14082	5.804e-010
14083	5.9012e-010
14084	6.0605e-010
14085	6.2024e-010
14086	6.3421e-010
14087	6.4835e-010
14088	6.6317e-010
14089	6.7852e-010
14090	6.9255e-010
14091	7.0943e-010
14092	7.2533e-010
14093	7.414e-010
14094	7.5816e-010
14095	7.7538e-010
14096	7.9434e-010
14097	8.0837e-010
14098	8.2977e-010
14099	8.4763e-010
14100	8.6714e-010
14101	8.885e-010
14102	9.1026e-010
14103	9.2556e-010
14104	9.4157e-010
14105	9.7694e-010
14106	9.7924e-010
14107	9.4322e-010
14108	9.2807e-010
14109	9.1614e-010
14110	8.9557e-010
14111	8.7458e-010
14112	8.5628e-010
14113	8.403e-010
14114	8.1427e-010
14115	8.0666e-010
14116	7.8636e-010
14117	7.6972e-010
14118	7.5343e-010
14119	7.3832e-010
14120	7.24e-010
14121	7.0262e-010
14122	6.9399e-010
14123	6.7871e-010
14124	6.6472e-010
14125	6.5135e-010
14126	6.4158e-010
14127	6.3258e-010
14128	6.0382e-010
14129	6.0896e-010
14130	5.9124e-010
14131	5.9568e-010
14132	5.5391e-010
14133	5.6722e-010
14134	5.5548e-010
14135	5.1958e-010
14136	5.1132e-010
14137	5.2971e-010
14138	4.8939e-010
14139	4.8735e-010
14140	5.0367e-010
14141	4.7382e-010
14142	4.9398e-010
14143	4.4257e-010
14144	4.4582e-010
14145	4.2159e-010
14146	4.0676e-010
14147	4.1404e-010
14148	3.9057e-010
14149	4.0089e-010
14150	3.7463e-010
14151	3.7375e-010
14152	3.5688e-010
14153	3.518e-010
14154	3.3645e-010
14155	3.2392e-010
14156	3.4523e-010
14157	3.3275e-010
14158	3.3908e-010
14159	3.05e-010
14160	3.1187e-010
14161	3.4546e-010
14162	3.6521e-010
14163	3.9951e-010
14164	3.9558e-010
14165	5.6017e-010
14166	8.7647e-010
14167	9.498e-010
14168	8.2182e-010
14169	1.3482e-009
14170	1.3334e-009
14171	3.0193e-010
14172	1.3243e-010
14173	1.9618e-010
14174	2.4085e-010
14175	2.5959e-010
14176	2.7766e-010
14177	2.9015e-010
14178	2.9653e-010
14179	2.975e-010
14180	2.9938e-010
14181	2.9825e-010
14182	2.967e-010
14183	3.0077e-010
14184	2.9906e-010
14185	3.0651e-010
14186	3.088e-010
14187	3.1556e-010
14188	3.2225e-010
14189	3.2849e-010
14190	3.3816e-010
14191	3.4357e-010
14192	3.5496e-010
14193	3.6006e-010
14194	3.7142e-010
14195	3.7773e-010
14196	3.8758e-010
14197	3.978e-010
14198	4.0344e-010
14199	4.1833e-010
14200	4.2114e-010
14201	4.3663e-010
14202	4.448e-010
14203	4.5168e-010
14204	4.6735e-010
14205	4.7496e-010
14206	4.8434e-010
14207	4.9964e-010
14208	5.0977e-010
14209	5.1668e-010
14210	5.333e-010
14211	5.4576e-010
14212	5.564e-010
14213	5.6506e-010
14214	5.8038e-010
14215	5.9509e-010
14216	6.0878e-010
14217	6.2167e-010
14218	6.3556e-010
14219	6.5003e-010
14220	6.6361e-010
14221	6.7991e-010
14222	6.9555e-010
14223	7.1115e-010
14224	7.2735e-010
14225	7.4411e-010
14226	7.6144e-010
14227	7.7521e-010
14228	7.9499e-010
14229	8.1284e-010
14230	8.3211e-010
14231	8.5401e-010
14232	8.7377e-010
14233	8.8595e-010
14234	9.0274e-010
14235	9.3872e-010
14236	9.4038e-010
14237	9.0374e-010
14238	8.8766e-010
14239	8.7958e-010
14240	8.6209e-010
14241	8.4027e-010
14242	8.216e-010
14243	8.0427e-010
14244	7.8066e-010
14245	7.7269e-010
14246	7.5545e-010
14247	7.3915e-010
14248	7.2387e-010
14249	7.0942e-010
14250	6.9368e-010
14251	6.729e-010
14252	6.6411e-010
14253	6.5089e-010
14254	6.3887e-010
14255	6.3074e-010
14256	6.2076e-010
14257	6.032e-010
14258	5.7422e-010
14259	5.8271e-010
14260	5.7862e-010
14261	5.7172e-010
14262	5.2275e-010
14263	5.4511e-010
14264	5.4434e-010
14265	4.9089e-010
14266	4.8981e-010
14267	5.2003e-010
14268	4.5903e-010
14269	4.7318e-010
14270	4.9435e-010
14271	4.415e-010
14272	4.8824e-010
14273	4.1408e-010
14274	4.3764e-010
14275	4.0775e-010
14276	3.8651e-010
14277	4.0381e-010
14278	3.7031e-010
14279	3.9123e-010
14280	3.568e-010
14281	3.6204e-010
14282	3.4344e-010
14283	3.4046e-010
14284	3.2498e-010
14285	3.1118e-010
14286	3.3617e-010
14287	3.1345e-010
14288	3.2951e-010
14289	2.9155e-010
14290	2.9989e-010
14291	3.3914e-010
14292	3.4986e-010
14293	3.6952e-010
14294	4.0905e-010
14295	5.9052e-010
14296	8.8944e-010
14297	8.7812e-010
14298	7.4906e-010
14299	1.4019e-009
14300	1.3051e-009
14301	2.9249e-010
14302	1.6337e-010
14303	1.9061e-010
14304	2.4025e-010
14305	2.647e-010
14306	2.8469e-010
14307	2.9889e-010
14308	3.0744e-010
14309	3.0988e-010
14310	3.1109e-010
14311	3.1051e-010
14312	3.0978e-010
14313	3.1341e-010
14314	3.1325e-010
14315	3.1949e-010
14316	3.2243e-010
14317	3.2916e-010
14318	3.3626e-010
14319	3.4284e-010
14320	3.5244e-010
14321	3.5884e-010
14322	3.6958e-010
14323	3.7611e-010
14324	3.8682e-010
14325	3.9432e-010
14326	4.0422e-010
14327	4.142e-010
14328	4.2194e-010
14329	4.3509e-010
14330	4.4081e-010
14331	4.544e-010
14332	4.6341e-010
14333	4.7227e-010
14334	4.8637e-010
14335	4.9557e-010
14336	5.0599e-010
14337	5.1975e-010
14338	5.3137e-010
14339	5.3963e-010
14340	5.5609e-010
14341	5.6778e-010
14342	5.8047e-010
14343	5.9026e-010
14344	6.0594e-010
14345	6.2004e-010
14346	6.3398e-010
14347	6.4802e-010
14348	6.6273e-010
14349	6.7811e-010
14350	6.9221e-010
14351	7.0914e-010
14352	7.2523e-010
14353	7.4139e-010
14354	7.5834e-010
14355	7.7544e-010
14356	7.9463e-010
14357	8.0894e-010
14358	8.302e-010
14359	8.4809e-010
14360	8.6742e-010
14361	8.8874e-010
14362	9.1069e-010
14363	9.2621e-010
14364	9.4213e-010
14365	9.776e-010
14366	9.7983e-010
14367	9.4386e-010
14368	9.2857e-010
14369	9.1682e-010
14370	8.9628e-010
14371	8.7531e-010
14372	8.5692e-010
14373	8.411e-010
14374	8.1517e-010
14375	8.0756e-010
14376	7.8698e-010
14377	7.7039e-010
14378	7.5434e-010
14379	7.393e-010
14380	7.2475e-010
14381	7.035e-010
14382	6.9473e-010
14383	6.7961e-010
14384	6.6547e-010
14385	6.5206e-010
14386	6.4207e-010
14387	6.3362e-010
14388	6.0307e-010
14389	6.1002e-010
14390	5.9181e-010
14391	5.9346e-010
14392	5.5594e-010
14393	5.6498e-010
14394	5.5592e-010
14395	5.1989e-010
14396	5.1156e-010
14397	5.2991e-010
14398	4.8953e-010
14399	4.875e-010
14400	5.038e-010
14401	4.739e-010
14402	4.94e-010
14403	4.4256e-010
14404	4.4577e-010
14405	4.2157e-010
14406	4.068e-010
14407	4.1406e-010
14408	3.9059e-010
14409	4.0087e-010
14410	3.7471e-010
14411	3.7379e-010
14412	3.5704e-010
14413	3.5196e-010
14414	3.3665e-010
14415	3.2415e-010
14416	3.4546e-010
14417	3.3293e-010
14418	3.3929e-010
14419	3.0509e-010
14420	3.12e-010
14421	3.4563e-010
14422	3.6517e-010
14423	3.9966e-010
14424	3.9564e-010
14425	5.6012e-010
14426	8.7643e-010
14427	9.4992e-010
14428	8.2191e-010
14429	1.3485e-009
14430	1.3335e-009
14431	2.9248e-010
14432	1.6341e-010
14433	1.9068e-010
14434	2.4034e-010
14435	2.6479e-010
14436	2.8476e-010
14437	2.9897e-010
14438	3.0755e-010
14439	3.1e-010
14440	3.112e-010
14441	3.1057e-010
14442	3.0981e-010
14443	3.1346e-010
14444	3.1329e-010
14445	3.1954e-010
14446	3.2246e-010
14447	3.2922e-010
14448	3.364e-010
14449	3.43e-010
14450	3.5254e-010
14451	3.5885e-010
14452	3.6951e-010
14453	3.7603e-010
14454	3.8688e-010
14455	3.9442e-010
14456	4.0422e-010
14457	4.1418e-010
14458	4.2197e-010
14459	4.3513e-010
14460	4.4084e-010
14461	4.5443e-010
14462	4.6345e-010
14463	4.723e-010
14464	4.8634e-010
14465	4.9547e-010
14466	5.0589e-010
14467	5.1977e-010
14468	5.3147e-010
14469	5.398e-010
14470	5.5607e-010
14471	5.6762e-010
14472	5.8019e-010
14473	5.9e-010
14474	6.0588e-010
14475	6.2001e-010
14476	6.3384e-010
14477	6.4789e-010
14478	6.627e-010
14479	6.7818e-010
14480	6.9234e-010
14481	7.0931e-010
14482	7.254e-010
14483	7.4152e-010
14484	7.5836e-010
14485	7.7546e-010
14486	7.9488e-010
14487	8.0923e-010
14488	8.3065e-010
14489	8.487e-010
14490	8.6801e-010
14491	8.8935e-010
14492	9.1116e-010
14493	9.2676e-010
14494	9.4291e-010
14495	9.7867e-010
14496	9.8086e-010
14497	9.4466e-010
14498	9.2935e-010
14499	9.1749e-010
14500	8.9687e-010
14501	8.7602e-010
14502	8.5773e-010
14503	8.4192e-010
14504	8.1591e-010
14505	8.0822e-010
14506	7.8772e-010
14507	7.7121e-010
14508	7.5527e-010
14509	7.4004e-010
14510	7.2531e-010
14511	7.0412e-010
14512	6.9536e-010
14513	6.8015e-010
14514	6.6609e-010
14515	6.5273e-010
14516	6.4287e-010
14517	6.3562e-010
14518	6.0383e-010
14519	6.1201e-010
14520	5.9243e-010
14521	5.9391e-010
14522	5.5691e-010
14523	5.6541e-010
14524	5.5631e-010
14525	5.2031e-010
14526	5.1196e-010
14527	5.3026e-010
14528	4.8985e-010
14529	4.8777e-010
14530	5.0404e-010
14531	4.7413e-010
14532	4.9422e-010
14533	4.4277e-010
14534	4.4597e-010
14535	4.2172e-010
14536	4.0686e-010
14537	4.1411e-010
14538	3.9062e-010
14539	4.0095e-010
14540	3.7479e-010
14541	3.7394e-010
14542	3.5722e-010
14543	3.5214e-010
14544	3.3683e-010
14545	3.2432e-010
14546	3.456e-010
14547	3.331e-010
14548	3.394e-010
14549	3.0529e-010
14550	3.1218e-010
14551	3.4581e-010
14552	3.6551e-010
14553	3.9988e-010
14554	3.9591e-010
14555	5.6045e-010
14556	8.7672e-010
14557	9.4998e-010
14558	8.2194e-010
14559	1.3486e-009
14560	1.3336e-009
14561	3.0197e-010
14562	1.325e-010
14563	1.9634e-010
14564	2.4102e-010
14565	2.5969e-010
14566	2.7769e-010
14567	2.9017e-010
14568	2.9661e-010
14569	2.9758e-010
14570	2.9943e-010
14571	2.9818e-010
14572	2.9657e-010
14573	3.0066e-010
14574	2.9896e-010
14575	3.0647e-010
14576	3.0882e-010
14577	3.1562e-010
14578	3.2234e-010
14579	3.2855e-010
14580	3.3811e-010
14581	3.4341e-010
14582	3.5474e-010
14583	3.5985e-010
14584	3.7132e-010
14585	3.7766e-010
14586	3.8745e-010
14587	3.9765e-010
14588	4.0334e-010
14589	4.1822e-010
14590	4.2099e-010
14591	4.3656e-010
14592	4.4478e-010
14593	4.5162e-010
14594	4.6713e-010
14595	4.7459e-010
14596	4.8396e-010
14597	4.9932e-010
14598	5.098e-010
14599	5.1585e-010
14600	5.3331e-010
14601	5.4522e-010
14602	5.5566e-010
14603	5.6438e-010
14604	5.7979e-010
14605	5.9453e-010
14606	6.0822e-010
14607	6.2113e-010
14608	6.3509e-010
14609	6.4981e-010
14610	6.633e-010
14611	6.7954e-010
14612	6.9522e-010
14613	7.1077e-010
14614	7.2696e-010
14615	7.4372e-010
14616	7.6159e-010
14617	7.7562e-010
14618	7.9533e-010
14619	8.1343e-010
14620	8.3263e-010
14621	8.5468e-010
14622	8.7425e-010
14623	8.8644e-010
14624	9.0371e-010
14625	9.4058e-010
14626	9.4217e-010
14627	9.0496e-010
14628	8.888e-010
14629	8.8087e-010
14630	8.6341e-010
14631	8.4154e-010
14632	8.2313e-010
14633	8.0559e-010
14634	7.823e-010
14635	7.7441e-010
14636	7.5719e-010
14637	7.4106e-010
14638	7.2578e-010
14639	7.1121e-010
14640	6.9531e-010
14641	6.7477e-010
14642	6.6592e-010
14643	6.522e-010
14644	6.402e-010
14645	6.3224e-010
14646	6.2251e-010
14647	6.0925e-010
14648	5.7111e-010
14649	5.8869e-010
14650	5.8002e-010
14651	5.7264e-010
14652	5.2397e-010
14653	5.4589e-010
14654	5.4506e-010
14655	4.9152e-010
14656	4.9047e-010
14657	5.2062e-010
14658	4.5947e-010
14659	4.7353e-010
14660	4.9464e-010
14661	4.4173e-010
14662	4.8838e-010
14663	4.1413e-010
14664	4.3769e-010
14665	4.0773e-010
14666	3.8638e-010
14667	4.0367e-010
14668	3.701e-010
14669	3.9111e-010
14670	3.5669e-010
14671	3.6203e-010
14672	3.4352e-010
14673	3.4058e-010
14674	3.2517e-010
14675	3.1148e-010
14676	3.3656e-010
14677	3.1399e-010
14678	3.2999e-010
14679	2.9215e-010
14680	3.0043e-010
14681	3.3966e-010
14682	3.506e-010
14683	3.6996e-010
14684	4.0961e-010
14685	5.9114e-010
14686	8.8997e-010
14687	8.7829e-010
14688	7.4926e-010
14689	1.4024e-009
14690	1.3054e-009
14691	2.9248e-010
14692	1.6341e-010
14693	1.9068e-010
14694	2.4034e-010
14695	2.6479e-010
14696	2.8476e-010
14697	2.9897e-010
14698	3.0755e-010
14699	3.1e-010
14700	3.112e-010
14701	3.1057e-010
14702	3.0981e-010
14703	3.1346e-010
14704	3.1329e-010
14705	3.1954e-010
14706	3.2246e-010
14707	3.2922e-010
14708	3.364e-010
14709	3.43e-010
14710	3.5254e-010
14711	3.5885e-010
14712	3.6951e-010
14713	3.7603e-010
14714	3.8688e-010
14715	3.9442e-010
14716	4.0422e-010
14717	4.1418e-010
14718	4.2197e-010
14719	4.3513e-010
14720	4.4084e-010
14721	4.5443e-010
14722	4.6345e-010
14723	4.723e-010
14724	4.8634e-010
14725	4.9547e-010
14726	5.0589e-010
14727	5.1976e-010
14728	5.3151e-010
14729	5.3974e-010
14730	5.5611e-010
14731	5.676e-010
14732	5.802e-010
14733	5.9e-010
14734	6.0588e-010
14735	6.2001e-010
14736	6.3384e-010
14737	6.4789e-010
14738	6.627e-010
14739	6.7818e-010
14740	6.9234e-010
14741	7.0931e-010
14742	7.254e-010
14743	7.4152e-010
14744	7.5836e-010
14745	7.7546e-010
14746	7.9488e-010
14747	8.0923e-010
14748	8.3065e-010
14749	8.487e-010
14750	8.6801e-010
14751	8.8935e-010
14752	9.1116e-010
14753	9.2676e-010
14754	9.4291e-010
14755	9.7867e-010
14756	9.8086e-010
14757	9.4466e-010
14758	9.2935e-010
14759	9.1749e-010
14760	8.9687e-010
14761	8.7602e-010
14762	8.5773e-010
14763	8.4191e-010
14764	8.1591e-010
14765	8.0822e-010
14766	7.8772e-010
14767	7.7121e-010
14768	7.5526e-010
14769	7.4005e-010
14770	7.2535e-010
14771	7.0401e-010
14772	6.954e-010
14773	6.8016e-010
14774	6.6607e-010
14775	6.5269e-010
14776	6.4262e-010
14777	6.3828e-010
14778	6.012e-010
14779	6.1466e-010
14780	5.922e-010
14781	5.9384e-010
14782	5.5691e-010
14783	5.6538e-010
14784	5.5631e-010
14785	5.2031e-010
14786	5.1196e-010
14787	5.3026e-010
14788	4.8985e-010
14789	4.8777e-010
14790	5.0404e-010
14791	4.7413e-010
14792	4.9422e-010
14793	4.4277e-010
14794	4.4597e-010
14795	4.2172e-010
14796	4.0686e-010
14797	4.1411e-010
14798	3.9062e-010
14799	4.0095e-010
14800	3.7479e-010
14801	3.7394e-010
14802	3.5722e-010
14803	3.5214e-010
14804	3.3683e-010
14805	3.2432e-010
14806	3.456e-010
14807	3.331e-010
14808	3.394e-010
14809	3.0529e-010
14810	3.1218e-010
14811	3.4581e-010
14812	3.6551e-010
14813	3.9988e-010
14814	3.9591e-010
14815	5.6045e-010
14816	8.7672e-010
14817	9.4998e-010
14818	8.2194e-010
14819	1.3486e-009
14820	1.3336e-009
14821	2.9249e-010
14822	1.6337e-010
14823	1.9061e-010
14824	2.4025e-010
14825	2.647e-010
14826	2.8469e-010
14827	2.9889e-010
14828	3.0744e-010
14829	3.0988e-010
14830	3.1109e-010
14831	3.1051e-010
14832	3.0978e-010
14833	3.1341e-010
14834	3.1325e-010
14835	3.1949e-010
14836	3.2243e-010
14837	3.2916e-010
14838	3.3626e-010
14839	3.4284e-010
14840	3.5244e-010
14841	3.5884e-010
14842	3.6958e-010
14843	3.7611e-010
14844	3.8682e-010
14845	3.9432e-010
14846	4.0422e-010
14847	4.142e-010
14848	4.2194e-010
14849	4.3509e-010
14850	4.4081e-010
14851	4.544e-010
14852	4.6341e-010
14853	4.7227e-010
14854	4.8638e-010
14855	4.9557e-010
14856	5.0599e-010
14857	5.1974e-010
14858	5.3144e-010
14859	5.397e-010
14860	5.5617e-010
14861	5.6776e-010
14862	5.8047e-010
14863	5.9026e-010
14864	6.0594e-010
14865	6.2004e-010
14866	6.3398e-010
14867	6.4802e-010
14868	6.6273e-010
14869	6.7811e-010
14870	6.9221e-010
14871	7.0914e-010
14872	7.2523e-010
14873	7.4139e-010
14874	7.5834e-010
14875	7.7544e-010
14876	7.9463e-010
14877	8.0894e-010
14878	8.302e-010
14879	8.4809e-010
14880	8.6742e-010
14881	8.8874e-010
14882	9.1069e-010
14883	9.2621e-010
14884	9.4213e-010
14885	9.776e-010
14886	9.7983e-010
14887	9.4386e-010
14888	9.2857e-010
14889	9.1682e-010
14890	8.9628e-010
14891	8.7531e-010
14892	8.5692e-010
14893	8.411e-010
14894	8.1517e-010
14895	8.0756e-010
14896	7.8698e-010
14897	7.7039e-010
14898	7.5433e-010
14899	7.3931e-010
14900	7.2477e-010
14901	7.0339e-010
14902	6.9475e-010
14903	6.7962e-010
14904	6.6545e-010
14905	6.5194e-010
14906	6.4185e-010
14907	6.3755e-010
14908	6.0072e-010
14909	6.1399e-010
14910	5.916e-010
14911	5.9325e-010
14912	5.5631e-010
14913	5.6489e-010
14914	5.5591e-010
14915	5.199e-010
14916	5.1156e-010
14917	5.2991e-010
14918	4.8953e-010
14919	4.875e-010
14920	5.038e-010
14921	4.739e-010
14922	4.94e-010
14923	4.4256e-010
14924	4.4577e-010
14925	4.2157e-010
14926	4.068e-010
14927	4.1406e-010
14928	3.9059e-010
14929	4.0087e-010
14930	3.7471e-010
14931	3.7379e-010
14932	3.5704e-010
14933	3.5196e-010
14934	3.3665e-010
14935	3.2415e-010
14936	3.4546e-010
14937	3.3293e-010
14938	3.3929e-010
14939	3.0509e-010
14940	3.12e-010
14941	3.4563e-010
14942	3.6517e-010
14943	3.9966e-010
14944	3.9564e-010
14945	5.6012e-010
14946	8.7643e-010
14947	9.4992e-010
14948	8.2191e-010
14949	1.3485e-009
14950	1.3335e-009
14951	3.0193e-010
14952	1.3243e-010
14953	1.9618e-010
14954	2.4085e-010
14955	2.5959e-010
14956	2.7766e-010
14957	2.9015e-010
14958	2.9653e-010
14959	2.975e-010
14960	2.9938e-010
14961	2.9825e-010
14962	2.967e-010
14963	3.0077e-010
14964	2.9906e-010
14965	3.0651e-010
14966	3.088e-010
14967	3.1556e-010
14968	3.2225e-010
14969	3.2849e-010
14970	3.3816e-010
14971	3.4357e-010
14972	3.5496e-010
14973	3.6006e-010
14974	3.7142e-010
14975	3.7773e-010
14976	3.8758e-010
14977	3.978e-010
14978	4.0344e-010
14979	4.1833e-010
14980	4.2114e-010
14981	4.3663e-010
14982	4.448e-010
14983	4.5169e-010
14984	4.6736e-010
14985	4.7496e-010
14986	4.8432e-010
14987	4.9965e-010
14988	5.1003e-010
14989	5.1627e-010
14990	5.3358e-010
14991	5.4577e-010
14992	5.5639e-010
14993	5.6506e-010
14994	5.8038e-010
14995	5.9509e-010
14996	6.0879e-010
14997	6.2167e-010
14998	6.3556e-010
14999	6.5002e-010
15000	6.6361e-010
15001	6.7991e-010
15002	6.9555e-010
15003	7.1115e-010
15004	7.2735e-010
15005	7.4411e-010
15006	7.6144e-010
15007	7.7521e-010
15008	7.9499e-010
15009	8.1284e-010
15010	8.3211e-010
15011	8.5401e-010
15012	8.7377e-010
15013	8.8595e-010
15014	9.0274e-010
15015	9.3872e-010
15016	9.4038e-010
15017	9.0374e-010
15018	8.8766e-010
15019	8.7958e-010
15020	8.6209e-010
15021	8.4027e-010
15022	8.216e-010
15023	8.0427e-010
15024	7.8066e-010
15025	7.7269e-010
15026	7.5545e-010
15027	7.3915e-010
15028	7.2387e-010
15029	7.0941e-010
15030	6.9377e-010
15031	6.729e-010
15032	6.6418e-010
15033	6.5088e-010
15034	6.3885e-010
15035	6.3057e-010
15036	6.2065e-010
15037	6.0819e-010
15038	5.691e-010
15039	5.8766e-010
15040	5.7853e-010
15041	5.7146e-010
15042	5.2285e-010
15043	5.45e-010
15044	5.4436e-010
15045	4.9087e-010
15046	4.8981e-010
15047	5.2003e-010
15048	4.5902e-010
15049	4.7318e-010
15050	4.9435e-010
15051	4.415e-010
15052	4.8824e-010
15053	4.1408e-010
15054	4.3764e-010
15055	4.0775e-010
15056	3.8651e-010
15057	4.0381e-010
15058	3.7031e-010
15059	3.9123e-010
15060	3.568e-010
15061	3.6204e-010
15062	3.4344e-010
15063	3.4046e-010
15064	3.2498e-010
15065	3.1118e-010
15066	3.3617e-010
15067	3.1345e-010
15068	3.2951e-010
15069	2.9155e-010
15070	2.9989e-010
15071	3.3914e-010
15072	3.4986e-010
15073	3.6952e-010
15074	4.0905e-010
15075	5.9052e-010
15076	8.8944e-010
15077	8.7812e-010
15078	7.4906e-010
15079	1.4019e-009
15080	1.3051e-009
15081	2.924e-010
15082	1.6335e-010
15083	1.9054e-010
15084	2.4009e-010
15085	2.6455e-010
15086	2.8456e-010
15087	2.9877e-010
15088	3.0734e-010
15089	3.0977e-010
15090	3.1101e-010
15091	3.1045e-010
15092	3.0971e-010
15093	3.1334e-010
15094	3.1315e-010
15095	3.1942e-010
15096	3.2238e-010
15097	3.2911e-010
15098	3.3618e-010
15099	3.4275e-010
15100	3.5236e-010
15101	3.5876e-010
15102	3.6948e-010
15103	3.7597e-010
15104	3.8665e-010
15105	3.9415e-010
15106	4.0409e-010
15107	4.1407e-010
15108	4.2175e-010
15109	4.3491e-010
15110	4.4068e-010
15111	4.5436e-010
15112	4.6348e-010
15113	4.7241e-010
15114	4.8634e-010
15115	4.9535e-010
15116	5.0583e-010
15117	5.1974e-010
15118	5.3161e-010
15119	5.3989e-010
15120	5.5641e-010
15121	5.6788e-010
15122	5.804e-010
15123	5.9012e-010
15124	6.0605e-010
15125	6.2024e-010
15126	6.3421e-010
15127	6.4835e-010
15128	6.6317e-010
15129	6.7852e-010
15130	6.9254e-010
15131	7.0943e-010
15132	7.2533e-010
15133	7.414e-010
15134	7.5816e-010
15135	7.7538e-010
15136	7.9434e-010
15137	8.0837e-010
15138	8.2977e-010
15139	8.4763e-010
15140	8.6714e-010
15141	8.885e-010
15142	9.1026e-010
15143	9.2556e-010
15144	9.4157e-010
15145	9.7694e-010
15146	9.7924e-010
15147	9.4322e-010
15148	9.2807e-010
15149	9.1614e-010
15150	8.9557e-010
15151	8.7458e-010
15152	8.5628e-010
15153	8.403e-010
15154	8.1426e-010
15155	8.0666e-010
15156	7.8636e-010
15157	7.6972e-010
15158	7.5342e-010
15159	7.3832e-010
15160	7.2398e-010
15161	7.0264e-010
15162	6.9396e-010
15163	6.7871e-010
15164	6.6472e-010
15165	6.5129e-010
15166	6.4123e-010
15167	6.3477e-010
15168	6.0092e-010
15169	6.1111e-010
15170	5.9119e-010
15171	5.9284e-010
15172	5.5586e-010
15173	5.6462e-010
15174	5.5568e-010
15175	5.1962e-010
15176	5.1132e-010
15177	5.2971e-010
15178	4.8938e-010
15179	4.8735e-010
15180	5.0366e-010
15181	4.7381e-010
15182	4.9398e-010
15183	4.4257e-010
15184	4.4582e-010
15185	4.2159e-010
15186	4.0676e-010
15187	4.1404e-010
15188	3.9057e-010
15189	4.0089e-010
15190	3.7463e-010
15191	3.7375e-010
15192	3.5688e-010
15193	3.518e-010
15194	3.3645e-010
15195	3.2392e-010
15196	3.4523e-010
15197	3.3275e-010
15198	3.3908e-010
15199	3.05e-010
15200	3.1187e-010
15201	3.4546e-010
15202	3.6521e-010
15203	3.9951e-010
15204	3.9558e-010
15205	5.6017e-010
15206	8.7647e-010
15207	9.498e-010
15208	8.2182e-010
15209	1.3482e-009
15210	1.3334e-009
15211	2.924e-010
15212	1.6335e-010
15213	1.9054e-010
15214	2.4009e-010
15215	2.6455e-010
15216	2.8456e-010
15217	2.9877e-010
15218	3.0734e-010
15219	3.0977e-010
15220	3.1101e-010
15221	3.1045e-010
15222	3.0971e-010
15223	3.1334e-010
15224	3.1315e-010
15225	3.1942e-010
15226	3.2238e-010
15227	3.2911e-010
15228	3.3618e-010
15229	3.4275e-010
15230	3.5236e-010
15231	3.5876e-010
15232	3.6948e-010
15233	3.7597e-010
15234	3.8665e-010
15235	3.9415e-010
15236	4.0409e-010
15237	4.1407e-010
15238	4.2175e-010
15239	4.3491e-010
15240	4.4068e-010
15241	4.5436e-010
15242	4.6348e-010
15243	4.7241e-010
15244	4.8634e-010
15245	4.9535e-010
15246	5.0583e-010
15247	5.1975e-010
15248	5.3161e-010
15249	5.3989e-010
15250	5.5641e-010
15251	5.6788e-010
15252	5.804e-010
15253	5.9011e-010
15254	6.0605e-010
15255	6.2024e-010
15256	6.3421e-010
15257	6.4835e-010
15258	6.6317e-010
15259	6.7852e-010
15260	6.9255e-010
15261	7.0943e-010
15262	7.2533e-010
15263	7.414e-010
15264	7.5816e-010
15265	7.7538e-010
15266	7.9434e-010
15267	8.0837e-010
15268	8.2977e-010
15269	8.4763e-010
15270	8.6714e-010
15271	8.885e-010
15272	9.1026e-010
15273	9.2556e-010
15274	9.4157e-010
15275	9.7694e-010
15276	9.7924e-010
15277	9.4322e-010
15278	9.2807e-010
15279	9.1614e-010
15280	8.9557e-010
15281	8.7458e-010
15282	8.5628e-010
15283	8.403e-010
15284	8.1426e-010
15285	8.0666e-010
15286	7.8636e-010
15287	7.6972e-010
15288	7.5342e-010
15289	7.3832e-010
15290	7.2398e-010
15291	7.0261e-010
15292	6.9397e-010
15293	6.7871e-010
15294	6.6473e-010
15295	6.5122e-010
15296	6.4119e-010
15297	6.3493e-010
15298	5.9871e-010
15299	6.1117e-010
15300	5.9118e-010
15301	5.9276e-010
15302	5.5588e-010
15303	5.6462e-010
15304	5.5568e-010
15305	5.1962e-010
15306	5.1132e-010
15307	5.2971e-010
15308	4.8938e-010
15309	4.8735e-010
15310	5.0366e-010
15311	4.7381e-010
15312	4.9398e-010
15313	4.4257e-010
15314	4.4582e-010
15315	4.2159e-010
15316	4.0676e-010
15317	4.1404e-010
15318	3.9057e-010
15319	4.0089e-010
15320	3.7463e-010
15321	3.7375e-010
15322	3.5688e-010
15323	3.518e-010
15324	3.3645e-010
15325	3.2392e-010
15326	3.4524e-010
15327	3.3275e-010
15328	3.3908e-010
15329	3.05e-010
15330	3.1187e-010
15331	3.4546e-010
15332	3.652e-010
15333	3.9951e-010
15334	3.9558e-010
15335	5.6017e-010
15336	8.7647e-010
15337	9.498e-010
15338	8.2182e-010
15339	1.3482e-009
15340	1.3334e-009
15341	3.0193e-010
15342	1.3243e-010
15343	1.9618e-010
15344	2.4085e-010
15345	2.5959e-010
15346	2.7766e-010
15347	2.9015e-010
15348	2.9653e-010
15349	2.975e-010
15350	2.9938e-010
15351	2.9825e-010
15352	2.967e-010
15353	3.0077e-010
15354	2.9906e-010
15355	3.0651e-010
15356	3.088e-010
15357	3.1556e-010
15358	3.2225e-010
15359	3.2849e-010
15360	3.3816e-010
15361	3.4357e-010
15362	3.5496e-010
15363	3.6006e-010
15364	3.7142e-010
15365	3.7773e-010
15366	3.8758e-010
15367	3.978e-010
15368	4.0344e-010
15369	4.1833e-010
15370	4.2114e-010
15371	4.3663e-010
15372	4.448e-010
15373	4.5168e-010
15374	4.6735e-010
15375	4.7496e-010
15376	4.8432e-010
15377	4.9965e-010
15378	5.1003e-010
15379	5.1627e-010
15380	5.3358e-010
15381	5.4577e-010
15382	5.5639e-010
15383	5.6506e-010
15384	5.8038e-010
15385	5.9509e-010
15386	6.0879e-010
15387	6.2167e-010
15388	6.3556e-010
15389	6.5003e-010
15390	6.6361e-010
15391	6.7991e-010
15392	6.9555e-010
15393	7.1115e-010
15394	7.2735e-010
15395	7.4411e-010
15396	7.6144e-010
15397	7.7521e-010
15398	7.9499e-010
15399	8.1284e-010
15400	8.3211e-010
15401	8.5401e-010
15402	8.7377e-010
15403	8.8595e-010
15404	9.0274e-010
15405	9.3872e-010
15406	9.4038e-010
15407	9.0374e-010
15408	8.8766e-010
15409	8.7958e-010
15410	8.6209e-010
15411	8.4027e-010
15412	8.216e-010
15413	8.0427e-010
15414	7.8066e-010
15415	7.7269e-010
15416	7.5545e-010
15417	7.3915e-010
15418	7.2387e-010
15419	7.0942e-010
15420	6.9373e-010
15421	6.7292e-010
15422	6.6415e-010
15423	6.5088e-010
15424	6.3885e-010
15425	6.3057e-010
15426	6.2045e-010
15427	6.0751e-010
15428	5.6697e-010
15429	5.8684e-010
15430	5.7838e-010
15431	5.7144e-010
15432	5.2286e-010
15433	5.45e-010
15434	5.4436e-010
15435	4.9086e-010
15436	4.8981e-010
15437	5.2003e-010
15438	4.5902e-010
15439	4.7318e-010
15440	4.9435e-010
15441	4.415e-010
15442	4.8823e-010
15443	4.1408e-010
15444	4.3765e-010
15445	4.0775e-010
15446	3.8651e-010
15447	4.0381e-010
15448	3.7031e-010
15449	3.9123e-010
15450	3.568e-010
15451	3.6204e-010
15452	3.4344e-010
15453	3.4046e-010
15454	3.2498e-010
15455	3.1118e-010
15456	3.3617e-010
15457	3.1345e-010
15458	3.2951e-010
15459	2.9155e-010
15460	2.9989e-010
15461	3.3914e-010
15462	3.4986e-010
15463	3.6952e-010
15464	4.0905e-010
15465	5.9052e-010
15466	8.8944e-010
15467	8.7812e-010
15468	7.4906e-010
15469	1.4019e-009
15470	1.3051e-009
15471	2.9249e-010
15472	1.6337e-010
15473	1.9061e-010
15474	2.4025e-010
15475	2.647e-010
15476	2.8469e-010
15477	2.9889e-010
15478	3.0744e-010
15479	3.0988e-010
15480	3.1109e-010
15481	3.1051e-010
15482	3.0978e-010
15483	3.1341e-010
15484	3.1325e-010
15485	3.1949e-010
15486	3.2243e-010
15487	3.2916e-010
15488	3.3626e-010
15489	3.4284e-010
15490	3.5244e-010
15491	3.5884e-010
15492	3.6958e-010
15493	3.7611e-010
15494	3.8682e-010
15495	3.9432e-010
15496	4.0422e-010
15497	4.142e-010
15498	4.2194e-010
15499	4.3509e-010
15500	4.4081e-010
15501	4.544e-010
15502	4.6341e-010
15503	4.7227e-010
15504	4.8638e-010
15505	4.9557e-010
15506	5.0599e-010
15507	5.1974e-010
15508	5.3144e-010
15509	5.397e-010
15510	5.5617e-010
15511	5.6776e-010
15512	5.8047e-010
15513	5.9026e-010
15514	6.0594e-010
15515	6.2004e-010
15516	6.3398e-010
15517	6.4802e-010
15518	6.6273e-010
15519	6.7811e-010
15520	6.9221e-010
15521	7.0914e-010
15522	7.2524e-010
15523	7.4139e-010
15524	7.5834e-010
15525	7.7544e-010
15526	7.9463e-010
15527	8.0894e-010
15528	8.302e-010
15529	8.4809e-010
15530	8.6742e-010
15531	8.8874e-010
15532	9.1069e-010
15533	9.2621e-010
15534	9.4213e-010
15535	9.776e-010
15536	9.7983e-010
15537	9.4386e-010
15538	9.2857e-010
15539	9.1682e-010
15540	8.9627e-010
15541	8.7531e-010
15542	8.5692e-010
15543	8.411e-010
15544	8.1517e-010
15545	8.0755e-010
15546	7.8698e-010
15547	7.7039e-010
15548	7.5433e-010
15549	7.393e-010
15550	7.2477e-010
15551	7.0321e-010
15552	6.9475e-010
15553	6.796e-010
15554	6.6546e-010
15555	6.5188e-010
15556	6.4175e-010
15557	6.3754e-010
15558	5.9777e-010
15559	6.1377e-010
15560	5.9154e-010
15561	5.9321e-010
15562	5.5631e-010
15563	5.6491e-010
15564	5.5592e-010
15565	5.1989e-010
15566	5.1155e-010
15567	5.2991e-010
15568	4.8953e-010
15569	4.875e-010
15570	5.038e-010
15571	4.739e-010
15572	4.94e-010
15573	4.4256e-010
15574	4.4577e-010
15575	4.2157e-010
15576	4.068e-010
15577	4.1406e-010
15578	3.9059e-010
15579	4.0087e-010
15580	3.7471e-010
15581	3.7379e-010
15582	3.5704e-010
15583	3.5196e-010
15584	3.3665e-010
15585	3.2415e-010
15586	3.4546e-010
15587	3.3293e-010
15588	3.3929e-010
15589	3.0509e-010
15590	3.12e-010
15591	3.4563e-010
15592	3.6517e-010
15593	3.9966e-010
15594	3.9564e-010
15595	5.6012e-010
15596	8.7643e-010
15597	9.4992e-010
15598	8.2191e-010
15599	1.3485e-009
15600	1.3335e-009
15601	2.9248e-010
15602	1.6341e-010
15603	1.9068e-010
15604	2.4034e-010
15605	2.6479e-010
15606	2.8476e-010
15607	2.9897e-010
15608	3.0755e-010
15609	3.1e-010
15610	3.112e-010
15611	3.1057e-010
15612	3.0981e-010
15613	3.1346e-010
15614	3.1329e-010
15615	3.1954e-010
15616	3.2246e-010
15617	3.2922e-010
15618	3.364e-010
15619	3.43e-010
15620	3.5254e-010
15621	3.5885e-010
15622	3.6951e-010
15623	3.7604e-010
15624	3.8688e-010
15625	3.9442e-010
15626	4.0422e-010
15627	4.1418e-010
15628	4.2197e-010
15629	4.3513e-010
15630	4.4084e-010
15631	4.5443e-010
15632	4.6345e-010
15633	4.723e-010
15634	4.8634e-010
15635	4.9547e-010
15636	5.0589e-010
15637	5.1975e-010
15638	5.3152e-010
15639	5.3971e-010
15640	5.5612e-010
15641	5.676e-010
15642	5.802e-010
15643	5.9e-010
15644	6.0588e-010
15645	6.2001e-010
15646	6.3384e-010
15647	6.4789e-010
15648	6.627e-010
15649	6.7818e-010
15650	6.9234e-010
15651	7.0931e-010
15652	7.254e-010
15653	7.4152e-010
15654	7.5836e-010
15655	7.7546e-010
15656	7.9488e-010
15657	8.0923e-010
15658	8.3065e-010
15659	8.487e-010
15660	8.6801e-010
15661	8.8935e-010
15662	9.1116e-010
15663	9.2676e-010
15664	9.4291e-010
15665	9.7867e-010
15666	9.8086e-010
15667	9.4466e-010
15668	9.2935e-010
15669	9.1749e-010
15670	8.9687e-010
15671	8.7602e-010
15672	8.5773e-010
15673	8.4192e-010
15674	8.1591e-010
15675	8.0822e-010
15676	7.8772e-010
15677	7.7122e-010
15678	7.5525e-010
15679	7.4006e-010
15680	7.2532e-010
15681	7.0371e-010
15682	6.9537e-010
15683	6.8015e-010
15684	6.6609e-010
15685	6.5254e-010
15686	6.4275e-010
15687	6.3773e-010
15688	5.984e-010
15689	6.1391e-010
15690	5.9237e-010
15691	5.9379e-010
15692	5.5656e-010
15693	5.6546e-010
15694	5.5631e-010
15695	5.2029e-010
15696	5.1196e-010
15697	5.3026e-010
15698	4.8985e-010
15699	4.8776e-010
15700	5.0404e-010
15701	4.7413e-010
15702	4.9422e-010
15703	4.4277e-010
15704	4.4597e-010
15705	4.2172e-010
15706	4.0686e-010
15707	4.1411e-010
15708	3.9062e-010
15709	4.0095e-010
15710	3.7479e-010
15711	3.7394e-010
15712	3.5722e-010
15713	3.5214e-010
15714	3.3683e-010
15715	3.2432e-010
15716	3.456e-010
15717	3.331e-010
15718	3.394e-010
15719	3.0529e-010
15720	3.1218e-010
15721	3.4581e-010
15722	3.6551e-010
15723	3.9988e-010
15724	3.9591e-010
15725	5.6045e-010
15726	8.7672e-010
15727	9.4998e-010
15728	8.2194e-010
15729	1.3486e-009
15730	1.3336e-009
15731	3.0197e-010
15732	1.325e-010
15733	1.9634e-010
15734	2.4102e-010
15735	2.5969e-010
15736	2.7769e-010
15737	2.9017e-010
15738	2.9661e-010
15739	2.9758e-010
15740	2.9943e-010
15741	2.9818e-010
15742	2.9657e-010
15743	3.0066e-010
15744	2.9896e-010
15745	3.0647e-010
15746	3.0882e-010
15747	3.1562e-010
15748	3.2234e-010
15749	3.2855e-010
15750	3.3811e-010
15751	3.4341e-010
15752	3.5474e-010
15753	3.5985e-010
15754	3.7131e-010
15755	3.7766e-010
15756	3.8745e-010
15757	3.9765e-010
15758	4.0334e-010
15759	4.1822e-010
15760	4.2099e-010
15761	4.3656e-010
15762	4.4478e-010
15763	4.5162e-010
15764	4.6713e-010
15765	4.7459e-010
15766	4.8396e-010
15767	4.9933e-010
15768	5.0973e-010
15769	5.1588e-010
15770	5.3323e-010
15771	5.4524e-010
15772	5.5566e-010
15773	5.6438e-010
15774	5.7979e-010
15775	5.9453e-010
15776	6.0822e-010
15777	6.2113e-010
15778	6.3509e-010
15779	6.4981e-010
15780	6.633e-010
15781	6.7954e-010
15782	6.9522e-010
15783	7.1077e-010
15784	7.2696e-010
15785	7.4372e-010
15786	7.6159e-010
15787	7.7562e-010
15788	7.9533e-010
15789	8.1343e-010
15790	8.3263e-010
15791	8.5468e-010
15792	8.7425e-010
15793	8.8644e-010
15794	9.0372e-010
15795	9.4058e-010
15796	9.4217e-010
15797	9.0496e-010
15798	8.888e-010
15799	8.8087e-010
15800	8.6341e-010
15801	8.4154e-010
15802	8.2313e-010
15803	8.0559e-010
15804	7.823e-010
15805	7.7441e-010
15806	7.5719e-010
15807	7.4105e-010
15808	7.2581e-010
15809	7.1123e-010
15810	6.9509e-010
15811	6.7552e-010
15812	6.6574e-010
15813	6.5222e-010
15814	6.4022e-010
15815	6.3237e-010
15816	6.2225e-010
15817	6.0719e-010
15818	5.7186e-010
15819	5.8657e-010
15820	5.7978e-010
15821	5.7285e-010
15822	5.2385e-010
15823	5.4599e-010
15824	5.4503e-010
15825	4.9154e-010
15826	4.9046e-010
15827	5.2062e-010
15828	4.5947e-010
15829	4.7353e-010
15830	4.9463e-010
15831	4.4173e-010
15832	4.8838e-010
15833	4.1413e-010
15834	4.3769e-010
15835	4.0773e-010
15836	3.8638e-010
15837	4.0366e-010
15838	3.701e-010
15839	3.9111e-010
15840	3.5669e-010
15841	3.6203e-010
15842	3.4352e-010
15843	3.4058e-010
15844	3.2517e-010
15845	3.1148e-010
15846	3.3656e-010
15847	3.1399e-010
15848	3.2999e-010
15849	2.9214e-010
15850	3.0043e-010
15851	3.3966e-010
15852	3.506e-010
15853	3.6996e-010
15854	4.0961e-010
15855	5.9114e-010
15856	8.8997e-010
15857	8.7829e-010
15858	7.4926e-010
15859	1.4024e-009
15860	1.3054e-009
15861	2.9248e-010
15862	1.6341e-010
15863	1.9068e-010
15864	2.4034e-010
15865	2.6479e-010
15866	2.8476e-010
15867	2.9897e-010
15868	3.0755e-010
15869	3.1e-010
15870	3.112e-010
15871	3.1057e-010
15872	3.0981e-010
15873	3.1346e-010
15874	3.1329e-010
15875	3.1954e-010
15876	3.2246e-010
15877	3.2922e-010
15878	3.364e-010
15879	3.43e-010
15880	3.5254e-010
15881	3.5885e-010
15882	3.6951e-010
15883	3.7604e-010
15884	3.8688e-010
15885	3.9442e-010
15886	4.0422e-010
15887	4.1418e-010
15888	4.2197e-010
15889	4.3513e-010
15890	4.4084e-010
15891	4.5443e-010
15892	4.6345e-010
15893	4.723e-010
15894	4.8634e-010
15895	4.9546e-010
15896	5.0589e-010
15897	5.1975e-010
15898	5.3152e-010
15899	5.3971e-010
15900	5.5612e-010
15901	5.676e-010
15902	5.802e-010
15903	5.9e-010
15904	6.0588e-010
15905	6.2e-010
15906	6.3384e-010
15907	6.4789e-010
15908	6.627e-010
15909	6.7818e-010
15910	6.9234e-010
15911	7.0931e-010
15912	7.254e-010
15913	7.4152e-010
15914	7.5836e-010
15915	7.7546e-010
15916	7.9488e-010
15917	8.0923e-010
15918	8.3065e-010
15919	8.487e-010
15920	8.6801e-010
15921	8.8935e-010
15922	9.1116e-010
15923	9.2676e-010
15924	9.4291e-010
15925	9.7867e-010
15926	9.8086e-010
15927	9.4466e-010
15928	9.2935e-010
15929	9.1749e-010
15930	8.9687e-010
15931	8.7602e-010
15932	8.5773e-010
15933	8.4192e-010
15934	8.1591e-010
15935	8.0822e-010
15936	7.8773e-010
15937	7.7121e-010
15938	7.5532e-010
15939	7.4006e-010
15940	7.2485e-010
15941	7.0528e-010
15942	6.9497e-010
15943	6.8018e-010
15944	6.661e-010
15945	6.5277e-010
15946	6.4252e-010
15947	6.3734e-010
15948	6.0106e-010
15949	6.1361e-010
15950	5.9187e-010
15951	5.9673e-010
15952	5.5492e-010
15953	5.6801e-010
15954	5.561e-010
15955	5.2026e-010
15956	5.1195e-010
15957	5.3026e-010
15958	4.8985e-010
15959	4.8776e-010
15960	5.0404e-010
15961	4.7413e-010
15962	4.9422e-010
15963	4.4277e-010
15964	4.4597e-010
15965	4.2172e-010
15966	4.0686e-010
15967	4.1411e-010
15968	3.9062e-010
15969	4.0095e-010
15970	3.7479e-010
15971	3.7394e-010
15972	3.5722e-010
15973	3.5214e-010
15974	3.3683e-010
15975	3.2432e-010
15976	3.456e-010
15977	3.331e-010
15978	3.394e-010
15979	3.0529e-010
15980	3.1218e-010
15981	3.4581e-010
15982	3.6551e-010
15983	3.9987e-010
15984	3.9591e-010
15985	5.6045e-010
15986	8.7672e-010
15987	9.4998e-010
15988	8.2194e-010
15989	1.3486e-009
15990	1.3336e-009
15991	2.9249e-010
15992	1.6337e-010
15993	1.9061e-010
15994	2.4025e-010
15995	2.647e-010
15996	2.8469e-010
15997	2.9889e-010
15998	3.0744e-010
15999	3.0988e-010
16000	3.1109e-010
16001	3.1051e-010
16002	3.0978e-010
16003	3.1341e-010
16004	3.1325e-010
16005	3.1949e-010
16006	3.2243e-010
16007	3.2916e-010
16008	3.3626e-010
16009	3.4284e-010
16010	3.5244e-010
16011	3.5884e-010
16012	3.6958e-010
16013	3.7611e-010
16014	3.8682e-010
16015	3.9432e-010
16016	4.0422e-010
16017	4.142e-010
16018	4.2194e-010
16019	4.3509e-010
16020	4.4081e-010
16021	4.544e-010
16022	4.6341e-010
16023	4.7227e-010
16024	4.8637e-010
16025	4.9557e-010
16026	5.0599e-010
16027	5.1974e-010
16028	5.3144e-010
16029	5.397e-010
16030	5.5617e-010
16031	5.6776e-010
16032	5.8047e-010
16033	5.9026e-010
16034	6.0594e-010
16035	6.2004e-010
16036	6.3398e-010
16037	6.4802e-010
16038	6.6273e-010
16039	6.7811e-010
16040	6.9221e-010
16041	7.0914e-010
16042	7.2523e-010
16043	7.4139e-010
16044	7.5834e-010
16045	7.7544e-010
16046	7.9463e-010
16047	8.0894e-010
16048	8.302e-010
16049	8.4809e-010
16050	8.6742e-010
16051	8.8874e-010
16052	9.1069e-010
16053	9.2621e-010
16054	9.4213e-010
16055	9.776e-010
16056	9.7983e-010
16057	9.4386e-010
16058	9.2857e-010
16059	9.1682e-010
16060	8.9628e-010
16061	8.7531e-010
16062	8.5692e-010
16063	8.411e-010
16064	8.1517e-010
16065	8.0756e-010
16066	7.8699e-010
16067	7.7039e-010
16068	7.5438e-010
16069	7.3929e-010
16070	7.2443e-010
16071	7.0438e-010
16072	6.9447e-010
16073	6.796e-010
16074	6.655e-010
16075	6.5188e-010
16076	6.4203e-010
16077	6.3715e-010
16078	6.009e-010
16079	6.1347e-010
16080	5.9152e-010
16081	5.9743e-010
16082	5.5486e-010
16083	5.6881e-010
16084	5.5572e-010
16085	5.1979e-010
16086	5.1156e-010
16087	5.2991e-010
16088	4.8953e-010
16089	4.875e-010
16090	5.038e-010
16091	4.739e-010
16092	4.94e-010
16093	4.4256e-010
16094	4.4577e-010
16095	4.2157e-010
16096	4.068e-010
16097	4.1406e-010
16098	3.9059e-010
16099	4.0087e-010
16100	3.7471e-010
16101	3.7379e-010
16102	3.5704e-010
16103	3.5196e-010
16104	3.3665e-010
16105	3.2415e-010
16106	3.4546e-010
16107	3.3293e-010
16108	3.3929e-010
16109	3.0509e-010
16110	3.12e-010
16111	3.4563e-010
16112	3.6517e-010
16113	3.9966e-010
16114	3.9564e-010
16115	5.6012e-010
16116	8.7643e-010
16117	9.4992e-010
16118	8.2191e-010
16119	1.3485e-009
16120	1.3335e-009
16121	3.0193e-010
16122	1.3243e-010
16123	1.9618e-010
16124	2.4085e-010
16125	2.5959e-010
16126	2.7766e-010
16127	2.9015e-010
16128	2.9653e-010
16129	2.975e-010
16130	2.9938e-010
16131	2.9825e-010
16132	2.967e-010
16133	3.0077e-010
16134	2.9906e-010
16135	3.0651e-010
16136	3.088e-010
16137	3.1556e-010
16138	3.2225e-010
16139	3.2849e-010
16140	3.3816e-010
16141	3.4357e-010
16142	3.5496e-010
16143	3.6006e-010
16144	3.7142e-010
16145	3.7773e-010
16146	3.8758e-010
16147	3.978e-010
16148	4.0344e-010
16149	4.1833e-010
16150	4.2114e-010
16151	4.3663e-010
16152	4.448e-010
16153	4.5168e-010
16154	4.6735e-010
16155	4.7496e-010
16156	4.8432e-010
16157	4.9964e-010
16158	5.1003e-010
16159	5.1627e-010
16160	5.3358e-010
16161	5.4577e-010
16162	5.5639e-010
16163	5.6506e-010
16164	5.8038e-010
16165	5.951e-010
16166	6.0878e-010
16167	6.2167e-010
16168	6.3556e-010
16169	6.5003e-010
16170	6.6361e-010
16171	6.7991e-010
16172	6.9555e-010
16173	7.1115e-010
16174	7.2735e-010
16175	7.4411e-010
16176	7.6144e-010
16177	7.7521e-010
16178	7.9499e-010
16179	8.1284e-010
16180	8.3211e-010
16181	8.5401e-010
16182	8.7377e-010
16183	8.8595e-010
16184	9.0274e-010
16185	9.3872e-010
16186	9.4038e-010
16187	9.0374e-010
16188	8.8766e-010
16189	8.7958e-010
16190	8.6209e-010
16191	8.4027e-010
16192	8.216e-010
16193	8.0427e-010
16194	7.8066e-010
16195	7.727e-010
16196	7.5546e-010
16197	7.3915e-010
16198	7.2391e-010
16199	7.0946e-010
16200	6.9344e-010
16201	6.7406e-010
16202	6.6394e-010
16203	6.5093e-010
16204	6.3889e-010
16205	6.3058e-010
16206	6.2069e-010
16207	6.0781e-010
16208	5.6953e-010
16209	5.8721e-010
16210	5.7847e-010
16211	5.7621e-010
16212	5.1997e-010
16213	5.4945e-010
16214	5.4429e-010
16215	4.9076e-010
16216	4.898e-010
16217	5.2002e-010
16218	4.5903e-010
16219	4.7318e-010
16220	4.9435e-010
16221	4.415e-010
16222	4.8824e-010
16223	4.1408e-010
16224	4.3765e-010
16225	4.0775e-010
16226	3.8651e-010
16227	4.0381e-010
16228	3.7031e-010
16229	3.9123e-010
16230	3.568e-010
16231	3.6204e-010
16232	3.4344e-010
16233	3.4046e-010
16234	3.2498e-010
16235	3.1118e-010
16236	3.3617e-010
16237	3.1345e-010
16238	3.2951e-010
16239	2.9155e-010
16240	2.9989e-010
16241	3.3914e-010
16242	3.4986e-010
16243	3.6952e-010
16244	4.0905e-010
16245	5.9052e-010
16246	8.8944e-010
16247	8.7812e-010
16248	7.4906e-010
16249	1.4019e-009
16250	1.3051e-009
16251	2.924e-010
16252	1.6335e-010
16253	1.9054e-010
16254	2.4009e-010
16255	2.6455e-010
16256	2.8456e-010
16257	2.9877e-010
16258	3.0734e-010
16259	3.0977e-010
16260	3.1101e-010
16261	3.1045e-010
16262	3.0971e-010
16263	3.1334e-010
16264	3.1315e-010
16265	3.1942e-010
16266	3.2238e-010
16267	3.2911e-010
16268	3.3618e-010
16269	3.4275e-010
16270	3.5236e-010
16271	3.5876e-010
16272	3.6948e-010
16273	3.7597e-010
16274	3.8665e-010
16275	3.9415e-010
16276	4.0409e-010
16277	4.1407e-010
16278	4.2175e-010
16279	4.3491e-010
16280	4.4068e-010
16281	4.5436e-010
16282	4.6348e-010
16283	4.7241e-010
16284	4.8634e-010
16285	4.9535e-010
16286	5.0583e-010
16287	5.1975e-010
16288	5.3161e-010
16289	5.3989e-010
16290	5.5641e-010
16291	5.6788e-010
16292	5.804e-010
16293	5.9011e-010
16294	6.0605e-010
16295	6.2024e-010
16296	6.3421e-010
16297	6.4835e-010
16298	6.6317e-010
16299	6.7852e-010
16300	6.9255e-010
16301	7.0943e-010
16302	7.2533e-010
16303	7.414e-010
16304	7.5816e-010
16305	7.7538e-010
16306	7.9434e-010
16307	8.0837e-010
16308	8.2977e-010
16309	8.4763e-010
16310	8.6714e-010
16311	8.885e-010
16312	9.1026e-010
16313	9.2556e-010
16314	9.4157e-010
16315	9.7694e-010
16316	9.7924e-010
16317	9.4322e-010
16318	9.2807e-010
16319	9.1614e-010
16320	8.9557e-010
16321	8.7458e-010
16322	8.5628e-010
16323	8.403e-010
16324	8.1427e-010
16325	8.0666e-010
16326	7.8636e-010
16327	7.6972e-010
16328	7.5347e-010
16329	7.3828e-010
16330	7.2377e-010
16331	7.0359e-010
16332	6.9381e-010
16333	6.7869e-010
16334	6.6475e-010
16335	6.5122e-010
16336	6.4119e-010
16337	6.3718e-010
16338	5.9968e-010
16339	6.1351e-010
16340	5.9076e-010
16341	5.9753e-010
16342	5.5356e-010
16343	5.6904e-010
16344	5.5538e-010
16345	5.1954e-010
16346	5.1131e-010
16347	5.2971e-010
16348	4.8939e-010
16349	4.8735e-010
16350	5.0367e-010
16351	4.7381e-010
16352	4.9398e-010
16353	4.4257e-010
16354	4.4582e-010
16355	4.2159e-010
16356	4.0676e-010
16357	4.1404e-010
16358	3.9057e-010
16359	4.0089e-010
16360	3.7463e-010
16361	3.7375e-010
16362	3.5688e-010
16363	3.518e-010
16364	3.3645e-010
16365	3.2392e-010
16366	3.4523e-010
16367	3.3275e-010
16368	3.3908e-010
16369	3.05e-010
16370	3.1187e-010
16371	3.4546e-010
16372	3.6521e-010
16373	3.9951e-010
16374	3.9558e-010
16375	5.6017e-010
16376	8.7647e-010
16377	9.498e-010
16378	8.2182e-010
16379	1.3482e-009
16380	1.3334e-009
16381	2.924e-010
16382	1.6335e-010
16383	1.9054e-010
16384	2.4009e-010
16385	2.6455e-010
16386	2.8456e-010
16387	2.9877e-010
16388	3.0734e-010
16389	3.0977e-010
16390	3.1101e-010
16391	3.1045e-010
16392	3.0971e-010
16393	3.1334e-010
16394	3.1315e-010
16395	3.1942e-010
16396	3.2238e-010
16397	3.2911e-010
16398	3.3618e-010
16399	3.4275e-010
16400	3.5236e-010
16401	3.5876e-010
16402	3.6948e-010
16403	3.7597e-010
16404	3.8665e-010
16405	3.9415e-010
16406	4.0409e-010
16407	4.1407e-010
16408	4.2175e-010
16409	4.3491e-010
16410	4.4068e-010
16411	4.5436e-010
16412	4.6348e-010
16413	4.7241e-010
16414	4.8634e-010
16415	4.9535e-010
16416	5.0583e-010
16417	5.1975e-010
16418	5.3161e-010
16419	5.3989e-010
16420	5.5641e-010
16421	5.6788e-010
16422	5.804e-010
16423	5.9011e-010
16424	6.0605e-010
16425	6.2024e-010
16426	6.3421e-010
16427	6.4835e-010
16428	6.6317e-010
16429	6.7852e-010
16430	6.9255e-010
16431	7.0943e-010
16432	7.2533e-010
16433	7.414e-010
16434	7.5816e-010
16435	7.7538e-010
16436	7.9434e-010
16437	8.0837e-010
16438	8.2977e-010
16439	8.4763e-010
16440	8.6714e-010
16441	8.885e-010
16442	9.1026e-010
16443	9.2556e-010
16444	9.4157e-010
16445	9.7694e-010
16446	9.7924e-010
16447	9.4322e-010
16448	9.2807e-010
16449	9.1614e-010
16450	8.9557e-010
16451	8.7458e-010
16452	8.5628e-010
16453	8.403e-010
16454	8.1427e-010
16455	8.0666e-010
16456	7.8636e-010
16457	7.6972e-010
16458	7.5344e-010
16459	7.3829e-010
16460	7.2403e-010
16461	7.0251e-010
16462	6.9403e-010
16463	6.787e-010
16464	6.6472e-010
16465	6.5124e-010
16466	6.4119e-010
16467	6.3714e-010
16468	6.0008e-010
16469	6.1347e-010
16470	5.9075e-010
16471	5.9759e-010
16472	5.5355e-010
16473	5.6908e-010
16474	5.5537e-010
16475	5.1954e-010
16476	5.1131e-010
16477	5.2971e-010
16478	4.8939e-010
16479	4.8735e-010
16480	5.0367e-010
16481	4.7381e-010
16482	4.9398e-010
16483	4.4257e-010
16484	4.4582e-010
16485	4.2159e-010
16486	4.0676e-010
16487	4.1404e-010
16488	3.9057e-010
16489	4.0089e-010
16490	3.7463e-010
16491	3.7375e-010
16492	3.5688e-010
16493	3.518e-010
16494	3.3645e-010
16495	3.2392e-010
16496	3.4523e-010
16497	3.3275e-010
16498	3.3908e-010
16499	3.05e-010
16500	3.1187e-010
16501	3.4546e-010
16502	3.6521e-010
16503	3.9951e-010
16504	3.9558e-010
16505	5.6017e-010
16506	8.7647e-010
16507	9.498e-010
16508	8.2182e-010
16509	1.3482e-009
16510	1.3334e-009
16511	3.0193e-010
16512	1.3243e-010
16513	1.9618e-010
16514	2.4085e-010
16515	2.5959e-010
16516	2.7766e-010
16517	2.9015e-010
16518	2.9653e-010
16519	2.975e-010
16520	2.9938e-010
16521	2.9825e-010
16522	2.967e-010
16523	3.0077e-010
16524	2.9906e-010
16525	3.0651e-010
16526	3.088e-010
16527	3.1556e-010
16528	3.2225e-010
16529	3.2849e-010
16530	3.3816e-010
16531	3.4357e-010
16532	3.5496e-010
16533	3.6006e-010
16534	3.7142e-010
16535	3.7773e-010
16536	3.8758e-010
16537	3.978e-010
16538	4.0344e-010
16539	4.1833e-010
16540	4.2114e-010
16541	4.3663e-010
16542	4.448e-010
16543	4.5168e-010
16544	4.6735e-010
16545	4.7496e-010
16546	4.8432e-010
16547	4.9965e-010
16548	5.1003e-010
16549	5.1627e-010
16550	5.3358e-010
16551	5.4577e-010
16552	5.5639e-010
16553	5.6506e-010
16554	5.8038e-010
16555	5.9509e-010
16556	6.0878e-010
16557	6.2167e-010
16558	6.3556e-010
16559	6.5003e-010
16560	6.6361e-010
16561	6.7991e-010
16562	6.9555e-010
16563	7.1115e-010
16564	7.2735e-010
16565	7.4411e-010
16566	7.6144e-010
16567	7.7521e-010
16568	7.9499e-010
16569	8.1284e-010
16570	8.3211e-010
16571	8.5401e-010
16572	8.7377e-010
16573	8.8595e-010
16574	9.0274e-010
16575	9.3872e-010
16576	9.4038e-010
16577	9.0374e-010
16578	8.8766e-010
16579	8.7958e-010
16580	8.6209e-010
16581	8.4027e-010
16582	8.216e-010
16583	8.0426e-010
16584	7.8066e-010
16585	7.7269e-010
16586	7.5545e-010
16587	7.3915e-010
16588	7.2385e-010
16589	7.0953e-010
16590	6.934e-010
16591	6.7314e-010
16592	6.6383e-010
16593	6.5098e-010
16594	6.3885e-010
16595	6.3056e-010
16596	6.2077e-010
16597	6.0766e-010
16598	5.6968e-010
16599	5.8705e-010
16600	5.7856e-010
16601	5.7616e-010
16602	5.1997e-010
16603	5.4943e-010
16604	5.4431e-010
16605	4.9076e-010
16606	4.8981e-010
16607	5.2002e-010
16608	4.5903e-010
16609	4.7318e-010
16610	4.9435e-010
16611	4.415e-010
16612	4.8824e-010
16613	4.1408e-010
16614	4.3765e-010
16615	4.0775e-010
16616	3.8651e-010
16617	4.0381e-010
16618	3.7031e-010
16619	3.9123e-010
16620	3.568e-010
16621	3.6204e-010
16622	3.4344e-010
16623	3.4046e-010
16624	3.2498e-010
16625	3.1118e-010
16626	3.3617e-010
16627	3.1345e-010
16628	3.2951e-010
16629	2.9155e-010
16630	2.9989e-010
16631	3.3914e-010
16632	3.4986e-010
16633	3.6952e-010
16634	4.0905e-010
16635	5.9052e-010
16636	8.8944e-010
16637	8.7812e-010
16638	7.4906e-010
16639	1.4019e-009
16640	1.3051e-009
16641	2.9249e-010
16642	1.6337e-010
16643	1.9061e-010
16644	2.4025e-010
16645	2.647e-010
16646	2.8469e-010
16647	2.9889e-010
16648	3.0744e-010
16649	3.0988e-010
16650	3.1109e-010
16651	3.1051e-010
16652	3.0978e-010
16653	3.1341e-010
16654	3.1325e-010
16655	3.1949e-010
16656	3.2243e-010
16657	3.2916e-010
16658	3.3626e-010
16659	3.4284e-010
16660	3.5244e-010
16661	3.5884e-010
16662	3.6958e-010
16663	3.7611e-010
16664	3.8682e-010
16665	3.9432e-010
16666	4.0422e-010
16667	4.142e-010
16668	4.2194e-010
16669	4.3509e-010
16670	4.4081e-010
16671	4.544e-010
16672	4.6341e-010
16673	4.7227e-010
16674	4.8638e-010
16675	4.9557e-010
16676	5.0599e-010
16677	5.1974e-010
16678	5.3144e-010
16679	5.397e-010
16680	5.5617e-010
16681	5.6776e-010
16682	5.8047e-010
16683	5.9026e-010
16684	6.0594e-010
16685	6.2004e-010
16686	6.3398e-010
16687	6.4802e-010
16688	6.6273e-010
16689	6.7811e-010
16690	6.9221e-010
16691	7.0914e-010
16692	7.2523e-010
16693	7.4139e-010
16694	7.5834e-010
16695	7.7544e-010
16696	7.9463e-010
16697	8.0894e-010
16698	8.302e-010
16699	8.4809e-010
16700	8.6742e-010
16701	8.8874e-010
16702	9.1069e-010
16703	9.2621e-010
16704	9.4213e-010
16705	9.776e-010
16706	9.7983e-010
16707	9.4386e-010
16708	9.2857e-010
16709	9.1682e-010
16710	8.9628e-010
16711	8.7531e-010
16712	8.5692e-010
16713	8.411e-010
16714	8.1517e-010
16715	8.0756e-010
16716	7.8698e-010
16717	7.7039e-010
16718	7.5433e-010
16719	7.3932e-010
16720	7.2477e-010
16721	7.0314e-010
16722	6.9475e-010
16723	6.7964e-010
16724	6.6546e-010
16725	6.5196e-010
16726	6.421e-010
16727	6.3498e-010
16728	6.028e-010
16729	6.1133e-010
16730	5.9146e-010
16731	5.9808e-010
16732	5.5401e-010
16733	5.6936e-010
16734	5.5561e-010
16735	5.1981e-010
16736	5.1155e-010
16737	5.2991e-010
16738	4.8953e-010
16739	4.875e-010
16740	5.038e-010
16741	4.739e-010
16742	4.94e-010
16743	4.4256e-010
16744	4.4577e-010
16745	4.2157e-010
16746	4.068e-010
16747	4.1406e-010
16748	3.9059e-010
16749	4.0087e-010
16750	3.7471e-010
16751	3.7379e-010
16752	3.5704e-010
16753	3.5196e-010
16754	3.3665e-010
16755	3.2415e-010
16756	3.4546e-010
16757	3.3293e-010
16758	3.3929e-010
16759	3.0509e-010
16760	3.12e-010
16761	3.4563e-010
16762	3.6517e-010
16763	3.9966e-010
16764	3.9564e-010
16765	5.6012e-010
16766	8.7642e-010
16767	9.4992e-010
16768	8.2191e-010
16769	1.3485e-009
16770	1.3335e-009
16771	2.9248e-010
16772	1.6341e-010
16773	1.9068e-010
16774	2.4034e-010
16775	2.6479e-010
16776	2.8476e-010
16777	2.9897e-010
16778	3.0755e-010
16779	3.1e-010
16780	3.112e-010
16781	3.1057e-010
16782	3.0981e-010
16783	3.1346e-010
16784	3.1329e-010
16785	3.1954e-010
16786	3.2246e-010
16787	3.2922e-010
16788	3.364e-010
16789	3.43e-010
16790	3.5254e-010
16791	3.5885e-010
16792	3.6951e-010
16793	3.7603e-010
16794	3.8688e-010
16795	3.9442e-010
16796	4.0422e-010
16797	4.1418e-010
16798	4.2197e-010
16799	4.3513e-010
16800	4.4084e-010
16801	4.5443e-010
16802	4.6345e-010
16803	4.723e-010
16804	4.8634e-010
16805	4.9547e-010
16806	5.0589e-010
16807	5.1975e-010
16808	5.3152e-010
16809	5.3971e-010
16810	5.5612e-010
16811	5.676e-010
16812	5.802e-010
16813	5.9e-010
16814	6.0588e-010
16815	6.2001e-010
16816	6.3384e-010
16817	6.4789e-010
16818	6.627e-010
16819	6.7818e-010
16820	6.9234e-010
16821	7.0931e-010
16822	7.254e-010
16823	7.4152e-010
16824	7.5836e-010
16825	7.7546e-010
16826	7.9488e-010
16827	8.0923e-010
16828	8.3065e-010
16829	8.487e-010
16830	8.6801e-010
16831	8.8935e-010
16832	9.1116e-010
16833	9.2676e-010
16834	9.4291e-010
16835	9.7867e-010
16836	9.8086e-010
16837	9.4466e-010
16838	9.2935e-010
16839	9.1749e-010
16840	8.9687e-010
16841	8.7602e-010
16842	8.5773e-010
16843	8.4192e-010
16844	8.1591e-010
16845	8.0822e-010
16846	7.8772e-010
16847	7.7121e-010
16848	7.5526e-010
16849	7.4006e-010
16850	7.2533e-010
16851	7.0398e-010
16852	6.9538e-010
16853	6.8018e-010
16854	6.6606e-010
16855	6.5284e-010
16856	6.4255e-010
16857	6.3534e-010
16858	6.0229e-010
16859	6.1157e-010
16860	5.9177e-010
16861	5.9876e-010
16862	5.5458e-010
16863	5.6986e-010
16864	5.56e-010
16865	5.2022e-010
16866	5.1195e-010
16867	5.3026e-010
16868	4.8985e-010
16869	4.8777e-010
16870	5.0404e-010
16871	4.7413e-010
16872	4.9422e-010
16873	4.4277e-010
16874	4.4597e-010
16875	4.2172e-010
16876	4.0686e-010
16877	4.1411e-010
16878	3.9062e-010
16879	4.0095e-010
16880	3.7479e-010
16881	3.7394e-010
16882	3.5722e-010
16883	3.5214e-010
16884	3.3683e-010
16885	3.2432e-010
16886	3.456e-010
16887	3.331e-010
16888	3.394e-010
16889	3.0529e-010
16890	3.1218e-010
16891	3.4581e-010
16892	3.6551e-010
16893	3.9988e-010
16894	3.9591e-010
16895	5.6045e-010
16896	8.7672e-010
16897	9.4998e-010
16898	8.2194e-010
16899	1.3486e-009
16900	1.3336e-009
16901	3.0197e-010
16902	1.325e-010
16903	1.9634e-010
16904	2.4102e-010
16905	2.5969e-010
16906	2.7769e-010
16907	2.9017e-010
16908	2.9661e-010
16909	2.9758e-010
16910	2.9943e-010
16911	2.9818e-010
16912	2.9657e-010
16913	3.0066e-010
16914	2.9896e-010
16915	3.0647e-010
16916	3.0882e-010
16917	3.1562e-010
16918	3.2234e-010
16919	3.2855e-010
16920	3.3811e-010
16921	3.4341e-010
16922	3.5474e-010
16923	3.5985e-010
16924	3.7132e-010
16925	3.7766e-010
16926	3.8745e-010
16927	3.9766e-010
16928	4.0334e-010
16929	4.1822e-010
16930	4.2099e-010
16931	4.3655e-010
16932	4.4478e-010
16933	4.5162e-010
16934	4.6713e-010
16935	4.7459e-010
16936	4.8396e-010
16937	4.9933e-010
16938	5.0973e-010
16939	5.1588e-010
16940	5.3323e-010
16941	5.4524e-010
16942	5.5566e-010
16943	5.6438e-010
16944	5.7979e-010
16945	5.9453e-010
16946	6.0822e-010
16947	6.2113e-010
16948	6.3509e-010
16949	6.4981e-010
16950	6.633e-010
16951	6.7954e-010
16952	6.9522e-010
16953	7.1077e-010
16954	7.2696e-010
16955	7.4372e-010
16956	7.6159e-010
16957	7.7562e-010
16958	7.9533e-010
16959	8.1343e-010
16960	8.3263e-010
16961	8.5468e-010
16962	8.7425e-010
16963	8.8644e-010
16964	9.0371e-010
16965	9.4058e-010
16966	9.4217e-010
16967	9.0496e-010
16968	8.888e-010
16969	8.8087e-010
16970	8.6341e-010
16971	8.4154e-010
16972	8.2312e-010
16973	8.0559e-010
16974	7.8229e-010
16975	7.7441e-010
16976	7.5719e-010
16977	7.4106e-010
16978	7.2577e-010
16979	7.1119e-010
16980	6.954e-010
16981	6.7479e-010
16982	6.6599e-010
16983	6.522e-010
16984	6.402e-010
16985	6.3234e-010
16986	6.2249e-010
16987	6.0701e-010
16988	5.7332e-010
16989	5.8634e-010
16990	5.7992e-010
16991	5.7745e-010
16992	5.2108e-010
16993	5.5032e-010
16994	5.45e-010
16995	4.9141e-010
16996	4.9046e-010
16997	5.2061e-010
16998	4.5947e-010
16999	4.7353e-010
17000	4.9464e-010
17001	4.4173e-010
17002	4.8838e-010
17003	4.1413e-010
17004	4.3769e-010
17005	4.0773e-010
17006	3.8638e-010
17007	4.0367e-010
17008	3.701e-010
17009	3.9111e-010
17010	3.5669e-010
17011	3.6203e-010
17012	3.4352e-010
17013	3.4058e-010
17014	3.2517e-010
17015	3.1148e-010
17016	3.3656e-010
17017	3.1399e-010
17018	3.2999e-010
17019	2.9214e-010
17020	3.0043e-010
17021	3.3966e-010
17022	3.506e-010
17023	3.6996e-010
17024	4.0961e-010
17025	5.9114e-010
17026	8.8997e-010
17027	8.7829e-010
17028	7.4926e-010
17029	1.4024e-009
17030	1.3054e-009
17031	2.9248e-010
17032	1.6341e-010
17033	1.9068e-010
17034	2.4034e-010
17035	2.6479e-010
17036	2.8476e-010
17037	2.9897e-010
17038	3.0755e-010
17039	3.1e-010
17040	3.112e-010
17041	3.1057e-010
17042	3.0981e-010
17043	3.1346e-010
17044	3.1329e-010
17045	3.1954e-010
17046	3.2246e-010
17047	3.2922e-010
17048	3.364e-010
17049	3.43e-010
17050	3.5254e-010
17051	3.5885e-010
17052	3.6951e-010
17053	3.7603e-010
17054	3.8688e-010
17055	3.9442e-010
17056	4.0422e-010
17057	4.1418e-010
17058	4.2197e-010
17059	4.3513e-010
17060	4.4084e-010
17061	4.5443e-010
17062	4.6345e-010
17063	4.723e-010
17064	4.8634e-010
17065	4.9547e-010
17066	5.0589e-010
17067	5.1975e-010
17068	5.3152e-010
17069	5.3971e-010
17070	5.5612e-010
17071	5.676e-010
17072	5.802e-010
17073	5.9e-010
17074	6.0588e-010
17075	6.2e-010
17076	6.3384e-010
17077	6.4789e-010
17078	6.627e-010
17079	6.7818e-010
17080	6.9234e-010
17081	7.0931e-010
17082	7.254e-010
17083	7.4152e-010
17084	7.5836e-010
17085	7.7546e-010
17086	7.9488e-010
17087	8.0923e-010
17088	8.3065e-010
17089	8.487e-010
17090	8.6801e-010
17091	8.8935e-010
17092	9.1116e-010
17093	9.2676e-010
17094	9.4291e-010
17095	9.7867e-010
17096	9.8086e-010
17097	9.4466e-010
17098	9.2935e-010
17099	9.1749e-010
17100	8.9687e-010
17101	8.7602e-010
17102	8.5773e-010
17103	8.4192e-010
17104	8.1591e-010
17105	8.0822e-010
17106	7.8772e-010
17107	7.7121e-010
17108	7.5526e-010
17109	7.4005e-010
17110	7.2534e-010
17111	7.0396e-010
17112	6.9539e-010
17113	6.8016e-010
17114	6.6609e-010
17115	6.5263e-010
17116	6.429e-010
17117	6.3742e-010
17118	6.0208e-010
17119	6.1373e-010
17120	5.9207e-010
17121	5.9858e-010
17122	5.5458e-010
17123	5.6984e-010
17124	5.56e-010
17125	5.2022e-010
17126	5.1195e-010
17127	5.3026e-010
17128	4.8985e-010
17129	4.8777e-010
17130	5.0404e-010
17131	4.7413e-010
17132	4.9422e-010
17133	4.4277e-010
17134	4.4597e-010
17135	4.2172e-010
17136	4.0686e-010
17137	4.1411e-010
17138	3.9062e-010
17139	4.0095e-010
17140	3.7479e-010
17141	3.7394e-010
17142	3.5722e-010
17143	3.5214e-010
17144	3.3683e-010
17145	3.2432e-010
17146	3.456e-010
17147	3.331e-010
17148	3.394e-010
17149	3.0529e-010
17150	3.1218e-010
17151	3.4581e-010
17152	3.6551e-010
17153	3.9988e-010
17154	3.9591e-010
17155	5.6045e-010
17156	8.7672e-010
17157	9.4998e-010
17158	8.2194e-010
17159	1.3486e-009
17160	1.3336e-009
17161	2.9249e-010
17162	1.6337e-010
17163	1.9061e-010
17164	2.4025e-010
17165	2.647e-010
17166	2.8469e-010
17167	2.9889e-010
17168	3.0744e-010
17169	3.0988e-010
17170	3.1109e-010
17171	3.1051e-010
17172	3.0978e-010
17173	3.1341e-010
17174	3.1325e-010
17175	3.1949e-010
17176	3.2243e-010
17177	3.2916e-010
17178	3.3626e-010
17179	3.4284e-010
17180	3.5244e-010
17181	3.5884e-010
17182	3.6958e-010
17183	3.7611e-010
17184	3.8682e-010
17185	3.9432e-010
17186	4.0422e-010
17187	4.142e-010
17188	4.2194e-010
17189	4.351e-010
17190	4.4081e-010
17191	4.544e-010
17192	4.6341e-010
17193	4.7227e-010
17194	4.8637e-010
17195	4.9557e-010
17196	5.0599e-010
17197	5.1974e-010
17198	5.3144e-010
17199	5.397e-010
17200	5.5617e-010
17201	5.6776e-010
17202	5.8047e-010
17203	5.9026e-010
17204	6.0594e-010
17205	6.2004e-010
17206	6.3398e-010
17207	6.4802e-010
17208	6.6273e-010
17209	6.7811e-010
17210	6.9221e-010
17211	7.0914e-010
17212	7.2523e-010
17213	7.4139e-010
17214	7.5834e-010
17215	7.7544e-010
17216	7.9463e-010
17217	8.0894e-010
17218	8.302e-010
17219	8.4809e-010
17220	8.6742e-010
17221	8.8874e-010
17222	9.1069e-010
17223	9.2621e-010
17224	9.4213e-010
17225	9.776e-010
17226	9.7983e-010
17227	9.4386e-010
17228	9.2857e-010
17229	9.1682e-010
17230	8.9628e-010
17231	8.7531e-010
17232	8.5692e-010
17233	8.411e-010
17234	8.1517e-010
17235	8.0756e-010
17236	7.8698e-010
17237	7.7039e-010
17238	7.5433e-010
17239	7.3931e-010
17240	7.2478e-010
17241	7.0329e-010
17242	6.9475e-010
17243	6.7962e-010
17244	6.6546e-010
17245	6.5194e-010
17246	6.4184e-010
17247	6.3747e-010
17248	6.0066e-010
17249	6.1381e-010
17250	5.912e-010
17251	5.9809e-010
17252	5.5375e-010
17253	5.6938e-010
17254	5.5561e-010
17255	5.198e-010
17256	5.1155e-010
17257	5.2991e-010
17258	4.8953e-010
17259	4.875e-010
17260	5.038e-010
17261	4.739e-010
17262	4.94e-010
17263	4.4256e-010
17264	4.4577e-010
17265	4.2157e-010
17266	4.068e-010
17267	4.1406e-010
17268	3.9059e-010
17269	4.0087e-010
17270	3.7471e-010
17271	3.7379e-010
17272	3.5704e-010
17273	3.5196e-010
17274	3.3665e-010
17275	3.2415e-010
17276	3.4546e-010
17277	3.3293e-010
17278	3.3929e-010
17279	3.0509e-010
17280	3.12e-010
17281	3.4563e-010
17282	3.6517e-010
17283	3.9966e-010
17284	3.9564e-010
17285	5.6012e-010
17286	8.7643e-010
17287	9.4992e-010
17288	8.2191e-010
17289	1.3485e-009
17290	1.3335e-009
17291	3.0193e-010
17292	1.3243e-010
17293	1.9618e-010
17294	2.4085e-010
17295	2.5959e-010
17296	2.7766e-010
17297	2.9015e-010
17298	2.9653e-010
17299	2.975e-010
17300	2.9938e-010
17301	2.9825e-010
17302	2.967e-010
17303	3.0077e-010
17304	2.9906e-010
17305	3.0651e-010
17306	3.088e-010
17307	3.1556e-010
17308	3.2225e-010
17309	3.2849e-010
17310	3.3816e-010
17311	3.4357e-010
17312	3.5496e-010
17313	3.6006e-010
17314	3.7142e-010
17315	3.7773e-010
17316	3.8758e-010
17317	3.978e-010
17318	4.0344e-010
17319	4.1833e-010
17320	4.2114e-010
17321	4.3663e-010
17322	4.448e-010
17323	4.5169e-010
17324	4.6735e-010
17325	4.7496e-010
17326	4.8433e-010
17327	4.9965e-010
17328	5.1003e-010
17329	5.1627e-010
17330	5.3358e-010
17331	5.4577e-010
17332	5.5639e-010
17333	5.6507e-010
17334	5.8038e-010
17335	5.9509e-010
17336	6.0879e-010
17337	6.2167e-010
17338	6.3556e-010
17339	6.5003e-010
17340	6.6361e-010
17341	6.7991e-010
17342	6.9555e-010
17343	7.1115e-010
17344	7.2735e-010
17345	7.4411e-010
17346	7.6144e-010
17347	7.7521e-010
17348	7.9499e-010
17349	8.1284e-010
17350	8.3211e-010
17351	8.5401e-010
17352	8.7377e-010
17353	8.8595e-010
17354	9.0274e-010
17355	9.3872e-010
17356	9.4038e-010
17357	9.0374e-010
17358	8.8766e-010
17359	8.7958e-010
17360	8.6209e-010
17361	8.4027e-010
17362	8.216e-010
17363	8.0427e-010
17364	7.8066e-010
17365	7.7269e-010
17366	7.5545e-010
17367	7.3915e-010
17368	7.2387e-010
17369	7.0941e-010
17370	6.9377e-010
17371	6.7286e-010
17372	6.6418e-010
17373	6.5088e-010
17374	6.3887e-010
17375	6.3056e-010
17376	6.2068e-010
17377	6.0773e-010
17378	5.6984e-010
17379	5.871e-010
17380	5.7861e-010
17381	5.7576e-010
17382	5.2045e-010
17383	5.4903e-010
17384	5.4442e-010
17385	4.9073e-010
17386	4.8981e-010
17387	5.2002e-010
17388	4.5903e-010
17389	4.7318e-010
17390	4.9435e-010
17391	4.415e-010
17392	4.8824e-010
17393	4.1408e-010
17394	4.3765e-010
17395	4.0775e-010
17396	3.8651e-010
17397	4.0381e-010
17398	3.7031e-010
17399	3.9123e-010
17400	3.568e-010
17401	3.6204e-010
17402	3.4344e-010
17403	3.4046e-010
17404	3.2498e-010
17405	3.1118e-010
17406	3.3617e-010
17407	3.1345e-010
17408	3.2951e-010
17409	2.9155e-010
17410	2.9989e-010
17411	3.3914e-010
17412	3.4986e-010
17413	3.6952e-010
17414	4.0905e-010
17415	5.9052e-010
17416	8.8944e-010
17417	8.7812e-010
17418	7.4906e-010
17419	1.4019e-009
17420	1.3051e-009
17421	2.924e-010
17422	1.6335e-010
17423	1.9054e-010
17424	2.4009e-010
17425	2.6455e-010
17426	2.8456e-010
17427	2.9877e-010
17428	3.0734e-010
17429	3.0977e-010
17430	3.1101e-010
17431	3.1045e-010
17432	3.0971e-010
17433	3.1334e-010
17434	3.1315e-010
17435	3.1942e-010
17436	3.2238e-010
17437	3.2911e-010
17438	3.3618e-010
17439	3.4275e-010
17440	3.5236e-010
17441	3.5876e-010
17442	3.6948e-010
17443	3.7597e-010
17444	3.8665e-010
17445	3.9415e-010
17446	4.0409e-010
17447	4.1407e-010
17448	4.2175e-010
17449	4.3491e-010
17450	4.4068e-010
17451	4.5436e-010
17452	4.6348e-010
17453	4.7241e-010
17454	4.8634e-010
17455	4.9535e-010
17456	5.0583e-010
17457	5.1975e-010
17458	5.3161e-010
17459	5.3989e-010
17460	5.5641e-010
17461	5.6788e-010
17462	5.804e-010
17463	5.9012e-010
17464	6.0605e-010
17465	6.2024e-010
17466	6.3421e-010
17467	6.4835e-010
17468	6.6317e-010
17469	6.7852e-010
17470	6.9255e-010
17471	7.0943e-010
17472	7.2533e-010
17473	7.414e-010
17474	7.5816e-010
17475	7.7538e-010
17476	7.9434e-010
17477	8.0837e-010
17478	8.2977e-010
17479	8.4763e-010
17480	8.6714e-010
17481	8.885e-010
17482	9.1026e-010
17483	9.2556e-010
17484	9.4157e-010
17485	9.7694e-010
17486	9.7924e-010
17487	9.4322e-010
17488	9.2807e-010
17489	9.1614e-010
17490	8.9557e-010
17491	8.7458e-010
17492	8.5628e-010
17493	8.403e-010
17494	8.1426e-010
17495	8.0666e-010
17496	7.8636e-010
17497	7.6972e-010
17498	7.5343e-010
17499	7.3832e-010
17500	7.2398e-010
17501	7.0263e-010
17502	6.9397e-010
17503	6.7871e-010
17504	6.6474e-010
17505	6.5128e-010
17506	6.4138e-010
17507	6.3454e-010
17508	6.0276e-010
17509	6.109e-010
17510	5.9091e-010
17511	5.9819e-010
17512	5.5482e-010
17513	5.6958e-010
17514	5.5535e-010
17515	5.1954e-010
17516	5.1131e-010
17517	5.2971e-010
17518	4.8939e-010
17519	4.8735e-010
17520	5.0367e-010
17521	4.7381e-010
17522	4.9398e-010
17523	4.4257e-010
17524	4.4582e-010
17525	4.2159e-010
17526	4.0676e-010
17527	4.1404e-010
17528	3.9057e-010
17529	4.0089e-010
17530	3.7463e-010
17531	3.7375e-010
17532	3.5688e-010
17533	3.518e-010
17534	3.3645e-010
17535	3.2392e-010
17536	3.4523e-010
17537	3.3275e-010
17538	3.3908e-010
17539	3.05e-010
17540	3.1187e-010
17541	3.4546e-010
17542	3.6521e-010
17543	3.9951e-010
17544	3.9558e-010
17545	5.6017e-010
17546	8.7647e-010
17547	9.498e-010
17548	8.2182e-010
17549	1.3482e-009
17550	1.3334e-009
17551	2.924e-010
17552	1.6335e-010
17553	1.9054e-010
17554	2.4009e-010
17555	2.6455e-010
17556	2.8456e-010
17557	2.9877e-010
17558	3.0734e-010
17559	3.0977e-010
17560	3.1101e-010
17561	3.1045e-010
17562	3.0971e-010
17563	3.1334e-010
17564	3.1315e-010
17565	3.1942e-010
17566	3.2238e-010
17567	3.2911e-010
17568	3.3618e-010
17569	3.4275e-010
17570	3.5236e-010
17571	3.5876e-010
17572	3.6948e-010
17573	3.7597e-010
17574	3.8665e-010
17575	3.9415e-010
17576	4.0409e-010
17577	4.1407e-010
17578	4.2175e-010
17579	4.3491e-010
17580	4.4068e-010
17581	4.5436e-010
17582	4.6348e-010
17583	4.7241e-010
17584	4.8634e-010
17585	4.9535e-010
17586	5.0583e-010
17587	5.1974e-010
17588	5.3161e-010
17589	5.3989e-010
17590	5.5641e-010
17591	5.6788e-010
17592	5.804e-010
17593	5.9012e-010
17594	6.0605e-010
17595	6.2024e-010
17596	6.3421e-010
17597	6.4835e-010
17598	6.6317e-010
17599	6.7852e-010
17600	6.9255e-010
17601	7.0943e-010
17602	7.2533e-010
17603	7.414e-010
17604	7.5816e-010
17605	7.7538e-010
17606	7.9434e-010
17607	8.0837e-010
17608	8.2977e-010
17609	8.4763e-010
17610	8.6714e-010
17611	8.885e-010
17612	9.1026e-010
17613	9.2556e-010
17614	9.4157e-010
17615	9.7694e-010
17616	9.7924e-010
17617	9.4322e-010
17618	9.2807e-010
17619	9.1614e-010
17620	8.9557e-010
17621	8.7458e-010
17622	8.5628e-010
17623	8.403e-010
17624	8.1426e-010
17625	8.0666e-010
17626	7.8636e-010
17627	7.6972e-010
17628	7.5342e-010
17629	7.3833e-010
17630	7.2397e-010
17631	7.0264e-010
17632	6.9396e-010
17633	6.7872e-010
17634	6.6472e-010
17635	6.5142e-010
17636	6.4107e-010
17637	6.3408e-010
17638	6.0195e-010
17639	6.1048e-010
17640	5.9065e-010
17641	5.9814e-010
17642	5.5761e-010
17643	5.6942e-010
17644	5.5535e-010
17645	5.1963e-010
17646	5.1131e-010
17647	5.2971e-010
17648	4.8938e-010
17649	4.8735e-010
17650	5.0367e-010
17651	4.7381e-010
17652	4.9398e-010
17653	4.4257e-010
17654	4.4582e-010
17655	4.2159e-010
17656	4.0676e-010
17657	4.1404e-010
17658	3.9057e-010
17659	4.0089e-010
17660	3.7463e-010
17661	3.7375e-010
17662	3.5688e-010
17663	3.518e-010
17664	3.3645e-010
17665	3.2392e-010
17666	3.4524e-010
17667	3.3275e-010
17668	3.3908e-010
17669	3.05e-010
17670	3.1187e-010
17671	3.4546e-010
17672	3.652e-010
17673	3.9951e-010
17674	3.9558e-010
17675	5.6017e-010
17676	8.7647e-010
17677	9.498e-010
17678	8.2182e-010
17679	1.3482e-009
17680	1.3334e-009
17681	3.0193e-010
17682	1.3243e-010
17683	1.9618e-010
17684	2.4085e-010
17685	2.5959e-010
17686	2.7766e-010
17687	2.9015e-010
17688	2.9653e-010
17689	2.975e-010
17690	2.9938e-010
17691	2.9825e-010
17692	2.967e-010
17693	3.0077e-010
17694	2.9906e-010
17695	3.0651e-010
17696	3.088e-010
17697	3.1556e-010
17698	3.2225e-010
17699	3.2849e-010
17700	3.3816e-010
17701	3.4357e-010
17702	3.5496e-010
17703	3.6006e-010
17704	3.7142e-010
17705	3.7773e-010
17706	3.8758e-010
17707	3.978e-010
17708	4.0344e-010
17709	4.1833e-010
17710	4.2114e-010
17711	4.3663e-010
17712	4.448e-010
17713	4.5169e-010
17714	4.6736e-010
17715	4.7496e-010
17716	4.8432e-010
17717	4.9964e-010
17718	5.1003e-010
17719	5.1627e-010
17720	5.3358e-010
17721	5.4577e-010
17722	5.5639e-010
17723	5.6506e-010
17724	5.8038e-010
17725	5.951e-010
17726	6.0879e-010
17727	6.2167e-010
17728	6.3556e-010
17729	6.5003e-010
17730	6.6361e-010
17731	6.7991e-010
17732	6.9555e-010
17733	7.1115e-010
17734	7.2735e-010
17735	7.4411e-010
17736	7.6144e-010
17737	7.7521e-010
17738	7.9499e-010
17739	8.1284e-010
17740	8.3211e-010
17741	8.5401e-010
17742	8.7377e-010
17743	8.8595e-010
17744	9.0274e-010
17745	9.3872e-010
17746	9.4038e-010
17747	9.0374e-010
17748	8.8766e-010
17749	8.7958e-010
17750	8.6209e-010
17751	8.4027e-010
17752	8.216e-010
17753	8.0427e-010
17754	7.8066e-010
17755	7.7269e-010
17756	7.5545e-010
17757	7.3915e-010
17758	7.2387e-010
17759	7.0941e-010
17760	6.9377e-010
17761	6.7289e-010
17762	6.6419e-010
17763	6.5088e-010
17764	6.3888e-010
17765	6.3064e-010
17766	6.2072e-010
17767	6.0549e-010
17768	5.7219e-010
17769	5.8486e-010
17770	5.786e-010
17771	5.7665e-010
17772	5.2167e-010
17773	5.498e-010
17774	5.4437e-010
17775	4.9075e-010
17776	4.8981e-010
17777	5.2002e-010
17778	4.5903e-010
17779	4.7318e-010
17780	4.9435e-010
17781	4.415e-010
17782	4.8823e-010
17783	4.1408e-010
17784	4.3764e-010
17785	4.0775e-010
17786	3.8651e-010
17787	4.0381e-010
17788	3.7031e-010
17789	3.9123e-010
17790	3.568e-010
17791	3.6204e-010
17792	3.4344e-010
17793	3.4046e-010
17794	3.2498e-010
17795	3.1118e-010
17796	3.3617e-010
17797	3.1345e-010
17798	3.2951e-010
17799	2.9155e-010
17800	2.9989e-010
17801	3.3914e-010
17802	3.4986e-010
17803	3.6952e-010
17804	4.0905e-010
17805	5.9052e-010
17806	8.8944e-010
17807	8.7812e-010
17808	7.4906e-010
17809	1.4019e-009
17810	1.3051e-009
17811	2.9249e-010
17812	1.6337e-010
17813	1.9061e-010
17814	2.4025e-010
17815	2.647e-010
17816	2.8469e-010
17817	2.9889e-010
17818	3.0744e-010
17819	3.0988e-010
17820	3.1109e-010
17821	3.1051e-010
17822	3.0978e-010
17823	3.1341e-010
17824	3.1325e-010
17825	3.1949e-010
17826	3.2243e-010
17827	3.2916e-010
17828	3.3626e-010
17829	3.4284e-010
17830	3.5244e-010
17831	3.5884e-010
17832	3.6958e-010
17833	3.7611e-010
17834	3.8682e-010
17835	3.9432e-010
17836	4.0422e-010
17837	4.142e-010
17838	4.2194e-010
17839	4.3509e-010
17840	4.4081e-010
17841	4.544e-010
17842	4.6341e-010
17843	4.7227e-010
17844	4.8638e-010
17845	4.9557e-010
17846	5.06e-010
17847	5.1974e-010
17848	5.3143e-010
17849	5.3972e-010
17850	5.5616e-010
17851	5.6776e-010
17852	5.8047e-010
17853	5.9026e-010
17854	6.0594e-010
17855	6.2004e-010
17856	6.3398e-010
17857	6.4802e-010
17858	6.6273e-010
17859	6.7811e-010
17860	6.9221e-010
17861	7.0914e-010
17862	7.2524e-010
17863	7.4139e-010
17864	7.5834e-010
17865	7.7544e-010
17866	7.9463e-010
17867	8.0894e-010
17868	8.302e-010
17869	8.4809e-010
17870	8.6742e-010
17871	8.8874e-010
17872	9.1069e-010
17873	9.2621e-010
17874	9.4213e-010
17875	9.776e-010
17876	9.7983e-010
17877	9.4386e-010
17878	9.2857e-010
17879	9.1682e-010
17880	8.9627e-010
17881	8.7531e-010
17882	8.5692e-010
17883	8.411e-010
17884	8.1517e-010
17885	8.0756e-010
17886	7.8698e-010
17887	7.7039e-010
17888	7.5433e-010
17889	7.3931e-010
17890	7.2476e-010
17891	7.0338e-010
17892	6.9474e-010
17893	6.7962e-010
17894	6.6548e-010
17895	6.5194e-010
17896	6.4238e-010
17897	6.3395e-010
17898	6.0474e-010
17899	6.103e-010
17900	5.9181e-010
17901	5.9769e-010
17902	5.5442e-010
17903	5.69e-010
17904	5.5571e-010
17905	5.1977e-010
17906	5.1156e-010
17907	5.299e-010
17908	4.8953e-010
17909	4.875e-010
17910	5.038e-010
17911	4.739e-010
17912	4.94e-010
17913	4.4256e-010
17914	4.4577e-010
17915	4.2157e-010
17916	4.068e-010
17917	4.1406e-010
17918	3.9059e-010
17919	4.0087e-010
17920	3.7471e-010
17921	3.7379e-010
17922	3.5704e-010
17923	3.5196e-010
17924	3.3665e-010
17925	3.2415e-010
17926	3.4546e-010
17927	3.3293e-010
17928	3.3929e-010
17929	3.0509e-010
17930	3.12e-010
17931	3.4563e-010
17932	3.6517e-010
17933	3.9966e-010
17934	3.9564e-010
17935	5.6012e-010
17936	8.7643e-010
17937	9.4992e-010
17938	8.2191e-010
17939	1.3485e-009
17940	1.3335e-009
17941	2.9248e-010
17942	1.6341e-010
17943	1.9068e-010
17944	2.4034e-010
17945	2.6479e-010
17946	2.8476e-010
17947	2.9897e-010
17948	3.0755e-010
17949	3.1e-010
17950	3.112e-010
17951	3.1057e-010
17952	3.0981e-010
17953	3.1346e-010
17954	3.1329e-010
17955	3.1954e-010
17956	3.2246e-010
17957	3.2922e-010
17958	3.364e-010
17959	3.43e-010
17960	3.5254e-010
17961	3.5885e-010
17962	3.6951e-010
17963	3.7604e-010
17964	3.8688e-010
17965	3.9442e-010
17966	4.0422e-010
17967	4.1418e-010
17968	4.2197e-010
17969	4.3513e-010
17970	4.4084e-010
17971	4.5443e-010
17972	4.6345e-010
17973	4.723e-010
17974	4.8634e-010
17975	4.9547e-010
17976	5.0589e-010
17977	5.1978e-010
17978	5.3143e-010
17979	5.3989e-010
17980	5.5603e-010
17981	5.6763e-010
17982	5.8019e-010
17983	5.9e-010
17984	6.0588e-010
17985	6.2001e-010
17986	6.3384e-010
17987	6.4789e-010
17988	6.627e-010
17989	6.7818e-010
17990	6.9234e-010
17991	7.0931e-010
17992	7.254e-010
17993	7.4152e-010
17994	7.5836e-010
17995	7.7546e-010
17996	7.9488e-010
17997	8.0923e-010
17998	8.3065e-010
17999	8.487e-010
18000	8.6801e-010
18001	8.8935e-010
18002	9.1116e-010
18003	9.2676e-010
18004	9.4291e-010
18005	9.7867e-010
18006	9.8086e-010
18007	9.4466e-010
18008	9.2935e-010
18009	9.1749e-010
18010	8.9687e-010
18011	8.7602e-010
18012	8.5773e-010
18013	8.4192e-010
18014	8.1591e-010
18015	8.0822e-010
18016	7.8772e-010
18017	7.7121e-010
18018	7.5526e-010
18019	7.4005e-010
18020	7.2532e-010
18021	7.04e-010
18022	6.9536e-010
18023	6.8017e-010
18024	6.6607e-010
18025	6.5282e-010
18026	6.4282e-010
18027	6.3444e-010
18028	6.0372e-010
18029	6.1073e-010
18030	5.921e-010
18031	5.9683e-010
18032	5.5487e-010
18033	5.6805e-010
18034	5.5609e-010
18035	5.2026e-010
18036	5.1195e-010
18037	5.3026e-010
18038	4.8985e-010
18039	4.8776e-010
18040	5.0404e-010
18041	4.7413e-010
18042	4.9422e-010
18043	4.4277e-010
18044	4.4597e-010
18045	4.2172e-010
18046	4.0686e-010
18047	4.1411e-010
18048	3.9062e-010
18049	4.0095e-010
18050	3.7479e-010
18051	3.7394e-010
18052	3.5722e-010
18053	3.5214e-010
18054	3.3683e-010
18055	3.2432e-010
18056	3.456e-010
18057	3.331e-010
18058	3.394e-010
18059	3.0529e-010
18060	3.1218e-010
18061	3.4581e-010
18062	3.6551e-010
18063	3.9988e-010
18064	3.9591e-010
18065	5.6045e-010
18066	8.7672e-010
18067	9.4998e-010
18068	8.2194e-010
18069	1.3486e-009
18070	1.3336e-009
18071	3.0197e-010
18072	1.325e-010
18073	1.9634e-010
18074	2.4102e-010
18075	2.5969e-010
18076	2.7769e-010
18077	2.9017e-010
18078	2.9661e-010
18079	2.9758e-010
18080	2.9943e-010
18081	2.9818e-010
18082	2.9657e-010
18083	3.0066e-010
18084	2.9896e-010
18085	3.0647e-010
18086	3.0882e-010
18087	3.1562e-010
18088	3.2234e-010
18089	3.2855e-010
18090	3.3811e-010
18091	3.4341e-010
18092	3.5474e-010
18093	3.5985e-010
18094	3.7131e-010
18095	3.7766e-010
18096	3.8745e-010
18097	3.9765e-010
18098	4.0334e-010
18099	4.1822e-010
18100	4.2099e-010
18101	4.3655e-010
18102	4.4478e-010
18103	4.5162e-010
18104	4.6713e-010
18105	4.7459e-010
18106	4.8397e-010
18107	4.9932e-010
18108	5.0962e-010
18109	5.1613e-010
18110	5.3312e-010
18111	5.4523e-010
18112	5.5567e-010
18113	5.6438e-010
18114	5.7979e-010
18115	5.9453e-010
18116	6.0822e-010
18117	6.2113e-010
18118	6.3509e-010
18119	6.4981e-010
18120	6.633e-010
18121	6.7954e-010
18122	6.9522e-010
18123	7.1077e-010
18124	7.2696e-010
18125	7.4372e-010
18126	7.6159e-010
18127	7.7562e-010
18128	7.9533e-010
18129	8.1343e-010
18130	8.3263e-010
18131	8.5468e-010
18132	8.7425e-010
18133	8.8644e-010
18134	9.0371e-010
18135	9.4058e-010
18136	9.4217e-010
18137	9.0496e-010
18138	8.888e-010
18139	8.8087e-010
18140	8.6341e-010
18141	8.4154e-010
18142	8.2313e-010
18143	8.0559e-010
18144	7.823e-010
18145	7.7441e-010
18146	7.5719e-010
18147	7.4106e-010
18148	7.2577e-010
18149	7.1119e-010
18150	6.9539e-010
18151	6.7476e-010
18152	6.6598e-010
18153	6.522e-010
18154	6.4022e-010
18155	6.3234e-010
18156	6.2262e-010
18157	6.0483e-010
18158	5.7495e-010
18159	5.842e-010
18160	5.8011e-010
18161	5.7281e-010
18162	5.2386e-010
18163	5.4595e-010
18164	5.4506e-010
18165	4.9154e-010
18166	4.9046e-010
18167	5.2061e-010
18168	4.5947e-010
18169	4.7353e-010
18170	4.9463e-010
18171	4.4173e-010
18172	4.8838e-010
18173	4.1413e-010
18174	4.3769e-010
18175	4.0773e-010
18176	3.8638e-010
18177	4.0366e-010
18178	3.701e-010
18179	3.9111e-010
18180	3.5669e-010
18181	3.6203e-010
18182	3.4352e-010
18183	3.4058e-010
18184	3.2517e-010
18185	3.1148e-010
18186	3.3656e-010
18187	3.1399e-010
18188	3.2999e-010
18189	2.9214e-010
18190	3.0043e-010
18191	3.3966e-010
18192	3.506e-010
18193	3.6996e-010
18194	4.0961e-010
18195	5.9114e-010
18196	8.8997e-010
18197	8.7829e-010
18198	7.4926e-010
18199	1.4024e-009
18200	1.3054e-009
18201	2.9248e-010
18202	1.6341e-010
18203	1.9068e-010
18204	2.4034e-010
18205	2.6479e-010
18206	2.8476e-010
18207	2.9897e-010
18208	3.0755e-010
18209	3.1e-010
18210	3.112e-010
18211	3.1057e-010
18212	3.0981e-010
18213	3.1346e-010
18214	3.1329e-010
18215	3.1954e-010
18216	3.2246e-010
18217	3.2922e-010
18218	3.364e-010
18219	3.43e-010
18220	3.5254e-010
18221	3.5885e-010
18222	3.6951e-010
18223	3.7604e-010
18224	3.8688e-010
18225	3.9442e-010
18226	4.0422e-010
18227	4.1418e-010
18228	4.2197e-010
18229	4.3514e-010
18230	4.4084e-010
18231	4.5443e-010
18232	4.6345e-010
18233	4.723e-010
18234	4.8634e-010
18235	4.9546e-010
18236	5.059e-010
18237	5.1978e-010
18238	5.3126e-010
18239	5.4004e-010
18240	5.5584e-010
18241	5.6763e-010
18242	5.8021e-010
18243	5.9e-010
18244	6.0588e-010
18245	6.2e-010
18246	6.3384e-010
18247	6.4789e-010
18248	6.627e-010
18249	6.7818e-010
18250	6.9234e-010
18251	7.0931e-010
18252	7.254e-010
18253	7.4152e-010
18254	7.5836e-010
18255	7.7546e-010
18256	7.9488e-010
18257	8.0923e-010
18258	8.3065e-010
18259	8.487e-010
18260	8.6801e-010
18261	8.8935e-010
18262	9.1116e-010
18263	9.2676e-010
18264	9.4291e-010
18265	9.7867e-010
18266	9.8086e-010
18267	9.4466e-010
18268	9.2935e-010
18269	9.1749e-010
18270	8.9687e-010
18271	8.7602e-010
18272	8.5773e-010
18273	8.4192e-010
18274	8.1591e-010
18275	8.0822e-010
18276	7.8772e-010
18277	7.7122e-010
18278	7.5526e-010
18279	7.4005e-010
18280	7.2532e-010
18281	7.04e-010
18282	6.9536e-010
18283	6.8017e-010
18284	6.6608e-010
18285	6.528e-010
18286	6.4294e-010
18287	6.3402e-010
18288	6.048e-010
18289	6.1036e-010
18290	5.9233e-010
18291	5.9462e-010
18292	5.5566e-010
18293	5.6599e-010
18294	5.5619e-010
18295	5.203e-010
18296	5.1195e-010
18297	5.3026e-010
18298	4.8985e-010
18299	4.8777e-010
18300	5.0404e-010
18301	4.7413e-010
18302	4.9422e-010
18303	4.4277e-010
18304	4.4597e-010
18305	4.2172e-010
18306	4.0686e-010
18307	4.1411e-010
18308	3.9062e-010
18309	4.0095e-010
18310	3.7479e-010
18311	3.7394e-010
18312	3.5722e-010
18313	3.5214e-010
18314	3.3683e-010
18315	3.2432e-010
18316	3.456e-010
18317	3.331e-010
18318	3.394e-010
18319	3.0529e-010
18320	3.1218e-010
18321	3.4581e-010
18322	3.6551e-010
18323	3.9987e-010
18324	3.9591e-010
18325	5.6045e-010
18326	8.7672e-010
18327	9.4998e-010
18328	8.2194e-010
18329	1.3486e-009
18330	1.3336e-009
18331	2.9249e-010
18332	1.6337e-010
18333	1.9061e-010
18334	2.4025e-010
18335	2.647e-010
18336	2.8469e-010
18337	2.9889e-010
18338	3.0744e-010
18339	3.0988e-010
18340	3.1109e-010
18341	3.1051e-010
18342	3.0978e-010
18343	3.1341e-010
18344	3.1325e-010
18345	3.1949e-010
18346	3.2243e-010
18347	3.2916e-010
18348	3.3626e-010
18349	3.4284e-010
18350	3.5244e-010
18351	3.5884e-010
18352	3.6958e-010
18353	3.7611e-010
18354	3.8682e-010
18355	3.9432e-010
18356	4.0422e-010
18357	4.142e-010
18358	4.2194e-010
18359	4.3509e-010
18360	4.4081e-010
18361	4.544e-010
18362	4.6341e-010
18363	4.7227e-010
18364	4.8637e-010
18365	4.9557e-010
18366	5.0599e-010
18367	5.1979e-010
18368	5.3116e-010
18369	5.3996e-010
18370	5.5586e-010
18371	5.6781e-010
18372	5.8047e-010
18373	5.9026e-010
18374	6.0594e-010
18375	6.2004e-010
18376	6.3398e-010
18377	6.4802e-010
18378	6.6273e-010
18379	6.7811e-010
18380	6.9221e-010
18381	7.0914e-010
18382	7.2524e-010
18383	7.4139e-010
18384	7.5834e-010
18385	7.7544e-010
18386	7.9463e-010
18387	8.0894e-010
18388	8.302e-010
18389	8.4809e-010
18390	8.6742e-010
18391	8.8874e-010
18392	9.1069e-010
18393	9.2621e-010
18394	9.4213e-010
18395	9.776e-010
18396	9.7983e-010
18397	9.4386e-010
18398	9.2857e-010
18399	9.1682e-010
18400	8.9628e-010
18401	8.7531e-010
18402	8.5692e-010
18403	8.411e-010
18404	8.1517e-010
18405	8.0756e-010
18406	7.8698e-010
18407	7.7039e-010
18408	7.5433e-010
18409	7.3931e-010
18410	7.2476e-010
18411	7.0338e-010
18412	6.9473e-010
18413	6.7962e-010
18414	6.6547e-010
18415	6.5204e-010
18416	6.4221e-010
18417	6.3306e-010
18418	6.0462e-010
18419	6.0944e-010
18420	5.9179e-010
18421	5.9534e-010
18422	5.5604e-010
18423	5.6673e-010
18424	5.5581e-010
18425	5.1985e-010
18426	5.1155e-010
18427	5.2991e-010
18428	4.8953e-010
18429	4.875e-010
18430	5.038e-010
18431	4.739e-010
18432	4.94e-010
18433	4.4256e-010
18434	4.4577e-010
18435	4.2157e-010
18436	4.068e-010
18437	4.1406e-010
18438	3.9059e-010
18439	4.0087e-010
18440	3.7471e-010
18441	3.7379e-010
18442	3.5704e-010
18443	3.5196e-010
18444	3.3665e-010
18445	3.2415e-010
18446	3.4546e-010
18447	3.3293e-010
18448	3.3929e-010
18449	3.0509e-010
18450	3.12e-010
18451	3.4563e-010
18452	3.6517e-010
18453	3.9966e-010
18454	3.9564e-010
18455	5.6012e-010
18456	8.7643e-010
18457	9.4992e-010
18458	8.2191e-010
18459	1.3485e-009
18460	1.3335e-009
18461	3.0193e-010
18462	1.3243e-010
18463	1.9618e-010
18464	2.4085e-010
18465	2.5959e-010
18466	2.7766e-010
18467	2.9015e-010
18468	2.9653e-010
18469	2.975e-010
18470	2.9938e-010
18471	2.9825e-010
18472	2.967e-010
18473	3.0077e-010
18474	2.9906e-010
18475	3.0651e-010
18476	3.088e-010
18477	3.1556e-010
18478	3.2225e-010
18479	3.2849e-010
18480	3.3816e-010
18481	3.4357e-010
18482	3.5496e-010
18483	3.6006e-010
18484	3.7142e-010
18485	3.7773e-010
18486	3.8758e-010
18487	3.978e-010
18488	4.0345e-010
18489	4.1833e-010
18490	4.2114e-010
18491	4.3663e-010
18492	4.448e-010
18493	4.5168e-010
18494	4.6735e-010
18495	4.7496e-010
18496	4.8433e-010
18497	4.9965e-010
18498	5.0976e-010
18499	5.1667e-010
18500	5.3329e-010
18501	5.4578e-010
18502	5.564e-010
18503	5.6506e-010
18504	5.8038e-010
18505	5.9509e-010
18506	6.0878e-010
18507	6.2167e-010
18508	6.3556e-010
18509	6.5003e-010
18510	6.6361e-010
18511	6.7991e-010
18512	6.9555e-010
18513	7.1115e-010
18514	7.2735e-010
18515	7.4411e-010
18516	7.6144e-010
18517	7.7521e-010
18518	7.9499e-010
18519	8.1284e-010
18520	8.3211e-010
18521	8.5401e-010
18522	8.7377e-010
18523	8.8595e-010
18524	9.0274e-010
18525	9.3872e-010
18526	9.4038e-010
18527	9.0374e-010
18528	8.8766e-010
18529	8.7958e-010
18530	8.6209e-010
18531	8.4027e-010
18532	8.216e-010
18533	8.0427e-010
18534	7.8066e-010
18535	7.7269e-010
18536	7.5545e-010
18537	7.3915e-010
18538	7.2387e-010
18539	7.0941e-010
18540	6.9376e-010
18541	6.7289e-010
18542	6.6418e-010
18543	6.5088e-010
18544	6.3887e-010
18545	6.3074e-010
18546	6.2069e-010
18547	6.0331e-010
18548	5.7428e-010
18549	5.8266e-010
18550	5.785e-010
18551	5.7624e-010
18552	5.2009e-010
18553	5.4935e-010
18554	5.4431e-010
18555	4.9074e-010
18556	4.8981e-010
18557	5.2002e-010
18558	4.5903e-010
18559	4.7318e-010
18560	4.9435e-010
18561	4.415e-010
18562	4.8824e-010
18563	4.1408e-010
18564	4.3765e-010
18565	4.0775e-010
18566	3.8651e-010
18567	4.0381e-010
18568	3.7031e-010
18569	3.9123e-010
18570	3.568e-010
18571	3.6204e-010
18572	3.4344e-010
18573	3.4046e-010
18574	3.2498e-010
18575	3.1118e-010
18576	3.3617e-010
18577	3.1345e-010
18578	3.2951e-010
18579	2.9155e-010
18580	2.9989e-010
18581	3.3914e-010
18582	3.4986e-010
18583	3.6952e-010
18584	4.0905e-010
18585	5.9052e-010
18586	8.8944e-010
18587	8.7812e-010
18588	7.4906e-010
18589	1.4019e-009
18590	1.3051e-009
18591	2.924e-010
18592	1.6335e-010
18593	1.9054e-010
18594	2.4009e-010
18595	2.6455e-010
18596	2.8456e-010
18597	2.9877e-010
18598	3.0734e-010
18599	3.0977e-010
18600	3.1101e-010
18601	3.1045e-010
18602	3.0971e-010
18603	3.1334e-010
18604	3.1315e-010
18605	3.1942e-010
18606	3.2238e-010
18607	3.2911e-010
18608	3.3618e-010
18609	3.4275e-010
18610	3.5236e-010
18611	3.5876e-010
18612	3.6948e-010
18613	3.7597e-010
18614	3.8665e-010
18615	3.9415e-010
18616	4.0409e-010
18617	4.1407e-010
18618	4.2175e-010
18619	4.3491e-010
18620	4.4068e-010
18621	4.5436e-010
18622	4.6348e-010
18623	4.7241e-010
18624	4.8634e-010
18625	4.9535e-010
18626	5.0583e-010
18627	5.1978e-010
18628	5.3134e-010
18629	5.4021e-010
18630	5.5612e-010
18631	5.6792e-010
18632	5.8041e-010
18633	5.9012e-010
18634	6.0605e-010
18635	6.2024e-010
18636	6.3421e-010
18637	6.4835e-010
18638	6.6317e-010
18639	6.7852e-010
18640	6.9255e-010
18641	7.0943e-010
18642	7.2533e-010
18643	7.414e-010
18644	7.5816e-010
18645	7.7538e-010
18646	7.9434e-010
18647	8.0837e-010
18648	8.2977e-010
18649	8.4763e-010
18650	8.6714e-010
18651	8.885e-010
18652	9.1026e-010
18653	9.2556e-010
18654	9.4157e-010
18655	9.7694e-010
18656	9.7924e-010
18657	9.4322e-010
18658	9.2807e-010
18659	9.1614e-010
18660	8.9557e-010
18661	8.7458e-010
18662	8.5628e-010
18663	8.403e-010
18664	8.1426e-010
18665	8.0666e-010
18666	7.8636e-010
18667	7.6972e-010
18668	7.5342e-010
18669	7.3833e-010
18670	7.2397e-010
18671	7.0263e-010
18672	6.9396e-010
18673	6.7871e-010
18674	6.6472e-010
18675	6.5134e-010
18676	6.416e-010
18677	6.325e-010
18678	6.0389e-010
18679	6.0884e-010
18680	5.9125e-010
18681	5.9701e-010
18682	5.5478e-010
18683	5.6846e-010
18684	5.5549e-010
18685	5.1953e-010
18686	5.1132e-010
18687	5.2971e-010
18688	4.8939e-010
18689	4.8735e-010
18690	5.0367e-010
18691	4.7381e-010
18692	4.9398e-010
18693	4.4257e-010
18694	4.4582e-010
18695	4.2159e-010
18696	4.0676e-010
18697	4.1404e-010
18698	3.9057e-010
18699	4.0089e-010
18700	3.7463e-010
18701	3.7375e-010
18702	3.5688e-010
18703	3.518e-010
18704	3.3645e-010
18705	3.2392e-010
18706	3.4523e-010
18707	3.3275e-010
18708	3.3908e-010
18709	3.05e-010
18710	3.1187e-010
18711	3.4546e-010
18712	3.6521e-010
18713	3.9951e-010
18714	3.9558e-010
18715	5.6017e-010
18716	8.7647e-010
18717	9.498e-010
18718	8.2182e-010
18719	1.3482e-009
18720	1.3334e-009
18721	2.9727e-010
18722	2.3498e-010
18723	1.215e-010
18724	1.7438e-010
18725	1.8609e-010
18726	2.062e-010
18727	2.1532e-010
18728	2.1523e-010
18729	2.2833e-010
18730	2.197e-010
18731	2.2127e-010
18732	2.2596e-010
18733	2.1758e-010
18734	2.2974e-010
18735	2.2284e-010
18736	2.3162e-010
18737	2.336e-010
18738	2.3787e-010
18739	2.4566e-010
18740	2.4758e-010
18741	2.5817e-010
18742	2.5933e-010
18743	2.7011e-010
18744	2.7241e-010
18745	2.8158e-010
18746	2.8709e-010
18747	2.9279e-010
18748	3.0306e-010
18749	3.0443e-010
18750	3.1859e-010
18751	3.1987e-010
18752	3.2899e-010
18753	3.3915e-010
18754	3.4246e-010
18755	3.5284e-010
18756	3.6202e-010
18757	3.6719e-010
18758	3.7603e-010
18759	3.8879e-010
18760	3.9337e-010
18761	4.0275e-010
18762	4.1118e-010
18763	4.2287e-010
18764	4.2985e-010
18765	4.4017e-010
18766	4.5027e-010
18767	4.6107e-010
18768	4.7176e-010
18769	4.8197e-010
18770	4.9388e-010
18771	5.0381e-010
18772	5.1534e-010
18773	5.2682e-010
18774	5.3882e-010
18775	5.5105e-010
18776	5.6227e-010
18777	5.7845e-010
18778	5.8902e-010
18779	6.0322e-010
18780	6.1662e-010
18781	6.2889e-010
18782	6.4216e-010
18783	6.6165e-010
18784	6.8096e-010
18785	6.8444e-010
18786	6.842e-010
18787	6.8361e-010
18788	6.6576e-010
18789	6.4502e-010
18790	6.3171e-010
18791	6.212e-010
18792	6.0893e-010
18793	5.9434e-010
18794	5.8894e-010
18795	5.6748e-010
18796	5.583e-010
18797	5.4641e-010
18798	5.3465e-010
18799	5.2286e-010
18800	5.1121e-010
18801	5.0673e-010
18802	4.9116e-010
18803	4.8319e-010
18804	4.7253e-010
18805	4.5917e-010
18806	4.5005e-010
18807	4.4285e-010
18808	4.5444e-010
18809	4.2456e-010
18810	4.1216e-010
18811	4.0227e-010
18812	4.4236e-010
18813	3.8777e-010
18814	3.732e-010
18815	3.9223e-010
18816	3.7178e-010
18817	3.4341e-010
18818	3.8165e-010
18819	3.4479e-010
18820	3.2843e-010
18821	3.9028e-010
18822	3.0275e-010
18823	3.4979e-010
18824	3.0691e-010
18825	3.0636e-010
18826	3.0782e-010
18827	2.7654e-010
18828	3.0683e-010
18829	2.5896e-010
18830	2.9654e-010
18831	2.5017e-010
18832	2.5835e-010
18833	2.4825e-010
18834	2.4075e-010
18835	2.5117e-010
18836	2.1187e-010
18837	2.8231e-010
18838	1.9658e-010
18839	2.5816e-010
18840	2.1358e-010
18841	2.277e-010
18842	3.851e-010
18843	2.6476e-010
18844	4.2354e-010
18845	6.8611e-010
18846	9.0491e-010
18847	8.3512e-010
18848	7.7067e-010
18849	7.4111e-010
18850	2.0268e-009
18851	3.1485e-010
18852	2.7866e-010
18853	1.6327e-010
18854	2.0272e-010
18855	2.1167e-010
18856	2.358e-010
18857	2.4578e-010
18858	2.4381e-010
18859	2.6427e-010
18860	2.5131e-010
18861	2.5541e-010
18862	2.6455e-010
18863	2.5104e-010
18864	2.7218e-010
18865	2.5921e-010
18866	2.7343e-010
18867	2.7475e-010
18868	2.7971e-010
18869	2.9065e-010
18870	2.9016e-010
18871	3.0605e-010
18872	3.0364e-010
18873	3.2013e-010
18874	3.1956e-010
18875	3.3272e-010
18876	3.3813e-010
18877	3.4376e-010
18878	3.5926e-010
18879	3.5537e-010
18880	3.7875e-010
18881	3.7444e-010
18882	3.8687e-010
18883	4.0153e-010
18884	4.0098e-010
18885	4.1599e-010
18886	4.2795e-010
18887	4.3093e-010
18888	4.4137e-010
18889	4.609e-010
18890	4.6133e-010
18891	4.7355e-010
18892	4.8358e-010
18893	5.0067e-010
18894	5.0601e-010
18895	5.1798e-010
18896	5.2965e-010
18897	5.4285e-010
18898	5.554e-010
18899	5.6707e-010
18900	5.8238e-010
18901	5.9291e-010
18902	6.0664e-010
18903	6.2055e-010
18904	6.3465e-010
18905	6.4932e-010
18906	6.6115e-010
18907	6.8362e-010
18908	6.9339e-010
18909	7.1128e-010
18910	7.271e-010
18911	7.3872e-010
18912	7.5372e-010
18913	7.8188e-010
18914	8.1118e-010
18915	7.9952e-010
18916	7.9782e-010
18917	8.1439e-010
18918	7.888e-010
18919	7.5648e-010
18920	7.41e-010
18921	7.3313e-010
18922	7.1875e-010
18923	6.9901e-010
18924	7.0017e-010
18925	6.659e-010
18926	6.5848e-010
18927	6.4422e-010
18928	6.305e-010
18929	6.1636e-010
18930	6.0131e-010
18931	6.0217e-010
18932	5.7817e-010
18933	5.7115e-010
18934	5.5788e-010
18935	5.3802e-010
18936	5.2819e-010
18937	5.1521e-010
18938	5.547e-010
18939	4.9299e-010
18940	4.8083e-010
18941	4.5806e-010
18942	5.4357e-010
18943	4.4503e-010
18944	4.236e-010
18945	4.7665e-010
18946	4.4278e-010
18947	3.8055e-010
18948	4.7108e-010
18949	4.009e-010
18950	3.6171e-010
18951	4.9192e-010
18952	3.2107e-010
18953	4.341e-010
18954	3.4722e-010
18955	3.5865e-010
18956	3.7134e-010
18957	3.1123e-010
18958	3.7731e-010
18959	2.8658e-010
18960	3.6538e-010
18961	2.8124e-010
18962	3.1838e-010
18963	2.8456e-010
18964	2.8199e-010
18965	3.0505e-010
18966	2.3157e-010
18967	3.533e-010
18968	2.0795e-010
18969	3.1763e-010
18970	2.4707e-010
18971	2.3762e-010
18972	4.7185e-010
18973	2.7599e-010
18974	4.5252e-010
18975	7.5471e-010
18976	1.035e-009
18977	8.3302e-010
18978	9.4957e-010
18979	1.0558e-009
18980	1.9769e-009
18981	2.974e-010
18982	2.35e-010
18983	1.2156e-010
18984	1.7445e-010
18985	1.8612e-010
18986	2.0622e-010
18987	2.1532e-010
18988	2.1522e-010
18989	2.2833e-010
18990	2.1965e-010
18991	2.2119e-010
18992	2.2588e-010
18993	2.1753e-010
18994	2.2974e-010
18995	2.228e-010
18996	2.3155e-010
18997	2.3353e-010
18998	2.3784e-010
18999	2.4564e-010
19000	2.4751e-010
19001	2.581e-010
19002	2.593e-010
19003	2.7015e-010
19004	2.7243e-010
19005	2.8159e-010
19006	2.8709e-010
19007	2.9281e-010
19008	3.0312e-010
19009	3.0443e-010
19010	3.1853e-010
19011	3.1973e-010
19012	3.2877e-010
19013	3.3892e-010
19014	3.4234e-010
19015	3.5287e-010
19016	3.62e-010
19017	3.6701e-010
19018	3.7549e-010
19019	3.8864e-010
19020	3.9274e-010
19021	4.0245e-010
19022	4.1106e-010
19023	4.2282e-010
19024	4.2959e-010
19025	4.3983e-010
19026	4.4991e-010
19027	4.6057e-010
19028	4.7109e-010
19029	4.8135e-010
19030	4.9326e-010
19031	5.0338e-010
19032	5.1483e-010
19033	5.2667e-010
19034	5.385e-010
19035	5.5079e-010
19036	5.6215e-010
19037	5.7858e-010
19038	5.8912e-010
19039	6.0323e-010
19040	6.166e-010
19041	6.2873e-010
19042	6.4233e-010
19043	6.6174e-010
19044	6.8114e-010
19045	6.8461e-010
19046	6.8435e-010
19047	6.8378e-010
19048	6.6594e-010
19049	6.4542e-010
19050	6.3217e-010
19051	6.2171e-010
19052	6.095e-010
19053	5.9501e-010
19054	5.8955e-010
19055	5.681e-010
19056	5.5879e-010
19057	5.4694e-010
19058	5.3542e-010
19059	5.2381e-010
19060	5.1216e-010
19061	5.0727e-010
19062	4.9213e-010
19063	4.8403e-010
19064	4.7333e-010
19065	4.5982e-010
19066	4.5091e-010
19067	4.4298e-010
19068	4.5508e-010
19069	4.2476e-010
19070	4.1251e-010
19071	4.0303e-010
19072	4.3922e-010
19073	3.8836e-010
19074	3.7301e-010
19075	3.9245e-010
19076	3.7198e-010
19077	3.4357e-010
19078	3.8174e-010
19079	3.4484e-010
19080	3.2845e-010
19081	3.9029e-010
19082	3.0261e-010
19083	3.4966e-010
19084	3.0673e-010
19085	3.0622e-010
19086	3.0779e-010
19087	2.7639e-010
19088	3.0672e-010
19089	2.5868e-010
19090	2.9637e-010
19091	2.4995e-010
19092	2.5823e-010
19093	2.4817e-010
19094	2.4083e-010
19095	2.5133e-010
19096	2.1216e-010
19097	2.8251e-010
19098	1.9698e-010
19099	2.5839e-010
19100	2.1389e-010
19101	2.2814e-010
19102	3.8513e-010
19103	2.6521e-010
19104	4.2387e-010
19105	6.8633e-010
19106	9.0496e-010
19107	8.3549e-010
19108	7.7074e-010
19109	7.4116e-010
19110	2.0271e-009
19111	2.9742e-010
19112	2.3501e-010
19113	1.2162e-010
19114	1.746e-010
19115	1.8627e-010
19116	2.0634e-010
19117	2.1544e-010
19118	2.1535e-010
19119	2.2846e-010
19120	2.1981e-010
19121	2.2135e-010
19122	2.2602e-010
19123	2.1765e-010
19124	2.2982e-010
19125	2.2289e-010
19126	2.3166e-010
19127	2.3368e-010
19128	2.3802e-010
19129	2.4581e-010
19130	2.4763e-010
19131	2.5814e-010
19132	2.5926e-010
19133	2.701e-010
19134	2.7254e-010
19135	2.8174e-010
19136	2.8712e-010
19137	2.9281e-010
19138	3.0315e-010
19139	3.0447e-010
19140	3.1851e-010
19141	3.1974e-010
19142	3.2884e-010
19143	3.3901e-010
19144	3.4242e-010
19145	3.5287e-010
19146	3.6197e-010
19147	3.671e-010
19148	3.755e-010
19149	3.8914e-010
19150	3.9261e-010
19151	4.0235e-010
19152	4.1084e-010
19153	4.2268e-010
19154	4.2964e-010
19155	4.3984e-010
19156	4.498e-010
19157	4.6048e-010
19158	4.7118e-010
19159	4.8159e-010
19160	4.9361e-010
19161	5.0356e-010
19162	5.1511e-010
19163	5.2696e-010
19164	5.3876e-010
19165	5.5117e-010
19166	5.6252e-010
19167	5.79e-010
19168	5.8975e-010
19169	6.0393e-010
19170	6.1738e-010
19171	6.2966e-010
19172	6.432e-010
19173	6.6247e-010
19174	6.8225e-010
19175	6.8604e-010
19176	6.8566e-010
19177	6.8486e-010
19178	6.6707e-010
19179	6.4641e-010
19180	6.3317e-010
19181	6.2271e-010
19182	6.1029e-010
19183	5.9572e-010
19184	5.901e-010
19185	5.6876e-010
19186	5.5949e-010
19187	5.4772e-010
19188	5.361e-010
19189	5.2412e-010
19190	5.124e-010
19191	5.0757e-010
19192	4.923e-010
19193	4.8429e-010
19194	4.7386e-010
19195	4.6064e-010
19196	4.5216e-010
19197	4.4203e-010
19198	4.6186e-010
19199	4.2415e-010
19200	4.1392e-010
19201	4.0373e-010
19202	4.4e-010
19203	3.8901e-010
19204	3.7379e-010
19205	3.9304e-010
19206	3.7256e-010
19207	3.441e-010
19208	3.8219e-010
19209	3.4531e-010
19210	3.2898e-010
19211	3.9069e-010
19212	3.0319e-010
19213	3.5006e-010
19214	3.0721e-010
19215	3.0657e-010
19216	3.0797e-010
19217	2.7658e-010
19218	3.0685e-010
19219	2.5895e-010
19220	2.9657e-010
19221	2.503e-010
19222	2.5854e-010
19223	2.4853e-010
19224	2.4112e-010
19225	2.5157e-010
19226	2.1229e-010
19227	2.8272e-010
19228	1.9706e-010
19229	2.5868e-010
19230	2.1415e-010
19231	2.2837e-010
19232	3.8562e-010
19233	2.6543e-010
19234	4.2422e-010
19235	6.8671e-010
19236	9.0537e-010
19237	8.3562e-010
19238	7.7086e-010
19239	7.4139e-010
19240	2.0274e-009
19241	3.1493e-010
19242	2.7863e-010
19243	1.6337e-010
19244	2.0288e-010
19245	2.1181e-010
19246	2.359e-010
19247	2.4587e-010
19248	2.4394e-010
19249	2.6443e-010
19250	2.5144e-010
19251	2.5549e-010
19252	2.6459e-010
19253	2.5108e-010
19254	2.7222e-010
19255	2.5927e-010
19256	2.735e-010
19257	2.7487e-010
19258	2.7988e-010
19259	2.908e-010
19260	2.9019e-010
19261	3.0598e-010
19262	3.0354e-010
19263	3.2003e-010
19264	3.1953e-010
19265	3.3271e-010
19266	3.381e-010
19267	3.4376e-010
19268	3.5929e-010
19269	3.5538e-010
19270	3.7869e-010
19271	3.7445e-010
19272	3.8689e-010
19273	4.0148e-010
19274	4.0088e-010
19275	4.1582e-010
19276	4.2776e-010
19277	4.3089e-010
19278	4.4092e-010
19279	4.6171e-010
19280	4.607e-010
19281	4.7332e-010
19282	4.8321e-010
19283	5.0028e-010
19284	5.0568e-010
19285	5.1772e-010
19286	5.2938e-010
19287	5.4253e-010
19288	5.5514e-010
19289	5.6696e-010
19290	5.8235e-010
19291	5.929e-010
19292	6.0663e-010
19293	6.2054e-010
19294	6.3435e-010
19295	6.4924e-010
19296	6.6119e-010
19297	6.8392e-010
19298	6.9383e-010
19299	7.1173e-010
19300	7.2774e-010
19301	7.3934e-010
19302	7.5424e-010
19303	7.824e-010
19304	8.122e-010
19305	8.0094e-010
19306	7.9924e-010
19307	8.1544e-010
19308	7.8991e-010
19309	7.576e-010
19310	7.4202e-010
19311	7.3419e-010
19312	7.1996e-010
19313	7.0033e-010
19314	7.0142e-010
19315	6.6724e-010
19316	6.5984e-010
19317	6.4576e-010
19318	6.322e-010
19319	6.1787e-010
19320	6.0268e-010
19321	6.0361e-010
19322	5.7963e-010
19323	5.7235e-010
19324	5.5908e-010
19325	5.3938e-010
19326	5.3061e-010
19327	5.1276e-010
19328	5.673e-010
19329	4.9079e-010
19330	4.8224e-010
19331	4.5993e-010
19332	5.431e-010
19333	4.4667e-010
19334	4.2351e-010
19335	4.7722e-010
19336	4.4327e-010
19337	3.8085e-010
19338	4.7149e-010
19339	4.0112e-010
19340	3.6184e-010
19341	4.922e-010
19342	3.2106e-010
19343	4.3424e-010
19344	3.4726e-010
19345	3.5868e-010
19346	3.7136e-010
19347	3.1115e-010
19348	3.7727e-010
19349	2.865e-010
19350	3.6535e-010
19351	2.8128e-010
19352	3.1847e-010
19353	2.847e-010
19354	2.8216e-010
19355	3.053e-010
19356	2.3178e-010
19357	3.5371e-010
19358	2.0809e-010
19359	3.1807e-010
19360	2.4734e-010
19361	2.3766e-010
19362	4.7256e-010
19363	2.7593e-010
19364	4.5261e-010
19365	7.5493e-010
19366	1.0355e-009
19367	8.3272e-010
19368	9.4963e-010
19369	1.0564e-009
19370	1.9772e-009
19371	2.9742e-010
19372	2.3501e-010
19373	1.2162e-010
19374	1.746e-010
19375	1.8627e-010
19376	2.0634e-010
19377	2.1544e-010
19378	2.1535e-010
19379	2.2846e-010
19380	2.1981e-010
19381	2.2135e-010
19382	2.2602e-010
19383	2.1765e-010
19384	2.2982e-010
19385	2.2289e-010
19386	2.3166e-010
19387	2.3368e-010
19388	2.3802e-010
19389	2.4581e-010
19390	2.4763e-010
19391	2.5814e-010
19392	2.5926e-010
19393	2.701e-010
19394	2.7254e-010
19395	2.8174e-010
19396	2.8712e-010
19397	2.9281e-010
19398	3.0316e-010
19399	3.0447e-010
19400	3.1851e-010
19401	3.1974e-010
19402	3.2884e-010
19403	3.3901e-010
19404	3.4242e-010
19405	3.5287e-010
19406	3.6197e-010
19407	3.6711e-010
19408	3.755e-010
19409	3.8908e-010
19410	3.9261e-010
19411	4.0236e-010
19412	4.1084e-010
19413	4.2268e-010
19414	4.2964e-010
19415	4.3984e-010
19416	4.498e-010
19417	4.6048e-010
19418	4.7118e-010
19419	4.8159e-010
19420	4.9361e-010
19421	5.0356e-010
19422	5.1511e-010
19423	5.2696e-010
19424	5.3876e-010
19425	5.5117e-010
19426	5.6252e-010
19427	5.79e-010
19428	5.8975e-010
19429	6.0393e-010
19430	6.1738e-010
19431	6.2966e-010
19432	6.432e-010
19433	6.6247e-010
19434	6.8225e-010
19435	6.8604e-010
19436	6.8566e-010
19437	6.8486e-010
19438	6.6707e-010
19439	6.4641e-010
19440	6.3317e-010
19441	6.2271e-010
19442	6.1029e-010
19443	5.9572e-010
19444	5.901e-010
19445	5.6876e-010
19446	5.5949e-010
19447	5.4772e-010
19448	5.3611e-010
19449	5.2413e-010
19450	5.1232e-010
19451	5.0775e-010
19452	4.9223e-010
19453	4.843e-010
19454	4.7388e-010
19455	4.6065e-010
19456	4.5257e-010
19457	4.411e-010
19458	4.6496e-010
19459	4.234e-010
19460	4.1433e-010
19461	4.0371e-010
19462	4.3992e-010
19463	3.89e-010
19464	3.738e-010
19465	3.9303e-010
19466	3.7256e-010
19467	3.441e-010
19468	3.8219e-010
19469	3.4531e-010
19470	3.2898e-010
19471	3.9069e-010
19472	3.0319e-010
19473	3.5006e-010
19474	3.0721e-010
19475	3.0657e-010
19476	3.0797e-010
19477	2.7658e-010
19478	3.0685e-010
19479	2.5895e-010
19480	2.9657e-010
19481	2.503e-010
19482	2.5854e-010
19483	2.4853e-010
19484	2.4112e-010
19485	2.5157e-010
19486	2.1229e-010
19487	2.8272e-010
19488	1.9706e-010
19489	2.5868e-010
19490	2.1415e-010
19491	2.2837e-010
19492	3.8562e-010
19493	2.6543e-010
19494	4.2422e-010
19495	6.8671e-010
19496	9.0537e-010
19497	8.3562e-010
19498	7.7086e-010
19499	7.4139e-010
19500	2.0274e-009
19501	2.974e-010
19502	2.35e-010
19503	1.2156e-010
19504	1.7445e-010
19505	1.8612e-010
19506	2.0622e-010
19507	2.1532e-010
19508	2.1522e-010
19509	2.2833e-010
19510	2.1965e-010
19511	2.2119e-010
19512	2.2588e-010
19513	2.1753e-010
19514	2.2974e-010
19515	2.228e-010
19516	2.3155e-010
19517	2.3353e-010
19518	2.3784e-010
19519	2.4564e-010
19520	2.4751e-010
19521	2.581e-010
19522	2.593e-010
19523	2.7015e-010
19524	2.7243e-010
19525	2.8159e-010
19526	2.8709e-010
19527	2.9281e-010
19528	3.0312e-010
19529	3.0443e-010
19530	3.1853e-010
19531	3.1973e-010
19532	3.2877e-010
19533	3.3892e-010
19534	3.4234e-010
19535	3.5287e-010
19536	3.62e-010
19537	3.6704e-010
19538	3.7535e-010
19539	3.8898e-010
19540	3.9259e-010
19541	4.0248e-010
19542	4.1106e-010
19543	4.2282e-010
19544	4.2959e-010
19545	4.3983e-010
19546	4.4991e-010
19547	4.6057e-010
19548	4.7109e-010
19549	4.8135e-010
19550	4.9326e-010
19551	5.0338e-010
19552	5.1483e-010
19553	5.2667e-010
19554	5.385e-010
19555	5.5079e-010
19556	5.6215e-010
19557	5.7858e-010
19558	5.8912e-010
19559	6.0323e-010
19560	6.166e-010
19561	6.2873e-010
19562	6.4233e-010
19563	6.6174e-010
19564	6.8114e-010
19565	6.8461e-010
19566	6.8435e-010
19567	6.8378e-010
19568	6.6594e-010
19569	6.4542e-010
19570	6.3217e-010
19571	6.2171e-010
19572	6.095e-010
19573	5.9501e-010
19574	5.8955e-010
19575	5.681e-010
19576	5.5879e-010
19577	5.4694e-010
19578	5.3542e-010
19579	5.2382e-010
19580	5.1208e-010
19581	5.0746e-010
19582	4.9206e-010
19583	4.8404e-010
19584	4.7336e-010
19585	4.5992e-010
19586	4.5181e-010
19587	4.4042e-010
19588	4.6416e-010
19589	4.2258e-010
19590	4.1342e-010
19591	4.0285e-010
19592	4.3903e-010
19593	3.8813e-010
19594	3.7306e-010
19595	3.9244e-010
19596	3.7198e-010
19597	3.4357e-010
19598	3.8174e-010
19599	3.4484e-010
19600	3.2845e-010
19601	3.9029e-010
19602	3.0261e-010
19603	3.4966e-010
19604	3.0672e-010
19605	3.0622e-010
19606	3.0779e-010
19607	2.7639e-010
19608	3.0672e-010
19609	2.5868e-010
19610	2.9637e-010
19611	2.4995e-010
19612	2.5823e-010
19613	2.4817e-010
19614	2.4083e-010
19615	2.5133e-010
19616	2.1216e-010
19617	2.8251e-010
19618	1.9698e-010
19619	2.5839e-010
19620	2.1389e-010
19621	2.2814e-010
19622	3.8513e-010
19623	2.6521e-010
19624	4.2387e-010
19625	6.8633e-010
19626	9.0496e-010
19627	8.3549e-010
19628	7.7074e-010
19629	7.4116e-010
19630	2.0271e-009
19631	3.1485e-010
19632	2.7866e-010
19633	1.6327e-010
19634	2.0272e-010
19635	2.1167e-010
19636	2.358e-010
19637	2.4578e-010
19638	2.4381e-010
19639	2.6427e-010
19640	2.5131e-010
19641	2.5541e-010
19642	2.6455e-010
19643	2.5104e-010
19644	2.7218e-010
19645	2.5921e-010
19646	2.7343e-010
19647	2.7475e-010
19648	2.7971e-010
19649	2.9065e-010
19650	2.9016e-010
19651	3.0605e-010
19652	3.0364e-010
19653	3.2013e-010
19654	3.1956e-010
19655	3.3272e-010
19656	3.3813e-010
19657	3.4377e-010
19658	3.5926e-010
19659	3.5537e-010
19660	3.7875e-010
19661	3.7444e-010
19662	3.8687e-010
19663	4.0153e-010
19664	4.0099e-010
19665	4.16e-010
19666	4.2796e-010
19667	4.3101e-010
19668	4.4092e-010
19669	4.6192e-010
19670	4.6086e-010
19671	4.7363e-010
19672	4.836e-010
19673	5.0068e-010
19674	5.0601e-010
19675	5.1798e-010
19676	5.2965e-010
19677	5.4285e-010
19678	5.554e-010
19679	5.6707e-010
19680	5.8238e-010
19681	5.9291e-010
19682	6.0664e-010
19683	6.2055e-010
19684	6.3465e-010
19685	6.4932e-010
19686	6.6115e-010
19687	6.8362e-010
19688	6.9339e-010
19689	7.1128e-010
19690	7.271e-010
19691	7.3872e-010
19692	7.5372e-010
19693	7.8188e-010
19694	8.1118e-010
19695	7.9952e-010
19696	7.9782e-010
19697	8.1439e-010
19698	7.888e-010
19699	7.5648e-010
19700	7.4101e-010
19701	7.3313e-010
19702	7.1875e-010
19703	6.9901e-010
19704	7.0017e-010
19705	6.6589e-010
19706	6.5848e-010
19707	6.4422e-010
19708	6.305e-010
19709	6.1636e-010
19710	6.0133e-010
19711	6.0211e-010
19712	5.7819e-010
19713	5.7114e-010
19714	5.5792e-010
19715	5.3808e-010
19716	5.293e-010
19717	5.1182e-010
19718	5.6709e-010
19719	4.9005e-010
19720	4.8146e-010
19721	4.5938e-010
19722	5.4221e-010
19723	4.4627e-010
19724	4.2319e-010
19725	4.7671e-010
19726	4.4276e-010
19727	3.8055e-010
19728	4.7108e-010
19729	4.009e-010
19730	3.6171e-010
19731	4.9192e-010
19732	3.2107e-010
19733	4.341e-010
19734	3.4722e-010
19735	3.5865e-010
19736	3.7134e-010
19737	3.1123e-010
19738	3.7731e-010
19739	2.8658e-010
19740	3.6538e-010
19741	2.8124e-010
19742	3.1838e-010
19743	2.8456e-010
19744	2.8199e-010
19745	3.0505e-010
19746	2.3157e-010
19747	3.533e-010
19748	2.0795e-010
19749	3.1763e-010
19750	2.4707e-010
19751	2.3762e-010
19752	4.7185e-010
19753	2.7599e-010
19754	4.5252e-010
19755	7.5471e-010
19756	1.035e-009
19757	8.3302e-010
19758	9.4957e-010
19759	1.0558e-009
19760	1.9769e-009
19761	2.9727e-010
19762	2.3498e-010
19763	1.215e-010
19764	1.7438e-010
19765	1.8609e-010
19766	2.062e-010
19767	2.1532e-010
19768	2.1523e-010
19769	2.2833e-010
19770	2.197e-010
19771	2.2127e-010
19772	2.2596e-010
19773	2.1758e-010
19774	2.2974e-010
19775	2.2284e-010
19776	2.3162e-010
19777	2.336e-010
19778	2.3787e-010
19779	2.4566e-010
19780	2.4758e-010
19781	2.5817e-010
19782	2.5933e-010
19783	2.7011e-010
19784	2.7241e-010
19785	2.8158e-010
19786	2.8709e-010
19787	2.9279e-010
19788	3.0306e-010
19789	3.0443e-010
19790	3.186e-010
19791	3.1987e-010
19792	3.2899e-010
19793	3.3915e-010
19794	3.4246e-010
19795	3.5284e-010
19796	3.6202e-010
19797	3.6725e-010
19798	3.7572e-010
19799	3.8935e-010
19800	3.9305e-010
19801	4.0281e-010
19802	4.1118e-010
19803	4.2287e-010
19804	4.2986e-010
19805	4.4017e-010
19806	4.5027e-010
19807	4.6107e-010
19808	4.7176e-010
19809	4.8197e-010
19810	4.9388e-010
19811	5.0381e-010
19812	5.1534e-010
19813	5.2682e-010
19814	5.3882e-010
19815	5.5105e-010
19816	5.6227e-010
19817	5.7845e-010
19818	5.8902e-010
19819	6.0322e-010
19820	6.1662e-010
19821	6.2889e-010
19822	6.4216e-010
19823	6.6165e-010
19824	6.8096e-010
19825	6.8444e-010
19826	6.842e-010
19827	6.8361e-010
19828	6.6576e-010
19829	6.4502e-010
19830	6.3171e-010
19831	6.212e-010
19832	6.0893e-010
19833	5.9434e-010
19834	5.8894e-010
19835	5.6748e-010
19836	5.583e-010
19837	5.464e-010
19838	5.3465e-010
19839	5.2286e-010
19840	5.1122e-010
19841	5.0675e-010
19842	4.9118e-010
19843	4.8317e-010
19844	4.7259e-010
19845	4.5908e-010
19846	4.5109e-010
19847	4.4013e-010
19848	4.6144e-010
19849	4.2218e-010
19850	4.128e-010
19851	4.0225e-010
19852	4.3871e-010
19853	3.8788e-010
19854	3.7285e-010
19855	3.9224e-010
19856	3.7176e-010
19857	3.4341e-010
19858	3.8165e-010
19859	3.4478e-010
19860	3.2843e-010
19861	3.9028e-010
19862	3.0275e-010
19863	3.4979e-010
19864	3.0691e-010
19865	3.0636e-010
19866	3.0783e-010
19867	2.7654e-010
19868	3.0684e-010
19869	2.5896e-010
19870	2.9654e-010
19871	2.5017e-010
19872	2.5835e-010
19873	2.4825e-010
19874	2.4075e-010
19875	2.5117e-010
19876	2.1187e-010
19877	2.8231e-010
19878	1.9658e-010
19879	2.5816e-010
19880	2.1358e-010
19881	2.277e-010
19882	3.851e-010
19883	2.6476e-010
19884	4.2354e-010
19885	6.8611e-010
19886	9.0491e-010
19887	8.3513e-010
19888	7.7067e-010
19889	7.4111e-010
19890	2.0268e-009
19891	2.9727e-010
19892	2.3498e-010
19893	1.215e-010
19894	1.7438e-010
19895	1.8609e-010
19896	2.062e-010
19897	2.1532e-010
19898	2.1523e-010
19899	2.2833e-010
19900	2.197e-010
19901	2.2127e-010
19902	2.2596e-010
19903	2.1758e-010
19904	2.2974e-010
19905	2.2284e-010
19906	2.3162e-010
19907	2.336e-010
19908	2.3787e-010
19909	2.4566e-010
19910	2.4758e-010
19911	2.5817e-010
19912	2.5933e-010
19913	2.7011e-010
19914	2.7241e-010
19915	2.8158e-010
19916	2.8708e-010
19917	2.9279e-010
19918	3.0306e-010
19919	3.0444e-010
19920	3.186e-010
19921	3.1987e-010
19922	3.2899e-010
19923	3.3915e-010
19924	3.4246e-010
19925	3.5284e-010
19926	3.6202e-010
19927	3.6725e-010
19928	3.7572e-010
19929	3.8935e-010
19930	3.9305e-010
19931	4.0281e-010
19932	4.1118e-010
19933	4.2287e-010
19934	4.2986e-010
19935	4.4017e-010
19936	4.5027e-010
19937	4.6107e-010
19938	4.7176e-010
19939	4.8197e-010
19940	4.9388e-010
19941	5.0382e-010
19942	5.1534e-010
19943	5.2682e-010
19944	5.3882e-010
19945	5.5105e-010
19946	5.6227e-010
19947	5.7845e-010
19948	5.8902e-010
19949	6.0322e-010
19950	6.1662e-010
19951	6.2889e-010
19952	6.4216e-010
19953	6.6165e-010
19954	6.8096e-010
19955	6.8444e-010
19956	6.842e-010
19957	6.8361e-010
19958	6.6576e-010
19959	6.4502e-010
19960	6.3171e-010
19961	6.212e-010
19962	6.0893e-010
19963	5.9434e-010
19964	5.8894e-010
19965	5.6748e-010
19966	5.583e-010
19967	5.464e-010
19968	5.3465e-010
19969	5.2286e-010
19970	5.1122e-010
19971	5.0674e-010
19972	4.9118e-010
19973	4.8317e-010
19974	4.726e-010
19975	4.5906e-010
19976	4.5124e-010
19977	4.3964e-010
19978	4.6166e-010
19979	4.2169e-010
19980	4.1293e-010
19981	4.0224e-010
19982	4.3872e-010
19983	3.8788e-010
19984	3.7286e-010
19985	3.9224e-010
19986	3.7176e-010
19987	3.4341e-010
19988	3.8165e-010
19989	3.4479e-010
19990	3.2843e-010
19991	3.9028e-010
19992	3.0275e-010
19993	3.4979e-010
19994	3.0691e-010
19995	3.0636e-010
19996	3.0783e-010
19997	2.7654e-010
19998	3.0684e-010
19999	2.5896e-010
20000	2.9654e-010
20001	2.5017e-010
20002	2.5835e-010
20003	2.4825e-010
20004	2.4075e-010
20005	2.5117e-010
20006	2.1187e-010
20007	2.8231e-010
20008	1.9658e-010
20009	2.5816e-010
20010	2.1358e-010
20011	2.277e-010
20012	3.851e-010
20013	2.6476e-010
20014	4.2354e-010
20015	6.8611e-010
20016	9.0491e-010
20017	8.3513e-010
20018	7.7067e-010
20019	7.4111e-010
20020	2.0268e-009
20021	3.1485e-010
20022	2.7866e-010
20023	1.6327e-010
20024	2.0272e-010
20025	2.1167e-010
20026	2.358e-010
20027	2.4578e-010
20028	2.4381e-010
20029	2.6427e-010
20030	2.5131e-010
20031	2.5541e-010
20032	2.6455e-010
20033	2.5104e-010
20034	2.7218e-010
20035	2.5921e-010
20036	2.7343e-010
20037	2.7475e-010
20038	2.7971e-010
20039	2.9065e-010
20040	2.9016e-010
20041	3.0605e-010
20042	3.0364e-010
20043	3.2013e-010
20044	3.1956e-010
20045	3.3272e-010
20046	3.3813e-010
20047	3.4377e-010
20048	3.5926e-010
20049	3.5537e-010
20050	3.7875e-010
20051	3.7444e-010
20052	3.8687e-010
20053	4.0153e-010
20054	4.0099e-010
20055	4.16e-010
20056	4.2796e-010
20057	4.3101e-010
20058	4.4092e-010
20059	4.6192e-010
20060	4.6086e-010
20061	4.7363e-010
20062	4.836e-010
20063	5.0067e-010
20064	5.0601e-010
20065	5.1798e-010
20066	5.2965e-010
20067	5.4285e-010
20068	5.554e-010
20069	5.6707e-010
20070	5.8238e-010
20071	5.9291e-010
20072	6.0664e-010
20073	6.2055e-010
20074	6.3465e-010
20075	6.4932e-010
20076	6.6115e-010
20077	6.8362e-010
20078	6.9339e-010
20079	7.1128e-010
20080	7.271e-010
20081	7.3872e-010
20082	7.5372e-010
20083	7.8188e-010
20084	8.1118e-010
20085	7.9952e-010
20086	7.9782e-010
20087	8.1439e-010
20088	7.888e-010
20089	7.5648e-010
20090	7.4101e-010
20091	7.3313e-010
20092	7.1875e-010
20093	6.9901e-010
20094	7.0017e-010
20095	6.659e-010
20096	6.5848e-010
20097	6.4422e-010
20098	6.305e-010
20099	6.1637e-010
20100	6.0127e-010
20101	6.0216e-010
20102	5.7814e-010
20103	5.7115e-010
20104	5.5795e-010
20105	5.3797e-010
20106	5.2952e-010
20107	5.1137e-010
20108	5.6699e-010
20109	4.8958e-010
20110	4.8166e-010
20111	4.5928e-010
20112	5.4228e-010
20113	4.4626e-010
20114	4.2318e-010
20115	4.7671e-010
20116	4.4276e-010
20117	3.8055e-010
20118	4.7108e-010
20119	4.009e-010
20120	3.6171e-010
20121	4.9192e-010
20122	3.2107e-010
20123	4.341e-010
20124	3.4722e-010
20125	3.5865e-010
20126	3.7134e-010
20127	3.1123e-010
20128	3.7731e-010
20129	2.8658e-010
20130	3.6538e-010
20131	2.8124e-010
20132	3.1838e-010
20133	2.8456e-010
20134	2.8199e-010
20135	3.0505e-010
20136	2.3157e-010
20137	3.533e-010
20138	2.0795e-010
20139	3.1763e-010
20140	2.4708e-010
20141	2.3762e-010
20142	4.7185e-010
20143	2.7599e-010
20144	4.5252e-010
20145	7.5471e-010
20146	1.035e-009
20147	8.3302e-010
20148	9.4957e-010
20149	1.0558e-009
20150	1.9769e-009
20151	2.974e-010
20152	2.35e-010
20153	1.2156e-010
20154	1.7445e-010
20155	1.8612e-010
20156	2.0622e-010
20157	2.1532e-010
20158	2.1522e-010
20159	2.2833e-010
20160	2.1965e-010
20161	2.2119e-010
20162	2.2588e-010
20163	2.1753e-010
20164	2.2974e-010
20165	2.228e-010
20166	2.3155e-010
20167	2.3353e-010
20168	2.3784e-010
20169	2.4564e-010
20170	2.4751e-010
20171	2.581e-010
20172	2.593e-010
20173	2.7015e-010
20174	2.7243e-010
20175	2.8159e-010
20176	2.8709e-010
20177	2.9281e-010
20178	3.0312e-010
20179	3.0443e-010
20180	3.1853e-010
20181	3.1973e-010
20182	3.2877e-010
20183	3.3892e-010
20184	3.4234e-010
20185	3.5287e-010
20186	3.62e-010
20187	3.6704e-010
20188	3.7535e-010
20189	3.8898e-010
20190	3.9259e-010
20191	4.0248e-010
20192	4.1106e-010
20193	4.2282e-010
20194	4.2959e-010
20195	4.3983e-010
20196	4.4991e-010
20197	4.6057e-010
20198	4.7109e-010
20199	4.8135e-010
20200	4.9326e-010
20201	5.0338e-010
20202	5.1483e-010
20203	5.2667e-010
20204	5.385e-010
20205	5.5079e-010
20206	5.6215e-010
20207	5.7858e-010
20208	5.8912e-010
20209	6.0323e-010
20210	6.166e-010
20211	6.2873e-010
20212	6.4233e-010
20213	6.6174e-010
20214	6.8114e-010
20215	6.8461e-010
20216	6.8435e-010
20217	6.8378e-010
20218	6.6594e-010
20219	6.4542e-010
20220	6.3217e-010
20221	6.2171e-010
20222	6.095e-010
20223	5.9501e-010
20224	5.8955e-010
20225	5.681e-010
20226	5.5879e-010
20227	5.4694e-010
20228	5.3543e-010
20229	5.2382e-010
20230	5.1205e-010
20231	5.0747e-010
20232	4.9204e-010
20233	4.8404e-010
20234	4.7338e-010
20235	4.5986e-010
20236	4.5212e-010
20237	4.3965e-010
20238	4.649e-010
20239	4.218e-010
20240	4.1369e-010
20241	4.0282e-010
20242	4.3914e-010
20243	3.8814e-010
20244	3.7305e-010
20245	3.9244e-010
20246	3.7198e-010
20247	3.4357e-010
20248	3.8174e-010
20249	3.4484e-010
20250	3.2845e-010
20251	3.9029e-010
20252	3.0261e-010
20253	3.4966e-010
20254	3.0672e-010
20255	3.0622e-010
20256	3.0779e-010
20257	2.7639e-010
20258	3.0672e-010
20259	2.5868e-010
20260	2.9637e-010
20261	2.4995e-010
20262	2.5823e-010
20263	2.4817e-010
20264	2.4083e-010
20265	2.5133e-010
20266	2.1216e-010
20267	2.8251e-010
20268	1.9698e-010
20269	2.5839e-010
20270	2.1389e-010
20271	2.2814e-010
20272	3.8513e-010
20273	2.6521e-010
20274	4.2387e-010
20275	6.8633e-010
20276	9.0496e-010
20277	8.3549e-010
20278	7.7074e-010
20279	7.4116e-010
20280	2.0271e-009
20281	2.9742e-010
20282	2.3501e-010
20283	1.2162e-010
20284	1.746e-010
20285	1.8627e-010
20286	2.0634e-010
20287	2.1544e-010
20288	2.1535e-010
20289	2.2846e-010
20290	2.1981e-010
20291	2.2135e-010
20292	2.2602e-010
20293	2.1765e-010
20294	2.2982e-010
20295	2.2289e-010
20296	2.3166e-010
20297	2.3368e-010
20298	2.3802e-010
20299	2.4581e-010
20300	2.4763e-010
20301	2.5814e-010
20302	2.5926e-010
20303	2.701e-010
20304	2.7254e-010
20305	2.8174e-010
20306	2.8712e-010
20307	2.9281e-010
20308	3.0316e-010
20309	3.0447e-010
20310	3.1851e-010
20311	3.1974e-010
20312	3.2884e-010
20313	3.3901e-010
20314	3.4242e-010
20315	3.5287e-010
20316	3.6197e-010
20317	3.6711e-010
20318	3.755e-010
20319	3.8907e-010
20320	3.9261e-010
20321	4.0236e-010
20322	4.1084e-010
20323	4.2269e-010
20324	4.2964e-010
20325	4.3984e-010
20326	4.498e-010
20327	4.6048e-010
20328	4.7118e-010
20329	4.8159e-010
20330	4.9361e-010
20331	5.0356e-010
20332	5.1511e-010
20333	5.2696e-010
20334	5.3876e-010
20335	5.5117e-010
20336	5.6252e-010
20337	5.79e-010
20338	5.8975e-010
20339	6.0393e-010
20340	6.1738e-010
20341	6.2966e-010
20342	6.432e-010
20343	6.6247e-010
20344	6.8225e-010
20345	6.8604e-010
20346	6.8566e-010
20347	6.8486e-010
20348	6.6707e-010
20349	6.4641e-010
20350	6.3317e-010
20351	6.2271e-010
20352	6.1029e-010
20353	5.9572e-010
20354	5.901e-010
20355	5.6876e-010
20356	5.5949e-010
20357	5.4772e-010
20358	5.361e-010
20359	5.2411e-010
20360	5.1237e-010
20361	5.0745e-010
20362	4.9228e-010
20363	4.8428e-010
20364	4.7387e-010
20365	4.6066e-010
20366	4.5269e-010
20367	4.4078e-010
20368	4.6669e-010
20369	4.2305e-010
20370	4.1437e-010
20371	4.0399e-010
20372	4.4009e-010
20373	3.8923e-010
20374	3.7375e-010
20375	3.9304e-010
20376	3.7255e-010
20377	3.441e-010
20378	3.8219e-010
20379	3.4531e-010
20380	3.2898e-010
20381	3.9069e-010
20382	3.0319e-010
20383	3.5006e-010
20384	3.0721e-010
20385	3.0657e-010
20386	3.0797e-010
20387	2.7658e-010
20388	3.0685e-010
20389	2.5895e-010
20390	2.9657e-010
20391	2.503e-010
20392	2.5854e-010
20393	2.4853e-010
20394	2.4112e-010
20395	2.5157e-010
20396	2.1229e-010
20397	2.8272e-010
20398	1.9706e-010
20399	2.5868e-010
20400	2.1415e-010
20401	2.2837e-010
20402	3.8562e-010
20403	2.6543e-010
20404	4.2422e-010
20405	6.8671e-010
20406	9.0537e-010
20407	8.3562e-010
20408	7.7086e-010
20409	7.4139e-010
20410	2.0274e-009
20411	3.1493e-010
20412	2.7863e-010
20413	1.6337e-010
20414	2.0288e-010
20415	2.1181e-010
20416	2.359e-010
20417	2.4587e-010
20418	2.4394e-010
20419	2.6443e-010
20420	2.5144e-010
20421	2.5549e-010
20422	2.6459e-010
20423	2.5108e-010
20424	2.7222e-010
20425	2.5927e-010
20426	2.735e-010
20427	2.7487e-010
20428	2.7988e-010
20429	2.908e-010
20430	2.9019e-010
20431	3.0598e-010
20432	3.0354e-010
20433	3.2003e-010
20434	3.1953e-010
20435	3.3271e-010
20436	3.381e-010
20437	3.4376e-010
20438	3.5929e-010
20439	3.5538e-010
20440	3.7869e-010
20441	3.7445e-010
20442	3.8689e-010
20443	4.0148e-010
20444	4.0088e-010
20445	4.1582e-010
20446	4.2776e-010
20447	4.309e-010
20448	4.4087e-010
20449	4.6181e-010
20450	4.6064e-010
20451	4.7333e-010
20452	4.8321e-010
20453	5.0028e-010
20454	5.0568e-010
20455	5.1772e-010
20456	5.2938e-010
20457	5.4253e-010
20458	5.5514e-010
20459	5.6696e-010
20460	5.8235e-010
20461	5.929e-010
20462	6.0663e-010
20463	6.2054e-010
20464	6.3435e-010
20465	6.4924e-010
20466	6.6119e-010
20467	6.8392e-010
20468	6.9383e-010
20469	7.1173e-010
20470	7.2774e-010
20471	7.3934e-010
20472	7.5424e-010
20473	7.824e-010
20474	8.122e-010
20475	8.0094e-010
20476	7.9924e-010
20477	8.1544e-010
20478	7.8991e-010
20479	7.576e-010
20480	7.4202e-010
20481	7.3419e-010
20482	7.1996e-010
20483	7.0033e-010
20484	7.0142e-010
20485	6.6724e-010
20486	6.5984e-010
20487	6.4575e-010
20488	6.3221e-010
20489	6.1787e-010
20490	6.0271e-010
20491	6.0337e-010
20492	5.7966e-010
20493	5.7233e-010
20494	5.5913e-010
20495	5.392e-010
20496	5.3081e-010
20497	5.1215e-010
20498	5.6336e-010
20499	4.901e-010
20500	4.8287e-010
20501	4.5848e-010
20502	5.4452e-010
20503	4.4542e-010
20504	4.2392e-010
20505	4.7716e-010
20506	4.4329e-010
20507	3.8084e-010
20508	4.715e-010
20509	4.0112e-010
20510	3.6184e-010
20511	4.922e-010
20512	3.2106e-010
20513	4.3424e-010
20514	3.4726e-010
20515	3.5868e-010
20516	3.7136e-010
20517	3.1115e-010
20518	3.7727e-010
20519	2.865e-010
20520	3.6535e-010
20521	2.8128e-010
20522	3.1847e-010
20523	2.847e-010
20524	2.8216e-010
20525	3.053e-010
20526	2.3178e-010
20527	3.5371e-010
20528	2.0809e-010
20529	3.1807e-010
20530	2.4733e-010
20531	2.3766e-010
20532	4.7256e-010
20533	2.7593e-010
20534	4.5261e-010
20535	7.5493e-010
20536	1.0355e-009
20537	8.3272e-010
20538	9.4963e-010
20539	1.0564e-009
20540	1.9773e-009
20541	2.9742e-010
20542	2.3501e-010
20543	1.2162e-010
20544	1.746e-010
20545	1.8627e-010
20546	2.0634e-010
20547	2.1544e-010
20548	2.1535e-010
20549	2.2846e-010
20550	2.1981e-010
20551	2.2135e-010
20552	2.2602e-010
20553	2.1765e-010
20554	2.2982e-010
20555	2.2289e-010
20556	2.3166e-010
20557	2.3368e-010
20558	2.3802e-010
20559	2.4581e-010
20560	2.4763e-010
20561	2.5814e-010
20562	2.5926e-010
20563	2.701e-010
20564	2.7254e-010
20565	2.8174e-010
20566	2.8712e-010
20567	2.9281e-010
20568	3.0315e-010
20569	3.0447e-010
20570	3.1851e-010
20571	3.1974e-010
20572	3.2884e-010
20573	3.3901e-010
20574	3.4242e-010
20575	3.5287e-010
20576	3.6197e-010
20577	3.6711e-010
20578	3.755e-010
20579	3.8907e-010
20580	3.9261e-010
20581	4.0236e-010
20582	4.1084e-010
20583	4.2268e-010
20584	4.2964e-010
20585	4.3984e-010
20586	4.498e-010
20587	4.6048e-010
20588	4.7118e-010
20589	4.8159e-010
20590	4.9361e-010
20591	5.0356e-010
20592	5.1511e-010
20593	5.2696e-010
20594	5.3876e-010
20595	5.5117e-010
20596	5.6252e-010
20597	5.79e-010
20598	5.8975e-010
20599	6.0393e-010
20600	6.1738e-010
20601	6.2966e-010
20602	6.432e-010
20603	6.6247e-010
20604	6.8225e-010
20605	6.8604e-010
20606	6.8566e-010
20607	6.8486e-010
20608	6.6707e-010
20609	6.464e-010
20610	6.3317e-010
20611	6.2271e-010
20612	6.1029e-010
20613	5.9572e-010
20614	5.901e-010
20615	5.6876e-010
20616	5.5949e-010
20617	5.4772e-010
20618	5.3612e-010
20619	5.2397e-010
20620	5.1293e-010
20621	5.0702e-010
20622	4.9282e-010
20623	4.8414e-010
20624	4.7388e-010
20625	4.6057e-010
20626	4.5191e-010
20627	4.4342e-010
20628	4.5863e-010
20629	4.2551e-010
20630	4.1407e-010
20631	4.0358e-010
20632	4.4369e-010
20633	3.889e-010
20634	3.7413e-010
20635	3.9302e-010
20636	3.7256e-010
20637	3.441e-010
20638	3.8219e-010
20639	3.4531e-010
20640	3.2898e-010
20641	3.9069e-010
20642	3.0319e-010
20643	3.5006e-010
20644	3.0721e-010
20645	3.0657e-010
20646	3.0797e-010
20647	2.7658e-010
20648	3.0685e-010
20649	2.5895e-010
20650	2.9657e-010
20651	2.503e-010
20652	2.5854e-010
20653	2.4853e-010
20654	2.4112e-010
20655	2.5157e-010
20656	2.1229e-010
20657	2.8272e-010
20658	1.9706e-010
20659	2.5868e-010
20660	2.1415e-010
20661	2.2837e-010
20662	3.8562e-010
20663	2.6543e-010
20664	4.2422e-010
20665	6.8671e-010
20666	9.0537e-010
20667	8.3562e-010
20668	7.7086e-010
20669	7.4139e-010
20670	2.0274e-009
20671	2.974e-010
20672	2.35e-010
20673	1.2156e-010
20674	1.7445e-010
20675	1.8612e-010
20676	2.0622e-010
20677	2.1532e-010
20678	2.1522e-010
20679	2.2833e-010
20680	2.1965e-010
20681	2.2119e-010
20682	2.2588e-010
20683	2.1753e-010
20684	2.2974e-010
20685	2.228e-010
20686	2.3155e-010
20687	2.3353e-010
20688	2.3784e-010
20689	2.4564e-010
20690	2.4751e-010
20691	2.581e-010
20692	2.593e-010
20693	2.7015e-010
20694	2.7243e-010
20695	2.8159e-010
20696	2.8709e-010
20697	2.9281e-010
20698	3.0312e-010
20699	3.0443e-010
20700	3.1853e-010
20701	3.1973e-010
20702	3.2877e-010
20703	3.3892e-010
20704	3.4234e-010
20705	3.5287e-010
20706	3.62e-010
20707	3.6704e-010
20708	3.7535e-010
20709	3.8899e-010
20710	3.9259e-010
20711	4.0248e-010
20712	4.1106e-010
20713	4.2282e-010
20714	4.2959e-010
20715	4.3983e-010
20716	4.4991e-010
20717	4.6057e-010
20718	4.7109e-010
20719	4.8135e-010
20720	4.9326e-010
20721	5.0338e-010
20722	5.1483e-010
20723	5.2667e-010
20724	5.385e-010
20725	5.5079e-010
20726	5.6215e-010
20727	5.7858e-010
20728	5.8912e-010
20729	6.0323e-010
20730	6.166e-010
20731	6.2873e-010
20732	6.4233e-010
20733	6.6174e-010
20734	6.8114e-010
20735	6.8461e-010
20736	6.8435e-010
20737	6.8378e-010
20738	6.6594e-010
20739	6.4542e-010
20740	6.3217e-010
20741	6.2171e-010
20742	6.095e-010
20743	5.9501e-010
20744	5.8955e-010
20745	5.681e-010
20746	5.5879e-010
20747	5.4693e-010
20748	5.3544e-010
20749	5.2367e-010
20750	5.1266e-010
20751	5.0662e-010
20752	4.9261e-010
20753	4.839e-010
20754	4.7335e-010
20755	4.5999e-010
20756	4.5159e-010
20757	4.4094e-010
20758	4.6447e-010
20759	4.231e-010
20760	4.14e-010
20761	4.0174e-010
20762	4.4846e-010
20763	3.8695e-010
20764	3.738e-010
20765	3.9247e-010
20766	3.72e-010
20767	3.4357e-010
20768	3.8174e-010
20769	3.4484e-010
20770	3.2845e-010
20771	3.9029e-010
20772	3.0261e-010
20773	3.4966e-010
20774	3.0672e-010
20775	3.0622e-010
20776	3.0779e-010
20777	2.7639e-010
20778	3.0672e-010
20779	2.5868e-010
20780	2.9637e-010
20781	2.4995e-010
20782	2.5823e-010
20783	2.4817e-010
20784	2.4083e-010
20785	2.5133e-010
20786	2.1216e-010
20787	2.8251e-010
20788	1.9698e-010
20789	2.5839e-010
20790	2.1389e-010
20791	2.2814e-010
20792	3.8513e-010
20793	2.6521e-010
20794	4.2387e-010
20795	6.8633e-010
20796	9.0496e-010
20797	8.3549e-010
20798	7.7074e-010
20799	7.4116e-010
20800	2.0271e-009
20801	3.1485e-010
20802	2.7866e-010
20803	1.6327e-010
20804	2.0272e-010
20805	2.1167e-010
20806	2.358e-010
20807	2.4578e-010
20808	2.4381e-010
20809	2.6427e-010
20810	2.5131e-010
20811	2.5541e-010
20812	2.6455e-010
20813	2.5104e-010
20814	2.7218e-010
20815	2.5921e-010
20816	2.7343e-010
20817	2.7475e-010
20818	2.7971e-010
20819	2.9065e-010
20820	2.9016e-010
20821	3.0605e-010
20822	3.0364e-010
20823	3.2013e-010
20824	3.1956e-010
20825	3.3272e-010
20826	3.3813e-010
20827	3.4377e-010
20828	3.5926e-010
20829	3.5537e-010
20830	3.7875e-010
20831	3.7444e-010
20832	3.8687e-010
20833	4.0153e-010
20834	4.0099e-010
20835	4.16e-010
20836	4.2796e-010
20837	4.3101e-010
20838	4.4092e-010
20839	4.6192e-010
20840	4.6086e-010
20841	4.7363e-010
20842	4.836e-010
20843	5.0067e-010
20844	5.0601e-010
20845	5.1798e-010
20846	5.2965e-010
20847	5.4285e-010
20848	5.554e-010
20849	5.6707e-010
20850	5.8238e-010
20851	5.9291e-010
20852	6.0664e-010
20853	6.2055e-010
20854	6.3465e-010
20855	6.4932e-010
20856	6.6115e-010
20857	6.8362e-010
20858	6.9339e-010
20859	7.1128e-010
20860	7.271e-010
20861	7.3872e-010
20862	7.5372e-010
20863	7.8188e-010
20864	8.1118e-010
20865	7.9952e-010
20866	7.9782e-010
20867	8.1439e-010
20868	7.888e-010
20869	7.5648e-010
20870	7.41e-010
20871	7.3313e-010
20872	7.1875e-010
20873	6.9901e-010
20874	7.0017e-010
20875	6.659e-010
20876	6.5848e-010
20877	6.442e-010
20878	6.3053e-010
20879	6.1635e-010
20880	6.0138e-010
20881	6.0194e-010
20882	5.7826e-010
20883	5.7111e-010
20884	5.5798e-010
20885	5.3798e-010
20886	5.2973e-010
20887	5.1013e-010
20888	5.6688e-010
20889	4.8843e-010
20890	4.8339e-010
20891	4.5561e-010
20892	5.552e-010
20893	4.4269e-010
20894	4.246e-010
20895	4.7664e-010
20896	4.4281e-010
20897	3.8055e-010
20898	4.7108e-010
20899	4.009e-010
20900	3.6171e-010
20901	4.9192e-010
20902	3.2107e-010
20903	4.341e-010
20904	3.4722e-010
20905	3.5865e-010
20906	3.7134e-010
20907	3.1123e-010
20908	3.7731e-010
20909	2.8658e-010
20910	3.6538e-010
20911	2.8124e-010
20912	3.1838e-010
20913	2.8456e-010
20914	2.8199e-010
20915	3.0505e-010
20916	2.3157e-010
20917	3.533e-010
20918	2.0795e-010
20919	3.1763e-010
20920	2.4707e-010
20921	2.3762e-010
20922	4.7185e-010
20923	2.7599e-010
20924	4.5252e-010
20925	7.5471e-010
20926	1.035e-009
20927	8.3302e-010
20928	9.4957e-010
20929	1.0558e-009
20930	1.9769e-009
20931	2.9727e-010
20932	2.3498e-010
20933	1.215e-010
20934	1.7438e-010
20935	1.8609e-010
20936	2.062e-010
20937	2.1532e-010
20938	2.1523e-010
20939	2.2833e-010
20940	2.197e-010
20941	2.2127e-010
20942	2.2596e-010
20943	2.1758e-010
20944	2.2974e-010
20945	2.2284e-010
20946	2.3162e-010
20947	2.336e-010
20948	2.3787e-010
20949	2.4566e-010
20950	2.4758e-010
20951	2.5816e-010
20952	2.5933e-010
20953	2.7011e-010
20954	2.7241e-010
20955	2.8158e-010
20956	2.8709e-010
20957	2.9279e-010
20958	3.0306e-010
20959	3.0443e-010
20960	3.186e-010
20961	3.1987e-010
20962	3.2899e-010
20963	3.3915e-010
20964	3.4246e-010
20965	3.5284e-010
20966	3.6202e-010
20967	3.6725e-010
20968	3.7572e-010
20969	3.8935e-010
20970	3.9305e-010
20971	4.0281e-010
20972	4.1118e-010
20973	4.2287e-010
20974	4.2985e-010
20975	4.4017e-010
20976	4.5027e-010
20977	4.6107e-010
20978	4.7176e-010
20979	4.8197e-010
20980	4.9388e-010
20981	5.0381e-010
20982	5.1534e-010
20983	5.2682e-010
20984	5.3882e-010
20985	5.5105e-010
20986	5.6227e-010
20987	5.7845e-010
20988	5.8902e-010
20989	6.0322e-010
20990	6.1662e-010
20991	6.2889e-010
20992	6.4216e-010
20993	6.6165e-010
20994	6.8096e-010
20995	6.8444e-010
20996	6.842e-010
20997	6.8361e-010
20998	6.6576e-010
20999	6.4502e-010
21000	6.3171e-010
21001	6.212e-010
21002	6.0893e-010
21003	5.9434e-010
21004	5.8894e-010
21005	5.6748e-010
21006	5.583e-010
21007	5.464e-010
21008	5.3467e-010
21009	5.2272e-010
21010	5.1173e-010
21011	5.0618e-010
21012	4.9167e-010
21013	4.8304e-010
21014	4.7259e-010
21015	4.5919e-010
21016	4.511e-010
21017	4.4008e-010
21018	4.6401e-010
21019	4.2224e-010
21020	4.1384e-010
21021	4.0104e-010
21022	4.4856e-010
21023	3.8657e-010
21024	3.738e-010
21025	3.9221e-010
21026	3.718e-010
21027	3.4341e-010
21028	3.8165e-010
21029	3.4479e-010
21030	3.2843e-010
21031	3.9028e-010
21032	3.0275e-010
21033	3.4979e-010
21034	3.0691e-010
21035	3.0636e-010
21036	3.0783e-010
21037	2.7654e-010
21038	3.0684e-010
21039	2.5896e-010
21040	2.9654e-010
21041	2.5017e-010
21042	2.5835e-010
21043	2.4825e-010
21044	2.4075e-010
21045	2.5117e-010
21046	2.1187e-010
21047	2.8231e-010
21048	1.9658e-010
21049	2.5816e-010
21050	2.1358e-010
21051	2.277e-010
21052	3.851e-010
21053	2.6476e-010
21054	4.2354e-010
21055	6.8611e-010
21056	9.0491e-010
21057	8.3512e-010
21058	7.7067e-010
21059	7.4111e-010
21060	2.0268e-009
21061	2.9727e-010
21062	2.3498e-010
21063	1.215e-010
21064	1.7438e-010
21065	1.8609e-010
21066	2.062e-010
21067	2.1532e-010
21068	2.1523e-010
21069	2.2833e-010
21070	2.197e-010
21071	2.2127e-010
21072	2.2596e-010
21073	2.1758e-010
21074	2.2974e-010
21075	2.2284e-010
21076	2.3162e-010
21077	2.336e-010
21078	2.3787e-010
21079	2.4566e-010
21080	2.4758e-010
21081	2.5817e-010
21082	2.5933e-010
21083	2.7011e-010
21084	2.7241e-010
21085	2.8158e-010
21086	2.8709e-010
21087	2.9279e-010
21088	3.0306e-010
21089	3.0443e-010
21090	3.186e-010
21091	3.1987e-010
21092	3.2899e-010
21093	3.3915e-010
21094	3.4246e-010
21095	3.5284e-010
21096	3.6202e-010
21097	3.6725e-010
21098	3.7572e-010
21099	3.8935e-010
21100	3.9305e-010
21101	4.0281e-010
21102	4.1118e-010
21103	4.2287e-010
21104	4.2985e-010
21105	4.4017e-010
21106	4.5027e-010
21107	4.6107e-010
21108	4.7176e-010
21109	4.8197e-010
21110	4.9388e-010
21111	5.0381e-010
21112	5.1534e-010
21113	5.2682e-010
21114	5.3882e-010
21115	5.5105e-010
21116	5.6227e-010
21117	5.7845e-010
21118	5.8902e-010
21119	6.0322e-010
21120	6.1662e-010
21121	6.2889e-010
21122	6.4216e-010
21123	6.6165e-010
21124	6.8096e-010
21125	6.8444e-010
21126	6.842e-010
21127	6.8361e-010
21128	6.6576e-010
21129	6.4502e-010
21130	6.3171e-010
21131	6.212e-010
21132	6.0893e-010
21133	5.9434e-010
21134	5.8894e-010
21135	5.6748e-010
21136	5.583e-010
21137	5.464e-010
21138	5.3467e-010
21139	5.2278e-010
21140	5.1142e-010
21141	5.0646e-010
21142	4.9137e-010
21143	4.831e-010
21144	4.7259e-010
21145	4.592e-010
21146	4.5114e-010
21147	4.3991e-010
21148	4.6392e-010
21149	4.2206e-010
21150	4.1386e-010
21151	4.011e-010
21152	4.4856e-010
21153	3.8663e-010
21154	3.7379e-010
21155	3.9221e-010
21156	3.718e-010
21157	3.4341e-010
21158	3.8165e-010
21159	3.4479e-010
21160	3.2843e-010
21161	3.9028e-010
21162	3.0275e-010
21163	3.4979e-010
21164	3.0691e-010
21165	3.0636e-010
21166	3.0783e-010
21167	2.7654e-010
21168	3.0684e-010
21169	2.5896e-010
21170	2.9654e-010
21171	2.5017e-010
21172	2.5835e-010
21173	2.4825e-010
21174	2.4075e-010
21175	2.5117e-010
21176	2.1187e-010
21177	2.8231e-010
21178	1.9658e-010
21179	2.5816e-010
21180	2.1358e-010
21181	2.277e-010
21182	3.851e-010
21183	2.6476e-010
21184	4.2354e-010
21185	6.8611e-010
21186	9.0491e-010
21187	8.3512e-010
21188	7.7067e-010
21189	7.4111e-010
21190	2.0268e-009
21191	3.1485e-010
21192	2.7866e-010
21193	1.6327e-010
21194	2.0272e-010
21195	2.1167e-010
21196	2.358e-010
21197	2.4578e-010
21198	2.4381e-010
21199	2.6427e-010
21200	2.5131e-010
21201	2.5541e-010
21202	2.6455e-010
21203	2.5104e-010
21204	2.7218e-010
21205	2.5921e-010
21206	2.7343e-010
21207	2.7475e-010
21208	2.7971e-010
21209	2.9065e-010
21210	2.9016e-010
21211	3.0605e-010
21212	3.0364e-010
21213	3.2013e-010
21214	3.1956e-010
21215	3.3272e-010
21216	3.3813e-010
21217	3.4377e-010
21218	3.5926e-010
21219	3.5537e-010
21220	3.7875e-010
21221	3.7444e-010
21222	3.8687e-010
21223	4.0153e-010
21224	4.0099e-010
21225	4.16e-010
21226	4.2796e-010
21227	4.3101e-010
21228	4.4092e-010
21229	4.6192e-010
21230	4.6086e-010
21231	4.7363e-010
21232	4.836e-010
21233	5.0068e-010
21234	5.0601e-010
21235	5.1798e-010
21236	5.2965e-010
21237	5.4285e-010
21238	5.554e-010
21239	5.6707e-010
21240	5.8238e-010
21241	5.9291e-010
21242	6.0664e-010
21243	6.2055e-010
21244	6.3465e-010
21245	6.4932e-010
21246	6.6115e-010
21247	6.8362e-010
21248	6.9339e-010
21249	7.1128e-010
21250	7.271e-010
21251	7.3872e-010
21252	7.5372e-010
21253	7.8188e-010
21254	8.1118e-010
21255	7.9952e-010
21256	7.9782e-010
21257	8.1439e-010
21258	7.888e-010
21259	7.5648e-010
21260	7.4101e-010
21261	7.3313e-010
21262	7.1875e-010
21263	6.9901e-010
21264	7.0017e-010
21265	6.659e-010
21266	6.5848e-010
21267	6.4422e-010
21268	6.305e-010
21269	6.1642e-010
21270	6.0107e-010
21271	6.0213e-010
21272	5.7794e-010
21273	5.712e-010
21274	5.5792e-010
21275	5.3807e-010
21276	5.2931e-010
21277	5.1157e-010
21278	5.6646e-010
21279	4.8978e-010
21280	4.8302e-010
21281	4.5557e-010
21282	5.5609e-010
21283	4.4258e-010
21284	4.2462e-010
21285	4.7666e-010
21286	4.4281e-010
21287	3.8055e-010
21288	4.7108e-010
21289	4.009e-010
21290	3.6171e-010
21291	4.9192e-010
21292	3.2107e-010
21293	4.341e-010
21294	3.4722e-010
21295	3.5865e-010
21296	3.7134e-010
21297	3.1123e-010
21298	3.7731e-010
21299	2.8658e-010
21300	3.6538e-010
21301	2.8124e-010
21302	3.1838e-010
21303	2.8456e-010
21304	2.8199e-010
21305	3.0505e-010
21306	2.3157e-010
21307	3.533e-010
21308	2.0795e-010
21309	3.1763e-010
21310	2.4707e-010
21311	2.3762e-010
21312	4.7185e-010
21313	2.7599e-010
21314	4.5252e-010
21315	7.5471e-010
21316	1.035e-009
21317	8.3302e-010
21318	9.4957e-010
21319	1.0558e-009
21320	1.9769e-009
21321	2.974e-010
21322	2.35e-010
21323	1.2156e-010
21324	1.7445e-010
21325	1.8612e-010
21326	2.0622e-010
21327	2.1532e-010
21328	2.1522e-010
21329	2.2833e-010
21330	2.1965e-010
21331	2.2119e-010
21332	2.2588e-010
21333	2.1753e-010
21334	2.2974e-010
21335	2.228e-010
21336	2.3155e-010
21337	2.3353e-010
21338	2.3784e-010
21339	2.4564e-010
21340	2.4751e-010
21341	2.581e-010
21342	2.593e-010
21343	2.7015e-010
21344	2.7243e-010
21345	2.8159e-010
21346	2.8709e-010
21347	2.9281e-010
21348	3.0312e-010
21349	3.0443e-010
21350	3.1853e-010
21351	3.1973e-010
21352	3.2877e-010
21353	3.3892e-010
21354	3.4234e-010
21355	3.5287e-010
21356	3.62e-010
21357	3.6704e-010
21358	3.7535e-010
21359	3.8898e-010
21360	3.9259e-010
21361	4.0248e-010
21362	4.1106e-010
21363	4.2282e-010
21364	4.2959e-010
21365	4.3983e-010
21366	4.4991e-010
21367	4.6056e-010
21368	4.7109e-010
21369	4.8135e-010
21370	4.9326e-010
21371	5.0338e-010
21372	5.1483e-010
21373	5.2667e-010
21374	5.385e-010
21375	5.5079e-010
21376	5.6215e-010
21377	5.7858e-010
21378	5.8912e-010
21379	6.0323e-010
21380	6.166e-010
21381	6.2873e-010
21382	6.4233e-010
21383	6.6174e-010
21384	6.8114e-010
21385	6.8461e-010
21386	6.8435e-010
21387	6.8378e-010
21388	6.6594e-010
21389	6.4542e-010
21390	6.3217e-010
21391	6.2171e-010
21392	6.095e-010
21393	5.9501e-010
21394	5.8955e-010
21395	5.681e-010
21396	5.5879e-010
21397	5.4694e-010
21398	5.3542e-010
21399	5.2381e-010
21400	5.121e-010
21401	5.0738e-010
21402	4.9208e-010
21403	4.8403e-010
21404	4.7335e-010
21405	4.5991e-010
21406	4.514e-010
21407	4.413e-010
21408	4.6141e-010
21409	4.2327e-010
21410	4.1401e-010
21411	4.0161e-010
21412	4.4892e-010
21413	3.8687e-010
21414	3.7398e-010
21415	3.9241e-010
21416	3.7201e-010
21417	3.4357e-010
21418	3.8174e-010
21419	3.4484e-010
21420	3.2845e-010
21421	3.9029e-010
21422	3.0261e-010
21423	3.4966e-010
21424	3.0672e-010
21425	3.0622e-010
21426	3.0779e-010
21427	2.7639e-010
21428	3.0672e-010
21429	2.5868e-010
21430	2.9637e-010
21431	2.4995e-010
21432	2.5823e-010
21433	2.4817e-010
21434	2.4083e-010
21435	2.5133e-010
21436	2.1216e-010
21437	2.8251e-010
21438	1.9698e-010
21439	2.5839e-010
21440	2.1389e-010
21441	2.2814e-010
21442	3.8513e-010
21443	2.6521e-010
21444	4.2387e-010
21445	6.8633e-010
21446	9.0496e-010
21447	8.3549e-010
21448	7.7074e-010
21449	7.4116e-010
21450	2.0271e-009
21451	2.9742e-010
21452	2.3501e-010
21453	1.2162e-010
21454	1.746e-010
21455	1.8627e-010
21456	2.0634e-010
21457	2.1544e-010
21458	2.1535e-010
21459	2.2846e-010
21460	2.1981e-010
21461	2.2135e-010
21462	2.2602e-010
21463	2.1765e-010
21464	2.2982e-010
21465	2.2289e-010
21466	2.3166e-010
21467	2.3368e-010
21468	2.3802e-010
21469	2.4581e-010
21470	2.4763e-010
21471	2.5814e-010
21472	2.5926e-010
21473	2.701e-010
21474	2.7254e-010
21475	2.8174e-010
21476	2.8712e-010
21477	2.9281e-010
21478	3.0316e-010
21479	3.0447e-010
21480	3.1851e-010
21481	3.1974e-010
21482	3.2884e-010
21483	3.3901e-010
21484	3.4242e-010
21485	3.5287e-010
21486	3.6197e-010
21487	3.6711e-010
21488	3.755e-010
21489	3.8907e-010
21490	3.9261e-010
21491	4.0236e-010
21492	4.1084e-010
21493	4.2268e-010
21494	4.2964e-010
21495	4.3984e-010
21496	4.498e-010
21497	4.6048e-010
21498	4.7118e-010
21499	4.8159e-010
21500	4.9361e-010
21501	5.0356e-010
21502	5.1511e-010
21503	5.2696e-010
21504	5.3876e-010
21505	5.5117e-010
21506	5.6252e-010
21507	5.79e-010
21508	5.8975e-010
21509	6.0393e-010
21510	6.1738e-010
21511	6.2966e-010
21512	6.432e-010
21513	6.6247e-010
21514	6.8225e-010
21515	6.8604e-010
21516	6.8566e-010
21517	6.8486e-010
21518	6.6707e-010
21519	6.4641e-010
21520	6.3317e-010
21521	6.2271e-010
21522	6.1029e-010
21523	5.9572e-010
21524	5.901e-010
21525	5.6876e-010
21526	5.5949e-010
21527	5.4772e-010
21528	5.3611e-010
21529	5.2412e-010
21530	5.1233e-010
21531	5.0776e-010
21532	4.9225e-010
21533	4.8429e-010
21534	4.7387e-010
21535	4.6048e-010
21536	4.5171e-010
21537	4.4367e-010
21538	4.5517e-010
21539	4.2564e-010
21540	4.1452e-010
21541	4.0232e-010
21542	4.4983e-010
21543	3.8774e-010
21544	3.7473e-010
21545	3.9301e-010
21546	3.7259e-010
21547	3.441e-010
21548	3.8219e-010
21549	3.4531e-010
21550	3.2898e-010
21551	3.9069e-010
21552	3.0319e-010
21553	3.5006e-010
21554	3.0721e-010
21555	3.0657e-010
21556	3.0797e-010
21557	2.7658e-010
21558	3.0685e-010
21559	2.5895e-010
21560	2.9657e-010
21561	2.503e-010
21562	2.5854e-010
21563	2.4853e-010
21564	2.4112e-010
21565	2.5157e-010
21566	2.1229e-010
21567	2.8272e-010
21568	1.9706e-010
21569	2.5868e-010
21570	2.1415e-010
21571	2.2837e-010
21572	3.8562e-010
21573	2.6543e-010
21574	4.2422e-010
21575	6.8671e-010
21576	9.0537e-010
21577	8.3562e-010
21578	7.7086e-010
21579	7.4139e-010
21580	2.0274e-009
21581	3.1493e-010
21582	2.7863e-010
21583	1.6337e-010
21584	2.0288e-010
21585	2.1181e-010
21586	2.359e-010
21587	2.4587e-010
21588	2.4394e-010
21589	2.6443e-010
21590	2.5144e-010
21591	2.5549e-010
21592	2.6459e-010
21593	2.5108e-010
21594	2.7222e-010
21595	2.5927e-010
21596	2.735e-010
21597	2.7487e-010
21598	2.7988e-010
21599	2.908e-010
21600	2.9019e-010
21601	3.0598e-010
21602	3.0354e-010
21603	3.2003e-010
21604	3.1953e-010
21605	3.3271e-010
21606	3.381e-010
21607	3.4376e-010
21608	3.5929e-010
21609	3.5538e-010
21610	3.7869e-010
21611	3.7445e-010
21612	3.8689e-010
21613	4.0148e-010
21614	4.0088e-010
21615	4.1582e-010
21616	4.2776e-010
21617	4.309e-010
21618	4.4087e-010
21619	4.6181e-010
21620	4.6064e-010
21621	4.7333e-010
21622	4.8321e-010
21623	5.0028e-010
21624	5.0568e-010
21625	5.1772e-010
21626	5.2938e-010
21627	5.4253e-010
21628	5.5514e-010
21629	5.6696e-010
21630	5.8235e-010
21631	5.929e-010
21632	6.0663e-010
21633	6.2054e-010
21634	6.3435e-010
21635	6.4924e-010
21636	6.6119e-010
21637	6.8392e-010
21638	6.9383e-010
21639	7.1173e-010
21640	7.2774e-010
21641	7.3934e-010
21642	7.5424e-010
21643	7.824e-010
21644	8.122e-010
21645	8.0094e-010
21646	7.9924e-010
21647	8.1544e-010
21648	7.8991e-010
21649	7.576e-010
21650	7.4202e-010
21651	7.3419e-010
21652	7.1996e-010
21653	7.0033e-010
21654	7.0142e-010
21655	6.6724e-010
21656	6.5984e-010
21657	6.4576e-010
21658	6.322e-010
21659	6.1787e-010
21660	6.027e-010
21661	6.0355e-010
21662	5.7965e-010
21663	5.7235e-010
21664	5.5907e-010
21665	5.3934e-010
21666	5.3029e-010
21667	5.1355e-010
21668	5.6297e-010
21669	4.9145e-010
21670	4.8346e-010
21671	4.5609e-010
21672	5.5698e-010
21673	4.4297e-010
21674	4.2494e-010
21675	4.7717e-010
21676	4.4332e-010
21677	3.8085e-010
21678	4.715e-010
21679	4.0112e-010
21680	3.6184e-010
21681	4.922e-010
21682	3.2106e-010
21683	4.3424e-010
21684	3.4726e-010
21685	3.5868e-010
21686	3.7136e-010
21687	3.1115e-010
21688	3.7727e-010
21689	2.865e-010
21690	3.6535e-010
21691	2.8128e-010
21692	3.1847e-010
21693	2.847e-010
21694	2.8216e-010
21695	3.053e-010
21696	2.3178e-010
21697	3.5371e-010
21698	2.0809e-010
21699	3.1807e-010
21700	2.4734e-010
21701	2.3766e-010
21702	4.7256e-010
21703	2.7593e-010
21704	4.5261e-010
21705	7.5493e-010
21706	1.0355e-009
21707	8.3272e-010
21708	9.4963e-010
21709	1.0564e-009
21710	1.9772e-009
21711	2.9742e-010
21712	2.3501e-010
21713	1.2162e-010
21714	1.746e-010
21715	1.8627e-010
21716	2.0634e-010
21717	2.1544e-010
21718	2.1535e-010
21719	2.2846e-010
21720	2.1981e-010
21721	2.2135e-010
21722	2.2602e-010
21723	2.1765e-010
21724	2.2982e-010
21725	2.2289e-010
21726	2.3166e-010
21727	2.3368e-010
21728	2.3802e-010
21729	2.4581e-010
21730	2.4763e-010
21731	2.5814e-010
21732	2.5926e-010
21733	2.701e-010
21734	2.7254e-010
21735	2.8174e-010
21736	2.8712e-010
21737	2.9281e-010
21738	3.0316e-010
21739	3.0447e-010
21740	3.1851e-010
21741	3.1974e-010
21742	3.2884e-010
21743	3.3901e-010
21744	3.4242e-010
21745	3.5287e-010
21746	3.6197e-010
21747	3.6711e-010
21748	3.755e-010
21749	3.8907e-010
21750	3.9261e-010
21751	4.0236e-010
21752	4.1084e-010
21753	4.2268e-010
21754	4.2964e-010
21755	4.3984e-010
21756	4.498e-010
21757	4.6048e-010
21758	4.7118e-010
21759	4.8159e-010
21760	4.9361e-010
21761	5.0356e-010
21762	5.1511e-010
21763	5.2696e-010
21764	5.3876e-010
21765	5.5117e-010
21766	5.6252e-010
21767	5.79e-010
21768	5.8975e-010
21769	6.0393e-010
21770	6.1738e-010
21771	6.2966e-010
21772	6.432e-010
21773	6.6247e-010
21774	6.8225e-010
21775	6.8604e-010
21776	6.8566e-010
21777	6.8486e-010
21778	6.6707e-010
21779	6.4641e-010
21780	6.3317e-010
21781	6.2271e-010
21782	6.1029e-010
21783	5.9572e-010
21784	5.901e-010
21785	5.6876e-010
21786	5.5949e-010
21787	5.4772e-010
21788	5.3611e-010
21789	5.2414e-010
21790	5.123e-010
21791	5.0778e-010
21792	4.9221e-010
21793	4.8431e-010
21794	4.7386e-010
21795	4.6072e-010
21796	4.5241e-010
21797	4.4143e-010
21798	4.6586e-010
21799	4.2367e-010
21800	4.1516e-010
21801	4.0253e-010
21802	4.4981e-010
21803	3.8775e-010
21804	3.7472e-010
21805	3.9301e-010
21806	3.7258e-010
21807	3.441e-010
21808	3.8219e-010
21809	3.4531e-010
21810	3.2898e-010
21811	3.9069e-010
21812	3.0319e-010
21813	3.5006e-010
21814	3.0721e-010
21815	3.0657e-010
21816	3.0797e-010
21817	2.7658e-010
21818	3.0685e-010
21819	2.5895e-010
21820	2.9657e-010
21821	2.503e-010
21822	2.5854e-010
21823	2.4853e-010
21824	2.4112e-010
21825	2.5157e-010
21826	2.1229e-010
21827	2.8272e-010
21828	1.9706e-010
21829	2.5868e-010
21830	2.1415e-010
21831	2.2837e-010
21832	3.8562e-010
21833	2.6543e-010
21834	4.2422e-010
21835	6.8671e-010
21836	9.0537e-010
21837	8.3562e-010
21838	7.7086e-010
21839	7.4139e-010
21840	2.0274e-009
21841	2.974e-010
21842	2.35e-010
21843	1.2156e-010
21844	1.7445e-010
21845	1.8612e-010
21846	2.0622e-010
21847	2.1532e-010
21848	2.1522e-010
21849	2.2833e-010
21850	2.1965e-010
21851	2.2119e-010
21852	2.2588e-010
21853	2.1753e-010
21854	2.2974e-010
21855	2.228e-010
21856	2.3155e-010
21857	2.3353e-010
21858	2.3784e-010
21859	2.4564e-010
21860	2.4751e-010
21861	2.581e-010
21862	2.593e-010
21863	2.7015e-010
21864	2.7243e-010
21865	2.8159e-010
21866	2.8709e-010
21867	2.9281e-010
21868	3.0312e-010
21869	3.0443e-010
21870	3.1853e-010
21871	3.1973e-010
21872	3.2877e-010
21873	3.3892e-010
21874	3.4234e-010
21875	3.5287e-010
21876	3.62e-010
21877	3.6704e-010
21878	3.7535e-010
21879	3.8899e-010
21880	3.9259e-010
21881	4.0248e-010
21882	4.1106e-010
21883	4.2282e-010
21884	4.2959e-010
21885	4.3983e-010
21886	4.4991e-010
21887	4.6057e-010
21888	4.711e-010
21889	4.8135e-010
21890	4.9326e-010
21891	5.0338e-010
21892	5.1483e-010
21893	5.2667e-010
21894	5.385e-010
21895	5.5079e-010
21896	5.6215e-010
21897	5.7858e-010
21898	5.8912e-010
21899	6.0323e-010
21900	6.166e-010
21901	6.2873e-010
21902	6.4233e-010
21903	6.6174e-010
21904	6.8114e-010
21905	6.8461e-010
21906	6.8435e-010
21907	6.8378e-010
21908	6.6594e-010
21909	6.4542e-010
21910	6.3217e-010
21911	6.2171e-010
21912	6.095e-010
21913	5.9501e-010
21914	5.8955e-010
21915	5.681e-010
21916	5.5878e-010
21917	5.4694e-010
21918	5.3542e-010
21919	5.2383e-010
21920	5.1205e-010
21921	5.0747e-010
21922	4.9203e-010
21923	4.8405e-010
21924	4.7336e-010
21925	4.5991e-010
21926	4.5181e-010
21927	4.4039e-010
21928	4.6398e-010
21929	4.2252e-010
21930	4.1441e-010
21931	4.016e-010
21932	4.4892e-010
21933	3.8688e-010
21934	3.7398e-010
21935	3.9241e-010
21936	3.7201e-010
21937	3.4357e-010
21938	3.8174e-010
21939	3.4484e-010
21940	3.2845e-010
21941	3.9029e-010
21942	3.0261e-010
21943	3.4966e-010
21944	3.0672e-010
21945	3.0622e-010
21946	3.0779e-010
21947	2.7639e-010
21948	3.0672e-010
21949	2.5868e-010
21950	2.9637e-010
21951	2.4995e-010
21952	2.5823e-010
21953	2.4817e-010
21954	2.4083e-010
21955	2.5133e-010
21956	2.1216e-010
21957	2.8251e-010
21958	1.9698e-010
21959	2.5839e-010
21960	2.1389e-010
21961	2.2814e-010
21962	3.8513e-010
21963	2.6521e-010
21964	4.2387e-010
21965	6.8633e-010
21966	9.0496e-010
21967	8.3549e-010
21968	7.7074e-010
21969	7.4116e-010
21970	2.0271e-009
21971	3.1485e-010
21972	2.7866e-010
21973	1.6327e-010
21974	2.0272e-010
21975	2.1167e-010
21976	2.358e-010
21977	2.4578e-010
21978	2.4381e-010
21979	2.6427e-010
21980	2.5131e-010
21981	2.5541e-010
21982	2.6455e-010
21983	2.5104e-010
21984	2.7218e-010
21985	2.5921e-010
21986	2.7343e-010
21987	2.7475e-010
21988	2.7971e-010
21989	2.9065e-010
21990	2.9016e-010
21991	3.0605e-010
21992	3.0364e-010
21993	3.2013e-010
21994	3.1956e-010
21995	3.3272e-010
21996	3.3813e-010
21997	3.4377e-010
21998	3.5926e-010
21999	3.5537e-010
22000	3.7875e-010
22001	3.7444e-010
22002	3.8687e-010
22003	4.0153e-010
22004	4.0099e-010
22005	4.16e-010
22006	4.2796e-010
22007	4.3101e-010
22008	4.4092e-010
22009	4.6192e-010
22010	4.6086e-010
22011	4.7363e-010
22012	4.836e-010
22013	5.0068e-010
22014	5.0601e-010
22015	5.1798e-010
22016	5.2965e-010
22017	5.4285e-010
22018	5.554e-010
22019	5.6707e-010
22020	5.8238e-010
22021	5.9291e-010
22022	6.0664e-010
22023	6.2055e-010
22024	6.3465e-010
22025	6.4932e-010
22026	6.6115e-010
22027	6.8362e-010
22028	6.9339e-010
22029	7.1128e-010
22030	7.271e-010
22031	7.3872e-010
22032	7.5372e-010
22033	7.8188e-010
22034	8.1118e-010
22035	7.9952e-010
22036	7.9782e-010
22037	8.1439e-010
22038	7.888e-010
22039	7.5648e-010
22040	7.4101e-010
22041	7.3313e-010
22042	7.1875e-010
22043	6.9901e-010
22044	7.0017e-010
22045	6.659e-010
22046	6.5848e-010
22047	6.4422e-010
22048	6.305e-010
22049	6.1636e-010
22050	6.0132e-010
22051	6.0209e-010
22052	5.7818e-010
22053	5.7115e-010
22054	5.5792e-010
22055	5.3809e-010
22056	5.2927e-010
22057	5.1165e-010
22058	5.6639e-010
22059	4.8986e-010
22060	4.8304e-010
22061	4.553e-010
22062	5.5612e-010
22063	4.4231e-010
22064	4.2467e-010
22065	4.7666e-010
22066	4.4281e-010
22067	3.8055e-010
22068	4.7108e-010
22069	4.009e-010
22070	3.6171e-010
22071	4.9192e-010
22072	3.2107e-010
22073	4.341e-010
22074	3.4722e-010
22075	3.5865e-010
22076	3.7134e-010
22077	3.1123e-010
22078	3.7731e-010
22079	2.8658e-010
22080	3.6538e-010
22081	2.8124e-010
22082	3.1838e-010
22083	2.8456e-010
22084	2.8199e-010
22085	3.0505e-010
22086	2.3157e-010
22087	3.533e-010
22088	2.0795e-010
22089	3.1763e-010
22090	2.4707e-010
22091	2.3762e-010
22092	4.7185e-010
22093	2.7599e-010
22094	4.5252e-010
22095	7.5471e-010
22096	1.035e-009
22097	8.3302e-010
22098	9.4957e-010
22099	1.0558e-009
22100	1.9769e-009
22101	2.9727e-010
22102	2.3498e-010
22103	1.215e-010
22104	1.7438e-010
22105	1.8609e-010
22106	2.062e-010
22107	2.1532e-010
22108	2.1523e-010
22109	2.2833e-010
22110	2.197e-010
22111	2.2127e-010
22112	2.2596e-010
22113	2.1758e-010
22114	2.2974e-010
22115	2.2284e-010
22116	2.3162e-010
22117	2.336e-010
22118	2.3787e-010
22119	2.4566e-010
22120	2.4758e-010
22121	2.5817e-010
22122	2.5933e-010
22123	2.7011e-010
22124	2.7241e-010
22125	2.8158e-010
22126	2.8708e-010
22127	2.9279e-010
22128	3.0306e-010
22129	3.0444e-010
22130	3.186e-010
22131	3.1987e-010
22132	3.2899e-010
22133	3.3915e-010
22134	3.4246e-010
22135	3.5284e-010
22136	3.6203e-010
22137	3.6725e-010
22138	3.7572e-010
22139	3.8935e-010
22140	3.9306e-010
22141	4.0281e-010
22142	4.1118e-010
22143	4.2287e-010
22144	4.2985e-010
22145	4.4017e-010
22146	4.5027e-010
22147	4.6107e-010
22148	4.7176e-010
22149	4.8197e-010
22150	4.9388e-010
22151	5.0381e-010
22152	5.1534e-010
22153	5.2682e-010
22154	5.3882e-010
22155	5.5105e-010
22156	5.6227e-010
22157	5.7845e-010
22158	5.8902e-010
22159	6.0322e-010
22160	6.1662e-010
22161	6.2889e-010
22162	6.4216e-010
22163	6.6165e-010
22164	6.8095e-010
22165	6.8444e-010
22166	6.842e-010
22167	6.8361e-010
22168	6.6576e-010
22169	6.4502e-010
22170	6.3171e-010
22171	6.212e-010
22172	6.0893e-010
22173	5.9434e-010
22174	5.8894e-010
22175	5.6748e-010
22176	5.583e-010
22177	5.464e-010
22178	5.3465e-010
22179	5.2286e-010
22180	5.1121e-010
22181	5.0675e-010
22182	4.9116e-010
22183	4.8319e-010
22184	4.7255e-010
22185	4.5919e-010
22186	4.5075e-010
22187	4.4085e-010
22188	4.6106e-010
22189	4.2286e-010
22190	4.1333e-010
22191	4.0152e-010
22192	4.4827e-010
22193	3.8702e-010
22194	3.7366e-010
22195	3.9224e-010
22196	3.7179e-010
22197	3.4341e-010
22198	3.8165e-010
22199	3.4478e-010
22200	3.2843e-010
22201	3.9028e-010
22202	3.0275e-010
22203	3.4979e-010
22204	3.0691e-010
22205	3.0636e-010
22206	3.0783e-010
22207	2.7654e-010
22208	3.0684e-010
22209	2.5896e-010
22210	2.9654e-010
22211	2.5017e-010
22212	2.5835e-010
22213	2.4825e-010
22214	2.4075e-010
22215	2.5117e-010
22216	2.1187e-010
22217	2.8231e-010
22218	1.9658e-010
22219	2.5816e-010
22220	2.1358e-010
22221	2.277e-010
22222	3.851e-010
22223	2.6476e-010
22224	4.2354e-010
22225	6.8611e-010
22226	9.0491e-010
22227	8.3513e-010
22228	7.7067e-010
22229	7.4111e-010
22230	2.0268e-009
22231	2.9727e-010
22232	2.3498e-010
22233	1.215e-010
22234	1.7438e-010
22235	1.8609e-010
22236	2.062e-010
22237	2.1532e-010
22238	2.1523e-010
22239	2.2833e-010
22240	2.197e-010
22241	2.2127e-010
22242	2.2596e-010
22243	2.1758e-010
22244	2.2974e-010
22245	2.2284e-010
22246	2.3162e-010
22247	2.336e-010
22248	2.3787e-010
22249	2.4566e-010
22250	2.4758e-010
22251	2.5817e-010
22252	2.5933e-010
22253	2.7011e-010
22254	2.7241e-010
22255	2.8158e-010
22256	2.8708e-010
22257	2.9279e-010
22258	3.0306e-010
22259	3.0443e-010
22260	3.186e-010
22261	3.1987e-010
22262	3.2899e-010
22263	3.3915e-010
22264	3.4246e-010
22265	3.5284e-010
22266	3.6202e-010
22267	3.6725e-010
22268	3.7572e-010
22269	3.8935e-010
22270	3.9305e-010
22271	4.0281e-010
22272	4.1118e-010
22273	4.2287e-010
22274	4.2985e-010
22275	4.4017e-010
22276	4.5027e-010
22277	4.6107e-010
22278	4.7176e-010
22279	4.8197e-010
22280	4.9388e-010
22281	5.0382e-010
22282	5.1534e-010
22283	5.2682e-010
22284	5.3882e-010
22285	5.5105e-010
22286	5.6227e-010
22287	5.7845e-010
22288	5.8902e-010
22289	6.0322e-010
22290	6.1662e-010
22291	6.2889e-010
22292	6.4216e-010
22293	6.6165e-010
22294	6.8095e-010
22295	6.8444e-010
22296	6.842e-010
22297	6.8361e-010
22298	6.6576e-010
22299	6.4502e-010
22300	6.3171e-010
22301	6.212e-010
22302	6.0893e-010
22303	5.9434e-010
22304	5.8894e-010
22305	5.6748e-010
22306	5.583e-010
22307	5.4641e-010
22308	5.3465e-010
22309	5.2286e-010
22310	5.1122e-010
22311	5.0675e-010
22312	4.9117e-010
22313	4.8318e-010
22314	4.7256e-010
22315	4.5904e-010
22316	4.5036e-010
22317	4.4227e-010
22318	4.5396e-010
22319	4.2412e-010
22320	4.1289e-010
22321	4.0177e-010
22322	4.4835e-010
22323	3.874e-010
22324	3.7356e-010
22325	3.9225e-010
22326	3.7178e-010
22327	3.4341e-010
22328	3.8165e-010
22329	3.4478e-010
22330	3.2843e-010
22331	3.9028e-010
22332	3.0275e-010
22333	3.4979e-010
22334	3.0691e-010
22335	3.0636e-010
22336	3.0782e-010
22337	2.7654e-010
22338	3.0684e-010
22339	2.5896e-010
22340	2.9654e-010
22341	2.5017e-010
22342	2.5835e-010
22343	2.4825e-010
22344	2.4075e-010
22345	2.5117e-010
22346	2.1187e-010
22347	2.8231e-010
22348	1.9658e-010
22349	2.5816e-010
22350	2.1358e-010
22351	2.277e-010
22352	3.851e-010
22353	2.6476e-010
22354	4.2354e-010
22355	6.8611e-010
22356	9.0491e-010
22357	8.3512e-010
22358	7.7067e-010
22359	7.4111e-010
22360	2.0268e-009
22361	3.1485e-010
22362	2.7866e-010
22363	1.6327e-010
22364	2.0272e-010
22365	2.1167e-010
22366	2.358e-010
22367	2.4578e-010
22368	2.4381e-010
22369	2.6427e-010
22370	2.5131e-010
22371	2.5541e-010
22372	2.6455e-010
22373	2.5104e-010
22374	2.7218e-010
22375	2.5921e-010
22376	2.7343e-010
22377	2.7475e-010
22378	2.7971e-010
22379	2.9065e-010
22380	2.9016e-010
22381	3.0605e-010
22382	3.0364e-010
22383	3.2013e-010
22384	3.1956e-010
22385	3.3272e-010
22386	3.3813e-010
22387	3.4377e-010
22388	3.5926e-010
22389	3.5537e-010
22390	3.7875e-010
22391	3.7444e-010
22392	3.8687e-010
22393	4.0153e-010
22394	4.0099e-010
22395	4.16e-010
22396	4.2796e-010
22397	4.3101e-010
22398	4.4092e-010
22399	4.619e-010
22400	4.6086e-010
22401	4.7363e-010
22402	4.836e-010
22403	5.0068e-010
22404	5.0601e-010
22405	5.1798e-010
22406	5.2965e-010
22407	5.4285e-010
22408	5.554e-010
22409	5.6707e-010
22410	5.8238e-010
22411	5.9291e-010
22412	6.0664e-010
22413	6.2055e-010
22414	6.3465e-010
22415	6.4932e-010
22416	6.6115e-010
22417	6.8362e-010
22418	6.9339e-010
22419	7.1128e-010
22420	7.271e-010
22421	7.3872e-010
22422	7.5372e-010
22423	7.8188e-010
22424	8.1118e-010
22425	7.9952e-010
22426	7.9782e-010
22427	8.1439e-010
22428	7.888e-010
22429	7.5648e-010
22430	7.4101e-010
22431	7.3313e-010
22432	7.1875e-010
22433	6.9901e-010
22434	7.0017e-010
22435	6.659e-010
22436	6.5848e-010
22437	6.4422e-010
22438	6.305e-010
22439	6.1635e-010
22440	6.0134e-010
22441	6.021e-010
22442	5.7819e-010
22443	5.7114e-010
22444	5.5788e-010
22445	5.3811e-010
22446	5.2849e-010
22447	5.1426e-010
22448	5.6048e-010
22449	4.9223e-010
22450	4.8211e-010
22451	4.5587e-010
22452	5.5523e-010
22453	4.4283e-010
22454	4.2451e-010
22455	4.7668e-010
22456	4.428e-010
22457	3.8055e-010
22458	4.7108e-010
22459	4.009e-010
22460	3.6171e-010
22461	4.9192e-010
22462	3.2107e-010
22463	4.341e-010
22464	3.4722e-010
22465	3.5865e-010
22466	3.7135e-010
22467	3.1123e-010
22468	3.7731e-010
22469	2.8658e-010
22470	3.6538e-010
22471	2.8124e-010
22472	3.1838e-010
22473	2.8456e-010
22474	2.8199e-010
22475	3.0505e-010
22476	2.3157e-010
22477	3.533e-010
22478	2.0795e-010
22479	3.1763e-010
22480	2.4708e-010
22481	2.3762e-010
22482	4.7185e-010
22483	2.7599e-010
22484	4.5252e-010
22485	7.5471e-010
22486	1.035e-009
22487	8.3302e-010
22488	9.4957e-010
22489	1.0558e-009
22490	1.9769e-009
22491	2.974e-010
22492	2.35e-010
22493	1.2156e-010
22494	1.7445e-010
22495	1.8612e-010
22496	2.0622e-010
22497	2.1532e-010
22498	2.1522e-010
22499	2.2833e-010
22500	2.1965e-010
22501	2.2119e-010
22502	2.2588e-010
22503	2.1753e-010
22504	2.2974e-010
22505	2.228e-010
22506	2.3155e-010
22507	2.3353e-010
22508	2.3784e-010
22509	2.4564e-010
22510	2.4751e-010
22511	2.581e-010
22512	2.593e-010
22513	2.7015e-010
22514	2.7243e-010
22515	2.8159e-010
22516	2.8709e-010
22517	2.9281e-010
22518	3.0312e-010
22519	3.0443e-010
22520	3.1853e-010
22521	3.1973e-010
22522	3.2878e-010
22523	3.3892e-010
22524	3.4234e-010
22525	3.5287e-010
22526	3.62e-010
22527	3.6704e-010
22528	3.7535e-010
22529	3.8896e-010
22530	3.9259e-010
22531	4.0248e-010
22532	4.1106e-010
22533	4.2282e-010
22534	4.2959e-010
22535	4.3983e-010
22536	4.4991e-010
22537	4.6057e-010
22538	4.7109e-010
22539	4.8135e-010
22540	4.9326e-010
22541	5.0338e-010
22542	5.1483e-010
22543	5.2667e-010
22544	5.385e-010
22545	5.5079e-010
22546	5.6215e-010
22547	5.7858e-010
22548	5.8912e-010
22549	6.0323e-010
22550	6.166e-010
22551	6.2872e-010
22552	6.4233e-010
22553	6.6174e-010
22554	6.8114e-010
22555	6.8461e-010
22556	6.8435e-010
22557	6.8378e-010
22558	6.6594e-010
22559	6.4542e-010
22560	6.3217e-010
22561	6.2171e-010
22562	6.095e-010
22563	5.9501e-010
22564	5.8955e-010
22565	5.681e-010
22566	5.5878e-010
22567	5.4694e-010
22568	5.3542e-010
22569	5.2382e-010
22570	5.1208e-010
22571	5.0745e-010
22572	4.9206e-010
22573	4.8405e-010
22574	4.7332e-010
22575	4.5996e-010
22576	4.5133e-010
22577	4.414e-010
22578	4.6176e-010
22579	4.2337e-010
22580	4.1372e-010
22581	4.0167e-010
22582	4.483e-010
22583	3.869e-010
22584	3.7379e-010
22585	3.9247e-010
22586	3.72e-010
22587	3.4357e-010
22588	3.8174e-010
22589	3.4484e-010
22590	3.2845e-010
22591	3.9029e-010
22592	3.0261e-010
22593	3.4966e-010
22594	3.0672e-010
22595	3.0622e-010
22596	3.0779e-010
22597	2.7639e-010
22598	3.0672e-010
22599	2.5868e-010
22600	2.9637e-010
22601	2.4995e-010
22602	2.5823e-010
22603	2.4817e-010
22604	2.4083e-010
22605	2.5133e-010
22606	2.1216e-010
22607	2.8251e-010
22608	1.9698e-010
22609	2.5839e-010
22610	2.1389e-010
22611	2.2814e-010
22612	3.8513e-010
22613	2.6521e-010
22614	4.2387e-010
22615	6.8633e-010
22616	9.0496e-010
22617	8.3549e-010
22618	7.7074e-010
22619	7.4116e-010
22620	2.0271e-009
22621	2.9742e-010
22622	2.3501e-010
22623	1.2162e-010
22624	1.746e-010
22625	1.8627e-010
22626	2.0634e-010
22627	2.1544e-010
22628	2.1535e-010
22629	2.2846e-010
22630	2.1981e-010
22631	2.2135e-010
22632	2.2602e-010
22633	2.1765e-010
22634	2.2982e-010
22635	2.2289e-010
22636	2.3166e-010
22637	2.3368e-010
22638	2.3802e-010
22639	2.4581e-010
22640	2.4763e-010
22641	2.5814e-010
22642	2.5926e-010
22643	2.701e-010
22644	2.7254e-010
22645	2.8174e-010
22646	2.8712e-010
22647	2.9281e-010
22648	3.0316e-010
22649	3.0447e-010
22650	3.1851e-010
22651	3.1974e-010
22652	3.2884e-010
22653	3.3901e-010
22654	3.4242e-010
22655	3.5287e-010
22656	3.6197e-010
22657	3.671e-010
22658	3.7553e-010
22659	3.8918e-010
22660	3.9264e-010
22661	4.0234e-010
22662	4.1084e-010
22663	4.2268e-010
22664	4.2964e-010
22665	4.3984e-010
22666	4.498e-010
22667	4.6048e-010
22668	4.7118e-010
22669	4.8159e-010
22670	4.9361e-010
22671	5.0356e-010
22672	5.1511e-010
22673	5.2696e-010
22674	5.3876e-010
22675	5.5117e-010
22676	5.6252e-010
22677	5.79e-010
22678	5.8975e-010
22679	6.0393e-010
22680	6.1738e-010
22681	6.2966e-010
22682	6.432e-010
22683	6.6247e-010
22684	6.8225e-010
22685	6.8604e-010
22686	6.8566e-010
22687	6.8486e-010
22688	6.6707e-010
22689	6.4641e-010
22690	6.3317e-010
22691	6.2271e-010
22692	6.1029e-010
22693	5.9572e-010
22694	5.901e-010
22695	5.6876e-010
22696	5.5949e-010
22697	5.4772e-010
22698	5.3611e-010
22699	5.2412e-010
22700	5.1232e-010
22701	5.0776e-010
22702	4.9223e-010
22703	4.8429e-010
22704	4.7385e-010
22705	4.6056e-010
22706	4.5167e-010
22707	4.4356e-010
22708	4.5581e-010
22709	4.2547e-010
22710	4.138e-010
22711	4.0361e-010
22712	4.4372e-010
22713	3.8893e-010
22714	3.7411e-010
22715	3.9303e-010
22716	3.7256e-010
22717	3.441e-010
22718	3.8219e-010
22719	3.4531e-010
22720	3.2898e-010
22721	3.9069e-010
22722	3.0319e-010
22723	3.5006e-010
22724	3.0721e-010
22725	3.0657e-010
22726	3.0797e-010
22727	2.7658e-010
22728	3.0685e-010
22729	2.5895e-010
22730	2.9657e-010
22731	2.503e-010
22732	2.5854e-010
22733	2.4853e-010
22734	2.4112e-010
22735	2.5157e-010
22736	2.1229e-010
22737	2.8272e-010
22738	1.9706e-010
22739	2.5868e-010
22740	2.1415e-010
22741	2.2837e-010
22742	3.8562e-010
22743	2.6543e-010
22744	4.2422e-010
22745	6.8671e-010
22746	9.0537e-010
22747	8.3562e-010
22748	7.7086e-010
22749	7.4139e-010
22750	2.0274e-009
22751	3.1493e-010
22752	2.7863e-010
22753	1.6337e-010
22754	2.0288e-010
22755	2.1181e-010
22756	2.359e-010
22757	2.4587e-010
22758	2.4394e-010
22759	2.6443e-010
22760	2.5144e-010
22761	2.5549e-010
22762	2.6459e-010
22763	2.5108e-010
22764	2.7222e-010
22765	2.5927e-010
22766	2.735e-010
22767	2.7487e-010
22768	2.7988e-010
22769	2.908e-010
22770	2.9019e-010
22771	3.0598e-010
22772	3.0354e-010
22773	3.2003e-010
22774	3.1953e-010
22775	3.3271e-010
22776	3.381e-010
22777	3.4376e-010
22778	3.5929e-010
22779	3.5538e-010
22780	3.7869e-010
22781	3.7445e-010
22782	3.8689e-010
22783	4.0148e-010
22784	4.0088e-010
22785	4.1581e-010
22786	4.2776e-010
22787	4.3082e-010
22788	4.4122e-010
22789	4.6123e-010
22790	4.6101e-010
22791	4.7325e-010
22792	4.8321e-010
22793	5.0028e-010
22794	5.0568e-010
22795	5.1772e-010
22796	5.2938e-010
22797	5.4253e-010
22798	5.5514e-010
22799	5.6696e-010
22800	5.8235e-010
22801	5.929e-010
22802	6.0663e-010
22803	6.2054e-010
22804	6.3435e-010
22805	6.4924e-010
22806	6.6119e-010
22807	6.8392e-010
22808	6.9383e-010
22809	7.1173e-010
22810	7.2774e-010
22811	7.3934e-010
22812	7.5424e-010
22813	7.824e-010
22814	8.122e-010
22815	8.0094e-010
22816	7.9924e-010
22817	8.1544e-010
22818	7.8991e-010
22819	7.576e-010
22820	7.4202e-010
22821	7.3419e-010
22822	7.1996e-010
22823	7.0033e-010
22824	7.0143e-010
22825	6.6724e-010
22826	6.5984e-010
22827	6.4576e-010
22828	6.322e-010
22829	6.1786e-010
22830	6.0269e-010
22831	6.0354e-010
22832	5.7963e-010
22833	5.7234e-010
22834	5.5903e-010
22835	5.3939e-010
22836	5.2942e-010
22837	5.1619e-010
22838	5.563e-010
22839	4.938e-010
22840	4.8157e-010
22841	4.5853e-010
22842	5.4541e-010
22843	4.453e-010
22844	4.2394e-010
22845	4.7719e-010
22846	4.4328e-010
22847	3.8084e-010
22848	4.715e-010
22849	4.0112e-010
22850	3.6184e-010
22851	4.922e-010
22852	3.2106e-010
22853	4.3424e-010
22854	3.4726e-010
22855	3.5868e-010
22856	3.7136e-010
22857	3.1115e-010
22858	3.7727e-010
22859	2.865e-010
22860	3.6535e-010
22861	2.8128e-010
22862	3.1847e-010
22863	2.847e-010
22864	2.8216e-010
22865	3.053e-010
22866	2.3178e-010
22867	3.5371e-010
22868	2.0809e-010
22869	3.1807e-010
22870	2.4733e-010
22871	2.3766e-010
22872	4.7256e-010
22873	2.7593e-010
22874	4.5261e-010
22875	7.5493e-010
22876	1.0355e-009
22877	8.3272e-010
22878	9.4963e-010
22879	1.0564e-009
22880	1.9773e-009
22881	2.9742e-010
22882	2.3501e-010
22883	1.2162e-010
22884	1.746e-010
22885	1.8627e-010
22886	2.0634e-010
22887	2.1544e-010
22888	2.1535e-010
22889	2.2846e-010
22890	2.1981e-010
22891	2.2135e-010
22892	2.2602e-010
22893	2.1765e-010
22894	2.2982e-010
22895	2.2289e-010
22896	2.3166e-010
22897	2.3368e-010
22898	2.3802e-010
22899	2.4581e-010
22900	2.4763e-010
22901	2.5814e-010
22902	2.5926e-010
22903	2.701e-010
22904	2.7254e-010
22905	2.8174e-010
22906	2.8712e-010
22907	2.9281e-010
22908	3.0315e-010
22909	3.0447e-010
22910	3.1851e-010
22911	3.1974e-010
22912	3.2884e-010
22913	3.3901e-010
22914	3.4242e-010
22915	3.5287e-010
22916	3.6196e-010
22917	3.6705e-010
22918	3.7578e-010
22919	3.8834e-010
22920	3.9291e-010
22921	4.023e-010
22922	4.1083e-010
22923	4.2268e-010
22924	4.2964e-010
22925	4.3984e-010
22926	4.498e-010
22927	4.6048e-010
22928	4.7118e-010
22929	4.8159e-010
22930	4.9361e-010
22931	5.0356e-010
22932	5.1511e-010
22933	5.2696e-010
22934	5.3876e-010
22935	5.5117e-010
22936	5.6252e-010
22937	5.79e-010
22938	5.8975e-010
22939	6.0393e-010
22940	6.1738e-010
22941	6.2966e-010
22942	6.432e-010
22943	6.6247e-010
22944	6.8225e-010
22945	6.8604e-010
22946	6.8566e-010
22947	6.8486e-010
22948	6.6707e-010
22949	6.464e-010
22950	6.3317e-010
22951	6.2271e-010
22952	6.1029e-010
22953	5.9572e-010
22954	5.901e-010
22955	5.6877e-010
22956	5.5949e-010
22957	5.4772e-010
22958	5.3611e-010
22959	5.2412e-010
22960	5.1232e-010
22961	5.0776e-010
22962	4.9223e-010
22963	4.843e-010
22964	4.7382e-010
22965	4.6062e-010
22966	4.5151e-010
22967	4.4394e-010
22968	4.5596e-010
22969	4.2573e-010
22970	4.1344e-010
22971	4.0389e-010
22972	4.4045e-010
22973	3.8913e-010
22974	3.7394e-010
22975	3.9298e-010
22976	3.7257e-010
22977	3.441e-010
22978	3.8219e-010
22979	3.4531e-010
22980	3.2898e-010
22981	3.9069e-010
22982	3.0319e-010
22983	3.5006e-010
22984	3.0721e-010
22985	3.0657e-010
22986	3.0797e-010
22987	2.7658e-010
22988	3.0685e-010
22989	2.5895e-010
22990	2.9657e-010
22991	2.503e-010
22992	2.5854e-010
22993	2.4853e-010
22994	2.4112e-010
22995	2.5157e-010
22996	2.1229e-010
22997	2.8272e-010
22998	1.9706e-010
22999	2.5868e-010
23000	2.1415e-010
23001	2.2837e-010
23002	3.8562e-010
23003	2.6543e-010
23004	4.2422e-010
23005	6.8671e-010
23006	9.0537e-010
23007	8.3562e-010
23008	7.7086e-010
23009	7.4139e-010
23010	2.0274e-009
23011	2.974e-010
23012	2.35e-010
23013	1.2156e-010
23014	1.7445e-010
23015	1.8612e-010
23016	2.0622e-010
23017	2.1532e-010
23018	2.1522e-010
23019	2.2833e-010
23020	2.1965e-010
23021	2.2119e-010
23022	2.2588e-010
23023	2.1753e-010
23024	2.2974e-010
23025	2.228e-010
23026	2.3155e-010
23027	2.3353e-010
23028	2.3784e-010
23029	2.4564e-010
23030	2.4751e-010
23031	2.581e-010
23032	2.593e-010
23033	2.7015e-010
23034	2.7243e-010
23035	2.8159e-010
23036	2.8709e-010
23037	2.9281e-010
23038	3.0312e-010
23039	3.0443e-010
23040	3.1853e-010
23041	3.1973e-010
23042	3.2877e-010
23043	3.3892e-010
23044	3.4234e-010
23045	3.5287e-010
23046	3.62e-010
23047	3.6699e-010
23048	3.756e-010
23049	3.8843e-010
23050	3.9285e-010
23051	4.0242e-010
23052	4.1106e-010
23053	4.2282e-010
23054	4.2959e-010
23055	4.3983e-010
23056	4.4991e-010
23057	4.6057e-010
23058	4.7109e-010
23059	4.8135e-010
23060	4.9326e-010
23061	5.0338e-010
23062	5.1483e-010
23063	5.2667e-010
23064	5.385e-010
23065	5.5079e-010
23066	5.6215e-010
23067	5.7858e-010
23068	5.8912e-010
23069	6.0323e-010
23070	6.166e-010
23071	6.2873e-010
23072	6.4233e-010
23073	6.6174e-010
23074	6.8114e-010
23075	6.8461e-010
23076	6.8435e-010
23077	6.8378e-010
23078	6.6594e-010
23079	6.4542e-010
23080	6.3217e-010
23081	6.2171e-010
23082	6.095e-010
23083	5.9501e-010
23084	5.8955e-010
23085	5.681e-010
23086	5.5879e-010
23087	5.4694e-010
23088	5.3542e-010
23089	5.2382e-010
23090	5.1208e-010
23091	5.0745e-010
23092	4.9206e-010
23093	4.8404e-010
23094	4.7331e-010
23095	4.5987e-010
23096	4.5077e-010
23097	4.4331e-010
23098	4.5489e-010
23099	4.25e-010
23100	4.1305e-010
23101	4.0164e-010
23102	4.4523e-010
23103	3.8695e-010
23104	3.7365e-010
23105	3.9242e-010
23106	3.72e-010
23107	3.4356e-010
23108	3.8174e-010
23109	3.4484e-010
23110	3.2845e-010
23111	3.9029e-010
23112	3.0261e-010
23113	3.4966e-010
23114	3.0672e-010
23115	3.0622e-010
23116	3.0779e-010
23117	2.7639e-010
23118	3.0672e-010
23119	2.5868e-010
23120	2.9637e-010
23121	2.4995e-010
23122	2.5823e-010
23123	2.4817e-010
23124	2.4083e-010
23125	2.5133e-010
23126	2.1216e-010
23127	2.8251e-010
23128	1.9698e-010
23129	2.5839e-010
23130	2.1389e-010
23131	2.2814e-010
23132	3.8513e-010
23133	2.6521e-010
23134	4.2387e-010
23135	6.8633e-010
23136	9.0496e-010
23137	8.3549e-010
23138	7.7074e-010
23139	7.4116e-010
23140	2.0271e-009
23141	3.1485e-010
23142	2.7866e-010
23143	1.6327e-010
23144	2.0272e-010
23145	2.1167e-010
23146	2.358e-010
23147	2.4578e-010
23148	2.4381e-010
23149	2.6427e-010
23150	2.5131e-010
23151	2.5541e-010
23152	2.6455e-010
23153	2.5104e-010
23154	2.7218e-010
23155	2.5921e-010
23156	2.7343e-010
23157	2.7475e-010
23158	2.7971e-010
23159	2.9065e-010
23160	2.9016e-010
23161	3.0605e-010
23162	3.0364e-010
23163	3.2013e-010
23164	3.1956e-010
23165	3.3272e-010
23166	3.3813e-010
23167	3.4377e-010
23168	3.5926e-010
23169	3.5537e-010
23170	3.7875e-010
23171	3.7444e-010
23172	3.8687e-010
23173	4.0153e-010
23174	4.0099e-010
23175	4.1599e-010
23176	4.2796e-010
23177	4.3088e-010
23178	4.4153e-010
23179	4.6083e-010
23180	4.6149e-010
23181	4.7349e-010
23182	4.8359e-010
23183	5.0067e-010
23184	5.0601e-010
23185	5.1797e-010
23186	5.2965e-010
23187	5.4285e-010
23188	5.554e-010
23189	5.6707e-010
23190	5.8238e-010
23191	5.9291e-010
23192	6.0664e-010
23193	6.2055e-010
23194	6.3465e-010
23195	6.4932e-010
23196	6.6115e-010
23197	6.8362e-010
23198	6.9339e-010
23199	7.1128e-010
23200	7.271e-010
23201	7.3872e-010
23202	7.5372e-010
23203	7.8188e-010
23204	8.1118e-010
23205	7.9952e-010
23206	7.9782e-010
23207	8.1439e-010
23208	7.888e-010
23209	7.5648e-010
23210	7.41e-010
23211	7.3313e-010
23212	7.1875e-010
23213	6.9901e-010
23214	7.0017e-010
23215	6.659e-010
23216	6.5848e-010
23217	6.4422e-010
23218	6.305e-010
23219	6.1635e-010
23220	6.0133e-010
23221	6.0211e-010
23222	5.7819e-010
23223	5.7114e-010
23224	5.5788e-010
23225	5.3801e-010
23226	5.281e-010
23227	5.1554e-010
23228	5.5379e-010
23229	4.9334e-010
23230	4.8137e-010
23231	4.5691e-010
23232	5.5374e-010
23233	4.4391e-010
23234	4.2418e-010
23235	4.7669e-010
23236	4.4279e-010
23237	3.8055e-010
23238	4.7108e-010
23239	4.009e-010
23240	3.6171e-010
23241	4.9192e-010
23242	3.2107e-010
23243	4.341e-010
23244	3.4722e-010
23245	3.5865e-010
23246	3.7134e-010
23247	3.1123e-010
23248	3.7731e-010
23249	2.8658e-010
23250	3.6538e-010
23251	2.8124e-010
23252	3.1838e-010
23253	2.8456e-010
23254	2.8199e-010
23255	3.0505e-010
23256	2.3157e-010
23257	3.533e-010
23258	2.0795e-010
23259	3.1763e-010
23260	2.4707e-010
23261	2.3762e-010
23262	4.7185e-010
23263	2.7599e-010
23264	4.5252e-010
23265	7.5471e-010
23266	1.035e-009
23267	8.3302e-010
23268	9.4957e-010
23269	1.0558e-009
23270	1.9769e-009
23271	2.9727e-010
23272	2.3498e-010
23273	1.215e-010
23274	1.7438e-010
23275	1.8609e-010
23276	2.062e-010
23277	2.1532e-010
23278	2.1523e-010
23279	2.2833e-010
23280	2.197e-010
23281	2.2127e-010
23282	2.2596e-010
23283	2.1758e-010
23284	2.2974e-010
23285	2.2284e-010
23286	2.3162e-010
23287	2.336e-010
23288	2.3787e-010
23289	2.4566e-010
23290	2.4758e-010
23291	2.5817e-010
23292	2.5933e-010
23293	2.7011e-010
23294	2.7241e-010
23295	2.8158e-010
23296	2.8709e-010
23297	2.9279e-010
23298	3.0306e-010
23299	3.0443e-010
23300	3.1859e-010
23301	3.1987e-010
23302	3.2899e-010
23303	3.3915e-010
23304	3.4246e-010
23305	3.5284e-010
23306	3.6202e-010
23307	3.672e-010
23308	3.76e-010
23309	3.8883e-010
23310	3.9334e-010
23311	4.0276e-010
23312	4.1118e-010
23313	4.2287e-010
23314	4.2985e-010
23315	4.4017e-010
23316	4.5027e-010
23317	4.6107e-010
23318	4.7176e-010
23319	4.8197e-010
23320	4.9388e-010
23321	5.0381e-010
23322	5.1534e-010
23323	5.2682e-010
23324	5.3882e-010
23325	5.5105e-010
23326	5.6227e-010
23327	5.7845e-010
23328	5.8902e-010
23329	6.0322e-010
23330	6.1662e-010
23331	6.2889e-010
23332	6.4216e-010
23333	6.6165e-010
23334	6.8096e-010
23335	6.8444e-010
23336	6.842e-010
23337	6.8361e-010
23338	6.6576e-010
23339	6.4502e-010
23340	6.3171e-010
23341	6.212e-010
23342	6.0893e-010
23343	5.9434e-010
23344	5.8894e-010
23345	5.6748e-010
23346	5.583e-010
23347	5.4641e-010
23348	5.3465e-010
23349	5.2286e-010
23350	5.1121e-010
23351	5.0674e-010
23352	4.9116e-010
23353	4.8319e-010
23354	4.7253e-010
23355	4.5917e-010
23356	4.5006e-010
23357	4.428e-010
23358	4.5448e-010
23359	4.2457e-010
23360	4.1266e-010
23361	4.009e-010
23362	4.4792e-010
23363	3.8647e-010
23364	3.7364e-010
23365	3.9227e-010
23366	3.7179e-010
23367	3.4341e-010
23368	3.8165e-010
23369	3.4479e-010
23370	3.2843e-010
23371	3.9028e-010
23372	3.0275e-010
23373	3.4979e-010
23374	3.0691e-010
23375	3.0636e-010
23376	3.0783e-010
23377	2.7654e-010
23378	3.0684e-010
23379	2.5896e-010
23380	2.9654e-010
23381	2.5017e-010
23382	2.5835e-010
23383	2.4825e-010
23384	2.4075e-010
23385	2.5117e-010
23386	2.1187e-010
23387	2.8231e-010
23388	1.9658e-010
23389	2.5816e-010
23390	2.1358e-010
23391	2.277e-010
23392	3.851e-010
23393	2.6476e-010
23394	4.2354e-010
23395	6.8611e-010
23396	9.0491e-010
23397	8.3512e-010
23398	7.7067e-010
23399	7.4111e-010
23400	2.0268e-009
