Element Number	Structural Error (J)
1	5.8573e-011
2	5.6929e-011
3	6.6817e-011
4	5.9801e-011
5	6.7476e-011
6	6.206e-011
7	6.4289e-011
8	6.8068e-011
9	6.4302e-011
10	7.0613e-011
11	7.0901e-011
12	6.9727e-011
13	7.6746e-011
14	7.1799e-011
15	7.9383e-011
16	7.7372e-011
17	8.0568e-011
18	8.2549e-011
19	8.2669e-011
20	8.7224e-011
21	8.569e-011
22	9.15e-011
23	8.9779e-011
24	9.521e-011
25	9.4825e-011
26	9.8225e-011
27	1.0155e-010
28	1.0002e-010
29	1.0793e-010
30	1.0374e-010
31	1.118e-010
32	1.1237e-010
33	1.1212e-010
34	1.1928e-010
35	1.1921e-010
36	1.2061e-010
37	1.2671e-010
38	1.289e-010
39	1.2778e-010
40	1.3507e-010
41	1.3774e-010
42	1.4045e-010
43	1.4069e-010
44	1.4626e-010
45	1.4988e-010
46	1.5325e-010
47	1.5608e-010
48	1.5939e-010
49	1.6358e-010
50	1.6569e-010
51	1.7122e-010
52	1.7469e-010
53	1.7863e-010
54	1.8276e-010
55	1.8686e-010
56	1.9153e-010
57	1.9422e-010
58	1.9952e-010
59	2.0417e-010
60	2.0924e-010
61	2.162e-010
62	2.218e-010
63	2.22e-010
64	2.2349e-010
65	2.4096e-010
66	2.422e-010
67	2.2412e-010
68	2.2224e-010
69	2.249e-010
70	2.2054e-010
71	2.1305e-010
72	2.0823e-010
73	2.0348e-010
74	1.9657e-010
75	1.9638e-010
76	1.9167e-010
77	1.8774e-010
78	1.841e-010
79	1.8067e-010
80	1.7896e-010
81	1.6794e-010
82	1.7245e-010
83	1.6724e-010
84	1.6499e-010
85	1.658e-010
86	1.6415e-010
87	1.6604e-010
88	1.4351e-010
89	1.6309e-010
90	1.5809e-010
91	1.6392e-010
92	1.3422e-010
93	1.5617e-010
94	1.5768e-010
95	1.2631e-010
96	1.3054e-010
97	1.5612e-010
98	1.1821e-010
99	1.3779e-010
100	1.5845e-010
101	1.1557e-010
102	1.5888e-010
103	1.0891e-010
104	1.3953e-010
105	1.23e-010
106	1.0755e-010
107	1.2276e-010
108	9.779e-011
109	1.1951e-010
110	8.9818e-011
111	1.1024e-010
112	9.1081e-011
113	9.8719e-011
114	9.6486e-011
115	8.6452e-011
116	1.0861e-010
117	8.0914e-011
118	1.0498e-010
119	8.0349e-011
120	8.7207e-011
121	8.342e-011
122	8.9534e-011
123	1.1747e-010
124	1.6363e-010
125	1.9977e-010
126	2.9706e-010
127	6.6221e-010
128	6.8447e-010
129	8.0811e-010
130	8.8124e-010
131	4.2267e-011
132	4.7617e-011
133	6.2094e-011
134	6.9304e-011
135	7.1181e-011
136	6.9563e-011
137	7.0695e-011
138	7.2981e-011
139	7.5944e-011
140	7.535e-011
141	7.7151e-011
142	8.0248e-011
143	8.0056e-011
144	8.5102e-011
145	8.3801e-011
146	8.7088e-011
147	8.8493e-011
148	9.0368e-011
149	9.3284e-011
150	9.3731e-011
151	9.7974e-011
152	9.7728e-011
153	1.0263e-010
154	1.026e-010
155	1.0675e-010
156	1.0818e-010
157	1.0965e-010
158	1.1519e-010
159	1.133e-010
160	1.216e-010
161	1.194e-010
162	1.2314e-010
163	1.2857e-010
164	1.2746e-010
165	1.3271e-010
166	1.3675e-010
167	1.3665e-010
168	1.4044e-010
169	1.4758e-010
170	1.468e-010
171	1.5016e-010
172	1.5404e-010
173	1.6033e-010
174	1.6137e-010
175	1.646e-010
176	1.6817e-010
177	1.7242e-010
178	1.7657e-010
179	1.8019e-010
180	1.8608e-010
181	1.8849e-010
182	1.9307e-010
183	1.9752e-010
184	2.0196e-010
185	2.0635e-010
186	2.108e-010
187	2.1733e-010
188	2.214e-010
189	2.2665e-010
190	2.3146e-010
191	2.3497e-010
192	2.401e-010
193	2.5024e-010
194	2.6054e-010
195	2.5483e-010
196	2.5447e-010
197	2.6207e-010
198	2.5341e-010
199	2.4166e-010
200	2.3669e-010
201	2.3494e-010
202	2.3038e-010
203	2.2604e-010
204	2.2374e-010
205	2.1474e-010
206	2.109e-010
207	2.0668e-010
208	2.024e-010
209	1.9834e-010
210	1.9345e-010
211	1.9843e-010
212	1.8779e-010
213	1.8673e-010
214	1.8159e-010
215	1.7441e-010
216	1.7358e-010
217	1.7303e-010
218	1.9697e-010
219	1.6706e-010
220	1.5878e-010
221	1.5921e-010
222	1.9463e-010
223	1.5526e-010
224	1.4409e-010
225	1.6587e-010
226	1.5091e-010
227	1.3249e-010
228	1.6853e-010
229	1.41e-010
230	1.3584e-010
231	1.8411e-010
232	1.2155e-010
233	1.5715e-010
234	1.2993e-010
235	1.3101e-010
236	1.3278e-010
237	1.1132e-010
238	1.3871e-010
239	1.0099e-010
240	1.2196e-010
241	1.0219e-010
242	1.1109e-010
243	1.0154e-010
244	1.0077e-010
245	1.0136e-010
246	9.448e-011
247	1.1226e-010
248	8.6736e-011
249	9.1954e-011
250	8.1484e-011
251	8.3531e-011
252	8.5409e-011
253	1.1272e-010
254	1.7908e-010
255	2.0279e-010
256	3.1923e-010
257	6.7925e-010
258	7.4328e-010
259	7.5454e-010
260	9.6056e-010
261	5.8561e-011
262	5.6901e-011
263	6.6755e-011
264	5.9715e-011
265	6.7438e-011
266	6.2031e-011
267	6.4263e-011
268	6.8073e-011
269	6.431e-011
270	7.0605e-011
271	7.089e-011
272	6.9738e-011
273	7.6766e-011
274	7.1825e-011
275	7.9367e-011
276	7.737e-011
277	8.0531e-011
278	8.2535e-011
279	8.262e-011
280	8.7189e-011
281	8.5627e-011
282	9.1452e-011
283	8.9786e-011
284	9.5164e-011
285	9.4792e-011
286	9.8144e-011
287	1.0149e-010
288	1.0001e-010
289	1.0789e-010
290	1.0367e-010
291	1.1179e-010
292	1.1244e-010
293	1.1215e-010
294	1.1924e-010
295	1.1906e-010
296	1.2052e-010
297	1.2675e-010
298	1.2901e-010
299	1.2778e-010
300	1.3497e-010
301	1.3761e-010
302	1.404e-010
303	1.4068e-010
304	1.4622e-010
305	1.4983e-010
306	1.5331e-010
307	1.561e-010
308	1.5942e-010
309	1.6363e-010
310	1.6567e-010
311	1.7106e-010
312	1.7463e-010
313	1.7868e-010
314	1.8273e-010
315	1.8685e-010
316	1.9142e-010
317	1.9425e-010
318	1.9954e-010
319	2.0416e-010
320	2.0907e-010
321	2.1613e-010
322	2.2187e-010
323	2.2196e-010
324	2.2352e-010
325	2.412e-010
326	2.4225e-010
327	2.2418e-010
328	2.223e-010
329	2.2481e-010
330	2.205e-010
331	2.1301e-010
332	2.083e-010
333	2.0352e-010
334	1.9657e-010
335	1.9643e-010
336	1.9166e-010
337	1.8774e-010
338	1.8411e-010
339	1.8069e-010
340	1.7877e-010
341	1.6782e-010
342	1.7216e-010
343	1.6719e-010
344	1.6499e-010
345	1.6572e-010
346	1.6418e-010
347	1.6603e-010
348	1.4339e-010
349	1.6302e-010
350	1.5818e-010
351	1.6386e-010
352	1.3424e-010
353	1.5622e-010
354	1.5777e-010
355	1.2631e-010
356	1.3054e-010
357	1.5611e-010
358	1.1824e-010
359	1.3785e-010
360	1.5849e-010
361	1.1565e-010
362	1.5893e-010
363	1.0895e-010
364	1.3955e-010
365	1.2304e-010
366	1.0766e-010
367	1.2283e-010
368	9.7876e-011
369	1.1957e-010
370	8.9866e-011
371	1.1031e-010
372	9.1085e-011
373	9.8765e-011
374	9.6517e-011
375	8.6452e-011
376	1.0858e-010
377	8.0879e-011
378	1.0497e-010
379	8.0335e-011
380	8.7183e-011
381	8.3431e-011
382	8.9545e-011
383	1.1743e-010
384	1.6366e-010
385	1.9982e-010
386	2.9705e-010
387	6.6232e-010
388	6.8455e-010
389	8.0799e-010
390	8.8129e-010
391	5.8553e-011
392	5.6873e-011
393	6.6715e-011
394	5.9707e-011
395	6.7392e-011
396	6.2006e-011
397	6.4263e-011
398	6.8063e-011
399	6.4278e-011
400	7.0614e-011
401	7.0843e-011
402	6.969e-011
403	7.6755e-011
404	7.1826e-011
405	7.9371e-011
406	7.7346e-011
407	8.0492e-011
408	8.2473e-011
409	8.2582e-011
410	8.7141e-011
411	8.5604e-011
412	9.141e-011
413	8.9705e-011
414	9.5119e-011
415	9.468e-011
416	9.8051e-011
417	1.0138e-010
418	1.0003e-010
419	1.079e-010
420	1.0364e-010
421	1.1176e-010
422	1.124e-010
423	1.1212e-010
424	1.1921e-010
425	1.1898e-010
426	1.2053e-010
427	1.2681e-010
428	1.2914e-010
429	1.2767e-010
430	1.3512e-010
431	1.3758e-010
432	1.4033e-010
433	1.4062e-010
434	1.4613e-010
435	1.4969e-010
436	1.5324e-010
437	1.5614e-010
438	1.5944e-010
439	1.6367e-010
440	1.655e-010
441	1.7101e-010
442	1.7459e-010
443	1.7865e-010
444	1.8275e-010
445	1.8684e-010
446	1.9147e-010
447	1.9425e-010
448	1.9949e-010
449	2.0417e-010
450	2.091e-010
451	2.1624e-010
452	2.2184e-010
453	2.2199e-010
454	2.2352e-010
455	2.4143e-010
456	2.425e-010
457	2.2414e-010
458	2.2237e-010
459	2.2477e-010
460	2.2037e-010
461	2.1307e-010
462	2.0816e-010
463	2.0352e-010
464	1.9651e-010
465	1.9647e-010
466	1.9174e-010
467	1.8777e-010
468	1.8413e-010
469	1.807e-010
470	1.7839e-010
471	1.6816e-010
472	1.7173e-010
473	1.6717e-010
474	1.6499e-010
475	1.6582e-010
476	1.6424e-010
477	1.6602e-010
478	1.4341e-010
479	1.6302e-010
480	1.5812e-010
481	1.639e-010
482	1.3428e-010
483	1.5626e-010
484	1.5778e-010
485	1.2632e-010
486	1.3055e-010
487	1.5614e-010
488	1.1831e-010
489	1.3787e-010
490	1.5854e-010
491	1.1564e-010
492	1.5901e-010
493	1.0899e-010
494	1.3965e-010
495	1.2313e-010
496	1.0774e-010
497	1.2288e-010
498	9.793e-011
499	1.1966e-010
500	8.993e-011
501	1.1031e-010
502	9.118e-011
503	9.8808e-011
504	9.661e-011
505	8.6515e-011
506	1.0866e-010
507	8.0901e-011
508	1.0504e-010
509	8.0379e-011
510	8.7222e-011
511	8.3434e-011
512	8.9526e-011
513	1.1746e-010
514	1.6366e-010
515	1.9981e-010
516	2.9713e-010
517	6.6225e-010
518	6.8452e-010
519	8.0809e-010
520	8.8132e-010
521	4.2194e-011
522	4.7552e-011
523	6.2052e-011
524	6.9234e-011
525	7.1111e-011
526	6.9491e-011
527	7.0678e-011
528	7.2981e-011
529	7.589e-011
530	7.5273e-011
531	7.7101e-011
532	8.0151e-011
533	8.0079e-011
534	8.51e-011
535	8.3838e-011
536	8.7036e-011
537	8.8391e-011
538	9.0301e-011
539	9.3182e-011
540	9.3668e-011
541	9.791e-011
542	9.757e-011
543	1.0251e-010
544	1.0248e-010
545	1.0658e-010
546	1.0789e-010
547	1.0948e-010
548	1.1513e-010
549	1.1332e-010
550	1.2164e-010
551	1.193e-010
552	1.2318e-010
553	1.2869e-010
554	1.2731e-010
555	1.3242e-010
556	1.3659e-010
557	1.368e-010
558	1.4048e-010
559	1.4786e-010
560	1.4659e-010
561	1.5007e-010
562	1.5393e-010
563	1.6018e-010
564	1.6113e-010
565	1.6439e-010
566	1.6808e-010
567	1.7249e-010
568	1.7675e-010
569	1.8029e-010
570	1.8604e-010
571	1.8838e-010
572	1.9304e-010
573	1.9754e-010
574	2.0191e-010
575	2.0644e-010
576	2.1071e-010
577	2.1736e-010
578	2.215e-010
579	2.2641e-010
580	2.3135e-010
581	2.3505e-010
582	2.4023e-010
583	2.5015e-010
584	2.6081e-010
585	2.5509e-010
586	2.5478e-010
587	2.6246e-010
588	2.5344e-010
589	2.4175e-010
590	2.3678e-010
591	2.3497e-010
592	2.3031e-010
593	2.2596e-010
594	2.2389e-010
595	2.1478e-010
596	2.1092e-010
597	2.0669e-010
598	2.025e-010
599	1.9821e-010
600	1.9393e-010
601	1.9667e-010
602	1.8799e-010
603	1.8644e-010
604	1.8166e-010
605	1.7457e-010
606	1.7368e-010
607	1.7306e-010
608	1.9703e-010
609	1.6706e-010
610	1.5878e-010
611	1.5927e-010
612	1.9467e-010
613	1.5525e-010
614	1.4413e-010
615	1.6591e-010
616	1.5089e-010
617	1.3259e-010
618	1.6856e-010
619	1.4115e-010
620	1.359e-010
621	1.8422e-010
622	1.2169e-010
623	1.5731e-010
624	1.3011e-010
625	1.3117e-010
626	1.3293e-010
627	1.1145e-010
628	1.3887e-010
629	1.0119e-010
630	1.2209e-010
631	1.023e-010
632	1.1121e-010
633	1.0173e-010
634	1.0096e-010
635	1.0146e-010
636	9.4546e-011
637	1.1235e-010
638	8.6834e-011
639	9.2021e-011
640	8.1561e-011
641	8.3545e-011
642	8.543e-011
643	1.1275e-010
644	1.7912e-010
645	2.028e-010
646	3.1931e-010
647	6.7939e-010
648	7.4317e-010
649	7.5471e-010
650	9.6063e-010
651	5.8553e-011
652	5.6872e-011
653	6.6715e-011
654	5.9707e-011
655	6.7392e-011
656	6.2006e-011
657	6.4264e-011
658	6.8058e-011
659	6.4278e-011
660	7.0614e-011
661	7.0843e-011
662	6.969e-011
663	7.6755e-011
664	7.1826e-011
665	7.9372e-011
666	7.7345e-011
667	8.0492e-011
668	8.2473e-011
669	8.2583e-011
670	8.7141e-011
671	8.5604e-011
672	9.141e-011
673	8.9705e-011
674	9.5118e-011
675	9.468e-011
676	9.8049e-011
677	1.0138e-010
678	1.0003e-010
679	1.079e-010
680	1.0364e-010
681	1.1176e-010
682	1.124e-010
683	1.1212e-010
684	1.1921e-010
685	1.1898e-010
686	1.2053e-010
687	1.268e-010
688	1.2933e-010
689	1.2746e-010
690	1.3524e-010
691	1.3761e-010
692	1.4035e-010
693	1.4063e-010
694	1.4614e-010
695	1.4971e-010
696	1.5323e-010
697	1.5614e-010
698	1.5943e-010
699	1.6367e-010
700	1.655e-010
701	1.7101e-010
702	1.7459e-010
703	1.7865e-010
704	1.8275e-010
705	1.8685e-010
706	1.9147e-010
707	1.9424e-010
708	1.9949e-010
709	2.0417e-010
710	2.091e-010
711	2.1624e-010
712	2.2184e-010
713	2.2199e-010
714	2.2352e-010
715	2.4144e-010
716	2.4248e-010
717	2.2414e-010
718	2.2235e-010
719	2.2477e-010
720	2.2038e-010
721	2.1308e-010
722	2.0817e-010
723	2.0351e-010
724	1.9651e-010
725	1.9647e-010
726	1.9174e-010
727	1.8777e-010
728	1.8414e-010
729	1.8085e-010
730	1.7767e-010
731	1.6937e-010
732	1.7103e-010
733	1.6726e-010
734	1.6504e-010
735	1.6581e-010
736	1.6423e-010
737	1.66e-010
738	1.4344e-010
739	1.6299e-010
740	1.5814e-010
741	1.6393e-010
742	1.3424e-010
743	1.5626e-010
744	1.5779e-010
745	1.2632e-010
746	1.3055e-010
747	1.5614e-010
748	1.1831e-010
749	1.3787e-010
750	1.5854e-010
751	1.1565e-010
752	1.59e-010
753	1.0898e-010
754	1.3965e-010
755	1.2313e-010
756	1.0774e-010
757	1.2287e-010
758	9.7944e-011
759	1.1966e-010
760	8.993e-011
761	1.1031e-010
762	9.118e-011
763	9.8806e-011
764	9.6607e-011
765	8.6515e-011
766	1.0866e-010
767	8.0902e-011
768	1.0504e-010
769	8.038e-011
770	8.7222e-011
771	8.3434e-011
772	8.9526e-011
773	1.1746e-010
774	1.6365e-010
775	1.9981e-010
776	2.9713e-010
777	6.6226e-010
778	6.8452e-010
779	8.0809e-010
780	8.8132e-010
781	5.8561e-011
782	5.6911e-011
783	6.6751e-011
784	5.9715e-011
785	6.7438e-011
786	6.2031e-011
787	6.4263e-011
788	6.8074e-011
789	6.431e-011
790	7.0603e-011
791	7.0888e-011
792	6.9738e-011
793	7.6766e-011
794	7.1821e-011
795	7.9363e-011
796	7.737e-011
797	8.0531e-011
798	8.2535e-011
799	8.2632e-011
800	8.7206e-011
801	8.5627e-011
802	9.1449e-011
803	8.9783e-011
804	9.5164e-011
805	9.4793e-011
806	9.8144e-011
807	1.0149e-010
808	1.0001e-010
809	1.0789e-010
810	1.0369e-010
811	1.1177e-010
812	1.1243e-010
813	1.1215e-010
814	1.1926e-010
815	1.1905e-010
816	1.2052e-010
817	1.2674e-010
818	1.2929e-010
819	1.274e-010
820	1.3524e-010
821	1.376e-010
822	1.4039e-010
823	1.4071e-010
824	1.4624e-010
825	1.498e-010
826	1.5331e-010
827	1.5608e-010
828	1.5941e-010
829	1.6363e-010
830	1.6567e-010
831	1.7106e-010
832	1.7466e-010
833	1.7868e-010
834	1.8273e-010
835	1.8685e-010
836	1.9142e-010
837	1.9424e-010
838	1.9953e-010
839	2.0416e-010
840	2.0907e-010
841	2.1613e-010
842	2.2188e-010
843	2.2192e-010
844	2.2355e-010
845	2.4118e-010
846	2.4221e-010
847	2.2416e-010
848	2.2229e-010
849	2.2484e-010
850	2.2049e-010
851	2.1303e-010
852	2.0826e-010
853	2.0352e-010
854	1.9657e-010
855	1.9643e-010
856	1.9167e-010
857	1.8769e-010
858	1.8409e-010
859	1.8082e-010
860	1.7759e-010
861	1.6952e-010
862	1.71e-010
863	1.6722e-010
864	1.6497e-010
865	1.6574e-010
866	1.6419e-010
867	1.6601e-010
868	1.4342e-010
869	1.63e-010
870	1.5818e-010
871	1.6389e-010
872	1.3421e-010
873	1.5617e-010
874	1.5777e-010
875	1.2635e-010
876	1.305e-010
877	1.5611e-010
878	1.1824e-010
879	1.3784e-010
880	1.5847e-010
881	1.1565e-010
882	1.5898e-010
883	1.0894e-010
884	1.3954e-010
885	1.2304e-010
886	1.0765e-010
887	1.2283e-010
888	9.7876e-011
889	1.1957e-010
890	8.988e-011
891	1.1033e-010
892	9.108e-011
893	9.8758e-011
894	9.6511e-011
895	8.6452e-011
896	1.0858e-010
897	8.0879e-011
898	1.0497e-010
899	8.0332e-011
900	8.718e-011
901	8.3431e-011
902	8.9545e-011
903	1.1743e-010
904	1.6366e-010
905	1.9982e-010
906	2.9705e-010
907	6.6232e-010
908	6.8452e-010
909	8.0799e-010
910	8.8129e-010
911	4.2267e-011
912	4.7621e-011
913	6.2097e-011
914	6.9287e-011
915	7.1185e-011
916	6.9563e-011
917	7.0695e-011
918	7.2984e-011
919	7.5953e-011
920	7.5357e-011
921	7.7154e-011
922	8.0229e-011
923	8.0063e-011
924	8.5081e-011
925	8.3763e-011
926	8.7094e-011
927	8.8493e-011
928	9.0368e-011
929	9.3294e-011
930	9.374e-011
931	9.7974e-011
932	9.7736e-011
933	1.0261e-010
934	1.0259e-010
935	1.0676e-010
936	1.0818e-010
937	1.0965e-010
938	1.1516e-010
939	1.1326e-010
940	1.2162e-010
941	1.1936e-010
942	1.2315e-010
943	1.2857e-010
944	1.2747e-010
945	1.3266e-010
946	1.3678e-010
947	1.3665e-010
948	1.4027e-010
949	1.4799e-010
950	1.4665e-010
951	1.5015e-010
952	1.5411e-010
953	1.6038e-010
954	1.6133e-010
955	1.6458e-010
956	1.6804e-010
957	1.7238e-010
958	1.766e-010
959	1.802e-010
960	1.8614e-010
961	1.8848e-010
962	1.9308e-010
963	1.9753e-010
964	2.0197e-010
965	2.0636e-010
966	2.1081e-010
967	2.1735e-010
968	2.2141e-010
969	2.2665e-010
970	2.3146e-010
971	2.3497e-010
972	2.4014e-010
973	2.5022e-010
974	2.6054e-010
975	2.5488e-010
976	2.5441e-010
977	2.6207e-010
978	2.5345e-010
979	2.4172e-010
980	2.3679e-010
981	2.3477e-010
982	2.3043e-010
983	2.2605e-010
984	2.2374e-010
985	2.1474e-010
986	2.1091e-010
987	2.0665e-010
988	2.0231e-010
989	1.9817e-010
990	1.9429e-010
991	1.9623e-010
992	1.8854e-010
993	1.8658e-010
994	1.8155e-010
995	1.7436e-010
996	1.7357e-010
997	1.7308e-010
998	1.9693e-010
999	1.6701e-010
1000	1.5881e-010
1001	1.5922e-010
1002	1.9461e-010
1003	1.552e-010
1004	1.4408e-010
1005	1.6591e-010
1006	1.509e-010
1007	1.3252e-010
1008	1.6853e-010
1009	1.4098e-010
1010	1.3583e-010
1011	1.8413e-010
1012	1.2153e-010
1013	1.5716e-010
1014	1.2993e-010
1015	1.3102e-010
1016	1.3277e-010
1017	1.1133e-010
1018	1.3872e-010
1019	1.01e-010
1020	1.2196e-010
1021	1.0218e-010
1022	1.111e-010
1023	1.0153e-010
1024	1.0077e-010
1025	1.0137e-010
1026	9.4485e-011
1027	1.1226e-010
1028	8.6736e-011
1029	9.1933e-011
1030	8.1487e-011
1031	8.3531e-011
1032	8.5409e-011
1033	1.1272e-010
1034	1.7908e-010
1035	2.0277e-010
1036	3.1924e-010
1037	6.7926e-010
1038	7.4329e-010
1039	7.5457e-010
1040	9.6056e-010
1041	5.8573e-011
1042	5.6929e-011
1043	6.6817e-011
1044	5.9799e-011
1045	6.7475e-011
1046	6.206e-011
1047	6.4289e-011
1048	6.8066e-011
1049	6.4308e-011
1050	7.0631e-011
1051	7.0901e-011
1052	6.9723e-011
1053	7.6742e-011
1054	7.1799e-011
1055	7.9377e-011
1056	7.7367e-011
1057	8.0568e-011
1058	8.2549e-011
1059	8.2669e-011
1060	8.7224e-011
1061	8.569e-011
1062	9.1498e-011
1063	8.9774e-011
1064	9.5197e-011
1065	9.4838e-011
1066	9.8225e-011
1067	1.0155e-010
1068	1.0002e-010
1069	1.0792e-010
1070	1.0373e-010
1071	1.1179e-010
1072	1.1237e-010
1073	1.121e-010
1074	1.1927e-010
1075	1.1919e-010
1076	1.2058e-010
1077	1.2667e-010
1078	1.2921e-010
1079	1.2742e-010
1080	1.3537e-010
1081	1.3775e-010
1082	1.4049e-010
1083	1.4069e-010
1084	1.4634e-010
1085	1.4985e-010
1086	1.5326e-010
1087	1.5604e-010
1088	1.5939e-010
1089	1.6358e-010
1090	1.6569e-010
1091	1.7122e-010
1092	1.7469e-010
1093	1.7863e-010
1094	1.8276e-010
1095	1.8686e-010
1096	1.9153e-010
1097	1.9422e-010
1098	1.9952e-010
1099	2.0417e-010
1100	2.0924e-010
1101	2.162e-010
1102	2.2182e-010
1103	2.2205e-010
1104	2.2348e-010
1105	2.4096e-010
1106	2.4223e-010
1107	2.2412e-010
1108	2.2229e-010
1109	2.2495e-010
1110	2.2053e-010
1111	2.1309e-010
1112	2.0821e-010
1113	2.035e-010
1114	1.9657e-010
1115	1.9638e-010
1116	1.9167e-010
1117	1.8778e-010
1118	1.8407e-010
1119	1.8081e-010
1120	1.7755e-010
1121	1.6943e-010
1122	1.7102e-010
1123	1.6732e-010
1124	1.6504e-010
1125	1.6579e-010
1126	1.6421e-010
1127	1.6598e-010
1128	1.4343e-010
1129	1.6296e-010
1130	1.5816e-010
1131	1.6388e-010
1132	1.3425e-010
1133	1.5615e-010
1134	1.577e-010
1135	1.2628e-010
1136	1.3055e-010
1137	1.5613e-010
1138	1.1821e-010
1139	1.3778e-010
1140	1.5843e-010
1141	1.156e-010
1142	1.5887e-010
1143	1.0891e-010
1144	1.3953e-010
1145	1.2301e-010
1146	1.0756e-010
1147	1.2274e-010
1148	9.7789e-011
1149	1.1953e-010
1150	8.9813e-011
1151	1.1024e-010
1152	9.108e-011
1153	9.8734e-011
1154	9.6486e-011
1155	8.6448e-011
1156	1.0863e-010
1157	8.0915e-011
1158	1.0498e-010
1159	8.0349e-011
1160	8.7207e-011
1161	8.342e-011
1162	8.9535e-011
1163	1.1747e-010
1164	1.6363e-010
1165	1.9976e-010
1166	2.9706e-010
1167	6.6223e-010
1168	6.8448e-010
1169	8.0808e-010
1170	8.8118e-010
1171	5.8573e-011
1172	5.6929e-011
1173	6.6817e-011
1174	5.9801e-011
1175	6.7476e-011
1176	6.2046e-011
1177	6.4296e-011
1178	6.8069e-011
1179	6.4301e-011
1180	7.0616e-011
1181	7.0906e-011
1182	6.9713e-011
1183	7.6746e-011
1184	7.1799e-011
1185	7.9383e-011
1186	7.7372e-011
1187	8.0568e-011
1188	8.2549e-011
1189	8.2669e-011
1190	8.7224e-011
1191	8.569e-011
1192	9.1503e-011
1193	8.9782e-011
1194	9.521e-011
1195	9.4825e-011
1196	9.8224e-011
1197	1.0155e-010
1198	1.0002e-010
1199	1.0792e-010
1200	1.0374e-010
1201	1.1179e-010
1202	1.1237e-010
1203	1.1212e-010
1204	1.1928e-010
1205	1.192e-010
1206	1.2058e-010
1207	1.267e-010
1208	1.292e-010
1209	1.2743e-010
1210	1.3536e-010
1211	1.377e-010
1212	1.405e-010
1213	1.407e-010
1214	1.4626e-010
1215	1.4985e-010
1216	1.5327e-010
1217	1.5608e-010
1218	1.594e-010
1219	1.6358e-010
1220	1.657e-010
1221	1.7122e-010
1222	1.7466e-010
1223	1.7868e-010
1224	1.8273e-010
1225	1.8687e-010
1226	1.9153e-010
1227	1.9422e-010
1228	1.9952e-010
1229	2.0417e-010
1230	2.0924e-010
1231	2.162e-010
1232	2.2182e-010
1233	2.2201e-010
1234	2.235e-010
1235	2.4099e-010
1236	2.4228e-010
1237	2.241e-010
1238	2.2228e-010
1239	2.2495e-010
1240	2.2057e-010
1241	2.1309e-010
1242	2.0822e-010
1243	2.035e-010
1244	1.9657e-010
1245	1.9638e-010
1246	1.9167e-010
1247	1.8778e-010
1248	1.8405e-010
1249	1.8077e-010
1250	1.7761e-010
1251	1.6943e-010
1252	1.7101e-010
1253	1.6729e-010
1254	1.6498e-010
1255	1.6577e-010
1256	1.6417e-010
1257	1.6597e-010
1258	1.4339e-010
1259	1.63e-010
1260	1.5818e-010
1261	1.6389e-010
1262	1.3424e-010
1263	1.5621e-010
1264	1.5771e-010
1265	1.263e-010
1266	1.3056e-010
1267	1.5614e-010
1268	1.1821e-010
1269	1.3778e-010
1270	1.5844e-010
1271	1.1559e-010
1272	1.5887e-010
1273	1.0891e-010
1274	1.3953e-010
1275	1.2302e-010
1276	1.0755e-010
1277	1.2275e-010
1278	9.7789e-011
1279	1.1951e-010
1280	8.9822e-011
1281	1.1025e-010
1282	9.1083e-011
1283	9.8716e-011
1284	9.6486e-011
1285	8.6453e-011
1286	1.0861e-010
1287	8.0915e-011
1288	1.0498e-010
1289	8.0352e-011
1290	8.721e-011
1291	8.342e-011
1292	8.9544e-011
1293	1.1746e-010
1294	1.6363e-010
1295	1.9977e-010
1296	2.9705e-010
1297	6.622e-010
1298	6.8448e-010
1299	8.0809e-010
1300	8.8119e-010
1301	4.226e-011
1302	4.7614e-011
1303	6.2094e-011
1304	6.9302e-011
1305	7.1175e-011
1306	6.9553e-011
1307	7.0679e-011
1308	7.2971e-011
1309	7.5938e-011
1310	7.5366e-011
1311	7.7138e-011
1312	8.0231e-011
1313	8.0073e-011
1314	8.5096e-011
1315	8.3801e-011
1316	8.7088e-011
1317	8.8493e-011
1318	9.0368e-011
1319	9.3284e-011
1320	9.3711e-011
1321	9.7999e-011
1322	9.7714e-011
1323	1.0264e-010
1324	1.0258e-010
1325	1.0678e-010
1326	1.0817e-010
1327	1.0966e-010
1328	1.1518e-010
1329	1.1329e-010
1330	1.216e-010
1331	1.1939e-010
1332	1.2316e-010
1333	1.2861e-010
1334	1.2745e-010
1335	1.3267e-010
1336	1.3679e-010
1337	1.3664e-010
1338	1.4021e-010
1339	1.4797e-010
1340	1.4662e-010
1341	1.5021e-010
1342	1.5407e-010
1343	1.6033e-010
1344	1.614e-010
1345	1.6452e-010
1346	1.6807e-010
1347	1.7241e-010
1348	1.7655e-010
1349	1.8022e-010
1350	1.8607e-010
1351	1.8852e-010
1352	1.9305e-010
1353	1.9753e-010
1354	2.0196e-010
1355	2.0639e-010
1356	2.108e-010
1357	2.173e-010
1358	2.2149e-010
1359	2.2662e-010
1360	2.3145e-010
1361	2.3497e-010
1362	2.4014e-010
1363	2.5024e-010
1364	2.6057e-010
1365	2.5495e-010
1366	2.5445e-010
1367	2.622e-010
1368	2.5331e-010
1369	2.4171e-010
1370	2.3674e-010
1371	2.3482e-010
1372	2.3041e-010
1373	2.2604e-010
1374	2.2373e-010
1375	2.1473e-010
1376	2.1092e-010
1377	2.0656e-010
1378	2.0236e-010
1379	1.9823e-010
1380	1.943e-010
1381	1.9625e-010
1382	1.8856e-010
1383	1.8649e-010
1384	1.8155e-010
1385	1.744e-010
1386	1.7351e-010
1387	1.7312e-010
1388	1.9685e-010
1389	1.671e-010
1390	1.5883e-010
1391	1.592e-010
1392	1.9462e-010
1393	1.5529e-010
1394	1.4406e-010
1395	1.6587e-010
1396	1.5095e-010
1397	1.3251e-010
1398	1.6853e-010
1399	1.4096e-010
1400	1.3584e-010
1401	1.8412e-010
1402	1.2152e-010
1403	1.5715e-010
1404	1.2993e-010
1405	1.31e-010
1406	1.3277e-010
1407	1.1135e-010
1408	1.3872e-010
1409	1.0099e-010
1410	1.2195e-010
1411	1.022e-010
1412	1.1109e-010
1413	1.0154e-010
1414	1.0076e-010
1415	1.0136e-010
1416	9.448e-011
1417	1.1226e-010
1418	8.6732e-011
1419	9.1948e-011
1420	8.1481e-011
1421	8.3526e-011
1422	8.5392e-011
1423	1.1273e-010
1424	1.7907e-010
1425	2.0278e-010
1426	3.1924e-010
1427	6.7936e-010
1428	7.4331e-010
1429	7.5459e-010
1430	9.6062e-010
1431	5.8574e-011
1432	5.6891e-011
1433	6.6752e-011
1434	5.9716e-011
1435	6.7429e-011
1436	6.2034e-011
1437	6.4273e-011
1438	6.8069e-011
1439	6.4296e-011
1440	7.061e-011
1441	7.0898e-011
1442	6.9727e-011
1443	7.678e-011
1444	7.1812e-011
1445	7.9366e-011
1446	7.7368e-011
1447	8.0536e-011
1448	8.2532e-011
1449	8.2626e-011
1450	8.7178e-011
1451	8.5659e-011
1452	9.1461e-011
1453	8.978e-011
1454	9.5178e-011
1455	9.4794e-011
1456	9.8151e-011
1457	1.015e-010
1458	1.0001e-010
1459	1.0789e-010
1460	1.0367e-010
1461	1.118e-010
1462	1.1246e-010
1463	1.1215e-010
1464	1.1924e-010
1465	1.1906e-010
1466	1.2055e-010
1467	1.2674e-010
1468	1.2926e-010
1469	1.2738e-010
1470	1.3528e-010
1471	1.3763e-010
1472	1.4041e-010
1473	1.4072e-010
1474	1.4622e-010
1475	1.4985e-010
1476	1.5328e-010
1477	1.5612e-010
1478	1.5944e-010
1479	1.6359e-010
1480	1.6564e-010
1481	1.7107e-010
1482	1.7462e-010
1483	1.7868e-010
1484	1.8275e-010
1485	1.8686e-010
1486	1.9141e-010
1487	1.9428e-010
1488	1.9952e-010
1489	2.0419e-010
1490	2.0902e-010
1491	2.1613e-010
1492	2.2187e-010
1493	2.2194e-010
1494	2.2354e-010
1495	2.4114e-010
1496	2.4232e-010
1497	2.2419e-010
1498	2.2227e-010
1499	2.2487e-010
1500	2.2053e-010
1501	2.13e-010
1502	2.0827e-010
1503	2.035e-010
1504	1.9657e-010
1505	1.9644e-010
1506	1.9166e-010
1507	1.877e-010
1508	1.8407e-010
1509	1.808e-010
1510	1.7766e-010
1511	1.6953e-010
1512	1.7108e-010
1513	1.6727e-010
1514	1.6499e-010
1515	1.6574e-010
1516	1.6418e-010
1517	1.6599e-010
1518	1.434e-010
1519	1.6302e-010
1520	1.5818e-010
1521	1.6388e-010
1522	1.3423e-010
1523	1.5621e-010
1524	1.5776e-010
1525	1.2635e-010
1526	1.3051e-010
1527	1.5607e-010
1528	1.1823e-010
1529	1.3785e-010
1530	1.5847e-010
1531	1.1564e-010
1532	1.5893e-010
1533	1.0895e-010
1534	1.3955e-010
1535	1.2302e-010
1536	1.0768e-010
1537	1.2284e-010
1538	9.7868e-011
1539	1.1958e-010
1540	8.9872e-011
1541	1.1032e-010
1542	9.1089e-011
1543	9.8765e-011
1544	9.6518e-011
1545	8.6454e-011
1546	1.0859e-010
1547	8.0878e-011
1548	1.0497e-010
1549	8.0334e-011
1550	8.7182e-011
1551	8.3412e-011
1552	8.9529e-011
1553	1.1743e-010
1554	1.6366e-010
1555	1.9982e-010
1556	2.9706e-010
1557	6.6231e-010
1558	6.8453e-010
1559	8.0805e-010
1560	8.813e-010
1561	5.8565e-011
1562	5.686e-011
1563	6.6707e-011
1564	5.9718e-011
1565	6.7398e-011
1566	6.2019e-011
1567	6.4257e-011
1568	6.8054e-011
1569	6.4294e-011
1570	7.0579e-011
1571	7.0853e-011
1572	6.9705e-011
1573	7.675e-011
1574	7.1817e-011
1575	7.9391e-011
1576	7.7345e-011
1577	8.0504e-011
1578	8.2474e-011
1579	8.2601e-011
1580	8.7147e-011
1581	8.561e-011
1582	9.1422e-011
1583	8.9715e-011
1584	9.5105e-011
1585	9.4698e-011
1586	9.8042e-011
1587	1.014e-010
1588	1.0001e-010
1589	1.0791e-010
1590	1.0366e-010
1591	1.1174e-010
1592	1.1242e-010
1593	1.1212e-010
1594	1.1919e-010
1595	1.1899e-010
1596	1.2052e-010
1597	1.2677e-010
1598	1.2931e-010
1599	1.2744e-010
1600	1.3524e-010
1601	1.3759e-010
1602	1.4038e-010
1603	1.4063e-010
1604	1.4615e-010
1605	1.4971e-010
1606	1.5328e-010
1607	1.562e-010
1608	1.5945e-010
1609	1.6364e-010
1610	1.6551e-010
1611	1.7096e-010
1612	1.7461e-010
1613	1.7867e-010
1614	1.8273e-010
1615	1.8686e-010
1616	1.9146e-010
1617	1.9426e-010
1618	1.9954e-010
1619	2.0419e-010
1620	2.0914e-010
1621	2.1627e-010
1622	2.2187e-010
1623	2.2197e-010
1624	2.2344e-010
1625	2.4142e-010
1626	2.4257e-010
1627	2.2418e-010
1628	2.2233e-010
1629	2.2477e-010
1630	2.2046e-010
1631	2.1303e-010
1632	2.0827e-010
1633	2.0346e-010
1634	1.9655e-010
1635	1.9645e-010
1636	1.9174e-010
1637	1.8776e-010
1638	1.8416e-010
1639	1.8085e-010
1640	1.7757e-010
1641	1.6955e-010
1642	1.7098e-010
1643	1.6722e-010
1644	1.6498e-010
1645	1.6585e-010
1646	1.6422e-010
1647	1.6603e-010
1648	1.434e-010
1649	1.6299e-010
1650	1.5821e-010
1651	1.6389e-010
1652	1.3425e-010
1653	1.5622e-010
1654	1.5777e-010
1655	1.2631e-010
1656	1.3053e-010
1657	1.562e-010
1658	1.1828e-010
1659	1.3784e-010
1660	1.5853e-010
1661	1.1564e-010
1662	1.5903e-010
1663	1.0898e-010
1664	1.3965e-010
1665	1.2312e-010
1666	1.0773e-010
1667	1.2288e-010
1668	9.794e-011
1669	1.1965e-010
1670	8.9907e-011
1671	1.1033e-010
1672	9.1146e-011
1673	9.8797e-011
1674	9.6576e-011
1675	8.6522e-011
1676	1.0866e-010
1677	8.0898e-011
1678	1.0503e-010
1679	8.0383e-011
1680	8.7222e-011
1681	8.342e-011
1682	8.9513e-011
1683	1.1745e-010
1684	1.6367e-010
1685	1.9983e-010
1686	2.9712e-010
1687	6.6223e-010
1688	6.8452e-010
1689	8.0811e-010
1690	8.8131e-010
1691	4.2199e-011
1692	4.7546e-011
1693	6.2004e-011
1694	6.9281e-011
1695	7.1099e-011
1696	6.9529e-011
1697	7.0666e-011
1698	7.2951e-011
1699	7.5898e-011
1700	7.5324e-011
1701	7.7071e-011
1702	8.0183e-011
1703	8.0091e-011
1704	8.5118e-011
1705	8.3797e-011
1706	8.7092e-011
1707	8.8417e-011
1708	9.0286e-011
1709	9.3196e-011
1710	9.3635e-011
1711	9.7898e-011
1712	9.7595e-011
1713	1.0247e-010
1714	1.0251e-010
1715	1.0659e-010
1716	1.0784e-010
1717	1.0949e-010
1718	1.1509e-010
1719	1.1336e-010
1720	1.2158e-010
1721	1.1933e-010
1722	1.2315e-010
1723	1.2868e-010
1724	1.2728e-010
1725	1.3237e-010
1726	1.3664e-010
1727	1.3679e-010
1728	1.4044e-010
1729	1.4786e-010
1730	1.4662e-010
1731	1.5008e-010
1732	1.5395e-010
1733	1.6016e-010
1734	1.6109e-010
1735	1.6443e-010
1736	1.6798e-010
1737	1.726e-010
1738	1.7677e-010
1739	1.8034e-010
1740	1.859e-010
1741	1.885e-010
1742	1.9296e-010
1743	1.9747e-010
1744	2.0194e-010
1745	2.0638e-010
1746	2.1063e-010
1747	2.1759e-010
1748	2.2138e-010
1749	2.2657e-010
1750	2.314e-010
1751	2.3524e-010
1752	2.4028e-010
1753	2.5006e-010
1754	2.6094e-010
1755	2.5512e-010
1756	2.5472e-010
1757	2.6246e-010
1758	2.5335e-010
1759	2.418e-010
1760	2.367e-010
1761	2.3485e-010
1762	2.3052e-010
1763	2.2569e-010
1764	2.241e-010
1765	2.1469e-010
1766	2.1091e-010
1767	2.0671e-010
1768	2.0248e-010
1769	1.9816e-010
1770	1.9387e-010
1771	1.9679e-010
1772	1.8792e-010
1773	1.8654e-010
1774	1.8163e-010
1775	1.7455e-010
1776	1.737e-010
1777	1.731e-010
1778	1.9695e-010
1779	1.6711e-010
1780	1.5881e-010
1781	1.5915e-010
1782	1.9478e-010
1783	1.5528e-010
1784	1.4405e-010
1785	1.6583e-010
1786	1.5094e-010
1787	1.3264e-010
1788	1.6854e-010
1789	1.411e-010
1790	1.3584e-010
1791	1.8433e-010
1792	1.2165e-010
1793	1.5725e-010
1794	1.3013e-010
1795	1.312e-010
1796	1.3287e-010
1797	1.115e-010
1798	1.3884e-010
1799	1.0115e-010
1800	1.2203e-010
1801	1.023e-010
1802	1.112e-010
1803	1.0168e-010
1804	1.0091e-010
1805	1.0147e-010
1806	9.4583e-011
1807	1.123e-010
1808	8.6825e-011
1809	9.2051e-011
1810	8.156e-011
1811	8.3523e-011
1812	8.5407e-011
1813	1.1273e-010
1814	1.7912e-010
1815	2.0284e-010
1816	3.193e-010
1817	6.7936e-010
1818	7.4342e-010
1819	7.5462e-010
1820	9.6055e-010
1821	5.8549e-011
1822	5.6863e-011
1823	6.6708e-011
1824	5.9718e-011
1825	6.7403e-011
1826	6.2023e-011
1827	6.426e-011
1828	6.8059e-011
1829	6.4293e-011
1830	7.0578e-011
1831	7.0854e-011
1832	6.9707e-011
1833	7.675e-011
1834	7.1818e-011
1835	7.9394e-011
1836	7.7346e-011
1837	8.0506e-011
1838	8.2476e-011
1839	8.26e-011
1840	8.7157e-011
1841	8.5624e-011
1842	9.1419e-011
1843	8.9714e-011
1844	9.5105e-011
1845	9.47e-011
1846	9.8045e-011
1847	1.0138e-010
1848	9.9987e-011
1849	1.0792e-010
1850	1.0366e-010
1851	1.1174e-010
1852	1.1242e-010
1853	1.1213e-010
1854	1.1916e-010
1855	1.1901e-010
1856	1.2053e-010
1857	1.268e-010
1858	1.2914e-010
1859	1.277e-010
1860	1.3513e-010
1861	1.3762e-010
1862	1.4037e-010
1863	1.4062e-010
1864	1.4614e-010
1865	1.4971e-010
1866	1.533e-010
1867	1.5619e-010
1868	1.5949e-010
1869	1.6366e-010
1870	1.6551e-010
1871	1.7096e-010
1872	1.7461e-010
1873	1.7868e-010
1874	1.827e-010
1875	1.8686e-010
1876	1.9145e-010
1877	1.9427e-010
1878	1.9955e-010
1879	2.042e-010
1880	2.0914e-010
1881	2.1626e-010
1882	2.2187e-010
1883	2.2197e-010
1884	2.2346e-010
1885	2.4139e-010
1886	2.4261e-010
1887	2.2418e-010
1888	2.224e-010
1889	2.2479e-010
1890	2.2041e-010
1891	2.1299e-010
1892	2.0827e-010
1893	2.0345e-010
1894	1.9654e-010
1895	1.9642e-010
1896	1.9174e-010
1897	1.8775e-010
1898	1.8417e-010
1899	1.8081e-010
1900	1.7757e-010
1901	1.6943e-010
1902	1.7093e-010
1903	1.6722e-010
1904	1.65e-010
1905	1.6582e-010
1906	1.6422e-010
1907	1.6599e-010
1908	1.4343e-010
1909	1.63e-010
1910	1.5819e-010
1911	1.6388e-010
1912	1.3427e-010
1913	1.5622e-010
1914	1.5779e-010
1915	1.2633e-010
1916	1.3054e-010
1917	1.5617e-010
1918	1.1829e-010
1919	1.3784e-010
1920	1.5852e-010
1921	1.1565e-010
1922	1.5903e-010
1923	1.0898e-010
1924	1.3965e-010
1925	1.2312e-010
1926	1.0773e-010
1927	1.2288e-010
1928	9.7951e-011
1929	1.1963e-010
1930	8.991e-011
1931	1.1033e-010
1932	9.1133e-011
1933	9.881e-011
1934	9.6584e-011
1935	8.6529e-011
1936	1.0863e-010
1937	8.09e-011
1938	1.0503e-010
1939	8.0382e-011
1940	8.7221e-011
1941	8.3421e-011
1942	8.9513e-011
1943	1.1746e-010
1944	1.6369e-010
1945	1.9984e-010
1946	2.9713e-010
1947	6.6221e-010
1948	6.8454e-010
1949	8.0812e-010
1950	8.8133e-010
1951	5.858e-011
1952	5.6902e-011
1953	6.6754e-011
1954	5.9729e-011
1955	6.7423e-011
1956	6.2033e-011
1957	6.4279e-011
1958	6.8069e-011
1959	6.4301e-011
1960	7.0619e-011
1961	7.0905e-011
1962	6.9723e-011
1963	7.6761e-011
1964	7.1813e-011
1965	7.9366e-011
1966	7.7365e-011
1967	8.0539e-011
1968	8.2511e-011
1969	8.2617e-011
1970	8.7162e-011
1971	8.5641e-011
1972	9.1484e-011
1973	8.9794e-011
1974	9.5183e-011
1975	9.4797e-011
1976	9.815e-011
1977	1.0148e-010
1978	1.e-010
1979	1.0788e-010
1980	1.0369e-010
1981	1.1176e-010
1982	1.1242e-010
1983	1.1214e-010
1984	1.1924e-010
1985	1.1905e-010
1986	1.2053e-010
1987	1.2677e-010
1988	1.2903e-010
1989	1.278e-010
1990	1.35e-010
1991	1.3769e-010
1992	1.4038e-010
1993	1.407e-010
1994	1.4623e-010
1995	1.4986e-010
1996	1.533e-010
1997	1.561e-010
1998	1.5941e-010
1999	1.636e-010
2000	1.6562e-010
2001	1.711e-010
2002	1.7463e-010
2003	1.7867e-010
2004	1.8272e-010
2005	1.8689e-010
2006	1.9145e-010
2007	1.9425e-010
2008	1.9946e-010
2009	2.0421e-010
2010	2.0904e-010
2011	2.1614e-010
2012	2.219e-010
2013	2.2193e-010
2014	2.2353e-010
2015	2.4122e-010
2016	2.4221e-010
2017	2.2417e-010
2018	2.2234e-010
2019	2.2487e-010
2020	2.2051e-010
2021	2.1306e-010
2022	2.0828e-010
2023	2.0353e-010
2024	1.9656e-010
2025	1.9641e-010
2026	1.9169e-010
2027	1.8769e-010
2028	1.8407e-010
2029	1.8079e-010
2030	1.7768e-010
2031	1.6948e-010
2032	1.7108e-010
2033	1.6724e-010
2034	1.6496e-010
2035	1.6573e-010
2036	1.642e-010
2037	1.66e-010
2038	1.4344e-010
2039	1.63e-010
2040	1.582e-010
2041	1.639e-010
2042	1.3422e-010
2043	1.5623e-010
2044	1.5773e-010
2045	1.2634e-010
2046	1.3055e-010
2047	1.5613e-010
2048	1.1823e-010
2049	1.3784e-010
2050	1.5852e-010
2051	1.1565e-010
2052	1.5892e-010
2053	1.0897e-010
2054	1.3955e-010
2055	1.2302e-010
2056	1.0767e-010
2057	1.2285e-010
2058	9.7864e-011
2059	1.1958e-010
2060	8.988e-011
2061	1.1029e-010
2062	9.1103e-011
2063	9.879e-011
2064	9.6548e-011
2065	8.645e-011
2066	1.0861e-010
2067	8.0892e-011
2068	1.0498e-010
2069	8.0343e-011
2070	8.7199e-011
2071	8.3417e-011
2072	8.9522e-011
2073	1.1745e-010
2074	1.6367e-010
2075	1.9979e-010
2076	2.9708e-010
2077	6.623e-010
2078	6.8454e-010
2079	8.0808e-010
2080	8.8129e-010
2081	4.2262e-011
2082	4.7631e-011
2083	6.2108e-011
2084	6.9307e-011
2085	7.1167e-011
2086	6.9545e-011
2087	7.0688e-011
2088	7.297e-011
2089	7.5936e-011
2090	7.537e-011
2091	7.7143e-011
2092	8.0218e-011
2093	8.009e-011
2094	8.509e-011
2095	8.3795e-011
2096	8.7071e-011
2097	8.8498e-011
2098	9.0393e-011
2099	9.3296e-011
2100	9.3711e-011
2101	9.7954e-011
2102	9.771e-011
2103	1.0261e-010
2104	1.0261e-010
2105	1.0675e-010
2106	1.0818e-010
2107	1.0966e-010
2108	1.1517e-010
2109	1.1325e-010
2110	1.2171e-010
2111	1.1933e-010
2112	1.2319e-010
2113	1.2854e-010
2114	1.2745e-010
2115	1.3266e-010
2116	1.3672e-010
2117	1.3667e-010
2118	1.4043e-010
2119	1.4758e-010
2120	1.4679e-010
2121	1.5016e-010
2122	1.5417e-010
2123	1.6027e-010
2124	1.6139e-010
2125	1.6461e-010
2126	1.6808e-010
2127	1.7234e-010
2128	1.7662e-010
2129	1.8021e-010
2130	1.8608e-010
2131	1.8859e-010
2132	1.93e-010
2133	1.9747e-010
2134	2.0195e-010
2135	2.0634e-010
2136	2.1075e-010
2137	2.1726e-010
2138	2.2143e-010
2139	2.2666e-010
2140	2.314e-010
2141	2.3495e-010
2142	2.4005e-010
2143	2.5032e-010
2144	2.606e-010
2145	2.5488e-010
2146	2.5441e-010
2147	2.6226e-010
2148	2.5334e-010
2149	2.4166e-010
2150	2.3682e-010
2151	2.3482e-010
2152	2.3053e-010
2153	2.2602e-010
2154	2.2384e-010
2155	2.1474e-010
2156	2.1093e-010
2157	2.0668e-010
2158	2.023e-010
2159	1.9817e-010
2160	1.9405e-010
2161	1.966e-010
2162	1.8832e-010
2163	1.8662e-010
2164	1.8157e-010
2165	1.7438e-010
2166	1.7357e-010
2167	1.7299e-010
2168	1.9702e-010
2169	1.6705e-010
2170	1.5889e-010
2171	1.5919e-010
2172	1.9461e-010
2173	1.5526e-010
2174	1.4412e-010
2175	1.6586e-010
2176	1.5092e-010
2177	1.3258e-010
2178	1.6856e-010
2179	1.4097e-010
2180	1.3582e-010
2181	1.8409e-010
2182	1.2157e-010
2183	1.5717e-010
2184	1.2995e-010
2185	1.3101e-010
2186	1.3274e-010
2187	1.1133e-010
2188	1.387e-010
2189	1.0102e-010
2190	1.2196e-010
2191	1.0219e-010
2192	1.111e-010
2193	1.016e-010
2194	1.0082e-010
2195	1.0133e-010
2196	9.4496e-011
2197	1.1223e-010
2198	8.6749e-011
2199	9.1921e-011
2200	8.15e-011
2201	8.3501e-011
2202	8.5405e-011
2203	1.1271e-010
2204	1.7907e-010
2205	2.028e-010
2206	3.1921e-010
2207	6.7931e-010
2208	7.4324e-010
2209	7.5459e-010
2210	9.6054e-010
2211	5.8563e-011
2212	5.693e-011
2213	6.6798e-011
2214	5.9798e-011
2215	6.7472e-011
2216	6.2055e-011
2217	6.4277e-011
2218	6.8088e-011
2219	6.4299e-011
2220	7.0615e-011
2221	7.0915e-011
2222	6.9728e-011
2223	7.6747e-011
2224	7.1785e-011
2225	7.9371e-011
2226	7.7391e-011
2227	8.0578e-011
2228	8.2561e-011
2229	8.2679e-011
2230	8.7242e-011
2231	8.5671e-011
2232	9.1466e-011
2233	8.9782e-011
2234	9.5189e-011
2235	9.4841e-011
2236	9.8224e-011
2237	1.0149e-010
2238	1.0003e-010
2239	1.0792e-010
2240	1.0377e-010
2241	1.1175e-010
2242	1.1241e-010
2243	1.1209e-010
2244	1.1931e-010
2245	1.1925e-010
2246	1.206e-010
2247	1.2671e-010
2248	1.2893e-010
2249	1.2779e-010
2250	1.3503e-010
2251	1.3775e-010
2252	1.405e-010
2253	1.4071e-010
2254	1.463e-010
2255	1.4986e-010
2256	1.533e-010
2257	1.5609e-010
2258	1.5937e-010
2259	1.6355e-010
2260	1.657e-010
2261	1.7123e-010
2262	1.7469e-010
2263	1.7868e-010
2264	1.8273e-010
2265	1.8684e-010
2266	1.9148e-010
2267	1.9417e-010
2268	1.9956e-010
2269	2.0418e-010
2270	2.0919e-010
2271	2.1614e-010
2272	2.2182e-010
2273	2.2206e-010
2274	2.2352e-010
2275	2.4097e-010
2276	2.4227e-010
2277	2.2417e-010
2278	2.2235e-010
2279	2.2498e-010
2280	2.2052e-010
2281	2.1308e-010
2282	2.0826e-010
2283	2.0348e-010
2284	1.9659e-010
2285	1.9634e-010
2286	1.9168e-010
2287	1.8772e-010
2288	1.8403e-010
2289	1.808e-010
2290	1.7769e-010
2291	1.6946e-010
2292	1.7108e-010
2293	1.6725e-010
2294	1.6502e-010
2295	1.6577e-010
2296	1.6418e-010
2297	1.6595e-010
2298	1.434e-010
2299	1.6295e-010
2300	1.5818e-010
2301	1.6393e-010
2302	1.3422e-010
2303	1.5614e-010
2304	1.5769e-010
2305	1.263e-010
2306	1.3053e-010
2307	1.5616e-010
2308	1.1818e-010
2309	1.3779e-010
2310	1.5846e-010
2311	1.1556e-010
2312	1.589e-010
2313	1.0891e-010
2314	1.3954e-010
2315	1.2299e-010
2316	1.0757e-010
2317	1.2272e-010
2318	9.7801e-011
2319	1.195e-010
2320	8.9815e-011
2321	1.1024e-010
2322	9.1097e-011
2323	9.8739e-011
2324	9.6512e-011
2325	8.644e-011
2326	1.086e-010
2327	8.0894e-011
2328	1.05e-010
2329	8.0343e-011
2330	8.7196e-011
2331	8.344e-011
2332	8.9517e-011
2333	1.1746e-010
2334	1.6363e-010
2335	1.9977e-010
2336	2.9705e-010
2337	6.6214e-010
2338	6.8444e-010
2339	8.0804e-010
2340	8.8124e-010
2341	5.8565e-011
2342	5.6938e-011
2343	6.6802e-011
2344	5.9786e-011
2345	6.7477e-011
2346	6.2057e-011
2347	6.4281e-011
2348	6.8078e-011
2349	6.4301e-011
2350	7.0615e-011
2351	7.0915e-011
2352	6.9735e-011
2353	7.6732e-011
2354	7.1785e-011
2355	7.9371e-011
2356	7.7391e-011
2357	8.0578e-011
2358	8.2566e-011
2359	8.2653e-011
2360	8.7225e-011
2361	8.5671e-011
2362	9.1476e-011
2363	8.9794e-011
2364	9.5192e-011
2365	9.4846e-011
2366	9.8207e-011
2367	1.0149e-010
2368	1.0003e-010
2369	1.0793e-010
2370	1.0378e-010
2371	1.1176e-010
2372	1.124e-010
2373	1.1207e-010
2374	1.1929e-010
2375	1.1923e-010
2376	1.206e-010
2377	1.2673e-010
2378	1.2892e-010
2379	1.2779e-010
2380	1.3507e-010
2381	1.3774e-010
2382	1.4047e-010
2383	1.407e-010
2384	1.4631e-010
2385	1.4985e-010
2386	1.5328e-010
2387	1.5607e-010
2388	1.594e-010
2389	1.6355e-010
2390	1.657e-010
2391	1.7123e-010
2392	1.7469e-010
2393	1.7868e-010
2394	1.8274e-010
2395	1.8686e-010
2396	1.9149e-010
2397	1.9418e-010
2398	1.9958e-010
2399	2.0409e-010
2400	2.0921e-010
2401	2.1615e-010
2402	2.2182e-010
2403	2.2206e-010
2404	2.2354e-010
2405	2.4098e-010
2406	2.423e-010
2407	2.2414e-010
2408	2.223e-010
2409	2.2497e-010
2410	2.2056e-010
2411	2.1309e-010
2412	2.0824e-010
2413	2.0351e-010
2414	1.9662e-010
2415	1.9637e-010
2416	1.917e-010
2417	1.8773e-010
2418	1.8402e-010
2419	1.8082e-010
2420	1.7756e-010
2421	1.694e-010
2422	1.7098e-010
2423	1.6731e-010
2424	1.6501e-010
2425	1.6574e-010
2426	1.6422e-010
2427	1.6597e-010
2428	1.434e-010
2429	1.6297e-010
2430	1.5815e-010
2431	1.6392e-010
2432	1.3422e-010
2433	1.5614e-010
2434	1.5771e-010
2435	1.2631e-010
2436	1.3053e-010
2437	1.5616e-010
2438	1.1819e-010
2439	1.378e-010
2440	1.5845e-010
2441	1.1557e-010
2442	1.5888e-010
2443	1.0889e-010
2444	1.3953e-010
2445	1.2299e-010
2446	1.0756e-010
2447	1.2273e-010
2448	9.7813e-011
2449	1.1952e-010
2450	8.9824e-011
2451	1.1024e-010
2452	9.1102e-011
2453	9.8744e-011
2454	9.6514e-011
2455	8.6446e-011
2456	1.086e-010
2457	8.0897e-011
2458	1.0501e-010
2459	8.0346e-011
2460	8.7196e-011
2461	8.344e-011
2462	8.9519e-011
2463	1.1747e-010
2464	1.6363e-010
2465	1.9975e-010
2466	2.9706e-010
2467	6.6216e-010
2468	6.8444e-010
2469	8.0804e-010
2470	8.8125e-010
2471	4.227e-011
2472	4.7627e-011
2473	6.2112e-011
2474	6.93e-011
2475	7.1163e-011
2476	6.9548e-011
2477	7.0678e-011
2478	7.2964e-011
2479	7.593e-011
2480	7.538e-011
2481	7.7172e-011
2482	8.0233e-011
2483	8.0065e-011
2484	8.5087e-011
2485	8.3787e-011
2486	8.7064e-011
2487	8.8494e-011
2488	9.0363e-011
2489	9.3275e-011
2490	9.3711e-011
2491	9.801e-011
2492	9.7702e-011
2493	1.026e-010
2494	1.0262e-010
2495	1.0677e-010
2496	1.0816e-010
2497	1.0965e-010
2498	1.1515e-010
2499	1.1326e-010
2500	1.2171e-010
2501	1.1929e-010
2502	1.2318e-010
2503	1.2854e-010
2504	1.2746e-010
2505	1.3263e-010
2506	1.3669e-010
2507	1.3675e-010
2508	1.4045e-010
2509	1.4757e-010
2510	1.4677e-010
2511	1.5017e-010
2512	1.5415e-010
2513	1.6031e-010
2514	1.6134e-010
2515	1.6453e-010
2516	1.6815e-010
2517	1.7235e-010
2518	1.7662e-010
2519	1.8018e-010
2520	1.8607e-010
2521	1.8856e-010
2522	1.9303e-010
2523	1.975e-010
2524	2.019e-010
2525	2.0641e-010
2526	2.108e-010
2527	2.1729e-010
2528	2.2145e-010
2529	2.2659e-010
2530	2.314e-010
2531	2.3501e-010
2532	2.4001e-010
2533	2.5022e-010
2534	2.6071e-010
2535	2.5477e-010
2536	2.545e-010
2537	2.6205e-010
2538	2.5346e-010
2539	2.418e-010
2540	2.368e-010
2541	2.3489e-010
2542	2.3048e-010
2543	2.2607e-010
2544	2.2383e-010
2545	2.1471e-010
2546	2.1096e-010
2547	2.0668e-010
2548	2.0225e-010
2549	1.9826e-010
2550	1.9404e-010
2551	1.9665e-010
2552	1.8829e-010
2553	1.865e-010
2554	1.8164e-010
2555	1.7438e-010
2556	1.7359e-010
2557	1.7301e-010
2558	1.9706e-010
2559	1.6703e-010
2560	1.5883e-010
2561	1.5924e-010
2562	1.946e-010
2563	1.5524e-010
2564	1.4412e-010
2565	1.6587e-010
2566	1.5092e-010
2567	1.3261e-010
2568	1.6852e-010
2569	1.4098e-010
2570	1.3583e-010
2571	1.8405e-010
2572	1.2156e-010
2573	1.5722e-010
2574	1.2996e-010
2575	1.3102e-010
2576	1.3271e-010
2577	1.1133e-010
2578	1.3876e-010
2579	1.01e-010
2580	1.2197e-010
2581	1.022e-010
2582	1.1108e-010
2583	1.0157e-010
2584	1.008e-010
2585	1.0135e-010
2586	9.4473e-011
2587	1.1222e-010
2588	8.6742e-011
2589	9.1929e-011
2590	8.1497e-011
2591	8.349e-011
2592	8.5424e-011
2593	1.1272e-010
2594	1.7904e-010
2595	2.028e-010
2596	3.1919e-010
2597	6.793e-010
2598	7.4323e-010
2599	7.5457e-010
2600	9.6053e-010
2601	5.8582e-011
2602	5.6912e-011
2603	6.6744e-011
2604	5.9731e-011
2605	6.7422e-011
2606	6.2028e-011
2607	6.4284e-011
2608	6.8066e-011
2609	6.4305e-011
2610	7.0629e-011
2611	7.0901e-011
2612	6.971e-011
2613	7.6773e-011
2614	7.182e-011
2615	7.9372e-011
2616	7.7368e-011
2617	8.052e-011
2618	8.2505e-011
2619	8.2621e-011
2620	8.7178e-011
2621	8.5644e-011
2622	9.1481e-011
2623	8.9769e-011
2624	9.5192e-011
2625	9.4801e-011
2626	9.8151e-011
2627	1.0149e-010
2628	9.9966e-011
2629	1.0789e-010
2630	1.0371e-010
2631	1.1175e-010
2632	1.1241e-010
2633	1.1216e-010
2634	1.1922e-010
2635	1.1906e-010
2636	1.2055e-010
2637	1.268e-010
2638	1.29e-010
2639	1.2776e-010
2640	1.3495e-010
2641	1.377e-010
2642	1.4039e-010
2643	1.4071e-010
2644	1.4623e-010
2645	1.4983e-010
2646	1.5327e-010
2647	1.561e-010
2648	1.5942e-010
2649	1.6357e-010
2650	1.656e-010
2651	1.7112e-010
2652	1.7467e-010
2653	1.7869e-010
2654	1.8267e-010
2655	1.8691e-010
2656	1.9146e-010
2657	1.9422e-010
2658	1.9947e-010
2659	2.0419e-010
2660	2.0907e-010
2661	2.1614e-010
2662	2.2186e-010
2663	2.219e-010
2664	2.2355e-010
2665	2.4123e-010
2666	2.423e-010
2667	2.2421e-010
2668	2.2229e-010
2669	2.2489e-010
2670	2.2058e-010
2671	2.1305e-010
2672	2.0823e-010
2673	2.0356e-010
2674	1.9655e-010
2675	1.9645e-010
2676	1.9171e-010
2677	1.8771e-010
2678	1.841e-010
2679	1.8081e-010
2680	1.7757e-010
2681	1.6944e-010
2682	1.7105e-010
2683	1.6723e-010
2684	1.6493e-010
2685	1.6576e-010
2686	1.6423e-010
2687	1.6601e-010
2688	1.4337e-010
2689	1.6308e-010
2690	1.5812e-010
2691	1.6389e-010
2692	1.3421e-010
2693	1.5621e-010
2694	1.5775e-010
2695	1.2632e-010
2696	1.3055e-010
2697	1.5614e-010
2698	1.1822e-010
2699	1.3782e-010
2700	1.5853e-010
2701	1.1566e-010
2702	1.5895e-010
2703	1.0894e-010
2704	1.3956e-010
2705	1.2303e-010
2706	1.0769e-010
2707	1.2283e-010
2708	9.7876e-011
2709	1.1959e-010
2710	8.9881e-011
2711	1.1027e-010
2712	9.1114e-011
2713	9.874e-011
2714	9.6537e-011
2715	8.645e-011
2716	1.0863e-010
2717	8.0884e-011
2718	1.0498e-010
2719	8.0335e-011
2720	8.7203e-011
2721	8.3406e-011
2722	8.9524e-011
2723	1.1746e-010
2724	1.6368e-010
2725	1.998e-010
2726	2.9704e-010
2727	6.6227e-010
2728	6.8455e-010
2729	8.0808e-010
2730	8.8133e-010
2731	5.8548e-011
2732	5.6874e-011
2733	6.6722e-011
2734	5.967e-011
2735	6.7411e-011
2736	6.2029e-011
2737	6.4247e-011
2738	6.8066e-011
2739	6.4285e-011
2740	7.0592e-011
2741	7.0882e-011
2742	6.9709e-011
2743	7.6738e-011
2744	7.1821e-011
2745	7.9402e-011
2746	7.7352e-011
2747	8.0516e-011
2748	8.2494e-011
2749	8.2608e-011
2750	8.7172e-011
2751	8.5633e-011
2752	9.1418e-011
2753	8.9704e-011
2754	9.5108e-011
2755	9.4734e-011
2756	9.8031e-011
2757	1.014e-010
2758	9.999e-011
2759	1.0791e-010
2760	1.0368e-010
2761	1.1175e-010
2762	1.1243e-010
2763	1.121e-010
2764	1.1918e-010
2765	1.19e-010
2766	1.2054e-010
2767	1.2678e-010
2768	1.2902e-010
2769	1.2779e-010
2770	1.3493e-010
2771	1.3762e-010
2772	1.4034e-010
2773	1.4064e-010
2774	1.4616e-010
2775	1.4974e-010
2776	1.5324e-010
2777	1.5619e-010
2778	1.5945e-010
2779	1.6365e-010
2780	1.6549e-010
2781	1.7102e-010
2782	1.7463e-010
2783	1.7863e-010
2784	1.8275e-010
2785	1.8681e-010
2786	1.9144e-010
2787	1.9425e-010
2788	1.9948e-010
2789	2.0423e-010
2790	2.0914e-010
2791	2.1628e-010
2792	2.2184e-010
2793	2.2201e-010
2794	2.2346e-010
2795	2.4139e-010
2796	2.4257e-010
2797	2.2421e-010
2798	2.224e-010
2799	2.2479e-010
2800	2.204e-010
2801	2.1305e-010
2802	2.0825e-010
2803	2.0348e-010
2804	1.9649e-010
2805	1.9646e-010
2806	1.9175e-010
2807	1.878e-010
2808	1.8415e-010
2809	1.8078e-010
2810	1.7773e-010
2811	1.6926e-010
2812	1.7106e-010
2813	1.6726e-010
2814	1.6498e-010
2815	1.6583e-010
2816	1.6425e-010
2817	1.66e-010
2818	1.4342e-010
2819	1.6299e-010
2820	1.5813e-010
2821	1.6387e-010
2822	1.3424e-010
2823	1.5625e-010
2824	1.5777e-010
2825	1.2636e-010
2826	1.3057e-010
2827	1.5615e-010
2828	1.1828e-010
2829	1.3784e-010
2830	1.5853e-010
2831	1.1565e-010
2832	1.5895e-010
2833	1.0899e-010
2834	1.3963e-010
2835	1.2314e-010
2836	1.0774e-010
2837	1.229e-010
2838	9.7943e-011
2839	1.1962e-010
2840	8.9914e-011
2841	1.1034e-010
2842	9.1128e-011
2843	9.8819e-011
2844	9.6573e-011
2845	8.6509e-011
2846	1.0868e-010
2847	8.0897e-011
2848	1.05e-010
2849	8.0358e-011
2850	8.7218e-011
2851	8.341e-011
2852	8.9529e-011
2853	1.1743e-010
2854	1.6369e-010
2855	1.9983e-010
2856	2.9708e-010
2857	6.6229e-010
2858	6.8452e-010
2859	8.0815e-010
2860	8.8129e-010
2861	4.2201e-011
2862	4.7541e-011
2863	6.2006e-011
2864	6.9248e-011
2865	7.1133e-011
2866	6.9507e-011
2867	7.0662e-011
2868	7.2925e-011
2869	7.588e-011
2870	7.5321e-011
2871	7.7085e-011
2872	8.0209e-011
2873	8.0097e-011
2874	8.5073e-011
2875	8.3771e-011
2876	8.7079e-011
2877	8.843e-011
2878	9.0247e-011
2879	9.3233e-011
2880	9.3684e-011
2881	9.7953e-011
2882	9.7657e-011
2883	1.0251e-010
2884	1.0244e-010
2885	1.0664e-010
2886	1.0794e-010
2887	1.095e-010
2888	1.1506e-010
2889	1.133e-010
2890	1.2164e-010
2891	1.1931e-010
2892	1.2321e-010
2893	1.2866e-010
2894	1.2732e-010
2895	1.3237e-010
2896	1.3663e-010
2897	1.3676e-010
2898	1.4057e-010
2899	1.4742e-010
2900	1.4668e-010
2901	1.5006e-010
2902	1.5398e-010
2903	1.6013e-010
2904	1.611e-010
2905	1.6437e-010
2906	1.6807e-010
2907	1.7257e-010
2908	1.769e-010
2909	1.8024e-010
2910	1.8604e-010
2911	1.8849e-010
2912	1.9297e-010
2913	1.9744e-010
2914	2.0181e-010
2915	2.0655e-010
2916	2.1067e-010
2917	2.1751e-010
2918	2.2141e-010
2919	2.2653e-010
2920	2.3157e-010
2921	2.352e-010
2922	2.4013e-010
2923	2.5011e-010
2924	2.6086e-010
2925	2.5516e-010
2926	2.5464e-010
2927	2.6244e-010
2928	2.5325e-010
2929	2.4173e-010
2930	2.3672e-010
2931	2.3488e-010
2932	2.3054e-010
2933	2.2588e-010
2934	2.24e-010
2935	2.1466e-010
2936	2.1088e-010
2937	2.0671e-010
2938	2.0243e-010
2939	1.9836e-010
2940	1.938e-010
2941	1.9664e-010
2942	1.8798e-010
2943	1.8652e-010
2944	1.817e-010
2945	1.7447e-010
2946	1.7366e-010
2947	1.7316e-010
2948	1.9669e-010
2949	1.6721e-010
2950	1.5884e-010
2951	1.592e-010
2952	1.9472e-010
2953	1.5534e-010
2954	1.4418e-010
2955	1.6591e-010
2956	1.5091e-010
2957	1.3266e-010
2958	1.6859e-010
2959	1.41e-010
2960	1.3596e-010
2961	1.8423e-010
2962	1.2159e-010
2963	1.5739e-010
2964	1.3013e-010
2965	1.3119e-010
2966	1.329e-010
2967	1.1152e-010
2968	1.3891e-010
2969	1.0109e-010
2970	1.2207e-010
2971	1.0234e-010
2972	1.1123e-010
2973	1.0166e-010
2974	1.0089e-010
2975	1.0154e-010
2976	9.4595e-011
2977	1.1226e-010
2978	8.6791e-011
2979	9.201e-011
2980	8.1565e-011
2981	8.3499e-011
2982	8.5421e-011
2983	1.1275e-010
2984	1.7908e-010
2985	2.0287e-010
2986	3.193e-010
2987	6.7927e-010
2988	7.434e-010
2989	7.5451e-010
2990	9.6051e-010
2991	5.855e-011
2992	5.6856e-011
2993	6.6722e-011
2994	5.9669e-011
2995	6.7411e-011
2996	6.2029e-011
2997	6.4249e-011
2998	6.8054e-011
2999	6.4285e-011
3000	7.0582e-011
3001	7.0872e-011
3002	6.9709e-011
3003	7.6738e-011
3004	7.1821e-011
3005	7.9402e-011
3006	7.7351e-011
3007	8.0516e-011
3008	8.2497e-011
3009	8.2591e-011
3010	8.7172e-011
3011	8.5633e-011
3012	9.1417e-011
3013	8.9704e-011
3014	9.5108e-011
3015	9.4734e-011
3016	9.8031e-011
3017	1.014e-010
3018	9.9989e-011
3019	1.0791e-010
3020	1.0368e-010
3021	1.1175e-010
3022	1.1243e-010
3023	1.121e-010
3024	1.1918e-010
3025	1.19e-010
3026	1.2054e-010
3027	1.2678e-010
3028	1.2901e-010
3029	1.2779e-010
3030	1.3492e-010
3031	1.3763e-010
3032	1.4035e-010
3033	1.406e-010
3034	1.4613e-010
3035	1.4971e-010
3036	1.5324e-010
3037	1.5613e-010
3038	1.5947e-010
3039	1.6365e-010
3040	1.6549e-010
3041	1.7102e-010
3042	1.7464e-010
3043	1.7864e-010
3044	1.8271e-010
3045	1.8682e-010
3046	1.9145e-010
3047	1.9425e-010
3048	1.9948e-010
3049	2.0423e-010
3050	2.0914e-010
3051	2.1625e-010
3052	2.2186e-010
3053	2.2197e-010
3054	2.2346e-010
3055	2.414e-010
3056	2.4255e-010
3057	2.2419e-010
3058	2.224e-010
3059	2.2479e-010
3060	2.204e-010
3061	2.1301e-010
3062	2.0828e-010
3063	2.0348e-010
3064	1.9649e-010
3065	1.9646e-010
3066	1.9175e-010
3067	1.8779e-010
3068	1.8418e-010
3069	1.8073e-010
3070	1.7835e-010
3071	1.6824e-010
3072	1.7166e-010
3073	1.6716e-010
3074	1.6496e-010
3075	1.6587e-010
3076	1.6433e-010
3077	1.6535e-010
3078	1.4267e-010
3079	1.6237e-010
3080	1.5828e-010
3081	1.6391e-010
3082	1.3427e-010
3083	1.5621e-010
3084	1.5777e-010
3085	1.2634e-010
3086	1.3058e-010
3087	1.5615e-010
3088	1.1828e-010
3089	1.3784e-010
3090	1.5853e-010
3091	1.1565e-010
3092	1.5894e-010
3093	1.0899e-010
3094	1.3963e-010
3095	1.2314e-010
3096	1.0774e-010
3097	1.229e-010
3098	9.7945e-011
3099	1.1962e-010
3100	8.9915e-011
3101	1.1034e-010
3102	9.1128e-011
3103	9.8819e-011
3104	9.6573e-011
3105	8.6509e-011
3106	1.0868e-010
3107	8.0897e-011
3108	1.05e-010
3109	8.0358e-011
3110	8.7218e-011
3111	8.341e-011
3112	8.9529e-011
3113	1.1743e-010
3114	1.6369e-010
3115	1.9983e-010
3116	2.9708e-010
3117	6.6228e-010
3118	6.8452e-010
3119	8.0815e-010
3120	8.8129e-010
3121	5.8582e-011
3122	5.6912e-011
3123	6.6744e-011
3124	5.9738e-011
3125	6.7428e-011
3126	6.2028e-011
3127	6.4284e-011
3128	6.8066e-011
3129	6.4307e-011
3130	7.0631e-011
3131	7.0901e-011
3132	6.971e-011
3133	7.6773e-011
3134	7.182e-011
3135	7.9377e-011
3136	7.7376e-011
3137	8.0523e-011
3138	8.2505e-011
3139	8.2621e-011
3140	8.7178e-011
3141	8.5644e-011
3142	9.1481e-011
3143	8.9771e-011
3144	9.5196e-011
3145	9.4801e-011
3146	9.8151e-011
3147	1.0149e-010
3148	9.9966e-011
3149	1.0789e-010
3150	1.0371e-010
3151	1.1174e-010
3152	1.1243e-010
3153	1.1216e-010
3154	1.1922e-010
3155	1.1906e-010
3156	1.2056e-010
3157	1.2675e-010
3158	1.2897e-010
3159	1.2775e-010
3160	1.349e-010
3161	1.3764e-010
3162	1.4038e-010
3163	1.407e-010
3164	1.4623e-010
3165	1.4981e-010
3166	1.5328e-010
3167	1.5604e-010
3168	1.5946e-010
3169	1.6357e-010
3170	1.656e-010
3171	1.7112e-010
3172	1.7468e-010
3173	1.7865e-010
3174	1.8268e-010
3175	1.8691e-010
3176	1.9146e-010
3177	1.9422e-010
3178	1.9947e-010
3179	2.0419e-010
3180	2.091e-010
3181	2.1611e-010
3182	2.218e-010
3183	2.2196e-010
3184	2.2359e-010
3185	2.4119e-010
3186	2.4233e-010
3187	2.2422e-010
3188	2.2229e-010
3189	2.2489e-010
3190	2.2053e-010
3191	2.1307e-010
3192	2.082e-010
3193	2.0351e-010
3194	1.9654e-010
3195	1.9648e-010
3196	1.9173e-010
3197	1.8773e-010
3198	1.8409e-010
3199	1.8069e-010
3200	1.7875e-010
3201	1.679e-010
3202	1.7222e-010
3203	1.6721e-010
3204	1.6502e-010
3205	1.6577e-010
3206	1.6412e-010
3207	1.6394e-010
3208	1.4263e-010
3209	1.6084e-010
3210	1.5803e-010
3211	1.6388e-010
3212	1.3422e-010
3213	1.562e-010
3214	1.5771e-010
3215	1.2635e-010
3216	1.3052e-010
3217	1.5613e-010
3218	1.1823e-010
3219	1.3781e-010
3220	1.5853e-010
3221	1.1566e-010
3222	1.5893e-010
3223	1.0894e-010
3224	1.3955e-010
3225	1.2302e-010
3226	1.0768e-010
3227	1.2283e-010
3228	9.7868e-011
3229	1.1959e-010
3230	8.9881e-011
3231	1.1027e-010
3232	9.1114e-011
3233	9.8739e-011
3234	9.6537e-011
3235	8.6453e-011
3236	1.0863e-010
3237	8.0884e-011
3238	1.0496e-010
3239	8.0343e-011
3240	8.7188e-011
3241	8.3409e-011
3242	8.9524e-011
3243	1.1746e-010
3244	1.6368e-010
3245	1.998e-010
3246	2.9705e-010
3247	6.6226e-010
3248	6.8455e-010
3249	8.0809e-010
3250	8.8133e-010
3251	4.227e-011
3252	4.7627e-011
3253	6.2112e-011
3254	6.9311e-011
3255	7.1156e-011
3256	6.9548e-011
3257	7.0678e-011
3258	7.2964e-011
3259	7.5926e-011
3260	7.5377e-011
3261	7.7172e-011
3262	8.0233e-011
3263	8.0065e-011
3264	8.5086e-011
3265	8.3778e-011
3266	8.71e-011
3267	8.8487e-011
3268	9.0363e-011
3269	9.3275e-011
3270	9.3711e-011
3271	9.801e-011
3272	9.7702e-011
3273	1.026e-010
3274	1.0261e-010
3275	1.068e-010
3276	1.0816e-010
3277	1.0965e-010
3278	1.1515e-010
3279	1.1326e-010
3280	1.2172e-010
3281	1.193e-010
3282	1.2319e-010
3283	1.2854e-010
3284	1.2746e-010
3285	1.326e-010
3286	1.3671e-010
3287	1.3668e-010
3288	1.4047e-010
3289	1.4749e-010
3290	1.4673e-010
3291	1.5015e-010
3292	1.5407e-010
3293	1.6031e-010
3294	1.6132e-010
3295	1.6457e-010
3296	1.6817e-010
3297	1.7241e-010
3298	1.7652e-010
3299	1.8022e-010
3300	1.8607e-010
3301	1.8856e-010
3302	1.9301e-010
3303	1.9748e-010
3304	2.0196e-010
3305	2.0641e-010
3306	2.1079e-010
3307	2.1729e-010
3308	2.2145e-010
3309	2.2659e-010
3310	2.3143e-010
3311	2.3503e-010
3312	2.4004e-010
3313	2.5022e-010
3314	2.6056e-010
3315	2.5496e-010
3316	2.5456e-010
3317	2.6209e-010
3318	2.5347e-010
3319	2.418e-010
3320	2.3681e-010
3321	2.3486e-010
3322	2.3045e-010
3323	2.2598e-010
3324	2.2391e-010
3325	2.1473e-010
3326	2.11e-010
3327	2.0667e-010
3328	2.0235e-010
3329	1.9834e-010
3330	1.9366e-010
3331	1.9813e-010
3332	1.8794e-010
3333	1.8676e-010
3334	1.8158e-010
3335	1.7426e-010
3336	1.7325e-010
3337	1.7264e-010
3338	1.9106e-010
3339	1.6627e-010
3340	1.5848e-010
3341	1.5912e-010
3342	1.9462e-010
3343	1.5525e-010
3344	1.4407e-010
3345	1.6589e-010
3346	1.5093e-010
3347	1.3259e-010
3348	1.685e-010
3349	1.4099e-010
3350	1.3582e-010
3351	1.8408e-010
3352	1.2157e-010
3353	1.5716e-010
3354	1.2998e-010
3355	1.31e-010
3356	1.3272e-010
3357	1.1132e-010
3358	1.3874e-010
3359	1.01e-010
3360	1.2197e-010
3361	1.022e-010
3362	1.1108e-010
3363	1.0157e-010
3364	1.008e-010
3365	1.0135e-010
3366	9.4502e-011
3367	1.1222e-010
3368	8.6738e-011
3369	9.192e-011
3370	8.1489e-011
3371	8.3486e-011
3372	8.5424e-011
3373	1.1272e-010
3374	1.7904e-010
3375	2.0279e-010
3376	3.1922e-010
3377	6.793e-010
3378	7.4322e-010
3379	7.5458e-010
3380	9.6052e-010
3381	5.8565e-011
3382	5.6937e-011
3383	6.6801e-011
3384	5.9786e-011
3385	6.7477e-011
3386	6.2057e-011
3387	6.4281e-011
3388	6.8078e-011
3389	6.4301e-011
3390	7.0614e-011
3391	7.0913e-011
3392	6.9734e-011
3393	7.6732e-011
3394	7.1784e-011
3395	7.9372e-011
3396	7.7395e-011
3397	8.0581e-011
3398	8.2566e-011
3399	8.2653e-011
3400	8.7225e-011
3401	8.5671e-011
3402	9.1475e-011
3403	8.9794e-011
3404	9.5194e-011
3405	9.4849e-011
3406	9.8207e-011
3407	1.0149e-010
3408	1.0003e-010
3409	1.0793e-010
3410	1.0377e-010
3411	1.1176e-010
3412	1.124e-010
3413	1.1207e-010
3414	1.1929e-010
3415	1.1922e-010
3416	1.2063e-010
3417	1.2668e-010
3418	1.2891e-010
3419	1.2779e-010
3420	1.3502e-010
3421	1.3777e-010
3422	1.4047e-010
3423	1.407e-010
3424	1.4632e-010
3425	1.498e-010
3426	1.5328e-010
3427	1.5607e-010
3428	1.594e-010
3429	1.6357e-010
3430	1.657e-010
3431	1.7123e-010
3432	1.7465e-010
3433	1.7868e-010
3434	1.8274e-010
3435	1.8686e-010
3436	1.9149e-010
3437	1.9418e-010
3438	1.9958e-010
3439	2.0409e-010
3440	2.0922e-010
3441	2.1616e-010
3442	2.2183e-010
3443	2.2207e-010
3444	2.2344e-010
3445	2.4092e-010
3446	2.4236e-010
3447	2.2415e-010
3448	2.2229e-010
3449	2.2497e-010
3450	2.2059e-010
3451	2.1304e-010
3452	2.0825e-010
3453	2.0347e-010
3454	1.9663e-010
3455	1.9638e-010
3456	1.9169e-010
3457	1.8769e-010
3458	1.8407e-010
3459	1.807e-010
3460	1.7893e-010
3461	1.6793e-010
3462	1.7239e-010
3463	1.6723e-010
3464	1.6507e-010
3465	1.6576e-010
3466	1.6431e-010
3467	1.6191e-010
3468	1.4356e-010
3469	1.5864e-010
3470	1.5821e-010
3471	1.6391e-010
3472	1.3425e-010
3473	1.5615e-010
3474	1.5773e-010
3475	1.263e-010
3476	1.3055e-010
3477	1.5612e-010
3478	1.1819e-010
3479	1.3779e-010
3480	1.5846e-010
3481	1.1556e-010
3482	1.589e-010
3483	1.0891e-010
3484	1.3954e-010
3485	1.2299e-010
3486	1.0757e-010
3487	1.2272e-010
3488	9.7806e-011
3489	1.1952e-010
3490	8.9823e-011
3491	1.1024e-010
3492	9.1102e-011
3493	9.8744e-011
3494	9.6514e-011
3495	8.6446e-011
3496	1.086e-010
3497	8.0897e-011
3498	1.0501e-010
3499	8.0346e-011
3500	8.7196e-011
3501	8.344e-011
3502	8.9519e-011
3503	1.1747e-010
3504	1.6363e-010
3505	1.9975e-010
3506	2.9706e-010
3507	6.6218e-010
3508	6.8444e-010
3509	8.0805e-010
3510	8.8124e-010
3511	5.8565e-011
3512	5.6937e-011
3513	6.6801e-011
3514	5.9798e-011
3515	6.7472e-011
3516	6.2055e-011
3517	6.4277e-011
3518	6.809e-011
3519	6.4301e-011
3520	7.0614e-011
3521	7.0913e-011
3522	6.9735e-011
3523	7.6732e-011
3524	7.1784e-011
3525	7.937e-011
3526	7.7391e-011
3527	8.0578e-011
3528	8.2563e-011
3529	8.2665e-011
3530	8.7244e-011
3531	8.5671e-011
3532	9.1469e-011
3533	8.9785e-011
3534	9.5189e-011
3535	9.4844e-011
3536	9.8204e-011
3537	1.0149e-010
3538	1.0003e-010
3539	1.0792e-010
3540	1.0377e-010
3541	1.1175e-010
3542	1.1241e-010
3543	1.1209e-010
3544	1.1931e-010
3545	1.1921e-010
3546	1.2063e-010
3547	1.2667e-010
3548	1.2888e-010
3549	1.2781e-010
3550	1.3506e-010
3551	1.3778e-010
3552	1.4046e-010
3553	1.4068e-010
3554	1.4626e-010
3555	1.4986e-010
3556	1.5326e-010
3557	1.5608e-010
3558	1.5939e-010
3559	1.6356e-010
3560	1.657e-010
3561	1.7123e-010
3562	1.7469e-010
3563	1.7868e-010
3564	1.8273e-010
3565	1.8684e-010
3566	1.9148e-010
3567	1.9418e-010
3568	1.9958e-010
3569	2.0413e-010
3570	2.0921e-010
3571	2.1615e-010
3572	2.2182e-010
3573	2.2207e-010
3574	2.2345e-010
3575	2.4101e-010
3576	2.4226e-010
3577	2.2417e-010
3578	2.2231e-010
3579	2.25e-010
3580	2.2051e-010
3581	2.1308e-010
3582	2.0825e-010
3583	2.0347e-010
3584	1.9662e-010
3585	1.9633e-010
3586	1.9168e-010
3587	1.8772e-010
3588	1.8406e-010
3589	1.8065e-010
3590	1.7895e-010
3591	1.6798e-010
3592	1.7246e-010
3593	1.6724e-010
3594	1.6506e-010
3595	1.6571e-010
3596	1.643e-010
3597	1.6195e-010
3598	1.4361e-010
3599	1.5864e-010
3600	1.5819e-010
3601	1.6394e-010
3602	1.3426e-010
3603	1.5616e-010
3604	1.5773e-010
3605	1.2629e-010
3606	1.3055e-010
3607	1.5612e-010
3608	1.1818e-010
3609	1.3777e-010
3610	1.5846e-010
3611	1.1556e-010
3612	1.589e-010
3613	1.089e-010
3614	1.3954e-010
3615	1.2297e-010
3616	1.0758e-010
3617	1.2272e-010
3618	9.7801e-011
3619	1.1951e-010
3620	8.9815e-011
3621	1.1024e-010
3622	9.1097e-011
3623	9.8739e-011
3624	9.6514e-011
3625	8.6443e-011
3626	1.086e-010
3627	8.0897e-011
3628	1.0501e-010
3629	8.0346e-011
3630	8.7196e-011
3631	8.344e-011
3632	8.9519e-011
3633	1.1747e-010
3634	1.6363e-010
3635	1.9975e-010
3636	2.9705e-010
3637	6.6214e-010
3638	6.8443e-010
3639	8.0804e-010
3640	8.8125e-010
3641	4.2258e-011
3642	4.7634e-011
3643	6.2118e-011
3644	6.9307e-011
3645	7.1167e-011
3646	6.9545e-011
3647	7.068e-011
3648	7.2974e-011
3649	7.5927e-011
3650	7.537e-011
3651	7.7142e-011
3652	8.0232e-011
3653	8.0078e-011
3654	8.509e-011
3655	8.3794e-011
3656	8.7071e-011
3657	8.8498e-011
3658	9.038e-011
3659	9.3279e-011
3660	9.3703e-011
3661	9.7982e-011
3662	9.77e-011
3663	1.026e-010
3664	1.0261e-010
3665	1.0675e-010
3666	1.0817e-010
3667	1.0966e-010
3668	1.1517e-010
3669	1.1325e-010
3670	1.2171e-010
3671	1.1933e-010
3672	1.2319e-010
3673	1.2854e-010
3674	1.2744e-010
3675	1.3263e-010
3676	1.3676e-010
3677	1.3667e-010
3678	1.4046e-010
3679	1.4756e-010
3680	1.4679e-010
3681	1.5018e-010
3682	1.5409e-010
3683	1.6025e-010
3684	1.614e-010
3685	1.6458e-010
3686	1.6814e-010
3687	1.7244e-010
3688	1.7653e-010
3689	1.802e-010
3690	1.8604e-010
3691	1.8861e-010
3692	1.93e-010
3693	1.9747e-010
3694	2.0193e-010
3695	2.0632e-010
3696	2.1074e-010
3697	2.1724e-010
3698	2.2146e-010
3699	2.2662e-010
3700	2.3142e-010
3701	2.3502e-010
3702	2.4005e-010
3703	2.5026e-010
3704	2.6047e-010
3705	2.5492e-010
3706	2.5448e-010
3707	2.6215e-010
3708	2.5334e-010
3709	2.4185e-010
3710	2.3671e-010
3711	2.3497e-010
3712	2.305e-010
3713	2.2602e-010
3714	2.2387e-010
3715	2.1475e-010
3716	2.1092e-010
3717	2.0651e-010
3718	2.0239e-010
3719	1.9827e-010
3720	1.9333e-010
3721	1.987e-010
3722	1.8778e-010
3723	1.8673e-010
3724	1.8159e-010
3725	1.7435e-010
3726	1.7329e-010
3727	1.7284e-010
3728	1.9057e-010
3729	1.6637e-010
3730	1.5853e-010
3731	1.5914e-010
3732	1.9471e-010
3733	1.5521e-010
3734	1.4406e-010
3735	1.6588e-010
3736	1.5089e-010
3737	1.326e-010
3738	1.685e-010
3739	1.4098e-010
3740	1.3582e-010
3741	1.841e-010
3742	1.2158e-010
3743	1.5719e-010
3744	1.2994e-010
3745	1.3103e-010
3746	1.3275e-010
3747	1.1133e-010
3748	1.387e-010
3749	1.0102e-010
3750	1.2196e-010
3751	1.0219e-010
3752	1.111e-010
3753	1.0159e-010
3754	1.008e-010
3755	1.0132e-010
3756	9.4496e-011
3757	1.1222e-010
3758	8.6742e-011
3759	9.1944e-011
3760	8.15e-011
3761	8.3501e-011
3762	8.5427e-011
3763	1.1271e-010
3764	1.7905e-010
3765	2.028e-010
3766	3.192e-010
3767	6.7931e-010
3768	7.4324e-010
3769	7.5458e-010
3770	9.6053e-010
3771	5.858e-011
3772	5.6903e-011
3773	6.6754e-011
3774	5.9729e-011
3775	6.7423e-011
3776	6.2033e-011
3777	6.4286e-011
3778	6.8058e-011
3779	6.4305e-011
3780	7.0619e-011
3781	7.0905e-011
3782	6.9725e-011
3783	7.6762e-011
3784	7.1813e-011
3785	7.9366e-011
3786	7.7365e-011
3787	8.054e-011
3788	8.2519e-011
3789	8.2602e-011
3790	8.7165e-011
3791	8.5642e-011
3792	9.1491e-011
3793	8.9775e-011
3794	9.5183e-011
3795	9.4797e-011
3796	9.8149e-011
3797	1.0148e-010
3798	1.e-010
3799	1.0788e-010
3800	1.0369e-010
3801	1.1176e-010
3802	1.1242e-010
3803	1.1214e-010
3804	1.1924e-010
3805	1.1906e-010
3806	1.2056e-010
3807	1.2677e-010
3808	1.29e-010
3809	1.2774e-010
3810	1.3493e-010
3811	1.3767e-010
3812	1.4037e-010
3813	1.4068e-010
3814	1.4624e-010
3815	1.4982e-010
3816	1.5327e-010
3817	1.5605e-010
3818	1.5946e-010
3819	1.6356e-010
3820	1.6566e-010
3821	1.7109e-010
3822	1.7463e-010
3823	1.7867e-010
3824	1.8265e-010
3825	1.869e-010
3826	1.9146e-010
3827	1.9421e-010
3828	1.9947e-010
3829	2.0423e-010
3830	2.0906e-010
3831	2.1613e-010
3832	2.2185e-010
3833	2.2199e-010
3834	2.2356e-010
3835	2.4124e-010
3836	2.4222e-010
3837	2.2419e-010
3838	2.2238e-010
3839	2.2492e-010
3840	2.2054e-010
3841	2.1305e-010
3842	2.0831e-010
3843	2.0349e-010
3844	1.9657e-010
3845	1.9642e-010
3846	1.9168e-010
3847	1.877e-010
3848	1.8404e-010
3849	1.8072e-010
3850	1.7898e-010
3851	1.6814e-010
3852	1.725e-010
3853	1.6716e-010
3854	1.6499e-010
3855	1.6579e-010
3856	1.6423e-010
3857	1.6333e-010
3858	1.4198e-010
3859	1.6024e-010
3860	1.5813e-010
3861	1.6395e-010
3862	1.3423e-010
3863	1.5617e-010
3864	1.5772e-010
3865	1.2636e-010
3866	1.3054e-010
3867	1.5615e-010
3868	1.1822e-010
3869	1.3784e-010
3870	1.5852e-010
3871	1.1565e-010
3872	1.5895e-010
3873	1.0896e-010
3874	1.3957e-010
3875	1.2301e-010
3876	1.0767e-010
3877	1.2285e-010
3878	9.7864e-011
3879	1.1958e-010
3880	8.988e-011
3881	1.1029e-010
3882	9.1109e-011
3883	9.8735e-011
3884	9.6557e-011
3885	8.6453e-011
3886	1.0861e-010
3887	8.089e-011
3888	1.0499e-010
3889	8.0343e-011
3890	8.7199e-011
3891	8.3417e-011
3892	8.9521e-011
3893	1.1745e-010
3894	1.6366e-010
3895	1.998e-010
3896	2.9705e-010
3897	6.623e-010
3898	6.8454e-010
3899	8.0808e-010
3900	8.8129e-010
3901	5.8552e-011
3902	5.6869e-011
3903	6.6712e-011
3904	5.9719e-011
3905	6.7403e-011
3906	6.2023e-011
3907	6.4262e-011
3908	6.8062e-011
3909	6.4282e-011
3910	7.0578e-011
3911	7.0854e-011
3912	6.9706e-011
3913	7.6752e-011
3914	7.182e-011
3915	7.9401e-011
3916	7.7332e-011
3917	8.0508e-011
3918	8.2479e-011
3919	8.26e-011
3920	8.7157e-011
3921	8.563e-011
3922	9.1432e-011
3923	8.972e-011
3924	9.5104e-011
3925	9.47e-011
3926	9.8045e-011
3927	1.0138e-010
3928	9.9986e-011
3929	1.0792e-010
3930	1.0367e-010
3931	1.1173e-010
3932	1.1243e-010
3933	1.1214e-010
3934	1.1916e-010
3935	1.19e-010
3936	1.2055e-010
3937	1.2676e-010
3938	1.2902e-010
3939	1.2775e-010
3940	1.3498e-010
3941	1.3759e-010
3942	1.4038e-010
3943	1.4061e-010
3944	1.4615e-010
3945	1.4969e-010
3946	1.5331e-010
3947	1.5616e-010
3948	1.5947e-010
3949	1.6364e-010
3950	1.6551e-010
3951	1.7096e-010
3952	1.7462e-010
3953	1.7864e-010
3954	1.8271e-010
3955	1.8687e-010
3956	1.9145e-010
3957	1.9426e-010
3958	1.9951e-010
3959	2.0421e-010
3960	2.0914e-010
3961	2.1627e-010
3962	2.2185e-010
3963	2.2202e-010
3964	2.2354e-010
3965	2.4141e-010
3966	2.4257e-010
3967	2.2417e-010
3968	2.2238e-010
3969	2.2478e-010
3970	2.2048e-010
3971	2.1307e-010
3972	2.0817e-010
3973	2.0348e-010
3974	1.9651e-010
3975	1.9646e-010
3976	1.9181e-010
3977	1.8774e-010
3978	1.8415e-010
3979	1.8077e-010
3980	1.7904e-010
3981	1.68e-010
3982	1.7239e-010
3983	1.6713e-010
3984	1.6502e-010
3985	1.6586e-010
3986	1.6431e-010
3987	1.6339e-010
3988	1.4185e-010
3989	1.6022e-010
3990	1.581e-010
3991	1.6395e-010
3992	1.3425e-010
3993	1.5622e-010
3994	1.5773e-010
3995	1.2636e-010
3996	1.3057e-010
3997	1.5618e-010
3998	1.1828e-010
3999	1.3786e-010
4000	1.5849e-010
4001	1.1565e-010
4002	1.5903e-010
4003	1.0898e-010
4004	1.3965e-010
4005	1.2312e-010
4006	1.0773e-010
4007	1.2289e-010
4008	9.7935e-011
4009	1.1963e-010
4010	8.991e-011
4011	1.1033e-010
4012	9.1133e-011
4013	9.8809e-011
4014	9.6585e-011
4015	8.6531e-011
4016	1.0866e-010
4017	8.0895e-011
4018	1.0502e-010
4019	8.0383e-011
4020	8.7222e-011
4021	8.342e-011
4022	8.9513e-011
4023	1.1746e-010
4024	1.6369e-010
4025	1.9982e-010
4026	2.971e-010
4027	6.6223e-010
4028	6.8454e-010
4029	8.0813e-010
4030	8.8134e-010
4031	4.2209e-011
4032	4.7538e-011
4033	6.2014e-011
4034	6.9281e-011
4035	7.1108e-011
4036	6.9522e-011
4037	7.0677e-011
4038	7.294e-011
4039	7.5895e-011
4040	7.5324e-011
4041	7.7068e-011
4042	8.0206e-011
4043	8.0088e-011
4044	8.5114e-011
4045	8.3784e-011
4046	8.7108e-011
4047	8.8413e-011
4048	9.0282e-011
4049	9.3196e-011
4050	9.3621e-011
4051	9.7903e-011
4052	9.7607e-011
4053	1.025e-010
4054	1.0251e-010
4055	1.0659e-010
4056	1.0783e-010
4057	1.0949e-010
4058	1.1508e-010
4059	1.1335e-010
4060	1.2157e-010
4061	1.1934e-010
4062	1.2317e-010
4063	1.2865e-010
4064	1.2725e-010
4065	1.324e-010
4066	1.3668e-010
4067	1.3679e-010
4068	1.4049e-010
4069	1.4754e-010
4070	1.4666e-010
4071	1.5009e-010
4072	1.5401e-010
4073	1.6023e-010
4074	1.6117e-010
4075	1.6433e-010
4076	1.6809e-010
4077	1.7258e-010
4078	1.7676e-010
4079	1.8025e-010
4080	1.8591e-010
4081	1.885e-010
4082	1.9296e-010
4083	1.9746e-010
4084	2.0191e-010
4085	2.0643e-010
4086	2.1063e-010
4087	2.1759e-010
4088	2.2134e-010
4089	2.2659e-010
4090	2.314e-010
4091	2.3524e-010
4092	2.4018e-010
4093	2.5012e-010
4094	2.6081e-010
4095	2.5515e-010
4096	2.5484e-010
4097	2.6243e-010
4098	2.5323e-010
4099	2.4191e-010
4100	2.3678e-010
4101	2.3499e-010
4102	2.3037e-010
4103	2.2574e-010
4104	2.2406e-010
4105	2.1468e-010
4106	2.1085e-010
4107	2.0673e-010
4108	2.0242e-010
4109	1.9841e-010
4110	1.9339e-010
4111	1.986e-010
4112	1.8757e-010
4113	1.8651e-010
4114	1.8166e-010
4115	1.7443e-010
4116	1.7321e-010
4117	1.7309e-010
4118	1.9031e-010
4119	1.6662e-010
4120	1.5842e-010
4121	1.5915e-010
4122	1.9478e-010
4123	1.5531e-010
4124	1.4412e-010
4125	1.6589e-010
4126	1.5092e-010
4127	1.3262e-010
4128	1.686e-010
4129	1.4108e-010
4130	1.3583e-010
4131	1.8431e-010
4132	1.2165e-010
4133	1.5725e-010
4134	1.3013e-010
4135	1.312e-010
4136	1.3287e-010
4137	1.1151e-010
4138	1.3882e-010
4139	1.0114e-010
4140	1.2203e-010
4141	1.023e-010
4142	1.1122e-010
4143	1.0167e-010
4144	1.0091e-010
4145	1.0149e-010
4146	9.4579e-011
4147	1.123e-010
4148	8.6825e-011
4149	9.2051e-011
4150	8.156e-011
4151	8.3523e-011
4152	8.5407e-011
4153	1.1273e-010
4154	1.7912e-010
4155	2.0283e-010
4156	3.193e-010
4157	6.7934e-010
4158	7.4342e-010
4159	7.5458e-010
4160	9.6052e-010
4161	5.8548e-011
4162	5.6862e-011
4163	6.6707e-011
4164	5.9718e-011
4165	6.7404e-011
4166	6.2024e-011
4167	6.4261e-011
4168	6.8059e-011
4169	6.4294e-011
4170	7.0579e-011
4171	7.0855e-011
4172	6.9707e-011
4173	7.6749e-011
4174	7.1816e-011
4175	7.9393e-011
4176	7.7347e-011
4177	8.0503e-011
4178	8.2474e-011
4179	8.2601e-011
4180	8.7158e-011
4181	8.562e-011
4182	9.1421e-011
4183	8.9715e-011
4184	9.5105e-011
4185	9.47e-011
4186	9.8045e-011
4187	1.0138e-010
4188	9.9988e-011
4189	1.0791e-010
4190	1.0366e-010
4191	1.1174e-010
4192	1.1242e-010
4193	1.1213e-010
4194	1.1917e-010
4195	1.1898e-010
4196	1.2056e-010
4197	1.2676e-010
4198	1.2911e-010
4199	1.2744e-010
4200	1.3506e-010
4201	1.3762e-010
4202	1.4036e-010
4203	1.406e-010
4204	1.4614e-010
4205	1.497e-010
4206	1.5328e-010
4207	1.5616e-010
4208	1.5947e-010
4209	1.6367e-010
4210	1.655e-010
4211	1.7096e-010
4212	1.7461e-010
4213	1.7868e-010
4214	1.827e-010
4215	1.8686e-010
4216	1.9146e-010
4217	1.9427e-010
4218	1.9952e-010
4219	2.0421e-010
4220	2.0913e-010
4221	2.1627e-010
4222	2.2186e-010
4223	2.22e-010
4224	2.235e-010
4225	2.4144e-010
4226	2.4252e-010
4227	2.2417e-010
4228	2.2233e-010
4229	2.2472e-010
4230	2.2047e-010
4231	2.1307e-010
4232	2.0816e-010
4233	2.0348e-010
4234	1.9651e-010
4235	1.9645e-010
4236	1.9181e-010
4237	1.8774e-010
4238	1.8415e-010
4239	1.8077e-010
4240	1.7903e-010
4241	1.6802e-010
4242	1.7241e-010
4243	1.6714e-010
4244	1.6502e-010
4245	1.6577e-010
4246	1.6441e-010
4247	1.6189e-010
4248	1.4337e-010
4249	1.5861e-010
4250	1.5818e-010
4251	1.639e-010
4252	1.3427e-010
4253	1.5625e-010
4254	1.5775e-010
4255	1.2635e-010
4256	1.3055e-010
4257	1.5617e-010
4258	1.1829e-010
4259	1.3785e-010
4260	1.5851e-010
4261	1.1565e-010
4262	1.5904e-010
4263	1.0897e-010
4264	1.3965e-010
4265	1.2312e-010
4266	1.0773e-010
4267	1.2289e-010
4268	9.7921e-011
4269	1.1963e-010
4270	8.9906e-011
4271	1.1033e-010
4272	9.1134e-011
4273	9.8811e-011
4274	9.6583e-011
4275	8.6527e-011
4276	1.0863e-010
4277	8.09e-011
4278	1.0503e-010
4279	8.0383e-011
4280	8.7222e-011
4281	8.3421e-011
4282	8.9513e-011
4283	1.1746e-010
4284	1.6369e-010
4285	1.9983e-010
4286	2.9712e-010
4287	6.6222e-010
4288	6.8451e-010
4289	8.0812e-010
4290	8.8129e-010
4291	5.8574e-011
4292	5.6894e-011
4293	6.6736e-011
4294	5.9718e-011
4295	6.743e-011
4296	6.2038e-011
4297	6.4274e-011
4298	6.8069e-011
4299	6.4295e-011
4300	7.061e-011
4301	7.09e-011
4302	6.9717e-011
4303	7.6762e-011
4304	7.1811e-011
4305	7.9368e-011
4306	7.7379e-011
4307	8.0519e-011
4308	8.2517e-011
4309	8.2633e-011
4310	8.7157e-011
4311	8.5634e-011
4312	9.1471e-011
4313	8.9779e-011
4314	9.5178e-011
4315	9.4796e-011
4316	9.8144e-011
4317	1.0147e-010
4318	1.0002e-010
4319	1.0791e-010
4320	1.0366e-010
4321	1.1178e-010
4322	1.1246e-010
4323	1.1215e-010
4324	1.1922e-010
4325	1.1906e-010
4326	1.2052e-010
4327	1.2679e-010
4328	1.2907e-010
4329	1.2743e-010
4330	1.3503e-010
4331	1.3763e-010
4332	1.4037e-010
4333	1.4068e-010
4334	1.4623e-010
4335	1.4982e-010
4336	1.5327e-010
4337	1.5605e-010
4338	1.5946e-010
4339	1.6359e-010
4340	1.6564e-010
4341	1.7107e-010
4342	1.7462e-010
4343	1.7868e-010
4344	1.8276e-010
4345	1.8687e-010
4346	1.9142e-010
4347	1.9429e-010
4348	1.9948e-010
4349	2.0419e-010
4350	2.0902e-010
4351	2.1613e-010
4352	2.2188e-010
4353	2.2187e-010
4354	2.2355e-010
4355	2.4126e-010
4356	2.4224e-010
4357	2.242e-010
4358	2.2229e-010
4359	2.2486e-010
4360	2.2047e-010
4361	2.1305e-010
4362	2.0822e-010
4363	2.0356e-010
4364	1.9657e-010
4365	1.9644e-010
4366	1.9169e-010
4367	1.8768e-010
4368	1.8404e-010
4369	1.8072e-010
4370	1.7898e-010
4371	1.6814e-010
4372	1.7245e-010
4373	1.6716e-010
4374	1.65e-010
4375	1.6575e-010
4376	1.641e-010
4377	1.6229e-010
4378	1.435e-010
4379	1.5905e-010
4380	1.58e-010
4381	1.6395e-010
4382	1.3421e-010
4383	1.5619e-010
4384	1.5775e-010
4385	1.2637e-010
4386	1.3053e-010
4387	1.5609e-010
4388	1.1823e-010
4389	1.3786e-010
4390	1.585e-010
4391	1.1564e-010
4392	1.5893e-010
4393	1.0895e-010
4394	1.3957e-010
4395	1.2303e-010
4396	1.0767e-010
4397	1.2285e-010
4398	9.7873e-011
4399	1.1959e-010
4400	8.9863e-011
4401	1.1032e-010
4402	9.109e-011
4403	9.8771e-011
4404	9.6524e-011
4405	8.6456e-011
4406	1.0859e-010
4407	8.0878e-011
4408	1.0497e-010
4409	8.034e-011
4410	8.7184e-011
4411	8.3415e-011
4412	8.9532e-011
4413	1.1744e-010
4414	1.6368e-010
4415	1.9979e-010
4416	2.9707e-010
4417	6.6231e-010
4418	6.8453e-010
4419	8.0805e-010
4420	8.813e-010
4421	4.226e-011
4422	4.7612e-011
4423	6.2092e-011
4424	6.9319e-011
4425	7.1168e-011
4426	6.955e-011
4427	7.0693e-011
4428	7.2988e-011
4429	7.5935e-011
4430	7.5361e-011
4431	7.7124e-011
4432	8.0212e-011
4433	8.0064e-011
4434	8.5096e-011
4435	8.3822e-011
4436	8.7071e-011
4437	8.8478e-011
4438	9.0374e-011
4439	9.3269e-011
4440	9.3711e-011
4441	9.7963e-011
4442	9.7693e-011
4443	1.0263e-010
4444	1.0258e-010
4445	1.0678e-010
4446	1.0819e-010
4447	1.0962e-010
4448	1.152e-010
4449	1.1327e-010
4450	1.2159e-010
4451	1.1937e-010
4452	1.2317e-010
4453	1.2859e-010
4454	1.2745e-010
4455	1.3269e-010
4456	1.3671e-010
4457	1.3673e-010
4458	1.404e-010
4459	1.4762e-010
4460	1.4672e-010
4461	1.5021e-010
4462	1.5407e-010
4463	1.603e-010
4464	1.6141e-010
4465	1.6463e-010
4466	1.6812e-010
4467	1.7241e-010
4468	1.765e-010
4469	1.8022e-010
4470	1.8608e-010
4471	1.8852e-010
4472	1.9305e-010
4473	1.9752e-010
4474	2.0195e-010
4475	2.0638e-010
4476	2.1085e-010
4477	2.1729e-010
4478	2.2146e-010
4479	2.2659e-010
4480	2.3144e-010
4481	2.3497e-010
4482	2.4003e-010
4483	2.5024e-010
4484	2.6061e-010
4485	2.5492e-010
4486	2.5448e-010
4487	2.6211e-010
4488	2.5342e-010
4489	2.4185e-010
4490	2.3675e-010
4491	2.3481e-010
4492	2.3044e-010
4493	2.26e-010
4494	2.2377e-010
4495	2.1472e-010
4496	2.1096e-010
4497	2.0655e-010
4498	2.0239e-010
4499	1.9827e-010
4500	1.9333e-010
4501	1.9872e-010
4502	1.8779e-010
4503	1.8666e-010
4504	1.8159e-010
4505	1.7431e-010
4506	1.7327e-010
4507	1.7321e-010
4508	1.9341e-010
4509	1.6694e-010
4510	1.5854e-010
4511	1.5921e-010
4512	1.9471e-010
4513	1.5522e-010
4514	1.4403e-010
4515	1.6593e-010
4516	1.5089e-010
4517	1.3253e-010
4518	1.685e-010
4519	1.41e-010
4520	1.3585e-010
4521	1.8408e-010
4522	1.2154e-010
4523	1.5712e-010
4524	1.2992e-010
4525	1.3102e-010
4526	1.3276e-010
4527	1.1136e-010
4528	1.3869e-010
4529	1.0098e-010
4530	1.2194e-010
4531	1.0219e-010
4532	1.1112e-010
4533	1.0154e-010
4534	1.0078e-010
4535	1.0136e-010
4536	9.448e-011
4537	1.1225e-010
4538	8.674e-011
4539	9.1937e-011
4540	8.1498e-011
4541	8.353e-011
4542	8.54e-011
4543	1.1272e-010
4544	1.7909e-010
4545	2.0276e-010
4546	3.1921e-010
4547	6.7936e-010
4548	7.4331e-010
4549	7.5456e-010
4550	9.6061e-010
4551	5.8573e-011
4552	5.6929e-011
4553	6.6817e-011
4554	5.9801e-011
4555	6.7476e-011
4556	6.2046e-011
4557	6.43e-011
4558	6.8076e-011
4559	6.4306e-011
4560	7.062e-011
4561	7.0895e-011
4562	6.9719e-011
4563	7.6748e-011
4564	7.1799e-011
4565	7.9368e-011
4566	7.7374e-011
4567	8.0574e-011
4568	8.2557e-011
4569	8.2672e-011
4570	8.7227e-011
4571	8.5674e-011
4572	9.1489e-011
4573	8.9788e-011
4574	9.521e-011
4575	9.4825e-011
4576	9.8237e-011
4577	1.0156e-010
4578	1.0002e-010
4579	1.0793e-010
4580	1.0374e-010
4581	1.1178e-010
4582	1.1238e-010
4583	1.1208e-010
4584	1.193e-010
4585	1.1922e-010
4586	1.2061e-010
4587	1.2673e-010
4588	1.2888e-010
4589	1.2777e-010
4590	1.3502e-010
4591	1.3776e-010
4592	1.4045e-010
4593	1.4068e-010
4594	1.463e-010
4595	1.4982e-010
4596	1.5327e-010
4597	1.5606e-010
4598	1.5941e-010
4599	1.6359e-010
4600	1.6569e-010
4601	1.7122e-010
4602	1.7466e-010
4603	1.7868e-010
4604	1.8274e-010
4605	1.8687e-010
4606	1.9153e-010
4607	1.9422e-010
4608	1.9954e-010
4609	2.0414e-010
4610	2.092e-010
4611	2.162e-010
4612	2.218e-010
4613	2.2203e-010
4614	2.2353e-010
4615	2.4097e-010
4616	2.4231e-010
4617	2.2409e-010
4618	2.2228e-010
4619	2.25e-010
4620	2.2055e-010
4621	2.1307e-010
4622	2.0825e-010
4623	2.0349e-010
4624	1.9659e-010
4625	1.964e-010
4626	1.917e-010
4627	1.8775e-010
4628	1.8406e-010
4629	1.8065e-010
4630	1.7896e-010
4631	1.6794e-010
4632	1.7243e-010
4633	1.6724e-010
4634	1.6504e-010
4635	1.6578e-010
4636	1.6437e-010
4637	1.655e-010
4638	1.4373e-010
4639	1.6247e-010
4640	1.5827e-010
4641	1.639e-010
4642	1.3422e-010
4643	1.5616e-010
4644	1.5766e-010
4645	1.2629e-010
4646	1.3056e-010
4647	1.5613e-010
4648	1.1822e-010
4649	1.378e-010
4650	1.5846e-010
4651	1.1556e-010
4652	1.5888e-010
4653	1.089e-010
4654	1.3951e-010
4655	1.23e-010
4656	1.0755e-010
4657	1.2274e-010
4658	9.7796e-011
4659	1.1951e-010
4660	8.9818e-011
4661	1.1024e-010
4662	9.1081e-011
4663	9.8719e-011
4664	9.6486e-011
4665	8.6452e-011
4666	1.0861e-010
4667	8.0917e-011
4668	1.0498e-010
4669	8.0352e-011
4670	8.7213e-011
4671	8.3434e-011
4672	8.9552e-011
4673	1.1747e-010
4674	1.6364e-010
4675	1.9978e-010
4676	2.9706e-010
4677	6.6218e-010
4678	6.8447e-010
4679	8.0811e-010
4680	8.8125e-010
4681	4.7489e-011
4682	4.9682e-011
4683	5.2484e-011
4684	5.3495e-011
4685	5.961e-011
4686	5.7653e-011
4687	5.8388e-011
4688	6.1053e-011
4689	6.3037e-011
4690	6.3047e-011
4691	6.4335e-011
4692	6.6439e-011
4693	6.7453e-011
4694	7.0548e-011
4695	7.0483e-011
4696	7.2327e-011
4697	7.3737e-011
4698	7.5489e-011
4699	7.7442e-011
4700	7.8689e-011
4701	8.1386e-011
4702	8.2178e-011
4703	8.5221e-011
4704	8.6004e-011
4705	8.8917e-011
4706	9.0281e-011
4707	9.1919e-011
4708	9.589e-011
4709	9.5739e-011
4710	1.0097e-010
4711	1.005e-010
4712	1.0313e-010
4713	1.0716e-010
4714	1.0725e-010
4715	1.1077e-010
4716	1.1402e-010
4717	1.147e-010
4718	1.1799e-010
4719	1.2261e-010
4720	1.2349e-010
4721	1.2566e-010
4722	1.2962e-010
4723	1.3331e-010
4724	1.357e-010
4725	1.3789e-010
4726	1.4065e-010
4727	1.4447e-010
4728	1.4794e-010
4729	1.5132e-010
4730	1.5503e-010
4731	1.5826e-010
4732	1.6161e-010
4733	1.6529e-010
4734	1.6895e-010
4735	1.7272e-010
4736	1.7682e-010
4737	1.8128e-010
4738	1.8559e-010
4739	1.898e-010
4740	1.9368e-010
4741	1.9643e-010
4742	2.0213e-010
4743	2.0928e-010
4744	2.1477e-010
4745	2.1541e-010
4746	2.1599e-010
4747	2.1592e-010
4748	2.1165e-010
4749	2.0391e-010
4750	1.9764e-010
4751	1.961e-010
4752	1.9316e-010
4753	1.8908e-010
4754	1.8487e-010
4755	1.8013e-010
4756	1.7581e-010
4757	1.7217e-010
4758	1.6873e-010
4759	1.6542e-010
4760	1.6305e-010
4761	1.6157e-010
4762	1.5821e-010
4763	1.5625e-010
4764	1.5232e-010
4765	1.4418e-010
4766	1.4553e-010
4767	1.5109e-010
4768	1.5611e-010
4769	1.4702e-010
4770	1.3057e-010
4771	1.3974e-010
4772	1.5765e-010
4773	1.3323e-010
4774	1.2451e-010
4775	1.363e-010
4776	1.2286e-010
4777	1.1962e-010
4778	1.3829e-010
4779	1.1393e-010
4780	1.2e-010
4781	1.5374e-010
4782	1.166e-010
4783	1.2757e-010
4784	1.0534e-010
4785	9.9249e-011
4786	1.0248e-010
4787	9.5983e-011
4788	1.035e-010
4789	9.2079e-011
4790	9.529e-011
4791	8.6573e-011
4792	8.5905e-011
4793	8.2025e-011
4794	7.9547e-011
4795	7.9302e-011
4796	8.4767e-011
4797	9.6589e-011
4798	8.1605e-011
4799	7.6345e-011
4800	7.129e-011
4801	7.5234e-011
4802	7.3958e-011
4803	9.0938e-011
4804	1.0868e-010
4805	1.0907e-010
4806	2.1293e-010
4807	3.5904e-010
4808	2.8424e-010
4809	5.0355e-010
4810	4.5348e-010
4811	7.9623e-011
4812	8.2764e-011
4813	8.2867e-011
4814	7.9437e-011
4815	7.6643e-011
4816	7.996e-011
4817	8.2027e-011
4818	8.3554e-011
4819	8.5036e-011
4820	8.8011e-011
4821	8.9533e-011
4822	9.0909e-011
4823	9.4201e-011
4824	9.486e-011
4825	9.8259e-011
4826	9.9549e-011
4827	1.0202e-010
4828	1.0421e-010
4829	1.0629e-010
4830	1.0917e-010
4831	1.1077e-010
4832	1.1443e-010
4833	1.1589e-010
4834	1.1961e-010
4835	1.2136e-010
4836	1.2469e-010
4837	1.2818e-010
4838	1.2916e-010
4839	1.3454e-010
4840	1.3501e-010
4841	1.4035e-010
4842	1.4279e-010
4843	1.4448e-010
4844	1.4991e-010
4845	1.5186e-010
4846	1.5458e-010
4847	1.5991e-010
4848	1.6292e-010
4849	1.6517e-010
4850	1.7046e-010
4851	1.751e-010
4852	1.7797e-010
4853	1.8117e-010
4854	1.8554e-010
4855	1.905e-010
4856	1.9484e-010
4857	1.9873e-010
4858	2.031e-010
4859	2.0753e-010
4860	2.1235e-010
4861	2.1728e-010
4862	2.2248e-010
4863	2.274e-010
4864	2.3251e-010
4865	2.3783e-010
4866	2.4288e-010
4867	2.484e-010
4868	2.5398e-010
4869	2.6018e-010
4870	2.6654e-010
4871	2.7398e-010
4872	2.7971e-010
4873	2.8388e-010
4874	2.9109e-010
4875	3.0093e-010
4876	3.0141e-010
4877	2.9231e-010
4878	2.8586e-010
4879	2.8302e-010
4880	2.7829e-010
4881	2.7143e-010
4882	2.6512e-010
4883	2.5847e-010
4884	2.5292e-010
4885	2.4803e-010
4886	2.4367e-010
4887	2.389e-010
4888	2.3421e-010
4889	2.299e-010
4890	2.2423e-010
4891	2.1909e-010
4892	2.1585e-010
4893	2.1357e-010
4894	2.1039e-010
4895	2.0819e-010
4896	2.076e-010
4897	2.018e-010
4898	1.9591e-010
4899	1.9827e-010
4900	1.968e-010
4901	1.9526e-010
4902	1.8598e-010
4903	1.8681e-010
4904	1.8851e-010
4905	1.6844e-010
4906	1.6578e-010
4907	1.8242e-010
4908	1.6258e-010
4909	1.6404e-010
4910	1.784e-010
4911	1.6932e-010
4912	1.785e-010
4913	1.4895e-010
4914	1.5707e-010
4915	1.4165e-010
4916	1.3362e-010
4917	1.4187e-010
4918	1.3132e-010
4919	1.3271e-010
4920	1.2331e-010
4921	1.2565e-010
4922	1.162e-010
4923	1.16e-010
4924	1.1248e-010
4925	1.1008e-010
4926	1.1976e-010
4927	1.1675e-010
4928	1.1667e-010
4929	1.0204e-010
4930	1.0532e-010
4931	1.0129e-010
4932	1.0162e-010
4933	1.4115e-010
4934	1.156e-010
4935	1.2722e-010
4936	2.7801e-010
4937	3.5209e-010
4938	2.5879e-010
4939	6.4781e-010
4940	4.0636e-010
4941	4.7487e-011
4942	4.9676e-011
4943	5.2463e-011
4944	5.3481e-011
4945	5.9604e-011
4946	5.7648e-011
4947	5.839e-011
4948	6.1068e-011
4949	6.3043e-011
4950	6.3041e-011
4951	6.4321e-011
4952	6.6413e-011
4953	6.7442e-011
4954	7.0538e-011
4955	7.0481e-011
4956	7.226e-011
4957	7.3704e-011
4958	7.5453e-011
4959	7.7432e-011
4960	7.8691e-011
4961	8.1364e-011
4962	8.2135e-011
4963	8.5241e-011
4964	8.5974e-011
4965	8.892e-011
4966	9.0247e-011
4967	9.1879e-011
4968	9.5921e-011
4969	9.5759e-011
4970	1.0095e-010
4971	1.0046e-010
4972	1.0311e-010
4973	1.0716e-010
4974	1.0723e-010
4975	1.1077e-010
4976	1.1406e-010
4977	1.1465e-010
4978	1.1807e-010
4979	1.2262e-010
4980	1.2359e-010
4981	1.2566e-010
4982	1.2962e-010
4983	1.3334e-010
4984	1.3562e-010
4985	1.3789e-010
4986	1.407e-010
4987	1.4447e-010
4988	1.4794e-010
4989	1.5132e-010
4990	1.5502e-010
4991	1.5829e-010
4992	1.615e-010
4993	1.6528e-010
4994	1.6889e-010
4995	1.7271e-010
4996	1.7687e-010
4997	1.8126e-010
4998	1.8559e-010
4999	1.8981e-010
5000	1.9359e-010
5001	1.9654e-010
5002	2.0219e-010
5003	2.0915e-010
5004	2.1476e-010
5005	2.1558e-010
5006	2.1602e-010
5007	2.1609e-010
5008	2.1159e-010
5009	2.0388e-010
5010	1.9762e-010
5011	1.96e-010
5012	1.9313e-010
5013	1.8914e-010
5014	1.8479e-010
5015	1.8014e-010
5016	1.758e-010
5017	1.7218e-010
5018	1.6879e-010
5019	1.6541e-010
5020	1.6283e-010
5021	1.6151e-010
5022	1.5806e-010
5023	1.5625e-010
5024	1.5225e-010
5025	1.4418e-010
5026	1.4553e-010
5027	1.5109e-010
5028	1.5611e-010
5029	1.4698e-010
5030	1.3059e-010
5031	1.3978e-010
5032	1.5763e-010
5033	1.3324e-010
5034	1.2454e-010
5035	1.3629e-010
5036	1.2285e-010
5037	1.1962e-010
5038	1.3829e-010
5039	1.1397e-010
5040	1.2002e-010
5041	1.5377e-010
5042	1.1653e-010
5043	1.2761e-010
5044	1.0536e-010
5045	9.9287e-011
5046	1.0252e-010
5047	9.5993e-011
5048	1.035e-010
5049	9.211e-011
5050	9.5272e-011
5051	8.6545e-011
5052	8.5939e-011
5053	8.2019e-011
5054	7.9564e-011
5055	7.9313e-011
5056	8.4747e-011
5057	9.6619e-011
5058	8.1613e-011
5059	7.6364e-011
5060	7.1292e-011
5061	7.5215e-011
5062	7.392e-011
5063	9.0908e-011
5064	1.0866e-010
5065	1.0906e-010
5066	2.1294e-010
5067	3.5905e-010
5068	2.842e-010
5069	5.0354e-010
5070	4.5348e-010
5071	4.7416e-011
5072	4.9612e-011
5073	5.2385e-011
5074	5.3386e-011
5075	5.9542e-011
5076	5.7631e-011
5077	5.8375e-011
5078	6.1048e-011
5079	6.2995e-011
5080	6.3019e-011
5081	6.4267e-011
5082	6.6363e-011
5083	6.745e-011
5084	7.057e-011
5085	7.0546e-011
5086	7.2317e-011
5087	7.3706e-011
5088	7.5413e-011
5089	7.7376e-011
5090	7.8688e-011
5091	8.1326e-011
5092	8.2111e-011
5093	8.5197e-011
5094	8.5974e-011
5095	8.8857e-011
5096	9.0127e-011
5097	9.1711e-011
5098	9.584e-011
5099	9.5738e-011
5100	1.009e-010
5101	1.0044e-010
5102	1.0311e-010
5103	1.0713e-010
5104	1.072e-010
5105	1.1071e-010
5106	1.14e-010
5107	1.1471e-010
5108	1.1791e-010
5109	1.2284e-010
5110	1.234e-010
5111	1.2546e-010
5112	1.2941e-010
5113	1.3321e-010
5114	1.3562e-010
5115	1.3781e-010
5116	1.407e-010
5117	1.4459e-010
5118	1.48e-010
5119	1.5144e-010
5120	1.5498e-010
5121	1.5818e-010
5122	1.6158e-010
5123	1.653e-010
5124	1.6894e-010
5125	1.7275e-010
5126	1.769e-010
5127	1.8129e-010
5128	1.8553e-010
5129	1.8982e-010
5130	1.9363e-010
5131	1.9657e-010
5132	2.0216e-010
5133	2.0924e-010
5134	2.1472e-010
5135	2.1567e-010
5136	2.162e-010
5137	2.16e-010
5138	2.1162e-010
5139	2.0382e-010
5140	1.9762e-010
5141	1.9604e-010
5142	1.9309e-010
5143	1.8918e-010
5144	1.8476e-010
5145	1.8015e-010
5146	1.7581e-010
5147	1.7204e-010
5148	1.6872e-010
5149	1.6529e-010
5150	1.634e-010
5151	1.6014e-010
5152	1.5849e-010
5153	1.5612e-010
5154	1.5236e-010
5155	1.442e-010
5156	1.4556e-010
5157	1.5114e-010
5158	1.5609e-010
5159	1.4692e-010
5160	1.3061e-010
5161	1.3979e-010
5162	1.5765e-010
5163	1.3328e-010
5164	1.2454e-010
5165	1.3632e-010
5166	1.2287e-010
5167	1.1964e-010
5168	1.3834e-010
5169	1.1395e-010
5170	1.201e-010
5171	1.5385e-010
5172	1.1666e-010
5173	1.2769e-010
5174	1.0539e-010
5175	9.9395e-011
5176	1.026e-010
5177	9.6094e-011
5178	1.036e-010
5179	9.2132e-011
5180	9.5342e-011
5181	8.6603e-011
5182	8.6005e-011
5183	8.2095e-011
5184	7.9628e-011
5185	7.9388e-011
5186	8.4806e-011
5187	9.6653e-011
5188	8.164e-011
5189	7.6391e-011
5190	7.1314e-011
5191	7.5236e-011
5192	7.3959e-011
5193	9.0958e-011
5194	1.0869e-010
5195	1.091e-010
5196	2.1292e-010
5197	3.5905e-010
5198	2.8423e-010
5199	5.0353e-010
5200	4.5353e-010
5201	7.9546e-011
5202	8.2617e-011
5203	8.265e-011
5204	7.9251e-011
5205	7.6545e-011
5206	7.9918e-011
5207	8.2024e-011
5208	8.3509e-011
5209	8.4985e-011
5210	8.7955e-011
5211	8.9445e-011
5212	9.0829e-011
5213	9.4206e-011
5214	9.488e-011
5215	9.8301e-011
5216	9.956e-011
5217	1.0196e-010
5218	1.0411e-010
5219	1.0614e-010
5220	1.0906e-010
5221	1.1069e-010
5222	1.1435e-010
5223	1.1574e-010
5224	1.1951e-010
5225	1.2119e-010
5226	1.2436e-010
5227	1.2785e-010
5228	1.2907e-010
5229	1.3444e-010
5230	1.3494e-010
5231	1.4023e-010
5232	1.4266e-010
5233	1.4445e-010
5234	1.4974e-010
5235	1.5171e-010
5236	1.5451e-010
5237	1.6004e-010
5238	1.631e-010
5239	1.6512e-010
5240	1.7056e-010
5241	1.749e-010
5242	1.7767e-010
5243	1.8099e-010
5244	1.8537e-010
5245	1.9032e-010
5246	1.9488e-010
5247	1.9886e-010
5248	2.0324e-010
5249	2.075e-010
5250	2.1201e-010
5251	2.169e-010
5252	2.2227e-010
5253	2.2748e-010
5254	2.3252e-010
5255	2.3779e-010
5256	2.4308e-010
5257	2.4842e-010
5258	2.5405e-010
5259	2.6015e-010
5260	2.6669e-010
5261	2.7417e-010
5262	2.7972e-010
5263	2.8385e-010
5264	2.9116e-010
5265	3.0142e-010
5266	3.0176e-010
5267	2.9247e-010
5268	2.8566e-010
5269	2.8269e-010
5270	2.7807e-010
5271	2.713e-010
5272	2.651e-010
5273	2.5825e-010
5274	2.5285e-010
5275	2.4801e-010
5276	2.437e-010
5277	2.3887e-010
5278	2.3425e-010
5279	2.2983e-010
5280	2.2368e-010
5281	2.1932e-010
5282	2.1511e-010
5283	2.1343e-010
5284	2.1047e-010
5285	2.0825e-010
5286	2.0761e-010
5287	2.0187e-010
5288	1.9592e-010
5289	1.9812e-010
5290	1.9676e-010
5291	1.953e-010
5292	1.8605e-010
5293	1.8691e-010
5294	1.8854e-010
5295	1.6841e-010
5296	1.6579e-010
5297	1.8251e-010
5298	1.6272e-010
5299	1.6416e-010
5300	1.785e-010
5301	1.6952e-010
5302	1.7863e-010
5303	1.4905e-010
5304	1.5725e-010
5305	1.4184e-010
5306	1.3382e-010
5307	1.4206e-010
5308	1.3152e-010
5309	1.3287e-010
5310	1.2344e-010
5311	1.2572e-010
5312	1.1636e-010
5313	1.1622e-010
5314	1.1265e-010
5315	1.1019e-010
5316	1.1989e-010
5317	1.168e-010
5318	1.167e-010
5319	1.0208e-010
5320	1.0537e-010
5321	1.0128e-010
5322	1.0164e-010
5323	1.4113e-010
5324	1.1566e-010
5325	1.2725e-010
5326	2.7808e-010
5327	3.5214e-010
5328	2.5887e-010
5329	6.4787e-010
5330	4.0637e-010
5331	4.7416e-011
5332	4.9612e-011
5333	5.2385e-011
5334	5.3386e-011
5335	5.9542e-011
5336	5.7631e-011
5337	5.8374e-011
5338	6.1048e-011
5339	6.2995e-011
5340	6.3019e-011
5341	6.4267e-011
5342	6.6364e-011
5343	6.745e-011
5344	7.0569e-011
5345	7.0545e-011
5346	7.2317e-011
5347	7.3706e-011
5348	7.5413e-011
5349	7.7375e-011
5350	7.8688e-011
5351	8.1323e-011
5352	8.2108e-011
5353	8.5197e-011
5354	8.5974e-011
5355	8.8854e-011
5356	9.012e-011
5357	9.1706e-011
5358	9.584e-011
5359	9.5738e-011
5360	1.009e-010
5361	1.0044e-010
5362	1.0311e-010
5363	1.0713e-010
5364	1.0723e-010
5365	1.107e-010
5366	1.1399e-010
5367	1.1471e-010
5368	1.18e-010
5369	1.2289e-010
5370	1.235e-010
5371	1.2556e-010
5372	1.2946e-010
5373	1.3319e-010
5374	1.356e-010
5375	1.3784e-010
5376	1.4069e-010
5377	1.4458e-010
5378	1.4799e-010
5379	1.5144e-010
5380	1.5498e-010
5381	1.5818e-010
5382	1.6158e-010
5383	1.6531e-010
5384	1.6894e-010
5385	1.7275e-010
5386	1.769e-010
5387	1.8129e-010
5388	1.8553e-010
5389	1.8982e-010
5390	1.9363e-010
5391	1.9658e-010
5392	2.0217e-010
5393	2.0924e-010
5394	2.1472e-010
5395	2.1566e-010
5396	2.162e-010
5397	2.16e-010
5398	2.1162e-010
5399	2.0382e-010
5400	1.9759e-010
5401	1.9601e-010
5402	1.9308e-010
5403	1.8918e-010
5404	1.8476e-010
5405	1.8015e-010
5406	1.7581e-010
5407	1.7205e-010
5408	1.6873e-010
5409	1.6534e-010
5410	1.6293e-010
5411	1.6055e-010
5412	1.5797e-010
5413	1.5626e-010
5414	1.5231e-010
5415	1.4421e-010
5416	1.4565e-010
5417	1.5106e-010
5418	1.5609e-010
5419	1.4692e-010
5420	1.3059e-010
5421	1.3972e-010
5422	1.5766e-010
5423	1.3325e-010
5424	1.2454e-010
5425	1.3632e-010
5426	1.2286e-010
5427	1.1964e-010
5428	1.3834e-010
5429	1.1395e-010
5430	1.201e-010
5431	1.5385e-010
5432	1.1665e-010
5433	1.2772e-010
5434	1.054e-010
5435	9.9394e-011
5436	1.026e-010
5437	9.6094e-011
5438	1.036e-010
5439	9.2132e-011
5440	9.5342e-011
5441	8.6603e-011
5442	8.6005e-011
5443	8.212e-011
5444	7.9625e-011
5445	7.9388e-011
5446	8.4806e-011
5447	9.6653e-011
5448	8.1639e-011
5449	7.6391e-011
5450	7.1314e-011
5451	7.5237e-011
5452	7.3959e-011
5453	9.0958e-011
5454	1.0869e-010
5455	1.091e-010
5456	2.1292e-010
5457	3.5904e-010
5458	2.8423e-010
5459	5.0353e-010
5460	4.5353e-010
5461	4.7487e-011
5462	4.9676e-011
5463	5.2461e-011
5464	5.3479e-011
5465	5.9604e-011
5466	5.7648e-011
5467	5.839e-011
5468	6.1067e-011
5469	6.3043e-011
5470	6.3038e-011
5471	6.4318e-011
5472	6.6412e-011
5473	6.7442e-011
5474	7.0531e-011
5475	7.0479e-011
5476	7.2258e-011
5477	7.3701e-011
5478	7.5452e-011
5479	7.7428e-011
5480	7.8687e-011
5481	8.1364e-011
5482	8.2162e-011
5483	8.5238e-011
5484	8.5974e-011
5485	8.892e-011
5486	9.0246e-011
5487	9.1879e-011
5488	9.5918e-011
5489	9.5756e-011
5490	1.0094e-010
5491	1.0045e-010
5492	1.031e-010
5493	1.0715e-010
5494	1.0723e-010
5495	1.1082e-010
5496	1.1406e-010
5497	1.1465e-010
5498	1.1796e-010
5499	1.2273e-010
5500	1.2346e-010
5501	1.2553e-010
5502	1.2952e-010
5503	1.3333e-010
5504	1.3563e-010
5505	1.3784e-010
5506	1.4073e-010
5507	1.4448e-010
5508	1.4791e-010
5509	1.5132e-010
5510	1.5502e-010
5511	1.5829e-010
5512	1.615e-010
5513	1.6528e-010
5514	1.6889e-010
5515	1.727e-010
5516	1.7687e-010
5517	1.8132e-010
5518	1.8558e-010
5519	1.8981e-010
5520	1.9359e-010
5521	1.9654e-010
5522	2.022e-010
5523	2.0917e-010
5524	2.1477e-010
5525	2.1565e-010
5526	2.1599e-010
5527	2.1606e-010
5528	2.1163e-010
5529	2.0387e-010
5530	1.9765e-010
5531	1.9599e-010
5532	1.9318e-010
5533	1.8916e-010
5534	1.8479e-010
5535	1.8014e-010
5536	1.758e-010
5537	1.7219e-010
5538	1.6874e-010
5539	1.6548e-010
5540	1.6283e-010
5541	1.6083e-010
5542	1.5798e-010
5543	1.5622e-010
5544	1.5225e-010
5545	1.4416e-010
5546	1.4551e-010
5547	1.5106e-010
5548	1.5608e-010
5549	1.4696e-010
5550	1.3061e-010
5551	1.3974e-010
5552	1.5768e-010
5553	1.3326e-010
5554	1.2454e-010
5555	1.3627e-010
5556	1.2287e-010
5557	1.1962e-010
5558	1.3829e-010
5559	1.1396e-010
5560	1.2001e-010
5561	1.5376e-010
5562	1.1656e-010
5563	1.276e-010
5564	1.0535e-010
5565	9.9271e-011
5566	1.0254e-010
5567	9.5992e-011
5568	1.035e-010
5569	9.211e-011
5570	9.5269e-011
5571	8.6541e-011
5572	8.5939e-011
5573	8.202e-011
5574	7.9564e-011
5575	7.9313e-011
5576	8.4747e-011
5577	9.6619e-011
5578	8.1613e-011
5579	7.6362e-011
5580	7.1289e-011
5581	7.5215e-011
5582	7.392e-011
5583	9.0908e-011
5584	1.0866e-010
5585	1.0906e-010
5586	2.1294e-010
5587	3.5904e-010
5588	2.842e-010
5589	5.0354e-010
5590	4.5348e-010
5591	7.9623e-011
5592	8.275e-011
5593	8.2871e-011
5594	7.9442e-011
5595	7.6647e-011
5596	7.996e-011
5597	8.2029e-011
5598	8.3558e-011
5599	8.5038e-011
5600	8.7998e-011
5601	8.9535e-011
5602	9.0897e-011
5603	9.4205e-011
5604	9.4865e-011
5605	9.8263e-011
5606	9.9552e-011
5607	1.0202e-010
5608	1.0421e-010
5609	1.0627e-010
5610	1.0915e-010
5611	1.1078e-010
5612	1.1444e-010
5613	1.1588e-010
5614	1.1962e-010
5615	1.2136e-010
5616	1.2469e-010
5617	1.2819e-010
5618	1.2917e-010
5619	1.3455e-010
5620	1.3502e-010
5621	1.4031e-010
5622	1.4274e-010
5623	1.445e-010
5624	1.4992e-010
5625	1.5186e-010
5626	1.5455e-010
5627	1.5992e-010
5628	1.6295e-010
5629	1.6504e-010
5630	1.7053e-010
5631	1.7502e-010
5632	1.7786e-010
5633	1.8104e-010
5634	1.8558e-010
5635	1.9055e-010
5636	1.9484e-010
5637	1.9879e-010
5638	2.0314e-010
5639	2.0754e-010
5640	2.1234e-010
5641	2.1728e-010
5642	2.2249e-010
5643	2.2741e-010
5644	2.3252e-010
5645	2.3781e-010
5646	2.4289e-010
5647	2.4837e-010
5648	2.5398e-010
5649	2.6018e-010
5650	2.6654e-010
5651	2.7397e-010
5652	2.7975e-010
5653	2.8389e-010
5654	2.9113e-010
5655	3.0095e-010
5656	3.0139e-010
5657	2.9228e-010
5658	2.8585e-010
5659	2.8305e-010
5660	2.7822e-010
5661	2.7137e-010
5662	2.6509e-010
5663	2.5848e-010
5664	2.5293e-010
5665	2.4803e-010
5666	2.4367e-010
5667	2.3888e-010
5668	2.3427e-010
5669	2.2966e-010
5670	2.2415e-010
5671	2.1902e-010
5672	2.1564e-010
5673	2.1334e-010
5674	2.1044e-010
5675	2.0817e-010
5676	2.0764e-010
5677	2.018e-010
5678	1.9583e-010
5679	1.9825e-010
5680	1.9682e-010
5681	1.9526e-010
5682	1.8603e-010
5683	1.8689e-010
5684	1.8851e-010
5685	1.6845e-010
5686	1.6574e-010
5687	1.8242e-010
5688	1.6259e-010
5689	1.6406e-010
5690	1.7839e-010
5691	1.6935e-010
5692	1.7849e-010
5693	1.4897e-010
5694	1.5708e-010
5695	1.4165e-010
5696	1.3362e-010
5697	1.4187e-010
5698	1.3133e-010
5699	1.327e-010
5700	1.2331e-010
5701	1.2566e-010
5702	1.1621e-010
5703	1.16e-010
5704	1.1248e-010
5705	1.1008e-010
5706	1.1976e-010
5707	1.1675e-010
5708	1.1667e-010
5709	1.0204e-010
5710	1.0531e-010
5711	1.0129e-010
5712	1.0162e-010
5713	1.4115e-010
5714	1.156e-010
5715	1.2722e-010
5716	2.7799e-010
5717	3.5209e-010
5718	2.5879e-010
5719	6.4782e-010
5720	4.0636e-010
5721	4.7489e-011
5722	4.968e-011
5723	5.248e-011
5724	5.3491e-011
5725	5.9606e-011
5726	5.7653e-011
5727	5.8386e-011
5728	6.1064e-011
5729	6.3034e-011
5730	6.3046e-011
5731	6.4335e-011
5732	6.6433e-011
5733	6.7446e-011
5734	7.0548e-011
5735	7.0483e-011
5736	7.2327e-011
5737	7.3736e-011
5738	7.5486e-011
5739	7.7439e-011
5740	7.8686e-011
5741	8.1381e-011
5742	8.2169e-011
5743	8.5211e-011
5744	8.5997e-011
5745	8.8909e-011
5746	9.0278e-011
5747	9.192e-011
5748	9.5885e-011
5749	9.5722e-011
5750	1.0096e-010
5751	1.0049e-010
5752	1.0312e-010
5753	1.0716e-010
5754	1.0724e-010
5755	1.1079e-010
5756	1.1403e-010
5757	1.1464e-010
5758	1.1796e-010
5759	1.2278e-010
5760	1.2346e-010
5761	1.256e-010
5762	1.295e-010
5763	1.3325e-010
5764	1.3559e-010
5765	1.3788e-010
5766	1.4067e-010
5767	1.4444e-010
5768	1.4797e-010
5769	1.5134e-010
5770	1.5504e-010
5771	1.5826e-010
5772	1.616e-010
5773	1.6528e-010
5774	1.6895e-010
5775	1.7271e-010
5776	1.7681e-010
5777	1.8127e-010
5778	1.8559e-010
5779	1.898e-010
5780	1.9368e-010
5781	1.9643e-010
5782	2.0215e-010
5783	2.093e-010
5784	2.1479e-010
5785	2.154e-010
5786	2.1595e-010
5787	2.1597e-010
5788	2.1164e-010
5789	2.0395e-010
5790	1.9763e-010
5791	1.9591e-010
5792	1.9326e-010
5793	1.8909e-010
5794	1.8487e-010
5795	1.8013e-010
5796	1.758e-010
5797	1.7218e-010
5798	1.6869e-010
5799	1.6561e-010
5800	1.6294e-010
5801	1.6091e-010
5802	1.5806e-010
5803	1.5629e-010
5804	1.5238e-010
5805	1.4415e-010
5806	1.456e-010
5807	1.511e-010
5808	1.5609e-010
5809	1.4694e-010
5810	1.3066e-010
5811	1.3976e-010
5812	1.5764e-010
5813	1.3327e-010
5814	1.2457e-010
5815	1.3629e-010
5816	1.2287e-010
5817	1.1963e-010
5818	1.3829e-010
5819	1.1392e-010
5820	1.1999e-010
5821	1.5373e-010
5822	1.1659e-010
5823	1.2757e-010
5824	1.0533e-010
5825	9.9257e-011
5826	1.025e-010
5827	9.5987e-011
5828	1.0351e-010
5829	9.2065e-011
5830	9.529e-011
5831	8.6572e-011
5832	8.5896e-011
5833	8.202e-011
5834	7.9551e-011
5835	7.9302e-011
5836	8.477e-011
5837	9.6592e-011
5838	8.1605e-011
5839	7.6345e-011
5840	7.1287e-011
5841	7.5231e-011
5842	7.3958e-011
5843	9.0935e-011
5844	1.0867e-010
5845	1.0906e-010
5846	2.1293e-010
5847	3.5902e-010
5848	2.8424e-010
5849	5.0355e-010
5850	4.5347e-010
5851	4.7489e-011
5852	4.9682e-011
5853	5.2484e-011
5854	5.3497e-011
5855	5.961e-011
5856	5.7653e-011
5857	5.839e-011
5858	6.1056e-011
5859	6.3019e-011
5860	6.3051e-011
5861	6.4337e-011
5862	6.6439e-011
5863	6.7455e-011
5864	7.055e-011
5865	7.0483e-011
5866	7.2327e-011
5867	7.3737e-011
5868	7.5471e-011
5869	7.7444e-011
5870	7.8689e-011
5871	8.1386e-011
5872	8.2152e-011
5873	8.5225e-011
5874	8.6005e-011
5875	8.8916e-011
5876	9.0281e-011
5877	9.1924e-011
5878	9.5893e-011
5879	9.5729e-011
5880	1.0097e-010
5881	1.005e-010
5882	1.0313e-010
5883	1.0716e-010
5884	1.0725e-010
5885	1.1076e-010
5886	1.1403e-010
5887	1.1463e-010
5888	1.1793e-010
5889	1.2284e-010
5890	1.2348e-010
5891	1.2554e-010
5892	1.2953e-010
5893	1.3324e-010
5894	1.3561e-010
5895	1.3792e-010
5896	1.4065e-010
5897	1.4443e-010
5898	1.4793e-010
5899	1.5133e-010
5900	1.5505e-010
5901	1.5827e-010
5902	1.6161e-010
5903	1.653e-010
5904	1.6891e-010
5905	1.7273e-010
5906	1.7682e-010
5907	1.8128e-010
5908	1.8559e-010
5909	1.898e-010
5910	1.9368e-010
5911	1.9639e-010
5912	2.0215e-010
5913	2.0928e-010
5914	2.1485e-010
5915	2.154e-010
5916	2.1587e-010
5917	2.1588e-010
5918	2.1158e-010
5919	2.0387e-010
5920	1.9765e-010
5921	1.9587e-010
5922	1.9321e-010
5923	1.891e-010
5924	1.8487e-010
5925	1.8013e-010
5926	1.7579e-010
5927	1.7215e-010
5928	1.6886e-010
5929	1.6548e-010
5930	1.6303e-010
5931	1.6087e-010
5932	1.5811e-010
5933	1.5632e-010
5934	1.5233e-010
5935	1.4416e-010
5936	1.4546e-010
5937	1.5096e-010
5938	1.5587e-010
5939	1.4703e-010
5940	1.3065e-010
5941	1.3975e-010
5942	1.5765e-010
5943	1.3325e-010
5944	1.2458e-010
5945	1.3631e-010
5946	1.2284e-010
5947	1.196e-010
5948	1.3829e-010
5949	1.1393e-010
5950	1.1999e-010
5951	1.5374e-010
5952	1.1659e-010
5953	1.2757e-010
5954	1.0534e-010
5955	9.924e-011
5956	1.0247e-010
5957	9.5987e-011
5958	1.035e-010
5959	9.2072e-011
5960	9.529e-011
5961	8.6578e-011
5962	8.5904e-011
5963	8.2023e-011
5964	7.9551e-011
5965	7.9302e-011
5966	8.477e-011
5967	9.6592e-011
5968	8.1605e-011
5969	7.6348e-011
5970	7.1292e-011
5971	7.5234e-011
5972	7.396e-011
5973	9.0937e-011
5974	1.0867e-010
5975	1.0907e-010
5976	2.1293e-010
5977	3.5903e-010
5978	2.8424e-010
5979	5.0352e-010
5980	4.5347e-010
5981	7.9633e-011
5982	8.2762e-011
5983	8.2863e-011
5984	7.9431e-011
5985	7.6656e-011
5986	7.9957e-011
5987	8.2033e-011
5988	8.3549e-011
5989	8.5032e-011
5990	8.8003e-011
5991	8.9548e-011
5992	9.0902e-011
5993	9.4185e-011
5994	9.4866e-011
5995	9.8254e-011
5996	9.9549e-011
5997	1.0202e-010
5998	1.042e-010
5999	1.0629e-010
6000	1.0917e-010
6001	1.1076e-010
6002	1.1442e-010
6003	1.1589e-010
6004	1.1962e-010
6005	1.2134e-010
6006	1.2468e-010
6007	1.2818e-010
6008	1.2915e-010
6009	1.3454e-010
6010	1.3502e-010
6011	1.4034e-010
6012	1.4281e-010
6013	1.4448e-010
6014	1.4991e-010
6015	1.5185e-010
6016	1.5455e-010
6017	1.5994e-010
6018	1.6293e-010
6019	1.6508e-010
6020	1.7045e-010
6021	1.7499e-010
6022	1.7787e-010
6023	1.8098e-010
6024	1.8547e-010
6025	1.9054e-010
6026	1.948e-010
6027	1.9876e-010
6028	2.0314e-010
6029	2.0759e-010
6030	2.1229e-010
6031	2.1729e-010
6032	2.2246e-010
6033	2.2737e-010
6034	2.3249e-010
6035	2.3782e-010
6036	2.4287e-010
6037	2.4839e-010
6038	2.5395e-010
6039	2.6016e-010
6040	2.6653e-010
6041	2.7401e-010
6042	2.7976e-010
6043	2.8385e-010
6044	2.9107e-010
6045	3.0089e-010
6046	3.0134e-010
6047	2.9223e-010
6048	2.8576e-010
6049	2.83e-010
6050	2.7819e-010
6051	2.7139e-010
6052	2.6509e-010
6053	2.5847e-010
6054	2.5296e-010
6055	2.4802e-010
6056	2.437e-010
6057	2.3891e-010
6058	2.3425e-010
6059	2.298e-010
6060	2.2413e-010
6061	2.1914e-010
6062	2.1573e-010
6063	2.1351e-010
6064	2.1039e-010
6065	2.082e-010
6066	2.0758e-010
6067	2.0178e-010
6068	1.9587e-010
6069	1.982e-010
6070	1.9684e-010
6071	1.9535e-010
6072	1.8599e-010
6073	1.8679e-010
6074	1.8853e-010
6075	1.6847e-010
6076	1.6572e-010
6077	1.8242e-010
6078	1.6256e-010
6079	1.6404e-010
6080	1.784e-010
6081	1.6933e-010
6082	1.7851e-010
6083	1.4896e-010
6084	1.5707e-010
6085	1.4166e-010
6086	1.336e-010
6087	1.4187e-010
6088	1.3132e-010
6089	1.3269e-010
6090	1.233e-010
6091	1.2564e-010
6092	1.1624e-010
6093	1.1599e-010
6094	1.1248e-010
6095	1.1012e-010
6096	1.1976e-010
6097	1.1675e-010
6098	1.1667e-010
6099	1.0203e-010
6100	1.0534e-010
6101	1.0129e-010
6102	1.0163e-010
6103	1.4114e-010
6104	1.1559e-010
6105	1.2722e-010
6106	2.7801e-010
6107	3.5209e-010
6108	2.5881e-010
6109	6.478e-010
6110	4.0636e-010
6111	4.7495e-011
6112	4.9681e-011
6113	5.2464e-011
6114	5.3483e-011
6115	5.9591e-011
6116	5.7635e-011
6117	5.84e-011
6118	6.1052e-011
6119	6.3045e-011
6120	6.305e-011
6121	6.4323e-011
6122	6.6398e-011
6123	6.7459e-011
6124	7.0528e-011
6125	7.0487e-011
6126	7.2262e-011
6127	7.3705e-011
6128	7.545e-011
6129	7.7436e-011
6130	7.8677e-011
6131	8.1357e-011
6132	8.2143e-011
6133	8.5255e-011
6134	8.5987e-011
6135	8.8912e-011
6136	9.0253e-011
6137	9.1847e-011
6138	9.5897e-011
6139	9.5729e-011
6140	1.0094e-010
6141	1.0047e-010
6142	1.0308e-010
6143	1.0717e-010
6144	1.0724e-010
6145	1.1079e-010
6146	1.1404e-010
6147	1.1463e-010
6148	1.1797e-010
6149	1.228e-010
6150	1.2346e-010
6151	1.255e-010
6152	1.2949e-010
6153	1.332e-010
6154	1.3558e-010
6155	1.3782e-010
6156	1.4075e-010
6157	1.4445e-010
6158	1.4794e-010
6159	1.5131e-010
6160	1.5506e-010
6161	1.5827e-010
6162	1.6151e-010
6163	1.653e-010
6164	1.6884e-010
6165	1.7271e-010
6166	1.7688e-010
6167	1.8123e-010
6168	1.8556e-010
6169	1.8985e-010
6170	1.9361e-010
6171	1.9655e-010
6172	2.0218e-010
6173	2.0919e-010
6174	2.1475e-010
6175	2.1556e-010
6176	2.1593e-010
6177	2.1613e-010
6178	2.1157e-010
6179	2.0376e-010
6180	1.9757e-010
6181	1.9592e-010
6182	1.932e-010
6183	1.8915e-010
6184	1.8479e-010
6185	1.8015e-010
6186	1.7578e-010
6187	1.7215e-010
6188	1.6882e-010
6189	1.6544e-010
6190	1.6317e-010
6191	1.6077e-010
6192	1.5834e-010
6193	1.5628e-010
6194	1.5234e-010
6195	1.442e-010
6196	1.4556e-010
6197	1.5121e-010
6198	1.5603e-010
6199	1.4706e-010
6200	1.3067e-010
6201	1.3975e-010
6202	1.5766e-010
6203	1.3322e-010
6204	1.2455e-010
6205	1.363e-010
6206	1.2287e-010
6207	1.1964e-010
6208	1.383e-010
6209	1.1394e-010
6210	1.2002e-010
6211	1.5377e-010
6212	1.1653e-010
6213	1.2761e-010
6214	1.0536e-010
6215	9.9261e-011
6216	1.0253e-010
6217	9.5997e-011
6218	1.035e-010
6219	9.2075e-011
6220	9.5278e-011
6221	8.6537e-011
6222	8.5949e-011
6223	8.2026e-011
6224	7.957e-011
6225	7.9321e-011
6226	8.4753e-011
6227	9.6618e-011
6228	8.1589e-011
6229	7.6366e-011
6230	7.1288e-011
6231	7.5216e-011
6232	7.3925e-011
6233	9.0918e-011
6234	1.0866e-010
6235	1.0907e-010
6236	2.1294e-010
6237	3.5904e-010
6238	2.8424e-010
6239	5.0355e-010
6240	4.5342e-010
6241	4.7424e-011
6242	4.9611e-011
6243	5.2404e-011
6244	5.3376e-011
6245	5.9548e-011
6246	5.7616e-011
6247	5.8385e-011
6248	6.1047e-011
6249	6.3011e-011
6250	6.3007e-011
6251	6.4262e-011
6252	6.6354e-011
6253	6.7458e-011
6254	7.0575e-011
6255	7.054e-011
6256	7.2339e-011
6257	7.3679e-011
6258	7.5428e-011
6259	7.7395e-011
6260	7.8652e-011
6261	8.1351e-011
6262	8.2106e-011
6263	8.5182e-011
6264	8.596e-011
6265	8.8872e-011
6266	9.0111e-011
6267	9.173e-011
6268	9.5834e-011
6269	9.5745e-011
6270	1.009e-010
6271	1.0046e-010
6272	1.0308e-010
6273	1.0713e-010
6274	1.0722e-010
6275	1.1068e-010
6276	1.1404e-010
6277	1.1467e-010
6278	1.1804e-010
6279	1.2281e-010
6280	1.234e-010
6281	1.2545e-010
6282	1.2935e-010
6283	1.3314e-010
6284	1.3552e-010
6285	1.377e-010
6286	1.4058e-010
6287	1.4456e-010
6288	1.4798e-010
6289	1.5143e-010
6290	1.55e-010
6291	1.5812e-010
6292	1.6157e-010
6293	1.6529e-010
6294	1.6897e-010
6295	1.7273e-010
6296	1.7691e-010
6297	1.8126e-010
6298	1.8557e-010
6299	1.8978e-010
6300	1.9359e-010
6301	1.9662e-010
6302	2.0215e-010
6303	2.0925e-010
6304	2.1474e-010
6305	2.1565e-010
6306	2.1604e-010
6307	2.1597e-010
6308	2.1145e-010
6309	2.0384e-010
6310	1.9746e-010
6311	1.9601e-010
6312	1.9313e-010
6313	1.8913e-010
6314	1.8482e-010
6315	1.8017e-010
6316	1.7581e-010
6317	1.7204e-010
6318	1.6873e-010
6319	1.6541e-010
6320	1.6303e-010
6321	1.6124e-010
6322	1.5805e-010
6323	1.5637e-010
6324	1.5238e-010
6325	1.4431e-010
6326	1.4558e-010
6327	1.5109e-010
6328	1.5588e-010
6329	1.4693e-010
6330	1.3061e-010
6331	1.397e-010
6332	1.5766e-010
6333	1.3329e-010
6334	1.2452e-010
6335	1.3628e-010
6336	1.2288e-010
6337	1.1965e-010
6338	1.3834e-010
6339	1.1398e-010
6340	1.2008e-010
6341	1.5386e-010
6342	1.1664e-010
6343	1.2768e-010
6344	1.054e-010
6345	9.9375e-011
6346	1.0262e-010
6347	9.608e-011
6348	1.0361e-010
6349	9.214e-011
6350	9.5351e-011
6351	8.6623e-011
6352	8.6e-011
6353	8.2095e-011
6354	7.963e-011
6355	7.9389e-011
6356	8.482e-011
6357	9.6631e-011
6358	8.1623e-011
6359	7.6403e-011
6360	7.1301e-011
6361	7.5248e-011
6362	7.3967e-011
6363	9.0966e-011
6364	1.0868e-010
6365	1.0909e-010
6366	2.1294e-010
6367	3.5907e-010
6368	2.8425e-010
6369	5.0355e-010
6370	4.5352e-010
6371	7.9524e-011
6372	8.2615e-011
6373	8.2693e-011
6374	7.926e-011
6375	7.6559e-011
6376	7.9908e-011
6377	8.2041e-011
6378	8.3513e-011
6379	8.4994e-011
6380	8.7921e-011
6381	8.9449e-011
6382	9.0802e-011
6383	9.4195e-011
6384	9.4905e-011
6385	9.8315e-011
6386	9.9517e-011
6387	1.0197e-010
6388	1.0411e-010
6389	1.0616e-010
6390	1.0907e-010
6391	1.1069e-010
6392	1.1433e-010
6393	1.1576e-010
6394	1.1957e-010
6395	1.2116e-010
6396	1.2438e-010
6397	1.2784e-010
6398	1.2906e-010
6399	1.3448e-010
6400	1.3501e-010
6401	1.4024e-010
6402	1.4265e-010
6403	1.4449e-010
6404	1.4976e-010
6405	1.5176e-010
6406	1.5456e-010
6407	1.5998e-010
6408	1.631e-010
6409	1.6506e-010
6410	1.7048e-010
6411	1.7479e-010
6412	1.7762e-010
6413	1.8082e-010
6414	1.8527e-010
6415	1.9024e-010
6416	1.9474e-010
6417	1.9879e-010
6418	2.0325e-010
6419	2.0755e-010
6420	2.1212e-010
6421	2.1695e-010
6422	2.2219e-010
6423	2.2751e-010
6424	2.3263e-010
6425	2.3788e-010
6426	2.4297e-010
6427	2.4835e-010
6428	2.5399e-010
6429	2.6015e-010
6430	2.6669e-010
6431	2.741e-010
6432	2.798e-010
6433	2.8374e-010
6434	2.9115e-010
6435	3.014e-010
6436	3.0173e-010
6437	2.9224e-010
6438	2.8559e-010
6439	2.8266e-010
6440	2.7797e-010
6441	2.7137e-010
6442	2.6507e-010
6443	2.5835e-010
6444	2.5284e-010
6445	2.4796e-010
6446	2.437e-010
6447	2.3888e-010
6448	2.343e-010
6449	2.2973e-010
6450	2.2456e-010
6451	2.1838e-010
6452	2.1616e-010
6453	2.1343e-010
6454	2.1062e-010
6455	2.0831e-010
6456	2.0773e-010
6457	2.0178e-010
6458	1.9583e-010
6459	1.9807e-010
6460	1.9678e-010
6461	1.9531e-010
6462	1.8602e-010
6463	1.8685e-010
6464	1.8851e-010
6465	1.6851e-010
6466	1.6579e-010
6467	1.8251e-010
6468	1.627e-010
6469	1.6412e-010
6470	1.7856e-010
6471	1.695e-010
6472	1.786e-010
6473	1.4902e-010
6474	1.5727e-010
6475	1.4181e-010
6476	1.3387e-010
6477	1.4204e-010
6478	1.316e-010
6479	1.3287e-010
6480	1.2347e-010
6481	1.2569e-010
6482	1.1638e-010
6483	1.1621e-010
6484	1.1265e-010
6485	1.1021e-010
6486	1.1988e-010
6487	1.1677e-010
6488	1.1671e-010
6489	1.0211e-010
6490	1.0538e-010
6491	1.0133e-010
6492	1.0163e-010
6493	1.4116e-010
6494	1.1564e-010
6495	1.2722e-010
6496	2.7805e-010
6497	3.5219e-010
6498	2.5885e-010
6499	6.4787e-010
6500	4.0644e-010
6501	4.7426e-011
6502	4.9618e-011
6503	5.2405e-011
6504	5.3378e-011
6505	5.9553e-011
6506	5.7598e-011
6507	5.8386e-011
6508	6.1046e-011
6509	6.3008e-011
6510	6.3008e-011
6511	6.4265e-011
6512	6.6359e-011
6513	6.7461e-011
6514	7.0571e-011
6515	7.0517e-011
6516	7.2343e-011
6517	7.3678e-011
6518	7.5433e-011
6519	7.7398e-011
6520	7.8631e-011
6521	8.1362e-011
6522	8.2105e-011
6523	8.5183e-011
6524	8.5961e-011
6525	8.8875e-011
6526	9.0115e-011
6527	9.1736e-011
6528	9.5847e-011
6529	9.5762e-011
6530	1.0091e-010
6531	1.0047e-010
6532	1.031e-010
6533	1.0711e-010
6534	1.072e-010
6535	1.1069e-010
6536	1.1404e-010
6537	1.1469e-010
6538	1.179e-010
6539	1.2293e-010
6540	1.2334e-010
6541	1.2547e-010
6542	1.2933e-010
6543	1.3313e-010
6544	1.3551e-010
6545	1.3769e-010
6546	1.4064e-010
6547	1.4457e-010
6548	1.4792e-010
6549	1.5145e-010
6550	1.55e-010
6551	1.5812e-010
6552	1.6156e-010
6553	1.6524e-010
6554	1.6898e-010
6555	1.7275e-010
6556	1.7692e-010
6557	1.8127e-010
6558	1.8557e-010
6559	1.8978e-010
6560	1.9359e-010
6561	1.9662e-010
6562	2.0215e-010
6563	2.0925e-010
6564	2.1476e-010
6565	2.1558e-010
6566	2.1634e-010
6567	2.1581e-010
6568	2.115e-010
6569	2.0379e-010
6570	1.9743e-010
6571	1.96e-010
6572	1.9312e-010
6573	1.8913e-010
6574	1.8482e-010
6575	1.8019e-010
6576	1.7581e-010
6577	1.7203e-010
6578	1.6874e-010
6579	1.6534e-010
6580	1.6293e-010
6581	1.6094e-010
6582	1.5816e-010
6583	1.5636e-010
6584	1.5236e-010
6585	1.4429e-010
6586	1.4563e-010
6587	1.5114e-010
6588	1.5614e-010
6589	1.4689e-010
6590	1.3062e-010
6591	1.3976e-010
6592	1.5764e-010
6593	1.3325e-010
6594	1.2452e-010
6595	1.3629e-010
6596	1.2289e-010
6597	1.1965e-010
6598	1.3835e-010
6599	1.1398e-010
6600	1.2009e-010
6601	1.5388e-010
6602	1.1661e-010
6603	1.2767e-010
6604	1.0541e-010
6605	9.9375e-011
6606	1.0263e-010
6607	9.6075e-011
6608	1.0361e-010
6609	9.2146e-011
6610	9.535e-011
6611	8.6624e-011
6612	8.5998e-011
6613	8.2097e-011
6614	7.9633e-011
6615	7.9392e-011
6616	8.4819e-011
6617	9.6635e-011
6618	8.1618e-011
6619	7.6389e-011
6620	7.1307e-011
6621	7.5248e-011
6622	7.3967e-011
6623	9.0972e-011
6624	1.0868e-010
6625	1.091e-010
6626	2.1294e-010
6627	3.5904e-010
6628	2.8426e-010
6629	5.0356e-010
6630	4.5349e-010
6631	4.7489e-011
6632	4.9685e-011
6633	5.247e-011
6634	5.3459e-011
6635	5.9595e-011
6636	5.7628e-011
6637	5.8386e-011
6638	6.106e-011
6639	6.3019e-011
6640	6.3041e-011
6641	6.432e-011
6642	6.64e-011
6643	6.744e-011
6644	7.0524e-011
6645	7.0505e-011
6646	7.2284e-011
6647	7.3726e-011
6648	7.5477e-011
6649	7.7435e-011
6650	7.8672e-011
6651	8.1352e-011
6652	8.2175e-011
6653	8.5189e-011
6654	8.5975e-011
6655	8.8918e-011
6656	9.0273e-011
6657	9.1873e-011
6658	9.5891e-011
6659	9.5729e-011
6660	1.0097e-010
6661	1.0046e-010
6662	1.0309e-010
6663	1.0711e-010
6664	1.0724e-010
6665	1.1076e-010
6666	1.1406e-010
6667	1.1466e-010
6668	1.1802e-010
6669	1.2257e-010
6670	1.2352e-010
6671	1.2555e-010
6672	1.2955e-010
6673	1.3323e-010
6674	1.356e-010
6675	1.3776e-010
6676	1.4061e-010
6677	1.4442e-010
6678	1.4804e-010
6679	1.513e-010
6680	1.5505e-010
6681	1.5823e-010
6682	1.6155e-010
6683	1.6527e-010
6684	1.6886e-010
6685	1.7276e-010
6686	1.7684e-010
6687	1.8117e-010
6688	1.8558e-010
6689	1.8977e-010
6690	1.9362e-010
6691	1.965e-010
6692	2.0215e-010
6693	2.0926e-010
6694	2.1473e-010
6695	2.1572e-010
6696	2.1585e-010
6697	2.1603e-010
6698	2.1152e-010
6699	2.0382e-010
6700	1.9748e-010
6701	1.9592e-010
6702	1.9315e-010
6703	1.8916e-010
6704	1.8481e-010
6705	1.8015e-010
6706	1.758e-010
6707	1.7216e-010
6708	1.688e-010
6709	1.6547e-010
6710	1.6307e-010
6711	1.6052e-010
6712	1.5831e-010
6713	1.5631e-010
6714	1.5228e-010
6715	1.4423e-010
6716	1.4555e-010
6717	1.5106e-010
6718	1.5612e-010
6719	1.4697e-010
6720	1.3059e-010
6721	1.3974e-010
6722	1.5767e-010
6723	1.3326e-010
6724	1.2455e-010
6725	1.3632e-010
6726	1.2286e-010
6727	1.1962e-010
6728	1.3832e-010
6729	1.1394e-010
6730	1.2002e-010
6731	1.5376e-010
6732	1.1656e-010
6733	1.2758e-010
6734	1.0536e-010
6735	9.9279e-011
6736	1.025e-010
6737	9.6004e-011
6738	1.0351e-010
6739	9.2112e-011
6740	9.5295e-011
6741	8.6557e-011
6742	8.597e-011
6743	8.2006e-011
6744	7.9567e-011
6745	7.9335e-011
6746	8.4746e-011
6747	9.6592e-011
6748	8.1602e-011
6749	7.6359e-011
6750	7.1287e-011
6751	7.5238e-011
6752	7.3923e-011
6753	9.094e-011
6754	1.0868e-010
6755	1.0907e-010
6756	2.1293e-010
6757	3.5904e-010
6758	2.8425e-010
6759	5.0352e-010
6760	4.5349e-010
6761	7.9629e-011
6762	8.2741e-011
6763	8.2859e-011
6764	7.9429e-011
6765	7.667e-011
6766	7.9966e-011
6767	8.2043e-011
6768	8.3545e-011
6769	8.5045e-011
6770	8.8003e-011
6771	8.9556e-011
6772	9.0907e-011
6773	9.4201e-011
6774	9.4834e-011
6775	9.8243e-011
6776	9.9543e-011
6777	1.0199e-010
6778	1.0424e-010
6779	1.0627e-010
6780	1.0916e-010
6781	1.1075e-010
6782	1.1445e-010
6783	1.1586e-010
6784	1.1963e-010
6785	1.2136e-010
6786	1.2467e-010
6787	1.282e-010
6788	1.2915e-010
6789	1.3453e-010
6790	1.3501e-010
6791	1.4032e-010
6792	1.4278e-010
6793	1.4447e-010
6794	1.4987e-010
6795	1.5185e-010
6796	1.5455e-010
6797	1.5993e-010
6798	1.6287e-010
6799	1.6513e-010
6800	1.7037e-010
6801	1.75e-010
6802	1.7786e-010
6803	1.8104e-010
6804	1.8543e-010
6805	1.904e-010
6806	1.9475e-010
6807	1.9867e-010
6808	2.0312e-010
6809	2.0752e-010
6810	2.1224e-010
6811	2.1726e-010
6812	2.2245e-010
6813	2.2739e-010
6814	2.3242e-010
6815	2.3776e-010
6816	2.4295e-010
6817	2.4833e-010
6818	2.5391e-010
6819	2.6011e-010
6820	2.6658e-010
6821	2.7397e-010
6822	2.7972e-010
6823	2.8393e-010
6824	2.9113e-010
6825	3.0083e-010
6826	3.0135e-010
6827	2.9202e-010
6828	2.8569e-010
6829	2.8287e-010
6830	2.7815e-010
6831	2.7132e-010
6832	2.6508e-010
6833	2.5844e-010
6834	2.5295e-010
6835	2.48e-010
6836	2.437e-010
6837	2.3882e-010
6838	2.3425e-010
6839	2.2968e-010
6840	2.2396e-010
6841	2.1911e-010
6842	2.157e-010
6843	2.1339e-010
6844	2.1044e-010
6845	2.082e-010
6846	2.0763e-010
6847	2.0184e-010
6848	1.9589e-010
6849	1.9824e-010
6850	1.9682e-010
6851	1.9528e-010
6852	1.8604e-010
6853	1.868e-010
6854	1.8848e-010
6855	1.6844e-010
6856	1.6573e-010
6857	1.8238e-010
6858	1.6256e-010
6859	1.6403e-010
6860	1.7842e-010
6861	1.694e-010
6862	1.7849e-010
6863	1.4892e-010
6864	1.5709e-010
6865	1.4165e-010
6866	1.3364e-010
6867	1.4184e-010
6868	1.3132e-010
6869	1.3272e-010
6870	1.2334e-010
6871	1.2562e-010
6872	1.162e-010
6873	1.1602e-010
6874	1.1246e-010
6875	1.1011e-010
6876	1.1976e-010
6877	1.1671e-010
6878	1.1667e-010
6879	1.0205e-010
6880	1.0535e-010
6881	1.0129e-010
6882	1.0163e-010
6883	1.4112e-010
6884	1.1564e-010
6885	1.2722e-010
6886	2.7797e-010
6887	3.5212e-010
6888	2.5877e-010
6889	6.478e-010
6890	4.0633e-010
6891	4.7486e-011
6892	4.9683e-011
6893	5.2483e-011
6894	5.347e-011
6895	5.9607e-011
6896	5.7644e-011
6897	5.8412e-011
6898	6.1056e-011
6899	6.3014e-011
6900	6.3059e-011
6901	6.434e-011
6902	6.644e-011
6903	6.7471e-011
6904	7.0544e-011
6905	7.0495e-011
6906	7.2292e-011
6907	7.374e-011
6908	7.5472e-011
6909	7.7439e-011
6910	7.8713e-011
6911	8.1389e-011
6912	8.214e-011
6913	8.5243e-011
6914	8.6e-011
6915	8.8944e-011
6916	9.0319e-011
6917	9.1924e-011
6918	9.5882e-011
6919	9.5759e-011
6920	1.0094e-010
6921	1.0054e-010
6922	1.0317e-010
6923	1.0712e-010
6924	1.0725e-010
6925	1.1075e-010
6926	1.1407e-010
6927	1.1468e-010
6928	1.1798e-010
6929	1.2258e-010
6930	1.2348e-010
6931	1.2559e-010
6932	1.2957e-010
6933	1.3323e-010
6934	1.3557e-010
6935	1.378e-010
6936	1.4065e-010
6937	1.4443e-010
6938	1.479e-010
6939	1.5133e-010
6940	1.5505e-010
6941	1.5829e-010
6942	1.6159e-010
6943	1.6524e-010
6944	1.6891e-010
6945	1.7269e-010
6946	1.7688e-010
6947	1.813e-010
6948	1.856e-010
6949	1.8986e-010
6950	1.9359e-010
6951	1.9644e-010
6952	2.0216e-010
6953	2.0924e-010
6954	2.148e-010
6955	2.1548e-010
6956	2.1573e-010
6957	2.1584e-010
6958	2.1141e-010
6959	2.038e-010
6960	1.9752e-010
6961	1.9598e-010
6962	1.9315e-010
6963	1.8912e-010
6964	1.8489e-010
6965	1.8018e-010
6966	1.7579e-010
6967	1.7222e-010
6968	1.6868e-010
6969	1.6549e-010
6970	1.6294e-010
6971	1.6075e-010
6972	1.5809e-010
6973	1.5639e-010
6974	1.5233e-010
6975	1.442e-010
6976	1.4553e-010
6977	1.5107e-010
6978	1.5612e-010
6979	1.4701e-010
6980	1.306e-010
6981	1.3973e-010
6982	1.5766e-010
6983	1.3329e-010
6984	1.2454e-010
6985	1.3627e-010
6986	1.2283e-010
6987	1.196e-010
6988	1.3827e-010
6989	1.1393e-010
6990	1.2002e-010
6991	1.5378e-010
6992	1.1659e-010
6993	1.2758e-010
6994	1.0531e-010
6995	9.9213e-011
6996	1.0251e-010
6997	9.5981e-011
6998	1.0346e-010
6999	9.2083e-011
7000	9.5266e-011
7001	8.6539e-011
7002	8.5924e-011
7003	8.2008e-011
7004	7.9563e-011
7005	7.9319e-011
7006	8.4744e-011
7007	9.6607e-011
7008	8.1591e-011
7009	7.6357e-011
7010	7.1284e-011
7011	7.5257e-011
7012	7.3957e-011
7013	9.0957e-011
7014	1.0869e-010
7015	1.0909e-010
7016	2.1293e-010
7017	3.5899e-010
7018	2.8417e-010
7019	5.0353e-010
7020	4.5347e-010
7021	4.7486e-011
7022	4.9685e-011
7023	5.2484e-011
7024	5.347e-011
7025	5.9607e-011
7026	5.7633e-011
7027	5.8398e-011
7028	6.1063e-011
7029	6.3018e-011
7030	6.3059e-011
7031	6.434e-011
7032	6.642e-011
7033	6.7474e-011
7034	7.0544e-011
7035	7.0495e-011
7036	7.2292e-011
7037	7.3723e-011
7038	7.5481e-011
7039	7.7421e-011
7040	7.8717e-011
7041	8.1389e-011
7042	8.2147e-011
7043	8.521e-011
7044	8.5992e-011
7045	8.8955e-011
7046	9.0327e-011
7047	9.1924e-011
7048	9.5885e-011
7049	9.5763e-011
7050	1.0095e-010
7051	1.005e-010
7052	1.0317e-010
7053	1.0713e-010
7054	1.0727e-010
7055	1.1076e-010
7056	1.1407e-010
7057	1.1467e-010
7058	1.1796e-010
7059	1.2261e-010
7060	1.2346e-010
7061	1.2558e-010
7062	1.2956e-010
7063	1.3324e-010
7064	1.356e-010
7065	1.3773e-010
7066	1.4059e-010
7067	1.443e-010
7068	1.4787e-010
7069	1.5133e-010
7070	1.5505e-010
7071	1.5824e-010
7072	1.616e-010
7073	1.6524e-010
7074	1.6892e-010
7075	1.7269e-010
7076	1.7689e-010
7077	1.8131e-010
7078	1.8561e-010
7079	1.8983e-010
7080	1.9361e-010
7081	1.9646e-010
7082	2.0216e-010
7083	2.0933e-010
7084	2.1488e-010
7085	2.1524e-010
7086	2.1579e-010
7087	2.1574e-010
7088	2.1144e-010
7089	2.0383e-010
7090	1.9754e-010
7091	1.9602e-010
7092	1.9313e-010
7093	1.8912e-010
7094	1.8489e-010
7095	1.8014e-010
7096	1.7575e-010
7097	1.7218e-010
7098	1.6875e-010
7099	1.6547e-010
7100	1.6314e-010
7101	1.6102e-010
7102	1.5831e-010
7103	1.5634e-010
7104	1.5232e-010
7105	1.4419e-010
7106	1.4552e-010
7107	1.5111e-010
7108	1.561e-010
7109	1.4696e-010
7110	1.3061e-010
7111	1.3975e-010
7112	1.5766e-010
7113	1.3328e-010
7114	1.2457e-010
7115	1.3627e-010
7116	1.2283e-010
7117	1.196e-010
7118	1.3827e-010
7119	1.1392e-010
7120	1.2005e-010
7121	1.5376e-010
7122	1.166e-010
7123	1.2759e-010
7124	1.0531e-010
7125	9.9213e-011
7126	1.0251e-010
7127	9.5985e-011
7128	1.0346e-010
7129	9.2087e-011
7130	9.5276e-011
7131	8.655e-011
7132	8.5933e-011
7133	8.1987e-011
7134	7.9566e-011
7135	7.9302e-011
7136	8.4721e-011
7137	9.661e-011
7138	8.1595e-011
7139	7.6357e-011
7140	7.1284e-011
7141	7.526e-011
7142	7.3942e-011
7143	9.0959e-011
7144	1.0869e-010
7145	1.0907e-010
7146	2.1293e-010
7147	3.59e-010
7148	2.8417e-010
7149	5.0353e-010
7150	4.5347e-010
7151	7.9626e-011
7152	8.2735e-011
7153	8.2863e-011
7154	7.9448e-011
7155	7.6661e-011
7156	7.9968e-011
7157	8.2046e-011
7158	8.3576e-011
7159	8.5051e-011
7160	8.8001e-011
7161	8.9548e-011
7162	9.0931e-011
7163	9.4191e-011
7164	9.4846e-011
7165	9.8254e-011
7166	9.9553e-011
7167	1.0199e-010
7168	1.0423e-010
7169	1.0627e-010
7170	1.0915e-010
7171	1.1077e-010
7172	1.1443e-010
7173	1.1586e-010
7174	1.1963e-010
7175	1.2136e-010
7176	1.2468e-010
7177	1.2818e-010
7178	1.2917e-010
7179	1.345e-010
7180	1.3501e-010
7181	1.4033e-010
7182	1.4276e-010
7183	1.4446e-010
7184	1.4988e-010
7185	1.5186e-010
7186	1.5457e-010
7187	1.5992e-010
7188	1.629e-010
7189	1.6511e-010
7190	1.7041e-010
7191	1.7501e-010
7192	1.7786e-010
7193	1.8103e-010
7194	1.8549e-010
7195	1.9051e-010
7196	1.9477e-010
7197	1.9874e-010
7198	2.0306e-010
7199	2.0752e-010
7200	2.1223e-010
7201	2.1722e-010
7202	2.2248e-010
7203	2.2741e-010
7204	2.3245e-010
7205	2.3777e-010
7206	2.4296e-010
7207	2.4835e-010
7208	2.5399e-010
7209	2.6012e-010
7210	2.6654e-010
7211	2.7394e-010
7212	2.7974e-010
7213	2.8392e-010
7214	2.9113e-010
7215	3.0084e-010
7216	3.012e-010
7217	2.9213e-010
7218	2.8568e-010
7219	2.8283e-010
7220	2.7822e-010
7221	2.713e-010
7222	2.6506e-010
7223	2.5842e-010
7224	2.5299e-010
7225	2.4801e-010
7226	2.4373e-010
7227	2.3888e-010
7228	2.3424e-010
7229	2.2978e-010
7230	2.2444e-010
7231	2.1858e-010
7232	2.1616e-010
7233	2.1352e-010
7234	2.1035e-010
7235	2.0818e-010
7236	2.076e-010
7237	2.0185e-010
7238	1.9589e-010
7239	1.9822e-010
7240	1.9678e-010
7241	1.9525e-010
7242	1.8607e-010
7243	1.8677e-010
7244	1.885e-010
7245	1.6847e-010
7246	1.6573e-010
7247	1.8238e-010
7248	1.6254e-010
7249	1.6403e-010
7250	1.7842e-010
7251	1.6937e-010
7252	1.785e-010
7253	1.4897e-010
7254	1.5711e-010
7255	1.4166e-010
7256	1.3367e-010
7257	1.4185e-010
7258	1.3131e-010
7259	1.3272e-010
7260	1.234e-010
7261	1.256e-010
7262	1.1618e-010
7263	1.1603e-010
7264	1.1248e-010
7265	1.101e-010
7266	1.1975e-010
7267	1.1673e-010
7268	1.1669e-010
7269	1.0207e-010
7270	1.0534e-010
7271	1.013e-010
7272	1.0164e-010
7273	1.4112e-010
7274	1.1566e-010
7275	1.2721e-010
7276	2.7798e-010
7277	3.5215e-010
7278	2.5876e-010
7279	6.478e-010
7280	4.0631e-010
7281	4.749e-011
7282	4.9689e-011
7283	5.248e-011
7284	5.3456e-011
7285	5.9603e-011
7286	5.762e-011
7287	5.8399e-011
7288	6.1073e-011
7289	6.3024e-011
7290	6.3043e-011
7291	6.4332e-011
7292	6.6402e-011
7293	6.7454e-011
7294	7.0529e-011
7295	7.0521e-011
7296	7.2294e-011
7297	7.3726e-011
7298	7.546e-011
7299	7.7424e-011
7300	7.8682e-011
7301	8.1365e-011
7302	8.2168e-011
7303	8.5204e-011
7304	8.5982e-011
7305	8.8927e-011
7306	9.0281e-011
7307	9.1895e-011
7308	9.5864e-011
7309	9.5745e-011
7310	1.0093e-010
7311	1.0049e-010
7312	1.0307e-010
7313	1.0711e-010
7314	1.0724e-010
7315	1.1078e-010
7316	1.1404e-010
7317	1.1465e-010
7318	1.1798e-010
7319	1.2258e-010
7320	1.2347e-010
7321	1.2555e-010
7322	1.2955e-010
7323	1.3324e-010
7324	1.3556e-010
7325	1.3789e-010
7326	1.4076e-010
7327	1.4452e-010
7328	1.4801e-010
7329	1.5131e-010
7330	1.5507e-010
7331	1.5821e-010
7332	1.6154e-010
7333	1.6525e-010
7334	1.6888e-010
7335	1.7275e-010
7336	1.7687e-010
7337	1.812e-010
7338	1.8559e-010
7339	1.898e-010
7340	1.9364e-010
7341	1.9652e-010
7342	2.0213e-010
7343	2.0915e-010
7344	2.1475e-010
7345	2.1557e-010
7346	2.1582e-010
7347	2.1595e-010
7348	2.1154e-010
7349	2.0384e-010
7350	1.9749e-010
7351	1.9599e-010
7352	1.9314e-010
7353	1.8913e-010
7354	1.8483e-010
7355	1.8021e-010
7356	1.7585e-010
7357	1.722e-010
7358	1.6883e-010
7359	1.6543e-010
7360	1.6311e-010
7361	1.6091e-010
7362	1.584e-010
7363	1.5629e-010
7364	1.5231e-010
7365	1.4423e-010
7366	1.4554e-010
7367	1.5112e-010
7368	1.5609e-010
7369	1.47e-010
7370	1.306e-010
7371	1.3975e-010
7372	1.5766e-010
7373	1.3326e-010
7374	1.2454e-010
7375	1.3632e-010
7376	1.2287e-010
7377	1.1963e-010
7378	1.3832e-010
7379	1.1391e-010
7380	1.1998e-010
7381	1.5376e-010
7382	1.1655e-010
7383	1.276e-010
7384	1.0535e-010
7385	9.9289e-011
7386	1.0252e-010
7387	9.6023e-011
7388	1.0348e-010
7389	9.2113e-011
7390	9.5287e-011
7391	8.657e-011
7392	8.5934e-011
7393	8.2016e-011
7394	7.9578e-011
7395	7.9315e-011
7396	8.4757e-011
7397	9.6593e-011
7398	8.1601e-011
7399	7.6362e-011
7400	7.1296e-011
7401	7.524e-011
7402	7.3928e-011
7403	9.0951e-011
7404	1.0868e-010
7405	1.0908e-010
7406	2.1294e-010
7407	3.5903e-010
7408	2.8424e-010
7409	5.0353e-010
7410	4.535e-010
7411	4.7426e-011
7412	4.9599e-011
7413	5.2383e-011
7414	5.3393e-011
7415	5.9537e-011
7416	5.7582e-011
7417	5.8394e-011
7418	6.106e-011
7419	6.3023e-011
7420	6.2997e-011
7421	6.428e-011
7422	6.6376e-011
7423	6.743e-011
7424	7.0586e-011
7425	7.0502e-011
7426	7.2307e-011
7427	7.3701e-011
7428	7.543e-011
7429	7.7391e-011
7430	7.8645e-011
7431	8.1364e-011
7432	8.2114e-011
7433	8.5192e-011
7434	8.5967e-011
7435	8.8879e-011
7436	9.0103e-011
7437	9.174e-011
7438	9.5836e-011
7439	9.5726e-011
7440	1.0089e-010
7441	1.0044e-010
7442	1.0308e-010
7443	1.0713e-010
7444	1.0719e-010
7445	1.107e-010
7446	1.1401e-010
7447	1.1472e-010
7448	1.1799e-010
7449	1.2258e-010
7450	1.2341e-010
7451	1.2546e-010
7452	1.2933e-010
7453	1.332e-010
7454	1.3556e-010
7455	1.3784e-010
7456	1.4066e-010
7457	1.4455e-010
7458	1.4795e-010
7459	1.5146e-010
7460	1.5496e-010
7461	1.5811e-010
7462	1.616e-010
7463	1.6518e-010
7464	1.6902e-010
7465	1.7271e-010
7466	1.7693e-010
7467	1.8126e-010
7468	1.8562e-010
7469	1.8978e-010
7470	1.9365e-010
7471	1.9655e-010
7472	2.0212e-010
7473	2.0921e-010
7474	2.1481e-010
7475	2.1558e-010
7476	2.161e-010
7477	2.1586e-010
7478	2.1149e-010
7479	2.0371e-010
7480	1.9749e-010
7481	1.96e-010
7482	1.9315e-010
7483	1.8915e-010
7484	1.8487e-010
7485	1.8018e-010
7486	1.7583e-010
7487	1.721e-010
7488	1.6866e-010
7489	1.6538e-010
7490	1.6308e-010
7491	1.6046e-010
7492	1.582e-010
7493	1.5635e-010
7494	1.5239e-010
7495	1.4423e-010
7496	1.4558e-010
7497	1.5109e-010
7498	1.5606e-010
7499	1.4697e-010
7500	1.306e-010
7501	1.3977e-010
7502	1.5766e-010
7503	1.3329e-010
7504	1.2454e-010
7505	1.3626e-010
7506	1.2291e-010
7507	1.1959e-010
7508	1.3836e-010
7509	1.1401e-010
7510	1.2007e-010
7511	1.5389e-010
7512	1.1663e-010
7513	1.2766e-010
7514	1.0542e-010
7515	9.9337e-011
7516	1.0264e-010
7517	9.6079e-011
7518	1.036e-010
7519	9.219e-011
7520	9.5359e-011
7521	8.6616e-011
7522	8.6015e-011
7523	8.2095e-011
7524	7.964e-011
7525	7.9399e-011
7526	8.4799e-011
7527	9.6638e-011
7528	8.1643e-011
7529	7.639e-011
7530	7.132e-011
7531	7.527e-011
7532	7.3987e-011
7533	9.0919e-011
7534	1.087e-010
7535	1.0911e-010
7536	2.1296e-010
7537	3.5906e-010
7538	2.8428e-010
7539	5.0353e-010
7540	4.5354e-010
7541	7.9491e-011
7542	8.2587e-011
7543	8.2688e-011
7544	7.9263e-011
7545	7.652e-011
7546	7.9875e-011
7547	8.2019e-011
7548	8.3562e-011
7549	8.5029e-011
7550	8.7937e-011
7551	8.9456e-011
7552	9.0843e-011
7553	9.4175e-011
7554	9.4926e-011
7555	9.8305e-011
7556	9.9585e-011
7557	1.02e-010
7558	1.0416e-010
7559	1.0615e-010
7560	1.0909e-010
7561	1.1071e-010
7562	1.1432e-010
7563	1.158e-010
7564	1.1951e-010
7565	1.212e-010
7566	1.2437e-010
7567	1.2788e-010
7568	1.2909e-010
7569	1.3451e-010
7570	1.3497e-010
7571	1.4023e-010
7572	1.4275e-010
7573	1.4443e-010
7574	1.4976e-010
7575	1.5176e-010
7576	1.5455e-010
7577	1.5999e-010
7578	1.63e-010
7579	1.6516e-010
7580	1.7033e-010
7581	1.7474e-010
7582	1.7757e-010
7583	1.8081e-010
7584	1.8537e-010
7585	1.9034e-010
7586	1.9485e-010
7587	1.9893e-010
7588	2.0327e-010
7589	2.0755e-010
7590	2.1203e-010
7591	2.1709e-010
7592	2.2224e-010
7593	2.2744e-010
7594	2.3255e-010
7595	2.3783e-010
7596	2.4294e-010
7597	2.4828e-010
7598	2.5396e-010
7599	2.6024e-010
7600	2.6671e-010
7601	2.7409e-010
7602	2.7978e-010
7603	2.8372e-010
7604	2.9111e-010
7605	3.0127e-010
7606	3.0174e-010
7607	2.9216e-010
7608	2.8555e-010
7609	2.8269e-010
7610	2.7796e-010
7611	2.7117e-010
7612	2.651e-010
7613	2.5835e-010
7614	2.5276e-010
7615	2.4805e-010
7616	2.4384e-010
7617	2.3896e-010
7618	2.3428e-010
7619	2.298e-010
7620	2.2376e-010
7621	2.1924e-010
7622	2.1528e-010
7623	2.1342e-010
7624	2.1057e-010
7625	2.0824e-010
7626	2.0772e-010
7627	2.0193e-010
7628	1.9569e-010
7629	1.9815e-010
7630	1.9673e-010
7631	1.9524e-010
7632	1.8603e-010
7633	1.8688e-010
7634	1.8853e-010
7635	1.6846e-010
7636	1.6577e-010
7637	1.8252e-010
7638	1.6267e-010
7639	1.6409e-010
7640	1.7852e-010
7641	1.695e-010
7642	1.7861e-010
7643	1.4906e-010
7644	1.5726e-010
7645	1.4189e-010
7646	1.3385e-010
7647	1.4212e-010
7648	1.3151e-010
7649	1.3288e-010
7650	1.235e-010
7651	1.257e-010
7652	1.1638e-010
7653	1.1618e-010
7654	1.126e-010
7655	1.1026e-010
7656	1.1983e-010
7657	1.1682e-010
7658	1.1669e-010
7659	1.0212e-010
7660	1.0539e-010
7661	1.0129e-010
7662	1.0163e-010
7663	1.4117e-010
7664	1.1563e-010
7665	1.2719e-010
7666	2.7805e-010
7667	3.5218e-010
7668	2.5882e-010
7669	6.4788e-010
7670	4.0641e-010
7671	4.7428e-011
7672	4.96e-011
7673	5.2383e-011
7674	5.3393e-011
7675	5.9537e-011
7676	5.7582e-011
7677	5.8397e-011
7678	6.1062e-011
7679	6.3022e-011
7680	6.2997e-011
7681	6.428e-011
7682	6.6376e-011
7683	6.743e-011
7684	7.0586e-011
7685	7.0502e-011
7686	7.2307e-011
7687	7.3701e-011
7688	7.5433e-011
7689	7.7395e-011
7690	7.8645e-011
7691	8.1364e-011
7692	8.2114e-011
7693	8.5192e-011
7694	8.5967e-011
7695	8.8879e-011
7696	9.0103e-011
7697	9.174e-011
7698	9.5835e-011
7699	9.5726e-011
7700	1.0089e-010
7701	1.0044e-010
7702	1.0308e-010
7703	1.0713e-010
7704	1.0719e-010
7705	1.107e-010
7706	1.1401e-010
7707	1.1472e-010
7708	1.18e-010
7709	1.2258e-010
7710	1.234e-010
7711	1.2547e-010
7712	1.2935e-010
7713	1.3313e-010
7714	1.3547e-010
7715	1.3782e-010
7716	1.4071e-010
7717	1.446e-010
7718	1.48e-010
7719	1.5146e-010
7720	1.5495e-010
7721	1.5811e-010
7722	1.616e-010
7723	1.6518e-010
7724	1.6902e-010
7725	1.7272e-010
7726	1.7694e-010
7727	1.8126e-010
7728	1.8562e-010
7729	1.8978e-010
7730	1.9365e-010
7731	1.9657e-010
7732	2.022e-010
7733	2.0931e-010
7734	2.1469e-010
7735	2.1567e-010
7736	2.159e-010
7737	2.1591e-010
7738	2.1151e-010
7739	2.0371e-010
7740	1.9749e-010
7741	1.9601e-010
7742	1.9313e-010
7743	1.8915e-010
7744	1.8487e-010
7745	1.8018e-010
7746	1.7583e-010
7747	1.7209e-010
7748	1.6873e-010
7749	1.6535e-010
7750	1.6314e-010
7751	1.6046e-010
7752	1.5812e-010
7753	1.5629e-010
7754	1.523e-010
7755	1.4419e-010
7756	1.456e-010
7757	1.5081e-010
7758	1.5584e-010
7759	1.4668e-010
7760	1.3065e-010
7761	1.3971e-010
7762	1.5767e-010
7763	1.3331e-010
7764	1.2457e-010
7765	1.3628e-010
7766	1.2288e-010
7767	1.1958e-010
7768	1.3836e-010
7769	1.1401e-010
7770	1.2007e-010
7771	1.5389e-010
7772	1.1663e-010
7773	1.2766e-010
7774	1.0542e-010
7775	9.9366e-011
7776	1.0264e-010
7777	9.6079e-011
7778	1.036e-010
7779	9.2189e-011
7780	9.5359e-011
7781	8.6616e-011
7782	8.6014e-011
7783	8.2095e-011
7784	7.964e-011
7785	7.9399e-011
7786	8.48e-011
7787	9.6637e-011
7788	8.1642e-011
7789	7.639e-011
7790	7.132e-011
7791	7.527e-011
7792	7.3987e-011
7793	9.0919e-011
7794	1.087e-010
7795	1.0911e-010
7796	2.1296e-010
7797	3.5906e-010
7798	2.8428e-010
7799	5.0353e-010
7800	4.5354e-010
7801	4.749e-011
7802	4.9689e-011
7803	5.248e-011
7804	5.3458e-011
7805	5.9606e-011
7806	5.762e-011
7807	5.8399e-011
7808	6.1073e-011
7809	6.3027e-011
7810	6.3046e-011
7811	6.4334e-011
7812	6.6404e-011
7813	6.7454e-011
7814	7.0529e-011
7815	7.0505e-011
7816	7.2302e-011
7817	7.3732e-011
7818	7.546e-011
7819	7.7423e-011
7820	7.8682e-011
7821	8.1365e-011
7822	8.2168e-011
7823	8.5208e-011
7824	8.5986e-011
7825	8.8927e-011
7826	9.0281e-011
7827	9.1895e-011
7828	9.5865e-011
7829	9.5744e-011
7830	1.0093e-010
7831	1.0049e-010
7832	1.0307e-010
7833	1.0711e-010
7834	1.0724e-010
7835	1.1075e-010
7836	1.1404e-010
7837	1.1466e-010
7838	1.1795e-010
7839	1.2259e-010
7840	1.2348e-010
7841	1.2555e-010
7842	1.2948e-010
7843	1.3334e-010
7844	1.3564e-010
7845	1.3789e-010
7846	1.4068e-010
7847	1.4448e-010
7848	1.4792e-010
7849	1.5135e-010
7850	1.5506e-010
7851	1.5822e-010
7852	1.6155e-010
7853	1.6526e-010
7854	1.6889e-010
7855	1.7276e-010
7856	1.7688e-010
7857	1.812e-010
7858	1.8559e-010
7859	1.898e-010
7860	1.9364e-010
7861	1.9652e-010
7862	2.0207e-010
7863	2.0906e-010
7864	2.1466e-010
7865	2.1541e-010
7866	2.1599e-010
7867	2.1596e-010
7868	2.1153e-010
7869	2.0384e-010
7870	1.975e-010
7871	1.9595e-010
7872	1.9318e-010
7873	1.8913e-010
7874	1.8487e-010
7875	1.8021e-010
7876	1.7583e-010
7877	1.7215e-010
7878	1.6879e-010
7879	1.6542e-010
7880	1.6292e-010
7881	1.6137e-010
7882	1.5811e-010
7883	1.5614e-010
7884	1.5234e-010
7885	1.4413e-010
7886	1.4546e-010
7887	1.5103e-010
7888	1.5233e-010
7889	1.4674e-010
7890	1.306e-010
7891	1.3965e-010
7892	1.5767e-010
7893	1.3327e-010
7894	1.2451e-010
7895	1.3629e-010
7896	1.2286e-010
7897	1.1958e-010
7898	1.3832e-010
7899	1.1391e-010
7900	1.2001e-010
7901	1.5376e-010
7902	1.1658e-010
7903	1.2759e-010
7904	1.0537e-010
7905	9.9283e-011
7906	1.0252e-010
7907	9.6022e-011
7908	1.0348e-010
7909	9.2112e-011
7910	9.5287e-011
7911	8.657e-011
7912	8.5934e-011
7913	8.2017e-011
7914	7.9578e-011
7915	7.9319e-011
7916	8.4761e-011
7917	9.6598e-011
7918	8.1605e-011
7919	7.6365e-011
7920	7.1298e-011
7921	7.5243e-011
7922	7.3928e-011
7923	9.0951e-011
7924	1.0869e-010
7925	1.0905e-010
7926	2.1294e-010
7927	3.5903e-010
7928	2.8424e-010
7929	5.0353e-010
7930	4.535e-010
7931	7.9626e-011
7932	8.2735e-011
7933	8.2863e-011
7934	7.946e-011
7935	7.6659e-011
7936	7.9968e-011
7937	8.2046e-011
7938	8.3573e-011
7939	8.5062e-011
7940	8.8016e-011
7941	8.9562e-011
7942	9.0929e-011
7943	9.419e-011
7944	9.4846e-011
7945	9.825e-011
7946	9.9574e-011
7947	1.0201e-010
7948	1.0423e-010
7949	1.0627e-010
7950	1.0915e-010
7951	1.1076e-010
7952	1.1443e-010
7953	1.1588e-010
7954	1.1962e-010
7955	1.2136e-010
7956	1.2468e-010
7957	1.2818e-010
7958	1.2917e-010
7959	1.345e-010
7960	1.3501e-010
7961	1.4031e-010
7962	1.4276e-010
7963	1.4446e-010
7964	1.4987e-010
7965	1.5185e-010
7966	1.5459e-010
7967	1.5992e-010
7968	1.6287e-010
7969	1.6509e-010
7970	1.7043e-010
7971	1.7496e-010
7972	1.7789e-010
7973	1.81e-010
7974	1.8555e-010
7975	1.9048e-010
7976	1.9486e-010
7977	1.9872e-010
7978	2.0311e-010
7979	2.0754e-010
7980	2.1223e-010
7981	2.1727e-010
7982	2.2247e-010
7983	2.274e-010
7984	2.3244e-010
7985	2.3777e-010
7986	2.4301e-010
7987	2.4835e-010
7988	2.5398e-010
7989	2.6012e-010
7990	2.6655e-010
7991	2.7387e-010
7992	2.7965e-010
7993	2.8385e-010
7994	2.9101e-010
7995	3.009e-010
7996	3.0113e-010
7997	2.9215e-010
7998	2.8569e-010
7999	2.8283e-010
8000	2.782e-010
8001	2.7135e-010
8002	2.6505e-010
8003	2.585e-010
8004	2.5295e-010
8005	2.4801e-010
8006	2.4375e-010
8007	2.3885e-010
8008	2.3421e-010
8009	2.2984e-010
8010	2.2404e-010
8011	2.1913e-010
8012	2.1572e-010
8013	2.1353e-010
8014	2.1041e-010
8015	2.0826e-010
8016	2.0688e-010
8017	1.9971e-010
8018	1.9398e-010
8019	1.9571e-010
8020	1.9618e-010
8021	1.9525e-010
8022	1.8601e-010
8023	1.8679e-010
8024	1.8851e-010
8025	1.6838e-010
8026	1.6574e-010
8027	1.824e-010
8028	1.6253e-010
8029	1.6404e-010
8030	1.7842e-010
8031	1.6939e-010
8032	1.7851e-010
8033	1.4898e-010
8034	1.5709e-010
8035	1.4167e-010
8036	1.3367e-010
8037	1.4185e-010
8038	1.3131e-010
8039	1.3272e-010
8040	1.234e-010
8041	1.256e-010
8042	1.1618e-010
8043	1.1603e-010
8044	1.1248e-010
8045	1.101e-010
8046	1.1975e-010
8047	1.1673e-010
8048	1.1668e-010
8049	1.0206e-010
8050	1.0535e-010
8051	1.013e-010
8052	1.0164e-010
8053	1.4112e-010
8054	1.1566e-010
8055	1.2723e-010
8056	2.78e-010
8057	3.5214e-010
8058	2.5875e-010
8059	6.4782e-010
8060	4.0631e-010
8061	4.7486e-011
8062	4.9685e-011
8063	5.2484e-011
8064	5.347e-011
8065	5.9607e-011
8066	5.7633e-011
8067	5.8398e-011
8068	6.1066e-011
8069	6.302e-011
8070	6.3063e-011
8071	6.434e-011
8072	6.6417e-011
8073	6.7474e-011
8074	7.0545e-011
8075	7.0494e-011
8076	7.2298e-011
8077	7.3726e-011
8078	7.5481e-011
8079	7.7421e-011
8080	7.8719e-011
8081	8.1371e-011
8082	8.2147e-011
8083	8.521e-011
8084	8.5996e-011
8085	8.8959e-011
8086	9.0327e-011
8087	9.1924e-011
8088	9.5885e-011
8089	9.5763e-011
8090	1.0095e-010
8091	1.0049e-010
8092	1.0317e-010
8093	1.0713e-010
8094	1.0727e-010
8095	1.1076e-010
8096	1.1404e-010
8097	1.1465e-010
8098	1.1797e-010
8099	1.2262e-010
8100	1.2349e-010
8101	1.2557e-010
8102	1.2947e-010
8103	1.3334e-010
8104	1.3557e-010
8105	1.3789e-010
8106	1.4065e-010
8107	1.4452e-010
8108	1.4795e-010
8109	1.513e-010
8110	1.5506e-010
8111	1.5824e-010
8112	1.616e-010
8113	1.6525e-010
8114	1.6892e-010
8115	1.7269e-010
8116	1.7688e-010
8117	1.8131e-010
8118	1.8561e-010
8119	1.8983e-010
8120	1.9362e-010
8121	1.9649e-010
8122	2.0209e-010
8123	2.0931e-010
8124	2.1489e-010
8125	2.1527e-010
8126	2.159e-010
8127	2.1578e-010
8128	2.1142e-010
8129	2.0384e-010
8130	1.9756e-010
8131	1.9602e-010
8132	1.9319e-010
8133	1.8915e-010
8134	1.849e-010
8135	1.8014e-010
8136	1.758e-010
8137	1.7218e-010
8138	1.687e-010
8139	1.6547e-010
8140	1.6284e-010
8141	1.6172e-010
8142	1.5802e-010
8143	1.5627e-010
8144	1.5227e-010
8145	1.4413e-010
8146	1.4548e-010
8147	1.4959e-010
8148	1.5161e-010
8149	1.4499e-010
8150	1.3063e-010
8151	1.396e-010
8152	1.5761e-010
8153	1.3323e-010
8154	1.2452e-010
8155	1.3627e-010
8156	1.2286e-010
8157	1.1961e-010
8158	1.3827e-010
8159	1.1394e-010
8160	1.2002e-010
8161	1.5377e-010
8162	1.1659e-010
8163	1.2758e-010
8164	1.0531e-010
8165	9.9211e-011
8166	1.0251e-010
8167	9.5981e-011
8168	1.0346e-010
8169	9.2087e-011
8170	9.5276e-011
8171	8.655e-011
8172	8.5933e-011
8173	8.1987e-011
8174	7.9566e-011
8175	7.9302e-011
8176	8.4721e-011
8177	9.661e-011
8178	8.1596e-011
8179	7.6342e-011
8180	7.1265e-011
8181	7.526e-011
8182	7.3942e-011
8183	9.0959e-011
8184	1.0869e-010
8185	1.0907e-010
8186	2.1294e-010
8187	3.59e-010
8188	2.8418e-010
8189	5.0352e-010
8190	4.5348e-010
8191	4.7486e-011
8192	4.9685e-011
8193	5.2484e-011
8194	5.347e-011
8195	5.9607e-011
8196	5.7631e-011
8197	5.8414e-011
8198	6.1061e-011
8199	6.3018e-011
8200	6.306e-011
8201	6.4337e-011
8202	6.6417e-011
8203	6.7474e-011
8204	7.0545e-011
8205	7.0491e-011
8206	7.2292e-011
8207	7.374e-011
8208	7.5475e-011
8209	7.7418e-011
8210	7.8717e-011
8211	8.1389e-011
8212	8.2144e-011
8213	8.5203e-011
8214	8.5985e-011
8215	8.8948e-011
8216	9.0323e-011
8217	9.1924e-011
8218	9.5882e-011
8219	9.576e-011
8220	1.0094e-010
8221	1.0054e-010
8222	1.0317e-010
8223	1.0713e-010
8224	1.0726e-010
8225	1.1076e-010
8226	1.1405e-010
8227	1.1466e-010
8228	1.1796e-010
8229	1.2259e-010
8230	1.2341e-010
8231	1.2559e-010
8232	1.2951e-010
8233	1.3326e-010
8234	1.3568e-010
8235	1.3792e-010
8236	1.4067e-010
8237	1.4448e-010
8238	1.4795e-010
8239	1.513e-010
8240	1.5505e-010
8241	1.5829e-010
8242	1.616e-010
8243	1.6524e-010
8244	1.6892e-010
8245	1.7268e-010
8246	1.7688e-010
8247	1.813e-010
8248	1.856e-010
8249	1.8982e-010
8250	1.9361e-010
8251	1.9646e-010
8252	2.0217e-010
8253	2.0925e-010
8254	2.1487e-010
8255	2.1547e-010
8256	2.1578e-010
8257	2.1576e-010
8258	2.1142e-010
8259	2.0382e-010
8260	1.9755e-010
8261	1.96e-010
8262	1.932e-010
8263	1.8915e-010
8264	1.849e-010
8265	1.8016e-010
8266	1.7582e-010
8267	1.7215e-010
8268	1.6881e-010
8269	1.6539e-010
8270	1.6305e-010
8271	1.616e-010
8272	1.5819e-010
8273	1.5616e-010
8274	1.5223e-010
8275	1.4396e-010
8276	1.4539e-010
8277	1.495e-010
8278	1.5159e-010
8279	1.4501e-010
8280	1.3054e-010
8281	1.3959e-010
8282	1.5761e-010
8283	1.3321e-010
8284	1.2454e-010
8285	1.3628e-010
8286	1.2286e-010
8287	1.1961e-010
8288	1.3827e-010
8289	1.1393e-010
8290	1.2002e-010
8291	1.5378e-010
8292	1.1659e-010
8293	1.276e-010
8294	1.0532e-010
8295	9.9204e-011
8296	1.0251e-010
8297	9.5981e-011
8298	1.0346e-010
8299	9.2083e-011
8300	9.5266e-011
8301	8.6539e-011
8302	8.5924e-011
8303	8.2009e-011
8304	7.9566e-011
8305	7.9299e-011
8306	8.4744e-011
8307	9.661e-011
8308	8.1596e-011
8309	7.6357e-011
8310	7.1284e-011
8311	7.526e-011
8312	7.3942e-011
8313	9.0959e-011
8314	1.0869e-010
8315	1.0907e-010
8316	2.1293e-010
8317	3.5899e-010
8318	2.8417e-010
8319	5.0353e-010
8320	4.5347e-010
8321	7.9626e-011
8322	8.2735e-011
8323	8.2865e-011
8324	7.9439e-011
8325	7.6665e-011
8326	7.9976e-011
8327	8.2039e-011
8328	8.3581e-011
8329	8.5037e-011
8330	8.8003e-011
8331	8.9554e-011
8332	9.0919e-011
8333	9.4195e-011
8334	9.4834e-011
8335	9.8243e-011
8336	9.9543e-011
8337	1.0199e-010
8338	1.0424e-010
8339	1.0626e-010
8340	1.0916e-010
8341	1.1075e-010
8342	1.1445e-010
8343	1.1588e-010
8344	1.1962e-010
8345	1.2135e-010
8346	1.2467e-010
8347	1.282e-010
8348	1.2915e-010
8349	1.3453e-010
8350	1.3501e-010
8351	1.4032e-010
8352	1.4278e-010
8353	1.4446e-010
8354	1.4988e-010
8355	1.5183e-010
8356	1.5458e-010
8357	1.5992e-010
8358	1.6292e-010
8359	1.6506e-010
8360	1.7041e-010
8361	1.7492e-010
8362	1.7786e-010
8363	1.8113e-010
8364	1.8558e-010
8365	1.9053e-010
8366	1.9481e-010
8367	1.9875e-010
8368	2.0312e-010
8369	2.0755e-010
8370	2.1224e-010
8371	2.1725e-010
8372	2.2243e-010
8373	2.2738e-010
8374	2.3241e-010
8375	2.3776e-010
8376	2.4294e-010
8377	2.4833e-010
8378	2.5395e-010
8379	2.6013e-010
8380	2.6656e-010
8381	2.7395e-010
8382	2.7974e-010
8383	2.8395e-010
8384	2.9114e-010
8385	3.0093e-010
8386	3.0128e-010
8387	2.9213e-010
8388	2.8566e-010
8389	2.8283e-010
8390	2.7819e-010
8391	2.7135e-010
8392	2.6505e-010
8393	2.5849e-010
8394	2.5291e-010
8395	2.4804e-010
8396	2.4374e-010
8397	2.3892e-010
8398	2.3424e-010
8399	2.2988e-010
8400	2.2417e-010
8401	2.1919e-010
8402	2.1578e-010
8403	2.1356e-010
8404	2.1025e-010
8405	2.0813e-010
8406	2.0682e-010
8407	1.9963e-010
8408	1.9381e-010
8409	1.958e-010
8410	1.9621e-010
8411	1.9528e-010
8412	1.8599e-010
8413	1.868e-010
8414	1.885e-010
8415	1.6844e-010
8416	1.6575e-010
8417	1.8238e-010
8418	1.6255e-010
8419	1.6403e-010
8420	1.7839e-010
8421	1.694e-010
8422	1.785e-010
8423	1.4894e-010
8424	1.5708e-010
8425	1.4164e-010
8426	1.3362e-010
8427	1.4184e-010
8428	1.3132e-010
8429	1.3272e-010
8430	1.2334e-010
8431	1.2562e-010
8432	1.162e-010
8433	1.1602e-010
8434	1.1246e-010
8435	1.1011e-010
8436	1.1976e-010
8437	1.167e-010
8438	1.1669e-010
8439	1.0205e-010
8440	1.0535e-010
8441	1.0128e-010
8442	1.0163e-010
8443	1.4112e-010
8444	1.1565e-010
8445	1.2721e-010
8446	2.7798e-010
8447	3.5214e-010
8448	2.5877e-010
8449	6.478e-010
8450	4.0633e-010
8451	4.749e-011
8452	4.9689e-011
8453	5.2478e-011
8454	5.3449e-011
8455	5.9599e-011
8456	5.7616e-011
8457	5.8389e-011
8458	6.1065e-011
8459	6.3021e-011
8460	6.3041e-011
8461	6.4323e-011
8462	6.639e-011
8463	6.7446e-011
8464	7.0524e-011
8465	7.0505e-011
8466	7.2284e-011
8467	7.3726e-011
8468	7.548e-011
8469	7.7411e-011
8470	7.8676e-011
8471	8.1359e-011
8472	8.215e-011
8473	8.5193e-011
8474	8.5979e-011
8475	8.8918e-011
8476	9.0273e-011
8477	9.1873e-011
8478	9.5891e-011
8479	9.5729e-011
8480	1.0097e-010
8481	1.0046e-010
8482	1.0309e-010
8483	1.0711e-010
8484	1.0724e-010
8485	1.1077e-010
8486	1.1405e-010
8487	1.147e-010
8488	1.1797e-010
8489	1.2256e-010
8490	1.2347e-010
8491	1.2558e-010
8492	1.2957e-010
8493	1.3332e-010
8494	1.3567e-010
8495	1.379e-010
8496	1.4071e-010
8497	1.4446e-010
8498	1.4792e-010
8499	1.5133e-010
8500	1.5504e-010
8501	1.5824e-010
8502	1.6155e-010
8503	1.6528e-010
8504	1.6888e-010
8505	1.7277e-010
8506	1.7685e-010
8507	1.8117e-010
8508	1.8559e-010
8509	1.8979e-010
8510	1.9363e-010
8511	1.965e-010
8512	2.0219e-010
8513	2.0916e-010
8514	2.1482e-010
8515	2.1555e-010
8516	2.1596e-010
8517	2.1595e-010
8518	2.1151e-010
8519	2.0378e-010
8520	1.9751e-010
8521	1.9599e-010
8522	1.9318e-010
8523	1.8914e-010
8524	1.8485e-010
8525	1.8016e-010
8526	1.7582e-010
8527	1.722e-010
8528	1.6875e-010
8529	1.6537e-010
8530	1.6301e-010
8531	1.6153e-010
8532	1.5818e-010
8533	1.5619e-010
8534	1.5222e-010
8535	1.4416e-010
8536	1.4545e-010
8537	1.5064e-010
8538	1.521e-010
8539	1.4636e-010
8540	1.3068e-010
8541	1.3971e-010
8542	1.5765e-010
8543	1.3328e-010
8544	1.2452e-010
8545	1.363e-010
8546	1.2285e-010
8547	1.1957e-010
8548	1.383e-010
8549	1.1394e-010
8550	1.2002e-010
8551	1.5375e-010
8552	1.1656e-010
8553	1.2758e-010
8554	1.0536e-010
8555	9.9272e-011
8556	1.025e-010
8557	9.6004e-011
8558	1.0351e-010
8559	9.2112e-011
8560	9.5295e-011
8561	8.6561e-011
8562	8.595e-011
8563	8.2014e-011
8564	7.9571e-011
8565	7.9335e-011
8566	8.4747e-011
8567	9.6591e-011
8568	8.1603e-011
8569	7.6359e-011
8570	7.1287e-011
8571	7.5241e-011
8572	7.3925e-011
8573	9.0941e-011
8574	1.0868e-010
8575	1.0908e-010
8576	2.1294e-010
8577	3.5904e-010
8578	2.8424e-010
8579	5.0352e-010
8580	4.535e-010
8581	4.743e-011
8582	4.9621e-011
8583	5.2406e-011
8584	5.3378e-011
8585	5.9553e-011
8586	5.7587e-011
8587	5.8395e-011
8588	6.1054e-011
8589	6.3013e-011
8590	6.301e-011
8591	6.4265e-011
8592	6.6359e-011
8593	6.7438e-011
8594	7.0574e-011
8595	7.052e-011
8596	7.2346e-011
8597	7.3684e-011
8598	7.5412e-011
8599	7.7398e-011
8600	7.8631e-011
8601	8.1368e-011
8602	8.2089e-011
8603	8.5165e-011
8604	8.596e-011
8605	8.8875e-011
8606	9.0115e-011
8607	9.1736e-011
8608	9.5846e-011
8609	9.5762e-011
8610	1.0091e-010
8611	1.0047e-010
8612	1.031e-010
8613	1.0711e-010
8614	1.0718e-010
8615	1.1068e-010
8616	1.14e-010
8617	1.1472e-010
8618	1.1803e-010
8619	1.2256e-010
8620	1.2345e-010
8621	1.2548e-010
8622	1.2937e-010
8623	1.3323e-010
8624	1.3557e-010
8625	1.3779e-010
8626	1.4072e-010
8627	1.446e-010
8628	1.4799e-010
8629	1.5141e-010
8630	1.5501e-010
8631	1.5813e-010
8632	1.6156e-010
8633	1.6525e-010
8634	1.69e-010
8635	1.7276e-010
8636	1.7692e-010
8637	1.8127e-010
8638	1.8558e-010
8639	1.898e-010
8640	1.936e-010
8641	1.9663e-010
8642	2.0214e-010
8643	2.0926e-010
8644	2.1472e-010
8645	2.1565e-010
8646	2.1617e-010
8647	2.159e-010
8648	2.1164e-010
8649	2.0384e-010
8650	1.9752e-010
8651	1.9597e-010
8652	1.9312e-010
8653	1.8918e-010
8654	1.8485e-010
8655	1.802e-010
8656	1.7579e-010
8657	1.7201e-010
8658	1.6869e-010
8659	1.6522e-010
8660	1.6299e-010
8661	1.6153e-010
8662	1.5823e-010
8663	1.5617e-010
8664	1.5227e-010
8665	1.441e-010
8666	1.4544e-010
8667	1.5108e-010
8668	1.5175e-010
8669	1.4662e-010
8670	1.3056e-010
8671	1.397e-010
8672	1.5764e-010
8673	1.3326e-010
8674	1.2456e-010
8675	1.3627e-010
8676	1.2291e-010
8677	1.1961e-010
8678	1.3835e-010
8679	1.1399e-010
8680	1.201e-010
8681	1.5388e-010
8682	1.1661e-010
8683	1.2767e-010
8684	1.0541e-010
8685	9.9333e-011
8686	1.0263e-010
8687	9.6092e-011
8688	1.0363e-010
8689	9.2149e-011
8690	9.5354e-011
8691	8.6628e-011
8692	8.5998e-011
8693	8.2099e-011
8694	7.9614e-011
8695	7.9374e-011
8696	8.481e-011
8697	9.6643e-011
8698	8.162e-011
8699	7.6389e-011
8700	7.1307e-011
8701	7.5249e-011
8702	7.3969e-011
8703	9.0952e-011
8704	1.0868e-010
8705	1.091e-010
8706	2.1295e-010
8707	3.5905e-010
8708	2.8426e-010
8709	5.0356e-010
8710	4.5349e-010
8711	7.9517e-011
8712	8.2606e-011
8713	8.2705e-011
8714	7.9258e-011
8715	7.6555e-011
8716	7.99e-011
8717	8.2033e-011
8718	8.354e-011
8719	8.499e-011
8720	8.7918e-011
8721	8.9447e-011
8722	9.0797e-011
8723	9.419e-011
8724	9.4903e-011
8725	9.8311e-011
8726	9.9513e-011
8727	1.0196e-010
8728	1.0413e-010
8729	1.0619e-010
8730	1.0907e-010
8731	1.1071e-010
8732	1.1432e-010
8733	1.1576e-010
8734	1.1957e-010
8735	1.2115e-010
8736	1.2439e-010
8737	1.2784e-010
8738	1.2908e-010
8739	1.3449e-010
8740	1.35e-010
8741	1.4026e-010
8742	1.4266e-010
8743	1.4447e-010
8744	1.4979e-010
8745	1.5173e-010
8746	1.5452e-010
8747	1.5997e-010
8748	1.6291e-010
8749	1.6525e-010
8750	1.7034e-010
8751	1.7486e-010
8752	1.7761e-010
8753	1.809e-010
8754	1.8538e-010
8755	1.9028e-010
8756	1.9489e-010
8757	1.99e-010
8758	2.0324e-010
8759	2.0759e-010
8760	2.1213e-010
8761	2.1699e-010
8762	2.2219e-010
8763	2.2749e-010
8764	2.326e-010
8765	2.3786e-010
8766	2.4297e-010
8767	2.4835e-010
8768	2.5397e-010
8769	2.6024e-010
8770	2.6667e-010
8771	2.7409e-010
8772	2.7982e-010
8773	2.8381e-010
8774	2.9118e-010
8775	3.014e-010
8776	3.0176e-010
8777	2.9234e-010
8778	2.8576e-010
8779	2.8268e-010
8780	2.7799e-010
8781	2.7124e-010
8782	2.6502e-010
8783	2.5847e-010
8784	2.528e-010
8785	2.4802e-010
8786	2.4372e-010
8787	2.3884e-010
8788	2.3429e-010
8789	2.2991e-010
8790	2.2412e-010
8791	2.1915e-010
8792	2.1571e-010
8793	2.1358e-010
8794	2.1043e-010
8795	2.082e-010
8796	2.0708e-010
8797	1.995e-010
8798	1.9399e-010
8799	1.9541e-010
8800	1.9636e-010
8801	1.9529e-010
8802	1.8611e-010
8803	1.8689e-010
8804	1.8853e-010
8805	1.6848e-010
8806	1.658e-010
8807	1.825e-010
8808	1.627e-010
8809	1.6412e-010
8810	1.7855e-010
8811	1.6953e-010
8812	1.786e-010
8813	1.4902e-010
8814	1.5727e-010
8815	1.4182e-010
8816	1.3388e-010
8817	1.4204e-010
8818	1.3158e-010
8819	1.3291e-010
8820	1.2346e-010
8821	1.2569e-010
8822	1.1638e-010
8823	1.1621e-010
8824	1.1264e-010
8825	1.1025e-010
8826	1.1986e-010
8827	1.1676e-010
8828	1.1671e-010
8829	1.0213e-010
8830	1.0537e-010
8831	1.0133e-010
8832	1.0163e-010
8833	1.4116e-010
8834	1.1563e-010
8835	1.2721e-010
8836	2.7804e-010
8837	3.5218e-010
8838	2.5884e-010
8839	6.4789e-010
8840	4.0644e-010
8841	4.7427e-011
8842	4.9619e-011
8843	5.2405e-011
8844	5.3378e-011
8845	5.9553e-011
8846	5.76e-011
8847	5.8385e-011
8848	6.1046e-011
8849	6.3008e-011
8850	6.3007e-011
8851	6.4265e-011
8852	6.6359e-011
8853	6.7461e-011
8854	7.0572e-011
8855	7.0517e-011
8856	7.2342e-011
8857	7.3675e-011
8858	7.5431e-011
8859	7.7397e-011
8860	7.863e-011
8861	8.1364e-011
8862	8.209e-011
8863	8.5182e-011
8864	8.596e-011
8865	8.8875e-011
8866	9.0115e-011
8867	9.1736e-011
8868	9.5851e-011
8869	9.576e-011
8870	1.0091e-010
8871	1.0047e-010
8872	1.031e-010
8873	1.0711e-010
8874	1.0717e-010
8875	1.107e-010
8876	1.1403e-010
8877	1.1467e-010
8878	1.1812e-010
8879	1.2261e-010
8880	1.2359e-010
8881	1.255e-010
8882	1.2939e-010
8883	1.3324e-010
8884	1.3556e-010
8885	1.3779e-010
8886	1.4072e-010
8887	1.446e-010
8888	1.4799e-010
8889	1.5141e-010
8890	1.5499e-010
8891	1.5812e-010
8892	1.6157e-010
8893	1.6524e-010
8894	1.6898e-010
8895	1.7275e-010
8896	1.7692e-010
8897	1.8126e-010
8898	1.8558e-010
8899	1.898e-010
8900	1.936e-010
8901	1.9662e-010
8902	2.0214e-010
8903	2.0925e-010
8904	2.1476e-010
8905	2.1566e-010
8906	2.1609e-010
8907	2.1607e-010
8908	2.1139e-010
8909	2.0375e-010
8910	1.9759e-010
8911	1.9597e-010
8912	1.9312e-010
8913	1.8917e-010
8914	1.8485e-010
8915	1.8018e-010
8916	1.7579e-010
8917	1.7201e-010
8918	1.6869e-010
8919	1.6522e-010
8920	1.6298e-010
8921	1.6153e-010
8922	1.5822e-010
8923	1.5615e-010
8924	1.5229e-010
8925	1.4405e-010
8926	1.4542e-010
8927	1.4976e-010
8928	1.5133e-010
8929	1.452e-010
8930	1.3061e-010
8931	1.397e-010
8932	1.5766e-010
8933	1.3327e-010
8934	1.2454e-010
8935	1.3628e-010
8936	1.2289e-010
8937	1.1965e-010
8938	1.3834e-010
8939	1.1398e-010
8940	1.2009e-010
8941	1.5388e-010
8942	1.1661e-010
8943	1.2767e-010
8944	1.054e-010
8945	9.9373e-011
8946	1.0263e-010
8947	9.6085e-011
8948	1.0362e-010
8949	9.2148e-011
8950	9.535e-011
8951	8.6624e-011
8952	8.6e-011
8953	8.2098e-011
8954	7.9615e-011
8955	7.9392e-011
8956	8.482e-011
8957	9.6632e-011
8958	8.1618e-011
8959	7.6389e-011
8960	7.1307e-011
8961	7.5248e-011
8962	7.3967e-011
8963	9.0972e-011
8964	1.0868e-010
8965	1.091e-010
8966	2.1294e-010
8967	3.5907e-010
8968	2.8425e-010
8969	5.0356e-010
8970	4.5348e-010
8971	4.7495e-011
8972	4.9682e-011
8973	5.2466e-011
8974	5.3487e-011
8975	5.9599e-011
8976	5.7617e-011
8977	5.84e-011
8978	6.1053e-011
8979	6.3047e-011
8980	6.3053e-011
8981	6.4326e-011
8982	6.6401e-011
8983	6.7446e-011
8984	7.0532e-011
8985	7.049e-011
8986	7.2268e-011
8987	7.3709e-011
8988	7.5458e-011
8989	7.7448e-011
8990	7.8687e-011
8991	8.1369e-011
8992	8.2154e-011
8993	8.5236e-011
8994	8.5987e-011
8995	8.8916e-011
8996	9.0265e-011
8997	9.1857e-011
8998	9.5897e-011
8999	9.5734e-011
9000	1.0094e-010
9001	1.0044e-010
9002	1.0308e-010
9003	1.0717e-010
9004	1.0725e-010
9005	1.1074e-010
9006	1.1406e-010
9007	1.1467e-010
9008	1.1801e-010
9009	1.2263e-010
9010	1.236e-010
9011	1.2565e-010
9012	1.2962e-010
9013	1.3333e-010
9014	1.3569e-010
9015	1.3788e-010
9016	1.4071e-010
9017	1.4449e-010
9018	1.4795e-010
9019	1.5131e-010
9020	1.5507e-010
9021	1.5827e-010
9022	1.6152e-010
9023	1.6524e-010
9024	1.6886e-010
9025	1.7272e-010
9026	1.7684e-010
9027	1.8125e-010
9028	1.8557e-010
9029	1.8986e-010
9030	1.9356e-010
9031	1.9655e-010
9032	2.0214e-010
9033	2.0922e-010
9034	2.1474e-010
9035	2.1557e-010
9036	2.1596e-010
9037	2.1611e-010
9038	2.1176e-010
9039	2.039e-010
9040	1.9743e-010
9041	1.9595e-010
9042	1.9313e-010
9043	1.8909e-010
9044	1.848e-010
9045	1.8011e-010
9046	1.7585e-010
9047	1.7219e-010
9048	1.6875e-010
9049	1.6537e-010
9050	1.6301e-010
9051	1.6152e-010
9052	1.5829e-010
9053	1.5611e-010
9054	1.5227e-010
9055	1.4404e-010
9056	1.4525e-010
9057	1.5015e-010
9058	1.516e-010
9059	1.4564e-010
9060	1.3049e-010
9061	1.3971e-010
9062	1.577e-010
9063	1.333e-010
9064	1.2454e-010
9065	1.3629e-010
9066	1.2287e-010
9067	1.196e-010
9068	1.383e-010
9069	1.1392e-010
9070	1.2002e-010
9071	1.5378e-010
9072	1.1653e-010
9073	1.2762e-010
9074	1.0534e-010
9075	9.9268e-011
9076	1.0254e-010
9077	9.5983e-011
9078	1.0352e-010
9079	9.2097e-011
9080	9.5284e-011
9081	8.6542e-011
9082	8.5953e-011
9083	8.203e-011
9084	7.9577e-011
9085	7.9325e-011
9086	8.4756e-011
9087	9.6604e-011
9088	8.1592e-011
9089	7.6369e-011
9090	7.1293e-011
9091	7.5222e-011
9092	7.393e-011
9093	9.0923e-011
9094	1.0866e-010
9095	1.0908e-010
9096	2.1295e-010
9097	3.5904e-010
9098	2.8424e-010
9099	5.0355e-010
9100	4.5342e-010
9101	7.9633e-011
9102	8.2758e-011
9103	8.2859e-011
9104	7.9427e-011
9105	7.6651e-011
9106	7.9953e-011
9107	8.2031e-011
9108	8.3548e-011
9109	8.5028e-011
9110	8.8001e-011
9111	8.9557e-011
9112	9.0908e-011
9113	9.4191e-011
9114	9.486e-011
9115	9.8248e-011
9116	9.9557e-011
9117	1.0201e-010
9118	1.0421e-010
9119	1.0629e-010
9120	1.0916e-010
9121	1.1078e-010
9122	1.1443e-010
9123	1.1589e-010
9124	1.1964e-010
9125	1.2136e-010
9126	1.2468e-010
9127	1.2818e-010
9128	1.2915e-010
9129	1.3455e-010
9130	1.3501e-010
9131	1.4034e-010
9132	1.428e-010
9133	1.4447e-010
9134	1.499e-010
9135	1.5184e-010
9136	1.5455e-010
9137	1.5989e-010
9138	1.6294e-010
9139	1.6515e-010
9140	1.7049e-010
9141	1.7508e-010
9142	1.7797e-010
9143	1.8116e-010
9144	1.8557e-010
9145	1.9053e-010
9146	1.948e-010
9147	1.9877e-010
9148	2.0314e-010
9149	2.0756e-010
9150	2.123e-010
9151	2.1729e-010
9152	2.2246e-010
9153	2.2737e-010
9154	2.3248e-010
9155	2.3781e-010
9156	2.4286e-010
9157	2.4837e-010
9158	2.5393e-010
9159	2.6013e-010
9160	2.6651e-010
9161	2.7403e-010
9162	2.7969e-010
9163	2.8389e-010
9164	2.9109e-010
9165	3.0093e-010
9166	3.0129e-010
9167	2.922e-010
9168	2.8578e-010
9169	2.8294e-010
9170	2.7839e-010
9171	2.7145e-010
9172	2.6506e-010
9173	2.585e-010
9174	2.5296e-010
9175	2.4802e-010
9176	2.4369e-010
9177	2.3895e-010
9178	2.3424e-010
9179	2.2988e-010
9180	2.2417e-010
9181	2.1923e-010
9182	2.1582e-010
9183	2.1354e-010
9184	2.1033e-010
9185	2.0822e-010
9186	2.0717e-010
9187	2.0104e-010
9188	1.9462e-010
9189	1.9729e-010
9190	1.9652e-010
9191	1.9529e-010
9192	1.86e-010
9193	1.8684e-010
9194	1.8853e-010
9195	1.6847e-010
9196	1.6572e-010
9197	1.8242e-010
9198	1.6255e-010
9199	1.6404e-010
9200	1.784e-010
9201	1.6934e-010
9202	1.785e-010
9203	1.4897e-010
9204	1.5706e-010
9205	1.4164e-010
9206	1.3363e-010
9207	1.4186e-010
9208	1.3134e-010
9209	1.3273e-010
9210	1.2332e-010
9211	1.2563e-010
9212	1.1623e-010
9213	1.1599e-010
9214	1.1249e-010
9215	1.1011e-010
9216	1.1976e-010
9217	1.1675e-010
9218	1.1667e-010
9219	1.0203e-010
9220	1.0535e-010
9221	1.0128e-010
9222	1.0164e-010
9223	1.4114e-010
9224	1.1562e-010
9225	1.2721e-010
9226	2.78e-010
9227	3.5209e-010
9228	2.5881e-010
9229	6.478e-010
9230	4.0637e-010
9231	4.7489e-011
9232	4.9684e-011
9233	5.2488e-011
9234	5.3497e-011
9235	5.961e-011
9236	5.7655e-011
9237	5.8392e-011
9238	6.1059e-011
9239	6.3022e-011
9240	6.3052e-011
9241	6.4343e-011
9242	6.645e-011
9243	6.746e-011
9244	7.055e-011
9245	7.0489e-011
9246	7.2333e-011
9247	7.3739e-011
9248	7.5477e-011
9249	7.7448e-011
9250	7.8695e-011
9251	8.1397e-011
9252	8.2138e-011
9253	8.5228e-011
9254	8.6007e-011
9255	8.892e-011
9256	9.0292e-011
9257	9.193e-011
9258	9.5894e-011
9259	9.5744e-011
9260	1.0097e-010
9261	1.0051e-010
9262	1.0315e-010
9263	1.0717e-010
9264	1.0721e-010
9265	1.1078e-010
9266	1.1405e-010
9267	1.1466e-010
9268	1.1805e-010
9269	1.2265e-010
9270	1.2356e-010
9271	1.2565e-010
9272	1.2958e-010
9273	1.3332e-010
9274	1.3566e-010
9275	1.379e-010
9276	1.4068e-010
9277	1.4445e-010
9278	1.4792e-010
9279	1.5127e-010
9280	1.5504e-010
9281	1.5827e-010
9282	1.6161e-010
9283	1.653e-010
9284	1.6891e-010
9285	1.7273e-010
9286	1.7682e-010
9287	1.8124e-010
9288	1.8555e-010
9289	1.8983e-010
9290	1.9369e-010
9291	1.9643e-010
9292	2.0213e-010
9293	2.0927e-010
9294	2.1484e-010
9295	2.1533e-010
9296	2.1592e-010
9297	2.1592e-010
9298	2.1159e-010
9299	2.0404e-010
9300	1.9762e-010
9301	1.9602e-010
9302	1.9328e-010
9303	1.8906e-010
9304	1.8486e-010
9305	1.8013e-010
9306	1.7584e-010
9307	1.7214e-010
9308	1.688e-010
9309	1.6539e-010
9310	1.6305e-010
9311	1.6156e-010
9312	1.5823e-010
9313	1.5619e-010
9314	1.5236e-010
9315	1.4422e-010
9316	1.4572e-010
9317	1.504e-010
9318	1.5652e-010
9319	1.4628e-010
9320	1.3077e-010
9321	1.3972e-010
9322	1.5764e-010
9323	1.333e-010
9324	1.2456e-010
9325	1.363e-010
9326	1.2283e-010
9327	1.1959e-010
9328	1.3829e-010
9329	1.1391e-010
9330	1.1999e-010
9331	1.5375e-010
9332	1.1661e-010
9333	1.2758e-010
9334	1.0533e-010
9335	9.9253e-011
9336	1.0249e-010
9337	9.5999e-011
9338	1.0348e-010
9339	9.2083e-011
9340	9.529e-011
9341	8.6573e-011
9342	8.5905e-011
9343	8.2025e-011
9344	7.9547e-011
9345	7.9302e-011
9346	8.4767e-011
9347	9.6591e-011
9348	8.1581e-011
9349	7.6348e-011
9350	7.1274e-011
9351	7.5239e-011
9352	7.396e-011
9353	9.0943e-011
9354	1.0869e-010
9355	1.0907e-010
9356	2.1293e-010
9357	3.5905e-010
9358	2.8424e-010
9359	5.0352e-010
9360	4.5348e-010
9361	5.632e-011
9362	5.5995e-011
9363	5.5755e-011
9364	5.7097e-011
9365	5.908e-011
9366	6.0865e-011
9367	6.2132e-011
9368	6.3782e-011
9369	6.6472e-011
9370	6.668e-011
9371	6.8116e-011
9372	7.027e-011
9373	7.129e-011
9374	7.4381e-011
9375	7.4658e-011
9376	7.6588e-011
9377	7.8071e-011
9378	7.9879e-011
9379	8.196e-011
9380	8.3474e-011
9381	8.5997e-011
9382	8.7289e-011
9383	8.9986e-011
9384	9.1348e-011
9385	9.392e-011
9386	9.5725e-011
9387	9.7738e-011
9388	1.0102e-010
9389	1.0218e-010
9390	1.061e-010
9391	1.0706e-010
9392	1.0953e-010
9393	1.1277e-010
9394	1.1425e-010
9395	1.1725e-010
9396	1.2036e-010
9397	1.2214e-010
9398	1.2525e-010
9399	1.2898e-010
9400	1.3103e-010
9401	1.3373e-010
9402	1.3734e-010
9403	1.4061e-010
9404	1.4353e-010
9405	1.4635e-010
9406	1.4932e-010
9407	1.5313e-010
9408	1.5679e-010
9409	1.6036e-010
9410	1.6398e-010
9411	1.6767e-010
9412	1.713e-010
9413	1.7513e-010
9414	1.7906e-010
9415	1.8305e-010
9416	1.8737e-010
9417	1.9163e-010
9418	1.9615e-010
9419	2.0077e-010
9420	2.052e-010
9421	2.0897e-010
9422	2.1462e-010
9423	2.2053e-010
9424	2.2581e-010
9425	2.2957e-010
9426	2.303e-010
9427	2.2706e-010
9428	2.2261e-010
9429	2.1649e-010
9430	2.112e-010
9431	2.0825e-010
9432	2.0436e-010
9433	1.9957e-010
9434	1.9477e-010
9435	1.9064e-010
9436	1.8615e-010
9437	1.8233e-010
9438	1.788e-010
9439	1.7533e-010
9440	1.7246e-010
9441	1.6934e-010
9442	1.6647e-010
9443	1.6411e-010
9444	1.6057e-010
9445	1.5432e-010
9446	1.547e-010
9447	1.5828e-010
9448	1.6004e-010
9449	1.5448e-010
9450	1.417e-010
9451	1.4873e-010
9452	1.6033e-010
9453	1.421e-010
9454	1.3628e-010
9455	1.3905e-010
9456	1.2864e-010
9457	1.3198e-010
9458	1.4024e-010
9459	1.2107e-010
9460	1.3075e-010
9461	1.5749e-010
9462	1.3028e-010
9463	1.295e-010
9464	1.1112e-010
9465	1.0226e-010
9466	1.0515e-010
9467	1.0553e-010
9468	1.0761e-010
9469	9.6678e-011
9470	9.8823e-011
9471	9.0133e-011
9472	8.8658e-011
9473	8.4173e-011
9474	8.1863e-011
9475	8.1552e-011
9476	8.6454e-011
9477	9.8255e-011
9478	8.3123e-011
9479	7.8269e-011
9480	7.3101e-011
9481	7.739e-011
9482	8.1596e-011
9483	8.1717e-011
9484	1.0277e-010
9485	1.0764e-010
9486	1.4782e-010
9487	2.0436e-010
9488	2.5091e-010
9489	2.7267e-010
9490	3.0822e-010
9491	7.5597e-011
9492	7.7182e-011
9493	7.9132e-011
9494	8.0111e-011
9495	8.2105e-011
9496	8.3848e-011
9497	8.6339e-011
9498	8.9113e-011
9499	8.9117e-011
9500	9.3527e-011
9501	9.4956e-011
9502	9.5757e-011
9503	1.0056e-010
9504	9.9795e-011
9505	1.0485e-010
9506	1.0529e-010
9507	1.0827e-010
9508	1.1078e-010
9509	1.1253e-010
9510	1.1638e-010
9511	1.1729e-010
9512	1.2194e-010
9513	1.2278e-010
9514	1.2736e-010
9515	1.288e-010
9516	1.3244e-010
9517	1.3622e-010
9518	1.3719e-010
9519	1.4358e-010
9520	1.4324e-010
9521	1.495e-010
9522	1.5171e-010
9523	1.5354e-010
9524	1.5959e-010
9525	1.6156e-010
9526	1.6449e-010
9527	1.7016e-010
9528	1.7302e-010
9529	1.7441e-010
9530	1.8074e-010
9531	1.8491e-010
9532	1.886e-010
9533	1.9132e-010
9534	1.9669e-010
9535	2.0149e-010
9536	2.0611e-010
9537	2.1036e-010
9538	2.15e-010
9539	2.2003e-010
9540	2.2435e-010
9541	2.3018e-010
9542	2.3541e-010
9543	2.4064e-010
9544	2.4606e-010
9545	2.5158e-010
9546	2.5727e-010
9547	2.6255e-010
9548	2.6878e-010
9549	2.752e-010
9550	2.8191e-010
9551	2.8962e-010
9552	2.9611e-010
9553	3.0024e-010
9554	3.0634e-010
9555	3.1897e-010
9556	3.1998e-010
9557	3.0769e-010
9558	3.0206e-010
9559	2.997e-010
9560	2.9491e-010
9561	2.8833e-010
9562	2.8122e-010
9563	2.7453e-010
9564	2.6758e-010
9565	2.6353e-010
9566	2.5817e-010
9567	2.5313e-010
9568	2.4837e-010
9569	2.4338e-010
9570	2.385e-010
9571	2.3028e-010
9572	2.2923e-010
9573	2.2516e-010
9574	2.2148e-010
9575	2.1845e-010
9576	2.1613e-010
9577	2.1435e-010
9578	2.0311e-010
9579	2.1027e-010
9580	2.0302e-010
9581	2.0714e-010
9582	1.9385e-010
9583	1.9715e-010
9584	1.9707e-010
9585	1.7641e-010
9586	1.7293e-010
9587	1.9295e-010
9588	1.698e-010
9589	1.6982e-010
9590	1.8852e-010
9591	1.7661e-010
9592	1.9194e-010
9593	1.5392e-010
9594	1.6171e-010
9595	1.4367e-010
9596	1.374e-010
9597	1.544e-010
9598	1.3265e-010
9599	1.4146e-010
9600	1.252e-010
9601	1.3166e-010
9602	1.1806e-010
9603	1.1971e-010
9604	1.1621e-010
9605	1.1027e-010
9606	1.2641e-010
9607	1.1531e-010
9608	1.2364e-010
9609	1.0144e-010
9610	1.0659e-010
9611	1.1115e-010
9612	1.0482e-010
9613	1.2217e-010
9614	1.3279e-010
9615	1.4905e-010
9616	1.725e-010
9617	2.5043e-010
9618	2.6703e-010
9619	3.0442e-010
9620	3.0577e-010
9621	5.6313e-011
9622	5.5992e-011
9623	5.5755e-011
9624	5.7109e-011
9625	5.9085e-011
9626	6.0881e-011
9627	6.2128e-011
9628	6.3767e-011
9629	6.644e-011
9630	6.6646e-011
9631	6.8085e-011
9632	7.0255e-011
9633	7.1287e-011
9634	7.4377e-011
9635	7.4639e-011
9636	7.6558e-011
9637	7.8046e-011
9638	7.9863e-011
9639	8.1971e-011
9640	8.3435e-011
9641	8.5986e-011
9642	8.7246e-011
9643	8.997e-011
9644	9.1315e-011
9645	9.3894e-011
9646	9.5656e-011
9647	9.7697e-011
9648	1.0099e-010
9649	1.022e-010
9650	1.0607e-010
9651	1.0694e-010
9652	1.0942e-010
9653	1.1278e-010
9654	1.1435e-010
9655	1.173e-010
9656	1.2035e-010
9657	1.2208e-010
9658	1.2537e-010
9659	1.2878e-010
9660	1.3116e-010
9661	1.337e-010
9662	1.3731e-010
9663	1.4058e-010
9664	1.4351e-010
9665	1.4634e-010
9666	1.4936e-010
9667	1.5315e-010
9668	1.5678e-010
9669	1.6039e-010
9670	1.6398e-010
9671	1.6766e-010
9672	1.7128e-010
9673	1.751e-010
9674	1.79e-010
9675	1.831e-010
9676	1.8742e-010
9677	1.9158e-010
9678	1.962e-010
9679	2.0082e-010
9680	2.0515e-010
9681	2.0908e-010
9682	2.1471e-010
9683	2.2049e-010
9684	2.2589e-010
9685	2.296e-010
9686	2.3033e-010
9687	2.2709e-010
9688	2.2268e-010
9689	2.1654e-010
9690	2.112e-010
9691	2.0821e-010
9692	2.0435e-010
9693	1.9952e-010
9694	1.9471e-010
9695	1.9072e-010
9696	1.8616e-010
9697	1.8239e-010
9698	1.7882e-010
9699	1.7535e-010
9700	1.7224e-010
9701	1.6936e-010
9702	1.6635e-010
9703	1.642e-010
9704	1.6069e-010
9705	1.5435e-010
9706	1.5473e-010
9707	1.5832e-010
9708	1.6007e-010
9709	1.5448e-010
9710	1.4173e-010
9711	1.4874e-010
9712	1.6027e-010
9713	1.421e-010
9714	1.3625e-010
9715	1.3906e-010
9716	1.287e-010
9717	1.3196e-010
9718	1.4024e-010
9719	1.2104e-010
9720	1.3069e-010
9721	1.5748e-010
9722	1.3029e-010
9723	1.295e-010
9724	1.1117e-010
9725	1.0229e-010
9726	1.0517e-010
9727	1.0552e-010
9728	1.0765e-010
9729	9.6707e-011
9730	9.8821e-011
9731	9.0144e-011
9732	8.8683e-011
9733	8.4167e-011
9734	8.1877e-011
9735	8.154e-011
9736	8.646e-011
9737	9.8251e-011
9738	8.3131e-011
9739	7.8259e-011
9740	7.3095e-011
9741	7.7387e-011
9742	8.1565e-011
9743	8.1704e-011
9744	1.0277e-010
9745	1.0763e-010
9746	1.4782e-010
9747	2.0438e-010
9748	2.5094e-010
9749	2.7271e-010
9750	3.0829e-010
9751	5.6232e-011
9752	5.5917e-011
9753	5.5709e-011
9754	5.7053e-011
9755	5.9069e-011
9756	6.0886e-011
9757	6.212e-011
9758	6.3731e-011
9759	6.6371e-011
9760	6.6569e-011
9761	6.8023e-011
9762	7.023e-011
9763	7.1252e-011
9764	7.4349e-011
9765	7.4604e-011
9766	7.6536e-011
9767	7.7999e-011
9768	7.9772e-011
9769	8.1842e-011
9770	8.3356e-011
9771	8.5971e-011
9772	8.7255e-011
9773	8.9953e-011
9774	9.1294e-011
9775	9.3827e-011
9776	9.5591e-011
9777	9.7593e-011
9778	1.0093e-010
9779	1.0216e-010
9780	1.0602e-010
9781	1.0689e-010
9782	1.0933e-010
9783	1.127e-010
9784	1.1423e-010
9785	1.1725e-010
9786	1.2027e-010
9787	1.2228e-010
9788	1.2512e-010
9789	1.2923e-010
9790	1.3093e-010
9791	1.3367e-010
9792	1.3706e-010
9793	1.4039e-010
9794	1.4348e-010
9795	1.4636e-010
9796	1.4946e-010
9797	1.5318e-010
9798	1.5657e-010
9799	1.6018e-010
9800	1.6381e-010
9801	1.6747e-010
9802	1.7112e-010
9803	1.7489e-010
9804	1.7893e-010
9805	1.8292e-010
9806	1.8743e-010
9807	1.9177e-010
9808	1.9622e-010
9809	2.0079e-010
9810	2.0537e-010
9811	2.0916e-010
9812	2.1468e-010
9813	2.2067e-010
9814	2.2607e-010
9815	2.2967e-010
9816	2.302e-010
9817	2.2707e-010
9818	2.2253e-010
9819	2.1673e-010
9820	2.1045e-010
9821	2.0754e-010
9822	2.0313e-010
9823	1.9916e-010
9824	1.946e-010
9825	1.9083e-010
9826	1.8628e-010
9827	1.824e-010
9828	1.7876e-010
9829	1.7512e-010
9830	1.7271e-010
9831	1.6828e-010
9832	1.6688e-010
9833	1.6397e-010
9834	1.6116e-010
9835	1.5473e-010
9836	1.5514e-010
9837	1.5812e-010
9838	1.601e-010
9839	1.5442e-010
9840	1.4168e-010
9841	1.4875e-010
9842	1.6035e-010
9843	1.4217e-010
9844	1.363e-010
9845	1.3911e-010
9846	1.2867e-010
9847	1.3201e-010
9848	1.4032e-010
9849	1.2113e-010
9850	1.3078e-010
9851	1.5759e-010
9852	1.3039e-010
9853	1.2962e-010
9854	1.1127e-010
9855	1.0245e-010
9856	1.0528e-010
9857	1.0565e-010
9858	1.0776e-010
9859	9.6818e-011
9860	9.8936e-011
9861	9.0248e-011
9862	8.8798e-011
9863	8.4283e-011
9864	8.1958e-011
9865	8.1624e-011
9866	8.6484e-011
9867	9.8292e-011
9868	8.316e-011
9869	7.8308e-011
9870	7.3137e-011
9871	7.741e-011
9872	8.1602e-011
9873	8.1729e-011
9874	1.028e-010
9875	1.0765e-010
9876	1.4784e-010
9877	2.044e-010
9878	2.5099e-010
9879	2.7278e-010
9880	3.0833e-010
9881	7.5473e-011
9882	7.7066e-011
9883	7.8983e-011
9884	7.9967e-011
9885	8.2061e-011
9886	8.3821e-011
9887	8.6393e-011
9888	8.9067e-011
9889	8.9033e-011
9890	9.3417e-011
9891	9.4799e-011
9892	9.5664e-011
9893	1.0053e-010
9894	9.9787e-011
9895	1.0484e-010
9896	1.0521e-010
9897	1.0825e-010
9898	1.1059e-010
9899	1.1234e-010
9900	1.163e-010
9901	1.1728e-010
9902	1.219e-010
9903	1.228e-010
9904	1.2735e-010
9905	1.2869e-010
9906	1.3223e-010
9907	1.3603e-010
9908	1.3704e-010
9909	1.4344e-010
9910	1.4318e-010
9911	1.4937e-010
9912	1.5157e-010
9913	1.5343e-010
9914	1.5956e-010
9915	1.6151e-010
9916	1.6456e-010
9917	1.7022e-010
9918	1.7367e-010
9919	1.7473e-010
9920	1.8097e-010
9921	1.8469e-010
9922	1.8817e-010
9923	1.9103e-010
9924	1.9658e-010
9925	2.0151e-010
9926	2.0631e-010
9927	2.104e-010
9928	2.1484e-010
9929	2.1987e-010
9930	2.2418e-010
9931	2.2992e-010
9932	2.3505e-010
9933	2.4059e-010
9934	2.4592e-010
9935	2.5153e-010
9936	2.5726e-010
9937	2.6254e-010
9938	2.6881e-010
9939	2.752e-010
9940	2.8192e-010
9941	2.8972e-010
9942	2.9622e-010
9943	3.0037e-010
9944	3.0653e-010
9945	3.1918e-010
9946	3.1991e-010
9947	3.0768e-010
9948	3.0181e-010
9949	2.9943e-010
9950	2.9363e-010
9951	2.8567e-010
9952	2.7918e-010
9953	2.7328e-010
9954	2.6751e-010
9955	2.6368e-010
9956	2.583e-010
9957	2.5312e-010
9958	2.4815e-010
9959	2.4322e-010
9960	2.3749e-010
9961	2.3161e-010
9962	2.2838e-010
9963	2.2538e-010
9964	2.2255e-010
9965	2.2032e-010
9966	2.1693e-010
9967	2.1436e-010
9968	2.0303e-010
9969	2.1024e-010
9970	2.0305e-010
9971	2.0721e-010
9972	1.939e-010
9973	1.9717e-010
9974	1.9711e-010
9975	1.7653e-010
9976	1.7287e-010
9977	1.93e-010
9978	1.699e-010
9979	1.6988e-010
9980	1.8868e-010
9981	1.7679e-010
9982	1.9215e-010
9983	1.5411e-010
9984	1.6195e-010
9985	1.4395e-010
9986	1.377e-010
9987	1.5463e-010
9988	1.329e-010
9989	1.4169e-010
9990	1.2536e-010
9991	1.3187e-010
9992	1.1827e-010
9993	1.1994e-010
9994	1.1638e-010
9995	1.1037e-010
9996	1.2655e-010
9997	1.1543e-010
9998	1.2374e-010
9999	1.0152e-010
10000	1.0668e-010
10001	1.1123e-010
10002	1.0484e-010
10003	1.2223e-010
10004	1.3283e-010
10005	1.4906e-010
10006	1.7249e-010
10007	2.5045e-010
10008	2.6711e-010
10009	3.0449e-010
10010	3.0587e-010
10011	5.6232e-011
10012	5.5917e-011
10013	5.5709e-011
10014	5.7052e-011
10015	5.9067e-011
10016	6.0886e-011
10017	6.212e-011
10018	6.3731e-011
10019	6.6371e-011
10020	6.6569e-011
10021	6.8023e-011
10022	7.023e-011
10023	7.1252e-011
10024	7.4349e-011
10025	7.4604e-011
10026	7.6536e-011
10027	7.7999e-011
10028	7.9772e-011
10029	8.1842e-011
10030	8.3357e-011
10031	8.5967e-011
10032	8.725e-011
10033	8.9953e-011
10034	9.1294e-011
10035	9.3824e-011
10036	9.5588e-011
10037	9.7593e-011
10038	1.0093e-010
10039	1.0216e-010
10040	1.0602e-010
10041	1.0689e-010
10042	1.0933e-010
10043	1.127e-010
10044	1.1423e-010
10045	1.1725e-010
10046	1.2026e-010
10047	1.2228e-010
10048	1.2516e-010
10049	1.2921e-010
10050	1.3097e-010
10051	1.3364e-010
10052	1.3706e-010
10053	1.4036e-010
10054	1.4349e-010
10055	1.4635e-010
10056	1.4944e-010
10057	1.5318e-010
10058	1.5657e-010
10059	1.6018e-010
10060	1.6381e-010
10061	1.6747e-010
10062	1.7112e-010
10063	1.7488e-010
10064	1.7893e-010
10065	1.8292e-010
10066	1.8743e-010
10067	1.9177e-010
10068	1.9622e-010
10069	2.0079e-010
10070	2.0537e-010
10071	2.0916e-010
10072	2.1469e-010
10073	2.2066e-010
10074	2.2607e-010
10075	2.2967e-010
10076	2.3019e-010
10077	2.2707e-010
10078	2.2253e-010
10079	2.1671e-010
10080	2.1039e-010
10081	2.075e-010
10082	2.0314e-010
10083	1.9916e-010
10084	1.946e-010
10085	1.9083e-010
10086	1.8628e-010
10087	1.8241e-010
10088	1.7877e-010
10089	1.7521e-010
10090	1.7229e-010
10091	1.6874e-010
10092	1.6635e-010
10093	1.6414e-010
10094	1.6112e-010
10095	1.5471e-010
10096	1.5518e-010
10097	1.5814e-010
10098	1.6005e-010
10099	1.5442e-010
10100	1.4168e-010
10101	1.4874e-010
10102	1.6033e-010
10103	1.4217e-010
10104	1.3629e-010
10105	1.391e-010
10106	1.2867e-010
10107	1.3201e-010
10108	1.4032e-010
10109	1.2113e-010
10110	1.3078e-010
10111	1.5759e-010
10112	1.3039e-010
10113	1.2962e-010
10114	1.1127e-010
10115	1.0245e-010
10116	1.0528e-010
10117	1.0565e-010
10118	1.0776e-010
10119	9.6818e-011
10120	9.8936e-011
10121	9.0248e-011
10122	8.8798e-011
10123	8.4281e-011
10124	8.1958e-011
10125	8.1625e-011
10126	8.6484e-011
10127	9.8293e-011
10128	8.3159e-011
10129	7.8308e-011
10130	7.3137e-011
10131	7.741e-011
10132	8.1602e-011
10133	8.1729e-011
10134	1.028e-010
10135	1.0765e-010
10136	1.4784e-010
10137	2.044e-010
10138	2.5099e-010
10139	2.7278e-010
10140	3.0833e-010
10141	5.6313e-011
10142	5.5992e-011
10143	5.5768e-011
10144	5.7107e-011
10145	5.9085e-011
10146	6.0881e-011
10147	6.2129e-011
10148	6.3767e-011
10149	6.644e-011
10150	6.6646e-011
10151	6.8085e-011
10152	7.0255e-011
10153	7.1287e-011
10154	7.4377e-011
10155	7.4639e-011
10156	7.6556e-011
10157	7.8044e-011
10158	7.9863e-011
10159	8.1971e-011
10160	8.3431e-011
10161	8.5987e-011
10162	8.7246e-011
10163	8.997e-011
10164	9.1315e-011
10165	9.3894e-011
10166	9.5656e-011
10167	9.7697e-011
10168	1.0099e-010
10169	1.0219e-010
10170	1.0607e-010
10171	1.0693e-010
10172	1.0943e-010
10173	1.1277e-010
10174	1.1434e-010
10175	1.173e-010
10176	1.203e-010
10177	1.2217e-010
10178	1.2526e-010
10179	1.2904e-010
10180	1.3103e-010
10181	1.3366e-010
10182	1.3733e-010
10183	1.4067e-010
10184	1.4326e-010
10185	1.4637e-010
10186	1.4938e-010
10187	1.5312e-010
10188	1.568e-010
10189	1.6039e-010
10190	1.6398e-010
10191	1.6766e-010
10192	1.7128e-010
10193	1.751e-010
10194	1.7899e-010
10195	1.8309e-010
10196	1.8742e-010
10197	1.9158e-010
10198	1.962e-010
10199	2.0082e-010
10200	2.0515e-010
10201	2.0908e-010
10202	2.1472e-010
10203	2.205e-010
10204	2.259e-010
10205	2.296e-010
10206	2.3032e-010
10207	2.2708e-010
10208	2.2267e-010
10209	2.1661e-010
10210	2.1089e-010
10211	2.0784e-010
10212	2.0414e-010
10213	1.9949e-010
10214	1.9471e-010
10215	1.9073e-010
10216	1.8614e-010
10217	1.8247e-010
10218	1.7881e-010
10219	1.7543e-010
10220	1.7165e-010
10221	1.6865e-010
10222	1.6592e-010
10223	1.6376e-010
10224	1.6062e-010
10225	1.5426e-010
10226	1.548e-010
10227	1.5826e-010
10228	1.6006e-010
10229	1.5441e-010
10230	1.4171e-010
10231	1.4875e-010
10232	1.6028e-010
10233	1.4214e-010
10234	1.3625e-010
10235	1.3903e-010
10236	1.2867e-010
10237	1.3195e-010
10238	1.4024e-010
10239	1.2104e-010
10240	1.3071e-010
10241	1.5748e-010
10242	1.3028e-010
10243	1.295e-010
10244	1.1116e-010
10245	1.0231e-010
10246	1.0517e-010
10247	1.0552e-010
10248	1.0765e-010
10249	9.6707e-011
10250	9.8832e-011
10251	9.0139e-011
10252	8.8682e-011
10253	8.4167e-011
10254	8.1876e-011
10255	8.1538e-011
10256	8.646e-011
10257	9.8251e-011
10258	8.3131e-011
10259	7.826e-011
10260	7.3095e-011
10261	7.7387e-011
10262	8.1565e-011
10263	8.1704e-011
10264	1.0277e-010
10265	1.0763e-010
10266	1.4782e-010
10267	2.0438e-010
10268	2.5094e-010
10269	2.7271e-010
10270	3.0829e-010
10271	7.5597e-011
10272	7.7186e-011
10273	7.9139e-011
10274	8.0117e-011
10275	8.2093e-011
10276	8.3848e-011
10277	8.6343e-011
10278	8.9098e-011
10279	8.9117e-011
10280	9.3527e-011
10281	9.4956e-011
10282	9.5757e-011
10283	1.0056e-010
10284	9.9795e-011
10285	1.0483e-010
10286	1.0528e-010
10287	1.0827e-010
10288	1.1079e-010
10289	1.1253e-010
10290	1.1638e-010
10291	1.173e-010
10292	1.2194e-010
10293	1.2276e-010
10294	1.2736e-010
10295	1.288e-010
10296	1.3245e-010
10297	1.3623e-010
10298	1.3719e-010
10299	1.4355e-010
10300	1.4322e-010
10301	1.495e-010
10302	1.5173e-010
10303	1.5355e-010
10304	1.596e-010
10305	1.6156e-010
10306	1.645e-010
10307	1.7013e-010
10308	1.7366e-010
10309	1.7524e-010
10310	1.8175e-010
10311	1.8573e-010
10312	1.8968e-010
10313	1.9172e-010
10314	1.9654e-010
10315	2.0145e-010
10316	2.0615e-010
10317	2.104e-010
10318	2.1499e-010
10319	2.2005e-010
10320	2.2436e-010
10321	2.3018e-010
10322	2.3541e-010
10323	2.4064e-010
10324	2.4603e-010
10325	2.516e-010
10326	2.5719e-010
10327	2.6255e-010
10328	2.6878e-010
10329	2.752e-010
10330	2.8191e-010
10331	2.8961e-010
10332	2.961e-010
10333	3.0021e-010
10334	3.0632e-010
10335	3.1898e-010
10336	3.1995e-010
10337	3.0769e-010
10338	3.021e-010
10339	2.9971e-010
10340	2.9458e-010
10341	2.8788e-010
10342	2.8115e-010
10343	2.7446e-010
10344	2.6758e-010
10345	2.6353e-010
10346	2.5819e-010
10347	2.5305e-010
10348	2.4855e-010
10349	2.4267e-010
10350	2.3642e-010
10351	2.2948e-010
10352	2.2707e-010
10353	2.238e-010
10354	2.2079e-010
10355	2.1856e-010
10356	2.161e-010
10357	2.1447e-010
10358	2.0299e-010
10359	2.1028e-010
10360	2.0312e-010
10361	2.0717e-010
10362	1.9385e-010
10363	1.9713e-010
10364	1.9709e-010
10365	1.7642e-010
10366	1.7289e-010
10367	1.9294e-010
10368	1.698e-010
10369	1.6983e-010
10370	1.8853e-010
10371	1.7659e-010
10372	1.9194e-010
10373	1.539e-010
10374	1.617e-010
10375	1.4366e-010
10376	1.3739e-010
10377	1.544e-010
10378	1.3265e-010
10379	1.4147e-010
10380	1.2521e-010
10381	1.3167e-010
10382	1.1805e-010
10383	1.1971e-010
10384	1.1619e-010
10385	1.1027e-010
10386	1.2641e-010
10387	1.1531e-010
10388	1.2364e-010
10389	1.0144e-010
10390	1.0659e-010
10391	1.1115e-010
10392	1.0482e-010
10393	1.2217e-010
10394	1.3279e-010
10395	1.4905e-010
10396	1.725e-010
10397	2.5042e-010
10398	2.6703e-010
10399	3.0442e-010
10400	3.0578e-010
10401	5.632e-011
10402	5.5992e-011
10403	5.5763e-011
10404	5.7107e-011
10405	5.9079e-011
10406	6.0865e-011
10407	6.2129e-011
10408	6.3778e-011
10409	6.6472e-011
10410	6.668e-011
10411	6.8116e-011
10412	7.0272e-011
10413	7.1291e-011
10414	7.4381e-011
10415	7.4654e-011
10416	7.6585e-011
10417	7.8071e-011
10418	7.9876e-011
10419	8.1957e-011
10420	8.3471e-011
10421	8.6015e-011
10422	8.7281e-011
10423	8.9985e-011
10424	9.1348e-011
10425	9.3917e-011
10426	9.5745e-011
10427	9.7736e-011
10428	1.0101e-010
10429	1.0222e-010
10430	1.0609e-010
10431	1.0706e-010
10432	1.0953e-010
10433	1.1279e-010
10434	1.1424e-010
10435	1.1726e-010
10436	1.2031e-010
10437	1.2223e-010
10438	1.2528e-010
10439	1.2911e-010
10440	1.3104e-010
10441	1.3372e-010
10442	1.3737e-010
10443	1.4062e-010
10444	1.4326e-010
10445	1.4642e-010
10446	1.4933e-010
10447	1.5313e-010
10448	1.5682e-010
10449	1.6039e-010
10450	1.6398e-010
10451	1.6767e-010
10452	1.713e-010
10453	1.7517e-010
10454	1.7906e-010
10455	1.8304e-010
10456	1.8736e-010
10457	1.9163e-010
10458	1.9616e-010
10459	2.0076e-010
10460	2.052e-010
10461	2.0897e-010
10462	2.1464e-010
10463	2.2044e-010
10464	2.2581e-010
10465	2.2961e-010
10466	2.3033e-010
10467	2.2703e-010
10468	2.2265e-010
10469	2.1655e-010
10470	2.108e-010
10471	2.0779e-010
10472	2.0419e-010
10473	1.9951e-010
10474	1.9476e-010
10475	1.9064e-010
10476	1.8613e-010
10477	1.8243e-010
10478	1.7884e-010
10479	1.7551e-010
10480	1.7168e-010
10481	1.687e-010
10482	1.6586e-010
10483	1.6375e-010
10484	1.6052e-010
10485	1.5421e-010
10486	1.5484e-010
10487	1.5826e-010
10488	1.5978e-010
10489	1.5434e-010
10490	1.4173e-010
10491	1.4872e-010
10492	1.6029e-010
10493	1.4212e-010
10494	1.363e-010
10495	1.3907e-010
10496	1.2864e-010
10497	1.3196e-010
10498	1.4026e-010
10499	1.2107e-010
10500	1.3075e-010
10501	1.575e-010
10502	1.3028e-010
10503	1.2948e-010
10504	1.1115e-010
10505	1.0228e-010
10506	1.0515e-010
10507	1.0553e-010
10508	1.0761e-010
10509	9.6702e-011
10510	9.8822e-011
10511	9.0154e-011
10512	8.8653e-011
10513	8.4174e-011
10514	8.186e-011
10515	8.1553e-011
10516	8.6451e-011
10517	9.8257e-011
10518	8.3125e-011
10519	7.827e-011
10520	7.3115e-011
10521	7.7386e-011
10522	8.1596e-011
10523	8.1716e-011
10524	1.0277e-010
10525	1.0764e-010
10526	1.4782e-010
10527	2.0436e-010
10528	2.5091e-010
10529	2.7267e-010
10530	3.0822e-010
10531	5.632e-011
10532	5.5995e-011
10533	5.5758e-011
10534	5.7101e-011
10535	5.9081e-011
10536	6.0865e-011
10537	6.2132e-011
10538	6.3782e-011
10539	6.6472e-011
10540	6.6682e-011
10541	6.8118e-011
10542	7.0271e-011
10543	7.1293e-011
10544	7.4383e-011
10545	7.4658e-011
10546	7.6588e-011
10547	7.8071e-011
10548	7.9882e-011
10549	8.1962e-011
10550	8.3474e-011
10551	8.5999e-011
10552	8.7287e-011
10553	8.9988e-011
10554	9.1348e-011
10555	9.392e-011
10556	9.5725e-011
10557	9.7738e-011
10558	1.0102e-010
10559	1.022e-010
10560	1.0609e-010
10561	1.0706e-010
10562	1.0953e-010
10563	1.1277e-010
10564	1.1425e-010
10565	1.1726e-010
10566	1.2031e-010
10567	1.2223e-010
10568	1.2527e-010
10569	1.2915e-010
10570	1.3107e-010
10571	1.3371e-010
10572	1.372e-010
10573	1.4034e-010
10574	1.4292e-010
10575	1.4625e-010
10576	1.4938e-010
10577	1.5314e-010
10578	1.5682e-010
10579	1.6036e-010
10580	1.6394e-010
10581	1.6767e-010
10582	1.713e-010
10583	1.7513e-010
10584	1.7906e-010
10585	1.8305e-010
10586	1.8737e-010
10587	1.916e-010
10588	1.9616e-010
10589	2.0076e-010
10590	2.052e-010
10591	2.0898e-010
10592	2.1464e-010
10593	2.2053e-010
10594	2.2582e-010
10595	2.2968e-010
10596	2.3037e-010
10597	2.2701e-010
10598	2.2245e-010
10599	2.1609e-010
10600	2.1039e-010
10601	2.0765e-010
10602	2.042e-010
10603	1.9953e-010
10604	1.9476e-010
10605	1.9063e-010
10606	1.8618e-010
10607	1.8226e-010
10608	1.7875e-010
10609	1.7506e-010
10610	1.7231e-010
10611	1.6888e-010
10612	1.6624e-010
10613	1.6403e-010
10614	1.6061e-010
10615	1.5426e-010
10616	1.5457e-010
10617	1.5806e-010
10618	1.5935e-010
10619	1.546e-010
10620	1.4164e-010
10621	1.488e-010
10622	1.6025e-010
10623	1.4212e-010
10624	1.3626e-010
10625	1.3907e-010
10626	1.2864e-010
10627	1.3196e-010
10628	1.4024e-010
10629	1.2108e-010
10630	1.3075e-010
10631	1.575e-010
10632	1.3028e-010
10633	1.2949e-010
10634	1.1112e-010
10635	1.0226e-010
10636	1.0515e-010
10637	1.0553e-010
10638	1.0762e-010
10639	9.6683e-011
10640	9.8823e-011
10641	9.0136e-011
10642	8.8658e-011
10643	8.4174e-011
10644	8.1863e-011
10645	8.1555e-011
10646	8.6451e-011
10647	9.8258e-011
10648	8.3128e-011
10649	7.827e-011
10650	7.3103e-011
10651	7.7392e-011
10652	8.1596e-011
10653	8.1716e-011
10654	1.0277e-010
10655	1.0764e-010
10656	1.4782e-010
10657	2.0436e-010
10658	2.5091e-010
10659	2.7268e-010
10660	3.0823e-010
10661	7.5618e-011
10662	7.7176e-011
10663	7.9138e-011
10664	8.012e-011
10665	8.2101e-011
10666	8.3846e-011
10667	8.6337e-011
10668	8.9113e-011
10669	8.9114e-011
10670	9.3523e-011
10671	9.4955e-011
10672	9.5755e-011
10673	1.0058e-010
10674	9.9796e-011
10675	1.0484e-010
10676	1.0528e-010
10677	1.0827e-010
10678	1.1078e-010
10679	1.1252e-010
10680	1.1637e-010
10681	1.1728e-010
10682	1.2195e-010
10683	1.2277e-010
10684	1.2735e-010
10685	1.288e-010
10686	1.3245e-010
10687	1.3622e-010
10688	1.3719e-010
10689	1.4359e-010
10690	1.4324e-010
10691	1.4949e-010
10692	1.5174e-010
10693	1.5354e-010
10694	1.5959e-010
10695	1.6155e-010
10696	1.645e-010
10697	1.7012e-010
10698	1.737e-010
10699	1.7526e-010
10700	1.8174e-010
10701	1.8576e-010
10702	1.8947e-010
10703	1.9188e-010
10704	1.9704e-010
10705	2.0177e-010
10706	2.062e-010
10707	2.1043e-010
10708	2.1495e-010
10709	2.2006e-010
10710	2.2433e-010
10711	2.3017e-010
10712	2.3538e-010
10713	2.4063e-010
10714	2.4614e-010
10715	2.5157e-010
10716	2.5726e-010
10717	2.6254e-010
10718	2.6877e-010
10719	2.7524e-010
10720	2.819e-010
10721	2.8959e-010
10722	2.961e-010
10723	3.0025e-010
10724	3.0633e-010
10725	3.1903e-010
10726	3.1997e-010
10727	3.0766e-010
10728	3.0184e-010
10729	2.9902e-010
10730	2.9408e-010
10731	2.8766e-010
10732	2.8107e-010
10733	2.7441e-010
10734	2.6757e-010
10735	2.6354e-010
10736	2.5817e-010
10737	2.5315e-010
10738	2.4756e-010
10739	2.4204e-010
10740	2.3649e-010
10741	2.2996e-010
10742	2.273e-010
10743	2.2405e-010
10744	2.21e-010
10745	2.185e-010
10746	2.1604e-010
10747	2.1374e-010
10748	2.0245e-010
10749	2.1003e-010
10750	2.0325e-010
10751	2.0715e-010
10752	1.9386e-010
10753	1.9717e-010
10754	1.971e-010
10755	1.7645e-010
10756	1.7287e-010
10757	1.9295e-010
10758	1.6981e-010
10759	1.6981e-010
10760	1.8852e-010
10761	1.7661e-010
10762	1.9194e-010
10763	1.5389e-010
10764	1.6171e-010
10765	1.4364e-010
10766	1.3738e-010
10767	1.544e-010
10768	1.3265e-010
10769	1.4146e-010
10770	1.2519e-010
10771	1.3167e-010
10772	1.181e-010
10773	1.1974e-010
10774	1.162e-010
10775	1.1029e-010
10776	1.2642e-010
10777	1.1529e-010
10778	1.2363e-010
10779	1.0144e-010
10780	1.0658e-010
10781	1.1114e-010
10782	1.048e-010
10783	1.222e-010
10784	1.3279e-010
10785	1.4905e-010
10786	1.7249e-010
10787	2.5047e-010
10788	2.6701e-010
10789	3.0441e-010
10790	3.0579e-010
10791	5.6322e-011
10792	5.5995e-011
10793	5.576e-011
10794	5.7111e-011
10795	5.9076e-011
10796	6.087e-011
10797	6.2129e-011
10798	6.3772e-011
10799	6.6446e-011
10800	6.6637e-011
10801	6.8084e-011
10802	7.0256e-011
10803	7.1297e-011
10804	7.4371e-011
10805	7.4625e-011
10806	7.6559e-011
10807	7.8046e-011
10808	7.9867e-011
10809	8.1973e-011
10810	8.3429e-011
10811	8.597e-011
10812	8.7251e-011
10813	8.9975e-011
10814	9.1305e-011
10815	9.3884e-011
10816	9.5663e-011
10817	9.7701e-011
10818	1.0099e-010
10819	1.022e-010
10820	1.0607e-010
10821	1.0694e-010
10822	1.0942e-010
10823	1.1278e-010
10824	1.1433e-010
10825	1.1731e-010
10826	1.203e-010
10827	1.2217e-010
10828	1.2524e-010
10829	1.2907e-010
10830	1.3105e-010
10831	1.3366e-010
10832	1.373e-010
10833	1.4053e-010
10834	1.4378e-010
10835	1.4644e-010
10836	1.4957e-010
10837	1.5309e-010
10838	1.5681e-010
10839	1.6037e-010
10840	1.6397e-010
10841	1.6766e-010
10842	1.7126e-010
10843	1.7514e-010
10844	1.7902e-010
10845	1.831e-010
10846	1.8743e-010
10847	1.9158e-010
10848	1.9622e-010
10849	2.0082e-010
10850	2.0516e-010
10851	2.0909e-010
10852	2.1471e-010
10853	2.2048e-010
10854	2.2585e-010
10855	2.2968e-010
10856	2.3025e-010
10857	2.271e-010
10858	2.2248e-010
10859	2.16e-010
10860	2.1042e-010
10861	2.076e-010
10862	2.0413e-010
10863	1.9948e-010
10864	1.9471e-010
10865	1.9071e-010
10866	1.8625e-010
10867	1.8223e-010
10868	1.7876e-010
10869	1.7497e-010
10870	1.7238e-010
10871	1.6874e-010
10872	1.664e-010
10873	1.6396e-010
10874	1.6072e-010
10875	1.5427e-010
10876	1.5457e-010
10877	1.5812e-010
10878	1.5934e-010
10879	1.5455e-010
10880	1.4164e-010
10881	1.4882e-010
10882	1.6027e-010
10883	1.4212e-010
10884	1.3627e-010
10885	1.3902e-010
10886	1.2865e-010
10887	1.3198e-010
10888	1.4022e-010
10889	1.2103e-010
10890	1.3069e-010
10891	1.5748e-010
10892	1.3029e-010
10893	1.295e-010
10894	1.1117e-010
10895	1.023e-010
10896	1.0517e-010
10897	1.0552e-010
10898	1.0765e-010
10899	9.6704e-011
10900	9.8825e-011
10901	9.0159e-011
10902	8.8695e-011
10903	8.4177e-011
10904	8.1858e-011
10905	8.1544e-011
10906	8.6466e-011
10907	9.8251e-011
10908	8.3132e-011
10909	7.8261e-011
10910	7.3095e-011
10911	7.7369e-011
10912	8.1576e-011
10913	8.1712e-011
10914	1.0277e-010
10915	1.0761e-010
10916	1.4782e-010
10917	2.0437e-010
10918	2.5092e-010
10919	2.7271e-010
10920	3.083e-010
10921	5.6234e-011
10922	5.5925e-011
10923	5.5715e-011
10924	5.7047e-011
10925	5.907e-011
10926	6.0889e-011
10927	6.2127e-011
10928	6.3729e-011
10929	6.6382e-011
10930	6.6585e-011
10931	6.8041e-011
10932	7.0241e-011
10933	7.1254e-011
10934	7.4352e-011
10935	7.462e-011
10936	7.6522e-011
10937	7.7991e-011
10938	7.9764e-011
10939	8.1833e-011
10940	8.3371e-011
10941	8.5944e-011
10942	8.7265e-011
10943	8.9955e-011
10944	9.13e-011
10945	9.3833e-011
10946	9.5572e-011
10947	9.7606e-011
10948	1.0091e-010
10949	1.0215e-010
10950	1.0602e-010
10951	1.0688e-010
10952	1.0935e-010
10953	1.1268e-010
10954	1.1422e-010
10955	1.1723e-010
10956	1.2028e-010
10957	1.2225e-010
10958	1.2529e-010
10959	1.2916e-010
10960	1.3102e-010
10961	1.3355e-010
10962	1.3703e-010
10963	1.4034e-010
10964	1.4345e-010
10965	1.4635e-010
10966	1.4931e-010
10967	1.5321e-010
10968	1.5643e-010
10969	1.6023e-010
10970	1.6383e-010
10971	1.675e-010
10972	1.711e-010
10973	1.7492e-010
10974	1.7891e-010
10975	1.8296e-010
10976	1.8739e-010
10977	1.9171e-010
10978	1.9624e-010
10979	2.0082e-010
10980	2.054e-010
10981	2.0914e-010
10982	2.1474e-010
10983	2.2064e-010
10984	2.2599e-010
10985	2.297e-010
10986	2.2973e-010
10987	2.2684e-010
10988	2.2225e-010
10989	2.1674e-010
10990	2.1042e-010
10991	2.0787e-010
10992	2.0404e-010
10993	1.9949e-010
10994	1.9474e-010
10995	1.9073e-010
10996	1.8634e-010
10997	1.824e-010
10998	1.7884e-010
10999	1.7536e-010
11000	1.717e-010
11001	1.6929e-010
11002	1.6575e-010
11003	1.6406e-010
11004	1.6075e-010
11005	1.5422e-010
11006	1.5477e-010
11007	1.5849e-010
11008	1.5952e-010
11009	1.5459e-010
11010	1.416e-010
11011	1.4884e-010
11012	1.6029e-010
11013	1.4219e-010
11014	1.3627e-010
11015	1.391e-010
11016	1.2867e-010
11017	1.3199e-010
11018	1.4031e-010
11019	1.2111e-010
11020	1.3079e-010
11021	1.5758e-010
11022	1.3041e-010
11023	1.2963e-010
11024	1.1127e-010
11025	1.0246e-010
11026	1.0529e-010
11027	1.0566e-010
11028	1.0775e-010
11029	9.6808e-011
11030	9.8942e-011
11031	9.024e-011
11032	8.8794e-011
11033	8.4291e-011
11034	8.1946e-011
11035	8.1616e-011
11036	8.6493e-011
11037	9.8296e-011
11038	8.3159e-011
11039	7.8312e-011
11040	7.3133e-011
11041	7.7399e-011
11042	8.1605e-011
11043	8.1716e-011
11044	1.0279e-010
11045	1.0764e-010
11046	1.4785e-010
11047	2.0442e-010
11048	2.5099e-010
11049	2.7278e-010
11050	3.0834e-010
11051	7.5487e-011
11052	7.7072e-011
11053	7.8967e-011
11054	7.9984e-011
11055	8.2068e-011
11056	8.3843e-011
11057	8.6375e-011
11058	8.9044e-011
11059	8.9032e-011
11060	9.3425e-011
11061	9.4794e-011
11062	9.5676e-011
11063	1.0057e-010
11064	9.9795e-011
11065	1.0484e-010
11066	1.0522e-010
11067	1.0822e-010
11068	1.1064e-010
11069	1.1235e-010
11070	1.1631e-010
11071	1.1732e-010
11072	1.22e-010
11073	1.2279e-010
11074	1.2733e-010
11075	1.2874e-010
11076	1.3221e-010
11077	1.3605e-010
11078	1.37e-010
11079	1.4346e-010
11080	1.4316e-010
11081	1.4934e-010
11082	1.516e-010
11083	1.534e-010
11084	1.5953e-010
11085	1.615e-010
11086	1.6453e-010
11087	1.7025e-010
11088	1.7375e-010
11089	1.7513e-010
11090	1.8186e-010
11091	1.8553e-010
11092	1.8903e-010
11093	1.9188e-010
11094	1.9762e-010
11095	2.0251e-010
11096	2.0729e-010
11097	2.1088e-010
11098	2.1484e-010
11099	2.1976e-010
11100	2.2424e-010
11101	2.2996e-010
11102	2.3501e-010
11103	2.4057e-010
11104	2.4586e-010
11105	2.5157e-010
11106	2.5719e-010
11107	2.6278e-010
11108	2.6873e-010
11109	2.7532e-010
11110	2.8197e-010
11111	2.8977e-010
11112	2.9622e-010
11113	3.0045e-010
11114	3.0642e-010
11115	3.1906e-010
11116	3.2038e-010
11117	3.0872e-010
11118	3.033e-010
11119	3.0085e-010
11120	2.9506e-010
11121	2.8769e-010
11122	2.8134e-010
11123	2.7447e-010
11124	2.6743e-010
11125	2.6376e-010
11126	2.5828e-010
11127	2.5316e-010
11128	2.4804e-010
11129	2.4318e-010
11130	2.3838e-010
11131	2.2897e-010
11132	2.2856e-010
11133	2.2399e-010
11134	2.2099e-010
11135	2.185e-010
11136	2.1615e-010
11137	2.1431e-010
11138	2.0276e-010
11139	2.1006e-010
11140	2.031e-010
11141	2.072e-010
11142	1.9386e-010
11143	1.9718e-010
11144	1.9708e-010
11145	1.7641e-010
11146	1.7291e-010
11147	1.9297e-010
11148	1.6984e-010
11149	1.6991e-010
11150	1.8866e-010
11151	1.7674e-010
11152	1.9215e-010
11153	1.5412e-010
11154	1.6198e-010
11155	1.4393e-010
11156	1.3767e-010
11157	1.5464e-010
11158	1.3287e-010
11159	1.4172e-010
11160	1.2538e-010
11161	1.3184e-010
11162	1.1827e-010
11163	1.1992e-010
11164	1.1636e-010
11165	1.1039e-010
11166	1.2653e-010
11167	1.154e-010
11168	1.2371e-010
11169	1.0147e-010
11170	1.0668e-010
11171	1.1121e-010
11172	1.0482e-010
11173	1.2222e-010
11174	1.328e-010
11175	1.4909e-010
11176	1.7257e-010
11177	2.5047e-010
11178	2.6707e-010
11179	3.0448e-010
11180	3.0588e-010
11181	5.6238e-011
11182	5.5912e-011
11183	5.5717e-011
11184	5.7049e-011
11185	5.9058e-011
11186	6.088e-011
11187	6.2115e-011
11188	6.3728e-011
11189	6.6382e-011
11190	6.6588e-011
11191	6.804e-011
11192	7.0224e-011
11193	7.126e-011
11194	7.4359e-011
11195	7.4617e-011
11196	7.652e-011
11197	7.7992e-011
11198	7.9753e-011
11199	8.1832e-011
11200	8.3369e-011
11201	8.5945e-011
11202	8.7247e-011
11203	8.9961e-011
11204	9.1306e-011
11205	9.3834e-011
11206	9.5571e-011
11207	9.7607e-011
11208	1.0092e-010
11209	1.0213e-010
11210	1.0603e-010
11211	1.0685e-010
11212	1.0935e-010
11213	1.1269e-010
11214	1.1423e-010
11215	1.1723e-010
11216	1.2029e-010
11217	1.2226e-010
11218	1.2517e-010
11219	1.2922e-010
11220	1.3095e-010
11221	1.3356e-010
11222	1.3701e-010
11223	1.4034e-010
11224	1.4346e-010
11225	1.4639e-010
11226	1.4932e-010
11227	1.5318e-010
11228	1.564e-010
11229	1.6026e-010
11230	1.6383e-010
11231	1.6751e-010
11232	1.711e-010
11233	1.7492e-010
11234	1.7891e-010
11235	1.8297e-010
11236	1.8737e-010
11237	1.9171e-010
11238	1.9624e-010
11239	2.0083e-010
11240	2.0541e-010
11241	2.0914e-010
11242	2.1474e-010
11243	2.206e-010
11244	2.2609e-010
11245	2.2943e-010
11246	2.3075e-010
11247	2.2693e-010
11248	2.2255e-010
11249	2.1658e-010
11250	2.1048e-010
11251	2.0784e-010
11252	2.0405e-010
11253	1.995e-010
11254	1.9475e-010
11255	1.9074e-010
11256	1.863e-010
11257	1.8238e-010
11258	1.7879e-010
11259	1.754e-010
11260	1.7232e-010
11261	1.6995e-010
11262	1.6646e-010
11263	1.6414e-010
11264	1.607e-010
11265	1.5422e-010
11266	1.5482e-010
11267	1.5828e-010
11268	1.5988e-010
11269	1.5437e-010
11270	1.4168e-010
11271	1.4876e-010
11272	1.6039e-010
11273	1.4213e-010
11274	1.3627e-010
11275	1.3908e-010
11276	1.2867e-010
11277	1.3199e-010
11278	1.4032e-010
11279	1.2112e-010
11280	1.308e-010
11281	1.5757e-010
11282	1.3041e-010
11283	1.2962e-010
11284	1.1128e-010
11285	1.0246e-010
11286	1.0529e-010
11287	1.0566e-010
11288	1.0777e-010
11289	9.6813e-011
11290	9.8947e-011
11291	9.024e-011
11292	8.8799e-011
11293	8.4291e-011
11294	8.1949e-011
11295	8.1618e-011
11296	8.6494e-011
11297	9.8292e-011
11298	8.3157e-011
11299	7.8313e-011
11300	7.3138e-011
11301	7.7399e-011
11302	8.1605e-011
11303	8.172e-011
11304	1.0279e-010
11305	1.0765e-010
11306	1.4785e-010
11307	2.0442e-010
11308	2.51e-010
11309	2.7276e-010
11310	3.0835e-010
11311	5.6324e-011
11312	5.5999e-011
11313	5.5764e-011
11314	5.7108e-011
11315	5.9085e-011
11316	6.0876e-011
11317	6.2137e-011
11318	6.3781e-011
11319	6.6433e-011
11320	6.6648e-011
11321	6.8078e-011
11322	7.025e-011
11323	7.1271e-011
11324	7.4362e-011
11325	7.4606e-011
11326	7.6553e-011
11327	7.8066e-011
11328	7.9862e-011
11329	8.1955e-011
11330	8.3444e-011
11331	8.599e-011
11332	8.7232e-011
11333	8.9969e-011
11334	9.1316e-011
11335	9.3873e-011
11336	9.5671e-011
11337	9.7712e-011
11338	1.0099e-010
11339	1.0219e-010
11340	1.0607e-010
11341	1.0693e-010
11342	1.0942e-010
11343	1.1279e-010
11344	1.1434e-010
11345	1.1732e-010
11346	1.2029e-010
11347	1.2216e-010
11348	1.2522e-010
11349	1.2892e-010
11350	1.3104e-010
11351	1.3365e-010
11352	1.3728e-010
11353	1.4056e-010
11354	1.4347e-010
11355	1.4634e-010
11356	1.4938e-010
11357	1.5314e-010
11358	1.5697e-010
11359	1.6021e-010
11360	1.64e-010
11361	1.6766e-010
11362	1.7127e-010
11363	1.751e-010
11364	1.7902e-010
11365	1.8304e-010
11366	1.8742e-010
11367	1.9163e-010
11368	1.9616e-010
11369	2.0086e-010
11370	2.0519e-010
11371	2.091e-010
11372	2.1471e-010
11373	2.2055e-010
11374	2.2572e-010
11375	2.2967e-010
11376	2.3007e-010
11377	2.2734e-010
11378	2.2248e-010
11379	2.1674e-010
11380	2.1059e-010
11381	2.0779e-010
11382	2.0401e-010
11383	1.995e-010
11384	1.9471e-010
11385	1.9068e-010
11386	1.8621e-010
11387	1.8237e-010
11388	1.7881e-010
11389	1.7534e-010
11390	1.7237e-010
11391	1.6902e-010
11392	1.6653e-010
11393	1.6413e-010
11394	1.6067e-010
11395	1.5424e-010
11396	1.5481e-010
11397	1.5829e-010
11398	1.6014e-010
11399	1.5448e-010
11400	1.4174e-010
11401	1.4876e-010
11402	1.6046e-010
11403	1.4211e-010
11404	1.3621e-010
11405	1.3904e-010
11406	1.2865e-010
11407	1.3198e-010
11408	1.4023e-010
11409	1.2105e-010
11410	1.3071e-010
11411	1.5749e-010
11412	1.303e-010
11413	1.2951e-010
11414	1.1116e-010
11415	1.0231e-010
11416	1.0514e-010
11417	1.0555e-010
11418	1.0765e-010
11419	9.6735e-011
11420	9.8835e-011
11421	9.0123e-011
11422	8.8702e-011
11423	8.4185e-011
11424	8.1869e-011
11425	8.1561e-011
11426	8.6459e-011
11427	9.8255e-011
11428	8.3126e-011
11429	7.8269e-011
11430	7.3092e-011
11431	7.738e-011
11432	8.1571e-011
11433	8.171e-011
11434	1.0276e-010
11435	1.0762e-010
11436	1.478e-010
11437	2.0436e-010
11438	2.5093e-010
11439	2.7271e-010
11440	3.0829e-010
11441	7.5605e-011
11442	7.7206e-011
11443	7.9137e-011
11444	8.0108e-011
11445	8.2109e-011
11446	8.3822e-011
11447	8.6329e-011
11448	8.9118e-011
11449	8.9121e-011
11450	9.3529e-011
11451	9.4927e-011
11452	9.5724e-011
11453	1.0059e-010
11454	9.981e-011
11455	1.0483e-010
11456	1.0527e-010
11457	1.0832e-010
11458	1.1079e-010
11459	1.1251e-010
11460	1.1637e-010
11461	1.173e-010
11462	1.2197e-010
11463	1.2276e-010
11464	1.2734e-010
11465	1.2878e-010
11466	1.3245e-010
11467	1.3626e-010
11468	1.3717e-010
11469	1.4358e-010
11470	1.4324e-010
11471	1.4948e-010
11472	1.5174e-010
11473	1.5351e-010
11474	1.5964e-010
11475	1.6155e-010
11476	1.645e-010
11477	1.7016e-010
11478	1.7341e-010
11479	1.7538e-010
11480	1.8164e-010
11481	1.8574e-010
11482	1.8956e-010
11483	1.9221e-010
11484	1.9764e-010
11485	2.0258e-010
11486	2.0717e-010
11487	2.1153e-010
11488	2.1562e-010
11489	2.1996e-010
11490	2.2435e-010
11491	2.3017e-010
11492	2.3541e-010
11493	2.4063e-010
11494	2.4609e-010
11495	2.5157e-010
11496	2.5722e-010
11497	2.6249e-010
11498	2.688e-010
11499	2.752e-010
11500	2.8188e-010
11501	2.8956e-010
11502	2.9614e-010
11503	3.0025e-010
11504	3.064e-010
11505	3.1886e-010
11506	3.2068e-010
11507	3.0921e-010
11508	3.0365e-010
11509	3.0117e-010
11510	2.9518e-010
11511	2.8763e-010
11512	2.8106e-010
11513	2.7443e-010
11514	2.676e-010
11515	2.6349e-010
11516	2.5815e-010
11517	2.5321e-010
11518	2.4837e-010
11519	2.4326e-010
11520	2.3848e-010
11521	2.3004e-010
11522	2.2868e-010
11523	2.2396e-010
11524	2.2103e-010
11525	2.1849e-010
11526	2.1613e-010
11527	2.144e-010
11528	2.0312e-010
11529	2.1033e-010
11530	2.0307e-010
11531	2.0714e-010
11532	1.9404e-010
11533	1.9711e-010
11534	1.9709e-010
11535	1.7642e-010
11536	1.7287e-010
11537	1.9295e-010
11538	1.698e-010
11539	1.6982e-010
11540	1.8851e-010
11541	1.766e-010
11542	1.9191e-010
11543	1.5391e-010
11544	1.6171e-010
11545	1.4366e-010
11546	1.374e-010
11547	1.5443e-010
11548	1.3268e-010
11549	1.415e-010
11550	1.2518e-010
11551	1.3164e-010
11552	1.1811e-010
11553	1.1973e-010
11554	1.162e-010
11555	1.1034e-010
11556	1.2642e-010
11557	1.1532e-010
11558	1.2362e-010
11559	1.0146e-010
11560	1.0655e-010
11561	1.1117e-010
11562	1.0479e-010
11563	1.222e-010
11564	1.3275e-010
11565	1.4905e-010
11566	1.725e-010
11567	2.5045e-010
11568	2.6697e-010
11569	3.0442e-010
11570	3.0576e-010
11571	5.6312e-011
11572	5.5998e-011
11573	5.5768e-011
11574	5.7112e-011
11575	5.9073e-011
11576	6.0878e-011
11577	6.2116e-011
11578	6.3795e-011
11579	6.647e-011
11580	6.6684e-011
11581	6.8115e-011
11582	7.0273e-011
11583	7.129e-011
11584	7.4397e-011
11585	7.4654e-011
11586	7.6587e-011
11587	7.807e-011
11588	7.988e-011
11589	8.198e-011
11590	8.3458e-011
11591	8.6023e-011
11592	8.7288e-011
11593	8.999e-011
11594	9.1308e-011
11595	9.3885e-011
11596	9.5717e-011
11597	9.7766e-011
11598	1.0103e-010
11599	1.0219e-010
11600	1.0612e-010
11601	1.07e-010
11602	1.095e-010
11603	1.1278e-010
11604	1.1428e-010
11605	1.1724e-010
11606	1.2033e-010
11607	1.2223e-010
11608	1.2525e-010
11609	1.2897e-010
11610	1.3102e-010
11611	1.337e-010
11612	1.3729e-010
11613	1.4058e-010
11614	1.4348e-010
11615	1.4627e-010
11616	1.4937e-010
11617	1.5316e-010
11618	1.5695e-010
11619	1.603e-010
11620	1.6401e-010
11621	1.6765e-010
11622	1.7128e-010
11623	1.7513e-010
11624	1.7909e-010
11625	1.8305e-010
11626	1.8733e-010
11627	1.9152e-010
11628	1.9614e-010
11629	2.008e-010
11630	2.0522e-010
11631	2.0895e-010
11632	2.1457e-010
11633	2.2052e-010
11634	2.2576e-010
11635	2.2961e-010
11636	2.2995e-010
11637	2.2726e-010
11638	2.2237e-010
11639	2.1677e-010
11640	2.1052e-010
11641	2.078e-010
11642	2.0403e-010
11643	1.9951e-010
11644	1.9476e-010
11645	1.9063e-010
11646	1.8618e-010
11647	1.8236e-010
11648	1.788e-010
11649	1.7548e-010
11650	1.7188e-010
11651	1.6957e-010
11652	1.6603e-010
11653	1.6416e-010
11654	1.6059e-010
11655	1.5427e-010
11656	1.5482e-010
11657	1.5826e-010
11658	1.6007e-010
11659	1.5445e-010
11660	1.4171e-010
11661	1.4872e-010
11662	1.6043e-010
11663	1.4211e-010
11664	1.3627e-010
11665	1.3907e-010
11666	1.2863e-010
11667	1.3197e-010
11668	1.4025e-010
11669	1.2111e-010
11670	1.3073e-010
11671	1.5749e-010
11672	1.3031e-010
11673	1.2947e-010
11674	1.1113e-010
11675	1.0228e-010
11676	1.0512e-010
11677	1.0553e-010
11678	1.0762e-010
11679	9.6684e-011
11680	9.8837e-011
11681	9.0152e-011
11682	8.8672e-011
11683	8.4188e-011
11684	8.1878e-011
11685	8.1552e-011
11686	8.6458e-011
11687	9.823e-011
11688	8.3129e-011
11689	7.8276e-011
11690	7.3083e-011
11691	7.7404e-011
11692	8.1559e-011
11693	8.1712e-011
11694	1.0277e-010
11695	1.0761e-010
11696	1.478e-010
11697	2.0438e-010
11698	2.5092e-010
11699	2.7268e-010
11700	3.0823e-010
11701	5.6312e-011
11702	5.6002e-011
11703	5.5774e-011
11704	5.7113e-011
11705	5.9073e-011
11706	6.088e-011
11707	6.2118e-011
11708	6.3797e-011
11709	6.6472e-011
11710	6.6684e-011
11711	6.8115e-011
11712	7.0273e-011
11713	7.129e-011
11714	7.4397e-011
11715	7.4657e-011
11716	7.6592e-011
11717	7.8075e-011
11718	7.9869e-011
11719	8.1982e-011
11720	8.3461e-011
11721	8.6009e-011
11722	8.7268e-011
11723	9.0001e-011
11724	9.1321e-011
11725	9.3888e-011
11726	9.5717e-011
11727	9.7766e-011
11728	1.0101e-010
11729	1.0219e-010
11730	1.0612e-010
11731	1.0701e-010
11732	1.0951e-010
11733	1.1278e-010
11734	1.1428e-010
11735	1.1724e-010
11736	1.2033e-010
11737	1.2222e-010
11738	1.2524e-010
11739	1.2901e-010
11740	1.3104e-010
11741	1.337e-010
11742	1.373e-010
11743	1.4053e-010
11744	1.4364e-010
11745	1.4597e-010
11746	1.4925e-010
11747	1.5288e-010
11748	1.5719e-010
11749	1.6023e-010
11750	1.6401e-010
11751	1.6765e-010
11752	1.7129e-010
11753	1.751e-010
11754	1.791e-010
11755	1.8306e-010
11756	1.8733e-010
11757	1.9153e-010
11758	1.9615e-010
11759	2.0081e-010
11760	2.0519e-010
11761	2.0891e-010
11762	2.1459e-010
11763	2.2045e-010
11764	2.2598e-010
11765	2.2934e-010
11766	2.3062e-010
11767	2.2687e-010
11768	2.2251e-010
11769	2.1673e-010
11770	2.1056e-010
11771	2.0779e-010
11772	2.0403e-010
11773	1.9951e-010
11774	1.9476e-010
11775	1.9063e-010
11776	1.8619e-010
11777	1.8236e-010
11778	1.7886e-010
11779	1.7528e-010
11780	1.7231e-010
11781	1.6918e-010
11782	1.6621e-010
11783	1.6387e-010
11784	1.6066e-010
11785	1.542e-010
11786	1.5481e-010
11787	1.5824e-010
11788	1.6007e-010
11789	1.5445e-010
11790	1.4167e-010
11791	1.4871e-010
11792	1.6043e-010
11793	1.4212e-010
11794	1.3627e-010
11795	1.3906e-010
11796	1.2867e-010
11797	1.3196e-010
11798	1.4026e-010
11799	1.2112e-010
11800	1.3074e-010
11801	1.5749e-010
11802	1.3028e-010
11803	1.2947e-010
11804	1.1112e-010
11805	1.0229e-010
11806	1.0512e-010
11807	1.0554e-010
11808	1.0761e-010
11809	9.6692e-011
11810	9.8839e-011
11811	9.0158e-011
11812	8.8676e-011
11813	8.4176e-011
11814	8.1884e-011
11815	8.1554e-011
11816	8.644e-011
11817	9.8232e-011
11818	8.3115e-011
11819	7.8281e-011
11820	7.3085e-011
11821	7.7408e-011
11822	8.1561e-011
11823	8.1712e-011
11824	1.0277e-010
11825	1.0761e-010
11826	1.478e-010
11827	2.0438e-010
11828	2.5092e-010
11829	2.7267e-010
11830	3.0824e-010
11831	7.5602e-011
11832	7.7213e-011
11833	7.9123e-011
11834	8.0114e-011
11835	8.2113e-011
11836	8.3811e-011
11837	8.6335e-011
11838	8.911e-011
11839	8.913e-011
11840	9.3523e-011
11841	9.4918e-011
11842	9.5713e-011
11843	1.0058e-010
11844	9.9801e-011
11845	1.0483e-010
11846	1.0528e-010
11847	1.0834e-010
11848	1.1078e-010
11849	1.125e-010
11850	1.1641e-010
11851	1.1728e-010
11852	1.2196e-010
11853	1.2274e-010
11854	1.2735e-010
11855	1.2879e-010
11856	1.3244e-010
11857	1.3627e-010
11858	1.3722e-010
11859	1.4356e-010
11860	1.4324e-010
11861	1.4946e-010
11862	1.5172e-010
11863	1.5354e-010
11864	1.5963e-010
11865	1.6155e-010
11866	1.6449e-010
11867	1.7012e-010
11868	1.7347e-010
11869	1.7536e-010
11870	1.8157e-010
11871	1.8575e-010
11872	1.8956e-010
11873	1.9222e-010
11874	1.9759e-010
11875	2.0223e-010
11876	2.0662e-010
11877	2.1149e-010
11878	2.1581e-010
11879	2.2004e-010
11880	2.2433e-010
11881	2.3019e-010
11882	2.3546e-010
11883	2.4061e-010
11884	2.4611e-010
11885	2.516e-010
11886	2.572e-010
11887	2.6245e-010
11888	2.6876e-010
11889	2.7522e-010
11890	2.819e-010
11891	2.8955e-010
11892	2.9613e-010
11893	3.0028e-010
11894	3.0687e-010
11895	3.2039e-010
11896	3.2158e-010
11897	3.0923e-010
11898	3.0357e-010
11899	3.0112e-010
11900	2.9511e-010
11901	2.8764e-010
11902	2.8107e-010
11903	2.7442e-010
11904	2.6757e-010
11905	2.635e-010
11906	2.5817e-010
11907	2.5319e-010
11908	2.4826e-010
11909	2.4346e-010
11910	2.3798e-010
11911	2.303e-010
11912	2.2744e-010
11913	2.2422e-010
11914	2.2093e-010
11915	2.1859e-010
11916	2.161e-010
11917	2.1441e-010
11918	2.0306e-010
11919	2.1032e-010
11920	2.0304e-010
11921	2.0707e-010
11922	1.9406e-010
11923	1.9713e-010
11924	1.9706e-010
11925	1.7644e-010
11926	1.7289e-010
11927	1.9295e-010
11928	1.6983e-010
11929	1.6981e-010
11930	1.8851e-010
11931	1.7661e-010
11932	1.919e-010
11933	1.5396e-010
11934	1.6168e-010
11935	1.4364e-010
11936	1.3739e-010
11937	1.5444e-010
11938	1.3266e-010
11939	1.4149e-010
11940	1.2522e-010
11941	1.3166e-010
11942	1.181e-010
11943	1.1974e-010
11944	1.162e-010
11945	1.1032e-010
11946	1.2641e-010
11947	1.153e-010
11948	1.2363e-010
11949	1.0144e-010
11950	1.0656e-010
11951	1.1116e-010
11952	1.0478e-010
11953	1.222e-010
11954	1.3274e-010
11955	1.4907e-010
11956	1.7249e-010
11957	2.5046e-010
11958	2.6699e-010
11959	3.0441e-010
11960	3.0579e-010
11961	5.6312e-011
11962	5.5989e-011
11963	5.577e-011
11964	5.7105e-011
11965	5.9081e-011
11966	6.0885e-011
11967	6.2142e-011
11968	6.3755e-011
11969	6.6443e-011
11970	6.6637e-011
11971	6.8088e-011
11972	7.0258e-011
11973	7.1277e-011
11974	7.4367e-011
11975	7.4604e-011
11976	7.6542e-011
11977	7.8065e-011
11978	7.9863e-011
11979	8.1958e-011
11980	8.3449e-011
11981	8.5985e-011
11982	8.7224e-011
11983	8.9949e-011
11984	9.1323e-011
11985	9.3877e-011
11986	9.5677e-011
11987	9.7682e-011
11988	1.0101e-010
11989	1.0219e-010
11990	1.0608e-010
11991	1.0691e-010
11992	1.094e-010
11993	1.1277e-010
11994	1.1434e-010
11995	1.1733e-010
11996	1.2029e-010
11997	1.2215e-010
11998	1.2518e-010
11999	1.2891e-010
12000	1.3099e-010
12001	1.3365e-010
12002	1.3728e-010
12003	1.4054e-010
12004	1.4347e-010
12005	1.4649e-010
12006	1.4981e-010
12007	1.5344e-010
12008	1.5701e-010
12009	1.6022e-010
12010	1.6401e-010
12011	1.6768e-010
12012	1.713e-010
12013	1.7511e-010
12014	1.7901e-010
12015	1.8306e-010
12016	1.8736e-010
12017	1.9165e-010
12018	1.9617e-010
12019	2.0088e-010
12020	2.052e-010
12021	2.0909e-010
12022	2.1466e-010
12023	2.2074e-010
12024	2.2614e-010
12025	2.3043e-010
12026	2.3025e-010
12027	2.2711e-010
12028	2.2258e-010
12029	2.1668e-010
12030	2.1058e-010
12031	2.0777e-010
12032	2.04e-010
12033	1.9951e-010
12034	1.9473e-010
12035	1.9067e-010
12036	1.8617e-010
12037	1.8236e-010
12038	1.7883e-010
12039	1.7527e-010
12040	1.7227e-010
12041	1.6908e-010
12042	1.6632e-010
12043	1.639e-010
12044	1.6077e-010
12045	1.5424e-010
12046	1.5484e-010
12047	1.5831e-010
12048	1.6003e-010
12049	1.5449e-010
12050	1.4167e-010
12051	1.4873e-010
12052	1.6043e-010
12053	1.4211e-010
12054	1.3625e-010
12055	1.3905e-010
12056	1.2866e-010
12057	1.3199e-010
12058	1.4023e-010
12059	1.2105e-010
12060	1.3073e-010
12061	1.5748e-010
12062	1.303e-010
12063	1.2951e-010
12064	1.1117e-010
12065	1.0232e-010
12066	1.0514e-010
12067	1.0552e-010
12068	1.0763e-010
12069	9.6736e-011
12070	9.885e-011
12071	9.0138e-011
12072	8.8705e-011
12073	8.419e-011
12074	8.1882e-011
12075	8.1554e-011
12076	8.6447e-011
12077	9.8252e-011
12078	8.3129e-011
12079	7.8274e-011
12080	7.308e-011
12081	7.7367e-011
12082	8.1567e-011
12083	8.1712e-011
12084	1.0276e-010
12085	1.0762e-010
12086	1.4782e-010
12087	2.0437e-010
12088	2.5093e-010
12089	2.7269e-010
12090	3.0829e-010
12091	5.6234e-011
12092	5.5917e-011
12093	5.5699e-011
12094	5.7058e-011
12095	5.9056e-011
12096	6.088e-011
12097	6.2109e-011
12098	6.3733e-011
12099	6.6372e-011
12100	6.6597e-011
12101	6.8048e-011
12102	7.0238e-011
12103	7.1271e-011
12104	7.4364e-011
12105	7.4631e-011
12106	7.6527e-011
12107	7.8009e-011
12108	7.9754e-011
12109	8.1851e-011
12110	8.3385e-011
12111	8.5954e-011
12112	8.726e-011
12113	8.9967e-011
12114	9.1333e-011
12115	9.3821e-011
12116	9.5591e-011
12117	9.7618e-011
12118	1.0092e-010
12119	1.0214e-010
12120	1.0605e-010
12121	1.0685e-010
12122	1.0935e-010
12123	1.1268e-010
12124	1.1425e-010
12125	1.1726e-010
12126	1.2025e-010
12127	1.2224e-010
12128	1.2527e-010
12129	1.2898e-010
12130	1.3101e-010
12131	1.3354e-010
12132	1.3696e-010
12133	1.4047e-010
12134	1.434e-010
12135	1.4651e-010
12136	1.4939e-010
12137	1.5325e-010
12138	1.566e-010
12139	1.6024e-010
12140	1.6381e-010
12141	1.6748e-010
12142	1.7108e-010
12143	1.7495e-010
12144	1.7887e-010
12145	1.8289e-010
12146	1.8738e-010
12147	1.9171e-010
12148	1.9629e-010
12149	2.0086e-010
12150	2.0539e-010
12151	2.0914e-010
12152	2.1477e-010
12153	2.204e-010
12154	2.2579e-010
12155	2.2933e-010
12156	2.3068e-010
12157	2.2691e-010
12158	2.2249e-010
12159	2.1666e-010
12160	2.105e-010
12161	2.0785e-010
12162	2.0403e-010
12163	1.9951e-010
12164	1.9473e-010
12165	1.9074e-010
12166	1.8632e-010
12167	1.8245e-010
12168	1.7872e-010
12169	1.753e-010
12170	1.7194e-010
12171	1.6896e-010
12172	1.6611e-010
12173	1.6382e-010
12174	1.6054e-010
12175	1.542e-010
12176	1.5486e-010
12177	1.5836e-010
12178	1.5978e-010
12179	1.5447e-010
12180	1.417e-010
12181	1.4873e-010
12182	1.6049e-010
12183	1.4212e-010
12184	1.3628e-010
12185	1.391e-010
12186	1.2867e-010
12187	1.32e-010
12188	1.4032e-010
12189	1.2109e-010
12190	1.3081e-010
12191	1.5759e-010
12192	1.3041e-010
12193	1.2961e-010
12194	1.113e-010
12195	1.0244e-010
12196	1.0527e-010
12197	1.0566e-010
12198	1.0776e-010
12199	9.681e-011
12200	9.8964e-011
12201	9.0255e-011
12202	8.8809e-011
12203	8.4291e-011
12204	8.1968e-011
12205	8.1618e-011
12206	8.6509e-011
12207	9.828e-011
12208	8.3163e-011
12209	7.832e-011
12210	7.3135e-011
12211	7.7401e-011
12212	8.1606e-011
12213	8.1736e-011
12214	1.0278e-010
12215	1.0765e-010
12216	1.4785e-010
12217	2.0439e-010
12218	2.5097e-010
12219	2.7277e-010
12220	3.0834e-010
12221	7.5467e-011
12222	7.7057e-011
12223	7.8951e-011
12224	8.0022e-011
12225	8.2034e-011
12226	8.384e-011
12227	8.635e-011
12228	8.907e-011
12229	8.9047e-011
12230	9.3405e-011
12231	9.4891e-011
12232	9.5645e-011
12233	1.0057e-010
12234	9.9798e-011
12235	1.0486e-010
12236	1.052e-010
12237	1.0822e-010
12238	1.1063e-010
12239	1.1236e-010
12240	1.1628e-010
12241	1.1729e-010
12242	1.2201e-010
12243	1.2279e-010
12244	1.2727e-010
12245	1.287e-010
12246	1.3226e-010
12247	1.3603e-010
12248	1.3695e-010
12249	1.4348e-010
12250	1.4316e-010
12251	1.4934e-010
12252	1.5159e-010
12253	1.5335e-010
12254	1.5953e-010
12255	1.6147e-010
12256	1.6448e-010
12257	1.7019e-010
12258	1.7358e-010
12259	1.7535e-010
12260	1.8157e-010
12261	1.8552e-010
12262	1.8912e-010
12263	1.9193e-010
12264	1.9714e-010
12265	2.0155e-010
12266	2.0638e-010
12267	2.1037e-010
12268	2.1487e-010
12269	2.1974e-010
12270	2.2424e-010
12271	2.2986e-010
12272	2.3514e-010
12273	2.4056e-010
12274	2.4595e-010
12275	2.5146e-010
12276	2.5717e-010
12277	2.6277e-010
12278	2.6884e-010
12279	2.7527e-010
12280	2.8194e-010
12281	2.8971e-010
12282	2.9623e-010
12283	3.0043e-010
12284	3.0618e-010
12285	3.1931e-010
12286	3.212e-010
12287	3.0933e-010
12288	3.0343e-010
12289	3.0086e-010
12290	2.9502e-010
12291	2.8777e-010
12292	2.8141e-010
12293	2.7444e-010
12294	2.6755e-010
12295	2.638e-010
12296	2.5815e-010
12297	2.5315e-010
12298	2.4819e-010
12299	2.4309e-010
12300	2.3731e-010
12301	2.3126e-010
12302	2.2757e-010
12303	2.2397e-010
12304	2.2132e-010
12305	2.1839e-010
12306	2.1614e-010
12307	2.1443e-010
12308	2.0294e-010
12309	2.1019e-010
12310	2.0298e-010
12311	2.0719e-010
12312	1.9402e-010
12313	1.9715e-010
12314	1.9705e-010
12315	1.7647e-010
12316	1.7291e-010
12317	1.9296e-010
12318	1.699e-010
12319	1.6993e-010
12320	1.8865e-010
12321	1.7686e-010
12322	1.9213e-010
12323	1.5414e-010
12324	1.6196e-010
12325	1.4388e-010
12326	1.3762e-010
12327	1.5459e-010
12328	1.3292e-010
12329	1.4172e-010
12330	1.2538e-010
12331	1.3186e-010
12332	1.183e-010
12333	1.1988e-010
12334	1.1636e-010
12335	1.1044e-010
12336	1.2651e-010
12337	1.1536e-010
12338	1.237e-010
12339	1.015e-010
12340	1.0665e-010
12341	1.1122e-010
12342	1.0483e-010
12343	1.2227e-010
12344	1.3281e-010
12345	1.491e-010
12346	1.7254e-010
12347	2.5046e-010
12348	2.6706e-010
12349	3.0451e-010
12350	3.0589e-010
12351	5.6234e-011
12352	5.5917e-011
12353	5.5699e-011
12354	5.7057e-011
12355	5.9056e-011
12356	6.088e-011
12357	6.2109e-011
12358	6.3733e-011
12359	6.6372e-011
12360	6.6597e-011
12361	6.8047e-011
12362	7.0238e-011
12363	7.1271e-011
12364	7.4364e-011
12365	7.4631e-011
12366	7.6527e-011
12367	7.8009e-011
12368	7.9754e-011
12369	8.185e-011
12370	8.3385e-011
12371	8.5954e-011
12372	8.726e-011
12373	8.9967e-011
12374	9.1333e-011
12375	9.3821e-011
12376	9.5591e-011
12377	9.7618e-011
12378	1.0092e-010
12379	1.0214e-010
12380	1.0605e-010
12381	1.0685e-010
12382	1.0935e-010
12383	1.1269e-010
12384	1.1425e-010
12385	1.1726e-010
12386	1.2025e-010
12387	1.2224e-010
12388	1.2526e-010
12389	1.2898e-010
12390	1.3101e-010
12391	1.3354e-010
12392	1.3699e-010
12393	1.4048e-010
12394	1.4342e-010
12395	1.4652e-010
12396	1.4941e-010
12397	1.5324e-010
12398	1.5662e-010
12399	1.6022e-010
12400	1.6382e-010
12401	1.6748e-010
12402	1.7108e-010
12403	1.7495e-010
12404	1.7887e-010
12405	1.8289e-010
12406	1.8738e-010
12407	1.9171e-010
12408	1.9629e-010
12409	2.0086e-010
12410	2.054e-010
12411	2.0915e-010
12412	2.1477e-010
12413	2.2059e-010
12414	2.2549e-010
12415	2.2935e-010
12416	2.2963e-010
12417	2.2724e-010
12418	2.2241e-010
12419	2.1668e-010
12420	2.105e-010
12421	2.0785e-010
12422	2.0404e-010
12423	1.9948e-010
12424	1.9473e-010
12425	1.9074e-010
12426	1.8632e-010
12427	1.8244e-010
12428	1.7872e-010
12429	1.7522e-010
12430	1.7203e-010
12431	1.6904e-010
12432	1.6594e-010
12433	1.6435e-010
12434	1.6067e-010
12435	1.544e-010
12436	1.5472e-010
12437	1.5839e-010
12438	1.5993e-010
12439	1.5444e-010
12440	1.4165e-010
12441	1.4876e-010
12442	1.6048e-010
12443	1.4213e-010
12444	1.3629e-010
12445	1.3909e-010
12446	1.2867e-010
12447	1.32e-010
12448	1.4032e-010
12449	1.2109e-010
12450	1.3081e-010
12451	1.576e-010
12452	1.3041e-010
12453	1.2961e-010
12454	1.113e-010
12455	1.0244e-010
12456	1.0527e-010
12457	1.0566e-010
12458	1.0776e-010
12459	9.681e-011
12460	9.8964e-011
12461	9.0255e-011
12462	8.8809e-011
12463	8.4291e-011
12464	8.1968e-011
12465	8.1618e-011
12466	8.6512e-011
12467	9.8281e-011
12468	8.3163e-011
12469	7.832e-011
12470	7.3135e-011
12471	7.7401e-011
12472	8.1606e-011
12473	8.1736e-011
12474	1.0278e-010
12475	1.0765e-010
12476	1.4784e-010
12477	2.0439e-010
12478	2.5097e-010
12479	2.7277e-010
12480	3.0834e-010
12481	5.6312e-011
12482	5.5989e-011
12483	5.577e-011
12484	5.7105e-011
12485	5.9081e-011
12486	6.0885e-011
12487	6.2142e-011
12488	6.3755e-011
12489	6.6442e-011
12490	6.6638e-011
12491	6.809e-011
12492	7.026e-011
12493	7.1277e-011
12494	7.4367e-011
12495	7.4607e-011
12496	7.6547e-011
12497	7.8068e-011
12498	7.9863e-011
12499	8.196e-011
12500	8.3435e-011
12501	8.5971e-011
12502	8.7226e-011
12503	8.9949e-011
12504	9.1323e-011
12505	9.3877e-011
12506	9.5677e-011
12507	9.7682e-011
12508	1.0101e-010
12509	1.0219e-010
12510	1.0608e-010
12511	1.0691e-010
12512	1.094e-010
12513	1.1277e-010
12514	1.1435e-010
12515	1.1733e-010
12516	1.2029e-010
12517	1.2216e-010
12518	1.2519e-010
12519	1.2892e-010
12520	1.3098e-010
12521	1.3371e-010
12522	1.3718e-010
12523	1.4059e-010
12524	1.4336e-010
12525	1.4636e-010
12526	1.4938e-010
12527	1.5316e-010
12528	1.568e-010
12529	1.6036e-010
12530	1.6395e-010
12531	1.6771e-010
12532	1.7131e-010
12533	1.7511e-010
12534	1.79e-010
12535	1.8306e-010
12536	1.8736e-010
12537	1.9165e-010
12538	1.9617e-010
12539	2.0087e-010
12540	2.0517e-010
12541	2.0906e-010
12542	2.1455e-010
12543	2.1998e-010
12544	2.2563e-010
12545	2.2936e-010
12546	2.3063e-010
12547	2.2696e-010
12548	2.2255e-010
12549	2.1668e-010
12550	2.1054e-010
12551	2.078e-010
12552	2.0395e-010
12553	1.9955e-010
12554	1.947e-010
12555	1.9067e-010
12556	1.8616e-010
12557	1.8239e-010
12558	1.7875e-010
12559	1.7534e-010
12560	1.7214e-010
12561	1.6906e-010
12562	1.6629e-010
12563	1.6394e-010
12564	1.6118e-010
12565	1.5482e-010
12566	1.5515e-010
12567	1.5814e-010
12568	1.5815e-010
12569	1.5412e-010
12570	1.4134e-010
12571	1.4846e-010
12572	1.602e-010
12573	1.4198e-010
12574	1.3625e-010
12575	1.3905e-010
12576	1.2867e-010
12577	1.3197e-010
12578	1.4023e-010
12579	1.2105e-010
12580	1.3073e-010
12581	1.5748e-010
12582	1.3032e-010
12583	1.2951e-010
12584	1.1116e-010
12585	1.0231e-010
12586	1.0514e-010
12587	1.0552e-010
12588	1.0763e-010
12589	9.6736e-011
12590	9.885e-011
12591	9.0138e-011
12592	8.8705e-011
12593	8.419e-011
12594	8.1882e-011
12595	8.1554e-011
12596	8.6448e-011
12597	9.8251e-011
12598	8.3129e-011
12599	7.8274e-011
12600	7.308e-011
12601	7.7367e-011
12602	8.1567e-011
12603	8.1712e-011
12604	1.0276e-010
12605	1.0762e-010
12606	1.4783e-010
12607	2.0437e-010
12608	2.5091e-010
12609	2.7269e-010
12610	3.0829e-010
12611	7.5599e-011
12612	7.721e-011
12613	7.9123e-011
12614	8.0114e-011
12615	8.2113e-011
12616	8.3811e-011
12617	8.6335e-011
12618	8.9108e-011
12619	8.9128e-011
12620	9.3521e-011
12621	9.4915e-011
12622	9.5711e-011
12623	1.0058e-010
12624	9.9801e-011
12625	1.0482e-010
12626	1.0527e-010
12627	1.0836e-010
12628	1.1078e-010
12629	1.125e-010
12630	1.164e-010
12631	1.1728e-010
12632	1.2196e-010
12633	1.2274e-010
12634	1.2735e-010
12635	1.2879e-010
12636	1.3244e-010
12637	1.3627e-010
12638	1.3722e-010
12639	1.4356e-010
12640	1.4324e-010
12641	1.4947e-010
12642	1.5172e-010
12643	1.5354e-010
12644	1.5963e-010
12645	1.6155e-010
12646	1.6449e-010
12647	1.7016e-010
12648	1.7345e-010
12649	1.7535e-010
12650	1.8165e-010
12651	1.8574e-010
12652	1.8955e-010
12653	1.9163e-010
12654	1.9664e-010
12655	2.0148e-010
12656	2.061e-010
12657	2.1041e-010
12658	2.1498e-010
12659	2.2007e-010
12660	2.2439e-010
12661	2.3015e-010
12662	2.3546e-010
12663	2.4061e-010
12664	2.4611e-010
12665	2.5159e-010
12666	2.5719e-010
12667	2.6245e-010
12668	2.6876e-010
12669	2.7522e-010
12670	2.8189e-010
12671	2.8944e-010
12672	2.9595e-010
12673	2.9984e-010
12674	3.0563e-010
12675	3.1969e-010
12676	3.2174e-010
12677	3.0923e-010
12678	3.0354e-010
12679	3.0111e-010
12680	2.9515e-010
12681	2.8756e-010
12682	2.8118e-010
12683	2.7435e-010
12684	2.6759e-010
12685	2.635e-010
12686	2.5819e-010
12687	2.5314e-010
12688	2.4839e-010
12689	2.4323e-010
12690	2.3851e-010
12691	2.3009e-010
12692	2.2924e-010
12693	2.2512e-010
12694	2.2196e-010
12695	2.1936e-010
12696	2.1649e-010
12697	2.1331e-010
12698	2.0119e-010
12699	2.0882e-010
12700	2.0279e-010
12701	2.0685e-010
12702	1.9387e-010
12703	1.9695e-010
12704	1.9707e-010
12705	1.7644e-010
12706	1.7286e-010
12707	1.9295e-010
12708	1.698e-010
12709	1.6982e-010
12710	1.8851e-010
12711	1.7662e-010
12712	1.9191e-010
12713	1.5393e-010
12714	1.617e-010
12715	1.4365e-010
12716	1.3739e-010
12717	1.5444e-010
12718	1.3266e-010
12719	1.4149e-010
12720	1.2522e-010
12721	1.3166e-010
12722	1.181e-010
12723	1.1974e-010
12724	1.162e-010
12725	1.1031e-010
12726	1.264e-010
12727	1.153e-010
12728	1.2363e-010
12729	1.0144e-010
12730	1.0656e-010
12731	1.1116e-010
12732	1.0478e-010
12733	1.222e-010
12734	1.3276e-010
12735	1.4906e-010
12736	1.7249e-010
12737	2.5046e-010
12738	2.6698e-010
12739	3.0444e-010
12740	3.0579e-010
12741	5.6313e-011
12742	5.6004e-011
12743	5.5774e-011
12744	5.7113e-011
12745	5.9073e-011
12746	6.088e-011
12747	6.2118e-011
12748	6.3799e-011
12749	6.6458e-011
12750	6.6686e-011
12751	6.8117e-011
12752	7.0273e-011
12753	7.129e-011
12754	7.4397e-011
12755	7.4659e-011
12756	7.658e-011
12757	7.8077e-011
12758	7.9871e-011
12759	8.1982e-011
12760	8.3463e-011
12761	8.601e-011
12762	8.7267e-011
12763	9.0001e-011
12764	9.1321e-011
12765	9.3887e-011
12766	9.5717e-011
12767	9.7766e-011
12768	1.0101e-010
12769	1.0219e-010
12770	1.0612e-010
12771	1.0701e-010
12772	1.0951e-010
12773	1.1278e-010
12774	1.1428e-010
12775	1.1724e-010
12776	1.2033e-010
12777	1.2223e-010
12778	1.2524e-010
12779	1.2902e-010
12780	1.31e-010
12781	1.3376e-010
12782	1.3722e-010
12783	1.4063e-010
12784	1.4335e-010
12785	1.4637e-010
12786	1.4935e-010
12787	1.5315e-010
12788	1.5678e-010
12789	1.604e-010
12790	1.6394e-010
12791	1.6767e-010
12792	1.7129e-010
12793	1.751e-010
12794	1.791e-010
12795	1.8306e-010
12796	1.8733e-010
12797	1.9153e-010
12798	1.9615e-010
12799	2.0081e-010
12800	2.0519e-010
12801	2.0892e-010
12802	2.1442e-010
12803	2.1994e-010
12804	2.2551e-010
12805	2.2922e-010
12806	2.3048e-010
12807	2.2695e-010
12808	2.2251e-010
12809	2.1673e-010
12810	2.1057e-010
12811	2.0783e-010
12812	2.0399e-010
12813	1.9954e-010
12814	1.9476e-010
12815	1.9064e-010
12816	1.8619e-010
12817	1.8235e-010
12818	1.7882e-010
12819	1.7536e-010
12820	1.7225e-010
12821	1.6953e-010
12822	1.6635e-010
12823	1.6414e-010
12824	1.6058e-010
12825	1.5423e-010
12826	1.5473e-010
12827	1.5756e-010
12828	1.5772e-010
12829	1.5333e-010
12830	1.4142e-010
12831	1.4845e-010
12832	1.6018e-010
12833	1.4193e-010
12834	1.3625e-010
12835	1.3906e-010
12836	1.2864e-010
12837	1.3197e-010
12838	1.4025e-010
12839	1.2111e-010
12840	1.3073e-010
12841	1.5749e-010
12842	1.3031e-010
12843	1.2947e-010
12844	1.1111e-010
12845	1.0229e-010
12846	1.0512e-010
12847	1.0554e-010
12848	1.0761e-010
12849	9.6692e-011
12850	9.8839e-011
12851	9.0158e-011
12852	8.8676e-011
12853	8.4176e-011
12854	8.1884e-011
12855	8.1541e-011
12856	8.6442e-011
12857	9.8234e-011
12858	8.3119e-011
12859	7.8288e-011
12860	7.3089e-011
12861	7.7408e-011
12862	8.1561e-011
12863	8.1715e-011
12864	1.0277e-010
12865	1.0762e-010
12866	1.4781e-010
12867	2.0438e-010
12868	2.5091e-010
12869	2.7268e-010
12870	3.0824e-010
12871	5.6312e-011
12872	5.6001e-011
12873	5.5771e-011
12874	5.7112e-011
12875	5.9073e-011
12876	6.088e-011
12877	6.2118e-011
12878	6.3797e-011
12879	6.6472e-011
12880	6.6684e-011
12881	6.8115e-011
12882	7.0273e-011
12883	7.129e-011
12884	7.4397e-011
12885	7.4656e-011
12886	7.659e-011
12887	7.8072e-011
12888	7.988e-011
12889	8.198e-011
12890	8.3461e-011
12891	8.6008e-011
12892	8.7287e-011
12893	8.9998e-011
12894	9.1317e-011
12895	9.3884e-011
12896	9.5717e-011
12897	9.7766e-011
12898	1.0103e-010
12899	1.0219e-010
12900	1.0612e-010
12901	1.07e-010
12902	1.095e-010
12903	1.1278e-010
12904	1.1428e-010
12905	1.1724e-010
12906	1.2033e-010
12907	1.2223e-010
12908	1.2525e-010
12909	1.2897e-010
12910	1.3105e-010
12911	1.3362e-010
12912	1.372e-010
12913	1.4034e-010
12914	1.436e-010
12915	1.4633e-010
12916	1.4933e-010
12917	1.5315e-010
12918	1.5678e-010
12919	1.604e-010
12920	1.6394e-010
12921	1.6766e-010
12922	1.7128e-010
12923	1.751e-010
12924	1.791e-010
12925	1.8305e-010
12926	1.8733e-010
12927	1.9152e-010
12928	1.9614e-010
12929	2.0081e-010
12930	2.0519e-010
12931	2.0891e-010
12932	2.1462e-010
12933	2.2046e-010
12934	2.2552e-010
12935	2.2988e-010
12936	2.3013e-010
12937	2.2724e-010
12938	2.2236e-010
12939	2.1672e-010
12940	2.1053e-010
12941	2.0783e-010
12942	2.0399e-010
12943	1.9954e-010
12944	1.9476e-010
12945	1.9064e-010
12946	1.8618e-010
12947	1.8234e-010
12948	1.7885e-010
12949	1.7534e-010
12950	1.7245e-010
12951	1.6925e-010
12952	1.6657e-010
12953	1.6395e-010
12954	1.6058e-010
12955	1.542e-010
12956	1.5462e-010
12957	1.5754e-010
12958	1.5764e-010
12959	1.5333e-010
12960	1.4139e-010
12961	1.484e-010
12962	1.6016e-010
12963	1.4194e-010
12964	1.3627e-010
12965	1.3907e-010
12966	1.2864e-010
12967	1.3197e-010
12968	1.4025e-010
12969	1.211e-010
12970	1.3073e-010
12971	1.5749e-010
12972	1.3031e-010
12973	1.2948e-010
12974	1.1112e-010
12975	1.0228e-010
12976	1.0512e-010
12977	1.0554e-010
12978	1.0762e-010
12979	9.6684e-011
12980	9.8837e-011
12981	9.0152e-011
12982	8.8672e-011
12983	8.4188e-011
12984	8.188e-011
12985	8.1554e-011
12986	8.6461e-011
12987	9.8231e-011
12988	8.3129e-011
12989	7.8279e-011
12990	7.3083e-011
12991	7.7406e-011
12992	8.1561e-011
12993	8.1712e-011
12994	1.0277e-010
12995	1.0761e-010
12996	1.478e-010
12997	2.0438e-010
12998	2.5092e-010
12999	2.7267e-010
13000	3.0823e-010
13001	7.5602e-011
13002	7.7215e-011
13003	7.9127e-011
13004	8.0102e-011
13005	8.2105e-011
13006	8.3816e-011
13007	8.6325e-011
13008	8.9112e-011
13009	8.9135e-011
13010	9.3527e-011
13011	9.4923e-011
13012	9.5718e-011
13013	1.0059e-010
13014	9.9807e-011
13015	1.0482e-010
13016	1.0528e-010
13017	1.0834e-010
13018	1.1079e-010
13019	1.1251e-010
13020	1.1639e-010
13021	1.1729e-010
13022	1.2197e-010
13023	1.2274e-010
13024	1.2733e-010
13025	1.2878e-010
13026	1.3245e-010
13027	1.3629e-010
13028	1.3717e-010
13029	1.4358e-010
13030	1.4323e-010
13031	1.4948e-010
13032	1.5174e-010
13033	1.5351e-010
13034	1.5964e-010
13035	1.6155e-010
13036	1.6449e-010
13037	1.7014e-010
13038	1.7346e-010
13039	1.7539e-010
13040	1.8163e-010
13041	1.8577e-010
13042	1.8884e-010
13043	1.9114e-010
13044	1.9666e-010
13045	2.016e-010
13046	2.0612e-010
13047	2.104e-010
13048	2.1496e-010
13049	2.2004e-010
13050	2.244e-010
13051	2.3018e-010
13052	2.3549e-010
13053	2.4062e-010
13054	2.4613e-010
13055	2.5157e-010
13056	2.5721e-010
13057	2.6248e-010
13058	2.6878e-010
13059	2.7523e-010
13060	2.8191e-010
13061	2.8954e-010
13062	2.9609e-010
13063	3.e-010
13064	3.0603e-010
13065	3.1888e-010
13066	3.2086e-010
13067	3.0909e-010
13068	3.0357e-010
13069	3.0118e-010
13070	2.9515e-010
13071	2.8756e-010
13072	2.8121e-010
13073	2.7441e-010
13074	2.6761e-010
13075	2.6349e-010
13076	2.5816e-010
13077	2.5313e-010
13078	2.4843e-010
13079	2.4331e-010
13080	2.3848e-010
13081	2.3044e-010
13082	2.2919e-010
13083	2.251e-010
13084	2.2197e-010
13085	2.1943e-010
13086	2.1702e-010
13087	2.1379e-010
13088	2.0088e-010
13089	2.0875e-010
13090	2.0266e-010
13091	2.0681e-010
13092	1.9374e-010
13093	1.9696e-010
13094	1.9708e-010
13095	1.7642e-010
13096	1.7286e-010
13097	1.9294e-010
13098	1.698e-010
13099	1.6983e-010
13100	1.8852e-010
13101	1.766e-010
13102	1.9191e-010
13103	1.5392e-010
13104	1.6171e-010
13105	1.4367e-010
13106	1.374e-010
13107	1.5443e-010
13108	1.3268e-010
13109	1.415e-010
13110	1.2518e-010
13111	1.3164e-010
13112	1.1811e-010
13113	1.1973e-010
13114	1.1622e-010
13115	1.1033e-010
13116	1.2641e-010
13117	1.1532e-010
13118	1.2362e-010
13119	1.0145e-010
13120	1.0655e-010
13121	1.1116e-010
13122	1.0478e-010
13123	1.222e-010
13124	1.3275e-010
13125	1.4907e-010
13126	1.7249e-010
13127	2.5044e-010
13128	2.67e-010
13129	3.0442e-010
13130	3.058e-010
13131	5.6312e-011
13132	5.5989e-011
13133	5.5771e-011
13134	5.7099e-011
13135	5.9088e-011
13136	6.088e-011
13137	6.2138e-011
13138	6.3767e-011
13139	6.6435e-011
13140	6.6652e-011
13141	6.8082e-011
13142	7.0256e-011
13143	7.1274e-011
13144	7.4364e-011
13145	7.4595e-011
13146	7.6554e-011
13147	7.8065e-011
13148	7.9862e-011
13149	8.1955e-011
13150	8.3447e-011
13151	8.598e-011
13152	8.7237e-011
13153	8.995e-011
13154	9.1319e-011
13155	9.3873e-011
13156	9.5672e-011
13157	9.7714e-011
13158	1.0099e-010
13159	1.0218e-010
13160	1.0607e-010
13161	1.0693e-010
13162	1.0942e-010
13163	1.1278e-010
13164	1.1434e-010
13165	1.1732e-010
13166	1.2029e-010
13167	1.2218e-010
13168	1.252e-010
13169	1.289e-010
13170	1.3103e-010
13171	1.3355e-010
13172	1.3722e-010
13173	1.4034e-010
13174	1.4351e-010
13175	1.4632e-010
13176	1.4936e-010
13177	1.5316e-010
13178	1.5679e-010
13179	1.6039e-010
13180	1.6395e-010
13181	1.6769e-010
13182	1.7128e-010
13183	1.751e-010
13184	1.7899e-010
13185	1.8304e-010
13186	1.8739e-010
13187	1.9164e-010
13188	1.9617e-010
13189	2.0087e-010
13190	2.052e-010
13191	2.091e-010
13192	2.1472e-010
13193	2.2041e-010
13194	2.2587e-010
13195	2.2941e-010
13196	2.3056e-010
13197	2.2682e-010
13198	2.2265e-010
13199	2.167e-010
13200	2.1062e-010
13201	2.0781e-010
13202	2.0398e-010
13203	1.9954e-010
13204	1.9473e-010
13205	1.9068e-010
13206	1.8619e-010
13207	1.8239e-010
13208	1.7881e-010
13209	1.7529e-010
13210	1.7241e-010
13211	1.6921e-010
13212	1.6655e-010
13213	1.6393e-010
13214	1.6069e-010
13215	1.542e-010
13216	1.5473e-010
13217	1.5792e-010
13218	1.5798e-010
13219	1.5371e-010
13220	1.4145e-010
13221	1.4848e-010
13222	1.6022e-010
13223	1.4197e-010
13224	1.3625e-010
13225	1.3905e-010
13226	1.2867e-010
13227	1.3196e-010
13228	1.4023e-010
13229	1.2105e-010
13230	1.3071e-010
13231	1.5749e-010
13232	1.303e-010
13233	1.2951e-010
13234	1.1118e-010
13235	1.0231e-010
13236	1.0514e-010
13237	1.0555e-010
13238	1.0765e-010
13239	9.6735e-011
13240	9.8835e-011
13241	9.0121e-011
13242	8.8701e-011
13243	8.4184e-011
13244	8.1869e-011
13245	8.1562e-011
13246	8.6462e-011
13247	9.8255e-011
13248	8.3127e-011
13249	7.8269e-011
13250	7.3092e-011
13251	7.7365e-011
13252	8.1571e-011
13253	8.1711e-011
13254	1.0275e-010
13255	1.0763e-010
13256	1.4782e-010
13257	2.0437e-010
13258	2.5093e-010
13259	2.7271e-010
13260	3.083e-010
13261	5.624e-011
13262	5.5914e-011
13263	5.5697e-011
13264	5.705e-011
13265	5.9057e-011
13266	6.0887e-011
13267	6.2104e-011
13268	6.373e-011
13269	6.6368e-011
13270	6.659e-011
13271	6.804e-011
13272	7.0226e-011
13273	7.1262e-011
13274	7.4359e-011
13275	7.4617e-011
13276	7.6519e-011
13277	7.7994e-011
13278	7.9742e-011
13279	8.1834e-011
13280	8.3373e-011
13281	8.595e-011
13282	8.7252e-011
13283	8.9964e-011
13284	9.1309e-011
13285	9.3837e-011
13286	9.5573e-011
13287	9.7607e-011
13288	1.009e-010
13289	1.0213e-010
13290	1.0603e-010
13291	1.0686e-010
13292	1.0935e-010
13293	1.1269e-010
13294	1.1423e-010
13295	1.1724e-010
13296	1.2024e-010
13297	1.2224e-010
13298	1.254e-010
13299	1.2921e-010
13300	1.3134e-010
13301	1.3376e-010
13302	1.3726e-010
13303	1.4033e-010
13304	1.4351e-010
13305	1.4634e-010
13306	1.4951e-010
13307	1.5317e-010
13308	1.5658e-010
13309	1.6021e-010
13310	1.6385e-010
13311	1.6751e-010
13312	1.711e-010
13313	1.7492e-010
13314	1.7885e-010
13315	1.8299e-010
13316	1.8737e-010
13317	1.9172e-010
13318	1.9625e-010
13319	2.0084e-010
13320	2.0537e-010
13321	2.0914e-010
13322	2.1474e-010
13323	2.2061e-010
13324	2.2614e-010
13325	2.2939e-010
13326	2.3086e-010
13327	2.2712e-010
13328	2.2263e-010
13329	2.1668e-010
13330	2.1047e-010
13331	2.0782e-010
13332	2.0401e-010
13333	1.995e-010
13334	1.9476e-010
13335	1.9075e-010
13336	1.863e-010
13337	1.8241e-010
13338	1.7879e-010
13339	1.7515e-010
13340	1.7233e-010
13341	1.6916e-010
13342	1.6646e-010
13343	1.6399e-010
13344	1.6067e-010
13345	1.5424e-010
13346	1.5456e-010
13347	1.5836e-010
13348	1.5597e-010
13349	1.543e-010
13350	1.4149e-010
13351	1.4877e-010
13352	1.6041e-010
13353	1.4214e-010
13354	1.3626e-010
13355	1.3908e-010
13356	1.2867e-010
13357	1.3199e-010
13358	1.4031e-010
13359	1.2112e-010
13360	1.308e-010
13361	1.5758e-010
13362	1.3039e-010
13363	1.2961e-010
13364	1.1128e-010
13365	1.0247e-010
13366	1.0529e-010
13367	1.0564e-010
13368	1.0777e-010
13369	9.6817e-011
13370	9.8952e-011
13371	9.0244e-011
13372	8.8798e-011
13373	8.4294e-011
13374	8.1951e-011
13375	8.1627e-011
13376	8.6503e-011
13377	9.8283e-011
13378	8.316e-011
13379	7.8313e-011
13380	7.3138e-011
13381	7.7403e-011
13382	8.1606e-011
13383	8.172e-011
13384	1.0279e-010
13385	1.0764e-010
13386	1.4785e-010
13387	2.0442e-010
13388	2.5099e-010
13389	2.7276e-010
13390	3.0832e-010
13391	7.5483e-011
13392	7.7066e-011
13393	7.8962e-011
13394	7.998e-011
13395	8.2064e-011
13396	8.3833e-011
13397	8.6368e-011
13398	8.9042e-011
13399	8.903e-011
13400	9.3423e-011
13401	9.4794e-011
13402	9.5671e-011
13403	1.0058e-010
13404	9.9813e-011
13405	1.0484e-010
13406	1.0522e-010
13407	1.0822e-010
13408	1.1062e-010
13409	1.1234e-010
13410	1.1631e-010
13411	1.1731e-010
13412	1.2199e-010
13413	1.2278e-010
13414	1.2733e-010
13415	1.2877e-010
13416	1.3224e-010
13417	1.3605e-010
13418	1.3698e-010
13419	1.4345e-010
13420	1.4315e-010
13421	1.4935e-010
13422	1.5159e-010
13423	1.534e-010
13424	1.5953e-010
13425	1.6151e-010
13426	1.6452e-010
13427	1.7024e-010
13428	1.7365e-010
13429	1.7552e-010
13430	1.815e-010
13431	1.8518e-010
13432	1.8832e-010
13433	1.9097e-010
13434	1.966e-010
13435	2.0159e-010
13436	2.0625e-010
13437	2.1043e-010
13438	2.1482e-010
13439	2.1983e-010
13440	2.2427e-010
13441	2.2994e-010
13442	2.35e-010
13443	2.4061e-010
13444	2.4584e-010
13445	2.5153e-010
13446	2.572e-010
13447	2.6276e-010
13448	2.6872e-010
13449	2.7531e-010
13450	2.8196e-010
13451	2.8976e-010
13452	2.9623e-010
13453	3.0051e-010
13454	3.064e-010
13455	3.1909e-010
13456	3.2038e-010
13457	3.0804e-010
13458	3.0256e-010
13459	3.0097e-010
13460	2.9506e-010
13461	2.8758e-010
13462	2.8138e-010
13463	2.7438e-010
13464	2.6749e-010
13465	2.6387e-010
13466	2.5826e-010
13467	2.5318e-010
13468	2.4809e-010
13469	2.4305e-010
13470	2.3819e-010
13471	2.3041e-010
13472	2.2905e-010
13473	2.2498e-010
13474	2.221e-010
13475	2.1941e-010
13476	2.1719e-010
13477	2.1122e-010
13478	2.0223e-010
13479	2.0633e-010
13480	2.0312e-010
13481	2.0714e-010
13482	1.9388e-010
13483	1.9718e-010
13484	1.9709e-010
13485	1.7643e-010
13486	1.7288e-010
13487	1.9297e-010
13488	1.6983e-010
13489	1.6993e-010
13490	1.8866e-010
13491	1.7677e-010
13492	1.9215e-010
13493	1.541e-010
13494	1.6199e-010
13495	1.4392e-010
13496	1.3766e-010
13497	1.5464e-010
13498	1.3286e-010
13499	1.4171e-010
13500	1.254e-010
13501	1.3184e-010
13502	1.1827e-010
13503	1.1992e-010
13504	1.1635e-010
13505	1.1039e-010
13506	1.2653e-010
13507	1.1539e-010
13508	1.2371e-010
13509	1.0146e-010
13510	1.0667e-010
13511	1.1121e-010
13512	1.0482e-010
13513	1.2223e-010
13514	1.3279e-010
13515	1.491e-010
13516	1.7257e-010
13517	2.5047e-010
13518	2.6706e-010
13519	3.0447e-010
13520	3.0588e-010
13521	5.6235e-011
13522	5.5912e-011
13523	5.5717e-011
13524	5.7049e-011
13525	5.9057e-011
13526	6.088e-011
13527	6.2115e-011
13528	6.3729e-011
13529	6.6382e-011
13530	6.6588e-011
13531	6.8041e-011
13532	7.0225e-011
13533	7.126e-011
13534	7.436e-011
13535	7.4619e-011
13536	7.6521e-011
13537	7.7993e-011
13538	7.974e-011
13539	8.1836e-011
13540	8.3371e-011
13541	8.5949e-011
13542	8.725e-011
13543	8.9962e-011
13544	9.1302e-011
13545	9.3836e-011
13546	9.5572e-011
13547	9.7609e-011
13548	1.0092e-010
13549	1.0213e-010
13550	1.0603e-010
13551	1.0685e-010
13552	1.0935e-010
13553	1.1269e-010
13554	1.1423e-010
13555	1.1723e-010
13556	1.2029e-010
13557	1.2226e-010
13558	1.2534e-010
13559	1.2932e-010
13560	1.309e-010
13561	1.3336e-010
13562	1.3679e-010
13563	1.4041e-010
13564	1.4345e-010
13565	1.4636e-010
13566	1.4951e-010
13567	1.5317e-010
13568	1.5658e-010
13569	1.6021e-010
13570	1.6384e-010
13571	1.6751e-010
13572	1.711e-010
13573	1.7492e-010
13574	1.7891e-010
13575	1.8298e-010
13576	1.8737e-010
13577	1.9171e-010
13578	1.9624e-010
13579	2.0083e-010
13580	2.0541e-010
13581	2.0914e-010
13582	2.1473e-010
13583	2.2064e-010
13584	2.2602e-010
13585	2.2968e-010
13586	2.2983e-010
13587	2.2702e-010
13588	2.2232e-010
13589	2.168e-010
13590	2.1043e-010
13591	2.0783e-010
13592	2.0399e-010
13593	1.995e-010
13594	1.9475e-010
13595	1.9075e-010
13596	1.863e-010
13597	1.8241e-010
13598	1.7879e-010
13599	1.7515e-010
13600	1.7233e-010
13601	1.6916e-010
13602	1.6646e-010
13603	1.6398e-010
13604	1.6067e-010
13605	1.5422e-010
13606	1.546e-010
13607	1.5763e-010
13608	1.5574e-010
13609	1.5345e-010
13610	1.4154e-010
13611	1.4872e-010
13612	1.6031e-010
13613	1.4217e-010
13614	1.3626e-010
13615	1.391e-010
13616	1.2867e-010
13617	1.3199e-010
13618	1.4032e-010
13619	1.2112e-010
13620	1.308e-010
13621	1.5757e-010
13622	1.3041e-010
13623	1.2962e-010
13624	1.1127e-010
13625	1.0246e-010
13626	1.0529e-010
13627	1.0567e-010
13628	1.0776e-010
13629	9.6812e-011
13630	9.8949e-011
13631	9.0241e-011
13632	8.8794e-011
13633	8.4293e-011
13634	8.1951e-011
13635	8.1619e-011
13636	8.6496e-011
13637	9.8284e-011
13638	8.3156e-011
13639	7.8315e-011
13640	7.3138e-011
13641	7.7399e-011
13642	8.1605e-011
13643	8.172e-011
13644	1.0279e-010
13645	1.0765e-010
13646	1.4785e-010
13647	2.0442e-010
13648	2.51e-010
13649	2.7276e-010
13650	3.0835e-010
13651	5.6322e-011
13652	5.5995e-011
13653	5.576e-011
13654	5.7115e-011
13655	5.9079e-011
13656	6.0869e-011
13657	6.2133e-011
13658	6.3773e-011
13659	6.6432e-011
13660	6.6639e-011
13661	6.8083e-011
13662	7.0255e-011
13663	7.1301e-011
13664	7.4357e-011
13665	7.4624e-011
13666	7.656e-011
13667	7.8047e-011
13668	7.9867e-011
13669	8.1981e-011
13670	8.3431e-011
13671	8.597e-011
13672	8.7254e-011
13673	8.9979e-011
13674	9.1307e-011
13675	9.3869e-011
13676	9.5666e-011
13677	9.7703e-011
13678	1.0099e-010
13679	1.0218e-010
13680	1.0608e-010
13681	1.0694e-010
13682	1.0942e-010
13683	1.1278e-010
13684	1.1433e-010
13685	1.1731e-010
13686	1.2033e-010
13687	1.2211e-010
13688	1.2517e-010
13689	1.2899e-010
13690	1.3098e-010
13691	1.3369e-010
13692	1.3728e-010
13693	1.4061e-010
13694	1.4351e-010
13695	1.4634e-010
13696	1.4935e-010
13697	1.5315e-010
13698	1.5678e-010
13699	1.6037e-010
13700	1.6397e-010
13701	1.6766e-010
13702	1.7126e-010
13703	1.7514e-010
13704	1.7902e-010
13705	1.8306e-010
13706	1.8738e-010
13707	1.9159e-010
13708	1.9622e-010
13709	2.0083e-010
13710	2.0517e-010
13711	2.0909e-010
13712	2.1471e-010
13713	2.2048e-010
13714	2.2585e-010
13715	2.2968e-010
13716	2.3027e-010
13717	2.2718e-010
13718	2.2252e-010
13719	2.168e-010
13720	2.1057e-010
13721	2.0853e-010
13722	2.0409e-010
13723	1.9956e-010
13724	1.9469e-010
13725	1.9075e-010
13726	1.8618e-010
13727	1.8239e-010
13728	1.7881e-010
13729	1.7529e-010
13730	1.724e-010
13731	1.692e-010
13732	1.6653e-010
13733	1.6398e-010
13734	1.6082e-010
13735	1.5448e-010
13736	1.5496e-010
13737	1.5766e-010
13738	1.5756e-010
13739	1.5349e-010
13740	1.4168e-010
13741	1.4871e-010
13742	1.6037e-010
13743	1.421e-010
13744	1.3627e-010
13745	1.3903e-010
13746	1.2865e-010
13747	1.3198e-010
13748	1.4022e-010
13749	1.2104e-010
13750	1.307e-010
13751	1.575e-010
13752	1.303e-010
13753	1.2951e-010
13754	1.1118e-010
13755	1.023e-010
13756	1.0514e-010
13757	1.0553e-010
13758	1.0765e-010
13759	9.6727e-011
13760	9.8833e-011
13761	9.0118e-011
13762	8.8695e-011
13763	8.4176e-011
13764	8.1861e-011
13765	8.1545e-011
13766	8.6472e-011
13767	9.8251e-011
13768	8.3136e-011
13769	7.8262e-011
13770	7.31e-011
13771	7.7374e-011
13772	8.1578e-011
13773	8.1714e-011
13774	1.0277e-010
13775	1.0761e-010
13776	1.478e-010
13777	2.0437e-010
13778	2.5092e-010
13779	2.7271e-010
13780	3.0831e-010
13781	7.5618e-011
13782	7.7185e-011
13783	7.9151e-011
13784	8.013e-011
13785	8.2115e-011
13786	8.3844e-011
13787	8.6347e-011
13788	8.9111e-011
13789	8.9112e-011
13790	9.3521e-011
13791	9.4952e-011
13792	9.575e-011
13793	1.0059e-010
13794	9.9786e-011
13795	1.0484e-010
13796	1.0529e-010
13797	1.0826e-010
13798	1.1078e-010
13799	1.1253e-010
13800	1.1635e-010
13801	1.1727e-010
13802	1.2196e-010
13803	1.2276e-010
13804	1.2737e-010
13805	1.2879e-010
13806	1.3245e-010
13807	1.3624e-010
13808	1.3717e-010
13809	1.436e-010
13810	1.4324e-010
13811	1.4949e-010
13812	1.5174e-010
13813	1.5354e-010
13814	1.596e-010
13815	1.6153e-010
13816	1.6454e-010
13817	1.7013e-010
13818	1.7308e-010
13819	1.7452e-010
13820	1.8074e-010
13821	1.8494e-010
13822	1.8859e-010
13823	1.9133e-010
13824	1.9668e-010
13825	2.0152e-010
13826	2.0616e-010
13827	2.1038e-010
13828	2.1498e-010
13829	2.2005e-010
13830	2.2438e-010
13831	2.3016e-010
13832	2.3538e-010
13833	2.4064e-010
13834	2.4613e-010
13835	2.5156e-010
13836	2.5726e-010
13837	2.6253e-010
13838	2.6876e-010
13839	2.7522e-010
13840	2.8189e-010
13841	2.896e-010
13842	2.9611e-010
13843	3.0027e-010
13844	3.0636e-010
13845	3.1903e-010
13846	3.2002e-010
13847	3.0776e-010
13848	3.0226e-010
13849	2.9959e-010
13850	2.9396e-010
13851	2.8693e-010
13852	2.8094e-010
13853	2.7448e-010
13854	2.6756e-010
13855	2.6351e-010
13856	2.5821e-010
13857	2.5314e-010
13858	2.4836e-010
13859	2.4333e-010
13860	2.3848e-010
13861	2.304e-010
13862	2.2915e-010
13863	2.2512e-010
13864	2.2217e-010
13865	2.1969e-010
13866	2.1736e-010
13867	2.1478e-010
13868	2.019e-010
13869	2.0996e-010
13870	2.0297e-010
13871	2.0713e-010
13872	1.9397e-010
13873	1.9714e-010
13874	1.971e-010
13875	1.7643e-010
13876	1.7291e-010
13877	1.9296e-010
13878	1.698e-010
13879	1.698e-010
13880	1.8851e-010
13881	1.766e-010
13882	1.9193e-010
13883	1.5391e-010
13884	1.6171e-010
13885	1.4366e-010
13886	1.3737e-010
13887	1.5443e-010
13888	1.3265e-010
13889	1.4148e-010
13890	1.2518e-010
13891	1.3166e-010
13892	1.1809e-010
13893	1.1974e-010
13894	1.162e-010
13895	1.1028e-010
13896	1.2643e-010
13897	1.1529e-010
13898	1.2363e-010
13899	1.0144e-010
13900	1.0658e-010
13901	1.1115e-010
13902	1.0482e-010
13903	1.222e-010
13904	1.3279e-010
13905	1.4904e-010
13906	1.7249e-010
13907	2.5047e-010
13908	2.6701e-010
13909	3.0441e-010
13910	3.0579e-010
13911	5.632e-011
13912	5.5998e-011
13913	5.576e-011
13914	5.7099e-011
13915	5.908e-011
13916	6.0867e-011
13917	6.2135e-011
13918	6.3782e-011
13919	6.6472e-011
13920	6.6682e-011
13921	6.812e-011
13922	7.0274e-011
13923	7.1297e-011
13924	7.4386e-011
13925	7.465e-011
13926	7.6593e-011
13927	7.8053e-011
13928	7.9886e-011
13929	8.1964e-011
13930	8.3444e-011
13931	8.6011e-011
13932	8.7298e-011
13933	8.9989e-011
13934	9.1354e-011
13935	9.3925e-011
13936	9.5704e-011
13937	9.7744e-011
13938	1.0102e-010
13939	1.0218e-010
13940	1.061e-010
13941	1.0706e-010
13942	1.0953e-010
13943	1.1277e-010
13944	1.1425e-010
13945	1.1726e-010
13946	1.2035e-010
13947	1.2213e-010
13948	1.2533e-010
13949	1.2886e-010
13950	1.3116e-010
13951	1.337e-010
13952	1.3732e-010
13953	1.4063e-010
13954	1.4355e-010
13955	1.4636e-010
13956	1.4933e-010
13957	1.5315e-010
13958	1.568e-010
13959	1.6037e-010
13960	1.6395e-010
13961	1.6768e-010
13962	1.713e-010
13963	1.7513e-010
13964	1.7906e-010
13965	1.8305e-010
13966	1.8737e-010
13967	1.9161e-010
13968	1.9616e-010
13969	2.0077e-010
13970	2.052e-010
13971	2.0897e-010
13972	2.1462e-010
13973	2.2052e-010
13974	2.2586e-010
13975	2.2964e-010
13976	2.3031e-010
13977	2.2706e-010
13978	2.2256e-010
13979	2.1658e-010
13980	2.1023e-010
13981	2.0713e-010
13982	2.0406e-010
13983	1.9943e-010
13984	1.9482e-010
13985	1.9063e-010
13986	1.8615e-010
13987	1.8232e-010
13988	1.7884e-010
13989	1.7533e-010
13990	1.7246e-010
13991	1.6929e-010
13992	1.6653e-010
13993	1.6391e-010
13994	1.6077e-010
13995	1.5449e-010
13996	1.5513e-010
13997	1.5806e-010
13998	1.6027e-010
13999	1.5417e-010
14000	1.4179e-010
14001	1.4875e-010
14002	1.6046e-010
14003	1.4208e-010
14004	1.363e-010
14005	1.3907e-010
14006	1.2865e-010
14007	1.3199e-010
14008	1.4025e-010
14009	1.2108e-010
14010	1.3076e-010
14011	1.5749e-010
14012	1.3029e-010
14013	1.295e-010
14014	1.1112e-010
14015	1.0227e-010
14016	1.0513e-010
14017	1.0554e-010
14018	1.0762e-010
14019	9.6681e-011
14020	9.8823e-011
14021	9.0133e-011
14022	8.8659e-011
14023	8.4175e-011
14024	8.1865e-011
14025	8.1554e-011
14026	8.6457e-011
14027	9.8248e-011
14028	8.3126e-011
14029	7.8269e-011
14030	7.3105e-011
14031	7.7394e-011
14032	8.1598e-011
14033	8.172e-011
14034	1.0277e-010
14035	1.0765e-010
14036	1.4782e-010
14037	2.0437e-010
14038	2.5091e-010
14039	2.7268e-010
14040	3.0823e-010
14041	7.4902e-011
14042	7.637e-011
14043	7.6686e-011
14044	7.8527e-011
14045	8.069e-011
14046	8.2871e-011
14047	8.482e-011
14048	8.7364e-011
14049	9.0458e-011
14050	9.138e-011
14051	9.3438e-011
14052	9.6167e-011
14053	9.7899e-011
14054	1.0149e-010
14055	1.0246e-010
14056	1.05e-010
14057	1.0716e-010
14058	1.0967e-010
14059	1.1245e-010
14060	1.1473e-010
14061	1.1803e-010
14062	1.2005e-010
14063	1.2349e-010
14064	1.2566e-010
14065	1.2902e-010
14066	1.3155e-010
14067	1.3438e-010
14068	1.3859e-010
14069	1.4065e-010
14070	1.4537e-010
14071	1.4726e-010
14072	1.5071e-010
14073	1.5491e-010
14074	1.5746e-010
14075	1.6147e-010
14076	1.6528e-010
14077	1.6852e-010
14078	1.7484e-010
14079	1.8198e-010
14080	1.8508e-010
14081	1.8896e-010
14082	1.9375e-010
14083	1.984e-010
14084	2.0258e-010
14085	2.0675e-010
14086	2.1121e-010
14087	2.1637e-010
14088	2.2145e-010
14089	2.2649e-010
14090	2.3154e-010
14091	2.3674e-010
14092	2.4195e-010
14093	2.4737e-010
14094	2.5297e-010
14095	2.5867e-010
14096	2.6463e-010
14097	2.705e-010
14098	2.7686e-010
14099	2.8332e-010
14100	2.8954e-010
14101	2.9541e-010
14102	3.0302e-010
14103	3.1059e-010
14104	3.1779e-010
14105	3.2411e-010
14106	3.2473e-010
14107	3.1875e-010
14108	3.1231e-010
14109	3.0479e-010
14110	2.9675e-010
14111	2.9124e-010
14112	2.8254e-010
14113	2.737e-010
14114	2.6699e-010
14115	2.6157e-010
14116	2.5549e-010
14117	2.4999e-010
14118	2.4479e-010
14119	2.3992e-010
14120	2.3578e-010
14121	2.3123e-010
14122	2.2703e-010
14123	2.2298e-010
14124	2.2011e-010
14125	2.1486e-010
14126	2.1412e-010
14127	2.1619e-010
14128	2.1688e-010
14129	2.0944e-010
14130	1.9593e-010
14131	2.012e-010
14132	2.1054e-010
14133	1.9228e-010
14134	1.8523e-010
14135	1.8646e-010
14136	1.7581e-010
14137	1.7712e-010
14138	1.835e-010
14139	1.6462e-010
14140	1.72e-010
14141	1.9569e-010
14142	1.6931e-010
14143	1.6728e-010
14144	1.502e-010
14145	1.3845e-010
14146	1.4101e-010
14147	1.3527e-010
14148	1.3893e-010
14149	1.3044e-010
14150	1.3204e-010
14151	1.2292e-010
14152	1.2044e-010
14153	1.1504e-010
14154	1.1132e-010
14155	1.0949e-010
14156	1.1264e-010
14157	1.229e-010
14158	1.0681e-010
14159	1.0017e-010
14160	9.4634e-011
14161	1.0601e-010
14162	1.1412e-010
14163	1.1026e-010
14164	1.3951e-010
14165	1.5547e-010
14166	2.4157e-010
14167	3.5465e-010
14168	4.4588e-010
14169	4.596e-010
14170	6.5796e-010
14171	8.1948e-011
14172	8.3175e-011
14173	8.4284e-011
14174	8.5148e-011
14175	8.8098e-011
14176	8.9927e-011
14177	9.2546e-011
14178	9.5576e-011
14179	9.604e-011
14180	1.0029e-010
14181	1.0196e-010
14182	1.0315e-010
14183	1.0793e-010
14184	1.0774e-010
14185	1.1258e-010
14186	1.134e-010
14187	1.1656e-010
14188	1.1928e-010
14189	1.2133e-010
14190	1.2533e-010
14191	1.2675e-010
14192	1.3131e-010
14193	1.3263e-010
14194	1.3715e-010
14195	1.3904e-010
14196	1.4283e-010
14197	1.4674e-010
14198	1.483e-010
14199	1.5445e-010
14200	1.5494e-010
14201	1.6103e-010
14202	1.6366e-010
14203	1.6609e-010
14204	1.7215e-010
14205	1.7461e-010
14206	1.7792e-010
14207	1.8402e-010
14208	1.8828e-010
14209	1.9372e-010
14210	1.9963e-010
14211	2.042e-010
14212	2.0845e-010
14213	2.1186e-010
14214	2.1748e-010
14215	2.2267e-010
14216	2.2772e-010
14217	2.3261e-010
14218	2.3795e-010
14219	2.4331e-010
14220	2.4819e-010
14221	2.5443e-010
14222	2.6013e-010
14223	2.6603e-010
14224	2.7215e-010
14225	2.7835e-010
14226	2.8433e-010
14227	2.9024e-010
14228	2.9698e-010
14229	3.0412e-010
14230	3.1136e-010
14231	3.1969e-010
14232	3.2707e-010
14233	3.3161e-010
14234	3.385e-010
14235	3.5156e-010
14236	3.5254e-010
14237	3.3952e-010
14238	3.3298e-010
14239	3.3061e-010
14240	3.2084e-010
14241	3.1392e-010
14242	3.0389e-010
14243	2.9535e-010
14244	2.8818e-010
14245	2.8349e-010
14246	2.7771e-010
14247	2.7197e-010
14248	2.6642e-010
14249	2.6115e-010
14250	2.559e-010
14251	2.4798e-010
14252	2.4583e-010
14253	2.4069e-010
14254	2.4034e-010
14255	2.3742e-010
14256	2.3504e-010
14257	2.3268e-010
14258	2.2196e-010
14259	2.2686e-010
14260	2.1944e-010
14261	2.2219e-010
14262	2.098e-010
14263	2.1153e-010
14264	2.1062e-010
14265	1.9116e-010
14266	1.8732e-010
14267	2.0443e-010
14268	1.8292e-010
14269	1.8202e-010
14270	1.9819e-010
14271	1.8735e-010
14272	2.003e-010
14273	1.6526e-010
14274	1.7109e-010
14275	1.5195e-010
14276	1.4924e-010
14277	1.5298e-010
14278	1.4148e-010
14279	1.5076e-010
14280	1.3517e-010
14281	1.4016e-010
14282	1.2723e-010
14283	1.2783e-010
14284	1.2366e-010
14285	1.1706e-010
14286	1.3115e-010
14287	1.2018e-010
14288	1.2676e-010
14289	1.0365e-010
14290	1.0715e-010
14291	1.2298e-010
14292	1.1194e-010
14293	1.2961e-010
14294	1.5563e-010
14295	1.789e-010
14296	2.3352e-010
14297	3.5512e-010
14298	4.1831e-010
14299	4.3349e-010
14300	5.7615e-010
14301	7.4929e-011
14302	7.6384e-011
14303	7.6695e-011
14304	7.8522e-011
14305	8.0663e-011
14306	8.2844e-011
14307	8.4799e-011
14308	8.7315e-011
14309	9.0401e-011
14310	9.1338e-011
14311	9.3361e-011
14312	9.6107e-011
14313	9.785e-011
14314	1.0148e-010
14315	1.0245e-010
14316	1.0501e-010
14317	1.072e-010
14318	1.0971e-010
14319	1.1248e-010
14320	1.1473e-010
14321	1.1799e-010
14322	1.1998e-010
14323	1.2345e-010
14324	1.2561e-010
14325	1.2898e-010
14326	1.3161e-010
14327	1.3442e-010
14328	1.3856e-010
14329	1.4062e-010
14330	1.4536e-010
14331	1.4727e-010
14332	1.507e-010
14333	1.5485e-010
14334	1.5742e-010
14335	1.6147e-010
14336	1.654e-010
14337	1.6841e-010
14338	1.7531e-010
14339	1.8179e-010
14340	1.8535e-010
14341	1.8887e-010
14342	1.9374e-010
14343	1.9837e-010
14344	2.0259e-010
14345	2.0672e-010
14346	2.1121e-010
14347	2.1641e-010
14348	2.214e-010
14349	2.265e-010
14350	2.3155e-010
14351	2.3673e-010
14352	2.4193e-010
14353	2.4735e-010
14354	2.5296e-010
14355	2.5875e-010
14356	2.6475e-010
14357	2.7047e-010
14358	2.7689e-010
14359	2.8327e-010
14360	2.8942e-010
14361	2.9532e-010
14362	3.0301e-010
14363	3.1064e-010
14364	3.1771e-010
14365	3.2399e-010
14366	3.2467e-010
14367	3.1875e-010
14368	3.1239e-010
14369	3.0481e-010
14370	2.967e-010
14371	2.88e-010
14372	2.8044e-010
14373	2.7366e-010
14374	2.6715e-010
14375	2.6148e-010
14376	2.5542e-010
14377	2.5002e-010
14378	2.4474e-010
14379	2.3999e-010
14380	2.3561e-010
14381	2.3146e-010
14382	2.268e-010
14383	2.2308e-010
14384	2.2014e-010
14385	2.1501e-010
14386	2.1406e-010
14387	2.1672e-010
14388	2.1672e-010
14389	2.095e-010
14390	1.9587e-010
14391	2.0109e-010
14392	2.1044e-010
14393	1.9219e-010
14394	1.8519e-010
14395	1.8648e-010
14396	1.7583e-010
14397	1.7718e-010
14398	1.8352e-010
14399	1.6464e-010
14400	1.7203e-010
14401	1.9573e-010
14402	1.6936e-010
14403	1.6737e-010
14404	1.5026e-010
14405	1.3848e-010
14406	1.4107e-010
14407	1.353e-010
14408	1.3899e-010
14409	1.3048e-010
14410	1.3209e-010
14411	1.2296e-010
14412	1.2048e-010
14413	1.1508e-010
14414	1.1137e-010
14415	1.0953e-010
14416	1.1264e-010
14417	1.2292e-010
14418	1.0682e-010
14419	1.0018e-010
14420	9.4644e-011
14421	1.0599e-010
14422	1.1413e-010
14423	1.1025e-010
14424	1.3951e-010
14425	1.5548e-010
14426	2.4157e-010
14427	3.5466e-010
14428	4.459e-010
14429	4.5963e-010
14430	6.5798e-010
14431	7.4889e-011
14432	7.6329e-011
14433	7.6637e-011
14434	7.8477e-011
14435	8.0602e-011
14436	8.2752e-011
14437	8.4718e-011
14438	8.7255e-011
14439	9.0358e-011
14440	9.1314e-011
14441	9.3382e-011
14442	9.61e-011
14443	9.7805e-011
14444	1.0138e-010
14445	1.0242e-010
14446	1.0502e-010
14447	1.0718e-010
14448	1.0965e-010
14449	1.1245e-010
14450	1.1473e-010
14451	1.1803e-010
14452	1.2003e-010
14453	1.2348e-010
14454	1.2563e-010
14455	1.2896e-010
14456	1.3154e-010
14457	1.3435e-010
14458	1.3854e-010
14459	1.4065e-010
14460	1.4538e-010
14461	1.4721e-010
14462	1.5061e-010
14463	1.548e-010
14464	1.5728e-010
14465	1.6128e-010
14466	1.6538e-010
14467	1.6858e-010
14468	1.723e-010
14469	1.8005e-010
14470	1.8495e-010
14471	1.8885e-010
14472	1.9349e-010
14473	1.9822e-010
14474	2.0268e-010
14475	2.0672e-010
14476	2.1111e-010
14477	2.1628e-010
14478	2.212e-010
14479	2.2633e-010
14480	2.3134e-010
14481	2.3659e-010
14482	2.4177e-010
14483	2.4726e-010
14484	2.5298e-010
14485	2.5868e-010
14486	2.647e-010
14487	2.7064e-010
14488	2.7704e-010
14489	2.8331e-010
14490	2.8973e-010
14491	2.9545e-010
14492	3.0301e-010
14493	3.1069e-010
14494	3.1787e-010
14495	3.2423e-010
14496	3.2462e-010
14497	3.1885e-010
14498	3.1254e-010
14499	3.0531e-010
14500	2.9598e-010
14501	2.8867e-010
14502	2.8025e-010
14503	2.743e-010
14504	2.6696e-010
14505	2.6144e-010
14506	2.5554e-010
14507	2.5002e-010
14508	2.4471e-010
14509	2.3984e-010
14510	2.3598e-010
14511	2.3019e-010
14512	2.2723e-010
14513	2.2265e-010
14514	2.2033e-010
14515	2.1454e-010
14516	2.1437e-010
14517	2.1635e-010
14518	2.1662e-010
14519	2.0943e-010
14520	1.9595e-010
14521	2.0112e-010
14522	2.1046e-010
14523	1.9221e-010
14524	1.8527e-010
14525	1.8662e-010
14526	1.7593e-010
14527	1.7734e-010
14528	1.8374e-010
14529	1.6483e-010
14530	1.7216e-010
14531	1.9588e-010
14532	1.6946e-010
14533	1.6751e-010
14534	1.504e-010
14535	1.3869e-010
14536	1.4128e-010
14537	1.355e-010
14538	1.3916e-010
14539	1.3066e-010
14540	1.3226e-010
14541	1.2309e-010
14542	1.2065e-010
14543	1.1521e-010
14544	1.1152e-010
14545	1.0968e-010
14546	1.1278e-010
14547	1.2303e-010
14548	1.0689e-010
14549	1.0023e-010
14550	9.4698e-011
14551	1.0605e-010
14552	1.1422e-010
14553	1.1033e-010
14554	1.396e-010
14555	1.5558e-010
14556	2.4169e-010
14557	3.5473e-010
14558	4.4603e-010
14559	4.5977e-010
14560	6.5807e-010
14561	8.1875e-011
14562	8.3116e-011
14563	8.4182e-011
14564	8.5085e-011
14565	8.8031e-011
14566	8.9873e-011
14567	9.2456e-011
14568	9.547e-011
14569	9.5892e-011
14570	1.0018e-010
14571	1.0191e-010
14572	1.0314e-010
14573	1.0785e-010
14574	1.0765e-010
14575	1.1254e-010
14576	1.1338e-010
14577	1.1653e-010
14578	1.1915e-010
14579	1.2121e-010
14580	1.2524e-010
14581	1.2675e-010
14582	1.3132e-010
14583	1.3268e-010
14584	1.3715e-010
14585	1.3904e-010
14586	1.4275e-010
14587	1.4669e-010
14588	1.4831e-010
14589	1.5448e-010
14590	1.5481e-010
14591	1.6076e-010
14592	1.6343e-010
14593	1.6584e-010
14594	1.7189e-010
14595	1.7441e-010
14596	1.7788e-010
14597	1.8364e-010
14598	1.881e-010
14599	1.9067e-010
14600	2.0017e-010
14601	2.0393e-010
14602	2.0797e-010
14603	2.1161e-010
14604	2.1732e-010
14605	2.2269e-010
14606	2.278e-010
14607	2.3243e-010
14608	2.375e-010
14609	2.4289e-010
14610	2.4807e-010
14611	2.5414e-010
14612	2.5998e-010
14613	2.6586e-010
14614	2.718e-010
14615	2.7798e-010
14616	2.8447e-010
14617	2.9027e-010
14618	2.9711e-010
14619	3.042e-010
14620	3.1173e-010
14621	3.1984e-010
14622	3.2716e-010
14623	3.3206e-010
14624	3.3878e-010
14625	3.5165e-010
14626	3.5224e-010
14627	3.395e-010
14628	3.3334e-010
14629	3.2981e-010
14630	3.2312e-010
14631	3.1246e-010
14632	3.0397e-010
14633	2.9397e-010
14634	2.8896e-010
14635	2.8362e-010
14636	2.7772e-010
14637	2.7206e-010
14638	2.6633e-010
14639	2.6098e-010
14640	2.5446e-010
14641	2.4877e-010
14642	2.4451e-010
14643	2.4092e-010
14644	2.387e-010
14645	2.3812e-010
14646	2.3348e-010
14647	2.3285e-010
14648	2.2192e-010
14649	2.2661e-010
14650	2.1939e-010
14651	2.222e-010
14652	2.0968e-010
14653	2.1163e-010
14654	2.1077e-010
14655	1.9131e-010
14656	1.8741e-010
14657	2.0463e-010
14658	1.8308e-010
14659	1.8219e-010
14660	1.9838e-010
14661	1.8755e-010
14662	2.0052e-010
14663	1.6566e-010
14664	1.7137e-010
14665	1.523e-010
14666	1.4954e-010
14667	1.5324e-010
14668	1.4178e-010
14669	1.5104e-010
14670	1.3544e-010
14671	1.4045e-010
14672	1.275e-010
14673	1.2807e-010
14674	1.2389e-010
14675	1.1728e-010
14676	1.3131e-010
14677	1.2033e-010
14678	1.2687e-010
14679	1.0365e-010
14680	1.072e-010
14681	1.2304e-010
14682	1.1196e-010
14683	1.2971e-010
14684	1.557e-010
14685	1.7903e-010
14686	2.3364e-010
14687	3.5516e-010
14688	4.1845e-010
14689	4.3358e-010
14690	5.7627e-010
14691	7.4887e-011
14692	7.6329e-011
14693	7.6637e-011
14694	7.8475e-011
14695	8.06e-011
14696	8.2752e-011
14697	8.4718e-011
14698	8.7256e-011
14699	9.0358e-011
14700	9.1314e-011
14701	9.3382e-011
14702	9.61e-011
14703	9.7805e-011
14704	1.0138e-010
14705	1.0242e-010
14706	1.0502e-010
14707	1.0718e-010
14708	1.0965e-010
14709	1.1245e-010
14710	1.1473e-010
14711	1.1802e-010
14712	1.2003e-010
14713	1.2348e-010
14714	1.2563e-010
14715	1.2896e-010
14716	1.3154e-010
14717	1.3435e-010
14718	1.3854e-010
14719	1.4065e-010
14720	1.4538e-010
14721	1.4721e-010
14722	1.5061e-010
14723	1.548e-010
14724	1.5728e-010
14725	1.6128e-010
14726	1.6541e-010
14727	1.6843e-010
14728	1.7261e-010
14729	1.8022e-010
14730	1.854e-010
14731	1.8914e-010
14732	1.9349e-010
14733	1.9781e-010
14734	2.0283e-010
14735	2.0667e-010
14736	2.1112e-010
14737	2.1627e-010
14738	2.212e-010
14739	2.2633e-010
14740	2.3134e-010
14741	2.3659e-010
14742	2.4177e-010
14743	2.4726e-010
14744	2.5298e-010
14745	2.5868e-010
14746	2.647e-010
14747	2.7064e-010
14748	2.7704e-010
14749	2.8331e-010
14750	2.8973e-010
14751	2.9545e-010
14752	3.0301e-010
14753	3.1069e-010
14754	3.1787e-010
14755	3.2423e-010
14756	3.2462e-010
14757	3.1885e-010
14758	3.1254e-010
14759	3.0531e-010
14760	2.9603e-010
14761	2.8871e-010
14762	2.8025e-010
14763	2.743e-010
14764	2.6696e-010
14765	2.6144e-010
14766	2.5554e-010
14767	2.4996e-010
14768	2.4488e-010
14769	2.4011e-010
14770	2.365e-010
14771	2.312e-010
14772	2.2742e-010
14773	2.235e-010
14774	2.2054e-010
14775	2.1468e-010
14776	2.1432e-010
14777	2.1636e-010
14778	2.1664e-010
14779	2.0946e-010
14780	1.9589e-010
14781	2.0112e-010
14782	2.1047e-010
14783	1.922e-010
14784	1.8527e-010
14785	1.8662e-010
14786	1.7593e-010
14787	1.7733e-010
14788	1.8374e-010
14789	1.6483e-010
14790	1.7216e-010
14791	1.9587e-010
14792	1.6946e-010
14793	1.6751e-010
14794	1.504e-010
14795	1.3871e-010
14796	1.4128e-010
14797	1.3549e-010
14798	1.3916e-010
14799	1.3066e-010
14800	1.3226e-010
14801	1.2309e-010
14802	1.2065e-010
14803	1.1521e-010
14804	1.1152e-010
14805	1.0969e-010
14806	1.1278e-010
14807	1.2303e-010
14808	1.0689e-010
14809	1.0023e-010
14810	9.4698e-011
14811	1.0605e-010
14812	1.1422e-010
14813	1.1033e-010
14814	1.396e-010
14815	1.5558e-010
14816	2.4169e-010
14817	3.5473e-010
14818	4.4603e-010
14819	4.5977e-010
14820	6.5807e-010
14821	7.493e-011
14822	7.6384e-011
14823	7.6695e-011
14824	7.8522e-011
14825	8.0663e-011
14826	8.2844e-011
14827	8.4797e-011
14828	8.7315e-011
14829	9.0401e-011
14830	9.1338e-011
14831	9.3361e-011
14832	9.6107e-011
14833	9.785e-011
14834	1.0148e-010
14835	1.0245e-010
14836	1.0501e-010
14837	1.072e-010
14838	1.0971e-010
14839	1.1248e-010
14840	1.1472e-010
14841	1.1799e-010
14842	1.1998e-010
14843	1.2345e-010
14844	1.2561e-010
14845	1.2898e-010
14846	1.3161e-010
14847	1.3442e-010
14848	1.3857e-010
14849	1.4061e-010
14850	1.4535e-010
14851	1.4727e-010
14852	1.507e-010
14853	1.5485e-010
14854	1.5742e-010
14855	1.6146e-010
14856	1.654e-010
14857	1.6837e-010
14858	1.7267e-010
14859	1.772e-010
14860	1.8029e-010
14861	1.8385e-010
14862	1.9081e-010
14863	1.9851e-010
14864	2.0264e-010
14865	2.0668e-010
14866	2.1124e-010
14867	2.1638e-010
14868	2.2139e-010
14869	2.2649e-010
14870	2.3158e-010
14871	2.3675e-010
14872	2.4193e-010
14873	2.4735e-010
14874	2.5296e-010
14875	2.5875e-010
14876	2.6475e-010
14877	2.7047e-010
14878	2.7689e-010
14879	2.8327e-010
14880	2.8942e-010
14881	2.9532e-010
14882	3.0301e-010
14883	3.1059e-010
14884	3.1772e-010
14885	3.2399e-010
14886	3.2467e-010
14887	3.1875e-010
14888	3.1241e-010
14889	3.0478e-010
14890	2.9675e-010
14891	2.8827e-010
14892	2.8052e-010
14893	2.736e-010
14894	2.6718e-010
14895	2.6148e-010
14896	2.5541e-010
14897	2.5005e-010
14898	2.4461e-010
14899	2.4057e-010
14900	2.3606e-010
14901	2.3143e-010
14902	2.2726e-010
14903	2.235e-010
14904	2.2068e-010
14905	2.1507e-010
14906	2.1405e-010
14907	2.1666e-010
14908	2.1692e-010
14909	2.094e-010
14910	1.9593e-010
14911	2.011e-010
14912	2.1043e-010
14913	1.9215e-010
14914	1.852e-010
14915	1.865e-010
14916	1.7583e-010
14917	1.7719e-010
14918	1.8352e-010
14919	1.6465e-010
14920	1.7206e-010
14921	1.9573e-010
14922	1.6936e-010
14923	1.6736e-010
14924	1.5026e-010
14925	1.3848e-010
14926	1.4107e-010
14927	1.353e-010
14928	1.3899e-010
14929	1.3048e-010
14930	1.3209e-010
14931	1.2295e-010
14932	1.2048e-010
14933	1.1508e-010
14934	1.1138e-010
14935	1.0953e-010
14936	1.1264e-010
14937	1.2291e-010
14938	1.0682e-010
14939	1.0018e-010
14940	9.4644e-011
14941	1.0599e-010
14942	1.1413e-010
14943	1.1025e-010
14944	1.3951e-010
14945	1.5548e-010
14946	2.4157e-010
14947	3.5466e-010
14948	4.459e-010
14949	4.5963e-010
14950	6.5797e-010
14951	8.1948e-011
14952	8.3176e-011
14953	8.4287e-011
14954	8.5149e-011
14955	8.8098e-011
14956	8.9927e-011
14957	9.2547e-011
14958	9.5577e-011
14959	9.604e-011
14960	1.0029e-010
14961	1.0196e-010
14962	1.0315e-010
14963	1.0793e-010
14964	1.0774e-010
14965	1.1257e-010
14966	1.134e-010
14967	1.1656e-010
14968	1.1929e-010
14969	1.2133e-010
14970	1.2533e-010
14971	1.2675e-010
14972	1.3131e-010
14973	1.3263e-010
14974	1.3715e-010
14975	1.3904e-010
14976	1.4283e-010
14977	1.4673e-010
14978	1.4827e-010
14979	1.5446e-010
14980	1.5495e-010
14981	1.6103e-010
14982	1.6366e-010
14983	1.661e-010
14984	1.7215e-010
14985	1.7463e-010
14986	1.7795e-010
14987	1.8359e-010
14988	1.8747e-010
14989	1.898e-010
14990	1.9611e-010
14991	2.0055e-010
14992	2.0593e-010
14993	2.0905e-010
14994	2.1709e-010
14995	2.2262e-010
14996	2.2771e-010
14997	2.3259e-010
14998	2.3794e-010
14999	2.4332e-010
15000	2.4815e-010
15001	2.5444e-010
15002	2.6013e-010
15003	2.6603e-010
15004	2.7215e-010
15005	2.7835e-010
15006	2.8433e-010
15007	2.9024e-010
15008	2.9698e-010
15009	3.0412e-010
15010	3.1136e-010
15011	3.1969e-010
15012	3.2706e-010
15013	3.3161e-010
15014	3.385e-010
15015	3.5157e-010
15016	3.5247e-010
15017	3.3954e-010
15018	3.3305e-010
15019	3.3058e-010
15020	3.1963e-010
15021	3.1137e-010
15022	3.0245e-010
15023	2.9535e-010
15024	2.8816e-010
15025	2.8349e-010
15026	2.7766e-010
15027	2.7194e-010
15028	2.6832e-010
15029	2.6205e-010
15030	2.5819e-010
15031	2.5083e-010
15032	2.473e-010
15033	2.4324e-010
15034	2.4028e-010
15035	2.3804e-010
15036	2.3505e-010
15037	2.3269e-010
15038	2.2156e-010
15039	2.2682e-010
15040	2.1943e-010
15041	2.2216e-010
15042	2.0973e-010
15043	2.1155e-010
15044	2.106e-010
15045	1.9119e-010
15046	1.8729e-010
15047	2.0446e-010
15048	1.8292e-010
15049	1.8202e-010
15050	1.9819e-010
15051	1.8734e-010
15052	2.003e-010
15053	1.6527e-010
15054	1.7107e-010
15055	1.5195e-010
15056	1.4922e-010
15057	1.5298e-010
15058	1.4149e-010
15059	1.5074e-010
15060	1.3513e-010
15061	1.4016e-010
15062	1.2721e-010
15063	1.2784e-010
15064	1.2366e-010
15065	1.1707e-010
15066	1.3115e-010
15067	1.2018e-010
15068	1.2676e-010
15069	1.0365e-010
15070	1.0715e-010
15071	1.2298e-010
15072	1.1194e-010
15073	1.2961e-010
15074	1.5563e-010
15075	1.789e-010
15076	2.3352e-010
15077	3.5512e-010
15078	4.1831e-010
15079	4.335e-010
15080	5.7615e-010
15081	7.4902e-011
15082	7.6368e-011
15083	7.6685e-011
15084	7.8526e-011
15085	8.0689e-011
15086	8.2873e-011
15087	8.4816e-011
15088	8.7362e-011
15089	9.0458e-011
15090	9.138e-011
15091	9.3438e-011
15092	9.617e-011
15093	9.7896e-011
15094	1.0149e-010
15095	1.0245e-010
15096	1.0499e-010
15097	1.0716e-010
15098	1.0968e-010
15099	1.1245e-010
15100	1.1474e-010
15101	1.1803e-010
15102	1.2005e-010
15103	1.2349e-010
15104	1.2566e-010
15105	1.2902e-010
15106	1.3155e-010
15107	1.3438e-010
15108	1.3859e-010
15109	1.4068e-010
15110	1.4536e-010
15111	1.4726e-010
15112	1.5071e-010
15113	1.5493e-010
15114	1.5749e-010
15115	1.6146e-010
15116	1.6535e-010
15117	1.6834e-010
15118	1.7254e-010
15119	1.7736e-010
15120	1.8049e-010
15121	1.8413e-010
15122	1.889e-010
15123	1.9411e-010
15124	2.0074e-010
15125	2.0674e-010
15126	2.1121e-010
15127	2.1634e-010
15128	2.2144e-010
15129	2.2649e-010
15130	2.3154e-010
15131	2.3674e-010
15132	2.4195e-010
15133	2.4737e-010
15134	2.5296e-010
15135	2.5866e-010
15136	2.6463e-010
15137	2.705e-010
15138	2.7686e-010
15139	2.8332e-010
15140	2.8954e-010
15141	2.9541e-010
15142	3.0303e-010
15143	3.1059e-010
15144	3.1779e-010
15145	3.241e-010
15146	3.247e-010
15147	3.1879e-010
15148	3.1227e-010
15149	3.051e-010
15150	2.9308e-010
15151	2.8474e-010
15152	2.7931e-010
15153	2.7342e-010
15154	2.6705e-010
15155	2.6156e-010
15156	2.5542e-010
15157	2.5023e-010
15158	2.4736e-010
15159	2.4646e-010
15160	2.4156e-010
15161	2.3692e-010
15162	2.326e-010
15163	2.2867e-010
15164	2.2348e-010
15165	2.1556e-010
15166	2.151e-010
15167	2.1666e-010
15168	2.1753e-010
15169	2.0833e-010
15170	1.9602e-010
15171	2.0115e-010
15172	2.1046e-010
15173	1.9218e-010
15174	1.8514e-010
15175	1.8645e-010
15176	1.7577e-010
15177	1.7713e-010
15178	1.8349e-010
15179	1.6463e-010
15180	1.72e-010
15181	1.9568e-010
15182	1.693e-010
15183	1.6728e-010
15184	1.5019e-010
15185	1.3845e-010
15186	1.4101e-010
15187	1.3527e-010
15188	1.3893e-010
15189	1.3043e-010
15190	1.3204e-010
15191	1.2292e-010
15192	1.2044e-010
15193	1.1504e-010
15194	1.1134e-010
15195	1.0949e-010
15196	1.1264e-010
15197	1.229e-010
15198	1.0681e-010
15199	1.0017e-010
15200	9.4632e-011
15201	1.0601e-010
15202	1.1413e-010
15203	1.1026e-010
15204	1.3951e-010
15205	1.5547e-010
15206	2.4157e-010
15207	3.5465e-010
15208	4.4588e-010
15209	4.596e-010
15210	6.5796e-010
15211	7.4904e-011
15212	7.6372e-011
15213	7.6688e-011
15214	7.8529e-011
15215	8.068e-011
15216	8.2873e-011
15217	8.4818e-011
15218	8.7364e-011
15219	9.0458e-011
15220	9.1369e-011
15221	9.3439e-011
15222	9.617e-011
15223	9.7898e-011
15224	1.0149e-010
15225	1.0246e-010
15226	1.05e-010
15227	1.0716e-010
15228	1.0967e-010
15229	1.1245e-010
15230	1.1473e-010
15231	1.1803e-010
15232	1.2005e-010
15233	1.2349e-010
15234	1.2566e-010
15235	1.2902e-010
15236	1.3155e-010
15237	1.3438e-010
15238	1.3859e-010
15239	1.4065e-010
15240	1.4537e-010
15241	1.4726e-010
15242	1.5071e-010
15243	1.5491e-010
15244	1.5749e-010
15245	1.6146e-010
15246	1.6534e-010
15247	1.6834e-010
15248	1.7253e-010
15249	1.774e-010
15250	1.8047e-010
15251	1.8417e-010
15252	1.8878e-010
15253	1.933e-010
15254	1.9854e-010
15255	2.0585e-010
15256	2.1104e-010
15257	2.1641e-010
15258	2.2144e-010
15259	2.265e-010
15260	2.3154e-010
15261	2.3674e-010
15262	2.4195e-010
15263	2.4737e-010
15264	2.5296e-010
15265	2.5867e-010
15266	2.6464e-010
15267	2.705e-010
15268	2.7686e-010
15269	2.8332e-010
15270	2.8954e-010
15271	2.9541e-010
15272	3.0303e-010
15273	3.1059e-010
15274	3.1777e-010
15275	3.2408e-010
15276	3.2469e-010
15277	3.1872e-010
15278	3.1243e-010
15279	3.0524e-010
15280	2.9334e-010
15281	2.8484e-010
15282	2.7928e-010
15283	2.7347e-010
15284	2.6704e-010
15285	2.6156e-010
15286	2.5542e-010
15287	2.4992e-010
15288	2.4822e-010
15289	2.456e-010
15290	2.4172e-010
15291	2.3669e-010
15292	2.3252e-010
15293	2.2848e-010
15294	2.2346e-010
15295	2.1563e-010
15296	2.1204e-010
15297	2.1079e-010
15298	2.13e-010
15299	2.0848e-010
15300	1.9587e-010
15301	2.0115e-010
15302	2.1046e-010
15303	1.9217e-010
15304	1.8517e-010
15305	1.8645e-010
15306	1.7577e-010
15307	1.7714e-010
15308	1.835e-010
15309	1.6463e-010
15310	1.72e-010
15311	1.9568e-010
15312	1.693e-010
15313	1.6728e-010
15314	1.502e-010
15315	1.3845e-010
15316	1.4101e-010
15317	1.3527e-010
15318	1.3893e-010
15319	1.3044e-010
15320	1.3204e-010
15321	1.2292e-010
15322	1.2044e-010
15323	1.1502e-010
15324	1.1133e-010
15325	1.095e-010
15326	1.1264e-010
15327	1.2289e-010
15328	1.0681e-010
15329	1.0017e-010
15330	9.4638e-011
15331	1.06e-010
15332	1.1413e-010
15333	1.1026e-010
15334	1.3951e-010
15335	1.5547e-010
15336	2.4157e-010
15337	3.5465e-010
15338	4.4588e-010
15339	4.596e-010
15340	6.5794e-010
15341	8.1957e-011
15342	8.3169e-011
15343	8.4291e-011
15344	8.5145e-011
15345	8.8091e-011
15346	8.9922e-011
15347	9.2543e-011
15348	9.5589e-011
15349	9.6034e-011
15350	1.0029e-010
15351	1.0196e-010
15352	1.0315e-010
15353	1.0792e-010
15354	1.0774e-010
15355	1.1258e-010
15356	1.1341e-010
15357	1.1655e-010
15358	1.1927e-010
15359	1.2134e-010
15360	1.2532e-010
15361	1.2675e-010
15362	1.3132e-010
15363	1.3262e-010
15364	1.3714e-010
15365	1.3903e-010
15366	1.4285e-010
15367	1.4674e-010
15368	1.4829e-010
15369	1.5445e-010
15370	1.5494e-010
15371	1.6103e-010
15372	1.6365e-010
15373	1.6609e-010
15374	1.7214e-010
15375	1.7462e-010
15376	1.7794e-010
15377	1.8358e-010
15378	1.875e-010
15379	1.8978e-010
15380	1.962e-010
15381	2.0045e-010
15382	2.0493e-010
15383	2.0776e-010
15384	2.1466e-010
15385	2.2213e-010
15386	2.2739e-010
15387	2.3263e-010
15388	2.3795e-010
15389	2.4334e-010
15390	2.4819e-010
15391	2.5443e-010
15392	2.6015e-010
15393	2.6603e-010
15394	2.7222e-010
15395	2.7835e-010
15396	2.8432e-010
15397	2.9022e-010
15398	2.9696e-010
15399	3.0416e-010
15400	3.1139e-010
15401	3.1967e-010
15402	3.2705e-010
15403	3.3162e-010
15404	3.3849e-010
15405	3.516e-010
15406	3.5245e-010
15407	3.3963e-010
15408	3.3164e-010
15409	3.2796e-010
15410	3.1705e-010
15411	3.1006e-010
15412	3.0255e-010
15413	2.9532e-010
15414	2.8822e-010
15415	2.8346e-010
15416	2.7764e-010
15417	2.7258e-010
15418	2.6637e-010
15419	2.6538e-010
15420	2.5975e-010
15421	2.5313e-010
15422	2.4943e-010
15423	2.4531e-010
15424	2.4137e-010
15425	2.3814e-010
15426	2.34e-010
15427	2.2895e-010
15428	2.2205e-010
15429	2.2466e-010
15430	2.1945e-010
15431	2.2227e-010
15432	2.0969e-010
15433	2.1157e-010
15434	2.1059e-010
15435	1.912e-010
15436	1.8729e-010
15437	2.0447e-010
15438	1.8291e-010
15439	1.8201e-010
15440	1.9819e-010
15441	1.8735e-010
15442	2.003e-010
15443	1.6526e-010
15444	1.7109e-010
15445	1.5195e-010
15446	1.4921e-010
15447	1.5298e-010
15448	1.4148e-010
15449	1.5076e-010
15450	1.3516e-010
15451	1.4016e-010
15452	1.2722e-010
15453	1.2784e-010
15454	1.2366e-010
15455	1.1706e-010
15456	1.3115e-010
15457	1.2019e-010
15458	1.2677e-010
15459	1.0364e-010
15460	1.0714e-010
15461	1.2299e-010
15462	1.1193e-010
15463	1.2961e-010
15464	1.5563e-010
15465	1.789e-010
15466	2.3353e-010
15467	3.5511e-010
15468	4.183e-010
15469	4.3349e-010
15470	5.7614e-010
15471	7.4932e-011
15472	7.6389e-011
15473	7.6683e-011
15474	7.8526e-011
15475	8.0659e-011
15476	8.2848e-011
15477	8.4803e-011
15478	8.732e-011
15479	9.0406e-011
15480	9.1329e-011
15481	9.3363e-011
15482	9.6104e-011
15483	9.7855e-011
15484	1.0147e-010
15485	1.0246e-010
15486	1.0502e-010
15487	1.0717e-010
15488	1.097e-010
15489	1.1246e-010
15490	1.1474e-010
15491	1.18e-010
15492	1.1998e-010
15493	1.2344e-010
15494	1.2562e-010
15495	1.2899e-010
15496	1.316e-010
15497	1.3443e-010
15498	1.3856e-010
15499	1.4062e-010
15500	1.4536e-010
15501	1.4728e-010
15502	1.5071e-010
15503	1.5486e-010
15504	1.5743e-010
15505	1.6144e-010
15506	1.654e-010
15507	1.6838e-010
15508	1.7255e-010
15509	1.7739e-010
15510	1.8049e-010
15511	1.841e-010
15512	1.8894e-010
15513	1.9423e-010
15514	1.9986e-010
15515	2.0478e-010
15516	2.12e-010
15517	2.1635e-010
15518	2.2156e-010
15519	2.2648e-010
15520	2.3156e-010
15521	2.3672e-010
15522	2.4194e-010
15523	2.4737e-010
15524	2.5298e-010
15525	2.5872e-010
15526	2.6473e-010
15527	2.7047e-010
15528	2.769e-010
15529	2.8328e-010
15530	2.8943e-010
15531	2.9533e-010
15532	3.0302e-010
15533	3.1062e-010
15534	3.1771e-010
15535	3.2394e-010
15536	3.2487e-010
15537	3.1886e-010
15538	3.0934e-010
15539	2.9783e-010
15540	2.9003e-010
15541	2.8462e-010
15542	2.7928e-010
15543	2.7339e-010
15544	2.6699e-010
15545	2.6153e-010
15546	2.5541e-010
15547	2.5001e-010
15548	2.4539e-010
15549	2.4303e-010
15550	2.4128e-010
15551	2.367e-010
15552	2.3266e-010
15553	2.2847e-010
15554	2.2345e-010
15555	2.156e-010
15556	2.1465e-010
15557	2.1549e-010
15558	2.157e-010
15559	2.0802e-010
15560	1.9598e-010
15561	2.0106e-010
15562	2.1042e-010
15563	1.9217e-010
15564	1.8522e-010
15565	1.865e-010
15566	1.7581e-010
15567	1.7717e-010
15568	1.835e-010
15569	1.6465e-010
15570	1.7203e-010
15571	1.9573e-010
15572	1.6936e-010
15573	1.6737e-010
15574	1.5025e-010
15575	1.3849e-010
15576	1.4107e-010
15577	1.353e-010
15578	1.3898e-010
15579	1.3047e-010
15580	1.3208e-010
15581	1.2294e-010
15582	1.2049e-010
15583	1.1509e-010
15584	1.1137e-010
15585	1.0953e-010
15586	1.1265e-010
15587	1.2292e-010
15588	1.0682e-010
15589	1.0018e-010
15590	9.4644e-011
15591	1.06e-010
15592	1.1413e-010
15593	1.1025e-010
15594	1.3951e-010
15595	1.5548e-010
15596	2.4157e-010
15597	3.5468e-010
15598	4.459e-010
15599	4.5965e-010
15600	6.5798e-010
15601	7.4888e-011
15602	7.6333e-011
15603	7.664e-011
15604	7.8478e-011
15605	8.0604e-011
15606	8.276e-011
15607	8.471e-011
15608	8.7262e-011
15609	9.0348e-011
15610	9.1304e-011
15611	9.3344e-011
15612	9.6087e-011
15613	9.7802e-011
15614	1.0138e-010
15615	1.0241e-010
15616	1.05e-010
15617	1.0719e-010
15618	1.0966e-010
15619	1.1245e-010
15620	1.1474e-010
15621	1.1803e-010
15622	1.2004e-010
15623	1.2349e-010
15624	1.2564e-010
15625	1.2896e-010
15626	1.3154e-010
15627	1.3437e-010
15628	1.3856e-010
15629	1.4066e-010
15630	1.4538e-010
15631	1.4722e-010
15632	1.5063e-010
15633	1.548e-010
15634	1.5728e-010
15635	1.6129e-010
15636	1.6539e-010
15637	1.6843e-010
15638	1.7254e-010
15639	1.774e-010
15640	1.8043e-010
15641	1.84e-010
15642	1.8857e-010
15643	1.9323e-010
15644	1.9742e-010
15645	2.0136e-010
15646	2.0531e-010
15647	2.1365e-010
15648	2.2107e-010
15649	2.2635e-010
15650	2.3135e-010
15651	2.366e-010
15652	2.4177e-010
15653	2.4728e-010
15654	2.5292e-010
15655	2.5871e-010
15656	2.6472e-010
15657	2.7066e-010
15658	2.7696e-010
15659	2.8336e-010
15660	2.8974e-010
15661	2.9546e-010
15662	3.0301e-010
15663	3.1074e-010
15664	3.179e-010
15665	3.2456e-010
15666	3.2256e-010
15667	3.1417e-010
15668	3.045e-010
15669	2.986e-010
15670	2.8944e-010
15671	2.8502e-010
15672	2.7925e-010
15673	2.7343e-010
15674	2.6707e-010
15675	2.6144e-010
15676	2.555e-010
15677	2.502e-010
15678	2.4507e-010
15679	2.43e-010
15680	2.4023e-010
15681	2.3498e-010
15682	2.3133e-010
15683	2.2821e-010
15684	2.2341e-010
15685	2.1553e-010
15686	2.1433e-010
15687	2.1585e-010
15688	2.1538e-010
15689	2.0856e-010
15690	1.9582e-010
15691	2.012e-010
15692	2.105e-010
15693	1.9224e-010
15694	1.8522e-010
15695	1.866e-010
15696	1.7594e-010
15697	1.7735e-010
15698	1.8374e-010
15699	1.6483e-010
15700	1.7215e-010
15701	1.9589e-010
15702	1.6947e-010
15703	1.6751e-010
15704	1.5042e-010
15705	1.387e-010
15706	1.4126e-010
15707	1.3551e-010
15708	1.3917e-010
15709	1.3066e-010
15710	1.3227e-010
15711	1.2308e-010
15712	1.2065e-010
15713	1.1521e-010
15714	1.1153e-010
15715	1.0968e-010
15716	1.128e-010
15717	1.2303e-010
15718	1.0689e-010
15719	1.0022e-010
15720	9.4679e-011
15721	1.0606e-010
15722	1.1421e-010
15723	1.1033e-010
15724	1.396e-010
15725	1.5558e-010
15726	2.4169e-010
15727	3.5475e-010
15728	4.4604e-010
15729	4.5977e-010
15730	6.5811e-010
15731	8.1891e-011
15732	8.3112e-011
15733	8.4225e-011
15734	8.5076e-011
15735	8.8024e-011
15736	8.9851e-011
15737	9.2468e-011
15738	9.5485e-011
15739	9.5899e-011
15740	1.0016e-010
15741	1.0189e-010
15742	1.0313e-010
15743	1.0785e-010
15744	1.0766e-010
15745	1.1251e-010
15746	1.1336e-010
15747	1.1652e-010
15748	1.1919e-010
15749	1.2123e-010
15750	1.2522e-010
15751	1.2673e-010
15752	1.313e-010
15753	1.3266e-010
15754	1.3714e-010
15755	1.3904e-010
15756	1.4281e-010
15757	1.4668e-010
15758	1.4828e-010
15759	1.5446e-010
15760	1.5489e-010
15761	1.6075e-010
15762	1.6344e-010
15763	1.6583e-010
15764	1.7188e-010
15765	1.7443e-010
15766	1.7788e-010
15767	1.8365e-010
15768	1.8763e-010
15769	1.8961e-010
15770	1.9615e-010
15771	2.0027e-010
15772	2.0425e-010
15773	2.0781e-010
15774	2.1345e-010
15775	2.1859e-010
15776	2.2432e-010
15777	2.2925e-010
15778	2.3801e-010
15779	2.4287e-010
15780	2.4798e-010
15781	2.5418e-010
15782	2.5996e-010
15783	2.6591e-010
15784	2.7182e-010
15785	2.7794e-010
15786	2.8443e-010
15787	2.9022e-010
15788	2.9717e-010
15789	3.0421e-010
15790	3.117e-010
15791	3.1983e-010
15792	3.2717e-010
15793	3.3206e-010
15794	3.3869e-010
15795	3.5223e-010
15796	3.4998e-010
15797	3.3454e-010
15798	3.2792e-010
15799	3.2384e-010
15800	3.1725e-010
15801	3.0942e-010
15802	3.0269e-010
15803	2.9525e-010
15804	2.8836e-010
15805	2.836e-010
15806	2.7779e-010
15807	2.7194e-010
15808	2.6641e-010
15809	2.6232e-010
15810	2.576e-010
15811	2.4983e-010
15812	2.4991e-010
15813	2.45e-010
15814	2.4121e-010
15815	2.3813e-010
15816	2.3498e-010
15817	2.3158e-010
15818	2.2223e-010
15819	2.2557e-010
15820	2.1943e-010
15821	2.2225e-010
15822	2.0983e-010
15823	2.116e-010
15824	2.1072e-010
15825	1.9129e-010
15826	1.8738e-010
15827	2.0464e-010
15828	1.831e-010
15829	1.8218e-010
15830	1.9838e-010
15831	1.8752e-010
15832	2.0055e-010
15833	1.6561e-010
15834	1.7137e-010
15835	1.5228e-010
15836	1.4952e-010
15837	1.5327e-010
15838	1.4175e-010
15839	1.5103e-010
15840	1.3543e-010
15841	1.4045e-010
15842	1.2746e-010
15843	1.2805e-010
15844	1.2393e-010
15845	1.1726e-010
15846	1.3132e-010
15847	1.2032e-010
15848	1.2687e-010
15849	1.0369e-010
15850	1.0718e-010
15851	1.2302e-010
15852	1.1195e-010
15853	1.2969e-010
15854	1.5568e-010
15855	1.7901e-010
15856	2.3361e-010
15857	3.5521e-010
15858	4.1843e-010
15859	4.3361e-010
15860	5.7628e-010
15861	7.4888e-011
15862	7.6336e-011
15863	7.664e-011
15864	7.8479e-011
15865	8.0608e-011
15866	8.2755e-011
15867	8.4711e-011
15868	8.7262e-011
15869	9.0352e-011
15870	9.1306e-011
15871	9.3341e-011
15872	9.6086e-011
15873	9.7808e-011
15874	1.0139e-010
15875	1.0241e-010
15876	1.0499e-010
15877	1.0719e-010
15878	1.0967e-010
15879	1.1245e-010
15880	1.1474e-010
15881	1.1804e-010
15882	1.2004e-010
15883	1.2347e-010
15884	1.2564e-010
15885	1.2896e-010
15886	1.3154e-010
15887	1.3437e-010
15888	1.3856e-010
15889	1.4066e-010
15890	1.4538e-010
15891	1.4722e-010
15892	1.5062e-010
15893	1.548e-010
15894	1.5728e-010
15895	1.6129e-010
15896	1.654e-010
15897	1.6846e-010
15898	1.7247e-010
15899	1.7749e-010
15900	1.8034e-010
15901	1.84e-010
15902	1.8857e-010
15903	1.9321e-010
15904	1.9752e-010
15905	2.0145e-010
15906	2.0577e-010
15907	2.1362e-010
15908	2.2058e-010
15909	2.2652e-010
15910	2.3134e-010
15911	2.3661e-010
15912	2.4178e-010
15913	2.4729e-010
15914	2.5292e-010
15915	2.5867e-010
15916	2.6473e-010
15917	2.7067e-010
15918	2.7696e-010
15919	2.8336e-010
15920	2.8974e-010
15921	2.9546e-010
15922	3.0303e-010
15923	3.1074e-010
15924	3.1801e-010
15925	3.2339e-010
15926	3.2346e-010
15927	3.1137e-010
15928	3.0523e-010
15929	2.9727e-010
15930	2.8932e-010
15931	2.8477e-010
15932	2.7933e-010
15933	2.7343e-010
15934	2.6708e-010
15935	2.6144e-010
15936	2.5552e-010
15937	2.5e-010
15938	2.4473e-010
15939	2.4002e-010
15940	2.3648e-010
15941	2.3402e-010
15942	2.3054e-010
15943	2.2841e-010
15944	2.2329e-010
15945	2.1557e-010
15946	2.145e-010
15947	2.161e-010
15948	2.168e-010
15949	2.0898e-010
15950	1.96e-010
15951	2.0128e-010
15952	2.1056e-010
15953	1.9229e-010
15954	1.8525e-010
15955	1.866e-010
15956	1.7594e-010
15957	1.7736e-010
15958	1.8375e-010
15959	1.6481e-010
15960	1.7215e-010
15961	1.9587e-010
15962	1.6947e-010
15963	1.6752e-010
15964	1.5043e-010
15965	1.3867e-010
15966	1.4126e-010
15967	1.3551e-010
15968	1.3918e-010
15969	1.3067e-010
15970	1.3227e-010
15971	1.2309e-010
15972	1.2065e-010
15973	1.1521e-010
15974	1.1153e-010
15975	1.0969e-010
15976	1.128e-010
15977	1.2303e-010
15978	1.0689e-010
15979	1.0022e-010
15980	9.4679e-011
15981	1.0605e-010
15982	1.1421e-010
15983	1.1032e-010
15984	1.396e-010
15985	1.5558e-010
15986	2.4169e-010
15987	3.5475e-010
15988	4.4603e-010
15989	4.5977e-010
15990	6.5811e-010
15991	7.4939e-011
15992	7.6381e-011
15993	7.6684e-011
15994	7.8522e-011
15995	8.0663e-011
15996	8.2828e-011
15997	8.4788e-011
15998	8.7329e-011
15999	9.0419e-011
16000	9.1344e-011
16001	9.3369e-011
16002	9.6104e-011
16003	9.7847e-011
16004	1.0146e-010
16005	1.0246e-010
16006	1.05e-010
16007	1.0716e-010
16008	1.0968e-010
16009	1.1247e-010
16010	1.1475e-010
16011	1.1801e-010
16012	1.2e-010
16013	1.2345e-010
16014	1.2563e-010
16015	1.2898e-010
16016	1.3161e-010
16017	1.3442e-010
16018	1.3855e-010
16019	1.4063e-010
16020	1.4535e-010
16021	1.4729e-010
16022	1.507e-010
16023	1.5484e-010
16024	1.5741e-010
16025	1.6145e-010
16026	1.6542e-010
16027	1.6842e-010
16028	1.7254e-010
16029	1.7721e-010
16030	1.8051e-010
16031	1.8415e-010
16032	1.8879e-010
16033	1.9333e-010
16034	1.9746e-010
16035	2.0142e-010
16036	2.0601e-010
16037	2.1321e-010
16038	2.2155e-010
16039	2.2632e-010
16040	2.3159e-010
16041	2.3673e-010
16042	2.4195e-010
16043	2.4735e-010
16044	2.5294e-010
16045	2.5874e-010
16046	2.6471e-010
16047	2.7048e-010
16048	2.7687e-010
16049	2.833e-010
16050	2.8944e-010
16051	2.9534e-010
16052	3.0302e-010
16053	3.1064e-010
16054	3.1763e-010
16055	3.2453e-010
16056	3.2021e-010
16057	3.1107e-010
16058	3.0452e-010
16059	2.9717e-010
16060	2.8933e-010
16061	2.8465e-010
16062	2.7935e-010
16063	2.7338e-010
16064	2.67e-010
16065	2.6155e-010
16066	2.5543e-010
16067	2.5e-010
16068	2.448e-010
16069	2.3989e-010
16070	2.3577e-010
16071	2.314e-010
16072	2.2977e-010
16073	2.2824e-010
16074	2.2352e-010
16075	2.156e-010
16076	2.1449e-010
16077	2.1652e-010
16078	2.1688e-010
16079	2.0941e-010
16080	1.9599e-010
16081	2.0111e-010
16082	2.1068e-010
16083	1.9217e-010
16084	1.8529e-010
16085	1.8646e-010
16086	1.7585e-010
16087	1.7717e-010
16088	1.8351e-010
16089	1.6461e-010
16090	1.7199e-010
16091	1.9575e-010
16092	1.6933e-010
16093	1.6736e-010
16094	1.5027e-010
16095	1.385e-010
16096	1.4105e-010
16097	1.3534e-010
16098	1.3897e-010
16099	1.3046e-010
16100	1.3207e-010
16101	1.2293e-010
16102	1.205e-010
16103	1.1505e-010
16104	1.1135e-010
16105	1.0954e-010
16106	1.1266e-010
16107	1.2293e-010
16108	1.0679e-010
16109	1.0018e-010
16110	9.4631e-011
16111	1.06e-010
16112	1.1413e-010
16113	1.1026e-010
16114	1.3952e-010
16115	1.5549e-010
16116	2.4158e-010
16117	3.547e-010
16118	4.4592e-010
16119	4.5965e-010
16120	6.5795e-010
16121	8.1968e-011
16122	8.3167e-011
16123	8.4291e-011
16124	8.5136e-011
16125	8.8089e-011
16126	8.9932e-011
16127	9.2543e-011
16128	9.5595e-011
16129	9.6016e-011
16130	1.0028e-010
16131	1.0195e-010
16132	1.0315e-010
16133	1.0791e-010
16134	1.0777e-010
16135	1.1258e-010
16136	1.1339e-010
16137	1.1655e-010
16138	1.1927e-010
16139	1.2134e-010
16140	1.2533e-010
16141	1.2678e-010
16142	1.3133e-010
16143	1.326e-010
16144	1.3713e-010
16145	1.3903e-010
16146	1.4283e-010
16147	1.4674e-010
16148	1.4828e-010
16149	1.5446e-010
16150	1.5497e-010
16151	1.61e-010
16152	1.6368e-010
16153	1.6607e-010
16154	1.7214e-010
16155	1.7463e-010
16156	1.7792e-010
16157	1.8362e-010
16158	1.873e-010
16159	1.8996e-010
16160	1.9605e-010
16161	2.0046e-010
16162	2.0469e-010
16163	2.0802e-010
16164	2.1363e-010
16165	2.1852e-010
16166	2.236e-010
16167	2.2994e-010
16168	2.3571e-010
16169	2.4395e-010
16170	2.4817e-010
16171	2.5437e-010
16172	2.6016e-010
16173	2.6601e-010
16174	2.7222e-010
16175	2.7829e-010
16176	2.8433e-010
16177	2.9018e-010
16178	2.9699e-010
16179	3.0418e-010
16180	3.1138e-010
16181	3.1975e-010
16182	3.2702e-010
16183	3.3167e-010
16184	3.3857e-010
16185	3.4909e-010
16186	3.5001e-010
16187	3.3276e-010
16188	3.2708e-010
16189	3.2393e-010
16190	3.1717e-010
16191	3.0939e-010
16192	3.026e-010
16193	2.9537e-010
16194	2.8816e-010
16195	2.8346e-010
16196	2.7772e-010
16197	2.72e-010
16198	2.6643e-010
16199	2.6116e-010
16200	2.561e-010
16201	2.4726e-010
16202	2.4925e-010
16203	2.4472e-010
16204	2.4134e-010
16205	2.3815e-010
16206	2.3498e-010
16207	2.3274e-010
16208	2.2204e-010
16209	2.2683e-010
16210	2.1934e-010
16211	2.2233e-010
16212	2.1011e-010
16213	2.1172e-010
16214	2.1058e-010
16215	1.9113e-010
16216	1.8733e-010
16217	2.0447e-010
16218	1.8288e-010
16219	1.8198e-010
16220	1.9818e-010
16221	1.8742e-010
16222	2.0029e-010
16223	1.6529e-010
16224	1.7106e-010
16225	1.5194e-010
16226	1.4924e-010
16227	1.5299e-010
16228	1.4147e-010
16229	1.5077e-010
16230	1.3515e-010
16231	1.4014e-010
16232	1.2722e-010
16233	1.2784e-010
16234	1.2367e-010
16235	1.1707e-010
16236	1.3114e-010
16237	1.2021e-010
16238	1.2677e-010
16239	1.0363e-010
16240	1.0716e-010
16241	1.2298e-010
16242	1.1194e-010
16243	1.2963e-010
16244	1.5561e-010
16245	1.7892e-010
16246	2.3351e-010
16247	3.551e-010
16248	4.1835e-010
16249	4.3349e-010
16250	5.761e-010
16251	7.491e-011
16252	7.6373e-011
16253	7.6694e-011
16254	7.8537e-011
16255	8.0688e-011
16256	8.285e-011
16257	8.4813e-011
16258	8.737e-011
16259	9.0459e-011
16260	9.138e-011
16261	9.342e-011
16262	9.6161e-011
16263	9.7911e-011
16264	1.0151e-010
16265	1.0247e-010
16266	1.0497e-010
16267	1.0715e-010
16268	1.0965e-010
16269	1.1243e-010
16270	1.1475e-010
16271	1.1803e-010
16272	1.2004e-010
16273	1.235e-010
16274	1.2569e-010
16275	1.2896e-010
16276	1.3156e-010
16277	1.3436e-010
16278	1.3857e-010
16279	1.4067e-010
16280	1.4536e-010
16281	1.4725e-010
16282	1.507e-010
16283	1.5492e-010
16284	1.5748e-010
16285	1.6145e-010
16286	1.6536e-010
16287	1.6833e-010
16288	1.725e-010
16289	1.7728e-010
16290	1.8043e-010
16291	1.8416e-010
16292	1.8883e-010
16293	1.9339e-010
16294	1.9735e-010
16295	2.02e-010
16296	2.0624e-010
16297	2.1139e-010
16298	2.1852e-010
16299	2.266e-010
16300	2.315e-010
16301	2.3679e-010
16302	2.419e-010
16303	2.4739e-010
16304	2.5299e-010
16305	2.5865e-010
16306	2.6462e-010
16307	2.7053e-010
16308	2.7685e-010
16309	2.833e-010
16310	2.895e-010
16311	2.954e-010
16312	3.03e-010
16313	3.1056e-010
16314	3.1759e-010
16315	3.2065e-010
16316	3.163e-010
16317	3.1095e-010
16318	3.045e-010
16319	2.9724e-010
16320	2.8938e-010
16321	2.8468e-010
16322	2.7937e-010
16323	2.7345e-010
16324	2.6706e-010
16325	2.6152e-010
16326	2.5546e-010
16327	2.5e-010
16328	2.448e-010
16329	2.4007e-010
16330	2.353e-010
16331	2.3204e-010
16332	2.2957e-010
16333	2.2852e-010
16334	2.2341e-010
16335	2.1562e-010
16336	2.1452e-010
16337	2.1665e-010
16338	2.1688e-010
16339	2.095e-010
16340	1.96e-010
16341	2.0116e-010
16342	2.1069e-010
16343	1.9221e-010
16344	1.853e-010
16345	1.8644e-010
16346	1.758e-010
16347	1.7715e-010
16348	1.835e-010
16349	1.6459e-010
16350	1.7202e-010
16351	1.9569e-010
16352	1.6935e-010
16353	1.6728e-010
16354	1.5019e-010
16355	1.3847e-010
16356	1.4102e-010
16357	1.3529e-010
16358	1.3892e-010
16359	1.3045e-010
16360	1.3204e-010
16361	1.2291e-010
16362	1.2044e-010
16363	1.1501e-010
16364	1.1133e-010
16365	1.095e-010
16366	1.1264e-010
16367	1.2289e-010
16368	1.068e-010
16369	1.0016e-010
16370	9.4653e-011
16371	1.0603e-010
16372	1.1412e-010
16373	1.1027e-010
16374	1.3953e-010
16375	1.5547e-010
16376	2.4157e-010
16377	3.5463e-010
16378	4.4589e-010
16379	4.5963e-010
16380	6.5789e-010
16381	7.4911e-011
16382	7.6379e-011
16383	7.6685e-011
16384	7.8539e-011
16385	8.0688e-011
16386	8.285e-011
16387	8.4813e-011
16388	8.737e-011
16389	9.0459e-011
16390	9.138e-011
16391	9.342e-011
16392	9.6161e-011
16393	9.7913e-011
16394	1.015e-010
16395	1.0246e-010
16396	1.0498e-010
16397	1.0715e-010
16398	1.0966e-010
16399	1.1243e-010
16400	1.1475e-010
16401	1.1803e-010
16402	1.2004e-010
16403	1.235e-010
16404	1.2567e-010
16405	1.2897e-010
16406	1.3157e-010
16407	1.3435e-010
16408	1.3857e-010
16409	1.4067e-010
16410	1.4536e-010
16411	1.4726e-010
16412	1.5067e-010
16413	1.5492e-010
16414	1.5748e-010
16415	1.6145e-010
16416	1.6535e-010
16417	1.6836e-010
16418	1.7249e-010
16419	1.7726e-010
16420	1.8041e-010
16421	1.8415e-010
16422	1.8886e-010
16423	1.9332e-010
16424	1.9774e-010
16425	2.004e-010
16426	2.0466e-010
16427	2.0976e-010
16428	2.1901e-010
16429	2.2651e-010
16430	2.3153e-010
16431	2.3679e-010
16432	2.4191e-010
16433	2.4735e-010
16434	2.5296e-010
16435	2.5866e-010
16436	2.6462e-010
16437	2.7054e-010
16438	2.7681e-010
16439	2.8327e-010
16440	2.8951e-010
16441	2.9535e-010
16442	3.0313e-010
16443	3.1023e-010
16444	3.169e-010
16445	3.1759e-010
16446	3.1784e-010
16447	3.1035e-010
16448	3.0448e-010
16449	2.9724e-010
16450	2.8943e-010
16451	2.8466e-010
16452	2.7937e-010
16453	2.7345e-010
16454	2.6703e-010
16455	2.6153e-010
16456	2.5545e-010
16457	2.5001e-010
16458	2.4475e-010
16459	2.3996e-010
16460	2.3597e-010
16461	2.3017e-010
16462	2.3044e-010
16463	2.2829e-010
16464	2.2344e-010
16465	2.1564e-010
16466	2.1454e-010
16467	2.1656e-010
16468	2.1678e-010
16469	2.0942e-010
16470	1.9603e-010
16471	2.0118e-010
16472	2.1066e-010
16473	1.9222e-010
16474	1.8527e-010
16475	1.8643e-010
16476	1.7583e-010
16477	1.7715e-010
16478	1.8348e-010
16479	1.646e-010
16480	1.7199e-010
16481	1.957e-010
16482	1.6935e-010
16483	1.6728e-010
16484	1.502e-010
16485	1.3848e-010
16486	1.4102e-010
16487	1.3526e-010
16488	1.3893e-010
16489	1.3046e-010
16490	1.3205e-010
16491	1.2289e-010
16492	1.2045e-010
16493	1.1501e-010
16494	1.1133e-010
16495	1.0951e-010
16496	1.1265e-010
16497	1.2289e-010
16498	1.0681e-010
16499	1.0017e-010
16500	9.466e-011
16501	1.0603e-010
16502	1.1412e-010
16503	1.1028e-010
16504	1.3953e-010
16505	1.5548e-010
16506	2.4157e-010
16507	3.5464e-010
16508	4.459e-010
16509	4.5962e-010
16510	6.579e-010
16511	8.1974e-011
16512	8.3159e-011
16513	8.4285e-011
16514	8.5131e-011
16515	8.811e-011
16516	8.9931e-011
16517	9.2552e-011
16518	9.5593e-011
16519	9.6024e-011
16520	1.0028e-010
16521	1.0196e-010
16522	1.0317e-010
16523	1.0789e-010
16524	1.0777e-010
16525	1.1259e-010
16526	1.1337e-010
16527	1.1655e-010
16528	1.1927e-010
16529	1.2135e-010
16530	1.2534e-010
16531	1.2677e-010
16532	1.3132e-010
16533	1.326e-010
16534	1.3714e-010
16535	1.3902e-010
16536	1.4282e-010
16537	1.4672e-010
16538	1.4827e-010
16539	1.5446e-010
16540	1.5496e-010
16541	1.6099e-010
16542	1.6367e-010
16543	1.6606e-010
16544	1.7213e-010
16545	1.7463e-010
16546	1.7794e-010
16547	1.8362e-010
16548	1.8733e-010
16549	1.8985e-010
16550	1.9607e-010
16551	2.0049e-010
16552	2.0467e-010
16553	2.0801e-010
16554	2.1344e-010
16555	2.2013e-010
16556	2.2519e-010
16557	2.3152e-010
16558	2.3536e-010
16559	2.4389e-010
16560	2.4822e-010
16561	2.5444e-010
16562	2.6015e-010
16563	2.66e-010
16564	2.722e-010
16565	2.7827e-010
16566	2.8433e-010
16567	2.9017e-010
16568	2.9701e-010
16569	3.0417e-010
16570	3.1135e-010
16571	3.1972e-010
16572	3.2712e-010
16573	3.3119e-010
16574	3.3898e-010
16575	3.4898e-010
16576	3.4577e-010
16577	3.3362e-010
16578	3.2706e-010
16579	3.2387e-010
16580	3.1721e-010
16581	3.0938e-010
16582	3.026e-010
16583	2.9535e-010
16584	2.8816e-010
16585	2.8344e-010
16586	2.7773e-010
16587	2.7196e-010
16588	2.6656e-010
16589	2.6101e-010
16590	2.5463e-010
16591	2.5124e-010
16592	2.4763e-010
16593	2.4524e-010
16594	2.4142e-010
16595	2.3808e-010
16596	2.3494e-010
16597	2.3271e-010
16598	2.2197e-010
16599	2.269e-010
16600	2.1937e-010
16601	2.2233e-010
16602	2.1018e-010
16603	2.117e-010
16604	2.1057e-010
16605	1.9119e-010
16606	1.8733e-010
16607	2.0448e-010
16608	1.8287e-010
16609	1.82e-010
16610	1.9819e-010
16611	1.8739e-010
16612	2.003e-010
16613	1.653e-010
16614	1.7105e-010
16615	1.5196e-010
16616	1.4924e-010
16617	1.5299e-010
16618	1.4147e-010
16619	1.5076e-010
16620	1.3514e-010
16621	1.4015e-010
16622	1.2724e-010
16623	1.2784e-010
16624	1.2366e-010
16625	1.1705e-010
16626	1.3113e-010
16627	1.2025e-010
16628	1.2678e-010
16629	1.0362e-010
16630	1.0715e-010
16631	1.2299e-010
16632	1.1194e-010
16633	1.2965e-010
16634	1.5562e-010
16635	1.7891e-010
16636	2.335e-010
16637	3.551e-010
16638	4.1834e-010
16639	4.3348e-010
16640	5.7612e-010
16641	7.4941e-011
16642	7.6382e-011
16643	7.6685e-011
16644	7.8525e-011
16645	8.0667e-011
16646	8.2831e-011
16647	8.479e-011
16648	8.7334e-011
16649	9.0425e-011
16650	9.1353e-011
16651	9.3373e-011
16652	9.6109e-011
16653	9.7855e-011
16654	1.0147e-010
16655	1.0248e-010
16656	1.0498e-010
16657	1.0716e-010
16658	1.0969e-010
16659	1.1246e-010
16660	1.1476e-010
16661	1.1802e-010
16662	1.2001e-010
16663	1.2344e-010
16664	1.2564e-010
16665	1.2897e-010
16666	1.3159e-010
16667	1.3444e-010
16668	1.3853e-010
16669	1.4064e-010
16670	1.4536e-010
16671	1.4726e-010
16672	1.5071e-010
16673	1.5485e-010
16674	1.5742e-010
16675	1.6145e-010
16676	1.6542e-010
16677	1.6843e-010
16678	1.725e-010
16679	1.773e-010
16680	1.8044e-010
16681	1.8414e-010
16682	1.8883e-010
16683	1.9326e-010
16684	1.9722e-010
16685	2.0479e-010
16686	2.1248e-010
16687	2.171e-010
16688	2.2129e-010
16689	2.2645e-010
16690	2.3159e-010
16691	2.3675e-010
16692	2.4195e-010
16693	2.4735e-010
16694	2.5296e-010
16695	2.5874e-010
16696	2.6472e-010
16697	2.7049e-010
16698	2.7684e-010
16699	2.8331e-010
16700	2.8945e-010
16701	2.9533e-010
16702	3.029e-010
16703	3.1124e-010
16704	3.1752e-010
16705	3.2187e-010
16706	3.16e-010
16707	3.1081e-010
16708	3.0452e-010
16709	2.9719e-010
16710	2.893e-010
16711	2.8462e-010
16712	2.7935e-010
16713	2.7336e-010
16714	2.6699e-010
16715	2.6151e-010
16716	2.5548e-010
16717	2.5003e-010
16718	2.4473e-010
16719	2.3995e-010
16720	2.3587e-010
16721	2.3278e-010
16722	2.3269e-010
16723	2.2823e-010
16724	2.2356e-010
16725	2.1561e-010
16726	2.1451e-010
16727	2.1655e-010
16728	2.1669e-010
16729	2.0935e-010
16730	1.9598e-010
16731	2.0118e-010
16732	2.1063e-010
16733	1.922e-010
16734	1.8532e-010
16735	1.8645e-010
16736	1.7584e-010
16737	1.7716e-010
16738	1.8351e-010
16739	1.6462e-010
16740	1.7199e-010
16741	1.9573e-010
16742	1.6936e-010
16743	1.6736e-010
16744	1.5022e-010
16745	1.3848e-010
16746	1.4106e-010
16747	1.3534e-010
16748	1.3897e-010
16749	1.3047e-010
16750	1.3207e-010
16751	1.2292e-010
16752	1.205e-010
16753	1.1504e-010
16754	1.1135e-010
16755	1.0951e-010
16756	1.1266e-010
16757	1.2291e-010
16758	1.068e-010
16759	1.0018e-010
16760	9.4633e-011
16761	1.0601e-010
16762	1.1413e-010
16763	1.1026e-010
16764	1.3953e-010
16765	1.5549e-010
16766	2.4158e-010
16767	3.547e-010
16768	4.4593e-010
16769	4.5968e-010
16770	6.5795e-010
16771	7.4871e-011
16772	7.6338e-011
16773	7.6644e-011
16774	7.848e-011
16775	8.0608e-011
16776	8.2763e-011
16777	8.4698e-011
16778	8.7274e-011
16779	9.0355e-011
16780	9.1317e-011
16781	9.3351e-011
16782	9.6099e-011
16783	9.7819e-011
16784	1.0138e-010
16785	1.024e-010
16786	1.05e-010
16787	1.072e-010
16788	1.0967e-010
16789	1.1244e-010
16790	1.1474e-010
16791	1.1804e-010
16792	1.2003e-010
16793	1.2348e-010
16794	1.2562e-010
16795	1.2897e-010
16796	1.3152e-010
16797	1.3439e-010
16798	1.3857e-010
16799	1.4063e-010
16800	1.4535e-010
16801	1.4725e-010
16802	1.5065e-010
16803	1.548e-010
16804	1.5727e-010
16805	1.6127e-010
16806	1.654e-010
16807	1.6846e-010
16808	1.7254e-010
16809	1.7726e-010
16810	1.8042e-010
16811	1.8398e-010
16812	1.8858e-010
16813	1.9328e-010
16814	2.0001e-010
16815	2.066e-010
16816	2.1047e-010
16817	2.1579e-010
16818	2.2073e-010
16819	2.2646e-010
16820	2.3137e-010
16821	2.3665e-010
16822	2.418e-010
16823	2.473e-010
16824	2.5293e-010
16825	2.5865e-010
16826	2.6467e-010
16827	2.7065e-010
16828	2.7695e-010
16829	2.8337e-010
16830	2.8978e-010
16831	2.9539e-010
16832	3.0304e-010
16833	3.1052e-010
16834	3.1838e-010
16835	3.2019e-010
16836	3.1886e-010
16837	3.1053e-010
16838	3.0484e-010
16839	2.9732e-010
16840	2.8928e-010
16841	2.8474e-010
16842	2.793e-010
16843	2.7345e-010
16844	2.6705e-010
16845	2.6147e-010
16846	2.5548e-010
16847	2.5002e-010
16848	2.4474e-010
16849	2.3992e-010
16850	2.3536e-010
16851	2.339e-010
16852	2.3198e-010
16853	2.272e-010
16854	2.2261e-010
16855	2.1523e-010
16856	2.1443e-010
16857	2.1669e-010
16858	2.1634e-010
16859	2.095e-010
16860	1.9592e-010
16861	2.0126e-010
16862	2.1069e-010
16863	1.922e-010
16864	1.8536e-010
16865	1.8657e-010
16866	1.7594e-010
16867	1.7736e-010
16868	1.8376e-010
16869	1.648e-010
16870	1.7216e-010
16871	1.9588e-010
16872	1.6949e-010
16873	1.6753e-010
16874	1.5042e-010
16875	1.3867e-010
16876	1.4125e-010
16877	1.3549e-010
16878	1.3918e-010
16879	1.3068e-010
16880	1.3227e-010
16881	1.2309e-010
16882	1.2065e-010
16883	1.1522e-010
16884	1.1152e-010
16885	1.0969e-010
16886	1.1279e-010
16887	1.2303e-010
16888	1.069e-010
16889	1.0022e-010
16890	9.4689e-011
16891	1.0605e-010
16892	1.142e-010
16893	1.1033e-010
16894	1.396e-010
16895	1.5557e-010
16896	2.4168e-010
16897	3.5477e-010
16898	4.4601e-010
16899	4.5976e-010
16900	6.5813e-010
16901	8.1874e-011
16902	8.3098e-011
16903	8.424e-011
16904	8.5084e-011
16905	8.8017e-011
16906	8.986e-011
16907	9.2451e-011
16908	9.5467e-011
16909	9.5898e-011
16910	1.0019e-010
16911	1.0191e-010
16912	1.0314e-010
16913	1.0785e-010
16914	1.0764e-010
16915	1.125e-010
16916	1.1338e-010
16917	1.1654e-010
16918	1.1919e-010
16919	1.2125e-010
16920	1.2525e-010
16921	1.2672e-010
16922	1.3132e-010
16923	1.3264e-010
16924	1.3714e-010
16925	1.3906e-010
16926	1.4281e-010
16927	1.4675e-010
16928	1.483e-010
16929	1.5444e-010
16930	1.5485e-010
16931	1.6088e-010
16932	1.6345e-010
16933	1.6584e-010
16934	1.7188e-010
16935	1.7441e-010
16936	1.7788e-010
16937	1.8367e-010
16938	1.8737e-010
16939	1.8986e-010
16940	1.9599e-010
16941	2.0029e-010
16942	2.0422e-010
16943	2.0748e-010
16944	2.1644e-010
16945	2.2209e-010
16946	2.2792e-010
16947	2.3245e-010
16948	2.3755e-010
16949	2.4292e-010
16950	2.4799e-010
16951	2.5428e-010
16952	2.599e-010
16953	2.6587e-010
16954	2.7189e-010
16955	2.7791e-010
16956	2.8436e-010
16957	2.9016e-010
16958	2.9711e-010
16959	3.0418e-010
16960	3.1166e-010
16961	3.2004e-010
16962	3.2701e-010
16963	3.3065e-010
16964	3.3549e-010
16965	3.4763e-010
16966	3.4646e-010
16967	3.3303e-010
16968	3.2738e-010
16969	3.24e-010
16970	3.1726e-010
16971	3.0942e-010
16972	3.0258e-010
16973	2.9539e-010
16974	2.8836e-010
16975	2.837e-010
16976	2.777e-010
16977	2.7204e-010
16978	2.6643e-010
16979	2.609e-010
16980	2.5559e-010
16981	2.4801e-010
16982	2.4935e-010
16983	2.4195e-010
16984	2.4105e-010
16985	2.3774e-010
16986	2.3501e-010
16987	2.3257e-010
16988	2.2173e-010
16989	2.2663e-010
16990	2.1935e-010
16991	2.2239e-010
16992	2.1012e-010
16993	2.1174e-010
16994	2.1069e-010
16995	1.9128e-010
16996	1.8741e-010
16997	2.0463e-010
16998	1.831e-010
16999	1.8215e-010
17000	1.9836e-010
17001	1.8753e-010
17002	2.0059e-010
17003	1.6562e-010
17004	1.7142e-010
17005	1.5225e-010
17006	1.4958e-010
17007	1.5328e-010
17008	1.4174e-010
17009	1.5106e-010
17010	1.3547e-010
17011	1.4044e-010
17012	1.2744e-010
17013	1.2809e-010
17014	1.2392e-010
17015	1.1729e-010
17016	1.3133e-010
17017	1.204e-010
17018	1.2689e-010
17019	1.0368e-010
17020	1.0722e-010
17021	1.2304e-010
17022	1.1191e-010
17023	1.2971e-010
17024	1.5566e-010
17025	1.79e-010
17026	2.3358e-010
17027	3.5521e-010
17028	4.184e-010
17029	4.3362e-010
17030	5.7632e-010
17031	7.4871e-011
17032	7.6338e-011
17033	7.6644e-011
17034	7.848e-011
17035	8.0608e-011
17036	8.2763e-011
17037	8.4698e-011
17038	8.7274e-011
17039	9.0355e-011
17040	9.1317e-011
17041	9.3351e-011
17042	9.6099e-011
17043	9.7819e-011
17044	1.0138e-010
17045	1.024e-010
17046	1.05e-010
17047	1.072e-010
17048	1.0967e-010
17049	1.1244e-010
17050	1.1474e-010
17051	1.1804e-010
17052	1.2003e-010
17053	1.2348e-010
17054	1.2562e-010
17055	1.2897e-010
17056	1.3152e-010
17057	1.3439e-010
17058	1.3857e-010
17059	1.4063e-010
17060	1.4535e-010
17061	1.4725e-010
17062	1.5065e-010
17063	1.548e-010
17064	1.5727e-010
17065	1.6127e-010
17066	1.654e-010
17067	1.6846e-010
17068	1.7254e-010
17069	1.7726e-010
17070	1.8042e-010
17071	1.8397e-010
17072	1.8871e-010
17073	1.9308e-010
17074	1.9982e-010
17075	2.0667e-010
17076	2.1115e-010
17077	2.1625e-010
17078	2.2121e-010
17079	2.2631e-010
17080	2.314e-010
17081	2.3665e-010
17082	2.418e-010
17083	2.473e-010
17084	2.5293e-010
17085	2.5865e-010
17086	2.6467e-010
17087	2.7066e-010
17088	2.7694e-010
17089	2.8338e-010
17090	2.8974e-010
17091	2.9542e-010
17092	3.0373e-010
17093	3.0863e-010
17094	3.1103e-010
17095	3.1677e-010
17096	3.1428e-010
17097	3.114e-010
17098	3.0466e-010
17099	2.9732e-010
17100	2.8927e-010
17101	2.8474e-010
17102	2.7931e-010
17103	2.7346e-010
17104	2.6706e-010
17105	2.6147e-010
17106	2.5548e-010
17107	2.5001e-010
17108	2.4473e-010
17109	2.3989e-010
17110	2.3589e-010
17111	2.307e-010
17112	2.2663e-010
17113	2.2494e-010
17114	2.2073e-010
17115	2.1523e-010
17116	2.1408e-010
17117	2.1654e-010
17118	2.1677e-010
17119	2.0936e-010
17120	1.9602e-010
17121	2.0121e-010
17122	2.1071e-010
17123	1.922e-010
17124	1.8534e-010
17125	1.8657e-010
17126	1.7594e-010
17127	1.7735e-010
17128	1.8376e-010
17129	1.648e-010
17130	1.7216e-010
17131	1.9588e-010
17132	1.695e-010
17133	1.6753e-010
17134	1.5042e-010
17135	1.3867e-010
17136	1.4125e-010
17137	1.3549e-010
17138	1.3918e-010
17139	1.3068e-010
17140	1.3228e-010
17141	1.231e-010
17142	1.2065e-010
17143	1.1522e-010
17144	1.1152e-010
17145	1.0969e-010
17146	1.1279e-010
17147	1.2303e-010
17148	1.069e-010
17149	1.0023e-010
17150	9.4688e-011
17151	1.0605e-010
17152	1.142e-010
17153	1.1033e-010
17154	1.396e-010
17155	1.5557e-010
17156	2.4168e-010
17157	3.5477e-010
17158	4.4601e-010
17159	4.5976e-010
17160	6.5813e-010
17161	7.4941e-011
17162	7.6384e-011
17163	7.6686e-011
17164	7.8525e-011
17165	8.0667e-011
17166	8.2831e-011
17167	8.479e-011
17168	8.7334e-011
17169	9.0425e-011
17170	9.1353e-011
17171	9.337e-011
17172	9.611e-011
17173	9.7855e-011
17174	1.0147e-010
17175	1.0248e-010
17176	1.0498e-010
17177	1.0716e-010
17178	1.0969e-010
17179	1.1246e-010
17180	1.1476e-010
17181	1.1802e-010
17182	1.2001e-010
17183	1.2344e-010
17184	1.2564e-010
17185	1.2898e-010
17186	1.3159e-010
17187	1.3444e-010
17188	1.3853e-010
17189	1.4064e-010
17190	1.4536e-010
17191	1.4726e-010
17192	1.507e-010
17193	1.5485e-010
17194	1.5742e-010
17195	1.6145e-010
17196	1.6542e-010
17197	1.6843e-010
17198	1.725e-010
17199	1.7728e-010
17200	1.8043e-010
17201	1.8412e-010
17202	1.889e-010
17203	1.9622e-010
17204	2.0273e-010
17205	2.0659e-010
17206	2.1124e-010
17207	2.1636e-010
17208	2.2142e-010
17209	2.265e-010
17210	2.3156e-010
17211	2.3672e-010
17212	2.4193e-010
17213	2.4735e-010
17214	2.5296e-010
17215	2.5874e-010
17216	2.6472e-010
17217	2.7049e-010
17218	2.7684e-010
17219	2.8331e-010
17220	2.8947e-010
17221	2.9529e-010
17222	2.9931e-010
17223	3.038e-010
17224	3.1166e-010
17225	3.1672e-010
17226	3.1734e-010
17227	3.105e-010
17228	3.0463e-010
17229	2.9718e-010
17230	2.8931e-010
17231	2.8459e-010
17232	2.7938e-010
17233	2.7338e-010
17234	2.6694e-010
17235	2.6151e-010
17236	2.5547e-010
17237	2.5001e-010
17238	2.4476e-010
17239	2.3991e-010
17240	2.3584e-010
17241	2.3092e-010
17242	2.2768e-010
17243	2.2266e-010
17244	2.2195e-010
17245	2.1641e-010
17246	2.1567e-010
17247	2.1628e-010
17248	2.1671e-010
17249	2.0963e-010
17250	1.9609e-010
17251	2.0133e-010
17252	2.108e-010
17253	1.9226e-010
17254	1.8522e-010
17255	1.8647e-010
17256	1.7584e-010
17257	1.7717e-010
17258	1.8351e-010
17259	1.6462e-010
17260	1.7199e-010
17261	1.9573e-010
17262	1.6934e-010
17263	1.6736e-010
17264	1.5024e-010
17265	1.3848e-010
17266	1.4106e-010
17267	1.3534e-010
17268	1.3897e-010
17269	1.3047e-010
17270	1.3207e-010
17271	1.2292e-010
17272	1.205e-010
17273	1.1504e-010
17274	1.1135e-010
17275	1.0951e-010
17276	1.1266e-010
17277	1.2291e-010
17278	1.068e-010
17279	1.0018e-010
17280	9.4633e-011
17281	1.0601e-010
17282	1.1413e-010
17283	1.1026e-010
17284	1.3953e-010
17285	1.5549e-010
17286	2.4158e-010
17287	3.547e-010
17288	4.4593e-010
17289	4.5969e-010
17290	6.5795e-010
17291	8.1982e-011
17292	8.3171e-011
17293	8.4284e-011
17294	8.5131e-011
17295	8.8108e-011
17296	8.9927e-011
17297	9.255e-011
17298	9.5591e-011
17299	9.6021e-011
17300	1.0028e-010
17301	1.0195e-010
17302	1.0317e-010
17303	1.079e-010
17304	1.0777e-010
17305	1.1259e-010
17306	1.1337e-010
17307	1.1654e-010
17308	1.1926e-010
17309	1.2134e-010
17310	1.2534e-010
17311	1.2677e-010
17312	1.3132e-010
17313	1.326e-010
17314	1.3714e-010
17315	1.3901e-010
17316	1.4282e-010
17317	1.4672e-010
17318	1.4827e-010
17319	1.5446e-010
17320	1.5496e-010
17321	1.6099e-010
17322	1.6367e-010
17323	1.6606e-010
17324	1.7213e-010
17325	1.7463e-010
17326	1.7794e-010
17327	1.8361e-010
17328	1.8732e-010
17329	1.8989e-010
17330	1.9599e-010
17331	2.0048e-010
17332	2.0522e-010
17333	2.0909e-010
17334	2.1801e-010
17335	2.2266e-010
17336	2.2767e-010
17337	2.3257e-010
17338	2.3795e-010
17339	2.4337e-010
17340	2.4825e-010
17341	2.544e-010
17342	2.6021e-010
17343	2.66e-010
17344	2.722e-010
17345	2.783e-010
17346	2.8432e-010
17347	2.9016e-010
17348	2.97e-010
17349	3.0417e-010
17350	3.1134e-010
17351	3.197e-010
17352	3.2569e-010
17353	3.2897e-010
17354	3.3493e-010
17355	3.4918e-010
17356	3.451e-010
17357	3.3365e-010
17358	3.2706e-010
17359	3.2391e-010
17360	3.1719e-010
17361	3.0934e-010
17362	3.026e-010
17363	2.9535e-010
17364	2.882e-010
17365	2.8343e-010
17366	2.7768e-010
17367	2.7198e-010
17368	2.6641e-010
17369	2.6113e-010
17370	2.5611e-010
17371	2.4776e-010
17372	2.4592e-010
17373	2.4097e-010
17374	2.396e-010
17375	2.3779e-010
17376	2.3447e-010
17377	2.3268e-010
17378	2.2086e-010
17379	2.2479e-010
17380	2.1773e-010
17381	2.2049e-010
17382	2.0858e-010
17383	2.1082e-010
17384	2.1052e-010
17385	1.9114e-010
17386	1.8734e-010
17387	2.0447e-010
17388	1.8287e-010
17389	1.8198e-010
17390	1.9817e-010
17391	1.8741e-010
17392	2.0029e-010
17393	1.6528e-010
17394	1.7105e-010
17395	1.5195e-010
17396	1.4924e-010
17397	1.5299e-010
17398	1.4147e-010
17399	1.5076e-010
17400	1.3514e-010
17401	1.4015e-010
17402	1.2724e-010
17403	1.2784e-010
17404	1.2365e-010
17405	1.1704e-010
17406	1.3113e-010
17407	1.2025e-010
17408	1.2679e-010
17409	1.0362e-010
17410	1.0715e-010
17411	1.2299e-010
17412	1.1194e-010
17413	1.2964e-010
17414	1.5561e-010
17415	1.7891e-010
17416	2.335e-010
17417	3.551e-010
17418	4.1834e-010
17419	4.3348e-010
17420	5.7612e-010
17421	7.4915e-011
17422	7.6381e-011
17423	7.6685e-011
17424	7.8539e-011
17425	8.0689e-011
17426	8.2853e-011
17427	8.4814e-011
17428	8.7371e-011
17429	9.046e-011
17430	9.138e-011
17431	9.3422e-011
17432	9.6151e-011
17433	9.7913e-011
17434	1.015e-010
17435	1.0246e-010
17436	1.0498e-010
17437	1.0716e-010
17438	1.0966e-010
17439	1.1243e-010
17440	1.1475e-010
17441	1.1803e-010
17442	1.2004e-010
17443	1.235e-010
17444	1.2567e-010
17445	1.2897e-010
17446	1.3157e-010
17447	1.3435e-010
17448	1.3856e-010
17449	1.4067e-010
17450	1.4536e-010
17451	1.4725e-010
17452	1.507e-010
17453	1.5492e-010
17454	1.5748e-010
17455	1.6144e-010
17456	1.6535e-010
17457	1.6833e-010
17458	1.725e-010
17459	1.7727e-010
17460	1.804e-010
17461	1.8424e-010
17462	1.8912e-010
17463	1.9664e-010
17464	2.0246e-010
17465	2.0676e-010
17466	2.1123e-010
17467	2.1638e-010
17468	2.2145e-010
17469	2.2653e-010
17470	2.3157e-010
17471	2.3678e-010
17472	2.4192e-010
17473	2.4735e-010
17474	2.5296e-010
17475	2.5867e-010
17476	2.6463e-010
17477	2.7054e-010
17478	2.7681e-010
17479	2.8327e-010
17480	2.8952e-010
17481	2.9536e-010
17482	3.0311e-010
17483	3.1084e-010
17484	3.1829e-010
17485	3.1921e-010
17486	3.1654e-010
17487	3.1053e-010
17488	3.0449e-010
17489	2.9724e-010
17490	2.8939e-010
17491	2.8465e-010
17492	2.794e-010
17493	2.7346e-010
17494	2.6705e-010
17495	2.6155e-010
17496	2.5546e-010
17497	2.4999e-010
17498	2.4477e-010
17499	2.3998e-010
17500	2.3571e-010
17501	2.3136e-010
17502	2.2695e-010
17503	2.2319e-010
17504	2.1934e-010
17505	2.1408e-010
17506	2.1386e-010
17507	2.1674e-010
17508	2.1463e-010
17509	2.0547e-010
17510	1.9227e-010
17511	1.9762e-010
17512	2.0703e-010
17513	1.906e-010
17514	1.8527e-010
17515	1.8645e-010
17516	1.758e-010
17517	1.7715e-010
17518	1.835e-010
17519	1.6459e-010
17520	1.7202e-010
17521	1.9569e-010
17522	1.6934e-010
17523	1.6729e-010
17524	1.502e-010
17525	1.3848e-010
17526	1.4102e-010
17527	1.3527e-010
17528	1.3893e-010
17529	1.3046e-010
17530	1.3205e-010
17531	1.2289e-010
17532	1.2045e-010
17533	1.1502e-010
17534	1.1133e-010
17535	1.095e-010
17536	1.1265e-010
17537	1.2289e-010
17538	1.0681e-010
17539	1.0017e-010
17540	9.466e-011
17541	1.0603e-010
17542	1.1412e-010
17543	1.1026e-010
17544	1.3953e-010
17545	1.5548e-010
17546	2.4157e-010
17547	3.5464e-010
17548	4.459e-010
17549	4.5962e-010
17550	6.5791e-010
17551	7.4912e-011
17552	7.6374e-011
17553	7.6696e-011
17554	7.8537e-011
17555	8.0688e-011
17556	8.285e-011
17557	8.4813e-011
17558	8.737e-011
17559	9.0459e-011
17560	9.138e-011
17561	9.342e-011
17562	9.6161e-011
17563	9.7913e-011
17564	1.015e-010
17565	1.0248e-010
17566	1.0498e-010
17567	1.0715e-010
17568	1.0965e-010
17569	1.1243e-010
17570	1.1475e-010
17571	1.1803e-010
17572	1.2004e-010
17573	1.235e-010
17574	1.2567e-010
17575	1.2897e-010
17576	1.3157e-010
17577	1.3436e-010
17578	1.3857e-010
17579	1.4067e-010
17580	1.4536e-010
17581	1.4725e-010
17582	1.507e-010
17583	1.5492e-010
17584	1.5748e-010
17585	1.6146e-010
17586	1.6536e-010
17587	1.6833e-010
17588	1.725e-010
17589	1.7728e-010
17590	1.804e-010
17591	1.8417e-010
17592	1.8949e-010
17593	1.9591e-010
17594	2.0276e-010
17595	2.0674e-010
17596	2.1123e-010
17597	2.1638e-010
17598	2.2144e-010
17599	2.2653e-010
17600	2.3156e-010
17601	2.3677e-010
17602	2.4195e-010
17603	2.4735e-010
17604	2.53e-010
17605	2.5865e-010
17606	2.6462e-010
17607	2.7053e-010
17608	2.7686e-010
17609	2.8327e-010
17610	2.8948e-010
17611	2.9538e-010
17612	3.0301e-010
17613	3.1065e-010
17614	3.1744e-010
17615	3.2544e-010
17616	3.1969e-010
17617	3.1154e-010
17618	3.0428e-010
17619	2.9728e-010
17620	2.8939e-010
17621	2.8465e-010
17622	2.794e-010
17623	2.7346e-010
17624	2.6704e-010
17625	2.6154e-010
17626	2.5546e-010
17627	2.5e-010
17628	2.4477e-010
17629	2.3995e-010
17630	2.3583e-010
17631	2.3123e-010
17632	2.2708e-010
17633	2.2265e-010
17634	2.1777e-010
17635	2.0975e-010
17636	2.0909e-010
17637	2.1388e-010
17638	2.144e-010
17639	2.0549e-010
17640	1.9232e-010
17641	1.9761e-010
17642	2.0706e-010
17643	1.906e-010
17644	1.853e-010
17645	1.8644e-010
17646	1.758e-010
17647	1.7716e-010
17648	1.835e-010
17649	1.6461e-010
17650	1.7201e-010
17651	1.9569e-010
17652	1.6934e-010
17653	1.6729e-010
17654	1.5019e-010
17655	1.3847e-010
17656	1.4102e-010
17657	1.353e-010
17658	1.3892e-010
17659	1.3045e-010
17660	1.3204e-010
17661	1.2291e-010
17662	1.2044e-010
17663	1.1501e-010
17664	1.1132e-010
17665	1.0951e-010
17666	1.1265e-010
17667	1.2289e-010
17668	1.068e-010
17669	1.0016e-010
17670	9.4655e-011
17671	1.0603e-010
17672	1.1412e-010
17673	1.1028e-010
17674	1.3953e-010
17675	1.5548e-010
17676	2.4157e-010
17677	3.5464e-010
17678	4.459e-010
17679	4.5963e-010
17680	6.5791e-010
17681	8.1976e-011
17682	8.3164e-011
17683	8.429e-011
17684	8.5136e-011
17685	8.8089e-011
17686	8.9932e-011
17687	9.2552e-011
17688	9.5594e-011
17689	9.6015e-011
17690	1.0028e-010
17691	1.0195e-010
17692	1.0317e-010
17693	1.079e-010
17694	1.0776e-010
17695	1.1259e-010
17696	1.1338e-010
17697	1.1655e-010
17698	1.1927e-010
17699	1.2136e-010
17700	1.2534e-010
17701	1.2678e-010
17702	1.3132e-010
17703	1.326e-010
17704	1.3713e-010
17705	1.3902e-010
17706	1.4283e-010
17707	1.4674e-010
17708	1.4828e-010
17709	1.5446e-010
17710	1.5496e-010
17711	1.61e-010
17712	1.6368e-010
17713	1.6607e-010
17714	1.7214e-010
17715	1.7464e-010
17716	1.7795e-010
17717	1.8361e-010
17718	1.8733e-010
17719	1.8983e-010
17720	1.9602e-010
17721	2.0092e-010
17722	2.048e-010
17723	2.1137e-010
17724	2.1749e-010
17725	2.2264e-010
17726	2.2776e-010
17727	2.3256e-010
17728	2.3796e-010
17729	2.4335e-010
17730	2.4823e-010
17731	2.5439e-010
17732	2.6012e-010
17733	2.66e-010
17734	2.7222e-010
17735	2.7829e-010
17736	2.8433e-010
17737	2.9017e-010
17738	2.9701e-010
17739	3.0417e-010
17740	3.1135e-010
17741	3.1971e-010
17742	3.2702e-010
17743	3.3175e-010
17744	3.3876e-010
17745	3.5162e-010
17746	3.4947e-010
17747	3.3362e-010
17748	3.2712e-010
17749	3.2388e-010
17750	3.1716e-010
17751	3.0932e-010
17752	3.0257e-010
17753	2.9535e-010
17754	2.8821e-010
17755	2.8346e-010
17756	2.7772e-010
17757	2.7197e-010
17758	2.6643e-010
17759	2.6115e-010
17760	2.5586e-010
17761	2.4805e-010
17762	2.4571e-010
17763	2.4104e-010
17764	2.3703e-010
17765	2.338e-010
17766	2.3161e-010
17767	2.2973e-010
17768	2.2077e-010
17769	2.2502e-010
17770	2.1775e-010
17771	2.206e-010
17772	2.0859e-010
17773	2.1085e-010
17774	2.1056e-010
17775	1.9113e-010
17776	1.8733e-010
17777	2.0447e-010
17778	1.8288e-010
17779	1.8199e-010
17780	1.9818e-010
17781	1.8738e-010
17782	2.0029e-010
17783	1.6529e-010
17784	1.7106e-010
17785	1.5194e-010
17786	1.4924e-010
17787	1.5299e-010
17788	1.4147e-010
17789	1.5077e-010
17790	1.3515e-010
17791	1.4014e-010
17792	1.2722e-010
17793	1.2784e-010
17794	1.2366e-010
17795	1.1706e-010
17796	1.3114e-010
17797	1.2026e-010
17798	1.2677e-010
17799	1.0363e-010
17800	1.0715e-010
17801	1.2298e-010
17802	1.1194e-010
17803	1.2963e-010
17804	1.5562e-010
17805	1.7892e-010
17806	2.335e-010
17807	3.551e-010
17808	4.1835e-010
17809	4.3349e-010
17810	5.7613e-010
17811	7.4941e-011
17812	7.638e-011
17813	7.6684e-011
17814	7.8522e-011
17815	8.0663e-011
17816	8.2829e-011
17817	8.479e-011
17818	8.7331e-011
17819	9.0421e-011
17820	9.1346e-011
17821	9.337e-011
17822	9.6109e-011
17823	9.785e-011
17824	1.0146e-010
17825	1.0247e-010
17826	1.0498e-010
17827	1.0716e-010
17828	1.0969e-010
17829	1.1247e-010
17830	1.1476e-010
17831	1.1802e-010
17832	1.2001e-010
17833	1.2343e-010
17834	1.2563e-010
17835	1.2898e-010
17836	1.3161e-010
17837	1.3442e-010
17838	1.3855e-010
17839	1.4063e-010
17840	1.4536e-010
17841	1.4729e-010
17842	1.507e-010
17843	1.5484e-010
17844	1.5741e-010
17845	1.6145e-010
17846	1.6542e-010
17847	1.6841e-010
17848	1.7252e-010
17849	1.7726e-010
17850	1.8039e-010
17851	1.8427e-010
17852	1.9153e-010
17853	1.9841e-010
17854	2.025e-010
17855	2.0676e-010
17856	2.1124e-010
17857	2.1639e-010
17858	2.2141e-010
17859	2.2649e-010
17860	2.3155e-010
17861	2.367e-010
17862	2.4195e-010
17863	2.4735e-010
17864	2.5294e-010
17865	2.5874e-010
17866	2.6472e-010
17867	2.7049e-010
17868	2.7683e-010
17869	2.8331e-010
17870	2.8944e-010
17871	2.9535e-010
17872	3.0301e-010
17873	3.1066e-010
17874	3.1779e-010
17875	3.2355e-010
17876	3.2116e-010
17877	3.0994e-010
17878	3.0434e-010
17879	2.9697e-010
17880	2.8937e-010
17881	2.8462e-010
17882	2.7933e-010
17883	2.7336e-010
17884	2.6698e-010
17885	2.6155e-010
17886	2.5543e-010
17887	2.5002e-010
17888	2.4475e-010
17889	2.399e-010
17890	2.3583e-010
17891	2.312e-010
17892	2.2701e-010
17893	2.2281e-010
17894	2.1793e-010
17895	2.1019e-010
17896	2.096e-010
17897	2.1363e-010
17898	2.1667e-010
17899	2.0913e-010
17900	1.9616e-010
17901	2.0125e-010
17902	2.1085e-010
17903	1.9221e-010
17904	1.8523e-010
17905	1.8648e-010
17906	1.7581e-010
17907	1.7717e-010
17908	1.8351e-010
17909	1.6461e-010
17910	1.7199e-010
17911	1.9575e-010
17912	1.6933e-010
17913	1.6736e-010
17914	1.5027e-010
17915	1.385e-010
17916	1.4105e-010
17917	1.3534e-010
17918	1.3897e-010
17919	1.3046e-010
17920	1.3207e-010
17921	1.2294e-010
17922	1.205e-010
17923	1.1505e-010
17924	1.1135e-010
17925	1.0954e-010
17926	1.1264e-010
17927	1.2293e-010
17928	1.068e-010
17929	1.0018e-010
17930	9.4631e-011
17931	1.0601e-010
17932	1.1413e-010
17933	1.1026e-010
17934	1.3952e-010
17935	1.5549e-010
17936	2.4158e-010
17937	3.547e-010
17938	4.4592e-010
17939	4.5965e-010
17940	6.5795e-010
17941	7.4867e-011
17942	7.6339e-011
17943	7.6645e-011
17944	7.8486e-011
17945	8.0609e-011
17946	8.2756e-011
17947	8.4711e-011
17948	8.7265e-011
17949	9.0352e-011
17950	9.1308e-011
17951	9.3342e-011
17952	9.609e-011
17953	9.7813e-011
17954	1.0139e-010
17955	1.0241e-010
17956	1.0499e-010
17957	1.0719e-010
17958	1.0967e-010
17959	1.1245e-010
17960	1.1474e-010
17961	1.1804e-010
17962	1.2004e-010
17963	1.2347e-010
17964	1.2564e-010
17965	1.2897e-010
17966	1.3155e-010
17967	1.3437e-010
17968	1.3856e-010
17969	1.4066e-010
17970	1.4534e-010
17971	1.4723e-010
17972	1.5063e-010
17973	1.548e-010
17974	1.5728e-010
17975	1.6129e-010
17976	1.6539e-010
17977	1.685e-010
17978	1.7249e-010
17979	1.7695e-010
17980	1.8132e-010
17981	1.8559e-010
17982	1.9225e-010
17983	1.9811e-010
17984	2.0268e-010
17985	2.0673e-010
17986	2.1112e-010
17987	2.1625e-010
17988	2.2123e-010
17989	2.2629e-010
17990	2.3139e-010
17991	2.3661e-010
17992	2.4178e-010
17993	2.4729e-010
17994	2.5294e-010
17995	2.5864e-010
17996	2.6465e-010
17997	2.7064e-010
17998	2.7697e-010
17999	2.8336e-010
18000	2.8975e-010
18001	2.9545e-010
18002	3.0301e-010
18003	3.1075e-010
18004	3.1788e-010
18005	3.239e-010
18006	3.2308e-010
18007	3.1576e-010
18008	3.0886e-010
18009	2.9733e-010
18010	2.8931e-010
18011	2.8471e-010
18012	2.7929e-010
18013	2.7346e-010
18014	2.6704e-010
18015	2.6145e-010
18016	2.5554e-010
18017	2.4999e-010
18018	2.4477e-010
18019	2.3985e-010
18020	2.3578e-010
18021	2.3114e-010
18022	2.2698e-010
18023	2.2269e-010
18024	2.1777e-010
18025	2.1003e-010
18026	2.094e-010
18027	2.1407e-010
18028	2.1293e-010
18029	2.0922e-010
18030	1.9586e-010
18031	2.0124e-010
18032	2.1058e-010
18033	1.9227e-010
18034	1.8529e-010
18035	1.8661e-010
18036	1.7593e-010
18037	1.7736e-010
18038	1.8375e-010
18039	1.6481e-010
18040	1.7215e-010
18041	1.9587e-010
18042	1.6948e-010
18043	1.6752e-010
18044	1.5043e-010
18045	1.3867e-010
18046	1.4126e-010
18047	1.3551e-010
18048	1.3918e-010
18049	1.3067e-010
18050	1.3228e-010
18051	1.2309e-010
18052	1.2066e-010
18053	1.1521e-010
18054	1.1153e-010
18055	1.0969e-010
18056	1.128e-010
18057	1.2303e-010
18058	1.069e-010
18059	1.0022e-010
18060	9.4679e-011
18061	1.0606e-010
18062	1.1421e-010
18063	1.1032e-010
18064	1.396e-010
18065	1.5558e-010
18066	2.4167e-010
18067	3.5476e-010
18068	4.4604e-010
18069	4.5978e-010
18070	6.5811e-010
18071	8.1888e-011
18072	8.3109e-011
18073	8.422e-011
18074	8.5084e-011
18075	8.8019e-011
18076	8.9844e-011
18077	9.2465e-011
18078	9.5485e-011
18079	9.5915e-011
18080	1.0015e-010
18081	1.0189e-010
18082	1.0312e-010
18083	1.0785e-010
18084	1.0765e-010
18085	1.1251e-010
18086	1.1336e-010
18087	1.1652e-010
18088	1.1918e-010
18089	1.2123e-010
18090	1.2522e-010
18091	1.2673e-010
18092	1.313e-010
18093	1.3266e-010
18094	1.3714e-010
18095	1.3904e-010
18096	1.4281e-010
18097	1.4669e-010
18098	1.4828e-010
18099	1.5446e-010
18100	1.5489e-010
18101	1.6076e-010
18102	1.6344e-010
18103	1.6583e-010
18104	1.7188e-010
18105	1.7444e-010
18106	1.7789e-010
18107	1.8373e-010
18108	1.8824e-010
18109	1.9129e-010
18110	1.9818e-010
18111	2.021e-010
18112	2.066e-010
18113	2.1176e-010
18114	2.1738e-010
18115	2.227e-010
18116	2.2785e-010
18117	2.3253e-010
18118	2.375e-010
18119	2.4293e-010
18120	2.4799e-010
18121	2.5417e-010
18122	2.5996e-010
18123	2.6591e-010
18124	2.7184e-010
18125	2.7792e-010
18126	2.8441e-010
18127	2.902e-010
18128	2.9716e-010
18129	3.0421e-010
18130	3.117e-010
18131	3.1983e-010
18132	3.2714e-010
18133	3.3208e-010
18134	3.3881e-010
18135	3.5232e-010
18136	3.491e-010
18137	3.3832e-010
18138	3.3188e-010
18139	3.2307e-010
18140	3.1718e-010
18141	3.095e-010
18142	3.0267e-010
18143	2.9528e-010
18144	2.8839e-010
18145	2.8366e-010
18146	2.7773e-010
18147	2.72e-010
18148	2.6644e-010
18149	2.6095e-010
18150	2.5556e-010
18151	2.4801e-010
18152	2.4567e-010
18153	2.4101e-010
18154	2.3703e-010
18155	2.3379e-010
18156	2.3142e-010
18157	2.2654e-010
18158	2.2252e-010
18159	2.2314e-010
18160	2.1939e-010
18161	2.2222e-010
18162	2.098e-010
18163	2.1161e-010
18164	2.1072e-010
18165	1.913e-010
18166	1.874e-010
18167	2.0464e-010
18168	1.831e-010
18169	1.8217e-010
18170	1.9837e-010
18171	1.8752e-010
18172	2.0055e-010
18173	1.656e-010
18174	1.7136e-010
18175	1.5228e-010
18176	1.4952e-010
18177	1.5327e-010
18178	1.4175e-010
18179	1.5103e-010
18180	1.3545e-010
18181	1.4045e-010
18182	1.2746e-010
18183	1.2807e-010
18184	1.2393e-010
18185	1.1726e-010
18186	1.3132e-010
18187	1.2034e-010
18188	1.2688e-010
18189	1.0369e-010
18190	1.0718e-010
18191	1.2303e-010
18192	1.1194e-010
18193	1.2969e-010
18194	1.5567e-010
18195	1.7901e-010
18196	2.3361e-010
18197	3.5521e-010
18198	4.1842e-010
18199	4.3363e-010
18200	5.763e-010
18201	7.4888e-011
18202	7.6333e-011
18203	7.664e-011
18204	7.8479e-011
18205	8.0608e-011
18206	8.2755e-011
18207	8.4715e-011
18208	8.7262e-011
18209	9.0348e-011
18210	9.1306e-011
18211	9.3344e-011
18212	9.6087e-011
18213	9.7807e-011
18214	1.0138e-010
18215	1.0242e-010
18216	1.0499e-010
18217	1.0719e-010
18218	1.0967e-010
18219	1.1245e-010
18220	1.1474e-010
18221	1.1803e-010
18222	1.2004e-010
18223	1.2347e-010
18224	1.2564e-010
18225	1.2896e-010
18226	1.3154e-010
18227	1.3437e-010
18228	1.3856e-010
18229	1.4066e-010
18230	1.4537e-010
18231	1.4722e-010
18232	1.5063e-010
18233	1.548e-010
18234	1.5728e-010
18235	1.6129e-010
18236	1.6535e-010
18237	1.686e-010
18238	1.7438e-010
18239	1.8166e-010
18240	1.8359e-010
18241	1.8741e-010
18242	1.9243e-010
18243	1.9832e-010
18244	2.0262e-010
18245	2.0674e-010
18246	2.1112e-010
18247	2.1625e-010
18248	2.2122e-010
18249	2.2629e-010
18250	2.3139e-010
18251	2.3661e-010
18252	2.4178e-010
18253	2.473e-010
18254	2.5292e-010
18255	2.5867e-010
18256	2.6473e-010
18257	2.7067e-010
18258	2.7696e-010
18259	2.8336e-010
18260	2.8974e-010
18261	2.9546e-010
18262	3.03e-010
18263	3.1078e-010
18264	3.1786e-010
18265	3.2456e-010
18266	3.2261e-010
18267	3.1802e-010
18268	3.0758e-010
18269	2.9749e-010
18270	2.8993e-010
18271	2.8449e-010
18272	2.7931e-010
18273	2.7348e-010
18274	2.6704e-010
18275	2.6146e-010
18276	2.5554e-010
18277	2.4999e-010
18278	2.4477e-010
18279	2.3985e-010
18280	2.3578e-010
18281	2.3114e-010
18282	2.2698e-010
18283	2.2268e-010
18284	2.178e-010
18285	2.1003e-010
18286	2.0944e-010
18287	2.1397e-010
18288	2.1281e-010
18289	2.0906e-010
18290	1.9592e-010
18291	2.0119e-010
18292	2.1044e-010
18293	1.9229e-010
18294	1.8526e-010
18295	1.8661e-010
18296	1.7594e-010
18297	1.7735e-010
18298	1.8375e-010
18299	1.6481e-010
18300	1.7215e-010
18301	1.9587e-010
18302	1.6947e-010
18303	1.6752e-010
18304	1.5043e-010
18305	1.3867e-010
18306	1.4126e-010
18307	1.3551e-010
18308	1.3917e-010
18309	1.3067e-010
18310	1.3228e-010
18311	1.2308e-010
18312	1.2065e-010
18313	1.1521e-010
18314	1.1153e-010
18315	1.0968e-010
18316	1.128e-010
18317	1.2303e-010
18318	1.0689e-010
18319	1.0022e-010
18320	9.4679e-011
18321	1.0606e-010
18322	1.1421e-010
18323	1.1032e-010
18324	1.396e-010
18325	1.5558e-010
18326	2.4169e-010
18327	3.5475e-010
18328	4.4604e-010
18329	4.5977e-010
18330	6.5811e-010
18331	7.4932e-011
18332	7.639e-011
18333	7.6684e-011
18334	7.8528e-011
18335	8.066e-011
18336	8.2848e-011
18337	8.4786e-011
18338	8.7324e-011
18339	9.0409e-011
18340	9.1333e-011
18341	9.3364e-011
18342	9.6104e-011
18343	9.7851e-011
18344	1.0147e-010
18345	1.0246e-010
18346	1.05e-010
18347	1.0717e-010
18348	1.097e-010
18349	1.1246e-010
18350	1.1474e-010
18351	1.18e-010
18352	1.1998e-010
18353	1.2344e-010
18354	1.2562e-010
18355	1.29e-010
18356	1.316e-010
18357	1.3441e-010
18358	1.3857e-010
18359	1.4063e-010
18360	1.4536e-010
18361	1.4728e-010
18362	1.5071e-010
18363	1.5486e-010
18364	1.5743e-010
18365	1.6145e-010
18366	1.6539e-010
18367	1.6849e-010
18368	1.7471e-010
18369	1.8104e-010
18370	1.8499e-010
18371	1.8883e-010
18372	1.9373e-010
18373	1.9837e-010
18374	2.026e-010
18375	2.0674e-010
18376	2.1122e-010
18377	2.1639e-010
18378	2.2141e-010
18379	2.2652e-010
18380	2.3155e-010
18381	2.3672e-010
18382	2.4194e-010
18383	2.4738e-010
18384	2.5298e-010
18385	2.5872e-010
18386	2.6473e-010
18387	2.7048e-010
18388	2.7685e-010
18389	2.8328e-010
18390	2.8943e-010
18391	2.9533e-010
18392	3.0301e-010
18393	3.1062e-010
18394	3.1769e-010
18395	3.2406e-010
18396	3.2465e-010
18397	3.1853e-010
18398	3.1283e-010
18399	3.0178e-010
18400	2.9051e-010
18401	2.8797e-010
18402	2.8049e-010
18403	2.7371e-010
18404	2.6692e-010
18405	2.6153e-010
18406	2.5542e-010
18407	2.5002e-010
18408	2.4475e-010
18409	2.3994e-010
18410	2.3583e-010
18411	2.3119e-010
18412	2.2703e-010
18413	2.2286e-010
18414	2.179e-010
18415	2.0999e-010
18416	2.0949e-010
18417	2.1356e-010
18418	2.1642e-010
18419	2.0885e-010
18420	1.9611e-010
18421	2.0108e-010
18422	2.1056e-010
18423	1.9211e-010
18424	1.8529e-010
18425	1.8647e-010
18426	1.7583e-010
18427	1.7719e-010
18428	1.835e-010
18429	1.6465e-010
18430	1.7201e-010
18431	1.9574e-010
18432	1.6933e-010
18433	1.6736e-010
18434	1.5027e-010
18435	1.3849e-010
18436	1.4106e-010
18437	1.3531e-010
18438	1.3896e-010
18439	1.3048e-010
18440	1.3208e-010
18441	1.2294e-010
18442	1.2049e-010
18443	1.1507e-010
18444	1.1137e-010
18445	1.0954e-010
18446	1.1265e-010
18447	1.2292e-010
18448	1.068e-010
18449	1.0017e-010
18450	9.4628e-011
18451	1.0599e-010
18452	1.1413e-010
18453	1.1025e-010
18454	1.3951e-010
18455	1.5548e-010
18456	2.4157e-010
18457	3.5469e-010
18458	4.459e-010
18459	4.5965e-010
18460	6.5798e-010
18461	8.1957e-011
18462	8.3166e-011
18463	8.4288e-011
18464	8.5143e-011
18465	8.8086e-011
18466	8.9932e-011
18467	9.254e-011
18468	9.5588e-011
18469	9.6034e-011
18470	1.0028e-010
18471	1.0195e-010
18472	1.0316e-010
18473	1.0792e-010
18474	1.0776e-010
18475	1.1258e-010
18476	1.134e-010
18477	1.1656e-010
18478	1.1927e-010
18479	1.2133e-010
18480	1.2532e-010
18481	1.2676e-010
18482	1.3132e-010
18483	1.3262e-010
18484	1.3713e-010
18485	1.3901e-010
18486	1.4284e-010
18487	1.4673e-010
18488	1.483e-010
18489	1.5445e-010
18490	1.5494e-010
18491	1.6103e-010
18492	1.6365e-010
18493	1.6609e-010
18494	1.7214e-010
18495	1.7463e-010
18496	1.7792e-010
18497	1.84e-010
18498	1.8828e-010
18499	1.9364e-010
18500	1.9961e-010
18501	2.0415e-010
18502	2.0845e-010
18503	2.1183e-010
18504	2.1748e-010
18505	2.2265e-010
18506	2.2773e-010
18507	2.326e-010
18508	2.3791e-010
18509	2.4335e-010
18510	2.4826e-010
18511	2.5442e-010
18512	2.6014e-010
18513	2.6603e-010
18514	2.7222e-010
18515	2.7835e-010
18516	2.8432e-010
18517	2.9022e-010
18518	2.9694e-010
18519	3.0418e-010
18520	3.1138e-010
18521	3.1968e-010
18522	3.2707e-010
18523	3.3165e-010
18524	3.3844e-010
18525	3.5158e-010
18526	3.5251e-010
18527	3.396e-010
18528	3.3294e-010
18529	3.2794e-010
18530	3.2113e-010
18531	3.1214e-010
18532	3.0307e-010
18533	2.9558e-010
18534	2.8819e-010
18535	2.8347e-010
18536	2.7771e-010
18537	2.7197e-010
18538	2.6642e-010
18539	2.6118e-010
18540	2.5583e-010
18541	2.4804e-010
18542	2.4567e-010
18543	2.4111e-010
18544	2.3801e-010
18545	2.3579e-010
18546	2.3344e-010
18547	2.308e-010
18548	2.2187e-010
18549	2.2692e-010
18550	2.1942e-010
18551	2.2232e-010
18552	2.1008e-010
18553	2.1173e-010
18554	2.1056e-010
18555	1.9113e-010
18556	1.8732e-010
18557	2.0444e-010
18558	1.829e-010
18559	1.8201e-010
18560	1.9818e-010
18561	1.8737e-010
18562	2.003e-010
18563	1.6528e-010
18564	1.7107e-010
18565	1.5193e-010
18566	1.4925e-010
18567	1.5298e-010
18568	1.4148e-010
18569	1.5075e-010
18570	1.3518e-010
18571	1.4015e-010
18572	1.2721e-010
18573	1.2783e-010
18574	1.2366e-010
18575	1.1706e-010
18576	1.3114e-010
18577	1.2018e-010
18578	1.2676e-010
18579	1.0363e-010
18580	1.0714e-010
18581	1.2298e-010
18582	1.1193e-010
18583	1.2963e-010
18584	1.5563e-010
18585	1.7891e-010
18586	2.3353e-010
18587	3.5511e-010
18588	4.183e-010
18589	4.3349e-010
18590	5.7614e-010
18591	7.4904e-011
18592	7.6373e-011
18593	7.6688e-011
18594	7.8528e-011
18595	8.0671e-011
18596	8.2863e-011
18597	8.4821e-011
18598	8.7364e-011
18599	9.0458e-011
18600	9.1369e-011
18601	9.3441e-011
18602	9.617e-011
18603	9.7901e-011
18604	1.015e-010
18605	1.0246e-010
18606	1.0499e-010
18607	1.0716e-010
18608	1.0965e-010
18609	1.1246e-010
18610	1.1474e-010
18611	1.1802e-010
18612	1.2005e-010
18613	1.2349e-010
18614	1.2567e-010
18615	1.2898e-010
18616	1.3155e-010
18617	1.3438e-010
18618	1.386e-010
18619	1.4065e-010
18620	1.4537e-010
18621	1.4726e-010
18622	1.5071e-010
18623	1.5491e-010
18624	1.5746e-010
18625	1.6147e-010
18626	1.6528e-010
18627	1.6852e-010
18628	1.7487e-010
18629	1.8178e-010
18630	1.8513e-010
18631	1.8896e-010
18632	1.9377e-010
18633	1.9839e-010
18634	2.0258e-010
18635	2.0675e-010
18636	2.1121e-010
18637	2.1637e-010
18638	2.2146e-010
18639	2.265e-010
18640	2.3153e-010
18641	2.3675e-010
18642	2.4195e-010
18643	2.4737e-010
18644	2.5297e-010
18645	2.5867e-010
18646	2.6463e-010
18647	2.7051e-010
18648	2.7687e-010
18649	2.8332e-010
18650	2.8954e-010
18651	2.9541e-010
18652	3.0303e-010
18653	3.1057e-010
18654	3.1775e-010
18655	3.2408e-010
18656	3.247e-010
18657	3.1869e-010
18658	3.123e-010
18659	3.0506e-010
18660	2.9519e-010
18661	2.8798e-010
18662	2.8175e-010
18663	2.7312e-010
18664	2.6706e-010
18665	2.6156e-010
18666	2.555e-010
18667	2.4999e-010
18668	2.4479e-010
18669	2.3993e-010
18670	2.3583e-010
18671	2.3122e-010
18672	2.2709e-010
18673	2.2267e-010
18674	2.2055e-010
18675	2.1478e-010
18676	2.1417e-010
18677	2.1652e-010
18678	2.1675e-010
18679	2.0939e-010
18680	1.9606e-010
18681	2.0108e-010
18682	2.1071e-010
18683	1.9212e-010
18684	1.8531e-010
18685	1.8641e-010
18686	1.758e-010
18687	1.7712e-010
18688	1.8349e-010
18689	1.6459e-010
18690	1.72e-010
18691	1.9569e-010
18692	1.6931e-010
18693	1.6728e-010
18694	1.502e-010
18695	1.3846e-010
18696	1.4102e-010
18697	1.3528e-010
18698	1.3893e-010
18699	1.3044e-010
18700	1.3204e-010
18701	1.2292e-010
18702	1.2045e-010
18703	1.15e-010
18704	1.1133e-010
18705	1.095e-010
18706	1.1263e-010
18707	1.2289e-010
18708	1.0681e-010
18709	1.0017e-010
18710	9.4641e-011
18711	1.06e-010
18712	1.1413e-010
18713	1.1027e-010
18714	1.3952e-010
18715	1.5548e-010
18716	2.4157e-010
18717	3.5462e-010
18718	4.4588e-010
18719	4.5961e-010
18720	6.5791e-010
18721	1.4096e-010
18722	1.1959e-010
18723	1.9159e-010
18724	2.6334e-010
18725	2.7812e-010
18726	2.8358e-010
18727	2.9098e-010
18728	2.9911e-010
18729	3.0521e-010
18730	3.1385e-010
18731	3.2065e-010
18732	3.2731e-010
18733	3.3739e-010
18734	3.4262e-010
18735	3.5308e-010
18736	3.593e-010
18737	3.6843e-010
18738	3.7726e-010
18739	3.8511e-010
18740	3.9571e-010
18741	4.0286e-010
18742	4.1426e-010
18743	4.2156e-010
18744	4.3327e-010
18745	4.417e-010
18746	4.526e-010
18747	4.6362e-010
18748	4.7231e-010
18749	4.867e-010
18750	4.9341e-010
18751	5.0837e-010
18752	5.1853e-010
18753	5.2844e-010
18754	5.4389e-010
18755	5.5427e-010
18756	5.658e-010
18757	5.8103e-010
18758	5.9647e-010
18759	6.0835e-010
18760	6.2608e-010
18761	6.3954e-010
18762	6.5402e-010
18763	6.6604e-010
18764	6.8359e-010
18765	6.9903e-010
18766	7.1484e-010
18767	7.305e-010
18768	7.4671e-010
18769	7.644e-010
18770	7.797e-010
18771	7.9938e-010
18772	8.1715e-010
18773	8.3557e-010
18774	8.5436e-010
18775	8.7358e-010
18776	8.9373e-010
18777	9.1185e-010
18778	9.334e-010
18779	9.546e-010
18780	9.7627e-010
18781	9.9997e-010
18782	1.024e-009
18783	1.0419e-009
18784	1.0607e-009
18785	1.0979e-009
18786	1.0998e-009
18787	1.0622e-009
18788	1.0438e-009
18789	1.0286e-009
18790	1.0038e-009
18791	9.7695e-010
18792	9.5649e-010
18793	9.3529e-010
18794	9.118e-010
18795	8.9735e-010
18796	8.7697e-010
18797	8.581e-010
18798	8.3999e-010
18799	8.2285e-010
18800	8.0791e-010
18801	7.8184e-010
18802	7.7412e-010
18803	7.5546e-010
18804	7.4173e-010
18805	7.2998e-010
18806	7.1716e-010
18807	7.0887e-010
18808	6.7174e-010
18809	6.8054e-010
18810	6.5819e-010
18811	6.5738e-010
18812	6.1652e-010
18813	6.2641e-010
18814	6.1323e-010
18815	5.7888e-010
18816	5.6975e-010
18817	5.809e-010
18818	5.4226e-010
18819	5.3987e-010
18820	5.4817e-010
18821	5.1629e-010
18822	5.3359e-010
18823	4.8772e-010
18824	4.7648e-010
18825	4.6891e-010
18826	4.4406e-010
18827	4.4994e-010
18828	4.2828e-010
18829	4.3337e-010
18830	4.0912e-010
18831	4.1056e-010
18832	3.8918e-010
18833	3.8344e-010
18834	3.7076e-010
18835	3.5403e-010
18836	3.591e-010
18837	3.3647e-010
18838	3.3518e-010
18839	2.9828e-010
18840	2.9399e-010
18841	3.2169e-010
18842	3.0833e-010
18843	3.6085e-010
18844	3.6855e-010
18845	5.2141e-010
18846	8.1208e-010
18847	1.1889e-009
18848	1.0984e-009
18849	1.2724e-009
18850	1.6739e-009
18851	1.1926e-010
18852	9.9959e-011
18853	1.7573e-010
18854	2.46e-010
18855	2.5914e-010
18856	2.6551e-010
18857	2.7279e-010
18858	2.7931e-010
18859	2.8425e-010
18860	2.9403e-010
18861	3.0014e-010
18862	3.055e-010
18863	3.1609e-010
18864	3.1894e-010
18865	3.3065e-010
18866	3.3566e-010
18867	3.4448e-010
18868	3.5246e-010
18869	3.5949e-010
18870	3.7e-010
18871	3.7571e-010
18872	3.8787e-010
18873	3.9332e-010
18874	4.0571e-010
18875	4.1229e-010
18876	4.2318e-010
18877	4.342e-010
18878	4.3986e-010
18879	4.5619e-010
18880	4.5896e-010
18881	4.7597e-010
18882	4.8501e-010
18883	4.9237e-010
18884	5.0948e-010
18885	5.1767e-010
18886	5.2758e-010
18887	5.4448e-010
18888	5.6203e-010
18889	5.7665e-010
18890	5.9504e-010
18891	6.0896e-010
18892	6.211e-010
18893	6.3171e-010
18894	6.4869e-010
18895	6.6459e-010
18896	6.8002e-010
18897	6.943e-010
18898	7.0968e-010
18899	7.2597e-010
18900	7.404e-010
18901	7.5903e-010
18902	7.7622e-010
18903	7.9364e-010
18904	8.1159e-010
18905	8.3e-010
18906	8.4881e-010
18907	8.6596e-010
18908	8.8619e-010
18909	9.065e-010
18910	9.2779e-010
18911	9.52e-010
18912	9.736e-010
18913	9.8763e-010
18914	1.0065e-009
18915	1.0452e-009
18916	1.0467e-009
18917	1.0073e-009
18918	9.8853e-010
18919	9.7921e-010
18920	9.5193e-010
18921	9.1982e-010
18922	8.9465e-010
18923	8.7238e-010
18924	8.5123e-010
18925	8.3785e-010
18926	8.2029e-010
18927	8.0264e-010
18928	7.8573e-010
18929	7.7011e-010
18930	7.5387e-010
18931	7.2891e-010
18932	7.217e-010
18933	7.0512e-010
18934	7.0006e-010
18935	6.9831e-010
18936	6.8618e-010
18937	6.6998e-010
18938	6.3133e-010
18939	6.4572e-010
18940	6.3667e-010
18941	6.2579e-010
18942	5.7571e-010
18943	5.9686e-010
18944	5.9412e-010
18945	5.4187e-010
18946	5.4029e-010
18947	5.6372e-010
18948	5.0406e-010
18949	5.1821e-010
18950	5.3188e-010
18951	4.7643e-010
18952	5.2153e-010
18953	4.5331e-010
18954	4.5964e-010
18955	4.5085e-010
18956	4.1655e-010
18957	4.3379e-010
18958	4.0249e-010
18959	4.1825e-010
18960	3.8504e-010
18961	3.9413e-010
18962	3.6913e-010
18963	3.6618e-010
18964	3.5436e-010
18965	3.3703e-010
18966	3.4639e-010
18967	3.1378e-010
18968	3.2365e-010
18969	2.8182e-010
18970	2.7918e-010
18971	3.1524e-010
18972	2.8637e-010
18973	3.2273e-010
18974	3.803e-010
18975	5.3488e-010
18976	7.7744e-010
18977	1.0818e-009
18978	9.5638e-010
18979	1.3984e-009
18980	1.2527e-009
18981	1.4105e-010
18982	1.1961e-010
18983	1.9155e-010
18984	2.6324e-010
18985	2.7806e-010
18986	2.8356e-010
18987	2.9101e-010
18988	2.9915e-010
18989	3.0523e-010
18990	3.1389e-010
18991	3.207e-010
18992	3.2734e-010
18993	3.3742e-010
18994	3.4261e-010
18995	3.5304e-010
18996	3.5924e-010
18997	3.6832e-010
18998	3.7708e-010
18999	3.849e-010
19000	3.9549e-010
19001	4.0269e-010
19002	4.1423e-010
19003	4.2157e-010
19004	4.3332e-010
19005	4.4175e-010
19006	4.5253e-010
19007	4.635e-010
19008	4.7216e-010
19009	4.8651e-010
19010	4.9323e-010
19011	5.0813e-010
19012	5.1835e-010
19013	5.283e-010
19014	5.4372e-010
19015	5.5399e-010
19016	5.6551e-010
19017	5.8091e-010
19018	5.964e-010
19019	6.0739e-010
19020	6.2575e-010
19021	6.3921e-010
19022	6.5386e-010
19023	6.6593e-010
19024	6.8336e-010
19025	6.9874e-010
19026	7.1443e-010
19027	7.3015e-010
19028	7.4658e-010
19029	7.6411e-010
19030	7.7944e-010
19031	7.9911e-010
19032	8.1693e-010
19033	8.3532e-010
19034	8.5407e-010
19035	8.7319e-010
19036	8.9351e-010
19037	9.1187e-010
19038	9.3375e-010
19039	9.5478e-010
19040	9.7636e-010
19041	1.0001e-009
19042	1.024e-009
19043	1.042e-009
19044	1.0606e-009
19045	1.098e-009
19046	1.1001e-009
19047	1.0619e-009
19048	1.0436e-009
19049	1.0289e-009
19050	1.0042e-009
19051	9.7587e-010
19052	9.5473e-010
19053	9.3483e-010
19054	9.118e-010
19055	8.9742e-010
19056	8.7686e-010
19057	8.5802e-010
19058	8.3998e-010
19059	8.2275e-010
19060	8.0794e-010
19061	7.8204e-010
19062	7.7405e-010
19063	7.5526e-010
19064	7.4147e-010
19065	7.2967e-010
19066	7.1659e-010
19067	7.0847e-010
19068	6.717e-010
19069	6.805e-010
19070	6.5838e-010
19071	6.5522e-010
19072	6.1803e-010
19073	6.2442e-010
19074	6.1353e-010
19075	5.7913e-010
19076	5.6996e-010
19077	5.8113e-010
19078	5.4257e-010
19079	5.4016e-010
19080	5.4848e-010
19081	5.1679e-010
19082	5.3403e-010
19083	4.8818e-010
19084	4.7686e-010
19085	4.6935e-010
19086	4.4452e-010
19087	4.5044e-010
19088	4.2881e-010
19089	4.3391e-010
19090	4.0964e-010
19091	4.1106e-010
19092	3.8958e-010
19093	3.8379e-010
19094	3.7106e-010
19095	3.543e-010
19096	3.593e-010
19097	3.3668e-010
19098	3.353e-010
19099	2.9844e-010
19100	2.9407e-010
19101	3.2164e-010
19102	3.0843e-010
19103	3.6082e-010
19104	3.6862e-010
19105	5.215e-010
19106	8.1216e-010
19107	1.189e-009
19108	1.0984e-009
19109	1.2724e-009
19110	1.6741e-009
19111	1.4102e-010
19112	1.196e-010
19113	1.9154e-010
19114	2.6321e-010
19115	2.7801e-010
19116	2.8348e-010
19117	2.9089e-010
19118	2.9906e-010
19119	3.0518e-010
19120	3.1382e-010
19121	3.2063e-010
19122	3.2728e-010
19123	3.3733e-010
19124	3.4256e-010
19125	3.53e-010
19126	3.5922e-010
19127	3.6826e-010
19128	3.7698e-010
19129	3.8478e-010
19130	3.9538e-010
19131	4.0263e-010
19132	4.1417e-010
19133	4.2149e-010
19134	4.3318e-010
19135	4.4153e-010
19136	4.5232e-010
19137	4.6332e-010
19138	4.7201e-010
19139	4.8639e-010
19140	4.9311e-010
19141	5.0802e-010
19142	5.1821e-010
19143	5.2814e-010
19144	5.4349e-010
19145	5.5373e-010
19146	5.6541e-010
19147	5.8078e-010
19148	5.9387e-010
19149	6.0608e-010
19150	6.2543e-010
19151	6.3894e-010
19152	6.5354e-010
19153	6.6557e-010
19154	6.8319e-010
19155	6.9835e-010
19156	7.1396e-010
19157	7.2979e-010
19158	7.4628e-010
19159	7.639e-010
19160	7.7934e-010
19161	7.9902e-010
19162	8.1661e-010
19163	8.3487e-010
19164	8.5386e-010
19165	8.7335e-010
19166	8.9388e-010
19167	9.1226e-010
19168	9.3391e-010
19169	9.55e-010
19170	9.7667e-010
19171	1.0004e-009
19172	1.0245e-009
19173	1.0424e-009
19174	1.0613e-009
19175	1.0989e-009
19176	1.1007e-009
19177	1.0625e-009
19178	1.0444e-009
19179	1.0297e-009
19180	1.0067e-009
19181	9.8268e-010
19182	9.6103e-010
19183	9.3877e-010
19184	9.1165e-010
19185	8.9727e-010
19186	8.7707e-010
19187	8.5793e-010
19188	8.3982e-010
19189	8.2263e-010
19190	8.0802e-010
19191	7.8086e-010
19192	7.7389e-010
19193	7.5471e-010
19194	7.3923e-010
19195	7.245e-010
19196	7.1459e-010
19197	7.0811e-010
19198	6.714e-010
19199	6.8036e-010
19200	6.5832e-010
19201	6.552e-010
19202	6.1837e-010
19203	6.2452e-010
19204	6.1375e-010
19205	5.7945e-010
19206	5.7024e-010
19207	5.8149e-010
19208	5.4305e-010
19209	5.4068e-010
19210	5.4898e-010
19211	5.1723e-010
19212	5.3455e-010
19213	4.8871e-010
19214	4.7738e-010
19215	4.6988e-010
19216	4.4504e-010
19217	4.5093e-010
19218	4.293e-010
19219	4.3442e-010
19220	4.1017e-010
19221	4.1155e-010
19222	3.9006e-010
19223	3.8422e-010
19224	3.7148e-010
19225	3.5463e-010
19226	3.5953e-010
19227	3.3678e-010
19228	3.3534e-010
19229	2.9842e-010
19230	2.9403e-010
19231	3.217e-010
19232	3.0848e-010
19233	3.6096e-010
19234	3.6882e-010
19235	5.2176e-010
19236	8.1253e-010
19237	1.1893e-009
19238	1.0987e-009
19239	1.2727e-009
19240	1.6742e-009
19241	1.1925e-010
19242	9.9921e-011
19243	1.757e-010
19244	2.4588e-010
19245	2.5894e-010
19246	2.652e-010
19247	2.7245e-010
19248	2.7912e-010
19249	2.8412e-010
19250	2.9387e-010
19251	2.9991e-010
19252	3.0525e-010
19253	3.1581e-010
19254	3.1872e-010
19255	3.3051e-010
19256	3.3557e-010
19257	3.4434e-010
19258	3.523e-010
19259	3.593e-010
19260	3.6988e-010
19261	3.7562e-010
19262	3.8771e-010
19263	3.9302e-010
19264	4.0533e-010
19265	4.1192e-010
19266	4.2285e-010
19267	4.3388e-010
19268	4.3966e-010
19269	4.5613e-010
19270	4.5904e-010
19271	4.7615e-010
19272	4.8502e-010
19273	4.9235e-010
19274	5.0919e-010
19275	5.1705e-010
19276	5.2714e-010
19277	5.4396e-010
19278	5.5581e-010
19279	5.6892e-010
19280	5.952e-010
19281	6.0844e-010
19282	6.2079e-010
19283	6.3129e-010
19284	6.4839e-010
19285	6.6401e-010
19286	6.7899e-010
19287	6.935e-010
19288	7.0927e-010
19289	7.256e-010
19290	7.3993e-010
19291	7.5882e-010
19292	7.7581e-010
19293	7.9316e-010
19294	8.1126e-010
19295	8.3033e-010
19296	8.4949e-010
19297	8.6659e-010
19298	8.8673e-010
19299	9.0709e-010
19300	9.2862e-010
19301	9.526e-010
19302	9.7431e-010
19303	9.8855e-010
19304	1.0073e-009
19305	1.0466e-009
19306	1.0481e-009
19307	1.0084e-009
19308	9.9019e-010
19309	9.7957e-010
19310	9.5962e-010
19311	9.3073e-010
19312	9.0657e-010
19313	8.7887e-010
19314	8.5141e-010
19315	8.3795e-010
19316	8.2039e-010
19317	8.0256e-010
19318	7.8557e-010
19319	7.6997e-010
19320	7.5367e-010
19321	7.2801e-010
19322	7.2108e-010
19323	7.0481e-010
19324	6.9409e-010
19325	6.8856e-010
19326	6.8072e-010
19327	6.6984e-010
19328	6.3083e-010
19329	6.4544e-010
19330	6.3677e-010
19331	6.256e-010
19332	5.7571e-010
19333	5.9671e-010
19334	5.9429e-010
19335	5.4212e-010
19336	5.4055e-010
19337	5.643e-010
19338	5.0466e-010
19339	5.1895e-010
19340	5.3258e-010
19341	4.7708e-010
19342	5.2223e-010
19343	4.5403e-010
19344	4.6057e-010
19345	4.5194e-010
19346	4.176e-010
19347	4.3479e-010
19348	4.0362e-010
19349	4.1916e-010
19350	3.8593e-010
19351	3.9502e-010
19352	3.699e-010
19353	3.6696e-010
19354	3.5518e-010
19355	3.3779e-010
19356	3.4681e-010
19357	3.141e-010
19358	3.2378e-010
19359	2.8176e-010
19360	2.7914e-010
19361	3.1529e-010
19362	2.8643e-010
19363	3.2289e-010
19364	3.8047e-010
19365	5.3535e-010
19366	7.7797e-010
19367	1.0823e-009
19368	9.5689e-010
19369	1.3988e-009
19370	1.2528e-009
19371	1.4101e-010
19372	1.1961e-010
19373	1.9154e-010
19374	2.6321e-010
19375	2.7801e-010
19376	2.8348e-010
19377	2.9089e-010
19378	2.9906e-010
19379	3.0518e-010
19380	3.1382e-010
19381	3.2063e-010
19382	3.2728e-010
19383	3.3733e-010
19384	3.4256e-010
19385	3.53e-010
19386	3.5922e-010
19387	3.6826e-010
19388	3.7698e-010
19389	3.8478e-010
19390	3.9538e-010
19391	4.0263e-010
19392	4.1417e-010
19393	4.2149e-010
19394	4.3318e-010
19395	4.4153e-010
19396	4.5232e-010
19397	4.6332e-010
19398	4.7201e-010
19399	4.8639e-010
19400	4.931e-010
19401	5.0802e-010
19402	5.1821e-010
19403	5.2814e-010
19404	5.4348e-010
19405	5.5373e-010
19406	5.654e-010
19407	5.8077e-010
19408	5.9384e-010
19409	6.0578e-010
19410	6.2522e-010
19411	6.3867e-010
19412	6.5366e-010
19413	6.6575e-010
19414	6.8316e-010
19415	6.984e-010
19416	7.1395e-010
19417	7.2979e-010
19418	7.4628e-010
19419	7.639e-010
19420	7.7934e-010
19421	7.9902e-010
19422	8.1661e-010
19423	8.3487e-010
19424	8.5386e-010
19425	8.7335e-010
19426	8.9388e-010
19427	9.1226e-010
19428	9.3391e-010
19429	9.55e-010
19430	9.7667e-010
19431	1.0004e-009
19432	1.0245e-009
19433	1.0424e-009
19434	1.0613e-009
19435	1.0989e-009
19436	1.1007e-009
19437	1.0625e-009
19438	1.0444e-009
19439	1.0297e-009
19440	1.0069e-009
19441	9.828e-010
19442	9.6107e-010
19443	9.3875e-010
19444	9.1165e-010
19445	8.973e-010
19446	8.7702e-010
19447	8.5798e-010
19448	8.3968e-010
19449	8.2211e-010
19450	8.0733e-010
19451	7.8009e-010
19452	7.7332e-010
19453	7.5413e-010
19454	7.3883e-010
19455	7.2441e-010
19456	7.1462e-010
19457	7.0809e-010
19458	6.7146e-010
19459	6.8034e-010
19460	6.5833e-010
19461	6.5518e-010
19462	6.1836e-010
19463	6.2446e-010
19464	6.1373e-010
19465	5.7939e-010
19466	5.7024e-010
19467	5.8148e-010
19468	5.4305e-010
19469	5.4068e-010
19470	5.4898e-010
19471	5.1723e-010
19472	5.3455e-010
19473	4.8871e-010
19474	4.7738e-010
19475	4.6988e-010
19476	4.4502e-010
19477	4.5093e-010
19478	4.293e-010
19479	4.3442e-010
19480	4.1017e-010
19481	4.1155e-010
19482	3.9006e-010
19483	3.8422e-010
19484	3.7148e-010
19485	3.5463e-010
19486	3.5953e-010
19487	3.3678e-010
19488	3.3534e-010
19489	2.9842e-010
19490	2.9403e-010
19491	3.2169e-010
19492	3.0848e-010
19493	3.6096e-010
19494	3.6882e-010
19495	5.2176e-010
19496	8.1253e-010
19497	1.1893e-009
19498	1.0987e-009
19499	1.2727e-009
19500	1.6742e-009
19501	1.4105e-010
19502	1.1961e-010
19503	1.9155e-010
19504	2.6324e-010
19505	2.7806e-010
19506	2.8356e-010
19507	2.9101e-010
19508	2.9915e-010
19509	3.0523e-010
19510	3.1389e-010
19511	3.207e-010
19512	3.2734e-010
19513	3.3742e-010
19514	3.4262e-010
19515	3.5304e-010
19516	3.5924e-010
19517	3.6833e-010
19518	3.7708e-010
19519	3.849e-010
19520	3.9549e-010
19521	4.0269e-010
19522	4.1423e-010
19523	4.2159e-010
19524	4.3332e-010
19525	4.4175e-010
19526	4.5253e-010
19527	4.635e-010
19528	4.7216e-010
19529	4.8651e-010
19530	4.9322e-010
19531	5.0812e-010
19532	5.1835e-010
19533	5.283e-010
19534	5.4372e-010
19535	5.5397e-010
19536	5.6557e-010
19537	5.8092e-010
19538	5.9412e-010
19539	6.0358e-010
19540	6.2165e-010
19541	6.3494e-010
19542	6.4979e-010
19543	6.6474e-010
19544	6.8343e-010
19545	6.9869e-010
19546	7.1447e-010
19547	7.3017e-010
19548	7.4658e-010
19549	7.641e-010
19550	7.7943e-010
19551	7.991e-010
19552	8.1693e-010
19553	8.3532e-010
19554	8.5407e-010
19555	8.7319e-010
19556	8.9351e-010
19557	9.1187e-010
19558	9.3375e-010
19559	9.5478e-010
19560	9.7635e-010
19561	1.0001e-009
19562	1.024e-009
19563	1.042e-009
19564	1.0606e-009
19565	1.098e-009
19566	1.1e-009
19567	1.0619e-009
19568	1.0436e-009
19569	1.0289e-009
19570	1.0045e-009
19571	9.7649e-010
19572	9.5496e-010
19573	9.348e-010
19574	9.1177e-010
19575	8.9742e-010
19576	8.7687e-010
19577	8.5811e-010
19578	8.3948e-010
19579	8.2524e-010
19580	8.1214e-010
19581	7.8516e-010
19582	7.7819e-010
19583	7.5894e-010
19584	7.4386e-010
19585	7.2963e-010
19586	7.1658e-010
19587	7.0851e-010
19588	6.7243e-010
19589	6.8041e-010
19590	6.5838e-010
19591	6.5517e-010
19592	6.1836e-010
19593	6.2437e-010
19594	6.1351e-010
19595	5.7914e-010
19596	5.6995e-010
19597	5.811e-010
19598	5.4257e-010
19599	5.4016e-010
19600	5.4848e-010
19601	5.168e-010
19602	5.3403e-010
19603	4.8818e-010
19604	4.7685e-010
19605	4.6934e-010
19606	4.4452e-010
19607	4.5044e-010
19608	4.2881e-010
19609	4.3391e-010
19610	4.0964e-010
19611	4.1106e-010
19612	3.8958e-010
19613	3.8378e-010
19614	3.7105e-010
19615	3.543e-010
19616	3.593e-010
19617	3.3668e-010
19618	3.353e-010
19619	2.9844e-010
19620	2.9407e-010
19621	3.2164e-010
19622	3.0844e-010
19623	3.6082e-010
19624	3.6862e-010
19625	5.215e-010
19626	8.1216e-010
19627	1.189e-009
19628	1.0984e-009
19629	1.2724e-009
19630	1.6741e-009
19631	1.1926e-010
19632	9.9961e-011
19633	1.7573e-010
19634	2.46e-010
19635	2.5915e-010
19636	2.6551e-010
19637	2.728e-010
19638	2.7931e-010
19639	2.8425e-010
19640	2.9403e-010
19641	3.0014e-010
19642	3.0548e-010
19643	3.161e-010
19644	3.1893e-010
19645	3.3065e-010
19646	3.3566e-010
19647	3.4448e-010
19648	3.5244e-010
19649	3.595e-010
19650	3.6999e-010
19651	3.7572e-010
19652	3.8787e-010
19653	3.9326e-010
19654	4.0571e-010
19655	4.1229e-010
19656	4.2318e-010
19657	4.3421e-010
19658	4.3987e-010
19659	4.5618e-010
19660	4.5897e-010
19661	4.7597e-010
19662	4.8502e-010
19663	4.9237e-010
19664	5.0948e-010
19665	5.1764e-010
19666	5.2759e-010
19667	5.4431e-010
19668	5.5557e-010
19669	5.6241e-010
19670	5.8137e-010
19671	5.9466e-010
19672	6.0808e-010
19673	6.2427e-010
19674	6.4755e-010
19675	6.6453e-010
19676	6.7996e-010
19677	6.9428e-010
19678	7.0969e-010
19679	7.2594e-010
19680	7.4041e-010
19681	7.5904e-010
19682	7.7623e-010
19683	7.9364e-010
19684	8.1159e-010
19685	8.3e-010
19686	8.4881e-010
19687	8.6596e-010
19688	8.8619e-010
19689	9.065e-010
19690	9.2779e-010
19691	9.5199e-010
19692	9.7359e-010
19693	9.8763e-010
19694	1.0066e-009
19695	1.0452e-009
19696	1.0467e-009
19697	1.0073e-009
19698	9.8858e-010
19699	9.7908e-010
19700	9.5001e-010
19701	9.156e-010
19702	8.9262e-010
19703	8.7253e-010
19704	8.5119e-010
19705	8.3786e-010
19706	8.2043e-010
19707	8.0259e-010
19708	7.8796e-010
19709	7.7897e-010
19710	7.6901e-010
19711	7.4219e-010
19712	7.3561e-010
19713	7.1869e-010
19714	7.0651e-010
19715	6.987e-010
19716	6.8599e-010
19717	6.703e-010
19718	6.3117e-010
19719	6.4601e-010
19720	6.3673e-010
19721	6.2568e-010
19722	5.7587e-010
19723	5.9668e-010
19724	5.9416e-010
19725	5.4195e-010
19726	5.4025e-010
19727	5.6377e-010
19728	5.0405e-010
19729	5.1821e-010
19730	5.3189e-010
19731	4.7641e-010
19732	5.2152e-010
19733	4.533e-010
19734	4.5961e-010
19735	4.5085e-010
19736	4.1656e-010
19737	4.338e-010
19738	4.025e-010
19739	4.1825e-010
19740	3.8505e-010
19741	3.9414e-010
19742	3.6913e-010
19743	3.6619e-010
19744	3.5437e-010
19745	3.37e-010
19746	3.4637e-010
19747	3.1378e-010
19748	3.2365e-010
19749	2.8182e-010
19750	2.7918e-010
19751	3.1524e-010
19752	2.8638e-010
19753	3.2273e-010
19754	3.803e-010
19755	5.3488e-010
19756	7.7744e-010
19757	1.0818e-009
19758	9.5638e-010
19759	1.3984e-009
19760	1.2527e-009
19761	1.4096e-010
19762	1.1959e-010
19763	1.9159e-010
19764	2.6334e-010
19765	2.7812e-010
19766	2.8358e-010
19767	2.9099e-010
19768	2.9911e-010
19769	3.0521e-010
19770	3.1385e-010
19771	3.2065e-010
19772	3.2731e-010
19773	3.3739e-010
19774	3.4262e-010
19775	3.5308e-010
19776	3.5931e-010
19777	3.6843e-010
19778	3.7726e-010
19779	3.8511e-010
19780	3.9571e-010
19781	4.0286e-010
19782	4.1426e-010
19783	4.2157e-010
19784	4.3328e-010
19785	4.417e-010
19786	4.526e-010
19787	4.6362e-010
19788	4.723e-010
19789	4.867e-010
19790	4.9341e-010
19791	5.0835e-010
19792	5.1855e-010
19793	5.2844e-010
19794	5.4388e-010
19795	5.5426e-010
19796	5.6581e-010
19797	5.8105e-010
19798	5.9427e-010
19799	6.0384e-010
19800	6.2193e-010
19801	6.35e-010
19802	6.4907e-010
19803	6.6318e-010
19804	6.8267e-010
19805	6.9905e-010
19806	7.1487e-010
19807	7.3052e-010
19808	7.4671e-010
19809	7.644e-010
19810	7.797e-010
19811	7.9938e-010
19812	8.1715e-010
19813	8.3557e-010
19814	8.5436e-010
19815	8.7358e-010
19816	8.9372e-010
19817	9.1185e-010
19818	9.334e-010
19819	9.5461e-010
19820	9.7628e-010
19821	9.9992e-010
19822	1.024e-009
19823	1.0419e-009
19824	1.0607e-009
19825	1.0979e-009
19826	1.0998e-009
19827	1.0622e-009
19828	1.0438e-009
19829	1.0287e-009
19830	1.0027e-009
19831	9.7533e-010
19832	9.5565e-010
19833	9.3532e-010
19834	9.118e-010
19835	8.9734e-010
19836	8.7696e-010
19837	8.5807e-010
19838	8.4043e-010
19839	8.2727e-010
19840	8.1404e-010
19841	7.8701e-010
19842	7.8012e-010
19843	7.6086e-010
19844	7.4459e-010
19845	7.2933e-010
19846	7.1628e-010
19847	7.0608e-010
19848	6.7286e-010
19849	6.7848e-010
19850	6.5847e-010
19851	6.5521e-010
19852	6.1837e-010
19853	6.2432e-010
19854	6.134e-010
19855	5.7893e-010
19856	5.6976e-010
19857	5.809e-010
19858	5.4226e-010
19859	5.3987e-010
19860	5.4815e-010
19861	5.1629e-010
19862	5.3359e-010
19863	4.8772e-010
19864	4.7649e-010
19865	4.6892e-010
19866	4.4405e-010
19867	4.4994e-010
19868	4.2827e-010
19869	4.3336e-010
19870	4.0911e-010
19871	4.1056e-010
19872	3.8918e-010
19873	3.8344e-010
19874	3.7077e-010
19875	3.5403e-010
19876	3.591e-010
19877	3.3647e-010
19878	3.3518e-010
19879	2.9828e-010
19880	2.9399e-010
19881	3.2169e-010
19882	3.0833e-010
19883	3.6085e-010
19884	3.6855e-010
19885	5.2141e-010
19886	8.1208e-010
19887	1.1889e-009
19888	1.0984e-009
19889	1.2724e-009
19890	1.6739e-009
19891	1.4096e-010
19892	1.1959e-010
19893	1.9159e-010
19894	2.6334e-010
19895	2.7812e-010
19896	2.8358e-010
19897	2.9099e-010
19898	2.9911e-010
19899	3.0521e-010
19900	3.1385e-010
19901	3.2065e-010
19902	3.2731e-010
19903	3.3739e-010
19904	3.4262e-010
19905	3.5308e-010
19906	3.5931e-010
19907	3.6843e-010
19908	3.7726e-010
19909	3.8511e-010
19910	3.9571e-010
19911	4.0286e-010
19912	4.1426e-010
19913	4.2157e-010
19914	4.3328e-010
19915	4.417e-010
19916	4.526e-010
19917	4.6362e-010
19918	4.7231e-010
19919	4.867e-010
19920	4.9341e-010
19921	5.0835e-010
19922	5.1855e-010
19923	5.2844e-010
19924	5.4388e-010
19925	5.5426e-010
19926	5.6582e-010
19927	5.8106e-010
19928	5.9425e-010
19929	6.0388e-010
19930	6.2194e-010
19931	6.3499e-010
19932	6.492e-010
19933	6.6318e-010
19934	6.8212e-010
19935	6.9892e-010
19936	7.148e-010
19937	7.3049e-010
19938	7.4673e-010
19939	7.644e-010
19940	7.797e-010
19941	7.9938e-010
19942	8.1715e-010
19943	8.3557e-010
19944	8.5436e-010
19945	8.7357e-010
19946	8.9372e-010
19947	9.1185e-010
19948	9.334e-010
19949	9.5461e-010
19950	9.7628e-010
19951	9.9992e-010
19952	1.024e-009
19953	1.0419e-009
19954	1.0607e-009
19955	1.0979e-009
19956	1.0998e-009
19957	1.0622e-009
19958	1.0441e-009
19959	1.0291e-009
19960	1.0032e-009
19961	9.7553e-010
19962	9.5558e-010
19963	9.3537e-010
19964	9.1178e-010
19965	8.9739e-010
19966	8.769e-010
19967	8.5795e-010
19968	8.4398e-010
19969	8.2885e-010
19970	8.1382e-010
19971	7.8671e-010
19972	7.7986e-010
19973	7.6052e-010
19974	7.4445e-010
19975	7.2932e-010
19976	7.1633e-010
19977	7.0588e-010
19978	6.7106e-010
19979	6.7855e-010
19980	6.5854e-010
19981	6.5516e-010
19982	6.1838e-010
19983	6.2435e-010
19984	6.134e-010
19985	5.7893e-010
19986	5.6976e-010
19987	5.809e-010
19988	5.4227e-010
19989	5.3987e-010
19990	5.4815e-010
19991	5.1629e-010
19992	5.3359e-010
19993	4.8772e-010
19994	4.7649e-010
19995	4.6892e-010
19996	4.4405e-010
19997	4.4994e-010
19998	4.2828e-010
19999	4.3337e-010
20000	4.0912e-010
20001	4.1056e-010
20002	3.8918e-010
20003	3.8345e-010
20004	3.7077e-010
20005	3.5403e-010
20006	3.591e-010
20007	3.3647e-010
20008	3.3518e-010
20009	2.9827e-010
20010	2.9399e-010
20011	3.2169e-010
20012	3.0833e-010
20013	3.6085e-010
20014	3.6855e-010
20015	5.2141e-010
20016	8.1209e-010
20017	1.1889e-009
20018	1.0984e-009
20019	1.2724e-009
20020	1.6739e-009
20021	1.1926e-010
20022	9.9956e-011
20023	1.7575e-010
20024	2.46e-010
20025	2.5914e-010
20026	2.6552e-010
20027	2.7279e-010
20028	2.7933e-010
20029	2.8426e-010
20030	2.9402e-010
20031	3.0014e-010
20032	3.055e-010
20033	3.1609e-010
20034	3.1893e-010
20035	3.3064e-010
20036	3.3567e-010
20037	3.4447e-010
20038	3.5245e-010
20039	3.595e-010
20040	3.7e-010
20041	3.757e-010
20042	3.8786e-010
20043	3.9332e-010
20044	4.0574e-010
20045	4.1229e-010
20046	4.2318e-010
20047	4.342e-010
20048	4.3986e-010
20049	4.5619e-010
20050	4.5896e-010
20051	4.7597e-010
20052	4.8502e-010
20053	4.9238e-010
20054	5.0947e-010
20055	5.1763e-010
20056	5.2759e-010
20057	5.4426e-010
20058	5.5562e-010
20059	5.6234e-010
20060	5.8135e-010
20061	5.9461e-010
20062	6.0659e-010
20063	6.1917e-010
20064	6.3969e-010
20065	6.6074e-010
20066	6.7973e-010
20067	6.9432e-010
20068	7.0967e-010
20069	7.2595e-010
20070	7.404e-010
20071	7.5903e-010
20072	7.7623e-010
20073	7.9363e-010
20074	8.1158e-010
20075	8.3e-010
20076	8.488e-010
20077	8.6598e-010
20078	8.8618e-010
20079	9.0656e-010
20080	9.2776e-010
20081	9.5199e-010
20082	9.7363e-010
20083	9.8763e-010
20084	1.0066e-009
20085	1.0452e-009
20086	1.0466e-009
20087	1.0073e-009
20088	9.8639e-010
20089	9.7483e-010
20090	9.458e-010
20091	9.1344e-010
20092	8.9264e-010
20093	8.7242e-010
20094	8.512e-010
20095	8.3784e-010
20096	8.2025e-010
20097	8.0301e-010
20098	7.9319e-010
20099	7.8684e-010
20100	7.72e-010
20101	7.4572e-010
20102	7.3902e-010
20103	7.2201e-010
20104	7.0814e-010
20105	6.9865e-010
20106	6.8441e-010
20107	6.6674e-010
20108	6.2864e-010
20109	6.4504e-010
20110	6.3661e-010
20111	6.2562e-010
20112	5.7588e-010
20113	5.9673e-010
20114	5.9413e-010
20115	5.4195e-010
20116	5.4025e-010
20117	5.6377e-010
20118	5.0405e-010
20119	5.182e-010
20120	5.3188e-010
20121	4.7643e-010
20122	5.2152e-010
20123	4.5331e-010
20124	4.5964e-010
20125	4.5085e-010
20126	4.1655e-010
20127	4.3379e-010
20128	4.0252e-010
20129	4.1824e-010
20130	3.8504e-010
20131	3.9414e-010
20132	3.6912e-010
20133	3.6619e-010
20134	3.5436e-010
20135	3.3703e-010
20136	3.4639e-010
20137	3.1378e-010
20138	3.2365e-010
20139	2.8181e-010
20140	2.7917e-010
20141	3.1524e-010
20142	2.8639e-010
20143	3.2273e-010
20144	3.8029e-010
20145	5.3487e-010
20146	7.7743e-010
20147	1.0818e-009
20148	9.5643e-010
20149	1.3984e-009
20150	1.2528e-009
20151	1.4105e-010
20152	1.1961e-010
20153	1.9155e-010
20154	2.6323e-010
20155	2.7807e-010
20156	2.8355e-010
20157	2.9101e-010
20158	2.9915e-010
20159	3.0523e-010
20160	3.1391e-010
20161	3.207e-010
20162	3.2735e-010
20163	3.3742e-010
20164	3.4261e-010
20165	3.5303e-010
20166	3.5925e-010
20167	3.6831e-010
20168	3.7709e-010
20169	3.8492e-010
20170	3.9549e-010
20171	4.0269e-010
20172	4.1423e-010
20173	4.2157e-010
20174	4.3331e-010
20175	4.4175e-010
20176	4.5251e-010
20177	4.635e-010
20178	4.7217e-010
20179	4.865e-010
20180	4.9322e-010
20181	5.0813e-010
20182	5.1836e-010
20183	5.283e-010
20184	5.4372e-010
20185	5.5397e-010
20186	5.6555e-010
20187	5.8092e-010
20188	5.9417e-010
20189	6.035e-010
20190	6.2144e-010
20191	6.3466e-010
20192	6.4928e-010
20193	6.6149e-010
20194	6.7942e-010
20195	6.9576e-010
20196	7.1438e-010
20197	7.2995e-010
20198	7.465e-010
20199	7.6413e-010
20200	7.7944e-010
20201	7.9911e-010
20202	8.1693e-010
20203	8.3533e-010
20204	8.5407e-010
20205	8.7319e-010
20206	8.9351e-010
20207	9.1188e-010
20208	9.3371e-010
20209	9.5482e-010
20210	9.7636e-010
20211	1.0001e-009
20212	1.024e-009
20213	1.042e-009
20214	1.0606e-009
20215	1.0981e-009
20216	1.1e-009
20217	1.0617e-009
20218	1.0426e-009
20219	1.0271e-009
20220	1.0027e-009
20221	9.7589e-010
20222	9.5548e-010
20223	9.3529e-010
20224	9.118e-010
20225	8.9746e-010
20226	8.7689e-010
20227	8.5785e-010
20228	8.4263e-010
20229	8.2786e-010
20230	8.1406e-010
20231	7.8649e-010
20232	7.7974e-010
20233	7.6034e-010
20234	7.4426e-010
20235	7.2912e-010
20236	7.1655e-010
20237	7.088e-010
20238	6.7054e-010
20239	6.8015e-010
20240	6.5841e-010
20241	6.5516e-010
20242	6.1834e-010
20243	6.2441e-010
20244	6.1354e-010
20245	5.7912e-010
20246	5.6994e-010
20247	5.8109e-010
20248	5.4257e-010
20249	5.4016e-010
20250	5.485e-010
20251	5.1679e-010
20252	5.3403e-010
20253	4.8818e-010
20254	4.7686e-010
20255	4.6934e-010
20256	4.4453e-010
20257	4.5044e-010
20258	4.2881e-010
20259	4.3392e-010
20260	4.0964e-010
20261	4.1106e-010
20262	3.8958e-010
20263	3.8379e-010
20264	3.7107e-010
20265	3.543e-010
20266	3.5931e-010
20267	3.3667e-010
20268	3.353e-010
20269	2.9843e-010
20270	2.9406e-010
20271	3.2164e-010
20272	3.0845e-010
20273	3.6081e-010
20274	3.6862e-010
20275	5.2148e-010
20276	8.1216e-010
20277	1.189e-009
20278	1.0984e-009
20279	1.2724e-009
20280	1.6741e-009
20281	1.4102e-010
20282	1.1961e-010
20283	1.9154e-010
20284	2.6321e-010
20285	2.7802e-010
20286	2.8346e-010
20287	2.909e-010
20288	2.9906e-010
20289	3.0518e-010
20290	3.1382e-010
20291	3.2063e-010
20292	3.2728e-010
20293	3.3733e-010
20294	3.4256e-010
20295	3.53e-010
20296	3.5923e-010
20297	3.6826e-010
20298	3.7698e-010
20299	3.8477e-010
20300	3.9538e-010
20301	4.0262e-010
20302	4.1415e-010
20303	4.2151e-010
20304	4.3316e-010
20305	4.4152e-010
20306	4.5233e-010
20307	4.6332e-010
20308	4.7199e-010
20309	4.8642e-010
20310	4.931e-010
20311	5.0802e-010
20312	5.1821e-010
20313	5.2815e-010
20314	5.4348e-010
20315	5.5375e-010
20316	5.6539e-010
20317	5.808e-010
20318	5.9395e-010
20319	6.0336e-010
20320	6.2121e-010
20321	6.344e-010
20322	6.4895e-010
20323	6.6087e-010
20324	6.7841e-010
20325	6.9365e-010
20326	7.0917e-010
20327	7.2778e-010
20328	7.4603e-010
20329	7.6391e-010
20330	7.7934e-010
20331	7.9901e-010
20332	8.1663e-010
20333	8.3488e-010
20334	8.5391e-010
20335	8.7331e-010
20336	8.9389e-010
20337	9.1226e-010
20338	9.3388e-010
20339	9.5496e-010
20340	9.7666e-010
20341	1.0004e-009
20342	1.0245e-009
20343	1.0424e-009
20344	1.0613e-009
20345	1.0989e-009
20346	1.0998e-009
20347	1.0598e-009
20348	1.0366e-009
20349	1.0217e-009
20350	9.9911e-010
20351	9.7615e-010
20352	9.5557e-010
20353	9.3536e-010
20354	9.1176e-010
20355	8.9731e-010
20356	8.7704e-010
20357	8.579e-010
20358	8.3934e-010
20359	8.2285e-010
20360	8.1183e-010
20361	7.8653e-010
20362	7.7921e-010
20363	7.5999e-010
20364	7.4393e-010
20365	7.2876e-010
20366	7.1647e-010
20367	7.0773e-010
20368	6.7004e-010
20369	6.7947e-010
20370	6.586e-010
20371	6.5515e-010
20372	6.1808e-010
20373	6.2454e-010
20374	6.1375e-010
20375	5.7941e-010
20376	5.7027e-010
20377	5.8148e-010
20378	5.4305e-010
20379	5.4068e-010
20380	5.4899e-010
20381	5.1724e-010
20382	5.3455e-010
20383	4.8869e-010
20384	4.7738e-010
20385	4.6988e-010
20386	4.4504e-010
20387	4.5093e-010
20388	4.2932e-010
20389	4.344e-010
20390	4.1016e-010
20391	4.1155e-010
20392	3.9006e-010
20393	3.8422e-010
20394	3.7148e-010
20395	3.5463e-010
20396	3.5954e-010
20397	3.368e-010
20398	3.3535e-010
20399	2.9841e-010
20400	2.9403e-010
20401	3.217e-010
20402	3.0847e-010
20403	3.6096e-010
20404	3.6882e-010
20405	5.2176e-010
20406	8.1253e-010
20407	1.1893e-009
20408	1.0987e-009
20409	1.2727e-009
20410	1.6742e-009
20411	1.1925e-010
20412	9.992e-011
20413	1.7569e-010
20414	2.4585e-010
20415	2.5896e-010
20416	2.652e-010
20417	2.7242e-010
20418	2.791e-010
20419	2.8411e-010
20420	2.9391e-010
20421	2.9993e-010
20422	3.0526e-010
20423	3.158e-010
20424	3.187e-010
20425	3.3049e-010
20426	3.3558e-010
20427	3.4432e-010
20428	3.5232e-010
20429	3.5926e-010
20430	3.6994e-010
20431	3.756e-010
20432	3.877e-010
20433	3.9301e-010
20434	4.0539e-010
20435	4.1197e-010
20436	4.2283e-010
20437	4.3387e-010
20438	4.3962e-010
20439	4.5612e-010
20440	4.5911e-010
20441	4.7613e-010
20442	4.8499e-010
20443	4.9237e-010
20444	5.0916e-010
20445	5.1709e-010
20446	5.2709e-010
20447	5.4413e-010
20448	5.5552e-010
20449	5.6208e-010
20450	5.81e-010
20451	5.9433e-010
20452	6.0613e-010
20453	6.1636e-010
20454	6.3319e-010
20455	6.4831e-010
20456	6.6339e-010
20457	6.8528e-010
20458	7.094e-010
20459	7.2544e-010
20460	7.3995e-010
20461	7.5877e-010
20462	7.7576e-010
20463	7.9312e-010
20464	8.1124e-010
20465	8.3023e-010
20466	8.4951e-010
20467	8.6663e-010
20468	8.8661e-010
20469	9.0716e-010
20470	9.2882e-010
20471	9.526e-010
20472	9.7428e-010
20473	9.8853e-010
20474	1.0072e-009
20475	1.0468e-009
20476	1.0419e-009
20477	9.9072e-010
20478	9.6695e-010
20479	9.5651e-010
20480	9.3715e-010
20481	9.1314e-010
20482	8.9273e-010
20483	8.7243e-010
20484	8.5097e-010
20485	8.3804e-010
20486	8.2038e-010
20487	8.0246e-010
20488	7.8573e-010
20489	7.7187e-010
20490	7.6039e-010
20491	7.3744e-010
20492	7.3465e-010
20493	7.2147e-010
20494	7.0773e-010
20495	6.9839e-010
20496	6.8555e-010
20497	6.6795e-010
20498	6.321e-010
20499	6.436e-010
20500	6.365e-010
20501	6.2586e-010
20502	5.7551e-010
20503	5.9688e-010
20504	5.9426e-010
20505	5.4215e-010
20506	5.4054e-010
20507	5.6429e-010
20508	5.0471e-010
20509	5.1892e-010
20510	5.3259e-010
20511	4.7704e-010
20512	5.2232e-010
20513	4.5409e-010
20514	4.606e-010
20515	4.5194e-010
20516	4.1758e-010
20517	4.3483e-010
20518	4.0359e-010
20519	4.192e-010
20520	3.8606e-010
20521	3.9498e-010
20522	3.6996e-010
20523	3.6694e-010
20524	3.552e-010
20525	3.3778e-010
20526	3.4681e-010
20527	3.1406e-010
20528	3.2382e-010
20529	2.8185e-010
20530	2.7911e-010
20531	3.1531e-010
20532	2.8641e-010
20533	3.2288e-010
20534	3.8046e-010
20535	5.3534e-010
20536	7.7796e-010
20537	1.0823e-009
20538	9.5688e-010
20539	1.3987e-009
20540	1.2528e-009
20541	1.4102e-010
20542	1.1961e-010
20543	1.9154e-010
20544	2.6322e-010
20545	2.78e-010
20546	2.8348e-010
20547	2.909e-010
20548	2.9906e-010
20549	3.0518e-010
20550	3.1384e-010
20551	3.2063e-010
20552	3.2728e-010
20553	3.3735e-010
20554	3.4255e-010
20555	3.5301e-010
20556	3.5923e-010
20557	3.6826e-010
20558	3.7698e-010
20559	3.8478e-010
20560	3.9538e-010
20561	4.0262e-010
20562	4.1415e-010
20563	4.2151e-010
20564	4.3316e-010
20565	4.4152e-010
20566	4.5232e-010
20567	4.6332e-010
20568	4.7199e-010
20569	4.8642e-010
20570	4.9312e-010
20571	5.0801e-010
20572	5.1821e-010
20573	5.2815e-010
20574	5.4348e-010
20575	5.5375e-010
20576	5.6541e-010
20577	5.8083e-010
20578	5.9375e-010
20579	6.0361e-010
20580	6.21e-010
20581	6.3443e-010
20582	6.4894e-010
20583	6.609e-010
20584	6.7838e-010
20585	6.9344e-010
20586	7.0884e-010
20587	7.2789e-010
20588	7.4623e-010
20589	7.639e-010
20590	7.7937e-010
20591	7.9901e-010
20592	8.1663e-010
20593	8.3488e-010
20594	8.5391e-010
20595	8.7331e-010
20596	8.9389e-010
20597	9.1226e-010
20598	9.3388e-010
20599	9.5496e-010
20600	9.7666e-010
20601	1.0005e-009
20602	1.0245e-009
20603	1.0425e-009
20604	1.0611e-009
20605	1.0985e-009
20606	1.0985e-009
20607	1.0547e-009
20608	1.0371e-009
20609	1.0225e-009
20610	9.9957e-010
20611	9.7614e-010
20612	9.5555e-010
20613	9.3536e-010
20614	9.1177e-010
20615	8.9735e-010
20616	8.7699e-010
20617	8.5796e-010
20618	8.3981e-010
20619	8.2255e-010
20620	8.0749e-010
20621	7.8281e-010
20622	7.7616e-010
20623	7.6025e-010
20624	7.4389e-010
20625	7.2892e-010
20626	7.1615e-010
20627	7.0743e-010
20628	6.7195e-010
20629	6.7936e-010
20630	6.5808e-010
20631	6.5746e-010
20632	6.1652e-010
20633	6.266e-010
20634	6.1359e-010
20635	5.7938e-010
20636	5.7025e-010
20637	5.8148e-010
20638	5.4306e-010
20639	5.4068e-010
20640	5.4899e-010
20641	5.1726e-010
20642	5.3454e-010
20643	4.8869e-010
20644	4.7738e-010
20645	4.6989e-010
20646	4.4503e-010
20647	4.5093e-010
20648	4.2932e-010
20649	4.344e-010
20650	4.1016e-010
20651	4.1155e-010
20652	3.9006e-010
20653	3.8422e-010
20654	3.7148e-010
20655	3.5464e-010
20656	3.5953e-010
20657	3.3679e-010
20658	3.3535e-010
20659	2.9841e-010
20660	2.9403e-010
20661	3.217e-010
20662	3.0848e-010
20663	3.6097e-010
20664	3.6881e-010
20665	5.2175e-010
20666	8.1253e-010
20667	1.1893e-009
20668	1.0987e-009
20669	1.2727e-009
20670	1.6742e-009
20671	1.4105e-010
20672	1.1962e-010
20673	1.9156e-010
20674	2.6325e-010
20675	2.7808e-010
20676	2.8356e-010
20677	2.9102e-010
20678	2.9914e-010
20679	3.0523e-010
20680	3.1391e-010
20681	3.2069e-010
20682	3.2734e-010
20683	3.3741e-010
20684	3.4262e-010
20685	3.5303e-010
20686	3.5925e-010
20687	3.6832e-010
20688	3.7709e-010
20689	3.8492e-010
20690	3.9548e-010
20691	4.0269e-010
20692	4.1421e-010
20693	4.2157e-010
20694	4.3331e-010
20695	4.4173e-010
20696	4.5252e-010
20697	4.6351e-010
20698	4.7218e-010
20699	4.865e-010
20700	4.9323e-010
20701	5.0813e-010
20702	5.1839e-010
20703	5.2831e-010
20704	5.4369e-010
20705	5.5398e-010
20706	5.6554e-010
20707	5.8097e-010
20708	5.9393e-010
20709	6.0368e-010
20710	6.212e-010
20711	6.347e-010
20712	6.4928e-010
20713	6.6123e-010
20714	6.7857e-010
20715	6.9383e-010
20716	7.0933e-010
20717	7.2552e-010
20718	7.4508e-010
20719	7.639e-010
20720	7.7942e-010
20721	7.9914e-010
20722	8.1693e-010
20723	8.353e-010
20724	8.5403e-010
20725	8.732e-010
20726	8.9352e-010
20727	9.1189e-010
20728	9.3372e-010
20729	9.5478e-010
20730	9.7636e-010
20731	1.0001e-009
20732	1.024e-009
20733	1.042e-009
20734	1.0607e-009
20735	1.0987e-009
20736	1.0956e-009
20737	1.0545e-009
20738	1.0365e-009
20739	1.0218e-009
20740	9.9946e-010
20741	9.7604e-010
20742	9.5564e-010
20743	9.3525e-010
20744	9.1182e-010
20745	8.9738e-010
20746	8.7691e-010
20747	8.5803e-010
20748	8.3993e-010
20749	8.2276e-010
20750	8.0782e-010
20751	7.8224e-010
20752	7.7636e-010
20753	7.6042e-010
20754	7.443e-010
20755	7.2914e-010
20756	7.1659e-010
20757	7.0811e-010
20758	6.7263e-010
20759	6.7989e-010
20760	6.5834e-010
20761	6.5846e-010
20762	6.1677e-010
20763	6.2747e-010
20764	6.1338e-010
20765	5.7903e-010
20766	5.6996e-010
20767	5.8107e-010
20768	5.4258e-010
20769	5.4016e-010
20770	5.4849e-010
20771	5.1679e-010
20772	5.3405e-010
20773	4.8816e-010
20774	4.7685e-010
20775	4.6935e-010
20776	4.4454e-010
20777	4.5043e-010
20778	4.288e-010
20779	4.3389e-010
20780	4.0965e-010
20781	4.1107e-010
20782	3.8957e-010
20783	3.8379e-010
20784	3.7107e-010
20785	3.543e-010
20786	3.593e-010
20787	3.3666e-010
20788	3.353e-010
20789	2.9844e-010
20790	2.9406e-010
20791	3.2166e-010
20792	3.0844e-010
20793	3.6082e-010
20794	3.6863e-010
20795	5.215e-010
20796	8.1216e-010
20797	1.189e-009
20798	1.0984e-009
20799	1.2725e-009
20800	1.6742e-009
20801	1.1926e-010
20802	9.9944e-011
20803	1.7578e-010
20804	2.4597e-010
20805	2.5913e-010
20806	2.6552e-010
20807	2.7277e-010
20808	2.7932e-010
20809	2.8424e-010
20810	2.9402e-010
20811	3.0013e-010
20812	3.0551e-010
20813	3.1612e-010
20814	3.1893e-010
20815	3.3064e-010
20816	3.3565e-010
20817	3.4446e-010
20818	3.5248e-010
20819	3.5948e-010
20820	3.6997e-010
20821	3.7571e-010
20822	3.8784e-010
20823	3.933e-010
20824	4.0569e-010
20825	4.1233e-010
20826	4.2316e-010
20827	4.3417e-010
20828	4.3982e-010
20829	4.5615e-010
20830	4.5898e-010
20831	4.76e-010
20832	4.8501e-010
20833	4.9237e-010
20834	5.0952e-010
20835	5.1762e-010
20836	5.2756e-010
20837	5.4424e-010
20838	5.5528e-010
20839	5.6281e-010
20840	5.8106e-010
20841	5.9456e-010
20842	6.0649e-010
20843	6.1686e-010
20844	6.3352e-010
20845	6.49e-010
20846	6.6389e-010
20847	6.7989e-010
20848	7.0291e-010
20849	7.2624e-010
20850	7.4025e-010
20851	7.5911e-010
20852	7.7619e-010
20853	7.9367e-010
20854	8.1154e-010
20855	8.3e-010
20856	8.4882e-010
20857	8.6597e-010
20858	8.8622e-010
20859	9.065e-010
20860	9.2775e-010
20861	9.5194e-010
20862	9.736e-010
20863	9.8768e-010
20864	1.0067e-009
20865	1.0421e-009
20866	1.0326e-009
20867	9.831e-010
20868	9.6558e-010
20869	9.5569e-010
20870	9.3693e-010
20871	9.1311e-010
20872	8.9275e-010
20873	8.7234e-010
20874	8.5123e-010
20875	8.3786e-010
20876	8.203e-010
20877	8.0271e-010
20878	7.8581e-010
20879	7.6997e-010
20880	7.5416e-010
20881	7.2876e-010
20882	7.3034e-010
20883	7.216e-010
20884	7.0824e-010
20885	6.9868e-010
20886	6.8607e-010
20887	6.7008e-010
20888	6.3147e-010
20889	6.4557e-010
20890	6.3672e-010
20891	6.2933e-010
20892	5.7304e-010
20893	6.0024e-010
20894	5.941e-010
20895	5.4178e-010
20896	5.4023e-010
20897	5.6372e-010
20898	5.0407e-010
20899	5.1826e-010
20900	5.3186e-010
20901	4.7643e-010
20902	5.215e-010
20903	4.5327e-010
20904	4.5961e-010
20905	4.5084e-010
20906	4.1656e-010
20907	4.3378e-010
20908	4.025e-010
20909	4.1825e-010
20910	3.8504e-010
20911	3.9415e-010
20912	3.691e-010
20913	3.6617e-010
20914	3.5438e-010
20915	3.3701e-010
20916	3.4638e-010
20917	3.1377e-010
20918	3.2369e-010
20919	2.8179e-010
20920	2.7915e-010
20921	3.1522e-010
20922	2.8636e-010
20923	3.2273e-010
20924	3.803e-010
20925	5.3492e-010
20926	7.7742e-010
20927	1.0818e-009
20928	9.564e-010
20929	1.3983e-009
20930	1.2527e-009
20931	1.4097e-010
20932	1.1959e-010
20933	1.9161e-010
20934	2.6335e-010
20935	2.7812e-010
20936	2.8359e-010
20937	2.9099e-010
20938	2.991e-010
20939	3.052e-010
20940	3.1386e-010
20941	3.2063e-010
20942	3.2731e-010
20943	3.374e-010
20944	3.4261e-010
20945	3.5308e-010
20946	3.5931e-010
20947	3.6842e-010
20948	3.7725e-010
20949	3.8511e-010
20950	3.9568e-010
20951	4.0287e-010
20952	4.1426e-010
20953	4.2152e-010
20954	4.3328e-010
20955	4.4171e-010
20956	4.5258e-010
20957	4.6362e-010
20958	4.7231e-010
20959	4.8669e-010
20960	4.9343e-010
20961	5.0837e-010
20962	5.1851e-010
20963	5.2843e-010
20964	5.4388e-010
20965	5.5427e-010
20966	5.6584e-010
20967	5.811e-010
20968	5.94e-010
20969	6.0421e-010
20970	6.2169e-010
20971	6.3502e-010
20972	6.4942e-010
20973	6.6132e-010
20974	6.7883e-010
20975	6.9388e-010
20976	7.0935e-010
20977	7.2474e-010
20978	7.443e-010
20979	7.6417e-010
20980	7.797e-010
20981	7.9936e-010
20982	8.1714e-010
20983	8.3562e-010
20984	8.5437e-010
20985	8.7358e-010
20986	8.9374e-010
20987	9.1178e-010
20988	9.3337e-010
20989	9.5459e-010
20990	9.7629e-010
20991	9.9989e-010
20992	1.0241e-009
20993	1.0419e-009
20994	1.0609e-009
20995	1.0973e-009
20996	1.0942e-009
20997	1.055e-009
20998	1.0366e-009
20999	1.0216e-009
21000	9.9895e-010
21001	9.7583e-010
21002	9.5562e-010
21003	9.3536e-010
21004	9.118e-010
21005	8.9737e-010
21006	8.7693e-010
21007	8.5808e-010
21008	8.3999e-010
21009	8.2277e-010
21010	8.0806e-010
21011	7.819e-010
21012	7.7625e-010
21013	7.6049e-010
21014	7.445e-010
21015	7.2933e-010
21016	7.1666e-010
21017	7.0869e-010
21018	6.7188e-010
21019	6.8044e-010
21020	6.581e-010
21021	6.5897e-010
21022	6.1597e-010
21023	6.2791e-010
21024	6.1314e-010
21025	5.7885e-010
21026	5.6977e-010
21027	5.8089e-010
21028	5.4227e-010
21029	5.3988e-010
21030	5.4816e-010
21031	5.1628e-010
21032	5.3362e-010
21033	4.8773e-010
21034	4.7648e-010
21035	4.6889e-010
21036	4.4408e-010
21037	4.4994e-010
21038	4.2827e-010
21039	4.3339e-010
21040	4.0913e-010
21041	4.1056e-010
21042	3.8917e-010
21043	3.8342e-010
21044	3.7076e-010
21045	3.5401e-010
21046	3.591e-010
21047	3.3646e-010
21048	3.3519e-010
21049	2.9828e-010
21050	2.9398e-010
21051	3.2167e-010
21052	3.0833e-010
21053	3.6084e-010
21054	3.6856e-010
21055	5.2139e-010
21056	8.1209e-010
21057	1.1889e-009
21058	1.0983e-009
21059	1.2725e-009
21060	1.6739e-009
21061	1.4097e-010
21062	1.1957e-010
21063	1.916e-010
21064	2.6335e-010
21065	2.7812e-010
21066	2.8358e-010
21067	2.9099e-010
21068	2.991e-010
21069	3.052e-010
21070	3.1386e-010
21071	3.2063e-010
21072	3.2731e-010
21073	3.374e-010
21074	3.4262e-010
21075	3.5308e-010
21076	3.5931e-010
21077	3.6842e-010
21078	3.7725e-010
21079	3.8511e-010
21080	3.9568e-010
21081	4.0287e-010
21082	4.1426e-010
21083	4.2152e-010
21084	4.3329e-010
21085	4.4171e-010
21086	4.5258e-010
21087	4.636e-010
21088	4.7231e-010
21089	4.8669e-010
21090	4.9343e-010
21091	5.0837e-010
21092	5.1851e-010
21093	5.2844e-010
21094	5.4388e-010
21095	5.5427e-010
21096	5.6584e-010
21097	5.8111e-010
21098	5.9399e-010
21099	6.0424e-010
21100	6.2168e-010
21101	6.3505e-010
21102	6.4939e-010
21103	6.6135e-010
21104	6.7901e-010
21105	6.9508e-010
21106	7.1322e-010
21107	7.2589e-010
21108	7.4439e-010
21109	7.6417e-010
21110	7.7966e-010
21111	7.9937e-010
21112	8.1714e-010
21113	8.3562e-010
21114	8.5433e-010
21115	8.7359e-010
21116	8.9374e-010
21117	9.1178e-010
21118	9.3337e-010
21119	9.5459e-010
21120	9.7628e-010
21121	9.9992e-010
21122	1.024e-009
21123	1.0419e-009
21124	1.0609e-009
21125	1.0921e-009
21126	1.0923e-009
21127	1.0548e-009
21128	1.0365e-009
21129	1.0216e-009
21130	9.9893e-010
21131	9.7584e-010
21132	9.5562e-010
21133	9.3536e-010
21134	9.1181e-010
21135	8.9737e-010
21136	8.7693e-010
21137	8.581e-010
21138	8.3991e-010
21139	8.2286e-010
21140	8.0843e-010
21141	7.8249e-010
21142	7.7941e-010
21143	7.6047e-010
21144	7.4441e-010
21145	7.2935e-010
21146	7.1663e-010
21147	7.0866e-010
21148	6.7225e-010
21149	6.8041e-010
21150	6.5808e-010
21151	6.5901e-010
21152	6.1598e-010
21153	6.2794e-010
21154	6.1315e-010
21155	5.7884e-010
21156	5.6976e-010
21157	5.8089e-010
21158	5.4227e-010
21159	5.3988e-010
21160	5.4813e-010
21161	5.1629e-010
21162	5.3363e-010
21163	4.8773e-010
21164	4.7645e-010
21165	4.6889e-010
21166	4.4408e-010
21167	4.4994e-010
21168	4.2828e-010
21169	4.3337e-010
21170	4.0913e-010
21171	4.1056e-010
21172	3.8917e-010
21173	3.8342e-010
21174	3.7076e-010
21175	3.5401e-010
21176	3.591e-010
21177	3.3646e-010
21178	3.3519e-010
21179	2.9828e-010
21180	2.9399e-010
21181	3.2166e-010
21182	3.0833e-010
21183	3.6084e-010
21184	3.6856e-010
21185	5.2139e-010
21186	8.1209e-010
21187	1.1889e-009
21188	1.0983e-009
21189	1.2725e-009
21190	1.6739e-009
21191	1.1926e-010
21192	9.9949e-011
21193	1.7577e-010
21194	2.4599e-010
21195	2.5914e-010
21196	2.6553e-010
21197	2.7276e-010
21198	2.7931e-010
21199	2.8423e-010
21200	2.9402e-010
21201	3.0012e-010
21202	3.0551e-010
21203	3.161e-010
21204	3.1892e-010
21205	3.3062e-010
21206	3.3564e-010
21207	3.4446e-010
21208	3.5247e-010
21209	3.5946e-010
21210	3.7e-010
21211	3.7571e-010
21212	3.8788e-010
21213	3.9328e-010
21214	4.0568e-010
21215	4.1232e-010
21216	4.2317e-010
21217	4.3417e-010
21218	4.3982e-010
21219	4.5615e-010
21220	4.5902e-010
21221	4.7603e-010
21222	4.85e-010
21223	4.9237e-010
21224	5.0951e-010
21225	5.1761e-010
21226	5.2755e-010
21227	5.4427e-010
21228	5.5534e-010
21229	5.6284e-010
21230	5.8105e-010
21231	5.9459e-010
21232	6.0649e-010
21233	6.1689e-010
21234	6.3336e-010
21235	6.53e-010
21236	6.7166e-010
21237	6.8388e-010
21238	7.0268e-010
21239	7.2625e-010
21240	7.4033e-010
21241	7.5908e-010
21242	7.7623e-010
21243	7.9366e-010
21244	8.116e-010
21245	8.3e-010
21246	8.488e-010
21247	8.6594e-010
21248	8.8619e-010
21249	9.0647e-010
21250	9.2776e-010
21251	9.5197e-010
21252	9.7366e-010
21253	9.875e-010
21254	1.0029e-009
21255	1.0291e-009
21256	1.0222e-009
21257	9.8362e-010
21258	9.6542e-010
21259	9.5572e-010
21260	9.3692e-010
21261	9.1311e-010
21262	8.9271e-010
21263	8.7229e-010
21264	8.5123e-010
21265	8.3784e-010
21266	8.2031e-010
21267	8.0268e-010
21268	7.8565e-010
21269	7.7017e-010
21270	7.5359e-010
21271	7.3565e-010
21272	7.3659e-010
21273	7.2219e-010
21274	7.0812e-010
21275	6.987e-010
21276	6.861e-010
21277	6.6989e-010
21278	6.3169e-010
21279	6.4546e-010
21280	6.3677e-010
21281	6.2941e-010
21282	5.7299e-010
21283	6.0024e-010
21284	5.9417e-010
21285	5.418e-010
21286	5.4028e-010
21287	5.6372e-010
21288	5.0406e-010
21289	5.1825e-010
21290	5.3184e-010
21291	4.7643e-010
21292	5.215e-010
21293	4.5326e-010
21294	4.5961e-010
21295	4.5082e-010
21296	4.1655e-010
21297	4.3377e-010
21298	4.0253e-010
21299	4.1824e-010
21300	3.8503e-010
21301	3.9415e-010
21302	3.691e-010
21303	3.6618e-010
21304	3.5437e-010
21305	3.37e-010
21306	3.4636e-010
21307	3.1379e-010
21308	3.2367e-010
21309	2.8179e-010
21310	2.7914e-010
21311	3.1522e-010
21312	2.8635e-010
21313	3.2273e-010
21314	3.8031e-010
21315	5.3491e-010
21316	7.7741e-010
21317	1.0818e-009
21318	9.564e-010
21319	1.3983e-009
21320	1.2528e-009
21321	1.4105e-010
21322	1.1963e-010
21323	1.9156e-010
21324	2.6325e-010
21325	2.7807e-010
21326	2.8357e-010
21327	2.9101e-010
21328	2.9914e-010
21329	3.0523e-010
21330	3.1391e-010
21331	3.2068e-010
21332	3.2735e-010
21333	3.3742e-010
21334	3.4259e-010
21335	3.5303e-010
21336	3.5924e-010
21337	3.6831e-010
21338	3.7709e-010
21339	3.8493e-010
21340	3.9548e-010
21341	4.027e-010
21342	4.1421e-010
21343	4.2157e-010
21344	4.3331e-010
21345	4.4173e-010
21346	4.5251e-010
21347	4.6349e-010
21348	4.7216e-010
21349	4.865e-010
21350	4.932e-010
21351	5.0814e-010
21352	5.184e-010
21353	5.283e-010
21354	5.4367e-010
21355	5.5398e-010
21356	5.6553e-010
21357	5.8097e-010
21358	5.9389e-010
21359	6.0385e-010
21360	6.2116e-010
21361	6.3472e-010
21362	6.4926e-010
21363	6.6128e-010
21364	6.7875e-010
21365	6.9511e-010
21366	7.1124e-010
21367	7.2669e-010
21368	7.4495e-010
21369	7.6384e-010
21370	7.7946e-010
21371	7.9917e-010
21372	8.1692e-010
21373	8.3528e-010
21374	8.5405e-010
21375	8.732e-010
21376	8.9352e-010
21377	9.1188e-010
21378	9.3376e-010
21379	9.5476e-010
21380	9.7633e-010
21381	1.e-009
21382	1.0241e-009
21383	1.0425e-009
21384	1.0571e-009
21385	1.0924e-009
21386	1.0925e-009
21387	1.0542e-009
21388	1.0364e-009
21389	1.0219e-009
21390	9.995e-010
21391	9.7608e-010
21392	9.5563e-010
21393	9.3525e-010
21394	9.1183e-010
21395	8.9741e-010
21396	8.769e-010
21397	8.5802e-010
21398	8.3987e-010
21399	8.2284e-010
21400	8.0833e-010
21401	7.8368e-010
21402	7.8043e-010
21403	7.604e-010
21404	7.4425e-010
21405	7.2921e-010
21406	7.1663e-010
21407	7.0635e-010
21408	6.7424e-010
21409	6.7822e-010
21410	6.5822e-010
21411	6.5907e-010
21412	6.1596e-010
21413	6.2798e-010
21414	6.1324e-010
21415	5.791e-010
21416	5.6995e-010
21417	5.8111e-010
21418	5.4257e-010
21419	5.4019e-010
21420	5.4847e-010
21421	5.1679e-010
21422	5.3405e-010
21423	4.8816e-010
21424	4.7685e-010
21425	4.6934e-010
21426	4.4453e-010
21427	4.5044e-010
21428	4.288e-010
21429	4.339e-010
21430	4.0965e-010
21431	4.1107e-010
21432	3.8957e-010
21433	3.8379e-010
21434	3.7107e-010
21435	3.543e-010
21436	3.5931e-010
21437	3.3667e-010
21438	3.3531e-010
21439	2.9844e-010
21440	2.9405e-010
21441	3.2166e-010
21442	3.0843e-010
21443	3.6081e-010
21444	3.6865e-010
21445	5.2149e-010
21446	8.1218e-010
21447	1.189e-009
21448	1.0983e-009
21449	1.2725e-009
21450	1.6742e-009
21451	1.4101e-010
21452	1.1958e-010
21453	1.9153e-010
21454	2.6324e-010
21455	2.78e-010
21456	2.8347e-010
21457	2.909e-010
21458	2.9905e-010
21459	3.0517e-010
21460	3.1384e-010
21461	3.2063e-010
21462	3.2728e-010
21463	3.3736e-010
21464	3.4254e-010
21465	3.5301e-010
21466	3.5923e-010
21467	3.6826e-010
21468	3.7698e-010
21469	3.8478e-010
21470	3.9538e-010
21471	4.0263e-010
21472	4.1416e-010
21473	4.2151e-010
21474	4.3317e-010
21475	4.4155e-010
21476	4.5233e-010
21477	4.6333e-010
21478	4.7199e-010
21479	4.8642e-010
21480	4.9313e-010
21481	5.0802e-010
21482	5.1823e-010
21483	5.2815e-010
21484	5.4346e-010
21485	5.5375e-010
21486	5.6541e-010
21487	5.8083e-010
21488	5.9365e-010
21489	6.0364e-010
21490	6.2091e-010
21491	6.3443e-010
21492	6.4899e-010
21493	6.6104e-010
21494	6.8025e-010
21495	6.9873e-010
21496	7.1453e-010
21497	7.303e-010
21498	7.4644e-010
21499	7.6389e-010
21500	7.7932e-010
21501	7.9901e-010
21502	8.1664e-010
21503	8.3491e-010
21504	8.5391e-010
21505	8.7334e-010
21506	8.9389e-010
21507	9.1228e-010
21508	9.3389e-010
21509	9.5496e-010
21510	9.767e-010
21511	1.0005e-009
21512	1.0245e-009
21513	1.0428e-009
21514	1.0626e-009
21515	1.0951e-009
21516	1.094e-009
21517	1.0549e-009
21518	1.037e-009
21519	1.0224e-009
21520	9.9961e-010
21521	9.7608e-010
21522	9.5556e-010
21523	9.3542e-010
21524	9.1178e-010
21525	8.9738e-010
21526	8.7701e-010
21527	8.5795e-010
21528	8.3983e-010
21529	8.2261e-010
21530	8.0791e-010
21531	7.8259e-010
21532	7.7708e-010
21533	7.6e-010
21534	7.4388e-010
21535	7.2888e-010
21536	7.1616e-010
21537	7.0585e-010
21538	6.73e-010
21539	6.7775e-010
21540	6.5796e-010
21541	6.5916e-010
21542	6.1596e-010
21543	6.2811e-010
21544	6.1346e-010
21545	5.7932e-010
21546	5.7027e-010
21547	5.8146e-010
21548	5.4304e-010
21549	5.4069e-010
21550	5.4901e-010
21551	5.1726e-010
21552	5.3453e-010
21553	4.8869e-010
21554	4.7736e-010
21555	4.6987e-010
21556	4.4502e-010
21557	4.5093e-010
21558	4.2932e-010
21559	4.3441e-010
21560	4.1016e-010
21561	4.1153e-010
21562	3.9006e-010
21563	3.842e-010
21564	3.715e-010
21565	3.5463e-010
21566	3.5954e-010
21567	3.368e-010
21568	3.3536e-010
21569	2.984e-010
21570	2.9403e-010
21571	3.2169e-010
21572	3.085e-010
21573	3.6095e-010
21574	3.6881e-010
21575	5.2173e-010
21576	8.1253e-010
21577	1.1893e-009
21578	1.0987e-009
21579	1.2726e-009
21580	1.6743e-009
21581	1.1924e-010
21582	9.9915e-011
21583	1.7568e-010
21584	2.4585e-010
21585	2.5893e-010
21586	2.652e-010
21587	2.7242e-010
21588	2.7911e-010
21589	2.8409e-010
21590	2.9396e-010
21591	2.9992e-010
21592	3.0524e-010
21593	3.1584e-010
21594	3.187e-010
21595	3.3047e-010
21596	3.3555e-010
21597	3.443e-010
21598	3.523e-010
21599	3.5931e-010
21600	3.6992e-010
21601	3.7559e-010
21602	3.8769e-010
21603	3.9298e-010
21604	4.0546e-010
21605	4.1197e-010
21606	4.2283e-010
21607	4.3386e-010
21608	4.3961e-010
21609	4.5611e-010
21610	4.5912e-010
21611	4.7611e-010
21612	4.8498e-010
21613	4.9235e-010
21614	5.0915e-010
21615	5.1709e-010
21616	5.271e-010
21617	5.4418e-010
21618	5.552e-010
21619	5.625e-010
21620	5.8072e-010
21621	5.9425e-010
21622	6.0618e-010
21623	6.1626e-010
21624	6.4085e-010
21625	6.6364e-010
21626	6.7913e-010
21627	6.9351e-010
21628	7.0917e-010
21629	7.2549e-010
21630	7.3998e-010
21631	7.5872e-010
21632	7.7575e-010
21633	7.9318e-010
21634	8.1118e-010
21635	8.3018e-010
21636	8.4952e-010
21637	8.6654e-010
21638	8.8666e-010
21639	9.0732e-010
21640	9.2877e-010
21641	9.5261e-010
21642	9.7424e-010
21643	9.8624e-010
21644	1.0025e-009
21645	1.0356e-009
21646	1.027e-009
21647	9.842e-010
21648	9.6674e-010
21649	9.567e-010
21650	9.3717e-010
21651	9.1297e-010
21652	8.9272e-010
21653	8.7241e-010
21654	8.5099e-010
21655	8.3797e-010
21656	8.204e-010
21657	8.0246e-010
21658	7.8567e-010
21659	7.6983e-010
21660	7.5442e-010
21661	7.296e-010
21662	7.3077e-010
21663	7.1548e-010
21664	7.0387e-010
21665	6.9813e-010
21666	6.8579e-010
21667	6.6782e-010
21668	6.3309e-010
21669	6.4347e-010
21670	6.3666e-010
21671	6.2948e-010
21672	5.7291e-010
21673	6.0025e-010
21674	5.9429e-010
21675	5.4205e-010
21676	5.4056e-010
21677	5.6429e-010
21678	5.0473e-010
21679	5.1888e-010
21680	5.3252e-010
21681	4.772e-010
21682	5.2233e-010
21683	4.5406e-010
21684	4.6057e-010
21685	4.5196e-010
21686	4.176e-010
21687	4.349e-010
21688	4.0357e-010
21689	4.1926e-010
21690	3.8604e-010
21691	3.9496e-010
21692	3.6993e-010
21693	3.6692e-010
21694	3.5524e-010
21695	3.3777e-010
21696	3.4681e-010
21697	3.1405e-010
21698	3.2381e-010
21699	2.8183e-010
21700	2.7914e-010
21701	3.153e-010
21702	2.8637e-010
21703	3.2287e-010
21704	3.8049e-010
21705	5.3531e-010
21706	7.7805e-010
21707	1.0823e-009
21708	9.5686e-010
21709	1.3987e-009
21710	1.2528e-009
21711	1.4101e-010
21712	1.1958e-010
21713	1.9153e-010
21714	2.6324e-010
21715	2.78e-010
21716	2.8347e-010
21717	2.909e-010
21718	2.9905e-010
21719	3.0517e-010
21720	3.1384e-010
21721	3.2063e-010
21722	3.2728e-010
21723	3.3736e-010
21724	3.4254e-010
21725	3.5301e-010
21726	3.5923e-010
21727	3.6826e-010
21728	3.7698e-010
21729	3.8478e-010
21730	3.9539e-010
21731	4.0263e-010
21732	4.1416e-010
21733	4.2151e-010
21734	4.3317e-010
21735	4.4155e-010
21736	4.5233e-010
21737	4.6333e-010
21738	4.7199e-010
21739	4.8642e-010
21740	4.9313e-010
21741	5.0802e-010
21742	5.1822e-010
21743	5.2815e-010
21744	5.4346e-010
21745	5.5375e-010
21746	5.6541e-010
21747	5.8083e-010
21748	5.9365e-010
21749	6.0362e-010
21750	6.2091e-010
21751	6.3444e-010
21752	6.4896e-010
21753	6.6114e-010
21754	6.805e-010
21755	6.9861e-010
21756	7.1394e-010
21757	7.2972e-010
21758	7.4623e-010
21759	7.6392e-010
21760	7.7932e-010
21761	7.9901e-010
21762	8.1664e-010
21763	8.3494e-010
21764	8.539e-010
21765	8.7334e-010
21766	8.9389e-010
21767	9.1227e-010
21768	9.3389e-010
21769	9.5496e-010
21770	9.7667e-010
21771	1.0005e-009
21772	1.0239e-009
21773	1.0405e-009
21774	1.0585e-009
21775	1.0969e-009
21776	1.0943e-009
21777	1.0553e-009
21778	1.0371e-009
21779	1.0224e-009
21780	9.9962e-010
21781	9.7608e-010
21782	9.5557e-010
21783	9.3542e-010
21784	9.1182e-010
21785	8.9738e-010
21786	8.7701e-010
21787	8.5794e-010
21788	8.3982e-010
21789	8.2253e-010
21790	8.0807e-010
21791	7.814e-010
21792	7.7516e-010
21793	7.5811e-010
21794	7.4118e-010
21795	7.2946e-010
21796	7.1672e-010
21797	7.074e-010
21798	6.7274e-010
21799	6.7947e-010
21800	6.5827e-010
21801	6.5902e-010
21802	6.16e-010
21803	6.2811e-010
21804	6.1346e-010
21805	5.7932e-010
21806	5.7026e-010
21807	5.8146e-010
21808	5.4304e-010
21809	5.4069e-010
21810	5.4901e-010
21811	5.1726e-010
21812	5.3451e-010
21813	4.8869e-010
21814	4.7735e-010
21815	4.6987e-010
21816	4.4503e-010
21817	4.5093e-010
21818	4.2932e-010
21819	4.3441e-010
21820	4.1015e-010
21821	4.1153e-010
21822	3.9006e-010
21823	3.842e-010
21824	3.715e-010
21825	3.5463e-010
21826	3.5954e-010
21827	3.368e-010
21828	3.3536e-010
21829	2.9839e-010
21830	2.9403e-010
21831	3.2169e-010
21832	3.085e-010
21833	3.6095e-010
21834	3.6881e-010
21835	5.2173e-010
21836	8.1253e-010
21837	1.1893e-009
21838	1.0987e-009
21839	1.2726e-009
21840	1.6743e-009
21841	1.4105e-010
21842	1.1963e-010
21843	1.9156e-010
21844	2.6325e-010
21845	2.7807e-010
21846	2.8357e-010
21847	2.9101e-010
21848	2.9914e-010
21849	3.0524e-010
21850	3.1391e-010
21851	3.2068e-010
21852	3.2735e-010
21853	3.3742e-010
21854	3.4259e-010
21855	3.5303e-010
21856	3.5924e-010
21857	3.6831e-010
21858	3.7709e-010
21859	3.8492e-010
21860	3.9548e-010
21861	4.027e-010
21862	4.1421e-010
21863	4.2157e-010
21864	4.3331e-010
21865	4.4173e-010
21866	4.5252e-010
21867	4.6349e-010
21868	4.7216e-010
21869	4.865e-010
21870	4.932e-010
21871	5.0815e-010
21872	5.184e-010
21873	5.283e-010
21874	5.4367e-010
21875	5.5398e-010
21876	5.6553e-010
21877	5.8097e-010
21878	5.9389e-010
21879	6.0387e-010
21880	6.2117e-010
21881	6.3471e-010
21882	6.4918e-010
21883	6.6403e-010
21884	6.8327e-010
21885	6.9877e-010
21886	7.144e-010
21887	7.3016e-010
21888	7.466e-010
21889	7.6407e-010
21890	7.7948e-010
21891	7.9915e-010
21892	8.1693e-010
21893	8.3528e-010
21894	8.5405e-010
21895	8.732e-010
21896	8.9352e-010
21897	9.1188e-010
21898	9.3372e-010
21899	9.5477e-010
21900	9.7633e-010
21901	1.0001e-009
21902	1.0232e-009
21903	1.0401e-009
21904	1.0584e-009
21905	1.0919e-009
21906	1.0922e-009
21907	1.0544e-009
21908	1.0363e-009
21909	1.0219e-009
21910	9.9949e-010
21911	9.7604e-010
21912	9.5564e-010
21913	9.3525e-010
21914	9.1182e-010
21915	8.9742e-010
21916	8.7692e-010
21917	8.5796e-010
21918	8.3992e-010
21919	8.2277e-010
21920	8.0806e-010
21921	7.8173e-010
21922	7.7383e-010
21923	7.5479e-010
21924	7.4016e-010
21925	7.256e-010
21926	7.1533e-010
21927	7.0824e-010
21928	6.7198e-010
21929	6.8075e-010
21930	6.5831e-010
21931	6.5934e-010
21932	6.1625e-010
21933	6.281e-010
21934	6.1324e-010
21935	5.7908e-010
21936	5.6997e-010
21937	5.8108e-010
21938	5.4257e-010
21939	5.4017e-010
21940	5.4846e-010
21941	5.1679e-010
21942	5.3405e-010
21943	4.8816e-010
21944	4.7686e-010
21945	4.6934e-010
21946	4.4453e-010
21947	4.5044e-010
21948	4.288e-010
21949	4.339e-010
21950	4.0965e-010
21951	4.1107e-010
21952	3.8956e-010
21953	3.8379e-010
21954	3.7107e-010
21955	3.543e-010
21956	3.5931e-010
21957	3.3667e-010
21958	3.3531e-010
21959	2.9844e-010
21960	2.9405e-010
21961	3.2166e-010
21962	3.0843e-010
21963	3.6081e-010
21964	3.6865e-010
21965	5.2149e-010
21966	8.1218e-010
21967	1.189e-009
21968	1.0983e-009
21969	1.2725e-009
21970	1.6742e-009
21971	1.1926e-010
21972	9.9948e-011
21973	1.7577e-010
21974	2.4599e-010
21975	2.5915e-010
21976	2.6553e-010
21977	2.7276e-010
21978	2.7931e-010
21979	2.8422e-010
21980	2.9402e-010
21981	3.0012e-010
21982	3.0551e-010
21983	3.161e-010
21984	3.1892e-010
21985	3.3063e-010
21986	3.3564e-010
21987	3.4445e-010
21988	3.5249e-010
21989	3.5945e-010
21990	3.7001e-010
21991	3.7571e-010
21992	3.8788e-010
21993	3.9328e-010
21994	4.0568e-010
21995	4.1233e-010
21996	4.2317e-010
21997	4.3416e-010
21998	4.3981e-010
21999	4.5615e-010
22000	4.5901e-010
22001	4.7603e-010
22002	4.8501e-010
22003	4.9237e-010
22004	5.0952e-010
22005	5.1761e-010
22006	5.2755e-010
22007	5.4427e-010
22008	5.5536e-010
22009	5.6281e-010
22010	5.8108e-010
22011	5.9453e-010
22012	6.0684e-010
22013	6.2441e-010
22014	6.491e-010
22015	6.6468e-010
22016	6.7996e-010
22017	6.943e-010
22018	7.0971e-010
22019	7.2599e-010
22020	7.4033e-010
22021	7.5901e-010
22022	7.7621e-010
22023	7.937e-010
22024	8.1159e-010
22025	8.2999e-010
22026	8.488e-010
22027	8.6593e-010
22028	8.8618e-010
22029	9.0646e-010
22030	9.2772e-010
22031	9.5205e-010
22032	9.7126e-010
22033	9.834e-010
22034	1.0018e-009
22035	1.0311e-009
22036	1.0216e-009
22037	9.838e-010
22038	9.6543e-010
22039	9.5579e-010
22040	9.369e-010
22041	9.131e-010
22042	8.9271e-010
22043	8.7232e-010
22044	8.5122e-010
22045	8.3781e-010
22046	8.2031e-010
22047	8.0266e-010
22048	7.8584e-010
22049	7.7004e-010
22050	7.5395e-010
22051	7.2895e-010
22052	7.2163e-010
22053	7.0528e-010
22054	6.9734e-010
22055	6.9362e-010
22056	6.8339e-010
22057	6.7022e-010
22058	6.2982e-010
22059	6.4283e-010
22060	6.3379e-010
22061	6.2671e-010
22062	5.7038e-010
22063	5.9901e-010
22064	5.9419e-010
22065	5.4178e-010
22066	5.4027e-010
22067	5.6371e-010
22068	5.0407e-010
22069	5.1827e-010
22070	5.3186e-010
22071	4.7642e-010
22072	5.215e-010
22073	4.5326e-010
22074	4.5961e-010
22075	4.5083e-010
22076	4.1656e-010
22077	4.3377e-010
22078	4.0253e-010
22079	4.1824e-010
22080	3.8503e-010
22081	3.9415e-010
22082	3.6909e-010
22083	3.6617e-010
22084	3.5436e-010
22085	3.3699e-010
22086	3.4636e-010
22087	3.1379e-010
22088	3.2367e-010
22089	2.8179e-010
22090	2.7914e-010
22091	3.1522e-010
22092	2.8635e-010
22093	3.2273e-010
22094	3.8031e-010
22095	5.3491e-010
22096	7.774e-010
22097	1.0818e-009
22098	9.564e-010
22099	1.3983e-009
22100	1.2528e-009
22101	1.4097e-010
22102	1.1958e-010
22103	1.916e-010
22104	2.6335e-010
22105	2.7812e-010
22106	2.8357e-010
22107	2.9099e-010
22108	2.991e-010
22109	3.052e-010
22110	3.1387e-010
22111	3.2063e-010
22112	3.2731e-010
22113	3.374e-010
22114	3.4261e-010
22115	3.5308e-010
22116	3.5931e-010
22117	3.6842e-010
22118	3.7725e-010
22119	3.8511e-010
22120	3.9568e-010
22121	4.0287e-010
22122	4.1426e-010
22123	4.2152e-010
22124	4.3329e-010
22125	4.4171e-010
22126	4.5258e-010
22127	4.6361e-010
22128	4.7231e-010
22129	4.8669e-010
22130	4.9343e-010
22131	5.0837e-010
22132	5.1851e-010
22133	5.2843e-010
22134	5.4388e-010
22135	5.5425e-010
22136	5.6585e-010
22137	5.8108e-010
22138	5.9399e-010
22139	6.0423e-010
22140	6.2168e-010
22141	6.3496e-010
22142	6.4904e-010
22143	6.6398e-010
22144	6.8352e-010
22145	6.9904e-010
22146	7.1482e-010
22147	7.3048e-010
22148	7.4673e-010
22149	7.6438e-010
22150	7.7972e-010
22151	7.994e-010
22152	8.1711e-010
22153	8.3562e-010
22154	8.5436e-010
22155	8.7358e-010
22156	8.9374e-010
22157	9.1178e-010
22158	9.3338e-010
22159	9.5459e-010
22160	9.7628e-010
22161	9.999e-010
22162	1.0242e-009
22163	1.0426e-009
22164	1.0618e-009
22165	1.0939e-009
22166	1.0925e-009
22167	1.0549e-009
22168	1.0364e-009
22169	1.0216e-009
22170	9.9893e-010
22171	9.7584e-010
22172	9.5562e-010
22173	9.3537e-010
22174	9.1182e-010
22175	8.9735e-010
22176	8.7698e-010
22177	8.5808e-010
22178	8.4e-010
22179	8.2284e-010
22180	8.0795e-010
22181	7.8181e-010
22182	7.7415e-010
22183	7.5547e-010
22184	7.4078e-010
22185	7.2844e-010
22186	7.1579e-010
22187	7.0858e-010
22188	6.7081e-010
22189	6.7891e-010
22190	6.5641e-010
22191	6.5737e-010
22192	6.1446e-010
22193	6.2731e-010
22194	6.1312e-010
22195	5.7887e-010
22196	5.6976e-010
22197	5.8089e-010
22198	5.4227e-010
22199	5.3988e-010
22200	5.4816e-010
22201	5.1628e-010
22202	5.3362e-010
22203	4.8773e-010
22204	4.7645e-010
22205	4.6889e-010
22206	4.4408e-010
22207	4.4994e-010
22208	4.2828e-010
22209	4.3337e-010
22210	4.0913e-010
22211	4.1056e-010
22212	3.8917e-010
22213	3.8342e-010
22214	3.7077e-010
22215	3.5401e-010
22216	3.591e-010
22217	3.3646e-010
22218	3.352e-010
22219	2.9828e-010
22220	2.9399e-010
22221	3.2166e-010
22222	3.0833e-010
22223	3.6084e-010
22224	3.6856e-010
22225	5.2139e-010
22226	8.1209e-010
22227	1.1889e-009
22228	1.0983e-009
22229	1.2725e-009
22230	1.6739e-009
22231	1.4097e-010
22232	1.196e-010
22233	1.9161e-010
22234	2.6335e-010
22235	2.7812e-010
22236	2.8358e-010
22237	2.9099e-010
22238	2.991e-010
22239	3.0519e-010
22240	3.1387e-010
22241	3.2063e-010
22242	3.2731e-010
22243	3.374e-010
22244	3.4262e-010
22245	3.5308e-010
22246	3.5931e-010
22247	3.6842e-010
22248	3.7725e-010
22249	3.8511e-010
22250	3.9568e-010
22251	4.0287e-010
22252	4.1426e-010
22253	4.2152e-010
22254	4.3329e-010
22255	4.4171e-010
22256	4.5258e-010
22257	4.6362e-010
22258	4.7231e-010
22259	4.8669e-010
22260	4.9343e-010
22261	5.0837e-010
22262	5.1854e-010
22263	5.2843e-010
22264	5.4388e-010
22265	5.5424e-010
22266	5.6584e-010
22267	5.8108e-010
22268	5.9398e-010
22269	6.0425e-010
22270	6.2161e-010
22271	6.3494e-010
22272	6.5155e-010
22273	6.6519e-010
22274	6.8359e-010
22275	6.9906e-010
22276	7.1481e-010
22277	7.3049e-010
22278	7.4673e-010
22279	7.6438e-010
22280	7.7971e-010
22281	7.994e-010
22282	8.171e-010
22283	8.3561e-010
22284	8.544e-010
22285	8.7358e-010
22286	8.9374e-010
22287	9.1178e-010
22288	9.3337e-010
22289	9.5459e-010
22290	9.7629e-010
22291	9.9991e-010
22292	1.0241e-009
22293	1.042e-009
22294	1.0612e-009
22295	1.0986e-009
22296	1.0945e-009
22297	1.0552e-009
22298	1.0365e-009
22299	1.0215e-009
22300	9.9895e-010
22301	9.7579e-010
22302	9.5562e-010
22303	9.3537e-010
22304	9.1182e-010
22305	8.9737e-010
22306	8.7696e-010
22307	8.5808e-010
22308	8.4001e-010
22309	8.2284e-010
22310	8.0794e-010
22311	7.8184e-010
22312	7.7412e-010
22313	7.5521e-010
22314	7.3951e-010
22315	7.2452e-010
22316	7.1183e-010
22317	7.0699e-010
22318	6.7067e-010
22319	6.7898e-010
22320	6.5653e-010
22321	6.5745e-010
22322	6.1452e-010
22323	6.2724e-010
22324	6.1312e-010
22325	5.7888e-010
22326	5.6976e-010
22327	5.8089e-010
22328	5.4227e-010
22329	5.3988e-010
22330	5.4815e-010
22331	5.1628e-010
22332	5.3362e-010
22333	4.8773e-010
22334	4.7648e-010
22335	4.6889e-010
22336	4.4408e-010
22337	4.4994e-010
22338	4.2828e-010
22339	4.3337e-010
22340	4.0913e-010
22341	4.1056e-010
22342	3.8917e-010
22343	3.8342e-010
22344	3.7076e-010
22345	3.5401e-010
22346	3.591e-010
22347	3.3646e-010
22348	3.352e-010
22349	2.9828e-010
22350	2.9399e-010
22351	3.2166e-010
22352	3.0833e-010
22353	3.6084e-010
22354	3.6856e-010
22355	5.2139e-010
22356	8.1209e-010
22357	1.1889e-009
22358	1.0983e-009
22359	1.2725e-009
22360	1.6739e-009
22361	1.1926e-010
22362	9.9945e-011
22363	1.7578e-010
22364	2.4597e-010
22365	2.5914e-010
22366	2.6553e-010
22367	2.7277e-010
22368	2.7932e-010
22369	2.8423e-010
22370	2.9402e-010
22371	3.0013e-010
22372	3.0551e-010
22373	3.1611e-010
22374	3.1892e-010
22375	3.3063e-010
22376	3.3564e-010
22377	3.4446e-010
22378	3.5248e-010
22379	3.5946e-010
22380	3.6999e-010
22381	3.7571e-010
22382	3.8785e-010
22383	3.9329e-010
22384	4.0568e-010
22385	4.1232e-010
22386	4.2317e-010
22387	4.3417e-010
22388	4.3982e-010
22389	4.5615e-010
22390	4.5898e-010
22391	4.76e-010
22392	4.8501e-010
22393	4.9237e-010
22394	5.0948e-010
22395	5.1764e-010
22396	5.2759e-010
22397	5.4424e-010
22398	5.5534e-010
22399	5.6289e-010
22400	5.8101e-010
22401	5.949e-010
22402	6.124e-010
22403	6.3056e-010
22404	6.4861e-010
22405	6.6463e-010
22406	6.7997e-010
22407	6.9431e-010
22408	7.0971e-010
22409	7.2599e-010
22410	7.4031e-010
22411	7.5903e-010
22412	7.7618e-010
22413	7.9366e-010
22414	8.1154e-010
22415	8.3e-010
22416	8.4881e-010
22417	8.6595e-010
22418	8.862e-010
22419	9.0649e-010
22420	9.2772e-010
22421	9.5195e-010
22422	9.7361e-010
22423	9.8776e-010
22424	1.007e-009
22425	1.0453e-009
22426	1.0346e-009
22427	9.836e-010
22428	9.6548e-010
22429	9.5574e-010
22430	9.3691e-010
22431	9.1311e-010
22432	8.9269e-010
22433	8.7233e-010
22434	8.5124e-010
22435	8.3784e-010
22436	8.203e-010
22437	8.0264e-010
22438	7.8588e-010
22439	7.7004e-010
22440	7.5383e-010
22441	7.2904e-010
22442	7.2153e-010
22443	7.0523e-010
22444	6.917e-010
22445	6.8251e-010
22446	6.7059e-010
22447	6.6261e-010
22448	6.2986e-010
22449	6.4296e-010
22450	6.3387e-010
22451	6.2674e-010
22452	5.7048e-010
22453	5.9904e-010
22454	5.9415e-010
22455	5.4178e-010
22456	5.4024e-010
22457	5.6372e-010
22458	5.0407e-010
22459	5.1825e-010
22460	5.3187e-010
22461	4.7644e-010
22462	5.2151e-010
22463	4.5327e-010
22464	4.5961e-010
22465	4.5084e-010
22466	4.1656e-010
22467	4.3378e-010
22468	4.0249e-010
22469	4.1825e-010
22470	3.8504e-010
22471	3.9415e-010
22472	3.691e-010
22473	3.6617e-010
22474	3.5437e-010
22475	3.37e-010
22476	3.4637e-010
22477	3.1375e-010
22478	3.2368e-010
22479	2.8178e-010
22480	2.7915e-010
22481	3.1522e-010
22482	2.8635e-010
22483	3.2274e-010
22484	3.803e-010
22485	5.3492e-010
22486	7.7742e-010
22487	1.0818e-009
22488	9.564e-010
22489	1.3983e-009
22490	1.2527e-009
22491	1.4105e-010
22492	1.1962e-010
22493	1.9156e-010
22494	2.6325e-010
22495	2.7808e-010
22496	2.8356e-010
22497	2.9102e-010
22498	2.9914e-010
22499	3.0523e-010
22500	3.1391e-010
22501	3.2068e-010
22502	3.2735e-010
22503	3.3742e-010
22504	3.4261e-010
22505	3.5303e-010
22506	3.5925e-010
22507	3.6832e-010
22508	3.7709e-010
22509	3.8492e-010
22510	3.9548e-010
22511	4.0269e-010
22512	4.1421e-010
22513	4.2158e-010
22514	4.3331e-010
22515	4.4173e-010
22516	4.5252e-010
22517	4.6351e-010
22518	4.7218e-010
22519	4.865e-010
22520	4.9323e-010
22521	5.0815e-010
22522	5.1839e-010
22523	5.2831e-010
22524	5.437e-010
22525	5.5396e-010
22526	5.6555e-010
22527	5.8095e-010
22528	5.9387e-010
22529	6.038e-010
22530	6.2115e-010
22531	6.3456e-010
22532	6.5212e-010
22533	6.6587e-010
22534	6.8339e-010
22535	6.9875e-010
22536	7.1438e-010
22537	7.3016e-010
22538	7.4659e-010
22539	7.6409e-010
22540	7.7948e-010
22541	7.9914e-010
22542	8.1693e-010
22543	8.353e-010
22544	8.5403e-010
22545	8.732e-010
22546	8.9352e-010
22547	9.1188e-010
22548	9.3376e-010
22549	9.5477e-010
22550	9.7632e-010
22551	1.0001e-009
22552	1.0241e-009
22553	1.0422e-009
22554	1.0608e-009
22555	1.0977e-009
22556	1.0974e-009
22557	1.0543e-009
22558	1.0368e-009
22559	1.0219e-009
22560	9.995e-010
22561	9.7606e-010
22562	9.5561e-010
22563	9.3526e-010
22564	9.1182e-010
22565	8.9741e-010
22566	8.7692e-010
22567	8.5799e-010
22568	8.3991e-010
22569	8.2274e-010
22570	8.0792e-010
22571	7.8187e-010
22572	7.7408e-010
22573	7.5503e-010
22574	7.3911e-010
22575	7.2406e-010
22576	7.1139e-010
22577	7.0656e-010
22578	6.7176e-010
22579	6.8089e-010
22580	6.5849e-010
22581	6.5886e-010
22582	6.1707e-010
22583	6.2762e-010
22584	6.1335e-010
22585	5.7903e-010
22586	5.6998e-010
22587	5.8108e-010
22588	5.4257e-010
22589	5.4016e-010
22590	5.4849e-010
22591	5.1679e-010
22592	5.3405e-010
22593	4.8816e-010
22594	4.7684e-010
22595	4.6935e-010
22596	4.4453e-010
22597	4.5043e-010
22598	4.288e-010
22599	4.3389e-010
22600	4.0965e-010
22601	4.1107e-010
22602	3.8957e-010
22603	3.8379e-010
22604	3.7107e-010
22605	3.543e-010
22606	3.5931e-010
22607	3.3667e-010
22608	3.3531e-010
22609	2.9844e-010
22610	2.9406e-010
22611	3.2166e-010
22612	3.0844e-010
22613	3.6082e-010
22614	3.6864e-010
22615	5.2148e-010
22616	8.1216e-010
22617	1.189e-009
22618	1.0984e-009
22619	1.2725e-009
22620	1.6742e-009
22621	1.4102e-010
22622	1.1959e-010
22623	1.9153e-010
22624	2.6324e-010
22625	2.78e-010
22626	2.8346e-010
22627	2.909e-010
22628	2.9906e-010
22629	3.0518e-010
22630	3.1384e-010
22631	3.2063e-010
22632	3.2728e-010
22633	3.3735e-010
22634	3.4255e-010
22635	3.5301e-010
22636	3.5923e-010
22637	3.6826e-010
22638	3.7699e-010
22639	3.8478e-010
22640	3.9538e-010
22641	4.0264e-010
22642	4.1414e-010
22643	4.2151e-010
22644	4.3316e-010
22645	4.4152e-010
22646	4.5232e-010
22647	4.6332e-010
22648	4.7199e-010
22649	4.8642e-010
22650	4.9312e-010
22651	5.0801e-010
22652	5.1821e-010
22653	5.2815e-010
22654	5.4349e-010
22655	5.5373e-010
22656	5.6538e-010
22657	5.8087e-010
22658	5.9353e-010
22659	6.0331e-010
22660	6.2111e-010
22661	6.3463e-010
22662	6.5191e-010
22663	6.6538e-010
22664	6.8316e-010
22665	6.984e-010
22666	7.1398e-010
22667	7.2979e-010
22668	7.463e-010
22669	7.6389e-010
22670	7.7935e-010
22671	7.9901e-010
22672	8.1662e-010
22673	8.3491e-010
22674	8.539e-010
22675	8.7331e-010
22676	8.9389e-010
22677	9.1228e-010
22678	9.3388e-010
22679	9.5495e-010
22680	9.7666e-010
22681	1.0005e-009
22682	1.0245e-009
22683	1.0425e-009
22684	1.0612e-009
22685	1.0985e-009
22686	1.0985e-009
22687	1.0576e-009
22688	1.0401e-009
22689	1.0227e-009
22690	9.9965e-010
22691	9.7605e-010
22692	9.5557e-010
22693	9.3538e-010
22694	9.1176e-010
22695	8.9738e-010
22696	8.77e-010
22697	8.5794e-010
22698	8.3984e-010
22699	8.226e-010
22700	8.0778e-010
22701	7.8169e-010
22702	7.7383e-010
22703	7.5475e-010
22704	7.3877e-010
22705	7.2369e-010
22706	7.1116e-010
22707	7.0683e-010
22708	6.6886e-010
22709	6.8076e-010
22710	6.5811e-010
22711	6.5746e-010
22712	6.1657e-010
22713	6.2664e-010
22714	6.1356e-010
22715	5.7935e-010
22716	5.7026e-010
22717	5.8149e-010
22718	5.4305e-010
22719	5.4068e-010
22720	5.4899e-010
22721	5.1726e-010
22722	5.3454e-010
22723	4.8869e-010
22724	4.7738e-010
22725	4.6989e-010
22726	4.4503e-010
22727	4.5093e-010
22728	4.2932e-010
22729	4.344e-010
22730	4.1017e-010
22731	4.1153e-010
22732	3.9006e-010
22733	3.8422e-010
22734	3.7148e-010
22735	3.5464e-010
22736	3.5954e-010
22737	3.3679e-010
22738	3.3535e-010
22739	2.9841e-010
22740	2.9403e-010
22741	3.217e-010
22742	3.0848e-010
22743	3.6097e-010
22744	3.688e-010
22745	5.2175e-010
22746	8.1253e-010
22747	1.1893e-009
22748	1.0987e-009
22749	1.2727e-009
22750	1.6742e-009
22751	1.1925e-010
22752	9.992e-011
22753	1.7569e-010
22754	2.4585e-010
22755	2.5896e-010
22756	2.652e-010
22757	2.7242e-010
22758	2.791e-010
22759	2.8411e-010
22760	2.9391e-010
22761	2.9993e-010
22762	3.0525e-010
22763	3.158e-010
22764	3.1871e-010
22765	3.3049e-010
22766	3.3557e-010
22767	3.4432e-010
22768	3.5232e-010
22769	3.5926e-010
22770	3.6994e-010
22771	3.756e-010
22772	3.8769e-010
22773	3.93e-010
22774	4.0539e-010
22775	4.1197e-010
22776	4.2283e-010
22777	4.3387e-010
22778	4.3962e-010
22779	4.5612e-010
22780	4.591e-010
22781	4.7612e-010
22782	4.8499e-010
22783	4.9237e-010
22784	5.0919e-010
22785	5.1706e-010
22786	5.2719e-010
22787	5.4407e-010
22788	5.5652e-010
22789	5.6502e-010
22790	5.8553e-010
22791	6.0141e-010
22792	6.1712e-010
22793	6.3144e-010
22794	6.4841e-010
22795	6.64e-010
22796	6.7912e-010
22797	6.9357e-010
22798	7.092e-010
22799	7.2556e-010
22800	7.4001e-010
22801	7.5876e-010
22802	7.7576e-010
22803	7.9312e-010
22804	8.1124e-010
22805	8.3023e-010
22806	8.495e-010
22807	8.6661e-010
22808	8.8663e-010
22809	9.0715e-010
22810	9.2881e-010
22811	9.526e-010
22812	9.7426e-010
22813	9.8846e-010
22814	1.0072e-009
22815	1.0467e-009
22816	1.0415e-009
22817	1.002e-009
22818	9.7825e-010
22819	9.5636e-010
22820	9.3717e-010
22821	9.1322e-010
22822	8.9269e-010
22823	8.7239e-010
22824	8.51e-010
22825	8.38e-010
22826	8.2028e-010
22827	8.0244e-010
22828	7.8574e-010
22829	7.7002e-010
22830	7.5387e-010
22831	7.2872e-010
22832	7.2139e-010
22833	7.0498e-010
22834	6.9125e-010
22835	6.8195e-010
22836	6.7038e-010
22837	6.6117e-010
22838	6.2944e-010
22839	6.4422e-010
22840	6.3688e-010
22841	6.256e-010
22842	5.7554e-010
22843	5.9685e-010
22844	5.9431e-010
22845	5.4202e-010
22846	5.406e-010
22847	5.6432e-010
22848	5.0473e-010
22849	5.1892e-010
22850	5.3258e-010
22851	4.7701e-010
22852	5.2235e-010
22853	4.5409e-010
22854	4.6061e-010
22855	4.5194e-010
22856	4.1758e-010
22857	4.3486e-010
22858	4.0358e-010
22859	4.1921e-010
22860	3.8606e-010
22861	3.9497e-010
22862	3.6995e-010
22863	3.6694e-010
22864	3.5519e-010
22865	3.3777e-010
22866	3.4681e-010
22867	3.1406e-010
22868	3.2381e-010
22869	2.8185e-010
22870	2.7911e-010
22871	3.1531e-010
22872	2.864e-010
22873	3.2288e-010
22874	3.8046e-010
22875	5.3534e-010
22876	7.7796e-010
22877	1.0823e-009
22878	9.5687e-010
22879	1.3987e-009
22880	1.2528e-009
22881	1.4102e-010
22882	1.1961e-010
22883	1.9154e-010
22884	2.6321e-010
22885	2.7801e-010
22886	2.8346e-010
22887	2.909e-010
22888	2.9906e-010
22889	3.0518e-010
22890	3.1383e-010
22891	3.2063e-010
22892	3.2728e-010
22893	3.3733e-010
22894	3.4255e-010
22895	3.5301e-010
22896	3.5923e-010
22897	3.6826e-010
22898	3.7698e-010
22899	3.8477e-010
22900	3.9538e-010
22901	4.0262e-010
22902	4.1415e-010
22903	4.2151e-010
22904	4.3316e-010
22905	4.4152e-010
22906	4.5232e-010
22907	4.6332e-010
22908	4.7199e-010
22909	4.8642e-010
22910	4.9313e-010
22911	5.0801e-010
22912	5.1821e-010
22913	5.2815e-010
22914	5.4349e-010
22915	5.5371e-010
22916	5.654e-010
22917	5.8079e-010
22918	5.9415e-010
22919	6.0488e-010
22920	6.2302e-010
22921	6.3874e-010
22922	6.5318e-010
22923	6.6559e-010
22924	6.8319e-010
22925	6.9839e-010
22926	7.1396e-010
22927	7.2979e-010
22928	7.4629e-010
22929	7.6387e-010
22930	7.7935e-010
22931	7.9901e-010
22932	8.1663e-010
22933	8.3488e-010
22934	8.539e-010
22935	8.7331e-010
22936	8.9389e-010
22937	9.1226e-010
22938	9.3388e-010
22939	9.5496e-010
22940	9.7666e-010
22941	1.0004e-009
22942	1.0245e-009
22943	1.0424e-009
22944	1.0613e-009
22945	1.0989e-009
22946	1.1e-009
22947	1.0629e-009
22948	1.04e-009
22949	1.0225e-009
22950	9.9942e-010
22951	9.7609e-010
22952	9.5551e-010
22953	9.3541e-010
22954	9.1176e-010
22955	8.9735e-010
22956	8.7701e-010
22957	8.5795e-010
22958	8.3985e-010
22959	8.2261e-010
22960	8.0779e-010
22961	7.8166e-010
22962	7.7383e-010
22963	7.5475e-010
22964	7.3875e-010
22965	7.237e-010
22966	7.1109e-010
22967	7.0693e-010
22968	6.6888e-010
22969	6.8083e-010
22970	6.5813e-010
22971	6.5576e-010
22972	6.1723e-010
22973	6.2503e-010
22974	6.1364e-010
22975	5.794e-010
22976	5.7027e-010
22977	5.8149e-010
22978	5.4305e-010
22979	5.4068e-010
22980	5.4899e-010
22981	5.1727e-010
22982	5.3454e-010
22983	4.8869e-010
22984	4.7738e-010
22985	4.6989e-010
22986	4.4503e-010
22987	4.5093e-010
22988	4.2932e-010
22989	4.344e-010
22990	4.1016e-010
22991	4.1155e-010
22992	3.9006e-010
22993	3.8422e-010
22994	3.7148e-010
22995	3.5464e-010
22996	3.5953e-010
22997	3.368e-010
22998	3.3535e-010
22999	2.9841e-010
23000	2.9403e-010
23001	3.217e-010
23002	3.0846e-010
23003	3.6097e-010
23004	3.6881e-010
23005	5.2175e-010
23006	8.1253e-010
23007	1.1893e-009
23008	1.0987e-009
23009	1.2727e-009
23010	1.6742e-009
23011	1.4105e-010
23012	1.1961e-010
23013	1.9155e-010
23014	2.6325e-010
23015	2.7807e-010
23016	2.8356e-010
23017	2.9101e-010
23018	2.9915e-010
23019	3.0523e-010
23020	3.1391e-010
23021	3.207e-010
23022	3.2734e-010
23023	3.3742e-010
23024	3.4261e-010
23025	3.5303e-010
23026	3.5925e-010
23027	3.6832e-010
23028	3.7709e-010
23029	3.8492e-010
23030	3.9549e-010
23031	4.0269e-010
23032	4.1423e-010
23033	4.2157e-010
23034	4.3331e-010
23035	4.4173e-010
23036	4.5251e-010
23037	4.635e-010
23038	4.7218e-010
23039	4.8651e-010
23040	4.9322e-010
23041	5.0812e-010
23042	5.1838e-010
23043	5.2831e-010
23044	5.4372e-010
23045	5.5399e-010
23046	5.6551e-010
23047	5.809e-010
23048	5.9656e-010
23049	6.0842e-010
23050	6.2585e-010
23051	6.3929e-010
23052	6.5386e-010
23053	6.6592e-010
23054	6.8335e-010
23055	6.9874e-010
23056	7.144e-010
23057	7.3016e-010
23058	7.466e-010
23059	7.6409e-010
23060	7.7944e-010
23061	7.9914e-010
23062	8.1693e-010
23063	8.3529e-010
23064	8.5407e-010
23065	8.7319e-010
23066	8.9351e-010
23067	9.1188e-010
23068	9.3371e-010
23069	9.5482e-010
23070	9.7636e-010
23071	1.0001e-009
23072	1.0241e-009
23073	1.042e-009
23074	1.0606e-009
23075	1.0982e-009
23076	1.0999e-009
23077	1.0619e-009
23078	1.0436e-009
23079	1.0283e-009
23080	1.0014e-009
23081	9.7705e-010
23082	9.5569e-010
23083	9.3524e-010
23084	9.1181e-010
23085	8.9739e-010
23086	8.7692e-010
23087	8.58e-010
23088	8.3992e-010
23089	8.2279e-010
23090	8.0793e-010
23091	7.8186e-010
23092	7.7405e-010
23093	7.5502e-010
23094	7.3894e-010
23095	7.2376e-010
23096	7.1096e-010
23097	7.0643e-010
23098	6.717e-010
23099	6.8063e-010
23100	6.582e-010
23101	6.5679e-010
23102	6.1783e-010
23103	6.2588e-010
23104	6.1341e-010
23105	5.7909e-010
23106	5.6996e-010
23107	5.8111e-010
23108	5.4257e-010
23109	5.4016e-010
23110	5.4847e-010
23111	5.1679e-010
23112	5.3404e-010
23113	4.8817e-010
23114	4.7687e-010
23115	4.6934e-010
23116	4.4453e-010
23117	4.5044e-010
23118	4.2881e-010
23119	4.3392e-010
23120	4.0964e-010
23121	4.1106e-010
23122	3.8958e-010
23123	3.8379e-010
23124	3.7107e-010
23125	3.543e-010
23126	3.593e-010
23127	3.3667e-010
23128	3.353e-010
23129	2.9844e-010
23130	2.9406e-010
23131	3.2164e-010
23132	3.0844e-010
23133	3.6081e-010
23134	3.6862e-010
23135	5.215e-010
23136	8.1216e-010
23137	1.189e-009
23138	1.0984e-009
23139	1.2724e-009
23140	1.6742e-009
23141	1.1926e-010
23142	9.9949e-011
23143	1.7576e-010
23144	2.4599e-010
23145	2.5913e-010
23146	2.6552e-010
23147	2.7278e-010
23148	2.7933e-010
23149	2.8426e-010
23150	2.9402e-010
23151	3.0014e-010
23152	3.0549e-010
23153	3.1611e-010
23154	3.1893e-010
23155	3.3064e-010
23156	3.3567e-010
23157	3.4447e-010
23158	3.5245e-010
23159	3.595e-010
23160	3.7e-010
23161	3.757e-010
23162	3.8785e-010
23163	3.9331e-010
23164	4.0573e-010
23165	4.1231e-010
23166	4.2317e-010
23167	4.342e-010
23168	4.3986e-010
23169	4.5619e-010
23170	4.5896e-010
23171	4.7596e-010
23172	4.8501e-010
23173	4.9238e-010
23174	5.0947e-010
23175	5.1767e-010
23176	5.2757e-010
23177	5.4449e-010
23178	5.6197e-010
23179	5.7664e-010
23180	5.9501e-010
23181	6.0897e-010
23182	6.211e-010
23183	6.3169e-010
23184	6.4867e-010
23185	6.6463e-010
23186	6.7999e-010
23187	6.9431e-010
23188	7.0967e-010
23189	7.2594e-010
23190	7.4039e-010
23191	7.5902e-010
23192	7.7622e-010
23193	7.9363e-010
23194	8.1158e-010
23195	8.3e-010
23196	8.488e-010
23197	8.6598e-010
23198	8.8617e-010
23199	9.0655e-010
23200	9.2775e-010
23201	9.5198e-010
23202	9.736e-010
23203	9.8764e-010
23204	1.0066e-009
23205	1.0452e-009
23206	1.0467e-009
23207	1.0073e-009
23208	9.8877e-010
23209	9.761e-010
23210	9.5173e-010
23211	9.2405e-010
23212	8.9798e-010
23213	8.7254e-010
23214	8.5111e-010
23215	8.3787e-010
23216	8.2034e-010
23217	8.0269e-010
23218	7.8585e-010
23219	7.7006e-010
23220	7.5384e-010
23221	7.2899e-010
23222	7.2148e-010
23223	7.0536e-010
23224	6.9328e-010
23225	6.8562e-010
23226	6.7362e-010
23227	6.6399e-010
23228	6.3124e-010
23229	6.4573e-010
23230	6.3672e-010
23231	6.2919e-010
23232	5.7331e-010
23233	6.0013e-010
23234	5.9416e-010
23235	5.418e-010
23236	5.4028e-010
23237	5.6372e-010
23238	5.0409e-010
23239	5.1824e-010
23240	5.3187e-010
23241	4.7642e-010
23242	5.2152e-010
23243	4.5328e-010
23244	4.5964e-010
23245	4.5084e-010
23246	4.1654e-010
23247	4.3378e-010
23248	4.0252e-010
23249	4.1824e-010
23250	3.8503e-010
23251	3.9416e-010
23252	3.6912e-010
23253	3.6619e-010
23254	3.5436e-010
23255	3.3702e-010
23256	3.4639e-010
23257	3.1377e-010
23258	3.2365e-010
23259	2.8181e-010
23260	2.7917e-010
23261	3.1524e-010
23262	2.8638e-010
23263	3.2272e-010
23264	3.8029e-010
23265	5.3487e-010
23266	7.7743e-010
23267	1.0818e-009
23268	9.5641e-010
23269	1.3984e-009
23270	1.2528e-009
23271	1.4097e-010
23272	1.1959e-010
23273	1.9159e-010
23274	2.6334e-010
23275	2.7812e-010
23276	2.8359e-010
23277	2.9099e-010
23278	2.9911e-010
23279	3.0521e-010
23280	3.1385e-010
23281	3.2065e-010
23282	3.2731e-010
23283	3.3739e-010
23284	3.4262e-010
23285	3.5308e-010
23286	3.5931e-010
23287	3.6843e-010
23288	3.7726e-010
23289	3.851e-010
23290	3.9571e-010
23291	4.0286e-010
23292	4.1426e-010
23293	4.2156e-010
23294	4.3328e-010
23295	4.4171e-010
23296	4.5258e-010
23297	4.6362e-010
23298	4.7231e-010
23299	4.867e-010
23300	4.9341e-010
23301	5.0837e-010
23302	5.1853e-010
23303	5.2844e-010
23304	5.4389e-010
23305	5.5427e-010
23306	5.658e-010
23307	5.8102e-010
23308	5.9641e-010
23309	6.0828e-010
23310	6.261e-010
23311	6.3953e-010
23312	6.54e-010
23313	6.6605e-010
23314	6.8356e-010
23315	6.9903e-010
23316	7.1484e-010
23317	7.3051e-010
23318	7.4671e-010
23319	7.644e-010
23320	7.7971e-010
23321	7.9938e-010
23322	8.1715e-010
23323	8.3557e-010
23324	8.5436e-010
23325	8.7358e-010
23326	8.9373e-010
23327	9.1185e-010
23328	9.3341e-010
23329	9.5456e-010
23330	9.7627e-010
23331	9.9992e-010
23332	1.024e-009
23333	1.0419e-009
23334	1.0608e-009
23335	1.0979e-009
23336	1.0998e-009
23337	1.0622e-009
23338	1.0439e-009
23339	1.029e-009
23340	1.0063e-009
23341	9.8229e-010
23342	9.599e-010
23343	9.3498e-010
23344	9.1178e-010
23345	8.9739e-010
23346	8.7697e-010
23347	8.581e-010
23348	8.3999e-010
23349	8.2285e-010
23350	8.0791e-010
23351	7.8186e-010
23352	7.7411e-010
23353	7.5522e-010
23354	7.4012e-010
23355	7.2556e-010
23356	7.1298e-010
23357	7.0743e-010
23358	6.7161e-010
23359	6.8055e-010
23360	6.5821e-010
23361	6.5842e-010
23362	6.1709e-010
23363	6.2736e-010
23364	6.1323e-010
23365	5.7885e-010
23366	5.6975e-010
23367	5.809e-010
23368	5.4227e-010
23369	5.3987e-010
23370	5.4817e-010
23371	5.1629e-010
23372	5.3359e-010
23373	4.8772e-010
23374	4.7648e-010
23375	4.6889e-010
23376	4.4406e-010
23377	4.4994e-010
23378	4.2828e-010
23379	4.3337e-010
23380	4.0912e-010
23381	4.1055e-010
23382	3.8918e-010
23383	3.8344e-010
23384	3.7076e-010
23385	3.5403e-010
23386	3.591e-010
23387	3.3647e-010
23388	3.3518e-010
23389	2.9827e-010
23390	2.9398e-010
23391	3.2169e-010
23392	3.0833e-010
23393	3.6085e-010
23394	3.6856e-010
23395	5.2139e-010
23396	8.1209e-010
23397	1.1889e-009
23398	1.0984e-009
23399	1.2724e-009
23400	1.6739e-009
23401	6.6297e-011
23402	4.8181e-011
23403	1.2167e-010
23404	1.8815e-010
23405	1.9267e-010
23406	2.0195e-010
23407	2.0652e-010
23408	2.0657e-010
23409	2.2137e-010
23410	2.1838e-010
23411	2.2539e-010
23412	2.3521e-010
23413	2.3245e-010
23414	2.483e-010
23415	2.4486e-010
23416	2.5609e-010
23417	2.5991e-010
23418	2.6555e-010
23419	2.7423e-010
23420	2.7673e-010
23421	2.8785e-010
23422	2.894e-010
23423	3.0086e-010
23424	3.0368e-010
23425	3.137e-010
23426	3.1963e-010
23427	3.2591e-010
23428	3.3732e-010
23429	3.3883e-010
23430	3.5427e-010
23431	3.5579e-010
23432	3.657e-010
23433	3.769e-010
23434	3.8069e-010
23435	3.9235e-010
23436	4.0248e-010
23437	4.0812e-010
23438	4.1893e-010
23439	4.3453e-010
23440	4.3968e-010
23441	4.5018e-010
23442	4.6027e-010
23443	4.7381e-010
23444	4.817e-010
23445	4.9258e-010
23446	5.0383e-010
23447	5.1558e-010
23448	5.2723e-010
23449	5.3853e-010
23450	5.5277e-010
23451	5.6327e-010
23452	5.7648e-010
23453	5.8968e-010
23454	6.0274e-010
23455	6.162e-010
23456	6.2954e-010
23457	6.4553e-010
23458	6.5917e-010
23459	6.7406e-010
23460	6.8918e-010
23461	7.0282e-010
23462	7.1774e-010
23463	7.3912e-010
23464	7.5992e-010
23465	7.6477e-010
23466	7.6456e-010
23467	7.621e-010
23468	7.4266e-010
23469	7.2033e-010
23470	7.0294e-010
23471	6.8963e-010
23472	6.7498e-010
23473	6.6096e-010
23474	6.4957e-010
23475	6.3103e-010
23476	6.1857e-010
23477	6.0568e-010
23478	5.9292e-010
23479	5.7993e-010
23480	5.6573e-010
23481	5.6331e-010
23482	5.4314e-010
23483	5.3468e-010
23484	5.243e-010
23485	5.1091e-010
23486	5.0106e-010
23487	4.8896e-010
23488	5.0845e-010
23489	4.6822e-010
23490	4.5747e-010
23491	4.4497e-010
23492	4.7919e-010
23493	4.2782e-010
23494	4.1257e-010
23495	4.2962e-010
23496	4.0915e-010
23497	3.7961e-010
23498	4.1325e-010
23499	3.778e-010
23500	3.5928e-010
23501	4.1185e-010
23502	3.3282e-010
23503	3.8068e-010
23504	3.2151e-010
23505	3.2653e-010
23506	3.3214e-010
23507	3.0169e-010
23508	3.2486e-010
23509	2.8408e-010
23510	3.1131e-010
23511	2.7237e-010
23512	2.8871e-010
23513	2.6603e-010
23514	2.5924e-010
23515	2.6335e-010
23516	2.2528e-010
23517	2.7106e-010
23518	1.9917e-010
23519	2.3934e-010
23520	1.9497e-010
23521	2.0393e-010
23522	3.3533e-010
23523	2.4041e-010
23524	4.1289e-010
23525	6.9763e-010
23526	7.8236e-010
23527	8.4369e-010
23528	1.0117e-009
23529	1.8377e-009
23530	1.7928e-009
23531	1.3823e-010
23532	1.1098e-010
23533	1.716e-010
23534	2.2668e-010
23535	2.2996e-010
23536	2.4177e-010
23537	2.4719e-010
23538	2.4552e-010
23539	2.6646e-010
23540	2.5981e-010
23541	2.6899e-010
23542	2.8257e-010
23543	2.7535e-010
23544	2.99e-010
23545	2.9049e-010
23546	3.0676e-010
23547	3.1018e-010
23548	3.1667e-010
23549	3.2842e-010
23550	3.2912e-010
23551	3.4533e-010
23552	3.4404e-010
23553	3.6102e-010
23554	3.6162e-010
23555	3.756e-010
23556	3.8161e-010
23557	3.8814e-010
23558	4.0482e-010
23559	4.0174e-010
23560	4.2601e-010
23561	4.2282e-010
23562	4.3633e-010
23563	4.5215e-010
23564	4.5262e-010
23565	4.6879e-010
23566	4.8184e-010
23567	4.8604e-010
23568	4.9953e-010
23569	5.2261e-010
23570	5.2389e-010
23571	5.3762e-010
23572	5.4949e-010
23573	5.6856e-010
23574	5.7534e-010
23575	5.8866e-010
23576	6.019e-010
23577	6.1652e-010
23578	6.3064e-010
23579	6.433e-010
23580	6.6199e-010
23581	6.7269e-010
23582	6.8916e-010
23583	7.0487e-010
23584	7.2058e-010
23585	7.3663e-010
23586	7.52e-010
23587	7.7301e-010
23588	7.8836e-010
23589	8.065e-010
23590	8.2472e-010
23591	8.3893e-010
23592	8.5583e-010
23593	8.8542e-010
23594	9.16e-010
23595	9.09e-010
23596	9.0753e-010
23597	9.1887e-010
23598	8.9122e-010
23599	8.5862e-010
23600	8.3775e-010
23601	8.2442e-010
23602	8.0677e-010
23603	7.8953e-010
23604	7.7884e-010
23605	7.5258e-010
23606	7.3905e-010
23607	7.2382e-010
23608	7.0852e-010
23609	6.93e-010
23610	6.7303e-010
23611	6.7864e-010
23612	6.4637e-010
23613	6.396e-010
23614	6.2704e-010
23615	6.0878e-010
23616	5.98e-010
23617	5.7703e-010
23618	6.2454e-010
23619	5.5188e-010
23620	5.4416e-010
23621	5.1974e-010
23622	5.8961e-010
23623	5.0242e-010
23624	4.818e-010
23625	5.2476e-010
23626	4.9309e-010
23627	4.3681e-010
23628	5.1039e-010
23629	4.488e-010
23630	4.1218e-010
23631	5.1644e-010
23632	3.7215e-010
23633	4.752e-010
23634	3.7562e-010
23635	3.9086e-010
23636	4.0294e-010
23637	3.5208e-010
23638	4.0016e-010
23639	3.2889e-010
23640	3.835e-010
23641	3.1794e-010
23642	3.5266e-010
23643	3.1732e-010
23644	3.1117e-010
23645	3.2375e-010
23646	2.6146e-010
23647	3.4315e-010
23648	2.2826e-010
23649	3.0479e-010
23650	2.4099e-010
23651	2.2828e-010
23652	4.323e-010
23653	2.6431e-010
23654	4.6279e-010
23655	7.9512e-010
23656	9.2447e-010
23657	8.872e-010
23658	1.2159e-009
23659	2.315e-009
23660	2.165e-009
23661	6.6314e-011
23662	4.819e-011
23663	1.2164e-010
23664	1.8812e-010
23665	1.9265e-010
23666	2.0199e-010
23667	2.0659e-010
23668	2.0664e-010
23669	2.2143e-010
23670	2.1847e-010
23671	2.2547e-010
23672	2.3527e-010
23673	2.325e-010
23674	2.4833e-010
23675	2.4485e-010
23676	2.5607e-010
23677	2.5982e-010
23678	2.6543e-010
23679	2.7405e-010
23680	2.7654e-010
23681	2.8769e-010
23682	2.8934e-010
23683	3.0098e-010
23684	3.0379e-010
23685	3.1374e-010
23686	3.1957e-010
23687	3.258e-010
23688	3.3727e-010
23689	3.3873e-010
23690	3.5417e-010
23691	3.5572e-010
23692	3.6568e-010
23693	3.7687e-010
23694	3.8058e-010
23695	3.9211e-010
23696	4.022e-010
23697	4.0809e-010
23698	4.1864e-010
23699	4.344e-010
23700	4.3913e-010
23701	4.5003e-010
23702	4.603e-010
23703	4.739e-010
23704	4.8157e-010
23705	4.9249e-010
23706	5.0358e-010
23707	5.1541e-010
23708	5.2714e-010
23709	5.3837e-010
23710	5.5257e-010
23711	5.6317e-010
23712	5.7624e-010
23713	5.8935e-010
23714	6.0248e-010
23715	6.1584e-010
23716	6.2945e-010
23717	6.4569e-010
23718	6.5941e-010
23719	6.7429e-010
23720	6.8934e-010
23721	7.0308e-010
23722	7.1805e-010
23723	7.3927e-010
23724	7.6011e-010
23725	7.651e-010
23726	7.6477e-010
23727	7.6208e-010
23728	7.4267e-010
23729	7.2065e-010
23730	7.0355e-010
23731	6.8981e-010
23732	6.7488e-010
23733	6.6085e-010
23734	6.4952e-010
23735	6.313e-010
23736	6.1864e-010
23737	6.0583e-010
23738	5.929e-010
23739	5.7995e-010
23740	5.6589e-010
23741	5.6353e-010
23742	5.4314e-010
23743	5.3457e-010
23744	5.2428e-010
23745	5.1076e-010
23746	5.0101e-010
23747	4.8896e-010
23748	5.0841e-010
23749	4.6804e-010
23750	4.569e-010
23751	4.4533e-010
23752	4.7617e-010
23753	4.2811e-010
23754	4.1206e-010
23755	4.2955e-010
23756	4.0901e-010
23757	3.7945e-010
23758	4.1326e-010
23759	3.7774e-010
23760	3.5929e-010
23761	4.1209e-010
23762	3.3303e-010
23763	3.81e-010
23764	3.2179e-010
23765	3.2696e-010
23766	3.3254e-010
23767	3.0216e-010
23768	3.253e-010
23769	2.8456e-010
23770	3.1179e-010
23771	2.7283e-010
23772	2.8906e-010
23773	2.6635e-010
23774	2.5952e-010
23775	2.636e-010
23776	2.2542e-010
23777	2.7122e-010
23778	1.9915e-010
23779	2.3948e-010
23780	1.9492e-010
23781	2.0369e-010
23782	3.3525e-010
23783	2.403e-010
23784	4.1306e-010
23785	6.9787e-010
23786	7.8235e-010
23787	8.4382e-010
23788	1.0116e-009
23789	1.8378e-009
23790	1.7935e-009
23791	6.6334e-011
23792	4.8204e-011
23793	1.2164e-010
23794	1.881e-010
23795	1.9264e-010
23796	2.0198e-010
23797	2.0653e-010
23798	2.0657e-010
23799	2.2136e-010
23800	2.184e-010
23801	2.2544e-010
23802	2.3525e-010
23803	2.3247e-010
23804	2.4833e-010
23805	2.4481e-010
23806	2.5595e-010
23807	2.5968e-010
23808	2.653e-010
23809	2.7395e-010
23810	2.7656e-010
23811	2.8774e-010
23812	2.8935e-010
23813	3.0083e-010
23814	3.036e-010
23815	3.1353e-010
23816	3.1944e-010
23817	3.2566e-010
23818	3.3708e-010
23819	3.3859e-010
23820	3.5402e-010
23821	3.5554e-010
23822	3.6551e-010
23823	3.7683e-010
23824	3.8051e-010
23825	3.9195e-010
23826	4.0201e-010
23827	4.077e-010
23828	4.1739e-010
23829	4.3334e-010
23830	4.3883e-010
23831	4.4964e-010
23832	4.5991e-010
23833	4.7359e-010
23834	4.8133e-010
23835	4.9216e-010
23836	5.0321e-010
23837	5.1507e-010
23838	5.2684e-010
23839	5.3818e-010
23840	5.5239e-010
23841	5.6298e-010
23842	5.7618e-010
23843	5.8921e-010
23844	6.0269e-010
23845	6.161e-010
23846	6.2975e-010
23847	6.4603e-010
23848	6.5966e-010
23849	6.7473e-010
23850	6.898e-010
23851	7.0358e-010
23852	7.188e-010
23853	7.3985e-010
23854	7.6074e-010
23855	7.6597e-010
23856	7.6567e-010
23857	7.6293e-010
23858	7.4363e-010
23859	7.2108e-010
23860	7.0587e-010
23861	6.9338e-010
23862	6.7922e-010
23863	6.6282e-010
23864	6.4992e-010
23865	6.3116e-010
23866	6.1869e-010
23867	6.0592e-010
23868	5.9283e-010
23869	5.8e-010
23870	5.6547e-010
23871	5.6365e-010
23872	5.4264e-010
23873	5.3451e-010
23874	5.223e-010
23875	5.0802e-010
23876	4.9928e-010
23877	4.8867e-010
23878	5.0807e-010
23879	4.6784e-010
23880	4.5688e-010
23881	4.4509e-010
23882	4.7608e-010
23883	4.2807e-010
23884	4.1243e-010
23885	4.2992e-010
23886	4.0951e-010
23887	3.8015e-010
23888	4.1387e-010
23889	3.7861e-010
23890	3.6011e-010
23891	4.1267e-010
23892	3.3372e-010
23893	3.8152e-010
23894	3.2235e-010
23895	3.2751e-010
23896	3.3305e-010
23897	3.0268e-010
23898	3.2591e-010
23899	2.8521e-010
23900	3.124e-010
23901	2.7352e-010
23902	2.8968e-010
23903	2.6692e-010
23904	2.5995e-010
23905	2.6389e-010
23906	2.2559e-010
23907	2.7117e-010
23908	1.9909e-010
23909	2.3941e-010
23910	1.9479e-010
23911	2.0376e-010
23912	3.3537e-010
23913	2.4047e-010
23914	4.132e-010
23915	6.9804e-010
23916	7.8293e-010
23917	8.4432e-010
23918	1.0121e-009
23919	1.838e-009
23920	1.7935e-009
23921	1.3823e-010
23922	1.1096e-010
23923	1.7155e-010
23924	2.266e-010
23925	2.2981e-010
23926	2.4155e-010
23927	2.4695e-010
23928	2.4538e-010
23929	2.6636e-010
23930	2.5971e-010
23931	2.6877e-010
23932	2.8236e-010
23933	2.7515e-010
23934	2.9885e-010
23935	2.9037e-010
23936	3.0661e-010
23937	3.1003e-010
23938	3.1644e-010
23939	3.2813e-010
23940	3.2884e-010
23941	3.4505e-010
23942	3.4382e-010
23943	3.6074e-010
23944	3.613e-010
23945	3.7519e-010
23946	3.8124e-010
23947	3.8775e-010
23948	4.0453e-010
23949	4.0159e-010
23950	4.2595e-010
23951	4.2273e-010
23952	4.3618e-010
23953	4.5197e-010
23954	4.5233e-010
23955	4.6837e-010
23956	4.8158e-010
23957	4.8559e-010
23958	4.9703e-010
23959	5.2093e-010
23960	5.2359e-010
23961	5.3745e-010
23962	5.4916e-010
23963	5.6816e-010
23964	5.7483e-010
23965	5.8803e-010
23966	6.0103e-010
23967	6.1581e-010
23968	6.3012e-010
23969	6.4291e-010
23970	6.6178e-010
23971	6.7237e-010
23972	6.8853e-010
23973	7.0403e-010
23974	7.2012e-010
23975	7.366e-010
23976	7.5249e-010
23977	7.7349e-010
23978	7.8861e-010
23979	8.0687e-010
23980	8.2496e-010
23981	8.3919e-010
23982	8.5631e-010
23983	8.8583e-010
23984	9.1656e-010
23985	9.0995e-010
23986	9.0847e-010
23987	9.1944e-010
23988	8.922e-010
23989	8.5848e-010
23990	8.4147e-010
23991	8.2946e-010
23992	8.1312e-010
23993	7.921e-010
23994	7.7924e-010
23995	7.5252e-010
23996	7.3919e-010
23997	7.2361e-010
23998	7.0815e-010
23999	6.9303e-010
24000	6.7246e-010
24001	6.7889e-010
24002	6.4573e-010
24003	6.3976e-010
24004	6.2434e-010
24005	6.049e-010
24006	5.9568e-010
24007	5.7719e-010
24008	6.2423e-010
24009	5.5184e-010
24010	5.4373e-010
24011	5.2095e-010
24012	5.8857e-010
24013	5.0365e-010
24014	4.8158e-010
24015	5.2509e-010
24016	4.9335e-010
24017	4.3715e-010
24018	5.1094e-010
24019	4.4933e-010
24020	4.1277e-010
24021	5.1714e-010
24022	3.7283e-010
24023	4.7609e-010
24024	3.7645e-010
24025	3.918e-010
24026	4.0391e-010
24027	3.5292e-010
24028	4.0103e-010
24029	3.296e-010
24030	3.843e-010
24031	3.1857e-010
24032	3.5333e-010
24033	3.179e-010
24034	3.1178e-010
24035	3.2434e-010
24036	2.6186e-010
24037	3.4327e-010
24038	2.2846e-010
24039	3.0496e-010
24040	2.4104e-010
24041	2.2844e-010
24042	4.3252e-010
24043	2.6434e-010
24044	4.6268e-010
24045	7.9515e-010
24046	9.2502e-010
24047	8.8725e-010
24048	1.2161e-009
24049	2.3156e-009
24050	2.1648e-009
24051	6.6336e-011
24052	4.8191e-011
24053	1.2164e-010
24054	1.881e-010
24055	1.9264e-010
24056	2.0198e-010
24057	2.0653e-010
24058	2.0657e-010
24059	2.2136e-010
24060	2.184e-010
24061	2.2544e-010
24062	2.3525e-010
24063	2.3247e-010
24064	2.4833e-010
24065	2.4481e-010
24066	2.5595e-010
24067	2.5968e-010
24068	2.653e-010
24069	2.7395e-010
24070	2.7656e-010
24071	2.8774e-010
24072	2.8935e-010
24073	3.0083e-010
24074	3.036e-010
24075	3.1353e-010
24076	3.1944e-010
24077	3.2566e-010
24078	3.3708e-010
24079	3.3859e-010
24080	3.5402e-010
24081	3.5554e-010
24082	3.6551e-010
24083	3.7682e-010
24084	3.8051e-010
24085	3.9196e-010
24086	4.0199e-010
24087	4.0776e-010
24088	4.1734e-010
24089	4.3318e-010
24090	4.3858e-010
24091	4.4945e-010
24092	4.5973e-010
24093	4.734e-010
24094	4.8128e-010
24095	4.9218e-010
24096	5.0321e-010
24097	5.1507e-010
24098	5.2689e-010
24099	5.3818e-010
24100	5.5239e-010
24101	5.6298e-010
24102	5.7617e-010
24103	5.8921e-010
24104	6.0269e-010
24105	6.1609e-010
24106	6.2975e-010
24107	6.4603e-010
24108	6.5966e-010
24109	6.7473e-010
24110	6.898e-010
24111	7.0358e-010
24112	7.188e-010
24113	7.3985e-010
24114	7.6074e-010
24115	7.6597e-010
24116	7.6567e-010
24117	7.6294e-010
24118	7.4362e-010
24119	7.2109e-010
24120	7.0588e-010
24121	6.9334e-010
24122	6.7922e-010
24123	6.628e-010
24124	6.4992e-010
24125	6.3116e-010
24126	6.1872e-010
24127	6.059e-010
24128	5.9284e-010
24129	5.8e-010
24130	5.6523e-010
24131	5.6417e-010
24132	5.4257e-010
24133	5.3462e-010
24134	5.2225e-010
24135	5.0796e-010
24136	4.9928e-010
24137	4.8873e-010
24138	5.0799e-010
24139	4.6786e-010
24140	4.5687e-010
24141	4.4504e-010
24142	4.76e-010
24143	4.2807e-010
24144	4.1243e-010
24145	4.2991e-010
24146	4.0951e-010
24147	3.8013e-010
24148	4.1387e-010
24149	3.7861e-010
24150	3.601e-010
24151	4.1267e-010
24152	3.3372e-010
24153	3.8152e-010
24154	3.2234e-010
24155	3.2752e-010
24156	3.3305e-010
24157	3.0268e-010
24158	3.2591e-010
24159	2.8521e-010
24160	3.124e-010
24161	2.7352e-010
24162	2.8968e-010
24163	2.6692e-010
24164	2.5995e-010
24165	2.6389e-010
24166	2.2559e-010
24167	2.7117e-010
24168	1.9909e-010
24169	2.3941e-010
24170	1.9479e-010
24171	2.0376e-010
24172	3.3537e-010
24173	2.4047e-010
24174	4.132e-010
24175	6.9804e-010
24176	7.8293e-010
24177	8.4432e-010
24178	1.0121e-009
24179	1.838e-009
24180	1.7935e-009
24181	6.6315e-011
24182	4.819e-011
24183	1.2164e-010
24184	1.8812e-010
24185	1.9264e-010
24186	2.0199e-010
24187	2.0659e-010
24188	2.0664e-010
24189	2.2143e-010
24190	2.1847e-010
24191	2.2547e-010
24192	2.3527e-010
24193	2.3249e-010
24194	2.4832e-010
24195	2.4485e-010
24196	2.5607e-010
24197	2.5984e-010
24198	2.6542e-010
24199	2.7405e-010
24200	2.7654e-010
24201	2.8769e-010
24202	2.8934e-010
24203	3.0098e-010
24204	3.0379e-010
24205	3.1374e-010
24206	3.1957e-010
24207	3.258e-010
24208	3.3727e-010
24209	3.3873e-010
24210	3.5417e-010
24211	3.5571e-010
24212	3.6567e-010
24213	3.7687e-010
24214	3.8059e-010
24215	3.9211e-010
24216	4.0224e-010
24217	4.0803e-010
24218	4.1742e-010
24219	4.3236e-010
24220	4.3656e-010
24221	4.4757e-010
24222	4.5804e-010
24223	4.7267e-010
24224	4.8176e-010
24225	4.9248e-010
24226	5.0352e-010
24227	5.1537e-010
24228	5.2714e-010
24229	5.3838e-010
24230	5.5256e-010
24231	5.6317e-010
24232	5.7624e-010
24233	5.8935e-010
24234	6.0248e-010
24235	6.1584e-010
24236	6.2945e-010
24237	6.4569e-010
24238	6.5941e-010
24239	6.7429e-010
24240	6.8934e-010
24241	7.0308e-010
24242	7.1805e-010
24243	7.3927e-010
24244	7.6011e-010
24245	7.651e-010
24246	7.6472e-010
24247	7.6211e-010
24248	7.4267e-010
24249	7.2064e-010
24250	7.038e-010
24251	6.9011e-010
24252	6.7504e-010
24253	6.6092e-010
24254	6.4953e-010
24255	6.3129e-010
24256	6.1867e-010
24257	6.0583e-010
24258	5.9289e-010
24259	5.8124e-010
24260	5.6823e-010
24261	5.6698e-010
24262	5.4534e-010
24263	5.3751e-010
24264	5.2535e-010
24265	5.1095e-010
24266	5.0101e-010
24267	4.8882e-010
24268	5.0825e-010
24269	4.6792e-010
24270	4.5704e-010
24271	4.4514e-010
24272	4.7603e-010
24273	4.2793e-010
24274	4.1208e-010
24275	4.2953e-010
24276	4.0898e-010
24277	3.7947e-010
24278	4.1325e-010
24279	3.7773e-010
24280	3.5931e-010
24281	4.1209e-010
24282	3.3302e-010
24283	3.81e-010
24284	3.2179e-010
24285	3.2696e-010
24286	3.3253e-010
24287	3.0215e-010
24288	3.2533e-010
24289	2.8456e-010
24290	3.1179e-010
24291	2.7283e-010
24292	2.8906e-010
24293	2.6635e-010
24294	2.5952e-010
24295	2.636e-010
24296	2.2542e-010
24297	2.7122e-010
24298	1.9917e-010
24299	2.3948e-010
24300	1.9492e-010
24301	2.0369e-010
24302	3.3525e-010
24303	2.403e-010
24304	4.1306e-010
24305	6.9787e-010
24306	7.8235e-010
24307	8.4382e-010
24308	1.0116e-009
24309	1.8378e-009
24310	1.7935e-009
24311	1.3823e-010
24312	1.1099e-010
24313	1.7161e-010
24314	2.2668e-010
24315	2.2996e-010
24316	2.4177e-010
24317	2.4719e-010
24318	2.4552e-010
24319	2.6646e-010
24320	2.5981e-010
24321	2.6899e-010
24322	2.8257e-010
24323	2.7535e-010
24324	2.99e-010
24325	2.9049e-010
24326	3.0676e-010
24327	3.1018e-010
24328	3.1667e-010
24329	3.2842e-010
24330	3.2912e-010
24331	3.4533e-010
24332	3.4404e-010
24333	3.6102e-010
24334	3.6162e-010
24335	3.756e-010
24336	3.8161e-010
24337	3.8813e-010
24338	4.0482e-010
24339	4.0174e-010
24340	4.2601e-010
24341	4.2282e-010
24342	4.3633e-010
24343	4.5215e-010
24344	4.5263e-010
24345	4.6877e-010
24346	4.8189e-010
24347	4.8601e-010
24348	4.9714e-010
24349	5.1945e-010
24350	5.1947e-010
24351	5.3342e-010
24352	5.4562e-010
24353	5.6652e-010
24354	5.756e-010
24355	5.8865e-010
24356	6.0189e-010
24357	6.1649e-010
24358	6.3067e-010
24359	6.4331e-010
24360	6.62e-010
24361	6.7269e-010
24362	6.8916e-010
24363	7.0487e-010
24364	7.2059e-010
24365	7.3663e-010
24366	7.52e-010
24367	7.7301e-010
24368	7.8836e-010
24369	8.0649e-010
24370	8.2471e-010
24371	8.3893e-010
24372	8.5583e-010
24373	8.8542e-010
24374	9.16e-010
24375	9.09e-010
24376	9.0753e-010
24377	9.1891e-010
24378	8.9125e-010
24379	8.5849e-010
24380	8.3796e-010
24381	8.2434e-010
24382	8.0681e-010
24383	7.8968e-010
24384	7.7881e-010
24385	7.5256e-010
24386	7.3911e-010
24387	7.2361e-010
24388	7.0885e-010
24389	6.9539e-010
24390	6.781e-010
24391	6.8358e-010
24392	6.5092e-010
24393	6.4445e-010
24394	6.2922e-010
24395	6.0918e-010
24396	5.9781e-010
24397	5.7911e-010
24398	6.2426e-010
24399	5.5356e-010
24400	5.4336e-010
24401	5.2098e-010
24402	5.8845e-010
24403	5.0357e-010
24404	4.8142e-010
24405	5.2483e-010
24406	4.9306e-010
24407	4.3681e-010
24408	5.1041e-010
24409	4.4879e-010
24410	4.1218e-010
24411	5.1644e-010
24412	3.7214e-010
24413	4.752e-010
24414	3.7562e-010
24415	3.9086e-010
24416	4.0294e-010
24417	3.5209e-010
24418	4.0014e-010
24419	3.2889e-010
24420	3.8351e-010
24421	3.1794e-010
24422	3.5266e-010
24423	3.1732e-010
24424	3.1117e-010
24425	3.2375e-010
24426	2.6145e-010
24427	3.4315e-010
24428	2.2827e-010
24429	3.048e-010
24430	2.4099e-010
24431	2.2828e-010
24432	4.323e-010
24433	2.6431e-010
24434	4.6279e-010
24435	7.9512e-010
24436	9.2447e-010
24437	8.872e-010
24438	1.2159e-009
24439	2.315e-009
24440	2.165e-009
24441	6.6297e-011
24442	4.8179e-011
24443	1.2167e-010
24444	1.8815e-010
24445	1.9267e-010
24446	2.0195e-010
24447	2.0652e-010
24448	2.0657e-010
24449	2.2137e-010
24450	2.1838e-010
24451	2.2539e-010
24452	2.3521e-010
24453	2.3245e-010
24454	2.483e-010
24455	2.4486e-010
24456	2.561e-010
24457	2.5993e-010
24458	2.6555e-010
24459	2.7423e-010
24460	2.7673e-010
24461	2.8784e-010
24462	2.894e-010
24463	3.0087e-010
24464	3.0367e-010
24465	3.137e-010
24466	3.1963e-010
24467	3.259e-010
24468	3.3735e-010
24469	3.3882e-010
24470	3.5426e-010
24471	3.5578e-010
24472	3.6573e-010
24473	3.769e-010
24474	3.8069e-010
24475	3.9235e-010
24476	4.025e-010
24477	4.082e-010
24478	4.1758e-010
24479	4.3255e-010
24480	4.3686e-010
24481	4.4752e-010
24482	4.5757e-010
24483	4.7194e-010
24484	4.8149e-010
24485	4.9258e-010
24486	5.0378e-010
24487	5.156e-010
24488	5.2724e-010
24489	5.3853e-010
24490	5.5277e-010
24491	5.6327e-010
24492	5.7648e-010
24493	5.8968e-010
24494	6.0273e-010
24495	6.1622e-010
24496	6.2954e-010
24497	6.4553e-010
24498	6.5917e-010
24499	6.7406e-010
24500	6.8918e-010
24501	7.0283e-010
24502	7.1774e-010
24503	7.3912e-010
24504	7.5991e-010
24505	7.6476e-010
24506	7.6455e-010
24507	7.6212e-010
24508	7.4269e-010
24509	7.2017e-010
24510	7.0255e-010
24511	6.8909e-010
24512	6.7482e-010
24513	6.6094e-010
24514	6.4956e-010
24515	6.3105e-010
24516	6.1859e-010
24517	6.0551e-010
24518	5.9314e-010
24519	5.8189e-010
24520	5.6895e-010
24521	5.6762e-010
24522	5.461e-010
24523	5.3826e-010
24524	5.2585e-010
24525	5.1107e-010
24526	5.0115e-010
24527	4.8913e-010
24528	5.0619e-010
24529	4.6829e-010
24530	4.5719e-010
24531	4.4524e-010
24532	4.7624e-010
24533	4.2813e-010
24534	4.1229e-010
24535	4.2963e-010
24536	4.0914e-010
24537	3.7962e-010
24538	4.1324e-010
24539	3.7779e-010
24540	3.5926e-010
24541	4.1185e-010
24542	3.3282e-010
24543	3.8068e-010
24544	3.2153e-010
24545	3.2655e-010
24546	3.3214e-010
24547	3.0169e-010
24548	3.2486e-010
24549	2.8408e-010
24550	3.1134e-010
24551	2.7236e-010
24552	2.8871e-010
24553	2.6603e-010
24554	2.5925e-010
24555	2.6334e-010
24556	2.2528e-010
24557	2.7105e-010
24558	1.9917e-010
24559	2.3934e-010
24560	1.9497e-010
24561	2.0392e-010
24562	3.3534e-010
24563	2.4041e-010
24564	4.1289e-010
24565	6.9763e-010
24566	7.8236e-010
24567	8.4369e-010
24568	1.0117e-009
24569	1.8377e-009
24570	1.7928e-009
24571	6.6297e-011
24572	4.8179e-011
24573	1.2167e-010
24574	1.8815e-010
24575	1.9267e-010
24576	2.0196e-010
24577	2.0652e-010
24578	2.0658e-010
24579	2.2138e-010
24580	2.1838e-010
24581	2.2539e-010
24582	2.3521e-010
24583	2.3245e-010
24584	2.483e-010
24585	2.4486e-010
24586	2.561e-010
24587	2.5991e-010
24588	2.6555e-010
24589	2.7423e-010
24590	2.7673e-010
24591	2.8785e-010
24592	2.8941e-010
24593	3.0087e-010
24594	3.0368e-010
24595	3.137e-010
24596	3.1963e-010
24597	3.2591e-010
24598	3.3732e-010
24599	3.3883e-010
24600	3.5427e-010
24601	3.5578e-010
24602	3.6573e-010
24603	3.769e-010
24604	3.8069e-010
24605	3.9235e-010
24606	4.0251e-010
24607	4.082e-010
24608	4.1756e-010
24609	4.3253e-010
24610	4.3683e-010
24611	4.4753e-010
24612	4.5765e-010
24613	4.7221e-010
24614	4.8173e-010
24615	4.9271e-010
24616	5.0382e-010
24617	5.1558e-010
24618	5.2722e-010
24619	5.3853e-010
24620	5.5277e-010
24621	5.6327e-010
24622	5.7648e-010
24623	5.8968e-010
24624	6.0274e-010
24625	6.162e-010
24626	6.2954e-010
24627	6.4553e-010
24628	6.5917e-010
24629	6.7406e-010
24630	6.8918e-010
24631	7.0283e-010
24632	7.1774e-010
24633	7.3912e-010
24634	7.5992e-010
24635	7.6477e-010
24636	7.6455e-010
24637	7.6211e-010
24638	7.4279e-010
24639	7.2056e-010
24640	7.0288e-010
24641	6.8926e-010
24642	6.7491e-010
24643	6.6094e-010
24644	6.4951e-010
24645	6.3107e-010
24646	6.1852e-010
24647	6.0586e-010
24648	5.9442e-010
24649	5.8354e-010
24650	5.6848e-010
24651	5.6738e-010
24652	5.4582e-010
24653	5.3801e-010
24654	5.2572e-010
24655	5.1098e-010
24656	5.0135e-010
24657	4.8865e-010
24658	5.063e-010
24659	4.6789e-010
24660	4.5732e-010
24661	4.4523e-010
24662	4.7623e-010
24663	4.2815e-010
24664	4.1231e-010
24665	4.2963e-010
24666	4.0914e-010
24667	3.7961e-010
24668	4.1324e-010
24669	3.7779e-010
24670	3.5926e-010
24671	4.1185e-010
24672	3.3282e-010
24673	3.8068e-010
24674	3.2153e-010
24675	3.2654e-010
24676	3.3214e-010
24677	3.0169e-010
24678	3.2486e-010
24679	2.8408e-010
24680	3.1131e-010
24681	2.7237e-010
24682	2.8871e-010
24683	2.6603e-010
24684	2.5926e-010
24685	2.6335e-010
24686	2.2528e-010
24687	2.7106e-010
24688	1.9917e-010
24689	2.3934e-010
24690	1.9497e-010
24691	2.0393e-010
24692	3.3532e-010
24693	2.4041e-010
24694	4.1288e-010
24695	6.976e-010
24696	7.8237e-010
24697	8.4369e-010
24698	1.0117e-009
24699	1.8377e-009
24700	1.7928e-009
24701	1.3823e-010
24702	1.1098e-010
24703	1.716e-010
24704	2.2668e-010
24705	2.2995e-010
24706	2.4177e-010
24707	2.4718e-010
24708	2.4552e-010
24709	2.6646e-010
24710	2.5981e-010
24711	2.6899e-010
24712	2.8257e-010
24713	2.7535e-010
24714	2.99e-010
24715	2.905e-010
24716	3.0675e-010
24717	3.1018e-010
24718	3.1667e-010
24719	3.2842e-010
24720	3.2912e-010
24721	3.4533e-010
24722	3.4404e-010
24723	3.6102e-010
24724	3.6162e-010
24725	3.756e-010
24726	3.8161e-010
24727	3.8814e-010
24728	4.0482e-010
24729	4.0174e-010
24730	4.2601e-010
24731	4.2282e-010
24732	4.3633e-010
24733	4.5215e-010
24734	4.5263e-010
24735	4.6877e-010
24736	4.8189e-010
24737	4.8599e-010
24738	4.9721e-010
24739	5.1956e-010
24740	5.1978e-010
24741	5.338e-010
24742	5.4566e-010
24743	5.6556e-010
24744	5.7328e-010
24745	5.8784e-010
24746	6.0204e-010
24747	6.167e-010
24748	6.3061e-010
24749	6.4332e-010
24750	6.62e-010
24751	6.7269e-010
24752	6.8916e-010
24753	7.0487e-010
24754	7.2058e-010
24755	7.3662e-010
24756	7.5199e-010
24757	7.73e-010
24758	7.8836e-010
24759	8.0649e-010
24760	8.2472e-010
24761	8.3892e-010
24762	8.5583e-010
24763	8.8542e-010
24764	9.16e-010
24765	9.0898e-010
24766	9.0756e-010
24767	9.1914e-010
24768	8.9142e-010
24769	8.5862e-010
24770	8.3794e-010
24771	8.2427e-010
24772	8.0686e-010
24773	7.895e-010
24774	7.7887e-010
24775	7.526e-010
24776	7.3894e-010
24777	7.2415e-010
24778	7.1087e-010
24779	6.9826e-010
24780	6.7754e-010
24781	6.8372e-010
24782	6.5066e-010
24783	6.4454e-010
24784	6.2926e-010
24785	6.0914e-010
24786	5.9772e-010
24787	5.7817e-010
24788	6.2382e-010
24789	5.531e-010
24790	5.4355e-010
24791	5.2089e-010
24792	5.8851e-010
24793	5.0355e-010
24794	4.8142e-010
24795	5.2483e-010
24796	4.9307e-010
24797	4.368e-010
24798	5.104e-010
24799	4.488e-010
24800	4.1218e-010
24801	5.1644e-010
24802	3.7214e-010
24803	4.752e-010
24804	3.7562e-010
24805	3.9086e-010
24806	4.0294e-010
24807	3.5208e-010
24808	4.0015e-010
24809	3.2889e-010
24810	3.8351e-010
24811	3.1794e-010
24812	3.5266e-010
24813	3.1732e-010
24814	3.1118e-010
24815	3.2376e-010
24816	2.6145e-010
24817	3.4315e-010
24818	2.2826e-010
24819	3.0479e-010
24820	2.41e-010
24821	2.2828e-010
24822	4.323e-010
24823	2.643e-010
24824	4.6279e-010
24825	7.9512e-010
24826	9.2447e-010
24827	8.872e-010
24828	1.2159e-009
24829	2.315e-009
24830	2.165e-009
24831	6.6312e-011
24832	4.8202e-011
24833	1.2164e-010
24834	1.8812e-010
24835	1.9264e-010
24836	2.02e-010
24837	2.0658e-010
24838	2.0663e-010
24839	2.2143e-010
24840	2.1848e-010
24841	2.2546e-010
24842	2.3527e-010
24843	2.325e-010
24844	2.4833e-010
24845	2.4486e-010
24846	2.5608e-010
24847	2.5983e-010
24848	2.6543e-010
24849	2.7406e-010
24850	2.7653e-010
24851	2.877e-010
24852	2.8935e-010
24853	3.0099e-010
24854	3.038e-010
24855	3.1374e-010
24856	3.1957e-010
24857	3.258e-010
24858	3.3728e-010
24859	3.3874e-010
24860	3.5417e-010
24861	3.5572e-010
24862	3.6568e-010
24863	3.7687e-010
24864	3.8059e-010
24865	3.921e-010
24866	4.0215e-010
24867	4.0806e-010
24868	4.1751e-010
24869	4.3231e-010
24870	4.3645e-010
24871	4.4737e-010
24872	4.5759e-010
24873	4.7111e-010
24874	4.7859e-010
24875	4.9094e-010
24876	5.0317e-010
24877	5.1524e-010
24878	5.2711e-010
24879	5.384e-010
24880	5.5255e-010
24881	5.6317e-010
24882	5.7624e-010
24883	5.893e-010
24884	6.0249e-010
24885	6.1584e-010
24886	6.294e-010
24887	6.457e-010
24888	6.5942e-010
24889	6.7429e-010
24890	6.8936e-010
24891	7.031e-010
24892	7.18e-010
24893	7.3927e-010
24894	7.6012e-010
24895	7.651e-010
24896	7.6466e-010
24897	7.6173e-010
24898	7.4209e-010
24899	7.2002e-010
24900	7.0312e-010
24901	6.8966e-010
24902	6.7506e-010
24903	6.609e-010
24904	6.4957e-010
24905	6.3128e-010
24906	6.1862e-010
24907	6.0607e-010
24908	5.9415e-010
24909	5.8324e-010
24910	5.683e-010
24911	5.6723e-010
24912	5.4567e-010
24913	5.3794e-010
24914	5.2563e-010
24915	5.1105e-010
24916	5.016e-010
24917	4.8854e-010
24918	5.0888e-010
24919	4.673e-010
24920	4.5721e-010
24921	4.4509e-010
24922	4.761e-010
24923	4.2798e-010
24924	4.1212e-010
24925	4.2953e-010
24926	4.0898e-010
24927	3.7947e-010
24928	4.1326e-010
24929	3.7774e-010
24930	3.5929e-010
24931	4.1209e-010
24932	3.3303e-010
24933	3.81e-010
24934	3.2179e-010
24935	3.2695e-010
24936	3.3254e-010
24937	3.0215e-010
24938	3.2531e-010
24939	2.8457e-010
24940	3.1179e-010
24941	2.7283e-010
24942	2.8907e-010
24943	2.6634e-010
24944	2.5952e-010
24945	2.636e-010
24946	2.2544e-010
24947	2.7123e-010
24948	1.9915e-010
24949	2.3949e-010
24950	1.949e-010
24951	2.0369e-010
24952	3.3524e-010
24953	2.403e-010
24954	4.1306e-010
24955	6.9787e-010
24956	7.8236e-010
24957	8.4382e-010
24958	1.0116e-009
24959	1.8377e-009
24960	1.7935e-009
24961	6.6334e-011
24962	4.8197e-011
24963	1.2163e-010
24964	1.8811e-010
24965	1.9264e-010
24966	2.0196e-010
24967	2.0652e-010
24968	2.0658e-010
24969	2.2137e-010
24970	2.1841e-010
24971	2.2543e-010
24972	2.3525e-010
24973	2.3247e-010
24974	2.483e-010
24975	2.4482e-010
24976	2.5595e-010
24977	2.5969e-010
24978	2.6529e-010
24979	2.7394e-010
24980	2.7657e-010
24981	2.8775e-010
24982	2.8934e-010
24983	3.0084e-010
24984	3.0359e-010
24985	3.1353e-010
24986	3.1945e-010
24987	3.2565e-010
24988	3.3708e-010
24989	3.3856e-010
24990	3.5403e-010
24991	3.5554e-010
24992	3.6552e-010
24993	3.7679e-010
24994	3.8053e-010
24995	3.9197e-010
24996	4.0206e-010
24997	4.0779e-010
24998	4.1724e-010
24999	4.3206e-010
25000	4.3614e-010
25001	4.4711e-010
25002	4.5722e-010
25003	4.7087e-010
25004	4.7859e-010
25005	4.8952e-010
25006	5.0064e-010
25007	5.1347e-010
25008	5.2697e-010
25009	5.3814e-010
25010	5.524e-010
25011	5.6293e-010
25012	5.7619e-010
25013	5.8917e-010
25014	6.0266e-010
25015	6.1605e-010
25016	6.2975e-010
25017	6.4594e-010
25018	6.5962e-010
25019	6.7473e-010
25020	6.8981e-010
25021	7.0359e-010
25022	7.1882e-010
25023	7.3987e-010
25024	7.6075e-010
25025	7.6589e-010
25026	7.6584e-010
25027	7.6079e-010
25028	7.3977e-010
25029	7.1693e-010
25030	7.0197e-010
25031	6.8961e-010
25032	6.7534e-010
25033	6.6118e-010
25034	6.4973e-010
25035	6.3114e-010
25036	6.1878e-010
25037	6.0585e-010
25038	5.9273e-010
25039	5.8039e-010
25040	5.6731e-010
25041	5.6721e-010
25042	5.4594e-010
25043	5.3766e-010
25044	5.2519e-010
25045	5.1058e-010
25046	5.009e-010
25047	4.8832e-010
25048	5.0927e-010
25049	4.6748e-010
25050	4.5692e-010
25051	4.4526e-010
25052	4.7619e-010
25053	4.283e-010
25054	4.1237e-010
25055	4.2993e-010
25056	4.095e-010
25057	3.8013e-010
25058	4.1388e-010
25059	3.7862e-010
25060	3.6011e-010
25061	4.1267e-010
25062	3.3372e-010
25063	3.8153e-010
25064	3.2235e-010
25065	3.2751e-010
25066	3.3305e-010
25067	3.0268e-010
25068	3.2592e-010
25069	2.852e-010
25070	3.1242e-010
25071	2.7348e-010
25072	2.8969e-010
25073	2.669e-010
25074	2.5995e-010
25075	2.6389e-010
25076	2.256e-010
25077	2.7116e-010
25078	1.991e-010
25079	2.3941e-010
25080	1.9479e-010
25081	2.0375e-010
25082	3.3536e-010
25083	2.4047e-010
25084	4.132e-010
25085	6.9805e-010
25086	7.8293e-010
25087	8.4432e-010
25088	1.0121e-009
25089	1.838e-009
25090	1.7935e-009
25091	1.3822e-010
25092	1.1097e-010
25093	1.7155e-010
25094	2.266e-010
25095	2.2981e-010
25096	2.4155e-010
25097	2.4694e-010
25098	2.4538e-010
25099	2.6636e-010
25100	2.5971e-010
25101	2.6877e-010
25102	2.8236e-010
25103	2.7515e-010
25104	2.9884e-010
25105	2.9036e-010
25106	3.0661e-010
25107	3.1004e-010
25108	3.1645e-010
25109	3.2814e-010
25110	3.2883e-010
25111	3.4505e-010
25112	3.4381e-010
25113	3.6076e-010
25114	3.6129e-010
25115	3.7517e-010
25116	3.8125e-010
25117	3.8778e-010
25118	4.0453e-010
25119	4.0158e-010
25120	4.2594e-010
25121	4.2273e-010
25122	4.3617e-010
25123	4.5197e-010
25124	4.5232e-010
25125	4.6839e-010
25126	4.8155e-010
25127	4.8566e-010
25128	4.9712e-010
25129	5.1904e-010
25130	5.1949e-010
25131	5.3334e-010
25132	5.4511e-010
25133	5.6411e-010
25134	5.708e-010
25135	5.8357e-010
25136	5.9663e-010
25137	6.1328e-010
25138	6.3042e-010
25139	6.4274e-010
25140	6.6185e-010
25141	6.7231e-010
25142	6.8855e-010
25143	7.0407e-010
25144	7.2011e-010
25145	7.3658e-010
25146	7.5248e-010
25147	7.735e-010
25148	7.8862e-010
25149	8.0688e-010
25150	8.2496e-010
25151	8.3919e-010
25152	8.5631e-010
25153	8.8581e-010
25154	9.1654e-010
25155	9.1027e-010
25156	9.0687e-010
25157	9.1464e-010
25158	8.8566e-010
25159	8.5259e-010
25160	8.3539e-010
25161	8.2381e-010
25162	8.0692e-010
25163	7.8924e-010
25164	7.7886e-010
25165	7.5267e-010
25166	7.3915e-010
25167	7.2358e-010
25168	7.0823e-010
25169	6.9284e-010
25170	6.7427e-010
25171	6.8089e-010
25172	6.4953e-010
25173	6.4408e-010
25174	6.2896e-010
25175	6.0875e-010
25176	5.9775e-010
25177	5.7807e-010
25178	6.1962e-010
25179	5.5267e-010
25180	5.4394e-010
25181	5.197e-010
25182	5.8968e-010
25183	5.0252e-010
25184	4.8195e-010
25185	5.25e-010
25186	4.9338e-010
25187	4.3712e-010
25188	5.1094e-010
25189	4.4932e-010
25190	4.1277e-010
25191	5.1714e-010
25192	3.7284e-010
25193	4.7609e-010
25194	3.7645e-010
25195	3.9181e-010
25196	4.039e-010
25197	3.5293e-010
25198	4.0104e-010
25199	3.2961e-010
25200	3.8431e-010
25201	3.1857e-010
25202	3.5334e-010
25203	3.179e-010
25204	3.1179e-010
25205	3.2434e-010
25206	2.6186e-010
25207	3.4327e-010
25208	2.2845e-010
25209	3.0496e-010
25210	2.4104e-010
25211	2.2843e-010
25212	4.3252e-010
25213	2.6433e-010
25214	4.6268e-010
25215	7.9514e-010
25216	9.2502e-010
25217	8.8725e-010
25218	1.2161e-009
25219	2.3156e-009
25220	2.1649e-009
25221	6.6334e-011
25222	4.8197e-011
25223	1.2163e-010
25224	1.881e-010
25225	1.9265e-010
25226	2.0197e-010
25227	2.0652e-010
25228	2.0658e-010
25229	2.2137e-010
25230	2.1841e-010
25231	2.2543e-010
25232	2.3525e-010
25233	2.3248e-010
25234	2.483e-010
25235	2.4482e-010
25236	2.5595e-010
25237	2.5969e-010
25238	2.6529e-010
25239	2.7395e-010
25240	2.7657e-010
25241	2.8775e-010
25242	2.8935e-010
25243	3.0085e-010
25244	3.0359e-010
25245	3.1354e-010
25246	3.1945e-010
25247	3.2565e-010
25248	3.3708e-010
25249	3.3856e-010
25250	3.5402e-010
25251	3.5552e-010
25252	3.6552e-010
25253	3.7678e-010
25254	3.8053e-010
25255	3.9197e-010
25256	4.0206e-010
25257	4.078e-010
25258	4.1734e-010
25259	4.3193e-010
25260	4.3626e-010
25261	4.4709e-010
25262	4.5724e-010
25263	4.7087e-010
25264	4.7847e-010
25265	4.8929e-010
25266	5.0039e-010
25267	5.1321e-010
25268	5.2676e-010
25269	5.381e-010
25270	5.524e-010
25271	5.6294e-010
25272	5.762e-010
25273	5.8917e-010
25274	6.0266e-010
25275	6.1605e-010
25276	6.2976e-010
25277	6.4596e-010
25278	6.5957e-010
25279	6.7473e-010
25280	6.8981e-010
25281	7.036e-010
25282	7.1884e-010
25283	7.3989e-010
25284	7.6068e-010
25285	7.6628e-010
25286	7.6322e-010
25287	7.5856e-010
25288	7.391e-010
25289	7.169e-010
25290	7.02e-010
25291	6.8966e-010
25292	6.7535e-010
25293	6.612e-010
25294	6.4975e-010
25295	6.3118e-010
25296	6.1877e-010
25297	6.059e-010
25298	5.9284e-010
25299	5.7973e-010
25300	5.6551e-010
25301	5.6301e-010
25302	5.4457e-010
25303	5.3744e-010
25304	5.2519e-010
25305	5.105e-010
25306	5.0037e-010
25307	4.9046e-010
25308	5.0257e-010
25309	4.695e-010
25310	4.5674e-010
25311	4.4464e-010
25312	4.7909e-010
25313	4.2772e-010
25314	4.127e-010
25315	4.2991e-010
25316	4.0951e-010
25317	3.8013e-010
25318	4.1388e-010
25319	3.7862e-010
25320	3.6012e-010
25321	4.1269e-010
25322	3.3372e-010
25323	3.8154e-010
25324	3.2234e-010
25325	3.2752e-010
25326	3.3307e-010
25327	3.027e-010
25328	3.259e-010
25329	2.852e-010
25330	3.1242e-010
25331	2.7348e-010
25332	2.8968e-010
25333	2.669e-010
25334	2.5996e-010
25335	2.639e-010
25336	2.256e-010
25337	2.7116e-010
25338	1.9909e-010
25339	2.3941e-010
25340	1.9479e-010
25341	2.0374e-010
25342	3.3536e-010
25343	2.4048e-010
25344	4.1319e-010
25345	6.9805e-010
25346	7.8294e-010
25347	8.4432e-010
25348	1.0121e-009
25349	1.838e-009
25350	1.7935e-009
25351	6.6313e-011
25352	4.8197e-011
25353	1.2165e-010
25354	1.8813e-010
25355	1.9265e-010
25356	2.0201e-010
25357	2.0658e-010
25358	2.0663e-010
25359	2.2144e-010
25360	2.1846e-010
25361	2.2547e-010
25362	2.3528e-010
25363	2.325e-010
25364	2.4833e-010
25365	2.4486e-010
25366	2.5607e-010
25367	2.5981e-010
25368	2.6544e-010
25369	2.7403e-010
25370	2.7654e-010
25371	2.8769e-010
25372	2.8936e-010
25373	3.0095e-010
25374	3.0381e-010
25375	3.1373e-010
25376	3.1955e-010
25377	3.2581e-010
25378	3.3726e-010
25379	3.3876e-010
25380	3.5419e-010
25381	3.5568e-010
25382	3.6569e-010
25383	3.7687e-010
25384	3.8059e-010
25385	3.9211e-010
25386	4.0216e-010
25387	4.08e-010
25388	4.1769e-010
25389	4.3168e-010
25390	4.3666e-010
25391	4.4731e-010
25392	4.576e-010
25393	4.7108e-010
25394	4.7882e-010
25395	4.896e-010
25396	5.0053e-010
25397	5.1261e-010
25398	5.2563e-010
25399	5.3851e-010
25400	5.5246e-010
25401	5.6319e-010
25402	5.7625e-010
25403	5.893e-010
25404	6.0251e-010
25405	6.158e-010
25406	6.2943e-010
25407	6.4568e-010
25408	6.5942e-010
25409	6.7428e-010
25410	6.8932e-010
25411	7.031e-010
25412	7.1798e-010
25413	7.3922e-010
25414	7.602e-010
25415	7.6512e-010
25416	7.6289e-010
25417	7.5753e-010
25418	7.3835e-010
25419	7.1632e-010
25420	7.0168e-010
25421	6.8953e-010
25422	6.7505e-010
25423	6.6091e-010
25424	6.4959e-010
25425	6.3132e-010
25426	6.1865e-010
25427	6.0587e-010
25428	5.9288e-010
25429	5.8e-010
25430	5.6588e-010
25431	5.6345e-010
25432	5.4501e-010
25433	5.3777e-010
25434	5.2562e-010
25435	5.1113e-010
25436	5.0097e-010
25437	4.8938e-010
25438	5.0847e-010
25439	4.6842e-010
25440	4.5745e-010
25441	4.4377e-010
25442	4.8371e-010
25443	4.2657e-010
25444	4.1269e-010
25445	4.2955e-010
25446	4.0905e-010
25447	3.7944e-010
25448	4.1324e-010
25449	3.7777e-010
25450	3.5928e-010
25451	4.1209e-010
25452	3.3304e-010
25453	3.8103e-010
25454	3.2179e-010
25455	3.2692e-010
25456	3.3253e-010
25457	3.0215e-010
25458	3.2532e-010
25459	2.8458e-010
25460	3.1179e-010
25461	2.7285e-010
25462	2.8902e-010
25463	2.6635e-010
25464	2.5953e-010
25465	2.6357e-010
25466	2.2544e-010
25467	2.7121e-010
25468	1.9916e-010
25469	2.3949e-010
25470	1.949e-010
25471	2.0369e-010
25472	3.3523e-010
25473	2.403e-010
25474	4.1308e-010
25475	6.9789e-010
25476	7.8233e-010
25477	8.4384e-010
25478	1.0116e-009
25479	1.8377e-009
25480	1.7935e-009
25481	1.3822e-010
25482	1.11e-010
25483	1.716e-010
25484	2.2668e-010
25485	2.2995e-010
25486	2.4179e-010
25487	2.4718e-010
25488	2.4551e-010
25489	2.6647e-010
25490	2.5981e-010
25491	2.6898e-010
25492	2.8258e-010
25493	2.7534e-010
25494	2.99e-010
25495	2.9049e-010
25496	3.0675e-010
25497	3.1018e-010
25498	3.1667e-010
25499	3.2842e-010
25500	3.2911e-010
25501	3.4532e-010
25502	3.4405e-010
25503	3.6102e-010
25504	3.6162e-010
25505	3.7559e-010
25506	3.8162e-010
25507	3.8813e-010
25508	4.0482e-010
25509	4.0174e-010
25510	4.2601e-010
25511	4.2281e-010
25512	4.3633e-010
25513	4.5215e-010
25514	4.5263e-010
25515	4.6877e-010
25516	4.8187e-010
25517	4.8586e-010
25518	4.9778e-010
25519	5.1856e-010
25520	5.2037e-010
25521	5.3372e-010
25522	5.4554e-010
25523	5.6447e-010
25524	5.7127e-010
25525	5.8452e-010
25526	5.9754e-010
25527	6.1231e-010
25528	6.2842e-010
25529	6.4347e-010
25530	6.6191e-010
25531	6.7274e-010
25532	6.8912e-010
25533	7.0487e-010
25534	7.2058e-010
25535	7.3662e-010
25536	7.52e-010
25537	7.7297e-010
25538	7.8839e-010
25539	8.0651e-010
25540	8.2471e-010
25541	8.389e-010
25542	8.5588e-010
25543	8.8538e-010
25544	9.1625e-010
25545	9.0853e-010
25546	9.0457e-010
25547	9.1185e-010
25548	8.8518e-010
25549	8.5208e-010
25550	8.3491e-010
25551	8.2405e-010
25552	8.0697e-010
25553	7.8943e-010
25554	7.7889e-010
25555	7.5256e-010
25556	7.3906e-010
25557	7.2382e-010
25558	7.0856e-010
25559	6.9288e-010
25560	6.7324e-010
25561	6.7836e-010
25562	6.4867e-010
25563	6.4431e-010
25564	6.2935e-010
25565	6.0911e-010
25566	5.9806e-010
25567	5.774e-010
25568	6.2378e-010
25569	5.5205e-010
25570	5.4503e-010
25571	5.1735e-010
25572	5.99e-010
25573	5.0012e-010
25574	4.826e-010
25575	5.2477e-010
25576	4.9311e-010
25577	4.3681e-010
25578	5.1041e-010
25579	4.4879e-010
25580	4.1219e-010
25581	5.1643e-010
25582	3.7214e-010
25583	4.7519e-010
25584	3.7564e-010
25585	3.9085e-010
25586	4.0295e-010
25587	3.5208e-010
25588	4.0015e-010
25589	3.289e-010
25590	3.8349e-010
25591	3.1795e-010
25592	3.5265e-010
25593	3.1733e-010
25594	3.1117e-010
25595	3.2376e-010
25596	2.6146e-010
25597	3.4315e-010
25598	2.2827e-010
25599	3.048e-010
25600	2.41e-010
25601	2.2828e-010
25602	4.3231e-010
25603	2.6429e-010
25604	4.6279e-010
25605	7.9511e-010
25606	9.2447e-010
25607	8.8719e-010
25608	1.2159e-009
25609	2.315e-009
25610	2.165e-009
25611	6.6293e-011
25612	4.8178e-011
25613	1.2166e-010
25614	1.8815e-010
25615	1.9268e-010
25616	2.0195e-010
25617	2.0651e-010
25618	2.0656e-010
25619	2.2136e-010
25620	2.1838e-010
25621	2.2539e-010
25622	2.352e-010
25623	2.3246e-010
25624	2.4829e-010
25625	2.4486e-010
25626	2.5608e-010
25627	2.599e-010
25628	2.6555e-010
25629	2.7424e-010
25630	2.7672e-010
25631	2.8785e-010
25632	2.8943e-010
25633	3.0083e-010
25634	3.0369e-010
25635	3.1369e-010
25636	3.1964e-010
25637	3.2587e-010
25638	3.3734e-010
25639	3.388e-010
25640	3.5428e-010
25641	3.558e-010
25642	3.6571e-010
25643	3.7692e-010
25644	3.8065e-010
25645	3.9237e-010
25646	4.025e-010
25647	4.081e-010
25648	4.1786e-010
25649	4.32e-010
25650	4.3715e-010
25651	4.4749e-010
25652	4.5754e-010
25653	4.7105e-010
25654	4.7886e-010
25655	4.8978e-010
25656	5.0092e-010
25657	5.1261e-010
25658	5.2535e-010
25659	5.3847e-010
25660	5.5276e-010
25661	5.632e-010
25662	5.7651e-010
25663	5.8962e-010
25664	6.0279e-010
25665	6.1622e-010
25666	6.2947e-010
25667	6.4554e-010
25668	6.5912e-010
25669	6.7407e-010
25670	6.892e-010
25671	7.0279e-010
25672	7.178e-010
25673	7.3911e-010
25674	7.6003e-010
25675	7.6437e-010
25676	7.6224e-010
25677	7.5759e-010
25678	7.3838e-010
25679	7.1599e-010
25680	7.0105e-010
25681	6.8918e-010
25682	6.7492e-010
25683	6.6093e-010
25684	6.4953e-010
25685	6.3105e-010
25686	6.1857e-010
25687	6.0568e-010
25688	5.9288e-010
25689	5.7991e-010
25690	5.6577e-010
25691	5.6372e-010
25692	5.4494e-010
25693	5.3782e-010
25694	5.2577e-010
25695	5.1106e-010
25696	5.0124e-010
25697	4.8912e-010
25698	5.085e-010
25699	4.6815e-010
25700	4.5802e-010
25701	4.4373e-010
25702	4.8429e-010
25703	4.2655e-010
25704	4.1308e-010
25705	4.2963e-010
25706	4.0919e-010
25707	3.7961e-010
25708	4.1324e-010
25709	3.7781e-010
25710	3.5923e-010
25711	4.1186e-010
25712	3.3284e-010
25713	3.807e-010
25714	3.2149e-010
25715	3.2655e-010
25716	3.3216e-010
25717	3.017e-010
25718	3.2487e-010
25719	2.8409e-010
25720	3.1133e-010
25721	2.7238e-010
25722	2.8867e-010
25723	2.6604e-010
25724	2.5924e-010
25725	2.6334e-010
25726	2.2529e-010
25727	2.7107e-010
25728	1.9917e-010
25729	2.3935e-010
25730	1.9496e-010
25731	2.0395e-010
25732	3.3535e-010
25733	2.4041e-010
25734	4.129e-010
25735	6.9762e-010
25736	7.8237e-010
25737	8.437e-010
25738	1.0117e-009
25739	1.8377e-009
25740	1.7928e-009
25741	6.6292e-011
25742	4.8184e-011
25743	1.2166e-010
25744	1.8815e-010
25745	1.9266e-010
25746	2.0196e-010
25747	2.0651e-010
25748	2.0656e-010
25749	2.2136e-010
25750	2.1838e-010
25751	2.2539e-010
25752	2.3521e-010
25753	2.3247e-010
25754	2.4828e-010
25755	2.4486e-010
25756	2.5608e-010
25757	2.599e-010
25758	2.6555e-010
25759	2.7424e-010
25760	2.7672e-010
25761	2.8785e-010
25762	2.8943e-010
25763	3.0083e-010
25764	3.037e-010
25765	3.1369e-010
25766	3.1964e-010
25767	3.2587e-010
25768	3.3734e-010
25769	3.388e-010
25770	3.5428e-010
25771	3.558e-010
25772	3.6571e-010
25773	3.7692e-010
25774	3.8065e-010
25775	3.9237e-010
25776	4.025e-010
25777	4.0811e-010
25778	4.179e-010
25779	4.3199e-010
25780	4.3713e-010
25781	4.4749e-010
25782	4.5756e-010
25783	4.7112e-010
25784	4.787e-010
25785	4.9102e-010
25786	5.0298e-010
25787	5.139e-010
25788	5.2513e-010
25789	5.3856e-010
25790	5.5274e-010
25791	5.6322e-010
25792	5.7653e-010
25793	5.8962e-010
25794	6.0279e-010
25795	6.1622e-010
25796	6.2947e-010
25797	6.4548e-010
25798	6.5913e-010
25799	6.7408e-010
25800	6.8921e-010
25801	7.0278e-010
25802	7.1778e-010
25803	7.3922e-010
25804	7.5978e-010
25805	7.6284e-010
25806	7.6005e-010
25807	7.5783e-010
25808	7.3835e-010
25809	7.1602e-010
25810	7.0104e-010
25811	6.8919e-010
25812	6.7492e-010
25813	6.6094e-010
25814	6.4953e-010
25815	6.3105e-010
25816	6.1859e-010
25817	6.0565e-010
25818	5.9288e-010
25819	5.8e-010
25820	5.6535e-010
25821	5.655e-010
25822	5.4572e-010
25823	5.3807e-010
25824	5.257e-010
25825	5.111e-010
25826	5.0129e-010
25827	4.8899e-010
25828	5.0832e-010
25829	4.6809e-010
25830	4.5801e-010
25831	4.4374e-010
25832	4.8426e-010
25833	4.266e-010
25834	4.1308e-010
25835	4.2964e-010
25836	4.0918e-010
25837	3.7963e-010
25838	4.1324e-010
25839	3.7782e-010
25840	3.5926e-010
25841	4.1186e-010
25842	3.3285e-010
25843	3.807e-010
25844	3.2149e-010
25845	3.2655e-010
25846	3.3213e-010
25847	3.017e-010
25848	3.2487e-010
25849	2.8409e-010
25850	3.1133e-010
25851	2.7238e-010
25852	2.8867e-010
25853	2.6604e-010
25854	2.5924e-010
25855	2.6334e-010
25856	2.2529e-010
25857	2.7107e-010
25858	1.9917e-010
25859	2.3935e-010
25860	1.9496e-010
25861	2.0395e-010
25862	3.3535e-010
25863	2.4042e-010
25864	4.129e-010
25865	6.9762e-010
25866	7.8237e-010
25867	8.437e-010
25868	1.0117e-009
25869	1.8377e-009
25870	1.7928e-009
25871	1.3821e-010
25872	1.11e-010
25873	1.716e-010
25874	2.2668e-010
25875	2.2995e-010
25876	2.4179e-010
25877	2.4718e-010
25878	2.4551e-010
25879	2.6647e-010
25880	2.5981e-010
25881	2.6898e-010
25882	2.8258e-010
25883	2.7534e-010
25884	2.9901e-010
25885	2.9049e-010
25886	3.0675e-010
25887	3.1018e-010
25888	3.1668e-010
25889	3.2842e-010
25890	3.2911e-010
25891	3.4532e-010
25892	3.4406e-010
25893	3.6102e-010
25894	3.6161e-010
25895	3.7559e-010
25896	3.8162e-010
25897	3.8813e-010
25898	4.0482e-010
25899	4.0174e-010
25900	4.2601e-010
25901	4.2281e-010
25902	4.3632e-010
25903	4.5216e-010
25904	4.5263e-010
25905	4.6877e-010
25906	4.8186e-010
25907	4.8588e-010
25908	4.9784e-010
25909	5.1845e-010
25910	5.2041e-010
25911	5.3371e-010
25912	5.4553e-010
25913	5.6456e-010
25914	5.7089e-010
25915	5.8552e-010
25916	5.9938e-010
25917	6.1339e-010
25918	6.2825e-010
25919	6.4351e-010
25920	6.6188e-010
25921	6.7275e-010
25922	6.8913e-010
25923	7.0487e-010
25924	7.2057e-010
25925	7.3661e-010
25926	7.52e-010
25927	7.7298e-010
25928	7.8838e-010
25929	8.0651e-010
25930	8.2471e-010
25931	8.3888e-010
25932	8.559e-010
25933	8.8526e-010
25934	9.1431e-010
25935	9.0405e-010
25936	9.0088e-010
25937	9.1252e-010
25938	8.8495e-010
25939	8.5211e-010
25940	8.349e-010
25941	8.2406e-010
25942	8.0696e-010
25943	7.8943e-010
25944	7.7889e-010
25945	7.5257e-010
25946	7.3906e-010
25947	7.2384e-010
25948	7.0848e-010
25949	6.9314e-010
25950	6.724e-010
25951	6.8147e-010
25952	6.5016e-010
25953	6.4484e-010
25954	6.2915e-010
25955	6.0922e-010
25956	5.9765e-010
25957	5.7867e-010
25958	6.2348e-010
25959	5.5327e-010
25960	5.447e-010
25961	5.173e-010
25962	5.9975e-010
25963	5.0001e-010
25964	4.8263e-010
25965	5.2481e-010
25966	4.9312e-010
25967	4.3681e-010
25968	5.1041e-010
25969	4.4878e-010
25970	4.1218e-010
25971	5.1643e-010
25972	3.7216e-010
25973	4.752e-010
25974	3.7563e-010
25975	3.9085e-010
25976	4.0296e-010
25977	3.5208e-010
25978	4.0015e-010
25979	3.2889e-010
25980	3.8349e-010
25981	3.1794e-010
25982	3.5264e-010
25983	3.1732e-010
25984	3.1117e-010
25985	3.2376e-010
25986	2.6146e-010
25987	3.4314e-010
25988	2.2827e-010
25989	3.048e-010
25990	2.4101e-010
25991	2.2828e-010
25992	4.3229e-010
25993	2.6429e-010
25994	4.6279e-010
25995	7.9511e-010
25996	9.2447e-010
25997	8.8719e-010
25998	1.2159e-009
25999	2.315e-009
26000	2.165e-009
26001	6.6313e-011
26002	4.8203e-011
26003	1.2165e-010
26004	1.8814e-010
26005	1.9266e-010
26006	2.0202e-010
26007	2.0657e-010
26008	2.0663e-010
26009	2.2145e-010
26010	2.1847e-010
26011	2.2546e-010
26012	2.3527e-010
26013	2.325e-010
26014	2.4829e-010
26015	2.4486e-010
26016	2.5607e-010
26017	2.5982e-010
26018	2.6543e-010
26019	2.7405e-010
26020	2.7654e-010
26021	2.8769e-010
26022	2.8938e-010
26023	3.0095e-010
26024	3.0379e-010
26025	3.1374e-010
26026	3.1955e-010
26027	3.2581e-010
26028	3.3725e-010
26029	3.3877e-010
26030	3.542e-010
26031	3.5569e-010
26032	3.6569e-010
26033	3.7685e-010
26034	3.806e-010
26035	3.9211e-010
26036	4.0218e-010
26037	4.0802e-010
26038	4.1782e-010
26039	4.3176e-010
26040	4.3672e-010
26041	4.4736e-010
26042	4.5754e-010
26043	4.7114e-010
26044	4.7901e-010
26045	4.9009e-010
26046	5.0115e-010
26047	5.1307e-010
26048	5.2568e-010
26049	5.3849e-010
26050	5.525e-010
26051	5.6313e-010
26052	5.7627e-010
26053	5.8932e-010
26054	6.025e-010
26055	6.1582e-010
26056	6.2939e-010
26057	6.457e-010
26058	6.5942e-010
26059	6.7425e-010
26060	6.8933e-010
26061	7.031e-010
26062	7.1804e-010
26063	7.3902e-010
26064	7.5842e-010
26065	7.6103e-010
26066	7.6045e-010
26067	7.5768e-010
26068	7.3826e-010
26069	7.163e-010
26070	7.0165e-010
26071	6.8955e-010
26072	6.7503e-010
26073	6.6089e-010
26074	6.496e-010
26075	6.3125e-010
26076	6.1859e-010
26077	6.0585e-010
26078	5.9292e-010
26079	5.8017e-010
26080	5.652e-010
26081	5.6597e-010
26082	5.4578e-010
26083	5.3804e-010
26084	5.2558e-010
26085	5.1108e-010
26086	5.0083e-010
26087	4.8976e-010
26088	5.0587e-010
26089	4.6867e-010
26090	4.5746e-010
26091	4.4352e-010
26092	4.8409e-010
26093	4.2638e-010
26094	4.1286e-010
26095	4.2955e-010
26096	4.0907e-010
26097	3.7943e-010
26098	4.1325e-010
26099	3.7778e-010
26100	3.5928e-010
26101	4.1207e-010
26102	3.3305e-010
26103	3.8102e-010
26104	3.2179e-010
26105	3.2694e-010
26106	3.3254e-010
26107	3.0215e-010
26108	3.2532e-010
26109	2.8456e-010
26110	3.1178e-010
26111	2.7283e-010
26112	2.8902e-010
26113	2.6636e-010
26114	2.595e-010
26115	2.6357e-010
26116	2.2545e-010
26117	2.7119e-010
26118	1.9915e-010
26119	2.3948e-010
26120	1.9492e-010
26121	2.0367e-010
26122	3.3522e-010
26123	2.403e-010
26124	4.1306e-010
26125	6.979e-010
26126	7.8233e-010
26127	8.4385e-010
26128	1.0116e-009
26129	1.8377e-009
26130	1.7935e-009
26131	6.6325e-011
26132	4.8197e-011
26133	1.2163e-010
26134	1.8811e-010
26135	1.9266e-010
26136	2.0196e-010
26137	2.0652e-010
26138	2.0657e-010
26139	2.2136e-010
26140	2.1841e-010
26141	2.2544e-010
26142	2.3522e-010
26143	2.3248e-010
26144	2.4831e-010
26145	2.4483e-010
26146	2.5597e-010
26147	2.5971e-010
26148	2.6531e-010
26149	2.7396e-010
26150	2.7656e-010
26151	2.8777e-010
26152	2.8936e-010
26153	3.0086e-010
26154	3.0361e-010
26155	3.1354e-010
26156	3.1945e-010
26157	3.2565e-010
26158	3.3708e-010
26159	3.3855e-010
26160	3.5403e-010
26161	3.5552e-010
26162	3.6554e-010
26163	3.768e-010
26164	3.8049e-010
26165	3.9197e-010
26166	4.0203e-010
26167	4.0774e-010
26168	4.1752e-010
26169	4.315e-010
26170	4.3645e-010
26171	4.4704e-010
26172	4.5725e-010
26173	4.7073e-010
26174	4.7998e-010
26175	4.9192e-010
26176	5.032e-010
26177	5.1491e-010
26178	5.2677e-010
26179	5.3807e-010
26180	5.5244e-010
26181	5.6295e-010
26182	5.762e-010
26183	5.8924e-010
26184	6.0258e-010
26185	6.1606e-010
26186	6.2972e-010
26187	6.4598e-010
26188	6.5957e-010
26189	6.7477e-010
26190	6.8983e-010
26191	7.0363e-010
26192	7.187e-010
26193	7.4013e-010
26194	7.6108e-010
26195	7.6425e-010
26196	7.6109e-010
26197	7.5861e-010
26198	7.392e-010
26199	7.1695e-010
26200	7.0203e-010
26201	6.8968e-010
26202	6.7535e-010
26203	6.6121e-010
26204	6.4973e-010
26205	6.3114e-010
26206	6.1867e-010
26207	6.0585e-010
26208	5.9286e-010
26209	5.7997e-010
26210	5.6543e-010
26211	5.6403e-010
26212	5.4468e-010
26213	5.3769e-010
26214	5.2533e-010
26215	5.1048e-010
26216	5.0019e-010
26217	4.9081e-010
26218	4.9959e-010
26219	4.697e-010
26220	4.5715e-010
26221	4.4336e-010
26222	4.8409e-010
26223	4.2654e-010
26224	4.132e-010
26225	4.2986e-010
26226	4.0953e-010
26227	3.8014e-010
26228	4.1389e-010
26229	3.7858e-010
26230	3.6012e-010
26231	4.1271e-010
26232	3.3373e-010
26233	3.8155e-010
26234	3.2232e-010
26235	3.2749e-010
26236	3.3303e-010
26237	3.0269e-010
26238	3.259e-010
26239	2.8521e-010
26240	3.1242e-010
26241	2.7347e-010
26242	2.897e-010
26243	2.669e-010
26244	2.5997e-010
26245	2.6389e-010
26246	2.256e-010
26247	2.7117e-010
26248	1.9909e-010
26249	2.3942e-010
26250	1.9479e-010
26251	2.0373e-010
26252	3.3534e-010
26253	2.4048e-010
26254	4.1319e-010
26255	6.9808e-010
26256	7.829e-010
26257	8.4433e-010
26258	1.0121e-009
26259	1.838e-009
26260	1.7934e-009
26261	1.3817e-010
26262	1.1096e-010
26263	1.7155e-010
26264	2.2659e-010
26265	2.298e-010
26266	2.4156e-010
26267	2.4694e-010
26268	2.4538e-010
26269	2.6636e-010
26270	2.5971e-010
26271	2.6877e-010
26272	2.8236e-010
26273	2.7515e-010
26274	2.9884e-010
26275	2.9035e-010
26276	3.0666e-010
26277	3.1004e-010
26278	3.1647e-010
26279	3.2814e-010
26280	3.2885e-010
26281	3.4507e-010
26282	3.438e-010
26283	3.6075e-010
26284	3.6128e-010
26285	3.7519e-010
26286	3.8124e-010
26287	3.8778e-010
26288	4.0453e-010
26289	4.0158e-010
26290	4.2594e-010
26291	4.2273e-010
26292	4.3618e-010
26293	4.5197e-010
26294	4.5232e-010
26295	4.6839e-010
26296	4.8153e-010
26297	4.8559e-010
26298	4.9751e-010
26299	5.1805e-010
26300	5.1993e-010
26301	5.3323e-010
26302	5.4514e-010
26303	5.6375e-010
26304	5.7283e-010
26305	5.8792e-010
26306	6.0106e-010
26307	6.1562e-010
26308	6.3019e-010
26309	6.4283e-010
26310	6.618e-010
26311	6.7232e-010
26312	6.8852e-010
26313	7.0402e-010
26314	7.2015e-010
26315	7.3658e-010
26316	7.5245e-010
26317	7.7351e-010
26318	7.8858e-010
26319	8.0687e-010
26320	8.2493e-010
26321	8.3919e-010
26322	8.5657e-010
26323	8.8621e-010
26324	9.1675e-010
26325	9.0821e-010
26326	9.0357e-010
26327	9.1278e-010
26328	8.858e-010
26329	8.527e-010
26330	8.3518e-010
26331	8.2396e-010
26332	8.0691e-010
26333	7.8922e-010
26334	7.7883e-010
26335	7.5263e-010
26336	7.3912e-010
26337	7.2366e-010
26338	7.0824e-010
26339	6.9275e-010
26340	6.7297e-010
26341	6.7838e-010
26342	6.4861e-010
26343	6.4254e-010
26344	6.2804e-010
26345	6.0861e-010
26346	5.9727e-010
26347	5.7928e-010
26348	6.1938e-010
26349	5.5391e-010
26350	5.4441e-010
26351	5.1733e-010
26352	5.998e-010
26353	5.0013e-010
26354	4.828e-010
26355	5.2502e-010
26356	4.934e-010
26357	4.3713e-010
26358	5.1094e-010
26359	4.4934e-010
26360	4.1277e-010
26361	5.1717e-010
26362	3.7283e-010
26363	4.7613e-010
26364	3.7645e-010
26365	3.9182e-010
26366	4.0389e-010
26367	3.5293e-010
26368	4.0108e-010
26369	3.296e-010
26370	3.8431e-010
26371	3.1857e-010
26372	3.5332e-010
26373	3.1792e-010
26374	3.1179e-010
26375	3.2433e-010
26376	2.6186e-010
26377	3.4323e-010
26378	2.2846e-010
26379	3.0496e-010
26380	2.4104e-010
26381	2.2843e-010
26382	4.3249e-010
26383	2.6433e-010
26384	4.6268e-010
26385	7.9514e-010
26386	9.2501e-010
26387	8.8724e-010
26388	1.2162e-009
26389	2.3156e-009
26390	2.1649e-009
26391	6.6325e-011
26392	4.8197e-011
26393	1.2163e-010
26394	1.8811e-010
26395	1.9266e-010
26396	2.0196e-010
26397	2.0652e-010
26398	2.0657e-010
26399	2.2136e-010
26400	2.1841e-010
26401	2.2544e-010
26402	2.3522e-010
26403	2.3248e-010
26404	2.4831e-010
26405	2.4483e-010
26406	2.5597e-010
26407	2.5971e-010
26408	2.6531e-010
26409	2.7396e-010
26410	2.7656e-010
26411	2.8777e-010
26412	2.8936e-010
26413	3.0086e-010
26414	3.0361e-010
26415	3.1354e-010
26416	3.1945e-010
26417	3.2565e-010
26418	3.3708e-010
26419	3.3855e-010
26420	3.5403e-010
26421	3.5552e-010
26422	3.6553e-010
26423	3.768e-010
26424	3.8049e-010
26425	3.9197e-010
26426	4.0203e-010
26427	4.0774e-010
26428	4.1752e-010
26429	4.315e-010
26430	4.3644e-010
26431	4.4703e-010
26432	4.5722e-010
26433	4.7076e-010
26434	4.801e-010
26435	4.9206e-010
26436	5.0323e-010
26437	5.1499e-010
26438	5.2689e-010
26439	5.3819e-010
26440	5.5241e-010
26441	5.6293e-010
26442	5.762e-010
26443	5.8924e-010
26444	6.0258e-010
26445	6.1606e-010
26446	6.2972e-010
26447	6.4598e-010
26448	6.5957e-010
26449	6.7476e-010
26450	6.8983e-010
26451	7.0364e-010
26452	7.1866e-010
26453	7.3947e-010
26454	7.6054e-010
26455	7.6562e-010
26456	7.6348e-010
26457	7.5831e-010
26458	7.3926e-010
26459	7.1692e-010
26460	7.0203e-010
26461	6.8968e-010
26462	6.7535e-010
26463	6.6122e-010
26464	6.4974e-010
26465	6.3114e-010
26466	6.1867e-010
26467	6.0585e-010
26468	5.9291e-010
26469	5.7995e-010
26470	5.655e-010
26471	5.6341e-010
26472	5.4425e-010
26473	5.3532e-010
26474	5.2385e-010
26475	5.1042e-010
26476	5.0063e-010
26477	4.8884e-010
26478	5.0872e-010
26479	4.6797e-010
26480	4.5755e-010
26481	4.4351e-010
26482	4.841e-010
26483	4.2651e-010
26484	4.1321e-010
26485	4.2986e-010
26486	4.0953e-010
26487	3.8014e-010
26488	4.1389e-010
26489	3.7857e-010
26490	3.6012e-010
26491	4.1271e-010
26492	3.3372e-010
26493	3.8154e-010
26494	3.2232e-010
26495	3.2749e-010
26496	3.3303e-010
26497	3.0269e-010
26498	3.259e-010
26499	2.8521e-010
26500	3.1242e-010
26501	2.7348e-010
26502	2.897e-010
26503	2.669e-010
26504	2.5997e-010
26505	2.6389e-010
26506	2.2558e-010
26507	2.7117e-010
26508	1.9909e-010
26509	2.3942e-010
26510	1.9479e-010
26511	2.0373e-010
26512	3.3534e-010
26513	2.4048e-010
26514	4.1319e-010
26515	6.9808e-010
26516	7.8291e-010
26517	8.4433e-010
26518	1.0121e-009
26519	1.838e-009
26520	1.7934e-009
26521	6.6313e-011
26522	4.8205e-011
26523	1.2165e-010
26524	1.8812e-010
26525	1.9266e-010
26526	2.0202e-010
26527	2.0657e-010
26528	2.0664e-010
26529	2.2143e-010
26530	2.1848e-010
26531	2.2546e-010
26532	2.3527e-010
26533	2.325e-010
26534	2.4829e-010
26535	2.4486e-010
26536	2.5607e-010
26537	2.5982e-010
26538	2.6543e-010
26539	2.7405e-010
26540	2.7653e-010
26541	2.877e-010
26542	2.8938e-010
26543	3.0095e-010
26544	3.0379e-010
26545	3.1374e-010
26546	3.1955e-010
26547	3.2581e-010
26548	3.3725e-010
26549	3.3877e-010
26550	3.542e-010
26551	3.5569e-010
26552	3.6568e-010
26553	3.7684e-010
26554	3.806e-010
26555	3.9211e-010
26556	4.0218e-010
26557	4.0801e-010
26558	4.178e-010
26559	4.3174e-010
26560	4.3676e-010
26561	4.4729e-010
26562	4.5769e-010
26563	4.7227e-010
26564	4.8165e-010
26565	4.9249e-010
26566	5.0356e-010
26567	5.1538e-010
26568	5.2716e-010
26569	5.3834e-010
26570	5.5252e-010
26571	5.6315e-010
26572	5.763e-010
26573	5.8934e-010
26574	6.0251e-010
26575	6.1582e-010
26576	6.2939e-010
26577	6.457e-010
26578	6.5941e-010
26579	6.7425e-010
26580	6.8927e-010
26581	7.0306e-010
26582	7.1785e-010
26583	7.3892e-010
26584	7.5962e-010
26585	7.6304e-010
26586	7.6036e-010
26587	7.5775e-010
26588	7.3825e-010
26589	7.1632e-010
26590	7.0166e-010
26591	6.8956e-010
26592	6.7503e-010
26593	6.6089e-010
26594	6.4961e-010
26595	6.3127e-010
26596	6.1861e-010
26597	6.0587e-010
26598	5.9293e-010
26599	5.8006e-010
26600	5.6564e-010
26601	5.637e-010
26602	5.4312e-010
26603	5.3488e-010
26604	5.2294e-010
26605	5.0859e-010
26606	4.9973e-010
26607	4.8913e-010
26608	5.083e-010
26609	4.6824e-010
26610	4.5801e-010
26611	4.4375e-010
26612	4.8427e-010
26613	4.2646e-010
26614	4.1285e-010
26615	4.2952e-010
26616	4.0906e-010
26617	3.7945e-010
26618	4.1324e-010
26619	3.7777e-010
26620	3.5928e-010
26621	4.1207e-010
26622	3.3305e-010
26623	3.8102e-010
26624	3.2179e-010
26625	3.2694e-010
26626	3.3254e-010
26627	3.0215e-010
26628	3.2532e-010
26629	2.8456e-010
26630	3.1177e-010
26631	2.7282e-010
26632	2.8902e-010
26633	2.6633e-010
26634	2.595e-010
26635	2.6357e-010
26636	2.2545e-010
26637	2.712e-010
26638	1.9916e-010
26639	2.3948e-010
26640	1.9492e-010
26641	2.0367e-010
26642	3.3522e-010
26643	2.403e-010
26644	4.1306e-010
26645	6.979e-010
26646	7.8234e-010
26647	8.4382e-010
26648	1.0116e-009
26649	1.8377e-009
26650	1.7935e-009
26651	1.3821e-010
26652	1.1099e-010
26653	1.716e-010
26654	2.2668e-010
26655	2.2995e-010
26656	2.418e-010
26657	2.4718e-010
26658	2.4551e-010
26659	2.6647e-010
26660	2.5981e-010
26661	2.6898e-010
26662	2.8258e-010
26663	2.7534e-010
26664	2.9901e-010
26665	2.9049e-010
26666	3.0675e-010
26667	3.1018e-010
26668	3.1668e-010
26669	3.2842e-010
26670	3.2911e-010
26671	3.4532e-010
26672	3.4406e-010
26673	3.6102e-010
26674	3.6161e-010
26675	3.7558e-010
26676	3.8162e-010
26677	3.8813e-010
26678	4.0482e-010
26679	4.0174e-010
26680	4.2601e-010
26681	4.2281e-010
26682	4.3633e-010
26683	4.5215e-010
26684	4.5263e-010
26685	4.6874e-010
26686	4.8187e-010
26687	4.8587e-010
26688	4.9786e-010
26689	5.1844e-010
26690	5.2045e-010
26691	5.336e-010
26692	5.4577e-010
26693	5.667e-010
26694	5.7579e-010
26695	5.8863e-010
26696	6.0188e-010
26697	6.165e-010
26698	6.3068e-010
26699	6.4328e-010
26700	6.6196e-010
26701	6.7273e-010
26702	6.8916e-010
26703	7.0487e-010
26704	7.2056e-010
26705	7.3661e-010
26706	7.52e-010
26707	7.7298e-010
26708	7.8838e-010
26709	8.065e-010
26710	8.247e-010
26711	8.3894e-010
26712	8.5562e-010
26713	8.8546e-010
26714	9.1576e-010
26715	9.0589e-010
26716	9.0042e-010
26717	9.1261e-010
26718	8.8493e-010
26719	8.5212e-010
26720	8.3489e-010
26721	8.2406e-010
26722	8.0697e-010
26723	7.8943e-010
26724	7.7889e-010
26725	7.5256e-010
26726	7.3907e-010
26727	7.2382e-010
26728	7.0857e-010
26729	6.9301e-010
26730	6.7293e-010
26731	6.7878e-010
26732	6.4615e-010
26733	6.3995e-010
26734	6.2603e-010
26735	6.0741e-010
26736	5.9718e-010
26737	5.7753e-010
26738	6.2454e-010
26739	5.52e-010
26740	5.4519e-010
26741	5.1738e-010
26742	5.9981e-010
26743	5.0007e-010
26744	4.8265e-010
26745	5.2476e-010
26746	4.9312e-010
26747	4.3679e-010
26748	5.1042e-010
26749	4.4878e-010
26750	4.122e-010
26751	5.1642e-010
26752	3.7215e-010
26753	4.752e-010
26754	3.7563e-010
26755	3.9085e-010
26756	4.0296e-010
26757	3.5208e-010
26758	4.0015e-010
26759	3.2889e-010
26760	3.8349e-010
26761	3.1794e-010
26762	3.5264e-010
26763	3.1733e-010
26764	3.1117e-010
26765	3.2376e-010
26766	2.6146e-010
26767	3.4314e-010
26768	2.2827e-010
26769	3.048e-010
26770	2.4101e-010
26771	2.2828e-010
26772	4.3229e-010
26773	2.6428e-010
26774	4.6279e-010
26775	7.9511e-010
26776	9.2447e-010
26777	8.8721e-010
26778	1.2159e-009
26779	2.315e-009
26780	2.165e-009
26781	6.6292e-011
26782	4.8184e-011
26783	1.2167e-010
26784	1.8815e-010
26785	1.9266e-010
26786	2.0196e-010
26787	2.0651e-010
26788	2.0656e-010
26789	2.2136e-010
26790	2.1838e-010
26791	2.2539e-010
26792	2.3521e-010
26793	2.3247e-010
26794	2.4827e-010
26795	2.4487e-010
26796	2.5607e-010
26797	2.5991e-010
26798	2.6556e-010
26799	2.7424e-010
26800	2.7672e-010
26801	2.8785e-010
26802	2.8943e-010
26803	3.0083e-010
26804	3.037e-010
26805	3.1369e-010
26806	3.1964e-010
26807	3.2587e-010
26808	3.3734e-010
26809	3.388e-010
26810	3.5428e-010
26811	3.558e-010
26812	3.6571e-010
26813	3.7691e-010
26814	3.8067e-010
26815	3.9235e-010
26816	4.0249e-010
26817	4.0811e-010
26818	4.1791e-010
26819	4.3197e-010
26820	4.3712e-010
26821	4.474e-010
26822	4.5764e-010
26823	4.7234e-010
26824	4.8175e-010
26825	4.9261e-010
26826	5.0377e-010
26827	5.156e-010
26828	5.2724e-010
26829	5.3852e-010
26830	5.5282e-010
26831	5.6319e-010
26832	5.7653e-010
26833	5.8963e-010
26834	6.028e-010
26835	6.1623e-010
26836	6.2947e-010
26837	6.4549e-010
26838	6.5913e-010
26839	6.7407e-010
26840	6.8922e-010
26841	7.0274e-010
26842	7.1787e-010
26843	7.3953e-010
26844	7.6016e-010
26845	7.6318e-010
26846	7.6026e-010
26847	7.5773e-010
26848	7.3836e-010
26849	7.1599e-010
26850	7.0104e-010
26851	6.8919e-010
26852	6.7492e-010
26853	6.6094e-010
26854	6.4953e-010
26855	6.3105e-010
26856	6.186e-010
26857	6.0565e-010
26858	5.9291e-010
26859	5.7992e-010
26860	5.6574e-010
26861	5.6338e-010
26862	5.4312e-010
26863	5.3463e-010
26864	5.2416e-010
26865	5.1063e-010
26866	5.0092e-010
26867	4.8884e-010
26868	5.0849e-010
26869	4.6788e-010
26870	4.5781e-010
26871	4.4349e-010
26872	4.8402e-010
26873	4.2652e-010
26874	4.1304e-010
26875	4.2964e-010
26876	4.0917e-010
26877	3.7961e-010
26878	4.1325e-010
26879	3.7781e-010
26880	3.5923e-010
26881	4.1186e-010
26882	3.3284e-010
26883	3.8069e-010
26884	3.2149e-010
26885	3.2655e-010
26886	3.3216e-010
26887	3.017e-010
26888	3.2487e-010
26889	2.8409e-010
26890	3.1133e-010
26891	2.7238e-010
26892	2.8867e-010
26893	2.6604e-010
26894	2.5924e-010
26895	2.6334e-010
26896	2.2529e-010
26897	2.7108e-010
26898	1.9918e-010
26899	2.3935e-010
26900	1.9496e-010
26901	2.0395e-010
26902	3.3535e-010
26903	2.4042e-010
26904	4.1287e-010
26905	6.9762e-010
26906	7.8237e-010
26907	8.4371e-010
26908	1.0117e-009
26909	1.8377e-009
26910	1.7928e-009
26911	6.6292e-011
26912	4.8183e-011
26913	1.2166e-010
26914	1.8815e-010
26915	1.9266e-010
26916	2.0196e-010
26917	2.0651e-010
26918	2.0656e-010
26919	2.2136e-010
26920	2.1838e-010
26921	2.2539e-010
26922	2.352e-010
26923	2.3247e-010
26924	2.483e-010
26925	2.4486e-010
26926	2.5608e-010
26927	2.599e-010
26928	2.6555e-010
26929	2.7424e-010
26930	2.7672e-010
26931	2.8785e-010
26932	2.8943e-010
26933	3.0083e-010
26934	3.037e-010
26935	3.1369e-010
26936	3.1964e-010
26937	3.2587e-010
26938	3.3734e-010
26939	3.388e-010
26940	3.5428e-010
26941	3.558e-010
26942	3.6571e-010
26943	3.7691e-010
26944	3.8066e-010
26945	3.9236e-010
26946	4.0248e-010
26947	4.081e-010
26948	4.179e-010
26949	4.32e-010
26950	4.3707e-010
26951	4.4763e-010
26952	4.585e-010
26953	4.7359e-010
26954	4.8161e-010
26955	4.9266e-010
26956	5.0376e-010
26957	5.1561e-010
26958	5.2724e-010
26959	5.3852e-010
26960	5.5282e-010
26961	5.6318e-010
26962	5.7653e-010
26963	5.8962e-010
26964	6.0279e-010
26965	6.1622e-010
26966	6.2947e-010
26967	6.4549e-010
26968	6.5913e-010
26969	6.7407e-010
26970	6.8922e-010
26971	7.0275e-010
26972	7.178e-010
26973	7.3907e-010
26974	7.6008e-010
26975	7.6451e-010
26976	7.6223e-010
26977	7.5741e-010
26978	7.3846e-010
26979	7.1599e-010
26980	7.0105e-010
26981	6.8919e-010
26982	6.7492e-010
26983	6.6094e-010
26984	6.4953e-010
26985	6.3105e-010
26986	6.186e-010
26987	6.0565e-010
26988	5.9291e-010
26989	5.7992e-010
26990	5.6577e-010
26991	5.6334e-010
26992	5.4308e-010
26993	5.3482e-010
26994	5.2289e-010
26995	5.0831e-010
26996	4.9869e-010
26997	4.8758e-010
26998	5.0864e-010
26999	4.6784e-010
27000	4.5786e-010
27001	4.434e-010
27002	4.8402e-010
27003	4.2648e-010
27004	4.1303e-010
27005	4.2961e-010
27006	4.0918e-010
27007	3.7961e-010
27008	4.1324e-010
27009	3.778e-010
27010	3.5922e-010
27011	4.1186e-010
27012	3.3284e-010
27013	3.8069e-010
27014	3.2149e-010
27015	3.2655e-010
27016	3.3216e-010
27017	3.017e-010
27018	3.2487e-010
27019	2.8409e-010
27020	3.1133e-010
27021	2.7238e-010
27022	2.8867e-010
27023	2.6604e-010
27024	2.5924e-010
27025	2.6334e-010
27026	2.2529e-010
27027	2.7108e-010
27028	1.9918e-010
27029	2.3935e-010
27030	1.9496e-010
27031	2.0395e-010
27032	3.3535e-010
27033	2.4042e-010
27034	4.129e-010
27035	6.9762e-010
27036	7.8237e-010
27037	8.437e-010
27038	1.0117e-009
27039	1.8377e-009
27040	1.7928e-009
27041	1.3821e-010
27042	1.11e-010
27043	1.716e-010
27044	2.2668e-010
27045	2.2995e-010
27046	2.4179e-010
27047	2.4718e-010
27048	2.4551e-010
27049	2.6647e-010
27050	2.5981e-010
27051	2.6898e-010
27052	2.8258e-010
27053	2.7534e-010
27054	2.9901e-010
27055	2.9049e-010
27056	3.0675e-010
27057	3.1018e-010
27058	3.1668e-010
27059	3.2842e-010
27060	3.2911e-010
27061	3.4532e-010
27062	3.4405e-010
27063	3.6102e-010
27064	3.6161e-010
27065	3.7559e-010
27066	3.8162e-010
27067	3.8813e-010
27068	4.0482e-010
27069	4.0174e-010
27070	4.2601e-010
27071	4.2281e-010
27072	4.3633e-010
27073	4.5215e-010
27074	4.5263e-010
27075	4.6875e-010
27076	4.8188e-010
27077	4.8585e-010
27078	4.9781e-010
27079	5.1849e-010
27080	5.2032e-010
27081	5.3386e-010
27082	5.4744e-010
27083	5.6878e-010
27084	5.7527e-010
27085	5.887e-010
27086	6.0187e-010
27087	6.1651e-010
27088	6.3068e-010
27089	6.4328e-010
27090	6.6196e-010
27091	6.7272e-010
27092	6.8914e-010
27093	7.0487e-010
27094	7.2057e-010
27095	7.3661e-010
27096	7.52e-010
27097	7.7298e-010
27098	7.8839e-010
27099	8.0651e-010
27100	8.247e-010
27101	8.389e-010
27102	8.5588e-010
27103	8.8546e-010
27104	9.1617e-010
27105	9.091e-010
27106	9.0479e-010
27107	9.1194e-010
27108	8.8481e-010
27109	8.5221e-010
27110	8.3485e-010
27111	8.2407e-010
27112	8.0697e-010
27113	7.8943e-010
27114	7.7889e-010
27115	7.5256e-010
27116	7.3906e-010
27117	7.2384e-010
27118	7.0855e-010
27119	6.9304e-010
27120	6.7291e-010
27121	6.7876e-010
27122	6.4615e-010
27123	6.3996e-010
27124	6.247e-010
27125	6.0451e-010
27126	5.9362e-010
27127	5.7516e-010
27128	6.2486e-010
27129	5.5201e-010
27130	5.4516e-010
27131	5.1749e-010
27132	5.9906e-010
27133	5.0017e-010
27134	4.8264e-010
27135	5.2475e-010
27136	4.9312e-010
27137	4.3679e-010
27138	5.104e-010
27139	4.4879e-010
27140	4.1218e-010
27141	5.1643e-010
27142	3.7214e-010
27143	4.7519e-010
27144	3.7564e-010
27145	3.9085e-010
27146	4.0295e-010
27147	3.5208e-010
27148	4.0015e-010
27149	3.289e-010
27150	3.8349e-010
27151	3.1794e-010
27152	3.5265e-010
27153	3.1733e-010
27154	3.1117e-010
27155	3.2376e-010
27156	2.6146e-010
27157	3.4315e-010
27158	2.2827e-010
27159	3.048e-010
27160	2.41e-010
27161	2.2828e-010
27162	4.323e-010
27163	2.6429e-010
27164	4.6279e-010
27165	7.9511e-010
27166	9.2447e-010
27167	8.8719e-010
27168	1.2159e-009
27169	2.315e-009
27170	2.165e-009
27171	6.6313e-011
27172	4.8198e-011
27173	1.2165e-010
27174	1.8814e-010
27175	1.9266e-010
27176	2.0201e-010
27177	2.0658e-010
27178	2.0663e-010
27179	2.2145e-010
27180	2.1847e-010
27181	2.2547e-010
27182	2.3528e-010
27183	2.3251e-010
27184	2.4831e-010
27185	2.4486e-010
27186	2.5607e-010
27187	2.5981e-010
27188	2.6545e-010
27189	2.7405e-010
27190	2.7654e-010
27191	2.8769e-010
27192	2.8936e-010
27193	3.0095e-010
27194	3.0382e-010
27195	3.1374e-010
27196	3.1955e-010
27197	3.258e-010
27198	3.3726e-010
27199	3.3876e-010
27200	3.5419e-010
27201	3.5568e-010
27202	3.6569e-010
27203	3.7687e-010
27204	3.8059e-010
27205	3.921e-010
27206	4.0221e-010
27207	4.0796e-010
27208	4.1778e-010
27209	4.3178e-010
27210	4.3672e-010
27211	4.4746e-010
27212	4.5887e-010
27213	4.7397e-010
27214	4.8162e-010
27215	4.9243e-010
27216	5.0352e-010
27217	5.1538e-010
27218	5.2716e-010
27219	5.3832e-010
27220	5.5251e-010
27221	5.6313e-010
27222	5.7627e-010
27223	5.893e-010
27224	6.0249e-010
27225	6.1581e-010
27226	6.2944e-010
27227	6.4569e-010
27228	6.5943e-010
27229	6.7429e-010
27230	6.8931e-010
27231	7.0312e-010
27232	7.18e-010
27233	7.3929e-010
27234	7.601e-010
27235	7.654e-010
27236	7.6249e-010
27237	7.5834e-010
27238	7.3865e-010
27239	7.1641e-010
27240	7.0164e-010
27241	6.8955e-010
27242	6.7502e-010
27243	6.6087e-010
27244	6.4959e-010
27245	6.3125e-010
27246	6.1861e-010
27247	6.0591e-010
27248	5.9289e-010
27249	5.7998e-010
27250	5.658e-010
27251	5.6339e-010
27252	5.4305e-010
27253	5.3469e-010
27254	5.2262e-010
27255	5.0811e-010
27256	4.9832e-010
27257	4.8746e-010
27258	5.0877e-010
27259	4.6832e-010
27260	4.5779e-010
27261	4.4398e-010
27262	4.8397e-010
27263	4.2668e-010
27264	4.1265e-010
27265	4.2955e-010
27266	4.0905e-010
27267	3.7945e-010
27268	4.1324e-010
27269	3.7777e-010
27270	3.5928e-010
27271	4.1208e-010
27272	3.3303e-010
27273	3.8103e-010
27274	3.2179e-010
27275	3.2692e-010
27276	3.3253e-010
27277	3.0215e-010
27278	3.2532e-010
27279	2.8458e-010
27280	3.1179e-010
27281	2.7285e-010
27282	2.8902e-010
27283	2.6635e-010
27284	2.5953e-010
27285	2.6357e-010
27286	2.2544e-010
27287	2.7119e-010
27288	1.9916e-010
27289	2.395e-010
27290	1.9491e-010
27291	2.0367e-010
27292	3.3523e-010
27293	2.403e-010
27294	4.1306e-010
27295	6.9789e-010
27296	7.8233e-010
27297	8.4384e-010
27298	1.0116e-009
27299	1.8377e-009
27300	1.7935e-009
27301	6.6333e-011
27302	4.8197e-011
27303	1.2163e-010
27304	1.881e-010
27305	1.9265e-010
27306	2.0197e-010
27307	2.0652e-010
27308	2.0658e-010
27309	2.2136e-010
27310	2.184e-010
27311	2.2543e-010
27312	2.3526e-010
27313	2.3247e-010
27314	2.483e-010
27315	2.4482e-010
27316	2.5596e-010
27317	2.597e-010
27318	2.6529e-010
27319	2.7395e-010
27320	2.7657e-010
27321	2.8776e-010
27322	2.8935e-010
27323	3.0085e-010
27324	3.0359e-010
27325	3.1354e-010
27326	3.1945e-010
27327	3.2565e-010
27328	3.3708e-010
27329	3.3856e-010
27330	3.5402e-010
27331	3.5552e-010
27332	3.6552e-010
27333	3.768e-010
27334	3.8051e-010
27335	3.9197e-010
27336	4.02e-010
27337	4.0771e-010
27338	4.1744e-010
27339	4.3139e-010
27340	4.3633e-010
27341	4.4696e-010
27342	4.5839e-010
27343	4.7363e-010
27344	4.8128e-010
27345	4.9219e-010
27346	5.032e-010
27347	5.1509e-010
27348	5.2681e-010
27349	5.382e-010
27350	5.5241e-010
27351	5.6297e-010
27352	5.7618e-010
27353	5.8918e-010
27354	6.0261e-010
27355	6.1605e-010
27356	6.2976e-010
27357	6.4593e-010
27358	6.5958e-010
27359	6.7474e-010
27360	6.8982e-010
27361	7.036e-010
27362	7.1881e-010
27363	7.3988e-010
27364	7.6068e-010
27365	7.6618e-010
27366	7.6289e-010
27367	7.6055e-010
27368	7.4128e-010
27369	7.169e-010
27370	7.0199e-010
27371	6.8962e-010
27372	6.7536e-010
27373	6.6119e-010
27374	6.4973e-010
27375	6.3115e-010
27376	6.1865e-010
27377	6.0591e-010
27378	5.9285e-010
27379	5.799e-010
27380	5.6573e-010
27381	5.6328e-010
27382	5.4279e-010
27383	5.3444e-010
27384	5.2215e-010
27385	5.0752e-010
27386	4.9803e-010
27387	4.8652e-010
27388	5.0869e-010
27389	4.6733e-010
27390	4.573e-010
27391	4.4476e-010
27392	4.7909e-010
27393	4.2777e-010
27394	4.127e-010
27395	4.2991e-010
27396	4.0953e-010
27397	3.8013e-010
27398	4.1387e-010
27399	3.7862e-010
27400	3.6012e-010
27401	4.1269e-010
27402	3.3373e-010
27403	3.8154e-010
27404	3.2234e-010
27405	3.2752e-010
27406	3.3305e-010
27407	3.027e-010
27408	3.259e-010
27409	2.852e-010
27410	3.1242e-010
27411	2.7349e-010
27412	2.8968e-010
27413	2.669e-010
27414	2.5996e-010
27415	2.639e-010
27416	2.256e-010
27417	2.7116e-010
27418	1.991e-010
27419	2.3941e-010
27420	1.9479e-010
27421	2.0374e-010
27422	3.3536e-010
27423	2.4048e-010
27424	4.1318e-010
27425	6.9805e-010
27426	7.8294e-010
27427	8.4432e-010
27428	1.0121e-009
27429	1.838e-009
27430	1.7935e-009
27431	1.3821e-010
27432	1.1097e-010
27433	1.7155e-010
27434	2.266e-010
27435	2.2981e-010
27436	2.4155e-010
27437	2.4694e-010
27438	2.4538e-010
27439	2.6636e-010
27440	2.5971e-010
27441	2.6877e-010
27442	2.8236e-010
27443	2.7515e-010
27444	2.9884e-010
27445	2.9036e-010
27446	3.0662e-010
27447	3.1004e-010
27448	3.1646e-010
27449	3.2815e-010
27450	3.2883e-010
27451	3.4506e-010
27452	3.438e-010
27453	3.6076e-010
27454	3.6129e-010
27455	3.7517e-010
27456	3.8124e-010
27457	3.8778e-010
27458	4.0453e-010
27459	4.0158e-010
27460	4.2594e-010
27461	4.2273e-010
27462	4.3617e-010
27463	4.5198e-010
27464	4.5233e-010
27465	4.6838e-010
27466	4.8156e-010
27467	4.8551e-010
27468	4.9753e-010
27469	5.1796e-010
27470	5.2081e-010
27471	5.351e-010
27472	5.4813e-010
27473	5.6824e-010
27474	5.7488e-010
27475	5.8803e-010
27476	6.0099e-010
27477	6.1582e-010
27478	6.3015e-010
27479	6.4294e-010
27480	6.6176e-010
27481	6.7233e-010
27482	6.8856e-010
27483	7.0408e-010
27484	7.2011e-010
27485	7.3657e-010
27486	7.5247e-010
27487	7.735e-010
27488	7.8861e-010
27489	8.0688e-010
27490	8.2495e-010
27491	8.3919e-010
27492	8.5631e-010
27493	8.8583e-010
27494	9.1653e-010
27495	9.1014e-010
27496	9.0669e-010
27497	9.1784e-010
27498	8.8873e-010
27499	8.5225e-010
27500	8.3527e-010
27501	8.2394e-010
27502	8.0695e-010
27503	7.8918e-010
27504	7.7886e-010
27505	7.5266e-010
27506	7.3913e-010
27507	7.2365e-010
27508	7.0823e-010
27509	6.929e-010
27510	6.727e-010
27511	6.7859e-010
27512	6.4584e-010
27513	6.396e-010
27514	6.2454e-010
27515	6.0446e-010
27516	5.9404e-010
27517	5.7405e-010
27518	6.2506e-010
27519	5.5079e-010
27520	5.4443e-010
27521	5.196e-010
27522	5.9045e-010
27523	5.0241e-010
27524	4.8197e-010
27525	5.2499e-010
27526	4.9338e-010
27527	4.3712e-010
27528	5.1094e-010
27529	4.4932e-010
27530	4.1277e-010
27531	5.1717e-010
27532	3.7283e-010
27533	4.7611e-010
27534	3.7645e-010
27535	3.9182e-010
27536	4.039e-010
27537	3.5294e-010
27538	4.0106e-010
27539	3.2961e-010
27540	3.8431e-010
27541	3.1857e-010
27542	3.5333e-010
27543	3.179e-010
27544	3.1179e-010
27545	3.2434e-010
27546	2.6186e-010
27547	3.4327e-010
27548	2.2845e-010
27549	3.0496e-010
27550	2.4104e-010
27551	2.2843e-010
27552	4.3252e-010
27553	2.6433e-010
27554	4.6268e-010
27555	7.9514e-010
27556	9.2502e-010
27557	8.8725e-010
27558	1.2161e-009
27559	2.3156e-009
27560	2.1649e-009
27561	6.6334e-011
27562	4.8197e-011
27563	1.2163e-010
27564	1.8811e-010
27565	1.9264e-010
27566	2.0197e-010
27567	2.0652e-010
27568	2.0658e-010
27569	2.2137e-010
27570	2.1841e-010
27571	2.2543e-010
27572	2.3525e-010
27573	2.3247e-010
27574	2.483e-010
27575	2.4482e-010
27576	2.5595e-010
27577	2.5969e-010
27578	2.6529e-010
27579	2.7395e-010
27580	2.7657e-010
27581	2.8775e-010
27582	2.8935e-010
27583	3.0085e-010
27584	3.0359e-010
27585	3.1354e-010
27586	3.1945e-010
27587	3.2565e-010
27588	3.3708e-010
27589	3.3856e-010
27590	3.5403e-010
27591	3.5552e-010
27592	3.6552e-010
27593	3.768e-010
27594	3.8051e-010
27595	3.9195e-010
27596	4.02e-010
27597	4.0768e-010
27598	4.1764e-010
27599	4.3172e-010
27600	4.3807e-010
27601	4.4963e-010
27602	4.6e-010
27603	4.7357e-010
27604	4.8129e-010
27605	4.9217e-010
27606	5.0322e-010
27607	5.1509e-010
27608	5.2681e-010
27609	5.382e-010
27610	5.524e-010
27611	5.6296e-010
27612	5.7618e-010
27613	5.8917e-010
27614	6.0266e-010
27615	6.1605e-010
27616	6.2976e-010
27617	6.4596e-010
27618	6.5956e-010
27619	6.7473e-010
27620	6.8982e-010
27621	7.0359e-010
27622	7.1884e-010
27623	7.3989e-010
27624	7.6074e-010
27625	7.6588e-010
27626	7.6564e-010
27627	7.6299e-010
27628	7.4191e-010
27629	7.1704e-010
27630	7.0231e-010
27631	6.8969e-010
27632	6.7542e-010
27633	6.6113e-010
27634	6.4972e-010
27635	6.3113e-010
27636	6.1863e-010
27637	6.0589e-010
27638	5.9287e-010
27639	5.7992e-010
27640	5.6572e-010
27641	5.6327e-010
27642	5.4278e-010
27643	5.3442e-010
27644	5.2213e-010
27645	5.0755e-010
27646	4.981e-010
27647	4.8648e-010
27648	5.0878e-010
27649	4.6727e-010
27650	4.5714e-010
27651	4.4504e-010
27652	4.7647e-010
27653	4.2804e-010
27654	4.1255e-010
27655	4.2982e-010
27656	4.0954e-010
27657	3.8013e-010
27658	4.1388e-010
27659	3.7862e-010
27660	3.6011e-010
27661	4.1269e-010
27662	3.3372e-010
27663	3.8154e-010
27664	3.2235e-010
27665	3.2752e-010
27666	3.3307e-010
27667	3.027e-010
27668	3.259e-010
27669	2.852e-010
27670	3.1242e-010
27671	2.7348e-010
27672	2.8969e-010
27673	2.669e-010
27674	2.5996e-010
27675	2.639e-010
27676	2.256e-010
27677	2.7116e-010
27678	1.991e-010
27679	2.3941e-010
27680	1.9479e-010
27681	2.0375e-010
27682	3.3536e-010
27683	2.4048e-010
27684	4.132e-010
27685	6.9805e-010
27686	7.8293e-010
27687	8.4432e-010
27688	1.0121e-009
27689	1.838e-009
27690	1.7935e-009
27691	6.6312e-011
27692	4.8202e-011
27693	1.2164e-010
27694	1.8813e-010
27695	1.9264e-010
27696	2.0201e-010
27697	2.0658e-010
27698	2.0663e-010
27699	2.2143e-010
27700	2.1846e-010
27701	2.2547e-010
27702	2.3528e-010
27703	2.325e-010
27704	2.4833e-010
27705	2.4486e-010
27706	2.5608e-010
27707	2.5983e-010
27708	2.6543e-010
27709	2.7406e-010
27710	2.7653e-010
27711	2.8767e-010
27712	2.8935e-010
27713	3.0099e-010
27714	3.038e-010
27715	3.1372e-010
27716	3.1957e-010
27717	3.258e-010
27718	3.3728e-010
27719	3.3874e-010
27720	3.5418e-010
27721	3.5568e-010
27722	3.6569e-010
27723	3.7687e-010
27724	3.8058e-010
27725	3.9211e-010
27726	4.0219e-010
27727	4.0802e-010
27728	4.1882e-010
27729	4.3424e-010
27730	4.3926e-010
27731	4.4993e-010
27732	4.6028e-010
27733	4.7388e-010
27734	4.8159e-010
27735	4.9243e-010
27736	5.0359e-010
27737	5.1537e-010
27738	5.2714e-010
27739	5.3837e-010
27740	5.5253e-010
27741	5.6316e-010
27742	5.7625e-010
27743	5.8928e-010
27744	6.0249e-010
27745	6.1584e-010
27746	6.294e-010
27747	6.457e-010
27748	6.5942e-010
27749	6.7429e-010
27750	6.8937e-010
27751	7.031e-010
27752	7.1796e-010
27753	7.3928e-010
27754	7.6012e-010
27755	7.6509e-010
27756	7.6471e-010
27757	7.6207e-010
27758	7.4271e-010
27759	7.1983e-010
27760	7.0347e-010
27761	6.8916e-010
27762	6.7489e-010
27763	6.6086e-010
27764	6.4964e-010
27765	6.3128e-010
27766	6.1865e-010
27767	6.0588e-010
27768	5.9292e-010
27769	5.8e-010
27770	5.658e-010
27771	5.6338e-010
27772	5.4303e-010
27773	5.3467e-010
27774	5.2249e-010
27775	5.0781e-010
27776	4.9809e-010
27777	4.8725e-010
27778	5.0874e-010
27779	4.6805e-010
27780	4.5753e-010
27781	4.439e-010
27782	4.8107e-010
27783	4.2676e-010
27784	4.1255e-010
27785	4.2953e-010
27786	4.0904e-010
27787	3.7946e-010
27788	4.1327e-010
27789	3.7776e-010
27790	3.593e-010
27791	4.1207e-010
27792	3.3305e-010
27793	3.8102e-010
27794	3.2177e-010
27795	3.2694e-010
27796	3.3253e-010
27797	3.0215e-010
27798	3.2531e-010
27799	2.8457e-010
27800	3.1179e-010
27801	2.7284e-010
27802	2.8907e-010
27803	2.6634e-010
27804	2.5953e-010
27805	2.6358e-010
27806	2.2544e-010
27807	2.7122e-010
27808	1.9915e-010
27809	2.3949e-010
27810	1.949e-010
27811	2.0369e-010
27812	3.3522e-010
27813	2.403e-010
27814	4.1307e-010
27815	6.9787e-010
27816	7.8236e-010
27817	8.4382e-010
27818	1.0116e-009
27819	1.8377e-009
27820	1.7935e-009
27821	1.3822e-010
27822	1.1098e-010
27823	1.716e-010
27824	2.2668e-010
27825	2.2995e-010
27826	2.4179e-010
27827	2.4717e-010
27828	2.4552e-010
27829	2.6646e-010
27830	2.5981e-010
27831	2.6899e-010
27832	2.8256e-010
27833	2.7535e-010
27834	2.99e-010
27835	2.905e-010
27836	3.0675e-010
27837	3.1018e-010
27838	3.1667e-010
27839	3.2843e-010
27840	3.2912e-010
27841	3.4533e-010
27842	3.4404e-010
27843	3.6102e-010
27844	3.6162e-010
27845	3.756e-010
27846	3.8161e-010
27847	3.8814e-010
27848	4.0482e-010
27849	4.0174e-010
27850	4.2601e-010
27851	4.2281e-010
27852	4.3633e-010
27853	4.5215e-010
27854	4.5262e-010
27855	4.6878e-010
27856	4.8185e-010
27857	4.8594e-010
27858	4.996e-010
27859	5.2239e-010
27860	5.2405e-010
27861	5.3762e-010
27862	5.4951e-010
27863	5.6855e-010
27864	5.7534e-010
27865	5.8867e-010
27866	6.0188e-010
27867	6.1652e-010
27868	6.3064e-010
27869	6.433e-010
27870	6.6198e-010
27871	6.727e-010
27872	6.8914e-010
27873	7.0489e-010
27874	7.2058e-010
27875	7.3663e-010
27876	7.5201e-010
27877	7.7299e-010
27878	7.8836e-010
27879	8.0652e-010
27880	8.2471e-010
27881	8.3891e-010
27882	8.5585e-010
27883	8.8542e-010
27884	9.16e-010
27885	9.0894e-010
27886	9.0766e-010
27887	9.1884e-010
27888	8.9165e-010
27889	8.5831e-010
27890	8.3943e-010
27891	8.2689e-010
27892	8.084e-010
27893	7.8957e-010
27894	7.7886e-010
27895	7.5258e-010
27896	7.3907e-010
27897	7.238e-010
27898	7.0855e-010
27899	6.9305e-010
27900	6.7291e-010
27901	6.7877e-010
27902	6.4616e-010
27903	6.3997e-010
27904	6.2485e-010
27905	6.0482e-010
27906	5.9392e-010
27907	5.7527e-010
27908	6.2472e-010
27909	5.5201e-010
27910	5.4465e-010
27911	5.1852e-010
27912	5.9786e-010
27913	5.0124e-010
27914	4.8224e-010
27915	5.2481e-010
27916	4.9309e-010
27917	4.3681e-010
27918	5.104e-010
27919	4.488e-010
27920	4.1219e-010
27921	5.1644e-010
27922	3.7215e-010
27923	4.7519e-010
27924	3.7562e-010
27925	3.9085e-010
27926	4.0295e-010
27927	3.5208e-010
27928	4.0015e-010
27929	3.289e-010
27930	3.835e-010
27931	3.1794e-010
27932	3.5266e-010
27933	3.1732e-010
27934	3.1118e-010
27935	3.2375e-010
27936	2.6146e-010
27937	3.4315e-010
27938	2.2826e-010
27939	3.0479e-010
27940	2.41e-010
27941	2.2828e-010
27942	4.323e-010
27943	2.643e-010
27944	4.6279e-010
27945	7.9512e-010
27946	9.2447e-010
27947	8.872e-010
27948	1.2159e-009
27949	2.315e-009
27950	2.165e-009
27951	6.6297e-011
27952	4.8181e-011
27953	1.2167e-010
27954	1.8816e-010
27955	1.9267e-010
27956	2.0196e-010
27957	2.0653e-010
27958	2.0658e-010
27959	2.2138e-010
27960	2.1838e-010
27961	2.2539e-010
27962	2.3521e-010
27963	2.3245e-010
27964	2.483e-010
27965	2.4486e-010
27966	2.5609e-010
27967	2.5991e-010
27968	2.6555e-010
27969	2.7423e-010
27970	2.7673e-010
27971	2.8785e-010
27972	2.894e-010
27973	3.0087e-010
27974	3.0369e-010
27975	3.1368e-010
27976	3.1964e-010
27977	3.2591e-010
27978	3.3731e-010
27979	3.3883e-010
27980	3.5427e-010
27981	3.5579e-010
27982	3.657e-010
27983	3.7691e-010
27984	3.8069e-010
27985	3.9235e-010
27986	4.0245e-010
27987	4.0814e-010
27988	4.1891e-010
27989	4.3456e-010
27990	4.3966e-010
27991	4.5013e-010
27992	4.6026e-010
27993	4.7381e-010
27994	4.817e-010
27995	4.9258e-010
27996	5.0384e-010
27997	5.1558e-010
27998	5.2723e-010
27999	5.3851e-010
28000	5.5277e-010
28001	5.6327e-010
28002	5.7649e-010
28003	5.8968e-010
28004	6.0274e-010
28005	6.162e-010
28006	6.2955e-010
28007	6.4554e-010
28008	6.5916e-010
28009	6.7406e-010
28010	6.8919e-010
28011	7.0284e-010
28012	7.1775e-010
28013	7.3912e-010
28014	7.5992e-010
28015	7.6476e-010
28016	7.6456e-010
28017	7.621e-010
28018	7.4272e-010
28019	7.2029e-010
28020	7.0534e-010
28021	6.9345e-010
28022	6.7673e-010
28023	6.6116e-010
28024	6.4949e-010
28025	6.3105e-010
28026	6.1856e-010
28027	6.0567e-010
28028	5.9292e-010
28029	5.7991e-010
28030	5.6579e-010
28031	5.6331e-010
28032	5.4308e-010
28033	5.3485e-010
28034	5.2305e-010
28035	5.0863e-010
28036	4.9889e-010
28037	4.8775e-010
28038	5.0859e-010
28039	4.6825e-010
28040	4.5785e-010
28041	4.4378e-010
28042	4.8376e-010
28043	4.2666e-010
28044	4.1289e-010
28045	4.2966e-010
28046	4.0921e-010
28047	3.7962e-010
28048	4.1325e-010
28049	3.778e-010
28050	3.5924e-010
28051	4.1185e-010
28052	3.3283e-010
28053	3.8068e-010
28054	3.2151e-010
28055	3.2653e-010
28056	3.3214e-010
28057	3.0169e-010
28058	3.2486e-010
28059	2.8409e-010
28060	3.1132e-010
28061	2.7237e-010
28062	2.8871e-010
28063	2.6603e-010
28064	2.5924e-010
28065	2.6335e-010
28066	2.2529e-010
28067	2.7106e-010
28068	1.9917e-010
28069	2.3934e-010
28070	1.9497e-010
28071	2.0393e-010
28072	3.3533e-010
28073	2.4041e-010
28074	4.1289e-010
28075	6.976e-010
28076	7.8236e-010
28077	8.4369e-010
28078	1.0117e-009
28079	1.8377e-009
28080	1.7928e-009
