cellnumber,    x-coordinate,    y-coordinate,    z-coordinate,    x-coordinate,    y-coordinate,    z-coordinate,face-area-magnitude,        pressure,  total-pressure,     temperature,         density,      z-velocity,velocity-magnitude,        enthalpy
         1,-4.631140269E-03,-3.101762384E-03, 6.000000238E-01,-4.641567575E-03,-3.103176171E-03, 5.966666667E-01, 6.164973525E-07, 0.000000000E+00, 5.156325776E+02, 3.487928124E+02, 1.012052197E+00, 3.184731036E+01, 3.184731120E+01, 5.104489267E+04
         2,-3.949485254E-03,-3.015428782E-03, 6.000000238E-01,-3.943734986E-03,-3.013379239E-03, 5.966666667E-01, 4.123595895E-07, 0.000000000E+00, 5.406462716E+02, 3.437097473E+02, 1.027019266E+00, 3.237579359E+01, 3.237579444E+01, 4.591684218E+04
         3,-4.820572678E-03,-2.384747379E-03, 6.000000238E-01,-4.832235626E-03,-2.385056029E-03, 5.966666667E-01, 6.213272719E-07, 0.000000000E+00, 5.237797290E+02, 3.471297774E+02, 1.016900754E+00, 3.202254253E+01, 3.202254339E+01, 4.936702596E+04
         4,-4.288387485E-03,-3.764230292E-03, 6.000000238E-01,-4.296900333E-03,-3.769029306E-03, 5.966666667E-01, 6.119995882E-07, 0.000000000E+00, 5.098685348E+02, 3.499879450E+02, 1.008596260E+00, 3.172213592E+01, 3.172213673E+01, 5.225075232E+04
         5,-5.272400565E-03,-3.528956324E-03, 6.000000238E-01,-5.279567770E-03,-3.528197927E-03, 5.966666667E-01, 5.803211172E-07, 0.000000000E+00, 4.803532849E+02, 3.560228736E+02, 9.914995875E-01, 3.104988114E+01, 3.104988178E+01, 5.834180895E+04
         6,-3.674950916E-03,-3.674950916E-03, 6.000000238E-01,-3.669488865E-03,-3.669488865E-03, 5.966666667E-01, 2.438993344E-07, 0.000000000E+00, 5.315408237E+02, 3.455834165E+02, 1.021451017E+00, 3.218807872E+01, 3.218807952E+01, 4.780697315E+04
         7,-3.240047488E-03,-3.240047721E-03, 6.000000238E-01,-3.237190572E-03,-3.237190572E-03, 5.966666667E-01, 5.500287908E-07, 0.000000000E+00, 5.552070571E+02, 3.408032192E+02, 1.035778163E+00, 3.267190208E+01, 3.267190293E+01, 4.298505551E+04
         8,-4.082478583E-03,-2.305219183E-03, 6.000000238E-01,-4.076842442E-03,-2.305268602E-03, 5.966666667E-01, 4.709030643E-07, 0.000000000E+00, 5.511076141E+02, 3.416061942E+02, 1.033343476E+00, 3.258883147E+01, 3.258883233E+01, 4.379497489E+04
         9,-4.914961755E-03,-1.674166066E-03, 6.000000238E-01,-4.928066155E-03,-1.674595543E-03, 5.966666667E-01, 6.239987061E-07, 0.000000000E+00, 5.312168806E+02, 3.456213230E+02, 1.021338988E+00, 3.218003695E+01, 3.218003783E+01, 4.784521412E+04
        10,-5.542861763E-03,-2.739628311E-03, 6.000000238E-01,-5.550517885E-03,-2.737968237E-03, 5.966666667E-01, 5.907096666E-07, 0.000000000E+00, 4.882002500E+02, 3.543974047E+02, 9.960471706E-01, 3.123224539E+01, 3.123224606E+01, 5.670086402E+04
        11,-3.764230292E-03,-4.288387485E-03, 6.000000238E-01,-3.769029306E-03,-4.296900333E-03, 5.966666667E-01, 6.119995882E-07, 0.000000000E+00, 5.098685348E+02, 3.499879450E+02, 1.008596260E+00, 3.172213592E+01, 3.172213673E+01, 5.225075232E+04
        12,-4.850606434E-03,-4.256685730E-03, 6.000000238E-01,-4.856256533E-03,-4.258977071E-03, 5.966666667E-01, 5.724605274E-07, 0.000000000E+00, 4.748322270E+02, 3.571716003E+02, 9.883107504E-01, 3.091974814E+01, 3.091974875E+01, 5.950163204E+04
        13,-5.802772939E-03,-3.882278688E-03, 6.000000238E-01,-5.808105861E-03,-3.880298426E-03, 5.966666667E-01, 5.281486930E-07, 0.000000000E+00, 4.465912872E+02, 3.630489757E+02, 9.723110541E-01, 3.022682183E+01, 3.022682231E+01, 6.543784608E+04
        14,-3.015429014E-03,-3.949485254E-03, 6.000000238E-01,-3.013379239E-03,-3.943734986E-03, 5.966666667E-01, 4.123595895E-07, 0.000000000E+00, 5.406462716E+02, 3.437097473E+02, 1.027019266E+00, 3.237579359E+01, 3.237579444E+01, 4.591684218E+04
        15,-2.479922492E-03,-3.348860424E-03, 6.000000238E-01,-2.479012602E-03,-3.345823492E-03, 5.966666667E-01, 5.886253745E-07, 0.000000000E+00, 5.697134148E+02, 3.379056763E+02, 1.044659966E+00, 3.295694819E+01, 3.295694904E+01, 4.006266858E+04
        16,-3.348860657E-03,-2.479922492E-03, 6.000000238E-01,-3.345823492E-03,-2.479012602E-03, 5.966666667E-01, 5.886253745E-07, 0.000000000E+00, 5.697134148E+02, 3.379056763E+02, 1.044659966E+00, 3.295694819E+01, 3.295694904E+01, 4.006266858E+04
        17,-4.133446608E-03,-1.609289320E-03, 6.000000238E-01,-4.127739223E-03,-1.610079647E-03, 5.966666667E-01, 4.677851922E-07, 0.000000000E+00, 5.601054716E+02, 3.398065075E+02, 1.038816281E+00, 3.276837054E+01, 3.276837141E+01, 4.197975998E+04
        18,-4.959166050E-03,-9.899165016E-04, 6.000000238E-01,-4.973614299E-03,-9.904304461E-04, 5.966666667E-01, 6.248118250E-07, 0.000000000E+00, 5.364661620E+02, 3.445607491E+02, 1.024482717E+00, 3.228974366E+01, 3.228974455E+01, 4.677530332E+04
        19,-5.708118435E-03,-1.942398725E-03, 6.000000238E-01,-5.716232548E-03,-1.941140455E-03, 5.966666667E-01, 5.992703727E-07, 0.000000000E+00, 4.953707898E+02, 3.529189867E+02, 1.000219726E+00, 3.139626134E+01, 3.139626205E+01, 5.520859939E+04
        20,-6.140251178E-03,-3.033142304E-03, 6.000000238E-01,-6.145686613E-03,-3.030391317E-03, 5.966666667E-01, 5.411145742E-07, 0.000000000E+00, 4.541231347E+02, 3.614620749E+02, 9.765797209E-01, 3.041537541E+01, 3.041537593E+01, 6.383471835E+04
        21,-3.101762384E-03,-4.631140269E-03, 6.000000238E-01,-3.103176171E-03,-4.641567575E-03, 5.966666667E-01, 6.164973525E-07, 0.000000000E+00, 5.156325776E+02, 3.487928124E+02, 1.012052197E+00, 3.184731036E+01, 3.184731120E+01, 5.104489267E+04
        22,-4.256685730E-03,-4.850606434E-03, 6.000000238E-01,-4.258977071E-03,-4.856256533E-03, 5.966666667E-01, 5.724605274E-07, 0.000000000E+00, 4.748322270E+02, 3.571716003E+02, 9.883107504E-01, 3.091974814E+01, 3.091974875E+01, 5.950163204E+04
        23,-5.315604620E-03,-4.663984291E-03, 6.000000238E-01,-5.319612649E-03,-4.664837046E-03, 5.966666667E-01, 5.188149762E-07, 0.000000000E+00, 4.412682011E+02, 3.641751308E+02, 9.693043331E-01, 3.009168901E+01, 3.009168945E+01, 6.657566946E+04
        24,-6.241431925E-03,-4.174503498E-03, 6.000000238E-01,-6.245685863E-03,-4.171804640E-03, 5.966666667E-01, 4.697765035E-07, 0.000000000E+00, 4.142411135E+02, 3.699109816E+02, 9.542742708E-01, 2.937887286E+01, 2.937887320E+01, 7.237291860E+04
        25,-2.305219183E-03,-4.082478583E-03, 6.000000238E-01,-2.305268602E-03,-4.076842442E-03, 5.966666667E-01, 4.709030643E-07, 0.000000000E+00, 5.511076141E+02, 3.416061942E+02, 1.033343476E+00, 3.258883147E+01, 3.258883233E+01, 4.379497489E+04
        26,-1.734077465E-03,-3.390561556E-03, 6.000000238E-01,-1.734003159E-03,-3.387419836E-03, 5.966666667E-01, 5.748591436E-07, 0.000000000E+00, 5.814131146E+02, 3.355797109E+02, 1.051900698E+00, 3.318037316E+01, 3.318037398E+01, 3.771700301E+04
        27,-2.564554801E-03,-2.564554801E-03, 6.000000238E-01,-2.563381748E-03,-2.563381748E-03, 5.966666667E-01, 6.168069242E-07, 0.000000000E+00, 5.872662292E+02, 3.344252441E+02, 1.055531957E+00, 3.329030684E+01, 3.329030764E+01, 3.655283858E+04
        28,-3.390561556E-03,-1.734077465E-03, 6.000000238E-01,-3.387419836E-03,-1.734003159E-03, 5.966666667E-01, 5.748591436E-07, 0.000000000E+00, 5.814131146E+02, 3.355797109E+02, 1.051900698E+00, 3.318037316E+01, 3.318037398E+01, 3.771700301E+04
        29,-4.148196895E-03,-9.474668186E-04, 6.000000238E-01,-4.142269384E-03,-9.481934315E-04, 5.966666667E-01, 4.491128626E-07, 0.000000000E+00, 5.663089673E+02, 3.385695413E+02, 1.042611603E+00, 3.289014214E+01, 3.289014301E+01, 4.073219602E+04
        30,-4.976690281E-03,-3.273406764E-04, 6.000000238E-01,-4.991929244E-03,-3.275688199E-04, 5.966666667E-01, 6.248665610E-07, 0.000000000E+00, 5.391159670E+02, 3.440265390E+02, 1.026073550E+00, 3.234466479E+01, 3.234466569E+01, 4.623640723E+04
        31,-5.803687032E-03,-1.157293795E-03, 6.000000238E-01,-5.812276806E-03,-1.156646757E-03, 5.966666667E-01, 6.047273891E-07, 0.000000000E+00, 5.004363191E+02, 3.518782626E+02, 1.003178002E+00, 3.151063038E+01, 3.151063111E+01, 5.415825915E+04
        32,-6.364120636E-03,-2.164247679E-03, 6.000000238E-01,-6.369491644E-03,-2.162061938E-03, 5.966666667E-01, 5.525395406E-07, 0.000000000E+00, 4.610060611E+02, 3.600182679E+02, 9.804961684E-01, 3.058500364E+01, 3.058500419E+01, 6.237636640E+04
        33,-6.634338293E-03,-3.275901079E-03, 6.000000238E-01,-6.638481184E-03,-3.272515104E-03, 5.966666667E-01, 4.834921837E-07, 0.000000000E+00, 4.214634265E+02, 3.683584910E+02, 9.582961732E-01, 2.957315457E+01, 2.957315494E+01, 7.080348487E+04
        34,-2.384747379E-03,-4.820573144E-03, 6.000000238E-01,-2.385056029E-03,-4.832235626E-03, 5.966666667E-01, 6.213272719E-07, 0.000000000E+00, 5.237797290E+02, 3.471297774E+02, 1.016900754E+00, 3.202254253E+01, 3.202254339E+01, 4.936702596E+04
        35,-3.528956091E-03,-5.272400565E-03, 6.000000238E-01,-3.528197927E-03,-5.279567770E-03, 5.966666667E-01, 5.803211172E-07, 0.000000000E+00, 4.803532849E+02, 3.560228736E+02, 9.914995875E-01, 3.104988114E+01, 3.104988178E+01, 5.834180895E+04
        36,-4.663984291E-03,-5.315604620E-03, 6.000000238E-01,-4.664837046E-03,-5.319612649E-03, 5.966666667E-01, 5.188149762E-07, 0.000000000E+00, 4.412682011E+02, 3.641751308E+02, 9.693043331E-01, 3.009168901E+01, 3.009168945E+01, 6.657566946E+04
        37,-5.700194743E-03,-5.000852048E-03, 6.000000238E-01,-5.703217361E-03,-5.000841674E-03, 5.966666667E-01, 4.601192732E-07, 0.000000000E+00, 4.091631315E+02, 3.710074763E+02, 9.514539593E-01, 2.924039891E+01, 2.924039922E+01, 7.348152507E+04
        38,-6.604237016E-03,-4.416196141E-03, 6.000000238E-01,-6.607837751E-03,-4.413062295E-03, 5.966666667E-01, 4.110857695E-07, 0.000000000E+00, 3.831339698E+02, 3.766561462E+02, 9.371851112E-01, 2.850375117E+01, 2.850375141E+01, 7.919449482E+04
        39,-1.609289320E-03,-4.133446608E-03, 6.000000238E-01,-1.610079647E-03,-4.127739223E-03, 5.966666667E-01, 4.677851922E-07, 0.000000000E+00, 5.601054716E+02, 3.398065075E+02, 1.038816281E+00, 3.276837054E+01, 3.276837141E+01, 4.197975998E+04
        40,-1.022339682E-03,-3.402630100E-03, 6.000000238E-01,-1.022470806E-03,-3.399358916E-03, 5.966666667E-01, 5.509921557E-07, 0.000000000E+00, 5.893018229E+02, 3.340171341E+02, 1.056821630E+00, 3.332785050E+01, 3.332785129E+01, 3.614131316E+04
        41,-1.794529031E-03,-2.596989041E-03, 6.000000238E-01,-1.794210060E-03,-2.595738055E-03, 5.966666667E-01, 5.990847424E-07, 0.000000000E+00, 6.012003889E+02, 3.316743412E+02, 1.064286526E+00, 3.354584186E+01, 3.354584257E+01, 3.377904265E+04
        42,-2.596989041E-03,-1.794529031E-03, 6.000000238E-01,-2.595738055E-03,-1.794210060E-03, 5.966666667E-01, 5.990847424E-07, 0.000000000E+00, 6.012003889E+02, 3.316743412E+02, 1.064286526E+00, 3.354584186E+01, 3.354584257E+01, 3.377904265E+04
        43,-3.402630100E-03,-1.022339682E-03, 6.000000238E-01,-3.399358916E-03,-1.022470806E-03, 5.966666667E-01, 5.509921557E-07, 0.000000000E+00, 5.893018229E+02, 3.340171341E+02, 1.056821630E+00, 3.332785050E+01, 3.332785129E+01, 3.614131316E+04
        44,-4.150846042E-03,-3.125824442E-04, 6.000000238E-01,-4.144747570E-03,-3.128621781E-04, 5.966666667E-01, 4.363359312E-07, 0.000000000E+00, 5.694115813E+02, 3.379519950E+02, 1.044516788E+00, 3.295043566E+01, 3.295043652E+01, 4.010938177E+04
        45,-4.976690281E-03, 3.273406764E-04, 6.000000238E-01,-4.991929244E-03, 3.275688199E-04, 5.966666667E-01, 6.248665610E-07, 0.000000000E+00, 5.391159670E+02, 3.440265390E+02, 1.026073550E+00, 3.234466479E+01, 3.234466569E+01, 4.623640723E+04
        46,-5.847949069E-03,-3.842446313E-04, 6.000000238E-01,-5.856836426E-03,-3.840579255E-04, 5.966666667E-01, 6.072854638E-07, 0.000000000E+00, 5.029952047E+02, 3.513536463E+02, 1.004675876E+00, 3.156793728E+01, 3.156793802E+01, 5.362883654E+04
        47,-6.502171047E-03,-1.295728027E-03, 6.000000238E-01,-6.507559797E-03,-1.294446376E-03, 5.966666667E-01, 5.603257899E-07, 0.000000000E+00, 4.658700236E+02, 3.590014972E+02, 9.832731480E-01, 3.070335643E+01, 3.070335700E+01, 6.134947779E+04
        48,-6.906685419E-03,-2.347734291E-03, 6.000000238E-01,-6.910461705E-03,-2.345009116E-03, 5.966666667E-01, 4.959134699E-07, 0.000000000E+00, 4.280655431E+02, 3.669459646E+02, 9.619850504E-01, 2.974804498E+01, 2.974804538E+01, 6.937575236E+04
        49,-7.042986341E-03,-3.476681421E-03, 6.000000238E-01,-7.046353416E-03,-3.472914165E-03, 5.966666667E-01, 4.244763245E-07, 0.000000000E+00, 3.900698921E+02, 3.751301564E+02, 9.409974811E-01, 2.870393500E+01, 2.870393526E+01, 7.765081984E+04
        50,-1.674166066E-03,-4.914961755E-03, 6.000000238E-01,-1.674595543E-03,-4.928066155E-03, 5.966666667E-01, 6.239987061E-07, 0.000000000E+00, 5.312168806E+02, 3.456213230E+02, 1.021338988E+00, 3.218003695E+01, 3.218003783E+01, 4.784521412E+04
        51,-2.739628311E-03,-5.542861763E-03, 6.000000238E-01,-2.737968237E-03,-5.550517885E-03, 5.966666667E-01, 5.907096666E-07, 0.000000000E+00, 4.882002500E+02, 3.543974047E+02, 9.960471706E-01, 3.123224539E+01, 3.123224606E+01, 5.670086402E+04
        52,-3.882278688E-03,-5.802772939E-03, 6.000000238E-01,-3.880298426E-03,-5.808105861E-03, 5.966666667E-01, 5.281486930E-07, 0.000000000E+00, 4.465912872E+02, 3.630489757E+02, 9.723110541E-01, 3.022682183E+01, 3.022682231E+01, 6.543784608E+04
        53,-5.000852048E-03,-5.700194743E-03, 6.000000238E-01,-5.000841674E-03,-5.703217361E-03, 5.966666667E-01, 4.601192732E-07, 0.000000000E+00, 4.091631315E+02, 3.710074763E+02, 9.514539593E-01, 2.924039891E+01, 2.924039922E+01, 7.348152507E+04
        54,-6.018280052E-03,-5.279466975E-03, 6.000000238E-01,-6.020694031E-03,-5.278923843E-03, 5.966666667E-01, 4.017731153E-07, 0.000000000E+00, 3.782657767E+02, 3.777325646E+02, 9.345144299E-01, 2.836134325E+01, 2.836134347E+01, 8.028352823E+04
        55,-6.904304028E-03,-4.616094287E-03, 6.000000238E-01,-6.907503053E-03,-4.612692755E-03, 5.966666667E-01, 3.554213022E-07, 0.000000000E+00, 3.531041534E+02, 3.833339556E+02, 9.208590242E-01, 2.759783067E+01, 2.759783084E+01, 8.595243456E+04
        56,-9.474668186E-04,-4.148196895E-03, 6.000000238E-01,-9.481934315E-04,-4.142269384E-03, 5.966666667E-01, 4.491128626E-07, 0.000000000E+00, 5.663089673E+02, 3.385695413E+02, 1.042611603E+00, 3.289014214E+01, 3.289014301E+01, 4.073219602E+04
        57,-3.375400847E-04,-3.404797753E-03, 6.000000238E-01,-3.376077162E-04,-3.401436783E-03, 5.966666667E-01, 5.360952662E-07, 0.000000000E+00, 5.932233918E+02, 3.332420600E+02, 1.059279649E+00, 3.340022900E+01, 3.340022977E+01, 3.535977085E+04
        58,-1.058610622E-03,-2.606375609E-03, 6.000000238E-01,-1.058572516E-03,-2.605069615E-03, 5.966666667E-01, 5.740758154E-07, 0.000000000E+00, 6.105943030E+02, 3.298267288E+02, 1.070248411E+00, 3.371373818E+01, 3.371373881E+01, 3.191622434E+04
        59,-1.817696262E-03,-1.817696262E-03, 6.000000238E-01,-1.817324888E-03,-1.817324888E-03, 5.966666667E-01, 5.811356110E-07, 0.000000000E+00, 6.169381284E+02, 3.285822200E+02, 1.074301988E+00, 3.382517339E+01, 3.382517397E+01, 3.066155014E+04
        60,-2.606375609E-03,-1.058610622E-03, 6.000000238E-01,-2.605069615E-03,-1.058572516E-03, 5.966666667E-01, 5.740758154E-07, 0.000000000E+00, 6.105943030E+02, 3.298267288E+02, 1.070248411E+00, 3.371373818E+01, 3.371373881E+01, 3.191622434E+04
        61,-3.404797520E-03,-3.375400847E-04, 6.000000238E-01,-3.401436783E-03,-3.376077162E-04, 5.966666667E-01, 5.360952662E-07, 0.000000000E+00, 5.932233918E+02, 3.332420600E+02, 1.059279649E+00, 3.340022900E+01, 3.340022977E+01, 3.535977085E+04
        62,-4.150846507E-03, 3.125824442E-04, 6.000000238E-01,-4.144747570E-03, 3.128621781E-04, 5.966666667E-01, 4.363359312E-07, 0.000000000E+00, 5.694115813E+02, 3.379519950E+02, 1.044516788E+00, 3.295043566E+01, 3.295043652E+01, 4.010938177E+04
        63,-4.959165584E-03, 9.899165016E-04, 6.000000238E-01,-4.973614299E-03, 9.904304461E-04, 5.966666667E-01, 6.248118250E-07, 0.000000000E+00, 5.364661620E+02, 3.445607491E+02, 1.024482717E+00, 3.228974366E+01, 3.228974455E+01, 4.677530332E+04
        64,-5.847949069E-03, 3.842446022E-04, 6.000000238E-01,-5.856836426E-03, 3.840579255E-04, 5.966666667E-01, 6.072854638E-07, 0.000000000E+00, 5.029952047E+02, 3.513536463E+02, 1.004675876E+00, 3.156793728E+01, 3.156793802E+01, 5.362883654E+04
        65,-6.568547804E-03,-4.313085810E-04, 6.000000238E-01,-6.573976120E-03,-4.308959917E-04, 5.966666667E-01, 5.641604171E-07, 0.000000000E+00, 4.683281889E+02, 3.584887440E+02, 9.846795422E-01, 3.076269787E+01, 3.076269845E+01, 6.083166137E+04
        66,-7.079871371E-03,-1.410223776E-03, 6.000000238E-01,-7.083400597E-03,-1.408573492E-03, 5.966666667E-01, 5.045921339E-07, 0.000000000E+00, 4.327315260E+02, 3.659513448E+02, 9.645996313E-01, 2.987011423E+01, 2.987011464E+01, 6.837054496E+04
        67,-7.355427835E-03,-2.499491675E-03, 6.000000238E-01,-7.358243837E-03,-2.496441668E-03, 5.966666667E-01, 4.367826766E-07, 0.000000000E+00, 3.964092761E+02, 3.737426086E+02, 9.444910057E-01, 2.888415099E+01, 2.888415127E+01, 7.624739343E+04
        68,-7.380969822E-03,-3.642742289E-03, 6.000000238E-01,-7.383862103E-03,-3.638741644E-03, 5.966666667E-01, 3.678963368E-07, 0.000000000E+00, 3.597810814E+02, 3.818251658E+02, 9.244978169E-01, 2.780446975E+01, 2.780446993E+01, 8.442515017E+04
        69,-9.899165016E-04,-4.959165584E-03, 6.000000238E-01,-9.904304461E-04,-4.973614299E-03, 5.966666667E-01, 6.248118250E-07, 0.000000000E+00, 5.364661620E+02, 3.445607491E+02, 1.024482717E+00, 3.228974366E+01, 3.228974455E+01, 4.677530332E+04
        70,-1.942398609E-03,-5.708118435E-03, 6.000000238E-01,-1.941140455E-03,-5.716232548E-03, 5.966666667E-01, 5.992703727E-07, 0.000000000E+00, 4.953707898E+02, 3.529189867E+02, 1.000219726E+00, 3.139626134E+01, 3.139626205E+01, 5.520859939E+04
        71,-3.033142304E-03,-6.140251178E-03, 6.000000238E-01,-3.030391317E-03,-6.145686613E-03, 5.966666667E-01, 5.411145742E-07, 0.000000000E+00, 4.541231347E+02, 3.614620749E+02, 9.765797209E-01, 3.041537541E+01, 3.041537593E+01, 6.383471835E+04
        72,-4.174503498E-03,-6.241431925E-03, 6.000000238E-01,-4.171804640E-03,-6.245685863E-03, 5.966666667E-01, 4.697765035E-07, 0.000000000E+00, 4.142411135E+02, 3.699109816E+02, 9.542742708E-01, 2.937887286E+01, 2.937887320E+01, 7.237291860E+04
        73,-5.279466975E-03,-6.018280052E-03, 6.000000238E-01,-5.278923843E-03,-6.020694031E-03, 5.966666667E-01, 4.017731153E-07, 0.000000000E+00, 3.782657767E+02, 3.777325646E+02, 9.345144299E-01, 2.836134325E+01, 2.836134347E+01, 8.028352823E+04
        74,-6.281361915E-03,-5.509903654E-03, 6.000000238E-01,-6.283391011E-03,-5.509023730E-03, 5.966666667E-01, 3.468123825E-07, 0.000000000E+00, 3.484190807E+02, 3.843985176E+02, 9.183087761E-01, 2.745087833E+01, 2.745087849E+01, 8.703018296E+04
        75,-7.152483799E-03,-4.781426396E-03, 6.000000238E-01,-7.155431648E-03,-4.777857355E-03, 5.966666667E-01, 3.045101533E-07, 0.000000000E+00, 3.239932306E+02, 3.899969295E+02, 9.051264396E-01, 2.665613292E+01, 2.665613304E+01, 9.269980538E+04
        76,-3.125824442E-04,-4.150846507E-03, 6.000000238E-01,-3.128621781E-04,-4.144747570E-03, 5.966666667E-01, 4.363359312E-07, 0.000000000E+00, 5.694115813E+02, 3.379519950E+02, 1.044516788E+00, 3.295043566E+01, 3.295043652E+01, 4.010938177E+04
        77, 3.375400847E-04,-3.404797753E-03, 6.000000238E-01, 3.376077162E-04,-3.401436783E-03, 5.966666667E-01, 5.360952662E-07, 0.000000000E+00, 5.932233918E+02, 3.332420600E+02, 1.059279649E+00, 3.340022900E+01, 3.340022977E+01, 3.535977085E+04
        78,-3.496303980E-04,-2.608061535E-03, 6.000000238E-01,-3.496378060E-04,-2.606720544E-03, 5.966666667E-01, 5.589492242E-07, 0.000000000E+00, 6.152833555E+02, 3.289067075E+02, 1.073242121E+00, 3.379625789E+01, 3.379625847E+01, 3.098868223E+04
        79,-1.072510961E-03,-1.824401086E-03, 6.000000238E-01,-1.072441383E-03,-1.824010234E-03, 5.966666667E-01, 5.569418069E-07, 0.000000000E+00, 6.276389129E+02, 3.264882440E+02, 1.081192168E+00, 3.400959863E+01, 3.400959907E+01, 2.855060998E+04
        80,-1.824400970E-03,-1.072510961E-03, 6.000000238E-01,-1.824010234E-03,-1.072441383E-03, 5.966666667E-01, 5.569418069E-07, 0.000000000E+00, 6.276389129E+02, 3.264882440E+02, 1.081192168E+00, 3.400959863E+01, 3.400959907E+01, 2.855060998E+04
        81,-2.608061535E-03,-3.496303980E-04, 6.000000238E-01,-2.606720544E-03,-3.496378060E-04, 5.966666667E-01, 5.589492242E-07, 0.000000000E+00, 6.152833555E+02, 3.289067075E+02, 1.073242121E+00, 3.379625789E+01, 3.379625847E+01, 3.098868223E+04
        82,-3.404797753E-03, 3.375400556E-04, 6.000000238E-01,-3.401436783E-03, 3.376077162E-04, 5.966666667E-01, 5.360952662E-07, 0.000000000E+00, 5.932233918E+02, 3.332420600E+02, 1.059279649E+00, 3.340022900E+01, 3.340022977E+01, 3.535977085E+04
        83,-4.148196895E-03, 9.474667604E-04, 6.000000238E-01,-4.142269384E-03, 9.481934315E-04, 5.966666667E-01, 4.491128626E-07, 0.000000000E+00, 5.663089673E+02, 3.385695413E+02, 1.042611603E+00, 3.289014214E+01, 3.289014301E+01, 4.073219602E+04
        84,-4.914961755E-03, 1.674166066E-03, 6.000000238E-01,-4.928066155E-03, 1.674595543E-03, 5.966666667E-01, 6.239987061E-07, 0.000000000E+00, 5.312168806E+02, 3.456213230E+02, 1.021338988E+00, 3.218003695E+01, 3.218003783E+01, 4.784521412E+04
        85,-5.803686567E-03, 1.157293911E-03, 6.000000238E-01,-5.812276806E-03, 1.156646757E-03, 5.966666667E-01, 6.047273891E-07, 0.000000000E+00, 5.004363191E+02, 3.518782626E+02, 1.003178002E+00, 3.151063038E+01, 3.151063111E+01, 5.415825915E+04
        86,-6.568547804E-03, 4.313085810E-04, 6.000000238E-01,-6.573976120E-03, 4.308959917E-04, 5.966666667E-01, 5.641604171E-07, 0.000000000E+00, 4.683281889E+02, 3.584887440E+02, 9.846795422E-01, 3.076269787E+01, 3.076269845E+01, 6.083166137E+04
        87,-7.164538372E-03,-4.702341394E-04, 6.000000238E-01,-7.167958872E-03,-4.696903909E-04, 5.966666667E-01, 5.089394943E-07, 0.000000000E+00, 4.350908713E+02, 3.654496114E+02, 9.659239502E-01, 2.993136355E+01, 2.993136397E+01, 6.786350823E+04
        88,-7.557674777E-03,-1.504920539E-03, 6.000000238E-01,-7.560079471E-03,-1.503047494E-03, 5.966666667E-01, 4.454920934E-07, 0.000000000E+00, 4.008887669E+02, 3.727661358E+02, 9.469651302E-01, 2.900993978E+01, 2.900994007E+01, 7.525986159E+04
        89,-7.726572920E-03,-2.625006950E-03, 6.000000238E-01,-7.728796082E-03,-2.621756343E-03, 5.966666667E-01, 3.794653219E-07, 0.000000000E+00, 3.658797867E+02, 3.804549547E+02, 9.278274022E-01, 2.799039092E+01, 2.799039111E+01, 8.303834026E+04
        90,-7.660508621E-03,-3.780087456E-03, 6.000000238E-01,-7.663106743E-03,-3.775942364E-03, 5.966666667E-01, 3.157856588E-07, 0.000000000E+00, 3.304382025E+02, 3.884953545E+02, 9.086248476E-01, 2.687007905E+01, 2.687007918E+01, 9.117882309E+04
        91,-3.273406764E-04,-4.976690281E-03, 6.000000238E-01,-3.275688199E-04,-4.991929244E-03, 5.966666667E-01, 6.248665610E-07, 0.000000000E+00, 5.391159670E+02, 3.440265390E+02, 1.026073550E+00, 3.234466479E+01, 3.234466569E+01, 4.623640723E+04
        92,-1.157293911E-03,-5.803686567E-03, 6.000000238E-01,-1.156646757E-03,-5.812276806E-03, 5.966666667E-01, 6.047273891E-07, 0.000000000E+00, 5.004363191E+02, 3.518782626E+02, 1.003178002E+00, 3.151063038E+01, 3.151063111E+01, 5.415825915E+04
        93,-2.164247911E-03,-6.364120636E-03, 6.000000238E-01,-2.162061938E-03,-6.369491644E-03, 5.966666667E-01, 5.525395406E-07, 0.000000000E+00, 4.610060611E+02, 3.600182679E+02, 9.804961684E-01, 3.058500364E+01, 3.058500419E+01, 6.237636640E+04
        94,-3.275901079E-03,-6.634338293E-03, 6.000000238E-01,-3.272515104E-03,-6.638481184E-03, 5.966666667E-01, 4.834921837E-07, 0.000000000E+00, 4.214634265E+02, 3.683584910E+02, 9.582961732E-01, 2.957315457E+01, 2.957315494E+01, 7.080348487E+04
        95,-4.416196141E-03,-6.604236551E-03, 6.000000238E-01,-4.413062295E-03,-6.607837751E-03, 5.966666667E-01, 4.110857695E-07, 0.000000000E+00, 3.831339698E+02, 3.766561462E+02, 9.371851112E-01, 2.850375117E+01, 2.850375141E+01, 7.919449482E+04
        96,-5.509903654E-03,-6.281361450E-03, 6.000000238E-01,-5.509023730E-03,-6.283391011E-03, 5.966666667E-01, 3.468123825E-07, 0.000000000E+00, 3.484190807E+02, 3.843985176E+02, 9.183087761E-01, 2.745087833E+01, 2.745087849E+01, 8.703018296E+04
        97,-6.498950068E-03,-5.700492766E-03, 6.000000238E-01,-6.500733277E-03,-5.699396801E-03, 5.966666667E-01, 2.967697208E-07, 0.000000000E+00, 3.194690758E+02, 3.910574991E+02, 9.026716866E-01, 2.650390555E+01, 2.650390566E+01, 9.377421827E+04
        98,-7.357746828E-03,-4.918168299E-03, 6.000000238E-01,-7.360538266E-03,-4.914494892E-03, 5.966666667E-01, 2.590697426E-07, 0.000000000E+00, 2.956467807E+02, 3.967024935E+02, 8.898268552E-01, 2.567198389E+01, 2.567198397E+01, 9.949478790E+04
        99, 3.125824442E-04,-4.150846042E-03, 6.000000238E-01, 3.128621781E-04,-4.144747570E-03, 5.966666667E-01, 4.363359312E-07, 0.000000000E+00, 5.694115813E+02, 3.379519950E+02, 1.044516788E+00, 3.295043566E+01, 3.295043652E+01, 4.010938177E+04
       100, 1.022339682E-03,-3.402630100E-03, 6.000000238E-01, 1.022470806E-03,-3.399358916E-03, 5.966666667E-01, 5.509921557E-07, 0.000000000E+00, 5.893018229E+02, 3.340171341E+02, 1.056821630E+00, 3.332785050E+01, 3.332785129E+01, 3.614131316E+04
       101, 3.496303980E-04,-2.608061535E-03, 6.000000238E-01, 3.496378060E-04,-2.606720544E-03, 5.966666667E-01, 5.589492242E-07, 0.000000000E+00, 6.152833555E+02, 3.289067075E+02, 1.073242121E+00, 3.379625789E+01, 3.379625847E+01, 3.098868223E+04
       102,-3.542638442E-04,-1.825605286E-03, 6.000000238E-01,-3.542605916E-04,-1.825204009E-03, 5.966666667E-01, 5.424254734E-07, 0.000000000E+00, 6.330200256E+02, 3.254385135E+02, 1.084679648E+00, 3.410073025E+01, 3.410073061E+01, 2.749244122E+04
       103,-1.076533808E-03,-1.076533808E-03, 6.000000238E-01,-1.076458258E-03,-1.076458258E-03, 5.966666667E-01, 5.338454516E-07, 0.000000000E+00, 6.393104839E+02, 3.242044113E+02, 1.088808542E+00, 3.420538014E+01, 3.420538040E+01, 2.624847498E+04
       104,-1.825605286E-03,-3.542638442E-04, 6.000000238E-01,-1.825204009E-03,-3.542605916E-04, 5.966666667E-01, 5.424254734E-07, 0.000000000E+00, 6.330200256E+02, 3.254385135E+02, 1.084679648E+00, 3.410073025E+01, 3.410073061E+01, 2.749244122E+04
       105,-2.608061535E-03, 3.496303980E-04, 6.000000238E-01,-2.606720544E-03, 3.496378060E-04, 5.966666667E-01, 5.589492242E-07, 0.000000000E+00, 6.152833555E+02, 3.289067075E+02, 1.073242121E+00, 3.379625789E+01, 3.379625847E+01, 3.098868223E+04
       106,-3.402629867E-03, 1.022339682E-03, 6.000000238E-01,-3.399358916E-03, 1.022470806E-03, 5.966666667E-01, 5.509921557E-07, 0.000000000E+00, 5.893018229E+02, 3.340171341E+02, 1.056821630E+00, 3.332785050E+01, 3.332785129E+01, 3.614131316E+04
       107,-4.133446608E-03, 1.609289320E-03, 6.000000238E-01,-4.127739223E-03, 1.610079647E-03, 5.966666667E-01, 4.677851922E-07, 0.000000000E+00, 5.601054716E+02, 3.398065075E+02, 1.038816281E+00, 3.276837054E+01, 3.276837141E+01, 4.197975998E+04
       108,-4.820573144E-03, 2.384747379E-03, 6.000000238E-01,-4.832235626E-03, 2.385056029E-03, 5.966666667E-01, 6.213272719E-07, 0.000000000E+00, 5.237797290E+02, 3.471297774E+02, 1.016900754E+00, 3.202254253E+01, 3.202254339E+01, 4.936702596E+04
       109,-5.708118435E-03, 1.942398609E-03, 6.000000238E-01,-5.716232548E-03, 1.941140455E-03, 5.966666667E-01, 5.992703727E-07, 0.000000000E+00, 4.953707898E+02, 3.529189867E+02, 1.000219726E+00, 3.139626134E+01, 3.139626205E+01, 5.520859939E+04
       110,-6.502171047E-03, 1.295727910E-03, 6.000000238E-01,-6.507559797E-03, 1.294446376E-03, 5.966666667E-01, 5.603257899E-07, 0.000000000E+00, 4.658700236E+02, 3.590014972E+02, 9.832731480E-01, 3.070335643E+01, 3.070335700E+01, 6.134947779E+04
       111,-7.164538372E-03, 4.702341103E-04, 6.000000238E-01,-7.167958872E-03, 4.696903909E-04, 5.966666667E-01, 5.089394943E-07, 0.000000000E+00, 4.350908713E+02, 3.654496114E+02, 9.659239502E-01, 2.993136355E+01, 2.993136397E+01, 6.786350823E+04
       112,-7.657469250E-03,-5.024285638E-04, 6.000000238E-01,-7.659674068E-03,-5.018054574E-04, 5.966666667E-01, 4.498920298E-07, 0.000000000E+00, 4.031557659E+02, 3.722733327E+02, 9.482186912E-01, 2.907312112E+01, 2.907312142E+01, 7.476151351E+04
       113,-7.952854969E-03,-1.583242090E-03, 6.000000238E-01,-7.954561338E-03,-1.581230697E-03, 5.966666667E-01, 3.877163104E-07, 0.000000000E+00, 3.701873668E+02, 3.794915806E+02, 9.301827770E-01, 2.812011888E+01, 2.812011908E+01, 8.206340823E+04
       114,-8.033538237E-03,-2.728817752E-03, 6.000000238E-01,-8.035390150E-03,-2.725441415E-03, 5.966666667E-01, 3.263054093E-07, 0.000000000E+00, 3.363192791E+02, 3.871339677E+02, 9.118200977E-01, 2.706237115E+01, 2.706237129E+01, 8.980003578E+04
       115,-7.891708985E-03,-3.893682733E-03, 6.000000238E-01,-7.894124023E-03,-3.889447630E-03, 5.966666667E-01, 2.690505708E-07, 0.000000000E+00, 3.018855188E+02, 3.951974078E+02, 8.932157076E-01, 2.589441082E+01, 2.589441091E+01, 9.796924054E+04
       116, 3.273406764E-04,-4.976690281E-03, 6.000000238E-01, 3.275688199E-04,-4.991929244E-03, 5.966666667E-01, 6.248665610E-07, 0.000000000E+00, 5.391159670E+02, 3.440265390E+02, 1.026073550E+00, 3.234466479E+01, 3.234466569E+01, 4.623640723E+04
       117,-3.842446022E-04,-5.847949069E-03, 6.000000238E-01,-3.840579255E-04,-5.856836426E-03, 5.966666667E-01, 6.072854638E-07, 0.000000000E+00, 5.029952047E+02, 3.513536463E+02, 1.004675876E+00, 3.156793728E+01, 3.156793802E+01, 5.362883654E+04
       118,-1.295727910E-03,-6.502171047E-03, 6.000000238E-01,-1.294446376E-03,-6.507559797E-03, 5.966666667E-01, 5.603257899E-07, 0.000000000E+00, 4.658700236E+02, 3.590014972E+02, 9.832731480E-01, 3.070335643E+01, 3.070335700E+01, 6.134947779E+04
       119,-2.347734291E-03,-6.906684954E-03, 6.000000238E-01,-2.345009116E-03,-6.910461705E-03, 5.966666667E-01, 4.959134699E-07, 0.000000000E+00, 4.280655431E+02, 3.669459646E+02, 9.619850504E-01, 2.974804498E+01, 2.974804538E+01, 6.937575236E+04
       120,-3.476681421E-03,-7.042986806E-03, 6.000000238E-01,-3.472914165E-03,-7.046353416E-03, 5.966666667E-01, 4.244763245E-07, 0.000000000E+00, 3.900698921E+02, 3.751301564E+02, 9.409974811E-01, 2.870393500E+01, 2.870393526E+01, 7.765081984E+04
       121,-4.616094287E-03,-6.904304493E-03, 6.000000238E-01,-4.612692755E-03,-6.907503053E-03, 5.966666667E-01, 3.554213022E-07, 0.000000000E+00, 3.531041534E+02, 3.833339556E+02, 9.208590242E-01, 2.759783067E+01, 2.759783084E+01, 8.595243456E+04
       122,-5.700492766E-03,-6.498950534E-03, 6.000000238E-01,-5.699396801E-03,-6.500733277E-03, 5.966666667E-01, 2.967697208E-07, 0.000000000E+00, 3.194690758E+02, 3.910574991E+02, 9.026716866E-01, 2.650390555E+01, 2.650390566E+01, 9.377421827E+04
       123,-6.678912789E-03,-5.858124699E-03, 6.000000238E-01,-6.680536249E-03,-5.856888690E-03, 5.966666667E-01, 2.522435608E-07, 0.000000000E+00, 2.912641880E+02, 3.977670899E+02, 8.874452946E-01, 2.551356322E+01, 2.551356330E+01, 1.005739942E+05
       124,-7.527515758E-03,-5.031264387E-03, 6.000000238E-01,-7.530208995E-03,-5.027525815E-03, 5.966666667E-01, 2.192070773E-07, 0.000000000E+00, 2.679120900E+02, 4.035148355E+02, 8.748043473E-01, 2.463651811E+01, 2.463651817E+01, 1.064028237E+05
       125, 9.474668186E-04,-4.148196895E-03, 6.000000238E-01, 9.481934315E-04,-4.142269384E-03, 5.966666667E-01, 4.491128626E-07, 0.000000000E+00, 5.663089673E+02, 3.385695413E+02, 1.042611603E+00, 3.289014214E+01, 3.289014301E+01, 4.073219602E+04
       126, 1.734077465E-03,-3.390561556E-03, 6.000000238E-01, 1.734003159E-03,-3.387419836E-03, 5.966666667E-01, 5.748591436E-07, 0.000000000E+00, 5.814131146E+02, 3.355797109E+02, 1.051900698E+00, 3.318037316E+01, 3.318037398E+01, 3.771700301E+04
       127, 1.058610622E-03,-2.606375609E-03, 6.000000238E-01, 1.058572516E-03,-2.605069615E-03, 5.966666667E-01, 5.740758154E-07, 0.000000000E+00, 6.105943030E+02, 3.298267288E+02, 1.070248411E+00, 3.371373818E+01, 3.371373881E+01, 3.191622434E+04
       128, 3.542638442E-04,-1.825605286E-03, 6.000000238E-01, 3.542605916E-04,-1.825204009E-03, 5.966666667E-01, 5.424254734E-07, 0.000000000E+00, 6.330200256E+02, 3.254385135E+02, 1.084679648E+00, 3.410073025E+01, 3.410073061E+01, 2.749244122E+04
       129,-3.556047741E-04,-1.077256398E-03, 6.000000238E-01,-3.556002617E-04,-1.077178702E-03, 5.966666667E-01, 5.199868022E-07, 0.000000000E+00, 6.452064124E+02, 3.230589041E+02, 1.092669255E+00, 3.430259911E+01, 3.430259926E+01, 2.509386651E+04
       130,-1.077256398E-03,-3.556047741E-04, 6.000000238E-01,-1.077178702E-03,-3.556002617E-04, 5.966666667E-01, 5.199868022E-07, 0.000000000E+00, 6.452064124E+02, 3.230589041E+02, 1.092669255E+00, 3.430259911E+01, 3.430259926E+01, 2.509386651E+04
       131,-1.825605286E-03, 3.542638442E-04, 6.000000238E-01,-1.825204009E-03, 3.542605916E-04, 5.966666667E-01, 5.424254734E-07, 0.000000000E+00, 6.330200256E+02, 3.254385135E+02, 1.084679648E+00, 3.410073025E+01, 3.410073061E+01, 2.749244122E+04
       132,-2.606375609E-03, 1.058610622E-03, 6.000000238E-01,-2.605069615E-03, 1.058572516E-03, 5.966666667E-01, 5.740758154E-07, 0.000000000E+00, 6.105943030E+02, 3.298267288E+02, 1.070248411E+00, 3.371373818E+01, 3.371373881E+01, 3.191622434E+04
       133,-3.390561556E-03, 1.734077465E-03, 6.000000238E-01,-3.387419836E-03, 1.734003159E-03, 5.966666667E-01, 5.748591436E-07, 0.000000000E+00, 5.814131146E+02, 3.355797109E+02, 1.051900698E+00, 3.318037316E+01, 3.318037398E+01, 3.771700301E+04
       134,-4.082478583E-03, 2.305219183E-03, 6.000000238E-01,-4.076842442E-03, 2.305268602E-03, 5.966666667E-01, 4.709030643E-07, 0.000000000E+00, 5.511076141E+02, 3.416061942E+02, 1.033343476E+00, 3.258883147E+01, 3.258883233E+01, 4.379497489E+04
       135,-4.631140269E-03, 3.101762384E-03, 6.000000238E-01,-4.641567575E-03, 3.103176171E-03, 5.966666667E-01, 6.164973525E-07, 0.000000000E+00, 5.156325776E+02, 3.487928124E+02, 1.012052197E+00, 3.184731036E+01, 3.184731120E+01, 5.104489267E+04
       136,-5.542861763E-03, 2.739628311E-03, 6.000000238E-01,-5.550517885E-03, 2.737968237E-03, 5.966666667E-01, 5.907096666E-07, 0.000000000E+00, 4.882002500E+02, 3.543974047E+02, 9.960471706E-01, 3.123224539E+01, 3.123224606E+01, 5.670086402E+04
       137,-6.364120636E-03, 2.164247911E-03, 6.000000238E-01,-6.369491644E-03, 2.162061938E-03, 5.966666667E-01, 5.525395406E-07, 0.000000000E+00, 4.610060611E+02, 3.600182679E+02, 9.804961684E-01, 3.058500364E+01, 3.058500419E+01, 6.237636640E+04
       138,-7.079871837E-03, 1.410223660E-03, 6.000000238E-01,-7.083400597E-03, 1.408573492E-03, 5.966666667E-01, 5.045921339E-07, 0.000000000E+00, 4.327315260E+02, 3.659513448E+02, 9.645996313E-01, 2.987011423E+01, 2.987011464E+01, 6.837054496E+04
       139,-7.657468785E-03, 5.024285638E-04, 6.000000238E-01,-7.659674068E-03, 5.018054574E-04, 5.966666667E-01, 4.498920298E-07, 0.000000000E+00, 4.031557659E+02, 3.722733327E+02, 9.482186912E-01, 2.907312112E+01, 2.907312142E+01, 7.476151351E+04
       140,-8.065160364E-03,-5.290558911E-04, 6.000000238E-01,-8.066608792E-03,-5.283833135E-04, 5.966666667E-01, 3.919056080E-07, 0.000000000E+00, 3.723704229E+02, 3.790049884E+02, 9.313770084E-01, 2.818537894E+01, 2.818537915E+01, 8.157101354E+04
       141,-8.279699832E-03,-1.648020116E-03, 6.000000238E-01,-8.280963826E-03,-1.645921102E-03, 5.966666667E-01, 3.338462521E-07, 0.000000000E+00, 3.404705093E+02, 3.861779722E+02, 9.140773365E-01, 2.719645598E+01, 2.719645612E+01, 8.883193205E+04
       142,-8.287423290E-03,-2.814677311E-03, 6.000000238E-01,-8.289039240E-03,-2.811221366E-03, 5.966666667E-01, 2.784019653E-07, 0.000000000E+00, 3.075719336E+02, 3.938354723E+02, 8.963045664E-01, 2.609404728E+01, 2.609404738E+01, 9.658898479E+04
       143,-8.082929067E-03,-3.987634555E-03, 6.000000238E-01,-8.085230901E-03,-3.983343796E-03, 5.966666667E-01, 2.279101291E-07, 0.000000000E+00, 2.739685091E+02, 4.019947052E+02, 8.781123924E-01, 2.486898641E+01, 2.486898648E+01, 1.048608253E+05
       144, 9.899165016E-04,-4.959166050E-03, 6.000000238E-01, 9.904304461E-04,-4.973614299E-03, 5.966666667E-01, 6.248118250E-07, 0.000000000E+00, 5.364661620E+02, 3.445607491E+02, 1.024482717E+00, 3.228974366E+01, 3.228974455E+01, 4.677530332E+04
       145, 3.842446313E-04,-5.847949069E-03, 6.000000238E-01, 3.840579255E-04,-5.856836426E-03, 5.966666667E-01, 6.072854638E-07, 0.000000000E+00, 5.029952047E+02, 3.513536463E+02, 1.004675876E+00, 3.156793728E+01, 3.156793802E+01, 5.362883654E+04
       146,-4.313085810E-04,-6.568547804E-03, 6.000000238E-01,-4.308959917E-04,-6.573976120E-03, 5.966666667E-01, 5.641604171E-07, 0.000000000E+00, 4.683281889E+02, 3.584887440E+02, 9.846795422E-01, 3.076269787E+01, 3.076269845E+01, 6.083166137E+04
       147,-1.410223660E-03,-7.079871837E-03, 6.000000238E-01,-1.408573492E-03,-7.083400597E-03, 5.966666667E-01, 5.045921339E-07, 0.000000000E+00, 4.327315260E+02, 3.659513448E+02, 9.645996313E-01, 2.987011423E+01, 2.987011464E+01, 6.837054496E+04
       148,-2.499491675E-03,-7.355427835E-03, 6.000000238E-01,-2.496441668E-03,-7.358243837E-03, 5.966666667E-01, 4.367826766E-07, 0.000000000E+00, 3.964092761E+02, 3.737426086E+02, 9.444910057E-01, 2.888415099E+01, 2.888415127E+01, 7.624739343E+04
       149,-3.642742289E-03,-7.380969822E-03, 6.000000238E-01,-3.638741644E-03,-7.383862103E-03, 5.966666667E-01, 3.678963368E-07, 0.000000000E+00, 3.597810814E+02, 3.818251658E+02, 9.244978169E-01, 2.780446975E+01, 2.780446993E+01, 8.442515017E+04
       150,-4.781425931E-03,-7.152483799E-03, 6.000000238E-01,-4.777857355E-03,-7.155431648E-03, 5.966666667E-01, 3.045101533E-07, 0.000000000E+00, 3.239932306E+02, 3.899969295E+02, 9.051264396E-01, 2.665613292E+01, 2.665613304E+01, 9.269980538E+04
       151,-5.858124234E-03,-6.678912789E-03, 6.000000238E-01,-5.856888690E-03,-6.680536249E-03, 5.966666667E-01, 2.522435608E-07, 0.000000000E+00, 2.912641880E+02, 3.977670899E+02, 8.874452946E-01, 2.551356322E+01, 2.551356330E+01, 1.005739942E+05
       152,-6.827756297E-03,-5.988498218E-03, 6.000000238E-01,-6.829274979E-03,-5.987170983E-03, 5.966666667E-01, 2.132710886E-07, 0.000000000E+00, 2.636540262E+02, 4.045918656E+02, 8.724756040E-01, 2.447073157E+01, 2.447073162E+01, 1.074955434E+05
       153,-7.667927537E-03,-5.124803632E-03, 6.000000238E-01,-7.670560039E-03,-5.121024606E-03, 5.966666667E-01, 1.846779659E-07, 0.000000000E+00, 2.405882368E+02, 4.105205309E+02, 8.598754647E-01, 2.353595242E+01, 2.353595246E+01, 1.135134818E+05
       154, 1.609289320E-03,-4.133446142E-03, 6.000000238E-01, 1.610079647E-03,-4.127739223E-03, 5.966666667E-01, 4.677851922E-07, 0.000000000E+00, 5.601054716E+02, 3.398065075E+02, 1.038816281E+00, 3.276837054E+01, 3.276837141E+01, 4.197975998E+04
       155, 2.479922492E-03,-3.348860657E-03, 6.000000238E-01, 2.479012602E-03,-3.345823492E-03, 5.966666667E-01, 5.886253745E-07, 0.000000000E+00, 5.697134148E+02, 3.379056763E+02, 1.044659966E+00, 3.295694819E+01, 3.295694904E+01, 4.006266858E+04
       156, 1.794529031E-03,-2.596988808E-03, 6.000000238E-01, 1.794210060E-03,-2.595738055E-03, 5.966666667E-01, 5.990847424E-07, 0.000000000E+00, 6.012003889E+02, 3.316743412E+02, 1.064286526E+00, 3.354584186E+01, 3.354584257E+01, 3.377904265E+04
       157, 1.072511077E-03,-1.824401086E-03, 6.000000238E-01, 1.072441383E-03,-1.824010234E-03, 5.966666667E-01, 5.569418069E-07, 0.000000000E+00, 6.276389129E+02, 3.264882440E+02, 1.081192168E+00, 3.400959863E+01, 3.400959907E+01, 2.855060998E+04
       158, 3.556047741E-04,-1.077256398E-03, 6.000000238E-01, 3.556002617E-04,-1.077178702E-03, 5.966666667E-01, 5.199868022E-07, 0.000000000E+00, 6.452064124E+02, 3.230589041E+02, 1.092669255E+00, 3.430259911E+01, 3.430259926E+01, 2.509386651E+04
       159,-3.558456374E-04,-3.558456374E-04, 6.000000238E-01,-3.558409490E-04,-3.558409490E-04, 5.966666667E-01, 5.065044831E-07, 0.000000000E+00, 6.513808286E+02, 3.218702853E+02, 1.096704320E+00, 3.440347228E+01, 3.440347234E+01, 2.389585924E+04
       160,-1.077256398E-03, 3.556048032E-04, 6.000000238E-01,-1.077178702E-03, 3.556002617E-04, 5.966666667E-01, 5.199868022E-07, 0.000000000E+00, 6.452064124E+02, 3.230589041E+02, 1.092669255E+00, 3.430259911E+01, 3.430259926E+01, 2.509386651E+04
       161,-1.824401086E-03, 1.072510961E-03, 6.000000238E-01,-1.824010234E-03, 1.072441383E-03, 5.966666667E-01, 5.569418069E-07, 0.000000000E+00, 6.276389129E+02, 3.264882440E+02, 1.081192168E+00, 3.400959863E+01, 3.400959907E+01, 2.855060998E+04
       162,-2.596988808E-03, 1.794529031E-03, 6.000000238E-01,-2.595738055E-03, 1.794210060E-03, 5.966666667E-01, 5.990847424E-07, 0.000000000E+00, 6.012003889E+02, 3.316743412E+02, 1.064286526E+00, 3.354584186E+01, 3.354584257E+01, 3.377904265E+04
       163,-3.348860657E-03, 2.479922492E-03, 6.000000238E-01,-3.345823492E-03, 2.479012602E-03, 5.966666667E-01, 5.886253745E-07, 0.000000000E+00, 5.697134148E+02, 3.379056763E+02, 1.044659966E+00, 3.295694819E+01, 3.295694904E+01, 4.006266858E+04
       164,-3.949484788E-03, 3.015428782E-03, 6.000000238E-01,-3.943734986E-03, 3.013379239E-03, 5.966666667E-01, 4.123595895E-07, 0.000000000E+00, 5.406462716E+02, 3.437097473E+02, 1.027019266E+00, 3.237579359E+01, 3.237579444E+01, 4.591684218E+04
       165,-4.288387485E-03, 3.764230292E-03, 6.000000238E-01,-4.296900333E-03, 3.769029306E-03, 5.966666667E-01, 6.119995882E-07, 0.000000000E+00, 5.098685348E+02, 3.499879450E+02, 1.008596260E+00, 3.172213592E+01, 3.172213673E+01, 5.225075232E+04
       166,-5.272400565E-03, 3.528956091E-03, 6.000000238E-01,-5.279567770E-03, 3.528197927E-03, 5.966666667E-01, 5.803211172E-07, 0.000000000E+00, 4.803532849E+02, 3.560228736E+02, 9.914995875E-01, 3.104988114E+01, 3.104988178E+01, 5.834180895E+04
       167,-6.140251178E-03, 3.033142304E-03, 6.000000238E-01,-6.145686613E-03, 3.030391317E-03, 5.966666667E-01, 5.411145742E-07, 0.000000000E+00, 4.541231347E+02, 3.614620749E+02, 9.765797209E-01, 3.041537541E+01, 3.041537593E+01, 6.383471835E+04
       168,-6.906684954E-03, 2.347734291E-03, 6.000000238E-01,-6.910461705E-03, 2.345009116E-03, 5.966666667E-01, 4.959134699E-07, 0.000000000E+00, 4.280655431E+02, 3.669459646E+02, 9.619850504E-01, 2.974804498E+01, 2.974804538E+01, 6.937575236E+04
       169,-7.557674777E-03, 1.504920539E-03, 6.000000238E-01,-7.560079471E-03, 1.503047494E-03, 5.966666667E-01, 4.454920934E-07, 0.000000000E+00, 4.008887669E+02, 3.727661358E+02, 9.469651302E-01, 2.900993978E+01, 2.900994007E+01, 7.525986159E+04
       170,-8.065160364E-03, 5.290558911E-04, 6.000000238E-01,-8.066608792E-03, 5.283833135E-04, 5.966666667E-01, 3.919056080E-07, 0.000000000E+00, 3.723704229E+02, 3.790049884E+02, 9.313770084E-01, 2.818537894E+01, 2.818537915E+01, 8.157101354E+04
       171,-8.402353153E-03,-5.510787014E-04, 6.000000238E-01,-8.403320083E-03,-5.503747134E-04, 5.966666667E-01, 3.376875003E-07, 0.000000000E+00, 3.425785623E+02, 3.856944911E+02, 9.152231634E-01, 2.726404829E+01, 2.726404843E+01, 8.834236215E+04
       172,-8.550025523E-03,-1.701596659E-03, 6.000000238E-01,-8.551005856E-03,-1.699441308E-03, 5.966666667E-01, 2.851290465E-07, 0.000000000E+00, 3.115825541E+02, 3.928804956E+02, 8.984832188E-01, 2.623311913E+01, 2.623311923E+01, 9.562127268E+04
       173,-8.497404866E-03,-2.885689726E-03, 6.000000238E-01,-8.498871501E-03,-2.882183186E-03, 5.966666667E-01, 2.360896041E-07, 0.000000000E+00, 2.794824093E+02, 4.006219950E+02, 8.811211982E-01, 2.507730081E+01, 2.507730088E+01, 1.034686458E+05
       174,-8.241083473E-03,-4.065340385E-03, 6.000000238E-01,-8.243315060E-03,-4.061014975E-03, 5.966666667E-01, 1.921826129E-07, 0.000000000E+00, 2.465054565E+02, 4.089668005E+02, 8.631422693E-01, 2.378142304E+01, 2.378142308E+01, 1.119358797E+05
       175, 1.674166066E-03,-4.914961755E-03, 6.000000238E-01, 1.674595543E-03,-4.928066155E-03, 5.966666667E-01, 6.239987061E-07, 0.000000000E+00, 5.312168806E+02, 3.456213230E+02, 1.021338988E+00, 3.218003695E+01, 3.218003783E+01, 4.784521412E+04
       176, 1.157293795E-03,-5.803687032E-03, 6.000000238E-01, 1.156646757E-03,-5.812276806E-03, 5.966666667E-01, 6.047273891E-07, 0.000000000E+00, 5.004363191E+02, 3.518782626E+02, 1.003178002E+00, 3.151063038E+01, 3.151063111E+01, 5.415825915E+04
       177, 4.313085810E-04,-6.568547804E-03, 6.000000238E-01, 4.308959917E-04,-6.573976120E-03, 5.966666667E-01, 5.641604171E-07, 0.000000000E+00, 4.683281889E+02, 3.584887440E+02, 9.846795422E-01, 3.076269787E+01, 3.076269845E+01, 6.083166137E+04
       178,-4.702341103E-04,-7.164538372E-03, 6.000000238E-01,-4.696903909E-04,-7.167958872E-03, 5.966666667E-01, 5.089394943E-07, 0.000000000E+00, 4.350908713E+02, 3.654496114E+02, 9.659239502E-01, 2.993136355E+01, 2.993136397E+01, 6.786350823E+04
       179,-1.504920539E-03,-7.557674777E-03, 6.000000238E-01,-1.503047494E-03,-7.560079471E-03, 5.966666667E-01, 4.454920934E-07, 0.000000000E+00, 4.008887669E+02, 3.727661358E+02, 9.469651302E-01, 2.900993978E+01, 2.900994007E+01, 7.525986159E+04
       180,-2.625006717E-03,-7.726572920E-03, 6.000000238E-01,-2.621756343E-03,-7.728796082E-03, 5.966666667E-01, 3.794653219E-07, 0.000000000E+00, 3.658797867E+02, 3.804549547E+02, 9.278274022E-01, 2.799039092E+01, 2.799039111E+01, 8.303834026E+04
       181,-3.780087456E-03,-7.660508621E-03, 6.000000238E-01,-3.775942364E-03,-7.663106743E-03, 5.966666667E-01, 3.157856588E-07, 0.000000000E+00, 3.304382025E+02, 3.884953545E+02, 9.086248476E-01, 2.687007905E+01, 2.687007918E+01, 9.117882309E+04
       182,-4.918168299E-03,-7.357746828E-03, 6.000000238E-01,-4.914494892E-03,-7.360538266E-03, 5.966666667E-01, 2.590697426E-07, 0.000000000E+00, 2.956467807E+02, 3.967024935E+02, 8.898268552E-01, 2.567198389E+01, 2.567198397E+01, 9.949478790E+04
       183,-5.988498218E-03,-6.827756297E-03, 6.000000238E-01,-5.987170983E-03,-6.829274979E-03, 5.966666667E-01, 2.132710886E-07, 0.000000000E+00, 2.636540262E+02, 4.045918656E+02, 8.724756040E-01, 2.447073157E+01, 2.447073162E+01, 1.074955434E+05
       184,-6.950860843E-03,-6.096327212E-03, 6.000000238E-01,-6.952311176E-03,-6.094940074E-03, 5.966666667E-01, 1.795699249E-07, 0.000000000E+00, 2.364239427E+02, 4.116235461E+02, 8.575712823E-01, 2.336059056E+01, 2.336059060E+01, 1.146336490E+05
       185,-7.784059271E-03,-5.202168133E-03, 6.000000238E-01,-7.786654290E-03,-5.198364054E-03, 5.966666667E-01, 1.550528610E-07, 0.000000000E+00, 2.134164203E+02, 4.178392262E+02, 8.448142494E-01, 2.234925724E+01, 2.234925727E+01, 1.209491678E+05
       186, 2.305219183E-03,-4.082478583E-03, 6.000000238E-01, 2.305268602E-03,-4.076842442E-03, 5.966666667E-01, 4.709030643E-07, 0.000000000E+00, 5.511076141E+02, 3.416061942E+02, 1.033343476E+00, 3.258883147E+01, 3.258883233E+01, 4.379497489E+04
       187, 3.240047488E-03,-3.240047488E-03, 6.000000238E-01, 3.237190572E-03,-3.237190572E-03, 5.966666667E-01, 5.500287908E-07, 0.000000000E+00, 5.552070571E+02, 3.408032192E+02, 1.035778163E+00, 3.267190208E+01, 3.267190293E+01, 4.298505551E+04
       188, 2.564555034E-03,-2.564554801E-03, 6.000000238E-01, 2.563381748E-03,-2.563381748E-03, 5.966666667E-01, 6.168069242E-07, 0.000000000E+00, 5.872662292E+02, 3.344252441E+02, 1.055531957E+00, 3.329030684E+01, 3.329030764E+01, 3.655283858E+04
       189, 1.817696262E-03,-1.817696262E-03, 6.000000238E-01, 1.817324888E-03,-1.817324888E-03, 5.966666667E-01, 5.811356110E-07, 0.000000000E+00, 6.169381284E+02, 3.285822200E+02, 1.074301988E+00, 3.382517339E+01, 3.382517397E+01, 3.066155014E+04
       190, 1.076533808E-03,-1.076533808E-03, 6.000000238E-01, 1.076458258E-03,-1.076458258E-03, 5.966666667E-01, 5.338454516E-07, 0.000000000E+00, 6.393104839E+02, 3.242044113E+02, 1.088808542E+00, 3.420538014E+01, 3.420538040E+01, 2.624847498E+04
       191, 3.558456374E-04,-3.558456374E-04, 6.000000238E-01, 3.558409490E-04,-3.558409490E-04, 5.966666667E-01, 5.065044831E-07, 0.000000000E+00, 6.513808286E+02, 3.218702853E+02, 1.096704320E+00, 3.440347228E+01, 3.440347234E+01, 2.389585924E+04
       192,-3.558456374E-04, 3.558456374E-04, 6.000000238E-01,-3.558409490E-04, 3.558409490E-04, 5.966666667E-01, 5.065044831E-07, 0.000000000E+00, 6.513808286E+02, 3.218702853E+02, 1.096704320E+00, 3.440347228E+01, 3.440347234E+01, 2.389585924E+04
       193,-1.076533808E-03, 1.076533808E-03, 6.000000238E-01,-1.076458258E-03, 1.076458258E-03, 5.966666667E-01, 5.338454516E-07, 0.000000000E+00, 6.393104839E+02, 3.242044113E+02, 1.088808542E+00, 3.420538014E+01, 3.420538040E+01, 2.624847498E+04
       194,-1.817696262E-03, 1.817696262E-03, 6.000000238E-01,-1.817324888E-03, 1.817324888E-03, 5.966666667E-01, 5.811356110E-07, 0.000000000E+00, 6.169381284E+02, 3.285822200E+02, 1.074301988E+00, 3.382517339E+01, 3.382517397E+01, 3.066155014E+04
       195,-2.564554801E-03, 2.564554801E-03, 6.000000238E-01,-2.563381748E-03, 2.563381748E-03, 5.966666667E-01, 6.168069242E-07, 0.000000000E+00, 5.872662292E+02, 3.344252441E+02, 1.055531957E+00, 3.329030684E+01, 3.329030764E+01, 3.655283858E+04
       196,-3.240047721E-03, 3.240047488E-03, 6.000000238E-01,-3.237190572E-03, 3.237190572E-03, 5.966666667E-01, 5.500287908E-07, 0.000000000E+00, 5.552070571E+02, 3.408032192E+02, 1.035778163E+00, 3.267190208E+01, 3.267190293E+01, 4.298505551E+04
       197,-3.674950916E-03, 3.674951149E-03, 6.000000238E-01,-3.669488865E-03, 3.669488865E-03, 5.966666667E-01, 2.438993344E-07, 0.000000000E+00, 5.315408237E+02, 3.455834165E+02, 1.021451017E+00, 3.218807872E+01, 3.218807952E+01, 4.780697315E+04
       198,-3.764230292E-03, 4.288387485E-03, 6.000000238E-01,-3.769029306E-03, 4.296900333E-03, 5.966666667E-01, 6.119995882E-07, 0.000000000E+00, 5.098685348E+02, 3.499879450E+02, 1.008596260E+00, 3.172213592E+01, 3.172213673E+01, 5.225075232E+04
       199,-4.850606434E-03, 4.256685730E-03, 6.000000238E-01,-4.856256533E-03, 4.258977071E-03, 5.966666667E-01, 5.724605274E-07, 0.000000000E+00, 4.748322270E+02, 3.571716003E+02, 9.883107504E-01, 3.091974814E+01, 3.091974875E+01, 5.950163204E+04
       200,-5.802772939E-03, 3.882278688E-03, 6.000000238E-01,-5.808105861E-03, 3.880298426E-03, 5.966666667E-01, 5.281486930E-07, 0.000000000E+00, 4.465912872E+02, 3.630489757E+02, 9.723110541E-01, 3.022682183E+01, 3.022682231E+01, 6.543784608E+04
       201,-6.634338293E-03, 3.275901079E-03, 6.000000238E-01,-6.638481184E-03, 3.272515104E-03, 5.966666667E-01, 4.834921837E-07, 0.000000000E+00, 4.214634265E+02, 3.683584910E+02, 9.582961732E-01, 2.957315457E+01, 2.957315494E+01, 7.080348487E+04
       202,-7.355427835E-03, 2.499491675E-03, 6.000000238E-01,-7.358243837E-03, 2.496441668E-03, 5.966666667E-01, 4.367826766E-07, 0.000000000E+00, 3.964092761E+02, 3.737426086E+02, 9.444910057E-01, 2.888415099E+01, 2.888415127E+01, 7.624739343E+04
       203,-7.952854969E-03, 1.583242090E-03, 6.000000238E-01,-7.954561338E-03, 1.581230697E-03, 5.966666667E-01, 3.877163104E-07, 0.000000000E+00, 3.701873668E+02, 3.794915806E+02, 9.301827770E-01, 2.812011888E+01, 2.812011908E+01, 8.206340823E+04
       204,-8.402353153E-03, 5.510787014E-04, 6.000000238E-01,-8.403320083E-03, 5.503747134E-04, 5.966666667E-01, 3.376875003E-07, 0.000000000E+00, 3.425785623E+02, 3.856944911E+02, 9.152231634E-01, 2.726404829E+01, 2.726404843E+01, 8.834236215E+04
       205,-8.681237698E-03,-5.692933337E-04, 6.000000238E-01,-8.681893745E-03,-5.685690090E-04, 5.966666667E-01, 2.885635180E-07, 0.000000000E+00, 3.136243742E+02, 3.923967235E+02, 8.995909270E-01, 2.630340250E+01, 2.630340260E+01, 9.513108392E+04
       206,-8.773606271E-03,-1.745908521E-03, 6.000000238E-01,-8.774402310E-03,-1.743716728E-03, 5.966666667E-01, 2.419887598E-07, 0.000000000E+00, 2.833678853E+02, 3.996610034E+02, 8.832398690E-01, 2.522223953E+01, 2.522223960E+01, 1.024941790E+05
       207,-8.671076968E-03,-2.944422420E-03, 6.000000238E-01,-8.672447440E-03,-2.940883713E-03, 5.966666667E-01, 1.992521786E-07, 0.000000000E+00, 2.518853169E+02, 4.075671865E+02, 8.661063597E-01, 2.400092346E+01, 2.400092351E+01, 1.105150513E+05
       208,-8.371889591E-03,-4.129608627E-03, 6.000000238E-01,-8.374078362E-03,-4.125262651E-03, 5.966666667E-01, 1.614694825E-07, 0.000000000E+00, 2.192366642E+02, 4.162294794E+02, 8.480815265E-01, 2.261175049E+01, 2.261175052E+01, 1.193130456E+05
       209, 2.384747379E-03,-4.820572678E-03, 6.000000238E-01, 2.385056029E-03,-4.832235626E-03, 5.966666667E-01, 6.213272719E-07, 0.000000000E+00, 5.237797290E+02, 3.471297774E+02, 1.016900754E+00, 3.202254253E+01, 3.202254339E+01, 4.936702596E+04
       210, 1.942398725E-03,-5.708118435E-03, 6.000000238E-01, 1.941140455E-03,-5.716232548E-03, 5.966666667E-01, 5.992703727E-07, 0.000000000E+00, 4.953707898E+02, 3.529189867E+02, 1.000219726E+00, 3.139626134E+01, 3.139626205E+01, 5.520859939E+04
       211, 1.295728027E-03,-6.502171047E-03, 6.000000238E-01, 1.294446376E-03,-6.507559797E-03, 5.966666667E-01, 5.603257899E-07, 0.000000000E+00, 4.658700236E+02, 3.590014972E+02, 9.832731480E-01, 3.070335643E+01, 3.070335700E+01, 6.134947779E+04
       212, 4.702341394E-04,-7.164538372E-03, 6.000000238E-01, 4.696903909E-04,-7.167958872E-03, 5.966666667E-01, 5.089394943E-07, 0.000000000E+00, 4.350908713E+02, 3.654496114E+02, 9.659239502E-01, 2.993136355E+01, 2.993136397E+01, 6.786350823E+04
       213,-5.024285638E-04,-7.657468785E-03, 6.000000238E-01,-5.018054574E-04,-7.659674068E-03, 5.966666667E-01, 4.498920298E-07, 0.000000000E+00, 4.031557659E+02, 3.722733327E+02, 9.482186912E-01, 2.907312112E+01, 2.907312142E+01, 7.476151351E+04
       214,-1.583242090E-03,-7.952854969E-03, 6.000000238E-01,-1.581230697E-03,-7.954561338E-03, 5.966666667E-01, 3.877163104E-07, 0.000000000E+00, 3.701873668E+02, 3.794915806E+02, 9.301827770E-01, 2.812011888E+01, 2.812011908E+01, 8.206340823E+04
       215,-2.728817519E-03,-8.033539169E-03, 6.000000238E-01,-2.725441415E-03,-8.035390150E-03, 5.966666667E-01, 3.263054093E-07, 0.000000000E+00, 3.363192791E+02, 3.871339677E+02, 9.118200977E-01, 2.706237115E+01, 2.706237129E+01, 8.980003578E+04
       216,-3.893682733E-03,-7.891708985E-03, 6.000000238E-01,-3.889447630E-03,-7.894124023E-03, 5.966666667E-01, 2.690505708E-07, 0.000000000E+00, 3.018855188E+02, 3.951974078E+02, 8.932157076E-01, 2.589441082E+01, 2.589441091E+01, 9.796924054E+04
       217,-5.031264387E-03,-7.527515758E-03, 6.000000238E-01,-5.027525815E-03,-7.530208995E-03, 5.966666667E-01, 2.192070773E-07, 0.000000000E+00, 2.679120900E+02, 4.035148355E+02, 8.748043473E-01, 2.463651811E+01, 2.463651817E+01, 1.064028237E+05
       218,-6.096327212E-03,-6.950860843E-03, 6.000000238E-01,-6.094940074E-03,-6.952311176E-03, 5.966666667E-01, 1.795699249E-07, 0.000000000E+00, 2.364239427E+02, 4.116235461E+02, 8.575712823E-01, 2.336059056E+01, 2.336059060E+01, 1.146336490E+05
       219,-7.052678149E-03,-6.185510661E-03, 6.000000238E-01,-7.054083136E-03,-6.184083530E-03, 5.966666667E-01, 1.506923174E-07, 0.000000000E+00, 2.093174353E+02, 4.189842262E+02, 8.425055412E-01, 2.216139074E+01, 2.216139076E+01, 1.221131492E+05
       220,-7.880108431E-03,-5.266154185E-03, 6.000000238E-01,-7.882681769E-03,-5.262335456E-03, 5.966666667E-01, 1.298208147E-07, 0.000000000E+00, 1.861841594E+02, 4.256058130E+02, 8.293978172E-01, 2.105006395E+01, 2.105006397E+01, 1.288481062E+05
       221, 3.015428782E-03,-3.949484788E-03, 6.000000238E-01, 3.013379239E-03,-3.943734986E-03, 5.966666667E-01, 4.123595895E-07, 0.000000000E+00, 5.406462716E+02, 3.437097473E+02, 1.027019266E+00, 3.237579359E+01, 3.237579444E+01, 4.591684218E+04
       222, 3.949484788E-03,-3.015429014E-03, 6.000000238E-01, 3.943734986E-03,-3.013379239E-03, 5.966666667E-01, 4.123595895E-07, 0.000000000E+00, 5.406462716E+02, 3.437097473E+02, 1.027019266E+00, 3.237579359E+01, 3.237579444E+01, 4.591684218E+04
       223, 3.348860424E-03,-2.479922725E-03, 6.000000238E-01, 3.345823492E-03,-2.479012602E-03, 5.966666667E-01, 5.886253745E-07, 0.000000000E+00, 5.697134148E+02, 3.379056763E+02, 1.044659966E+00, 3.295694819E+01, 3.295694904E+01, 4.006266858E+04
       224, 2.596989041E-03,-1.794529031E-03, 6.000000238E-01, 2.595738055E-03,-1.794210060E-03, 5.966666667E-01, 5.990847424E-07, 0.000000000E+00, 6.012003889E+02, 3.316743412E+02, 1.064286526E+00, 3.354584186E+01, 3.354584257E+01, 3.377904265E+04
       225, 1.824401086E-03,-1.072510961E-03, 6.000000238E-01, 1.824010234E-03,-1.072441383E-03, 5.966666667E-01, 5.569418069E-07, 0.000000000E+00, 6.276389129E+02, 3.264882440E+02, 1.081192168E+00, 3.400959863E+01, 3.400959907E+01, 2.855060998E+04
       226, 1.077256398E-03,-3.556048032E-04, 6.000000238E-01, 1.077178702E-03,-3.556002617E-04, 5.966666667E-01, 5.199868022E-07, 0.000000000E+00, 6.452064124E+02, 3.230589041E+02, 1.092669255E+00, 3.430259911E+01, 3.430259926E+01, 2.509386651E+04
       227, 3.558456374E-04, 3.558456374E-04, 6.000000238E-01, 3.558409490E-04, 3.558409490E-04, 5.966666667E-01, 5.065044831E-07, 0.000000000E+00, 6.513808286E+02, 3.218702853E+02, 1.096704320E+00, 3.440347228E+01, 3.440347234E+01, 2.389585924E+04
       228,-3.556048032E-04, 1.077256398E-03, 6.000000238E-01,-3.556002617E-04, 1.077178702E-03, 5.966666667E-01, 5.199868022E-07, 0.000000000E+00, 6.452064124E+02, 3.230589041E+02, 1.092669255E+00, 3.430259911E+01, 3.430259926E+01, 2.509386651E+04
       229,-1.072510961E-03, 1.824401086E-03, 6.000000238E-01,-1.072441383E-03, 1.824010234E-03, 5.966666667E-01, 5.569418069E-07, 0.000000000E+00, 6.276389129E+02, 3.264882440E+02, 1.081192168E+00, 3.400959863E+01, 3.400959907E+01, 2.855060998E+04
       230,-1.794529031E-03, 2.596989041E-03, 6.000000238E-01,-1.794210060E-03, 2.595738055E-03, 5.966666667E-01, 5.990847424E-07, 0.000000000E+00, 6.012003889E+02, 3.316743412E+02, 1.064286526E+00, 3.354584186E+01, 3.354584257E+01, 3.377904265E+04
       231,-2.479922492E-03, 3.348860424E-03, 6.000000238E-01,-2.479012602E-03, 3.345823492E-03, 5.966666667E-01, 5.886253745E-07, 0.000000000E+00, 5.697134148E+02, 3.379056763E+02, 1.044659966E+00, 3.295694819E+01, 3.295694904E+01, 4.006266858E+04
       232,-3.015429014E-03, 3.949484788E-03, 6.000000238E-01,-3.013379239E-03, 3.943734986E-03, 5.966666667E-01, 4.123595895E-07, 0.000000000E+00, 5.406462716E+02, 3.437097473E+02, 1.027019266E+00, 3.237579359E+01, 3.237579444E+01, 4.591684218E+04
       233,-3.101762384E-03, 4.631140269E-03, 6.000000238E-01,-3.103176171E-03, 4.641567575E-03, 5.966666667E-01, 6.164973525E-07, 0.000000000E+00, 5.156325776E+02, 3.487928124E+02, 1.012052197E+00, 3.184731036E+01, 3.184731120E+01, 5.104489267E+04
       234,-4.256685730E-03, 4.850606434E-03, 6.000000238E-01,-4.258977071E-03, 4.856256533E-03, 5.966666667E-01, 5.724605274E-07, 0.000000000E+00, 4.748322270E+02, 3.571716003E+02, 9.883107504E-01, 3.091974814E+01, 3.091974875E+01, 5.950163204E+04
       235,-5.315604620E-03, 4.663984291E-03, 6.000000238E-01,-5.319612649E-03, 4.664837046E-03, 5.966666667E-01, 5.188149762E-07, 0.000000000E+00, 4.412682011E+02, 3.641751308E+02, 9.693043331E-01, 3.009168901E+01, 3.009168945E+01, 6.657566946E+04
       236,-6.241431925E-03, 4.174503498E-03, 6.000000238E-01,-6.245685863E-03, 4.171804640E-03, 5.966666667E-01, 4.697765035E-07, 0.000000000E+00, 4.142411135E+02, 3.699109816E+02, 9.542742708E-01, 2.937887286E+01, 2.937887320E+01, 7.237291860E+04
       237,-7.042986806E-03, 3.476681421E-03, 6.000000238E-01,-7.046353416E-03, 3.472914165E-03, 5.966666667E-01, 4.244763245E-07, 0.000000000E+00, 3.900698921E+02, 3.751301564E+02, 9.409974811E-01, 2.870393500E+01, 2.870393526E+01, 7.765081984E+04
       238,-7.726572920E-03, 2.625006717E-03, 6.000000238E-01,-7.728796082E-03, 2.621756343E-03, 5.966666667E-01, 3.794653219E-07, 0.000000000E+00, 3.658797867E+02, 3.804549547E+02, 9.278274022E-01, 2.799039092E+01, 2.799039111E+01, 8.303834026E+04
       239,-8.279698901E-03, 1.648020116E-03, 6.000000238E-01,-8.280963826E-03, 1.645921102E-03, 5.966666667E-01, 3.338462521E-07, 0.000000000E+00, 3.404705093E+02, 3.861779722E+02, 9.140773365E-01, 2.719645598E+01, 2.719645612E+01, 8.883193205E+04
       240,-8.681237698E-03, 5.692932755E-04, 6.000000238E-01,-8.681893745E-03, 5.685690090E-04, 5.966666667E-01, 2.885635180E-07, 0.000000000E+00, 3.136243742E+02, 3.923967235E+02, 8.995909270E-01, 2.630340250E+01, 2.630340260E+01, 9.513108392E+04
       241,-8.911896497E-03,-5.843581748E-04, 6.000000238E-01,-8.912349810E-03,-5.836206323E-04, 5.966666667E-01, 2.450054524E-07, 0.000000000E+00, 2.853516647E+02, 3.991732306E+02, 8.843191507E-01, 2.529568811E+01, 2.529568819E+01, 1.019996058E+05
       242,-8.958524093E-03,-1.782557811E-03, 6.000000238E-01,-8.959200585E-03,-1.780342292E-03, 5.966666667E-01, 2.043606279E-07, 0.000000000E+00, 2.556701965E+02, 4.065897638E+02, 8.681884389E-01, 2.415331064E+01, 2.415331069E+01, 1.095229760E+05
       243,-8.814716712E-03,-2.992999274E-03, 6.000000238E-01,-8.816026455E-03,-2.989439775E-03, 5.966666667E-01, 1.675248605E-07, 0.000000000E+00, 2.245219236E+02, 4.147831179E+02, 8.510388129E-01, 2.284591576E+01, 2.284591579E+01, 1.178432952E+05
       244,-8.480075747E-03,-4.182763863E-03, 6.000000238E-01,-8.482239820E-03,-4.178405407E-03, 5.966666667E-01, 1.352713025E-07, 0.000000000E+00, 1.919221513E+02, 4.239198948E+02, 8.326963103E-01, 2.133382780E+01, 2.133382782E+01, 1.271327404E+05
       245, 3.101762384E-03,-4.631140269E-03, 6.000000238E-01, 3.103176171E-03,-4.641567575E-03, 5.966666667E-01, 6.164973525E-07, 0.000000000E+00, 5.156325776E+02, 3.487928124E+02, 1.012052197E+00, 3.184731036E+01, 3.184731120E+01, 5.104489267E+04
       246, 2.739628311E-03,-5.542861763E-03, 6.000000238E-01, 2.737968237E-03,-5.550517885E-03, 5.966666667E-01, 5.907096666E-07, 0.000000000E+00, 4.882002500E+02, 3.543974047E+02, 9.960471706E-01, 3.123224539E+01, 3.123224606E+01, 5.670086402E+04
       247, 2.164247679E-03,-6.364120636E-03, 6.000000238E-01, 2.162061938E-03,-6.369491644E-03, 5.966666667E-01, 5.525395406E-07, 0.000000000E+00, 4.610060611E+02, 3.600182679E+02, 9.804961684E-01, 3.058500364E+01, 3.058500419E+01, 6.237636640E+04
       248, 1.410223776E-03,-7.079871371E-03, 6.000000238E-01, 1.408573492E-03,-7.083400597E-03, 5.966666667E-01, 5.045921339E-07, 0.000000000E+00, 4.327315260E+02, 3.659513448E+02, 9.645996313E-01, 2.987011423E+01, 2.987011464E+01, 6.837054496E+04
       249, 5.024285638E-04,-7.657469250E-03, 6.000000238E-01, 5.018054574E-04,-7.659674068E-03, 5.966666667E-01, 4.498920298E-07, 0.000000000E+00, 4.031557659E+02, 3.722733327E+02, 9.482186912E-01, 2.907312112E+01, 2.907312142E+01, 7.476151351E+04
       250,-5.290558911E-04,-8.065160364E-03, 6.000000238E-01,-5.283833135E-04,-8.066608792E-03, 5.966666667E-01, 3.919056080E-07, 0.000000000E+00, 3.723704229E+02, 3.790049884E+02, 9.313770084E-01, 2.818537894E+01, 2.818537915E+01, 8.157101354E+04
       251,-1.648020116E-03,-8.279698901E-03, 6.000000238E-01,-1.645921102E-03,-8.280963826E-03, 5.966666667E-01, 3.338462521E-07, 0.000000000E+00, 3.404705093E+02, 3.861779722E+02, 9.140773365E-01, 2.719645598E+01, 2.719645612E+01, 8.883193205E+04
       252,-2.814677311E-03,-8.287423290E-03, 6.000000238E-01,-2.811221366E-03,-8.289039240E-03, 5.966666667E-01, 2.784019653E-07, 0.000000000E+00, 3.075719336E+02, 3.938354723E+02, 8.963045664E-01, 2.609404728E+01, 2.609404738E+01, 9.658898479E+04
       253,-3.987634555E-03,-8.082929067E-03, 6.000000238E-01,-3.983343796E-03,-8.085230901E-03, 5.966666667E-01, 2.279101291E-07, 0.000000000E+00, 2.739685091E+02, 4.019947052E+02, 8.781123924E-01, 2.486898641E+01, 2.486898648E+01, 1.048608253E+05
       254,-5.124803632E-03,-7.667928003E-03, 6.000000238E-01,-5.121024606E-03,-7.670560039E-03, 5.966666667E-01, 1.846779659E-07, 0.000000000E+00, 2.405882368E+02, 4.105205309E+02, 8.598754647E-01, 2.353595242E+01, 2.353595246E+01, 1.135134818E+05
       255,-6.185510196E-03,-7.052678149E-03, 6.000000238E-01,-6.184083530E-03,-7.054083136E-03, 5.966666667E-01, 1.506923174E-07, 0.000000000E+00, 2.093174353E+02, 4.189842262E+02, 8.425055412E-01, 2.216139074E+01, 2.216139076E+01, 1.221131492E+05
       256,-7.136888802E-03,-6.259271875E-03, 6.000000238E-01,-7.138263953E-03,-6.257818662E-03, 5.966666667E-01, 1.261214138E-07, 0.000000000E+00, 1.821441190E+02, 4.268064962E+02, 8.270645724E-01, 2.084671080E+01, 2.084671082E+01, 1.300700041E+05
       257,-7.959549315E-03,-5.319075659E-03, 6.000000238E-01,-7.962109559E-03,-5.315248510E-03, 5.966666667E-01, 1.084527402E-07, 0.000000000E+00, 1.588015854E+02, 4.339562216E+02, 8.134381182E-01, 1.960797985E+01, 1.960797987E+01, 1.373502362E+05
       258, 3.674950916E-03,-3.674950916E-03, 6.000000238E-01, 3.669488865E-03,-3.669488865E-03, 5.966666667E-01, 2.438993344E-07, 0.000000000E+00, 5.315408237E+02, 3.455834165E+02, 1.021451017E+00, 3.218807872E+01, 3.218807952E+01, 4.780697315E+04
       259, 4.082478583E-03,-2.305219183E-03, 6.000000238E-01, 4.076842442E-03,-2.305268602E-03, 5.966666667E-01, 4.709030643E-07, 0.000000000E+00, 5.511076141E+02, 3.416061942E+02, 1.033343476E+00, 3.258883147E+01, 3.258883233E+01, 4.379497489E+04
       260, 4.631140269E-03,-3.101762384E-03, 6.000000238E-01, 4.641567575E-03,-3.103176171E-03, 5.966666667E-01, 6.164973525E-07, 0.000000000E+00, 5.156325776E+02, 3.487928124E+02, 1.012052197E+00, 3.184731036E+01, 3.184731120E+01, 5.104489267E+04
       261, 3.390561556E-03,-1.734077465E-03, 6.000000238E-01, 3.387419836E-03,-1.734003159E-03, 5.966666667E-01, 5.748591436E-07, 0.000000000E+00, 5.814131146E+02, 3.355797109E+02, 1.051900698E+00, 3.318037316E+01, 3.318037398E+01, 3.771700301E+04
       262, 2.606375609E-03,-1.058610622E-03, 6.000000238E-01, 2.605069615E-03,-1.058572516E-03, 5.966666667E-01, 5.740758154E-07, 0.000000000E+00, 6.105943030E+02, 3.298267288E+02, 1.070248411E+00, 3.371373818E+01, 3.371373881E+01, 3.191622434E+04
       263, 1.825605403E-03,-3.542638442E-04, 6.000000238E-01, 1.825204009E-03,-3.542605916E-04, 5.966666667E-01, 5.424254734E-07, 0.000000000E+00, 6.330200256E+02, 3.254385135E+02, 1.084679648E+00, 3.410073025E+01, 3.410073061E+01, 2.749244122E+04
       264, 1.077256398E-03, 3.556047741E-04, 6.000000238E-01, 1.077178702E-03, 3.556002617E-04, 5.966666667E-01, 5.199868022E-07, 0.000000000E+00, 6.452064124E+02, 3.230589041E+02, 1.092669255E+00, 3.430259911E+01, 3.430259926E+01, 2.509386651E+04
       265, 3.556048032E-04, 1.077256398E-03, 6.000000238E-01, 3.556002617E-04, 1.077178702E-03, 5.966666667E-01, 5.199868022E-07, 0.000000000E+00, 6.452064124E+02, 3.230589041E+02, 1.092669255E+00, 3.430259911E+01, 3.430259926E+01, 2.509386651E+04
       266,-3.542638442E-04, 1.825605403E-03, 6.000000238E-01,-3.542605916E-04, 1.825204009E-03, 5.966666667E-01, 5.424254734E-07, 0.000000000E+00, 6.330200256E+02, 3.254385135E+02, 1.084679648E+00, 3.410073025E+01, 3.410073061E+01, 2.749244122E+04
       267,-1.058610622E-03, 2.606375609E-03, 6.000000238E-01,-1.058572516E-03, 2.605069615E-03, 5.966666667E-01, 5.740758154E-07, 0.000000000E+00, 6.105943030E+02, 3.298267288E+02, 1.070248411E+00, 3.371373818E+01, 3.371373881E+01, 3.191622434E+04
       268,-1.734077348E-03, 3.390561556E-03, 6.000000238E-01,-1.734003159E-03, 3.387419836E-03, 5.966666667E-01, 5.748591436E-07, 0.000000000E+00, 5.814131146E+02, 3.355797109E+02, 1.051900698E+00, 3.318037316E+01, 3.318037398E+01, 3.771700301E+04
       269,-2.305219183E-03, 4.082478583E-03, 6.000000238E-01,-2.305268602E-03, 4.076842442E-03, 5.966666667E-01, 4.709030643E-07, 0.000000000E+00, 5.511076141E+02, 3.416061942E+02, 1.033343476E+00, 3.258883147E+01, 3.258883233E+01, 4.379497489E+04
       270,-2.384747379E-03, 4.820572678E-03, 6.000000238E-01,-2.385056029E-03, 4.832235626E-03, 5.966666667E-01, 6.213272719E-07, 0.000000000E+00, 5.237797290E+02, 3.471297774E+02, 1.016900754E+00, 3.202254253E+01, 3.202254339E+01, 4.936702596E+04
       271,-3.528956324E-03, 5.272400565E-03, 6.000000238E-01,-3.528197927E-03, 5.279567770E-03, 5.966666667E-01, 5.803211172E-07, 0.000000000E+00, 4.803532849E+02, 3.560228736E+02, 9.914995875E-01, 3.104988114E+01, 3.104988178E+01, 5.834180895E+04
       272,-4.663984291E-03, 5.315604620E-03, 6.000000238E-01,-4.664837046E-03, 5.319612649E-03, 5.966666667E-01, 5.188149762E-07, 0.000000000E+00, 4.412682011E+02, 3.641751308E+02, 9.693043331E-01, 3.009168901E+01, 3.009168945E+01, 6.657566946E+04
       273,-5.700194743E-03, 5.000852048E-03, 6.000000238E-01,-5.703217361E-03, 5.000841674E-03, 5.966666667E-01, 4.601192732E-07, 0.000000000E+00, 4.091631315E+02, 3.710074763E+02, 9.514539593E-01, 2.924039891E+01, 2.924039922E+01, 7.348152507E+04
       274,-6.604236551E-03, 4.416196141E-03, 6.000000238E-01,-6.607837751E-03, 4.413062295E-03, 5.966666667E-01, 4.110857695E-07, 0.000000000E+00, 3.831339698E+02, 3.766561462E+02, 9.371851112E-01, 2.850375117E+01, 2.850375141E+01, 7.919449482E+04
       275,-7.380969822E-03, 3.642742289E-03, 6.000000238E-01,-7.383862103E-03, 3.638741644E-03, 5.966666667E-01, 3.678963368E-07, 0.000000000E+00, 3.597810814E+02, 3.818251658E+02, 9.244978169E-01, 2.780446975E+01, 2.780446993E+01, 8.442515017E+04
       276,-8.033539169E-03, 2.728817519E-03, 6.000000238E-01,-8.035390150E-03, 2.725441415E-03, 5.966666667E-01, 3.263054093E-07, 0.000000000E+00, 3.363192791E+02, 3.871339677E+02, 9.118200977E-01, 2.706237115E+01, 2.706237129E+01, 8.980003578E+04
       277,-8.550025523E-03, 1.701596659E-03, 6.000000238E-01,-8.551005856E-03, 1.699441308E-03, 5.966666667E-01, 2.851290465E-07, 0.000000000E+00, 3.115825541E+02, 3.928804956E+02, 8.984832188E-01, 2.623311913E+01, 2.623311923E+01, 9.562127268E+04
       278,-8.911896497E-03, 5.843581748E-04, 6.000000238E-01,-8.912349810E-03, 5.836206323E-04, 5.966666667E-01, 2.450054524E-07, 0.000000000E+00, 2.853516647E+02, 3.991732306E+02, 8.843191507E-01, 2.529568811E+01, 2.529568819E+01, 1.019996058E+05
       279,-9.102669545E-03,-5.968179903E-04, 6.000000238E-01,-9.102988969E-03,-5.960717204E-04, 5.966666667E-01, 2.069761415E-07, 0.000000000E+00, 2.576031548E+02, 4.060939872E+02, 8.692483598E-01, 2.423053349E+01, 2.423053354E+01, 1.090198183E+05
       280,-9.111465886E-03,-1.812869683E-03, 6.000000238E-01,-9.112063680E-03,-1.810638555E-03, 5.966666667E-01, 1.719068602E-07, 0.000000000E+00, 2.282341677E+02, 4.137757739E+02, 8.531106811E-01, 2.300807652E+01, 2.300807656E+01, 1.168198345E+05
       281,-8.933518082E-03,-3.033175832E-03, 6.000000238E-01,-8.934789308E-03,-3.029603419E-03, 5.966666667E-01, 1.404220580E-07, 0.000000000E+00, 1.971314184E+02, 4.224079831E+02, 8.356767542E-01, 2.158649283E+01, 2.158649285E+01, 1.255947589E+05
       282,-8.569554426E-03,-4.226726945E-03, 6.000000238E-01,-8.571704354E-03,-4.222361841E-03, 5.966666667E-01, 1.130588402E-07, 0.000000000E+00, 1.644397259E+02, 4.321774771E+02, 8.167860450E-01, 1.991740765E+01, 1.991740766E+01, 1.355383549E+05
       283, 3.764230292E-03,-4.288387485E-03, 6.000000238E-01, 3.769029306E-03,-4.296900333E-03, 5.966666667E-01, 6.119995882E-07, 0.000000000E+00, 5.098685348E+02, 3.499879450E+02, 1.008596260E+00, 3.172213592E+01, 3.172213673E+01, 5.225075232E+04
       284, 3.528956324E-03,-5.272400565E-03, 6.000000238E-01, 3.528197927E-03,-5.279567770E-03, 5.966666667E-01, 5.803211172E-07, 0.000000000E+00, 4.803532849E+02, 3.560228736E+02, 9.914995875E-01, 3.104988114E+01, 3.104988178E+01, 5.834180895E+04
       285, 3.033142304E-03,-6.140251178E-03, 6.000000238E-01, 3.030391317E-03,-6.145686613E-03, 5.966666667E-01, 5.411145742E-07, 0.000000000E+00, 4.541231347E+02, 3.614620749E+02, 9.765797209E-01, 3.041537541E+01, 3.041537593E+01, 6.383471835E+04
       286, 2.347734291E-03,-6.906685419E-03, 6.000000238E-01, 2.345009116E-03,-6.910461705E-03, 5.966666667E-01, 4.959134699E-07, 0.000000000E+00, 4.280655431E+02, 3.669459646E+02, 9.619850504E-01, 2.974804498E+01, 2.974804538E+01, 6.937575236E+04
       287, 1.504920539E-03,-7.557674777E-03, 6.000000238E-01, 1.503047494E-03,-7.560079471E-03, 5.966666667E-01, 4.454920934E-07, 0.000000000E+00, 4.008887669E+02, 3.727661358E+02, 9.469651302E-01, 2.900993978E+01, 2.900994007E+01, 7.525986159E+04
       288, 5.290558911E-04,-8.065160364E-03, 6.000000238E-01, 5.283833135E-04,-8.066608792E-03, 5.966666667E-01, 3.919056080E-07, 0.000000000E+00, 3.723704229E+02, 3.790049884E+02, 9.313770084E-01, 2.818537894E+01, 2.818537915E+01, 8.157101354E+04
       289,-5.510787014E-04,-8.402353153E-03, 6.000000238E-01,-5.503747134E-04,-8.403320083E-03, 5.966666667E-01, 3.376875003E-07, 0.000000000E+00, 3.425785623E+02, 3.856944911E+02, 9.152231634E-01, 2.726404829E+01, 2.726404843E+01, 8.834236215E+04
       290,-1.701596659E-03,-8.550025523E-03, 6.000000238E-01,-1.699441308E-03,-8.551005856E-03, 5.966666667E-01, 2.851290465E-07, 0.000000000E+00, 3.115825541E+02, 3.928804956E+02, 8.984832188E-01, 2.623311913E+01, 2.623311923E+01, 9.562127268E+04
       291,-2.885689726E-03,-8.497404866E-03, 6.000000238E-01,-2.882183186E-03,-8.498871501E-03, 5.966666667E-01, 2.360896041E-07, 0.000000000E+00, 2.794824093E+02, 4.006219950E+02, 8.811211982E-01, 2.507730081E+01, 2.507730088E+01, 1.034686458E+05
       292,-4.065340385E-03,-8.241083473E-03, 6.000000238E-01,-4.061014975E-03,-8.243315060E-03, 5.966666667E-01, 1.921826129E-07, 0.000000000E+00, 2.465054565E+02, 4.089668005E+02, 8.631422693E-01, 2.378142304E+01, 2.378142308E+01, 1.119358797E+05
       293,-5.202168133E-03,-7.784059271E-03, 6.000000238E-01,-5.198364054E-03,-7.786654290E-03, 5.966666667E-01, 1.550528610E-07, 0.000000000E+00, 2.134164203E+02, 4.178392262E+02, 8.448142494E-01, 2.234925724E+01, 2.234925727E+01, 1.209491678E+05
       294,-6.259271875E-03,-7.136888802E-03, 6.000000238E-01,-6.257818662E-03,-7.138263953E-03, 5.966666667E-01, 1.261214138E-07, 0.000000000E+00, 1.821441190E+02, 4.268064962E+02, 8.270645724E-01, 2.084671080E+01, 2.084671082E+01, 1.300700041E+05
       295,-7.206537295E-03,-6.320278160E-03, 6.000000238E-01,-7.207892974E-03,-6.318807676E-03, 5.966666667E-01, 1.053295046E-07, 0.000000000E+00, 1.548386954E+02, 4.352231818E+02, 8.110701521E-01, 1.938615698E+01, 1.938615700E+01, 1.386410692E+05
       296,-8.025253192E-03,-5.362845957E-03, 6.000000238E-01,-8.027806228E-03,-5.359014192E-03, 5.966666667E-01, 9.043819386E-08, 0.000000000E+00, 1.313720473E+02, 4.430113039E+02, 7.968115694E-01, 1.799018698E+01, 1.799018699E+01, 1.465808759E+05
       297, 4.288387485E-03,-3.764230292E-03, 6.000000238E-01, 4.296900333E-03,-3.769029306E-03, 5.966666667E-01, 6.119995882E-07, 0.000000000E+00, 5.098685348E+02, 3.499879450E+02, 1.008596260E+00, 3.172213592E+01, 3.172213673E+01, 5.225075232E+04
       298, 4.133446142E-03,-1.609289437E-03, 6.000000238E-01, 4.127739223E-03,-1.610079647E-03, 5.966666667E-01, 4.677851922E-07, 0.000000000E+00, 5.601054716E+02, 3.398065075E+02, 1.038816281E+00, 3.276837054E+01, 3.276837141E+01, 4.197975998E+04
       299, 4.820573144E-03,-2.384747379E-03, 6.000000238E-01, 4.832235626E-03,-2.385056029E-03, 5.966666667E-01, 6.213272719E-07, 0.000000000E+00, 5.237797290E+02, 3.471297774E+02, 1.016900754E+00, 3.202254253E+01, 3.202254339E+01, 4.936702596E+04
       300, 5.272400565E-03,-3.528956091E-03, 6.000000238E-01, 5.279567770E-03,-3.528197927E-03, 5.966666667E-01, 5.803211172E-07, 0.000000000E+00, 4.803532849E+02, 3.560228736E+02, 9.914995875E-01, 3.104988114E+01, 3.104988178E+01, 5.834180895E+04
       301, 3.402630100E-03,-1.022339682E-03, 6.000000238E-01, 3.399358916E-03,-1.022470806E-03, 5.966666667E-01, 5.509921557E-07, 0.000000000E+00, 5.893018229E+02, 3.340171341E+02, 1.056821630E+00, 3.332785050E+01, 3.332785129E+01, 3.614131316E+04
       302, 2.608061535E-03,-3.496303980E-04, 6.000000238E-01, 2.606720544E-03,-3.496378060E-04, 5.966666667E-01, 5.589492242E-07, 0.000000000E+00, 6.152833555E+02, 3.289067075E+02, 1.073242121E+00, 3.379625789E+01, 3.379625847E+01, 3.098868223E+04
       303, 1.825605403E-03, 3.542638442E-04, 6.000000238E-01, 1.825204009E-03, 3.542605916E-04, 5.966666667E-01, 5.424254734E-07, 0.000000000E+00, 6.330200256E+02, 3.254385135E+02, 1.084679648E+00, 3.410073025E+01, 3.410073061E+01, 2.749244122E+04
       304, 1.076533808E-03, 1.076533808E-03, 6.000000238E-01, 1.076458258E-03, 1.076458258E-03, 5.966666667E-01, 5.338454516E-07, 0.000000000E+00, 6.393104839E+02, 3.242044113E+02, 1.088808542E+00, 3.420538014E+01, 3.420538040E+01, 2.624847498E+04
       305, 3.542638442E-04, 1.825605403E-03, 6.000000238E-01, 3.542605916E-04, 1.825204009E-03, 5.966666667E-01, 5.424254734E-07, 0.000000000E+00, 6.330200256E+02, 3.254385135E+02, 1.084679648E+00, 3.410073025E+01, 3.410073061E+01, 2.749244122E+04
       306,-3.496303980E-04, 2.608061535E-03, 6.000000238E-01,-3.496378060E-04, 2.606720544E-03, 5.966666667E-01, 5.589492242E-07, 0.000000000E+00, 6.152833555E+02, 3.289067075E+02, 1.073242121E+00, 3.379625789E+01, 3.379625847E+01, 3.098868223E+04
       307,-1.022339682E-03, 3.402630100E-03, 6.000000238E-01,-1.022470806E-03, 3.399358916E-03, 5.966666667E-01, 5.509921557E-07, 0.000000000E+00, 5.893018229E+02, 3.340171341E+02, 1.056821630E+00, 3.332785050E+01, 3.332785129E+01, 3.614131316E+04
       308,-1.609289320E-03, 4.133446608E-03, 6.000000238E-01,-1.610079647E-03, 4.127739223E-03, 5.966666667E-01, 4.677851922E-07, 0.000000000E+00, 5.601054716E+02, 3.398065075E+02, 1.038816281E+00, 3.276837054E+01, 3.276837141E+01, 4.197975998E+04
       309,-1.674166066E-03, 4.914961755E-03, 6.000000238E-01,-1.674595543E-03, 4.928066155E-03, 5.966666667E-01, 6.239987061E-07, 0.000000000E+00, 5.312168806E+02, 3.456213230E+02, 1.021338988E+00, 3.218003695E+01, 3.218003783E+01, 4.784521412E+04
       310,-2.739628311E-03, 5.542861763E-03, 6.000000238E-01,-2.737968237E-03, 5.550517885E-03, 5.966666667E-01, 5.907096666E-07, 0.000000000E+00, 4.882002500E+02, 3.543974047E+02, 9.960471706E-01, 3.123224539E+01, 3.123224606E+01, 5.670086402E+04
       311,-3.882278688E-03, 5.802772939E-03, 6.000000238E-01,-3.880298426E-03, 5.808105861E-03, 5.966666667E-01, 5.281486930E-07, 0.000000000E+00, 4.465912872E+02, 3.630489757E+02, 9.723110541E-01, 3.022682183E+01, 3.022682231E+01, 6.543784608E+04
       312,-5.000852048E-03, 5.700194743E-03, 6.000000238E-01,-5.000841674E-03, 5.703217361E-03, 5.966666667E-01, 4.601192732E-07, 0.000000000E+00, 4.091631315E+02, 3.710074763E+02, 9.514539593E-01, 2.924039891E+01, 2.924039922E+01, 7.348152507E+04
       313,-6.018280052E-03, 5.279466975E-03, 6.000000238E-01,-6.020694031E-03, 5.278923843E-03, 5.966666667E-01, 4.017731153E-07, 0.000000000E+00, 3.782657767E+02, 3.777325646E+02, 9.345144299E-01, 2.836134325E+01, 2.836134347E+01, 8.028352823E+04
       314,-6.904304493E-03, 4.616094287E-03, 6.000000238E-01,-6.907503053E-03, 4.612692755E-03, 5.966666667E-01, 3.554213022E-07, 0.000000000E+00, 3.531041534E+02, 3.833339556E+02, 9.208590242E-01, 2.759783067E+01, 2.759783084E+01, 8.595243456E+04
       315,-7.660508621E-03, 3.780087456E-03, 6.000000238E-01,-7.663106743E-03, 3.775942364E-03, 5.966666667E-01, 3.157856588E-07, 0.000000000E+00, 3.304382025E+02, 3.884953545E+02, 9.086248476E-01, 2.687007905E+01, 2.687007918E+01, 9.117882309E+04
       316,-8.287423290E-03, 2.814677311E-03, 6.000000238E-01,-8.289039240E-03, 2.811221366E-03, 5.966666667E-01, 2.784019653E-07, 0.000000000E+00, 3.075719336E+02, 3.938354723E+02, 8.963045664E-01, 2.609404728E+01, 2.609404738E+01, 9.658898479E+04
       317,-8.773605339E-03, 1.745908405E-03, 6.000000238E-01,-8.774402310E-03, 1.743716728E-03, 5.966666667E-01, 2.419887598E-07, 0.000000000E+00, 2.833678853E+02, 3.996610034E+02, 8.832398690E-01, 2.522223953E+01, 2.522223960E+01, 1.024941790E+05
       318,-9.102669545E-03, 5.968179903E-04, 6.000000238E-01,-9.102988969E-03, 5.960717204E-04, 5.966666667E-01, 2.069761415E-07, 0.000000000E+00, 2.576031548E+02, 4.060939872E+02, 8.692483598E-01, 2.423053349E+01, 2.423053354E+01, 1.090198183E+05
       319,-9.260453284E-03,-6.071232492E-04, 6.000000238E-01,-9.260684213E-03,-6.063711647E-04, 5.966666667E-01, 1.741525043E-07, 0.000000000E+00, 2.301312437E+02, 4.132650667E+02, 8.541649433E-01, 2.309026567E+01, 2.309026571E+01, 1.163010107E+05
       320,-9.237960912E-03,-1.837939955E-03, 6.000000238E-01,-9.238506688E-03,-1.835698564E-03, 5.966666667E-01, 1.441536509E-07, 0.000000000E+00, 2.007880977E+02, 4.213569990E+02, 8.377611696E-01, 2.176114271E+01, 2.176114273E+01, 1.245258412E+05
       321,-9.031775407E-03,-3.066404955E-03, 6.000000238E-01,-9.033023194E-03,-3.062824504E-03, 5.966666667E-01, 1.174163845E-07, 0.000000000E+00, 1.695655812E+02, 4.305833335E+02, 8.198100223E-01, 2.019270381E+01, 2.019270383E+01, 1.339148898E+05
       322,-8.643560112E-03,-4.263088573E-03, 6.000000238E-01,-8.645702847E-03,-4.258719374E-03, 5.966666667E-01, 9.431491804E-08, 0.000000000E+00, 1.368392537E+02, 4.411337730E+02, 8.002029178E-01, 1.832867147E+01, 1.832867148E+01, 1.446660007E+05
       323, 4.256685730E-03,-4.850606434E-03, 6.000000238E-01, 4.258977071E-03,-4.856256533E-03, 5.966666667E-01, 5.724605274E-07, 0.000000000E+00, 4.748322270E+02, 3.571716003E+02, 9.883107504E-01, 3.091974814E+01, 3.091974875E+01, 5.950163204E+04
       324, 3.882278688E-03,-5.802772939E-03, 6.000000238E-01, 3.880298426E-03,-5.808105861E-03, 5.966666667E-01, 5.281486930E-07, 0.000000000E+00, 4.465912872E+02, 3.630489757E+02, 9.723110541E-01, 3.022682183E+01, 3.022682231E+01, 6.543784608E+04
       325, 3.275901079E-03,-6.634338293E-03, 6.000000238E-01, 3.272515104E-03,-6.638481184E-03, 5.966666667E-01, 4.834921837E-07, 0.000000000E+00, 4.214634265E+02, 3.683584910E+02, 9.582961732E-01, 2.957315457E+01, 2.957315494E+01, 7.080348487E+04
       326, 2.499491675E-03,-7.355427835E-03, 6.000000238E-01, 2.496441668E-03,-7.358243837E-03, 5.966666667E-01, 4.367826766E-07, 0.000000000E+00, 3.964092761E+02, 3.737426086E+02, 9.444910057E-01, 2.888415099E+01, 2.888415127E+01, 7.624739343E+04
       327, 1.583242090E-03,-7.952854969E-03, 6.000000238E-01, 1.581230697E-03,-7.954561338E-03, 5.966666667E-01, 3.877163104E-07, 0.000000000E+00, 3.701873668E+02, 3.794915806E+02, 9.301827770E-01, 2.812011888E+01, 2.812011908E+01, 8.206340823E+04
       328, 5.510787014E-04,-8.402353153E-03, 6.000000238E-01, 5.503747134E-04,-8.403320083E-03, 5.966666667E-01, 3.376875003E-07, 0.000000000E+00, 3.425785623E+02, 3.856944911E+02, 9.152231634E-01, 2.726404829E+01, 2.726404843E+01, 8.834236215E+04
       329,-5.692932755E-04,-8.681237698E-03, 6.000000238E-01,-5.685690090E-04,-8.681893745E-03, 5.966666667E-01, 2.885635180E-07, 0.000000000E+00, 3.136243742E+02, 3.923967235E+02, 8.995909270E-01, 2.630340250E+01, 2.630340260E+01, 9.513108392E+04
       330,-1.745908405E-03,-8.773605339E-03, 6.000000238E-01,-1.743716728E-03,-8.774402310E-03, 5.966666667E-01, 2.419887598E-07, 0.000000000E+00, 2.833678853E+02, 3.996610034E+02, 8.832398690E-01, 2.522223953E+01, 2.522223960E+01, 1.024941790E+05
       331,-2.944422420E-03,-8.671076968E-03, 6.000000238E-01,-2.940883713E-03,-8.672447440E-03, 5.966666667E-01, 1.992521786E-07, 0.000000000E+00, 2.518853169E+02, 4.075671865E+02, 8.661063597E-01, 2.400092346E+01, 2.400092351E+01, 1.105150513E+05
       332,-4.129608627E-03,-8.371889591E-03, 6.000000238E-01,-4.125262651E-03,-8.374078362E-03, 5.966666667E-01, 1.614694825E-07, 0.000000000E+00, 2.192366642E+02, 4.162294794E+02, 8.480815265E-01, 2.261175049E+01, 2.261175052E+01, 1.193130456E+05
       333,-5.266154185E-03,-7.880109362E-03, 6.000000238E-01,-5.262335456E-03,-7.882681769E-03, 5.966666667E-01, 1.298208147E-07, 0.000000000E+00, 1.861841594E+02, 4.256058130E+02, 8.293978172E-01, 2.105006395E+01, 2.105006397E+01, 1.288481062E+05
       334,-6.320277695E-03,-7.206537295E-03, 6.000000238E-01,-6.318807676E-03,-7.207892974E-03, 5.966666667E-01, 1.053295046E-07, 0.000000000E+00, 1.548386954E+02, 4.352231818E+02, 8.110701521E-01, 1.938615698E+01, 1.938615700E+01, 1.386410692E+05
       335,-7.264141925E-03,-6.370734889E-03, 6.000000238E-01,-7.265484863E-03,-6.369253202E-03, 5.966666667E-01, 8.781156800E-08, 0.000000000E+00, 1.275445739E+02, 4.443464109E+02, 7.944174266E-01, 1.774784545E+01, 1.774784546E+01, 1.479428387E+05
       336,-8.079594932E-03,-5.399047397E-03, 6.000000238E-01,-8.082144953E-03,-5.395213461E-03, 5.966666667E-01, 7.530516763E-08, 0.000000000E+00, 1.043380767E+02, 4.528264437E+02, 7.795404557E-01, 1.616967613E+01, 1.616967614E+01, 1.565994338E+05
       337, 4.850606434E-03,-4.256685730E-03, 6.000000238E-01, 4.856256533E-03,-4.258977071E-03, 5.966666667E-01, 5.724605274E-07, 0.000000000E+00, 4.748322270E+02, 3.571716003E+02, 9.883107504E-01, 3.091974814E+01, 3.091974875E+01, 5.950163204E+04
       338, 4.148196895E-03,-9.474668186E-04, 6.000000238E-01, 4.142269384E-03,-9.481934315E-04, 5.966666667E-01, 4.491128626E-07, 0.000000000E+00, 5.663089673E+02, 3.385695413E+02, 1.042611603E+00, 3.289014214E+01, 3.289014301E+01, 4.073219602E+04
       339, 4.914961755E-03,-1.674166066E-03, 6.000000238E-01, 4.928066155E-03,-1.674595543E-03, 5.966666667E-01, 6.239987061E-07, 0.000000000E+00, 5.312168806E+02, 3.456213230E+02, 1.021338988E+00, 3.218003695E+01, 3.218003783E+01, 4.784521412E+04
       340, 5.542861763E-03,-2.739628311E-03, 6.000000238E-01, 5.550517885E-03,-2.737968237E-03, 5.966666667E-01, 5.907096666E-07, 0.000000000E+00, 4.882002500E+02, 3.543974047E+02, 9.960471706E-01, 3.123224539E+01, 3.123224606E+01, 5.670086402E+04
       341, 5.802772939E-03,-3.882278688E-03, 6.000000238E-01, 5.808105861E-03,-3.880298426E-03, 5.966666667E-01, 5.281486930E-07, 0.000000000E+00, 4.465912872E+02, 3.630489757E+02, 9.723110541E-01, 3.022682183E+01, 3.022682231E+01, 6.543784608E+04
       342, 3.404797753E-03,-3.375400556E-04, 6.000000238E-01, 3.401436783E-03,-3.376077162E-04, 5.966666667E-01, 5.360952662E-07, 0.000000000E+00, 5.932233918E+02, 3.332420600E+02, 1.059279649E+00, 3.340022900E+01, 3.340022977E+01, 3.535977085E+04
       343, 2.608061535E-03, 3.496303980E-04, 6.000000238E-01, 2.606720544E-03, 3.496378060E-04, 5.966666667E-01, 5.589492242E-07, 0.000000000E+00, 6.152833555E+02, 3.289067075E+02, 1.073242121E+00, 3.379625789E+01, 3.379625847E+01, 3.098868223E+04
       344, 1.824401086E-03, 1.072510961E-03, 6.000000238E-01, 1.824010234E-03, 1.072441383E-03, 5.966666667E-01, 5.569418069E-07, 0.000000000E+00, 6.276389129E+02, 3.264882440E+02, 1.081192168E+00, 3.400959863E+01, 3.400959907E+01, 2.855060998E+04
       345, 1.072510961E-03, 1.824401086E-03, 6.000000238E-01, 1.072441383E-03, 1.824010234E-03, 5.966666667E-01, 5.569418069E-07, 0.000000000E+00, 6.276389129E+02, 3.264882440E+02, 1.081192168E+00, 3.400959863E+01, 3.400959907E+01, 2.855060998E+04
       346, 3.496303980E-04, 2.608061535E-03, 6.000000238E-01, 3.496378060E-04, 2.606720544E-03, 5.966666667E-01, 5.589492242E-07, 0.000000000E+00, 6.152833555E+02, 3.289067075E+02, 1.073242121E+00, 3.379625789E+01, 3.379625847E+01, 3.098868223E+04
       347,-3.375400556E-04, 3.404797753E-03, 6.000000238E-01,-3.376077162E-04, 3.401436783E-03, 5.966666667E-01, 5.360952662E-07, 0.000000000E+00, 5.932233918E+02, 3.332420600E+02, 1.059279649E+00, 3.340022900E+01, 3.340022977E+01, 3.535977085E+04
       348,-9.474667604E-04, 4.148196895E-03, 6.000000238E-01,-9.481934315E-04, 4.142269384E-03, 5.966666667E-01, 4.491128626E-07, 0.000000000E+00, 5.663089673E+02, 3.385695413E+02, 1.042611603E+00, 3.289014214E+01, 3.289014301E+01, 4.073219602E+04
       349,-9.899165016E-04, 4.959166050E-03, 6.000000238E-01,-9.904304461E-04, 4.973614299E-03, 5.966666667E-01, 6.248118250E-07, 0.000000000E+00, 5.364661620E+02, 3.445607491E+02, 1.024482717E+00, 3.228974366E+01, 3.228974455E+01, 4.677530332E+04
       350,-1.942398725E-03, 5.708118435E-03, 6.000000238E-01,-1.941140455E-03, 5.716232548E-03, 5.966666667E-01, 5.992703727E-07, 0.000000000E+00, 4.953707898E+02, 3.529189867E+02, 1.000219726E+00, 3.139626134E+01, 3.139626205E+01, 5.520859939E+04
       351,-3.033142304E-03, 6.140251178E-03, 6.000000238E-01,-3.030391317E-03, 6.145686613E-03, 5.966666667E-01, 5.411145742E-07, 0.000000000E+00, 4.541231347E+02, 3.614620749E+02, 9.765797209E-01, 3.041537541E+01, 3.041537593E+01, 6.383471835E+04
       352,-4.174503498E-03, 6.241431925E-03, 6.000000238E-01,-4.171804640E-03, 6.245685863E-03, 5.966666667E-01, 4.697765035E-07, 0.000000000E+00, 4.142411135E+02, 3.699109816E+02, 9.542742708E-01, 2.937887286E+01, 2.937887320E+01, 7.237291860E+04
       353,-5.279466975E-03, 6.018280052E-03, 6.000000238E-01,-5.278923843E-03, 6.020694031E-03, 5.966666667E-01, 4.017731153E-07, 0.000000000E+00, 3.782657767E+02, 3.777325646E+02, 9.345144299E-01, 2.836134325E+01, 2.836134347E+01, 8.028352823E+04
       354,-6.281361450E-03, 5.509903654E-03, 6.000000238E-01,-6.283391011E-03, 5.509023730E-03, 5.966666667E-01, 3.468123825E-07, 0.000000000E+00, 3.484190807E+02, 3.843985176E+02, 9.183087761E-01, 2.745087833E+01, 2.745087849E+01, 8.703018296E+04
       355,-7.152483799E-03, 4.781425931E-03, 6.000000238E-01,-7.155431648E-03, 4.777857355E-03, 5.966666667E-01, 3.045101533E-07, 0.000000000E+00, 3.239932306E+02, 3.899969295E+02, 9.051264396E-01, 2.665613292E+01, 2.665613304E+01, 9.269980538E+04
       356,-7.891708985E-03, 3.893682733E-03, 6.000000238E-01,-7.894124023E-03, 3.889447630E-03, 5.966666667E-01, 2.690505708E-07, 0.000000000E+00, 3.018855188E+02, 3.951974078E+02, 8.932157076E-01, 2.589441082E+01, 2.589441091E+01, 9.796924054E+04
       357,-8.497404866E-03, 2.885689726E-03, 6.000000238E-01,-8.498871501E-03, 2.882183186E-03, 5.966666667E-01, 2.360896041E-07, 0.000000000E+00, 2.794824093E+02, 4.006219950E+02, 8.811211982E-01, 2.507730081E+01, 2.507730088E+01, 1.034686458E+05
       358,-8.958524093E-03, 1.782557811E-03, 6.000000238E-01,-8.959200585E-03, 1.780342292E-03, 5.966666667E-01, 2.043606279E-07, 0.000000000E+00, 2.556701965E+02, 4.065897638E+02, 8.681884389E-01, 2.415331064E+01, 2.415331069E+01, 1.095229760E+05
       359,-9.260453284E-03, 6.071232492E-04, 6.000000238E-01,-9.260684213E-03, 6.063711647E-04, 5.966666667E-01, 1.741525043E-07, 0.000000000E+00, 2.301312437E+02, 4.132650667E+02, 8.541649433E-01, 2.309026567E+01, 2.309026571E+01, 1.163010107E+05
       360,-9.390952997E-03,-6.156464806E-04, 6.000000238E-01,-9.391124608E-03,-6.148905311E-04, 5.966666667E-01, 1.460673470E-07, 0.000000000E+00, 2.026616044E+02, 4.208234286E+02, 8.388233835E-01, 2.184982502E+01, 2.184982504E+01, 1.239832255E+05
       361,-9.342581034E-03,-1.858675038E-03, 6.000000238E-01,-9.343093632E-03,-1.856426874E-03, 5.966666667E-01, 1.205761273E-07, 0.000000000E+00, 1.731661667E+02, 4.294762191E+02, 8.219233490E-01, 2.038280217E+01, 2.038280219E+01, 1.327876212E+05
       362,-9.113042615E-03,-3.093888052E-03, 6.000000238E-01,-9.114275393E-03,-3.090302661E-03, 5.966666667E-01, 9.798562009E-08, 0.000000000E+00, 1.418291869E+02, 4.394488000E+02, 8.032711257E-01, 1.863012344E+01, 1.863012345E+01, 1.429479335E+05
       363,-8.704768494E-03,-4.293161444E-03, 6.000000238E-01,-8.706908260E-03,-4.288791309E-03, 5.966666667E-01, 7.855743457E-08, 0.000000000E+00, 1.094844096E+02, 4.508680577E+02, 7.829264599E-01, 1.653706530E+01, 1.653706530E+01, 1.545992705E+05
       364, 4.663984291E-03,-5.315604620E-03, 6.000000238E-01, 4.664837046E-03,-5.319612649E-03, 5.966666667E-01, 5.188149762E-07, 0.000000000E+00, 4.412682011E+02, 3.641751308E+02, 9.693043331E-01, 3.009168901E+01, 3.009168945E+01, 6.657566946E+04
       365, 4.174503498E-03,-6.241431925E-03, 6.000000238E-01, 4.171804640E-03,-6.245685863E-03, 5.966666667E-01, 4.697765035E-07, 0.000000000E+00, 4.142411135E+02, 3.699109816E+02, 9.542742708E-01, 2.937887286E+01, 2.937887320E+01, 7.237291860E+04
       366, 3.476681421E-03,-7.042986341E-03, 6.000000238E-01, 3.472914165E-03,-7.046353416E-03, 5.966666667E-01, 4.244763245E-07, 0.000000000E+00, 3.900698921E+02, 3.751301564E+02, 9.409974811E-01, 2.870393500E+01, 2.870393526E+01, 7.765081984E+04
       367, 2.625006950E-03,-7.726572920E-03, 6.000000238E-01, 2.621756343E-03,-7.728796082E-03, 5.966666667E-01, 3.794653219E-07, 0.000000000E+00, 3.658797867E+02, 3.804549547E+02, 9.278274022E-01, 2.799039092E+01, 2.799039111E+01, 8.303834026E+04
       368, 1.648020116E-03,-8.279699832E-03, 6.000000238E-01, 1.645921102E-03,-8.280963826E-03, 5.966666667E-01, 3.338462521E-07, 0.000000000E+00, 3.404705093E+02, 3.861779722E+02, 9.140773365E-01, 2.719645598E+01, 2.719645612E+01, 8.883193205E+04
       369, 5.692933337E-04,-8.681237698E-03, 6.000000238E-01, 5.685690090E-04,-8.681893745E-03, 5.966666667E-01, 2.885635180E-07, 0.000000000E+00, 3.136243742E+02, 3.923967235E+02, 8.995909270E-01, 2.630340250E+01, 2.630340260E+01, 9.513108392E+04
       370,-5.843581748E-04,-8.911896497E-03, 6.000000238E-01,-5.836206323E-04,-8.912349810E-03, 5.966666667E-01, 2.450054524E-07, 0.000000000E+00, 2.853516647E+02, 3.991732306E+02, 8.843191507E-01, 2.529568811E+01, 2.529568819E+01, 1.019996058E+05
       371,-1.782557811E-03,-8.958524093E-03, 6.000000238E-01,-1.780342292E-03,-8.959200585E-03, 5.966666667E-01, 2.043606279E-07, 0.000000000E+00, 2.556701965E+02, 4.065897638E+02, 8.681884389E-01, 2.415331064E+01, 2.415331069E+01, 1.095229760E+05
       372,-2.992999041E-03,-8.814716712E-03, 6.000000238E-01,-2.989439775E-03,-8.816026455E-03, 5.966666667E-01, 1.675248605E-07, 0.000000000E+00, 2.245219236E+02, 4.147831179E+02, 8.510388129E-01, 2.284591576E+01, 2.284591579E+01, 1.178432952E+05
       373,-4.182763863E-03,-8.480075747E-03, 6.000000238E-01,-4.178405407E-03,-8.482239820E-03, 5.966666667E-01, 1.352713025E-07, 0.000000000E+00, 1.919221513E+02, 4.239198948E+02, 8.326963103E-01, 2.133382780E+01, 2.133382782E+01, 1.271327404E+05
       374,-5.319076125E-03,-7.959549315E-03, 6.000000238E-01,-5.315248510E-03,-7.962109559E-03, 5.966666667E-01, 1.084527402E-07, 0.000000000E+00, 1.588015854E+02, 4.339562216E+02, 8.134381182E-01, 1.960797985E+01, 1.960797987E+01, 1.373502362E+05
       375,-6.370734889E-03,-7.264142390E-03, 6.000000238E-01,-6.369253202E-03,-7.265484863E-03, 5.966666667E-01, 8.781156800E-08, 0.000000000E+00, 1.275445739E+02, 4.443464109E+02, 7.944174266E-01, 1.774784545E+01, 1.774784546E+01, 1.479428387E+05
       376,-7.311786059E-03,-6.412466988E-03, 6.000000238E-01,-7.313120018E-03,-6.410977487E-03, 5.966666667E-01, 7.310300995E-08, 0.000000000E+00, 1.007613606E+02, 4.542130412E+02, 7.771607159E-01, 1.590767781E+01, 1.590767782E+01, 1.580160283E+05
       377,-8.124539629E-03,-5.428988487E-03, 6.000000238E-01,-8.127088957E-03,-5.425154172E-03, 5.966666667E-01, 6.262918632E-08, 0.000000000E+00, 7.859674111E+01, 4.633206794E+02, 7.618838268E-01, 1.414018055E+01, 1.414018055E+01, 1.673292991E+05
       378, 5.315604620E-03,-4.663984291E-03, 6.000000238E-01, 5.319612649E-03,-4.664837046E-03, 5.966666667E-01, 5.188149762E-07, 0.000000000E+00, 4.412682011E+02, 3.641751308E+02, 9.693043331E-01, 3.009168901E+01, 3.009168945E+01, 6.657566946E+04
       379, 4.150846042E-03,-3.125824442E-04, 6.000000238E-01, 4.144747570E-03,-3.128621781E-04, 5.966666667E-01, 4.363359312E-07, 0.000000000E+00, 5.694115813E+02, 3.379519950E+02, 1.044516788E+00, 3.295043566E+01, 3.295043652E+01, 4.010938177E+04
       380, 4.959165584E-03,-9.899165016E-04, 6.000000238E-01, 4.973614299E-03,-9.904304461E-04, 5.966666667E-01, 6.248118250E-07, 0.000000000E+00, 5.364661620E+02, 3.445607491E+02, 1.024482717E+00, 3.228974366E+01, 3.228974455E+01, 4.677530332E+04
       381, 5.708118435E-03,-1.942398609E-03, 6.000000238E-01, 5.716232548E-03,-1.941140455E-03, 5.966666667E-01, 5.992703727E-07, 0.000000000E+00, 4.953707898E+02, 3.529189867E+02, 1.000219726E+00, 3.139626134E+01, 3.139626205E+01, 5.520859939E+04
       382, 6.140251178E-03,-3.033142304E-03, 6.000000238E-01, 6.145686613E-03,-3.030391317E-03, 5.966666667E-01, 5.411145742E-07, 0.000000000E+00, 4.541231347E+02, 3.614620749E+02, 9.765797209E-01, 3.041537541E+01, 3.041537593E+01, 6.383471835E+04
       383, 6.241431925E-03,-4.174503498E-03, 6.000000238E-01, 6.245685863E-03,-4.171804640E-03, 5.966666667E-01, 4.697765035E-07, 0.000000000E+00, 4.142411135E+02, 3.699109816E+02, 9.542742708E-01, 2.937887286E+01, 2.937887320E+01, 7.237291860E+04
       384, 3.404797753E-03, 3.375400847E-04, 6.000000238E-01, 3.401436783E-03, 3.376077162E-04, 5.966666667E-01, 5.360952662E-07, 0.000000000E+00, 5.932233918E+02, 3.332420600E+02, 1.059279649E+00, 3.340022900E+01, 3.340022977E+01, 3.535977085E+04
       385, 2.606375609E-03, 1.058610622E-03, 6.000000238E-01, 2.605069615E-03, 1.058572516E-03, 5.966666667E-01, 5.740758154E-07, 0.000000000E+00, 6.105943030E+02, 3.298267288E+02, 1.070248411E+00, 3.371373818E+01, 3.371373881E+01, 3.191622434E+04
       386, 1.817696262E-03, 1.817696262E-03, 6.000000238E-01, 1.817324888E-03, 1.817324888E-03, 5.966666667E-01, 5.811356110E-07, 0.000000000E+00, 6.169381284E+02, 3.285822200E+02, 1.074301988E+00, 3.382517339E+01, 3.382517397E+01, 3.066155014E+04
       387, 1.058610738E-03, 2.606375609E-03, 6.000000238E-01, 1.058572516E-03, 2.605069615E-03, 5.966666667E-01, 5.740758154E-07, 0.000000000E+00, 6.105943030E+02, 3.298267288E+02, 1.070248411E+00, 3.371373818E+01, 3.371373881E+01, 3.191622434E+04
       388, 3.375400556E-04, 3.404797753E-03, 6.000000238E-01, 3.376077162E-04, 3.401436783E-03, 5.966666667E-01, 5.360952662E-07, 0.000000000E+00, 5.932233918E+02, 3.332420600E+02, 1.059279649E+00, 3.340022900E+01, 3.340022977E+01, 3.535977085E+04
       389,-3.125824442E-04, 4.150846507E-03, 6.000000238E-01,-3.128621781E-04, 4.144747570E-03, 5.966666667E-01, 4.363359312E-07, 0.000000000E+00, 5.694115813E+02, 3.379519950E+02, 1.044516788E+00, 3.295043566E+01, 3.295043652E+01, 4.010938177E+04
       390,-3.273406764E-04, 4.976690281E-03, 6.000000238E-01,-3.275688199E-04, 4.991929244E-03, 5.966666667E-01, 6.248665610E-07, 0.000000000E+00, 5.391159670E+02, 3.440265390E+02, 1.026073550E+00, 3.234466479E+01, 3.234466569E+01, 4.623640723E+04
       391,-1.157293795E-03, 5.803687032E-03, 6.000000238E-01,-1.156646757E-03, 5.812276806E-03, 5.966666667E-01, 6.047273891E-07, 0.000000000E+00, 5.004363191E+02, 3.518782626E+02, 1.003178002E+00, 3.151063038E+01, 3.151063111E+01, 5.415825915E+04
       392,-2.164247679E-03, 6.364120636E-03, 6.000000238E-01,-2.162061938E-03, 6.369491644E-03, 5.966666667E-01, 5.525395406E-07, 0.000000000E+00, 4.610060611E+02, 3.600182679E+02, 9.804961684E-01, 3.058500364E+01, 3.058500419E+01, 6.237636640E+04
       393,-3.275901079E-03, 6.634338293E-03, 6.000000238E-01,-3.272515104E-03, 6.638481184E-03, 5.966666667E-01, 4.834921837E-07, 0.000000000E+00, 4.214634265E+02, 3.683584910E+02, 9.582961732E-01, 2.957315457E+01, 2.957315494E+01, 7.080348487E+04
       394,-4.416196141E-03, 6.604237016E-03, 6.000000238E-01,-4.413062295E-03, 6.607837751E-03, 5.966666667E-01, 4.110857695E-07, 0.000000000E+00, 3.831339698E+02, 3.766561462E+02, 9.371851112E-01, 2.850375117E+01, 2.850375141E+01, 7.919449482E+04
       395,-5.509903654E-03, 6.281361915E-03, 6.000000238E-01,-5.509023730E-03, 6.283391011E-03, 5.966666667E-01, 3.468123825E-07, 0.000000000E+00, 3.484190807E+02, 3.843985176E+02, 9.183087761E-01, 2.745087833E+01, 2.745087849E+01, 8.703018296E+04
       396,-6.498950534E-03, 5.700492766E-03, 6.000000238E-01,-6.500733277E-03, 5.699396801E-03, 5.966666667E-01, 2.967697208E-07, 0.000000000E+00, 3.194690758E+02, 3.910574991E+02, 9.026716866E-01, 2.650390555E+01, 2.650390566E+01, 9.377421827E+04
       397,-7.357746828E-03, 4.918168299E-03, 6.000000238E-01,-7.360538266E-03, 4.914494892E-03, 5.966666667E-01, 2.590697426E-07, 0.000000000E+00, 2.956467807E+02, 3.967024935E+02, 8.898268552E-01, 2.567198389E+01, 2.567198397E+01, 9.949478790E+04
       398,-8.082929067E-03, 3.987634555E-03, 6.000000238E-01,-8.085230901E-03, 3.983343796E-03, 5.966666667E-01, 2.279101291E-07, 0.000000000E+00, 2.739685091E+02, 4.019947052E+02, 8.781123924E-01, 2.486898641E+01, 2.486898648E+01, 1.048608253E+05
       399,-8.671076968E-03, 2.944422420E-03, 6.000000238E-01,-8.672447440E-03, 2.940883713E-03, 5.966666667E-01, 1.992521786E-07, 0.000000000E+00, 2.518853169E+02, 4.075671865E+02, 8.661063597E-01, 2.400092346E+01, 2.400092351E+01, 1.105150513E+05
       400,-9.111465886E-03, 1.812869683E-03, 6.000000238E-01,-9.112063680E-03, 1.810638555E-03, 5.966666667E-01, 1.719068602E-07, 0.000000000E+00, 2.282341677E+02, 4.137757739E+02, 8.531106811E-01, 2.300807652E+01, 2.300807656E+01, 1.168198345E+05
       401,-9.390952997E-03, 6.156464806E-04, 6.000000238E-01,-9.391124608E-03, 6.148905311E-04, 5.966666667E-01, 1.460673470E-07, 0.000000000E+00, 2.026616044E+02, 4.208234286E+02, 8.388233835E-01, 2.184982502E+01, 2.184982504E+01, 1.239832255E+05
       402,-9.498885833E-03,-6.226958358E-04, 6.000000238E-01,-9.499018234E-03,-6.219373155E-04, 5.966666667E-01, 1.221974655E-07, 0.000000000E+00, 1.750138708E+02, 4.289139188E+02, 8.230008792E-01, 2.047938022E+01, 2.047938024E+01, 1.322151505E+05
       403,-9.429111145E-03,-1.875824411E-03, 6.000000238E-01,-9.429600941E-03,-1.873571942E-03, 5.966666667E-01, 1.006492001E-07, 0.000000000E+00, 1.453434206E+02, 4.382779060E+02, 8.054171279E-01, 1.883835323E+01, 1.883835324E+01, 1.417542763E+05
       404,-9.180256166E-03,-3.116618609E-03, 6.000000238E-01,-9.181480693E-03,-3.113030388E-03, 5.966666667E-01, 8.163899926E-08, 0.000000000E+00, 1.142166712E+02, 4.491029089E+02, 7.860036648E-01, 1.686551585E+01, 1.686551586E+01, 1.527970421E+05
       405,-8.755392395E-03,-4.318034276E-03, 6.000000238E-01,-8.757531837E-03,-4.313664092E-03, 5.966666667E-01, 6.535047198E-08, 0.000000000E+00, 8.319747857E+01, 4.613337462E+02, 7.651652089E-01, 1.452973428E+01, 1.452973428E+01, 1.652962315E+05
       406, 5.000852048E-03,-5.700194743E-03, 6.000000238E-01, 5.000841674E-03,-5.703217361E-03, 5.966666667E-01, 4.601192732E-07, 0.000000000E+00, 4.091631315E+02, 3.710074763E+02, 9.514539593E-01, 2.924039891E+01, 2.924039922E+01, 7.348152507E+04
       407, 4.416196141E-03,-6.604237016E-03, 6.000000238E-01, 4.413062295E-03,-6.607837751E-03, 5.966666667E-01, 4.110857695E-07, 0.000000000E+00, 3.831339698E+02, 3.766561462E+02, 9.371851112E-01, 2.850375117E+01, 2.850375141E+01, 7.919449482E+04
       408, 3.642742289E-03,-7.380969822E-03, 6.000000238E-01, 3.638741644E-03,-7.383862103E-03, 5.966666667E-01, 3.678963368E-07, 0.000000000E+00, 3.597810814E+02, 3.818251658E+02, 9.244978169E-01, 2.780446975E+01, 2.780446993E+01, 8.442515017E+04
       409, 2.728817752E-03,-8.033538237E-03, 6.000000238E-01, 2.725441415E-03,-8.035390150E-03, 5.966666667E-01, 3.263054093E-07, 0.000000000E+00, 3.363192791E+02, 3.871339677E+02, 9.118200977E-01, 2.706237115E+01, 2.706237129E+01, 8.980003578E+04
       410, 1.701596659E-03,-8.550025523E-03, 6.000000238E-01, 1.699441308E-03,-8.551005856E-03, 5.966666667E-01, 2.851290465E-07, 0.000000000E+00, 3.115825541E+02, 3.928804956E+02, 8.984832188E-01, 2.623311913E+01, 2.623311923E+01, 9.562127268E+04
       411, 5.843581748E-04,-8.911896497E-03, 6.000000238E-01, 5.836206323E-04,-8.912349810E-03, 5.966666667E-01, 2.450054524E-07, 0.000000000E+00, 2.853516647E+02, 3.991732306E+02, 8.843191507E-01, 2.529568811E+01, 2.529568819E+01, 1.019996058E+05
       412,-5.968179903E-04,-9.102669545E-03, 6.000000238E-01,-5.960717204E-04,-9.102988969E-03, 5.966666667E-01, 2.069761415E-07, 0.000000000E+00, 2.576031548E+02, 4.060939872E+02, 8.692483598E-01, 2.423053349E+01, 2.423053354E+01, 1.090198183E+05
       413,-1.812869683E-03,-9.111465886E-03, 6.000000238E-01,-1.810638555E-03,-9.112063680E-03, 5.966666667E-01, 1.719068602E-07, 0.000000000E+00, 2.282341677E+02, 4.137757739E+02, 8.531106811E-01, 2.300807652E+01, 2.300807656E+01, 1.168198345E+05
       414,-3.033175599E-03,-8.933518082E-03, 6.000000238E-01,-3.029603419E-03,-8.934789308E-03, 5.966666667E-01, 1.404220580E-07, 0.000000000E+00, 1.971314184E+02, 4.224079831E+02, 8.356767542E-01, 2.158649283E+01, 2.158649285E+01, 1.255947589E+05
       415,-4.226726945E-03,-8.569554426E-03, 6.000000238E-01,-4.222361841E-03,-8.571704354E-03, 5.966666667E-01, 1.130588402E-07, 0.000000000E+00, 1.644397259E+02, 4.321774771E+02, 8.167860450E-01, 1.991740765E+01, 1.991740766E+01, 1.355383549E+05
       416,-5.362845957E-03,-8.025253192E-03, 6.000000238E-01,-5.359014192E-03,-8.027806228E-03, 5.966666667E-01, 9.043819386E-08, 0.000000000E+00, 1.313720473E+02, 4.430113039E+02, 7.968115694E-01, 1.799018698E+01, 1.799018699E+01, 1.465808759E+05
       417,-6.412466522E-03,-7.311786059E-03, 6.000000238E-01,-6.410977487E-03,-7.313120018E-03, 5.966666667E-01, 7.310300995E-08, 0.000000000E+00, 1.007613606E+02, 4.542130412E+02, 7.771607159E-01, 1.590767781E+01, 1.590767782E+01, 1.580160283E+05
       418,-7.351191249E-03,-6.446982268E-03, 6.000000238E-01,-7.352519457E-03,-6.445487996E-03, 5.966666667E-01, 6.078749115E-08, 0.000000000E+00, 7.543652593E+01, 4.647164237E+02, 7.595955604E-01, 1.386455932E+01, 1.386455932E+01, 1.687578759E+05
       419,-8.161712438E-03,-5.453752819E-03, 6.000000238E-01,-8.164262253E-03,-5.449918207E-03, 5.966666667E-01, 5.203585803E-08, 0.000000000E+00, 5.536829228E+01, 4.742543628E+02, 7.443189982E-01, 1.192676409E+01, 1.192676409E+01, 1.785295649E+05
       420, 5.700194743E-03,-5.000852048E-03, 6.000000238E-01, 5.703217361E-03,-5.000841674E-03, 5.966666667E-01, 4.601192732E-07, 0.000000000E+00, 4.091631315E+02, 3.710074763E+02, 9.514539593E-01, 2.924039891E+01, 2.924039922E+01, 7.348152507E+04
       421, 4.150846042E-03, 3.125824442E-04, 6.000000238E-01, 4.144747570E-03, 3.128621781E-04, 5.966666667E-01, 4.363359312E-07, 0.000000000E+00, 5.694115813E+02, 3.379519950E+02, 1.044516788E+00, 3.295043566E+01, 3.295043652E+01, 4.010938177E+04
       422, 4.976690281E-03,-3.273406764E-04, 6.000000238E-01, 4.991929244E-03,-3.275688199E-04, 5.966666667E-01, 6.248665610E-07, 0.000000000E+00, 5.391159670E+02, 3.440265390E+02, 1.026073550E+00, 3.234466479E+01, 3.234466569E+01, 4.623640723E+04
       423, 5.803686567E-03,-1.157293911E-03, 6.000000238E-01, 5.812276806E-03,-1.156646757E-03, 5.966666667E-01, 6.047273891E-07, 0.000000000E+00, 5.004363191E+02, 3.518782626E+02, 1.003178002E+00, 3.151063038E+01, 3.151063111E+01, 5.415825915E+04
       424, 6.364120636E-03,-2.164247911E-03, 6.000000238E-01, 6.369491644E-03,-2.162061938E-03, 5.966666667E-01, 5.525395406E-07, 0.000000000E+00, 4.610060611E+02, 3.600182679E+02, 9.804961684E-01, 3.058500364E+01, 3.058500419E+01, 6.237636640E+04
       425, 6.634338293E-03,-3.275901079E-03, 6.000000238E-01, 6.638481184E-03,-3.272515104E-03, 5.966666667E-01, 4.834921837E-07, 0.000000000E+00, 4.214634265E+02, 3.683584910E+02, 9.582961732E-01, 2.957315457E+01, 2.957315494E+01, 7.080348487E+04
       426, 6.604236551E-03,-4.416196141E-03, 6.000000238E-01, 6.607837751E-03,-4.413062295E-03, 5.966666667E-01, 4.110857695E-07, 0.000000000E+00, 3.831339698E+02, 3.766561462E+02, 9.371851112E-01, 2.850375117E+01, 2.850375141E+01, 7.919449482E+04
       427, 3.402630100E-03, 1.022339682E-03, 6.000000238E-01, 3.399358916E-03, 1.022470806E-03, 5.966666667E-01, 5.509921557E-07, 0.000000000E+00, 5.893018229E+02, 3.340171341E+02, 1.056821630E+00, 3.332785050E+01, 3.332785129E+01, 3.614131316E+04
       428, 2.596988808E-03, 1.794529031E-03, 6.000000238E-01, 2.595738055E-03, 1.794210060E-03, 5.966666667E-01, 5.990847424E-07, 0.000000000E+00, 6.012003889E+02, 3.316743412E+02, 1.064286526E+00, 3.354584186E+01, 3.354584257E+01, 3.377904265E+04
       429, 1.794529031E-03, 2.596988808E-03, 6.000000238E-01, 1.794210060E-03, 2.595738055E-03, 5.966666667E-01, 5.990847424E-07, 0.000000000E+00, 6.012003889E+02, 3.316743412E+02, 1.064286526E+00, 3.354584186E+01, 3.354584257E+01, 3.377904265E+04
       430, 1.022339682E-03, 3.402630100E-03, 6.000000238E-01, 1.022470806E-03, 3.399358916E-03, 5.966666667E-01, 5.509921557E-07, 0.000000000E+00, 5.893018229E+02, 3.340171341E+02, 1.056821630E+00, 3.332785050E+01, 3.332785129E+01, 3.614131316E+04
       431, 3.125824442E-04, 4.150846042E-03, 6.000000238E-01, 3.128621781E-04, 4.144747570E-03, 5.966666667E-01, 4.363359312E-07, 0.000000000E+00, 5.694115813E+02, 3.379519950E+02, 1.044516788E+00, 3.295043566E+01, 3.295043652E+01, 4.010938177E+04
       432, 3.273406764E-04, 4.976690281E-03, 6.000000238E-01, 3.275688199E-04, 4.991929244E-03, 5.966666667E-01, 6.248665610E-07, 0.000000000E+00, 5.391159670E+02, 3.440265390E+02, 1.026073550E+00, 3.234466479E+01, 3.234466569E+01, 4.623640723E+04
       433,-3.842446313E-04, 5.847949069E-03, 6.000000238E-01,-3.840579255E-04, 5.856836426E-03, 5.966666667E-01, 6.072854638E-07, 0.000000000E+00, 5.029952047E+02, 3.513536463E+02, 1.004675876E+00, 3.156793728E+01, 3.156793802E+01, 5.362883654E+04
       434,-1.295728027E-03, 6.502171047E-03, 6.000000238E-01,-1.294446376E-03, 6.507559797E-03, 5.966666667E-01, 5.603257899E-07, 0.000000000E+00, 4.658700236E+02, 3.590014972E+02, 9.832731480E-01, 3.070335643E+01, 3.070335700E+01, 6.134947779E+04
       435,-2.347734291E-03, 6.906685419E-03, 6.000000238E-01,-2.345009116E-03, 6.910461705E-03, 5.966666667E-01, 4.959134699E-07, 0.000000000E+00, 4.280655431E+02, 3.669459646E+02, 9.619850504E-01, 2.974804498E+01, 2.974804538E+01, 6.937575236E+04
       436,-3.476681421E-03, 7.042986341E-03, 6.000000238E-01,-3.472914165E-03, 7.046353416E-03, 5.966666667E-01, 4.244763245E-07, 0.000000000E+00, 3.900698921E+02, 3.751301564E+02, 9.409974811E-01, 2.870393500E+01, 2.870393526E+01, 7.765081984E+04
       437,-4.616094287E-03, 6.904304028E-03, 6.000000238E-01,-4.612692755E-03, 6.907503053E-03, 5.966666667E-01, 3.554213022E-07, 0.000000000E+00, 3.531041534E+02, 3.833339556E+02, 9.208590242E-01, 2.759783067E+01, 2.759783084E+01, 8.595243456E+04
       438,-5.700492766E-03, 6.498950068E-03, 6.000000238E-01,-5.699396801E-03, 6.500733277E-03, 5.966666667E-01, 2.967697208E-07, 0.000000000E+00, 3.194690758E+02, 3.910574991E+02, 9.026716866E-01, 2.650390555E+01, 2.650390566E+01, 9.377421827E+04
       439,-6.678912789E-03, 5.858124234E-03, 6.000000238E-01,-6.680536249E-03, 5.856888690E-03, 5.966666667E-01, 2.522435608E-07, 0.000000000E+00, 2.912641880E+02, 3.977670899E+02, 8.874452946E-01, 2.551356322E+01, 2.551356330E+01, 1.005739942E+05
       440,-7.527515758E-03, 5.031264387E-03, 6.000000238E-01,-7.530208995E-03, 5.027525815E-03, 5.966666667E-01, 2.192070773E-07, 0.000000000E+00, 2.679120900E+02, 4.035148355E+02, 8.748043473E-01, 2.463651811E+01, 2.463651817E+01, 1.064028237E+05
       441,-8.241083473E-03, 4.065340385E-03, 6.000000238E-01,-8.243315060E-03, 4.061014975E-03, 5.966666667E-01, 1.921826129E-07, 0.000000000E+00, 2.465054565E+02, 4.089668005E+02, 8.631422693E-01, 2.378142304E+01, 2.378142308E+01, 1.119358797E+05
       442,-8.814716712E-03, 2.992999041E-03, 6.000000238E-01,-8.816026455E-03, 2.989439775E-03, 5.966666667E-01, 1.675248605E-07, 0.000000000E+00, 2.245219236E+02, 4.147831179E+02, 8.510388129E-01, 2.284591576E+01, 2.284591579E+01, 1.178432952E+05
       443,-9.237960912E-03, 1.837939955E-03, 6.000000238E-01,-9.238506688E-03, 1.835698564E-03, 5.966666667E-01, 1.441536509E-07, 0.000000000E+00, 2.007880977E+02, 4.213569990E+02, 8.377611696E-01, 2.176114271E+01, 2.176114273E+01, 1.245258412E+05
       444,-9.498885833E-03, 6.226958358E-04, 6.000000238E-01,-9.499018234E-03, 6.219373155E-04, 5.966666667E-01, 1.221974655E-07, 0.000000000E+00, 1.750138708E+02, 4.289139188E+02, 8.230008792E-01, 2.047938022E+01, 2.047938024E+01, 1.322151505E+05
       445,-9.588154964E-03,-6.285262061E-04, 6.000000238E-01,-9.588260775E-03,-6.277659541E-04, 5.966666667E-01, 1.020165519E-07, 0.000000000E+00, 1.471485038E+02, 4.376833643E+02, 8.065111929E-01, 1.894409080E+01, 1.894409082E+01, 1.411482497E+05
       446,-9.500677697E-03,-1.890008338E-03, 6.000000238E-01,-9.501153047E-03,-1.887753006E-03, 5.966666667E-01, 8.387634497E-08, 0.000000000E+00, 1.175677113E+02, 4.478725984E+02, 7.881628247E-01, 1.709298532E+01, 1.709298532E+01, 1.515411555E+05
       447,-9.235847741E-03,-3.135418752E-03, 6.000000238E-01,-9.237066982E-03,-3.131828757E-03, 5.966666667E-01, 6.793036436E-08, 0.000000000E+00, 8.748106143E+01, 4.595279001E+02, 7.681721441E-01, 1.488085630E+01, 1.488085631E+01, 1.634490720E+05
       448,-8.797262795E-03,-4.338606726E-03, 6.000000238E-01,-8.799402774E-03,-4.334236457E-03, 5.966666667E-01, 5.430805761E-08, 0.000000000E+00, 5.920568014E+01, 4.723127778E+02, 7.473787474E-01, 1.232618034E+01, 1.232618035E+01, 1.765390693E+05
       449, 5.279466975E-03,-6.018280052E-03, 6.000000238E-01, 5.278923843E-03,-6.020694031E-03, 5.966666667E-01, 4.017731153E-07, 0.000000000E+00, 3.782657767E+02, 3.777325646E+02, 9.345144299E-01, 2.836134325E+01, 2.836134347E+01, 8.028352823E+04
       450, 4.616094287E-03,-6.904304028E-03, 6.000000238E-01, 4.612692755E-03,-6.907503053E-03, 5.966666667E-01, 3.554213022E-07, 0.000000000E+00, 3.531041534E+02, 3.833339556E+02, 9.208590242E-01, 2.759783067E+01, 2.759783084E+01, 8.595243456E+04
       451, 3.780087456E-03,-7.660508621E-03, 6.000000238E-01, 3.775942364E-03,-7.663106743E-03, 5.966666667E-01, 3.157856588E-07, 0.000000000E+00, 3.304382025E+02, 3.884953545E+02, 9.086248476E-01, 2.687007905E+01, 2.687007918E+01, 9.117882309E+04
       452, 2.814677311E-03,-8.287423290E-03, 6.000000238E-01, 2.811221366E-03,-8.289039240E-03, 5.966666667E-01, 2.784019653E-07, 0.000000000E+00, 3.075719336E+02, 3.938354723E+02, 8.963045664E-01, 2.609404728E+01, 2.609404738E+01, 9.658898479E+04
       453, 1.745908521E-03,-8.773606271E-03, 6.000000238E-01, 1.743716728E-03,-8.774402310E-03, 5.966666667E-01, 2.419887598E-07, 0.000000000E+00, 2.833678853E+02, 3.996610034E+02, 8.832398690E-01, 2.522223953E+01, 2.522223960E+01, 1.024941790E+05
       454, 5.968179903E-04,-9.102669545E-03, 6.000000238E-01, 5.960717204E-04,-9.102988969E-03, 5.966666667E-01, 2.069761415E-07, 0.000000000E+00, 2.576031548E+02, 4.060939872E+02, 8.692483598E-01, 2.423053349E+01, 2.423053354E+01, 1.090198183E+05
       455,-6.071232492E-04,-9.260453284E-03, 6.000000238E-01,-6.063711647E-04,-9.260684213E-03, 5.966666667E-01, 1.741525043E-07, 0.000000000E+00, 2.301312437E+02, 4.132650667E+02, 8.541649433E-01, 2.309026567E+01, 2.309026571E+01, 1.163010107E+05
       456,-1.837939955E-03,-9.237960912E-03, 6.000000238E-01,-1.835698564E-03,-9.238506688E-03, 5.966666667E-01, 1.441536509E-07, 0.000000000E+00, 2.007880977E+02, 4.213569990E+02, 8.377611696E-01, 2.176114271E+01, 2.176114273E+01, 1.245258412E+05
       457,-3.066404955E-03,-9.031775407E-03, 6.000000238E-01,-3.062824504E-03,-9.033023194E-03, 5.966666667E-01, 1.174163845E-07, 0.000000000E+00, 1.695655812E+02, 4.305833335E+02, 8.198100223E-01, 2.019270381E+01, 2.019270383E+01, 1.339148898E+05
       458,-4.263088107E-03,-8.643560112E-03, 6.000000238E-01,-4.258719374E-03,-8.645702847E-03, 5.966666667E-01, 9.431491804E-08, 0.000000000E+00, 1.368392537E+02, 4.411337730E+02, 8.002029178E-01, 1.832867147E+01, 1.832867148E+01, 1.446660007E+05
       459,-5.399047397E-03,-8.079594932E-03, 6.000000238E-01,-5.395213461E-03,-8.082144953E-03, 5.966666667E-01, 7.530516763E-08, 0.000000000E+00, 1.043380767E+02, 4.528264437E+02, 7.795404557E-01, 1.616967613E+01, 1.616967614E+01, 1.565994338E+05
       460,-6.446982268E-03,-7.351191249E-03, 6.000000238E-01,-6.445487996E-03,-7.352519457E-03, 5.966666667E-01, 6.078749115E-08, 0.000000000E+00, 7.543652593E+01, 4.647164237E+02, 7.595955604E-01, 1.386455932E+01, 1.386455932E+01, 1.687578759E+05
       461,-7.383781951E-03,-6.475529168E-03, 6.000000238E-01,-7.385106838E-03,-6.474031730E-03, 5.966666667E-01, 5.049871962E-08, 0.000000000E+00, 5.277585056E+01, 4.756026123E+02, 7.422089853E-01, 1.164757928E+01, 1.164757929E+01, 1.799121774E+05
       462,-8.192458190E-03,-5.474234000E-03, 6.000000238E-01,-8.195008205E-03,-5.470400487E-03, 5.966666667E-01, 4.319958080E-08, 0.000000000E+00, 3.608656577E+01, 4.851479762E+02, 7.276059050E-01, 9.618450840E+00, 9.618450842E+00, 1.897101837E+05
       463, 6.018280052E-03,-5.279466975E-03, 6.000000238E-01, 6.020694031E-03,-5.278923843E-03, 5.966666667E-01, 4.017731153E-07, 0.000000000E+00, 3.782657767E+02, 3.777325646E+02, 9.345144299E-01, 2.836134325E+01, 2.836134347E+01, 8.028352823E+04
       464, 4.148196895E-03, 9.474668186E-04, 6.000000238E-01, 4.142269384E-03, 9.481934315E-04, 5.966666667E-01, 4.491128626E-07, 0.000000000E+00, 5.663089673E+02, 3.385695413E+02, 1.042611603E+00, 3.289014214E+01, 3.289014301E+01, 4.073219602E+04
       465, 4.976690281E-03, 3.273406764E-04, 6.000000238E-01, 4.991929244E-03, 3.275688199E-04, 5.966666667E-01, 6.248665610E-07, 0.000000000E+00, 5.391159670E+02, 3.440265390E+02, 1.026073550E+00, 3.234466479E+01, 3.234466569E+01, 4.623640723E+04
       466, 5.847949069E-03,-3.842446022E-04, 6.000000238E-01, 5.856836426E-03,-3.840579255E-04, 5.966666667E-01, 6.072854638E-07, 0.000000000E+00, 5.029952047E+02, 3.513536463E+02, 1.004675876E+00, 3.156793728E+01, 3.156793802E+01, 5.362883654E+04
       467, 6.502171047E-03,-1.295727910E-03, 6.000000238E-01, 6.507559797E-03,-1.294446376E-03, 5.966666667E-01, 5.603257899E-07, 0.000000000E+00, 4.658700236E+02, 3.590014972E+02, 9.832731480E-01, 3.070335643E+01, 3.070335700E+01, 6.134947779E+04
       468, 6.906684954E-03,-2.347734291E-03, 6.000000238E-01, 6.910461705E-03,-2.345009116E-03, 5.966666667E-01, 4.959134699E-07, 0.000000000E+00, 4.280655431E+02, 3.669459646E+02, 9.619850504E-01, 2.974804498E+01, 2.974804538E+01, 6.937575236E+04
       469, 7.042986806E-03,-3.476681421E-03, 6.000000238E-01, 7.046353416E-03,-3.472914165E-03, 5.966666667E-01, 4.244763245E-07, 0.000000000E+00, 3.900698921E+02, 3.751301564E+02, 9.409974811E-01, 2.870393500E+01, 2.870393526E+01, 7.765081984E+04
       470, 6.904304493E-03,-4.616094287E-03, 6.000000238E-01, 6.907503053E-03,-4.612692755E-03, 5.966666667E-01, 3.554213022E-07, 0.000000000E+00, 3.531041534E+02, 3.833339556E+02, 9.208590242E-01, 2.759783067E+01, 2.759783084E+01, 8.595243456E+04
       471, 3.390561556E-03, 1.734077465E-03, 6.000000238E-01, 3.387419836E-03, 1.734003159E-03, 5.966666667E-01, 5.748591436E-07, 0.000000000E+00, 5.814131146E+02, 3.355797109E+02, 1.051900698E+00, 3.318037316E+01, 3.318037398E+01, 3.771700301E+04
       472, 2.564554801E-03, 2.564554801E-03, 6.000000238E-01, 2.563381748E-03, 2.563381748E-03, 5.966666667E-01, 6.168069242E-07, 0.000000000E+00, 5.872662292E+02, 3.344252441E+02, 1.055531957E+00, 3.329030684E+01, 3.329030764E+01, 3.655283858E+04
       473, 1.734077465E-03, 3.390561556E-03, 6.000000238E-01, 1.734003159E-03, 3.387419836E-03, 5.966666667E-01, 5.748591436E-07, 0.000000000E+00, 5.814131146E+02, 3.355797109E+02, 1.051900698E+00, 3.318037316E+01, 3.318037398E+01, 3.771700301E+04
       474, 9.474668186E-04, 4.148196895E-03, 6.000000238E-01, 9.481934315E-04, 4.142269384E-03, 5.966666667E-01, 4.491128626E-07, 0.000000000E+00, 5.663089673E+02, 3.385695413E+02, 1.042611603E+00, 3.289014214E+01, 3.289014301E+01, 4.073219602E+04
       475, 9.899165016E-04, 4.959165584E-03, 6.000000238E-01, 9.904304461E-04, 4.973614299E-03, 5.966666667E-01, 6.248118250E-07, 0.000000000E+00, 5.364661620E+02, 3.445607491E+02, 1.024482717E+00, 3.228974366E+01, 3.228974455E+01, 4.677530332E+04
       476, 3.842446022E-04, 5.847949069E-03, 6.000000238E-01, 3.840579255E-04, 5.856836426E-03, 5.966666667E-01, 6.072854638E-07, 0.000000000E+00, 5.029952047E+02, 3.513536463E+02, 1.004675876E+00, 3.156793728E+01, 3.156793802E+01, 5.362883654E+04
       477,-4.313085810E-04, 6.568547804E-03, 6.000000238E-01,-4.308959917E-04, 6.573976120E-03, 5.966666667E-01, 5.641604171E-07, 0.000000000E+00, 4.683281889E+02, 3.584887440E+02, 9.846795422E-01, 3.076269787E+01, 3.076269845E+01, 6.083166137E+04
       478,-1.410223776E-03, 7.079871371E-03, 6.000000238E-01,-1.408573492E-03, 7.083400597E-03, 5.966666667E-01, 5.045921339E-07, 0.000000000E+00, 4.327315260E+02, 3.659513448E+02, 9.645996313E-01, 2.987011423E+01, 2.987011464E+01, 6.837054496E+04
       479,-2.499491675E-03, 7.355427835E-03, 6.000000238E-01,-2.496441668E-03, 7.358243837E-03, 5.966666667E-01, 4.367826766E-07, 0.000000000E+00, 3.964092761E+02, 3.737426086E+02, 9.444910057E-01, 2.888415099E+01, 2.888415127E+01, 7.624739343E+04
       480,-3.642742289E-03, 7.380969822E-03, 6.000000238E-01,-3.638741644E-03, 7.383862103E-03, 5.966666667E-01, 3.678963368E-07, 0.000000000E+00, 3.597810814E+02, 3.818251658E+02, 9.244978169E-01, 2.780446975E+01, 2.780446993E+01, 8.442515017E+04
       481,-4.781426396E-03, 7.152483799E-03, 6.000000238E-01,-4.777857355E-03, 7.155431648E-03, 5.966666667E-01, 3.045101533E-07, 0.000000000E+00, 3.239932306E+02, 3.899969295E+02, 9.051264396E-01, 2.665613292E+01, 2.665613304E+01, 9.269980538E+04
       482,-5.858124699E-03, 6.678912789E-03, 6.000000238E-01,-5.856888690E-03, 6.680536249E-03, 5.966666667E-01, 2.522435608E-07, 0.000000000E+00, 2.912641880E+02, 3.977670899E+02, 8.874452946E-01, 2.551356322E+01, 2.551356330E+01, 1.005739942E+05
       483,-6.827756297E-03, 5.988498218E-03, 6.000000238E-01,-6.829274979E-03, 5.987170983E-03, 5.966666667E-01, 2.132710886E-07, 0.000000000E+00, 2.636540262E+02, 4.045918656E+02, 8.724756040E-01, 2.447073157E+01, 2.447073162E+01, 1.074955434E+05
       484,-7.667928003E-03, 5.124803632E-03, 6.000000238E-01,-7.670560039E-03, 5.121024606E-03, 5.966666667E-01, 1.846779659E-07, 0.000000000E+00, 2.405882368E+02, 4.105205309E+02, 8.598754647E-01, 2.353595242E+01, 2.353595246E+01, 1.135134818E+05
       485,-8.371889591E-03, 4.129608627E-03, 6.000000238E-01,-8.374078362E-03, 4.125262651E-03, 5.966666667E-01, 1.614694825E-07, 0.000000000E+00, 2.192366642E+02, 4.162294794E+02, 8.480815265E-01, 2.261175049E+01, 2.261175052E+01, 1.193130456E+05
       486,-8.933518082E-03, 3.033175599E-03, 6.000000238E-01,-8.934789308E-03, 3.029603419E-03, 5.966666667E-01, 1.404220580E-07, 0.000000000E+00, 1.971314184E+02, 4.224079831E+02, 8.356767542E-01, 2.158649283E+01, 2.158649285E+01, 1.255947589E+05
       487,-9.342581034E-03, 1.858675038E-03, 6.000000238E-01,-9.343093632E-03, 1.856426874E-03, 5.966666667E-01, 1.205761273E-07, 0.000000000E+00, 1.731661667E+02, 4.294762191E+02, 8.219233490E-01, 2.038280217E+01, 2.038280219E+01, 1.327876212E+05
       488,-9.588155895E-03, 6.285262061E-04, 6.000000238E-01,-9.588260775E-03, 6.277659541E-04, 5.966666667E-01, 1.020165519E-07, 0.000000000E+00, 1.471485038E+02, 4.376833643E+02, 8.065111929E-01, 1.894409080E+01, 1.894409082E+01, 1.411482497E+05
       489,-9.661988355E-03,-6.333484198E-04, 6.000000238E-01,-9.662075361E-03,-6.325869569E-04, 5.966666667E-01, 8.502529593E-08, 0.000000000E+00, 1.192913795E+02, 4.472478055E+02, 7.892638665E-01, 1.720844287E+01, 1.720844288E+01, 1.509034554E+05
       490,-9.559868835E-03,-1.901739626E-03, 6.000000238E-01,-9.560334761E-03,-1.899482356E-03, 5.966666667E-01, 6.980432592E-08, 0.000000000E+00, 9.054288172E+01, 4.582614878E+02, 7.702949989E-01, 1.512546482E+01, 1.512546483E+01, 1.621540376E+05
       491,-9.281825274E-03,-3.150967648E-03, 6.000000238E-01,-9.283042693E-03,-3.147376986E-03, 5.966666667E-01, 5.646317080E-08, 0.000000000E+00, 6.284273138E+01, 4.705263920E+02, 7.502162223E-01, 1.269080401E+01, 1.269080401E+01, 1.747082819E+05
       492,-8.831892163E-03,-4.355621058E-03, 6.000000238E-01,-8.834034170E-03,-4.351251833E-03, 5.966666667E-01, 4.509356319E-08, 0.000000000E+00, 3.892276689E+01, 4.833854135E+02, 7.302589660E-01, 9.997329839E+00, 9.997329841E+00, 1.878997357E+05
       493, 5.509903654E-03,-6.281361915E-03, 6.000000238E-01, 5.509023730E-03,-6.283391011E-03, 5.966666667E-01, 3.468123825E-07, 0.000000000E+00, 3.484190807E+02, 3.843985176E+02, 9.183087761E-01, 2.745087833E+01, 2.745087849E+01, 8.703018296E+04
       494, 4.781426396E-03,-7.152483799E-03, 6.000000238E-01, 4.777857355E-03,-7.155431648E-03, 5.966666667E-01, 3.045101533E-07, 0.000000000E+00, 3.239932306E+02, 3.899969295E+02, 9.051264396E-01, 2.665613292E+01, 2.665613304E+01, 9.269980538E+04
       495, 3.893682733E-03,-7.891708985E-03, 6.000000238E-01, 3.889447630E-03,-7.894124023E-03, 5.966666667E-01, 2.690505708E-07, 0.000000000E+00, 3.018855188E+02, 3.951974078E+02, 8.932157076E-01, 2.589441082E+01, 2.589441091E+01, 9.796924054E+04
       496, 2.885689726E-03,-8.497404866E-03, 6.000000238E-01, 2.882183186E-03,-8.498871501E-03, 5.966666667E-01, 2.360896041E-07, 0.000000000E+00, 2.794824093E+02, 4.006219950E+02, 8.811211982E-01, 2.507730081E+01, 2.507730088E+01, 1.034686458E+05
       497, 1.782557811E-03,-8.958524093E-03, 6.000000238E-01, 1.780342292E-03,-8.959200585E-03, 5.966666667E-01, 2.043606279E-07, 0.000000000E+00, 2.556701965E+02, 4.065897638E+02, 8.681884389E-01, 2.415331064E+01, 2.415331069E+01, 1.095229760E+05
       498, 6.071232492E-04,-9.260453284E-03, 6.000000238E-01, 6.063711647E-04,-9.260684213E-03, 5.966666667E-01, 1.741525043E-07, 0.000000000E+00, 2.301312437E+02, 4.132650667E+02, 8.541649433E-01, 2.309026567E+01, 2.309026571E+01, 1.163010107E+05
       499,-6.156464806E-04,-9.390952997E-03, 6.000000238E-01,-6.148905311E-04,-9.391124608E-03, 5.966666667E-01, 1.460673470E-07, 0.000000000E+00, 2.026616044E+02, 4.208234286E+02, 8.388233835E-01, 2.184982502E+01, 2.184982504E+01, 1.239832255E+05
       500,-1.858675038E-03,-9.342581034E-03, 6.000000238E-01,-1.856426874E-03,-9.343093632E-03, 5.966666667E-01, 1.205761273E-07, 0.000000000E+00, 1.731661667E+02, 4.294762191E+02, 8.219233490E-01, 2.038280217E+01, 2.038280219E+01, 1.327876212E+05
       501,-3.093888052E-03,-9.113042615E-03, 6.000000238E-01,-3.090302661E-03,-9.114275393E-03, 5.966666667E-01, 9.798562009E-08, 0.000000000E+00, 1.418291869E+02, 4.394488000E+02, 8.032711257E-01, 1.863012344E+01, 1.863012345E+01, 1.429479335E+05
       502,-4.293161444E-03,-8.704768494E-03, 6.000000238E-01,-4.288791309E-03,-8.706908260E-03, 5.966666667E-01, 7.855743457E-08, 0.000000000E+00, 1.094844096E+02, 4.508680577E+02, 7.829264599E-01, 1.653706530E+01, 1.653706530E+01, 1.545992705E+05
       503,-5.428988952E-03,-8.124539629E-03, 6.000000238E-01,-5.425154172E-03,-8.127088957E-03, 5.966666667E-01, 6.262918632E-08, 0.000000000E+00, 7.859674111E+01, 4.633206794E+02, 7.618838268E-01, 1.414018055E+01, 1.414018055E+01, 1.673292991E+05
       504,-6.475529168E-03,-7.383781951E-03, 6.000000238E-01,-6.474031730E-03,-7.385106838E-03, 5.966666667E-01, 5.049871962E-08, 0.000000000E+00, 5.277585056E+01, 4.756026123E+02, 7.422089853E-01, 1.164757928E+01, 1.164757929E+01, 1.799121774E+05
       505,-7.410737686E-03,-6.499139592E-03, 6.000000238E-01,-7.412059797E-03,-6.497640196E-03, 5.966666667E-01, 4.191873041E-08, 0.000000000E+00, 3.420733405E+01, 4.863553186E+02, 7.257996752E-01, 9.357681682E+00, 9.357681683E+00, 1.909506499E+05
       506,-8.217886090E-03,-5.491174292E-03, 6.000000238E-01,-8.220438001E-03,-5.487341261E-03, 5.966666667E-01, 3.584014529E-08, 0.000000000E+00, 2.195940368E+01, 4.952336504E+02, 7.127878567E-01, 7.402611099E+00, 7.402611100E+00, 2.000806204E+05
       507, 6.281361450E-03,-5.509903654E-03, 6.000000238E-01, 6.283391011E-03,-5.509023730E-03, 5.966666667E-01, 3.468123825E-07, 0.000000000E+00, 3.484190807E+02, 3.843985176E+02, 9.183087761E-01, 2.745087833E+01, 2.745087849E+01, 8.703018296E+04
       508, 4.133446142E-03, 1.609289320E-03, 6.000000238E-01, 4.127739223E-03, 1.610079647E-03, 5.966666667E-01, 4.677851922E-07, 0.000000000E+00, 5.601054716E+02, 3.398065075E+02, 1.038816281E+00, 3.276837054E+01, 3.276837141E+01, 4.197975998E+04
       509, 4.959166050E-03, 9.899165016E-04, 6.000000238E-01, 4.973614299E-03, 9.904304461E-04, 5.966666667E-01, 6.248118250E-07, 0.000000000E+00, 5.364661620E+02, 3.445607491E+02, 1.024482717E+00, 3.228974366E+01, 3.228974455E+01, 4.677530332E+04
       510, 5.847949069E-03, 3.842446313E-04, 6.000000238E-01, 5.856836426E-03, 3.840579255E-04, 5.966666667E-01, 6.072854638E-07, 0.000000000E+00, 5.029952047E+02, 3.513536463E+02, 1.004675876E+00, 3.156793728E+01, 3.156793802E+01, 5.362883654E+04
       511, 6.568547804E-03,-4.313085810E-04, 6.000000238E-01, 6.573976120E-03,-4.308959917E-04, 5.966666667E-01, 5.641604171E-07, 0.000000000E+00, 4.683281889E+02, 3.584887440E+02, 9.846795422E-01, 3.076269787E+01, 3.076269845E+01, 6.083166137E+04
       512, 7.079871837E-03,-1.410223660E-03, 6.000000238E-01, 7.083400597E-03,-1.408573492E-03, 5.966666667E-01, 5.045921339E-07, 0.000000000E+00, 4.327315260E+02, 3.659513448E+02, 9.645996313E-01, 2.987011423E+01, 2.987011464E+01, 6.837054496E+04
       513, 7.355427835E-03,-2.499491675E-03, 6.000000238E-01, 7.358243837E-03,-2.496441668E-03, 5.966666667E-01, 4.367826766E-07, 0.000000000E+00, 3.964092761E+02, 3.737426086E+02, 9.444910057E-01, 2.888415099E+01, 2.888415127E+01, 7.624739343E+04
       514, 7.380969822E-03,-3.642742289E-03, 6.000000238E-01, 7.383862103E-03,-3.638741644E-03, 5.966666667E-01, 3.678963368E-07, 0.000000000E+00, 3.597810814E+02, 3.818251658E+02, 9.244978169E-01, 2.780446975E+01, 2.780446993E+01, 8.442515017E+04
       515, 7.152483799E-03,-4.781425931E-03, 6.000000238E-01, 7.155431648E-03,-4.777857355E-03, 5.966666667E-01, 3.045101533E-07, 0.000000000E+00, 3.239932306E+02, 3.899969295E+02, 9.051264396E-01, 2.665613292E+01, 2.665613304E+01, 9.269980538E+04
       516, 3.348860657E-03, 2.479922725E-03, 6.000000238E-01, 3.345823492E-03, 2.479012602E-03, 5.966666667E-01, 5.886253745E-07, 0.000000000E+00, 5.697134148E+02, 3.379056763E+02, 1.044659966E+00, 3.295694819E+01, 3.295694904E+01, 4.006266858E+04
       517, 2.479922492E-03, 3.348860657E-03, 6.000000238E-01, 2.479012602E-03, 3.345823492E-03, 5.966666667E-01, 5.886253745E-07, 0.000000000E+00, 5.697134148E+02, 3.379056763E+02, 1.044659966E+00, 3.295694819E+01, 3.295694904E+01, 4.006266858E+04
       518, 1.609289320E-03, 4.133446608E-03, 6.000000238E-01, 1.610079647E-03, 4.127739223E-03, 5.966666667E-01, 4.677851922E-07, 0.000000000E+00, 5.601054716E+02, 3.398065075E+02, 1.038816281E+00, 3.276837054E+01, 3.276837141E+01, 4.197975998E+04
       519, 1.674166066E-03, 4.914961755E-03, 6.000000238E-01, 1.674595543E-03, 4.928066155E-03, 5.966666667E-01, 6.239987061E-07, 0.000000000E+00, 5.312168806E+02, 3.456213230E+02, 1.021338988E+00, 3.218003695E+01, 3.218003783E+01, 4.784521412E+04
       520, 1.157293911E-03, 5.803686567E-03, 6.000000238E-01, 1.156646757E-03, 5.812276806E-03, 5.966666667E-01, 6.047273891E-07, 0.000000000E+00, 5.004363191E+02, 3.518782626E+02, 1.003178002E+00, 3.151063038E+01, 3.151063111E+01, 5.415825915E+04
       521, 4.313085810E-04, 6.568547804E-03, 6.000000238E-01, 4.308959917E-04, 6.573976120E-03, 5.966666667E-01, 5.641604171E-07, 0.000000000E+00, 4.683281889E+02, 3.584887440E+02, 9.846795422E-01, 3.076269787E+01, 3.076269845E+01, 6.083166137E+04
       522,-4.702341394E-04, 7.164538372E-03, 6.000000238E-01,-4.696903909E-04, 7.167958872E-03, 5.966666667E-01, 5.089394943E-07, 0.000000000E+00, 4.350908713E+02, 3.654496114E+02, 9.659239502E-01, 2.993136355E+01, 2.993136397E+01, 6.786350823E+04
       523,-1.504920539E-03, 7.557674777E-03, 6.000000238E-01,-1.503047494E-03, 7.560079471E-03, 5.966666667E-01, 4.454920934E-07, 0.000000000E+00, 4.008887669E+02, 3.727661358E+02, 9.469651302E-01, 2.900993978E+01, 2.900994007E+01, 7.525986159E+04
       524,-2.625006950E-03, 7.726572920E-03, 6.000000238E-01,-2.621756343E-03, 7.728796082E-03, 5.966666667E-01, 3.794653219E-07, 0.000000000E+00, 3.658797867E+02, 3.804549547E+02, 9.278274022E-01, 2.799039092E+01, 2.799039111E+01, 8.303834026E+04
       525,-3.780087456E-03, 7.660508621E-03, 6.000000238E-01,-3.775942364E-03, 7.663106743E-03, 5.966666667E-01, 3.157856588E-07, 0.000000000E+00, 3.304382025E+02, 3.884953545E+02, 9.086248476E-01, 2.687007905E+01, 2.687007918E+01, 9.117882309E+04
       526,-4.918168299E-03, 7.357746828E-03, 6.000000238E-01,-4.914494892E-03, 7.360538266E-03, 5.966666667E-01, 2.590697426E-07, 0.000000000E+00, 2.956467807E+02, 3.967024935E+02, 8.898268552E-01, 2.567198389E+01, 2.567198397E+01, 9.949478790E+04
       527,-5.988498218E-03, 6.827756297E-03, 6.000000238E-01,-5.987170983E-03, 6.829274979E-03, 5.966666667E-01, 2.132710886E-07, 0.000000000E+00, 2.636540262E+02, 4.045918656E+02, 8.724756040E-01, 2.447073157E+01, 2.447073162E+01, 1.074955434E+05
       528,-6.950860843E-03, 6.096327212E-03, 6.000000238E-01,-6.952311176E-03, 6.094940074E-03, 5.966666667E-01, 1.795699249E-07, 0.000000000E+00, 2.364239427E+02, 4.116235461E+02, 8.575712823E-01, 2.336059056E+01, 2.336059060E+01, 1.146336490E+05
       529,-7.784059271E-03, 5.202168133E-03, 6.000000238E-01,-7.786654290E-03, 5.198364054E-03, 5.966666667E-01, 1.550528610E-07, 0.000000000E+00, 2.134164203E+02, 4.178392262E+02, 8.448142494E-01, 2.234925724E+01, 2.234925727E+01, 1.209491678E+05
       530,-8.480075747E-03, 4.182763863E-03, 6.000000238E-01,-8.482239820E-03, 4.178405407E-03, 5.966666667E-01, 1.352713025E-07, 0.000000000E+00, 1.919221513E+02, 4.239198948E+02, 8.326963103E-01, 2.133382780E+01, 2.133382782E+01, 1.271327404E+05
       531,-9.031775407E-03, 3.066404955E-03, 6.000000238E-01,-9.033023194E-03, 3.062824504E-03, 5.966666667E-01, 1.174163845E-07, 0.000000000E+00, 1.695655812E+02, 4.305833335E+02, 8.198100223E-01, 2.019270381E+01, 2.019270383E+01, 1.339148898E+05
       532,-9.429111145E-03, 1.875824411E-03, 6.000000238E-01,-9.429600941E-03, 1.873571942E-03, 5.966666667E-01, 1.006492001E-07, 0.000000000E+00, 1.453434206E+02, 4.382779060E+02, 8.054171279E-01, 1.883835323E+01, 1.883835324E+01, 1.417542763E+05
       533,-9.661988355E-03, 6.333483616E-04, 6.000000238E-01,-9.662075361E-03, 6.325869569E-04, 5.966666667E-01, 8.502529593E-08, 0.000000000E+00, 1.192913795E+02, 4.472478055E+02, 7.892638665E-01, 1.720844287E+01, 1.720844288E+01, 1.509034554E+05
       534,-9.723053314E-03,-6.373366923E-04, 6.000000238E-01,-9.723128476E-03,-6.365744783E-04, 5.966666667E-01, 7.076694123E-08, 0.000000000E+00, 9.211476852E+01, 4.576202547E+02, 7.713743626E-01, 1.524910698E+01, 1.524910699E+01, 1.614984220E+05
       535,-9.608824737E-03,-1.911442261E-03, 6.000000238E-01,-9.609284356E-03,-1.909183781E-03, 5.966666667E-01, 5.802915980E-08, 0.000000000E+00, 6.547675495E+01, 4.692625382E+02, 7.522367619E-01, 1.294710054E+01, 1.294710054E+01, 1.734133614E+05
       536,-9.319853038E-03,-3.163827816E-03, 6.000000238E-01,-9.321069208E-03,-3.160236928E-03, 5.966666667E-01, 4.689060813E-08, 0.000000000E+00, 4.167035273E+01, 4.817387363E+02, 7.327551340E-01, 1.034919749E+01, 1.034919749E+01, 1.862088268E+05
       537,-8.860534057E-03,-4.369693808E-03, 6.000000238E-01,-8.862677618E-03,-4.365325162E-03, 5.966666667E-01, 3.741666925E-08, 0.000000000E+00, 2.374366729E+01, 4.937919231E+02, 7.148689879E-01, 7.722140043E+00, 7.722140044E+00, 1.985970652E+05
       538, 5.700492766E-03,-6.498950068E-03, 6.000000238E-01, 5.699396801E-03,-6.500733277E-03, 5.966666667E-01, 2.967697208E-07, 0.000000000E+00, 3.194690758E+02, 3.910574991E+02, 9.026716866E-01, 2.650390555E+01, 2.650390566E+01, 9.377421827E+04
       539, 4.918168299E-03,-7.357746828E-03, 6.000000238E-01, 4.914494892E-03,-7.360538266E-03, 5.966666667E-01, 2.590697426E-07, 0.000000000E+00, 2.956467807E+02, 3.967024935E+02, 8.898268552E-01, 2.567198389E+01, 2.567198397E+01, 9.949478790E+04
       540, 3.987634555E-03,-8.082929067E-03, 6.000000238E-01, 3.983343796E-03,-8.085230901E-03, 5.966666667E-01, 2.279101291E-07, 0.000000000E+00, 2.739685091E+02, 4.019947052E+02, 8.781123924E-01, 2.486898641E+01, 2.486898648E+01, 1.048608253E+05
       541, 2.944422420E-03,-8.671076968E-03, 6.000000238E-01, 2.940883713E-03,-8.672447440E-03, 5.966666667E-01, 1.992521786E-07, 0.000000000E+00, 2.518853169E+02, 4.075671865E+02, 8.661063597E-01, 2.400092346E+01, 2.400092351E+01, 1.105150513E+05
       542, 1.812869683E-03,-9.111465886E-03, 6.000000238E-01, 1.810638555E-03,-9.112063680E-03, 5.966666667E-01, 1.719068602E-07, 0.000000000E+00, 2.282341677E+02, 4.137757739E+02, 8.531106811E-01, 2.300807652E+01, 2.300807656E+01, 1.168198345E+05
       543, 6.156464806E-04,-9.390952997E-03, 6.000000238E-01, 6.148905311E-04,-9.391124608E-03, 5.966666667E-01, 1.460673470E-07, 0.000000000E+00, 2.026616044E+02, 4.208234286E+02, 8.388233835E-01, 2.184982502E+01, 2.184982504E+01, 1.239832255E+05
       544,-6.226958358E-04,-9.498885833E-03, 6.000000238E-01,-6.219373155E-04,-9.499018234E-03, 5.966666667E-01, 1.221974655E-07, 0.000000000E+00, 1.750138708E+02, 4.289139188E+02, 8.230008792E-01, 2.047938022E+01, 2.047938024E+01, 1.322151505E+05
       545,-1.875824411E-03,-9.429111145E-03, 6.000000238E-01,-1.873571942E-03,-9.429600941E-03, 5.966666667E-01, 1.006492001E-07, 0.000000000E+00, 1.453434206E+02, 4.382779060E+02, 8.054171279E-01, 1.883835323E+01, 1.883835324E+01, 1.417542763E+05
       546,-3.116618609E-03,-9.180256166E-03, 6.000000238E-01,-3.113030388E-03,-9.181480693E-03, 5.966666667E-01, 8.163899926E-08, 0.000000000E+00, 1.142166712E+02, 4.491029089E+02, 7.860036648E-01, 1.686551585E+01, 1.686551586E+01, 1.527970421E+05
       547,-4.318034742E-03,-8.755392395E-03, 6.000000238E-01,-4.313664092E-03,-8.757531837E-03, 5.966666667E-01, 6.535047198E-08, 0.000000000E+00, 8.319747857E+01, 4.613337462E+02, 7.651652089E-01, 1.452973428E+01, 1.452973428E+01, 1.652962315E+05
       548,-5.453752819E-03,-8.161713369E-03, 6.000000238E-01,-5.449918207E-03,-8.164262253E-03, 5.966666667E-01, 5.203585803E-08, 0.000000000E+00, 5.536829228E+01, 4.742543628E+02, 7.443189982E-01, 1.192676409E+01, 1.192676409E+01, 1.785295649E+05
       549,-6.499139592E-03,-7.410737220E-03, 6.000000238E-01,-6.497640196E-03,-7.412059797E-03, 5.966666667E-01, 4.191873041E-08, 0.000000000E+00, 3.420733405E+01, 4.863553186E+02, 7.257996752E-01, 9.357681682E+00, 9.357681683E+00, 1.909506499E+05
       550,-7.433031686E-03,-6.518667564E-03, 6.000000238E-01,-7.434352435E-03,-6.517166624E-03, 5.966666667E-01, 3.477427203E-08, 0.000000000E+00, 2.079485031E+01, 4.962104565E+02, 7.113847112E-01, 7.185571745E+00, 7.185571746E+00, 2.010859784E+05
       551,-8.238918148E-03,-5.505184643E-03, 6.000000238E-01,-8.241470760E-03,-5.501352824E-03, 5.966666667E-01, 2.971833269E-08, 0.000000000E+00, 1.283426750E+01, 5.039233611E+02, 7.004964634E-01, 5.450396028E+00, 5.450396028E+00, 2.090305170E+05
       552, 6.498950534E-03,-5.700492766E-03, 6.000000238E-01, 6.500733277E-03,-5.699396801E-03, 5.966666667E-01, 2.967697208E-07, 0.000000000E+00, 3.194690758E+02, 3.910574991E+02, 9.026716866E-01, 2.650390555E+01, 2.650390566E+01, 9.377421827E+04
       553, 4.082478583E-03, 2.305219183E-03, 6.000000238E-01, 4.076842442E-03, 2.305268602E-03, 5.966666667E-01, 4.709030643E-07, 0.000000000E+00, 5.511076141E+02, 3.416061942E+02, 1.033343476E+00, 3.258883147E+01, 3.258883233E+01, 4.379497489E+04
       554, 4.914961755E-03, 1.674166066E-03, 6.000000238E-01, 4.928066155E-03, 1.674595543E-03, 5.966666667E-01, 6.239987061E-07, 0.000000000E+00, 5.312168806E+02, 3.456213230E+02, 1.021338988E+00, 3.218003695E+01, 3.218003783E+01, 4.784521412E+04
       555, 5.803687032E-03, 1.157293795E-03, 6.000000238E-01, 5.812276806E-03, 1.156646757E-03, 5.966666667E-01, 6.047273891E-07, 0.000000000E+00, 5.004363191E+02, 3.518782626E+02, 1.003178002E+00, 3.151063038E+01, 3.151063111E+01, 5.415825915E+04
       556, 6.568547804E-03, 4.313085810E-04, 6.000000238E-01, 6.573976120E-03, 4.308959917E-04, 5.966666667E-01, 5.641604171E-07, 0.000000000E+00, 4.683281889E+02, 3.584887440E+02, 9.846795422E-01, 3.076269787E+01, 3.076269845E+01, 6.083166137E+04
       557, 7.164538372E-03,-4.702341103E-04, 6.000000238E-01, 7.167958872E-03,-4.696903909E-04, 5.966666667E-01, 5.089394943E-07, 0.000000000E+00, 4.350908713E+02, 3.654496114E+02, 9.659239502E-01, 2.993136355E+01, 2.993136397E+01, 6.786350823E+04
       558, 7.557674777E-03,-1.504920539E-03, 6.000000238E-01, 7.560079471E-03,-1.503047494E-03, 5.966666667E-01, 4.454920934E-07, 0.000000000E+00, 4.008887669E+02, 3.727661358E+02, 9.469651302E-01, 2.900993978E+01, 2.900994007E+01, 7.525986159E+04
       559, 7.726572920E-03,-2.625006717E-03, 6.000000238E-01, 7.728796082E-03,-2.621756343E-03, 5.966666667E-01, 3.794653219E-07, 0.000000000E+00, 3.658797867E+02, 3.804549547E+02, 9.278274022E-01, 2.799039092E+01, 2.799039111E+01, 8.303834026E+04
       560, 7.660508621E-03,-3.780087456E-03, 6.000000238E-01, 7.663106743E-03,-3.775942364E-03, 5.966666667E-01, 3.157856588E-07, 0.000000000E+00, 3.304382025E+02, 3.884953545E+02, 9.086248476E-01, 2.687007905E+01, 2.687007918E+01, 9.117882309E+04
       561, 7.357746828E-03,-4.918168299E-03, 6.000000238E-01, 7.360538266E-03,-4.914494892E-03, 5.966666667E-01, 2.590697426E-07, 0.000000000E+00, 2.956467807E+02, 3.967024935E+02, 8.898268552E-01, 2.567198389E+01, 2.567198397E+01, 9.949478790E+04
       562, 3.240047488E-03, 3.240047488E-03, 6.000000238E-01, 3.237190572E-03, 3.237190572E-03, 5.966666667E-01, 5.500287908E-07, 0.000000000E+00, 5.552070571E+02, 3.408032192E+02, 1.035778163E+00, 3.267190208E+01, 3.267190293E+01, 4.298505551E+04
       563, 2.305219183E-03, 4.082478583E-03, 6.000000238E-01, 2.305268602E-03, 4.076842442E-03, 5.966666667E-01, 4.709030643E-07, 0.000000000E+00, 5.511076141E+02, 3.416061942E+02, 1.033343476E+00, 3.258883147E+01, 3.258883233E+01, 4.379497489E+04
       564, 2.384747379E-03, 4.820573144E-03, 6.000000238E-01, 2.385056029E-03, 4.832235626E-03, 5.966666667E-01, 6.213272719E-07, 0.000000000E+00, 5.237797290E+02, 3.471297774E+02, 1.016900754E+00, 3.202254253E+01, 3.202254339E+01, 4.936702596E+04
       565, 1.942398609E-03, 5.708118435E-03, 6.000000238E-01, 1.941140455E-03, 5.716232548E-03, 5.966666667E-01, 5.992703727E-07, 0.000000000E+00, 4.953707898E+02, 3.529189867E+02, 1.000219726E+00, 3.139626134E+01, 3.139626205E+01, 5.520859939E+04
       566, 1.295727910E-03, 6.502171047E-03, 6.000000238E-01, 1.294446376E-03, 6.507559797E-03, 5.966666667E-01, 5.603257899E-07, 0.000000000E+00, 4.658700236E+02, 3.590014972E+02, 9.832731480E-01, 3.070335643E+01, 3.070335700E+01, 6.134947779E+04
       567, 4.702341103E-04, 7.164538372E-03, 6.000000238E-01, 4.696903909E-04, 7.167958872E-03, 5.966666667E-01, 5.089394943E-07, 0.000000000E+00, 4.350908713E+02, 3.654496114E+02, 9.659239502E-01, 2.993136355E+01, 2.993136397E+01, 6.786350823E+04
       568,-5.024285638E-04, 7.657469250E-03, 6.000000238E-01,-5.018054574E-04, 7.659674068E-03, 5.966666667E-01, 4.498920298E-07, 0.000000000E+00, 4.031557659E+02, 3.722733327E+02, 9.482186912E-01, 2.907312112E+01, 2.907312142E+01, 7.476151351E+04
       569,-1.583242090E-03, 7.952854969E-03, 6.000000238E-01,-1.581230697E-03, 7.954561338E-03, 5.966666667E-01, 3.877163104E-07, 0.000000000E+00, 3.701873668E+02, 3.794915806E+02, 9.301827770E-01, 2.812011888E+01, 2.812011908E+01, 8.206340823E+04
       570,-2.728817752E-03, 8.033538237E-03, 6.000000238E-01,-2.725441415E-03, 8.035390150E-03, 5.966666667E-01, 3.263054093E-07, 0.000000000E+00, 3.363192791E+02, 3.871339677E+02, 9.118200977E-01, 2.706237115E+01, 2.706237129E+01, 8.980003578E+04
       571,-3.893682733E-03, 7.891708985E-03, 6.000000238E-01,-3.889447630E-03, 7.894124023E-03, 5.966666667E-01, 2.690505708E-07, 0.000000000E+00, 3.018855188E+02, 3.951974078E+02, 8.932157076E-01, 2.589441082E+01, 2.589441091E+01, 9.796924054E+04
       572,-5.031264387E-03, 7.527515758E-03, 6.000000238E-01,-5.027525815E-03, 7.530208995E-03, 5.966666667E-01, 2.192070773E-07, 0.000000000E+00, 2.679120900E+02, 4.035148355E+02, 8.748043473E-01, 2.463651811E+01, 2.463651817E+01, 1.064028237E+05
       573,-6.096327212E-03, 6.950860843E-03, 6.000000238E-01,-6.094940074E-03, 6.952311176E-03, 5.966666667E-01, 1.795699249E-07, 0.000000000E+00, 2.364239427E+02, 4.116235461E+02, 8.575712823E-01, 2.336059056E+01, 2.336059060E+01, 1.146336490E+05
       574,-7.052678149E-03, 6.185510196E-03, 6.000000238E-01,-7.054083136E-03, 6.184083530E-03, 5.966666667E-01, 1.506923174E-07, 0.000000000E+00, 2.093174353E+02, 4.189842262E+02, 8.425055412E-01, 2.216139074E+01, 2.216139076E+01, 1.221131492E+05
       575,-7.880109362E-03, 5.266154185E-03, 6.000000238E-01,-7.882681769E-03, 5.262335456E-03, 5.966666667E-01, 1.298208147E-07, 0.000000000E+00, 1.861841594E+02, 4.256058130E+02, 8.293978172E-01, 2.105006395E+01, 2.105006397E+01, 1.288481062E+05
       576,-8.569554426E-03, 4.226726945E-03, 6.000000238E-01,-8.571704354E-03, 4.222361841E-03, 5.966666667E-01, 1.130588402E-07, 0.000000000E+00, 1.644397259E+02, 4.321774771E+02, 8.167860450E-01, 1.991740765E+01, 1.991740766E+01, 1.355383549E+05
       577,-9.113042615E-03, 3.093888052E-03, 6.000000238E-01,-9.114275393E-03, 3.090302661E-03, 5.966666667E-01, 9.798562009E-08, 0.000000000E+00, 1.418291869E+02, 4.394488000E+02, 8.032711257E-01, 1.863012344E+01, 1.863012345E+01, 1.429479335E+05
       578,-9.500677697E-03, 1.890008454E-03, 6.000000238E-01,-9.501153047E-03, 1.887753006E-03, 5.966666667E-01, 8.387634497E-08, 0.000000000E+00, 1.175677113E+02, 4.478725984E+02, 7.881628247E-01, 1.709298532E+01, 1.709298532E+01, 1.515411555E+05
       579,-9.723053314E-03, 6.373366923E-04, 6.000000238E-01,-9.723128476E-03, 6.365744783E-04, 5.966666667E-01, 7.076694123E-08, 0.000000000E+00, 9.211476852E+01, 4.576202547E+02, 7.713743626E-01, 1.524910698E+01, 1.524910699E+01, 1.614984220E+05
       580,-9.773558937E-03,-6.406353205E-04, 6.000000238E-01,-9.773625966E-03,-6.398725871E-04, 5.966666667E-01, 5.883376113E-08, 0.000000000E+00, 6.680437279E+01, 4.686339014E+02, 7.532458306E-01, 1.307394616E+01, 1.307394617E+01, 1.727693791E+05
       581,-9.649314918E-03,-1.919467119E-03, 6.000000238E-01,-9.649770629E-03,-1.917207842E-03, 5.966666667E-01, 4.819680034E-08, 0.000000000E+00, 4.369487501E+01, 4.805597665E+02, 7.345528213E-01, 1.059982828E+01, 1.059982829E+01, 1.849984883E+05
       582,-9.351304732E-03,-3.174464218E-03, 6.000000238E-01,-9.352520785E-03,-3.170873334E-03, 5.966666667E-01, 3.891295142E-08, 0.000000000E+00, 2.550399435E+01, 4.924270698E+02, 7.168503803E-01, 8.023611434E+00, 8.023611435E+00, 1.971929591E+05
       583,-8.884223178E-03,-4.381332546E-03, 6.000000238E-01,-8.886368374E-03,-4.376965094E-03, 5.966666667E-01, 3.102911749E-08, 0.000000000E+00, 1.380692289E+01, 5.028454435E+02, 7.019980729E-01, 5.693403979E+00, 5.693403980E+00, 2.079195322E+05
       584, 5.858124699E-03,-6.678912789E-03, 6.000000238E-01, 5.856888690E-03,-6.680536249E-03, 5.966666667E-01, 2.522435608E-07, 0.000000000E+00, 2.912641880E+02, 3.977670899E+02, 8.874452946E-01, 2.551356322E+01, 2.551356330E+01, 1.005739942E+05
       585, 5.031264387E-03,-7.527515758E-03, 6.000000238E-01, 5.027525815E-03,-7.530208995E-03, 5.966666667E-01, 2.192070773E-07, 0.000000000E+00, 2.679120900E+02, 4.035148355E+02, 8.748043473E-01, 2.463651811E+01, 2.463651817E+01, 1.064028237E+05
       586, 4.065340385E-03,-8.241083473E-03, 6.000000238E-01, 4.061014975E-03,-8.243315060E-03, 5.966666667E-01, 1.921826129E-07, 0.000000000E+00, 2.465054565E+02, 4.089668005E+02, 8.631422693E-01, 2.378142304E+01, 2.378142308E+01, 1.119358797E+05
       587, 2.992999274E-03,-8.814716712E-03, 6.000000238E-01, 2.989439775E-03,-8.816026455E-03, 5.966666667E-01, 1.675248605E-07, 0.000000000E+00, 2.245219236E+02, 4.147831179E+02, 8.510388129E-01, 2.284591576E+01, 2.284591579E+01, 1.178432952E+05
       588, 1.837939955E-03,-9.237960912E-03, 6.000000238E-01, 1.835698564E-03,-9.238506688E-03, 5.966666667E-01, 1.441536509E-07, 0.000000000E+00, 2.007880977E+02, 4.213569990E+02, 8.377611696E-01, 2.176114271E+01, 2.176114273E+01, 1.245258412E+05
       589, 6.226958358E-04,-9.498885833E-03, 6.000000238E-01, 6.219373155E-04,-9.499018234E-03, 5.966666667E-01, 1.221974655E-07, 0.000000000E+00, 1.750138708E+02, 4.289139188E+02, 8.230008792E-01, 2.047938022E+01, 2.047938024E+01, 1.322151505E+05
       590,-6.285262061E-04,-9.588155895E-03, 6.000000238E-01,-6.277659541E-04,-9.588260775E-03, 5.966666667E-01, 1.020165519E-07, 0.000000000E+00, 1.471485038E+02, 4.376833643E+02, 8.065111929E-01, 1.894409080E+01, 1.894409082E+01, 1.411482497E+05
       591,-1.890008454E-03,-9.500677697E-03, 6.000000238E-01,-1.887753006E-03,-9.501153047E-03, 5.966666667E-01, 8.387634497E-08, 0.000000000E+00, 1.175677113E+02, 4.478725984E+02, 7.881628247E-01, 1.709298532E+01, 1.709298532E+01, 1.515411555E+05
       592,-3.135418519E-03,-9.235847741E-03, 6.000000238E-01,-3.131828757E-03,-9.237066982E-03, 5.966666667E-01, 6.793036436E-08, 0.000000000E+00, 8.748106143E+01, 4.595279001E+02, 7.681721441E-01, 1.488085630E+01, 1.488085631E+01, 1.634490720E+05
       593,-4.338606261E-03,-8.797262795E-03, 6.000000238E-01,-4.334236457E-03,-8.799402774E-03, 5.966666667E-01, 5.430805761E-08, 0.000000000E+00, 5.920568014E+01, 4.723127778E+02, 7.473787474E-01, 1.232618034E+01, 1.232618035E+01, 1.765390693E+05
       594,-5.474234466E-03,-8.192457259E-03, 6.000000238E-01,-5.470400487E-03,-8.195008205E-03, 5.966666667E-01, 4.319958081E-08, 0.000000000E+00, 3.608656577E+01, 4.851479762E+02, 7.276059050E-01, 9.618450840E+00, 9.618450842E+00, 1.897101837E+05
       595,-6.518667564E-03,-7.433031686E-03, 6.000000238E-01,-6.517166624E-03,-7.434352435E-03, 5.966666667E-01, 3.477427203E-08, 0.000000000E+00, 2.079485031E+01, 4.962104565E+02, 7.113847112E-01, 7.185571745E+00, 7.185571746E+00, 2.010859784E+05
       596,-7.451470941E-03,-6.534818560E-03, 6.000000238E-01,-7.452790481E-03,-6.533316761E-03, 5.966666667E-01, 2.883231921E-08, 0.000000000E+00, 1.220341599E+01, 5.046501166E+02, 6.994876661E-01, 5.286365025E+00, 5.286365026E+00, 2.097796982E+05
       597,-8.256311528E-03,-5.516772624E-03, 6.000000238E-01,-8.258866716E-03,-5.512941629E-03, 5.966666667E-01, 2.463118475E-08, 0.000000000E+00, 7.444336809E+00, 5.111308175E+02, 6.906187617E-01, 3.810864508E+00, 3.810864508E+00, 2.164650473E+05
       598, 6.678912789E-03,-5.858124234E-03, 6.000000238E-01, 6.680536249E-03,-5.856888690E-03, 5.966666667E-01, 2.522435608E-07, 0.000000000E+00, 2.912641880E+02, 3.977670899E+02, 8.874452946E-01, 2.551356322E+01, 2.551356330E+01, 1.005739942E+05
       599, 3.949485254E-03, 3.015428782E-03, 6.000000238E-01, 3.943734986E-03, 3.013379239E-03, 5.966666667E-01, 4.123595895E-07, 0.000000000E+00, 5.406462716E+02, 3.437097473E+02, 1.027019266E+00, 3.237579359E+01, 3.237579444E+01, 4.591684218E+04
       600, 4.820572678E-03, 2.384747379E-03, 6.000000238E-01, 4.832235626E-03, 2.385056029E-03, 5.966666667E-01, 6.213272719E-07, 0.000000000E+00, 5.237797290E+02, 3.471297774E+02, 1.016900754E+00, 3.202254253E+01, 3.202254339E+01, 4.936702596E+04
       601, 5.708118435E-03, 1.942398725E-03, 6.000000238E-01, 5.716232548E-03, 1.941140455E-03, 5.966666667E-01, 5.992703727E-07, 0.000000000E+00, 4.953707898E+02, 3.529189867E+02, 1.000219726E+00, 3.139626134E+01, 3.139626205E+01, 5.520859939E+04
       602, 6.502171047E-03, 1.295728027E-03, 6.000000238E-01, 6.507559797E-03, 1.294446376E-03, 5.966666667E-01, 5.603257899E-07, 0.000000000E+00, 4.658700236E+02, 3.590014972E+02, 9.832731480E-01, 3.070335643E+01, 3.070335700E+01, 6.134947779E+04
       603, 7.164538372E-03, 4.702341394E-04, 6.000000238E-01, 7.167958872E-03, 4.696903909E-04, 5.966666667E-01, 5.089394943E-07, 0.000000000E+00, 4.350908713E+02, 3.654496114E+02, 9.659239502E-01, 2.993136355E+01, 2.993136397E+01, 6.786350823E+04
       604, 7.657468785E-03,-5.024285638E-04, 6.000000238E-01, 7.659674068E-03,-5.018054574E-04, 5.966666667E-01, 4.498920298E-07, 0.000000000E+00, 4.031557659E+02, 3.722733327E+02, 9.482186912E-01, 2.907312112E+01, 2.907312142E+01, 7.476151351E+04
       605, 7.952854969E-03,-1.583242090E-03, 6.000000238E-01, 7.954561338E-03,-1.581230697E-03, 5.966666667E-01, 3.877163104E-07, 0.000000000E+00, 3.701873668E+02, 3.794915806E+02, 9.301827770E-01, 2.812011888E+01, 2.812011908E+01, 8.206340823E+04
       606, 8.033539169E-03,-2.728817519E-03, 6.000000238E-01, 8.035390150E-03,-2.725441415E-03, 5.966666667E-01, 3.263054093E-07, 0.000000000E+00, 3.363192791E+02, 3.871339677E+02, 9.118200977E-01, 2.706237115E+01, 2.706237129E+01, 8.980003578E+04
       607, 7.891708985E-03,-3.893682733E-03, 6.000000238E-01, 7.894124023E-03,-3.889447630E-03, 5.966666667E-01, 2.690505708E-07, 0.000000000E+00, 3.018855188E+02, 3.951974078E+02, 8.932157076E-01, 2.589441082E+01, 2.589441091E+01, 9.796924054E+04
       608, 7.527515758E-03,-5.031264387E-03, 6.000000238E-01, 7.530208995E-03,-5.027525815E-03, 5.966666667E-01, 2.192070773E-07, 0.000000000E+00, 2.679120900E+02, 4.035148355E+02, 8.748043473E-01, 2.463651811E+01, 2.463651817E+01, 1.064028237E+05
       609, 3.015428782E-03, 3.949485254E-03, 6.000000238E-01, 3.013379239E-03, 3.943734986E-03, 5.966666667E-01, 4.123595895E-07, 0.000000000E+00, 5.406462716E+02, 3.437097473E+02, 1.027019266E+00, 3.237579359E+01, 3.237579444E+01, 4.591684218E+04
       610, 3.101762384E-03, 4.631140269E-03, 6.000000238E-01, 3.103176171E-03, 4.641567575E-03, 5.966666667E-01, 6.164973525E-07, 0.000000000E+00, 5.156325776E+02, 3.487928124E+02, 1.012052197E+00, 3.184731036E+01, 3.184731120E+01, 5.104489267E+04
       611, 2.739628311E-03, 5.542861763E-03, 6.000000238E-01, 2.737968237E-03, 5.550517885E-03, 5.966666667E-01, 5.907096666E-07, 0.000000000E+00, 4.882002500E+02, 3.543974047E+02, 9.960471706E-01, 3.123224539E+01, 3.123224606E+01, 5.670086402E+04
       612, 2.164247911E-03, 6.364120636E-03, 6.000000238E-01, 2.162061938E-03, 6.369491644E-03, 5.966666667E-01, 5.525395406E-07, 0.000000000E+00, 4.610060611E+02, 3.600182679E+02, 9.804961684E-01, 3.058500364E+01, 3.058500419E+01, 6.237636640E+04
       613, 1.410223660E-03, 7.079871837E-03, 6.000000238E-01, 1.408573492E-03, 7.083400597E-03, 5.966666667E-01, 5.045921339E-07, 0.000000000E+00, 4.327315260E+02, 3.659513448E+02, 9.645996313E-01, 2.987011423E+01, 2.987011464E+01, 6.837054496E+04
       614, 5.024285638E-04, 7.657468785E-03, 6.000000238E-01, 5.018054574E-04, 7.659674068E-03, 5.966666667E-01, 4.498920298E-07, 0.000000000E+00, 4.031557659E+02, 3.722733327E+02, 9.482186912E-01, 2.907312112E+01, 2.907312142E+01, 7.476151351E+04
       615,-5.290558911E-04, 8.065160364E-03, 6.000000238E-01,-5.283833135E-04, 8.066608792E-03, 5.966666667E-01, 3.919056080E-07, 0.000000000E+00, 3.723704229E+02, 3.790049884E+02, 9.313770084E-01, 2.818537894E+01, 2.818537915E+01, 8.157101354E+04
       616,-1.648020116E-03, 8.279699832E-03, 6.000000238E-01,-1.645921102E-03, 8.280963826E-03, 5.966666667E-01, 3.338462521E-07, 0.000000000E+00, 3.404705093E+02, 3.861779722E+02, 9.140773365E-01, 2.719645598E+01, 2.719645612E+01, 8.883193205E+04
       617,-2.814677311E-03, 8.287423290E-03, 6.000000238E-01,-2.811221366E-03, 8.289039240E-03, 5.966666667E-01, 2.784019653E-07, 0.000000000E+00, 3.075719336E+02, 3.938354723E+02, 8.963045664E-01, 2.609404728E+01, 2.609404738E+01, 9.658898479E+04
       618,-3.987634555E-03, 8.082929067E-03, 6.000000238E-01,-3.983343796E-03, 8.085230901E-03, 5.966666667E-01, 2.279101291E-07, 0.000000000E+00, 2.739685091E+02, 4.019947052E+02, 8.781123924E-01, 2.486898641E+01, 2.486898648E+01, 1.048608253E+05
       619,-5.124803632E-03, 7.667927537E-03, 6.000000238E-01,-5.121024606E-03, 7.670560039E-03, 5.966666667E-01, 1.846779659E-07, 0.000000000E+00, 2.405882368E+02, 4.105205309E+02, 8.598754647E-01, 2.353595242E+01, 2.353595246E+01, 1.135134818E+05
       620,-6.185510661E-03, 7.052678149E-03, 6.000000238E-01,-6.184083530E-03, 7.054083136E-03, 5.966666667E-01, 1.506923174E-07, 0.000000000E+00, 2.093174353E+02, 4.189842262E+02, 8.425055412E-01, 2.216139074E+01, 2.216139076E+01, 1.221131492E+05
       621,-7.136888802E-03, 6.259271875E-03, 6.000000238E-01,-7.138263953E-03, 6.257818662E-03, 5.966666667E-01, 1.261214138E-07, 0.000000000E+00, 1.821441190E+02, 4.268064962E+02, 8.270645724E-01, 2.084671080E+01, 2.084671082E+01, 1.300700041E+05
       622,-7.959549315E-03, 5.319076125E-03, 6.000000238E-01,-7.962109559E-03, 5.315248510E-03, 5.966666667E-01, 1.084527402E-07, 0.000000000E+00, 1.588015854E+02, 4.339562216E+02, 8.134381182E-01, 1.960797985E+01, 1.960797987E+01, 1.373502362E+05
       623,-8.643560112E-03, 4.263088107E-03, 6.000000238E-01,-8.645702847E-03, 4.258719374E-03, 5.966666667E-01, 9.431491804E-08, 0.000000000E+00, 1.368392537E+02, 4.411337730E+02, 8.002029178E-01, 1.832867147E+01, 1.832867148E+01, 1.446660007E+05
       624,-9.180256166E-03, 3.116618609E-03, 6.000000238E-01,-9.181480693E-03, 3.113030388E-03, 5.966666667E-01, 8.163899926E-08, 0.000000000E+00, 1.142166712E+02, 4.491029089E+02, 7.860036648E-01, 1.686551585E+01, 1.686551586E+01, 1.527970421E+05
       625,-9.559868835E-03, 1.901739626E-03, 6.000000238E-01,-9.560334761E-03, 1.899482356E-03, 5.966666667E-01, 6.980432592E-08, 0.000000000E+00, 9.054288172E+01, 4.582614878E+02, 7.702949989E-01, 1.512546482E+01, 1.512546483E+01, 1.621540376E+05
       626,-9.773558937E-03, 6.406353787E-04, 6.000000238E-01,-9.773625966E-03, 6.398725871E-04, 5.966666667E-01, 5.883376113E-08, 0.000000000E+00, 6.680437279E+01, 4.686339014E+02, 7.532458306E-01, 1.307394616E+01, 1.307394617E+01, 1.727693791E+05
       627,-9.815330617E-03,-6.433635717E-04, 6.000000238E-01,-9.815392538E-03,-6.426004594E-04, 5.966666667E-01, 4.886804409E-08, 0.000000000E+00, 4.470631598E+01, 4.799794740E+02, 7.354408915E-01, 1.072247238E+01, 1.072247239E+01, 1.844028479E+05
       628,-9.682803415E-03,-1.926104189E-03, 6.000000238E-01,-9.683256701E-03,-1.923844518E-03, 5.966666667E-01, 4.000079683E-08, 0.000000000E+00, 2.682166347E+01, 4.914387397E+02, 7.182920347E-01, 8.241259914E+00, 8.241259915E+00, 1.961764142E+05
       629,-9.377317503E-03,-3.183261491E-03, 6.000000238E-01,-9.378534151E-03,-3.179670627E-03, 5.966666667E-01, 3.227349030E-08, 0.000000000E+00, 1.477454941E+01, 5.018184834E+02, 7.034346959E-01, 5.924545336E+00, 5.924545337E+00, 2.068612844E+05
       630,-8.903815411E-03,-4.390958697E-03, 6.000000238E-01,-8.905962741E-03,-4.386592356E-03, 5.966666667E-01, 2.572000984E-08, 0.000000000E+00, 7.912279765E+00, 5.103797451E+02, 6.916350730E-01, 3.981830663E+00, 3.981830664E+00, 2.156898272E+05
       631, 5.988498218E-03,-6.827756297E-03, 6.000000238E-01, 5.987170983E-03,-6.829274979E-03, 5.966666667E-01, 2.132710886E-07, 0.000000000E+00, 2.636540262E+02, 4.045918656E+02, 8.724756040E-01, 2.447073157E+01, 2.447073162E+01, 1.074955434E+05
       632, 5.124803632E-03,-7.667927537E-03, 6.000000238E-01, 5.121024606E-03,-7.670560039E-03, 5.966666667E-01, 1.846779659E-07, 0.000000000E+00, 2.405882368E+02, 4.105205309E+02, 8.598754647E-01, 2.353595242E+01, 2.353595246E+01, 1.135134818E+05
       633, 4.129608627E-03,-8.371889591E-03, 6.000000238E-01, 4.125262651E-03,-8.374078362E-03, 5.966666667E-01, 1.614694825E-07, 0.000000000E+00, 2.192366642E+02, 4.162294794E+02, 8.480815265E-01, 2.261175049E+01, 2.261175052E+01, 1.193130456E+05
       634, 3.033175832E-03,-8.933518082E-03, 6.000000238E-01, 3.029603419E-03,-8.934789308E-03, 5.966666667E-01, 1.404220580E-07, 0.000000000E+00, 1.971314184E+02, 4.224079831E+02, 8.356767542E-01, 2.158649283E+01, 2.158649285E+01, 1.255947589E+05
       635, 1.858675038E-03,-9.342581034E-03, 6.000000238E-01, 1.856426874E-03,-9.343093632E-03, 5.966666667E-01, 1.205761273E-07, 0.000000000E+00, 1.731661667E+02, 4.294762191E+02, 8.219233490E-01, 2.038280217E+01, 2.038280219E+01, 1.327876212E+05
       636, 6.285262061E-04,-9.588154964E-03, 6.000000238E-01, 6.277659541E-04,-9.588260775E-03, 5.966666667E-01, 1.020165519E-07, 0.000000000E+00, 1.471485038E+02, 4.376833643E+02, 8.065111929E-01, 1.894409080E+01, 1.894409082E+01, 1.411482497E+05
       637,-6.333483616E-04,-9.661988355E-03, 6.000000238E-01,-6.325869569E-04,-9.662075361E-03, 5.966666667E-01, 8.502529593E-08, 0.000000000E+00, 1.192913795E+02, 4.472478055E+02, 7.892638665E-01, 1.720844287E+01, 1.720844288E+01, 1.509034554E+05
       638,-1.901739626E-03,-9.559868835E-03, 6.000000238E-01,-1.899482356E-03,-9.560334761E-03, 5.966666667E-01, 6.980432592E-08, 0.000000000E+00, 9.054288172E+01, 4.582614878E+02, 7.702949989E-01, 1.512546482E+01, 1.512546483E+01, 1.621540376E+05
       639,-3.150967648E-03,-9.281825274E-03, 6.000000238E-01,-3.147376986E-03,-9.283042693E-03, 5.966666667E-01, 5.646317080E-08, 0.000000000E+00, 6.284273138E+01, 4.705263920E+02, 7.502162223E-01, 1.269080401E+01, 1.269080401E+01, 1.747082819E+05
       640,-4.355621058E-03,-8.831892163E-03, 6.000000238E-01,-4.351251833E-03,-8.834034170E-03, 5.966666667E-01, 4.509356319E-08, 0.000000000E+00, 3.892276689E+01, 4.833854135E+02, 7.302589660E-01, 9.997329839E+00, 9.997329841E+00, 1.878997357E+05
       641,-5.491174292E-03,-8.217886090E-03, 6.000000238E-01,-5.487341261E-03,-8.220438001E-03, 5.966666667E-01, 3.584014529E-08, 0.000000000E+00, 2.195940368E+01, 4.952336504E+02, 7.127878567E-01, 7.402611099E+00, 7.402611100E+00, 2.000806204E+05
       642,-6.534818560E-03,-7.451470941E-03, 6.000000238E-01,-6.533316761E-03,-7.452790481E-03, 5.966666667E-01, 2.883231921E-08, 0.000000000E+00, 1.220341599E+01, 5.046501166E+02, 6.994876661E-01, 5.286365025E+00, 5.286365026E+00, 2.097796982E+05
       643,-7.466720883E-03,-6.548176520E-03, 6.000000238E-01,-7.468040382E-03,-6.546674358E-03, 5.966666667E-01, 2.389533636E-08, 0.000000000E+00, 7.141109778E+00, 5.116366485E+02, 6.899359796E-01, 3.695646874E+00, 3.695646874E+00, 2.169872049E+05
       644,-8.270698600E-03,-5.526356865E-03, 6.000000238E-01,-8.273254679E-03,-5.522526575E-03, 5.966666667E-01, 2.040734664E-08, 0.000000000E+00, 4.487504565E+00, 5.170424264E+02, 6.827225663E-01, 2.455350179E+00, 2.455350179E+00, 2.225706594E+05
       645, 6.827756297E-03,-5.988498218E-03, 6.000000238E-01, 6.829274979E-03,-5.987170983E-03, 5.966666667E-01, 2.132710886E-07, 0.000000000E+00, 2.636540262E+02, 4.045918656E+02, 8.724756040E-01, 2.447073157E+01, 2.447073162E+01, 1.074955434E+05
       646, 3.674951149E-03, 3.674950916E-03, 6.000000238E-01, 3.669488865E-03, 3.669488865E-03, 5.966666667E-01, 2.438993344E-07, 0.000000000E+00, 5.315408237E+02, 3.455834165E+02, 1.021451017E+00, 3.218807872E+01, 3.218807952E+01, 4.780697315E+04
       647, 4.631140269E-03, 3.101762384E-03, 6.000000238E-01, 4.641567575E-03, 3.103176171E-03, 5.966666667E-01, 6.164973525E-07, 0.000000000E+00, 5.156325776E+02, 3.487928124E+02, 1.012052197E+00, 3.184731036E+01, 3.184731120E+01, 5.104489267E+04
       648, 5.542861763E-03, 2.739628311E-03, 6.000000238E-01, 5.550517885E-03, 2.737968237E-03, 5.966666667E-01, 5.907096666E-07, 0.000000000E+00, 4.882002500E+02, 3.543974047E+02, 9.960471706E-01, 3.123224539E+01, 3.123224606E+01, 5.670086402E+04
       649, 6.364120636E-03, 2.164247679E-03, 6.000000238E-01, 6.369491644E-03, 2.162061938E-03, 5.966666667E-01, 5.525395406E-07, 0.000000000E+00, 4.610060611E+02, 3.600182679E+02, 9.804961684E-01, 3.058500364E+01, 3.058500419E+01, 6.237636640E+04
       650, 7.079871371E-03, 1.410223776E-03, 6.000000238E-01, 7.083400597E-03, 1.408573492E-03, 5.966666667E-01, 5.045921339E-07, 0.000000000E+00, 4.327315260E+02, 3.659513448E+02, 9.645996313E-01, 2.987011423E+01, 2.987011464E+01, 6.837054496E+04
       651, 7.657469250E-03, 5.024285638E-04, 6.000000238E-01, 7.659674068E-03, 5.018054574E-04, 5.966666667E-01, 4.498920298E-07, 0.000000000E+00, 4.031557659E+02, 3.722733327E+02, 9.482186912E-01, 2.907312112E+01, 2.907312142E+01, 7.476151351E+04
       652, 8.065160364E-03,-5.290558911E-04, 6.000000238E-01, 8.066608792E-03,-5.283833135E-04, 5.966666667E-01, 3.919056080E-07, 0.000000000E+00, 3.723704229E+02, 3.790049884E+02, 9.313770084E-01, 2.818537894E+01, 2.818537915E+01, 8.157101354E+04
       653, 8.279698901E-03,-1.648020116E-03, 6.000000238E-01, 8.280963826E-03,-1.645921102E-03, 5.966666667E-01, 3.338462521E-07, 0.000000000E+00, 3.404705093E+02, 3.861779722E+02, 9.140773365E-01, 2.719645598E+01, 2.719645612E+01, 8.883193205E+04
       654, 8.287423290E-03,-2.814677311E-03, 6.000000238E-01, 8.289039240E-03,-2.811221366E-03, 5.966666667E-01, 2.784019653E-07, 0.000000000E+00, 3.075719336E+02, 3.938354723E+02, 8.963045664E-01, 2.609404728E+01, 2.609404738E+01, 9.658898479E+04
       655, 8.082929067E-03,-3.987634555E-03, 6.000000238E-01, 8.085230901E-03,-3.983343796E-03, 5.966666667E-01, 2.279101291E-07, 0.000000000E+00, 2.739685091E+02, 4.019947052E+02, 8.781123924E-01, 2.486898641E+01, 2.486898648E+01, 1.048608253E+05
       656, 7.667928003E-03,-5.124803632E-03, 6.000000238E-01, 7.670560039E-03,-5.121024606E-03, 5.966666667E-01, 1.846779659E-07, 0.000000000E+00, 2.405882368E+02, 4.105205309E+02, 8.598754647E-01, 2.353595242E+01, 2.353595246E+01, 1.135134818E+05
       657, 3.764230292E-03, 4.288387485E-03, 6.000000238E-01, 3.769029306E-03, 4.296900333E-03, 5.966666667E-01, 6.119995882E-07, 0.000000000E+00, 5.098685348E+02, 3.499879450E+02, 1.008596260E+00, 3.172213592E+01, 3.172213673E+01, 5.225075232E+04
       658, 3.528956091E-03, 5.272400565E-03, 6.000000238E-01, 3.528197927E-03, 5.279567770E-03, 5.966666667E-01, 5.803211172E-07, 0.000000000E+00, 4.803532849E+02, 3.560228736E+02, 9.914995875E-01, 3.104988114E+01, 3.104988178E+01, 5.834180895E+04
       659, 3.033142304E-03, 6.140251178E-03, 6.000000238E-01, 3.030391317E-03, 6.145686613E-03, 5.966666667E-01, 5.411145742E-07, 0.000000000E+00, 4.541231347E+02, 3.614620749E+02, 9.765797209E-01, 3.041537541E+01, 3.041537593E+01, 6.383471835E+04
       660, 2.347734291E-03, 6.906684954E-03, 6.000000238E-01, 2.345009116E-03, 6.910461705E-03, 5.966666667E-01, 4.959134699E-07, 0.000000000E+00, 4.280655431E+02, 3.669459646E+02, 9.619850504E-01, 2.974804498E+01, 2.974804538E+01, 6.937575236E+04
       661, 1.504920539E-03, 7.557674777E-03, 6.000000238E-01, 1.503047494E-03, 7.560079471E-03, 5.966666667E-01, 4.454920934E-07, 0.000000000E+00, 4.008887669E+02, 3.727661358E+02, 9.469651302E-01, 2.900993978E+01, 2.900994007E+01, 7.525986159E+04
       662, 5.290558911E-04, 8.065160364E-03, 6.000000238E-01, 5.283833135E-04, 8.066608792E-03, 5.966666667E-01, 3.919056080E-07, 0.000000000E+00, 3.723704229E+02, 3.790049884E+02, 9.313770084E-01, 2.818537894E+01, 2.818537915E+01, 8.157101354E+04
       663,-5.510787014E-04, 8.402353153E-03, 6.000000238E-01,-5.503747134E-04, 8.403320083E-03, 5.966666667E-01, 3.376875003E-07, 0.000000000E+00, 3.425785623E+02, 3.856944911E+02, 9.152231634E-01, 2.726404829E+01, 2.726404843E+01, 8.834236215E+04
       664,-1.701596659E-03, 8.550025523E-03, 6.000000238E-01,-1.699441308E-03, 8.551005856E-03, 5.966666667E-01, 2.851290465E-07, 0.000000000E+00, 3.115825541E+02, 3.928804956E+02, 8.984832188E-01, 2.623311913E+01, 2.623311923E+01, 9.562127268E+04
       665,-2.885689726E-03, 8.497404866E-03, 6.000000238E-01,-2.882183186E-03, 8.498871501E-03, 5.966666667E-01, 2.360896041E-07, 0.000000000E+00, 2.794824093E+02, 4.006219950E+02, 8.811211982E-01, 2.507730081E+01, 2.507730088E+01, 1.034686458E+05
       666,-4.065340385E-03, 8.241083473E-03, 6.000000238E-01,-4.061014975E-03, 8.243315060E-03, 5.966666667E-01, 1.921826129E-07, 0.000000000E+00, 2.465054565E+02, 4.089668005E+02, 8.631422693E-01, 2.378142304E+01, 2.378142308E+01, 1.119358797E+05
       667,-5.202168133E-03, 7.784059271E-03, 6.000000238E-01,-5.198364054E-03, 7.786654290E-03, 5.966666667E-01, 1.550528610E-07, 0.000000000E+00, 2.134164203E+02, 4.178392262E+02, 8.448142494E-01, 2.234925724E+01, 2.234925727E+01, 1.209491678E+05
       668,-6.259271875E-03, 7.136888802E-03, 6.000000238E-01,-6.257818662E-03, 7.138263953E-03, 5.966666667E-01, 1.261214138E-07, 0.000000000E+00, 1.821441190E+02, 4.268064962E+02, 8.270645724E-01, 2.084671080E+01, 2.084671082E+01, 1.300700041E+05
       669,-7.206537295E-03, 6.320277695E-03, 6.000000238E-01,-7.207892974E-03, 6.318807676E-03, 5.966666667E-01, 1.053295046E-07, 0.000000000E+00, 1.548386954E+02, 4.352231818E+02, 8.110701521E-01, 1.938615698E+01, 1.938615700E+01, 1.386410692E+05
       670,-8.025253192E-03, 5.362845957E-03, 6.000000238E-01,-8.027806228E-03, 5.359014192E-03, 5.966666667E-01, 9.043819386E-08, 0.000000000E+00, 1.313720473E+02, 4.430113039E+02, 7.968115694E-01, 1.799018698E+01, 1.799018699E+01, 1.465808759E+05
       671,-8.704768494E-03, 4.293161444E-03, 6.000000238E-01,-8.706908260E-03, 4.288791309E-03, 5.966666667E-01, 7.855743457E-08, 0.000000000E+00, 1.094844096E+02, 4.508680577E+02, 7.829264599E-01, 1.653706530E+01, 1.653706530E+01, 1.545992705E+05
       672,-9.235847741E-03, 3.135418519E-03, 6.000000238E-01,-9.237066982E-03, 3.131828757E-03, 5.966666667E-01, 6.793036436E-08, 0.000000000E+00, 8.748106143E+01, 4.595279001E+02, 7.681721441E-01, 1.488085630E+01, 1.488085631E+01, 1.634490720E+05
       673,-9.608823806E-03, 1.911442145E-03, 6.000000238E-01,-9.609284356E-03, 1.909183781E-03, 5.966666667E-01, 5.802915980E-08, 0.000000000E+00, 6.547675495E+01, 4.692625382E+02, 7.522367619E-01, 1.294710054E+01, 1.294710054E+01, 1.734133614E+05
       674,-9.815330617E-03, 6.433635717E-04, 6.000000238E-01,-9.815392538E-03, 6.426004594E-04, 5.966666667E-01, 4.886804409E-08, 0.000000000E+00, 4.470631598E+01, 4.799794740E+02, 7.354408915E-01, 1.072247238E+01, 1.072247239E+01, 1.844028479E+05
       675,-9.849879891E-03,-6.456200499E-04, 6.000000238E-01,-9.849937562E-03,-6.448566755E-04, 5.966666667E-01, 4.055991859E-08, 0.000000000E+00, 2.748519165E+01, 4.909499803E+02, 7.190071217E-01, 8.348452355E+00, 8.348452356E+00, 1.956737668E+05
       676,-9.710500948E-03,-1.931593637E-03, 6.000000238E-01,-9.710952810E-03,-1.929333669E-03, 5.966666667E-01, 3.317836907E-08, 0.000000000E+00, 1.550453983E+01, 5.010704417E+02, 7.044848446E-01, 6.092673456E+00, 6.092673457E+00, 2.060905853E+05
       677,-9.398832917E-03,-3.190537449E-03, 6.000000238E-01,-9.400049543E-03,-3.186946779E-03, 5.966666667E-01, 2.675387571E-08, 0.000000000E+00, 8.378494909E+00, 5.096630800E+02, 6.926076189E-01, 4.144806363E+00, 4.144806363E+00, 2.149502256E+05
       678,-8.920019493E-03,-4.398920573E-03, 6.000000238E-01,-8.922168987E-03,-4.394554939E-03, 5.966666667E-01, 2.131110749E-08, 0.000000000E+00, 4.678099448E+00, 5.165619053E+02, 6.833576550E-01, 2.565432154E+00, 2.565432154E+00, 2.220741079E+05
       679, 6.096327212E-03,-6.950860843E-03, 6.000000238E-01, 6.094940074E-03,-6.952311176E-03, 5.966666667E-01, 1.795699249E-07, 0.000000000E+00, 2.364239427E+02, 4.116235461E+02, 8.575712823E-01, 2.336059056E+01, 2.336059060E+01, 1.146336490E+05
       680, 5.202168133E-03,-7.784059271E-03, 6.000000238E-01, 5.198364054E-03,-7.786654290E-03, 5.966666667E-01, 1.550528610E-07, 0.000000000E+00, 2.134164203E+02, 4.178392262E+02, 8.448142494E-01, 2.234925724E+01, 2.234925727E+01, 1.209491678E+05
       681, 4.182763863E-03,-8.480075747E-03, 6.000000238E-01, 4.178405407E-03,-8.482239820E-03, 5.966666667E-01, 1.352713025E-07, 0.000000000E+00, 1.919221513E+02, 4.239198948E+02, 8.326963103E-01, 2.133382780E+01, 2.133382782E+01, 1.271327404E+05
       682, 3.066404955E-03,-9.031775407E-03, 6.000000238E-01, 3.062824504E-03,-9.033023194E-03, 5.966666667E-01, 1.174163845E-07, 0.000000000E+00, 1.695655812E+02, 4.305833335E+02, 8.198100223E-01, 2.019270381E+01, 2.019270383E+01, 1.339148898E+05
       683, 1.875824411E-03,-9.429111145E-03, 6.000000238E-01, 1.873571942E-03,-9.429600941E-03, 5.966666667E-01, 1.006492001E-07, 0.000000000E+00, 1.453434206E+02, 4.382779060E+02, 8.054171279E-01, 1.883835323E+01, 1.883835324E+01, 1.417542763E+05
       684, 6.333484198E-04,-9.661988355E-03, 6.000000238E-01, 6.325869569E-04,-9.662075361E-03, 5.966666667E-01, 8.502529593E-08, 0.000000000E+00, 1.192913795E+02, 4.472478055E+02, 7.892638665E-01, 1.720844287E+01, 1.720844288E+01, 1.509034554E+05
       685,-6.373366923E-04,-9.723053314E-03, 6.000000238E-01,-6.365744783E-04,-9.723128476E-03, 5.966666667E-01, 7.076694123E-08, 0.000000000E+00, 9.211476852E+01, 4.576202547E+02, 7.713743626E-01, 1.524910698E+01, 1.524910699E+01, 1.614984220E+05
       686,-1.911442145E-03,-9.608823806E-03, 6.000000238E-01,-1.909183781E-03,-9.609284356E-03, 5.966666667E-01, 5.802915980E-08, 0.000000000E+00, 6.547675495E+01, 4.692625382E+02, 7.522367619E-01, 1.294710054E+01, 1.294710054E+01, 1.734133614E+05
       687,-3.163828049E-03,-9.319853038E-03, 6.000000238E-01,-3.160236928E-03,-9.321069208E-03, 5.966666667E-01, 4.689060813E-08, 0.000000000E+00, 4.167035273E+01, 4.817387363E+02, 7.327551340E-01, 1.034919749E+01, 1.034919749E+01, 1.862088268E+05
       688,-4.369693808E-03,-8.860534057E-03, 6.000000238E-01,-4.365325162E-03,-8.862677618E-03, 5.966666667E-01, 3.741666925E-08, 0.000000000E+00, 2.374366729E+01, 4.937919231E+02, 7.148689879E-01, 7.722140043E+00, 7.722140044E+00, 1.985970652E+05
       689,-5.505185109E-03,-8.238917217E-03, 6.000000238E-01,-5.501352824E-03,-8.241470760E-03, 5.966666667E-01, 2.971833269E-08, 0.000000000E+00, 1.283426750E+01, 5.039233611E+02, 7.004964634E-01, 5.450396028E+00, 5.450396028E+00, 2.090305170E+05
       690,-6.548176520E-03,-7.466720883E-03, 6.000000238E-01,-6.546674358E-03,-7.468040382E-03, 5.966666667E-01, 2.389533636E-08, 0.000000000E+00, 7.141109778E+00, 5.116366485E+02, 6.899359796E-01, 3.695646874E+00, 3.695646874E+00, 2.169872049E+05
       691,-7.479334250E-03,-6.559224799E-03, 6.000000238E-01,-7.480653373E-03,-6.557722250E-03, 5.966666667E-01, 1.979665898E-08, 0.000000000E+00, 4.363917839E+00, 5.173660250E+02, 6.822955417E-01, 2.381174928E+00, 2.381174928E+00, 2.229050794E+05
       692,-8.282598108E-03,-5.534283351E-03, 6.000000238E-01,-8.285154748E-03,-5.530454140E-03, 5.966666667E-01, 1.690270549E-08, 0.000000000E+00, 3.034939096E+00, 5.218864652E+02, 6.763856812E-01, 1.337954524E+00, 1.337954524E+00, 2.275788767E+05
       693, 6.950860843E-03,-6.096327212E-03, 6.000000238E-01, 6.952311176E-03,-6.094940074E-03, 5.966666667E-01, 1.795699249E-07, 0.000000000E+00, 2.364239427E+02, 4.116235461E+02, 8.575712823E-01, 2.336059056E+01, 2.336059060E+01, 1.146336490E+05
       694, 4.288387485E-03, 3.764230292E-03, 6.000000238E-01, 4.296900333E-03, 3.769029306E-03, 5.966666667E-01, 6.119995882E-07, 0.000000000E+00, 5.098685348E+02, 3.499879450E+02, 1.008596260E+00, 3.172213592E+01, 3.172213673E+01, 5.225075232E+04
       695, 5.272400565E-03, 3.528956324E-03, 6.000000238E-01, 5.279567770E-03, 3.528197927E-03, 5.966666667E-01, 5.803211172E-07, 0.000000000E+00, 4.803532849E+02, 3.560228736E+02, 9.914995875E-01, 3.104988114E+01, 3.104988178E+01, 5.834180895E+04
       696, 6.140251178E-03, 3.033142304E-03, 6.000000238E-01, 6.145686613E-03, 3.030391317E-03, 5.966666667E-01, 5.411145742E-07, 0.000000000E+00, 4.541231347E+02, 3.614620749E+02, 9.765797209E-01, 3.041537541E+01, 3.041537593E+01, 6.383471835E+04
       697, 6.906685419E-03, 2.347734291E-03, 6.000000238E-01, 6.910461705E-03, 2.345009116E-03, 5.966666667E-01, 4.959134699E-07, 0.000000000E+00, 4.280655431E+02, 3.669459646E+02, 9.619850504E-01, 2.974804498E+01, 2.974804538E+01, 6.937575236E+04
       698, 7.557674777E-03, 1.504920539E-03, 6.000000238E-01, 7.560079471E-03, 1.503047494E-03, 5.966666667E-01, 4.454920934E-07, 0.000000000E+00, 4.008887669E+02, 3.727661358E+02, 9.469651302E-01, 2.900993978E+01, 2.900994007E+01, 7.525986159E+04
       699, 8.065160364E-03, 5.290558911E-04, 6.000000238E-01, 8.066608792E-03, 5.283833135E-04, 5.966666667E-01, 3.919056080E-07, 0.000000000E+00, 3.723704229E+02, 3.790049884E+02, 9.313770084E-01, 2.818537894E+01, 2.818537915E+01, 8.157101354E+04
       700, 8.402353153E-03,-5.510787014E-04, 6.000000238E-01, 8.403320083E-03,-5.503747134E-04, 5.966666667E-01, 3.376875003E-07, 0.000000000E+00, 3.425785623E+02, 3.856944911E+02, 9.152231634E-01, 2.726404829E+01, 2.726404843E+01, 8.834236215E+04
       701, 8.550025523E-03,-1.701596659E-03, 6.000000238E-01, 8.551005856E-03,-1.699441308E-03, 5.966666667E-01, 2.851290465E-07, 0.000000000E+00, 3.115825541E+02, 3.928804956E+02, 8.984832188E-01, 2.623311913E+01, 2.623311923E+01, 9.562127268E+04
       702, 8.497404866E-03,-2.885689726E-03, 6.000000238E-01, 8.498871501E-03,-2.882183186E-03, 5.966666667E-01, 2.360896041E-07, 0.000000000E+00, 2.794824093E+02, 4.006219950E+02, 8.811211982E-01, 2.507730081E+01, 2.507730088E+01, 1.034686458E+05
       703, 8.241083473E-03,-4.065340385E-03, 6.000000238E-01, 8.243315060E-03,-4.061014975E-03, 5.966666667E-01, 1.921826129E-07, 0.000000000E+00, 2.465054565E+02, 4.089668005E+02, 8.631422693E-01, 2.378142304E+01, 2.378142308E+01, 1.119358797E+05
       704, 7.784059271E-03,-5.202168133E-03, 6.000000238E-01, 7.786654290E-03,-5.198364054E-03, 5.966666667E-01, 1.550528610E-07, 0.000000000E+00, 2.134164203E+02, 4.178392262E+02, 8.448142494E-01, 2.234925724E+01, 2.234925727E+01, 1.209491678E+05
       705, 4.256685730E-03, 4.850606434E-03, 6.000000238E-01, 4.258977071E-03, 4.856256533E-03, 5.966666667E-01, 5.724605274E-07, 0.000000000E+00, 4.748322270E+02, 3.571716003E+02, 9.883107504E-01, 3.091974814E+01, 3.091974875E+01, 5.950163204E+04
       706, 3.882278688E-03, 5.802772939E-03, 6.000000238E-01, 3.880298426E-03, 5.808105861E-03, 5.966666667E-01, 5.281486930E-07, 0.000000000E+00, 4.465912872E+02, 3.630489757E+02, 9.723110541E-01, 3.022682183E+01, 3.022682231E+01, 6.543784608E+04
       707, 3.275901079E-03, 6.634338293E-03, 6.000000238E-01, 3.272515104E-03, 6.638481184E-03, 5.966666667E-01, 4.834921837E-07, 0.000000000E+00, 4.214634265E+02, 3.683584910E+02, 9.582961732E-01, 2.957315457E+01, 2.957315494E+01, 7.080348487E+04
       708, 2.499491675E-03, 7.355427835E-03, 6.000000238E-01, 2.496441668E-03, 7.358243837E-03, 5.966666667E-01, 4.367826766E-07, 0.000000000E+00, 3.964092761E+02, 3.737426086E+02, 9.444910057E-01, 2.888415099E+01, 2.888415127E+01, 7.624739343E+04
       709, 1.583242090E-03, 7.952854969E-03, 6.000000238E-01, 1.581230697E-03, 7.954561338E-03, 5.966666667E-01, 3.877163104E-07, 0.000000000E+00, 3.701873668E+02, 3.794915806E+02, 9.301827770E-01, 2.812011888E+01, 2.812011908E+01, 8.206340823E+04
       710, 5.510787014E-04, 8.402353153E-03, 6.000000238E-01, 5.503747134E-04, 8.403320083E-03, 5.966666667E-01, 3.376875003E-07, 0.000000000E+00, 3.425785623E+02, 3.856944911E+02, 9.152231634E-01, 2.726404829E+01, 2.726404843E+01, 8.834236215E+04
       711,-5.692933337E-04, 8.681237698E-03, 6.000000238E-01,-5.685690090E-04, 8.681893745E-03, 5.966666667E-01, 2.885635180E-07, 0.000000000E+00, 3.136243742E+02, 3.923967235E+02, 8.995909270E-01, 2.630340250E+01, 2.630340260E+01, 9.513108392E+04
       712,-1.745908521E-03, 8.773606271E-03, 6.000000238E-01,-1.743716728E-03, 8.774402310E-03, 5.966666667E-01, 2.419887598E-07, 0.000000000E+00, 2.833678853E+02, 3.996610034E+02, 8.832398690E-01, 2.522223953E+01, 2.522223960E+01, 1.024941790E+05
       713,-2.944422420E-03, 8.671076968E-03, 6.000000238E-01,-2.940883713E-03, 8.672447440E-03, 5.966666667E-01, 1.992521786E-07, 0.000000000E+00, 2.518853169E+02, 4.075671865E+02, 8.661063597E-01, 2.400092346E+01, 2.400092351E+01, 1.105150513E+05
       714,-4.129608627E-03, 8.371889591E-03, 6.000000238E-01,-4.125262651E-03, 8.374078362E-03, 5.966666667E-01, 1.614694825E-07, 0.000000000E+00, 2.192366642E+02, 4.162294794E+02, 8.480815265E-01, 2.261175049E+01, 2.261175052E+01, 1.193130456E+05
       715,-5.266154185E-03, 7.880108431E-03, 6.000000238E-01,-5.262335456E-03, 7.882681769E-03, 5.966666667E-01, 1.298208147E-07, 0.000000000E+00, 1.861841594E+02, 4.256058130E+02, 8.293978172E-01, 2.105006395E+01, 2.105006397E+01, 1.288481062E+05
       716,-6.320278160E-03, 7.206537295E-03, 6.000000238E-01,-6.318807676E-03, 7.207892974E-03, 5.966666667E-01, 1.053295046E-07, 0.000000000E+00, 1.548386954E+02, 4.352231818E+02, 8.110701521E-01, 1.938615698E+01, 1.938615700E+01, 1.386410692E+05
       717,-7.264142390E-03, 6.370734889E-03, 6.000000238E-01,-7.265484863E-03, 6.369253202E-03, 5.966666667E-01, 8.781156800E-08, 0.000000000E+00, 1.275445739E+02, 4.443464109E+02, 7.944174266E-01, 1.774784545E+01, 1.774784546E+01, 1.479428387E+05
       718,-8.079594932E-03, 5.399047397E-03, 6.000000238E-01,-8.082144953E-03, 5.395213461E-03, 5.966666667E-01, 7.530516763E-08, 0.000000000E+00, 1.043380767E+02, 4.528264437E+02, 7.795404557E-01, 1.616967613E+01, 1.616967614E+01, 1.565994338E+05
       719,-8.755392395E-03, 4.318034742E-03, 6.000000238E-01,-8.757531837E-03, 4.313664092E-03, 5.966666667E-01, 6.535047198E-08, 0.000000000E+00, 8.319747857E+01, 4.613337462E+02, 7.651652089E-01, 1.452973428E+01, 1.452973428E+01, 1.652962315E+05
       720,-9.281825274E-03, 3.150967648E-03, 6.000000238E-01,-9.283042693E-03, 3.147376986E-03, 5.966666667E-01, 5.646317080E-08, 0.000000000E+00, 6.284273138E+01, 4.705263920E+02, 7.502162223E-01, 1.269080401E+01, 1.269080401E+01, 1.747082819E+05
       721,-9.649314918E-03, 1.919467119E-03, 6.000000238E-01,-9.649770629E-03, 1.917207842E-03, 5.966666667E-01, 4.819680034E-08, 0.000000000E+00, 4.369487501E+01, 4.805597665E+02, 7.345528213E-01, 1.059982828E+01, 1.059982829E+01, 1.849984883E+05
       722,-9.849879891E-03, 6.456200499E-04, 6.000000238E-01,-9.849937562E-03, 6.448566755E-04, 5.966666667E-01, 4.055991859E-08, 0.000000000E+00, 2.748519165E+01, 4.909499803E+02, 7.190071217E-01, 8.348452355E+00, 8.348452356E+00, 1.956737668E+05
       723,-9.878453799E-03,-6.474863039E-04, 6.000000238E-01,-9.878509538E-03,-6.467227778E-04, 5.966666667E-01, 3.364350892E-08, 0.000000000E+00, 1.587397342E+01, 5.006993574E+02, 7.050069609E-01, 6.175870002E+00, 6.175870003E+00, 2.057083028E+05
       724,-9.733409621E-03,-1.936133835E-03, 6.000000238E-01,-9.733859999E-03,-1.933873693E-03, 5.966666667E-01, 2.750580093E-08, 0.000000000E+00, 8.730772806E+00, 5.091402892E+02, 6.933187959E-01, 4.263608356E+00, 4.263608356E+00, 2.144107681E+05
       725,-9.416626766E-03,-3.196555423E-03, 6.000000238E-01,-9.417844658E-03,-3.192964794E-03, 5.966666667E-01, 2.216939136E-08, 0.000000000E+00, 4.867884189E+00, 5.161033550E+02, 6.839648083E-01, 2.670394551E+00, 2.670394551E+00, 2.216003033E+05
       726,-8.933422156E-03,-4.405505490E-03, 6.000000238E-01,-8.935572936E-03,-4.401140675E-03, 5.966666667E-01, 1.765238712E-08, 0.000000000E+00, 3.090523192E+00, 5.216261188E+02, 6.767232689E-01, 1.397850767E+00, 1.397850767E+00, 2.273095870E+05
       727, 6.185510661E-03,-7.052678149E-03, 6.000000238E-01, 6.184083530E-03,-7.054083136E-03, 5.966666667E-01, 1.506923174E-07, 0.000000000E+00, 2.093174353E+02, 4.189842262E+02, 8.425055412E-01, 2.216139074E+01, 2.216139076E+01, 1.221131492E+05
       728, 5.266154185E-03,-7.880108431E-03, 6.000000238E-01, 5.262335456E-03,-7.882681769E-03, 5.966666667E-01, 1.298208147E-07, 0.000000000E+00, 1.861841594E+02, 4.256058130E+02, 8.293978172E-01, 2.105006395E+01, 2.105006397E+01, 1.288481062E+05
       729, 4.226726945E-03,-8.569554426E-03, 6.000000238E-01, 4.222361841E-03,-8.571704354E-03, 5.966666667E-01, 1.130588402E-07, 0.000000000E+00, 1.644397259E+02, 4.321774771E+02, 8.167860450E-01, 1.991740765E+01, 1.991740766E+01, 1.355383549E+05
       730, 3.093888052E-03,-9.113042615E-03, 6.000000238E-01, 3.090302661E-03,-9.114275393E-03, 5.966666667E-01, 9.798562009E-08, 0.000000000E+00, 1.418291869E+02, 4.394488000E+02, 8.032711257E-01, 1.863012344E+01, 1.863012345E+01, 1.429479335E+05
       731, 1.890008338E-03,-9.500677697E-03, 6.000000238E-01, 1.887753006E-03,-9.501153047E-03, 5.966666667E-01, 8.387634497E-08, 0.000000000E+00, 1.175677113E+02, 4.478725984E+02, 7.881628247E-01, 1.709298532E+01, 1.709298532E+01, 1.515411555E+05
       732, 6.373366923E-04,-9.723053314E-03, 6.000000238E-01, 6.365744783E-04,-9.723128476E-03, 5.966666667E-01, 7.076694123E-08, 0.000000000E+00, 9.211476852E+01, 4.576202547E+02, 7.713743626E-01, 1.524910698E+01, 1.524910699E+01, 1.614984220E+05
       733,-6.406353787E-04,-9.773558937E-03, 6.000000238E-01,-6.398725871E-04,-9.773625966E-03, 5.966666667E-01, 5.883376113E-08, 0.000000000E+00, 6.680437279E+01, 4.686339014E+02, 7.532458306E-01, 1.307394616E+01, 1.307394617E+01, 1.727693791E+05
       734,-1.919467119E-03,-9.649314918E-03, 6.000000238E-01,-1.917207842E-03,-9.649770629E-03, 5.966666667E-01, 4.819680034E-08, 0.000000000E+00, 4.369487501E+01, 4.805597665E+02, 7.345528213E-01, 1.059982828E+01, 1.059982829E+01, 1.849984883E+05
       735,-3.174464218E-03,-9.351304732E-03, 6.000000238E-01,-3.170873334E-03,-9.352520785E-03, 5.966666667E-01, 3.891295142E-08, 0.000000000E+00, 2.550399435E+01, 4.924270698E+02, 7.168503803E-01, 8.023611434E+00, 8.023611435E+00, 1.971929591E+05
       736,-4.381332546E-03,-8.884223178E-03, 6.000000238E-01,-4.376965094E-03,-8.886368374E-03, 5.966666667E-01, 3.102911749E-08, 0.000000000E+00, 1.380692289E+01, 5.028454435E+02, 7.019980729E-01, 5.693403979E+00, 5.693403980E+00, 2.079195322E+05
       737,-5.516772624E-03,-8.256312460E-03, 6.000000238E-01,-5.512941629E-03,-8.258866716E-03, 5.966666667E-01, 2.463118475E-08, 0.000000000E+00, 7.444336809E+00, 5.111308175E+02, 6.906187617E-01, 3.810864508E+00, 3.810864508E+00, 2.164650473E+05
       738,-6.559224799E-03,-7.479334250E-03, 6.000000238E-01,-6.557722250E-03,-7.480653373E-03, 5.966666667E-01, 1.979665898E-08, 0.000000000E+00, 4.363917839E+00, 5.173660250E+02, 6.822955417E-01, 2.381174928E+00, 2.381174928E+00, 2.229050794E+05
       739,-7.489766926E-03,-6.568362471E-03, 6.000000238E-01,-7.491085390E-03,-6.566859797E-03, 5.966666667E-01, 1.639619388E-08, 0.000000000E+00, 2.998858158E+00, 5.220617584E+02, 6.761585705E-01, 1.297591349E+00, 1.297591349E+00, 2.277601990E+05
       740,-8.292438462E-03,-5.540839862E-03, 6.000000238E-01,-8.294997101E-03,-5.537010900E-03, 5.966666667E-01, 1.399643445E-08, 0.000000000E+00, 2.487829718E+00, 5.258608358E+02, 6.712736684E-01, 4.167251430E-01, 4.167251430E-01, 2.316914549E+05
       741, 7.052678149E-03,-6.185510196E-03, 6.000000238E-01, 7.054083136E-03,-6.184083530E-03, 5.966666667E-01, 1.506923174E-07, 0.000000000E+00, 2.093174353E+02, 4.189842262E+02, 8.425055412E-01, 2.216139074E+01, 2.216139076E+01, 1.221131492E+05
       742, 4.850606434E-03, 4.256685730E-03, 6.000000238E-01, 4.856256533E-03, 4.258977071E-03, 5.966666667E-01, 5.724605274E-07, 0.000000000E+00, 4.748322270E+02, 3.571716003E+02, 9.883107504E-01, 3.091974814E+01, 3.091974875E+01, 5.950163204E+04
       743, 5.802772939E-03, 3.882278688E-03, 6.000000238E-01, 5.808105861E-03, 3.880298426E-03, 5.966666667E-01, 5.281486930E-07, 0.000000000E+00, 4.465912872E+02, 3.630489757E+02, 9.723110541E-01, 3.022682183E+01, 3.022682231E+01, 6.543784608E+04
       744, 6.634338293E-03, 3.275901079E-03, 6.000000238E-01, 6.638481184E-03, 3.272515104E-03, 5.966666667E-01, 4.834921837E-07, 0.000000000E+00, 4.214634265E+02, 3.683584910E+02, 9.582961732E-01, 2.957315457E+01, 2.957315494E+01, 7.080348487E+04
       745, 7.355427835E-03, 2.499491675E-03, 6.000000238E-01, 7.358243837E-03, 2.496441668E-03, 5.966666667E-01, 4.367826766E-07, 0.000000000E+00, 3.964092761E+02, 3.737426086E+02, 9.444910057E-01, 2.888415099E+01, 2.888415127E+01, 7.624739343E+04
       746, 7.952854969E-03, 1.583242090E-03, 6.000000238E-01, 7.954561338E-03, 1.581230697E-03, 5.966666667E-01, 3.877163104E-07, 0.000000000E+00, 3.701873668E+02, 3.794915806E+02, 9.301827770E-01, 2.812011888E+01, 2.812011908E+01, 8.206340823E+04
       747, 8.402353153E-03, 5.510787014E-04, 6.000000238E-01, 8.403320083E-03, 5.503747134E-04, 5.966666667E-01, 3.376875003E-07, 0.000000000E+00, 3.425785623E+02, 3.856944911E+02, 9.152231634E-01, 2.726404829E+01, 2.726404843E+01, 8.834236215E+04
       748, 8.681237698E-03,-5.692932755E-04, 6.000000238E-01, 8.681893745E-03,-5.685690090E-04, 5.966666667E-01, 2.885635180E-07, 0.000000000E+00, 3.136243742E+02, 3.923967235E+02, 8.995909270E-01, 2.630340250E+01, 2.630340260E+01, 9.513108392E+04
       749, 8.773605339E-03,-1.745908405E-03, 6.000000238E-01, 8.774402310E-03,-1.743716728E-03, 5.966666667E-01, 2.419887598E-07, 0.000000000E+00, 2.833678853E+02, 3.996610034E+02, 8.832398690E-01, 2.522223953E+01, 2.522223960E+01, 1.024941790E+05
       750, 8.671076968E-03,-2.944422420E-03, 6.000000238E-01, 8.672447440E-03,-2.940883713E-03, 5.966666667E-01, 1.992521786E-07, 0.000000000E+00, 2.518853169E+02, 4.075671865E+02, 8.661063597E-01, 2.400092346E+01, 2.400092351E+01, 1.105150513E+05
       751, 8.371889591E-03,-4.129608627E-03, 6.000000238E-01, 8.374078362E-03,-4.125262651E-03, 5.966666667E-01, 1.614694825E-07, 0.000000000E+00, 2.192366642E+02, 4.162294794E+02, 8.480815265E-01, 2.261175049E+01, 2.261175052E+01, 1.193130456E+05
       752, 7.880109362E-03,-5.266154185E-03, 6.000000238E-01, 7.882681769E-03,-5.262335456E-03, 5.966666667E-01, 1.298208147E-07, 0.000000000E+00, 1.861841594E+02, 4.256058130E+02, 8.293978172E-01, 2.105006395E+01, 2.105006397E+01, 1.288481062E+05
       753, 4.663984291E-03, 5.315604620E-03, 6.000000238E-01, 4.664837046E-03, 5.319612649E-03, 5.966666667E-01, 5.188149762E-07, 0.000000000E+00, 4.412682011E+02, 3.641751308E+02, 9.693043331E-01, 3.009168901E+01, 3.009168945E+01, 6.657566946E+04
       754, 4.174503498E-03, 6.241431925E-03, 6.000000238E-01, 4.171804640E-03, 6.245685863E-03, 5.966666667E-01, 4.697765035E-07, 0.000000000E+00, 4.142411135E+02, 3.699109816E+02, 9.542742708E-01, 2.937887286E+01, 2.937887320E+01, 7.237291860E+04
       755, 3.476681421E-03, 7.042986806E-03, 6.000000238E-01, 3.472914165E-03, 7.046353416E-03, 5.966666667E-01, 4.244763245E-07, 0.000000000E+00, 3.900698921E+02, 3.751301564E+02, 9.409974811E-01, 2.870393500E+01, 2.870393526E+01, 7.765081984E+04
       756, 2.625006717E-03, 7.726572920E-03, 6.000000238E-01, 2.621756343E-03, 7.728796082E-03, 5.966666667E-01, 3.794653219E-07, 0.000000000E+00, 3.658797867E+02, 3.804549547E+02, 9.278274022E-01, 2.799039092E+01, 2.799039111E+01, 8.303834026E+04
       757, 1.648020116E-03, 8.279698901E-03, 6.000000238E-01, 1.645921102E-03, 8.280963826E-03, 5.966666667E-01, 3.338462521E-07, 0.000000000E+00, 3.404705093E+02, 3.861779722E+02, 9.140773365E-01, 2.719645598E+01, 2.719645612E+01, 8.883193205E+04
       758, 5.692932755E-04, 8.681237698E-03, 6.000000238E-01, 5.685690090E-04, 8.681893745E-03, 5.966666667E-01, 2.885635180E-07, 0.000000000E+00, 3.136243742E+02, 3.923967235E+02, 8.995909270E-01, 2.630340250E+01, 2.630340260E+01, 9.513108392E+04
       759,-5.843581748E-04, 8.911896497E-03, 6.000000238E-01,-5.836206323E-04, 8.912349810E-03, 5.966666667E-01, 2.450054524E-07, 0.000000000E+00, 2.853516647E+02, 3.991732306E+02, 8.843191507E-01, 2.529568811E+01, 2.529568819E+01, 1.019996058E+05
       760,-1.782557811E-03, 8.958524093E-03, 6.000000238E-01,-1.780342292E-03, 8.959200585E-03, 5.966666667E-01, 2.043606279E-07, 0.000000000E+00, 2.556701965E+02, 4.065897638E+02, 8.681884389E-01, 2.415331064E+01, 2.415331069E+01, 1.095229760E+05
       761,-2.992999274E-03, 8.814716712E-03, 6.000000238E-01,-2.989439775E-03, 8.816026455E-03, 5.966666667E-01, 1.675248605E-07, 0.000000000E+00, 2.245219236E+02, 4.147831179E+02, 8.510388129E-01, 2.284591576E+01, 2.284591579E+01, 1.178432952E+05
       762,-4.182763863E-03, 8.480075747E-03, 6.000000238E-01,-4.178405407E-03, 8.482239820E-03, 5.966666667E-01, 1.352713025E-07, 0.000000000E+00, 1.919221513E+02, 4.239198948E+02, 8.326963103E-01, 2.133382780E+01, 2.133382782E+01, 1.271327404E+05
       763,-5.319075659E-03, 7.959549315E-03, 6.000000238E-01,-5.315248510E-03, 7.962109559E-03, 5.966666667E-01, 1.084527402E-07, 0.000000000E+00, 1.588015854E+02, 4.339562216E+02, 8.134381182E-01, 1.960797985E+01, 1.960797987E+01, 1.373502362E+05
       764,-6.370734889E-03, 7.264141925E-03, 6.000000238E-01,-6.369253202E-03, 7.265484863E-03, 5.966666667E-01, 8.781156800E-08, 0.000000000E+00, 1.275445739E+02, 4.443464109E+02, 7.944174266E-01, 1.774784545E+01, 1.774784546E+01, 1.479428387E+05
       765,-7.311786059E-03, 6.412466522E-03, 6.000000238E-01,-7.313120018E-03, 6.410977487E-03, 5.966666667E-01, 7.310300995E-08, 0.000000000E+00, 1.007613606E+02, 4.542130412E+02, 7.771607159E-01, 1.590767781E+01, 1.590767782E+01, 1.580160283E+05
       766,-8.124539629E-03, 5.428988952E-03, 6.000000238E-01,-8.127088957E-03, 5.425154172E-03, 5.966666667E-01, 6.262918632E-08, 0.000000000E+00, 7.859674111E+01, 4.633206794E+02, 7.618838268E-01, 1.414018055E+01, 1.414018055E+01, 1.673292991E+05
       767,-8.797262795E-03, 4.338606261E-03, 6.000000238E-01,-8.799402774E-03, 4.334236457E-03, 5.966666667E-01, 5.430805761E-08, 0.000000000E+00, 5.920568014E+01, 4.723127778E+02, 7.473787474E-01, 1.232618034E+01, 1.232618035E+01, 1.765390693E+05
       768,-9.319853038E-03, 3.163828049E-03, 6.000000238E-01,-9.321069208E-03, 3.160236928E-03, 5.966666667E-01, 4.689060813E-08, 0.000000000E+00, 4.167035273E+01, 4.817387363E+02, 7.327551340E-01, 1.034919749E+01, 1.034919749E+01, 1.862088268E+05
       769,-9.682803415E-03, 1.926104305E-03, 6.000000238E-01,-9.683256701E-03, 1.923844518E-03, 5.966666667E-01, 4.000079683E-08, 0.000000000E+00, 2.682166347E+01, 4.914387397E+02, 7.182920347E-01, 8.241259914E+00, 8.241259915E+00, 1.961764142E+05
       770,-9.878453799E-03, 6.474863039E-04, 6.000000238E-01,-9.878509538E-03, 6.467227778E-04, 5.966666667E-01, 3.364350892E-08, 0.000000000E+00, 1.587397342E+01, 5.006993574E+02, 7.050069609E-01, 6.175870002E+00, 6.175870003E+00, 2.057083028E+05
       771,-9.902087972E-03,-6.490298547E-04, 6.000000238E-01,-9.902141157E-03,-6.482662141E-04, 5.966666667E-01, 2.789235651E-08, 0.000000000E+00, 8.909285397E+00, 5.088808255E+02, 6.936722993E-01, 4.322493077E+00, 4.322493077E+00, 2.141430529E+05
       772,-9.752355516E-03,-1.939888927E-03, 6.000000238E-01,-9.752806264E-03,-1.937628694E-03, 5.966666667E-01, 2.279369991E-08, 0.000000000E+00, 5.011224774E+00, 5.157688517E+02, 6.844083955E-01, 2.746928097E+00, 2.746928097E+00, 2.212546987E+05
       773,-9.431344457E-03,-3.201532643E-03, 6.000000238E-01,-9.432562745E-03,-3.197942209E-03, 5.966666667E-01, 1.836444110E-08, 0.000000000E+00, 3.145831988E+00, 5.213776445E+02, 6.770457767E-01, 1.454954971E+00, 1.454954971E+00, 2.270525899E+05
       774,-8.944506757E-03,-4.410951864E-03, 6.000000238E-01,-8.946659126E-03,-4.406587631E-03, 5.966666667E-01, 1.461798511E-08, 0.000000000E+00, 2.493008932E+00, 5.257796817E+02, 6.713772795E-01, 4.353722359E-01, 4.353722359E-01, 2.316074471E+05
       775, 6.259271875E-03,-7.136888802E-03, 6.000000238E-01, 6.257818662E-03,-7.138263953E-03, 5.966666667E-01, 1.261214138E-07, 0.000000000E+00, 1.821441190E+02, 4.268064962E+02, 8.270645724E-01, 2.084671080E+01, 2.084671082E+01, 1.300700041E+05
       776, 5.319075659E-03,-7.959549315E-03, 6.000000238E-01, 5.315248510E-03,-7.962109559E-03, 5.966666667E-01, 1.084527402E-07, 0.000000000E+00, 1.588015854E+02, 4.339562216E+02, 8.134381182E-01, 1.960797985E+01, 1.960797987E+01, 1.373502362E+05
       777, 4.263088573E-03,-8.643560112E-03, 6.000000238E-01, 4.258719374E-03,-8.645702847E-03, 5.966666667E-01, 9.431491804E-08, 0.000000000E+00, 1.368392537E+02, 4.411337730E+02, 8.002029178E-01, 1.832867147E+01, 1.832867148E+01, 1.446660007E+05
       778, 3.116618609E-03,-9.180256166E-03, 6.000000238E-01, 3.113030388E-03,-9.181480693E-03, 5.966666667E-01, 8.163899926E-08, 0.000000000E+00, 1.142166712E+02, 4.491029089E+02, 7.860036648E-01, 1.686551585E+01, 1.686551586E+01, 1.527970421E+05
       779, 1.901739626E-03,-9.559868835E-03, 6.000000238E-01, 1.899482356E-03,-9.560334761E-03, 5.966666667E-01, 6.980432592E-08, 0.000000000E+00, 9.054288172E+01, 4.582614878E+02, 7.702949989E-01, 1.512546482E+01, 1.512546483E+01, 1.621540376E+05
       780, 6.406353205E-04,-9.773558937E-03, 6.000000238E-01, 6.398725871E-04,-9.773625966E-03, 5.966666667E-01, 5.883376113E-08, 0.000000000E+00, 6.680437279E+01, 4.686339014E+02, 7.532458306E-01, 1.307394616E+01, 1.307394617E+01, 1.727693791E+05
       781,-6.433635717E-04,-9.815330617E-03, 6.000000238E-01,-6.426004594E-04,-9.815392538E-03, 5.966666667E-01, 4.886804409E-08, 0.000000000E+00, 4.470631598E+01, 4.799794740E+02, 7.354408915E-01, 1.072247238E+01, 1.072247239E+01, 1.844028479E+05
       782,-1.926104305E-03,-9.682803415E-03, 6.000000238E-01,-1.923844518E-03,-9.683256701E-03, 5.966666667E-01, 4.000079683E-08, 0.000000000E+00, 2.682166347E+01, 4.914387397E+02, 7.182920347E-01, 8.241259914E+00, 8.241259915E+00, 1.961764142E+05
       783,-3.183261491E-03,-9.377318434E-03, 6.000000238E-01,-3.179670627E-03,-9.378534151E-03, 5.966666667E-01, 3.227349030E-08, 0.000000000E+00, 1.477454941E+01, 5.018184834E+02, 7.034346959E-01, 5.924545336E+00, 5.924545337E+00, 2.068612844E+05
       784,-4.390958697E-03,-8.903815411E-03, 6.000000238E-01,-4.386592356E-03,-8.905962741E-03, 5.966666667E-01, 2.572000984E-08, 0.000000000E+00, 7.912279765E+00, 5.103797451E+02, 6.916350730E-01, 3.981830663E+00, 3.981830664E+00, 2.156898272E+05
       785,-5.526356865E-03,-8.270698600E-03, 6.000000238E-01,-5.522526575E-03,-8.273254679E-03, 5.966666667E-01, 2.040734664E-08, 0.000000000E+00, 4.487504565E+00, 5.170424264E+02, 6.827225663E-01, 2.455350179E+00, 2.455350179E+00, 2.225706594E+05
       786,-6.568362005E-03,-7.489766460E-03, 6.000000238E-01,-6.566859797E-03,-7.491085390E-03, 5.966666667E-01, 1.639619388E-08, 0.000000000E+00, 2.998858158E+00, 5.220617584E+02, 6.761585705E-01, 1.297591349E+00, 1.297591349E+00, 2.277601990E+05
       787,-7.498394698E-03,-6.575920153E-03, 6.000000238E-01,-7.499713542E-03,-6.574417313E-03, 5.966666667E-01, 1.357653491E-08, 0.000000000E+00, 2.484448340E+00, 5.259153636E+02, 6.712040695E-01, 4.041584104E-01, 4.041584104E-01, 2.317479009E+05
       788, 7.136888802E-03,-6.259271875E-03, 6.000000238E-01, 7.138263953E-03,-6.257818662E-03, 5.966666667E-01, 1.261214138E-07, 0.000000000E+00, 1.821441190E+02, 4.268064962E+02, 8.270645724E-01, 2.084671080E+01, 2.084671082E+01, 1.300700041E+05
       789, 5.315604620E-03, 4.663984291E-03, 6.000000238E-01, 5.319612649E-03, 4.664837046E-03, 5.966666667E-01, 5.188149762E-07, 0.000000000E+00, 4.412682011E+02, 3.641751308E+02, 9.693043331E-01, 3.009168901E+01, 3.009168945E+01, 6.657566946E+04
       790, 6.241431925E-03, 4.174503498E-03, 6.000000238E-01, 6.245685863E-03, 4.171804640E-03, 5.966666667E-01, 4.697765035E-07, 0.000000000E+00, 4.142411135E+02, 3.699109816E+02, 9.542742708E-01, 2.937887286E+01, 2.937887320E+01, 7.237291860E+04
       791, 7.042986341E-03, 3.476681421E-03, 6.000000238E-01, 7.046353416E-03, 3.472914165E-03, 5.966666667E-01, 4.244763245E-07, 0.000000000E+00, 3.900698921E+02, 3.751301564E+02, 9.409974811E-01, 2.870393500E+01, 2.870393526E+01, 7.765081984E+04
       792, 7.726572920E-03, 2.625006950E-03, 6.000000238E-01, 7.728796082E-03, 2.621756343E-03, 5.966666667E-01, 3.794653219E-07, 0.000000000E+00, 3.658797867E+02, 3.804549547E+02, 9.278274022E-01, 2.799039092E+01, 2.799039111E+01, 8.303834026E+04
       793, 8.279699832E-03, 1.648020116E-03, 6.000000238E-01, 8.280963826E-03, 1.645921102E-03, 5.966666667E-01, 3.338462521E-07, 0.000000000E+00, 3.404705093E+02, 3.861779722E+02, 9.140773365E-01, 2.719645598E+01, 2.719645612E+01, 8.883193205E+04
       794, 8.681237698E-03, 5.692933337E-04, 6.000000238E-01, 8.681893745E-03, 5.685690090E-04, 5.966666667E-01, 2.885635180E-07, 0.000000000E+00, 3.136243742E+02, 3.923967235E+02, 8.995909270E-01, 2.630340250E+01, 2.630340260E+01, 9.513108392E+04
       795, 8.911896497E-03,-5.843581748E-04, 6.000000238E-01, 8.912349810E-03,-5.836206323E-04, 5.966666667E-01, 2.450054524E-07, 0.000000000E+00, 2.853516647E+02, 3.991732306E+02, 8.843191507E-01, 2.529568811E+01, 2.529568819E+01, 1.019996058E+05
       796, 8.958524093E-03,-1.782557811E-03, 6.000000238E-01, 8.959200585E-03,-1.780342292E-03, 5.966666667E-01, 2.043606279E-07, 0.000000000E+00, 2.556701965E+02, 4.065897638E+02, 8.681884389E-01, 2.415331064E+01, 2.415331069E+01, 1.095229760E+05
       797, 8.814716712E-03,-2.992999041E-03, 6.000000238E-01, 8.816026455E-03,-2.989439775E-03, 5.966666667E-01, 1.675248605E-07, 0.000000000E+00, 2.245219236E+02, 4.147831179E+02, 8.510388129E-01, 2.284591576E+01, 2.284591579E+01, 1.178432952E+05
       798, 8.480075747E-03,-4.182763863E-03, 6.000000238E-01, 8.482239820E-03,-4.178405407E-03, 5.966666667E-01, 1.352713025E-07, 0.000000000E+00, 1.919221513E+02, 4.239198948E+02, 8.326963103E-01, 2.133382780E+01, 2.133382782E+01, 1.271327404E+05
       799, 7.959549315E-03,-5.319076125E-03, 6.000000238E-01, 7.962109559E-03,-5.315248510E-03, 5.966666667E-01, 1.084527402E-07, 0.000000000E+00, 1.588015854E+02, 4.339562216E+02, 8.134381182E-01, 1.960797985E+01, 1.960797987E+01, 1.373502362E+05
       800, 5.000852048E-03, 5.700194743E-03, 6.000000238E-01, 5.000841674E-03, 5.703217361E-03, 5.966666667E-01, 4.601192732E-07, 0.000000000E+00, 4.091631315E+02, 3.710074763E+02, 9.514539593E-01, 2.924039891E+01, 2.924039922E+01, 7.348152507E+04
       801, 4.416196141E-03, 6.604236551E-03, 6.000000238E-01, 4.413062295E-03, 6.607837751E-03, 5.966666667E-01, 4.110857695E-07, 0.000000000E+00, 3.831339698E+02, 3.766561462E+02, 9.371851112E-01, 2.850375117E+01, 2.850375141E+01, 7.919449482E+04
       802, 3.642742289E-03, 7.380969822E-03, 6.000000238E-01, 3.638741644E-03, 7.383862103E-03, 5.966666667E-01, 3.678963368E-07, 0.000000000E+00, 3.597810814E+02, 3.818251658E+02, 9.244978169E-01, 2.780446975E+01, 2.780446993E+01, 8.442515017E+04
       803, 2.728817519E-03, 8.033539169E-03, 6.000000238E-01, 2.725441415E-03, 8.035390150E-03, 5.966666667E-01, 3.263054093E-07, 0.000000000E+00, 3.363192791E+02, 3.871339677E+02, 9.118200977E-01, 2.706237115E+01, 2.706237129E+01, 8.980003578E+04
       804, 1.701596659E-03, 8.550025523E-03, 6.000000238E-01, 1.699441308E-03, 8.551005856E-03, 5.966666667E-01, 2.851290465E-07, 0.000000000E+00, 3.115825541E+02, 3.928804956E+02, 8.984832188E-01, 2.623311913E+01, 2.623311923E+01, 9.562127268E+04
       805, 5.843581748E-04, 8.911896497E-03, 6.000000238E-01, 5.836206323E-04, 8.912349810E-03, 5.966666667E-01, 2.450054524E-07, 0.000000000E+00, 2.853516647E+02, 3.991732306E+02, 8.843191507E-01, 2.529568811E+01, 2.529568819E+01, 1.019996058E+05
       806,-5.968179903E-04, 9.102669545E-03, 6.000000238E-01,-5.960717204E-04, 9.102988969E-03, 5.966666667E-01, 2.069761415E-07, 0.000000000E+00, 2.576031548E+02, 4.060939872E+02, 8.692483598E-01, 2.423053349E+01, 2.423053354E+01, 1.090198183E+05
       807,-1.812869683E-03, 9.111465886E-03, 6.000000238E-01,-1.810638555E-03, 9.112063680E-03, 5.966666667E-01, 1.719068602E-07, 0.000000000E+00, 2.282341677E+02, 4.137757739E+02, 8.531106811E-01, 2.300807652E+01, 2.300807656E+01, 1.168198345E+05
       808,-3.033175832E-03, 8.933518082E-03, 6.000000238E-01,-3.029603419E-03, 8.934789308E-03, 5.966666667E-01, 1.404220580E-07, 0.000000000E+00, 1.971314184E+02, 4.224079831E+02, 8.356767542E-01, 2.158649283E+01, 2.158649285E+01, 1.255947589E+05
       809,-4.226726945E-03, 8.569554426E-03, 6.000000238E-01,-4.222361841E-03, 8.571704354E-03, 5.966666667E-01, 1.130588402E-07, 0.000000000E+00, 1.644397259E+02, 4.321774771E+02, 8.167860450E-01, 1.991740765E+01, 1.991740766E+01, 1.355383549E+05
       810,-5.362845957E-03, 8.025253192E-03, 6.000000238E-01,-5.359014192E-03, 8.027806228E-03, 5.966666667E-01, 9.043819386E-08, 0.000000000E+00, 1.313720473E+02, 4.430113039E+02, 7.968115694E-01, 1.799018698E+01, 1.799018699E+01, 1.465808759E+05
       811,-6.412466988E-03, 7.311786059E-03, 6.000000238E-01,-6.410977487E-03, 7.313120018E-03, 5.966666667E-01, 7.310300995E-08, 0.000000000E+00, 1.007613606E+02, 4.542130412E+02, 7.771607159E-01, 1.590767781E+01, 1.590767782E+01, 1.580160283E+05
       812,-7.351191249E-03, 6.446982268E-03, 6.000000238E-01,-7.352519457E-03, 6.445487996E-03, 5.966666667E-01, 6.078749115E-08, 0.000000000E+00, 7.543652593E+01, 4.647164237E+02, 7.595955604E-01, 1.386455932E+01, 1.386455932E+01, 1.687578759E+05
       813,-8.161713369E-03, 5.453752819E-03, 6.000000238E-01,-8.164262253E-03, 5.449918207E-03, 5.966666667E-01, 5.203585803E-08, 0.000000000E+00, 5.536829228E+01, 4.742543628E+02, 7.443189982E-01, 1.192676409E+01, 1.192676409E+01, 1.785295649E+05
       814,-8.831892163E-03, 4.355621058E-03, 6.000000238E-01,-8.834034170E-03, 4.351251833E-03, 5.966666667E-01, 4.509356319E-08, 0.000000000E+00, 3.892276689E+01, 4.833854135E+02, 7.302589660E-01, 9.997329839E+00, 9.997329841E+00, 1.878997357E+05
       815,-9.351304732E-03, 3.174464218E-03, 6.000000238E-01,-9.352520785E-03, 3.170873334E-03, 5.966666667E-01, 3.891295142E-08, 0.000000000E+00, 2.550399435E+01, 4.924270698E+02, 7.168503803E-01, 8.023611434E+00, 8.023611435E+00, 1.971929591E+05
       816,-9.710500948E-03, 1.931593637E-03, 6.000000238E-01,-9.710952810E-03, 1.929333669E-03, 5.966666667E-01, 3.317836907E-08, 0.000000000E+00, 1.550453983E+01, 5.010704417E+02, 7.044848446E-01, 6.092673456E+00, 6.092673457E+00, 2.060905853E+05
       817,-9.902087972E-03, 6.490298547E-04, 6.000000238E-01,-9.902141157E-03, 6.482662141E-04, 5.966666667E-01, 2.789235651E-08, 0.000000000E+00, 8.909285397E+00, 5.088808255E+02, 6.936722993E-01, 4.322493077E+00, 4.322493077E+00, 2.141430529E+05
       818,-9.921634570E-03,-6.503064651E-04, 6.000000238E-01,-9.921686597E-03,-6.495427723E-04, 5.966666667E-01, 2.311467607E-08, 0.000000000E+00, 5.083858102E+00, 5.156029803E+02, 6.846285722E-01, 2.784876641E+00, 2.784876641E+00, 2.210833308E+05
       819,-9.768025950E-03,-1.942994655E-03, 6.000000238E-01,-9.768476459E-03,-1.940734403E-03, 5.966666667E-01, 1.888243994E-08, 0.000000000E+00, 3.187572824E+00, 5.211964189E+02, 6.772811928E-01, 1.496589153E+00, 1.496589153E+00, 2.268651560E+05
       820,-9.443516843E-03,-3.205648856E-03, 6.000000238E-01,-9.444735845E-03,-3.202058951E-03, 5.966666667E-01, 1.520840476E-08, 0.000000000E+00, 2.498167363E+00, 5.257020743E+02, 6.714763923E-01, 4.531488372E-01, 4.531488372E-01, 2.315271120E+05
       821, 6.320278160E-03,-7.206537295E-03, 6.000000238E-01, 6.318807676E-03,-7.207892974E-03, 5.966666667E-01, 1.053295046E-07, 0.000000000E+00, 1.548386954E+02, 4.352231818E+02, 8.110701521E-01, 1.938615698E+01, 1.938615700E+01, 1.386410692E+05
       822, 5.362845957E-03,-8.025253192E-03, 6.000000238E-01, 5.359014192E-03,-8.027806228E-03, 5.966666667E-01, 9.043819386E-08, 0.000000000E+00, 1.313720473E+02, 4.430113039E+02, 7.968115694E-01, 1.799018698E+01, 1.799018699E+01, 1.465808759E+05
       823, 4.293161444E-03,-8.704768494E-03, 6.000000238E-01, 4.288791309E-03,-8.706908260E-03, 5.966666667E-01, 7.855743457E-08, 0.000000000E+00, 1.094844096E+02, 4.508680577E+02, 7.829264599E-01, 1.653706530E+01, 1.653706530E+01, 1.545992705E+05
       824, 3.135418752E-03,-9.235847741E-03, 6.000000238E-01, 3.131828757E-03,-9.237066982E-03, 5.966666667E-01, 6.793036436E-08, 0.000000000E+00, 8.748106143E+01, 4.595279001E+02, 7.681721441E-01, 1.488085630E+01, 1.488085631E+01, 1.634490720E+05
       825, 1.911442261E-03,-9.608824737E-03, 6.000000238E-01, 1.909183781E-03,-9.609284356E-03, 5.966666667E-01, 5.802915980E-08, 0.000000000E+00, 6.547675495E+01, 4.692625382E+02, 7.522367619E-01, 1.294710054E+01, 1.294710054E+01, 1.734133614E+05
       826, 6.433635717E-04,-9.815330617E-03, 6.000000238E-01, 6.426004594E-04,-9.815392538E-03, 5.966666667E-01, 4.886804409E-08, 0.000000000E+00, 4.470631598E+01, 4.799794740E+02, 7.354408915E-01, 1.072247238E+01, 1.072247239E+01, 1.844028479E+05
       827,-6.456200499E-04,-9.849879891E-03, 6.000000238E-01,-6.448566755E-04,-9.849937562E-03, 5.966666667E-01, 4.055991859E-08, 0.000000000E+00, 2.748519165E+01, 4.909499803E+02, 7.190071217E-01, 8.348452355E+00, 8.348452356E+00, 1.956737668E+05
       828,-1.931593637E-03,-9.710500948E-03, 6.000000238E-01,-1.929333669E-03,-9.710952810E-03, 5.966666667E-01, 3.317836907E-08, 0.000000000E+00, 1.550453983E+01, 5.010704417E+02, 7.044848446E-01, 6.092673456E+00, 6.092673457E+00, 2.060905853E+05
       829,-3.190537449E-03,-9.398832917E-03, 6.000000238E-01,-3.186946779E-03,-9.400049543E-03, 5.966666667E-01, 2.675387571E-08, 0.000000000E+00, 8.378494909E+00, 5.096630800E+02, 6.926076189E-01, 4.144806363E+00, 4.144806363E+00, 2.149502256E+05
       830,-4.398920573E-03,-8.920019493E-03, 6.000000238E-01,-4.394554939E-03,-8.922168987E-03, 5.966666667E-01, 2.131110749E-08, 0.000000000E+00, 4.678099448E+00, 5.165619053E+02, 6.833576550E-01, 2.565432154E+00, 2.565432154E+00, 2.220741079E+05
       831,-5.534283351E-03,-8.282597177E-03, 6.000000238E-01,-5.530454140E-03,-8.285154748E-03, 5.966666667E-01, 1.690270549E-08, 0.000000000E+00, 3.034939096E+00, 5.218864652E+02, 6.763856812E-01, 1.337954524E+00, 1.337954524E+00, 2.275788767E+05
       832,-6.575920153E-03,-7.498394698E-03, 6.000000238E-01,-6.574417313E-03,-7.499713542E-03, 5.966666667E-01, 1.357653491E-08, 0.000000000E+00, 2.484448340E+00, 5.259153636E+02, 6.712040695E-01, 4.041584104E-01, 4.041584104E-01, 2.317479009E+05
       833, 7.206537295E-03,-6.320277695E-03, 6.000000238E-01, 7.207892974E-03,-6.318807676E-03, 5.966666667E-01, 1.053295046E-07, 0.000000000E+00, 1.548386954E+02, 4.352231818E+02, 8.110701521E-01, 1.938615698E+01, 1.938615700E+01, 1.386410692E+05
       834, 5.700194743E-03, 5.000852048E-03, 6.000000238E-01, 5.703217361E-03, 5.000841674E-03, 5.966666667E-01, 4.601192732E-07, 0.000000000E+00, 4.091631315E+02, 3.710074763E+02, 9.514539593E-01, 2.924039891E+01, 2.924039922E+01, 7.348152507E+04
       835, 6.604237016E-03, 4.416196141E-03, 6.000000238E-01, 6.607837751E-03, 4.413062295E-03, 5.966666667E-01, 4.110857695E-07, 0.000000000E+00, 3.831339698E+02, 3.766561462E+02, 9.371851112E-01, 2.850375117E+01, 2.850375141E+01, 7.919449482E+04
       836, 7.380969822E-03, 3.642742289E-03, 6.000000238E-01, 7.383862103E-03, 3.638741644E-03, 5.966666667E-01, 3.678963368E-07, 0.000000000E+00, 3.597810814E+02, 3.818251658E+02, 9.244978169E-01, 2.780446975E+01, 2.780446993E+01, 8.442515017E+04
       837, 8.033538237E-03, 2.728817752E-03, 6.000000238E-01, 8.035390150E-03, 2.725441415E-03, 5.966666667E-01, 3.263054093E-07, 0.000000000E+00, 3.363192791E+02, 3.871339677E+02, 9.118200977E-01, 2.706237115E+01, 2.706237129E+01, 8.980003578E+04
       838, 8.550025523E-03, 1.701596659E-03, 6.000000238E-01, 8.551005856E-03, 1.699441308E-03, 5.966666667E-01, 2.851290465E-07, 0.000000000E+00, 3.115825541E+02, 3.928804956E+02, 8.984832188E-01, 2.623311913E+01, 2.623311923E+01, 9.562127268E+04
       839, 8.911896497E-03, 5.843581748E-04, 6.000000238E-01, 8.912349810E-03, 5.836206323E-04, 5.966666667E-01, 2.450054524E-07, 0.000000000E+00, 2.853516647E+02, 3.991732306E+02, 8.843191507E-01, 2.529568811E+01, 2.529568819E+01, 1.019996058E+05
       840, 9.102669545E-03,-5.968179903E-04, 6.000000238E-01, 9.102988969E-03,-5.960717204E-04, 5.966666667E-01, 2.069761415E-07, 0.000000000E+00, 2.576031548E+02, 4.060939872E+02, 8.692483598E-01, 2.423053349E+01, 2.423053354E+01, 1.090198183E+05
       841, 9.111465886E-03,-1.812869683E-03, 6.000000238E-01, 9.112063680E-03,-1.810638555E-03, 5.966666667E-01, 1.719068602E-07, 0.000000000E+00, 2.282341677E+02, 4.137757739E+02, 8.531106811E-01, 2.300807652E+01, 2.300807656E+01, 1.168198345E+05
       842, 8.933518082E-03,-3.033175599E-03, 6.000000238E-01, 8.934789308E-03,-3.029603419E-03, 5.966666667E-01, 1.404220580E-07, 0.000000000E+00, 1.971314184E+02, 4.224079831E+02, 8.356767542E-01, 2.158649283E+01, 2.158649285E+01, 1.255947589E+05
       843, 8.569554426E-03,-4.226726945E-03, 6.000000238E-01, 8.571704354E-03,-4.222361841E-03, 5.966666667E-01, 1.130588402E-07, 0.000000000E+00, 1.644397259E+02, 4.321774771E+02, 8.167860450E-01, 1.991740765E+01, 1.991740766E+01, 1.355383549E+05
       844, 8.025253192E-03,-5.362845957E-03, 6.000000238E-01, 8.027806228E-03,-5.359014192E-03, 5.966666667E-01, 9.043819386E-08, 0.000000000E+00, 1.313720473E+02, 4.430113039E+02, 7.968115694E-01, 1.799018698E+01, 1.799018699E+01, 1.465808759E+05
       845, 5.279466975E-03, 6.018280052E-03, 6.000000238E-01, 5.278923843E-03, 6.020694031E-03, 5.966666667E-01, 4.017731153E-07, 0.000000000E+00, 3.782657767E+02, 3.777325646E+02, 9.345144299E-01, 2.836134325E+01, 2.836134347E+01, 8.028352823E+04
       846, 4.616094287E-03, 6.904304493E-03, 6.000000238E-01, 4.612692755E-03, 6.907503053E-03, 5.966666667E-01, 3.554213022E-07, 0.000000000E+00, 3.531041534E+02, 3.833339556E+02, 9.208590242E-01, 2.759783067E+01, 2.759783084E+01, 8.595243456E+04
       847, 3.780087456E-03, 7.660508621E-03, 6.000000238E-01, 3.775942364E-03, 7.663106743E-03, 5.966666667E-01, 3.157856588E-07, 0.000000000E+00, 3.304382025E+02, 3.884953545E+02, 9.086248476E-01, 2.687007905E+01, 2.687007918E+01, 9.117882309E+04
       848, 2.814677311E-03, 8.287423290E-03, 6.000000238E-01, 2.811221366E-03, 8.289039240E-03, 5.966666667E-01, 2.784019653E-07, 0.000000000E+00, 3.075719336E+02, 3.938354723E+02, 8.963045664E-01, 2.609404728E+01, 2.609404738E+01, 9.658898479E+04
       849, 1.745908405E-03, 8.773605339E-03, 6.000000238E-01, 1.743716728E-03, 8.774402310E-03, 5.966666667E-01, 2.419887598E-07, 0.000000000E+00, 2.833678853E+02, 3.996610034E+02, 8.832398690E-01, 2.522223953E+01, 2.522223960E+01, 1.024941790E+05
       850, 5.968179903E-04, 9.102669545E-03, 6.000000238E-01, 5.960717204E-04, 9.102988969E-03, 5.966666667E-01, 2.069761415E-07, 0.000000000E+00, 2.576031548E+02, 4.060939872E+02, 8.692483598E-01, 2.423053349E+01, 2.423053354E+01, 1.090198183E+05
       851,-6.071232492E-04, 9.260453284E-03, 6.000000238E-01,-6.063711647E-04, 9.260684213E-03, 5.966666667E-01, 1.741525043E-07, 0.000000000E+00, 2.301312437E+02, 4.132650667E+02, 8.541649433E-01, 2.309026567E+01, 2.309026571E+01, 1.163010107E+05
       852,-1.837939955E-03, 9.237960912E-03, 6.000000238E-01,-1.835698564E-03, 9.238506688E-03, 5.966666667E-01, 1.441536509E-07, 0.000000000E+00, 2.007880977E+02, 4.213569990E+02, 8.377611696E-01, 2.176114271E+01, 2.176114273E+01, 1.245258412E+05
       853,-3.066404955E-03, 9.031775407E-03, 6.000000238E-01,-3.062824504E-03, 9.033023194E-03, 5.966666667E-01, 1.174163845E-07, 0.000000000E+00, 1.695655812E+02, 4.305833335E+02, 8.198100223E-01, 2.019270381E+01, 2.019270383E+01, 1.339148898E+05
       854,-4.263088573E-03, 8.643560112E-03, 6.000000238E-01,-4.258719374E-03, 8.645702847E-03, 5.966666667E-01, 9.431491804E-08, 0.000000000E+00, 1.368392537E+02, 4.411337730E+02, 8.002029178E-01, 1.832867147E+01, 1.832867148E+01, 1.446660007E+05
       855,-5.399047397E-03, 8.079594932E-03, 6.000000238E-01,-5.395213461E-03, 8.082144953E-03, 5.966666667E-01, 7.530516763E-08, 0.000000000E+00, 1.043380767E+02, 4.528264437E+02, 7.795404557E-01, 1.616967613E+01, 1.616967614E+01, 1.565994338E+05
       856,-6.446982268E-03, 7.351191249E-03, 6.000000238E-01,-6.445487996E-03, 7.352519457E-03, 5.966666667E-01, 6.078749115E-08, 0.000000000E+00, 7.543652593E+01, 4.647164237E+02, 7.595955604E-01, 1.386455932E+01, 1.386455932E+01, 1.687578759E+05
       857,-7.383781951E-03, 6.475529168E-03, 6.000000238E-01,-7.385106838E-03, 6.474031730E-03, 5.966666667E-01, 5.049871962E-08, 0.000000000E+00, 5.277585056E+01, 4.756026123E+02, 7.422089853E-01, 1.164757928E+01, 1.164757929E+01, 1.799121774E+05
       858,-8.192457259E-03, 5.474234466E-03, 6.000000238E-01,-8.195008205E-03, 5.470400487E-03, 5.966666667E-01, 4.319958081E-08, 0.000000000E+00, 3.608656577E+01, 4.851479762E+02, 7.276059050E-01, 9.618450840E+00, 9.618450842E+00, 1.897101837E+05
       859,-8.860534057E-03, 4.369693808E-03, 6.000000238E-01,-8.862677618E-03, 4.365325162E-03, 5.966666667E-01, 3.741666925E-08, 0.000000000E+00, 2.374366729E+01, 4.937919231E+02, 7.148689879E-01, 7.722140043E+00, 7.722140044E+00, 1.985970652E+05
       860,-9.377318434E-03, 3.183261491E-03, 6.000000238E-01,-9.378534151E-03, 3.179670627E-03, 5.966666667E-01, 3.227349030E-08, 0.000000000E+00, 1.477454941E+01, 5.018184834E+02, 7.034346959E-01, 5.924545336E+00, 5.924545337E+00, 2.068612844E+05
       861,-9.733408689E-03, 1.936133835E-03, 6.000000238E-01,-9.733859999E-03, 1.933873693E-03, 5.966666667E-01, 2.750580093E-08, 0.000000000E+00, 8.730772806E+00, 5.091402892E+02, 6.933187959E-01, 4.263608356E+00, 4.263608356E+00, 2.144107681E+05
       862,-9.921633638E-03, 6.503064651E-04, 6.000000238E-01,-9.921686597E-03, 6.495427723E-04, 5.966666667E-01, 2.311467607E-08, 0.000000000E+00, 5.083858102E+00, 5.156029803E+02, 6.846285722E-01, 2.784876641E+00, 2.784876641E+00, 2.210833308E+05
       863,-9.937800467E-03,-6.513623521E-04, 6.000000238E-01,-9.937852367E-03,-6.505985964E-04, 5.966666667E-01, 1.914877724E-08, 0.000000000E+00, 3.208720834E+00, 5.211067479E+02, 6.773977380E-01, 1.517235304E+00, 1.517235304E+00, 2.267724156E+05
       864,-9.780986235E-03,-1.945563476E-03, 6.000000238E-01,-9.781437039E-03,-1.943303088E-03, 5.966666667E-01, 1.563795677E-08, 0.000000000E+00, 2.502053846E+00, 5.256454547E+02, 6.715487200E-01, 4.661088869E-01, 4.661088869E-01, 2.314685030E+05
       865, 6.370734889E-03,-7.264141925E-03, 6.000000238E-01, 6.369253202E-03,-7.265484863E-03, 5.966666667E-01, 8.781156800E-08, 0.000000000E+00, 1.275445739E+02, 4.443464109E+02, 7.944174266E-01, 1.774784545E+01, 1.774784546E+01, 1.479428387E+05
       866, 5.399047397E-03,-8.079594932E-03, 6.000000238E-01, 5.395213461E-03,-8.082144953E-03, 5.966666667E-01, 7.530516763E-08, 0.000000000E+00, 1.043380767E+02, 4.528264437E+02, 7.795404557E-01, 1.616967613E+01, 1.616967614E+01, 1.565994338E+05
       867, 4.318034276E-03,-8.755392395E-03, 6.000000238E-01, 4.313664092E-03,-8.757531837E-03, 5.966666667E-01, 6.535047198E-08, 0.000000000E+00, 8.319747857E+01, 4.613337462E+02, 7.651652089E-01, 1.452973428E+01, 1.452973428E+01, 1.652962315E+05
       868, 3.150967648E-03,-9.281825274E-03, 6.000000238E-01, 3.147376986E-03,-9.283042693E-03, 5.966666667E-01, 5.646317080E-08, 0.000000000E+00, 6.284273138E+01, 4.705263920E+02, 7.502162223E-01, 1.269080401E+01, 1.269080401E+01, 1.747082819E+05
       869, 1.919467119E-03,-9.649314918E-03, 6.000000238E-01, 1.917207842E-03,-9.649770629E-03, 5.966666667E-01, 4.819680034E-08, 0.000000000E+00, 4.369487501E+01, 4.805597665E+02, 7.345528213E-01, 1.059982828E+01, 1.059982829E+01, 1.849984883E+05
       870, 6.456200499E-04,-9.849879891E-03, 6.000000238E-01, 6.448566755E-04,-9.849937562E-03, 5.966666667E-01, 4.055991859E-08, 0.000000000E+00, 2.748519165E+01, 4.909499803E+02, 7.190071217E-01, 8.348452355E+00, 8.348452356E+00, 1.956737668E+05
       871,-6.474863039E-04,-9.878453799E-03, 6.000000238E-01,-6.467227778E-04,-9.878509538E-03, 5.966666667E-01, 3.364350892E-08, 0.000000000E+00, 1.587397342E+01, 5.006993574E+02, 7.050069609E-01, 6.175870002E+00, 6.175870003E+00, 2.057083028E+05
       872,-1.936133835E-03,-9.733408689E-03, 6.000000238E-01,-1.933873693E-03,-9.733859999E-03, 5.966666667E-01, 2.750580093E-08, 0.000000000E+00, 8.730772806E+00, 5.091402892E+02, 6.933187959E-01, 4.263608356E+00, 4.263608356E+00, 2.144107681E+05
       873,-3.196555190E-03,-9.416626766E-03, 6.000000238E-01,-3.192964794E-03,-9.417844658E-03, 5.966666667E-01, 2.216939136E-08, 0.000000000E+00, 4.867884189E+00, 5.161033550E+02, 6.839648083E-01, 2.670394551E+00, 2.670394551E+00, 2.216003033E+05
       874,-4.405505490E-03,-8.933422156E-03, 6.000000238E-01,-4.401140675E-03,-8.935572936E-03, 5.966666667E-01, 1.765238712E-08, 0.000000000E+00, 3.090523192E+00, 5.216261188E+02, 6.767232689E-01, 1.397850767E+00, 1.397850767E+00, 2.273095870E+05
       875,-5.540839862E-03,-8.292438462E-03, 6.000000238E-01,-5.537010900E-03,-8.294997101E-03, 5.966666667E-01, 1.399643445E-08, 0.000000000E+00, 2.487829718E+00, 5.258608358E+02, 6.712736684E-01, 4.167251430E-01, 4.167251430E-01, 2.316914549E+05
       876, 7.264142390E-03,-6.370734889E-03, 6.000000238E-01, 7.265484863E-03,-6.369253202E-03, 5.966666667E-01, 8.781156800E-08, 0.000000000E+00, 1.275445739E+02, 4.443464109E+02, 7.944174266E-01, 1.774784545E+01, 1.774784546E+01, 1.479428387E+05
       877, 6.018280052E-03, 5.279466975E-03, 6.000000238E-01, 6.020694031E-03, 5.278923843E-03, 5.966666667E-01, 4.017731153E-07, 0.000000000E+00, 3.782657767E+02, 3.777325646E+02, 9.345144299E-01, 2.836134325E+01, 2.836134347E+01, 8.028352823E+04
       878, 6.904304028E-03, 4.616094287E-03, 6.000000238E-01, 6.907503053E-03, 4.612692755E-03, 5.966666667E-01, 3.554213022E-07, 0.000000000E+00, 3.531041534E+02, 3.833339556E+02, 9.208590242E-01, 2.759783067E+01, 2.759783084E+01, 8.595243456E+04
       879, 7.660508621E-03, 3.780087456E-03, 6.000000238E-01, 7.663106743E-03, 3.775942364E-03, 5.966666667E-01, 3.157856588E-07, 0.000000000E+00, 3.304382025E+02, 3.884953545E+02, 9.086248476E-01, 2.687007905E+01, 2.687007918E+01, 9.117882309E+04
       880, 8.287423290E-03, 2.814677311E-03, 6.000000238E-01, 8.289039240E-03, 2.811221366E-03, 5.966666667E-01, 2.784019653E-07, 0.000000000E+00, 3.075719336E+02, 3.938354723E+02, 8.963045664E-01, 2.609404728E+01, 2.609404738E+01, 9.658898479E+04
       881, 8.773606271E-03, 1.745908521E-03, 6.000000238E-01, 8.774402310E-03, 1.743716728E-03, 5.966666667E-01, 2.419887598E-07, 0.000000000E+00, 2.833678853E+02, 3.996610034E+02, 8.832398690E-01, 2.522223953E+01, 2.522223960E+01, 1.024941790E+05
       882, 9.102669545E-03, 5.968179903E-04, 6.000000238E-01, 9.102988969E-03, 5.960717204E-04, 5.966666667E-01, 2.069761415E-07, 0.000000000E+00, 2.576031548E+02, 4.060939872E+02, 8.692483598E-01, 2.423053349E+01, 2.423053354E+01, 1.090198183E+05
       883, 9.260453284E-03,-6.071232492E-04, 6.000000238E-01, 9.260684213E-03,-6.063711647E-04, 5.966666667E-01, 1.741525043E-07, 0.000000000E+00, 2.301312437E+02, 4.132650667E+02, 8.541649433E-01, 2.309026567E+01, 2.309026571E+01, 1.163010107E+05
       884, 9.237960912E-03,-1.837939955E-03, 6.000000238E-01, 9.238506688E-03,-1.835698564E-03, 5.966666667E-01, 1.441536509E-07, 0.000000000E+00, 2.007880977E+02, 4.213569990E+02, 8.377611696E-01, 2.176114271E+01, 2.176114273E+01, 1.245258412E+05
       885, 9.031775407E-03,-3.066404955E-03, 6.000000238E-01, 9.033023194E-03,-3.062824504E-03, 5.966666667E-01, 1.174163845E-07, 0.000000000E+00, 1.695655812E+02, 4.305833335E+02, 8.198100223E-01, 2.019270381E+01, 2.019270383E+01, 1.339148898E+05
       886, 8.643560112E-03,-4.263088107E-03, 6.000000238E-01, 8.645702847E-03,-4.258719374E-03, 5.966666667E-01, 9.431491804E-08, 0.000000000E+00, 1.368392537E+02, 4.411337730E+02, 8.002029178E-01, 1.832867147E+01, 1.832867148E+01, 1.446660007E+05
       887, 8.079594932E-03,-5.399047397E-03, 6.000000238E-01, 8.082144953E-03,-5.395213461E-03, 5.966666667E-01, 7.530516763E-08, 0.000000000E+00, 1.043380767E+02, 4.528264437E+02, 7.795404557E-01, 1.616967613E+01, 1.616967614E+01, 1.565994338E+05
       888, 5.509903654E-03, 6.281361450E-03, 6.000000238E-01, 5.509023730E-03, 6.283391011E-03, 5.966666667E-01, 3.468123825E-07, 0.000000000E+00, 3.484190807E+02, 3.843985176E+02, 9.183087761E-01, 2.745087833E+01, 2.745087849E+01, 8.703018296E+04
       889, 4.781425931E-03, 7.152483799E-03, 6.000000238E-01, 4.777857355E-03, 7.155431648E-03, 5.966666667E-01, 3.045101533E-07, 0.000000000E+00, 3.239932306E+02, 3.899969295E+02, 9.051264396E-01, 2.665613292E+01, 2.665613304E+01, 9.269980538E+04
       890, 3.893682733E-03, 7.891708985E-03, 6.000000238E-01, 3.889447630E-03, 7.894124023E-03, 5.966666667E-01, 2.690505708E-07, 0.000000000E+00, 3.018855188E+02, 3.951974078E+02, 8.932157076E-01, 2.589441082E+01, 2.589441091E+01, 9.796924054E+04
       891, 2.885689726E-03, 8.497404866E-03, 6.000000238E-01, 2.882183186E-03, 8.498871501E-03, 5.966666667E-01, 2.360896041E-07, 0.000000000E+00, 2.794824093E+02, 4.006219950E+02, 8.811211982E-01, 2.507730081E+01, 2.507730088E+01, 1.034686458E+05
       892, 1.782557811E-03, 8.958524093E-03, 6.000000238E-01, 1.780342292E-03, 8.959200585E-03, 5.966666667E-01, 2.043606279E-07, 0.000000000E+00, 2.556701965E+02, 4.065897638E+02, 8.681884389E-01, 2.415331064E+01, 2.415331069E+01, 1.095229760E+05
       893, 6.071232492E-04, 9.260453284E-03, 6.000000238E-01, 6.063711647E-04, 9.260684213E-03, 5.966666667E-01, 1.741525043E-07, 0.000000000E+00, 2.301312437E+02, 4.132650667E+02, 8.541649433E-01, 2.309026567E+01, 2.309026571E+01, 1.163010107E+05
       894,-6.156464806E-04, 9.390952997E-03, 6.000000238E-01,-6.148905311E-04, 9.391124608E-03, 5.966666667E-01, 1.460673470E-07, 0.000000000E+00, 2.026616044E+02, 4.208234286E+02, 8.388233835E-01, 2.184982502E+01, 2.184982504E+01, 1.239832255E+05
       895,-1.858675038E-03, 9.342581034E-03, 6.000000238E-01,-1.856426874E-03, 9.343093632E-03, 5.966666667E-01, 1.205761273E-07, 0.000000000E+00, 1.731661667E+02, 4.294762191E+02, 8.219233490E-01, 2.038280217E+01, 2.038280219E+01, 1.327876212E+05
       896,-3.093888052E-03, 9.113042615E-03, 6.000000238E-01,-3.090302661E-03, 9.114275393E-03, 5.966666667E-01, 9.798562009E-08, 0.000000000E+00, 1.418291869E+02, 4.394488000E+02, 8.032711257E-01, 1.863012344E+01, 1.863012345E+01, 1.429479335E+05
       897,-4.293161444E-03, 8.704768494E-03, 6.000000238E-01,-4.288791309E-03, 8.706908260E-03, 5.966666667E-01, 7.855743457E-08, 0.000000000E+00, 1.094844096E+02, 4.508680577E+02, 7.829264599E-01, 1.653706530E+01, 1.653706530E+01, 1.545992705E+05
       898,-5.428988487E-03, 8.124539629E-03, 6.000000238E-01,-5.425154172E-03, 8.127088957E-03, 5.966666667E-01, 6.262918632E-08, 0.000000000E+00, 7.859674111E+01, 4.633206794E+02, 7.618838268E-01, 1.414018055E+01, 1.414018055E+01, 1.673292991E+05
       899,-6.475529168E-03, 7.383781951E-03, 6.000000238E-01,-6.474031730E-03, 7.385106838E-03, 5.966666667E-01, 5.049871962E-08, 0.000000000E+00, 5.277585056E+01, 4.756026123E+02, 7.422089853E-01, 1.164757928E+01, 1.164757929E+01, 1.799121774E+05
       900,-7.410737220E-03, 6.499139592E-03, 6.000000238E-01,-7.412059797E-03, 6.497640196E-03, 5.966666667E-01, 4.191873041E-08, 0.000000000E+00, 3.420733405E+01, 4.863553186E+02, 7.257996752E-01, 9.357681682E+00, 9.357681683E+00, 1.909506499E+05
       901,-8.217886090E-03, 5.491174292E-03, 6.000000238E-01,-8.220438001E-03, 5.487341261E-03, 5.966666667E-01, 3.584014529E-08, 0.000000000E+00, 2.195940368E+01, 4.952336504E+02, 7.127878567E-01, 7.402611099E+00, 7.402611100E+00, 2.000806204E+05
       902,-8.884223178E-03, 4.381332546E-03, 6.000000238E-01,-8.886368374E-03, 4.376965094E-03, 5.966666667E-01, 3.102911749E-08, 0.000000000E+00, 1.380692289E+01, 5.028454435E+02, 7.019980729E-01, 5.693403979E+00, 5.693403980E+00, 2.079195322E+05
       903,-9.398832917E-03, 3.190537449E-03, 6.000000238E-01,-9.400049543E-03, 3.186946779E-03, 5.966666667E-01, 2.675387571E-08, 0.000000000E+00, 8.378494909E+00, 5.096630800E+02, 6.926076189E-01, 4.144806363E+00, 4.144806363E+00, 2.149502256E+05
       904,-9.752355516E-03, 1.939888927E-03, 6.000000238E-01,-9.752806264E-03, 1.937628694E-03, 5.966666667E-01, 2.279369991E-08, 0.000000000E+00, 5.011224774E+00, 5.157688517E+02, 6.844083955E-01, 2.746928097E+00, 2.746928097E+00, 2.212546987E+05
       905,-9.937800467E-03, 6.513623521E-04, 6.000000238E-01,-9.937852367E-03, 6.505985964E-04, 5.966666667E-01, 1.914877724E-08, 0.000000000E+00, 3.208720834E+00, 5.211067479E+02, 6.773977380E-01, 1.517235304E+00, 1.517235304E+00, 2.267724156E+05
       906,-9.951171465E-03,-6.522356416E-04, 6.000000238E-01,-9.951222830E-03,-6.514718526E-04, 5.966666667E-01, 1.585883018E-08, 0.000000000E+00, 2.504026452E+00, 5.256177079E+02, 6.715841704E-01, 4.725364432E-01, 4.725364432E-01, 2.314397816E+05
       907, 6.412466988E-03,-7.311786059E-03, 6.000000238E-01, 6.410977487E-03,-7.313120018E-03, 5.966666667E-01, 7.310300995E-08, 0.000000000E+00, 1.007613606E+02, 4.542130412E+02, 7.771607159E-01, 1.590767781E+01, 1.590767782E+01, 1.580160283E+05
       908, 5.428988487E-03,-8.124539629E-03, 6.000000238E-01, 5.425154172E-03,-8.127088957E-03, 5.966666667E-01, 6.262918632E-08, 0.000000000E+00, 7.859674111E+01, 4.633206794E+02, 7.618838268E-01, 1.414018055E+01, 1.414018055E+01, 1.673292991E+05
       909, 4.338606726E-03,-8.797262795E-03, 6.000000238E-01, 4.334236457E-03,-8.799402774E-03, 5.966666667E-01, 5.430805761E-08, 0.000000000E+00, 5.920568014E+01, 4.723127778E+02, 7.473787474E-01, 1.232618034E+01, 1.232618035E+01, 1.765390693E+05
       910, 3.163827816E-03,-9.319853038E-03, 6.000000238E-01, 3.160236928E-03,-9.321069208E-03, 5.966666667E-01, 4.689060813E-08, 0.000000000E+00, 4.167035273E+01, 4.817387363E+02, 7.327551340E-01, 1.034919749E+01, 1.034919749E+01, 1.862088268E+05
       911, 1.926104189E-03,-9.682803415E-03, 6.000000238E-01, 1.923844518E-03,-9.683256701E-03, 5.966666667E-01, 4.000079683E-08, 0.000000000E+00, 2.682166347E+01, 4.914387397E+02, 7.182920347E-01, 8.241259914E+00, 8.241259915E+00, 1.961764142E+05
       912, 6.474863039E-04,-9.878453799E-03, 6.000000238E-01, 6.467227778E-04,-9.878509538E-03, 5.966666667E-01, 3.364350892E-08, 0.000000000E+00, 1.587397342E+01, 5.006993574E+02, 7.050069609E-01, 6.175870002E+00, 6.175870003E+00, 2.057083028E+05
       913,-6.490298547E-04,-9.902087972E-03, 6.000000238E-01,-6.482662141E-04,-9.902141157E-03, 5.966666667E-01, 2.789235651E-08, 0.000000000E+00, 8.909285397E+00, 5.088808255E+02, 6.936722993E-01, 4.322493077E+00, 4.322493077E+00, 2.141430529E+05
       914,-1.939888927E-03,-9.752355516E-03, 6.000000238E-01,-1.937628694E-03,-9.752806264E-03, 5.966666667E-01, 2.279369991E-08, 0.000000000E+00, 5.011224774E+00, 5.157688517E+02, 6.844083955E-01, 2.746928097E+00, 2.746928097E+00, 2.212546987E+05
       915,-3.201532410E-03,-9.431344457E-03, 6.000000238E-01,-3.197942209E-03,-9.432562745E-03, 5.966666667E-01, 1.836444110E-08, 0.000000000E+00, 3.145831988E+00, 5.213776445E+02, 6.770457767E-01, 1.454954971E+00, 1.454954971E+00, 2.270525899E+05
       916,-4.410951864E-03,-8.944506757E-03, 6.000000238E-01,-4.406587631E-03,-8.946659126E-03, 5.966666667E-01, 1.461798511E-08, 0.000000000E+00, 2.493008932E+00, 5.257796817E+02, 6.713772795E-01, 4.353722359E-01, 4.353722359E-01, 2.316074471E+05
       917, 7.311786059E-03,-6.412466522E-03, 6.000000238E-01, 7.313120018E-03,-6.410977487E-03, 5.966666667E-01, 7.310300995E-08, 0.000000000E+00, 1.007613606E+02, 4.542130412E+02, 7.771607159E-01, 1.590767781E+01, 1.590767782E+01, 1.580160283E+05
       918, 6.281361915E-03, 5.509903654E-03, 6.000000238E-01, 6.283391011E-03, 5.509023730E-03, 5.966666667E-01, 3.468123825E-07, 0.000000000E+00, 3.484190807E+02, 3.843985176E+02, 9.183087761E-01, 2.745087833E+01, 2.745087849E+01, 8.703018296E+04
       919, 7.152483799E-03, 4.781426396E-03, 6.000000238E-01, 7.155431648E-03, 4.777857355E-03, 5.966666667E-01, 3.045101533E-07, 0.000000000E+00, 3.239932306E+02, 3.899969295E+02, 9.051264396E-01, 2.665613292E+01, 2.665613304E+01, 9.269980538E+04
       920, 7.891708985E-03, 3.893682733E-03, 6.000000238E-01, 7.894124023E-03, 3.889447630E-03, 5.966666667E-01, 2.690505708E-07, 0.000000000E+00, 3.018855188E+02, 3.951974078E+02, 8.932157076E-01, 2.589441082E+01, 2.589441091E+01, 9.796924054E+04
       921, 8.497404866E-03, 2.885689726E-03, 6.000000238E-01, 8.498871501E-03, 2.882183186E-03, 5.966666667E-01, 2.360896041E-07, 0.000000000E+00, 2.794824093E+02, 4.006219950E+02, 8.811211982E-01, 2.507730081E+01, 2.507730088E+01, 1.034686458E+05
       922, 8.958524093E-03, 1.782557811E-03, 6.000000238E-01, 8.959200585E-03, 1.780342292E-03, 5.966666667E-01, 2.043606279E-07, 0.000000000E+00, 2.556701965E+02, 4.065897638E+02, 8.681884389E-01, 2.415331064E+01, 2.415331069E+01, 1.095229760E+05
       923, 9.260453284E-03, 6.071232492E-04, 6.000000238E-01, 9.260684213E-03, 6.063711647E-04, 5.966666667E-01, 1.741525043E-07, 0.000000000E+00, 2.301312437E+02, 4.132650667E+02, 8.541649433E-01, 2.309026567E+01, 2.309026571E+01, 1.163010107E+05
       924, 9.390952997E-03,-6.156464806E-04, 6.000000238E-01, 9.391124608E-03,-6.148905311E-04, 5.966666667E-01, 1.460673470E-07, 0.000000000E+00, 2.026616044E+02, 4.208234286E+02, 8.388233835E-01, 2.184982502E+01, 2.184982504E+01, 1.239832255E+05
       925, 9.342581034E-03,-1.858675038E-03, 6.000000238E-01, 9.343093632E-03,-1.856426874E-03, 5.966666667E-01, 1.205761273E-07, 0.000000000E+00, 1.731661667E+02, 4.294762191E+02, 8.219233490E-01, 2.038280217E+01, 2.038280219E+01, 1.327876212E+05
       926, 9.113042615E-03,-3.093888052E-03, 6.000000238E-01, 9.114275393E-03,-3.090302661E-03, 5.966666667E-01, 9.798562009E-08, 0.000000000E+00, 1.418291869E+02, 4.394488000E+02, 8.032711257E-01, 1.863012344E+01, 1.863012345E+01, 1.429479335E+05
       927, 8.704768494E-03,-4.293161444E-03, 6.000000238E-01, 8.706908260E-03,-4.288791309E-03, 5.966666667E-01, 7.855743457E-08, 0.000000000E+00, 1.094844096E+02, 4.508680577E+02, 7.829264599E-01, 1.653706530E+01, 1.653706530E+01, 1.545992705E+05
       928, 8.124539629E-03,-5.428988952E-03, 6.000000238E-01, 8.127088957E-03,-5.425154172E-03, 5.966666667E-01, 6.262918632E-08, 0.000000000E+00, 7.859674111E+01, 4.633206794E+02, 7.618838268E-01, 1.414018055E+01, 1.414018055E+01, 1.673292991E+05
       929, 5.700492766E-03, 6.498950534E-03, 6.000000238E-01, 5.699396801E-03, 6.500733277E-03, 5.966666667E-01, 2.967697208E-07, 0.000000000E+00, 3.194690758E+02, 3.910574991E+02, 9.026716866E-01, 2.650390555E+01, 2.650390566E+01, 9.377421827E+04
       930, 4.918168299E-03, 7.357746828E-03, 6.000000238E-01, 4.914494892E-03, 7.360538266E-03, 5.966666667E-01, 2.590697426E-07, 0.000000000E+00, 2.956467807E+02, 3.967024935E+02, 8.898268552E-01, 2.567198389E+01, 2.567198397E+01, 9.949478790E+04
       931, 3.987634555E-03, 8.082929067E-03, 6.000000238E-01, 3.983343796E-03, 8.085230901E-03, 5.966666667E-01, 2.279101291E-07, 0.000000000E+00, 2.739685091E+02, 4.019947052E+02, 8.781123924E-01, 2.486898641E+01, 2.486898648E+01, 1.048608253E+05
       932, 2.944422420E-03, 8.671076968E-03, 6.000000238E-01, 2.940883713E-03, 8.672447440E-03, 5.966666667E-01, 1.992521786E-07, 0.000000000E+00, 2.518853169E+02, 4.075671865E+02, 8.661063597E-01, 2.400092346E+01, 2.400092351E+01, 1.105150513E+05
       933, 1.812869683E-03, 9.111465886E-03, 6.000000238E-01, 1.810638555E-03, 9.112063680E-03, 5.966666667E-01, 1.719068602E-07, 0.000000000E+00, 2.282341677E+02, 4.137757739E+02, 8.531106811E-01, 2.300807652E+01, 2.300807656E+01, 1.168198345E+05
       934, 6.156464806E-04, 9.390952997E-03, 6.000000238E-01, 6.148905311E-04, 9.391124608E-03, 5.966666667E-01, 1.460673470E-07, 0.000000000E+00, 2.026616044E+02, 4.208234286E+02, 8.388233835E-01, 2.184982502E+01, 2.184982504E+01, 1.239832255E+05
       935,-6.226958358E-04, 9.498885833E-03, 6.000000238E-01,-6.219373155E-04, 9.499018234E-03, 5.966666667E-01, 1.221974655E-07, 0.000000000E+00, 1.750138708E+02, 4.289139188E+02, 8.230008792E-01, 2.047938022E+01, 2.047938024E+01, 1.322151505E+05
       936,-1.875824411E-03, 9.429111145E-03, 6.000000238E-01,-1.873571942E-03, 9.429600941E-03, 5.966666667E-01, 1.006492001E-07, 0.000000000E+00, 1.453434206E+02, 4.382779060E+02, 8.054171279E-01, 1.883835323E+01, 1.883835324E+01, 1.417542763E+05
       937,-3.116618609E-03, 9.180256166E-03, 6.000000238E-01,-3.113030388E-03, 9.181480693E-03, 5.966666667E-01, 8.163899926E-08, 0.000000000E+00, 1.142166712E+02, 4.491029089E+02, 7.860036648E-01, 1.686551585E+01, 1.686551586E+01, 1.527970421E+05
       938,-4.318034276E-03, 8.755392395E-03, 6.000000238E-01,-4.313664092E-03, 8.757531837E-03, 5.966666667E-01, 6.535047198E-08, 0.000000000E+00, 8.319747857E+01, 4.613337462E+02, 7.651652089E-01, 1.452973428E+01, 1.452973428E+01, 1.652962315E+05
       939,-5.453752819E-03, 8.161712438E-03, 6.000000238E-01,-5.449918207E-03, 8.164262253E-03, 5.966666667E-01, 5.203585803E-08, 0.000000000E+00, 5.536829228E+01, 4.742543628E+02, 7.443189982E-01, 1.192676409E+01, 1.192676409E+01, 1.785295649E+05
       940,-6.499139592E-03, 7.410737686E-03, 6.000000238E-01,-6.497640196E-03, 7.412059797E-03, 5.966666667E-01, 4.191873041E-08, 0.000000000E+00, 3.420733405E+01, 4.863553186E+02, 7.257996752E-01, 9.357681682E+00, 9.357681683E+00, 1.909506499E+05
       941,-7.433031686E-03, 6.518667564E-03, 6.000000238E-01,-7.434352435E-03, 6.517166624E-03, 5.966666667E-01, 3.477427203E-08, 0.000000000E+00, 2.079485031E+01, 4.962104565E+02, 7.113847112E-01, 7.185571745E+00, 7.185571746E+00, 2.010859784E+05
       942,-8.238917217E-03, 5.505185109E-03, 6.000000238E-01,-8.241470760E-03, 5.501352824E-03, 5.966666667E-01, 2.971833269E-08, 0.000000000E+00, 1.283426750E+01, 5.039233611E+02, 7.004964634E-01, 5.450396028E+00, 5.450396028E+00, 2.090305170E+05
       943,-8.903815411E-03, 4.390958697E-03, 6.000000238E-01,-8.905962741E-03, 4.386592356E-03, 5.966666667E-01, 2.572000984E-08, 0.000000000E+00, 7.912279765E+00, 5.103797451E+02, 6.916350730E-01, 3.981830663E+00, 3.981830664E+00, 2.156898272E+05
       944,-9.416626766E-03, 3.196555190E-03, 6.000000238E-01,-9.417844658E-03, 3.192964794E-03, 5.966666667E-01, 2.216939136E-08, 0.000000000E+00, 4.867884189E+00, 5.161033550E+02, 6.839648083E-01, 2.670394551E+00, 2.670394551E+00, 2.216003033E+05
       945,-9.768025950E-03, 1.942994655E-03, 6.000000238E-01,-9.768476459E-03, 1.940734403E-03, 5.966666667E-01, 1.888243994E-08, 0.000000000E+00, 3.187572824E+00, 5.211964189E+02, 6.772811928E-01, 1.496589153E+00, 1.496589153E+00, 2.268651560E+05
       946,-9.951171465E-03, 6.522356416E-04, 6.000000238E-01,-9.951222830E-03, 6.514718526E-04, 5.966666667E-01, 1.585883018E-08, 0.000000000E+00, 2.504026452E+00, 5.256177079E+02, 6.715841704E-01, 4.725364432E-01, 4.725364432E-01, 2.314397816E+05
       947, 6.446982268E-03,-7.351191249E-03, 6.000000238E-01, 6.445487996E-03,-7.352519457E-03, 5.966666667E-01, 6.078749115E-08, 0.000000000E+00, 7.543652593E+01, 4.647164237E+02, 7.595955604E-01, 1.386455932E+01, 1.386455932E+01, 1.687578759E+05
       948, 5.453752819E-03,-8.161712438E-03, 6.000000238E-01, 5.449918207E-03,-8.164262253E-03, 5.966666667E-01, 5.203585803E-08, 0.000000000E+00, 5.536829228E+01, 4.742543628E+02, 7.443189982E-01, 1.192676409E+01, 1.192676409E+01, 1.785295649E+05
       949, 4.355621058E-03,-8.831892163E-03, 6.000000238E-01, 4.351251833E-03,-8.834034170E-03, 5.966666667E-01, 4.509356319E-08, 0.000000000E+00, 3.892276689E+01, 4.833854135E+02, 7.302589660E-01, 9.997329839E+00, 9.997329841E+00, 1.878997357E+05
       950, 3.174464218E-03,-9.351304732E-03, 6.000000238E-01, 3.170873334E-03,-9.352520785E-03, 5.966666667E-01, 3.891295142E-08, 0.000000000E+00, 2.550399435E+01, 4.924270698E+02, 7.168503803E-01, 8.023611434E+00, 8.023611435E+00, 1.971929591E+05
       951, 1.931593637E-03,-9.710500948E-03, 6.000000238E-01, 1.929333669E-03,-9.710952810E-03, 5.966666667E-01, 3.317836907E-08, 0.000000000E+00, 1.550453983E+01, 5.010704417E+02, 7.044848446E-01, 6.092673456E+00, 6.092673457E+00, 2.060905853E+05
       952, 6.490298547E-04,-9.902087972E-03, 6.000000238E-01, 6.482662141E-04,-9.902141157E-03, 5.966666667E-01, 2.789235651E-08, 0.000000000E+00, 8.909285397E+00, 5.088808255E+02, 6.936722993E-01, 4.322493077E+00, 4.322493077E+00, 2.141430529E+05
       953,-6.503064651E-04,-9.921633638E-03, 6.000000238E-01,-6.495427723E-04,-9.921686597E-03, 5.966666667E-01, 2.311467607E-08, 0.000000000E+00, 5.083858102E+00, 5.156029803E+02, 6.846285722E-01, 2.784876641E+00, 2.784876641E+00, 2.210833308E+05
       954,-1.942994655E-03,-9.768025950E-03, 6.000000238E-01,-1.940734403E-03,-9.768476459E-03, 5.966666667E-01, 1.888243994E-08, 0.000000000E+00, 3.187572824E+00, 5.211964189E+02, 6.772811928E-01, 1.496589153E+00, 1.496589153E+00, 2.268651560E+05
       955,-3.205649089E-03,-9.443516843E-03, 6.000000238E-01,-3.202058951E-03,-9.444735845E-03, 5.966666667E-01, 1.520840476E-08, 0.000000000E+00, 2.498167363E+00, 5.257020743E+02, 6.714763923E-01, 4.531488372E-01, 4.531488372E-01, 2.315271120E+05
       956, 7.351191249E-03,-6.446982268E-03, 6.000000238E-01, 7.352519457E-03,-6.445487996E-03, 5.966666667E-01, 6.078749115E-08, 0.000000000E+00, 7.543652593E+01, 4.647164237E+02, 7.595955604E-01, 1.386455932E+01, 1.386455932E+01, 1.687578759E+05
       957, 6.498950068E-03, 5.700492766E-03, 6.000000238E-01, 6.500733277E-03, 5.699396801E-03, 5.966666667E-01, 2.967697208E-07, 0.000000000E+00, 3.194690758E+02, 3.910574991E+02, 9.026716866E-01, 2.650390555E+01, 2.650390566E+01, 9.377421827E+04
       958, 7.357746828E-03, 4.918168299E-03, 6.000000238E-01, 7.360538266E-03, 4.914494892E-03, 5.966666667E-01, 2.590697426E-07, 0.000000000E+00, 2.956467807E+02, 3.967024935E+02, 8.898268552E-01, 2.567198389E+01, 2.567198397E+01, 9.949478790E+04
       959, 8.082929067E-03, 3.987634555E-03, 6.000000238E-01, 8.085230901E-03, 3.983343796E-03, 5.966666667E-01, 2.279101291E-07, 0.000000000E+00, 2.739685091E+02, 4.019947052E+02, 8.781123924E-01, 2.486898641E+01, 2.486898648E+01, 1.048608253E+05
       960, 8.671076968E-03, 2.944422420E-03, 6.000000238E-01, 8.672447440E-03, 2.940883713E-03, 5.966666667E-01, 1.992521786E-07, 0.000000000E+00, 2.518853169E+02, 4.075671865E+02, 8.661063597E-01, 2.400092346E+01, 2.400092351E+01, 1.105150513E+05
       961, 9.111465886E-03, 1.812869683E-03, 6.000000238E-01, 9.112063680E-03, 1.810638555E-03, 5.966666667E-01, 1.719068602E-07, 0.000000000E+00, 2.282341677E+02, 4.137757739E+02, 8.531106811E-01, 2.300807652E+01, 2.300807656E+01, 1.168198345E+05
       962, 9.390952997E-03, 6.156464806E-04, 6.000000238E-01, 9.391124608E-03, 6.148905311E-04, 5.966666667E-01, 1.460673470E-07, 0.000000000E+00, 2.026616044E+02, 4.208234286E+02, 8.388233835E-01, 2.184982502E+01, 2.184982504E+01, 1.239832255E+05
       963, 9.498885833E-03,-6.226958358E-04, 6.000000238E-01, 9.499018234E-03,-6.219373155E-04, 5.966666667E-01, 1.221974655E-07, 0.000000000E+00, 1.750138708E+02, 4.289139188E+02, 8.230008792E-01, 2.047938022E+01, 2.047938024E+01, 1.322151505E+05
       964, 9.429111145E-03,-1.875824411E-03, 6.000000238E-01, 9.429600941E-03,-1.873571942E-03, 5.966666667E-01, 1.006492001E-07, 0.000000000E+00, 1.453434206E+02, 4.382779060E+02, 8.054171279E-01, 1.883835323E+01, 1.883835324E+01, 1.417542763E+05
       965, 9.180256166E-03,-3.116618609E-03, 6.000000238E-01, 9.181480693E-03,-3.113030388E-03, 5.966666667E-01, 8.163899926E-08, 0.000000000E+00, 1.142166712E+02, 4.491029089E+02, 7.860036648E-01, 1.686551585E+01, 1.686551586E+01, 1.527970421E+05
       966, 8.755392395E-03,-4.318034742E-03, 6.000000238E-01, 8.757531837E-03,-4.313664092E-03, 5.966666667E-01, 6.535047198E-08, 0.000000000E+00, 8.319747857E+01, 4.613337462E+02, 7.651652089E-01, 1.452973428E+01, 1.452973428E+01, 1.652962315E+05
       967, 8.161713369E-03,-5.453752819E-03, 6.000000238E-01, 8.164262253E-03,-5.449918207E-03, 5.966666667E-01, 5.203585803E-08, 0.000000000E+00, 5.536829228E+01, 4.742543628E+02, 7.443189982E-01, 1.192676409E+01, 1.192676409E+01, 1.785295649E+05
       968, 5.858124234E-03, 6.678912789E-03, 6.000000238E-01, 5.856888690E-03, 6.680536249E-03, 5.966666667E-01, 2.522435608E-07, 0.000000000E+00, 2.912641880E+02, 3.977670899E+02, 8.874452946E-01, 2.551356322E+01, 2.551356330E+01, 1.005739942E+05
       969, 5.031264387E-03, 7.527515758E-03, 6.000000238E-01, 5.027525815E-03, 7.530208995E-03, 5.966666667E-01, 2.192070773E-07, 0.000000000E+00, 2.679120900E+02, 4.035148355E+02, 8.748043473E-01, 2.463651811E+01, 2.463651817E+01, 1.064028237E+05
       970, 4.065340385E-03, 8.241083473E-03, 6.000000238E-01, 4.061014975E-03, 8.243315060E-03, 5.966666667E-01, 1.921826129E-07, 0.000000000E+00, 2.465054565E+02, 4.089668005E+02, 8.631422693E-01, 2.378142304E+01, 2.378142308E+01, 1.119358797E+05
       971, 2.992999041E-03, 8.814716712E-03, 6.000000238E-01, 2.989439775E-03, 8.816026455E-03, 5.966666667E-01, 1.675248605E-07, 0.000000000E+00, 2.245219236E+02, 4.147831179E+02, 8.510388129E-01, 2.284591576E+01, 2.284591579E+01, 1.178432952E+05
       972, 1.837939955E-03, 9.237960912E-03, 6.000000238E-01, 1.835698564E-03, 9.238506688E-03, 5.966666667E-01, 1.441536509E-07, 0.000000000E+00, 2.007880977E+02, 4.213569990E+02, 8.377611696E-01, 2.176114271E+01, 2.176114273E+01, 1.245258412E+05
       973, 6.226958358E-04, 9.498885833E-03, 6.000000238E-01, 6.219373155E-04, 9.499018234E-03, 5.966666667E-01, 1.221974655E-07, 0.000000000E+00, 1.750138708E+02, 4.289139188E+02, 8.230008792E-01, 2.047938022E+01, 2.047938024E+01, 1.322151505E+05
       974,-6.285262061E-04, 9.588154964E-03, 6.000000238E-01,-6.277659541E-04, 9.588260775E-03, 5.966666667E-01, 1.020165519E-07, 0.000000000E+00, 1.471485038E+02, 4.376833643E+02, 8.065111929E-01, 1.894409080E+01, 1.894409082E+01, 1.411482497E+05
       975,-1.890008338E-03, 9.500677697E-03, 6.000000238E-01,-1.887753006E-03, 9.501153047E-03, 5.966666667E-01, 8.387634497E-08, 0.000000000E+00, 1.175677113E+02, 4.478725984E+02, 7.881628247E-01, 1.709298532E+01, 1.709298532E+01, 1.515411555E+05
       976,-3.135418752E-03, 9.235847741E-03, 6.000000238E-01,-3.131828757E-03, 9.237066982E-03, 5.966666667E-01, 6.793036436E-08, 0.000000000E+00, 8.748106143E+01, 4.595279001E+02, 7.681721441E-01, 1.488085630E+01, 1.488085631E+01, 1.634490720E+05
       977,-4.338606726E-03, 8.797262795E-03, 6.000000238E-01,-4.334236457E-03, 8.799402774E-03, 5.966666667E-01, 5.430805761E-08, 0.000000000E+00, 5.920568014E+01, 4.723127778E+02, 7.473787474E-01, 1.232618034E+01, 1.232618035E+01, 1.765390693E+05
       978,-5.474234000E-03, 8.192458190E-03, 6.000000238E-01,-5.470400487E-03, 8.195008205E-03, 5.966666667E-01, 4.319958080E-08, 0.000000000E+00, 3.608656577E+01, 4.851479762E+02, 7.276059050E-01, 9.618450840E+00, 9.618450842E+00, 1.897101837E+05
       979,-6.518667564E-03, 7.433031686E-03, 6.000000238E-01,-6.517166624E-03, 7.434352435E-03, 5.966666667E-01, 3.477427203E-08, 0.000000000E+00, 2.079485031E+01, 4.962104565E+02, 7.113847112E-01, 7.185571745E+00, 7.185571746E+00, 2.010859784E+05
       980,-7.451470941E-03, 6.534818560E-03, 6.000000238E-01,-7.452790481E-03, 6.533316761E-03, 5.966666667E-01, 2.883231921E-08, 0.000000000E+00, 1.220341599E+01, 5.046501166E+02, 6.994876661E-01, 5.286365025E+00, 5.286365026E+00, 2.097796982E+05
       981,-8.256312460E-03, 5.516772624E-03, 6.000000238E-01,-8.258866716E-03, 5.512941629E-03, 5.966666667E-01, 2.463118475E-08, 0.000000000E+00, 7.444336809E+00, 5.111308175E+02, 6.906187617E-01, 3.810864508E+00, 3.810864508E+00, 2.164650473E+05
       982,-8.920019493E-03, 4.398920573E-03, 6.000000238E-01,-8.922168987E-03, 4.394554939E-03, 5.966666667E-01, 2.131110749E-08, 0.000000000E+00, 4.678099448E+00, 5.165619053E+02, 6.833576550E-01, 2.565432154E+00, 2.565432154E+00, 2.220741079E+05
       983,-9.431344457E-03, 3.201532410E-03, 6.000000238E-01,-9.432562745E-03, 3.197942209E-03, 5.966666667E-01, 1.836444110E-08, 0.000000000E+00, 3.145831988E+00, 5.213776445E+02, 6.770457767E-01, 1.454954971E+00, 1.454954971E+00, 2.270525899E+05
       984,-9.780986235E-03, 1.945563359E-03, 6.000000238E-01,-9.781437039E-03, 1.943303088E-03, 5.966666667E-01, 1.563795677E-08, 0.000000000E+00, 2.502053846E+00, 5.256454547E+02, 6.715487200E-01, 4.661088869E-01, 4.661088869E-01, 2.314685030E+05
       985, 6.475529168E-03,-7.383781951E-03, 6.000000238E-01, 6.474031730E-03,-7.385106838E-03, 5.966666667E-01, 5.049871962E-08, 0.000000000E+00, 5.277585056E+01, 4.756026123E+02, 7.422089853E-01, 1.164757928E+01, 1.164757929E+01, 1.799121774E+05
       986, 5.474234000E-03,-8.192458190E-03, 6.000000238E-01, 5.470400487E-03,-8.195008205E-03, 5.966666667E-01, 4.319958080E-08, 0.000000000E+00, 3.608656577E+01, 4.851479762E+02, 7.276059050E-01, 9.618450840E+00, 9.618450842E+00, 1.897101837E+05
       987, 4.369693808E-03,-8.860534057E-03, 6.000000238E-01, 4.365325162E-03,-8.862677618E-03, 5.966666667E-01, 3.741666925E-08, 0.000000000E+00, 2.374366729E+01, 4.937919231E+02, 7.148689879E-01, 7.722140043E+00, 7.722140044E+00, 1.985970652E+05
       988, 3.183261491E-03,-9.377317503E-03, 6.000000238E-01, 3.179670627E-03,-9.378534151E-03, 5.966666667E-01, 3.227349030E-08, 0.000000000E+00, 1.477454941E+01, 5.018184834E+02, 7.034346959E-01, 5.924545336E+00, 5.924545337E+00, 2.068612844E+05
       989, 1.936133835E-03,-9.733409621E-03, 6.000000238E-01, 1.933873693E-03,-9.733859999E-03, 5.966666667E-01, 2.750580093E-08, 0.000000000E+00, 8.730772806E+00, 5.091402892E+02, 6.933187959E-01, 4.263608356E+00, 4.263608356E+00, 2.144107681E+05
       990, 6.503064651E-04,-9.921634570E-03, 6.000000238E-01, 6.495427723E-04,-9.921686597E-03, 5.966666667E-01, 2.311467607E-08, 0.000000000E+00, 5.083858102E+00, 5.156029803E+02, 6.846285722E-01, 2.784876641E+00, 2.784876641E+00, 2.210833308E+05
       991,-6.513623521E-04,-9.937800467E-03, 6.000000238E-01,-6.505985964E-04,-9.937852367E-03, 5.966666667E-01, 1.914877724E-08, 0.000000000E+00, 3.208720834E+00, 5.211067479E+02, 6.773977380E-01, 1.517235304E+00, 1.517235304E+00, 2.267724156E+05
       992,-1.945563359E-03,-9.780986235E-03, 6.000000238E-01,-1.943303088E-03,-9.781437039E-03, 5.966666667E-01, 1.563795677E-08, 0.000000000E+00, 2.502053846E+00, 5.256454547E+02, 6.715487200E-01, 4.661088869E-01, 4.661088869E-01, 2.314685030E+05
       993, 7.383781951E-03,-6.475529168E-03, 6.000000238E-01, 7.385106838E-03,-6.474031730E-03, 5.966666667E-01, 5.049871962E-08, 0.000000000E+00, 5.277585056E+01, 4.756026123E+02, 7.422089853E-01, 1.164757928E+01, 1.164757929E+01, 1.799121774E+05
       994, 6.678912789E-03, 5.858124699E-03, 6.000000238E-01, 6.680536249E-03, 5.856888690E-03, 5.966666667E-01, 2.522435608E-07, 0.000000000E+00, 2.912641880E+02, 3.977670899E+02, 8.874452946E-01, 2.551356322E+01, 2.551356330E+01, 1.005739942E+05
       995, 7.527515758E-03, 5.031264387E-03, 6.000000238E-01, 7.530208995E-03, 5.027525815E-03, 5.966666667E-01, 2.192070773E-07, 0.000000000E+00, 2.679120900E+02, 4.035148355E+02, 8.748043473E-01, 2.463651811E+01, 2.463651817E+01, 1.064028237E+05
       996, 8.241083473E-03, 4.065340385E-03, 6.000000238E-01, 8.243315060E-03, 4.061014975E-03, 5.966666667E-01, 1.921826129E-07, 0.000000000E+00, 2.465054565E+02, 4.089668005E+02, 8.631422693E-01, 2.378142304E+01, 2.378142308E+01, 1.119358797E+05
       997, 8.814716712E-03, 2.992999274E-03, 6.000000238E-01, 8.816026455E-03, 2.989439775E-03, 5.966666667E-01, 1.675248605E-07, 0.000000000E+00, 2.245219236E+02, 4.147831179E+02, 8.510388129E-01, 2.284591576E+01, 2.284591579E+01, 1.178432952E+05
       998, 9.237960912E-03, 1.837939955E-03, 6.000000238E-01, 9.238506688E-03, 1.835698564E-03, 5.966666667E-01, 1.441536509E-07, 0.000000000E+00, 2.007880977E+02, 4.213569990E+02, 8.377611696E-01, 2.176114271E+01, 2.176114273E+01, 1.245258412E+05
       999, 9.498885833E-03, 6.226958358E-04, 6.000000238E-01, 9.499018234E-03, 6.219373155E-04, 5.966666667E-01, 1.221974655E-07, 0.000000000E+00, 1.750138708E+02, 4.289139188E+02, 8.230008792E-01, 2.047938022E+01, 2.047938024E+01, 1.322151505E+05
      1000, 9.588155895E-03,-6.285262061E-04, 6.000000238E-01, 9.588260775E-03,-6.277659541E-04, 5.966666667E-01, 1.020165519E-07, 0.000000000E+00, 1.471485038E+02, 4.376833643E+02, 8.065111929E-01, 1.894409080E+01, 1.894409082E+01, 1.411482497E+05
      1001, 9.500677697E-03,-1.890008454E-03, 6.000000238E-01, 9.501153047E-03,-1.887753006E-03, 5.966666667E-01, 8.387634497E-08, 0.000000000E+00, 1.175677113E+02, 4.478725984E+02, 7.881628247E-01, 1.709298532E+01, 1.709298532E+01, 1.515411555E+05
      1002, 9.235847741E-03,-3.135418519E-03, 6.000000238E-01, 9.237066982E-03,-3.131828757E-03, 5.966666667E-01, 6.793036436E-08, 0.000000000E+00, 8.748106143E+01, 4.595279001E+02, 7.681721441E-01, 1.488085630E+01, 1.488085631E+01, 1.634490720E+05
      1003, 8.797262795E-03,-4.338606261E-03, 6.000000238E-01, 8.799402774E-03,-4.334236457E-03, 5.966666667E-01, 5.430805761E-08, 0.000000000E+00, 5.920568014E+01, 4.723127778E+02, 7.473787474E-01, 1.232618034E+01, 1.232618035E+01, 1.765390693E+05
      1004, 8.192457259E-03,-5.474234466E-03, 6.000000238E-01, 8.195008205E-03,-5.470400487E-03, 5.966666667E-01, 4.319958081E-08, 0.000000000E+00, 3.608656577E+01, 4.851479762E+02, 7.276059050E-01, 9.618450840E+00, 9.618450842E+00, 1.897101837E+05
      1005, 5.988498218E-03, 6.827756297E-03, 6.000000238E-01, 5.987170983E-03, 6.829274979E-03, 5.966666667E-01, 2.132710886E-07, 0.000000000E+00, 2.636540262E+02, 4.045918656E+02, 8.724756040E-01, 2.447073157E+01, 2.447073162E+01, 1.074955434E+05
      1006, 5.124803632E-03, 7.667928003E-03, 6.000000238E-01, 5.121024606E-03, 7.670560039E-03, 5.966666667E-01, 1.846779659E-07, 0.000000000E+00, 2.405882368E+02, 4.105205309E+02, 8.598754647E-01, 2.353595242E+01, 2.353595246E+01, 1.135134818E+05
      1007, 4.129608627E-03, 8.371889591E-03, 6.000000238E-01, 4.125262651E-03, 8.374078362E-03, 5.966666667E-01, 1.614694825E-07, 0.000000000E+00, 2.192366642E+02, 4.162294794E+02, 8.480815265E-01, 2.261175049E+01, 2.261175052E+01, 1.193130456E+05
      1008, 3.033175599E-03, 8.933518082E-03, 6.000000238E-01, 3.029603419E-03, 8.934789308E-03, 5.966666667E-01, 1.404220580E-07, 0.000000000E+00, 1.971314184E+02, 4.224079831E+02, 8.356767542E-01, 2.158649283E+01, 2.158649285E+01, 1.255947589E+05
      1009, 1.858675038E-03, 9.342581034E-03, 6.000000238E-01, 1.856426874E-03, 9.343093632E-03, 5.966666667E-01, 1.205761273E-07, 0.000000000E+00, 1.731661667E+02, 4.294762191E+02, 8.219233490E-01, 2.038280217E+01, 2.038280219E+01, 1.327876212E+05
      1010, 6.285262061E-04, 9.588155895E-03, 6.000000238E-01, 6.277659541E-04, 9.588260775E-03, 5.966666667E-01, 1.020165519E-07, 0.000000000E+00, 1.471485038E+02, 4.376833643E+02, 8.065111929E-01, 1.894409080E+01, 1.894409082E+01, 1.411482497E+05
      1011,-6.333484198E-04, 9.661988355E-03, 6.000000238E-01,-6.325869569E-04, 9.662075361E-03, 5.966666667E-01, 8.502529593E-08, 0.000000000E+00, 1.192913795E+02, 4.472478055E+02, 7.892638665E-01, 1.720844287E+01, 1.720844288E+01, 1.509034554E+05
      1012,-1.901739626E-03, 9.559868835E-03, 6.000000238E-01,-1.899482356E-03, 9.560334761E-03, 5.966666667E-01, 6.980432592E-08, 0.000000000E+00, 9.054288172E+01, 4.582614878E+02, 7.702949989E-01, 1.512546482E+01, 1.512546483E+01, 1.621540376E+05
      1013,-3.150967648E-03, 9.281825274E-03, 6.000000238E-01,-3.147376986E-03, 9.283042693E-03, 5.966666667E-01, 5.646317080E-08, 0.000000000E+00, 6.284273138E+01, 4.705263920E+02, 7.502162223E-01, 1.269080401E+01, 1.269080401E+01, 1.747082819E+05
      1014,-4.355621058E-03, 8.831892163E-03, 6.000000238E-01,-4.351251833E-03, 8.834034170E-03, 5.966666667E-01, 4.509356319E-08, 0.000000000E+00, 3.892276689E+01, 4.833854135E+02, 7.302589660E-01, 9.997329839E+00, 9.997329841E+00, 1.878997357E+05
      1015,-5.491174292E-03, 8.217886090E-03, 6.000000238E-01,-5.487341261E-03, 8.220438001E-03, 5.966666667E-01, 3.584014529E-08, 0.000000000E+00, 2.195940368E+01, 4.952336504E+02, 7.127878567E-01, 7.402611099E+00, 7.402611100E+00, 2.000806204E+05
      1016,-6.534818560E-03, 7.451470941E-03, 6.000000238E-01,-6.533316761E-03, 7.452790481E-03, 5.966666667E-01, 2.883231921E-08, 0.000000000E+00, 1.220341599E+01, 5.046501166E+02, 6.994876661E-01, 5.286365025E+00, 5.286365026E+00, 2.097796982E+05
      1017,-7.466720883E-03, 6.548176520E-03, 6.000000238E-01,-7.468040382E-03, 6.546674358E-03, 5.966666667E-01, 2.389533636E-08, 0.000000000E+00, 7.141109778E+00, 5.116366485E+02, 6.899359796E-01, 3.695646874E+00, 3.695646874E+00, 2.169872049E+05
      1018,-8.270698600E-03, 5.526356865E-03, 6.000000238E-01,-8.273254679E-03, 5.522526575E-03, 5.966666667E-01, 2.040734664E-08, 0.000000000E+00, 4.487504565E+00, 5.170424264E+02, 6.827225663E-01, 2.455350179E+00, 2.455350179E+00, 2.225706594E+05
      1019,-8.933422156E-03, 4.405505490E-03, 6.000000238E-01,-8.935572936E-03, 4.401140675E-03, 5.966666667E-01, 1.765238712E-08, 0.000000000E+00, 3.090523192E+00, 5.216261188E+02, 6.767232689E-01, 1.397850767E+00, 1.397850767E+00, 2.273095870E+05
      1020,-9.443516843E-03, 3.205649089E-03, 6.000000238E-01,-9.444735845E-03, 3.202058951E-03, 5.966666667E-01, 1.520840476E-08, 0.000000000E+00, 2.498167363E+00, 5.257020743E+02, 6.714763923E-01, 4.531488372E-01, 4.531488372E-01, 2.315271120E+05
      1021, 6.499139592E-03,-7.410737686E-03, 6.000000238E-01, 6.497640196E-03,-7.412059797E-03, 5.966666667E-01, 4.191873041E-08, 0.000000000E+00, 3.420733405E+01, 4.863553186E+02, 7.257996752E-01, 9.357681682E+00, 9.357681683E+00, 1.909506499E+05
      1022, 5.491174292E-03,-8.217886090E-03, 6.000000238E-01, 5.487341261E-03,-8.220438001E-03, 5.966666667E-01, 3.584014529E-08, 0.000000000E+00, 2.195940368E+01, 4.952336504E+02, 7.127878567E-01, 7.402611099E+00, 7.402611100E+00, 2.000806204E+05
      1023, 4.381332546E-03,-8.884223178E-03, 6.000000238E-01, 4.376965094E-03,-8.886368374E-03, 5.966666667E-01, 3.102911749E-08, 0.000000000E+00, 1.380692289E+01, 5.028454435E+02, 7.019980729E-01, 5.693403979E+00, 5.693403980E+00, 2.079195322E+05
      1024, 3.190537449E-03,-9.398832917E-03, 6.000000238E-01, 3.186946779E-03,-9.400049543E-03, 5.966666667E-01, 2.675387571E-08, 0.000000000E+00, 8.378494909E+00, 5.096630800E+02, 6.926076189E-01, 4.144806363E+00, 4.144806363E+00, 2.149502256E+05
      1025, 1.939888927E-03,-9.752355516E-03, 6.000000238E-01, 1.937628694E-03,-9.752806264E-03, 5.966666667E-01, 2.279369991E-08, 0.000000000E+00, 5.011224774E+00, 5.157688517E+02, 6.844083955E-01, 2.746928097E+00, 2.746928097E+00, 2.212546987E+05
      1026, 6.513623521E-04,-9.937800467E-03, 6.000000238E-01, 6.505985964E-04,-9.937852367E-03, 5.966666667E-01, 1.914877724E-08, 0.000000000E+00, 3.208720834E+00, 5.211067479E+02, 6.773977380E-01, 1.517235304E+00, 1.517235304E+00, 2.267724156E+05
      1027,-6.522356416E-04,-9.951171465E-03, 6.000000238E-01,-6.514718526E-04,-9.951222830E-03, 5.966666667E-01, 1.585883018E-08, 0.000000000E+00, 2.504026452E+00, 5.256177079E+02, 6.715841704E-01, 4.725364432E-01, 4.725364432E-01, 2.314397816E+05
      1028, 7.410737220E-03,-6.499139592E-03, 6.000000238E-01, 7.412059797E-03,-6.497640196E-03, 5.966666667E-01, 4.191873041E-08, 0.000000000E+00, 3.420733405E+01, 4.863553186E+02, 7.257996752E-01, 9.357681682E+00, 9.357681683E+00, 1.909506499E+05
      1029, 6.827756297E-03, 5.988498218E-03, 6.000000238E-01, 6.829274979E-03, 5.987170983E-03, 5.966666667E-01, 2.132710886E-07, 0.000000000E+00, 2.636540262E+02, 4.045918656E+02, 8.724756040E-01, 2.447073157E+01, 2.447073162E+01, 1.074955434E+05
      1030, 7.667927537E-03, 5.124803632E-03, 6.000000238E-01, 7.670560039E-03, 5.121024606E-03, 5.966666667E-01, 1.846779659E-07, 0.000000000E+00, 2.405882368E+02, 4.105205309E+02, 8.598754647E-01, 2.353595242E+01, 2.353595246E+01, 1.135134818E+05
      1031, 8.371889591E-03, 4.129608627E-03, 6.000000238E-01, 8.374078362E-03, 4.125262651E-03, 5.966666667E-01, 1.614694825E-07, 0.000000000E+00, 2.192366642E+02, 4.162294794E+02, 8.480815265E-01, 2.261175049E+01, 2.261175052E+01, 1.193130456E+05
      1032, 8.933518082E-03, 3.033175832E-03, 6.000000238E-01, 8.934789308E-03, 3.029603419E-03, 5.966666667E-01, 1.404220580E-07, 0.000000000E+00, 1.971314184E+02, 4.224079831E+02, 8.356767542E-01, 2.158649283E+01, 2.158649285E+01, 1.255947589E+05
      1033, 9.342581034E-03, 1.858675038E-03, 6.000000238E-01, 9.343093632E-03, 1.856426874E-03, 5.966666667E-01, 1.205761273E-07, 0.000000000E+00, 1.731661667E+02, 4.294762191E+02, 8.219233490E-01, 2.038280217E+01, 2.038280219E+01, 1.327876212E+05
      1034, 9.588154964E-03, 6.285262061E-04, 6.000000238E-01, 9.588260775E-03, 6.277659541E-04, 5.966666667E-01, 1.020165519E-07, 0.000000000E+00, 1.471485038E+02, 4.376833643E+02, 8.065111929E-01, 1.894409080E+01, 1.894409082E+01, 1.411482497E+05
      1035, 9.661988355E-03,-6.333483616E-04, 6.000000238E-01, 9.662075361E-03,-6.325869569E-04, 5.966666667E-01, 8.502529593E-08, 0.000000000E+00, 1.192913795E+02, 4.472478055E+02, 7.892638665E-01, 1.720844287E+01, 1.720844288E+01, 1.509034554E+05
      1036, 9.559868835E-03,-1.901739626E-03, 6.000000238E-01, 9.560334761E-03,-1.899482356E-03, 5.966666667E-01, 6.980432592E-08, 0.000000000E+00, 9.054288172E+01, 4.582614878E+02, 7.702949989E-01, 1.512546482E+01, 1.512546483E+01, 1.621540376E+05
      1037, 9.281825274E-03,-3.150967648E-03, 6.000000238E-01, 9.283042693E-03,-3.147376986E-03, 5.966666667E-01, 5.646317080E-08, 0.000000000E+00, 6.284273138E+01, 4.705263920E+02, 7.502162223E-01, 1.269080401E+01, 1.269080401E+01, 1.747082819E+05
      1038, 8.831892163E-03,-4.355621058E-03, 6.000000238E-01, 8.834034170E-03,-4.351251833E-03, 5.966666667E-01, 4.509356319E-08, 0.000000000E+00, 3.892276689E+01, 4.833854135E+02, 7.302589660E-01, 9.997329839E+00, 9.997329841E+00, 1.878997357E+05
      1039, 8.217886090E-03,-5.491174292E-03, 6.000000238E-01, 8.220438001E-03,-5.487341261E-03, 5.966666667E-01, 3.584014529E-08, 0.000000000E+00, 2.195940368E+01, 4.952336504E+02, 7.127878567E-01, 7.402611099E+00, 7.402611100E+00, 2.000806204E+05
      1040, 6.096327212E-03, 6.950860843E-03, 6.000000238E-01, 6.094940074E-03, 6.952311176E-03, 5.966666667E-01, 1.795699249E-07, 0.000000000E+00, 2.364239427E+02, 4.116235461E+02, 8.575712823E-01, 2.336059056E+01, 2.336059060E+01, 1.146336490E+05
      1041, 5.202168133E-03, 7.784059271E-03, 6.000000238E-01, 5.198364054E-03, 7.786654290E-03, 5.966666667E-01, 1.550528610E-07, 0.000000000E+00, 2.134164203E+02, 4.178392262E+02, 8.448142494E-01, 2.234925724E+01, 2.234925727E+01, 1.209491678E+05
      1042, 4.182763863E-03, 8.480075747E-03, 6.000000238E-01, 4.178405407E-03, 8.482239820E-03, 5.966666667E-01, 1.352713025E-07, 0.000000000E+00, 1.919221513E+02, 4.239198948E+02, 8.326963103E-01, 2.133382780E+01, 2.133382782E+01, 1.271327404E+05
      1043, 3.066404955E-03, 9.031775407E-03, 6.000000238E-01, 3.062824504E-03, 9.033023194E-03, 5.966666667E-01, 1.174163845E-07, 0.000000000E+00, 1.695655812E+02, 4.305833335E+02, 8.198100223E-01, 2.019270381E+01, 2.019270383E+01, 1.339148898E+05
      1044, 1.875824411E-03, 9.429111145E-03, 6.000000238E-01, 1.873571942E-03, 9.429600941E-03, 5.966666667E-01, 1.006492001E-07, 0.000000000E+00, 1.453434206E+02, 4.382779060E+02, 8.054171279E-01, 1.883835323E+01, 1.883835324E+01, 1.417542763E+05
      1045, 6.333483616E-04, 9.661988355E-03, 6.000000238E-01, 6.325869569E-04, 9.662075361E-03, 5.966666667E-01, 8.502529593E-08, 0.000000000E+00, 1.192913795E+02, 4.472478055E+02, 7.892638665E-01, 1.720844287E+01, 1.720844288E+01, 1.509034554E+05
      1046,-6.373366923E-04, 9.723053314E-03, 6.000000238E-01,-6.365744783E-04, 9.723128476E-03, 5.966666667E-01, 7.076694123E-08, 0.000000000E+00, 9.211476852E+01, 4.576202547E+02, 7.713743626E-01, 1.524910698E+01, 1.524910699E+01, 1.614984220E+05
      1047,-1.911442261E-03, 9.608824737E-03, 6.000000238E-01,-1.909183781E-03, 9.609284356E-03, 5.966666667E-01, 5.802915980E-08, 0.000000000E+00, 6.547675495E+01, 4.692625382E+02, 7.522367619E-01, 1.294710054E+01, 1.294710054E+01, 1.734133614E+05
      1048,-3.163827816E-03, 9.319853038E-03, 6.000000238E-01,-3.160236928E-03, 9.321069208E-03, 5.966666667E-01, 4.689060813E-08, 0.000000000E+00, 4.167035273E+01, 4.817387363E+02, 7.327551340E-01, 1.034919749E+01, 1.034919749E+01, 1.862088268E+05
      1049,-4.369693808E-03, 8.860534057E-03, 6.000000238E-01,-4.365325162E-03, 8.862677618E-03, 5.966666667E-01, 3.741666925E-08, 0.000000000E+00, 2.374366729E+01, 4.937919231E+02, 7.148689879E-01, 7.722140043E+00, 7.722140044E+00, 1.985970652E+05
      1050,-5.505184643E-03, 8.238918148E-03, 6.000000238E-01,-5.501352824E-03, 8.241470760E-03, 5.966666667E-01, 2.971833269E-08, 0.000000000E+00, 1.283426750E+01, 5.039233611E+02, 7.004964634E-01, 5.450396028E+00, 5.450396028E+00, 2.090305170E+05
      1051,-6.548176520E-03, 7.466720883E-03, 6.000000238E-01,-6.546674358E-03, 7.468040382E-03, 5.966666667E-01, 2.389533636E-08, 0.000000000E+00, 7.141109778E+00, 5.116366485E+02, 6.899359796E-01, 3.695646874E+00, 3.695646874E+00, 2.169872049E+05
      1052,-7.479334250E-03, 6.559224799E-03, 6.000000238E-01,-7.480653373E-03, 6.557722250E-03, 5.966666667E-01, 1.979665898E-08, 0.000000000E+00, 4.363917839E+00, 5.173660250E+02, 6.822955417E-01, 2.381174928E+00, 2.381174928E+00, 2.229050794E+05
      1053,-8.282597177E-03, 5.534283351E-03, 6.000000238E-01,-8.285154748E-03, 5.530454140E-03, 5.966666667E-01, 1.690270549E-08, 0.000000000E+00, 3.034939096E+00, 5.218864652E+02, 6.763856812E-01, 1.337954524E+00, 1.337954524E+00, 2.275788767E+05
      1054,-8.944506757E-03, 4.410951864E-03, 6.000000238E-01,-8.946659126E-03, 4.406587631E-03, 5.966666667E-01, 1.461798511E-08, 0.000000000E+00, 2.493008932E+00, 5.257796817E+02, 6.713772795E-01, 4.353722359E-01, 4.353722359E-01, 2.316074471E+05
      1055, 6.518667564E-03,-7.433031686E-03, 6.000000238E-01, 6.517166624E-03,-7.434352435E-03, 5.966666667E-01, 3.477427203E-08, 0.000000000E+00, 2.079485031E+01, 4.962104565E+02, 7.113847112E-01, 7.185571745E+00, 7.185571746E+00, 2.010859784E+05
      1056, 5.505184643E-03,-8.238918148E-03, 6.000000238E-01, 5.501352824E-03,-8.241470760E-03, 5.966666667E-01, 2.971833269E-08, 0.000000000E+00, 1.283426750E+01, 5.039233611E+02, 7.004964634E-01, 5.450396028E+00, 5.450396028E+00, 2.090305170E+05
      1057, 4.390958697E-03,-8.903815411E-03, 6.000000238E-01, 4.386592356E-03,-8.905962741E-03, 5.966666667E-01, 2.572000984E-08, 0.000000000E+00, 7.912279765E+00, 5.103797451E+02, 6.916350730E-01, 3.981830663E+00, 3.981830664E+00, 2.156898272E+05
      1058, 3.196555423E-03,-9.416626766E-03, 6.000000238E-01, 3.192964794E-03,-9.417844658E-03, 5.966666667E-01, 2.216939136E-08, 0.000000000E+00, 4.867884189E+00, 5.161033550E+02, 6.839648083E-01, 2.670394551E+00, 2.670394551E+00, 2.216003033E+05
      1059, 1.942994655E-03,-9.768025950E-03, 6.000000238E-01, 1.940734403E-03,-9.768476459E-03, 5.966666667E-01, 1.888243994E-08, 0.000000000E+00, 3.187572824E+00, 5.211964189E+02, 6.772811928E-01, 1.496589153E+00, 1.496589153E+00, 2.268651560E+05
      1060, 6.522356416E-04,-9.951171465E-03, 6.000000238E-01, 6.514718526E-04,-9.951222830E-03, 5.966666667E-01, 1.585883018E-08, 0.000000000E+00, 2.504026452E+00, 5.256177079E+02, 6.715841704E-01, 4.725364432E-01, 4.725364432E-01, 2.314397816E+05
      1061, 7.433031686E-03,-6.518667564E-03, 6.000000238E-01, 7.434352435E-03,-6.517166624E-03, 5.966666667E-01, 3.477427203E-08, 0.000000000E+00, 2.079485031E+01, 4.962104565E+02, 7.113847112E-01, 7.185571745E+00, 7.185571746E+00, 2.010859784E+05
      1062, 6.950860843E-03, 6.096327212E-03, 6.000000238E-01, 6.952311176E-03, 6.094940074E-03, 5.966666667E-01, 1.795699249E-07, 0.000000000E+00, 2.364239427E+02, 4.116235461E+02, 8.575712823E-01, 2.336059056E+01, 2.336059060E+01, 1.146336490E+05
      1063, 7.784059271E-03, 5.202168133E-03, 6.000000238E-01, 7.786654290E-03, 5.198364054E-03, 5.966666667E-01, 1.550528610E-07, 0.000000000E+00, 2.134164203E+02, 4.178392262E+02, 8.448142494E-01, 2.234925724E+01, 2.234925727E+01, 1.209491678E+05
      1064, 8.480075747E-03, 4.182763863E-03, 6.000000238E-01, 8.482239820E-03, 4.178405407E-03, 5.966666667E-01, 1.352713025E-07, 0.000000000E+00, 1.919221513E+02, 4.239198948E+02, 8.326963103E-01, 2.133382780E+01, 2.133382782E+01, 1.271327404E+05
      1065, 9.031775407E-03, 3.066404955E-03, 6.000000238E-01, 9.033023194E-03, 3.062824504E-03, 5.966666667E-01, 1.174163845E-07, 0.000000000E+00, 1.695655812E+02, 4.305833335E+02, 8.198100223E-01, 2.019270381E+01, 2.019270383E+01, 1.339148898E+05
      1066, 9.429111145E-03, 1.875824411E-03, 6.000000238E-01, 9.429600941E-03, 1.873571942E-03, 5.966666667E-01, 1.006492001E-07, 0.000000000E+00, 1.453434206E+02, 4.382779060E+02, 8.054171279E-01, 1.883835323E+01, 1.883835324E+01, 1.417542763E+05
      1067, 9.661988355E-03, 6.333484198E-04, 6.000000238E-01, 9.662075361E-03, 6.325869569E-04, 5.966666667E-01, 8.502529593E-08, 0.000000000E+00, 1.192913795E+02, 4.472478055E+02, 7.892638665E-01, 1.720844287E+01, 1.720844288E+01, 1.509034554E+05
      1068, 9.723053314E-03,-6.373366923E-04, 6.000000238E-01, 9.723128476E-03,-6.365744783E-04, 5.966666667E-01, 7.076694123E-08, 0.000000000E+00, 9.211476852E+01, 4.576202547E+02, 7.713743626E-01, 1.524910698E+01, 1.524910699E+01, 1.614984220E+05
      1069, 9.608823806E-03,-1.911442145E-03, 6.000000238E-01, 9.609284356E-03,-1.909183781E-03, 5.966666667E-01, 5.802915980E-08, 0.000000000E+00, 6.547675495E+01, 4.692625382E+02, 7.522367619E-01, 1.294710054E+01, 1.294710054E+01, 1.734133614E+05
      1070, 9.319853038E-03,-3.163828049E-03, 6.000000238E-01, 9.321069208E-03,-3.160236928E-03, 5.966666667E-01, 4.689060813E-08, 0.000000000E+00, 4.167035273E+01, 4.817387363E+02, 7.327551340E-01, 1.034919749E+01, 1.034919749E+01, 1.862088268E+05
      1071, 8.860534057E-03,-4.369693808E-03, 6.000000238E-01, 8.862677618E-03,-4.365325162E-03, 5.966666667E-01, 3.741666925E-08, 0.000000000E+00, 2.374366729E+01, 4.937919231E+02, 7.148689879E-01, 7.722140043E+00, 7.722140044E+00, 1.985970652E+05
      1072, 8.238917217E-03,-5.505185109E-03, 6.000000238E-01, 8.241470760E-03,-5.501352824E-03, 5.966666667E-01, 2.971833269E-08, 0.000000000E+00, 1.283426750E+01, 5.039233611E+02, 7.004964634E-01, 5.450396028E+00, 5.450396028E+00, 2.090305170E+05
      1073, 6.185510196E-03, 7.052678149E-03, 6.000000238E-01, 6.184083530E-03, 7.054083136E-03, 5.966666667E-01, 1.506923174E-07, 0.000000000E+00, 2.093174353E+02, 4.189842262E+02, 8.425055412E-01, 2.216139074E+01, 2.216139076E+01, 1.221131492E+05
      1074, 5.266154185E-03, 7.880109362E-03, 6.000000238E-01, 5.262335456E-03, 7.882681769E-03, 5.966666667E-01, 1.298208147E-07, 0.000000000E+00, 1.861841594E+02, 4.256058130E+02, 8.293978172E-01, 2.105006395E+01, 2.105006397E+01, 1.288481062E+05
      1075, 4.226726945E-03, 8.569554426E-03, 6.000000238E-01, 4.222361841E-03, 8.571704354E-03, 5.966666667E-01, 1.130588402E-07, 0.000000000E+00, 1.644397259E+02, 4.321774771E+02, 8.167860450E-01, 1.991740765E+01, 1.991740766E+01, 1.355383549E+05
      1076, 3.093888052E-03, 9.113042615E-03, 6.000000238E-01, 3.090302661E-03, 9.114275393E-03, 5.966666667E-01, 9.798562009E-08, 0.000000000E+00, 1.418291869E+02, 4.394488000E+02, 8.032711257E-01, 1.863012344E+01, 1.863012345E+01, 1.429479335E+05
      1077, 1.890008454E-03, 9.500677697E-03, 6.000000238E-01, 1.887753006E-03, 9.501153047E-03, 5.966666667E-01, 8.387634497E-08, 0.000000000E+00, 1.175677113E+02, 4.478725984E+02, 7.881628247E-01, 1.709298532E+01, 1.709298532E+01, 1.515411555E+05
      1078, 6.373366923E-04, 9.723053314E-03, 6.000000238E-01, 6.365744783E-04, 9.723128476E-03, 5.966666667E-01, 7.076694123E-08, 0.000000000E+00, 9.211476852E+01, 4.576202547E+02, 7.713743626E-01, 1.524910698E+01, 1.524910699E+01, 1.614984220E+05
      1079,-6.406353205E-04, 9.773558937E-03, 6.000000238E-01,-6.398725871E-04, 9.773625966E-03, 5.966666667E-01, 5.883376113E-08, 0.000000000E+00, 6.680437279E+01, 4.686339014E+02, 7.532458306E-01, 1.307394616E+01, 1.307394617E+01, 1.727693791E+05
      1080,-1.919467119E-03, 9.649314918E-03, 6.000000238E-01,-1.917207842E-03, 9.649770629E-03, 5.966666667E-01, 4.819680034E-08, 0.000000000E+00, 4.369487501E+01, 4.805597665E+02, 7.345528213E-01, 1.059982828E+01, 1.059982829E+01, 1.849984883E+05
      1081,-3.174464218E-03, 9.351304732E-03, 6.000000238E-01,-3.170873334E-03, 9.352520785E-03, 5.966666667E-01, 3.891295142E-08, 0.000000000E+00, 2.550399435E+01, 4.924270698E+02, 7.168503803E-01, 8.023611434E+00, 8.023611435E+00, 1.971929591E+05
      1082,-4.381332546E-03, 8.884223178E-03, 6.000000238E-01,-4.376965094E-03, 8.886368374E-03, 5.966666667E-01, 3.102911749E-08, 0.000000000E+00, 1.380692289E+01, 5.028454435E+02, 7.019980729E-01, 5.693403979E+00, 5.693403980E+00, 2.079195322E+05
      1083,-5.516772624E-03, 8.256311528E-03, 6.000000238E-01,-5.512941629E-03, 8.258866716E-03, 5.966666667E-01, 2.463118475E-08, 0.000000000E+00, 7.444336809E+00, 5.111308175E+02, 6.906187617E-01, 3.810864508E+00, 3.810864508E+00, 2.164650473E+05
      1084,-6.559224799E-03, 7.479334250E-03, 6.000000238E-01,-6.557722250E-03, 7.480653373E-03, 5.966666667E-01, 1.979665898E-08, 0.000000000E+00, 4.363917839E+00, 5.173660250E+02, 6.822955417E-01, 2.381174928E+00, 2.381174928E+00, 2.229050794E+05
      1085,-7.489766460E-03, 6.568362005E-03, 6.000000238E-01,-7.491085390E-03, 6.566859797E-03, 5.966666667E-01, 1.639619388E-08, 0.000000000E+00, 2.998858158E+00, 5.220617584E+02, 6.761585705E-01, 1.297591349E+00, 1.297591349E+00, 2.277601990E+05
      1086,-8.292438462E-03, 5.540839862E-03, 6.000000238E-01,-8.294997101E-03, 5.537010900E-03, 5.966666667E-01, 1.399643445E-08, 0.000000000E+00, 2.487829718E+00, 5.258608358E+02, 6.712736684E-01, 4.167251430E-01, 4.167251430E-01, 2.316914549E+05
      1087, 6.534818560E-03,-7.451470941E-03, 6.000000238E-01, 6.533316761E-03,-7.452790481E-03, 5.966666667E-01, 2.883231921E-08, 0.000000000E+00, 1.220341599E+01, 5.046501166E+02, 6.994876661E-01, 5.286365025E+00, 5.286365026E+00, 2.097796982E+05
      1088, 5.516772624E-03,-8.256311528E-03, 6.000000238E-01, 5.512941629E-03,-8.258866716E-03, 5.966666667E-01, 2.463118475E-08, 0.000000000E+00, 7.444336809E+00, 5.111308175E+02, 6.906187617E-01, 3.810864508E+00, 3.810864508E+00, 2.164650473E+05
      1089, 4.398920573E-03,-8.920019493E-03, 6.000000238E-01, 4.394554939E-03,-8.922168987E-03, 5.966666667E-01, 2.131110749E-08, 0.000000000E+00, 4.678099448E+00, 5.165619053E+02, 6.833576550E-01, 2.565432154E+00, 2.565432154E+00, 2.220741079E+05
      1090, 3.201532643E-03,-9.431344457E-03, 6.000000238E-01, 3.197942209E-03,-9.432562745E-03, 5.966666667E-01, 1.836444110E-08, 0.000000000E+00, 3.145831988E+00, 5.213776445E+02, 6.770457767E-01, 1.454954971E+00, 1.454954971E+00, 2.270525899E+05
      1091, 1.945563476E-03,-9.780986235E-03, 6.000000238E-01, 1.943303088E-03,-9.781437039E-03, 5.966666667E-01, 1.563795677E-08, 0.000000000E+00, 2.502053846E+00, 5.256454547E+02, 6.715487200E-01, 4.661088869E-01, 4.661088869E-01, 2.314685030E+05
      1092, 7.451470941E-03,-6.534818560E-03, 6.000000238E-01, 7.452790481E-03,-6.533316761E-03, 5.966666667E-01, 2.883231921E-08, 0.000000000E+00, 1.220341599E+01, 5.046501166E+02, 6.994876661E-01, 5.286365025E+00, 5.286365026E+00, 2.097796982E+05
      1093, 7.052678149E-03, 6.185510661E-03, 6.000000238E-01, 7.054083136E-03, 6.184083530E-03, 5.966666667E-01, 1.506923174E-07, 0.000000000E+00, 2.093174353E+02, 4.189842262E+02, 8.425055412E-01, 2.216139074E+01, 2.216139076E+01, 1.221131492E+05
      1094, 7.880108431E-03, 5.266154185E-03, 6.000000238E-01, 7.882681769E-03, 5.262335456E-03, 5.966666667E-01, 1.298208147E-07, 0.000000000E+00, 1.861841594E+02, 4.256058130E+02, 8.293978172E-01, 2.105006395E+01, 2.105006397E+01, 1.288481062E+05
      1095, 8.569554426E-03, 4.226726945E-03, 6.000000238E-01, 8.571704354E-03, 4.222361841E-03, 5.966666667E-01, 1.130588402E-07, 0.000000000E+00, 1.644397259E+02, 4.321774771E+02, 8.167860450E-01, 1.991740765E+01, 1.991740766E+01, 1.355383549E+05
      1096, 9.113042615E-03, 3.093888052E-03, 6.000000238E-01, 9.114275393E-03, 3.090302661E-03, 5.966666667E-01, 9.798562009E-08, 0.000000000E+00, 1.418291869E+02, 4.394488000E+02, 8.032711257E-01, 1.863012344E+01, 1.863012345E+01, 1.429479335E+05
      1097, 9.500677697E-03, 1.890008338E-03, 6.000000238E-01, 9.501153047E-03, 1.887753006E-03, 5.966666667E-01, 8.387634497E-08, 0.000000000E+00, 1.175677113E+02, 4.478725984E+02, 7.881628247E-01, 1.709298532E+01, 1.709298532E+01, 1.515411555E+05
      1098, 9.723053314E-03, 6.373366923E-04, 6.000000238E-01, 9.723128476E-03, 6.365744783E-04, 5.966666667E-01, 7.076694123E-08, 0.000000000E+00, 9.211476852E+01, 4.576202547E+02, 7.713743626E-01, 1.524910698E+01, 1.524910699E+01, 1.614984220E+05
      1099, 9.773558937E-03,-6.406353787E-04, 6.000000238E-01, 9.773625966E-03,-6.398725871E-04, 5.966666667E-01, 5.883376113E-08, 0.000000000E+00, 6.680437279E+01, 4.686339014E+02, 7.532458306E-01, 1.307394616E+01, 1.307394617E+01, 1.727693791E+05
      1100, 9.649314918E-03,-1.919467119E-03, 6.000000238E-01, 9.649770629E-03,-1.917207842E-03, 5.966666667E-01, 4.819680034E-08, 0.000000000E+00, 4.369487501E+01, 4.805597665E+02, 7.345528213E-01, 1.059982828E+01, 1.059982829E+01, 1.849984883E+05
      1101, 9.351304732E-03,-3.174464218E-03, 6.000000238E-01, 9.352520785E-03,-3.170873334E-03, 5.966666667E-01, 3.891295142E-08, 0.000000000E+00, 2.550399435E+01, 4.924270698E+02, 7.168503803E-01, 8.023611434E+00, 8.023611435E+00, 1.971929591E+05
      1102, 8.884223178E-03,-4.381332546E-03, 6.000000238E-01, 8.886368374E-03,-4.376965094E-03, 5.966666667E-01, 3.102911749E-08, 0.000000000E+00, 1.380692289E+01, 5.028454435E+02, 7.019980729E-01, 5.693403979E+00, 5.693403980E+00, 2.079195322E+05
      1103, 8.256312460E-03,-5.516772624E-03, 6.000000238E-01, 8.258866716E-03,-5.512941629E-03, 5.966666667E-01, 2.463118475E-08, 0.000000000E+00, 7.444336809E+00, 5.111308175E+02, 6.906187617E-01, 3.810864508E+00, 3.810864508E+00, 2.164650473E+05
      1104, 6.259271875E-03, 7.136888802E-03, 6.000000238E-01, 6.257818662E-03, 7.138263953E-03, 5.966666667E-01, 1.261214138E-07, 0.000000000E+00, 1.821441190E+02, 4.268064962E+02, 8.270645724E-01, 2.084671080E+01, 2.084671082E+01, 1.300700041E+05
      1105, 5.319076125E-03, 7.959549315E-03, 6.000000238E-01, 5.315248510E-03, 7.962109559E-03, 5.966666667E-01, 1.084527402E-07, 0.000000000E+00, 1.588015854E+02, 4.339562216E+02, 8.134381182E-01, 1.960797985E+01, 1.960797987E+01, 1.373502362E+05
      1106, 4.263088107E-03, 8.643560112E-03, 6.000000238E-01, 4.258719374E-03, 8.645702847E-03, 5.966666667E-01, 9.431491804E-08, 0.000000000E+00, 1.368392537E+02, 4.411337730E+02, 8.002029178E-01, 1.832867147E+01, 1.832867148E+01, 1.446660007E+05
      1107, 3.116618609E-03, 9.180256166E-03, 6.000000238E-01, 3.113030388E-03, 9.181480693E-03, 5.966666667E-01, 8.163899926E-08, 0.000000000E+00, 1.142166712E+02, 4.491029089E+02, 7.860036648E-01, 1.686551585E+01, 1.686551586E+01, 1.527970421E+05
      1108, 1.901739626E-03, 9.559868835E-03, 6.000000238E-01, 1.899482356E-03, 9.560334761E-03, 5.966666667E-01, 6.980432592E-08, 0.000000000E+00, 9.054288172E+01, 4.582614878E+02, 7.702949989E-01, 1.512546482E+01, 1.512546483E+01, 1.621540376E+05
      1109, 6.406353787E-04, 9.773558937E-03, 6.000000238E-01, 6.398725871E-04, 9.773625966E-03, 5.966666667E-01, 5.883376113E-08, 0.000000000E+00, 6.680437279E+01, 4.686339014E+02, 7.532458306E-01, 1.307394616E+01, 1.307394617E+01, 1.727693791E+05
      1110,-6.433635717E-04, 9.815330617E-03, 6.000000238E-01,-6.426004594E-04, 9.815392538E-03, 5.966666667E-01, 4.886804409E-08, 0.000000000E+00, 4.470631598E+01, 4.799794740E+02, 7.354408915E-01, 1.072247238E+01, 1.072247239E+01, 1.844028479E+05
      1111,-1.926104189E-03, 9.682803415E-03, 6.000000238E-01,-1.923844518E-03, 9.683256701E-03, 5.966666667E-01, 4.000079683E-08, 0.000000000E+00, 2.682166347E+01, 4.914387397E+02, 7.182920347E-01, 8.241259914E+00, 8.241259915E+00, 1.961764142E+05
      1112,-3.183261491E-03, 9.377317503E-03, 6.000000238E-01,-3.179670627E-03, 9.378534151E-03, 5.966666667E-01, 3.227349030E-08, 0.000000000E+00, 1.477454941E+01, 5.018184834E+02, 7.034346959E-01, 5.924545336E+00, 5.924545337E+00, 2.068612844E+05
      1113,-4.390958697E-03, 8.903815411E-03, 6.000000238E-01,-4.386592356E-03, 8.905962741E-03, 5.966666667E-01, 2.572000984E-08, 0.000000000E+00, 7.912279765E+00, 5.103797451E+02, 6.916350730E-01, 3.981830663E+00, 3.981830664E+00, 2.156898272E+05
      1114,-5.526356865E-03, 8.270698600E-03, 6.000000238E-01,-5.522526575E-03, 8.273254679E-03, 5.966666667E-01, 2.040734664E-08, 0.000000000E+00, 4.487504565E+00, 5.170424264E+02, 6.827225663E-01, 2.455350179E+00, 2.455350179E+00, 2.225706594E+05
      1115,-6.568362471E-03, 7.489766926E-03, 6.000000238E-01,-6.566859797E-03, 7.491085390E-03, 5.966666667E-01, 1.639619388E-08, 0.000000000E+00, 2.998858158E+00, 5.220617584E+02, 6.761585705E-01, 1.297591349E+00, 1.297591349E+00, 2.277601990E+05
      1116,-7.498394698E-03, 6.575920153E-03, 6.000000238E-01,-7.499713542E-03, 6.574417313E-03, 5.966666667E-01, 1.357653491E-08, 0.000000000E+00, 2.484448340E+00, 5.259153636E+02, 6.712040695E-01, 4.041584104E-01, 4.041584104E-01, 2.317479009E+05
      1117, 6.548176520E-03,-7.466720883E-03, 6.000000238E-01, 6.546674358E-03,-7.468040382E-03, 5.966666667E-01, 2.389533636E-08, 0.000000000E+00, 7.141109778E+00, 5.116366485E+02, 6.899359796E-01, 3.695646874E+00, 3.695646874E+00, 2.169872049E+05
      1118, 5.526356865E-03,-8.270698600E-03, 6.000000238E-01, 5.522526575E-03,-8.273254679E-03, 5.966666667E-01, 2.040734664E-08, 0.000000000E+00, 4.487504565E+00, 5.170424264E+02, 6.827225663E-01, 2.455350179E+00, 2.455350179E+00, 2.225706594E+05
      1119, 4.405505490E-03,-8.933422156E-03, 6.000000238E-01, 4.401140675E-03,-8.935572936E-03, 5.966666667E-01, 1.765238712E-08, 0.000000000E+00, 3.090523192E+00, 5.216261188E+02, 6.767232689E-01, 1.397850767E+00, 1.397850767E+00, 2.273095870E+05
      1120, 3.205648856E-03,-9.443516843E-03, 6.000000238E-01, 3.202058951E-03,-9.444735845E-03, 5.966666667E-01, 1.520840476E-08, 0.000000000E+00, 2.498167363E+00, 5.257020743E+02, 6.714763923E-01, 4.531488372E-01, 4.531488372E-01, 2.315271120E+05
      1121, 7.466720883E-03,-6.548176520E-03, 6.000000238E-01, 7.468040382E-03,-6.546674358E-03, 5.966666667E-01, 2.389533636E-08, 0.000000000E+00, 7.141109778E+00, 5.116366485E+02, 6.899359796E-01, 3.695646874E+00, 3.695646874E+00, 2.169872049E+05
      1122, 7.136888802E-03, 6.259271875E-03, 6.000000238E-01, 7.138263953E-03, 6.257818662E-03, 5.966666667E-01, 1.261214138E-07, 0.000000000E+00, 1.821441190E+02, 4.268064962E+02, 8.270645724E-01, 2.084671080E+01, 2.084671082E+01, 1.300700041E+05
      1123, 7.959549315E-03, 5.319075659E-03, 6.000000238E-01, 7.962109559E-03, 5.315248510E-03, 5.966666667E-01, 1.084527402E-07, 0.000000000E+00, 1.588015854E+02, 4.339562216E+02, 8.134381182E-01, 1.960797985E+01, 1.960797987E+01, 1.373502362E+05
      1124, 8.643560112E-03, 4.263088573E-03, 6.000000238E-01, 8.645702847E-03, 4.258719374E-03, 5.966666667E-01, 9.431491804E-08, 0.000000000E+00, 1.368392537E+02, 4.411337730E+02, 8.002029178E-01, 1.832867147E+01, 1.832867148E+01, 1.446660007E+05
      1125, 9.180256166E-03, 3.116618609E-03, 6.000000238E-01, 9.181480693E-03, 3.113030388E-03, 5.966666667E-01, 8.163899926E-08, 0.000000000E+00, 1.142166712E+02, 4.491029089E+02, 7.860036648E-01, 1.686551585E+01, 1.686551586E+01, 1.527970421E+05
      1126, 9.559868835E-03, 1.901739626E-03, 6.000000238E-01, 9.560334761E-03, 1.899482356E-03, 5.966666667E-01, 6.980432592E-08, 0.000000000E+00, 9.054288172E+01, 4.582614878E+02, 7.702949989E-01, 1.512546482E+01, 1.512546483E+01, 1.621540376E+05
      1127, 9.773558937E-03, 6.406353205E-04, 6.000000238E-01, 9.773625966E-03, 6.398725871E-04, 5.966666667E-01, 5.883376113E-08, 0.000000000E+00, 6.680437279E+01, 4.686339014E+02, 7.532458306E-01, 1.307394616E+01, 1.307394617E+01, 1.727693791E+05
      1128, 9.815330617E-03,-6.433635717E-04, 6.000000238E-01, 9.815392538E-03,-6.426004594E-04, 5.966666667E-01, 4.886804409E-08, 0.000000000E+00, 4.470631598E+01, 4.799794740E+02, 7.354408915E-01, 1.072247238E+01, 1.072247239E+01, 1.844028479E+05
      1129, 9.682803415E-03,-1.926104305E-03, 6.000000238E-01, 9.683256701E-03,-1.923844518E-03, 5.966666667E-01, 4.000079683E-08, 0.000000000E+00, 2.682166347E+01, 4.914387397E+02, 7.182920347E-01, 8.241259914E+00, 8.241259915E+00, 1.961764142E+05
      1130, 9.377318434E-03,-3.183261491E-03, 6.000000238E-01, 9.378534151E-03,-3.179670627E-03, 5.966666667E-01, 3.227349030E-08, 0.000000000E+00, 1.477454941E+01, 5.018184834E+02, 7.034346959E-01, 5.924545336E+00, 5.924545337E+00, 2.068612844E+05
      1131, 8.903815411E-03,-4.390958697E-03, 6.000000238E-01, 8.905962741E-03,-4.386592356E-03, 5.966666667E-01, 2.572000984E-08, 0.000000000E+00, 7.912279765E+00, 5.103797451E+02, 6.916350730E-01, 3.981830663E+00, 3.981830664E+00, 2.156898272E+05
      1132, 8.270698600E-03,-5.526356865E-03, 6.000000238E-01, 8.273254679E-03,-5.522526575E-03, 5.966666667E-01, 2.040734664E-08, 0.000000000E+00, 4.487504565E+00, 5.170424264E+02, 6.827225663E-01, 2.455350179E+00, 2.455350179E+00, 2.225706594E+05
      1133, 6.320277695E-03, 7.206537295E-03, 6.000000238E-01, 6.318807676E-03, 7.207892974E-03, 5.966666667E-01, 1.053295046E-07, 0.000000000E+00, 1.548386954E+02, 4.352231818E+02, 8.110701521E-01, 1.938615698E+01, 1.938615700E+01, 1.386410692E+05
      1134, 5.362845957E-03, 8.025253192E-03, 6.000000238E-01, 5.359014192E-03, 8.027806228E-03, 5.966666667E-01, 9.043819386E-08, 0.000000000E+00, 1.313720473E+02, 4.430113039E+02, 7.968115694E-01, 1.799018698E+01, 1.799018699E+01, 1.465808759E+05
      1135, 4.293161444E-03, 8.704768494E-03, 6.000000238E-01, 4.288791309E-03, 8.706908260E-03, 5.966666667E-01, 7.855743457E-08, 0.000000000E+00, 1.094844096E+02, 4.508680577E+02, 7.829264599E-01, 1.653706530E+01, 1.653706530E+01, 1.545992705E+05
      1136, 3.135418519E-03, 9.235847741E-03, 6.000000238E-01, 3.131828757E-03, 9.237066982E-03, 5.966666667E-01, 6.793036436E-08, 0.000000000E+00, 8.748106143E+01, 4.595279001E+02, 7.681721441E-01, 1.488085630E+01, 1.488085631E+01, 1.634490720E+05
      1137, 1.911442145E-03, 9.608823806E-03, 6.000000238E-01, 1.909183781E-03, 9.609284356E-03, 5.966666667E-01, 5.802915980E-08, 0.000000000E+00, 6.547675495E+01, 4.692625382E+02, 7.522367619E-01, 1.294710054E+01, 1.294710054E+01, 1.734133614E+05
      1138, 6.433635717E-04, 9.815330617E-03, 6.000000238E-01, 6.426004594E-04, 9.815392538E-03, 5.966666667E-01, 4.886804409E-08, 0.000000000E+00, 4.470631598E+01, 4.799794740E+02, 7.354408915E-01, 1.072247238E+01, 1.072247239E+01, 1.844028479E+05
      1139,-6.456200499E-04, 9.849879891E-03, 6.000000238E-01,-6.448566755E-04, 9.849937562E-03, 5.966666667E-01, 4.055991859E-08, 0.000000000E+00, 2.748519165E+01, 4.909499803E+02, 7.190071217E-01, 8.348452355E+00, 8.348452356E+00, 1.956737668E+05
      1140,-1.931593637E-03, 9.710500948E-03, 6.000000238E-01,-1.929333669E-03, 9.710952810E-03, 5.966666667E-01, 3.317836907E-08, 0.000000000E+00, 1.550453983E+01, 5.010704417E+02, 7.044848446E-01, 6.092673456E+00, 6.092673457E+00, 2.060905853E+05
      1141,-3.190537449E-03, 9.398832917E-03, 6.000000238E-01,-3.186946779E-03, 9.400049543E-03, 5.966666667E-01, 2.675387571E-08, 0.000000000E+00, 8.378494909E+00, 5.096630800E+02, 6.926076189E-01, 4.144806363E+00, 4.144806363E+00, 2.149502256E+05
      1142,-4.398920573E-03, 8.920019493E-03, 6.000000238E-01,-4.394554939E-03, 8.922168987E-03, 5.966666667E-01, 2.131110749E-08, 0.000000000E+00, 4.678099448E+00, 5.165619053E+02, 6.833576550E-01, 2.565432154E+00, 2.565432154E+00, 2.220741079E+05
      1143,-5.534283351E-03, 8.282598108E-03, 6.000000238E-01,-5.530454140E-03, 8.285154748E-03, 5.966666667E-01, 1.690270549E-08, 0.000000000E+00, 3.034939096E+00, 5.218864652E+02, 6.763856812E-01, 1.337954524E+00, 1.337954524E+00, 2.275788767E+05
      1144,-6.575920153E-03, 7.498394698E-03, 6.000000238E-01,-6.574417313E-03, 7.499713542E-03, 5.966666667E-01, 1.357653491E-08, 0.000000000E+00, 2.484448340E+00, 5.259153636E+02, 6.712040695E-01, 4.041584104E-01, 4.041584104E-01, 2.317479009E+05
      1145, 6.559224799E-03,-7.479334250E-03, 6.000000238E-01, 6.557722250E-03,-7.480653373E-03, 5.966666667E-01, 1.979665898E-08, 0.000000000E+00, 4.363917839E+00, 5.173660250E+02, 6.822955417E-01, 2.381174928E+00, 2.381174928E+00, 2.229050794E+05
      1146, 5.534283351E-03,-8.282598108E-03, 6.000000238E-01, 5.530454140E-03,-8.285154748E-03, 5.966666667E-01, 1.690270549E-08, 0.000000000E+00, 3.034939096E+00, 5.218864652E+02, 6.763856812E-01, 1.337954524E+00, 1.337954524E+00, 2.275788767E+05
      1147, 4.410951864E-03,-8.944506757E-03, 6.000000238E-01, 4.406587631E-03,-8.946659126E-03, 5.966666667E-01, 1.461798511E-08, 0.000000000E+00, 2.493008932E+00, 5.257796817E+02, 6.713772795E-01, 4.353722359E-01, 4.353722359E-01, 2.316074471E+05
      1148, 7.479334250E-03,-6.559224799E-03, 6.000000238E-01, 7.480653373E-03,-6.557722250E-03, 5.966666667E-01, 1.979665898E-08, 0.000000000E+00, 4.363917839E+00, 5.173660250E+02, 6.822955417E-01, 2.381174928E+00, 2.381174928E+00, 2.229050794E+05
      1149, 7.206537295E-03, 6.320278160E-03, 6.000000238E-01, 7.207892974E-03, 6.318807676E-03, 5.966666667E-01, 1.053295046E-07, 0.000000000E+00, 1.548386954E+02, 4.352231818E+02, 8.110701521E-01, 1.938615698E+01, 1.938615700E+01, 1.386410692E+05
      1150, 8.025253192E-03, 5.362845957E-03, 6.000000238E-01, 8.027806228E-03, 5.359014192E-03, 5.966666667E-01, 9.043819386E-08, 0.000000000E+00, 1.313720473E+02, 4.430113039E+02, 7.968115694E-01, 1.799018698E+01, 1.799018699E+01, 1.465808759E+05
      1151, 8.704768494E-03, 4.293161444E-03, 6.000000238E-01, 8.706908260E-03, 4.288791309E-03, 5.966666667E-01, 7.855743457E-08, 0.000000000E+00, 1.094844096E+02, 4.508680577E+02, 7.829264599E-01, 1.653706530E+01, 1.653706530E+01, 1.545992705E+05
      1152, 9.235847741E-03, 3.135418752E-03, 6.000000238E-01, 9.237066982E-03, 3.131828757E-03, 5.966666667E-01, 6.793036436E-08, 0.000000000E+00, 8.748106143E+01, 4.595279001E+02, 7.681721441E-01, 1.488085630E+01, 1.488085631E+01, 1.634490720E+05
      1153, 9.608824737E-03, 1.911442261E-03, 6.000000238E-01, 9.609284356E-03, 1.909183781E-03, 5.966666667E-01, 5.802915980E-08, 0.000000000E+00, 6.547675495E+01, 4.692625382E+02, 7.522367619E-01, 1.294710054E+01, 1.294710054E+01, 1.734133614E+05
      1154, 9.815330617E-03, 6.433635717E-04, 6.000000238E-01, 9.815392538E-03, 6.426004594E-04, 5.966666667E-01, 4.886804409E-08, 0.000000000E+00, 4.470631598E+01, 4.799794740E+02, 7.354408915E-01, 1.072247238E+01, 1.072247239E+01, 1.844028479E+05
      1155, 9.849879891E-03,-6.456200499E-04, 6.000000238E-01, 9.849937562E-03,-6.448566755E-04, 5.966666667E-01, 4.055991859E-08, 0.000000000E+00, 2.748519165E+01, 4.909499803E+02, 7.190071217E-01, 8.348452355E+00, 8.348452356E+00, 1.956737668E+05
      1156, 9.710500948E-03,-1.931593637E-03, 6.000000238E-01, 9.710952810E-03,-1.929333669E-03, 5.966666667E-01, 3.317836907E-08, 0.000000000E+00, 1.550453983E+01, 5.010704417E+02, 7.044848446E-01, 6.092673456E+00, 6.092673457E+00, 2.060905853E+05
      1157, 9.398832917E-03,-3.190537449E-03, 6.000000238E-01, 9.400049543E-03,-3.186946779E-03, 5.966666667E-01, 2.675387571E-08, 0.000000000E+00, 8.378494909E+00, 5.096630800E+02, 6.926076189E-01, 4.144806363E+00, 4.144806363E+00, 2.149502256E+05
      1158, 8.920019493E-03,-4.398920573E-03, 6.000000238E-01, 8.922168987E-03,-4.394554939E-03, 5.966666667E-01, 2.131110749E-08, 0.000000000E+00, 4.678099448E+00, 5.165619053E+02, 6.833576550E-01, 2.565432154E+00, 2.565432154E+00, 2.220741079E+05
      1159, 8.282597177E-03,-5.534283351E-03, 6.000000238E-01, 8.285154748E-03,-5.530454140E-03, 5.966666667E-01, 1.690270549E-08, 0.000000000E+00, 3.034939096E+00, 5.218864652E+02, 6.763856812E-01, 1.337954524E+00, 1.337954524E+00, 2.275788767E+05
      1160, 6.370734889E-03, 7.264142390E-03, 6.000000238E-01, 6.369253202E-03, 7.265484863E-03, 5.966666667E-01, 8.781156800E-08, 0.000000000E+00, 1.275445739E+02, 4.443464109E+02, 7.944174266E-01, 1.774784545E+01, 1.774784546E+01, 1.479428387E+05
      1161, 5.399047397E-03, 8.079594932E-03, 6.000000238E-01, 5.395213461E-03, 8.082144953E-03, 5.966666667E-01, 7.530516763E-08, 0.000000000E+00, 1.043380767E+02, 4.528264437E+02, 7.795404557E-01, 1.616967613E+01, 1.616967614E+01, 1.565994338E+05
      1162, 4.318034742E-03, 8.755392395E-03, 6.000000238E-01, 4.313664092E-03, 8.757531837E-03, 5.966666667E-01, 6.535047198E-08, 0.000000000E+00, 8.319747857E+01, 4.613337462E+02, 7.651652089E-01, 1.452973428E+01, 1.452973428E+01, 1.652962315E+05
      1163, 3.150967648E-03, 9.281825274E-03, 6.000000238E-01, 3.147376986E-03, 9.283042693E-03, 5.966666667E-01, 5.646317080E-08, 0.000000000E+00, 6.284273138E+01, 4.705263920E+02, 7.502162223E-01, 1.269080401E+01, 1.269080401E+01, 1.747082819E+05
      1164, 1.919467119E-03, 9.649314918E-03, 6.000000238E-01, 1.917207842E-03, 9.649770629E-03, 5.966666667E-01, 4.819680034E-08, 0.000000000E+00, 4.369487501E+01, 4.805597665E+02, 7.345528213E-01, 1.059982828E+01, 1.059982829E+01, 1.849984883E+05
      1165, 6.456200499E-04, 9.849879891E-03, 6.000000238E-01, 6.448566755E-04, 9.849937562E-03, 5.966666667E-01, 4.055991859E-08, 0.000000000E+00, 2.748519165E+01, 4.909499803E+02, 7.190071217E-01, 8.348452355E+00, 8.348452356E+00, 1.956737668E+05
      1166,-6.474863039E-04, 9.878453799E-03, 6.000000238E-01,-6.467227778E-04, 9.878509538E-03, 5.966666667E-01, 3.364350892E-08, 0.000000000E+00, 1.587397342E+01, 5.006993574E+02, 7.050069609E-01, 6.175870002E+00, 6.175870003E+00, 2.057083028E+05
      1167,-1.936133835E-03, 9.733409621E-03, 6.000000238E-01,-1.933873693E-03, 9.733859999E-03, 5.966666667E-01, 2.750580093E-08, 0.000000000E+00, 8.730772806E+00, 5.091402892E+02, 6.933187959E-01, 4.263608356E+00, 4.263608356E+00, 2.144107681E+05
      1168,-3.196555423E-03, 9.416626766E-03, 6.000000238E-01,-3.192964794E-03, 9.417844658E-03, 5.966666667E-01, 2.216939136E-08, 0.000000000E+00, 4.867884189E+00, 5.161033550E+02, 6.839648083E-01, 2.670394551E+00, 2.670394551E+00, 2.216003033E+05
      1169,-4.405505490E-03, 8.933422156E-03, 6.000000238E-01,-4.401140675E-03, 8.935572936E-03, 5.966666667E-01, 1.765238712E-08, 0.000000000E+00, 3.090523192E+00, 5.216261188E+02, 6.767232689E-01, 1.397850767E+00, 1.397850767E+00, 2.273095870E+05
      1170,-5.540839862E-03, 8.292438462E-03, 6.000000238E-01,-5.537010900E-03, 8.294997101E-03, 5.966666667E-01, 1.399643445E-08, 0.000000000E+00, 2.487829718E+00, 5.258608358E+02, 6.712736684E-01, 4.167251430E-01, 4.167251430E-01, 2.316914549E+05
      1171, 6.568362471E-03,-7.489766926E-03, 6.000000238E-01, 6.566859797E-03,-7.491085390E-03, 5.966666667E-01, 1.639619388E-08, 0.000000000E+00, 2.998858158E+00, 5.220617584E+02, 6.761585705E-01, 1.297591349E+00, 1.297591349E+00, 2.277601990E+05
      1172, 5.540839862E-03,-8.292438462E-03, 6.000000238E-01, 5.537010900E-03,-8.294997101E-03, 5.966666667E-01, 1.399643445E-08, 0.000000000E+00, 2.487829718E+00, 5.258608358E+02, 6.712736684E-01, 4.167251430E-01, 4.167251430E-01, 2.316914549E+05
      1173, 7.489766460E-03,-6.568362005E-03, 6.000000238E-01, 7.491085390E-03,-6.566859797E-03, 5.966666667E-01, 1.639619388E-08, 0.000000000E+00, 2.998858158E+00, 5.220617584E+02, 6.761585705E-01, 1.297591349E+00, 1.297591349E+00, 2.277601990E+05
      1174, 7.264141925E-03, 6.370734889E-03, 6.000000238E-01, 7.265484863E-03, 6.369253202E-03, 5.966666667E-01, 8.781156800E-08, 0.000000000E+00, 1.275445739E+02, 4.443464109E+02, 7.944174266E-01, 1.774784545E+01, 1.774784546E+01, 1.479428387E+05
      1175, 8.079594932E-03, 5.399047397E-03, 6.000000238E-01, 8.082144953E-03, 5.395213461E-03, 5.966666667E-01, 7.530516763E-08, 0.000000000E+00, 1.043380767E+02, 4.528264437E+02, 7.795404557E-01, 1.616967613E+01, 1.616967614E+01, 1.565994338E+05
      1176, 8.755392395E-03, 4.318034276E-03, 6.000000238E-01, 8.757531837E-03, 4.313664092E-03, 5.966666667E-01, 6.535047198E-08, 0.000000000E+00, 8.319747857E+01, 4.613337462E+02, 7.651652089E-01, 1.452973428E+01, 1.452973428E+01, 1.652962315E+05
      1177, 9.281825274E-03, 3.150967648E-03, 6.000000238E-01, 9.283042693E-03, 3.147376986E-03, 5.966666667E-01, 5.646317080E-08, 0.000000000E+00, 6.284273138E+01, 4.705263920E+02, 7.502162223E-01, 1.269080401E+01, 1.269080401E+01, 1.747082819E+05
      1178, 9.649314918E-03, 1.919467119E-03, 6.000000238E-01, 9.649770629E-03, 1.917207842E-03, 5.966666667E-01, 4.819680034E-08, 0.000000000E+00, 4.369487501E+01, 4.805597665E+02, 7.345528213E-01, 1.059982828E+01, 1.059982829E+01, 1.849984883E+05
      1179, 9.849879891E-03, 6.456200499E-04, 6.000000238E-01, 9.849937562E-03, 6.448566755E-04, 5.966666667E-01, 4.055991859E-08, 0.000000000E+00, 2.748519165E+01, 4.909499803E+02, 7.190071217E-01, 8.348452355E+00, 8.348452356E+00, 1.956737668E+05
      1180, 9.878453799E-03,-6.474863039E-04, 6.000000238E-01, 9.878509538E-03,-6.467227778E-04, 5.966666667E-01, 3.364350892E-08, 0.000000000E+00, 1.587397342E+01, 5.006993574E+02, 7.050069609E-01, 6.175870002E+00, 6.175870003E+00, 2.057083028E+05
      1181, 9.733408689E-03,-1.936133835E-03, 6.000000238E-01, 9.733859999E-03,-1.933873693E-03, 5.966666667E-01, 2.750580093E-08, 0.000000000E+00, 8.730772806E+00, 5.091402892E+02, 6.933187959E-01, 4.263608356E+00, 4.263608356E+00, 2.144107681E+05
      1182, 9.416626766E-03,-3.196555190E-03, 6.000000238E-01, 9.417844658E-03,-3.192964794E-03, 5.966666667E-01, 2.216939136E-08, 0.000000000E+00, 4.867884189E+00, 5.161033550E+02, 6.839648083E-01, 2.670394551E+00, 2.670394551E+00, 2.216003033E+05
      1183, 8.933422156E-03,-4.405505490E-03, 6.000000238E-01, 8.935572936E-03,-4.401140675E-03, 5.966666667E-01, 1.765238712E-08, 0.000000000E+00, 3.090523192E+00, 5.216261188E+02, 6.767232689E-01, 1.397850767E+00, 1.397850767E+00, 2.273095870E+05
      1184, 8.292438462E-03,-5.540839862E-03, 6.000000238E-01, 8.294997101E-03,-5.537010900E-03, 5.966666667E-01, 1.399643445E-08, 0.000000000E+00, 2.487829718E+00, 5.258608358E+02, 6.712736684E-01, 4.167251430E-01, 4.167251430E-01, 2.316914549E+05
      1185, 6.412466522E-03, 7.311786059E-03, 6.000000238E-01, 6.410977487E-03, 7.313120018E-03, 5.966666667E-01, 7.310300995E-08, 0.000000000E+00, 1.007613606E+02, 4.542130412E+02, 7.771607159E-01, 1.590767781E+01, 1.590767782E+01, 1.580160283E+05
      1186, 5.428988952E-03, 8.124539629E-03, 6.000000238E-01, 5.425154172E-03, 8.127088957E-03, 5.966666667E-01, 6.262918632E-08, 0.000000000E+00, 7.859674111E+01, 4.633206794E+02, 7.618838268E-01, 1.414018055E+01, 1.414018055E+01, 1.673292991E+05
      1187, 4.338606261E-03, 8.797262795E-03, 6.000000238E-01, 4.334236457E-03, 8.799402774E-03, 5.966666667E-01, 5.430805761E-08, 0.000000000E+00, 5.920568014E+01, 4.723127778E+02, 7.473787474E-01, 1.232618034E+01, 1.232618035E+01, 1.765390693E+05
      1188, 3.163828049E-03, 9.319853038E-03, 6.000000238E-01, 3.160236928E-03, 9.321069208E-03, 5.966666667E-01, 4.689060813E-08, 0.000000000E+00, 4.167035273E+01, 4.817387363E+02, 7.327551340E-01, 1.034919749E+01, 1.034919749E+01, 1.862088268E+05
      1189, 1.926104305E-03, 9.682803415E-03, 6.000000238E-01, 1.923844518E-03, 9.683256701E-03, 5.966666667E-01, 4.000079683E-08, 0.000000000E+00, 2.682166347E+01, 4.914387397E+02, 7.182920347E-01, 8.241259914E+00, 8.241259915E+00, 1.961764142E+05
      1190, 6.474863039E-04, 9.878453799E-03, 6.000000238E-01, 6.467227778E-04, 9.878509538E-03, 5.966666667E-01, 3.364350892E-08, 0.000000000E+00, 1.587397342E+01, 5.006993574E+02, 7.050069609E-01, 6.175870002E+00, 6.175870003E+00, 2.057083028E+05
      1191,-6.490298547E-04, 9.902087972E-03, 6.000000238E-01,-6.482662141E-04, 9.902141157E-03, 5.966666667E-01, 2.789235651E-08, 0.000000000E+00, 8.909285397E+00, 5.088808255E+02, 6.936722993E-01, 4.322493077E+00, 4.322493077E+00, 2.141430529E+05
      1192,-1.939888927E-03, 9.752355516E-03, 6.000000238E-01,-1.937628694E-03, 9.752806264E-03, 5.966666667E-01, 2.279369991E-08, 0.000000000E+00, 5.011224774E+00, 5.157688517E+02, 6.844083955E-01, 2.746928097E+00, 2.746928097E+00, 2.212546987E+05
      1193,-3.201532643E-03, 9.431344457E-03, 6.000000238E-01,-3.197942209E-03, 9.432562745E-03, 5.966666667E-01, 1.836444110E-08, 0.000000000E+00, 3.145831988E+00, 5.213776445E+02, 6.770457767E-01, 1.454954971E+00, 1.454954971E+00, 2.270525899E+05
      1194,-4.410951864E-03, 8.944506757E-03, 6.000000238E-01,-4.406587631E-03, 8.946659126E-03, 5.966666667E-01, 1.461798511E-08, 0.000000000E+00, 2.493008932E+00, 5.257796817E+02, 6.713772795E-01, 4.353722359E-01, 4.353722359E-01, 2.316074471E+05
      1195, 6.575920153E-03,-7.498394698E-03, 6.000000238E-01, 6.574417313E-03,-7.499713542E-03, 5.966666667E-01, 1.357653491E-08, 0.000000000E+00, 2.484448340E+00, 5.259153636E+02, 6.712040695E-01, 4.041584104E-01, 4.041584104E-01, 2.317479009E+05
      1196, 7.498394698E-03,-6.575920153E-03, 6.000000238E-01, 7.499713542E-03,-6.574417313E-03, 5.966666667E-01, 1.357653491E-08, 0.000000000E+00, 2.484448340E+00, 5.259153636E+02, 6.712040695E-01, 4.041584104E-01, 4.041584104E-01, 2.317479009E+05
      1197, 7.311786059E-03, 6.412466988E-03, 6.000000238E-01, 7.313120018E-03, 6.410977487E-03, 5.966666667E-01, 7.310300995E-08, 0.000000000E+00, 1.007613606E+02, 4.542130412E+02, 7.771607159E-01, 1.590767781E+01, 1.590767782E+01, 1.580160283E+05
      1198, 8.124539629E-03, 5.428988487E-03, 6.000000238E-01, 8.127088957E-03, 5.425154172E-03, 5.966666667E-01, 6.262918632E-08, 0.000000000E+00, 7.859674111E+01, 4.633206794E+02, 7.618838268E-01, 1.414018055E+01, 1.414018055E+01, 1.673292991E+05
      1199, 8.797262795E-03, 4.338606726E-03, 6.000000238E-01, 8.799402774E-03, 4.334236457E-03, 5.966666667E-01, 5.430805761E-08, 0.000000000E+00, 5.920568014E+01, 4.723127778E+02, 7.473787474E-01, 1.232618034E+01, 1.232618035E+01, 1.765390693E+05
      1200, 9.319853038E-03, 3.163827816E-03, 6.000000238E-01, 9.321069208E-03, 3.160236928E-03, 5.966666667E-01, 4.689060813E-08, 0.000000000E+00, 4.167035273E+01, 4.817387363E+02, 7.327551340E-01, 1.034919749E+01, 1.034919749E+01, 1.862088268E+05
      1201, 9.682803415E-03, 1.926104189E-03, 6.000000238E-01, 9.683256701E-03, 1.923844518E-03, 5.966666667E-01, 4.000079683E-08, 0.000000000E+00, 2.682166347E+01, 4.914387397E+02, 7.182920347E-01, 8.241259914E+00, 8.241259915E+00, 1.961764142E+05
      1202, 9.878453799E-03, 6.474863039E-04, 6.000000238E-01, 9.878509538E-03, 6.467227778E-04, 5.966666667E-01, 3.364350892E-08, 0.000000000E+00, 1.587397342E+01, 5.006993574E+02, 7.050069609E-01, 6.175870002E+00, 6.175870003E+00, 2.057083028E+05
      1203, 9.902087972E-03,-6.490298547E-04, 6.000000238E-01, 9.902141157E-03,-6.482662141E-04, 5.966666667E-01, 2.789235651E-08, 0.000000000E+00, 8.909285397E+00, 5.088808255E+02, 6.936722993E-01, 4.322493077E+00, 4.322493077E+00, 2.141430529E+05
      1204, 9.752355516E-03,-1.939888927E-03, 6.000000238E-01, 9.752806264E-03,-1.937628694E-03, 5.966666667E-01, 2.279369991E-08, 0.000000000E+00, 5.011224774E+00, 5.157688517E+02, 6.844083955E-01, 2.746928097E+00, 2.746928097E+00, 2.212546987E+05
      1205, 9.431344457E-03,-3.201532410E-03, 6.000000238E-01, 9.432562745E-03,-3.197942209E-03, 5.966666667E-01, 1.836444110E-08, 0.000000000E+00, 3.145831988E+00, 5.213776445E+02, 6.770457767E-01, 1.454954971E+00, 1.454954971E+00, 2.270525899E+05
      1206, 8.944506757E-03,-4.410951864E-03, 6.000000238E-01, 8.946659126E-03,-4.406587631E-03, 5.966666667E-01, 1.461798511E-08, 0.000000000E+00, 2.493008932E+00, 5.257796817E+02, 6.713772795E-01, 4.353722359E-01, 4.353722359E-01, 2.316074471E+05
      1207, 6.446982268E-03, 7.351191249E-03, 6.000000238E-01, 6.445487996E-03, 7.352519457E-03, 5.966666667E-01, 6.078749115E-08, 0.000000000E+00, 7.543652593E+01, 4.647164237E+02, 7.595955604E-01, 1.386455932E+01, 1.386455932E+01, 1.687578759E+05
      1208, 5.453752819E-03, 8.161713369E-03, 6.000000238E-01, 5.449918207E-03, 8.164262253E-03, 5.966666667E-01, 5.203585803E-08, 0.000000000E+00, 5.536829228E+01, 4.742543628E+02, 7.443189982E-01, 1.192676409E+01, 1.192676409E+01, 1.785295649E+05
      1209, 4.355621058E-03, 8.831892163E-03, 6.000000238E-01, 4.351251833E-03, 8.834034170E-03, 5.966666667E-01, 4.509356319E-08, 0.000000000E+00, 3.892276689E+01, 4.833854135E+02, 7.302589660E-01, 9.997329839E+00, 9.997329841E+00, 1.878997357E+05
      1210, 3.174464218E-03, 9.351304732E-03, 6.000000238E-01, 3.170873334E-03, 9.352520785E-03, 5.966666667E-01, 3.891295142E-08, 0.000000000E+00, 2.550399435E+01, 4.924270698E+02, 7.168503803E-01, 8.023611434E+00, 8.023611435E+00, 1.971929591E+05
      1211, 1.931593637E-03, 9.710500948E-03, 6.000000238E-01, 1.929333669E-03, 9.710952810E-03, 5.966666667E-01, 3.317836907E-08, 0.000000000E+00, 1.550453983E+01, 5.010704417E+02, 7.044848446E-01, 6.092673456E+00, 6.092673457E+00, 2.060905853E+05
      1212, 6.490298547E-04, 9.902087972E-03, 6.000000238E-01, 6.482662141E-04, 9.902141157E-03, 5.966666667E-01, 2.789235651E-08, 0.000000000E+00, 8.909285397E+00, 5.088808255E+02, 6.936722993E-01, 4.322493077E+00, 4.322493077E+00, 2.141430529E+05
      1213,-6.503064651E-04, 9.921634570E-03, 6.000000238E-01,-6.495427723E-04, 9.921686597E-03, 5.966666667E-01, 2.311467607E-08, 0.000000000E+00, 5.083858102E+00, 5.156029803E+02, 6.846285722E-01, 2.784876641E+00, 2.784876641E+00, 2.210833308E+05
      1214,-1.942994655E-03, 9.768025950E-03, 6.000000238E-01,-1.940734403E-03, 9.768476459E-03, 5.966666667E-01, 1.888243994E-08, 0.000000000E+00, 3.187572824E+00, 5.211964189E+02, 6.772811928E-01, 1.496589153E+00, 1.496589153E+00, 2.268651560E+05
      1215,-3.205648856E-03, 9.443516843E-03, 6.000000238E-01,-3.202058951E-03, 9.444735845E-03, 5.966666667E-01, 1.520840476E-08, 0.000000000E+00, 2.498167363E+00, 5.257020743E+02, 6.714763923E-01, 4.531488372E-01, 4.531488372E-01, 2.315271120E+05
      1216, 7.351191249E-03, 6.446982268E-03, 6.000000238E-01, 7.352519457E-03, 6.445487996E-03, 5.966666667E-01, 6.078749115E-08, 0.000000000E+00, 7.543652593E+01, 4.647164237E+02, 7.595955604E-01, 1.386455932E+01, 1.386455932E+01, 1.687578759E+05
      1217, 8.161712438E-03, 5.453752819E-03, 6.000000238E-01, 8.164262253E-03, 5.449918207E-03, 5.966666667E-01, 5.203585803E-08, 0.000000000E+00, 5.536829228E+01, 4.742543628E+02, 7.443189982E-01, 1.192676409E+01, 1.192676409E+01, 1.785295649E+05
      1218, 8.831892163E-03, 4.355621058E-03, 6.000000238E-01, 8.834034170E-03, 4.351251833E-03, 5.966666667E-01, 4.509356319E-08, 0.000000000E+00, 3.892276689E+01, 4.833854135E+02, 7.302589660E-01, 9.997329839E+00, 9.997329841E+00, 1.878997357E+05
      1219, 9.351304732E-03, 3.174464218E-03, 6.000000238E-01, 9.352520785E-03, 3.170873334E-03, 5.966666667E-01, 3.891295142E-08, 0.000000000E+00, 2.550399435E+01, 4.924270698E+02, 7.168503803E-01, 8.023611434E+00, 8.023611435E+00, 1.971929591E+05
      1220, 9.710500948E-03, 1.931593637E-03, 6.000000238E-01, 9.710952810E-03, 1.929333669E-03, 5.966666667E-01, 3.317836907E-08, 0.000000000E+00, 1.550453983E+01, 5.010704417E+02, 7.044848446E-01, 6.092673456E+00, 6.092673457E+00, 2.060905853E+05
      1221, 9.902087972E-03, 6.490298547E-04, 6.000000238E-01, 9.902141157E-03, 6.482662141E-04, 5.966666667E-01, 2.789235651E-08, 0.000000000E+00, 8.909285397E+00, 5.088808255E+02, 6.936722993E-01, 4.322493077E+00, 4.322493077E+00, 2.141430529E+05
      1222, 9.921633638E-03,-6.503064651E-04, 6.000000238E-01, 9.921686597E-03,-6.495427723E-04, 5.966666667E-01, 2.311467607E-08, 0.000000000E+00, 5.083858102E+00, 5.156029803E+02, 6.846285722E-01, 2.784876641E+00, 2.784876641E+00, 2.210833308E+05
      1223, 9.768025950E-03,-1.942994655E-03, 6.000000238E-01, 9.768476459E-03,-1.940734403E-03, 5.966666667E-01, 1.888243994E-08, 0.000000000E+00, 3.187572824E+00, 5.211964189E+02, 6.772811928E-01, 1.496589153E+00, 1.496589153E+00, 2.268651560E+05
      1224, 9.443516843E-03,-3.205649089E-03, 6.000000238E-01, 9.444735845E-03,-3.202058951E-03, 5.966666667E-01, 1.520840476E-08, 0.000000000E+00, 2.498167363E+00, 5.257020743E+02, 6.714763923E-01, 4.531488372E-01, 4.531488372E-01, 2.315271120E+05
      1225, 6.475529168E-03, 7.383781951E-03, 6.000000238E-01, 6.474031730E-03, 7.385106838E-03, 5.966666667E-01, 5.049871962E-08, 0.000000000E+00, 5.277585056E+01, 4.756026123E+02, 7.422089853E-01, 1.164757928E+01, 1.164757929E+01, 1.799121774E+05
      1226, 5.474234466E-03, 8.192457259E-03, 6.000000238E-01, 5.470400487E-03, 8.195008205E-03, 5.966666667E-01, 4.319958081E-08, 0.000000000E+00, 3.608656577E+01, 4.851479762E+02, 7.276059050E-01, 9.618450840E+00, 9.618450842E+00, 1.897101837E+05
      1227, 4.369693808E-03, 8.860534057E-03, 6.000000238E-01, 4.365325162E-03, 8.862677618E-03, 5.966666667E-01, 3.741666925E-08, 0.000000000E+00, 2.374366729E+01, 4.937919231E+02, 7.148689879E-01, 7.722140043E+00, 7.722140044E+00, 1.985970652E+05
      1228, 3.183261491E-03, 9.377318434E-03, 6.000000238E-01, 3.179670627E-03, 9.378534151E-03, 5.966666667E-01, 3.227349030E-08, 0.000000000E+00, 1.477454941E+01, 5.018184834E+02, 7.034346959E-01, 5.924545336E+00, 5.924545337E+00, 2.068612844E+05
      1229, 1.936133835E-03, 9.733408689E-03, 6.000000238E-01, 1.933873693E-03, 9.733859999E-03, 5.966666667E-01, 2.750580093E-08, 0.000000000E+00, 8.730772806E+00, 5.091402892E+02, 6.933187959E-01, 4.263608356E+00, 4.263608356E+00, 2.144107681E+05
      1230, 6.503064651E-04, 9.921633638E-03, 6.000000238E-01, 6.495427723E-04, 9.921686597E-03, 5.966666667E-01, 2.311467607E-08, 0.000000000E+00, 5.083858102E+00, 5.156029803E+02, 6.846285722E-01, 2.784876641E+00, 2.784876641E+00, 2.210833308E+05
      1231,-6.513623521E-04, 9.937800467E-03, 6.000000238E-01,-6.505985964E-04, 9.937852367E-03, 5.966666667E-01, 1.914877724E-08, 0.000000000E+00, 3.208720834E+00, 5.211067479E+02, 6.773977380E-01, 1.517235304E+00, 1.517235304E+00, 2.267724156E+05
      1232,-1.945563476E-03, 9.780986235E-03, 6.000000238E-01,-1.943303088E-03, 9.781437039E-03, 5.966666667E-01, 1.563795677E-08, 0.000000000E+00, 2.502053846E+00, 5.256454547E+02, 6.715487200E-01, 4.661088869E-01, 4.661088869E-01, 2.314685030E+05
      1233, 7.383781951E-03, 6.475529168E-03, 6.000000238E-01, 7.385106838E-03, 6.474031730E-03, 5.966666667E-01, 5.049871962E-08, 0.000000000E+00, 5.277585056E+01, 4.756026123E+02, 7.422089853E-01, 1.164757928E+01, 1.164757929E+01, 1.799121774E+05
      1234, 8.192458190E-03, 5.474234000E-03, 6.000000238E-01, 8.195008205E-03, 5.470400487E-03, 5.966666667E-01, 4.319958080E-08, 0.000000000E+00, 3.608656577E+01, 4.851479762E+02, 7.276059050E-01, 9.618450840E+00, 9.618450842E+00, 1.897101837E+05
      1235, 8.860534057E-03, 4.369693808E-03, 6.000000238E-01, 8.862677618E-03, 4.365325162E-03, 5.966666667E-01, 3.741666925E-08, 0.000000000E+00, 2.374366729E+01, 4.937919231E+02, 7.148689879E-01, 7.722140043E+00, 7.722140044E+00, 1.985970652E+05
      1236, 9.377317503E-03, 3.183261491E-03, 6.000000238E-01, 9.378534151E-03, 3.179670627E-03, 5.966666667E-01, 3.227349030E-08, 0.000000000E+00, 1.477454941E+01, 5.018184834E+02, 7.034346959E-01, 5.924545336E+00, 5.924545337E+00, 2.068612844E+05
      1237, 9.733409621E-03, 1.936133835E-03, 6.000000238E-01, 9.733859999E-03, 1.933873693E-03, 5.966666667E-01, 2.750580093E-08, 0.000000000E+00, 8.730772806E+00, 5.091402892E+02, 6.933187959E-01, 4.263608356E+00, 4.263608356E+00, 2.144107681E+05
      1238, 9.921634570E-03, 6.503064651E-04, 6.000000238E-01, 9.921686597E-03, 6.495427723E-04, 5.966666667E-01, 2.311467607E-08, 0.000000000E+00, 5.083858102E+00, 5.156029803E+02, 6.846285722E-01, 2.784876641E+00, 2.784876641E+00, 2.210833308E+05
      1239, 9.937800467E-03,-6.513623521E-04, 6.000000238E-01, 9.937852367E-03,-6.505985964E-04, 5.966666667E-01, 1.914877724E-08, 0.000000000E+00, 3.208720834E+00, 5.211067479E+02, 6.773977380E-01, 1.517235304E+00, 1.517235304E+00, 2.267724156E+05
      1240, 9.780986235E-03,-1.945563359E-03, 6.000000238E-01, 9.781437039E-03,-1.943303088E-03, 5.966666667E-01, 1.563795677E-08, 0.000000000E+00, 2.502053846E+00, 5.256454547E+02, 6.715487200E-01, 4.661088869E-01, 4.661088869E-01, 2.314685030E+05
      1241, 6.499139592E-03, 7.410737220E-03, 6.000000238E-01, 6.497640196E-03, 7.412059797E-03, 5.966666667E-01, 4.191873041E-08, 0.000000000E+00, 3.420733405E+01, 4.863553186E+02, 7.257996752E-01, 9.357681682E+00, 9.357681683E+00, 1.909506499E+05
      1242, 5.491174292E-03, 8.217886090E-03, 6.000000238E-01, 5.487341261E-03, 8.220438001E-03, 5.966666667E-01, 3.584014529E-08, 0.000000000E+00, 2.195940368E+01, 4.952336504E+02, 7.127878567E-01, 7.402611099E+00, 7.402611100E+00, 2.000806204E+05
      1243, 4.381332546E-03, 8.884223178E-03, 6.000000238E-01, 4.376965094E-03, 8.886368374E-03, 5.966666667E-01, 3.102911749E-08, 0.000000000E+00, 1.380692289E+01, 5.028454435E+02, 7.019980729E-01, 5.693403979E+00, 5.693403980E+00, 2.079195322E+05
      1244, 3.190537449E-03, 9.398832917E-03, 6.000000238E-01, 3.186946779E-03, 9.400049543E-03, 5.966666667E-01, 2.675387571E-08, 0.000000000E+00, 8.378494909E+00, 5.096630800E+02, 6.926076189E-01, 4.144806363E+00, 4.144806363E+00, 2.149502256E+05
      1245, 1.939888927E-03, 9.752355516E-03, 6.000000238E-01, 1.937628694E-03, 9.752806264E-03, 5.966666667E-01, 2.279369991E-08, 0.000000000E+00, 5.011224774E+00, 5.157688517E+02, 6.844083955E-01, 2.746928097E+00, 2.746928097E+00, 2.212546987E+05
      1246, 6.513623521E-04, 9.937800467E-03, 6.000000238E-01, 6.505985964E-04, 9.937852367E-03, 5.966666667E-01, 1.914877724E-08, 0.000000000E+00, 3.208720834E+00, 5.211067479E+02, 6.773977380E-01, 1.517235304E+00, 1.517235304E+00, 2.267724156E+05
      1247,-6.522356416E-04, 9.951171465E-03, 6.000000238E-01,-6.514718526E-04, 9.951222830E-03, 5.966666667E-01, 1.585883018E-08, 0.000000000E+00, 2.504026452E+00, 5.256177079E+02, 6.715841704E-01, 4.725364432E-01, 4.725364432E-01, 2.314397816E+05
      1248, 7.410737686E-03, 6.499139592E-03, 6.000000238E-01, 7.412059797E-03, 6.497640196E-03, 5.966666667E-01, 4.191873041E-08, 0.000000000E+00, 3.420733405E+01, 4.863553186E+02, 7.257996752E-01, 9.357681682E+00, 9.357681683E+00, 1.909506499E+05
      1249, 8.217886090E-03, 5.491174292E-03, 6.000000238E-01, 8.220438001E-03, 5.487341261E-03, 5.966666667E-01, 3.584014529E-08, 0.000000000E+00, 2.195940368E+01, 4.952336504E+02, 7.127878567E-01, 7.402611099E+00, 7.402611100E+00, 2.000806204E+05
      1250, 8.884223178E-03, 4.381332546E-03, 6.000000238E-01, 8.886368374E-03, 4.376965094E-03, 5.966666667E-01, 3.102911749E-08, 0.000000000E+00, 1.380692289E+01, 5.028454435E+02, 7.019980729E-01, 5.693403979E+00, 5.693403980E+00, 2.079195322E+05
      1251, 9.398832917E-03, 3.190537449E-03, 6.000000238E-01, 9.400049543E-03, 3.186946779E-03, 5.966666667E-01, 2.675387571E-08, 0.000000000E+00, 8.378494909E+00, 5.096630800E+02, 6.926076189E-01, 4.144806363E+00, 4.144806363E+00, 2.149502256E+05
      1252, 9.752355516E-03, 1.939888927E-03, 6.000000238E-01, 9.752806264E-03, 1.937628694E-03, 5.966666667E-01, 2.279369991E-08, 0.000000000E+00, 5.011224774E+00, 5.157688517E+02, 6.844083955E-01, 2.746928097E+00, 2.746928097E+00, 2.212546987E+05
      1253, 9.937800467E-03, 6.513623521E-04, 6.000000238E-01, 9.937852367E-03, 6.505985964E-04, 5.966666667E-01, 1.914877724E-08, 0.000000000E+00, 3.208720834E+00, 5.211067479E+02, 6.773977380E-01, 1.517235304E+00, 1.517235304E+00, 2.267724156E+05
      1254, 9.951171465E-03,-6.522356416E-04, 6.000000238E-01, 9.951222830E-03,-6.514718526E-04, 5.966666667E-01, 1.585883018E-08, 0.000000000E+00, 2.504026452E+00, 5.256177079E+02, 6.715841704E-01, 4.725364432E-01, 4.725364432E-01, 2.314397816E+05
      1255, 6.518667564E-03, 7.433031686E-03, 6.000000238E-01, 6.517166624E-03, 7.434352435E-03, 5.966666667E-01, 3.477427203E-08, 0.000000000E+00, 2.079485031E+01, 4.962104565E+02, 7.113847112E-01, 7.185571745E+00, 7.185571746E+00, 2.010859784E+05
      1256, 5.505185109E-03, 8.238917217E-03, 6.000000238E-01, 5.501352824E-03, 8.241470760E-03, 5.966666667E-01, 2.971833269E-08, 0.000000000E+00, 1.283426750E+01, 5.039233611E+02, 7.004964634E-01, 5.450396028E+00, 5.450396028E+00, 2.090305170E+05
      1257, 4.390958697E-03, 8.903815411E-03, 6.000000238E-01, 4.386592356E-03, 8.905962741E-03, 5.966666667E-01, 2.572000984E-08, 0.000000000E+00, 7.912279765E+00, 5.103797451E+02, 6.916350730E-01, 3.981830663E+00, 3.981830664E+00, 2.156898272E+05
      1258, 3.196555190E-03, 9.416626766E-03, 6.000000238E-01, 3.192964794E-03, 9.417844658E-03, 5.966666667E-01, 2.216939136E-08, 0.000000000E+00, 4.867884189E+00, 5.161033550E+02, 6.839648083E-01, 2.670394551E+00, 2.670394551E+00, 2.216003033E+05
      1259, 1.942994655E-03, 9.768025950E-03, 6.000000238E-01, 1.940734403E-03, 9.768476459E-03, 5.966666667E-01, 1.888243994E-08, 0.000000000E+00, 3.187572824E+00, 5.211964189E+02, 6.772811928E-01, 1.496589153E+00, 1.496589153E+00, 2.268651560E+05
      1260, 6.522356416E-04, 9.951171465E-03, 6.000000238E-01, 6.514718526E-04, 9.951222830E-03, 5.966666667E-01, 1.585883018E-08, 0.000000000E+00, 2.504026452E+00, 5.256177079E+02, 6.715841704E-01, 4.725364432E-01, 4.725364432E-01, 2.314397816E+05
      1261, 7.433031686E-03, 6.518667564E-03, 6.000000238E-01, 7.434352435E-03, 6.517166624E-03, 5.966666667E-01, 3.477427203E-08, 0.000000000E+00, 2.079485031E+01, 4.962104565E+02, 7.113847112E-01, 7.185571745E+00, 7.185571746E+00, 2.010859784E+05
      1262, 8.238918148E-03, 5.505184643E-03, 6.000000238E-01, 8.241470760E-03, 5.501352824E-03, 5.966666667E-01, 2.971833269E-08, 0.000000000E+00, 1.283426750E+01, 5.039233611E+02, 7.004964634E-01, 5.450396028E+00, 5.450396028E+00, 2.090305170E+05
      1263, 8.903815411E-03, 4.390958697E-03, 6.000000238E-01, 8.905962741E-03, 4.386592356E-03, 5.966666667E-01, 2.572000984E-08, 0.000000000E+00, 7.912279765E+00, 5.103797451E+02, 6.916350730E-01, 3.981830663E+00, 3.981830664E+00, 2.156898272E+05
      1264, 9.416626766E-03, 3.196555423E-03, 6.000000238E-01, 9.417844658E-03, 3.192964794E-03, 5.966666667E-01, 2.216939136E-08, 0.000000000E+00, 4.867884189E+00, 5.161033550E+02, 6.839648083E-01, 2.670394551E+00, 2.670394551E+00, 2.216003033E+05
      1265, 9.768025950E-03, 1.942994655E-03, 6.000000238E-01, 9.768476459E-03, 1.940734403E-03, 5.966666667E-01, 1.888243994E-08, 0.000000000E+00, 3.187572824E+00, 5.211964189E+02, 6.772811928E-01, 1.496589153E+00, 1.496589153E+00, 2.268651560E+05
      1266, 9.951171465E-03, 6.522356416E-04, 6.000000238E-01, 9.951222830E-03, 6.514718526E-04, 5.966666667E-01, 1.585883018E-08, 0.000000000E+00, 2.504026452E+00, 5.256177079E+02, 6.715841704E-01, 4.725364432E-01, 4.725364432E-01, 2.314397816E+05
      1267, 6.534818560E-03, 7.451470941E-03, 6.000000238E-01, 6.533316761E-03, 7.452790481E-03, 5.966666667E-01, 2.883231921E-08, 0.000000000E+00, 1.220341599E+01, 5.046501166E+02, 6.994876661E-01, 5.286365026E+00, 5.286365026E+00, 2.097796982E+05
      1268, 5.516772624E-03, 8.256312460E-03, 6.000000238E-01, 5.512941629E-03, 8.258866716E-03, 5.966666667E-01, 2.463118475E-08, 0.000000000E+00, 7.444336809E+00, 5.111308175E+02, 6.906187617E-01, 3.810864508E+00, 3.810864508E+00, 2.164650473E+05
      1269, 4.398920573E-03, 8.920019493E-03, 6.000000238E-01, 4.394554939E-03, 8.922168987E-03, 5.966666667E-01, 2.131110749E-08, 0.000000000E+00, 4.678099448E+00, 5.165619053E+02, 6.833576550E-01, 2.565432154E+00, 2.565432154E+00, 2.220741079E+05
      1270, 3.201532410E-03, 9.431344457E-03, 6.000000238E-01, 3.197942209E-03, 9.432562745E-03, 5.966666667E-01, 1.836444110E-08, 0.000000000E+00, 3.145831988E+00, 5.213776445E+02, 6.770457767E-01, 1.454954971E+00, 1.454954971E+00, 2.270525899E+05
      1271, 1.945563359E-03, 9.780986235E-03, 6.000000238E-01, 1.943303088E-03, 9.781437039E-03, 5.966666667E-01, 1.563795677E-08, 0.000000000E+00, 2.502053846E+00, 5.256454547E+02, 6.715487200E-01, 4.661088869E-01, 4.661088869E-01, 2.314685030E+05
      1272, 7.451470941E-03, 6.534818560E-03, 6.000000238E-01, 7.452790481E-03, 6.533316761E-03, 5.966666667E-01, 2.883231921E-08, 0.000000000E+00, 1.220341599E+01, 5.046501166E+02, 6.994876661E-01, 5.286365026E+00, 5.286365026E+00, 2.097796982E+05
      1273, 8.256311528E-03, 5.516772624E-03, 6.000000238E-01, 8.258866716E-03, 5.512941629E-03, 5.966666667E-01, 2.463118475E-08, 0.000000000E+00, 7.444336809E+00, 5.111308175E+02, 6.906187617E-01, 3.810864508E+00, 3.810864508E+00, 2.164650473E+05
      1274, 8.920019493E-03, 4.398920573E-03, 6.000000238E-01, 8.922168987E-03, 4.394554939E-03, 5.966666667E-01, 2.131110749E-08, 0.000000000E+00, 4.678099448E+00, 5.165619053E+02, 6.833576550E-01, 2.565432154E+00, 2.565432154E+00, 2.220741079E+05
      1275, 9.431344457E-03, 3.201532643E-03, 6.000000238E-01, 9.432562745E-03, 3.197942209E-03, 5.966666667E-01, 1.836444110E-08, 0.000000000E+00, 3.145831988E+00, 5.213776445E+02, 6.770457767E-01, 1.454954971E+00, 1.454954971E+00, 2.270525899E+05
      1276, 9.780986235E-03, 1.945563476E-03, 6.000000238E-01, 9.781437039E-03, 1.943303088E-03, 5.966666667E-01, 1.563795677E-08, 0.000000000E+00, 2.502053846E+00, 5.256454547E+02, 6.715487200E-01, 4.661088869E-01, 4.661088869E-01, 2.314685030E+05
      1277, 6.548176520E-03, 7.466720883E-03, 6.000000238E-01, 6.546674358E-03, 7.468040382E-03, 5.966666667E-01, 2.389533636E-08, 0.000000000E+00, 7.141109778E+00, 5.116366485E+02, 6.899359796E-01, 3.695646874E+00, 3.695646874E+00, 2.169872049E+05
      1278, 5.526356865E-03, 8.270698600E-03, 6.000000238E-01, 5.522526575E-03, 8.273254679E-03, 5.966666667E-01, 2.040734664E-08, 0.000000000E+00, 4.487504565E+00, 5.170424264E+02, 6.827225663E-01, 2.455350179E+00, 2.455350179E+00, 2.225706594E+05
      1279, 4.405505490E-03, 8.933422156E-03, 6.000000238E-01, 4.401140675E-03, 8.935572936E-03, 5.966666667E-01, 1.765238712E-08, 0.000000000E+00, 3.090523192E+00, 5.216261188E+02, 6.767232689E-01, 1.397850767E+00, 1.397850767E+00, 2.273095870E+05
      1280, 3.205649089E-03, 9.443516843E-03, 6.000000238E-01, 3.202058951E-03, 9.444735845E-03, 5.966666667E-01, 1.520840476E-08, 0.000000000E+00, 2.498167363E+00, 5.257020743E+02, 6.714763923E-01, 4.531488372E-01, 4.531488372E-01, 2.315271120E+05
      1281, 7.466720883E-03, 6.548176520E-03, 6.000000238E-01, 7.468040382E-03, 6.546674358E-03, 5.966666667E-01, 2.389533636E-08, 0.000000000E+00, 7.141109778E+00, 5.116366485E+02, 6.899359796E-01, 3.695646874E+00, 3.695646874E+00, 2.169872049E+05
      1282, 8.270698600E-03, 5.526356865E-03, 6.000000238E-01, 8.273254679E-03, 5.522526575E-03, 5.966666667E-01, 2.040734664E-08, 0.000000000E+00, 4.487504565E+00, 5.170424264E+02, 6.827225663E-01, 2.455350179E+00, 2.455350179E+00, 2.225706594E+05
      1283, 8.933422156E-03, 4.405505490E-03, 6.000000238E-01, 8.935572936E-03, 4.401140675E-03, 5.966666667E-01, 1.765238712E-08, 0.000000000E+00, 3.090523192E+00, 5.216261188E+02, 6.767232689E-01, 1.397850767E+00, 1.397850767E+00, 2.273095870E+05
      1284, 9.443516843E-03, 3.205648856E-03, 6.000000238E-01, 9.444735845E-03, 3.202058951E-03, 5.966666667E-01, 1.520840476E-08, 0.000000000E+00, 2.498167363E+00, 5.257020743E+02, 6.714763923E-01, 4.531488372E-01, 4.531488372E-01, 2.315271120E+05
      1285, 6.559224799E-03, 7.479334250E-03, 6.000000238E-01, 6.557722250E-03, 7.480653373E-03, 5.966666667E-01, 1.979665898E-08, 0.000000000E+00, 4.363917839E+00, 5.173660250E+02, 6.822955417E-01, 2.381174928E+00, 2.381174928E+00, 2.229050794E+05
      1286, 5.534283351E-03, 8.282597177E-03, 6.000000238E-01, 5.530454140E-03, 8.285154748E-03, 5.966666667E-01, 1.690270549E-08, 0.000000000E+00, 3.034939096E+00, 5.218864652E+02, 6.763856812E-01, 1.337954524E+00, 1.337954524E+00, 2.275788767E+05
      1287, 4.410951864E-03, 8.944506757E-03, 6.000000238E-01, 4.406587631E-03, 8.946659126E-03, 5.966666667E-01, 1.461798511E-08, 0.000000000E+00, 2.493008932E+00, 5.257796817E+02, 6.713772795E-01, 4.353722359E-01, 4.353722359E-01, 2.316074471E+05
      1288, 7.479334250E-03, 6.559224799E-03, 6.000000238E-01, 7.480653373E-03, 6.557722250E-03, 5.966666667E-01, 1.979665898E-08, 0.000000000E+00, 4.363917839E+00, 5.173660250E+02, 6.822955417E-01, 2.381174928E+00, 2.381174928E+00, 2.229050794E+05
      1289, 8.282598108E-03, 5.534283351E-03, 6.000000238E-01, 8.285154748E-03, 5.530454140E-03, 5.966666667E-01, 1.690270549E-08, 0.000000000E+00, 3.034939096E+00, 5.218864652E+02, 6.763856812E-01, 1.337954524E+00, 1.337954524E+00, 2.275788767E+05
      1290, 8.944506757E-03, 4.410951864E-03, 6.000000238E-01, 8.946659126E-03, 4.406587631E-03, 5.966666667E-01, 1.461798511E-08, 0.000000000E+00, 2.493008932E+00, 5.257796817E+02, 6.713772795E-01, 4.353722359E-01, 4.353722359E-01, 2.316074471E+05
      1291, 6.568362005E-03, 7.489766460E-03, 6.000000238E-01, 6.566859797E-03, 7.491085390E-03, 5.966666667E-01, 1.639619388E-08, 0.000000000E+00, 2.998858158E+00, 5.220617584E+02, 6.761585705E-01, 1.297591349E+00, 1.297591349E+00, 2.277601990E+05
      1292, 5.540839862E-03, 8.292438462E-03, 6.000000238E-01, 5.537010900E-03, 8.294997101E-03, 5.966666667E-01, 1.399643445E-08, 0.000000000E+00, 2.487829718E+00, 5.258608358E+02, 6.712736684E-01, 4.167251430E-01, 4.167251430E-01, 2.316914549E+05
      1293, 7.489766926E-03, 6.568362471E-03, 6.000000238E-01, 7.491085390E-03, 6.566859797E-03, 5.966666667E-01, 1.639619388E-08, 0.000000000E+00, 2.998858158E+00, 5.220617584E+02, 6.761585705E-01, 1.297591349E+00, 1.297591349E+00, 2.277601990E+05
      1294, 8.292438462E-03, 5.540839862E-03, 6.000000238E-01, 8.294997101E-03, 5.537010900E-03, 5.966666667E-01, 1.399643445E-08, 0.000000000E+00, 2.487829718E+00, 5.258608358E+02, 6.712736684E-01, 4.167251430E-01, 4.167251430E-01, 2.316914549E+05
      1295, 6.575920153E-03, 7.498394698E-03, 6.000000238E-01, 6.574417313E-03, 7.499713542E-03, 5.966666667E-01, 1.357653491E-08, 0.000000000E+00, 2.484448340E+00, 5.259153636E+02, 6.712040695E-01, 4.041584104E-01, 4.041584104E-01, 2.317479009E+05
      1296, 7.498394698E-03, 6.575920153E-03, 6.000000238E-01, 7.499713542E-03, 6.574417313E-03, 5.966666667E-01, 1.357653491E-08, 0.000000000E+00, 2.484448340E+00, 5.259153636E+02, 6.712040695E-01, 4.041584104E-01, 4.041584104E-01, 2.317479009E+05
