Element Number	Structural Error (J)
1	3.7612e-010
2	3.6019e-010
3	1.3177e-010
4	7.0091e-011
5	7.2073e-011
6	6.2088e-011
7	6.4455e-011
8	7.0514e-011
9	6.4475e-011
10	7.126e-011
11	7.1654e-011
12	6.9582e-011
13	7.7737e-011
14	7.1645e-011
15	8.0019e-011
16	7.7426e-011
17	8.0753e-011
18	8.2841e-011
19	8.2815e-011
20	8.7648e-011
21	8.5854e-011
22	9.194e-011
23	9.0019e-011
24	9.5475e-011
25	9.5083e-011
26	9.8297e-011
27	1.0164e-010
28	1.0057e-010
29	1.0828e-010
30	1.0413e-010
31	1.12e-010
32	1.1268e-010
33	1.1253e-010
34	1.1952e-010
35	1.1961e-010
36	1.212e-010
37	1.272e-010
38	1.294e-010
39	1.2838e-010
40	1.3534e-010
41	1.38e-010
42	1.4075e-010
43	1.4127e-010
44	1.4689e-010
45	1.5044e-010
46	1.5388e-010
47	1.5671e-010
48	1.6014e-010
49	1.6408e-010
50	1.6672e-010
51	1.7141e-010
52	1.7532e-010
53	1.7936e-010
54	1.8339e-010
55	1.8764e-010
56	1.9272e-010
57	1.9432e-010
58	2.0075e-010
59	2.0475e-010
60	2.098e-010
61	2.1692e-010
62	2.2255e-010
63	2.2256e-010
64	2.2403e-010
65	2.4209e-010
66	2.4334e-010
67	2.2442e-010
68	2.2257e-010
69	2.2553e-010
70	2.2123e-010
71	2.135e-010
72	2.0861e-010
73	2.0537e-010
74	1.95e-010
75	1.9822e-010
76	1.9203e-010
77	1.8826e-010
78	1.8466e-010
79	1.8145e-010
80	1.7822e-010
81	1.6941e-010
82	1.7135e-010
83	1.6755e-010
84	1.6525e-010
85	1.6646e-010
86	1.6474e-010
87	1.672e-010
88	1.4121e-010
89	1.6415e-010
90	1.5936e-010
91	1.6643e-010
92	1.3143e-010
93	1.5828e-010
94	1.6124e-010
95	1.2478e-010
96	1.3028e-010
97	1.6166e-010
98	1.1603e-010
99	1.4047e-010
100	1.6727e-010
101	1.1374e-010
102	1.6997e-010
103	1.0787e-010
104	1.4725e-010
105	1.2695e-010
106	1.0946e-010
107	1.3817e-010
108	9.2272e-011
109	1.2745e-010
110	8.93e-011
111	1.1737e-010
112	9.0834e-011
113	1.0324e-010
114	1.0038e-010
115	8.6062e-011
116	1.2244e-010
117	8.0846e-011
118	1.2317e-010
119	7.3658e-011
120	8.9208e-011
121	8.7083e-011
122	7.2528e-011
123	9.8239e-011
124	1.4885e-010
125	1.9217e-010
126	2.689e-010
127	8.2307e-010
128	1.1397e-009
129	1.6008e-009
130	1.3819e-009
131	2.8231e-010
132	3.2566e-010
133	1.1671e-010
134	7.9295e-011
135	8.9595e-011
136	8.4905e-011
137	8.7302e-011
138	9.0379e-011
139	9.0277e-011
140	8.8605e-011
141	8.9079e-011
142	8.9911e-011
143	9.005e-011
144	9.2908e-011
145	9.2268e-011
146	9.451e-011
147	9.6027e-011
148	9.8016e-011
149	1.0071e-010
150	1.0199e-010
151	1.0575e-010
152	1.0653e-010
153	1.1075e-010
154	1.1163e-010
155	1.1533e-010
156	1.1741e-010
157	1.1952e-010
158	1.2437e-010
159	1.2419e-010
160	1.3101e-010
161	1.303e-010
162	1.3399e-010
163	1.3888e-010
164	1.3909e-010
165	1.4389e-010
166	1.4807e-010
167	1.4913e-010
168	1.5291e-010
169	1.593e-010
170	1.5979e-010
171	1.6339e-010
172	1.6752e-010
173	1.7342e-010
174	1.7568e-010
175	1.7919e-010
176	1.8292e-010
177	1.8748e-010
178	1.9193e-010
179	1.9619e-010
180	2.0151e-010
181	2.0502e-010
182	2.0976e-010
183	2.146e-010
184	2.1942e-010
185	2.2434e-010
186	2.2897e-010
187	2.3652e-010
188	2.4033e-010
189	2.4589e-010
190	2.5141e-010
191	2.5578e-010
192	2.6128e-010
193	2.7104e-010
194	2.8121e-010
195	2.7826e-010
196	2.7794e-010
197	2.8281e-010
198	2.7419e-010
199	2.6306e-010
200	2.5769e-010
201	2.5496e-010
202	2.5021e-010
203	2.4415e-010
204	2.44e-010
205	2.3225e-010
206	2.2908e-010
207	2.2444e-010
208	2.199e-010
209	2.1541e-010
210	2.1087e-010
211	2.1202e-010
212	2.0412e-010
213	2.0191e-010
214	1.969e-010
215	1.8968e-010
216	1.8834e-010
217	1.8794e-010
218	2.0834e-010
219	1.8167e-010
220	1.7282e-010
221	1.7368e-010
222	2.0566e-010
223	1.6931e-010
224	1.5813e-010
225	1.7713e-010
226	1.6282e-010
227	1.4664e-010
228	1.7996e-010
229	1.5399e-010
230	1.5151e-010
231	1.9839e-010
232	1.3706e-010
233	1.7042e-010
234	1.4488e-010
235	1.427e-010
236	1.4216e-010
237	1.285e-010
238	1.4637e-010
239	1.1672e-010
240	1.3272e-010
241	1.1335e-010
242	1.213e-010
243	1.123e-010
244	1.1168e-010
245	1.1234e-010
246	1.1025e-010
247	1.3439e-010
248	1.0753e-010
249	1.0839e-010
250	9.9266e-011
251	1.0127e-010
252	1.1134e-010
253	1.1878e-010
254	1.9914e-010
255	2.3488e-010
256	3.3065e-010
257	8.6069e-010
258	1.1945e-009
259	1.4811e-009
260	1.1428e-009
261	3.761e-010
262	3.602e-010
263	1.3177e-010
264	7.0105e-011
265	7.2076e-011
266	6.2066e-011
267	6.4412e-011
268	7.0444e-011
269	6.4381e-011
270	7.1175e-011
271	7.1595e-011
272	6.9538e-011
273	7.7674e-011
274	7.1576e-011
275	7.998e-011
276	7.744e-011
277	8.0775e-011
278	8.2831e-011
279	8.2801e-011
280	8.7661e-011
281	8.5881e-011
282	9.1938e-011
283	8.9999e-011
284	9.5479e-011
285	9.51e-011
286	9.8295e-011
287	1.0161e-010
288	1.005e-010
289	1.0821e-010
290	1.0413e-010
291	1.1205e-010
292	1.1274e-010
293	1.1256e-010
294	1.1949e-010
295	1.1952e-010
296	1.2105e-010
297	1.2707e-010
298	1.2945e-010
299	1.2819e-010
300	1.3546e-010
301	1.3799e-010
302	1.4079e-010
303	1.413e-010
304	1.4692e-010
305	1.5044e-010
306	1.5389e-010
307	1.5671e-010
308	1.6009e-010
309	1.6399e-010
310	1.6666e-010
311	1.7148e-010
312	1.7536e-010
313	1.7925e-010
314	1.8339e-010
315	1.875e-010
316	1.9272e-010
317	1.9431e-010
318	2.0076e-010
319	2.0484e-010
320	2.0982e-010
321	2.1703e-010
322	2.2265e-010
323	2.2266e-010
324	2.2401e-010
325	2.4214e-010
326	2.4324e-010
327	2.244e-010
328	2.2271e-010
329	2.2561e-010
330	2.2133e-010
331	2.1359e-010
332	2.0861e-010
333	2.0539e-010
334	1.9497e-010
335	1.9819e-010
336	1.9198e-010
337	1.8825e-010
338	1.8461e-010
339	1.8126e-010
340	1.787e-010
341	1.6775e-010
342	1.7184e-010
343	1.6726e-010
344	1.6524e-010
345	1.6649e-010
346	1.6476e-010
347	1.6706e-010
348	1.4109e-010
349	1.6405e-010
350	1.5939e-010
351	1.6646e-010
352	1.3146e-010
353	1.583e-010
354	1.6122e-010
355	1.2478e-010
356	1.3031e-010
357	1.6173e-010
358	1.1612e-010
359	1.4056e-010
360	1.6735e-010
361	1.138e-010
362	1.7e-010
363	1.0792e-010
364	1.4732e-010
365	1.2701e-010
366	1.0951e-010
367	1.3822e-010
368	9.2347e-011
369	1.2754e-010
370	8.9368e-011
371	1.1743e-010
372	9.0851e-011
373	1.0326e-010
374	1.0043e-010
375	8.6105e-011
376	1.2248e-010
377	8.0873e-011
378	1.232e-010
379	7.3692e-011
380	8.9253e-011
381	8.7138e-011
382	7.2592e-011
383	9.8281e-011
384	1.4889e-010
385	1.9221e-010
386	2.6893e-010
387	8.231e-010
388	1.1397e-009
389	1.6008e-009
390	1.382e-009
391	3.7603e-010
392	3.6015e-010
393	1.3174e-010
394	7.0072e-011
395	7.2057e-011
396	6.206e-011
397	6.4399e-011
398	7.0414e-011
399	6.4356e-011
400	7.1148e-011
401	7.159e-011
402	6.9535e-011
403	7.7674e-011
404	7.1564e-011
405	7.9977e-011
406	7.7447e-011
407	8.0766e-011
408	8.2785e-011
409	8.2748e-011
410	8.7655e-011
411	8.5892e-011
412	9.1942e-011
413	8.9995e-011
414	9.5497e-011
415	9.5117e-011
416	9.8291e-011
417	1.0156e-010
418	1.0039e-010
419	1.0813e-010
420	1.0411e-010
421	1.1205e-010
422	1.1275e-010
423	1.1257e-010
424	1.1949e-010
425	1.195e-010
426	1.2105e-010
427	1.2705e-010
428	1.295e-010
429	1.28e-010
430	1.3549e-010
431	1.3801e-010
432	1.4083e-010
433	1.4126e-010
434	1.4686e-010
435	1.5039e-010
436	1.5388e-010
437	1.5671e-010
438	1.6005e-010
439	1.6399e-010
440	1.6662e-010
441	1.7149e-010
442	1.7532e-010
443	1.7918e-010
444	1.8332e-010
445	1.8749e-010
446	1.9267e-010
447	1.9424e-010
448	2.0077e-010
449	2.0484e-010
450	2.0987e-010
451	2.1704e-010
452	2.2258e-010
453	2.2268e-010
454	2.2403e-010
455	2.4222e-010
456	2.4326e-010
457	2.2451e-010
458	2.2281e-010
459	2.257e-010
460	2.2131e-010
461	2.1358e-010
462	2.0857e-010
463	2.0541e-010
464	1.9505e-010
465	1.9817e-010
466	1.9206e-010
467	1.8813e-010
468	1.8459e-010
469	1.8121e-010
470	1.7866e-010
471	1.6773e-010
472	1.7188e-010
473	1.6727e-010
474	1.6521e-010
475	1.6652e-010
476	1.648e-010
477	1.6701e-010
478	1.4104e-010
479	1.6402e-010
480	1.5941e-010
481	1.6648e-010
482	1.3147e-010
483	1.5828e-010
484	1.6123e-010
485	1.2482e-010
486	1.3037e-010
487	1.6181e-010
488	1.1619e-010
489	1.4067e-010
490	1.6745e-010
491	1.1384e-010
492	1.7011e-010
493	1.0801e-010
494	1.4744e-010
495	1.2712e-010
496	1.0961e-010
497	1.3832e-010
498	9.24e-011
499	1.2763e-010
500	8.9429e-011
501	1.1751e-010
502	9.0904e-011
503	1.0331e-010
504	1.0048e-010
505	8.6156e-011
506	1.2252e-010
507	8.0899e-011
508	1.2324e-010
509	7.3716e-011
510	8.9284e-011
511	8.7172e-011
512	7.2616e-011
513	9.8311e-011
514	1.4892e-010
515	1.9224e-010
516	2.6894e-010
517	8.2312e-010
518	1.1397e-009
519	1.6008e-009
520	1.3821e-009
521	2.8232e-010
522	3.2564e-010
523	1.1665e-010
524	7.9222e-011
525	8.9532e-011
526	8.4865e-011
527	8.7237e-011
528	9.0245e-011
529	9.0088e-011
530	8.8467e-011
531	8.9046e-011
532	8.9938e-011
533	9.004e-011
534	9.2871e-011
535	9.2231e-011
536	9.4508e-011
537	9.601e-011
538	9.7936e-011
539	1.0065e-010
540	1.0204e-010
541	1.0584e-010
542	1.0658e-010
543	1.1079e-010
544	1.1169e-010
545	1.1537e-010
546	1.1734e-010
547	1.1933e-010
548	1.2413e-010
549	1.2396e-010
550	1.3087e-010
551	1.3032e-010
552	1.3405e-010
553	1.3891e-010
554	1.3909e-010
555	1.4382e-010
556	1.4791e-010
557	1.4905e-010
558	1.5282e-010
559	1.5935e-010
560	1.596e-010
561	1.6337e-010
562	1.6753e-010
563	1.734e-010
564	1.7551e-010
565	1.7901e-010
566	1.8293e-010
567	1.8748e-010
568	1.9177e-010
569	1.9615e-010
570	2.0137e-010
571	2.0505e-010
572	2.0971e-010
573	2.1443e-010
574	2.192e-010
575	2.2439e-010
576	2.2873e-010
577	2.3644e-010
578	2.4016e-010
579	2.46e-010
580	2.5142e-010
581	2.5573e-010
582	2.6123e-010
583	2.7092e-010
584	2.8143e-010
585	2.7847e-010
586	2.781e-010
587	2.8304e-010
588	2.7435e-010
589	2.6332e-010
590	2.5774e-010
591	2.5486e-010
592	2.5024e-010
593	2.4421e-010
594	2.44e-010
595	2.3243e-010
596	2.2896e-010
597	2.2448e-010
598	2.1976e-010
599	2.1533e-010
600	2.1071e-010
601	2.1194e-010
602	2.04e-010
603	2.0184e-010
604	1.9681e-010
605	1.8968e-010
606	1.8833e-010
607	1.8775e-010
608	2.0819e-010
609	1.8161e-010
610	1.7286e-010
611	1.7368e-010
612	2.0569e-010
613	1.6927e-010
614	1.5813e-010
615	1.7727e-010
616	1.63e-010
617	1.4682e-010
618	1.8018e-010
619	1.5425e-010
620	1.5173e-010
621	1.9861e-010
622	1.3722e-010
623	1.7072e-010
624	1.4515e-010
625	1.4297e-010
626	1.424e-010
627	1.287e-010
628	1.4664e-010
629	1.1694e-010
630	1.3298e-010
631	1.1357e-010
632	1.2148e-010
633	1.1246e-010
634	1.1183e-010
635	1.1247e-010
636	1.1036e-010
637	1.3451e-010
638	1.076e-010
639	1.0848e-010
640	9.9344e-011
641	1.0137e-010
642	1.1145e-010
643	1.1888e-010
644	1.9925e-010
645	2.3499e-010
646	3.307e-010
647	8.6075e-010
648	1.1945e-009
649	1.4811e-009
650	1.1428e-009
651	3.7603e-010
652	3.6015e-010
653	1.3174e-010
654	7.0072e-011
655	7.2057e-011
656	6.206e-011
657	6.4399e-011
658	7.0414e-011
659	6.4356e-011
660	7.1148e-011
661	7.159e-011
662	6.9535e-011
663	7.7674e-011
664	7.1564e-011
665	7.9977e-011
666	7.7447e-011
667	8.0766e-011
668	8.2785e-011
669	8.2748e-011
670	8.7655e-011
671	8.5893e-011
672	9.1941e-011
673	8.9995e-011
674	9.5497e-011
675	9.5117e-011
676	9.8292e-011
677	1.0156e-010
678	1.0039e-010
679	1.0813e-010
680	1.0411e-010
681	1.1205e-010
682	1.1275e-010
683	1.1257e-010
684	1.1949e-010
685	1.195e-010
686	1.2105e-010
687	1.2704e-010
688	1.2959e-010
689	1.279e-010
690	1.3559e-010
691	1.3799e-010
692	1.4083e-010
693	1.4126e-010
694	1.4686e-010
695	1.5039e-010
696	1.5388e-010
697	1.5671e-010
698	1.6005e-010
699	1.6399e-010
700	1.6662e-010
701	1.7149e-010
702	1.7532e-010
703	1.7918e-010
704	1.8332e-010
705	1.8749e-010
706	1.9267e-010
707	1.9424e-010
708	2.0077e-010
709	2.0484e-010
710	2.0987e-010
711	2.1704e-010
712	2.2258e-010
713	2.2268e-010
714	2.2403e-010
715	2.4222e-010
716	2.4326e-010
717	2.2451e-010
718	2.2281e-010
719	2.257e-010
720	2.2131e-010
721	2.1358e-010
722	2.0856e-010
723	2.0541e-010
724	1.9505e-010
725	1.9817e-010
726	1.9206e-010
727	1.8814e-010
728	1.8457e-010
729	1.8134e-010
730	1.7811e-010
731	1.6932e-010
732	1.7132e-010
733	1.6736e-010
734	1.6519e-010
735	1.6653e-010
736	1.648e-010
737	1.67e-010
738	1.4106e-010
739	1.6401e-010
740	1.5941e-010
741	1.6648e-010
742	1.3147e-010
743	1.5828e-010
744	1.6123e-010
745	1.2482e-010
746	1.3037e-010
747	1.6181e-010
748	1.1619e-010
749	1.4067e-010
750	1.6745e-010
751	1.1384e-010
752	1.7011e-010
753	1.0801e-010
754	1.4743e-010
755	1.2712e-010
756	1.0961e-010
757	1.3832e-010
758	9.2401e-011
759	1.2763e-010
760	8.9429e-011
761	1.1751e-010
762	9.0904e-011
763	1.0331e-010
764	1.0048e-010
765	8.6156e-011
766	1.2252e-010
767	8.09e-011
768	1.2324e-010
769	7.3716e-011
770	8.9284e-011
771	8.7172e-011
772	7.2616e-011
773	9.8312e-011
774	1.4892e-010
775	1.9224e-010
776	2.6894e-010
777	8.2312e-010
778	1.1397e-009
779	1.6008e-009
780	1.3821e-009
781	3.761e-010
782	3.602e-010
783	1.3177e-010
784	7.0105e-011
785	7.2076e-011
786	6.2066e-011
787	6.4412e-011
788	7.0444e-011
789	6.4381e-011
790	7.1175e-011
791	7.1595e-011
792	6.9538e-011
793	7.7674e-011
794	7.1576e-011
795	7.998e-011
796	7.7439e-011
797	8.0775e-011
798	8.2831e-011
799	8.2801e-011
800	8.7661e-011
801	8.5881e-011
802	9.1938e-011
803	8.9999e-011
804	9.548e-011
805	9.51e-011
806	9.8296e-011
807	1.0161e-010
808	1.005e-010
809	1.0821e-010
810	1.0413e-010
811	1.1205e-010
812	1.1274e-010
813	1.1256e-010
814	1.1949e-010
815	1.1952e-010
816	1.2105e-010
817	1.2705e-010
818	1.2963e-010
819	1.2795e-010
820	1.3565e-010
821	1.3798e-010
822	1.408e-010
823	1.4131e-010
824	1.4692e-010
825	1.5044e-010
826	1.5389e-010
827	1.5671e-010
828	1.6009e-010
829	1.6399e-010
830	1.6666e-010
831	1.7148e-010
832	1.7535e-010
833	1.7925e-010
834	1.8339e-010
835	1.875e-010
836	1.9272e-010
837	1.9431e-010
838	2.0076e-010
839	2.0484e-010
840	2.0982e-010
841	2.1703e-010
842	2.2265e-010
843	2.2266e-010
844	2.2401e-010
845	2.4214e-010
846	2.4324e-010
847	2.244e-010
848	2.2271e-010
849	2.2561e-010
850	2.2133e-010
851	2.1359e-010
852	2.0861e-010
853	2.0539e-010
854	1.9497e-010
855	1.9819e-010
856	1.9198e-010
857	1.8825e-010
858	1.846e-010
859	1.8139e-010
860	1.7809e-010
861	1.6947e-010
862	1.7123e-010
863	1.6736e-010
864	1.6523e-010
865	1.6649e-010
866	1.6476e-010
867	1.6704e-010
868	1.4109e-010
869	1.6403e-010
870	1.5939e-010
871	1.6646e-010
872	1.3147e-010
873	1.583e-010
874	1.6122e-010
875	1.2478e-010
876	1.3031e-010
877	1.6173e-010
878	1.1612e-010
879	1.4056e-010
880	1.6735e-010
881	1.138e-010
882	1.7e-010
883	1.0792e-010
884	1.4732e-010
885	1.2701e-010
886	1.0951e-010
887	1.3822e-010
888	9.2347e-011
889	1.2754e-010
890	8.9368e-011
891	1.1743e-010
892	9.0851e-011
893	1.0326e-010
894	1.0043e-010
895	8.6105e-011
896	1.2248e-010
897	8.0873e-011
898	1.232e-010
899	7.3692e-011
900	8.9253e-011
901	8.7138e-011
902	7.2592e-011
903	9.8281e-011
904	1.4889e-010
905	1.9221e-010
906	2.6893e-010
907	8.231e-010
908	1.1397e-009
909	1.6008e-009
910	1.382e-009
911	2.8231e-010
912	3.2566e-010
913	1.1671e-010
914	7.9295e-011
915	8.9595e-011
916	8.4905e-011
917	8.7301e-011
918	9.0379e-011
919	9.0277e-011
920	8.8605e-011
921	8.9078e-011
922	8.9911e-011
923	9.005e-011
924	9.2908e-011
925	9.2268e-011
926	9.451e-011
927	9.6027e-011
928	9.8016e-011
929	1.0071e-010
930	1.0199e-010
931	1.0575e-010
932	1.0653e-010
933	1.1075e-010
934	1.1163e-010
935	1.1533e-010
936	1.1741e-010
937	1.1952e-010
938	1.2438e-010
939	1.2419e-010
940	1.3101e-010
941	1.303e-010
942	1.3399e-010
943	1.3888e-010
944	1.3909e-010
945	1.4389e-010
946	1.4807e-010
947	1.4914e-010
948	1.5283e-010
949	1.5957e-010
950	1.5971e-010
951	1.6341e-010
952	1.6751e-010
953	1.7342e-010
954	1.7568e-010
955	1.7919e-010
956	1.8292e-010
957	1.8748e-010
958	1.9193e-010
959	1.9619e-010
960	2.0151e-010
961	2.0502e-010
962	2.0976e-010
963	2.146e-010
964	2.1942e-010
965	2.2434e-010
966	2.2897e-010
967	2.3652e-010
968	2.4033e-010
969	2.4589e-010
970	2.5141e-010
971	2.5578e-010
972	2.6128e-010
973	2.7104e-010
974	2.8121e-010
975	2.7826e-010
976	2.7794e-010
977	2.8281e-010
978	2.7419e-010
979	2.6306e-010
980	2.5769e-010
981	2.5496e-010
982	2.5021e-010
983	2.4415e-010
984	2.4401e-010
985	2.3225e-010
986	2.2908e-010
987	2.2444e-010
988	2.1991e-010
989	2.1532e-010
990	2.1118e-010
991	2.1166e-010
992	2.044e-010
993	2.0184e-010
994	1.9691e-010
995	1.8967e-010
996	1.8835e-010
997	1.8795e-010
998	2.0833e-010
999	1.8168e-010
1000	1.7283e-010
1001	1.7367e-010
1002	2.0566e-010
1003	1.6931e-010
1004	1.5813e-010
1005	1.7713e-010
1006	1.6282e-010
1007	1.4664e-010
1008	1.7996e-010
1009	1.5399e-010
1010	1.5151e-010
1011	1.9839e-010
1012	1.3706e-010
1013	1.7042e-010
1014	1.4488e-010
1015	1.427e-010
1016	1.4216e-010
1017	1.285e-010
1018	1.4637e-010
1019	1.1672e-010
1020	1.3272e-010
1021	1.1335e-010
1022	1.213e-010
1023	1.123e-010
1024	1.1168e-010
1025	1.1234e-010
1026	1.1025e-010
1027	1.3439e-010
1028	1.0753e-010
1029	1.0839e-010
1030	9.9266e-011
1031	1.0127e-010
1032	1.1134e-010
1033	1.1878e-010
1034	1.9914e-010
1035	2.3488e-010
1036	3.3065e-010
1037	8.6069e-010
1038	1.1945e-009
1039	1.4811e-009
1040	1.1428e-009
1041	3.7612e-010
1042	3.6019e-010
1043	1.3177e-010
1044	7.0091e-011
1045	7.2073e-011
1046	6.2088e-011
1047	6.4455e-011
1048	7.0514e-011
1049	6.4475e-011
1050	7.126e-011
1051	7.1654e-011
1052	6.9582e-011
1053	7.7737e-011
1054	7.1645e-011
1055	8.0018e-011
1056	7.7426e-011
1057	8.0754e-011
1058	8.2841e-011
1059	8.2815e-011
1060	8.7648e-011
1061	8.5854e-011
1062	9.194e-011
1063	9.002e-011
1064	9.5475e-011
1065	9.5083e-011
1066	9.8297e-011
1067	1.0164e-010
1068	1.0057e-010
1069	1.0828e-010
1070	1.0413e-010
1071	1.12e-010
1072	1.1268e-010
1073	1.1253e-010
1074	1.1952e-010
1075	1.196e-010
1076	1.212e-010
1077	1.2716e-010
1078	1.297e-010
1079	1.2804e-010
1080	1.3565e-010
1081	1.3796e-010
1082	1.4075e-010
1083	1.4127e-010
1084	1.4689e-010
1085	1.5044e-010
1086	1.5388e-010
1087	1.5671e-010
1088	1.6014e-010
1089	1.6408e-010
1090	1.6672e-010
1091	1.7141e-010
1092	1.7532e-010
1093	1.7936e-010
1094	1.8339e-010
1095	1.8764e-010
1096	1.9272e-010
1097	1.9432e-010
1098	2.0075e-010
1099	2.0475e-010
1100	2.098e-010
1101	2.1692e-010
1102	2.2255e-010
1103	2.2256e-010
1104	2.2403e-010
1105	2.4209e-010
1106	2.4334e-010
1107	2.2442e-010
1108	2.2257e-010
1109	2.2553e-010
1110	2.2123e-010
1111	2.135e-010
1112	2.0862e-010
1113	2.0537e-010
1114	1.95e-010
1115	1.9822e-010
1116	1.9203e-010
1117	1.8826e-010
1118	1.8468e-010
1119	1.8145e-010
1120	1.7816e-010
1121	1.6954e-010
1122	1.7129e-010
1123	1.6754e-010
1124	1.6527e-010
1125	1.6645e-010
1126	1.6478e-010
1127	1.6711e-010
1128	1.411e-010
1129	1.6405e-010
1130	1.594e-010
1131	1.6643e-010
1132	1.3142e-010
1133	1.5828e-010
1134	1.6124e-010
1135	1.2478e-010
1136	1.3028e-010
1137	1.6166e-010
1138	1.1603e-010
1139	1.4047e-010
1140	1.6727e-010
1141	1.1374e-010
1142	1.6997e-010
1143	1.0787e-010
1144	1.4725e-010
1145	1.2695e-010
1146	1.0946e-010
1147	1.3817e-010
1148	9.2273e-011
1149	1.2745e-010
1150	8.93e-011
1151	1.1737e-010
1152	9.0834e-011
1153	1.0324e-010
1154	1.0038e-010
1155	8.6062e-011
1156	1.2244e-010
1157	8.0846e-011
1158	1.2317e-010
1159	7.3658e-011
1160	8.9208e-011
1161	8.7083e-011
1162	7.2528e-011
1163	9.8238e-011
1164	1.4885e-010
1165	1.9217e-010
1166	2.689e-010
1167	8.2307e-010
1168	1.1397e-009
1169	1.6008e-009
1170	1.3819e-009
1171	3.7612e-010
1172	3.6019e-010
1173	1.3177e-010
1174	7.0091e-011
1175	7.2073e-011
1176	6.2088e-011
1177	6.4455e-011
1178	7.0514e-011
1179	6.4475e-011
1180	7.126e-011
1181	7.1654e-011
1182	6.9582e-011
1183	7.7737e-011
1184	7.1645e-011
1185	8.0018e-011
1186	7.7426e-011
1187	8.0753e-011
1188	8.2841e-011
1189	8.2815e-011
1190	8.7648e-011
1191	8.5854e-011
1192	9.1939e-011
1193	9.002e-011
1194	9.5475e-011
1195	9.5083e-011
1196	9.8297e-011
1197	1.0164e-010
1198	1.0057e-010
1199	1.0828e-010
1200	1.0413e-010
1201	1.12e-010
1202	1.1268e-010
1203	1.1253e-010
1204	1.1952e-010
1205	1.196e-010
1206	1.212e-010
1207	1.2716e-010
1208	1.297e-010
1209	1.2804e-010
1210	1.3565e-010
1211	1.3796e-010
1212	1.4075e-010
1213	1.4127e-010
1214	1.4689e-010
1215	1.5044e-010
1216	1.5388e-010
1217	1.5671e-010
1218	1.6014e-010
1219	1.6408e-010
1220	1.6672e-010
1221	1.7141e-010
1222	1.7532e-010
1223	1.7936e-010
1224	1.8339e-010
1225	1.8764e-010
1226	1.9272e-010
1227	1.9432e-010
1228	2.0075e-010
1229	2.0475e-010
1230	2.098e-010
1231	2.1692e-010
1232	2.2255e-010
1233	2.2256e-010
1234	2.2403e-010
1235	2.4209e-010
1236	2.4334e-010
1237	2.2442e-010
1238	2.2257e-010
1239	2.2553e-010
1240	2.2123e-010
1241	2.135e-010
1242	2.0861e-010
1243	2.0537e-010
1244	1.95e-010
1245	1.9822e-010
1246	1.9203e-010
1247	1.8826e-010
1248	1.8468e-010
1249	1.8145e-010
1250	1.7817e-010
1251	1.6952e-010
1252	1.713e-010
1253	1.6754e-010
1254	1.6527e-010
1255	1.6644e-010
1256	1.648e-010
1257	1.6712e-010
1258	1.4096e-010
1259	1.6407e-010
1260	1.5941e-010
1261	1.6642e-010
1262	1.3143e-010
1263	1.5828e-010
1264	1.6124e-010
1265	1.2478e-010
1266	1.3028e-010
1267	1.6166e-010
1268	1.1603e-010
1269	1.4047e-010
1270	1.6727e-010
1271	1.1374e-010
1272	1.6997e-010
1273	1.0787e-010
1274	1.4725e-010
1275	1.2695e-010
1276	1.0946e-010
1277	1.3817e-010
1278	9.2273e-011
1279	1.2745e-010
1280	8.93e-011
1281	1.1737e-010
1282	9.0834e-011
1283	1.0324e-010
1284	1.0038e-010
1285	8.6063e-011
1286	1.2244e-010
1287	8.0846e-011
1288	1.2317e-010
1289	7.3658e-011
1290	8.9208e-011
1291	8.7083e-011
1292	7.2528e-011
1293	9.8239e-011
1294	1.4885e-010
1295	1.9217e-010
1296	2.689e-010
1297	8.2307e-010
1298	1.1397e-009
1299	1.6008e-009
1300	1.3819e-009
1301	2.8231e-010
1302	3.2566e-010
1303	1.1671e-010
1304	7.9295e-011
1305	8.9595e-011
1306	8.4906e-011
1307	8.7301e-011
1308	9.0379e-011
1309	9.0277e-011
1310	8.8605e-011
1311	8.9078e-011
1312	8.9911e-011
1313	9.005e-011
1314	9.2908e-011
1315	9.2268e-011
1316	9.451e-011
1317	9.6027e-011
1318	9.8016e-011
1319	1.0071e-010
1320	1.0199e-010
1321	1.0575e-010
1322	1.0653e-010
1323	1.1075e-010
1324	1.1163e-010
1325	1.1533e-010
1326	1.1741e-010
1327	1.1952e-010
1328	1.2437e-010
1329	1.2419e-010
1330	1.3101e-010
1331	1.303e-010
1332	1.3399e-010
1333	1.3888e-010
1334	1.3909e-010
1335	1.4389e-010
1336	1.4807e-010
1337	1.4914e-010
1338	1.5283e-010
1339	1.5957e-010
1340	1.5971e-010
1341	1.634e-010
1342	1.6752e-010
1343	1.7342e-010
1344	1.7568e-010
1345	1.7919e-010
1346	1.8292e-010
1347	1.8748e-010
1348	1.9193e-010
1349	1.9619e-010
1350	2.0151e-010
1351	2.0502e-010
1352	2.0976e-010
1353	2.146e-010
1354	2.1942e-010
1355	2.2434e-010
1356	2.2897e-010
1357	2.3652e-010
1358	2.4033e-010
1359	2.4589e-010
1360	2.5141e-010
1361	2.5578e-010
1362	2.6128e-010
1363	2.7104e-010
1364	2.8121e-010
1365	2.7826e-010
1366	2.7794e-010
1367	2.8281e-010
1368	2.7419e-010
1369	2.6306e-010
1370	2.5769e-010
1371	2.5496e-010
1372	2.5021e-010
1373	2.4415e-010
1374	2.44e-010
1375	2.3224e-010
1376	2.2908e-010
1377	2.2444e-010
1378	2.1991e-010
1379	2.1532e-010
1380	2.1109e-010
1381	2.1177e-010
1382	2.0432e-010
1383	2.0185e-010
1384	1.9691e-010
1385	1.8967e-010
1386	1.8829e-010
1387	1.8818e-010
1388	2.0797e-010
1389	1.819e-010
1390	1.7279e-010
1391	1.7367e-010
1392	2.0566e-010
1393	1.6931e-010
1394	1.5813e-010
1395	1.7713e-010
1396	1.6282e-010
1397	1.4664e-010
1398	1.7996e-010
1399	1.5399e-010
1400	1.5151e-010
1401	1.9839e-010
1402	1.3706e-010
1403	1.7043e-010
1404	1.4488e-010
1405	1.427e-010
1406	1.4216e-010
1407	1.285e-010
1408	1.4637e-010
1409	1.1672e-010
1410	1.3272e-010
1411	1.1335e-010
1412	1.213e-010
1413	1.123e-010
1414	1.1168e-010
1415	1.1233e-010
1416	1.1025e-010
1417	1.3439e-010
1418	1.0753e-010
1419	1.0839e-010
1420	9.9266e-011
1421	1.0127e-010
1422	1.1134e-010
1423	1.1878e-010
1424	1.9914e-010
1425	2.3488e-010
1426	3.3065e-010
1427	8.6069e-010
1428	1.1945e-009
1429	1.4811e-009
1430	1.1428e-009
1431	3.761e-010
1432	3.602e-010
1433	1.3177e-010
1434	7.0105e-011
1435	7.2076e-011
1436	6.2066e-011
1437	6.4412e-011
1438	7.0444e-011
1439	6.4381e-011
1440	7.1175e-011
1441	7.1595e-011
1442	6.9538e-011
1443	7.7674e-011
1444	7.1576e-011
1445	7.998e-011
1446	7.7439e-011
1447	8.0775e-011
1448	8.2831e-011
1449	8.2801e-011
1450	8.7661e-011
1451	8.5881e-011
1452	9.1938e-011
1453	8.9999e-011
1454	9.548e-011
1455	9.51e-011
1456	9.8296e-011
1457	1.0161e-010
1458	1.005e-010
1459	1.0821e-010
1460	1.0413e-010
1461	1.1205e-010
1462	1.1274e-010
1463	1.1256e-010
1464	1.1949e-010
1465	1.1952e-010
1466	1.2105e-010
1467	1.2705e-010
1468	1.2963e-010
1469	1.2795e-010
1470	1.3565e-010
1471	1.3798e-010
1472	1.4079e-010
1473	1.413e-010
1474	1.4692e-010
1475	1.5044e-010
1476	1.5389e-010
1477	1.5671e-010
1478	1.6009e-010
1479	1.6399e-010
1480	1.6666e-010
1481	1.7148e-010
1482	1.7535e-010
1483	1.7925e-010
1484	1.8339e-010
1485	1.875e-010
1486	1.9272e-010
1487	1.9432e-010
1488	2.0076e-010
1489	2.0484e-010
1490	2.0982e-010
1491	2.1703e-010
1492	2.2265e-010
1493	2.2266e-010
1494	2.2401e-010
1495	2.4214e-010
1496	2.4324e-010
1497	2.244e-010
1498	2.2271e-010
1499	2.2561e-010
1500	2.2133e-010
1501	2.1359e-010
1502	2.0861e-010
1503	2.0539e-010
1504	1.9497e-010
1505	1.9819e-010
1506	1.9198e-010
1507	1.8825e-010
1508	1.846e-010
1509	1.8133e-010
1510	1.784e-010
1511	1.6948e-010
1512	1.7153e-010
1513	1.6729e-010
1514	1.6523e-010
1515	1.6648e-010
1516	1.6478e-010
1517	1.671e-010
1518	1.4099e-010
1519	1.6408e-010
1520	1.5941e-010
1521	1.6645e-010
1522	1.3147e-010
1523	1.583e-010
1524	1.6122e-010
1525	1.2478e-010
1526	1.3031e-010
1527	1.6173e-010
1528	1.1612e-010
1529	1.4056e-010
1530	1.6735e-010
1531	1.138e-010
1532	1.7e-010
1533	1.0793e-010
1534	1.4732e-010
1535	1.2701e-010
1536	1.0951e-010
1537	1.3822e-010
1538	9.2347e-011
1539	1.2754e-010
1540	8.9368e-011
1541	1.1743e-010
1542	9.0851e-011
1543	1.0326e-010
1544	1.0043e-010
1545	8.6104e-011
1546	1.2248e-010
1547	8.0873e-011
1548	1.232e-010
1549	7.3692e-011
1550	8.9253e-011
1551	8.7138e-011
1552	7.2592e-011
1553	9.8281e-011
1554	1.4889e-010
1555	1.9221e-010
1556	2.6893e-010
1557	8.231e-010
1558	1.1397e-009
1559	1.6008e-009
1560	1.382e-009
1561	3.7603e-010
1562	3.6015e-010
1563	1.3174e-010
1564	7.0072e-011
1565	7.2057e-011
1566	6.206e-011
1567	6.4399e-011
1568	7.0414e-011
1569	6.4356e-011
1570	7.1148e-011
1571	7.159e-011
1572	6.9535e-011
1573	7.7674e-011
1574	7.1564e-011
1575	7.9977e-011
1576	7.7447e-011
1577	8.0766e-011
1578	8.2785e-011
1579	8.2748e-011
1580	8.7655e-011
1581	8.5892e-011
1582	9.1941e-011
1583	8.9996e-011
1584	9.5496e-011
1585	9.5117e-011
1586	9.8292e-011
1587	1.0156e-010
1588	1.0039e-010
1589	1.0813e-010
1590	1.0411e-010
1591	1.1205e-010
1592	1.1275e-010
1593	1.1257e-010
1594	1.1949e-010
1595	1.195e-010
1596	1.2105e-010
1597	1.2704e-010
1598	1.296e-010
1599	1.2788e-010
1600	1.3559e-010
1601	1.3799e-010
1602	1.4083e-010
1603	1.4126e-010
1604	1.4686e-010
1605	1.5039e-010
1606	1.5388e-010
1607	1.5671e-010
1608	1.6005e-010
1609	1.6399e-010
1610	1.6662e-010
1611	1.7149e-010
1612	1.7532e-010
1613	1.7918e-010
1614	1.8332e-010
1615	1.8749e-010
1616	1.9267e-010
1617	1.9424e-010
1618	2.0077e-010
1619	2.0484e-010
1620	2.0987e-010
1621	2.1704e-010
1622	2.2258e-010
1623	2.2268e-010
1624	2.2403e-010
1625	2.4222e-010
1626	2.4326e-010
1627	2.2451e-010
1628	2.2281e-010
1629	2.257e-010
1630	2.2131e-010
1631	2.1359e-010
1632	2.0857e-010
1633	2.0541e-010
1634	1.9505e-010
1635	1.9817e-010
1636	1.9206e-010
1637	1.8814e-010
1638	1.8457e-010
1639	1.8136e-010
1640	1.7823e-010
1641	1.6976e-010
1642	1.7147e-010
1643	1.6737e-010
1644	1.652e-010
1645	1.6652e-010
1646	1.6482e-010
1647	1.6702e-010
1648	1.4089e-010
1649	1.6403e-010
1650	1.5943e-010
1651	1.6646e-010
1652	1.3147e-010
1653	1.5828e-010
1654	1.6122e-010
1655	1.2482e-010
1656	1.3037e-010
1657	1.6181e-010
1658	1.1619e-010
1659	1.4067e-010
1660	1.6745e-010
1661	1.1384e-010
1662	1.7011e-010
1663	1.0801e-010
1664	1.4744e-010
1665	1.2712e-010
1666	1.0961e-010
1667	1.3832e-010
1668	9.2401e-011
1669	1.2763e-010
1670	8.9429e-011
1671	1.1751e-010
1672	9.0905e-011
1673	1.0331e-010
1674	1.0048e-010
1675	8.6156e-011
1676	1.2252e-010
1677	8.09e-011
1678	1.2324e-010
1679	7.3716e-011
1680	8.9283e-011
1681	8.7172e-011
1682	7.2616e-011
1683	9.8312e-011
1684	1.4892e-010
1685	1.9224e-010
1686	2.6894e-010
1687	8.2312e-010
1688	1.1397e-009
1689	1.6008e-009
1690	1.3821e-009
1691	2.8232e-010
1692	3.2564e-010
1693	1.1665e-010
1694	7.9222e-011
1695	8.9532e-011
1696	8.4865e-011
1697	8.7237e-011
1698	9.0245e-011
1699	9.0088e-011
1700	8.8468e-011
1701	8.9046e-011
1702	8.9938e-011
1703	9.004e-011
1704	9.2871e-011
1705	9.2231e-011
1706	9.4508e-011
1707	9.601e-011
1708	9.7936e-011
1709	1.0065e-010
1710	1.0204e-010
1711	1.0584e-010
1712	1.0658e-010
1713	1.1079e-010
1714	1.1169e-010
1715	1.1537e-010
1716	1.1734e-010
1717	1.1933e-010
1718	1.2413e-010
1719	1.2396e-010
1720	1.3087e-010
1721	1.3032e-010
1722	1.3405e-010
1723	1.3891e-010
1724	1.3909e-010
1725	1.4382e-010
1726	1.4791e-010
1727	1.4906e-010
1728	1.5278e-010
1729	1.5942e-010
1730	1.5955e-010
1731	1.6338e-010
1732	1.6753e-010
1733	1.734e-010
1734	1.7551e-010
1735	1.7902e-010
1736	1.8293e-010
1737	1.8748e-010
1738	1.9177e-010
1739	1.9615e-010
1740	2.0137e-010
1741	2.0505e-010
1742	2.0971e-010
1743	2.1443e-010
1744	2.192e-010
1745	2.2439e-010
1746	2.2873e-010
1747	2.3644e-010
1748	2.4015e-010
1749	2.46e-010
1750	2.5142e-010
1751	2.5573e-010
1752	2.6123e-010
1753	2.7092e-010
1754	2.8143e-010
1755	2.7847e-010
1756	2.781e-010
1757	2.8304e-010
1758	2.7435e-010
1759	2.6332e-010
1760	2.5774e-010
1761	2.5486e-010
1762	2.5024e-010
1763	2.4421e-010
1764	2.44e-010
1765	2.3243e-010
1766	2.2896e-010
1767	2.2446e-010
1768	2.1978e-010
1769	2.152e-010
1770	2.1153e-010
1771	2.1124e-010
1772	2.0482e-010
1773	2.0173e-010
1774	1.9684e-010
1775	1.8966e-010
1776	1.8829e-010
1777	1.879e-010
1778	2.0795e-010
1779	1.8175e-010
1780	1.7282e-010
1781	1.7368e-010
1782	2.057e-010
1783	1.6927e-010
1784	1.5813e-010
1785	1.7727e-010
1786	1.63e-010
1787	1.4682e-010
1788	1.8018e-010
1789	1.5425e-010
1790	1.5173e-010
1791	1.9861e-010
1792	1.3722e-010
1793	1.7072e-010
1794	1.4515e-010
1795	1.4297e-010
1796	1.424e-010
1797	1.287e-010
1798	1.4664e-010
1799	1.1694e-010
1800	1.3298e-010
1801	1.1357e-010
1802	1.2148e-010
1803	1.1246e-010
1804	1.1183e-010
1805	1.1247e-010
1806	1.1036e-010
1807	1.3451e-010
1808	1.076e-010
1809	1.0848e-010
1810	9.9344e-011
1811	1.0137e-010
1812	1.1145e-010
1813	1.1888e-010
1814	1.9925e-010
1815	2.3499e-010
1816	3.307e-010
1817	8.6075e-010
1818	1.1945e-009
1819	1.4811e-009
1820	1.1428e-009
1821	3.7603e-010
1822	3.6015e-010
1823	1.3174e-010
1824	7.0072e-011
1825	7.2057e-011
1826	6.206e-011
1827	6.4399e-011
1828	7.0414e-011
1829	6.4356e-011
1830	7.1148e-011
1831	7.159e-011
1832	6.9535e-011
1833	7.7674e-011
1834	7.1564e-011
1835	7.9977e-011
1836	7.7447e-011
1837	8.0766e-011
1838	8.2785e-011
1839	8.2748e-011
1840	8.7655e-011
1841	8.5892e-011
1842	9.1942e-011
1843	8.9995e-011
1844	9.5496e-011
1845	9.5117e-011
1846	9.8291e-011
1847	1.0156e-010
1848	1.0039e-010
1849	1.0813e-010
1850	1.0411e-010
1851	1.1205e-010
1852	1.1275e-010
1853	1.1257e-010
1854	1.1949e-010
1855	1.195e-010
1856	1.2105e-010
1857	1.2704e-010
1858	1.296e-010
1859	1.2788e-010
1860	1.3559e-010
1861	1.3799e-010
1862	1.4083e-010
1863	1.4126e-010
1864	1.4686e-010
1865	1.5039e-010
1866	1.5388e-010
1867	1.5671e-010
1868	1.6005e-010
1869	1.6399e-010
1870	1.6662e-010
1871	1.7149e-010
1872	1.7532e-010
1873	1.7918e-010
1874	1.8332e-010
1875	1.8749e-010
1876	1.9267e-010
1877	1.9424e-010
1878	2.0077e-010
1879	2.0484e-010
1880	2.0987e-010
1881	2.1704e-010
1882	2.2258e-010
1883	2.2268e-010
1884	2.2403e-010
1885	2.4222e-010
1886	2.4326e-010
1887	2.2451e-010
1888	2.2281e-010
1889	2.257e-010
1890	2.2131e-010
1891	2.1359e-010
1892	2.0856e-010
1893	2.0541e-010
1894	1.9505e-010
1895	1.9817e-010
1896	1.9206e-010
1897	1.8814e-010
1898	1.8457e-010
1899	1.8127e-010
1900	1.7853e-010
1901	1.6899e-010
1902	1.7177e-010
1903	1.673e-010
1904	1.652e-010
1905	1.6653e-010
1906	1.6479e-010
1907	1.6701e-010
1908	1.4107e-010
1909	1.6403e-010
1910	1.5941e-010
1911	1.6648e-010
1912	1.3148e-010
1913	1.5828e-010
1914	1.6123e-010
1915	1.2482e-010
1916	1.3037e-010
1917	1.6181e-010
1918	1.1619e-010
1919	1.4067e-010
1920	1.6745e-010
1921	1.1384e-010
1922	1.7011e-010
1923	1.0801e-010
1924	1.4743e-010
1925	1.2712e-010
1926	1.0961e-010
1927	1.3832e-010
1928	9.24e-011
1929	1.2763e-010
1930	8.9429e-011
1931	1.1751e-010
1932	9.0904e-011
1933	1.0331e-010
1934	1.0048e-010
1935	8.6156e-011
1936	1.2252e-010
1937	8.09e-011
1938	1.2324e-010
1939	7.3716e-011
1940	8.9283e-011
1941	8.7172e-011
1942	7.2616e-011
1943	9.8312e-011
1944	1.4892e-010
1945	1.9224e-010
1946	2.6894e-010
1947	8.2312e-010
1948	1.1397e-009
1949	1.6008e-009
1950	1.3821e-009
1951	3.761e-010
1952	3.602e-010
1953	1.3177e-010
1954	7.0105e-011
1955	7.2076e-011
1956	6.2066e-011
1957	6.4412e-011
1958	7.0444e-011
1959	6.4381e-011
1960	7.1175e-011
1961	7.1595e-011
1962	6.9538e-011
1963	7.7674e-011
1964	7.1576e-011
1965	7.998e-011
1966	7.744e-011
1967	8.0775e-011
1968	8.2831e-011
1969	8.2801e-011
1970	8.7661e-011
1971	8.5882e-011
1972	9.1938e-011
1973	8.9999e-011
1974	9.5479e-011
1975	9.51e-011
1976	9.8296e-011
1977	1.0161e-010
1978	1.005e-010
1979	1.0821e-010
1980	1.0413e-010
1981	1.1205e-010
1982	1.1274e-010
1983	1.1256e-010
1984	1.1949e-010
1985	1.1952e-010
1986	1.2105e-010
1987	1.2705e-010
1988	1.2963e-010
1989	1.2795e-010
1990	1.3565e-010
1991	1.3798e-010
1992	1.4079e-010
1993	1.413e-010
1994	1.4692e-010
1995	1.5044e-010
1996	1.5389e-010
1997	1.5672e-010
1998	1.6009e-010
1999	1.6399e-010
2000	1.6666e-010
2001	1.7148e-010
2002	1.7536e-010
2003	1.7925e-010
2004	1.8339e-010
2005	1.875e-010
2006	1.9272e-010
2007	1.9432e-010
2008	2.0076e-010
2009	2.0484e-010
2010	2.0982e-010
2011	2.1703e-010
2012	2.2265e-010
2013	2.2266e-010
2014	2.2401e-010
2015	2.4214e-010
2016	2.4324e-010
2017	2.244e-010
2018	2.2271e-010
2019	2.2561e-010
2020	2.2133e-010
2021	2.1359e-010
2022	2.0861e-010
2023	2.0539e-010
2024	1.9497e-010
2025	1.9819e-010
2026	1.9198e-010
2027	1.8826e-010
2028	1.8459e-010
2029	1.8127e-010
2030	1.7863e-010
2031	1.6861e-010
2032	1.7177e-010
2033	1.6724e-010
2034	1.6522e-010
2035	1.6649e-010
2036	1.6476e-010
2037	1.6703e-010
2038	1.4107e-010
2039	1.6402e-010
2040	1.5939e-010
2041	1.6646e-010
2042	1.3148e-010
2043	1.583e-010
2044	1.6122e-010
2045	1.2478e-010
2046	1.3031e-010
2047	1.6173e-010
2048	1.1612e-010
2049	1.4056e-010
2050	1.6735e-010
2051	1.138e-010
2052	1.7e-010
2053	1.0793e-010
2054	1.4732e-010
2055	1.2701e-010
2056	1.0951e-010
2057	1.3822e-010
2058	9.2347e-011
2059	1.2754e-010
2060	8.9368e-011
2061	1.1743e-010
2062	9.0851e-011
2063	1.0326e-010
2064	1.0043e-010
2065	8.6105e-011
2066	1.2248e-010
2067	8.0873e-011
2068	1.232e-010
2069	7.3692e-011
2070	8.9253e-011
2071	8.7138e-011
2072	7.2592e-011
2073	9.8281e-011
2074	1.4889e-010
2075	1.9221e-010
2076	2.6893e-010
2077	8.231e-010
2078	1.1397e-009
2079	1.6008e-009
2080	1.382e-009
2081	2.8231e-010
2082	3.2566e-010
2083	1.1671e-010
2084	7.9295e-011
2085	8.9595e-011
2086	8.4905e-011
2087	8.7302e-011
2088	9.0379e-011
2089	9.0277e-011
2090	8.8605e-011
2091	8.9079e-011
2092	8.9911e-011
2093	9.005e-011
2094	9.2908e-011
2095	9.2268e-011
2096	9.451e-011
2097	9.6027e-011
2098	9.8016e-011
2099	1.0071e-010
2100	1.0199e-010
2101	1.0575e-010
2102	1.0653e-010
2103	1.1075e-010
2104	1.1163e-010
2105	1.1533e-010
2106	1.1741e-010
2107	1.1952e-010
2108	1.2437e-010
2109	1.2419e-010
2110	1.3101e-010
2111	1.303e-010
2112	1.3399e-010
2113	1.3888e-010
2114	1.3909e-010
2115	1.4389e-010
2116	1.4807e-010
2117	1.4914e-010
2118	1.5283e-010
2119	1.5957e-010
2120	1.5971e-010
2121	1.634e-010
2122	1.6752e-010
2123	1.7342e-010
2124	1.7568e-010
2125	1.7919e-010
2126	1.8292e-010
2127	1.8748e-010
2128	1.9193e-010
2129	1.9619e-010
2130	2.0151e-010
2131	2.0502e-010
2132	2.0976e-010
2133	2.146e-010
2134	2.1942e-010
2135	2.2434e-010
2136	2.2897e-010
2137	2.3652e-010
2138	2.4033e-010
2139	2.4589e-010
2140	2.5141e-010
2141	2.5578e-010
2142	2.6128e-010
2143	2.7104e-010
2144	2.8121e-010
2145	2.7826e-010
2146	2.7794e-010
2147	2.8281e-010
2148	2.7419e-010
2149	2.6306e-010
2150	2.5769e-010
2151	2.5496e-010
2152	2.5021e-010
2153	2.4415e-010
2154	2.4401e-010
2155	2.3224e-010
2156	2.2908e-010
2157	2.2444e-010
2158	2.1994e-010
2159	2.1546e-010
2160	2.1042e-010
2161	2.1276e-010
2162	2.0371e-010
2163	2.0194e-010
2164	1.9694e-010
2165	1.8967e-010
2166	1.8835e-010
2167	1.8791e-010
2168	2.0839e-010
2169	1.8163e-010
2170	1.7285e-010
2171	1.7365e-010
2172	2.0569e-010
2173	1.6929e-010
2174	1.5815e-010
2175	1.7713e-010
2176	1.6282e-010
2177	1.4665e-010
2178	1.7996e-010
2179	1.5399e-010
2180	1.5151e-010
2181	1.9839e-010
2182	1.3706e-010
2183	1.7043e-010
2184	1.4488e-010
2185	1.427e-010
2186	1.4217e-010
2187	1.285e-010
2188	1.4637e-010
2189	1.1672e-010
2190	1.3272e-010
2191	1.1335e-010
2192	1.213e-010
2193	1.123e-010
2194	1.1168e-010
2195	1.1233e-010
2196	1.1025e-010
2197	1.3439e-010
2198	1.0753e-010
2199	1.0839e-010
2200	9.9266e-011
2201	1.0127e-010
2202	1.1134e-010
2203	1.1878e-010
2204	1.9914e-010
2205	2.3488e-010
2206	3.3065e-010
2207	8.6069e-010
2208	1.1945e-009
2209	1.4811e-009
2210	1.1428e-009
2211	3.7612e-010
2212	3.6019e-010
2213	1.3177e-010
2214	7.0091e-011
2215	7.2073e-011
2216	6.2088e-011
2217	6.4455e-011
2218	7.0514e-011
2219	6.4475e-011
2220	7.126e-011
2221	7.1654e-011
2222	6.9582e-011
2223	7.7737e-011
2224	7.1645e-011
2225	8.0019e-011
2226	7.7426e-011
2227	8.0753e-011
2228	8.2841e-011
2229	8.2815e-011
2230	8.7648e-011
2231	8.5854e-011
2232	9.194e-011
2233	9.0019e-011
2234	9.5475e-011
2235	9.5083e-011
2236	9.8297e-011
2237	1.0164e-010
2238	1.0057e-010
2239	1.0827e-010
2240	1.0413e-010
2241	1.12e-010
2242	1.1268e-010
2243	1.1253e-010
2244	1.1952e-010
2245	1.1961e-010
2246	1.212e-010
2247	1.2716e-010
2248	1.297e-010
2249	1.2804e-010
2250	1.3565e-010
2251	1.3796e-010
2252	1.4075e-010
2253	1.4127e-010
2254	1.4689e-010
2255	1.5044e-010
2256	1.5388e-010
2257	1.5671e-010
2258	1.6014e-010
2259	1.6408e-010
2260	1.6672e-010
2261	1.7141e-010
2262	1.7532e-010
2263	1.7936e-010
2264	1.8339e-010
2265	1.8764e-010
2266	1.9272e-010
2267	1.9432e-010
2268	2.0075e-010
2269	2.0475e-010
2270	2.098e-010
2271	2.1692e-010
2272	2.2255e-010
2273	2.2256e-010
2274	2.2403e-010
2275	2.4209e-010
2276	2.4334e-010
2277	2.2442e-010
2278	2.2257e-010
2279	2.2553e-010
2280	2.2123e-010
2281	2.135e-010
2282	2.0861e-010
2283	2.0537e-010
2284	1.95e-010
2285	1.9822e-010
2286	1.9203e-010
2287	1.8826e-010
2288	1.8466e-010
2289	1.8141e-010
2290	1.784e-010
2291	1.6955e-010
2292	1.7153e-010
2293	1.675e-010
2294	1.6526e-010
2295	1.6645e-010
2296	1.6478e-010
2297	1.6709e-010
2298	1.4114e-010
2299	1.6404e-010
2300	1.5939e-010
2301	1.6643e-010
2302	1.3143e-010
2303	1.5827e-010
2304	1.6123e-010
2305	1.2478e-010
2306	1.3028e-010
2307	1.6166e-010
2308	1.1603e-010
2309	1.4047e-010
2310	1.6727e-010
2311	1.1374e-010
2312	1.6997e-010
2313	1.0787e-010
2314	1.4725e-010
2315	1.2695e-010
2316	1.0946e-010
2317	1.3817e-010
2318	9.2273e-011
2319	1.2745e-010
2320	8.93e-011
2321	1.1737e-010
2322	9.0834e-011
2323	1.0324e-010
2324	1.0038e-010
2325	8.6062e-011
2326	1.2244e-010
2327	8.0846e-011
2328	1.2317e-010
2329	7.3658e-011
2330	8.9208e-011
2331	8.7083e-011
2332	7.2528e-011
2333	9.8239e-011
2334	1.4885e-010
2335	1.9217e-010
2336	2.689e-010
2337	8.2307e-010
2338	1.1397e-009
2339	1.6008e-009
2340	1.3819e-009
2341	3.7612e-010
2342	3.6019e-010
2343	1.3177e-010
2344	7.0091e-011
2345	7.2073e-011
2346	6.2088e-011
2347	6.4455e-011
2348	7.0514e-011
2349	6.4475e-011
2350	7.126e-011
2351	7.1654e-011
2352	6.9582e-011
2353	7.7737e-011
2354	7.1645e-011
2355	8.0019e-011
2356	7.7426e-011
2357	8.0753e-011
2358	8.2841e-011
2359	8.2815e-011
2360	8.7648e-011
2361	8.5854e-011
2362	9.194e-011
2363	9.0019e-011
2364	9.5475e-011
2365	9.5083e-011
2366	9.8297e-011
2367	1.0164e-010
2368	1.0057e-010
2369	1.0827e-010
2370	1.0413e-010
2371	1.12e-010
2372	1.1268e-010
2373	1.1253e-010
2374	1.1952e-010
2375	1.196e-010
2376	1.212e-010
2377	1.2716e-010
2378	1.297e-010
2379	1.2804e-010
2380	1.3565e-010
2381	1.3796e-010
2382	1.4075e-010
2383	1.4127e-010
2384	1.4689e-010
2385	1.5044e-010
2386	1.5388e-010
2387	1.5671e-010
2388	1.6014e-010
2389	1.6408e-010
2390	1.6672e-010
2391	1.7141e-010
2392	1.7532e-010
2393	1.7936e-010
2394	1.8339e-010
2395	1.8764e-010
2396	1.9272e-010
2397	1.9432e-010
2398	2.0075e-010
2399	2.0475e-010
2400	2.098e-010
2401	2.1692e-010
2402	2.2255e-010
2403	2.2256e-010
2404	2.2403e-010
2405	2.4209e-010
2406	2.4334e-010
2407	2.2442e-010
2408	2.2257e-010
2409	2.2553e-010
2410	2.2123e-010
2411	2.135e-010
2412	2.0861e-010
2413	2.0537e-010
2414	1.95e-010
2415	1.9822e-010
2416	1.9203e-010
2417	1.8826e-010
2418	1.8467e-010
2419	1.8144e-010
2420	1.7844e-010
2421	1.6985e-010
2422	1.7158e-010
2423	1.6754e-010
2424	1.6526e-010
2425	1.6646e-010
2426	1.6478e-010
2427	1.6709e-010
2428	1.4114e-010
2429	1.6404e-010
2430	1.5939e-010
2431	1.6643e-010
2432	1.3143e-010
2433	1.5827e-010
2434	1.6123e-010
2435	1.2478e-010
2436	1.3028e-010
2437	1.6166e-010
2438	1.1603e-010
2439	1.4047e-010
2440	1.6727e-010
2441	1.1374e-010
2442	1.6997e-010
2443	1.0787e-010
2444	1.4725e-010
2445	1.2695e-010
2446	1.0946e-010
2447	1.3817e-010
2448	9.2273e-011
2449	1.2745e-010
2450	8.93e-011
2451	1.1737e-010
2452	9.0834e-011
2453	1.0324e-010
2454	1.0038e-010
2455	8.6062e-011
2456	1.2244e-010
2457	8.0846e-011
2458	1.2317e-010
2459	7.3658e-011
2460	8.9208e-011
2461	8.7083e-011
2462	7.2528e-011
2463	9.8239e-011
2464	1.4885e-010
2465	1.9217e-010
2466	2.689e-010
2467	8.2307e-010
2468	1.1397e-009
2469	1.6008e-009
2470	1.3819e-009
2471	2.8231e-010
2472	3.2566e-010
2473	1.1671e-010
2474	7.9295e-011
2475	8.9595e-011
2476	8.4905e-011
2477	8.7302e-011
2478	9.0379e-011
2479	9.0277e-011
2480	8.8605e-011
2481	8.9079e-011
2482	8.9911e-011
2483	9.005e-011
2484	9.2908e-011
2485	9.2268e-011
2486	9.451e-011
2487	9.6027e-011
2488	9.8016e-011
2489	1.0071e-010
2490	1.0199e-010
2491	1.0575e-010
2492	1.0653e-010
2493	1.1075e-010
2494	1.1163e-010
2495	1.1533e-010
2496	1.1741e-010
2497	1.1952e-010
2498	1.2438e-010
2499	1.2419e-010
2500	1.3101e-010
2501	1.303e-010
2502	1.3399e-010
2503	1.3888e-010
2504	1.3909e-010
2505	1.4389e-010
2506	1.4807e-010
2507	1.4914e-010
2508	1.5283e-010
2509	1.5957e-010
2510	1.5971e-010
2511	1.634e-010
2512	1.6752e-010
2513	1.7342e-010
2514	1.7568e-010
2515	1.7919e-010
2516	1.8292e-010
2517	1.8747e-010
2518	1.9193e-010
2519	1.9619e-010
2520	2.0151e-010
2521	2.0502e-010
2522	2.0976e-010
2523	2.146e-010
2524	2.1942e-010
2525	2.2434e-010
2526	2.2897e-010
2527	2.3652e-010
2528	2.4033e-010
2529	2.4589e-010
2530	2.5141e-010
2531	2.5578e-010
2532	2.6128e-010
2533	2.7104e-010
2534	2.8121e-010
2535	2.7826e-010
2536	2.7794e-010
2537	2.8281e-010
2538	2.7419e-010
2539	2.6306e-010
2540	2.5769e-010
2541	2.5496e-010
2542	2.5021e-010
2543	2.4415e-010
2544	2.44e-010
2545	2.3224e-010
2546	2.2908e-010
2547	2.2443e-010
2548	2.1991e-010
2549	2.1519e-010
2550	2.1213e-010
2551	2.1069e-010
2552	2.0534e-010
2553	2.0173e-010
2554	1.9692e-010
2555	1.8967e-010
2556	1.8835e-010
2557	1.8791e-010
2558	2.084e-010
2559	1.8163e-010
2560	1.7285e-010
2561	1.7365e-010
2562	2.057e-010
2563	1.6929e-010
2564	1.5814e-010
2565	1.7713e-010
2566	1.6282e-010
2567	1.4665e-010
2568	1.7996e-010
2569	1.5399e-010
2570	1.5151e-010
2571	1.9839e-010
2572	1.3706e-010
2573	1.7042e-010
2574	1.4488e-010
2575	1.427e-010
2576	1.4216e-010
2577	1.285e-010
2578	1.4637e-010
2579	1.1672e-010
2580	1.3272e-010
2581	1.1335e-010
2582	1.213e-010
2583	1.123e-010
2584	1.1168e-010
2585	1.1234e-010
2586	1.1025e-010
2587	1.3439e-010
2588	1.0753e-010
2589	1.0839e-010
2590	9.9266e-011
2591	1.0127e-010
2592	1.1134e-010
2593	1.1878e-010
2594	1.9914e-010
2595	2.3488e-010
2596	3.3065e-010
2597	8.6069e-010
2598	1.1945e-009
2599	1.4811e-009
2600	1.1428e-009
2601	3.761e-010
2602	3.602e-010
2603	1.3177e-010
2604	7.0105e-011
2605	7.2076e-011
2606	6.2066e-011
2607	6.4412e-011
2608	7.0444e-011
2609	6.4381e-011
2610	7.1175e-011
2611	7.1595e-011
2612	6.9538e-011
2613	7.7674e-011
2614	7.1576e-011
2615	7.998e-011
2616	7.744e-011
2617	8.0775e-011
2618	8.2831e-011
2619	8.2801e-011
2620	8.7661e-011
2621	8.5881e-011
2622	9.1938e-011
2623	8.9999e-011
2624	9.5479e-011
2625	9.51e-011
2626	9.8295e-011
2627	1.0161e-010
2628	1.005e-010
2629	1.0822e-010
2630	1.0413e-010
2631	1.1205e-010
2632	1.1274e-010
2633	1.1256e-010
2634	1.1949e-010
2635	1.1952e-010
2636	1.2105e-010
2637	1.2705e-010
2638	1.2963e-010
2639	1.2795e-010
2640	1.3565e-010
2641	1.3798e-010
2642	1.4079e-010
2643	1.413e-010
2644	1.4692e-010
2645	1.5044e-010
2646	1.5389e-010
2647	1.5671e-010
2648	1.6009e-010
2649	1.6399e-010
2650	1.6666e-010
2651	1.7148e-010
2652	1.7536e-010
2653	1.7925e-010
2654	1.8339e-010
2655	1.875e-010
2656	1.9272e-010
2657	1.9431e-010
2658	2.0076e-010
2659	2.0484e-010
2660	2.0982e-010
2661	2.1703e-010
2662	2.2265e-010
2663	2.2266e-010
2664	2.2401e-010
2665	2.4214e-010
2666	2.4324e-010
2667	2.244e-010
2668	2.2271e-010
2669	2.2561e-010
2670	2.2133e-010
2671	2.1359e-010
2672	2.0861e-010
2673	2.0539e-010
2674	1.9497e-010
2675	1.9819e-010
2676	1.9198e-010
2677	1.8825e-010
2678	1.846e-010
2679	1.8132e-010
2680	1.7861e-010
2681	1.6896e-010
2682	1.7176e-010
2683	1.6731e-010
2684	1.6523e-010
2685	1.6649e-010
2686	1.6476e-010
2687	1.6706e-010
2688	1.4108e-010
2689	1.6405e-010
2690	1.5939e-010
2691	1.6646e-010
2692	1.3147e-010
2693	1.5829e-010
2694	1.6122e-010
2695	1.2478e-010
2696	1.3031e-010
2697	1.6173e-010
2698	1.1612e-010
2699	1.4056e-010
2700	1.6735e-010
2701	1.138e-010
2702	1.7e-010
2703	1.0792e-010
2704	1.4732e-010
2705	1.2701e-010
2706	1.0951e-010
2707	1.3822e-010
2708	9.2347e-011
2709	1.2753e-010
2710	8.9368e-011
2711	1.1743e-010
2712	9.0851e-011
2713	1.0326e-010
2714	1.0043e-010
2715	8.6105e-011
2716	1.2248e-010
2717	8.0873e-011
2718	1.232e-010
2719	7.3692e-011
2720	8.9253e-011
2721	8.7138e-011
2722	7.2592e-011
2723	9.8281e-011
2724	1.4889e-010
2725	1.9221e-010
2726	2.6893e-010
2727	8.231e-010
2728	1.1397e-009
2729	1.6008e-009
2730	1.382e-009
2731	3.7603e-010
2732	3.6015e-010
2733	1.3174e-010
2734	7.0072e-011
2735	7.2057e-011
2736	6.206e-011
2737	6.4399e-011
2738	7.0414e-011
2739	6.4356e-011
2740	7.1148e-011
2741	7.159e-011
2742	6.9535e-011
2743	7.7674e-011
2744	7.1564e-011
2745	7.9977e-011
2746	7.7447e-011
2747	8.0766e-011
2748	8.2785e-011
2749	8.2748e-011
2750	8.7655e-011
2751	8.5892e-011
2752	9.1942e-011
2753	8.9995e-011
2754	9.5497e-011
2755	9.5117e-011
2756	9.8291e-011
2757	1.0156e-010
2758	1.0039e-010
2759	1.0813e-010
2760	1.0411e-010
2761	1.1205e-010
2762	1.1275e-010
2763	1.1257e-010
2764	1.1949e-010
2765	1.195e-010
2766	1.2105e-010
2767	1.2704e-010
2768	1.296e-010
2769	1.2788e-010
2770	1.3559e-010
2771	1.3799e-010
2772	1.4083e-010
2773	1.4126e-010
2774	1.4686e-010
2775	1.5039e-010
2776	1.5388e-010
2777	1.5671e-010
2778	1.6005e-010
2779	1.6399e-010
2780	1.6662e-010
2781	1.7149e-010
2782	1.7532e-010
2783	1.7918e-010
2784	1.8332e-010
2785	1.8749e-010
2786	1.9267e-010
2787	1.9424e-010
2788	2.0077e-010
2789	2.0484e-010
2790	2.0987e-010
2791	2.1704e-010
2792	2.2258e-010
2793	2.2268e-010
2794	2.2403e-010
2795	2.4222e-010
2796	2.4326e-010
2797	2.2451e-010
2798	2.2281e-010
2799	2.257e-010
2800	2.2131e-010
2801	2.1358e-010
2802	2.0857e-010
2803	2.0541e-010
2804	1.9505e-010
2805	1.9817e-010
2806	1.9206e-010
2807	1.8813e-010
2808	1.8457e-010
2809	1.8122e-010
2810	1.7864e-010
2811	1.6853e-010
2812	1.7184e-010
2813	1.6726e-010
2814	1.652e-010
2815	1.6652e-010
2816	1.6479e-010
2817	1.67e-010
2818	1.4106e-010
2819	1.6402e-010
2820	1.594e-010
2821	1.6647e-010
2822	1.3148e-010
2823	1.5828e-010
2824	1.6122e-010
2825	1.2482e-010
2826	1.3037e-010
2827	1.6181e-010
2828	1.1619e-010
2829	1.4067e-010
2830	1.6745e-010
2831	1.1384e-010
2832	1.7011e-010
2833	1.0801e-010
2834	1.4744e-010
2835	1.2712e-010
2836	1.0961e-010
2837	1.3832e-010
2838	9.24e-011
2839	1.2763e-010
2840	8.9429e-011
2841	1.1751e-010
2842	9.0905e-011
2843	1.0331e-010
2844	1.0048e-010
2845	8.6156e-011
2846	1.2252e-010
2847	8.09e-011
2848	1.2324e-010
2849	7.3716e-011
2850	8.9284e-011
2851	8.7172e-011
2852	7.2616e-011
2853	9.8312e-011
2854	1.4892e-010
2855	1.9224e-010
2856	2.6894e-010
2857	8.2312e-010
2858	1.1397e-009
2859	1.6008e-009
2860	1.3821e-009
2861	2.8232e-010
2862	3.2564e-010
2863	1.1665e-010
2864	7.9222e-011
2865	8.9532e-011
2866	8.4865e-011
2867	8.7237e-011
2868	9.0245e-011
2869	9.0088e-011
2870	8.8467e-011
2871	8.9046e-011
2872	8.9938e-011
2873	9.004e-011
2874	9.2871e-011
2875	9.2231e-011
2876	9.4508e-011
2877	9.601e-011
2878	9.7936e-011
2879	1.0065e-010
2880	1.0204e-010
2881	1.0584e-010
2882	1.0658e-010
2883	1.1079e-010
2884	1.1169e-010
2885	1.1537e-010
2886	1.1734e-010
2887	1.1933e-010
2888	1.2413e-010
2889	1.2396e-010
2890	1.3087e-010
2891	1.3032e-010
2892	1.3405e-010
2893	1.3891e-010
2894	1.3909e-010
2895	1.4382e-010
2896	1.4791e-010
2897	1.4906e-010
2898	1.5278e-010
2899	1.5942e-010
2900	1.5955e-010
2901	1.6338e-010
2902	1.6753e-010
2903	1.734e-010
2904	1.7551e-010
2905	1.7901e-010
2906	1.8294e-010
2907	1.8748e-010
2908	1.9177e-010
2909	1.9615e-010
2910	2.0137e-010
2911	2.0505e-010
2912	2.0971e-010
2913	2.1443e-010
2914	2.192e-010
2915	2.2439e-010
2916	2.2873e-010
2917	2.3644e-010
2918	2.4016e-010
2919	2.46e-010
2920	2.5142e-010
2921	2.5573e-010
2922	2.6123e-010
2923	2.7092e-010
2924	2.8143e-010
2925	2.7847e-010
2926	2.781e-010
2927	2.8304e-010
2928	2.7435e-010
2929	2.6332e-010
2930	2.5774e-010
2931	2.5486e-010
2932	2.5024e-010
2933	2.4421e-010
2934	2.44e-010
2935	2.3243e-010
2936	2.2896e-010
2937	2.2447e-010
2938	2.1977e-010
2939	2.1532e-010
2940	2.1067e-010
2941	2.1199e-010
2942	2.0396e-010
2943	2.0183e-010
2944	1.9682e-010
2945	1.8966e-010
2946	1.8833e-010
2947	1.8787e-010
2948	2.0785e-010
2949	1.8171e-010
2950	1.7287e-010
2951	1.7364e-010
2952	2.0574e-010
2953	1.6925e-010
2954	1.5814e-010
2955	1.7726e-010
2956	1.63e-010
2957	1.4682e-010
2958	1.8018e-010
2959	1.5425e-010
2960	1.5173e-010
2961	1.9861e-010
2962	1.3722e-010
2963	1.7072e-010
2964	1.4515e-010
2965	1.4297e-010
2966	1.424e-010
2967	1.287e-010
2968	1.4664e-010
2969	1.1694e-010
2970	1.3298e-010
2971	1.1357e-010
2972	1.2148e-010
2973	1.1246e-010
2974	1.1183e-010
2975	1.1247e-010
2976	1.1036e-010
2977	1.3451e-010
2978	1.076e-010
2979	1.0848e-010
2980	9.9344e-011
2981	1.0137e-010
2982	1.1145e-010
2983	1.1888e-010
2984	1.9925e-010
2985	2.3499e-010
2986	3.307e-010
2987	8.6075e-010
2988	1.1945e-009
2989	1.4811e-009
2990	1.1428e-009
2991	3.7603e-010
2992	3.6015e-010
2993	1.3174e-010
2994	7.0072e-011
2995	7.2057e-011
2996	6.206e-011
2997	6.4399e-011
2998	7.0414e-011
2999	6.4356e-011
3000	7.1148e-011
3001	7.159e-011
3002	6.9535e-011
3003	7.7674e-011
3004	7.1564e-011
3005	7.9977e-011
3006	7.7447e-011
3007	8.0766e-011
3008	8.2785e-011
3009	8.2748e-011
3010	8.7655e-011
3011	8.5893e-011
3012	9.1941e-011
3013	8.9995e-011
3014	9.5497e-011
3015	9.5117e-011
3016	9.8292e-011
3017	1.0156e-010
3018	1.0039e-010
3019	1.0813e-010
3020	1.0411e-010
3021	1.1205e-010
3022	1.1275e-010
3023	1.1257e-010
3024	1.1949e-010
3025	1.195e-010
3026	1.2105e-010
3027	1.2704e-010
3028	1.296e-010
3029	1.2788e-010
3030	1.3559e-010
3031	1.3799e-010
3032	1.4083e-010
3033	1.4126e-010
3034	1.4686e-010
3035	1.5039e-010
3036	1.5388e-010
3037	1.5671e-010
3038	1.6005e-010
3039	1.6399e-010
3040	1.6662e-010
3041	1.7149e-010
3042	1.7532e-010
3043	1.7918e-010
3044	1.8332e-010
3045	1.8749e-010
3046	1.9267e-010
3047	1.9424e-010
3048	2.0077e-010
3049	2.0484e-010
3050	2.0987e-010
3051	2.1704e-010
3052	2.2258e-010
3053	2.2268e-010
3054	2.2403e-010
3055	2.4222e-010
3056	2.4326e-010
3057	2.2451e-010
3058	2.2281e-010
3059	2.257e-010
3060	2.213e-010
3061	2.1358e-010
3062	2.0856e-010
3063	2.0541e-010
3064	1.9505e-010
3065	1.9817e-010
3066	1.9206e-010
3067	1.8813e-010
3068	1.8458e-010
3069	1.8131e-010
3070	1.7838e-010
3071	1.6882e-010
3072	1.716e-010
3073	1.6734e-010
3074	1.652e-010
3075	1.6654e-010
3076	1.649e-010
3077	1.6644e-010
3078	1.4035e-010
3079	1.6344e-010
3080	1.5949e-010
3081	1.665e-010
3082	1.3148e-010
3083	1.5828e-010
3084	1.6122e-010
3085	1.2482e-010
3086	1.3037e-010
3087	1.6181e-010
3088	1.1619e-010
3089	1.4067e-010
3090	1.6745e-010
3091	1.1384e-010
3092	1.7011e-010
3093	1.0801e-010
3094	1.4744e-010
3095	1.2712e-010
3096	1.0961e-010
3097	1.3832e-010
3098	9.24e-011
3099	1.2763e-010
3100	8.9429e-011
3101	1.1751e-010
3102	9.0904e-011
3103	1.0331e-010
3104	1.0048e-010
3105	8.6156e-011
3106	1.2252e-010
3107	8.09e-011
3108	1.2324e-010
3109	7.3716e-011
3110	8.9283e-011
3111	8.7172e-011
3112	7.2616e-011
3113	9.8312e-011
3114	1.4892e-010
3115	1.9224e-010
3116	2.6894e-010
3117	8.2312e-010
3118	1.1397e-009
3119	1.6008e-009
3120	1.3821e-009
3121	3.761e-010
3122	3.602e-010
3123	1.3177e-010
3124	7.0105e-011
3125	7.2076e-011
3126	6.2066e-011
3127	6.4412e-011
3128	7.0444e-011
3129	6.4381e-011
3130	7.1175e-011
3131	7.1595e-011
3132	6.9538e-011
3133	7.7674e-011
3134	7.1576e-011
3135	7.998e-011
3136	7.7439e-011
3137	8.0775e-011
3138	8.2831e-011
3139	8.2801e-011
3140	8.7661e-011
3141	8.5881e-011
3142	9.1938e-011
3143	8.9999e-011
3144	9.548e-011
3145	9.51e-011
3146	9.8296e-011
3147	1.0161e-010
3148	1.005e-010
3149	1.0821e-010
3150	1.0413e-010
3151	1.1205e-010
3152	1.1274e-010
3153	1.1256e-010
3154	1.1949e-010
3155	1.1951e-010
3156	1.2105e-010
3157	1.2705e-010
3158	1.2963e-010
3159	1.2795e-010
3160	1.3565e-010
3161	1.3798e-010
3162	1.4079e-010
3163	1.413e-010
3164	1.4692e-010
3165	1.5044e-010
3166	1.5389e-010
3167	1.5671e-010
3168	1.6009e-010
3169	1.6399e-010
3170	1.6666e-010
3171	1.7148e-010
3172	1.7535e-010
3173	1.7925e-010
3174	1.8339e-010
3175	1.875e-010
3176	1.9272e-010
3177	1.9432e-010
3178	2.0076e-010
3179	2.0484e-010
3180	2.0982e-010
3181	2.1703e-010
3182	2.2265e-010
3183	2.2266e-010
3184	2.2401e-010
3185	2.4214e-010
3186	2.4324e-010
3187	2.244e-010
3188	2.2271e-010
3189	2.2561e-010
3190	2.2133e-010
3191	2.1359e-010
3192	2.0861e-010
3193	2.0539e-010
3194	1.9497e-010
3195	1.9819e-010
3196	1.9198e-010
3197	1.8825e-010
3198	1.8462e-010
3199	1.8135e-010
3200	1.7881e-010
3201	1.6824e-010
3202	1.7195e-010
3203	1.6735e-010
3204	1.6525e-010
3205	1.6647e-010
3206	1.6468e-010
3207	1.6492e-010
3208	1.405e-010
3209	1.6178e-010
3210	1.5928e-010
3211	1.6646e-010
3212	1.315e-010
3213	1.5831e-010
3214	1.6122e-010
3215	1.2478e-010
3216	1.3031e-010
3217	1.6173e-010
3218	1.1612e-010
3219	1.4056e-010
3220	1.6735e-010
3221	1.138e-010
3222	1.7e-010
3223	1.0792e-010
3224	1.4732e-010
3225	1.2701e-010
3226	1.0951e-010
3227	1.3822e-010
3228	9.2347e-011
3229	1.2753e-010
3230	8.9368e-011
3231	1.1743e-010
3232	9.0851e-011
3233	1.0326e-010
3234	1.0043e-010
3235	8.6105e-011
3236	1.2248e-010
3237	8.0873e-011
3238	1.232e-010
3239	7.3692e-011
3240	8.9253e-011
3241	8.7138e-011
3242	7.2592e-011
3243	9.8281e-011
3244	1.4889e-010
3245	1.9221e-010
3246	2.6893e-010
3247	8.231e-010
3248	1.1397e-009
3249	1.6008e-009
3250	1.382e-009
3251	2.8231e-010
3252	3.2566e-010
3253	1.1671e-010
3254	7.9295e-011
3255	8.9595e-011
3256	8.4905e-011
3257	8.7301e-011
3258	9.0379e-011
3259	9.0277e-011
3260	8.8605e-011
3261	8.9078e-011
3262	8.9911e-011
3263	9.005e-011
3264	9.2908e-011
3265	9.2268e-011
3266	9.451e-011
3267	9.6027e-011
3268	9.8016e-011
3269	1.0071e-010
3270	1.0199e-010
3271	1.0575e-010
3272	1.0653e-010
3273	1.1075e-010
3274	1.1163e-010
3275	1.1533e-010
3276	1.1741e-010
3277	1.1952e-010
3278	1.2437e-010
3279	1.2419e-010
3280	1.3101e-010
3281	1.303e-010
3282	1.3399e-010
3283	1.3888e-010
3284	1.3909e-010
3285	1.4389e-010
3286	1.4807e-010
3287	1.4914e-010
3288	1.5283e-010
3289	1.5957e-010
3290	1.5971e-010
3291	1.634e-010
3292	1.6752e-010
3293	1.7342e-010
3294	1.7568e-010
3295	1.7919e-010
3296	1.8292e-010
3297	1.8748e-010
3298	1.9193e-010
3299	1.9619e-010
3300	2.0151e-010
3301	2.0502e-010
3302	2.0976e-010
3303	2.146e-010
3304	2.1942e-010
3305	2.2434e-010
3306	2.2897e-010
3307	2.3652e-010
3308	2.4033e-010
3309	2.4589e-010
3310	2.5141e-010
3311	2.5577e-010
3312	2.6128e-010
3313	2.7104e-010
3314	2.8121e-010
3315	2.7826e-010
3316	2.7794e-010
3317	2.8281e-010
3318	2.7419e-010
3319	2.6306e-010
3320	2.5769e-010
3321	2.5496e-010
3322	2.5021e-010
3323	2.4415e-010
3324	2.44e-010
3325	2.3224e-010
3326	2.2908e-010
3327	2.2444e-010
3328	2.199e-010
3329	2.1539e-010
3330	2.1072e-010
3331	2.1254e-010
3332	2.0398e-010
3333	2.0193e-010
3334	1.9692e-010
3335	1.8964e-010
3336	1.8814e-010
3337	1.8648e-010
3338	2.0419e-010
3339	1.7992e-010
3340	1.726e-010
3341	1.736e-010
3342	2.0578e-010
3343	1.6926e-010
3344	1.5814e-010
3345	1.7713e-010
3346	1.6282e-010
3347	1.4664e-010
3348	1.7996e-010
3349	1.5399e-010
3350	1.5151e-010
3351	1.9839e-010
3352	1.3706e-010
3353	1.7042e-010
3354	1.4488e-010
3355	1.427e-010
3356	1.4216e-010
3357	1.285e-010
3358	1.4637e-010
3359	1.1672e-010
3360	1.3272e-010
3361	1.1335e-010
3362	1.213e-010
3363	1.123e-010
3364	1.1168e-010
3365	1.1233e-010
3366	1.1025e-010
3367	1.344e-010
3368	1.0753e-010
3369	1.0839e-010
3370	9.9266e-011
3371	1.0127e-010
3372	1.1134e-010
3373	1.1878e-010
3374	1.9914e-010
3375	2.3488e-010
3376	3.3065e-010
3377	8.6069e-010
3378	1.1945e-009
3379	1.4811e-009
3380	1.1428e-009
3381	3.7612e-010
3382	3.6019e-010
3383	1.3177e-010
3384	7.0091e-011
3385	7.2073e-011
3386	6.2088e-011
3387	6.4455e-011
3388	7.0514e-011
3389	6.4475e-011
3390	7.126e-011
3391	7.1654e-011
3392	6.9582e-011
3393	7.7737e-011
3394	7.1645e-011
3395	8.0018e-011
3396	7.7426e-011
3397	8.0753e-011
3398	8.2841e-011
3399	8.2815e-011
3400	8.7648e-011
3401	8.5854e-011
3402	9.194e-011
3403	9.002e-011
3404	9.5475e-011
3405	9.5083e-011
3406	9.8297e-011
3407	1.0164e-010
3408	1.0057e-010
3409	1.0828e-010
3410	1.0413e-010
3411	1.12e-010
3412	1.1268e-010
3413	1.1253e-010
3414	1.1952e-010
3415	1.196e-010
3416	1.212e-010
3417	1.2716e-010
3418	1.297e-010
3419	1.2804e-010
3420	1.3565e-010
3421	1.3796e-010
3422	1.4075e-010
3423	1.4127e-010
3424	1.4689e-010
3425	1.5044e-010
3426	1.5388e-010
3427	1.5671e-010
3428	1.6014e-010
3429	1.6408e-010
3430	1.6672e-010
3431	1.7141e-010
3432	1.7532e-010
3433	1.7936e-010
3434	1.8339e-010
3435	1.8764e-010
3436	1.9272e-010
3437	1.9432e-010
3438	2.0075e-010
3439	2.0475e-010
3440	2.098e-010
3441	2.1692e-010
3442	2.2255e-010
3443	2.2256e-010
3444	2.2403e-010
3445	2.4209e-010
3446	2.4334e-010
3447	2.2442e-010
3448	2.2257e-010
3449	2.2553e-010
3450	2.2123e-010
3451	2.135e-010
3452	2.0862e-010
3453	2.0537e-010
3454	1.95e-010
3455	1.9822e-010
3456	1.9203e-010
3457	1.8826e-010
3458	1.8467e-010
3459	1.8143e-010
3460	1.7821e-010
3461	1.6946e-010
3462	1.7135e-010
3463	1.6753e-010
3464	1.6529e-010
3465	1.6639e-010
3466	1.6491e-010
3467	1.6268e-010
3468	1.4186e-010
3469	1.5941e-010
3470	1.5944e-010
3471	1.6638e-010
3472	1.3149e-010
3473	1.5824e-010
3474	1.6123e-010
3475	1.2479e-010
3476	1.3028e-010
3477	1.6166e-010
3478	1.1603e-010
3479	1.4047e-010
3480	1.6727e-010
3481	1.1374e-010
3482	1.6997e-010
3483	1.0787e-010
3484	1.4725e-010
3485	1.2695e-010
3486	1.0946e-010
3487	1.3817e-010
3488	9.2273e-011
3489	1.2745e-010
3490	8.93e-011
3491	1.1737e-010
3492	9.0834e-011
3493	1.0324e-010
3494	1.0038e-010
3495	8.6063e-011
3496	1.2244e-010
3497	8.0846e-011
3498	1.2317e-010
3499	7.3658e-011
3500	8.9208e-011
3501	8.7083e-011
3502	7.2528e-011
3503	9.8238e-011
3504	1.4885e-010
3505	1.9217e-010
3506	2.689e-010
3507	8.2307e-010
3508	1.1397e-009
3509	1.6008e-009
3510	1.3819e-009
3511	3.7612e-010
3512	3.6019e-010
3513	1.3177e-010
3514	7.0091e-011
3515	7.2073e-011
3516	6.2088e-011
3517	6.4455e-011
3518	7.0514e-011
3519	6.4475e-011
3520	7.126e-011
3521	7.1654e-011
3522	6.9582e-011
3523	7.7737e-011
3524	7.1645e-011
3525	8.0018e-011
3526	7.7426e-011
3527	8.0753e-011
3528	8.2841e-011
3529	8.2815e-011
3530	8.7648e-011
3531	8.5854e-011
3532	9.1939e-011
3533	9.002e-011
3534	9.5475e-011
3535	9.5083e-011
3536	9.8297e-011
3537	1.0164e-010
3538	1.0057e-010
3539	1.0828e-010
3540	1.0413e-010
3541	1.12e-010
3542	1.1268e-010
3543	1.1253e-010
3544	1.1952e-010
3545	1.1961e-010
3546	1.212e-010
3547	1.2716e-010
3548	1.297e-010
3549	1.2804e-010
3550	1.3565e-010
3551	1.3796e-010
3552	1.4075e-010
3553	1.4127e-010
3554	1.4689e-010
3555	1.5044e-010
3556	1.5388e-010
3557	1.5671e-010
3558	1.6014e-010
3559	1.6408e-010
3560	1.6672e-010
3561	1.7141e-010
3562	1.7532e-010
3563	1.7936e-010
3564	1.8339e-010
3565	1.8764e-010
3566	1.9272e-010
3567	1.9432e-010
3568	2.0075e-010
3569	2.0475e-010
3570	2.098e-010
3571	2.1692e-010
3572	2.2255e-010
3573	2.2256e-010
3574	2.2403e-010
3575	2.4209e-010
3576	2.4334e-010
3577	2.2442e-010
3578	2.2257e-010
3579	2.2553e-010
3580	2.2123e-010
3581	2.135e-010
3582	2.0861e-010
3583	2.0537e-010
3584	1.95e-010
3585	1.9822e-010
3586	1.9203e-010
3587	1.8826e-010
3588	1.8467e-010
3589	1.8145e-010
3590	1.7815e-010
3591	1.6953e-010
3592	1.7129e-010
3593	1.6755e-010
3594	1.6529e-010
3595	1.6639e-010
3596	1.6491e-010
3597	1.6267e-010
3598	1.4189e-010
3599	1.594e-010
3600	1.5942e-010
3601	1.6639e-010
3602	1.3164e-010
3603	1.5826e-010
3604	1.6121e-010
3605	1.248e-010
3606	1.3027e-010
3607	1.6166e-010
3608	1.1603e-010
3609	1.4047e-010
3610	1.6727e-010
3611	1.1374e-010
3612	1.6997e-010
3613	1.0787e-010
3614	1.4725e-010
3615	1.2695e-010
3616	1.0946e-010
3617	1.3817e-010
3618	9.2273e-011
3619	1.2745e-010
3620	8.93e-011
3621	1.1737e-010
3622	9.0834e-011
3623	1.0324e-010
3624	1.0038e-010
3625	8.6062e-011
3626	1.2244e-010
3627	8.0846e-011
3628	1.2317e-010
3629	7.3658e-011
3630	8.9208e-011
3631	8.7083e-011
3632	7.2528e-011
3633	9.8239e-011
3634	1.4885e-010
3635	1.9217e-010
3636	2.689e-010
3637	8.2307e-010
3638	1.1397e-009
3639	1.6008e-009
3640	1.3819e-009
3641	2.8231e-010
3642	3.2566e-010
3643	1.1671e-010
3644	7.9295e-011
3645	8.9595e-011
3646	8.4905e-011
3647	8.7301e-011
3648	9.0379e-011
3649	9.0277e-011
3650	8.8605e-011
3651	8.9078e-011
3652	8.9911e-011
3653	9.005e-011
3654	9.2908e-011
3655	9.2268e-011
3656	9.451e-011
3657	9.6027e-011
3658	9.8016e-011
3659	1.0071e-010
3660	1.0199e-010
3661	1.0575e-010
3662	1.0653e-010
3663	1.1075e-010
3664	1.1163e-010
3665	1.1533e-010
3666	1.1741e-010
3667	1.1952e-010
3668	1.2437e-010
3669	1.2419e-010
3670	1.3101e-010
3671	1.303e-010
3672	1.3399e-010
3673	1.3888e-010
3674	1.3909e-010
3675	1.4389e-010
3676	1.4807e-010
3677	1.4914e-010
3678	1.5283e-010
3679	1.5957e-010
3680	1.5971e-010
3681	1.634e-010
3682	1.6752e-010
3683	1.7342e-010
3684	1.7568e-010
3685	1.7919e-010
3686	1.8292e-010
3687	1.8747e-010
3688	1.9193e-010
3689	1.9619e-010
3690	2.0151e-010
3691	2.0502e-010
3692	2.0976e-010
3693	2.146e-010
3694	2.1942e-010
3695	2.2434e-010
3696	2.2897e-010
3697	2.3652e-010
3698	2.4033e-010
3699	2.4589e-010
3700	2.5141e-010
3701	2.5577e-010
3702	2.6128e-010
3703	2.7104e-010
3704	2.8121e-010
3705	2.7826e-010
3706	2.7794e-010
3707	2.8281e-010
3708	2.7419e-010
3709	2.6306e-010
3710	2.5769e-010
3711	2.5496e-010
3712	2.5021e-010
3713	2.4415e-010
3714	2.4401e-010
3715	2.3224e-010
3716	2.2908e-010
3717	2.2444e-010
3718	2.1991e-010
3719	2.1532e-010
3720	2.1117e-010
3721	2.1165e-010
3722	2.044e-010
3723	2.0184e-010
3724	1.9693e-010
3725	1.8962e-010
3726	1.8815e-010
3727	1.8663e-010
3728	2.038e-010
3729	1.8006e-010
3730	1.7262e-010
3731	1.7351e-010
3732	2.0591e-010
3733	1.6919e-010
3734	1.5816e-010
3735	1.7713e-010
3736	1.6282e-010
3737	1.4665e-010
3738	1.7996e-010
3739	1.5399e-010
3740	1.5151e-010
3741	1.9839e-010
3742	1.3706e-010
3743	1.7042e-010
3744	1.4488e-010
3745	1.427e-010
3746	1.4217e-010
3747	1.285e-010
3748	1.4637e-010
3749	1.1672e-010
3750	1.3272e-010
3751	1.1335e-010
3752	1.213e-010
3753	1.123e-010
3754	1.1168e-010
3755	1.1233e-010
3756	1.1025e-010
3757	1.344e-010
3758	1.0753e-010
3759	1.0839e-010
3760	9.9266e-011
3761	1.0127e-010
3762	1.1134e-010
3763	1.1878e-010
3764	1.9914e-010
3765	2.3488e-010
3766	3.3065e-010
3767	8.6069e-010
3768	1.1945e-009
3769	1.4811e-009
3770	1.1428e-009
3771	3.761e-010
3772	3.602e-010
3773	1.3177e-010
3774	7.0105e-011
3775	7.2076e-011
3776	6.2066e-011
3777	6.4412e-011
3778	7.0444e-011
3779	6.4381e-011
3780	7.1175e-011
3781	7.1595e-011
3782	6.9538e-011
3783	7.7674e-011
3784	7.1576e-011
3785	7.998e-011
3786	7.7439e-011
3787	8.0775e-011
3788	8.2831e-011
3789	8.2801e-011
3790	8.7661e-011
3791	8.5881e-011
3792	9.1938e-011
3793	8.9999e-011
3794	9.548e-011
3795	9.51e-011
3796	9.8296e-011
3797	1.0161e-010
3798	1.005e-010
3799	1.0821e-010
3800	1.0413e-010
3801	1.1205e-010
3802	1.1274e-010
3803	1.1256e-010
3804	1.1949e-010
3805	1.1952e-010
3806	1.2105e-010
3807	1.2705e-010
3808	1.2964e-010
3809	1.2795e-010
3810	1.3565e-010
3811	1.3798e-010
3812	1.4079e-010
3813	1.413e-010
3814	1.4692e-010
3815	1.5044e-010
3816	1.5389e-010
3817	1.5671e-010
3818	1.6009e-010
3819	1.6399e-010
3820	1.6666e-010
3821	1.7148e-010
3822	1.7535e-010
3823	1.7925e-010
3824	1.8339e-010
3825	1.875e-010
3826	1.9272e-010
3827	1.9432e-010
3828	2.0076e-010
3829	2.0484e-010
3830	2.0982e-010
3831	2.1703e-010
3832	2.2265e-010
3833	2.2266e-010
3834	2.2401e-010
3835	2.4214e-010
3836	2.4324e-010
3837	2.244e-010
3838	2.2271e-010
3839	2.2561e-010
3840	2.2133e-010
3841	2.1359e-010
3842	2.0861e-010
3843	2.0539e-010
3844	1.9497e-010
3845	1.9819e-010
3846	1.9198e-010
3847	1.8825e-010
3848	1.8461e-010
3849	1.8139e-010
3850	1.7809e-010
3851	1.6947e-010
3852	1.7123e-010
3853	1.6736e-010
3854	1.6523e-010
3855	1.6649e-010
3856	1.648e-010
3857	1.6425e-010
3858	1.3982e-010
3859	1.6109e-010
3860	1.5938e-010
3861	1.6646e-010
3862	1.3146e-010
3863	1.5828e-010
3864	1.6122e-010
3865	1.2478e-010
3866	1.3031e-010
3867	1.6173e-010
3868	1.1612e-010
3869	1.4056e-010
3870	1.6735e-010
3871	1.138e-010
3872	1.7e-010
3873	1.0792e-010
3874	1.4732e-010
3875	1.2701e-010
3876	1.0951e-010
3877	1.3822e-010
3878	9.2347e-011
3879	1.2754e-010
3880	8.9368e-011
3881	1.1743e-010
3882	9.0851e-011
3883	1.0326e-010
3884	1.0043e-010
3885	8.6104e-011
3886	1.2248e-010
3887	8.0873e-011
3888	1.232e-010
3889	7.3692e-011
3890	8.9253e-011
3891	8.7138e-011
3892	7.2592e-011
3893	9.8281e-011
3894	1.4889e-010
3895	1.9221e-010
3896	2.6893e-010
3897	8.231e-010
3898	1.1397e-009
3899	1.6008e-009
3900	1.382e-009
3901	3.7603e-010
3902	3.6015e-010
3903	1.3174e-010
3904	7.0072e-011
3905	7.2057e-011
3906	6.206e-011
3907	6.4399e-011
3908	7.0414e-011
3909	6.4356e-011
3910	7.1148e-011
3911	7.159e-011
3912	6.9535e-011
3913	7.7674e-011
3914	7.1564e-011
3915	7.9977e-011
3916	7.7447e-011
3917	8.0766e-011
3918	8.2785e-011
3919	8.2748e-011
3920	8.7655e-011
3921	8.5892e-011
3922	9.1941e-011
3923	8.9996e-011
3924	9.5496e-011
3925	9.5117e-011
3926	9.8292e-011
3927	1.0156e-010
3928	1.0039e-010
3929	1.0813e-010
3930	1.0411e-010
3931	1.1205e-010
3932	1.1275e-010
3933	1.1257e-010
3934	1.1949e-010
3935	1.195e-010
3936	1.2105e-010
3937	1.2704e-010
3938	1.2959e-010
3939	1.2789e-010
3940	1.3559e-010
3941	1.3799e-010
3942	1.4083e-010
3943	1.4126e-010
3944	1.4686e-010
3945	1.5039e-010
3946	1.5388e-010
3947	1.5671e-010
3948	1.6005e-010
3949	1.6399e-010
3950	1.6662e-010
3951	1.7149e-010
3952	1.7532e-010
3953	1.7918e-010
3954	1.8332e-010
3955	1.8749e-010
3956	1.9267e-010
3957	1.9424e-010
3958	2.0077e-010
3959	2.0484e-010
3960	2.0987e-010
3961	2.1704e-010
3962	2.2258e-010
3963	2.2268e-010
3964	2.2403e-010
3965	2.4222e-010
3966	2.4326e-010
3967	2.2451e-010
3968	2.2281e-010
3969	2.257e-010
3970	2.2131e-010
3971	2.1359e-010
3972	2.0857e-010
3973	2.0541e-010
3974	1.9505e-010
3975	1.9817e-010
3976	1.9206e-010
3977	1.8813e-010
3978	1.8458e-010
3979	1.8134e-010
3980	1.7805e-010
3981	1.6945e-010
3982	1.7127e-010
3983	1.6736e-010
3984	1.652e-010
3985	1.6654e-010
3986	1.648e-010
3987	1.644e-010
3988	1.3971e-010
3989	1.6125e-010
3990	1.5936e-010
3991	1.6652e-010
3992	1.3149e-010
3993	1.5829e-010
3994	1.6122e-010
3995	1.2482e-010
3996	1.3037e-010
3997	1.6181e-010
3998	1.1619e-010
3999	1.4067e-010
4000	1.6745e-010
4001	1.1384e-010
4002	1.7011e-010
4003	1.0801e-010
4004	1.4744e-010
4005	1.2712e-010
4006	1.0961e-010
4007	1.3832e-010
4008	9.2401e-011
4009	1.2763e-010
4010	8.9429e-011
4011	1.1751e-010
4012	9.0904e-011
4013	1.0331e-010
4014	1.0048e-010
4015	8.6156e-011
4016	1.2252e-010
4017	8.09e-011
4018	1.2324e-010
4019	7.3716e-011
4020	8.9283e-011
4021	8.7172e-011
4022	7.2616e-011
4023	9.8312e-011
4024	1.4892e-010
4025	1.9224e-010
4026	2.6894e-010
4027	8.2312e-010
4028	1.1397e-009
4029	1.6008e-009
4030	1.3821e-009
4031	2.8232e-010
4032	3.2564e-010
4033	1.1665e-010
4034	7.9222e-011
4035	8.9532e-011
4036	8.4865e-011
4037	8.7237e-011
4038	9.0245e-011
4039	9.0088e-011
4040	8.8468e-011
4041	8.9046e-011
4042	8.9938e-011
4043	9.004e-011
4044	9.2871e-011
4045	9.2231e-011
4046	9.4508e-011
4047	9.601e-011
4048	9.7936e-011
4049	1.0065e-010
4050	1.0204e-010
4051	1.0584e-010
4052	1.0658e-010
4053	1.1079e-010
4054	1.1169e-010
4055	1.1537e-010
4056	1.1734e-010
4057	1.1933e-010
4058	1.2413e-010
4059	1.2396e-010
4060	1.3088e-010
4061	1.3032e-010
4062	1.3405e-010
4063	1.3891e-010
4064	1.3909e-010
4065	1.4382e-010
4066	1.4791e-010
4067	1.4906e-010
4068	1.5279e-010
4069	1.5937e-010
4070	1.5956e-010
4071	1.6338e-010
4072	1.6753e-010
4073	1.734e-010
4074	1.7551e-010
4075	1.7901e-010
4076	1.8293e-010
4077	1.8748e-010
4078	1.9177e-010
4079	1.9615e-010
4080	2.0137e-010
4081	2.0505e-010
4082	2.0971e-010
4083	2.1443e-010
4084	2.192e-010
4085	2.2439e-010
4086	2.2873e-010
4087	2.3644e-010
4088	2.4016e-010
4089	2.46e-010
4090	2.5142e-010
4091	2.5573e-010
4092	2.6123e-010
4093	2.7092e-010
4094	2.8143e-010
4095	2.7847e-010
4096	2.781e-010
4097	2.8304e-010
4098	2.7435e-010
4099	2.6332e-010
4100	2.5774e-010
4101	2.5486e-010
4102	2.5024e-010
4103	2.4421e-010
4104	2.44e-010
4105	2.3243e-010
4106	2.2896e-010
4107	2.2447e-010
4108	2.1976e-010
4109	2.1524e-010
4110	2.1101e-010
4111	2.1157e-010
4112	2.0428e-010
4113	2.0178e-010
4114	1.9684e-010
4115	1.8959e-010
4116	1.8803e-010
4117	1.8708e-010
4118	2.0279e-010
4119	1.8057e-010
4120	1.7251e-010
4121	1.7363e-010
4122	2.0576e-010
4123	1.6926e-010
4124	1.5813e-010
4125	1.7726e-010
4126	1.63e-010
4127	1.4682e-010
4128	1.8018e-010
4129	1.5425e-010
4130	1.5173e-010
4131	1.9861e-010
4132	1.3722e-010
4133	1.7072e-010
4134	1.4515e-010
4135	1.4297e-010
4136	1.424e-010
4137	1.287e-010
4138	1.4664e-010
4139	1.1694e-010
4140	1.3298e-010
4141	1.1357e-010
4142	1.2148e-010
4143	1.1246e-010
4144	1.1183e-010
4145	1.1247e-010
4146	1.1036e-010
4147	1.3451e-010
4148	1.076e-010
4149	1.0848e-010
4150	9.9343e-011
4151	1.0137e-010
4152	1.1145e-010
4153	1.1888e-010
4154	1.9925e-010
4155	2.3499e-010
4156	3.307e-010
4157	8.6075e-010
4158	1.1945e-009
4159	1.4811e-009
4160	1.1428e-009
4161	3.7603e-010
4162	3.6015e-010
4163	1.3174e-010
4164	7.0072e-011
4165	7.2057e-011
4166	6.206e-011
4167	6.4399e-011
4168	7.0414e-011
4169	6.4356e-011
4170	7.1148e-011
4171	7.159e-011
4172	6.9535e-011
4173	7.7674e-011
4174	7.1564e-011
4175	7.9977e-011
4176	7.7447e-011
4177	8.0766e-011
4178	8.2785e-011
4179	8.2748e-011
4180	8.7655e-011
4181	8.5892e-011
4182	9.1942e-011
4183	8.9995e-011
4184	9.5496e-011
4185	9.5117e-011
4186	9.8291e-011
4187	1.0156e-010
4188	1.0039e-010
4189	1.0813e-010
4190	1.0411e-010
4191	1.1205e-010
4192	1.1275e-010
4193	1.1257e-010
4194	1.1949e-010
4195	1.195e-010
4196	1.2105e-010
4197	1.2703e-010
4198	1.2961e-010
4199	1.2785e-010
4200	1.356e-010
4201	1.3798e-010
4202	1.4083e-010
4203	1.4126e-010
4204	1.4686e-010
4205	1.5039e-010
4206	1.5388e-010
4207	1.5671e-010
4208	1.6005e-010
4209	1.6399e-010
4210	1.6662e-010
4211	1.7149e-010
4212	1.7532e-010
4213	1.7918e-010
4214	1.8332e-010
4215	1.8749e-010
4216	1.9267e-010
4217	1.9424e-010
4218	2.0077e-010
4219	2.0484e-010
4220	2.0987e-010
4221	2.1704e-010
4222	2.2258e-010
4223	2.2268e-010
4224	2.2403e-010
4225	2.4222e-010
4226	2.4326e-010
4227	2.2451e-010
4228	2.2281e-010
4229	2.257e-010
4230	2.2131e-010
4231	2.1359e-010
4232	2.0856e-010
4233	2.0541e-010
4234	1.9505e-010
4235	1.9817e-010
4236	1.9206e-010
4237	1.8813e-010
4238	1.8458e-010
4239	1.8134e-010
4240	1.7805e-010
4241	1.6945e-010
4242	1.7127e-010
4243	1.6736e-010
4244	1.6522e-010
4245	1.6647e-010
4246	1.6494e-010
4247	1.6256e-010
4248	1.4163e-010
4249	1.5933e-010
4250	1.5946e-010
4251	1.6647e-010
4252	1.315e-010
4253	1.5827e-010
4254	1.6122e-010
4255	1.2482e-010
4256	1.3037e-010
4257	1.6181e-010
4258	1.1619e-010
4259	1.4067e-010
4260	1.6745e-010
4261	1.1384e-010
4262	1.7011e-010
4263	1.0801e-010
4264	1.4743e-010
4265	1.2712e-010
4266	1.0961e-010
4267	1.3832e-010
4268	9.24e-011
4269	1.2763e-010
4270	8.9429e-011
4271	1.1751e-010
4272	9.0905e-011
4273	1.0331e-010
4274	1.0048e-010
4275	8.6156e-011
4276	1.2252e-010
4277	8.09e-011
4278	1.2324e-010
4279	7.3716e-011
4280	8.9283e-011
4281	8.7172e-011
4282	7.2616e-011
4283	9.8312e-011
4284	1.4892e-010
4285	1.9224e-010
4286	2.6894e-010
4287	8.2312e-010
4288	1.1397e-009
4289	1.6008e-009
4290	1.3821e-009
4291	3.761e-010
4292	3.602e-010
4293	1.3177e-010
4294	7.0105e-011
4295	7.2076e-011
4296	6.2066e-011
4297	6.4412e-011
4298	7.0444e-011
4299	6.4381e-011
4300	7.1175e-011
4301	7.1595e-011
4302	6.9538e-011
4303	7.7674e-011
4304	7.1576e-011
4305	7.998e-011
4306	7.744e-011
4307	8.0775e-011
4308	8.2831e-011
4309	8.2801e-011
4310	8.7661e-011
4311	8.5882e-011
4312	9.1938e-011
4313	8.9999e-011
4314	9.5479e-011
4315	9.51e-011
4316	9.8295e-011
4317	1.0161e-010
4318	1.005e-010
4319	1.0821e-010
4320	1.0413e-010
4321	1.1205e-010
4322	1.1274e-010
4323	1.1256e-010
4324	1.1948e-010
4325	1.1952e-010
4326	1.2105e-010
4327	1.2706e-010
4328	1.2953e-010
4329	1.281e-010
4330	1.3554e-010
4331	1.3799e-010
4332	1.408e-010
4333	1.413e-010
4334	1.4692e-010
4335	1.5044e-010
4336	1.5389e-010
4337	1.5672e-010
4338	1.6009e-010
4339	1.6399e-010
4340	1.6666e-010
4341	1.7148e-010
4342	1.7536e-010
4343	1.7925e-010
4344	1.8339e-010
4345	1.875e-010
4346	1.9272e-010
4347	1.9431e-010
4348	2.0076e-010
4349	2.0484e-010
4350	2.0982e-010
4351	2.1703e-010
4352	2.2265e-010
4353	2.2266e-010
4354	2.2401e-010
4355	2.4214e-010
4356	2.4324e-010
4357	2.244e-010
4358	2.2271e-010
4359	2.2561e-010
4360	2.2133e-010
4361	2.1359e-010
4362	2.0861e-010
4363	2.0539e-010
4364	1.9497e-010
4365	1.9819e-010
4366	1.9198e-010
4367	1.8825e-010
4368	1.8461e-010
4369	1.8139e-010
4370	1.7809e-010
4371	1.6947e-010
4372	1.7123e-010
4373	1.6736e-010
4374	1.6524e-010
4375	1.6646e-010
4376	1.6471e-010
4377	1.6295e-010
4378	1.4163e-010
4379	1.5974e-010
4380	1.5929e-010
4381	1.6645e-010
4382	1.3151e-010
4383	1.583e-010
4384	1.6122e-010
4385	1.2478e-010
4386	1.3031e-010
4387	1.6173e-010
4388	1.1612e-010
4389	1.4056e-010
4390	1.6735e-010
4391	1.138e-010
4392	1.7e-010
4393	1.0793e-010
4394	1.4732e-010
4395	1.2701e-010
4396	1.0951e-010
4397	1.3822e-010
4398	9.2347e-011
4399	1.2754e-010
4400	8.9368e-011
4401	1.1743e-010
4402	9.0851e-011
4403	1.0326e-010
4404	1.0043e-010
4405	8.6105e-011
4406	1.2248e-010
4407	8.0873e-011
4408	1.232e-010
4409	7.3693e-011
4410	8.9253e-011
4411	8.7138e-011
4412	7.2592e-011
4413	9.8281e-011
4414	1.4889e-010
4415	1.9221e-010
4416	2.6893e-010
4417	8.231e-010
4418	1.1397e-009
4419	1.6008e-009
4420	1.382e-009
4421	2.8231e-010
4422	3.2566e-010
4423	1.1671e-010
4424	7.9295e-011
4425	8.9595e-011
4426	8.4905e-011
4427	8.7302e-011
4428	9.0379e-011
4429	9.0277e-011
4430	8.8605e-011
4431	8.9079e-011
4432	8.9911e-011
4433	9.005e-011
4434	9.2908e-011
4435	9.2268e-011
4436	9.451e-011
4437	9.6027e-011
4438	9.8016e-011
4439	1.0071e-010
4440	1.0199e-010
4441	1.0575e-010
4442	1.0653e-010
4443	1.1075e-010
4444	1.1163e-010
4445	1.1533e-010
4446	1.1741e-010
4447	1.1952e-010
4448	1.2437e-010
4449	1.2419e-010
4450	1.3101e-010
4451	1.303e-010
4452	1.3399e-010
4453	1.3888e-010
4454	1.3909e-010
4455	1.4389e-010
4456	1.4806e-010
4457	1.4912e-010
4458	1.5299e-010
4459	1.5917e-010
4460	1.5988e-010
4461	1.6338e-010
4462	1.6752e-010
4463	1.7342e-010
4464	1.7568e-010
4465	1.7919e-010
4466	1.8292e-010
4467	1.8747e-010
4468	1.9193e-010
4469	1.9619e-010
4470	2.0151e-010
4471	2.0502e-010
4472	2.0976e-010
4473	2.146e-010
4474	2.1942e-010
4475	2.2434e-010
4476	2.2897e-010
4477	2.3652e-010
4478	2.4033e-010
4479	2.4589e-010
4480	2.5141e-010
4481	2.5578e-010
4482	2.6128e-010
4483	2.7104e-010
4484	2.8121e-010
4485	2.7826e-010
4486	2.7794e-010
4487	2.8281e-010
4488	2.7419e-010
4489	2.6306e-010
4490	2.5769e-010
4491	2.5496e-010
4492	2.5021e-010
4493	2.4415e-010
4494	2.4401e-010
4495	2.3224e-010
4496	2.2908e-010
4497	2.2444e-010
4498	2.1991e-010
4499	2.1532e-010
4500	2.1117e-010
4501	2.1166e-010
4502	2.044e-010
4503	2.0184e-010
4504	1.9692e-010
4505	1.8966e-010
4506	1.8818e-010
4507	1.8753e-010
4508	2.0584e-010
4509	1.8106e-010
4510	1.7266e-010
4511	1.7365e-010
4512	2.057e-010
4513	1.6929e-010
4514	1.5815e-010
4515	1.7713e-010
4516	1.6282e-010
4517	1.4664e-010
4518	1.7996e-010
4519	1.5399e-010
4520	1.5151e-010
4521	1.9838e-010
4522	1.3706e-010
4523	1.7043e-010
4524	1.4488e-010
4525	1.427e-010
4526	1.4217e-010
4527	1.285e-010
4528	1.4637e-010
4529	1.1672e-010
4530	1.3272e-010
4531	1.1335e-010
4532	1.213e-010
4533	1.123e-010
4534	1.1168e-010
4535	1.1234e-010
4536	1.1025e-010
4537	1.3439e-010
4538	1.0753e-010
4539	1.0839e-010
4540	9.9266e-011
4541	1.0127e-010
4542	1.1134e-010
4543	1.1878e-010
4544	1.9914e-010
4545	2.3488e-010
4546	3.3065e-010
4547	8.6069e-010
4548	1.1945e-009
4549	1.4811e-009
4550	1.1428e-009
4551	3.7612e-010
4552	3.6019e-010
4553	1.3177e-010
4554	7.0091e-011
4555	7.2073e-011
4556	6.2088e-011
4557	6.4455e-011
4558	7.0514e-011
4559	6.4475e-011
4560	7.126e-011
4561	7.1654e-011
4562	6.9582e-011
4563	7.7737e-011
4564	7.1645e-011
4565	8.0019e-011
4566	7.7426e-011
4567	8.0753e-011
4568	8.2841e-011
4569	8.2815e-011
4570	8.7648e-011
4571	8.5854e-011
4572	9.194e-011
4573	9.0019e-011
4574	9.5475e-011
4575	9.5083e-011
4576	9.8297e-011
4577	1.0164e-010
4578	1.0057e-010
4579	1.0828e-010
4580	1.0413e-010
4581	1.12e-010
4582	1.1268e-010
4583	1.1253e-010
4584	1.1952e-010
4585	1.1961e-010
4586	1.212e-010
4587	1.2718e-010
4588	1.2945e-010
4589	1.2836e-010
4590	1.3539e-010
4591	1.3799e-010
4592	1.4075e-010
4593	1.4127e-010
4594	1.4689e-010
4595	1.5044e-010
4596	1.5388e-010
4597	1.5671e-010
4598	1.6014e-010
4599	1.6408e-010
4600	1.6672e-010
4601	1.7141e-010
4602	1.7532e-010
4603	1.7936e-010
4604	1.8339e-010
4605	1.8764e-010
4606	1.9272e-010
4607	1.9432e-010
4608	2.0075e-010
4609	2.0475e-010
4610	2.098e-010
4611	2.1692e-010
4612	2.2255e-010
4613	2.2256e-010
4614	2.2403e-010
4615	2.4209e-010
4616	2.4334e-010
4617	2.2442e-010
4618	2.2257e-010
4619	2.2553e-010
4620	2.2123e-010
4621	2.135e-010
4622	2.0861e-010
4623	2.0537e-010
4624	1.95e-010
4625	1.9822e-010
4626	1.9203e-010
4627	1.8826e-010
4628	1.8467e-010
4629	1.8145e-010
4630	1.7816e-010
4631	1.6954e-010
4632	1.7129e-010
4633	1.6755e-010
4634	1.6527e-010
4635	1.6645e-010
4636	1.6495e-010
4637	1.6656e-010
4638	1.4154e-010
4639	1.6349e-010
4640	1.5953e-010
4641	1.6644e-010
4642	1.3143e-010
4643	1.5827e-010
4644	1.6124e-010
4645	1.2478e-010
4646	1.3028e-010
4647	1.6166e-010
4648	1.1603e-010
4649	1.4047e-010
4650	1.6727e-010
4651	1.1374e-010
4652	1.6997e-010
4653	1.0787e-010
4654	1.4725e-010
4655	1.2695e-010
4656	1.0946e-010
4657	1.3817e-010
4658	9.2273e-011
4659	1.2745e-010
4660	8.9301e-011
4661	1.1737e-010
4662	9.0834e-011
4663	1.0324e-010
4664	1.0038e-010
4665	8.6062e-011
4666	1.2244e-010
4667	8.0846e-011
4668	1.2317e-010
4669	7.3658e-011
4670	8.9208e-011
4671	8.7083e-011
4672	7.2528e-011
4673	9.8238e-011
4674	1.4885e-010
4675	1.9217e-010
4676	2.689e-010
4677	8.2307e-010
4678	1.1397e-009
4679	1.6008e-009
4680	1.3819e-009
4681	4.3835e-010
4682	3.215e-010
4683	6.3207e-011
4684	6.284e-011
4685	7.9161e-011
4686	7.4209e-011
4687	7.5462e-011
4688	7.7888e-011
4689	7.7487e-011
4690	7.6355e-011
4691	7.6372e-011
4692	7.7344e-011
4693	7.7766e-011
4694	8.0152e-011
4695	8.0125e-011
4696	8.1713e-011
4697	8.3241e-011
4698	8.5149e-011
4699	8.725e-011
4700	8.8981e-011
4701	9.1742e-011
4702	9.3041e-011
4703	9.6129e-011
4704	9.7423e-011
4705	1.0029e-010
4706	1.0218e-010
4707	1.041e-010
4708	1.0792e-010
4709	1.0864e-010
4710	1.1349e-010
4711	1.1379e-010
4712	1.1667e-010
4713	1.2075e-010
4714	1.2161e-010
4715	1.2529e-010
4716	1.2877e-010
4717	1.3006e-010
4718	1.3356e-010
4719	1.3822e-010
4720	1.397e-010
4721	1.4215e-010
4722	1.4633e-010
4723	1.5041e-010
4724	1.5331e-010
4725	1.5603e-010
4726	1.5927e-010
4727	1.6339e-010
4728	1.6727e-010
4729	1.7119e-010
4730	1.7508e-010
4731	1.7895e-010
4732	1.8269e-010
4733	1.8697e-010
4734	1.9108e-010
4735	1.9532e-010
4736	2.e-010
4737	2.0499e-010
4738	2.0963e-010
4739	2.1436e-010
4740	2.1884e-010
4741	2.2238e-010
4742	2.2853e-010
4743	2.3616e-010
4744	2.4193e-010
4745	2.4365e-010
4746	2.4409e-010
4747	2.4303e-010
4748	2.3827e-010
4749	2.3035e-010
4750	2.2361e-010
4751	2.2143e-010
4752	2.1783e-010
4753	2.1376e-010
4754	2.0895e-010
4755	2.0374e-010
4756	1.9863e-010
4757	1.9473e-010
4758	1.9069e-010
4759	1.8691e-010
4760	1.84e-010
4761	1.8101e-010
4762	1.7795e-010
4763	1.7581e-010
4764	1.7152e-010
4765	1.6291e-010
4766	1.6369e-010
4767	1.6921e-010
4768	1.729e-010
4769	1.6453e-010
4770	1.4722e-010
4771	1.5675e-010
4772	1.744e-010
4773	1.4953e-010
4774	1.403e-010
4775	1.5206e-010
4776	1.3778e-010
4777	1.3507e-010
4778	1.5459e-010
4779	1.2815e-010
4780	1.3641e-010
4781	1.7365e-010
4782	1.3316e-010
4783	1.4425e-010
4784	1.2045e-010
4785	1.124e-010
4786	1.2456e-010
4787	1.058e-010
4788	1.1427e-010
4789	1.0276e-010
4790	1.0825e-010
4791	9.7635e-011
4792	9.5633e-011
4793	9.118e-011
4794	8.8245e-011
4795	8.7702e-011
4796	1.0071e-010
4797	1.2166e-010
4798	9.8843e-011
4799	8.9796e-011
4800	8.0449e-011
4801	8.9472e-011
4802	1.0016e-010
4803	1.0043e-010
4804	1.4078e-010
4805	1.4366e-010
4806	2.1484e-010
4807	6.0724e-010
4808	3.0913e-010
4809	1.5642e-009
4810	1.5125e-009
4811	4.1756e-010
4812	4.2414e-010
4813	1.0492e-010
4814	8.9408e-011
4815	8.9017e-011
4816	8.915e-011
4817	9.1166e-011
4818	9.3278e-011
4819	9.2598e-011
4820	9.373e-011
4821	9.3926e-011
4822	9.4407e-011
4823	9.6244e-011
4824	9.6841e-011
4825	9.9177e-011
4826	1.003e-010
4827	1.0248e-010
4828	1.0456e-010
4829	1.0677e-010
4830	1.0962e-010
4831	1.1165e-010
4832	1.1493e-010
4833	1.1678e-010
4834	1.2011e-010
4835	1.2225e-010
4836	1.2518e-010
4837	1.2849e-010
4838	1.3045e-010
4839	1.3487e-010
4840	1.363e-010
4841	1.4066e-010
4842	1.4338e-010
4843	1.4579e-010
4844	1.5036e-010
4845	1.5293e-010
4846	1.56e-010
4847	1.6065e-010
4848	1.6392e-010
4849	1.6677e-010
4850	1.7134e-010
4851	1.7544e-010
4852	1.7875e-010
4853	1.8247e-010
4854	1.8686e-010
4855	1.9157e-010
4856	1.9589e-010
4857	2.e-010
4858	2.0445e-010
4859	2.0895e-010
4860	2.1367e-010
4861	2.1848e-010
4862	2.2364e-010
4863	2.2885e-010
4864	2.3396e-010
4865	2.3934e-010
4866	2.4452e-010
4867	2.5009e-010
4868	2.5557e-010
4869	2.6185e-010
4870	2.6808e-010
4871	2.7494e-010
4872	2.8099e-010
4873	2.8627e-010
4874	2.9324e-010
4875	3.0172e-010
4876	3.0202e-010
4877	2.9407e-010
4878	2.8776e-010
4879	2.838e-010
4880	2.7889e-010
4881	2.7268e-010
4882	2.6689e-010
4883	2.6004e-010
4884	2.5488e-010
4885	2.4924e-010
4886	2.4532e-010
4887	2.4029e-010
4888	2.3545e-010
4889	2.3086e-010
4890	2.2511e-010
4891	2.2082e-010
4892	2.1654e-010
4893	2.1458e-010
4894	2.1128e-010
4895	2.0798e-010
4896	2.0737e-010
4897	2.03e-010
4898	1.9856e-010
4899	1.9902e-010
4900	1.9561e-010
4901	1.9574e-010
4902	1.9049e-010
4903	1.8723e-010
4904	1.8775e-010
4905	1.7157e-010
4906	1.6694e-010
4907	1.8239e-010
4908	1.6732e-010
4909	1.6455e-010
4910	1.8061e-010
4911	1.7884e-010
4912	1.8157e-010
4913	1.5447e-010
4914	1.5883e-010
4915	1.4322e-010
4916	1.4296e-010
4917	1.4169e-010
4918	1.3103e-010
4919	1.3659e-010
4920	1.2576e-010
4921	1.263e-010
4922	1.1691e-010
4923	1.1565e-010
4924	1.1273e-010
4925	1.1018e-010
4926	1.2786e-010
4927	1.3361e-010
4928	1.2623e-010
4929	1.0842e-010
4930	1.0716e-010
4931	1.1155e-010
4932	1.1636e-010
4933	1.3867e-010
4934	1.4603e-010
4935	1.5959e-010
4936	2.6881e-010
4937	5.8431e-010
4938	2.9946e-010
4939	1.8204e-009
4940	1.4313e-009
4941	4.3831e-010
4942	3.2144e-010
4943	6.3203e-011
4944	6.2847e-011
4945	7.9165e-011
4946	7.4208e-011
4947	7.5457e-011
4948	7.7877e-011
4949	7.7472e-011
4950	7.6339e-011
4951	7.6361e-011
4952	7.7336e-011
4953	7.7767e-011
4954	8.0154e-011
4955	8.0133e-011
4956	8.1718e-011
4957	8.3244e-011
4958	8.5148e-011
4959	8.7253e-011
4960	8.9002e-011
4961	9.1766e-011
4962	9.3032e-011
4963	9.6095e-011
4964	9.74e-011
4965	1.0027e-010
4966	1.0215e-010
4967	1.0408e-010
4968	1.0789e-010
4969	1.0862e-010
4970	1.1347e-010
4971	1.138e-010
4972	1.1669e-010
4973	1.2073e-010
4974	1.2156e-010
4975	1.2522e-010
4976	1.2872e-010
4977	1.3002e-010
4978	1.3368e-010
4979	1.3811e-010
4980	1.3979e-010
4981	1.421e-010
4982	1.463e-010
4983	1.5035e-010
4984	1.533e-010
4985	1.5602e-010
4986	1.5927e-010
4987	1.634e-010
4988	1.6728e-010
4989	1.7108e-010
4990	1.7506e-010
4991	1.7885e-010
4992	1.8274e-010
4993	1.8689e-010
4994	1.9115e-010
4995	1.9522e-010
4996	2.0011e-010
4997	2.0495e-010
4998	2.0962e-010
4999	2.1442e-010
5000	2.1882e-010
5001	2.2236e-010
5002	2.2852e-010
5003	2.3622e-010
5004	2.4191e-010
5005	2.437e-010
5006	2.441e-010
5007	2.43e-010
5008	2.3831e-010
5009	2.3034e-010
5010	2.2368e-010
5011	2.2142e-010
5012	2.1786e-010
5013	2.1373e-010
5014	2.0893e-010
5015	2.0377e-010
5016	1.985e-010
5017	1.9475e-010
5018	1.9068e-010
5019	1.8677e-010
5020	1.8427e-010
5021	1.8056e-010
5022	1.7837e-010
5023	1.7577e-010
5024	1.7161e-010
5025	1.6294e-010
5026	1.6369e-010
5027	1.692e-010
5028	1.7283e-010
5029	1.6452e-010
5030	1.4723e-010
5031	1.5674e-010
5032	1.7439e-010
5033	1.4954e-010
5034	1.4032e-010
5035	1.5206e-010
5036	1.3779e-010
5037	1.3505e-010
5038	1.5462e-010
5039	1.2818e-010
5040	1.3642e-010
5041	1.7368e-010
5042	1.3316e-010
5043	1.4429e-010
5044	1.2045e-010
5045	1.1241e-010
5046	1.2457e-010
5047	1.0581e-010
5048	1.1432e-010
5049	1.0279e-010
5050	1.0831e-010
5051	9.766e-011
5052	9.5649e-011
5053	9.1183e-011
5054	8.8248e-011
5055	8.7705e-011
5056	1.0071e-010
5057	1.2167e-010
5058	9.8847e-011
5059	8.9812e-011
5060	8.0461e-011
5061	8.9491e-011
5062	1.0018e-010
5063	1.0044e-010
5064	1.4081e-010
5065	1.4367e-010
5066	2.1485e-010
5067	6.0725e-010
5068	3.0916e-010
5069	1.5643e-009
5070	1.5126e-009
5071	4.3826e-010
5072	3.2147e-010
5073	6.321e-011
5074	6.2845e-011
5075	7.9162e-011
5076	7.4206e-011
5077	7.5445e-011
5078	7.7843e-011
5079	7.7419e-011
5080	7.6298e-011
5081	7.6343e-011
5082	7.7331e-011
5083	7.7753e-011
5084	8.0133e-011
5085	8.012e-011
5086	8.1718e-011
5087	8.3229e-011
5088	8.5095e-011
5089	8.7188e-011
5090	8.896e-011
5091	9.1743e-011
5092	9.301e-011
5093	9.6078e-011
5094	9.7391e-011
5095	1.0027e-010
5096	1.0217e-010
5097	1.0408e-010
5098	1.0784e-010
5099	1.0855e-010
5100	1.1341e-010
5101	1.1381e-010
5102	1.1671e-010
5103	1.207e-010
5104	1.2151e-010
5105	1.2518e-010
5106	1.2869e-010
5107	1.2997e-010
5108	1.334e-010
5109	1.3825e-010
5110	1.3961e-010
5111	1.4219e-010
5112	1.4636e-010
5113	1.5029e-010
5114	1.5322e-010
5115	1.56e-010
5116	1.5929e-010
5117	1.6338e-010
5118	1.6727e-010
5119	1.7108e-010
5120	1.75e-010
5121	1.7881e-010
5122	1.8268e-010
5123	1.8672e-010
5124	1.9108e-010
5125	1.9522e-010
5126	2.0003e-010
5127	2.049e-010
5128	2.0972e-010
5129	2.1438e-010
5130	2.1879e-010
5131	2.2239e-010
5132	2.2855e-010
5133	2.3617e-010
5134	2.4198e-010
5135	2.4384e-010
5136	2.4429e-010
5137	2.4319e-010
5138	2.3855e-010
5139	2.3049e-010
5140	2.2362e-010
5141	2.2138e-010
5142	2.1789e-010
5143	2.1379e-010
5144	2.0899e-010
5145	2.0374e-010
5146	1.9861e-010
5147	1.947e-010
5148	1.9068e-010
5149	1.8676e-010
5150	1.8418e-010
5151	1.8054e-010
5152	1.7841e-010
5153	1.7579e-010
5154	1.7161e-010
5155	1.6295e-010
5156	1.6367e-010
5157	1.6911e-010
5158	1.7287e-010
5159	1.6449e-010
5160	1.4719e-010
5161	1.567e-010
5162	1.7436e-010
5163	1.4949e-010
5164	1.403e-010
5165	1.5212e-010
5166	1.3789e-010
5167	1.3516e-010
5168	1.5475e-010
5169	1.2833e-010
5170	1.3659e-010
5171	1.7382e-010
5172	1.333e-010
5173	1.4446e-010
5174	1.2063e-010
5175	1.1259e-010
5176	1.2472e-010
5177	1.0593e-010
5178	1.1444e-010
5179	1.0291e-010
5180	1.0843e-010
5181	9.7773e-011
5182	9.5768e-011
5183	9.129e-011
5184	8.8338e-011
5185	8.7781e-011
5186	1.0077e-010
5187	1.2172e-010
5188	9.8893e-011
5189	8.9861e-011
5190	8.0506e-011
5191	8.9536e-011
5192	1.0023e-010
5193	1.0049e-010
5194	1.4086e-010
5195	1.4373e-010
5196	2.149e-010
5197	6.0729e-010
5198	3.0921e-010
5199	1.5643e-009
5200	1.5127e-009
5201	4.1757e-010
5202	4.2406e-010
5203	1.0497e-010
5204	8.9449e-011
5205	8.9033e-011
5206	8.9141e-011
5207	9.1138e-011
5208	9.3232e-011
5209	9.2539e-011
5210	9.3673e-011
5211	9.3881e-011
5212	9.4368e-011
5213	9.6205e-011
5214	9.6809e-011
5215	9.9172e-011
5216	1.0032e-010
5217	1.0246e-010
5218	1.0443e-010
5219	1.066e-010
5220	1.0952e-010
5221	1.1159e-010
5222	1.1484e-010
5223	1.1671e-010
5224	1.201e-010
5225	1.2229e-010
5226	1.2523e-010
5227	1.2847e-010
5228	1.3032e-010
5229	1.3473e-010
5230	1.3625e-010
5231	1.4071e-010
5232	1.4344e-010
5233	1.4577e-010
5234	1.503e-010
5235	1.5286e-010
5236	1.5594e-010
5237	1.6058e-010
5238	1.6377e-010
5239	1.6651e-010
5240	1.7131e-010
5241	1.756e-010
5242	1.7883e-010
5243	1.8241e-010
5244	1.8669e-010
5245	1.9153e-010
5246	1.9593e-010
5247	1.9997e-010
5248	2.0444e-010
5249	2.0894e-010
5250	2.1359e-010
5251	2.1843e-010
5252	2.2355e-010
5253	2.2857e-010
5254	2.3376e-010
5255	2.3932e-010
5256	2.4438e-010
5257	2.5013e-010
5258	2.5561e-010
5259	2.62e-010
5260	2.6814e-010
5261	2.7506e-010
5262	2.8105e-010
5263	2.8606e-010
5264	2.9354e-010
5265	3.0183e-010
5266	3.0215e-010
5267	2.9454e-010
5268	2.8813e-010
5269	2.8414e-010
5270	2.7891e-010
5271	2.7247e-010
5272	2.6691e-010
5273	2.6011e-010
5274	2.55e-010
5275	2.4942e-010
5276	2.4528e-010
5277	2.4013e-010
5278	2.3544e-010
5279	2.3078e-010
5280	2.2498e-010
5281	2.2076e-010
5282	2.1669e-010
5283	2.1463e-010
5284	2.1132e-010
5285	2.0812e-010
5286	2.0741e-010
5287	2.0288e-010
5288	1.9855e-010
5289	1.9894e-010
5290	1.9559e-010
5291	1.9572e-010
5292	1.9045e-010
5293	1.8719e-010
5294	1.877e-010
5295	1.7163e-010
5296	1.6708e-010
5297	1.8258e-010
5298	1.6753e-010
5299	1.6484e-010
5300	1.8089e-010
5301	1.7908e-010
5302	1.818e-010
5303	1.5476e-010
5304	1.5914e-010
5305	1.4354e-010
5306	1.4324e-010
5307	1.4193e-010
5308	1.3127e-010
5309	1.3678e-010
5310	1.2597e-010
5311	1.2647e-010
5312	1.1709e-010
5313	1.1581e-010
5314	1.1288e-010
5315	1.1032e-010
5316	1.2795e-010
5317	1.337e-010
5318	1.2631e-010
5319	1.0851e-010
5320	1.0725e-010
5321	1.1162e-010
5322	1.1643e-010
5323	1.3875e-010
5324	1.4612e-010
5325	1.5969e-010
5326	2.6892e-010
5327	5.844e-010
5328	2.9957e-010
5329	1.8206e-009
5330	1.4314e-009
5331	4.3826e-010
5332	3.2147e-010
5333	6.321e-011
5334	6.2845e-011
5335	7.9162e-011
5336	7.4206e-011
5337	7.5445e-011
5338	7.7843e-011
5339	7.7419e-011
5340	7.6298e-011
5341	7.6343e-011
5342	7.7331e-011
5343	7.7753e-011
5344	8.0133e-011
5345	8.012e-011
5346	8.1718e-011
5347	8.3229e-011
5348	8.5095e-011
5349	8.7188e-011
5350	8.896e-011
5351	9.1743e-011
5352	9.301e-011
5353	9.6078e-011
5354	9.7392e-011
5355	1.0027e-010
5356	1.0217e-010
5357	1.0408e-010
5358	1.0784e-010
5359	1.0855e-010
5360	1.1341e-010
5361	1.1381e-010
5362	1.1671e-010
5363	1.207e-010
5364	1.2151e-010
5365	1.2518e-010
5366	1.2869e-010
5367	1.2995e-010
5368	1.3345e-010
5369	1.382e-010
5370	1.3967e-010
5371	1.4218e-010
5372	1.4636e-010
5373	1.5029e-010
5374	1.5322e-010
5375	1.56e-010
5376	1.5929e-010
5377	1.6338e-010
5378	1.6726e-010
5379	1.7108e-010
5380	1.75e-010
5381	1.7881e-010
5382	1.8268e-010
5383	1.8672e-010
5384	1.9108e-010
5385	1.9522e-010
5386	2.0003e-010
5387	2.049e-010
5388	2.0972e-010
5389	2.1438e-010
5390	2.1879e-010
5391	2.2239e-010
5392	2.2855e-010
5393	2.3617e-010
5394	2.4198e-010
5395	2.4384e-010
5396	2.4429e-010
5397	2.4319e-010
5398	2.3855e-010
5399	2.3049e-010
5400	2.2362e-010
5401	2.2138e-010
5402	2.1789e-010
5403	2.1379e-010
5404	2.09e-010
5405	2.0374e-010
5406	1.9861e-010
5407	1.9471e-010
5408	1.9066e-010
5409	1.8685e-010
5410	1.8383e-010
5411	1.8097e-010
5412	1.7803e-010
5413	1.7584e-010
5414	1.7159e-010
5415	1.6296e-010
5416	1.6366e-010
5417	1.6911e-010
5418	1.7291e-010
5419	1.6449e-010
5420	1.4718e-010
5421	1.567e-010
5422	1.7436e-010
5423	1.4949e-010
5424	1.403e-010
5425	1.5212e-010
5426	1.3789e-010
5427	1.3516e-010
5428	1.5475e-010
5429	1.2833e-010
5430	1.3659e-010
5431	1.7382e-010
5432	1.333e-010
5433	1.4446e-010
5434	1.2063e-010
5435	1.1259e-010
5436	1.2472e-010
5437	1.0593e-010
5438	1.1444e-010
5439	1.0291e-010
5440	1.0843e-010
5441	9.7773e-011
5442	9.5768e-011
5443	9.129e-011
5444	8.8337e-011
5445	8.7781e-011
5446	1.0077e-010
5447	1.2172e-010
5448	9.8893e-011
5449	8.9861e-011
5450	8.0506e-011
5451	8.9536e-011
5452	1.0023e-010
5453	1.0049e-010
5454	1.4086e-010
5455	1.4373e-010
5456	2.149e-010
5457	6.0729e-010
5458	3.0921e-010
5459	1.5643e-009
5460	1.5127e-009
5461	4.3831e-010
5462	3.2144e-010
5463	6.3203e-011
5464	6.2847e-011
5465	7.9165e-011
5466	7.4208e-011
5467	7.5457e-011
5468	7.7877e-011
5469	7.7472e-011
5470	7.6339e-011
5471	7.6361e-011
5472	7.7336e-011
5473	7.7767e-011
5474	8.0154e-011
5475	8.0134e-011
5476	8.1718e-011
5477	8.3243e-011
5478	8.5149e-011
5479	8.7253e-011
5480	8.9001e-011
5481	9.1766e-011
5482	9.3032e-011
5483	9.6095e-011
5484	9.74e-011
5485	1.0027e-010
5486	1.0215e-010
5487	1.0408e-010
5488	1.0789e-010
5489	1.0862e-010
5490	1.1347e-010
5491	1.138e-010
5492	1.1669e-010
5493	1.2073e-010
5494	1.2156e-010
5495	1.2522e-010
5496	1.2872e-010
5497	1.3002e-010
5498	1.3359e-010
5499	1.383e-010
5500	1.397e-010
5501	1.421e-010
5502	1.463e-010
5503	1.5037e-010
5504	1.533e-010
5505	1.5602e-010
5506	1.5927e-010
5507	1.634e-010
5508	1.6728e-010
5509	1.7108e-010
5510	1.7506e-010
5511	1.7885e-010
5512	1.8274e-010
5513	1.8689e-010
5514	1.9115e-010
5515	1.9522e-010
5516	2.0011e-010
5517	2.0495e-010
5518	2.0962e-010
5519	2.1442e-010
5520	2.1882e-010
5521	2.2236e-010
5522	2.2852e-010
5523	2.3622e-010
5524	2.4191e-010
5525	2.437e-010
5526	2.441e-010
5527	2.43e-010
5528	2.3831e-010
5529	2.3034e-010
5530	2.2368e-010
5531	2.2142e-010
5532	2.1786e-010
5533	2.1373e-010
5534	2.0893e-010
5535	2.0377e-010
5536	1.985e-010
5537	1.9475e-010
5538	1.9067e-010
5539	1.8685e-010
5540	1.8391e-010
5541	1.8117e-010
5542	1.7799e-010
5543	1.758e-010
5544	1.7159e-010
5545	1.6295e-010
5546	1.6368e-010
5547	1.6912e-010
5548	1.7295e-010
5549	1.6445e-010
5550	1.4722e-010
5551	1.5674e-010
5552	1.7438e-010
5553	1.4953e-010
5554	1.4032e-010
5555	1.5206e-010
5556	1.3779e-010
5557	1.3506e-010
5558	1.5462e-010
5559	1.2818e-010
5560	1.3642e-010
5561	1.7368e-010
5562	1.3316e-010
5563	1.4429e-010
5564	1.2045e-010
5565	1.1241e-010
5566	1.2457e-010
5567	1.0581e-010
5568	1.1432e-010
5569	1.0279e-010
5570	1.0831e-010
5571	9.766e-011
5572	9.5649e-011
5573	9.1182e-011
5574	8.8248e-011
5575	8.7705e-011
5576	1.0071e-010
5577	1.2167e-010
5578	9.8847e-011
5579	8.9811e-011
5580	8.0461e-011
5581	8.9491e-011
5582	1.0018e-010
5583	1.0044e-010
5584	1.4081e-010
5585	1.4367e-010
5586	2.1485e-010
5587	6.0725e-010
5588	3.0916e-010
5589	1.5643e-009
5590	1.5126e-009
5591	4.1756e-010
5592	4.2414e-010
5593	1.0492e-010
5594	8.9408e-011
5595	8.9017e-011
5596	8.915e-011
5597	9.1166e-011
5598	9.3278e-011
5599	9.2598e-011
5600	9.373e-011
5601	9.3925e-011
5602	9.4407e-011
5603	9.6244e-011
5604	9.6841e-011
5605	9.9177e-011
5606	1.003e-010
5607	1.0248e-010
5608	1.0456e-010
5609	1.0677e-010
5610	1.0962e-010
5611	1.1165e-010
5612	1.1493e-010
5613	1.1678e-010
5614	1.2012e-010
5615	1.2225e-010
5616	1.2518e-010
5617	1.2849e-010
5618	1.3045e-010
5619	1.3487e-010
5620	1.363e-010
5621	1.4066e-010
5622	1.4338e-010
5623	1.4579e-010
5624	1.5036e-010
5625	1.5293e-010
5626	1.56e-010
5627	1.6067e-010
5628	1.6396e-010
5629	1.6681e-010
5630	1.7137e-010
5631	1.7546e-010
5632	1.7875e-010
5633	1.8248e-010
5634	1.8685e-010
5635	1.9157e-010
5636	1.9589e-010
5637	2.e-010
5638	2.0445e-010
5639	2.0895e-010
5640	2.1367e-010
5641	2.1848e-010
5642	2.2364e-010
5643	2.2885e-010
5644	2.3396e-010
5645	2.3934e-010
5646	2.4452e-010
5647	2.5009e-010
5648	2.5557e-010
5649	2.6185e-010
5650	2.6808e-010
5651	2.7494e-010
5652	2.8099e-010
5653	2.8627e-010
5654	2.9324e-010
5655	3.0172e-010
5656	3.0202e-010
5657	2.9407e-010
5658	2.8776e-010
5659	2.8381e-010
5660	2.7889e-010
5661	2.7268e-010
5662	2.6689e-010
5663	2.6004e-010
5664	2.5488e-010
5665	2.4924e-010
5666	2.4532e-010
5667	2.4028e-010
5668	2.3545e-010
5669	2.308e-010
5670	2.2538e-010
5671	2.2052e-010
5672	2.1679e-010
5673	2.1453e-010
5674	2.1128e-010
5675	2.0799e-010
5676	2.0736e-010
5677	2.0295e-010
5678	1.9855e-010
5679	1.9896e-010
5680	1.956e-010
5681	1.9576e-010
5682	1.9046e-010
5683	1.8724e-010
5684	1.8776e-010
5685	1.7157e-010
5686	1.6694e-010
5687	1.8239e-010
5688	1.6732e-010
5689	1.6455e-010
5690	1.8061e-010
5691	1.7884e-010
5692	1.8157e-010
5693	1.5447e-010
5694	1.5883e-010
5695	1.4322e-010
5696	1.4296e-010
5697	1.4169e-010
5698	1.3103e-010
5699	1.3659e-010
5700	1.2576e-010
5701	1.263e-010
5702	1.1691e-010
5703	1.1565e-010
5704	1.1273e-010
5705	1.1018e-010
5706	1.2786e-010
5707	1.3361e-010
5708	1.2623e-010
5709	1.0842e-010
5710	1.0716e-010
5711	1.1155e-010
5712	1.1636e-010
5713	1.3867e-010
5714	1.4603e-010
5715	1.5959e-010
5716	2.6881e-010
5717	5.8431e-010
5718	2.9946e-010
5719	1.8204e-009
5720	1.4313e-009
5721	4.3835e-010
5722	3.215e-010
5723	6.3207e-011
5724	6.284e-011
5725	7.9161e-011
5726	7.4209e-011
5727	7.5462e-011
5728	7.7888e-011
5729	7.7487e-011
5730	7.6355e-011
5731	7.6372e-011
5732	7.7344e-011
5733	7.7766e-011
5734	8.0152e-011
5735	8.0125e-011
5736	8.1713e-011
5737	8.324e-011
5738	8.5149e-011
5739	8.725e-011
5740	8.8981e-011
5741	9.1742e-011
5742	9.3041e-011
5743	9.6129e-011
5744	9.7423e-011
5745	1.0029e-010
5746	1.0218e-010
5747	1.041e-010
5748	1.0792e-010
5749	1.0864e-010
5750	1.1349e-010
5751	1.1379e-010
5752	1.1667e-010
5753	1.2075e-010
5754	1.2161e-010
5755	1.2529e-010
5756	1.2877e-010
5757	1.3004e-010
5758	1.3358e-010
5759	1.3832e-010
5760	1.3972e-010
5761	1.4213e-010
5762	1.4634e-010
5763	1.504e-010
5764	1.5331e-010
5765	1.5603e-010
5766	1.5927e-010
5767	1.6339e-010
5768	1.6727e-010
5769	1.7118e-010
5770	1.7508e-010
5771	1.7895e-010
5772	1.8269e-010
5773	1.8697e-010
5774	1.9108e-010
5775	1.9532e-010
5776	2.e-010
5777	2.0499e-010
5778	2.0963e-010
5779	2.1436e-010
5780	2.1884e-010
5781	2.2238e-010
5782	2.2853e-010
5783	2.3616e-010
5784	2.4193e-010
5785	2.4365e-010
5786	2.4409e-010
5787	2.4303e-010
5788	2.3827e-010
5789	2.3035e-010
5790	2.2361e-010
5791	2.2143e-010
5792	2.1783e-010
5793	2.1376e-010
5794	2.0895e-010
5795	2.0374e-010
5796	1.9863e-010
5797	1.9472e-010
5798	1.907e-010
5799	1.869e-010
5800	1.84e-010
5801	1.8119e-010
5802	1.7795e-010
5803	1.758e-010
5804	1.7153e-010
5805	1.6292e-010
5806	1.6374e-010
5807	1.6901e-010
5808	1.729e-010
5809	1.6431e-010
5810	1.4726e-010
5811	1.5677e-010
5812	1.7436e-010
5813	1.4953e-010
5814	1.4031e-010
5815	1.5205e-010
5816	1.3778e-010
5817	1.3507e-010
5818	1.5459e-010
5819	1.2815e-010
5820	1.3641e-010
5821	1.7365e-010
5822	1.3316e-010
5823	1.4425e-010
5824	1.2045e-010
5825	1.124e-010
5826	1.2456e-010
5827	1.058e-010
5828	1.1428e-010
5829	1.0276e-010
5830	1.0825e-010
5831	9.7635e-011
5832	9.5633e-011
5833	9.118e-011
5834	8.8245e-011
5835	8.7702e-011
5836	1.0071e-010
5837	1.2166e-010
5838	9.8843e-011
5839	8.9796e-011
5840	8.0449e-011
5841	8.9472e-011
5842	1.0016e-010
5843	1.0043e-010
5844	1.4078e-010
5845	1.4366e-010
5846	2.1484e-010
5847	6.0724e-010
5848	3.0913e-010
5849	1.5642e-009
5850	1.5125e-009
5851	4.3835e-010
5852	3.215e-010
5853	6.3207e-011
5854	6.284e-011
5855	7.9161e-011
5856	7.4209e-011
5857	7.5462e-011
5858	7.7888e-011
5859	7.7487e-011
5860	7.6355e-011
5861	7.6372e-011
5862	7.7344e-011
5863	7.7766e-011
5864	8.0152e-011
5865	8.0125e-011
5866	8.1713e-011
5867	8.324e-011
5868	8.5149e-011
5869	8.725e-011
5870	8.8981e-011
5871	9.1742e-011
5872	9.3041e-011
5873	9.6129e-011
5874	9.7423e-011
5875	1.0029e-010
5876	1.0218e-010
5877	1.041e-010
5878	1.0792e-010
5879	1.0864e-010
5880	1.1349e-010
5881	1.1379e-010
5882	1.1667e-010
5883	1.2075e-010
5884	1.2161e-010
5885	1.2529e-010
5886	1.2877e-010
5887	1.3004e-010
5888	1.3358e-010
5889	1.3832e-010
5890	1.3972e-010
5891	1.4213e-010
5892	1.4634e-010
5893	1.5041e-010
5894	1.5331e-010
5895	1.5603e-010
5896	1.5927e-010
5897	1.6339e-010
5898	1.6727e-010
5899	1.7119e-010
5900	1.7508e-010
5901	1.7895e-010
5902	1.8269e-010
5903	1.8696e-010
5904	1.9108e-010
5905	1.9532e-010
5906	2.e-010
5907	2.0499e-010
5908	2.0963e-010
5909	2.1436e-010
5910	2.1884e-010
5911	2.2238e-010
5912	2.2853e-010
5913	2.3616e-010
5914	2.4193e-010
5915	2.4365e-010
5916	2.4409e-010
5917	2.4303e-010
5918	2.3827e-010
5919	2.3035e-010
5920	2.2361e-010
5921	2.2143e-010
5922	2.1783e-010
5923	2.1376e-010
5924	2.0895e-010
5925	2.0374e-010
5926	1.9863e-010
5927	1.9472e-010
5928	1.907e-010
5929	1.8689e-010
5930	1.84e-010
5931	1.8118e-010
5932	1.7796e-010
5933	1.758e-010
5934	1.7152e-010
5935	1.6295e-010
5936	1.6367e-010
5937	1.6923e-010
5938	1.7279e-010
5939	1.645e-010
5940	1.4718e-010
5941	1.568e-010
5942	1.7434e-010
5943	1.4953e-010
5944	1.4031e-010
5945	1.5205e-010
5946	1.3778e-010
5947	1.3507e-010
5948	1.5459e-010
5949	1.2815e-010
5950	1.3641e-010
5951	1.7365e-010
5952	1.3316e-010
5953	1.4425e-010
5954	1.2045e-010
5955	1.124e-010
5956	1.2456e-010
5957	1.058e-010
5958	1.1428e-010
5959	1.0276e-010
5960	1.0825e-010
5961	9.7635e-011
5962	9.5633e-011
5963	9.118e-011
5964	8.8245e-011
5965	8.7702e-011
5966	1.0071e-010
5967	1.2166e-010
5968	9.8843e-011
5969	8.9796e-011
5970	8.0449e-011
5971	8.9472e-011
5972	1.0016e-010
5973	1.0043e-010
5974	1.4078e-010
5975	1.4366e-010
5976	2.1484e-010
5977	6.0724e-010
5978	3.0913e-010
5979	1.5642e-009
5980	1.5125e-009
5981	4.1756e-010
5982	4.2414e-010
5983	1.0492e-010
5984	8.9408e-011
5985	8.9017e-011
5986	8.915e-011
5987	9.1166e-011
5988	9.3278e-011
5989	9.2598e-011
5990	9.373e-011
5991	9.3925e-011
5992	9.4407e-011
5993	9.6244e-011
5994	9.6841e-011
5995	9.9177e-011
5996	1.003e-010
5997	1.0248e-010
5998	1.0456e-010
5999	1.0677e-010
6000	1.0962e-010
6001	1.1165e-010
6002	1.1493e-010
6003	1.1678e-010
6004	1.2012e-010
6005	1.2225e-010
6006	1.2518e-010
6007	1.2849e-010
6008	1.3045e-010
6009	1.3487e-010
6010	1.363e-010
6011	1.4066e-010
6012	1.4338e-010
6013	1.4579e-010
6014	1.5036e-010
6015	1.5293e-010
6016	1.56e-010
6017	1.6067e-010
6018	1.6396e-010
6019	1.6681e-010
6020	1.7137e-010
6021	1.7546e-010
6022	1.7875e-010
6023	1.8247e-010
6024	1.8686e-010
6025	1.9157e-010
6026	1.9589e-010
6027	2.e-010
6028	2.0445e-010
6029	2.0895e-010
6030	2.1367e-010
6031	2.1848e-010
6032	2.2364e-010
6033	2.2885e-010
6034	2.3396e-010
6035	2.3934e-010
6036	2.4452e-010
6037	2.5009e-010
6038	2.5557e-010
6039	2.6185e-010
6040	2.6808e-010
6041	2.7494e-010
6042	2.8099e-010
6043	2.8627e-010
6044	2.9324e-010
6045	3.0172e-010
6046	3.0202e-010
6047	2.9407e-010
6048	2.8776e-010
6049	2.8381e-010
6050	2.7889e-010
6051	2.7268e-010
6052	2.6689e-010
6053	2.6004e-010
6054	2.5488e-010
6055	2.4924e-010
6056	2.4532e-010
6057	2.4028e-010
6058	2.3545e-010
6059	2.308e-010
6060	2.2532e-010
6061	2.2063e-010
6062	2.1674e-010
6063	2.1453e-010
6064	2.1129e-010
6065	2.0794e-010
6066	2.0753e-010
6067	2.0276e-010
6068	1.9849e-010
6069	1.9871e-010
6070	1.9574e-010
6071	1.9574e-010
6072	1.9047e-010
6073	1.8724e-010
6074	1.8776e-010
6075	1.7157e-010
6076	1.6694e-010
6077	1.8239e-010
6078	1.6732e-010
6079	1.6455e-010
6080	1.8061e-010
6081	1.7884e-010
6082	1.8157e-010
6083	1.5447e-010
6084	1.5883e-010
6085	1.4322e-010
6086	1.4296e-010
6087	1.4169e-010
6088	1.3103e-010
6089	1.3659e-010
6090	1.2576e-010
6091	1.263e-010
6092	1.1691e-010
6093	1.1565e-010
6094	1.1273e-010
6095	1.1018e-010
6096	1.2786e-010
6097	1.3361e-010
6098	1.2623e-010
6099	1.0842e-010
6100	1.0716e-010
6101	1.1155e-010
6102	1.1636e-010
6103	1.3867e-010
6104	1.4603e-010
6105	1.5959e-010
6106	2.6881e-010
6107	5.8431e-010
6108	2.9946e-010
6109	1.8204e-009
6110	1.4313e-009
6111	4.3831e-010
6112	3.2144e-010
6113	6.3203e-011
6114	6.2847e-011
6115	7.9165e-011
6116	7.4208e-011
6117	7.5457e-011
6118	7.7877e-011
6119	7.7472e-011
6120	7.6339e-011
6121	7.6361e-011
6122	7.7336e-011
6123	7.7767e-011
6124	8.0154e-011
6125	8.0134e-011
6126	8.1718e-011
6127	8.3243e-011
6128	8.5149e-011
6129	8.7253e-011
6130	8.9001e-011
6131	9.1766e-011
6132	9.3032e-011
6133	9.6095e-011
6134	9.74e-011
6135	1.0027e-010
6136	1.0215e-010
6137	1.0408e-010
6138	1.0789e-010
6139	1.0862e-010
6140	1.1347e-010
6141	1.138e-010
6142	1.1669e-010
6143	1.2073e-010
6144	1.2156e-010
6145	1.2522e-010
6146	1.2872e-010
6147	1.3002e-010
6148	1.3359e-010
6149	1.383e-010
6150	1.397e-010
6151	1.4211e-010
6152	1.463e-010
6153	1.5035e-010
6154	1.5329e-010
6155	1.5603e-010
6156	1.5927e-010
6157	1.634e-010
6158	1.6728e-010
6159	1.7108e-010
6160	1.7506e-010
6161	1.7885e-010
6162	1.8275e-010
6163	1.8688e-010
6164	1.9115e-010
6165	1.9522e-010
6166	2.0011e-010
6167	2.0495e-010
6168	2.0962e-010
6169	2.1442e-010
6170	2.1882e-010
6171	2.2236e-010
6172	2.2852e-010
6173	2.3622e-010
6174	2.4191e-010
6175	2.437e-010
6176	2.441e-010
6177	2.43e-010
6178	2.3831e-010
6179	2.3034e-010
6180	2.2368e-010
6181	2.2142e-010
6182	2.1786e-010
6183	2.1373e-010
6184	2.0893e-010
6185	2.0377e-010
6186	1.985e-010
6187	1.9475e-010
6188	1.9067e-010
6189	1.8681e-010
6190	1.8407e-010
6191	1.8115e-010
6192	1.7815e-010
6193	1.7577e-010
6194	1.7158e-010
6195	1.63e-010
6196	1.6367e-010
6197	1.6917e-010
6198	1.7278e-010
6199	1.6445e-010
6200	1.4718e-010
6201	1.568e-010
6202	1.7437e-010
6203	1.4953e-010
6204	1.4032e-010
6205	1.5206e-010
6206	1.3779e-010
6207	1.3506e-010
6208	1.5462e-010
6209	1.2818e-010
6210	1.3642e-010
6211	1.7368e-010
6212	1.3316e-010
6213	1.4429e-010
6214	1.2045e-010
6215	1.1241e-010
6216	1.2457e-010
6217	1.0581e-010
6218	1.1432e-010
6219	1.0279e-010
6220	1.0831e-010
6221	9.766e-011
6222	9.5649e-011
6223	9.1183e-011
6224	8.8248e-011
6225	8.7705e-011
6226	1.0071e-010
6227	1.2167e-010
6228	9.8847e-011
6229	8.9812e-011
6230	8.0461e-011
6231	8.9491e-011
6232	1.0018e-010
6233	1.0044e-010
6234	1.4081e-010
6235	1.4367e-010
6236	2.1485e-010
6237	6.0725e-010
6238	3.0916e-010
6239	1.5643e-009
6240	1.5126e-009
6241	4.3826e-010
6242	3.2147e-010
6243	6.321e-011
6244	6.2845e-011
6245	7.9162e-011
6246	7.4206e-011
6247	7.5445e-011
6248	7.7843e-011
6249	7.7419e-011
6250	7.6298e-011
6251	7.6343e-011
6252	7.7331e-011
6253	7.7753e-011
6254	8.0133e-011
6255	8.012e-011
6256	8.1719e-011
6257	8.3229e-011
6258	8.5095e-011
6259	8.7188e-011
6260	8.896e-011
6261	9.1743e-011
6262	9.301e-011
6263	9.6078e-011
6264	9.7391e-011
6265	1.0027e-010
6266	1.0217e-010
6267	1.0408e-010
6268	1.0784e-010
6269	1.0855e-010
6270	1.1341e-010
6271	1.1381e-010
6272	1.1671e-010
6273	1.207e-010
6274	1.2151e-010
6275	1.2518e-010
6276	1.2869e-010
6277	1.2996e-010
6278	1.3346e-010
6279	1.3818e-010
6280	1.3967e-010
6281	1.4218e-010
6282	1.4636e-010
6283	1.5029e-010
6284	1.5322e-010
6285	1.56e-010
6286	1.5929e-010
6287	1.6338e-010
6288	1.6727e-010
6289	1.7108e-010
6290	1.75e-010
6291	1.7881e-010
6292	1.8268e-010
6293	1.8672e-010
6294	1.9108e-010
6295	1.9522e-010
6296	2.0003e-010
6297	2.049e-010
6298	2.0972e-010
6299	2.1438e-010
6300	2.1879e-010
6301	2.2239e-010
6302	2.2855e-010
6303	2.3617e-010
6304	2.4199e-010
6305	2.4384e-010
6306	2.4429e-010
6307	2.4319e-010
6308	2.3855e-010
6309	2.3049e-010
6310	2.2362e-010
6311	2.2138e-010
6312	2.1789e-010
6313	2.1379e-010
6314	2.0899e-010
6315	2.0374e-010
6316	1.9861e-010
6317	1.947e-010
6318	1.907e-010
6319	1.8682e-010
6320	1.8344e-010
6321	1.8254e-010
6322	1.7771e-010
6323	1.7584e-010
6324	1.7161e-010
6325	1.63e-010
6326	1.6364e-010
6327	1.6918e-010
6328	1.7279e-010
6329	1.645e-010
6330	1.4713e-010
6331	1.5676e-010
6332	1.7434e-010
6333	1.4949e-010
6334	1.403e-010
6335	1.5212e-010
6336	1.3789e-010
6337	1.3516e-010
6338	1.5475e-010
6339	1.2833e-010
6340	1.3659e-010
6341	1.7382e-010
6342	1.333e-010
6343	1.4446e-010
6344	1.2063e-010
6345	1.1259e-010
6346	1.2472e-010
6347	1.0593e-010
6348	1.1444e-010
6349	1.0291e-010
6350	1.0843e-010
6351	9.7773e-011
6352	9.5768e-011
6353	9.129e-011
6354	8.8337e-011
6355	8.7781e-011
6356	1.0077e-010
6357	1.2172e-010
6358	9.8893e-011
6359	8.9861e-011
6360	8.0506e-011
6361	8.9536e-011
6362	1.0023e-010
6363	1.0049e-010
6364	1.4086e-010
6365	1.4373e-010
6366	2.149e-010
6367	6.0729e-010
6368	3.0921e-010
6369	1.5643e-009
6370	1.5127e-009
6371	4.1757e-010
6372	4.2406e-010
6373	1.0497e-010
6374	8.9449e-011
6375	8.9033e-011
6376	8.9141e-011
6377	9.1138e-011
6378	9.3232e-011
6379	9.2539e-011
6380	9.3673e-011
6381	9.3881e-011
6382	9.4368e-011
6383	9.6205e-011
6384	9.6809e-011
6385	9.9172e-011
6386	1.0032e-010
6387	1.0246e-010
6388	1.0443e-010
6389	1.066e-010
6390	1.0952e-010
6391	1.1159e-010
6392	1.1484e-010
6393	1.1671e-010
6394	1.201e-010
6395	1.2229e-010
6396	1.2523e-010
6397	1.2847e-010
6398	1.3032e-010
6399	1.3473e-010
6400	1.3625e-010
6401	1.4071e-010
6402	1.4344e-010
6403	1.4577e-010
6404	1.503e-010
6405	1.5286e-010
6406	1.5594e-010
6407	1.6058e-010
6408	1.6375e-010
6409	1.6656e-010
6410	1.713e-010
6411	1.756e-010
6412	1.7884e-010
6413	1.8241e-010
6414	1.8669e-010
6415	1.9153e-010
6416	1.9593e-010
6417	1.9997e-010
6418	2.0444e-010
6419	2.0894e-010
6420	2.1359e-010
6421	2.1843e-010
6422	2.2356e-010
6423	2.2857e-010
6424	2.3376e-010
6425	2.3932e-010
6426	2.4438e-010
6427	2.5013e-010
6428	2.5561e-010
6429	2.62e-010
6430	2.6814e-010
6431	2.7506e-010
6432	2.8105e-010
6433	2.8606e-010
6434	2.9354e-010
6435	3.0183e-010
6436	3.0215e-010
6437	2.9454e-010
6438	2.8813e-010
6439	2.8414e-010
6440	2.7891e-010
6441	2.7247e-010
6442	2.6691e-010
6443	2.6011e-010
6444	2.55e-010
6445	2.4942e-010
6446	2.4527e-010
6447	2.4014e-010
6448	2.3538e-010
6449	2.3085e-010
6450	2.2588e-010
6451	2.1985e-010
6452	2.176e-010
6453	2.1476e-010
6454	2.1126e-010
6455	2.0811e-010
6456	2.0749e-010
6457	2.0279e-010
6458	1.9843e-010
6459	1.9882e-010
6460	1.9565e-010
6461	1.957e-010
6462	1.9048e-010
6463	1.8718e-010
6464	1.877e-010
6465	1.7163e-010
6466	1.6709e-010
6467	1.8258e-010
6468	1.6753e-010
6469	1.6484e-010
6470	1.8089e-010
6471	1.7908e-010
6472	1.818e-010
6473	1.5476e-010
6474	1.5914e-010
6475	1.4354e-010
6476	1.4324e-010
6477	1.4193e-010
6478	1.3127e-010
6479	1.3678e-010
6480	1.2597e-010
6481	1.2647e-010
6482	1.1709e-010
6483	1.1581e-010
6484	1.1288e-010
6485	1.1032e-010
6486	1.2795e-010
6487	1.337e-010
6488	1.2631e-010
6489	1.0851e-010
6490	1.0725e-010
6491	1.1162e-010
6492	1.1643e-010
6493	1.3875e-010
6494	1.4612e-010
6495	1.5969e-010
6496	2.6892e-010
6497	5.844e-010
6498	2.9957e-010
6499	1.8206e-009
6500	1.4314e-009
6501	4.3826e-010
6502	3.2147e-010
6503	6.321e-011
6504	6.2845e-011
6505	7.9162e-011
6506	7.4206e-011
6507	7.5445e-011
6508	7.7843e-011
6509	7.7419e-011
6510	7.6298e-011
6511	7.6343e-011
6512	7.7331e-011
6513	7.7753e-011
6514	8.0133e-011
6515	8.012e-011
6516	8.1718e-011
6517	8.3229e-011
6518	8.5095e-011
6519	8.7188e-011
6520	8.896e-011
6521	9.1743e-011
6522	9.301e-011
6523	9.6078e-011
6524	9.7391e-011
6525	1.0027e-010
6526	1.0217e-010
6527	1.0408e-010
6528	1.0784e-010
6529	1.0855e-010
6530	1.1341e-010
6531	1.1381e-010
6532	1.1671e-010
6533	1.207e-010
6534	1.2151e-010
6535	1.2518e-010
6536	1.2869e-010
6537	1.2996e-010
6538	1.3346e-010
6539	1.3818e-010
6540	1.3967e-010
6541	1.4218e-010
6542	1.4636e-010
6543	1.5029e-010
6544	1.5322e-010
6545	1.56e-010
6546	1.5929e-010
6547	1.6338e-010
6548	1.6727e-010
6549	1.7108e-010
6550	1.75e-010
6551	1.7881e-010
6552	1.8268e-010
6553	1.8672e-010
6554	1.9108e-010
6555	1.9522e-010
6556	2.0003e-010
6557	2.049e-010
6558	2.0972e-010
6559	2.1438e-010
6560	2.1879e-010
6561	2.2239e-010
6562	2.2855e-010
6563	2.3617e-010
6564	2.4199e-010
6565	2.4384e-010
6566	2.4429e-010
6567	2.4319e-010
6568	2.3855e-010
6569	2.3049e-010
6570	2.2362e-010
6571	2.2138e-010
6572	2.1789e-010
6573	2.1379e-010
6574	2.09e-010
6575	2.0374e-010
6576	1.9861e-010
6577	1.947e-010
6578	1.907e-010
6579	1.868e-010
6580	1.8377e-010
6581	1.8211e-010
6582	1.7807e-010
6583	1.7584e-010
6584	1.7162e-010
6585	1.6295e-010
6586	1.6369e-010
6587	1.6904e-010
6588	1.728e-010
6589	1.6442e-010
6590	1.472e-010
6591	1.5671e-010
6592	1.744e-010
6593	1.495e-010
6594	1.4029e-010
6595	1.5213e-010
6596	1.3789e-010
6597	1.3516e-010
6598	1.5475e-010
6599	1.2833e-010
6600	1.3659e-010
6601	1.7382e-010
6602	1.333e-010
6603	1.4446e-010
6604	1.2063e-010
6605	1.1259e-010
6606	1.2472e-010
6607	1.0593e-010
6608	1.1444e-010
6609	1.0291e-010
6610	1.0843e-010
6611	9.7773e-011
6612	9.5768e-011
6613	9.129e-011
6614	8.8338e-011
6615	8.7781e-011
6616	1.0077e-010
6617	1.2172e-010
6618	9.8893e-011
6619	8.9861e-011
6620	8.0506e-011
6621	8.9536e-011
6622	1.0023e-010
6623	1.0049e-010
6624	1.4086e-010
6625	1.4373e-010
6626	2.149e-010
6627	6.0729e-010
6628	3.0921e-010
6629	1.5643e-009
6630	1.5127e-009
6631	4.3831e-010
6632	3.2144e-010
6633	6.3203e-011
6634	6.2847e-011
6635	7.9165e-011
6636	7.4208e-011
6637	7.5457e-011
6638	7.7877e-011
6639	7.7472e-011
6640	7.6339e-011
6641	7.6361e-011
6642	7.7336e-011
6643	7.7767e-011
6644	8.0154e-011
6645	8.0134e-011
6646	8.1718e-011
6647	8.3244e-011
6648	8.5149e-011
6649	8.7253e-011
6650	8.9001e-011
6651	9.1766e-011
6652	9.3032e-011
6653	9.6095e-011
6654	9.74e-011
6655	1.0027e-010
6656	1.0215e-010
6657	1.0408e-010
6658	1.0789e-010
6659	1.0862e-010
6660	1.1347e-010
6661	1.138e-010
6662	1.1669e-010
6663	1.2073e-010
6664	1.2156e-010
6665	1.2522e-010
6666	1.2872e-010
6667	1.3002e-010
6668	1.3359e-010
6669	1.383e-010
6670	1.397e-010
6671	1.4211e-010
6672	1.463e-010
6673	1.5035e-010
6674	1.5329e-010
6675	1.5602e-010
6676	1.5927e-010
6677	1.634e-010
6678	1.6727e-010
6679	1.7108e-010
6680	1.7506e-010
6681	1.7885e-010
6682	1.8274e-010
6683	1.8688e-010
6684	1.9115e-010
6685	1.9522e-010
6686	2.0011e-010
6687	2.0495e-010
6688	2.0962e-010
6689	2.1442e-010
6690	2.1882e-010
6691	2.2236e-010
6692	2.2852e-010
6693	2.3622e-010
6694	2.4191e-010
6695	2.437e-010
6696	2.441e-010
6697	2.43e-010
6698	2.3831e-010
6699	2.3034e-010
6700	2.2368e-010
6701	2.2142e-010
6702	2.1786e-010
6703	2.1373e-010
6704	2.0893e-010
6705	2.0377e-010
6706	1.985e-010
6707	1.9475e-010
6708	1.9067e-010
6709	1.8681e-010
6710	1.8441e-010
6711	1.8098e-010
6712	1.7853e-010
6713	1.7579e-010
6714	1.7159e-010
6715	1.6295e-010
6716	1.6368e-010
6717	1.6918e-010
6718	1.7306e-010
6719	1.6452e-010
6720	1.472e-010
6721	1.5675e-010
6722	1.7454e-010
6723	1.4954e-010
6724	1.4031e-010
6725	1.5207e-010
6726	1.3779e-010
6727	1.3506e-010
6728	1.5462e-010
6729	1.2818e-010
6730	1.3642e-010
6731	1.7368e-010
6732	1.3316e-010
6733	1.4429e-010
6734	1.2045e-010
6735	1.1241e-010
6736	1.2457e-010
6737	1.0581e-010
6738	1.1432e-010
6739	1.0279e-010
6740	1.0831e-010
6741	9.766e-011
6742	9.5649e-011
6743	9.1182e-011
6744	8.8248e-011
6745	8.7705e-011
6746	1.0071e-010
6747	1.2167e-010
6748	9.8847e-011
6749	8.9812e-011
6750	8.0461e-011
6751	8.9491e-011
6752	1.0018e-010
6753	1.0044e-010
6754	1.4081e-010
6755	1.4367e-010
6756	2.1485e-010
6757	6.0725e-010
6758	3.0916e-010
6759	1.5643e-009
6760	1.5126e-009
6761	4.1756e-010
6762	4.2414e-010
6763	1.0492e-010
6764	8.9408e-011
6765	8.9017e-011
6766	8.915e-011
6767	9.1166e-011
6768	9.3278e-011
6769	9.2598e-011
6770	9.373e-011
6771	9.3926e-011
6772	9.4407e-011
6773	9.6244e-011
6774	9.6841e-011
6775	9.9177e-011
6776	1.003e-010
6777	1.0248e-010
6778	1.0456e-010
6779	1.0677e-010
6780	1.0962e-010
6781	1.1165e-010
6782	1.1493e-010
6783	1.1678e-010
6784	1.2012e-010
6785	1.2225e-010
6786	1.2518e-010
6787	1.2849e-010
6788	1.3045e-010
6789	1.3487e-010
6790	1.363e-010
6791	1.4066e-010
6792	1.4338e-010
6793	1.4579e-010
6794	1.5036e-010
6795	1.5293e-010
6796	1.56e-010
6797	1.6067e-010
6798	1.6396e-010
6799	1.6681e-010
6800	1.7137e-010
6801	1.7546e-010
6802	1.7875e-010
6803	1.8247e-010
6804	1.8686e-010
6805	1.9157e-010
6806	1.9589e-010
6807	2.e-010
6808	2.0445e-010
6809	2.0895e-010
6810	2.1367e-010
6811	2.1848e-010
6812	2.2364e-010
6813	2.2885e-010
6814	2.3396e-010
6815	2.3934e-010
6816	2.4452e-010
6817	2.5009e-010
6818	2.5557e-010
6819	2.6185e-010
6820	2.6808e-010
6821	2.7494e-010
6822	2.8099e-010
6823	2.8627e-010
6824	2.9324e-010
6825	3.0172e-010
6826	3.0202e-010
6827	2.9407e-010
6828	2.8776e-010
6829	2.838e-010
6830	2.7889e-010
6831	2.7268e-010
6832	2.6689e-010
6833	2.6004e-010
6834	2.5488e-010
6835	2.4925e-010
6836	2.4532e-010
6837	2.4029e-010
6838	2.3543e-010
6839	2.3082e-010
6840	2.2571e-010
6841	2.202e-010
6842	2.1716e-010
6843	2.1456e-010
6844	2.1127e-010
6845	2.0799e-010
6846	2.0735e-010
6847	2.0298e-010
6848	1.9873e-010
6849	1.9901e-010
6850	1.9558e-010
6851	1.9574e-010
6852	1.9062e-010
6853	1.8722e-010
6854	1.8774e-010
6855	1.7158e-010
6856	1.6694e-010
6857	1.8239e-010
6858	1.6732e-010
6859	1.6455e-010
6860	1.8061e-010
6861	1.7884e-010
6862	1.8157e-010
6863	1.5447e-010
6864	1.5883e-010
6865	1.4322e-010
6866	1.4296e-010
6867	1.4169e-010
6868	1.3103e-010
6869	1.3659e-010
6870	1.2576e-010
6871	1.263e-010
6872	1.1691e-010
6873	1.1565e-010
6874	1.1273e-010
6875	1.1018e-010
6876	1.2786e-010
6877	1.3361e-010
6878	1.2623e-010
6879	1.0842e-010
6880	1.0716e-010
6881	1.1155e-010
6882	1.1636e-010
6883	1.3867e-010
6884	1.4603e-010
6885	1.5959e-010
6886	2.6881e-010
6887	5.8431e-010
6888	2.9946e-010
6889	1.8204e-009
6890	1.4313e-009
6891	4.3835e-010
6892	3.215e-010
6893	6.3207e-011
6894	6.284e-011
6895	7.9161e-011
6896	7.4209e-011
6897	7.5462e-011
6898	7.7888e-011
6899	7.7487e-011
6900	7.6355e-011
6901	7.6372e-011
6902	7.7344e-011
6903	7.7766e-011
6904	8.0152e-011
6905	8.0125e-011
6906	8.1712e-011
6907	8.324e-011
6908	8.5149e-011
6909	8.725e-011
6910	8.8981e-011
6911	9.1742e-011
6912	9.3041e-011
6913	9.6129e-011
6914	9.7423e-011
6915	1.0029e-010
6916	1.0218e-010
6917	1.041e-010
6918	1.0792e-010
6919	1.0864e-010
6920	1.1349e-010
6921	1.1379e-010
6922	1.1667e-010
6923	1.2075e-010
6924	1.2161e-010
6925	1.2529e-010
6926	1.2877e-010
6927	1.3004e-010
6928	1.3358e-010
6929	1.3832e-010
6930	1.3972e-010
6931	1.4213e-010
6932	1.4634e-010
6933	1.5041e-010
6934	1.5331e-010
6935	1.5603e-010
6936	1.5927e-010
6937	1.6339e-010
6938	1.6727e-010
6939	1.7119e-010
6940	1.7508e-010
6941	1.7895e-010
6942	1.8269e-010
6943	1.8697e-010
6944	1.9108e-010
6945	1.9532e-010
6946	2.e-010
6947	2.0499e-010
6948	2.0963e-010
6949	2.1436e-010
6950	2.1884e-010
6951	2.2238e-010
6952	2.2853e-010
6953	2.3616e-010
6954	2.4193e-010
6955	2.4365e-010
6956	2.4409e-010
6957	2.4303e-010
6958	2.3827e-010
6959	2.3035e-010
6960	2.2361e-010
6961	2.2143e-010
6962	2.1783e-010
6963	2.1376e-010
6964	2.0895e-010
6965	2.0374e-010
6966	1.9863e-010
6967	1.9473e-010
6968	1.9068e-010
6969	1.8693e-010
6970	1.8403e-010
6971	1.8145e-010
6972	1.7801e-010
6973	1.7583e-010
6974	1.7152e-010
6975	1.6292e-010
6976	1.6367e-010
6977	1.6918e-010
6978	1.7301e-010
6979	1.6451e-010
6980	1.472e-010
6981	1.5675e-010
6982	1.7448e-010
6983	1.4953e-010
6984	1.403e-010
6985	1.5206e-010
6986	1.3778e-010
6987	1.3507e-010
6988	1.5459e-010
6989	1.2815e-010
6990	1.3641e-010
6991	1.7365e-010
6992	1.3316e-010
6993	1.4426e-010
6994	1.2045e-010
6995	1.124e-010
6996	1.2456e-010
6997	1.058e-010
6998	1.1428e-010
6999	1.0276e-010
7000	1.0825e-010
7001	9.7635e-011
7002	9.5633e-011
7003	9.118e-011
7004	8.8245e-011
7005	8.7702e-011
7006	1.0071e-010
7007	1.2166e-010
7008	9.8843e-011
7009	8.9796e-011
7010	8.0449e-011
7011	8.9472e-011
7012	1.0016e-010
7013	1.0043e-010
7014	1.4078e-010
7015	1.4366e-010
7016	2.1484e-010
7017	6.0724e-010
7018	3.0913e-010
7019	1.5642e-009
7020	1.5125e-009
7021	4.3835e-010
7022	3.215e-010
7023	6.3207e-011
7024	6.284e-011
7025	7.9161e-011
7026	7.4209e-011
7027	7.5462e-011
7028	7.7888e-011
7029	7.7487e-011
7030	7.6355e-011
7031	7.6372e-011
7032	7.7344e-011
7033	7.7766e-011
7034	8.0152e-011
7035	8.0125e-011
7036	8.1713e-011
7037	8.3241e-011
7038	8.5149e-011
7039	8.725e-011
7040	8.8981e-011
7041	9.1742e-011
7042	9.3041e-011
7043	9.6129e-011
7044	9.7423e-011
7045	1.0029e-010
7046	1.0218e-010
7047	1.041e-010
7048	1.0792e-010
7049	1.0864e-010
7050	1.1349e-010
7051	1.1379e-010
7052	1.1667e-010
7053	1.2075e-010
7054	1.2161e-010
7055	1.2529e-010
7056	1.2877e-010
7057	1.3004e-010
7058	1.3358e-010
7059	1.3832e-010
7060	1.3972e-010
7061	1.4213e-010
7062	1.4634e-010
7063	1.5041e-010
7064	1.5331e-010
7065	1.5603e-010
7066	1.5927e-010
7067	1.6339e-010
7068	1.6727e-010
7069	1.7118e-010
7070	1.7508e-010
7071	1.7895e-010
7072	1.8269e-010
7073	1.8697e-010
7074	1.9108e-010
7075	1.9532e-010
7076	2.e-010
7077	2.0499e-010
7078	2.0963e-010
7079	2.1436e-010
7080	2.1884e-010
7081	2.2238e-010
7082	2.2853e-010
7083	2.3616e-010
7084	2.4193e-010
7085	2.4365e-010
7086	2.4409e-010
7087	2.4303e-010
7088	2.3827e-010
7089	2.3035e-010
7090	2.2361e-010
7091	2.2143e-010
7092	2.1783e-010
7093	2.1376e-010
7094	2.0895e-010
7095	2.0374e-010
7096	1.9863e-010
7097	1.9472e-010
7098	1.9072e-010
7099	1.8686e-010
7100	1.837e-010
7101	1.8227e-010
7102	1.777e-010
7103	1.7577e-010
7104	1.7155e-010
7105	1.6291e-010
7106	1.6367e-010
7107	1.6917e-010
7108	1.73e-010
7109	1.6451e-010
7110	1.472e-010
7111	1.5675e-010
7112	1.7447e-010
7113	1.4953e-010
7114	1.403e-010
7115	1.5206e-010
7116	1.3778e-010
7117	1.3507e-010
7118	1.5459e-010
7119	1.2815e-010
7120	1.3641e-010
7121	1.7365e-010
7122	1.3316e-010
7123	1.4426e-010
7124	1.2045e-010
7125	1.124e-010
7126	1.2456e-010
7127	1.058e-010
7128	1.1427e-010
7129	1.0276e-010
7130	1.0825e-010
7131	9.7634e-011
7132	9.5633e-011
7133	9.118e-011
7134	8.8245e-011
7135	8.7702e-011
7136	1.0071e-010
7137	1.2166e-010
7138	9.8843e-011
7139	8.9796e-011
7140	8.0449e-011
7141	8.9472e-011
7142	1.0016e-010
7143	1.0043e-010
7144	1.4078e-010
7145	1.4366e-010
7146	2.1484e-010
7147	6.0724e-010
7148	3.0913e-010
7149	1.5642e-009
7150	1.5125e-009
7151	4.1756e-010
7152	4.2414e-010
7153	1.0492e-010
7154	8.9408e-011
7155	8.9017e-011
7156	8.915e-011
7157	9.1166e-011
7158	9.3278e-011
7159	9.2598e-011
7160	9.373e-011
7161	9.3926e-011
7162	9.4407e-011
7163	9.6244e-011
7164	9.6841e-011
7165	9.9177e-011
7166	1.003e-010
7167	1.0248e-010
7168	1.0456e-010
7169	1.0677e-010
7170	1.0962e-010
7171	1.1165e-010
7172	1.1493e-010
7173	1.1678e-010
7174	1.2011e-010
7175	1.2225e-010
7176	1.2518e-010
7177	1.2849e-010
7178	1.3045e-010
7179	1.3487e-010
7180	1.363e-010
7181	1.4066e-010
7182	1.4338e-010
7183	1.4579e-010
7184	1.5036e-010
7185	1.5293e-010
7186	1.56e-010
7187	1.6067e-010
7188	1.6396e-010
7189	1.6681e-010
7190	1.7137e-010
7191	1.7546e-010
7192	1.7875e-010
7193	1.8247e-010
7194	1.8686e-010
7195	1.9157e-010
7196	1.9589e-010
7197	2.e-010
7198	2.0445e-010
7199	2.0895e-010
7200	2.1367e-010
7201	2.1848e-010
7202	2.2364e-010
7203	2.2885e-010
7204	2.3396e-010
7205	2.3934e-010
7206	2.4452e-010
7207	2.5009e-010
7208	2.5557e-010
7209	2.6185e-010
7210	2.6808e-010
7211	2.7494e-010
7212	2.8099e-010
7213	2.8627e-010
7214	2.9324e-010
7215	3.0172e-010
7216	3.0202e-010
7217	2.9407e-010
7218	2.8776e-010
7219	2.838e-010
7220	2.7889e-010
7221	2.7268e-010
7222	2.6689e-010
7223	2.6004e-010
7224	2.5488e-010
7225	2.4925e-010
7226	2.4532e-010
7227	2.4029e-010
7228	2.3542e-010
7229	2.3095e-010
7230	2.2546e-010
7231	2.2074e-010
7232	2.169e-010
7233	2.147e-010
7234	2.1125e-010
7235	2.08e-010
7236	2.0735e-010
7237	2.0297e-010
7238	1.9871e-010
7239	1.9901e-010
7240	1.9558e-010
7241	1.9573e-010
7242	1.9063e-010
7243	1.8721e-010
7244	1.8774e-010
7245	1.7159e-010
7246	1.6694e-010
7247	1.8239e-010
7248	1.6732e-010
7249	1.6455e-010
7250	1.8061e-010
7251	1.7884e-010
7252	1.8157e-010
7253	1.5447e-010
7254	1.5883e-010
7255	1.4322e-010
7256	1.4296e-010
7257	1.4169e-010
7258	1.3103e-010
7259	1.3659e-010
7260	1.2576e-010
7261	1.263e-010
7262	1.1691e-010
7263	1.1565e-010
7264	1.1273e-010
7265	1.1018e-010
7266	1.2786e-010
7267	1.3361e-010
7268	1.2623e-010
7269	1.0842e-010
7270	1.0716e-010
7271	1.1155e-010
7272	1.1636e-010
7273	1.3867e-010
7274	1.4603e-010
7275	1.5959e-010
7276	2.6881e-010
7277	5.8431e-010
7278	2.9946e-010
7279	1.8204e-009
7280	1.4313e-009
7281	4.3831e-010
7282	3.2144e-010
7283	6.3203e-011
7284	6.2847e-011
7285	7.9165e-011
7286	7.4208e-011
7287	7.5457e-011
7288	7.7877e-011
7289	7.7472e-011
7290	7.6339e-011
7291	7.6361e-011
7292	7.7336e-011
7293	7.7767e-011
7294	8.0154e-011
7295	8.0133e-011
7296	8.1718e-011
7297	8.3244e-011
7298	8.5148e-011
7299	8.7253e-011
7300	8.9002e-011
7301	9.1766e-011
7302	9.3032e-011
7303	9.6095e-011
7304	9.74e-011
7305	1.0027e-010
7306	1.0215e-010
7307	1.0408e-010
7308	1.0789e-010
7309	1.0862e-010
7310	1.1347e-010
7311	1.138e-010
7312	1.1669e-010
7313	1.2073e-010
7314	1.2156e-010
7315	1.2522e-010
7316	1.2872e-010
7317	1.3002e-010
7318	1.3359e-010
7319	1.383e-010
7320	1.397e-010
7321	1.4211e-010
7322	1.463e-010
7323	1.5035e-010
7324	1.533e-010
7325	1.5603e-010
7326	1.5927e-010
7327	1.634e-010
7328	1.6728e-010
7329	1.7108e-010
7330	1.7506e-010
7331	1.7885e-010
7332	1.8274e-010
7333	1.8689e-010
7334	1.9115e-010
7335	1.9522e-010
7336	2.0011e-010
7337	2.0495e-010
7338	2.0962e-010
7339	2.1442e-010
7340	2.1882e-010
7341	2.2236e-010
7342	2.2852e-010
7343	2.3622e-010
7344	2.4191e-010
7345	2.437e-010
7346	2.441e-010
7347	2.43e-010
7348	2.3831e-010
7349	2.3034e-010
7350	2.2368e-010
7351	2.2142e-010
7352	2.1786e-010
7353	2.1373e-010
7354	2.0893e-010
7355	2.0377e-010
7356	1.985e-010
7357	1.9475e-010
7358	1.9071e-010
7359	1.8683e-010
7360	1.8356e-010
7361	1.8226e-010
7362	1.7769e-010
7363	1.7582e-010
7364	1.7162e-010
7365	1.6294e-010
7366	1.6369e-010
7367	1.6919e-010
7368	1.7294e-010
7369	1.6452e-010
7370	1.4722e-010
7371	1.5674e-010
7372	1.745e-010
7373	1.4953e-010
7374	1.4031e-010
7375	1.5207e-010
7376	1.3779e-010
7377	1.3506e-010
7378	1.5462e-010
7379	1.2818e-010
7380	1.3642e-010
7381	1.7368e-010
7382	1.3316e-010
7383	1.4429e-010
7384	1.2045e-010
7385	1.1241e-010
7386	1.2457e-010
7387	1.0581e-010
7388	1.1432e-010
7389	1.0279e-010
7390	1.0831e-010
7391	9.766e-011
7392	9.5649e-011
7393	9.1183e-011
7394	8.8248e-011
7395	8.7705e-011
7396	1.0071e-010
7397	1.2167e-010
7398	9.8847e-011
7399	8.9812e-011
7400	8.0461e-011
7401	8.9491e-011
7402	1.0018e-010
7403	1.0044e-010
7404	1.4081e-010
7405	1.4367e-010
7406	2.1485e-010
7407	6.0725e-010
7408	3.0916e-010
7409	1.5643e-009
7410	1.5126e-009
7411	4.3826e-010
7412	3.2147e-010
7413	6.321e-011
7414	6.2845e-011
7415	7.9162e-011
7416	7.4206e-011
7417	7.5445e-011
7418	7.7843e-011
7419	7.7419e-011
7420	7.6298e-011
7421	7.6343e-011
7422	7.7331e-011
7423	7.7753e-011
7424	8.0133e-011
7425	8.012e-011
7426	8.1718e-011
7427	8.3229e-011
7428	8.5095e-011
7429	8.7188e-011
7430	8.896e-011
7431	9.1743e-011
7432	9.301e-011
7433	9.6078e-011
7434	9.7391e-011
7435	1.0027e-010
7436	1.0217e-010
7437	1.0408e-010
7438	1.0784e-010
7439	1.0855e-010
7440	1.1341e-010
7441	1.1381e-010
7442	1.1671e-010
7443	1.207e-010
7444	1.2151e-010
7445	1.2518e-010
7446	1.2869e-010
7447	1.2996e-010
7448	1.3346e-010
7449	1.3818e-010
7450	1.3967e-010
7451	1.4218e-010
7452	1.4636e-010
7453	1.5029e-010
7454	1.5322e-010
7455	1.56e-010
7456	1.5929e-010
7457	1.6338e-010
7458	1.6726e-010
7459	1.7108e-010
7460	1.75e-010
7461	1.7881e-010
7462	1.8268e-010
7463	1.8672e-010
7464	1.9108e-010
7465	1.9522e-010
7466	2.0003e-010
7467	2.049e-010
7468	2.0972e-010
7469	2.1438e-010
7470	2.1879e-010
7471	2.2239e-010
7472	2.2855e-010
7473	2.3617e-010
7474	2.4198e-010
7475	2.4384e-010
7476	2.4429e-010
7477	2.4319e-010
7478	2.3855e-010
7479	2.3049e-010
7480	2.2362e-010
7481	2.2138e-010
7482	2.1789e-010
7483	2.1379e-010
7484	2.0899e-010
7485	2.0374e-010
7486	1.9861e-010
7487	1.9471e-010
7488	1.9067e-010
7489	1.8683e-010
7490	1.8393e-010
7491	1.8107e-010
7492	1.7815e-010
7493	1.7584e-010
7494	1.716e-010
7495	1.6294e-010
7496	1.6368e-010
7497	1.6911e-010
7498	1.7269e-010
7499	1.6449e-010
7500	1.472e-010
7501	1.5669e-010
7502	1.7447e-010
7503	1.4949e-010
7504	1.4029e-010
7505	1.5213e-010
7506	1.3789e-010
7507	1.3516e-010
7508	1.5475e-010
7509	1.2833e-010
7510	1.3659e-010
7511	1.7382e-010
7512	1.333e-010
7513	1.4446e-010
7514	1.2063e-010
7515	1.1259e-010
7516	1.2472e-010
7517	1.0593e-010
7518	1.1444e-010
7519	1.0291e-010
7520	1.0843e-010
7521	9.7773e-011
7522	9.5768e-011
7523	9.129e-011
7524	8.8337e-011
7525	8.7781e-011
7526	1.0077e-010
7527	1.2172e-010
7528	9.8893e-011
7529	8.9861e-011
7530	8.0506e-011
7531	8.9536e-011
7532	1.0023e-010
7533	1.0049e-010
7534	1.4086e-010
7535	1.4373e-010
7536	2.149e-010
7537	6.0729e-010
7538	3.0921e-010
7539	1.5643e-009
7540	1.5127e-009
7541	4.1757e-010
7542	4.2406e-010
7543	1.0497e-010
7544	8.9449e-011
7545	8.9033e-011
7546	8.9141e-011
7547	9.1138e-011
7548	9.3232e-011
7549	9.2539e-011
7550	9.3673e-011
7551	9.3881e-011
7552	9.4368e-011
7553	9.6205e-011
7554	9.6809e-011
7555	9.9172e-011
7556	1.0032e-010
7557	1.0246e-010
7558	1.0443e-010
7559	1.066e-010
7560	1.0952e-010
7561	1.1159e-010
7562	1.1484e-010
7563	1.1671e-010
7564	1.201e-010
7565	1.2229e-010
7566	1.2523e-010
7567	1.2847e-010
7568	1.3032e-010
7569	1.3473e-010
7570	1.3625e-010
7571	1.4071e-010
7572	1.4344e-010
7573	1.4577e-010
7574	1.503e-010
7575	1.5286e-010
7576	1.5594e-010
7577	1.6058e-010
7578	1.6375e-010
7579	1.6656e-010
7580	1.713e-010
7581	1.756e-010
7582	1.7884e-010
7583	1.824e-010
7584	1.8669e-010
7585	1.9153e-010
7586	1.9593e-010
7587	1.9997e-010
7588	2.0444e-010
7589	2.0894e-010
7590	2.1359e-010
7591	2.1843e-010
7592	2.2355e-010
7593	2.2857e-010
7594	2.3376e-010
7595	2.3932e-010
7596	2.4438e-010
7597	2.5013e-010
7598	2.5561e-010
7599	2.62e-010
7600	2.6814e-010
7601	2.7506e-010
7602	2.8105e-010
7603	2.8606e-010
7604	2.9354e-010
7605	3.0183e-010
7606	3.0215e-010
7607	2.9454e-010
7608	2.8813e-010
7609	2.8414e-010
7610	2.7891e-010
7611	2.7247e-010
7612	2.6691e-010
7613	2.6011e-010
7614	2.55e-010
7615	2.4942e-010
7616	2.4528e-010
7617	2.4013e-010
7618	2.3544e-010
7619	2.3077e-010
7620	2.2502e-010
7621	2.2067e-010
7622	2.1672e-010
7623	2.1463e-010
7624	2.1132e-010
7625	2.0812e-010
7626	2.0743e-010
7627	2.0287e-010
7628	1.9841e-010
7629	1.9894e-010
7630	1.9559e-010
7631	1.9568e-010
7632	1.9061e-010
7633	1.8716e-010
7634	1.8768e-010
7635	1.7164e-010
7636	1.6709e-010
7637	1.8257e-010
7638	1.6753e-010
7639	1.6484e-010
7640	1.8089e-010
7641	1.7908e-010
7642	1.8179e-010
7643	1.5476e-010
7644	1.5914e-010
7645	1.4354e-010
7646	1.4324e-010
7647	1.4193e-010
7648	1.3127e-010
7649	1.3678e-010
7650	1.2597e-010
7651	1.2647e-010
7652	1.1709e-010
7653	1.1581e-010
7654	1.1288e-010
7655	1.1032e-010
7656	1.2795e-010
7657	1.337e-010
7658	1.2631e-010
7659	1.0851e-010
7660	1.0725e-010
7661	1.1162e-010
7662	1.1643e-010
7663	1.3875e-010
7664	1.4612e-010
7665	1.5969e-010
7666	2.6892e-010
7667	5.844e-010
7668	2.9957e-010
7669	1.8206e-009
7670	1.4314e-009
7671	4.3826e-010
7672	3.2147e-010
7673	6.321e-011
7674	6.2845e-011
7675	7.9162e-011
7676	7.4206e-011
7677	7.5445e-011
7678	7.7843e-011
7679	7.7419e-011
7680	7.6298e-011
7681	7.6343e-011
7682	7.7331e-011
7683	7.7753e-011
7684	8.0133e-011
7685	8.012e-011
7686	8.1718e-011
7687	8.3229e-011
7688	8.5095e-011
7689	8.7188e-011
7690	8.896e-011
7691	9.1743e-011
7692	9.301e-011
7693	9.6078e-011
7694	9.7392e-011
7695	1.0027e-010
7696	1.0217e-010
7697	1.0408e-010
7698	1.0784e-010
7699	1.0855e-010
7700	1.1341e-010
7701	1.1381e-010
7702	1.1671e-010
7703	1.207e-010
7704	1.2151e-010
7705	1.2518e-010
7706	1.2869e-010
7707	1.2996e-010
7708	1.3346e-010
7709	1.3818e-010
7710	1.3967e-010
7711	1.4218e-010
7712	1.4636e-010
7713	1.5029e-010
7714	1.5322e-010
7715	1.56e-010
7716	1.5929e-010
7717	1.6338e-010
7718	1.6727e-010
7719	1.7108e-010
7720	1.75e-010
7721	1.7881e-010
7722	1.8268e-010
7723	1.8672e-010
7724	1.9108e-010
7725	1.9522e-010
7726	2.0003e-010
7727	2.049e-010
7728	2.0972e-010
7729	2.1438e-010
7730	2.1879e-010
7731	2.2239e-010
7732	2.2855e-010
7733	2.3617e-010
7734	2.4198e-010
7735	2.4384e-010
7736	2.4429e-010
7737	2.4319e-010
7738	2.3855e-010
7739	2.3049e-010
7740	2.2362e-010
7741	2.2138e-010
7742	2.1789e-010
7743	2.1379e-010
7744	2.0899e-010
7745	2.0374e-010
7746	1.9861e-010
7747	1.947e-010
7748	1.9068e-010
7749	1.8678e-010
7750	1.839e-010
7751	1.8102e-010
7752	1.7811e-010
7753	1.7578e-010
7754	1.7161e-010
7755	1.6296e-010
7756	1.6364e-010
7757	1.6917e-010
7758	1.7266e-010
7759	1.6455e-010
7760	1.4715e-010
7761	1.567e-010
7762	1.7446e-010
7763	1.4949e-010
7764	1.4029e-010
7765	1.5213e-010
7766	1.3789e-010
7767	1.3516e-010
7768	1.5475e-010
7769	1.2833e-010
7770	1.3659e-010
7771	1.7382e-010
7772	1.333e-010
7773	1.4446e-010
7774	1.2063e-010
7775	1.1259e-010
7776	1.2472e-010
7777	1.0593e-010
7778	1.1444e-010
7779	1.0291e-010
7780	1.0843e-010
7781	9.7773e-011
7782	9.5768e-011
7783	9.129e-011
7784	8.8337e-011
7785	8.7781e-011
7786	1.0077e-010
7787	1.2172e-010
7788	9.8893e-011
7789	8.9862e-011
7790	8.0506e-011
7791	8.9536e-011
7792	1.0023e-010
7793	1.0049e-010
7794	1.4086e-010
7795	1.4373e-010
7796	2.149e-010
7797	6.0729e-010
7798	3.0921e-010
7799	1.5643e-009
7800	1.5127e-009
7801	4.3831e-010
7802	3.2144e-010
7803	6.3203e-011
7804	6.2847e-011
7805	7.9165e-011
7806	7.4208e-011
7807	7.5457e-011
7808	7.7877e-011
7809	7.7472e-011
7810	7.6339e-011
7811	7.6361e-011
7812	7.7336e-011
7813	7.7767e-011
7814	8.0154e-011
7815	8.0134e-011
7816	8.1718e-011
7817	8.3243e-011
7818	8.5149e-011
7819	8.7253e-011
7820	8.9001e-011
7821	9.1766e-011
7822	9.3032e-011
7823	9.6095e-011
7824	9.74e-011
7825	1.0027e-010
7826	1.0215e-010
7827	1.0408e-010
7828	1.0789e-010
7829	1.0862e-010
7830	1.1347e-010
7831	1.138e-010
7832	1.1669e-010
7833	1.2073e-010
7834	1.2156e-010
7835	1.2522e-010
7836	1.2872e-010
7837	1.3002e-010
7838	1.3359e-010
7839	1.383e-010
7840	1.397e-010
7841	1.4211e-010
7842	1.463e-010
7843	1.5035e-010
7844	1.5329e-010
7845	1.5603e-010
7846	1.5927e-010
7847	1.634e-010
7848	1.6728e-010
7849	1.7108e-010
7850	1.7506e-010
7851	1.7885e-010
7852	1.8274e-010
7853	1.8689e-010
7854	1.9115e-010
7855	1.9522e-010
7856	2.0011e-010
7857	2.0495e-010
7858	2.0962e-010
7859	2.1442e-010
7860	2.1882e-010
7861	2.2236e-010
7862	2.2852e-010
7863	2.3622e-010
7864	2.4191e-010
7865	2.437e-010
7866	2.441e-010
7867	2.43e-010
7868	2.3831e-010
7869	2.3034e-010
7870	2.2368e-010
7871	2.2142e-010
7872	2.1786e-010
7873	2.1373e-010
7874	2.0893e-010
7875	2.0377e-010
7876	1.985e-010
7877	1.9475e-010
7878	1.9067e-010
7879	1.8678e-010
7880	1.8405e-010
7881	1.8095e-010
7882	1.7813e-010
7883	1.7573e-010
7884	1.7159e-010
7885	1.6293e-010
7886	1.6363e-010
7887	1.6976e-010
7888	1.7032e-010
7889	1.6495e-010
7890	1.4717e-010
7891	1.5675e-010
7892	1.7452e-010
7893	1.4958e-010
7894	1.4031e-010
7895	1.5207e-010
7896	1.3779e-010
7897	1.3505e-010
7898	1.5462e-010
7899	1.2818e-010
7900	1.3642e-010
7901	1.7368e-010
7902	1.3316e-010
7903	1.4429e-010
7904	1.2045e-010
7905	1.1241e-010
7906	1.2457e-010
7907	1.0581e-010
7908	1.1432e-010
7909	1.0279e-010
7910	1.0831e-010
7911	9.766e-011
7912	9.5649e-011
7913	9.1182e-011
7914	8.8248e-011
7915	8.7705e-011
7916	1.0071e-010
7917	1.2167e-010
7918	9.8847e-011
7919	8.9811e-011
7920	8.0461e-011
7921	8.9491e-011
7922	1.0018e-010
7923	1.0044e-010
7924	1.4081e-010
7925	1.4367e-010
7926	2.1485e-010
7927	6.0725e-010
7928	3.0916e-010
7929	1.5643e-009
7930	1.5126e-009
7931	4.1756e-010
7932	4.2414e-010
7933	1.0492e-010
7934	8.9408e-011
7935	8.9017e-011
7936	8.915e-011
7937	9.1166e-011
7938	9.3278e-011
7939	9.2598e-011
7940	9.373e-011
7941	9.3925e-011
7942	9.4407e-011
7943	9.6244e-011
7944	9.6841e-011
7945	9.9177e-011
7946	1.003e-010
7947	1.0248e-010
7948	1.0456e-010
7949	1.0677e-010
7950	1.0962e-010
7951	1.1165e-010
7952	1.1493e-010
7953	1.1678e-010
7954	1.2012e-010
7955	1.2225e-010
7956	1.2518e-010
7957	1.2849e-010
7958	1.3045e-010
7959	1.3487e-010
7960	1.363e-010
7961	1.4066e-010
7962	1.4338e-010
7963	1.4579e-010
7964	1.5036e-010
7965	1.5293e-010
7966	1.56e-010
7967	1.6067e-010
7968	1.6396e-010
7969	1.6681e-010
7970	1.7137e-010
7971	1.7546e-010
7972	1.7875e-010
7973	1.8247e-010
7974	1.8686e-010
7975	1.9157e-010
7976	1.9589e-010
7977	2.e-010
7978	2.0445e-010
7979	2.0895e-010
7980	2.1367e-010
7981	2.1848e-010
7982	2.2364e-010
7983	2.2885e-010
7984	2.3396e-010
7985	2.3934e-010
7986	2.4452e-010
7987	2.5009e-010
7988	2.5557e-010
7989	2.6185e-010
7990	2.6808e-010
7991	2.7494e-010
7992	2.8099e-010
7993	2.8627e-010
7994	2.9324e-010
7995	3.0172e-010
7996	3.0202e-010
7997	2.9407e-010
7998	2.8776e-010
7999	2.8381e-010
8000	2.7889e-010
8001	2.7268e-010
8002	2.6689e-010
8003	2.6004e-010
8004	2.5488e-010
8005	2.4924e-010
8006	2.4532e-010
8007	2.4028e-010
8008	2.3547e-010
8009	2.308e-010
8010	2.2526e-010
8011	2.2068e-010
8012	2.1668e-010
8013	2.1453e-010
8014	2.1129e-010
8015	2.0798e-010
8016	2.0694e-010
8017	2.0237e-010
8018	1.97e-010
8019	1.9816e-010
8020	1.9523e-010
8021	1.9574e-010
8022	1.9075e-010
8023	1.8725e-010
8024	1.8774e-010
8025	1.7158e-010
8026	1.6694e-010
8027	1.8239e-010
8028	1.6732e-010
8029	1.6455e-010
8030	1.8061e-010
8031	1.7884e-010
8032	1.8157e-010
8033	1.5447e-010
8034	1.5883e-010
8035	1.4322e-010
8036	1.4296e-010
8037	1.4169e-010
8038	1.3103e-010
8039	1.3659e-010
8040	1.2576e-010
8041	1.263e-010
8042	1.1691e-010
8043	1.1565e-010
8044	1.1273e-010
8045	1.1018e-010
8046	1.2786e-010
8047	1.3361e-010
8048	1.2623e-010
8049	1.0842e-010
8050	1.0716e-010
8051	1.1155e-010
8052	1.1636e-010
8053	1.3867e-010
8054	1.4603e-010
8055	1.5959e-010
8056	2.6881e-010
8057	5.8431e-010
8058	2.9946e-010
8059	1.8204e-009
8060	1.4313e-009
8061	4.3835e-010
8062	3.215e-010
8063	6.3207e-011
8064	6.284e-011
8065	7.9161e-011
8066	7.4209e-011
8067	7.5462e-011
8068	7.7888e-011
8069	7.7487e-011
8070	7.6355e-011
8071	7.6372e-011
8072	7.7344e-011
8073	7.7766e-011
8074	8.0152e-011
8075	8.0125e-011
8076	8.1713e-011
8077	8.324e-011
8078	8.5149e-011
8079	8.725e-011
8080	8.8981e-011
8081	9.1742e-011
8082	9.3041e-011
8083	9.6129e-011
8084	9.7423e-011
8085	1.0029e-010
8086	1.0218e-010
8087	1.041e-010
8088	1.0792e-010
8089	1.0864e-010
8090	1.1349e-010
8091	1.1379e-010
8092	1.1667e-010
8093	1.2075e-010
8094	1.2161e-010
8095	1.2529e-010
8096	1.2877e-010
8097	1.3004e-010
8098	1.3358e-010
8099	1.3832e-010
8100	1.3972e-010
8101	1.4213e-010
8102	1.4634e-010
8103	1.5041e-010
8104	1.5331e-010
8105	1.5603e-010
8106	1.5927e-010
8107	1.6339e-010
8108	1.6727e-010
8109	1.7119e-010
8110	1.7508e-010
8111	1.7895e-010
8112	1.8269e-010
8113	1.8696e-010
8114	1.9108e-010
8115	1.9532e-010
8116	2.e-010
8117	2.0499e-010
8118	2.0963e-010
8119	2.1436e-010
8120	2.1884e-010
8121	2.2238e-010
8122	2.2853e-010
8123	2.3616e-010
8124	2.4193e-010
8125	2.4365e-010
8126	2.4409e-010
8127	2.4303e-010
8128	2.3827e-010
8129	2.3035e-010
8130	2.2361e-010
8131	2.2143e-010
8132	2.1783e-010
8133	2.1376e-010
8134	2.0895e-010
8135	2.0374e-010
8136	1.9863e-010
8137	1.9472e-010
8138	1.907e-010
8139	1.8687e-010
8140	1.8405e-010
8141	1.8117e-010
8142	1.78e-010
8143	1.7576e-010
8144	1.7153e-010
8145	1.6284e-010
8146	1.6368e-010
8147	1.6904e-010
8148	1.6996e-010
8149	1.6413e-010
8150	1.4723e-010
8151	1.5683e-010
8152	1.7458e-010
8153	1.4969e-010
8154	1.403e-010
8155	1.5204e-010
8156	1.3778e-010
8157	1.3507e-010
8158	1.5459e-010
8159	1.2815e-010
8160	1.3641e-010
8161	1.7365e-010
8162	1.3316e-010
8163	1.4426e-010
8164	1.2045e-010
8165	1.124e-010
8166	1.2456e-010
8167	1.058e-010
8168	1.1427e-010
8169	1.0276e-010
8170	1.0825e-010
8171	9.7635e-011
8172	9.5633e-011
8173	9.118e-011
8174	8.8245e-011
8175	8.7702e-011
8176	1.0071e-010
8177	1.2166e-010
8178	9.8843e-011
8179	8.9796e-011
8180	8.0449e-011
8181	8.9472e-011
8182	1.0016e-010
8183	1.0043e-010
8184	1.4078e-010
8185	1.4366e-010
8186	2.1484e-010
8187	6.0724e-010
8188	3.0913e-010
8189	1.5642e-009
8190	1.5125e-009
8191	4.3835e-010
8192	3.215e-010
8193	6.3207e-011
8194	6.284e-011
8195	7.9161e-011
8196	7.4209e-011
8197	7.5462e-011
8198	7.7888e-011
8199	7.7487e-011
8200	7.6355e-011
8201	7.6372e-011
8202	7.7344e-011
8203	7.7766e-011
8204	8.0152e-011
8205	8.0125e-011
8206	8.1713e-011
8207	8.324e-011
8208	8.5149e-011
8209	8.725e-011
8210	8.8981e-011
8211	9.1742e-011
8212	9.3041e-011
8213	9.6129e-011
8214	9.7423e-011
8215	1.0029e-010
8216	1.0218e-010
8217	1.041e-010
8218	1.0792e-010
8219	1.0864e-010
8220	1.1349e-010
8221	1.1379e-010
8222	1.1667e-010
8223	1.2075e-010
8224	1.2161e-010
8225	1.2529e-010
8226	1.2877e-010
8227	1.3004e-010
8228	1.3358e-010
8229	1.3832e-010
8230	1.3972e-010
8231	1.4213e-010
8232	1.4634e-010
8233	1.5041e-010
8234	1.5331e-010
8235	1.5603e-010
8236	1.5927e-010
8237	1.6339e-010
8238	1.6727e-010
8239	1.7119e-010
8240	1.7508e-010
8241	1.7895e-010
8242	1.8269e-010
8243	1.8696e-010
8244	1.9108e-010
8245	1.9532e-010
8246	2.e-010
8247	2.0499e-010
8248	2.0963e-010
8249	2.1436e-010
8250	2.1884e-010
8251	2.2238e-010
8252	2.2853e-010
8253	2.3616e-010
8254	2.4193e-010
8255	2.4365e-010
8256	2.4409e-010
8257	2.4303e-010
8258	2.3827e-010
8259	2.3035e-010
8260	2.2361e-010
8261	2.2143e-010
8262	2.1783e-010
8263	2.1376e-010
8264	2.0895e-010
8265	2.0374e-010
8266	1.9863e-010
8267	1.9472e-010
8268	1.907e-010
8269	1.869e-010
8270	1.8399e-010
8271	1.8118e-010
8272	1.7794e-010
8273	1.7579e-010
8274	1.7153e-010
8275	1.6283e-010
8276	1.637e-010
8277	1.6903e-010
8278	1.6979e-010
8279	1.6408e-010
8280	1.4733e-010
8281	1.5662e-010
8282	1.747e-010
8283	1.4949e-010
8284	1.4039e-010
8285	1.5201e-010
8286	1.3779e-010
8287	1.3506e-010
8288	1.5459e-010
8289	1.2815e-010
8290	1.3641e-010
8291	1.7365e-010
8292	1.3316e-010
8293	1.4425e-010
8294	1.2045e-010
8295	1.124e-010
8296	1.2456e-010
8297	1.058e-010
8298	1.1428e-010
8299	1.0276e-010
8300	1.0825e-010
8301	9.7635e-011
8302	9.5633e-011
8303	9.118e-011
8304	8.8245e-011
8305	8.7702e-011
8306	1.0071e-010
8307	1.2166e-010
8308	9.8843e-011
8309	8.9796e-011
8310	8.0449e-011
8311	8.9471e-011
8312	1.0016e-010
8313	1.0043e-010
8314	1.4078e-010
8315	1.4366e-010
8316	2.1484e-010
8317	6.0724e-010
8318	3.0913e-010
8319	1.5642e-009
8320	1.5125e-009
8321	4.1756e-010
8322	4.2414e-010
8323	1.0492e-010
8324	8.9408e-011
8325	8.9017e-011
8326	8.915e-011
8327	9.1166e-011
8328	9.3278e-011
8329	9.2598e-011
8330	9.373e-011
8331	9.3925e-011
8332	9.4407e-011
8333	9.6244e-011
8334	9.6841e-011
8335	9.9177e-011
8336	1.003e-010
8337	1.0248e-010
8338	1.0456e-010
8339	1.0677e-010
8340	1.0962e-010
8341	1.1165e-010
8342	1.1493e-010
8343	1.1678e-010
8344	1.2012e-010
8345	1.2225e-010
8346	1.2518e-010
8347	1.2849e-010
8348	1.3045e-010
8349	1.3487e-010
8350	1.363e-010
8351	1.4066e-010
8352	1.4338e-010
8353	1.4579e-010
8354	1.5036e-010
8355	1.5293e-010
8356	1.56e-010
8357	1.6067e-010
8358	1.6396e-010
8359	1.6681e-010
8360	1.7137e-010
8361	1.7546e-010
8362	1.7875e-010
8363	1.8247e-010
8364	1.8686e-010
8365	1.9157e-010
8366	1.9589e-010
8367	2.e-010
8368	2.0445e-010
8369	2.0895e-010
8370	2.1367e-010
8371	2.1848e-010
8372	2.2364e-010
8373	2.2885e-010
8374	2.3396e-010
8375	2.3934e-010
8376	2.4452e-010
8377	2.5009e-010
8378	2.5557e-010
8379	2.6185e-010
8380	2.6808e-010
8381	2.7494e-010
8382	2.8099e-010
8383	2.8627e-010
8384	2.9324e-010
8385	3.0172e-010
8386	3.0202e-010
8387	2.9407e-010
8388	2.8776e-010
8389	2.8381e-010
8390	2.7889e-010
8391	2.7268e-010
8392	2.6689e-010
8393	2.6004e-010
8394	2.5488e-010
8395	2.4924e-010
8396	2.4532e-010
8397	2.4028e-010
8398	2.3545e-010
8399	2.308e-010
8400	2.2538e-010
8401	2.2052e-010
8402	2.1679e-010
8403	2.1453e-010
8404	2.1128e-010
8405	2.0797e-010
8406	2.0695e-010
8407	2.0246e-010
8408	1.9672e-010
8409	1.9824e-010
8410	1.9521e-010
8411	1.9585e-010
8412	1.9075e-010
8413	1.8738e-010
8414	1.877e-010
8415	1.7159e-010
8416	1.6694e-010
8417	1.824e-010
8418	1.6732e-010
8419	1.6455e-010
8420	1.8061e-010
8421	1.7884e-010
8422	1.8157e-010
8423	1.5447e-010
8424	1.5883e-010
8425	1.4322e-010
8426	1.4296e-010
8427	1.4169e-010
8428	1.3103e-010
8429	1.3659e-010
8430	1.2576e-010
8431	1.263e-010
8432	1.1691e-010
8433	1.1565e-010
8434	1.1273e-010
8435	1.1018e-010
8436	1.2786e-010
8437	1.3361e-010
8438	1.2623e-010
8439	1.0842e-010
8440	1.0716e-010
8441	1.1155e-010
8442	1.1636e-010
8443	1.3867e-010
8444	1.4603e-010
8445	1.5959e-010
8446	2.6881e-010
8447	5.8431e-010
8448	2.9946e-010
8449	1.8204e-009
8450	1.4313e-009
8451	4.3831e-010
8452	3.2144e-010
8453	6.3203e-011
8454	6.2847e-011
8455	7.9165e-011
8456	7.4208e-011
8457	7.5457e-011
8458	7.7877e-011
8459	7.7472e-011
8460	7.6339e-011
8461	7.6361e-011
8462	7.7336e-011
8463	7.7767e-011
8464	8.0154e-011
8465	8.0134e-011
8466	8.1718e-011
8467	8.3243e-011
8468	8.5149e-011
8469	8.7253e-011
8470	8.9001e-011
8471	9.1766e-011
8472	9.3032e-011
8473	9.6095e-011
8474	9.74e-011
8475	1.0027e-010
8476	1.0215e-010
8477	1.0408e-010
8478	1.0789e-010
8479	1.0862e-010
8480	1.1347e-010
8481	1.138e-010
8482	1.1669e-010
8483	1.2073e-010
8484	1.2156e-010
8485	1.2522e-010
8486	1.2872e-010
8487	1.3002e-010
8488	1.3359e-010
8489	1.383e-010
8490	1.397e-010
8491	1.4211e-010
8492	1.463e-010
8493	1.5035e-010
8494	1.533e-010
8495	1.5603e-010
8496	1.5927e-010
8497	1.634e-010
8498	1.6728e-010
8499	1.7108e-010
8500	1.7506e-010
8501	1.7885e-010
8502	1.8275e-010
8503	1.8688e-010
8504	1.9115e-010
8505	1.9522e-010
8506	2.0011e-010
8507	2.0495e-010
8508	2.0962e-010
8509	2.1442e-010
8510	2.1882e-010
8511	2.2236e-010
8512	2.2852e-010
8513	2.3622e-010
8514	2.4191e-010
8515	2.437e-010
8516	2.441e-010
8517	2.43e-010
8518	2.3831e-010
8519	2.3034e-010
8520	2.2368e-010
8521	2.2142e-010
8522	2.1786e-010
8523	2.1373e-010
8524	2.0893e-010
8525	2.0377e-010
8526	1.985e-010
8527	1.9475e-010
8528	1.9067e-010
8529	1.8685e-010
8530	1.8391e-010
8531	1.8117e-010
8532	1.7799e-010
8533	1.758e-010
8534	1.7159e-010
8535	1.6292e-010
8536	1.6372e-010
8537	1.6943e-010
8538	1.7016e-010
8539	1.6462e-010
8540	1.4724e-010
8541	1.5678e-010
8542	1.7454e-010
8543	1.4961e-010
8544	1.403e-010
8545	1.5207e-010
8546	1.3779e-010
8547	1.3506e-010
8548	1.5462e-010
8549	1.2817e-010
8550	1.3642e-010
8551	1.7368e-010
8552	1.3316e-010
8553	1.4429e-010
8554	1.2045e-010
8555	1.1241e-010
8556	1.2457e-010
8557	1.0581e-010
8558	1.1432e-010
8559	1.0279e-010
8560	1.0831e-010
8561	9.766e-011
8562	9.5649e-011
8563	9.1183e-011
8564	8.8248e-011
8565	8.7705e-011
8566	1.0071e-010
8567	1.2167e-010
8568	9.8847e-011
8569	8.9811e-011
8570	8.0461e-011
8571	8.9491e-011
8572	1.0018e-010
8573	1.0044e-010
8574	1.4081e-010
8575	1.4367e-010
8576	2.1485e-010
8577	6.0725e-010
8578	3.0916e-010
8579	1.5643e-009
8580	1.5126e-009
8581	4.3826e-010
8582	3.2147e-010
8583	6.321e-011
8584	6.2845e-011
8585	7.9162e-011
8586	7.4206e-011
8587	7.5445e-011
8588	7.7843e-011
8589	7.7419e-011
8590	7.6298e-011
8591	7.6343e-011
8592	7.7331e-011
8593	7.7753e-011
8594	8.0133e-011
8595	8.012e-011
8596	8.1718e-011
8597	8.3229e-011
8598	8.5095e-011
8599	8.7188e-011
8600	8.896e-011
8601	9.1743e-011
8602	9.301e-011
8603	9.6078e-011
8604	9.7391e-011
8605	1.0027e-010
8606	1.0217e-010
8607	1.0408e-010
8608	1.0784e-010
8609	1.0855e-010
8610	1.1341e-010
8611	1.1381e-010
8612	1.1671e-010
8613	1.207e-010
8614	1.2151e-010
8615	1.2518e-010
8616	1.2869e-010
8617	1.2995e-010
8618	1.3345e-010
8619	1.382e-010
8620	1.3967e-010
8621	1.4218e-010
8622	1.4636e-010
8623	1.5029e-010
8624	1.5322e-010
8625	1.56e-010
8626	1.5929e-010
8627	1.6337e-010
8628	1.6727e-010
8629	1.7108e-010
8630	1.75e-010
8631	1.7881e-010
8632	1.8268e-010
8633	1.8672e-010
8634	1.9108e-010
8635	1.9522e-010
8636	2.0003e-010
8637	2.049e-010
8638	2.0972e-010
8639	2.1438e-010
8640	2.1879e-010
8641	2.2239e-010
8642	2.2855e-010
8643	2.3617e-010
8644	2.4198e-010
8645	2.4384e-010
8646	2.4429e-010
8647	2.4319e-010
8648	2.3855e-010
8649	2.3049e-010
8650	2.2362e-010
8651	2.2138e-010
8652	2.1789e-010
8653	2.1379e-010
8654	2.0899e-010
8655	2.0374e-010
8656	1.9861e-010
8657	1.9471e-010
8658	1.9067e-010
8659	1.8683e-010
8660	1.8383e-010
8661	1.8115e-010
8662	1.7803e-010
8663	1.7581e-010
8664	1.716e-010
8665	1.6289e-010
8666	1.636e-010
8667	1.6923e-010
8668	1.6844e-010
8669	1.6437e-010
8670	1.4714e-010
8671	1.5665e-010
8672	1.7438e-010
8673	1.4951e-010
8674	1.4029e-010
8675	1.5213e-010
8676	1.3789e-010
8677	1.3516e-010
8678	1.5475e-010
8679	1.2833e-010
8680	1.3659e-010
8681	1.7382e-010
8682	1.333e-010
8683	1.4446e-010
8684	1.2063e-010
8685	1.1259e-010
8686	1.2472e-010
8687	1.0593e-010
8688	1.1444e-010
8689	1.0291e-010
8690	1.0843e-010
8691	9.7773e-011
8692	9.5768e-011
8693	9.129e-011
8694	8.8338e-011
8695	8.7781e-011
8696	1.0077e-010
8697	1.2172e-010
8698	9.8893e-011
8699	8.9861e-011
8700	8.0506e-011
8701	8.9536e-011
8702	1.0023e-010
8703	1.0049e-010
8704	1.4086e-010
8705	1.4373e-010
8706	2.149e-010
8707	6.0729e-010
8708	3.0921e-010
8709	1.5643e-009
8710	1.5127e-009
8711	4.1757e-010
8712	4.2406e-010
8713	1.0497e-010
8714	8.9449e-011
8715	8.9033e-011
8716	8.9141e-011
8717	9.1138e-011
8718	9.3232e-011
8719	9.2539e-011
8720	9.3673e-011
8721	9.3881e-011
8722	9.4368e-011
8723	9.6205e-011
8724	9.6809e-011
8725	9.9172e-011
8726	1.0032e-010
8727	1.0246e-010
8728	1.0443e-010
8729	1.066e-010
8730	1.0952e-010
8731	1.1159e-010
8732	1.1484e-010
8733	1.1671e-010
8734	1.201e-010
8735	1.2229e-010
8736	1.2523e-010
8737	1.2847e-010
8738	1.3032e-010
8739	1.3473e-010
8740	1.3625e-010
8741	1.4071e-010
8742	1.4344e-010
8743	1.4577e-010
8744	1.503e-010
8745	1.5286e-010
8746	1.5594e-010
8747	1.6058e-010
8748	1.6377e-010
8749	1.6651e-010
8750	1.7131e-010
8751	1.756e-010
8752	1.7884e-010
8753	1.824e-010
8754	1.8669e-010
8755	1.9153e-010
8756	1.9593e-010
8757	1.9997e-010
8758	2.0444e-010
8759	2.0894e-010
8760	2.1359e-010
8761	2.1843e-010
8762	2.2356e-010
8763	2.2857e-010
8764	2.3376e-010
8765	2.3932e-010
8766	2.4438e-010
8767	2.5013e-010
8768	2.5561e-010
8769	2.62e-010
8770	2.6814e-010
8771	2.7506e-010
8772	2.8105e-010
8773	2.8606e-010
8774	2.9354e-010
8775	3.0183e-010
8776	3.0215e-010
8777	2.9454e-010
8778	2.8813e-010
8779	2.8414e-010
8780	2.7891e-010
8781	2.7247e-010
8782	2.6691e-010
8783	2.6011e-010
8784	2.55e-010
8785	2.4942e-010
8786	2.4528e-010
8787	2.4013e-010
8788	2.3544e-010
8789	2.3071e-010
8790	2.2525e-010
8791	2.2045e-010
8792	2.1694e-010
8793	2.1458e-010
8794	2.1131e-010
8795	2.0819e-010
8796	2.0686e-010
8797	2.006e-010
8798	1.9695e-010
8799	1.9634e-010
8800	1.9514e-010
8801	1.9571e-010
8802	1.9049e-010
8803	1.8718e-010
8804	1.877e-010
8805	1.7163e-010
8806	1.6709e-010
8807	1.8258e-010
8808	1.6753e-010
8809	1.6484e-010
8810	1.8089e-010
8811	1.7908e-010
8812	1.818e-010
8813	1.5476e-010
8814	1.5914e-010
8815	1.4354e-010
8816	1.4324e-010
8817	1.4193e-010
8818	1.3127e-010
8819	1.3678e-010
8820	1.2597e-010
8821	1.2647e-010
8822	1.1709e-010
8823	1.1581e-010
8824	1.1288e-010
8825	1.1032e-010
8826	1.2795e-010
8827	1.337e-010
8828	1.2631e-010
8829	1.0851e-010
8830	1.0725e-010
8831	1.1162e-010
8832	1.1643e-010
8833	1.3875e-010
8834	1.4612e-010
8835	1.5969e-010
8836	2.6892e-010
8837	5.844e-010
8838	2.9957e-010
8839	1.8206e-009
8840	1.4314e-009
8841	4.3826e-010
8842	3.2147e-010
8843	6.321e-011
8844	6.2845e-011
8845	7.9162e-011
8846	7.4206e-011
8847	7.5445e-011
8848	7.7843e-011
8849	7.7419e-011
8850	7.6298e-011
8851	7.6343e-011
8852	7.7331e-011
8853	7.7753e-011
8854	8.0133e-011
8855	8.012e-011
8856	8.1718e-011
8857	8.3229e-011
8858	8.5095e-011
8859	8.7188e-011
8860	8.896e-011
8861	9.1743e-011
8862	9.301e-011
8863	9.6078e-011
8864	9.7391e-011
8865	1.0027e-010
8866	1.0217e-010
8867	1.0408e-010
8868	1.0784e-010
8869	1.0855e-010
8870	1.1341e-010
8871	1.1381e-010
8872	1.1671e-010
8873	1.207e-010
8874	1.2151e-010
8875	1.2518e-010
8876	1.2869e-010
8877	1.2996e-010
8878	1.334e-010
8879	1.3824e-010
8880	1.3961e-010
8881	1.4219e-010
8882	1.4636e-010
8883	1.5029e-010
8884	1.5322e-010
8885	1.56e-010
8886	1.5929e-010
8887	1.6337e-010
8888	1.6727e-010
8889	1.7108e-010
8890	1.75e-010
8891	1.7881e-010
8892	1.8268e-010
8893	1.8672e-010
8894	1.9108e-010
8895	1.9522e-010
8896	2.0003e-010
8897	2.049e-010
8898	2.0972e-010
8899	2.1438e-010
8900	2.1879e-010
8901	2.2239e-010
8902	2.2855e-010
8903	2.3617e-010
8904	2.4198e-010
8905	2.4384e-010
8906	2.4429e-010
8907	2.4319e-010
8908	2.3855e-010
8909	2.3049e-010
8910	2.2362e-010
8911	2.2138e-010
8912	2.1789e-010
8913	2.1379e-010
8914	2.0899e-010
8915	2.0374e-010
8916	1.9861e-010
8917	1.9471e-010
8918	1.9067e-010
8919	1.8683e-010
8920	1.8383e-010
8921	1.8115e-010
8922	1.7803e-010
8923	1.7581e-010
8924	1.7161e-010
8925	1.6283e-010
8926	1.6367e-010
8927	1.6844e-010
8928	1.6839e-010
8929	1.6351e-010
8930	1.4723e-010
8931	1.5656e-010
8932	1.7433e-010
8933	1.4948e-010
8934	1.403e-010
8935	1.5212e-010
8936	1.3789e-010
8937	1.3516e-010
8938	1.5475e-010
8939	1.2833e-010
8940	1.3659e-010
8941	1.7382e-010
8942	1.333e-010
8943	1.4446e-010
8944	1.2063e-010
8945	1.1259e-010
8946	1.2472e-010
8947	1.0593e-010
8948	1.1444e-010
8949	1.0291e-010
8950	1.0843e-010
8951	9.7773e-011
8952	9.5768e-011
8953	9.129e-011
8954	8.8338e-011
8955	8.7781e-011
8956	1.0077e-010
8957	1.2172e-010
8958	9.8893e-011
8959	8.9861e-011
8960	8.0506e-011
8961	8.9536e-011
8962	1.0023e-010
8963	1.0049e-010
8964	1.4086e-010
8965	1.4373e-010
8966	2.149e-010
8967	6.0729e-010
8968	3.0921e-010
8969	1.5643e-009
8970	1.5127e-009
8971	4.3831e-010
8972	3.2144e-010
8973	6.3203e-011
8974	6.2847e-011
8975	7.9165e-011
8976	7.4208e-011
8977	7.5457e-011
8978	7.7877e-011
8979	7.7472e-011
8980	7.6339e-011
8981	7.6361e-011
8982	7.7336e-011
8983	7.7767e-011
8984	8.0154e-011
8985	8.0134e-011
8986	8.1718e-011
8987	8.3244e-011
8988	8.5149e-011
8989	8.7253e-011
8990	8.9001e-011
8991	9.1766e-011
8992	9.3032e-011
8993	9.6095e-011
8994	9.74e-011
8995	1.0027e-010
8996	1.0215e-010
8997	1.0408e-010
8998	1.0789e-010
8999	1.0862e-010
9000	1.1347e-010
9001	1.138e-010
9002	1.1669e-010
9003	1.2073e-010
9004	1.2156e-010
9005	1.2522e-010
9006	1.2872e-010
9007	1.3003e-010
9008	1.3353e-010
9009	1.3836e-010
9010	1.3964e-010
9011	1.4212e-010
9012	1.4631e-010
9013	1.5035e-010
9014	1.533e-010
9015	1.5603e-010
9016	1.5927e-010
9017	1.634e-010
9018	1.6728e-010
9019	1.7108e-010
9020	1.7506e-010
9021	1.7885e-010
9022	1.8274e-010
9023	1.8689e-010
9024	1.9115e-010
9025	1.9522e-010
9026	2.0011e-010
9027	2.0495e-010
9028	2.0962e-010
9029	2.1442e-010
9030	2.1882e-010
9031	2.2236e-010
9032	2.2852e-010
9033	2.3622e-010
9034	2.4191e-010
9035	2.437e-010
9036	2.441e-010
9037	2.43e-010
9038	2.3831e-010
9039	2.3034e-010
9040	2.2368e-010
9041	2.2142e-010
9042	2.1786e-010
9043	2.1373e-010
9044	2.0893e-010
9045	2.0377e-010
9046	1.985e-010
9047	1.9475e-010
9048	1.9067e-010
9049	1.8685e-010
9050	1.8391e-010
9051	1.8117e-010
9052	1.7799e-010
9053	1.7579e-010
9054	1.7159e-010
9055	1.6288e-010
9056	1.637e-010
9057	1.6903e-010
9058	1.6986e-010
9059	1.6411e-010
9060	1.4725e-010
9061	1.5665e-010
9062	1.7446e-010
9063	1.4952e-010
9064	1.4032e-010
9065	1.5206e-010
9066	1.3779e-010
9067	1.3506e-010
9068	1.5462e-010
9069	1.2818e-010
9070	1.3642e-010
9071	1.7368e-010
9072	1.3316e-010
9073	1.4429e-010
9074	1.2045e-010
9075	1.1241e-010
9076	1.2457e-010
9077	1.0581e-010
9078	1.1432e-010
9079	1.0279e-010
9080	1.0831e-010
9081	9.766e-011
9082	9.5649e-011
9083	9.1182e-011
9084	8.8248e-011
9085	8.7705e-011
9086	1.0071e-010
9087	1.2167e-010
9088	9.8847e-011
9089	8.9812e-011
9090	8.0461e-011
9091	8.9491e-011
9092	1.0018e-010
9093	1.0044e-010
9094	1.4081e-010
9095	1.4367e-010
9096	2.1485e-010
9097	6.0725e-010
9098	3.0916e-010
9099	1.5643e-009
9100	1.5126e-009
9101	4.1756e-010
9102	4.2414e-010
9103	1.0492e-010
9104	8.9408e-011
9105	8.9017e-011
9106	8.915e-011
9107	9.1166e-011
9108	9.3278e-011
9109	9.2598e-011
9110	9.373e-011
9111	9.3926e-011
9112	9.4407e-011
9113	9.6244e-011
9114	9.6841e-011
9115	9.9177e-011
9116	1.003e-010
9117	1.0248e-010
9118	1.0456e-010
9119	1.0677e-010
9120	1.0962e-010
9121	1.1165e-010
9122	1.1493e-010
9123	1.1678e-010
9124	1.2011e-010
9125	1.2225e-010
9126	1.2518e-010
9127	1.2849e-010
9128	1.3045e-010
9129	1.3487e-010
9130	1.363e-010
9131	1.4066e-010
9132	1.4338e-010
9133	1.4579e-010
9134	1.5036e-010
9135	1.5293e-010
9136	1.56e-010
9137	1.6066e-010
9138	1.639e-010
9139	1.6684e-010
9140	1.7131e-010
9141	1.7545e-010
9142	1.7875e-010
9143	1.8247e-010
9144	1.8686e-010
9145	1.9157e-010
9146	1.9589e-010
9147	2.e-010
9148	2.0445e-010
9149	2.0895e-010
9150	2.1367e-010
9151	2.1848e-010
9152	2.2364e-010
9153	2.2885e-010
9154	2.3396e-010
9155	2.3934e-010
9156	2.4452e-010
9157	2.5009e-010
9158	2.5557e-010
9159	2.6185e-010
9160	2.6808e-010
9161	2.7494e-010
9162	2.8099e-010
9163	2.8627e-010
9164	2.9324e-010
9165	3.0172e-010
9166	3.0202e-010
9167	2.9407e-010
9168	2.8776e-010
9169	2.838e-010
9170	2.7889e-010
9171	2.7268e-010
9172	2.6689e-010
9173	2.6004e-010
9174	2.5488e-010
9175	2.4924e-010
9176	2.4532e-010
9177	2.4028e-010
9178	2.3545e-010
9179	2.308e-010
9180	2.2538e-010
9181	2.2052e-010
9182	2.1679e-010
9183	2.1453e-010
9184	2.1128e-010
9185	2.0798e-010
9186	2.0709e-010
9187	2.0302e-010
9188	1.9744e-010
9189	1.9891e-010
9190	1.9536e-010
9191	1.9572e-010
9192	1.9059e-010
9193	1.8724e-010
9194	1.8774e-010
9195	1.7158e-010
9196	1.6694e-010
9197	1.8239e-010
9198	1.6732e-010
9199	1.6455e-010
9200	1.8061e-010
9201	1.7884e-010
9202	1.8157e-010
9203	1.5447e-010
9204	1.5883e-010
9205	1.4322e-010
9206	1.4296e-010
9207	1.4169e-010
9208	1.3103e-010
9209	1.3659e-010
9210	1.2576e-010
9211	1.263e-010
9212	1.1691e-010
9213	1.1565e-010
9214	1.1273e-010
9215	1.1018e-010
9216	1.2786e-010
9217	1.3361e-010
9218	1.2623e-010
9219	1.0842e-010
9220	1.0716e-010
9221	1.1155e-010
9222	1.1636e-010
9223	1.3867e-010
9224	1.4603e-010
9225	1.5959e-010
9226	2.6881e-010
9227	5.8431e-010
9228	2.9946e-010
9229	1.8204e-009
9230	1.4313e-009
9231	4.3835e-010
9232	3.215e-010
9233	6.3207e-011
9234	6.284e-011
9235	7.9161e-011
9236	7.4209e-011
9237	7.5462e-011
9238	7.7888e-011
9239	7.7487e-011
9240	7.6355e-011
9241	7.6372e-011
9242	7.7344e-011
9243	7.7766e-011
9244	8.0152e-011
9245	8.0125e-011
9246	8.1713e-011
9247	8.324e-011
9248	8.5149e-011
9249	8.725e-011
9250	8.8981e-011
9251	9.1742e-011
9252	9.3041e-011
9253	9.6129e-011
9254	9.7423e-011
9255	1.0029e-010
9256	1.0218e-010
9257	1.041e-010
9258	1.0792e-010
9259	1.0864e-010
9260	1.1349e-010
9261	1.1379e-010
9262	1.1667e-010
9263	1.2075e-010
9264	1.2161e-010
9265	1.2529e-010
9266	1.2877e-010
9267	1.3005e-010
9268	1.3362e-010
9269	1.3813e-010
9270	1.3977e-010
9271	1.4214e-010
9272	1.4633e-010
9273	1.5041e-010
9274	1.5331e-010
9275	1.5603e-010
9276	1.5927e-010
9277	1.6339e-010
9278	1.6727e-010
9279	1.7118e-010
9280	1.7508e-010
9281	1.7895e-010
9282	1.8269e-010
9283	1.8697e-010
9284	1.9108e-010
9285	1.9532e-010
9286	2.e-010
9287	2.0499e-010
9288	2.0963e-010
9289	2.1436e-010
9290	2.1884e-010
9291	2.2238e-010
9292	2.2853e-010
9293	2.3616e-010
9294	2.4193e-010
9295	2.4365e-010
9296	2.4409e-010
9297	2.4303e-010
9298	2.3827e-010
9299	2.3035e-010
9300	2.2361e-010
9301	2.2143e-010
9302	2.1783e-010
9303	2.1376e-010
9304	2.0895e-010
9305	2.0374e-010
9306	1.9863e-010
9307	1.9472e-010
9308	1.907e-010
9309	1.869e-010
9310	1.84e-010
9311	1.812e-010
9312	1.7795e-010
9313	1.7579e-010
9314	1.7153e-010
9315	1.6291e-010
9316	1.6378e-010
9317	1.6887e-010
9318	1.7317e-010
9319	1.6423e-010
9320	1.4729e-010
9321	1.5674e-010
9322	1.7452e-010
9323	1.4953e-010
9324	1.403e-010
9325	1.5206e-010
9326	1.3778e-010
9327	1.3507e-010
9328	1.5459e-010
9329	1.2815e-010
9330	1.3641e-010
9331	1.7365e-010
9332	1.3316e-010
9333	1.4425e-010
9334	1.2045e-010
9335	1.124e-010
9336	1.2456e-010
9337	1.058e-010
9338	1.1428e-010
9339	1.0276e-010
9340	1.0825e-010
9341	9.7635e-011
9342	9.5633e-011
9343	9.118e-011
9344	8.8245e-011
9345	8.7702e-011
9346	1.0071e-010
9347	1.2166e-010
9348	9.8843e-011
9349	8.9796e-011
9350	8.0449e-011
9351	8.9472e-011
9352	1.0016e-010
9353	1.0043e-010
9354	1.4078e-010
9355	1.4366e-010
9356	2.1484e-010
9357	6.0724e-010
9358	3.0913e-010
9359	1.5642e-009
9360	1.5125e-009
9361	1.8291e-010
9362	1.512e-010
9363	6.7009e-011
9364	6.6654e-011
9365	7.9617e-011
9366	8.7193e-011
9367	9.1212e-011
9368	9.3842e-011
9369	9.5034e-011
9370	9.4173e-011
9371	9.4222e-011
9372	9.471e-011
9373	9.5158e-011
9374	9.6776e-011
9375	9.737e-011
9376	9.8811e-011
9377	1.0057e-010
9378	1.0275e-010
9379	1.0508e-010
9380	1.0744e-010
9381	1.1016e-010
9382	1.1244e-010
9383	1.1531e-010
9384	1.1764e-010
9385	1.205e-010
9386	1.2317e-010
9387	1.2586e-010
9388	1.2928e-010
9389	1.3177e-010
9390	1.3551e-010
9391	1.3786e-010
9392	1.4094e-010
9393	1.446e-010
9394	1.4738e-010
9395	1.5082e-010
9396	1.5442e-010
9397	1.5757e-010
9398	1.6132e-010
9399	1.6539e-010
9400	1.6868e-010
9401	1.7211e-010
9402	1.7648e-010
9403	1.8031e-010
9404	1.8459e-010
9405	1.8842e-010
9406	1.9244e-010
9407	1.97e-010
9408	2.0151e-010
9409	2.0617e-010
9410	2.1066e-010
9411	2.1564e-010
9412	2.2029e-010
9413	2.2526e-010
9414	2.3041e-010
9415	2.3552e-010
9416	2.4127e-010
9417	2.4622e-010
9418	2.5252e-010
9419	2.5801e-010
9420	2.6376e-010
9421	2.692e-010
9422	2.763e-010
9423	2.8301e-010
9424	2.8882e-010
9425	2.959e-010
9426	2.9658e-010
9427	2.8969e-010
9428	2.8475e-010
9429	2.788e-010
9430	2.7145e-010
9431	2.669e-010
9432	2.6175e-010
9433	2.5695e-010
9434	2.4965e-010
9435	2.459e-010
9436	2.3956e-010
9437	2.3485e-010
9438	2.2998e-010
9439	2.2545e-010
9440	2.2157e-010
9441	2.1618e-010
9442	2.1334e-010
9443	2.0982e-010
9444	2.0565e-010
9445	1.9862e-010
9446	1.9808e-010
9447	2.0159e-010
9448	1.9754e-010
9449	1.962e-010
9450	1.8165e-010
9451	1.8964e-010
9452	1.9531e-010
9453	1.8084e-010
9454	1.7435e-010
9455	1.7347e-010
9456	1.6321e-010
9457	1.6885e-010
9458	1.7295e-010
9459	1.5453e-010
9460	1.6726e-010
9461	1.9128e-010
9462	1.6649e-010
9463	1.6117e-010
9464	1.4099e-010
9465	1.38e-010
9466	1.3513e-010
9467	1.2658e-010
9468	1.3011e-010
9469	1.2391e-010
9470	1.2383e-010
9471	1.1574e-010
9472	1.1093e-010
9473	1.0678e-010
9474	1.0382e-010
9475	1.0266e-010
9476	1.1667e-010
9477	1.3255e-010
9478	1.1473e-010
9479	1.041e-010
9480	9.9781e-011
9481	1.0961e-010
9482	1.2858e-010
9483	1.2854e-010
9484	1.3308e-010
9485	1.4947e-010
9486	2.1961e-010
9487	2.6961e-010
9488	2.9163e-010
9489	5.803e-010
9490	6.533e-010
9491	1.5435e-010
9492	1.8321e-010
9493	9.1616e-011
9494	8.6447e-011
9495	9.4463e-011
9496	9.9305e-011
9497	1.0276e-010
9498	1.057e-010
9499	1.045e-010
9500	1.0595e-010
9501	1.0558e-010
9502	1.0493e-010
9503	1.0768e-010
9504	1.0663e-010
9505	1.1014e-010
9506	1.1041e-010
9507	1.1305e-010
9508	1.1543e-010
9509	1.1743e-010
9510	1.2119e-010
9511	1.2279e-010
9512	1.2704e-010
9513	1.2856e-010
9514	1.3278e-010
9515	1.3489e-010
9516	1.3828e-010
9517	1.4192e-010
9518	1.4384e-010
9519	1.493e-010
9520	1.5036e-010
9521	1.5562e-010
9522	1.5836e-010
9523	1.611e-010
9524	1.6635e-010
9525	1.6899e-010
9526	1.7241e-010
9527	1.7753e-010
9528	1.8138e-010
9529	1.8416e-010
9530	1.8959e-010
9531	1.936e-010
9532	1.9785e-010
9533	2.0148e-010
9534	2.0683e-010
9535	2.1164e-010
9536	2.1649e-010
9537	2.2107e-010
9538	2.2595e-010
9539	2.311e-010
9540	2.3603e-010
9541	2.4173e-010
9542	2.472e-010
9543	2.5284e-010
9544	2.585e-010
9545	2.6442e-010
9546	2.7053e-010
9547	2.7592e-010
9548	2.8274e-010
9549	2.8934e-010
9550	2.96e-010
9551	3.0355e-010
9552	3.1065e-010
9553	3.1622e-010
9554	3.2246e-010
9555	3.338e-010
9556	3.3446e-010
9557	3.2337e-010
9558	3.1761e-010
9559	3.1389e-010
9560	3.0743e-010
9561	3.0019e-010
9562	2.9403e-010
9563	2.8769e-010
9564	2.7988e-010
9565	2.7593e-010
9566	2.6996e-010
9567	2.6452e-010
9568	2.5918e-010
9569	2.5414e-010
9570	2.4852e-010
9571	2.4242e-010
9572	2.3893e-010
9573	2.354e-010
9574	2.3141e-010
9575	2.2761e-010
9576	2.2545e-010
9577	2.25e-010
9578	2.1469e-010
9579	2.1974e-010
9580	2.1044e-010
9581	2.1608e-010
9582	2.0643e-010
9583	2.0552e-010
9584	2.0388e-010
9585	1.8722e-010
9586	1.817e-010
9587	1.9994e-010
9588	1.8141e-010
9589	1.7714e-010
9590	1.9722e-010
9591	1.9231e-010
9592	2.0119e-010
9593	1.647e-010
9594	1.6723e-010
9595	1.6045e-010
9596	1.4755e-010
9597	1.496e-010
9598	1.3798e-010
9599	1.4876e-010
9600	1.3204e-010
9601	1.3708e-010
9602	1.2244e-010
9603	1.2366e-010
9604	1.2011e-010
9605	1.1402e-010
9606	1.3855e-010
9607	1.3407e-010
9608	1.378e-010
9609	1.1127e-010
9610	1.1594e-010
9611	1.2926e-010
9612	1.3353e-010
9613	1.5223e-010
9614	1.5633e-010
9615	1.8673e-010
9616	2.394e-010
9617	3.0411e-010
9618	3.2357e-010
9619	7.2865e-010
9620	4.5302e-010
9621	1.8289e-010
9622	1.5117e-010
9623	6.701e-011
9624	6.6647e-011
9625	7.9598e-011
9626	8.7166e-011
9627	9.119e-011
9628	9.3836e-011
9629	9.5041e-011
9630	9.4183e-011
9631	9.4227e-011
9632	9.4712e-011
9633	9.5172e-011
9634	9.6804e-011
9635	9.7408e-011
9636	9.8861e-011
9637	1.0061e-010
9638	1.0273e-010
9639	1.0503e-010
9640	1.0739e-010
9641	1.1012e-010
9642	1.1242e-010
9643	1.1531e-010
9644	1.1766e-010
9645	1.2052e-010
9646	1.2319e-010
9647	1.2588e-010
9648	1.293e-010
9649	1.3179e-010
9650	1.3551e-010
9651	1.3785e-010
9652	1.4092e-010
9653	1.4457e-010
9654	1.4736e-010
9655	1.508e-010
9656	1.5439e-010
9657	1.575e-010
9658	1.6136e-010
9659	1.6519e-010
9660	1.6876e-010
9661	1.7207e-010
9662	1.7647e-010
9663	1.8026e-010
9664	1.8461e-010
9665	1.8848e-010
9666	1.9257e-010
9667	1.9715e-010
9668	2.0159e-010
9669	2.0616e-010
9670	2.1067e-010
9671	2.1561e-010
9672	2.2031e-010
9673	2.2518e-010
9674	2.3035e-010
9675	2.3548e-010
9676	2.4126e-010
9677	2.4621e-010
9678	2.5246e-010
9679	2.5797e-010
9680	2.6383e-010
9681	2.6928e-010
9682	2.7632e-010
9683	2.8303e-010
9684	2.8875e-010
9685	2.9593e-010
9686	2.966e-010
9687	2.8973e-010
9688	2.8469e-010
9689	2.7882e-010
9690	2.7142e-010
9691	2.6689e-010
9692	2.6175e-010
9693	2.5695e-010
9694	2.4959e-010
9695	2.4597e-010
9696	2.3948e-010
9697	2.349e-010
9698	2.301e-010
9699	2.2544e-010
9700	2.2178e-010
9701	2.1602e-010
9702	2.1356e-010
9703	2.097e-010
9704	2.0567e-010
9705	1.9861e-010
9706	1.9805e-010
9707	2.0165e-010
9708	1.9753e-010
9709	1.9627e-010
9710	1.8163e-010
9711	1.8957e-010
9712	1.9522e-010
9713	1.8079e-010
9714	1.7434e-010
9715	1.7351e-010
9716	1.632e-010
9717	1.6882e-010
9718	1.7296e-010
9719	1.5453e-010
9720	1.6726e-010
9721	1.9134e-010
9722	1.6649e-010
9723	1.6122e-010
9724	1.4102e-010
9725	1.3808e-010
9726	1.3521e-010
9727	1.2662e-010
9728	1.3016e-010
9729	1.2395e-010
9730	1.2388e-010
9731	1.1577e-010
9732	1.1096e-010
9733	1.0681e-010
9734	1.0384e-010
9735	1.0268e-010
9736	1.1669e-010
9737	1.326e-010
9738	1.1474e-010
9739	1.0412e-010
9740	9.978e-011
9741	1.0961e-010
9742	1.286e-010
9743	1.2856e-010
9744	1.3311e-010
9745	1.4949e-010
9746	2.1964e-010
9747	2.6965e-010
9748	2.9168e-010
9749	5.8046e-010
9750	6.5346e-010
9751	1.8287e-010
9752	1.5117e-010
9753	6.6988e-011
9754	6.6614e-011
9755	7.9553e-011
9756	8.7109e-011
9757	9.1134e-011
9758	9.3798e-011
9759	9.5015e-011
9760	9.4149e-011
9761	9.4164e-011
9762	9.4629e-011
9763	9.5087e-011
9764	9.6728e-011
9765	9.737e-011
9766	9.8868e-011
9767	1.0062e-010
9768	1.0272e-010
9769	1.05e-010
9770	1.0736e-010
9771	1.101e-010
9772	1.1242e-010
9773	1.1533e-010
9774	1.1768e-010
9775	1.2053e-010
9776	1.2317e-010
9777	1.2583e-010
9778	1.2924e-010
9779	1.3168e-010
9780	1.3539e-010
9781	1.378e-010
9782	1.409e-010
9783	1.4452e-010
9784	1.4728e-010
9785	1.5074e-010
9786	1.5437e-010
9787	1.5747e-010
9788	1.6114e-010
9789	1.6526e-010
9790	1.6863e-010
9791	1.7211e-010
9792	1.7645e-010
9793	1.8015e-010
9794	1.844e-010
9795	1.8827e-010
9796	1.924e-010
9797	1.97e-010
9798	2.0151e-010
9799	2.0606e-010
9800	2.1047e-010
9801	2.1548e-010
9802	2.2025e-010
9803	2.2517e-010
9804	2.3034e-010
9805	2.3554e-010
9806	2.4135e-010
9807	2.4625e-010
9808	2.5249e-010
9809	2.5813e-010
9810	2.6386e-010
9811	2.6927e-010
9812	2.7645e-010
9813	2.8316e-010
9814	2.8897e-010
9815	2.9601e-010
9816	2.9682e-010
9817	2.8993e-010
9818	2.8487e-010
9819	2.7883e-010
9820	2.7134e-010
9821	2.6684e-010
9822	2.6185e-010
9823	2.5706e-010
9824	2.4969e-010
9825	2.4602e-010
9826	2.3958e-010
9827	2.3482e-010
9828	2.3001e-010
9829	2.2542e-010
9830	2.2167e-010
9831	2.1595e-010
9832	2.1346e-010
9833	2.0966e-010
9834	2.0566e-010
9835	1.9858e-010
9836	1.9809e-010
9837	2.0143e-010
9838	1.9761e-010
9839	1.9608e-010
9840	1.8169e-010
9841	1.8948e-010
9842	1.9519e-010
9843	1.8074e-010
9844	1.7437e-010
9845	1.7359e-010
9846	1.6333e-010
9847	1.6894e-010
9848	1.7307e-010
9849	1.5468e-010
9850	1.6745e-010
9851	1.9156e-010
9852	1.6671e-010
9853	1.6146e-010
9854	1.4121e-010
9855	1.383e-010
9856	1.3542e-010
9857	1.2682e-010
9858	1.3036e-010
9859	1.2412e-010
9860	1.2406e-010
9861	1.1593e-010
9862	1.1111e-010
9863	1.0695e-010
9864	1.0397e-010
9865	1.028e-010
9866	1.1678e-010
9867	1.3267e-010
9868	1.1479e-010
9869	1.0416e-010
9870	9.9825e-011
9871	1.0967e-010
9872	1.2868e-010
9873	1.2863e-010
9874	1.332e-010
9875	1.4958e-010
9876	2.1974e-010
9877	2.6974e-010
9878	2.9177e-010
9879	5.8056e-010
9880	6.5366e-010
9881	1.5434e-010
9882	1.8316e-010
9883	9.1598e-011
9884	8.6413e-011
9885	9.442e-011
9886	9.9256e-011
9887	1.0271e-010
9888	1.0564e-010
9889	1.0445e-010
9890	1.0589e-010
9891	1.0552e-010
9892	1.0487e-010
9893	1.076e-010
9894	1.0657e-010
9895	1.101e-010
9896	1.1041e-010
9897	1.1305e-010
9898	1.1539e-010
9899	1.1736e-010
9900	1.2114e-010
9901	1.2276e-010
9902	1.2703e-010
9903	1.2856e-010
9904	1.328e-010
9905	1.349e-010
9906	1.3825e-010
9907	1.419e-010
9908	1.4382e-010
9909	1.4917e-010
9910	1.5016e-010
9911	1.5557e-010
9912	1.5837e-010
9913	1.6095e-010
9914	1.6616e-010
9915	1.6886e-010
9916	1.7231e-010
9917	1.7735e-010
9918	1.8127e-010
9919	1.8382e-010
9920	1.8972e-010
9921	1.9369e-010
9922	1.9784e-010
9923	2.0132e-010
9924	2.065e-010
9925	2.1141e-010
9926	2.1628e-010
9927	2.2089e-010
9928	2.2589e-010
9929	2.3099e-010
9930	2.3585e-010
9931	2.4149e-010
9932	2.471e-010
9933	2.5268e-010
9934	2.5845e-010
9935	2.6436e-010
9936	2.7055e-010
9937	2.7601e-010
9938	2.8285e-010
9939	2.8945e-010
9940	2.9599e-010
9941	3.0357e-010
9942	3.109e-010
9943	3.1639e-010
9944	3.2276e-010
9945	3.3415e-010
9946	3.349e-010
9947	3.2388e-010
9948	3.1794e-010
9949	3.1408e-010
9950	3.0736e-010
9951	3.0015e-010
9952	2.9422e-010
9953	2.8781e-010
9954	2.7997e-010
9955	2.7609e-010
9956	2.7002e-010
9957	2.6445e-010
9958	2.5913e-010
9959	2.5401e-010
9960	2.4836e-010
9961	2.4231e-010
9962	2.3892e-010
9963	2.3539e-010
9964	2.3143e-010
9965	2.2759e-010
9966	2.2524e-010
9967	2.2486e-010
9968	2.1499e-010
9969	2.197e-010
9970	2.1023e-010
9971	2.1599e-010
9972	2.0629e-010
9973	2.0552e-010
9974	2.0389e-010
9975	1.8731e-010
9976	1.8189e-010
9977	2.001e-010
9978	1.8156e-010
9979	1.7736e-010
9980	1.9752e-010
9981	1.9266e-010
9982	2.0155e-010
9983	1.6507e-010
9984	1.6761e-010
9985	1.609e-010
9986	1.4793e-010
9987	1.4993e-010
9988	1.3832e-010
9989	1.4907e-010
9990	1.3238e-010
9991	1.3738e-010
9992	1.2272e-010
9993	1.239e-010
9994	1.2031e-010
9995	1.1419e-010
9996	1.3869e-010
9997	1.3419e-010
9998	1.3789e-010
9999	1.1134e-010
10000	1.1601e-010
10001	1.2936e-010
10002	1.3362e-010
10003	1.5236e-010
10004	1.5648e-010
10005	1.8691e-010
10006	2.3959e-010
10007	3.0429e-010
10008	3.2379e-010
10009	7.2905e-010
10010	4.5318e-010
10011	1.8287e-010
10012	1.5117e-010
10013	6.6988e-011
10014	6.6614e-011
10015	7.9553e-011
10016	8.7109e-011
10017	9.1134e-011
10018	9.3798e-011
10019	9.5015e-011
10020	9.4149e-011
10021	9.4164e-011
10022	9.4629e-011
10023	9.5087e-011
10024	9.6728e-011
10025	9.737e-011
10026	9.8868e-011
10027	1.0062e-010
10028	1.0272e-010
10029	1.05e-010
10030	1.0736e-010
10031	1.101e-010
10032	1.1242e-010
10033	1.1533e-010
10034	1.1768e-010
10035	1.2053e-010
10036	1.2317e-010
10037	1.2583e-010
10038	1.2924e-010
10039	1.3168e-010
10040	1.3539e-010
10041	1.378e-010
10042	1.409e-010
10043	1.4452e-010
10044	1.4728e-010
10045	1.5074e-010
10046	1.5437e-010
10047	1.5745e-010
10048	1.6123e-010
10049	1.6516e-010
10050	1.6872e-010
10051	1.7209e-010
10052	1.7645e-010
10053	1.8016e-010
10054	1.844e-010
10055	1.8827e-010
10056	1.924e-010
10057	1.97e-010
10058	2.0151e-010
10059	2.0606e-010
10060	2.1047e-010
10061	2.1548e-010
10062	2.2025e-010
10063	2.2517e-010
10064	2.3034e-010
10065	2.3554e-010
10066	2.4135e-010
10067	2.4625e-010
10068	2.5249e-010
10069	2.5813e-010
10070	2.6386e-010
10071	2.6927e-010
10072	2.7645e-010
10073	2.8316e-010
10074	2.8897e-010
10075	2.9601e-010
10076	2.9682e-010
10077	2.8993e-010
10078	2.8487e-010
10079	2.7883e-010
10080	2.7134e-010
10081	2.6684e-010
10082	2.6185e-010
10083	2.5706e-010
10084	2.4969e-010
10085	2.4602e-010
10086	2.3958e-010
10087	2.3483e-010
10088	2.2999e-010
10089	2.2548e-010
10090	2.2145e-010
10091	2.161e-010
10092	2.1324e-010
10093	2.0972e-010
10094	2.0565e-010
10095	1.9857e-010
10096	1.9805e-010
10097	2.0149e-010
10098	1.9771e-010
10099	1.9615e-010
10100	1.8167e-010
10101	1.8947e-010
10102	1.9521e-010
10103	1.8074e-010
10104	1.7437e-010
10105	1.7359e-010
10106	1.6333e-010
10107	1.6894e-010
10108	1.7307e-010
10109	1.5468e-010
10110	1.6745e-010
10111	1.9156e-010
10112	1.6671e-010
10113	1.6146e-010
10114	1.4121e-010
10115	1.383e-010
10116	1.3542e-010
10117	1.2682e-010
10118	1.3036e-010
10119	1.2412e-010
10120	1.2406e-010
10121	1.1593e-010
10122	1.1111e-010
10123	1.0695e-010
10124	1.0397e-010
10125	1.028e-010
10126	1.1678e-010
10127	1.3267e-010
10128	1.1479e-010
10129	1.0416e-010
10130	9.9825e-011
10131	1.0967e-010
10132	1.2868e-010
10133	1.2863e-010
10134	1.332e-010
10135	1.4958e-010
10136	2.1974e-010
10137	2.6974e-010
10138	2.9177e-010
10139	5.8056e-010
10140	6.5366e-010
10141	1.8289e-010
10142	1.5117e-010
10143	6.701e-011
10144	6.6647e-011
10145	7.9598e-011
10146	8.7166e-011
10147	9.119e-011
10148	9.3836e-011
10149	9.5041e-011
10150	9.4183e-011
10151	9.4227e-011
10152	9.4712e-011
10153	9.5172e-011
10154	9.6804e-011
10155	9.7409e-011
10156	9.8861e-011
10157	1.0061e-010
10158	1.0273e-010
10159	1.0503e-010
10160	1.0739e-010
10161	1.1012e-010
10162	1.1242e-010
10163	1.1531e-010
10164	1.1766e-010
10165	1.2052e-010
10166	1.2319e-010
10167	1.2588e-010
10168	1.293e-010
10169	1.3179e-010
10170	1.3551e-010
10171	1.3785e-010
10172	1.4092e-010
10173	1.4457e-010
10174	1.4736e-010
10175	1.508e-010
10176	1.5438e-010
10177	1.5751e-010
10178	1.6136e-010
10179	1.6526e-010
10180	1.6876e-010
10181	1.7209e-010
10182	1.7643e-010
10183	1.803e-010
10184	1.8458e-010
10185	1.8849e-010
10186	1.9257e-010
10187	1.9715e-010
10188	2.0159e-010
10189	2.0616e-010
10190	2.1067e-010
10191	2.1561e-010
10192	2.2031e-010
10193	2.2518e-010
10194	2.3035e-010
10195	2.3548e-010
10196	2.4126e-010
10197	2.4621e-010
10198	2.5246e-010
10199	2.5797e-010
10200	2.6383e-010
10201	2.6928e-010
10202	2.7632e-010
10203	2.8303e-010
10204	2.8875e-010
10205	2.9593e-010
10206	2.966e-010
10207	2.8973e-010
10208	2.8469e-010
10209	2.7882e-010
10210	2.7142e-010
10211	2.6689e-010
10212	2.6175e-010
10213	2.5695e-010
10214	2.4959e-010
10215	2.4597e-010
10216	2.3948e-010
10217	2.3491e-010
10218	2.3008e-010
10219	2.2551e-010
10220	2.2153e-010
10221	2.1625e-010
10222	2.1331e-010
10223	2.0975e-010
10224	2.0568e-010
10225	1.9859e-010
10226	1.9808e-010
10227	2.0145e-010
10228	1.9798e-010
10229	1.9611e-010
10230	1.817e-010
10231	1.895e-010
10232	1.9523e-010
10233	1.8076e-010
10234	1.7435e-010
10235	1.7351e-010
10236	1.632e-010
10237	1.6882e-010
10238	1.7296e-010
10239	1.5453e-010
10240	1.6726e-010
10241	1.9134e-010
10242	1.6649e-010
10243	1.6122e-010
10244	1.4102e-010
10245	1.3808e-010
10246	1.3521e-010
10247	1.2662e-010
10248	1.3016e-010
10249	1.2395e-010
10250	1.2388e-010
10251	1.1577e-010
10252	1.1096e-010
10253	1.0681e-010
10254	1.0384e-010
10255	1.0268e-010
10256	1.1669e-010
10257	1.326e-010
10258	1.1474e-010
10259	1.0412e-010
10260	9.978e-011
10261	1.0961e-010
10262	1.286e-010
10263	1.2856e-010
10264	1.3311e-010
10265	1.4949e-010
10266	2.1964e-010
10267	2.6965e-010
10268	2.9168e-010
10269	5.8046e-010
10270	6.5346e-010
10271	1.5435e-010
10272	1.8321e-010
10273	9.1616e-011
10274	8.6447e-011
10275	9.4463e-011
10276	9.9305e-011
10277	1.0276e-010
10278	1.057e-010
10279	1.045e-010
10280	1.0595e-010
10281	1.0558e-010
10282	1.0493e-010
10283	1.0768e-010
10284	1.0663e-010
10285	1.1014e-010
10286	1.1041e-010
10287	1.1305e-010
10288	1.1543e-010
10289	1.1742e-010
10290	1.2119e-010
10291	1.2279e-010
10292	1.2704e-010
10293	1.2856e-010
10294	1.3278e-010
10295	1.3489e-010
10296	1.3828e-010
10297	1.4192e-010
10298	1.4384e-010
10299	1.493e-010
10300	1.5036e-010
10301	1.5562e-010
10302	1.5836e-010
10303	1.611e-010
10304	1.6635e-010
10305	1.6899e-010
10306	1.7242e-010
10307	1.7752e-010
10308	1.8148e-010
10309	1.8408e-010
10310	1.8969e-010
10311	1.9359e-010
10312	1.9785e-010
10313	2.0151e-010
10314	2.0682e-010
10315	2.1164e-010
10316	2.1649e-010
10317	2.2107e-010
10318	2.2595e-010
10319	2.311e-010
10320	2.3603e-010
10321	2.4173e-010
10322	2.472e-010
10323	2.5284e-010
10324	2.585e-010
10325	2.6442e-010
10326	2.7053e-010
10327	2.7592e-010
10328	2.8274e-010
10329	2.8934e-010
10330	2.96e-010
10331	3.0355e-010
10332	3.1065e-010
10333	3.1622e-010
10334	3.2246e-010
10335	3.338e-010
10336	3.3446e-010
10337	3.2337e-010
10338	3.1761e-010
10339	3.1389e-010
10340	3.0743e-010
10341	3.0019e-010
10342	2.9403e-010
10343	2.8769e-010
10344	2.7988e-010
10345	2.7593e-010
10346	2.6996e-010
10347	2.6451e-010
10348	2.5919e-010
10349	2.5408e-010
10350	2.4879e-010
10351	2.422e-010
10352	2.3918e-010
10353	2.3535e-010
10354	2.3142e-010
10355	2.2762e-010
10356	2.2538e-010
10357	2.2495e-010
10358	2.1474e-010
10359	2.1973e-010
10360	2.1038e-010
10361	2.1612e-010
10362	2.0635e-010
10363	2.0555e-010
10364	2.0387e-010
10365	1.8721e-010
10366	1.817e-010
10367	1.9994e-010
10368	1.8141e-010
10369	1.7714e-010
10370	1.9722e-010
10371	1.9231e-010
10372	2.0119e-010
10373	1.647e-010
10374	1.6723e-010
10375	1.6045e-010
10376	1.4755e-010
10377	1.496e-010
10378	1.3798e-010
10379	1.4876e-010
10380	1.3204e-010
10381	1.3708e-010
10382	1.2244e-010
10383	1.2366e-010
10384	1.2011e-010
10385	1.1402e-010
10386	1.3855e-010
10387	1.3407e-010
10388	1.378e-010
10389	1.1127e-010
10390	1.1594e-010
10391	1.2926e-010
10392	1.3353e-010
10393	1.5223e-010
10394	1.5633e-010
10395	1.8673e-010
10396	2.394e-010
10397	3.0411e-010
10398	3.2357e-010
10399	7.2865e-010
10400	4.5302e-010
10401	1.8291e-010
10402	1.512e-010
10403	6.7009e-011
10404	6.6654e-011
10405	7.9617e-011
10406	8.7193e-011
10407	9.1212e-011
10408	9.3842e-011
10409	9.5034e-011
10410	9.4173e-011
10411	9.4222e-011
10412	9.471e-011
10413	9.5158e-011
10414	9.6776e-011
10415	9.737e-011
10416	9.8811e-011
10417	1.0057e-010
10418	1.0275e-010
10419	1.0508e-010
10420	1.0744e-010
10421	1.1016e-010
10422	1.1244e-010
10423	1.1531e-010
10424	1.1764e-010
10425	1.205e-010
10426	1.2317e-010
10427	1.2586e-010
10428	1.2928e-010
10429	1.3177e-010
10430	1.3551e-010
10431	1.3786e-010
10432	1.4094e-010
10433	1.446e-010
10434	1.4738e-010
10435	1.5082e-010
10436	1.5441e-010
10437	1.5756e-010
10438	1.6142e-010
10439	1.6529e-010
10440	1.688e-010
10441	1.7209e-010
10442	1.7648e-010
10443	1.803e-010
10444	1.8461e-010
10445	1.8841e-010
10446	1.9244e-010
10447	1.97e-010
10448	2.0151e-010
10449	2.0617e-010
10450	2.1066e-010
10451	2.1564e-010
10452	2.2029e-010
10453	2.2526e-010
10454	2.3041e-010
10455	2.3552e-010
10456	2.4127e-010
10457	2.4622e-010
10458	2.5252e-010
10459	2.5801e-010
10460	2.6376e-010
10461	2.692e-010
10462	2.763e-010
10463	2.8301e-010
10464	2.8882e-010
10465	2.959e-010
10466	2.9658e-010
10467	2.8969e-010
10468	2.8475e-010
10469	2.788e-010
10470	2.7145e-010
10471	2.669e-010
10472	2.6175e-010
10473	2.5695e-010
10474	2.4965e-010
10475	2.459e-010
10476	2.3956e-010
10477	2.3485e-010
10478	2.2998e-010
10479	2.2546e-010
10480	2.2154e-010
10481	2.1626e-010
10482	2.1331e-010
10483	2.0981e-010
10484	2.0567e-010
10485	1.9859e-010
10486	1.982e-010
10487	2.0043e-010
10488	1.9801e-010
10489	1.9501e-010
10490	1.8179e-010
10491	1.895e-010
10492	1.952e-010
10493	1.8074e-010
10494	1.7433e-010
10495	1.7348e-010
10496	1.632e-010
10497	1.6885e-010
10498	1.7295e-010
10499	1.5453e-010
10500	1.6726e-010
10501	1.9128e-010
10502	1.6649e-010
10503	1.6117e-010
10504	1.4099e-010
10505	1.38e-010
10506	1.3513e-010
10507	1.2658e-010
10508	1.3011e-010
10509	1.2391e-010
10510	1.2383e-010
10511	1.1574e-010
10512	1.1093e-010
10513	1.0678e-010
10514	1.0382e-010
10515	1.0266e-010
10516	1.1667e-010
10517	1.3255e-010
10518	1.1473e-010
10519	1.041e-010
10520	9.9781e-011
10521	1.0961e-010
10522	1.2858e-010
10523	1.2854e-010
10524	1.3308e-010
10525	1.4947e-010
10526	2.1961e-010
10527	2.6961e-010
10528	2.9163e-010
10529	5.803e-010
10530	6.533e-010
10531	1.8291e-010
10532	1.512e-010
10533	6.7009e-011
10534	6.6654e-011
10535	7.9617e-011
10536	8.7193e-011
10537	9.1212e-011
10538	9.3842e-011
10539	9.5034e-011
10540	9.4173e-011
10541	9.4222e-011
10542	9.471e-011
10543	9.5158e-011
10544	9.6776e-011
10545	9.737e-011
10546	9.8811e-011
10547	1.0057e-010
10548	1.0275e-010
10549	1.0508e-010
10550	1.0744e-010
10551	1.1016e-010
10552	1.1244e-010
10553	1.1531e-010
10554	1.1764e-010
10555	1.205e-010
10556	1.2317e-010
10557	1.2586e-010
10558	1.2928e-010
10559	1.3177e-010
10560	1.3551e-010
10561	1.3786e-010
10562	1.4094e-010
10563	1.446e-010
10564	1.4738e-010
10565	1.5082e-010
10566	1.5441e-010
10567	1.5756e-010
10568	1.6142e-010
10569	1.6529e-010
10570	1.688e-010
10571	1.7209e-010
10572	1.7648e-010
10573	1.8031e-010
10574	1.846e-010
10575	1.8842e-010
10576	1.9244e-010
10577	1.97e-010
10578	2.0151e-010
10579	2.0617e-010
10580	2.1066e-010
10581	2.1564e-010
10582	2.2029e-010
10583	2.2526e-010
10584	2.3041e-010
10585	2.3552e-010
10586	2.4127e-010
10587	2.4622e-010
10588	2.5252e-010
10589	2.5801e-010
10590	2.6376e-010
10591	2.692e-010
10592	2.763e-010
10593	2.8301e-010
10594	2.8882e-010
10595	2.959e-010
10596	2.9658e-010
10597	2.8969e-010
10598	2.8475e-010
10599	2.788e-010
10600	2.7145e-010
10601	2.669e-010
10602	2.6175e-010
10603	2.5695e-010
10604	2.4965e-010
10605	2.459e-010
10606	2.3956e-010
10607	2.3485e-010
10608	2.2998e-010
10609	2.2545e-010
10610	2.2154e-010
10611	2.1624e-010
10612	2.1332e-010
10613	2.0981e-010
10614	2.0567e-010
10615	1.9859e-010
10616	1.9804e-010
10617	2.0052e-010
10618	1.9649e-010
10619	1.9501e-010
10620	1.8167e-010
10621	1.8949e-010
10622	1.952e-010
10623	1.8074e-010
10624	1.7433e-010
10625	1.7348e-010
10626	1.632e-010
10627	1.6885e-010
10628	1.7295e-010
10629	1.5453e-010
10630	1.6726e-010
10631	1.9128e-010
10632	1.6649e-010
10633	1.6117e-010
10634	1.4099e-010
10635	1.38e-010
10636	1.3513e-010
10637	1.2658e-010
10638	1.3011e-010
10639	1.2391e-010
10640	1.2383e-010
10641	1.1574e-010
10642	1.1093e-010
10643	1.0678e-010
10644	1.0382e-010
10645	1.0266e-010
10646	1.1667e-010
10647	1.3255e-010
10648	1.1473e-010
10649	1.041e-010
10650	9.9781e-011
10651	1.0961e-010
10652	1.2858e-010
10653	1.2854e-010
10654	1.3308e-010
10655	1.4947e-010
10656	2.1961e-010
10657	2.6961e-010
10658	2.9163e-010
10659	5.803e-010
10660	6.533e-010
10661	1.5435e-010
10662	1.8321e-010
10663	9.1616e-011
10664	8.6447e-011
10665	9.4463e-011
10666	9.9305e-011
10667	1.0276e-010
10668	1.057e-010
10669	1.045e-010
10670	1.0595e-010
10671	1.0558e-010
10672	1.0493e-010
10673	1.0768e-010
10674	1.0663e-010
10675	1.1014e-010
10676	1.1041e-010
10677	1.1305e-010
10678	1.1543e-010
10679	1.1743e-010
10680	1.2119e-010
10681	1.2279e-010
10682	1.2704e-010
10683	1.2856e-010
10684	1.3278e-010
10685	1.3489e-010
10686	1.3828e-010
10687	1.4192e-010
10688	1.4384e-010
10689	1.493e-010
10690	1.5036e-010
10691	1.5562e-010
10692	1.5836e-010
10693	1.611e-010
10694	1.6635e-010
10695	1.6899e-010
10696	1.7242e-010
10697	1.7752e-010
10698	1.8148e-010
10699	1.8408e-010
10700	1.8968e-010
10701	1.9359e-010
10702	1.9785e-010
10703	2.0148e-010
10704	2.0683e-010
10705	2.1164e-010
10706	2.1649e-010
10707	2.2107e-010
10708	2.2595e-010
10709	2.311e-010
10710	2.3603e-010
10711	2.4173e-010
10712	2.472e-010
10713	2.5284e-010
10714	2.585e-010
10715	2.6442e-010
10716	2.7053e-010
10717	2.7592e-010
10718	2.8274e-010
10719	2.8934e-010
10720	2.96e-010
10721	3.0355e-010
10722	3.1065e-010
10723	3.1622e-010
10724	3.2246e-010
10725	3.338e-010
10726	3.3446e-010
10727	3.2337e-010
10728	3.1761e-010
10729	3.1389e-010
10730	3.0743e-010
10731	3.0019e-010
10732	2.9403e-010
10733	2.8769e-010
10734	2.7988e-010
10735	2.7593e-010
10736	2.6996e-010
10737	2.6451e-010
10738	2.5919e-010
10739	2.5408e-010
10740	2.4875e-010
10741	2.4231e-010
10742	2.3915e-010
10743	2.3536e-010
10744	2.3142e-010
10745	2.2768e-010
10746	2.2539e-010
10747	2.2273e-010
10748	2.1611e-010
10749	2.1743e-010
10750	2.104e-010
10751	2.1617e-010
10752	2.0636e-010
10753	2.0556e-010
10754	2.0387e-010
10755	1.8721e-010
10756	1.817e-010
10757	1.9994e-010
10758	1.8141e-010
10759	1.7714e-010
10760	1.9722e-010
10761	1.9231e-010
10762	2.0119e-010
10763	1.647e-010
10764	1.6723e-010
10765	1.6045e-010
10766	1.4755e-010
10767	1.496e-010
10768	1.3798e-010
10769	1.4876e-010
10770	1.3204e-010
10771	1.3708e-010
10772	1.2244e-010
10773	1.2366e-010
10774	1.2011e-010
10775	1.1402e-010
10776	1.3855e-010
10777	1.3407e-010
10778	1.378e-010
10779	1.1127e-010
10780	1.1594e-010
10781	1.2926e-010
10782	1.3353e-010
10783	1.5223e-010
10784	1.5633e-010
10785	1.8673e-010
10786	2.394e-010
10787	3.0411e-010
10788	3.2357e-010
10789	7.2865e-010
10790	4.5302e-010
10791	1.8289e-010
10792	1.5117e-010
10793	6.701e-011
10794	6.6647e-011
10795	7.9598e-011
10796	8.7166e-011
10797	9.119e-011
10798	9.3836e-011
10799	9.5041e-011
10800	9.4183e-011
10801	9.4227e-011
10802	9.4712e-011
10803	9.5172e-011
10804	9.6804e-011
10805	9.7408e-011
10806	9.8861e-011
10807	1.0061e-010
10808	1.0273e-010
10809	1.0503e-010
10810	1.0739e-010
10811	1.1012e-010
10812	1.1242e-010
10813	1.1531e-010
10814	1.1766e-010
10815	1.2052e-010
10816	1.2319e-010
10817	1.2588e-010
10818	1.293e-010
10819	1.3179e-010
10820	1.3551e-010
10821	1.3785e-010
10822	1.4092e-010
10823	1.4457e-010
10824	1.4736e-010
10825	1.508e-010
10826	1.5438e-010
10827	1.5751e-010
10828	1.6136e-010
10829	1.6526e-010
10830	1.6876e-010
10831	1.7207e-010
10832	1.7647e-010
10833	1.8027e-010
10834	1.8461e-010
10835	1.8848e-010
10836	1.9257e-010
10837	1.9715e-010
10838	2.0159e-010
10839	2.0616e-010
10840	2.1067e-010
10841	2.1561e-010
10842	2.2031e-010
10843	2.2518e-010
10844	2.3035e-010
10845	2.3548e-010
10846	2.4126e-010
10847	2.4621e-010
10848	2.5246e-010
10849	2.5797e-010
10850	2.6383e-010
10851	2.6928e-010
10852	2.7632e-010
10853	2.8303e-010
10854	2.8875e-010
10855	2.9593e-010
10856	2.966e-010
10857	2.8973e-010
10858	2.8469e-010
10859	2.7882e-010
10860	2.7142e-010
10861	2.6689e-010
10862	2.6175e-010
10863	2.5695e-010
10864	2.4959e-010
10865	2.4597e-010
10866	2.3948e-010
10867	2.3491e-010
10868	2.3008e-010
10869	2.2551e-010
10870	2.2154e-010
10871	2.1618e-010
10872	2.1332e-010
10873	2.0975e-010
10874	2.0568e-010
10875	1.9858e-010
10876	1.9814e-010
10877	2.0006e-010
10878	1.9675e-010
10879	1.9455e-010
10880	1.8178e-010
10881	1.8949e-010
10882	1.9523e-010
10883	1.8076e-010
10884	1.7435e-010
10885	1.7351e-010
10886	1.632e-010
10887	1.6882e-010
10888	1.7296e-010
10889	1.5453e-010
10890	1.6726e-010
10891	1.9134e-010
10892	1.6649e-010
10893	1.6122e-010
10894	1.4102e-010
10895	1.3808e-010
10896	1.3521e-010
10897	1.2662e-010
10898	1.3016e-010
10899	1.2395e-010
10900	1.2388e-010
10901	1.1577e-010
10902	1.1096e-010
10903	1.0681e-010
10904	1.0384e-010
10905	1.0268e-010
10906	1.1669e-010
10907	1.326e-010
10908	1.1474e-010
10909	1.0412e-010
10910	9.978e-011
10911	1.0961e-010
10912	1.286e-010
10913	1.2856e-010
10914	1.3311e-010
10915	1.4949e-010
10916	2.1964e-010
10917	2.6965e-010
10918	2.9168e-010
10919	5.8046e-010
10920	6.5346e-010
10921	1.8287e-010
10922	1.5117e-010
10923	6.6988e-011
10924	6.6614e-011
10925	7.9553e-011
10926	8.7109e-011
10927	9.1134e-011
10928	9.3798e-011
10929	9.5015e-011
10930	9.4149e-011
10931	9.4164e-011
10932	9.4629e-011
10933	9.5087e-011
10934	9.6728e-011
10935	9.737e-011
10936	9.8868e-011
10937	1.0062e-010
10938	1.0272e-010
10939	1.05e-010
10940	1.0736e-010
10941	1.101e-010
10942	1.1242e-010
10943	1.1533e-010
10944	1.1768e-010
10945	1.2053e-010
10946	1.2317e-010
10947	1.2583e-010
10948	1.2924e-010
10949	1.3168e-010
10950	1.3539e-010
10951	1.378e-010
10952	1.409e-010
10953	1.4452e-010
10954	1.4728e-010
10955	1.5074e-010
10956	1.5437e-010
10957	1.5745e-010
10958	1.6124e-010
10959	1.6512e-010
10960	1.6873e-010
10961	1.7209e-010
10962	1.7644e-010
10963	1.8015e-010
10964	1.8439e-010
10965	1.8827e-010
10966	1.924e-010
10967	1.97e-010
10968	2.0151e-010
10969	2.0606e-010
10970	2.1047e-010
10971	2.1548e-010
10972	2.2025e-010
10973	2.2517e-010
10974	2.3034e-010
10975	2.3554e-010
10976	2.4135e-010
10977	2.4625e-010
10978	2.5249e-010
10979	2.5813e-010
10980	2.6386e-010
10981	2.6927e-010
10982	2.7645e-010
10983	2.8316e-010
10984	2.8897e-010
10985	2.9601e-010
10986	2.9682e-010
10987	2.8993e-010
10988	2.8487e-010
10989	2.7883e-010
10990	2.7134e-010
10991	2.6684e-010
10992	2.6185e-010
10993	2.5706e-010
10994	2.4969e-010
10995	2.4602e-010
10996	2.3958e-010
10997	2.3482e-010
10998	2.3001e-010
10999	2.2542e-010
11000	2.2155e-010
11001	2.1646e-010
11002	2.1336e-010
11003	2.0966e-010
11004	2.0567e-010
11005	1.9858e-010
11006	1.9796e-010
11007	2.0065e-010
11008	1.9647e-010
11009	1.9514e-010
11010	1.816e-010
11011	1.8951e-010
11012	1.9522e-010
11013	1.8078e-010
11014	1.7437e-010
11015	1.7359e-010
11016	1.6333e-010
11017	1.6894e-010
11018	1.7307e-010
11019	1.5468e-010
11020	1.6745e-010
11021	1.9156e-010
11022	1.6671e-010
11023	1.6146e-010
11024	1.4121e-010
11025	1.383e-010
11026	1.3542e-010
11027	1.2682e-010
11028	1.3036e-010
11029	1.2412e-010
11030	1.2406e-010
11031	1.1593e-010
11032	1.1111e-010
11033	1.0695e-010
11034	1.0397e-010
11035	1.028e-010
11036	1.1678e-010
11037	1.3267e-010
11038	1.1479e-010
11039	1.0416e-010
11040	9.9825e-011
11041	1.0967e-010
11042	1.2868e-010
11043	1.2863e-010
11044	1.332e-010
11045	1.4958e-010
11046	2.1974e-010
11047	2.6974e-010
11048	2.9177e-010
11049	5.8056e-010
11050	6.5366e-010
11051	1.5434e-010
11052	1.8316e-010
11053	9.1598e-011
11054	8.6413e-011
11055	9.442e-011
11056	9.9256e-011
11057	1.0271e-010
11058	1.0564e-010
11059	1.0445e-010
11060	1.0589e-010
11061	1.0552e-010
11062	1.0487e-010
11063	1.076e-010
11064	1.0657e-010
11065	1.101e-010
11066	1.1041e-010
11067	1.1305e-010
11068	1.1539e-010
11069	1.1736e-010
11070	1.2114e-010
11071	1.2276e-010
11072	1.2703e-010
11073	1.2856e-010
11074	1.328e-010
11075	1.349e-010
11076	1.3825e-010
11077	1.419e-010
11078	1.4382e-010
11079	1.4917e-010
11080	1.5016e-010
11081	1.5557e-010
11082	1.5837e-010
11083	1.6095e-010
11084	1.6616e-010
11085	1.6886e-010
11086	1.7232e-010
11087	1.7736e-010
11088	1.8123e-010
11089	1.8389e-010
11090	1.8968e-010
11091	1.937e-010
11092	1.9785e-010
11093	2.0131e-010
11094	2.0651e-010
11095	2.1141e-010
11096	2.1627e-010
11097	2.2089e-010
11098	2.2589e-010
11099	2.3099e-010
11100	2.3585e-010
11101	2.4149e-010
11102	2.471e-010
11103	2.5268e-010
11104	2.5845e-010
11105	2.6436e-010
11106	2.7055e-010
11107	2.7601e-010
11108	2.8285e-010
11109	2.8945e-010
11110	2.9599e-010
11111	3.0357e-010
11112	3.109e-010
11113	3.1639e-010
11114	3.2276e-010
11115	3.3415e-010
11116	3.349e-010
11117	3.2388e-010
11118	3.1794e-010
11119	3.1408e-010
11120	3.0736e-010
11121	3.0015e-010
11122	2.9422e-010
11123	2.8781e-010
11124	2.7997e-010
11125	2.7609e-010
11126	2.7003e-010
11127	2.6444e-010
11128	2.5915e-010
11129	2.5389e-010
11130	2.4923e-010
11131	2.4179e-010
11132	2.398e-010
11133	2.353e-010
11134	2.3144e-010
11135	2.276e-010
11136	2.2532e-010
11137	2.2374e-010
11138	2.1536e-010
11139	2.1851e-010
11140	2.103e-010
11141	2.1598e-010
11142	2.0637e-010
11143	2.0549e-010
11144	2.0389e-010
11145	1.8732e-010
11146	1.8189e-010
11147	2.001e-010
11148	1.8156e-010
11149	1.7736e-010
11150	1.9752e-010
11151	1.9266e-010
11152	2.0155e-010
11153	1.6507e-010
11154	1.6761e-010
11155	1.609e-010
11156	1.4793e-010
11157	1.4993e-010
11158	1.3832e-010
11159	1.4907e-010
11160	1.3238e-010
11161	1.3738e-010
11162	1.2272e-010
11163	1.239e-010
11164	1.2031e-010
11165	1.1419e-010
11166	1.3869e-010
11167	1.3419e-010
11168	1.3789e-010
11169	1.1134e-010
11170	1.1601e-010
11171	1.2936e-010
11172	1.3362e-010
11173	1.5236e-010
11174	1.5648e-010
11175	1.8691e-010
11176	2.3959e-010
11177	3.0429e-010
11178	3.2379e-010
11179	7.2904e-010
11180	4.5318e-010
11181	1.8287e-010
11182	1.5117e-010
11183	6.6988e-011
11184	6.6614e-011
11185	7.9553e-011
11186	8.7109e-011
11187	9.1134e-011
11188	9.3798e-011
11189	9.5015e-011
11190	9.4149e-011
11191	9.4164e-011
11192	9.4629e-011
11193	9.5087e-011
11194	9.6728e-011
11195	9.737e-011
11196	9.8868e-011
11197	1.0062e-010
11198	1.0272e-010
11199	1.05e-010
11200	1.0736e-010
11201	1.101e-010
11202	1.1242e-010
11203	1.1533e-010
11204	1.1768e-010
11205	1.2053e-010
11206	1.2317e-010
11207	1.2583e-010
11208	1.2924e-010
11209	1.3168e-010
11210	1.3539e-010
11211	1.378e-010
11212	1.409e-010
11213	1.4452e-010
11214	1.4728e-010
11215	1.5074e-010
11216	1.5437e-010
11217	1.5745e-010
11218	1.6124e-010
11219	1.6512e-010
11220	1.6873e-010
11221	1.7209e-010
11222	1.7644e-010
11223	1.8015e-010
11224	1.8439e-010
11225	1.8827e-010
11226	1.924e-010
11227	1.97e-010
11228	2.0151e-010
11229	2.0606e-010
11230	2.1047e-010
11231	2.1548e-010
11232	2.2025e-010
11233	2.2517e-010
11234	2.3034e-010
11235	2.3554e-010
11236	2.4135e-010
11237	2.4625e-010
11238	2.5249e-010
11239	2.5813e-010
11240	2.6386e-010
11241	2.6927e-010
11242	2.7645e-010
11243	2.8316e-010
11244	2.8897e-010
11245	2.9601e-010
11246	2.9682e-010
11247	2.8993e-010
11248	2.8487e-010
11249	2.7883e-010
11250	2.7134e-010
11251	2.6684e-010
11252	2.6185e-010
11253	2.5706e-010
11254	2.4969e-010
11255	2.4602e-010
11256	2.3958e-010
11257	2.3482e-010
11258	2.3001e-010
11259	2.2545e-010
11260	2.2156e-010
11261	2.167e-010
11262	2.1341e-010
11263	2.0972e-010
11264	2.0566e-010
11265	1.9859e-010
11266	1.9815e-010
11267	2.0105e-010
11268	1.979e-010
11269	1.9569e-010
11270	1.8174e-010
11271	1.8961e-010
11272	1.9533e-010
11273	1.8085e-010
11274	1.7438e-010
11275	1.7358e-010
11276	1.6334e-010
11277	1.6894e-010
11278	1.7307e-010
11279	1.5468e-010
11280	1.6744e-010
11281	1.9156e-010
11282	1.6671e-010
11283	1.6146e-010
11284	1.4121e-010
11285	1.383e-010
11286	1.3542e-010
11287	1.2682e-010
11288	1.3036e-010
11289	1.2412e-010
11290	1.2406e-010
11291	1.1593e-010
11292	1.1111e-010
11293	1.0695e-010
11294	1.0397e-010
11295	1.028e-010
11296	1.1678e-010
11297	1.3267e-010
11298	1.1479e-010
11299	1.0416e-010
11300	9.9825e-011
11301	1.0967e-010
11302	1.2868e-010
11303	1.2863e-010
11304	1.332e-010
11305	1.4958e-010
11306	2.1974e-010
11307	2.6974e-010
11308	2.9177e-010
11309	5.8056e-010
11310	6.5366e-010
11311	1.8289e-010
11312	1.5117e-010
11313	6.701e-011
11314	6.6647e-011
11315	7.9598e-011
11316	8.7166e-011
11317	9.119e-011
11318	9.3836e-011
11319	9.5041e-011
11320	9.4183e-011
11321	9.4227e-011
11322	9.4712e-011
11323	9.5172e-011
11324	9.6804e-011
11325	9.7408e-011
11326	9.8861e-011
11327	1.0061e-010
11328	1.0273e-010
11329	1.0503e-010
11330	1.0739e-010
11331	1.1012e-010
11332	1.1242e-010
11333	1.1531e-010
11334	1.1766e-010
11335	1.2052e-010
11336	1.2319e-010
11337	1.2588e-010
11338	1.293e-010
11339	1.3179e-010
11340	1.3551e-010
11341	1.3785e-010
11342	1.4092e-010
11343	1.4457e-010
11344	1.4736e-010
11345	1.508e-010
11346	1.5438e-010
11347	1.5751e-010
11348	1.6136e-010
11349	1.6526e-010
11350	1.6876e-010
11351	1.7207e-010
11352	1.7647e-010
11353	1.8027e-010
11354	1.8461e-010
11355	1.8848e-010
11356	1.9257e-010
11357	1.9715e-010
11358	2.0159e-010
11359	2.0616e-010
11360	2.1067e-010
11361	2.1561e-010
11362	2.2031e-010
11363	2.2518e-010
11364	2.3035e-010
11365	2.3548e-010
11366	2.4126e-010
11367	2.4621e-010
11368	2.5246e-010
11369	2.5797e-010
11370	2.6383e-010
11371	2.6928e-010
11372	2.7632e-010
11373	2.8303e-010
11374	2.8875e-010
11375	2.9593e-010
11376	2.966e-010
11377	2.8973e-010
11378	2.8469e-010
11379	2.7882e-010
11380	2.7142e-010
11381	2.6689e-010
11382	2.6175e-010
11383	2.5695e-010
11384	2.4959e-010
11385	2.4597e-010
11386	2.3948e-010
11387	2.349e-010
11388	2.3012e-010
11389	2.2538e-010
11390	2.22e-010
11391	2.1651e-010
11392	2.1383e-010
11393	2.0966e-010
11394	2.057e-010
11395	1.9858e-010
11396	1.9807e-010
11397	2.0152e-010
11398	1.9787e-010
11399	1.9613e-010
11400	1.8178e-010
11401	1.895e-010
11402	1.9553e-010
11403	1.8074e-010
11404	1.7445e-010
11405	1.7346e-010
11406	1.6321e-010
11407	1.6882e-010
11408	1.7296e-010
11409	1.5453e-010
11410	1.6726e-010
11411	1.9134e-010
11412	1.6649e-010
11413	1.6122e-010
11414	1.4102e-010
11415	1.3808e-010
11416	1.3521e-010
11417	1.2662e-010
11418	1.3016e-010
11419	1.2395e-010
11420	1.2388e-010
11421	1.1577e-010
11422	1.1096e-010
11423	1.0681e-010
11424	1.0384e-010
11425	1.0268e-010
11426	1.1669e-010
11427	1.326e-010
11428	1.1474e-010
11429	1.0412e-010
11430	9.978e-011
11431	1.0961e-010
11432	1.286e-010
11433	1.2856e-010
11434	1.3311e-010
11435	1.4949e-010
11436	2.1964e-010
11437	2.6965e-010
11438	2.9168e-010
11439	5.8046e-010
11440	6.5346e-010
11441	1.5435e-010
11442	1.8321e-010
11443	9.1616e-011
11444	8.6447e-011
11445	9.4463e-011
11446	9.9305e-011
11447	1.0276e-010
11448	1.057e-010
11449	1.045e-010
11450	1.0595e-010
11451	1.0558e-010
11452	1.0493e-010
11453	1.0768e-010
11454	1.0663e-010
11455	1.1014e-010
11456	1.1041e-010
11457	1.1305e-010
11458	1.1543e-010
11459	1.1743e-010
11460	1.2119e-010
11461	1.2279e-010
11462	1.2704e-010
11463	1.2856e-010
11464	1.3278e-010
11465	1.3489e-010
11466	1.3828e-010
11467	1.4192e-010
11468	1.4383e-010
11469	1.493e-010
11470	1.5036e-010
11471	1.5562e-010
11472	1.5836e-010
11473	1.611e-010
11474	1.6635e-010
11475	1.6899e-010
11476	1.7242e-010
11477	1.7752e-010
11478	1.8147e-010
11479	1.8408e-010
11480	1.8968e-010
11481	1.9359e-010
11482	1.9785e-010
11483	2.0148e-010
11484	2.0683e-010
11485	2.1164e-010
11486	2.1649e-010
11487	2.2107e-010
11488	2.2595e-010
11489	2.311e-010
11490	2.3603e-010
11491	2.4173e-010
11492	2.472e-010
11493	2.5284e-010
11494	2.585e-010
11495	2.6442e-010
11496	2.7053e-010
11497	2.7592e-010
11498	2.8274e-010
11499	2.8934e-010
11500	2.96e-010
11501	3.0355e-010
11502	3.1065e-010
11503	3.1622e-010
11504	3.2246e-010
11505	3.338e-010
11506	3.3446e-010
11507	3.2337e-010
11508	3.1761e-010
11509	3.1389e-010
11510	3.0743e-010
11511	3.0019e-010
11512	2.9403e-010
11513	2.8769e-010
11514	2.7988e-010
11515	2.7593e-010
11516	2.6996e-010
11517	2.6452e-010
11518	2.5915e-010
11519	2.5405e-010
11520	2.4982e-010
11521	2.4115e-010
11522	2.4021e-010
11523	2.3537e-010
11524	2.3138e-010
11525	2.2764e-010
11526	2.2534e-010
11527	2.2498e-010
11528	2.1523e-010
11529	2.198e-010
11530	2.1031e-010
11531	2.1619e-010
11532	2.069e-010
11533	2.0563e-010
11534	2.0384e-010
11535	1.8723e-010
11536	1.817e-010
11537	1.9994e-010
11538	1.8141e-010
11539	1.7714e-010
11540	1.9722e-010
11541	1.9231e-010
11542	2.0119e-010
11543	1.647e-010
11544	1.6723e-010
11545	1.6045e-010
11546	1.4755e-010
11547	1.496e-010
11548	1.3798e-010
11549	1.4876e-010
11550	1.3204e-010
11551	1.3708e-010
11552	1.2244e-010
11553	1.2366e-010
11554	1.2011e-010
11555	1.1402e-010
11556	1.3855e-010
11557	1.3407e-010
11558	1.378e-010
11559	1.1127e-010
11560	1.1594e-010
11561	1.2926e-010
11562	1.3353e-010
11563	1.5223e-010
11564	1.5633e-010
11565	1.8673e-010
11566	2.394e-010
11567	3.0411e-010
11568	3.2357e-010
11569	7.2865e-010
11570	4.5302e-010
11571	1.8291e-010
11572	1.512e-010
11573	6.7009e-011
11574	6.6654e-011
11575	7.9617e-011
11576	8.7193e-011
11577	9.1212e-011
11578	9.3842e-011
11579	9.5034e-011
11580	9.4173e-011
11581	9.4222e-011
11582	9.471e-011
11583	9.5158e-011
11584	9.6776e-011
11585	9.737e-011
11586	9.8811e-011
11587	1.0057e-010
11588	1.0275e-010
11589	1.0508e-010
11590	1.0744e-010
11591	1.1016e-010
11592	1.1244e-010
11593	1.1531e-010
11594	1.1764e-010
11595	1.205e-010
11596	1.2317e-010
11597	1.2586e-010
11598	1.2928e-010
11599	1.3177e-010
11600	1.3551e-010
11601	1.3786e-010
11602	1.4094e-010
11603	1.446e-010
11604	1.4738e-010
11605	1.5082e-010
11606	1.5441e-010
11607	1.5756e-010
11608	1.6142e-010
11609	1.6529e-010
11610	1.688e-010
11611	1.721e-010
11612	1.7647e-010
11613	1.8031e-010
11614	1.8459e-010
11615	1.8842e-010
11616	1.9244e-010
11617	1.97e-010
11618	2.0151e-010
11619	2.0617e-010
11620	2.1066e-010
11621	2.1564e-010
11622	2.2029e-010
11623	2.2526e-010
11624	2.3041e-010
11625	2.3552e-010
11626	2.4127e-010
11627	2.4622e-010
11628	2.5252e-010
11629	2.5801e-010
11630	2.6376e-010
11631	2.692e-010
11632	2.763e-010
11633	2.8301e-010
11634	2.8882e-010
11635	2.959e-010
11636	2.9658e-010
11637	2.8969e-010
11638	2.8475e-010
11639	2.788e-010
11640	2.7145e-010
11641	2.669e-010
11642	2.6175e-010
11643	2.5695e-010
11644	2.4965e-010
11645	2.459e-010
11646	2.3956e-010
11647	2.3485e-010
11648	2.2999e-010
11649	2.2543e-010
11650	2.2164e-010
11651	2.1676e-010
11652	2.1345e-010
11653	2.0982e-010
11654	2.0568e-010
11655	1.9857e-010
11656	1.9808e-010
11657	2.0158e-010
11658	1.9784e-010
11659	1.9619e-010
11660	1.8178e-010
11661	1.8953e-010
11662	1.9549e-010
11663	1.8078e-010
11664	1.7444e-010
11665	1.7343e-010
11666	1.6321e-010
11667	1.6885e-010
11668	1.7295e-010
11669	1.5453e-010
11670	1.6726e-010
11671	1.9128e-010
11672	1.6649e-010
11673	1.6117e-010
11674	1.4099e-010
11675	1.38e-010
11676	1.3513e-010
11677	1.2658e-010
11678	1.3011e-010
11679	1.2391e-010
11680	1.2383e-010
11681	1.1574e-010
11682	1.1093e-010
11683	1.0678e-010
11684	1.0382e-010
11685	1.0266e-010
11686	1.1667e-010
11687	1.3255e-010
11688	1.1473e-010
11689	1.041e-010
11690	9.9781e-011
11691	1.0961e-010
11692	1.2858e-010
11693	1.2854e-010
11694	1.3308e-010
11695	1.4947e-010
11696	2.1961e-010
11697	2.6961e-010
11698	2.9163e-010
11699	5.803e-010
11700	6.533e-010
11701	1.8291e-010
11702	1.512e-010
11703	6.7009e-011
11704	6.6654e-011
11705	7.9617e-011
11706	8.7193e-011
11707	9.1212e-011
11708	9.3842e-011
11709	9.5034e-011
11710	9.4173e-011
11711	9.4222e-011
11712	9.471e-011
11713	9.5158e-011
11714	9.6776e-011
11715	9.737e-011
11716	9.8811e-011
11717	1.0057e-010
11718	1.0275e-010
11719	1.0508e-010
11720	1.0744e-010
11721	1.1016e-010
11722	1.1244e-010
11723	1.1531e-010
11724	1.1764e-010
11725	1.205e-010
11726	1.2317e-010
11727	1.2586e-010
11728	1.2928e-010
11729	1.3177e-010
11730	1.3551e-010
11731	1.3786e-010
11732	1.4094e-010
11733	1.446e-010
11734	1.4738e-010
11735	1.5082e-010
11736	1.5441e-010
11737	1.5756e-010
11738	1.6142e-010
11739	1.6529e-010
11740	1.688e-010
11741	1.721e-010
11742	1.7647e-010
11743	1.8031e-010
11744	1.8459e-010
11745	1.8842e-010
11746	1.9244e-010
11747	1.97e-010
11748	2.0151e-010
11749	2.0617e-010
11750	2.1066e-010
11751	2.1564e-010
11752	2.2029e-010
11753	2.2526e-010
11754	2.3041e-010
11755	2.3552e-010
11756	2.4127e-010
11757	2.4622e-010
11758	2.5252e-010
11759	2.5801e-010
11760	2.6376e-010
11761	2.692e-010
11762	2.763e-010
11763	2.8301e-010
11764	2.8882e-010
11765	2.959e-010
11766	2.9658e-010
11767	2.8969e-010
11768	2.8475e-010
11769	2.788e-010
11770	2.7145e-010
11771	2.669e-010
11772	2.6175e-010
11773	2.5695e-010
11774	2.4965e-010
11775	2.459e-010
11776	2.3955e-010
11777	2.3485e-010
11778	2.2996e-010
11779	2.2541e-010
11780	2.2197e-010
11781	2.1576e-010
11782	2.1374e-010
11783	2.0978e-010
11784	2.0566e-010
11785	1.9858e-010
11786	1.9809e-010
11787	2.0154e-010
11788	1.9778e-010
11789	1.9614e-010
11790	1.8179e-010
11791	1.8953e-010
11792	1.9546e-010
11793	1.8078e-010
11794	1.7444e-010
11795	1.7343e-010
11796	1.6321e-010
11797	1.6885e-010
11798	1.7295e-010
11799	1.5453e-010
11800	1.6726e-010
11801	1.9128e-010
11802	1.6649e-010
11803	1.6117e-010
11804	1.4099e-010
11805	1.38e-010
11806	1.3513e-010
11807	1.2658e-010
11808	1.3011e-010
11809	1.2391e-010
11810	1.2383e-010
11811	1.1574e-010
11812	1.1093e-010
11813	1.0678e-010
11814	1.0382e-010
11815	1.0266e-010
11816	1.1667e-010
11817	1.3255e-010
11818	1.1473e-010
11819	1.041e-010
11820	9.9781e-011
11821	1.0961e-010
11822	1.2858e-010
11823	1.2854e-010
11824	1.3308e-010
11825	1.4947e-010
11826	2.1961e-010
11827	2.6961e-010
11828	2.9163e-010
11829	5.803e-010
11830	6.533e-010
11831	1.5435e-010
11832	1.8321e-010
11833	9.1616e-011
11834	8.6447e-011
11835	9.4463e-011
11836	9.9305e-011
11837	1.0276e-010
11838	1.057e-010
11839	1.045e-010
11840	1.0595e-010
11841	1.0558e-010
11842	1.0493e-010
11843	1.0768e-010
11844	1.0663e-010
11845	1.1014e-010
11846	1.1041e-010
11847	1.1305e-010
11848	1.1543e-010
11849	1.1743e-010
11850	1.2119e-010
11851	1.2279e-010
11852	1.2704e-010
11853	1.2856e-010
11854	1.3278e-010
11855	1.3489e-010
11856	1.3828e-010
11857	1.4192e-010
11858	1.4384e-010
11859	1.493e-010
11860	1.5036e-010
11861	1.5562e-010
11862	1.5836e-010
11863	1.611e-010
11864	1.6635e-010
11865	1.6899e-010
11866	1.7242e-010
11867	1.7752e-010
11868	1.8148e-010
11869	1.8408e-010
11870	1.8968e-010
11871	1.9359e-010
11872	1.9785e-010
11873	2.0148e-010
11874	2.0683e-010
11875	2.1164e-010
11876	2.1649e-010
11877	2.2107e-010
11878	2.2595e-010
11879	2.311e-010
11880	2.3603e-010
11881	2.4173e-010
11882	2.472e-010
11883	2.5284e-010
11884	2.585e-010
11885	2.6442e-010
11886	2.7053e-010
11887	2.7592e-010
11888	2.8274e-010
11889	2.8934e-010
11890	2.96e-010
11891	3.0355e-010
11892	3.1065e-010
11893	3.1622e-010
11894	3.2246e-010
11895	3.338e-010
11896	3.3446e-010
11897	3.2337e-010
11898	3.1761e-010
11899	3.1389e-010
11900	3.0743e-010
11901	3.0019e-010
11902	2.9403e-010
11903	2.8769e-010
11904	2.7988e-010
11905	2.7592e-010
11906	2.6997e-010
11907	2.6451e-010
11908	2.5924e-010
11909	2.5402e-010
11910	2.4869e-010
11911	2.4263e-010
11912	2.3911e-010
11913	2.3527e-010
11914	2.3147e-010
11915	2.2762e-010
11916	2.2534e-010
11917	2.2499e-010
11918	2.1517e-010
11919	2.1981e-010
11920	2.1031e-010
11921	2.1617e-010
11922	2.0693e-010
11923	2.0561e-010
11924	2.0384e-010
11925	1.8723e-010
11926	1.817e-010
11927	1.9994e-010
11928	1.8141e-010
11929	1.7714e-010
11930	1.9722e-010
11931	1.9231e-010
11932	2.0119e-010
11933	1.647e-010
11934	1.6723e-010
11935	1.6045e-010
11936	1.4755e-010
11937	1.496e-010
11938	1.3798e-010
11939	1.4876e-010
11940	1.3204e-010
11941	1.3708e-010
11942	1.2244e-010
11943	1.2366e-010
11944	1.2011e-010
11945	1.1402e-010
11946	1.3855e-010
11947	1.3407e-010
11948	1.378e-010
11949	1.1127e-010
11950	1.1594e-010
11951	1.2926e-010
11952	1.3353e-010
11953	1.5223e-010
11954	1.5633e-010
11955	1.8673e-010
11956	2.394e-010
11957	3.0411e-010
11958	3.2357e-010
11959	7.2865e-010
11960	4.5302e-010
11961	1.8289e-010
11962	1.5117e-010
11963	6.701e-011
11964	6.6647e-011
11965	7.9598e-011
11966	8.7166e-011
11967	9.119e-011
11968	9.3836e-011
11969	9.5041e-011
11970	9.4183e-011
11971	9.4227e-011
11972	9.4712e-011
11973	9.5172e-011
11974	9.6804e-011
11975	9.7408e-011
11976	9.8861e-011
11977	1.0061e-010
11978	1.0273e-010
11979	1.0503e-010
11980	1.0739e-010
11981	1.1012e-010
11982	1.1242e-010
11983	1.1531e-010
11984	1.1766e-010
11985	1.2052e-010
11986	1.2319e-010
11987	1.2588e-010
11988	1.293e-010
11989	1.3179e-010
11990	1.3551e-010
11991	1.3785e-010
11992	1.4092e-010
11993	1.4457e-010
11994	1.4736e-010
11995	1.508e-010
11996	1.5438e-010
11997	1.5751e-010
11998	1.6136e-010
11999	1.6526e-010
12000	1.6876e-010
12001	1.7207e-010
12002	1.7647e-010
12003	1.8027e-010
12004	1.8461e-010
12005	1.8848e-010
12006	1.9257e-010
12007	1.9715e-010
12008	2.0159e-010
12009	2.0616e-010
12010	2.1067e-010
12011	2.1561e-010
12012	2.2031e-010
12013	2.2518e-010
12014	2.3035e-010
12015	2.3548e-010
12016	2.4126e-010
12017	2.4621e-010
12018	2.5246e-010
12019	2.5797e-010
12020	2.6383e-010
12021	2.6928e-010
12022	2.7632e-010
12023	2.8303e-010
12024	2.8875e-010
12025	2.9593e-010
12026	2.966e-010
12027	2.8973e-010
12028	2.8469e-010
12029	2.7882e-010
12030	2.7142e-010
12031	2.6689e-010
12032	2.6175e-010
12033	2.5695e-010
12034	2.4959e-010
12035	2.4597e-010
12036	2.3948e-010
12037	2.3491e-010
12038	2.3008e-010
12039	2.2549e-010
12040	2.2161e-010
12041	2.1611e-010
12042	2.1339e-010
12043	2.0973e-010
12044	2.0567e-010
12045	1.9859e-010
12046	1.9811e-010
12047	2.015e-010
12048	1.9769e-010
12049	1.9609e-010
12050	1.818e-010
12051	1.8956e-010
12052	1.9549e-010
12053	1.808e-010
12054	1.7445e-010
12055	1.7346e-010
12056	1.6321e-010
12057	1.6882e-010
12058	1.7296e-010
12059	1.5453e-010
12060	1.6726e-010
12061	1.9134e-010
12062	1.6649e-010
12063	1.6122e-010
12064	1.4102e-010
12065	1.3808e-010
12066	1.3521e-010
12067	1.2662e-010
12068	1.3016e-010
12069	1.2395e-010
12070	1.2388e-010
12071	1.1577e-010
12072	1.1096e-010
12073	1.0681e-010
12074	1.0384e-010
12075	1.0268e-010
12076	1.1669e-010
12077	1.326e-010
12078	1.1474e-010
12079	1.0412e-010
12080	9.978e-011
12081	1.0961e-010
12082	1.286e-010
12083	1.2856e-010
12084	1.3311e-010
12085	1.4949e-010
12086	2.1964e-010
12087	2.6965e-010
12088	2.9168e-010
12089	5.8046e-010
12090	6.5346e-010
12091	1.8287e-010
12092	1.5117e-010
12093	6.6988e-011
12094	6.6614e-011
12095	7.9553e-011
12096	8.7109e-011
12097	9.1134e-011
12098	9.3798e-011
12099	9.5015e-011
12100	9.4149e-011
12101	9.4164e-011
12102	9.4629e-011
12103	9.5087e-011
12104	9.6728e-011
12105	9.737e-011
12106	9.8868e-011
12107	1.0062e-010
12108	1.0272e-010
12109	1.05e-010
12110	1.0736e-010
12111	1.101e-010
12112	1.1242e-010
12113	1.1533e-010
12114	1.1768e-010
12115	1.2053e-010
12116	1.2317e-010
12117	1.2583e-010
12118	1.2924e-010
12119	1.3168e-010
12120	1.3539e-010
12121	1.378e-010
12122	1.409e-010
12123	1.4452e-010
12124	1.4728e-010
12125	1.5074e-010
12126	1.5437e-010
12127	1.5745e-010
12128	1.6124e-010
12129	1.6511e-010
12130	1.6873e-010
12131	1.7209e-010
12132	1.7644e-010
12133	1.8015e-010
12134	1.8439e-010
12135	1.8827e-010
12136	1.924e-010
12137	1.97e-010
12138	2.0151e-010
12139	2.0606e-010
12140	2.1047e-010
12141	2.1548e-010
12142	2.2025e-010
12143	2.2517e-010
12144	2.3034e-010
12145	2.3554e-010
12146	2.4135e-010
12147	2.4625e-010
12148	2.5249e-010
12149	2.5813e-010
12150	2.6386e-010
12151	2.6927e-010
12152	2.7645e-010
12153	2.8316e-010
12154	2.8897e-010
12155	2.9601e-010
12156	2.9682e-010
12157	2.8993e-010
12158	2.8487e-010
12159	2.7883e-010
12160	2.7134e-010
12161	2.6684e-010
12162	2.6185e-010
12163	2.5706e-010
12164	2.4969e-010
12165	2.4602e-010
12166	2.3958e-010
12167	2.3483e-010
12168	2.3e-010
12169	2.2546e-010
12170	2.2146e-010
12171	2.1616e-010
12172	2.1325e-010
12173	2.0969e-010
12174	2.0564e-010
12175	1.9861e-010
12176	1.98e-010
12177	2.017e-010
12178	1.9734e-010
12179	1.9628e-010
12180	1.8168e-010
12181	1.8957e-010
12182	1.9545e-010
12183	1.8078e-010
12184	1.7448e-010
12185	1.7354e-010
12186	1.6334e-010
12187	1.6894e-010
12188	1.7307e-010
12189	1.5468e-010
12190	1.6745e-010
12191	1.9156e-010
12192	1.6671e-010
12193	1.6146e-010
12194	1.4121e-010
12195	1.383e-010
12196	1.3542e-010
12197	1.2682e-010
12198	1.3036e-010
12199	1.2412e-010
12200	1.2406e-010
12201	1.1593e-010
12202	1.1111e-010
12203	1.0695e-010
12204	1.0397e-010
12205	1.028e-010
12206	1.1678e-010
12207	1.3267e-010
12208	1.1479e-010
12209	1.0416e-010
12210	9.9825e-011
12211	1.0967e-010
12212	1.2868e-010
12213	1.2863e-010
12214	1.332e-010
12215	1.4958e-010
12216	2.1974e-010
12217	2.6974e-010
12218	2.9177e-010
12219	5.8056e-010
12220	6.5366e-010
12221	1.5434e-010
12222	1.8316e-010
12223	9.1598e-011
12224	8.6413e-011
12225	9.442e-011
12226	9.9256e-011
12227	1.0271e-010
12228	1.0564e-010
12229	1.0445e-010
12230	1.0589e-010
12231	1.0552e-010
12232	1.0487e-010
12233	1.076e-010
12234	1.0657e-010
12235	1.101e-010
12236	1.1041e-010
12237	1.1305e-010
12238	1.1539e-010
12239	1.1736e-010
12240	1.2114e-010
12241	1.2276e-010
12242	1.2703e-010
12243	1.2856e-010
12244	1.328e-010
12245	1.349e-010
12246	1.3825e-010
12247	1.419e-010
12248	1.4382e-010
12249	1.4917e-010
12250	1.5016e-010
12251	1.5557e-010
12252	1.5837e-010
12253	1.6095e-010
12254	1.6616e-010
12255	1.6886e-010
12256	1.7232e-010
12257	1.7736e-010
12258	1.8123e-010
12259	1.8389e-010
12260	1.8968e-010
12261	1.937e-010
12262	1.9785e-010
12263	2.0131e-010
12264	2.0651e-010
12265	2.1141e-010
12266	2.1627e-010
12267	2.2089e-010
12268	2.2589e-010
12269	2.3099e-010
12270	2.3585e-010
12271	2.4149e-010
12272	2.471e-010
12273	2.5268e-010
12274	2.5845e-010
12275	2.6436e-010
12276	2.7055e-010
12277	2.7601e-010
12278	2.8285e-010
12279	2.8945e-010
12280	2.9599e-010
12281	3.0357e-010
12282	3.109e-010
12283	3.1639e-010
12284	3.2276e-010
12285	3.3415e-010
12286	3.349e-010
12287	3.2388e-010
12288	3.1794e-010
12289	3.1408e-010
12290	3.0736e-010
12291	3.0015e-010
12292	2.9422e-010
12293	2.8781e-010
12294	2.7997e-010
12295	2.7609e-010
12296	2.7002e-010
12297	2.6445e-010
12298	2.5913e-010
12299	2.5395e-010
12300	2.4857e-010
12301	2.4213e-010
12302	2.3912e-010
12303	2.3534e-010
12304	2.3143e-010
12305	2.2758e-010
12306	2.253e-010
12307	2.2482e-010
12308	2.1483e-010
12309	2.1966e-010
12310	2.1023e-010
12311	2.1603e-010
12312	2.0686e-010
12313	2.0558e-010
12314	2.0385e-010
12315	1.8733e-010
12316	1.8189e-010
12317	2.0011e-010
12318	1.8156e-010
12319	1.7736e-010
12320	1.9752e-010
12321	1.9266e-010
12322	2.0155e-010
12323	1.6507e-010
12324	1.6761e-010
12325	1.609e-010
12326	1.4793e-010
12327	1.4993e-010
12328	1.3832e-010
12329	1.4907e-010
12330	1.3238e-010
12331	1.3738e-010
12332	1.2272e-010
12333	1.239e-010
12334	1.2031e-010
12335	1.1419e-010
12336	1.3869e-010
12337	1.3419e-010
12338	1.3789e-010
12339	1.1134e-010
12340	1.1601e-010
12341	1.2936e-010
12342	1.3362e-010
12343	1.5236e-010
12344	1.5648e-010
12345	1.8691e-010
12346	2.3959e-010
12347	3.0429e-010
12348	3.2379e-010
12349	7.2905e-010
12350	4.5318e-010
12351	1.8287e-010
12352	1.5117e-010
12353	6.6988e-011
12354	6.6614e-011
12355	7.9553e-011
12356	8.7109e-011
12357	9.1134e-011
12358	9.3798e-011
12359	9.5015e-011
12360	9.4149e-011
12361	9.4164e-011
12362	9.4629e-011
12363	9.5087e-011
12364	9.6728e-011
12365	9.737e-011
12366	9.8868e-011
12367	1.0062e-010
12368	1.0272e-010
12369	1.05e-010
12370	1.0736e-010
12371	1.101e-010
12372	1.1242e-010
12373	1.1533e-010
12374	1.1768e-010
12375	1.2053e-010
12376	1.2317e-010
12377	1.2583e-010
12378	1.2924e-010
12379	1.3168e-010
12380	1.3539e-010
12381	1.378e-010
12382	1.409e-010
12383	1.4452e-010
12384	1.4728e-010
12385	1.5074e-010
12386	1.5437e-010
12387	1.5745e-010
12388	1.6124e-010
12389	1.6512e-010
12390	1.6873e-010
12391	1.7209e-010
12392	1.7644e-010
12393	1.8015e-010
12394	1.8439e-010
12395	1.8827e-010
12396	1.924e-010
12397	1.97e-010
12398	2.0151e-010
12399	2.0606e-010
12400	2.1047e-010
12401	2.1548e-010
12402	2.2025e-010
12403	2.2517e-010
12404	2.3034e-010
12405	2.3554e-010
12406	2.4135e-010
12407	2.4625e-010
12408	2.5249e-010
12409	2.5813e-010
12410	2.6386e-010
12411	2.6927e-010
12412	2.7645e-010
12413	2.8316e-010
12414	2.8897e-010
12415	2.9601e-010
12416	2.9682e-010
12417	2.8993e-010
12418	2.8487e-010
12419	2.7883e-010
12420	2.7134e-010
12421	2.6684e-010
12422	2.6185e-010
12423	2.5706e-010
12424	2.4969e-010
12425	2.4602e-010
12426	2.3958e-010
12427	2.3483e-010
12428	2.3e-010
12429	2.2548e-010
12430	2.2144e-010
12431	2.1615e-010
12432	2.1324e-010
12433	2.0971e-010
12434	2.0566e-010
12435	1.9856e-010
12436	1.9809e-010
12437	2.0142e-010
12438	1.9785e-010
12439	1.9604e-010
12440	1.8178e-010
12441	1.8951e-010
12442	1.9547e-010
12443	1.8078e-010
12444	1.7448e-010
12445	1.7354e-010
12446	1.6334e-010
12447	1.6894e-010
12448	1.7307e-010
12449	1.5468e-010
12450	1.6745e-010
12451	1.9156e-010
12452	1.6671e-010
12453	1.6146e-010
12454	1.4121e-010
12455	1.383e-010
12456	1.3542e-010
12457	1.2682e-010
12458	1.3036e-010
12459	1.2412e-010
12460	1.2406e-010
12461	1.1593e-010
12462	1.1111e-010
12463	1.0695e-010
12464	1.0397e-010
12465	1.028e-010
12466	1.1678e-010
12467	1.3267e-010
12468	1.1479e-010
12469	1.0416e-010
12470	9.9825e-011
12471	1.0967e-010
12472	1.2868e-010
12473	1.2863e-010
12474	1.332e-010
12475	1.4958e-010
12476	2.1974e-010
12477	2.6974e-010
12478	2.9177e-010
12479	5.8056e-010
12480	6.5366e-010
12481	1.8289e-010
12482	1.5117e-010
12483	6.701e-011
12484	6.6647e-011
12485	7.9598e-011
12486	8.7166e-011
12487	9.119e-011
12488	9.3836e-011
12489	9.5041e-011
12490	9.4183e-011
12491	9.4227e-011
12492	9.4712e-011
12493	9.5172e-011
12494	9.6804e-011
12495	9.7409e-011
12496	9.8861e-011
12497	1.0061e-010
12498	1.0273e-010
12499	1.0503e-010
12500	1.0739e-010
12501	1.1012e-010
12502	1.1242e-010
12503	1.1531e-010
12504	1.1766e-010
12505	1.2052e-010
12506	1.2319e-010
12507	1.2588e-010
12508	1.293e-010
12509	1.3179e-010
12510	1.3551e-010
12511	1.3785e-010
12512	1.4092e-010
12513	1.4457e-010
12514	1.4736e-010
12515	1.508e-010
12516	1.5438e-010
12517	1.5751e-010
12518	1.6136e-010
12519	1.6526e-010
12520	1.6876e-010
12521	1.7207e-010
12522	1.7647e-010
12523	1.8027e-010
12524	1.8461e-010
12525	1.8848e-010
12526	1.9257e-010
12527	1.9715e-010
12528	2.0159e-010
12529	2.0616e-010
12530	2.1067e-010
12531	2.1561e-010
12532	2.2031e-010
12533	2.2518e-010
12534	2.3035e-010
12535	2.3548e-010
12536	2.4126e-010
12537	2.4621e-010
12538	2.5246e-010
12539	2.5797e-010
12540	2.6383e-010
12541	2.6928e-010
12542	2.7632e-010
12543	2.8303e-010
12544	2.8875e-010
12545	2.9593e-010
12546	2.966e-010
12547	2.8973e-010
12548	2.8469e-010
12549	2.7882e-010
12550	2.7142e-010
12551	2.6689e-010
12552	2.6175e-010
12553	2.5695e-010
12554	2.4959e-010
12555	2.4597e-010
12556	2.3948e-010
12557	2.3491e-010
12558	2.3009e-010
12559	2.255e-010
12560	2.2156e-010
12561	2.1615e-010
12562	2.1334e-010
12563	2.0975e-010
12564	2.0568e-010
12565	1.9859e-010
12566	1.9807e-010
12567	2.0147e-010
12568	1.9783e-010
12569	1.9607e-010
12570	1.8175e-010
12571	1.8963e-010
12572	1.9532e-010
12573	1.8086e-010
12574	1.7445e-010
12575	1.7345e-010
12576	1.6321e-010
12577	1.6882e-010
12578	1.7296e-010
12579	1.5453e-010
12580	1.6726e-010
12581	1.9134e-010
12582	1.6649e-010
12583	1.6122e-010
12584	1.4102e-010
12585	1.3808e-010
12586	1.3521e-010
12587	1.2662e-010
12588	1.3016e-010
12589	1.2395e-010
12590	1.2388e-010
12591	1.1577e-010
12592	1.1096e-010
12593	1.0681e-010
12594	1.0384e-010
12595	1.0268e-010
12596	1.1669e-010
12597	1.326e-010
12598	1.1474e-010
12599	1.0412e-010
12600	9.978e-011
12601	1.0961e-010
12602	1.286e-010
12603	1.2856e-010
12604	1.3311e-010
12605	1.4949e-010
12606	2.1964e-010
12607	2.6965e-010
12608	2.9168e-010
12609	5.8046e-010
12610	6.5346e-010
12611	1.5435e-010
12612	1.8321e-010
12613	9.1616e-011
12614	8.6447e-011
12615	9.4463e-011
12616	9.9305e-011
12617	1.0276e-010
12618	1.057e-010
12619	1.045e-010
12620	1.0595e-010
12621	1.0558e-010
12622	1.0493e-010
12623	1.0768e-010
12624	1.0663e-010
12625	1.1014e-010
12626	1.1041e-010
12627	1.1305e-010
12628	1.1543e-010
12629	1.1742e-010
12630	1.2119e-010
12631	1.2279e-010
12632	1.2704e-010
12633	1.2856e-010
12634	1.3278e-010
12635	1.3489e-010
12636	1.3828e-010
12637	1.4192e-010
12638	1.4384e-010
12639	1.493e-010
12640	1.5036e-010
12641	1.5562e-010
12642	1.5836e-010
12643	1.611e-010
12644	1.6635e-010
12645	1.6899e-010
12646	1.7242e-010
12647	1.7752e-010
12648	1.8148e-010
12649	1.8408e-010
12650	1.8968e-010
12651	1.9359e-010
12652	1.9785e-010
12653	2.0148e-010
12654	2.0683e-010
12655	2.1164e-010
12656	2.1649e-010
12657	2.2107e-010
12658	2.2594e-010
12659	2.311e-010
12660	2.3603e-010
12661	2.4173e-010
12662	2.472e-010
12663	2.5284e-010
12664	2.585e-010
12665	2.6442e-010
12666	2.7053e-010
12667	2.7592e-010
12668	2.8274e-010
12669	2.8934e-010
12670	2.96e-010
12671	3.0355e-010
12672	3.1065e-010
12673	3.1622e-010
12674	3.2246e-010
12675	3.338e-010
12676	3.3446e-010
12677	3.2337e-010
12678	3.1761e-010
12679	3.1389e-010
12680	3.0743e-010
12681	3.0019e-010
12682	2.9403e-010
12683	2.8769e-010
12684	2.7988e-010
12685	2.7593e-010
12686	2.6996e-010
12687	2.6452e-010
12688	2.5919e-010
12689	2.5408e-010
12690	2.4876e-010
12691	2.4223e-010
12692	2.3916e-010
12693	2.3535e-010
12694	2.3143e-010
12695	2.2755e-010
12696	2.2549e-010
12697	2.2498e-010
12698	2.1469e-010
12699	2.1975e-010
12700	2.1041e-010
12701	2.1617e-010
12702	2.0733e-010
12703	2.0568e-010
12704	2.0382e-010
12705	1.8724e-010
12706	1.817e-010
12707	1.9994e-010
12708	1.8141e-010
12709	1.7714e-010
12710	1.9722e-010
12711	1.9231e-010
12712	2.0119e-010
12713	1.647e-010
12714	1.6723e-010
12715	1.6045e-010
12716	1.4755e-010
12717	1.496e-010
12718	1.3798e-010
12719	1.4876e-010
12720	1.3204e-010
12721	1.3708e-010
12722	1.2244e-010
12723	1.2366e-010
12724	1.2011e-010
12725	1.1402e-010
12726	1.3855e-010
12727	1.3407e-010
12728	1.378e-010
12729	1.1127e-010
12730	1.1594e-010
12731	1.2926e-010
12732	1.3353e-010
12733	1.5223e-010
12734	1.5633e-010
12735	1.8673e-010
12736	2.394e-010
12737	3.0411e-010
12738	3.2357e-010
12739	7.2865e-010
12740	4.5302e-010
12741	1.8291e-010
12742	1.512e-010
12743	6.7009e-011
12744	6.6654e-011
12745	7.9617e-011
12746	8.7193e-011
12747	9.1212e-011
12748	9.3842e-011
12749	9.5034e-011
12750	9.4173e-011
12751	9.4222e-011
12752	9.471e-011
12753	9.5158e-011
12754	9.6776e-011
12755	9.737e-011
12756	9.8811e-011
12757	1.0057e-010
12758	1.0275e-010
12759	1.0508e-010
12760	1.0744e-010
12761	1.1016e-010
12762	1.1244e-010
12763	1.1531e-010
12764	1.1764e-010
12765	1.205e-010
12766	1.2317e-010
12767	1.2586e-010
12768	1.2928e-010
12769	1.3177e-010
12770	1.3551e-010
12771	1.3786e-010
12772	1.4094e-010
12773	1.446e-010
12774	1.4738e-010
12775	1.5082e-010
12776	1.5441e-010
12777	1.5756e-010
12778	1.6142e-010
12779	1.6529e-010
12780	1.688e-010
12781	1.721e-010
12782	1.7647e-010
12783	1.8031e-010
12784	1.8459e-010
12785	1.8842e-010
12786	1.9244e-010
12787	1.97e-010
12788	2.0151e-010
12789	2.0617e-010
12790	2.1066e-010
12791	2.1564e-010
12792	2.2029e-010
12793	2.2526e-010
12794	2.3041e-010
12795	2.3552e-010
12796	2.4127e-010
12797	2.4622e-010
12798	2.5252e-010
12799	2.5801e-010
12800	2.6376e-010
12801	2.692e-010
12802	2.763e-010
12803	2.8301e-010
12804	2.8882e-010
12805	2.959e-010
12806	2.9658e-010
12807	2.8969e-010
12808	2.8475e-010
12809	2.788e-010
12810	2.7145e-010
12811	2.669e-010
12812	2.6175e-010
12813	2.5695e-010
12814	2.4965e-010
12815	2.459e-010
12816	2.3956e-010
12817	2.3485e-010
12818	2.2998e-010
12819	2.2545e-010
12820	2.2156e-010
12821	2.1626e-010
12822	2.1333e-010
12823	2.0981e-010
12824	2.0567e-010
12825	1.9857e-010
12826	1.9819e-010
12827	2.0127e-010
12828	1.9782e-010
12829	1.9584e-010
12830	1.8171e-010
12831	1.9091e-010
12832	1.959e-010
12833	1.8205e-010
12834	1.7435e-010
12835	1.7342e-010
12836	1.6321e-010
12837	1.6885e-010
12838	1.7295e-010
12839	1.5453e-010
12840	1.6726e-010
12841	1.9128e-010
12842	1.6649e-010
12843	1.6117e-010
12844	1.4099e-010
12845	1.38e-010
12846	1.3513e-010
12847	1.2658e-010
12848	1.3011e-010
12849	1.2391e-010
12850	1.2383e-010
12851	1.1574e-010
12852	1.1093e-010
12853	1.0678e-010
12854	1.0382e-010
12855	1.0266e-010
12856	1.1667e-010
12857	1.3255e-010
12858	1.1473e-010
12859	1.041e-010
12860	9.9781e-011
12861	1.0961e-010
12862	1.2858e-010
12863	1.2854e-010
12864	1.3308e-010
12865	1.4947e-010
12866	2.1961e-010
12867	2.6961e-010
12868	2.9163e-010
12869	5.803e-010
12870	6.533e-010
12871	1.8291e-010
12872	1.512e-010
12873	6.7009e-011
12874	6.6654e-011
12875	7.9617e-011
12876	8.7193e-011
12877	9.1212e-011
12878	9.3842e-011
12879	9.5034e-011
12880	9.4173e-011
12881	9.4222e-011
12882	9.471e-011
12883	9.5158e-011
12884	9.6776e-011
12885	9.737e-011
12886	9.8811e-011
12887	1.0057e-010
12888	1.0275e-010
12889	1.0508e-010
12890	1.0744e-010
12891	1.1016e-010
12892	1.1244e-010
12893	1.1531e-010
12894	1.1764e-010
12895	1.205e-010
12896	1.2317e-010
12897	1.2586e-010
12898	1.2928e-010
12899	1.3177e-010
12900	1.3551e-010
12901	1.3786e-010
12902	1.4094e-010
12903	1.446e-010
12904	1.4738e-010
12905	1.5082e-010
12906	1.5441e-010
12907	1.5756e-010
12908	1.6142e-010
12909	1.6529e-010
12910	1.688e-010
12911	1.721e-010
12912	1.7647e-010
12913	1.8031e-010
12914	1.8459e-010
12915	1.8842e-010
12916	1.9245e-010
12917	1.97e-010
12918	2.0151e-010
12919	2.0617e-010
12920	2.1066e-010
12921	2.1564e-010
12922	2.2029e-010
12923	2.2526e-010
12924	2.3041e-010
12925	2.3552e-010
12926	2.4127e-010
12927	2.4622e-010
12928	2.5252e-010
12929	2.5801e-010
12930	2.6376e-010
12931	2.692e-010
12932	2.763e-010
12933	2.8301e-010
12934	2.8882e-010
12935	2.959e-010
12936	2.9658e-010
12937	2.8969e-010
12938	2.8475e-010
12939	2.788e-010
12940	2.7145e-010
12941	2.669e-010
12942	2.6175e-010
12943	2.5695e-010
12944	2.4965e-010
12945	2.459e-010
12946	2.3956e-010
12947	2.3485e-010
12948	2.2998e-010
12949	2.2546e-010
12950	2.2153e-010
12951	2.1627e-010
12952	2.1331e-010
12953	2.0982e-010
12954	2.0565e-010
12955	1.986e-010
12956	1.9811e-010
12957	2.0148e-010
12958	1.9755e-010
12959	1.9603e-010
12960	1.8185e-010
12961	1.9056e-010
12962	1.9803e-010
12963	1.8167e-010
12964	1.7455e-010
12965	1.7342e-010
12966	1.6322e-010
12967	1.6884e-010
12968	1.7295e-010
12969	1.5453e-010
12970	1.6726e-010
12971	1.9128e-010
12972	1.6649e-010
12973	1.6117e-010
12974	1.4099e-010
12975	1.38e-010
12976	1.3513e-010
12977	1.2658e-010
12978	1.3011e-010
12979	1.2391e-010
12980	1.2383e-010
12981	1.1574e-010
12982	1.1093e-010
12983	1.0678e-010
12984	1.0382e-010
12985	1.0266e-010
12986	1.1667e-010
12987	1.3255e-010
12988	1.1473e-010
12989	1.041e-010
12990	9.9781e-011
12991	1.0961e-010
12992	1.2858e-010
12993	1.2854e-010
12994	1.3308e-010
12995	1.4947e-010
12996	2.1961e-010
12997	2.6961e-010
12998	2.9163e-010
12999	5.803e-010
13000	6.533e-010
13001	1.5435e-010
13002	1.8321e-010
13003	9.1616e-011
13004	8.6447e-011
13005	9.4463e-011
13006	9.9305e-011
13007	1.0276e-010
13008	1.057e-010
13009	1.045e-010
13010	1.0595e-010
13011	1.0558e-010
13012	1.0493e-010
13013	1.0768e-010
13014	1.0663e-010
13015	1.1014e-010
13016	1.1041e-010
13017	1.1305e-010
13018	1.1543e-010
13019	1.1743e-010
13020	1.2119e-010
13021	1.2279e-010
13022	1.2704e-010
13023	1.2856e-010
13024	1.3278e-010
13025	1.3489e-010
13026	1.3828e-010
13027	1.4192e-010
13028	1.4384e-010
13029	1.493e-010
13030	1.5036e-010
13031	1.5562e-010
13032	1.5836e-010
13033	1.611e-010
13034	1.6635e-010
13035	1.6899e-010
13036	1.7242e-010
13037	1.7752e-010
13038	1.8148e-010
13039	1.8407e-010
13040	1.8968e-010
13041	1.9359e-010
13042	1.9785e-010
13043	2.0148e-010
13044	2.0683e-010
13045	2.1164e-010
13046	2.1649e-010
13047	2.2107e-010
13048	2.2595e-010
13049	2.311e-010
13050	2.3603e-010
13051	2.4173e-010
13052	2.472e-010
13053	2.5284e-010
13054	2.585e-010
13055	2.6442e-010
13056	2.7053e-010
13057	2.7592e-010
13058	2.8274e-010
13059	2.8934e-010
13060	2.96e-010
13061	3.0355e-010
13062	3.1065e-010
13063	3.1622e-010
13064	3.2246e-010
13065	3.338e-010
13066	3.3446e-010
13067	3.2337e-010
13068	3.1761e-010
13069	3.1389e-010
13070	3.0743e-010
13071	3.0019e-010
13072	2.9403e-010
13073	2.8769e-010
13074	2.7988e-010
13075	2.7593e-010
13076	2.6996e-010
13077	2.6451e-010
13078	2.5919e-010
13079	2.5407e-010
13080	2.4879e-010
13081	2.422e-010
13082	2.3919e-010
13083	2.3534e-010
13084	2.3143e-010
13085	2.2753e-010
13086	2.2555e-010
13087	2.2503e-010
13088	2.1426e-010
13089	2.1972e-010
13090	2.1042e-010
13091	2.175e-010
13092	2.0715e-010
13093	2.0692e-010
13094	2.038e-010
13095	1.8721e-010
13096	1.8171e-010
13097	1.9994e-010
13098	1.8141e-010
13099	1.7714e-010
13100	1.9722e-010
13101	1.9231e-010
13102	2.0119e-010
13103	1.647e-010
13104	1.6723e-010
13105	1.6045e-010
13106	1.4755e-010
13107	1.496e-010
13108	1.3798e-010
13109	1.4876e-010
13110	1.3204e-010
13111	1.3708e-010
13112	1.2244e-010
13113	1.2366e-010
13114	1.2011e-010
13115	1.1402e-010
13116	1.3855e-010
13117	1.3407e-010
13118	1.378e-010
13119	1.1127e-010
13120	1.1594e-010
13121	1.2926e-010
13122	1.3353e-010
13123	1.5223e-010
13124	1.5633e-010
13125	1.8673e-010
13126	2.394e-010
13127	3.0411e-010
13128	3.2357e-010
13129	7.2865e-010
13130	4.5302e-010
13131	1.8289e-010
13132	1.5117e-010
13133	6.701e-011
13134	6.6647e-011
13135	7.9598e-011
13136	8.7166e-011
13137	9.119e-011
13138	9.3836e-011
13139	9.5041e-011
13140	9.4183e-011
13141	9.4227e-011
13142	9.4712e-011
13143	9.5172e-011
13144	9.6804e-011
13145	9.7408e-011
13146	9.8861e-011
13147	1.0061e-010
13148	1.0273e-010
13149	1.0503e-010
13150	1.0739e-010
13151	1.1012e-010
13152	1.1242e-010
13153	1.1531e-010
13154	1.1766e-010
13155	1.2052e-010
13156	1.2319e-010
13157	1.2588e-010
13158	1.293e-010
13159	1.3179e-010
13160	1.3551e-010
13161	1.3785e-010
13162	1.4092e-010
13163	1.4457e-010
13164	1.4736e-010
13165	1.508e-010
13166	1.5438e-010
13167	1.575e-010
13168	1.6136e-010
13169	1.6526e-010
13170	1.6876e-010
13171	1.7207e-010
13172	1.7647e-010
13173	1.8027e-010
13174	1.8461e-010
13175	1.8848e-010
13176	1.9257e-010
13177	1.9715e-010
13178	2.0159e-010
13179	2.0616e-010
13180	2.1067e-010
13181	2.1561e-010
13182	2.2031e-010
13183	2.2518e-010
13184	2.3035e-010
13185	2.3548e-010
13186	2.4126e-010
13187	2.4621e-010
13188	2.5246e-010
13189	2.5797e-010
13190	2.6383e-010
13191	2.6928e-010
13192	2.7632e-010
13193	2.8303e-010
13194	2.8875e-010
13195	2.9593e-010
13196	2.966e-010
13197	2.8973e-010
13198	2.8469e-010
13199	2.7882e-010
13200	2.7142e-010
13201	2.6689e-010
13202	2.6175e-010
13203	2.5695e-010
13204	2.4959e-010
13205	2.4597e-010
13206	2.3948e-010
13207	2.3491e-010
13208	2.3008e-010
13209	2.2551e-010
13210	2.2153e-010
13211	2.1625e-010
13212	2.133e-010
13213	2.0976e-010
13214	2.0566e-010
13215	1.986e-010
13216	1.9814e-010
13217	2.0131e-010
13218	1.9779e-010
13219	1.959e-010
13220	1.8165e-010
13221	1.9014e-010
13222	1.9523e-010
13223	1.8133e-010
13224	1.7433e-010
13225	1.7346e-010
13226	1.632e-010
13227	1.6882e-010
13228	1.7296e-010
13229	1.5453e-010
13230	1.6726e-010
13231	1.9134e-010
13232	1.6649e-010
13233	1.6122e-010
13234	1.4102e-010
13235	1.3808e-010
13236	1.3521e-010
13237	1.2662e-010
13238	1.3016e-010
13239	1.2395e-010
13240	1.2388e-010
13241	1.1577e-010
13242	1.1096e-010
13243	1.0681e-010
13244	1.0384e-010
13245	1.0268e-010
13246	1.1669e-010
13247	1.326e-010
13248	1.1474e-010
13249	1.0412e-010
13250	9.978e-011
13251	1.0961e-010
13252	1.286e-010
13253	1.2856e-010
13254	1.3311e-010
13255	1.4949e-010
13256	2.1964e-010
13257	2.6965e-010
13258	2.9168e-010
13259	5.8046e-010
13260	6.5346e-010
13261	1.8287e-010
13262	1.5117e-010
13263	6.6988e-011
13264	6.6614e-011
13265	7.9553e-011
13266	8.7109e-011
13267	9.1134e-011
13268	9.3798e-011
13269	9.5015e-011
13270	9.4149e-011
13271	9.4164e-011
13272	9.4629e-011
13273	9.5087e-011
13274	9.6728e-011
13275	9.737e-011
13276	9.8868e-011
13277	1.0062e-010
13278	1.0272e-010
13279	1.05e-010
13280	1.0736e-010
13281	1.101e-010
13282	1.1242e-010
13283	1.1533e-010
13284	1.1768e-010
13285	1.2053e-010
13286	1.2317e-010
13287	1.2583e-010
13288	1.2924e-010
13289	1.3168e-010
13290	1.3539e-010
13291	1.378e-010
13292	1.409e-010
13293	1.4452e-010
13294	1.4728e-010
13295	1.5074e-010
13296	1.5437e-010
13297	1.5745e-010
13298	1.6122e-010
13299	1.6517e-010
13300	1.6872e-010
13301	1.721e-010
13302	1.7644e-010
13303	1.8015e-010
13304	1.8439e-010
13305	1.8827e-010
13306	1.924e-010
13307	1.97e-010
13308	2.0151e-010
13309	2.0606e-010
13310	2.1047e-010
13311	2.1548e-010
13312	2.2025e-010
13313	2.2517e-010
13314	2.3034e-010
13315	2.3554e-010
13316	2.4135e-010
13317	2.4625e-010
13318	2.5249e-010
13319	2.5813e-010
13320	2.6386e-010
13321	2.6927e-010
13322	2.7645e-010
13323	2.8316e-010
13324	2.8897e-010
13325	2.9601e-010
13326	2.9682e-010
13327	2.8993e-010
13328	2.8487e-010
13329	2.7883e-010
13330	2.7134e-010
13331	2.6684e-010
13332	2.6184e-010
13333	2.5706e-010
13334	2.4969e-010
13335	2.4602e-010
13336	2.3958e-010
13337	2.3483e-010
13338	2.2999e-010
13339	2.2549e-010
13340	2.2142e-010
13341	2.1618e-010
13342	2.1321e-010
13343	2.0972e-010
13344	2.0564e-010
13345	1.9857e-010
13346	1.9797e-010
13347	2.0169e-010
13348	1.9561e-010
13349	1.9618e-010
13350	1.8155e-010
13351	1.8959e-010
13352	1.9527e-010
13353	1.8084e-010
13354	1.7439e-010
13355	1.7357e-010
13356	1.6334e-010
13357	1.6894e-010
13358	1.7307e-010
13359	1.5468e-010
13360	1.6745e-010
13361	1.9156e-010
13362	1.6671e-010
13363	1.6146e-010
13364	1.4121e-010
13365	1.383e-010
13366	1.3542e-010
13367	1.2682e-010
13368	1.3036e-010
13369	1.2412e-010
13370	1.2406e-010
13371	1.1593e-010
13372	1.1111e-010
13373	1.0695e-010
13374	1.0397e-010
13375	1.028e-010
13376	1.1678e-010
13377	1.3267e-010
13378	1.1479e-010
13379	1.0416e-010
13380	9.9825e-011
13381	1.0967e-010
13382	1.2868e-010
13383	1.2863e-010
13384	1.332e-010
13385	1.4958e-010
13386	2.1974e-010
13387	2.6974e-010
13388	2.9177e-010
13389	5.8056e-010
13390	6.5366e-010
13391	1.5434e-010
13392	1.8316e-010
13393	9.1598e-011
13394	8.6413e-011
13395	9.442e-011
13396	9.9256e-011
13397	1.0271e-010
13398	1.0564e-010
13399	1.0445e-010
13400	1.0589e-010
13401	1.0552e-010
13402	1.0487e-010
13403	1.076e-010
13404	1.0657e-010
13405	1.101e-010
13406	1.1041e-010
13407	1.1305e-010
13408	1.1539e-010
13409	1.1736e-010
13410	1.2114e-010
13411	1.2276e-010
13412	1.2703e-010
13413	1.2856e-010
13414	1.328e-010
13415	1.349e-010
13416	1.3825e-010
13417	1.419e-010
13418	1.4382e-010
13419	1.4917e-010
13420	1.5016e-010
13421	1.5557e-010
13422	1.5837e-010
13423	1.6095e-010
13424	1.6616e-010
13425	1.6886e-010
13426	1.7231e-010
13427	1.7735e-010
13428	1.8127e-010
13429	1.838e-010
13430	1.8973e-010
13431	1.9369e-010
13432	1.9785e-010
13433	2.0131e-010
13434	2.0651e-010
13435	2.1141e-010
13436	2.1627e-010
13437	2.2089e-010
13438	2.2589e-010
13439	2.3099e-010
13440	2.3585e-010
13441	2.4149e-010
13442	2.471e-010
13443	2.5268e-010
13444	2.5845e-010
13445	2.6436e-010
13446	2.7055e-010
13447	2.7601e-010
13448	2.8285e-010
13449	2.8945e-010
13450	2.9599e-010
13451	3.0357e-010
13452	3.109e-010
13453	3.1639e-010
13454	3.2276e-010
13455	3.3415e-010
13456	3.349e-010
13457	3.2388e-010
13458	3.1794e-010
13459	3.1408e-010
13460	3.0736e-010
13461	3.0015e-010
13462	2.9422e-010
13463	2.8781e-010
13464	2.7997e-010
13465	2.7609e-010
13466	2.7003e-010
13467	2.6445e-010
13468	2.5913e-010
13469	2.5394e-010
13470	2.4863e-010
13471	2.421e-010
13472	2.3917e-010
13473	2.3533e-010
13474	2.3144e-010
13475	2.2749e-010
13476	2.2543e-010
13477	2.2347e-010
13478	2.133e-010
13479	2.1808e-010
13480	2.1041e-010
13481	2.1583e-010
13482	2.0641e-010
13483	2.0546e-010
13484	2.039e-010
13485	1.8732e-010
13486	1.8189e-010
13487	2.001e-010
13488	1.8156e-010
13489	1.7736e-010
13490	1.9752e-010
13491	1.9266e-010
13492	2.0155e-010
13493	1.6507e-010
13494	1.6761e-010
13495	1.609e-010
13496	1.4793e-010
13497	1.4993e-010
13498	1.3832e-010
13499	1.4907e-010
13500	1.3238e-010
13501	1.3738e-010
13502	1.2272e-010
13503	1.239e-010
13504	1.2031e-010
13505	1.1419e-010
13506	1.3869e-010
13507	1.3419e-010
13508	1.3789e-010
13509	1.1134e-010
13510	1.1601e-010
13511	1.2936e-010
13512	1.3362e-010
13513	1.5236e-010
13514	1.5648e-010
13515	1.8691e-010
13516	2.3959e-010
13517	3.0429e-010
13518	3.2379e-010
13519	7.2905e-010
13520	4.5318e-010
13521	1.8287e-010
13522	1.5117e-010
13523	6.6988e-011
13524	6.6614e-011
13525	7.9553e-011
13526	8.7109e-011
13527	9.1134e-011
13528	9.3798e-011
13529	9.5015e-011
13530	9.4149e-011
13531	9.4164e-011
13532	9.4629e-011
13533	9.5087e-011
13534	9.6728e-011
13535	9.737e-011
13536	9.8868e-011
13537	1.0062e-010
13538	1.0272e-010
13539	1.05e-010
13540	1.0736e-010
13541	1.101e-010
13542	1.1242e-010
13543	1.1533e-010
13544	1.1768e-010
13545	1.2053e-010
13546	1.2317e-010
13547	1.2583e-010
13548	1.2924e-010
13549	1.3168e-010
13550	1.3539e-010
13551	1.378e-010
13552	1.409e-010
13553	1.4452e-010
13554	1.4728e-010
13555	1.5074e-010
13556	1.5437e-010
13557	1.5746e-010
13558	1.6116e-010
13559	1.6521e-010
13560	1.6865e-010
13561	1.721e-010
13562	1.7645e-010
13563	1.8015e-010
13564	1.8439e-010
13565	1.8827e-010
13566	1.924e-010
13567	1.97e-010
13568	2.0151e-010
13569	2.0606e-010
13570	2.1047e-010
13571	2.1548e-010
13572	2.2025e-010
13573	2.2517e-010
13574	2.3034e-010
13575	2.3554e-010
13576	2.4135e-010
13577	2.4625e-010
13578	2.5249e-010
13579	2.5813e-010
13580	2.6386e-010
13581	2.6927e-010
13582	2.7645e-010
13583	2.8316e-010
13584	2.8897e-010
13585	2.9601e-010
13586	2.9682e-010
13587	2.8993e-010
13588	2.8487e-010
13589	2.7883e-010
13590	2.7134e-010
13591	2.6684e-010
13592	2.6185e-010
13593	2.5706e-010
13594	2.4969e-010
13595	2.4602e-010
13596	2.3958e-010
13597	2.3483e-010
13598	2.2999e-010
13599	2.2549e-010
13600	2.2142e-010
13601	2.1618e-010
13602	2.1321e-010
13603	2.0972e-010
13604	2.0564e-010
13605	1.9856e-010
13606	1.9805e-010
13607	2.0146e-010
13608	1.9566e-010
13609	1.9595e-010
13610	1.8159e-010
13611	1.8956e-010
13612	1.9516e-010
13613	1.8082e-010
13614	1.7437e-010
13615	1.7359e-010
13616	1.6333e-010
13617	1.6894e-010
13618	1.7307e-010
13619	1.5468e-010
13620	1.6745e-010
13621	1.9156e-010
13622	1.6671e-010
13623	1.6146e-010
13624	1.4121e-010
13625	1.383e-010
13626	1.3542e-010
13627	1.2682e-010
13628	1.3036e-010
13629	1.2412e-010
13630	1.2406e-010
13631	1.1593e-010
13632	1.1111e-010
13633	1.0695e-010
13634	1.0397e-010
13635	1.028e-010
13636	1.1678e-010
13637	1.3267e-010
13638	1.1479e-010
13639	1.0416e-010
13640	9.9825e-011
13641	1.0967e-010
13642	1.2868e-010
13643	1.2863e-010
13644	1.332e-010
13645	1.4958e-010
13646	2.1974e-010
13647	2.6974e-010
13648	2.9177e-010
13649	5.8056e-010
13650	6.5366e-010
13651	1.8289e-010
13652	1.5117e-010
13653	6.701e-011
13654	6.6647e-011
13655	7.9598e-011
13656	8.7166e-011
13657	9.119e-011
13658	9.3836e-011
13659	9.5041e-011
13660	9.4183e-011
13661	9.4227e-011
13662	9.4712e-011
13663	9.5172e-011
13664	9.6804e-011
13665	9.7408e-011
13666	9.8861e-011
13667	1.0061e-010
13668	1.0273e-010
13669	1.0503e-010
13670	1.0739e-010
13671	1.1012e-010
13672	1.1242e-010
13673	1.1531e-010
13674	1.1766e-010
13675	1.2052e-010
13676	1.2319e-010
13677	1.2588e-010
13678	1.293e-010
13679	1.3179e-010
13680	1.3551e-010
13681	1.3785e-010
13682	1.4092e-010
13683	1.4457e-010
13684	1.4736e-010
13685	1.508e-010
13686	1.5439e-010
13687	1.5751e-010
13688	1.6133e-010
13689	1.652e-010
13690	1.6873e-010
13691	1.7208e-010
13692	1.7647e-010
13693	1.8027e-010
13694	1.8461e-010
13695	1.8848e-010
13696	1.9257e-010
13697	1.9715e-010
13698	2.0159e-010
13699	2.0616e-010
13700	2.1067e-010
13701	2.1561e-010
13702	2.2031e-010
13703	2.2518e-010
13704	2.3035e-010
13705	2.3548e-010
13706	2.4126e-010
13707	2.4621e-010
13708	2.5246e-010
13709	2.5797e-010
13710	2.6383e-010
13711	2.6928e-010
13712	2.7632e-010
13713	2.8303e-010
13714	2.8875e-010
13715	2.9593e-010
13716	2.966e-010
13717	2.8973e-010
13718	2.8469e-010
13719	2.7882e-010
13720	2.7142e-010
13721	2.6689e-010
13722	2.6175e-010
13723	2.5695e-010
13724	2.4959e-010
13725	2.4597e-010
13726	2.3948e-010
13727	2.3491e-010
13728	2.3008e-010
13729	2.2551e-010
13730	2.2153e-010
13731	2.1625e-010
13732	2.133e-010
13733	2.0976e-010
13734	2.0565e-010
13735	1.9863e-010
13736	1.9809e-010
13737	2.0144e-010
13738	1.9747e-010
13739	1.96e-010
13740	1.8171e-010
13741	1.895e-010
13742	1.9535e-010
13743	1.8069e-010
13744	1.7444e-010
13745	1.7347e-010
13746	1.6321e-010
13747	1.6882e-010
13748	1.7296e-010
13749	1.5453e-010
13750	1.6726e-010
13751	1.9134e-010
13752	1.6649e-010
13753	1.6122e-010
13754	1.4102e-010
13755	1.3808e-010
13756	1.3521e-010
13757	1.2662e-010
13758	1.3016e-010
13759	1.2395e-010
13760	1.2388e-010
13761	1.1577e-010
13762	1.1096e-010
13763	1.0681e-010
13764	1.0384e-010
13765	1.0268e-010
13766	1.1669e-010
13767	1.326e-010
13768	1.1474e-010
13769	1.0412e-010
13770	9.978e-011
13771	1.0961e-010
13772	1.286e-010
13773	1.2856e-010
13774	1.3311e-010
13775	1.4949e-010
13776	2.1964e-010
13777	2.6965e-010
13778	2.9168e-010
13779	5.8046e-010
13780	6.5346e-010
13781	1.5435e-010
13782	1.8321e-010
13783	9.1616e-011
13784	8.6447e-011
13785	9.4463e-011
13786	9.9305e-011
13787	1.0276e-010
13788	1.057e-010
13789	1.045e-010
13790	1.0595e-010
13791	1.0558e-010
13792	1.0493e-010
13793	1.0768e-010
13794	1.0663e-010
13795	1.1014e-010
13796	1.1041e-010
13797	1.1305e-010
13798	1.1543e-010
13799	1.1743e-010
13800	1.2119e-010
13801	1.2279e-010
13802	1.2704e-010
13803	1.2856e-010
13804	1.3278e-010
13805	1.3489e-010
13806	1.3828e-010
13807	1.4192e-010
13808	1.4384e-010
13809	1.493e-010
13810	1.5036e-010
13811	1.5562e-010
13812	1.5836e-010
13813	1.611e-010
13814	1.6635e-010
13815	1.6899e-010
13816	1.7242e-010
13817	1.7753e-010
13818	1.8135e-010
13819	1.8419e-010
13820	1.8955e-010
13821	1.936e-010
13822	1.9785e-010
13823	2.0148e-010
13824	2.0683e-010
13825	2.1164e-010
13826	2.1649e-010
13827	2.2107e-010
13828	2.2594e-010
13829	2.311e-010
13830	2.3603e-010
13831	2.4173e-010
13832	2.472e-010
13833	2.5284e-010
13834	2.585e-010
13835	2.6442e-010
13836	2.7053e-010
13837	2.7592e-010
13838	2.8274e-010
13839	2.8934e-010
13840	2.96e-010
13841	3.0355e-010
13842	3.1065e-010
13843	3.1622e-010
13844	3.2246e-010
13845	3.338e-010
13846	3.3446e-010
13847	3.2337e-010
13848	3.1761e-010
13849	3.1389e-010
13850	3.0743e-010
13851	3.0019e-010
13852	2.9403e-010
13853	2.8769e-010
13854	2.7988e-010
13855	2.7593e-010
13856	2.6996e-010
13857	2.6452e-010
13858	2.5919e-010
13859	2.5407e-010
13860	2.4879e-010
13861	2.422e-010
13862	2.3918e-010
13863	2.3534e-010
13864	2.3142e-010
13865	2.2755e-010
13866	2.2551e-010
13867	2.2512e-010
13868	2.1428e-010
13869	2.1983e-010
13870	2.1043e-010
13871	2.1615e-010
13872	2.0681e-010
13873	2.0565e-010
13874	2.0383e-010
13875	1.8722e-010
13876	1.817e-010
13877	1.9994e-010
13878	1.8141e-010
13879	1.7714e-010
13880	1.9722e-010
13881	1.9231e-010
13882	2.0119e-010
13883	1.647e-010
13884	1.6723e-010
13885	1.6045e-010
13886	1.4755e-010
13887	1.496e-010
13888	1.3798e-010
13889	1.4876e-010
13890	1.3204e-010
13891	1.3708e-010
13892	1.2244e-010
13893	1.2366e-010
13894	1.2011e-010
13895	1.1402e-010
13896	1.3855e-010
13897	1.3407e-010
13898	1.378e-010
13899	1.1127e-010
13900	1.1594e-010
13901	1.2926e-010
13902	1.3353e-010
13903	1.5223e-010
13904	1.5633e-010
13905	1.8673e-010
13906	2.394e-010
13907	3.0411e-010
13908	3.2357e-010
13909	7.2865e-010
13910	4.5302e-010
13911	1.8291e-010
13912	1.512e-010
13913	6.7009e-011
13914	6.6654e-011
13915	7.9617e-011
13916	8.7193e-011
13917	9.1212e-011
13918	9.3842e-011
13919	9.5034e-011
13920	9.4173e-011
13921	9.4222e-011
13922	9.471e-011
13923	9.5158e-011
13924	9.6776e-011
13925	9.737e-011
13926	9.8811e-011
13927	1.0057e-010
13928	1.0275e-010
13929	1.0508e-010
13930	1.0744e-010
13931	1.1016e-010
13932	1.1244e-010
13933	1.1531e-010
13934	1.1764e-010
13935	1.205e-010
13936	1.2317e-010
13937	1.2586e-010
13938	1.2928e-010
13939	1.3177e-010
13940	1.3551e-010
13941	1.3786e-010
13942	1.4094e-010
13943	1.446e-010
13944	1.4738e-010
13945	1.5082e-010
13946	1.5441e-010
13947	1.5756e-010
13948	1.6137e-010
13949	1.6524e-010
13950	1.6873e-010
13951	1.721e-010
13952	1.7647e-010
13953	1.8031e-010
13954	1.8459e-010
13955	1.8842e-010
13956	1.9244e-010
13957	1.97e-010
13958	2.0151e-010
13959	2.0617e-010
13960	2.1066e-010
13961	2.1564e-010
13962	2.2029e-010
13963	2.2526e-010
13964	2.3041e-010
13965	2.3552e-010
13966	2.4127e-010
13967	2.4622e-010
13968	2.5252e-010
13969	2.5801e-010
13970	2.6376e-010
13971	2.692e-010
13972	2.763e-010
13973	2.8301e-010
13974	2.8882e-010
13975	2.959e-010
13976	2.9658e-010
13977	2.8969e-010
13978	2.8475e-010
13979	2.788e-010
13980	2.7145e-010
13981	2.669e-010
13982	2.6175e-010
13983	2.5695e-010
13984	2.4965e-010
13985	2.459e-010
13986	2.3956e-010
13987	2.3485e-010
13988	2.2998e-010
13989	2.2546e-010
13990	2.2154e-010
13991	2.1626e-010
13992	2.1331e-010
13993	2.0982e-010
13994	2.0565e-010
13995	1.9861e-010
13996	1.9812e-010
13997	2.0147e-010
13998	1.9775e-010
13999	1.9606e-010
14000	1.8177e-010
14001	1.8948e-010
14002	1.9547e-010
14003	1.8069e-010
14004	1.7444e-010
14005	1.7343e-010
14006	1.6321e-010
14007	1.6885e-010
14008	1.7295e-010
14009	1.5453e-010
14010	1.6726e-010
14011	1.9128e-010
14012	1.6649e-010
14013	1.6117e-010
14014	1.4099e-010
14015	1.38e-010
14016	1.3513e-010
14017	1.2658e-010
14018	1.3011e-010
14019	1.2391e-010
14020	1.2383e-010
14021	1.1574e-010
14022	1.1093e-010
14023	1.0678e-010
14024	1.0382e-010
14025	1.0266e-010
14026	1.1667e-010
14027	1.3255e-010
14028	1.1473e-010
14029	1.041e-010
14030	9.9781e-011
14031	1.0961e-010
14032	1.2858e-010
14033	1.2854e-010
14034	1.3308e-010
14035	1.4947e-010
14036	2.1961e-010
14037	2.6961e-010
14038	2.9163e-010
14039	5.803e-010
14040	6.533e-010
14041	3.056e-010
14042	1.7044e-010
14043	1.9863e-010
14044	2.504e-010
14045	2.7611e-010
14046	2.9697e-010
14047	3.1184e-010
14048	3.2068e-010
14049	3.2327e-010
14050	3.245e-010
14051	3.2392e-010
14052	3.232e-010
14053	3.2664e-010
14054	3.2668e-010
14055	3.3291e-010
14056	3.3624e-010
14057	3.4315e-010
14058	3.5049e-010
14059	3.5735e-010
14060	3.6696e-010
14061	3.7374e-010
14062	3.846e-010
14063	3.9168e-010
14064	4.026e-010
14065	4.1059e-010
14066	4.2071e-010
14067	4.3089e-010
14068	4.3911e-010
14069	4.5217e-010
14070	4.5868e-010
14071	4.7224e-010
14072	4.8176e-010
14073	4.9109e-010
14074	5.0497e-010
14075	5.146e-010
14076	5.2551e-010
14077	5.3965e-010
14078	5.5161e-010
14079	5.6114e-010
14080	5.7691e-010
14081	5.8935e-010
14082	6.028e-010
14083	6.1407e-010
14084	6.3011e-010
14085	6.4428e-010
14086	6.5886e-010
14087	6.7349e-010
14088	6.8861e-010
14089	7.0443e-010
14090	7.192e-010
14091	7.3644e-010
14092	7.5306e-010
14093	7.6976e-010
14094	7.8737e-010
14095	8.0511e-010
14096	8.2451e-010
14097	8.3999e-010
14098	8.6146e-010
14099	8.8014e-010
14100	8.9987e-010
14101	9.2163e-010
14102	9.4421e-010
14103	9.61e-010
14104	9.782e-010
14105	1.0129e-009
14106	1.0149e-009
14107	9.8009e-010
14108	9.6344e-010
14109	9.5017e-010
14110	9.2914e-010
14111	9.0776e-010
14112	8.8897e-010
14113	8.7217e-010
14114	8.4649e-010
14115	8.3718e-010
14116	8.1644e-010
14117	7.9941e-010
14118	7.8276e-010
14119	7.6706e-010
14120	7.5173e-010
14121	7.3043e-010
14122	7.2055e-010
14123	7.0459e-010
14124	6.8989e-010
14125	6.7617e-010
14126	6.6519e-010
14127	6.547e-010
14128	6.2623e-010
14129	6.292e-010
14130	6.1195e-010
14131	6.1358e-010
14132	5.7262e-010
14133	5.8429e-010
14134	5.7238e-010
14135	5.3766e-010
14136	5.2905e-010
14137	5.4422e-010
14138	5.0477e-010
14139	5.0246e-010
14140	5.1612e-010
14141	4.8476e-010
14142	5.0638e-010
14143	4.5033e-010
14144	4.5474e-010
14145	4.348e-010
14146	4.1543e-010
14147	4.1819e-010
14148	3.9509e-010
14149	4.0238e-010
14150	3.7579e-010
14151	3.797e-010
14152	3.5666e-010
14153	3.5411e-010
14154	3.442e-010
14155	3.3168e-010
14156	3.5221e-010
14157	3.3977e-010
14158	3.4634e-010
14159	3.1425e-010
14160	3.2038e-010
14161	3.5069e-010
14162	3.6717e-010
14163	3.9857e-010
14164	3.9017e-010
14165	5.4036e-010
14166	8.2209e-010
14167	8.8675e-010
14168	7.6972e-010
14169	1.2274e-009
14170	1.2434e-009
14171	3.1557e-010
14172	1.3827e-010
14173	2.0452e-010
14174	2.5116e-010
14175	2.7099e-010
14176	2.896e-010
14177	3.0263e-010
14178	3.093e-010
14179	3.1042e-010
14180	3.1221e-010
14181	3.1098e-010
14182	3.0943e-010
14183	3.1323e-010
14184	3.1179e-010
14185	3.1917e-010
14186	3.2192e-010
14187	3.2885e-010
14188	3.3572e-010
14189	3.4224e-010
14190	3.5191e-010
14191	3.578e-010
14192	3.6927e-010
14193	3.7507e-010
14194	3.8651e-010
14195	3.9335e-010
14196	4.0327e-010
14197	4.1358e-010
14198	4.199e-010
14199	4.3446e-010
14200	4.3833e-010
14201	4.536e-010
14202	4.6235e-010
14203	4.6982e-010
14204	4.8509e-010
14205	4.9321e-010
14206	5.0294e-010
14207	5.1823e-010
14208	5.2899e-010
14209	5.3672e-010
14210	5.5307e-010
14211	5.6597e-010
14212	5.7772e-010
14213	5.8797e-010
14214	6.0354e-010
14215	6.1798e-010
14216	6.322e-010
14217	6.4577e-010
14218	6.6006e-010
14219	6.749e-010
14220	6.892e-010
14221	7.0578e-010
14222	7.2196e-010
14223	7.3796e-010
14224	7.5466e-010
14225	7.7204e-010
14226	7.8986e-010
14227	8.0467e-010
14228	8.2487e-010
14229	8.4354e-010
14230	8.6326e-010
14231	8.8524e-010
14232	9.0559e-010
14233	9.1956e-010
14234	9.3739e-010
14235	9.7253e-010
14236	9.741e-010
14237	9.3872e-010
14238	9.2145e-010
14239	9.117e-010
14240	8.9363e-010
14241	8.7147e-010
14242	8.5248e-010
14243	8.344e-010
14244	8.1115e-010
14245	8.0175e-010
14246	7.8422e-010
14247	7.6741e-010
14248	7.5162e-010
14249	7.364e-010
14250	7.2015e-010
14251	6.9956e-010
14252	6.8958e-010
14253	6.7534e-010
14254	6.6238e-010
14255	6.5355e-010
14256	6.4258e-010
14257	6.2446e-010
14258	5.9597e-010
14259	6.0212e-010
14260	5.9758e-010
14261	5.8891e-010
14262	5.4142e-010
14263	5.6145e-010
14264	5.5972e-010
14265	5.0875e-010
14266	5.0689e-010
14267	5.3326e-010
14268	4.7449e-010
14269	4.8745e-010
14270	5.0563e-010
14271	4.5268e-010
14272	5.0014e-010
14273	4.211e-010
14274	4.4794e-010
14275	4.2262e-010
14276	3.9428e-010
14277	4.0651e-010
14278	3.7503e-010
14279	3.9218e-010
14280	3.5742e-010
14281	3.6801e-010
14282	3.4198e-010
14283	3.4122e-010
14284	3.3236e-010
14285	3.1894e-010
14286	3.4231e-010
14287	3.2045e-010
14288	3.3643e-010
14289	3.0064e-010
14290	3.0826e-010
14291	3.4412e-010
14292	3.5191e-010
14293	3.6894e-010
14294	4.0357e-010
14295	5.6912e-010
14296	8.3202e-010
14297	8.2194e-010
14298	7.0548e-010
14299	1.2711e-009
14300	1.2191e-009
14301	3.0548e-010
14302	1.7037e-010
14303	1.9865e-010
14304	2.5041e-010
14305	2.7609e-010
14306	2.9692e-010
14307	3.1177e-010
14308	3.2062e-010
14309	3.2319e-010
14310	3.2436e-010
14311	3.2367e-010
14312	3.2292e-010
14313	3.2645e-010
14314	3.2656e-010
14315	3.3279e-010
14316	3.3606e-010
14317	3.4293e-010
14318	3.5023e-010
14319	3.5711e-010
14320	3.6679e-010
14321	3.7364e-010
14322	3.8454e-010
14323	3.9163e-010
14324	4.0251e-010
14325	4.1045e-010
14326	4.2053e-010
14327	4.3067e-010
14328	4.3887e-010
14329	4.5198e-010
14330	4.5856e-010
14331	4.7215e-010
14332	4.8164e-010
14333	4.9092e-010
14334	5.0481e-010
14335	5.1442e-010
14336	5.2531e-010
14337	5.3947e-010
14338	5.5161e-010
14339	5.6046e-010
14340	5.7671e-010
14341	5.8899e-010
14342	6.0266e-010
14343	6.1397e-010
14344	6.2999e-010
14345	6.4393e-010
14346	6.5836e-010
14347	6.7306e-010
14348	6.8824e-010
14349	7.0401e-010
14350	7.1895e-010
14351	7.3615e-010
14352	7.5289e-010
14353	7.6974e-010
14354	7.8705e-010
14355	8.0466e-010
14356	8.2401e-010
14357	8.3965e-010
14358	8.614e-010
14359	8.7998e-010
14360	8.9991e-010
14361	9.2174e-010
14362	9.4405e-010
14363	9.6103e-010
14364	9.7831e-010
14365	1.0128e-009
14366	1.0151e-009
14367	9.804e-010
14368	9.6347e-010
14369	9.5024e-010
14370	9.2933e-010
14371	9.0783e-010
14372	8.8887e-010
14373	8.722e-010
14374	8.4642e-010
14375	8.3731e-010
14376	8.1633e-010
14377	7.9928e-010
14378	7.8263e-010
14379	7.6695e-010
14380	7.5181e-010
14381	7.3062e-010
14382	7.2046e-010
14383	7.0452e-010
14384	6.8983e-010
14385	6.7606e-010
14386	6.649e-010
14387	6.5514e-010
14388	6.2515e-010
14389	6.2975e-010
14390	6.1207e-010
14391	6.1127e-010
14392	5.7432e-010
14393	5.8214e-010
14394	5.7265e-010
14395	5.3784e-010
14396	5.2923e-010
14397	5.4441e-010
14398	5.0509e-010
14399	5.0281e-010
14400	5.1646e-010
14401	4.8522e-010
14402	5.069e-010
14403	4.5094e-010
14404	4.5532e-010
14405	4.3528e-010
14406	4.1584e-010
14407	4.1858e-010
14408	3.9551e-010
14409	4.0278e-010
14410	3.7616e-010
14411	3.8005e-010
14412	3.5701e-010
14413	3.5443e-010
14414	3.4445e-010
14415	3.3187e-010
14416	3.5235e-010
14417	3.3997e-010
14418	3.4645e-010
14419	3.1446e-010
14420	3.2054e-010
14421	3.5081e-010
14422	3.6745e-010
14423	3.9874e-010
14424	3.9045e-010
14425	5.406e-010
14426	8.2223e-010
14427	8.8687e-010
14428	7.6985e-010
14429	1.2281e-009
14430	1.2439e-009
14431	3.0545e-010
14432	1.7036e-010
14433	1.9866e-010
14434	2.5038e-010
14435	2.7601e-010
14436	2.9679e-010
14437	3.1162e-010
14438	3.2046e-010
14439	3.2304e-010
14440	3.2424e-010
14441	3.2361e-010
14442	3.2289e-010
14443	3.264e-010
14444	3.2648e-010
14445	3.3271e-010
14446	3.3598e-010
14447	3.4283e-010
14448	3.5012e-010
14449	3.5701e-010
14450	3.6674e-010
14451	3.7357e-010
14452	3.8438e-010
14453	3.9143e-010
14454	4.0235e-010
14455	4.1033e-010
14456	4.2044e-010
14457	4.3057e-010
14458	4.3874e-010
14459	4.5182e-010
14460	4.584e-010
14461	4.7202e-010
14462	4.8149e-010
14463	4.9071e-010
14464	5.0461e-010
14465	5.1431e-010
14466	5.2526e-010
14467	5.3928e-010
14468	5.5127e-010
14469	5.6026e-010
14470	5.7654e-010
14471	5.8882e-010
14472	6.0241e-010
14473	6.1361e-010
14474	6.2961e-010
14475	6.4355e-010
14476	6.5802e-010
14477	6.7263e-010
14478	6.8776e-010
14479	7.0356e-010
14480	7.1856e-010
14481	7.3585e-010
14482	7.5255e-010
14483	7.6953e-010
14484	7.87e-010
14485	8.0478e-010
14486	8.2406e-010
14487	8.3974e-010
14488	8.6149e-010
14489	8.801e-010
14490	9.0009e-010
14491	9.223e-010
14492	9.4465e-010
14493	9.6149e-010
14494	9.788e-010
14495	1.0131e-009
14496	1.0154e-009
14497	9.8064e-010
14498	9.6376e-010
14499	9.5035e-010
14500	9.2939e-010
14501	9.0792e-010
14502	8.8897e-010
14503	8.723e-010
14504	8.465e-010
14505	8.3723e-010
14506	8.163e-010
14507	7.9919e-010
14508	7.8248e-010
14509	7.6677e-010
14510	7.5153e-010
14511	7.3029e-010
14512	7.2011e-010
14513	7.0425e-010
14514	6.8954e-010
14515	6.757e-010
14516	6.6468e-010
14517	6.5596e-010
14518	6.2483e-010
14519	6.3073e-010
14520	6.12e-010
14521	6.111e-010
14522	5.7464e-010
14523	5.8215e-010
14524	5.7282e-010
14525	5.381e-010
14526	5.2954e-010
14527	5.4478e-010
14528	5.0547e-010
14529	5.0327e-010
14530	5.1696e-010
14531	4.8573e-010
14532	5.0742e-010
14533	4.5146e-010
14534	4.5585e-010
14535	4.3579e-010
14536	4.1633e-010
14537	4.1905e-010
14538	3.96e-010
14539	4.0324e-010
14540	3.7666e-010
14541	3.8049e-010
14542	3.5743e-010
14543	3.548e-010
14544	3.448e-010
14545	3.3219e-010
14546	3.5258e-010
14547	3.4013e-010
14548	3.4657e-010
14549	3.145e-010
14550	3.2061e-010
14551	3.5094e-010
14552	3.6759e-010
14553	3.9894e-010
14554	3.9068e-010
14555	5.4093e-010
14556	8.2265e-010
14557	8.8719e-010
14558	7.7011e-010
14559	1.2283e-009
14560	1.244e-009
14561	3.1541e-010
14562	1.3817e-010
14563	2.0444e-010
14564	2.5103e-010
14565	2.7079e-010
14566	2.8931e-010
14567	3.0231e-010
14568	3.09e-010
14569	3.1014e-010
14570	3.1195e-010
14571	3.1073e-010
14572	3.0918e-010
14573	3.1297e-010
14574	3.1154e-010
14575	3.1897e-010
14576	3.2179e-010
14577	3.287e-010
14578	3.3547e-010
14579	3.4198e-010
14580	3.5175e-010
14581	3.5767e-010
14582	3.6902e-010
14583	3.7476e-010
14584	3.8625e-010
14585	3.9313e-010
14586	4.0309e-010
14587	4.1336e-010
14588	4.1963e-010
14589	4.3413e-010
14590	4.38e-010
14591	4.5332e-010
14592	4.6203e-010
14593	4.694e-010
14594	4.8465e-010
14595	4.9293e-010
14596	5.0287e-010
14597	5.1798e-010
14598	5.2872e-010
14599	5.3573e-010
14600	5.5303e-010
14601	5.6567e-010
14602	5.7729e-010
14603	5.8729e-010
14604	6.0269e-010
14605	6.1728e-010
14606	6.3149e-010
14607	6.448e-010
14608	6.5916e-010
14609	6.7414e-010
14610	6.886e-010
14611	7.0534e-010
14612	7.2154e-010
14613	7.3778e-010
14614	7.5469e-010
14615	7.7215e-010
14616	7.9004e-010
14617	8.0502e-010
14618	8.2527e-010
14619	8.4379e-010
14620	8.6357e-010
14621	8.8608e-010
14622	9.0644e-010
14623	9.2034e-010
14624	9.3781e-010
14625	9.7281e-010
14626	9.7487e-010
14627	9.3953e-010
14628	9.2194e-010
14629	9.1207e-010
14630	8.9389e-010
14631	8.7163e-010
14632	8.5265e-010
14633	8.3474e-010
14634	8.1126e-010
14635	8.0165e-010
14636	7.838e-010
14637	7.6721e-010
14638	7.5131e-010
14639	7.3612e-010
14640	7.198e-010
14641	6.9919e-010
14642	6.8923e-010
14643	6.75e-010
14644	6.6201e-010
14645	6.5311e-010
14646	6.4232e-010
14647	6.2807e-010
14648	5.9128e-010
14649	6.0589e-010
14650	5.9747e-010
14651	5.8858e-010
14652	5.4138e-010
14653	5.6133e-010
14654	5.5985e-010
14655	5.0889e-010
14656	5.071e-010
14657	5.3356e-010
14658	4.7487e-010
14659	4.881e-010
14660	5.0641e-010
14661	4.5346e-010
14662	5.011e-010
14663	4.2207e-010
14664	4.4909e-010
14665	4.2369e-010
14666	3.9537e-010
14667	4.0755e-010
14668	3.7602e-010
14669	3.931e-010
14670	3.5836e-010
14671	3.6885e-010
14672	3.428e-010
14673	3.4197e-010
14674	3.3308e-010
14675	3.1959e-010
14676	3.428e-010
14677	3.2083e-010
14678	3.3672e-010
14679	3.008e-010
14680	3.0845e-010
14681	3.4437e-010
14682	3.5211e-010
14683	3.6928e-010
14684	4.04e-010
14685	5.6977e-010
14686	8.3284e-010
14687	8.2249e-010
14688	7.0601e-010
14689	1.272e-009
14690	1.2195e-009
14691	3.0545e-010
14692	1.7036e-010
14693	1.9866e-010
14694	2.5038e-010
14695	2.7601e-010
14696	2.9679e-010
14697	3.1162e-010
14698	3.2046e-010
14699	3.2304e-010
14700	3.2424e-010
14701	3.2361e-010
14702	3.2289e-010
14703	3.264e-010
14704	3.2648e-010
14705	3.3271e-010
14706	3.3598e-010
14707	3.4283e-010
14708	3.5012e-010
14709	3.5701e-010
14710	3.6674e-010
14711	3.7357e-010
14712	3.8438e-010
14713	3.9143e-010
14714	4.0235e-010
14715	4.1033e-010
14716	4.2044e-010
14717	4.3057e-010
14718	4.3874e-010
14719	4.5182e-010
14720	4.584e-010
14721	4.7202e-010
14722	4.8149e-010
14723	4.9071e-010
14724	5.0461e-010
14725	5.1431e-010
14726	5.2526e-010
14727	5.3926e-010
14728	5.513e-010
14729	5.6021e-010
14730	5.7657e-010
14731	5.8877e-010
14732	6.0266e-010
14733	6.1326e-010
14734	6.2987e-010
14735	6.4352e-010
14736	6.5802e-010
14737	6.7263e-010
14738	6.8776e-010
14739	7.0356e-010
14740	7.1856e-010
14741	7.3585e-010
14742	7.5255e-010
14743	7.6953e-010
14744	7.87e-010
14745	8.0478e-010
14746	8.2406e-010
14747	8.3974e-010
14748	8.6149e-010
14749	8.801e-010
14750	9.0009e-010
14751	9.223e-010
14752	9.4465e-010
14753	9.6149e-010
14754	9.788e-010
14755	1.0131e-009
14756	1.0154e-009
14757	9.8064e-010
14758	9.6376e-010
14759	9.5035e-010
14760	9.2939e-010
14761	9.0792e-010
14762	8.8897e-010
14763	8.723e-010
14764	8.465e-010
14765	8.3723e-010
14766	8.163e-010
14767	7.9919e-010
14768	7.8246e-010
14769	7.6677e-010
14770	7.5158e-010
14771	7.3019e-010
14772	7.2014e-010
14773	7.0425e-010
14774	6.8952e-010
14775	6.7566e-010
14776	6.6444e-010
14777	6.5835e-010
14778	6.2236e-010
14779	6.3309e-010
14780	6.1179e-010
14781	6.1103e-010
14782	5.7463e-010
14783	5.8212e-010
14784	5.7281e-010
14785	5.381e-010
14786	5.2954e-010
14787	5.4478e-010
14788	5.0547e-010
14789	5.0327e-010
14790	5.1696e-010
14791	4.8573e-010
14792	5.0742e-010
14793	4.5147e-010
14794	4.5585e-010
14795	4.3579e-010
14796	4.1633e-010
14797	4.1905e-010
14798	3.96e-010
14799	4.0324e-010
14800	3.7666e-010
14801	3.8049e-010
14802	3.5743e-010
14803	3.548e-010
14804	3.448e-010
14805	3.3219e-010
14806	3.5258e-010
14807	3.4013e-010
14808	3.4657e-010
14809	3.145e-010
14810	3.2061e-010
14811	3.5094e-010
14812	3.6759e-010
14813	3.9894e-010
14814	3.9068e-010
14815	5.4093e-010
14816	8.2265e-010
14817	8.8719e-010
14818	7.7011e-010
14819	1.2283e-009
14820	1.244e-009
14821	3.0548e-010
14822	1.7037e-010
14823	1.9865e-010
14824	2.5041e-010
14825	2.7609e-010
14826	2.9692e-010
14827	3.1177e-010
14828	3.2062e-010
14829	3.2319e-010
14830	3.2436e-010
14831	3.2367e-010
14832	3.2292e-010
14833	3.2645e-010
14834	3.2656e-010
14835	3.3279e-010
14836	3.3606e-010
14837	3.4293e-010
14838	3.5023e-010
14839	3.5711e-010
14840	3.6679e-010
14841	3.7364e-010
14842	3.8454e-010
14843	3.9163e-010
14844	4.0251e-010
14845	4.1045e-010
14846	4.2053e-010
14847	4.3067e-010
14848	4.3887e-010
14849	4.5198e-010
14850	4.5856e-010
14851	4.7215e-010
14852	4.8164e-010
14853	4.9092e-010
14854	5.0481e-010
14855	5.1442e-010
14856	5.2531e-010
14857	5.3946e-010
14858	5.5167e-010
14859	5.6052e-010
14860	5.7675e-010
14861	5.8897e-010
14862	6.0292e-010
14863	6.1364e-010
14864	6.3026e-010
14865	6.4392e-010
14866	6.5834e-010
14867	6.7306e-010
14868	6.8824e-010
14869	7.0401e-010
14870	7.1895e-010
14871	7.3615e-010
14872	7.5289e-010
14873	7.6974e-010
14874	7.8705e-010
14875	8.0466e-010
14876	8.2401e-010
14877	8.3965e-010
14878	8.614e-010
14879	8.7998e-010
14880	8.9991e-010
14881	9.2174e-010
14882	9.4405e-010
14883	9.6103e-010
14884	9.7831e-010
14885	1.0128e-009
14886	1.0151e-009
14887	9.804e-010
14888	9.6347e-010
14889	9.5024e-010
14890	9.2933e-010
14891	9.0783e-010
14892	8.8887e-010
14893	8.722e-010
14894	8.4642e-010
14895	8.3731e-010
14896	8.1633e-010
14897	7.9928e-010
14898	7.8262e-010
14899	7.6696e-010
14900	7.5183e-010
14901	7.3053e-010
14902	7.2048e-010
14903	7.0453e-010
14904	6.8981e-010
14905	6.7595e-010
14906	6.6469e-010
14907	6.5865e-010
14908	6.2285e-010
14909	6.3326e-010
14910	6.1187e-010
14911	6.1108e-010
14912	5.7467e-010
14913	5.8206e-010
14914	5.7264e-010
14915	5.3784e-010
14916	5.2922e-010
14917	5.444e-010
14918	5.0509e-010
14919	5.0281e-010
14920	5.1646e-010
14921	4.8522e-010
14922	5.069e-010
14923	4.5094e-010
14924	4.5532e-010
14925	4.3528e-010
14926	4.1584e-010
14927	4.1858e-010
14928	3.9551e-010
14929	4.0278e-010
14930	3.7616e-010
14931	3.8005e-010
14932	3.5701e-010
14933	3.5443e-010
14934	3.4445e-010
14935	3.3187e-010
14936	3.5235e-010
14937	3.3997e-010
14938	3.4645e-010
14939	3.1446e-010
14940	3.2054e-010
14941	3.5081e-010
14942	3.6745e-010
14943	3.9874e-010
14944	3.9045e-010
14945	5.406e-010
14946	8.2223e-010
14947	8.8687e-010
14948	7.6985e-010
14949	1.2281e-009
14950	1.2439e-009
14951	3.1557e-010
14952	1.3827e-010
14953	2.0452e-010
14954	2.5116e-010
14955	2.7099e-010
14956	2.896e-010
14957	3.0263e-010
14958	3.093e-010
14959	3.1042e-010
14960	3.1221e-010
14961	3.1098e-010
14962	3.0943e-010
14963	3.1323e-010
14964	3.1179e-010
14965	3.1917e-010
14966	3.2192e-010
14967	3.2885e-010
14968	3.3572e-010
14969	3.4224e-010
14970	3.5191e-010
14971	3.578e-010
14972	3.6927e-010
14973	3.7507e-010
14974	3.8651e-010
14975	3.9335e-010
14976	4.0327e-010
14977	4.1358e-010
14978	4.199e-010
14979	4.3446e-010
14980	4.3833e-010
14981	4.536e-010
14982	4.6235e-010
14983	4.6982e-010
14984	4.8509e-010
14985	4.9321e-010
14986	5.0293e-010
14987	5.1824e-010
14988	5.2922e-010
14989	5.3634e-010
14990	5.533e-010
14991	5.6597e-010
14992	5.7792e-010
14993	5.8762e-010
14994	6.0376e-010
14995	6.1798e-010
14996	6.3219e-010
14997	6.4577e-010
14998	6.6006e-010
14999	6.749e-010
15000	6.892e-010
15001	7.0578e-010
15002	7.2196e-010
15003	7.3796e-010
15004	7.5466e-010
15005	7.7204e-010
15006	7.8986e-010
15007	8.0467e-010
15008	8.2487e-010
15009	8.4354e-010
15010	8.6326e-010
15011	8.8524e-010
15012	9.0559e-010
15013	9.1956e-010
15014	9.3739e-010
15015	9.7253e-010
15016	9.741e-010
15017	9.3872e-010
15018	9.2145e-010
15019	9.117e-010
15020	8.9362e-010
15021	8.7148e-010
15022	8.5248e-010
15023	8.344e-010
15024	8.1114e-010
15025	8.0175e-010
15026	7.8422e-010
15027	7.6741e-010
15028	7.5161e-010
15029	7.3639e-010
15030	7.2023e-010
15031	6.9956e-010
15032	6.8964e-010
15033	6.7532e-010
15034	6.6236e-010
15035	6.5339e-010
15036	6.4246e-010
15037	6.2894e-010
15038	5.9114e-010
15039	6.0654e-010
15040	5.9748e-010
15041	5.8869e-010
15042	5.4154e-010
15043	5.6135e-010
15044	5.5974e-010
15045	5.0873e-010
15046	5.069e-010
15047	5.3326e-010
15048	4.7449e-010
15049	4.8744e-010
15050	5.0563e-010
15051	4.5268e-010
15052	5.0014e-010
15053	4.211e-010
15054	4.4794e-010
15055	4.2262e-010
15056	3.9428e-010
15057	4.0651e-010
15058	3.7503e-010
15059	3.9219e-010
15060	3.5742e-010
15061	3.6801e-010
15062	3.4198e-010
15063	3.4122e-010
15064	3.3236e-010
15065	3.1894e-010
15066	3.4231e-010
15067	3.2045e-010
15068	3.3643e-010
15069	3.0064e-010
15070	3.0826e-010
15071	3.4412e-010
15072	3.5191e-010
15073	3.6894e-010
15074	4.0357e-010
15075	5.6912e-010
15076	8.3202e-010
15077	8.2194e-010
15078	7.0548e-010
15079	1.2711e-009
15080	1.2191e-009
15081	3.056e-010
15082	1.7044e-010
15083	1.9863e-010
15084	2.504e-010
15085	2.7611e-010
15086	2.9697e-010
15087	3.1184e-010
15088	3.2068e-010
15089	3.2327e-010
15090	3.245e-010
15091	3.2392e-010
15092	3.232e-010
15093	3.2664e-010
15094	3.2668e-010
15095	3.3291e-010
15096	3.3624e-010
15097	3.4315e-010
15098	3.5049e-010
15099	3.5735e-010
15100	3.6696e-010
15101	3.7374e-010
15102	3.846e-010
15103	3.9168e-010
15104	4.026e-010
15105	4.1059e-010
15106	4.2071e-010
15107	4.3089e-010
15108	4.3911e-010
15109	4.5217e-010
15110	4.5868e-010
15111	4.7225e-010
15112	4.8176e-010
15113	4.9109e-010
15114	5.0497e-010
15115	5.146e-010
15116	5.2551e-010
15117	5.3961e-010
15118	5.5186e-010
15119	5.6082e-010
15120	5.7718e-010
15121	5.8927e-010
15122	6.029e-010
15123	6.1388e-010
15124	6.3021e-010
15125	6.4425e-010
15126	6.5886e-010
15127	6.7349e-010
15128	6.8862e-010
15129	7.0442e-010
15130	7.192e-010
15131	7.3644e-010
15132	7.5306e-010
15133	7.6976e-010
15134	7.8737e-010
15135	8.0511e-010
15136	8.2451e-010
15137	8.3999e-010
15138	8.6146e-010
15139	8.8014e-010
15140	8.9987e-010
15141	9.2163e-010
15142	9.4421e-010
15143	9.61e-010
15144	9.782e-010
15145	1.0129e-009
15146	1.0149e-009
15147	9.8009e-010
15148	9.6343e-010
15149	9.5017e-010
15150	9.2914e-010
15151	9.0776e-010
15152	8.8897e-010
15153	8.7217e-010
15154	8.4648e-010
15155	8.3718e-010
15156	8.1644e-010
15157	7.9941e-010
15158	7.8276e-010
15159	7.6707e-010
15160	7.5171e-010
15161	7.3045e-010
15162	7.2053e-010
15163	7.0459e-010
15164	6.8989e-010
15165	6.7612e-010
15166	6.6488e-010
15167	6.5668e-010
15168	6.2358e-010
15169	6.3115e-010
15170	6.1191e-010
15171	6.1105e-010
15172	5.7456e-010
15173	5.8196e-010
15174	5.7257e-010
15175	5.377e-010
15176	5.2906e-010
15177	5.4422e-010
15178	5.0477e-010
15179	5.0246e-010
15180	5.1612e-010
15181	4.8476e-010
15182	5.0637e-010
15183	4.5033e-010
15184	4.5474e-010
15185	4.348e-010
15186	4.1543e-010
15187	4.1819e-010
15188	3.9509e-010
15189	4.0238e-010
15190	3.7579e-010
15191	3.797e-010
15192	3.5666e-010
15193	3.5412e-010
15194	3.442e-010
15195	3.3168e-010
15196	3.5221e-010
15197	3.3977e-010
15198	3.4634e-010
15199	3.1425e-010
15200	3.2038e-010
15201	3.5069e-010
15202	3.6717e-010
15203	3.9857e-010
15204	3.9017e-010
15205	5.4036e-010
15206	8.2209e-010
15207	8.8675e-010
15208	7.6972e-010
15209	1.2274e-009
15210	1.2434e-009
15211	3.056e-010
15212	1.7044e-010
15213	1.9863e-010
15214	2.504e-010
15215	2.7611e-010
15216	2.9697e-010
15217	3.1184e-010
15218	3.2068e-010
15219	3.2327e-010
15220	3.245e-010
15221	3.2392e-010
15222	3.232e-010
15223	3.2664e-010
15224	3.2668e-010
15225	3.3291e-010
15226	3.3624e-010
15227	3.4315e-010
15228	3.5049e-010
15229	3.5735e-010
15230	3.6696e-010
15231	3.7374e-010
15232	3.846e-010
15233	3.9168e-010
15234	4.026e-010
15235	4.1059e-010
15236	4.2071e-010
15237	4.3089e-010
15238	4.3911e-010
15239	4.5217e-010
15240	4.5868e-010
15241	4.7225e-010
15242	4.8176e-010
15243	4.9109e-010
15244	5.0497e-010
15245	5.146e-010
15246	5.2551e-010
15247	5.3961e-010
15248	5.5186e-010
15249	5.6082e-010
15250	5.7718e-010
15251	5.893e-010
15252	6.0281e-010
15253	6.1403e-010
15254	6.3012e-010
15255	6.4428e-010
15256	6.5885e-010
15257	6.7349e-010
15258	6.8862e-010
15259	7.0442e-010
15260	7.192e-010
15261	7.3644e-010
15262	7.5306e-010
15263	7.6976e-010
15264	7.8737e-010
15265	8.0511e-010
15266	8.2451e-010
15267	8.3999e-010
15268	8.6146e-010
15269	8.8014e-010
15270	8.9987e-010
15271	9.2163e-010
15272	9.4421e-010
15273	9.61e-010
15274	9.782e-010
15275	1.0129e-009
15276	1.0149e-009
15277	9.8009e-010
15278	9.6343e-010
15279	9.5017e-010
15280	9.2914e-010
15281	9.0776e-010
15282	8.8897e-010
15283	8.7217e-010
15284	8.4649e-010
15285	8.3718e-010
15286	8.1644e-010
15287	7.9941e-010
15288	7.8276e-010
15289	7.6707e-010
15290	7.5171e-010
15291	7.3042e-010
15292	7.2054e-010
15293	7.0459e-010
15294	6.899e-010
15295	6.7605e-010
15296	6.6485e-010
15297	6.5686e-010
15298	6.2164e-010
15299	6.3125e-010
15300	6.1192e-010
15301	6.1098e-010
15302	5.7457e-010
15303	5.8196e-010
15304	5.7257e-010
15305	5.377e-010
15306	5.2906e-010
15307	5.4422e-010
15308	5.0477e-010
15309	5.0246e-010
15310	5.1612e-010
15311	4.8476e-010
15312	5.0637e-010
15313	4.5033e-010
15314	4.5474e-010
15315	4.348e-010
15316	4.1543e-010
15317	4.1819e-010
15318	3.9509e-010
15319	4.0238e-010
15320	3.7579e-010
15321	3.797e-010
15322	3.5666e-010
15323	3.5412e-010
15324	3.442e-010
15325	3.3168e-010
15326	3.5221e-010
15327	3.3977e-010
15328	3.4634e-010
15329	3.1425e-010
15330	3.2038e-010
15331	3.5069e-010
15332	3.6717e-010
15333	3.9857e-010
15334	3.9017e-010
15335	5.4036e-010
15336	8.2209e-010
15337	8.8675e-010
15338	7.6972e-010
15339	1.2274e-009
15340	1.2434e-009
15341	3.1557e-010
15342	1.3827e-010
15343	2.0452e-010
15344	2.5116e-010
15345	2.7099e-010
15346	2.896e-010
15347	3.0263e-010
15348	3.093e-010
15349	3.1042e-010
15350	3.1221e-010
15351	3.1098e-010
15352	3.0943e-010
15353	3.1323e-010
15354	3.1179e-010
15355	3.1917e-010
15356	3.2192e-010
15357	3.2885e-010
15358	3.3572e-010
15359	3.4224e-010
15360	3.5191e-010
15361	3.578e-010
15362	3.6927e-010
15363	3.7507e-010
15364	3.8651e-010
15365	3.9335e-010
15366	4.0327e-010
15367	4.1358e-010
15368	4.199e-010
15369	4.3446e-010
15370	4.3833e-010
15371	4.536e-010
15372	4.6235e-010
15373	4.6982e-010
15374	4.8509e-010
15375	4.9321e-010
15376	5.0293e-010
15377	5.1824e-010
15378	5.2922e-010
15379	5.3634e-010
15380	5.5331e-010
15381	5.6598e-010
15382	5.7771e-010
15383	5.8797e-010
15384	6.0354e-010
15385	6.1799e-010
15386	6.322e-010
15387	6.4577e-010
15388	6.6006e-010
15389	6.749e-010
15390	6.892e-010
15391	7.0578e-010
15392	7.2196e-010
15393	7.3796e-010
15394	7.5466e-010
15395	7.7204e-010
15396	7.8986e-010
15397	8.0467e-010
15398	8.2487e-010
15399	8.4354e-010
15400	8.6326e-010
15401	8.8524e-010
15402	9.0559e-010
15403	9.1956e-010
15404	9.3739e-010
15405	9.7253e-010
15406	9.741e-010
15407	9.3872e-010
15408	9.2145e-010
15409	9.117e-010
15410	8.9362e-010
15411	8.7147e-010
15412	8.5248e-010
15413	8.344e-010
15414	8.1114e-010
15415	8.0175e-010
15416	7.8422e-010
15417	7.6741e-010
15418	7.5161e-010
15419	7.3639e-010
15420	7.2019e-010
15421	6.9958e-010
15422	6.8961e-010
15423	6.7533e-010
15424	6.6236e-010
15425	6.5338e-010
15426	6.4229e-010
15427	6.2839e-010
15428	5.8935e-010
15429	6.0587e-010
15430	5.9736e-010
15431	5.8867e-010
15432	5.4155e-010
15433	5.6136e-010
15434	5.5974e-010
15435	5.0873e-010
15436	5.0689e-010
15437	5.3326e-010
15438	4.7449e-010
15439	4.8745e-010
15440	5.0563e-010
15441	4.5268e-010
15442	5.0014e-010
15443	4.211e-010
15444	4.4795e-010
15445	4.2262e-010
15446	3.9428e-010
15447	4.0651e-010
15448	3.7503e-010
15449	3.9219e-010
15450	3.5742e-010
15451	3.6801e-010
15452	3.4198e-010
15453	3.4122e-010
15454	3.3236e-010
15455	3.1894e-010
15456	3.4231e-010
15457	3.2045e-010
15458	3.3643e-010
15459	3.0064e-010
15460	3.0826e-010
15461	3.4412e-010
15462	3.5191e-010
15463	3.6894e-010
15464	4.0357e-010
15465	5.6912e-010
15466	8.3202e-010
15467	8.2194e-010
15468	7.0548e-010
15469	1.2711e-009
15470	1.2191e-009
15471	3.0548e-010
15472	1.7037e-010
15473	1.9865e-010
15474	2.5041e-010
15475	2.7609e-010
15476	2.9692e-010
15477	3.1177e-010
15478	3.2062e-010
15479	3.2319e-010
15480	3.2436e-010
15481	3.2367e-010
15482	3.2292e-010
15483	3.2645e-010
15484	3.2656e-010
15485	3.3279e-010
15486	3.3606e-010
15487	3.4293e-010
15488	3.5023e-010
15489	3.5711e-010
15490	3.6679e-010
15491	3.7364e-010
15492	3.8454e-010
15493	3.9163e-010
15494	4.0251e-010
15495	4.1045e-010
15496	4.2053e-010
15497	4.3067e-010
15498	4.3887e-010
15499	4.5198e-010
15500	4.5856e-010
15501	4.7215e-010
15502	4.8164e-010
15503	4.9092e-010
15504	5.0481e-010
15505	5.1442e-010
15506	5.2531e-010
15507	5.3946e-010
15508	5.5167e-010
15509	5.6052e-010
15510	5.7677e-010
15511	5.8898e-010
15512	6.0266e-010
15513	6.1397e-010
15514	6.2999e-010
15515	6.4393e-010
15516	6.5836e-010
15517	6.7306e-010
15518	6.8824e-010
15519	7.0401e-010
15520	7.1895e-010
15521	7.3615e-010
15522	7.5289e-010
15523	7.6974e-010
15524	7.8705e-010
15525	8.0466e-010
15526	8.2401e-010
15527	8.3965e-010
15528	8.614e-010
15529	8.7998e-010
15530	8.9991e-010
15531	9.2174e-010
15532	9.4405e-010
15533	9.6103e-010
15534	9.7831e-010
15535	1.0128e-009
15536	1.0151e-009
15537	9.804e-010
15538	9.6347e-010
15539	9.5024e-010
15540	9.2933e-010
15541	9.0783e-010
15542	8.8888e-010
15543	8.722e-010
15544	8.4642e-010
15545	8.3731e-010
15546	8.1633e-010
15547	7.9928e-010
15548	7.8262e-010
15549	7.6694e-010
15550	7.5184e-010
15551	7.3037e-010
15552	7.2048e-010
15553	7.0451e-010
15554	6.8982e-010
15555	6.7589e-010
15556	6.6461e-010
15557	6.587e-010
15558	6.2032e-010
15559	6.3315e-010
15560	6.1183e-010
15561	6.1104e-010
15562	5.7467e-010
15563	5.8208e-010
15564	5.7264e-010
15565	5.3784e-010
15566	5.2922e-010
15567	5.444e-010
15568	5.0509e-010
15569	5.0281e-010
15570	5.1646e-010
15571	4.8522e-010
15572	5.069e-010
15573	4.5094e-010
15574	4.5532e-010
15575	4.3528e-010
15576	4.1584e-010
15577	4.1858e-010
15578	3.9551e-010
15579	4.0278e-010
15580	3.7616e-010
15581	3.8005e-010
15582	3.5701e-010
15583	3.5443e-010
15584	3.4445e-010
15585	3.3187e-010
15586	3.5235e-010
15587	3.3997e-010
15588	3.4645e-010
15589	3.1446e-010
15590	3.2054e-010
15591	3.5081e-010
15592	3.6745e-010
15593	3.9874e-010
15594	3.9045e-010
15595	5.406e-010
15596	8.2223e-010
15597	8.8687e-010
15598	7.6985e-010
15599	1.2281e-009
15600	1.2439e-009
15601	3.0545e-010
15602	1.7036e-010
15603	1.9866e-010
15604	2.5038e-010
15605	2.7601e-010
15606	2.9679e-010
15607	3.1162e-010
15608	3.2046e-010
15609	3.2304e-010
15610	3.2424e-010
15611	3.2361e-010
15612	3.2289e-010
15613	3.264e-010
15614	3.2648e-010
15615	3.3271e-010
15616	3.3598e-010
15617	3.4283e-010
15618	3.5012e-010
15619	3.5701e-010
15620	3.6674e-010
15621	3.7357e-010
15622	3.8438e-010
15623	3.9143e-010
15624	4.0235e-010
15625	4.1033e-010
15626	4.2044e-010
15627	4.3057e-010
15628	4.3874e-010
15629	4.5182e-010
15630	4.584e-010
15631	4.7202e-010
15632	4.8149e-010
15633	4.9071e-010
15634	5.0461e-010
15635	5.1431e-010
15636	5.2526e-010
15637	5.3926e-010
15638	5.5132e-010
15639	5.6018e-010
15640	5.7659e-010
15641	5.888e-010
15642	6.024e-010
15643	6.1367e-010
15644	6.296e-010
15645	6.4355e-010
15646	6.5802e-010
15647	6.7263e-010
15648	6.8776e-010
15649	7.0356e-010
15650	7.1856e-010
15651	7.3585e-010
15652	7.5255e-010
15653	7.6953e-010
15654	7.87e-010
15655	8.0478e-010
15656	8.2406e-010
15657	8.3974e-010
15658	8.6149e-010
15659	8.801e-010
15660	9.0009e-010
15661	9.223e-010
15662	9.4466e-010
15663	9.6149e-010
15664	9.788e-010
15665	1.0131e-009
15666	1.0154e-009
15667	9.8064e-010
15668	9.6376e-010
15669	9.5035e-010
15670	9.2939e-010
15671	9.0792e-010
15672	8.8897e-010
15673	8.723e-010
15674	8.4649e-010
15675	8.3723e-010
15676	8.163e-010
15677	7.992e-010
15678	7.8245e-010
15679	7.6678e-010
15680	7.5155e-010
15681	7.2991e-010
15682	7.2011e-010
15683	7.0425e-010
15684	6.8954e-010
15685	6.7552e-010
15686	6.6458e-010
15687	6.5792e-010
15688	6.1997e-010
15689	6.3249e-010
15690	6.1195e-010
15691	6.1099e-010
15692	5.7431e-010
15693	5.8219e-010
15694	5.7282e-010
15695	5.3808e-010
15696	5.2954e-010
15697	5.4477e-010
15698	5.0547e-010
15699	5.0327e-010
15700	5.1696e-010
15701	4.8573e-010
15702	5.0742e-010
15703	4.5147e-010
15704	4.5585e-010
15705	4.3579e-010
15706	4.1633e-010
15707	4.1905e-010
15708	3.96e-010
15709	4.0324e-010
15710	3.7666e-010
15711	3.8049e-010
15712	3.5743e-010
15713	3.548e-010
15714	3.448e-010
15715	3.3219e-010
15716	3.5258e-010
15717	3.4013e-010
15718	3.4657e-010
15719	3.145e-010
15720	3.2061e-010
15721	3.5094e-010
15722	3.6759e-010
15723	3.9894e-010
15724	3.9068e-010
15725	5.4093e-010
15726	8.2265e-010
15727	8.8719e-010
15728	7.7011e-010
15729	1.2283e-009
15730	1.244e-009
15731	3.1541e-010
15732	1.3817e-010
15733	2.0444e-010
15734	2.5103e-010
15735	2.7079e-010
15736	2.8931e-010
15737	3.0231e-010
15738	3.09e-010
15739	3.1014e-010
15740	3.1195e-010
15741	3.1073e-010
15742	3.0918e-010
15743	3.1297e-010
15744	3.1154e-010
15745	3.1897e-010
15746	3.2179e-010
15747	3.287e-010
15748	3.3547e-010
15749	3.4198e-010
15750	3.5175e-010
15751	3.5767e-010
15752	3.6902e-010
15753	3.7476e-010
15754	3.8625e-010
15755	3.9313e-010
15756	4.0309e-010
15757	4.1336e-010
15758	4.1963e-010
15759	4.3413e-010
15760	4.38e-010
15761	4.5332e-010
15762	4.6204e-010
15763	4.694e-010
15764	4.8464e-010
15765	4.9293e-010
15766	5.0287e-010
15767	5.1799e-010
15768	5.2866e-010
15769	5.3576e-010
15770	5.5296e-010
15771	5.6569e-010
15772	5.7728e-010
15773	5.8733e-010
15774	6.0269e-010
15775	6.1729e-010
15776	6.3148e-010
15777	6.448e-010
15778	6.5916e-010
15779	6.7414e-010
15780	6.886e-010
15781	7.0534e-010
15782	7.2155e-010
15783	7.3778e-010
15784	7.5469e-010
15785	7.7215e-010
15786	7.9004e-010
15787	8.0502e-010
15788	8.2527e-010
15789	8.4379e-010
15790	8.6357e-010
15791	8.8608e-010
15792	9.0644e-010
15793	9.2034e-010
15794	9.3781e-010
15795	9.7281e-010
15796	9.7487e-010
15797	9.3953e-010
15798	9.2194e-010
15799	9.1207e-010
15800	8.9389e-010
15801	8.7163e-010
15802	8.5265e-010
15803	8.3474e-010
15804	8.1126e-010
15805	8.0165e-010
15806	7.838e-010
15807	7.6721e-010
15808	7.5135e-010
15809	7.3614e-010
15810	7.1959e-010
15811	6.9984e-010
15812	6.8906e-010
15813	6.7501e-010
15814	6.6203e-010
15815	6.5323e-010
15816	6.4211e-010
15817	6.2626e-010
15818	5.9211e-010
15819	6.0404e-010
15820	5.9726e-010
15821	5.8877e-010
15822	5.4124e-010
15823	5.6142e-010
15824	5.5982e-010
15825	5.089e-010
15826	5.0709e-010
15827	5.3356e-010
15828	4.7487e-010
15829	4.881e-010
15830	5.0641e-010
15831	4.5346e-010
15832	5.011e-010
15833	4.2207e-010
15834	4.4909e-010
15835	4.2369e-010
15836	3.9537e-010
15837	4.0755e-010
15838	3.7602e-010
15839	3.931e-010
15840	3.5836e-010
15841	3.6885e-010
15842	3.428e-010
15843	3.4197e-010
15844	3.3308e-010
15845	3.1959e-010
15846	3.428e-010
15847	3.2083e-010
15848	3.3672e-010
15849	3.008e-010
15850	3.0845e-010
15851	3.4437e-010
15852	3.5212e-010
15853	3.6928e-010
15854	4.04e-010
15855	5.6977e-010
15856	8.3284e-010
15857	8.2249e-010
15858	7.0601e-010
15859	1.272e-009
15860	1.2195e-009
15861	3.0545e-010
15862	1.7036e-010
15863	1.9866e-010
15864	2.5038e-010
15865	2.7601e-010
15866	2.9679e-010
15867	3.1162e-010
15868	3.2046e-010
15869	3.2304e-010
15870	3.2424e-010
15871	3.2361e-010
15872	3.2289e-010
15873	3.264e-010
15874	3.2648e-010
15875	3.3271e-010
15876	3.3598e-010
15877	3.4283e-010
15878	3.5012e-010
15879	3.5701e-010
15880	3.6674e-010
15881	3.7357e-010
15882	3.8438e-010
15883	3.9143e-010
15884	4.0235e-010
15885	4.1033e-010
15886	4.2044e-010
15887	4.3057e-010
15888	4.3874e-010
15889	4.5182e-010
15890	4.584e-010
15891	4.7202e-010
15892	4.8149e-010
15893	4.9071e-010
15894	5.0461e-010
15895	5.1431e-010
15896	5.2526e-010
15897	5.3926e-010
15898	5.5132e-010
15899	5.6018e-010
15900	5.7659e-010
15901	5.888e-010
15902	6.024e-010
15903	6.1367e-010
15904	6.296e-010
15905	6.4355e-010
15906	6.5802e-010
15907	6.7263e-010
15908	6.8776e-010
15909	7.0356e-010
15910	7.1856e-010
15911	7.3585e-010
15912	7.5255e-010
15913	7.6953e-010
15914	7.87e-010
15915	8.0478e-010
15916	8.2406e-010
15917	8.3974e-010
15918	8.6149e-010
15919	8.801e-010
15920	9.0009e-010
15921	9.223e-010
15922	9.4465e-010
15923	9.6149e-010
15924	9.788e-010
15925	1.0131e-009
15926	1.0154e-009
15927	9.8064e-010
15928	9.6376e-010
15929	9.5035e-010
15930	9.2939e-010
15931	9.0792e-010
15932	8.8897e-010
15933	8.723e-010
15934	8.465e-010
15935	8.3723e-010
15936	8.1631e-010
15937	7.9919e-010
15938	7.8251e-010
15939	7.6678e-010
15940	7.5112e-010
15941	7.313e-010
15942	7.1974e-010
15943	7.0427e-010
15944	6.8955e-010
15945	6.7574e-010
15946	6.6435e-010
15947	6.5754e-010
15948	6.2231e-010
15949	6.3219e-010
15950	6.1149e-010
15951	6.1362e-010
15952	5.7267e-010
15953	5.8447e-010
15954	5.7262e-010
15955	5.3805e-010
15956	5.2953e-010
15957	5.4477e-010
15958	5.0547e-010
15959	5.0327e-010
15960	5.1696e-010
15961	4.8573e-010
15962	5.0742e-010
15963	4.5146e-010
15964	4.5585e-010
15965	4.3579e-010
15966	4.1633e-010
15967	4.1905e-010
15968	3.96e-010
15969	4.0324e-010
15970	3.7666e-010
15971	3.8049e-010
15972	3.5743e-010
15973	3.548e-010
15974	3.448e-010
15975	3.3219e-010
15976	3.5258e-010
15977	3.4013e-010
15978	3.4657e-010
15979	3.145e-010
15980	3.2061e-010
15981	3.5094e-010
15982	3.6759e-010
15983	3.9894e-010
15984	3.9068e-010
15985	5.4093e-010
15986	8.2265e-010
15987	8.8719e-010
15988	7.7011e-010
15989	1.2283e-009
15990	1.244e-009
15991	3.0548e-010
15992	1.7037e-010
15993	1.9865e-010
15994	2.5041e-010
15995	2.7609e-010
15996	2.9692e-010
15997	3.1177e-010
15998	3.2062e-010
15999	3.2319e-010
16000	3.2436e-010
16001	3.2367e-010
16002	3.2292e-010
16003	3.2645e-010
16004	3.2656e-010
16005	3.3279e-010
16006	3.3606e-010
16007	3.4293e-010
16008	3.5023e-010
16009	3.5711e-010
16010	3.6679e-010
16011	3.7364e-010
16012	3.8454e-010
16013	3.9163e-010
16014	4.0251e-010
16015	4.1045e-010
16016	4.2053e-010
16017	4.3067e-010
16018	4.3887e-010
16019	4.5198e-010
16020	4.5856e-010
16021	4.7215e-010
16022	4.8164e-010
16023	4.9092e-010
16024	5.0481e-010
16025	5.1442e-010
16026	5.2531e-010
16027	5.3946e-010
16028	5.5167e-010
16029	5.6052e-010
16030	5.7677e-010
16031	5.8898e-010
16032	6.0266e-010
16033	6.1397e-010
16034	6.2998e-010
16035	6.4393e-010
16036	6.5836e-010
16037	6.7306e-010
16038	6.8824e-010
16039	7.0401e-010
16040	7.1895e-010
16041	7.3615e-010
16042	7.5289e-010
16043	7.6974e-010
16044	7.8705e-010
16045	8.0466e-010
16046	8.2401e-010
16047	8.3965e-010
16048	8.614e-010
16049	8.7998e-010
16050	8.9991e-010
16051	9.2174e-010
16052	9.4405e-010
16053	9.6103e-010
16054	9.7831e-010
16055	1.0128e-009
16056	1.0151e-009
16057	9.804e-010
16058	9.6347e-010
16059	9.5024e-010
16060	9.2933e-010
16061	9.0783e-010
16062	8.8888e-010
16063	8.722e-010
16064	8.4642e-010
16065	8.3731e-010
16066	8.1634e-010
16067	7.9928e-010
16068	7.8267e-010
16069	7.6694e-010
16070	7.5151e-010
16071	7.3139e-010
16072	7.2021e-010
16073	7.0451e-010
16074	6.8986e-010
16075	6.7589e-010
16076	6.6485e-010
16077	6.5828e-010
16078	6.2301e-010
16079	6.3279e-010
16080	6.1179e-010
16081	6.1478e-010
16082	5.7309e-010
16083	5.8554e-010
16084	5.7246e-010
16085	5.3775e-010
16086	5.2922e-010
16087	5.444e-010
16088	5.0509e-010
16089	5.0281e-010
16090	5.1646e-010
16091	4.8522e-010
16092	5.069e-010
16093	4.5094e-010
16094	4.5532e-010
16095	4.3528e-010
16096	4.1584e-010
16097	4.1858e-010
16098	3.9551e-010
16099	4.0278e-010
16100	3.7616e-010
16101	3.8005e-010
16102	3.5701e-010
16103	3.5443e-010
16104	3.4445e-010
16105	3.3187e-010
16106	3.5235e-010
16107	3.3997e-010
16108	3.4645e-010
16109	3.1446e-010
16110	3.2054e-010
16111	3.5081e-010
16112	3.6745e-010
16113	3.9874e-010
16114	3.9045e-010
16115	5.406e-010
16116	8.2223e-010
16117	8.8687e-010
16118	7.6985e-010
16119	1.2281e-009
16120	1.2439e-009
16121	3.1557e-010
16122	1.3827e-010
16123	2.0452e-010
16124	2.5116e-010
16125	2.7099e-010
16126	2.896e-010
16127	3.0263e-010
16128	3.093e-010
16129	3.1042e-010
16130	3.1221e-010
16131	3.1098e-010
16132	3.0943e-010
16133	3.1323e-010
16134	3.1179e-010
16135	3.1917e-010
16136	3.2192e-010
16137	3.2885e-010
16138	3.3572e-010
16139	3.4224e-010
16140	3.5191e-010
16141	3.578e-010
16142	3.6927e-010
16143	3.7507e-010
16144	3.8651e-010
16145	3.9335e-010
16146	4.0327e-010
16147	4.1358e-010
16148	4.199e-010
16149	4.3446e-010
16150	4.3833e-010
16151	4.5359e-010
16152	4.6235e-010
16153	4.6982e-010
16154	4.8509e-010
16155	4.9321e-010
16156	5.0293e-010
16157	5.1824e-010
16158	5.2922e-010
16159	5.3634e-010
16160	5.5331e-010
16161	5.6598e-010
16162	5.7771e-010
16163	5.8797e-010
16164	6.0354e-010
16165	6.1798e-010
16166	6.322e-010
16167	6.4577e-010
16168	6.6006e-010
16169	6.749e-010
16170	6.892e-010
16171	7.0578e-010
16172	7.2196e-010
16173	7.3796e-010
16174	7.5466e-010
16175	7.7204e-010
16176	7.8986e-010
16177	8.0467e-010
16178	8.2487e-010
16179	8.4354e-010
16180	8.6326e-010
16181	8.8524e-010
16182	9.0559e-010
16183	9.1956e-010
16184	9.3739e-010
16185	9.7253e-010
16186	9.741e-010
16187	9.3872e-010
16188	9.2145e-010
16189	9.117e-010
16190	8.9362e-010
16191	8.7147e-010
16192	8.5248e-010
16193	8.344e-010
16194	8.1114e-010
16195	8.0175e-010
16196	7.8423e-010
16197	7.6741e-010
16198	7.5165e-010
16199	7.3643e-010
16200	7.1992e-010
16201	7.0058e-010
16202	6.894e-010
16203	6.7537e-010
16204	6.624e-010
16205	6.534e-010
16206	6.425e-010
16207	6.2858e-010
16208	5.9152e-010
16209	6.0612e-010
16210	5.9742e-010
16211	5.929e-010
16212	5.3862e-010
16213	5.6532e-010
16214	5.5966e-010
16215	5.0863e-010
16216	5.0689e-010
16217	5.3326e-010
16218	4.7449e-010
16219	4.8745e-010
16220	5.0563e-010
16221	4.5268e-010
16222	5.0013e-010
16223	4.211e-010
16224	4.4795e-010
16225	4.2262e-010
16226	3.9428e-010
16227	4.0651e-010
16228	3.7503e-010
16229	3.9218e-010
16230	3.5742e-010
16231	3.6801e-010
16232	3.4198e-010
16233	3.4122e-010
16234	3.3236e-010
16235	3.1894e-010
16236	3.4231e-010
16237	3.2045e-010
16238	3.3643e-010
16239	3.0064e-010
16240	3.0826e-010
16241	3.4412e-010
16242	3.5191e-010
16243	3.6894e-010
16244	4.0357e-010
16245	5.6912e-010
16246	8.3202e-010
16247	8.2194e-010
16248	7.0548e-010
16249	1.2711e-009
16250	1.2191e-009
16251	3.056e-010
16252	1.7044e-010
16253	1.9863e-010
16254	2.504e-010
16255	2.7611e-010
16256	2.9697e-010
16257	3.1184e-010
16258	3.2068e-010
16259	3.2327e-010
16260	3.245e-010
16261	3.2392e-010
16262	3.232e-010
16263	3.2664e-010
16264	3.2668e-010
16265	3.3291e-010
16266	3.3624e-010
16267	3.4315e-010
16268	3.5049e-010
16269	3.5735e-010
16270	3.6696e-010
16271	3.7374e-010
16272	3.846e-010
16273	3.9168e-010
16274	4.026e-010
16275	4.1059e-010
16276	4.2071e-010
16277	4.3089e-010
16278	4.3911e-010
16279	4.5217e-010
16280	4.5868e-010
16281	4.7225e-010
16282	4.8176e-010
16283	4.9109e-010
16284	5.0497e-010
16285	5.146e-010
16286	5.2551e-010
16287	5.3961e-010
16288	5.5186e-010
16289	5.6083e-010
16290	5.7718e-010
16291	5.893e-010
16292	6.028e-010
16293	6.1406e-010
16294	6.3011e-010
16295	6.4428e-010
16296	6.5886e-010
16297	6.7349e-010
16298	6.8862e-010
16299	7.0442e-010
16300	7.192e-010
16301	7.3644e-010
16302	7.5306e-010
16303	7.6976e-010
16304	7.8737e-010
16305	8.0511e-010
16306	8.2451e-010
16307	8.3999e-010
16308	8.6146e-010
16309	8.8014e-010
16310	8.9987e-010
16311	9.2163e-010
16312	9.4421e-010
16313	9.61e-010
16314	9.782e-010
16315	1.0129e-009
16316	1.0149e-009
16317	9.8009e-010
16318	9.6344e-010
16319	9.5017e-010
16320	9.2914e-010
16321	9.0776e-010
16322	8.8897e-010
16323	8.7217e-010
16324	8.4649e-010
16325	8.3718e-010
16326	8.1644e-010
16327	7.9941e-010
16328	7.828e-010
16329	7.6702e-010
16330	7.515e-010
16331	7.3128e-010
16332	7.2037e-010
16333	7.0457e-010
16334	6.8992e-010
16335	6.7605e-010
16336	6.6482e-010
16337	6.5881e-010
16338	6.2227e-010
16339	6.3325e-010
16340	6.115e-010
16341	6.1521e-010
16342	5.7217e-010
16343	5.8589e-010
16344	5.7228e-010
16345	5.3762e-010
16346	5.2905e-010
16347	5.4422e-010
16348	5.0477e-010
16349	5.0246e-010
16350	5.1612e-010
16351	4.8476e-010
16352	5.0638e-010
16353	4.5033e-010
16354	4.5474e-010
16355	4.348e-010
16356	4.1543e-010
16357	4.1819e-010
16358	3.9509e-010
16359	4.0238e-010
16360	3.7579e-010
16361	3.797e-010
16362	3.5666e-010
16363	3.5411e-010
16364	3.442e-010
16365	3.3168e-010
16366	3.5221e-010
16367	3.3977e-010
16368	3.4634e-010
16369	3.1425e-010
16370	3.2038e-010
16371	3.5069e-010
16372	3.6717e-010
16373	3.9857e-010
16374	3.9017e-010
16375	5.4036e-010
16376	8.2209e-010
16377	8.8675e-010
16378	7.6972e-010
16379	1.2274e-009
16380	1.2434e-009
16381	3.056e-010
16382	1.7044e-010
16383	1.9863e-010
16384	2.504e-010
16385	2.7611e-010
16386	2.9697e-010
16387	3.1184e-010
16388	3.2068e-010
16389	3.2327e-010
16390	3.245e-010
16391	3.2392e-010
16392	3.232e-010
16393	3.2664e-010
16394	3.2668e-010
16395	3.3291e-010
16396	3.3624e-010
16397	3.4315e-010
16398	3.5049e-010
16399	3.5735e-010
16400	3.6696e-010
16401	3.7374e-010
16402	3.846e-010
16403	3.9168e-010
16404	4.026e-010
16405	4.1059e-010
16406	4.2071e-010
16407	4.3089e-010
16408	4.3911e-010
16409	4.5217e-010
16410	4.5868e-010
16411	4.7225e-010
16412	4.8176e-010
16413	4.9109e-010
16414	5.0497e-010
16415	5.146e-010
16416	5.2551e-010
16417	5.3961e-010
16418	5.5186e-010
16419	5.6082e-010
16420	5.7718e-010
16421	5.893e-010
16422	6.028e-010
16423	6.1406e-010
16424	6.3011e-010
16425	6.4428e-010
16426	6.5886e-010
16427	6.7349e-010
16428	6.8862e-010
16429	7.0442e-010
16430	7.192e-010
16431	7.3644e-010
16432	7.5306e-010
16433	7.6976e-010
16434	7.8737e-010
16435	8.0511e-010
16436	8.2451e-010
16437	8.3999e-010
16438	8.6146e-010
16439	8.8014e-010
16440	8.9987e-010
16441	9.2163e-010
16442	9.4421e-010
16443	9.61e-010
16444	9.782e-010
16445	1.0129e-009
16446	1.0149e-009
16447	9.8009e-010
16448	9.6344e-010
16449	9.5017e-010
16450	9.2914e-010
16451	9.0776e-010
16452	8.8897e-010
16453	8.7217e-010
16454	8.4649e-010
16455	8.3718e-010
16456	8.1644e-010
16457	7.9941e-010
16458	7.8277e-010
16459	7.6704e-010
16460	7.5175e-010
16461	7.3032e-010
16462	7.2058e-010
16463	7.0457e-010
16464	6.8989e-010
16465	6.7606e-010
16466	6.6482e-010
16467	6.5877e-010
16468	6.2264e-010
16469	6.3321e-010
16470	6.1149e-010
16471	6.1527e-010
16472	5.7216e-010
16473	5.8593e-010
16474	5.7228e-010
16475	5.3762e-010
16476	5.2905e-010
16477	5.4422e-010
16478	5.0477e-010
16479	5.0246e-010
16480	5.1612e-010
16481	4.8476e-010
16482	5.0638e-010
16483	4.5033e-010
16484	4.5474e-010
16485	4.348e-010
16486	4.1543e-010
16487	4.1819e-010
16488	3.9509e-010
16489	4.0238e-010
16490	3.7579e-010
16491	3.797e-010
16492	3.5666e-010
16493	3.5411e-010
16494	3.442e-010
16495	3.3168e-010
16496	3.5221e-010
16497	3.3977e-010
16498	3.4634e-010
16499	3.1425e-010
16500	3.2038e-010
16501	3.5069e-010
16502	3.6717e-010
16503	3.9857e-010
16504	3.9017e-010
16505	5.4036e-010
16506	8.2209e-010
16507	8.8675e-010
16508	7.6972e-010
16509	1.2274e-009
16510	1.2434e-009
16511	3.1557e-010
16512	1.3827e-010
16513	2.0452e-010
16514	2.5116e-010
16515	2.7099e-010
16516	2.896e-010
16517	3.0263e-010
16518	3.093e-010
16519	3.1042e-010
16520	3.1221e-010
16521	3.1098e-010
16522	3.0943e-010
16523	3.1323e-010
16524	3.1179e-010
16525	3.1917e-010
16526	3.2192e-010
16527	3.2885e-010
16528	3.3572e-010
16529	3.4224e-010
16530	3.5191e-010
16531	3.578e-010
16532	3.6927e-010
16533	3.7507e-010
16534	3.8651e-010
16535	3.9335e-010
16536	4.0327e-010
16537	4.1358e-010
16538	4.199e-010
16539	4.3446e-010
16540	4.3833e-010
16541	4.536e-010
16542	4.6235e-010
16543	4.6982e-010
16544	4.8509e-010
16545	4.9321e-010
16546	5.0293e-010
16547	5.1824e-010
16548	5.2922e-010
16549	5.3634e-010
16550	5.5331e-010
16551	5.6598e-010
16552	5.7771e-010
16553	5.8797e-010
16554	6.0354e-010
16555	6.1798e-010
16556	6.322e-010
16557	6.4577e-010
16558	6.6006e-010
16559	6.749e-010
16560	6.892e-010
16561	7.0578e-010
16562	7.2196e-010
16563	7.3796e-010
16564	7.5466e-010
16565	7.7204e-010
16566	7.8986e-010
16567	8.0467e-010
16568	8.2487e-010
16569	8.4354e-010
16570	8.6326e-010
16571	8.8524e-010
16572	9.0559e-010
16573	9.1956e-010
16574	9.3739e-010
16575	9.7253e-010
16576	9.741e-010
16577	9.3872e-010
16578	9.2145e-010
16579	9.117e-010
16580	8.9363e-010
16581	8.7147e-010
16582	8.5248e-010
16583	8.344e-010
16584	8.1114e-010
16585	8.0175e-010
16586	7.8422e-010
16587	7.6742e-010
16588	7.516e-010
16589	7.3649e-010
16590	7.1989e-010
16591	6.9977e-010
16592	6.8933e-010
16593	6.7541e-010
16594	6.6236e-010
16595	6.5338e-010
16596	6.4257e-010
16597	6.2845e-010
16598	5.9165e-010
16599	6.0598e-010
16600	5.9751e-010
16601	5.9286e-010
16602	5.3862e-010
16603	5.6529e-010
16604	5.5969e-010
16605	5.0863e-010
16606	5.0689e-010
16607	5.3326e-010
16608	4.7449e-010
16609	4.8745e-010
16610	5.0563e-010
16611	4.5268e-010
16612	5.0014e-010
16613	4.211e-010
16614	4.4795e-010
16615	4.2262e-010
16616	3.9428e-010
16617	4.0651e-010
16618	3.7503e-010
16619	3.9218e-010
16620	3.5742e-010
16621	3.6801e-010
16622	3.4198e-010
16623	3.4122e-010
16624	3.3236e-010
16625	3.1894e-010
16626	3.4231e-010
16627	3.2045e-010
16628	3.3643e-010
16629	3.0064e-010
16630	3.0826e-010
16631	3.4412e-010
16632	3.5191e-010
16633	3.6894e-010
16634	4.0357e-010
16635	5.6912e-010
16636	8.3202e-010
16637	8.2194e-010
16638	7.0548e-010
16639	1.2711e-009
16640	1.2191e-009
16641	3.0548e-010
16642	1.7037e-010
16643	1.9865e-010
16644	2.5041e-010
16645	2.7609e-010
16646	2.9692e-010
16647	3.1177e-010
16648	3.2062e-010
16649	3.2319e-010
16650	3.2436e-010
16651	3.2367e-010
16652	3.2292e-010
16653	3.2645e-010
16654	3.2656e-010
16655	3.3279e-010
16656	3.3606e-010
16657	3.4293e-010
16658	3.5023e-010
16659	3.5711e-010
16660	3.6679e-010
16661	3.7364e-010
16662	3.8454e-010
16663	3.9163e-010
16664	4.0251e-010
16665	4.1045e-010
16666	4.2053e-010
16667	4.3067e-010
16668	4.3887e-010
16669	4.5198e-010
16670	4.5856e-010
16671	4.7215e-010
16672	4.8164e-010
16673	4.9092e-010
16674	5.0481e-010
16675	5.1442e-010
16676	5.2531e-010
16677	5.3946e-010
16678	5.5167e-010
16679	5.6052e-010
16680	5.7677e-010
16681	5.8898e-010
16682	6.0266e-010
16683	6.1397e-010
16684	6.2999e-010
16685	6.4393e-010
16686	6.5836e-010
16687	6.7306e-010
16688	6.8824e-010
16689	7.0401e-010
16690	7.1895e-010
16691	7.3615e-010
16692	7.5289e-010
16693	7.6974e-010
16694	7.8705e-010
16695	8.0466e-010
16696	8.2401e-010
16697	8.3965e-010
16698	8.614e-010
16699	8.7998e-010
16700	8.9991e-010
16701	9.2174e-010
16702	9.4405e-010
16703	9.6103e-010
16704	9.7831e-010
16705	1.0128e-009
16706	1.0151e-009
16707	9.804e-010
16708	9.6347e-010
16709	9.5024e-010
16710	9.2933e-010
16711	9.0783e-010
16712	8.8887e-010
16713	8.722e-010
16714	8.4642e-010
16715	8.3731e-010
16716	8.1633e-010
16717	7.9928e-010
16718	7.8262e-010
16719	7.6697e-010
16720	7.5184e-010
16721	7.303e-010
16722	7.2048e-010
16723	7.0454e-010
16724	6.8982e-010
16725	6.7597e-010
16726	6.6492e-010
16727	6.5634e-010
16728	6.2482e-010
16729	6.3088e-010
16730	6.1174e-010
16731	6.1537e-010
16732	5.7228e-010
16733	5.8604e-010
16734	5.7236e-010
16735	5.3776e-010
16736	5.2922e-010
16737	5.444e-010
16738	5.0509e-010
16739	5.0281e-010
16740	5.1646e-010
16741	4.8522e-010
16742	5.069e-010
16743	4.5094e-010
16744	4.5532e-010
16745	4.3528e-010
16746	4.1584e-010
16747	4.1858e-010
16748	3.9551e-010
16749	4.0278e-010
16750	3.7616e-010
16751	3.8005e-010
16752	3.5701e-010
16753	3.5443e-010
16754	3.4445e-010
16755	3.3187e-010
16756	3.5235e-010
16757	3.3997e-010
16758	3.4645e-010
16759	3.1446e-010
16760	3.2054e-010
16761	3.5081e-010
16762	3.6745e-010
16763	3.9874e-010
16764	3.9045e-010
16765	5.406e-010
16766	8.2223e-010
16767	8.8687e-010
16768	7.6985e-010
16769	1.2281e-009
16770	1.2439e-009
16771	3.0545e-010
16772	1.7036e-010
16773	1.9866e-010
16774	2.5038e-010
16775	2.7601e-010
16776	2.9679e-010
16777	3.1162e-010
16778	3.2046e-010
16779	3.2304e-010
16780	3.2424e-010
16781	3.2361e-010
16782	3.2289e-010
16783	3.264e-010
16784	3.2648e-010
16785	3.3271e-010
16786	3.3598e-010
16787	3.4283e-010
16788	3.5012e-010
16789	3.5701e-010
16790	3.6674e-010
16791	3.7357e-010
16792	3.8438e-010
16793	3.9143e-010
16794	4.0235e-010
16795	4.1033e-010
16796	4.2044e-010
16797	4.3057e-010
16798	4.3874e-010
16799	4.5182e-010
16800	4.584e-010
16801	4.7202e-010
16802	4.8149e-010
16803	4.9071e-010
16804	5.0461e-010
16805	5.1431e-010
16806	5.2526e-010
16807	5.3926e-010
16808	5.5132e-010
16809	5.6018e-010
16810	5.7659e-010
16811	5.888e-010
16812	6.024e-010
16813	6.1367e-010
16814	6.296e-010
16815	6.4355e-010
16816	6.5802e-010
16817	6.7263e-010
16818	6.8776e-010
16819	7.0356e-010
16820	7.1856e-010
16821	7.3585e-010
16822	7.5255e-010
16823	7.6953e-010
16824	7.87e-010
16825	8.0478e-010
16826	8.2406e-010
16827	8.3974e-010
16828	8.6149e-010
16829	8.801e-010
16830	9.0009e-010
16831	9.223e-010
16832	9.4465e-010
16833	9.6149e-010
16834	9.788e-010
16835	1.0131e-009
16836	1.0154e-009
16837	9.8064e-010
16838	9.6376e-010
16839	9.5035e-010
16840	9.2939e-010
16841	9.0792e-010
16842	8.8897e-010
16843	8.723e-010
16844	8.465e-010
16845	8.3723e-010
16846	8.163e-010
16847	7.9919e-010
16848	7.8246e-010
16849	7.6678e-010
16850	7.5156e-010
16851	7.3016e-010
16852	7.2012e-010
16853	7.0427e-010
16854	6.8951e-010
16855	6.7579e-010
16856	6.6439e-010
16857	6.5575e-010
16858	6.2349e-010
16859	6.3037e-010
16860	6.114e-010
16861	6.1542e-010
16862	5.7223e-010
16863	5.8611e-010
16864	5.7253e-010
16865	5.3802e-010
16866	5.2954e-010
16867	5.4477e-010
16868	5.0547e-010
16869	5.0327e-010
16870	5.1696e-010
16871	4.8573e-010
16872	5.0742e-010
16873	4.5146e-010
16874	4.5585e-010
16875	4.3579e-010
16876	4.1633e-010
16877	4.1905e-010
16878	3.96e-010
16879	4.0324e-010
16880	3.7666e-010
16881	3.8049e-010
16882	3.5743e-010
16883	3.548e-010
16884	3.448e-010
16885	3.3219e-010
16886	3.5258e-010
16887	3.4013e-010
16888	3.4657e-010
16889	3.145e-010
16890	3.2061e-010
16891	3.5094e-010
16892	3.6759e-010
16893	3.9894e-010
16894	3.9068e-010
16895	5.4093e-010
16896	8.2265e-010
16897	8.8719e-010
16898	7.7011e-010
16899	1.2283e-009
16900	1.244e-009
16901	3.1541e-010
16902	1.3817e-010
16903	2.0444e-010
16904	2.5103e-010
16905	2.7079e-010
16906	2.8931e-010
16907	3.0231e-010
16908	3.09e-010
16909	3.1014e-010
16910	3.1195e-010
16911	3.1073e-010
16912	3.0918e-010
16913	3.1297e-010
16914	3.1154e-010
16915	3.1897e-010
16916	3.2179e-010
16917	3.287e-010
16918	3.3547e-010
16919	3.4198e-010
16920	3.5175e-010
16921	3.5767e-010
16922	3.6902e-010
16923	3.7476e-010
16924	3.8625e-010
16925	3.9313e-010
16926	4.0309e-010
16927	4.1336e-010
16928	4.1963e-010
16929	4.3413e-010
16930	4.38e-010
16931	4.5332e-010
16932	4.6204e-010
16933	4.694e-010
16934	4.8464e-010
16935	4.9293e-010
16936	5.0287e-010
16937	5.1799e-010
16938	5.2866e-010
16939	5.3576e-010
16940	5.5296e-010
16941	5.6569e-010
16942	5.7728e-010
16943	5.8733e-010
16944	6.0269e-010
16945	6.1729e-010
16946	6.3149e-010
16947	6.448e-010
16948	6.5916e-010
16949	6.7414e-010
16950	6.886e-010
16951	7.0534e-010
16952	7.2154e-010
16953	7.3778e-010
16954	7.5469e-010
16955	7.7215e-010
16956	7.9004e-010
16957	8.0502e-010
16958	8.2527e-010
16959	8.4379e-010
16960	8.6357e-010
16961	8.8608e-010
16962	9.0644e-010
16963	9.2034e-010
16964	9.3781e-010
16965	9.7281e-010
16966	9.7487e-010
16967	9.3953e-010
16968	9.2194e-010
16969	9.1207e-010
16970	8.9389e-010
16971	8.7163e-010
16972	8.5265e-010
16973	8.3474e-010
16974	8.1126e-010
16975	8.0165e-010
16976	7.838e-010
16977	7.6721e-010
16978	7.5131e-010
16979	7.3611e-010
16980	7.1988e-010
16981	6.9921e-010
16982	6.893e-010
16983	6.75e-010
16984	6.62e-010
16985	6.532e-010
16986	6.4231e-010
16987	6.2606e-010
16988	5.9336e-010
16989	6.0379e-010
16990	5.9738e-010
16991	5.9286e-010
16992	5.3845e-010
16993	5.6527e-010
16994	5.5978e-010
16995	5.0878e-010
16996	5.0709e-010
16997	5.3356e-010
16998	4.7487e-010
16999	4.881e-010
17000	5.0641e-010
17001	4.5346e-010
17002	5.011e-010
17003	4.2207e-010
17004	4.4909e-010
17005	4.2369e-010
17006	3.9537e-010
17007	4.0755e-010
17008	3.7602e-010
17009	3.931e-010
17010	3.5836e-010
17011	3.6885e-010
17012	3.428e-010
17013	3.4197e-010
17014	3.3308e-010
17015	3.1959e-010
17016	3.428e-010
17017	3.2083e-010
17018	3.3672e-010
17019	3.008e-010
17020	3.0845e-010
17021	3.4437e-010
17022	3.5211e-010
17023	3.6928e-010
17024	4.04e-010
17025	5.6977e-010
17026	8.3284e-010
17027	8.2249e-010
17028	7.0601e-010
17029	1.272e-009
17030	1.2195e-009
17031	3.0545e-010
17032	1.7036e-010
17033	1.9866e-010
17034	2.5038e-010
17035	2.7601e-010
17036	2.9679e-010
17037	3.1162e-010
17038	3.2046e-010
17039	3.2304e-010
17040	3.2424e-010
17041	3.2361e-010
17042	3.2289e-010
17043	3.264e-010
17044	3.2648e-010
17045	3.3271e-010
17046	3.3598e-010
17047	3.4283e-010
17048	3.5012e-010
17049	3.5701e-010
17050	3.6674e-010
17051	3.7357e-010
17052	3.8438e-010
17053	3.9143e-010
17054	4.0235e-010
17055	4.1033e-010
17056	4.2044e-010
17057	4.3057e-010
17058	4.3874e-010
17059	4.5182e-010
17060	4.584e-010
17061	4.7202e-010
17062	4.8149e-010
17063	4.9071e-010
17064	5.0461e-010
17065	5.1431e-010
17066	5.2526e-010
17067	5.3926e-010
17068	5.5132e-010
17069	5.6018e-010
17070	5.7659e-010
17071	5.888e-010
17072	6.024e-010
17073	6.1367e-010
17074	6.296e-010
17075	6.4355e-010
17076	6.5802e-010
17077	6.7263e-010
17078	6.8776e-010
17079	7.0356e-010
17080	7.1856e-010
17081	7.3585e-010
17082	7.5255e-010
17083	7.6953e-010
17084	7.87e-010
17085	8.0478e-010
17086	8.2406e-010
17087	8.3974e-010
17088	8.6149e-010
17089	8.801e-010
17090	9.0009e-010
17091	9.223e-010
17092	9.4465e-010
17093	9.6149e-010
17094	9.788e-010
17095	1.0131e-009
17096	1.0154e-009
17097	9.8064e-010
17098	9.6376e-010
17099	9.5035e-010
17100	9.2939e-010
17101	9.0792e-010
17102	8.8897e-010
17103	8.723e-010
17104	8.4649e-010
17105	8.3723e-010
17106	8.163e-010
17107	7.9919e-010
17108	7.8247e-010
17109	7.6677e-010
17110	7.5157e-010
17111	7.3014e-010
17112	7.2013e-010
17113	7.0425e-010
17114	6.8954e-010
17115	6.756e-010
17116	6.6469e-010
17117	6.5757e-010
17118	6.2318e-010
17119	6.3225e-010
17120	6.1166e-010
17121	6.1525e-010
17122	5.7223e-010
17123	5.8609e-010
17124	5.7253e-010
17125	5.3801e-010
17126	5.2954e-010
17127	5.4477e-010
17128	5.0547e-010
17129	5.0327e-010
17130	5.1696e-010
17131	4.8573e-010
17132	5.0742e-010
17133	4.5147e-010
17134	4.5585e-010
17135	4.3579e-010
17136	4.1633e-010
17137	4.1905e-010
17138	3.96e-010
17139	4.0324e-010
17140	3.7666e-010
17141	3.8049e-010
17142	3.5743e-010
17143	3.548e-010
17144	3.448e-010
17145	3.3219e-010
17146	3.5258e-010
17147	3.4013e-010
17148	3.4657e-010
17149	3.145e-010
17150	3.2061e-010
17151	3.5094e-010
17152	3.6759e-010
17153	3.9894e-010
17154	3.9068e-010
17155	5.4093e-010
17156	8.2265e-010
17157	8.8719e-010
17158	7.7011e-010
17159	1.2283e-009
17160	1.244e-009
17161	3.0548e-010
17162	1.7037e-010
17163	1.9865e-010
17164	2.5041e-010
17165	2.7609e-010
17166	2.9692e-010
17167	3.1177e-010
17168	3.2062e-010
17169	3.2319e-010
17170	3.2436e-010
17171	3.2367e-010
17172	3.2292e-010
17173	3.2645e-010
17174	3.2656e-010
17175	3.3279e-010
17176	3.3606e-010
17177	3.4293e-010
17178	3.5023e-010
17179	3.5711e-010
17180	3.6679e-010
17181	3.7364e-010
17182	3.8454e-010
17183	3.9163e-010
17184	4.0251e-010
17185	4.1045e-010
17186	4.2053e-010
17187	4.3067e-010
17188	4.3887e-010
17189	4.5198e-010
17190	4.5856e-010
17191	4.7215e-010
17192	4.8164e-010
17193	4.9092e-010
17194	5.0481e-010
17195	5.1442e-010
17196	5.2531e-010
17197	5.3946e-010
17198	5.5167e-010
17199	5.6052e-010
17200	5.7677e-010
17201	5.8898e-010
17202	6.0266e-010
17203	6.1397e-010
17204	6.2999e-010
17205	6.4393e-010
17206	6.5836e-010
17207	6.7306e-010
17208	6.8824e-010
17209	7.0401e-010
17210	7.1895e-010
17211	7.3615e-010
17212	7.5289e-010
17213	7.6974e-010
17214	7.8705e-010
17215	8.0466e-010
17216	8.2401e-010
17217	8.3965e-010
17218	8.614e-010
17219	8.7998e-010
17220	8.9991e-010
17221	9.2174e-010
17222	9.4405e-010
17223	9.6103e-010
17224	9.7831e-010
17225	1.0128e-009
17226	1.0151e-009
17227	9.804e-010
17228	9.6347e-010
17229	9.5024e-010
17230	9.2933e-010
17231	9.0783e-010
17232	8.8887e-010
17233	8.722e-010
17234	8.4641e-010
17235	8.3731e-010
17236	8.1633e-010
17237	7.9927e-010
17238	7.8262e-010
17239	7.6695e-010
17240	7.5184e-010
17241	7.3044e-010
17242	7.2048e-010
17243	7.0452e-010
17244	6.8982e-010
17245	6.7595e-010
17246	6.6468e-010
17247	6.5857e-010
17248	6.228e-010
17249	6.331e-010
17250	6.1149e-010
17251	6.1538e-010
17252	5.7204e-010
17253	5.8606e-010
17254	5.7235e-010
17255	5.3776e-010
17256	5.2922e-010
17257	5.444e-010
17258	5.0509e-010
17259	5.0281e-010
17260	5.1646e-010
17261	4.8522e-010
17262	5.069e-010
17263	4.5094e-010
17264	4.5532e-010
17265	4.3528e-010
17266	4.1584e-010
17267	4.1858e-010
17268	3.9551e-010
17269	4.0278e-010
17270	3.7616e-010
17271	3.8005e-010
17272	3.5701e-010
17273	3.5443e-010
17274	3.4445e-010
17275	3.3187e-010
17276	3.5235e-010
17277	3.3997e-010
17278	3.4645e-010
17279	3.1446e-010
17280	3.2054e-010
17281	3.5081e-010
17282	3.6745e-010
17283	3.9874e-010
17284	3.9045e-010
17285	5.406e-010
17286	8.2223e-010
17287	8.8687e-010
17288	7.6985e-010
17289	1.2281e-009
17290	1.2439e-009
17291	3.1557e-010
17292	1.3827e-010
17293	2.0452e-010
17294	2.5116e-010
17295	2.7099e-010
17296	2.896e-010
17297	3.0263e-010
17298	3.093e-010
17299	3.1042e-010
17300	3.1221e-010
17301	3.1098e-010
17302	3.0943e-010
17303	3.1323e-010
17304	3.1179e-010
17305	3.1917e-010
17306	3.2192e-010
17307	3.2885e-010
17308	3.3572e-010
17309	3.4224e-010
17310	3.5191e-010
17311	3.578e-010
17312	3.6927e-010
17313	3.7507e-010
17314	3.8651e-010
17315	3.9335e-010
17316	4.0327e-010
17317	4.1358e-010
17318	4.199e-010
17319	4.3446e-010
17320	4.3833e-010
17321	4.536e-010
17322	4.6235e-010
17323	4.6982e-010
17324	4.8509e-010
17325	4.9321e-010
17326	5.0293e-010
17327	5.1824e-010
17328	5.2922e-010
17329	5.3634e-010
17330	5.5331e-010
17331	5.6598e-010
17332	5.7771e-010
17333	5.8797e-010
17334	6.0353e-010
17335	6.1798e-010
17336	6.322e-010
17337	6.4577e-010
17338	6.6007e-010
17339	6.749e-010
17340	6.892e-010
17341	7.0578e-010
17342	7.2196e-010
17343	7.3796e-010
17344	7.5466e-010
17345	7.7204e-010
17346	7.8986e-010
17347	8.0467e-010
17348	8.2487e-010
17349	8.4354e-010
17350	8.6326e-010
17351	8.8524e-010
17352	9.0559e-010
17353	9.1956e-010
17354	9.3739e-010
17355	9.7253e-010
17356	9.741e-010
17357	9.3872e-010
17358	9.2145e-010
17359	9.117e-010
17360	8.9362e-010
17361	8.7148e-010
17362	8.5248e-010
17363	8.344e-010
17364	8.1115e-010
17365	8.0175e-010
17366	7.8422e-010
17367	7.6741e-010
17368	7.5161e-010
17369	7.3639e-010
17370	7.2022e-010
17371	6.9952e-010
17372	6.8964e-010
17373	6.7532e-010
17374	6.6239e-010
17375	6.5338e-010
17376	6.4249e-010
17377	6.2851e-010
17378	5.9181e-010
17379	6.0602e-010
17380	5.9755e-010
17381	5.9247e-010
17382	5.3905e-010
17383	5.6491e-010
17384	5.5979e-010
17385	5.0861e-010
17386	5.069e-010
17387	5.3325e-010
17388	4.7449e-010
17389	4.8745e-010
17390	5.0563e-010
17391	4.5268e-010
17392	5.0014e-010
17393	4.211e-010
17394	4.4795e-010
17395	4.2262e-010
17396	3.9428e-010
17397	4.0651e-010
17398	3.7503e-010
17399	3.9219e-010
17400	3.5742e-010
17401	3.6801e-010
17402	3.4198e-010
17403	3.4122e-010
17404	3.3236e-010
17405	3.1894e-010
17406	3.4231e-010
17407	3.2045e-010
17408	3.3643e-010
17409	3.0064e-010
17410	3.0826e-010
17411	3.4412e-010
17412	3.5191e-010
17413	3.6894e-010
17414	4.0357e-010
17415	5.6912e-010
17416	8.3202e-010
17417	8.2194e-010
17418	7.0548e-010
17419	1.2711e-009
17420	1.2191e-009
17421	3.056e-010
17422	1.7044e-010
17423	1.9863e-010
17424	2.504e-010
17425	2.7611e-010
17426	2.9697e-010
17427	3.1184e-010
17428	3.2068e-010
17429	3.2327e-010
17430	3.245e-010
17431	3.2392e-010
17432	3.232e-010
17433	3.2664e-010
17434	3.2668e-010
17435	3.3291e-010
17436	3.3624e-010
17437	3.4315e-010
17438	3.5049e-010
17439	3.5735e-010
17440	3.6696e-010
17441	3.7374e-010
17442	3.846e-010
17443	3.9168e-010
17444	4.026e-010
17445	4.1059e-010
17446	4.2071e-010
17447	4.3089e-010
17448	4.3911e-010
17449	4.5217e-010
17450	4.5868e-010
17451	4.7225e-010
17452	4.8176e-010
17453	4.9109e-010
17454	5.0497e-010
17455	5.146e-010
17456	5.2551e-010
17457	5.3961e-010
17458	5.5186e-010
17459	5.6082e-010
17460	5.7718e-010
17461	5.893e-010
17462	6.028e-010
17463	6.1406e-010
17464	6.3011e-010
17465	6.4428e-010
17466	6.5886e-010
17467	6.7349e-010
17468	6.8862e-010
17469	7.0442e-010
17470	7.192e-010
17471	7.3644e-010
17472	7.5306e-010
17473	7.6976e-010
17474	7.8737e-010
17475	8.0511e-010
17476	8.2451e-010
17477	8.3999e-010
17478	8.6146e-010
17479	8.8014e-010
17480	8.9987e-010
17481	9.2163e-010
17482	9.4421e-010
17483	9.61e-010
17484	9.782e-010
17485	1.0129e-009
17486	1.0149e-009
17487	9.8009e-010
17488	9.6343e-010
17489	9.5017e-010
17490	9.2914e-010
17491	9.0776e-010
17492	8.8897e-010
17493	8.7217e-010
17494	8.4649e-010
17495	8.3718e-010
17496	8.1644e-010
17497	7.9941e-010
17498	7.8276e-010
17499	7.6707e-010
17500	7.5171e-010
17501	7.3044e-010
17502	7.2054e-010
17503	7.0459e-010
17504	6.8991e-010
17505	6.7611e-010
17506	6.65e-010
17507	6.5643e-010
17508	6.2518e-010
17509	6.3091e-010
17510	6.1164e-010
17511	6.1577e-010
17512	5.732e-010
17513	5.8634e-010
17514	5.7226e-010
17515	5.3763e-010
17516	5.2905e-010
17517	5.4422e-010
17518	5.0477e-010
17519	5.0246e-010
17520	5.1612e-010
17521	4.8476e-010
17522	5.0637e-010
17523	4.5033e-010
17524	4.5474e-010
17525	4.348e-010
17526	4.1543e-010
17527	4.1819e-010
17528	3.9509e-010
17529	4.0238e-010
17530	3.7579e-010
17531	3.797e-010
17532	3.5666e-010
17533	3.5412e-010
17534	3.442e-010
17535	3.3168e-010
17536	3.5221e-010
17537	3.3977e-010
17538	3.4634e-010
17539	3.1425e-010
17540	3.2038e-010
17541	3.5069e-010
17542	3.6717e-010
17543	3.9857e-010
17544	3.9017e-010
17545	5.4036e-010
17546	8.2209e-010
17547	8.8675e-010
17548	7.6972e-010
17549	1.2274e-009
17550	1.2434e-009
17551	3.056e-010
17552	1.7044e-010
17553	1.9863e-010
17554	2.504e-010
17555	2.7611e-010
17556	2.9697e-010
17557	3.1184e-010
17558	3.2068e-010
17559	3.2327e-010
17560	3.245e-010
17561	3.2392e-010
17562	3.232e-010
17563	3.2664e-010
17564	3.2668e-010
17565	3.3291e-010
17566	3.3624e-010
17567	3.4315e-010
17568	3.5049e-010
17569	3.5735e-010
17570	3.6696e-010
17571	3.7374e-010
17572	3.846e-010
17573	3.9168e-010
17574	4.026e-010
17575	4.1059e-010
17576	4.2071e-010
17577	4.3089e-010
17578	4.3911e-010
17579	4.5217e-010
17580	4.5868e-010
17581	4.7225e-010
17582	4.8176e-010
17583	4.9109e-010
17584	5.0497e-010
17585	5.146e-010
17586	5.2551e-010
17587	5.3961e-010
17588	5.5186e-010
17589	5.6082e-010
17590	5.7718e-010
17591	5.893e-010
17592	6.028e-010
17593	6.1406e-010
17594	6.3011e-010
17595	6.4428e-010
17596	6.5886e-010
17597	6.7349e-010
17598	6.8862e-010
17599	7.0443e-010
17600	7.192e-010
17601	7.3644e-010
17602	7.5306e-010
17603	7.6976e-010
17604	7.8737e-010
17605	8.0511e-010
17606	8.2451e-010
17607	8.3999e-010
17608	8.6146e-010
17609	8.8014e-010
17610	8.9987e-010
17611	9.2163e-010
17612	9.4421e-010
17613	9.61e-010
17614	9.782e-010
17615	1.0129e-009
17616	1.0149e-009
17617	9.8009e-010
17618	9.6343e-010
17619	9.5017e-010
17620	9.2914e-010
17621	9.0776e-010
17622	8.8897e-010
17623	8.7217e-010
17624	8.4649e-010
17625	8.3718e-010
17626	8.1644e-010
17627	7.9941e-010
17628	7.8276e-010
17629	7.6707e-010
17630	7.5171e-010
17631	7.3045e-010
17632	7.2053e-010
17633	7.046e-010
17634	6.8989e-010
17635	6.7623e-010
17636	6.6473e-010
17637	6.5606e-010
17638	6.2449e-010
17639	6.3058e-010
17640	6.114e-010
17641	6.1568e-010
17642	5.7569e-010
17643	5.8616e-010
17644	5.7225e-010
17645	5.3771e-010
17646	5.2904e-010
17647	5.4422e-010
17648	5.0477e-010
17649	5.0246e-010
17650	5.1612e-010
17651	4.8476e-010
17652	5.0638e-010
17653	4.5033e-010
17654	4.5474e-010
17655	4.348e-010
17656	4.1543e-010
17657	4.1819e-010
17658	3.9509e-010
17659	4.0238e-010
17660	3.7579e-010
17661	3.797e-010
17662	3.5666e-010
17663	3.5412e-010
17664	3.442e-010
17665	3.3168e-010
17666	3.5221e-010
17667	3.3977e-010
17668	3.4634e-010
17669	3.1425e-010
17670	3.2038e-010
17671	3.5069e-010
17672	3.6717e-010
17673	3.9857e-010
17674	3.9017e-010
17675	5.4036e-010
17676	8.2209e-010
17677	8.8675e-010
17678	7.6972e-010
17679	1.2274e-009
17680	1.2434e-009
17681	3.1557e-010
17682	1.3827e-010
17683	2.0452e-010
17684	2.5116e-010
17685	2.7099e-010
17686	2.896e-010
17687	3.0263e-010
17688	3.093e-010
17689	3.1042e-010
17690	3.1221e-010
17691	3.1098e-010
17692	3.0943e-010
17693	3.1323e-010
17694	3.1179e-010
17695	3.1917e-010
17696	3.2192e-010
17697	3.2885e-010
17698	3.3572e-010
17699	3.4224e-010
17700	3.5191e-010
17701	3.578e-010
17702	3.6927e-010
17703	3.7507e-010
17704	3.8651e-010
17705	3.9335e-010
17706	4.0327e-010
17707	4.1358e-010
17708	4.199e-010
17709	4.3446e-010
17710	4.3833e-010
17711	4.536e-010
17712	4.6235e-010
17713	4.6982e-010
17714	4.8509e-010
17715	4.9321e-010
17716	5.0293e-010
17717	5.1824e-010
17718	5.2922e-010
17719	5.3634e-010
17720	5.5331e-010
17721	5.6597e-010
17722	5.7771e-010
17723	5.8797e-010
17724	6.0354e-010
17725	6.1798e-010
17726	6.322e-010
17727	6.4577e-010
17728	6.6006e-010
17729	6.749e-010
17730	6.892e-010
17731	7.0578e-010
17732	7.2196e-010
17733	7.3796e-010
17734	7.5466e-010
17735	7.7204e-010
17736	7.8986e-010
17737	8.0467e-010
17738	8.2487e-010
17739	8.4354e-010
17740	8.6326e-010
17741	8.8524e-010
17742	9.0559e-010
17743	9.1956e-010
17744	9.3739e-010
17745	9.7253e-010
17746	9.741e-010
17747	9.3872e-010
17748	9.2145e-010
17749	9.117e-010
17750	8.9362e-010
17751	8.7147e-010
17752	8.5248e-010
17753	8.344e-010
17754	8.1115e-010
17755	8.0175e-010
17756	7.8422e-010
17757	7.6741e-010
17758	7.5161e-010
17759	7.3638e-010
17760	7.2023e-010
17761	6.9956e-010
17762	6.8964e-010
17763	6.7532e-010
17764	6.6239e-010
17765	6.5345e-010
17766	6.4253e-010
17767	6.265e-010
17768	5.9404e-010
17769	6.0403e-010
17770	5.9754e-010
17771	5.9326e-010
17772	5.4007e-010
17773	5.6559e-010
17774	5.5974e-010
17775	5.0862e-010
17776	5.069e-010
17777	5.3325e-010
17778	4.7449e-010
17779	4.8744e-010
17780	5.0563e-010
17781	4.5268e-010
17782	5.0013e-010
17783	4.211e-010
17784	4.4794e-010
17785	4.2262e-010
17786	3.9428e-010
17787	4.0651e-010
17788	3.7503e-010
17789	3.9218e-010
17790	3.5742e-010
17791	3.6801e-010
17792	3.4198e-010
17793	3.4122e-010
17794	3.3236e-010
17795	3.1894e-010
17796	3.4231e-010
17797	3.2045e-010
17798	3.3643e-010
17799	3.0064e-010
17800	3.0826e-010
17801	3.4412e-010
17802	3.5191e-010
17803	3.6894e-010
17804	4.0357e-010
17805	5.6912e-010
17806	8.3202e-010
17807	8.2194e-010
17808	7.0548e-010
17809	1.2711e-009
17810	1.2191e-009
17811	3.0548e-010
17812	1.7037e-010
17813	1.9865e-010
17814	2.5041e-010
17815	2.7609e-010
17816	2.9692e-010
17817	3.1177e-010
17818	3.2062e-010
17819	3.2319e-010
17820	3.2436e-010
17821	3.2367e-010
17822	3.2292e-010
17823	3.2645e-010
17824	3.2656e-010
17825	3.3279e-010
17826	3.3606e-010
17827	3.4293e-010
17828	3.5023e-010
17829	3.5711e-010
17830	3.6679e-010
17831	3.7364e-010
17832	3.8454e-010
17833	3.9163e-010
17834	4.0251e-010
17835	4.1045e-010
17836	4.2053e-010
17837	4.3067e-010
17838	4.3887e-010
17839	4.5198e-010
17840	4.5856e-010
17841	4.7215e-010
17842	4.8164e-010
17843	4.9092e-010
17844	5.0481e-010
17845	5.1442e-010
17846	5.2531e-010
17847	5.3945e-010
17848	5.5167e-010
17849	5.6054e-010
17850	5.7677e-010
17851	5.8898e-010
17852	6.0266e-010
17853	6.1397e-010
17854	6.2998e-010
17855	6.4393e-010
17856	6.5836e-010
17857	6.7306e-010
17858	6.8824e-010
17859	7.0401e-010
17860	7.1895e-010
17861	7.3615e-010
17862	7.5289e-010
17863	7.6974e-010
17864	7.8705e-010
17865	8.0466e-010
17866	8.2401e-010
17867	8.3965e-010
17868	8.614e-010
17869	8.7998e-010
17870	8.9991e-010
17871	9.2174e-010
17872	9.4405e-010
17873	9.6103e-010
17874	9.7831e-010
17875	1.0128e-009
17876	1.0151e-009
17877	9.804e-010
17878	9.6347e-010
17879	9.5024e-010
17880	9.2933e-010
17881	9.0783e-010
17882	8.8887e-010
17883	8.722e-010
17884	8.4642e-010
17885	8.3731e-010
17886	8.1633e-010
17887	7.9928e-010
17888	7.8262e-010
17889	7.6696e-010
17890	7.5182e-010
17891	7.3052e-010
17892	7.2047e-010
17893	7.0452e-010
17894	6.8984e-010
17895	6.7595e-010
17896	6.6518e-010
17897	6.554e-010
17898	6.2662e-010
17899	6.2995e-010
17900	6.1205e-010
17901	6.1501e-010
17902	5.7267e-010
17903	5.857e-010
17904	5.7245e-010
17905	5.3773e-010
17906	5.2922e-010
17907	5.444e-010
17908	5.0509e-010
17909	5.0281e-010
17910	5.1646e-010
17911	4.8522e-010
17912	5.069e-010
17913	4.5094e-010
17914	4.5532e-010
17915	4.3528e-010
17916	4.1584e-010
17917	4.1858e-010
17918	3.9551e-010
17919	4.0278e-010
17920	3.7616e-010
17921	3.8005e-010
17922	3.5701e-010
17923	3.5443e-010
17924	3.4445e-010
17925	3.3187e-010
17926	3.5235e-010
17927	3.3997e-010
17928	3.4645e-010
17929	3.1446e-010
17930	3.2054e-010
17931	3.5081e-010
17932	3.6745e-010
17933	3.9874e-010
17934	3.9045e-010
17935	5.406e-010
17936	8.2223e-010
17937	8.8687e-010
17938	7.6985e-010
17939	1.2281e-009
17940	1.2439e-009
17941	3.0545e-010
17942	1.7036e-010
17943	1.9866e-010
17944	2.5038e-010
17945	2.7601e-010
17946	2.9679e-010
17947	3.1162e-010
17948	3.2046e-010
17949	3.2304e-010
17950	3.2424e-010
17951	3.2361e-010
17952	3.2289e-010
17953	3.264e-010
17954	3.2648e-010
17955	3.3271e-010
17956	3.3598e-010
17957	3.4283e-010
17958	3.5012e-010
17959	3.5701e-010
17960	3.6674e-010
17961	3.7357e-010
17962	3.8438e-010
17963	3.9143e-010
17964	4.0235e-010
17965	4.1033e-010
17966	4.2044e-010
17967	4.3057e-010
17968	4.3874e-010
17969	4.5182e-010
17970	4.584e-010
17971	4.7202e-010
17972	4.8149e-010
17973	4.9071e-010
17974	5.0461e-010
17975	5.1431e-010
17976	5.2526e-010
17977	5.3928e-010
17978	5.5124e-010
17979	5.6034e-010
17980	5.765e-010
17981	5.8882e-010
17982	6.024e-010
17983	6.1367e-010
17984	6.296e-010
17985	6.4355e-010
17986	6.5802e-010
17987	6.7263e-010
17988	6.8776e-010
17989	7.0356e-010
17990	7.1856e-010
17991	7.3585e-010
17992	7.5255e-010
17993	7.6953e-010
17994	7.87e-010
17995	8.0478e-010
17996	8.2406e-010
17997	8.3974e-010
17998	8.6149e-010
17999	8.801e-010
18000	9.0009e-010
18001	9.223e-010
18002	9.4466e-010
18003	9.6149e-010
18004	9.788e-010
18005	1.0131e-009
18006	1.0154e-009
18007	9.8064e-010
18008	9.6376e-010
18009	9.5035e-010
18010	9.2939e-010
18011	9.0792e-010
18012	8.8897e-010
18013	8.723e-010
18014	8.465e-010
18015	8.3723e-010
18016	8.163e-010
18017	7.992e-010
18018	7.8246e-010
18019	7.6678e-010
18020	7.5155e-010
18021	7.3018e-010
18022	7.2011e-010
18023	7.0426e-010
18024	6.8952e-010
18025	6.7578e-010
18026	6.6463e-010
18027	6.5494e-010
18028	6.2483e-010
18029	6.2962e-010
18030	6.117e-010
18031	6.1371e-010
18032	5.7262e-010
18033	5.8451e-010
18034	5.7262e-010
18035	5.3805e-010
18036	5.2953e-010
18037	5.4477e-010
18038	5.0547e-010
18039	5.0327e-010
18040	5.1696e-010
18041	4.8573e-010
18042	5.0742e-010
18043	4.5146e-010
18044	4.5585e-010
18045	4.3579e-010
18046	4.1633e-010
18047	4.1905e-010
18048	3.96e-010
18049	4.0324e-010
18050	3.7666e-010
18051	3.8049e-010
18052	3.5743e-010
18053	3.548e-010
18054	3.448e-010
18055	3.3219e-010
18056	3.5258e-010
18057	3.4013e-010
18058	3.4657e-010
18059	3.145e-010
18060	3.2061e-010
18061	3.5094e-010
18062	3.6759e-010
18063	3.9894e-010
18064	3.9068e-010
18065	5.4093e-010
18066	8.2265e-010
18067	8.8719e-010
18068	7.7011e-010
18069	1.2283e-009
18070	1.244e-009
18071	3.1541e-010
18072	1.3817e-010
18073	2.0444e-010
18074	2.5103e-010
18075	2.7079e-010
18076	2.8931e-010
18077	3.0231e-010
18078	3.09e-010
18079	3.1014e-010
18080	3.1195e-010
18081	3.1073e-010
18082	3.0918e-010
18083	3.1297e-010
18084	3.1154e-010
18085	3.1897e-010
18086	3.2179e-010
18087	3.287e-010
18088	3.3547e-010
18089	3.4198e-010
18090	3.5175e-010
18091	3.5767e-010
18092	3.6902e-010
18093	3.7476e-010
18094	3.8625e-010
18095	3.9313e-010
18096	4.0309e-010
18097	4.1336e-010
18098	4.1963e-010
18099	4.3413e-010
18100	4.38e-010
18101	4.5331e-010
18102	4.6204e-010
18103	4.694e-010
18104	4.8464e-010
18105	4.9293e-010
18106	5.0288e-010
18107	5.1798e-010
18108	5.2857e-010
18109	5.3598e-010
18110	5.5286e-010
18111	5.6568e-010
18112	5.7729e-010
18113	5.8733e-010
18114	6.0269e-010
18115	6.1729e-010
18116	6.3149e-010
18117	6.448e-010
18118	6.5916e-010
18119	6.7414e-010
18120	6.886e-010
18121	7.0534e-010
18122	7.2155e-010
18123	7.3778e-010
18124	7.5469e-010
18125	7.7215e-010
18126	7.9004e-010
18127	8.0502e-010
18128	8.2527e-010
18129	8.4379e-010
18130	8.6357e-010
18131	8.8608e-010
18132	9.0644e-010
18133	9.2034e-010
18134	9.3781e-010
18135	9.7281e-010
18136	9.7487e-010
18137	9.3953e-010
18138	9.2194e-010
18139	9.1207e-010
18140	8.9389e-010
18141	8.7163e-010
18142	8.5265e-010
18143	8.3474e-010
18144	8.1126e-010
18145	8.0165e-010
18146	7.838e-010
18147	7.6721e-010
18148	7.5131e-010
18149	7.3611e-010
18150	7.1987e-010
18151	6.9918e-010
18152	6.8929e-010
18153	6.7499e-010
18154	6.6203e-010
18155	6.532e-010
18156	6.4243e-010
18157	6.2414e-010
18158	5.9496e-010
18159	6.0192e-010
18160	5.9756e-010
18161	5.8873e-010
18162	5.4125e-010
18163	5.6138e-010
18164	5.5984e-010
18165	5.089e-010
18166	5.0709e-010
18167	5.3356e-010
18168	4.7487e-010
18169	4.881e-010
18170	5.0641e-010
18171	4.5346e-010
18172	5.011e-010
18173	4.2207e-010
18174	4.4909e-010
18175	4.2369e-010
18176	3.9537e-010
18177	4.0755e-010
18178	3.7602e-010
18179	3.931e-010
18180	3.5836e-010
18181	3.6885e-010
18182	3.428e-010
18183	3.4197e-010
18184	3.3308e-010
18185	3.1959e-010
18186	3.428e-010
18187	3.2083e-010
18188	3.3672e-010
18189	3.008e-010
18190	3.0845e-010
18191	3.4437e-010
18192	3.5212e-010
18193	3.6928e-010
18194	4.04e-010
18195	5.6977e-010
18196	8.3284e-010
18197	8.2249e-010
18198	7.0601e-010
18199	1.272e-009
18200	1.2195e-009
18201	3.0545e-010
18202	1.7036e-010
18203	1.9866e-010
18204	2.5038e-010
18205	2.7601e-010
18206	2.9679e-010
18207	3.1162e-010
18208	3.2046e-010
18209	3.2304e-010
18210	3.2424e-010
18211	3.2361e-010
18212	3.2289e-010
18213	3.264e-010
18214	3.2648e-010
18215	3.3271e-010
18216	3.3598e-010
18217	3.4283e-010
18218	3.5012e-010
18219	3.5701e-010
18220	3.6674e-010
18221	3.7357e-010
18222	3.8438e-010
18223	3.9143e-010
18224	4.0235e-010
18225	4.1033e-010
18226	4.2044e-010
18227	4.3057e-010
18228	4.3874e-010
18229	4.5182e-010
18230	4.584e-010
18231	4.7202e-010
18232	4.8149e-010
18233	4.9071e-010
18234	5.0461e-010
18235	5.1431e-010
18236	5.2527e-010
18237	5.3928e-010
18238	5.5108e-010
18239	5.6048e-010
18240	5.7634e-010
18241	5.8882e-010
18242	6.0241e-010
18243	6.1367e-010
18244	6.296e-010
18245	6.4355e-010
18246	6.5802e-010
18247	6.7263e-010
18248	6.8776e-010
18249	7.0356e-010
18250	7.1856e-010
18251	7.3585e-010
18252	7.5255e-010
18253	7.6953e-010
18254	7.87e-010
18255	8.0478e-010
18256	8.2406e-010
18257	8.3974e-010
18258	8.6149e-010
18259	8.801e-010
18260	9.0009e-010
18261	9.223e-010
18262	9.4465e-010
18263	9.6149e-010
18264	9.788e-010
18265	1.0131e-009
18266	1.0154e-009
18267	9.8064e-010
18268	9.6376e-010
18269	9.5035e-010
18270	9.2939e-010
18271	9.0792e-010
18272	8.8897e-010
18273	8.723e-010
18274	8.465e-010
18275	8.3723e-010
18276	8.163e-010
18277	7.992e-010
18278	7.8246e-010
18279	7.6677e-010
18280	7.5154e-010
18281	7.3018e-010
18282	7.2011e-010
18283	7.0426e-010
18284	6.8953e-010
18285	6.7576e-010
18286	6.6474e-010
18287	6.5456e-010
18288	6.2583e-010
18289	6.2929e-010
18290	6.1191e-010
18291	6.1174e-010
18292	5.7346e-010
18293	5.8267e-010
18294	5.7271e-010
18295	5.381e-010
18296	5.2953e-010
18297	5.4477e-010
18298	5.0547e-010
18299	5.0327e-010
18300	5.1696e-010
18301	4.8573e-010
18302	5.0742e-010
18303	4.5146e-010
18304	4.5585e-010
18305	4.3579e-010
18306	4.1633e-010
18307	4.1905e-010
18308	3.96e-010
18309	4.0324e-010
18310	3.7666e-010
18311	3.8049e-010
18312	3.5743e-010
18313	3.548e-010
18314	3.448e-010
18315	3.3219e-010
18316	3.5258e-010
18317	3.4013e-010
18318	3.4657e-010
18319	3.145e-010
18320	3.2061e-010
18321	3.5094e-010
18322	3.6759e-010
18323	3.9894e-010
18324	3.9068e-010
18325	5.4093e-010
18326	8.2265e-010
18327	8.8719e-010
18328	7.7011e-010
18329	1.2283e-009
18330	1.244e-009
18331	3.0548e-010
18332	1.7037e-010
18333	1.9865e-010
18334	2.5041e-010
18335	2.7609e-010
18336	2.9692e-010
18337	3.1177e-010
18338	3.2062e-010
18339	3.2319e-010
18340	3.2436e-010
18341	3.2367e-010
18342	3.2292e-010
18343	3.2645e-010
18344	3.2656e-010
18345	3.3279e-010
18346	3.3606e-010
18347	3.4293e-010
18348	3.5023e-010
18349	3.5711e-010
18350	3.6679e-010
18351	3.7364e-010
18352	3.8454e-010
18353	3.9163e-010
18354	4.0251e-010
18355	4.1045e-010
18356	4.2053e-010
18357	4.3066e-010
18358	4.3887e-010
18359	4.5198e-010
18360	4.5856e-010
18361	4.7215e-010
18362	4.8164e-010
18363	4.9092e-010
18364	5.0481e-010
18365	5.1442e-010
18366	5.2531e-010
18367	5.395e-010
18368	5.5142e-010
18369	5.6076e-010
18370	5.765e-010
18371	5.8902e-010
18372	6.0266e-010
18373	6.1397e-010
18374	6.2998e-010
18375	6.4393e-010
18376	6.5836e-010
18377	6.7306e-010
18378	6.8824e-010
18379	7.0401e-010
18380	7.1895e-010
18381	7.3615e-010
18382	7.5289e-010
18383	7.6974e-010
18384	7.8705e-010
18385	8.0466e-010
18386	8.2401e-010
18387	8.3965e-010
18388	8.614e-010
18389	8.7998e-010
18390	8.9991e-010
18391	9.2174e-010
18392	9.4405e-010
18393	9.6103e-010
18394	9.7831e-010
18395	1.0128e-009
18396	1.0151e-009
18397	9.804e-010
18398	9.6347e-010
18399	9.5024e-010
18400	9.2933e-010
18401	9.0783e-010
18402	8.8888e-010
18403	8.722e-010
18404	8.4642e-010
18405	8.3731e-010
18406	8.1633e-010
18407	7.9928e-010
18408	7.8262e-010
18409	7.6696e-010
18410	7.5182e-010
18411	7.3051e-010
18412	7.2047e-010
18413	7.0453e-010
18414	6.8983e-010
18415	6.7604e-010
18416	6.6503e-010
18417	6.5464e-010
18418	6.2658e-010
18419	6.2923e-010
18420	6.1204e-010
18421	6.1292e-010
18422	5.7428e-010
18423	5.8368e-010
18424	5.7255e-010
18425	5.378e-010
18426	5.2922e-010
18427	5.444e-010
18428	5.0509e-010
18429	5.0281e-010
18430	5.1646e-010
18431	4.8522e-010
18432	5.069e-010
18433	4.5094e-010
18434	4.5532e-010
18435	4.3528e-010
18436	4.1584e-010
18437	4.1858e-010
18438	3.9551e-010
18439	4.0278e-010
18440	3.7616e-010
18441	3.8005e-010
18442	3.5701e-010
18443	3.5443e-010
18444	3.4445e-010
18445	3.3187e-010
18446	3.5235e-010
18447	3.3997e-010
18448	3.4645e-010
18449	3.1446e-010
18450	3.2054e-010
18451	3.5081e-010
18452	3.6745e-010
18453	3.9874e-010
18454	3.9045e-010
18455	5.406e-010
18456	8.2223e-010
18457	8.8687e-010
18458	7.6985e-010
18459	1.2281e-009
18460	1.2439e-009
18461	3.1557e-010
18462	1.3827e-010
18463	2.0452e-010
18464	2.5116e-010
18465	2.7099e-010
18466	2.896e-010
18467	3.0263e-010
18468	3.093e-010
18469	3.1042e-010
18470	3.1221e-010
18471	3.1098e-010
18472	3.0943e-010
18473	3.1323e-010
18474	3.1179e-010
18475	3.1917e-010
18476	3.2192e-010
18477	3.2885e-010
18478	3.3572e-010
18479	3.4224e-010
18480	3.5191e-010
18481	3.578e-010
18482	3.6927e-010
18483	3.7507e-010
18484	3.8651e-010
18485	3.9335e-010
18486	4.0327e-010
18487	4.1358e-010
18488	4.199e-010
18489	4.3446e-010
18490	4.3833e-010
18491	4.536e-010
18492	4.6235e-010
18493	4.6982e-010
18494	4.8509e-010
18495	4.9321e-010
18496	5.0294e-010
18497	5.1824e-010
18498	5.2898e-010
18499	5.367e-010
18500	5.5306e-010
18501	5.6598e-010
18502	5.7772e-010
18503	5.8797e-010
18504	6.0354e-010
18505	6.1798e-010
18506	6.322e-010
18507	6.4577e-010
18508	6.6006e-010
18509	6.749e-010
18510	6.892e-010
18511	7.0578e-010
18512	7.2196e-010
18513	7.3796e-010
18514	7.5466e-010
18515	7.7204e-010
18516	7.8986e-010
18517	8.0467e-010
18518	8.2487e-010
18519	8.4354e-010
18520	8.6326e-010
18521	8.8524e-010
18522	9.0559e-010
18523	9.1956e-010
18524	9.3739e-010
18525	9.7253e-010
18526	9.741e-010
18527	9.3872e-010
18528	9.2145e-010
18529	9.117e-010
18530	8.9362e-010
18531	8.7147e-010
18532	8.5248e-010
18533	8.344e-010
18534	8.1115e-010
18535	8.0175e-010
18536	7.8422e-010
18537	7.6741e-010
18538	7.5161e-010
18539	7.3639e-010
18540	7.2022e-010
18541	6.9956e-010
18542	6.8964e-010
18543	6.7533e-010
18544	6.6238e-010
18545	6.5355e-010
18546	6.4251e-010
18547	6.2456e-010
18548	5.9603e-010
18549	6.0208e-010
18550	5.9746e-010
18551	5.9294e-010
18552	5.3875e-010
18553	5.6523e-010
18554	5.5969e-010
18555	5.0861e-010
18556	5.069e-010
18557	5.3326e-010
18558	4.7449e-010
18559	4.8744e-010
18560	5.0563e-010
18561	4.5268e-010
18562	5.0014e-010
18563	4.211e-010
18564	4.4795e-010
18565	4.2262e-010
18566	3.9428e-010
18567	4.0651e-010
18568	3.7503e-010
18569	3.9218e-010
18570	3.5742e-010
18571	3.6801e-010
18572	3.4198e-010
18573	3.4122e-010
18574	3.3236e-010
18575	3.1894e-010
18576	3.4231e-010
18577	3.2045e-010
18578	3.3643e-010
18579	3.0064e-010
18580	3.0826e-010
18581	3.4412e-010
18582	3.5191e-010
18583	3.6894e-010
18584	4.0357e-010
18585	5.6912e-010
18586	8.3202e-010
18587	8.2194e-010
18588	7.0548e-010
18589	1.2711e-009
18590	1.2191e-009
18591	3.056e-010
18592	1.7044e-010
18593	1.9863e-010
18594	2.504e-010
18595	2.7611e-010
18596	2.9697e-010
18597	3.1184e-010
18598	3.2068e-010
18599	3.2327e-010
18600	3.245e-010
18601	3.2392e-010
18602	3.232e-010
18603	3.2664e-010
18604	3.2668e-010
18605	3.3291e-010
18606	3.3624e-010
18607	3.4315e-010
18608	3.5049e-010
18609	3.5735e-010
18610	3.6696e-010
18611	3.7374e-010
18612	3.846e-010
18613	3.9168e-010
18614	4.026e-010
18615	4.1059e-010
18616	4.2071e-010
18617	4.3089e-010
18618	4.3911e-010
18619	4.5217e-010
18620	4.5868e-010
18621	4.7224e-010
18622	4.8176e-010
18623	4.9109e-010
18624	5.0497e-010
18625	5.146e-010
18626	5.2551e-010
18627	5.3964e-010
18628	5.5163e-010
18629	5.6112e-010
18630	5.7693e-010
18631	5.8934e-010
18632	6.028e-010
18633	6.1406e-010
18634	6.3011e-010
18635	6.4428e-010
18636	6.5885e-010
18637	6.7349e-010
18638	6.8862e-010
18639	7.0442e-010
18640	7.192e-010
18641	7.3644e-010
18642	7.5306e-010
18643	7.6976e-010
18644	7.8737e-010
18645	8.0511e-010
18646	8.2451e-010
18647	8.3999e-010
18648	8.6146e-010
18649	8.8014e-010
18650	8.9987e-010
18651	9.2163e-010
18652	9.4421e-010
18653	9.61e-010
18654	9.782e-010
18655	1.0129e-009
18656	1.0149e-009
18657	9.8009e-010
18658	9.6344e-010
18659	9.5017e-010
18660	9.2914e-010
18661	9.0776e-010
18662	8.8897e-010
18663	8.7217e-010
18664	8.4649e-010
18665	8.3718e-010
18666	8.1644e-010
18667	7.9941e-010
18668	7.8276e-010
18669	7.6707e-010
18670	7.517e-010
18671	7.3044e-010
18672	7.2053e-010
18673	7.0459e-010
18674	6.8989e-010
18675	6.7616e-010
18676	6.6521e-010
18677	6.5462e-010
18678	6.2629e-010
18679	6.2909e-010
18680	6.1196e-010
18681	6.1474e-010
18682	5.7332e-010
18683	5.8537e-010
18684	5.7238e-010
18685	5.3762e-010
18686	5.2906e-010
18687	5.4422e-010
18688	5.0477e-010
18689	5.0246e-010
18690	5.1612e-010
18691	4.8476e-010
18692	5.0638e-010
18693	4.5033e-010
18694	4.5474e-010
18695	4.348e-010
18696	4.1543e-010
18697	4.1819e-010
18698	3.9509e-010
18699	4.0238e-010
18700	3.7579e-010
18701	3.797e-010
18702	3.5666e-010
18703	3.5411e-010
18704	3.442e-010
18705	3.3168e-010
18706	3.5221e-010
18707	3.3977e-010
18708	3.4634e-010
18709	3.1425e-010
18710	3.2038e-010
18711	3.5069e-010
18712	3.6717e-010
18713	3.9857e-010
18714	3.9017e-010
18715	5.4036e-010
18716	8.2209e-010
18717	8.8675e-010
18718	7.6972e-010
18719	1.2274e-009
18720	1.2434e-009
18721	3.1074e-010
18722	2.4536e-010
18723	1.2658e-010
18724	1.8173e-010
18725	1.9458e-010
18726	2.1496e-010
18727	2.2464e-010
18728	2.2508e-010
18729	2.3777e-010
18730	2.2962e-010
18731	2.3105e-010
18732	2.3539e-010
18733	2.2752e-010
18734	2.3897e-010
18735	2.3281e-010
18736	2.4136e-010
18737	2.437e-010
18738	2.4819e-010
18739	2.5591e-010
18740	2.5818e-010
18741	2.6851e-010
18742	2.7042e-010
18743	2.8113e-010
18744	2.8413e-010
18745	2.9326e-010
18746	2.9901e-010
18747	3.0501e-010
18748	3.1513e-010
18749	3.173e-010
18750	3.308e-010
18751	3.3291e-010
18752	3.4201e-010
18753	3.5206e-010
18754	3.5609e-010
18755	3.6643e-010
18756	3.7575e-010
18757	3.8156e-010
18758	3.9067e-010
18759	4.032e-010
18760	4.0837e-010
18761	4.1804e-010
18762	4.275e-010
18763	4.3982e-010
18764	4.4729e-010
18765	4.5747e-010
18766	4.6795e-010
18767	4.7897e-010
18768	4.8983e-010
18769	5.0048e-010
18770	5.1263e-010
18771	5.2322e-010
18772	5.3502e-010
18773	5.4726e-010
18774	5.5959e-010
18775	5.7232e-010
18776	5.8422e-010
18777	6.0029e-010
18778	6.1169e-010
18779	6.263e-010
18780	6.3999e-010
18781	6.5284e-010
18782	6.6695e-010
18783	6.8646e-010
18784	7.0597e-010
18785	7.1127e-010
18786	7.1101e-010
18787	7.082e-010
18788	6.9052e-010
18789	6.7013e-010
18790	6.565e-010
18791	6.452e-010
18792	6.3231e-010
18793	6.1753e-010
18794	6.1085e-010
18795	5.901e-010
18796	5.8015e-010
18797	5.6798e-010
18798	5.5607e-010
18799	5.4374e-010
18800	5.3156e-010
18801	5.2592e-010
18802	5.1059e-010
18803	5.0189e-010
18804	4.9086e-010
18805	4.7754e-010
18806	4.6778e-010
18807	4.5956e-010
18808	4.6858e-010
18809	4.4022e-010
18810	4.2785e-010
18811	4.1687e-010
18812	4.5198e-010
18813	4.0136e-010
18814	3.8683e-010
18815	4.0357e-010
18816	3.8396e-010
18817	3.5566e-010
18818	3.904e-010
18819	3.5525e-010
18820	3.3829e-010
18821	3.9552e-010
18822	3.1437e-010
18823	3.596e-010
18824	3.0127e-010
18825	3.1881e-010
18826	3.1101e-010
18827	2.8023e-010
18828	3.0655e-010
18829	2.6144e-010
18830	2.9417e-010
18831	2.5006e-010
18832	2.7221e-010
18833	2.4763e-010
18834	2.4475e-010
18835	2.5534e-010
18836	2.1807e-010
18837	2.8585e-010
18838	2.0336e-010
18839	2.6275e-010
18840	2.2008e-010
18841	2.3062e-010
18842	3.7738e-010
18843	2.6161e-010
18844	4.1443e-010
18845	6.5048e-010
18846	8.2983e-010
18847	7.5842e-010
18848	6.9212e-010
18849	6.8533e-010
18850	1.8693e-009
18851	3.2895e-010
18852	2.9088e-010
18853	1.7016e-010
18854	2.1115e-010
18855	2.2131e-010
18856	2.4564e-010
18857	2.5626e-010
18858	2.55e-010
18859	2.7479e-010
18860	2.626e-010
18861	2.665e-010
18862	2.7514e-010
18863	2.6257e-010
18864	2.8256e-010
18865	2.7089e-010
18866	2.846e-010
18867	2.8644e-010
18868	2.9165e-010
18869	3.0239e-010
18870	3.026e-010
18871	3.1791e-010
18872	3.1671e-010
18873	3.327e-010
18874	3.3317e-010
18875	3.4599e-010
18876	3.5175e-010
18877	3.5785e-010
18878	3.728e-010
18879	3.7051e-010
18880	3.9245e-010
18881	3.8994e-010
18882	4.0227e-010
18883	4.165e-010
18884	4.1723e-010
18885	4.3176e-010
18886	4.4372e-010
18887	4.4782e-010
18888	4.5857e-010
18889	4.7727e-010
18890	4.7905e-010
18891	4.9146e-010
18892	5.024e-010
18893	5.1962e-010
18894	5.2603e-010
18895	5.3806e-010
18896	5.5013e-010
18897	5.6365e-010
18898	5.7658e-010
18899	5.8874e-010
18900	6.042e-010
18901	6.1563e-010
18902	6.2977e-010
18903	6.4417e-010
18904	6.586e-010
18905	6.7363e-010
18906	6.8651e-010
18907	7.0843e-010
18908	7.1963e-010
18909	7.3793e-010
18910	7.5421e-010
18911	7.669e-010
18912	7.8261e-010
18913	8.1016e-010
18914	8.3871e-010
18915	8.312e-010
18916	8.2992e-010
18917	8.4189e-010
18918	8.1679e-010
18919	7.8561e-010
18920	7.6969e-010
18921	7.6034e-010
18922	7.454e-010
18923	7.2559e-010
18924	7.2469e-010
18925	6.9212e-010
18926	6.8359e-010
18927	6.6879e-010
18928	6.5478e-010
18929	6.4013e-010
18930	6.2474e-010
18931	6.2376e-010
18932	6.0041e-010
18933	5.9216e-010
18934	5.7843e-010
18935	5.5894e-010
18936	5.4836e-010
18937	5.3463e-010
18938	5.6925e-010
18939	5.1155e-010
18940	4.9914e-010
18941	4.7594e-010
18942	5.5317e-010
18943	4.6161e-010
18944	4.4045e-010
18945	4.8885e-010
18946	4.5684e-010
18947	3.9665e-010
18948	4.805e-010
18949	4.1407e-010
18950	3.7521e-010
18951	4.9674e-010
18952	3.3781e-010
18953	4.4238e-010
18954	3.5006e-010
18955	3.6757e-010
18956	3.7508e-010
18957	3.1786e-010
18958	3.7672e-010
18959	2.9176e-010
18960	3.6177e-010
18961	2.8254e-010
18962	3.3005e-010
18963	2.8848e-010
18964	2.8709e-010
18965	3.0949e-010
18966	2.3946e-010
18967	3.5695e-010
18968	2.1663e-010
18969	3.2221e-010
18970	2.545e-010
18971	2.4263e-010
18972	4.6215e-010
18973	2.7424e-010
18974	4.4435e-010
18975	7.181e-010
18976	9.5011e-010
18977	7.6105e-010
18978	8.6131e-010
18979	9.7702e-010
18980	1.8276e-009
18981	3.1062e-010
18982	2.4529e-010
18983	1.266e-010
18984	1.8176e-010
18985	1.9459e-010
18986	2.1494e-010
18987	2.246e-010
18988	2.2503e-010
18989	2.377e-010
18990	2.295e-010
18991	2.3085e-010
18992	2.3517e-010
18993	2.2737e-010
18994	2.3885e-010
18995	2.3271e-010
18996	2.4123e-010
18997	2.4354e-010
18998	2.4801e-010
18999	2.5576e-010
19000	2.5811e-010
19001	2.6849e-010
19002	2.7043e-010
19003	2.8113e-010
19004	2.841e-010
19005	2.932e-010
19006	2.9889e-010
19007	3.0485e-010
19008	3.1493e-010
19009	3.1717e-010
19010	3.3075e-010
19011	3.3291e-010
19012	3.4197e-010
19013	3.5199e-010
19014	3.5599e-010
19015	3.6631e-010
19016	3.7564e-010
19017	3.8155e-010
19018	3.9047e-010
19019	4.0323e-010
19020	4.0801e-010
19021	4.1786e-010
19022	4.2742e-010
19023	4.3989e-010
19024	4.4723e-010
19025	4.5726e-010
19026	4.6753e-010
19027	4.7852e-010
19028	4.8954e-010
19029	5.0034e-010
19030	5.1252e-010
19031	5.231e-010
19032	5.3498e-010
19033	5.472e-010
19034	5.5945e-010
19035	5.7195e-010
19036	5.8388e-010
19037	6.0022e-010
19038	6.1161e-010
19039	6.263e-010
19040	6.4003e-010
19041	6.5285e-010
19042	6.6698e-010
19043	6.8645e-010
19044	7.0602e-010
19045	7.1139e-010
19046	7.1131e-010
19047	7.087e-010
19048	6.9056e-010
19049	6.7037e-010
19050	6.5677e-010
19051	6.4525e-010
19052	6.324e-010
19053	6.1766e-010
19054	6.1096e-010
19055	5.902e-010
19056	5.8021e-010
19057	5.6797e-010
19058	5.5595e-010
19059	5.4381e-010
19060	5.3178e-010
19061	5.2595e-010
19062	5.1074e-010
19063	5.0196e-010
19064	4.9094e-010
19065	4.7749e-010
19066	4.6794e-010
19067	4.5912e-010
19068	4.6872e-010
19069	4.3982e-010
19070	4.2755e-010
19071	4.1704e-010
19072	4.4884e-010
19073	4.0155e-010
19074	3.8624e-010
19075	4.0344e-010
19076	3.8384e-010
19077	3.5554e-010
19078	3.9047e-010
19079	3.553e-010
19080	3.3837e-010
19081	3.9578e-010
19082	3.1472e-010
19083	3.6011e-010
19084	3.0176e-010
19085	3.1922e-010
19086	3.1138e-010
19087	2.8064e-010
19088	3.0694e-010
19089	2.6186e-010
19090	2.9447e-010
19091	2.5038e-010
19092	2.7251e-010
19093	2.4791e-010
19094	2.4498e-010
19095	2.5551e-010
19096	2.1817e-010
19097	2.8601e-010
19098	2.0333e-010
19099	2.6288e-010
19100	2.201e-010
19101	2.3049e-010
19102	3.7729e-010
19103	2.6167e-010
19104	4.1478e-010
19105	6.5092e-010
19106	8.2984e-010
19107	7.5862e-010
19108	6.9198e-010
19109	6.855e-010
19110	1.8702e-009
19111	3.1056e-010
19112	2.4526e-010
19113	1.2662e-010
19114	1.8175e-010
19115	1.9456e-010
19116	2.1488e-010
19117	2.2451e-010
19118	2.2491e-010
19119	2.3757e-010
19120	2.2938e-010
19121	2.308e-010
19122	2.3516e-010
19123	2.2735e-010
19124	2.3884e-010
19125	2.327e-010
19126	2.4121e-010
19127	2.4349e-010
19128	2.4789e-010
19129	2.5561e-010
19130	2.5799e-010
19131	2.6834e-010
19132	2.7019e-010
19133	2.8083e-010
19134	2.8382e-010
19135	2.9297e-010
19136	2.9874e-010
19137	3.0472e-010
19138	3.1478e-010
19139	3.1701e-010
19140	3.306e-010
19141	3.3273e-010
19142	3.4179e-010
19143	3.518e-010
19144	3.5581e-010
19145	3.6618e-010
19146	3.7552e-010
19147	3.8137e-010
19148	3.9001e-010
19149	4.0324e-010
19150	4.0767e-010
19151	4.1771e-010
19152	4.2716e-010
19153	4.3958e-010
19154	4.469e-010
19155	4.5699e-010
19156	4.6727e-010
19157	4.7811e-010
19158	4.8894e-010
19159	4.9976e-010
19160	5.1223e-010
19161	5.229e-010
19162	5.348e-010
19163	5.4712e-010
19164	5.5958e-010
19165	5.7217e-010
19166	5.8407e-010
19167	6.004e-010
19168	6.1202e-010
19169	6.2655e-010
19170	6.4044e-010
19171	6.5378e-010
19172	6.6791e-010
19173	6.8703e-010
19174	7.0681e-010
19175	7.1201e-010
19176	7.1193e-010
19177	7.0937e-010
19178	6.9117e-010
19179	6.7074e-010
19180	6.5708e-010
19181	6.4557e-010
19182	6.3262e-010
19183	6.1784e-010
19184	6.1115e-010
19185	5.901e-010
19186	5.801e-010
19187	5.6789e-010
19188	5.559e-010
19189	5.436e-010
19190	5.3157e-010
19191	5.2567e-010
19192	5.1046e-010
19193	5.0163e-010
19194	4.9051e-010
19195	4.7707e-010
19196	4.6789e-010
19197	4.5709e-010
19198	4.7372e-010
19199	4.382e-010
19200	4.2787e-010
19201	4.1683e-010
19202	4.4878e-010
19203	4.0152e-010
19204	3.8659e-010
19205	4.0378e-010
19206	3.8428e-010
19207	3.5619e-010
19208	3.9109e-010
19209	3.5608e-010
19210	3.3921e-010
19211	3.964e-010
19212	3.1546e-010
19213	3.6071e-010
19214	3.0234e-010
19215	3.1975e-010
19216	3.1192e-010
19217	2.8119e-010
19218	3.0756e-010
19219	2.6252e-010
19220	2.9514e-010
19221	2.5106e-010
19222	2.7311e-010
19223	2.4843e-010
19224	2.4541e-010
19225	2.5586e-010
19226	2.1837e-010
19227	2.8607e-010
19228	2.0334e-010
19229	2.6287e-010
19230	2.2006e-010
19231	2.306e-010
19232	3.7748e-010
19233	2.6187e-010
19234	4.1496e-010
19235	6.5115e-010
19236	8.3045e-010
19237	7.5894e-010
19238	6.9233e-010
19239	6.8591e-010
19240	1.8705e-009
19241	3.2879e-010
19242	2.9078e-010
19243	1.7014e-010
19244	2.1107e-010
19245	2.2116e-010
19246	2.4542e-010
19247	2.56e-010
19248	2.5472e-010
19249	2.7453e-010
19250	2.6235e-010
19251	2.6631e-010
19252	2.7497e-010
19253	2.6239e-010
19254	2.8235e-010
19255	2.7067e-010
19256	2.8439e-010
19257	2.8621e-010
19258	2.9138e-010
19259	3.0216e-010
19260	3.0248e-010
19261	3.178e-010
19262	3.1648e-010
19263	3.3239e-010
19264	3.3289e-010
19265	3.4577e-010
19266	3.5158e-010
19267	3.5769e-010
19268	3.7257e-010
19269	3.7026e-010
19270	3.9221e-010
19271	3.8973e-010
19272	4.0201e-010
19273	4.1614e-010
19274	4.1689e-010
19275	4.3157e-010
19276	4.4358e-010
19277	4.4758e-010
19278	4.5771e-010
19279	4.7758e-010
19280	4.7825e-010
19281	4.9121e-010
19282	5.0177e-010
19283	5.193e-010
19284	5.252e-010
19285	5.3757e-010
19286	5.4948e-010
19287	5.6286e-010
19288	5.7578e-010
19289	5.8806e-010
19290	6.0361e-010
19291	6.1517e-010
19292	6.2929e-010
19293	6.4374e-010
19294	6.5848e-010
19295	6.7352e-010
19296	6.8643e-010
19297	7.084e-010
19298	7.1978e-010
19299	7.3793e-010
19300	7.5436e-010
19301	7.6752e-010
19302	7.8331e-010
19303	8.1058e-010
19304	8.3905e-010
19305	8.313e-010
19306	8.3009e-010
19307	8.4228e-010
19308	8.1688e-010
19309	7.8586e-010
19310	7.6978e-010
19311	7.603e-010
19312	7.4539e-010
19313	7.2555e-010
19314	7.2464e-010
19315	6.9178e-010
19316	6.8332e-010
19317	6.6853e-010
19318	6.5448e-010
19319	6.3978e-010
19320	6.244e-010
19321	6.2331e-010
19322	6.0007e-010
19323	5.9187e-010
19324	5.7817e-010
19325	5.5876e-010
19326	5.4918e-010
19327	5.3099e-010
19328	5.7917e-010
19329	5.0841e-010
19330	4.996e-010
19331	4.7712e-010
19332	5.5197e-010
19333	4.628e-010
19334	4.4018e-010
19335	4.8912e-010
19336	4.571e-010
19337	3.9695e-010
19338	4.8104e-010
19339	4.1461e-010
19340	3.7578e-010
19341	4.9753e-010
19342	3.3848e-010
19343	4.4328e-010
19344	3.5096e-010
19345	3.6841e-010
19346	3.7596e-010
19347	3.186e-010
19348	3.7756e-010
19349	2.9235e-010
19350	3.6253e-010
19351	2.8306e-010
19352	3.307e-010
19353	2.89e-010
19354	2.8763e-010
19355	3.1003e-010
19356	2.3984e-010
19357	3.572e-010
19358	2.1693e-010
19359	3.225e-010
19360	2.5475e-010
19361	2.4297e-010
19362	4.6252e-010
19363	2.7441e-010
19364	4.4443e-010
19365	7.1829e-010
19366	9.5085e-010
19367	7.612e-010
19368	8.6183e-010
19369	9.7804e-010
19370	1.8282e-009
19371	3.1056e-010
19372	2.4526e-010
19373	1.2662e-010
19374	1.8175e-010
19375	1.9456e-010
19376	2.1488e-010
19377	2.2451e-010
19378	2.2491e-010
19379	2.3757e-010
19380	2.2938e-010
19381	2.308e-010
19382	2.3516e-010
19383	2.2735e-010
19384	2.3884e-010
19385	2.327e-010
19386	2.4121e-010
19387	2.4349e-010
19388	2.4789e-010
19389	2.5561e-010
19390	2.5799e-010
19391	2.6834e-010
19392	2.7019e-010
19393	2.8083e-010
19394	2.8382e-010
19395	2.9298e-010
19396	2.9874e-010
19397	3.0472e-010
19398	3.1478e-010
19399	3.1701e-010
19400	3.306e-010
19401	3.3273e-010
19402	3.4179e-010
19403	3.518e-010
19404	3.5581e-010
19405	3.6618e-010
19406	3.7552e-010
19407	3.8137e-010
19408	3.9001e-010
19409	4.0318e-010
19410	4.0766e-010
19411	4.1775e-010
19412	4.2699e-010
19413	4.398e-010
19414	4.4673e-010
19415	4.5703e-010
19416	4.6727e-010
19417	4.7811e-010
19418	4.8894e-010
19419	4.9976e-010
19420	5.1223e-010
19421	5.229e-010
19422	5.348e-010
19423	5.4712e-010
19424	5.5958e-010
19425	5.7217e-010
19426	5.8407e-010
19427	6.004e-010
19428	6.1202e-010
19429	6.2655e-010
19430	6.4044e-010
19431	6.5378e-010
19432	6.6791e-010
19433	6.8703e-010
19434	7.0681e-010
19435	7.1201e-010
19436	7.1193e-010
19437	7.0937e-010
19438	6.9117e-010
19439	6.7074e-010
19440	6.5708e-010
19441	6.4557e-010
19442	6.3262e-010
19443	6.1784e-010
19444	6.1115e-010
19445	5.901e-010
19446	5.801e-010
19447	5.6788e-010
19448	5.559e-010
19449	5.4362e-010
19450	5.3151e-010
19451	5.2583e-010
19452	5.104e-010
19453	5.0163e-010
19454	4.9053e-010
19455	4.7708e-010
19456	4.6825e-010
19457	4.5616e-010
19458	4.7642e-010
19459	4.3743e-010
19460	4.2824e-010
19461	4.1681e-010
19462	4.4871e-010
19463	4.015e-010
19464	3.866e-010
19465	4.0377e-010
19466	3.8428e-010
19467	3.5619e-010
19468	3.9109e-010
19469	3.5608e-010
19470	3.3921e-010
19471	3.964e-010
19472	3.1546e-010
19473	3.6071e-010
19474	3.0234e-010
19475	3.1975e-010
19476	3.1192e-010
19477	2.8119e-010
19478	3.0756e-010
19479	2.6252e-010
19480	2.9514e-010
19481	2.5106e-010
19482	2.7311e-010
19483	2.4843e-010
19484	2.4541e-010
19485	2.5586e-010
19486	2.1837e-010
19487	2.8607e-010
19488	2.0334e-010
19489	2.6287e-010
19490	2.2006e-010
19491	2.306e-010
19492	3.7748e-010
19493	2.6187e-010
19494	4.1496e-010
19495	6.5115e-010
19496	8.3045e-010
19497	7.5894e-010
19498	6.9233e-010
19499	6.8592e-010
19500	1.8705e-009
19501	3.1062e-010
19502	2.4529e-010
19503	1.266e-010
19504	1.8176e-010
19505	1.9459e-010
19506	2.1494e-010
19507	2.246e-010
19508	2.2503e-010
19509	2.377e-010
19510	2.295e-010
19511	2.3085e-010
19512	2.3517e-010
19513	2.2737e-010
19514	2.3885e-010
19515	2.3271e-010
19516	2.4123e-010
19517	2.4354e-010
19518	2.4801e-010
19519	2.5576e-010
19520	2.5811e-010
19521	2.6849e-010
19522	2.7043e-010
19523	2.8113e-010
19524	2.841e-010
19525	2.932e-010
19526	2.9889e-010
19527	3.0485e-010
19528	3.1493e-010
19529	3.1717e-010
19530	3.3075e-010
19531	3.3291e-010
19532	3.4197e-010
19533	3.5199e-010
19534	3.5599e-010
19535	3.6631e-010
19536	3.7565e-010
19537	3.8158e-010
19538	3.9035e-010
19539	4.0352e-010
19540	4.0789e-010
19541	4.1794e-010
19542	4.2707e-010
19543	4.4083e-010
19544	4.4686e-010
19545	4.5732e-010
19546	4.6754e-010
19547	4.7852e-010
19548	4.8954e-010
19549	5.0034e-010
19550	5.1251e-010
19551	5.231e-010
19552	5.3498e-010
19553	5.472e-010
19554	5.5945e-010
19555	5.7195e-010
19556	5.8388e-010
19557	6.0022e-010
19558	6.1161e-010
19559	6.263e-010
19560	6.4003e-010
19561	6.5285e-010
19562	6.6698e-010
19563	6.8645e-010
19564	7.0602e-010
19565	7.1139e-010
19566	7.1131e-010
19567	7.087e-010
19568	6.9056e-010
19569	6.7037e-010
19570	6.5677e-010
19571	6.4525e-010
19572	6.324e-010
19573	6.1766e-010
19574	6.1096e-010
19575	5.902e-010
19576	5.8021e-010
19577	5.6796e-010
19578	5.5595e-010
19579	5.4382e-010
19580	5.3171e-010
19581	5.2612e-010
19582	5.1068e-010
19583	5.0197e-010
19584	4.9097e-010
19585	4.7758e-010
19586	4.6874e-010
19587	4.5666e-010
19588	4.7678e-010
19589	4.3767e-010
19590	4.2835e-010
19591	4.1688e-010
19592	4.4869e-010
19593	4.0134e-010
19594	3.8628e-010
19595	4.0344e-010
19596	3.8384e-010
19597	3.5554e-010
19598	3.9047e-010
19599	3.553e-010
19600	3.3837e-010
19601	3.9578e-010
19602	3.1472e-010
19603	3.6011e-010
19604	3.0176e-010
19605	3.1922e-010
19606	3.1138e-010
19607	2.8064e-010
19608	3.0694e-010
19609	2.6186e-010
19610	2.9447e-010
19611	2.5038e-010
19612	2.7251e-010
19613	2.4791e-010
19614	2.4498e-010
19615	2.5551e-010
19616	2.1817e-010
19617	2.8601e-010
19618	2.0333e-010
19619	2.6288e-010
19620	2.201e-010
19621	2.3049e-010
19622	3.7729e-010
19623	2.6167e-010
19624	4.1478e-010
19625	6.5092e-010
19626	8.2984e-010
19627	7.5862e-010
19628	6.9198e-010
19629	6.855e-010
19630	1.8702e-009
19631	3.2895e-010
19632	2.9088e-010
19633	1.7016e-010
19634	2.1115e-010
19635	2.2131e-010
19636	2.4564e-010
19637	2.5626e-010
19638	2.55e-010
19639	2.7479e-010
19640	2.626e-010
19641	2.665e-010
19642	2.7514e-010
19643	2.6257e-010
19644	2.8256e-010
19645	2.7089e-010
19646	2.846e-010
19647	2.8644e-010
19648	2.9165e-010
19649	3.0239e-010
19650	3.026e-010
19651	3.1791e-010
19652	3.1671e-010
19653	3.327e-010
19654	3.3317e-010
19655	3.4599e-010
19656	3.5175e-010
19657	3.5785e-010
19658	3.728e-010
19659	3.7051e-010
19660	3.9245e-010
19661	3.8994e-010
19662	4.0226e-010
19663	4.165e-010
19664	4.1723e-010
19665	4.3177e-010
19666	4.4373e-010
19667	4.4789e-010
19668	4.5816e-010
19669	4.7816e-010
19670	4.7862e-010
19671	4.9161e-010
19672	5.0206e-010
19673	5.2018e-010
19674	5.2567e-010
19675	5.3814e-010
19676	5.5013e-010
19677	5.6366e-010
19678	5.7658e-010
19679	5.8874e-010
19680	6.042e-010
19681	6.1563e-010
19682	6.2977e-010
19683	6.4417e-010
19684	6.586e-010
19685	6.7363e-010
19686	6.8651e-010
19687	7.0843e-010
19688	7.1963e-010
19689	7.3793e-010
19690	7.5421e-010
19691	7.669e-010
19692	7.8261e-010
19693	8.1016e-010
19694	8.3871e-010
19695	8.312e-010
19696	8.2992e-010
19697	8.4189e-010
19698	8.1679e-010
19699	7.8561e-010
19700	7.6969e-010
19701	7.6034e-010
19702	7.454e-010
19703	7.2559e-010
19704	7.2469e-010
19705	6.9211e-010
19706	6.8359e-010
19707	6.6879e-010
19708	6.5478e-010
19709	6.4012e-010
19710	6.2476e-010
19711	6.237e-010
19712	6.0043e-010
19713	5.9215e-010
19714	5.7847e-010
19715	5.5899e-010
19716	5.4935e-010
19717	5.314e-010
19718	5.8032e-010
19719	5.0871e-010
19720	4.9968e-010
19721	4.7719e-010
19722	5.5197e-010
19723	4.6279e-010
19724	4.4006e-010
19725	4.889e-010
19726	4.5682e-010
19727	3.9665e-010
19728	4.805e-010
19729	4.1407e-010
19730	3.7521e-010
19731	4.9674e-010
19732	3.3781e-010
19733	4.4238e-010
19734	3.5006e-010
19735	3.6757e-010
19736	3.7508e-010
19737	3.1786e-010
19738	3.7672e-010
19739	2.9176e-010
19740	3.6177e-010
19741	2.8254e-010
19742	3.3005e-010
19743	2.8848e-010
19744	2.8709e-010
19745	3.0949e-010
19746	2.3946e-010
19747	3.5695e-010
19748	2.1663e-010
19749	3.2221e-010
19750	2.545e-010
19751	2.4263e-010
19752	4.6215e-010
19753	2.7423e-010
19754	4.4435e-010
19755	7.181e-010
19756	9.5011e-010
19757	7.6105e-010
19758	8.6131e-010
19759	9.7702e-010
19760	1.8276e-009
19761	3.1074e-010
19762	2.4536e-010
19763	1.2658e-010
19764	1.8173e-010
19765	1.9458e-010
19766	2.1496e-010
19767	2.2464e-010
19768	2.2507e-010
19769	2.3777e-010
19770	2.2962e-010
19771	2.3105e-010
19772	2.3539e-010
19773	2.2752e-010
19774	2.3897e-010
19775	2.3281e-010
19776	2.4136e-010
19777	2.437e-010
19778	2.4819e-010
19779	2.5591e-010
19780	2.5818e-010
19781	2.6851e-010
19782	2.7042e-010
19783	2.8113e-010
19784	2.8413e-010
19785	2.9326e-010
19786	2.9901e-010
19787	3.0501e-010
19788	3.1513e-010
19789	3.173e-010
19790	3.308e-010
19791	3.3291e-010
19792	3.4201e-010
19793	3.5206e-010
19794	3.5609e-010
19795	3.6643e-010
19796	3.7575e-010
19797	3.8161e-010
19798	3.904e-010
19799	4.0369e-010
19800	4.0808e-010
19801	4.1811e-010
19802	4.2747e-010
19803	4.397e-010
19804	4.4725e-010
19805	4.5749e-010
19806	4.6794e-010
19807	4.7897e-010
19808	4.8983e-010
19809	5.0048e-010
19810	5.1263e-010
19811	5.2322e-010
19812	5.3502e-010
19813	5.4726e-010
19814	5.5959e-010
19815	5.7232e-010
19816	5.8422e-010
19817	6.0029e-010
19818	6.1169e-010
19819	6.263e-010
19820	6.3998e-010
19821	6.5284e-010
19822	6.6695e-010
19823	6.8646e-010
19824	7.0597e-010
19825	7.1127e-010
19826	7.1101e-010
19827	7.082e-010
19828	6.9052e-010
19829	6.7013e-010
19830	6.565e-010
19831	6.452e-010
19832	6.3231e-010
19833	6.1752e-010
19834	6.1085e-010
19835	5.901e-010
19836	5.8015e-010
19837	5.6798e-010
19838	5.5606e-010
19839	5.4373e-010
19840	5.3157e-010
19841	5.2594e-010
19842	5.1061e-010
19843	5.0188e-010
19844	4.9092e-010
19845	4.7745e-010
19846	4.6873e-010
19847	4.5697e-010
19848	4.7479e-010
19849	4.3792e-010
19850	4.2844e-010
19851	4.1696e-010
19852	4.4882e-010
19853	4.0157e-010
19854	3.8653e-010
19855	4.0357e-010
19856	3.8395e-010
19857	3.5566e-010
19858	3.9039e-010
19859	3.5525e-010
19860	3.3829e-010
19861	3.9552e-010
19862	3.1437e-010
19863	3.596e-010
19864	3.0127e-010
19865	3.1881e-010
19866	3.1101e-010
19867	2.8023e-010
19868	3.0655e-010
19869	2.6144e-010
19870	2.9417e-010
19871	2.5006e-010
19872	2.7221e-010
19873	2.4763e-010
19874	2.4475e-010
19875	2.5534e-010
19876	2.1807e-010
19877	2.8585e-010
19878	2.0336e-010
19879	2.6275e-010
19880	2.2008e-010
19881	2.3062e-010
19882	3.7738e-010
19883	2.6161e-010
19884	4.1443e-010
19885	6.5048e-010
19886	8.2982e-010
19887	7.5842e-010
19888	6.9212e-010
19889	6.8533e-010
19890	1.8693e-009
19891	3.1074e-010
19892	2.4536e-010
19893	1.2658e-010
19894	1.8173e-010
19895	1.9458e-010
19896	2.1496e-010
19897	2.2464e-010
19898	2.2507e-010
19899	2.3777e-010
19900	2.2962e-010
19901	2.3105e-010
19902	2.3539e-010
19903	2.2752e-010
19904	2.3897e-010
19905	2.3281e-010
19906	2.4136e-010
19907	2.437e-010
19908	2.4819e-010
19909	2.5591e-010
19910	2.5818e-010
19911	2.6851e-010
19912	2.7042e-010
19913	2.8113e-010
19914	2.8413e-010
19915	2.9326e-010
19916	2.9901e-010
19917	3.0501e-010
19918	3.1513e-010
19919	3.173e-010
19920	3.308e-010
19921	3.3291e-010
19922	3.4201e-010
19923	3.5206e-010
19924	3.5609e-010
19925	3.6643e-010
19926	3.7575e-010
19927	3.8161e-010
19928	3.904e-010
19929	4.0369e-010
19930	4.0808e-010
19931	4.181e-010
19932	4.275e-010
19933	4.3985e-010
19934	4.4729e-010
19935	4.5747e-010
19936	4.6795e-010
19937	4.7897e-010
19938	4.8983e-010
19939	5.0048e-010
19940	5.1263e-010
19941	5.2322e-010
19942	5.3502e-010
19943	5.4726e-010
19944	5.5959e-010
19945	5.7232e-010
19946	5.8422e-010
19947	6.0029e-010
19948	6.1169e-010
19949	6.263e-010
19950	6.3998e-010
19951	6.5284e-010
19952	6.6695e-010
19953	6.8646e-010
19954	7.0597e-010
19955	7.1127e-010
19956	7.1101e-010
19957	7.082e-010
19958	6.9052e-010
19959	6.7013e-010
19960	6.565e-010
19961	6.452e-010
19962	6.3231e-010
19963	6.1752e-010
19964	6.1085e-010
19965	5.901e-010
19966	5.8015e-010
19967	5.6798e-010
19968	5.5606e-010
19969	5.4373e-010
19970	5.3157e-010
19971	5.2593e-010
19972	5.1061e-010
19973	5.0188e-010
19974	4.9093e-010
19975	4.7744e-010
19976	4.6886e-010
19977	4.5652e-010
19978	4.75e-010
19979	4.3748e-010
19980	4.2856e-010
19981	4.1695e-010
19982	4.4883e-010
19983	4.0157e-010
19984	3.8653e-010
19985	4.0358e-010
19986	3.8395e-010
19987	3.5566e-010
19988	3.9039e-010
19989	3.5525e-010
19990	3.3829e-010
19991	3.9552e-010
19992	3.1437e-010
19993	3.596e-010
19994	3.0127e-010
19995	3.1881e-010
19996	3.1101e-010
19997	2.8023e-010
19998	3.0655e-010
19999	2.6144e-010
20000	2.9417e-010
20001	2.5006e-010
20002	2.7221e-010
20003	2.4763e-010
20004	2.4475e-010
20005	2.5534e-010
20006	2.1807e-010
20007	2.8585e-010
20008	2.0336e-010
20009	2.6275e-010
20010	2.2008e-010
20011	2.3062e-010
20012	3.7738e-010
20013	2.6161e-010
20014	4.1443e-010
20015	6.5048e-010
20016	8.2982e-010
20017	7.5842e-010
20018	6.9212e-010
20019	6.8533e-010
20020	1.8693e-009
20021	3.2895e-010
20022	2.9088e-010
20023	1.7016e-010
20024	2.1115e-010
20025	2.2131e-010
20026	2.4564e-010
20027	2.5626e-010
20028	2.55e-010
20029	2.7479e-010
20030	2.626e-010
20031	2.665e-010
20032	2.7514e-010
20033	2.6257e-010
20034	2.8256e-010
20035	2.7089e-010
20036	2.846e-010
20037	2.8644e-010
20038	2.9165e-010
20039	3.0239e-010
20040	3.026e-010
20041	3.1791e-010
20042	3.1671e-010
20043	3.327e-010
20044	3.3317e-010
20045	3.4599e-010
20046	3.5175e-010
20047	3.5785e-010
20048	3.728e-010
20049	3.7051e-010
20050	3.9245e-010
20051	3.8994e-010
20052	4.0226e-010
20053	4.165e-010
20054	4.1723e-010
20055	4.3177e-010
20056	4.4373e-010
20057	4.4788e-010
20058	4.5816e-010
20059	4.7816e-010
20060	4.7863e-010
20061	4.9154e-010
20062	5.0241e-010
20063	5.1964e-010
20064	5.2603e-010
20065	5.3807e-010
20066	5.5013e-010
20067	5.6365e-010
20068	5.7658e-010
20069	5.8874e-010
20070	6.042e-010
20071	6.1563e-010
20072	6.2977e-010
20073	6.4417e-010
20074	6.586e-010
20075	6.7363e-010
20076	6.8651e-010
20077	7.0843e-010
20078	7.1963e-010
20079	7.3793e-010
20080	7.5421e-010
20081	7.669e-010
20082	7.8261e-010
20083	8.1016e-010
20084	8.3871e-010
20085	8.312e-010
20086	8.2992e-010
20087	8.4189e-010
20088	8.1679e-010
20089	7.8561e-010
20090	7.6969e-010
20091	7.6034e-010
20092	7.454e-010
20093	7.2559e-010
20094	7.2469e-010
20095	6.9212e-010
20096	6.8359e-010
20097	6.6879e-010
20098	6.5478e-010
20099	6.4014e-010
20100	6.247e-010
20101	6.2375e-010
20102	6.0038e-010
20103	5.9216e-010
20104	5.785e-010
20105	5.589e-010
20106	5.4954e-010
20107	5.31e-010
20108	5.8024e-010
20109	5.0829e-010
20110	4.9986e-010
20111	4.771e-010
20112	5.5203e-010
20113	4.6278e-010
20114	4.4006e-010
20115	4.889e-010
20116	4.5682e-010
20117	3.9665e-010
20118	4.805e-010
20119	4.1407e-010
20120	3.7521e-010
20121	4.9674e-010
20122	3.3781e-010
20123	4.4238e-010
20124	3.5006e-010
20125	3.6757e-010
20126	3.7508e-010
20127	3.1786e-010
20128	3.7672e-010
20129	2.9176e-010
20130	3.6177e-010
20131	2.8254e-010
20132	3.3005e-010
20133	2.8848e-010
20134	2.8709e-010
20135	3.0949e-010
20136	2.3946e-010
20137	3.5695e-010
20138	2.1663e-010
20139	3.2221e-010
20140	2.545e-010
20141	2.4263e-010
20142	4.6215e-010
20143	2.7423e-010
20144	4.4435e-010
20145	7.181e-010
20146	9.5011e-010
20147	7.6105e-010
20148	8.6131e-010
20149	9.7702e-010
20150	1.8276e-009
20151	3.1062e-010
20152	2.4529e-010
20153	1.266e-010
20154	1.8176e-010
20155	1.9459e-010
20156	2.1494e-010
20157	2.246e-010
20158	2.2503e-010
20159	2.377e-010
20160	2.295e-010
20161	2.3085e-010
20162	2.3517e-010
20163	2.2737e-010
20164	2.3885e-010
20165	2.3271e-010
20166	2.4123e-010
20167	2.4354e-010
20168	2.4801e-010
20169	2.5576e-010
20170	2.5811e-010
20171	2.6849e-010
20172	2.7043e-010
20173	2.8113e-010
20174	2.841e-010
20175	2.932e-010
20176	2.9889e-010
20177	3.0485e-010
20178	3.1493e-010
20179	3.1717e-010
20180	3.3075e-010
20181	3.3291e-010
20182	3.4197e-010
20183	3.5199e-010
20184	3.5599e-010
20185	3.6631e-010
20186	3.7565e-010
20187	3.8158e-010
20188	3.9035e-010
20189	4.0353e-010
20190	4.0788e-010
20191	4.1789e-010
20192	4.2743e-010
20193	4.3989e-010
20194	4.4723e-010
20195	4.5726e-010
20196	4.6753e-010
20197	4.7852e-010
20198	4.8954e-010
20199	5.0034e-010
20200	5.1252e-010
20201	5.231e-010
20202	5.3498e-010
20203	5.4719e-010
20204	5.5945e-010
20205	5.7195e-010
20206	5.8388e-010
20207	6.0022e-010
20208	6.1161e-010
20209	6.263e-010
20210	6.4003e-010
20211	6.5285e-010
20212	6.6698e-010
20213	6.8645e-010
20214	7.0602e-010
20215	7.1139e-010
20216	7.1131e-010
20217	7.087e-010
20218	6.9056e-010
20219	6.7037e-010
20220	6.5677e-010
20221	6.4525e-010
20222	6.324e-010
20223	6.1766e-010
20224	6.1096e-010
20225	5.902e-010
20226	5.8021e-010
20227	5.6796e-010
20228	5.5595e-010
20229	5.4382e-010
20230	5.3169e-010
20231	5.2613e-010
20232	5.1065e-010
20233	5.0196e-010
20234	4.9098e-010
20235	4.7753e-010
20236	4.6901e-010
20237	4.5596e-010
20238	4.7748e-010
20239	4.3698e-010
20240	4.2859e-010
20241	4.1685e-010
20242	4.4878e-010
20243	4.0135e-010
20244	3.8627e-010
20245	4.0344e-010
20246	3.8384e-010
20247	3.5554e-010
20248	3.9047e-010
20249	3.553e-010
20250	3.3837e-010
20251	3.9578e-010
20252	3.1472e-010
20253	3.6011e-010
20254	3.0176e-010
20255	3.1922e-010
20256	3.1138e-010
20257	2.8064e-010
20258	3.0695e-010
20259	2.6186e-010
20260	2.9447e-010
20261	2.5038e-010
20262	2.7251e-010
20263	2.4791e-010
20264	2.4498e-010
20265	2.5551e-010
20266	2.1817e-010
20267	2.8601e-010
20268	2.0333e-010
20269	2.6288e-010
20270	2.201e-010
20271	2.3049e-010
20272	3.7729e-010
20273	2.6167e-010
20274	4.1478e-010
20275	6.5092e-010
20276	8.2984e-010
20277	7.5862e-010
20278	6.9198e-010
20279	6.855e-010
20280	1.8702e-009
20281	3.1056e-010
20282	2.4526e-010
20283	1.2662e-010
20284	1.8175e-010
20285	1.9456e-010
20286	2.1488e-010
20287	2.2451e-010
20288	2.2491e-010
20289	2.3757e-010
20290	2.2938e-010
20291	2.308e-010
20292	2.3516e-010
20293	2.2735e-010
20294	2.3884e-010
20295	2.327e-010
20296	2.4121e-010
20297	2.4349e-010
20298	2.4789e-010
20299	2.5561e-010
20300	2.5799e-010
20301	2.6834e-010
20302	2.7019e-010
20303	2.8083e-010
20304	2.8382e-010
20305	2.9298e-010
20306	2.9874e-010
20307	3.0472e-010
20308	3.1478e-010
20309	3.1701e-010
20310	3.306e-010
20311	3.3273e-010
20312	3.4179e-010
20313	3.518e-010
20314	3.5581e-010
20315	3.6618e-010
20316	3.7552e-010
20317	3.8137e-010
20318	3.9001e-010
20319	4.0318e-010
20320	4.0767e-010
20321	4.1772e-010
20322	4.2713e-010
20323	4.3958e-010
20324	4.4688e-010
20325	4.57e-010
20326	4.6727e-010
20327	4.7811e-010
20328	4.8894e-010
20329	4.9976e-010
20330	5.1223e-010
20331	5.229e-010
20332	5.348e-010
20333	5.4712e-010
20334	5.5958e-010
20335	5.7217e-010
20336	5.8407e-010
20337	6.004e-010
20338	6.1202e-010
20339	6.2655e-010
20340	6.4044e-010
20341	6.5378e-010
20342	6.6791e-010
20343	6.8703e-010
20344	7.0681e-010
20345	7.1201e-010
20346	7.1193e-010
20347	7.0937e-010
20348	6.9117e-010
20349	6.7074e-010
20350	6.5708e-010
20351	6.4557e-010
20352	6.3262e-010
20353	6.1784e-010
20354	6.1115e-010
20355	5.901e-010
20356	5.801e-010
20357	5.6789e-010
20358	5.559e-010
20359	5.436e-010
20360	5.3155e-010
20361	5.2556e-010
20362	5.1044e-010
20363	5.0162e-010
20364	4.9052e-010
20365	4.7709e-010
20366	4.6835e-010
20367	4.559e-010
20368	4.7803e-010
20369	4.3715e-010
20370	4.2826e-010
20371	4.1706e-010
20372	4.4885e-010
20373	4.0171e-010
20374	3.8656e-010
20375	4.0378e-010
20376	3.8428e-010
20377	3.5619e-010
20378	3.9109e-010
20379	3.5608e-010
20380	3.3921e-010
20381	3.964e-010
20382	3.1546e-010
20383	3.6071e-010
20384	3.0234e-010
20385	3.1975e-010
20386	3.1192e-010
20387	2.8119e-010
20388	3.0756e-010
20389	2.6252e-010
20390	2.9514e-010
20391	2.5106e-010
20392	2.7311e-010
20393	2.4843e-010
20394	2.4541e-010
20395	2.5586e-010
20396	2.1837e-010
20397	2.8607e-010
20398	2.0334e-010
20399	2.6287e-010
20400	2.2006e-010
20401	2.306e-010
20402	3.7748e-010
20403	2.6187e-010
20404	4.1496e-010
20405	6.5115e-010
20406	8.3045e-010
20407	7.5894e-010
20408	6.9233e-010
20409	6.8592e-010
20410	1.8705e-009
20411	3.2879e-010
20412	2.9078e-010
20413	1.7014e-010
20414	2.1107e-010
20415	2.2116e-010
20416	2.4542e-010
20417	2.56e-010
20418	2.5472e-010
20419	2.7453e-010
20420	2.6235e-010
20421	2.6631e-010
20422	2.7497e-010
20423	2.6239e-010
20424	2.8235e-010
20425	2.7067e-010
20426	2.8439e-010
20427	2.8621e-010
20428	2.9138e-010
20429	3.0216e-010
20430	3.0248e-010
20431	3.178e-010
20432	3.1648e-010
20433	3.3239e-010
20434	3.3289e-010
20435	3.4577e-010
20436	3.5158e-010
20437	3.5769e-010
20438	3.7257e-010
20439	3.7026e-010
20440	3.9221e-010
20441	3.8973e-010
20442	4.0201e-010
20443	4.1614e-010
20444	4.1689e-010
20445	4.3157e-010
20446	4.4359e-010
20447	4.4759e-010
20448	4.5766e-010
20449	4.7767e-010
20450	4.7821e-010
20451	4.9116e-010
20452	5.0198e-010
20453	5.1918e-010
20454	5.2541e-010
20455	5.3751e-010
20456	5.4948e-010
20457	5.6285e-010
20458	5.7578e-010
20459	5.8806e-010
20460	6.0361e-010
20461	6.1517e-010
20462	6.2929e-010
20463	6.4374e-010
20464	6.5847e-010
20465	6.7352e-010
20466	6.8643e-010
20467	7.084e-010
20468	7.1978e-010
20469	7.3793e-010
20470	7.5436e-010
20471	7.6752e-010
20472	7.8331e-010
20473	8.1058e-010
20474	8.3905e-010
20475	8.313e-010
20476	8.3009e-010
20477	8.4228e-010
20478	8.1688e-010
20479	7.8586e-010
20480	7.6978e-010
20481	7.603e-010
20482	7.4539e-010
20483	7.2554e-010
20484	7.2464e-010
20485	6.9178e-010
20486	6.8332e-010
20487	6.6853e-010
20488	6.5449e-010
20489	6.3978e-010
20490	6.2442e-010
20491	6.2309e-010
20492	6.0009e-010
20493	5.9185e-010
20494	5.7821e-010
20495	5.5859e-010
20496	5.4938e-010
20497	5.3046e-010
20498	5.7563e-010
20499	5.0781e-010
20500	5.0019e-010
20501	4.7575e-010
20502	5.5322e-010
20503	4.6161e-010
20504	4.4056e-010
20505	4.8906e-010
20506	4.5711e-010
20507	3.9694e-010
20508	4.8103e-010
20509	4.1461e-010
20510	3.7578e-010
20511	4.9752e-010
20512	3.3848e-010
20513	4.4328e-010
20514	3.5096e-010
20515	3.6841e-010
20516	3.7596e-010
20517	3.186e-010
20518	3.7756e-010
20519	2.9235e-010
20520	3.6253e-010
20521	2.8306e-010
20522	3.307e-010
20523	2.89e-010
20524	2.8763e-010
20525	3.1003e-010
20526	2.3984e-010
20527	3.572e-010
20528	2.1693e-010
20529	3.225e-010
20530	2.5475e-010
20531	2.4297e-010
20532	4.6252e-010
20533	2.7441e-010
20534	4.4443e-010
20535	7.1829e-010
20536	9.5085e-010
20537	7.612e-010
20538	8.6183e-010
20539	9.7804e-010
20540	1.8282e-009
20541	3.1056e-010
20542	2.4526e-010
20543	1.2662e-010
20544	1.8175e-010
20545	1.9456e-010
20546	2.1488e-010
20547	2.2451e-010
20548	2.2491e-010
20549	2.3757e-010
20550	2.2938e-010
20551	2.308e-010
20552	2.3516e-010
20553	2.2735e-010
20554	2.3884e-010
20555	2.327e-010
20556	2.4121e-010
20557	2.4349e-010
20558	2.4789e-010
20559	2.5561e-010
20560	2.5799e-010
20561	2.6834e-010
20562	2.7019e-010
20563	2.8083e-010
20564	2.8382e-010
20565	2.9297e-010
20566	2.9874e-010
20567	3.0472e-010
20568	3.1478e-010
20569	3.1701e-010
20570	3.306e-010
20571	3.3273e-010
20572	3.4179e-010
20573	3.518e-010
20574	3.5581e-010
20575	3.6618e-010
20576	3.7552e-010
20577	3.8137e-010
20578	3.9001e-010
20579	4.0318e-010
20580	4.0767e-010
20581	4.1772e-010
20582	4.2713e-010
20583	4.3958e-010
20584	4.4688e-010
20585	4.57e-010
20586	4.6727e-010
20587	4.7811e-010
20588	4.8894e-010
20589	4.9976e-010
20590	5.1223e-010
20591	5.229e-010
20592	5.348e-010
20593	5.4712e-010
20594	5.5958e-010
20595	5.7217e-010
20596	5.8407e-010
20597	6.004e-010
20598	6.1202e-010
20599	6.2655e-010
20600	6.4044e-010
20601	6.5378e-010
20602	6.6791e-010
20603	6.8703e-010
20604	7.0681e-010
20605	7.1201e-010
20606	7.1193e-010
20607	7.0937e-010
20608	6.9117e-010
20609	6.7074e-010
20610	6.5708e-010
20611	6.4557e-010
20612	6.3262e-010
20613	6.1784e-010
20614	6.1115e-010
20615	5.901e-010
20616	5.801e-010
20617	5.6788e-010
20618	5.5592e-010
20619	5.4348e-010
20620	5.3205e-010
20621	5.2517e-010
20622	5.1092e-010
20623	5.0149e-010
20624	4.9053e-010
20625	4.77e-010
20626	4.6767e-010
20627	4.5833e-010
20628	4.7073e-010
20629	4.3941e-010
20630	4.2801e-010
20631	4.1658e-010
20632	4.5199e-010
20633	4.013e-010
20634	3.869e-010
20635	4.0376e-010
20636	3.8429e-010
20637	3.5619e-010
20638	3.9109e-010
20639	3.5608e-010
20640	3.3921e-010
20641	3.964e-010
20642	3.1546e-010
20643	3.6071e-010
20644	3.0233e-010
20645	3.1976e-010
20646	3.1192e-010
20647	2.8119e-010
20648	3.0756e-010
20649	2.6252e-010
20650	2.9514e-010
20651	2.5106e-010
20652	2.7312e-010
20653	2.4843e-010
20654	2.4541e-010
20655	2.5586e-010
20656	2.1837e-010
20657	2.8607e-010
20658	2.0334e-010
20659	2.6287e-010
20660	2.2006e-010
20661	2.306e-010
20662	3.7748e-010
20663	2.6187e-010
20664	4.1496e-010
20665	6.5115e-010
20666	8.3045e-010
20667	7.5894e-010
20668	6.9233e-010
20669	6.8592e-010
20670	1.8705e-009
20671	3.1061e-010
20672	2.4529e-010
20673	1.266e-010
20674	1.8176e-010
20675	1.9459e-010
20676	2.1494e-010
20677	2.246e-010
20678	2.2503e-010
20679	2.377e-010
20680	2.295e-010
20681	2.3085e-010
20682	2.3517e-010
20683	2.2737e-010
20684	2.3885e-010
20685	2.3271e-010
20686	2.4123e-010
20687	2.4354e-010
20688	2.4801e-010
20689	2.5576e-010
20690	2.5811e-010
20691	2.6849e-010
20692	2.7043e-010
20693	2.8113e-010
20694	2.841e-010
20695	2.932e-010
20696	2.9889e-010
20697	3.0485e-010
20698	3.1493e-010
20699	3.1717e-010
20700	3.3075e-010
20701	3.3291e-010
20702	3.4197e-010
20703	3.5199e-010
20704	3.5599e-010
20705	3.6631e-010
20706	3.7565e-010
20707	3.8158e-010
20708	3.9035e-010
20709	4.0353e-010
20710	4.0788e-010
20711	4.1789e-010
20712	4.2742e-010
20713	4.3989e-010
20714	4.4723e-010
20715	4.5726e-010
20716	4.6753e-010
20717	4.7852e-010
20718	4.8954e-010
20719	5.0034e-010
20720	5.1251e-010
20721	5.2311e-010
20722	5.3498e-010
20723	5.472e-010
20724	5.5945e-010
20725	5.7195e-010
20726	5.8388e-010
20727	6.0022e-010
20728	6.1161e-010
20729	6.263e-010
20730	6.4003e-010
20731	6.5285e-010
20732	6.6698e-010
20733	6.8645e-010
20734	7.0602e-010
20735	7.1139e-010
20736	7.1131e-010
20737	7.087e-010
20738	6.9056e-010
20739	6.7037e-010
20740	6.5677e-010
20741	6.4525e-010
20742	6.324e-010
20743	6.1766e-010
20744	6.1096e-010
20745	5.9019e-010
20746	5.8021e-010
20747	5.6796e-010
20748	5.5597e-010
20749	5.4369e-010
20750	5.3223e-010
20751	5.2536e-010
20752	5.1117e-010
20753	5.0184e-010
20754	4.9096e-010
20755	4.7765e-010
20756	4.6853e-010
20757	4.5716e-010
20758	4.7707e-010
20759	4.3818e-010
20760	4.2885e-010
20761	4.1566e-010
20762	4.5704e-010
20763	4.0008e-010
20764	3.8695e-010
20765	4.0347e-010
20766	3.8386e-010
20767	3.5554e-010
20768	3.9047e-010
20769	3.553e-010
20770	3.3837e-010
20771	3.9577e-010
20772	3.1472e-010
20773	3.6011e-010
20774	3.0176e-010
20775	3.1922e-010
20776	3.1138e-010
20777	2.8064e-010
20778	3.0694e-010
20779	2.6186e-010
20780	2.9446e-010
20781	2.5038e-010
20782	2.7251e-010
20783	2.4791e-010
20784	2.4498e-010
20785	2.5551e-010
20786	2.1817e-010
20787	2.8601e-010
20788	2.0333e-010
20789	2.6288e-010
20790	2.201e-010
20791	2.3049e-010
20792	3.7729e-010
20793	2.6167e-010
20794	4.1478e-010
20795	6.5092e-010
20796	8.2984e-010
20797	7.5862e-010
20798	6.9198e-010
20799	6.855e-010
20800	1.8702e-009
20801	3.2895e-010
20802	2.9088e-010
20803	1.7016e-010
20804	2.1115e-010
20805	2.2131e-010
20806	2.4564e-010
20807	2.5626e-010
20808	2.55e-010
20809	2.7479e-010
20810	2.626e-010
20811	2.665e-010
20812	2.7514e-010
20813	2.6257e-010
20814	2.8256e-010
20815	2.7089e-010
20816	2.846e-010
20817	2.8644e-010
20818	2.9165e-010
20819	3.0239e-010
20820	3.026e-010
20821	3.1791e-010
20822	3.1671e-010
20823	3.327e-010
20824	3.3317e-010
20825	3.4599e-010
20826	3.5175e-010
20827	3.5785e-010
20828	3.728e-010
20829	3.7051e-010
20830	3.9245e-010
20831	3.8994e-010
20832	4.0227e-010
20833	4.165e-010
20834	4.1723e-010
20835	4.3177e-010
20836	4.4373e-010
20837	4.4788e-010
20838	4.5816e-010
20839	4.7816e-010
20840	4.7863e-010
20841	4.9154e-010
20842	5.0241e-010
20843	5.1962e-010
20844	5.2603e-010
20845	5.3806e-010
20846	5.5013e-010
20847	5.6365e-010
20848	5.7658e-010
20849	5.8874e-010
20850	6.042e-010
20851	6.1563e-010
20852	6.2977e-010
20853	6.4417e-010
20854	6.586e-010
20855	6.7363e-010
20856	6.8651e-010
20857	7.0843e-010
20858	7.1963e-010
20859	7.3793e-010
20860	7.5421e-010
20861	7.669e-010
20862	7.8261e-010
20863	8.1016e-010
20864	8.3871e-010
20865	8.312e-010
20866	8.2992e-010
20867	8.4189e-010
20868	8.1679e-010
20869	7.8561e-010
20870	7.6969e-010
20871	7.6034e-010
20872	7.454e-010
20873	7.2559e-010
20874	7.2469e-010
20875	6.9211e-010
20876	6.8359e-010
20877	6.6877e-010
20878	6.5481e-010
20879	6.4012e-010
20880	6.248e-010
20881	6.2354e-010
20882	6.0049e-010
20883	5.9212e-010
20884	5.7853e-010
20885	5.589e-010
20886	5.4975e-010
20887	5.2983e-010
20888	5.8011e-010
20889	5.0719e-010
20890	5.0144e-010
20891	4.7348e-010
20892	5.6357e-010
20893	4.5927e-010
20894	4.4134e-010
20895	4.8884e-010
20896	4.5687e-010
20897	3.9665e-010
20898	4.805e-010
20899	4.1407e-010
20900	3.7521e-010
20901	4.9674e-010
20902	3.3781e-010
20903	4.4238e-010
20904	3.5006e-010
20905	3.6757e-010
20906	3.7508e-010
20907	3.1786e-010
20908	3.7672e-010
20909	2.9176e-010
20910	3.6177e-010
20911	2.8254e-010
20912	3.3005e-010
20913	2.8848e-010
20914	2.8709e-010
20915	3.0949e-010
20916	2.3946e-010
20917	3.5695e-010
20918	2.1663e-010
20919	3.2221e-010
20920	2.545e-010
20921	2.4263e-010
20922	4.6215e-010
20923	2.7424e-010
20924	4.4435e-010
20925	7.181e-010
20926	9.5011e-010
20927	7.6105e-010
20928	8.6131e-010
20929	9.7702e-010
20930	1.8276e-009
20931	3.1074e-010
20932	2.4536e-010
20933	1.2658e-010
20934	1.8173e-010
20935	1.9458e-010
20936	2.1496e-010
20937	2.2464e-010
20938	2.2508e-010
20939	2.3777e-010
20940	2.2962e-010
20941	2.3105e-010
20942	2.3539e-010
20943	2.2752e-010
20944	2.3897e-010
20945	2.3281e-010
20946	2.4136e-010
20947	2.437e-010
20948	2.4819e-010
20949	2.5591e-010
20950	2.5818e-010
20951	2.6851e-010
20952	2.7042e-010
20953	2.8113e-010
20954	2.8413e-010
20955	2.9326e-010
20956	2.9901e-010
20957	3.0501e-010
20958	3.1513e-010
20959	3.173e-010
20960	3.308e-010
20961	3.3291e-010
20962	3.4201e-010
20963	3.5206e-010
20964	3.5609e-010
20965	3.6643e-010
20966	3.7575e-010
20967	3.8161e-010
20968	3.904e-010
20969	4.0369e-010
20970	4.0808e-010
20971	4.1809e-010
20972	4.275e-010
20973	4.3982e-010
20974	4.4729e-010
20975	4.5747e-010
20976	4.6795e-010
20977	4.7897e-010
20978	4.8983e-010
20979	5.0048e-010
20980	5.1263e-010
20981	5.2322e-010
20982	5.3502e-010
20983	5.4726e-010
20984	5.5959e-010
20985	5.7232e-010
20986	5.8422e-010
20987	6.0029e-010
20988	6.1169e-010
20989	6.263e-010
20990	6.3999e-010
20991	6.5284e-010
20992	6.6695e-010
20993	6.8646e-010
20994	7.0597e-010
20995	7.1127e-010
20996	7.1101e-010
20997	7.082e-010
20998	6.9052e-010
20999	6.7013e-010
21000	6.565e-010
21001	6.452e-010
21002	6.3231e-010
21003	6.1753e-010
21004	6.1085e-010
21005	5.901e-010
21006	5.8015e-010
21007	5.6797e-010
21008	5.5608e-010
21009	5.4361e-010
21010	5.3203e-010
21011	5.2542e-010
21012	5.1105e-010
21013	5.0176e-010
21014	4.9092e-010
21015	4.7756e-010
21016	4.6872e-010
21017	4.5687e-010
21018	4.7702e-010
21019	4.3791e-010
21020	4.2936e-010
21021	4.1561e-010
21022	4.5749e-010
21023	4.0015e-010
21024	3.8738e-010
21025	4.0355e-010
21026	3.8398e-010
21027	3.5566e-010
21028	3.904e-010
21029	3.5525e-010
21030	3.3829e-010
21031	3.9552e-010
21032	3.1437e-010
21033	3.596e-010
21034	3.0127e-010
21035	3.1881e-010
21036	3.1101e-010
21037	2.8023e-010
21038	3.0655e-010
21039	2.6144e-010
21040	2.9417e-010
21041	2.5006e-010
21042	2.7221e-010
21043	2.4763e-010
21044	2.4475e-010
21045	2.5534e-010
21046	2.1807e-010
21047	2.8585e-010
21048	2.0336e-010
21049	2.6275e-010
21050	2.2008e-010
21051	2.3062e-010
21052	3.7738e-010
21053	2.6161e-010
21054	4.1443e-010
21055	6.5048e-010
21056	8.2983e-010
21057	7.5842e-010
21058	6.9212e-010
21059	6.8533e-010
21060	1.8693e-009
21061	3.1074e-010
21062	2.4536e-010
21063	1.2658e-010
21064	1.8173e-010
21065	1.9458e-010
21066	2.1496e-010
21067	2.2464e-010
21068	2.2508e-010
21069	2.3777e-010
21070	2.2962e-010
21071	2.3105e-010
21072	2.3539e-010
21073	2.2752e-010
21074	2.3897e-010
21075	2.3281e-010
21076	2.4136e-010
21077	2.437e-010
21078	2.4819e-010
21079	2.5591e-010
21080	2.5818e-010
21081	2.6851e-010
21082	2.7042e-010
21083	2.8113e-010
21084	2.8413e-010
21085	2.9326e-010
21086	2.9901e-010
21087	3.0501e-010
21088	3.1513e-010
21089	3.173e-010
21090	3.308e-010
21091	3.3291e-010
21092	3.4201e-010
21093	3.5206e-010
21094	3.5609e-010
21095	3.6643e-010
21096	3.7575e-010
21097	3.8161e-010
21098	3.904e-010
21099	4.0369e-010
21100	4.0808e-010
21101	4.181e-010
21102	4.275e-010
21103	4.3982e-010
21104	4.4729e-010
21105	4.5747e-010
21106	4.6795e-010
21107	4.7897e-010
21108	4.8983e-010
21109	5.0048e-010
21110	5.1263e-010
21111	5.2322e-010
21112	5.3502e-010
21113	5.4726e-010
21114	5.5959e-010
21115	5.7232e-010
21116	5.8422e-010
21117	6.0029e-010
21118	6.1169e-010
21119	6.263e-010
21120	6.3999e-010
21121	6.5284e-010
21122	6.6695e-010
21123	6.8646e-010
21124	7.0597e-010
21125	7.1127e-010
21126	7.1101e-010
21127	7.082e-010
21128	6.9052e-010
21129	6.7013e-010
21130	6.565e-010
21131	6.452e-010
21132	6.3231e-010
21133	6.1753e-010
21134	6.1085e-010
21135	5.901e-010
21136	5.8015e-010
21137	5.6798e-010
21138	5.5608e-010
21139	5.4367e-010
21140	5.3175e-010
21141	5.2567e-010
21142	5.1078e-010
21143	5.0182e-010
21144	4.9092e-010
21145	4.7756e-010
21146	4.6876e-010
21147	4.5671e-010
21148	4.7695e-010
21149	4.3776e-010
21150	4.2938e-010
21151	4.1567e-010
21152	4.5749e-010
21153	4.002e-010
21154	3.8737e-010
21155	4.0355e-010
21156	3.8398e-010
21157	3.5566e-010
21158	3.904e-010
21159	3.5525e-010
21160	3.3829e-010
21161	3.9552e-010
21162	3.1437e-010
21163	3.596e-010
21164	3.0127e-010
21165	3.1881e-010
21166	3.1101e-010
21167	2.8023e-010
21168	3.0655e-010
21169	2.6144e-010
21170	2.9417e-010
21171	2.5006e-010
21172	2.7221e-010
21173	2.4763e-010
21174	2.4475e-010
21175	2.5534e-010
21176	2.1807e-010
21177	2.8585e-010
21178	2.0336e-010
21179	2.6275e-010
21180	2.2008e-010
21181	2.3062e-010
21182	3.7738e-010
21183	2.6161e-010
21184	4.1443e-010
21185	6.5048e-010
21186	8.2983e-010
21187	7.5842e-010
21188	6.9212e-010
21189	6.8533e-010
21190	1.8693e-009
21191	3.2895e-010
21192	2.9088e-010
21193	1.7016e-010
21194	2.1115e-010
21195	2.2131e-010
21196	2.4564e-010
21197	2.5626e-010
21198	2.55e-010
21199	2.7479e-010
21200	2.626e-010
21201	2.665e-010
21202	2.7514e-010
21203	2.6257e-010
21204	2.8256e-010
21205	2.7089e-010
21206	2.846e-010
21207	2.8644e-010
21208	2.9165e-010
21209	3.0239e-010
21210	3.026e-010
21211	3.1791e-010
21212	3.1671e-010
21213	3.327e-010
21214	3.3317e-010
21215	3.4599e-010
21216	3.5175e-010
21217	3.5785e-010
21218	3.728e-010
21219	3.7051e-010
21220	3.9245e-010
21221	3.8994e-010
21222	4.0226e-010
21223	4.165e-010
21224	4.1723e-010
21225	4.3177e-010
21226	4.4373e-010
21227	4.4789e-010
21228	4.5817e-010
21229	4.7817e-010
21230	4.7863e-010
21231	4.9154e-010
21232	5.0241e-010
21233	5.1962e-010
21234	5.2603e-010
21235	5.3806e-010
21236	5.5013e-010
21237	5.6365e-010
21238	5.7658e-010
21239	5.8874e-010
21240	6.042e-010
21241	6.1563e-010
21242	6.2977e-010
21243	6.4417e-010
21244	6.586e-010
21245	6.7363e-010
21246	6.8651e-010
21247	7.0843e-010
21248	7.1963e-010
21249	7.3793e-010
21250	7.5421e-010
21251	7.669e-010
21252	7.8261e-010
21253	8.1016e-010
21254	8.3871e-010
21255	8.312e-010
21256	8.2992e-010
21257	8.4189e-010
21258	8.1679e-010
21259	7.8561e-010
21260	7.6969e-010
21261	7.6034e-010
21262	7.454e-010
21263	7.2559e-010
21264	7.2468e-010
21265	6.9211e-010
21266	6.8359e-010
21267	6.6879e-010
21268	6.5478e-010
21269	6.4018e-010
21270	6.2452e-010
21271	6.2372e-010
21272	6.002e-010
21273	5.922e-010
21274	5.7847e-010
21275	5.5898e-010
21276	5.4936e-010
21277	5.3117e-010
21278	5.7976e-010
21279	5.0846e-010
21280	5.0109e-010
21281	4.7343e-010
21282	5.6437e-010
21283	4.5916e-010
21284	4.4137e-010
21285	4.8886e-010
21286	4.5687e-010
21287	3.9665e-010
21288	4.805e-010
21289	4.1407e-010
21290	3.7521e-010
21291	4.9674e-010
21292	3.3781e-010
21293	4.4238e-010
21294	3.5006e-010
21295	3.6757e-010
21296	3.7508e-010
21297	3.1786e-010
21298	3.7672e-010
21299	2.9176e-010
21300	3.6177e-010
21301	2.8254e-010
21302	3.3005e-010
21303	2.8848e-010
21304	2.8709e-010
21305	3.0949e-010
21306	2.3946e-010
21307	3.5695e-010
21308	2.1663e-010
21309	3.2221e-010
21310	2.545e-010
21311	2.4263e-010
21312	4.6215e-010
21313	2.7424e-010
21314	4.4435e-010
21315	7.181e-010
21316	9.5011e-010
21317	7.6105e-010
21318	8.6131e-010
21319	9.7702e-010
21320	1.8276e-009
21321	3.1061e-010
21322	2.4529e-010
21323	1.266e-010
21324	1.8176e-010
21325	1.9459e-010
21326	2.1494e-010
21327	2.246e-010
21328	2.2503e-010
21329	2.377e-010
21330	2.295e-010
21331	2.3085e-010
21332	2.3517e-010
21333	2.2737e-010
21334	2.3885e-010
21335	2.3271e-010
21336	2.4123e-010
21337	2.4354e-010
21338	2.4801e-010
21339	2.5576e-010
21340	2.5811e-010
21341	2.6849e-010
21342	2.7043e-010
21343	2.8113e-010
21344	2.841e-010
21345	2.932e-010
21346	2.9889e-010
21347	3.0485e-010
21348	3.1493e-010
21349	3.1717e-010
21350	3.3075e-010
21351	3.3291e-010
21352	3.4197e-010
21353	3.5199e-010
21354	3.5599e-010
21355	3.6631e-010
21356	3.7565e-010
21357	3.8158e-010
21358	3.9035e-010
21359	4.0353e-010
21360	4.0788e-010
21361	4.1789e-010
21362	4.2742e-010
21363	4.3989e-010
21364	4.4723e-010
21365	4.5726e-010
21366	4.6753e-010
21367	4.7852e-010
21368	4.8954e-010
21369	5.0034e-010
21370	5.1252e-010
21371	5.231e-010
21372	5.3498e-010
21373	5.472e-010
21374	5.5945e-010
21375	5.7195e-010
21376	5.8388e-010
21377	6.0022e-010
21378	6.1161e-010
21379	6.263e-010
21380	6.4003e-010
21381	6.5285e-010
21382	6.6698e-010
21383	6.8645e-010
21384	7.0602e-010
21385	7.1139e-010
21386	7.1131e-010
21387	7.087e-010
21388	6.9056e-010
21389	6.7037e-010
21390	6.5677e-010
21391	6.4525e-010
21392	6.324e-010
21393	6.1766e-010
21394	6.1096e-010
21395	5.902e-010
21396	5.8021e-010
21397	5.6796e-010
21398	5.5595e-010
21399	5.4381e-010
21400	5.3173e-010
21401	5.2605e-010
21402	5.1069e-010
21403	5.0196e-010
21404	4.9095e-010
21405	4.7757e-010
21406	4.6838e-010
21407	4.5753e-010
21408	4.7438e-010
21409	4.3839e-010
21410	4.2888e-010
21411	4.1549e-010
21412	4.5741e-010
21413	3.9996e-010
21414	3.8712e-010
21415	4.0341e-010
21416	3.8387e-010
21417	3.5554e-010
21418	3.9047e-010
21419	3.553e-010
21420	3.3838e-010
21421	3.9578e-010
21422	3.1472e-010
21423	3.6011e-010
21424	3.0176e-010
21425	3.1922e-010
21426	3.1138e-010
21427	2.8064e-010
21428	3.0694e-010
21429	2.6186e-010
21430	2.9447e-010
21431	2.5038e-010
21432	2.7251e-010
21433	2.4791e-010
21434	2.4498e-010
21435	2.5551e-010
21436	2.1817e-010
21437	2.8601e-010
21438	2.0333e-010
21439	2.6288e-010
21440	2.201e-010
21441	2.3049e-010
21442	3.7729e-010
21443	2.6167e-010
21444	4.1478e-010
21445	6.5092e-010
21446	8.2984e-010
21447	7.5862e-010
21448	6.9198e-010
21449	6.855e-010
21450	1.8702e-009
21451	3.1056e-010
21452	2.4526e-010
21453	1.2662e-010
21454	1.8175e-010
21455	1.9456e-010
21456	2.1488e-010
21457	2.2451e-010
21458	2.2491e-010
21459	2.3757e-010
21460	2.2938e-010
21461	2.308e-010
21462	2.3516e-010
21463	2.2735e-010
21464	2.3884e-010
21465	2.327e-010
21466	2.4121e-010
21467	2.4349e-010
21468	2.4789e-010
21469	2.5561e-010
21470	2.5799e-010
21471	2.6834e-010
21472	2.7019e-010
21473	2.8083e-010
21474	2.8382e-010
21475	2.9298e-010
21476	2.9874e-010
21477	3.0472e-010
21478	3.1478e-010
21479	3.1701e-010
21480	3.306e-010
21481	3.3273e-010
21482	3.4179e-010
21483	3.518e-010
21484	3.5581e-010
21485	3.6618e-010
21486	3.7552e-010
21487	3.8137e-010
21488	3.9001e-010
21489	4.0318e-010
21490	4.0767e-010
21491	4.1772e-010
21492	4.2713e-010
21493	4.3958e-010
21494	4.4688e-010
21495	4.57e-010
21496	4.6727e-010
21497	4.7811e-010
21498	4.8894e-010
21499	4.9976e-010
21500	5.1223e-010
21501	5.229e-010
21502	5.348e-010
21503	5.4712e-010
21504	5.5958e-010
21505	5.7217e-010
21506	5.8407e-010
21507	6.004e-010
21508	6.1202e-010
21509	6.2655e-010
21510	6.4044e-010
21511	6.5378e-010
21512	6.6791e-010
21513	6.8703e-010
21514	7.0681e-010
21515	7.1201e-010
21516	7.1193e-010
21517	7.0937e-010
21518	6.9117e-010
21519	6.7074e-010
21520	6.5708e-010
21521	6.4557e-010
21522	6.3262e-010
21523	6.1784e-010
21524	6.1115e-010
21525	5.901e-010
21526	5.801e-010
21527	5.6789e-010
21528	5.559e-010
21529	5.4361e-010
21530	5.3152e-010
21531	5.2584e-010
21532	5.1041e-010
21533	5.0162e-010
21534	4.9052e-010
21535	4.7693e-010
21536	4.6751e-010
21537	4.5862e-010
21538	4.6768e-010
21539	4.3959e-010
21540	4.2843e-010
21541	4.153e-010
21542	4.5744e-010
21543	4.0012e-010
21544	3.8744e-010
21545	4.0375e-010
21546	3.8431e-010
21547	3.5619e-010
21548	3.9109e-010
21549	3.5608e-010
21550	3.3921e-010
21551	3.964e-010
21552	3.1546e-010
21553	3.6071e-010
21554	3.0234e-010
21555	3.1976e-010
21556	3.1192e-010
21557	2.8119e-010
21558	3.0756e-010
21559	2.6252e-010
21560	2.9514e-010
21561	2.5106e-010
21562	2.7311e-010
21563	2.4843e-010
21564	2.4541e-010
21565	2.5586e-010
21566	2.1837e-010
21567	2.8607e-010
21568	2.0334e-010
21569	2.6287e-010
21570	2.2006e-010
21571	2.306e-010
21572	3.7748e-010
21573	2.6187e-010
21574	4.1496e-010
21575	6.5115e-010
21576	8.3045e-010
21577	7.5894e-010
21578	6.9233e-010
21579	6.8592e-010
21580	1.8705e-009
21581	3.2879e-010
21582	2.9078e-010
21583	1.7014e-010
21584	2.1107e-010
21585	2.2116e-010
21586	2.4542e-010
21587	2.56e-010
21588	2.5472e-010
21589	2.7453e-010
21590	2.6235e-010
21591	2.6631e-010
21592	2.7497e-010
21593	2.6239e-010
21594	2.8235e-010
21595	2.7067e-010
21596	2.8439e-010
21597	2.8621e-010
21598	2.9138e-010
21599	3.0216e-010
21600	3.0248e-010
21601	3.178e-010
21602	3.1648e-010
21603	3.3239e-010
21604	3.3289e-010
21605	3.4577e-010
21606	3.5158e-010
21607	3.5769e-010
21608	3.7257e-010
21609	3.7026e-010
21610	3.9221e-010
21611	3.8973e-010
21612	4.0201e-010
21613	4.1614e-010
21614	4.1689e-010
21615	4.3157e-010
21616	4.4359e-010
21617	4.4759e-010
21618	4.5766e-010
21619	4.7767e-010
21620	4.7821e-010
21621	4.9117e-010
21622	5.0198e-010
21623	5.1918e-010
21624	5.2541e-010
21625	5.3751e-010
21626	5.4948e-010
21627	5.6285e-010
21628	5.7578e-010
21629	5.8806e-010
21630	6.0361e-010
21631	6.1517e-010
21632	6.2929e-010
21633	6.4374e-010
21634	6.5848e-010
21635	6.7352e-010
21636	6.8643e-010
21637	7.0841e-010
21638	7.1978e-010
21639	7.3793e-010
21640	7.5436e-010
21641	7.6752e-010
21642	7.8331e-010
21643	8.1058e-010
21644	8.3905e-010
21645	8.313e-010
21646	8.3009e-010
21647	8.4228e-010
21648	8.1688e-010
21649	7.8586e-010
21650	7.6978e-010
21651	7.603e-010
21652	7.4539e-010
21653	7.2555e-010
21654	7.2464e-010
21655	6.9178e-010
21656	6.8332e-010
21657	6.6853e-010
21658	6.5448e-010
21659	6.3978e-010
21660	6.2442e-010
21661	6.2325e-010
21662	6.0008e-010
21663	5.9187e-010
21664	5.7816e-010
21665	5.5872e-010
21666	5.4889e-010
21667	5.3176e-010
21668	5.753e-010
21669	5.0906e-010
21670	5.0071e-010
21671	4.7336e-010
21672	5.6436e-010
21673	4.5917e-010
21674	4.4148e-010
21675	4.8907e-010
21676	4.5714e-010
21677	3.9695e-010
21678	4.8104e-010
21679	4.1461e-010
21680	3.7578e-010
21681	4.9752e-010
21682	3.3848e-010
21683	4.4328e-010
21684	3.5096e-010
21685	3.6841e-010
21686	3.7596e-010
21687	3.186e-010
21688	3.7756e-010
21689	2.9235e-010
21690	3.6253e-010
21691	2.8306e-010
21692	3.307e-010
21693	2.89e-010
21694	2.8763e-010
21695	3.1003e-010
21696	2.3984e-010
21697	3.572e-010
21698	2.1693e-010
21699	3.225e-010
21700	2.5475e-010
21701	2.4297e-010
21702	4.6252e-010
21703	2.7441e-010
21704	4.4443e-010
21705	7.1829e-010
21706	9.5085e-010
21707	7.612e-010
21708	8.6183e-010
21709	9.7804e-010
21710	1.8282e-009
21711	3.1056e-010
21712	2.4526e-010
21713	1.2662e-010
21714	1.8175e-010
21715	1.9456e-010
21716	2.1488e-010
21717	2.2451e-010
21718	2.2491e-010
21719	2.3757e-010
21720	2.2938e-010
21721	2.308e-010
21722	2.3516e-010
21723	2.2735e-010
21724	2.3884e-010
21725	2.327e-010
21726	2.4121e-010
21727	2.4349e-010
21728	2.4789e-010
21729	2.5561e-010
21730	2.5799e-010
21731	2.6834e-010
21732	2.7019e-010
21733	2.8083e-010
21734	2.8382e-010
21735	2.9298e-010
21736	2.9874e-010
21737	3.0472e-010
21738	3.1478e-010
21739	3.1701e-010
21740	3.306e-010
21741	3.3273e-010
21742	3.4179e-010
21743	3.518e-010
21744	3.5581e-010
21745	3.6618e-010
21746	3.7552e-010
21747	3.8137e-010
21748	3.9001e-010
21749	4.0318e-010
21750	4.0767e-010
21751	4.1772e-010
21752	4.2713e-010
21753	4.3958e-010
21754	4.4688e-010
21755	4.57e-010
21756	4.6727e-010
21757	4.7811e-010
21758	4.8894e-010
21759	4.9976e-010
21760	5.1223e-010
21761	5.229e-010
21762	5.348e-010
21763	5.4712e-010
21764	5.5958e-010
21765	5.7217e-010
21766	5.8407e-010
21767	6.004e-010
21768	6.1202e-010
21769	6.2655e-010
21770	6.4044e-010
21771	6.5378e-010
21772	6.6791e-010
21773	6.8703e-010
21774	7.0681e-010
21775	7.1201e-010
21776	7.1193e-010
21777	7.0937e-010
21778	6.9117e-010
21779	6.7074e-010
21780	6.5708e-010
21781	6.4557e-010
21782	6.3262e-010
21783	6.1784e-010
21784	6.1115e-010
21785	5.901e-010
21786	5.801e-010
21787	5.6789e-010
21788	5.559e-010
21789	5.4362e-010
21790	5.3149e-010
21791	5.2586e-010
21792	5.1038e-010
21793	5.0164e-010
21794	4.9051e-010
21795	4.7714e-010
21796	4.681e-010
21797	4.5649e-010
21798	4.7727e-010
21799	4.377e-010
21800	4.2897e-010
21801	4.1549e-010
21802	4.5743e-010
21803	4.0013e-010
21804	3.8743e-010
21805	4.0375e-010
21806	3.8431e-010
21807	3.5619e-010
21808	3.9109e-010
21809	3.5608e-010
21810	3.3921e-010
21811	3.964e-010
21812	3.1546e-010
21813	3.6071e-010
21814	3.0234e-010
21815	3.1976e-010
21816	3.1192e-010
21817	2.8119e-010
21818	3.0756e-010
21819	2.6252e-010
21820	2.9514e-010
21821	2.5106e-010
21822	2.7311e-010
21823	2.4843e-010
21824	2.4541e-010
21825	2.5586e-010
21826	2.1837e-010
21827	2.8607e-010
21828	2.0334e-010
21829	2.6287e-010
21830	2.2006e-010
21831	2.306e-010
21832	3.7748e-010
21833	2.6187e-010
21834	4.1496e-010
21835	6.5115e-010
21836	8.3045e-010
21837	7.5894e-010
21838	6.9233e-010
21839	6.8592e-010
21840	1.8705e-009
21841	3.1062e-010
21842	2.4529e-010
21843	1.266e-010
21844	1.8176e-010
21845	1.9459e-010
21846	2.1494e-010
21847	2.246e-010
21848	2.2503e-010
21849	2.377e-010
21850	2.295e-010
21851	2.3085e-010
21852	2.3517e-010
21853	2.2737e-010
21854	2.3885e-010
21855	2.3271e-010
21856	2.4123e-010
21857	2.4354e-010
21858	2.4801e-010
21859	2.5576e-010
21860	2.5811e-010
21861	2.6849e-010
21862	2.7043e-010
21863	2.8113e-010
21864	2.841e-010
21865	2.932e-010
21866	2.9889e-010
21867	3.0485e-010
21868	3.1493e-010
21869	3.1717e-010
21870	3.3075e-010
21871	3.3291e-010
21872	3.4197e-010
21873	3.5199e-010
21874	3.5599e-010
21875	3.6631e-010
21876	3.7565e-010
21877	3.8158e-010
21878	3.9035e-010
21879	4.0353e-010
21880	4.0788e-010
21881	4.1789e-010
21882	4.2742e-010
21883	4.3989e-010
21884	4.4723e-010
21885	4.5726e-010
21886	4.6753e-010
21887	4.7852e-010
21888	4.8954e-010
21889	5.0034e-010
21890	5.1252e-010
21891	5.231e-010
21892	5.3498e-010
21893	5.4719e-010
21894	5.5945e-010
21895	5.7195e-010
21896	5.8388e-010
21897	6.0022e-010
21898	6.1161e-010
21899	6.263e-010
21900	6.4003e-010
21901	6.5285e-010
21902	6.6698e-010
21903	6.8645e-010
21904	7.0602e-010
21905	7.1139e-010
21906	7.1131e-010
21907	7.087e-010
21908	6.9056e-010
21909	6.7037e-010
21910	6.5677e-010
21911	6.4525e-010
21912	6.324e-010
21913	6.1766e-010
21914	6.1096e-010
21915	5.902e-010
21916	5.8021e-010
21917	5.6796e-010
21918	5.5595e-010
21919	5.4383e-010
21920	5.3168e-010
21921	5.2613e-010
21922	5.1065e-010
21923	5.0198e-010
21924	4.9097e-010
21925	4.7758e-010
21926	4.6873e-010
21927	4.5663e-010
21928	4.7662e-010
21929	4.3763e-010
21930	4.2924e-010
21931	4.1548e-010
21932	4.5741e-010
21933	3.9996e-010
21934	3.8711e-010
21935	4.0341e-010
21936	3.8387e-010
21937	3.5554e-010
21938	3.9047e-010
21939	3.553e-010
21940	3.3838e-010
21941	3.9578e-010
21942	3.1472e-010
21943	3.6011e-010
21944	3.0176e-010
21945	3.1922e-010
21946	3.1138e-010
21947	2.8064e-010
21948	3.0694e-010
21949	2.6186e-010
21950	2.9446e-010
21951	2.5038e-010
21952	2.7251e-010
21953	2.4791e-010
21954	2.4498e-010
21955	2.5551e-010
21956	2.1817e-010
21957	2.8601e-010
21958	2.0333e-010
21959	2.6288e-010
21960	2.201e-010
21961	2.3049e-010
21962	3.7729e-010
21963	2.6167e-010
21964	4.1478e-010
21965	6.5092e-010
21966	8.2984e-010
21967	7.5862e-010
21968	6.9198e-010
21969	6.855e-010
21970	1.8702e-009
21971	3.2895e-010
21972	2.9088e-010
21973	1.7016e-010
21974	2.1115e-010
21975	2.2131e-010
21976	2.4564e-010
21977	2.5626e-010
21978	2.55e-010
21979	2.7479e-010
21980	2.626e-010
21981	2.665e-010
21982	2.7514e-010
21983	2.6257e-010
21984	2.8256e-010
21985	2.7089e-010
21986	2.846e-010
21987	2.8644e-010
21988	2.9165e-010
21989	3.0239e-010
21990	3.026e-010
21991	3.1791e-010
21992	3.1671e-010
21993	3.327e-010
21994	3.3317e-010
21995	3.4599e-010
21996	3.5175e-010
21997	3.5785e-010
21998	3.728e-010
21999	3.7051e-010
22000	3.9245e-010
22001	3.8994e-010
22002	4.0226e-010
22003	4.165e-010
22004	4.1723e-010
22005	4.3177e-010
22006	4.4373e-010
22007	4.4788e-010
22008	4.5817e-010
22009	4.7816e-010
22010	4.7863e-010
22011	4.9154e-010
22012	5.0241e-010
22013	5.1962e-010
22014	5.2603e-010
22015	5.3806e-010
22016	5.5013e-010
22017	5.6365e-010
22018	5.7658e-010
22019	5.8874e-010
22020	6.042e-010
22021	6.1563e-010
22022	6.2977e-010
22023	6.4417e-010
22024	6.586e-010
22025	6.7363e-010
22026	6.8651e-010
22027	7.0843e-010
22028	7.1963e-010
22029	7.3793e-010
22030	7.5421e-010
22031	7.669e-010
22032	7.8261e-010
22033	8.1016e-010
22034	8.3871e-010
22035	8.312e-010
22036	8.2992e-010
22037	8.4189e-010
22038	8.1679e-010
22039	7.8561e-010
22040	7.6969e-010
22041	7.6034e-010
22042	7.454e-010
22043	7.2559e-010
22044	7.2469e-010
22045	6.9211e-010
22046	6.8359e-010
22047	6.6879e-010
22048	6.5478e-010
22049	6.4013e-010
22050	6.2475e-010
22051	6.2368e-010
22052	6.0042e-010
22053	5.9215e-010
22054	5.7847e-010
22055	5.59e-010
22056	5.4931e-010
22057	5.3125e-010
22058	5.7969e-010
22059	5.0853e-010
22060	5.0111e-010
22061	4.7317e-010
22062	5.6439e-010
22063	4.589e-010
22064	4.4141e-010
22065	4.8886e-010
22066	4.5687e-010
22067	3.9665e-010
22068	4.805e-010
22069	4.1407e-010
22070	3.7521e-010
22071	4.9674e-010
22072	3.3781e-010
22073	4.4238e-010
22074	3.5006e-010
22075	3.6757e-010
22076	3.7508e-010
22077	3.1786e-010
22078	3.7672e-010
22079	2.9176e-010
22080	3.6177e-010
22081	2.8254e-010
22082	3.3005e-010
22083	2.8848e-010
22084	2.8709e-010
22085	3.0949e-010
22086	2.3946e-010
22087	3.5695e-010
22088	2.1663e-010
22089	3.2221e-010
22090	2.545e-010
22091	2.4263e-010
22092	4.6215e-010
22093	2.7423e-010
22094	4.4435e-010
22095	7.181e-010
22096	9.5011e-010
22097	7.6105e-010
22098	8.6131e-010
22099	9.7702e-010
22100	1.8276e-009
22101	3.1074e-010
22102	2.4536e-010
22103	1.2658e-010
22104	1.8173e-010
22105	1.9458e-010
22106	2.1496e-010
22107	2.2464e-010
22108	2.2507e-010
22109	2.3777e-010
22110	2.2962e-010
22111	2.3105e-010
22112	2.3539e-010
22113	2.2752e-010
22114	2.3897e-010
22115	2.3281e-010
22116	2.4136e-010
22117	2.437e-010
22118	2.4819e-010
22119	2.5591e-010
22120	2.5818e-010
22121	2.6851e-010
22122	2.7042e-010
22123	2.8113e-010
22124	2.8413e-010
22125	2.9326e-010
22126	2.9901e-010
22127	3.0501e-010
22128	3.1513e-010
22129	3.173e-010
22130	3.308e-010
22131	3.3291e-010
22132	3.4201e-010
22133	3.5206e-010
22134	3.5609e-010
22135	3.6644e-010
22136	3.7575e-010
22137	3.8161e-010
22138	3.904e-010
22139	4.0369e-010
22140	4.0808e-010
22141	4.181e-010
22142	4.275e-010
22143	4.3982e-010
22144	4.4729e-010
22145	4.5747e-010
22146	4.6795e-010
22147	4.7897e-010
22148	4.8983e-010
22149	5.0048e-010
22150	5.1263e-010
22151	5.2322e-010
22152	5.3502e-010
22153	5.4726e-010
22154	5.5959e-010
22155	5.7232e-010
22156	5.8422e-010
22157	6.0029e-010
22158	6.1169e-010
22159	6.263e-010
22160	6.3998e-010
22161	6.5284e-010
22162	6.6695e-010
22163	6.8646e-010
22164	7.0597e-010
22165	7.1127e-010
22166	7.1101e-010
22167	7.082e-010
22168	6.9052e-010
22169	6.7013e-010
22170	6.565e-010
22171	6.452e-010
22172	6.3231e-010
22173	6.1752e-010
22174	6.1085e-010
22175	5.901e-010
22176	5.8014e-010
22177	5.6798e-010
22178	5.5606e-010
22179	5.4374e-010
22180	5.3156e-010
22181	5.2594e-010
22182	5.1059e-010
22183	5.0189e-010
22184	4.9088e-010
22185	4.7755e-010
22186	4.6841e-010
22187	4.5764e-010
22188	4.7446e-010
22189	4.3856e-010
22190	4.289e-010
22191	4.1605e-010
22192	4.5721e-010
22193	4.0055e-010
22194	3.8725e-010
22195	4.0358e-010
22196	3.8397e-010
22197	3.5566e-010
22198	3.9039e-010
22199	3.5525e-010
22200	3.3829e-010
22201	3.9552e-010
22202	3.1437e-010
22203	3.596e-010
22204	3.0127e-010
22205	3.1881e-010
22206	3.1101e-010
22207	2.8023e-010
22208	3.0655e-010
22209	2.6144e-010
22210	2.9417e-010
22211	2.5006e-010
22212	2.7221e-010
22213	2.4763e-010
22214	2.4475e-010
22215	2.5534e-010
22216	2.1807e-010
22217	2.8585e-010
22218	2.0336e-010
22219	2.6275e-010
22220	2.2008e-010
22221	2.3062e-010
22222	3.7738e-010
22223	2.6161e-010
22224	4.1443e-010
22225	6.5048e-010
22226	8.2982e-010
22227	7.5842e-010
22228	6.9212e-010
22229	6.8533e-010
22230	1.8693e-009
22231	3.1074e-010
22232	2.4536e-010
22233	1.2658e-010
22234	1.8173e-010
22235	1.9458e-010
22236	2.1496e-010
22237	2.2464e-010
22238	2.2507e-010
22239	2.3777e-010
22240	2.2962e-010
22241	2.3105e-010
22242	2.3539e-010
22243	2.2752e-010
22244	2.3897e-010
22245	2.3281e-010
22246	2.4136e-010
22247	2.437e-010
22248	2.4819e-010
22249	2.5591e-010
22250	2.5818e-010
22251	2.6851e-010
22252	2.7042e-010
22253	2.8113e-010
22254	2.8413e-010
22255	2.9326e-010
22256	2.9901e-010
22257	3.0501e-010
22258	3.1513e-010
22259	3.173e-010
22260	3.308e-010
22261	3.3292e-010
22262	3.4201e-010
22263	3.5206e-010
22264	3.5609e-010
22265	3.6643e-010
22266	3.7575e-010
22267	3.8161e-010
22268	3.904e-010
22269	4.0368e-010
22270	4.0808e-010
22271	4.181e-010
22272	4.275e-010
22273	4.3982e-010
22274	4.4729e-010
22275	4.5747e-010
22276	4.6795e-010
22277	4.7897e-010
22278	4.8983e-010
22279	5.0048e-010
22280	5.1263e-010
22281	5.2322e-010
22282	5.3502e-010
22283	5.4726e-010
22284	5.5959e-010
22285	5.7232e-010
22286	5.8422e-010
22287	6.0029e-010
22288	6.1169e-010
22289	6.263e-010
22290	6.3998e-010
22291	6.5284e-010
22292	6.6695e-010
22293	6.8646e-010
22294	7.0597e-010
22295	7.1127e-010
22296	7.1101e-010
22297	7.082e-010
22298	6.9052e-010
22299	6.7013e-010
22300	6.565e-010
22301	6.452e-010
22302	6.3231e-010
22303	6.1752e-010
22304	6.1085e-010
22305	5.901e-010
22306	5.8015e-010
22307	5.6798e-010
22308	5.5606e-010
22309	5.4374e-010
22310	5.3157e-010
22311	5.2594e-010
22312	5.106e-010
22313	5.0188e-010
22314	4.9089e-010
22315	4.7742e-010
22316	4.6808e-010
22317	4.5898e-010
22318	4.6807e-010
22319	4.3977e-010
22320	4.2852e-010
22321	4.1629e-010
22322	4.5728e-010
22323	4.0091e-010
22324	3.8716e-010
22325	4.0359e-010
22326	3.8396e-010
22327	3.5566e-010
22328	3.9039e-010
22329	3.5525e-010
22330	3.3829e-010
22331	3.9552e-010
22332	3.1437e-010
22333	3.596e-010
22334	3.0127e-010
22335	3.1881e-010
22336	3.1101e-010
22337	2.8023e-010
22338	3.0655e-010
22339	2.6144e-010
22340	2.9417e-010
22341	2.5006e-010
22342	2.7221e-010
22343	2.4763e-010
22344	2.4475e-010
22345	2.5534e-010
22346	2.1807e-010
22347	2.8585e-010
22348	2.0336e-010
22349	2.6275e-010
22350	2.2008e-010
22351	2.3062e-010
22352	3.7738e-010
22353	2.6161e-010
22354	4.1443e-010
22355	6.5048e-010
22356	8.2982e-010
22357	7.5842e-010
22358	6.9212e-010
22359	6.8533e-010
22360	1.8693e-009
22361	3.2895e-010
22362	2.9088e-010
22363	1.7016e-010
22364	2.1115e-010
22365	2.2131e-010
22366	2.4564e-010
22367	2.5626e-010
22368	2.55e-010
22369	2.7479e-010
22370	2.626e-010
22371	2.665e-010
22372	2.7514e-010
22373	2.6257e-010
22374	2.8256e-010
22375	2.7089e-010
22376	2.846e-010
22377	2.8644e-010
22378	2.9165e-010
22379	3.0239e-010
22380	3.026e-010
22381	3.1791e-010
22382	3.1671e-010
22383	3.327e-010
22384	3.3317e-010
22385	3.4599e-010
22386	3.5175e-010
22387	3.5785e-010
22388	3.728e-010
22389	3.7051e-010
22390	3.9245e-010
22391	3.8994e-010
22392	4.0227e-010
22393	4.165e-010
22394	4.1723e-010
22395	4.3176e-010
22396	4.4373e-010
22397	4.4788e-010
22398	4.5817e-010
22399	4.7815e-010
22400	4.7863e-010
22401	4.9154e-010
22402	5.0241e-010
22403	5.1962e-010
22404	5.2604e-010
22405	5.3806e-010
22406	5.5013e-010
22407	5.6365e-010
22408	5.7658e-010
22409	5.8874e-010
22410	6.042e-010
22411	6.1563e-010
22412	6.2977e-010
22413	6.4417e-010
22414	6.586e-010
22415	6.7363e-010
22416	6.8651e-010
22417	7.0843e-010
22418	7.1963e-010
22419	7.3793e-010
22420	7.5421e-010
22421	7.669e-010
22422	7.8261e-010
22423	8.1016e-010
22424	8.3871e-010
22425	8.312e-010
22426	8.2992e-010
22427	8.4189e-010
22428	8.1679e-010
22429	7.8561e-010
22430	7.6969e-010
22431	7.6034e-010
22432	7.454e-010
22433	7.2559e-010
22434	7.2468e-010
22435	6.9212e-010
22436	6.8359e-010
22437	6.6879e-010
22438	6.5478e-010
22439	6.4012e-010
22440	6.2476e-010
22441	6.2369e-010
22442	6.0043e-010
22443	5.9215e-010
22444	5.7844e-010
22445	5.5902e-010
22446	5.4862e-010
22447	5.3371e-010
22448	5.7441e-010
22449	5.1078e-010
22450	5.0027e-010
22451	4.7371e-010
22452	5.6359e-010
22453	4.5938e-010
22454	4.4126e-010
22455	4.8887e-010
22456	4.5686e-010
22457	3.9665e-010
22458	4.805e-010
22459	4.1407e-010
22460	3.7521e-010
22461	4.9674e-010
22462	3.3781e-010
22463	4.4238e-010
22464	3.5006e-010
22465	3.6757e-010
22466	3.7508e-010
22467	3.1786e-010
22468	3.7672e-010
22469	2.9176e-010
22470	3.6177e-010
22471	2.8254e-010
22472	3.3005e-010
22473	2.8848e-010
22474	2.8709e-010
22475	3.0949e-010
22476	2.3946e-010
22477	3.5695e-010
22478	2.1663e-010
22479	3.2221e-010
22480	2.545e-010
22481	2.4263e-010
22482	4.6215e-010
22483	2.7424e-010
22484	4.4435e-010
22485	7.181e-010
22486	9.5011e-010
22487	7.6105e-010
22488	8.6131e-010
22489	9.7702e-010
22490	1.8276e-009
22491	3.1062e-010
22492	2.4529e-010
22493	1.266e-010
22494	1.8176e-010
22495	1.9459e-010
22496	2.1494e-010
22497	2.246e-010
22498	2.2503e-010
22499	2.377e-010
22500	2.295e-010
22501	2.3085e-010
22502	2.3517e-010
22503	2.2737e-010
22504	2.3885e-010
22505	2.3271e-010
22506	2.4123e-010
22507	2.4354e-010
22508	2.4801e-010
22509	2.5576e-010
22510	2.5811e-010
22511	2.6849e-010
22512	2.7043e-010
22513	2.8113e-010
22514	2.841e-010
22515	2.932e-010
22516	2.9889e-010
22517	3.0485e-010
22518	3.1493e-010
22519	3.1717e-010
22520	3.3075e-010
22521	3.3291e-010
22522	3.4197e-010
22523	3.5199e-010
22524	3.5599e-010
22525	3.6631e-010
22526	3.7565e-010
22527	3.8158e-010
22528	3.9035e-010
22529	4.0351e-010
22530	4.0788e-010
22531	4.1789e-010
22532	4.2742e-010
22533	4.3989e-010
22534	4.4723e-010
22535	4.5726e-010
22536	4.6753e-010
22537	4.7852e-010
22538	4.8954e-010
22539	5.0034e-010
22540	5.1252e-010
22541	5.231e-010
22542	5.3498e-010
22543	5.4719e-010
22544	5.5945e-010
22545	5.7195e-010
22546	5.8388e-010
22547	6.0022e-010
22548	6.1161e-010
22549	6.263e-010
22550	6.4003e-010
22551	6.5285e-010
22552	6.6698e-010
22553	6.8645e-010
22554	7.0602e-010
22555	7.1139e-010
22556	7.1131e-010
22557	7.087e-010
22558	6.9056e-010
22559	6.7037e-010
22560	6.5677e-010
22561	6.4525e-010
22562	6.324e-010
22563	6.1766e-010
22564	6.1096e-010
22565	5.902e-010
22566	5.8021e-010
22567	5.6796e-010
22568	5.5595e-010
22569	5.4382e-010
22570	5.3171e-010
22571	5.2612e-010
22572	5.1067e-010
22573	5.0197e-010
22574	4.9093e-010
22575	4.7762e-010
22576	4.683e-010
22577	4.5765e-010
22578	4.7476e-010
22579	4.3851e-010
22580	4.2861e-010
22581	4.1559e-010
22582	4.5688e-010
22583	4.0002e-010
22584	3.8693e-010
22585	4.0347e-010
22586	3.8386e-010
22587	3.5554e-010
22588	3.9047e-010
22589	3.553e-010
22590	3.3837e-010
22591	3.9578e-010
22592	3.1472e-010
22593	3.6011e-010
22594	3.0176e-010
22595	3.1922e-010
22596	3.1138e-010
22597	2.8064e-010
22598	3.0695e-010
22599	2.6186e-010
22600	2.9446e-010
22601	2.5038e-010
22602	2.7251e-010
22603	2.4791e-010
22604	2.4498e-010
22605	2.5551e-010
22606	2.1817e-010
22607	2.8601e-010
22608	2.0333e-010
22609	2.6288e-010
22610	2.201e-010
22611	2.3049e-010
22612	3.7729e-010
22613	2.6167e-010
22614	4.1478e-010
22615	6.5092e-010
22616	8.2984e-010
22617	7.5862e-010
22618	6.9198e-010
22619	6.855e-010
22620	1.8702e-009
22621	3.1056e-010
22622	2.4526e-010
22623	1.2662e-010
22624	1.8175e-010
22625	1.9456e-010
22626	2.1488e-010
22627	2.2451e-010
22628	2.2491e-010
22629	2.3757e-010
22630	2.2938e-010
22631	2.308e-010
22632	2.3516e-010
22633	2.2735e-010
22634	2.3884e-010
22635	2.327e-010
22636	2.4121e-010
22637	2.4349e-010
22638	2.4789e-010
22639	2.5561e-010
22640	2.5799e-010
22641	2.6834e-010
22642	2.7019e-010
22643	2.8083e-010
22644	2.8382e-010
22645	2.9298e-010
22646	2.9874e-010
22647	3.0472e-010
22648	3.1479e-010
22649	3.1701e-010
22650	3.306e-010
22651	3.3273e-010
22652	3.4179e-010
22653	3.518e-010
22654	3.5581e-010
22655	3.6618e-010
22656	3.7552e-010
22657	3.8136e-010
22658	3.9003e-010
22659	4.0328e-010
22660	4.0769e-010
22661	4.1771e-010
22662	4.2713e-010
22663	4.3958e-010
22664	4.4688e-010
22665	4.57e-010
22666	4.6727e-010
22667	4.7811e-010
22668	4.8894e-010
22669	4.9976e-010
22670	5.1223e-010
22671	5.229e-010
22672	5.348e-010
22673	5.4712e-010
22674	5.5958e-010
22675	5.7217e-010
22676	5.8407e-010
22677	6.004e-010
22678	6.1202e-010
22679	6.2655e-010
22680	6.4044e-010
22681	6.5378e-010
22682	6.6791e-010
22683	6.8703e-010
22684	7.0681e-010
22685	7.1201e-010
22686	7.1193e-010
22687	7.0937e-010
22688	6.9117e-010
22689	6.7074e-010
22690	6.5708e-010
22691	6.4557e-010
22692	6.3262e-010
22693	6.1784e-010
22694	6.1115e-010
22695	5.901e-010
22696	5.801e-010
22697	5.6788e-010
22698	5.559e-010
22699	5.4361e-010
22700	5.3151e-010
22701	5.2584e-010
22702	5.104e-010
22703	5.0163e-010
22704	4.905e-010
22705	4.77e-010
22706	4.6746e-010
22707	4.5854e-010
22708	4.6832e-010
22709	4.3947e-010
22710	4.2778e-010
22711	4.1661e-010
22712	4.52e-010
22713	4.0132e-010
22714	3.8688e-010
22715	4.0377e-010
22716	3.8429e-010
22717	3.5619e-010
22718	3.9109e-010
22719	3.5608e-010
22720	3.3921e-010
22721	3.964e-010
22722	3.1546e-010
22723	3.6071e-010
22724	3.0234e-010
22725	3.1976e-010
22726	3.1192e-010
22727	2.8119e-010
22728	3.0756e-010
22729	2.6252e-010
22730	2.9514e-010
22731	2.5106e-010
22732	2.7311e-010
22733	2.4843e-010
22734	2.4541e-010
22735	2.5586e-010
22736	2.1837e-010
22737	2.8607e-010
22738	2.0334e-010
22739	2.6287e-010
22740	2.2006e-010
22741	2.306e-010
22742	3.7748e-010
22743	2.6187e-010
22744	4.1496e-010
22745	6.5115e-010
22746	8.3045e-010
22747	7.5894e-010
22748	6.9233e-010
22749	6.8592e-010
22750	1.8705e-009
22751	3.2879e-010
22752	2.9078e-010
22753	1.7014e-010
22754	2.1107e-010
22755	2.2116e-010
22756	2.4542e-010
22757	2.56e-010
22758	2.5472e-010
22759	2.7453e-010
22760	2.6235e-010
22761	2.6631e-010
22762	2.7497e-010
22763	2.6239e-010
22764	2.8235e-010
22765	2.7067e-010
22766	2.8439e-010
22767	2.8621e-010
22768	2.9138e-010
22769	3.0216e-010
22770	3.0248e-010
22771	3.178e-010
22772	3.1648e-010
22773	3.3239e-010
22774	3.3289e-010
22775	3.4577e-010
22776	3.5158e-010
22777	3.5769e-010
22778	3.7257e-010
22779	3.7026e-010
22780	3.9221e-010
22781	3.8973e-010
22782	4.0201e-010
22783	4.1614e-010
22784	4.1689e-010
22785	4.3157e-010
22786	4.4359e-010
22787	4.4752e-010
22788	4.5798e-010
22789	4.7715e-010
22790	4.7853e-010
22791	4.9109e-010
22792	5.0198e-010
22793	5.1918e-010
22794	5.2541e-010
22795	5.3751e-010
22796	5.4948e-010
22797	5.6285e-010
22798	5.7578e-010
22799	5.8806e-010
22800	6.0361e-010
22801	6.1517e-010
22802	6.2929e-010
22803	6.4374e-010
22804	6.5847e-010
22805	6.7352e-010
22806	6.8643e-010
22807	7.0841e-010
22808	7.1978e-010
22809	7.3793e-010
22810	7.5436e-010
22811	7.6752e-010
22812	7.8331e-010
22813	8.1058e-010
22814	8.3905e-010
22815	8.313e-010
22816	8.3009e-010
22817	8.4228e-010
22818	8.1688e-010
22819	7.8586e-010
22820	7.6978e-010
22821	7.6029e-010
22822	7.4539e-010
22823	7.2554e-010
22824	7.2464e-010
22825	6.9178e-010
22826	6.8332e-010
22827	6.6853e-010
22828	6.5448e-010
22829	6.3977e-010
22830	6.2441e-010
22831	6.2325e-010
22832	6.0007e-010
22833	5.9186e-010
22834	5.7812e-010
22835	5.5877e-010
22836	5.4811e-010
22837	5.3424e-010
22838	5.6937e-010
22839	5.113e-010
22840	4.9902e-010
22841	4.7579e-010
22842	5.5402e-010
22843	4.6149e-010
22844	4.4057e-010
22845	4.8909e-010
22846	4.5711e-010
22847	3.9694e-010
22848	4.8103e-010
22849	4.1461e-010
22850	3.7578e-010
22851	4.9752e-010
22852	3.3848e-010
22853	4.4328e-010
22854	3.5096e-010
22855	3.6841e-010
22856	3.7596e-010
22857	3.186e-010
22858	3.7756e-010
22859	2.9235e-010
22860	3.6253e-010
22861	2.8306e-010
22862	3.307e-010
22863	2.89e-010
22864	2.8763e-010
22865	3.1003e-010
22866	2.3984e-010
22867	3.572e-010
22868	2.1693e-010
22869	3.225e-010
22870	2.5475e-010
22871	2.4297e-010
22872	4.6252e-010
22873	2.7441e-010
22874	4.4443e-010
22875	7.1829e-010
22876	9.5085e-010
22877	7.612e-010
22878	8.6183e-010
22879	9.7804e-010
22880	1.8282e-009
22881	3.1056e-010
22882	2.4526e-010
22883	1.2662e-010
22884	1.8175e-010
22885	1.9456e-010
22886	2.1488e-010
22887	2.2451e-010
22888	2.2491e-010
22889	2.3757e-010
22890	2.2938e-010
22891	2.308e-010
22892	2.3516e-010
22893	2.2735e-010
22894	2.3884e-010
22895	2.327e-010
22896	2.4121e-010
22897	2.4349e-010
22898	2.4789e-010
22899	2.5561e-010
22900	2.5799e-010
22901	2.6834e-010
22902	2.7019e-010
22903	2.8083e-010
22904	2.8382e-010
22905	2.9297e-010
22906	2.9874e-010
22907	3.0472e-010
22908	3.1478e-010
22909	3.1701e-010
22910	3.306e-010
22911	3.3273e-010
22912	3.4179e-010
22913	3.518e-010
22914	3.5581e-010
22915	3.6618e-010
22916	3.7551e-010
22917	3.8132e-010
22918	3.9026e-010
22919	4.0254e-010
22920	4.0793e-010
22921	4.1767e-010
22922	4.2712e-010
22923	4.3958e-010
22924	4.4688e-010
22925	4.57e-010
22926	4.6727e-010
22927	4.7811e-010
22928	4.8894e-010
22929	4.9976e-010
22930	5.1223e-010
22931	5.229e-010
22932	5.348e-010
22933	5.4712e-010
22934	5.5958e-010
22935	5.7217e-010
22936	5.8407e-010
22937	6.004e-010
22938	6.1202e-010
22939	6.2655e-010
22940	6.4044e-010
22941	6.5378e-010
22942	6.6791e-010
22943	6.8703e-010
22944	7.0681e-010
22945	7.1201e-010
22946	7.1193e-010
22947	7.0937e-010
22948	6.9117e-010
22949	6.7074e-010
22950	6.5708e-010
22951	6.4557e-010
22952	6.3262e-010
22953	6.1784e-010
22954	6.1115e-010
22955	5.901e-010
22956	5.801e-010
22957	5.6788e-010
22958	5.559e-010
22959	5.4361e-010
22960	5.3151e-010
22961	5.2584e-010
22962	5.1039e-010
22963	5.0163e-010
22964	4.9048e-010
22965	4.7706e-010
22966	4.673e-010
22967	4.5891e-010
22968	4.6849e-010
22969	4.3974e-010
22970	4.2745e-010
22971	4.1694e-010
22972	4.4912e-010
22973	4.0158e-010
22974	3.8673e-010
22975	4.0372e-010
22976	3.8429e-010
22977	3.5619e-010
22978	3.9109e-010
22979	3.5608e-010
22980	3.3921e-010
22981	3.964e-010
22982	3.1546e-010
22983	3.6071e-010
22984	3.0234e-010
22985	3.1976e-010
22986	3.1192e-010
22987	2.8119e-010
22988	3.0756e-010
22989	2.6252e-010
22990	2.9514e-010
22991	2.5106e-010
22992	2.7311e-010
22993	2.4843e-010
22994	2.4541e-010
22995	2.5586e-010
22996	2.1837e-010
22997	2.8607e-010
22998	2.0334e-010
22999	2.6287e-010
23000	2.2006e-010
23001	2.306e-010
23002	3.7748e-010
23003	2.6187e-010
23004	4.1496e-010
23005	6.5115e-010
23006	8.3045e-010
23007	7.5894e-010
23008	6.9233e-010
23009	6.8591e-010
23010	1.8705e-009
23011	3.1062e-010
23012	2.4529e-010
23013	1.266e-010
23014	1.8176e-010
23015	1.9459e-010
23016	2.1494e-010
23017	2.246e-010
23018	2.2503e-010
23019	2.377e-010
23020	2.295e-010
23021	2.3085e-010
23022	2.3517e-010
23023	2.2737e-010
23024	2.3885e-010
23025	2.3271e-010
23026	2.4123e-010
23027	2.4354e-010
23028	2.4801e-010
23029	2.5576e-010
23030	2.5811e-010
23031	2.6849e-010
23032	2.7043e-010
23033	2.8113e-010
23034	2.841e-010
23035	2.932e-010
23036	2.9889e-010
23037	3.0485e-010
23038	3.1493e-010
23039	3.1717e-010
23040	3.3075e-010
23041	3.3291e-010
23042	3.4197e-010
23043	3.5199e-010
23044	3.5599e-010
23045	3.6631e-010
23046	3.7565e-010
23047	3.8153e-010
23048	3.9058e-010
23049	4.0305e-010
23050	4.0811e-010
23051	4.1784e-010
23052	4.2742e-010
23053	4.3988e-010
23054	4.4723e-010
23055	4.5726e-010
23056	4.6753e-010
23057	4.7852e-010
23058	4.8954e-010
23059	5.0034e-010
23060	5.1251e-010
23061	5.2311e-010
23062	5.3498e-010
23063	5.472e-010
23064	5.5945e-010
23065	5.7195e-010
23066	5.8388e-010
23067	6.0022e-010
23068	6.1161e-010
23069	6.263e-010
23070	6.4003e-010
23071	6.5285e-010
23072	6.6698e-010
23073	6.8645e-010
23074	7.0602e-010
23075	7.1139e-010
23076	7.1131e-010
23077	7.087e-010
23078	6.9056e-010
23079	6.7037e-010
23080	6.5677e-010
23081	6.4525e-010
23082	6.324e-010
23083	6.1766e-010
23084	6.1096e-010
23085	5.902e-010
23086	5.8021e-010
23087	5.6796e-010
23088	5.5595e-010
23089	5.4382e-010
23090	5.3171e-010
23091	5.2612e-010
23092	5.1067e-010
23093	5.0197e-010
23094	4.9092e-010
23095	4.7755e-010
23096	4.678e-010
23097	4.5946e-010
23098	4.6859e-010
23099	4.4008e-010
23100	4.2802e-010
23101	4.1563e-010
23102	4.5421e-010
23103	4.0014e-010
23104	3.8682e-010
23105	4.0342e-010
23106	3.8386e-010
23107	3.5554e-010
23108	3.9047e-010
23109	3.553e-010
23110	3.3837e-010
23111	3.9578e-010
23112	3.1472e-010
23113	3.6011e-010
23114	3.0176e-010
23115	3.1922e-010
23116	3.1138e-010
23117	2.8064e-010
23118	3.0694e-010
23119	2.6186e-010
23120	2.9446e-010
23121	2.5038e-010
23122	2.7251e-010
23123	2.4791e-010
23124	2.4498e-010
23125	2.5551e-010
23126	2.1817e-010
23127	2.8601e-010
23128	2.0333e-010
23129	2.6288e-010
23130	2.201e-010
23131	2.3049e-010
23132	3.7729e-010
23133	2.6167e-010
23134	4.1478e-010
23135	6.5092e-010
23136	8.2984e-010
23137	7.5862e-010
23138	6.9198e-010
23139	6.855e-010
23140	1.8702e-009
23141	3.2895e-010
23142	2.9088e-010
23143	1.7016e-010
23144	2.1115e-010
23145	2.2131e-010
23146	2.4564e-010
23147	2.5626e-010
23148	2.55e-010
23149	2.7479e-010
23150	2.626e-010
23151	2.665e-010
23152	2.7514e-010
23153	2.6257e-010
23154	2.8256e-010
23155	2.7089e-010
23156	2.846e-010
23157	2.8644e-010
23158	2.9165e-010
23159	3.0239e-010
23160	3.026e-010
23161	3.1791e-010
23162	3.1671e-010
23163	3.327e-010
23164	3.3317e-010
23165	3.4599e-010
23166	3.5175e-010
23167	3.5785e-010
23168	3.728e-010
23169	3.7051e-010
23170	3.9245e-010
23171	3.8994e-010
23172	4.0227e-010
23173	4.165e-010
23174	4.1723e-010
23175	4.3176e-010
23176	4.4373e-010
23177	4.4777e-010
23178	4.5871e-010
23179	4.7721e-010
23180	4.7919e-010
23181	4.9141e-010
23182	5.0241e-010
23183	5.1962e-010
23184	5.2603e-010
23185	5.3806e-010
23186	5.5013e-010
23187	5.6365e-010
23188	5.7658e-010
23189	5.8874e-010
23190	6.042e-010
23191	6.1563e-010
23192	6.2977e-010
23193	6.4417e-010
23194	6.586e-010
23195	6.7363e-010
23196	6.8651e-010
23197	7.0843e-010
23198	7.1963e-010
23199	7.3793e-010
23200	7.5421e-010
23201	7.669e-010
23202	7.8261e-010
23203	8.1016e-010
23204	8.3871e-010
23205	8.312e-010
23206	8.2992e-010
23207	8.4189e-010
23208	8.1679e-010
23209	7.8561e-010
23210	7.6969e-010
23211	7.6034e-010
23212	7.4541e-010
23213	7.2559e-010
23214	7.2469e-010
23215	6.9212e-010
23216	6.8359e-010
23217	6.6879e-010
23218	6.5478e-010
23219	6.4012e-010
23220	6.2476e-010
23221	6.237e-010
23222	6.0042e-010
23223	5.9214e-010
23224	5.7843e-010
23225	5.5893e-010
23226	5.4828e-010
23227	5.3494e-010
23228	5.6843e-010
23229	5.1187e-010
23230	4.9961e-010
23231	4.7472e-010
23232	5.6228e-010
23233	4.6043e-010
23234	4.4095e-010
23235	4.8889e-010
23236	4.5685e-010
23237	3.9665e-010
23238	4.805e-010
23239	4.1407e-010
23240	3.7521e-010
23241	4.9674e-010
23242	3.3781e-010
23243	4.4238e-010
23244	3.5006e-010
23245	3.6757e-010
23246	3.7508e-010
23247	3.1786e-010
23248	3.7672e-010
23249	2.9176e-010
23250	3.6177e-010
23251	2.8254e-010
23252	3.3005e-010
23253	2.8848e-010
23254	2.8709e-010
23255	3.0949e-010
23256	2.3946e-010
23257	3.5695e-010
23258	2.1663e-010
23259	3.2221e-010
23260	2.545e-010
23261	2.4263e-010
23262	4.6215e-010
23263	2.7424e-010
23264	4.4435e-010
23265	7.181e-010
23266	9.5011e-010
23267	7.6105e-010
23268	8.6131e-010
23269	9.7702e-010
23270	1.8276e-009
23271	3.1074e-010
23272	2.4536e-010
23273	1.2658e-010
23274	1.8173e-010
23275	1.9458e-010
23276	2.1496e-010
23277	2.2464e-010
23278	2.2508e-010
23279	2.3777e-010
23280	2.2962e-010
23281	2.3105e-010
23282	2.3539e-010
23283	2.2752e-010
23284	2.3897e-010
23285	2.3281e-010
23286	2.4136e-010
23287	2.437e-010
23288	2.4819e-010
23289	2.5591e-010
23290	2.5818e-010
23291	2.6851e-010
23292	2.7042e-010
23293	2.8113e-010
23294	2.8413e-010
23295	2.9326e-010
23296	2.9901e-010
23297	3.0501e-010
23298	3.1513e-010
23299	3.173e-010
23300	3.308e-010
23301	3.3291e-010
23302	3.4201e-010
23303	3.5206e-010
23304	3.5609e-010
23305	3.6643e-010
23306	3.7575e-010
23307	3.8157e-010
23308	3.9065e-010
23309	4.0324e-010
23310	4.0834e-010
23311	4.1805e-010
23312	4.275e-010
23313	4.3982e-010
23314	4.4729e-010
23315	4.5747e-010
23316	4.6795e-010
23317	4.7897e-010
23318	4.8983e-010
23319	5.0048e-010
23320	5.1263e-010
23321	5.2322e-010
23322	5.3502e-010
23323	5.4726e-010
23324	5.5959e-010
23325	5.7232e-010
23326	5.8422e-010
23327	6.0029e-010
23328	6.1169e-010
23329	6.263e-010
23330	6.3999e-010
23331	6.5284e-010
23332	6.6695e-010
23333	6.8646e-010
23334	7.0597e-010
23335	7.1127e-010
23336	7.1101e-010
23337	7.082e-010
23338	6.9052e-010
23339	6.7013e-010
23340	6.565e-010
23341	6.452e-010
23342	6.3231e-010
23343	6.1753e-010
23344	6.1085e-010
23345	5.901e-010
23346	5.8015e-010
23347	5.6798e-010
23348	5.5606e-010
23349	5.4374e-010
23350	5.3156e-010
23351	5.2593e-010
23352	5.106e-010
23353	5.0189e-010
23354	4.9086e-010
23355	4.7754e-010
23356	4.6779e-010
23357	4.5951e-010
23358	4.6863e-010
23359	4.4022e-010
23360	4.283e-010
23361	4.1554e-010
23362	4.5698e-010
23363	4.001e-010
23364	3.8723e-010
23365	4.0361e-010
23366	3.8397e-010
23367	3.5566e-010
23368	3.904e-010
23369	3.5525e-010
23370	3.3829e-010
23371	3.9552e-010
23372	3.1437e-010
23373	3.596e-010
23374	3.0127e-010
23375	3.1881e-010
23376	3.1101e-010
23377	2.8023e-010
23378	3.0655e-010
23379	2.6144e-010
23380	2.9417e-010
23381	2.5006e-010
23382	2.7221e-010
23383	2.4763e-010
23384	2.4475e-010
23385	2.5534e-010
23386	2.1807e-010
23387	2.8585e-010
23388	2.0336e-010
23389	2.6275e-010
23390	2.2008e-010
23391	2.3062e-010
23392	3.7738e-010
23393	2.6161e-010
23394	4.1443e-010
23395	6.5048e-010
23396	8.2983e-010
23397	7.5842e-010
23398	6.9212e-010
23399	6.8533e-010
23400	1.8693e-009
