Element Number	Structural Error (J)
1	4.6994e-011
2	4.5157e-011
3	5.9986e-011
4	5.1671e-011
5	5.7195e-011
6	5.0794e-011
7	5.2724e-011
8	5.6843e-011
9	5.2551e-011
10	5.8667e-011
11	5.8642e-011
12	5.7268e-011
13	6.3934e-011
14	5.902e-011
15	6.6009e-011
16	6.3907e-011
17	6.668e-011
18	6.8384e-011
19	6.837e-011
20	7.2351e-011
21	7.088e-011
22	7.5755e-011
23	7.4239e-011
24	7.8826e-011
25	7.8604e-011
26	8.1212e-011
27	8.3839e-011
28	8.2955e-011
29	8.9203e-011
30	8.5999e-011
31	9.2382e-011
32	9.2935e-011
33	9.2875e-011
34	9.8521e-011
35	9.8693e-011
36	1.0008e-010
37	1.0486e-010
38	1.0661e-010
39	1.0593e-010
40	1.116e-010
41	1.1385e-010
42	1.1618e-010
43	1.1664e-010
44	1.2113e-010
45	1.2408e-010
46	1.2698e-010
47	1.2933e-010
48	1.3204e-010
49	1.352e-010
50	1.3763e-010
51	1.4162e-010
52	1.4482e-010
53	1.4796e-010
54	1.5136e-010
55	1.5471e-010
56	1.5883e-010
57	1.603e-010
58	1.6552e-010
59	1.6888e-010
60	1.7295e-010
61	1.7859e-010
62	1.832e-010
63	1.8345e-010
64	1.849e-010
65	1.9896e-010
66	2.0002e-010
67	1.852e-010
68	1.8354e-010
69	1.8551e-010
70	1.8189e-010
71	1.7575e-010
72	1.7163e-010
73	1.6904e-010
74	1.6072e-010
75	1.6307e-010
76	1.5797e-010
77	1.5469e-010
78	1.5169e-010
79	1.4901e-010
80	1.4639e-010
81	1.3927e-010
82	1.4062e-010
83	1.3737e-010
84	1.3549e-010
85	1.3633e-010
86	1.3489e-010
87	1.3691e-010
88	1.1622e-010
89	1.3425e-010
90	1.3022e-010
91	1.3619e-010
92	1.0799e-010
93	1.2896e-010
94	1.2752e-010
95	1.0463e-010
96	1.0207e-010
97	1.2928e-010
98	9.3298e-011
99	1.1228e-010
100	1.3295e-010
101	9.1366e-011
102	1.3475e-010
103	8.6346e-011
104	1.1708e-010
105	1.0146e-010
106	8.6228e-011
107	1.0328e-010
108	7.6611e-011
109	1.0274e-010
110	7.2701e-011
111	9.5126e-011
112	7.3697e-011
113	8.3659e-011
114	8.135e-011
115	6.9642e-011
116	9.9865e-011
117	6.6068e-011
118	9.9299e-011
119	6.2498e-011
120	7.2091e-011
121	7.4462e-011
122	6.0845e-011
123	8.7306e-011
124	1.0616e-010
125	1.4011e-010
126	2.6127e-010
127	6.9211e-010
128	7.3515e-010
129	8.6953e-010
130	1.0522e-009
131	3.2263e-011
132	3.9734e-011
133	5.5767e-011
134	5.9801e-011
135	6.3575e-011
136	5.902e-011
137	6.0265e-011
138	6.2384e-011
139	6.4009e-011
140	6.4627e-011
141	6.5975e-011
142	6.7974e-011
143	6.9022e-011
144	7.1853e-011
145	7.2097e-011
146	7.4132e-011
147	7.5584e-011
148	7.7227e-011
149	7.9347e-011
150	8.0398e-011
151	8.321e-011
152	8.3847e-011
153	8.7051e-011
154	8.7934e-011
155	9.0855e-011
156	9.2462e-011
157	9.4077e-011
158	9.7655e-011
159	9.7628e-011
160	1.0278e-010
161	1.0246e-010
162	1.0529e-010
163	1.0901e-010
164	1.094e-010
165	1.131e-010
166	1.1637e-010
167	1.1732e-010
168	1.2023e-010
169	1.2504e-010
170	1.2564e-010
171	1.2848e-010
172	1.3161e-010
173	1.3604e-010
174	1.3781e-010
175	1.4079e-010
176	1.4384e-010
177	1.4731e-010
178	1.5068e-010
179	1.5408e-010
180	1.5829e-010
181	1.6138e-010
182	1.6496e-010
183	1.6869e-010
184	1.7243e-010
185	1.7648e-010
186	1.7986e-010
187	1.8563e-010
188	1.8842e-010
189	1.9323e-010
190	1.9751e-010
191	2.0094e-010
192	2.0519e-010
193	2.126e-010
194	2.2042e-010
195	2.1875e-010
196	2.1844e-010
197	2.2145e-010
198	2.1476e-010
199	2.065e-010
200	2.0237e-010
201	1.9997e-010
202	1.9616e-010
203	1.9135e-010
204	1.9111e-010
205	1.8228e-010
206	1.7965e-010
207	1.7592e-010
208	1.7219e-010
209	1.6872e-010
210	1.6495e-010
211	1.6565e-010
212	1.5964e-010
213	1.5781e-010
214	1.5407e-010
215	1.4878e-010
216	1.4771e-010
217	1.4706e-010
218	1.6209e-010
219	1.4226e-010
220	1.3594e-010
221	1.3661e-010
222	1.6035e-010
223	1.3373e-010
224	1.2017e-010
225	1.3427e-010
226	1.2683e-010
227	1.1295e-010
228	1.3682e-010
229	1.182e-010
230	1.1696e-010
231	1.5071e-010
232	1.0592e-010
233	1.2925e-010
234	1.1154e-010
235	1.1024e-010
236	1.0951e-010
237	9.6732e-011
238	1.0838e-010
239	9.1855e-011
240	1.0338e-010
241	8.9076e-011
242	9.4621e-011
243	8.7817e-011
244	8.7081e-011
245	8.6752e-011
246	8.5758e-011
247	1.0184e-010
248	7.9218e-011
249	7.954e-011
250	6.6863e-011
251	6.8357e-011
252	6.9898e-011
253	7.9206e-011
254	1.1595e-010
255	1.4342e-010
256	2.8768e-010
257	7.0735e-010
258	7.8852e-010
259	8.2965e-010
260	1.1279e-009
261	4.6989e-011
262	4.5151e-011
263	5.9985e-011
264	5.1672e-011
265	5.7201e-011
266	5.0807e-011
267	5.2725e-011
268	5.6807e-011
269	5.2502e-011
270	5.8636e-011
271	5.8627e-011
272	5.7266e-011
273	6.3923e-011
274	5.8984e-011
275	6.5947e-011
276	6.3841e-011
277	6.6605e-011
278	6.8309e-011
279	6.8296e-011
280	7.2299e-011
281	7.0872e-011
282	7.5795e-011
283	7.4262e-011
284	7.8799e-011
285	7.8548e-011
286	8.1149e-011
287	8.3834e-011
288	8.2993e-011
289	8.9215e-011
290	8.594e-011
291	9.2357e-011
292	9.2963e-011
293	9.2903e-011
294	9.8509e-011
295	9.8586e-011
296	9.9947e-011
297	1.0476e-010
298	1.0672e-010
299	1.0586e-010
300	1.1163e-010
301	1.1379e-010
302	1.1617e-010
303	1.1659e-010
304	1.2113e-010
305	1.2408e-010
306	1.269e-010
307	1.2921e-010
308	1.3201e-010
309	1.3513e-010
310	1.3753e-010
311	1.4148e-010
312	1.446e-010
313	1.4776e-010
314	1.5118e-010
315	1.5467e-010
316	1.5895e-010
317	1.6017e-010
318	1.655e-010
319	1.688e-010
320	1.73e-010
321	1.7872e-010
322	1.8325e-010
323	1.8359e-010
324	1.849e-010
325	1.99e-010
326	1.9989e-010
327	1.8508e-010
328	1.8346e-010
329	1.8551e-010
330	1.8193e-010
331	1.7567e-010
332	1.7166e-010
333	1.6894e-010
334	1.6064e-010
335	1.6303e-010
336	1.5798e-010
337	1.5468e-010
338	1.517e-010
339	1.4893e-010
340	1.4678e-010
341	1.38e-010
342	1.4112e-010
343	1.3737e-010
344	1.3552e-010
345	1.3638e-010
346	1.3493e-010
347	1.3683e-010
348	1.1616e-010
349	1.3415e-010
350	1.3025e-010
351	1.3621e-010
352	1.0802e-010
353	1.2901e-010
354	1.2759e-010
355	1.0469e-010
356	1.0215e-010
357	1.2935e-010
358	9.3363e-011
359	1.1235e-010
360	1.33e-010
361	9.1414e-011
362	1.3481e-010
363	8.6396e-011
364	1.1713e-010
365	1.015e-010
366	8.6289e-011
367	1.0335e-010
368	7.6675e-011
369	1.0277e-010
370	7.2692e-011
371	9.5116e-011
372	7.3688e-011
373	8.3672e-011
374	8.137e-011
375	6.9659e-011
376	9.9901e-011
377	6.6092e-011
378	9.935e-011
379	6.2555e-011
380	7.2168e-011
381	7.4514e-011
382	6.0922e-011
383	8.7323e-011
384	1.0618e-010
385	1.4014e-010
386	2.6129e-010
387	6.9215e-010
388	7.3516e-010
389	8.6958e-010
390	1.0523e-009
391	4.6972e-011
392	4.5124e-011
393	5.9918e-011
394	5.16e-011
395	5.7145e-011
396	5.0761e-011
397	5.2679e-011
398	5.6751e-011
399	5.2432e-011
400	5.857e-011
401	5.8589e-011
402	5.725e-011
403	6.3887e-011
404	5.8946e-011
405	6.5905e-011
406	6.3769e-011
407	6.6521e-011
408	6.8225e-011
409	6.821e-011
410	7.2234e-011
411	7.083e-011
412	7.5822e-011
413	7.4313e-011
414	7.8794e-011
415	7.8506e-011
416	8.1078e-011
417	8.3765e-011
418	8.292e-011
419	8.9119e-011
420	8.5841e-011
421	9.2279e-011
422	9.2902e-011
423	9.2839e-011
424	9.8439e-011
425	9.8483e-011
426	9.9798e-011
427	1.0467e-010
428	1.0678e-010
429	1.0576e-010
430	1.1166e-010
431	1.1371e-010
432	1.1609e-010
433	1.165e-010
434	1.2106e-010
435	1.2403e-010
436	1.2684e-010
437	1.2913e-010
438	1.319e-010
439	1.3504e-010
440	1.3739e-010
441	1.4132e-010
442	1.4439e-010
443	1.4761e-010
444	1.5104e-010
445	1.5458e-010
446	1.5887e-010
447	1.6016e-010
448	1.6547e-010
449	1.6882e-010
450	1.7302e-010
451	1.7871e-010
452	1.8325e-010
453	1.8361e-010
454	1.8476e-010
455	1.9897e-010
456	1.9984e-010
457	1.8506e-010
458	1.8344e-010
459	1.8548e-010
460	1.819e-010
461	1.7563e-010
462	1.7164e-010
463	1.689e-010
464	1.6062e-010
465	1.6299e-010
466	1.5792e-010
467	1.5471e-010
468	1.5168e-010
469	1.4892e-010
470	1.4682e-010
471	1.3801e-010
472	1.4114e-010
473	1.3738e-010
474	1.3557e-010
475	1.3642e-010
476	1.35e-010
477	1.3688e-010
478	1.1618e-010
479	1.3417e-010
480	1.3033e-010
481	1.363e-010
482	1.0809e-010
483	1.2908e-010
484	1.2763e-010
485	1.0474e-010
486	1.022e-010
487	1.2942e-010
488	9.3425e-011
489	1.1242e-010
490	1.3309e-010
491	9.1471e-011
492	1.3489e-010
493	8.6479e-011
494	1.172e-010
495	1.0154e-010
496	8.6308e-011
497	1.0337e-010
498	7.6702e-011
499	1.0284e-010
500	7.2701e-011
501	9.5117e-011
502	7.3749e-011
503	8.3715e-011
504	8.1422e-011
505	6.9704e-011
506	9.9926e-011
507	6.6114e-011
508	9.9376e-011
509	6.2602e-011
510	7.222e-011
511	7.456e-011
512	6.0967e-011
513	8.7369e-011
514	1.0622e-010
515	1.4018e-010
516	2.6127e-010
517	6.9217e-010
518	7.3516e-010
519	8.6953e-010
520	1.0524e-009
521	3.224e-011
522	3.9678e-011
523	5.5619e-011
524	5.9627e-011
525	6.3468e-011
526	5.8937e-011
527	6.0153e-011
528	6.224e-011
529	6.3801e-011
530	6.4434e-011
531	6.58e-011
532	6.7868e-011
533	6.8884e-011
534	7.1718e-011
535	7.1911e-011
536	7.397e-011
537	7.5377e-011
538	7.7035e-011
539	7.9148e-011
540	8.0326e-011
541	8.3256e-011
542	8.3955e-011
543	8.7191e-011
544	8.7904e-011
545	9.0648e-011
546	9.2234e-011
547	9.3883e-011
548	9.7518e-011
549	9.7437e-011
550	1.0255e-010
551	1.0229e-010
552	1.0521e-010
553	1.0892e-010
554	1.0922e-010
555	1.1285e-010
556	1.16e-010
557	1.1707e-010
558	1.2013e-010
559	1.251e-010
560	1.2544e-010
561	1.2831e-010
562	1.3143e-010
563	1.3588e-010
564	1.3774e-010
565	1.4072e-010
566	1.4384e-010
567	1.4724e-010
568	1.5047e-010
569	1.5387e-010
570	1.5793e-010
571	1.6083e-010
572	1.6445e-010
573	1.6819e-010
574	1.7203e-010
575	1.7606e-010
576	1.796e-010
577	1.8558e-010
578	1.8845e-010
579	1.9326e-010
580	1.9755e-010
581	2.0102e-010
582	2.0509e-010
583	2.1254e-010
584	2.2037e-010
585	2.1849e-010
586	2.1831e-010
587	2.2132e-010
588	2.1479e-010
589	2.0646e-010
590	2.0229e-010
591	1.9984e-010
592	1.96e-010
593	1.9126e-010
594	1.9101e-010
595	1.8207e-010
596	1.7961e-010
597	1.7581e-010
598	1.7219e-010
599	1.6865e-010
600	1.649e-010
601	1.6569e-010
602	1.5969e-010
603	1.5793e-010
604	1.5416e-010
605	1.4888e-010
606	1.4786e-010
607	1.4708e-010
608	1.6219e-010
609	1.423e-010
610	1.3607e-010
611	1.3679e-010
612	1.6057e-010
613	1.3386e-010
614	1.2032e-010
615	1.3439e-010
616	1.2697e-010
617	1.1312e-010
618	1.371e-010
619	1.1843e-010
620	1.1716e-010
621	1.5086e-010
622	1.0611e-010
623	1.2951e-010
624	1.1174e-010
625	1.1039e-010
626	1.0962e-010
627	9.6862e-011
628	1.0854e-010
629	9.1952e-011
630	1.0341e-010
631	8.9095e-011
632	9.4705e-011
633	8.7916e-011
634	8.7198e-011
635	8.6854e-011
636	8.5822e-011
637	1.0193e-010
638	7.9299e-011
639	7.9667e-011
640	6.7001e-011
641	6.8491e-011
642	7.0058e-011
643	7.9328e-011
644	1.161e-010
645	1.4356e-010
646	2.8775e-010
647	7.0739e-010
648	7.8856e-010
649	8.2974e-010
650	1.128e-009
651	4.6972e-011
652	4.5124e-011
653	5.9917e-011
654	5.16e-011
655	5.7148e-011
656	5.076e-011
657	5.2677e-011
658	5.6748e-011
659	5.2432e-011
660	5.8568e-011
661	5.8601e-011
662	5.7252e-011
663	6.3888e-011
664	5.8947e-011
665	6.5901e-011
666	6.3769e-011
667	6.6523e-011
668	6.8227e-011
669	6.8218e-011
670	7.2242e-011
671	7.0835e-011
672	7.5821e-011
673	7.4312e-011
674	7.8795e-011
675	7.8511e-011
676	8.1077e-011
677	8.3763e-011
678	8.292e-011
679	8.9127e-011
680	8.5845e-011
681	9.2271e-011
682	9.2898e-011
683	9.2833e-011
684	9.8437e-011
685	9.8484e-011
686	9.9803e-011
687	1.0465e-010
688	1.0686e-010
689	1.0566e-010
690	1.1176e-010
691	1.1371e-010
692	1.161e-010
693	1.165e-010
694	1.2108e-010
695	1.2402e-010
696	1.2684e-010
697	1.2913e-010
698	1.319e-010
699	1.3504e-010
700	1.374e-010
701	1.4132e-010
702	1.444e-010
703	1.4761e-010
704	1.5104e-010
705	1.5457e-010
706	1.5887e-010
707	1.6016e-010
708	1.6548e-010
709	1.6883e-010
710	1.7302e-010
711	1.7871e-010
712	1.8326e-010
713	1.8361e-010
714	1.8476e-010
715	1.9896e-010
716	1.9984e-010
717	1.8505e-010
718	1.8345e-010
719	1.8547e-010
720	1.819e-010
721	1.7563e-010
722	1.7164e-010
723	1.6892e-010
724	1.606e-010
725	1.6302e-010
726	1.5792e-010
727	1.5471e-010
728	1.5167e-010
729	1.4903e-010
730	1.4637e-010
731	1.3928e-010
732	1.4073e-010
733	1.3744e-010
734	1.3554e-010
735	1.3642e-010
736	1.3499e-010
737	1.3689e-010
738	1.162e-010
739	1.3417e-010
740	1.3031e-010
741	1.363e-010
742	1.0809e-010
743	1.2909e-010
744	1.2763e-010
745	1.0474e-010
746	1.022e-010
747	1.2942e-010
748	9.3427e-011
749	1.1242e-010
750	1.3308e-010
751	9.1483e-011
752	1.3489e-010
753	8.6477e-011
754	1.172e-010
755	1.0155e-010
756	8.6309e-011
757	1.0337e-010
758	7.6707e-011
759	1.0283e-010
760	7.2697e-011
761	9.5122e-011
762	7.3744e-011
763	8.3712e-011
764	8.1419e-011
765	6.9709e-011
766	9.9925e-011
767	6.6116e-011
768	9.9377e-011
769	6.2602e-011
770	7.2216e-011
771	7.4564e-011
772	6.096e-011
773	8.7358e-011
774	1.0622e-010
775	1.4017e-010
776	2.6127e-010
777	6.9217e-010
778	7.3517e-010
779	8.6952e-010
780	1.0523e-009
781	4.7002e-011
782	4.515e-011
783	5.9982e-011
784	5.1665e-011
785	5.7196e-011
786	5.0805e-011
787	5.2719e-011
788	5.6814e-011
789	5.2505e-011
790	5.8628e-011
791	5.8631e-011
792	5.7258e-011
793	6.3918e-011
794	5.8978e-011
795	6.5962e-011
796	6.3839e-011
797	6.6606e-011
798	6.8305e-011
799	6.8308e-011
800	7.2301e-011
801	7.0867e-011
802	7.5793e-011
803	7.427e-011
804	7.8801e-011
805	7.8539e-011
806	8.1145e-011
807	8.3841e-011
808	8.2996e-011
809	8.9211e-011
810	8.5938e-011
811	9.2365e-011
812	9.2962e-011
813	9.29e-011
814	9.8492e-011
815	9.8601e-011
816	9.9938e-011
817	1.0475e-010
818	1.0688e-010
819	1.0569e-010
820	1.118e-010
821	1.1377e-010
822	1.1617e-010
823	1.1658e-010
824	1.2114e-010
825	1.2409e-010
826	1.2691e-010
827	1.2921e-010
828	1.32e-010
829	1.3515e-010
830	1.3753e-010
831	1.4148e-010
832	1.4462e-010
833	1.4774e-010
834	1.5117e-010
835	1.5469e-010
836	1.5894e-010
837	1.6019e-010
838	1.6549e-010
839	1.6879e-010
840	1.7301e-010
841	1.7871e-010
842	1.8325e-010
843	1.836e-010
844	1.849e-010
845	1.9902e-010
846	1.999e-010
847	1.8508e-010
848	1.8349e-010
849	1.855e-010
850	1.8191e-010
851	1.7566e-010
852	1.7166e-010
853	1.6893e-010
854	1.6064e-010
855	1.6304e-010
856	1.5798e-010
857	1.5469e-010
858	1.5169e-010
859	1.4902e-010
860	1.4631e-010
861	1.3935e-010
862	1.4064e-010
863	1.374e-010
864	1.3553e-010
865	1.3637e-010
866	1.3494e-010
867	1.3683e-010
868	1.1616e-010
869	1.3414e-010
870	1.3026e-010
871	1.3622e-010
872	1.0803e-010
873	1.2902e-010
874	1.2759e-010
875	1.0469e-010
876	1.0215e-010
877	1.2936e-010
878	9.3355e-011
879	1.1234e-010
880	1.3301e-010
881	9.1416e-011
882	1.3479e-010
883	8.6393e-011
884	1.1716e-010
885	1.015e-010
886	8.6281e-011
887	1.0333e-010
888	7.6678e-011
889	1.0279e-010
890	7.269e-011
891	9.5112e-011
892	7.3694e-011
893	8.3671e-011
894	8.1366e-011
895	6.9654e-011
896	9.9908e-011
897	6.6085e-011
898	9.9343e-011
899	6.2559e-011
900	7.2165e-011
901	7.4506e-011
902	6.0923e-011
903	8.7325e-011
904	1.0618e-010
905	1.4014e-010
906	2.6127e-010
907	6.9212e-010
908	7.3517e-010
909	8.6957e-010
910	1.0523e-009
911	3.2255e-011
912	3.9744e-011
913	5.5763e-011
914	5.9796e-011
915	6.3588e-011
916	5.9018e-011
917	6.0259e-011
918	6.2386e-011
919	6.4016e-011
920	6.4636e-011
921	6.596e-011
922	6.7993e-011
923	6.9009e-011
924	7.1864e-011
925	7.2094e-011
926	7.4145e-011
927	7.5564e-011
928	7.7237e-011
929	7.9378e-011
930	8.0418e-011
931	8.3228e-011
932	8.3805e-011
933	8.7043e-011
934	8.7936e-011
935	9.0854e-011
936	9.2451e-011
937	9.4089e-011
938	9.7668e-011
939	9.7643e-011
940	1.0278e-010
941	1.0244e-010
942	1.0531e-010
943	1.0903e-010
944	1.0939e-010
945	1.1309e-010
946	1.164e-010
947	1.1733e-010
948	1.2018e-010
949	1.2527e-010
950	1.2559e-010
951	1.285e-010
952	1.3164e-010
953	1.3604e-010
954	1.3783e-010
955	1.4077e-010
956	1.4387e-010
957	1.4733e-010
958	1.507e-010
959	1.5412e-010
960	1.5829e-010
961	1.6143e-010
962	1.6496e-010
963	1.6867e-010
964	1.7244e-010
965	1.7651e-010
966	1.7988e-010
967	1.8563e-010
968	1.8846e-010
969	1.9325e-010
970	1.9753e-010
971	2.0094e-010
972	2.0523e-010
973	2.1259e-010
974	2.2051e-010
975	2.1877e-010
976	2.184e-010
977	2.2145e-010
978	2.1477e-010
979	2.0651e-010
980	2.0237e-010
981	1.9994e-010
982	1.9617e-010
983	1.9138e-010
984	1.9114e-010
985	1.8227e-010
986	1.7965e-010
987	1.7591e-010
988	1.722e-010
989	1.6861e-010
990	1.6519e-010
991	1.6536e-010
992	1.5983e-010
993	1.5776e-010
994	1.5406e-010
995	1.4877e-010
996	1.4772e-010
997	1.471e-010
998	1.6212e-010
999	1.4223e-010
1000	1.3594e-010
1001	1.3662e-010
1002	1.604e-010
1003	1.3375e-010
1004	1.2018e-010
1005	1.3426e-010
1006	1.2683e-010
1007	1.1294e-010
1008	1.3685e-010
1009	1.1819e-010
1010	1.1696e-010
1011	1.5072e-010
1012	1.059e-010
1013	1.2922e-010
1014	1.1156e-010
1015	1.1023e-010
1016	1.095e-010
1017	9.6715e-011
1018	1.0839e-010
1019	9.186e-011
1020	1.0338e-010
1021	8.907e-011
1022	9.4631e-011
1023	8.7815e-011
1024	8.708e-011
1025	8.674e-011
1026	8.5749e-011
1027	1.0183e-010
1028	7.9221e-011
1029	7.9532e-011
1030	6.6875e-011
1031	6.8351e-011
1032	6.9915e-011
1033	7.9197e-011
1034	1.1593e-010
1035	1.4344e-010
1036	2.8767e-010
1037	7.0738e-010
1038	7.8851e-010
1039	8.2967e-010
1040	1.128e-009
1041	4.6988e-011
1042	4.5162e-011
1043	5.9984e-011
1044	5.1676e-011
1045	5.7193e-011
1046	5.0789e-011
1047	5.272e-011
1048	5.6833e-011
1049	5.2556e-011
1050	5.867e-011
1051	5.8642e-011
1052	5.7261e-011
1053	6.3936e-011
1054	5.9028e-011
1055	6.6018e-011
1056	6.3908e-011
1057	6.6684e-011
1058	6.8394e-011
1059	6.8375e-011
1060	7.2343e-011
1061	7.087e-011
1062	7.5755e-011
1063	7.4233e-011
1064	7.8824e-011
1065	7.8613e-011
1066	8.1201e-011
1067	8.3849e-011
1068	8.2962e-011
1069	8.9221e-011
1070	8.6008e-011
1071	9.2365e-011
1072	9.2942e-011
1073	9.2872e-011
1074	9.8519e-011
1075	9.8682e-011
1076	1.0007e-010
1077	1.0483e-010
1078	1.0684e-010
1079	1.0566e-010
1080	1.1186e-010
1081	1.1382e-010
1082	1.1617e-010
1083	1.1666e-010
1084	1.2114e-010
1085	1.2408e-010
1086	1.2699e-010
1087	1.2934e-010
1088	1.3204e-010
1089	1.3521e-010
1090	1.3764e-010
1091	1.416e-010
1092	1.4484e-010
1093	1.4796e-010
1094	1.5135e-010
1095	1.5475e-010
1096	1.5885e-010
1097	1.6031e-010
1098	1.6553e-010
1099	1.6885e-010
1100	1.7295e-010
1101	1.7861e-010
1102	1.8318e-010
1103	1.8346e-010
1104	1.8491e-010
1105	1.99e-010
1106	2.e-010
1107	1.8519e-010
1108	1.8351e-010
1109	1.8553e-010
1110	1.8192e-010
1111	1.7573e-010
1112	1.7167e-010
1113	1.6902e-010
1114	1.6072e-010
1115	1.6308e-010
1116	1.5795e-010
1117	1.5469e-010
1118	1.5167e-010
1119	1.4901e-010
1120	1.4634e-010
1121	1.3936e-010
1122	1.4057e-010
1123	1.3737e-010
1124	1.355e-010
1125	1.3633e-010
1126	1.3492e-010
1127	1.3683e-010
1128	1.1614e-010
1129	1.3418e-010
1130	1.3023e-010
1131	1.3618e-010
1132	1.0799e-010
1133	1.2898e-010
1134	1.275e-010
1135	1.0463e-010
1136	1.0208e-010
1137	1.2927e-010
1138	9.3316e-011
1139	1.1227e-010
1140	1.3295e-010
1141	9.1364e-011
1142	1.3474e-010
1143	8.634e-011
1144	1.1708e-010
1145	1.0145e-010
1146	8.6232e-011
1147	1.0327e-010
1148	7.6602e-011
1149	1.0275e-010
1150	7.27e-011
1151	9.5129e-011
1152	7.369e-011
1153	8.3654e-011
1154	8.1344e-011
1155	6.9631e-011
1156	9.9884e-011
1157	6.6057e-011
1158	9.9292e-011
1159	6.2503e-011
1160	7.2103e-011
1161	7.4459e-011
1162	6.0857e-011
1163	8.73e-011
1164	1.0616e-010
1165	1.4012e-010
1166	2.6126e-010
1167	6.9214e-010
1168	7.3515e-010
1169	8.6955e-010
1170	1.0523e-009
1171	4.6992e-011
1172	4.5159e-011
1173	5.9983e-011
1174	5.1675e-011
1175	5.7193e-011
1176	5.0788e-011
1177	5.2723e-011
1178	5.6828e-011
1179	5.2558e-011
1180	5.8669e-011
1181	5.8644e-011
1182	5.7257e-011
1183	6.3935e-011
1184	5.9022e-011
1185	6.6023e-011
1186	6.3906e-011
1187	6.6681e-011
1188	6.8391e-011
1189	6.8369e-011
1190	7.2338e-011
1191	7.0877e-011
1192	7.5763e-011
1193	7.4238e-011
1194	7.8819e-011
1195	7.8618e-011
1196	8.1197e-011
1197	8.3858e-011
1198	8.2959e-011
1199	8.9228e-011
1200	8.6014e-011
1201	9.2365e-011
1202	9.294e-011
1203	9.287e-011
1204	9.8524e-011
1205	9.8687e-011
1206	1.0008e-010
1207	1.0483e-010
1208	1.0684e-010
1209	1.0566e-010
1210	1.1186e-010
1211	1.1382e-010
1212	1.1617e-010
1213	1.1666e-010
1214	1.2113e-010
1215	1.241e-010
1216	1.2699e-010
1217	1.2933e-010
1218	1.3203e-010
1219	1.3521e-010
1220	1.3763e-010
1221	1.4159e-010
1222	1.4483e-010
1223	1.4797e-010
1224	1.5135e-010
1225	1.5473e-010
1226	1.5886e-010
1227	1.6031e-010
1228	1.6553e-010
1229	1.6887e-010
1230	1.7294e-010
1231	1.786e-010
1232	1.832e-010
1233	1.8345e-010
1234	1.8491e-010
1235	1.9899e-010
1236	2.0002e-010
1237	1.852e-010
1238	1.835e-010
1239	1.8554e-010
1240	1.8192e-010
1241	1.7573e-010
1242	1.7167e-010
1243	1.6902e-010
1244	1.6071e-010
1245	1.6308e-010
1246	1.5795e-010
1247	1.547e-010
1248	1.5166e-010
1249	1.4901e-010
1250	1.4635e-010
1251	1.3934e-010
1252	1.4059e-010
1253	1.3738e-010
1254	1.355e-010
1255	1.3631e-010
1256	1.3493e-010
1257	1.3686e-010
1258	1.1602e-010
1259	1.3418e-010
1260	1.3027e-010
1261	1.3618e-010
1262	1.0799e-010
1263	1.2897e-010
1264	1.2751e-010
1265	1.0462e-010
1266	1.0208e-010
1267	1.2928e-010
1268	9.3313e-011
1269	1.1229e-010
1270	1.3294e-010
1271	9.136e-011
1272	1.3474e-010
1273	8.6348e-011
1274	1.171e-010
1275	1.0145e-010
1276	8.6235e-011
1277	1.0326e-010
1278	7.6597e-011
1279	1.0275e-010
1280	7.2698e-011
1281	9.5128e-011
1282	7.369e-011
1283	8.3652e-011
1284	8.1349e-011
1285	6.9642e-011
1286	9.988e-011
1287	6.6057e-011
1288	9.9292e-011
1289	6.2502e-011
1290	7.21e-011
1291	7.4454e-011
1292	6.0855e-011
1293	8.7308e-011
1294	1.0616e-010
1295	1.4014e-010
1296	2.6128e-010
1297	6.9214e-010
1298	7.3515e-010
1299	8.6955e-010
1300	1.0523e-009
1301	3.2255e-011
1302	3.9751e-011
1303	5.5752e-011
1304	5.9799e-011
1305	6.3592e-011
1306	5.901e-011
1307	6.0255e-011
1308	6.2396e-011
1309	6.4022e-011
1310	6.4647e-011
1311	6.5955e-011
1312	6.7992e-011
1313	6.9008e-011
1314	7.1867e-011
1315	7.2093e-011
1316	7.4132e-011
1317	7.5571e-011
1318	7.7245e-011
1319	7.936e-011
1320	8.0409e-011
1321	8.3236e-011
1322	8.3812e-011
1323	8.7043e-011
1324	8.7941e-011
1325	9.0836e-011
1326	9.2451e-011
1327	9.41e-011
1328	9.7677e-011
1329	9.7641e-011
1330	1.0279e-010
1331	1.0243e-010
1332	1.0531e-010
1333	1.0904e-010
1334	1.0939e-010
1335	1.1311e-010
1336	1.1638e-010
1337	1.1731e-010
1338	1.2019e-010
1339	1.2525e-010
1340	1.256e-010
1341	1.2848e-010
1342	1.3165e-010
1343	1.3604e-010
1344	1.3784e-010
1345	1.4079e-010
1346	1.4386e-010
1347	1.4733e-010
1348	1.5067e-010
1349	1.5412e-010
1350	1.5828e-010
1351	1.6136e-010
1352	1.6499e-010
1353	1.687e-010
1354	1.7245e-010
1355	1.7653e-010
1356	1.7988e-010
1357	1.8566e-010
1358	1.8845e-010
1359	1.9327e-010
1360	1.9753e-010
1361	2.0093e-010
1362	2.0522e-010
1363	2.1258e-010
1364	2.2052e-010
1365	2.1872e-010
1366	2.1845e-010
1367	2.2146e-010
1368	2.1478e-010
1369	2.0651e-010
1370	2.0238e-010
1371	1.9995e-010
1372	1.9618e-010
1373	1.9135e-010
1374	1.9112e-010
1375	1.8229e-010
1376	1.7965e-010
1377	1.7591e-010
1378	1.7222e-010
1379	1.686e-010
1380	1.6514e-010
1381	1.6548e-010
1382	1.5978e-010
1383	1.578e-010
1384	1.5407e-010
1385	1.4879e-010
1386	1.4766e-010
1387	1.4724e-010
1388	1.6182e-010
1389	1.424e-010
1390	1.359e-010
1391	1.3661e-010
1392	1.6039e-010
1393	1.3375e-010
1394	1.2016e-010
1395	1.3425e-010
1396	1.2684e-010
1397	1.1293e-010
1398	1.3683e-010
1399	1.1822e-010
1400	1.1693e-010
1401	1.5068e-010
1402	1.0589e-010
1403	1.2924e-010
1404	1.1156e-010
1405	1.1024e-010
1406	1.0949e-010
1407	9.6728e-011
1408	1.0836e-010
1409	9.1856e-011
1410	1.0337e-010
1411	8.9077e-011
1412	9.4625e-011
1413	8.7827e-011
1414	8.7094e-011
1415	8.6757e-011
1416	8.574e-011
1417	1.0183e-010
1418	7.9227e-011
1419	7.9528e-011
1420	6.688e-011
1421	6.8353e-011
1422	6.9905e-011
1423	7.9198e-011
1424	1.1594e-010
1425	1.4344e-010
1426	2.8767e-010
1427	7.0738e-010
1428	7.8851e-010
1429	8.2968e-010
1430	1.128e-009
1431	4.7002e-011
1432	4.5155e-011
1433	5.9976e-011
1434	5.1661e-011
1435	5.7195e-011
1436	5.0808e-011
1437	5.2718e-011
1438	5.682e-011
1439	5.2509e-011
1440	5.8627e-011
1441	5.863e-011
1442	5.7256e-011
1443	6.3913e-011
1444	5.8976e-011
1445	6.5974e-011
1446	6.3836e-011
1447	6.6601e-011
1448	6.8313e-011
1449	6.8303e-011
1450	7.2304e-011
1451	7.0865e-011
1452	7.5799e-011
1453	7.4283e-011
1454	7.8791e-011
1455	7.8537e-011
1456	8.1142e-011
1457	8.3834e-011
1458	8.3002e-011
1459	8.9215e-011
1460	8.594e-011
1461	9.2355e-011
1462	9.2969e-011
1463	9.2897e-011
1464	9.8509e-011
1465	9.8592e-011
1466	9.9934e-011
1467	1.0475e-010
1468	1.0688e-010
1469	1.0568e-010
1470	1.118e-010
1471	1.1378e-010
1472	1.1616e-010
1473	1.1659e-010
1474	1.2114e-010
1475	1.2409e-010
1476	1.269e-010
1477	1.292e-010
1478	1.3203e-010
1479	1.3515e-010
1480	1.3751e-010
1481	1.4147e-010
1482	1.4464e-010
1483	1.4775e-010
1484	1.5119e-010
1485	1.5468e-010
1486	1.5895e-010
1487	1.6017e-010
1488	1.6548e-010
1489	1.6882e-010
1490	1.7298e-010
1491	1.7875e-010
1492	1.8326e-010
1493	1.8359e-010
1494	1.8489e-010
1495	1.9903e-010
1496	1.999e-010
1497	1.8509e-010
1498	1.8347e-010
1499	1.8551e-010
1500	1.8191e-010
1501	1.7568e-010
1502	1.7166e-010
1503	1.6892e-010
1504	1.6063e-010
1505	1.6303e-010
1506	1.5799e-010
1507	1.547e-010
1508	1.517e-010
1509	1.4899e-010
1510	1.4657e-010
1511	1.3933e-010
1512	1.4088e-010
1513	1.3738e-010
1514	1.3552e-010
1515	1.3635e-010
1516	1.3498e-010
1517	1.3687e-010
1518	1.1607e-010
1519	1.3418e-010
1520	1.3027e-010
1521	1.3619e-010
1522	1.0803e-010
1523	1.2903e-010
1524	1.2756e-010
1525	1.047e-010
1526	1.0215e-010
1527	1.2935e-010
1528	9.3352e-011
1529	1.1234e-010
1530	1.3301e-010
1531	9.1419e-011
1532	1.348e-010
1533	8.6409e-011
1534	1.1714e-010
1535	1.0151e-010
1536	8.6289e-011
1537	1.0333e-010
1538	7.6675e-011
1539	1.028e-010
1540	7.2694e-011
1541	9.5108e-011
1542	7.3701e-011
1543	8.3682e-011
1544	8.1367e-011
1545	6.9656e-011
1546	9.9899e-011
1547	6.6089e-011
1548	9.9342e-011
1549	6.2562e-011
1550	7.2159e-011
1551	7.4508e-011
1552	6.0919e-011
1553	8.7341e-011
1554	1.0618e-010
1555	1.4013e-010
1556	2.6128e-010
1557	6.9212e-010
1558	7.3515e-010
1559	8.696e-010
1560	1.0523e-009
1561	4.6971e-011
1562	4.5126e-011
1563	5.9904e-011
1564	5.1598e-011
1565	5.7147e-011
1566	5.0762e-011
1567	5.2684e-011
1568	5.675e-011
1569	5.2434e-011
1570	5.8571e-011
1571	5.8603e-011
1572	5.7245e-011
1573	6.3887e-011
1574	5.8951e-011
1575	6.5902e-011
1576	6.3763e-011
1577	6.6516e-011
1578	6.8223e-011
1579	6.8229e-011
1580	7.2227e-011
1581	7.0831e-011
1582	7.5821e-011
1583	7.4317e-011
1584	7.8789e-011
1585	7.8511e-011
1586	8.1087e-011
1587	8.3745e-011
1588	8.2921e-011
1589	8.9132e-011
1590	8.5841e-011
1591	9.2276e-011
1592	9.2918e-011
1593	9.2833e-011
1594	9.8423e-011
1595	9.8486e-011
1596	9.9806e-011
1597	1.0466e-010
1598	1.0685e-010
1599	1.0564e-010
1600	1.1175e-010
1601	1.1371e-010
1602	1.1609e-010
1603	1.1652e-010
1604	1.2107e-010
1605	1.2401e-010
1606	1.2685e-010
1607	1.2912e-010
1608	1.3192e-010
1609	1.3503e-010
1610	1.3741e-010
1611	1.4131e-010
1612	1.4441e-010
1613	1.4758e-010
1614	1.5103e-010
1615	1.5458e-010
1616	1.5887e-010
1617	1.6018e-010
1618	1.6547e-010
1619	1.6881e-010
1620	1.7299e-010
1621	1.7872e-010
1622	1.8325e-010
1623	1.8362e-010
1624	1.8479e-010
1625	1.9894e-010
1626	1.9984e-010
1627	1.8508e-010
1628	1.8344e-010
1629	1.8546e-010
1630	1.8188e-010
1631	1.7568e-010
1632	1.7161e-010
1633	1.6892e-010
1634	1.606e-010
1635	1.6301e-010
1636	1.5796e-010
1637	1.5471e-010
1638	1.5167e-010
1639	1.4904e-010
1640	1.4648e-010
1641	1.3962e-010
1642	1.4082e-010
1643	1.3747e-010
1644	1.3555e-010
1645	1.3642e-010
1646	1.3501e-010
1647	1.3689e-010
1648	1.1606e-010
1649	1.3419e-010
1650	1.3033e-010
1651	1.3628e-010
1652	1.0809e-010
1653	1.2907e-010
1654	1.2762e-010
1655	1.0475e-010
1656	1.0219e-010
1657	1.2941e-010
1658	9.3433e-011
1659	1.1243e-010
1660	1.3307e-010
1661	9.1483e-011
1662	1.3488e-010
1663	8.6493e-011
1664	1.1721e-010
1665	1.0154e-010
1666	8.6325e-011
1667	1.0338e-010
1668	7.6701e-011
1669	1.0281e-010
1670	7.2704e-011
1671	9.5125e-011
1672	7.3731e-011
1673	8.3723e-011
1674	8.1426e-011
1675	6.9708e-011
1676	9.9953e-011
1677	6.6115e-011
1678	9.9388e-011
1679	6.2603e-011
1680	7.2211e-011
1681	7.4554e-011
1682	6.096e-011
1683	8.7372e-011
1684	1.0621e-010
1685	1.4018e-010
1686	2.6126e-010
1687	6.9212e-010
1688	7.3513e-010
1689	8.695e-010
1690	1.0523e-009
1691	3.2236e-011
1692	3.9675e-011
1693	5.5612e-011
1694	5.9613e-011
1695	6.3433e-011
1696	5.8916e-011
1697	6.0171e-011
1698	6.2208e-011
1699	6.3797e-011
1700	6.4443e-011
1701	6.5826e-011
1702	6.7864e-011
1703	6.8885e-011
1704	7.1685e-011
1705	7.1905e-011
1706	7.3965e-011
1707	7.5397e-011
1708	7.7039e-011
1709	7.9195e-011
1710	8.0298e-011
1711	8.3225e-011
1712	8.3956e-011
1713	8.7187e-011
1714	8.7899e-011
1715	9.0677e-011
1716	9.2253e-011
1717	9.3867e-011
1718	9.7551e-011
1719	9.7466e-011
1720	1.0254e-010
1721	1.0231e-010
1722	1.0521e-010
1723	1.089e-010
1724	1.0922e-010
1725	1.1285e-010
1726	1.1597e-010
1727	1.1708e-010
1728	1.2008e-010
1729	1.2512e-010
1730	1.2539e-010
1731	1.2832e-010
1732	1.3148e-010
1733	1.3591e-010
1734	1.3769e-010
1735	1.4077e-010
1736	1.4381e-010
1737	1.4716e-010
1738	1.5049e-010
1739	1.5388e-010
1740	1.579e-010
1741	1.6091e-010
1742	1.6445e-010
1743	1.6811e-010
1744	1.7201e-010
1745	1.7603e-010
1746	1.7965e-010
1747	1.8551e-010
1748	1.8846e-010
1749	1.9329e-010
1750	1.975e-010
1751	2.0102e-010
1752	2.0522e-010
1753	2.126e-010
1754	2.2031e-010
1755	2.1844e-010
1756	2.183e-010
1757	2.2141e-010
1758	2.1469e-010
1759	2.065e-010
1760	2.0227e-010
1761	1.9982e-010
1762	1.9602e-010
1763	1.9127e-010
1764	1.9101e-010
1765	1.8209e-010
1766	1.7961e-010
1767	1.758e-010
1768	1.7224e-010
1769	1.6853e-010
1770	1.6559e-010
1771	1.6504e-010
1772	1.6034e-010
1773	1.5785e-010
1774	1.5419e-010
1775	1.4888e-010
1776	1.478e-010
1777	1.4719e-010
1778	1.6201e-010
1779	1.4241e-010
1780	1.3605e-010
1781	1.3679e-010
1782	1.6059e-010
1783	1.3382e-010
1784	1.2031e-010
1785	1.3439e-010
1786	1.2698e-010
1787	1.1312e-010
1788	1.3712e-010
1789	1.1844e-010
1790	1.1715e-010
1791	1.5086e-010
1792	1.0614e-010
1793	1.2949e-010
1794	1.1177e-010
1795	1.1038e-010
1796	1.0966e-010
1797	9.6869e-011
1798	1.085e-010
1799	9.1984e-011
1800	1.034e-010
1801	8.9091e-011
1802	9.4711e-011
1803	8.792e-011
1804	8.7206e-011
1805	8.6862e-011
1806	8.5845e-011
1807	1.0193e-010
1808	7.933e-011
1809	7.9637e-011
1810	6.6999e-011
1811	6.8481e-011
1812	7.0034e-011
1813	7.9332e-011
1814	1.1606e-010
1815	1.4356e-010
1816	2.8778e-010
1817	7.0741e-010
1818	7.8859e-010
1819	8.2973e-010
1820	1.1281e-009
1821	4.6969e-011
1822	4.5125e-011
1823	5.9903e-011
1824	5.1598e-011
1825	5.7147e-011
1826	5.0762e-011
1827	5.2684e-011
1828	5.675e-011
1829	5.2434e-011
1830	5.8572e-011
1831	5.8603e-011
1832	5.7245e-011
1833	6.3885e-011
1834	5.8952e-011
1835	6.5902e-011
1836	6.3763e-011
1837	6.6514e-011
1838	6.8223e-011
1839	6.8229e-011
1840	7.2228e-011
1841	7.0832e-011
1842	7.5818e-011
1843	7.4323e-011
1844	7.8789e-011
1845	7.8509e-011
1846	8.1091e-011
1847	8.3753e-011
1848	8.2918e-011
1849	8.9133e-011
1850	8.584e-011
1851	9.2275e-011
1852	9.2917e-011
1853	9.2833e-011
1854	9.8423e-011
1855	9.8486e-011
1856	9.9806e-011
1857	1.0466e-010
1858	1.0686e-010
1859	1.0564e-010
1860	1.1174e-010
1861	1.1371e-010
1862	1.1609e-010
1863	1.1652e-010
1864	1.2107e-010
1865	1.2401e-010
1866	1.2685e-010
1867	1.2912e-010
1868	1.3192e-010
1869	1.3503e-010
1870	1.3741e-010
1871	1.4131e-010
1872	1.4441e-010
1873	1.4758e-010
1874	1.5103e-010
1875	1.5458e-010
1876	1.5887e-010
1877	1.6018e-010
1878	1.6547e-010
1879	1.6881e-010
1880	1.7299e-010
1881	1.7871e-010
1882	1.8325e-010
1883	1.8362e-010
1884	1.8479e-010
1885	1.9894e-010
1886	1.9984e-010
1887	1.8508e-010
1888	1.8344e-010
1889	1.8546e-010
1890	1.8188e-010
1891	1.7568e-010
1892	1.7161e-010
1893	1.6891e-010
1894	1.606e-010
1895	1.6301e-010
1896	1.5796e-010
1897	1.5471e-010
1898	1.5167e-010
1899	1.4897e-010
1900	1.467e-010
1901	1.3905e-010
1902	1.4105e-010
1903	1.374e-010
1904	1.3555e-010
1905	1.3643e-010
1906	1.35e-010
1907	1.369e-010
1908	1.162e-010
1909	1.3419e-010
1910	1.3031e-010
1911	1.3629e-010
1912	1.0808e-010
1913	1.2908e-010
1914	1.2762e-010
1915	1.0474e-010
1916	1.022e-010
1917	1.2941e-010
1918	9.3428e-011
1919	1.1243e-010
1920	1.3307e-010
1921	9.1491e-011
1922	1.3488e-010
1923	8.6494e-011
1924	1.1721e-010
1925	1.0155e-010
1926	8.6326e-011
1927	1.0338e-010
1928	7.6701e-011
1929	1.0281e-010
1930	7.2704e-011
1931	9.5125e-011
1932	7.3731e-011
1933	8.3723e-011
1934	8.1426e-011
1935	6.9708e-011
1936	9.9953e-011
1937	6.6113e-011
1938	9.9385e-011
1939	6.2605e-011
1940	7.2211e-011
1941	7.4555e-011
1942	6.096e-011
1943	8.7371e-011
1944	1.0622e-010
1945	1.4018e-010
1946	2.6125e-010
1947	6.9212e-010
1948	7.3513e-010
1949	8.6949e-010
1950	1.0523e-009
1951	4.7004e-011
1952	4.5155e-011
1953	5.9976e-011
1954	5.1659e-011
1955	5.7193e-011
1956	5.0805e-011
1957	5.2722e-011
1958	5.6817e-011
1959	5.2508e-011
1960	5.8626e-011
1961	5.8634e-011
1962	5.7261e-011
1963	6.3921e-011
1964	5.8982e-011
1965	6.5964e-011
1966	6.3828e-011
1967	6.66e-011
1968	6.8313e-011
1969	6.8302e-011
1970	7.2298e-011
1971	7.0867e-011
1972	7.58e-011
1973	7.428e-011
1974	7.8789e-011
1975	7.8541e-011
1976	8.1136e-011
1977	8.3829e-011
1978	8.2998e-011
1979	8.921e-011
1980	8.5936e-011
1981	9.2356e-011
1982	9.2967e-011
1983	9.2896e-011
1984	9.8509e-011
1985	9.8596e-011
1986	9.994e-011
1987	1.0475e-010
1988	1.0687e-010
1989	1.0568e-010
1990	1.1179e-010
1991	1.1378e-010
1992	1.1616e-010
1993	1.1659e-010
1994	1.2114e-010
1995	1.2408e-010
1996	1.2691e-010
1997	1.292e-010
1998	1.3203e-010
1999	1.3514e-010
2000	1.3752e-010
2001	1.4148e-010
2002	1.4463e-010
2003	1.4775e-010
2004	1.5117e-010
2005	1.5467e-010
2006	1.5895e-010
2007	1.6017e-010
2008	1.6548e-010
2009	1.6883e-010
2010	1.7298e-010
2011	1.7874e-010
2012	1.8325e-010
2013	1.8358e-010
2014	1.8489e-010
2015	1.9904e-010
2016	1.999e-010
2017	1.8509e-010
2018	1.8347e-010
2019	1.855e-010
2020	1.8189e-010
2021	1.7568e-010
2022	1.7166e-010
2023	1.6891e-010
2024	1.6063e-010
2025	1.6305e-010
2026	1.5799e-010
2027	1.5471e-010
2028	1.5166e-010
2029	1.4895e-010
2030	1.4669e-010
2031	1.3868e-010
2032	1.4105e-010
2033	1.3733e-010
2034	1.3553e-010
2035	1.3638e-010
2036	1.3494e-010
2037	1.3681e-010
2038	1.1613e-010
2039	1.3412e-010
2040	1.3026e-010
2041	1.3624e-010
2042	1.0803e-010
2043	1.2904e-010
2044	1.2757e-010
2045	1.047e-010
2046	1.0214e-010
2047	1.2935e-010
2048	9.3361e-011
2049	1.1233e-010
2050	1.3301e-010
2051	9.1411e-011
2052	1.3479e-010
2053	8.6408e-011
2054	1.1714e-010
2055	1.0151e-010
2056	8.6284e-011
2057	1.0332e-010
2058	7.6673e-011
2059	1.0279e-010
2060	7.269e-011
2061	9.5104e-011
2062	7.3707e-011
2063	8.3671e-011
2064	8.1356e-011
2065	6.9653e-011
2066	9.9897e-011
2067	6.6088e-011
2068	9.9344e-011
2069	6.2555e-011
2070	7.2161e-011
2071	7.451e-011
2072	6.0921e-011
2073	8.7339e-011
2074	1.0617e-010
2075	1.4013e-010
2076	2.6128e-010
2077	6.921e-010
2078	7.3515e-010
2079	8.6958e-010
2080	1.0523e-009
2081	3.2253e-011
2082	3.9746e-011
2083	5.5755e-011
2084	5.9793e-011
2085	6.3586e-011
2086	5.9009e-011
2087	6.0256e-011
2088	6.2404e-011
2089	6.4026e-011
2090	6.465e-011
2091	6.5961e-011
2092	6.7991e-011
2093	6.9006e-011
2094	7.1879e-011
2095	7.2085e-011
2096	7.4115e-011
2097	7.5567e-011
2098	7.725e-011
2099	7.9363e-011
2100	8.0417e-011
2101	8.3222e-011
2102	8.3814e-011
2103	8.7052e-011
2104	8.7943e-011
2105	9.0819e-011
2106	9.2464e-011
2107	9.4054e-011
2108	9.7677e-011
2109	9.7626e-011
2110	1.0278e-010
2111	1.0243e-010
2112	1.0531e-010
2113	1.0905e-010
2114	1.0939e-010
2115	1.1311e-010
2116	1.1638e-010
2117	1.1734e-010
2118	1.2016e-010
2119	1.2525e-010
2120	1.2559e-010
2121	1.2852e-010
2122	1.3163e-010
2123	1.3603e-010
2124	1.3784e-010
2125	1.408e-010
2126	1.4387e-010
2127	1.4734e-010
2128	1.5068e-010
2129	1.5412e-010
2130	1.5829e-010
2131	1.6137e-010
2132	1.6498e-010
2133	1.6872e-010
2134	1.7245e-010
2135	1.7653e-010
2136	1.7983e-010
2137	1.8566e-010
2138	1.8848e-010
2139	1.9326e-010
2140	1.9751e-010
2141	2.0096e-010
2142	2.0519e-010
2143	2.1259e-010
2144	2.2047e-010
2145	2.1875e-010
2146	2.1841e-010
2147	2.2147e-010
2148	2.1475e-010
2149	2.0654e-010
2150	2.0232e-010
2151	1.9996e-010
2152	1.9615e-010
2153	1.9137e-010
2154	1.9109e-010
2155	1.8229e-010
2156	1.7967e-010
2157	1.7593e-010
2158	1.7221e-010
2159	1.6871e-010
2160	1.6462e-010
2161	1.662e-010
2162	1.5929e-010
2163	1.5788e-010
2164	1.541e-010
2165	1.4877e-010
2166	1.4773e-010
2167	1.4705e-010
2168	1.6212e-010
2169	1.4221e-010
2170	1.3594e-010
2171	1.366e-010
2172	1.6042e-010
2173	1.337e-010
2174	1.2019e-010
2175	1.3425e-010
2176	1.2683e-010
2177	1.1292e-010
2178	1.3682e-010
2179	1.1821e-010
2180	1.1693e-010
2181	1.5068e-010
2182	1.059e-010
2183	1.2923e-010
2184	1.1157e-010
2185	1.1024e-010
2186	1.0949e-010
2187	9.6718e-011
2188	1.0837e-010
2189	9.1867e-011
2190	1.0333e-010
2191	8.9089e-011
2192	9.4631e-011
2193	8.7831e-011
2194	8.7078e-011
2195	8.6738e-011
2196	8.5733e-011
2197	1.0182e-010
2198	7.9232e-011
2199	7.9542e-011
2200	6.6869e-011
2201	6.8343e-011
2202	6.9912e-011
2203	7.9201e-011
2204	1.1594e-010
2205	1.4342e-010
2206	2.8768e-010
2207	7.0739e-010
2208	7.8853e-010
2209	8.2966e-010
2210	1.128e-009
2211	4.6991e-011
2212	4.5156e-011
2213	5.9981e-011
2214	5.1669e-011
2215	5.7191e-011
2216	5.0793e-011
2217	5.2725e-011
2218	5.6838e-011
2219	5.2555e-011
2220	5.8667e-011
2221	5.8644e-011
2222	5.727e-011
2223	6.3939e-011
2224	5.9017e-011
2225	6.6018e-011
2226	6.3902e-011
2227	6.6679e-011
2228	6.8397e-011
2229	6.8369e-011
2230	7.2337e-011
2231	7.0876e-011
2232	7.5767e-011
2233	7.4236e-011
2234	7.882e-011
2235	7.8614e-011
2236	8.1203e-011
2237	8.3854e-011
2238	8.2954e-011
2239	8.9224e-011
2240	8.6008e-011
2241	9.2367e-011
2242	9.294e-011
2243	9.2871e-011
2244	9.8524e-011
2245	9.8691e-011
2246	1.0007e-010
2247	1.0481e-010
2248	1.0686e-010
2249	1.0565e-010
2250	1.1185e-010
2251	1.1381e-010
2252	1.1617e-010
2253	1.1666e-010
2254	1.2113e-010
2255	1.241e-010
2256	1.2698e-010
2257	1.2933e-010
2258	1.3204e-010
2259	1.352e-010
2260	1.3762e-010
2261	1.4159e-010
2262	1.4483e-010
2263	1.4796e-010
2264	1.5134e-010
2265	1.5474e-010
2266	1.5885e-010
2267	1.6032e-010
2268	1.6552e-010
2269	1.6886e-010
2270	1.7294e-010
2271	1.7859e-010
2272	1.832e-010
2273	1.8345e-010
2274	1.8492e-010
2275	1.9898e-010
2276	2.0001e-010
2277	1.8522e-010
2278	1.8352e-010
2279	1.8553e-010
2280	1.8191e-010
2281	1.7574e-010
2282	1.7166e-010
2283	1.6902e-010
2284	1.607e-010
2285	1.6307e-010
2286	1.5797e-010
2287	1.5468e-010
2288	1.5167e-010
2289	1.4898e-010
2290	1.4652e-010
2291	1.3939e-010
2292	1.4077e-010
2293	1.3733e-010
2294	1.3548e-010
2295	1.3634e-010
2296	1.3492e-010
2297	1.3683e-010
2298	1.1617e-010
2299	1.3416e-010
2300	1.3026e-010
2301	1.362e-010
2302	1.08e-010
2303	1.2895e-010
2304	1.2752e-010
2305	1.0463e-010
2306	1.0209e-010
2307	1.2927e-010
2308	9.3314e-011
2309	1.1228e-010
2310	1.3293e-010
2311	9.1355e-011
2312	1.3475e-010
2313	8.635e-011
2314	1.1711e-010
2315	1.0145e-010
2316	8.6235e-011
2317	1.0326e-010
2318	7.6596e-011
2319	1.0275e-010
2320	7.2695e-011
2321	9.5118e-011
2322	7.369e-011
2323	8.3658e-011
2324	8.1348e-011
2325	6.9641e-011
2326	9.9876e-011
2327	6.6051e-011
2328	9.9284e-011
2329	6.2507e-011
2330	7.2099e-011
2331	7.4447e-011
2332	6.0858e-011
2333	8.7305e-011
2334	1.0616e-010
2335	1.4013e-010
2336	2.6129e-010
2337	6.9215e-010
2338	7.3516e-010
2339	8.6957e-010
2340	1.0523e-009
2341	4.6992e-011
2342	4.5158e-011
2343	5.9982e-011
2344	5.1672e-011
2345	5.7195e-011
2346	5.0788e-011
2347	5.2726e-011
2348	5.6838e-011
2349	5.2555e-011
2350	5.8667e-011
2351	5.8644e-011
2352	5.727e-011
2353	6.3939e-011
2354	5.9017e-011
2355	6.6018e-011
2356	6.3903e-011
2357	6.668e-011
2358	6.8397e-011
2359	6.8369e-011
2360	7.2337e-011
2361	7.0876e-011
2362	7.5767e-011
2363	7.4236e-011
2364	7.882e-011
2365	7.8614e-011
2366	8.1205e-011
2367	8.3858e-011
2368	8.2955e-011
2369	8.9225e-011
2370	8.6009e-011
2371	9.2366e-011
2372	9.2941e-011
2373	9.287e-011
2374	9.8515e-011
2375	9.8688e-011
2376	1.0008e-010
2377	1.0482e-010
2378	1.0686e-010
2379	1.0566e-010
2380	1.1184e-010
2381	1.1381e-010
2382	1.1617e-010
2383	1.1666e-010
2384	1.2113e-010
2385	1.241e-010
2386	1.2699e-010
2387	1.2933e-010
2388	1.3202e-010
2389	1.352e-010
2390	1.3762e-010
2391	1.4159e-010
2392	1.4483e-010
2393	1.4796e-010
2394	1.5134e-010
2395	1.5472e-010
2396	1.5885e-010
2397	1.6033e-010
2398	1.6553e-010
2399	1.6886e-010
2400	1.7294e-010
2401	1.7859e-010
2402	1.8321e-010
2403	1.8344e-010
2404	1.8493e-010
2405	1.9898e-010
2406	2.0001e-010
2407	1.8522e-010
2408	1.8352e-010
2409	1.8553e-010
2410	1.8191e-010
2411	1.7574e-010
2412	1.7166e-010
2413	1.6902e-010
2414	1.607e-010
2415	1.6307e-010
2416	1.5797e-010
2417	1.5468e-010
2418	1.5169e-010
2419	1.4899e-010
2420	1.4655e-010
2421	1.3961e-010
2422	1.408e-010
2423	1.3738e-010
2424	1.3548e-010
2425	1.3632e-010
2426	1.3493e-010
2427	1.3683e-010
2428	1.1617e-010
2429	1.3414e-010
2430	1.3025e-010
2431	1.362e-010
2432	1.0799e-010
2433	1.2896e-010
2434	1.2751e-010
2435	1.0463e-010
2436	1.0209e-010
2437	1.2927e-010
2438	9.332e-011
2439	1.1227e-010
2440	1.3293e-010
2441	9.1356e-011
2442	1.3475e-010
2443	8.6351e-011
2444	1.171e-010
2445	1.0145e-010
2446	8.6235e-011
2447	1.0325e-010
2448	7.6596e-011
2449	1.0274e-010
2450	7.27e-011
2451	9.5122e-011
2452	7.3694e-011
2453	8.3651e-011
2454	8.1349e-011
2455	6.9641e-011
2456	9.9876e-011
2457	6.6052e-011
2458	9.9288e-011
2459	6.2507e-011
2460	7.2102e-011
2461	7.4449e-011
2462	6.0858e-011
2463	8.7305e-011
2464	1.0616e-010
2465	1.4013e-010
2466	2.6129e-010
2467	6.9214e-010
2468	7.3516e-010
2469	8.6957e-010
2470	1.0523e-009
2471	3.2258e-011
2472	3.9752e-011
2473	5.5754e-011
2474	5.9804e-011
2475	6.3586e-011
2476	5.9013e-011
2477	6.0261e-011
2478	6.2401e-011
2479	6.4024e-011
2480	6.4648e-011
2481	6.5957e-011
2482	6.7986e-011
2483	6.9004e-011
2484	7.1875e-011
2485	7.2089e-011
2486	7.4114e-011
2487	7.5562e-011
2488	7.7248e-011
2489	7.9362e-011
2490	8.0411e-011
2491	8.3226e-011
2492	8.382e-011
2493	8.7047e-011
2494	8.7941e-011
2495	9.084e-011
2496	9.2456e-011
2497	9.4088e-011
2498	9.7669e-011
2499	9.7648e-011
2500	1.0279e-010
2501	1.0243e-010
2502	1.0532e-010
2503	1.0904e-010
2504	1.0938e-010
2505	1.1309e-010
2506	1.1637e-010
2507	1.1738e-010
2508	1.2016e-010
2509	1.2524e-010
2510	1.2559e-010
2511	1.2852e-010
2512	1.3163e-010
2513	1.3604e-010
2514	1.3786e-010
2515	1.4079e-010
2516	1.4386e-010
2517	1.4733e-010
2518	1.5067e-010
2519	1.5411e-010
2520	1.5829e-010
2521	1.6139e-010
2522	1.6497e-010
2523	1.687e-010
2524	1.7245e-010
2525	1.7652e-010
2526	1.7985e-010
2527	1.8567e-010
2528	1.8846e-010
2529	1.9327e-010
2530	1.9751e-010
2531	2.0094e-010
2532	2.0521e-010
2533	2.1259e-010
2534	2.2047e-010
2535	2.1873e-010
2536	2.1845e-010
2537	2.2147e-010
2538	2.1479e-010
2539	2.0652e-010
2540	2.0236e-010
2541	1.9995e-010
2542	1.9615e-010
2543	1.9136e-010
2544	1.911e-010
2545	1.8227e-010
2546	1.7965e-010
2547	1.7593e-010
2548	1.7221e-010
2549	1.6852e-010
2550	1.6592e-010
2551	1.6458e-010
2552	1.6057e-010
2553	1.577e-010
2554	1.5409e-010
2555	1.4874e-010
2556	1.4773e-010
2557	1.4706e-010
2558	1.6212e-010
2559	1.4221e-010
2560	1.3594e-010
2561	1.3658e-010
2562	1.6043e-010
2563	1.3373e-010
2564	1.2016e-010
2565	1.3424e-010
2566	1.2684e-010
2567	1.1293e-010
2568	1.3683e-010
2569	1.1821e-010
2570	1.1693e-010
2571	1.5069e-010
2572	1.0591e-010
2573	1.2923e-010
2574	1.1157e-010
2575	1.1023e-010
2576	1.0948e-010
2577	9.6714e-011
2578	1.0836e-010
2579	9.1856e-011
2580	1.0336e-010
2581	8.9083e-011
2582	9.4632e-011
2583	8.7829e-011
2584	8.7094e-011
2585	8.6757e-011
2586	8.573e-011
2587	1.0183e-010
2588	7.9229e-011
2589	7.9537e-011
2590	6.6869e-011
2591	6.8348e-011
2592	6.9911e-011
2593	7.92e-011
2594	1.1595e-010
2595	1.4342e-010
2596	2.8768e-010
2597	7.0739e-010
2598	7.8853e-010
2599	8.2967e-010
2600	1.128e-009
2601	4.7004e-011
2602	4.5157e-011
2603	5.9977e-011
2604	5.1662e-011
2605	5.7194e-011
2606	5.0805e-011
2607	5.2723e-011
2608	5.6819e-011
2609	5.2508e-011
2610	5.863e-011
2611	5.8629e-011
2612	5.7256e-011
2613	6.3912e-011
2614	5.8975e-011
2615	6.5973e-011
2616	6.3836e-011
2617	6.6601e-011
2618	6.8313e-011
2619	6.8303e-011
2620	7.2302e-011
2621	7.0871e-011
2622	7.5799e-011
2623	7.4283e-011
2624	7.8792e-011
2625	7.8537e-011
2626	8.114e-011
2627	8.3832e-011
2628	8.3001e-011
2629	8.9219e-011
2630	8.5939e-011
2631	9.2354e-011
2632	9.2971e-011
2633	9.2901e-011
2634	9.8493e-011
2635	9.86e-011
2636	9.9944e-011
2637	1.0475e-010
2638	1.0687e-010
2639	1.0568e-010
2640	1.1179e-010
2641	1.1378e-010
2642	1.1615e-010
2643	1.166e-010
2644	1.2114e-010
2645	1.2409e-010
2646	1.269e-010
2647	1.292e-010
2648	1.3203e-010
2649	1.3514e-010
2650	1.3752e-010
2651	1.4146e-010
2652	1.4464e-010
2653	1.4775e-010
2654	1.5119e-010
2655	1.5468e-010
2656	1.5895e-010
2657	1.6017e-010
2658	1.6548e-010
2659	1.6881e-010
2660	1.7299e-010
2661	1.7875e-010
2662	1.8326e-010
2663	1.8359e-010
2664	1.8489e-010
2665	1.9903e-010
2666	1.999e-010
2667	1.8509e-010
2668	1.8347e-010
2669	1.8551e-010
2670	1.8191e-010
2671	1.7568e-010
2672	1.7166e-010
2673	1.6892e-010
2674	1.6063e-010
2675	1.6303e-010
2676	1.5798e-010
2677	1.547e-010
2678	1.5169e-010
2679	1.4899e-010
2680	1.4669e-010
2681	1.3895e-010
2682	1.4106e-010
2683	1.374e-010
2684	1.3553e-010
2685	1.3636e-010
2686	1.3495e-010
2687	1.3682e-010
2688	1.1614e-010
2689	1.3417e-010
2690	1.3025e-010
2691	1.3622e-010
2692	1.0805e-010
2693	1.2903e-010
2694	1.2758e-010
2695	1.0469e-010
2696	1.0215e-010
2697	1.2935e-010
2698	9.336e-011
2699	1.1233e-010
2700	1.33e-010
2701	9.1417e-011
2702	1.3478e-010
2703	8.64e-011
2704	1.1715e-010
2705	1.0151e-010
2706	8.6289e-011
2707	1.0332e-010
2708	7.6675e-011
2709	1.028e-010
2710	7.2692e-011
2711	9.5105e-011
2712	7.3701e-011
2713	8.3682e-011
2714	8.1367e-011
2715	6.9656e-011
2716	9.9899e-011
2717	6.6087e-011
2718	9.9343e-011
2719	6.2562e-011
2720	7.2158e-011
2721	7.4504e-011
2722	6.0923e-011
2723	8.7341e-011
2724	1.0618e-010
2725	1.4013e-010
2726	2.6128e-010
2727	6.9212e-010
2728	7.3515e-010
2729	8.6959e-010
2730	1.0523e-009
2731	4.6973e-011
2732	4.5122e-011
2733	5.9909e-011
2734	5.1602e-011
2735	5.7148e-011
2736	5.0762e-011
2737	5.268e-011
2738	5.6751e-011
2739	5.2439e-011
2740	5.8568e-011
2741	5.8605e-011
2742	5.7248e-011
2743	6.3885e-011
2744	5.8952e-011
2745	6.5897e-011
2746	6.3766e-011
2747	6.651e-011
2748	6.8226e-011
2749	6.8218e-011
2750	7.2239e-011
2751	7.084e-011
2752	7.5825e-011
2753	7.4312e-011
2754	7.8794e-011
2755	7.8512e-011
2756	8.109e-011
2757	8.3752e-011
2758	8.2923e-011
2759	8.9126e-011
2760	8.5846e-011
2761	9.2267e-011
2762	9.2919e-011
2763	9.2827e-011
2764	9.8427e-011
2765	9.8489e-011
2766	9.9797e-011
2767	1.0465e-010
2768	1.0686e-010
2769	1.0564e-010
2770	1.1174e-010
2771	1.1371e-010
2772	1.1609e-010
2773	1.165e-010
2774	1.2106e-010
2775	1.2401e-010
2776	1.2685e-010
2777	1.2912e-010
2778	1.3191e-010
2779	1.3504e-010
2780	1.3741e-010
2781	1.413e-010
2782	1.4442e-010
2783	1.4759e-010
2784	1.5103e-010
2785	1.5459e-010
2786	1.5888e-010
2787	1.6018e-010
2788	1.6548e-010
2789	1.6881e-010
2790	1.7299e-010
2791	1.7871e-010
2792	1.8323e-010
2793	1.8363e-010
2794	1.8479e-010
2795	1.9894e-010
2796	1.9985e-010
2797	1.8505e-010
2798	1.8344e-010
2799	1.8547e-010
2800	1.8188e-010
2801	1.7565e-010
2802	1.7162e-010
2803	1.6891e-010
2804	1.606e-010
2805	1.6301e-010
2806	1.5795e-010
2807	1.5469e-010
2808	1.5166e-010
2809	1.4894e-010
2810	1.468e-010
2811	1.3865e-010
2812	1.4112e-010
2813	1.3735e-010
2814	1.3557e-010
2815	1.364e-010
2816	1.3499e-010
2817	1.3688e-010
2818	1.1619e-010
2819	1.3418e-010
2820	1.3031e-010
2821	1.3629e-010
2822	1.081e-010
2823	1.2908e-010
2824	1.2762e-010
2825	1.0474e-010
2826	1.022e-010
2827	1.294e-010
2828	9.3428e-011
2829	1.1243e-010
2830	1.3307e-010
2831	9.1486e-011
2832	1.3487e-010
2833	8.6484e-011
2834	1.172e-010
2835	1.0155e-010
2836	8.6324e-011
2837	1.0338e-010
2838	7.6695e-011
2839	1.0282e-010
2840	7.2701e-011
2841	9.5127e-011
2842	7.3736e-011
2843	8.372e-011
2844	8.1419e-011
2845	6.9702e-011
2846	9.9942e-011
2847	6.6123e-011
2848	9.9389e-011
2849	6.2599e-011
2850	7.2215e-011
2851	7.4559e-011
2852	6.0964e-011
2853	8.7367e-011
2854	1.0622e-010
2855	1.4017e-010
2856	2.6127e-010
2857	6.9214e-010
2858	7.3513e-010
2859	8.695e-010
2860	1.0523e-009
2861	3.2235e-011
2862	3.9687e-011
2863	5.5632e-011
2864	5.9621e-011
2865	6.3435e-011
2866	5.8913e-011
2867	6.0166e-011
2868	6.2226e-011
2869	6.3795e-011
2870	6.4432e-011
2871	6.5816e-011
2872	6.7854e-011
2873	6.8868e-011
2874	7.1705e-011
2875	7.1919e-011
2876	7.3979e-011
2877	7.538e-011
2878	7.7025e-011
2879	7.9173e-011
2880	8.0343e-011
2881	8.3277e-011
2882	8.3957e-011
2883	8.7195e-011
2884	8.7882e-011
2885	9.0662e-011
2886	9.2232e-011
2887	9.3896e-011
2888	9.7529e-011
2889	9.7453e-011
2890	1.0255e-010
2891	1.0231e-010
2892	1.0519e-010
2893	1.0889e-010
2894	1.0924e-010
2895	1.1284e-010
2896	1.1596e-010
2897	1.1706e-010
2898	1.2007e-010
2899	1.2511e-010
2900	1.2538e-010
2901	1.283e-010
2902	1.3146e-010
2903	1.3587e-010
2904	1.3773e-010
2905	1.4076e-010
2906	1.4386e-010
2907	1.4716e-010
2908	1.5051e-010
2909	1.5385e-010
2910	1.5791e-010
2911	1.6088e-010
2912	1.6446e-010
2913	1.6814e-010
2914	1.7205e-010
2915	1.7606e-010
2916	1.7965e-010
2917	1.8554e-010
2918	1.8845e-010
2919	1.9327e-010
2920	1.975e-010
2921	2.0097e-010
2922	2.0516e-010
2923	2.1256e-010
2924	2.2037e-010
2925	2.1846e-010
2926	2.1827e-010
2927	2.2136e-010
2928	2.1468e-010
2929	2.0648e-010
2930	2.0226e-010
2931	1.9981e-010
2932	1.96e-010
2933	1.9124e-010
2934	1.9102e-010
2935	1.8209e-010
2936	1.7956e-010
2937	1.7584e-010
2938	1.7219e-010
2939	1.6866e-010
2940	1.6487e-010
2941	1.6576e-010
2942	1.5961e-010
2943	1.5791e-010
2944	1.5415e-010
2945	1.4887e-010
2946	1.4782e-010
2947	1.4719e-010
2948	1.6192e-010
2949	1.4236e-010
2950	1.3611e-010
2951	1.3677e-010
2952	1.6062e-010
2953	1.3384e-010
2954	1.2033e-010
2955	1.3439e-010
2956	1.2699e-010
2957	1.1311e-010
2958	1.3712e-010
2959	1.1843e-010
2960	1.1717e-010
2961	1.5086e-010
2962	1.0612e-010
2963	1.2952e-010
2964	1.1176e-010
2965	1.104e-010
2966	1.0963e-010
2967	9.6869e-011
2968	1.0852e-010
2969	9.1965e-011
2970	1.034e-010
2971	8.9112e-011
2972	9.4692e-011
2973	8.7905e-011
2974	8.7192e-011
2975	8.6851e-011
2976	8.5835e-011
2977	1.0194e-010
2978	7.9317e-011
2979	7.9649e-011
2980	6.6999e-011
2981	6.8482e-011
2982	7.0044e-011
2983	7.9337e-011
2984	1.1605e-010
2985	1.4354e-010
2986	2.8775e-010
2987	7.074e-010
2988	7.8859e-010
2989	8.2975e-010
2990	1.1281e-009
2991	4.6975e-011
2992	4.5121e-011
2993	5.9912e-011
2994	5.1607e-011
2995	5.7148e-011
2996	5.0762e-011
2997	5.2675e-011
2998	5.6753e-011
2999	5.2442e-011
3000	5.8562e-011
3001	5.8605e-011
3002	5.7251e-011
3003	6.3886e-011
3004	5.8946e-011
3005	6.59e-011
3006	6.3767e-011
3007	6.6516e-011
3008	6.8223e-011
3009	6.8212e-011
3010	7.2238e-011
3011	7.084e-011
3012	7.5829e-011
3013	7.4312e-011
3014	7.8794e-011
3015	7.8514e-011
3016	8.1091e-011
3017	8.3756e-011
3018	8.2919e-011
3019	8.9126e-011
3020	8.5845e-011
3021	9.2266e-011
3022	9.2914e-011
3023	9.2829e-011
3024	9.843e-011
3025	9.8478e-011
3026	9.9796e-011
3027	1.0466e-010
3028	1.0686e-010
3029	1.0564e-010
3030	1.1175e-010
3031	1.1371e-010
3032	1.1609e-010
3033	1.165e-010
3034	1.2106e-010
3035	1.2401e-010
3036	1.2685e-010
3037	1.2912e-010
3038	1.3191e-010
3039	1.3504e-010
3040	1.374e-010
3041	1.4131e-010
3042	1.4441e-010
3043	1.476e-010
3044	1.5104e-010
3045	1.5459e-010
3046	1.5888e-010
3047	1.6017e-010
3048	1.6548e-010
3049	1.6882e-010
3050	1.7301e-010
3051	1.7871e-010
3052	1.8323e-010
3053	1.8363e-010
3054	1.8479e-010
3055	1.9894e-010
3056	1.9986e-010
3057	1.8505e-010
3058	1.8345e-010
3059	1.8547e-010
3060	1.8189e-010
3061	1.7565e-010
3062	1.7161e-010
3063	1.6891e-010
3064	1.606e-010
3065	1.6301e-010
3066	1.5795e-010
3067	1.547e-010
3068	1.5168e-010
3069	1.4899e-010
3070	1.4659e-010
3071	1.3888e-010
3072	1.4095e-010
3073	1.3742e-010
3074	1.3556e-010
3075	1.3642e-010
3076	1.3509e-010
3077	1.3642e-010
3078	1.1564e-010
3079	1.337e-010
3080	1.3037e-010
3081	1.3632e-010
3082	1.081e-010
3083	1.2908e-010
3084	1.2763e-010
3085	1.0475e-010
3086	1.0219e-010
3087	1.2941e-010
3088	9.3431e-011
3089	1.1242e-010
3090	1.3307e-010
3091	9.1488e-011
3092	1.3488e-010
3093	8.6489e-011
3094	1.1721e-010
3095	1.0155e-010
3096	8.6323e-011
3097	1.0337e-010
3098	7.6699e-011
3099	1.0283e-010
3100	7.2696e-011
3101	9.5128e-011
3102	7.3738e-011
3103	8.3712e-011
3104	8.1415e-011
3105	6.9705e-011
3106	9.9939e-011
3107	6.6121e-011
3108	9.9384e-011
3109	6.2604e-011
3110	7.2218e-011
3111	7.4557e-011
3112	6.0964e-011
3113	8.7367e-011
3114	1.0622e-010
3115	1.4017e-010
3116	2.6126e-010
3117	6.9216e-010
3118	7.3516e-010
3119	8.695e-010
3120	1.0523e-009
3121	4.6995e-011
3122	4.515e-011
3123	5.9984e-011
3124	5.1667e-011
3125	5.7196e-011
3126	5.0805e-011
3127	5.2721e-011
3128	5.6816e-011
3129	5.2506e-011
3130	5.863e-011
3131	5.8633e-011
3132	5.7259e-011
3133	6.3919e-011
3134	5.8979e-011
3135	6.5962e-011
3136	6.3839e-011
3137	6.6607e-011
3138	6.8307e-011
3139	6.8301e-011
3140	7.2304e-011
3141	7.0868e-011
3142	7.5795e-011
3143	7.4261e-011
3144	7.8804e-011
3145	7.8543e-011
3146	8.1146e-011
3147	8.3841e-011
3148	8.2996e-011
3149	8.9211e-011
3150	8.5939e-011
3151	9.2367e-011
3152	9.2964e-011
3153	9.29e-011
3154	9.8496e-011
3155	9.8604e-011
3156	9.9948e-011
3157	1.0475e-010
3158	1.0687e-010
3159	1.0567e-010
3160	1.1179e-010
3161	1.1378e-010
3162	1.1615e-010
3163	1.1657e-010
3164	1.2114e-010
3165	1.2409e-010
3166	1.2691e-010
3167	1.2921e-010
3168	1.3201e-010
3169	1.3514e-010
3170	1.3753e-010
3171	1.4148e-010
3172	1.4461e-010
3173	1.4775e-010
3174	1.5118e-010
3175	1.5469e-010
3176	1.5894e-010
3177	1.602e-010
3178	1.6549e-010
3179	1.6879e-010
3180	1.7299e-010
3181	1.7872e-010
3182	1.8325e-010
3183	1.836e-010
3184	1.8489e-010
3185	1.99e-010
3186	1.999e-010
3187	1.8508e-010
3188	1.835e-010
3189	1.855e-010
3190	1.8191e-010
3191	1.7566e-010
3192	1.7166e-010
3193	1.6893e-010
3194	1.6064e-010
3195	1.6304e-010
3196	1.5798e-010
3197	1.5469e-010
3198	1.5172e-010
3199	1.4898e-010
3200	1.4688e-010
3201	1.3836e-010
3202	1.4123e-010
3203	1.3742e-010
3204	1.3555e-010
3205	1.3636e-010
3206	1.3492e-010
3207	1.3509e-010
3208	1.1569e-010
3209	1.3232e-010
3210	1.3017e-010
3211	1.3624e-010
3212	1.0807e-010
3213	1.2904e-010
3214	1.2757e-010
3215	1.0469e-010
3216	1.0215e-010
3217	1.2935e-010
3218	9.3357e-011
3219	1.1235e-010
3220	1.3302e-010
3221	9.1419e-011
3222	1.3479e-010
3223	8.6396e-011
3224	1.1716e-010
3225	1.015e-010
3226	8.6285e-011
3227	1.0334e-010
3228	7.6678e-011
3229	1.0278e-010
3230	7.2694e-011
3231	9.5114e-011
3232	7.3696e-011
3233	8.3672e-011
3234	8.1367e-011
3235	6.9654e-011
3236	9.9913e-011
3237	6.6083e-011
3238	9.9348e-011
3239	6.256e-011
3240	7.2166e-011
3241	7.4506e-011
3242	6.0923e-011
3243	8.733e-011
3244	1.0618e-010
3245	1.4014e-010
3246	2.6128e-010
3247	6.9211e-010
3248	7.3516e-010
3249	8.696e-010
3250	1.0523e-009
3251	3.2257e-011
3252	3.9747e-011
3253	5.5764e-011
3254	5.9788e-011
3255	6.3584e-011
3256	5.9018e-011
3257	6.0263e-011
3258	6.2386e-011
3259	6.4022e-011
3260	6.4632e-011
3261	6.5976e-011
3262	6.7987e-011
3263	6.9e-011
3264	7.1856e-011
3265	7.209e-011
3266	7.4138e-011
3267	7.5569e-011
3268	7.7244e-011
3269	7.9371e-011
3270	8.0423e-011
3271	8.3223e-011
3272	8.3834e-011
3273	8.7032e-011
3274	8.7935e-011
3275	9.0861e-011
3276	9.2446e-011
3277	9.4096e-011
3278	9.7663e-011
3279	9.7639e-011
3280	1.0278e-010
3281	1.0243e-010
3282	1.0531e-010
3283	1.0903e-010
3284	1.094e-010
3285	1.1309e-010
3286	1.1637e-010
3287	1.1735e-010
3288	1.2018e-010
3289	1.2523e-010
3290	1.256e-010
3291	1.2852e-010
3292	1.3165e-010
3293	1.3602e-010
3294	1.3783e-010
3295	1.4078e-010
3296	1.4386e-010
3297	1.4732e-010
3298	1.5068e-010
3299	1.541e-010
3300	1.5829e-010
3301	1.614e-010
3302	1.6495e-010
3303	1.6867e-010
3304	1.7244e-010
3305	1.7651e-010
3306	1.7986e-010
3307	1.8562e-010
3308	1.8845e-010
3309	1.9324e-010
3310	1.9753e-010
3311	2.0094e-010
3312	2.0522e-010
3313	2.1261e-010
3314	2.2047e-010
3315	2.1875e-010
3316	2.1842e-010
3317	2.2146e-010
3318	2.1476e-010
3319	2.0649e-010
3320	2.0239e-010
3321	1.9995e-010
3322	1.9618e-010
3323	1.9138e-010
3324	1.9115e-010
3325	1.8225e-010
3326	1.7963e-010
3327	1.7592e-010
3328	1.722e-010
3329	1.6866e-010
3330	1.6482e-010
3331	1.661e-010
3332	1.5946e-010
3333	1.5782e-010
3334	1.5411e-010
3335	1.4874e-010
3336	1.4753e-010
3337	1.4589e-010
3338	1.5889e-010
3339	1.4084e-010
3340	1.3572e-010
3341	1.3657e-010
3342	1.6053e-010
3343	1.3368e-010
3344	1.2018e-010
3345	1.3425e-010
3346	1.2686e-010
3347	1.1293e-010
3348	1.3685e-010
3349	1.182e-010
3350	1.1696e-010
3351	1.5072e-010
3352	1.059e-010
3353	1.2922e-010
3354	1.1155e-010
3355	1.1023e-010
3356	1.0952e-010
3357	9.6709e-011
3358	1.084e-010
3359	9.1855e-011
3360	1.0336e-010
3361	8.9062e-011
3362	9.4623e-011
3363	8.7805e-011
3364	8.7079e-011
3365	8.6733e-011
3366	8.5745e-011
3367	1.0184e-010
3368	7.9228e-011
3369	7.9528e-011
3370	6.6869e-011
3371	6.8344e-011
3372	6.9908e-011
3373	7.9204e-011
3374	1.1594e-010
3375	1.4344e-010
3376	2.8767e-010
3377	7.0736e-010
3378	7.8853e-010
3379	8.2968e-010
3380	1.128e-009
3381	4.6991e-011
3382	4.5164e-011
3383	5.9987e-011
3384	5.1666e-011
3385	5.7195e-011
3386	5.0789e-011
3387	5.2722e-011
3388	5.6838e-011
3389	5.2557e-011
3390	5.8671e-011
3391	5.8644e-011
3392	5.7264e-011
3393	6.3926e-011
3394	5.9025e-011
3395	6.601e-011
3396	6.3904e-011
3397	6.6685e-011
3398	6.8389e-011
3399	6.8378e-011
3400	7.2346e-011
3401	7.0874e-011
3402	7.5761e-011
3403	7.4232e-011
3404	7.8828e-011
3405	7.8602e-011
3406	8.1207e-011
3407	8.3852e-011
3408	8.2954e-011
3409	8.9223e-011
3410	8.6e-011
3411	9.237e-011
3412	9.2944e-011
3413	9.2881e-011
3414	9.8521e-011
3415	9.8682e-011
3416	1.0009e-010
3417	1.0481e-010
3418	1.0685e-010
3419	1.0566e-010
3420	1.1185e-010
3421	1.1383e-010
3422	1.1618e-010
3423	1.1666e-010
3424	1.2113e-010
3425	1.2408e-010
3426	1.27e-010
3427	1.2933e-010
3428	1.3205e-010
3429	1.3521e-010
3430	1.3761e-010
3431	1.4162e-010
3432	1.4482e-010
3433	1.4796e-010
3434	1.5136e-010
3435	1.5474e-010
3436	1.5884e-010
3437	1.6031e-010
3438	1.6551e-010
3439	1.6886e-010
3440	1.7296e-010
3441	1.7858e-010
3442	1.8319e-010
3443	1.8347e-010
3444	1.8492e-010
3445	1.9898e-010
3446	2.0001e-010
3447	1.852e-010
3448	1.8352e-010
3449	1.8553e-010
3450	1.819e-010
3451	1.7575e-010
3452	1.7166e-010
3453	1.6902e-010
3454	1.6074e-010
3455	1.6306e-010
3456	1.5797e-010
3457	1.5469e-010
3458	1.5168e-010
3459	1.4899e-010
3460	1.4637e-010
3461	1.393e-010
3462	1.4062e-010
3463	1.3736e-010
3464	1.3552e-010
3465	1.3627e-010
3466	1.3503e-010
3467	1.333e-010
3468	1.1675e-010
3469	1.3043e-010
3470	1.3028e-010
3471	1.3614e-010
3472	1.0805e-010
3473	1.2893e-010
3474	1.2752e-010
3475	1.0462e-010
3476	1.0209e-010
3477	1.2929e-010
3478	9.3307e-011
3479	1.1227e-010
3480	1.3295e-010
3481	9.1364e-011
3482	1.3474e-010
3483	8.6344e-011
3484	1.1708e-010
3485	1.0145e-010
3486	8.6233e-011
3487	1.0327e-010
3488	7.6606e-011
3489	1.0276e-010
3490	7.2698e-011
3491	9.512e-011
3492	7.3688e-011
3493	8.3649e-011
3494	8.135e-011
3495	6.9637e-011
3496	9.9869e-011
3497	6.6065e-011
3498	9.9296e-011
3499	6.2504e-011
3500	7.2087e-011
3501	7.4456e-011
3502	6.0845e-011
3503	8.7308e-011
3504	1.0616e-010
3505	1.4012e-010
3506	2.6127e-010
3507	6.9213e-010
3508	7.3514e-010
3509	8.6956e-010
3510	1.0522e-009
3511	4.6992e-011
3512	4.5161e-011
3513	5.999e-011
3514	5.1669e-011
3515	5.7193e-011
3516	5.0792e-011
3517	5.2724e-011
3518	5.684e-011
3519	5.2557e-011
3520	5.8668e-011
3521	5.8646e-011
3522	5.7264e-011
3523	6.3929e-011
3524	5.9021e-011
3525	6.601e-011
3526	6.3904e-011
3527	6.668e-011
3528	6.8383e-011
3529	6.837e-011
3530	7.2347e-011
3531	7.0879e-011
3532	7.5756e-011
3533	7.4236e-011
3534	7.883e-011
3535	7.8602e-011
3536	8.1208e-011
3537	8.3855e-011
3538	8.2951e-011
3539	8.9218e-011
3540	8.5997e-011
3541	9.2377e-011
3542	9.2939e-011
3543	9.2882e-011
3544	9.8523e-011
3545	9.8683e-011
3546	1.0009e-010
3547	1.0482e-010
3548	1.0683e-010
3549	1.0566e-010
3550	1.1186e-010
3551	1.1383e-010
3552	1.1619e-010
3553	1.1665e-010
3554	1.2112e-010
3555	1.2409e-010
3556	1.2698e-010
3557	1.2933e-010
3558	1.3203e-010
3559	1.3519e-010
3560	1.3762e-010
3561	1.4162e-010
3562	1.4482e-010
3563	1.4796e-010
3564	1.5135e-010
3565	1.5471e-010
3566	1.5884e-010
3567	1.6032e-010
3568	1.6551e-010
3569	1.6887e-010
3570	1.7296e-010
3571	1.7858e-010
3572	1.832e-010
3573	1.8345e-010
3574	1.8494e-010
3575	1.9896e-010
3576	2.0002e-010
3577	1.852e-010
3578	1.8353e-010
3579	1.8549e-010
3580	1.819e-010
3581	1.7576e-010
3582	1.7165e-010
3583	1.6903e-010
3584	1.6071e-010
3585	1.6307e-010
3586	1.5798e-010
3587	1.5469e-010
3588	1.5167e-010
3589	1.4901e-010
3590	1.4635e-010
3591	1.3937e-010
3592	1.4057e-010
3593	1.3737e-010
3594	1.355e-010
3595	1.3628e-010
3596	1.3502e-010
3597	1.3329e-010
3598	1.1677e-010
3599	1.3046e-010
3600	1.3028e-010
3601	1.3614e-010
3602	1.0818e-010
3603	1.2894e-010
3604	1.2749e-010
3605	1.0464e-010
3606	1.0208e-010
3607	1.2929e-010
3608	9.3308e-011
3609	1.1227e-010
3610	1.3295e-010
3611	9.1364e-011
3612	1.3475e-010
3613	8.6347e-011
3614	1.1708e-010
3615	1.0146e-010
3616	8.6237e-011
3617	1.0327e-010
3618	7.6607e-011
3619	1.0275e-010
3620	7.2698e-011
3621	9.5124e-011
3622	7.3692e-011
3623	8.3654e-011
3624	8.1352e-011
3625	6.964e-011
3626	9.9873e-011
3627	6.6067e-011
3628	9.9297e-011
3629	6.2495e-011
3630	7.209e-011
3631	7.4458e-011
3632	6.0846e-011
3633	8.731e-011
3634	1.0616e-010
3635	1.4011e-010
3636	2.6128e-010
3637	6.9212e-010
3638	7.3515e-010
3639	8.6956e-010
3640	1.0523e-009
3641	3.2265e-011
3642	3.9737e-011
3643	5.5763e-011
3644	5.9804e-011
3645	6.3577e-011
3646	5.9021e-011
3647	6.0266e-011
3648	6.2386e-011
3649	6.4014e-011
3650	6.463e-011
3651	6.598e-011
3652	6.7978e-011
3653	6.9022e-011
3654	7.1853e-011
3655	7.2097e-011
3656	7.4134e-011
3657	7.5573e-011
3658	7.7228e-011
3659	7.9351e-011
3660	8.0401e-011
3661	8.3213e-011
3662	8.3849e-011
3663	8.7029e-011
3664	8.7939e-011
3665	9.0856e-011
3666	9.2467e-011
3667	9.4083e-011
3668	9.766e-011
3669	9.7635e-011
3670	1.0278e-010
3671	1.0245e-010
3672	1.053e-010
3673	1.0902e-010
3674	1.0939e-010
3675	1.1308e-010
3676	1.1637e-010
3677	1.1737e-010
3678	1.2017e-010
3679	1.2526e-010
3680	1.256e-010
3681	1.285e-010
3682	1.3164e-010
3683	1.3602e-010
3684	1.3781e-010
3685	1.4079e-010
3686	1.4385e-010
3687	1.473e-010
3688	1.5068e-010
3689	1.5409e-010
3690	1.5827e-010
3691	1.6138e-010
3692	1.6496e-010
3693	1.6869e-010
3694	1.7242e-010
3695	1.7649e-010
3696	1.7987e-010
3697	1.8564e-010
3698	1.8842e-010
3699	1.9324e-010
3700	1.9751e-010
3701	2.0093e-010
3702	2.0519e-010
3703	2.1261e-010
3704	2.2043e-010
3705	2.1876e-010
3706	2.1844e-010
3707	2.2145e-010
3708	2.1474e-010
3709	2.0653e-010
3710	2.0238e-010
3711	1.9998e-010
3712	1.9617e-010
3713	1.9136e-010
3714	1.9111e-010
3715	1.823e-010
3716	1.7966e-010
3717	1.7592e-010
3718	1.7217e-010
3719	1.6862e-010
3720	1.6517e-010
3721	1.6538e-010
3722	1.5982e-010
3723	1.5776e-010
3724	1.541e-010
3725	1.4872e-010
3726	1.4753e-010
3727	1.4601e-010
3728	1.5859e-010
3729	1.4095e-010
3730	1.3574e-010
3731	1.3646e-010
3732	1.6058e-010
3733	1.3365e-010
3734	1.202e-010
3735	1.3423e-010
3736	1.2683e-010
3737	1.1294e-010
3738	1.3684e-010
3739	1.182e-010
3740	1.1694e-010
3741	1.5071e-010
3742	1.0591e-010
3743	1.2922e-010
3744	1.1155e-010
3745	1.1024e-010
3746	1.0951e-010
3747	9.673e-011
3748	1.0838e-010
3749	9.186e-011
3750	1.0336e-010
3751	8.9065e-011
3752	9.4613e-011
3753	8.7821e-011
3754	8.7082e-011
3755	8.6759e-011
3756	8.5739e-011
3757	1.0185e-010
3758	7.922e-011
3759	7.9533e-011
3760	6.6864e-011
3761	6.8359e-011
3762	6.9905e-011
3763	7.9208e-011
3764	1.1594e-010
3765	1.4343e-010
3766	2.8764e-010
3767	7.0735e-010
3768	7.8852e-010
3769	8.2966e-010
3770	1.1279e-009
3771	4.6989e-011
3772	4.5151e-011
3773	5.9984e-011
3774	5.1671e-011
3775	5.72e-011
3776	5.0809e-011
3777	5.2725e-011
3778	5.6806e-011
3779	5.2507e-011
3780	5.8634e-011
3781	5.8627e-011
3782	5.7266e-011
3783	6.3923e-011
3784	5.8984e-011
3785	6.5947e-011
3786	6.3841e-011
3787	6.6605e-011
3788	6.8309e-011
3789	6.8303e-011
3790	7.2298e-011
3791	7.0873e-011
3792	7.5795e-011
3793	7.4262e-011
3794	7.8799e-011
3795	7.8549e-011
3796	8.1149e-011
3797	8.3834e-011
3798	8.2992e-011
3799	8.9215e-011
3800	8.594e-011
3801	9.2358e-011
3802	9.2964e-011
3803	9.2901e-011
3804	9.8501e-011
3805	9.8596e-011
3806	9.9945e-011
3807	1.0475e-010
3808	1.0688e-010
3809	1.0569e-010
3810	1.118e-010
3811	1.1378e-010
3812	1.1615e-010
3813	1.1658e-010
3814	1.2114e-010
3815	1.2408e-010
3816	1.2691e-010
3817	1.2922e-010
3818	1.32e-010
3819	1.3513e-010
3820	1.3753e-010
3821	1.4148e-010
3822	1.446e-010
3823	1.4776e-010
3824	1.5118e-010
3825	1.5467e-010
3826	1.5896e-010
3827	1.6019e-010
3828	1.655e-010
3829	1.688e-010
3830	1.73e-010
3831	1.7872e-010
3832	1.8325e-010
3833	1.8359e-010
3834	1.849e-010
3835	1.9901e-010
3836	1.9989e-010
3837	1.8508e-010
3838	1.8346e-010
3839	1.8551e-010
3840	1.8193e-010
3841	1.7567e-010
3842	1.7166e-010
3843	1.6894e-010
3844	1.6064e-010
3845	1.6303e-010
3846	1.5797e-010
3847	1.5469e-010
3848	1.5167e-010
3849	1.4903e-010
3850	1.463e-010
3851	1.3934e-010
3852	1.4064e-010
3853	1.3743e-010
3854	1.3553e-010
3855	1.3638e-010
3856	1.3502e-010
3857	1.3455e-010
3858	1.1516e-010
3859	1.3175e-010
3860	1.3026e-010
3861	1.3622e-010
3862	1.0803e-010
3863	1.2901e-010
3864	1.2756e-010
3865	1.0469e-010
3866	1.0215e-010
3867	1.2935e-010
3868	9.336e-011
3869	1.1234e-010
3870	1.33e-010
3871	9.1415e-011
3872	1.348e-010
3873	8.6391e-011
3874	1.1715e-010
3875	1.0149e-010
3876	8.629e-011
3877	1.0335e-010
3878	7.6675e-011
3879	1.0277e-010
3880	7.2697e-011
3881	9.5116e-011
3882	7.3688e-011
3883	8.3671e-011
3884	8.1372e-011
3885	6.9658e-011
3886	9.99e-011
3887	6.6092e-011
3888	9.935e-011
3889	6.2554e-011
3890	7.2168e-011
3891	7.4514e-011
3892	6.0922e-011
3893	8.7324e-011
3894	1.0618e-010
3895	1.4014e-010
3896	2.6129e-010
3897	6.9213e-010
3898	7.3515e-010
3899	8.6958e-010
3900	1.0523e-009
3901	4.6975e-011
3902	4.5125e-011
3903	5.9919e-011
3904	5.16e-011
3905	5.7144e-011
3906	5.076e-011
3907	5.2681e-011
3908	5.6752e-011
3909	5.2437e-011
3910	5.8567e-011
3911	5.859e-011
3912	5.7254e-011
3913	6.3884e-011
3914	5.8951e-011
3915	6.5899e-011
3916	6.376e-011
3917	6.6523e-011
3918	6.8223e-011
3919	6.8215e-011
3920	7.2235e-011
3921	7.083e-011
3922	7.5828e-011
3923	7.4309e-011
3924	7.8799e-011
3925	7.8509e-011
3926	8.1079e-011
3927	8.3767e-011
3928	8.2926e-011
3929	8.9124e-011
3930	8.5842e-011
3931	9.2283e-011
3932	9.2897e-011
3933	9.2841e-011
3934	9.8428e-011
3935	9.8487e-011
3936	9.9808e-011
3937	1.0467e-010
3938	1.0686e-010
3939	1.0564e-010
3940	1.1173e-010
3941	1.1371e-010
3942	1.1609e-010
3943	1.1651e-010
3944	1.2107e-010
3945	1.2403e-010
3946	1.2684e-010
3947	1.2913e-010
3948	1.3191e-010
3949	1.3504e-010
3950	1.3739e-010
3951	1.4132e-010
3952	1.4439e-010
3953	1.4762e-010
3954	1.5104e-010
3955	1.5456e-010
3956	1.5887e-010
3957	1.6015e-010
3958	1.6547e-010
3959	1.6883e-010
3960	1.73e-010
3961	1.7871e-010
3962	1.8326e-010
3963	1.8362e-010
3964	1.8477e-010
3965	1.9894e-010
3966	1.9984e-010
3967	1.8504e-010
3968	1.8343e-010
3969	1.8546e-010
3970	1.8191e-010
3971	1.7562e-010
3972	1.7162e-010
3973	1.6891e-010
3974	1.6062e-010
3975	1.6301e-010
3976	1.5793e-010
3977	1.5471e-010
3978	1.5168e-010
3979	1.4903e-010
3980	1.4634e-010
3981	1.3937e-010
3982	1.4068e-010
3983	1.3744e-010
3984	1.3555e-010
3985	1.3642e-010
3986	1.3502e-010
3987	1.3479e-010
3988	1.151e-010
3989	1.3195e-010
3990	1.3027e-010
3991	1.3633e-010
3992	1.0811e-010
3993	1.2909e-010
3994	1.2763e-010
3995	1.0474e-010
3996	1.0219e-010
3997	1.2943e-010
3998	9.3426e-011
3999	1.1242e-010
4000	1.3308e-010
4001	9.1474e-011
4002	1.3489e-010
4003	8.6479e-011
4004	1.172e-010
4005	1.0154e-010
4006	8.6302e-011
4007	1.0336e-010
4008	7.6704e-011
4009	1.0283e-010
4010	7.2703e-011
4011	9.5117e-011
4012	7.3751e-011
4013	8.3715e-011
4014	8.1423e-011
4015	6.9706e-011
4016	9.993e-011
4017	6.6116e-011
4018	9.9382e-011
4019	6.2605e-011
4020	7.2221e-011
4021	7.4563e-011
4022	6.096e-011
4023	8.7376e-011
4024	1.0621e-010
4025	1.4018e-010
4026	2.6125e-010
4027	6.922e-010
4028	7.3517e-010
4029	8.6954e-010
4030	1.0524e-009
4031	3.2251e-011
4032	3.9674e-011
4033	5.5632e-011
4034	5.9626e-011
4035	6.3465e-011
4036	5.8936e-011
4037	6.0163e-011
4038	6.225e-011
4039	6.3816e-011
4040	6.4453e-011
4041	6.5814e-011
4042	6.7856e-011
4043	6.8889e-011
4044	7.171e-011
4045	7.1921e-011
4046	7.3947e-011
4047	7.54e-011
4048	7.7042e-011
4049	7.9162e-011
4050	8.0319e-011
4051	8.3249e-011
4052	8.396e-011
4053	8.717e-011
4054	8.7921e-011
4055	9.0664e-011
4056	9.2259e-011
4057	9.3873e-011
4058	9.7535e-011
4059	9.7472e-011
4060	1.0256e-010
4061	1.0227e-010
4062	1.0522e-010
4063	1.0891e-010
4064	1.0923e-010
4065	1.1284e-010
4066	1.1599e-010
4067	1.1708e-010
4068	1.2008e-010
4069	1.2508e-010
4070	1.2538e-010
4071	1.2832e-010
4072	1.3141e-010
4073	1.3594e-010
4074	1.3772e-010
4075	1.4071e-010
4076	1.4383e-010
4077	1.4722e-010
4078	1.505e-010
4079	1.5389e-010
4080	1.5792e-010
4081	1.6082e-010
4082	1.644e-010
4083	1.6816e-010
4084	1.7201e-010
4085	1.7603e-010
4086	1.7965e-010
4087	1.8557e-010
4088	1.8844e-010
4089	1.9323e-010
4090	1.9752e-010
4091	2.0101e-010
4092	2.0508e-010
4093	2.1257e-010
4094	2.2035e-010
4095	2.1848e-010
4096	2.1833e-010
4097	2.2132e-010
4098	2.1478e-010
4099	2.0645e-010
4100	2.0229e-010
4101	1.9987e-010
4102	1.9597e-010
4103	1.9123e-010
4104	1.9097e-010
4105	1.8207e-010
4106	1.7959e-010
4107	1.7581e-010
4108	1.7216e-010
4109	1.6861e-010
4110	1.6512e-010
4111	1.6541e-010
4112	1.5991e-010
4113	1.5789e-010
4114	1.5419e-010
4115	1.4883e-010
4116	1.476e-010
4117	1.4647e-010
4118	1.5806e-010
4119	1.4139e-010
4120	1.3576e-010
4121	1.3679e-010
4122	1.6062e-010
4123	1.3384e-010
4124	1.203e-010
4125	1.344e-010
4126	1.2698e-010
4127	1.1312e-010
4128	1.371e-010
4129	1.1844e-010
4130	1.1716e-010
4131	1.5086e-010
4132	1.0611e-010
4133	1.2951e-010
4134	1.1174e-010
4135	1.1039e-010
4136	1.0961e-010
4137	9.6855e-011
4138	1.0854e-010
4139	9.1935e-011
4140	1.034e-010
4141	8.9085e-011
4142	9.4704e-011
4143	8.7918e-011
4144	8.7217e-011
4145	8.6863e-011
4146	8.5812e-011
4147	1.0192e-010
4148	7.9294e-011
4149	7.966e-011
4150	6.7006e-011
4151	6.8484e-011
4152	7.0047e-011
4153	7.9326e-011
4154	1.1609e-010
4155	1.4355e-010
4156	2.8772e-010
4157	7.0735e-010
4158	7.8858e-010
4159	8.2975e-010
4160	1.1281e-009
4161	4.6972e-011
4162	4.5127e-011
4163	5.9919e-011
4164	5.16e-011
4165	5.7144e-011
4166	5.076e-011
4167	5.2681e-011
4168	5.6753e-011
4169	5.2436e-011
4170	5.8567e-011
4171	5.859e-011
4172	5.7255e-011
4173	6.3879e-011
4174	5.8951e-011
4175	6.5899e-011
4176	6.3759e-011
4177	6.6522e-011
4178	6.8222e-011
4179	6.8216e-011
4180	7.2234e-011
4181	7.0831e-011
4182	7.5822e-011
4183	7.4309e-011
4184	7.8798e-011
4185	7.8509e-011
4186	8.1079e-011
4187	8.3765e-011
4188	8.2925e-011
4189	8.9126e-011
4190	8.5842e-011
4191	9.2284e-011
4192	9.2896e-011
4193	9.2841e-011
4194	9.843e-011
4195	9.8476e-011
4196	9.9799e-011
4197	1.0466e-010
4198	1.0686e-010
4199	1.0563e-010
4200	1.1177e-010
4201	1.137e-010
4202	1.1609e-010
4203	1.1651e-010
4204	1.2107e-010
4205	1.2403e-010
4206	1.2684e-010
4207	1.2913e-010
4208	1.3191e-010
4209	1.3504e-010
4210	1.3739e-010
4211	1.4133e-010
4212	1.4439e-010
4213	1.4762e-010
4214	1.5104e-010
4215	1.5456e-010
4216	1.5887e-010
4217	1.6015e-010
4218	1.6547e-010
4219	1.6881e-010
4220	1.7301e-010
4221	1.7871e-010
4222	1.8326e-010
4223	1.8362e-010
4224	1.8477e-010
4225	1.9894e-010
4226	1.9985e-010
4227	1.8504e-010
4228	1.8343e-010
4229	1.8546e-010
4230	1.8191e-010
4231	1.7562e-010
4232	1.7162e-010
4233	1.6891e-010
4234	1.6061e-010
4235	1.6301e-010
4236	1.5793e-010
4237	1.5471e-010
4238	1.5168e-010
4239	1.4903e-010
4240	1.4634e-010
4241	1.3939e-010
4242	1.4067e-010
4243	1.3746e-010
4244	1.3557e-010
4245	1.3638e-010
4246	1.3512e-010
4247	1.3334e-010
4248	1.1662e-010
4249	1.3043e-010
4250	1.3035e-010
4251	1.363e-010
4252	1.081e-010
4253	1.2907e-010
4254	1.2762e-010
4255	1.0475e-010
4256	1.0219e-010
4257	1.2944e-010
4258	9.3425e-011
4259	1.1242e-010
4260	1.3308e-010
4261	9.1471e-011
4262	1.3489e-010
4263	8.6479e-011
4264	1.172e-010
4265	1.0155e-010
4266	8.6302e-011
4267	1.0336e-010
4268	7.6704e-011
4269	1.0283e-010
4270	7.2703e-011
4271	9.5117e-011
4272	7.3751e-011
4273	8.3715e-011
4274	8.1423e-011
4275	6.9706e-011
4276	9.9931e-011
4277	6.6117e-011
4278	9.9381e-011
4279	6.2605e-011
4280	7.222e-011
4281	7.4563e-011
4282	6.096e-011
4283	8.7377e-011
4284	1.0621e-010
4285	1.4018e-010
4286	2.6125e-010
4287	6.922e-010
4288	7.3518e-010
4289	8.6955e-010
4290	1.0524e-009
4291	4.6991e-011
4292	4.5153e-011
4293	5.9983e-011
4294	5.1667e-011
4295	5.7201e-011
4296	5.081e-011
4297	5.2726e-011
4298	5.6806e-011
4299	5.2502e-011
4300	5.8638e-011
4301	5.8629e-011
4302	5.7266e-011
4303	6.3916e-011
4304	5.8989e-011
4305	6.5947e-011
4306	6.3844e-011
4307	6.6597e-011
4308	6.8311e-011
4309	6.8306e-011
4310	7.2297e-011
4311	7.0874e-011
4312	7.5795e-011
4313	7.4261e-011
4314	7.8801e-011
4315	7.8539e-011
4316	8.1149e-011
4317	8.3837e-011
4318	8.2992e-011
4319	8.9215e-011
4320	8.5938e-011
4321	9.2355e-011
4322	9.2968e-011
4323	9.2907e-011
4324	9.8514e-011
4325	9.8591e-011
4326	9.9932e-011
4327	1.0475e-010
4328	1.0679e-010
4329	1.058e-010
4330	1.1171e-010
4331	1.1379e-010
4332	1.1618e-010
4333	1.1659e-010
4334	1.2114e-010
4335	1.2409e-010
4336	1.269e-010
4337	1.2921e-010
4338	1.3199e-010
4339	1.3514e-010
4340	1.3753e-010
4341	1.4148e-010
4342	1.446e-010
4343	1.4776e-010
4344	1.5119e-010
4345	1.5465e-010
4346	1.5898e-010
4347	1.6017e-010
4348	1.6548e-010
4349	1.688e-010
4350	1.7301e-010
4351	1.7875e-010
4352	1.8324e-010
4353	1.8359e-010
4354	1.8491e-010
4355	1.9901e-010
4356	1.9989e-010
4357	1.851e-010
4358	1.8348e-010
4359	1.855e-010
4360	1.8193e-010
4361	1.7568e-010
4362	1.7167e-010
4363	1.6895e-010
4364	1.6064e-010
4365	1.6303e-010
4366	1.5797e-010
4367	1.5469e-010
4368	1.5168e-010
4369	1.4902e-010
4370	1.4629e-010
4371	1.3935e-010
4372	1.4065e-010
4373	1.3744e-010
4374	1.3552e-010
4375	1.3635e-010
4376	1.3493e-010
4377	1.3353e-010
4378	1.1661e-010
4379	1.3068e-010
4380	1.3019e-010
4381	1.362e-010
4382	1.0807e-010
4383	1.2901e-010
4384	1.2759e-010
4385	1.0468e-010
4386	1.0215e-010
4387	1.2934e-010
4388	9.3364e-011
4389	1.1235e-010
4390	1.33e-010
4391	9.1414e-011
4392	1.3481e-010
4393	8.6396e-011
4394	1.1713e-010
4395	1.0149e-010
4396	8.6289e-011
4397	1.0335e-010
4398	7.6675e-011
4399	1.0277e-010
4400	7.2694e-011
4401	9.5108e-011
4402	7.369e-011
4403	8.3672e-011
4404	8.1373e-011
4405	6.9659e-011
4406	9.9906e-011
4407	6.6091e-011
4408	9.9352e-011
4409	6.2557e-011
4410	7.2163e-011
4411	7.4515e-011
4412	6.0922e-011
4413	8.7325e-011
4414	1.0618e-010
4415	1.4014e-010
4416	2.6129e-010
4417	6.9213e-010
4418	7.3515e-010
4419	8.6959e-010
4420	1.0523e-009
4421	3.2262e-011
4422	3.9745e-011
4423	5.5761e-011
4424	5.9798e-011
4425	6.3579e-011
4426	5.902e-011
4427	6.0271e-011
4428	6.2382e-011
4429	6.4011e-011
4430	6.4632e-011
4431	6.5967e-011
4432	6.7974e-011
4433	6.9016e-011
4434	7.1859e-011
4435	7.2092e-011
4436	7.4138e-011
4437	7.5582e-011
4438	7.7224e-011
4439	7.9356e-011
4440	8.0411e-011
4441	8.3209e-011
4442	8.3847e-011
4443	8.7051e-011
4444	8.7929e-011
4445	9.0856e-011
4446	9.2483e-011
4447	9.4075e-011
4448	9.7653e-011
4449	9.764e-011
4450	1.0278e-010
4451	1.0246e-010
4452	1.0531e-010
4453	1.09e-010
4454	1.094e-010
4455	1.131e-010
4456	1.1636e-010
4457	1.1733e-010
4458	1.2027e-010
4459	1.2496e-010
4460	1.257e-010
4461	1.2847e-010
4462	1.3163e-010
4463	1.3604e-010
4464	1.3783e-010
4465	1.408e-010
4466	1.4387e-010
4467	1.4733e-010
4468	1.5067e-010
4469	1.5409e-010
4470	1.5829e-010
4471	1.6138e-010
4472	1.6496e-010
4473	1.6868e-010
4474	1.7245e-010
4475	1.7649e-010
4476	1.7988e-010
4477	1.8565e-010
4478	1.884e-010
4479	1.9324e-010
4480	1.9753e-010
4481	2.0096e-010
4482	2.052e-010
4483	2.1261e-010
4484	2.2045e-010
4485	2.1875e-010
4486	2.1846e-010
4487	2.2148e-010
4488	2.1478e-010
4489	2.0651e-010
4490	2.0237e-010
4491	1.9996e-010
4492	1.9615e-010
4493	1.9136e-010
4494	1.9111e-010
4495	1.823e-010
4496	1.7963e-010
4497	1.7592e-010
4498	1.7219e-010
4499	1.6861e-010
4500	1.6517e-010
4501	1.6543e-010
4502	1.598e-010
4503	1.5778e-010
4504	1.5409e-010
4505	1.4875e-010
4506	1.4758e-010
4507	1.4674e-010
4508	1.6015e-010
4509	1.4175e-010
4510	1.358e-010
4511	1.3659e-010
4512	1.6045e-010
4513	1.3373e-010
4514	1.2018e-010
4515	1.3424e-010
4516	1.2683e-010
4517	1.1295e-010
4518	1.3682e-010
4519	1.182e-010
4520	1.1696e-010
4521	1.5071e-010
4522	1.0592e-010
4523	1.2925e-010
4524	1.1154e-010
4525	1.1024e-010
4526	1.095e-010
4527	9.6726e-011
4528	1.0838e-010
4529	9.1853e-011
4530	1.0337e-010
4531	8.9066e-011
4532	9.4627e-011
4533	8.7823e-011
4534	8.7074e-011
4535	8.6761e-011
4536	8.5755e-011
4537	1.0184e-010
4538	7.9218e-011
4539	7.9546e-011
4540	6.6864e-011
4541	6.8352e-011
4542	6.9898e-011
4543	7.9212e-011
4544	1.1595e-010
4545	1.4342e-010
4546	2.8768e-010
4547	7.0734e-010
4548	7.8851e-010
4549	8.2961e-010
4550	1.1279e-009
4551	4.6994e-011
4552	4.5157e-011
4553	5.9986e-011
4554	5.1671e-011
4555	5.7197e-011
4556	5.0799e-011
4557	5.2727e-011
4558	5.6836e-011
4559	5.2549e-011
4560	5.8677e-011
4561	5.8638e-011
4562	5.7268e-011
4563	6.3935e-011
4564	5.9021e-011
4565	6.6004e-011
4566	6.3908e-011
4567	6.668e-011
4568	6.8384e-011
4569	6.837e-011
4570	7.2351e-011
4571	7.088e-011
4572	7.5755e-011
4573	7.4239e-011
4574	7.8829e-011
4575	7.861e-011
4576	8.1208e-011
4577	8.3839e-011
4578	8.2956e-011
4579	8.9207e-011
4580	8.6003e-011
4581	9.2382e-011
4582	9.2935e-011
4583	9.2875e-011
4584	9.852e-011
4585	9.8692e-011
4586	1.0008e-010
4587	1.0484e-010
4588	1.0665e-010
4589	1.0591e-010
4590	1.1164e-010
4591	1.1384e-010
4592	1.1618e-010
4593	1.1664e-010
4594	1.2113e-010
4595	1.2408e-010
4596	1.2699e-010
4597	1.2934e-010
4598	1.3204e-010
4599	1.3521e-010
4600	1.3763e-010
4601	1.4162e-010
4602	1.4482e-010
4603	1.4796e-010
4604	1.5136e-010
4605	1.5471e-010
4606	1.5883e-010
4607	1.603e-010
4608	1.6553e-010
4609	1.6887e-010
4610	1.7294e-010
4611	1.786e-010
4612	1.8321e-010
4613	1.8344e-010
4614	1.8491e-010
4615	1.9896e-010
4616	2.0002e-010
4617	1.852e-010
4618	1.8353e-010
4619	1.8551e-010
4620	1.8189e-010
4621	1.7573e-010
4622	1.7163e-010
4623	1.6904e-010
4624	1.6072e-010
4625	1.6307e-010
4626	1.5798e-010
4627	1.5469e-010
4628	1.517e-010
4629	1.49e-010
4630	1.4633e-010
4631	1.3936e-010
4632	1.406e-010
4633	1.3737e-010
4634	1.355e-010
4635	1.3633e-010
4636	1.3505e-010
4637	1.3642e-010
4638	1.1647e-010
4639	1.3371e-010
4640	1.3037e-010
4641	1.362e-010
4642	1.08e-010
4643	1.2896e-010
4644	1.2752e-010
4645	1.0463e-010
4646	1.0207e-010
4647	1.2929e-010
4648	9.3298e-011
4649	1.1228e-010
4650	1.3294e-010
4651	9.1366e-011
4652	1.3475e-010
4653	8.6346e-011
4654	1.1708e-010
4655	1.0146e-010
4656	8.6222e-011
4657	1.0327e-010
4658	7.6605e-011
4659	1.0274e-010
4660	7.2696e-011
4661	9.512e-011
4662	7.3699e-011
4663	8.3662e-011
4664	8.1356e-011
4665	6.9644e-011
4666	9.9866e-011
4667	6.6061e-011
4668	9.9299e-011
4669	6.2499e-011
4670	7.2086e-011
4671	7.4464e-011
4672	6.0845e-011
4673	8.7308e-011
4674	1.0616e-010
4675	1.4011e-010
4676	2.6127e-010
4677	6.9211e-010
4678	7.3515e-010
4679	8.6953e-010
4680	1.0522e-009
4681	4.1443e-011
4682	4.4701e-011
4683	4.7625e-011
4684	4.8906e-011
4685	5.5478e-011
4686	5.3075e-011
4687	5.3835e-011
4688	5.6071e-011
4689	5.7904e-011
4690	5.8095e-011
4691	5.9318e-011
4692	6.1112e-011
4693	6.2244e-011
4694	6.4878e-011
4695	6.5057e-011
4696	6.6646e-011
4697	6.7977e-011
4698	6.9653e-011
4699	7.1405e-011
4700	7.2691e-011
4701	7.4979e-011
4702	7.5821e-011
4703	7.8443e-011
4704	7.9442e-011
4705	8.1904e-011
4706	8.3427e-011
4707	8.4945e-011
4708	8.813e-011
4709	8.8537e-011
4710	9.2662e-011
4711	9.2732e-011
4712	9.5115e-011
4713	9.8494e-011
4714	9.9054e-011
4715	1.0217e-010
4716	1.0513e-010
4717	1.0601e-010
4718	1.0886e-010
4719	1.1277e-010
4720	1.1384e-010
4721	1.1587e-010
4722	1.1933e-010
4723	1.2267e-010
4724	1.2505e-010
4725	1.2725e-010
4726	1.2985e-010
4727	1.3322e-010
4728	1.3638e-010
4729	1.3947e-010
4730	1.4283e-010
4731	1.4585e-010
4732	1.4901e-010
4733	1.5232e-010
4734	1.558e-010
4735	1.5916e-010
4736	1.6305e-010
4737	1.6702e-010
4738	1.7096e-010
4739	1.7465e-010
4740	1.7829e-010
4741	1.811e-010
4742	1.8606e-010
4743	1.9231e-010
4744	1.9719e-010
4745	1.9839e-010
4746	1.9871e-010
4747	1.9802e-010
4748	1.9405e-010
4749	1.8744e-010
4750	1.8184e-010
4751	1.8007e-010
4752	1.7718e-010
4753	1.7389e-010
4754	1.7009e-010
4755	1.6577e-010
4756	1.6148e-010
4757	1.5823e-010
4758	1.5496e-010
4759	1.5185e-010
4760	1.4943e-010
4761	1.4715e-010
4762	1.4457e-010
4763	1.4275e-010
4764	1.3916e-010
4765	1.3195e-010
4766	1.3256e-010
4767	1.3726e-010
4768	1.4079e-010
4769	1.3317e-010
4770	1.1879e-010
4771	1.2651e-010
4772	1.4121e-010
4773	1.2065e-010
4774	1.1649e-010
4775	1.298e-010
4776	1.0881e-010
4777	1.0632e-010
4778	1.2329e-010
4779	1.0126e-010
4780	1.0717e-010
4781	1.3826e-010
4782	1.0428e-010
4783	1.1499e-010
4784	9.3971e-011
4785	8.8149e-011
4786	9.1721e-011
4787	8.4202e-011
4788	9.2425e-011
4789	8.2449e-011
4790	8.7996e-011
4791	7.8476e-011
4792	7.7407e-011
4793	7.3651e-011
4794	7.0727e-011
4795	7.0574e-011
4796	8.0307e-011
4797	9.6792e-011
4798	7.8507e-011
4799	6.8101e-011
4800	6.0777e-011
4801	6.6534e-011
4802	7.1724e-011
4803	6.7992e-011
4804	8.4837e-011
4805	8.4795e-011
4806	1.9743e-010
4807	3.7955e-010
4808	3.0432e-010
4809	5.6606e-010
4810	5.5593e-010
4811	6.4552e-011
4812	6.6635e-011
4813	6.806e-011
4814	6.524e-011
4815	6.2964e-011
4816	6.5451e-011
4817	6.6889e-011
4818	6.8738e-011
4819	6.9625e-011
4820	7.2147e-011
4821	7.3341e-011
4822	7.4468e-011
4823	7.7228e-011
4824	7.7865e-011
4825	8.0614e-011
4826	8.163e-011
4827	8.3643e-011
4828	8.5465e-011
4829	8.7226e-011
4830	8.9591e-011
4831	9.0991e-011
4832	9.3706e-011
4833	9.504e-011
4834	9.799e-011
4835	9.9701e-011
4836	1.0211e-010
4837	1.0484e-010
4838	1.0625e-010
4839	1.1009e-010
4840	1.1098e-010
4841	1.1478e-010
4842	1.1688e-010
4843	1.1872e-010
4844	1.2266e-010
4845	1.2469e-010
4846	1.2718e-010
4847	1.3108e-010
4848	1.3355e-010
4849	1.3566e-010
4850	1.3957e-010
4851	1.4307e-010
4852	1.4569e-010
4853	1.4857e-010
4854	1.5223e-010
4855	1.5624e-010
4856	1.5976e-010
4857	1.63e-010
4858	1.665e-010
4859	1.7023e-010
4860	1.741e-010
4861	1.7822e-010
4862	1.8233e-010
4863	1.8643e-010
4864	1.9061e-010
4865	1.9502e-010
4866	1.9907e-010
4867	2.0359e-010
4868	2.081e-010
4869	2.1322e-010
4870	2.1819e-010
4871	2.2398e-010
4872	2.2872e-010
4873	2.3259e-010
4874	2.3852e-010
4875	2.4577e-010
4876	2.46e-010
4877	2.3919e-010
4878	2.3391e-010
4879	2.3099e-010
4880	2.2699e-010
4881	2.2164e-010
4882	2.1688e-010
4883	2.1121e-010
4884	2.0698e-010
4885	2.0264e-010
4886	1.9925e-010
4887	1.9506e-010
4888	1.9116e-010
4889	1.8738e-010
4890	1.8254e-010
4891	1.7882e-010
4892	1.7551e-010
4893	1.7385e-010
4894	1.7128e-010
4895	1.6904e-010
4896	1.6841e-010
4897	1.6428e-010
4898	1.5966e-010
4899	1.6114e-010
4900	1.5922e-010
4901	1.5883e-010
4902	1.5168e-010
4903	1.5279e-010
4904	1.5929e-010
4905	1.3742e-010
4906	1.3324e-010
4907	1.4567e-010
4908	1.3102e-010
4909	1.3054e-010
4910	1.4377e-010
4911	1.3906e-010
4912	1.4454e-010
4913	1.2069e-010
4914	1.2643e-010
4915	1.1216e-010
4916	1.062e-010
4917	1.1236e-010
4918	1.0431e-010
4919	1.1015e-010
4920	1.0054e-010
4921	1.0229e-010
4922	9.3647e-011
4923	9.3348e-011
4924	9.0323e-011
4925	8.7704e-011
4926	1.0291e-010
4927	1.0305e-010
4928	1.0135e-010
4929	8.0856e-011
4930	8.1935e-011
4931	8.4147e-011
4932	8.2358e-011
4933	1.0012e-010
4934	8.8419e-011
4935	9.7485e-011
4936	2.3903e-010
4937	3.5604e-010
4938	2.6769e-010
4939	6.8549e-010
4940	4.8554e-010
4941	4.143e-011
4942	4.4693e-011
4943	4.7638e-011
4944	4.8915e-011
4945	5.5482e-011
4946	5.3087e-011
4947	5.3857e-011
4948	5.6073e-011
4949	5.789e-011
4950	5.8091e-011
4951	5.9323e-011
4952	6.1124e-011
4953	6.2244e-011
4954	6.4869e-011
4955	6.5048e-011
4956	6.6638e-011
4957	6.7964e-011
4958	6.9638e-011
4959	7.1388e-011
4960	7.2674e-011
4961	7.4968e-011
4962	7.5849e-011
4963	7.8449e-011
4964	7.9431e-011
4965	8.1877e-011
4966	8.3401e-011
4967	8.492e-011
4968	8.8117e-011
4969	8.8511e-011
4970	9.2637e-011
4971	9.2717e-011
4972	9.5126e-011
4973	9.8514e-011
4974	9.9078e-011
4975	1.0217e-010
4976	1.051e-010
4977	1.06e-010
4978	1.0898e-010
4979	1.1269e-010
4980	1.1394e-010
4981	1.1583e-010
4982	1.1934e-010
4983	1.2266e-010
4984	1.2504e-010
4985	1.2723e-010
4986	1.2984e-010
4987	1.3318e-010
4988	1.3634e-010
4989	1.3942e-010
4990	1.4279e-010
4991	1.4585e-010
4992	1.4902e-010
4993	1.5233e-010
4994	1.5581e-010
4995	1.5917e-010
4996	1.6309e-010
4997	1.6699e-010
4998	1.7087e-010
4999	1.7467e-010
5000	1.7824e-010
5001	1.8116e-010
5002	1.8609e-010
5003	1.9237e-010
5004	1.9715e-010
5005	1.9845e-010
5006	1.9868e-010
5007	1.98e-010
5008	1.9403e-010
5009	1.8739e-010
5010	1.8186e-010
5011	1.8008e-010
5012	1.7718e-010
5013	1.7386e-010
5014	1.7008e-010
5015	1.6573e-010
5016	1.6148e-010
5017	1.5824e-010
5018	1.5496e-010
5019	1.5175e-010
5020	1.4973e-010
5021	1.4681e-010
5022	1.4491e-010
5023	1.427e-010
5024	1.3918e-010
5025	1.3196e-010
5026	1.3255e-010
5027	1.3724e-010
5028	1.4078e-010
5029	1.3316e-010
5030	1.188e-010
5031	1.2653e-010
5032	1.4117e-010
5033	1.2068e-010
5034	1.1652e-010
5035	1.2984e-010
5036	1.0888e-010
5037	1.0634e-010
5038	1.2332e-010
5039	1.0128e-010
5040	1.0719e-010
5041	1.3831e-010
5042	1.0432e-010
5043	1.15e-010
5044	9.3988e-011
5045	8.8186e-011
5046	9.176e-011
5047	8.4242e-011
5048	9.2468e-011
5049	8.2474e-011
5050	8.8002e-011
5051	7.8511e-011
5052	7.7435e-011
5053	7.366e-011
5054	7.0732e-011
5055	7.0578e-011
5056	8.0323e-011
5057	9.6813e-011
5058	7.8529e-011
5059	6.8122e-011
5060	6.0779e-011
5061	6.6542e-011
5062	7.1708e-011
5063	6.7972e-011
5064	8.4835e-011
5065	8.4786e-011
5066	1.9742e-010
5067	3.7956e-010
5068	3.0434e-010
5069	5.6604e-010
5070	5.5598e-010
5071	4.1364e-011
5072	4.4612e-011
5073	4.7527e-011
5074	4.8803e-011
5075	5.5373e-011
5076	5.2983e-011
5077	5.3748e-011
5078	5.5961e-011
5079	5.7785e-011
5080	5.8033e-011
5081	5.9285e-011
5082	6.1094e-011
5083	6.2188e-011
5084	6.4745e-011
5085	6.4909e-011
5086	6.6514e-011
5087	6.7844e-011
5088	6.953e-011
5089	7.1278e-011
5090	7.2573e-011
5091	7.4892e-011
5092	7.5843e-011
5093	7.8451e-011
5094	7.9354e-011
5095	8.1752e-011
5096	8.3297e-011
5097	8.484e-011
5098	8.803e-011
5099	8.8416e-011
5100	9.2535e-011
5101	9.2675e-011
5102	9.5084e-011
5103	9.8425e-011
5104	9.8962e-011
5105	1.0204e-010
5106	1.0488e-010
5107	1.0587e-010
5108	1.0876e-010
5109	1.1284e-010
5110	1.1372e-010
5111	1.1573e-010
5112	1.1917e-010
5113	1.2247e-010
5114	1.248e-010
5115	1.2706e-010
5116	1.2971e-010
5117	1.3305e-010
5118	1.3619e-010
5119	1.3926e-010
5120	1.4258e-010
5121	1.456e-010
5122	1.4873e-010
5123	1.5212e-010
5124	1.556e-010
5125	1.5896e-010
5126	1.629e-010
5127	1.6693e-010
5128	1.708e-010
5129	1.7459e-010
5130	1.783e-010
5131	1.8112e-010
5132	1.8598e-010
5133	1.923e-010
5134	1.9705e-010
5135	1.9831e-010
5136	1.9863e-010
5137	1.9795e-010
5138	1.9403e-010
5139	1.873e-010
5140	1.8184e-010
5141	1.8007e-010
5142	1.7719e-010
5143	1.7386e-010
5144	1.7004e-010
5145	1.6573e-010
5146	1.6146e-010
5147	1.5822e-010
5148	1.5491e-010
5149	1.5177e-010
5150	1.4974e-010
5151	1.4685e-010
5152	1.4494e-010
5153	1.4273e-010
5154	1.3921e-010
5155	1.3202e-010
5156	1.3263e-010
5157	1.3732e-010
5158	1.4093e-010
5159	1.3324e-010
5160	1.1886e-010
5161	1.2659e-010
5162	1.413e-010
5163	1.2081e-010
5164	1.1666e-010
5165	1.2994e-010
5166	1.0895e-010
5167	1.0645e-010
5168	1.2346e-010
5169	1.014e-010
5170	1.0729e-010
5171	1.3846e-010
5172	1.0447e-010
5173	1.1519e-010
5174	9.412e-011
5175	8.8287e-011
5176	9.1851e-011
5177	8.4316e-011
5178	9.253e-011
5179	8.2546e-011
5180	8.8056e-011
5181	7.856e-011
5182	7.7481e-011
5183	7.3744e-011
5184	7.0804e-011
5185	7.0649e-011
5186	8.0372e-011
5187	9.6873e-011
5188	7.8582e-011
5189	6.8199e-011
5190	6.0871e-011
5191	6.6625e-011
5192	7.1793e-011
5193	6.8057e-011
5194	8.4924e-011
5195	8.4863e-011
5196	1.9749e-010
5197	3.7959e-010
5198	3.0439e-010
5199	5.661e-010
5200	5.5603e-010
5201	6.4443e-011
5202	6.6489e-011
5203	6.7884e-011
5204	6.5057e-011
5205	6.2789e-011
5206	6.5283e-011
5207	6.6734e-011
5208	6.8549e-011
5209	6.946e-011
5210	7.2019e-011
5211	7.3316e-011
5212	7.4474e-011
5213	7.7172e-011
5214	7.7731e-011
5215	8.0404e-011
5216	8.1422e-011
5217	8.3394e-011
5218	8.523e-011
5219	8.6993e-011
5220	8.9339e-011
5221	9.0808e-011
5222	9.3699e-011
5223	9.5045e-011
5224	9.7925e-011
5225	9.9563e-011
5226	1.0198e-010
5227	1.0471e-010
5228	1.0606e-010
5229	1.0988e-010
5230	1.1077e-010
5231	1.146e-010
5232	1.1675e-010
5233	1.1852e-010
5234	1.2246e-010
5235	1.2439e-010
5236	1.2682e-010
5237	1.3082e-010
5238	1.3351e-010
5239	1.3557e-010
5240	1.3951e-010
5241	1.4291e-010
5242	1.4545e-010
5243	1.4827e-010
5244	1.5187e-010
5245	1.5588e-010
5246	1.5944e-010
5247	1.6264e-010
5248	1.6619e-010
5249	1.6989e-010
5250	1.7378e-010
5251	1.7778e-010
5252	1.8181e-010
5253	1.8602e-010
5254	1.9033e-010
5255	1.9474e-010
5256	1.9887e-010
5257	2.0357e-010
5258	2.0787e-010
5259	2.1309e-010
5260	2.1834e-010
5261	2.2391e-010
5262	2.2863e-010
5263	2.3252e-010
5264	2.3829e-010
5265	2.4555e-010
5266	2.4581e-010
5267	2.3909e-010
5268	2.3377e-010
5269	2.3086e-010
5270	2.2688e-010
5271	2.2159e-010
5272	2.1688e-010
5273	2.112e-010
5274	2.0692e-010
5275	2.0259e-010
5276	1.9925e-010
5277	1.95e-010
5278	1.9112e-010
5279	1.8741e-010
5280	1.8261e-010
5281	1.7893e-010
5282	1.7561e-010
5283	1.7391e-010
5284	1.7133e-010
5285	1.6913e-010
5286	1.6856e-010
5287	1.6439e-010
5288	1.5988e-010
5289	1.6121e-010
5290	1.5934e-010
5291	1.59e-010
5292	1.5187e-010
5293	1.5304e-010
5294	1.5955e-010
5295	1.376e-010
5296	1.3342e-010
5297	1.4585e-010
5298	1.3122e-010
5299	1.3074e-010
5300	1.4396e-010
5301	1.3932e-010
5302	1.4483e-010
5303	1.2097e-010
5304	1.2664e-010
5305	1.1231e-010
5306	1.0632e-010
5307	1.1247e-010
5308	1.0444e-010
5309	1.1027e-010
5310	1.0064e-010
5311	1.024e-010
5312	9.376e-011
5313	9.3498e-011
5314	9.0453e-011
5315	8.7829e-011
5316	1.0302e-010
5317	1.0314e-010
5318	1.0146e-010
5319	8.0996e-011
5320	8.2096e-011
5321	8.4279e-011
5322	8.2511e-011
5323	1.0024e-010
5324	8.854e-011
5325	9.7596e-011
5326	2.3912e-010
5327	3.561e-010
5328	2.678e-010
5329	6.8557e-010
5330	4.8569e-010
5331	4.1363e-011
5332	4.4611e-011
5333	4.7526e-011
5334	4.8803e-011
5335	5.5371e-011
5336	5.2981e-011
5337	5.3747e-011
5338	5.596e-011
5339	5.7783e-011
5340	5.8029e-011
5341	5.9287e-011
5342	6.1092e-011
5343	6.2195e-011
5344	6.4742e-011
5345	6.4912e-011
5346	6.6511e-011
5347	6.7846e-011
5348	6.9528e-011
5349	7.1277e-011
5350	7.2573e-011
5351	7.4889e-011
5352	7.5838e-011
5353	7.8448e-011
5354	7.9351e-011
5355	8.1751e-011
5356	8.3305e-011
5357	8.4838e-011
5358	8.8028e-011
5359	8.8426e-011
5360	9.253e-011
5361	9.2671e-011
5362	9.508e-011
5363	9.8432e-011
5364	9.896e-011
5365	1.0204e-010
5366	1.049e-010
5367	1.0586e-010
5368	1.0879e-010
5369	1.1279e-010
5370	1.1378e-010
5371	1.1573e-010
5372	1.1916e-010
5373	1.2247e-010
5374	1.2481e-010
5375	1.2706e-010
5376	1.2972e-010
5377	1.3305e-010
5378	1.3619e-010
5379	1.3926e-010
5380	1.4257e-010
5381	1.4559e-010
5382	1.4873e-010
5383	1.5212e-010
5384	1.5561e-010
5385	1.5897e-010
5386	1.6289e-010
5387	1.6693e-010
5388	1.708e-010
5389	1.7458e-010
5390	1.7832e-010
5391	1.8112e-010
5392	1.8597e-010
5393	1.9231e-010
5394	1.9705e-010
5395	1.9831e-010
5396	1.9863e-010
5397	1.9793e-010
5398	1.9402e-010
5399	1.873e-010
5400	1.8184e-010
5401	1.8007e-010
5402	1.7719e-010
5403	1.7386e-010
5404	1.7004e-010
5405	1.6573e-010
5406	1.6146e-010
5407	1.5824e-010
5408	1.5489e-010
5409	1.518e-010
5410	1.4946e-010
5411	1.4716e-010
5412	1.4467e-010
5413	1.4278e-010
5414	1.3919e-010
5415	1.3202e-010
5416	1.3261e-010
5417	1.3732e-010
5418	1.4096e-010
5419	1.3324e-010
5420	1.1885e-010
5421	1.2659e-010
5422	1.4131e-010
5423	1.208e-010
5424	1.1666e-010
5425	1.2994e-010
5426	1.0895e-010
5427	1.0645e-010
5428	1.2346e-010
5429	1.0141e-010
5430	1.0729e-010
5431	1.3846e-010
5432	1.0446e-010
5433	1.1519e-010
5434	9.4119e-011
5435	8.8285e-011
5436	9.185e-011
5437	8.4316e-011
5438	9.2528e-011
5439	8.2542e-011
5440	8.8052e-011
5441	7.8559e-011
5442	7.748e-011
5443	7.3744e-011
5444	7.0814e-011
5445	7.0649e-011
5446	8.0374e-011
5447	9.6874e-011
5448	7.8579e-011
5449	6.8199e-011
5450	6.0877e-011
5451	6.6622e-011
5452	7.1799e-011
5453	6.8061e-011
5454	8.4933e-011
5455	8.4863e-011
5456	1.9748e-010
5457	3.7959e-010
5458	3.0439e-010
5459	5.661e-010
5460	5.5603e-010
5461	4.1428e-011
5462	4.4695e-011
5463	4.7636e-011
5464	4.8917e-011
5465	5.5482e-011
5466	5.3094e-011
5467	5.385e-011
5468	5.607e-011
5469	5.7896e-011
5470	5.8089e-011
5471	5.9335e-011
5472	6.1127e-011
5473	6.2251e-011
5474	6.4861e-011
5475	6.5044e-011
5476	6.664e-011
5477	6.7955e-011
5478	6.9648e-011
5479	7.139e-011
5480	7.2668e-011
5481	7.4962e-011
5482	7.5846e-011
5483	7.8458e-011
5484	7.944e-011
5485	8.1864e-011
5486	8.3393e-011
5487	8.4923e-011
5488	8.8119e-011
5489	8.853e-011
5490	9.2645e-011
5491	9.2727e-011
5492	9.5126e-011
5493	9.8541e-011
5494	9.908e-011
5495	1.0217e-010
5496	1.0509e-010
5497	1.0601e-010
5498	1.0889e-010
5499	1.1287e-010
5500	1.1385e-010
5501	1.1585e-010
5502	1.1936e-010
5503	1.2265e-010
5504	1.2505e-010
5505	1.2721e-010
5506	1.2982e-010
5507	1.3318e-010
5508	1.3634e-010
5509	1.3941e-010
5510	1.4279e-010
5511	1.4587e-010
5512	1.49e-010
5513	1.5231e-010
5514	1.5579e-010
5515	1.5919e-010
5516	1.6309e-010
5517	1.6699e-010
5518	1.7091e-010
5519	1.7469e-010
5520	1.7823e-010
5521	1.8115e-010
5522	1.8606e-010
5523	1.9239e-010
5524	1.9714e-010
5525	1.9846e-010
5526	1.987e-010
5527	1.98e-010
5528	1.9405e-010
5529	1.8739e-010
5530	1.8189e-010
5531	1.8006e-010
5532	1.7719e-010
5533	1.7387e-010
5534	1.7009e-010
5535	1.6572e-010
5536	1.6147e-010
5537	1.5822e-010
5538	1.5497e-010
5539	1.5181e-010
5540	1.4945e-010
5541	1.4729e-010
5542	1.4461e-010
5543	1.4274e-010
5544	1.3916e-010
5545	1.3196e-010
5546	1.3256e-010
5547	1.3719e-010
5548	1.4089e-010
5549	1.331e-010
5550	1.1878e-010
5551	1.2652e-010
5552	1.4117e-010
5553	1.2066e-010
5554	1.1652e-010
5555	1.2983e-010
5556	1.0887e-010
5557	1.0633e-010
5558	1.2333e-010
5559	1.0128e-010
5560	1.0718e-010
5561	1.3829e-010
5562	1.043e-010
5563	1.1502e-010
5564	9.399e-011
5565	8.8174e-011
5566	9.1754e-011
5567	8.4227e-011
5568	9.2454e-011
5569	8.2466e-011
5570	8.802e-011
5571	7.8512e-011
5572	7.743e-011
5573	7.3679e-011
5574	7.0747e-011
5575	7.0571e-011
5576	8.032e-011
5577	9.682e-011
5578	7.8527e-011
5579	6.8116e-011
5580	6.0796e-011
5581	6.6539e-011
5582	7.1701e-011
5583	6.7985e-011
5584	8.4839e-011
5585	8.4779e-011
5586	1.9742e-010
5587	3.7954e-010
5588	3.0436e-010
5589	5.6604e-010
5590	5.5596e-010
5591	6.4555e-011
5592	6.6645e-011
5593	6.8067e-011
5594	6.523e-011
5595	6.2955e-011
5596	6.5446e-011
5597	6.6881e-011
5598	6.873e-011
5599	6.9622e-011
5600	7.2132e-011
5601	7.3334e-011
5602	7.447e-011
5603	7.7234e-011
5604	7.7868e-011
5605	8.061e-011
5606	8.1638e-011
5607	8.364e-011
5608	8.5472e-011
5609	8.7219e-011
5610	8.9582e-011
5611	9.0996e-011
5612	9.3708e-011
5613	9.5022e-011
5614	9.7998e-011
5615	9.9696e-011
5616	1.0211e-010
5617	1.0484e-010
5618	1.0624e-010
5619	1.101e-010
5620	1.1099e-010
5621	1.1477e-010
5622	1.1688e-010
5623	1.1872e-010
5624	1.2266e-010
5625	1.2468e-010
5626	1.272e-010
5627	1.3108e-010
5628	1.3357e-010
5629	1.357e-010
5630	1.3961e-010
5631	1.4308e-010
5632	1.4569e-010
5633	1.4858e-010
5634	1.5222e-010
5635	1.5622e-010
5636	1.5975e-010
5637	1.6298e-010
5638	1.6649e-010
5639	1.7023e-010
5640	1.7413e-010
5641	1.7818e-010
5642	1.8234e-010
5643	1.8644e-010
5644	1.9062e-010
5645	1.9502e-010
5646	1.9908e-010
5647	2.0361e-010
5648	2.0811e-010
5649	2.1318e-010
5650	2.182e-010
5651	2.2396e-010
5652	2.287e-010
5653	2.3259e-010
5654	2.3851e-010
5655	2.4576e-010
5656	2.46e-010
5657	2.392e-010
5658	2.3393e-010
5659	2.3099e-010
5660	2.27e-010
5661	2.2161e-010
5662	2.1687e-010
5663	2.1123e-010
5664	2.0698e-010
5665	2.0264e-010
5666	1.9926e-010
5667	1.9505e-010
5668	1.9116e-010
5669	1.8735e-010
5670	1.8274e-010
5671	1.7859e-010
5672	1.7574e-010
5673	1.738e-010
5674	1.7128e-010
5675	1.6903e-010
5676	1.6842e-010
5677	1.6424e-010
5678	1.5965e-010
5679	1.611e-010
5680	1.5921e-010
5681	1.5885e-010
5682	1.5163e-010
5683	1.5281e-010
5684	1.5929e-010
5685	1.3741e-010
5686	1.3325e-010
5687	1.4567e-010
5688	1.31e-010
5689	1.3055e-010
5690	1.4375e-010
5691	1.3906e-010
5692	1.4454e-010
5693	1.2067e-010
5694	1.2642e-010
5695	1.1215e-010
5696	1.0621e-010
5697	1.1235e-010
5698	1.0432e-010
5699	1.1016e-010
5700	1.0055e-010
5701	1.023e-010
5702	9.3647e-011
5703	9.3353e-011
5704	9.0338e-011
5705	8.7716e-011
5706	1.0291e-010
5707	1.0305e-010
5708	1.0135e-010
5709	8.0871e-011
5710	8.1939e-011
5711	8.4135e-011
5712	8.236e-011
5713	1.0012e-010
5714	8.8424e-011
5715	9.7489e-011
5716	2.3904e-010
5717	3.5604e-010
5718	2.6772e-010
5719	6.855e-010
5720	4.8554e-010
5721	4.1442e-011
5722	4.4697e-011
5723	4.7632e-011
5724	4.8911e-011
5725	5.5472e-011
5726	5.308e-011
5727	5.3843e-011
5728	5.6067e-011
5729	5.7901e-011
5730	5.8095e-011
5731	5.9309e-011
5732	6.111e-011
5733	6.2258e-011
5734	6.4878e-011
5735	6.5055e-011
5736	6.6648e-011
5737	6.7967e-011
5738	6.9643e-011
5739	7.1412e-011
5740	7.2699e-011
5741	7.4982e-011
5742	7.5824e-011
5743	7.8433e-011
5744	7.9435e-011
5745	8.1898e-011
5746	8.3417e-011
5747	8.4955e-011
5748	8.8121e-011
5749	8.8526e-011
5750	9.265e-011
5751	9.2734e-011
5752	9.5104e-011
5753	9.8496e-011
5754	9.9072e-011
5755	1.022e-010
5756	1.051e-010
5757	1.0602e-010
5758	1.0887e-010
5759	1.1287e-010
5760	1.1385e-010
5761	1.1585e-010
5762	1.1933e-010
5763	1.2267e-010
5764	1.2503e-010
5765	1.2725e-010
5766	1.2984e-010
5767	1.3326e-010
5768	1.3641e-010
5769	1.3945e-010
5770	1.4281e-010
5771	1.4584e-010
5772	1.4901e-010
5773	1.523e-010
5774	1.5578e-010
5775	1.5916e-010
5776	1.6306e-010
5777	1.6703e-010
5778	1.7094e-010
5779	1.7468e-010
5780	1.7826e-010
5781	1.8111e-010
5782	1.8607e-010
5783	1.9233e-010
5784	1.9716e-010
5785	1.9837e-010
5786	1.9872e-010
5787	1.9803e-010
5788	1.9407e-010
5789	1.8742e-010
5790	1.8185e-010
5791	1.8005e-010
5792	1.7717e-010
5793	1.739e-010
5794	1.7011e-010
5795	1.6578e-010
5796	1.6149e-010
5797	1.5824e-010
5798	1.5495e-010
5799	1.5183e-010
5800	1.4943e-010
5801	1.4727e-010
5802	1.4458e-010
5803	1.427e-010
5804	1.3918e-010
5805	1.3196e-010
5806	1.3256e-010
5807	1.3711e-010
5808	1.4082e-010
5809	1.33e-010
5810	1.1883e-010
5811	1.2652e-010
5812	1.4117e-010
5813	1.2066e-010
5814	1.1651e-010
5815	1.2981e-010
5816	1.0884e-010
5817	1.0632e-010
5818	1.2328e-010
5819	1.0126e-010
5820	1.0717e-010
5821	1.3825e-010
5822	1.0428e-010
5823	1.1498e-010
5824	9.3971e-011
5825	8.8151e-011
5826	9.1715e-011
5827	8.421e-011
5828	9.2427e-011
5829	8.2446e-011
5830	8.7985e-011
5831	7.8479e-011
5832	7.7409e-011
5833	7.3662e-011
5834	7.0748e-011
5835	7.0578e-011
5836	8.0311e-011
5837	9.6789e-011
5838	7.8511e-011
5839	6.8102e-011
5840	6.0773e-011
5841	6.6548e-011
5842	7.1721e-011
5843	6.7987e-011
5844	8.4837e-011
5845	8.4782e-011
5846	1.9743e-010
5847	3.7955e-010
5848	3.0431e-010
5849	5.6604e-010
5850	5.5592e-010
5851	4.144e-011
5852	4.4696e-011
5853	4.7636e-011
5854	4.8916e-011
5855	5.5471e-011
5856	5.3082e-011
5857	5.3847e-011
5858	5.6061e-011
5859	5.7902e-011
5860	5.8111e-011
5861	5.9316e-011
5862	6.1106e-011
5863	6.2257e-011
5864	6.4873e-011
5865	6.5062e-011
5866	6.6647e-011
5867	6.7965e-011
5868	6.9652e-011
5869	7.141e-011
5870	7.2695e-011
5871	7.4978e-011
5872	7.5831e-011
5873	7.8441e-011
5874	7.9445e-011
5875	8.1891e-011
5876	8.3423e-011
5877	8.4954e-011
5878	8.8121e-011
5879	8.8524e-011
5880	9.2648e-011
5881	9.2734e-011
5882	9.5098e-011
5883	9.8506e-011
5884	9.9069e-011
5885	1.022e-010
5886	1.051e-010
5887	1.0602e-010
5888	1.0885e-010
5889	1.1286e-010
5890	1.1386e-010
5891	1.1585e-010
5892	1.1933e-010
5893	1.2267e-010
5894	1.2504e-010
5895	1.2724e-010
5896	1.2986e-010
5897	1.3325e-010
5898	1.364e-010
5899	1.3945e-010
5900	1.4281e-010
5901	1.4584e-010
5902	1.4903e-010
5903	1.5232e-010
5904	1.5581e-010
5905	1.5915e-010
5906	1.6306e-010
5907	1.6703e-010
5908	1.7095e-010
5909	1.7468e-010
5910	1.7826e-010
5911	1.811e-010
5912	1.8607e-010
5913	1.9233e-010
5914	1.9716e-010
5915	1.9836e-010
5916	1.987e-010
5917	1.9802e-010
5918	1.9409e-010
5919	1.8741e-010
5920	1.8185e-010
5921	1.8005e-010
5922	1.7716e-010
5923	1.7388e-010
5924	1.7012e-010
5925	1.6577e-010
5926	1.6149e-010
5927	1.5825e-010
5928	1.5496e-010
5929	1.5181e-010
5930	1.4944e-010
5931	1.4728e-010
5932	1.4458e-010
5933	1.4271e-010
5934	1.3916e-010
5935	1.3198e-010
5936	1.3252e-010
5937	1.3727e-010
5938	1.4069e-010
5939	1.3317e-010
5940	1.1874e-010
5941	1.2654e-010
5942	1.4117e-010
5943	1.2067e-010
5944	1.1649e-010
5945	1.2981e-010
5946	1.0884e-010
5947	1.0632e-010
5948	1.2328e-010
5949	1.0127e-010
5950	1.0717e-010
5951	1.3824e-010
5952	1.043e-010
5953	1.1498e-010
5954	9.3965e-011
5955	8.8169e-011
5956	9.1715e-011
5957	8.4216e-011
5958	9.2435e-011
5959	8.2455e-011
5960	8.7981e-011
5961	7.8499e-011
5962	7.7413e-011
5963	7.3669e-011
5964	7.0742e-011
5965	7.058e-011
5966	8.031e-011
5967	9.6789e-011
5968	7.8509e-011
5969	6.8109e-011
5970	6.0771e-011
5971	6.6545e-011
5972	7.1725e-011
5973	6.7992e-011
5974	8.4833e-011
5975	8.478e-011
5976	1.9743e-010
5977	3.7955e-010
5978	3.0431e-010
5979	5.6605e-010
5980	5.5592e-010
5981	6.4554e-011
5982	6.6622e-011
5983	6.8066e-011
5984	6.5236e-011
5985	6.296e-011
5986	6.5446e-011
5987	6.6878e-011
5988	6.8732e-011
5989	6.9619e-011
5990	7.2139e-011
5991	7.3342e-011
5992	7.4472e-011
5993	7.7241e-011
5994	7.7866e-011
5995	8.0611e-011
5996	8.1645e-011
5997	8.3647e-011
5998	8.548e-011
5999	8.7219e-011
6000	8.959e-011
6001	9.0995e-011
6002	9.3714e-011
6003	9.5027e-011
6004	9.8005e-011
6005	9.9693e-011
6006	1.0212e-010
6007	1.0484e-010
6008	1.0624e-010
6009	1.1009e-010
6010	1.1097e-010
6011	1.1477e-010
6012	1.1688e-010
6013	1.1869e-010
6014	1.2266e-010
6015	1.2468e-010
6016	1.272e-010
6017	1.3107e-010
6018	1.3359e-010
6019	1.3569e-010
6020	1.3962e-010
6021	1.4307e-010
6022	1.4568e-010
6023	1.4858e-010
6024	1.522e-010
6025	1.5623e-010
6026	1.5975e-010
6027	1.6298e-010
6028	1.6648e-010
6029	1.7025e-010
6030	1.7411e-010
6031	1.782e-010
6032	1.8232e-010
6033	1.8646e-010
6034	1.906e-010
6035	1.9503e-010
6036	1.9909e-010
6037	2.0361e-010
6038	2.081e-010
6039	2.1317e-010
6040	2.1821e-010
6041	2.2395e-010
6042	2.287e-010
6043	2.3258e-010
6044	2.3847e-010
6045	2.4575e-010
6046	2.46e-010
6047	2.3918e-010
6048	2.3392e-010
6049	2.3102e-010
6050	2.2699e-010
6051	2.2162e-010
6052	2.1685e-010
6053	2.1125e-010
6054	2.0697e-010
6055	2.0265e-010
6056	1.9927e-010
6057	1.9507e-010
6058	1.9119e-010
6059	1.8733e-010
6060	1.8271e-010
6061	1.7865e-010
6062	1.7567e-010
6063	1.7382e-010
6064	1.7129e-010
6065	1.6901e-010
6066	1.6855e-010
6067	1.6405e-010
6068	1.5967e-010
6069	1.6086e-010
6070	1.5933e-010
6071	1.5881e-010
6072	1.5167e-010
6073	1.5278e-010
6074	1.5931e-010
6075	1.3741e-010
6076	1.3324e-010
6077	1.4567e-010
6078	1.3101e-010
6079	1.3055e-010
6080	1.4376e-010
6081	1.3906e-010
6082	1.4454e-010
6083	1.2067e-010
6084	1.2642e-010
6085	1.1215e-010
6086	1.0623e-010
6087	1.1235e-010
6088	1.0432e-010
6089	1.1016e-010
6090	1.0055e-010
6091	1.023e-010
6092	9.3629e-011
6093	9.3359e-011
6094	9.0328e-011
6095	8.7717e-011
6096	1.0292e-010
6097	1.0302e-010
6098	1.0134e-010
6099	8.0874e-011
6100	8.1936e-011
6101	8.4133e-011
6102	8.2368e-011
6103	1.0012e-010
6104	8.8421e-011
6105	9.7495e-011
6106	2.3904e-010
6107	3.5603e-010
6108	2.6769e-010
6109	6.8549e-010
6110	4.8553e-010
6111	4.1426e-011
6112	4.4691e-011
6113	4.7632e-011
6114	4.8918e-011
6115	5.5476e-011
6116	5.31e-011
6117	5.3843e-011
6118	5.6062e-011
6119	5.7889e-011
6120	5.8105e-011
6121	5.9328e-011
6122	6.1119e-011
6123	6.2257e-011
6124	6.486e-011
6125	6.5058e-011
6126	6.6635e-011
6127	6.7958e-011
6128	6.9643e-011
6129	7.1402e-011
6130	7.2674e-011
6131	7.4958e-011
6132	7.5848e-011
6133	7.8469e-011
6134	7.9434e-011
6135	8.1871e-011
6136	8.34e-011
6137	8.4936e-011
6138	8.8116e-011
6139	8.854e-011
6140	9.2639e-011
6141	9.2746e-011
6142	9.5115e-011
6143	9.8537e-011
6144	9.9076e-011
6145	1.0217e-010
6146	1.0509e-010
6147	1.0601e-010
6148	1.0889e-010
6149	1.1287e-010
6150	1.1385e-010
6151	1.1583e-010
6152	1.1936e-010
6153	1.2265e-010
6154	1.2504e-010
6155	1.272e-010
6156	1.2982e-010
6157	1.3317e-010
6158	1.3634e-010
6159	1.3941e-010
6160	1.4279e-010
6161	1.4586e-010
6162	1.49e-010
6163	1.523e-010
6164	1.5578e-010
6165	1.592e-010
6166	1.6311e-010
6167	1.6698e-010
6168	1.709e-010
6169	1.7468e-010
6170	1.7824e-010
6171	1.8116e-010
6172	1.8606e-010
6173	1.9241e-010
6174	1.9713e-010
6175	1.9843e-010
6176	1.987e-010
6177	1.9803e-010
6178	1.9403e-010
6179	1.874e-010
6180	1.8187e-010
6181	1.8006e-010
6182	1.7718e-010
6183	1.7388e-010
6184	1.7008e-010
6185	1.6574e-010
6186	1.6151e-010
6187	1.5823e-010
6188	1.5495e-010
6189	1.518e-010
6190	1.4955e-010
6191	1.4726e-010
6192	1.4473e-010
6193	1.4272e-010
6194	1.3916e-010
6195	1.3201e-010
6196	1.3253e-010
6197	1.3726e-010
6198	1.4073e-010
6199	1.3312e-010
6200	1.1874e-010
6201	1.2657e-010
6202	1.4117e-010
6203	1.2065e-010
6204	1.1652e-010
6205	1.2983e-010
6206	1.0888e-010
6207	1.0634e-010
6208	1.2332e-010
6209	1.013e-010
6210	1.0719e-010
6211	1.3829e-010
6212	1.043e-010
6213	1.1501e-010
6214	9.3991e-011
6215	8.818e-011
6216	9.1747e-011
6217	8.4228e-011
6218	9.245e-011
6219	8.2457e-011
6220	8.801e-011
6221	7.8508e-011
6222	7.7421e-011
6223	7.3686e-011
6224	7.0745e-011
6225	7.0588e-011
6226	8.0308e-011
6227	9.6813e-011
6228	7.8533e-011
6229	6.8114e-011
6230	6.0803e-011
6231	6.6536e-011
6232	7.1704e-011
6233	6.7975e-011
6234	8.4831e-011
6235	8.4791e-011
6236	1.9742e-010
6237	3.7954e-010
6238	3.0435e-010
6239	5.6603e-010
6240	5.5595e-010
6241	4.1363e-011
6242	4.4609e-011
6243	4.7517e-011
6244	4.8798e-011
6245	5.5368e-011
6246	5.298e-011
6247	5.3737e-011
6248	5.5955e-011
6249	5.7784e-011
6250	5.8015e-011
6251	5.9287e-011
6252	6.11e-011
6253	6.2187e-011
6254	6.4739e-011
6255	6.4912e-011
6256	6.6514e-011
6257	6.7862e-011
6258	6.9531e-011
6259	7.129e-011
6260	7.2576e-011
6261	7.4888e-011
6262	7.583e-011
6263	7.8455e-011
6264	7.9337e-011
6265	8.1758e-011
6266	8.33e-011
6267	8.484e-011
6268	8.8012e-011
6269	8.8426e-011
6270	9.2542e-011
6271	9.2676e-011
6272	9.5085e-011
6273	9.8453e-011
6274	9.8981e-011
6275	1.0203e-010
6276	1.0492e-010
6277	1.0586e-010
6278	1.088e-010
6279	1.1278e-010
6280	1.1378e-010
6281	1.1574e-010
6282	1.1918e-010
6283	1.2244e-010
6284	1.2482e-010
6285	1.2707e-010
6286	1.2972e-010
6287	1.3303e-010
6288	1.3619e-010
6289	1.3927e-010
6290	1.4254e-010
6291	1.456e-010
6292	1.4871e-010
6293	1.5211e-010
6294	1.5564e-010
6295	1.5899e-010
6296	1.629e-010
6297	1.6693e-010
6298	1.7079e-010
6299	1.7462e-010
6300	1.7833e-010
6301	1.8112e-010
6302	1.8598e-010
6303	1.9233e-010
6304	1.9706e-010
6305	1.9831e-010
6306	1.986e-010
6307	1.9791e-010
6308	1.9403e-010
6309	1.8728e-010
6310	1.8183e-010
6311	1.8006e-010
6312	1.7721e-010
6313	1.7388e-010
6314	1.7004e-010
6315	1.6573e-010
6316	1.6144e-010
6317	1.5821e-010
6318	1.5493e-010
6319	1.5179e-010
6320	1.4918e-010
6321	1.4842e-010
6322	1.4441e-010
6323	1.4276e-010
6324	1.392e-010
6325	1.3206e-010
6326	1.3258e-010
6327	1.3736e-010
6328	1.4087e-010
6329	1.3325e-010
6330	1.1883e-010
6331	1.2665e-010
6332	1.4129e-010
6333	1.2079e-010
6334	1.1665e-010
6335	1.2994e-010
6336	1.0896e-010
6337	1.0646e-010
6338	1.2347e-010
6339	1.014e-010
6340	1.0731e-010
6341	1.3846e-010
6342	1.0446e-010
6343	1.1521e-010
6344	9.4117e-011
6345	8.8284e-011
6346	9.1847e-011
6347	8.4318e-011
6348	9.2547e-011
6349	8.2538e-011
6350	8.8058e-011
6351	7.8564e-011
6352	7.7478e-011
6353	7.3738e-011
6354	7.0805e-011
6355	7.0646e-011
6356	8.0365e-011
6357	9.6866e-011
6358	7.8586e-011
6359	6.8204e-011
6360	6.0873e-011
6361	6.663e-011
6362	7.1794e-011
6363	6.8058e-011
6364	8.4922e-011
6365	8.4862e-011
6366	1.9749e-010
6367	3.7958e-010
6368	3.044e-010
6369	5.6609e-010
6370	5.5606e-010
6371	6.4437e-011
6372	6.648e-011
6373	6.7887e-011
6374	6.505e-011
6375	6.2789e-011
6376	6.5275e-011
6377	6.672e-011
6378	6.856e-011
6379	6.9467e-011
6380	7.203e-011
6381	7.3315e-011
6382	7.4484e-011
6383	7.7179e-011
6384	7.7724e-011
6385	8.0406e-011
6386	8.1413e-011
6387	8.3415e-011
6388	8.522e-011
6389	8.6959e-011
6390	8.9355e-011
6391	9.0818e-011
6392	9.3678e-011
6393	9.5057e-011
6394	9.7908e-011
6395	9.9538e-011
6396	1.0197e-010
6397	1.0468e-010
6398	1.0604e-010
6399	1.0987e-010
6400	1.1076e-010
6401	1.146e-010
6402	1.1675e-010
6403	1.1854e-010
6404	1.2244e-010
6405	1.2441e-010
6406	1.2682e-010
6407	1.3084e-010
6408	1.3349e-010
6409	1.3561e-010
6410	1.3948e-010
6411	1.4292e-010
6412	1.4545e-010
6413	1.4827e-010
6414	1.5187e-010
6415	1.5588e-010
6416	1.5941e-010
6417	1.6266e-010
6418	1.6618e-010
6419	1.6988e-010
6420	1.7379e-010
6421	1.7776e-010
6422	1.8184e-010
6423	1.8604e-010
6424	1.9032e-010
6425	1.9474e-010
6426	1.989e-010
6427	2.036e-010
6428	2.0788e-010
6429	2.1309e-010
6430	2.1833e-010
6431	2.2394e-010
6432	2.2864e-010
6433	2.3258e-010
6434	2.383e-010
6435	2.4546e-010
6436	2.4583e-010
6437	2.3903e-010
6438	2.3377e-010
6439	2.3086e-010
6440	2.2692e-010
6441	2.2162e-010
6442	2.1683e-010
6443	2.1125e-010
6444	2.0692e-010
6445	2.0259e-010
6446	1.9926e-010
6447	1.9503e-010
6448	1.9105e-010
6449	1.8747e-010
6450	1.833e-010
6451	1.782e-010
6452	1.7631e-010
6453	1.74e-010
6454	1.7128e-010
6455	1.6912e-010
6456	1.6861e-010
6457	1.6429e-010
6458	1.598e-010
6459	1.6108e-010
6460	1.594e-010
6461	1.5897e-010
6462	1.5188e-010
6463	1.5298e-010
6464	1.5955e-010
6465	1.376e-010
6466	1.334e-010
6467	1.4587e-010
6468	1.3126e-010
6469	1.3075e-010
6470	1.4397e-010
6471	1.3935e-010
6472	1.4482e-010
6473	1.2098e-010
6474	1.2662e-010
6475	1.1228e-010
6476	1.0634e-010
6477	1.1246e-010
6478	1.0445e-010
6479	1.1026e-010
6480	1.0064e-010
6481	1.0239e-010
6482	9.3768e-011
6483	9.3455e-011
6484	9.0456e-011
6485	8.7814e-011
6486	1.03e-010
6487	1.0314e-010
6488	1.0146e-010
6489	8.102e-011
6490	8.2092e-011
6491	8.4276e-011
6492	8.2488e-011
6493	1.0025e-010
6494	8.8542e-011
6495	9.7592e-011
6496	2.3914e-010
6497	3.561e-010
6498	2.6779e-010
6499	6.8558e-010
6500	4.8562e-010
6501	4.1362e-011
6502	4.4609e-011
6503	4.7523e-011
6504	4.8798e-011
6505	5.5368e-011
6506	5.298e-011
6507	5.3737e-011
6508	5.5955e-011
6509	5.7785e-011
6510	5.8014e-011
6511	5.9289e-011
6512	6.1098e-011
6513	6.2184e-011
6514	6.4737e-011
6515	6.4911e-011
6516	6.6514e-011
6517	6.7862e-011
6518	6.9531e-011
6519	7.129e-011
6520	7.2579e-011
6521	7.4887e-011
6522	7.5836e-011
6523	7.845e-011
6524	7.9353e-011
6525	8.1757e-011
6526	8.3298e-011
6527	8.4838e-011
6528	8.8011e-011
6529	8.8424e-011
6530	9.254e-011
6531	9.2678e-011
6532	9.5085e-011
6533	9.8453e-011
6534	9.8981e-011
6535	1.0203e-010
6536	1.0492e-010
6537	1.0586e-010
6538	1.088e-010
6539	1.1276e-010
6540	1.1379e-010
6541	1.1574e-010
6542	1.1918e-010
6543	1.2244e-010
6544	1.2482e-010
6545	1.2707e-010
6546	1.2972e-010
6547	1.3303e-010
6548	1.3619e-010
6549	1.3927e-010
6550	1.4254e-010
6551	1.456e-010
6552	1.4871e-010
6553	1.5211e-010
6554	1.5564e-010
6555	1.5899e-010
6556	1.629e-010
6557	1.6693e-010
6558	1.7079e-010
6559	1.7462e-010
6560	1.7833e-010
6561	1.8112e-010
6562	1.8597e-010
6563	1.9232e-010
6564	1.9706e-010
6565	1.9834e-010
6566	1.9859e-010
6567	1.9793e-010
6568	1.9403e-010
6569	1.8728e-010
6570	1.8183e-010
6571	1.8006e-010
6572	1.7721e-010
6573	1.7388e-010
6574	1.7004e-010
6575	1.6575e-010
6576	1.6145e-010
6577	1.582e-010
6578	1.5495e-010
6579	1.5175e-010
6580	1.494e-010
6581	1.4809e-010
6582	1.4468e-010
6583	1.4278e-010
6584	1.3921e-010
6585	1.3202e-010
6586	1.3263e-010
6587	1.3726e-010
6588	1.4089e-010
6589	1.3319e-010
6590	1.1887e-010
6591	1.2663e-010
6592	1.4133e-010
6593	1.2079e-010
6594	1.1665e-010
6595	1.2994e-010
6596	1.0896e-010
6597	1.0646e-010
6598	1.2347e-010
6599	1.014e-010
6600	1.0731e-010
6601	1.3845e-010
6602	1.0446e-010
6603	1.1521e-010
6604	9.4117e-011
6605	8.8283e-011
6606	9.1848e-011
6607	8.4318e-011
6608	9.2546e-011
6609	8.2537e-011
6610	8.8058e-011
6611	7.8561e-011
6612	7.7476e-011
6613	7.3737e-011
6614	7.0805e-011
6615	7.0646e-011
6616	8.0367e-011
6617	9.6872e-011
6618	7.8584e-011
6619	6.8203e-011
6620	6.0873e-011
6621	6.663e-011
6622	7.1795e-011
6623	6.8058e-011
6624	8.4922e-011
6625	8.4862e-011
6626	1.9749e-010
6627	3.7958e-010
6628	3.044e-010
6629	5.6609e-010
6630	5.5605e-010
6631	4.1426e-011
6632	4.4691e-011
6633	4.7631e-011
6634	4.8924e-011
6635	5.5479e-011
6636	5.3096e-011
6637	5.3845e-011
6638	5.6071e-011
6639	5.7888e-011
6640	5.8104e-011
6641	5.9327e-011
6642	6.1119e-011
6643	6.226e-011
6644	6.4857e-011
6645	6.505e-011
6646	6.6627e-011
6647	6.7953e-011
6648	6.9647e-011
6649	7.14e-011
6650	7.2677e-011
6651	7.4953e-011
6652	7.5846e-011
6653	7.8466e-011
6654	7.944e-011
6655	8.1866e-011
6656	8.3396e-011
6657	8.493e-011
6658	8.8113e-011
6659	8.8535e-011
6660	9.2635e-011
6661	9.2746e-011
6662	9.5113e-011
6663	9.8535e-011
6664	9.9076e-011
6665	1.0217e-010
6666	1.0509e-010
6667	1.0602e-010
6668	1.089e-010
6669	1.1288e-010
6670	1.1385e-010
6671	1.1584e-010
6672	1.1933e-010
6673	1.2264e-010
6674	1.2504e-010
6675	1.2721e-010
6676	1.2983e-010
6677	1.3317e-010
6678	1.3636e-010
6679	1.3943e-010
6680	1.4279e-010
6681	1.4585e-010
6682	1.49e-010
6683	1.523e-010
6684	1.558e-010
6685	1.5921e-010
6686	1.6311e-010
6687	1.6698e-010
6688	1.709e-010
6689	1.7468e-010
6690	1.7826e-010
6691	1.8116e-010
6692	1.8608e-010
6693	1.9239e-010
6694	1.9713e-010
6695	1.9843e-010
6696	1.9868e-010
6697	1.9803e-010
6698	1.9402e-010
6699	1.8739e-010
6700	1.8187e-010
6701	1.8005e-010
6702	1.7718e-010
6703	1.7388e-010
6704	1.7007e-010
6705	1.6573e-010
6706	1.6149e-010
6707	1.5821e-010
6708	1.5496e-010
6709	1.5176e-010
6710	1.4982e-010
6711	1.4718e-010
6712	1.4502e-010
6713	1.4273e-010
6714	1.3915e-010
6715	1.3194e-010
6716	1.3254e-010
6717	1.3721e-010
6718	1.4099e-010
6719	1.3315e-010
6720	1.1878e-010
6721	1.2653e-010
6722	1.413e-010
6723	1.2064e-010
6724	1.1652e-010
6725	1.2984e-010
6726	1.0888e-010
6727	1.0634e-010
6728	1.2332e-010
6729	1.013e-010
6730	1.0719e-010
6731	1.3829e-010
6732	1.0429e-010
6733	1.1501e-010
6734	9.3989e-011
6735	8.8178e-011
6736	9.1742e-011
6737	8.424e-011
6738	9.2448e-011
6739	8.2453e-011
6740	8.8007e-011
6741	7.8503e-011
6742	7.7417e-011
6743	7.368e-011
6744	7.0742e-011
6745	7.0587e-011
6746	8.0303e-011
6747	9.6812e-011
6748	7.853e-011
6749	6.8118e-011
6750	6.0798e-011
6751	6.6531e-011
6752	7.1709e-011
6753	6.7972e-011
6754	8.4834e-011
6755	8.479e-011
6756	1.9742e-010
6757	3.7954e-010
6758	3.0435e-010
6759	5.6603e-010
6760	5.5597e-010
6761	6.4555e-011
6762	6.6625e-011
6763	6.8064e-011
6764	6.5242e-011
6765	6.2963e-011
6766	6.5439e-011
6767	6.6882e-011
6768	6.8734e-011
6769	6.9623e-011
6770	7.2129e-011
6771	7.3344e-011
6772	7.4474e-011
6773	7.7244e-011
6774	7.7873e-011
6775	8.0605e-011
6776	8.1632e-011
6777	8.364e-011
6778	8.5475e-011
6779	8.7226e-011
6780	8.9588e-011
6781	9.0987e-011
6782	9.3719e-011
6783	9.5032e-011
6784	9.7996e-011
6785	9.9697e-011
6786	1.0212e-010
6787	1.0483e-010
6788	1.0624e-010
6789	1.101e-010
6790	1.1098e-010
6791	1.1476e-010
6792	1.1689e-010
6793	1.1869e-010
6794	1.2266e-010
6795	1.2468e-010
6796	1.2721e-010
6797	1.3108e-010
6798	1.336e-010
6799	1.3567e-010
6800	1.396e-010
6801	1.4307e-010
6802	1.4571e-010
6803	1.4857e-010
6804	1.522e-010
6805	1.5624e-010
6806	1.5975e-010
6807	1.6298e-010
6808	1.665e-010
6809	1.7022e-010
6810	1.7411e-010
6811	1.7822e-010
6812	1.8233e-010
6813	1.8647e-010
6814	1.906e-010
6815	1.9501e-010
6816	1.9905e-010
6817	2.0357e-010
6818	2.081e-010
6819	2.1318e-010
6820	2.1822e-010
6821	2.2393e-010
6822	2.2871e-010
6823	2.3258e-010
6824	2.3849e-010
6825	2.4573e-010
6826	2.4599e-010
6827	2.3916e-010
6828	2.339e-010
6829	2.3101e-010
6830	2.2698e-010
6831	2.2163e-010
6832	2.1683e-010
6833	2.1125e-010
6834	2.0698e-010
6835	2.0264e-010
6836	1.9925e-010
6837	1.9505e-010
6838	1.9113e-010
6839	1.8735e-010
6840	1.8302e-010
6841	1.7829e-010
6842	1.7602e-010
6843	1.7382e-010
6844	1.713e-010
6845	1.6902e-010
6846	1.6839e-010
6847	1.6425e-010
6848	1.5978e-010
6849	1.6115e-010
6850	1.5918e-010
6851	1.5883e-010
6852	1.5177e-010
6853	1.5277e-010
6854	1.593e-010
6855	1.3743e-010
6856	1.3325e-010
6857	1.4567e-010
6858	1.3101e-010
6859	1.3054e-010
6860	1.4376e-010
6861	1.3905e-010
6862	1.4454e-010
6863	1.2067e-010
6864	1.2642e-010
6865	1.1215e-010
6866	1.0622e-010
6867	1.1235e-010
6868	1.0431e-010
6869	1.1015e-010
6870	1.0055e-010
6871	1.0229e-010
6872	9.3639e-011
6873	9.3348e-011
6874	9.033e-011
6875	8.7718e-011
6876	1.0292e-010
6877	1.0303e-010
6878	1.0134e-010
6879	8.0864e-011
6880	8.1943e-011
6881	8.4139e-011
6882	8.2363e-011
6883	1.0012e-010
6884	8.8418e-011
6885	9.7493e-011
6886	2.3903e-010
6887	3.5603e-010
6888	2.677e-010
6889	6.8548e-010
6890	4.8554e-010
6891	4.144e-011
6892	4.4701e-011
6893	4.7633e-011
6894	4.891e-011
6895	5.5474e-011
6896	5.3078e-011
6897	5.3843e-011
6898	5.6064e-011
6899	5.7898e-011
6900	5.8107e-011
6901	5.9315e-011
6902	6.1112e-011
6903	6.2265e-011
6904	6.4868e-011
6905	6.5067e-011
6906	6.6653e-011
6907	6.7977e-011
6908	6.9654e-011
6909	7.1404e-011
6910	7.2696e-011
6911	7.4973e-011
6912	7.5845e-011
6913	7.8436e-011
6914	7.9444e-011
6915	8.19e-011
6916	8.3418e-011
6917	8.4946e-011
6918	8.8132e-011
6919	8.8531e-011
6920	9.2664e-011
6921	9.2728e-011
6922	9.5093e-011
6923	9.8509e-011
6924	9.9069e-011
6925	1.0219e-010
6926	1.0509e-010
6927	1.06e-010
6928	1.0887e-010
6929	1.1284e-010
6930	1.1386e-010
6931	1.1586e-010
6932	1.1934e-010
6933	1.2268e-010
6934	1.2504e-010
6935	1.2725e-010
6936	1.2987e-010
6937	1.3324e-010
6938	1.3639e-010
6939	1.3944e-010
6940	1.4282e-010
6941	1.4588e-010
6942	1.4901e-010
6943	1.5232e-010
6944	1.558e-010
6945	1.5915e-010
6946	1.6304e-010
6947	1.6704e-010
6948	1.7096e-010
6949	1.7467e-010
6950	1.7826e-010
6951	1.8109e-010
6952	1.8608e-010
6953	1.9233e-010
6954	1.9717e-010
6955	1.9835e-010
6956	1.987e-010
6957	1.9801e-010
6958	1.9408e-010
6959	1.8739e-010
6960	1.8186e-010
6961	1.8007e-010
6962	1.7715e-010
6963	1.739e-010
6964	1.7011e-010
6965	1.6577e-010
6966	1.6148e-010
6967	1.5824e-010
6968	1.5495e-010
6969	1.5186e-010
6970	1.4945e-010
6971	1.4752e-010
6972	1.4461e-010
6973	1.4274e-010
6974	1.3917e-010
6975	1.3195e-010
6976	1.3253e-010
6977	1.3725e-010
6978	1.4091e-010
6979	1.3316e-010
6980	1.1875e-010
6981	1.2649e-010
6982	1.4126e-010
6983	1.2063e-010
6984	1.1649e-010
6985	1.2981e-010
6986	1.0884e-010
6987	1.0633e-010
6988	1.2329e-010
6989	1.0125e-010
6990	1.0716e-010
6991	1.3824e-010
6992	1.0429e-010
6993	1.1499e-010
6994	9.3963e-011
6995	8.8172e-011
6996	9.172e-011
6997	8.4209e-011
6998	9.2433e-011
6999	8.2456e-011
7000	8.7983e-011
7001	7.8506e-011
7002	7.7418e-011
7003	7.3665e-011
7004	7.074e-011
7005	7.058e-011
7006	8.0308e-011
7007	9.6789e-011
7008	7.8505e-011
7009	6.8112e-011
7010	6.0776e-011
7011	6.6541e-011
7012	7.1723e-011
7013	6.7992e-011
7014	8.4829e-011
7015	8.4774e-011
7016	1.9743e-010
7017	3.7954e-010
7018	3.0435e-010
7019	5.6604e-010
7020	5.5592e-010
7021	4.1441e-011
7022	4.4702e-011
7023	4.7634e-011
7024	4.8911e-011
7025	5.5476e-011
7026	5.3082e-011
7027	5.3846e-011
7028	5.6059e-011
7029	5.7899e-011
7030	5.8107e-011
7031	5.9315e-011
7032	6.1112e-011
7033	6.2265e-011
7034	6.4869e-011
7035	6.5061e-011
7036	6.6655e-011
7037	6.7961e-011
7038	6.9649e-011
7039	7.1405e-011
7040	7.2696e-011
7041	7.4973e-011
7042	7.5837e-011
7043	7.8437e-011
7044	7.9444e-011
7045	8.19e-011
7046	8.3422e-011
7047	8.4951e-011
7048	8.8134e-011
7049	8.8533e-011
7050	9.2658e-011
7051	9.273e-011
7052	9.5095e-011
7053	9.8509e-011
7054	9.9071e-011
7055	1.022e-010
7056	1.051e-010
7057	1.06e-010
7058	1.0887e-010
7059	1.1284e-010
7060	1.1386e-010
7061	1.1586e-010
7062	1.1934e-010
7063	1.2268e-010
7064	1.2504e-010
7065	1.2725e-010
7066	1.2985e-010
7067	1.3324e-010
7068	1.364e-010
7069	1.3945e-010
7070	1.4282e-010
7071	1.4588e-010
7072	1.4901e-010
7073	1.5232e-010
7074	1.558e-010
7075	1.5915e-010
7076	1.6304e-010
7077	1.6702e-010
7078	1.7095e-010
7079	1.7468e-010
7080	1.7826e-010
7081	1.811e-010
7082	1.8606e-010
7083	1.9232e-010
7084	1.9715e-010
7085	1.9835e-010
7086	1.987e-010
7087	1.9801e-010
7088	1.9408e-010
7089	1.8739e-010
7090	1.8186e-010
7091	1.8007e-010
7092	1.7715e-010
7093	1.739e-010
7094	1.7011e-010
7095	1.6577e-010
7096	1.6149e-010
7097	1.5824e-010
7098	1.5498e-010
7099	1.5178e-010
7100	1.4921e-010
7101	1.4813e-010
7102	1.444e-010
7103	1.4268e-010
7104	1.3917e-010
7105	1.3195e-010
7106	1.3252e-010
7107	1.3723e-010
7108	1.409e-010
7109	1.3313e-010
7110	1.1878e-010
7111	1.2651e-010
7112	1.4126e-010
7113	1.2064e-010
7114	1.165e-010
7115	1.298e-010
7116	1.0884e-010
7117	1.0633e-010
7118	1.2329e-010
7119	1.0126e-010
7120	1.0716e-010
7121	1.3824e-010
7122	1.0429e-010
7123	1.1498e-010
7124	9.3965e-011
7125	8.8172e-011
7126	9.1713e-011
7127	8.421e-011
7128	9.2433e-011
7129	8.2457e-011
7130	8.7979e-011
7131	7.851e-011
7132	7.7422e-011
7133	7.3667e-011
7134	7.074e-011
7135	7.058e-011
7136	8.031e-011
7137	9.679e-011
7138	7.8505e-011
7139	6.8112e-011
7140	6.0776e-011
7141	6.6541e-011
7142	7.1723e-011
7143	6.7992e-011
7144	8.4829e-011
7145	8.4776e-011
7146	1.9743e-010
7147	3.7954e-010
7148	3.0435e-010
7149	5.6605e-010
7150	5.5592e-010
7151	6.4554e-011
7152	6.6623e-011
7153	6.8063e-011
7154	6.5239e-011
7155	6.2963e-011
7156	6.544e-011
7157	6.6879e-011
7158	6.8732e-011
7159	6.962e-011
7160	7.2136e-011
7161	7.3344e-011
7162	7.4474e-011
7163	7.7244e-011
7164	7.787e-011
7165	8.0612e-011
7166	8.1647e-011
7167	8.365e-011
7168	8.5475e-011
7169	8.7222e-011
7170	8.9592e-011
7171	9.0992e-011
7172	9.3717e-011
7173	9.5028e-011
7174	9.8005e-011
7175	9.9694e-011
7176	1.0212e-010
7177	1.0483e-010
7178	1.0624e-010
7179	1.101e-010
7180	1.1097e-010
7181	1.1476e-010
7182	1.1688e-010
7183	1.1869e-010
7184	1.2266e-010
7185	1.2468e-010
7186	1.2721e-010
7187	1.3109e-010
7188	1.336e-010
7189	1.3567e-010
7190	1.396e-010
7191	1.4307e-010
7192	1.4571e-010
7193	1.4858e-010
7194	1.522e-010
7195	1.5623e-010
7196	1.5975e-010
7197	1.6298e-010
7198	1.6649e-010
7199	1.7025e-010
7200	1.7411e-010
7201	1.7821e-010
7202	1.8233e-010
7203	1.8647e-010
7204	1.9059e-010
7205	1.9503e-010
7206	1.9907e-010
7207	2.0359e-010
7208	2.0809e-010
7209	2.1318e-010
7210	2.1822e-010
7211	2.2393e-010
7212	2.287e-010
7213	2.3257e-010
7214	2.3848e-010
7215	2.4576e-010
7216	2.4598e-010
7217	2.3916e-010
7218	2.339e-010
7219	2.3101e-010
7220	2.2698e-010
7221	2.2163e-010
7222	2.1685e-010
7223	2.1126e-010
7224	2.0698e-010
7225	2.0266e-010
7226	1.9925e-010
7227	1.9505e-010
7228	1.9114e-010
7229	1.8744e-010
7230	1.828e-010
7231	1.7874e-010
7232	1.7581e-010
7233	1.7393e-010
7234	1.7125e-010
7235	1.6904e-010
7236	1.6841e-010
7237	1.6424e-010
7238	1.5975e-010
7239	1.6113e-010
7240	1.592e-010
7241	1.5882e-010
7242	1.5179e-010
7243	1.5277e-010
7244	1.593e-010
7245	1.3744e-010
7246	1.3325e-010
7247	1.4567e-010
7248	1.31e-010
7249	1.3054e-010
7250	1.4376e-010
7251	1.3906e-010
7252	1.4453e-010
7253	1.2066e-010
7254	1.2642e-010
7255	1.1215e-010
7256	1.0623e-010
7257	1.1235e-010
7258	1.0432e-010
7259	1.1016e-010
7260	1.0055e-010
7261	1.023e-010
7262	9.3631e-011
7263	9.336e-011
7264	9.0328e-011
7265	8.7717e-011
7266	1.0292e-010
7267	1.0303e-010
7268	1.0134e-010
7269	8.0869e-011
7270	8.1941e-011
7271	8.4138e-011
7272	8.237e-011
7273	1.0012e-010
7274	8.8416e-011
7275	9.7497e-011
7276	2.3904e-010
7277	3.5603e-010
7278	2.677e-010
7279	6.8549e-010
7280	4.8554e-010
7281	4.1426e-011
7282	4.4691e-011
7283	4.7632e-011
7284	4.8918e-011
7285	5.5485e-011
7286	5.3097e-011
7287	5.3844e-011
7288	5.6062e-011
7289	5.7889e-011
7290	5.8105e-011
7291	5.9328e-011
7292	6.112e-011
7293	6.2258e-011
7294	6.486e-011
7295	6.5055e-011
7296	6.6635e-011
7297	6.7958e-011
7298	6.9643e-011
7299	7.1403e-011
7300	7.2673e-011
7301	7.4956e-011
7302	7.5848e-011
7303	7.8469e-011
7304	7.9434e-011
7305	8.1871e-011
7306	8.3399e-011
7307	8.4936e-011
7308	8.8117e-011
7309	8.8541e-011
7310	9.2639e-011
7311	9.2747e-011
7312	9.5116e-011
7313	9.8543e-011
7314	9.9081e-011
7315	1.0217e-010
7316	1.051e-010
7317	1.0602e-010
7318	1.089e-010
7319	1.1288e-010
7320	1.1385e-010
7321	1.1585e-010
7322	1.1934e-010
7323	1.2265e-010
7324	1.2504e-010
7325	1.272e-010
7326	1.2982e-010
7327	1.3317e-010
7328	1.3633e-010
7329	1.3941e-010
7330	1.4278e-010
7331	1.4585e-010
7332	1.4899e-010
7333	1.523e-010
7334	1.5578e-010
7335	1.592e-010
7336	1.6311e-010
7337	1.6698e-010
7338	1.709e-010
7339	1.7468e-010
7340	1.7824e-010
7341	1.8116e-010
7342	1.8606e-010
7343	1.9241e-010
7344	1.9713e-010
7345	1.9843e-010
7346	1.987e-010
7347	1.9803e-010
7348	1.9403e-010
7349	1.874e-010
7350	1.8187e-010
7351	1.8005e-010
7352	1.7718e-010
7353	1.7388e-010
7354	1.7008e-010
7355	1.6574e-010
7356	1.615e-010
7357	1.5823e-010
7358	1.5497e-010
7359	1.518e-010
7360	1.4917e-010
7361	1.4813e-010
7362	1.4437e-010
7363	1.4275e-010
7364	1.3919e-010
7365	1.3195e-010
7366	1.3256e-010
7367	1.3725e-010
7368	1.4088e-010
7369	1.3317e-010
7370	1.1878e-010
7371	1.265e-010
7372	1.4127e-010
7373	1.2062e-010
7374	1.1651e-010
7375	1.2985e-010
7376	1.0888e-010
7377	1.0633e-010
7378	1.2332e-010
7379	1.013e-010
7380	1.0719e-010
7381	1.3829e-010
7382	1.043e-010
7383	1.1502e-010
7384	9.4002e-011
7385	8.817e-011
7386	9.1751e-011
7387	8.4225e-011
7388	9.245e-011
7389	8.2458e-011
7390	8.8014e-011
7391	7.8508e-011
7392	7.7421e-011
7393	7.3687e-011
7394	7.0745e-011
7395	7.0588e-011
7396	8.0308e-011
7397	9.6813e-011
7398	7.8533e-011
7399	6.8114e-011
7400	6.0799e-011
7401	6.6534e-011
7402	7.1704e-011
7403	6.7976e-011
7404	8.4831e-011
7405	8.4792e-011
7406	1.9742e-010
7407	3.7954e-010
7408	3.0435e-010
7409	5.6603e-010
7410	5.5595e-010
7411	4.1364e-011
7412	4.4612e-011
7413	4.752e-011
7414	4.8794e-011
7415	5.5364e-011
7416	5.2983e-011
7417	5.3739e-011
7418	5.5958e-011
7419	5.7788e-011
7420	5.8022e-011
7421	5.9293e-011
7422	6.11e-011
7423	6.2189e-011
7424	6.4746e-011
7425	6.4918e-011
7426	6.6517e-011
7427	6.7856e-011
7428	6.9528e-011
7429	7.1294e-011
7430	7.2581e-011
7431	7.4889e-011
7432	7.5829e-011
7433	7.8457e-011
7434	7.9343e-011
7435	8.1755e-011
7436	8.3302e-011
7437	8.4835e-011
7438	8.8019e-011
7439	8.8419e-011
7440	9.2533e-011
7441	9.2664e-011
7442	9.5071e-011
7443	9.8437e-011
7444	9.8982e-011
7445	1.0203e-010
7446	1.049e-010
7447	1.0587e-010
7448	1.0881e-010
7449	1.1277e-010
7450	1.1378e-010
7451	1.1573e-010
7452	1.1915e-010
7453	1.2246e-010
7454	1.2483e-010
7455	1.2706e-010
7456	1.2972e-010
7457	1.3303e-010
7458	1.362e-010
7459	1.3927e-010
7460	1.4256e-010
7461	1.456e-010
7462	1.4872e-010
7463	1.5211e-010
7464	1.5562e-010
7465	1.5898e-010
7466	1.6291e-010
7467	1.6692e-010
7468	1.7078e-010
7469	1.7459e-010
7470	1.7832e-010
7471	1.8108e-010
7472	1.8599e-010
7473	1.9234e-010
7474	1.9704e-010
7475	1.983e-010
7476	1.9862e-010
7477	1.9792e-010
7478	1.9404e-010
7479	1.8729e-010
7480	1.8182e-010
7481	1.8006e-010
7482	1.772e-010
7483	1.7387e-010
7484	1.7005e-010
7485	1.6574e-010
7486	1.6144e-010
7487	1.5823e-010
7488	1.5492e-010
7489	1.5181e-010
7490	1.4955e-010
7491	1.4726e-010
7492	1.4475e-010
7493	1.4277e-010
7494	1.3919e-010
7495	1.3199e-010
7496	1.3261e-010
7497	1.373e-010
7498	1.4079e-010
7499	1.3321e-010
7500	1.1888e-010
7501	1.266e-010
7502	1.4141e-010
7503	1.2078e-010
7504	1.1666e-010
7505	1.2994e-010
7506	1.0897e-010
7507	1.0645e-010
7508	1.2347e-010
7509	1.014e-010
7510	1.073e-010
7511	1.3846e-010
7512	1.0447e-010
7513	1.1521e-010
7514	9.413e-011
7515	8.8295e-011
7516	9.1855e-011
7517	8.4323e-011
7518	9.2542e-011
7519	8.2537e-011
7520	8.8051e-011
7521	7.8558e-011
7522	7.7474e-011
7523	7.3742e-011
7524	7.0807e-011
7525	7.0643e-011
7526	8.0369e-011
7527	9.6868e-011
7528	7.8578e-011
7529	6.8192e-011
7530	6.0878e-011
7531	6.6622e-011
7532	7.1793e-011
7533	6.8062e-011
7534	8.4927e-011
7535	8.4857e-011
7536	1.9749e-010
7537	3.7958e-010
7538	3.044e-010
7539	5.661e-010
7540	5.5605e-010
7541	6.4439e-011
7542	6.6486e-011
7543	6.7881e-011
7544	6.5047e-011
7545	6.2785e-011
7546	6.5285e-011
7547	6.6712e-011
7548	6.8553e-011
7549	6.947e-011
7550	7.2027e-011
7551	7.3316e-011
7552	7.4488e-011
7553	7.7173e-011
7554	7.7714e-011
7555	8.0409e-011
7556	8.1407e-011
7557	8.3404e-011
7558	8.523e-011
7559	8.6971e-011
7560	8.9346e-011
7561	9.081e-011
7562	9.3682e-011
7563	9.505e-011
7564	9.7933e-011
7565	9.9534e-011
7566	1.02e-010
7567	1.0472e-010
7568	1.0603e-010
7569	1.0988e-010
7570	1.1075e-010
7571	1.1461e-010
7572	1.1675e-010
7573	1.1853e-010
7574	1.2244e-010
7575	1.244e-010
7576	1.2682e-010
7577	1.3083e-010
7578	1.335e-010
7579	1.356e-010
7580	1.3949e-010
7581	1.429e-010
7582	1.4545e-010
7583	1.4824e-010
7584	1.5185e-010
7585	1.5588e-010
7586	1.5944e-010
7587	1.6265e-010
7588	1.6619e-010
7589	1.6988e-010
7590	1.7377e-010
7591	1.7775e-010
7592	1.8183e-010
7593	1.8604e-010
7594	1.9035e-010
7595	1.9472e-010
7596	1.9889e-010
7597	2.0358e-010
7598	2.0787e-010
7599	2.131e-010
7600	2.1833e-010
7601	2.2394e-010
7602	2.2863e-010
7603	2.3255e-010
7604	2.3829e-010
7605	2.4553e-010
7606	2.4582e-010
7607	2.3909e-010
7608	2.3379e-010
7609	2.3087e-010
7610	2.269e-010
7611	2.2161e-010
7612	2.1683e-010
7613	2.1122e-010
7614	2.0689e-010
7615	2.0261e-010
7616	1.9925e-010
7617	1.9502e-010
7618	1.9112e-010
7619	1.8739e-010
7620	1.8261e-010
7621	1.7889e-010
7622	1.7562e-010
7623	1.7385e-010
7624	1.7133e-010
7625	1.6912e-010
7626	1.6858e-010
7627	1.6438e-010
7628	1.5976e-010
7629	1.6122e-010
7630	1.5933e-010
7631	1.5897e-010
7632	1.5198e-010
7633	1.53e-010
7634	1.5953e-010
7635	1.3762e-010
7636	1.3341e-010
7637	1.4586e-010
7638	1.3126e-010
7639	1.3075e-010
7640	1.4397e-010
7641	1.3931e-010
7642	1.4485e-010
7643	1.2096e-010
7644	1.2664e-010
7645	1.1232e-010
7646	1.0632e-010
7647	1.1247e-010
7648	1.0444e-010
7649	1.1025e-010
7650	1.0064e-010
7651	1.0239e-010
7652	9.3761e-011
7653	9.3479e-011
7654	9.0454e-011
7655	8.7823e-011
7656	1.0301e-010
7657	1.0313e-010
7658	1.0146e-010
7659	8.1012e-011
7660	8.2108e-011
7661	8.4277e-011
7662	8.2512e-011
7663	1.0024e-010
7664	8.8547e-011
7665	9.7597e-011
7666	2.3913e-010
7667	3.561e-010
7668	2.6779e-010
7669	6.8557e-010
7670	4.8565e-010
7671	4.1364e-011
7672	4.4613e-011
7673	4.752e-011
7674	4.8794e-011
7675	5.5362e-011
7676	5.2982e-011
7677	5.3742e-011
7678	5.5959e-011
7679	5.7789e-011
7680	5.8024e-011
7681	5.9285e-011
7682	6.1094e-011
7683	6.2191e-011
7684	6.4746e-011
7685	6.4912e-011
7686	6.6509e-011
7687	6.7849e-011
7688	6.9532e-011
7689	7.1282e-011
7690	7.2581e-011
7691	7.4892e-011
7692	7.5835e-011
7693	7.8447e-011
7694	7.9346e-011
7695	8.1745e-011
7696	8.3304e-011
7697	8.4833e-011
7698	8.8022e-011
7699	8.842e-011
7700	9.2535e-011
7701	9.2664e-011
7702	9.5074e-011
7703	9.8441e-011
7704	9.8982e-011
7705	1.0204e-010
7706	1.049e-010
7707	1.0587e-010
7708	1.0881e-010
7709	1.1276e-010
7710	1.1378e-010
7711	1.1573e-010
7712	1.1915e-010
7713	1.2246e-010
7714	1.2482e-010
7715	1.2707e-010
7716	1.2972e-010
7717	1.3303e-010
7718	1.362e-010
7719	1.3927e-010
7720	1.4255e-010
7721	1.456e-010
7722	1.4872e-010
7723	1.5211e-010
7724	1.5563e-010
7725	1.5896e-010
7726	1.6291e-010
7727	1.6693e-010
7728	1.7078e-010
7729	1.7459e-010
7730	1.783e-010
7731	1.8109e-010
7732	1.8597e-010
7733	1.9234e-010
7734	1.9704e-010
7735	1.9829e-010
7736	1.9862e-010
7737	1.9792e-010
7738	1.9404e-010
7739	1.873e-010
7740	1.8183e-010
7741	1.8006e-010
7742	1.772e-010
7743	1.7385e-010
7744	1.7006e-010
7745	1.6572e-010
7746	1.6145e-010
7747	1.5823e-010
7748	1.549e-010
7749	1.5176e-010
7750	1.4951e-010
7751	1.4721e-010
7752	1.4471e-010
7753	1.4273e-010
7754	1.3921e-010
7755	1.3203e-010
7756	1.3258e-010
7757	1.3737e-010
7758	1.4077e-010
7759	1.3327e-010
7760	1.1885e-010
7761	1.2662e-010
7762	1.4139e-010
7763	1.2079e-010
7764	1.1665e-010
7765	1.2996e-010
7766	1.0896e-010
7767	1.0645e-010
7768	1.2347e-010
7769	1.014e-010
7770	1.073e-010
7771	1.3846e-010
7772	1.0447e-010
7773	1.152e-010
7774	9.4131e-011
7775	8.8295e-011
7776	9.1854e-011
7777	8.4324e-011
7778	9.2533e-011
7779	8.2539e-011
7780	8.8051e-011
7781	7.8556e-011
7782	7.7475e-011
7783	7.3744e-011
7784	7.0805e-011
7785	7.0645e-011
7786	8.0369e-011
7787	9.6871e-011
7788	7.8579e-011
7789	6.8193e-011
7790	6.0881e-011
7791	6.6625e-011
7792	7.1793e-011
7793	6.8065e-011
7794	8.4927e-011
7795	8.4858e-011
7796	1.9749e-010
7797	3.7958e-010
7798	3.044e-010
7799	5.661e-010
7800	5.5602e-010
7801	4.1429e-011
7802	4.4695e-011
7803	4.7637e-011
7804	4.891e-011
7805	5.5481e-011
7806	5.3095e-011
7807	5.3851e-011
7808	5.6069e-011
7809	5.7895e-011
7810	5.8092e-011
7811	5.9338e-011
7812	6.1127e-011
7813	6.2254e-011
7814	6.4863e-011
7815	6.5044e-011
7816	6.664e-011
7817	6.7956e-011
7818	6.9649e-011
7819	7.1391e-011
7820	7.2671e-011
7821	7.4964e-011
7822	7.585e-011
7823	7.8441e-011
7824	7.9432e-011
7825	8.1869e-011
7826	8.3392e-011
7827	8.4924e-011
7828	8.8112e-011
7829	8.8535e-011
7830	9.2645e-011
7831	9.2716e-011
7832	9.5127e-011
7833	9.8541e-011
7834	9.908e-011
7835	1.0217e-010
7836	1.051e-010
7837	1.0602e-010
7838	1.089e-010
7839	1.1287e-010
7840	1.1386e-010
7841	1.1585e-010
7842	1.1934e-010
7843	1.2265e-010
7844	1.2505e-010
7845	1.2721e-010
7846	1.2982e-010
7847	1.3319e-010
7848	1.3634e-010
7849	1.3941e-010
7850	1.4277e-010
7851	1.4587e-010
7852	1.4901e-010
7853	1.5232e-010
7854	1.5579e-010
7855	1.5919e-010
7856	1.6309e-010
7857	1.6697e-010
7858	1.7091e-010
7859	1.7469e-010
7860	1.7823e-010
7861	1.8115e-010
7862	1.8606e-010
7863	1.9237e-010
7864	1.9715e-010
7865	1.9847e-010
7866	1.987e-010
7867	1.98e-010
7868	1.9402e-010
7869	1.874e-010
7870	1.8189e-010
7871	1.8006e-010
7872	1.7719e-010
7873	1.7387e-010
7874	1.7009e-010
7875	1.6572e-010
7876	1.6148e-010
7877	1.5825e-010
7878	1.5496e-010
7879	1.5178e-010
7880	1.4955e-010
7881	1.4715e-010
7882	1.4469e-010
7883	1.4268e-010
7884	1.3916e-010
7885	1.3196e-010
7886	1.325e-010
7887	1.377e-010
7888	1.3875e-010
7889	1.3352e-010
7890	1.1875e-010
7891	1.2651e-010
7892	1.413e-010
7893	1.2067e-010
7894	1.1651e-010
7895	1.2985e-010
7896	1.0885e-010
7897	1.0635e-010
7898	1.2333e-010
7899	1.0128e-010
7900	1.0718e-010
7901	1.3829e-010
7902	1.0431e-010
7903	1.1502e-010
7904	9.3988e-011
7905	8.8174e-011
7906	9.1756e-011
7907	8.4229e-011
7908	9.245e-011
7909	8.2466e-011
7910	8.8017e-011
7911	7.8502e-011
7912	7.7431e-011
7913	7.3684e-011
7914	7.0738e-011
7915	7.0572e-011
7916	8.0319e-011
7917	9.682e-011
7918	7.8522e-011
7919	6.8118e-011
7920	6.0787e-011
7921	6.6539e-011
7922	7.1702e-011
7923	6.7976e-011
7924	8.4841e-011
7925	8.4783e-011
7926	1.9742e-010
7927	3.7955e-010
7928	3.0434e-010
7929	5.6604e-010
7930	5.5596e-010
7931	6.4555e-011
7932	6.6646e-011
7933	6.8064e-011
7934	6.5228e-011
7935	6.2955e-011
7936	6.5443e-011
7937	6.6894e-011
7938	6.8734e-011
7939	6.9621e-011
7940	7.2152e-011
7941	7.3338e-011
7942	7.4468e-011
7943	7.7229e-011
7944	7.7862e-011
7945	8.0608e-011
7946	8.1636e-011
7947	8.3637e-011
7948	8.5469e-011
7949	8.7226e-011
7950	8.958e-011
7951	9.0994e-011
7952	9.3702e-011
7953	9.5026e-011
7954	9.7992e-011
7955	9.9698e-011
7956	1.021e-010
7957	1.0484e-010
7958	1.0623e-010
7959	1.101e-010
7960	1.11e-010
7961	1.1477e-010
7962	1.1689e-010
7963	1.1872e-010
7964	1.2265e-010
7965	1.2467e-010
7966	1.2721e-010
7967	1.311e-010
7968	1.3359e-010
7969	1.3568e-010
7970	1.396e-010
7971	1.4307e-010
7972	1.4572e-010
7973	1.4857e-010
7974	1.5221e-010
7975	1.5622e-010
7976	1.5976e-010
7977	1.6298e-010
7978	1.665e-010
7979	1.7022e-010
7980	1.7412e-010
7981	1.7821e-010
7982	1.8234e-010
7983	1.8645e-010
7984	1.9063e-010
7985	1.9502e-010
7986	1.9908e-010
7987	2.036e-010
7988	2.0812e-010
7989	2.1324e-010
7990	2.1821e-010
7991	2.2398e-010
7992	2.2869e-010
7993	2.3257e-010
7994	2.3855e-010
7995	2.4574e-010
7996	2.4601e-010
7997	2.3921e-010
7998	2.3393e-010
7999	2.3101e-010
8000	2.2701e-010
8001	2.216e-010
8002	2.1687e-010
8003	2.1123e-010
8004	2.0698e-010
8005	2.0265e-010
8006	1.9926e-010
8007	1.9504e-010
8008	1.9119e-010
8009	1.8733e-010
8010	1.8264e-010
8011	1.7871e-010
8012	1.7563e-010
8013	1.7381e-010
8014	1.7129e-010
8015	1.6904e-010
8016	1.6805e-010
8017	1.6376e-010
8018	1.5845e-010
8019	1.6044e-010
8020	1.5888e-010
8021	1.5882e-010
8022	1.5188e-010
8023	1.5281e-010
8024	1.5928e-010
8025	1.3744e-010
8026	1.3324e-010
8027	1.4566e-010
8028	1.3099e-010
8029	1.3055e-010
8030	1.4376e-010
8031	1.3905e-010
8032	1.4454e-010
8033	1.2069e-010
8034	1.2643e-010
8035	1.1214e-010
8036	1.0621e-010
8037	1.1234e-010
8038	1.0432e-010
8039	1.1015e-010
8040	1.0055e-010
8041	1.023e-010
8042	9.3645e-011
8043	9.3354e-011
8044	9.033e-011
8045	8.7707e-011
8046	1.0291e-010
8047	1.0305e-010
8048	1.0135e-010
8049	8.0868e-011
8050	8.1937e-011
8051	8.4136e-011
8052	8.236e-011
8053	1.0011e-010
8054	8.8427e-011
8055	9.7493e-011
8056	2.3904e-010
8057	3.5605e-010
8058	2.677e-010
8059	6.855e-010
8060	4.8553e-010
8061	4.1441e-011
8062	4.4703e-011
8063	4.7629e-011
8064	4.8903e-011
8065	5.5473e-011
8066	5.308e-011
8067	5.3839e-011
8068	5.607e-011
8069	5.7902e-011
8070	5.8097e-011
8071	5.9314e-011
8072	6.1114e-011
8073	6.2247e-011
8074	6.4876e-011
8075	6.5057e-011
8076	6.6643e-011
8077	6.797e-011
8078	6.9647e-011
8079	7.1408e-011
8080	7.27e-011
8081	7.4984e-011
8082	7.583e-011
8083	7.8439e-011
8084	7.9436e-011
8085	8.1901e-011
8086	8.342e-011
8087	8.4941e-011
8088	8.8129e-011
8089	8.853e-011
8090	9.2648e-011
8091	9.2731e-011
8092	9.5108e-011
8093	9.8508e-011
8094	9.9056e-011
8095	1.0219e-010
8096	1.051e-010
8097	1.0601e-010
8098	1.0886e-010
8099	1.1286e-010
8100	1.1386e-010
8101	1.1586e-010
8102	1.1934e-010
8103	1.2266e-010
8104	1.2503e-010
8105	1.2726e-010
8106	1.2985e-010
8107	1.3323e-010
8108	1.3642e-010
8109	1.3946e-010
8110	1.4282e-010
8111	1.4585e-010
8112	1.49e-010
8113	1.5231e-010
8114	1.558e-010
8115	1.5916e-010
8116	1.6306e-010
8117	1.6704e-010
8118	1.7095e-010
8119	1.7469e-010
8120	1.7827e-010
8121	1.8111e-010
8122	1.8604e-010
8123	1.9233e-010
8124	1.9717e-010
8125	1.9839e-010
8126	1.9872e-010
8127	1.9803e-010
8128	1.9405e-010
8129	1.8742e-010
8130	1.8186e-010
8131	1.8007e-010
8132	1.7717e-010
8133	1.7391e-010
8134	1.701e-010
8135	1.6575e-010
8136	1.6148e-010
8137	1.5823e-010
8138	1.5496e-010
8139	1.5181e-010
8140	1.4947e-010
8141	1.4726e-010
8142	1.4462e-010
8143	1.4268e-010
8144	1.3916e-010
8145	1.3188e-010
8146	1.3255e-010
8147	1.3713e-010
8148	1.3843e-010
8149	1.3287e-010
8150	1.188e-010
8151	1.2657e-010
8152	1.4135e-010
8153	1.2078e-010
8154	1.165e-010
8155	1.2979e-010
8156	1.0883e-010
8157	1.0632e-010
8158	1.2328e-010
8159	1.0126e-010
8160	1.0717e-010
8161	1.3825e-010
8162	1.0429e-010
8163	1.1499e-010
8164	9.3973e-011
8165	8.8143e-011
8166	9.1715e-011
8167	8.4213e-011
8168	9.2423e-011
8169	8.2453e-011
8170	8.7992e-011
8171	7.8472e-011
8172	7.7411e-011
8173	7.3668e-011
8174	7.0735e-011
8175	7.0566e-011
8176	8.0301e-011
8177	9.6795e-011
8178	7.8511e-011
8179	6.8102e-011
8180	6.0777e-011
8181	6.6533e-011
8182	7.1725e-011
8183	6.7987e-011
8184	8.4842e-011
8185	8.479e-011
8186	1.9743e-010
8187	3.7954e-010
8188	3.0432e-010
8189	5.6605e-010
8190	5.5591e-010
8191	4.1441e-011
8192	4.4704e-011
8193	4.7623e-011
8194	4.8906e-011
8195	5.5477e-011
8196	5.3083e-011
8197	5.3839e-011
8198	5.607e-011
8199	5.7903e-011
8200	5.8099e-011
8201	5.9315e-011
8202	6.1108e-011
8203	6.2249e-011
8204	6.4877e-011
8205	6.5057e-011
8206	6.6643e-011
8207	6.7973e-011
8208	6.965e-011
8209	7.1403e-011
8210	7.2701e-011
8211	7.4978e-011
8212	7.5818e-011
8213	7.8443e-011
8214	7.9439e-011
8215	8.1901e-011
8216	8.3422e-011
8217	8.494e-011
8218	8.8137e-011
8219	8.8534e-011
8220	9.2654e-011
8221	9.2737e-011
8222	9.5112e-011
8223	9.8492e-011
8224	9.9062e-011
8225	1.0219e-010
8226	1.051e-010
8227	1.0601e-010
8228	1.0886e-010
8229	1.1287e-010
8230	1.1386e-010
8231	1.1586e-010
8232	1.1935e-010
8233	1.2266e-010
8234	1.2504e-010
8235	1.2724e-010
8236	1.2985e-010
8237	1.3322e-010
8238	1.364e-010
8239	1.3946e-010
8240	1.4282e-010
8241	1.4585e-010
8242	1.4901e-010
8243	1.5232e-010
8244	1.5579e-010
8245	1.5916e-010
8246	1.6306e-010
8247	1.6701e-010
8248	1.7096e-010
8249	1.7464e-010
8250	1.7828e-010
8251	1.8109e-010
8252	1.8605e-010
8253	1.923e-010
8254	1.9718e-010
8255	1.9839e-010
8256	1.9872e-010
8257	1.9803e-010
8258	1.9405e-010
8259	1.8743e-010
8260	1.8187e-010
8261	1.8007e-010
8262	1.7717e-010
8263	1.7392e-010
8264	1.7009e-010
8265	1.6576e-010
8266	1.6148e-010
8267	1.5824e-010
8268	1.5493e-010
8269	1.5183e-010
8270	1.4941e-010
8271	1.4728e-010
8272	1.4456e-010
8273	1.4272e-010
8274	1.3917e-010
8275	1.3189e-010
8276	1.3258e-010
8277	1.3712e-010
8278	1.3829e-010
8279	1.3281e-010
8280	1.1889e-010
8281	1.2638e-010
8282	1.4148e-010
8283	1.206e-010
8284	1.1657e-010
8285	1.2976e-010
8286	1.0884e-010
8287	1.0632e-010
8288	1.2328e-010
8289	1.0126e-010
8290	1.0716e-010
8291	1.3825e-010
8292	1.0429e-010
8293	1.1499e-010
8294	9.3975e-011
8295	8.8149e-011
8296	9.1718e-011
8297	8.4214e-011
8298	9.2418e-011
8299	8.2455e-011
8300	8.7992e-011
8301	7.8472e-011
8302	7.7412e-011
8303	7.3659e-011
8304	7.0738e-011
8305	7.0568e-011
8306	8.0307e-011
8307	9.6798e-011
8308	7.8512e-011
8309	6.8104e-011
8310	6.0784e-011
8311	6.654e-011
8312	7.1726e-011
8313	6.7988e-011
8314	8.4835e-011
8315	8.4793e-011
8316	1.9743e-010
8317	3.7954e-010
8318	3.0432e-010
8319	5.6606e-010
8320	5.5592e-010
8321	6.4554e-011
8322	6.6639e-011
8323	6.8055e-011
8324	6.5241e-011
8325	6.296e-011
8326	6.5452e-011
8327	6.689e-011
8328	6.8739e-011
8329	6.9617e-011
8330	7.215e-011
8331	7.3338e-011
8332	7.4465e-011
8333	7.723e-011
8334	7.7865e-011
8335	8.0605e-011
8336	8.1632e-011
8337	8.3645e-011
8338	8.5467e-011
8339	8.7221e-011
8340	8.9593e-011
8341	9.0992e-011
8342	9.3707e-011
8343	9.5043e-011
8344	9.7992e-011
8345	9.9703e-011
8346	1.0211e-010
8347	1.0485e-010
8348	1.0625e-010
8349	1.1009e-010
8350	1.1099e-010
8351	1.1477e-010
8352	1.1688e-010
8353	1.1871e-010
8354	1.2265e-010
8355	1.2468e-010
8356	1.272e-010
8357	1.3108e-010
8358	1.3358e-010
8359	1.3569e-010
8360	1.3962e-010
8361	1.4306e-010
8362	1.4571e-010
8363	1.4857e-010
8364	1.5224e-010
8365	1.562e-010
8366	1.5975e-010
8367	1.63e-010
8368	1.6649e-010
8369	1.7023e-010
8370	1.741e-010
8371	1.7822e-010
8372	1.8233e-010
8373	1.8644e-010
8374	1.9062e-010
8375	1.9503e-010
8376	1.9907e-010
8377	2.036e-010
8378	2.081e-010
8379	2.1323e-010
8380	2.182e-010
8381	2.2399e-010
8382	2.287e-010
8383	2.3257e-010
8384	2.3853e-010
8385	2.4577e-010
8386	2.46e-010
8387	2.3919e-010
8388	2.3391e-010
8389	2.3099e-010
8390	2.2699e-010
8391	2.2165e-010
8392	2.1686e-010
8393	2.1121e-010
8394	2.0698e-010
8395	2.0264e-010
8396	1.9924e-010
8397	1.9503e-010
8398	1.9118e-010
8399	1.873e-010
8400	1.8275e-010
8401	1.786e-010
8402	1.7573e-010
8403	1.7379e-010
8404	1.7127e-010
8405	1.6904e-010
8406	1.6807e-010
8407	1.6382e-010
8408	1.5825e-010
8409	1.605e-010
8410	1.5887e-010
8411	1.5895e-010
8412	1.5186e-010
8413	1.5293e-010
8414	1.5925e-010
8415	1.3742e-010
8416	1.3324e-010
8417	1.4567e-010
8418	1.3101e-010
8419	1.3054e-010
8420	1.4376e-010
8421	1.3906e-010
8422	1.4455e-010
8423	1.2069e-010
8424	1.2643e-010
8425	1.1216e-010
8426	1.062e-010
8427	1.1235e-010
8428	1.0432e-010
8429	1.1015e-010
8430	1.0054e-010
8431	1.0229e-010
8432	9.3641e-011
8433	9.335e-011
8434	9.0325e-011
8435	8.7701e-011
8436	1.0291e-010
8437	1.0305e-010
8438	1.0135e-010
8439	8.0861e-011
8440	8.1937e-011
8441	8.4149e-011
8442	8.236e-011
8443	1.0012e-010
8444	8.8422e-011
8445	9.7489e-011
8446	2.3904e-010
8447	3.5605e-010
8448	2.677e-010
8449	6.8549e-010
8450	4.8551e-010
8451	4.143e-011
8452	4.4693e-011
8453	4.7639e-011
8454	4.8914e-011
8455	5.5481e-011
8456	5.3087e-011
8457	5.3857e-011
8458	5.6071e-011
8459	5.789e-011
8460	5.8091e-011
8461	5.9323e-011
8462	6.1123e-011
8463	6.2243e-011
8464	6.4869e-011
8465	6.5049e-011
8466	6.6636e-011
8467	6.7964e-011
8468	6.9638e-011
8469	7.1387e-011
8470	7.2672e-011
8471	7.4968e-011
8472	7.5849e-011
8473	7.8449e-011
8474	7.9431e-011
8475	8.1877e-011
8476	8.3401e-011
8477	8.492e-011
8478	8.8117e-011
8479	8.851e-011
8480	9.2637e-011
8481	9.2717e-011
8482	9.5133e-011
8483	9.8521e-011
8484	9.9088e-011
8485	1.0215e-010
8486	1.051e-010
8487	1.0602e-010
8488	1.0888e-010
8489	1.1287e-010
8490	1.1385e-010
8491	1.1583e-010
8492	1.1935e-010
8493	1.2266e-010
8494	1.2505e-010
8495	1.2723e-010
8496	1.2983e-010
8497	1.3318e-010
8498	1.3634e-010
8499	1.3942e-010
8500	1.4279e-010
8501	1.4585e-010
8502	1.4902e-010
8503	1.5232e-010
8504	1.5581e-010
8505	1.5917e-010
8506	1.6309e-010
8507	1.6699e-010
8508	1.7087e-010
8509	1.7467e-010
8510	1.7824e-010
8511	1.8116e-010
8512	1.8609e-010
8513	1.9237e-010
8514	1.9715e-010
8515	1.9845e-010
8516	1.9868e-010
8517	1.9801e-010
8518	1.9403e-010
8519	1.8738e-010
8520	1.8189e-010
8521	1.8008e-010
8522	1.7718e-010
8523	1.7386e-010
8524	1.7008e-010
8525	1.6574e-010
8526	1.6147e-010
8527	1.582e-010
8528	1.5497e-010
8529	1.518e-010
8530	1.4944e-010
8531	1.4728e-010
8532	1.4461e-010
8533	1.4273e-010
8534	1.3915e-010
8535	1.3194e-010
8536	1.3259e-010
8537	1.3742e-010
8538	1.3861e-010
8539	1.3323e-010
8540	1.188e-010
8541	1.2655e-010
8542	1.4131e-010
8543	1.207e-010
8544	1.1652e-010
8545	1.2983e-010
8546	1.0887e-010
8547	1.0634e-010
8548	1.2334e-010
8549	1.0127e-010
8550	1.0718e-010
8551	1.383e-010
8552	1.0431e-010
8553	1.1502e-010
8554	9.4e-011
8555	8.8184e-011
8556	9.176e-011
8557	8.4239e-011
8558	9.2467e-011
8559	8.2475e-011
8560	8.8002e-011
8561	7.851e-011
8562	7.7435e-011
8563	7.366e-011
8564	7.0733e-011
8565	7.0577e-011
8566	8.0322e-011
8567	9.6813e-011
8568	7.8526e-011
8569	6.8121e-011
8570	6.0779e-011
8571	6.6543e-011
8572	7.1707e-011
8573	6.7973e-011
8574	8.4832e-011
8575	8.4783e-011
8576	1.9742e-010
8577	3.7955e-010
8578	3.0433e-010
8579	5.6604e-010
8580	5.5598e-010
8581	4.1366e-011
8582	4.4614e-011
8583	4.7529e-011
8584	4.8798e-011
8585	5.5369e-011
8586	5.2983e-011
8587	5.3748e-011
8588	5.5962e-011
8589	5.7788e-011
8590	5.8037e-011
8591	5.9287e-011
8592	6.1096e-011
8593	6.2179e-011
8594	6.4746e-011
8595	6.4916e-011
8596	6.6523e-011
8597	6.7852e-011
8598	6.9524e-011
8599	7.1281e-011
8600	7.2577e-011
8601	7.4893e-011
8602	7.5845e-011
8603	7.8449e-011
8604	7.9358e-011
8605	8.1753e-011
8606	8.3301e-011
8607	8.4838e-011
8608	8.8021e-011
8609	8.8421e-011
8610	9.2541e-011
8611	9.2679e-011
8612	9.5069e-011
8613	9.8424e-011
8614	9.8961e-011
8615	1.0204e-010
8616	1.0488e-010
8617	1.0585e-010
8618	1.0879e-010
8619	1.1278e-010
8620	1.1377e-010
8621	1.1573e-010
8622	1.1917e-010
8623	1.2246e-010
8624	1.248e-010
8625	1.2705e-010
8626	1.2971e-010
8627	1.3306e-010
8628	1.362e-010
8629	1.3925e-010
8630	1.4259e-010
8631	1.4561e-010
8632	1.4871e-010
8633	1.521e-010
8634	1.5561e-010
8635	1.5896e-010
8636	1.6291e-010
8637	1.6693e-010
8638	1.7081e-010
8639	1.746e-010
8640	1.783e-010
8641	1.8112e-010
8642	1.8598e-010
8643	1.9231e-010
8644	1.9705e-010
8645	1.9831e-010
8646	1.9863e-010
8647	1.9796e-010
8648	1.9405e-010
8649	1.8731e-010
8650	1.8186e-010
8651	1.8009e-010
8652	1.7718e-010
8653	1.7386e-010
8654	1.7005e-010
8655	1.6572e-010
8656	1.6144e-010
8657	1.5818e-010
8658	1.5491e-010
8659	1.518e-010
8660	1.4946e-010
8661	1.4733e-010
8662	1.4466e-010
8663	1.4277e-010
8664	1.3921e-010
8665	1.3199e-010
8666	1.3257e-010
8667	1.3741e-010
8668	1.3733e-010
8669	1.3315e-010
8670	1.1885e-010
8671	1.2655e-010
8672	1.4132e-010
8673	1.2082e-010
8674	1.1663e-010
8675	1.2993e-010
8676	1.0897e-010
8677	1.0645e-010
8678	1.2346e-010
8679	1.0139e-010
8680	1.0729e-010
8681	1.3846e-010
8682	1.0447e-010
8683	1.1519e-010
8684	9.412e-011
8685	8.8286e-011
8686	9.1855e-011
8687	8.4314e-011
8688	9.2535e-011
8689	8.2534e-011
8690	8.806e-011
8691	7.854e-011
8692	7.7485e-011
8693	7.3731e-011
8694	7.0808e-011
8695	7.0653e-011
8696	8.036e-011
8697	9.6874e-011
8698	7.8575e-011
8699	6.8194e-011
8700	6.0873e-011
8701	6.6624e-011
8702	7.179e-011
8703	6.8063e-011
8704	8.4919e-011
8705	8.4866e-011
8706	1.9748e-010
8707	3.796e-010
8708	3.044e-010
8709	5.6609e-010
8710	5.5604e-010
8711	6.4432e-011
8712	6.6497e-011
8713	6.7879e-011
8714	6.5056e-011
8715	6.2784e-011
8716	6.5283e-011
8717	6.6734e-011
8718	6.8546e-011
8719	6.9452e-011
8720	7.2021e-011
8721	7.3325e-011
8722	7.4467e-011
8723	7.7174e-011
8724	7.7734e-011
8725	8.043e-011
8726	8.1414e-011
8727	8.3383e-011
8728	8.5232e-011
8729	8.6985e-011
8730	8.9331e-011
8731	9.0835e-011
8732	9.3697e-011
8733	9.5068e-011
8734	9.7939e-011
8735	9.9569e-011
8736	1.02e-010
8737	1.0469e-010
8738	1.0605e-010
8739	1.0987e-010
8740	1.1075e-010
8741	1.1459e-010
8742	1.1675e-010
8743	1.1852e-010
8744	1.2246e-010
8745	1.2439e-010
8746	1.2681e-010
8747	1.3082e-010
8748	1.335e-010
8749	1.3557e-010
8750	1.395e-010
8751	1.4291e-010
8752	1.4545e-010
8753	1.4826e-010
8754	1.5189e-010
8755	1.5588e-010
8756	1.5943e-010
8757	1.6268e-010
8758	1.6619e-010
8759	1.6988e-010
8760	1.7376e-010
8761	1.7779e-010
8762	1.8188e-010
8763	1.8605e-010
8764	1.9036e-010
8765	1.9473e-010
8766	1.9885e-010
8767	2.0354e-010
8768	2.0792e-010
8769	2.1307e-010
8770	2.1832e-010
8771	2.239e-010
8772	2.2862e-010
8773	2.3254e-010
8774	2.3837e-010
8775	2.4555e-010
8776	2.458e-010
8777	2.3907e-010
8778	2.3379e-010
8779	2.3088e-010
8780	2.2686e-010
8781	2.2166e-010
8782	2.1686e-010
8783	2.1124e-010
8784	2.0692e-010
8785	2.0257e-010
8786	1.9923e-010
8787	1.9501e-010
8788	1.9112e-010
8789	1.8735e-010
8790	1.8285e-010
8791	1.787e-010
8792	1.7582e-010
8793	1.7384e-010
8794	1.7133e-010
8795	1.6921e-010
8796	1.6808e-010
8797	1.6255e-010
8798	1.5866e-010
8799	1.5913e-010
8800	1.5894e-010
8801	1.5899e-010
8802	1.5191e-010
8803	1.5302e-010
8804	1.5953e-010
8805	1.3758e-010
8806	1.3343e-010
8807	1.4587e-010
8808	1.3121e-010
8809	1.3073e-010
8810	1.4396e-010
8811	1.3933e-010
8812	1.4483e-010
8813	1.2097e-010
8814	1.2664e-010
8815	1.1231e-010
8816	1.0637e-010
8817	1.1248e-010
8818	1.0446e-010
8819	1.1026e-010
8820	1.0065e-010
8821	1.024e-010
8822	9.376e-011
8823	9.3492e-011
8824	9.0483e-011
8825	8.7857e-011
8826	1.0302e-010
8827	1.0313e-010
8828	1.0145e-010
8829	8.1006e-011
8830	8.2102e-011
8831	8.4279e-011
8832	8.2498e-011
8833	1.0025e-010
8834	8.8533e-011
8835	9.7596e-011
8836	2.3911e-010
8837	3.561e-010
8838	2.678e-010
8839	6.8557e-010
8840	4.8569e-010
8841	4.1366e-011
8842	4.4614e-011
8843	4.7529e-011
8844	4.88e-011
8845	5.537e-011
8846	5.2981e-011
8847	5.3748e-011
8848	5.5962e-011
8849	5.7788e-011
8850	5.8038e-011
8851	5.9288e-011
8852	6.1097e-011
8853	6.2182e-011
8854	6.4747e-011
8855	6.4916e-011
8856	6.6524e-011
8857	6.785e-011
8858	6.9521e-011
8859	7.1276e-011
8860	7.2578e-011
8861	7.4894e-011
8862	7.5847e-011
8863	7.8449e-011
8864	7.9356e-011
8865	8.175e-011
8866	8.3301e-011
8867	8.4839e-011
8868	8.802e-011
8869	8.8407e-011
8870	9.2541e-011
8871	9.268e-011
8872	9.5072e-011
8873	9.8426e-011
8874	9.8964e-011
8875	1.0203e-010
8876	1.0488e-010
8877	1.0585e-010
8878	1.0876e-010
8879	1.1282e-010
8880	1.1373e-010
8881	1.1573e-010
8882	1.1917e-010
8883	1.2247e-010
8884	1.248e-010
8885	1.2705e-010
8886	1.2971e-010
8887	1.3305e-010
8888	1.362e-010
8889	1.3925e-010
8890	1.4258e-010
8891	1.4561e-010
8892	1.4871e-010
8893	1.521e-010
8894	1.556e-010
8895	1.5893e-010
8896	1.6291e-010
8897	1.6693e-010
8898	1.7081e-010
8899	1.746e-010
8900	1.783e-010
8901	1.811e-010
8902	1.8598e-010
8903	1.9232e-010
8904	1.9706e-010
8905	1.9831e-010
8906	1.9863e-010
8907	1.9796e-010
8908	1.9404e-010
8909	1.8731e-010
8910	1.8186e-010
8911	1.801e-010
8912	1.7717e-010
8913	1.7387e-010
8914	1.7005e-010
8915	1.6572e-010
8916	1.6145e-010
8917	1.5817e-010
8918	1.5491e-010
8919	1.518e-010
8920	1.4945e-010
8921	1.4733e-010
8922	1.4465e-010
8923	1.4275e-010
8924	1.392e-010
8925	1.3195e-010
8926	1.3263e-010
8927	1.3679e-010
8928	1.373e-010
8929	1.3245e-010
8930	1.1895e-010
8931	1.2651e-010
8932	1.4128e-010
8933	1.208e-010
8934	1.1664e-010
8935	1.2993e-010
8936	1.0897e-010
8937	1.0645e-010
8938	1.2346e-010
8939	1.0138e-010
8940	1.073e-010
8941	1.3846e-010
8942	1.0447e-010
8943	1.1519e-010
8944	9.412e-011
8945	8.8287e-011
8946	9.1855e-011
8947	8.4314e-011
8948	9.2539e-011
8949	8.2536e-011
8950	8.806e-011
8951	7.854e-011
8952	7.7485e-011
8953	7.3731e-011
8954	7.0808e-011
8955	7.0652e-011
8956	8.0362e-011
8957	9.6867e-011
8958	7.8577e-011
8959	6.8195e-011
8960	6.0874e-011
8961	6.6625e-011
8962	7.1791e-011
8963	6.8063e-011
8964	8.4917e-011
8965	8.4866e-011
8966	1.9748e-010
8967	3.796e-010
8968	3.044e-010
8969	5.6609e-010
8970	5.5603e-010
8971	4.1427e-011
8972	4.4693e-011
8973	4.7627e-011
8974	4.8916e-011
8975	5.5484e-011
8976	5.3089e-011
8977	5.3859e-011
8978	5.6074e-011
8979	5.7892e-011
8980	5.8092e-011
8981	5.9323e-011
8982	6.1124e-011
8983	6.2246e-011
8984	6.4871e-011
8985	6.5033e-011
8986	6.6639e-011
8987	6.7958e-011
8988	6.9634e-011
8989	7.1392e-011
8990	7.2675e-011
8991	7.4957e-011
8992	7.5849e-011
8993	7.8449e-011
8994	7.9432e-011
8995	8.1877e-011
8996	8.3403e-011
8997	8.4925e-011
8998	8.8109e-011
8999	8.8512e-011
9000	9.2639e-011
9001	9.2721e-011
9002	9.5128e-011
9003	9.8517e-011
9004	9.9081e-011
9005	1.0217e-010
9006	1.0511e-010
9007	1.06e-010
9008	1.0886e-010
9009	1.1291e-010
9010	1.138e-010
9011	1.1586e-010
9012	1.1935e-010
9013	1.2266e-010
9014	1.2504e-010
9015	1.2724e-010
9016	1.2984e-010
9017	1.3318e-010
9018	1.3634e-010
9019	1.3942e-010
9020	1.4279e-010
9021	1.4585e-010
9022	1.4903e-010
9023	1.5232e-010
9024	1.558e-010
9025	1.5916e-010
9026	1.6309e-010
9027	1.6699e-010
9028	1.7087e-010
9029	1.7467e-010
9030	1.7825e-010
9031	1.8117e-010
9032	1.8609e-010
9033	1.9237e-010
9034	1.9715e-010
9035	1.9842e-010
9036	1.987e-010
9037	1.98e-010
9038	1.9405e-010
9039	1.874e-010
9040	1.8186e-010
9041	1.8008e-010
9042	1.7718e-010
9043	1.7386e-010
9044	1.7008e-010
9045	1.6573e-010
9046	1.6146e-010
9047	1.5825e-010
9048	1.5496e-010
9049	1.518e-010
9050	1.4944e-010
9051	1.4728e-010
9052	1.446e-010
9053	1.4273e-010
9054	1.3916e-010
9055	1.3191e-010
9056	1.3259e-010
9057	1.3712e-010
9058	1.3838e-010
9059	1.3285e-010
9060	1.1883e-010
9061	1.2645e-010
9062	1.4125e-010
9063	1.2065e-010
9064	1.1653e-010
9065	1.2984e-010
9066	1.0885e-010
9067	1.0633e-010
9068	1.2333e-010
9069	1.0128e-010
9070	1.0719e-010
9071	1.3831e-010
9072	1.0432e-010
9073	1.15e-010
9074	9.399e-011
9075	8.8186e-011
9076	9.176e-011
9077	8.4244e-011
9078	9.247e-011
9079	8.2477e-011
9080	8.8005e-011
9081	7.8502e-011
9082	7.7438e-011
9083	7.3665e-011
9084	7.0736e-011
9085	7.0572e-011
9086	8.0326e-011
9087	9.6818e-011
9088	7.8529e-011
9089	6.8124e-011
9090	6.0775e-011
9091	6.6533e-011
9092	7.1707e-011
9093	6.7976e-011
9094	8.4836e-011
9095	8.4791e-011
9096	1.9741e-010
9097	3.7955e-010
9098	3.0434e-010
9099	5.6605e-010
9100	5.5598e-010
9101	6.455e-011
9102	6.6635e-011
9103	6.8058e-011
9104	6.5239e-011
9105	6.2967e-011
9106	6.5449e-011
9107	6.689e-011
9108	6.8742e-011
9109	6.9629e-011
9110	7.2145e-011
9111	7.3341e-011
9112	7.4474e-011
9113	7.723e-011
9114	7.7861e-011
9115	8.0608e-011
9116	8.1626e-011
9117	8.364e-011
9118	8.5471e-011
9119	8.7224e-011
9120	8.9588e-011
9121	9.1009e-011
9122	9.3705e-011
9123	9.504e-011
9124	9.799e-011
9125	9.97e-011
9126	1.0211e-010
9127	1.0484e-010
9128	1.0625e-010
9129	1.1008e-010
9130	1.1098e-010
9131	1.1477e-010
9132	1.1688e-010
9133	1.1872e-010
9134	1.2267e-010
9135	1.2469e-010
9136	1.2718e-010
9137	1.3108e-010
9138	1.3355e-010
9139	1.3573e-010
9140	1.3957e-010
9141	1.4308e-010
9142	1.4569e-010
9143	1.4857e-010
9144	1.5223e-010
9145	1.5624e-010
9146	1.5975e-010
9147	1.63e-010
9148	1.665e-010
9149	1.7023e-010
9150	1.741e-010
9151	1.7822e-010
9152	1.8233e-010
9153	1.8643e-010
9154	1.9062e-010
9155	1.95e-010
9156	1.9908e-010
9157	2.036e-010
9158	2.0809e-010
9159	2.1322e-010
9160	2.182e-010
9161	2.2398e-010
9162	2.2872e-010
9163	2.3258e-010
9164	2.3852e-010
9165	2.4576e-010
9166	2.4599e-010
9167	2.3919e-010
9168	2.3391e-010
9169	2.3099e-010
9170	2.2699e-010
9171	2.2164e-010
9172	2.1687e-010
9173	2.1123e-010
9174	2.0698e-010
9175	2.0264e-010
9176	1.9925e-010
9177	1.9505e-010
9178	1.9118e-010
9179	1.873e-010
9180	1.8272e-010
9181	1.7858e-010
9182	1.7573e-010
9183	1.738e-010
9184	1.7129e-010
9185	1.6903e-010
9186	1.6819e-010
9187	1.6427e-010
9188	1.5877e-010
9189	1.6104e-010
9190	1.5902e-010
9191	1.588e-010
9192	1.5173e-010
9193	1.5279e-010
9194	1.5929e-010
9195	1.3743e-010
9196	1.3325e-010
9197	1.4566e-010
9198	1.3101e-010
9199	1.3054e-010
9200	1.4377e-010
9201	1.3906e-010
9202	1.4454e-010
9203	1.2068e-010
9204	1.2643e-010
9205	1.1216e-010
9206	1.062e-010
9207	1.1235e-010
9208	1.0431e-010
9209	1.1015e-010
9210	1.0054e-010
9211	1.0229e-010
9212	9.3644e-011
9213	9.3343e-011
9214	9.0327e-011
9215	8.7703e-011
9216	1.0291e-010
9217	1.0304e-010
9218	1.0135e-010
9219	8.0869e-011
9220	8.193e-011
9221	8.4144e-011
9222	8.2358e-011
9223	1.0012e-010
9224	8.8414e-011
9225	9.7484e-011
9226	2.3903e-010
9227	3.5604e-010
9228	2.6769e-010
9229	6.855e-010
9230	4.8553e-010
9231	4.1443e-011
9232	4.4701e-011
9233	4.7625e-011
9234	4.8906e-011
9235	5.5478e-011
9236	5.3076e-011
9237	5.3836e-011
9238	5.6071e-011
9239	5.7905e-011
9240	5.8087e-011
9241	5.9319e-011
9242	6.1113e-011
9243	6.2247e-011
9244	6.4873e-011
9245	6.5061e-011
9246	6.6649e-011
9247	6.7977e-011
9248	6.9653e-011
9249	7.1405e-011
9250	7.2691e-011
9251	7.498e-011
9252	7.5822e-011
9253	7.8443e-011
9254	7.9443e-011
9255	8.1906e-011
9256	8.3429e-011
9257	8.4945e-011
9258	8.8132e-011
9259	8.8539e-011
9260	9.2662e-011
9261	9.2723e-011
9262	9.5116e-011
9263	9.8493e-011
9264	9.9055e-011
9265	1.0217e-010
9266	1.0513e-010
9267	1.06e-010
9268	1.089e-010
9269	1.127e-010
9270	1.1388e-010
9271	1.1585e-010
9272	1.1933e-010
9273	1.2267e-010
9274	1.2505e-010
9275	1.2725e-010
9276	1.2986e-010
9277	1.3322e-010
9278	1.3638e-010
9279	1.3947e-010
9280	1.4283e-010
9281	1.4585e-010
9282	1.4901e-010
9283	1.5232e-010
9284	1.558e-010
9285	1.5916e-010
9286	1.6305e-010
9287	1.6702e-010
9288	1.7097e-010
9289	1.7465e-010
9290	1.7829e-010
9291	1.8111e-010
9292	1.8606e-010
9293	1.9232e-010
9294	1.972e-010
9295	1.984e-010
9296	1.9872e-010
9297	1.9803e-010
9298	1.9406e-010
9299	1.8744e-010
9300	1.8184e-010
9301	1.8007e-010
9302	1.7718e-010
9303	1.7389e-010
9304	1.7009e-010
9305	1.6577e-010
9306	1.6148e-010
9307	1.5823e-010
9308	1.5495e-010
9309	1.5183e-010
9310	1.4943e-010
9311	1.473e-010
9312	1.4457e-010
9313	1.427e-010
9314	1.3918e-010
9315	1.3194e-010
9316	1.3261e-010
9317	1.3701e-010
9318	1.41e-010
9319	1.3293e-010
9320	1.1884e-010
9321	1.2648e-010
9322	1.4131e-010
9323	1.2064e-010
9324	1.1651e-010
9325	1.2983e-010
9326	1.0882e-010
9327	1.0632e-010
9328	1.2329e-010
9329	1.0127e-010
9330	1.0718e-010
9331	1.3826e-010
9332	1.0428e-010
9333	1.1499e-010
9334	9.3971e-011
9335	8.8149e-011
9336	9.1724e-011
9337	8.4206e-011
9338	9.2425e-011
9339	8.2449e-011
9340	8.7997e-011
9341	7.8478e-011
9342	7.7407e-011
9343	7.3651e-011
9344	7.0727e-011
9345	7.0574e-011
9346	8.0308e-011
9347	9.6793e-011
9348	7.8508e-011
9349	6.8103e-011
9350	6.0779e-011
9351	6.6534e-011
9352	7.1724e-011
9353	6.7981e-011
9354	8.4838e-011
9355	8.4796e-011
9356	1.9743e-010
9357	3.7952e-010
9358	3.0432e-010
9359	5.6606e-010
9360	5.5593e-010
9361	6.0099e-011
9362	5.9885e-011
9363	5.8924e-011
9364	6.0208e-011
9365	6.2945e-011
9366	6.4805e-011
9367	6.6257e-011
9368	6.8137e-011
9369	7.0359e-011
9370	7.1281e-011
9371	7.282e-011
9372	7.4753e-011
9373	7.6348e-011
9374	7.8784e-011
9375	7.9842e-011
9376	8.1618e-011
9377	8.3364e-011
9378	8.5399e-011
9379	8.7453e-011
9380	8.9373e-011
9381	9.1651e-011
9382	9.3406e-011
9383	9.5813e-011
9384	9.7692e-011
9385	1.0012e-010
9386	1.0232e-010
9387	1.0454e-010
9388	1.0743e-010
9389	1.0937e-010
9390	1.1261e-010
9391	1.144e-010
9392	1.1692e-010
9393	1.1999e-010
9394	1.2221e-010
9395	1.2517e-010
9396	1.2818e-010
9397	1.3065e-010
9398	1.3374e-010
9399	1.3723e-010
9400	1.3992e-010
9401	1.4278e-010
9402	1.4642e-010
9403	1.4961e-010
9404	1.5318e-010
9405	1.563e-010
9406	1.5969e-010
9407	1.6353e-010
9408	1.6724e-010
9409	1.7106e-010
9410	1.7484e-010
9411	1.7882e-010
9412	1.8278e-010
9413	1.8688e-010
9414	1.9115e-010
9415	1.9537e-010
9416	2.0022e-010
9417	2.0423e-010
9418	2.0938e-010
9419	2.1387e-010
9420	2.1858e-010
9421	2.2307e-010
9422	2.2908e-010
9423	2.3468e-010
9424	2.395e-010
9425	2.4511e-010
9426	2.4568e-010
9427	2.4014e-010
9428	2.3594e-010
9429	2.3078e-010
9430	2.2464e-010
9431	2.209e-010
9432	2.1664e-010
9433	2.1271e-010
9434	2.0672e-010
9435	2.035e-010
9436	1.9812e-010
9437	1.9416e-010
9438	1.9015e-010
9439	1.8636e-010
9440	1.8305e-010
9441	1.7871e-010
9442	1.7623e-010
9443	1.7325e-010
9444	1.6977e-010
9445	1.6378e-010
9446	1.632e-010
9447	1.6623e-010
9448	1.6321e-010
9449	1.6162e-010
9450	1.488e-010
9451	1.5605e-010
9452	1.5982e-010
9453	1.5024e-010
9454	1.4074e-010
9455	1.4073e-010
9456	1.317e-010
9457	1.3508e-010
9458	1.3952e-010
9459	1.2412e-010
9460	1.3361e-010
9461	1.5367e-010
9462	1.3264e-010
9463	1.2952e-010
9464	1.1399e-010
9465	1.0487e-010
9466	1.0554e-010
9467	1.0306e-010
9468	1.0673e-010
9469	1.0118e-010
9470	1.0198e-010
9471	9.4737e-011
9472	9.1205e-011
9473	8.7399e-011
9474	8.4294e-011
9475	8.2905e-011
9476	9.2282e-011
9477	1.0479e-010
9478	8.8204e-011
9479	7.6769e-011
9480	7.0834e-011
9481	8.0955e-011
9482	8.6788e-011
9483	7.8173e-011
9484	9.6657e-011
9485	1.0212e-010
9486	1.5422e-010
9487	2.4363e-010
9488	3.0614e-010
9489	3.2482e-010
9490	4.7076e-010
9491	6.5498e-011
9492	6.5837e-011
9493	6.6626e-011
9494	6.7222e-011
9495	6.938e-011
9496	7.0953e-011
9497	7.3051e-011
9498	7.5763e-011
9499	7.5801e-011
9500	7.9307e-011
9501	8.0534e-011
9502	8.1352e-011
9503	8.5271e-011
9504	8.4931e-011
9505	8.8876e-011
9506	8.9351e-011
9507	9.1872e-011
9508	9.4055e-011
9509	9.5634e-011
9510	9.8763e-011
9511	9.9747e-011
9512	1.0335e-010
9513	1.0432e-010
9514	1.0791e-010
9515	1.0951e-010
9516	1.1237e-010
9517	1.1546e-010
9518	1.1678e-010
9519	1.215e-010
9520	1.2188e-010
9521	1.265e-010
9522	1.2862e-010
9523	1.3055e-010
9524	1.3513e-010
9525	1.3716e-010
9526	1.3988e-010
9527	1.4416e-010
9528	1.4714e-010
9529	1.4919e-010
9530	1.5396e-010
9531	1.5732e-010
9532	1.6063e-010
9533	1.6337e-010
9534	1.6787e-010
9535	1.7182e-010
9536	1.7569e-010
9537	1.7947e-010
9538	1.834e-010
9539	1.8751e-010
9540	1.9145e-010
9541	1.9611e-010
9542	2.0055e-010
9543	2.0519e-010
9544	2.0982e-010
9545	2.1461e-010
9546	2.1949e-010
9547	2.238e-010
9548	2.2931e-010
9549	2.3462e-010
9550	2.3992e-010
9551	2.4627e-010
9552	2.5211e-010
9553	2.5617e-010
9554	2.6121e-010
9555	2.7093e-010
9556	2.7147e-010
9557	2.6176e-010
9558	2.5707e-010
9559	2.544e-010
9560	2.4921e-010
9561	2.4309e-010
9562	2.3796e-010
9563	2.3277e-010
9564	2.263e-010
9565	2.2335e-010
9566	2.1846e-010
9567	2.1396e-010
9568	2.0964e-010
9569	2.0548e-010
9570	2.0079e-010
9571	1.9555e-010
9572	1.9288e-010
9573	1.9002e-010
9574	1.8701e-010
9575	1.8435e-010
9576	1.8248e-010
9577	1.8148e-010
9578	1.719e-010
9579	1.7749e-010
9580	1.7088e-010
9581	1.7504e-010
9582	1.6307e-010
9583	1.6942e-010
9584	1.6151e-010
9585	1.473e-010
9586	1.4399e-010
9587	1.5911e-010
9588	1.4125e-010
9589	1.401e-010
9590	1.5672e-010
9591	1.4864e-010
9592	1.6002e-010
9593	1.2826e-010
9594	1.3401e-010
9595	1.1794e-010
9596	1.1189e-010
9597	1.2114e-010
9598	1.0977e-010
9599	1.2002e-010
9600	1.0528e-010
9601	1.1104e-010
9602	9.8014e-011
9603	9.9622e-011
9604	9.614e-011
9605	9.0085e-011
9606	1.0995e-010
9607	1.022e-010
9608	1.0719e-010
9609	7.9895e-011
9610	8.2899e-011
9611	9.5821e-011
9612	8.5948e-011
9613	9.4842e-011
9614	1.0875e-010
9615	1.2106e-010
9616	1.4994e-010
9617	2.4327e-010
9618	2.8659e-010
9619	3.1471e-010
9620	4.112e-010
9621	6.0081e-011
9622	5.9882e-011
9623	5.8936e-011
9624	6.0221e-011
9625	6.2942e-011
9626	6.4777e-011
9627	6.6219e-011
9628	6.8108e-011
9629	7.0333e-011
9630	7.1271e-011
9631	7.2804e-011
9632	7.4758e-011
9633	7.6353e-011
9634	7.8795e-011
9635	7.9858e-011
9636	8.1633e-011
9637	8.3379e-011
9638	8.5402e-011
9639	8.7429e-011
9640	8.9318e-011
9641	9.1587e-011
9642	9.3351e-011
9643	9.5777e-011
9644	9.7634e-011
9645	1.0008e-010
9646	1.023e-010
9647	1.0451e-010
9648	1.0742e-010
9649	1.0937e-010
9650	1.1259e-010
9651	1.144e-010
9652	1.1694e-010
9653	1.1999e-010
9654	1.2221e-010
9655	1.2516e-010
9656	1.2818e-010
9657	1.3067e-010
9658	1.3384e-010
9659	1.3709e-010
9660	1.4001e-010
9661	1.4276e-010
9662	1.4641e-010
9663	1.4958e-010
9664	1.5317e-010
9665	1.5629e-010
9666	1.5967e-010
9667	1.6348e-010
9668	1.6719e-010
9669	1.71e-010
9670	1.7476e-010
9671	1.788e-010
9672	1.8278e-010
9673	1.8689e-010
9674	1.9114e-010
9675	1.9541e-010
9676	2.0012e-010
9677	2.042e-010
9678	2.093e-010
9679	2.1392e-010
9680	2.1854e-010
9681	2.2308e-010
9682	2.2907e-010
9683	2.3469e-010
9684	2.3944e-010
9685	2.4514e-010
9686	2.4567e-010
9687	2.4014e-010
9688	2.3592e-010
9689	2.3075e-010
9690	2.2464e-010
9691	2.2087e-010
9692	2.1663e-010
9693	2.1271e-010
9694	2.0673e-010
9695	2.0346e-010
9696	1.9814e-010
9697	1.9413e-010
9698	1.9012e-010
9699	1.8627e-010
9700	1.832e-010
9701	1.7858e-010
9702	1.7639e-010
9703	1.732e-010
9704	1.6977e-010
9705	1.6376e-010
9706	1.6319e-010
9707	1.6626e-010
9708	1.6325e-010
9709	1.617e-010
9710	1.4881e-010
9711	1.56e-010
9712	1.5979e-010
9713	1.5021e-010
9714	1.4075e-010
9715	1.4077e-010
9716	1.3172e-010
9717	1.3512e-010
9718	1.3958e-010
9719	1.2414e-010
9720	1.3362e-010
9721	1.5372e-010
9722	1.3266e-010
9723	1.2958e-010
9724	1.1402e-010
9725	1.049e-010
9726	1.0556e-010
9727	1.0308e-010
9728	1.0677e-010
9729	1.012e-010
9730	1.0201e-010
9731	9.4748e-011
9732	9.124e-011
9733	8.7422e-011
9734	8.4305e-011
9735	8.2912e-011
9736	9.2311e-011
9737	1.0484e-010
9738	8.8209e-011
9739	7.6779e-011
9740	7.0844e-011
9741	8.0905e-011
9742	8.6744e-011
9743	7.8151e-011
9744	9.6679e-011
9745	1.0214e-010
9746	1.5422e-010
9747	2.4361e-010
9748	3.0611e-010
9749	3.2484e-010
9750	4.7084e-010
9751	5.9981e-011
9752	5.978e-011
9753	5.8838e-011
9754	6.0128e-011
9755	6.2855e-011
9756	6.4706e-011
9757	6.6147e-011
9758	6.8029e-011
9759	7.0247e-011
9760	7.1195e-011
9761	7.2733e-011
9762	7.4674e-011
9763	7.6264e-011
9764	7.8685e-011
9765	7.9747e-011
9766	8.1514e-011
9767	8.3259e-011
9768	8.5263e-011
9769	8.7281e-011
9770	8.9175e-011
9771	9.1455e-011
9772	9.3268e-011
9773	9.5715e-011
9774	9.7564e-011
9775	9.9988e-011
9776	1.0218e-010
9777	1.0437e-010
9778	1.0726e-010
9779	1.0918e-010
9780	1.1238e-010
9781	1.1421e-010
9782	1.1679e-010
9783	1.1987e-010
9784	1.221e-010
9785	1.2502e-010
9786	1.2803e-010
9787	1.3052e-010
9788	1.3361e-010
9789	1.3715e-010
9790	1.3976e-010
9791	1.4254e-010
9792	1.4618e-010
9793	1.4943e-010
9794	1.5298e-010
9795	1.5612e-010
9796	1.5949e-010
9797	1.6323e-010
9798	1.6692e-010
9799	1.7071e-010
9800	1.7447e-010
9801	1.7852e-010
9802	1.8248e-010
9803	1.8665e-010
9804	1.9093e-010
9805	1.9511e-010
9806	1.9993e-010
9807	2.0404e-010
9808	2.0924e-010
9809	2.1379e-010
9810	2.1852e-010
9811	2.2305e-010
9812	2.2892e-010
9813	2.345e-010
9814	2.3928e-010
9815	2.45e-010
9816	2.4557e-010
9817	2.4007e-010
9818	2.359e-010
9819	2.3064e-010
9820	2.2461e-010
9821	2.2083e-010
9822	2.1659e-010
9823	2.1262e-010
9824	2.0665e-010
9825	2.0344e-010
9826	1.9815e-010
9827	1.9417e-010
9828	1.9012e-010
9829	1.8626e-010
9830	1.8326e-010
9831	1.7859e-010
9832	1.7641e-010
9833	1.7329e-010
9834	1.6987e-010
9835	1.638e-010
9836	1.6332e-010
9837	1.6622e-010
9838	1.6349e-010
9839	1.6167e-010
9840	1.4899e-010
9841	1.5606e-010
9842	1.599e-010
9843	1.5032e-010
9844	1.4091e-010
9845	1.4094e-010
9846	1.3187e-010
9847	1.3528e-010
9848	1.3976e-010
9849	1.243e-010
9850	1.3377e-010
9851	1.539e-010
9852	1.3285e-010
9853	1.2978e-010
9854	1.1417e-010
9855	1.0503e-010
9856	1.0571e-010
9857	1.0319e-010
9858	1.0686e-010
9859	1.0128e-010
9860	1.0209e-010
9861	9.4819e-011
9862	9.1315e-011
9863	8.7484e-011
9864	8.4367e-011
9865	8.2989e-011
9866	9.2386e-011
9867	1.0495e-010
9868	8.83e-011
9869	7.6872e-011
9870	7.0944e-011
9871	8.1018e-011
9872	8.6849e-011
9873	7.8262e-011
9874	9.6781e-011
9875	1.0223e-010
9876	1.543e-010
9877	2.4368e-010
9878	3.0619e-010
9879	3.2493e-010
9880	4.7097e-010
9881	6.5332e-011
9882	6.5679e-011
9883	6.6447e-011
9884	6.7069e-011
9885	6.9206e-011
9886	7.0762e-011
9887	7.2885e-011
9888	7.5598e-011
9889	7.5657e-011
9890	7.9225e-011
9891	8.0474e-011
9892	8.1271e-011
9893	8.5119e-011
9894	8.4708e-011
9895	8.8658e-011
9896	8.9137e-011
9897	9.1677e-011
9898	9.3847e-011
9899	9.5421e-011
9900	9.8577e-011
9901	9.9595e-011
9902	1.0321e-010
9903	1.0417e-010
9904	1.0771e-010
9905	1.0928e-010
9906	1.1218e-010
9907	1.1524e-010
9908	1.1657e-010
9909	1.2126e-010
9910	1.2161e-010
9911	1.2632e-010
9912	1.2846e-010
9913	1.304e-010
9914	1.3494e-010
9915	1.3692e-010
9916	1.3961e-010
9917	1.4389e-010
9918	1.4701e-010
9919	1.4883e-010
9920	1.5377e-010
9921	1.5695e-010
9922	1.6028e-010
9923	1.6307e-010
9924	1.6744e-010
9925	1.7144e-010
9926	1.7538e-010
9927	1.7901e-010
9928	1.83e-010
9929	1.8712e-010
9930	1.9098e-010
9931	1.9557e-010
9932	2.0012e-010
9933	2.048e-010
9934	2.0949e-010
9935	2.1425e-010
9936	2.192e-010
9937	2.2357e-010
9938	2.2901e-010
9939	2.3435e-010
9940	2.3993e-010
9941	2.4609e-010
9942	2.5185e-010
9943	2.5588e-010
9944	2.61e-010
9945	2.708e-010
9946	2.7127e-010
9947	2.6177e-010
9948	2.5702e-010
9949	2.5425e-010
9950	2.4909e-010
9951	2.4312e-010
9952	2.3796e-010
9953	2.3272e-010
9954	2.2621e-010
9955	2.2329e-010
9956	2.1849e-010
9957	2.1393e-010
9958	2.0958e-010
9959	2.0544e-010
9960	2.0081e-010
9961	1.9553e-010
9962	1.9293e-010
9963	1.9008e-010
9964	1.8705e-010
9965	1.8438e-010
9966	1.8247e-010
9967	1.816e-010
9968	1.723e-010
9969	1.7776e-010
9970	1.7103e-010
9971	1.7525e-010
9972	1.6317e-010
9973	1.6972e-010
9974	1.6176e-010
9975	1.4755e-010
9976	1.4427e-010
9977	1.594e-010
9978	1.4154e-010
9979	1.4039e-010
9980	1.57e-010
9981	1.4899e-010
9982	1.6038e-010
9983	1.286e-010
9984	1.3431e-010
9985	1.1819e-010
9986	1.1215e-010
9987	1.2134e-010
9988	1.0996e-010
9989	1.2018e-010
9990	1.0539e-010
9991	1.1117e-010
9992	9.8144e-011
9993	9.9733e-011
9994	9.6239e-011
9995	9.0205e-011
9996	1.101e-010
9997	1.0233e-010
9998	1.0733e-010
9999	8.0044e-011
10000	8.3072e-011
10001	9.5949e-011
10002	8.612e-011
10003	9.5009e-011
10004	1.0897e-010
10005	1.2124e-010
10006	1.5012e-010
10007	2.4343e-010
10008	2.868e-010
10009	3.1489e-010
10010	4.1146e-010
10011	5.9981e-011
10012	5.978e-011
10013	5.8838e-011
10014	6.0128e-011
10015	6.2855e-011
10016	6.4706e-011
10017	6.6152e-011
10018	6.8029e-011
10019	7.025e-011
10020	7.12e-011
10021	7.2738e-011
10022	7.4672e-011
10023	7.6261e-011
10024	7.8683e-011
10025	7.9745e-011
10026	8.1513e-011
10027	8.3259e-011
10028	8.5264e-011
10029	8.728e-011
10030	8.9181e-011
10031	9.1454e-011
10032	9.3267e-011
10033	9.5714e-011
10034	9.7573e-011
10035	9.9985e-011
10036	1.0218e-010
10037	1.0437e-010
10038	1.0726e-010
10039	1.0917e-010
10040	1.1238e-010
10041	1.1421e-010
10042	1.1679e-010
10043	1.1987e-010
10044	1.2209e-010
10045	1.2503e-010
10046	1.2803e-010
10047	1.3051e-010
10048	1.3369e-010
10049	1.3707e-010
10050	1.3985e-010
10051	1.4252e-010
10052	1.4619e-010
10053	1.4942e-010
10054	1.5298e-010
10055	1.5612e-010
10056	1.5949e-010
10057	1.6323e-010
10058	1.6691e-010
10059	1.7071e-010
10060	1.7448e-010
10061	1.7851e-010
10062	1.8248e-010
10063	1.8665e-010
10064	1.9093e-010
10065	1.9511e-010
10066	1.9992e-010
10067	2.0404e-010
10068	2.0924e-010
10069	2.1379e-010
10070	2.1854e-010
10071	2.2304e-010
10072	2.2892e-010
10073	2.345e-010
10074	2.3927e-010
10075	2.45e-010
10076	2.4557e-010
10077	2.4007e-010
10078	2.3589e-010
10079	2.3064e-010
10080	2.2461e-010
10081	2.2083e-010
10082	2.1659e-010
10083	2.1262e-010
10084	2.0665e-010
10085	2.0344e-010
10086	1.9815e-010
10087	1.9418e-010
10088	1.9009e-010
10089	1.8631e-010
10090	1.8308e-010
10091	1.787e-010
10092	1.7625e-010
10093	1.7333e-010
10094	1.6986e-010
10095	1.638e-010
10096	1.6329e-010
10097	1.6626e-010
10098	1.6357e-010
10099	1.6173e-010
10100	1.4897e-010
10101	1.5605e-010
10102	1.5991e-010
10103	1.5032e-010
10104	1.409e-010
10105	1.4093e-010
10106	1.3188e-010
10107	1.3528e-010
10108	1.3976e-010
10109	1.243e-010
10110	1.3377e-010
10111	1.539e-010
10112	1.3285e-010
10113	1.2979e-010
10114	1.1417e-010
10115	1.0502e-010
10116	1.0571e-010
10117	1.0319e-010
10118	1.0686e-010
10119	1.0128e-010
10120	1.0209e-010
10121	9.4819e-011
10122	9.1315e-011
10123	8.7482e-011
10124	8.4364e-011
10125	8.2991e-011
10126	9.2385e-011
10127	1.0495e-010
10128	8.8297e-011
10129	7.6871e-011
10130	7.0943e-011
10131	8.1017e-011
10132	8.6849e-011
10133	7.8262e-011
10134	9.6782e-011
10135	1.0223e-010
10136	1.543e-010
10137	2.4367e-010
10138	3.062e-010
10139	3.2493e-010
10140	4.7095e-010
10141	6.0088e-011
10142	5.9885e-011
10143	5.8936e-011
10144	6.0225e-011
10145	6.2938e-011
10146	6.4777e-011
10147	6.6225e-011
10148	6.8106e-011
10149	7.033e-011
10150	7.1266e-011
10151	7.2805e-011
10152	7.4752e-011
10153	7.6353e-011
10154	7.8797e-011
10155	7.9863e-011
10156	8.1633e-011
10157	8.3378e-011
10158	8.5397e-011
10159	8.7424e-011
10160	8.9314e-011
10161	9.1585e-011
10162	9.3347e-011
10163	9.5775e-011
10164	9.7633e-011
10165	1.0008e-010
10166	1.0231e-010
10167	1.0451e-010
10168	1.0742e-010
10169	1.0936e-010
10170	1.1259e-010
10171	1.144e-010
10172	1.1695e-010
10173	1.2e-010
10174	1.222e-010
10175	1.2516e-010
10176	1.282e-010
10177	1.3065e-010
10178	1.3384e-010
10179	1.3716e-010
10180	1.4e-010
10181	1.4275e-010
10182	1.464e-010
10183	1.4958e-010
10184	1.5319e-010
10185	1.5629e-010
10186	1.5967e-010
10187	1.6348e-010
10188	1.6719e-010
10189	1.7101e-010
10190	1.7475e-010
10191	1.788e-010
10192	1.8277e-010
10193	1.8689e-010
10194	1.9114e-010
10195	1.9542e-010
10196	2.0013e-010
10197	2.0421e-010
10198	2.0931e-010
10199	2.1393e-010
10200	2.1854e-010
10201	2.2307e-010
10202	2.2909e-010
10203	2.3468e-010
10204	2.3942e-010
10205	2.4512e-010
10206	2.4566e-010
10207	2.4014e-010
10208	2.3593e-010
10209	2.3078e-010
10210	2.2465e-010
10211	2.2087e-010
10212	2.1664e-010
10213	2.127e-010
10214	2.0673e-010
10215	2.0347e-010
10216	1.9814e-010
10217	1.9414e-010
10218	1.901e-010
10219	1.8632e-010
10220	1.8301e-010
10221	1.7877e-010
10222	1.7618e-010
10223	1.7324e-010
10224	1.6977e-010
10225	1.6373e-010
10226	1.6322e-010
10227	1.6607e-010
10228	1.6364e-010
10229	1.6154e-010
10230	1.4886e-010
10231	1.5594e-010
10232	1.598e-010
10233	1.502e-010
10234	1.4073e-010
10235	1.4078e-010
10236	1.3173e-010
10237	1.3513e-010
10238	1.3957e-010
10239	1.2414e-010
10240	1.3362e-010
10241	1.5371e-010
10242	1.3267e-010
10243	1.2957e-010
10244	1.1402e-010
10245	1.049e-010
10246	1.0557e-010
10247	1.0308e-010
10248	1.0676e-010
10249	1.012e-010
10250	1.02e-010
10251	9.4754e-011
10252	9.1245e-011
10253	8.7422e-011
10254	8.43e-011
10255	8.2918e-011
10256	9.2307e-011
10257	1.0484e-010
10258	8.8212e-011
10259	7.6777e-011
10260	7.0842e-011
10261	8.0912e-011
10262	8.6741e-011
10263	7.8148e-011
10264	9.6685e-011
10265	1.0214e-010
10266	1.5421e-010
10267	2.436e-010
10268	3.0612e-010
10269	3.2483e-010
10270	4.7084e-010
10271	6.5509e-011
10272	6.5836e-011
10273	6.6619e-011
10274	6.7224e-011
10275	6.9377e-011
10276	7.0961e-011
10277	7.3053e-011
10278	7.5771e-011
10279	7.5791e-011
10280	7.9318e-011
10281	8.053e-011
10282	8.1355e-011
10283	8.5285e-011
10284	8.4935e-011
10285	8.8875e-011
10286	8.9337e-011
10287	9.1864e-011
10288	9.4043e-011
10289	9.5633e-011
10290	9.8775e-011
10291	9.9757e-011
10292	1.0335e-010
10293	1.043e-010
10294	1.0793e-010
10295	1.0951e-010
10296	1.1237e-010
10297	1.1545e-010
10298	1.168e-010
10299	1.2148e-010
10300	1.2186e-010
10301	1.265e-010
10302	1.2861e-010
10303	1.3056e-010
10304	1.3512e-010
10305	1.3716e-010
10306	1.3988e-010
10307	1.4416e-010
10308	1.4721e-010
10309	1.4912e-010
10310	1.5402e-010
10311	1.573e-010
10312	1.6063e-010
10313	1.634e-010
10314	1.6785e-010
10315	1.718e-010
10316	1.7572e-010
10317	1.7947e-010
10318	1.8341e-010
10319	1.8754e-010
10320	1.9144e-010
10321	1.961e-010
10322	2.0054e-010
10323	2.0516e-010
10324	2.0983e-010
10325	2.1463e-010
10326	2.1947e-010
10327	2.2383e-010
10328	2.293e-010
10329	2.3457e-010
10330	2.399e-010
10331	2.4631e-010
10332	2.5211e-010
10333	2.5617e-010
10334	2.6123e-010
10335	2.7097e-010
10336	2.7147e-010
10337	2.6177e-010
10338	2.5705e-010
10339	2.544e-010
10340	2.4923e-010
10341	2.431e-010
10342	2.3796e-010
10343	2.3277e-010
10344	2.263e-010
10345	2.2336e-010
10346	2.1845e-010
10347	2.1395e-010
10348	2.0964e-010
10349	2.0541e-010
10350	2.01e-010
10351	1.9534e-010
10352	1.9307e-010
10353	1.8996e-010
10354	1.8701e-010
10355	1.8437e-010
10356	1.8239e-010
10357	1.8146e-010
10358	1.7192e-010
10359	1.7753e-010
10360	1.7083e-010
10361	1.7509e-010
10362	1.63e-010
10363	1.6944e-010
10364	1.615e-010
10365	1.4729e-010
10366	1.4399e-010
10367	1.5911e-010
10368	1.4126e-010
10369	1.401e-010
10370	1.5672e-010
10371	1.4863e-010
10372	1.6002e-010
10373	1.2824e-010
10374	1.3401e-010
10375	1.1792e-010
10376	1.1189e-010
10377	1.2113e-010
10378	1.0977e-010
10379	1.2003e-010
10380	1.0527e-010
10381	1.1104e-010
10382	9.8027e-011
10383	9.9615e-011
10384	9.6126e-011
10385	9.0095e-011
10386	1.0996e-010
10387	1.0222e-010
10388	1.0719e-010
10389	7.9898e-011
10390	8.2897e-011
10391	9.5831e-011
10392	8.5965e-011
10393	9.4844e-011
10394	1.0877e-010
10395	1.2105e-010
10396	1.4991e-010
10397	2.4328e-010
10398	2.8661e-010
10399	3.1471e-010
10400	4.1119e-010
10401	6.01e-011
10402	5.9882e-011
10403	5.8923e-011
10404	6.021e-011
10405	6.2946e-011
10406	6.4803e-011
10407	6.6257e-011
10408	6.8134e-011
10409	7.0354e-011
10410	7.1275e-011
10411	7.2815e-011
10412	7.4749e-011
10413	7.6349e-011
10414	7.8787e-011
10415	7.9839e-011
10416	8.1612e-011
10417	8.3357e-011
10418	8.5396e-011
10419	8.7454e-011
10420	8.9376e-011
10421	9.1652e-011
10422	9.3405e-011
10423	9.5817e-011
10424	9.7687e-011
10425	1.0013e-010
10426	1.0233e-010
10427	1.0452e-010
10428	1.0742e-010
10429	1.0937e-010
10430	1.126e-010
10431	1.144e-010
10432	1.1694e-010
10433	1.1998e-010
10434	1.2221e-010
10435	1.2516e-010
10436	1.282e-010
10437	1.3064e-010
10438	1.3382e-010
10439	1.3716e-010
10440	1.4002e-010
10441	1.4277e-010
10442	1.4642e-010
10443	1.4961e-010
10444	1.5318e-010
10445	1.5629e-010
10446	1.5969e-010
10447	1.6352e-010
10448	1.6727e-010
10449	1.7108e-010
10450	1.7483e-010
10451	1.7881e-010
10452	1.8277e-010
10453	1.8691e-010
10454	1.9116e-010
10455	1.9538e-010
10456	2.0021e-010
10457	2.0422e-010
10458	2.0938e-010
10459	2.1387e-010
10460	2.186e-010
10461	2.2308e-010
10462	2.2904e-010
10463	2.3469e-010
10464	2.395e-010
10465	2.4512e-010
10466	2.4567e-010
10467	2.4018e-010
10468	2.3593e-010
10469	2.3081e-010
10470	2.2465e-010
10471	2.2087e-010
10472	2.1665e-010
10473	2.127e-010
10474	2.0673e-010
10475	2.035e-010
10476	1.9812e-010
10477	1.9417e-010
10478	1.9015e-010
10479	1.8638e-010
10480	1.8304e-010
10481	1.7877e-010
10482	1.7621e-010
10483	1.7325e-010
10484	1.6979e-010
10485	1.6377e-010
10486	1.633e-010
10487	1.6528e-010
10488	1.6363e-010
10489	1.6067e-010
10490	1.4895e-010
10491	1.5593e-010
10492	1.5976e-010
10493	1.5017e-010
10494	1.4074e-010
10495	1.4072e-010
10496	1.317e-010
10497	1.351e-010
10498	1.3952e-010
10499	1.2412e-010
10500	1.3359e-010
10501	1.5367e-010
10502	1.3265e-010
10503	1.2952e-010
10504	1.1399e-010
10505	1.0488e-010
10506	1.0554e-010
10507	1.0305e-010
10508	1.0673e-010
10509	1.0119e-010
10510	1.0199e-010
10511	9.4739e-011
10512	9.1211e-011
10513	8.74e-011
10514	8.4287e-011
10515	8.2914e-011
10516	9.2284e-011
10517	1.0479e-010
10518	8.8195e-011
10519	7.6769e-011
10520	7.0848e-011
10521	8.0955e-011
10522	8.6791e-011
10523	7.8169e-011
10524	9.666e-011
10525	1.0213e-010
10526	1.5421e-010
10527	2.4363e-010
10528	3.0615e-010
10529	3.2481e-010
10530	4.7075e-010
10531	6.0104e-011
10532	5.9881e-011
10533	5.8922e-011
10534	6.0207e-011
10535	6.2951e-011
10536	6.4801e-011
10537	6.6256e-011
10538	6.8132e-011
10539	7.0355e-011
10540	7.1273e-011
10541	7.2814e-011
10542	7.4753e-011
10543	7.6347e-011
10544	7.8786e-011
10545	7.9845e-011
10546	8.161e-011
10547	8.3365e-011
10548	8.5394e-011
10549	8.7452e-011
10550	8.9373e-011
10551	9.1649e-011
10552	9.3402e-011
10553	9.5814e-011
10554	9.7685e-011
10555	1.0013e-010
10556	1.0233e-010
10557	1.0452e-010
10558	1.0743e-010
10559	1.0937e-010
10560	1.126e-010
10561	1.144e-010
10562	1.1694e-010
10563	1.1999e-010
10564	1.2221e-010
10565	1.2516e-010
10566	1.282e-010
10567	1.3065e-010
10568	1.3383e-010
10569	1.3717e-010
10570	1.4002e-010
10571	1.4277e-010
10572	1.4642e-010
10573	1.4961e-010
10574	1.5317e-010
10575	1.563e-010
10576	1.5969e-010
10577	1.6352e-010
10578	1.6727e-010
10579	1.7107e-010
10580	1.7483e-010
10581	1.7881e-010
10582	1.8277e-010
10583	1.869e-010
10584	1.9116e-010
10585	1.9538e-010
10586	2.0021e-010
10587	2.0422e-010
10588	2.0938e-010
10589	2.1387e-010
10590	2.1859e-010
10591	2.2308e-010
10592	2.2905e-010
10593	2.3468e-010
10594	2.3949e-010
10595	2.4511e-010
10596	2.4566e-010
10597	2.4019e-010
10598	2.3593e-010
10599	2.3081e-010
10600	2.2465e-010
10601	2.2087e-010
10602	2.1665e-010
10603	2.1271e-010
10604	2.0672e-010
10605	2.035e-010
10606	1.9813e-010
10607	1.9416e-010
10608	1.9016e-010
10609	1.8637e-010
10610	1.8306e-010
10611	1.7876e-010
10612	1.7621e-010
10613	1.7325e-010
10614	1.6979e-010
10615	1.6377e-010
10616	1.6317e-010
10617	1.6536e-010
10618	1.6238e-010
10619	1.6067e-010
10620	1.4885e-010
10621	1.5595e-010
10622	1.5976e-010
10623	1.5016e-010
10624	1.4073e-010
10625	1.4074e-010
10626	1.3169e-010
10627	1.3509e-010
10628	1.3952e-010
10629	1.2412e-010
10630	1.3359e-010
10631	1.5367e-010
10632	1.3265e-010
10633	1.2953e-010
10634	1.1399e-010
10635	1.0487e-010
10636	1.0554e-010
10637	1.0306e-010
10638	1.0672e-010
10639	1.0119e-010
10640	1.0198e-010
10641	9.4736e-011
10642	9.1206e-011
10643	8.7396e-011
10644	8.4285e-011
10645	8.2913e-011
10646	9.2284e-011
10647	1.0479e-010
10648	8.8193e-011
10649	7.6769e-011
10650	7.0848e-011
10651	8.0955e-011
10652	8.6793e-011
10653	7.8168e-011
10654	9.6659e-011
10655	1.0213e-010
10656	1.5421e-010
10657	2.4363e-010
10658	3.0615e-010
10659	3.2482e-010
10660	4.7076e-010
10661	6.5512e-011
10662	6.5838e-011
10663	6.661e-011
10664	6.7228e-011
10665	6.9374e-011
10666	7.0959e-011
10667	7.3055e-011
10668	7.5756e-011
10669	7.5792e-011
10670	7.9319e-011
10671	8.0526e-011
10672	8.1347e-011
10673	8.5276e-011
10674	8.4936e-011
10675	8.8868e-011
10676	8.9345e-011
10677	9.1872e-011
10678	9.4042e-011
10679	9.5633e-011
10680	9.8781e-011
10681	9.9764e-011
10682	1.0336e-010
10683	1.0431e-010
10684	1.0793e-010
10685	1.095e-010
10686	1.1238e-010
10687	1.1544e-010
10688	1.1681e-010
10689	1.2148e-010
10690	1.2186e-010
10691	1.265e-010
10692	1.2862e-010
10693	1.3057e-010
10694	1.3513e-010
10695	1.3716e-010
10696	1.3988e-010
10697	1.4416e-010
10698	1.472e-010
10699	1.4911e-010
10700	1.5402e-010
10701	1.573e-010
10702	1.6063e-010
10703	1.634e-010
10704	1.6785e-010
10705	1.7179e-010
10706	1.7573e-010
10707	1.7948e-010
10708	1.8343e-010
10709	1.8754e-010
10710	1.9144e-010
10711	1.9611e-010
10712	2.0053e-010
10713	2.0518e-010
10714	2.0984e-010
10715	2.1461e-010
10716	2.1948e-010
10717	2.2381e-010
10718	2.2932e-010
10719	2.3458e-010
10720	2.3989e-010
10721	2.4629e-010
10722	2.5213e-010
10723	2.5615e-010
10724	2.6124e-010
10725	2.7096e-010
10726	2.7143e-010
10727	2.6178e-010
10728	2.5706e-010
10729	2.544e-010
10730	2.492e-010
10731	2.431e-010
10732	2.3796e-010
10733	2.3276e-010
10734	2.2631e-010
10735	2.2338e-010
10736	2.1846e-010
10737	2.1396e-010
10738	2.0964e-010
10739	2.0544e-010
10740	2.01e-010
10741	1.9545e-010
10742	1.9305e-010
10743	1.8998e-010
10744	1.8699e-010
10745	1.844e-010
10746	1.8239e-010
10747	1.7969e-010
10748	1.7304e-010
10749	1.757e-010
10750	1.7083e-010
10751	1.751e-010
10752	1.6301e-010
10753	1.6944e-010
10754	1.615e-010
10755	1.4731e-010
10756	1.4398e-010
10757	1.5909e-010
10758	1.4127e-010
10759	1.4011e-010
10760	1.5673e-010
10761	1.486e-010
10762	1.6002e-010
10763	1.2825e-010
10764	1.3401e-010
10765	1.1792e-010
10766	1.1191e-010
10767	1.2112e-010
10768	1.0976e-010
10769	1.2e-010
10770	1.0528e-010
10771	1.1104e-010
10772	9.8018e-011
10773	9.9615e-011
10774	9.6121e-011
10775	9.01e-011
10776	1.0996e-010
10777	1.0222e-010
10778	1.0719e-010
10779	7.9901e-011
10780	8.29e-011
10781	9.5823e-011
10782	8.5961e-011
10783	9.4848e-011
10784	1.0877e-010
10785	1.2105e-010
10786	1.499e-010
10787	2.4329e-010
10788	2.8661e-010
10789	3.147e-010
10790	4.1119e-010
10791	6.0084e-011
10792	5.9883e-011
10793	5.8934e-011
10794	6.0223e-011
10795	6.2937e-011
10796	6.4782e-011
10797	6.6224e-011
10798	6.8103e-011
10799	7.0328e-011
10800	7.1266e-011
10801	7.281e-011
10802	7.4755e-011
10803	7.6354e-011
10804	7.8801e-011
10805	7.9862e-011
10806	8.1627e-011
10807	8.3389e-011
10808	8.5406e-011
10809	8.7432e-011
10810	8.932e-011
10811	9.1589e-011
10812	9.3348e-011
10813	9.5774e-011
10814	9.764e-011
10815	1.0008e-010
10816	1.023e-010
10817	1.0451e-010
10818	1.0742e-010
10819	1.0936e-010
10820	1.1259e-010
10821	1.1439e-010
10822	1.1694e-010
10823	1.2e-010
10824	1.2222e-010
10825	1.2516e-010
10826	1.282e-010
10827	1.3065e-010
10828	1.3383e-010
10829	1.3714e-010
10830	1.4001e-010
10831	1.4276e-010
10832	1.4641e-010
10833	1.4959e-010
10834	1.5319e-010
10835	1.563e-010
10836	1.5966e-010
10837	1.6349e-010
10838	1.6719e-010
10839	1.7099e-010
10840	1.7478e-010
10841	1.7879e-010
10842	1.8276e-010
10843	1.8689e-010
10844	1.9114e-010
10845	1.9541e-010
10846	2.0012e-010
10847	2.0421e-010
10848	2.093e-010
10849	2.1392e-010
10850	2.1854e-010
10851	2.2305e-010
10852	2.2909e-010
10853	2.3466e-010
10854	2.3943e-010
10855	2.451e-010
10856	2.4564e-010
10857	2.4015e-010
10858	2.3592e-010
10859	2.3077e-010
10860	2.2467e-010
10861	2.2088e-010
10862	2.1663e-010
10863	2.1269e-010
10864	2.0672e-010
10865	2.0348e-010
10866	1.9814e-010
10867	1.9416e-010
10868	1.9009e-010
10869	1.8632e-010
10870	1.8302e-010
10871	1.7872e-010
10872	1.762e-010
10873	1.7322e-010
10874	1.6976e-010
10875	1.6375e-010
10876	1.6327e-010
10877	1.6497e-010
10878	1.6266e-010
10879	1.6031e-010
10880	1.4894e-010
10881	1.5593e-010
10882	1.5979e-010
10883	1.502e-010
10884	1.4073e-010
10885	1.4077e-010
10886	1.3171e-010
10887	1.3513e-010
10888	1.3957e-010
10889	1.2413e-010
10890	1.3361e-010
10891	1.5371e-010
10892	1.3267e-010
10893	1.2957e-010
10894	1.1402e-010
10895	1.049e-010
10896	1.0558e-010
10897	1.0308e-010
10898	1.0676e-010
10899	1.012e-010
10900	1.0201e-010
10901	9.4749e-011
10902	9.1244e-011
10903	8.7417e-011
10904	8.4307e-011
10905	8.2916e-011
10906	9.2305e-011
10907	1.0484e-010
10908	8.8209e-011
10909	7.6775e-011
10910	7.0837e-011
10911	8.0908e-011
10912	8.6745e-011
10913	7.8152e-011
10914	9.6681e-011
10915	1.0213e-010
10916	1.5421e-010
10917	2.436e-010
10918	3.0611e-010
10919	3.2483e-010
10920	4.7081e-010
10921	5.998e-011
10922	5.978e-011
10923	5.8831e-011
10924	6.0129e-011
10925	6.2851e-011
10926	6.4698e-011
10927	6.6145e-011
10928	6.8024e-011
10929	7.026e-011
10930	7.1194e-011
10931	7.2733e-011
10932	7.468e-011
10933	7.6254e-011
10934	7.8678e-011
10935	7.9747e-011
10936	8.1517e-011
10937	8.3258e-011
10938	8.5262e-011
10939	8.7274e-011
10940	8.9172e-011
10941	9.1467e-011
10942	9.3268e-011
10943	9.5712e-011
10944	9.7564e-011
10945	9.9981e-011
10946	1.0219e-010
10947	1.0437e-010
10948	1.0726e-010
10949	1.0918e-010
10950	1.1237e-010
10951	1.1421e-010
10952	1.1679e-010
10953	1.1985e-010
10954	1.2208e-010
10955	1.2502e-010
10956	1.2802e-010
10957	1.3051e-010
10958	1.3369e-010
10959	1.3702e-010
10960	1.3986e-010
10961	1.425e-010
10962	1.4618e-010
10963	1.4942e-010
10964	1.5298e-010
10965	1.5611e-010
10966	1.5948e-010
10967	1.6325e-010
10968	1.6692e-010
10969	1.707e-010
10970	1.7447e-010
10971	1.785e-010
10972	1.8249e-010
10973	1.8666e-010
10974	1.9092e-010
10975	1.951e-010
10976	1.9991e-010
10977	2.0406e-010
10978	2.0923e-010
10979	2.138e-010
10980	2.1851e-010
10981	2.2307e-010
10982	2.2895e-010
10983	2.3448e-010
10984	2.3928e-010
10985	2.4499e-010
10986	2.4559e-010
10987	2.4006e-010
10988	2.3588e-010
10989	2.3064e-010
10990	2.2459e-010
10991	2.2085e-010
10992	2.1658e-010
10993	2.126e-010
10994	2.0664e-010
10995	2.0344e-010
10996	1.9816e-010
10997	1.9416e-010
10998	1.9013e-010
10999	1.8626e-010
11000	1.8315e-010
11001	1.7897e-010
11002	1.7636e-010
11003	1.7325e-010
11004	1.6988e-010
11005	1.6383e-010
11006	1.6322e-010
11007	1.6559e-010
11008	1.6257e-010
11009	1.6092e-010
11010	1.4891e-010
11011	1.5608e-010
11012	1.5994e-010
11013	1.5034e-010
11014	1.4088e-010
11015	1.4095e-010
11016	1.3188e-010
11017	1.3528e-010
11018	1.3977e-010
11019	1.2431e-010
11020	1.3377e-010
11021	1.539e-010
11022	1.3286e-010
11023	1.2978e-010
11024	1.1416e-010
11025	1.0503e-010
11026	1.057e-010
11027	1.0319e-010
11028	1.0686e-010
11029	1.0129e-010
11030	1.0209e-010
11031	9.482e-011
11032	9.1311e-011
11033	8.7488e-011
11034	8.4363e-011
11035	8.2993e-011
11036	9.238e-011
11037	1.0495e-010
11038	8.8299e-011
11039	7.6876e-011
11040	7.094e-011
11041	8.1013e-011
11042	8.6849e-011
11043	7.8252e-011
11044	9.6778e-011
11045	1.0223e-010
11046	1.5431e-010
11047	2.4366e-010
11048	3.0618e-010
11049	3.2494e-010
11050	4.7095e-010
11051	6.5328e-011
11052	6.5665e-011
11053	6.646e-011
11054	6.7068e-011
11055	6.9206e-011
11056	7.0776e-011
11057	7.2873e-011
11058	7.5597e-011
11059	7.5655e-011
11060	7.9216e-011
11061	8.0447e-011
11062	8.127e-011
11063	8.5137e-011
11064	8.4727e-011
11065	8.8643e-011
11066	8.9119e-011
11067	9.1664e-011
11068	9.3831e-011
11069	9.5441e-011
11070	9.8563e-011
11071	9.9596e-011
11072	1.0322e-010
11073	1.0416e-010
11074	1.0772e-010
11075	1.0927e-010
11076	1.1215e-010
11077	1.1526e-010
11078	1.1658e-010
11079	1.2125e-010
11080	1.2164e-010
11081	1.2634e-010
11082	1.2847e-010
11083	1.3039e-010
11084	1.3494e-010
11085	1.3694e-010
11086	1.3962e-010
11087	1.4389e-010
11088	1.47e-010
11089	1.489e-010
11090	1.5375e-010
11091	1.5696e-010
11092	1.603e-010
11093	1.6303e-010
11094	1.6743e-010
11095	1.7148e-010
11096	1.7538e-010
11097	1.7903e-010
11098	1.83e-010
11099	1.8707e-010
11100	1.9094e-010
11101	1.9559e-010
11102	2.0011e-010
11103	2.0478e-010
11104	2.0946e-010
11105	2.1426e-010
11106	2.1919e-010
11107	2.236e-010
11108	2.2903e-010
11109	2.3437e-010
11110	2.399e-010
11111	2.4617e-010
11112	2.5187e-010
11113	2.5586e-010
11114	2.6103e-010
11115	2.7082e-010
11116	2.713e-010
11117	2.6173e-010
11118	2.5698e-010
11119	2.5418e-010
11120	2.4914e-010
11121	2.4309e-010
11122	2.3792e-010
11123	2.3266e-010
11124	2.2623e-010
11125	2.2329e-010
11126	2.1841e-010
11127	2.1396e-010
11128	2.096e-010
11129	2.0537e-010
11130	2.0153e-010
11131	1.9506e-010
11132	1.9363e-010
11133	1.9003e-010
11134	1.8704e-010
11135	1.8438e-010
11136	1.8253e-010
11137	1.807e-010
11138	1.7265e-010
11139	1.7677e-010
11140	1.7106e-010
11141	1.7523e-010
11142	1.6324e-010
11143	1.697e-010
11144	1.6177e-010
11145	1.4754e-010
11146	1.4423e-010
11147	1.594e-010
11148	1.4158e-010
11149	1.4038e-010
11150	1.57e-010
11151	1.4896e-010
11152	1.604e-010
11153	1.2861e-010
11154	1.3432e-010
11155	1.182e-010
11156	1.1217e-010
11157	1.2136e-010
11158	1.0998e-010
11159	1.2018e-010
11160	1.0542e-010
11161	1.1115e-010
11162	9.8147e-011
11163	9.9757e-011
11164	9.624e-011
11165	9.0226e-011
11166	1.101e-010
11167	1.0233e-010
11168	1.0733e-010
11169	8.0048e-011
11170	8.3074e-011
11171	9.5962e-011
11172	8.612e-011
11173	9.4999e-011
11174	1.0898e-010
11175	1.2125e-010
11176	1.5011e-010
11177	2.4343e-010
11178	2.8677e-010
11179	3.149e-010
11180	4.1139e-010
11181	5.998e-011
11182	5.978e-011
11183	5.8831e-011
11184	6.0129e-011
11185	6.2851e-011
11186	6.4698e-011
11187	6.6145e-011
11188	6.8024e-011
11189	7.0261e-011
11190	7.1193e-011
11191	7.2732e-011
11192	7.4678e-011
11193	7.626e-011
11194	7.8677e-011
11195	7.9745e-011
11196	8.1517e-011
11197	8.3258e-011
11198	8.5262e-011
11199	8.7272e-011
11200	8.9172e-011
11201	9.1467e-011
11202	9.3267e-011
11203	9.5711e-011
11204	9.7565e-011
11205	9.998e-011
11206	1.0218e-010
11207	1.0437e-010
11208	1.0727e-010
11209	1.0918e-010
11210	1.1237e-010
11211	1.1421e-010
11212	1.1678e-010
11213	1.1985e-010
11214	1.2208e-010
11215	1.2503e-010
11216	1.2802e-010
11217	1.3051e-010
11218	1.3369e-010
11219	1.3702e-010
11220	1.3986e-010
11221	1.425e-010
11222	1.4619e-010
11223	1.4942e-010
11224	1.5298e-010
11225	1.5611e-010
11226	1.5948e-010
11227	1.6324e-010
11228	1.6691e-010
11229	1.707e-010
11230	1.7447e-010
11231	1.785e-010
11232	1.8249e-010
11233	1.8665e-010
11234	1.9092e-010
11235	1.951e-010
11236	1.9991e-010
11237	2.0406e-010
11238	2.0923e-010
11239	2.138e-010
11240	2.1851e-010
11241	2.2307e-010
11242	2.2895e-010
11243	2.3448e-010
11244	2.3928e-010
11245	2.4499e-010
11246	2.456e-010
11247	2.4006e-010
11248	2.3588e-010
11249	2.3064e-010
11250	2.2459e-010
11251	2.2085e-010
11252	2.1658e-010
11253	2.126e-010
11254	2.0665e-010
11255	2.0344e-010
11256	1.9815e-010
11257	1.9418e-010
11258	1.9013e-010
11259	1.8629e-010
11260	1.8319e-010
11261	1.7919e-010
11262	1.7638e-010
11263	1.733e-010
11264	1.6988e-010
11265	1.6382e-010
11266	1.6335e-010
11267	1.6593e-010
11268	1.6369e-010
11269	1.6138e-010
11270	1.4902e-010
11271	1.5615e-010
11272	1.5998e-010
11273	1.5043e-010
11274	1.4088e-010
11275	1.4094e-010
11276	1.3188e-010
11277	1.3528e-010
11278	1.3977e-010
11279	1.2431e-010
11280	1.3377e-010
11281	1.539e-010
11282	1.3286e-010
11283	1.2978e-010
11284	1.1416e-010
11285	1.0503e-010
11286	1.057e-010
11287	1.0318e-010
11288	1.0687e-010
11289	1.0129e-010
11290	1.0209e-010
11291	9.4819e-011
11292	9.1311e-011
11293	8.7488e-011
11294	8.4363e-011
11295	8.2993e-011
11296	9.2379e-011
11297	1.0495e-010
11298	8.83e-011
11299	7.6877e-011
11300	7.094e-011
11301	8.1013e-011
11302	8.6849e-011
11303	7.8251e-011
11304	9.6778e-011
11305	1.0223e-010
11306	1.5431e-010
11307	2.4366e-010
11308	3.0619e-010
11309	3.2494e-010
11310	4.7095e-010
11311	6.0084e-011
11312	5.9883e-011
11313	5.8933e-011
11314	6.022e-011
11315	6.2936e-011
11316	6.4782e-011
11317	6.6225e-011
11318	6.8102e-011
11319	7.0327e-011
11320	7.1266e-011
11321	7.2809e-011
11322	7.4754e-011
11323	7.6353e-011
11324	7.8799e-011
11325	7.9857e-011
11326	8.163e-011
11327	8.3388e-011
11328	8.5404e-011
11329	8.7429e-011
11330	8.9317e-011
11331	9.1589e-011
11332	9.3349e-011
11333	9.577e-011
11334	9.7636e-011
11335	1.0008e-010
11336	1.0231e-010
11337	1.0451e-010
11338	1.0743e-010
11339	1.0937e-010
11340	1.1259e-010
11341	1.1439e-010
11342	1.1694e-010
11343	1.2e-010
11344	1.2222e-010
11345	1.2516e-010
11346	1.2819e-010
11347	1.3065e-010
11348	1.3383e-010
11349	1.3715e-010
11350	1.4002e-010
11351	1.4276e-010
11352	1.4639e-010
11353	1.4958e-010
11354	1.5319e-010
11355	1.5629e-010
11356	1.5965e-010
11357	1.6349e-010
11358	1.6719e-010
11359	1.71e-010
11360	1.7477e-010
11361	1.7878e-010
11362	1.8277e-010
11363	1.8689e-010
11364	1.9114e-010
11365	1.9541e-010
11366	2.0012e-010
11367	2.042e-010
11368	2.093e-010
11369	2.1393e-010
11370	2.1853e-010
11371	2.2308e-010
11372	2.2908e-010
11373	2.3465e-010
11374	2.3943e-010
11375	2.4511e-010
11376	2.4566e-010
11377	2.4014e-010
11378	2.3593e-010
11379	2.3077e-010
11380	2.2466e-010
11381	2.2087e-010
11382	2.1662e-010
11383	2.1269e-010
11384	2.0672e-010
11385	2.0348e-010
11386	1.9813e-010
11387	1.9415e-010
11388	1.9011e-010
11389	1.8621e-010
11390	1.8339e-010
11391	1.7897e-010
11392	1.7664e-010
11393	1.7316e-010
11394	1.6978e-010
11395	1.6372e-010
11396	1.6321e-010
11397	1.6613e-010
11398	1.6355e-010
11399	1.6156e-010
11400	1.4893e-010
11401	1.5591e-010
11402	1.6001e-010
11403	1.5018e-010
11404	1.4084e-010
11405	1.4073e-010
11406	1.3173e-010
11407	1.3512e-010
11408	1.3957e-010
11409	1.2413e-010
11410	1.3361e-010
11411	1.5371e-010
11412	1.3267e-010
11413	1.2957e-010
11414	1.1402e-010
11415	1.049e-010
11416	1.0558e-010
11417	1.0308e-010
11418	1.0676e-010
11419	1.012e-010
11420	1.0201e-010
11421	9.4756e-011
11422	9.1239e-011
11423	8.7423e-011
11424	8.4306e-011
11425	8.2916e-011
11426	9.23e-011
11427	1.0484e-010
11428	8.8213e-011
11429	7.6772e-011
11430	7.0836e-011
11431	8.0913e-011
11432	8.6744e-011
11433	7.815e-011
11434	9.6679e-011
11435	1.0213e-010
11436	1.5421e-010
11437	2.4361e-010
11438	3.0611e-010
11439	3.2485e-010
11440	4.7082e-010
11441	6.5513e-011
11442	6.5833e-011
11443	6.6614e-011
11444	6.7227e-011
11445	6.9372e-011
11446	7.0963e-011
11447	7.3053e-011
11448	7.5758e-011
11449	7.5795e-011
11450	7.9316e-011
11451	8.0531e-011
11452	8.1351e-011
11453	8.5274e-011
11454	8.4942e-011
11455	8.8876e-011
11456	8.9342e-011
11457	9.1875e-011
11458	9.4042e-011
11459	9.564e-011
11460	9.8768e-011
11461	9.9766e-011
11462	1.0336e-010
11463	1.043e-010
11464	1.0794e-010
11465	1.0951e-010
11466	1.1238e-010
11467	1.1544e-010
11468	1.168e-010
11469	1.2149e-010
11470	1.2186e-010
11471	1.2648e-010
11472	1.286e-010
11473	1.3057e-010
11474	1.3512e-010
11475	1.3716e-010
11476	1.3988e-010
11477	1.4415e-010
11478	1.4721e-010
11479	1.4909e-010
11480	1.5402e-010
11481	1.573e-010
11482	1.6062e-010
11483	1.634e-010
11484	1.6785e-010
11485	1.718e-010
11486	1.7571e-010
11487	1.7949e-010
11488	1.8342e-010
11489	1.8755e-010
11490	1.9143e-010
11491	1.961e-010
11492	2.0052e-010
11493	2.0517e-010
11494	2.0984e-010
11495	2.1459e-010
11496	2.1949e-010
11497	2.2384e-010
11498	2.2928e-010
11499	2.346e-010
11500	2.3989e-010
11501	2.4631e-010
11502	2.5214e-010
11503	2.5611e-010
11504	2.6123e-010
11505	2.7098e-010
11506	2.7144e-010
11507	2.6179e-010
11508	2.5706e-010
11509	2.5436e-010
11510	2.4921e-010
11511	2.4312e-010
11512	2.3796e-010
11513	2.3275e-010
11514	2.2629e-010
11515	2.2336e-010
11516	2.1847e-010
11517	2.1398e-010
11518	2.0963e-010
11519	2.0546e-010
11520	2.018e-010
11521	1.9451e-010
11522	1.939e-010
11523	1.8997e-010
11524	1.8699e-010
11525	1.8436e-010
11526	1.8235e-010
11527	1.8151e-010
11528	1.7229e-010
11529	1.7757e-010
11530	1.7076e-010
11531	1.7516e-010
11532	1.6332e-010
11533	1.6956e-010
11534	1.6148e-010
11535	1.4731e-010
11536	1.4398e-010
11537	1.591e-010
11538	1.4125e-010
11539	1.4011e-010
11540	1.5673e-010
11541	1.486e-010
11542	1.6002e-010
11543	1.2826e-010
11544	1.3401e-010
11545	1.1792e-010
11546	1.119e-010
11547	1.2113e-010
11548	1.0976e-010
11549	1.2e-010
11550	1.0529e-010
11551	1.1105e-010
11552	9.8013e-011
11553	9.9618e-011
11554	9.6115e-011
11555	9.0104e-011
11556	1.0996e-010
11557	1.022e-010
11558	1.0719e-010
11559	7.9898e-011
11560	8.2896e-011
11561	9.5821e-011
11562	8.5956e-011
11563	9.4849e-011
11564	1.0877e-010
11565	1.2105e-010
11566	1.499e-010
11567	2.4328e-010
11568	2.8662e-010
11569	3.1469e-010
11570	4.1119e-010
11571	6.0102e-011
11572	5.9881e-011
11573	5.8925e-011
11574	6.0205e-011
11575	6.2949e-011
11576	6.4804e-011
11577	6.626e-011
11578	6.8131e-011
11579	7.0354e-011
11580	7.1284e-011
11581	7.281e-011
11582	7.4751e-011
11583	7.6346e-011
11584	7.8787e-011
11585	7.9848e-011
11586	8.161e-011
11587	8.3362e-011
11588	8.5396e-011
11589	8.7449e-011
11590	8.9372e-011
11591	9.1654e-011
11592	9.3397e-011
11593	9.5819e-011
11594	9.7684e-011
11595	1.0013e-010
11596	1.0233e-010
11597	1.0452e-010
11598	1.0743e-010
11599	1.0938e-010
11600	1.126e-010
11601	1.1439e-010
11602	1.1693e-010
11603	1.1999e-010
11604	1.2221e-010
11605	1.2516e-010
11606	1.282e-010
11607	1.3065e-010
11608	1.3383e-010
11609	1.3717e-010
11610	1.4001e-010
11611	1.4277e-010
11612	1.4643e-010
11613	1.4961e-010
11614	1.5317e-010
11615	1.5631e-010
11616	1.5969e-010
11617	1.6353e-010
11618	1.6726e-010
11619	1.7107e-010
11620	1.7484e-010
11621	1.7881e-010
11622	1.8276e-010
11623	1.869e-010
11624	1.9118e-010
11625	1.9537e-010
11626	2.0021e-010
11627	2.0422e-010
11628	2.0939e-010
11629	2.1391e-010
11630	2.1861e-010
11631	2.231e-010
11632	2.2905e-010
11633	2.347e-010
11634	2.3948e-010
11635	2.4511e-010
11636	2.4567e-010
11637	2.4018e-010
11638	2.3592e-010
11639	2.308e-010
11640	2.2465e-010
11641	2.2088e-010
11642	2.1666e-010
11643	2.1274e-010
11644	2.0672e-010
11645	2.0349e-010
11646	1.9813e-010
11647	1.9417e-010
11648	1.9018e-010
11649	1.8636e-010
11650	1.8314e-010
11651	1.7918e-010
11652	1.7633e-010
11653	1.7324e-010
11654	1.698e-010
11655	1.6375e-010
11656	1.6322e-010
11657	1.6621e-010
11658	1.6349e-010
11659	1.6159e-010
11660	1.4893e-010
11661	1.5594e-010
11662	1.5996e-010
11663	1.5019e-010
11664	1.4082e-010
11665	1.407e-010
11666	1.317e-010
11667	1.351e-010
11668	1.3951e-010
11669	1.2411e-010
11670	1.336e-010
11671	1.5367e-010
11672	1.3266e-010
11673	1.2953e-010
11674	1.1399e-010
11675	1.0487e-010
11676	1.0554e-010
11677	1.0306e-010
11678	1.0672e-010
11679	1.0119e-010
11680	1.0198e-010
11681	9.4731e-011
11682	9.1213e-011
11683	8.7396e-011
11684	8.4283e-011
11685	8.2912e-011
11686	9.2279e-011
11687	1.0479e-010
11688	8.8191e-011
11689	7.6769e-011
11690	7.0846e-011
11691	8.0952e-011
11692	8.6794e-011
11693	7.8169e-011
11694	9.6658e-011
11695	1.0212e-010
11696	1.5421e-010
11697	2.4364e-010
11698	3.0615e-010
11699	3.2483e-010
11700	4.7075e-010
11701	6.0103e-011
11702	5.9882e-011
11703	5.8921e-011
11704	6.0205e-011
11705	6.295e-011
11706	6.48e-011
11707	6.6255e-011
11708	6.8132e-011
11709	7.0355e-011
11710	7.1284e-011
11711	7.281e-011
11712	7.4751e-011
11713	7.6346e-011
11714	7.8788e-011
11715	7.985e-011
11716	8.1611e-011
11717	8.3364e-011
11718	8.5399e-011
11719	8.745e-011
11720	8.9372e-011
11721	9.1654e-011
11722	9.3399e-011
11723	9.5814e-011
11724	9.7684e-011
11725	1.0013e-010
11726	1.0233e-010
11727	1.0452e-010
11728	1.0743e-010
11729	1.0938e-010
11730	1.126e-010
11731	1.1439e-010
11732	1.1693e-010
11733	1.1999e-010
11734	1.2221e-010
11735	1.2517e-010
11736	1.2819e-010
11737	1.3065e-010
11738	1.3382e-010
11739	1.3717e-010
11740	1.4001e-010
11741	1.4277e-010
11742	1.4643e-010
11743	1.4961e-010
11744	1.5317e-010
11745	1.5631e-010
11746	1.5969e-010
11747	1.6353e-010
11748	1.6727e-010
11749	1.7107e-010
11750	1.7484e-010
11751	1.7881e-010
11752	1.8276e-010
11753	1.869e-010
11754	1.9118e-010
11755	1.9537e-010
11756	2.0021e-010
11757	2.0423e-010
11758	2.0937e-010
11759	2.1389e-010
11760	2.1861e-010
11761	2.231e-010
11762	2.2906e-010
11763	2.347e-010
11764	2.3948e-010
11765	2.4511e-010
11766	2.4567e-010
11767	2.4018e-010
11768	2.3592e-010
11769	2.308e-010
11770	2.2465e-010
11771	2.2088e-010
11772	2.1666e-010
11773	2.1274e-010
11774	2.0672e-010
11775	2.0349e-010
11776	1.9813e-010
11777	1.9416e-010
11778	1.9015e-010
11779	1.8634e-010
11780	1.8337e-010
11781	1.7841e-010
11782	1.7655e-010
11783	1.7323e-010
11784	1.6977e-010
11785	1.6375e-010
11786	1.6321e-010
11787	1.6615e-010
11788	1.6346e-010
11789	1.6157e-010
11790	1.4894e-010
11791	1.5595e-010
11792	1.5994e-010
11793	1.5018e-010
11794	1.4082e-010
11795	1.407e-010
11796	1.3169e-010
11797	1.351e-010
11798	1.3951e-010
11799	1.2411e-010
11800	1.3359e-010
11801	1.5367e-010
11802	1.3265e-010
11803	1.2953e-010
11804	1.1399e-010
11805	1.0487e-010
11806	1.0554e-010
11807	1.0306e-010
11808	1.0672e-010
11809	1.0119e-010
11810	1.0198e-010
11811	9.4734e-011
11812	9.1205e-011
11813	8.7396e-011
11814	8.4283e-011
11815	8.2912e-011
11816	9.2281e-011
11817	1.0479e-010
11818	8.8191e-011
11819	7.6769e-011
11820	7.0847e-011
11821	8.0953e-011
11822	8.6794e-011
11823	7.8169e-011
11824	9.6658e-011
11825	1.0212e-010
11826	1.5421e-010
11827	2.4363e-010
11828	3.0615e-010
11829	3.2481e-010
11830	4.7076e-010
11831	6.5512e-011
11832	6.5838e-011
11833	6.6611e-011
11834	6.723e-011
11835	6.937e-011
11836	7.0961e-011
11837	7.3056e-011
11838	7.5756e-011
11839	7.5792e-011
11840	7.9322e-011
11841	8.0531e-011
11842	8.1349e-011
11843	8.5271e-011
11844	8.4941e-011
11845	8.8872e-011
11846	8.9346e-011
11847	9.1873e-011
11848	9.4038e-011
11849	9.5635e-011
11850	9.8775e-011
11851	9.9766e-011
11852	1.0336e-010
11853	1.043e-010
11854	1.0794e-010
11855	1.0951e-010
11856	1.1238e-010
11857	1.1544e-010
11858	1.1681e-010
11859	1.2149e-010
11860	1.2186e-010
11861	1.2651e-010
11862	1.2861e-010
11863	1.3056e-010
11864	1.3512e-010
11865	1.3716e-010
11866	1.3987e-010
11867	1.4416e-010
11868	1.472e-010
11869	1.4909e-010
11870	1.5404e-010
11871	1.5731e-010
11872	1.6062e-010
11873	1.634e-010
11874	1.6785e-010
11875	1.718e-010
11876	1.7572e-010
11877	1.7948e-010
11878	1.8343e-010
11879	1.8754e-010
11880	1.9145e-010
11881	1.961e-010
11882	2.0052e-010
11883	2.0519e-010
11884	2.0985e-010
11885	2.146e-010
11886	2.1949e-010
11887	2.2383e-010
11888	2.2929e-010
11889	2.3459e-010
11890	2.399e-010
11891	2.4629e-010
11892	2.5213e-010
11893	2.5616e-010
11894	2.6124e-010
11895	2.7097e-010
11896	2.7144e-010
11897	2.6178e-010
11898	2.5705e-010
11899	2.5438e-010
11900	2.492e-010
11901	2.4311e-010
11902	2.3797e-010
11903	2.3277e-010
11904	2.263e-010
11905	2.2336e-010
11906	2.1847e-010
11907	2.1397e-010
11908	2.0968e-010
11909	2.0539e-010
11910	2.0095e-010
11911	1.9568e-010
11912	1.9304e-010
11913	1.8991e-010
11914	1.8706e-010
11915	1.8434e-010
11916	1.8236e-010
11917	1.8149e-010
11918	1.7222e-010
11919	1.7759e-010
11920	1.7077e-010
11921	1.7513e-010
11922	1.6333e-010
11923	1.6956e-010
11924	1.6148e-010
11925	1.4731e-010
11926	1.4397e-010
11927	1.5911e-010
11928	1.4126e-010
11929	1.4011e-010
11930	1.5673e-010
11931	1.4862e-010
11932	1.6002e-010
11933	1.2825e-010
11934	1.3402e-010
11935	1.1792e-010
11936	1.1191e-010
11937	1.2113e-010
11938	1.0976e-010
11939	1.2e-010
11940	1.0528e-010
11941	1.1104e-010
11942	9.8017e-011
11943	9.9615e-011
11944	9.6114e-011
11945	9.0104e-011
11946	1.0996e-010
11947	1.0222e-010
11948	1.0719e-010
11949	7.9903e-011
11950	8.2894e-011
11951	9.5819e-011
11952	8.5953e-011
11953	9.4848e-011
11954	1.0877e-010
11955	1.2105e-010
11956	1.499e-010
11957	2.4328e-010
11958	2.8662e-010
11959	3.1469e-010
11960	4.1119e-010
11961	6.0084e-011
11962	5.9883e-011
11963	5.8934e-011
11964	6.0223e-011
11965	6.2937e-011
11966	6.4782e-011
11967	6.6224e-011
11968	6.8103e-011
11969	7.0328e-011
11970	7.1266e-011
11971	7.2809e-011
11972	7.4755e-011
11973	7.6354e-011
11974	7.88e-011
11975	7.9861e-011
11976	8.1626e-011
11977	8.339e-011
11978	8.5406e-011
11979	8.7432e-011
11980	8.932e-011
11981	9.1588e-011
11982	9.335e-011
11983	9.5774e-011
11984	9.7639e-011
11985	1.0008e-010
11986	1.023e-010
11987	1.0451e-010
11988	1.0742e-010
11989	1.0936e-010
11990	1.1259e-010
11991	1.1439e-010
11992	1.1694e-010
11993	1.2e-010
11994	1.222e-010
11995	1.2516e-010
11996	1.2818e-010
11997	1.3066e-010
11998	1.3383e-010
11999	1.3715e-010
12000	1.4002e-010
12001	1.4277e-010
12002	1.4639e-010
12003	1.4958e-010
12004	1.5319e-010
12005	1.5629e-010
12006	1.5966e-010
12007	1.6349e-010
12008	1.6719e-010
12009	1.7099e-010
12010	1.7478e-010
12011	1.7879e-010
12012	1.8276e-010
12013	1.8689e-010
12014	1.9114e-010
12015	1.9541e-010
12016	2.0012e-010
12017	2.0421e-010
12018	2.093e-010
12019	2.1392e-010
12020	2.1853e-010
12021	2.2305e-010
12022	2.2909e-010
12023	2.3466e-010
12024	2.3943e-010
12025	2.451e-010
12026	2.4564e-010
12027	2.4014e-010
12028	2.3592e-010
12029	2.3077e-010
12030	2.2467e-010
12031	2.2088e-010
12032	2.1663e-010
12033	2.1269e-010
12034	2.0672e-010
12035	2.0349e-010
12036	1.9813e-010
12037	1.9415e-010
12038	1.901e-010
12039	1.8632e-010
12040	1.8306e-010
12041	1.7868e-010
12042	1.7626e-010
12043	1.7322e-010
12044	1.6976e-010
12045	1.6373e-010
12046	1.6323e-010
12047	1.6614e-010
12048	1.634e-010
12049	1.6152e-010
12050	1.4894e-010
12051	1.5598e-010
12052	1.5997e-010
12053	1.5023e-010
12054	1.4083e-010
12055	1.4073e-010
12056	1.3172e-010
12057	1.3512e-010
12058	1.3956e-010
12059	1.2414e-010
12060	1.3362e-010
12061	1.5371e-010
12062	1.3268e-010
12063	1.2957e-010
12064	1.1402e-010
12065	1.0489e-010
12066	1.0558e-010
12067	1.0308e-010
12068	1.0676e-010
12069	1.012e-010
12070	1.0201e-010
12071	9.4749e-011
12072	9.1244e-011
12073	8.7417e-011
12074	8.4306e-011
12075	8.2916e-011
12076	9.2304e-011
12077	1.0484e-010
12078	8.8206e-011
12079	7.6775e-011
12080	7.0837e-011
12081	8.0907e-011
12082	8.6744e-011
12083	7.8152e-011
12084	9.6681e-011
12085	1.0213e-010
12086	1.5421e-010
12087	2.4361e-010
12088	3.061e-010
12089	3.2484e-010
12090	4.7081e-010
12091	5.9981e-011
12092	5.9776e-011
12093	5.8832e-011
12094	6.013e-011
12095	6.2852e-011
12096	6.47e-011
12097	6.6147e-011
12098	6.8027e-011
12099	7.0257e-011
12100	7.1196e-011
12101	7.2735e-011
12102	7.4682e-011
12103	7.6254e-011
12104	7.8679e-011
12105	7.9739e-011
12106	8.1518e-011
12107	8.3255e-011
12108	8.5261e-011
12109	8.7277e-011
12110	8.9176e-011
12111	9.146e-011
12112	9.3269e-011
12113	9.5712e-011
12114	9.7567e-011
12115	9.9982e-011
12116	1.0218e-010
12117	1.0437e-010
12118	1.0727e-010
12119	1.0918e-010
12120	1.1238e-010
12121	1.1421e-010
12122	1.1679e-010
12123	1.1986e-010
12124	1.2209e-010
12125	1.2502e-010
12126	1.2803e-010
12127	1.305e-010
12128	1.3369e-010
12129	1.3702e-010
12130	1.3985e-010
12131	1.425e-010
12132	1.4618e-010
12133	1.4942e-010
12134	1.5297e-010
12135	1.5611e-010
12136	1.5949e-010
12137	1.6322e-010
12138	1.6691e-010
12139	1.7071e-010
12140	1.7448e-010
12141	1.7851e-010
12142	1.8249e-010
12143	1.8666e-010
12144	1.9093e-010
12145	1.951e-010
12146	1.9992e-010
12147	2.0406e-010
12148	2.0923e-010
12149	2.1379e-010
12150	2.1852e-010
12151	2.2306e-010
12152	2.2896e-010
12153	2.3449e-010
12154	2.3928e-010
12155	2.4498e-010
12156	2.4559e-010
12157	2.4006e-010
12158	2.3589e-010
12159	2.3063e-010
12160	2.246e-010
12161	2.2084e-010
12162	2.1658e-010
12163	2.1261e-010
12164	2.0665e-010
12165	2.0343e-010
12166	1.9816e-010
12167	1.9417e-010
12168	1.9011e-010
12169	1.8627e-010
12170	1.8307e-010
12171	1.7874e-010
12172	1.7625e-010
12173	1.733e-010
12174	1.6984e-010
12175	1.6384e-010
12176	1.6325e-010
12177	1.6646e-010
12178	1.6325e-010
12179	1.6186e-010
12180	1.4896e-010
12181	1.561e-010
12182	1.6008e-010
12183	1.5035e-010
12184	1.4099e-010
12185	1.4091e-010
12186	1.3189e-010
12187	1.3528e-010
12188	1.3977e-010
12189	1.243e-010
12190	1.3377e-010
12191	1.539e-010
12192	1.3285e-010
12193	1.2979e-010
12194	1.1417e-010
12195	1.0502e-010
12196	1.057e-010
12197	1.0318e-010
12198	1.0686e-010
12199	1.0128e-010
12200	1.021e-010
12201	9.4822e-011
12202	9.1308e-011
12203	8.7492e-011
12204	8.4363e-011
12205	8.2993e-011
12206	9.2381e-011
12207	1.0495e-010
12208	8.8301e-011
12209	7.6881e-011
12210	7.0939e-011
12211	8.1018e-011
12212	8.685e-011
12213	7.8254e-011
12214	9.6777e-011
12215	1.0223e-010
12216	1.543e-010
12217	2.4366e-010
12218	3.062e-010
12219	3.2495e-010
12220	4.7095e-010
12221	6.533e-011
12222	6.5669e-011
12223	6.6457e-011
12224	6.7066e-011
12225	6.9203e-011
12226	7.0773e-011
12227	7.2886e-011
12228	7.5602e-011
12229	7.5661e-011
12230	7.9233e-011
12231	8.0456e-011
12232	8.1266e-011
12233	8.5133e-011
12234	8.4722e-011
12235	8.8638e-011
12236	8.9117e-011
12237	9.1665e-011
12238	9.3833e-011
12239	9.543e-011
12240	9.8568e-011
12241	9.9592e-011
12242	1.0322e-010
12243	1.0417e-010
12244	1.0771e-010
12245	1.0926e-010
12246	1.1215e-010
12247	1.1525e-010
12248	1.1657e-010
12249	1.2124e-010
12250	1.2163e-010
12251	1.2633e-010
12252	1.2845e-010
12253	1.3042e-010
12254	1.3496e-010
12255	1.3693e-010
12256	1.3961e-010
12257	1.4391e-010
12258	1.4698e-010
12259	1.489e-010
12260	1.5375e-010
12261	1.5695e-010
12262	1.6028e-010
12263	1.6308e-010
12264	1.6743e-010
12265	1.7146e-010
12266	1.7539e-010
12267	1.7902e-010
12268	1.8298e-010
12269	1.8709e-010
12270	1.9099e-010
12271	1.9558e-010
12272	2.0011e-010
12273	2.0479e-010
12274	2.0946e-010
12275	2.1424e-010
12276	2.1921e-010
12277	2.2358e-010
12278	2.2902e-010
12279	2.3436e-010
12280	2.3989e-010
12281	2.4614e-010
12282	2.519e-010
12283	2.5592e-010
12284	2.61e-010
12285	2.708e-010
12286	2.7128e-010
12287	2.6172e-010
12288	2.5695e-010
12289	2.5427e-010
12290	2.4911e-010
12291	2.431e-010
12292	2.3793e-010
12293	2.3265e-010
12294	2.2619e-010
12295	2.2329e-010
12296	2.1843e-010
12297	2.1394e-010
12298	2.0957e-010
12299	2.0539e-010
12300	2.0095e-010
12301	1.9537e-010
12302	1.931e-010
12303	1.9002e-010
12304	1.8704e-010
12305	1.8437e-010
12306	1.8254e-010
12307	1.8156e-010
12308	1.7223e-010
12309	1.7769e-010
12310	1.7101e-010
12311	1.753e-010
12312	1.6352e-010
12313	1.6982e-010
12314	1.6174e-010
12315	1.4758e-010
12316	1.4424e-010
12317	1.5939e-010
12318	1.4156e-010
12319	1.4037e-010
12320	1.57e-010
12321	1.49e-010
12322	1.6039e-010
12323	1.2862e-010
12324	1.3431e-010
12325	1.182e-010
12326	1.1216e-010
12327	1.2135e-010
12328	1.0997e-010
12329	1.2018e-010
12330	1.054e-010
12331	1.1115e-010
12332	9.8156e-011
12333	9.9747e-011
12334	9.624e-011
12335	9.0224e-011
12336	1.101e-010
12337	1.0233e-010
12338	1.0733e-010
12339	8.0055e-011
12340	8.3065e-011
12341	9.5957e-011
12342	8.6117e-011
12343	9.4996e-011
12344	1.0897e-010
12345	1.2125e-010
12346	1.501e-010
12347	2.4342e-010
12348	2.868e-010
12349	3.149e-010
12350	4.1141e-010
12351	5.9982e-011
12352	5.9779e-011
12353	5.8833e-011
12354	6.013e-011
12355	6.2852e-011
12356	6.47e-011
12357	6.6149e-011
12358	6.8027e-011
12359	7.0256e-011
12360	7.1198e-011
12361	7.2736e-011
12362	7.4669e-011
12363	7.6256e-011
12364	7.8679e-011
12365	7.9741e-011
12366	8.151e-011
12367	8.3255e-011
12368	8.5261e-011
12369	8.7278e-011
12370	8.9177e-011
12371	9.1459e-011
12372	9.3271e-011
12373	9.5713e-011
12374	9.7571e-011
12375	9.9983e-011
12376	1.0218e-010
12377	1.0437e-010
12378	1.0727e-010
12379	1.0918e-010
12380	1.1238e-010
12381	1.1421e-010
12382	1.1679e-010
12383	1.1986e-010
12384	1.2209e-010
12385	1.2502e-010
12386	1.2803e-010
12387	1.305e-010
12388	1.3369e-010
12389	1.3702e-010
12390	1.3985e-010
12391	1.425e-010
12392	1.4618e-010
12393	1.4942e-010
12394	1.5298e-010
12395	1.5612e-010
12396	1.5949e-010
12397	1.6322e-010
12398	1.6691e-010
12399	1.707e-010
12400	1.7447e-010
12401	1.7851e-010
12402	1.8249e-010
12403	1.8665e-010
12404	1.9092e-010
12405	1.951e-010
12406	1.9992e-010
12407	2.0406e-010
12408	2.0923e-010
12409	2.1379e-010
12410	2.1853e-010
12411	2.2307e-010
12412	2.2894e-010
12413	2.3449e-010
12414	2.3927e-010
12415	2.4498e-010
12416	2.4557e-010
12417	2.4007e-010
12418	2.3589e-010
12419	2.3063e-010
12420	2.2461e-010
12421	2.2083e-010
12422	2.1658e-010
12423	2.1261e-010
12424	2.0665e-010
12425	2.0344e-010
12426	1.9815e-010
12427	1.9417e-010
12428	1.9011e-010
12429	1.8629e-010
12430	1.8306e-010
12431	1.7875e-010
12432	1.7624e-010
12433	1.7333e-010
12434	1.6985e-010
12435	1.6379e-010
12436	1.6331e-010
12437	1.662e-010
12438	1.6369e-010
12439	1.6165e-010
12440	1.4906e-010
12441	1.5604e-010
12442	1.601e-010
12443	1.5035e-010
12444	1.4098e-010
12445	1.4089e-010
12446	1.3188e-010
12447	1.3528e-010
12448	1.3976e-010
12449	1.243e-010
12450	1.3377e-010
12451	1.5391e-010
12452	1.3285e-010
12453	1.2979e-010
12454	1.1417e-010
12455	1.0502e-010
12456	1.0571e-010
12457	1.0319e-010
12458	1.0686e-010
12459	1.0128e-010
12460	1.021e-010
12461	9.4818e-011
12462	9.1313e-011
12463	8.7483e-011
12464	8.4362e-011
12465	8.2993e-011
12466	9.2382e-011
12467	1.0495e-010
12468	8.8302e-011
12469	7.688e-011
12470	7.094e-011
12471	8.1019e-011
12472	8.6849e-011
12473	7.8254e-011
12474	9.6777e-011
12475	1.0223e-010
12476	1.543e-010
12477	2.4367e-010
12478	3.062e-010
12479	3.2493e-010
12480	4.7095e-010
12481	6.0089e-011
12482	5.9883e-011
12483	5.8936e-011
12484	6.0225e-011
12485	6.2939e-011
12486	6.4778e-011
12487	6.6227e-011
12488	6.8107e-011
12489	7.0331e-011
12490	7.1267e-011
12491	7.2806e-011
12492	7.4753e-011
12493	7.6354e-011
12494	7.8791e-011
12495	7.9864e-011
12496	8.1627e-011
12497	8.3379e-011
12498	8.5397e-011
12499	8.7425e-011
12500	8.9314e-011
12501	9.1586e-011
12502	9.3347e-011
12503	9.5778e-011
12504	9.7633e-011
12505	1.0008e-010
12506	1.0231e-010
12507	1.0451e-010
12508	1.0742e-010
12509	1.0936e-010
12510	1.1259e-010
12511	1.144e-010
12512	1.1695e-010
12513	1.2e-010
12514	1.222e-010
12515	1.2517e-010
12516	1.2818e-010
12517	1.3066e-010
12518	1.3383e-010
12519	1.3714e-010
12520	1.4001e-010
12521	1.4277e-010
12522	1.464e-010
12523	1.4956e-010
12524	1.5319e-010
12525	1.5629e-010
12526	1.5967e-010
12527	1.6347e-010
12528	1.6719e-010
12529	1.7101e-010
12530	1.7475e-010
12531	1.788e-010
12532	1.8277e-010
12533	1.8689e-010
12534	1.9114e-010
12535	1.9542e-010
12536	2.0013e-010
12537	2.0421e-010
12538	2.0931e-010
12539	2.1393e-010
12540	2.1854e-010
12541	2.2306e-010
12542	2.2909e-010
12543	2.3468e-010
12544	2.3943e-010
12545	2.4512e-010
12546	2.4566e-010
12547	2.4014e-010
12548	2.3594e-010
12549	2.3078e-010
12550	2.2464e-010
12551	2.2087e-010
12552	2.1664e-010
12553	2.127e-010
12554	2.0673e-010
12555	2.0347e-010
12556	1.9814e-010
12557	1.9414e-010
12558	1.901e-010
12559	1.8631e-010
12560	1.8302e-010
12561	1.7869e-010
12562	1.7621e-010
12563	1.7322e-010
12564	1.6976e-010
12565	1.6373e-010
12566	1.6321e-010
12567	1.661e-010
12568	1.6349e-010
12569	1.6152e-010
12570	1.489e-010
12571	1.5603e-010
12572	1.5984e-010
12573	1.5028e-010
12574	1.4081e-010
12575	1.4072e-010
12576	1.3173e-010
12577	1.3512e-010
12578	1.3958e-010
12579	1.2414e-010
12580	1.3362e-010
12581	1.5372e-010
12582	1.3268e-010
12583	1.2957e-010
12584	1.1402e-010
12585	1.049e-010
12586	1.0557e-010
12587	1.0308e-010
12588	1.0676e-010
12589	1.012e-010
12590	1.02e-010
12591	9.4754e-011
12592	9.1245e-011
12593	8.7423e-011
12594	8.4303e-011
12595	8.2919e-011
12596	9.2309e-011
12597	1.0484e-010
12598	8.8213e-011
12599	7.6778e-011
12600	7.0842e-011
12601	8.0913e-011
12602	8.6742e-011
12603	7.8149e-011
12604	9.6686e-011
12605	1.0214e-010
12606	1.5421e-010
12607	2.436e-010
12608	3.0612e-010
12609	3.2483e-010
12610	4.7084e-010
12611	6.5506e-011
12612	6.5839e-011
12613	6.6623e-011
12614	6.7221e-011
12615	6.9379e-011
12616	7.0961e-011
12617	7.3049e-011
12618	7.5768e-011
12619	7.5797e-011
12620	7.9316e-011
12621	8.0535e-011
12622	8.1352e-011
12623	8.5279e-011
12624	8.4938e-011
12625	8.8872e-011
12626	8.9343e-011
12627	9.1862e-011
12628	9.4056e-011
12629	9.5629e-011
12630	9.8771e-011
12631	9.9753e-011
12632	1.0336e-010
12633	1.0431e-010
12634	1.0792e-010
12635	1.0951e-010
12636	1.1237e-010
12637	1.1547e-010
12638	1.1679e-010
12639	1.2149e-010
12640	1.2187e-010
12641	1.265e-010
12642	1.2861e-010
12643	1.3055e-010
12644	1.3513e-010
12645	1.3716e-010
12646	1.3987e-010
12647	1.4415e-010
12648	1.472e-010
12649	1.491e-010
12650	1.5403e-010
12651	1.5731e-010
12652	1.6062e-010
12653	1.6339e-010
12654	1.6787e-010
12655	1.7182e-010
12656	1.7571e-010
12657	1.7946e-010
12658	1.834e-010
12659	1.8752e-010
12660	1.9147e-010
12661	1.961e-010
12662	2.0057e-010
12663	2.0518e-010
12664	2.0983e-010
12665	2.1463e-010
12666	2.195e-010
12667	2.2382e-010
12668	2.2931e-010
12669	2.3457e-010
12670	2.3989e-010
12671	2.4629e-010
12672	2.5209e-010
12673	2.5616e-010
12674	2.6123e-010
12675	2.7095e-010
12676	2.7149e-010
12677	2.6177e-010
12678	2.5704e-010
12679	2.5441e-010
12680	2.4922e-010
12681	2.4309e-010
12682	2.3795e-010
12683	2.3277e-010
12684	2.263e-010
12685	2.2336e-010
12686	2.1847e-010
12687	2.1395e-010
12688	2.0965e-010
12689	2.0545e-010
12690	2.0099e-010
12691	1.9535e-010
12692	1.9306e-010
12693	1.8995e-010
12694	1.87e-010
12695	1.8429e-010
12696	1.8249e-010
12697	1.8147e-010
12698	1.7191e-010
12699	1.7748e-010
12700	1.7085e-010
12701	1.7515e-010
12702	1.6369e-010
12703	1.6965e-010
12704	1.6145e-010
12705	1.473e-010
12706	1.44e-010
12707	1.591e-010
12708	1.4126e-010
12709	1.401e-010
12710	1.5673e-010
12711	1.4864e-010
12712	1.6002e-010
12713	1.2826e-010
12714	1.34e-010
12715	1.1794e-010
12716	1.1189e-010
12717	1.2113e-010
12718	1.0977e-010
12719	1.2002e-010
12720	1.0526e-010
12721	1.1104e-010
12722	9.8024e-011
12723	9.9617e-011
12724	9.6144e-011
12725	9.0095e-011
12726	1.0996e-010
12727	1.0222e-010
12728	1.072e-010
12729	7.9904e-011
12730	8.2896e-011
12731	9.5829e-011
12732	8.5959e-011
12733	9.4841e-011
12734	1.0876e-010
12735	1.2105e-010
12736	1.4992e-010
12737	2.4328e-010
12738	2.8661e-010
12739	3.1471e-010
12740	4.1118e-010
12741	6.0102e-011
12742	5.9884e-011
12743	5.892e-011
12744	6.021e-011
12745	6.2944e-011
12746	6.4803e-011
12747	6.6261e-011
12748	6.8134e-011
12749	7.0356e-011
12750	7.1276e-011
12751	7.2818e-011
12752	7.4751e-011
12753	7.6345e-011
12754	7.8785e-011
12755	7.9841e-011
12756	8.1615e-011
12757	8.3358e-011
12758	8.5397e-011
12759	8.7457e-011
12760	8.9378e-011
12761	9.1653e-011
12762	9.3406e-011
12763	9.5818e-011
12764	9.769e-011
12765	1.0012e-010
12766	1.0233e-010
12767	1.0453e-010
12768	1.0743e-010
12769	1.0937e-010
12770	1.126e-010
12771	1.1441e-010
12772	1.1692e-010
12773	1.1999e-010
12774	1.2221e-010
12775	1.2516e-010
12776	1.2817e-010
12777	1.3065e-010
12778	1.3384e-010
12779	1.3716e-010
12780	1.4003e-010
12781	1.4277e-010
12782	1.4643e-010
12783	1.4962e-010
12784	1.5318e-010
12785	1.5629e-010
12786	1.597e-010
12787	1.6353e-010
12788	1.6727e-010
12789	1.7107e-010
12790	1.7484e-010
12791	1.7882e-010
12792	1.8277e-010
12793	1.8691e-010
12794	1.9116e-010
12795	1.9538e-010
12796	2.0021e-010
12797	2.0422e-010
12798	2.0938e-010
12799	2.1388e-010
12800	2.1859e-010
12801	2.2306e-010
12802	2.2906e-010
12803	2.3469e-010
12804	2.395e-010
12805	2.451e-010
12806	2.4568e-010
12807	2.4016e-010
12808	2.3593e-010
12809	2.3079e-010
12810	2.2464e-010
12811	2.2089e-010
12812	2.1663e-010
12813	2.1271e-010
12814	2.0672e-010
12815	2.0351e-010
12816	1.9813e-010
12817	1.9417e-010
12818	1.9017e-010
12819	1.8637e-010
12820	1.8305e-010
12821	1.7877e-010
12822	1.7623e-010
12823	1.7325e-010
12824	1.6978e-010
12825	1.6375e-010
12826	1.633e-010
12827	1.6596e-010
12828	1.6344e-010
12829	1.6133e-010
12830	1.4887e-010
12831	1.5707e-010
12832	1.6061e-010
12833	1.5148e-010
12834	1.4074e-010
12835	1.4069e-010
12836	1.317e-010
12837	1.3509e-010
12838	1.3952e-010
12839	1.2412e-010
12840	1.336e-010
12841	1.5367e-010
12842	1.3264e-010
12843	1.2952e-010
12844	1.1399e-010
12845	1.0488e-010
12846	1.0554e-010
12847	1.0305e-010
12848	1.0673e-010
12849	1.0117e-010
12850	1.0198e-010
12851	9.4733e-011
12852	9.1208e-011
12853	8.7395e-011
12854	8.4292e-011
12855	8.2911e-011
12856	9.2292e-011
12857	1.048e-010
12858	8.8201e-011
12859	7.6771e-011
12860	7.0849e-011
12861	8.0954e-011
12862	8.6794e-011
12863	7.8166e-011
12864	9.6659e-011
12865	1.0213e-010
12866	1.5421e-010
12867	2.4364e-010
12868	3.0615e-010
12869	3.2481e-010
12870	4.7076e-010
12871	6.01e-011
12872	5.9885e-011
12873	5.8921e-011
12874	6.0212e-011
12875	6.2945e-011
12876	6.4804e-011
12877	6.6257e-011
12878	6.8135e-011
12879	7.0359e-011
12880	7.1278e-011
12881	7.2818e-011
12882	7.4752e-011
12883	7.6346e-011
12884	7.8785e-011
12885	7.9841e-011
12886	8.1616e-011
12887	8.336e-011
12888	8.5399e-011
12889	8.7458e-011
12890	8.9371e-011
12891	9.1656e-011
12892	9.3407e-011
12893	9.582e-011
12894	9.7691e-011
12895	1.0013e-010
12896	1.0233e-010
12897	1.0453e-010
12898	1.0743e-010
12899	1.0937e-010
12900	1.126e-010
12901	1.1441e-010
12902	1.1692e-010
12903	1.1999e-010
12904	1.2221e-010
12905	1.2517e-010
12906	1.2816e-010
12907	1.3065e-010
12908	1.3384e-010
12909	1.3717e-010
12910	1.4002e-010
12911	1.4276e-010
12912	1.4643e-010
12913	1.4962e-010
12914	1.5318e-010
12915	1.563e-010
12916	1.597e-010
12917	1.6353e-010
12918	1.6726e-010
12919	1.7106e-010
12920	1.7483e-010
12921	1.7882e-010
12922	1.8277e-010
12923	1.8691e-010
12924	1.9115e-010
12925	1.9538e-010
12926	2.0021e-010
12927	2.0422e-010
12928	2.0938e-010
12929	2.1387e-010
12930	2.1858e-010
12931	2.2307e-010
12932	2.2906e-010
12933	2.347e-010
12934	2.3951e-010
12935	2.451e-010
12936	2.4568e-010
12937	2.4014e-010
12938	2.3593e-010
12939	2.3077e-010
12940	2.2464e-010
12941	2.2089e-010
12942	2.1663e-010
12943	2.1271e-010
12944	2.0672e-010
12945	2.035e-010
12946	1.9814e-010
12947	1.9417e-010
12948	1.9017e-010
12949	1.8639e-010
12950	1.8304e-010
12951	1.7877e-010
12952	1.762e-010
12953	1.7326e-010
12954	1.6977e-010
12955	1.6378e-010
12956	1.6322e-010
12957	1.6615e-010
12958	1.6317e-010
12959	1.6151e-010
12960	1.4899e-010
12961	1.5682e-010
12962	1.6263e-010
12963	1.5137e-010
12964	1.4088e-010
12965	1.4069e-010
12966	1.3169e-010
12967	1.3508e-010
12968	1.3953e-010
12969	1.2412e-010
12970	1.336e-010
12971	1.5367e-010
12972	1.3264e-010
12973	1.2952e-010
12974	1.1399e-010
12975	1.0487e-010
12976	1.0554e-010
12977	1.0306e-010
12978	1.0673e-010
12979	1.0117e-010
12980	1.0198e-010
12981	9.4733e-011
12982	9.1201e-011
12983	8.7396e-011
12984	8.4292e-011
12985	8.2908e-011
12986	9.2296e-011
12987	1.0479e-010
12988	8.8202e-011
12989	7.6766e-011
12990	7.0839e-011
12991	8.0957e-011
12992	8.679e-011
12993	7.817e-011
12994	9.6655e-011
12995	1.0213e-010
12996	1.5421e-010
12997	2.4364e-010
12998	3.0615e-010
12999	3.2482e-010
13000	4.7076e-010
13001	6.5498e-011
13002	6.5839e-011
13003	6.6627e-011
13004	6.7223e-011
13005	6.9381e-011
13006	7.0954e-011
13007	7.3045e-011
13008	7.5764e-011
13009	7.5796e-011
13010	7.931e-011
13011	8.0536e-011
13012	8.1354e-011
13013	8.5272e-011
13014	8.4931e-011
13015	8.8877e-011
13016	8.9354e-011
13017	9.1859e-011
13018	9.4056e-011
13019	9.5635e-011
13020	9.8766e-011
13021	9.9749e-011
13022	1.0335e-010
13023	1.0432e-010
13024	1.0791e-010
13025	1.095e-010
13026	1.1237e-010
13027	1.1546e-010
13028	1.1678e-010
13029	1.215e-010
13030	1.2187e-010
13031	1.265e-010
13032	1.2861e-010
13033	1.3054e-010
13034	1.3512e-010
13035	1.3718e-010
13036	1.3987e-010
13037	1.4416e-010
13038	1.4721e-010
13039	1.4911e-010
13040	1.5404e-010
13041	1.5731e-010
13042	1.6063e-010
13043	1.6338e-010
13044	1.6789e-010
13045	1.7182e-010
13046	1.757e-010
13047	1.7946e-010
13048	1.8341e-010
13049	1.8751e-010
13050	1.9146e-010
13051	1.9611e-010
13052	2.0056e-010
13053	2.052e-010
13054	2.0983e-010
13055	2.1462e-010
13056	2.1949e-010
13057	2.2381e-010
13058	2.2931e-010
13059	2.3461e-010
13060	2.399e-010
13061	2.4627e-010
13062	2.5212e-010
13063	2.5619e-010
13064	2.6121e-010
13065	2.7094e-010
13066	2.7147e-010
13067	2.6177e-010
13068	2.5704e-010
13069	2.5441e-010
13070	2.4921e-010
13071	2.431e-010
13072	2.3795e-010
13073	2.3278e-010
13074	2.263e-010
13075	2.2335e-010
13076	2.1846e-010
13077	2.1398e-010
13078	2.0966e-010
13079	2.0545e-010
13080	2.01e-010
13081	1.9535e-010
13082	1.9312e-010
13083	1.8999e-010
13084	1.87e-010
13085	1.8427e-010
13086	1.8252e-010
13087	1.8146e-010
13088	1.7154e-010
13089	1.7746e-010
13090	1.7087e-010
13091	1.7627e-010
13092	1.6379e-010
13093	1.7089e-010
13094	1.6144e-010
13095	1.4727e-010
13096	1.4399e-010
13097	1.5911e-010
13098	1.4125e-010
13099	1.401e-010
13100	1.5673e-010
13101	1.4865e-010
13102	1.6002e-010
13103	1.2825e-010
13104	1.34e-010
13105	1.1794e-010
13106	1.1189e-010
13107	1.2113e-010
13108	1.0977e-010
13109	1.2002e-010
13110	1.0527e-010
13111	1.1104e-010
13112	9.8018e-011
13113	9.9615e-011
13114	9.6142e-011
13115	9.0089e-011
13116	1.0996e-010
13117	1.0221e-010
13118	1.0719e-010
13119	7.9899e-011
13120	8.2901e-011
13121	9.5823e-011
13122	8.5949e-011
13123	9.4838e-011
13124	1.0876e-010
13125	1.2106e-010
13126	1.4992e-010
13127	2.4327e-010
13128	2.866e-010
13129	3.1472e-010
13130	4.1121e-010
13131	6.0081e-011
13132	5.9882e-011
13133	5.8936e-011
13134	6.0221e-011
13135	6.2941e-011
13136	6.4777e-011
13137	6.6219e-011
13138	6.8108e-011
13139	7.0333e-011
13140	7.1271e-011
13141	7.2803e-011
13142	7.4759e-011
13143	7.636e-011
13144	7.8795e-011
13145	7.9858e-011
13146	8.1633e-011
13147	8.3379e-011
13148	8.5402e-011
13149	8.7429e-011
13150	8.9318e-011
13151	9.1587e-011
13152	9.335e-011
13153	9.5776e-011
13154	9.7634e-011
13155	1.0008e-010
13156	1.023e-010
13157	1.0451e-010
13158	1.0742e-010
13159	1.0937e-010
13160	1.1259e-010
13161	1.144e-010
13162	1.1694e-010
13163	1.1998e-010
13164	1.2221e-010
13165	1.2516e-010
13166	1.2819e-010
13167	1.3066e-010
13168	1.3383e-010
13169	1.3717e-010
13170	1.4001e-010
13171	1.4277e-010
13172	1.464e-010
13173	1.4957e-010
13174	1.5319e-010
13175	1.5628e-010
13176	1.5967e-010
13177	1.6348e-010
13178	1.6719e-010
13179	1.7099e-010
13180	1.7476e-010
13181	1.788e-010
13182	1.8278e-010
13183	1.8688e-010
13184	1.9113e-010
13185	1.9541e-010
13186	2.0012e-010
13187	2.042e-010
13188	2.093e-010
13189	2.1392e-010
13190	2.1854e-010
13191	2.2308e-010
13192	2.2907e-010
13193	2.3469e-010
13194	2.3944e-010
13195	2.4514e-010
13196	2.4567e-010
13197	2.4014e-010
13198	2.3592e-010
13199	2.3075e-010
13200	2.2464e-010
13201	2.2087e-010
13202	2.1663e-010
13203	2.1271e-010
13204	2.0674e-010
13205	2.0346e-010
13206	1.9813e-010
13207	1.9414e-010
13208	1.901e-010
13209	1.8633e-010
13210	1.8301e-010
13211	1.7876e-010
13212	1.762e-010
13213	1.7324e-010
13214	1.6976e-010
13215	1.6375e-010
13216	1.6326e-010
13217	1.6598e-010
13218	1.6343e-010
13219	1.6141e-010
13220	1.4883e-010
13221	1.5644e-010
13222	1.5978e-010
13223	1.5066e-010
13224	1.4073e-010
13225	1.4073e-010
13226	1.3173e-010
13227	1.3512e-010
13228	1.3958e-010
13229	1.2414e-010
13230	1.3362e-010
13231	1.5372e-010
13232	1.3268e-010
13233	1.2957e-010
13234	1.1402e-010
13235	1.0491e-010
13236	1.0558e-010
13237	1.0309e-010
13238	1.0676e-010
13239	1.012e-010
13240	1.0201e-010
13241	9.4746e-011
13242	9.1247e-011
13243	8.7422e-011
13244	8.4305e-011
13245	8.2913e-011
13246	9.2312e-011
13247	1.0484e-010
13248	8.8209e-011
13249	7.678e-011
13250	7.0844e-011
13251	8.0906e-011
13252	8.6743e-011
13253	7.8151e-011
13254	9.6679e-011
13255	1.0214e-010
13256	1.5421e-010
13257	2.436e-010
13258	3.0611e-010
13259	3.2484e-010
13260	4.7084e-010
13261	5.9977e-011
13262	5.9781e-011
13263	5.884e-011
13264	6.0127e-011
13265	6.2851e-011
13266	6.4707e-011
13267	6.6148e-011
13268	6.8031e-011
13269	7.0248e-011
13270	7.1192e-011
13271	7.2731e-011
13272	7.4674e-011
13273	7.6259e-011
13274	7.8686e-011
13275	7.9742e-011
13276	8.1518e-011
13277	8.3263e-011
13278	8.5257e-011
13279	8.7275e-011
13280	8.9179e-011
13281	9.1452e-011
13282	9.3267e-011
13283	9.572e-011
13284	9.7569e-011
13285	9.9986e-011
13286	1.0219e-010
13287	1.0438e-010
13288	1.0727e-010
13289	1.0917e-010
13290	1.1238e-010
13291	1.1421e-010
13292	1.1679e-010
13293	1.1987e-010
13294	1.2208e-010
13295	1.2502e-010
13296	1.2804e-010
13297	1.3051e-010
13298	1.3369e-010
13299	1.3707e-010
13300	1.3984e-010
13301	1.4252e-010
13302	1.4618e-010
13303	1.4943e-010
13304	1.5299e-010
13305	1.5612e-010
13306	1.5948e-010
13307	1.6323e-010
13308	1.6692e-010
13309	1.7071e-010
13310	1.7447e-010
13311	1.7852e-010
13312	1.8248e-010
13313	1.8666e-010
13314	1.9093e-010
13315	1.951e-010
13316	1.9993e-010
13317	2.0405e-010
13318	2.0923e-010
13319	2.138e-010
13320	2.1849e-010
13321	2.2303e-010
13322	2.2893e-010
13323	2.3451e-010
13324	2.3928e-010
13325	2.4499e-010
13326	2.4558e-010
13327	2.4008e-010
13328	2.3589e-010
13329	2.3065e-010
13330	2.246e-010
13331	2.2084e-010
13332	2.1657e-010
13333	2.1262e-010
13334	2.0666e-010
13335	2.0345e-010
13336	1.9813e-010
13337	1.9418e-010
13338	1.9009e-010
13339	1.8631e-010
13340	1.8305e-010
13341	1.7876e-010
13342	1.7622e-010
13343	1.7332e-010
13344	1.6986e-010
13345	1.638e-010
13346	1.6323e-010
13347	1.6646e-010
13348	1.6184e-010
13349	1.6177e-010
13350	1.4887e-010
13351	1.5614e-010
13352	1.5994e-010
13353	1.5041e-010
13354	1.409e-010
13355	1.4093e-010
13356	1.3187e-010
13357	1.3529e-010
13358	1.3976e-010
13359	1.243e-010
13360	1.3376e-010
13361	1.539e-010
13362	1.3285e-010
13363	1.2978e-010
13364	1.1417e-010
13365	1.0503e-010
13366	1.057e-010
13367	1.032e-010
13368	1.0686e-010
13369	1.0128e-010
13370	1.0209e-010
13371	9.4825e-011
13372	9.1311e-011
13373	8.7481e-011
13374	8.437e-011
13375	8.2992e-011
13376	9.2384e-011
13377	1.0495e-010
13378	8.8305e-011
13379	7.6873e-011
13380	7.0946e-011
13381	8.1012e-011
13382	8.6843e-011
13383	7.8257e-011
13384	9.6784e-011
13385	1.0222e-010
13386	1.543e-010
13387	2.4368e-010
13388	3.0619e-010
13389	3.2493e-010
13390	4.7096e-010
13391	6.5333e-011
13392	6.5677e-011
13393	6.6457e-011
13394	6.7061e-011
13395	6.9216e-011
13396	7.0772e-011
13397	7.2879e-011
13398	7.5612e-011
13399	7.5668e-011
13400	7.9216e-011
13401	8.0465e-011
13402	8.1264e-011
13403	8.5121e-011
13404	8.4705e-011
13405	8.865e-011
13406	8.9145e-011
13407	9.1679e-011
13408	9.3841e-011
13409	9.5417e-011
13410	9.8567e-011
13411	9.9583e-011
13412	1.0322e-010
13413	1.0416e-010
13414	1.0772e-010
13415	1.0928e-010
13416	1.1218e-010
13417	1.1525e-010
13418	1.1658e-010
13419	1.2125e-010
13420	1.2166e-010
13421	1.2631e-010
13422	1.2846e-010
13423	1.3039e-010
13424	1.3493e-010
13425	1.3694e-010
13426	1.3962e-010
13427	1.439e-010
13428	1.4701e-010
13429	1.4882e-010
13430	1.5378e-010
13431	1.5694e-010
13432	1.6029e-010
13433	1.6309e-010
13434	1.6743e-010
13435	1.7144e-010
13436	1.7536e-010
13437	1.79e-010
13438	1.8299e-010
13439	1.8713e-010
13440	1.9095e-010
13441	1.956e-010
13442	2.0008e-010
13443	2.0477e-010
13444	2.0949e-010
13445	2.1423e-010
13446	2.1923e-010
13447	2.2355e-010
13448	2.2902e-010
13449	2.3438e-010
13450	2.3991e-010
13451	2.4607e-010
13452	2.5189e-010
13453	2.5587e-010
13454	2.6098e-010
13455	2.7079e-010
13456	2.7135e-010
13457	2.6174e-010
13458	2.57e-010
13459	2.5423e-010
13460	2.491e-010
13461	2.4309e-010
13462	2.3795e-010
13463	2.3271e-010
13464	2.2624e-010
13465	2.2327e-010
13466	2.1846e-010
13467	2.1391e-010
13468	2.0959e-010
13469	2.054e-010
13470	2.01e-010
13471	1.9532e-010
13472	1.9313e-010
13473	1.9003e-010
13474	1.8703e-010
13475	1.843e-010
13476	1.8259e-010
13477	1.8043e-010
13478	1.7113e-010
13479	1.7636e-010
13480	1.7116e-010
13481	1.7514e-010
13482	1.6327e-010
13483	1.6967e-010
13484	1.6178e-010
13485	1.4754e-010
13486	1.4425e-010
13487	1.5941e-010
13488	1.4156e-010
13489	1.4039e-010
13490	1.5699e-010
13491	1.4898e-010
13492	1.6037e-010
13493	1.2864e-010
13494	1.3431e-010
13495	1.1819e-010
13496	1.1214e-010
13497	1.2133e-010
13498	1.0998e-010
13499	1.2017e-010
13500	1.0543e-010
13501	1.1116e-010
13502	9.813e-011
13503	9.9741e-011
13504	9.6232e-011
13505	9.0196e-011
13506	1.1009e-010
13507	1.0236e-010
13508	1.0734e-010
13509	8.0063e-011
13510	8.3066e-011
13511	9.5942e-011
13512	8.613e-011
13513	9.5012e-011
13514	1.0897e-010
13515	1.2125e-010
13516	1.5011e-010
13517	2.4343e-010
13518	2.8678e-010
13519	3.1488e-010
13520	4.1144e-010
13521	5.9978e-011
13522	5.9781e-011
13523	5.8841e-011
13524	6.0128e-011
13525	6.2852e-011
13526	6.4707e-011
13527	6.6149e-011
13528	6.8031e-011
13529	7.0249e-011
13530	7.1193e-011
13531	7.2732e-011
13532	7.4674e-011
13533	7.6261e-011
13534	7.8686e-011
13535	7.9741e-011
13536	8.1518e-011
13537	8.3263e-011
13538	8.5257e-011
13539	8.7276e-011
13540	8.918e-011
13541	9.1453e-011
13542	9.3267e-011
13543	9.572e-011
13544	9.7569e-011
13545	9.9985e-011
13546	1.0219e-010
13547	1.0438e-010
13548	1.0727e-010
13549	1.0917e-010
13550	1.1238e-010
13551	1.142e-010
13552	1.1678e-010
13553	1.1987e-010
13554	1.2208e-010
13555	1.2502e-010
13556	1.2804e-010
13557	1.3051e-010
13558	1.3363e-010
13559	1.3711e-010
13560	1.3979e-010
13561	1.4253e-010
13562	1.4617e-010
13563	1.4943e-010
13564	1.5299e-010
13565	1.5612e-010
13566	1.5948e-010
13567	1.6323e-010
13568	1.6692e-010
13569	1.7072e-010
13570	1.7447e-010
13571	1.7852e-010
13572	1.8248e-010
13573	1.8666e-010
13574	1.9094e-010
13575	1.9508e-010
13576	1.9994e-010
13577	2.0405e-010
13578	2.0923e-010
13579	2.138e-010
13580	2.1847e-010
13581	2.2303e-010
13582	2.2893e-010
13583	2.3451e-010
13584	2.3926e-010
13585	2.4499e-010
13586	2.4558e-010
13587	2.4006e-010
13588	2.3588e-010
13589	2.3065e-010
13590	2.2458e-010
13591	2.2084e-010
13592	2.1658e-010
13593	2.1262e-010
13594	2.0666e-010
13595	2.0345e-010
13596	1.9813e-010
13597	1.9418e-010
13598	1.9009e-010
13599	1.8631e-010
13600	1.8304e-010
13601	1.7875e-010
13602	1.7622e-010
13603	1.7332e-010
13604	1.6986e-010
13605	1.6379e-010
13606	1.633e-010
13607	1.6627e-010
13608	1.6186e-010
13609	1.6159e-010
13610	1.4891e-010
13611	1.5612e-010
13612	1.5988e-010
13613	1.5041e-010
13614	1.409e-010
13615	1.4093e-010
13616	1.3187e-010
13617	1.3528e-010
13618	1.3976e-010
13619	1.2429e-010
13620	1.3377e-010
13621	1.539e-010
13622	1.3286e-010
13623	1.2978e-010
13624	1.1417e-010
13625	1.0503e-010
13626	1.057e-010
13627	1.032e-010
13628	1.0686e-010
13629	1.0129e-010
13630	1.0209e-010
13631	9.4825e-011
13632	9.1311e-011
13633	8.7481e-011
13634	8.4371e-011
13635	8.2991e-011
13636	9.2385e-011
13637	1.0495e-010
13638	8.8305e-011
13639	7.6873e-011
13640	7.0945e-011
13641	8.1013e-011
13642	8.6842e-011
13643	7.8251e-011
13644	9.6786e-011
13645	1.0222e-010
13646	1.543e-010
13647	2.4368e-010
13648	3.0619e-010
13649	3.2493e-010
13650	4.7097e-010
13651	6.0081e-011
13652	5.9882e-011
13653	5.8936e-011
13654	6.0223e-011
13655	6.2942e-011
13656	6.4778e-011
13657	6.622e-011
13658	6.8104e-011
13659	7.0336e-011
13660	7.1272e-011
13661	7.2803e-011
13662	7.4761e-011
13663	7.6355e-011
13664	7.8796e-011
13665	7.9852e-011
13666	8.1635e-011
13667	8.3382e-011
13668	8.5405e-011
13669	8.743e-011
13670	8.9319e-011
13671	9.1588e-011
13672	9.3351e-011
13673	9.5777e-011
13674	9.7635e-011
13675	1.0008e-010
13676	1.023e-010
13677	1.0452e-010
13678	1.0742e-010
13679	1.0936e-010
13680	1.1259e-010
13681	1.144e-010
13682	1.1694e-010
13683	1.1999e-010
13684	1.2221e-010
13685	1.2515e-010
13686	1.2818e-010
13687	1.3067e-010
13688	1.3382e-010
13689	1.3711e-010
13690	1.3998e-010
13691	1.4276e-010
13692	1.4642e-010
13693	1.4958e-010
13694	1.5318e-010
13695	1.5629e-010
13696	1.5967e-010
13697	1.6348e-010
13698	1.6719e-010
13699	1.7099e-010
13700	1.7476e-010
13701	1.788e-010
13702	1.8278e-010
13703	1.8689e-010
13704	1.9115e-010
13705	1.9543e-010
13706	2.0013e-010
13707	2.042e-010
13708	2.0931e-010
13709	2.139e-010
13710	2.1854e-010
13711	2.2308e-010
13712	2.2907e-010
13713	2.3469e-010
13714	2.3941e-010
13715	2.4514e-010
13716	2.4568e-010
13717	2.4012e-010
13718	2.3594e-010
13719	2.3073e-010
13720	2.2464e-010
13721	2.2087e-010
13722	2.1663e-010
13723	2.1271e-010
13724	2.0674e-010
13725	2.0346e-010
13726	1.9813e-010
13727	1.9414e-010
13728	1.9011e-010
13729	1.8633e-010
13730	1.8302e-010
13731	1.7876e-010
13732	1.7619e-010
13733	1.7323e-010
13734	1.6974e-010
13735	1.6376e-010
13736	1.632e-010
13737	1.6612e-010
13738	1.6316e-010
13739	1.6149e-010
13740	1.4887e-010
13741	1.5594e-010
13742	1.5988e-010
13743	1.5012e-010
13744	1.4081e-010
13745	1.4074e-010
13746	1.3173e-010
13747	1.3512e-010
13748	1.3957e-010
13749	1.2414e-010
13750	1.3362e-010
13751	1.5372e-010
13752	1.3266e-010
13753	1.2958e-010
13754	1.1402e-010
13755	1.049e-010
13756	1.0556e-010
13757	1.0309e-010
13758	1.0676e-010
13759	1.012e-010
13760	1.0201e-010
13761	9.4749e-011
13762	9.1233e-011
13763	8.7427e-011
13764	8.4299e-011
13765	8.2915e-011
13766	9.2313e-011
13767	1.0484e-010
13768	8.8211e-011
13769	7.6781e-011
13770	7.084e-011
13771	8.0909e-011
13772	8.6742e-011
13773	7.8153e-011
13774	9.6678e-011
13775	1.0214e-010
13776	1.5421e-010
13777	2.4359e-010
13778	3.0611e-010
13779	3.2485e-010
13780	4.7083e-010
13781	6.5498e-011
13782	6.5837e-011
13783	6.6624e-011
13784	6.722e-011
13785	6.9379e-011
13786	7.096e-011
13787	7.3055e-011
13788	7.5765e-011
13789	7.5798e-011
13790	7.9311e-011
13791	8.0534e-011
13792	8.135e-011
13793	8.5274e-011
13794	8.4929e-011
13795	8.8874e-011
13796	8.9348e-011
13797	9.1877e-011
13798	9.4052e-011
13799	9.5633e-011
13800	9.8762e-011
13801	9.9745e-011
13802	1.0335e-010
13803	1.0431e-010
13804	1.0791e-010
13805	1.0952e-010
13806	1.1237e-010
13807	1.1546e-010
13808	1.1678e-010
13809	1.2149e-010
13810	1.2187e-010
13811	1.265e-010
13812	1.2862e-010
13813	1.3054e-010
13814	1.3513e-010
13815	1.3716e-010
13816	1.3988e-010
13817	1.4416e-010
13818	1.4708e-010
13819	1.4922e-010
13820	1.5392e-010
13821	1.5733e-010
13822	1.6061e-010
13823	1.634e-010
13824	1.6788e-010
13825	1.7182e-010
13826	1.7569e-010
13827	1.7947e-010
13828	1.834e-010
13829	1.8751e-010
13830	1.9145e-010
13831	1.961e-010
13832	2.0055e-010
13833	2.0519e-010
13834	2.0981e-010
13835	2.1461e-010
13836	2.1948e-010
13837	2.238e-010
13838	2.2931e-010
13839	2.3462e-010
13840	2.3991e-010
13841	2.4627e-010
13842	2.5211e-010
13843	2.5617e-010
13844	2.612e-010
13845	2.7095e-010
13846	2.7148e-010
13847	2.6176e-010
13848	2.5706e-010
13849	2.544e-010
13850	2.4921e-010
13851	2.4309e-010
13852	2.3795e-010
13853	2.3277e-010
13854	2.2629e-010
13855	2.2334e-010
13856	2.1846e-010
13857	2.1395e-010
13858	2.0963e-010
13859	2.0546e-010
13860	2.0103e-010
13861	1.9534e-010
13862	1.9305e-010
13863	1.8996e-010
13864	1.8699e-010
13865	1.8428e-010
13866	1.8252e-010
13867	1.8155e-010
13868	1.7157e-010
13869	1.7756e-010
13870	1.7089e-010
13871	1.7513e-010
13872	1.6325e-010
13873	1.6956e-010
13874	1.6147e-010
13875	1.473e-010
13876	1.4399e-010
13877	1.5911e-010
13878	1.4125e-010
13879	1.401e-010
13880	1.5673e-010
13881	1.4864e-010
13882	1.6002e-010
13883	1.2827e-010
13884	1.3401e-010
13885	1.1794e-010
13886	1.1189e-010
13887	1.2114e-010
13888	1.0978e-010
13889	1.2002e-010
13890	1.0528e-010
13891	1.1103e-010
13892	9.8012e-011
13893	9.9635e-011
13894	9.6137e-011
13895	9.0084e-011
13896	1.0995e-010
13897	1.022e-010
13898	1.0719e-010
13899	7.991e-011
13900	8.2896e-011
13901	9.5821e-011
13902	8.5947e-011
13903	9.4846e-011
13904	1.0875e-010
13905	1.2106e-010
13906	1.4993e-010
13907	2.4328e-010
13908	2.866e-010
13909	3.1471e-010
13910	4.112e-010
13911	6.0099e-011
13912	5.9885e-011
13913	5.8925e-011
13914	6.0208e-011
13915	6.2945e-011
13916	6.4805e-011
13917	6.6257e-011
13918	6.8137e-011
13919	7.036e-011
13920	7.1282e-011
13921	7.282e-011
13922	7.4754e-011
13923	7.6349e-011
13924	7.8785e-011
13925	7.9843e-011
13926	8.1613e-011
13927	8.3365e-011
13928	8.5394e-011
13929	8.7453e-011
13930	8.9373e-011
13931	9.1652e-011
13932	9.3408e-011
13933	9.5813e-011
13934	9.7693e-011
13935	1.0012e-010
13936	1.0232e-010
13937	1.0454e-010
13938	1.0743e-010
13939	1.0937e-010
13940	1.1261e-010
13941	1.1439e-010
13942	1.1692e-010
13943	1.1999e-010
13944	1.2221e-010
13945	1.2517e-010
13946	1.2817e-010
13947	1.3066e-010
13948	1.3377e-010
13949	1.3712e-010
13950	1.3997e-010
13951	1.4278e-010
13952	1.4641e-010
13953	1.4962e-010
13954	1.5317e-010
13955	1.563e-010
13956	1.5969e-010
13957	1.6353e-010
13958	1.6724e-010
13959	1.7106e-010
13960	1.7484e-010
13961	1.7882e-010
13962	1.8277e-010
13963	1.8688e-010
13964	1.9115e-010
13965	1.9537e-010
13966	2.0022e-010
13967	2.0423e-010
13968	2.0938e-010
13969	2.1387e-010
13970	2.1858e-010
13971	2.2307e-010
13972	2.2908e-010
13973	2.3468e-010
13974	2.3948e-010
13975	2.4511e-010
13976	2.4568e-010
13977	2.4014e-010
13978	2.3594e-010
13979	2.3078e-010
13980	2.2464e-010
13981	2.209e-010
13982	2.1664e-010
13983	2.1271e-010
13984	2.0672e-010
13985	2.035e-010
13986	1.9812e-010
13987	1.9416e-010
13988	1.9016e-010
13989	1.8637e-010
13990	1.8304e-010
13991	1.7877e-010
13992	1.7622e-010
13993	1.7326e-010
13994	1.6977e-010
13995	1.6378e-010
13996	1.6324e-010
13997	1.6612e-010
13998	1.634e-010
13999	1.6151e-010
14000	1.4893e-010
14001	1.5589e-010
14002	1.5995e-010
14003	1.5011e-010
14004	1.4081e-010
14005	1.4069e-010
14006	1.317e-010
14007	1.3508e-010
14008	1.3952e-010
14009	1.2413e-010
14010	1.3361e-010
14011	1.5367e-010
14012	1.3264e-010
14013	1.2952e-010
14014	1.1399e-010
14015	1.0487e-010
14016	1.0554e-010
14017	1.0306e-010
14018	1.0673e-010
14019	1.0118e-010
14020	1.0198e-010
14021	9.4738e-011
14022	9.1205e-011
14023	8.7399e-011
14024	8.4294e-011
14025	8.2905e-011
14026	9.2282e-011
14027	1.0479e-010
14028	8.8206e-011
14029	7.6769e-011
14030	7.0834e-011
14031	8.0955e-011
14032	8.6788e-011
14033	7.8174e-011
14034	9.6658e-011
14035	1.0212e-010
14036	1.5421e-010
14037	2.4363e-010
14038	3.0614e-010
14039	3.2482e-010
14040	4.7076e-010
14041	1.1674e-010
14042	9.4808e-011
14043	1.5275e-010
14044	2.0856e-010
14045	2.1627e-010
14046	2.2111e-010
14047	2.2722e-010
14048	2.3371e-010
14049	2.3853e-010
14050	2.4514e-010
14051	2.5035e-010
14052	2.5552e-010
14053	2.6338e-010
14054	2.6744e-010
14055	2.755e-010
14056	2.8027e-010
14057	2.8729e-010
14058	2.9416e-010
14059	3.0025e-010
14060	3.0844e-010
14061	3.1409e-010
14062	3.2298e-010
14063	3.2875e-010
14064	3.3774e-010
14065	3.4432e-010
14066	3.5267e-010
14067	3.6113e-010
14068	3.6808e-010
14069	3.79e-010
14070	3.8453e-010
14071	3.9578e-010
14072	4.0373e-010
14073	4.1159e-010
14074	4.2321e-010
14075	4.3142e-010
14076	4.4061e-010
14077	4.5236e-010
14078	4.6231e-010
14079	4.7025e-010
14080	4.8336e-010
14081	4.9389e-010
14082	5.052e-010
14083	5.1455e-010
14084	5.279e-010
14085	5.3958e-010
14086	5.5164e-010
14087	5.6401e-010
14088	5.7678e-010
14089	5.9008e-010
14090	6.0242e-010
14091	6.1684e-010
14092	6.307e-010
14093	6.4504e-010
14094	6.5958e-010
14095	6.7434e-010
14096	6.9064e-010
14097	7.0345e-010
14098	7.2141e-010
14099	7.3708e-010
14100	7.5356e-010
14101	7.7172e-010
14102	7.9035e-010
14103	8.0471e-010
14104	8.1923e-010
14105	8.4759e-010
14106	8.4902e-010
14107	8.203e-010
14108	8.0604e-010
14109	7.9456e-010
14110	7.7698e-010
14111	7.5894e-010
14112	7.43e-010
14113	7.2897e-010
14114	7.0773e-010
14115	6.9961e-010
14116	6.8218e-010
14117	6.6771e-010
14118	6.5366e-010
14119	6.4039e-010
14120	6.2758e-010
14121	6.0977e-010
14122	6.0114e-010
14123	5.8768e-010
14124	5.753e-010
14125	5.637e-010
14126	5.5421e-010
14127	5.4546e-010
14128	5.2131e-010
14129	5.2543e-010
14130	5.0507e-010
14131	4.8646e-010
14132	4.8474e-010
14133	4.7641e-010
14134	4.6761e-010
14135	4.3901e-010
14136	4.3079e-010
14137	4.4217e-010
14138	4.1067e-010
14139	4.0844e-010
14140	4.1859e-010
14141	3.9368e-010
14142	4.0852e-010
14143	3.6928e-010
14144	3.7099e-010
14145	3.5237e-010
14146	3.4019e-010
14147	3.4486e-010
14148	3.262e-010
14149	3.3354e-010
14150	3.1224e-010
14151	3.1555e-010
14152	2.9669e-010
14153	2.9364e-010
14154	2.8367e-010
14155	2.7013e-010
14156	2.8097e-010
14157	2.6511e-010
14158	2.6031e-010
14159	2.2347e-010
14160	2.1504e-010
14161	2.3402e-010
14162	2.2117e-010
14163	2.4783e-010
14164	2.5157e-010
14165	3.5512e-010
14166	5.7438e-010
14167	8.539e-010
14168	7.9192e-010
14169	1.0405e-009
14170	1.2434e-009
14171	9.924e-011
14172	7.9047e-011
14173	1.4168e-010
14174	1.9664e-010
14175	2.0262e-010
14176	2.0826e-010
14177	2.1433e-010
14178	2.199e-010
14179	2.2352e-010
14180	2.3126e-010
14181	2.3595e-010
14182	2.4018e-010
14183	2.4847e-010
14184	2.5066e-010
14185	2.5983e-010
14186	2.6366e-010
14187	2.7056e-010
14188	2.7685e-010
14189	2.8237e-010
14190	2.9052e-010
14191	2.9502e-010
14192	3.0434e-010
14193	3.0863e-010
14194	3.1818e-010
14195	3.2366e-010
14196	3.3191e-010
14197	3.4042e-010
14198	3.4526e-010
14199	3.5751e-010
14200	3.6032e-010
14201	3.731e-010
14202	3.8017e-010
14203	3.8623e-010
14204	3.991e-010
14205	4.0574e-010
14206	4.1372e-010
14207	4.2639e-010
14208	4.351e-010
14209	4.4121e-010
14210	4.5491e-010
14211	4.6565e-010
14212	4.7513e-010
14213	4.8327e-010
14214	4.9627e-010
14215	5.0828e-010
14216	5.1971e-010
14217	5.3056e-010
14218	5.4238e-010
14219	5.5487e-010
14220	5.6658e-010
14221	5.8031e-010
14222	5.9351e-010
14223	6.0679e-010
14224	6.2041e-010
14225	6.3452e-010
14226	6.4933e-010
14227	6.6168e-010
14228	6.7803e-010
14229	6.9323e-010
14230	7.0924e-010
14231	7.2747e-010
14232	7.4421e-010
14233	7.5562e-010
14234	7.7002e-010
14235	7.9895e-010
14236	8.0018e-010
14237	7.7072e-010
14238	7.564e-010
14239	7.4831e-010
14240	7.3348e-010
14241	7.1519e-010
14242	6.9936e-010
14243	6.8452e-010
14244	6.6529e-010
14245	6.5756e-010
14246	6.4291e-010
14247	6.2901e-010
14248	6.1593e-010
14249	6.0353e-010
14250	5.8994e-010
14251	5.7268e-010
14252	5.6443e-010
14253	5.527e-010
14254	5.4233e-010
14255	5.3542e-010
14256	5.2603e-010
14257	5.1071e-010
14258	4.8564e-010
14259	4.9421e-010
14260	4.8528e-010
14261	4.5861e-010
14262	4.5245e-010
14263	4.4845e-010
14264	4.5078e-010
14265	4.0699e-010
14266	4.0493e-010
14267	4.2681e-010
14268	3.7704e-010
14269	3.8939e-010
14270	4.0434e-010
14271	3.5838e-010
14272	3.9786e-010
14273	3.3791e-010
14274	3.5797e-010
14275	3.344e-010
14276	3.1656e-010
14277	3.306e-010
14278	3.0255e-010
14279	3.2022e-010
14280	2.9043e-010
14281	3.0116e-010
14282	2.7877e-010
14283	2.7828e-010
14284	2.6951e-010
14285	2.551e-010
14286	2.7022e-010
14287	2.4405e-010
14288	2.5079e-010
14289	2.0891e-010
14290	2.0348e-010
14291	2.2746e-010
14292	2.0308e-010
14293	2.2023e-010
14294	2.5527e-010
14295	3.6146e-010
14296	5.4878e-010
14297	7.5597e-010
14298	6.6611e-010
14299	1.1336e-009
14300	8.9693e-010
14301	1.1663e-010
14302	9.4782e-011
14303	1.5271e-010
14304	2.0847e-010
14305	2.162e-010
14306	2.2107e-010
14307	2.2717e-010
14308	2.3365e-010
14309	2.3843e-010
14310	2.4502e-010
14311	2.502e-010
14312	2.5534e-010
14313	2.6319e-010
14314	2.6724e-010
14315	2.7533e-010
14316	2.8016e-010
14317	2.8717e-010
14318	2.9397e-010
14319	3.0006e-010
14320	3.0828e-010
14321	3.1392e-010
14322	3.2275e-010
14323	3.2847e-010
14324	3.3748e-010
14325	3.4413e-010
14326	3.5257e-010
14327	3.61e-010
14328	3.6781e-010
14329	3.786e-010
14330	3.8411e-010
14331	3.9546e-010
14332	4.0349e-010
14333	4.1135e-010
14334	4.2301e-010
14335	4.3115e-010
14336	4.4024e-010
14337	4.519e-010
14338	4.6202e-010
14339	4.6959e-010
14340	4.8319e-010
14341	4.9345e-010
14342	5.0468e-010
14343	5.141e-010
14344	5.2746e-010
14345	5.3918e-010
14346	5.5122e-010
14347	5.6347e-010
14348	5.7621e-010
14349	5.896e-010
14350	6.0206e-010
14351	6.1658e-010
14352	6.3032e-010
14353	6.4444e-010
14354	6.5888e-010
14355	6.7366e-010
14356	6.8993e-010
14357	7.0311e-010
14358	7.2114e-010
14359	7.3674e-010
14360	7.5337e-010
14361	7.7154e-010
14362	7.9004e-010
14363	8.0452e-010
14364	8.1897e-010
14365	8.475e-010
14366	8.4901e-010
14367	8.2026e-010
14368	8.0611e-010
14369	7.9458e-010
14370	7.7693e-010
14371	7.5892e-010
14372	7.4287e-010
14373	7.2896e-010
14374	7.0761e-010
14375	6.9945e-010
14376	6.8203e-010
14377	6.6765e-010
14378	6.5364e-010
14379	6.4047e-010
14380	6.2761e-010
14381	6.098e-010
14382	6.0105e-010
14383	5.8771e-010
14384	5.7535e-010
14385	5.6371e-010
14386	5.5412e-010
14387	5.4613e-010
14388	5.2078e-010
14389	5.2615e-010
14390	5.0531e-010
14391	4.8516e-010
14392	4.8657e-010
14393	4.7474e-010
14394	4.6799e-010
14395	4.3938e-010
14396	4.3116e-010
14397	4.4253e-010
14398	4.1111e-010
14399	4.089e-010
14400	4.1908e-010
14401	3.9417e-010
14402	4.0897e-010
14403	3.6967e-010
14404	3.7139e-010
14405	3.5275e-010
14406	3.4054e-010
14407	3.4515e-010
14408	3.2645e-010
14409	3.3377e-010
14410	3.1245e-010
14411	3.1575e-010
14412	2.9682e-010
14413	2.9372e-010
14414	2.8373e-010
14415	2.7016e-010
14416	2.8103e-010
14417	2.6524e-010
14418	2.6043e-010
14419	2.2366e-010
14420	2.1527e-010
14421	2.3419e-010
14422	2.2133e-010
14423	2.4802e-010
14424	2.5185e-010
14425	3.5528e-010
14426	5.744e-010
14427	8.5389e-010
14428	7.9184e-010
14429	1.0406e-009
14430	1.2438e-009
14431	1.1665e-010
14432	9.4748e-011
14433	1.5257e-010
14434	2.0828e-010
14435	2.1602e-010
14436	2.209e-010
14437	2.2701e-010
14438	2.3342e-010
14439	2.3815e-010
14440	2.4474e-010
14441	2.4992e-010
14442	2.5508e-010
14443	2.6295e-010
14444	2.6701e-010
14445	2.7512e-010
14446	2.7995e-010
14447	2.8696e-010
14448	2.9375e-010
14449	2.9983e-010
14450	3.0804e-010
14451	3.1369e-010
14452	3.2251e-010
14453	3.2822e-010
14454	3.3719e-010
14455	3.438e-010
14456	3.5222e-010
14457	3.6066e-010
14458	3.6749e-010
14459	3.7828e-010
14460	3.8374e-010
14461	3.9511e-010
14462	4.0312e-010
14463	4.1092e-010
14464	4.2255e-010
14465	4.3064e-010
14466	4.3968e-010
14467	4.5138e-010
14468	4.6153e-010
14469	4.6922e-010
14470	4.8274e-010
14471	4.9289e-010
14472	5.0402e-010
14473	5.1362e-010
14474	5.2701e-010
14475	5.3868e-010
14476	5.5076e-010
14477	5.6307e-010
14478	5.7573e-010
14479	5.8896e-010
14480	6.0139e-010
14481	6.1593e-010
14482	6.2973e-010
14483	6.44e-010
14484	6.5855e-010
14485	6.7319e-010
14486	6.8949e-010
14487	7.0268e-010
14488	7.207e-010
14489	7.3617e-010
14490	7.5295e-010
14491	7.7136e-010
14492	7.8983e-010
14493	8.043e-010
14494	8.187e-010
14495	8.4715e-010
14496	8.4876e-010
14497	8.2007e-010
14498	8.0589e-010
14499	7.9445e-010
14500	7.7684e-010
14501	7.5885e-010
14502	7.4285e-010
14503	7.2881e-010
14504	7.0745e-010
14505	6.9936e-010
14506	6.8196e-010
14507	6.6765e-010
14508	6.5366e-010
14509	6.4038e-010
14510	6.2753e-010
14511	6.0986e-010
14512	6.0121e-010
14513	5.8788e-010
14514	5.7557e-010
14515	5.6387e-010
14516	5.5439e-010
14517	5.4722e-010
14518	5.2098e-010
14519	5.2737e-010
14520	5.0575e-010
14521	4.8551e-010
14522	4.8729e-010
14523	4.7514e-010
14524	4.6842e-010
14525	4.3988e-010
14526	4.3164e-010
14527	4.4301e-010
14528	4.1156e-010
14529	4.0934e-010
14530	4.1949e-010
14531	3.9463e-010
14532	4.0943e-010
14533	3.7016e-010
14534	3.7181e-010
14535	3.5317e-010
14536	3.4101e-010
14537	3.4558e-010
14538	3.2681e-010
14539	3.3406e-010
14540	3.1272e-010
14541	3.1599e-010
14542	2.9703e-010
14543	2.939e-010
14544	2.8389e-010
14545	2.7031e-010
14546	2.8118e-010
14547	2.6542e-010
14548	2.6064e-010
14549	2.2394e-010
14550	2.1558e-010
14551	2.3448e-010
14552	2.216e-010
14553	2.482e-010
14554	2.5201e-010
14555	3.5545e-010
14556	5.7457e-010
14557	8.5388e-010
14558	7.9188e-010
14559	1.0406e-009
14560	1.2439e-009
14561	9.91e-011
14562	7.8915e-011
14563	1.4143e-010
14564	1.9629e-010
14565	2.0231e-010
14566	2.0796e-010
14567	2.1403e-010
14568	2.1951e-010
14569	2.2307e-010
14570	2.3081e-010
14571	2.3552e-010
14572	2.3978e-010
14573	2.4809e-010
14574	2.5028e-010
14575	2.595e-010
14576	2.6333e-010
14577	2.702e-010
14578	2.7644e-010
14579	2.8197e-010
14580	2.9008e-010
14581	2.9461e-010
14582	3.0402e-010
14583	3.0835e-010
14584	3.1778e-010
14585	3.2319e-010
14586	3.3136e-010
14587	3.3983e-010
14588	3.4467e-010
14589	3.5681e-010
14590	3.5952e-010
14591	3.7239e-010
14592	3.7949e-010
14593	3.8557e-010
14594	3.9845e-010
14595	4.0501e-010
14596	4.1287e-010
14597	4.2556e-010
14598	4.3459e-010
14599	4.4015e-010
14600	4.5433e-010
14601	4.6451e-010
14602	4.7393e-010
14603	4.8242e-010
14604	4.9559e-010
14605	5.0767e-010
14606	5.191e-010
14607	5.3005e-010
14608	5.417e-010
14609	5.5383e-010
14610	5.6543e-010
14611	5.7898e-010
14612	5.9253e-010
14613	6.0611e-010
14614	6.198e-010
14615	6.3386e-010
14616	6.4847e-010
14617	6.607e-010
14618	6.7737e-010
14619	6.9222e-010
14620	7.0866e-010
14621	7.2718e-010
14622	7.4381e-010
14623	7.5503e-010
14624	7.695e-010
14625	7.9846e-010
14626	7.9976e-010
14627	7.7054e-010
14628	7.5611e-010
14629	7.4819e-010
14630	7.334e-010
14631	7.1513e-010
14632	6.992e-010
14633	6.8419e-010
14634	6.6514e-010
14635	6.5732e-010
14636	6.4281e-010
14637	6.2893e-010
14638	6.1587e-010
14639	6.033e-010
14640	5.8971e-010
14641	5.725e-010
14642	5.6441e-010
14643	5.5277e-010
14644	5.4245e-010
14645	5.3534e-010
14646	5.2621e-010
14647	5.1408e-010
14648	4.8236e-010
14649	4.9778e-010
14650	4.8571e-010
14651	4.5884e-010
14652	4.5314e-010
14653	4.489e-010
14654	4.515e-010
14655	4.0775e-010
14656	4.0581e-010
14657	4.2771e-010
14658	3.7784e-010
14659	3.9032e-010
14660	4.0535e-010
14661	3.5939e-010
14662	3.9885e-010
14663	3.3886e-010
14664	3.5883e-010
14665	3.352e-010
14666	3.1738e-010
14667	3.3133e-010
14668	3.0319e-010
14669	3.2078e-010
14670	2.9097e-010
14671	3.016e-010
14672	2.7916e-010
14673	2.7858e-010
14674	2.6974e-010
14675	2.5529e-010
14676	2.705e-010
14677	2.444e-010
14678	2.5117e-010
14679	2.0931e-010
14680	2.0398e-010
14681	2.2789e-010
14682	2.0353e-010
14683	2.2056e-010
14684	2.5577e-010
14685	3.6198e-010
14686	5.4919e-010
14687	7.56e-010
14688	6.6626e-010
14689	1.1339e-009
14690	8.9711e-010
14691	1.1665e-010
14692	9.4746e-011
14693	1.5257e-010
14694	2.0827e-010
14695	2.1602e-010
14696	2.209e-010
14697	2.2701e-010
14698	2.3342e-010
14699	2.3815e-010
14700	2.4474e-010
14701	2.4991e-010
14702	2.5509e-010
14703	2.6295e-010
14704	2.6701e-010
14705	2.7512e-010
14706	2.7995e-010
14707	2.8696e-010
14708	2.9375e-010
14709	2.9983e-010
14710	3.0804e-010
14711	3.1369e-010
14712	3.2251e-010
14713	3.2822e-010
14714	3.3719e-010
14715	3.438e-010
14716	3.5222e-010
14717	3.6065e-010
14718	3.6749e-010
14719	3.7827e-010
14720	3.8374e-010
14721	3.9511e-010
14722	4.0312e-010
14723	4.1091e-010
14724	4.2256e-010
14725	4.3065e-010
14726	4.3969e-010
14727	4.5136e-010
14728	4.6156e-010
14729	4.6917e-010
14730	4.8277e-010
14731	4.9287e-010
14732	5.0406e-010
14733	5.1361e-010
14734	5.2701e-010
14735	5.3869e-010
14736	5.5076e-010
14737	5.6306e-010
14738	5.7573e-010
14739	5.8894e-010
14740	6.0139e-010
14741	6.1591e-010
14742	6.2973e-010
14743	6.44e-010
14744	6.5855e-010
14745	6.7319e-010
14746	6.8949e-010
14747	7.0269e-010
14748	7.2071e-010
14749	7.3617e-010
14750	7.5295e-010
14751	7.7136e-010
14752	7.8983e-010
14753	8.043e-010
14754	8.187e-010
14755	8.4715e-010
14756	8.4876e-010
14757	8.2007e-010
14758	8.0591e-010
14759	7.9445e-010
14760	7.7685e-010
14761	7.5884e-010
14762	7.4284e-010
14763	7.2882e-010
14764	7.0746e-010
14765	6.9936e-010
14766	6.8196e-010
14767	6.6765e-010
14768	6.5365e-010
14769	6.4038e-010
14770	6.2758e-010
14771	6.0975e-010
14772	6.0123e-010
14773	5.8788e-010
14774	5.7556e-010
14775	5.6384e-010
14776	5.5422e-010
14777	5.4912e-010
14778	5.1896e-010
14779	5.2927e-010
14780	5.0558e-010
14781	4.8546e-010
14782	4.8728e-010
14783	4.7511e-010
14784	4.6842e-010
14785	4.3988e-010
14786	4.3164e-010
14787	4.4301e-010
14788	4.1155e-010
14789	4.0933e-010
14790	4.195e-010
14791	3.9464e-010
14792	4.0943e-010
14793	3.7016e-010
14794	3.7181e-010
14795	3.5318e-010
14796	3.41e-010
14797	3.456e-010
14798	3.2681e-010
14799	3.3406e-010
14800	3.1272e-010
14801	3.1599e-010
14802	2.9702e-010
14803	2.939e-010
14804	2.8389e-010
14805	2.7031e-010
14806	2.8118e-010
14807	2.6542e-010
14808	2.6064e-010
14809	2.2394e-010
14810	2.1558e-010
14811	2.3448e-010
14812	2.216e-010
14813	2.4821e-010
14814	2.5201e-010
14815	3.5545e-010
14816	5.7457e-010
14817	8.5388e-010
14818	7.9188e-010
14819	1.0406e-009
14820	1.2439e-009
14821	1.1664e-010
14822	9.4796e-011
14823	1.5271e-010
14824	2.0847e-010
14825	2.162e-010
14826	2.2107e-010
14827	2.2718e-010
14828	2.3364e-010
14829	2.3843e-010
14830	2.4503e-010
14831	2.5021e-010
14832	2.5535e-010
14833	2.6318e-010
14834	2.6725e-010
14835	2.7533e-010
14836	2.8015e-010
14837	2.8718e-010
14838	2.9397e-010
14839	3.0006e-010
14840	3.0829e-010
14841	3.1393e-010
14842	3.2275e-010
14843	3.2847e-010
14844	3.3747e-010
14845	3.4412e-010
14846	3.5257e-010
14847	3.6101e-010
14848	3.6781e-010
14849	3.786e-010
14850	3.8411e-010
14851	3.9547e-010
14852	4.0349e-010
14853	4.1134e-010
14854	4.2301e-010
14855	4.3116e-010
14856	4.4024e-010
14857	4.5187e-010
14858	4.6206e-010
14859	4.6962e-010
14860	4.8322e-010
14861	4.9345e-010
14862	5.0468e-010
14863	5.1411e-010
14864	5.2746e-010
14865	5.3916e-010
14866	5.5124e-010
14867	5.6344e-010
14868	5.7621e-010
14869	5.896e-010
14870	6.0204e-010
14871	6.1658e-010
14872	6.3034e-010
14873	6.4443e-010
14874	6.5887e-010
14875	6.7366e-010
14876	6.8992e-010
14877	7.0311e-010
14878	7.2115e-010
14879	7.3674e-010
14880	7.5339e-010
14881	7.7154e-010
14882	7.9004e-010
14883	8.0453e-010
14884	8.1896e-010
14885	8.4749e-010
14886	8.4901e-010
14887	8.2025e-010
14888	8.0608e-010
14889	7.946e-010
14890	7.7691e-010
14891	7.5893e-010
14892	7.4287e-010
14893	7.2897e-010
14894	7.076e-010
14895	6.9943e-010
14896	6.8203e-010
14897	6.6765e-010
14898	6.5363e-010
14899	6.4047e-010
14900	6.2761e-010
14901	6.0971e-010
14902	6.0107e-010
14903	5.877e-010
14904	5.7533e-010
14905	5.6362e-010
14906	5.5397e-010
14907	5.489e-010
14908	5.1895e-010
14909	5.2897e-010
14910	5.0519e-010
14911	4.8502e-010
14912	4.8684e-010
14913	4.7467e-010
14914	4.6799e-010
14915	4.394e-010
14916	4.3117e-010
14917	4.4253e-010
14918	4.111e-010
14919	4.0889e-010
14920	4.1908e-010
14921	3.9416e-010
14922	4.0897e-010
14923	3.6968e-010
14924	3.7139e-010
14925	3.5275e-010
14926	3.4053e-010
14927	3.4516e-010
14928	3.2645e-010
14929	3.3376e-010
14930	3.1245e-010
14931	3.1574e-010
14932	2.9682e-010
14933	2.9372e-010
14934	2.8373e-010
14935	2.7017e-010
14936	2.8103e-010
14937	2.6525e-010
14938	2.6042e-010
14939	2.2366e-010
14940	2.1527e-010
14941	2.342e-010
14942	2.2133e-010
14943	2.4801e-010
14944	2.5185e-010
14945	3.5527e-010
14946	5.744e-010
14947	8.5389e-010
14948	7.9184e-010
14949	1.0406e-009
14950	1.2438e-009
14951	9.9233e-011
14952	7.905e-011
14953	1.4167e-010
14954	1.9664e-010
14955	2.0263e-010
14956	2.0827e-010
14957	2.1434e-010
14958	2.199e-010
14959	2.2352e-010
14960	2.3126e-010
14961	2.3596e-010
14962	2.4015e-010
14963	2.4848e-010
14964	2.5066e-010
14965	2.5982e-010
14966	2.6366e-010
14967	2.7056e-010
14968	2.7682e-010
14969	2.8235e-010
14970	2.9054e-010
14971	2.9502e-010
14972	3.0434e-010
14973	3.0863e-010
14974	3.1817e-010
14975	3.2365e-010
14976	3.3192e-010
14977	3.4041e-010
14978	3.4528e-010
14979	3.5751e-010
14980	3.6032e-010
14981	3.731e-010
14982	3.8018e-010
14983	3.8622e-010
14984	3.9912e-010
14985	4.0575e-010
14986	4.1373e-010
14987	4.2642e-010
14988	4.3531e-010
14989	4.4089e-010
14990	4.5512e-010
14991	4.6566e-010
14992	4.7511e-010
14993	4.8328e-010
14994	4.9626e-010
14995	5.0828e-010
14996	5.1968e-010
14997	5.3057e-010
14998	5.4237e-010
14999	5.5487e-010
15000	5.6655e-010
15001	5.8033e-010
15002	5.9355e-010
15003	6.0678e-010
15004	6.2043e-010
15005	6.3449e-010
15006	6.4937e-010
15007	6.6165e-010
15008	6.7797e-010
15009	6.9323e-010
15010	7.0923e-010
15011	7.2748e-010
15012	7.4418e-010
15013	7.5558e-010
15014	7.6997e-010
15015	7.9893e-010
15016	8.0017e-010
15017	7.707e-010
15018	7.5642e-010
15019	7.4834e-010
15020	7.3346e-010
15021	7.152e-010
15022	6.9937e-010
15023	6.8455e-010
15024	6.6532e-010
15025	6.5755e-010
15026	6.4291e-010
15027	6.29e-010
15028	6.1591e-010
15029	6.0351e-010
15030	5.9e-010
15031	5.7266e-010
15032	5.645e-010
15033	5.5265e-010
15034	5.4234e-010
15035	5.3527e-010
15036	5.2597e-010
15037	5.1425e-010
15038	4.8175e-010
15039	4.9778e-010
15040	4.8522e-010
15041	4.5842e-010
15042	4.5265e-010
15043	4.4832e-010
15044	4.5081e-010
15045	4.0695e-010
15046	4.0493e-010
15047	4.2682e-010
15048	3.7702e-010
15049	3.8936e-010
15050	4.0435e-010
15051	3.5839e-010
15052	3.9786e-010
15053	3.3791e-010
15054	3.5796e-010
15055	3.3441e-010
15056	3.1657e-010
15057	3.3061e-010
15058	3.0256e-010
15059	3.2023e-010
15060	2.9044e-010
15061	3.0117e-010
15062	2.7877e-010
15063	2.7828e-010
15064	2.6952e-010
15065	2.5511e-010
15066	2.7022e-010
15067	2.4406e-010
15068	2.5079e-010
15069	2.089e-010
15070	2.0349e-010
15071	2.2747e-010
15072	2.0309e-010
15073	2.2023e-010
15074	2.5526e-010
15075	3.6147e-010
15076	5.4874e-010
15077	7.5598e-010
15078	6.6613e-010
15079	1.1336e-009
15080	8.9695e-010
15081	1.1676e-010
15082	9.4804e-011
15083	1.5275e-010
15084	2.0856e-010
15085	2.1626e-010
15086	2.211e-010
15087	2.2722e-010
15088	2.3372e-010
15089	2.3853e-010
15090	2.4515e-010
15091	2.5035e-010
15092	2.5553e-010
15093	2.6338e-010
15094	2.6744e-010
15095	2.755e-010
15096	2.8027e-010
15097	2.873e-010
15098	2.9415e-010
15099	3.0025e-010
15100	3.0844e-010
15101	3.141e-010
15102	3.2297e-010
15103	3.2875e-010
15104	3.3776e-010
15105	3.4432e-010
15106	3.5266e-010
15107	3.6112e-010
15108	3.681e-010
15109	3.79e-010
15110	3.8453e-010
15111	3.9578e-010
15112	4.0373e-010
15113	4.1159e-010
15114	4.2321e-010
15115	4.3139e-010
15116	4.4061e-010
15117	4.5232e-010
15118	4.625e-010
15119	4.7e-010
15120	4.8357e-010
15121	4.9386e-010
15122	5.0521e-010
15123	5.1454e-010
15124	5.279e-010
15125	5.3958e-010
15126	5.5167e-010
15127	5.64e-010
15128	5.7679e-010
15129	5.9007e-010
15130	6.0243e-010
15131	6.1685e-010
15132	6.3072e-010
15133	6.4506e-010
15134	6.5958e-010
15135	6.7436e-010
15136	6.9062e-010
15137	7.0346e-010
15138	7.2138e-010
15139	7.3708e-010
15140	7.5354e-010
15141	7.7172e-010
15142	7.9037e-010
15143	8.0469e-010
15144	8.1924e-010
15145	8.4754e-010
15146	8.4902e-010
15147	8.203e-010
15148	8.0605e-010
15149	7.9454e-010
15150	7.7697e-010
15151	7.5897e-010
15152	7.4301e-010
15153	7.2897e-010
15154	7.0774e-010
15155	6.9958e-010
15156	6.8218e-010
15157	6.677e-010
15158	6.5365e-010
15159	6.4038e-010
15160	6.2757e-010
15161	6.0977e-010
15162	6.0111e-010
15163	5.8768e-010
15164	5.753e-010
15165	5.6364e-010
15166	5.5395e-010
15167	5.4704e-010
15168	5.1915e-010
15169	5.2701e-010
15170	5.0505e-010
15171	4.848e-010
15172	4.8648e-010
15173	4.7451e-010
15174	4.6773e-010
15175	4.3904e-010
15176	4.3079e-010
15177	4.4219e-010
15178	4.1065e-010
15179	4.0843e-010
15180	4.1859e-010
15181	3.9366e-010
15182	4.0853e-010
15183	3.6926e-010
15184	3.71e-010
15185	3.5237e-010
15186	3.4018e-010
15187	3.4485e-010
15188	3.2619e-010
15189	3.3353e-010
15190	3.1222e-010
15191	3.1555e-010
15192	2.9669e-010
15193	2.9363e-010
15194	2.8368e-010
15195	2.7014e-010
15196	2.8096e-010
15197	2.6512e-010
15198	2.6031e-010
15199	2.2347e-010
15200	2.1503e-010
15201	2.3403e-010
15202	2.2117e-010
15203	2.4782e-010
15204	2.5157e-010
15205	3.5513e-010
15206	5.7438e-010
15207	8.5391e-010
15208	7.9193e-010
15209	1.0405e-009
15210	1.2434e-009
15211	1.1676e-010
15212	9.4804e-011
15213	1.5275e-010
15214	2.0856e-010
15215	2.1626e-010
15216	2.211e-010
15217	2.2722e-010
15218	2.3372e-010
15219	2.3853e-010
15220	2.4515e-010
15221	2.5035e-010
15222	2.5553e-010
15223	2.6338e-010
15224	2.6744e-010
15225	2.755e-010
15226	2.8027e-010
15227	2.873e-010
15228	2.9415e-010
15229	3.0026e-010
15230	3.0845e-010
15231	3.141e-010
15232	3.2297e-010
15233	3.2876e-010
15234	3.3776e-010
15235	3.4432e-010
15236	3.5266e-010
15237	3.6112e-010
15238	3.681e-010
15239	3.79e-010
15240	3.8453e-010
15241	3.9578e-010
15242	4.0373e-010
15243	4.1159e-010
15244	4.2323e-010
15245	4.3139e-010
15246	4.4061e-010
15247	4.5232e-010
15248	4.625e-010
15249	4.7e-010
15250	4.8357e-010
15251	4.9386e-010
15252	5.0521e-010
15253	5.1454e-010
15254	5.279e-010
15255	5.3957e-010
15256	5.5167e-010
15257	5.64e-010
15258	5.7679e-010
15259	5.9007e-010
15260	6.0243e-010
15261	6.1685e-010
15262	6.3072e-010
15263	6.4506e-010
15264	6.5958e-010
15265	6.7436e-010
15266	6.9062e-010
15267	7.0346e-010
15268	7.2138e-010
15269	7.3708e-010
15270	7.5354e-010
15271	7.7174e-010
15272	7.9037e-010
15273	8.0469e-010
15274	8.1924e-010
15275	8.4753e-010
15276	8.4901e-010
15277	8.203e-010
15278	8.0605e-010
15279	7.9454e-010
15280	7.7697e-010
15281	7.5897e-010
15282	7.4302e-010
15283	7.2896e-010
15284	7.0774e-010
15285	6.9958e-010
15286	6.8218e-010
15287	6.677e-010
15288	6.5365e-010
15289	6.404e-010
15290	6.2757e-010
15291	6.0974e-010
15292	6.0113e-010
15293	5.8768e-010
15294	5.753e-010
15295	5.6358e-010
15296	5.5396e-010
15297	5.4716e-010
15298	5.1762e-010
15299	5.2707e-010
15300	5.0506e-010
15301	4.8473e-010
15302	4.865e-010
15303	4.745e-010
15304	4.6773e-010
15305	4.3904e-010
15306	4.3078e-010
15307	4.4219e-010
15308	4.1065e-010
15309	4.0844e-010
15310	4.1859e-010
15311	3.9366e-010
15312	4.0852e-010
15313	3.6926e-010
15314	3.71e-010
15315	3.5237e-010
15316	3.4019e-010
15317	3.4485e-010
15318	3.2619e-010
15319	3.3353e-010
15320	3.1223e-010
15321	3.1555e-010
15322	2.9669e-010
15323	2.9363e-010
15324	2.8368e-010
15325	2.7014e-010
15326	2.8096e-010
15327	2.6512e-010
15328	2.6031e-010
15329	2.2347e-010
15330	2.1503e-010
15331	2.3403e-010
15332	2.2117e-010
15333	2.4782e-010
15334	2.5157e-010
15335	3.5513e-010
15336	5.7438e-010
15337	8.539e-010
15338	7.9192e-010
15339	1.0405e-009
15340	1.2433e-009
15341	9.9235e-011
15342	7.9051e-011
15343	1.4167e-010
15344	1.9664e-010
15345	2.0263e-010
15346	2.0827e-010
15347	2.1434e-010
15348	2.199e-010
15349	2.2352e-010
15350	2.3126e-010
15351	2.3596e-010
15352	2.4016e-010
15353	2.4849e-010
15354	2.5065e-010
15355	2.5983e-010
15356	2.6367e-010
15357	2.7055e-010
15358	2.7682e-010
15359	2.8236e-010
15360	2.9055e-010
15361	2.9501e-010
15362	3.0434e-010
15363	3.0861e-010
15364	3.1818e-010
15365	3.2364e-010
15366	3.3192e-010
15367	3.4041e-010
15368	3.4529e-010
15369	3.5748e-010
15370	3.6033e-010
15371	3.731e-010
15372	3.8019e-010
15373	3.862e-010
15374	3.9912e-010
15375	4.0575e-010
15376	4.1373e-010
15377	4.2642e-010
15378	4.353e-010
15379	4.4089e-010
15380	4.5512e-010
15381	4.6567e-010
15382	4.7511e-010
15383	4.8328e-010
15384	4.9627e-010
15385	5.0825e-010
15386	5.1968e-010
15387	5.3059e-010
15388	5.4238e-010
15389	5.5488e-010
15390	5.6652e-010
15391	5.8035e-010
15392	5.9354e-010
15393	6.068e-010
15394	6.2044e-010
15395	6.3449e-010
15396	6.4936e-010
15397	6.6166e-010
15398	6.7797e-010
15399	6.9323e-010
15400	7.0925e-010
15401	7.2749e-010
15402	7.442e-010
15403	7.556e-010
15404	7.6999e-010
15405	7.9895e-010
15406	8.0013e-010
15407	7.707e-010
15408	7.5637e-010
15409	7.4836e-010
15410	7.3349e-010
15411	7.1522e-010
15412	6.994e-010
15413	6.8451e-010
15414	6.6533e-010
15415	6.5756e-010
15416	6.4293e-010
15417	6.2902e-010
15418	6.1591e-010
15419	6.0353e-010
15420	5.9002e-010
15421	5.7266e-010
15422	5.6447e-010
15423	5.5271e-010
15424	5.4234e-010
15425	5.3527e-010
15426	5.2579e-010
15427	5.1377e-010
15428	4.8039e-010
15429	4.9721e-010
15430	4.8514e-010
15431	4.5841e-010
15432	4.5259e-010
15433	4.4833e-010
15434	4.5079e-010
15435	4.0698e-010
15436	4.0495e-010
15437	4.2681e-010
15438	3.7703e-010
15439	3.8936e-010
15440	4.0435e-010
15441	3.584e-010
15442	3.9786e-010
15443	3.3792e-010
15444	3.5796e-010
15445	3.3439e-010
15446	3.1657e-010
15447	3.3062e-010
15448	3.0256e-010
15449	3.2023e-010
15450	2.9045e-010
15451	3.0115e-010
15452	2.7877e-010
15453	2.7828e-010
15454	2.6953e-010
15455	2.5509e-010
15456	2.7022e-010
15457	2.4406e-010
15458	2.508e-010
15459	2.0889e-010
15460	2.0349e-010
15461	2.2746e-010
15462	2.031e-010
15463	2.2022e-010
15464	2.5526e-010
15465	3.6148e-010
15466	5.4873e-010
15467	7.5598e-010
15468	6.6612e-010
15469	1.1336e-009
15470	8.9697e-010
15471	1.1664e-010
15472	9.4799e-011
15473	1.5272e-010
15474	2.0847e-010
15475	2.162e-010
15476	2.2107e-010
15477	2.2718e-010
15478	2.3365e-010
15479	2.3844e-010
15480	2.4503e-010
15481	2.5021e-010
15482	2.5535e-010
15483	2.6318e-010
15484	2.6724e-010
15485	2.7533e-010
15486	2.8016e-010
15487	2.8718e-010
15488	2.9398e-010
15489	3.0006e-010
15490	3.0829e-010
15491	3.1393e-010
15492	3.2274e-010
15493	3.2847e-010
15494	3.3747e-010
15495	3.4413e-010
15496	3.5257e-010
15497	3.6102e-010
15498	3.6782e-010
15499	3.786e-010
15500	3.841e-010
15501	3.9548e-010
15502	4.035e-010
15503	4.1134e-010
15504	4.2301e-010
15505	4.3116e-010
15506	4.4024e-010
15507	4.5188e-010
15508	4.6205e-010
15509	4.6963e-010
15510	4.8323e-010
15511	4.9346e-010
15512	5.0467e-010
15513	5.1409e-010
15514	5.2747e-010
15515	5.3916e-010
15516	5.5123e-010
15517	5.6346e-010
15518	5.7623e-010
15519	5.8961e-010
15520	6.0204e-010
15521	6.1659e-010
15522	6.3033e-010
15523	6.444e-010
15524	6.589e-010
15525	6.7365e-010
15526	6.8992e-010
15527	7.0311e-010
15528	7.2115e-010
15529	7.3674e-010
15530	7.534e-010
15531	7.7151e-010
15532	7.9007e-010
15533	8.0454e-010
15534	8.1895e-010
15535	8.475e-010
15536	8.4901e-010
15537	8.2024e-010
15538	8.0609e-010
15539	7.9459e-010
15540	7.7691e-010
15541	7.5892e-010
15542	7.4291e-010
15543	7.2897e-010
15544	7.076e-010
15545	6.9943e-010
15546	6.8202e-010
15547	6.6765e-010
15548	6.5364e-010
15549	6.4046e-010
15550	6.2762e-010
15551	6.0959e-010
15552	6.0105e-010
15553	5.8767e-010
15554	5.7535e-010
15555	5.6356e-010
15556	5.5395e-010
15557	5.4886e-010
15558	5.1699e-010
15559	5.2884e-010
15560	5.0518e-010
15561	4.8499e-010
15562	4.8683e-010
15563	4.747e-010
15564	4.68e-010
15565	4.3939e-010
15566	4.3115e-010
15567	4.4254e-010
15568	4.1109e-010
15569	4.0889e-010
15570	4.1909e-010
15571	3.9417e-010
15572	4.0897e-010
15573	3.6968e-010
15574	3.7139e-010
15575	3.5276e-010
15576	3.4053e-010
15577	3.4517e-010
15578	3.2645e-010
15579	3.3376e-010
15580	3.1245e-010
15581	3.1574e-010
15582	2.968e-010
15583	2.9371e-010
15584	2.8373e-010
15585	2.7017e-010
15586	2.8103e-010
15587	2.6525e-010
15588	2.6043e-010
15589	2.2366e-010
15590	2.1527e-010
15591	2.3419e-010
15592	2.2134e-010
15593	2.4801e-010
15594	2.5185e-010
15595	3.5528e-010
15596	5.7441e-010
15597	8.539e-010
15598	7.9184e-010
15599	1.0406e-009
15600	1.2438e-009
15601	1.1666e-010
15602	9.4741e-011
15603	1.5257e-010
15604	2.0827e-010
15605	2.1603e-010
15606	2.2091e-010
15607	2.27e-010
15608	2.3343e-010
15609	2.3816e-010
15610	2.4474e-010
15611	2.4992e-010
15612	2.5508e-010
15613	2.6295e-010
15614	2.6701e-010
15615	2.7512e-010
15616	2.7994e-010
15617	2.8696e-010
15618	2.9374e-010
15619	2.9983e-010
15620	3.0805e-010
15621	3.1369e-010
15622	3.2251e-010
15623	3.2822e-010
15624	3.3719e-010
15625	3.438e-010
15626	3.522e-010
15627	3.6064e-010
15628	3.675e-010
15629	3.7827e-010
15630	3.8374e-010
15631	3.9511e-010
15632	4.0312e-010
15633	4.1092e-010
15634	4.2256e-010
15635	4.3066e-010
15636	4.3969e-010
15637	4.5136e-010
15638	4.6157e-010
15639	4.6915e-010
15640	4.8279e-010
15641	4.9287e-010
15642	5.0405e-010
15643	5.1362e-010
15644	5.2702e-010
15645	5.387e-010
15646	5.5076e-010
15647	5.6307e-010
15648	5.7574e-010
15649	5.8896e-010
15650	6.0137e-010
15651	6.1592e-010
15652	6.2974e-010
15653	6.4399e-010
15654	6.5854e-010
15655	6.7318e-010
15656	6.8946e-010
15657	7.0269e-010
15658	7.207e-010
15659	7.3617e-010
15660	7.5296e-010
15661	7.7138e-010
15662	7.8984e-010
15663	8.0433e-010
15664	8.1872e-010
15665	8.4715e-010
15666	8.4874e-010
15667	8.2007e-010
15668	8.059e-010
15669	7.9447e-010
15670	7.7686e-010
15671	7.5883e-010
15672	7.4281e-010
15673	7.288e-010
15674	7.0748e-010
15675	6.9935e-010
15676	6.8197e-010
15677	6.6764e-010
15678	6.5364e-010
15679	6.4041e-010
15680	6.2755e-010
15681	6.0958e-010
15682	6.0121e-010
15683	5.8789e-010
15684	5.7556e-010
15685	5.6373e-010
15686	5.5436e-010
15687	5.487e-010
15688	5.1712e-010
15689	5.2873e-010
15690	5.0574e-010
15691	4.8544e-010
15692	4.8701e-010
15693	4.7516e-010
15694	4.6842e-010
15695	4.3985e-010
15696	4.3164e-010
15697	4.43e-010
15698	4.1155e-010
15699	4.0932e-010
15700	4.1949e-010
15701	3.9465e-010
15702	4.0943e-010
15703	3.7017e-010
15704	3.718e-010
15705	3.5318e-010
15706	3.4099e-010
15707	3.4559e-010
15708	3.2683e-010
15709	3.3405e-010
15710	3.1273e-010
15711	3.1598e-010
15712	2.9702e-010
15713	2.9391e-010
15714	2.8389e-010
15715	2.7031e-010
15716	2.8119e-010
15717	2.6542e-010
15718	2.6064e-010
15719	2.2395e-010
15720	2.1558e-010
15721	2.3449e-010
15722	2.216e-010
15723	2.4821e-010
15724	2.5201e-010
15725	3.5545e-010
15726	5.7456e-010
15727	8.5387e-010
15728	7.9186e-010
15729	1.0406e-009
15730	1.2439e-009
15731	9.9101e-011
15732	7.8918e-011
15733	1.4143e-010
15734	1.9631e-010
15735	2.0232e-010
15736	2.0797e-010
15737	2.1401e-010
15738	2.1952e-010
15739	2.2307e-010
15740	2.308e-010
15741	2.3553e-010
15742	2.3974e-010
15743	2.481e-010
15744	2.5028e-010
15745	2.5948e-010
15746	2.6334e-010
15747	2.702e-010
15748	2.7645e-010
15749	2.8198e-010
15750	2.9008e-010
15751	2.9459e-010
15752	3.0404e-010
15753	3.0834e-010
15754	3.1779e-010
15755	3.2317e-010
15756	3.3136e-010
15757	3.3979e-010
15758	3.447e-010
15759	3.5684e-010
15760	3.5955e-010
15761	3.724e-010
15762	3.7951e-010
15763	3.8553e-010
15764	3.9845e-010
15765	4.05e-010
15766	4.1287e-010
15767	4.2559e-010
15768	4.3452e-010
15769	4.4016e-010
15770	4.5428e-010
15771	4.6453e-010
15772	4.7395e-010
15773	4.8244e-010
15774	4.956e-010
15775	5.0765e-010
15776	5.1914e-010
15777	5.3002e-010
15778	5.4167e-010
15779	5.5379e-010
15780	5.6542e-010
15781	5.7899e-010
15782	5.9255e-010
15783	6.0612e-010
15784	6.1968e-010
15785	6.339e-010
15786	6.4843e-010
15787	6.6073e-010
15788	6.7736e-010
15789	6.9225e-010
15790	7.0867e-010
15791	7.2723e-010
15792	7.4384e-010
15793	7.5508e-010
15794	7.6942e-010
15795	7.9849e-010
15796	7.9982e-010
15797	7.706e-010
15798	7.5612e-010
15799	7.4816e-010
15800	7.3344e-010
15801	7.1506e-010
15802	6.9916e-010
15803	6.8423e-010
15804	6.6515e-010
15805	6.5736e-010
15806	6.4282e-010
15807	6.2892e-010
15808	6.159e-010
15809	6.0327e-010
15810	5.8957e-010
15811	5.7297e-010
15812	5.6427e-010
15813	5.5279e-010
15814	5.4244e-010
15815	5.355e-010
15816	5.2599e-010
15817	5.1265e-010
15818	4.8303e-010
15819	4.9632e-010
15820	4.8552e-010
15821	4.59e-010
15822	4.5297e-010
15823	4.4899e-010
15824	4.5151e-010
15825	4.0778e-010
15826	4.058e-010
15827	4.277e-010
15828	3.7788e-010
15829	3.9031e-010
15830	4.0534e-010
15831	3.5941e-010
15832	3.9885e-010
15833	3.3888e-010
15834	3.5885e-010
15835	3.3522e-010
15836	3.1738e-010
15837	3.3134e-010
15838	3.0318e-010
15839	3.2079e-010
15840	2.9095e-010
15841	3.0162e-010
15842	2.7917e-010
15843	2.786e-010
15844	2.6976e-010
15845	2.553e-010
15846	2.7049e-010
15847	2.4439e-010
15848	2.5118e-010
15849	2.0932e-010
15850	2.0399e-010
15851	2.279e-010
15852	2.0354e-010
15853	2.2056e-010
15854	2.5576e-010
15855	3.62e-010
15856	5.492e-010
15857	7.56e-010
15858	6.6626e-010
15859	1.1339e-009
15860	8.9714e-010
15861	1.1666e-010
15862	9.474e-011
15863	1.5257e-010
15864	2.0827e-010
15865	2.1603e-010
15866	2.2091e-010
15867	2.27e-010
15868	2.3343e-010
15869	2.3816e-010
15870	2.4474e-010
15871	2.4992e-010
15872	2.5508e-010
15873	2.6295e-010
15874	2.6701e-010
15875	2.7511e-010
15876	2.7994e-010
15877	2.8696e-010
15878	2.9374e-010
15879	2.9983e-010
15880	3.0805e-010
15881	3.137e-010
15882	3.2251e-010
15883	3.2822e-010
15884	3.3719e-010
15885	3.438e-010
15886	3.522e-010
15887	3.6064e-010
15888	3.675e-010
15889	3.7828e-010
15890	3.8374e-010
15891	3.9511e-010
15892	4.0312e-010
15893	4.1092e-010
15894	4.2256e-010
15895	4.3066e-010
15896	4.3969e-010
15897	4.5136e-010
15898	4.6157e-010
15899	4.6915e-010
15900	4.8278e-010
15901	4.9287e-010
15902	5.0405e-010
15903	5.1362e-010
15904	5.2702e-010
15905	5.387e-010
15906	5.5077e-010
15907	5.6306e-010
15908	5.7574e-010
15909	5.8897e-010
15910	6.0137e-010
15911	6.1592e-010
15912	6.2974e-010
15913	6.4399e-010
15914	6.5854e-010
15915	6.7318e-010
15916	6.8947e-010
15917	7.0269e-010
15918	7.207e-010
15919	7.3617e-010
15920	7.5296e-010
15921	7.7138e-010
15922	7.8985e-010
15923	8.0433e-010
15924	8.1871e-010
15925	8.4715e-010
15926	8.4874e-010
15927	8.2007e-010
15928	8.059e-010
15929	7.9447e-010
15930	7.7687e-010
15931	7.5883e-010
15932	7.4281e-010
15933	7.288e-010
15934	7.0749e-010
15935	6.9935e-010
15936	6.8197e-010
15937	6.6763e-010
15938	6.5368e-010
15939	6.404e-010
15940	6.2726e-010
15941	6.1061e-010
15942	6.0094e-010
15943	5.879e-010
15944	5.7557e-010
15945	5.6387e-010
15946	5.5413e-010
15947	5.4849e-010
15948	5.1889e-010
15949	5.2854e-010
15950	5.0534e-010
15951	4.8719e-010
15952	4.855e-010
15953	4.7704e-010
15954	4.6828e-010
15955	4.3984e-010
15956	4.3164e-010
15957	4.4299e-010
15958	4.1155e-010
15959	4.0932e-010
15960	4.1949e-010
15961	3.9464e-010
15962	4.0943e-010
15963	3.7017e-010
15964	3.718e-010
15965	3.5318e-010
15966	3.4099e-010
15967	3.4559e-010
15968	3.2683e-010
15969	3.3405e-010
15970	3.1273e-010
15971	3.1598e-010
15972	2.9702e-010
15973	2.939e-010
15974	2.8389e-010
15975	2.7031e-010
15976	2.8119e-010
15977	2.6541e-010
15978	2.6064e-010
15979	2.2395e-010
15980	2.1558e-010
15981	2.3449e-010
15982	2.216e-010
15983	2.4821e-010
15984	2.5201e-010
15985	3.5545e-010
15986	5.7457e-010
15987	8.5387e-010
15988	7.9186e-010
15989	1.0406e-009
15990	1.2439e-009
15991	1.1664e-010
15992	9.4799e-011
15993	1.5272e-010
15994	2.0847e-010
15995	2.162e-010
15996	2.2107e-010
15997	2.2718e-010
15998	2.3365e-010
15999	2.3844e-010
16000	2.4503e-010
16001	2.5021e-010
16002	2.5535e-010
16003	2.6319e-010
16004	2.6725e-010
16005	2.7534e-010
16006	2.8016e-010
16007	2.8718e-010
16008	2.9398e-010
16009	3.0007e-010
16010	3.0829e-010
16011	3.1393e-010
16012	3.2274e-010
16013	3.2847e-010
16014	3.3748e-010
16015	3.4411e-010
16016	3.5257e-010
16017	3.6101e-010
16018	3.6781e-010
16019	3.786e-010
16020	3.841e-010
16021	3.9548e-010
16022	4.035e-010
16023	4.1134e-010
16024	4.2301e-010
16025	4.3116e-010
16026	4.4024e-010
16027	4.5188e-010
16028	4.6204e-010
16029	4.6963e-010
16030	4.8323e-010
16031	4.9346e-010
16032	5.0468e-010
16033	5.1409e-010
16034	5.2747e-010
16035	5.3917e-010
16036	5.5123e-010
16037	5.6346e-010
16038	5.7623e-010
16039	5.8959e-010
16040	6.0206e-010
16041	6.1658e-010
16042	6.3033e-010
16043	6.444e-010
16044	6.589e-010
16045	6.7365e-010
16046	6.8992e-010
16047	7.0311e-010
16048	7.2116e-010
16049	7.3673e-010
16050	7.5339e-010
16051	7.7153e-010
16052	7.9007e-010
16053	8.0454e-010
16054	8.1895e-010
16055	8.4749e-010
16056	8.4901e-010
16057	8.2024e-010
16058	8.0609e-010
16059	7.9459e-010
16060	7.769e-010
16061	7.5891e-010
16062	7.4291e-010
16063	7.2897e-010
16064	7.076e-010
16065	6.9943e-010
16066	6.8203e-010
16067	6.6768e-010
16068	6.5367e-010
16069	6.4045e-010
16070	6.2738e-010
16071	6.1038e-010
16072	6.0086e-010
16073	5.8768e-010
16074	5.7536e-010
16075	5.6357e-010
16076	5.5411e-010
16077	5.4857e-010
16078	5.1912e-010
16079	5.2859e-010
16080	5.0514e-010
16081	4.873e-010
16082	4.852e-010
16083	4.7755e-010
16084	4.6786e-010
16085	4.3931e-010
16086	4.3116e-010
16087	4.4255e-010
16088	4.111e-010
16089	4.0889e-010
16090	4.1909e-010
16091	3.9417e-010
16092	4.0897e-010
16093	3.6968e-010
16094	3.7139e-010
16095	3.5276e-010
16096	3.4053e-010
16097	3.4517e-010
16098	3.2645e-010
16099	3.3376e-010
16100	3.1245e-010
16101	3.1574e-010
16102	2.9681e-010
16103	2.9371e-010
16104	2.8373e-010
16105	2.7016e-010
16106	2.8104e-010
16107	2.6525e-010
16108	2.6043e-010
16109	2.2366e-010
16110	2.1526e-010
16111	2.3419e-010
16112	2.2134e-010
16113	2.4802e-010
16114	2.5185e-010
16115	3.5528e-010
16116	5.7439e-010
16117	8.5389e-010
16118	7.9185e-010
16119	1.0405e-009
16120	1.2438e-009
16121	9.9235e-011
16122	7.9052e-011
16123	1.4167e-010
16124	1.9664e-010
16125	2.0264e-010
16126	2.0826e-010
16127	2.1434e-010
16128	2.1989e-010
16129	2.2351e-010
16130	2.3126e-010
16131	2.3595e-010
16132	2.4016e-010
16133	2.4849e-010
16134	2.5064e-010
16135	2.5983e-010
16136	2.6366e-010
16137	2.7055e-010
16138	2.7682e-010
16139	2.8235e-010
16140	2.9055e-010
16141	2.9501e-010
16142	3.0433e-010
16143	3.0861e-010
16144	3.1817e-010
16145	3.2365e-010
16146	3.3192e-010
16147	3.4041e-010
16148	3.4528e-010
16149	3.5749e-010
16150	3.6034e-010
16151	3.7312e-010
16152	3.8018e-010
16153	3.8618e-010
16154	3.9912e-010
16155	4.0575e-010
16156	4.1373e-010
16157	4.2641e-010
16158	4.3529e-010
16159	4.4089e-010
16160	4.5512e-010
16161	4.6566e-010
16162	4.7511e-010
16163	4.8328e-010
16164	4.9627e-010
16165	5.0826e-010
16166	5.197e-010
16167	5.3058e-010
16168	5.4239e-010
16169	5.5488e-010
16170	5.6653e-010
16171	5.8036e-010
16172	5.9356e-010
16173	6.0681e-010
16174	6.2045e-010
16175	6.345e-010
16176	6.4937e-010
16177	6.6163e-010
16178	6.7798e-010
16179	6.9324e-010
16180	7.0926e-010
16181	7.2746e-010
16182	7.4421e-010
16183	7.5562e-010
16184	7.6996e-010
16185	7.9895e-010
16186	8.0014e-010
16187	7.7062e-010
16188	7.5639e-010
16189	7.4837e-010
16190	7.3346e-010
16191	7.1523e-010
16192	6.9941e-010
16193	6.8452e-010
16194	6.6533e-010
16195	6.5756e-010
16196	6.4294e-010
16197	6.2902e-010
16198	6.1597e-010
16199	6.0356e-010
16200	5.8981e-010
16201	5.7341e-010
16202	5.6433e-010
16203	5.5273e-010
16204	5.4234e-010
16205	5.3526e-010
16206	5.2601e-010
16207	5.1401e-010
16208	4.8201e-010
16209	4.9746e-010
16210	4.8521e-010
16211	4.6116e-010
16212	4.498e-010
16213	4.5165e-010
16214	4.5076e-010
16215	4.0685e-010
16216	4.0495e-010
16217	4.2681e-010
16218	3.7704e-010
16219	3.8936e-010
16220	4.0435e-010
16221	3.584e-010
16222	3.9786e-010
16223	3.3792e-010
16224	3.5797e-010
16225	3.3438e-010
16226	3.1658e-010
16227	3.3062e-010
16228	3.0256e-010
16229	3.2024e-010
16230	2.9046e-010
16231	3.0114e-010
16232	2.7878e-010
16233	2.7827e-010
16234	2.6953e-010
16235	2.5507e-010
16236	2.7022e-010
16237	2.4408e-010
16238	2.5079e-010
16239	2.0889e-010
16240	2.0349e-010
16241	2.2747e-010
16242	2.031e-010
16243	2.2022e-010
16244	2.5526e-010
16245	3.6147e-010
16246	5.4874e-010
16247	7.5597e-010
16248	6.6613e-010
16249	1.1336e-009
16250	8.9696e-010
16251	1.1676e-010
16252	9.4803e-011
16253	1.5275e-010
16254	2.0855e-010
16255	2.1626e-010
16256	2.2111e-010
16257	2.2722e-010
16258	2.3371e-010
16259	2.3853e-010
16260	2.4515e-010
16261	2.5035e-010
16262	2.5553e-010
16263	2.6338e-010
16264	2.6744e-010
16265	2.755e-010
16266	2.8028e-010
16267	2.873e-010
16268	2.9415e-010
16269	3.0026e-010
16270	3.0845e-010
16271	3.141e-010
16272	3.2298e-010
16273	3.2876e-010
16274	3.3776e-010
16275	3.4433e-010
16276	3.5266e-010
16277	3.6112e-010
16278	3.681e-010
16279	3.79e-010
16280	3.8454e-010
16281	3.9578e-010
16282	4.0373e-010
16283	4.1159e-010
16284	4.2323e-010
16285	4.3139e-010
16286	4.4061e-010
16287	4.5232e-010
16288	4.625e-010
16289	4.7e-010
16290	4.8356e-010
16291	4.9385e-010
16292	5.052e-010
16293	5.1455e-010
16294	5.2789e-010
16295	5.3959e-010
16296	5.5167e-010
16297	5.6401e-010
16298	5.7678e-010
16299	5.9007e-010
16300	6.0242e-010
16301	6.1685e-010
16302	6.3071e-010
16303	6.4505e-010
16304	6.5958e-010
16305	6.7436e-010
16306	6.9063e-010
16307	7.0347e-010
16308	7.2141e-010
16309	7.3708e-010
16310	7.5354e-010
16311	7.7174e-010
16312	7.9038e-010
16313	8.0469e-010
16314	8.1924e-010
16315	8.4753e-010
16316	8.4903e-010
16317	8.203e-010
16318	8.0607e-010
16319	7.9453e-010
16320	7.7697e-010
16321	7.5897e-010
16322	7.4302e-010
16323	7.2896e-010
16324	7.0773e-010
16325	6.9961e-010
16326	6.822e-010
16327	6.6771e-010
16328	6.537e-010
16329	6.4034e-010
16330	6.2742e-010
16331	6.1041e-010
16332	6.0102e-010
16333	5.8767e-010
16334	5.7531e-010
16335	5.6358e-010
16336	5.5394e-010
16337	5.4874e-010
16338	5.181e-010
16339	5.287e-010
16340	5.0473e-010
16341	4.8744e-010
16342	4.8417e-010
16343	4.7776e-010
16344	4.6753e-010
16345	4.3896e-010
16346	4.3079e-010
16347	4.4217e-010
16348	4.1066e-010
16349	4.0844e-010
16350	4.1859e-010
16351	3.9366e-010
16352	4.0852e-010
16353	3.6926e-010
16354	3.71e-010
16355	3.5237e-010
16356	3.4019e-010
16357	3.4485e-010
16358	3.262e-010
16359	3.3352e-010
16360	3.1223e-010
16361	3.1555e-010
16362	2.9669e-010
16363	2.9363e-010
16364	2.8368e-010
16365	2.7013e-010
16366	2.8096e-010
16367	2.6513e-010
16368	2.6031e-010
16369	2.2347e-010
16370	2.1504e-010
16371	2.3403e-010
16372	2.2117e-010
16373	2.4782e-010
16374	2.5157e-010
16375	3.5513e-010
16376	5.7438e-010
16377	8.539e-010
16378	7.9193e-010
16379	1.0405e-009
16380	1.2433e-009
16381	1.1676e-010
16382	9.4804e-011
16383	1.5275e-010
16384	2.0855e-010
16385	2.1626e-010
16386	2.2111e-010
16387	2.2722e-010
16388	2.3372e-010
16389	2.3853e-010
16390	2.4515e-010
16391	2.5035e-010
16392	2.5553e-010
16393	2.6338e-010
16394	2.6744e-010
16395	2.755e-010
16396	2.8028e-010
16397	2.873e-010
16398	2.9415e-010
16399	3.0026e-010
16400	3.0845e-010
16401	3.141e-010
16402	3.2298e-010
16403	3.2876e-010
16404	3.3776e-010
16405	3.4433e-010
16406	3.5266e-010
16407	3.6112e-010
16408	3.681e-010
16409	3.79e-010
16410	3.8454e-010
16411	3.9578e-010
16412	4.0373e-010
16413	4.1159e-010
16414	4.2323e-010
16415	4.3139e-010
16416	4.4061e-010
16417	4.5232e-010
16418	4.625e-010
16419	4.7e-010
16420	4.8356e-010
16421	4.9386e-010
16422	5.052e-010
16423	5.1455e-010
16424	5.2789e-010
16425	5.3959e-010
16426	5.5167e-010
16427	5.6401e-010
16428	5.7678e-010
16429	5.9007e-010
16430	6.0242e-010
16431	6.1685e-010
16432	6.3071e-010
16433	6.4505e-010
16434	6.5958e-010
16435	6.7436e-010
16436	6.9063e-010
16437	7.0347e-010
16438	7.2141e-010
16439	7.3708e-010
16440	7.5354e-010
16441	7.7174e-010
16442	7.9037e-010
16443	8.0469e-010
16444	8.1924e-010
16445	8.4753e-010
16446	8.4903e-010
16447	8.2029e-010
16448	8.0607e-010
16449	7.9453e-010
16450	7.7697e-010
16451	7.5897e-010
16452	7.4302e-010
16453	7.2896e-010
16454	7.0773e-010
16455	6.9961e-010
16456	6.8218e-010
16457	6.6771e-010
16458	6.5367e-010
16459	6.4036e-010
16460	6.2761e-010
16461	6.0963e-010
16462	6.0117e-010
16463	5.8768e-010
16464	5.7529e-010
16465	5.6361e-010
16466	5.5393e-010
16467	5.487e-010
16468	5.1839e-010
16469	5.2867e-010
16470	5.0471e-010
16471	4.8748e-010
16472	4.8415e-010
16473	4.7779e-010
16474	4.6754e-010
16475	4.3897e-010
16476	4.3079e-010
16477	4.4217e-010
16478	4.1066e-010
16479	4.0844e-010
16480	4.1859e-010
16481	3.9366e-010
16482	4.0853e-010
16483	3.6926e-010
16484	3.71e-010
16485	3.5237e-010
16486	3.4019e-010
16487	3.4485e-010
16488	3.262e-010
16489	3.3352e-010
16490	3.1223e-010
16491	3.1555e-010
16492	2.9669e-010
16493	2.9363e-010
16494	2.8368e-010
16495	2.7013e-010
16496	2.8096e-010
16497	2.6513e-010
16498	2.6031e-010
16499	2.2347e-010
16500	2.1503e-010
16501	2.3403e-010
16502	2.2117e-010
16503	2.4782e-010
16504	2.5157e-010
16505	3.5513e-010
16506	5.7438e-010
16507	8.539e-010
16508	7.9193e-010
16509	1.0405e-009
16510	1.2433e-009
16511	9.9235e-011
16512	7.9051e-011
16513	1.4167e-010
16514	1.9664e-010
16515	2.0263e-010
16516	2.0826e-010
16517	2.1434e-010
16518	2.199e-010
16519	2.2351e-010
16520	2.3127e-010
16521	2.3595e-010
16522	2.4016e-010
16523	2.4849e-010
16524	2.5064e-010
16525	2.5983e-010
16526	2.6367e-010
16527	2.7055e-010
16528	2.7682e-010
16529	2.8234e-010
16530	2.9055e-010
16531	2.9501e-010
16532	3.0433e-010
16533	3.0861e-010
16534	3.1818e-010
16535	3.2364e-010
16536	3.3192e-010
16537	3.4041e-010
16538	3.4527e-010
16539	3.5749e-010
16540	3.6033e-010
16541	3.731e-010
16542	3.8019e-010
16543	3.862e-010
16544	3.9912e-010
16545	4.0575e-010
16546	4.1373e-010
16547	4.264e-010
16548	4.3529e-010
16549	4.4089e-010
16550	4.5512e-010
16551	4.6566e-010
16552	4.7511e-010
16553	4.8328e-010
16554	4.9626e-010
16555	5.0828e-010
16556	5.1969e-010
16557	5.3057e-010
16558	5.4238e-010
16559	5.5488e-010
16560	5.6653e-010
16561	5.8036e-010
16562	5.9355e-010
16563	6.0681e-010
16564	6.2045e-010
16565	6.345e-010
16566	6.4937e-010
16567	6.6166e-010
16568	6.7797e-010
16569	6.9323e-010
16570	7.0925e-010
16571	7.2749e-010
16572	7.4421e-010
16573	7.5561e-010
16574	7.6999e-010
16575	7.9895e-010
16576	8.0014e-010
16577	7.7067e-010
16578	7.5638e-010
16579	7.4836e-010
16580	7.3346e-010
16581	7.1524e-010
16582	6.9941e-010
16583	6.8451e-010
16584	6.6533e-010
16585	6.5756e-010
16586	6.4293e-010
16587	6.2902e-010
16588	6.1591e-010
16589	6.036e-010
16590	5.8977e-010
16591	5.728e-010
16592	5.6428e-010
16593	5.5275e-010
16594	5.4231e-010
16595	5.3525e-010
16596	5.2605e-010
16597	5.1388e-010
16598	4.8216e-010
16599	4.9734e-010
16600	4.8527e-010
16601	4.6113e-010
16602	4.4979e-010
16603	4.5163e-010
16604	4.5077e-010
16605	4.0688e-010
16606	4.0495e-010
16607	4.268e-010
16608	3.7704e-010
16609	3.8934e-010
16610	4.0436e-010
16611	3.5841e-010
16612	3.9786e-010
16613	3.3791e-010
16614	3.5796e-010
16615	3.3441e-010
16616	3.1657e-010
16617	3.3061e-010
16618	3.0255e-010
16619	3.2023e-010
16620	2.9045e-010
16621	3.0114e-010
16622	2.7877e-010
16623	2.7828e-010
16624	2.6953e-010
16625	2.5507e-010
16626	2.7023e-010
16627	2.4407e-010
16628	2.5079e-010
16629	2.0889e-010
16630	2.0349e-010
16631	2.2746e-010
16632	2.031e-010
16633	2.2022e-010
16634	2.5526e-010
16635	3.6148e-010
16636	5.4874e-010
16637	7.5597e-010
16638	6.6613e-010
16639	1.1336e-009
16640	8.9697e-010
16641	1.1664e-010
16642	9.4799e-011
16643	1.5271e-010
16644	2.0847e-010
16645	2.162e-010
16646	2.2107e-010
16647	2.2718e-010
16648	2.3365e-010
16649	2.3844e-010
16650	2.4503e-010
16651	2.5021e-010
16652	2.5535e-010
16653	2.6318e-010
16654	2.6725e-010
16655	2.7534e-010
16656	2.8016e-010
16657	2.8718e-010
16658	2.9398e-010
16659	3.0006e-010
16660	3.0829e-010
16661	3.1393e-010
16662	3.2275e-010
16663	3.2847e-010
16664	3.3747e-010
16665	3.4412e-010
16666	3.5257e-010
16667	3.6101e-010
16668	3.6782e-010
16669	3.786e-010
16670	3.841e-010
16671	3.9548e-010
16672	4.035e-010
16673	4.1134e-010
16674	4.2301e-010
16675	4.3115e-010
16676	4.4025e-010
16677	4.5188e-010
16678	4.6205e-010
16679	4.6963e-010
16680	4.8324e-010
16681	4.9346e-010
16682	5.0468e-010
16683	5.141e-010
16684	5.2746e-010
16685	5.3916e-010
16686	5.5123e-010
16687	5.6346e-010
16688	5.7623e-010
16689	5.8961e-010
16690	6.0206e-010
16691	6.1659e-010
16692	6.3033e-010
16693	6.4443e-010
16694	6.589e-010
16695	6.7365e-010
16696	6.8992e-010
16697	7.0311e-010
16698	7.2114e-010
16699	7.3674e-010
16700	7.534e-010
16701	7.7151e-010
16702	7.9007e-010
16703	8.0454e-010
16704	8.1897e-010
16705	8.4749e-010
16706	8.4903e-010
16707	8.2024e-010
16708	8.0609e-010
16709	7.9459e-010
16710	7.7691e-010
16711	7.5892e-010
16712	7.4291e-010
16713	7.2897e-010
16714	7.076e-010
16715	6.9943e-010
16716	6.8202e-010
16717	6.6765e-010
16718	6.5363e-010
16719	6.4048e-010
16720	6.276e-010
16721	6.0954e-010
16722	6.0107e-010
16723	5.8771e-010
16724	5.7534e-010
16725	5.6364e-010
16726	5.5414e-010
16727	5.4706e-010
16728	5.2052e-010
16729	5.2707e-010
16730	5.0508e-010
16731	4.8777e-010
16732	4.845e-010
16733	4.78e-010
16734	4.6777e-010
16735	4.3931e-010
16736	4.3115e-010
16737	4.4256e-010
16738	4.1109e-010
16739	4.0889e-010
16740	4.1908e-010
16741	3.9417e-010
16742	4.0897e-010
16743	3.6968e-010
16744	3.7139e-010
16745	3.5275e-010
16746	3.4053e-010
16747	3.4517e-010
16748	3.2645e-010
16749	3.3376e-010
16750	3.1245e-010
16751	3.1574e-010
16752	2.968e-010
16753	2.9371e-010
16754	2.8373e-010
16755	2.7017e-010
16756	2.8103e-010
16757	2.6525e-010
16758	2.6043e-010
16759	2.2366e-010
16760	2.1526e-010
16761	2.342e-010
16762	2.2133e-010
16763	2.4801e-010
16764	2.5185e-010
16765	3.5528e-010
16766	5.7441e-010
16767	8.5389e-010
16768	7.9183e-010
16769	1.0406e-009
16770	1.2438e-009
16771	1.1665e-010
16772	9.4742e-011
16773	1.5257e-010
16774	2.0828e-010
16775	2.1603e-010
16776	2.2091e-010
16777	2.27e-010
16778	2.3343e-010
16779	2.3816e-010
16780	2.4474e-010
16781	2.4991e-010
16782	2.5508e-010
16783	2.6295e-010
16784	2.6702e-010
16785	2.7512e-010
16786	2.7994e-010
16787	2.8696e-010
16788	2.9375e-010
16789	2.9982e-010
16790	3.0805e-010
16791	3.137e-010
16792	3.2251e-010
16793	3.2822e-010
16794	3.3719e-010
16795	3.4379e-010
16796	3.5222e-010
16797	3.6065e-010
16798	3.675e-010
16799	3.7828e-010
16800	3.8374e-010
16801	3.9511e-010
16802	4.0312e-010
16803	4.1092e-010
16804	4.2256e-010
16805	4.3065e-010
16806	4.3969e-010
16807	4.5136e-010
16808	4.6157e-010
16809	4.6915e-010
16810	4.8279e-010
16811	4.9287e-010
16812	5.0406e-010
16813	5.1361e-010
16814	5.2701e-010
16815	5.3869e-010
16816	5.5077e-010
16817	5.6306e-010
16818	5.7573e-010
16819	5.8896e-010
16820	6.0138e-010
16821	6.1591e-010
16822	6.2972e-010
16823	6.4399e-010
16824	6.5854e-010
16825	6.7318e-010
16826	6.8946e-010
16827	7.0269e-010
16828	7.207e-010
16829	7.3618e-010
16830	7.5297e-010
16831	7.7136e-010
16832	7.8984e-010
16833	8.0433e-010
16834	8.1869e-010
16835	8.4715e-010
16836	8.4873e-010
16837	8.2006e-010
16838	8.0591e-010
16839	7.9449e-010
16840	7.7687e-010
16841	7.5884e-010
16842	7.4282e-010
16843	7.2882e-010
16844	7.0747e-010
16845	6.9936e-010
16846	6.8197e-010
16847	6.6764e-010
16848	6.5365e-010
16849	6.4041e-010
16850	6.2756e-010
16851	6.0975e-010
16852	6.0122e-010
16853	5.8791e-010
16854	5.7554e-010
16855	5.6394e-010
16856	5.5414e-010
16857	5.4709e-010
16858	5.1983e-010
16859	5.271e-010
16860	5.0525e-010
16861	4.8828e-010
16862	4.8496e-010
16863	4.784e-010
16864	4.6821e-010
16865	4.3981e-010
16866	4.3164e-010
16867	4.43e-010
16868	4.1156e-010
16869	4.0933e-010
16870	4.195e-010
16871	3.9464e-010
16872	4.0944e-010
16873	3.7016e-010
16874	3.718e-010
16875	3.5318e-010
16876	3.41e-010
16877	3.456e-010
16878	3.2682e-010
16879	3.3406e-010
16880	3.1272e-010
16881	3.1598e-010
16882	2.9702e-010
16883	2.9391e-010
16884	2.8389e-010
16885	2.7031e-010
16886	2.8119e-010
16887	2.6542e-010
16888	2.6064e-010
16889	2.2395e-010
16890	2.1558e-010
16891	2.3449e-010
16892	2.216e-010
16893	2.4821e-010
16894	2.5201e-010
16895	3.5544e-010
16896	5.7457e-010
16897	8.5387e-010
16898	7.9186e-010
16899	1.0406e-009
16900	1.2439e-009
16901	9.9101e-011
16902	7.8918e-011
16903	1.4143e-010
16904	1.963e-010
16905	2.0232e-010
16906	2.0797e-010
16907	2.1403e-010
16908	2.1951e-010
16909	2.2307e-010
16910	2.3082e-010
16911	2.3551e-010
16912	2.3976e-010
16913	2.481e-010
16914	2.503e-010
16915	2.5948e-010
16916	2.6333e-010
16917	2.702e-010
16918	2.7645e-010
16919	2.8197e-010
16920	2.9009e-010
16921	2.9459e-010
16922	3.0404e-010
16923	3.0833e-010
16924	3.1778e-010
16925	3.2318e-010
16926	3.3134e-010
16927	3.3982e-010
16928	3.4468e-010
16929	3.5683e-010
16930	3.5953e-010
16931	3.7239e-010
16932	3.7949e-010
16933	3.8556e-010
16934	3.9845e-010
16935	4.0499e-010
16936	4.1287e-010
16937	4.2558e-010
16938	4.3451e-010
16939	4.4019e-010
16940	4.5429e-010
16941	4.6452e-010
16942	4.7393e-010
16943	4.8242e-010
16944	4.9559e-010
16945	5.0765e-010
16946	5.1912e-010
16947	5.3005e-010
16948	5.4165e-010
16949	5.5383e-010
16950	5.654e-010
16951	5.7898e-010
16952	5.9254e-010
16953	6.0612e-010
16954	6.1975e-010
16955	6.3388e-010
16956	6.4848e-010
16957	6.6072e-010
16958	6.7739e-010
16959	6.9224e-010
16960	7.0867e-010
16961	7.272e-010
16962	7.4381e-010
16963	7.5506e-010
16964	7.6941e-010
16965	7.9848e-010
16966	7.998e-010
16967	7.7058e-010
16968	7.5613e-010
16969	7.4815e-010
16970	7.3344e-010
16971	7.1513e-010
16972	6.992e-010
16973	6.842e-010
16974	6.6516e-010
16975	6.5735e-010
16976	6.428e-010
16977	6.2894e-010
16978	6.1586e-010
16979	6.0328e-010
16980	5.8976e-010
16981	5.7252e-010
16982	5.6442e-010
16983	5.5278e-010
16984	5.4245e-010
16985	5.3545e-010
16986	5.2616e-010
16987	5.1252e-010
16988	4.8402e-010
16989	4.9611e-010
16990	4.8558e-010
16991	4.6161e-010
16992	4.5029e-010
16993	4.5219e-010
16994	4.5148e-010
16995	4.0767e-010
16996	4.0582e-010
16997	4.277e-010
16998	3.7784e-010
16999	3.9032e-010
17000	4.0537e-010
17001	3.594e-010
17002	3.9884e-010
17003	3.3887e-010
17004	3.5884e-010
17005	3.3521e-010
17006	3.1738e-010
17007	3.3134e-010
17008	3.032e-010
17009	3.2078e-010
17010	2.9097e-010
17011	3.0161e-010
17012	2.7915e-010
17013	2.7859e-010
17014	2.6975e-010
17015	2.5529e-010
17016	2.7049e-010
17017	2.444e-010
17018	2.5118e-010
17019	2.0933e-010
17020	2.0398e-010
17021	2.279e-010
17022	2.0352e-010
17023	2.2055e-010
17024	2.5576e-010
17025	3.6199e-010
17026	5.492e-010
17027	7.56e-010
17028	6.6627e-010
17029	1.1339e-009
17030	8.9714e-010
17031	1.1665e-010
17032	9.4745e-011
17033	1.5257e-010
17034	2.0827e-010
17035	2.1603e-010
17036	2.2091e-010
17037	2.2701e-010
17038	2.3343e-010
17039	2.3816e-010
17040	2.4474e-010
17041	2.4991e-010
17042	2.5508e-010
17043	2.6295e-010
17044	2.6702e-010
17045	2.7512e-010
17046	2.7994e-010
17047	2.8696e-010
17048	2.9375e-010
17049	2.9982e-010
17050	3.0804e-010
17051	3.1369e-010
17052	3.225e-010
17053	3.2822e-010
17054	3.3719e-010
17055	3.4379e-010
17056	3.5222e-010
17057	3.6065e-010
17058	3.6749e-010
17059	3.7828e-010
17060	3.8374e-010
17061	3.9511e-010
17062	4.0312e-010
17063	4.1093e-010
17064	4.2256e-010
17065	4.3065e-010
17066	4.3969e-010
17067	4.5136e-010
17068	4.6157e-010
17069	4.6915e-010
17070	4.8278e-010
17071	4.9287e-010
17072	5.0406e-010
17073	5.1361e-010
17074	5.2701e-010
17075	5.3869e-010
17076	5.5078e-010
17077	5.6306e-010
17078	5.7574e-010
17079	5.8894e-010
17080	6.0139e-010
17081	6.1591e-010
17082	6.2973e-010
17083	6.4399e-010
17084	6.5854e-010
17085	6.7318e-010
17086	6.8947e-010
17087	7.0269e-010
17088	7.207e-010
17089	7.3617e-010
17090	7.5297e-010
17091	7.7136e-010
17092	7.8984e-010
17093	8.0434e-010
17094	8.1869e-010
17095	8.4714e-010
17096	8.4875e-010
17097	8.2006e-010
17098	8.0591e-010
17099	7.9449e-010
17100	7.7687e-010
17101	7.5884e-010
17102	7.4283e-010
17103	7.2881e-010
17104	7.0747e-010
17105	6.9937e-010
17106	6.8195e-010
17107	6.6764e-010
17108	6.5365e-010
17109	6.404e-010
17110	6.2757e-010
17111	6.0974e-010
17112	6.0124e-010
17113	5.8789e-010
17114	5.7557e-010
17115	5.638e-010
17116	5.5441e-010
17117	5.4848e-010
17118	5.1965e-010
17119	5.2859e-010
17120	5.0549e-010
17121	4.8816e-010
17122	4.8493e-010
17123	4.7838e-010
17124	4.6822e-010
17125	4.3981e-010
17126	4.3164e-010
17127	4.43e-010
17128	4.1156e-010
17129	4.0933e-010
17130	4.195e-010
17131	3.9463e-010
17132	4.0944e-010
17133	3.7016e-010
17134	3.7181e-010
17135	3.5318e-010
17136	3.41e-010
17137	3.4559e-010
17138	3.2682e-010
17139	3.3406e-010
17140	3.1272e-010
17141	3.1599e-010
17142	2.9702e-010
17143	2.9391e-010
17144	2.8389e-010
17145	2.7032e-010
17146	2.8119e-010
17147	2.6542e-010
17148	2.6064e-010
17149	2.2395e-010
17150	2.1558e-010
17151	2.3449e-010
17152	2.216e-010
17153	2.4821e-010
17154	2.5201e-010
17155	3.5545e-010
17156	5.7457e-010
17157	8.5388e-010
17158	7.9188e-010
17159	1.0406e-009
17160	1.2439e-009
17161	1.1664e-010
17162	9.4795e-011
17163	1.5271e-010
17164	2.0847e-010
17165	2.162e-010
17166	2.2107e-010
17167	2.2718e-010
17168	2.3365e-010
17169	2.3843e-010
17170	2.4503e-010
17171	2.5021e-010
17172	2.5535e-010
17173	2.6318e-010
17174	2.6725e-010
17175	2.7533e-010
17176	2.8015e-010
17177	2.8718e-010
17178	2.9397e-010
17179	3.0007e-010
17180	3.0828e-010
17181	3.1394e-010
17182	3.2275e-010
17183	3.2847e-010
17184	3.3747e-010
17185	3.4412e-010
17186	3.5257e-010
17187	3.6101e-010
17188	3.6782e-010
17189	3.786e-010
17190	3.8411e-010
17191	3.9547e-010
17192	4.0349e-010
17193	4.1134e-010
17194	4.2301e-010
17195	4.3115e-010
17196	4.4025e-010
17197	4.5188e-010
17198	4.6205e-010
17199	4.6963e-010
17200	4.8325e-010
17201	4.9346e-010
17202	5.0468e-010
17203	5.1409e-010
17204	5.2746e-010
17205	5.3916e-010
17206	5.5124e-010
17207	5.6345e-010
17208	5.762e-010
17209	5.8961e-010
17210	6.0204e-010
17211	6.1658e-010
17212	6.3034e-010
17213	6.4443e-010
17214	6.5887e-010
17215	6.7366e-010
17216	6.8992e-010
17217	7.0312e-010
17218	7.2115e-010
17219	7.3674e-010
17220	7.5339e-010
17221	7.7155e-010
17222	7.9004e-010
17223	8.0453e-010
17224	8.1897e-010
17225	8.4749e-010
17226	8.4901e-010
17227	8.2025e-010
17228	8.0608e-010
17229	7.9461e-010
17230	7.7692e-010
17231	7.5893e-010
17232	7.4287e-010
17233	7.2897e-010
17234	7.076e-010
17235	6.9943e-010
17236	6.8203e-010
17237	6.6767e-010
17238	6.5363e-010
17239	6.4047e-010
17240	6.2762e-010
17241	6.0964e-010
17242	6.0107e-010
17243	5.877e-010
17244	5.7534e-010
17245	5.6359e-010
17246	5.5396e-010
17247	5.4882e-010
17248	5.1891e-010
17249	5.2883e-010
17250	5.049e-010
17251	4.8777e-010
17252	4.8431e-010
17253	4.7799e-010
17254	4.6778e-010
17255	4.3931e-010
17256	4.3116e-010
17257	4.4254e-010
17258	4.111e-010
17259	4.0889e-010
17260	4.1908e-010
17261	3.9417e-010
17262	4.0897e-010
17263	3.6967e-010
17264	3.714e-010
17265	3.5275e-010
17266	3.4053e-010
17267	3.4516e-010
17268	3.2645e-010
17269	3.3377e-010
17270	3.1245e-010
17271	3.1574e-010
17272	2.9682e-010
17273	2.9372e-010
17274	2.8373e-010
17275	2.7017e-010
17276	2.8103e-010
17277	2.6525e-010
17278	2.6042e-010
17279	2.2366e-010
17280	2.1527e-010
17281	2.342e-010
17282	2.2133e-010
17283	2.4801e-010
17284	2.5185e-010
17285	3.5527e-010
17286	5.744e-010
17287	8.5389e-010
17288	7.9184e-010
17289	1.0406e-009
17290	1.2438e-009
17291	9.9236e-011
17292	7.9047e-011
17293	1.4168e-010
17294	1.9663e-010
17295	2.0263e-010
17296	2.0827e-010
17297	2.1434e-010
17298	2.1989e-010
17299	2.2351e-010
17300	2.3127e-010
17301	2.3596e-010
17302	2.4018e-010
17303	2.4848e-010
17304	2.5065e-010
17305	2.5983e-010
17306	2.6366e-010
17307	2.7056e-010
17308	2.7683e-010
17309	2.8236e-010
17310	2.9053e-010
17311	2.9501e-010
17312	3.0435e-010
17313	3.0863e-010
17314	3.1818e-010
17315	3.2364e-010
17316	3.3192e-010
17317	3.404e-010
17318	3.4527e-010
17319	3.575e-010
17320	3.6031e-010
17321	3.7309e-010
17322	3.8018e-010
17323	3.8624e-010
17324	3.9911e-010
17325	4.0575e-010
17326	4.1373e-010
17327	4.264e-010
17328	4.3528e-010
17329	4.4091e-010
17330	4.5512e-010
17331	4.6566e-010
17332	4.7511e-010
17333	4.8327e-010
17334	4.9626e-010
17335	5.0827e-010
17336	5.1969e-010
17337	5.3057e-010
17338	5.4239e-010
17339	5.5485e-010
17340	5.6656e-010
17341	5.8033e-010
17342	5.9354e-010
17343	6.0678e-010
17344	6.2043e-010
17345	6.3449e-010
17346	6.4936e-010
17347	6.6163e-010
17348	6.7799e-010
17349	6.9322e-010
17350	7.0922e-010
17351	7.2748e-010
17352	7.4418e-010
17353	7.556e-010
17354	7.6996e-010
17355	7.9894e-010
17356	8.0016e-010
17357	7.7073e-010
17358	7.5642e-010
17359	7.4834e-010
17360	7.3346e-010
17361	7.152e-010
17362	6.9936e-010
17363	6.8454e-010
17364	6.6531e-010
17365	6.5757e-010
17366	6.4291e-010
17367	6.29e-010
17368	6.1592e-010
17369	6.0354e-010
17370	5.9001e-010
17371	5.7265e-010
17372	5.645e-010
17373	5.5268e-010
17374	5.423e-010
17375	5.3525e-010
17376	5.2598e-010
17377	5.1393e-010
17378	4.8228e-010
17379	4.9739e-010
17380	4.8533e-010
17381	4.6083e-010
17382	4.5012e-010
17383	4.5131e-010
17384	4.5088e-010
17385	4.0687e-010
17386	4.0496e-010
17387	4.268e-010
17388	3.7703e-010
17389	3.8939e-010
17390	4.0434e-010
17391	3.5838e-010
17392	3.9785e-010
17393	3.379e-010
17394	3.5795e-010
17395	3.3441e-010
17396	3.1656e-010
17397	3.3061e-010
17398	3.0256e-010
17399	3.2023e-010
17400	2.9044e-010
17401	3.0117e-010
17402	2.7877e-010
17403	2.7829e-010
17404	2.6951e-010
17405	2.551e-010
17406	2.7022e-010
17407	2.4406e-010
17408	2.5079e-010
17409	2.089e-010
17410	2.0349e-010
17411	2.2747e-010
17412	2.0309e-010
17413	2.2023e-010
17414	2.5527e-010
17415	3.6147e-010
17416	5.4876e-010
17417	7.5597e-010
17418	6.6612e-010
17419	1.1336e-009
17420	8.9695e-010
17421	1.1674e-010
17422	9.4806e-011
17423	1.5275e-010
17424	2.0856e-010
17425	2.1627e-010
17426	2.2111e-010
17427	2.2722e-010
17428	2.3371e-010
17429	2.3853e-010
17430	2.4515e-010
17431	2.5035e-010
17432	2.5552e-010
17433	2.6338e-010
17434	2.6744e-010
17435	2.755e-010
17436	2.8027e-010
17437	2.873e-010
17438	2.9416e-010
17439	3.0025e-010
17440	3.0844e-010
17441	3.1409e-010
17442	3.2297e-010
17443	3.2875e-010
17444	3.3775e-010
17445	3.4432e-010
17446	3.5267e-010
17447	3.6113e-010
17448	3.6809e-010
17449	3.7899e-010
17450	3.8453e-010
17451	3.9578e-010
17452	4.0373e-010
17453	4.1159e-010
17454	4.2321e-010
17455	4.314e-010
17456	4.4061e-010
17457	4.5232e-010
17458	4.625e-010
17459	4.7001e-010
17460	4.8357e-010
17461	4.9385e-010
17462	5.052e-010
17463	5.1455e-010
17464	5.279e-010
17465	5.3957e-010
17466	5.5165e-010
17467	5.64e-010
17468	5.7678e-010
17469	5.9008e-010
17470	6.0242e-010
17471	6.1685e-010
17472	6.3072e-010
17473	6.4507e-010
17474	6.5958e-010
17475	6.7436e-010
17476	6.9064e-010
17477	7.0345e-010
17478	7.214e-010
17479	7.3707e-010
17480	7.5356e-010
17481	7.7172e-010
17482	7.9036e-010
17483	8.0471e-010
17484	8.1923e-010
17485	8.4759e-010
17486	8.4902e-010
17487	8.203e-010
17488	8.0606e-010
17489	7.9456e-010
17490	7.7698e-010
17491	7.5894e-010
17492	7.43e-010
17493	7.2898e-010
17494	7.0773e-010
17495	6.9958e-010
17496	6.8218e-010
17497	6.677e-010
17498	6.5366e-010
17499	6.4038e-010
17500	6.2756e-010
17501	6.0976e-010
17502	6.0113e-010
17503	5.8768e-010
17504	5.7531e-010
17505	5.6365e-010
17506	5.5407e-010
17507	5.4686e-010
17508	5.2041e-010
17509	5.2684e-010
17510	5.0482e-010
17511	4.8812e-010
17512	4.8503e-010
17513	4.7802e-010
17514	4.675e-010
17515	4.3898e-010
17516	4.308e-010
17517	4.4217e-010
17518	4.1066e-010
17519	4.0844e-010
17520	4.1858e-010
17521	3.9368e-010
17522	4.0853e-010
17523	3.6928e-010
17524	3.71e-010
17525	3.5237e-010
17526	3.4018e-010
17527	3.4485e-010
17528	3.2619e-010
17529	3.3353e-010
17530	3.1223e-010
17531	3.1555e-010
17532	2.9669e-010
17533	2.9363e-010
17534	2.8367e-010
17535	2.7014e-010
17536	2.8096e-010
17537	2.6512e-010
17538	2.6031e-010
17539	2.2347e-010
17540	2.1503e-010
17541	2.3402e-010
17542	2.2117e-010
17543	2.4782e-010
17544	2.5157e-010
17545	3.5512e-010
17546	5.7438e-010
17547	8.5389e-010
17548	7.9193e-010
17549	1.0405e-009
17550	1.2434e-009
17551	1.1674e-010
17552	9.4808e-011
17553	1.5275e-010
17554	2.0856e-010
17555	2.1627e-010
17556	2.2111e-010
17557	2.2722e-010
17558	2.3371e-010
17559	2.3853e-010
17560	2.4515e-010
17561	2.5035e-010
17562	2.5552e-010
17563	2.6338e-010
17564	2.6744e-010
17565	2.755e-010
17566	2.8027e-010
17567	2.873e-010
17568	2.9416e-010
17569	3.0024e-010
17570	3.0844e-010
17571	3.1409e-010
17572	3.2298e-010
17573	3.2875e-010
17574	3.3774e-010
17575	3.4432e-010
17576	3.5267e-010
17577	3.6113e-010
17578	3.6808e-010
17579	3.7899e-010
17580	3.8453e-010
17581	3.9578e-010
17582	4.0373e-010
17583	4.1159e-010
17584	4.2322e-010
17585	4.3141e-010
17586	4.4061e-010
17587	4.5232e-010
17588	4.6249e-010
17589	4.7001e-010
17590	4.8358e-010
17591	4.9385e-010
17592	5.0521e-010
17593	5.1455e-010
17594	5.279e-010
17595	5.3958e-010
17596	5.5164e-010
17597	5.6401e-010
17598	5.7677e-010
17599	5.9008e-010
17600	6.0243e-010
17601	6.1685e-010
17602	6.3072e-010
17603	6.4507e-010
17604	6.5958e-010
17605	6.7436e-010
17606	6.9064e-010
17607	7.0345e-010
17608	7.2141e-010
17609	7.3708e-010
17610	7.5356e-010
17611	7.7172e-010
17612	7.9036e-010
17613	8.0471e-010
17614	8.1923e-010
17615	8.4759e-010
17616	8.4902e-010
17617	8.203e-010
17618	8.0606e-010
17619	7.9456e-010
17620	7.7698e-010
17621	7.5894e-010
17622	7.43e-010
17623	7.2898e-010
17624	7.0773e-010
17625	6.9959e-010
17626	6.8218e-010
17627	6.6771e-010
17628	6.5366e-010
17629	6.4038e-010
17630	6.2755e-010
17631	6.0979e-010
17632	6.0114e-010
17633	5.877e-010
17634	5.7527e-010
17635	5.6375e-010
17636	5.5383e-010
17637	5.4659e-010
17638	5.1982e-010
17639	5.2656e-010
17640	5.046e-010
17641	4.8822e-010
17642	4.8709e-010
17643	4.7785e-010
17644	4.675e-010
17645	4.3904e-010
17646	4.3079e-010
17647	4.4218e-010
17648	4.1066e-010
17649	4.0844e-010
17650	4.1858e-010
17651	3.9368e-010
17652	4.0853e-010
17653	3.6928e-010
17654	3.7099e-010
17655	3.5237e-010
17656	3.4018e-010
17657	3.4485e-010
17658	3.2619e-010
17659	3.3353e-010
17660	3.1223e-010
17661	3.1555e-010
17662	2.9669e-010
17663	2.9363e-010
17664	2.8367e-010
17665	2.7014e-010
17666	2.8096e-010
17667	2.6512e-010
17668	2.6031e-010
17669	2.2347e-010
17670	2.1504e-010
17671	2.3402e-010
17672	2.2117e-010
17673	2.4783e-010
17674	2.5157e-010
17675	3.5512e-010
17676	5.7437e-010
17677	8.539e-010
17678	7.9193e-010
17679	1.0405e-009
17680	1.2434e-009
17681	9.924e-011
17682	7.9047e-011
17683	1.4167e-010
17684	1.9664e-010
17685	2.0262e-010
17686	2.0826e-010
17687	2.1433e-010
17688	2.199e-010
17689	2.2352e-010
17690	2.3126e-010
17691	2.3595e-010
17692	2.4019e-010
17693	2.4848e-010
17694	2.5066e-010
17695	2.5983e-010
17696	2.6366e-010
17697	2.7056e-010
17698	2.7683e-010
17699	2.8238e-010
17700	2.9052e-010
17701	2.9501e-010
17702	3.0435e-010
17703	3.0863e-010
17704	3.1818e-010
17705	3.2366e-010
17706	3.3191e-010
17707	3.4041e-010
17708	3.4527e-010
17709	3.575e-010
17710	3.6032e-010
17711	3.731e-010
17712	3.8017e-010
17713	3.8623e-010
17714	3.991e-010
17715	4.0574e-010
17716	4.1372e-010
17717	4.2642e-010
17718	4.3529e-010
17719	4.409e-010
17720	4.5512e-010
17721	4.6566e-010
17722	4.7511e-010
17723	4.8327e-010
17724	4.9625e-010
17725	5.0828e-010
17726	5.1971e-010
17727	5.3057e-010
17728	5.4237e-010
17729	5.5487e-010
17730	5.6655e-010
17731	5.8032e-010
17732	5.9352e-010
17733	6.0677e-010
17734	6.2042e-010
17735	6.3453e-010
17736	6.4933e-010
17737	6.6168e-010
17738	6.7803e-010
17739	6.9323e-010
17740	7.0925e-010
17741	7.2748e-010
17742	7.4417e-010
17743	7.5559e-010
17744	7.7002e-010
17745	7.9896e-010
17746	8.0014e-010
17747	7.7072e-010
17748	7.564e-010
17749	7.4831e-010
17750	7.3348e-010
17751	7.1519e-010
17752	6.9937e-010
17753	6.8453e-010
17754	6.6529e-010
17755	6.5757e-010
17756	6.4291e-010
17757	6.2901e-010
17758	6.1591e-010
17759	6.0355e-010
17760	5.9001e-010
17761	5.7266e-010
17762	5.645e-010
17763	5.5272e-010
17764	5.4233e-010
17765	5.3533e-010
17766	5.2601e-010
17767	5.1231e-010
17768	4.841e-010
17769	4.9574e-010
17770	4.853e-010
17771	4.6165e-010
17772	4.5095e-010
17773	4.5177e-010
17774	4.5084e-010
17775	4.0686e-010
17776	4.0495e-010
17777	4.2682e-010
17778	3.7704e-010
17779	3.8939e-010
17780	4.0434e-010
17781	3.5837e-010
17782	3.9786e-010
17783	3.3792e-010
17784	3.5797e-010
17785	3.344e-010
17786	3.1655e-010
17787	3.306e-010
17788	3.0255e-010
17789	3.2022e-010
17790	2.9043e-010
17791	3.0116e-010
17792	2.7877e-010
17793	2.7829e-010
17794	2.6951e-010
17795	2.551e-010
17796	2.7022e-010
17797	2.4406e-010
17798	2.5079e-010
17799	2.0889e-010
17800	2.0348e-010
17801	2.2746e-010
17802	2.0308e-010
17803	2.2022e-010
17804	2.5527e-010
17805	3.6146e-010
17806	5.4876e-010
17807	7.5597e-010
17808	6.6611e-010
17809	1.1336e-009
17810	8.9693e-010
17811	1.1663e-010
17812	9.4783e-011
17813	1.5271e-010
17814	2.0847e-010
17815	2.162e-010
17816	2.2107e-010
17817	2.2717e-010
17818	2.3365e-010
17819	2.3844e-010
17820	2.4502e-010
17821	2.502e-010
17822	2.5534e-010
17823	2.632e-010
17824	2.6724e-010
17825	2.7533e-010
17826	2.8015e-010
17827	2.8717e-010
17828	2.9397e-010
17829	3.0006e-010
17830	3.0828e-010
17831	3.1392e-010
17832	3.2275e-010
17833	3.2847e-010
17834	3.3748e-010
17835	3.4413e-010
17836	3.5257e-010
17837	3.61e-010
17838	3.6782e-010
17839	3.786e-010
17840	3.8411e-010
17841	3.9546e-010
17842	4.0349e-010
17843	4.1135e-010
17844	4.2302e-010
17845	4.3115e-010
17846	4.4025e-010
17847	4.5189e-010
17848	4.6205e-010
17849	4.6965e-010
17850	4.8324e-010
17851	4.9344e-010
17852	5.0468e-010
17853	5.141e-010
17854	5.2746e-010
17855	5.3917e-010
17856	5.5122e-010
17857	5.6347e-010
17858	5.7621e-010
17859	5.896e-010
17860	6.0208e-010
17861	6.1658e-010
17862	6.3032e-010
17863	6.4443e-010
17864	6.5887e-010
17865	6.7366e-010
17866	6.8993e-010
17867	7.0313e-010
17868	7.2114e-010
17869	7.3674e-010
17870	7.5337e-010
17871	7.7155e-010
17872	7.9005e-010
17873	8.0452e-010
17874	8.1897e-010
17875	8.475e-010
17876	8.4901e-010
17877	8.2026e-010
17878	8.0611e-010
17879	7.9459e-010
17880	7.7693e-010
17881	7.5892e-010
17882	7.4286e-010
17883	7.2896e-010
17884	7.0761e-010
17885	6.9943e-010
17886	6.8203e-010
17887	6.6766e-010
17888	6.5364e-010
17889	6.4049e-010
17890	6.2761e-010
17891	6.0971e-010
17892	6.0108e-010
17893	5.8768e-010
17894	5.7534e-010
17895	5.636e-010
17896	5.5434e-010
17897	5.4629e-010
17898	5.22e-010
17899	5.2629e-010
17900	5.0534e-010
17901	4.8749e-010
17902	4.8487e-010
17903	4.7768e-010
17904	4.6785e-010
17905	4.393e-010
17906	4.3116e-010
17907	4.4252e-010
17908	4.1111e-010
17909	4.089e-010
17910	4.1908e-010
17911	3.9417e-010
17912	4.0897e-010
17913	3.6967e-010
17914	3.7139e-010
17915	3.5275e-010
17916	3.4054e-010
17917	3.4514e-010
17918	3.2644e-010
17919	3.3377e-010
17920	3.1245e-010
17921	3.1575e-010
17922	2.9682e-010
17923	2.9372e-010
17924	2.8373e-010
17925	2.7016e-010
17926	2.8104e-010
17927	2.6524e-010
17928	2.6043e-010
17929	2.2366e-010
17930	2.1527e-010
17931	2.3419e-010
17932	2.2134e-010
17933	2.4802e-010
17934	2.5185e-010
17935	3.5528e-010
17936	5.744e-010
17937	8.5389e-010
17938	7.9184e-010
17939	1.0406e-009
17940	1.2438e-009
17941	1.1665e-010
17942	9.4749e-011
17943	1.5257e-010
17944	2.0828e-010
17945	2.1602e-010
17946	2.2091e-010
17947	2.2701e-010
17948	2.3342e-010
17949	2.3815e-010
17950	2.4473e-010
17951	2.4992e-010
17952	2.5508e-010
17953	2.6295e-010
17954	2.6701e-010
17955	2.7512e-010
17956	2.7994e-010
17957	2.8697e-010
17958	2.9375e-010
17959	2.9983e-010
17960	3.0804e-010
17961	3.137e-010
17962	3.2251e-010
17963	3.2822e-010
17964	3.3719e-010
17965	3.438e-010
17966	3.5222e-010
17967	3.6066e-010
17968	3.6749e-010
17969	3.7828e-010
17970	3.8374e-010
17971	3.951e-010
17972	4.0312e-010
17973	4.1092e-010
17974	4.2255e-010
17975	4.3065e-010
17976	4.3969e-010
17977	4.5139e-010
17978	4.6149e-010
17979	4.6927e-010
17980	4.827e-010
17981	4.9289e-010
17982	5.0403e-010
17983	5.1362e-010
17984	5.2701e-010
17985	5.3868e-010
17986	5.5078e-010
17987	5.6307e-010
17988	5.7573e-010
17989	5.8896e-010
17990	6.014e-010
17991	6.1593e-010
17992	6.2974e-010
17993	6.4398e-010
17994	6.5855e-010
17995	6.7319e-010
17996	6.8949e-010
17997	7.0269e-010
17998	7.207e-010
17999	7.3617e-010
18000	7.5295e-010
18001	7.7136e-010
18002	7.8983e-010
18003	8.0431e-010
18004	8.187e-010
18005	8.4715e-010
18006	8.4876e-010
18007	8.2007e-010
18008	8.0589e-010
18009	7.9445e-010
18010	7.7682e-010
18011	7.5885e-010
18012	7.4285e-010
18013	7.2881e-010
18014	7.0745e-010
18015	6.9938e-010
18016	6.8196e-010
18017	6.6765e-010
18018	6.5364e-010
18019	6.4039e-010
18020	6.2756e-010
18021	6.0975e-010
18022	6.0121e-010
18023	5.879e-010
18024	5.7553e-010
18025	5.6392e-010
18026	5.5434e-010
18027	5.4645e-010
18028	5.2089e-010
18029	5.265e-010
18030	5.0551e-010
18031	4.8726e-010
18032	4.8546e-010
18033	4.7708e-010
18034	4.6827e-010
18035	4.3983e-010
18036	4.3163e-010
18037	4.43e-010
18038	4.1156e-010
18039	4.0933e-010
18040	4.1949e-010
18041	3.9463e-010
18042	4.0943e-010
18043	3.7016e-010
18044	3.7181e-010
18045	3.5317e-010
18046	3.4101e-010
18047	3.4559e-010
18048	3.2681e-010
18049	3.3406e-010
18050	3.1273e-010
18051	3.1597e-010
18052	2.9703e-010
18053	2.9391e-010
18054	2.8389e-010
18055	2.7031e-010
18056	2.8118e-010
18057	2.6542e-010
18058	2.6065e-010
18059	2.2394e-010
18060	2.1558e-010
18061	2.3449e-010
18062	2.216e-010
18063	2.4821e-010
18064	2.5201e-010
18065	3.5545e-010
18066	5.7457e-010
18067	8.5386e-010
18068	7.9187e-010
18069	1.0406e-009
18070	1.2439e-009
18071	9.9087e-011
18072	7.8914e-011
18073	1.4143e-010
18074	1.9632e-010
18075	2.023e-010
18076	2.0794e-010
18077	2.1402e-010
18078	2.195e-010
18079	2.2307e-010
18080	2.3081e-010
18081	2.3553e-010
18082	2.3977e-010
18083	2.4809e-010
18084	2.5027e-010
18085	2.595e-010
18086	2.6332e-010
18087	2.7021e-010
18088	2.7647e-010
18089	2.8196e-010
18090	2.901e-010
18091	2.9461e-010
18092	3.04e-010
18093	3.0834e-010
18094	3.1777e-010
18095	3.2317e-010
18096	3.3136e-010
18097	3.3983e-010
18098	3.4466e-010
18099	3.5682e-010
18100	3.5951e-010
18101	3.7238e-010
18102	3.7947e-010
18103	3.8557e-010
18104	3.9843e-010
18105	4.05e-010
18106	4.1285e-010
18107	4.2557e-010
18108	4.3446e-010
18109	4.4038e-010
18110	4.5423e-010
18111	4.6451e-010
18112	4.7392e-010
18113	4.824e-010
18114	4.9558e-010
18115	5.0766e-010
18116	5.1911e-010
18117	5.3006e-010
18118	5.4174e-010
18119	5.538e-010
18120	5.6544e-010
18121	5.7902e-010
18122	5.9251e-010
18123	6.061e-010
18124	6.1979e-010
18125	6.3386e-010
18126	6.4846e-010
18127	6.607e-010
18128	6.7736e-010
18129	6.9221e-010
18130	7.0864e-010
18131	7.2716e-010
18132	7.4378e-010
18133	7.5507e-010
18134	7.6948e-010
18135	7.9845e-010
18136	7.9975e-010
18137	7.7053e-010
18138	7.5617e-010
18139	7.4817e-010
18140	7.3339e-010
18141	7.1511e-010
18142	6.9919e-010
18143	6.8418e-010
18144	6.6513e-010
18145	6.5734e-010
18146	6.4281e-010
18147	6.2893e-010
18148	6.1587e-010
18149	6.0331e-010
18150	5.8975e-010
18151	5.7252e-010
18152	5.6441e-010
18153	5.528e-010
18154	5.4249e-010
18155	5.3545e-010
18156	5.2628e-010
18157	5.1091e-010
18158	4.8539e-010
18159	4.9454e-010
18160	4.8572e-010
18161	4.5896e-010
18162	4.5295e-010
18163	4.4897e-010
18164	4.5152e-010
18165	4.0778e-010
18166	4.0578e-010
18167	4.2772e-010
18168	3.7782e-010
18169	3.9031e-010
18170	4.0536e-010
18171	3.5946e-010
18172	3.9884e-010
18173	3.3884e-010
18174	3.5884e-010
18175	3.3521e-010
18176	3.1737e-010
18177	3.3132e-010
18178	3.0318e-010
18179	3.2078e-010
18180	2.9096e-010
18181	3.016e-010
18182	2.7915e-010
18183	2.7857e-010
18184	2.6975e-010
18185	2.553e-010
18186	2.7051e-010
18187	2.4443e-010
18188	2.5118e-010
18189	2.093e-010
18190	2.0399e-010
18191	2.2789e-010
18192	2.0351e-010
18193	2.2055e-010
18194	2.5578e-010
18195	3.6198e-010
18196	5.4919e-010
18197	7.5599e-010
18198	6.6625e-010
18199	1.1339e-009
18200	8.971e-010
18201	1.1664e-010
18202	9.475e-011
18203	1.5257e-010
18204	2.0828e-010
18205	2.1602e-010
18206	2.2091e-010
18207	2.27e-010
18208	2.3342e-010
18209	2.3815e-010
18210	2.4473e-010
18211	2.4992e-010
18212	2.5508e-010
18213	2.6295e-010
18214	2.6701e-010
18215	2.7512e-010
18216	2.7994e-010
18217	2.8697e-010
18218	2.9375e-010
18219	2.9982e-010
18220	3.0805e-010
18221	3.137e-010
18222	3.2251e-010
18223	3.2822e-010
18224	3.3719e-010
18225	3.438e-010
18226	3.5222e-010
18227	3.6066e-010
18228	3.6749e-010
18229	3.7828e-010
18230	3.8374e-010
18231	3.951e-010
18232	4.0312e-010
18233	4.1092e-010
18234	4.2255e-010
18235	4.3064e-010
18236	4.3969e-010
18237	4.5139e-010
18238	4.614e-010
18239	4.6938e-010
18240	4.8258e-010
18241	4.9289e-010
18242	5.0404e-010
18243	5.1362e-010
18244	5.2701e-010
18245	5.3868e-010
18246	5.5079e-010
18247	5.6307e-010
18248	5.7573e-010
18249	5.8896e-010
18250	6.014e-010
18251	6.1593e-010
18252	6.2974e-010
18253	6.4398e-010
18254	6.5855e-010
18255	6.7319e-010
18256	6.8949e-010
18257	7.0269e-010
18258	7.207e-010
18259	7.362e-010
18260	7.5295e-010
18261	7.7135e-010
18262	7.8983e-010
18263	8.0431e-010
18264	8.187e-010
18265	8.4715e-010
18266	8.4876e-010
18267	8.2008e-010
18268	8.0589e-010
18269	7.9445e-010
18270	7.7682e-010
18271	7.5885e-010
18272	7.4284e-010
18273	7.2881e-010
18274	7.0745e-010
18275	6.9938e-010
18276	6.8197e-010
18277	6.6765e-010
18278	6.5364e-010
18279	6.4039e-010
18280	6.2756e-010
18281	6.0974e-010
18282	6.0123e-010
18283	5.8789e-010
18284	5.7556e-010
18285	5.6391e-010
18286	5.5443e-010
18287	5.4612e-010
18288	5.2173e-010
18289	5.2624e-010
18290	5.0566e-010
18291	4.8604e-010
18292	4.8629e-010
18293	4.7558e-010
18294	4.6834e-010
18295	4.3988e-010
18296	4.3163e-010
18297	4.4301e-010
18298	4.1156e-010
18299	4.0933e-010
18300	4.1949e-010
18301	3.9463e-010
18302	4.0942e-010
18303	3.7016e-010
18304	3.7181e-010
18305	3.5317e-010
18306	3.4101e-010
18307	3.4558e-010
18308	3.2681e-010
18309	3.3406e-010
18310	3.1273e-010
18311	3.1597e-010
18312	2.9703e-010
18313	2.939e-010
18314	2.8389e-010
18315	2.7031e-010
18316	2.8118e-010
18317	2.6542e-010
18318	2.6065e-010
18319	2.2394e-010
18320	2.1558e-010
18321	2.3449e-010
18322	2.216e-010
18323	2.4821e-010
18324	2.5201e-010
18325	3.5545e-010
18326	5.7457e-010
18327	8.5386e-010
18328	7.9187e-010
18329	1.0406e-009
18330	1.2439e-009
18331	1.1663e-010
18332	9.4784e-011
18333	1.5271e-010
18334	2.0847e-010
18335	2.162e-010
18336	2.2107e-010
18337	2.2717e-010
18338	2.3365e-010
18339	2.3844e-010
18340	2.4502e-010
18341	2.502e-010
18342	2.5534e-010
18343	2.632e-010
18344	2.6724e-010
18345	2.7533e-010
18346	2.8016e-010
18347	2.8718e-010
18348	2.9397e-010
18349	3.0006e-010
18350	3.0828e-010
18351	3.1392e-010
18352	3.2274e-010
18353	3.2847e-010
18354	3.3748e-010
18355	3.4413e-010
18356	3.5257e-010
18357	3.61e-010
18358	3.6782e-010
18359	3.786e-010
18360	3.8411e-010
18361	3.9546e-010
18362	4.0349e-010
18363	4.1135e-010
18364	4.2302e-010
18365	4.3115e-010
18366	4.4025e-010
18367	4.5191e-010
18368	4.6185e-010
18369	4.6984e-010
18370	4.8302e-010
18371	4.9349e-010
18372	5.0468e-010
18373	5.141e-010
18374	5.2746e-010
18375	5.3917e-010
18376	5.5122e-010
18377	5.6346e-010
18378	5.7621e-010
18379	5.896e-010
18380	6.0207e-010
18381	6.1657e-010
18382	6.3032e-010
18383	6.4443e-010
18384	6.5887e-010
18385	6.7364e-010
18386	6.8993e-010
18387	7.0312e-010
18388	7.2112e-010
18389	7.3674e-010
18390	7.5336e-010
18391	7.7155e-010
18392	7.9005e-010
18393	8.0453e-010
18394	8.1898e-010
18395	8.475e-010
18396	8.4902e-010
18397	8.2026e-010
18398	8.061e-010
18399	7.9458e-010
18400	7.7693e-010
18401	7.5892e-010
18402	7.4289e-010
18403	7.2897e-010
18404	7.0761e-010
18405	6.9943e-010
18406	6.8203e-010
18407	6.6765e-010
18408	6.5364e-010
18409	6.4049e-010
18410	6.2761e-010
18411	6.0969e-010
18412	6.0106e-010
18413	5.8771e-010
18414	5.7533e-010
18415	5.6369e-010
18416	5.5422e-010
18417	5.4569e-010
18418	5.2194e-010
18419	5.2573e-010
18420	5.053e-010
18421	4.8614e-010
18422	4.8633e-010
18423	4.7604e-010
18424	4.6791e-010
18425	4.3937e-010
18426	4.3117e-010
18427	4.4252e-010
18428	4.1111e-010
18429	4.0891e-010
18430	4.1908e-010
18431	3.9417e-010
18432	4.0897e-010
18433	3.6967e-010
18434	3.7139e-010
18435	3.5275e-010
18436	3.4053e-010
18437	3.4515e-010
18438	3.2644e-010
18439	3.3376e-010
18440	3.1245e-010
18441	3.1576e-010
18442	2.9682e-010
18443	2.9373e-010
18444	2.8373e-010
18445	2.7016e-010
18446	2.8104e-010
18447	2.6524e-010
18448	2.6043e-010
18449	2.2366e-010
18450	2.1527e-010
18451	2.342e-010
18452	2.2134e-010
18453	2.4802e-010
18454	2.5186e-010
18455	3.5528e-010
18456	5.744e-010
18457	8.5389e-010
18458	7.9184e-010
18459	1.0406e-009
18460	1.2438e-009
18461	9.9242e-011
18462	7.9047e-011
18463	1.4168e-010
18464	1.9664e-010
18465	2.0262e-010
18466	2.0826e-010
18467	2.1433e-010
18468	2.199e-010
18469	2.2352e-010
18470	2.3126e-010
18471	2.3595e-010
18472	2.4019e-010
18473	2.4847e-010
18474	2.5066e-010
18475	2.5982e-010
18476	2.6366e-010
18477	2.7055e-010
18478	2.7685e-010
18479	2.8237e-010
18480	2.9052e-010
18481	2.9502e-010
18482	3.0434e-010
18483	3.0863e-010
18484	3.1818e-010
18485	3.2366e-010
18486	3.319e-010
18487	3.4041e-010
18488	3.4526e-010
18489	3.575e-010
18490	3.6031e-010
18491	3.7311e-010
18492	3.8017e-010
18493	3.8623e-010
18494	3.991e-010
18495	4.0575e-010
18496	4.137e-010
18497	4.264e-010
18498	4.3511e-010
18499	4.4123e-010
18500	4.5491e-010
18501	4.6564e-010
18502	4.7514e-010
18503	4.8327e-010
18504	4.9627e-010
18505	5.0828e-010
18506	5.1971e-010
18507	5.3056e-010
18508	5.4237e-010
18509	5.5486e-010
18510	5.6658e-010
18511	5.8031e-010
18512	5.9351e-010
18513	6.0679e-010
18514	6.2041e-010
18515	6.3452e-010
18516	6.4932e-010
18517	6.6168e-010
18518	6.7803e-010
18519	6.9323e-010
18520	7.0924e-010
18521	7.2747e-010
18522	7.4421e-010
18523	7.5561e-010
18524	7.7e-010
18525	7.9894e-010
18526	8.0018e-010
18527	7.7073e-010
18528	7.564e-010
18529	7.4831e-010
18530	7.3351e-010
18531	7.1519e-010
18532	6.9939e-010
18533	6.8452e-010
18534	6.6531e-010
18535	6.5755e-010
18536	6.4291e-010
18537	6.2901e-010
18538	6.1592e-010
18539	6.0353e-010
18540	5.8999e-010
18541	5.7266e-010
18542	5.645e-010
18543	5.5267e-010
18544	5.4232e-010
18545	5.3539e-010
18546	5.2598e-010
18547	5.1076e-010
18548	4.8571e-010
18549	4.9417e-010
18550	4.8521e-010
18551	4.6116e-010
18552	4.4997e-010
18553	4.5154e-010
18554	4.5078e-010
18555	4.0687e-010
18556	4.0492e-010
18557	4.268e-010
18558	3.7704e-010
18559	3.8939e-010
18560	4.0434e-010
18561	3.5838e-010
18562	3.9786e-010
18563	3.3791e-010
18564	3.5796e-010
18565	3.344e-010
18566	3.1656e-010
18567	3.306e-010
18568	3.0256e-010
18569	3.2022e-010
18570	2.9043e-010
18571	3.0116e-010
18572	2.7878e-010
18573	2.7828e-010
18574	2.6951e-010
18575	2.551e-010
18576	2.7022e-010
18577	2.4406e-010
18578	2.5079e-010
18579	2.089e-010
18580	2.0347e-010
18581	2.2746e-010
18582	2.0307e-010
18583	2.2023e-010
18584	2.5527e-010
18585	3.6146e-010
18586	5.4878e-010
18587	7.5598e-010
18588	6.6611e-010
18589	1.1336e-009
18590	8.9693e-010
18591	1.1673e-010
18592	9.4808e-011
18593	1.5275e-010
18594	2.0855e-010
18595	2.1627e-010
18596	2.2111e-010
18597	2.2722e-010
18598	2.3371e-010
18599	2.3853e-010
18600	2.4514e-010
18601	2.5035e-010
18602	2.5552e-010
18603	2.6338e-010
18604	2.6744e-010
18605	2.755e-010
18606	2.8028e-010
18607	2.8729e-010
18608	2.9416e-010
18609	3.0025e-010
18610	3.0844e-010
18611	3.1409e-010
18612	3.2298e-010
18613	3.2875e-010
18614	3.3773e-010
18615	3.4432e-010
18616	3.5267e-010
18617	3.6113e-010
18618	3.6808e-010
18619	3.79e-010
18620	3.8453e-010
18621	3.9578e-010
18622	4.0373e-010
18623	4.1159e-010
18624	4.2321e-010
18625	4.3142e-010
18626	4.406e-010
18627	4.5237e-010
18628	4.6231e-010
18629	4.7024e-010
18630	4.8335e-010
18631	4.9389e-010
18632	5.052e-010
18633	5.1455e-010
18634	5.2791e-010
18635	5.3958e-010
18636	5.5164e-010
18637	5.6401e-010
18638	5.7678e-010
18639	5.9008e-010
18640	6.0242e-010
18641	6.1685e-010
18642	6.307e-010
18643	6.4504e-010
18644	6.5958e-010
18645	6.7434e-010
18646	6.9064e-010
18647	7.0345e-010
18648	7.2141e-010
18649	7.3708e-010
18650	7.5356e-010
18651	7.7172e-010
18652	7.9035e-010
18653	8.0471e-010
18654	8.1923e-010
18655	8.4759e-010
18656	8.4902e-010
18657	8.203e-010
18658	8.0604e-010
18659	7.9456e-010
18660	7.7698e-010
18661	7.5895e-010
18662	7.43e-010
18663	7.2897e-010
18664	7.0773e-010
18665	6.9961e-010
18666	6.8218e-010
18667	6.6771e-010
18668	6.5366e-010
18669	6.404e-010
18670	6.2755e-010
18671	6.0977e-010
18672	6.0111e-010
18673	5.8769e-010
18674	5.7531e-010
18675	5.6369e-010
18676	5.5423e-010
18677	5.4538e-010
18678	5.2135e-010
18679	5.2533e-010
18680	5.0508e-010
18681	4.8703e-010
18682	4.8514e-010
18683	4.7731e-010
18684	4.6762e-010
18685	4.3897e-010
18686	4.3079e-010
18687	4.4218e-010
18688	4.1067e-010
18689	4.0844e-010
18690	4.1858e-010
18691	3.9368e-010
18692	4.0852e-010
18693	3.6928e-010
18694	3.7099e-010
18695	3.5237e-010
18696	3.4019e-010
18697	3.4486e-010
18698	3.262e-010
18699	3.3354e-010
18700	3.1224e-010
18701	3.1555e-010
18702	2.9669e-010
18703	2.9364e-010
18704	2.8367e-010
18705	2.7013e-010
18706	2.8097e-010
18707	2.6511e-010
18708	2.6031e-010
18709	2.2347e-010
18710	2.1504e-010
18711	2.3402e-010
18712	2.2117e-010
18713	2.4783e-010
18714	2.5157e-010
18715	3.5512e-010
18716	5.7438e-010
18717	8.539e-010
18718	7.9192e-010
18719	1.0405e-009
18720	1.2434e-009
18721	5.4378e-011
18722	3.6366e-011
18723	9.7132e-011
18724	1.4934e-010
18725	1.4816e-010
18726	1.5671e-010
18727	1.6033e-010
18728	1.6002e-010
18729	1.7234e-010
18730	1.6935e-010
18731	1.7486e-010
18732	1.8274e-010
18733	1.8011e-010
18734	1.9279e-010
18735	1.8974e-010
18736	1.9849e-010
18737	2.0138e-010
18738	2.0571e-010
18739	2.1243e-010
18740	2.1434e-010
18741	2.2295e-010
18742	2.2424e-010
18743	2.3303e-010
18744	2.3526e-010
18745	2.4276e-010
18746	2.4734e-010
18747	2.5227e-010
18748	2.6081e-010
18749	2.625e-010
18750	2.7386e-010
18751	2.754e-010
18752	2.8297e-010
18753	2.914e-010
18754	2.9466e-010
18755	3.0335e-010
18756	3.1111e-010
18757	3.1591e-010
18758	3.2343e-010
18759	3.3374e-010
18760	3.3788e-010
18761	3.459e-010
18762	3.5374e-010
18763	3.6395e-010
18764	3.7001e-010
18765	3.7832e-010
18766	3.8684e-010
18767	3.959e-010
18768	4.0501e-010
18769	4.1394e-010
18770	4.2412e-010
18771	4.3268e-010
18772	4.4266e-010
18773	4.5276e-010
18774	4.63e-010
18775	4.7333e-010
18776	4.8308e-010
18777	4.9644e-010
18778	5.0585e-010
18779	5.1787e-010
18780	5.2917e-010
18781	5.3968e-010
18782	5.514e-010
18783	5.6738e-010
18784	5.8357e-010
18785	5.878e-010
18786	5.8742e-010
18787	5.8513e-010
18788	5.7041e-010
18789	5.5339e-010
18790	5.4195e-010
18791	5.3261e-010
18792	5.2192e-010
18793	5.098e-010
18794	5.0429e-010
18795	4.8699e-010
18796	4.7865e-010
18797	4.6846e-010
18798	4.5849e-010
18799	4.4839e-010
18800	4.3832e-010
18801	4.3368e-010
18802	4.2075e-010
18803	4.1334e-010
18804	4.0398e-010
18805	3.9267e-010
18806	3.8449e-010
18807	3.778e-010
18808	3.8556e-010
18809	3.6202e-010
18810	3.5188e-010
18811	3.2199e-010
18812	3.8068e-010
18813	3.2442e-010
18814	3.1056e-010
18815	3.2491e-010
18816	3.0869e-010
18817	2.8455e-010
18818	3.1376e-010
18819	2.8448e-010
18820	2.7005e-010
18821	3.1781e-010
18822	2.4895e-010
18823	2.8633e-010
18824	2.5167e-010
18825	2.5143e-010
18826	2.5283e-010
18827	2.2765e-010
18828	2.5145e-010
18829	2.1361e-010
18830	2.4214e-010
18831	2.0525e-010
18832	2.2387e-010
18833	2.0288e-010
18834	1.9866e-010
18835	2.0513e-010
18836	1.695e-010
18837	2.2031e-010
18838	1.4767e-010
18839	1.8316e-010
18840	1.4169e-010
18841	1.4448e-010
18842	2.3985e-010
18843	1.603e-010
18844	2.639e-010
18845	4.7187e-010
18846	5.88e-010
18847	6.3478e-010
18848	8.039e-010
18849	1.52e-009
18850	1.4155e-009
18851	1.1278e-010
18852	8.6379e-011
18853	1.3652e-010
18854	1.7911e-010
18855	1.7629e-010
18856	1.8786e-010
18857	1.9191e-010
18858	1.8983e-010
18859	2.0764e-010
18860	2.0116e-010
18861	2.0846e-010
18862	2.1957e-010
18863	2.1299e-010
18864	2.3238e-010
18865	2.2492e-010
18866	2.3785e-010
18867	2.4037e-010
18868	2.4526e-010
18869	2.5446e-010
18870	2.5485e-010
18871	2.675e-010
18872	2.6641e-010
18873	2.7948e-010
18874	2.7997e-010
18875	2.906e-010
18876	2.9547e-010
18877	3.0059e-010
18878	3.129e-010
18879	3.1119e-010
18880	3.2922e-010
18881	3.2738e-010
18882	3.3766e-010
18883	3.4952e-010
18884	3.5045e-010
18885	3.6254e-010
18886	3.7246e-010
18887	3.7605e-010
18888	3.85e-010
18889	4.0039e-010
18890	4.0225e-010
18891	4.127e-010
18892	4.218e-010
18893	4.3596e-010
18894	4.4153e-010
18895	4.5162e-010
18896	4.6151e-010
18897	4.7261e-010
18898	4.8355e-010
18899	4.9398e-010
18900	5.0698e-010
18901	5.1653e-010
18902	5.2847e-010
18903	5.4034e-010
18904	5.5248e-010
18905	5.65e-010
18906	5.759e-010
18907	5.9423e-010
18908	6.0385e-010
18909	6.1887e-010
18910	6.3262e-010
18911	6.4336e-010
18912	6.566e-010
18913	6.7898e-010
18914	7.025e-010
18915	6.9744e-010
18916	6.9636e-010
18917	7.0476e-010
18918	6.8402e-010
18919	6.5845e-010
18920	6.4495e-010
18921	6.3675e-010
18922	6.2408e-010
18923	6.0767e-010
18924	6.0621e-010
18925	5.7953e-010
18926	5.72e-010
18927	5.596e-010
18928	5.477e-010
18929	5.3548e-010
18930	5.2249e-010
18931	5.2115e-010
18932	5.0183e-010
18933	4.9481e-010
18934	4.8342e-010
18935	4.6733e-010
18936	4.5828e-010
18937	4.4679e-010
18938	4.7374e-010
18939	4.2825e-010
18940	4.1634e-010
18941	3.8285e-010
18942	4.6266e-010
18943	3.8102e-010
18944	3.6167e-010
18945	3.9906e-010
18946	3.7265e-010
18947	3.2439e-010
18948	3.899e-010
18949	3.3749e-010
18950	3.0625e-010
18951	4.0199e-010
18952	2.7356e-010
18953	3.5763e-010
18954	2.9153e-010
18955	2.9948e-010
18956	3.0854e-010
18957	2.6239e-010
18958	3.1174e-010
18959	2.4293e-010
18960	3.0039e-010
18961	2.3592e-010
18962	2.7434e-010
18963	2.4003e-010
18964	2.3707e-010
18965	2.5291e-010
18966	1.9158e-010
18967	2.8131e-010
18968	1.6395e-010
18969	2.3621e-010
18970	1.7591e-010
18971	1.6184e-010
18972	3.1418e-010
18973	1.781e-010
18974	2.9941e-010
18975	5.3771e-010
18976	6.9612e-010
18977	6.4844e-010
18978	9.4016e-010
18979	1.8664e-009
18980	1.6726e-009
18981	5.4351e-011
18982	3.6392e-011
18983	9.7121e-011
18984	1.493e-010
18985	1.4813e-010
18986	1.567e-010
18987	1.6032e-010
18988	1.6001e-010
18989	1.7229e-010
18990	1.693e-010
18991	1.7481e-010
18992	1.8267e-010
18993	1.8003e-010
18994	1.9268e-010
18995	1.8965e-010
18996	1.9843e-010
18997	2.0131e-010
18998	2.0558e-010
18999	2.1229e-010
19000	2.1426e-010
19001	2.2284e-010
19002	2.2412e-010
19003	2.3286e-010
19004	2.3509e-010
19005	2.4266e-010
19006	2.4736e-010
19007	2.5225e-010
19008	2.6063e-010
19009	2.6219e-010
19010	2.7354e-010
19011	2.752e-010
19012	2.8281e-010
19013	2.9124e-010
19014	2.9452e-010
19015	3.0322e-010
19016	3.1089e-010
19017	3.1564e-010
19018	3.2298e-010
19019	3.3357e-010
19020	3.3742e-010
19021	3.4558e-010
19022	3.5338e-010
19023	3.6363e-010
19024	3.6976e-010
19025	3.7813e-010
19026	3.866e-010
19027	3.9561e-010
19028	4.0471e-010
19029	4.1367e-010
19030	4.2383e-010
19031	4.3254e-010
19032	4.4242e-010
19033	4.5237e-010
19034	4.6249e-010
19035	4.7287e-010
19036	4.826e-010
19037	4.9619e-010
19038	5.0578e-010
19039	5.1768e-010
19040	5.291e-010
19041	5.3974e-010
19042	5.5129e-010
19043	5.673e-010
19044	5.8362e-010
19045	5.8786e-010
19046	5.8758e-010
19047	5.8528e-010
19048	5.7052e-010
19049	5.5348e-010
19050	5.4197e-010
19051	5.3253e-010
19052	5.2181e-010
19053	5.0968e-010
19054	5.0409e-010
19055	4.8675e-010
19056	4.7843e-010
19057	4.6828e-010
19058	4.5833e-010
19059	4.4823e-010
19060	4.3819e-010
19061	4.3326e-010
19062	4.2052e-010
19063	4.1312e-010
19064	4.038e-010
19065	3.9236e-010
19066	3.8444e-010
19067	3.7741e-010
19068	3.8583e-010
19069	3.6175e-010
19070	3.517e-010
19071	3.222e-010
19072	3.7822e-010
19073	3.2479e-010
19074	3.1036e-010
19075	3.2513e-010
19076	3.0892e-010
19077	2.8484e-010
19078	3.1414e-010
19079	2.8495e-010
19080	2.7055e-010
19081	3.1822e-010
19082	2.4943e-010
19083	2.8668e-010
19084	2.5206e-010
19085	2.5176e-010
19086	2.5315e-010
19087	2.2793e-010
19088	2.5166e-010
19089	2.1381e-010
19090	2.4229e-010
19091	2.0542e-010
19092	2.2399e-010
19093	2.0293e-010
19094	1.987e-010
19095	2.0516e-010
19096	1.6947e-010
19097	2.2049e-010
19098	1.477e-010
19099	1.8326e-010
19100	1.4188e-010
19101	1.4462e-010
19102	2.3964e-010
19103	1.6064e-010
19104	2.6444e-010
19105	4.724e-010
19106	5.8789e-010
19107	6.3486e-010
19108	8.0376e-010
19109	1.52e-009
19110	1.4162e-009
19111	5.4293e-011
19112	3.6277e-011
19113	9.6896e-011
19114	1.49e-010
19115	1.4782e-010
19116	1.564e-010
19117	1.6e-010
19118	1.5966e-010
19119	1.7192e-010
19120	1.689e-010
19121	1.7439e-010
19122	1.8225e-010
19123	1.7964e-010
19124	1.9233e-010
19125	1.8931e-010
19126	1.9811e-010
19127	2.0098e-010
19128	2.0522e-010
19129	2.1194e-010
19130	2.139e-010
19131	2.2251e-010
19132	2.2379e-010
19133	2.3255e-010
19134	2.3479e-010
19135	2.423e-010
19136	2.4693e-010
19137	2.5179e-010
19138	2.6021e-010
19139	2.6177e-010
19140	2.7309e-010
19141	2.7465e-010
19142	2.8227e-010
19143	2.9072e-010
19144	2.94e-010
19145	3.0256e-010
19146	3.1012e-010
19147	3.1487e-010
19148	3.2216e-010
19149	3.3316e-010
19150	3.3671e-010
19151	3.449e-010
19152	3.5258e-010
19153	3.6283e-010
19154	3.69e-010
19155	3.7733e-010
19156	3.8586e-010
19157	3.9498e-010
19158	4.04e-010
19159	4.1288e-010
19160	4.2297e-010
19161	4.3179e-010
19162	4.4159e-010
19163	4.516e-010
19164	4.6179e-010
19165	4.7213e-010
19166	4.8203e-010
19167	4.9559e-010
19168	5.0508e-010
19169	5.1705e-010
19170	5.2854e-010
19171	5.393e-010
19172	5.5092e-010
19173	5.6694e-010
19174	5.8316e-010
19175	5.873e-010
19176	5.8719e-010
19177	5.8498e-010
19178	5.7021e-010
19179	5.5318e-010
19180	5.4168e-010
19181	5.3235e-010
19182	5.2167e-010
19183	5.0948e-010
19184	5.0389e-010
19185	4.866e-010
19186	4.7821e-010
19187	4.6812e-010
19188	4.5821e-010
19189	4.4814e-010
19190	4.3817e-010
19191	4.3333e-010
19192	4.2067e-010
19193	4.133e-010
19194	4.0408e-010
19195	3.9277e-010
19196	3.8516e-010
19197	3.7658e-010
19198	3.9053e-010
19199	3.6119e-010
19200	3.5268e-010
19201	3.2277e-010
19202	3.7881e-010
19203	3.253e-010
19204	3.1102e-010
19205	3.2569e-010
19206	3.0944e-010
19207	2.8526e-010
19208	3.1449e-010
19209	2.8524e-010
19210	2.7087e-010
19211	3.1866e-010
19212	2.4986e-010
19213	2.8718e-010
19214	2.5258e-010
19215	2.5236e-010
19216	2.5378e-010
19217	2.285e-010
19218	2.5214e-010
19219	2.1421e-010
19220	2.4268e-010
19221	2.0576e-010
19222	2.2432e-010
19223	2.0325e-010
19224	1.9899e-010
19225	2.0546e-010
19226	1.6975e-010
19227	2.2079e-010
19228	1.4807e-010
19229	1.8363e-010
19230	1.4232e-010
19231	1.4499e-010
19232	2.3983e-010
19233	1.6081e-010
19234	2.6457e-010
19235	4.7254e-010
19236	5.881e-010
19237	6.3475e-010
19238	8.037e-010
19239	1.5201e-009
19240	1.4163e-009
19241	1.1267e-010
19242	8.6283e-011
19243	1.3632e-010
19244	1.7887e-010
19245	1.7611e-010
19246	1.8769e-010
19247	1.9171e-010
19248	1.8956e-010
19249	2.0727e-010
19250	2.0082e-010
19251	2.0815e-010
19252	2.1927e-010
19253	2.1272e-010
19254	2.3208e-010
19255	2.2466e-010
19256	2.376e-010
19257	2.4011e-010
19258	2.45e-010
19259	2.5418e-010
19260	2.5456e-010
19261	2.672e-010
19262	2.6613e-010
19263	2.7915e-010
19264	2.7956e-010
19265	2.9015e-010
19266	2.9501e-010
19267	3.0015e-010
19268	3.1244e-010
19269	3.1071e-010
19270	3.2872e-010
19271	3.2693e-010
19272	3.3719e-010
19273	3.4891e-010
19274	3.4985e-010
19275	3.6191e-010
19276	3.7172e-010
19277	3.7543e-010
19278	3.8412e-010
19279	4.0034e-010
19280	4.0131e-010
19281	4.1193e-010
19282	4.2096e-010
19283	4.3538e-010
19284	4.4104e-010
19285	4.5104e-010
19286	4.6098e-010
19287	4.7222e-010
19288	4.8296e-010
19289	4.9321e-010
19290	5.06e-010
19291	5.1567e-010
19292	5.2764e-010
19293	5.3994e-010
19294	5.5209e-010
19295	5.6446e-010
19296	5.7539e-010
19297	5.9362e-010
19298	6.031e-010
19299	6.1806e-010
19300	6.321e-010
19301	6.4316e-010
19302	6.5644e-010
19303	6.7877e-010
19304	7.0226e-010
19305	6.9718e-010
19306	6.9618e-010
19307	7.0465e-010
19308	6.8387e-010
19309	6.5849e-010
19310	6.45e-010
19311	6.3671e-010
19312	6.2403e-010
19313	6.0749e-010
19314	6.0604e-010
19315	5.7948e-010
19316	5.7198e-010
19317	5.5956e-010
19318	5.477e-010
19319	5.3537e-010
19320	5.224e-010
19321	5.2112e-010
19322	5.0195e-010
19323	4.9494e-010
19324	4.8358e-010
19325	4.6753e-010
19326	4.5926e-010
19327	4.443e-010
19328	4.8218e-010
19329	4.2612e-010
19330	4.1716e-010
19331	3.8425e-010
19332	4.6236e-010
19333	3.8246e-010
19334	3.6196e-010
19335	3.9988e-010
19336	3.7345e-010
19337	3.2514e-010
19338	3.9076e-010
19339	3.3831e-010
19340	3.0708e-010
19341	4.0289e-010
19342	2.7429e-010
19343	3.5847e-010
19344	2.9213e-010
19345	3.0008e-010
19346	3.0922e-010
19347	2.6288e-010
19348	3.1233e-010
19349	2.433e-010
19350	3.0087e-010
19351	2.3619e-010
19352	2.7469e-010
19353	2.4022e-010
19354	2.3719e-010
19355	2.5313e-010
19356	1.916e-010
19357	2.8176e-010
19358	1.6409e-010
19359	2.3669e-010
19360	1.7636e-010
19361	1.6221e-010
19362	3.144e-010
19363	1.783e-010
19364	2.997e-010
19365	5.3802e-010
19366	6.9633e-010
19367	6.4807e-010
19368	9.3994e-010
19369	1.8666e-009
19370	1.6729e-009
19371	5.4294e-011
19372	3.6278e-011
19373	9.6896e-011
19374	1.49e-010
19375	1.4782e-010
19376	1.564e-010
19377	1.6001e-010
19378	1.5966e-010
19379	1.7192e-010
19380	1.689e-010
19381	1.7439e-010
19382	1.8224e-010
19383	1.7965e-010
19384	1.9232e-010
19385	1.8931e-010
19386	1.9811e-010
19387	2.0098e-010
19388	2.0522e-010
19389	2.1194e-010
19390	2.1389e-010
19391	2.2251e-010
19392	2.2378e-010
19393	2.3256e-010
19394	2.3479e-010
19395	2.423e-010
19396	2.4693e-010
19397	2.5179e-010
19398	2.6021e-010
19399	2.6177e-010
19400	2.7309e-010
19401	2.7467e-010
19402	2.8227e-010
19403	2.9071e-010
19404	2.94e-010
19405	3.0256e-010
19406	3.1012e-010
19407	3.1487e-010
19408	3.2214e-010
19409	3.3312e-010
19410	3.3671e-010
19411	3.4491e-010
19412	3.5257e-010
19413	3.6284e-010
19414	3.69e-010
19415	3.7733e-010
19416	3.8586e-010
19417	3.95e-010
19418	4.0399e-010
19419	4.1287e-010
19420	4.2297e-010
19421	4.3178e-010
19422	4.4159e-010
19423	4.516e-010
19424	4.6179e-010
19425	4.7213e-010
19426	4.8203e-010
19427	4.9561e-010
19428	5.0509e-010
19429	5.1705e-010
19430	5.2856e-010
19431	5.3931e-010
19432	5.5094e-010
19433	5.6694e-010
19434	5.8316e-010
19435	5.8732e-010
19436	5.8719e-010
19437	5.8498e-010
19438	5.7021e-010
19439	5.5318e-010
19440	5.4167e-010
19441	5.3234e-010
19442	5.2166e-010
19443	5.0948e-010
19444	5.0392e-010
19445	4.866e-010
19446	4.7821e-010
19447	4.6812e-010
19448	4.5822e-010
19449	4.4814e-010
19450	4.3812e-010
19451	4.3347e-010
19452	4.2061e-010
19453	4.1329e-010
19454	4.0412e-010
19455	3.9277e-010
19456	3.8544e-010
19457	3.758e-010
19458	3.9274e-010
19459	3.6052e-010
19460	3.5298e-010
19461	3.2276e-010
19462	3.7875e-010
19463	3.2529e-010
19464	3.11e-010
19465	3.257e-010
19466	3.0942e-010
19467	2.8526e-010
19468	3.1449e-010
19469	2.8524e-010
19470	2.7087e-010
19471	3.1865e-010
19472	2.4986e-010
19473	2.8718e-010
19474	2.5259e-010
19475	2.5237e-010
19476	2.5377e-010
19477	2.285e-010
19478	2.5214e-010
19479	2.1421e-010
19480	2.4268e-010
19481	2.0576e-010
19482	2.2432e-010
19483	2.0325e-010
19484	1.9898e-010
19485	2.0546e-010
19486	1.6975e-010
19487	2.2079e-010
19488	1.4807e-010
19489	1.8363e-010
19490	1.4232e-010
19491	1.4499e-010
19492	2.3983e-010
19493	1.608e-010
19494	2.6457e-010
19495	4.7253e-010
19496	5.881e-010
19497	6.3475e-010
19498	8.037e-010
19499	1.5201e-009
19500	1.4162e-009
19501	5.4342e-011
19502	3.6396e-011
19503	9.7119e-011
19504	1.4929e-010
19505	1.4813e-010
19506	1.567e-010
19507	1.6033e-010
19508	1.6e-010
19509	1.7228e-010
19510	1.693e-010
19511	1.7481e-010
19512	1.8267e-010
19513	1.8002e-010
19514	1.9268e-010
19515	1.8964e-010
19516	1.9843e-010
19517	2.0131e-010
19518	2.0558e-010
19519	2.123e-010
19520	2.1424e-010
19521	2.2285e-010
19522	2.2411e-010
19523	2.3286e-010
19524	2.3509e-010
19525	2.4266e-010
19526	2.4736e-010
19527	2.5226e-010
19528	2.6062e-010
19529	2.6219e-010
19530	2.7353e-010
19531	2.7519e-010
19532	2.8281e-010
19533	2.9123e-010
19534	2.9451e-010
19535	3.0322e-010
19536	3.1089e-010
19537	3.1565e-010
19538	3.229e-010
19539	3.338e-010
19540	3.3732e-010
19541	3.4558e-010
19542	3.5339e-010
19543	3.6363e-010
19544	3.6976e-010
19545	3.7813e-010
19546	3.8658e-010
19547	3.9562e-010
19548	4.0469e-010
19549	4.1366e-010
19550	4.2382e-010
19551	4.3252e-010
19552	4.424e-010
19553	4.5236e-010
19554	4.6249e-010
19555	4.7286e-010
19556	4.8262e-010
19557	4.9617e-010
19558	5.0578e-010
19559	5.1767e-010
19560	5.2908e-010
19561	5.3973e-010
19562	5.5131e-010
19563	5.6728e-010
19564	5.836e-010
19565	5.8785e-010
19566	5.8757e-010
19567	5.8526e-010
19568	5.7052e-010
19569	5.535e-010
19570	5.42e-010
19571	5.3256e-010
19572	5.2182e-010
19573	5.0966e-010
19574	5.0415e-010
19575	4.8674e-010
19576	4.7845e-010
19577	4.6828e-010
19578	4.5831e-010
19579	4.4824e-010
19580	4.3812e-010
19581	4.3342e-010
19582	4.2045e-010
19583	4.1311e-010
19584	4.0382e-010
19585	3.9243e-010
19586	3.8508e-010
19587	3.7542e-010
19588	3.9232e-010
19589	3.6002e-010
19590	3.5234e-010
19591	3.221e-010
19592	3.7812e-010
19593	3.2464e-010
19594	3.104e-010
19595	3.2515e-010
19596	3.0891e-010
19597	2.8485e-010
19598	3.1412e-010
19599	2.8494e-010
19600	2.7055e-010
19601	3.1822e-010
19602	2.4943e-010
19603	2.8667e-010
19604	2.5206e-010
19605	2.5178e-010
19606	2.5314e-010
19607	2.2793e-010
19608	2.5165e-010
19609	2.1382e-010
19610	2.423e-010
19611	2.0543e-010
19612	2.2399e-010
19613	2.0294e-010
19614	1.987e-010
19615	2.0516e-010
19616	1.6948e-010
19617	2.2048e-010
19618	1.4769e-010
19619	1.8325e-010
19620	1.4188e-010
19621	1.4463e-010
19622	2.3965e-010
19623	1.6064e-010
19624	2.6443e-010
19625	4.7241e-010
19626	5.8788e-010
19627	6.3487e-010
19628	8.0377e-010
19629	1.52e-009
19630	1.4163e-009
19631	1.128e-010
19632	8.6378e-011
19633	1.3652e-010
19634	1.7911e-010
19635	1.7628e-010
19636	1.8786e-010
19637	1.9191e-010
19638	1.8984e-010
19639	2.0764e-010
19640	2.0116e-010
19641	2.0846e-010
19642	2.1957e-010
19643	2.1299e-010
19644	2.3238e-010
19645	2.2492e-010
19646	2.3785e-010
19647	2.4036e-010
19648	2.4526e-010
19649	2.5446e-010
19650	2.5484e-010
19651	2.6749e-010
19652	2.6642e-010
19653	2.7948e-010
19654	2.7996e-010
19655	2.906e-010
19656	2.9547e-010
19657	3.0059e-010
19658	3.1291e-010
19659	3.1119e-010
19660	3.2923e-010
19661	3.2738e-010
19662	3.3766e-010
19663	3.4952e-010
19664	3.5045e-010
19665	3.6255e-010
19666	3.7248e-010
19667	3.761e-010
19668	3.8469e-010
19669	4.011e-010
19670	4.0191e-010
19671	4.1275e-010
19672	4.2182e-010
19673	4.3596e-010
19674	4.4152e-010
19675	4.5163e-010
19676	4.615e-010
19677	4.7262e-010
19678	4.8355e-010
19679	4.9397e-010
19680	5.0698e-010
19681	5.1652e-010
19682	5.2846e-010
19683	5.4035e-010
19684	5.5247e-010
19685	5.6501e-010
19686	5.7591e-010
19687	5.9422e-010
19688	6.0386e-010
19689	6.1887e-010
19690	6.3261e-010
19691	6.4337e-010
19692	6.566e-010
19693	6.7899e-010
19694	7.0248e-010
19695	6.9744e-010
19696	6.9636e-010
19697	7.0477e-010
19698	6.8403e-010
19699	6.5845e-010
19700	6.4496e-010
19701	6.3675e-010
19702	6.2408e-010
19703	6.0765e-010
19704	6.0619e-010
19705	5.7953e-010
19706	5.72e-010
19707	5.5959e-010
19708	5.4772e-010
19709	5.3546e-010
19710	5.2252e-010
19711	5.2111e-010
19712	5.0185e-010
19713	4.9481e-010
19714	4.8344e-010
19715	4.6738e-010
19716	4.5906e-010
19717	4.4422e-010
19718	4.8259e-010
19719	4.2594e-010
19720	4.168e-010
19721	3.8384e-010
19722	4.6172e-010
19723	3.8197e-010
19724	3.6136e-010
19725	3.9909e-010
19726	3.7264e-010
19727	3.2439e-010
19728	3.8991e-010
19729	3.3749e-010
19730	3.0625e-010
19731	4.02e-010
19732	2.7356e-010
19733	3.5763e-010
19734	2.9153e-010
19735	2.9948e-010
19736	3.0854e-010
19737	2.6239e-010
19738	3.1174e-010
19739	2.4293e-010
19740	3.0039e-010
19741	2.3592e-010
19742	2.7434e-010
19743	2.4004e-010
19744	2.3707e-010
19745	2.5291e-010
19746	1.9158e-010
19747	2.8131e-010
19748	1.6395e-010
19749	2.3621e-010
19750	1.7591e-010
19751	1.6184e-010
19752	3.1417e-010
19753	1.781e-010
19754	2.9941e-010
19755	5.377e-010
19756	6.9612e-010
19757	6.4844e-010
19758	9.4016e-010
19759	1.8664e-009
19760	1.6726e-009
19761	5.4386e-011
19762	3.6368e-011
19763	9.7127e-011
19764	1.4935e-010
19765	1.4816e-010
19766	1.567e-010
19767	1.6033e-010
19768	1.6003e-010
19769	1.7234e-010
19770	1.6934e-010
19771	1.7486e-010
19772	1.8273e-010
19773	1.8012e-010
19774	1.9279e-010
19775	1.8975e-010
19776	1.9849e-010
19777	2.0139e-010
19778	2.0569e-010
19779	2.1243e-010
19780	2.1434e-010
19781	2.2294e-010
19782	2.2425e-010
19783	2.3304e-010
19784	2.3527e-010
19785	2.4277e-010
19786	2.4735e-010
19787	2.5226e-010
19788	2.6081e-010
19789	2.625e-010
19790	2.7385e-010
19791	2.7539e-010
19792	2.8296e-010
19793	2.9141e-010
19794	2.9466e-010
19795	3.0335e-010
19796	3.111e-010
19797	3.1594e-010
19798	3.2321e-010
19799	3.3415e-010
19800	3.3762e-010
19801	3.4595e-010
19802	3.5376e-010
19803	3.6394e-010
19804	3.7e-010
19805	3.7834e-010
19806	3.8682e-010
19807	3.9591e-010
19808	4.0499e-010
19809	4.1391e-010
19810	4.2411e-010
19811	4.3268e-010
19812	4.4266e-010
19813	4.5277e-010
19814	4.6298e-010
19815	4.7334e-010
19816	4.8309e-010
19817	4.9641e-010
19818	5.0585e-010
19819	5.1788e-010
19820	5.2918e-010
19821	5.3972e-010
19822	5.5138e-010
19823	5.6742e-010
19824	5.8356e-010
19825	5.8778e-010
19826	5.8741e-010
19827	5.8515e-010
19828	5.704e-010
19829	5.5338e-010
19830	5.4196e-010
19831	5.3261e-010
19832	5.2193e-010
19833	5.0982e-010
19834	5.0425e-010
19835	4.87e-010
19836	4.7867e-010
19837	4.6846e-010
19838	4.5848e-010
19839	4.484e-010
19840	4.3834e-010
19841	4.3369e-010
19842	4.2077e-010
19843	4.1332e-010
19844	4.0402e-010
19845	3.9257e-010
19846	3.8524e-010
19847	3.7572e-010
19848	3.9059e-010
19849	3.6015e-010
19850	3.5235e-010
19851	3.22e-010
19852	3.7802e-010
19853	3.246e-010
19854	3.103e-010
19855	3.2491e-010
19856	3.0866e-010
19857	2.8455e-010
19858	3.1377e-010
19859	2.8447e-010
19860	2.7003e-010
19861	3.178e-010
19862	2.4895e-010
19863	2.8634e-010
19864	2.5167e-010
19865	2.5142e-010
19866	2.5284e-010
19867	2.2764e-010
19868	2.5146e-010
19869	2.1361e-010
19870	2.4213e-010
19871	2.0527e-010
19872	2.2386e-010
19873	2.0289e-010
19874	1.9865e-010
19875	2.0513e-010
19876	1.6949e-010
19877	2.2032e-010
19878	1.4766e-010
19879	1.8316e-010
19880	1.4168e-010
19881	1.4449e-010
19882	2.3984e-010
19883	1.603e-010
19884	2.639e-010
19885	4.7187e-010
19886	5.8799e-010
19887	6.3479e-010
19888	8.0391e-010
19889	1.52e-009
19890	1.4155e-009
19891	5.4389e-011
19892	3.6368e-011
19893	9.7127e-011
19894	1.4935e-010
19895	1.4816e-010
19896	1.567e-010
19897	1.6033e-010
19898	1.6004e-010
19899	1.7234e-010
19900	1.6934e-010
19901	1.7486e-010
19902	1.8273e-010
19903	1.8013e-010
19904	1.9279e-010
19905	1.8976e-010
19906	1.9849e-010
19907	2.0138e-010
19908	2.0569e-010
19909	2.1242e-010
19910	2.1434e-010
19911	2.2294e-010
19912	2.2425e-010
19913	2.3303e-010
19914	2.3526e-010
19915	2.4277e-010
19916	2.4735e-010
19917	2.5226e-010
19918	2.608e-010
19919	2.6249e-010
19920	2.7385e-010
19921	2.7541e-010
19922	2.8296e-010
19923	2.9141e-010
19924	2.9466e-010
19925	3.0335e-010
19926	3.111e-010
19927	3.1594e-010
19928	3.2319e-010
19929	3.3415e-010
19930	3.3762e-010
19931	3.4595e-010
19932	3.5376e-010
19933	3.6394e-010
19934	3.7e-010
19935	3.7834e-010
19936	3.8682e-010
19937	3.959e-010
19938	4.0499e-010
19939	4.1391e-010
19940	4.2411e-010
19941	4.3268e-010
19942	4.4265e-010
19943	4.5277e-010
19944	4.6297e-010
19945	4.7333e-010
19946	4.8309e-010
19947	4.9641e-010
19948	5.0585e-010
19949	5.1788e-010
19950	5.2918e-010
19951	5.3971e-010
19952	5.5137e-010
19953	5.6741e-010
19954	5.8356e-010
19955	5.8778e-010
19956	5.8741e-010
19957	5.8515e-010
19958	5.704e-010
19959	5.5337e-010
19960	5.4195e-010
19961	5.326e-010
19962	5.2192e-010
19963	5.0981e-010
19964	5.0425e-010
19965	4.8701e-010
19966	4.7867e-010
19967	4.6846e-010
19968	4.5848e-010
19969	4.4841e-010
19970	4.3835e-010
19971	4.3368e-010
19972	4.2075e-010
19973	4.1333e-010
19974	4.0403e-010
19975	3.9257e-010
19976	3.8534e-010
19977	3.7536e-010
19978	3.9073e-010
19979	3.5982e-010
19980	3.5243e-010
19981	3.2199e-010
19982	3.7802e-010
19983	3.2462e-010
19984	3.1028e-010
19985	3.2489e-010
19986	3.0867e-010
19987	2.8455e-010
19988	3.1378e-010
19989	2.8448e-010
19990	2.7003e-010
19991	3.178e-010
19992	2.4895e-010
19993	2.8634e-010
19994	2.5167e-010
19995	2.5143e-010
19996	2.5284e-010
19997	2.2764e-010
19998	2.5146e-010
19999	2.1361e-010
20000	2.4213e-010
20001	2.0527e-010
20002	2.2386e-010
20003	2.0289e-010
20004	1.9867e-010
20005	2.0513e-010
20006	1.6949e-010
20007	2.2032e-010
20008	1.4766e-010
20009	1.8316e-010
20010	1.4169e-010
20011	1.4449e-010
20012	2.3984e-010
20013	1.603e-010
20014	2.6391e-010
20015	4.7187e-010
20016	5.8799e-010
20017	6.3479e-010
20018	8.0391e-010
20019	1.52e-009
20020	1.4155e-009
20021	1.128e-010
20022	8.6382e-011
20023	1.3653e-010
20024	1.7911e-010
20025	1.7628e-010
20026	1.8786e-010
20027	1.9191e-010
20028	1.8984e-010
20029	2.0763e-010
20030	2.0116e-010
20031	2.0846e-010
20032	2.1957e-010
20033	2.1299e-010
20034	2.3238e-010
20035	2.2492e-010
20036	2.3785e-010
20037	2.4036e-010
20038	2.4526e-010
20039	2.5446e-010
20040	2.5485e-010
20041	2.6749e-010
20042	2.6641e-010
20043	2.7948e-010
20044	2.7996e-010
20045	2.906e-010
20046	2.9547e-010
20047	3.0059e-010
20048	3.1291e-010
20049	3.1119e-010
20050	3.2922e-010
20051	3.2738e-010
20052	3.3766e-010
20053	3.4952e-010
20054	3.5045e-010
20055	3.6255e-010
20056	3.7248e-010
20057	3.761e-010
20058	3.8469e-010
20059	4.0111e-010
20060	4.0191e-010
20061	4.1275e-010
20062	4.2182e-010
20063	4.3596e-010
20064	4.4152e-010
20065	4.5162e-010
20066	4.615e-010
20067	4.7262e-010
20068	4.8355e-010
20069	4.9398e-010
20070	5.0699e-010
20071	5.1652e-010
20072	5.2846e-010
20073	5.4035e-010
20074	5.5247e-010
20075	5.6501e-010
20076	5.759e-010
20077	5.9423e-010
20078	6.0387e-010
20079	6.1885e-010
20080	6.3261e-010
20081	6.4335e-010
20082	6.566e-010
20083	6.7899e-010
20084	7.0249e-010
20085	6.9744e-010
20086	6.9636e-010
20087	7.0476e-010
20088	6.8403e-010
20089	6.5845e-010
20090	6.4496e-010
20091	6.3674e-010
20092	6.2408e-010
20093	6.0765e-010
20094	6.062e-010
20095	5.7953e-010
20096	5.72e-010
20097	5.596e-010
20098	5.4771e-010
20099	5.3547e-010
20100	5.2247e-010
20101	5.2116e-010
20102	5.018e-010
20103	4.9481e-010
20104	4.8346e-010
20105	4.6729e-010
20106	4.5923e-010
20107	4.4387e-010
20108	4.8255e-010
20109	4.2559e-010
20110	4.1694e-010
20111	3.8377e-010
20112	4.6177e-010
20113	3.8195e-010
20114	3.6136e-010
20115	3.9909e-010
20116	3.7263e-010
20117	3.2439e-010
20118	3.899e-010
20119	3.375e-010
20120	3.0625e-010
20121	4.02e-010
20122	2.7356e-010
20123	3.5763e-010
20124	2.9153e-010
20125	2.9948e-010
20126	3.0853e-010
20127	2.6239e-010
20128	3.1174e-010
20129	2.4293e-010
20130	3.0039e-010
20131	2.3591e-010
20132	2.7435e-010
20133	2.4004e-010
20134	2.3707e-010
20135	2.5291e-010
20136	1.9158e-010
20137	2.8131e-010
20138	1.6395e-010
20139	2.3621e-010
20140	1.7591e-010
20141	1.6184e-010
20142	3.1417e-010
20143	1.781e-010
20144	2.9941e-010
20145	5.377e-010
20146	6.9612e-010
20147	6.4844e-010
20148	9.4015e-010
20149	1.8664e-009
20150	1.6726e-009
20151	5.4343e-011
20152	3.6397e-011
20153	9.7121e-011
20154	1.4929e-010
20155	1.4814e-010
20156	1.567e-010
20157	1.6032e-010
20158	1.6e-010
20159	1.7229e-010
20160	1.693e-010
20161	1.748e-010
20162	1.8266e-010
20163	1.8003e-010
20164	1.9267e-010
20165	1.8964e-010
20166	1.9842e-010
20167	2.0131e-010
20168	2.0558e-010
20169	2.1229e-010
20170	2.1425e-010
20171	2.2285e-010
20172	2.2411e-010
20173	2.3286e-010
20174	2.3509e-010
20175	2.4266e-010
20176	2.4736e-010
20177	2.5226e-010
20178	2.6063e-010
20179	2.6219e-010
20180	2.7353e-010
20181	2.7519e-010
20182	2.8281e-010
20183	2.9123e-010
20184	2.9451e-010
20185	3.0323e-010
20186	3.1089e-010
20187	3.1565e-010
20188	3.229e-010
20189	3.3381e-010
20190	3.3732e-010
20191	3.4558e-010
20192	3.5338e-010
20193	3.6366e-010
20194	3.6975e-010
20195	3.7813e-010
20196	3.8662e-010
20197	3.9562e-010
20198	4.047e-010
20199	4.1366e-010
20200	4.2384e-010
20201	4.325e-010
20202	4.4242e-010
20203	4.5238e-010
20204	4.6248e-010
20205	4.7287e-010
20206	4.8262e-010
20207	4.9619e-010
20208	5.0581e-010
20209	5.1766e-010
20210	5.2911e-010
20211	5.3972e-010
20212	5.5129e-010
20213	5.6731e-010
20214	5.8359e-010
20215	5.8786e-010
20216	5.8755e-010
20217	5.8524e-010
20218	5.7051e-010
20219	5.535e-010
20220	5.42e-010
20221	5.3258e-010
20222	5.2183e-010
20223	5.0968e-010
20224	5.0416e-010
20225	4.8677e-010
20226	4.7844e-010
20227	4.6828e-010
20228	4.5833e-010
20229	4.4825e-010
20230	4.3812e-010
20231	4.3344e-010
20232	4.2043e-010
20233	4.1311e-010
20234	4.0381e-010
20235	3.924e-010
20236	3.8524e-010
20237	3.749e-010
20238	3.9284e-010
20239	3.5949e-010
20240	3.5253e-010
20241	3.2207e-010
20242	3.7817e-010
20243	3.2464e-010
20244	3.104e-010
20245	3.2512e-010
20246	3.0892e-010
20247	2.8484e-010
20248	3.1412e-010
20249	2.8493e-010
20250	2.7057e-010
20251	3.1821e-010
20252	2.4944e-010
20253	2.8668e-010
20254	2.5205e-010
20255	2.5177e-010
20256	2.5315e-010
20257	2.2792e-010
20258	2.5166e-010
20259	2.1383e-010
20260	2.4229e-010
20261	2.0542e-010
20262	2.2399e-010
20263	2.0294e-010
20264	1.9871e-010
20265	2.0516e-010
20266	1.6948e-010
20267	2.2048e-010
20268	1.4769e-010
20269	1.8326e-010
20270	1.4188e-010
20271	1.4464e-010
20272	2.3965e-010
20273	1.6064e-010
20274	2.6444e-010
20275	4.7242e-010
20276	5.8791e-010
20277	6.3487e-010
20278	8.0376e-010
20279	1.52e-009
20280	1.4163e-009
20281	5.4295e-011
20282	3.6279e-011
20283	9.6892e-011
20284	1.49e-010
20285	1.4783e-010
20286	1.5639e-010
20287	1.6e-010
20288	1.5966e-010
20289	1.7192e-010
20290	1.689e-010
20291	1.7441e-010
20292	1.8224e-010
20293	1.7964e-010
20294	1.9233e-010
20295	1.8932e-010
20296	1.9811e-010
20297	2.0098e-010
20298	2.0522e-010
20299	2.1194e-010
20300	2.139e-010
20301	2.225e-010
20302	2.2379e-010
20303	2.3257e-010
20304	2.3479e-010
20305	2.423e-010
20306	2.4691e-010
20307	2.5178e-010
20308	2.6019e-010
20309	2.6176e-010
20310	2.7312e-010
20311	2.7468e-010
20312	2.8228e-010
20313	2.9071e-010
20314	2.9399e-010
20315	3.0256e-010
20316	3.1011e-010
20317	3.1488e-010
20318	3.2214e-010
20319	3.3309e-010
20320	3.3671e-010
20321	3.449e-010
20322	3.5258e-010
20323	3.6283e-010
20324	3.6901e-010
20325	3.7733e-010
20326	3.8585e-010
20327	3.9498e-010
20328	4.0398e-010
20329	4.1286e-010
20330	4.2296e-010
20331	4.3178e-010
20332	4.4157e-010
20333	4.516e-010
20334	4.6177e-010
20335	4.7211e-010
20336	4.8203e-010
20337	4.9562e-010
20338	5.0509e-010
20339	5.1703e-010
20340	5.286e-010
20341	5.3929e-010
20342	5.5091e-010
20343	5.6693e-010
20344	5.8316e-010
20345	5.8734e-010
20346	5.8719e-010
20347	5.8495e-010
20348	5.7021e-010
20349	5.5319e-010
20350	5.4169e-010
20351	5.3233e-010
20352	5.2165e-010
20353	5.0948e-010
20354	5.0392e-010
20355	4.8658e-010
20356	4.7823e-010
20357	4.6812e-010
20358	4.5822e-010
20359	4.4813e-010
20360	4.3812e-010
20361	4.3327e-010
20362	4.2062e-010
20363	4.133e-010
20364	4.041e-010
20365	3.9279e-010
20366	3.8553e-010
20367	3.7566e-010
20368	3.9395e-010
20369	3.6036e-010
20370	3.5298e-010
20371	3.2293e-010
20372	3.7888e-010
20373	3.2543e-010
20374	3.1099e-010
20375	3.257e-010
20376	3.0943e-010
20377	2.8526e-010
20378	3.1449e-010
20379	2.8526e-010
20380	2.7088e-010
20381	3.1865e-010
20382	2.4986e-010
20383	2.872e-010
20384	2.5259e-010
20385	2.5237e-010
20386	2.5376e-010
20387	2.285e-010
20388	2.5215e-010
20389	2.1421e-010
20390	2.4267e-010
20391	2.0576e-010
20392	2.2432e-010
20393	2.0325e-010
20394	1.9899e-010
20395	2.0546e-010
20396	1.6974e-010
20397	2.2079e-010
20398	1.4807e-010
20399	1.8365e-010
20400	1.4231e-010
20401	1.4498e-010
20402	2.3983e-010
20403	1.608e-010
20404	2.6456e-010
20405	4.7252e-010
20406	5.881e-010
20407	6.3474e-010
20408	8.037e-010
20409	1.5201e-009
20410	1.4162e-009
20411	1.1268e-010
20412	8.6288e-011
20413	1.3632e-010
20414	1.7887e-010
20415	1.761e-010
20416	1.8769e-010
20417	1.9171e-010
20418	1.8957e-010
20419	2.0727e-010
20420	2.0083e-010
20421	2.0815e-010
20422	2.1927e-010
20423	2.1272e-010
20424	2.3208e-010
20425	2.2466e-010
20426	2.3759e-010
20427	2.4012e-010
20428	2.45e-010
20429	2.5419e-010
20430	2.5456e-010
20431	2.6719e-010
20432	2.6613e-010
20433	2.7916e-010
20434	2.7956e-010
20435	2.9015e-010
20436	2.95e-010
20437	3.0015e-010
20438	3.1244e-010
20439	3.1071e-010
20440	3.2873e-010
20441	3.2694e-010
20442	3.3719e-010
20443	3.4891e-010
20444	3.4983e-010
20445	3.6192e-010
20446	3.7172e-010
20447	3.7543e-010
20448	3.8408e-010
20449	4.0041e-010
20450	4.0127e-010
20451	4.1192e-010
20452	4.2096e-010
20453	4.3538e-010
20454	4.4104e-010
20455	4.5105e-010
20456	4.6098e-010
20457	4.7223e-010
20458	4.8294e-010
20459	4.9321e-010
20460	5.0601e-010
20461	5.1567e-010
20462	5.2766e-010
20463	5.3996e-010
20464	5.5208e-010
20465	5.6447e-010
20466	5.7534e-010
20467	5.9363e-010
20468	6.0311e-010
20469	6.1804e-010
20470	6.3208e-010
20471	6.4316e-010
20472	6.5643e-010
20473	6.7877e-010
20474	7.0226e-010
20475	6.9715e-010
20476	6.9617e-010
20477	7.0466e-010
20478	6.8389e-010
20479	6.5849e-010
20480	6.45e-010
20481	6.3671e-010
20482	6.2404e-010
20483	6.0751e-010
20484	6.0606e-010
20485	5.7945e-010
20486	5.7198e-010
20487	5.5955e-010
20488	5.477e-010
20489	5.354e-010
20490	5.224e-010
20491	5.2094e-010
20492	5.0198e-010
20493	4.9491e-010
20494	4.8362e-010
20495	4.6739e-010
20496	4.5943e-010
20497	4.4385e-010
20498	4.7936e-010
20499	4.2565e-010
20500	4.1764e-010
20501	3.8318e-010
20502	4.6332e-010
20503	3.8151e-010
20504	3.6226e-010
20505	3.9984e-010
20506	3.7346e-010
20507	3.2514e-010
20508	3.9076e-010
20509	3.3831e-010
20510	3.0709e-010
20511	4.0291e-010
20512	2.7429e-010
20513	3.5846e-010
20514	2.9214e-010
20515	3.0008e-010
20516	3.0921e-010
20517	2.6288e-010
20518	3.1235e-010
20519	2.4331e-010
20520	3.0086e-010
20521	2.3619e-010
20522	2.7469e-010
20523	2.4022e-010
20524	2.372e-010
20525	2.5312e-010
20526	1.9159e-010
20527	2.8176e-010
20528	1.6409e-010
20529	2.367e-010
20530	1.7636e-010
20531	1.6221e-010
20532	3.144e-010
20533	1.7831e-010
20534	2.997e-010
20535	5.3802e-010
20536	6.9633e-010
20537	6.4807e-010
20538	9.3995e-010
20539	1.8666e-009
20540	1.673e-009
20541	5.4295e-011
20542	3.6279e-011
20543	9.6895e-011
20544	1.49e-010
20545	1.4783e-010
20546	1.5639e-010
20547	1.6e-010
20548	1.5966e-010
20549	1.7192e-010
20550	1.689e-010
20551	1.7441e-010
20552	1.8224e-010
20553	1.7964e-010
20554	1.9232e-010
20555	1.8932e-010
20556	1.9811e-010
20557	2.0098e-010
20558	2.0522e-010
20559	2.1194e-010
20560	2.139e-010
20561	2.2251e-010
20562	2.238e-010
20563	2.3256e-010
20564	2.3479e-010
20565	2.4229e-010
20566	2.4691e-010
20567	2.5178e-010
20568	2.6019e-010
20569	2.6176e-010
20570	2.7312e-010
20571	2.7468e-010
20572	2.8228e-010
20573	2.9071e-010
20574	2.9399e-010
20575	3.0256e-010
20576	3.1011e-010
20577	3.1488e-010
20578	3.2214e-010
20579	3.3309e-010
20580	3.3671e-010
20581	3.449e-010
20582	3.5258e-010
20583	3.6283e-010
20584	3.6901e-010
20585	3.7733e-010
20586	3.8585e-010
20587	3.95e-010
20588	4.0398e-010
20589	4.1286e-010
20590	4.2296e-010
20591	4.3178e-010
20592	4.4157e-010
20593	4.5163e-010
20594	4.6177e-010
20595	4.7211e-010
20596	4.8203e-010
20597	4.9562e-010
20598	5.0509e-010
20599	5.1703e-010
20600	5.286e-010
20601	5.3928e-010
20602	5.5091e-010
20603	5.6693e-010
20604	5.8316e-010
20605	5.8734e-010
20606	5.8719e-010
20607	5.8495e-010
20608	5.7021e-010
20609	5.5322e-010
20610	5.4168e-010
20611	5.3233e-010
20612	5.2165e-010
20613	5.0948e-010
20614	5.0391e-010
20615	4.8658e-010
20616	4.7823e-010
20617	4.6812e-010
20618	4.5826e-010
20619	4.4802e-010
20620	4.3852e-010
20621	4.3297e-010
20622	4.2101e-010
20623	4.1318e-010
20624	4.0409e-010
20625	3.9272e-010
20626	3.8503e-010
20627	3.7749e-010
20628	3.8822e-010
20629	3.6207e-010
20630	3.5283e-010
20631	3.2266e-010
20632	3.8151e-010
20633	3.2508e-010
20634	3.1125e-010
20635	3.2569e-010
20636	3.0943e-010
20637	2.8526e-010
20638	3.1449e-010
20639	2.8527e-010
20640	2.7088e-010
20641	3.1865e-010
20642	2.4986e-010
20643	2.872e-010
20644	2.5259e-010
20645	2.5237e-010
20646	2.5376e-010
20647	2.285e-010
20648	2.5215e-010
20649	2.1421e-010
20650	2.4267e-010
20651	2.0576e-010
20652	2.2432e-010
20653	2.0325e-010
20654	1.9899e-010
20655	2.0546e-010
20656	1.6974e-010
20657	2.2079e-010
20658	1.4807e-010
20659	1.8365e-010
20660	1.4231e-010
20661	1.4498e-010
20662	2.3983e-010
20663	1.608e-010
20664	2.6456e-010
20665	4.7252e-010
20666	5.8812e-010
20667	6.3474e-010
20668	8.037e-010
20669	1.5201e-009
20670	1.4162e-009
20671	5.4343e-011
20672	3.6397e-011
20673	9.7119e-011
20674	1.4929e-010
20675	1.4814e-010
20676	1.567e-010
20677	1.6033e-010
20678	1.6e-010
20679	1.7229e-010
20680	1.693e-010
20681	1.7481e-010
20682	1.8266e-010
20683	1.8004e-010
20684	1.9267e-010
20685	1.8965e-010
20686	1.9842e-010
20687	2.013e-010
20688	2.0557e-010
20689	2.1229e-010
20690	2.1425e-010
20691	2.2285e-010
20692	2.2411e-010
20693	2.3286e-010
20694	2.3509e-010
20695	2.4265e-010
20696	2.4736e-010
20697	2.5226e-010
20698	2.6063e-010
20699	2.6219e-010
20700	2.7353e-010
20701	2.7518e-010
20702	2.8282e-010
20703	2.9123e-010
20704	2.9451e-010
20705	3.0322e-010
20706	3.1088e-010
20707	3.1566e-010
20708	3.2291e-010
20709	3.3381e-010
20710	3.3733e-010
20711	3.4558e-010
20712	3.5338e-010
20713	3.6366e-010
20714	3.6975e-010
20715	3.7812e-010
20716	3.866e-010
20717	3.956e-010
20718	4.0469e-010
20719	4.1366e-010
20720	4.2384e-010
20721	4.3252e-010
20722	4.4242e-010
20723	4.5238e-010
20724	4.6248e-010
20725	4.729e-010
20726	4.8261e-010
20727	4.9619e-010
20728	5.0581e-010
20729	5.1766e-010
20730	5.291e-010
20731	5.3971e-010
20732	5.5131e-010
20733	5.6731e-010
20734	5.8359e-010
20735	5.8786e-010
20736	5.8758e-010
20737	5.8523e-010
20738	5.7051e-010
20739	5.535e-010
20740	5.42e-010
20741	5.3258e-010
20742	5.2183e-010
20743	5.0968e-010
20744	5.0416e-010
20745	4.8677e-010
20746	4.7844e-010
20747	4.6827e-010
20748	4.5834e-010
20749	4.4815e-010
20750	4.3851e-010
20751	4.3284e-010
20752	4.2082e-010
20753	4.1301e-010
20754	4.0381e-010
20755	3.9244e-010
20756	3.8489e-010
20757	3.7582e-010
20758	3.9257e-010
20759	3.6041e-010
20760	3.5276e-010
20761	3.2135e-010
20762	3.8497e-010
20763	3.236e-010
20764	3.1092e-010
20765	3.2516e-010
20766	3.0892e-010
20767	2.8483e-010
20768	3.1412e-010
20769	2.8494e-010
20770	2.7056e-010
20771	3.1821e-010
20772	2.4944e-010
20773	2.8668e-010
20774	2.5205e-010
20775	2.5178e-010
20776	2.5315e-010
20777	2.2792e-010
20778	2.5166e-010
20779	2.1384e-010
20780	2.4229e-010
20781	2.0542e-010
20782	2.2398e-010
20783	2.0294e-010
20784	1.9871e-010
20785	2.0517e-010
20786	1.6947e-010
20787	2.2048e-010
20788	1.477e-010
20789	1.8325e-010
20790	1.4188e-010
20791	1.4464e-010
20792	2.3966e-010
20793	1.6064e-010
20794	2.6445e-010
20795	4.7242e-010
20796	5.879e-010
20797	6.3487e-010
20798	8.0376e-010
20799	1.52e-009
20800	1.4163e-009
20801	1.128e-010
20802	8.6382e-011
20803	1.3652e-010
20804	1.7911e-010
20805	1.7628e-010
20806	1.8786e-010
20807	1.9191e-010
20808	1.8984e-010
20809	2.0763e-010
20810	2.0116e-010
20811	2.0847e-010
20812	2.1957e-010
20813	2.1299e-010
20814	2.3238e-010
20815	2.2492e-010
20816	2.3785e-010
20817	2.4036e-010
20818	2.4525e-010
20819	2.5447e-010
20820	2.5485e-010
20821	2.6749e-010
20822	2.6642e-010
20823	2.7948e-010
20824	2.7996e-010
20825	2.906e-010
20826	2.9546e-010
20827	3.0059e-010
20828	3.129e-010
20829	3.1119e-010
20830	3.2922e-010
20831	3.2738e-010
20832	3.3766e-010
20833	3.4952e-010
20834	3.5045e-010
20835	3.6255e-010
20836	3.7247e-010
20837	3.761e-010
20838	3.8469e-010
20839	4.0111e-010
20840	4.0191e-010
20841	4.1275e-010
20842	4.2182e-010
20843	4.3596e-010
20844	4.4152e-010
20845	4.5162e-010
20846	4.615e-010
20847	4.7263e-010
20848	4.8354e-010
20849	4.9398e-010
20850	5.0699e-010
20851	5.1652e-010
20852	5.2846e-010
20853	5.4035e-010
20854	5.5246e-010
20855	5.6501e-010
20856	5.759e-010
20857	5.9423e-010
20858	6.0386e-010
20859	6.1885e-010
20860	6.326e-010
20861	6.4336e-010
20862	6.5661e-010
20863	6.7898e-010
20864	7.0249e-010
20865	6.9744e-010
20866	6.9636e-010
20867	7.0476e-010
20868	6.8404e-010
20869	6.5846e-010
20870	6.4495e-010
20871	6.3674e-010
20872	6.2408e-010
20873	6.0766e-010
20874	6.0621e-010
20875	5.7954e-010
20876	5.72e-010
20877	5.5959e-010
20878	5.4773e-010
20879	5.3549e-010
20880	5.2254e-010
20881	5.2098e-010
20882	5.0189e-010
20883	4.9479e-010
20884	4.8348e-010
20885	4.673e-010
20886	4.5939e-010
20887	4.4294e-010
20888	4.8243e-010
20889	4.2472e-010
20890	4.1824e-010
20891	3.8119e-010
20892	4.7105e-010
20893	3.7916e-010
20894	3.6237e-010
20895	3.9905e-010
20896	3.7266e-010
20897	3.2439e-010
20898	3.8991e-010
20899	3.3749e-010
20900	3.0624e-010
20901	4.02e-010
20902	2.7356e-010
20903	3.5763e-010
20904	2.9153e-010
20905	2.9948e-010
20906	3.0853e-010
20907	2.6239e-010
20908	3.1174e-010
20909	2.4293e-010
20910	3.0038e-010
20911	2.3591e-010
20912	2.7434e-010
20913	2.4004e-010
20914	2.3707e-010
20915	2.5291e-010
20916	1.9158e-010
20917	2.8131e-010
20918	1.6395e-010
20919	2.3621e-010
20920	1.7591e-010
20921	1.6184e-010
20922	3.1417e-010
20923	1.781e-010
20924	2.9941e-010
20925	5.3771e-010
20926	6.9613e-010
20927	6.4844e-010
20928	9.4014e-010
20929	1.8664e-009
20930	1.6726e-009
20931	5.4389e-011
20932	3.6368e-011
20933	9.7125e-011
20934	1.4934e-010
20935	1.4815e-010
20936	1.5671e-010
20937	1.6033e-010
20938	1.6004e-010
20939	1.7233e-010
20940	1.6934e-010
20941	1.7485e-010
20942	1.8273e-010
20943	1.8013e-010
20944	1.9279e-010
20945	1.8976e-010
20946	1.985e-010
20947	2.0139e-010
20948	2.0569e-010
20949	2.1242e-010
20950	2.1434e-010
20951	2.2293e-010
20952	2.2425e-010
20953	2.3303e-010
20954	2.3526e-010
20955	2.4277e-010
20956	2.4734e-010
20957	2.5226e-010
20958	2.6081e-010
20959	2.6249e-010
20960	2.7384e-010
20961	2.7542e-010
20962	2.8296e-010
20963	2.914e-010
20964	2.9466e-010
20965	3.0335e-010
20966	3.111e-010
20967	3.1594e-010
20968	3.2319e-010
20969	3.3415e-010
20970	3.3763e-010
20971	3.4594e-010
20972	3.5376e-010
20973	3.6394e-010
20974	3.7e-010
20975	3.7834e-010
20976	3.8683e-010
20977	3.9589e-010
20978	4.0498e-010
20979	4.139e-010
20980	4.2411e-010
20981	4.3268e-010
20982	4.4265e-010
20983	4.5276e-010
20984	4.6299e-010
20985	4.7333e-010
20986	4.831e-010
20987	4.9641e-010
20988	5.0586e-010
20989	5.1787e-010
20990	5.2919e-010
20991	5.397e-010
20992	5.5139e-010
20993	5.6739e-010
20994	5.8355e-010
20995	5.878e-010
20996	5.874e-010
20997	5.8514e-010
20998	5.7039e-010
20999	5.5338e-010
21000	5.4199e-010
21001	5.326e-010
21002	5.2192e-010
21003	5.0981e-010
21004	5.0425e-010
21005	4.8701e-010
21006	4.7867e-010
21007	4.6845e-010
21008	4.5854e-010
21009	4.4829e-010
21010	4.3869e-010
21011	4.3333e-010
21012	4.2108e-010
21013	4.1325e-010
21014	4.0402e-010
21015	3.9269e-010
21016	3.8526e-010
21017	3.7558e-010
21018	3.9243e-010
21019	3.601e-010
21020	3.5309e-010
21021	3.2114e-010
21022	3.8517e-010
21023	3.2343e-010
21024	3.1095e-010
21025	3.2489e-010
21026	3.0867e-010
21027	2.8454e-010
21028	3.1378e-010
21029	2.8447e-010
21030	2.7003e-010
21031	3.178e-010
21032	2.4896e-010
21033	2.8634e-010
21034	2.5167e-010
21035	2.5144e-010
21036	2.5284e-010
21037	2.2764e-010
21038	2.5146e-010
21039	2.1362e-010
21040	2.4213e-010
21041	2.0526e-010
21042	2.2387e-010
21043	2.0289e-010
21044	1.9867e-010
21045	2.0513e-010
21046	1.6949e-010
21047	2.2032e-010
21048	1.4766e-010
21049	1.8316e-010
21050	1.4169e-010
21051	1.4448e-010
21052	2.3984e-010
21053	1.603e-010
21054	2.639e-010
21055	4.7187e-010
21056	5.88e-010
21057	6.3478e-010
21058	8.039e-010
21059	1.52e-009
21060	1.4155e-009
21061	5.4389e-011
21062	3.6368e-011
21063	9.7125e-011
21064	1.4934e-010
21065	1.4815e-010
21066	1.5671e-010
21067	1.6033e-010
21068	1.6004e-010
21069	1.7234e-010
21070	1.6934e-010
21071	1.7485e-010
21072	1.8273e-010
21073	1.8013e-010
21074	1.9279e-010
21075	1.8976e-010
21076	1.985e-010
21077	2.0139e-010
21078	2.0569e-010
21079	2.1242e-010
21080	2.1434e-010
21081	2.2293e-010
21082	2.2425e-010
21083	2.3303e-010
21084	2.3526e-010
21085	2.4277e-010
21086	2.4735e-010
21087	2.5226e-010
21088	2.6081e-010
21089	2.6249e-010
21090	2.7384e-010
21091	2.7542e-010
21092	2.8296e-010
21093	2.9141e-010
21094	2.9466e-010
21095	3.0335e-010
21096	3.111e-010
21097	3.1594e-010
21098	3.2319e-010
21099	3.3415e-010
21100	3.3763e-010
21101	3.4594e-010
21102	3.5376e-010
21103	3.6394e-010
21104	3.7e-010
21105	3.7834e-010
21106	3.8683e-010
21107	3.9589e-010
21108	4.0498e-010
21109	4.139e-010
21110	4.2411e-010
21111	4.3268e-010
21112	4.4265e-010
21113	4.5276e-010
21114	4.6299e-010
21115	4.7333e-010
21116	4.8309e-010
21117	4.9642e-010
21118	5.0587e-010
21119	5.1787e-010
21120	5.2919e-010
21121	5.3971e-010
21122	5.5139e-010
21123	5.674e-010
21124	5.8355e-010
21125	5.878e-010
21126	5.874e-010
21127	5.8515e-010
21128	5.704e-010
21129	5.5339e-010
21130	5.4197e-010
21131	5.326e-010
21132	5.2192e-010
21133	5.0981e-010
21134	5.0425e-010
21135	4.8701e-010
21136	4.7867e-010
21137	4.6845e-010
21138	4.5854e-010
21139	4.4835e-010
21140	4.3844e-010
21141	4.3351e-010
21142	4.2086e-010
21143	4.1328e-010
21144	4.0403e-010
21145	3.9267e-010
21146	3.8526e-010
21147	3.7548e-010
21148	3.9236e-010
21149	3.5999e-010
21150	3.5313e-010
21151	3.2119e-010
21152	3.8516e-010
21153	3.2349e-010
21154	3.1094e-010
21155	3.2488e-010
21156	3.0867e-010
21157	2.8454e-010
21158	3.1375e-010
21159	2.8448e-010
21160	2.7004e-010
21161	3.178e-010
21162	2.4895e-010
21163	2.8634e-010
21164	2.5167e-010
21165	2.5145e-010
21166	2.5284e-010
21167	2.2764e-010
21168	2.5146e-010
21169	2.136e-010
21170	2.4213e-010
21171	2.0526e-010
21172	2.2386e-010
21173	2.0289e-010
21174	1.9867e-010
21175	2.0513e-010
21176	1.6949e-010
21177	2.2032e-010
21178	1.4766e-010
21179	1.8316e-010
21180	1.4169e-010
21181	1.4448e-010
21182	2.3984e-010
21183	1.603e-010
21184	2.6391e-010
21185	4.7187e-010
21186	5.88e-010
21187	6.3478e-010
21188	8.0391e-010
21189	1.52e-009
21190	1.4155e-009
21191	1.128e-010
21192	8.6382e-011
21193	1.3652e-010
21194	1.7911e-010
21195	1.7628e-010
21196	1.8786e-010
21197	1.9191e-010
21198	1.8984e-010
21199	2.0763e-010
21200	2.0116e-010
21201	2.0846e-010
21202	2.1957e-010
21203	2.1299e-010
21204	2.3238e-010
21205	2.2492e-010
21206	2.3785e-010
21207	2.4036e-010
21208	2.4526e-010
21209	2.5446e-010
21210	2.5485e-010
21211	2.6749e-010
21212	2.6642e-010
21213	2.7948e-010
21214	2.7996e-010
21215	2.906e-010
21216	2.9547e-010
21217	3.0059e-010
21218	3.129e-010
21219	3.1119e-010
21220	3.2922e-010
21221	3.2738e-010
21222	3.3766e-010
21223	3.4952e-010
21224	3.5045e-010
21225	3.6255e-010
21226	3.7247e-010
21227	3.761e-010
21228	3.8469e-010
21229	4.0111e-010
21230	4.0191e-010
21231	4.1275e-010
21232	4.2182e-010
21233	4.3596e-010
21234	4.4152e-010
21235	4.5162e-010
21236	4.615e-010
21237	4.7262e-010
21238	4.8355e-010
21239	4.9398e-010
21240	5.0699e-010
21241	5.1652e-010
21242	5.2846e-010
21243	5.4035e-010
21244	5.5246e-010
21245	5.6501e-010
21246	5.7589e-010
21247	5.9423e-010
21248	6.0387e-010
21249	6.1885e-010
21250	6.3261e-010
21251	6.4335e-010
21252	6.5661e-010
21253	6.7899e-010
21254	7.0249e-010
21255	6.9744e-010
21256	6.9636e-010
21257	7.0476e-010
21258	6.8404e-010
21259	6.5846e-010
21260	6.4495e-010
21261	6.3674e-010
21262	6.2408e-010
21263	6.0766e-010
21264	6.062e-010
21265	5.7954e-010
21266	5.72e-010
21267	5.596e-010
21268	5.477e-010
21269	5.3553e-010
21270	5.2231e-010
21271	5.2112e-010
21272	5.0166e-010
21273	4.9484e-010
21274	4.8344e-010
21275	4.6737e-010
21276	4.5908e-010
21277	4.4401e-010
21278	4.8214e-010
21279	4.2574e-010
21280	4.1795e-010
21281	3.8113e-010
21282	4.717e-010
21283	3.7908e-010
21284	3.6239e-010
21285	3.9906e-010
21286	3.7267e-010
21287	3.2439e-010
21288	3.8991e-010
21289	3.3749e-010
21290	3.0625e-010
21291	4.0199e-010
21292	2.7356e-010
21293	3.5763e-010
21294	2.9153e-010
21295	2.9948e-010
21296	3.0853e-010
21297	2.6239e-010
21298	3.1174e-010
21299	2.4293e-010
21300	3.0038e-010
21301	2.3592e-010
21302	2.7434e-010
21303	2.4004e-010
21304	2.3707e-010
21305	2.5291e-010
21306	1.9158e-010
21307	2.8131e-010
21308	1.6395e-010
21309	2.3621e-010
21310	1.7591e-010
21311	1.6184e-010
21312	3.1417e-010
21313	1.781e-010
21314	2.9941e-010
21315	5.3771e-010
21316	6.9612e-010
21317	6.4844e-010
21318	9.4014e-010
21319	1.8664e-009
21320	1.6726e-009
21321	5.4343e-011
21322	3.6397e-011
21323	9.7121e-011
21324	1.4929e-010
21325	1.4814e-010
21326	1.567e-010
21327	1.6032e-010
21328	1.6e-010
21329	1.7229e-010
21330	1.693e-010
21331	1.748e-010
21332	1.8266e-010
21333	1.8003e-010
21334	1.9267e-010
21335	1.8964e-010
21336	1.9843e-010
21337	2.0131e-010
21338	2.0558e-010
21339	2.1229e-010
21340	2.1425e-010
21341	2.2285e-010
21342	2.2411e-010
21343	2.3286e-010
21344	2.3509e-010
21345	2.4266e-010
21346	2.4737e-010
21347	2.5227e-010
21348	2.6063e-010
21349	2.6219e-010
21350	2.7354e-010
21351	2.7518e-010
21352	2.8281e-010
21353	2.9123e-010
21354	2.9451e-010
21355	3.0322e-010
21356	3.1088e-010
21357	3.1566e-010
21358	3.229e-010
21359	3.3381e-010
21360	3.3733e-010
21361	3.4559e-010
21362	3.5338e-010
21363	3.6363e-010
21364	3.6975e-010
21365	3.7813e-010
21366	3.8661e-010
21367	3.956e-010
21368	4.0469e-010
21369	4.1367e-010
21370	4.2384e-010
21371	4.3252e-010
21372	4.4242e-010
21373	4.5238e-010
21374	4.6248e-010
21375	4.729e-010
21376	4.8262e-010
21377	4.9618e-010
21378	5.0581e-010
21379	5.1766e-010
21380	5.2911e-010
21381	5.3972e-010
21382	5.5129e-010
21383	5.6731e-010
21384	5.836e-010
21385	5.8784e-010
21386	5.8759e-010
21387	5.8523e-010
21388	5.7051e-010
21389	5.535e-010
21390	5.42e-010
21391	5.3258e-010
21392	5.2183e-010
21393	5.0969e-010
21394	5.0416e-010
21395	4.8677e-010
21396	4.7844e-010
21397	4.6828e-010
21398	4.583e-010
21399	4.4824e-010
21400	4.3814e-010
21401	4.3336e-010
21402	4.2047e-010
21403	4.1312e-010
21404	4.0379e-010
21405	3.9241e-010
21406	3.8476e-010
21407	3.7613e-010
21408	3.9039e-010
21409	3.6061e-010
21410	3.528e-010
21411	3.2122e-010
21412	3.8528e-010
21413	3.2348e-010
21414	3.1103e-010
21415	3.2511e-010
21416	3.0893e-010
21417	2.8485e-010
21418	3.1413e-010
21419	2.8495e-010
21420	2.7056e-010
21421	3.1822e-010
21422	2.4943e-010
21423	2.8667e-010
21424	2.5206e-010
21425	2.5178e-010
21426	2.5314e-010
21427	2.2792e-010
21428	2.5165e-010
21429	2.1383e-010
21430	2.4229e-010
21431	2.0542e-010
21432	2.2399e-010
21433	2.0294e-010
21434	1.9871e-010
21435	2.0516e-010
21436	1.6948e-010
21437	2.2048e-010
21438	1.4769e-010
21439	1.8326e-010
21440	1.4188e-010
21441	1.4463e-010
21442	2.3965e-010
21443	1.6064e-010
21444	2.6444e-010
21445	4.7242e-010
21446	5.8789e-010
21447	6.3487e-010
21448	8.0376e-010
21449	1.52e-009
21450	1.4163e-009
21451	5.4295e-011
21452	3.6279e-011
21453	9.6893e-011
21454	1.49e-010
21455	1.4783e-010
21456	1.564e-010
21457	1.6e-010
21458	1.5966e-010
21459	1.7192e-010
21460	1.6891e-010
21461	1.744e-010
21462	1.8224e-010
21463	1.7964e-010
21464	1.9233e-010
21465	1.8932e-010
21466	1.9811e-010
21467	2.0098e-010
21468	2.0522e-010
21469	2.1194e-010
21470	2.139e-010
21471	2.225e-010
21472	2.2379e-010
21473	2.3257e-010
21474	2.3479e-010
21475	2.423e-010
21476	2.4692e-010
21477	2.5179e-010
21478	2.602e-010
21479	2.6176e-010
21480	2.731e-010
21481	2.7467e-010
21482	2.8227e-010
21483	2.9071e-010
21484	2.94e-010
21485	3.0256e-010
21486	3.1012e-010
21487	3.1487e-010
21488	3.2215e-010
21489	3.331e-010
21490	3.3671e-010
21491	3.4491e-010
21492	3.5257e-010
21493	3.6284e-010
21494	3.69e-010
21495	3.7734e-010
21496	3.8585e-010
21497	3.9499e-010
21498	4.04e-010
21499	4.1287e-010
21500	4.2297e-010
21501	4.3177e-010
21502	4.4158e-010
21503	4.516e-010
21504	4.6178e-010
21505	4.7212e-010
21506	4.8203e-010
21507	4.956e-010
21508	5.0508e-010
21509	5.1704e-010
21510	5.2857e-010
21511	5.393e-010
21512	5.5092e-010
21513	5.6692e-010
21514	5.8317e-010
21515	5.8734e-010
21516	5.872e-010
21517	5.8496e-010
21518	5.7021e-010
21519	5.5317e-010
21520	5.4168e-010
21521	5.3233e-010
21522	5.2166e-010
21523	5.0949e-010
21524	5.0391e-010
21525	4.8659e-010
21526	4.782e-010
21527	4.6812e-010
21528	4.5823e-010
21529	4.4811e-010
21530	4.381e-010
21531	4.3346e-010
21532	4.2063e-010
21533	4.1331e-010
21534	4.0411e-010
21535	3.9267e-010
21536	3.8489e-010
21537	3.7772e-010
21538	3.8577e-010
21539	3.6223e-010
21540	3.5318e-010
21541	3.2177e-010
21542	3.8596e-010
21543	3.2413e-010
21544	3.1167e-010
21545	3.2567e-010
21546	3.0944e-010
21547	2.8526e-010
21548	3.1449e-010
21549	2.8525e-010
21550	2.7087e-010
21551	3.1865e-010
21552	2.4986e-010
21553	2.8718e-010
21554	2.5261e-010
21555	2.5236e-010
21556	2.5377e-010
21557	2.285e-010
21558	2.5215e-010
21559	2.1422e-010
21560	2.4268e-010
21561	2.0576e-010
21562	2.2432e-010
21563	2.0326e-010
21564	1.9898e-010
21565	2.0546e-010
21566	1.6975e-010
21567	2.2079e-010
21568	1.4807e-010
21569	1.8365e-010
21570	1.4232e-010
21571	1.4498e-010
21572	2.3982e-010
21573	1.608e-010
21574	2.6456e-010
21575	4.7252e-010
21576	5.881e-010
21577	6.3474e-010
21578	8.0371e-010
21579	1.5201e-009
21580	1.4162e-009
21581	1.1267e-010
21582	8.6284e-011
21583	1.3632e-010
21584	1.7887e-010
21585	1.7611e-010
21586	1.8769e-010
21587	1.9171e-010
21588	1.8957e-010
21589	2.0727e-010
21590	2.0082e-010
21591	2.0815e-010
21592	2.1927e-010
21593	2.1272e-010
21594	2.3208e-010
21595	2.2466e-010
21596	2.3761e-010
21597	2.4012e-010
21598	2.45e-010
21599	2.5419e-010
21600	2.5456e-010
21601	2.6719e-010
21602	2.6613e-010
21603	2.7915e-010
21604	2.7956e-010
21605	2.9015e-010
21606	2.9501e-010
21607	3.0014e-010
21608	3.1244e-010
21609	3.107e-010
21610	3.2873e-010
21611	3.2693e-010
21612	3.3719e-010
21613	3.4891e-010
21614	3.4985e-010
21615	3.619e-010
21616	3.7173e-010
21617	3.7544e-010
21618	3.8408e-010
21619	4.0041e-010
21620	4.0126e-010
21621	4.1193e-010
21622	4.2096e-010
21623	4.3538e-010
21624	4.4104e-010
21625	4.5104e-010
21626	4.6098e-010
21627	4.7222e-010
21628	4.8295e-010
21629	4.9322e-010
21630	5.0601e-010
21631	5.1567e-010
21632	5.2764e-010
21633	5.3995e-010
21634	5.5208e-010
21635	5.6447e-010
21636	5.7534e-010
21637	5.9363e-010
21638	6.031e-010
21639	6.1805e-010
21640	6.3209e-010
21641	6.4316e-010
21642	6.5644e-010
21643	6.7877e-010
21644	7.0226e-010
21645	6.9715e-010
21646	6.9618e-010
21647	7.0465e-010
21648	6.8387e-010
21649	6.5849e-010
21650	6.45e-010
21651	6.3671e-010
21652	6.2403e-010
21653	6.0749e-010
21654	6.0604e-010
21655	5.7948e-010
21656	5.7198e-010
21657	5.5956e-010
21658	5.4769e-010
21659	5.3539e-010
21660	5.2239e-010
21661	5.2108e-010
21662	5.0197e-010
21663	4.9492e-010
21664	4.8356e-010
21665	4.675e-010
21666	4.5903e-010
21667	4.449e-010
21668	4.7909e-010
21669	4.2667e-010
21670	4.1809e-010
21671	3.8153e-010
21672	4.7234e-010
21673	3.7957e-010
21674	3.6298e-010
21675	3.9985e-010
21676	3.7348e-010
21677	3.2514e-010
21678	3.9076e-010
21679	3.3831e-010
21680	3.0708e-010
21681	4.0289e-010
21682	2.7429e-010
21683	3.5846e-010
21684	2.9213e-010
21685	3.0008e-010
21686	3.0921e-010
21687	2.6288e-010
21688	3.1234e-010
21689	2.4331e-010
21690	3.0087e-010
21691	2.3619e-010
21692	2.7469e-010
21693	2.4022e-010
21694	2.372e-010
21695	2.5313e-010
21696	1.9159e-010
21697	2.8176e-010
21698	1.6409e-010
21699	2.3669e-010
21700	1.7636e-010
21701	1.6221e-010
21702	3.144e-010
21703	1.7831e-010
21704	2.997e-010
21705	5.3802e-010
21706	6.9633e-010
21707	6.4807e-010
21708	9.3994e-010
21709	1.8666e-009
21710	1.673e-009
21711	5.4294e-011
21712	3.6278e-011
21713	9.6893e-011
21714	1.49e-010
21715	1.4783e-010
21716	1.564e-010
21717	1.6e-010
21718	1.5966e-010
21719	1.7192e-010
21720	1.689e-010
21721	1.744e-010
21722	1.8225e-010
21723	1.7964e-010
21724	1.9233e-010
21725	1.8932e-010
21726	1.9811e-010
21727	2.0098e-010
21728	2.0522e-010
21729	2.1194e-010
21730	2.139e-010
21731	2.2251e-010
21732	2.2378e-010
21733	2.3255e-010
21734	2.3479e-010
21735	2.423e-010
21736	2.4692e-010
21737	2.518e-010
21738	2.602e-010
21739	2.6176e-010
21740	2.731e-010
21741	2.7467e-010
21742	2.8226e-010
21743	2.9071e-010
21744	2.94e-010
21745	3.0256e-010
21746	3.1012e-010
21747	3.1487e-010
21748	3.2215e-010
21749	3.331e-010
21750	3.3672e-010
21751	3.4491e-010
21752	3.5257e-010
21753	3.6284e-010
21754	3.69e-010
21755	3.7732e-010
21756	3.8585e-010
21757	3.9499e-010
21758	4.04e-010
21759	4.1287e-010
21760	4.2297e-010
21761	4.3178e-010
21762	4.4158e-010
21763	4.516e-010
21764	4.6179e-010
21765	4.7212e-010
21766	4.8204e-010
21767	4.956e-010
21768	5.0508e-010
21769	5.1704e-010
21770	5.2858e-010
21771	5.393e-010
21772	5.5093e-010
21773	5.6693e-010
21774	5.8315e-010
21775	5.8735e-010
21776	5.8721e-010
21777	5.8497e-010
21778	5.7021e-010
21779	5.5317e-010
21780	5.4168e-010
21781	5.3234e-010
21782	5.2166e-010
21783	5.0948e-010
21784	5.0392e-010
21785	4.866e-010
21786	4.782e-010
21787	4.6812e-010
21788	4.5823e-010
21789	4.4813e-010
21790	4.3808e-010
21791	4.3348e-010
21792	4.2061e-010
21793	4.1332e-010
21794	4.0411e-010
21795	3.9286e-010
21796	3.8531e-010
21797	3.7609e-010
21798	3.9338e-010
21799	3.6075e-010
21800	3.5359e-010
21801	3.2194e-010
21802	3.8593e-010
21803	3.2412e-010
21804	3.1166e-010
21805	3.2567e-010
21806	3.0944e-010
21807	2.8526e-010
21808	3.1449e-010
21809	2.8525e-010
21810	2.7087e-010
21811	3.1865e-010
21812	2.4986e-010
21813	2.8718e-010
21814	2.526e-010
21815	2.5236e-010
21816	2.5377e-010
21817	2.2851e-010
21818	2.5215e-010
21819	2.1422e-010
21820	2.4268e-010
21821	2.0577e-010
21822	2.2431e-010
21823	2.0326e-010
21824	1.9898e-010
21825	2.0546e-010
21826	1.6975e-010
21827	2.2079e-010
21828	1.4807e-010
21829	1.8363e-010
21830	1.4232e-010
21831	1.4499e-010
21832	2.3983e-010
21833	1.608e-010
21834	2.6457e-010
21835	4.7253e-010
21836	5.881e-010
21837	6.3474e-010
21838	8.037e-010
21839	1.5201e-009
21840	1.4162e-009
21841	5.4342e-011
21842	3.6396e-011
21843	9.7119e-011
21844	1.4929e-010
21845	1.4813e-010
21846	1.567e-010
21847	1.6033e-010
21848	1.6e-010
21849	1.7229e-010
21850	1.693e-010
21851	1.7481e-010
21852	1.8267e-010
21853	1.8002e-010
21854	1.9267e-010
21855	1.8964e-010
21856	1.9843e-010
21857	2.0131e-010
21858	2.0558e-010
21859	2.123e-010
21860	2.1425e-010
21861	2.2284e-010
21862	2.2411e-010
21863	2.3286e-010
21864	2.3509e-010
21865	2.4266e-010
21866	2.4737e-010
21867	2.5227e-010
21868	2.6063e-010
21869	2.6219e-010
21870	2.7353e-010
21871	2.7519e-010
21872	2.8281e-010
21873	2.9123e-010
21874	2.9452e-010
21875	3.0322e-010
21876	3.1089e-010
21877	3.1565e-010
21878	3.229e-010
21879	3.3381e-010
21880	3.3732e-010
21881	3.4559e-010
21882	3.5338e-010
21883	3.6363e-010
21884	3.6976e-010
21885	3.7813e-010
21886	3.8659e-010
21887	3.9561e-010
21888	4.047e-010
21889	4.1365e-010
21890	4.2382e-010
21891	4.3252e-010
21892	4.424e-010
21893	4.5236e-010
21894	4.6249e-010
21895	4.7286e-010
21896	4.8261e-010
21897	4.9617e-010
21898	5.0578e-010
21899	5.1767e-010
21900	5.2908e-010
21901	5.3972e-010
21902	5.5128e-010
21903	5.6729e-010
21904	5.8362e-010
21905	5.8785e-010
21906	5.8757e-010
21907	5.8527e-010
21908	5.7051e-010
21909	5.5351e-010
21910	5.42e-010
21911	5.3256e-010
21912	5.2182e-010
21913	5.0966e-010
21914	5.0415e-010
21915	4.8674e-010
21916	4.7845e-010
21917	4.6828e-010
21918	4.5831e-010
21919	4.4826e-010
21920	4.3813e-010
21921	4.3341e-010
21922	4.2043e-010
21923	4.1313e-010
21924	4.0379e-010
21925	3.9242e-010
21926	3.8505e-010
21927	3.7539e-010
21928	3.9219e-010
21929	3.5997e-010
21930	3.5311e-010
21931	3.212e-010
21932	3.8528e-010
21933	3.2348e-010
21934	3.1102e-010
21935	3.2512e-010
21936	3.0893e-010
21937	2.8482e-010
21938	3.1414e-010
21939	2.8495e-010
21940	2.7055e-010
21941	3.1822e-010
21942	2.4943e-010
21943	2.8668e-010
21944	2.5206e-010
21945	2.5178e-010
21946	2.5315e-010
21947	2.2793e-010
21948	2.5165e-010
21949	2.1382e-010
21950	2.423e-010
21951	2.0541e-010
21952	2.2399e-010
21953	2.0294e-010
21954	1.987e-010
21955	2.0517e-010
21956	1.6948e-010
21957	2.2049e-010
21958	1.4769e-010
21959	1.8325e-010
21960	1.4188e-010
21961	1.4463e-010
21962	2.3965e-010
21963	1.6064e-010
21964	2.6443e-010
21965	4.7242e-010
21966	5.8788e-010
21967	6.3487e-010
21968	8.0376e-010
21969	1.52e-009
21970	1.4163e-009
21971	1.1279e-010
21972	8.6374e-011
21973	1.3652e-010
21974	1.7911e-010
21975	1.7629e-010
21976	1.8786e-010
21977	1.9191e-010
21978	1.8984e-010
21979	2.0764e-010
21980	2.0116e-010
21981	2.0846e-010
21982	2.1956e-010
21983	2.1299e-010
21984	2.3238e-010
21985	2.2492e-010
21986	2.3785e-010
21987	2.4036e-010
21988	2.4526e-010
21989	2.5446e-010
21990	2.5484e-010
21991	2.675e-010
21992	2.6641e-010
21993	2.7948e-010
21994	2.7997e-010
21995	2.906e-010
21996	2.9547e-010
21997	3.0059e-010
21998	3.129e-010
21999	3.1119e-010
22000	3.2923e-010
22001	3.2738e-010
22002	3.3766e-010
22003	3.4952e-010
22004	3.5046e-010
22005	3.6255e-010
22006	3.7247e-010
22007	3.7609e-010
22008	3.8469e-010
22009	4.011e-010
22010	4.019e-010
22011	4.1275e-010
22012	4.2181e-010
22013	4.3596e-010
22014	4.4153e-010
22015	4.5162e-010
22016	4.6151e-010
22017	4.7261e-010
22018	4.8355e-010
22019	4.9397e-010
22020	5.0698e-010
22021	5.1652e-010
22022	5.2846e-010
22023	5.4035e-010
22024	5.5247e-010
22025	5.65e-010
22026	5.759e-010
22027	5.9423e-010
22028	6.0386e-010
22029	6.1887e-010
22030	6.3261e-010
22031	6.4336e-010
22032	6.5661e-010
22033	6.7899e-010
22034	7.0249e-010
22035	6.9743e-010
22036	6.9636e-010
22037	7.0477e-010
22038	6.8402e-010
22039	6.5844e-010
22040	6.4496e-010
22041	6.3675e-010
22042	6.2408e-010
22043	6.0765e-010
22044	6.062e-010
22045	5.7953e-010
22046	5.72e-010
22047	5.5959e-010
22048	5.4772e-010
22049	5.3548e-010
22050	5.2251e-010
22051	5.2109e-010
22052	5.0183e-010
22053	4.9481e-010
22054	4.8343e-010
22055	4.6738e-010
22056	4.5904e-010
22057	4.4408e-010
22058	4.8208e-010
22059	4.2579e-010
22060	4.1797e-010
22061	3.8093e-010
22062	4.7172e-010
22063	3.7886e-010
22064	3.6243e-010
22065	3.9906e-010
22066	3.7268e-010
22067	3.2439e-010
22068	3.899e-010
22069	3.3749e-010
22070	3.0625e-010
22071	4.0199e-010
22072	2.7356e-010
22073	3.5763e-010
22074	2.9153e-010
22075	2.9948e-010
22076	3.0854e-010
22077	2.6239e-010
22078	3.1174e-010
22079	2.4293e-010
22080	3.0039e-010
22081	2.3592e-010
22082	2.7434e-010
22083	2.4004e-010
22084	2.3707e-010
22085	2.5291e-010
22086	1.9158e-010
22087	2.8131e-010
22088	1.6395e-010
22089	2.3621e-010
22090	1.7591e-010
22091	1.6184e-010
22092	3.1417e-010
22093	1.781e-010
22094	2.9941e-010
22095	5.377e-010
22096	6.9612e-010
22097	6.4844e-010
22098	9.4016e-010
22099	1.8664e-009
22100	1.6726e-009
22101	5.4379e-011
22102	3.6364e-011
22103	9.713e-011
22104	1.4934e-010
22105	1.4816e-010
22106	1.567e-010
22107	1.6034e-010
22108	1.6003e-010
22109	1.7233e-010
22110	1.6934e-010
22111	1.7486e-010
22112	1.8273e-010
22113	1.8012e-010
22114	1.9279e-010
22115	1.8975e-010
22116	1.9849e-010
22117	2.0138e-010
22118	2.057e-010
22119	2.1242e-010
22120	2.1434e-010
22121	2.2295e-010
22122	2.2425e-010
22123	2.3304e-010
22124	2.3527e-010
22125	2.4277e-010
22126	2.4736e-010
22127	2.5226e-010
22128	2.6081e-010
22129	2.625e-010
22130	2.7386e-010
22131	2.754e-010
22132	2.8297e-010
22133	2.914e-010
22134	2.9466e-010
22135	3.0335e-010
22136	3.111e-010
22137	3.1594e-010
22138	3.2319e-010
22139	3.3415e-010
22140	3.3763e-010
22141	3.4595e-010
22142	3.5376e-010
22143	3.6394e-010
22144	3.7e-010
22145	3.7832e-010
22146	3.8683e-010
22147	3.959e-010
22148	4.05e-010
22149	4.1392e-010
22150	4.2411e-010
22151	4.3267e-010
22152	4.4265e-010
22153	4.5278e-010
22154	4.6298e-010
22155	4.7334e-010
22156	4.8309e-010
22157	4.9642e-010
22158	5.0586e-010
22159	5.179e-010
22160	5.2916e-010
22161	5.3972e-010
22162	5.514e-010
22163	5.674e-010
22164	5.8356e-010
22165	5.8779e-010
22166	5.8741e-010
22167	5.8513e-010
22168	5.7041e-010
22169	5.5339e-010
22170	5.4196e-010
22171	5.3261e-010
22172	5.219e-010
22173	5.0981e-010
22174	5.0427e-010
22175	4.87e-010
22176	4.7867e-010
22177	4.6846e-010
22178	4.5847e-010
22179	4.484e-010
22180	4.3834e-010
22181	4.337e-010
22182	4.2074e-010
22183	4.1335e-010
22184	4.0398e-010
22185	3.9267e-010
22186	3.85e-010
22187	3.7625e-010
22188	3.9033e-010
22189	3.6067e-010
22190	3.5273e-010
22191	3.2149e-010
22192	3.8494e-010
22193	3.2374e-010
22194	3.1085e-010
22195	3.249e-010
22196	3.0867e-010
22197	2.8454e-010
22198	3.1376e-010
22199	2.8448e-010
22200	2.7005e-010
22201	3.1781e-010
22202	2.4895e-010
22203	2.8634e-010
22204	2.5166e-010
22205	2.5142e-010
22206	2.5283e-010
22207	2.2764e-010
22208	2.5146e-010
22209	2.136e-010
22210	2.4213e-010
22211	2.0527e-010
22212	2.2387e-010
22213	2.0288e-010
22214	1.9866e-010
22215	2.0513e-010
22216	1.6949e-010
22217	2.2032e-010
22218	1.4767e-010
22219	1.8316e-010
22220	1.4168e-010
22221	1.4448e-010
22222	2.3985e-010
22223	1.603e-010
22224	2.639e-010
22225	4.7188e-010
22226	5.8799e-010
22227	6.3479e-010
22228	8.0391e-010
22229	1.52e-009
22230	1.4155e-009
22231	5.438e-011
22232	3.6366e-011
22233	9.7131e-011
22234	1.4934e-010
22235	1.4816e-010
22236	1.5671e-010
22237	1.6034e-010
22238	1.6003e-010
22239	1.7233e-010
22240	1.6935e-010
22241	1.7486e-010
22242	1.8273e-010
22243	1.8012e-010
22244	1.9279e-010
22245	1.8975e-010
22246	1.9849e-010
22247	2.0138e-010
22248	2.057e-010
22249	2.1242e-010
22250	2.1433e-010
22251	2.2295e-010
22252	2.2424e-010
22253	2.3304e-010
22254	2.3526e-010
22255	2.4276e-010
22256	2.4736e-010
22257	2.5227e-010
22258	2.608e-010
22259	2.625e-010
22260	2.7386e-010
22261	2.754e-010
22262	2.8297e-010
22263	2.914e-010
22264	2.9466e-010
22265	3.0335e-010
22266	3.111e-010
22267	3.1594e-010
22268	3.232e-010
22269	3.3415e-010
22270	3.3762e-010
22271	3.4596e-010
22272	3.5376e-010
22273	3.6394e-010
22274	3.7e-010
22275	3.7831e-010
22276	3.8684e-010
22277	3.959e-010
22278	4.05e-010
22279	4.1393e-010
22280	4.2412e-010
22281	4.3268e-010
22282	4.4265e-010
22283	4.5278e-010
22284	4.6298e-010
22285	4.7335e-010
22286	4.8307e-010
22287	4.9643e-010
22288	5.0585e-010
22289	5.179e-010
22290	5.2917e-010
22291	5.3968e-010
22292	5.514e-010
22293	5.6738e-010
22294	5.8356e-010
22295	5.8779e-010
22296	5.8741e-010
22297	5.8513e-010
22298	5.7041e-010
22299	5.5339e-010
22300	5.4196e-010
22301	5.3261e-010
22302	5.219e-010
22303	5.0982e-010
22304	5.0428e-010
22305	4.8698e-010
22306	4.7867e-010
22307	4.6846e-010
22308	4.5848e-010
22309	4.484e-010
22310	4.3834e-010
22311	4.337e-010
22312	4.2074e-010
22313	4.1336e-010
22314	4.0399e-010
22315	3.9257e-010
22316	3.8476e-010
22317	3.7725e-010
22318	3.8525e-010
22319	3.6159e-010
22320	3.5246e-010
22321	3.2165e-010
22322	3.8504e-010
22323	3.2402e-010
22324	3.1078e-010
22325	3.2493e-010
22326	3.0867e-010
22327	2.8454e-010
22328	3.1376e-010
22329	2.8448e-010
22330	2.7005e-010
22331	3.1781e-010
22332	2.4895e-010
22333	2.8634e-010
22334	2.5166e-010
22335	2.5142e-010
22336	2.5283e-010
22337	2.2764e-010
22338	2.5145e-010
22339	2.136e-010
22340	2.4213e-010
22341	2.0526e-010
22342	2.2387e-010
22343	2.0288e-010
22344	1.9866e-010
22345	2.0513e-010
22346	1.6949e-010
22347	2.2032e-010
22348	1.4767e-010
22349	1.8316e-010
22350	1.4168e-010
22351	1.4448e-010
22352	2.3985e-010
22353	1.603e-010
22354	2.639e-010
22355	4.7186e-010
22356	5.8799e-010
22357	6.3478e-010
22358	8.0391e-010
22359	1.52e-009
22360	1.4155e-009
22361	1.1279e-010
22362	8.6379e-011
22363	1.3652e-010
22364	1.7911e-010
22365	1.7629e-010
22366	1.8786e-010
22367	1.9191e-010
22368	1.8984e-010
22369	2.0764e-010
22370	2.0116e-010
22371	2.0846e-010
22372	2.1957e-010
22373	2.1299e-010
22374	2.3238e-010
22375	2.2492e-010
22376	2.3785e-010
22377	2.4037e-010
22378	2.4526e-010
22379	2.5447e-010
22380	2.5485e-010
22381	2.675e-010
22382	2.6641e-010
22383	2.7948e-010
22384	2.7996e-010
22385	2.906e-010
22386	2.9547e-010
22387	3.0059e-010
22388	3.129e-010
22389	3.1119e-010
22390	3.2922e-010
22391	3.2738e-010
22392	3.3766e-010
22393	3.4951e-010
22394	3.5046e-010
22395	3.6255e-010
22396	3.7247e-010
22397	3.761e-010
22398	3.8469e-010
22399	4.0109e-010
22400	4.019e-010
22401	4.1276e-010
22402	4.2181e-010
22403	4.3596e-010
22404	4.4153e-010
22405	4.5162e-010
22406	4.6151e-010
22407	4.7261e-010
22408	4.8355e-010
22409	4.9397e-010
22410	5.0699e-010
22411	5.1652e-010
22412	5.2847e-010
22413	5.4034e-010
22414	5.5247e-010
22415	5.65e-010
22416	5.759e-010
22417	5.9423e-010
22418	6.0385e-010
22419	6.1887e-010
22420	6.3262e-010
22421	6.4336e-010
22422	6.5661e-010
22423	6.7898e-010
22424	7.025e-010
22425	6.9744e-010
22426	6.9636e-010
22427	7.0476e-010
22428	6.8402e-010
22429	6.5845e-010
22430	6.4495e-010
22431	6.3675e-010
22432	6.2408e-010
22433	6.0767e-010
22434	6.062e-010
22435	5.7953e-010
22436	5.72e-010
22437	5.5959e-010
22438	5.4771e-010
22439	5.3547e-010
22440	5.2252e-010
22441	5.2109e-010
22442	5.0184e-010
22443	4.9481e-010
22444	4.8341e-010
22445	4.674e-010
22446	4.5848e-010
22447	4.4605e-010
22448	4.7785e-010
22449	4.2762e-010
22450	4.173e-010
22451	3.8138e-010
22452	4.7107e-010
22453	3.7926e-010
22454	3.623e-010
22455	3.9907e-010
22456	3.7266e-010
22457	3.2439e-010
22458	3.899e-010
22459	3.3749e-010
22460	3.0625e-010
22461	4.0199e-010
22462	2.7356e-010
22463	3.5763e-010
22464	2.9152e-010
22465	2.9948e-010
22466	3.0854e-010
22467	2.6239e-010
22468	3.1174e-010
22469	2.4293e-010
22470	3.0039e-010
22471	2.3592e-010
22472	2.7434e-010
22473	2.4003e-010
22474	2.3707e-010
22475	2.5291e-010
22476	1.9158e-010
22477	2.8131e-010
22478	1.6395e-010
22479	2.3621e-010
22480	1.7591e-010
22481	1.6184e-010
22482	3.1417e-010
22483	1.781e-010
22484	2.9941e-010
22485	5.3771e-010
22486	6.9612e-010
22487	6.4844e-010
22488	9.4016e-010
22489	1.8664e-009
22490	1.6726e-009
22491	5.435e-011
22492	3.6391e-011
22493	9.7121e-011
22494	1.493e-010
22495	1.4813e-010
22496	1.567e-010
22497	1.6032e-010
22498	1.6001e-010
22499	1.7229e-010
22500	1.693e-010
22501	1.7481e-010
22502	1.8268e-010
22503	1.8003e-010
22504	1.9268e-010
22505	1.8964e-010
22506	1.9842e-010
22507	2.0131e-010
22508	2.0558e-010
22509	2.1229e-010
22510	2.1426e-010
22511	2.2284e-010
22512	2.2412e-010
22513	2.3286e-010
22514	2.3509e-010
22515	2.4266e-010
22516	2.4736e-010
22517	2.5225e-010
22518	2.6063e-010
22519	2.6219e-010
22520	2.7354e-010
22521	2.752e-010
22522	2.8281e-010
22523	2.9124e-010
22524	2.9453e-010
22525	3.0322e-010
22526	3.1089e-010
22527	3.1565e-010
22528	3.2289e-010
22529	3.3378e-010
22530	3.3733e-010
22531	3.4558e-010
22532	3.5338e-010
22533	3.6363e-010
22534	3.6976e-010
22535	3.7812e-010
22536	3.866e-010
22537	3.9561e-010
22538	4.0471e-010
22539	4.1367e-010
22540	4.2383e-010
22541	4.3254e-010
22542	4.4241e-010
22543	4.5236e-010
22544	4.6249e-010
22545	4.7287e-010
22546	4.826e-010
22547	4.9619e-010
22548	5.0578e-010
22549	5.1769e-010
22550	5.291e-010
22551	5.3974e-010
22552	5.5129e-010
22553	5.673e-010
22554	5.8362e-010
22555	5.8786e-010
22556	5.8758e-010
22557	5.8528e-010
22558	5.7052e-010
22559	5.5348e-010
22560	5.4197e-010
22561	5.3253e-010
22562	5.2181e-010
22563	5.0968e-010
22564	5.0409e-010
22565	4.8675e-010
22566	4.7843e-010
22567	4.6827e-010
22568	4.5833e-010
22569	4.4824e-010
22570	4.3815e-010
22571	4.334e-010
22572	4.2047e-010
22573	4.1311e-010
22574	4.0377e-010
22575	3.9244e-010
22576	3.847e-010
22577	3.7628e-010
22578	3.9059e-010
22579	3.6076e-010
22580	3.5257e-010
22581	3.213e-010
22582	3.8485e-010
22583	3.2354e-010
22584	3.109e-010
22585	3.2515e-010
22586	3.0891e-010
22587	2.8483e-010
22588	3.1414e-010
22589	2.8495e-010
22590	2.7055e-010
22591	3.1822e-010
22592	2.4943e-010
22593	2.8669e-010
22594	2.5206e-010
22595	2.5176e-010
22596	2.5315e-010
22597	2.2793e-010
22598	2.5166e-010
22599	2.1382e-010
22600	2.4229e-010
22601	2.0542e-010
22602	2.2399e-010
22603	2.0293e-010
22604	1.987e-010
22605	2.0516e-010
22606	1.6948e-010
22607	2.2049e-010
22608	1.477e-010
22609	1.8326e-010
22610	1.4188e-010
22611	1.4462e-010
22612	2.3964e-010
22613	1.6064e-010
22614	2.6444e-010
22615	4.724e-010
22616	5.8789e-010
22617	6.3485e-010
22618	8.0376e-010
22619	1.52e-009
22620	1.4162e-009
22621	5.4288e-011
22622	3.6276e-011
22623	9.6901e-011
22624	1.49e-010
22625	1.4782e-010
22626	1.564e-010
22627	1.6e-010
22628	1.5966e-010
22629	1.7192e-010
22630	1.689e-010
22631	1.744e-010
22632	1.8225e-010
22633	1.7964e-010
22634	1.9232e-010
22635	1.8931e-010
22636	1.9811e-010
22637	2.0098e-010
22638	2.0523e-010
22639	2.1194e-010
22640	2.1389e-010
22641	2.2252e-010
22642	2.2378e-010
22643	2.3255e-010
22644	2.348e-010
22645	2.4231e-010
22646	2.4693e-010
22647	2.5178e-010
22648	2.602e-010
22649	2.6177e-010
22650	2.7309e-010
22651	2.7466e-010
22652	2.8228e-010
22653	2.9073e-010
22654	2.9398e-010
22655	3.0256e-010
22656	3.1013e-010
22657	3.1487e-010
22658	3.2217e-010
22659	3.3317e-010
22660	3.3675e-010
22661	3.4488e-010
22662	3.5259e-010
22663	3.6283e-010
22664	3.6901e-010
22665	3.7734e-010
22666	3.8587e-010
22667	3.9499e-010
22668	4.0401e-010
22669	4.1289e-010
22670	4.2298e-010
22671	4.318e-010
22672	4.4157e-010
22673	4.5161e-010
22674	4.6178e-010
22675	4.7211e-010
22676	4.8204e-010
22677	4.9557e-010
22678	5.0509e-010
22679	5.1705e-010
22680	5.2854e-010
22681	5.3928e-010
22682	5.509e-010
22683	5.6695e-010
22684	5.8313e-010
22685	5.8731e-010
22686	5.8719e-010
22687	5.8498e-010
22688	5.7022e-010
22689	5.5319e-010
22690	5.4169e-010
22691	5.3235e-010
22692	5.2167e-010
22693	5.0948e-010
22694	5.039e-010
22695	4.866e-010
22696	4.7821e-010
22697	4.6812e-010
22698	4.5821e-010
22699	4.4816e-010
22700	4.381e-010
22701	4.3347e-010
22702	4.2063e-010
22703	4.1329e-010
22704	4.0408e-010
22705	3.9272e-010
22706	3.8483e-010
22707	3.7772e-010
22708	3.8618e-010
22709	3.6219e-010
22710	3.5262e-010
22711	3.2268e-010
22712	3.815e-010
22713	3.2511e-010
22714	3.1124e-010
22715	3.2569e-010
22716	3.0943e-010
22717	2.8527e-010
22718	3.1449e-010
22719	2.8524e-010
22720	2.7089e-010
22721	3.1865e-010
22722	2.4987e-010
22723	2.8719e-010
22724	2.5258e-010
22725	2.5237e-010
22726	2.5378e-010
22727	2.285e-010
22728	2.5214e-010
22729	2.1422e-010
22730	2.4268e-010
22731	2.0576e-010
22732	2.2432e-010
22733	2.0325e-010
22734	1.9899e-010
22735	2.0546e-010
22736	1.6975e-010
22737	2.2079e-010
22738	1.4807e-010
22739	1.8364e-010
22740	1.4232e-010
22741	1.4498e-010
22742	2.3984e-010
22743	1.6081e-010
22744	2.6457e-010
22745	4.7254e-010
22746	5.881e-010
22747	6.3474e-010
22748	8.0369e-010
22749	1.5201e-009
22750	1.4163e-009
22751	1.1267e-010
22752	8.6281e-011
22753	1.3633e-010
22754	1.7887e-010
22755	1.7611e-010
22756	1.8769e-010
22757	1.9171e-010
22758	1.8956e-010
22759	2.0726e-010
22760	2.0082e-010
22761	2.0816e-010
22762	2.1927e-010
22763	2.1272e-010
22764	2.3208e-010
22765	2.2466e-010
22766	2.376e-010
22767	2.4011e-010
22768	2.45e-010
22769	2.5418e-010
22770	2.5456e-010
22771	2.672e-010
22772	2.6613e-010
22773	2.7915e-010
22774	2.7956e-010
22775	2.9015e-010
22776	2.9501e-010
22777	3.0015e-010
22778	3.1244e-010
22779	3.1071e-010
22780	3.2872e-010
22781	3.2693e-010
22782	3.3718e-010
22783	3.4891e-010
22784	3.4985e-010
22785	3.619e-010
22786	3.7175e-010
22787	3.7538e-010
22788	3.8432e-010
22789	4.0001e-010
22790	4.0154e-010
22791	4.1189e-010
22792	4.2096e-010
22793	4.3538e-010
22794	4.4103e-010
22795	4.5106e-010
22796	4.6098e-010
22797	4.7222e-010
22798	4.8296e-010
22799	4.9322e-010
22800	5.06e-010
22801	5.1566e-010
22802	5.2764e-010
22803	5.3996e-010
22804	5.5208e-010
22805	5.6445e-010
22806	5.7538e-010
22807	5.9362e-010
22808	6.031e-010
22809	6.1806e-010
22810	6.321e-010
22811	6.4315e-010
22812	6.5646e-010
22813	6.7877e-010
22814	7.0226e-010
22815	6.9718e-010
22816	6.9617e-010
22817	7.0464e-010
22818	6.8387e-010
22819	6.5849e-010
22820	6.45e-010
22821	6.3671e-010
22822	6.2403e-010
22823	6.0749e-010
22824	6.0604e-010
22825	5.7948e-010
22826	5.7198e-010
22827	5.5956e-010
22828	5.477e-010
22829	5.3537e-010
22830	5.2237e-010
22831	5.2109e-010
22832	5.0196e-010
22833	4.9493e-010
22834	4.8355e-010
22835	4.6753e-010
22836	4.5841e-010
22837	4.469e-010
22838	4.7435e-010
22839	4.2848e-010
22840	4.1667e-010
22841	3.8318e-010
22842	4.6398e-010
22843	3.814e-010
22844	3.6228e-010
22845	3.9986e-010
22846	3.7346e-010
22847	3.2514e-010
22848	3.9075e-010
22849	3.3831e-010
22850	3.0708e-010
22851	4.0293e-010
22852	2.7429e-010
22853	3.5847e-010
22854	2.9213e-010
22855	3.001e-010
22856	3.0921e-010
22857	2.6289e-010
22858	3.1233e-010
22859	2.433e-010
22860	3.0087e-010
22861	2.3619e-010
22862	2.7469e-010
22863	2.4023e-010
22864	2.3719e-010
22865	2.5312e-010
22866	1.916e-010
22867	2.8176e-010
22868	1.6409e-010
22869	2.3669e-010
22870	1.7636e-010
22871	1.622e-010
22872	3.1439e-010
22873	1.783e-010
22874	2.997e-010
22875	5.3802e-010
22876	6.9633e-010
22877	6.4807e-010
22878	9.3993e-010
22879	1.8666e-009
22880	1.6729e-009
22881	5.4286e-011
22882	3.6277e-011
22883	9.6901e-011
22884	1.49e-010
22885	1.4782e-010
22886	1.564e-010
22887	1.6e-010
22888	1.5967e-010
22889	1.7192e-010
22890	1.6891e-010
22891	1.744e-010
22892	1.8225e-010
22893	1.7964e-010
22894	1.9232e-010
22895	1.8931e-010
22896	1.9811e-010
22897	2.0098e-010
22898	2.0523e-010
22899	2.1193e-010
22900	2.1389e-010
22901	2.2252e-010
22902	2.2378e-010
22903	2.3255e-010
22904	2.348e-010
22905	2.4231e-010
22906	2.4693e-010
22907	2.5178e-010
22908	2.602e-010
22909	2.6177e-010
22910	2.7309e-010
22911	2.7466e-010
22912	2.8228e-010
22913	2.9073e-010
22914	2.9398e-010
22915	3.0256e-010
22916	3.1012e-010
22917	3.1483e-010
22918	3.2237e-010
22919	3.326e-010
22920	3.3695e-010
22921	3.4486e-010
22922	3.5257e-010
22923	3.6283e-010
22924	3.6901e-010
22925	3.7734e-010
22926	3.8586e-010
22927	3.9499e-010
22928	4.0401e-010
22929	4.1289e-010
22930	4.2298e-010
22931	4.318e-010
22932	4.4157e-010
22933	4.5161e-010
22934	4.6178e-010
22935	4.7212e-010
22936	4.8204e-010
22937	4.9556e-010
22938	5.0509e-010
22939	5.1705e-010
22940	5.2854e-010
22941	5.3928e-010
22942	5.509e-010
22943	5.6695e-010
22944	5.8313e-010
22945	5.8731e-010
22946	5.8719e-010
22947	5.8498e-010
22948	5.7022e-010
22949	5.5319e-010
22950	5.4169e-010
22951	5.3236e-010
22952	5.2167e-010
22953	5.0948e-010
22954	5.039e-010
22955	4.866e-010
22956	4.7821e-010
22957	4.6812e-010
22958	4.5821e-010
22959	4.4818e-010
22960	4.381e-010
22961	4.3346e-010
22962	4.2062e-010
22963	4.1329e-010
22964	4.0409e-010
22965	3.9277e-010
22966	3.8469e-010
22967	3.7804e-010
22968	3.8631e-010
22969	3.6243e-010
22970	3.5233e-010
22971	3.2282e-010
22972	3.7912e-010
22973	3.2532e-010
22974	3.1114e-010
22975	3.2566e-010
22976	3.0944e-010
22977	2.8526e-010
22978	3.1449e-010
22979	2.8524e-010
22980	2.7089e-010
22981	3.1865e-010
22982	2.4987e-010
22983	2.8719e-010
22984	2.5259e-010
22985	2.5236e-010
22986	2.5378e-010
22987	2.285e-010
22988	2.5214e-010
22989	2.1422e-010
22990	2.4268e-010
22991	2.0576e-010
22992	2.2432e-010
22993	2.0325e-010
22994	1.9899e-010
22995	2.0546e-010
22996	1.6975e-010
22997	2.2079e-010
22998	1.4807e-010
22999	1.8364e-010
23000	1.4232e-010
23001	1.4498e-010
23002	2.3984e-010
23003	1.6081e-010
23004	2.6457e-010
23005	4.7254e-010
23006	5.881e-010
23007	6.3473e-010
23008	8.0368e-010
23009	1.5201e-009
23010	1.4163e-009
23011	5.4348e-011
23012	3.6392e-011
23013	9.7121e-011
23014	1.493e-010
23015	1.4813e-010
23016	1.5671e-010
23017	1.6032e-010
23018	1.6001e-010
23019	1.7229e-010
23020	1.693e-010
23021	1.7481e-010
23022	1.8267e-010
23023	1.8003e-010
23024	1.9268e-010
23025	1.8964e-010
23026	1.9842e-010
23027	2.0131e-010
23028	2.0558e-010
23029	2.123e-010
23030	2.1426e-010
23031	2.2284e-010
23032	2.2412e-010
23033	2.3286e-010
23034	2.3509e-010
23035	2.4265e-010
23036	2.4737e-010
23037	2.5226e-010
23038	2.6061e-010
23039	2.622e-010
23040	2.7354e-010
23041	2.752e-010
23042	2.8281e-010
23043	2.9124e-010
23044	2.9453e-010
23045	3.0323e-010
23046	3.1089e-010
23047	3.1561e-010
23048	3.2309e-010
23049	3.3343e-010
23050	3.3752e-010
23051	3.4552e-010
23052	3.5337e-010
23053	3.6363e-010
23054	3.6976e-010
23055	3.7812e-010
23056	3.866e-010
23057	3.9561e-010
23058	4.0468e-010
23059	4.1365e-010
23060	4.2384e-010
23061	4.325e-010
23062	4.424e-010
23063	4.5236e-010
23064	4.625e-010
23065	4.7287e-010
23066	4.826e-010
23067	4.9616e-010
23068	5.0579e-010
23069	5.1769e-010
23070	5.291e-010
23071	5.3974e-010
23072	5.513e-010
23073	5.673e-010
23074	5.8362e-010
23075	5.8786e-010
23076	5.8758e-010
23077	5.8528e-010
23078	5.7052e-010
23079	5.5348e-010
23080	5.4197e-010
23081	5.3254e-010
23082	5.2183e-010
23083	5.0969e-010
23084	5.041e-010
23085	4.8673e-010
23086	4.7842e-010
23087	4.6827e-010
23088	4.5833e-010
23089	4.4825e-010
23090	4.3813e-010
23091	4.3337e-010
23092	4.2048e-010
23093	4.131e-010
23094	4.0378e-010
23095	3.924e-010
23096	3.843e-010
23097	3.7771e-010
23098	3.8567e-010
23099	3.6201e-010
23100	3.521e-010
23101	3.2125e-010
23102	3.8258e-010
23103	3.2366e-010
23104	3.1081e-010
23105	3.2512e-010
23106	3.0892e-010
23107	2.8484e-010
23108	3.1414e-010
23109	2.8495e-010
23110	2.7055e-010
23111	3.1822e-010
23112	2.4943e-010
23113	2.8669e-010
23114	2.5206e-010
23115	2.5176e-010
23116	2.5315e-010
23117	2.2793e-010
23118	2.5166e-010
23119	2.1381e-010
23120	2.4229e-010
23121	2.0542e-010
23122	2.24e-010
23123	2.0294e-010
23124	1.987e-010
23125	2.0516e-010
23126	1.6946e-010
23127	2.2049e-010
23128	1.477e-010
23129	1.8325e-010
23130	1.4188e-010
23131	1.4462e-010
23132	2.3965e-010
23133	1.6064e-010
23134	2.6444e-010
23135	4.724e-010
23136	5.8789e-010
23137	6.3485e-010
23138	8.0376e-010
23139	1.52e-009
23140	1.4162e-009
23141	1.1278e-010
23142	8.6381e-011
23143	1.3652e-010
23144	1.791e-010
23145	1.7629e-010
23146	1.8786e-010
23147	1.9191e-010
23148	1.8983e-010
23149	2.0764e-010
23150	2.0116e-010
23151	2.0846e-010
23152	2.1957e-010
23153	2.1299e-010
23154	2.3238e-010
23155	2.2492e-010
23156	2.3786e-010
23157	2.4036e-010
23158	2.4526e-010
23159	2.5446e-010
23160	2.5485e-010
23161	2.675e-010
23162	2.6641e-010
23163	2.7948e-010
23164	2.7997e-010
23165	2.9059e-010
23166	2.9546e-010
23167	3.0059e-010
23168	3.1289e-010
23169	3.1119e-010
23170	3.2922e-010
23171	3.2738e-010
23172	3.3766e-010
23173	3.4952e-010
23174	3.5046e-010
23175	3.6254e-010
23176	3.7247e-010
23177	3.76e-010
23178	3.8512e-010
23179	4.0033e-010
23180	4.0237e-010
23181	4.1266e-010
23182	4.2181e-010
23183	4.3595e-010
23184	4.4153e-010
23185	4.5162e-010
23186	4.6151e-010
23187	4.7261e-010
23188	4.8355e-010
23189	4.9398e-010
23190	5.0698e-010
23191	5.1654e-010
23192	5.2847e-010
23193	5.4035e-010
23194	5.5248e-010
23195	5.65e-010
23196	5.759e-010
23197	5.9422e-010
23198	6.0385e-010
23199	6.1887e-010
23200	6.3261e-010
23201	6.4335e-010
23202	6.5661e-010
23203	6.7899e-010
23204	7.025e-010
23205	6.9744e-010
23206	6.9636e-010
23207	7.0476e-010
23208	6.8402e-010
23209	6.5845e-010
23210	6.4495e-010
23211	6.3675e-010
23212	6.2408e-010
23213	6.0767e-010
23214	6.062e-010
23215	5.7952e-010
23216	5.72e-010
23217	5.596e-010
23218	5.477e-010
23219	5.3548e-010
23220	5.2252e-010
23221	5.2108e-010
23222	5.0184e-010
23223	4.948e-010
23224	4.8339e-010
23225	4.6733e-010
23226	4.582e-010
23227	4.4705e-010
23228	4.7307e-010
23229	4.2851e-010
23230	4.1675e-010
23231	3.8216e-010
23232	4.7004e-010
23233	3.8009e-010
23234	3.6205e-010
23235	3.9909e-010
23236	3.7266e-010
23237	3.2439e-010
23238	3.899e-010
23239	3.3749e-010
23240	3.0625e-010
23241	4.0199e-010
23242	2.7356e-010
23243	3.5763e-010
23244	2.9153e-010
23245	2.9948e-010
23246	3.0854e-010
23247	2.6239e-010
23248	3.1174e-010
23249	2.4293e-010
23250	3.0039e-010
23251	2.3592e-010
23252	2.7434e-010
23253	2.4003e-010
23254	2.3706e-010
23255	2.5292e-010
23256	1.9158e-010
23257	2.813e-010
23258	1.6395e-010
23259	2.3621e-010
23260	1.7591e-010
23261	1.6185e-010
23262	3.1418e-010
23263	1.781e-010
23264	2.9941e-010
23265	5.3771e-010
23266	6.9612e-010
23267	6.4844e-010
23268	9.4016e-010
23269	1.8664e-009
23270	1.6726e-009
23271	5.4377e-011
23272	3.6366e-011
23273	9.7132e-011
23274	1.4934e-010
23275	1.4816e-010
23276	1.5671e-010
23277	1.6033e-010
23278	1.6002e-010
23279	1.7234e-010
23280	1.6935e-010
23281	1.7487e-010
23282	1.8274e-010
23283	1.8011e-010
23284	1.9278e-010
23285	1.8974e-010
23286	1.9849e-010
23287	2.0138e-010
23288	2.0571e-010
23289	2.1243e-010
23290	2.1434e-010
23291	2.2295e-010
23292	2.2424e-010
23293	2.3303e-010
23294	2.3526e-010
23295	2.4276e-010
23296	2.4734e-010
23297	2.5227e-010
23298	2.6081e-010
23299	2.625e-010
23300	2.7385e-010
23301	2.754e-010
23302	2.8297e-010
23303	2.914e-010
23304	2.9466e-010
23305	3.0335e-010
23306	3.1111e-010
23307	3.1591e-010
23308	3.234e-010
23309	3.3377e-010
23310	3.3784e-010
23311	3.459e-010
23312	3.5374e-010
23313	3.6395e-010
23314	3.7001e-010
23315	3.7832e-010
23316	3.8682e-010
23317	3.959e-010
23318	4.0501e-010
23319	4.1394e-010
23320	4.2412e-010
23321	4.3268e-010
23322	4.4266e-010
23323	4.5276e-010
23324	4.63e-010
23325	4.7333e-010
23326	4.8308e-010
23327	4.9643e-010
23328	5.0585e-010
23329	5.1787e-010
23330	5.2918e-010
23331	5.3969e-010
23332	5.514e-010
23333	5.6738e-010
23334	5.8358e-010
23335	5.878e-010
23336	5.8742e-010
23337	5.8513e-010
23338	5.7041e-010
23339	5.5339e-010
23340	5.4195e-010
23341	5.3261e-010
23342	5.2192e-010
23343	5.0981e-010
23344	5.0426e-010
23345	4.8699e-010
23346	4.7865e-010
23347	4.6846e-010
23348	4.5849e-010
23349	4.4839e-010
23350	4.3831e-010
23351	4.3367e-010
23352	4.2074e-010
23353	4.1333e-010
23354	4.0396e-010
23355	3.9267e-010
23356	3.845e-010
23357	3.7776e-010
23358	3.8559e-010
23359	3.6203e-010
23360	3.5224e-010
23361	3.2112e-010
23362	3.8471e-010
23363	3.2344e-010
23364	3.1082e-010
23365	3.2492e-010
23366	3.0867e-010
23367	2.8456e-010
23368	3.1376e-010
23369	2.8448e-010
23370	2.7005e-010
23371	3.1781e-010
23372	2.4895e-010
23373	2.8633e-010
23374	2.5167e-010
23375	2.5143e-010
23376	2.5283e-010
23377	2.2765e-010
23378	2.5145e-010
23379	2.1361e-010
23380	2.4214e-010
23381	2.0525e-010
23382	2.2387e-010
23383	2.0288e-010
23384	1.9867e-010
23385	2.0513e-010
23386	1.695e-010
23387	2.2031e-010
23388	1.4767e-010
23389	1.8316e-010
23390	1.4169e-010
23391	1.4448e-010
23392	2.3985e-010
23393	1.603e-010
23394	2.639e-010
23395	4.7187e-010
23396	5.88e-010
23397	6.3478e-010
23398	8.039e-010
23399	1.52e-009
23400	1.4155e-009
