Element Number	Structural Error (J)
1	4.121e-010
2	5.2145e-010
3	1.2238e-010
4	5.7995e-011
5	5.985e-011
6	5.3053e-011
7	5.4502e-011
8	5.9198e-011
9	5.5358e-011
10	5.9616e-011
11	6.0481e-011
12	5.9766e-011
13	6.5219e-011
14	6.2088e-011
15	6.7568e-011
16	6.6464e-011
17	6.891e-011
18	7.059e-011
19	7.1034e-011
20	7.4349e-011
21	7.3752e-011
22	7.7814e-011
23	7.7203e-011
24	8.1046e-011
25	8.1335e-011
26	8.3872e-011
27	8.6381e-011
28	8.6204e-011
29	9.1296e-011
30	8.9501e-011
31	9.4732e-011
32	9.5857e-011
33	9.6498e-011
34	1.0118e-010
35	1.019e-010
36	1.036e-010
37	1.0789e-010
38	1.0992e-010
39	1.1017e-010
40	1.1498e-010
41	1.1738e-010
42	1.1986e-010
43	1.2091e-010
44	1.2505e-010
45	1.279e-010
46	1.3087e-010
47	1.3358e-010
48	1.3655e-010
49	1.3971e-010
50	1.4208e-010
51	1.4598e-010
52	1.4936e-010
53	1.527e-010
54	1.5612e-010
55	1.5969e-010
56	1.6391e-010
57	1.6583e-010
58	1.7103e-010
59	1.7459e-010
60	1.787e-010
61	1.8433e-010
62	1.8927e-010
63	1.9039e-010
64	1.9193e-010
65	2.0534e-010
66	2.0635e-010
67	1.9273e-010
68	1.9083e-010
69	1.9216e-010
70	1.8818e-010
71	1.8226e-010
72	1.7825e-010
73	1.755e-010
74	1.6741e-010
75	1.6918e-010
76	1.6416e-010
77	1.6095e-010
78	1.5786e-010
79	1.5508e-010
80	1.5241e-010
81	1.457e-010
82	1.4698e-010
83	1.4395e-010
84	1.4187e-010
85	1.4214e-010
86	1.4139e-010
87	1.4438e-010
88	1.2621e-010
89	1.4173e-010
90	1.3722e-010
91	1.4456e-010
92	1.2092e-010
93	1.3813e-010
94	1.3985e-010
95	1.1212e-010
96	1.1505e-010
97	1.4131e-010
98	1.0797e-010
99	1.2614e-010
100	1.5228e-010
101	1.1467e-010
102	1.5357e-010
103	1.0485e-010
104	1.3931e-010
105	1.2234e-010
106	1.0528e-010
107	1.1438e-010
108	9.1092e-011
109	1.17e-010
110	8.6848e-011
111	1.0876e-010
112	8.7356e-011
113	9.7584e-011
114	9.6279e-011
115	8.4951e-011
116	1.25e-010
117	1.0067e-010
118	1.2938e-010
119	7.9856e-011
120	8.7447e-011
121	9.2672e-011
122	7.7593e-011
123	9.667e-011
124	9.2364e-011
125	1.1439e-010
126	3.3764e-010
127	1.0056e-009
128	1.3502e-009
129	2.496e-009
130	1.4789e-009
131	3.199e-010
132	4.568e-010
133	9.577e-011
134	5.8781e-011
135	6.3325e-011
136	6.228e-011
137	6.2158e-011
138	6.3385e-011
139	6.3609e-011
140	5.9311e-011
141	5.9613e-011
142	6.0929e-011
143	5.8787e-011
144	6.32e-011
145	6.0627e-011
146	6.3536e-011
147	6.4184e-011
148	6.5494e-011
149	6.7892e-011
150	6.793e-011
151	7.1463e-011
152	7.0878e-011
153	7.4731e-011
154	7.4506e-011
155	7.772e-011
156	7.8693e-011
157	7.9821e-011
158	8.3787e-011
159	8.2326e-011
160	8.8213e-011
161	8.671e-011
162	8.9625e-011
163	9.3453e-011
164	9.2683e-011
165	9.6363e-011
166	9.9443e-011
167	9.9574e-011
168	1.0226e-010
169	1.0724e-010
170	1.0684e-010
171	1.0923e-010
172	1.1204e-010
173	1.1649e-010
174	1.1742e-010
175	1.1968e-010
176	1.2231e-010
177	1.2559e-010
178	1.2856e-010
179	1.3132e-010
180	1.3482e-010
181	1.3712e-010
182	1.4021e-010
183	1.4345e-010
184	1.4675e-010
185	1.5006e-010
186	1.5293e-010
187	1.587e-010
188	1.6083e-010
189	1.65e-010
190	1.6856e-010
191	1.7063e-010
192	1.743e-010
193	1.8245e-010
194	1.9024e-010
195	1.8492e-010
196	1.8459e-010
197	1.9181e-010
198	1.8534e-010
199	1.7588e-010
200	1.7211e-010
201	1.7126e-010
202	1.6825e-010
203	1.639e-010
204	1.6545e-010
205	1.5557e-010
206	1.5392e-010
207	1.5103e-010
208	1.4791e-010
209	1.4468e-010
210	1.415e-010
211	1.4415e-010
212	1.3767e-010
213	1.3714e-010
214	1.3381e-010
215	1.2749e-010
216	1.2742e-010
217	1.2814e-010
218	1.52e-010
219	1.2481e-010
220	1.1713e-010
221	1.1863e-010
222	1.574e-010
223	1.1741e-010
224	1.062e-010
225	1.3094e-010
226	1.1646e-010
227	9.7219e-011
228	1.406e-010
229	1.1141e-010
230	1.0823e-010
231	1.7096e-010
232	9.2842e-011
233	1.4101e-010
234	1.1044e-010
235	1.103e-010
236	1.132e-010
237	9.176e-011
238	1.1466e-010
239	8.1384e-011
240	1.1077e-010
241	8.0217e-011
242	9.8781e-011
243	8.4631e-011
244	8.6387e-011
245	9.3551e-011
246	8.5401e-011
247	1.4341e-010
248	8.2557e-011
249	1.0094e-010
250	7.3138e-011
251	7.4384e-011
252	1.1056e-010
253	8.7092e-011
254	1.17e-010
255	1.3719e-010
256	3.8555e-010
257	1.0144e-009
258	1.3721e-009
259	2.3031e-009
260	1.2222e-009
261	4.1199e-010
262	5.2132e-010
263	1.2233e-010
264	5.7949e-011
265	5.9808e-011
266	5.3022e-011
267	5.4475e-011
268	5.9167e-011
269	5.5333e-011
270	5.9586e-011
271	6.0451e-011
272	5.9738e-011
273	6.5188e-011
274	6.2056e-011
275	6.7556e-011
276	6.6473e-011
277	6.8914e-011
278	7.0564e-011
279	7.099e-011
280	7.4302e-011
281	7.3716e-011
282	7.7797e-011
283	7.7185e-011
284	8.0996e-011
285	8.128e-011
286	8.3858e-011
287	8.637e-011
288	8.6154e-011
289	9.1275e-011
290	8.9523e-011
291	9.4774e-011
292	9.5876e-011
293	9.6472e-011
294	1.0117e-010
295	1.0189e-010
296	1.0355e-010
297	1.0783e-010
298	1.1005e-010
299	1.099e-010
300	1.1506e-010
301	1.1731e-010
302	1.1982e-010
303	1.2085e-010
304	1.2498e-010
305	1.2792e-010
306	1.3088e-010
307	1.3352e-010
308	1.3648e-010
309	1.3962e-010
310	1.4215e-010
311	1.4593e-010
312	1.4925e-010
313	1.5269e-010
314	1.5612e-010
315	1.5972e-010
316	1.64e-010
317	1.6583e-010
318	1.7109e-010
319	1.746e-010
320	1.788e-010
321	1.8437e-010
322	1.8935e-010
323	1.9032e-010
324	1.9217e-010
325	2.0532e-010
326	2.0643e-010
327	1.9261e-010
328	1.9086e-010
329	1.9213e-010
330	1.882e-010
331	1.822e-010
332	1.7821e-010
333	1.7543e-010
334	1.6739e-010
335	1.6909e-010
336	1.6415e-010
337	1.6096e-010
338	1.5786e-010
339	1.55e-010
340	1.5283e-010
341	1.4459e-010
342	1.4735e-010
343	1.4385e-010
344	1.4193e-010
345	1.4217e-010
346	1.4144e-010
347	1.4434e-010
348	1.2619e-010
349	1.4171e-010
350	1.3723e-010
351	1.4454e-010
352	1.2095e-010
353	1.3815e-010
354	1.3987e-010
355	1.1213e-010
356	1.1505e-010
357	1.4131e-010
358	1.0801e-010
359	1.2617e-010
360	1.5229e-010
361	1.1467e-010
362	1.5358e-010
363	1.0486e-010
364	1.3931e-010
365	1.2235e-010
366	1.0535e-010
367	1.1445e-010
368	9.1128e-011
369	1.1705e-010
370	8.6861e-011
371	1.0879e-010
372	8.7401e-011
373	9.7623e-011
374	9.6305e-011
375	8.4962e-011
376	1.2504e-010
377	1.0071e-010
378	1.2943e-010
379	7.9872e-011
380	8.7474e-011
381	9.2681e-011
382	7.7598e-011
383	9.6679e-011
384	9.2413e-011
385	1.1443e-010
386	3.3765e-010
387	1.0056e-009
388	1.3502e-009
389	2.4961e-009
390	1.479e-009
391	4.1206e-010
392	5.2143e-010
393	1.2232e-010
394	5.7934e-011
395	5.9796e-011
396	5.3013e-011
397	5.446e-011
398	5.9139e-011
399	5.5293e-011
400	5.9534e-011
401	6.0389e-011
402	5.9685e-011
403	6.5175e-011
404	6.2084e-011
405	6.7572e-011
406	6.6461e-011
407	6.8885e-011
408	7.0532e-011
409	7.0974e-011
410	7.4321e-011
411	7.3754e-011
412	7.7836e-011
413	7.7216e-011
414	8.1007e-011
415	8.1281e-011
416	8.3843e-011
417	8.6367e-011
418	8.6187e-011
419	9.1341e-011
420	8.9589e-011
421	9.4829e-011
422	9.5891e-011
423	9.6458e-011
424	1.0115e-010
425	1.0185e-010
426	1.035e-010
427	1.0778e-010
428	1.1003e-010
429	1.0981e-010
430	1.1499e-010
431	1.1729e-010
432	1.1982e-010
433	1.2078e-010
434	1.2489e-010
435	1.2783e-010
436	1.3082e-010
437	1.335e-010
438	1.3641e-010
439	1.3955e-010
440	1.4209e-010
441	1.4592e-010
442	1.4927e-010
443	1.5265e-010
444	1.5605e-010
445	1.5972e-010
446	1.6397e-010
447	1.6586e-010
448	1.7106e-010
449	1.7464e-010
450	1.7891e-010
451	1.8444e-010
452	1.8927e-010
453	1.9036e-010
454	1.922e-010
455	2.0533e-010
456	2.0637e-010
457	1.927e-010
458	1.9086e-010
459	1.9214e-010
460	1.8817e-010
461	1.8213e-010
462	1.7815e-010
463	1.7549e-010
464	1.6733e-010
465	1.692e-010
466	1.6411e-010
467	1.6094e-010
468	1.5769e-010
469	1.5487e-010
470	1.5274e-010
471	1.446e-010
472	1.4737e-010
473	1.4391e-010
474	1.4195e-010
475	1.422e-010
476	1.4142e-010
477	1.4429e-010
478	1.262e-010
479	1.4171e-010
480	1.3725e-010
481	1.4457e-010
482	1.2098e-010
483	1.3816e-010
484	1.3987e-010
485	1.1214e-010
486	1.151e-010
487	1.4138e-010
488	1.0808e-010
489	1.2627e-010
490	1.524e-010
491	1.1478e-010
492	1.5371e-010
493	1.0497e-010
494	1.3944e-010
495	1.2247e-010
496	1.0543e-010
497	1.1453e-010
498	9.1257e-011
499	1.1715e-010
500	8.6963e-011
501	1.0889e-010
502	8.748e-011
503	9.7707e-011
504	9.6398e-011
505	8.503e-011
506	1.2513e-010
507	1.0072e-010
508	1.2949e-010
509	7.9926e-011
510	8.7522e-011
511	9.2733e-011
512	7.7622e-011
513	9.6725e-011
514	9.2454e-011
515	1.1448e-010
516	3.3762e-010
517	1.0056e-009
518	1.3502e-009
519	2.496e-009
520	1.4791e-009
521	3.1998e-010
522	4.568e-010
523	9.573e-011
524	5.8731e-011
525	6.3301e-011
526	6.2274e-011
527	6.2132e-011
528	6.3289e-011
529	6.3469e-011
530	5.9163e-011
531	5.9504e-011
532	6.0855e-011
533	5.8735e-011
534	6.3158e-011
535	6.0594e-011
536	6.3494e-011
537	6.4123e-011
538	6.5402e-011
539	6.7818e-011
540	6.7913e-011
541	7.1486e-011
542	7.0889e-011
543	7.4705e-011
544	7.4437e-011
545	7.7598e-011
546	7.8541e-011
547	7.9735e-011
548	8.3854e-011
549	8.2482e-011
550	8.8396e-011
551	8.6846e-011
552	8.9651e-011
553	9.3354e-011
554	9.2625e-011
555	9.6312e-011
556	9.9251e-011
557	9.9406e-011
558	1.0198e-010
559	1.0728e-010
560	1.0653e-010
561	1.0917e-010
562	1.1193e-010
563	1.1625e-010
564	1.1728e-010
565	1.1965e-010
566	1.2221e-010
567	1.2542e-010
568	1.2836e-010
569	1.311e-010
570	1.347e-010
571	1.371e-010
572	1.4016e-010
573	1.434e-010
574	1.4677e-010
575	1.5009e-010
576	1.5296e-010
577	1.5871e-010
578	1.6077e-010
579	1.6491e-010
580	1.6878e-010
581	1.7089e-010
582	1.7425e-010
583	1.8258e-010
584	1.905e-010
585	1.8506e-010
586	1.845e-010
587	1.9184e-010
588	1.8561e-010
589	1.7606e-010
590	1.7204e-010
591	1.7117e-010
592	1.682e-010
593	1.6392e-010
594	1.656e-010
595	1.5548e-010
596	1.538e-010
597	1.5076e-010
598	1.4767e-010
599	1.4448e-010
600	1.4151e-010
601	1.4415e-010
602	1.3774e-010
603	1.3723e-010
604	1.3389e-010
605	1.2755e-010
606	1.2747e-010
607	1.28e-010
608	1.5212e-010
609	1.2471e-010
610	1.1715e-010
611	1.1862e-010
612	1.5736e-010
613	1.1743e-010
614	1.062e-010
615	1.3098e-010
616	1.1653e-010
617	9.7297e-011
618	1.4073e-010
619	1.1158e-010
620	1.0842e-010
621	1.7118e-010
622	9.3053e-011
623	1.4132e-010
624	1.1065e-010
625	1.1051e-010
626	1.1342e-010
627	9.1941e-011
628	1.1487e-010
629	8.1591e-011
630	1.11e-010
631	8.0404e-011
632	9.8991e-011
633	8.4818e-011
634	8.6603e-011
635	9.3768e-011
636	8.5535e-011
637	1.4362e-010
638	8.2652e-011
639	1.0103e-010
640	7.3248e-011
641	7.4486e-011
642	1.1068e-010
643	8.7197e-011
644	1.1715e-010
645	1.3733e-010
646	3.857e-010
647	1.0144e-009
648	1.3722e-009
649	2.3031e-009
650	1.2222e-009
651	4.1206e-010
652	5.2143e-010
653	1.2232e-010
654	5.7934e-011
655	5.9796e-011
656	5.3013e-011
657	5.446e-011
658	5.9139e-011
659	5.5293e-011
660	5.9534e-011
661	6.0389e-011
662	5.9685e-011
663	6.5175e-011
664	6.2084e-011
665	6.7572e-011
666	6.6461e-011
667	6.8885e-011
668	7.0532e-011
669	7.0973e-011
670	7.4321e-011
671	7.3754e-011
672	7.7836e-011
673	7.7216e-011
674	8.1007e-011
675	8.1281e-011
676	8.3843e-011
677	8.6367e-011
678	8.6187e-011
679	9.134e-011
680	8.9589e-011
681	9.4829e-011
682	9.5891e-011
683	9.6459e-011
684	1.0114e-010
685	1.0185e-010
686	1.035e-010
687	1.0778e-010
688	1.1007e-010
689	1.0977e-010
690	1.1504e-010
691	1.1728e-010
692	1.1982e-010
693	1.2078e-010
694	1.2489e-010
695	1.2783e-010
696	1.3082e-010
697	1.335e-010
698	1.3641e-010
699	1.3955e-010
700	1.4209e-010
701	1.4592e-010
702	1.4927e-010
703	1.5265e-010
704	1.5605e-010
705	1.5972e-010
706	1.6397e-010
707	1.6586e-010
708	1.7106e-010
709	1.7464e-010
710	1.7891e-010
711	1.8444e-010
712	1.8927e-010
713	1.9036e-010
714	1.922e-010
715	2.0533e-010
716	2.0637e-010
717	1.927e-010
718	1.9086e-010
719	1.9214e-010
720	1.8818e-010
721	1.8213e-010
722	1.7815e-010
723	1.7549e-010
724	1.6733e-010
725	1.692e-010
726	1.6411e-010
727	1.6094e-010
728	1.5768e-010
729	1.5497e-010
730	1.5237e-010
731	1.4573e-010
732	1.4699e-010
733	1.4397e-010
734	1.4193e-010
735	1.422e-010
736	1.4141e-010
737	1.4428e-010
738	1.2621e-010
739	1.4171e-010
740	1.3724e-010
741	1.4457e-010
742	1.2099e-010
743	1.3816e-010
744	1.3987e-010
745	1.1214e-010
746	1.151e-010
747	1.4138e-010
748	1.0808e-010
749	1.2627e-010
750	1.524e-010
751	1.1478e-010
752	1.5371e-010
753	1.0497e-010
754	1.3944e-010
755	1.2247e-010
756	1.0543e-010
757	1.1453e-010
758	9.1257e-011
759	1.1715e-010
760	8.6963e-011
761	1.0889e-010
762	8.748e-011
763	9.7707e-011
764	9.6398e-011
765	8.503e-011
766	1.2513e-010
767	1.0072e-010
768	1.2949e-010
769	7.9926e-011
770	8.7522e-011
771	9.2733e-011
772	7.7622e-011
773	9.6725e-011
774	9.2454e-011
775	1.1448e-010
776	3.3762e-010
777	1.0056e-009
778	1.3502e-009
779	2.496e-009
780	1.4791e-009
781	4.1199e-010
782	5.2132e-010
783	1.2233e-010
784	5.7949e-011
785	5.9808e-011
786	5.3022e-011
787	5.4475e-011
788	5.9167e-011
789	5.5333e-011
790	5.9586e-011
791	6.0451e-011
792	5.9738e-011
793	6.5188e-011
794	6.2056e-011
795	6.7556e-011
796	6.6473e-011
797	6.8915e-011
798	7.0564e-011
799	7.099e-011
800	7.4302e-011
801	7.3716e-011
802	7.7797e-011
803	7.7185e-011
804	8.0996e-011
805	8.128e-011
806	8.3858e-011
807	8.637e-011
808	8.6154e-011
809	9.1275e-011
810	8.9524e-011
811	9.4773e-011
812	9.5876e-011
813	9.6472e-011
814	1.0117e-010
815	1.0189e-010
816	1.0355e-010
817	1.0783e-010
818	1.1011e-010
819	1.0982e-010
820	1.1513e-010
821	1.1732e-010
822	1.1981e-010
823	1.2085e-010
824	1.2498e-010
825	1.2792e-010
826	1.3088e-010
827	1.3352e-010
828	1.3648e-010
829	1.3962e-010
830	1.4215e-010
831	1.4593e-010
832	1.4925e-010
833	1.5269e-010
834	1.5612e-010
835	1.5972e-010
836	1.64e-010
837	1.6583e-010
838	1.7109e-010
839	1.746e-010
840	1.788e-010
841	1.8437e-010
842	1.8935e-010
843	1.9032e-010
844	1.9217e-010
845	2.0532e-010
846	2.0643e-010
847	1.9261e-010
848	1.9086e-010
849	1.9214e-010
850	1.882e-010
851	1.822e-010
852	1.7821e-010
853	1.7543e-010
854	1.6739e-010
855	1.6909e-010
856	1.6415e-010
857	1.6096e-010
858	1.5786e-010
859	1.5509e-010
860	1.5241e-010
861	1.4585e-010
862	1.4693e-010
863	1.4391e-010
864	1.4192e-010
865	1.4218e-010
866	1.4142e-010
867	1.4429e-010
868	1.2625e-010
869	1.4167e-010
870	1.3721e-010
871	1.4455e-010
872	1.2095e-010
873	1.3815e-010
874	1.3987e-010
875	1.1213e-010
876	1.1505e-010
877	1.4131e-010
878	1.0801e-010
879	1.2617e-010
880	1.5229e-010
881	1.1467e-010
882	1.5358e-010
883	1.0486e-010
884	1.3931e-010
885	1.2235e-010
886	1.0535e-010
887	1.1445e-010
888	9.1128e-011
889	1.1705e-010
890	8.6861e-011
891	1.0879e-010
892	8.74e-011
893	9.7623e-011
894	9.6305e-011
895	8.4963e-011
896	1.2504e-010
897	1.0071e-010
898	1.2943e-010
899	7.9872e-011
900	8.7474e-011
901	9.2681e-011
902	7.7598e-011
903	9.6679e-011
904	9.2413e-011
905	1.1443e-010
906	3.3765e-010
907	1.0056e-009
908	1.3502e-009
909	2.4961e-009
910	1.479e-009
911	3.199e-010
912	4.568e-010
913	9.577e-011
914	5.8781e-011
915	6.3325e-011
916	6.228e-011
917	6.2158e-011
918	6.3385e-011
919	6.3609e-011
920	5.9312e-011
921	5.9613e-011
922	6.0929e-011
923	5.8787e-011
924	6.32e-011
925	6.0627e-011
926	6.3536e-011
927	6.4184e-011
928	6.5493e-011
929	6.7892e-011
930	6.793e-011
931	7.1463e-011
932	7.0877e-011
933	7.4731e-011
934	7.4506e-011
935	7.772e-011
936	7.8693e-011
937	7.9822e-011
938	8.3786e-011
939	8.2326e-011
940	8.8213e-011
941	8.671e-011
942	8.9626e-011
943	9.3452e-011
944	9.2684e-011
945	9.6362e-011
946	9.9445e-011
947	9.9591e-011
948	1.0212e-010
949	1.0755e-010
950	1.067e-010
951	1.0925e-010
952	1.1205e-010
953	1.1649e-010
954	1.1742e-010
955	1.1969e-010
956	1.2231e-010
957	1.2559e-010
958	1.2856e-010
959	1.3132e-010
960	1.3482e-010
961	1.3712e-010
962	1.4021e-010
963	1.4345e-010
964	1.4675e-010
965	1.5006e-010
966	1.5294e-010
967	1.587e-010
968	1.6083e-010
969	1.65e-010
970	1.6856e-010
971	1.7063e-010
972	1.743e-010
973	1.8245e-010
974	1.9024e-010
975	1.8492e-010
976	1.8459e-010
977	1.9181e-010
978	1.8534e-010
979	1.7588e-010
980	1.7211e-010
981	1.7126e-010
982	1.6826e-010
983	1.639e-010
984	1.6545e-010
985	1.5558e-010
986	1.5392e-010
987	1.5103e-010
988	1.4791e-010
989	1.446e-010
990	1.4177e-010
991	1.439e-010
992	1.3792e-010
993	1.3709e-010
994	1.3381e-010
995	1.2749e-010
996	1.2743e-010
997	1.2809e-010
998	1.5194e-010
999	1.2475e-010
1000	1.1714e-010
1001	1.1864e-010
1002	1.5738e-010
1003	1.1742e-010
1004	1.062e-010
1005	1.3094e-010
1006	1.1646e-010
1007	9.7219e-011
1008	1.4061e-010
1009	1.1141e-010
1010	1.0823e-010
1011	1.7096e-010
1012	9.2842e-011
1013	1.4101e-010
1014	1.1044e-010
1015	1.103e-010
1016	1.132e-010
1017	9.1761e-011
1018	1.1466e-010
1019	8.1385e-011
1020	1.1077e-010
1021	8.0217e-011
1022	9.8781e-011
1023	8.4631e-011
1024	8.6387e-011
1025	9.3551e-011
1026	8.5401e-011
1027	1.4341e-010
1028	8.2557e-011
1029	1.0094e-010
1030	7.3137e-011
1031	7.4384e-011
1032	1.1056e-010
1033	8.7092e-011
1034	1.17e-010
1035	1.3719e-010
1036	3.8555e-010
1037	1.0144e-009
1038	1.3721e-009
1039	2.3031e-009
1040	1.2222e-009
1041	4.121e-010
1042	5.2145e-010
1043	1.2238e-010
1044	5.7995e-011
1045	5.985e-011
1046	5.3053e-011
1047	5.4502e-011
1048	5.9198e-011
1049	5.5358e-011
1050	5.9616e-011
1051	6.0481e-011
1052	5.9766e-011
1053	6.5219e-011
1054	6.2088e-011
1055	6.7568e-011
1056	6.6464e-011
1057	6.891e-011
1058	7.059e-011
1059	7.1033e-011
1060	7.4349e-011
1061	7.3752e-011
1062	7.7814e-011
1063	7.7203e-011
1064	8.1045e-011
1065	8.1335e-011
1066	8.3872e-011
1067	8.6381e-011
1068	8.6205e-011
1069	9.1296e-011
1070	8.9501e-011
1071	9.4732e-011
1072	9.5857e-011
1073	9.6498e-011
1074	1.0118e-010
1075	1.019e-010
1076	1.036e-010
1077	1.0786e-010
1078	1.1011e-010
1079	1.0986e-010
1080	1.1518e-010
1081	1.1735e-010
1082	1.1986e-010
1083	1.2091e-010
1084	1.2505e-010
1085	1.2791e-010
1086	1.3087e-010
1087	1.3358e-010
1088	1.3655e-010
1089	1.3971e-010
1090	1.4208e-010
1091	1.4598e-010
1092	1.4936e-010
1093	1.527e-010
1094	1.5612e-010
1095	1.5969e-010
1096	1.6391e-010
1097	1.6583e-010
1098	1.7103e-010
1099	1.7459e-010
1100	1.787e-010
1101	1.8433e-010
1102	1.8927e-010
1103	1.9039e-010
1104	1.9193e-010
1105	2.0534e-010
1106	2.0635e-010
1107	1.9273e-010
1108	1.9083e-010
1109	1.9216e-010
1110	1.8818e-010
1111	1.8226e-010
1112	1.7825e-010
1113	1.755e-010
1114	1.6741e-010
1115	1.6918e-010
1116	1.6416e-010
1117	1.6095e-010
1118	1.5787e-010
1119	1.5508e-010
1120	1.5236e-010
1121	1.4583e-010
1122	1.4693e-010
1123	1.4394e-010
1124	1.4188e-010
1125	1.4214e-010
1126	1.4145e-010
1127	1.4416e-010
1128	1.263e-010
1129	1.4152e-010
1130	1.3727e-010
1131	1.4456e-010
1132	1.2091e-010
1133	1.3812e-010
1134	1.3985e-010
1135	1.1212e-010
1136	1.1505e-010
1137	1.4131e-010
1138	1.0797e-010
1139	1.2614e-010
1140	1.5228e-010
1141	1.1467e-010
1142	1.5357e-010
1143	1.0485e-010
1144	1.3931e-010
1145	1.2234e-010
1146	1.0528e-010
1147	1.1438e-010
1148	9.1092e-011
1149	1.17e-010
1150	8.6848e-011
1151	1.0876e-010
1152	8.7356e-011
1153	9.7584e-011
1154	9.6279e-011
1155	8.4951e-011
1156	1.25e-010
1157	1.0067e-010
1158	1.2938e-010
1159	7.9856e-011
1160	8.7447e-011
1161	9.2672e-011
1162	7.7593e-011
1163	9.667e-011
1164	9.2364e-011
1165	1.1439e-010
1166	3.3764e-010
1167	1.0056e-009
1168	1.3502e-009
1169	2.496e-009
1170	1.4789e-009
1171	4.121e-010
1172	5.2145e-010
1173	1.2238e-010
1174	5.7995e-011
1175	5.985e-011
1176	5.3053e-011
1177	5.4502e-011
1178	5.9198e-011
1179	5.5358e-011
1180	5.9616e-011
1181	6.0481e-011
1182	5.9766e-011
1183	6.5219e-011
1184	6.2088e-011
1185	6.7568e-011
1186	6.6464e-011
1187	6.891e-011
1188	7.059e-011
1189	7.1034e-011
1190	7.4349e-011
1191	7.3752e-011
1192	7.7814e-011
1193	7.7203e-011
1194	8.1045e-011
1195	8.1335e-011
1196	8.3872e-011
1197	8.6381e-011
1198	8.6204e-011
1199	9.1296e-011
1200	8.95e-011
1201	9.4732e-011
1202	9.5857e-011
1203	9.6498e-011
1204	1.0118e-010
1205	1.019e-010
1206	1.036e-010
1207	1.0786e-010
1208	1.1011e-010
1209	1.0986e-010
1210	1.1518e-010
1211	1.1735e-010
1212	1.1986e-010
1213	1.2091e-010
1214	1.2505e-010
1215	1.279e-010
1216	1.3087e-010
1217	1.3358e-010
1218	1.3655e-010
1219	1.3971e-010
1220	1.4208e-010
1221	1.4598e-010
1222	1.4936e-010
1223	1.527e-010
1224	1.5612e-010
1225	1.5969e-010
1226	1.6391e-010
1227	1.6583e-010
1228	1.7103e-010
1229	1.7459e-010
1230	1.787e-010
1231	1.8433e-010
1232	1.8927e-010
1233	1.9039e-010
1234	1.9193e-010
1235	2.0534e-010
1236	2.0635e-010
1237	1.9273e-010
1238	1.9083e-010
1239	1.9216e-010
1240	1.8818e-010
1241	1.8226e-010
1242	1.7825e-010
1243	1.755e-010
1244	1.6741e-010
1245	1.6918e-010
1246	1.6416e-010
1247	1.6095e-010
1248	1.5786e-010
1249	1.5508e-010
1250	1.5237e-010
1251	1.4581e-010
1252	1.4694e-010
1253	1.4394e-010
1254	1.4187e-010
1255	1.4216e-010
1256	1.4143e-010
1257	1.4426e-010
1258	1.2632e-010
1259	1.416e-010
1260	1.3725e-010
1261	1.4458e-010
1262	1.209e-010
1263	1.3812e-010
1264	1.3985e-010
1265	1.1212e-010
1266	1.1505e-010
1267	1.4131e-010
1268	1.0797e-010
1269	1.2614e-010
1270	1.5228e-010
1271	1.1467e-010
1272	1.5357e-010
1273	1.0485e-010
1274	1.3931e-010
1275	1.2234e-010
1276	1.0528e-010
1277	1.1438e-010
1278	9.1092e-011
1279	1.17e-010
1280	8.6848e-011
1281	1.0876e-010
1282	8.7357e-011
1283	9.7585e-011
1284	9.6279e-011
1285	8.4951e-011
1286	1.25e-010
1287	1.0067e-010
1288	1.2938e-010
1289	7.9856e-011
1290	8.7447e-011
1291	9.2672e-011
1292	7.7593e-011
1293	9.667e-011
1294	9.2364e-011
1295	1.1439e-010
1296	3.3764e-010
1297	1.0056e-009
1298	1.3502e-009
1299	2.496e-009
1300	1.4789e-009
1301	3.199e-010
1302	4.568e-010
1303	9.577e-011
1304	5.8781e-011
1305	6.3325e-011
1306	6.228e-011
1307	6.2158e-011
1308	6.3385e-011
1309	6.3609e-011
1310	5.9312e-011
1311	5.9613e-011
1312	6.0929e-011
1313	5.8787e-011
1314	6.32e-011
1315	6.0627e-011
1316	6.3536e-011
1317	6.4184e-011
1318	6.5493e-011
1319	6.7892e-011
1320	6.793e-011
1321	7.1463e-011
1322	7.0877e-011
1323	7.4731e-011
1324	7.4506e-011
1325	7.772e-011
1326	7.8693e-011
1327	7.9822e-011
1328	8.3787e-011
1329	8.2326e-011
1330	8.8213e-011
1331	8.671e-011
1332	8.9626e-011
1333	9.3452e-011
1334	9.2683e-011
1335	9.6363e-011
1336	9.9446e-011
1337	9.9591e-011
1338	1.0212e-010
1339	1.0755e-010
1340	1.067e-010
1341	1.0925e-010
1342	1.1205e-010
1343	1.1649e-010
1344	1.1742e-010
1345	1.1969e-010
1346	1.2231e-010
1347	1.2559e-010
1348	1.2856e-010
1349	1.3132e-010
1350	1.3482e-010
1351	1.3712e-010
1352	1.4021e-010
1353	1.4345e-010
1354	1.4675e-010
1355	1.5006e-010
1356	1.5294e-010
1357	1.587e-010
1358	1.6083e-010
1359	1.65e-010
1360	1.6856e-010
1361	1.7063e-010
1362	1.743e-010
1363	1.8245e-010
1364	1.9024e-010
1365	1.8492e-010
1366	1.8459e-010
1367	1.9181e-010
1368	1.8534e-010
1369	1.7588e-010
1370	1.7211e-010
1371	1.7126e-010
1372	1.6826e-010
1373	1.639e-010
1374	1.6545e-010
1375	1.5558e-010
1376	1.5392e-010
1377	1.5103e-010
1378	1.4792e-010
1379	1.4461e-010
1380	1.4169e-010
1381	1.4408e-010
1382	1.3785e-010
1383	1.3709e-010
1384	1.3382e-010
1385	1.2746e-010
1386	1.2738e-010
1387	1.2852e-010
1388	1.5122e-010
1389	1.2511e-010
1390	1.1709e-010
1391	1.1863e-010
1392	1.5738e-010
1393	1.1742e-010
1394	1.0619e-010
1395	1.3094e-010
1396	1.1646e-010
1397	9.7219e-011
1398	1.406e-010
1399	1.1141e-010
1400	1.0823e-010
1401	1.7096e-010
1402	9.2841e-011
1403	1.4101e-010
1404	1.1044e-010
1405	1.103e-010
1406	1.132e-010
1407	9.1761e-011
1408	1.1466e-010
1409	8.1384e-011
1410	1.1077e-010
1411	8.0217e-011
1412	9.8782e-011
1413	8.4631e-011
1414	8.6387e-011
1415	9.3552e-011
1416	8.54e-011
1417	1.4341e-010
1418	8.2557e-011
1419	1.0094e-010
1420	7.3137e-011
1421	7.4384e-011
1422	1.1056e-010
1423	8.7092e-011
1424	1.17e-010
1425	1.3719e-010
1426	3.8555e-010
1427	1.0144e-009
1428	1.3721e-009
1429	2.3031e-009
1430	1.2222e-009
1431	4.1199e-010
1432	5.2132e-010
1433	1.2233e-010
1434	5.7949e-011
1435	5.9808e-011
1436	5.3022e-011
1437	5.4475e-011
1438	5.9167e-011
1439	5.5333e-011
1440	5.9586e-011
1441	6.0451e-011
1442	5.9738e-011
1443	6.5188e-011
1444	6.2056e-011
1445	6.7556e-011
1446	6.6473e-011
1447	6.8915e-011
1448	7.0564e-011
1449	7.099e-011
1450	7.4302e-011
1451	7.3716e-011
1452	7.7797e-011
1453	7.7185e-011
1454	8.0996e-011
1455	8.128e-011
1456	8.3858e-011
1457	8.6369e-011
1458	8.6154e-011
1459	9.1275e-011
1460	8.9524e-011
1461	9.4774e-011
1462	9.5876e-011
1463	9.6472e-011
1464	1.0117e-010
1465	1.0189e-010
1466	1.0355e-010
1467	1.0783e-010
1468	1.1011e-010
1469	1.0982e-010
1470	1.1513e-010
1471	1.1732e-010
1472	1.1981e-010
1473	1.2085e-010
1474	1.2498e-010
1475	1.2792e-010
1476	1.3088e-010
1477	1.3352e-010
1478	1.3648e-010
1479	1.3962e-010
1480	1.4215e-010
1481	1.4593e-010
1482	1.4925e-010
1483	1.5269e-010
1484	1.5612e-010
1485	1.5972e-010
1486	1.64e-010
1487	1.6583e-010
1488	1.7109e-010
1489	1.746e-010
1490	1.788e-010
1491	1.8437e-010
1492	1.8935e-010
1493	1.9032e-010
1494	1.9217e-010
1495	2.0532e-010
1496	2.0643e-010
1497	1.9261e-010
1498	1.9086e-010
1499	1.9213e-010
1500	1.882e-010
1501	1.822e-010
1502	1.7821e-010
1503	1.7543e-010
1504	1.6739e-010
1505	1.6909e-010
1506	1.6415e-010
1507	1.6096e-010
1508	1.5784e-010
1509	1.5506e-010
1510	1.5266e-010
1511	1.4599e-010
1512	1.4717e-010
1513	1.4387e-010
1514	1.419e-010
1515	1.4221e-010
1516	1.4146e-010
1517	1.4418e-010
1518	1.2637e-010
1519	1.4154e-010
1520	1.3723e-010
1521	1.4459e-010
1522	1.2093e-010
1523	1.3815e-010
1524	1.3987e-010
1525	1.1213e-010
1526	1.1505e-010
1527	1.4131e-010
1528	1.0801e-010
1529	1.2617e-010
1530	1.5229e-010
1531	1.1467e-010
1532	1.5358e-010
1533	1.0486e-010
1534	1.3931e-010
1535	1.2235e-010
1536	1.0535e-010
1537	1.1445e-010
1538	9.1127e-011
1539	1.1705e-010
1540	8.6861e-011
1541	1.0879e-010
1542	8.74e-011
1543	9.7623e-011
1544	9.6305e-011
1545	8.4963e-011
1546	1.2504e-010
1547	1.0071e-010
1548	1.2943e-010
1549	7.9872e-011
1550	8.7474e-011
1551	9.2681e-011
1552	7.7598e-011
1553	9.6679e-011
1554	9.2413e-011
1555	1.1443e-010
1556	3.3765e-010
1557	1.0056e-009
1558	1.3502e-009
1559	2.4961e-009
1560	1.479e-009
1561	4.1206e-010
1562	5.2143e-010
1563	1.2232e-010
1564	5.7934e-011
1565	5.9796e-011
1566	5.3013e-011
1567	5.446e-011
1568	5.9139e-011
1569	5.5293e-011
1570	5.9534e-011
1571	6.0389e-011
1572	5.9685e-011
1573	6.5175e-011
1574	6.2084e-011
1575	6.7572e-011
1576	6.6461e-011
1577	6.8885e-011
1578	7.0532e-011
1579	7.0973e-011
1580	7.4321e-011
1581	7.3754e-011
1582	7.7836e-011
1583	7.7216e-011
1584	8.1007e-011
1585	8.1281e-011
1586	8.3843e-011
1587	8.6366e-011
1588	8.6188e-011
1589	9.1341e-011
1590	8.9589e-011
1591	9.4828e-011
1592	9.5891e-011
1593	9.6458e-011
1594	1.0114e-010
1595	1.0185e-010
1596	1.0349e-010
1597	1.0778e-010
1598	1.1008e-010
1599	1.0975e-010
1600	1.1505e-010
1601	1.1728e-010
1602	1.1982e-010
1603	1.2078e-010
1604	1.2489e-010
1605	1.2783e-010
1606	1.3082e-010
1607	1.335e-010
1608	1.3641e-010
1609	1.3955e-010
1610	1.4209e-010
1611	1.4592e-010
1612	1.4927e-010
1613	1.5265e-010
1614	1.5605e-010
1615	1.5972e-010
1616	1.6397e-010
1617	1.6586e-010
1618	1.7106e-010
1619	1.7464e-010
1620	1.7891e-010
1621	1.8444e-010
1622	1.8927e-010
1623	1.9036e-010
1624	1.922e-010
1625	2.0533e-010
1626	2.0637e-010
1627	1.927e-010
1628	1.9086e-010
1629	1.9214e-010
1630	1.8817e-010
1631	1.8213e-010
1632	1.7815e-010
1633	1.7549e-010
1634	1.6733e-010
1635	1.692e-010
1636	1.6411e-010
1637	1.6094e-010
1638	1.5769e-010
1639	1.5498e-010
1640	1.5275e-010
1641	1.4599e-010
1642	1.4739e-010
1643	1.4399e-010
1644	1.4194e-010
1645	1.4224e-010
1646	1.4144e-010
1647	1.4417e-010
1648	1.2639e-010
1649	1.4159e-010
1650	1.3725e-010
1651	1.4461e-010
1652	1.2096e-010
1653	1.3816e-010
1654	1.3987e-010
1655	1.1214e-010
1656	1.151e-010
1657	1.4138e-010
1658	1.0808e-010
1659	1.2627e-010
1660	1.524e-010
1661	1.1478e-010
1662	1.537e-010
1663	1.0497e-010
1664	1.3944e-010
1665	1.2247e-010
1666	1.0543e-010
1667	1.1453e-010
1668	9.1257e-011
1669	1.1715e-010
1670	8.6963e-011
1671	1.0889e-010
1672	8.748e-011
1673	9.7707e-011
1674	9.6398e-011
1675	8.503e-011
1676	1.2513e-010
1677	1.0072e-010
1678	1.2949e-010
1679	7.9926e-011
1680	8.7522e-011
1681	9.2732e-011
1682	7.7622e-011
1683	9.6726e-011
1684	9.2454e-011
1685	1.1448e-010
1686	3.3762e-010
1687	1.0056e-009
1688	1.3502e-009
1689	2.496e-009
1690	1.4791e-009
1691	3.1998e-010
1692	4.568e-010
1693	9.573e-011
1694	5.8731e-011
1695	6.3301e-011
1696	6.2274e-011
1697	6.2132e-011
1698	6.3289e-011
1699	6.3469e-011
1700	5.9163e-011
1701	5.9504e-011
1702	6.0855e-011
1703	5.8735e-011
1704	6.3158e-011
1705	6.0594e-011
1706	6.3494e-011
1707	6.4123e-011
1708	6.5402e-011
1709	6.7818e-011
1710	6.7913e-011
1711	7.1486e-011
1712	7.0889e-011
1713	7.4705e-011
1714	7.4437e-011
1715	7.7598e-011
1716	7.854e-011
1717	7.9736e-011
1718	8.3854e-011
1719	8.2483e-011
1720	8.8396e-011
1721	8.6846e-011
1722	8.965e-011
1723	9.3354e-011
1724	9.2625e-011
1725	9.6312e-011
1726	9.9252e-011
1727	9.9407e-011
1728	1.0196e-010
1729	1.0734e-010
1730	1.065e-010
1731	1.0917e-010
1732	1.1193e-010
1733	1.1626e-010
1734	1.1728e-010
1735	1.1965e-010
1736	1.2221e-010
1737	1.2542e-010
1738	1.2836e-010
1739	1.311e-010
1740	1.347e-010
1741	1.371e-010
1742	1.4016e-010
1743	1.434e-010
1744	1.4677e-010
1745	1.5009e-010
1746	1.5296e-010
1747	1.5871e-010
1748	1.6077e-010
1749	1.6491e-010
1750	1.6878e-010
1751	1.7089e-010
1752	1.7425e-010
1753	1.8258e-010
1754	1.905e-010
1755	1.8506e-010
1756	1.845e-010
1757	1.9184e-010
1758	1.8561e-010
1759	1.7606e-010
1760	1.7204e-010
1761	1.7117e-010
1762	1.682e-010
1763	1.6392e-010
1764	1.656e-010
1765	1.5548e-010
1766	1.538e-010
1767	1.5075e-010
1768	1.4768e-010
1769	1.4444e-010
1770	1.4152e-010
1771	1.4519e-010
1772	1.3779e-010
1773	1.3724e-010
1774	1.3392e-010
1775	1.2754e-010
1776	1.2742e-010
1777	1.2828e-010
1778	1.5157e-010
1779	1.2495e-010
1780	1.171e-010
1781	1.186e-010
1782	1.5739e-010
1783	1.1741e-010
1784	1.062e-010
1785	1.3098e-010
1786	1.1653e-010
1787	9.7297e-011
1788	1.4073e-010
1789	1.1158e-010
1790	1.0842e-010
1791	1.7118e-010
1792	9.3054e-011
1793	1.4132e-010
1794	1.1065e-010
1795	1.1051e-010
1796	1.1342e-010
1797	9.1941e-011
1798	1.1487e-010
1799	8.1591e-011
1800	1.11e-010
1801	8.0404e-011
1802	9.899e-011
1803	8.4818e-011
1804	8.6603e-011
1805	9.3768e-011
1806	8.5535e-011
1807	1.4362e-010
1808	8.2652e-011
1809	1.0103e-010
1810	7.3248e-011
1811	7.4486e-011
1812	1.1068e-010
1813	8.7197e-011
1814	1.1715e-010
1815	1.3733e-010
1816	3.857e-010
1817	1.0144e-009
1818	1.3722e-009
1819	2.3031e-009
1820	1.2222e-009
1821	4.1206e-010
1822	5.2143e-010
1823	1.2232e-010
1824	5.7934e-011
1825	5.9796e-011
1826	5.3013e-011
1827	5.446e-011
1828	5.9139e-011
1829	5.5293e-011
1830	5.9534e-011
1831	6.0389e-011
1832	5.9685e-011
1833	6.5175e-011
1834	6.2084e-011
1835	6.7572e-011
1836	6.6461e-011
1837	6.8885e-011
1838	7.0532e-011
1839	7.0974e-011
1840	7.4321e-011
1841	7.3754e-011
1842	7.7836e-011
1843	7.7216e-011
1844	8.1007e-011
1845	8.1281e-011
1846	8.3843e-011
1847	8.6366e-011
1848	8.6188e-011
1849	9.1341e-011
1850	8.9589e-011
1851	9.4828e-011
1852	9.5891e-011
1853	9.6458e-011
1854	1.0114e-010
1855	1.0185e-010
1856	1.0349e-010
1857	1.0778e-010
1858	1.1008e-010
1859	1.0976e-010
1860	1.1505e-010
1861	1.1728e-010
1862	1.1981e-010
1863	1.2078e-010
1864	1.2489e-010
1865	1.2783e-010
1866	1.3082e-010
1867	1.335e-010
1868	1.3641e-010
1869	1.3955e-010
1870	1.4209e-010
1871	1.4592e-010
1872	1.4927e-010
1873	1.5265e-010
1874	1.5605e-010
1875	1.5972e-010
1876	1.6397e-010
1877	1.6586e-010
1878	1.7106e-010
1879	1.7464e-010
1880	1.7891e-010
1881	1.8444e-010
1882	1.8927e-010
1883	1.9036e-010
1884	1.922e-010
1885	2.0533e-010
1886	2.0637e-010
1887	1.927e-010
1888	1.9086e-010
1889	1.9214e-010
1890	1.8818e-010
1891	1.8213e-010
1892	1.7815e-010
1893	1.7549e-010
1894	1.6733e-010
1895	1.692e-010
1896	1.6411e-010
1897	1.6094e-010
1898	1.5769e-010
1899	1.5485e-010
1900	1.5335e-010
1901	1.4472e-010
1902	1.48e-010
1903	1.4388e-010
1904	1.4196e-010
1905	1.422e-010
1906	1.4145e-010
1907	1.4419e-010
1908	1.2614e-010
1909	1.4162e-010
1910	1.3727e-010
1911	1.4458e-010
1912	1.2099e-010
1913	1.3816e-010
1914	1.3987e-010
1915	1.1215e-010
1916	1.151e-010
1917	1.4138e-010
1918	1.0808e-010
1919	1.2627e-010
1920	1.524e-010
1921	1.1478e-010
1922	1.5371e-010
1923	1.0497e-010
1924	1.3944e-010
1925	1.2247e-010
1926	1.0543e-010
1927	1.1453e-010
1928	9.1257e-011
1929	1.1715e-010
1930	8.6963e-011
1931	1.0889e-010
1932	8.748e-011
1933	9.7707e-011
1934	9.6398e-011
1935	8.503e-011
1936	1.2513e-010
1937	1.0072e-010
1938	1.2949e-010
1939	7.9926e-011
1940	8.7522e-011
1941	9.2733e-011
1942	7.7622e-011
1943	9.6726e-011
1944	9.2454e-011
1945	1.1448e-010
1946	3.3762e-010
1947	1.0056e-009
1948	1.3502e-009
1949	2.496e-009
1950	1.4791e-009
1951	4.1199e-010
1952	5.2132e-010
1953	1.2233e-010
1954	5.7949e-011
1955	5.9808e-011
1956	5.3022e-011
1957	5.4475e-011
1958	5.9167e-011
1959	5.5333e-011
1960	5.9586e-011
1961	6.0451e-011
1962	5.9738e-011
1963	6.5188e-011
1964	6.2056e-011
1965	6.7556e-011
1966	6.6473e-011
1967	6.8914e-011
1968	7.0564e-011
1969	7.099e-011
1970	7.4302e-011
1971	7.3716e-011
1972	7.7797e-011
1973	7.7185e-011
1974	8.0996e-011
1975	8.128e-011
1976	8.3858e-011
1977	8.637e-011
1978	8.6154e-011
1979	9.1275e-011
1980	8.9523e-011
1981	9.4773e-011
1982	9.5876e-011
1983	9.6471e-011
1984	1.0117e-010
1985	1.0189e-010
1986	1.0355e-010
1987	1.0783e-010
1988	1.1011e-010
1989	1.0982e-010
1990	1.1513e-010
1991	1.1732e-010
1992	1.1981e-010
1993	1.2085e-010
1994	1.2498e-010
1995	1.2792e-010
1996	1.3088e-010
1997	1.3352e-010
1998	1.3648e-010
1999	1.3962e-010
2000	1.4215e-010
2001	1.4593e-010
2002	1.4925e-010
2003	1.5269e-010
2004	1.5612e-010
2005	1.5972e-010
2006	1.64e-010
2007	1.6583e-010
2008	1.7109e-010
2009	1.746e-010
2010	1.788e-010
2011	1.8437e-010
2012	1.8935e-010
2013	1.9032e-010
2014	1.9217e-010
2015	2.0532e-010
2016	2.0643e-010
2017	1.9261e-010
2018	1.9086e-010
2019	1.9213e-010
2020	1.882e-010
2021	1.822e-010
2022	1.7821e-010
2023	1.7543e-010
2024	1.6738e-010
2025	1.6909e-010
2026	1.6415e-010
2027	1.6097e-010
2028	1.5784e-010
2029	1.5502e-010
2030	1.5307e-010
2031	1.4531e-010
2032	1.4761e-010
2033	1.4384e-010
2034	1.4192e-010
2035	1.4218e-010
2036	1.4143e-010
2037	1.4433e-010
2038	1.263e-010
2039	1.4171e-010
2040	1.3721e-010
2041	1.4457e-010
2042	1.21e-010
2043	1.3817e-010
2044	1.3986e-010
2045	1.1214e-010
2046	1.1505e-010
2047	1.4131e-010
2048	1.0801e-010
2049	1.2617e-010
2050	1.5229e-010
2051	1.1467e-010
2052	1.5358e-010
2053	1.0486e-010
2054	1.3931e-010
2055	1.2235e-010
2056	1.0535e-010
2057	1.1445e-010
2058	9.1128e-011
2059	1.1705e-010
2060	8.6861e-011
2061	1.0879e-010
2062	8.74e-011
2063	9.7624e-011
2064	9.6306e-011
2065	8.4962e-011
2066	1.2504e-010
2067	1.0071e-010
2068	1.2943e-010
2069	7.9872e-011
2070	8.7474e-011
2071	9.2681e-011
2072	7.7598e-011
2073	9.6679e-011
2074	9.2413e-011
2075	1.1443e-010
2076	3.3765e-010
2077	1.0056e-009
2078	1.3502e-009
2079	2.4961e-009
2080	1.479e-009
2081	3.199e-010
2082	4.568e-010
2083	9.577e-011
2084	5.8781e-011
2085	6.3325e-011
2086	6.228e-011
2087	6.2158e-011
2088	6.3385e-011
2089	6.3609e-011
2090	5.9311e-011
2091	5.9613e-011
2092	6.0929e-011
2093	5.8787e-011
2094	6.32e-011
2095	6.0627e-011
2096	6.3536e-011
2097	6.4184e-011
2098	6.5494e-011
2099	6.7892e-011
2100	6.793e-011
2101	7.1463e-011
2102	7.0878e-011
2103	7.4731e-011
2104	7.4506e-011
2105	7.772e-011
2106	7.8693e-011
2107	7.9822e-011
2108	8.3785e-011
2109	8.2326e-011
2110	8.8213e-011
2111	8.671e-011
2112	8.9627e-011
2113	9.3452e-011
2114	9.2684e-011
2115	9.6362e-011
2116	9.9446e-011
2117	9.959e-011
2118	1.0212e-010
2119	1.0755e-010
2120	1.067e-010
2121	1.0925e-010
2122	1.1205e-010
2123	1.1649e-010
2124	1.1742e-010
2125	1.1969e-010
2126	1.2231e-010
2127	1.2559e-010
2128	1.2856e-010
2129	1.3132e-010
2130	1.3482e-010
2131	1.3712e-010
2132	1.4021e-010
2133	1.4345e-010
2134	1.4675e-010
2135	1.5006e-010
2136	1.5293e-010
2137	1.587e-010
2138	1.6083e-010
2139	1.65e-010
2140	1.6856e-010
2141	1.7063e-010
2142	1.743e-010
2143	1.8245e-010
2144	1.9024e-010
2145	1.8492e-010
2146	1.8459e-010
2147	1.9181e-010
2148	1.8534e-010
2149	1.7588e-010
2150	1.7211e-010
2151	1.7126e-010
2152	1.6826e-010
2153	1.639e-010
2154	1.6545e-010
2155	1.5557e-010
2156	1.5392e-010
2157	1.5102e-010
2158	1.4794e-010
2159	1.4467e-010
2160	1.4169e-010
2161	1.4451e-010
2162	1.379e-010
2163	1.3714e-010
2164	1.3384e-010
2165	1.2749e-010
2166	1.2743e-010
2167	1.2804e-010
2168	1.5218e-010
2169	1.2471e-010
2170	1.1717e-010
2171	1.1855e-010
2172	1.5756e-010
2173	1.1733e-010
2174	1.0621e-010
2175	1.3095e-010
2176	1.1646e-010
2177	9.7219e-011
2178	1.4061e-010
2179	1.1141e-010
2180	1.0823e-010
2181	1.7096e-010
2182	9.2841e-011
2183	1.4101e-010
2184	1.1044e-010
2185	1.103e-010
2186	1.132e-010
2187	9.1761e-011
2188	1.1466e-010
2189	8.1385e-011
2190	1.1077e-010
2191	8.0217e-011
2192	9.8781e-011
2193	8.4631e-011
2194	8.6387e-011
2195	9.3551e-011
2196	8.5401e-011
2197	1.4341e-010
2198	8.2557e-011
2199	1.0094e-010
2200	7.3138e-011
2201	7.4384e-011
2202	1.1056e-010
2203	8.7092e-011
2204	1.17e-010
2205	1.3719e-010
2206	3.8555e-010
2207	1.0144e-009
2208	1.3721e-009
2209	2.3031e-009
2210	1.2222e-009
2211	4.121e-010
2212	5.2145e-010
2213	1.2238e-010
2214	5.7995e-011
2215	5.985e-011
2216	5.3053e-011
2217	5.4502e-011
2218	5.9198e-011
2219	5.5358e-011
2220	5.9616e-011
2221	6.0481e-011
2222	5.9766e-011
2223	6.5219e-011
2224	6.2088e-011
2225	6.7568e-011
2226	6.6464e-011
2227	6.891e-011
2228	7.059e-011
2229	7.1034e-011
2230	7.4349e-011
2231	7.3752e-011
2232	7.7814e-011
2233	7.7203e-011
2234	8.1046e-011
2235	8.1335e-011
2236	8.3873e-011
2237	8.6381e-011
2238	8.6205e-011
2239	9.1295e-011
2240	8.9501e-011
2241	9.4732e-011
2242	9.5857e-011
2243	9.6498e-011
2244	1.0118e-010
2245	1.019e-010
2246	1.036e-010
2247	1.0786e-010
2248	1.1011e-010
2249	1.0986e-010
2250	1.1518e-010
2251	1.1735e-010
2252	1.1986e-010
2253	1.2091e-010
2254	1.2505e-010
2255	1.279e-010
2256	1.3087e-010
2257	1.3358e-010
2258	1.3655e-010
2259	1.3971e-010
2260	1.4208e-010
2261	1.4598e-010
2262	1.4936e-010
2263	1.527e-010
2264	1.5612e-010
2265	1.5969e-010
2266	1.6391e-010
2267	1.6583e-010
2268	1.7103e-010
2269	1.7459e-010
2270	1.787e-010
2271	1.8433e-010
2272	1.8927e-010
2273	1.9039e-010
2274	1.9193e-010
2275	2.0534e-010
2276	2.0635e-010
2277	1.9273e-010
2278	1.9083e-010
2279	1.9216e-010
2280	1.8818e-010
2281	1.8226e-010
2282	1.7825e-010
2283	1.755e-010
2284	1.6741e-010
2285	1.6918e-010
2286	1.6416e-010
2287	1.6096e-010
2288	1.5784e-010
2289	1.5515e-010
2290	1.5239e-010
2291	1.4645e-010
2292	1.4698e-010
2293	1.4399e-010
2294	1.4186e-010
2295	1.4214e-010
2296	1.4139e-010
2297	1.4435e-010
2298	1.2621e-010
2299	1.4171e-010
2300	1.3722e-010
2301	1.4457e-010
2302	1.2093e-010
2303	1.3814e-010
2304	1.3984e-010
2305	1.1213e-010
2306	1.1504e-010
2307	1.4131e-010
2308	1.0797e-010
2309	1.2614e-010
2310	1.5228e-010
2311	1.1467e-010
2312	1.5357e-010
2313	1.0485e-010
2314	1.3931e-010
2315	1.2234e-010
2316	1.0528e-010
2317	1.1438e-010
2318	9.1092e-011
2319	1.17e-010
2320	8.6848e-011
2321	1.0876e-010
2322	8.7356e-011
2323	9.7584e-011
2324	9.6279e-011
2325	8.4951e-011
2326	1.25e-010
2327	1.0067e-010
2328	1.2938e-010
2329	7.9856e-011
2330	8.7447e-011
2331	9.2672e-011
2332	7.7593e-011
2333	9.667e-011
2334	9.2364e-011
2335	1.1439e-010
2336	3.3764e-010
2337	1.0056e-009
2338	1.3502e-009
2339	2.496e-009
2340	1.4789e-009
2341	4.121e-010
2342	5.2145e-010
2343	1.2238e-010
2344	5.7995e-011
2345	5.985e-011
2346	5.3053e-011
2347	5.4502e-011
2348	5.9198e-011
2349	5.5358e-011
2350	5.9616e-011
2351	6.0481e-011
2352	5.9766e-011
2353	6.5219e-011
2354	6.2088e-011
2355	6.7568e-011
2356	6.6464e-011
2357	6.891e-011
2358	7.059e-011
2359	7.1034e-011
2360	7.4349e-011
2361	7.3752e-011
2362	7.7814e-011
2363	7.7203e-011
2364	8.1046e-011
2365	8.1335e-011
2366	8.3872e-011
2367	8.6381e-011
2368	8.6205e-011
2369	9.1296e-011
2370	8.9501e-011
2371	9.4732e-011
2372	9.5857e-011
2373	9.6498e-011
2374	1.0118e-010
2375	1.019e-010
2376	1.036e-010
2377	1.0786e-010
2378	1.1011e-010
2379	1.0986e-010
2380	1.1518e-010
2381	1.1734e-010
2382	1.1986e-010
2383	1.2091e-010
2384	1.2505e-010
2385	1.279e-010
2386	1.3087e-010
2387	1.3358e-010
2388	1.3655e-010
2389	1.3971e-010
2390	1.4208e-010
2391	1.4598e-010
2392	1.4936e-010
2393	1.527e-010
2394	1.5612e-010
2395	1.5969e-010
2396	1.6391e-010
2397	1.6583e-010
2398	1.7103e-010
2399	1.7459e-010
2400	1.787e-010
2401	1.8433e-010
2402	1.8927e-010
2403	1.9039e-010
2404	1.9193e-010
2405	2.0534e-010
2406	2.0635e-010
2407	1.9273e-010
2408	1.9083e-010
2409	1.9216e-010
2410	1.8818e-010
2411	1.8226e-010
2412	1.7825e-010
2413	1.755e-010
2414	1.6741e-010
2415	1.6918e-010
2416	1.6416e-010
2417	1.6095e-010
2418	1.5787e-010
2419	1.5499e-010
2420	1.531e-010
2421	1.4529e-010
2422	1.4766e-010
2423	1.4386e-010
2424	1.4189e-010
2425	1.4214e-010
2426	1.4139e-010
2427	1.4435e-010
2428	1.2621e-010
2429	1.4171e-010
2430	1.3722e-010
2431	1.4457e-010
2432	1.2093e-010
2433	1.3814e-010
2434	1.3984e-010
2435	1.1213e-010
2436	1.1504e-010
2437	1.4131e-010
2438	1.0797e-010
2439	1.2614e-010
2440	1.5228e-010
2441	1.1467e-010
2442	1.5357e-010
2443	1.0485e-010
2444	1.3931e-010
2445	1.2234e-010
2446	1.0528e-010
2447	1.1438e-010
2448	9.1092e-011
2449	1.17e-010
2450	8.6848e-011
2451	1.0876e-010
2452	8.7356e-011
2453	9.7584e-011
2454	9.6279e-011
2455	8.4951e-011
2456	1.25e-010
2457	1.0067e-010
2458	1.2938e-010
2459	7.9856e-011
2460	8.7447e-011
2461	9.2672e-011
2462	7.7593e-011
2463	9.667e-011
2464	9.2364e-011
2465	1.1439e-010
2466	3.3764e-010
2467	1.0056e-009
2468	1.3502e-009
2469	2.496e-009
2470	1.4789e-009
2471	3.199e-010
2472	4.568e-010
2473	9.577e-011
2474	5.8781e-011
2475	6.3325e-011
2476	6.228e-011
2477	6.2158e-011
2478	6.3385e-011
2479	6.3609e-011
2480	5.9311e-011
2481	5.9613e-011
2482	6.0929e-011
2483	5.8787e-011
2484	6.32e-011
2485	6.0627e-011
2486	6.3536e-011
2487	6.4184e-011
2488	6.5494e-011
2489	6.7892e-011
2490	6.793e-011
2491	7.1463e-011
2492	7.0878e-011
2493	7.4731e-011
2494	7.4506e-011
2495	7.772e-011
2496	7.8693e-011
2497	7.9821e-011
2498	8.3786e-011
2499	8.2326e-011
2500	8.8213e-011
2501	8.6709e-011
2502	8.9626e-011
2503	9.3452e-011
2504	9.2683e-011
2505	9.6362e-011
2506	9.9446e-011
2507	9.9591e-011
2508	1.0213e-010
2509	1.0755e-010
2510	1.067e-010
2511	1.0925e-010
2512	1.1205e-010
2513	1.1649e-010
2514	1.1742e-010
2515	1.1968e-010
2516	1.2231e-010
2517	1.2559e-010
2518	1.2856e-010
2519	1.3132e-010
2520	1.3482e-010
2521	1.3712e-010
2522	1.4021e-010
2523	1.4345e-010
2524	1.4675e-010
2525	1.5006e-010
2526	1.5293e-010
2527	1.587e-010
2528	1.6083e-010
2529	1.65e-010
2530	1.6856e-010
2531	1.7063e-010
2532	1.743e-010
2533	1.8245e-010
2534	1.9024e-010
2535	1.8492e-010
2536	1.8459e-010
2537	1.9181e-010
2538	1.8534e-010
2539	1.7588e-010
2540	1.7211e-010
2541	1.7126e-010
2542	1.6825e-010
2543	1.639e-010
2544	1.6545e-010
2545	1.5557e-010
2546	1.5392e-010
2547	1.5103e-010
2548	1.4792e-010
2549	1.4466e-010
2550	1.4117e-010
2551	1.4534e-010
2552	1.3737e-010
2553	1.3717e-010
2554	1.3382e-010
2555	1.275e-010
2556	1.2743e-010
2557	1.2805e-010
2558	1.522e-010
2559	1.2472e-010
2560	1.1716e-010
2561	1.1855e-010
2562	1.5758e-010
2563	1.1733e-010
2564	1.0621e-010
2565	1.3095e-010
2566	1.1646e-010
2567	9.722e-011
2568	1.406e-010
2569	1.1141e-010
2570	1.0823e-010
2571	1.7096e-010
2572	9.2841e-011
2573	1.4101e-010
2574	1.1044e-010
2575	1.103e-010
2576	1.132e-010
2577	9.1761e-011
2578	1.1466e-010
2579	8.1384e-011
2580	1.1077e-010
2581	8.0217e-011
2582	9.8781e-011
2583	8.4631e-011
2584	8.6387e-011
2585	9.3551e-011
2586	8.5401e-011
2587	1.4341e-010
2588	8.2557e-011
2589	1.0094e-010
2590	7.3138e-011
2591	7.4384e-011
2592	1.1056e-010
2593	8.7092e-011
2594	1.17e-010
2595	1.3719e-010
2596	3.8555e-010
2597	1.0144e-009
2598	1.3721e-009
2599	2.3031e-009
2600	1.2222e-009
2601	4.1199e-010
2602	5.2132e-010
2603	1.2233e-010
2604	5.7949e-011
2605	5.9808e-011
2606	5.3022e-011
2607	5.4475e-011
2608	5.9167e-011
2609	5.5333e-011
2610	5.9586e-011
2611	6.0451e-011
2612	5.9738e-011
2613	6.5188e-011
2614	6.2056e-011
2615	6.7556e-011
2616	6.6473e-011
2617	6.8914e-011
2618	7.0564e-011
2619	7.099e-011
2620	7.4302e-011
2621	7.3716e-011
2622	7.7797e-011
2623	7.7185e-011
2624	8.0996e-011
2625	8.128e-011
2626	8.3858e-011
2627	8.637e-011
2628	8.6154e-011
2629	9.1275e-011
2630	8.9523e-011
2631	9.4773e-011
2632	9.5876e-011
2633	9.6472e-011
2634	1.0117e-010
2635	1.0189e-010
2636	1.0355e-010
2637	1.0783e-010
2638	1.1011e-010
2639	1.0982e-010
2640	1.1513e-010
2641	1.1732e-010
2642	1.1981e-010
2643	1.2085e-010
2644	1.2498e-010
2645	1.2792e-010
2646	1.3088e-010
2647	1.3352e-010
2648	1.3648e-010
2649	1.3962e-010
2650	1.4215e-010
2651	1.4593e-010
2652	1.4925e-010
2653	1.5269e-010
2654	1.5612e-010
2655	1.5972e-010
2656	1.64e-010
2657	1.6583e-010
2658	1.7109e-010
2659	1.746e-010
2660	1.788e-010
2661	1.8437e-010
2662	1.8935e-010
2663	1.9032e-010
2664	1.9217e-010
2665	2.0532e-010
2666	2.0643e-010
2667	1.9261e-010
2668	1.9086e-010
2669	1.9213e-010
2670	1.882e-010
2671	1.822e-010
2672	1.7821e-010
2673	1.7543e-010
2674	1.6739e-010
2675	1.6909e-010
2676	1.6415e-010
2677	1.6096e-010
2678	1.5787e-010
2679	1.55e-010
2680	1.5319e-010
2681	1.4464e-010
2682	1.477e-010
2683	1.4384e-010
2684	1.4195e-010
2685	1.4217e-010
2686	1.4143e-010
2687	1.4436e-010
2688	1.2623e-010
2689	1.4174e-010
2690	1.3721e-010
2691	1.4456e-010
2692	1.2097e-010
2693	1.3817e-010
2694	1.3986e-010
2695	1.1214e-010
2696	1.1505e-010
2697	1.4131e-010
2698	1.0801e-010
2699	1.2617e-010
2700	1.5229e-010
2701	1.1467e-010
2702	1.5358e-010
2703	1.0486e-010
2704	1.3931e-010
2705	1.2235e-010
2706	1.0535e-010
2707	1.1445e-010
2708	9.1128e-011
2709	1.1705e-010
2710	8.6861e-011
2711	1.0879e-010
2712	8.7401e-011
2713	9.7623e-011
2714	9.6305e-011
2715	8.4962e-011
2716	1.2504e-010
2717	1.0071e-010
2718	1.2943e-010
2719	7.9872e-011
2720	8.7473e-011
2721	9.2681e-011
2722	7.7598e-011
2723	9.6679e-011
2724	9.2413e-011
2725	1.1443e-010
2726	3.3765e-010
2727	1.0056e-009
2728	1.3502e-009
2729	2.4961e-009
2730	1.479e-009
2731	4.1206e-010
2732	5.2143e-010
2733	1.2232e-010
2734	5.7934e-011
2735	5.9796e-011
2736	5.3013e-011
2737	5.446e-011
2738	5.9139e-011
2739	5.5293e-011
2740	5.9534e-011
2741	6.0389e-011
2742	5.9685e-011
2743	6.5175e-011
2744	6.2084e-011
2745	6.7572e-011
2746	6.6461e-011
2747	6.8885e-011
2748	7.0532e-011
2749	7.0974e-011
2750	7.4321e-011
2751	7.3754e-011
2752	7.7836e-011
2753	7.7216e-011
2754	8.1007e-011
2755	8.1281e-011
2756	8.3843e-011
2757	8.6367e-011
2758	8.6187e-011
2759	9.1341e-011
2760	8.9589e-011
2761	9.4829e-011
2762	9.5891e-011
2763	9.6458e-011
2764	1.0115e-010
2765	1.0185e-010
2766	1.0349e-010
2767	1.0778e-010
2768	1.1008e-010
2769	1.0975e-010
2770	1.1505e-010
2771	1.1728e-010
2772	1.1982e-010
2773	1.2078e-010
2774	1.2489e-010
2775	1.2783e-010
2776	1.3082e-010
2777	1.335e-010
2778	1.3641e-010
2779	1.3955e-010
2780	1.4209e-010
2781	1.4592e-010
2782	1.4927e-010
2783	1.5265e-010
2784	1.5605e-010
2785	1.5972e-010
2786	1.6397e-010
2787	1.6586e-010
2788	1.7106e-010
2789	1.7464e-010
2790	1.7891e-010
2791	1.8444e-010
2792	1.8927e-010
2793	1.9036e-010
2794	1.922e-010
2795	2.0533e-010
2796	2.0637e-010
2797	1.927e-010
2798	1.9086e-010
2799	1.9214e-010
2800	1.8817e-010
2801	1.8213e-010
2802	1.7815e-010
2803	1.7549e-010
2804	1.6733e-010
2805	1.692e-010
2806	1.6411e-010
2807	1.6094e-010
2808	1.5769e-010
2809	1.5492e-010
2810	1.5265e-010
2811	1.4524e-010
2812	1.4728e-010
2813	1.4393e-010
2814	1.4195e-010
2815	1.4219e-010
2816	1.4144e-010
2817	1.4426e-010
2818	1.261e-010
2819	1.417e-010
2820	1.3726e-010
2821	1.4458e-010
2822	1.2101e-010
2823	1.3817e-010
2824	1.3986e-010
2825	1.1215e-010
2826	1.151e-010
2827	1.4138e-010
2828	1.0808e-010
2829	1.2627e-010
2830	1.524e-010
2831	1.1478e-010
2832	1.5371e-010
2833	1.0497e-010
2834	1.3944e-010
2835	1.2247e-010
2836	1.0543e-010
2837	1.1453e-010
2838	9.1257e-011
2839	1.1715e-010
2840	8.6963e-011
2841	1.0889e-010
2842	8.748e-011
2843	9.7707e-011
2844	9.6398e-011
2845	8.503e-011
2846	1.2513e-010
2847	1.0072e-010
2848	1.2949e-010
2849	7.9926e-011
2850	8.7522e-011
2851	9.2732e-011
2852	7.7622e-011
2853	9.6726e-011
2854	9.2454e-011
2855	1.1448e-010
2856	3.3762e-010
2857	1.0056e-009
2858	1.3502e-009
2859	2.496e-009
2860	1.4791e-009
2861	3.1998e-010
2862	4.568e-010
2863	9.573e-011
2864	5.8731e-011
2865	6.3301e-011
2866	6.2274e-011
2867	6.2132e-011
2868	6.3289e-011
2869	6.3469e-011
2870	5.9163e-011
2871	5.9504e-011
2872	6.0855e-011
2873	5.8735e-011
2874	6.3158e-011
2875	6.0594e-011
2876	6.3494e-011
2877	6.4123e-011
2878	6.5402e-011
2879	6.7818e-011
2880	6.7913e-011
2881	7.1486e-011
2882	7.0889e-011
2883	7.4705e-011
2884	7.4437e-011
2885	7.7598e-011
2886	7.8541e-011
2887	7.9735e-011
2888	8.3854e-011
2889	8.2482e-011
2890	8.8397e-011
2891	8.6847e-011
2892	8.965e-011
2893	9.3354e-011
2894	9.2625e-011
2895	9.6312e-011
2896	9.9253e-011
2897	9.9408e-011
2898	1.0196e-010
2899	1.0734e-010
2900	1.065e-010
2901	1.0917e-010
2902	1.1193e-010
2903	1.1625e-010
2904	1.1728e-010
2905	1.1965e-010
2906	1.2221e-010
2907	1.2542e-010
2908	1.2836e-010
2909	1.311e-010
2910	1.347e-010
2911	1.371e-010
2912	1.4016e-010
2913	1.434e-010
2914	1.4677e-010
2915	1.5009e-010
2916	1.5296e-010
2917	1.5871e-010
2918	1.6077e-010
2919	1.6491e-010
2920	1.6878e-010
2921	1.7089e-010
2922	1.7425e-010
2923	1.8258e-010
2924	1.905e-010
2925	1.8506e-010
2926	1.845e-010
2927	1.9184e-010
2928	1.8561e-010
2929	1.7606e-010
2930	1.7204e-010
2931	1.7117e-010
2932	1.682e-010
2933	1.6392e-010
2934	1.656e-010
2935	1.5548e-010
2936	1.538e-010
2937	1.5076e-010
2938	1.4767e-010
2939	1.4446e-010
2940	1.4159e-010
2941	1.441e-010
2942	1.3781e-010
2943	1.3722e-010
2944	1.3389e-010
2945	1.2754e-010
2946	1.2746e-010
2947	1.2806e-010
2948	1.519e-010
2949	1.2476e-010
2950	1.1716e-010
2951	1.1852e-010
2952	1.5757e-010
2953	1.1733e-010
2954	1.0621e-010
2955	1.3098e-010
2956	1.1653e-010
2957	9.7298e-011
2958	1.4073e-010
2959	1.1158e-010
2960	1.0842e-010
2961	1.7118e-010
2962	9.3053e-011
2963	1.4132e-010
2964	1.1065e-010
2965	1.1051e-010
2966	1.1342e-010
2967	9.1941e-011
2968	1.1487e-010
2969	8.1591e-011
2970	1.11e-010
2971	8.0404e-011
2972	9.8991e-011
2973	8.4818e-011
2974	8.6603e-011
2975	9.3768e-011
2976	8.5535e-011
2977	1.4362e-010
2978	8.2652e-011
2979	1.0103e-010
2980	7.3248e-011
2981	7.4486e-011
2982	1.1068e-010
2983	8.7197e-011
2984	1.1715e-010
2985	1.3733e-010
2986	3.857e-010
2987	1.0144e-009
2988	1.3722e-009
2989	2.3031e-009
2990	1.2222e-009
2991	4.1206e-010
2992	5.2143e-010
2993	1.2232e-010
2994	5.7934e-011
2995	5.9796e-011
2996	5.3013e-011
2997	5.446e-011
2998	5.9139e-011
2999	5.5293e-011
3000	5.9534e-011
3001	6.0389e-011
3002	5.9685e-011
3003	6.5175e-011
3004	6.2084e-011
3005	6.7572e-011
3006	6.6461e-011
3007	6.8885e-011
3008	7.0532e-011
3009	7.0973e-011
3010	7.4321e-011
3011	7.3754e-011
3012	7.7836e-011
3013	7.7216e-011
3014	8.1007e-011
3015	8.1281e-011
3016	8.3842e-011
3017	8.6367e-011
3018	8.6188e-011
3019	9.134e-011
3020	8.9589e-011
3021	9.4829e-011
3022	9.5891e-011
3023	9.6459e-011
3024	1.0114e-010
3025	1.0185e-010
3026	1.0349e-010
3027	1.0778e-010
3028	1.1008e-010
3029	1.0975e-010
3030	1.1505e-010
3031	1.1728e-010
3032	1.1982e-010
3033	1.2078e-010
3034	1.2489e-010
3035	1.2783e-010
3036	1.3082e-010
3037	1.335e-010
3038	1.3641e-010
3039	1.3955e-010
3040	1.4209e-010
3041	1.4592e-010
3042	1.4927e-010
3043	1.5265e-010
3044	1.5605e-010
3045	1.5972e-010
3046	1.6397e-010
3047	1.6586e-010
3048	1.7106e-010
3049	1.7464e-010
3050	1.7891e-010
3051	1.8444e-010
3052	1.8927e-010
3053	1.9036e-010
3054	1.922e-010
3055	2.0533e-010
3056	2.0637e-010
3057	1.927e-010
3058	1.9086e-010
3059	1.9214e-010
3060	1.8818e-010
3061	1.8213e-010
3062	1.7815e-010
3063	1.7549e-010
3064	1.6733e-010
3065	1.692e-010
3066	1.6411e-010
3067	1.6094e-010
3068	1.5768e-010
3069	1.5497e-010
3070	1.5233e-010
3071	1.4579e-010
3072	1.4696e-010
3073	1.4397e-010
3074	1.4194e-010
3075	1.4222e-010
3076	1.414e-010
3077	1.4425e-010
3078	1.2575e-010
3079	1.4166e-010
3080	1.3721e-010
3081	1.4461e-010
3082	1.21e-010
3083	1.3817e-010
3084	1.3986e-010
3085	1.1215e-010
3086	1.151e-010
3087	1.4138e-010
3088	1.0808e-010
3089	1.2627e-010
3090	1.524e-010
3091	1.1478e-010
3092	1.537e-010
3093	1.0497e-010
3094	1.3944e-010
3095	1.2247e-010
3096	1.0543e-010
3097	1.1453e-010
3098	9.1257e-011
3099	1.1715e-010
3100	8.6963e-011
3101	1.0889e-010
3102	8.748e-011
3103	9.7707e-011
3104	9.6398e-011
3105	8.503e-011
3106	1.2513e-010
3107	1.0072e-010
3108	1.2949e-010
3109	7.9926e-011
3110	8.7522e-011
3111	9.2732e-011
3112	7.7622e-011
3113	9.6726e-011
3114	9.2454e-011
3115	1.1448e-010
3116	3.3762e-010
3117	1.0056e-009
3118	1.3502e-009
3119	2.496e-009
3120	1.4791e-009
3121	4.1199e-010
3122	5.2132e-010
3123	1.2233e-010
3124	5.7949e-011
3125	5.9808e-011
3126	5.3022e-011
3127	5.4475e-011
3128	5.9167e-011
3129	5.5333e-011
3130	5.9586e-011
3131	6.0451e-011
3132	5.9738e-011
3133	6.5188e-011
3134	6.2056e-011
3135	6.7556e-011
3136	6.6473e-011
3137	6.8915e-011
3138	7.0564e-011
3139	7.099e-011
3140	7.4302e-011
3141	7.3716e-011
3142	7.7797e-011
3143	7.7185e-011
3144	8.0996e-011
3145	8.128e-011
3146	8.3858e-011
3147	8.6369e-011
3148	8.6154e-011
3149	9.1275e-011
3150	8.9523e-011
3151	9.4773e-011
3152	9.5876e-011
3153	9.6471e-011
3154	1.0117e-010
3155	1.0189e-010
3156	1.0355e-010
3157	1.0783e-010
3158	1.1011e-010
3159	1.0982e-010
3160	1.1513e-010
3161	1.1732e-010
3162	1.1981e-010
3163	1.2085e-010
3164	1.2498e-010
3165	1.2792e-010
3166	1.3088e-010
3167	1.3352e-010
3168	1.3648e-010
3169	1.3962e-010
3170	1.4215e-010
3171	1.4593e-010
3172	1.4925e-010
3173	1.5269e-010
3174	1.5612e-010
3175	1.5972e-010
3176	1.64e-010
3177	1.6583e-010
3178	1.7109e-010
3179	1.746e-010
3180	1.788e-010
3181	1.8437e-010
3182	1.8935e-010
3183	1.9032e-010
3184	1.9217e-010
3185	2.0532e-010
3186	2.0642e-010
3187	1.9261e-010
3188	1.9086e-010
3189	1.9214e-010
3190	1.882e-010
3191	1.822e-010
3192	1.7821e-010
3193	1.7543e-010
3194	1.6739e-010
3195	1.6909e-010
3196	1.6415e-010
3197	1.6096e-010
3198	1.5785e-010
3199	1.5509e-010
3200	1.5242e-010
3201	1.4585e-010
3202	1.4693e-010
3203	1.4391e-010
3204	1.4193e-010
3205	1.4215e-010
3206	1.4139e-010
3207	1.4325e-010
3208	1.2699e-010
3209	1.406e-010
3210	1.3716e-010
3211	1.446e-010
3212	1.21e-010
3213	1.3822e-010
3214	1.3986e-010
3215	1.1213e-010
3216	1.1505e-010
3217	1.4131e-010
3218	1.0801e-010
3219	1.2617e-010
3220	1.5229e-010
3221	1.1467e-010
3222	1.5358e-010
3223	1.0486e-010
3224	1.3931e-010
3225	1.2235e-010
3226	1.0535e-010
3227	1.1445e-010
3228	9.1128e-011
3229	1.1705e-010
3230	8.6861e-011
3231	1.0879e-010
3232	8.74e-011
3233	9.7623e-011
3234	9.6305e-011
3235	8.4962e-011
3236	1.2504e-010
3237	1.0071e-010
3238	1.2943e-010
3239	7.9872e-011
3240	8.7473e-011
3241	9.2681e-011
3242	7.7598e-011
3243	9.6679e-011
3244	9.2413e-011
3245	1.1443e-010
3246	3.3765e-010
3247	1.0056e-009
3248	1.3502e-009
3249	2.4961e-009
3250	1.479e-009
3251	3.199e-010
3252	4.568e-010
3253	9.577e-011
3254	5.8781e-011
3255	6.3325e-011
3256	6.228e-011
3257	6.2158e-011
3258	6.3385e-011
3259	6.3609e-011
3260	5.9312e-011
3261	5.9613e-011
3262	6.0929e-011
3263	5.8787e-011
3264	6.32e-011
3265	6.0627e-011
3266	6.3536e-011
3267	6.4184e-011
3268	6.5493e-011
3269	6.7892e-011
3270	6.793e-011
3271	7.1463e-011
3272	7.0877e-011
3273	7.4731e-011
3274	7.4506e-011
3275	7.772e-011
3276	7.8693e-011
3277	7.9822e-011
3278	8.3787e-011
3279	8.2326e-011
3280	8.8213e-011
3281	8.671e-011
3282	8.9626e-011
3283	9.3452e-011
3284	9.2684e-011
3285	9.6363e-011
3286	9.9445e-011
3287	9.9591e-011
3288	1.0212e-010
3289	1.0755e-010
3290	1.067e-010
3291	1.0925e-010
3292	1.1205e-010
3293	1.1649e-010
3294	1.1742e-010
3295	1.1969e-010
3296	1.2231e-010
3297	1.2559e-010
3298	1.2856e-010
3299	1.3132e-010
3300	1.3482e-010
3301	1.3712e-010
3302	1.4021e-010
3303	1.4345e-010
3304	1.4675e-010
3305	1.5006e-010
3306	1.5293e-010
3307	1.587e-010
3308	1.6083e-010
3309	1.65e-010
3310	1.6856e-010
3311	1.7063e-010
3312	1.743e-010
3313	1.8245e-010
3314	1.9024e-010
3315	1.8492e-010
3316	1.8459e-010
3317	1.9181e-010
3318	1.8534e-010
3319	1.7588e-010
3320	1.7211e-010
3321	1.7126e-010
3322	1.6825e-010
3323	1.639e-010
3324	1.6545e-010
3325	1.5558e-010
3326	1.5392e-010
3327	1.5103e-010
3328	1.4791e-010
3329	1.4461e-010
3330	1.4177e-010
3331	1.4389e-010
3332	1.3792e-010
3333	1.3709e-010
3334	1.3381e-010
3335	1.2746e-010
3336	1.2714e-010
3337	1.2896e-010
3338	1.4877e-010
3339	1.2549e-010
3340	1.1687e-010
3341	1.1852e-010
3342	1.5781e-010
3343	1.1732e-010
3344	1.0621e-010
3345	1.3095e-010
3346	1.1646e-010
3347	9.722e-011
3348	1.406e-010
3349	1.1141e-010
3350	1.0823e-010
3351	1.7096e-010
3352	9.2841e-011
3353	1.4101e-010
3354	1.1044e-010
3355	1.103e-010
3356	1.132e-010
3357	9.1761e-011
3358	1.1466e-010
3359	8.1385e-011
3360	1.1077e-010
3361	8.0217e-011
3362	9.8781e-011
3363	8.4631e-011
3364	8.6386e-011
3365	9.3551e-011
3366	8.54e-011
3367	1.4341e-010
3368	8.2557e-011
3369	1.0094e-010
3370	7.3138e-011
3371	7.4384e-011
3372	1.1056e-010
3373	8.7092e-011
3374	1.17e-010
3375	1.3719e-010
3376	3.8555e-010
3377	1.0144e-009
3378	1.3721e-009
3379	2.3031e-009
3380	1.2222e-009
3381	4.121e-010
3382	5.2145e-010
3383	1.2238e-010
3384	5.7995e-011
3385	5.985e-011
3386	5.3053e-011
3387	5.4502e-011
3388	5.9198e-011
3389	5.5358e-011
3390	5.9616e-011
3391	6.0481e-011
3392	5.9766e-011
3393	6.5219e-011
3394	6.2088e-011
3395	6.7568e-011
3396	6.6464e-011
3397	6.891e-011
3398	7.059e-011
3399	7.1033e-011
3400	7.4349e-011
3401	7.3752e-011
3402	7.7814e-011
3403	7.7203e-011
3404	8.1045e-011
3405	8.1335e-011
3406	8.3872e-011
3407	8.6381e-011
3408	8.6205e-011
3409	9.1296e-011
3410	8.9501e-011
3411	9.4732e-011
3412	9.5857e-011
3413	9.6498e-011
3414	1.0118e-010
3415	1.019e-010
3416	1.036e-010
3417	1.0786e-010
3418	1.1011e-010
3419	1.0986e-010
3420	1.1518e-010
3421	1.1734e-010
3422	1.1986e-010
3423	1.2091e-010
3424	1.2505e-010
3425	1.2791e-010
3426	1.3087e-010
3427	1.3358e-010
3428	1.3655e-010
3429	1.3971e-010
3430	1.4208e-010
3431	1.4598e-010
3432	1.4936e-010
3433	1.527e-010
3434	1.5612e-010
3435	1.5969e-010
3436	1.6391e-010
3437	1.6583e-010
3438	1.7103e-010
3439	1.7459e-010
3440	1.787e-010
3441	1.8433e-010
3442	1.8927e-010
3443	1.9039e-010
3444	1.9193e-010
3445	2.0534e-010
3446	2.0635e-010
3447	1.9273e-010
3448	1.9083e-010
3449	1.9216e-010
3450	1.8818e-010
3451	1.8226e-010
3452	1.7825e-010
3453	1.755e-010
3454	1.6741e-010
3455	1.6918e-010
3456	1.6416e-010
3457	1.6095e-010
3458	1.5787e-010
3459	1.5508e-010
3460	1.5236e-010
3461	1.4584e-010
3462	1.4694e-010
3463	1.4394e-010
3464	1.4191e-010
3465	1.4207e-010
3466	1.414e-010
3467	1.424e-010
3468	1.2793e-010
3469	1.3969e-010
3470	1.3719e-010
3471	1.4468e-010
3472	1.2092e-010
3473	1.3828e-010
3474	1.3984e-010
3475	1.1211e-010
3476	1.1505e-010
3477	1.4131e-010
3478	1.0797e-010
3479	1.2614e-010
3480	1.5228e-010
3481	1.1467e-010
3482	1.5357e-010
3483	1.0485e-010
3484	1.3931e-010
3485	1.2234e-010
3486	1.0528e-010
3487	1.1438e-010
3488	9.1092e-011
3489	1.17e-010
3490	8.6848e-011
3491	1.0876e-010
3492	8.7356e-011
3493	9.7585e-011
3494	9.6279e-011
3495	8.4951e-011
3496	1.25e-010
3497	1.0067e-010
3498	1.2938e-010
3499	7.9856e-011
3500	8.7447e-011
3501	9.2672e-011
3502	7.7593e-011
3503	9.667e-011
3504	9.2364e-011
3505	1.1439e-010
3506	3.3764e-010
3507	1.0056e-009
3508	1.3502e-009
3509	2.496e-009
3510	1.4789e-009
3511	4.121e-010
3512	5.2145e-010
3513	1.2238e-010
3514	5.7995e-011
3515	5.985e-011
3516	5.3053e-011
3517	5.4502e-011
3518	5.9198e-011
3519	5.5358e-011
3520	5.9616e-011
3521	6.0481e-011
3522	5.9766e-011
3523	6.5219e-011
3524	6.2088e-011
3525	6.7568e-011
3526	6.6464e-011
3527	6.891e-011
3528	7.059e-011
3529	7.1034e-011
3530	7.4349e-011
3531	7.3752e-011
3532	7.7814e-011
3533	7.7203e-011
3534	8.1045e-011
3535	8.1335e-011
3536	8.3872e-011
3537	8.6381e-011
3538	8.6205e-011
3539	9.1296e-011
3540	8.9501e-011
3541	9.4732e-011
3542	9.5857e-011
3543	9.6498e-011
3544	1.0118e-010
3545	1.019e-010
3546	1.036e-010
3547	1.0786e-010
3548	1.1011e-010
3549	1.0986e-010
3550	1.1518e-010
3551	1.1735e-010
3552	1.1986e-010
3553	1.2091e-010
3554	1.2505e-010
3555	1.2791e-010
3556	1.3087e-010
3557	1.3358e-010
3558	1.3655e-010
3559	1.3971e-010
3560	1.4208e-010
3561	1.4598e-010
3562	1.4936e-010
3563	1.527e-010
3564	1.5612e-010
3565	1.5969e-010
3566	1.6391e-010
3567	1.6583e-010
3568	1.7103e-010
3569	1.7459e-010
3570	1.787e-010
3571	1.8433e-010
3572	1.8927e-010
3573	1.9039e-010
3574	1.9193e-010
3575	2.0534e-010
3576	2.0635e-010
3577	1.9273e-010
3578	1.9083e-010
3579	1.9216e-010
3580	1.8818e-010
3581	1.8226e-010
3582	1.7825e-010
3583	1.755e-010
3584	1.6741e-010
3585	1.6918e-010
3586	1.6416e-010
3587	1.6095e-010
3588	1.5787e-010
3589	1.5508e-010
3590	1.5236e-010
3591	1.4584e-010
3592	1.4694e-010
3593	1.4394e-010
3594	1.4191e-010
3595	1.4207e-010
3596	1.4141e-010
3597	1.4236e-010
3598	1.2788e-010
3599	1.3964e-010
3600	1.3724e-010
3601	1.4458e-010
3602	1.2089e-010
3603	1.3818e-010
3604	1.3988e-010
3605	1.121e-010
3606	1.1505e-010
3607	1.4131e-010
3608	1.0797e-010
3609	1.2614e-010
3610	1.5228e-010
3611	1.1467e-010
3612	1.5357e-010
3613	1.0485e-010
3614	1.3931e-010
3615	1.2234e-010
3616	1.0528e-010
3617	1.1438e-010
3618	9.1092e-011
3619	1.17e-010
3620	8.6847e-011
3621	1.0876e-010
3622	8.7356e-011
3623	9.7585e-011
3624	9.6279e-011
3625	8.4951e-011
3626	1.25e-010
3627	1.0067e-010
3628	1.2938e-010
3629	7.9856e-011
3630	8.7447e-011
3631	9.2672e-011
3632	7.7593e-011
3633	9.667e-011
3634	9.2364e-011
3635	1.1439e-010
3636	3.3764e-010
3637	1.0056e-009
3638	1.3502e-009
3639	2.496e-009
3640	1.4789e-009
3641	3.199e-010
3642	4.568e-010
3643	9.577e-011
3644	5.8781e-011
3645	6.3325e-011
3646	6.228e-011
3647	6.2158e-011
3648	6.3385e-011
3649	6.3609e-011
3650	5.9312e-011
3651	5.9613e-011
3652	6.0929e-011
3653	5.8787e-011
3654	6.32e-011
3655	6.0627e-011
3656	6.3536e-011
3657	6.4184e-011
3658	6.5493e-011
3659	6.7892e-011
3660	6.793e-011
3661	7.1463e-011
3662	7.0877e-011
3663	7.4731e-011
3664	7.4506e-011
3665	7.772e-011
3666	7.8693e-011
3667	7.9822e-011
3668	8.3787e-011
3669	8.2326e-011
3670	8.8213e-011
3671	8.671e-011
3672	8.9626e-011
3673	9.3452e-011
3674	9.2683e-011
3675	9.6363e-011
3676	9.9445e-011
3677	9.9591e-011
3678	1.0212e-010
3679	1.0755e-010
3680	1.067e-010
3681	1.0925e-010
3682	1.1205e-010
3683	1.1649e-010
3684	1.1742e-010
3685	1.1968e-010
3686	1.2231e-010
3687	1.2559e-010
3688	1.2856e-010
3689	1.3132e-010
3690	1.3482e-010
3691	1.3712e-010
3692	1.4021e-010
3693	1.4345e-010
3694	1.4675e-010
3695	1.5006e-010
3696	1.5293e-010
3697	1.587e-010
3698	1.6083e-010
3699	1.65e-010
3700	1.6856e-010
3701	1.7063e-010
3702	1.743e-010
3703	1.8245e-010
3704	1.9024e-010
3705	1.8492e-010
3706	1.8459e-010
3707	1.9181e-010
3708	1.8534e-010
3709	1.7588e-010
3710	1.7211e-010
3711	1.7126e-010
3712	1.6825e-010
3713	1.639e-010
3714	1.6545e-010
3715	1.5558e-010
3716	1.5392e-010
3717	1.5103e-010
3718	1.4791e-010
3719	1.4461e-010
3720	1.4177e-010
3721	1.4389e-010
3722	1.3792e-010
3723	1.3709e-010
3724	1.3382e-010
3725	1.2745e-010
3726	1.2713e-010
3727	1.2913e-010
3728	1.4833e-010
3729	1.2565e-010
3730	1.169e-010
3731	1.1837e-010
3732	1.5801e-010
3733	1.172e-010
3734	1.0625e-010
3735	1.3095e-010
3736	1.1646e-010
3737	9.722e-011
3738	1.4061e-010
3739	1.1141e-010
3740	1.0823e-010
3741	1.7096e-010
3742	9.2841e-011
3743	1.4101e-010
3744	1.1044e-010
3745	1.103e-010
3746	1.132e-010
3747	9.1761e-011
3748	1.1466e-010
3749	8.1384e-011
3750	1.1077e-010
3751	8.0217e-011
3752	9.8781e-011
3753	8.4631e-011
3754	8.6387e-011
3755	9.3551e-011
3756	8.54e-011
3757	1.4341e-010
3758	8.2557e-011
3759	1.0094e-010
3760	7.3138e-011
3761	7.4384e-011
3762	1.1056e-010
3763	8.7092e-011
3764	1.17e-010
3765	1.3719e-010
3766	3.8555e-010
3767	1.0144e-009
3768	1.3721e-009
3769	2.3031e-009
3770	1.2222e-009
3771	4.1199e-010
3772	5.2132e-010
3773	1.2233e-010
3774	5.7949e-011
3775	5.9808e-011
3776	5.3022e-011
3777	5.4475e-011
3778	5.9167e-011
3779	5.5333e-011
3780	5.9586e-011
3781	6.0451e-011
3782	5.9738e-011
3783	6.5188e-011
3784	6.2056e-011
3785	6.7556e-011
3786	6.6473e-011
3787	6.8915e-011
3788	7.0564e-011
3789	7.099e-011
3790	7.4302e-011
3791	7.3716e-011
3792	7.7797e-011
3793	7.7185e-011
3794	8.0996e-011
3795	8.128e-011
3796	8.3858e-011
3797	8.6369e-011
3798	8.6155e-011
3799	9.1275e-011
3800	8.9523e-011
3801	9.4774e-011
3802	9.5876e-011
3803	9.6472e-011
3804	1.0117e-010
3805	1.0189e-010
3806	1.0355e-010
3807	1.0783e-010
3808	1.1011e-010
3809	1.0982e-010
3810	1.1513e-010
3811	1.1732e-010
3812	1.1981e-010
3813	1.2085e-010
3814	1.2498e-010
3815	1.2792e-010
3816	1.3088e-010
3817	1.3352e-010
3818	1.3648e-010
3819	1.3962e-010
3820	1.4215e-010
3821	1.4593e-010
3822	1.4925e-010
3823	1.5269e-010
3824	1.5612e-010
3825	1.5972e-010
3826	1.64e-010
3827	1.6583e-010
3828	1.7109e-010
3829	1.746e-010
3830	1.788e-010
3831	1.8437e-010
3832	1.8935e-010
3833	1.9032e-010
3834	1.9217e-010
3835	2.0532e-010
3836	2.0643e-010
3837	1.9261e-010
3838	1.9086e-010
3839	1.9213e-010
3840	1.882e-010
3841	1.822e-010
3842	1.7821e-010
3843	1.7543e-010
3844	1.6739e-010
3845	1.6909e-010
3846	1.6415e-010
3847	1.6096e-010
3848	1.5786e-010
3849	1.5509e-010
3850	1.5241e-010
3851	1.4585e-010
3852	1.4693e-010
3853	1.4391e-010
3854	1.4193e-010
3855	1.4217e-010
3856	1.4151e-010
3857	1.4264e-010
3858	1.2647e-010
3859	1.3997e-010
3860	1.3724e-010
3861	1.4465e-010
3862	1.2103e-010
3863	1.3824e-010
3864	1.3985e-010
3865	1.1214e-010
3866	1.1505e-010
3867	1.4131e-010
3868	1.0801e-010
3869	1.2617e-010
3870	1.5229e-010
3871	1.1467e-010
3872	1.5358e-010
3873	1.0486e-010
3874	1.3931e-010
3875	1.2235e-010
3876	1.0535e-010
3877	1.1445e-010
3878	9.1127e-011
3879	1.1705e-010
3880	8.6861e-011
3881	1.0879e-010
3882	8.74e-011
3883	9.7624e-011
3884	9.6305e-011
3885	8.4962e-011
3886	1.2504e-010
3887	1.0071e-010
3888	1.2943e-010
3889	7.9872e-011
3890	8.7473e-011
3891	9.2681e-011
3892	7.7598e-011
3893	9.6679e-011
3894	9.2413e-011
3895	1.1443e-010
3896	3.3765e-010
3897	1.0056e-009
3898	1.3502e-009
3899	2.4961e-009
3900	1.479e-009
3901	4.1206e-010
3902	5.2143e-010
3903	1.2232e-010
3904	5.7934e-011
3905	5.9796e-011
3906	5.3013e-011
3907	5.446e-011
3908	5.9139e-011
3909	5.5293e-011
3910	5.9534e-011
3911	6.0389e-011
3912	5.9685e-011
3913	6.5175e-011
3914	6.2084e-011
3915	6.7572e-011
3916	6.6461e-011
3917	6.8885e-011
3918	7.0532e-011
3919	7.0973e-011
3920	7.4321e-011
3921	7.3754e-011
3922	7.7836e-011
3923	7.7216e-011
3924	8.1007e-011
3925	8.1281e-011
3926	8.3843e-011
3927	8.6366e-011
3928	8.6187e-011
3929	9.1341e-011
3930	8.9588e-011
3931	9.4828e-011
3932	9.5891e-011
3933	9.6458e-011
3934	1.0115e-010
3935	1.0185e-010
3936	1.035e-010
3937	1.0778e-010
3938	1.1007e-010
3939	1.0977e-010
3940	1.1504e-010
3941	1.1728e-010
3942	1.1982e-010
3943	1.2078e-010
3944	1.2489e-010
3945	1.2783e-010
3946	1.3082e-010
3947	1.335e-010
3948	1.3641e-010
3949	1.3955e-010
3950	1.4209e-010
3951	1.4592e-010
3952	1.4927e-010
3953	1.5265e-010
3954	1.5605e-010
3955	1.5972e-010
3956	1.6397e-010
3957	1.6586e-010
3958	1.7106e-010
3959	1.7464e-010
3960	1.7891e-010
3961	1.8444e-010
3962	1.8927e-010
3963	1.9036e-010
3964	1.922e-010
3965	2.0533e-010
3966	2.0637e-010
3967	1.927e-010
3968	1.9086e-010
3969	1.9214e-010
3970	1.8817e-010
3971	1.8213e-010
3972	1.7815e-010
3973	1.7549e-010
3974	1.6733e-010
3975	1.692e-010
3976	1.6412e-010
3977	1.6094e-010
3978	1.5769e-010
3979	1.5497e-010
3980	1.5232e-010
3981	1.4586e-010
3982	1.4695e-010
3983	1.4397e-010
3984	1.4194e-010
3985	1.4218e-010
3986	1.4127e-010
3987	1.4271e-010
3988	1.2405e-010
3989	1.3997e-010
3990	1.3706e-010
3991	1.4461e-010
3992	1.2098e-010
3993	1.3819e-010
3994	1.3986e-010
3995	1.1215e-010
3996	1.151e-010
3997	1.4138e-010
3998	1.0808e-010
3999	1.2627e-010
4000	1.524e-010
4001	1.1478e-010
4002	1.5371e-010
4003	1.0497e-010
4004	1.3944e-010
4005	1.2247e-010
4006	1.0543e-010
4007	1.1453e-010
4008	9.1257e-011
4009	1.1715e-010
4010	8.6963e-011
4011	1.0889e-010
4012	8.748e-011
4013	9.7707e-011
4014	9.6398e-011
4015	8.503e-011
4016	1.2513e-010
4017	1.0072e-010
4018	1.2949e-010
4019	7.9926e-011
4020	8.7522e-011
4021	9.2732e-011
4022	7.7622e-011
4023	9.6726e-011
4024	9.2454e-011
4025	1.1448e-010
4026	3.3762e-010
4027	1.0056e-009
4028	1.3502e-009
4029	2.496e-009
4030	1.4791e-009
4031	3.1998e-010
4032	4.568e-010
4033	9.573e-011
4034	5.8731e-011
4035	6.3301e-011
4036	6.2274e-011
4037	6.2132e-011
4038	6.3289e-011
4039	6.3469e-011
4040	5.9163e-011
4041	5.9504e-011
4042	6.0855e-011
4043	5.8735e-011
4044	6.3158e-011
4045	6.0594e-011
4046	6.3494e-011
4047	6.4123e-011
4048	6.5402e-011
4049	6.7818e-011
4050	6.7913e-011
4051	7.1486e-011
4052	7.0889e-011
4053	7.4705e-011
4054	7.4437e-011
4055	7.7598e-011
4056	7.854e-011
4057	7.9736e-011
4058	8.3854e-011
4059	8.2483e-011
4060	8.8396e-011
4061	8.6846e-011
4062	8.9651e-011
4063	9.3354e-011
4064	9.2625e-011
4065	9.6312e-011
4066	9.9251e-011
4067	9.9404e-011
4068	1.0199e-010
4069	1.0729e-010
4070	1.0653e-010
4071	1.0916e-010
4072	1.1193e-010
4073	1.1625e-010
4074	1.1728e-010
4075	1.1965e-010
4076	1.2221e-010
4077	1.2542e-010
4078	1.2836e-010
4079	1.311e-010
4080	1.347e-010
4081	1.371e-010
4082	1.4016e-010
4083	1.434e-010
4084	1.4677e-010
4085	1.5009e-010
4086	1.5296e-010
4087	1.5871e-010
4088	1.6077e-010
4089	1.6491e-010
4090	1.6878e-010
4091	1.7089e-010
4092	1.7425e-010
4093	1.8258e-010
4094	1.905e-010
4095	1.8506e-010
4096	1.845e-010
4097	1.9184e-010
4098	1.8561e-010
4099	1.7606e-010
4100	1.7204e-010
4101	1.7117e-010
4102	1.682e-010
4103	1.6392e-010
4104	1.656e-010
4105	1.5548e-010
4106	1.538e-010
4107	1.5076e-010
4108	1.4767e-010
4109	1.4441e-010
4110	1.4179e-010
4111	1.4389e-010
4112	1.38e-010
4113	1.3718e-010
4114	1.3391e-010
4115	1.275e-010
4116	1.2713e-010
4117	1.2711e-010
4118	1.4717e-010
4119	1.2355e-010
4120	1.1676e-010
4121	1.1856e-010
4122	1.5746e-010
4123	1.174e-010
4124	1.0619e-010
4125	1.3098e-010
4126	1.1653e-010
4127	9.7297e-011
4128	1.4073e-010
4129	1.1157e-010
4130	1.0842e-010
4131	1.7118e-010
4132	9.3053e-011
4133	1.4132e-010
4134	1.1065e-010
4135	1.1051e-010
4136	1.1342e-010
4137	9.1941e-011
4138	1.1487e-010
4139	8.1591e-011
4140	1.11e-010
4141	8.0404e-011
4142	9.899e-011
4143	8.4818e-011
4144	8.6603e-011
4145	9.3768e-011
4146	8.5535e-011
4147	1.4362e-010
4148	8.2652e-011
4149	1.0103e-010
4150	7.3248e-011
4151	7.4486e-011
4152	1.1068e-010
4153	8.7196e-011
4154	1.1715e-010
4155	1.3733e-010
4156	3.857e-010
4157	1.0144e-009
4158	1.3722e-009
4159	2.3031e-009
4160	1.2222e-009
4161	4.1206e-010
4162	5.2143e-010
4163	1.2232e-010
4164	5.7934e-011
4165	5.9796e-011
4166	5.3013e-011
4167	5.446e-011
4168	5.9139e-011
4169	5.5293e-011
4170	5.9534e-011
4171	6.0389e-011
4172	5.9685e-011
4173	6.5175e-011
4174	6.2084e-011
4175	6.7572e-011
4176	6.6461e-011
4177	6.8885e-011
4178	7.0532e-011
4179	7.0974e-011
4180	7.4321e-011
4181	7.3754e-011
4182	7.7836e-011
4183	7.7216e-011
4184	8.1007e-011
4185	8.1281e-011
4186	8.3843e-011
4187	8.6367e-011
4188	8.6188e-011
4189	9.1341e-011
4190	8.9588e-011
4191	9.4828e-011
4192	9.5891e-011
4193	9.6458e-011
4194	1.0114e-010
4195	1.0185e-010
4196	1.035e-010
4197	1.0779e-010
4198	1.1003e-010
4199	1.0985e-010
4200	1.15e-010
4201	1.173e-010
4202	1.1982e-010
4203	1.2078e-010
4204	1.2489e-010
4205	1.2783e-010
4206	1.3082e-010
4207	1.335e-010
4208	1.3641e-010
4209	1.3955e-010
4210	1.4209e-010
4211	1.4592e-010
4212	1.4927e-010
4213	1.5265e-010
4214	1.5605e-010
4215	1.5972e-010
4216	1.6397e-010
4217	1.6586e-010
4218	1.7106e-010
4219	1.7464e-010
4220	1.7891e-010
4221	1.8444e-010
4222	1.8927e-010
4223	1.9036e-010
4224	1.922e-010
4225	2.0533e-010
4226	2.0637e-010
4227	1.927e-010
4228	1.9086e-010
4229	1.9214e-010
4230	1.8817e-010
4231	1.8213e-010
4232	1.7815e-010
4233	1.7549e-010
4234	1.6733e-010
4235	1.692e-010
4236	1.6411e-010
4237	1.6094e-010
4238	1.5769e-010
4239	1.5497e-010
4240	1.5232e-010
4241	1.4586e-010
4242	1.4695e-010
4243	1.4397e-010
4244	1.4196e-010
4245	1.4212e-010
4246	1.4134e-010
4247	1.4186e-010
4248	1.2551e-010
4249	1.391e-010
4250	1.3713e-010
4251	1.4453e-010
4252	1.2098e-010
4253	1.3815e-010
4254	1.3987e-010
4255	1.1214e-010
4256	1.151e-010
4257	1.4138e-010
4258	1.0808e-010
4259	1.2627e-010
4260	1.524e-010
4261	1.1478e-010
4262	1.5371e-010
4263	1.0497e-010
4264	1.3944e-010
4265	1.2247e-010
4266	1.0543e-010
4267	1.1453e-010
4268	9.1257e-011
4269	1.1715e-010
4270	8.6963e-011
4271	1.0889e-010
4272	8.748e-011
4273	9.7707e-011
4274	9.6398e-011
4275	8.503e-011
4276	1.2513e-010
4277	1.0072e-010
4278	1.2949e-010
4279	7.9926e-011
4280	8.7522e-011
4281	9.2732e-011
4282	7.7622e-011
4283	9.6726e-011
4284	9.2454e-011
4285	1.1448e-010
4286	3.3762e-010
4287	1.0056e-009
4288	1.3502e-009
4289	2.496e-009
4290	1.4791e-009
4291	4.1199e-010
4292	5.2132e-010
4293	1.2233e-010
4294	5.7949e-011
4295	5.9808e-011
4296	5.3022e-011
4297	5.4475e-011
4298	5.9167e-011
4299	5.5333e-011
4300	5.9586e-011
4301	6.0451e-011
4302	5.9738e-011
4303	6.5188e-011
4304	6.2056e-011
4305	6.7556e-011
4306	6.6473e-011
4307	6.8914e-011
4308	7.0564e-011
4309	7.099e-011
4310	7.4302e-011
4311	7.3716e-011
4312	7.7797e-011
4313	7.7185e-011
4314	8.0996e-011
4315	8.128e-011
4316	8.3858e-011
4317	8.6369e-011
4318	8.6154e-011
4319	9.1275e-011
4320	8.9523e-011
4321	9.4773e-011
4322	9.5876e-011
4323	9.6471e-011
4324	1.0117e-010
4325	1.0189e-010
4326	1.0355e-010
4327	1.0783e-010
4328	1.101e-010
4329	1.0985e-010
4330	1.1511e-010
4331	1.1732e-010
4332	1.1982e-010
4333	1.2085e-010
4334	1.2498e-010
4335	1.2792e-010
4336	1.3088e-010
4337	1.3352e-010
4338	1.3648e-010
4339	1.3962e-010
4340	1.4215e-010
4341	1.4593e-010
4342	1.4925e-010
4343	1.5269e-010
4344	1.5612e-010
4345	1.5972e-010
4346	1.64e-010
4347	1.6583e-010
4348	1.7109e-010
4349	1.746e-010
4350	1.788e-010
4351	1.8437e-010
4352	1.8935e-010
4353	1.9032e-010
4354	1.9217e-010
4355	2.0532e-010
4356	2.0643e-010
4357	1.9261e-010
4358	1.9086e-010
4359	1.9213e-010
4360	1.882e-010
4361	1.822e-010
4362	1.7821e-010
4363	1.7543e-010
4364	1.6739e-010
4365	1.6909e-010
4366	1.6415e-010
4367	1.6096e-010
4368	1.5786e-010
4369	1.5509e-010
4370	1.5241e-010
4371	1.4585e-010
4372	1.4693e-010
4373	1.4391e-010
4374	1.4195e-010
4375	1.4213e-010
4376	1.415e-010
4377	1.4197e-010
4378	1.2778e-010
4379	1.3929e-010
4380	1.3726e-010
4381	1.4453e-010
4382	1.2101e-010
4383	1.3816e-010
4384	1.3986e-010
4385	1.1214e-010
4386	1.1505e-010
4387	1.4131e-010
4388	1.0801e-010
4389	1.2617e-010
4390	1.5229e-010
4391	1.1467e-010
4392	1.5358e-010
4393	1.0486e-010
4394	1.3931e-010
4395	1.2235e-010
4396	1.0535e-010
4397	1.1445e-010
4398	9.1128e-011
4399	1.1705e-010
4400	8.6861e-011
4401	1.0879e-010
4402	8.74e-011
4403	9.7624e-011
4404	9.6305e-011
4405	8.4962e-011
4406	1.2504e-010
4407	1.0071e-010
4408	1.2943e-010
4409	7.9872e-011
4410	8.7473e-011
4411	9.2681e-011
4412	7.7598e-011
4413	9.6679e-011
4414	9.2413e-011
4415	1.1443e-010
4416	3.3765e-010
4417	1.0056e-009
4418	1.3502e-009
4419	2.4961e-009
4420	1.479e-009
4421	3.199e-010
4422	4.568e-010
4423	9.577e-011
4424	5.8781e-011
4425	6.3325e-011
4426	6.228e-011
4427	6.2158e-011
4428	6.3385e-011
4429	6.3609e-011
4430	5.9311e-011
4431	5.9613e-011
4432	6.0929e-011
4433	5.8787e-011
4434	6.32e-011
4435	6.0627e-011
4436	6.3536e-011
4437	6.4184e-011
4438	6.5494e-011
4439	6.7892e-011
4440	6.793e-011
4441	7.1464e-011
4442	7.0878e-011
4443	7.4731e-011
4444	7.4506e-011
4445	7.772e-011
4446	7.8693e-011
4447	7.9822e-011
4448	8.3786e-011
4449	8.2326e-011
4450	8.8213e-011
4451	8.671e-011
4452	8.9626e-011
4453	9.3452e-011
4454	9.2684e-011
4455	9.6363e-011
4456	9.9443e-011
4457	9.9578e-011
4458	1.0218e-010
4459	1.0738e-010
4460	1.0676e-010
4461	1.0924e-010
4462	1.1204e-010
4463	1.1649e-010
4464	1.1742e-010
4465	1.1968e-010
4466	1.2231e-010
4467	1.2559e-010
4468	1.2856e-010
4469	1.3132e-010
4470	1.3482e-010
4471	1.3712e-010
4472	1.4021e-010
4473	1.4345e-010
4474	1.4675e-010
4475	1.5006e-010
4476	1.5293e-010
4477	1.587e-010
4478	1.6083e-010
4479	1.65e-010
4480	1.6856e-010
4481	1.7063e-010
4482	1.743e-010
4483	1.8245e-010
4484	1.9024e-010
4485	1.8492e-010
4486	1.8459e-010
4487	1.9181e-010
4488	1.8534e-010
4489	1.7588e-010
4490	1.7211e-010
4491	1.7126e-010
4492	1.6826e-010
4493	1.639e-010
4494	1.6545e-010
4495	1.5558e-010
4496	1.5392e-010
4497	1.5103e-010
4498	1.4791e-010
4499	1.446e-010
4500	1.4177e-010
4501	1.439e-010
4502	1.3792e-010
4503	1.3709e-010
4504	1.3381e-010
4505	1.2748e-010
4506	1.2722e-010
4507	1.2888e-010
4508	1.4992e-010
4509	1.2545e-010
4510	1.1695e-010
4511	1.1857e-010
4512	1.5755e-010
4513	1.1735e-010
4514	1.0621e-010
4515	1.3094e-010
4516	1.1646e-010
4517	9.7219e-011
4518	1.4061e-010
4519	1.1141e-010
4520	1.0823e-010
4521	1.7096e-010
4522	9.2841e-011
4523	1.4101e-010
4524	1.1044e-010
4525	1.103e-010
4526	1.132e-010
4527	9.1761e-011
4528	1.1466e-010
4529	8.1385e-011
4530	1.1077e-010
4531	8.0217e-011
4532	9.8781e-011
4533	8.4631e-011
4534	8.6387e-011
4535	9.3551e-011
4536	8.5401e-011
4537	1.4341e-010
4538	8.2557e-011
4539	1.0094e-010
4540	7.3138e-011
4541	7.4384e-011
4542	1.1056e-010
4543	8.7092e-011
4544	1.17e-010
4545	1.3719e-010
4546	3.8555e-010
4547	1.0144e-009
4548	1.3721e-009
4549	2.3031e-009
4550	1.2222e-009
4551	4.121e-010
4552	5.2145e-010
4553	1.2238e-010
4554	5.7995e-011
4555	5.985e-011
4556	5.3053e-011
4557	5.4502e-011
4558	5.9198e-011
4559	5.5358e-011
4560	5.9616e-011
4561	6.0481e-011
4562	5.9766e-011
4563	6.5219e-011
4564	6.2088e-011
4565	6.7568e-011
4566	6.6464e-011
4567	6.891e-011
4568	7.059e-011
4569	7.1034e-011
4570	7.4349e-011
4571	7.3752e-011
4572	7.7814e-011
4573	7.7203e-011
4574	8.1046e-011
4575	8.1335e-011
4576	8.3873e-011
4577	8.6381e-011
4578	8.6204e-011
4579	9.1296e-011
4580	8.9501e-011
4581	9.4732e-011
4582	9.5857e-011
4583	9.6497e-011
4584	1.0118e-010
4585	1.019e-010
4586	1.0361e-010
4587	1.0787e-010
4588	1.0998e-010
4589	1.1006e-010
4590	1.1505e-010
4591	1.1736e-010
4592	1.1986e-010
4593	1.2091e-010
4594	1.2505e-010
4595	1.279e-010
4596	1.3087e-010
4597	1.3358e-010
4598	1.3655e-010
4599	1.3971e-010
4600	1.4208e-010
4601	1.4598e-010
4602	1.4936e-010
4603	1.527e-010
4604	1.5612e-010
4605	1.5969e-010
4606	1.6391e-010
4607	1.6583e-010
4608	1.7103e-010
4609	1.7459e-010
4610	1.787e-010
4611	1.8433e-010
4612	1.8927e-010
4613	1.9039e-010
4614	1.9193e-010
4615	2.0534e-010
4616	2.0635e-010
4617	1.9273e-010
4618	1.9083e-010
4619	1.9216e-010
4620	1.8818e-010
4621	1.8226e-010
4622	1.7825e-010
4623	1.755e-010
4624	1.6741e-010
4625	1.6918e-010
4626	1.6416e-010
4627	1.6095e-010
4628	1.5786e-010
4629	1.5508e-010
4630	1.5236e-010
4631	1.4583e-010
4632	1.4693e-010
4633	1.4394e-010
4634	1.4188e-010
4635	1.4214e-010
4636	1.4147e-010
4637	1.4414e-010
4638	1.2636e-010
4639	1.4149e-010
4640	1.3728e-010
4641	1.4457e-010
4642	1.2097e-010
4643	1.3814e-010
4644	1.3984e-010
4645	1.1213e-010
4646	1.1504e-010
4647	1.4131e-010
4648	1.0797e-010
4649	1.2614e-010
4650	1.5228e-010
4651	1.1467e-010
4652	1.5357e-010
4653	1.0485e-010
4654	1.3931e-010
4655	1.2234e-010
4656	1.0528e-010
4657	1.1438e-010
4658	9.1092e-011
4659	1.17e-010
4660	8.6848e-011
4661	1.0876e-010
4662	8.7356e-011
4663	9.7584e-011
4664	9.6279e-011
4665	8.4951e-011
4666	1.25e-010
4667	1.0067e-010
4668	1.2938e-010
4669	7.9856e-011
4670	8.7447e-011
4671	9.2672e-011
4672	7.7593e-011
4673	9.667e-011
4674	9.2364e-011
4675	1.1439e-010
4676	3.3764e-010
4677	1.0056e-009
4678	1.3502e-009
4679	2.496e-009
4680	1.4789e-009
4681	5.1656e-010
4682	3.335e-010
4683	7.9707e-011
4684	7.0259e-011
4685	8.8923e-011
4686	8.5856e-011
4687	8.6763e-011
4688	8.9199e-011
4689	8.6271e-011
4690	8.5414e-011
4691	8.4676e-011
4692	8.469e-011
4693	8.6426e-011
4694	8.7163e-011
4695	8.9026e-011
4696	9.0038e-011
4697	9.2177e-011
4698	9.4517e-011
4699	9.6331e-011
4700	9.9054e-011
4701	1.0097e-010
4702	1.0364e-010
4703	1.058e-010
4704	1.0833e-010
4705	1.1078e-010
4706	1.1316e-010
4707	1.1566e-010
4708	1.1871e-010
4709	1.2125e-010
4710	1.241e-010
4711	1.2667e-010
4712	1.2933e-010
4713	1.3263e-010
4714	1.3534e-010
4715	1.3842e-010
4716	1.4176e-010
4717	1.4458e-010
4718	1.4809e-010
4719	1.5164e-010
4720	1.5493e-010
4721	1.5777e-010
4722	1.621e-010
4723	1.6538e-010
4724	1.696e-010
4725	1.7283e-010
4726	1.7661e-010
4727	1.8087e-010
4728	1.8502e-010
4729	1.8937e-010
4730	1.9333e-010
4731	1.9796e-010
4732	2.0226e-010
4733	2.068e-010
4734	2.1147e-010
4735	2.161e-010
4736	2.2169e-010
4737	2.2596e-010
4738	2.3204e-010
4739	2.3686e-010
4740	2.4182e-010
4741	2.4701e-010
4742	2.5393e-010
4743	2.6014e-010
4744	2.6421e-010
4745	2.7216e-010
4746	2.7298e-010
4747	2.6538e-010
4748	2.6178e-010
4749	2.5639e-010
4750	2.493e-010
4751	2.4495e-010
4752	2.4079e-010
4753	2.3702e-010
4754	2.2935e-010
4755	2.2687e-010
4756	2.2019e-010
4757	2.1587e-010
4758	2.1156e-010
4759	2.0745e-010
4760	2.0438e-010
4761	1.9896e-010
4762	1.9741e-010
4763	1.9406e-010
4764	1.8969e-010
4765	1.8238e-010
4766	1.8237e-010
4767	1.8949e-010
4768	1.8146e-010
4769	1.8436e-010
4770	1.6569e-010
4771	1.7853e-010
4772	1.8069e-010
4773	1.6924e-010
4774	1.6174e-010
4775	1.6218e-010
4776	1.5115e-010
4777	1.5879e-010
4778	1.6268e-010
4779	1.4448e-010
4780	1.6178e-010
4781	1.8178e-010
4782	1.6171e-010
4783	1.5516e-010
4784	1.3395e-010
4785	1.2781e-010
4786	1.2301e-010
4787	1.2269e-010
4788	1.2228e-010
4789	1.223e-010
4790	1.1667e-010
4791	1.1474e-010
4792	1.0311e-010
4793	1.0339e-010
4794	9.7884e-011
4795	9.4271e-011
4796	1.2859e-010
4797	1.486e-010
4798	1.3035e-010
4799	9.8956e-011
4800	8.9509e-011
4801	1.1221e-010
4802	1.3714e-010
4803	1.165e-010
4804	1.3258e-010
4805	1.3784e-010
4806	2.6235e-010
4807	7.721e-010
4808	4.867e-010
4809	1.9099e-009
4810	2.054e-009
4811	4.8304e-010
4812	4.4273e-010
4813	1.1061e-010
4814	8.7493e-011
4815	9.3734e-011
4816	9.4435e-011
4817	9.5913e-011
4818	9.6671e-011
4819	9.3811e-011
4820	9.4417e-011
4821	9.3558e-011
4822	9.3046e-011
4823	9.5588e-011
4824	9.4833e-011
4825	9.8411e-011
4826	9.9014e-011
4827	1.0162e-010
4828	1.0393e-010
4829	1.0582e-010
4830	1.0913e-010
4831	1.1044e-010
4832	1.1442e-010
4833	1.1561e-010
4834	1.1956e-010
4835	1.2118e-010
4836	1.2438e-010
4837	1.2779e-010
4838	1.2903e-010
4839	1.3438e-010
4840	1.3468e-010
4841	1.3999e-010
4842	1.4242e-010
4843	1.4433e-010
4844	1.4954e-010
4845	1.5175e-010
4846	1.5465e-010
4847	1.5973e-010
4848	1.6291e-010
4849	1.6485e-010
4850	1.7031e-010
4851	1.743e-010
4852	1.7766e-010
4853	1.8076e-010
4854	1.856e-010
4855	1.9015e-010
4856	1.9459e-010
4857	1.9868e-010
4858	2.0296e-010
4859	2.0748e-010
4860	2.1193e-010
4861	2.1705e-010
4862	2.221e-010
4863	2.2717e-010
4864	2.322e-010
4865	2.3749e-010
4866	2.4289e-010
4867	2.4776e-010
4868	2.5387e-010
4869	2.597e-010
4870	2.6568e-010
4871	2.7321e-010
4872	2.7978e-010
4873	2.8354e-010
4874	2.8905e-010
4875	3.0099e-010
4876	3.0168e-010
4877	2.9003e-010
4878	2.8478e-010
4879	2.8284e-010
4880	2.7755e-010
4881	2.7032e-010
4882	2.6495e-010
4883	2.5874e-010
4884	2.519e-010
4885	2.486e-010
4886	2.4368e-010
4887	2.3859e-010
4888	2.3401e-010
4889	2.2962e-010
4890	2.2421e-010
4891	2.1834e-010
4892	2.1576e-010
4893	2.1315e-010
4894	2.0968e-010
4895	2.073e-010
4896	2.0702e-010
4897	2.0433e-010
4898	1.9156e-010
4899	2.001e-010
4900	1.961e-010
4901	1.991e-010
4902	1.83e-010
4903	1.8955e-010
4904	1.9205e-010
4905	1.6733e-010
4906	1.6536e-010
4907	1.901e-010
4908	1.6193e-010
4909	1.6647e-010
4910	1.9113e-010
4911	1.7446e-010
4912	1.9663e-010
4913	1.5015e-010
4914	1.6188e-010
4915	1.4655e-010
4916	1.2996e-010
4917	1.4571e-010
4918	1.2817e-010
4919	1.4419e-010
4920	1.2356e-010
4921	1.3258e-010
4922	1.1474e-010
4923	1.1745e-010
4924	1.1329e-010
4925	1.0732e-010
4926	1.4691e-010
4927	1.5018e-010
4928	1.4868e-010
4929	1.0891e-010
4930	1.0698e-010
4931	1.2875e-010
4932	1.4274e-010
4933	1.4226e-010
4934	1.4025e-010
4935	1.5855e-010
4936	3.0589e-010
4937	7.2623e-010
4938	4.5207e-010
4939	2.227e-009
4940	1.8903e-009
4941	5.1642e-010
4942	3.3345e-010
4943	7.9699e-011
4944	7.0254e-011
4945	8.891e-011
4946	8.5844e-011
4947	8.6744e-011
4948	8.9165e-011
4949	8.6226e-011
4950	8.5388e-011
4951	8.4679e-011
4952	8.4701e-011
4953	8.6419e-011
4954	8.7136e-011
4955	8.9001e-011
4956	9.0032e-011
4957	9.2188e-011
4958	9.4547e-011
4959	9.6365e-011
4960	9.9086e-011
4961	1.0098e-010
4962	1.0363e-010
4963	1.0577e-010
4964	1.0831e-010
4965	1.1077e-010
4966	1.1317e-010
4967	1.1565e-010
4968	1.1867e-010
4969	1.2122e-010
4970	1.2412e-010
4971	1.2674e-010
4972	1.2938e-010
4973	1.326e-010
4974	1.3526e-010
4975	1.3835e-010
4976	1.4173e-010
4977	1.4454e-010
4978	1.4818e-010
4979	1.5142e-010
4980	1.5502e-010
4981	1.5776e-010
4982	1.6213e-010
4983	1.654e-010
4984	1.6953e-010
4985	1.7276e-010
4986	1.7656e-010
4987	1.8083e-010
4988	1.85e-010
4989	1.8926e-010
4990	1.9339e-010
4991	1.9793e-010
4992	2.0224e-010
4993	2.0675e-010
4994	2.1133e-010
4995	2.1603e-010
4996	2.2172e-010
4997	2.2597e-010
4998	2.3203e-010
4999	2.369e-010
5000	2.4186e-010
5001	2.4706e-010
5002	2.5395e-010
5003	2.6001e-010
5004	2.6429e-010
5005	2.7207e-010
5006	2.7318e-010
5007	2.6536e-010
5008	2.6176e-010
5009	2.5643e-010
5010	2.4937e-010
5011	2.4486e-010
5012	2.4071e-010
5013	2.3703e-010
5014	2.2929e-010
5015	2.269e-010
5016	2.2026e-010
5017	2.1604e-010
5018	2.1161e-010
5019	2.0737e-010
5020	2.0478e-010
5021	1.9836e-010
5022	1.9781e-010
5023	1.9391e-010
5024	1.8966e-010
5025	1.8232e-010
5026	1.8232e-010
5027	1.8949e-010
5028	1.8142e-010
5029	1.844e-010
5030	1.6565e-010
5031	1.784e-010
5032	1.806e-010
5033	1.6917e-010
5034	1.6174e-010
5035	1.6223e-010
5036	1.5116e-010
5037	1.5879e-010
5038	1.6273e-010
5039	1.4453e-010
5040	1.618e-010
5041	1.8184e-010
5042	1.6169e-010
5043	1.5521e-010
5044	1.3395e-010
5045	1.2783e-010
5046	1.2307e-010
5047	1.2273e-010
5048	1.2231e-010
5049	1.223e-010
5050	1.1671e-010
5051	1.1477e-010
5052	1.0315e-010
5053	1.0343e-010
5054	9.7908e-011
5055	9.4293e-011
5056	1.286e-010
5057	1.4866e-010
5058	1.3035e-010
5059	9.897e-011
5060	8.9508e-011
5061	1.122e-010
5062	1.3713e-010
5063	1.1651e-010
5064	1.3262e-010
5065	1.3787e-010
5066	2.6237e-010
5067	7.721e-010
5068	4.8674e-010
5069	1.91e-009
5070	2.0542e-009
5071	5.1643e-010
5072	3.3339e-010
5073	7.9642e-011
5074	7.0186e-011
5075	8.8843e-011
5076	8.5774e-011
5077	8.6681e-011
5078	8.9114e-011
5079	8.6186e-011
5080	8.5344e-011
5081	8.4623e-011
5082	8.4649e-011
5083	8.6392e-011
5084	8.7125e-011
5085	8.8958e-011
5086	8.9932e-011
5087	9.2055e-011
5088	9.4409e-011
5089	9.6245e-011
5090	9.9009e-011
5091	1.0093e-010
5092	1.0358e-010
5093	1.0574e-010
5094	1.0829e-010
5095	1.1074e-010
5096	1.1308e-010
5097	1.1554e-010
5098	1.1857e-010
5099	1.2112e-010
5100	1.24e-010
5101	1.2661e-010
5102	1.2931e-010
5103	1.326e-010
5104	1.3525e-010
5105	1.383e-010
5106	1.4168e-010
5107	1.4451e-010
5108	1.4805e-010
5109	1.515e-010
5110	1.5479e-010
5111	1.576e-010
5112	1.6198e-010
5113	1.6527e-010
5114	1.6942e-010
5115	1.7264e-010
5116	1.7644e-010
5117	1.8076e-010
5118	1.8495e-010
5119	1.8922e-010
5120	1.9323e-010
5121	1.977e-010
5122	2.0206e-010
5123	2.0663e-010
5124	2.1124e-010
5125	2.1596e-010
5126	2.2166e-010
5127	2.2592e-010
5128	2.3199e-010
5129	2.3696e-010
5130	2.4211e-010
5131	2.4723e-010
5132	2.5404e-010
5133	2.6011e-010
5134	2.6433e-010
5135	2.7219e-010
5136	2.7327e-010
5137	2.6549e-010
5138	2.618e-010
5139	2.5636e-010
5140	2.493e-010
5141	2.4482e-010
5142	2.4083e-010
5143	2.3718e-010
5144	2.2923e-010
5145	2.2686e-010
5146	2.2021e-010
5147	2.1601e-010
5148	2.1144e-010
5149	2.0716e-010
5150	2.0471e-010
5151	1.9832e-010
5152	1.9779e-010
5153	1.9392e-010
5154	1.897e-010
5155	1.8232e-010
5156	1.8234e-010
5157	1.8924e-010
5158	1.8158e-010
5159	1.8424e-010
5160	1.6571e-010
5161	1.7831e-010
5162	1.8059e-010
5163	1.6915e-010
5164	1.6177e-010
5165	1.6227e-010
5166	1.5123e-010
5167	1.5892e-010
5168	1.6291e-010
5169	1.447e-010
5170	1.6199e-010
5171	1.8207e-010
5172	1.619e-010
5173	1.5542e-010
5174	1.3417e-010
5175	1.2804e-010
5176	1.2327e-010
5177	1.2293e-010
5178	1.2256e-010
5179	1.2253e-010
5180	1.1692e-010
5181	1.1495e-010
5182	1.0333e-010
5183	1.0359e-010
5184	9.8039e-011
5185	9.4404e-011
5186	1.2869e-010
5187	1.4875e-010
5188	1.3045e-010
5189	9.91e-011
5190	8.9626e-011
5191	1.1231e-010
5192	1.3721e-010
5193	1.1659e-010
5194	1.3271e-010
5195	1.3795e-010
5196	2.6245e-010
5197	7.7218e-010
5198	4.8682e-010
5199	1.9101e-009
5200	2.0544e-009
5201	4.8306e-010
5202	4.4268e-010
5203	1.1056e-010
5204	8.7403e-011
5205	9.363e-011
5206	9.4339e-011
5207	9.583e-011
5208	9.6612e-011
5209	9.3755e-011
5210	9.4337e-011
5211	9.3419e-011
5212	9.2913e-011
5213	9.5544e-011
5214	9.486e-011
5215	9.8403e-011
5216	9.8898e-011
5217	1.0145e-010
5218	1.0376e-010
5219	1.057e-010
5220	1.0909e-010
5221	1.1045e-010
5222	1.1444e-010
5223	1.1563e-010
5224	1.1958e-010
5225	1.2119e-010
5226	1.2437e-010
5227	1.2775e-010
5228	1.2895e-010
5229	1.343e-010
5230	1.3461e-010
5231	1.3992e-010
5232	1.4236e-010
5233	1.4429e-010
5234	1.4944e-010
5235	1.516e-010
5236	1.5452e-010
5237	1.5968e-010
5238	1.6297e-010
5239	1.6468e-010
5240	1.7022e-010
5241	1.7414e-010
5242	1.7756e-010
5243	1.8056e-010
5244	1.8532e-010
5245	1.8985e-010
5246	1.9435e-010
5247	1.9856e-010
5248	2.0285e-010
5249	2.0733e-010
5250	2.1168e-010
5251	2.1678e-010
5252	2.2184e-010
5253	2.2697e-010
5254	2.3197e-010
5255	2.3736e-010
5256	2.4296e-010
5257	2.4775e-010
5258	2.5385e-010
5259	2.5991e-010
5260	2.6619e-010
5261	2.7352e-010
5262	2.7982e-010
5263	2.8377e-010
5264	2.8917e-010
5265	3.011e-010
5266	3.0186e-010
5267	2.903e-010
5268	2.8487e-010
5269	2.8276e-010
5270	2.7755e-010
5271	2.7036e-010
5272	2.6487e-010
5273	2.5884e-010
5274	2.5194e-010
5275	2.4853e-010
5276	2.4387e-010
5277	2.3856e-010
5278	2.3371e-010
5279	2.2926e-010
5280	2.2401e-010
5281	2.1825e-010
5282	2.158e-010
5283	2.1313e-010
5284	2.0967e-010
5285	2.0733e-010
5286	2.0678e-010
5287	2.0418e-010
5288	1.9189e-010
5289	2.0012e-010
5290	1.96e-010
5291	1.9916e-010
5292	1.8294e-010
5293	1.8962e-010
5294	1.9204e-010
5295	1.6735e-010
5296	1.6548e-010
5297	1.903e-010
5298	1.6218e-010
5299	1.6675e-010
5300	1.9143e-010
5301	1.7482e-010
5302	1.9696e-010
5303	1.5052e-010
5304	1.6225e-010
5305	1.4693e-010
5306	1.3032e-010
5307	1.4611e-010
5308	1.2864e-010
5309	1.4463e-010
5310	1.2395e-010
5311	1.3291e-010
5312	1.1508e-010
5313	1.1775e-010
5314	1.1354e-010
5315	1.0753e-010
5316	1.4706e-010
5317	1.5033e-010
5318	1.4882e-010
5319	1.0908e-010
5320	1.0716e-010
5321	1.2891e-010
5322	1.4285e-010
5323	1.424e-010
5324	1.4041e-010
5325	1.5872e-010
5326	3.0606e-010
5327	7.264e-010
5328	4.5228e-010
5329	2.2273e-009
5330	1.8906e-009
5331	5.1643e-010
5332	3.3339e-010
5333	7.9642e-011
5334	7.0186e-011
5335	8.8843e-011
5336	8.5774e-011
5337	8.6681e-011
5338	8.9114e-011
5339	8.6186e-011
5340	8.5344e-011
5341	8.4623e-011
5342	8.4649e-011
5343	8.6392e-011
5344	8.7125e-011
5345	8.8958e-011
5346	8.9932e-011
5347	9.2055e-011
5348	9.4409e-011
5349	9.6245e-011
5350	9.9009e-011
5351	1.0093e-010
5352	1.0358e-010
5353	1.0574e-010
5354	1.083e-010
5355	1.1074e-010
5356	1.1308e-010
5357	1.1554e-010
5358	1.1857e-010
5359	1.2112e-010
5360	1.24e-010
5361	1.2661e-010
5362	1.2931e-010
5363	1.326e-010
5364	1.3525e-010
5365	1.383e-010
5366	1.4168e-010
5367	1.4449e-010
5368	1.4815e-010
5369	1.5138e-010
5370	1.549e-010
5371	1.5758e-010
5372	1.6198e-010
5373	1.6526e-010
5374	1.6942e-010
5375	1.7264e-010
5376	1.7644e-010
5377	1.8076e-010
5378	1.8495e-010
5379	1.8922e-010
5380	1.9323e-010
5381	1.977e-010
5382	2.0206e-010
5383	2.0663e-010
5384	2.1124e-010
5385	2.1596e-010
5386	2.2166e-010
5387	2.2592e-010
5388	2.3199e-010
5389	2.3696e-010
5390	2.4211e-010
5391	2.4723e-010
5392	2.5404e-010
5393	2.6011e-010
5394	2.6433e-010
5395	2.7219e-010
5396	2.7327e-010
5397	2.6549e-010
5398	2.618e-010
5399	2.5636e-010
5400	2.493e-010
5401	2.4482e-010
5402	2.4083e-010
5403	2.3718e-010
5404	2.2923e-010
5405	2.2686e-010
5406	2.202e-010
5407	2.1602e-010
5408	2.1142e-010
5409	2.0728e-010
5410	2.0425e-010
5411	1.9888e-010
5412	1.9733e-010
5413	1.9402e-010
5414	1.8968e-010
5415	1.8233e-010
5416	1.8229e-010
5417	1.8933e-010
5418	1.8166e-010
5419	1.8434e-010
5420	1.6569e-010
5421	1.783e-010
5422	1.8062e-010
5423	1.6915e-010
5424	1.6177e-010
5425	1.6227e-010
5426	1.5123e-010
5427	1.5892e-010
5428	1.6291e-010
5429	1.447e-010
5430	1.6199e-010
5431	1.8207e-010
5432	1.619e-010
5433	1.5542e-010
5434	1.3417e-010
5435	1.2804e-010
5436	1.2327e-010
5437	1.2293e-010
5438	1.2256e-010
5439	1.2253e-010
5440	1.1692e-010
5441	1.1495e-010
5442	1.0333e-010
5443	1.0359e-010
5444	9.8039e-011
5445	9.4404e-011
5446	1.2869e-010
5447	1.4875e-010
5448	1.3045e-010
5449	9.91e-011
5450	8.9626e-011
5451	1.1231e-010
5452	1.3721e-010
5453	1.1659e-010
5454	1.3271e-010
5455	1.3795e-010
5456	2.6245e-010
5457	7.7218e-010
5458	4.8682e-010
5459	1.9101e-009
5460	2.0544e-009
5461	5.1642e-010
5462	3.3345e-010
5463	7.9699e-011
5464	7.0254e-011
5465	8.891e-011
5466	8.5844e-011
5467	8.6744e-011
5468	8.9165e-011
5469	8.6226e-011
5470	8.5388e-011
5471	8.4679e-011
5472	8.4701e-011
5473	8.6419e-011
5474	8.7136e-011
5475	8.9001e-011
5476	9.0032e-011
5477	9.2188e-011
5478	9.4547e-011
5479	9.6366e-011
5480	9.9086e-011
5481	1.0098e-010
5482	1.0363e-010
5483	1.0577e-010
5484	1.0831e-010
5485	1.1077e-010
5486	1.1317e-010
5487	1.1565e-010
5488	1.1867e-010
5489	1.2122e-010
5490	1.2412e-010
5491	1.2674e-010
5492	1.2938e-010
5493	1.326e-010
5494	1.3526e-010
5495	1.3835e-010
5496	1.4173e-010
5497	1.4453e-010
5498	1.4821e-010
5499	1.5143e-010
5500	1.5505e-010
5501	1.5775e-010
5502	1.6213e-010
5503	1.654e-010
5504	1.6953e-010
5505	1.7276e-010
5506	1.7656e-010
5507	1.8083e-010
5508	1.85e-010
5509	1.8926e-010
5510	1.9339e-010
5511	1.9793e-010
5512	2.0224e-010
5513	2.0675e-010
5514	2.1133e-010
5515	2.1603e-010
5516	2.2172e-010
5517	2.2597e-010
5518	2.3203e-010
5519	2.369e-010
5520	2.4186e-010
5521	2.4706e-010
5522	2.5395e-010
5523	2.6001e-010
5524	2.6429e-010
5525	2.7207e-010
5526	2.7318e-010
5527	2.6537e-010
5528	2.6176e-010
5529	2.5642e-010
5530	2.4937e-010
5531	2.4486e-010
5532	2.4071e-010
5533	2.3703e-010
5534	2.2929e-010
5535	2.269e-010
5536	2.2025e-010
5537	2.1605e-010
5538	2.1159e-010
5539	2.0748e-010
5540	2.0435e-010
5541	1.99e-010
5542	1.9738e-010
5543	1.9399e-010
5544	1.8965e-010
5545	1.823e-010
5546	1.8233e-010
5547	1.8929e-010
5548	1.8187e-010
5549	1.8425e-010
5550	1.6571e-010
5551	1.7834e-010
5552	1.8061e-010
5553	1.6914e-010
5554	1.6175e-010
5555	1.6223e-010
5556	1.5116e-010
5557	1.5879e-010
5558	1.6273e-010
5559	1.4453e-010
5560	1.618e-010
5561	1.8184e-010
5562	1.6169e-010
5563	1.5521e-010
5564	1.3395e-010
5565	1.2783e-010
5566	1.2307e-010
5567	1.2273e-010
5568	1.2231e-010
5569	1.223e-010
5570	1.1671e-010
5571	1.1477e-010
5572	1.0315e-010
5573	1.0343e-010
5574	9.7908e-011
5575	9.4293e-011
5576	1.286e-010
5577	1.4866e-010
5578	1.3035e-010
5579	9.897e-011
5580	8.9508e-011
5581	1.122e-010
5582	1.3713e-010
5583	1.1651e-010
5584	1.3262e-010
5585	1.3787e-010
5586	2.6237e-010
5587	7.721e-010
5588	4.8674e-010
5589	1.91e-009
5590	2.0542e-009
5591	4.8304e-010
5592	4.4273e-010
5593	1.1061e-010
5594	8.7493e-011
5595	9.3734e-011
5596	9.4435e-011
5597	9.5913e-011
5598	9.6671e-011
5599	9.3811e-011
5600	9.4417e-011
5601	9.3558e-011
5602	9.3046e-011
5603	9.5588e-011
5604	9.4833e-011
5605	9.8411e-011
5606	9.9014e-011
5607	1.0162e-010
5608	1.0393e-010
5609	1.0582e-010
5610	1.0913e-010
5611	1.1044e-010
5612	1.1442e-010
5613	1.1561e-010
5614	1.1956e-010
5615	1.2118e-010
5616	1.2438e-010
5617	1.2779e-010
5618	1.2903e-010
5619	1.3438e-010
5620	1.3468e-010
5621	1.3999e-010
5622	1.4242e-010
5623	1.4433e-010
5624	1.4954e-010
5625	1.5175e-010
5626	1.5465e-010
5627	1.5974e-010
5628	1.6296e-010
5629	1.648e-010
5630	1.7037e-010
5631	1.7431e-010
5632	1.7766e-010
5633	1.8077e-010
5634	1.856e-010
5635	1.9015e-010
5636	1.9459e-010
5637	1.9868e-010
5638	2.0296e-010
5639	2.0748e-010
5640	2.1193e-010
5641	2.1705e-010
5642	2.221e-010
5643	2.2717e-010
5644	2.322e-010
5645	2.3749e-010
5646	2.4289e-010
5647	2.4776e-010
5648	2.5387e-010
5649	2.597e-010
5650	2.6568e-010
5651	2.7321e-010
5652	2.7978e-010
5653	2.8354e-010
5654	2.8905e-010
5655	3.0099e-010
5656	3.0168e-010
5657	2.9003e-010
5658	2.8478e-010
5659	2.8284e-010
5660	2.7755e-010
5661	2.7032e-010
5662	2.6495e-010
5663	2.5874e-010
5664	2.519e-010
5665	2.486e-010
5666	2.4368e-010
5667	2.3859e-010
5668	2.3402e-010
5669	2.2956e-010
5670	2.2442e-010
5671	2.1813e-010
5672	2.1595e-010
5673	2.131e-010
5674	2.0969e-010
5675	2.0731e-010
5676	2.0693e-010
5677	2.0432e-010
5678	1.9159e-010
5679	2.0012e-010
5680	1.9603e-010
5681	1.9913e-010
5682	1.8291e-010
5683	1.8958e-010
5684	1.9204e-010
5685	1.6732e-010
5686	1.6536e-010
5687	1.901e-010
5688	1.6193e-010
5689	1.6647e-010
5690	1.9113e-010
5691	1.7446e-010
5692	1.9663e-010
5693	1.5015e-010
5694	1.6188e-010
5695	1.4655e-010
5696	1.2996e-010
5697	1.4571e-010
5698	1.2817e-010
5699	1.4419e-010
5700	1.2356e-010
5701	1.3258e-010
5702	1.1474e-010
5703	1.1745e-010
5704	1.1329e-010
5705	1.0732e-010
5706	1.4691e-010
5707	1.5018e-010
5708	1.4868e-010
5709	1.0891e-010
5710	1.0698e-010
5711	1.2875e-010
5712	1.4274e-010
5713	1.4226e-010
5714	1.4025e-010
5715	1.5855e-010
5716	3.0589e-010
5717	7.2623e-010
5718	4.5207e-010
5719	2.227e-009
5720	1.8903e-009
5721	5.1656e-010
5722	3.335e-010
5723	7.9707e-011
5724	7.0259e-011
5725	8.8923e-011
5726	8.5856e-011
5727	8.6763e-011
5728	8.9199e-011
5729	8.6271e-011
5730	8.5414e-011
5731	8.4676e-011
5732	8.469e-011
5733	8.6426e-011
5734	8.7163e-011
5735	8.9026e-011
5736	9.0038e-011
5737	9.2177e-011
5738	9.4517e-011
5739	9.6331e-011
5740	9.9054e-011
5741	1.0097e-010
5742	1.0364e-010
5743	1.058e-010
5744	1.0833e-010
5745	1.1078e-010
5746	1.1316e-010
5747	1.1566e-010
5748	1.1871e-010
5749	1.2125e-010
5750	1.241e-010
5751	1.2667e-010
5752	1.2933e-010
5753	1.3263e-010
5754	1.3534e-010
5755	1.3842e-010
5756	1.4176e-010
5757	1.4455e-010
5758	1.4824e-010
5759	1.5148e-010
5760	1.5509e-010
5761	1.5774e-010
5762	1.621e-010
5763	1.6538e-010
5764	1.696e-010
5765	1.7283e-010
5766	1.7661e-010
5767	1.8087e-010
5768	1.8502e-010
5769	1.8936e-010
5770	1.9333e-010
5771	1.9796e-010
5772	2.0226e-010
5773	2.068e-010
5774	2.1147e-010
5775	2.161e-010
5776	2.2169e-010
5777	2.2596e-010
5778	2.3204e-010
5779	2.3686e-010
5780	2.4182e-010
5781	2.4701e-010
5782	2.5393e-010
5783	2.6014e-010
5784	2.6421e-010
5785	2.7216e-010
5786	2.7298e-010
5787	2.6538e-010
5788	2.6178e-010
5789	2.5639e-010
5790	2.493e-010
5791	2.4495e-010
5792	2.4079e-010
5793	2.3702e-010
5794	2.2935e-010
5795	2.2687e-010
5796	2.2019e-010
5797	2.1587e-010
5798	2.1156e-010
5799	2.0744e-010
5800	2.0441e-010
5801	1.9903e-010
5802	1.9744e-010
5803	1.9404e-010
5804	1.8972e-010
5805	1.8236e-010
5806	1.8245e-010
5807	1.8835e-010
5808	1.8203e-010
5809	1.8322e-010
5810	1.6581e-010
5811	1.7836e-010
5812	1.8059e-010
5813	1.6911e-010
5814	1.6173e-010
5815	1.6219e-010
5816	1.5115e-010
5817	1.5879e-010
5818	1.6268e-010
5819	1.4448e-010
5820	1.6178e-010
5821	1.8178e-010
5822	1.6171e-010
5823	1.5516e-010
5824	1.3395e-010
5825	1.2781e-010
5826	1.2301e-010
5827	1.2269e-010
5828	1.2228e-010
5829	1.223e-010
5830	1.1667e-010
5831	1.1474e-010
5832	1.0311e-010
5833	1.0339e-010
5834	9.7884e-011
5835	9.4271e-011
5836	1.2859e-010
5837	1.486e-010
5838	1.3035e-010
5839	9.8956e-011
5840	8.9509e-011
5841	1.1221e-010
5842	1.3714e-010
5843	1.165e-010
5844	1.3258e-010
5845	1.3784e-010
5846	2.6235e-010
5847	7.721e-010
5848	4.867e-010
5849	1.9099e-009
5850	2.054e-009
5851	5.1656e-010
5852	3.335e-010
5853	7.9707e-011
5854	7.0259e-011
5855	8.8923e-011
5856	8.5856e-011
5857	8.6763e-011
5858	8.9199e-011
5859	8.6271e-011
5860	8.5414e-011
5861	8.4676e-011
5862	8.469e-011
5863	8.6426e-011
5864	8.7163e-011
5865	8.9026e-011
5866	9.0038e-011
5867	9.2177e-011
5868	9.4517e-011
5869	9.6331e-011
5870	9.9054e-011
5871	1.0097e-010
5872	1.0364e-010
5873	1.058e-010
5874	1.0833e-010
5875	1.1078e-010
5876	1.1316e-010
5877	1.1566e-010
5878	1.1871e-010
5879	1.2125e-010
5880	1.241e-010
5881	1.2667e-010
5882	1.2933e-010
5883	1.3263e-010
5884	1.3534e-010
5885	1.3842e-010
5886	1.4176e-010
5887	1.4455e-010
5888	1.4824e-010
5889	1.5148e-010
5890	1.5509e-010
5891	1.5774e-010
5892	1.621e-010
5893	1.6538e-010
5894	1.696e-010
5895	1.7283e-010
5896	1.7661e-010
5897	1.8087e-010
5898	1.8502e-010
5899	1.8936e-010
5900	1.9333e-010
5901	1.9796e-010
5902	2.0226e-010
5903	2.068e-010
5904	2.1147e-010
5905	2.161e-010
5906	2.2169e-010
5907	2.2596e-010
5908	2.3204e-010
5909	2.3686e-010
5910	2.4182e-010
5911	2.4701e-010
5912	2.5393e-010
5913	2.6014e-010
5914	2.6421e-010
5915	2.7216e-010
5916	2.7298e-010
5917	2.6538e-010
5918	2.6178e-010
5919	2.5639e-010
5920	2.493e-010
5921	2.4495e-010
5922	2.4079e-010
5923	2.3702e-010
5924	2.2935e-010
5925	2.2687e-010
5926	2.2019e-010
5927	2.1587e-010
5928	2.1156e-010
5929	2.0744e-010
5930	2.0441e-010
5931	1.9903e-010
5932	1.9745e-010
5933	1.9404e-010
5934	1.8972e-010
5935	1.8235e-010
5936	1.8227e-010
5937	1.8832e-010
5938	1.8065e-010
5939	1.831e-010
5940	1.6567e-010
5941	1.7835e-010
5942	1.806e-010
5943	1.6911e-010
5944	1.6173e-010
5945	1.6219e-010
5946	1.5115e-010
5947	1.5879e-010
5948	1.6268e-010
5949	1.4448e-010
5950	1.6178e-010
5951	1.8178e-010
5952	1.6171e-010
5953	1.5516e-010
5954	1.3395e-010
5955	1.2781e-010
5956	1.2301e-010
5957	1.2269e-010
5958	1.2227e-010
5959	1.223e-010
5960	1.1667e-010
5961	1.1474e-010
5962	1.0311e-010
5963	1.0339e-010
5964	9.7884e-011
5965	9.4271e-011
5966	1.2859e-010
5967	1.486e-010
5968	1.3035e-010
5969	9.8956e-011
5970	8.9509e-011
5971	1.1221e-010
5972	1.3714e-010
5973	1.165e-010
5974	1.3258e-010
5975	1.3784e-010
5976	2.6235e-010
5977	7.721e-010
5978	4.867e-010
5979	1.9099e-009
5980	2.054e-009
5981	4.8304e-010
5982	4.4273e-010
5983	1.1061e-010
5984	8.7493e-011
5985	9.3734e-011
5986	9.4435e-011
5987	9.5913e-011
5988	9.6671e-011
5989	9.3811e-011
5990	9.4417e-011
5991	9.3558e-011
5992	9.3046e-011
5993	9.5588e-011
5994	9.4833e-011
5995	9.8411e-011
5996	9.9014e-011
5997	1.0162e-010
5998	1.0393e-010
5999	1.0582e-010
6000	1.0913e-010
6001	1.1044e-010
6002	1.1442e-010
6003	1.1561e-010
6004	1.1956e-010
6005	1.2118e-010
6006	1.2438e-010
6007	1.2779e-010
6008	1.2903e-010
6009	1.3438e-010
6010	1.3468e-010
6011	1.3999e-010
6012	1.4243e-010
6013	1.4433e-010
6014	1.4954e-010
6015	1.5175e-010
6016	1.5465e-010
6017	1.5974e-010
6018	1.6296e-010
6019	1.648e-010
6020	1.7037e-010
6021	1.7431e-010
6022	1.7766e-010
6023	1.8077e-010
6024	1.856e-010
6025	1.9015e-010
6026	1.9459e-010
6027	1.9868e-010
6028	2.0296e-010
6029	2.0748e-010
6030	2.1193e-010
6031	2.1705e-010
6032	2.221e-010
6033	2.2717e-010
6034	2.322e-010
6035	2.3749e-010
6036	2.4289e-010
6037	2.4776e-010
6038	2.5387e-010
6039	2.597e-010
6040	2.6568e-010
6041	2.7321e-010
6042	2.7978e-010
6043	2.8354e-010
6044	2.8905e-010
6045	3.0099e-010
6046	3.0168e-010
6047	2.9003e-010
6048	2.8478e-010
6049	2.8284e-010
6050	2.7755e-010
6051	2.7032e-010
6052	2.6495e-010
6053	2.5874e-010
6054	2.519e-010
6055	2.486e-010
6056	2.4368e-010
6057	2.3859e-010
6058	2.3402e-010
6059	2.2956e-010
6060	2.2439e-010
6061	2.1819e-010
6062	2.1593e-010
6063	2.1311e-010
6064	2.0969e-010
6065	2.0739e-010
6066	2.0679e-010
6067	2.0256e-010
6068	1.9223e-010
6069	1.9828e-010
6070	1.9592e-010
6071	1.9919e-010
6072	1.8291e-010
6073	1.8958e-010
6074	1.9204e-010
6075	1.6732e-010
6076	1.6536e-010
6077	1.901e-010
6078	1.6193e-010
6079	1.6647e-010
6080	1.9113e-010
6081	1.7446e-010
6082	1.9663e-010
6083	1.5015e-010
6084	1.6188e-010
6085	1.4655e-010
6086	1.2996e-010
6087	1.4571e-010
6088	1.2817e-010
6089	1.4419e-010
6090	1.2356e-010
6091	1.3258e-010
6092	1.1474e-010
6093	1.1745e-010
6094	1.1329e-010
6095	1.0732e-010
6096	1.4691e-010
6097	1.5018e-010
6098	1.4868e-010
6099	1.0891e-010
6100	1.0698e-010
6101	1.2875e-010
6102	1.4274e-010
6103	1.4226e-010
6104	1.4025e-010
6105	1.5855e-010
6106	3.0589e-010
6107	7.2623e-010
6108	4.5207e-010
6109	2.227e-009
6110	1.8903e-009
6111	5.1642e-010
6112	3.3345e-010
6113	7.9699e-011
6114	7.0254e-011
6115	8.891e-011
6116	8.5844e-011
6117	8.6744e-011
6118	8.9165e-011
6119	8.6226e-011
6120	8.5388e-011
6121	8.4679e-011
6122	8.4701e-011
6123	8.6419e-011
6124	8.7136e-011
6125	8.9001e-011
6126	9.0032e-011
6127	9.2188e-011
6128	9.4547e-011
6129	9.6366e-011
6130	9.9086e-011
6131	1.0098e-010
6132	1.0363e-010
6133	1.0577e-010
6134	1.0831e-010
6135	1.1077e-010
6136	1.1317e-010
6137	1.1565e-010
6138	1.1867e-010
6139	1.2122e-010
6140	1.2412e-010
6141	1.2674e-010
6142	1.2939e-010
6143	1.326e-010
6144	1.3526e-010
6145	1.3835e-010
6146	1.4173e-010
6147	1.4453e-010
6148	1.482e-010
6149	1.5142e-010
6150	1.5505e-010
6151	1.5775e-010
6152	1.6213e-010
6153	1.654e-010
6154	1.6953e-010
6155	1.7276e-010
6156	1.7656e-010
6157	1.8083e-010
6158	1.85e-010
6159	1.8926e-010
6160	1.9339e-010
6161	1.9793e-010
6162	2.0224e-010
6163	2.0675e-010
6164	2.1133e-010
6165	2.1603e-010
6166	2.2172e-010
6167	2.2597e-010
6168	2.3203e-010
6169	2.369e-010
6170	2.4186e-010
6171	2.4706e-010
6172	2.5395e-010
6173	2.6001e-010
6174	2.6429e-010
6175	2.7207e-010
6176	2.7318e-010
6177	2.6536e-010
6178	2.6176e-010
6179	2.5643e-010
6180	2.4937e-010
6181	2.4486e-010
6182	2.4071e-010
6183	2.3703e-010
6184	2.2929e-010
6185	2.269e-010
6186	2.2025e-010
6187	2.1605e-010
6188	2.1158e-010
6189	2.0748e-010
6190	2.0436e-010
6191	1.9907e-010
6192	1.9738e-010
6193	1.9399e-010
6194	1.8966e-010
6195	1.8229e-010
6196	1.8235e-010
6197	1.8778e-010
6198	1.8091e-010
6199	1.826e-010
6200	1.6575e-010
6201	1.7831e-010
6202	1.8061e-010
6203	1.6913e-010
6204	1.6175e-010
6205	1.6223e-010
6206	1.5116e-010
6207	1.5879e-010
6208	1.6273e-010
6209	1.4452e-010
6210	1.618e-010
6211	1.8184e-010
6212	1.6169e-010
6213	1.5521e-010
6214	1.3395e-010
6215	1.2783e-010
6216	1.2307e-010
6217	1.2273e-010
6218	1.2231e-010
6219	1.223e-010
6220	1.1671e-010
6221	1.1477e-010
6222	1.0315e-010
6223	1.0343e-010
6224	9.7908e-011
6225	9.4293e-011
6226	1.286e-010
6227	1.4866e-010
6228	1.3035e-010
6229	9.897e-011
6230	8.9508e-011
6231	1.122e-010
6232	1.3713e-010
6233	1.1651e-010
6234	1.3262e-010
6235	1.3787e-010
6236	2.6237e-010
6237	7.721e-010
6238	4.8674e-010
6239	1.91e-009
6240	2.0542e-009
6241	5.1643e-010
6242	3.3339e-010
6243	7.9642e-011
6244	7.0186e-011
6245	8.8843e-011
6246	8.5774e-011
6247	8.6681e-011
6248	8.9114e-011
6249	8.6186e-011
6250	8.5344e-011
6251	8.4623e-011
6252	8.4649e-011
6253	8.6392e-011
6254	8.7125e-011
6255	8.8958e-011
6256	8.9932e-011
6257	9.2055e-011
6258	9.4409e-011
6259	9.6245e-011
6260	9.9009e-011
6261	1.0093e-010
6262	1.0358e-010
6263	1.0574e-010
6264	1.083e-010
6265	1.1074e-010
6266	1.1308e-010
6267	1.1554e-010
6268	1.1857e-010
6269	1.2112e-010
6270	1.24e-010
6271	1.2661e-010
6272	1.2931e-010
6273	1.326e-010
6274	1.3525e-010
6275	1.383e-010
6276	1.4168e-010
6277	1.4449e-010
6278	1.4816e-010
6279	1.5134e-010
6280	1.549e-010
6281	1.5758e-010
6282	1.6198e-010
6283	1.6526e-010
6284	1.6942e-010
6285	1.7264e-010
6286	1.7644e-010
6287	1.8076e-010
6288	1.8495e-010
6289	1.8922e-010
6290	1.9323e-010
6291	1.977e-010
6292	2.0206e-010
6293	2.0663e-010
6294	2.1124e-010
6295	2.1596e-010
6296	2.2166e-010
6297	2.2592e-010
6298	2.3199e-010
6299	2.3696e-010
6300	2.4211e-010
6301	2.4723e-010
6302	2.5404e-010
6303	2.6011e-010
6304	2.6433e-010
6305	2.7219e-010
6306	2.7327e-010
6307	2.6549e-010
6308	2.618e-010
6309	2.5636e-010
6310	2.493e-010
6311	2.4482e-010
6312	2.4083e-010
6313	2.3717e-010
6314	2.2923e-010
6315	2.2686e-010
6316	2.2021e-010
6317	2.1601e-010
6318	2.1144e-010
6319	2.0712e-010
6320	2.0445e-010
6321	1.9924e-010
6322	1.9755e-010
6323	1.9388e-010
6324	1.8971e-010
6325	1.8232e-010
6326	1.8214e-010
6327	1.8838e-010
6328	1.8064e-010
6329	1.8326e-010
6330	1.6556e-010
6331	1.7832e-010
6332	1.8062e-010
6333	1.6918e-010
6334	1.6177e-010
6335	1.6227e-010
6336	1.5123e-010
6337	1.5892e-010
6338	1.6291e-010
6339	1.447e-010
6340	1.6199e-010
6341	1.8207e-010
6342	1.619e-010
6343	1.5542e-010
6344	1.3417e-010
6345	1.2804e-010
6346	1.2327e-010
6347	1.2293e-010
6348	1.2256e-010
6349	1.2253e-010
6350	1.1692e-010
6351	1.1495e-010
6352	1.0333e-010
6353	1.0359e-010
6354	9.8039e-011
6355	9.4404e-011
6356	1.2869e-010
6357	1.4875e-010
6358	1.3045e-010
6359	9.91e-011
6360	8.9626e-011
6361	1.1231e-010
6362	1.3721e-010
6363	1.1659e-010
6364	1.3271e-010
6365	1.3795e-010
6366	2.6245e-010
6367	7.7218e-010
6368	4.8682e-010
6369	1.9101e-009
6370	2.0544e-009
6371	4.8306e-010
6372	4.4268e-010
6373	1.1056e-010
6374	8.7403e-011
6375	9.363e-011
6376	9.4339e-011
6377	9.583e-011
6378	9.6612e-011
6379	9.3755e-011
6380	9.4337e-011
6381	9.3419e-011
6382	9.2913e-011
6383	9.5544e-011
6384	9.486e-011
6385	9.8403e-011
6386	9.8898e-011
6387	1.0145e-010
6388	1.0376e-010
6389	1.057e-010
6390	1.0909e-010
6391	1.1045e-010
6392	1.1444e-010
6393	1.1563e-010
6394	1.1958e-010
6395	1.2119e-010
6396	1.2437e-010
6397	1.2775e-010
6398	1.2895e-010
6399	1.343e-010
6400	1.3461e-010
6401	1.3992e-010
6402	1.4236e-010
6403	1.4429e-010
6404	1.4944e-010
6405	1.516e-010
6406	1.5453e-010
6407	1.5969e-010
6408	1.6294e-010
6409	1.6474e-010
6410	1.7018e-010
6411	1.7414e-010
6412	1.7756e-010
6413	1.8056e-010
6414	1.8532e-010
6415	1.8985e-010
6416	1.9435e-010
6417	1.9856e-010
6418	2.0285e-010
6419	2.0733e-010
6420	2.1168e-010
6421	2.1678e-010
6422	2.2184e-010
6423	2.2697e-010
6424	2.3197e-010
6425	2.3736e-010
6426	2.4296e-010
6427	2.4775e-010
6428	2.5385e-010
6429	2.5991e-010
6430	2.6619e-010
6431	2.7352e-010
6432	2.7982e-010
6433	2.8377e-010
6434	2.8917e-010
6435	3.011e-010
6436	3.0186e-010
6437	2.903e-010
6438	2.8487e-010
6439	2.8276e-010
6440	2.7755e-010
6441	2.7036e-010
6442	2.6487e-010
6443	2.5884e-010
6444	2.5194e-010
6445	2.4853e-010
6446	2.4387e-010
6447	2.3856e-010
6448	2.3369e-010
6449	2.2928e-010
6450	2.2478e-010
6451	2.1751e-010
6452	2.1659e-010
6453	2.1319e-010
6454	2.0965e-010
6455	2.0735e-010
6456	2.0678e-010
6457	2.0331e-010
6458	1.9192e-010
6459	1.9918e-010
6460	1.96e-010
6461	1.9915e-010
6462	1.8304e-010
6463	1.896e-010
6464	1.9205e-010
6465	1.6736e-010
6466	1.6548e-010
6467	1.903e-010
6468	1.6218e-010
6469	1.6675e-010
6470	1.9143e-010
6471	1.7482e-010
6472	1.9696e-010
6473	1.5052e-010
6474	1.6225e-010
6475	1.4693e-010
6476	1.3032e-010
6477	1.4611e-010
6478	1.2864e-010
6479	1.4463e-010
6480	1.2395e-010
6481	1.3291e-010
6482	1.1508e-010
6483	1.1775e-010
6484	1.1354e-010
6485	1.0753e-010
6486	1.4706e-010
6487	1.5033e-010
6488	1.4882e-010
6489	1.0908e-010
6490	1.0716e-010
6491	1.2891e-010
6492	1.4285e-010
6493	1.424e-010
6494	1.4041e-010
6495	1.5872e-010
6496	3.0606e-010
6497	7.264e-010
6498	4.5228e-010
6499	2.2273e-009
6500	1.8906e-009
6501	5.1643e-010
6502	3.3339e-010
6503	7.9642e-011
6504	7.0186e-011
6505	8.8843e-011
6506	8.5774e-011
6507	8.6681e-011
6508	8.9114e-011
6509	8.6186e-011
6510	8.5344e-011
6511	8.4623e-011
6512	8.4649e-011
6513	8.6392e-011
6514	8.7125e-011
6515	8.8958e-011
6516	8.9932e-011
6517	9.2055e-011
6518	9.4409e-011
6519	9.6245e-011
6520	9.9009e-011
6521	1.0093e-010
6522	1.0358e-010
6523	1.0574e-010
6524	1.083e-010
6525	1.1074e-010
6526	1.1308e-010
6527	1.1554e-010
6528	1.1857e-010
6529	1.2112e-010
6530	1.24e-010
6531	1.2661e-010
6532	1.2931e-010
6533	1.326e-010
6534	1.3525e-010
6535	1.383e-010
6536	1.4168e-010
6537	1.4449e-010
6538	1.4816e-010
6539	1.5134e-010
6540	1.549e-010
6541	1.5758e-010
6542	1.6198e-010
6543	1.6526e-010
6544	1.6942e-010
6545	1.7264e-010
6546	1.7644e-010
6547	1.8076e-010
6548	1.8495e-010
6549	1.8922e-010
6550	1.9323e-010
6551	1.977e-010
6552	2.0206e-010
6553	2.0663e-010
6554	2.1124e-010
6555	2.1596e-010
6556	2.2166e-010
6557	2.2592e-010
6558	2.3199e-010
6559	2.3696e-010
6560	2.4211e-010
6561	2.4723e-010
6562	2.5404e-010
6563	2.6011e-010
6564	2.6433e-010
6565	2.7219e-010
6566	2.7327e-010
6567	2.6549e-010
6568	2.618e-010
6569	2.5636e-010
6570	2.493e-010
6571	2.4482e-010
6572	2.4083e-010
6573	2.3718e-010
6574	2.2923e-010
6575	2.2686e-010
6576	2.2021e-010
6577	2.1601e-010
6578	2.1145e-010
6579	2.0709e-010
6580	2.0478e-010
6581	1.9896e-010
6582	1.979e-010
6583	1.9389e-010
6584	1.897e-010
6585	1.8234e-010
6586	1.8239e-010
6587	1.8889e-010
6588	1.8183e-010
6589	1.8388e-010
6590	1.6575e-010
6591	1.7845e-010
6592	1.807e-010
6593	1.6927e-010
6594	1.6178e-010
6595	1.6226e-010
6596	1.5124e-010
6597	1.5892e-010
6598	1.6291e-010
6599	1.447e-010
6600	1.6199e-010
6601	1.8207e-010
6602	1.619e-010
6603	1.5542e-010
6604	1.3417e-010
6605	1.2804e-010
6606	1.2327e-010
6607	1.2293e-010
6608	1.2256e-010
6609	1.2253e-010
6610	1.1692e-010
6611	1.1495e-010
6612	1.0333e-010
6613	1.0359e-010
6614	9.8039e-011
6615	9.4404e-011
6616	1.2869e-010
6617	1.4875e-010
6618	1.3045e-010
6619	9.91e-011
6620	8.9626e-011
6621	1.1231e-010
6622	1.3721e-010
6623	1.1659e-010
6624	1.3271e-010
6625	1.3795e-010
6626	2.6245e-010
6627	7.7218e-010
6628	4.8682e-010
6629	1.9101e-009
6630	2.0544e-009
6631	5.1642e-010
6632	3.3345e-010
6633	7.9699e-011
6634	7.0254e-011
6635	8.891e-011
6636	8.5844e-011
6637	8.6744e-011
6638	8.9165e-011
6639	8.6226e-011
6640	8.5388e-011
6641	8.4679e-011
6642	8.4701e-011
6643	8.6419e-011
6644	8.7136e-011
6645	8.9001e-011
6646	9.0032e-011
6647	9.2188e-011
6648	9.4547e-011
6649	9.6365e-011
6650	9.9086e-011
6651	1.0098e-010
6652	1.0363e-010
6653	1.0577e-010
6654	1.0831e-010
6655	1.1077e-010
6656	1.1317e-010
6657	1.1565e-010
6658	1.1866e-010
6659	1.2122e-010
6660	1.2412e-010
6661	1.2674e-010
6662	1.2938e-010
6663	1.326e-010
6664	1.3526e-010
6665	1.3835e-010
6666	1.4173e-010
6667	1.4453e-010
6668	1.482e-010
6669	1.5142e-010
6670	1.5505e-010
6671	1.5775e-010
6672	1.6213e-010
6673	1.654e-010
6674	1.6953e-010
6675	1.7276e-010
6676	1.7656e-010
6677	1.8083e-010
6678	1.85e-010
6679	1.8926e-010
6680	1.9339e-010
6681	1.9793e-010
6682	2.0224e-010
6683	2.0675e-010
6684	2.1133e-010
6685	2.1603e-010
6686	2.2172e-010
6687	2.2597e-010
6688	2.3203e-010
6689	2.369e-010
6690	2.4186e-010
6691	2.4706e-010
6692	2.5395e-010
6693	2.6001e-010
6694	2.6429e-010
6695	2.7207e-010
6696	2.7318e-010
6697	2.6536e-010
6698	2.6176e-010
6699	2.5643e-010
6700	2.4937e-010
6701	2.4486e-010
6702	2.4071e-010
6703	2.3703e-010
6704	2.2929e-010
6705	2.269e-010
6706	2.2026e-010
6707	2.1604e-010
6708	2.1164e-010
6709	2.0726e-010
6710	2.0502e-010
6711	1.9894e-010
6712	1.9809e-010
6713	1.9384e-010
6714	1.8969e-010
6715	1.8229e-010
6716	1.8234e-010
6717	1.8934e-010
6718	1.8172e-010
6719	1.8426e-010
6720	1.658e-010
6721	1.7832e-010
6722	1.809e-010
6723	1.6912e-010
6724	1.6186e-010
6725	1.6219e-010
6726	1.5117e-010
6727	1.5879e-010
6728	1.6273e-010
6729	1.4453e-010
6730	1.618e-010
6731	1.8184e-010
6732	1.6169e-010
6733	1.5521e-010
6734	1.3395e-010
6735	1.2783e-010
6736	1.2307e-010
6737	1.2273e-010
6738	1.2231e-010
6739	1.223e-010
6740	1.1671e-010
6741	1.1477e-010
6742	1.0315e-010
6743	1.0343e-010
6744	9.7908e-011
6745	9.4293e-011
6746	1.286e-010
6747	1.4866e-010
6748	1.3035e-010
6749	9.897e-011
6750	8.9508e-011
6751	1.122e-010
6752	1.3713e-010
6753	1.1651e-010
6754	1.3262e-010
6755	1.3787e-010
6756	2.6237e-010
6757	7.721e-010
6758	4.8674e-010
6759	1.91e-009
6760	2.0542e-009
6761	4.8304e-010
6762	4.4273e-010
6763	1.1061e-010
6764	8.7493e-011
6765	9.3734e-011
6766	9.4435e-011
6767	9.5913e-011
6768	9.6671e-011
6769	9.3811e-011
6770	9.4417e-011
6771	9.3558e-011
6772	9.3046e-011
6773	9.5588e-011
6774	9.4833e-011
6775	9.8411e-011
6776	9.9014e-011
6777	1.0162e-010
6778	1.0393e-010
6779	1.0582e-010
6780	1.0913e-010
6781	1.1044e-010
6782	1.1442e-010
6783	1.1561e-010
6784	1.1956e-010
6785	1.2118e-010
6786	1.2438e-010
6787	1.2779e-010
6788	1.2903e-010
6789	1.3438e-010
6790	1.3468e-010
6791	1.3999e-010
6792	1.4243e-010
6793	1.4433e-010
6794	1.4954e-010
6795	1.5175e-010
6796	1.5465e-010
6797	1.5974e-010
6798	1.6296e-010
6799	1.648e-010
6800	1.7037e-010
6801	1.7431e-010
6802	1.7766e-010
6803	1.8077e-010
6804	1.856e-010
6805	1.9015e-010
6806	1.9459e-010
6807	1.9868e-010
6808	2.0296e-010
6809	2.0748e-010
6810	2.1193e-010
6811	2.1705e-010
6812	2.221e-010
6813	2.2717e-010
6814	2.322e-010
6815	2.3749e-010
6816	2.4289e-010
6817	2.4776e-010
6818	2.5387e-010
6819	2.597e-010
6820	2.6568e-010
6821	2.7321e-010
6822	2.7978e-010
6823	2.8354e-010
6824	2.8905e-010
6825	3.0099e-010
6826	3.0168e-010
6827	2.9003e-010
6828	2.8478e-010
6829	2.8284e-010
6830	2.7755e-010
6831	2.7032e-010
6832	2.6495e-010
6833	2.5874e-010
6834	2.519e-010
6835	2.486e-010
6836	2.4367e-010
6837	2.386e-010
6838	2.3396e-010
6839	2.2961e-010
6840	2.2546e-010
6841	2.1687e-010
6842	2.17e-010
6843	2.1321e-010
6844	2.0962e-010
6845	2.0734e-010
6846	2.069e-010
6847	2.0431e-010
6848	1.9212e-010
6849	2.0016e-010
6850	1.9598e-010
6851	1.9921e-010
6852	1.8346e-010
6853	1.8967e-010
6854	1.9201e-010
6855	1.6734e-010
6856	1.6537e-010
6857	1.901e-010
6858	1.6193e-010
6859	1.6647e-010
6860	1.9113e-010
6861	1.7446e-010
6862	1.9663e-010
6863	1.5015e-010
6864	1.6188e-010
6865	1.4655e-010
6866	1.2996e-010
6867	1.4571e-010
6868	1.2817e-010
6869	1.4419e-010
6870	1.2356e-010
6871	1.3258e-010
6872	1.1474e-010
6873	1.1745e-010
6874	1.1329e-010
6875	1.0732e-010
6876	1.4691e-010
6877	1.5018e-010
6878	1.4868e-010
6879	1.0891e-010
6880	1.0698e-010
6881	1.2875e-010
6882	1.4274e-010
6883	1.4226e-010
6884	1.4025e-010
6885	1.5855e-010
6886	3.0589e-010
6887	7.2623e-010
6888	4.5207e-010
6889	2.227e-009
6890	1.8903e-009
6891	5.1656e-010
6892	3.335e-010
6893	7.9707e-011
6894	7.0259e-011
6895	8.8923e-011
6896	8.5856e-011
6897	8.6763e-011
6898	8.9199e-011
6899	8.6271e-011
6900	8.5414e-011
6901	8.4676e-011
6902	8.469e-011
6903	8.6426e-011
6904	8.7163e-011
6905	8.9026e-011
6906	9.0038e-011
6907	9.2177e-011
6908	9.4517e-011
6909	9.6331e-011
6910	9.9054e-011
6911	1.0097e-010
6912	1.0364e-010
6913	1.058e-010
6914	1.0833e-010
6915	1.1078e-010
6916	1.1316e-010
6917	1.1566e-010
6918	1.1871e-010
6919	1.2125e-010
6920	1.241e-010
6921	1.2667e-010
6922	1.2933e-010
6923	1.3263e-010
6924	1.3534e-010
6925	1.3842e-010
6926	1.4176e-010
6927	1.4455e-010
6928	1.4824e-010
6929	1.5148e-010
6930	1.5509e-010
6931	1.5774e-010
6932	1.621e-010
6933	1.6538e-010
6934	1.696e-010
6935	1.7283e-010
6936	1.7661e-010
6937	1.8087e-010
6938	1.8502e-010
6939	1.8936e-010
6940	1.9333e-010
6941	1.9796e-010
6942	2.0226e-010
6943	2.068e-010
6944	2.1147e-010
6945	2.161e-010
6946	2.2169e-010
6947	2.2596e-010
6948	2.3204e-010
6949	2.3686e-010
6950	2.4182e-010
6951	2.4701e-010
6952	2.5393e-010
6953	2.6014e-010
6954	2.6421e-010
6955	2.7216e-010
6956	2.7298e-010
6957	2.6538e-010
6958	2.6178e-010
6959	2.5639e-010
6960	2.493e-010
6961	2.4495e-010
6962	2.4079e-010
6963	2.3702e-010
6964	2.2935e-010
6965	2.2687e-010
6966	2.2019e-010
6967	2.1587e-010
6968	2.1158e-010
6969	2.074e-010
6970	2.0443e-010
6971	1.9963e-010
6972	1.9751e-010
6973	1.9405e-010
6974	1.8972e-010
6975	1.8234e-010
6976	1.8237e-010
6977	1.8946e-010
6978	1.8172e-010
6979	1.8435e-010
6980	1.6584e-010
6981	1.7841e-010
6982	1.8087e-010
6983	1.6916e-010
6984	1.6184e-010
6985	1.6215e-010
6986	1.5116e-010
6987	1.5879e-010
6988	1.6268e-010
6989	1.4448e-010
6990	1.6178e-010
6991	1.8178e-010
6992	1.6171e-010
6993	1.5516e-010
6994	1.3395e-010
6995	1.2781e-010
6996	1.2301e-010
6997	1.2269e-010
6998	1.2228e-010
6999	1.223e-010
7000	1.1667e-010
7001	1.1474e-010
7002	1.0311e-010
7003	1.0339e-010
7004	9.7884e-011
7005	9.4271e-011
7006	1.2859e-010
7007	1.486e-010
7008	1.3035e-010
7009	9.8956e-011
7010	8.9509e-011
7011	1.1221e-010
7012	1.3714e-010
7013	1.165e-010
7014	1.3258e-010
7015	1.3784e-010
7016	2.6235e-010
7017	7.721e-010
7018	4.867e-010
7019	1.9099e-009
7020	2.054e-009
7021	5.1656e-010
7022	3.335e-010
7023	7.9707e-011
7024	7.0259e-011
7025	8.8923e-011
7026	8.5856e-011
7027	8.6763e-011
7028	8.9199e-011
7029	8.6271e-011
7030	8.5414e-011
7031	8.4676e-011
7032	8.469e-011
7033	8.6426e-011
7034	8.7163e-011
7035	8.9026e-011
7036	9.0038e-011
7037	9.2177e-011
7038	9.4517e-011
7039	9.6331e-011
7040	9.9054e-011
7041	1.0097e-010
7042	1.0364e-010
7043	1.058e-010
7044	1.0833e-010
7045	1.1078e-010
7046	1.1316e-010
7047	1.1566e-010
7048	1.1871e-010
7049	1.2125e-010
7050	1.241e-010
7051	1.2667e-010
7052	1.2933e-010
7053	1.3263e-010
7054	1.3534e-010
7055	1.3842e-010
7056	1.4176e-010
7057	1.4455e-010
7058	1.4824e-010
7059	1.5148e-010
7060	1.5509e-010
7061	1.5774e-010
7062	1.621e-010
7063	1.6538e-010
7064	1.696e-010
7065	1.7283e-010
7066	1.7661e-010
7067	1.8087e-010
7068	1.8502e-010
7069	1.8937e-010
7070	1.9333e-010
7071	1.9796e-010
7072	2.0226e-010
7073	2.068e-010
7074	2.1147e-010
7075	2.161e-010
7076	2.2169e-010
7077	2.2596e-010
7078	2.3204e-010
7079	2.3686e-010
7080	2.4182e-010
7081	2.4701e-010
7082	2.5393e-010
7083	2.6014e-010
7084	2.6421e-010
7085	2.7216e-010
7086	2.7298e-010
7087	2.6538e-010
7088	2.6178e-010
7089	2.5639e-010
7090	2.493e-010
7091	2.4495e-010
7092	2.4079e-010
7093	2.3702e-010
7094	2.2935e-010
7095	2.2688e-010
7096	2.2019e-010
7097	2.1588e-010
7098	2.1154e-010
7099	2.0735e-010
7100	2.0493e-010
7101	1.9844e-010
7102	1.9795e-010
7103	1.9397e-010
7104	1.897e-010
7105	1.8234e-010
7106	1.8237e-010
7107	1.8941e-010
7108	1.8166e-010
7109	1.843e-010
7110	1.6584e-010
7111	1.7841e-010
7112	1.8085e-010
7113	1.6916e-010
7114	1.6184e-010
7115	1.6215e-010
7116	1.5116e-010
7117	1.5879e-010
7118	1.6268e-010
7119	1.4448e-010
7120	1.6178e-010
7121	1.8178e-010
7122	1.6171e-010
7123	1.5516e-010
7124	1.3395e-010
7125	1.2781e-010
7126	1.2301e-010
7127	1.2269e-010
7128	1.2228e-010
7129	1.223e-010
7130	1.1667e-010
7131	1.1474e-010
7132	1.0311e-010
7133	1.0339e-010
7134	9.7884e-011
7135	9.4271e-011
7136	1.2859e-010
7137	1.486e-010
7138	1.3035e-010
7139	9.8956e-011
7140	8.9509e-011
7141	1.1221e-010
7142	1.3714e-010
7143	1.165e-010
7144	1.3258e-010
7145	1.3784e-010
7146	2.6235e-010
7147	7.721e-010
7148	4.867e-010
7149	1.9099e-009
7150	2.054e-009
7151	4.8304e-010
7152	4.4273e-010
7153	1.1061e-010
7154	8.7493e-011
7155	9.3734e-011
7156	9.4435e-011
7157	9.5913e-011
7158	9.6671e-011
7159	9.3811e-011
7160	9.4417e-011
7161	9.3558e-011
7162	9.3046e-011
7163	9.5588e-011
7164	9.4833e-011
7165	9.8411e-011
7166	9.9014e-011
7167	1.0162e-010
7168	1.0393e-010
7169	1.0582e-010
7170	1.0913e-010
7171	1.1044e-010
7172	1.1442e-010
7173	1.1561e-010
7174	1.1956e-010
7175	1.2118e-010
7176	1.2438e-010
7177	1.2779e-010
7178	1.2903e-010
7179	1.3438e-010
7180	1.3468e-010
7181	1.3999e-010
7182	1.4243e-010
7183	1.4433e-010
7184	1.4954e-010
7185	1.5175e-010
7186	1.5465e-010
7187	1.5974e-010
7188	1.6296e-010
7189	1.648e-010
7190	1.7037e-010
7191	1.7431e-010
7192	1.7766e-010
7193	1.8077e-010
7194	1.856e-010
7195	1.9015e-010
7196	1.9459e-010
7197	1.9868e-010
7198	2.0296e-010
7199	2.0748e-010
7200	2.1193e-010
7201	2.1705e-010
7202	2.221e-010
7203	2.2717e-010
7204	2.322e-010
7205	2.3749e-010
7206	2.4289e-010
7207	2.4776e-010
7208	2.5387e-010
7209	2.597e-010
7210	2.6568e-010
7211	2.7321e-010
7212	2.7978e-010
7213	2.8354e-010
7214	2.8905e-010
7215	3.0099e-010
7216	3.0168e-010
7217	2.9003e-010
7218	2.8478e-010
7219	2.8284e-010
7220	2.7755e-010
7221	2.7032e-010
7222	2.6495e-010
7223	2.5874e-010
7224	2.519e-010
7225	2.486e-010
7226	2.4368e-010
7227	2.3858e-010
7228	2.3406e-010
7229	2.2958e-010
7230	2.2416e-010
7231	2.1868e-010
7232	2.1573e-010
7233	2.131e-010
7234	2.0973e-010
7235	2.0732e-010
7236	2.069e-010
7237	2.0431e-010
7238	1.9203e-010
7239	2.0016e-010
7240	1.9597e-010
7241	1.9918e-010
7242	1.8349e-010
7243	1.8964e-010
7244	1.9201e-010
7245	1.6735e-010
7246	1.6537e-010
7247	1.901e-010
7248	1.6193e-010
7249	1.6647e-010
7250	1.9113e-010
7251	1.7446e-010
7252	1.9663e-010
7253	1.5015e-010
7254	1.6188e-010
7255	1.4655e-010
7256	1.2996e-010
7257	1.4571e-010
7258	1.2817e-010
7259	1.4419e-010
7260	1.2356e-010
7261	1.3258e-010
7262	1.1474e-010
7263	1.1745e-010
7264	1.1329e-010
7265	1.0732e-010
7266	1.4691e-010
7267	1.5018e-010
7268	1.4868e-010
7269	1.0891e-010
7270	1.0698e-010
7271	1.2875e-010
7272	1.4274e-010
7273	1.4226e-010
7274	1.4025e-010
7275	1.5855e-010
7276	3.0589e-010
7277	7.2623e-010
7278	4.5207e-010
7279	2.227e-009
7280	1.8903e-009
7281	5.1642e-010
7282	3.3345e-010
7283	7.9699e-011
7284	7.0254e-011
7285	8.891e-011
7286	8.5844e-011
7287	8.6744e-011
7288	8.9165e-011
7289	8.6226e-011
7290	8.5388e-011
7291	8.4679e-011
7292	8.4701e-011
7293	8.6419e-011
7294	8.7136e-011
7295	8.9001e-011
7296	9.0032e-011
7297	9.2188e-011
7298	9.4547e-011
7299	9.6366e-011
7300	9.9086e-011
7301	1.0098e-010
7302	1.0363e-010
7303	1.0577e-010
7304	1.0831e-010
7305	1.1077e-010
7306	1.1317e-010
7307	1.1565e-010
7308	1.1867e-010
7309	1.2122e-010
7310	1.2412e-010
7311	1.2674e-010
7312	1.2938e-010
7313	1.326e-010
7314	1.3526e-010
7315	1.3835e-010
7316	1.4173e-010
7317	1.4453e-010
7318	1.482e-010
7319	1.5142e-010
7320	1.5505e-010
7321	1.5775e-010
7322	1.6213e-010
7323	1.654e-010
7324	1.6953e-010
7325	1.7276e-010
7326	1.7656e-010
7327	1.8083e-010
7328	1.85e-010
7329	1.8926e-010
7330	1.9339e-010
7331	1.9793e-010
7332	2.0224e-010
7333	2.0675e-010
7334	2.1133e-010
7335	2.1603e-010
7336	2.2172e-010
7337	2.2597e-010
7338	2.3203e-010
7339	2.369e-010
7340	2.4186e-010
7341	2.4706e-010
7342	2.5395e-010
7343	2.6001e-010
7344	2.6429e-010
7345	2.7207e-010
7346	2.7318e-010
7347	2.6536e-010
7348	2.6176e-010
7349	2.5643e-010
7350	2.4937e-010
7351	2.4486e-010
7352	2.4071e-010
7353	2.3703e-010
7354	2.2929e-010
7355	2.269e-010
7356	2.2025e-010
7357	2.1605e-010
7358	2.1159e-010
7359	2.0739e-010
7360	2.0459e-010
7361	1.9863e-010
7362	1.9761e-010
7363	1.9391e-010
7364	1.8965e-010
7365	1.823e-010
7366	1.8238e-010
7367	1.8931e-010
7368	1.8158e-010
7369	1.842e-010
7370	1.6582e-010
7371	1.7839e-010
7372	1.8085e-010
7373	1.6918e-010
7374	1.6186e-010
7375	1.6218e-010
7376	1.5117e-010
7377	1.5879e-010
7378	1.6273e-010
7379	1.4453e-010
7380	1.618e-010
7381	1.8184e-010
7382	1.6169e-010
7383	1.5521e-010
7384	1.3395e-010
7385	1.2783e-010
7386	1.2307e-010
7387	1.2273e-010
7388	1.2231e-010
7389	1.223e-010
7390	1.1671e-010
7391	1.1477e-010
7392	1.0315e-010
7393	1.0343e-010
7394	9.7908e-011
7395	9.4293e-011
7396	1.286e-010
7397	1.4866e-010
7398	1.3035e-010
7399	9.897e-011
7400	8.9508e-011
7401	1.122e-010
7402	1.3713e-010
7403	1.1651e-010
7404	1.3262e-010
7405	1.3787e-010
7406	2.6237e-010
7407	7.721e-010
7408	4.8674e-010
7409	1.91e-009
7410	2.0542e-009
7411	5.1643e-010
7412	3.3339e-010
7413	7.9642e-011
7414	7.0186e-011
7415	8.8843e-011
7416	8.5774e-011
7417	8.6681e-011
7418	8.9114e-011
7419	8.6186e-011
7420	8.5344e-011
7421	8.4623e-011
7422	8.4649e-011
7423	8.6392e-011
7424	8.7125e-011
7425	8.8958e-011
7426	8.9932e-011
7427	9.2055e-011
7428	9.4409e-011
7429	9.6245e-011
7430	9.9009e-011
7431	1.0093e-010
7432	1.0358e-010
7433	1.0574e-010
7434	1.083e-010
7435	1.1074e-010
7436	1.1308e-010
7437	1.1554e-010
7438	1.1857e-010
7439	1.2112e-010
7440	1.24e-010
7441	1.2661e-010
7442	1.2931e-010
7443	1.326e-010
7444	1.3525e-010
7445	1.383e-010
7446	1.4168e-010
7447	1.4449e-010
7448	1.4816e-010
7449	1.5134e-010
7450	1.549e-010
7451	1.5758e-010
7452	1.6198e-010
7453	1.6526e-010
7454	1.6942e-010
7455	1.7264e-010
7456	1.7644e-010
7457	1.8076e-010
7458	1.8495e-010
7459	1.8922e-010
7460	1.9323e-010
7461	1.977e-010
7462	2.0206e-010
7463	2.0663e-010
7464	2.1124e-010
7465	2.1596e-010
7466	2.2166e-010
7467	2.2592e-010
7468	2.3199e-010
7469	2.3696e-010
7470	2.4211e-010
7471	2.4723e-010
7472	2.5404e-010
7473	2.6011e-010
7474	2.6433e-010
7475	2.7219e-010
7476	2.7327e-010
7477	2.6549e-010
7478	2.618e-010
7479	2.5636e-010
7480	2.493e-010
7481	2.4482e-010
7482	2.4083e-010
7483	2.3718e-010
7484	2.2923e-010
7485	2.2686e-010
7486	2.2021e-010
7487	2.1601e-010
7488	2.1143e-010
7489	2.0723e-010
7490	2.0433e-010
7491	1.9889e-010
7492	1.9741e-010
7493	1.9397e-010
7494	1.8968e-010
7495	1.8236e-010
7496	1.8224e-010
7497	1.8954e-010
7498	1.8128e-010
7499	1.8446e-010
7500	1.6569e-010
7501	1.784e-010
7502	1.8084e-010
7503	1.6919e-010
7504	1.6188e-010
7505	1.6223e-010
7506	1.5125e-010
7507	1.5892e-010
7508	1.6291e-010
7509	1.447e-010
7510	1.6199e-010
7511	1.8207e-010
7512	1.619e-010
7513	1.5542e-010
7514	1.3417e-010
7515	1.2804e-010
7516	1.2327e-010
7517	1.2293e-010
7518	1.2256e-010
7519	1.2253e-010
7520	1.1692e-010
7521	1.1495e-010
7522	1.0333e-010
7523	1.0359e-010
7524	9.8039e-011
7525	9.4404e-011
7526	1.2869e-010
7527	1.4875e-010
7528	1.3045e-010
7529	9.91e-011
7530	8.9626e-011
7531	1.1231e-010
7532	1.3721e-010
7533	1.1659e-010
7534	1.3271e-010
7535	1.3795e-010
7536	2.6245e-010
7537	7.7218e-010
7538	4.8682e-010
7539	1.9101e-009
7540	2.0544e-009
7541	4.8306e-010
7542	4.4268e-010
7543	1.1056e-010
7544	8.7403e-011
7545	9.363e-011
7546	9.4339e-011
7547	9.583e-011
7548	9.6612e-011
7549	9.3755e-011
7550	9.4337e-011
7551	9.3419e-011
7552	9.2913e-011
7553	9.5544e-011
7554	9.486e-011
7555	9.8403e-011
7556	9.8898e-011
7557	1.0145e-010
7558	1.0376e-010
7559	1.057e-010
7560	1.0909e-010
7561	1.1045e-010
7562	1.1444e-010
7563	1.1563e-010
7564	1.1958e-010
7565	1.2119e-010
7566	1.2437e-010
7567	1.2775e-010
7568	1.2895e-010
7569	1.343e-010
7570	1.3461e-010
7571	1.3992e-010
7572	1.4236e-010
7573	1.4429e-010
7574	1.4944e-010
7575	1.516e-010
7576	1.5453e-010
7577	1.5969e-010
7578	1.6294e-010
7579	1.6474e-010
7580	1.7018e-010
7581	1.7414e-010
7582	1.7756e-010
7583	1.8056e-010
7584	1.8532e-010
7585	1.8985e-010
7586	1.9435e-010
7587	1.9856e-010
7588	2.0285e-010
7589	2.0733e-010
7590	2.1168e-010
7591	2.1678e-010
7592	2.2184e-010
7593	2.2697e-010
7594	2.3197e-010
7595	2.3736e-010
7596	2.4296e-010
7597	2.4775e-010
7598	2.5385e-010
7599	2.5991e-010
7600	2.6619e-010
7601	2.7352e-010
7602	2.7982e-010
7603	2.8377e-010
7604	2.8917e-010
7605	3.011e-010
7606	3.0186e-010
7607	2.903e-010
7608	2.8487e-010
7609	2.8276e-010
7610	2.7755e-010
7611	2.7036e-010
7612	2.6487e-010
7613	2.5884e-010
7614	2.5194e-010
7615	2.4853e-010
7616	2.4387e-010
7617	2.3856e-010
7618	2.3371e-010
7619	2.2921e-010
7620	2.2419e-010
7621	2.1804e-010
7622	2.1597e-010
7623	2.1309e-010
7624	2.0967e-010
7625	2.0731e-010
7626	2.0685e-010
7627	2.0414e-010
7628	1.9178e-010
7629	2.0007e-010
7630	1.9601e-010
7631	1.992e-010
7632	1.8352e-010
7633	1.8968e-010
7634	1.9201e-010
7635	1.6738e-010
7636	1.6548e-010
7637	1.903e-010
7638	1.6218e-010
7639	1.6675e-010
7640	1.9143e-010
7641	1.7483e-010
7642	1.9696e-010
7643	1.5052e-010
7644	1.6225e-010
7645	1.4693e-010
7646	1.3032e-010
7647	1.4611e-010
7648	1.2864e-010
7649	1.4463e-010
7650	1.2395e-010
7651	1.3291e-010
7652	1.1508e-010
7653	1.1775e-010
7654	1.1354e-010
7655	1.0753e-010
7656	1.4706e-010
7657	1.5033e-010
7658	1.4882e-010
7659	1.0908e-010
7660	1.0716e-010
7661	1.2891e-010
7662	1.4285e-010
7663	1.424e-010
7664	1.4041e-010
7665	1.5872e-010
7666	3.0606e-010
7667	7.264e-010
7668	4.5228e-010
7669	2.2273e-009
7670	1.8906e-009
7671	5.1643e-010
7672	3.3339e-010
7673	7.9642e-011
7674	7.0186e-011
7675	8.8843e-011
7676	8.5774e-011
7677	8.6681e-011
7678	8.9114e-011
7679	8.6186e-011
7680	8.5344e-011
7681	8.4623e-011
7682	8.4649e-011
7683	8.6392e-011
7684	8.7125e-011
7685	8.8958e-011
7686	8.9932e-011
7687	9.2055e-011
7688	9.4409e-011
7689	9.6245e-011
7690	9.9009e-011
7691	1.0093e-010
7692	1.0358e-010
7693	1.0574e-010
7694	1.083e-010
7695	1.1074e-010
7696	1.1308e-010
7697	1.1554e-010
7698	1.1857e-010
7699	1.2112e-010
7700	1.24e-010
7701	1.2661e-010
7702	1.2931e-010
7703	1.326e-010
7704	1.3525e-010
7705	1.383e-010
7706	1.4168e-010
7707	1.4449e-010
7708	1.4816e-010
7709	1.5134e-010
7710	1.549e-010
7711	1.5758e-010
7712	1.6198e-010
7713	1.6526e-010
7714	1.6942e-010
7715	1.7264e-010
7716	1.7644e-010
7717	1.8076e-010
7718	1.8495e-010
7719	1.8922e-010
7720	1.9323e-010
7721	1.977e-010
7722	2.0206e-010
7723	2.0663e-010
7724	2.1124e-010
7725	2.1596e-010
7726	2.2166e-010
7727	2.2592e-010
7728	2.3199e-010
7729	2.3696e-010
7730	2.4211e-010
7731	2.4723e-010
7732	2.5404e-010
7733	2.6011e-010
7734	2.6433e-010
7735	2.7219e-010
7736	2.7327e-010
7737	2.6549e-010
7738	2.618e-010
7739	2.5636e-010
7740	2.493e-010
7741	2.4482e-010
7742	2.4083e-010
7743	2.3718e-010
7744	2.2923e-010
7745	2.2686e-010
7746	2.202e-010
7747	2.1602e-010
7748	2.1142e-010
7749	2.0728e-010
7750	2.0425e-010
7751	1.9896e-010
7752	1.9733e-010
7753	1.9402e-010
7754	1.8968e-010
7755	1.8232e-010
7756	1.8232e-010
7757	1.8926e-010
7758	1.8173e-010
7759	1.8424e-010
7760	1.658e-010
7761	1.7834e-010
7762	1.8086e-010
7763	1.6918e-010
7764	1.6189e-010
7765	1.6223e-010
7766	1.5124e-010
7767	1.5892e-010
7768	1.6291e-010
7769	1.447e-010
7770	1.6199e-010
7771	1.8207e-010
7772	1.619e-010
7773	1.5542e-010
7774	1.3417e-010
7775	1.2804e-010
7776	1.2327e-010
7777	1.2293e-010
7778	1.2256e-010
7779	1.2253e-010
7780	1.1692e-010
7781	1.1495e-010
7782	1.0333e-010
7783	1.0359e-010
7784	9.8039e-011
7785	9.4404e-011
7786	1.2869e-010
7787	1.4875e-010
7788	1.3045e-010
7789	9.91e-011
7790	8.9626e-011
7791	1.1231e-010
7792	1.3721e-010
7793	1.1659e-010
7794	1.3271e-010
7795	1.3795e-010
7796	2.6245e-010
7797	7.7218e-010
7798	4.8682e-010
7799	1.9101e-009
7800	2.0544e-009
7801	5.1642e-010
7802	3.3345e-010
7803	7.9699e-011
7804	7.0254e-011
7805	8.891e-011
7806	8.5844e-011
7807	8.6744e-011
7808	8.9165e-011
7809	8.6226e-011
7810	8.5388e-011
7811	8.4679e-011
7812	8.4701e-011
7813	8.6419e-011
7814	8.7136e-011
7815	8.9001e-011
7816	9.0032e-011
7817	9.2188e-011
7818	9.4547e-011
7819	9.6366e-011
7820	9.9086e-011
7821	1.0098e-010
7822	1.0363e-010
7823	1.0577e-010
7824	1.0831e-010
7825	1.1077e-010
7826	1.1317e-010
7827	1.1565e-010
7828	1.1867e-010
7829	1.2122e-010
7830	1.2412e-010
7831	1.2674e-010
7832	1.2938e-010
7833	1.326e-010
7834	1.3526e-010
7835	1.3835e-010
7836	1.4173e-010
7837	1.4453e-010
7838	1.482e-010
7839	1.5142e-010
7840	1.5505e-010
7841	1.5775e-010
7842	1.6213e-010
7843	1.654e-010
7844	1.6953e-010
7845	1.7276e-010
7846	1.7656e-010
7847	1.8083e-010
7848	1.85e-010
7849	1.8926e-010
7850	1.9339e-010
7851	1.9793e-010
7852	2.0224e-010
7853	2.0675e-010
7854	2.1133e-010
7855	2.1603e-010
7856	2.2172e-010
7857	2.2597e-010
7858	2.3203e-010
7859	2.369e-010
7860	2.4186e-010
7861	2.4706e-010
7862	2.5395e-010
7863	2.6001e-010
7864	2.6429e-010
7865	2.7207e-010
7866	2.7318e-010
7867	2.6537e-010
7868	2.6176e-010
7869	2.5643e-010
7870	2.4937e-010
7871	2.4486e-010
7872	2.4071e-010
7873	2.3703e-010
7874	2.2929e-010
7875	2.269e-010
7876	2.2025e-010
7877	2.1605e-010
7878	2.1159e-010
7879	2.0748e-010
7880	2.0435e-010
7881	1.99e-010
7882	1.9738e-010
7883	1.9399e-010
7884	1.8964e-010
7885	1.8231e-010
7886	1.8242e-010
7887	1.8912e-010
7888	1.82e-010
7889	1.8405e-010
7890	1.6586e-010
7891	1.7846e-010
7892	1.8066e-010
7893	1.6924e-010
7894	1.6186e-010
7895	1.6218e-010
7896	1.5118e-010
7897	1.5879e-010
7898	1.6273e-010
7899	1.4453e-010
7900	1.618e-010
7901	1.8184e-010
7902	1.6169e-010
7903	1.5521e-010
7904	1.3395e-010
7905	1.2783e-010
7906	1.2307e-010
7907	1.2273e-010
7908	1.2231e-010
7909	1.223e-010
7910	1.1671e-010
7911	1.1477e-010
7912	1.0315e-010
7913	1.0343e-010
7914	9.7908e-011
7915	9.4293e-011
7916	1.286e-010
7917	1.4866e-010
7918	1.3035e-010
7919	9.897e-011
7920	8.9508e-011
7921	1.122e-010
7922	1.3713e-010
7923	1.1651e-010
7924	1.3262e-010
7925	1.3787e-010
7926	2.6237e-010
7927	7.721e-010
7928	4.8674e-010
7929	1.91e-009
7930	2.0542e-009
7931	4.8304e-010
7932	4.4273e-010
7933	1.1061e-010
7934	8.7493e-011
7935	9.3734e-011
7936	9.4435e-011
7937	9.5913e-011
7938	9.6671e-011
7939	9.3811e-011
7940	9.4417e-011
7941	9.3558e-011
7942	9.3046e-011
7943	9.5588e-011
7944	9.4833e-011
7945	9.8411e-011
7946	9.9014e-011
7947	1.0162e-010
7948	1.0393e-010
7949	1.0582e-010
7950	1.0913e-010
7951	1.1044e-010
7952	1.1442e-010
7953	1.1561e-010
7954	1.1956e-010
7955	1.2118e-010
7956	1.2438e-010
7957	1.2779e-010
7958	1.2903e-010
7959	1.3438e-010
7960	1.3468e-010
7961	1.3999e-010
7962	1.4242e-010
7963	1.4433e-010
7964	1.4954e-010
7965	1.5175e-010
7966	1.5465e-010
7967	1.5974e-010
7968	1.6296e-010
7969	1.648e-010
7970	1.7037e-010
7971	1.7431e-010
7972	1.7766e-010
7973	1.8077e-010
7974	1.856e-010
7975	1.9015e-010
7976	1.9459e-010
7977	1.9868e-010
7978	2.0296e-010
7979	2.0748e-010
7980	2.1193e-010
7981	2.1705e-010
7982	2.221e-010
7983	2.2717e-010
7984	2.322e-010
7985	2.3749e-010
7986	2.4289e-010
7987	2.4776e-010
7988	2.5387e-010
7989	2.597e-010
7990	2.6568e-010
7991	2.7321e-010
7992	2.7978e-010
7993	2.8354e-010
7994	2.8905e-010
7995	3.0099e-010
7996	3.0168e-010
7997	2.9002e-010
7998	2.8478e-010
7999	2.8284e-010
8000	2.7755e-010
8001	2.7032e-010
8002	2.6495e-010
8003	2.5874e-010
8004	2.519e-010
8005	2.486e-010
8006	2.4368e-010
8007	2.3859e-010
8008	2.3402e-010
8009	2.2956e-010
8010	2.2442e-010
8011	2.1813e-010
8012	2.1595e-010
8013	2.131e-010
8014	2.0969e-010
8015	2.0728e-010
8016	2.069e-010
8017	2.0456e-010
8018	1.9164e-010
8019	2.0036e-010
8020	1.9595e-010
8021	1.9919e-010
8022	1.8391e-010
8023	1.8968e-010
8024	1.92e-010
8025	1.6735e-010
8026	1.6536e-010
8027	1.901e-010
8028	1.6193e-010
8029	1.6647e-010
8030	1.9113e-010
8031	1.7446e-010
8032	1.9663e-010
8033	1.5015e-010
8034	1.6188e-010
8035	1.4655e-010
8036	1.2996e-010
8037	1.4571e-010
8038	1.2817e-010
8039	1.4419e-010
8040	1.2356e-010
8041	1.3258e-010
8042	1.1474e-010
8043	1.1745e-010
8044	1.1329e-010
8045	1.0732e-010
8046	1.4691e-010
8047	1.5018e-010
8048	1.4868e-010
8049	1.0891e-010
8050	1.0698e-010
8051	1.2875e-010
8052	1.4274e-010
8053	1.4226e-010
8054	1.4025e-010
8055	1.5855e-010
8056	3.0589e-010
8057	7.2623e-010
8058	4.5207e-010
8059	2.227e-009
8060	1.8903e-009
8061	5.1656e-010
8062	3.335e-010
8063	7.9707e-011
8064	7.0259e-011
8065	8.8923e-011
8066	8.5856e-011
8067	8.6763e-011
8068	8.9199e-011
8069	8.6271e-011
8070	8.5414e-011
8071	8.4676e-011
8072	8.469e-011
8073	8.6426e-011
8074	8.7163e-011
8075	8.9026e-011
8076	9.0038e-011
8077	9.2177e-011
8078	9.4517e-011
8079	9.6331e-011
8080	9.9054e-011
8081	1.0097e-010
8082	1.0364e-010
8083	1.058e-010
8084	1.0833e-010
8085	1.1078e-010
8086	1.1316e-010
8087	1.1566e-010
8088	1.1871e-010
8089	1.2125e-010
8090	1.241e-010
8091	1.2667e-010
8092	1.2933e-010
8093	1.3263e-010
8094	1.3534e-010
8095	1.3842e-010
8096	1.4176e-010
8097	1.4455e-010
8098	1.4824e-010
8099	1.5148e-010
8100	1.5509e-010
8101	1.5774e-010
8102	1.621e-010
8103	1.6538e-010
8104	1.696e-010
8105	1.7283e-010
8106	1.7661e-010
8107	1.8087e-010
8108	1.8502e-010
8109	1.8936e-010
8110	1.9333e-010
8111	1.9796e-010
8112	2.0226e-010
8113	2.068e-010
8114	2.1147e-010
8115	2.161e-010
8116	2.2169e-010
8117	2.2596e-010
8118	2.3204e-010
8119	2.3686e-010
8120	2.4182e-010
8121	2.4701e-010
8122	2.5393e-010
8123	2.6014e-010
8124	2.6421e-010
8125	2.7216e-010
8126	2.7298e-010
8127	2.6538e-010
8128	2.6178e-010
8129	2.5639e-010
8130	2.493e-010
8131	2.4495e-010
8132	2.4079e-010
8133	2.3702e-010
8134	2.2935e-010
8135	2.2687e-010
8136	2.2019e-010
8137	2.1587e-010
8138	2.1156e-010
8139	2.0744e-010
8140	2.0441e-010
8141	1.9903e-010
8142	1.9744e-010
8143	1.9404e-010
8144	1.897e-010
8145	1.8233e-010
8146	1.8259e-010
8147	1.8893e-010
8148	1.8215e-010
8149	1.8382e-010
8150	1.6593e-010
8151	1.7976e-010
8152	1.8126e-010
8153	1.7042e-010
8154	1.6177e-010
8155	1.6214e-010
8156	1.5116e-010
8157	1.5879e-010
8158	1.6268e-010
8159	1.4448e-010
8160	1.6178e-010
8161	1.8178e-010
8162	1.6171e-010
8163	1.5516e-010
8164	1.3395e-010
8165	1.2781e-010
8166	1.2301e-010
8167	1.2269e-010
8168	1.2228e-010
8169	1.223e-010
8170	1.1667e-010
8171	1.1474e-010
8172	1.0311e-010
8173	1.0339e-010
8174	9.7884e-011
8175	9.4271e-011
8176	1.2859e-010
8177	1.486e-010
8178	1.3035e-010
8179	9.8956e-011
8180	8.9509e-011
8181	1.1221e-010
8182	1.3714e-010
8183	1.165e-010
8184	1.3258e-010
8185	1.3784e-010
8186	2.6235e-010
8187	7.721e-010
8188	4.867e-010
8189	1.9099e-009
8190	2.054e-009
8191	5.1656e-010
8192	3.335e-010
8193	7.9707e-011
8194	7.0259e-011
8195	8.8923e-011
8196	8.5856e-011
8197	8.6763e-011
8198	8.9199e-011
8199	8.6271e-011
8200	8.5414e-011
8201	8.4676e-011
8202	8.469e-011
8203	8.6426e-011
8204	8.7163e-011
8205	8.9026e-011
8206	9.0038e-011
8207	9.2177e-011
8208	9.4517e-011
8209	9.6331e-011
8210	9.9054e-011
8211	1.0097e-010
8212	1.0364e-010
8213	1.058e-010
8214	1.0833e-010
8215	1.1078e-010
8216	1.1316e-010
8217	1.1566e-010
8218	1.1871e-010
8219	1.2125e-010
8220	1.241e-010
8221	1.2667e-010
8222	1.2933e-010
8223	1.3263e-010
8224	1.3534e-010
8225	1.3842e-010
8226	1.4176e-010
8227	1.4455e-010
8228	1.4824e-010
8229	1.5148e-010
8230	1.5509e-010
8231	1.5774e-010
8232	1.621e-010
8233	1.6538e-010
8234	1.696e-010
8235	1.7283e-010
8236	1.7661e-010
8237	1.8087e-010
8238	1.8502e-010
8239	1.8936e-010
8240	1.9333e-010
8241	1.9796e-010
8242	2.0226e-010
8243	2.068e-010
8244	2.1147e-010
8245	2.161e-010
8246	2.2169e-010
8247	2.2596e-010
8248	2.3204e-010
8249	2.3686e-010
8250	2.4182e-010
8251	2.4701e-010
8252	2.5393e-010
8253	2.6014e-010
8254	2.6421e-010
8255	2.7216e-010
8256	2.7298e-010
8257	2.6538e-010
8258	2.6178e-010
8259	2.5639e-010
8260	2.493e-010
8261	2.4495e-010
8262	2.4079e-010
8263	2.3702e-010
8264	2.2935e-010
8265	2.2687e-010
8266	2.2019e-010
8267	2.1587e-010
8268	2.1156e-010
8269	2.0744e-010
8270	2.0441e-010
8271	1.9903e-010
8272	1.9744e-010
8273	1.9404e-010
8274	1.8969e-010
8275	1.8236e-010
8276	1.8251e-010
8277	1.8917e-010
8278	1.8185e-010
8279	1.8404e-010
8280	1.661e-010
8281	1.795e-010
8282	1.834e-010
8283	1.7011e-010
8284	1.62e-010
8285	1.6215e-010
8286	1.5117e-010
8287	1.5879e-010
8288	1.6268e-010
8289	1.4448e-010
8290	1.6178e-010
8291	1.8178e-010
8292	1.6171e-010
8293	1.5516e-010
8294	1.3395e-010
8295	1.2781e-010
8296	1.2301e-010
8297	1.2269e-010
8298	1.2228e-010
8299	1.223e-010
8300	1.1667e-010
8301	1.1474e-010
8302	1.0311e-010
8303	1.0339e-010
8304	9.7884e-011
8305	9.4271e-011
8306	1.2859e-010
8307	1.486e-010
8308	1.3035e-010
8309	9.8956e-011
8310	8.9509e-011
8311	1.1221e-010
8312	1.3714e-010
8313	1.165e-010
8314	1.3258e-010
8315	1.3784e-010
8316	2.6235e-010
8317	7.721e-010
8318	4.867e-010
8319	1.9099e-009
8320	2.054e-009
8321	4.8304e-010
8322	4.4273e-010
8323	1.1061e-010
8324	8.7493e-011
8325	9.3734e-011
8326	9.4435e-011
8327	9.5913e-011
8328	9.6671e-011
8329	9.3811e-011
8330	9.4417e-011
8331	9.3558e-011
8332	9.3046e-011
8333	9.5588e-011
8334	9.4833e-011
8335	9.8411e-011
8336	9.9014e-011
8337	1.0162e-010
8338	1.0393e-010
8339	1.0582e-010
8340	1.0913e-010
8341	1.1044e-010
8342	1.1442e-010
8343	1.1561e-010
8344	1.1956e-010
8345	1.2118e-010
8346	1.2438e-010
8347	1.2779e-010
8348	1.2903e-010
8349	1.3438e-010
8350	1.3468e-010
8351	1.3999e-010
8352	1.4242e-010
8353	1.4433e-010
8354	1.4954e-010
8355	1.5175e-010
8356	1.5465e-010
8357	1.5974e-010
8358	1.6296e-010
8359	1.6479e-010
8360	1.7037e-010
8361	1.7431e-010
8362	1.7766e-010
8363	1.8077e-010
8364	1.856e-010
8365	1.9015e-010
8366	1.9459e-010
8367	1.9868e-010
8368	2.0296e-010
8369	2.0748e-010
8370	2.1193e-010
8371	2.1705e-010
8372	2.221e-010
8373	2.2717e-010
8374	2.322e-010
8375	2.3749e-010
8376	2.4289e-010
8377	2.4776e-010
8378	2.5387e-010
8379	2.597e-010
8380	2.6568e-010
8381	2.7321e-010
8382	2.7978e-010
8383	2.8354e-010
8384	2.8905e-010
8385	3.0099e-010
8386	3.0168e-010
8387	2.9002e-010
8388	2.8478e-010
8389	2.8284e-010
8390	2.7755e-010
8391	2.7032e-010
8392	2.6495e-010
8393	2.5874e-010
8394	2.519e-010
8395	2.486e-010
8396	2.4368e-010
8397	2.3859e-010
8398	2.3402e-010
8399	2.2956e-010
8400	2.2442e-010
8401	2.1813e-010
8402	2.1595e-010
8403	2.131e-010
8404	2.0969e-010
8405	2.0726e-010
8406	2.0696e-010
8407	2.0459e-010
8408	1.9128e-010
8409	2.0032e-010
8410	1.9602e-010
8411	2.0037e-010
8412	1.8412e-010
8413	1.9079e-010
8414	1.9202e-010
8415	1.6732e-010
8416	1.6537e-010
8417	1.901e-010
8418	1.6193e-010
8419	1.6647e-010
8420	1.9113e-010
8421	1.7446e-010
8422	1.9663e-010
8423	1.5015e-010
8424	1.6188e-010
8425	1.4655e-010
8426	1.2996e-010
8427	1.4571e-010
8428	1.2817e-010
8429	1.4419e-010
8430	1.2356e-010
8431	1.3258e-010
8432	1.1474e-010
8433	1.1745e-010
8434	1.1329e-010
8435	1.0732e-010
8436	1.4691e-010
8437	1.5018e-010
8438	1.4868e-010
8439	1.0891e-010
8440	1.0698e-010
8441	1.2875e-010
8442	1.4274e-010
8443	1.4226e-010
8444	1.4025e-010
8445	1.5855e-010
8446	3.0589e-010
8447	7.2623e-010
8448	4.5207e-010
8449	2.227e-009
8450	1.8903e-009
8451	5.1642e-010
8452	3.3345e-010
8453	7.9699e-011
8454	7.0254e-011
8455	8.891e-011
8456	8.5844e-011
8457	8.6744e-011
8458	8.9165e-011
8459	8.6226e-011
8460	8.5388e-011
8461	8.4679e-011
8462	8.4701e-011
8463	8.6419e-011
8464	8.7136e-011
8465	8.9001e-011
8466	9.0032e-011
8467	9.2188e-011
8468	9.4547e-011
8469	9.6366e-011
8470	9.9086e-011
8471	1.0098e-010
8472	1.0363e-010
8473	1.0577e-010
8474	1.0831e-010
8475	1.1077e-010
8476	1.1317e-010
8477	1.1565e-010
8478	1.1867e-010
8479	1.2122e-010
8480	1.2412e-010
8481	1.2674e-010
8482	1.2938e-010
8483	1.326e-010
8484	1.3526e-010
8485	1.3835e-010
8486	1.4173e-010
8487	1.4453e-010
8488	1.482e-010
8489	1.5143e-010
8490	1.5505e-010
8491	1.5775e-010
8492	1.6213e-010
8493	1.654e-010
8494	1.6953e-010
8495	1.7276e-010
8496	1.7656e-010
8497	1.8083e-010
8498	1.85e-010
8499	1.8926e-010
8500	1.9339e-010
8501	1.9793e-010
8502	2.0224e-010
8503	2.0675e-010
8504	2.1133e-010
8505	2.1603e-010
8506	2.2172e-010
8507	2.2597e-010
8508	2.3203e-010
8509	2.369e-010
8510	2.4186e-010
8511	2.4706e-010
8512	2.5395e-010
8513	2.6001e-010
8514	2.6429e-010
8515	2.7207e-010
8516	2.7318e-010
8517	2.6537e-010
8518	2.6176e-010
8519	2.5643e-010
8520	2.4937e-010
8521	2.4486e-010
8522	2.4071e-010
8523	2.3703e-010
8524	2.2929e-010
8525	2.269e-010
8526	2.2025e-010
8527	2.1605e-010
8528	2.1159e-010
8529	2.0748e-010
8530	2.0435e-010
8531	1.9899e-010
8532	1.9738e-010
8533	1.9399e-010
8534	1.8963e-010
8535	1.8231e-010
8536	1.8248e-010
8537	1.8896e-010
8538	1.8178e-010
8539	1.8388e-010
8540	1.6575e-010
8541	1.7898e-010
8542	1.8057e-010
8543	1.6973e-010
8544	1.6173e-010
8545	1.6219e-010
8546	1.5117e-010
8547	1.5879e-010
8548	1.6273e-010
8549	1.4453e-010
8550	1.618e-010
8551	1.8184e-010
8552	1.6169e-010
8553	1.5521e-010
8554	1.3395e-010
8555	1.2783e-010
8556	1.2307e-010
8557	1.2273e-010
8558	1.2231e-010
8559	1.223e-010
8560	1.1671e-010
8561	1.1477e-010
8562	1.0315e-010
8563	1.0343e-010
8564	9.7908e-011
8565	9.4293e-011
8566	1.286e-010
8567	1.4866e-010
8568	1.3035e-010
8569	9.897e-011
8570	8.9508e-011
8571	1.122e-010
8572	1.3713e-010
8573	1.1651e-010
8574	1.3262e-010
8575	1.3787e-010
8576	2.6237e-010
8577	7.721e-010
8578	4.8674e-010
8579	1.91e-009
8580	2.0542e-009
8581	5.1643e-010
8582	3.3339e-010
8583	7.9642e-011
8584	7.0186e-011
8585	8.8843e-011
8586	8.5774e-011
8587	8.6681e-011
8588	8.9114e-011
8589	8.6186e-011
8590	8.5344e-011
8591	8.4623e-011
8592	8.4649e-011
8593	8.6392e-011
8594	8.7125e-011
8595	8.8958e-011
8596	8.9932e-011
8597	9.2055e-011
8598	9.4409e-011
8599	9.6245e-011
8600	9.9009e-011
8601	1.0093e-010
8602	1.0358e-010
8603	1.0574e-010
8604	1.0829e-010
8605	1.1074e-010
8606	1.1308e-010
8607	1.1554e-010
8608	1.1857e-010
8609	1.2112e-010
8610	1.24e-010
8611	1.2661e-010
8612	1.2931e-010
8613	1.326e-010
8614	1.3525e-010
8615	1.383e-010
8616	1.4168e-010
8617	1.4449e-010
8618	1.4815e-010
8619	1.5138e-010
8620	1.5489e-010
8621	1.5758e-010
8622	1.6198e-010
8623	1.6526e-010
8624	1.6942e-010
8625	1.7264e-010
8626	1.7644e-010
8627	1.8076e-010
8628	1.8495e-010
8629	1.8922e-010
8630	1.9323e-010
8631	1.977e-010
8632	2.0206e-010
8633	2.0663e-010
8634	2.1124e-010
8635	2.1596e-010
8636	2.2166e-010
8637	2.2592e-010
8638	2.3199e-010
8639	2.3696e-010
8640	2.4211e-010
8641	2.4723e-010
8642	2.5404e-010
8643	2.6011e-010
8644	2.6433e-010
8645	2.7219e-010
8646	2.7327e-010
8647	2.6549e-010
8648	2.618e-010
8649	2.5636e-010
8650	2.493e-010
8651	2.4482e-010
8652	2.4083e-010
8653	2.3718e-010
8654	2.2923e-010
8655	2.2686e-010
8656	2.2021e-010
8657	2.1601e-010
8658	2.1142e-010
8659	2.0727e-010
8660	2.0428e-010
8661	1.9894e-010
8662	1.9736e-010
8663	1.94e-010
8664	1.8966e-010
8665	1.8232e-010
8666	1.8233e-010
8667	1.8951e-010
8668	1.795e-010
8669	1.8436e-010
8670	1.6569e-010
8671	1.7841e-010
8672	1.8064e-010
8673	1.6927e-010
8674	1.6178e-010
8675	1.6226e-010
8676	1.5124e-010
8677	1.5892e-010
8678	1.6291e-010
8679	1.447e-010
8680	1.6199e-010
8681	1.8207e-010
8682	1.619e-010
8683	1.5542e-010
8684	1.3417e-010
8685	1.2804e-010
8686	1.2327e-010
8687	1.2293e-010
8688	1.2256e-010
8689	1.2253e-010
8690	1.1692e-010
8691	1.1495e-010
8692	1.0333e-010
8693	1.0359e-010
8694	9.8039e-011
8695	9.4404e-011
8696	1.2869e-010
8697	1.4875e-010
8698	1.3045e-010
8699	9.91e-011
8700	8.9626e-011
8701	1.1231e-010
8702	1.3721e-010
8703	1.1659e-010
8704	1.3271e-010
8705	1.3795e-010
8706	2.6245e-010
8707	7.7218e-010
8708	4.8682e-010
8709	1.9101e-009
8710	2.0544e-009
8711	4.8306e-010
8712	4.4268e-010
8713	1.1056e-010
8714	8.7403e-011
8715	9.363e-011
8716	9.4339e-011
8717	9.583e-011
8718	9.6612e-011
8719	9.3755e-011
8720	9.4337e-011
8721	9.3419e-011
8722	9.2913e-011
8723	9.5544e-011
8724	9.486e-011
8725	9.8403e-011
8726	9.8898e-011
8727	1.0145e-010
8728	1.0376e-010
8729	1.057e-010
8730	1.0909e-010
8731	1.1045e-010
8732	1.1444e-010
8733	1.1563e-010
8734	1.1958e-010
8735	1.2119e-010
8736	1.2437e-010
8737	1.2775e-010
8738	1.2895e-010
8739	1.343e-010
8740	1.3461e-010
8741	1.3992e-010
8742	1.4236e-010
8743	1.4429e-010
8744	1.4944e-010
8745	1.516e-010
8746	1.5452e-010
8747	1.5968e-010
8748	1.6298e-010
8749	1.6466e-010
8750	1.7022e-010
8751	1.7414e-010
8752	1.7755e-010
8753	1.8056e-010
8754	1.8532e-010
8755	1.8985e-010
8756	1.9435e-010
8757	1.9856e-010
8758	2.0285e-010
8759	2.0733e-010
8760	2.1168e-010
8761	2.1678e-010
8762	2.2184e-010
8763	2.2697e-010
8764	2.3197e-010
8765	2.3736e-010
8766	2.4296e-010
8767	2.4775e-010
8768	2.5385e-010
8769	2.5991e-010
8770	2.6619e-010
8771	2.7352e-010
8772	2.7982e-010
8773	2.8377e-010
8774	2.8917e-010
8775	3.011e-010
8776	3.0186e-010
8777	2.903e-010
8778	2.8487e-010
8779	2.8276e-010
8780	2.7755e-010
8781	2.7036e-010
8782	2.6487e-010
8783	2.5884e-010
8784	2.5194e-010
8785	2.4853e-010
8786	2.4387e-010
8787	2.3855e-010
8788	2.3372e-010
8789	2.2921e-010
8790	2.2422e-010
8791	2.1805e-010
8792	2.1599e-010
8793	2.1308e-010
8794	2.0967e-010
8795	2.073e-010
8796	2.0673e-010
8797	2.0249e-010
8798	1.9171e-010
8799	1.9819e-010
8800	1.9597e-010
8801	1.9905e-010
8802	1.8307e-010
8803	1.8956e-010
8804	1.9205e-010
8805	1.6736e-010
8806	1.6548e-010
8807	1.903e-010
8808	1.6218e-010
8809	1.6675e-010
8810	1.9143e-010
8811	1.7482e-010
8812	1.9696e-010
8813	1.5052e-010
8814	1.6225e-010
8815	1.4693e-010
8816	1.3032e-010
8817	1.4611e-010
8818	1.2864e-010
8819	1.4463e-010
8820	1.2395e-010
8821	1.3291e-010
8822	1.1508e-010
8823	1.1775e-010
8824	1.1354e-010
8825	1.0753e-010
8826	1.4706e-010
8827	1.5033e-010
8828	1.4882e-010
8829	1.0908e-010
8830	1.0716e-010
8831	1.2891e-010
8832	1.4285e-010
8833	1.424e-010
8834	1.4041e-010
8835	1.5872e-010
8836	3.0606e-010
8837	7.264e-010
8838	4.5228e-010
8839	2.2273e-009
8840	1.8906e-009
8841	5.1643e-010
8842	3.3339e-010
8843	7.9642e-011
8844	7.0186e-011
8845	8.8843e-011
8846	8.5774e-011
8847	8.6681e-011
8848	8.9114e-011
8849	8.6186e-011
8850	8.5344e-011
8851	8.4623e-011
8852	8.4649e-011
8853	8.6392e-011
8854	8.7125e-011
8855	8.8958e-011
8856	8.9932e-011
8857	9.2055e-011
8858	9.4409e-011
8859	9.6245e-011
8860	9.9009e-011
8861	1.0093e-010
8862	1.0358e-010
8863	1.0574e-010
8864	1.083e-010
8865	1.1074e-010
8866	1.1308e-010
8867	1.1554e-010
8868	1.1857e-010
8869	1.2112e-010
8870	1.24e-010
8871	1.2661e-010
8872	1.2931e-010
8873	1.326e-010
8874	1.3525e-010
8875	1.383e-010
8876	1.4168e-010
8877	1.445e-010
8878	1.4807e-010
8879	1.5149e-010
8880	1.5481e-010
8881	1.5759e-010
8882	1.6198e-010
8883	1.6526e-010
8884	1.6942e-010
8885	1.7264e-010
8886	1.7644e-010
8887	1.8076e-010
8888	1.8495e-010
8889	1.8922e-010
8890	1.9323e-010
8891	1.977e-010
8892	2.0206e-010
8893	2.0663e-010
8894	2.1124e-010
8895	2.1596e-010
8896	2.2166e-010
8897	2.2592e-010
8898	2.3199e-010
8899	2.3696e-010
8900	2.4211e-010
8901	2.4723e-010
8902	2.5404e-010
8903	2.6011e-010
8904	2.6433e-010
8905	2.7219e-010
8906	2.7327e-010
8907	2.6549e-010
8908	2.618e-010
8909	2.5636e-010
8910	2.493e-010
8911	2.4482e-010
8912	2.4083e-010
8913	2.3717e-010
8914	2.2923e-010
8915	2.2686e-010
8916	2.202e-010
8917	2.1601e-010
8918	2.1142e-010
8919	2.0727e-010
8920	2.0428e-010
8921	1.9894e-010
8922	1.9736e-010
8923	1.94e-010
8924	1.8966e-010
8925	1.8229e-010
8926	1.8245e-010
8927	1.8921e-010
8928	1.7969e-010
8929	1.8407e-010
8930	1.6578e-010
8931	1.7836e-010
8932	1.8056e-010
8933	1.6924e-010
8934	1.6177e-010
8935	1.6227e-010
8936	1.5124e-010
8937	1.5892e-010
8938	1.6291e-010
8939	1.447e-010
8940	1.6199e-010
8941	1.8207e-010
8942	1.619e-010
8943	1.5542e-010
8944	1.3417e-010
8945	1.2804e-010
8946	1.2327e-010
8947	1.2293e-010
8948	1.2256e-010
8949	1.2253e-010
8950	1.1692e-010
8951	1.1495e-010
8952	1.0333e-010
8953	1.0359e-010
8954	9.8039e-011
8955	9.4404e-011
8956	1.2869e-010
8957	1.4875e-010
8958	1.3045e-010
8959	9.91e-011
8960	8.9626e-011
8961	1.1231e-010
8962	1.3721e-010
8963	1.1659e-010
8964	1.3271e-010
8965	1.3795e-010
8966	2.6245e-010
8967	7.7218e-010
8968	4.8682e-010
8969	1.9101e-009
8970	2.0544e-009
8971	5.1642e-010
8972	3.3345e-010
8973	7.9699e-011
8974	7.0254e-011
8975	8.891e-011
8976	8.5844e-011
8977	8.6744e-011
8978	8.9165e-011
8979	8.6226e-011
8980	8.5388e-011
8981	8.4679e-011
8982	8.4701e-011
8983	8.6419e-011
8984	8.7136e-011
8985	8.9001e-011
8986	9.0032e-011
8987	9.2188e-011
8988	9.4547e-011
8989	9.6365e-011
8990	9.9086e-011
8991	1.0098e-010
8992	1.0363e-010
8993	1.0577e-010
8994	1.0831e-010
8995	1.1077e-010
8996	1.1317e-010
8997	1.1565e-010
8998	1.1866e-010
8999	1.2122e-010
9000	1.2412e-010
9001	1.2674e-010
9002	1.2938e-010
9003	1.326e-010
9004	1.3526e-010
9005	1.3835e-010
9006	1.4173e-010
9007	1.4455e-010
9008	1.4817e-010
9009	1.5142e-010
9010	1.55e-010
9011	1.5777e-010
9012	1.6213e-010
9013	1.654e-010
9014	1.6953e-010
9015	1.7276e-010
9016	1.7656e-010
9017	1.8083e-010
9018	1.85e-010
9019	1.8926e-010
9020	1.9339e-010
9021	1.9793e-010
9022	2.0224e-010
9023	2.0675e-010
9024	2.1133e-010
9025	2.1603e-010
9026	2.2172e-010
9027	2.2597e-010
9028	2.3203e-010
9029	2.369e-010
9030	2.4186e-010
9031	2.4706e-010
9032	2.5395e-010
9033	2.6001e-010
9034	2.6429e-010
9035	2.7207e-010
9036	2.7318e-010
9037	2.6536e-010
9038	2.6176e-010
9039	2.5643e-010
9040	2.4937e-010
9041	2.4486e-010
9042	2.4071e-010
9043	2.3703e-010
9044	2.2929e-010
9045	2.269e-010
9046	2.2025e-010
9047	2.1605e-010
9048	2.1159e-010
9049	2.0748e-010
9050	2.0435e-010
9051	1.9899e-010
9052	1.9737e-010
9053	1.9399e-010
9054	1.8961e-010
9055	1.8234e-010
9056	1.8245e-010
9057	1.8911e-010
9058	1.8174e-010
9059	1.84e-010
9060	1.6584e-010
9061	1.7831e-010
9062	1.8074e-010
9063	1.6906e-010
9064	1.6184e-010
9065	1.6219e-010
9066	1.5117e-010
9067	1.5879e-010
9068	1.6273e-010
9069	1.4453e-010
9070	1.618e-010
9071	1.8184e-010
9072	1.6169e-010
9073	1.5521e-010
9074	1.3395e-010
9075	1.2783e-010
9076	1.2307e-010
9077	1.2273e-010
9078	1.2231e-010
9079	1.223e-010
9080	1.1671e-010
9081	1.1477e-010
9082	1.0315e-010
9083	1.0343e-010
9084	9.7908e-011
9085	9.4293e-011
9086	1.286e-010
9087	1.4866e-010
9088	1.3035e-010
9089	9.897e-011
9090	8.9508e-011
9091	1.122e-010
9092	1.3713e-010
9093	1.1651e-010
9094	1.3262e-010
9095	1.3787e-010
9096	2.6237e-010
9097	7.721e-010
9098	4.8674e-010
9099	1.91e-009
9100	2.0542e-009
9101	4.8304e-010
9102	4.4273e-010
9103	1.1061e-010
9104	8.7493e-011
9105	9.3734e-011
9106	9.4435e-011
9107	9.5913e-011
9108	9.6671e-011
9109	9.3811e-011
9110	9.4417e-011
9111	9.3558e-011
9112	9.3046e-011
9113	9.5588e-011
9114	9.4833e-011
9115	9.8411e-011
9116	9.9014e-011
9117	1.0162e-010
9118	1.0393e-010
9119	1.0582e-010
9120	1.0913e-010
9121	1.1044e-010
9122	1.1442e-010
9123	1.1561e-010
9124	1.1956e-010
9125	1.2118e-010
9126	1.2438e-010
9127	1.2779e-010
9128	1.2903e-010
9129	1.3438e-010
9130	1.3468e-010
9131	1.3999e-010
9132	1.4242e-010
9133	1.4433e-010
9134	1.4954e-010
9135	1.5175e-010
9136	1.5465e-010
9137	1.5974e-010
9138	1.6285e-010
9139	1.6493e-010
9140	1.7025e-010
9141	1.743e-010
9142	1.7766e-010
9143	1.8076e-010
9144	1.856e-010
9145	1.9015e-010
9146	1.9459e-010
9147	1.9868e-010
9148	2.0296e-010
9149	2.0748e-010
9150	2.1193e-010
9151	2.1705e-010
9152	2.221e-010
9153	2.2717e-010
9154	2.322e-010
9155	2.3749e-010
9156	2.4289e-010
9157	2.4776e-010
9158	2.5387e-010
9159	2.597e-010
9160	2.6568e-010
9161	2.7321e-010
9162	2.7978e-010
9163	2.8354e-010
9164	2.8905e-010
9165	3.0099e-010
9166	3.0168e-010
9167	2.9003e-010
9168	2.8478e-010
9169	2.8284e-010
9170	2.7755e-010
9171	2.7032e-010
9172	2.6495e-010
9173	2.5874e-010
9174	2.519e-010
9175	2.486e-010
9176	2.4368e-010
9177	2.3859e-010
9178	2.3402e-010
9179	2.2956e-010
9180	2.2442e-010
9181	2.1813e-010
9182	2.1595e-010
9183	2.131e-010
9184	2.0968e-010
9185	2.0727e-010
9186	2.0701e-010
9187	2.0455e-010
9188	1.9127e-010
9189	2.0029e-010
9190	1.9604e-010
9191	1.9919e-010
9192	1.8335e-010
9193	1.8968e-010
9194	1.92e-010
9195	1.6734e-010
9196	1.6536e-010
9197	1.901e-010
9198	1.6193e-010
9199	1.6647e-010
9200	1.9113e-010
9201	1.7446e-010
9202	1.9663e-010
9203	1.5015e-010
9204	1.6188e-010
9205	1.4655e-010
9206	1.2996e-010
9207	1.4571e-010
9208	1.2817e-010
9209	1.4419e-010
9210	1.2356e-010
9211	1.3258e-010
9212	1.1474e-010
9213	1.1745e-010
9214	1.1329e-010
9215	1.0732e-010
9216	1.4691e-010
9217	1.5018e-010
9218	1.4868e-010
9219	1.0891e-010
9220	1.0698e-010
9221	1.2875e-010
9222	1.4274e-010
9223	1.4226e-010
9224	1.4025e-010
9225	1.5855e-010
9226	3.0589e-010
9227	7.2623e-010
9228	4.5207e-010
9229	2.227e-009
9230	1.8903e-009
9231	5.1656e-010
9232	3.335e-010
9233	7.9707e-011
9234	7.0259e-011
9235	8.8923e-011
9236	8.5856e-011
9237	8.6763e-011
9238	8.9199e-011
9239	8.6271e-011
9240	8.5414e-011
9241	8.4676e-011
9242	8.469e-011
9243	8.6426e-011
9244	8.7163e-011
9245	8.9025e-011
9246	9.0038e-011
9247	9.2177e-011
9248	9.4517e-011
9249	9.6331e-011
9250	9.9054e-011
9251	1.0097e-010
9252	1.0364e-010
9253	1.058e-010
9254	1.0833e-010
9255	1.1078e-010
9256	1.1316e-010
9257	1.1566e-010
9258	1.1871e-010
9259	1.2125e-010
9260	1.241e-010
9261	1.2667e-010
9262	1.2933e-010
9263	1.3263e-010
9264	1.3534e-010
9265	1.3842e-010
9266	1.4176e-010
9267	1.4458e-010
9268	1.4817e-010
9269	1.5151e-010
9270	1.55e-010
9271	1.5777e-010
9272	1.621e-010
9273	1.6538e-010
9274	1.696e-010
9275	1.7283e-010
9276	1.7661e-010
9277	1.8087e-010
9278	1.8502e-010
9279	1.8936e-010
9280	1.9333e-010
9281	1.9796e-010
9282	2.0226e-010
9283	2.068e-010
9284	2.1147e-010
9285	2.161e-010
9286	2.2169e-010
9287	2.2596e-010
9288	2.3204e-010
9289	2.3686e-010
9290	2.4182e-010
9291	2.4701e-010
9292	2.5393e-010
9293	2.6014e-010
9294	2.6421e-010
9295	2.7216e-010
9296	2.7298e-010
9297	2.6538e-010
9298	2.6178e-010
9299	2.5639e-010
9300	2.493e-010
9301	2.4495e-010
9302	2.4079e-010
9303	2.3702e-010
9304	2.2935e-010
9305	2.2687e-010
9306	2.2019e-010
9307	2.1587e-010
9308	2.1156e-010
9309	2.0744e-010
9310	2.0441e-010
9311	1.9904e-010
9312	1.9744e-010
9313	1.9404e-010
9314	1.897e-010
9315	1.8237e-010
9316	1.8241e-010
9317	1.8938e-010
9318	1.8153e-010
9319	1.8425e-010
9320	1.6583e-010
9321	1.7833e-010
9322	1.8086e-010
9323	1.6906e-010
9324	1.6184e-010
9325	1.6215e-010
9326	1.5115e-010
9327	1.5879e-010
9328	1.6268e-010
9329	1.4448e-010
9330	1.6178e-010
9331	1.8178e-010
9332	1.6171e-010
9333	1.5516e-010
9334	1.3395e-010
9335	1.2781e-010
9336	1.2301e-010
9337	1.2269e-010
9338	1.2228e-010
9339	1.223e-010
9340	1.1667e-010
9341	1.1474e-010
9342	1.0311e-010
9343	1.0339e-010
9344	9.7884e-011
9345	9.4271e-011
9346	1.2859e-010
9347	1.486e-010
9348	1.3035e-010
9349	9.8956e-011
9350	8.9509e-011
9351	1.1221e-010
9352	1.3714e-010
9353	1.165e-010
9354	1.3258e-010
9355	1.3784e-010
9356	2.6235e-010
9357	7.721e-010
9358	4.867e-010
9359	1.9099e-009
9360	2.054e-009
9361	3.9277e-010
9362	1.9554e-010
9363	1.8134e-010
9364	2.3197e-010
9365	2.6963e-010
9366	2.893e-010
9367	2.9766e-010
9368	2.9881e-010
9369	2.9535e-010
9370	2.9317e-010
9371	2.9055e-010
9372	2.8925e-010
9373	2.9341e-010
9374	2.9417e-010
9375	3.0164e-010
9376	3.0573e-010
9377	3.1316e-010
9378	3.2065e-010
9379	3.2734e-010
9380	3.3673e-010
9381	3.429e-010
9382	3.5285e-010
9383	3.5903e-010
9384	3.6891e-010
9385	3.761e-010
9386	3.8541e-010
9387	3.9463e-010
9388	4.021e-010
9389	4.1381e-010
9390	4.1986e-010
9391	4.3217e-010
9392	4.4093e-010
9393	4.4967e-010
9394	4.6212e-010
9395	4.7098e-010
9396	4.8098e-010
9397	4.9359e-010
9398	5.0451e-010
9399	5.1329e-010
9400	5.2768e-010
9401	5.3893e-010
9402	5.5139e-010
9403	5.6149e-010
9404	5.7639e-010
9405	5.8921e-010
9406	6.0238e-010
9407	6.1563e-010
9408	6.2944e-010
9409	6.441e-010
9410	6.5764e-010
9411	6.7338e-010
9412	6.8857e-010
9413	7.041e-010
9414	7.2004e-010
9415	7.3626e-010
9416	7.5418e-010
9417	7.6789e-010
9418	7.8809e-010
9419	8.0522e-010
9420	8.2337e-010
9421	8.4333e-010
9422	8.6412e-010
9423	8.798e-010
9424	8.9468e-010
9425	9.2796e-010
9426	9.2979e-010
9427	8.9655e-010
9428	8.8244e-010
9429	8.7067e-010
9430	8.516e-010
9431	8.3204e-010
9432	8.1479e-010
9433	8.0026e-010
9434	7.7568e-010
9435	7.6846e-010
9436	7.4892e-010
9437	7.3379e-010
9438	7.1874e-010
9439	7.0445e-010
9440	6.9095e-010
9441	6.7056e-010
9442	6.6254e-010
9443	6.4805e-010
9444	6.3507e-010
9445	6.2263e-010
9446	6.1281e-010
9447	6.0544e-010
9448	5.7486e-010
9449	5.8325e-010
9450	5.6456e-010
9451	5.7155e-010
9452	5.2789e-010
9453	5.4334e-010
9454	5.3194e-010
9455	4.9712e-010
9456	4.8846e-010
9457	5.0888e-010
9458	4.6809e-010
9459	4.6614e-010
9460	4.8776e-010
9461	4.5477e-010
9462	4.8194e-010
9463	4.1504e-010
9464	4.3465e-010
9465	3.9767e-010
9466	3.8076e-010
9467	3.89e-010
9468	3.6226e-010
9469	3.7758e-010
9470	3.4593e-010
9471	3.5493e-010
9472	3.2585e-010
9473	3.2599e-010
9474	3.1454e-010
9475	2.9895e-010
9476	3.3586e-010
9477	3.2397e-010
9478	3.2621e-010
9479	2.7428e-010
9480	2.7539e-010
9481	3.1306e-010
9482	3.3406e-010
9483	3.5285e-010
9484	3.4764e-010
9485	5.1237e-010
9486	8.5202e-010
9487	8.4949e-010
9488	7.0211e-010
9489	1.3602e-009
9490	1.5948e-009
9491	3.9752e-010
9492	1.6707e-010
9493	1.9238e-010
9494	2.3627e-010
9495	2.6683e-010
9496	2.8551e-010
9497	2.9259e-010
9498	2.9127e-010
9499	2.8717e-010
9500	2.8564e-010
9501	2.8262e-010
9502	2.8079e-010
9503	2.8525e-010
9504	2.8478e-010
9505	2.9326e-010
9506	2.968e-010
9507	3.0431e-010
9508	3.1142e-010
9509	3.1795e-010
9510	3.2733e-010
9511	3.328e-010
9512	3.4325e-010
9513	3.4843e-010
9514	3.5902e-010
9515	3.6528e-010
9516	3.7474e-010
9517	3.8423e-010
9518	3.8984e-010
9519	4.0302e-010
9520	4.067e-010
9521	4.204e-010
9522	4.2857e-010
9523	4.3587e-010
9524	4.497e-010
9525	4.575e-010
9526	4.6664e-010
9527	4.8038e-010
9528	4.9043e-010
9529	4.9775e-010
9530	5.1266e-010
9531	5.2447e-010
9532	5.3553e-010
9533	5.451e-010
9534	5.5957e-010
9535	5.7277e-010
9536	5.8581e-010
9537	5.9836e-010
9538	6.1158e-010
9539	6.2539e-010
9540	6.3858e-010
9541	6.5408e-010
9542	6.6905e-010
9543	6.8421e-010
9544	6.9965e-010
9545	7.1541e-010
9546	7.3235e-010
9547	7.4623e-010
9548	7.6502e-010
9549	7.8208e-010
9550	8.0026e-010
9551	8.2099e-010
9552	8.4027e-010
9553	8.5365e-010
9554	8.6928e-010
9555	9.0239e-010
9556	9.0405e-010
9557	8.711e-010
9558	8.5598e-010
9559	8.4714e-010
9560	8.3009e-010
9561	8.0965e-010
9562	7.9215e-010
9563	7.7589e-010
9564	7.5385e-010
9565	7.4585e-010
9566	7.2905e-010
9567	7.1367e-010
9568	6.9925e-010
9569	6.8538e-010
9570	6.7075e-010
9571	6.5108e-010
9572	6.4263e-010
9573	6.296e-010
9574	6.1807e-010
9575	6.1007e-010
9576	6.0053e-010
9577	5.8491e-010
9578	5.554e-010
9579	5.649e-010
9580	5.5971e-010
9581	5.5524e-010
9582	5.0588e-010
9583	5.2873e-010
9584	5.2831e-010
9585	4.7617e-010
9586	4.7446e-010
9587	5.0675e-010
9588	4.446e-010
9589	4.5932e-010
9590	4.8556e-010
9591	4.2855e-010
9592	4.8494e-010
9593	3.8939e-010
9594	4.3601e-010
9595	3.9063e-010
9596	3.6697e-010
9597	3.858e-010
9598	3.4805e-010
9599	3.7435e-010
9600	3.3336e-010
9601	3.4958e-010
9602	3.1754e-010
9603	3.1896e-010
9604	3.0943e-010
9605	2.9241e-010
9606	3.3282e-010
9607	3.0943e-010
9608	3.2291e-010
9609	2.6646e-010
9610	2.7031e-010
9611	3.1209e-010
9612	3.236e-010
9613	3.3241e-010
9614	3.6215e-010
9615	5.4349e-010
9616	8.7393e-010
9617	7.8559e-010
9618	6.4205e-010
9619	1.4483e-009
9620	1.5411e-009
9621	3.9264e-010
9622	1.9547e-010
9623	1.8127e-010
9624	2.3184e-010
9625	2.6949e-010
9626	2.8916e-010
9627	2.9756e-010
9628	2.9876e-010
9629	2.9533e-010
9630	2.9315e-010
9631	2.905e-010
9632	2.8919e-010
9633	2.9335e-010
9634	2.941e-010
9635	3.0154e-010
9636	3.0555e-010
9637	3.1298e-010
9638	3.2053e-010
9639	3.2721e-010
9640	3.365e-010
9641	3.4263e-010
9642	3.5268e-010
9643	3.5895e-010
9644	3.6892e-010
9645	3.7611e-010
9646	3.8533e-010
9647	3.9447e-010
9648	4.0187e-010
9649	4.1356e-010
9650	4.1958e-010
9651	4.3191e-010
9652	4.406e-010
9653	4.492e-010
9654	4.6187e-010
9655	4.7091e-010
9656	4.8088e-010
9657	4.9338e-010
9658	5.045e-010
9659	5.1274e-010
9660	5.276e-010
9661	5.3866e-010
9662	5.5125e-010
9663	5.613e-010
9664	5.7607e-010
9665	5.8881e-010
9666	6.0201e-010
9667	6.1542e-010
9668	6.2937e-010
9669	6.4389e-010
9670	6.5728e-010
9671	6.732e-010
9672	6.8839e-010
9673	7.0391e-010
9674	7.198e-010
9675	7.3603e-010
9676	7.5414e-010
9677	7.6808e-010
9678	7.8808e-010
9679	8.0512e-010
9680	8.2334e-010
9681	8.4377e-010
9682	8.6465e-010
9683	8.8023e-010
9684	8.9488e-010
9685	9.278e-010
9686	9.2998e-010
9687	8.9689e-010
9688	8.828e-010
9689	8.7104e-010
9690	8.5171e-010
9691	8.3209e-010
9692	8.1489e-010
9693	7.9995e-010
9694	7.7557e-010
9695	7.6831e-010
9696	7.4869e-010
9697	7.3349e-010
9698	7.1854e-010
9699	7.0423e-010
9700	6.9083e-010
9701	6.7047e-010
9702	6.625e-010
9703	6.4797e-010
9704	6.3513e-010
9705	6.2262e-010
9706	6.1252e-010
9707	6.0584e-010
9708	5.7383e-010
9709	5.838e-010
9710	5.6463e-010
9711	5.6886e-010
9712	5.2954e-010
9713	5.4091e-010
9714	5.3223e-010
9715	4.9736e-010
9716	4.887e-010
9717	5.091e-010
9718	4.6845e-010
9719	4.6652e-010
9720	4.8813e-010
9721	4.5526e-010
9722	4.8243e-010
9723	4.1556e-010
9724	4.3501e-010
9725	3.9808e-010
9726	3.8126e-010
9727	3.895e-010
9728	3.6273e-010
9729	3.7802e-010
9730	3.4632e-010
9731	3.5528e-010
9732	3.2613e-010
9733	3.2623e-010
9734	3.1476e-010
9735	2.9915e-010
9736	3.361e-010
9737	3.2428e-010
9738	3.2637e-010
9739	2.7451e-010
9740	2.7555e-010
9741	3.1317e-010
9742	3.3435e-010
9743	3.5305e-010
9744	3.4799e-010
9745	5.1261e-010
9746	8.5207e-010
9747	8.4952e-010
9748	7.0216e-010
9749	1.3608e-009
9750	1.5953e-009
9751	3.9261e-010
9752	1.9542e-010
9753	1.812e-010
9754	2.3175e-010
9755	2.6941e-010
9756	2.891e-010
9757	2.975e-010
9758	2.987e-010
9759	2.9525e-010
9760	2.9305e-010
9761	2.9038e-010
9762	2.8906e-010
9763	2.9325e-010
9764	2.9402e-010
9765	3.0145e-010
9766	3.0545e-010
9767	3.1285e-010
9768	3.2039e-010
9769	3.2708e-010
9770	3.364e-010
9771	3.4258e-010
9772	3.5268e-010
9773	3.5897e-010
9774	3.6888e-010
9775	3.76e-010
9776	3.8514e-010
9777	3.9424e-010
9778	4.0167e-010
9779	4.1342e-010
9780	4.1953e-010
9781	4.3188e-010
9782	4.406e-010
9783	4.4923e-010
9784	4.6182e-010
9785	4.7079e-010
9786	4.8074e-010
9787	4.932e-010
9788	5.0427e-010
9789	5.1255e-010
9790	5.2738e-010
9791	5.3845e-010
9792	5.51e-010
9793	5.6102e-010
9794	5.759e-010
9795	5.8872e-010
9796	6.0188e-010
9797	6.152e-010
9798	6.2912e-010
9799	6.4368e-010
9800	6.5705e-010
9801	6.7296e-010
9802	6.8812e-010
9803	7.0362e-010
9804	7.1973e-010
9805	7.3601e-010
9806	7.5414e-010
9807	7.6828e-010
9808	7.8833e-010
9809	8.053e-010
9810	8.2372e-010
9811	8.4415e-010
9812	8.6494e-010
9813	8.8057e-010
9814	8.9528e-010
9815	9.2826e-010
9816	9.3051e-010
9817	8.9734e-010
9818	8.8297e-010
9819	8.7122e-010
9820	8.5193e-010
9821	8.3223e-010
9822	8.1517e-010
9823	8.0026e-010
9824	7.7578e-010
9825	7.684e-010
9826	7.4873e-010
9827	7.3351e-010
9828	7.1849e-010
9829	7.0406e-010
9830	6.9065e-010
9831	6.7027e-010
9832	6.6222e-010
9833	6.4769e-010
9834	6.349e-010
9835	6.2229e-010
9836	6.1226e-010
9837	6.0684e-010
9838	5.7363e-010
9839	5.8497e-010
9840	5.6458e-010
9841	5.6868e-010
9842	5.299e-010
9843	5.4092e-010
9844	5.3239e-010
9845	4.9759e-010
9846	4.89e-010
9847	5.0953e-010
9848	4.6895e-010
9849	4.6707e-010
9850	4.887e-010
9851	4.5582e-010
9852	4.8298e-010
9853	4.1606e-010
9854	4.355e-010
9855	3.9855e-010
9856	3.8174e-010
9857	3.8996e-010
9858	3.6324e-010
9859	3.7849e-010
9860	3.4682e-010
9861	3.5571e-010
9862	3.2655e-010
9863	3.2657e-010
9864	3.15e-010
9865	2.9936e-010
9866	3.363e-010
9867	3.2449e-010
9868	3.2659e-010
9869	2.7469e-010
9870	2.7577e-010
9871	3.1339e-010
9872	3.3453e-010
9873	3.5328e-010
9874	3.4824e-010
9875	5.1294e-010
9876	8.5244e-010
9877	8.4965e-010
9878	7.0225e-010
9879	1.3611e-009
9880	1.5956e-009
9881	3.9742e-010
9882	1.6697e-010
9883	1.9216e-010
9884	2.3595e-010
9885	2.6651e-010
9886	2.852e-010
9887	2.923e-010
9888	2.9102e-010
9889	2.8694e-010
9890	2.8541e-010
9891	2.8238e-010
9892	2.8053e-010
9893	2.8498e-010
9894	2.8448e-010
9895	2.9292e-010
9896	2.9643e-010
9897	3.0397e-010
9898	3.1117e-010
9899	3.1773e-010
9900	3.2706e-010
9901	3.3251e-010
9902	3.4304e-010
9903	3.4828e-010
9904	3.5887e-010
9905	3.6504e-010
9906	3.7431e-010
9907	3.8368e-010
9908	3.8928e-010
9909	4.0255e-010
9910	4.064e-010
9911	4.2024e-010
9912	4.2852e-010
9913	4.358e-010
9914	4.4952e-010
9915	4.5723e-010
9916	4.6638e-010
9917	4.8007e-010
9918	4.9031e-010
9919	4.9694e-010
9920	5.1252e-010
9921	5.2394e-010
9922	5.3486e-010
9923	5.4436e-010
9924	5.5909e-010
9925	5.7243e-010
9926	5.8551e-010
9927	5.9809e-010
9928	6.1128e-010
9929	6.2529e-010
9930	6.3824e-010
9931	6.5361e-010
9932	6.6858e-010
9933	6.8365e-010
9934	6.9941e-010
9935	7.1544e-010
9936	7.3235e-010
9937	7.4663e-010
9938	7.6538e-010
9939	7.8251e-010
9940	8.0096e-010
9941	8.2192e-010
9942	8.4094e-010
9943	8.539e-010
9944	8.7002e-010
9945	9.0304e-010
9946	9.0486e-010
9947	8.7206e-010
9948	8.5602e-010
9949	8.4732e-010
9950	8.3045e-010
9951	8.0997e-010
9952	7.9287e-010
9953	7.7629e-010
9954	7.5402e-010
9955	7.4572e-010
9956	7.2913e-010
9957	7.1392e-010
9958	6.9944e-010
9959	6.851e-010
9960	6.7024e-010
9961	6.5058e-010
9962	6.4221e-010
9963	6.2935e-010
9964	6.1791e-010
9965	6.0963e-010
9966	6.0009e-010
9967	5.8892e-010
9968	5.5058e-010
9969	5.6905e-010
9970	5.5945e-010
9971	5.5478e-010
9972	5.0579e-010
9973	5.2856e-010
9974	5.2839e-010
9975	4.7632e-010
9976	4.7475e-010
9977	5.0727e-010
9978	4.4522e-010
9979	4.6009e-010
9980	4.8645e-010
9981	4.295e-010
9982	4.8597e-010
9983	3.9032e-010
9984	4.3707e-010
9985	3.9176e-010
9986	3.6813e-010
9987	3.8694e-010
9988	3.492e-010
9989	3.754e-010
9990	3.3437e-010
9991	3.5046e-010
9992	3.1842e-010
9993	3.1968e-010
9994	3.0998e-010
9995	2.9287e-010
9996	3.3323e-010
9997	3.0984e-010
9998	3.233e-010
9999	2.6678e-010
10000	2.7068e-010
10001	3.1242e-010
10002	3.2385e-010
10003	3.3278e-010
10004	3.6268e-010
10005	5.442e-010
10006	8.7471e-010
10007	7.8594e-010
10008	6.4244e-010
10009	1.4493e-009
10010	1.5417e-009
10011	3.9261e-010
10012	1.9542e-010
10013	1.812e-010
10014	2.3175e-010
10015	2.6941e-010
10016	2.891e-010
10017	2.975e-010
10018	2.987e-010
10019	2.9525e-010
10020	2.9305e-010
10021	2.9038e-010
10022	2.8906e-010
10023	2.9325e-010
10024	2.9402e-010
10025	3.0145e-010
10026	3.0545e-010
10027	3.1285e-010
10028	3.2039e-010
10029	3.2708e-010
10030	3.364e-010
10031	3.4258e-010
10032	3.5268e-010
10033	3.5897e-010
10034	3.6888e-010
10035	3.76e-010
10036	3.8514e-010
10037	3.9424e-010
10038	4.0167e-010
10039	4.1342e-010
10040	4.1953e-010
10041	4.3188e-010
10042	4.406e-010
10043	4.4923e-010
10044	4.6182e-010
10045	4.7079e-010
10046	4.8075e-010
10047	4.9319e-010
10048	5.043e-010
10049	5.1248e-010
10050	5.2742e-010
10051	5.3843e-010
10052	5.51e-010
10053	5.6102e-010
10054	5.759e-010
10055	5.8872e-010
10056	6.0188e-010
10057	6.152e-010
10058	6.2912e-010
10059	6.4368e-010
10060	6.5705e-010
10061	6.7296e-010
10062	6.8812e-010
10063	7.0362e-010
10064	7.1973e-010
10065	7.3601e-010
10066	7.5414e-010
10067	7.6828e-010
10068	7.8833e-010
10069	8.053e-010
10070	8.2372e-010
10071	8.4415e-010
10072	8.6494e-010
10073	8.8057e-010
10074	8.9528e-010
10075	9.2826e-010
10076	9.3051e-010
10077	8.9734e-010
10078	8.8297e-010
10079	8.7122e-010
10080	8.5193e-010
10081	8.3223e-010
10082	8.1517e-010
10083	8.0026e-010
10084	7.7578e-010
10085	7.684e-010
10086	7.4873e-010
10087	7.3351e-010
10088	7.1847e-010
10089	7.0409e-010
10090	6.9064e-010
10091	6.7031e-010
10092	6.622e-010
10093	6.4772e-010
10094	6.3487e-010
10095	6.2225e-010
10096	6.1202e-010
10097	6.0937e-010
10098	5.7108e-010
10099	5.8749e-010
10100	5.6435e-010
10101	5.6862e-010
10102	5.299e-010
10103	5.409e-010
10104	5.3238e-010
10105	4.9759e-010
10106	4.89e-010
10107	5.0953e-010
10108	4.6895e-010
10109	4.6707e-010
10110	4.887e-010
10111	4.5582e-010
10112	4.8298e-010
10113	4.1606e-010
10114	4.355e-010
10115	3.9856e-010
10116	3.8174e-010
10117	3.8996e-010
10118	3.6324e-010
10119	3.7849e-010
10120	3.4682e-010
10121	3.5572e-010
10122	3.2655e-010
10123	3.2657e-010
10124	3.15e-010
10125	2.9936e-010
10126	3.363e-010
10127	3.2449e-010
10128	3.2659e-010
10129	2.7469e-010
10130	2.7577e-010
10131	3.1339e-010
10132	3.3453e-010
10133	3.5328e-010
10134	3.4824e-010
10135	5.1294e-010
10136	8.5244e-010
10137	8.4965e-010
10138	7.0225e-010
10139	1.3611e-009
10140	1.5956e-009
10141	3.9264e-010
10142	1.9547e-010
10143	1.8127e-010
10144	2.3184e-010
10145	2.6949e-010
10146	2.8916e-010
10147	2.9756e-010
10148	2.9876e-010
10149	2.9533e-010
10150	2.9315e-010
10151	2.905e-010
10152	2.8919e-010
10153	2.9335e-010
10154	2.941e-010
10155	3.0154e-010
10156	3.0555e-010
10157	3.1298e-010
10158	3.2053e-010
10159	3.2721e-010
10160	3.365e-010
10161	3.4263e-010
10162	3.5268e-010
10163	3.5895e-010
10164	3.6892e-010
10165	3.761e-010
10166	3.8533e-010
10167	3.9447e-010
10168	4.0187e-010
10169	4.1356e-010
10170	4.1958e-010
10171	4.3191e-010
10172	4.406e-010
10173	4.492e-010
10174	4.6187e-010
10175	4.7091e-010
10176	4.8088e-010
10177	4.9337e-010
10178	5.0456e-010
10179	5.1276e-010
10180	5.2766e-010
10181	5.3864e-010
10182	5.5126e-010
10183	5.613e-010
10184	5.7608e-010
10185	5.8881e-010
10186	6.0201e-010
10187	6.1542e-010
10188	6.2937e-010
10189	6.4389e-010
10190	6.5728e-010
10191	6.732e-010
10192	6.8839e-010
10193	7.0391e-010
10194	7.198e-010
10195	7.3603e-010
10196	7.5414e-010
10197	7.6808e-010
10198	7.8808e-010
10199	8.0512e-010
10200	8.2334e-010
10201	8.4377e-010
10202	8.6465e-010
10203	8.8023e-010
10204	8.9488e-010
10205	9.278e-010
10206	9.2998e-010
10207	8.9689e-010
10208	8.828e-010
10209	8.7104e-010
10210	8.5171e-010
10211	8.3209e-010
10212	8.1489e-010
10213	7.9995e-010
10214	7.7557e-010
10215	7.6831e-010
10216	7.4869e-010
10217	7.3349e-010
10218	7.1852e-010
10219	7.0426e-010
10220	6.908e-010
10221	6.7051e-010
10222	6.6247e-010
10223	6.4801e-010
10224	6.3511e-010
10225	6.2252e-010
10226	6.1228e-010
10227	6.0958e-010
10228	5.7145e-010
10229	5.8757e-010
10230	5.6441e-010
10231	5.6867e-010
10232	5.2991e-010
10233	5.4083e-010
10234	5.3223e-010
10235	4.9737e-010
10236	4.887e-010
10237	5.0909e-010
10238	4.6844e-010
10239	4.6652e-010
10240	4.8813e-010
10241	4.5526e-010
10242	4.8243e-010
10243	4.1556e-010
10244	4.3501e-010
10245	3.9808e-010
10246	3.8126e-010
10247	3.895e-010
10248	3.6273e-010
10249	3.7802e-010
10250	3.4632e-010
10251	3.5528e-010
10252	3.2613e-010
10253	3.2623e-010
10254	3.1476e-010
10255	2.9915e-010
10256	3.361e-010
10257	3.2428e-010
10258	3.2637e-010
10259	2.7451e-010
10260	2.7555e-010
10261	3.1317e-010
10262	3.3435e-010
10263	3.5305e-010
10264	3.4799e-010
10265	5.1261e-010
10266	8.5207e-010
10267	8.4952e-010
10268	7.0216e-010
10269	1.3608e-009
10270	1.5953e-009
10271	3.9752e-010
10272	1.6707e-010
10273	1.9238e-010
10274	2.3627e-010
10275	2.6683e-010
10276	2.8551e-010
10277	2.9259e-010
10278	2.9127e-010
10279	2.8717e-010
10280	2.8564e-010
10281	2.8262e-010
10282	2.8079e-010
10283	2.8525e-010
10284	2.8478e-010
10285	2.9326e-010
10286	2.968e-010
10287	3.0431e-010
10288	3.1142e-010
10289	3.1795e-010
10290	3.2733e-010
10291	3.328e-010
10292	3.4324e-010
10293	3.4843e-010
10294	3.5902e-010
10295	3.6528e-010
10296	3.7474e-010
10297	3.8423e-010
10298	3.8984e-010
10299	4.0302e-010
10300	4.067e-010
10301	4.204e-010
10302	4.2858e-010
10303	4.3587e-010
10304	4.497e-010
10305	4.575e-010
10306	4.6663e-010
10307	4.8038e-010
10308	4.9063e-010
10309	4.9741e-010
10310	5.1288e-010
10311	5.2447e-010
10312	5.3552e-010
10313	5.451e-010
10314	5.5957e-010
10315	5.7277e-010
10316	5.8581e-010
10317	5.9836e-010
10318	6.1158e-010
10319	6.2539e-010
10320	6.3857e-010
10321	6.5408e-010
10322	6.6905e-010
10323	6.8421e-010
10324	6.9965e-010
10325	7.1541e-010
10326	7.3235e-010
10327	7.4623e-010
10328	7.6502e-010
10329	7.8208e-010
10330	8.0026e-010
10331	8.2099e-010
10332	8.4027e-010
10333	8.5365e-010
10334	8.6928e-010
10335	9.0239e-010
10336	9.0405e-010
10337	8.711e-010
10338	8.5598e-010
10339	8.4714e-010
10340	8.3009e-010
10341	8.0965e-010
10342	7.9215e-010
10343	7.7589e-010
10344	7.5385e-010
10345	7.4585e-010
10346	7.2905e-010
10347	7.1366e-010
10348	6.9924e-010
10349	6.8537e-010
10350	6.7081e-010
10351	6.5112e-010
10352	6.4268e-010
10353	6.2959e-010
10354	6.1805e-010
10355	6.0991e-010
10356	6.0038e-010
10357	5.8972e-010
10358	5.5023e-010
10359	5.6966e-010
10360	5.5959e-010
10361	5.5503e-010
10362	5.0595e-010
10363	5.2864e-010
10364	5.2832e-010
10365	4.7615e-010
10366	4.7446e-010
10367	5.0675e-010
10368	4.4459e-010
10369	4.5932e-010
10370	4.8556e-010
10371	4.2856e-010
10372	4.8493e-010
10373	3.8939e-010
10374	4.3601e-010
10375	3.9063e-010
10376	3.6697e-010
10377	3.8581e-010
10378	3.4805e-010
10379	3.7435e-010
10380	3.3336e-010
10381	3.4958e-010
10382	3.1754e-010
10383	3.1896e-010
10384	3.0943e-010
10385	2.9241e-010
10386	3.3282e-010
10387	3.0943e-010
10388	3.2291e-010
10389	2.6646e-010
10390	2.7031e-010
10391	3.1209e-010
10392	3.236e-010
10393	3.3241e-010
10394	3.6215e-010
10395	5.4349e-010
10396	8.7392e-010
10397	7.8559e-010
10398	6.4205e-010
10399	1.4483e-009
10400	1.5411e-009
10401	3.9277e-010
10402	1.9554e-010
10403	1.8134e-010
10404	2.3197e-010
10405	2.6963e-010
10406	2.893e-010
10407	2.9766e-010
10408	2.9881e-010
10409	2.9535e-010
10410	2.9317e-010
10411	2.9055e-010
10412	2.8925e-010
10413	2.9341e-010
10414	2.9417e-010
10415	3.0164e-010
10416	3.0573e-010
10417	3.1316e-010
10418	3.2065e-010
10419	3.2734e-010
10420	3.3673e-010
10421	3.429e-010
10422	3.5285e-010
10423	3.5903e-010
10424	3.6891e-010
10425	3.761e-010
10426	3.8541e-010
10427	3.9463e-010
10428	4.021e-010
10429	4.1381e-010
10430	4.1986e-010
10431	4.3217e-010
10432	4.4093e-010
10433	4.4967e-010
10434	4.6212e-010
10435	4.7098e-010
10436	4.8099e-010
10437	4.9354e-010
10438	5.0474e-010
10439	5.1299e-010
10440	5.2793e-010
10441	5.3888e-010
10442	5.5139e-010
10443	5.6148e-010
10444	5.7639e-010
10445	5.8921e-010
10446	6.0239e-010
10447	6.1563e-010
10448	6.2944e-010
10449	6.441e-010
10450	6.5764e-010
10451	6.7338e-010
10452	6.8857e-010
10453	7.041e-010
10454	7.2004e-010
10455	7.3626e-010
10456	7.5418e-010
10457	7.6789e-010
10458	7.8809e-010
10459	8.0522e-010
10460	8.2337e-010
10461	8.4333e-010
10462	8.6412e-010
10463	8.798e-010
10464	8.9468e-010
10465	9.2796e-010
10466	9.2979e-010
10467	8.9655e-010
10468	8.8244e-010
10469	8.7067e-010
10470	8.516e-010
10471	8.3204e-010
10472	8.1479e-010
10473	8.0026e-010
10474	7.7568e-010
10475	7.6846e-010
10476	7.4891e-010
10477	7.3379e-010
10478	7.1874e-010
10479	7.0444e-010
10480	6.9094e-010
10481	6.7057e-010
10482	6.6253e-010
10483	6.4805e-010
10484	6.3507e-010
10485	6.2258e-010
10486	6.1246e-010
10487	6.0743e-010
10488	5.7223e-010
10489	5.8521e-010
10490	5.6451e-010
10491	5.6875e-010
10492	5.2984e-010
10493	5.4077e-010
10494	5.3214e-010
10495	4.9715e-010
10496	4.8846e-010
10497	5.0888e-010
10498	4.6809e-010
10499	4.6614e-010
10500	4.8776e-010
10501	4.5477e-010
10502	4.8194e-010
10503	4.1503e-010
10504	4.3465e-010
10505	3.9767e-010
10506	3.8076e-010
10507	3.89e-010
10508	3.6226e-010
10509	3.7758e-010
10510	3.4593e-010
10511	3.5493e-010
10512	3.2585e-010
10513	3.2599e-010
10514	3.1454e-010
10515	2.9895e-010
10516	3.3586e-010
10517	3.2397e-010
10518	3.2621e-010
10519	2.7428e-010
10520	2.7539e-010
10521	3.1306e-010
10522	3.3406e-010
10523	3.5285e-010
10524	3.4764e-010
10525	5.1237e-010
10526	8.5202e-010
10527	8.4949e-010
10528	7.0211e-010
10529	1.3602e-009
10530	1.5948e-009
10531	3.9277e-010
10532	1.9554e-010
10533	1.8134e-010
10534	2.3197e-010
10535	2.6963e-010
10536	2.893e-010
10537	2.9766e-010
10538	2.9881e-010
10539	2.9535e-010
10540	2.9317e-010
10541	2.9055e-010
10542	2.8925e-010
10543	2.9341e-010
10544	2.9417e-010
10545	3.0164e-010
10546	3.0573e-010
10547	3.1316e-010
10548	3.2065e-010
10549	3.2734e-010
10550	3.3673e-010
10551	3.429e-010
10552	3.5285e-010
10553	3.5903e-010
10554	3.6891e-010
10555	3.761e-010
10556	3.8541e-010
10557	3.9463e-010
10558	4.021e-010
10559	4.1381e-010
10560	4.1986e-010
10561	4.3217e-010
10562	4.4094e-010
10563	4.4967e-010
10564	4.6212e-010
10565	4.7098e-010
10566	4.8099e-010
10567	4.9354e-010
10568	5.0474e-010
10569	5.1299e-010
10570	5.2793e-010
10571	5.3888e-010
10572	5.5139e-010
10573	5.6148e-010
10574	5.7639e-010
10575	5.8921e-010
10576	6.0239e-010
10577	6.1563e-010
10578	6.2944e-010
10579	6.441e-010
10580	6.5764e-010
10581	6.7338e-010
10582	6.8857e-010
10583	7.041e-010
10584	7.2004e-010
10585	7.3626e-010
10586	7.5418e-010
10587	7.6789e-010
10588	7.8809e-010
10589	8.0522e-010
10590	8.2337e-010
10591	8.4333e-010
10592	8.6412e-010
10593	8.798e-010
10594	8.9468e-010
10595	9.2796e-010
10596	9.2979e-010
10597	8.9655e-010
10598	8.8244e-010
10599	8.7067e-010
10600	8.516e-010
10601	8.3204e-010
10602	8.1479e-010
10603	8.0026e-010
10604	7.7568e-010
10605	7.6846e-010
10606	7.4891e-010
10607	7.3379e-010
10608	7.1874e-010
10609	7.0445e-010
10610	6.9093e-010
10611	6.7059e-010
10612	6.6253e-010
10613	6.4805e-010
10614	6.3508e-010
10615	6.2251e-010
10616	6.1242e-010
10617	6.0759e-010
10618	5.702e-010
10619	5.8528e-010
10620	5.645e-010
10621	5.6868e-010
10622	5.2985e-010
10623	5.4077e-010
10624	5.3214e-010
10625	4.9715e-010
10626	4.8846e-010
10627	5.0888e-010
10628	4.6809e-010
10629	4.6614e-010
10630	4.8776e-010
10631	4.5477e-010
10632	4.8194e-010
10633	4.1503e-010
10634	4.3465e-010
10635	3.9767e-010
10636	3.8076e-010
10637	3.89e-010
10638	3.6226e-010
10639	3.7758e-010
10640	3.4593e-010
10641	3.5493e-010
10642	3.2585e-010
10643	3.2599e-010
10644	3.1454e-010
10645	2.9895e-010
10646	3.3586e-010
10647	3.2397e-010
10648	3.2621e-010
10649	2.7428e-010
10650	2.7539e-010
10651	3.1306e-010
10652	3.3406e-010
10653	3.5285e-010
10654	3.4764e-010
10655	5.1237e-010
10656	8.5202e-010
10657	8.4949e-010
10658	7.0211e-010
10659	1.3602e-009
10660	1.5948e-009
10661	3.9752e-010
10662	1.6707e-010
10663	1.9238e-010
10664	2.3627e-010
10665	2.6683e-010
10666	2.8551e-010
10667	2.9259e-010
10668	2.9127e-010
10669	2.8717e-010
10670	2.8564e-010
10671	2.8262e-010
10672	2.8079e-010
10673	2.8525e-010
10674	2.8478e-010
10675	2.9326e-010
10676	2.968e-010
10677	3.0431e-010
10678	3.1142e-010
10679	3.1795e-010
10680	3.2733e-010
10681	3.328e-010
10682	3.4324e-010
10683	3.4843e-010
10684	3.5902e-010
10685	3.6528e-010
10686	3.7474e-010
10687	3.8423e-010
10688	3.8984e-010
10689	4.0302e-010
10690	4.067e-010
10691	4.204e-010
10692	4.2857e-010
10693	4.3587e-010
10694	4.497e-010
10695	4.575e-010
10696	4.6663e-010
10697	4.8038e-010
10698	4.9063e-010
10699	4.9741e-010
10700	5.1288e-010
10701	5.2447e-010
10702	5.3552e-010
10703	5.451e-010
10704	5.5957e-010
10705	5.7277e-010
10706	5.8581e-010
10707	5.9836e-010
10708	6.1158e-010
10709	6.2539e-010
10710	6.3857e-010
10711	6.5408e-010
10712	6.6905e-010
10713	6.8421e-010
10714	6.9965e-010
10715	7.1541e-010
10716	7.3235e-010
10717	7.4623e-010
10718	7.6502e-010
10719	7.8208e-010
10720	8.0026e-010
10721	8.2099e-010
10722	8.4027e-010
10723	8.5365e-010
10724	8.6928e-010
10725	9.0239e-010
10726	9.0405e-010
10727	8.711e-010
10728	8.5598e-010
10729	8.4714e-010
10730	8.3009e-010
10731	8.0965e-010
10732	7.9215e-010
10733	7.7589e-010
10734	7.5385e-010
10735	7.4585e-010
10736	7.2905e-010
10737	7.1366e-010
10738	6.9925e-010
10739	6.8537e-010
10740	6.7082e-010
10741	6.5116e-010
10742	6.4269e-010
10743	6.2958e-010
10744	6.1804e-010
10745	6.0991e-010
10746	6.0016e-010
10747	5.8917e-010
10748	5.4827e-010
10749	5.6898e-010
10750	5.5941e-010
10751	5.5501e-010
10752	5.0596e-010
10753	5.2864e-010
10754	5.2832e-010
10755	4.7615e-010
10756	4.7446e-010
10757	5.0675e-010
10758	4.4459e-010
10759	4.5932e-010
10760	4.8556e-010
10761	4.2855e-010
10762	4.8493e-010
10763	3.8939e-010
10764	4.3601e-010
10765	3.9063e-010
10766	3.6697e-010
10767	3.858e-010
10768	3.4805e-010
10769	3.7435e-010
10770	3.3336e-010
10771	3.4958e-010
10772	3.1754e-010
10773	3.1896e-010
10774	3.0943e-010
10775	2.9241e-010
10776	3.3282e-010
10777	3.0943e-010
10778	3.2291e-010
10779	2.6646e-010
10780	2.7031e-010
10781	3.1209e-010
10782	3.236e-010
10783	3.3241e-010
10784	3.6215e-010
10785	5.4349e-010
10786	8.7393e-010
10787	7.8559e-010
10788	6.4205e-010
10789	1.4483e-009
10790	1.5411e-009
10791	3.9264e-010
10792	1.9547e-010
10793	1.8127e-010
10794	2.3184e-010
10795	2.6949e-010
10796	2.8916e-010
10797	2.9756e-010
10798	2.9876e-010
10799	2.9533e-010
10800	2.9315e-010
10801	2.905e-010
10802	2.8919e-010
10803	2.9335e-010
10804	2.941e-010
10805	3.0154e-010
10806	3.0555e-010
10807	3.1298e-010
10808	3.2053e-010
10809	3.2721e-010
10810	3.365e-010
10811	3.4263e-010
10812	3.5268e-010
10813	3.5895e-010
10814	3.6892e-010
10815	3.761e-010
10816	3.8533e-010
10817	3.9447e-010
10818	4.0187e-010
10819	4.1356e-010
10820	4.1958e-010
10821	4.3191e-010
10822	4.406e-010
10823	4.492e-010
10824	4.6187e-010
10825	4.7091e-010
10826	4.8088e-010
10827	4.9337e-010
10828	5.0456e-010
10829	5.1276e-010
10830	5.2767e-010
10831	5.3864e-010
10832	5.5126e-010
10833	5.613e-010
10834	5.7608e-010
10835	5.8881e-010
10836	6.0201e-010
10837	6.1542e-010
10838	6.2937e-010
10839	6.4388e-010
10840	6.5728e-010
10841	6.732e-010
10842	6.8839e-010
10843	7.0391e-010
10844	7.198e-010
10845	7.3603e-010
10846	7.5414e-010
10847	7.6808e-010
10848	7.8808e-010
10849	8.0512e-010
10850	8.2334e-010
10851	8.4377e-010
10852	8.6465e-010
10853	8.8023e-010
10854	8.9488e-010
10855	9.278e-010
10856	9.2998e-010
10857	8.9689e-010
10858	8.828e-010
10859	8.7104e-010
10860	8.5171e-010
10861	8.3209e-010
10862	8.1489e-010
10863	7.9995e-010
10864	7.7557e-010
10865	7.6831e-010
10866	7.4869e-010
10867	7.3349e-010
10868	7.1853e-010
10869	7.0424e-010
10870	6.9084e-010
10871	6.7043e-010
10872	6.625e-010
10873	6.4798e-010
10874	6.3512e-010
10875	6.2245e-010
10876	6.1217e-010
10877	6.0955e-010
10878	5.689e-010
10879	5.8736e-010
10880	5.6434e-010
10881	5.6862e-010
10882	5.299e-010
10883	5.4084e-010
10884	5.3223e-010
10885	4.9736e-010
10886	4.8869e-010
10887	5.0909e-010
10888	4.6844e-010
10889	4.6651e-010
10890	4.8813e-010
10891	4.5526e-010
10892	4.8243e-010
10893	4.1556e-010
10894	4.3501e-010
10895	3.9808e-010
10896	3.8126e-010
10897	3.895e-010
10898	3.6273e-010
10899	3.7802e-010
10900	3.4632e-010
10901	3.5528e-010
10902	3.2613e-010
10903	3.2623e-010
10904	3.1476e-010
10905	2.9915e-010
10906	3.361e-010
10907	3.2428e-010
10908	3.2638e-010
10909	2.7451e-010
10910	2.7555e-010
10911	3.1317e-010
10912	3.3435e-010
10913	3.5305e-010
10914	3.4799e-010
10915	5.1261e-010
10916	8.5207e-010
10917	8.4952e-010
10918	7.0216e-010
10919	1.3608e-009
10920	1.5953e-009
10921	3.9261e-010
10922	1.9542e-010
10923	1.812e-010
10924	2.3175e-010
10925	2.6941e-010
10926	2.891e-010
10927	2.975e-010
10928	2.987e-010
10929	2.9525e-010
10930	2.9305e-010
10931	2.9038e-010
10932	2.8906e-010
10933	2.9325e-010
10934	2.9402e-010
10935	3.0145e-010
10936	3.0545e-010
10937	3.1285e-010
10938	3.2039e-010
10939	3.2708e-010
10940	3.364e-010
10941	3.4258e-010
10942	3.5268e-010
10943	3.5897e-010
10944	3.6888e-010
10945	3.76e-010
10946	3.8514e-010
10947	3.9424e-010
10948	4.0167e-010
10949	4.1342e-010
10950	4.1953e-010
10951	4.3188e-010
10952	4.406e-010
10953	4.4923e-010
10954	4.6182e-010
10955	4.7079e-010
10956	4.8074e-010
10957	4.9319e-010
10958	5.0431e-010
10959	5.1247e-010
10960	5.2743e-010
10961	5.3843e-010
10962	5.51e-010
10963	5.6102e-010
10964	5.759e-010
10965	5.8872e-010
10966	6.0188e-010
10967	6.152e-010
10968	6.2912e-010
10969	6.4368e-010
10970	6.5705e-010
10971	6.7296e-010
10972	6.8812e-010
10973	7.0362e-010
10974	7.1973e-010
10975	7.3601e-010
10976	7.5414e-010
10977	7.6828e-010
10978	7.8833e-010
10979	8.053e-010
10980	8.2372e-010
10981	8.4415e-010
10982	8.6494e-010
10983	8.8057e-010
10984	8.9528e-010
10985	9.2826e-010
10986	9.3051e-010
10987	8.9734e-010
10988	8.8297e-010
10989	8.7122e-010
10990	8.5193e-010
10991	8.3223e-010
10992	8.1517e-010
10993	8.0026e-010
10994	7.7578e-010
10995	7.684e-010
10996	7.4873e-010
10997	7.3351e-010
10998	7.1848e-010
10999	7.0405e-010
11000	6.9073e-010
11001	6.6989e-010
11002	6.6228e-010
11003	6.4767e-010
11004	6.349e-010
11005	6.221e-010
11006	6.1212e-010
11007	6.0883e-010
11008	5.6865e-010
11009	5.8677e-010
11010	5.6449e-010
11011	5.6856e-010
11012	5.2955e-010
11013	5.4096e-010
11014	5.3238e-010
11015	4.9757e-010
11016	4.89e-010
11017	5.0953e-010
11018	4.6895e-010
11019	4.6706e-010
11020	4.887e-010
11021	4.5582e-010
11022	4.8298e-010
11023	4.1606e-010
11024	4.3549e-010
11025	3.9855e-010
11026	3.8174e-010
11027	3.8996e-010
11028	3.6324e-010
11029	3.7849e-010
11030	3.4682e-010
11031	3.5571e-010
11032	3.2655e-010
11033	3.2657e-010
11034	3.15e-010
11035	2.9936e-010
11036	3.363e-010
11037	3.2449e-010
11038	3.2659e-010
11039	2.7469e-010
11040	2.7577e-010
11041	3.1339e-010
11042	3.3453e-010
11043	3.5328e-010
11044	3.4824e-010
11045	5.1294e-010
11046	8.5244e-010
11047	8.4965e-010
11048	7.0225e-010
11049	1.3611e-009
11050	1.5956e-009
11051	3.9742e-010
11052	1.6697e-010
11053	1.9216e-010
11054	2.3595e-010
11055	2.6651e-010
11056	2.852e-010
11057	2.923e-010
11058	2.9102e-010
11059	2.8694e-010
11060	2.8541e-010
11061	2.8238e-010
11062	2.8053e-010
11063	2.8498e-010
11064	2.8448e-010
11065	2.9292e-010
11066	2.9643e-010
11067	3.0397e-010
11068	3.1117e-010
11069	3.1773e-010
11070	3.2706e-010
11071	3.3251e-010
11072	3.4304e-010
11073	3.4828e-010
11074	3.5887e-010
11075	3.6504e-010
11076	3.7431e-010
11077	3.8368e-010
11078	3.8928e-010
11079	4.0255e-010
11080	4.064e-010
11081	4.2024e-010
11082	4.2852e-010
11083	4.358e-010
11084	4.4952e-010
11085	4.5723e-010
11086	4.6638e-010
11087	4.8008e-010
11088	4.9025e-010
11089	4.9696e-010
11090	5.1247e-010
11091	5.2396e-010
11092	5.3485e-010
11093	5.4436e-010
11094	5.5909e-010
11095	5.7243e-010
11096	5.8551e-010
11097	5.9809e-010
11098	6.1128e-010
11099	6.2529e-010
11100	6.3824e-010
11101	6.5361e-010
11102	6.6858e-010
11103	6.8365e-010
11104	6.9941e-010
11105	7.1544e-010
11106	7.3235e-010
11107	7.4663e-010
11108	7.6538e-010
11109	7.8251e-010
11110	8.0096e-010
11111	8.2192e-010
11112	8.4094e-010
11113	8.539e-010
11114	8.7002e-010
11115	9.0304e-010
11116	9.0486e-010
11117	8.7206e-010
11118	8.5602e-010
11119	8.4732e-010
11120	8.3045e-010
11121	8.0997e-010
11122	7.9287e-010
11123	7.763e-010
11124	7.5402e-010
11125	7.4572e-010
11126	7.2914e-010
11127	7.1392e-010
11128	6.9948e-010
11129	6.8508e-010
11130	6.7005e-010
11131	6.5118e-010
11132	6.4206e-010
11133	6.2934e-010
11134	6.1794e-010
11135	6.0976e-010
11136	5.9985e-010
11137	5.8691e-010
11138	5.5146e-010
11139	5.67e-010
11140	5.5922e-010
11141	5.5495e-010
11142	5.0569e-010
11143	5.2864e-010
11144	5.2837e-010
11145	4.7634e-010
11146	4.7474e-010
11147	5.0727e-010
11148	4.4522e-010
11149	4.6009e-010
11150	4.8645e-010
11151	4.295e-010
11152	4.8597e-010
11153	3.9032e-010
11154	4.3707e-010
11155	3.9176e-010
11156	3.6813e-010
11157	3.8694e-010
11158	3.492e-010
11159	3.754e-010
11160	3.3437e-010
11161	3.5046e-010
11162	3.1842e-010
11163	3.1968e-010
11164	3.0998e-010
11165	2.9287e-010
11166	3.3323e-010
11167	3.0984e-010
11168	3.2329e-010
11169	2.6678e-010
11170	2.7068e-010
11171	3.1242e-010
11172	3.2385e-010
11173	3.3278e-010
11174	3.6268e-010
11175	5.442e-010
11176	8.7471e-010
11177	7.8594e-010
11178	6.4244e-010
11179	1.4493e-009
11180	1.5417e-009
11181	3.9261e-010
11182	1.9542e-010
11183	1.812e-010
11184	2.3175e-010
11185	2.6941e-010
11186	2.891e-010
11187	2.975e-010
11188	2.987e-010
11189	2.9525e-010
11190	2.9305e-010
11191	2.9038e-010
11192	2.8906e-010
11193	2.9325e-010
11194	2.9402e-010
11195	3.0145e-010
11196	3.0545e-010
11197	3.1285e-010
11198	3.2039e-010
11199	3.2708e-010
11200	3.364e-010
11201	3.4258e-010
11202	3.5268e-010
11203	3.5897e-010
11204	3.6888e-010
11205	3.76e-010
11206	3.8514e-010
11207	3.9424e-010
11208	4.0167e-010
11209	4.1342e-010
11210	4.1953e-010
11211	4.3188e-010
11212	4.406e-010
11213	4.4923e-010
11214	4.6182e-010
11215	4.7079e-010
11216	4.8074e-010
11217	4.9319e-010
11218	5.0431e-010
11219	5.1247e-010
11220	5.2743e-010
11221	5.3843e-010
11222	5.51e-010
11223	5.6102e-010
11224	5.759e-010
11225	5.8872e-010
11226	6.0188e-010
11227	6.152e-010
11228	6.2912e-010
11229	6.4368e-010
11230	6.5705e-010
11231	6.7296e-010
11232	6.8812e-010
11233	7.0362e-010
11234	7.1973e-010
11235	7.3601e-010
11236	7.5414e-010
11237	7.6828e-010
11238	7.8833e-010
11239	8.053e-010
11240	8.2372e-010
11241	8.4415e-010
11242	8.6494e-010
11243	8.8057e-010
11244	8.9528e-010
11245	9.2826e-010
11246	9.3051e-010
11247	8.9734e-010
11248	8.8297e-010
11249	8.7122e-010
11250	8.5193e-010
11251	8.3223e-010
11252	8.1517e-010
11253	8.0026e-010
11254	7.7578e-010
11255	7.684e-010
11256	7.4874e-010
11257	7.3351e-010
11258	7.1855e-010
11259	7.0401e-010
11260	6.9038e-010
11261	6.7102e-010
11262	6.6198e-010
11263	6.4767e-010
11264	6.3492e-010
11265	6.2232e-010
11266	6.1193e-010
11267	6.0847e-010
11268	5.7097e-010
11269	5.8649e-010
11270	5.6403e-010
11271	5.7146e-010
11272	5.2793e-010
11273	5.4349e-010
11274	5.3217e-010
11275	4.9754e-010
11276	4.8899e-010
11277	5.0953e-010
11278	4.6895e-010
11279	4.6707e-010
11280	4.887e-010
11281	4.5582e-010
11282	4.8298e-010
11283	4.1606e-010
11284	4.355e-010
11285	3.9855e-010
11286	3.8174e-010
11287	3.8996e-010
11288	3.6324e-010
11289	3.7849e-010
11290	3.4682e-010
11291	3.5572e-010
11292	3.2655e-010
11293	3.2657e-010
11294	3.15e-010
11295	2.9936e-010
11296	3.363e-010
11297	3.2449e-010
11298	3.2659e-010
11299	2.7469e-010
11300	2.7577e-010
11301	3.1339e-010
11302	3.3453e-010
11303	3.5328e-010
11304	3.4824e-010
11305	5.1294e-010
11306	8.5244e-010
11307	8.4965e-010
11308	7.0225e-010
11309	1.3611e-009
11310	1.5956e-009
11311	3.9264e-010
11312	1.9547e-010
11313	1.8127e-010
11314	2.3184e-010
11315	2.6949e-010
11316	2.8916e-010
11317	2.9756e-010
11318	2.9876e-010
11319	2.9533e-010
11320	2.9315e-010
11321	2.905e-010
11322	2.8919e-010
11323	2.9335e-010
11324	2.941e-010
11325	3.0154e-010
11326	3.0555e-010
11327	3.1298e-010
11328	3.2053e-010
11329	3.2721e-010
11330	3.365e-010
11331	3.4263e-010
11332	3.5268e-010
11333	3.5895e-010
11334	3.6892e-010
11335	3.7611e-010
11336	3.8533e-010
11337	3.9447e-010
11338	4.0187e-010
11339	4.1356e-010
11340	4.1958e-010
11341	4.3191e-010
11342	4.406e-010
11343	4.492e-010
11344	4.6187e-010
11345	4.7091e-010
11346	4.8088e-010
11347	4.9337e-010
11348	5.0456e-010
11349	5.1276e-010
11350	5.2767e-010
11351	5.3864e-010
11352	5.5126e-010
11353	5.613e-010
11354	5.7607e-010
11355	5.8881e-010
11356	6.0201e-010
11357	6.1542e-010
11358	6.2937e-010
11359	6.4389e-010
11360	6.5728e-010
11361	6.732e-010
11362	6.8839e-010
11363	7.0391e-010
11364	7.198e-010
11365	7.3603e-010
11366	7.5414e-010
11367	7.6808e-010
11368	7.8808e-010
11369	8.0512e-010
11370	8.2334e-010
11371	8.4377e-010
11372	8.6465e-010
11373	8.8023e-010
11374	8.9488e-010
11375	9.278e-010
11376	9.2998e-010
11377	8.9689e-010
11378	8.828e-010
11379	8.7104e-010
11380	8.5171e-010
11381	8.3209e-010
11382	8.1489e-010
11383	7.9995e-010
11384	7.7557e-010
11385	7.6831e-010
11386	7.4869e-010
11387	7.3349e-010
11388	7.1859e-010
11389	7.0419e-010
11390	6.9063e-010
11391	6.7108e-010
11392	6.6233e-010
11393	6.4794e-010
11394	6.3517e-010
11395	6.2246e-010
11396	6.1244e-010
11397	6.0921e-010
11398	5.7159e-010
11399	5.871e-010
11400	5.643e-010
11401	5.728e-010
11402	5.2841e-010
11403	5.4471e-010
11404	5.3202e-010
11405	4.9728e-010
11406	4.887e-010
11407	5.0909e-010
11408	4.6845e-010
11409	4.6652e-010
11410	4.8813e-010
11411	4.5526e-010
11412	4.8243e-010
11413	4.1556e-010
11414	4.3501e-010
11415	3.9808e-010
11416	3.8126e-010
11417	3.895e-010
11418	3.6273e-010
11419	3.7802e-010
11420	3.4632e-010
11421	3.5528e-010
11422	3.2613e-010
11423	3.2623e-010
11424	3.1476e-010
11425	2.9915e-010
11426	3.361e-010
11427	3.2428e-010
11428	3.2637e-010
11429	2.7451e-010
11430	2.7555e-010
11431	3.1317e-010
11432	3.3435e-010
11433	3.5305e-010
11434	3.4799e-010
11435	5.1261e-010
11436	8.5207e-010
11437	8.4952e-010
11438	7.0216e-010
11439	1.3608e-009
11440	1.5953e-009
11441	3.9752e-010
11442	1.6707e-010
11443	1.9238e-010
11444	2.3627e-010
11445	2.6683e-010
11446	2.8551e-010
11447	2.9259e-010
11448	2.9127e-010
11449	2.8717e-010
11450	2.8564e-010
11451	2.8262e-010
11452	2.8079e-010
11453	2.8525e-010
11454	2.8478e-010
11455	2.9326e-010
11456	2.968e-010
11457	3.0431e-010
11458	3.1142e-010
11459	3.1795e-010
11460	3.2733e-010
11461	3.328e-010
11462	3.4324e-010
11463	3.4843e-010
11464	3.5902e-010
11465	3.6528e-010
11466	3.7474e-010
11467	3.8423e-010
11468	3.8984e-010
11469	4.0302e-010
11470	4.067e-010
11471	4.204e-010
11472	4.2858e-010
11473	4.3587e-010
11474	4.497e-010
11475	4.575e-010
11476	4.6663e-010
11477	4.8038e-010
11478	4.9063e-010
11479	4.9741e-010
11480	5.1288e-010
11481	5.2447e-010
11482	5.3552e-010
11483	5.451e-010
11484	5.5957e-010
11485	5.7277e-010
11486	5.8581e-010
11487	5.9836e-010
11488	6.1158e-010
11489	6.2539e-010
11490	6.3858e-010
11491	6.5408e-010
11492	6.6905e-010
11493	6.8421e-010
11494	6.9965e-010
11495	7.1541e-010
11496	7.3235e-010
11497	7.4623e-010
11498	7.6502e-010
11499	7.8208e-010
11500	8.0026e-010
11501	8.2099e-010
11502	8.4027e-010
11503	8.5365e-010
11504	8.6928e-010
11505	9.0239e-010
11506	9.0405e-010
11507	8.711e-010
11508	8.5598e-010
11509	8.4714e-010
11510	8.3009e-010
11511	8.0965e-010
11512	7.9215e-010
11513	7.7589e-010
11514	7.5385e-010
11515	7.4585e-010
11516	7.2906e-010
11517	7.1367e-010
11518	6.9929e-010
11519	6.854e-010
11520	6.7055e-010
11521	6.5206e-010
11522	6.4247e-010
11523	6.2962e-010
11524	6.1808e-010
11525	6.0992e-010
11526	6.0044e-010
11527	5.8932e-010
11528	5.5067e-010
11529	5.692e-010
11530	5.5953e-010
11531	5.5975e-010
11532	5.0294e-010
11533	5.3307e-010
11534	5.2823e-010
11535	4.7605e-010
11536	4.7445e-010
11537	5.0675e-010
11538	4.446e-010
11539	4.5932e-010
11540	4.8556e-010
11541	4.2855e-010
11542	4.8493e-010
11543	3.8939e-010
11544	4.3601e-010
11545	3.9063e-010
11546	3.6697e-010
11547	3.858e-010
11548	3.4805e-010
11549	3.7435e-010
11550	3.3336e-010
11551	3.4958e-010
11552	3.1754e-010
11553	3.1896e-010
11554	3.0943e-010
11555	2.9241e-010
11556	3.3282e-010
11557	3.0943e-010
11558	3.2291e-010
11559	2.6646e-010
11560	2.7031e-010
11561	3.1209e-010
11562	3.236e-010
11563	3.3241e-010
11564	3.6215e-010
11565	5.4349e-010
11566	8.7393e-010
11567	7.8559e-010
11568	6.4205e-010
11569	1.4483e-009
11570	1.5411e-009
11571	3.9277e-010
11572	1.9554e-010
11573	1.8134e-010
11574	2.3197e-010
11575	2.6963e-010
11576	2.893e-010
11577	2.9766e-010
11578	2.9881e-010
11579	2.9535e-010
11580	2.9317e-010
11581	2.9055e-010
11582	2.8925e-010
11583	2.9341e-010
11584	2.9417e-010
11585	3.0164e-010
11586	3.0573e-010
11587	3.1316e-010
11588	3.2065e-010
11589	3.2734e-010
11590	3.3673e-010
11591	3.429e-010
11592	3.5285e-010
11593	3.5903e-010
11594	3.6891e-010
11595	3.761e-010
11596	3.8541e-010
11597	3.9463e-010
11598	4.021e-010
11599	4.1381e-010
11600	4.1986e-010
11601	4.3217e-010
11602	4.4093e-010
11603	4.4967e-010
11604	4.6212e-010
11605	4.7098e-010
11606	4.8098e-010
11607	4.9354e-010
11608	5.0475e-010
11609	5.1299e-010
11610	5.2793e-010
11611	5.3888e-010
11612	5.5139e-010
11613	5.6148e-010
11614	5.7639e-010
11615	5.8921e-010
11616	6.0239e-010
11617	6.1563e-010
11618	6.2944e-010
11619	6.441e-010
11620	6.5764e-010
11621	6.7338e-010
11622	6.8857e-010
11623	7.041e-010
11624	7.2004e-010
11625	7.3626e-010
11626	7.5418e-010
11627	7.6789e-010
11628	7.8809e-010
11629	8.0522e-010
11630	8.2337e-010
11631	8.4333e-010
11632	8.6412e-010
11633	8.798e-010
11634	8.9468e-010
11635	9.2796e-010
11636	9.2979e-010
11637	8.9655e-010
11638	8.8244e-010
11639	8.7067e-010
11640	8.516e-010
11641	8.3204e-010
11642	8.1479e-010
11643	8.0026e-010
11644	7.7568e-010
11645	7.6846e-010
11646	7.4892e-010
11647	7.3379e-010
11648	7.1879e-010
11649	7.0439e-010
11650	6.9079e-010
11651	6.7133e-010
11652	6.6242e-010
11653	6.4802e-010
11654	6.351e-010
11655	6.2251e-010
11656	6.1242e-010
11657	6.0978e-010
11658	5.7082e-010
11659	5.8755e-010
11660	5.6407e-010
11661	5.7337e-010
11662	5.2752e-010
11663	5.4512e-010
11664	5.3183e-010
11665	4.9708e-010
11666	4.8846e-010
11667	5.0888e-010
11668	4.6809e-010
11669	4.6614e-010
11670	4.8776e-010
11671	4.5477e-010
11672	4.8194e-010
11673	4.1503e-010
11674	4.3465e-010
11675	3.9767e-010
11676	3.8076e-010
11677	3.89e-010
11678	3.6226e-010
11679	3.7758e-010
11680	3.4593e-010
11681	3.5493e-010
11682	3.2585e-010
11683	3.2599e-010
11684	3.1454e-010
11685	2.9895e-010
11686	3.3586e-010
11687	3.2397e-010
11688	3.2621e-010
11689	2.7428e-010
11690	2.7539e-010
11691	3.1306e-010
11692	3.3406e-010
11693	3.5285e-010
11694	3.4764e-010
11695	5.1237e-010
11696	8.5202e-010
11697	8.4949e-010
11698	7.0211e-010
11699	1.3602e-009
11700	1.5948e-009
11701	3.9277e-010
11702	1.9554e-010
11703	1.8134e-010
11704	2.3197e-010
11705	2.6963e-010
11706	2.893e-010
11707	2.9766e-010
11708	2.9881e-010
11709	2.9535e-010
11710	2.9317e-010
11711	2.9055e-010
11712	2.8925e-010
11713	2.9341e-010
11714	2.9417e-010
11715	3.0164e-010
11716	3.0573e-010
11717	3.1316e-010
11718	3.2065e-010
11719	3.2734e-010
11720	3.3673e-010
11721	3.429e-010
11722	3.5285e-010
11723	3.5903e-010
11724	3.6891e-010
11725	3.761e-010
11726	3.8541e-010
11727	3.9463e-010
11728	4.021e-010
11729	4.1381e-010
11730	4.1986e-010
11731	4.3217e-010
11732	4.4093e-010
11733	4.4967e-010
11734	4.6212e-010
11735	4.7098e-010
11736	4.8098e-010
11737	4.9354e-010
11738	5.0475e-010
11739	5.1299e-010
11740	5.2794e-010
11741	5.3888e-010
11742	5.5139e-010
11743	5.6148e-010
11744	5.7639e-010
11745	5.8921e-010
11746	6.0238e-010
11747	6.1563e-010
11748	6.2944e-010
11749	6.441e-010
11750	6.5764e-010
11751	6.7338e-010
11752	6.8857e-010
11753	7.041e-010
11754	7.2004e-010
11755	7.3626e-010
11756	7.5418e-010
11757	7.6789e-010
11758	7.8809e-010
11759	8.0522e-010
11760	8.2337e-010
11761	8.4333e-010
11762	8.6412e-010
11763	8.798e-010
11764	8.9468e-010
11765	9.2796e-010
11766	9.2979e-010
11767	8.9655e-010
11768	8.8244e-010
11769	8.7067e-010
11770	8.516e-010
11771	8.3204e-010
11772	8.1479e-010
11773	8.0026e-010
11774	7.7568e-010
11775	7.6846e-010
11776	7.4892e-010
11777	7.3379e-010
11778	7.1876e-010
11779	7.0438e-010
11780	6.9106e-010
11781	6.7035e-010
11782	6.6266e-010
11783	6.4801e-010
11784	6.3508e-010
11785	6.2253e-010
11786	6.1242e-010
11787	6.0974e-010
11788	5.7121e-010
11789	5.8751e-010
11790	5.6406e-010
11791	5.7343e-010
11792	5.275e-010
11793	5.4515e-010
11794	5.3182e-010
11795	4.9708e-010
11796	4.8846e-010
11797	5.0888e-010
11798	4.6809e-010
11799	4.6614e-010
11800	4.8776e-010
11801	4.5477e-010
11802	4.8194e-010
11803	4.1504e-010
11804	4.3465e-010
11805	3.9767e-010
11806	3.8076e-010
11807	3.89e-010
11808	3.6226e-010
11809	3.7758e-010
11810	3.4593e-010
11811	3.5493e-010
11812	3.2585e-010
11813	3.2599e-010
11814	3.1454e-010
11815	2.9895e-010
11816	3.3586e-010
11817	3.2397e-010
11818	3.2621e-010
11819	2.7428e-010
11820	2.7539e-010
11821	3.1306e-010
11822	3.3406e-010
11823	3.5285e-010
11824	3.4764e-010
11825	5.1237e-010
11826	8.5202e-010
11827	8.4949e-010
11828	7.0211e-010
11829	1.3602e-009
11830	1.5948e-009
11831	3.9752e-010
11832	1.6707e-010
11833	1.9238e-010
11834	2.3627e-010
11835	2.6683e-010
11836	2.8551e-010
11837	2.9259e-010
11838	2.9127e-010
11839	2.8717e-010
11840	2.8564e-010
11841	2.8262e-010
11842	2.8079e-010
11843	2.8525e-010
11844	2.8478e-010
11845	2.9326e-010
11846	2.968e-010
11847	3.0431e-010
11848	3.1142e-010
11849	3.1795e-010
11850	3.2733e-010
11851	3.328e-010
11852	3.4325e-010
11853	3.4843e-010
11854	3.5902e-010
11855	3.6528e-010
11856	3.7474e-010
11857	3.8423e-010
11858	3.8984e-010
11859	4.0302e-010
11860	4.067e-010
11861	4.204e-010
11862	4.2857e-010
11863	4.3587e-010
11864	4.497e-010
11865	4.575e-010
11866	4.6663e-010
11867	4.8038e-010
11868	4.9063e-010
11869	4.9741e-010
11870	5.1288e-010
11871	5.2447e-010
11872	5.3552e-010
11873	5.451e-010
11874	5.5957e-010
11875	5.7277e-010
11876	5.8581e-010
11877	5.9836e-010
11878	6.1158e-010
11879	6.2539e-010
11880	6.3858e-010
11881	6.5408e-010
11882	6.6905e-010
11883	6.8421e-010
11884	6.9965e-010
11885	7.1541e-010
11886	7.3235e-010
11887	7.4623e-010
11888	7.6502e-010
11889	7.8208e-010
11890	8.0026e-010
11891	8.2099e-010
11892	8.4027e-010
11893	8.5365e-010
11894	8.6928e-010
11895	9.0239e-010
11896	9.0405e-010
11897	8.711e-010
11898	8.5598e-010
11899	8.4714e-010
11900	8.3009e-010
11901	8.0965e-010
11902	7.9215e-010
11903	7.7589e-010
11904	7.5385e-010
11905	7.4585e-010
11906	7.2905e-010
11907	7.1367e-010
11908	6.9924e-010
11909	6.8545e-010
11910	6.7051e-010
11911	6.5132e-010
11912	6.424e-010
11913	6.2965e-010
11914	6.1805e-010
11915	6.099e-010
11916	6.0051e-010
11917	5.8921e-010
11918	5.5079e-010
11919	5.6908e-010
11920	5.5961e-010
11921	5.5969e-010
11922	5.0295e-010
11923	5.3304e-010
11924	5.2825e-010
11925	4.7605e-010
11926	4.7446e-010
11927	5.0675e-010
11928	4.446e-010
11929	4.5932e-010
11930	4.8556e-010
11931	4.2855e-010
11932	4.8494e-010
11933	3.8939e-010
11934	4.3601e-010
11935	3.9063e-010
11936	3.6697e-010
11937	3.858e-010
11938	3.4805e-010
11939	3.7435e-010
11940	3.3336e-010
11941	3.4958e-010
11942	3.1754e-010
11943	3.1896e-010
11944	3.0943e-010
11945	2.9241e-010
11946	3.3282e-010
11947	3.0943e-010
11948	3.2291e-010
11949	2.6646e-010
11950	2.7031e-010
11951	3.1209e-010
11952	3.236e-010
11953	3.3241e-010
11954	3.6215e-010
11955	5.4349e-010
11956	8.7393e-010
11957	7.8559e-010
11958	6.4205e-010
11959	1.4483e-009
11960	1.5411e-009
11961	3.9264e-010
11962	1.9547e-010
11963	1.8127e-010
11964	2.3184e-010
11965	2.6949e-010
11966	2.8916e-010
11967	2.9756e-010
11968	2.9876e-010
11969	2.9533e-010
11970	2.9315e-010
11971	2.905e-010
11972	2.8919e-010
11973	2.9335e-010
11974	2.941e-010
11975	3.0154e-010
11976	3.0555e-010
11977	3.1298e-010
11978	3.2053e-010
11979	3.2721e-010
11980	3.365e-010
11981	3.4263e-010
11982	3.5268e-010
11983	3.5895e-010
11984	3.6892e-010
11985	3.7611e-010
11986	3.8533e-010
11987	3.9447e-010
11988	4.0187e-010
11989	4.1356e-010
11990	4.1958e-010
11991	4.3191e-010
11992	4.406e-010
11993	4.492e-010
11994	4.6187e-010
11995	4.7091e-010
11996	4.8088e-010
11997	4.9337e-010
11998	5.0456e-010
11999	5.1276e-010
12000	5.2767e-010
12001	5.3864e-010
12002	5.5126e-010
12003	5.613e-010
12004	5.7607e-010
12005	5.8881e-010
12006	6.0201e-010
12007	6.1542e-010
12008	6.2937e-010
12009	6.4389e-010
12010	6.5728e-010
12011	6.732e-010
12012	6.8839e-010
12013	7.0391e-010
12014	7.198e-010
12015	7.3603e-010
12016	7.5414e-010
12017	7.6808e-010
12018	7.8808e-010
12019	8.0512e-010
12020	8.2334e-010
12021	8.4377e-010
12022	8.6465e-010
12023	8.8023e-010
12024	8.9488e-010
12025	9.278e-010
12026	9.2998e-010
12027	8.9689e-010
12028	8.828e-010
12029	8.7104e-010
12030	8.5171e-010
12031	8.3209e-010
12032	8.1489e-010
12033	7.9995e-010
12034	7.7557e-010
12035	7.6831e-010
12036	7.4869e-010
12037	7.3349e-010
12038	7.1854e-010
12039	7.0422e-010
12040	6.9089e-010
12041	6.7016e-010
12042	6.6255e-010
12043	6.4797e-010
12044	6.3513e-010
12045	6.2253e-010
12046	6.1252e-010
12047	6.0713e-010
12048	5.735e-010
12049	5.8505e-010
12050	5.6426e-010
12051	5.7341e-010
12052	5.2758e-010
12053	5.4522e-010
12054	5.3191e-010
12055	4.9729e-010
12056	4.8869e-010
12057	5.091e-010
12058	4.6845e-010
12059	4.6652e-010
12060	4.8813e-010
12061	4.5526e-010
12062	4.8243e-010
12063	4.1556e-010
12064	4.3501e-010
12065	3.9808e-010
12066	3.8126e-010
12067	3.895e-010
12068	3.6273e-010
12069	3.7802e-010
12070	3.4632e-010
12071	3.5528e-010
12072	3.2613e-010
12073	3.2623e-010
12074	3.1476e-010
12075	2.9915e-010
12076	3.361e-010
12077	3.2428e-010
12078	3.2637e-010
12079	2.7451e-010
12080	2.7555e-010
12081	3.1317e-010
12082	3.3435e-010
12083	3.5305e-010
12084	3.4799e-010
12085	5.1261e-010
12086	8.5207e-010
12087	8.4952e-010
12088	7.0216e-010
12089	1.3608e-009
12090	1.5953e-009
12091	3.9261e-010
12092	1.9542e-010
12093	1.812e-010
12094	2.3175e-010
12095	2.6941e-010
12096	2.891e-010
12097	2.975e-010
12098	2.987e-010
12099	2.9525e-010
12100	2.9305e-010
12101	2.9038e-010
12102	2.8906e-010
12103	2.9325e-010
12104	2.9402e-010
12105	3.0145e-010
12106	3.0545e-010
12107	3.1285e-010
12108	3.2039e-010
12109	3.2708e-010
12110	3.364e-010
12111	3.4258e-010
12112	3.5268e-010
12113	3.5897e-010
12114	3.6888e-010
12115	3.76e-010
12116	3.8514e-010
12117	3.9424e-010
12118	4.0167e-010
12119	4.1342e-010
12120	4.1953e-010
12121	4.3188e-010
12122	4.406e-010
12123	4.4923e-010
12124	4.6182e-010
12125	4.7079e-010
12126	4.8074e-010
12127	4.9319e-010
12128	5.0431e-010
12129	5.1247e-010
12130	5.2743e-010
12131	5.3843e-010
12132	5.51e-010
12133	5.6102e-010
12134	5.759e-010
12135	5.8872e-010
12136	6.0188e-010
12137	6.152e-010
12138	6.2912e-010
12139	6.4368e-010
12140	6.5705e-010
12141	6.7296e-010
12142	6.8812e-010
12143	7.0362e-010
12144	7.1973e-010
12145	7.3601e-010
12146	7.5414e-010
12147	7.6828e-010
12148	7.8833e-010
12149	8.053e-010
12150	8.2372e-010
12151	8.4415e-010
12152	8.6494e-010
12153	8.8057e-010
12154	8.9528e-010
12155	9.2826e-010
12156	9.3051e-010
12157	8.9734e-010
12158	8.8297e-010
12159	8.7122e-010
12160	8.5193e-010
12161	8.3223e-010
12162	8.1517e-010
12163	8.0026e-010
12164	7.7578e-010
12165	7.684e-010
12166	7.4873e-010
12167	7.3351e-010
12168	7.1848e-010
12169	7.0407e-010
12170	6.9066e-010
12171	6.7022e-010
12172	6.6222e-010
12173	6.4772e-010
12174	6.3487e-010
12175	6.2239e-010
12176	6.1197e-010
12177	6.0658e-010
12178	5.722e-010
12179	5.8456e-010
12180	5.6393e-010
12181	5.7345e-010
12182	5.2756e-010
12183	5.453e-010
12184	5.3206e-010
12185	4.9751e-010
12186	4.8899e-010
12187	5.0953e-010
12188	4.6895e-010
12189	4.6707e-010
12190	4.887e-010
12191	4.5582e-010
12192	4.8298e-010
12193	4.1606e-010
12194	4.3549e-010
12195	3.9855e-010
12196	3.8174e-010
12197	3.8996e-010
12198	3.6324e-010
12199	3.7849e-010
12200	3.4682e-010
12201	3.5571e-010
12202	3.2655e-010
12203	3.2657e-010
12204	3.15e-010
12205	2.9936e-010
12206	3.363e-010
12207	3.2449e-010
12208	3.2659e-010
12209	2.7469e-010
12210	2.7577e-010
12211	3.1339e-010
12212	3.3453e-010
12213	3.5328e-010
12214	3.4824e-010
12215	5.1294e-010
12216	8.5244e-010
12217	8.4965e-010
12218	7.0225e-010
12219	1.3611e-009
12220	1.5956e-009
12221	3.9742e-010
12222	1.6697e-010
12223	1.9216e-010
12224	2.3595e-010
12225	2.6651e-010
12226	2.852e-010
12227	2.923e-010
12228	2.9102e-010
12229	2.8694e-010
12230	2.8541e-010
12231	2.8238e-010
12232	2.8053e-010
12233	2.8498e-010
12234	2.8448e-010
12235	2.9292e-010
12236	2.9643e-010
12237	3.0397e-010
12238	3.1117e-010
12239	3.1773e-010
12240	3.2706e-010
12241	3.3251e-010
12242	3.4304e-010
12243	3.4828e-010
12244	3.5887e-010
12245	3.6504e-010
12246	3.7431e-010
12247	3.8368e-010
12248	3.8928e-010
12249	4.0255e-010
12250	4.064e-010
12251	4.2024e-010
12252	4.2852e-010
12253	4.358e-010
12254	4.4952e-010
12255	4.5723e-010
12256	4.6638e-010
12257	4.8008e-010
12258	4.9026e-010
12259	4.9696e-010
12260	5.1247e-010
12261	5.2396e-010
12262	5.3485e-010
12263	5.4436e-010
12264	5.5909e-010
12265	5.7243e-010
12266	5.8551e-010
12267	5.9809e-010
12268	6.1128e-010
12269	6.2529e-010
12270	6.3824e-010
12271	6.5361e-010
12272	6.6858e-010
12273	6.8365e-010
12274	6.9941e-010
12275	7.1544e-010
12276	7.3235e-010
12277	7.4663e-010
12278	7.6538e-010
12279	7.8251e-010
12280	8.0096e-010
12281	8.2192e-010
12282	8.4094e-010
12283	8.539e-010
12284	8.7002e-010
12285	9.0304e-010
12286	9.0486e-010
12287	8.7206e-010
12288	8.5602e-010
12289	8.4732e-010
12290	8.3045e-010
12291	8.0997e-010
12292	7.9287e-010
12293	7.763e-010
12294	7.5403e-010
12295	7.4572e-010
12296	7.2913e-010
12297	7.1392e-010
12298	6.9944e-010
12299	6.8508e-010
12300	6.7032e-010
12301	6.5063e-010
12302	6.4229e-010
12303	6.2934e-010
12304	6.1791e-010
12305	6.0972e-010
12306	6.001e-010
12307	5.8672e-010
12308	5.5283e-010
12309	5.6676e-010
12310	5.5937e-010
12311	5.5955e-010
12312	5.0277e-010
12313	5.3297e-010
12314	5.2832e-010
12315	4.7622e-010
12316	4.7475e-010
12317	5.0727e-010
12318	4.4522e-010
12319	4.6009e-010
12320	4.8645e-010
12321	4.295e-010
12322	4.8597e-010
12323	3.9032e-010
12324	4.3707e-010
12325	3.9176e-010
12326	3.6813e-010
12327	3.8694e-010
12328	3.492e-010
12329	3.754e-010
12330	3.3437e-010
12331	3.5046e-010
12332	3.1842e-010
12333	3.1968e-010
12334	3.0998e-010
12335	2.9287e-010
12336	3.3323e-010
12337	3.0984e-010
12338	3.233e-010
12339	2.6678e-010
12340	2.7068e-010
12341	3.1242e-010
12342	3.2385e-010
12343	3.3278e-010
12344	3.6268e-010
12345	5.442e-010
12346	8.7471e-010
12347	7.8594e-010
12348	6.4244e-010
12349	1.4493e-009
12350	1.5417e-009
12351	3.9261e-010
12352	1.9542e-010
12353	1.812e-010
12354	2.3175e-010
12355	2.6941e-010
12356	2.891e-010
12357	2.975e-010
12358	2.987e-010
12359	2.9525e-010
12360	2.9305e-010
12361	2.9038e-010
12362	2.8906e-010
12363	2.9325e-010
12364	2.9402e-010
12365	3.0145e-010
12366	3.0545e-010
12367	3.1285e-010
12368	3.2039e-010
12369	3.2708e-010
12370	3.364e-010
12371	3.4258e-010
12372	3.5268e-010
12373	3.5897e-010
12374	3.6888e-010
12375	3.76e-010
12376	3.8514e-010
12377	3.9424e-010
12378	4.0167e-010
12379	4.1342e-010
12380	4.1953e-010
12381	4.3188e-010
12382	4.406e-010
12383	4.4923e-010
12384	4.6182e-010
12385	4.7079e-010
12386	4.8074e-010
12387	4.9319e-010
12388	5.0431e-010
12389	5.1247e-010
12390	5.2743e-010
12391	5.3843e-010
12392	5.51e-010
12393	5.6102e-010
12394	5.759e-010
12395	5.8872e-010
12396	6.0188e-010
12397	6.152e-010
12398	6.2912e-010
12399	6.4368e-010
12400	6.5705e-010
12401	6.7296e-010
12402	6.8812e-010
12403	7.0362e-010
12404	7.1973e-010
12405	7.3601e-010
12406	7.5414e-010
12407	7.6828e-010
12408	7.8833e-010
12409	8.053e-010
12410	8.2372e-010
12411	8.4415e-010
12412	8.6494e-010
12413	8.8057e-010
12414	8.9528e-010
12415	9.2826e-010
12416	9.3051e-010
12417	8.9734e-010
12418	8.8297e-010
12419	8.7122e-010
12420	8.5193e-010
12421	8.3223e-010
12422	8.1517e-010
12423	8.0026e-010
12424	7.7578e-010
12425	7.684e-010
12426	7.4873e-010
12427	7.3351e-010
12428	7.1847e-010
12429	7.0409e-010
12430	6.9062e-010
12431	6.7032e-010
12432	6.6218e-010
12433	6.4772e-010
12434	6.3488e-010
12435	6.2219e-010
12436	6.1228e-010
12437	6.0855e-010
12438	5.7194e-010
12439	5.8661e-010
12440	5.642e-010
12441	5.7328e-010
12442	5.2757e-010
12443	5.4528e-010
12444	5.3206e-010
12445	4.9751e-010
12446	4.8899e-010
12447	5.0953e-010
12448	4.6895e-010
12449	4.6707e-010
12450	4.887e-010
12451	4.5582e-010
12452	4.8298e-010
12453	4.1606e-010
12454	4.355e-010
12455	3.9855e-010
12456	3.8174e-010
12457	3.8996e-010
12458	3.6324e-010
12459	3.7849e-010
12460	3.4682e-010
12461	3.5572e-010
12462	3.2655e-010
12463	3.2657e-010
12464	3.15e-010
12465	2.9936e-010
12466	3.363e-010
12467	3.2449e-010
12468	3.2659e-010
12469	2.7469e-010
12470	2.7577e-010
12471	3.1339e-010
12472	3.3453e-010
12473	3.5328e-010
12474	3.4824e-010
12475	5.1294e-010
12476	8.5244e-010
12477	8.4965e-010
12478	7.0225e-010
12479	1.3611e-009
12480	1.5956e-009
12481	3.9264e-010
12482	1.9547e-010
12483	1.8127e-010
12484	2.3184e-010
12485	2.6949e-010
12486	2.8916e-010
12487	2.9756e-010
12488	2.9876e-010
12489	2.9533e-010
12490	2.9315e-010
12491	2.905e-010
12492	2.8919e-010
12493	2.9335e-010
12494	2.941e-010
12495	3.0154e-010
12496	3.0555e-010
12497	3.1298e-010
12498	3.2053e-010
12499	3.2721e-010
12500	3.365e-010
12501	3.4263e-010
12502	3.5268e-010
12503	3.5895e-010
12504	3.6892e-010
12505	3.761e-010
12506	3.8533e-010
12507	3.9447e-010
12508	4.0187e-010
12509	4.1356e-010
12510	4.1958e-010
12511	4.3191e-010
12512	4.406e-010
12513	4.492e-010
12514	4.6187e-010
12515	4.7091e-010
12516	4.8088e-010
12517	4.9337e-010
12518	5.0456e-010
12519	5.1276e-010
12520	5.2767e-010
12521	5.3864e-010
12522	5.5126e-010
12523	5.613e-010
12524	5.7607e-010
12525	5.8881e-010
12526	6.0201e-010
12527	6.1542e-010
12528	6.2937e-010
12529	6.4389e-010
12530	6.5728e-010
12531	6.732e-010
12532	6.8839e-010
12533	7.0391e-010
12534	7.198e-010
12535	7.3603e-010
12536	7.5414e-010
12537	7.6808e-010
12538	7.8808e-010
12539	8.0512e-010
12540	8.2334e-010
12541	8.4377e-010
12542	8.6465e-010
12543	8.8023e-010
12544	8.9488e-010
12545	9.278e-010
12546	9.2998e-010
12547	8.9689e-010
12548	8.828e-010
12549	8.7104e-010
12550	8.5171e-010
12551	8.3209e-010
12552	8.1489e-010
12553	7.9995e-010
12554	7.7557e-010
12555	7.6831e-010
12556	7.4869e-010
12557	7.3349e-010
12558	7.1852e-010
12559	7.0427e-010
12560	6.908e-010
12561	6.705e-010
12562	6.6246e-010
12563	6.4801e-010
12564	6.3511e-010
12565	6.2249e-010
12566	6.1231e-010
12567	6.0944e-010
12568	5.7149e-010
12569	5.8736e-010
12570	5.6403e-010
12571	5.734e-010
12572	5.2734e-010
12573	5.4525e-010
12574	5.3191e-010
12575	4.9729e-010
12576	4.8869e-010
12577	5.0909e-010
12578	4.6845e-010
12579	4.6652e-010
12580	4.8813e-010
12581	4.5526e-010
12582	4.8243e-010
12583	4.1556e-010
12584	4.3501e-010
12585	3.9808e-010
12586	3.8126e-010
12587	3.895e-010
12588	3.6273e-010
12589	3.7802e-010
12590	3.4632e-010
12591	3.5528e-010
12592	3.2613e-010
12593	3.2623e-010
12594	3.1476e-010
12595	2.9915e-010
12596	3.361e-010
12597	3.2428e-010
12598	3.2637e-010
12599	2.7451e-010
12600	2.7555e-010
12601	3.1317e-010
12602	3.3435e-010
12603	3.5305e-010
12604	3.4799e-010
12605	5.1261e-010
12606	8.5207e-010
12607	8.4952e-010
12608	7.0216e-010
12609	1.3608e-009
12610	1.5953e-009
12611	3.9752e-010
12612	1.6707e-010
12613	1.9238e-010
12614	2.3627e-010
12615	2.6683e-010
12616	2.8551e-010
12617	2.9259e-010
12618	2.9127e-010
12619	2.8717e-010
12620	2.8564e-010
12621	2.8262e-010
12622	2.8079e-010
12623	2.8525e-010
12624	2.8478e-010
12625	2.9326e-010
12626	2.968e-010
12627	3.0431e-010
12628	3.1142e-010
12629	3.1795e-010
12630	3.2733e-010
12631	3.328e-010
12632	3.4324e-010
12633	3.4843e-010
12634	3.5902e-010
12635	3.6528e-010
12636	3.7474e-010
12637	3.8423e-010
12638	3.8984e-010
12639	4.0302e-010
12640	4.067e-010
12641	4.204e-010
12642	4.2858e-010
12643	4.3587e-010
12644	4.497e-010
12645	4.575e-010
12646	4.6663e-010
12647	4.8038e-010
12648	4.9063e-010
12649	4.9741e-010
12650	5.1288e-010
12651	5.2447e-010
12652	5.3552e-010
12653	5.451e-010
12654	5.5957e-010
12655	5.7277e-010
12656	5.8581e-010
12657	5.9836e-010
12658	6.1158e-010
12659	6.2539e-010
12660	6.3857e-010
12661	6.5408e-010
12662	6.6905e-010
12663	6.8421e-010
12664	6.9965e-010
12665	7.1541e-010
12666	7.3235e-010
12667	7.4623e-010
12668	7.6502e-010
12669	7.8208e-010
12670	8.0026e-010
12671	8.2099e-010
12672	8.4027e-010
12673	8.5365e-010
12674	8.6928e-010
12675	9.0239e-010
12676	9.0405e-010
12677	8.711e-010
12678	8.5598e-010
12679	8.4714e-010
12680	8.3009e-010
12681	8.0965e-010
12682	7.9215e-010
12683	7.7589e-010
12684	7.5385e-010
12685	7.4585e-010
12686	7.2905e-010
12687	7.1366e-010
12688	6.9924e-010
12689	6.8537e-010
12690	6.7081e-010
12691	6.5112e-010
12692	6.4268e-010
12693	6.2959e-010
12694	6.1805e-010
12695	6.0988e-010
12696	6.0049e-010
12697	5.8921e-010
12698	5.5097e-010
12699	5.6907e-010
12700	5.5971e-010
12701	5.5925e-010
12702	5.0343e-010
12703	5.3263e-010
12704	5.2838e-010
12705	4.7603e-010
12706	4.7446e-010
12707	5.0674e-010
12708	4.446e-010
12709	4.5932e-010
12710	4.8556e-010
12711	4.2855e-010
12712	4.8493e-010
12713	3.8939e-010
12714	4.3601e-010
12715	3.9063e-010
12716	3.6697e-010
12717	3.858e-010
12718	3.4805e-010
12719	3.7435e-010
12720	3.3336e-010
12721	3.4958e-010
12722	3.1754e-010
12723	3.1896e-010
12724	3.0943e-010
12725	2.9241e-010
12726	3.3282e-010
12727	3.0943e-010
12728	3.2291e-010
12729	2.6646e-010
12730	2.7031e-010
12731	3.1209e-010
12732	3.236e-010
12733	3.3241e-010
12734	3.6215e-010
12735	5.4349e-010
12736	8.7392e-010
12737	7.8559e-010
12738	6.4205e-010
12739	1.4483e-009
12740	1.5411e-009
12741	3.9277e-010
12742	1.9554e-010
12743	1.8134e-010
12744	2.3197e-010
12745	2.6963e-010
12746	2.893e-010
12747	2.9766e-010
12748	2.9881e-010
12749	2.9535e-010
12750	2.9317e-010
12751	2.9055e-010
12752	2.8925e-010
12753	2.9341e-010
12754	2.9417e-010
12755	3.0164e-010
12756	3.0573e-010
12757	3.1316e-010
12758	3.2065e-010
12759	3.2734e-010
12760	3.3673e-010
12761	3.429e-010
12762	3.5285e-010
12763	3.5903e-010
12764	3.6891e-010
12765	3.761e-010
12766	3.8541e-010
12767	3.9463e-010
12768	4.021e-010
12769	4.1381e-010
12770	4.1986e-010
12771	4.3217e-010
12772	4.4094e-010
12773	4.4967e-010
12774	4.6212e-010
12775	4.7098e-010
12776	4.8099e-010
12777	4.9354e-010
12778	5.0475e-010
12779	5.1299e-010
12780	5.2793e-010
12781	5.3888e-010
12782	5.5139e-010
12783	5.6149e-010
12784	5.7639e-010
12785	5.8921e-010
12786	6.0239e-010
12787	6.1563e-010
12788	6.2944e-010
12789	6.441e-010
12790	6.5764e-010
12791	6.7338e-010
12792	6.8857e-010
12793	7.041e-010
12794	7.2004e-010
12795	7.3626e-010
12796	7.5418e-010
12797	7.6789e-010
12798	7.8809e-010
12799	8.0522e-010
12800	8.2337e-010
12801	8.4333e-010
12802	8.6412e-010
12803	8.798e-010
12804	8.9468e-010
12805	9.2796e-010
12806	9.2979e-010
12807	8.9655e-010
12808	8.8244e-010
12809	8.7067e-010
12810	8.516e-010
12811	8.3204e-010
12812	8.1479e-010
12813	8.0026e-010
12814	7.7568e-010
12815	7.6846e-010
12816	7.4891e-010
12817	7.3379e-010
12818	7.1874e-010
12819	7.0445e-010
12820	6.9093e-010
12821	6.7054e-010
12822	6.6253e-010
12823	6.4806e-010
12824	6.3508e-010
12825	6.2252e-010
12826	6.1269e-010
12827	6.0711e-010
12828	5.7395e-010
12829	5.8492e-010
12830	5.6429e-010
12831	5.7398e-010
12832	5.2859e-010
12833	5.4567e-010
12834	5.3181e-010
12835	4.9709e-010
12836	4.8846e-010
12837	5.0888e-010
12838	4.6809e-010
12839	4.6614e-010
12840	4.8776e-010
12841	4.5477e-010
12842	4.8194e-010
12843	4.1503e-010
12844	4.3465e-010
12845	3.9767e-010
12846	3.8076e-010
12847	3.89e-010
12848	3.6226e-010
12849	3.7758e-010
12850	3.4593e-010
12851	3.5493e-010
12852	3.2585e-010
12853	3.2599e-010
12854	3.1454e-010
12855	2.9895e-010
12856	3.3586e-010
12857	3.2397e-010
12858	3.2621e-010
12859	2.7428e-010
12860	2.7539e-010
12861	3.1306e-010
12862	3.3406e-010
12863	3.5285e-010
12864	3.4764e-010
12865	5.1237e-010
12866	8.5202e-010
12867	8.4949e-010
12868	7.0211e-010
12869	1.3602e-009
12870	1.5948e-009
12871	3.9277e-010
12872	1.9554e-010
12873	1.8134e-010
12874	2.3197e-010
12875	2.6963e-010
12876	2.893e-010
12877	2.9766e-010
12878	2.9881e-010
12879	2.9535e-010
12880	2.9317e-010
12881	2.9055e-010
12882	2.8925e-010
12883	2.9341e-010
12884	2.9417e-010
12885	3.0164e-010
12886	3.0573e-010
12887	3.1316e-010
12888	3.2065e-010
12889	3.2734e-010
12890	3.3673e-010
12891	3.429e-010
12892	3.5285e-010
12893	3.5903e-010
12894	3.6891e-010
12895	3.761e-010
12896	3.8541e-010
12897	3.9463e-010
12898	4.021e-010
12899	4.1381e-010
12900	4.1986e-010
12901	4.3217e-010
12902	4.4093e-010
12903	4.4967e-010
12904	4.6212e-010
12905	4.7098e-010
12906	4.8099e-010
12907	4.9354e-010
12908	5.0474e-010
12909	5.1299e-010
12910	5.2793e-010
12911	5.3888e-010
12912	5.514e-010
12913	5.6149e-010
12914	5.7639e-010
12915	5.8921e-010
12916	6.0239e-010
12917	6.1563e-010
12918	6.2944e-010
12919	6.441e-010
12920	6.5764e-010
12921	6.7338e-010
12922	6.8857e-010
12923	7.041e-010
12924	7.2004e-010
12925	7.3626e-010
12926	7.5418e-010
12927	7.6789e-010
12928	7.8809e-010
12929	8.0522e-010
12930	8.2337e-010
12931	8.4333e-010
12932	8.6412e-010
12933	8.798e-010
12934	8.9468e-010
12935	9.2796e-010
12936	9.2979e-010
12937	8.9655e-010
12938	8.8244e-010
12939	8.7067e-010
12940	8.516e-010
12941	8.3204e-010
12942	8.1479e-010
12943	8.0026e-010
12944	7.7568e-010
12945	7.6846e-010
12946	7.4891e-010
12947	7.3379e-010
12948	7.1874e-010
12949	7.0445e-010
12950	6.9093e-010
12951	6.7054e-010
12952	6.6253e-010
12953	6.4806e-010
12954	6.3506e-010
12955	6.2265e-010
12956	6.1241e-010
12957	6.0669e-010
12958	5.7316e-010
12959	5.8453e-010
12960	5.6406e-010
12961	5.7391e-010
12962	5.3133e-010
12963	5.4552e-010
12964	5.3181e-010
12965	4.9718e-010
12966	4.8845e-010
12967	5.0888e-010
12968	4.6809e-010
12969	4.6614e-010
12970	4.8776e-010
12971	4.5477e-010
12972	4.8194e-010
12973	4.1503e-010
12974	4.3465e-010
12975	3.9767e-010
12976	3.8076e-010
12977	3.89e-010
12978	3.6226e-010
12979	3.7758e-010
12980	3.4593e-010
12981	3.5493e-010
12982	3.2585e-010
12983	3.2599e-010
12984	3.1454e-010
12985	2.9895e-010
12986	3.3586e-010
12987	3.2397e-010
12988	3.2621e-010
12989	2.7428e-010
12990	2.7539e-010
12991	3.1306e-010
12992	3.3406e-010
12993	3.5285e-010
12994	3.4764e-010
12995	5.1237e-010
12996	8.5202e-010
12997	8.4949e-010
12998	7.0211e-010
12999	1.3602e-009
13000	1.5948e-009
13001	3.9752e-010
13002	1.6707e-010
13003	1.9238e-010
13004	2.3627e-010
13005	2.6683e-010
13006	2.8551e-010
13007	2.9259e-010
13008	2.9127e-010
13009	2.8717e-010
13010	2.8564e-010
13011	2.8262e-010
13012	2.8079e-010
13013	2.8525e-010
13014	2.8478e-010
13015	2.9326e-010
13016	2.968e-010
13017	3.0431e-010
13018	3.1142e-010
13019	3.1795e-010
13020	3.2733e-010
13021	3.328e-010
13022	3.4324e-010
13023	3.4843e-010
13024	3.5902e-010
13025	3.6528e-010
13026	3.7474e-010
13027	3.8423e-010
13028	3.8984e-010
13029	4.0302e-010
13030	4.067e-010
13031	4.204e-010
13032	4.2857e-010
13033	4.3587e-010
13034	4.497e-010
13035	4.575e-010
13036	4.6663e-010
13037	4.8038e-010
13038	4.9063e-010
13039	4.9741e-010
13040	5.1288e-010
13041	5.2447e-010
13042	5.3552e-010
13043	5.451e-010
13044	5.5957e-010
13045	5.7277e-010
13046	5.8581e-010
13047	5.9836e-010
13048	6.1158e-010
13049	6.2539e-010
13050	6.3857e-010
13051	6.5408e-010
13052	6.6905e-010
13053	6.8421e-010
13054	6.9965e-010
13055	7.1541e-010
13056	7.3235e-010
13057	7.4623e-010
13058	7.6502e-010
13059	7.8208e-010
13060	8.0026e-010
13061	8.2099e-010
13062	8.4027e-010
13063	8.5365e-010
13064	8.6928e-010
13065	9.0239e-010
13066	9.0405e-010
13067	8.711e-010
13068	8.5598e-010
13069	8.4714e-010
13070	8.3009e-010
13071	8.0965e-010
13072	7.9215e-010
13073	7.7589e-010
13074	7.5385e-010
13075	7.4585e-010
13076	7.2905e-010
13077	7.1366e-010
13078	6.9925e-010
13079	6.8538e-010
13080	6.708e-010
13081	6.5111e-010
13082	6.4267e-010
13083	6.2959e-010
13084	6.1806e-010
13085	6.0995e-010
13086	6.0055e-010
13087	5.87e-010
13088	5.5332e-010
13089	5.6686e-010
13090	5.5973e-010
13091	5.6011e-010
13092	5.046e-010
13093	5.3338e-010
13094	5.2833e-010
13095	4.7604e-010
13096	4.7446e-010
13097	5.0674e-010
13098	4.4459e-010
13099	4.5932e-010
13100	4.8556e-010
13101	4.2855e-010
13102	4.8494e-010
13103	3.8939e-010
13104	4.3601e-010
13105	3.9063e-010
13106	3.6697e-010
13107	3.858e-010
13108	3.4805e-010
13109	3.7435e-010
13110	3.3336e-010
13111	3.4958e-010
13112	3.1754e-010
13113	3.1896e-010
13114	3.0943e-010
13115	2.9241e-010
13116	3.3282e-010
13117	3.0943e-010
13118	3.2291e-010
13119	2.6646e-010
13120	2.7031e-010
13121	3.1209e-010
13122	3.236e-010
13123	3.3241e-010
13124	3.6215e-010
13125	5.4349e-010
13126	8.7392e-010
13127	7.8559e-010
13128	6.4205e-010
13129	1.4483e-009
13130	1.5411e-009
13131	3.9264e-010
13132	1.9547e-010
13133	1.8127e-010
13134	2.3184e-010
13135	2.6949e-010
13136	2.8916e-010
13137	2.9756e-010
13138	2.9876e-010
13139	2.9533e-010
13140	2.9315e-010
13141	2.905e-010
13142	2.8919e-010
13143	2.9335e-010
13144	2.941e-010
13145	3.0154e-010
13146	3.0555e-010
13147	3.1298e-010
13148	3.2053e-010
13149	3.2721e-010
13150	3.365e-010
13151	3.4263e-010
13152	3.5268e-010
13153	3.5895e-010
13154	3.6892e-010
13155	3.7611e-010
13156	3.8533e-010
13157	3.9447e-010
13158	4.0187e-010
13159	4.1356e-010
13160	4.1958e-010
13161	4.3191e-010
13162	4.406e-010
13163	4.492e-010
13164	4.6187e-010
13165	4.7091e-010
13166	4.8088e-010
13167	4.9337e-010
13168	5.0456e-010
13169	5.1278e-010
13170	5.2766e-010
13171	5.3864e-010
13172	5.5126e-010
13173	5.613e-010
13174	5.7607e-010
13175	5.8881e-010
13176	6.02e-010
13177	6.1542e-010
13178	6.2937e-010
13179	6.4388e-010
13180	6.5728e-010
13181	6.732e-010
13182	6.8839e-010
13183	7.0391e-010
13184	7.198e-010
13185	7.3603e-010
13186	7.5414e-010
13187	7.6808e-010
13188	7.8808e-010
13189	8.0512e-010
13190	8.2334e-010
13191	8.4377e-010
13192	8.6465e-010
13193	8.8023e-010
13194	8.9488e-010
13195	9.278e-010
13196	9.2998e-010
13197	8.9689e-010
13198	8.828e-010
13199	8.7104e-010
13200	8.5171e-010
13201	8.3209e-010
13202	8.1489e-010
13203	7.9995e-010
13204	7.7557e-010
13205	7.6831e-010
13206	7.4869e-010
13207	7.3349e-010
13208	7.1852e-010
13209	7.0427e-010
13210	6.908e-010
13211	6.7047e-010
13212	6.6246e-010
13213	6.48e-010
13214	6.3513e-010
13215	6.2248e-010
13216	6.1284e-010
13217	6.0604e-010
13218	5.754e-010
13219	5.8398e-010
13220	5.6462e-010
13221	5.7303e-010
13222	5.2798e-010
13223	5.4491e-010
13224	5.32e-010
13225	4.9725e-010
13226	4.887e-010
13227	5.0909e-010
13228	4.6844e-010
13229	4.6651e-010
13230	4.8813e-010
13231	4.5526e-010
13232	4.8243e-010
13233	4.1556e-010
13234	4.3501e-010
13235	3.9808e-010
13236	3.8126e-010
13237	3.895e-010
13238	3.6273e-010
13239	3.7802e-010
13240	3.4632e-010
13241	3.5528e-010
13242	3.2613e-010
13243	3.2623e-010
13244	3.1476e-010
13245	2.9915e-010
13246	3.361e-010
13247	3.2428e-010
13248	3.2638e-010
13249	2.7451e-010
13250	2.7555e-010
13251	3.1317e-010
13252	3.3435e-010
13253	3.5305e-010
13254	3.4799e-010
13255	5.1261e-010
13256	8.5207e-010
13257	8.4952e-010
13258	7.0216e-010
13259	1.3608e-009
13260	1.5953e-009
13261	3.9261e-010
13262	1.9542e-010
13263	1.812e-010
13264	2.3175e-010
13265	2.6941e-010
13266	2.891e-010
13267	2.975e-010
13268	2.987e-010
13269	2.9525e-010
13270	2.9305e-010
13271	2.9038e-010
13272	2.8906e-010
13273	2.9325e-010
13274	2.9402e-010
13275	3.0145e-010
13276	3.0545e-010
13277	3.1285e-010
13278	3.2039e-010
13279	3.2708e-010
13280	3.364e-010
13281	3.4258e-010
13282	3.5268e-010
13283	3.5897e-010
13284	3.6888e-010
13285	3.76e-010
13286	3.8514e-010
13287	3.9424e-010
13288	4.0167e-010
13289	4.1342e-010
13290	4.1953e-010
13291	4.3188e-010
13292	4.406e-010
13293	4.4923e-010
13294	4.6182e-010
13295	4.7079e-010
13296	4.8074e-010
13297	4.932e-010
13298	5.0424e-010
13299	5.126e-010
13300	5.2735e-010
13301	5.3845e-010
13302	5.51e-010
13303	5.6102e-010
13304	5.759e-010
13305	5.8872e-010
13306	6.0188e-010
13307	6.152e-010
13308	6.2912e-010
13309	6.4368e-010
13310	6.5705e-010
13311	6.7296e-010
13312	6.8812e-010
13313	7.0362e-010
13314	7.1973e-010
13315	7.3601e-010
13316	7.5414e-010
13317	7.6828e-010
13318	7.8833e-010
13319	8.053e-010
13320	8.2372e-010
13321	8.4415e-010
13322	8.6494e-010
13323	8.8057e-010
13324	8.9528e-010
13325	9.2826e-010
13326	9.3051e-010
13327	8.9734e-010
13328	8.8297e-010
13329	8.7122e-010
13330	8.5193e-010
13331	8.3223e-010
13332	8.1517e-010
13333	8.0026e-010
13334	7.7578e-010
13335	7.684e-010
13336	7.4873e-010
13337	7.3351e-010
13338	7.1847e-010
13339	7.0409e-010
13340	6.9062e-010
13341	6.7027e-010
13342	6.6218e-010
13343	6.4773e-010
13344	6.3486e-010
13345	6.2233e-010
13346	6.1228e-010
13347	6.0558e-010
13348	5.7391e-010
13349	5.8364e-010
13350	5.643e-010
13351	5.7151e-010
13352	5.2789e-010
13353	5.4354e-010
13354	5.3217e-010
13355	4.9754e-010
13356	4.8899e-010
13357	5.0953e-010
13358	4.6895e-010
13359	4.6706e-010
13360	4.887e-010
13361	4.5582e-010
13362	4.8298e-010
13363	4.1606e-010
13364	4.355e-010
13365	3.9855e-010
13366	3.8174e-010
13367	3.8996e-010
13368	3.6324e-010
13369	3.7849e-010
13370	3.4682e-010
13371	3.5571e-010
13372	3.2655e-010
13373	3.2657e-010
13374	3.15e-010
13375	2.9936e-010
13376	3.363e-010
13377	3.2449e-010
13378	3.2659e-010
13379	2.7469e-010
13380	2.7577e-010
13381	3.1339e-010
13382	3.3453e-010
13383	3.5328e-010
13384	3.4824e-010
13385	5.1294e-010
13386	8.5244e-010
13387	8.4965e-010
13388	7.0225e-010
13389	1.3611e-009
13390	1.5956e-009
13391	3.9742e-010
13392	1.6697e-010
13393	1.9216e-010
13394	2.3595e-010
13395	2.6651e-010
13396	2.852e-010
13397	2.923e-010
13398	2.9102e-010
13399	2.8694e-010
13400	2.8541e-010
13401	2.8238e-010
13402	2.8053e-010
13403	2.8498e-010
13404	2.8448e-010
13405	2.9292e-010
13406	2.9643e-010
13407	3.0397e-010
13408	3.1117e-010
13409	3.1773e-010
13410	3.2706e-010
13411	3.3251e-010
13412	3.4304e-010
13413	3.4828e-010
13414	3.5887e-010
13415	3.6504e-010
13416	3.7431e-010
13417	3.8368e-010
13418	3.8928e-010
13419	4.0255e-010
13420	4.064e-010
13421	4.2024e-010
13422	4.2852e-010
13423	4.358e-010
13424	4.4952e-010
13425	4.5723e-010
13426	4.6638e-010
13427	4.8008e-010
13428	4.9017e-010
13429	4.9716e-010
13430	5.1238e-010
13431	5.2395e-010
13432	5.3486e-010
13433	5.4436e-010
13434	5.5909e-010
13435	5.7243e-010
13436	5.8551e-010
13437	5.9809e-010
13438	6.1128e-010
13439	6.2529e-010
13440	6.3824e-010
13441	6.5361e-010
13442	6.6858e-010
13443	6.8365e-010
13444	6.9941e-010
13445	7.1544e-010
13446	7.3235e-010
13447	7.4663e-010
13448	7.6538e-010
13449	7.8251e-010
13450	8.0096e-010
13451	8.2192e-010
13452	8.4094e-010
13453	8.539e-010
13454	8.7002e-010
13455	9.0304e-010
13456	9.0486e-010
13457	8.7206e-010
13458	8.5602e-010
13459	8.4732e-010
13460	8.3045e-010
13461	8.0997e-010
13462	7.9287e-010
13463	7.763e-010
13464	7.5403e-010
13465	7.4572e-010
13466	7.2913e-010
13467	7.1392e-010
13468	6.9944e-010
13469	6.8509e-010
13470	6.7029e-010
13471	6.5061e-010
13472	6.4225e-010
13473	6.2934e-010
13474	6.1792e-010
13475	6.0969e-010
13476	6.0029e-010
13477	5.8458e-010
13478	5.5472e-010
13479	5.6467e-010
13480	5.5962e-010
13481	5.5486e-010
13482	5.0571e-010
13483	5.2859e-010
13484	5.284e-010
13485	4.7634e-010
13486	4.7475e-010
13487	5.0727e-010
13488	4.4522e-010
13489	4.6009e-010
13490	4.8645e-010
13491	4.295e-010
13492	4.8597e-010
13493	3.9032e-010
13494	4.3707e-010
13495	3.9176e-010
13496	3.6813e-010
13497	3.8694e-010
13498	3.492e-010
13499	3.754e-010
13500	3.3437e-010
13501	3.5046e-010
13502	3.1841e-010
13503	3.1968e-010
13504	3.0998e-010
13505	2.9287e-010
13506	3.3323e-010
13507	3.0984e-010
13508	3.233e-010
13509	2.6678e-010
13510	2.7068e-010
13511	3.1242e-010
13512	3.2385e-010
13513	3.3278e-010
13514	3.6268e-010
13515	5.442e-010
13516	8.7471e-010
13517	7.8594e-010
13518	6.4244e-010
13519	1.4493e-009
13520	1.5417e-009
13521	3.9261e-010
13522	1.9542e-010
13523	1.812e-010
13524	2.3175e-010
13525	2.6941e-010
13526	2.891e-010
13527	2.975e-010
13528	2.987e-010
13529	2.9525e-010
13530	2.9305e-010
13531	2.9038e-010
13532	2.8906e-010
13533	2.9325e-010
13534	2.9402e-010
13535	3.0145e-010
13536	3.0545e-010
13537	3.1285e-010
13538	3.2039e-010
13539	3.2708e-010
13540	3.364e-010
13541	3.4258e-010
13542	3.5268e-010
13543	3.5897e-010
13544	3.6888e-010
13545	3.76e-010
13546	3.8514e-010
13547	3.9424e-010
13548	4.0167e-010
13549	4.1342e-010
13550	4.1953e-010
13551	4.3188e-010
13552	4.406e-010
13553	4.4923e-010
13554	4.6182e-010
13555	4.7079e-010
13556	4.8075e-010
13557	4.9321e-010
13558	5.0411e-010
13559	5.1274e-010
13560	5.2721e-010
13561	5.3845e-010
13562	5.5101e-010
13563	5.6102e-010
13564	5.759e-010
13565	5.8872e-010
13566	6.0188e-010
13567	6.152e-010
13568	6.2912e-010
13569	6.4368e-010
13570	6.5705e-010
13571	6.7296e-010
13572	6.8812e-010
13573	7.0362e-010
13574	7.1973e-010
13575	7.3601e-010
13576	7.5414e-010
13577	7.6828e-010
13578	7.8833e-010
13579	8.053e-010
13580	8.2372e-010
13581	8.4415e-010
13582	8.6494e-010
13583	8.8057e-010
13584	8.9528e-010
13585	9.2826e-010
13586	9.3051e-010
13587	8.9734e-010
13588	8.8297e-010
13589	8.7122e-010
13590	8.5193e-010
13591	8.3223e-010
13592	8.1517e-010
13593	8.0026e-010
13594	7.7578e-010
13595	7.684e-010
13596	7.4873e-010
13597	7.3351e-010
13598	7.1847e-010
13599	7.0409e-010
13600	6.9061e-010
13601	6.7027e-010
13602	6.6218e-010
13603	6.4772e-010
13604	6.3487e-010
13605	6.223e-010
13606	6.1242e-010
13607	6.0513e-010
13608	5.7499e-010
13609	5.8324e-010
13610	5.6454e-010
13611	5.6928e-010
13612	5.2868e-010
13613	5.4147e-010
13614	5.3227e-010
13615	4.9759e-010
13616	4.8899e-010
13617	5.0953e-010
13618	4.6895e-010
13619	4.6707e-010
13620	4.887e-010
13621	4.5582e-010
13622	4.8298e-010
13623	4.1606e-010
13624	4.355e-010
13625	3.9855e-010
13626	3.8174e-010
13627	3.8996e-010
13628	3.6324e-010
13629	3.7849e-010
13630	3.4682e-010
13631	3.5572e-010
13632	3.2655e-010
13633	3.2657e-010
13634	3.15e-010
13635	2.9936e-010
13636	3.363e-010
13637	3.2449e-010
13638	3.2659e-010
13639	2.7469e-010
13640	2.7577e-010
13641	3.1339e-010
13642	3.3453e-010
13643	3.5328e-010
13644	3.4824e-010
13645	5.1294e-010
13646	8.5244e-010
13647	8.4965e-010
13648	7.0225e-010
13649	1.3611e-009
13650	1.5956e-009
13651	3.9264e-010
13652	1.9547e-010
13653	1.8127e-010
13654	2.3184e-010
13655	2.6949e-010
13656	2.8916e-010
13657	2.9756e-010
13658	2.9876e-010
13659	2.9533e-010
13660	2.9315e-010
13661	2.905e-010
13662	2.8919e-010
13663	2.9335e-010
13664	2.941e-010
13665	3.0154e-010
13666	3.0555e-010
13667	3.1298e-010
13668	3.2053e-010
13669	3.2721e-010
13670	3.365e-010
13671	3.4263e-010
13672	3.5268e-010
13673	3.5895e-010
13674	3.6892e-010
13675	3.7611e-010
13676	3.8533e-010
13677	3.9447e-010
13678	4.0187e-010
13679	4.1356e-010
13680	4.1958e-010
13681	4.3191e-010
13682	4.406e-010
13683	4.492e-010
13684	4.6187e-010
13685	4.7091e-010
13686	4.8088e-010
13687	4.9341e-010
13688	5.0434e-010
13689	5.13e-010
13690	5.2743e-010
13691	5.3869e-010
13692	5.5126e-010
13693	5.613e-010
13694	5.7607e-010
13695	5.8881e-010
13696	6.0201e-010
13697	6.1542e-010
13698	6.2937e-010
13699	6.4389e-010
13700	6.5728e-010
13701	6.732e-010
13702	6.8839e-010
13703	7.0391e-010
13704	7.198e-010
13705	7.3603e-010
13706	7.5414e-010
13707	7.6808e-010
13708	7.8808e-010
13709	8.0512e-010
13710	8.2334e-010
13711	8.4377e-010
13712	8.6465e-010
13713	8.8023e-010
13714	8.9488e-010
13715	9.278e-010
13716	9.2998e-010
13717	8.9689e-010
13718	8.828e-010
13719	8.7104e-010
13720	8.5171e-010
13721	8.3209e-010
13722	8.1489e-010
13723	7.9995e-010
13724	7.7557e-010
13725	7.6831e-010
13726	7.4869e-010
13727	7.3349e-010
13728	7.1852e-010
13729	7.0426e-010
13730	6.908e-010
13731	6.7048e-010
13732	6.6246e-010
13733	6.48e-010
13734	6.3512e-010
13735	6.2256e-010
13736	6.127e-010
13737	6.0518e-010
13738	5.7539e-010
13739	5.8315e-010
13740	5.6464e-010
13741	5.7064e-010
13742	5.2961e-010
13743	5.4263e-010
13744	5.3212e-010
13745	4.9733e-010
13746	4.8869e-010
13747	5.0909e-010
13748	4.6845e-010
13749	4.6652e-010
13750	4.8813e-010
13751	4.5526e-010
13752	4.8243e-010
13753	4.1556e-010
13754	4.3501e-010
13755	3.9808e-010
13756	3.8126e-010
13757	3.895e-010
13758	3.6273e-010
13759	3.7802e-010
13760	3.4632e-010
13761	3.5528e-010
13762	3.2613e-010
13763	3.2623e-010
13764	3.1476e-010
13765	2.9915e-010
13766	3.361e-010
13767	3.2428e-010
13768	3.2637e-010
13769	2.7451e-010
13770	2.7555e-010
13771	3.1317e-010
13772	3.3435e-010
13773	3.5305e-010
13774	3.4799e-010
13775	5.1261e-010
13776	8.5207e-010
13777	8.4952e-010
13778	7.0216e-010
13779	1.3608e-009
13780	1.5953e-009
13781	3.9752e-010
13782	1.6707e-010
13783	1.9238e-010
13784	2.3627e-010
13785	2.6683e-010
13786	2.8551e-010
13787	2.9259e-010
13788	2.9127e-010
13789	2.8717e-010
13790	2.8564e-010
13791	2.8262e-010
13792	2.8079e-010
13793	2.8525e-010
13794	2.8478e-010
13795	2.9326e-010
13796	2.968e-010
13797	3.0431e-010
13798	3.1142e-010
13799	3.1795e-010
13800	3.2733e-010
13801	3.328e-010
13802	3.4324e-010
13803	3.4843e-010
13804	3.5902e-010
13805	3.6528e-010
13806	3.7474e-010
13807	3.8423e-010
13808	3.8984e-010
13809	4.0302e-010
13810	4.067e-010
13811	4.204e-010
13812	4.2857e-010
13813	4.3587e-010
13814	4.497e-010
13815	4.575e-010
13816	4.6663e-010
13817	4.8038e-010
13818	4.9043e-010
13819	4.9775e-010
13820	5.1266e-010
13821	5.2448e-010
13822	5.3552e-010
13823	5.451e-010
13824	5.5957e-010
13825	5.7277e-010
13826	5.8581e-010
13827	5.9836e-010
13828	6.1158e-010
13829	6.2539e-010
13830	6.3858e-010
13831	6.5408e-010
13832	6.6905e-010
13833	6.8421e-010
13834	6.9965e-010
13835	7.1541e-010
13836	7.3235e-010
13837	7.4623e-010
13838	7.6502e-010
13839	7.8208e-010
13840	8.0026e-010
13841	8.2099e-010
13842	8.4027e-010
13843	8.5365e-010
13844	8.6928e-010
13845	9.0239e-010
13846	9.0405e-010
13847	8.711e-010
13848	8.5598e-010
13849	8.4714e-010
13850	8.3009e-010
13851	8.0965e-010
13852	7.9215e-010
13853	7.7589e-010
13854	7.5385e-010
13855	7.4585e-010
13856	7.2905e-010
13857	7.1366e-010
13858	6.9925e-010
13859	6.8537e-010
13860	6.708e-010
13861	6.5111e-010
13862	6.4267e-010
13863	6.2959e-010
13864	6.1806e-010
13865	6.1006e-010
13866	6.005e-010
13867	5.8492e-010
13868	5.5545e-010
13869	5.6476e-010
13870	5.596e-010
13871	5.5978e-010
13872	5.0303e-010
13873	5.33e-010
13874	5.2825e-010
13875	4.7603e-010
13876	4.7446e-010
13877	5.0674e-010
13878	4.446e-010
13879	4.5932e-010
13880	4.8556e-010
13881	4.2855e-010
13882	4.8494e-010
13883	3.8939e-010
13884	4.3601e-010
13885	3.9063e-010
13886	3.6697e-010
13887	3.858e-010
13888	3.4805e-010
13889	3.7435e-010
13890	3.3336e-010
13891	3.4958e-010
13892	3.1754e-010
13893	3.1896e-010
13894	3.0943e-010
13895	2.9241e-010
13896	3.3282e-010
13897	3.0943e-010
13898	3.2291e-010
13899	2.6646e-010
13900	2.7031e-010
13901	3.1209e-010
13902	3.236e-010
13903	3.3241e-010
13904	3.6215e-010
13905	5.4349e-010
13906	8.7393e-010
13907	7.8559e-010
13908	6.4205e-010
13909	1.4483e-009
13910	1.5411e-009
13911	3.9277e-010
13912	1.9554e-010
13913	1.8134e-010
13914	2.3197e-010
13915	2.6963e-010
13916	2.893e-010
13917	2.9766e-010
13918	2.9881e-010
13919	2.9535e-010
13920	2.9317e-010
13921	2.9055e-010
13922	2.8925e-010
13923	2.9341e-010
13924	2.9417e-010
13925	3.0164e-010
13926	3.0573e-010
13927	3.1316e-010
13928	3.2065e-010
13929	3.2734e-010
13930	3.3673e-010
13931	3.429e-010
13932	3.5285e-010
13933	3.5903e-010
13934	3.6891e-010
13935	3.761e-010
13936	3.8541e-010
13937	3.9463e-010
13938	4.021e-010
13939	4.1381e-010
13940	4.1986e-010
13941	4.3217e-010
13942	4.4093e-010
13943	4.4967e-010
13944	4.6212e-010
13945	4.7098e-010
13946	4.8098e-010
13947	4.9358e-010
13948	5.0453e-010
13949	5.1328e-010
13950	5.277e-010
13951	5.3892e-010
13952	5.5139e-010
13953	5.6149e-010
13954	5.7639e-010
13955	5.8921e-010
13956	6.0238e-010
13957	6.1563e-010
13958	6.2944e-010
13959	6.441e-010
13960	6.5764e-010
13961	6.7338e-010
13962	6.8857e-010
13963	7.041e-010
13964	7.2004e-010
13965	7.3626e-010
13966	7.5418e-010
13967	7.6789e-010
13968	7.8809e-010
13969	8.0522e-010
13970	8.2337e-010
13971	8.4333e-010
13972	8.6412e-010
13973	8.798e-010
13974	8.9468e-010
13975	9.2796e-010
13976	9.2979e-010
13977	8.9655e-010
13978	8.8244e-010
13979	8.7067e-010
13980	8.516e-010
13981	8.3204e-010
13982	8.1479e-010
13983	8.0026e-010
13984	7.7568e-010
13985	7.6846e-010
13986	7.4892e-010
13987	7.3379e-010
13988	7.1874e-010
13989	7.0445e-010
13990	6.9093e-010
13991	6.7056e-010
13992	6.6252e-010
13993	6.4805e-010
13994	6.3507e-010
13995	6.2262e-010
13996	6.1284e-010
13997	6.0534e-010
13998	5.7489e-010
13999	5.8311e-010
14000	5.6456e-010
14001	5.7287e-010
14002	5.2872e-010
14003	5.4457e-010
14004	5.3193e-010
14005	4.9708e-010
14006	4.8846e-010
14007	5.0888e-010
14008	4.6809e-010
14009	4.6614e-010
14010	4.8776e-010
14011	4.5477e-010
14012	4.8194e-010
14013	4.1504e-010
14014	4.3465e-010
14015	3.9767e-010
14016	3.8076e-010
14017	3.89e-010
14018	3.6226e-010
14019	3.7758e-010
14020	3.4593e-010
14021	3.5493e-010
14022	3.2585e-010
14023	3.2599e-010
14024	3.1454e-010
14025	2.9895e-010
14026	3.3586e-010
14027	3.2397e-010
14028	3.2621e-010
14029	2.7428e-010
14030	2.7539e-010
14031	3.1306e-010
14032	3.3406e-010
14033	3.5285e-010
14034	3.4764e-010
14035	5.1237e-010
14036	8.5202e-010
14037	8.4949e-010
14038	7.0211e-010
14039	1.3602e-009
14040	1.5948e-009
14041	3.1594e-010
14042	2.174e-010
14043	1.1666e-010
14044	1.7148e-010
14045	1.8868e-010
14046	2.0907e-010
14047	2.1561e-010
14048	2.1001e-010
14049	2.1929e-010
14050	2.0789e-010
14051	2.0754e-010
14052	2.1153e-010
14053	2.0393e-010
14054	2.1598e-010
14055	2.1074e-010
14056	2.1984e-010
14057	2.2273e-010
14058	2.2738e-010
14059	2.3506e-010
14060	2.3738e-010
14061	2.4707e-010
14062	2.4866e-010
14063	2.5829e-010
14064	2.6096e-010
14065	2.6928e-010
14066	2.7451e-010
14067	2.8008e-010
14068	2.8905e-010
14069	2.913e-010
14070	3.032e-010
14071	3.0555e-010
14072	3.1389e-010
14073	3.2293e-010
14074	3.2694e-010
14075	3.3612e-010
14076	3.4453e-010
14077	3.5007e-010
14078	3.582e-010
14079	3.6936e-010
14080	3.744e-010
14081	3.8338e-010
14082	3.9186e-010
14083	4.0321e-010
14084	4.1018e-010
14085	4.1947e-010
14086	4.2882e-010
14087	4.388e-010
14088	4.4877e-010
14089	4.5867e-010
14090	4.6985e-010
14091	4.7938e-010
14092	4.9036e-010
14093	5.0157e-010
14094	5.13e-010
14095	5.2471e-010
14096	5.353e-010
14097	5.5029e-010
14098	5.6067e-010
14099	5.7427e-010
14100	5.8706e-010
14101	5.9872e-010
14102	6.1157e-010
14103	6.2943e-010
14104	6.4837e-010
14105	6.5257e-010
14106	6.5201e-010
14107	6.5053e-010
14108	6.3375e-010
14109	6.1504e-010
14110	6.0287e-010
14111	5.9282e-010
14112	5.8098e-010
14113	5.6713e-010
14114	5.6201e-010
14115	5.4201e-010
14116	5.3363e-010
14117	5.2232e-010
14118	5.1149e-010
14119	5.0056e-010
14120	4.8926e-010
14121	4.8488e-010
14122	4.7029e-010
14123	4.6275e-010
14124	4.5255e-010
14125	4.4016e-010
14126	4.3201e-010
14127	4.2359e-010
14128	4.3516e-010
14129	4.0638e-010
14130	3.9673e-010
14131	3.8524e-010
14132	4.2461e-010
14133	3.7225e-010
14134	3.5834e-010
14135	3.7626e-010
14136	3.5738e-010
14137	3.2891e-010
14138	3.6813e-010
14139	3.317e-010
14140	3.1548e-010
14141	3.8384e-010
14142	2.9173e-010
14143	3.424e-010
14144	2.8846e-010
14145	2.9619e-010
14146	2.9299e-010
14147	2.5851e-010
14148	2.9319e-010
14149	2.3906e-010
14150	2.8322e-010
14151	2.2851e-010
14152	2.5951e-010
14153	2.2848e-010
14154	2.2682e-010
14155	2.4138e-010
14156	1.9617e-010
14157	2.919e-010
14158	1.7742e-010
14159	2.4534e-010
14160	1.8756e-010
14161	2.0239e-010
14162	3.5713e-010
14163	2.2534e-010
14164	3.5069e-010
14165	6.0804e-010
14166	8.9114e-010
14167	7.9514e-010
14168	7.3837e-010
14169	6.9188e-010
14170	1.9416e-009
14171	3.2614e-010
14172	2.6565e-010
14173	1.5956e-010
14174	1.9824e-010
14175	2.1311e-010
14176	2.3616e-010
14177	2.4327e-010
14178	2.359e-010
14179	2.5276e-010
14180	2.3725e-010
14181	2.397e-010
14182	2.4818e-010
14183	2.3574e-010
14184	2.5633e-010
14185	2.4544e-010
14186	2.5951e-010
14187	2.6183e-010
14188	2.6711e-010
14189	2.7761e-010
14190	2.7788e-010
14191	2.9217e-010
14192	2.9083e-010
14193	3.0536e-010
14194	3.0578e-010
14195	3.1763e-010
14196	3.2275e-010
14197	3.2846e-010
14198	3.4184e-010
14199	3.4004e-010
14200	3.5919e-010
14201	3.575e-010
14202	3.6863e-010
14203	3.8132e-010
14204	3.8268e-010
14205	3.9566e-010
14206	4.0636e-010
14207	4.1046e-010
14208	4.2022e-010
14209	4.3691e-010
14210	4.39e-010
14211	4.5027e-010
14212	4.602e-010
14213	4.7579e-010
14214	4.8197e-010
14215	4.9289e-010
14216	5.0369e-010
14217	5.1597e-010
14218	5.2779e-010
14219	5.3905e-010
14220	5.532e-010
14221	5.6366e-010
14222	5.7676e-010
14223	5.9e-010
14224	6.0317e-010
14225	6.1688e-010
14226	6.2875e-010
14227	6.4894e-010
14228	6.593e-010
14229	6.7602e-010
14230	6.9114e-010
14231	7.0248e-010
14232	7.1712e-010
14233	7.428e-010
14234	7.7003e-010
14235	7.6153e-010
14236	7.6018e-010
14237	7.7305e-010
14238	7.4991e-010
14239	7.2058e-010
14240	7.057e-010
14241	6.9812e-010
14242	6.8437e-010
14243	6.6598e-010
14244	6.6586e-010
14245	6.3543e-010
14246	6.2789e-010
14247	6.1446e-010
14248	6.0175e-010
14249	5.886e-010
14250	5.7447e-010
14251	5.7456e-010
14252	5.525e-010
14253	5.4568e-010
14254	5.3323e-010
14255	5.1422e-010
14256	5.0554e-010
14257	4.9239e-010
14258	5.2916e-010
14259	4.7199e-010
14260	4.6104e-010
14261	4.3702e-010
14262	5.2163e-010
14263	4.2617e-010
14264	4.0448e-010
14265	4.5778e-010
14266	4.2583e-010
14267	3.6129e-010
14268	4.5645e-010
14269	3.8516e-010
14270	3.434e-010
14271	4.8658e-010
14272	3.0563e-010
14273	4.2442e-010
14274	3.3067e-010
14275	3.4123e-010
14276	3.5538e-010
14277	2.8762e-010
14278	3.635e-010
14279	2.6007e-010
14280	3.5217e-010
14281	2.5244e-010
14282	3.1692e-010
14283	2.6374e-010
14284	2.6478e-010
14285	2.9551e-010
14286	2.0632e-010
14287	3.7055e-010
14288	1.7773e-010
14289	3.0785e-010
14290	2.1679e-010
14291	2.0797e-010
14292	4.4037e-010
14293	2.3043e-010
14294	3.7347e-010
14295	6.5965e-010
14296	1.0076e-009
14297	7.7307e-010
14298	8.8275e-010
14299	9.6707e-010
14300	1.8621e-009
14301	3.1577e-010
14302	2.1732e-010
14303	1.1657e-010
14304	1.7135e-010
14305	1.8856e-010
14306	2.0896e-010
14307	2.1552e-010
14308	2.0996e-010
14309	2.1927e-010
14310	2.0787e-010
14311	2.0752e-010
14312	2.1149e-010
14313	2.0391e-010
14314	2.1596e-010
14315	2.1066e-010
14316	2.1966e-010
14317	2.2256e-010
14318	2.2729e-010
14319	2.3497e-010
14320	2.3718e-010
14321	2.4684e-010
14322	2.4854e-010
14323	2.5827e-010
14324	2.6101e-010
14325	2.6933e-010
14326	2.7451e-010
14327	2.8002e-010
14328	2.8896e-010
14329	2.9115e-010
14330	3.0298e-010
14331	3.0534e-010
14332	3.1361e-010
14333	3.2262e-010
14334	3.2683e-010
14335	3.3619e-010
14336	3.4449e-010
14337	3.5002e-010
14338	3.5798e-010
14339	3.6942e-010
14340	3.7408e-010
14341	3.8327e-010
14342	3.9181e-010
14343	4.0304e-010
14344	4.0988e-010
14345	4.1923e-010
14346	4.2856e-010
14347	4.3862e-010
14348	4.4876e-010
14349	4.5845e-010
14350	4.697e-010
14351	4.7923e-010
14352	4.9026e-010
14353	5.0159e-010
14354	5.1288e-010
14355	5.2468e-010
14356	5.3548e-010
14357	5.5041e-010
14358	5.6089e-010
14359	5.7423e-010
14360	5.8713e-010
14361	5.9918e-010
14362	6.1206e-010
14363	6.2975e-010
14364	6.4866e-010
14365	6.5249e-010
14366	6.5224e-010
14367	6.5074e-010
14368	6.3423e-010
14369	6.1526e-010
14370	6.03e-010
14371	5.9295e-010
14372	5.8112e-010
14373	5.6715e-010
14374	5.6191e-010
14375	5.4223e-010
14376	5.3344e-010
14377	5.2215e-010
14378	5.1138e-010
14379	5.0046e-010
14380	4.892e-010
14381	4.8475e-010
14382	4.7038e-010
14383	4.6287e-010
14384	4.5276e-010
14385	4.4019e-010
14386	4.3213e-010
14387	4.232e-010
14388	4.3529e-010
14389	4.0605e-010
14390	3.9632e-010
14391	3.852e-010
14392	4.2111e-010
14393	3.7232e-010
14394	3.5774e-010
14395	3.7623e-010
14396	3.5731e-010
14397	3.2881e-010
14398	3.6825e-010
14399	3.3183e-010
14400	3.1564e-010
14401	3.8416e-010
14402	2.9209e-010
14403	3.4283e-010
14404	2.8882e-010
14405	2.9659e-010
14406	2.9346e-010
14407	2.5903e-010
14408	2.9366e-010
14409	2.3954e-010
14410	2.8358e-010
14411	2.2886e-010
14412	2.5977e-010
14413	2.287e-010
14414	2.2703e-010
14415	2.4159e-010
14416	1.9633e-010
14417	2.9225e-010
14418	1.7742e-010
14419	2.4547e-010
14420	1.8761e-010
14421	2.0231e-010
14422	3.5699e-010
14423	2.2552e-010
14424	3.5114e-010
14425	6.0854e-010
14426	8.9105e-010
14427	7.9527e-010
14428	7.3813e-010
14429	6.9195e-010
14430	1.9425e-009
14431	3.1572e-010
14432	2.173e-010
14433	1.1655e-010
14434	1.7133e-010
14435	1.8856e-010
14436	2.0898e-010
14437	2.1554e-010
14438	2.0995e-010
14439	2.1923e-010
14440	2.0782e-010
14441	2.0745e-010
14442	2.1143e-010
14443	2.0387e-010
14444	2.1593e-010
14445	2.1064e-010
14446	2.1966e-010
14447	2.2255e-010
14448	2.2728e-010
14449	2.3493e-010
14450	2.371e-010
14451	2.4674e-010
14452	2.4846e-010
14453	2.582e-010
14454	2.6089e-010
14455	2.6914e-010
14456	2.7426e-010
14457	2.7976e-010
14458	2.8876e-010
14459	2.9105e-010
14460	3.0298e-010
14461	3.0538e-010
14462	3.1361e-010
14463	3.2254e-010
14464	3.2667e-010
14465	3.3604e-010
14466	3.4442e-010
14467	3.4989e-010
14468	3.5759e-010
14469	3.6945e-010
14470	3.7374e-010
14471	3.8309e-010
14472	3.9148e-010
14473	4.0278e-010
14474	4.0972e-010
14475	4.1915e-010
14476	4.2837e-010
14477	4.3825e-010
14478	4.4838e-010
14479	4.5814e-010
14480	4.6953e-010
14481	4.7908e-010
14482	4.9011e-010
14483	5.0141e-010
14484	5.1283e-010
14485	5.2458e-010
14486	5.3552e-010
14487	5.5069e-010
14488	5.6126e-010
14489	5.7466e-010
14490	5.876e-010
14491	5.9976e-010
14492	6.1261e-010
14493	6.3045e-010
14494	6.4944e-010
14495	6.5336e-010
14496	6.531e-010
14497	6.5169e-010
14498	6.3477e-010
14499	6.1583e-010
14500	6.0354e-010
14501	5.9345e-010
14502	5.8143e-010
14503	5.6748e-010
14504	5.6227e-010
14505	5.4233e-010
14506	5.335e-010
14507	5.2231e-010
14508	5.1145e-010
14509	5.0047e-010
14510	4.8915e-010
14511	4.8465e-010
14512	4.7004e-010
14513	4.6249e-010
14514	4.5237e-010
14515	4.3976e-010
14516	4.3216e-010
14517	4.2119e-010
14518	4.4071e-010
14519	4.0446e-010
14520	3.9672e-010
14521	3.8493e-010
14522	4.2097e-010
14523	3.722e-010
14524	3.5808e-010
14525	3.7657e-010
14526	3.5782e-010
14527	3.2952e-010
14528	3.6886e-010
14529	3.3258e-010
14530	3.1646e-010
14531	3.8479e-010
14532	2.928e-010
14533	3.4336e-010
14534	2.8931e-010
14535	2.9708e-010
14536	2.9397e-010
14537	2.5953e-010
14538	2.9425e-010
14539	2.4016e-010
14540	2.8423e-010
14541	2.2949e-010
14542	2.6035e-010
14543	2.2918e-010
14544	2.274e-010
14545	2.419e-010
14546	1.9659e-010
14547	2.9245e-010
14548	1.7767e-010
14549	2.4569e-010
14550	1.8782e-010
14551	2.0255e-010
14552	3.5713e-010
14553	2.2571e-010
14554	3.5132e-010
14555	6.0875e-010
14556	8.9154e-010
14557	7.9532e-010
14558	7.3828e-010
14559	6.924e-010
14560	1.9429e-009
14561	3.2603e-010
14562	2.6558e-010
14563	1.5945e-010
14564	1.9805e-010
14565	2.1291e-010
14566	2.3596e-010
14567	2.4307e-010
14568	2.3571e-010
14569	2.5257e-010
14570	2.3705e-010
14571	2.3947e-010
14572	2.4794e-010
14573	2.355e-010
14574	2.561e-010
14575	2.4519e-010
14576	2.5926e-010
14577	2.6159e-010
14578	2.6692e-010
14579	2.7745e-010
14580	2.777e-010
14581	2.92e-010
14582	2.9072e-010
14583	3.0527e-010
14584	3.0566e-010
14585	3.1742e-010
14586	3.2245e-010
14587	3.2808e-010
14588	3.4148e-010
14589	3.3975e-010
14590	3.5901e-010
14591	3.5742e-010
14592	3.6855e-010
14593	3.8124e-010
14594	3.8251e-010
14595	3.9538e-010
14596	4.0605e-010
14597	4.1016e-010
14598	4.1949e-010
14599	4.3717e-010
14600	4.3827e-010
14601	4.4997e-010
14602	4.5972e-010
14603	4.7527e-010
14604	4.8155e-010
14605	4.9267e-010
14606	5.0344e-010
14607	5.1567e-010
14608	5.2755e-010
14609	5.3865e-010
14610	5.5298e-010
14611	5.634e-010
14612	5.7639e-010
14613	5.8958e-010
14614	6.0303e-010
14615	6.1679e-010
14616	6.2881e-010
14617	6.4916e-010
14618	6.596e-010
14619	6.7615e-010
14620	6.9141e-010
14621	7.0295e-010
14622	7.1743e-010
14623	7.4307e-010
14624	7.7044e-010
14625	7.6187e-010
14626	7.6063e-010
14627	7.7354e-010
14628	7.5004e-010
14629	7.2071e-010
14630	7.0584e-010
14631	6.9834e-010
14632	6.8462e-010
14633	6.6625e-010
14634	6.6596e-010
14635	6.3546e-010
14636	6.2782e-010
14637	6.1455e-010
14638	6.018e-010
14639	5.8841e-010
14640	5.7405e-010
14641	5.7414e-010
14642	5.521e-010
14643	5.4538e-010
14644	5.3306e-010
14645	5.14e-010
14646	5.0634e-010
14647	4.8876e-010
14648	5.3978e-010
14649	4.6887e-010
14650	4.615e-010
14651	4.3821e-010
14652	5.2023e-010
14653	4.2741e-010
14654	4.0419e-010
14655	4.5807e-010
14656	4.2615e-010
14657	3.6169e-010
14658	4.5712e-010
14659	3.8584e-010
14660	3.4407e-010
14661	4.875e-010
14662	3.0633e-010
14663	4.2532e-010
14664	3.3143e-010
14665	3.4206e-010
14666	3.5629e-010
14667	2.8837e-010
14668	3.6443e-010
14669	2.6068e-010
14670	3.5298e-010
14671	2.5293e-010
14672	3.176e-010
14673	2.6418e-010
14674	2.6514e-010
14675	2.9592e-010
14676	2.0654e-010
14677	3.71e-010
14678	1.7795e-010
14679	3.0824e-010
14680	2.171e-010
14681	2.0832e-010
14682	4.4063e-010
14683	2.3067e-010
14684	3.7373e-010
14685	6.5997e-010
14686	1.0083e-009
14687	7.7297e-010
14688	8.8296e-010
14689	9.68e-010
14690	1.8628e-009
14691	3.1572e-010
14692	2.173e-010
14693	1.1655e-010
14694	1.7133e-010
14695	1.8856e-010
14696	2.0898e-010
14697	2.1554e-010
14698	2.0995e-010
14699	2.1923e-010
14700	2.0782e-010
14701	2.0745e-010
14702	2.1143e-010
14703	2.0387e-010
14704	2.1593e-010
14705	2.1064e-010
14706	2.1966e-010
14707	2.2255e-010
14708	2.2728e-010
14709	2.3493e-010
14710	2.371e-010
14711	2.4674e-010
14712	2.4846e-010
14713	2.582e-010
14714	2.6089e-010
14715	2.6914e-010
14716	2.7426e-010
14717	2.7976e-010
14718	2.8876e-010
14719	2.9105e-010
14720	3.0298e-010
14721	3.0538e-010
14722	3.1361e-010
14723	3.2254e-010
14724	3.2667e-010
14725	3.3604e-010
14726	3.4442e-010
14727	3.499e-010
14728	3.5758e-010
14729	3.694e-010
14730	3.7374e-010
14731	3.831e-010
14732	3.9148e-010
14733	4.0278e-010
14734	4.0972e-010
14735	4.1915e-010
14736	4.2837e-010
14737	4.3825e-010
14738	4.4838e-010
14739	4.5814e-010
14740	4.6953e-010
14741	4.7908e-010
14742	4.9011e-010
14743	5.0141e-010
14744	5.1283e-010
14745	5.2458e-010
14746	5.3552e-010
14747	5.5069e-010
14748	5.6126e-010
14749	5.7466e-010
14750	5.876e-010
14751	5.9976e-010
14752	6.1261e-010
14753	6.3045e-010
14754	6.4944e-010
14755	6.5336e-010
14756	6.531e-010
14757	6.5169e-010
14758	6.3477e-010
14759	6.1583e-010
14760	6.0354e-010
14761	5.9345e-010
14762	5.8143e-010
14763	5.6748e-010
14764	5.6227e-010
14765	5.4233e-010
14766	5.335e-010
14767	5.2231e-010
14768	5.1146e-010
14769	5.0045e-010
14770	4.8915e-010
14771	4.8479e-010
14772	4.7004e-010
14773	4.6248e-010
14774	4.5239e-010
14775	4.3978e-010
14776	4.3253e-010
14777	4.2031e-010
14778	4.4352e-010
14779	4.0375e-010
14780	3.971e-010
14781	3.8492e-010
14782	4.209e-010
14783	3.7219e-010
14784	3.5809e-010
14785	3.7657e-010
14786	3.5782e-010
14787	3.2952e-010
14788	3.6886e-010
14789	3.3258e-010
14790	3.1646e-010
14791	3.8479e-010
14792	2.928e-010
14793	3.4336e-010
14794	2.8931e-010
14795	2.9708e-010
14796	2.9397e-010
14797	2.5953e-010
14798	2.9425e-010
14799	2.4017e-010
14800	2.8423e-010
14801	2.2949e-010
14802	2.6035e-010
14803	2.2918e-010
14804	2.274e-010
14805	2.419e-010
14806	1.9659e-010
14807	2.9245e-010
14808	1.7767e-010
14809	2.4569e-010
14810	1.8782e-010
14811	2.0255e-010
14812	3.5713e-010
14813	2.2571e-010
14814	3.5132e-010
14815	6.0875e-010
14816	8.9154e-010
14817	7.9532e-010
14818	7.3828e-010
14819	6.924e-010
14820	1.9429e-009
14821	3.1577e-010
14822	2.1732e-010
14823	1.1657e-010
14824	1.7135e-010
14825	1.8856e-010
14826	2.0896e-010
14827	2.1552e-010
14828	2.0996e-010
14829	2.1927e-010
14830	2.0787e-010
14831	2.0752e-010
14832	2.1149e-010
14833	2.0391e-010
14834	2.1596e-010
14835	2.1066e-010
14836	2.1966e-010
14837	2.2256e-010
14838	2.2729e-010
14839	2.3497e-010
14840	2.3718e-010
14841	2.4684e-010
14842	2.4854e-010
14843	2.5827e-010
14844	2.6101e-010
14845	2.6933e-010
14846	2.7451e-010
14847	2.8002e-010
14848	2.8896e-010
14849	2.9115e-010
14850	3.0298e-010
14851	3.0534e-010
14852	3.1361e-010
14853	3.2262e-010
14854	3.2683e-010
14855	3.3619e-010
14856	3.4449e-010
14857	3.5005e-010
14858	3.5787e-010
14859	3.6968e-010
14860	3.7396e-010
14861	3.833e-010
14862	3.9181e-010
14863	4.0304e-010
14864	4.0988e-010
14865	4.1923e-010
14866	4.2856e-010
14867	4.3862e-010
14868	4.4876e-010
14869	4.5845e-010
14870	4.697e-010
14871	4.7923e-010
14872	4.9026e-010
14873	5.0159e-010
14874	5.1288e-010
14875	5.2468e-010
14876	5.3548e-010
14877	5.5041e-010
14878	5.6089e-010
14879	5.7423e-010
14880	5.8713e-010
14881	5.9918e-010
14882	6.1206e-010
14883	6.2975e-010
14884	6.4866e-010
14885	6.5249e-010
14886	6.5224e-010
14887	6.5074e-010
14888	6.3423e-010
14889	6.1526e-010
14890	6.03e-010
14891	5.9295e-010
14892	5.8112e-010
14893	5.6715e-010
14894	5.6191e-010
14895	5.4223e-010
14896	5.3344e-010
14897	5.2215e-010
14898	5.1139e-010
14899	5.0044e-010
14900	4.8919e-010
14901	4.8489e-010
14902	4.7038e-010
14903	4.6286e-010
14904	4.528e-010
14905	4.4028e-010
14906	4.3298e-010
14907	4.2073e-010
14908	4.4375e-010
14909	4.0392e-010
14910	3.9718e-010
14911	3.8501e-010
14912	4.2096e-010
14913	3.7209e-010
14914	3.5779e-010
14915	3.7622e-010
14916	3.5731e-010
14917	3.2881e-010
14918	3.6825e-010
14919	3.3183e-010
14920	3.1564e-010
14921	3.8416e-010
14922	2.9209e-010
14923	3.4283e-010
14924	2.8882e-010
14925	2.9659e-010
14926	2.9346e-010
14927	2.5903e-010
14928	2.9366e-010
14929	2.3954e-010
14930	2.8358e-010
14931	2.2886e-010
14932	2.5977e-010
14933	2.287e-010
14934	2.2704e-010
14935	2.4159e-010
14936	1.9633e-010
14937	2.9225e-010
14938	1.7742e-010
14939	2.4546e-010
14940	1.8761e-010
14941	2.0231e-010
14942	3.5699e-010
14943	2.2552e-010
14944	3.5114e-010
14945	6.0854e-010
14946	8.9105e-010
14947	7.9527e-010
14948	7.3813e-010
14949	6.9195e-010
14950	1.9425e-009
14951	3.2614e-010
14952	2.6565e-010
14953	1.5956e-010
14954	1.9824e-010
14955	2.1311e-010
14956	2.3616e-010
14957	2.4327e-010
14958	2.359e-010
14959	2.5276e-010
14960	2.3725e-010
14961	2.397e-010
14962	2.4818e-010
14963	2.3574e-010
14964	2.5633e-010
14965	2.4544e-010
14966	2.5951e-010
14967	2.6183e-010
14968	2.6711e-010
14969	2.7761e-010
14970	2.7788e-010
14971	2.9217e-010
14972	2.9083e-010
14973	3.0536e-010
14974	3.0578e-010
14975	3.1763e-010
14976	3.2275e-010
14977	3.2846e-010
14978	3.4184e-010
14979	3.4004e-010
14980	3.5919e-010
14981	3.575e-010
14982	3.6863e-010
14983	3.8132e-010
14984	3.8268e-010
14985	3.9566e-010
14986	4.0637e-010
14987	4.1053e-010
14988	4.1987e-010
14989	4.3767e-010
14990	4.3863e-010
14991	4.5034e-010
14992	4.6021e-010
14993	4.7579e-010
14994	4.8197e-010
14995	4.9289e-010
14996	5.0369e-010
14997	5.1597e-010
14998	5.2779e-010
14999	5.3905e-010
15000	5.532e-010
15001	5.6366e-010
15002	5.7676e-010
15003	5.9e-010
15004	6.0317e-010
15005	6.1688e-010
15006	6.2875e-010
15007	6.4894e-010
15008	6.593e-010
15009	6.7602e-010
15010	6.9114e-010
15011	7.0248e-010
15012	7.1712e-010
15013	7.428e-010
15014	7.7002e-010
15015	7.6153e-010
15016	7.6018e-010
15017	7.7305e-010
15018	7.4991e-010
15019	7.2058e-010
15020	7.057e-010
15021	6.9813e-010
15022	6.8437e-010
15023	6.6598e-010
15024	6.6585e-010
15025	6.3543e-010
15026	6.2788e-010
15027	6.1446e-010
15028	6.0175e-010
15029	5.886e-010
15030	5.7449e-010
15031	5.7451e-010
15032	5.5253e-010
15033	5.4567e-010
15034	5.3327e-010
15035	5.1427e-010
15036	5.0657e-010
15037	4.891e-010
15038	5.4083e-010
15039	4.6911e-010
15040	4.6161e-010
15041	4.3832e-010
15042	5.2028e-010
15043	4.2739e-010
15044	4.0407e-010
15045	4.5783e-010
15046	4.2581e-010
15047	3.6129e-010
15048	4.5645e-010
15049	3.8516e-010
15050	3.434e-010
15051	4.8658e-010
15052	3.0563e-010
15053	4.2442e-010
15054	3.3067e-010
15055	3.4123e-010
15056	3.5537e-010
15057	2.8762e-010
15058	3.635e-010
15059	2.6007e-010
15060	3.5217e-010
15061	2.5244e-010
15062	3.1692e-010
15063	2.6374e-010
15064	2.6478e-010
15065	2.9551e-010
15066	2.0632e-010
15067	3.7055e-010
15068	1.7773e-010
15069	3.0785e-010
15070	2.1679e-010
15071	2.0797e-010
15072	4.4037e-010
15073	2.3043e-010
15074	3.7347e-010
15075	6.5965e-010
15076	1.0076e-009
15077	7.7307e-010
15078	8.8275e-010
15079	9.6707e-010
15080	1.8621e-009
15081	3.1594e-010
15082	2.174e-010
15083	1.1666e-010
15084	1.7148e-010
15085	1.8868e-010
15086	2.0907e-010
15087	2.1561e-010
15088	2.1001e-010
15089	2.1929e-010
15090	2.0789e-010
15091	2.0754e-010
15092	2.1153e-010
15093	2.0393e-010
15094	2.1598e-010
15095	2.1074e-010
15096	2.1984e-010
15097	2.2273e-010
15098	2.2738e-010
15099	2.3506e-010
15100	2.3738e-010
15101	2.4707e-010
15102	2.4866e-010
15103	2.5829e-010
15104	2.6096e-010
15105	2.6928e-010
15106	2.7451e-010
15107	2.8008e-010
15108	2.8905e-010
15109	2.913e-010
15110	3.032e-010
15111	3.0555e-010
15112	3.1389e-010
15113	3.2294e-010
15114	3.2694e-010
15115	3.3612e-010
15116	3.4453e-010
15117	3.5013e-010
15118	3.5795e-010
15119	3.6978e-010
15120	3.7414e-010
15121	3.8344e-010
15122	3.9187e-010
15123	4.0321e-010
15124	4.1018e-010
15125	4.1947e-010
15126	4.2882e-010
15127	4.388e-010
15128	4.4877e-010
15129	4.5867e-010
15130	4.6985e-010
15131	4.7938e-010
15132	4.9036e-010
15133	5.0157e-010
15134	5.13e-010
15135	5.2471e-010
15136	5.3531e-010
15137	5.5029e-010
15138	5.6067e-010
15139	5.7427e-010
15140	5.8706e-010
15141	5.9872e-010
15142	6.1157e-010
15143	6.2943e-010
15144	6.4837e-010
15145	6.5257e-010
15146	6.5201e-010
15147	6.5053e-010
15148	6.3375e-010
15149	6.1504e-010
15150	6.0288e-010
15151	5.9282e-010
15152	5.8098e-010
15153	5.6713e-010
15154	5.6201e-010
15155	5.4201e-010
15156	5.3363e-010
15157	5.2232e-010
15158	5.1149e-010
15159	5.0056e-010
15160	4.8926e-010
15161	4.8488e-010
15162	4.703e-010
15163	4.6274e-010
15164	4.5261e-010
15165	4.4008e-010
15166	4.3296e-010
15167	4.2104e-010
15168	4.4171e-010
15169	4.0413e-010
15170	3.9731e-010
15171	3.8517e-010
15172	4.2112e-010
15173	3.7231e-010
15174	3.5802e-010
15175	3.7627e-010
15176	3.5737e-010
15177	3.2891e-010
15178	3.6813e-010
15179	3.317e-010
15180	3.1548e-010
15181	3.8384e-010
15182	2.9173e-010
15183	3.424e-010
15184	2.8846e-010
15185	2.9619e-010
15186	2.9299e-010
15187	2.5851e-010
15188	2.9319e-010
15189	2.3906e-010
15190	2.8322e-010
15191	2.2851e-010
15192	2.5951e-010
15193	2.2848e-010
15194	2.2682e-010
15195	2.4138e-010
15196	1.9617e-010
15197	2.919e-010
15198	1.7742e-010
15199	2.4534e-010
15200	1.8756e-010
15201	2.0239e-010
15202	3.5713e-010
15203	2.2534e-010
15204	3.5069e-010
15205	6.0804e-010
15206	8.9114e-010
15207	7.9514e-010
15208	7.3837e-010
15209	6.9188e-010
15210	1.9416e-009
15211	3.1594e-010
15212	2.174e-010
15213	1.1666e-010
15214	1.7148e-010
15215	1.8868e-010
15216	2.0907e-010
15217	2.1561e-010
15218	2.1001e-010
15219	2.1929e-010
15220	2.0789e-010
15221	2.0754e-010
15222	2.1153e-010
15223	2.0393e-010
15224	2.1598e-010
15225	2.1074e-010
15226	2.1984e-010
15227	2.2273e-010
15228	2.2738e-010
15229	2.3506e-010
15230	2.3738e-010
15231	2.4707e-010
15232	2.4866e-010
15233	2.5829e-010
15234	2.6096e-010
15235	2.6928e-010
15236	2.7451e-010
15237	2.8008e-010
15238	2.8905e-010
15239	2.913e-010
15240	3.032e-010
15241	3.0555e-010
15242	3.1389e-010
15243	3.2294e-010
15244	3.2694e-010
15245	3.3612e-010
15246	3.4453e-010
15247	3.5012e-010
15248	3.5795e-010
15249	3.6978e-010
15250	3.7414e-010
15251	3.8344e-010
15252	3.9187e-010
15253	4.0321e-010
15254	4.1018e-010
15255	4.1947e-010
15256	4.2882e-010
15257	4.388e-010
15258	4.4877e-010
15259	4.5867e-010
15260	4.6985e-010
15261	4.7938e-010
15262	4.9036e-010
15263	5.0157e-010
15264	5.13e-010
15265	5.2471e-010
15266	5.3531e-010
15267	5.5029e-010
15268	5.6067e-010
15269	5.7427e-010
15270	5.8706e-010
15271	5.9872e-010
15272	6.1157e-010
15273	6.2943e-010
15274	6.4837e-010
15275	6.5257e-010
15276	6.5201e-010
15277	6.5053e-010
15278	6.3375e-010
15279	6.1504e-010
15280	6.0288e-010
15281	5.9282e-010
15282	5.8098e-010
15283	5.6713e-010
15284	5.6201e-010
15285	5.4201e-010
15286	5.3363e-010
15287	5.2232e-010
15288	5.1149e-010
15289	5.0056e-010
15290	4.8927e-010
15291	4.8488e-010
15292	4.7031e-010
15293	4.6274e-010
15294	4.5262e-010
15295	4.4006e-010
15296	4.3309e-010
15297	4.2059e-010
15298	4.4193e-010
15299	4.0369e-010
15300	3.9743e-010
15301	3.8516e-010
15302	4.2112e-010
15303	3.7231e-010
15304	3.5802e-010
15305	3.7627e-010
15306	3.5737e-010
15307	3.2891e-010
15308	3.6813e-010
15309	3.317e-010
15310	3.1548e-010
15311	3.8384e-010
15312	2.9173e-010
15313	3.4239e-010
15314	2.8846e-010
15315	2.9619e-010
15316	2.9299e-010
15317	2.5851e-010
15318	2.9319e-010
15319	2.3906e-010
15320	2.8322e-010
15321	2.2851e-010
15322	2.5951e-010
15323	2.2848e-010
15324	2.2682e-010
15325	2.4138e-010
15326	1.9617e-010
15327	2.919e-010
15328	1.7742e-010
15329	2.4534e-010
15330	1.8756e-010
15331	2.0239e-010
15332	3.5713e-010
15333	2.2534e-010
15334	3.5069e-010
15335	6.0804e-010
15336	8.9114e-010
15337	7.9514e-010
15338	7.3837e-010
15339	6.9188e-010
15340	1.9416e-009
15341	3.2614e-010
15342	2.6565e-010
15343	1.5956e-010
15344	1.9824e-010
15345	2.1311e-010
15346	2.3616e-010
15347	2.4327e-010
15348	2.359e-010
15349	2.5276e-010
15350	2.3725e-010
15351	2.397e-010
15352	2.4818e-010
15353	2.3574e-010
15354	2.5633e-010
15355	2.4544e-010
15356	2.5951e-010
15357	2.6183e-010
15358	2.6711e-010
15359	2.7761e-010
15360	2.7788e-010
15361	2.9217e-010
15362	2.9083e-010
15363	3.0536e-010
15364	3.0578e-010
15365	3.1763e-010
15366	3.2275e-010
15367	3.2846e-010
15368	3.4184e-010
15369	3.4004e-010
15370	3.5919e-010
15371	3.575e-010
15372	3.6863e-010
15373	3.8132e-010
15374	3.8268e-010
15375	3.9566e-010
15376	4.0637e-010
15377	4.1053e-010
15378	4.1987e-010
15379	4.3767e-010
15380	4.3863e-010
15381	4.5034e-010
15382	4.6021e-010
15383	4.7579e-010
15384	4.8197e-010
15385	4.9289e-010
15386	5.0369e-010
15387	5.1597e-010
15388	5.2779e-010
15389	5.3905e-010
15390	5.532e-010
15391	5.6366e-010
15392	5.7676e-010
15393	5.9e-010
15394	6.0317e-010
15395	6.1688e-010
15396	6.2875e-010
15397	6.4894e-010
15398	6.593e-010
15399	6.7602e-010
15400	6.9114e-010
15401	7.0248e-010
15402	7.1712e-010
15403	7.428e-010
15404	7.7002e-010
15405	7.6153e-010
15406	7.6018e-010
15407	7.7305e-010
15408	7.4991e-010
15409	7.2058e-010
15410	7.057e-010
15411	6.9812e-010
15412	6.8437e-010
15413	6.6598e-010
15414	6.6585e-010
15415	6.3543e-010
15416	6.2788e-010
15417	6.1446e-010
15418	6.0174e-010
15419	5.886e-010
15420	5.745e-010
15421	5.7452e-010
15422	5.5254e-010
15423	5.4567e-010
15424	5.333e-010
15425	5.1418e-010
15426	5.0676e-010
15427	4.8873e-010
15428	5.4076e-010
15429	4.6871e-010
15430	4.6178e-010
15431	4.3823e-010
15432	5.2034e-010
15433	4.2737e-010
15434	4.0407e-010
15435	4.5783e-010
15436	4.2581e-010
15437	3.6129e-010
15438	4.5645e-010
15439	3.8516e-010
15440	3.434e-010
15441	4.8658e-010
15442	3.0563e-010
15443	4.2442e-010
15444	3.3067e-010
15445	3.4123e-010
15446	3.5537e-010
15447	2.8762e-010
15448	3.635e-010
15449	2.6007e-010
15450	3.5217e-010
15451	2.5244e-010
15452	3.1692e-010
15453	2.6374e-010
15454	2.6478e-010
15455	2.9551e-010
15456	2.0632e-010
15457	3.7055e-010
15458	1.7773e-010
15459	3.0785e-010
15460	2.1679e-010
15461	2.0797e-010
15462	4.4037e-010
15463	2.3043e-010
15464	3.7347e-010
15465	6.5965e-010
15466	1.0076e-009
15467	7.7307e-010
15468	8.8275e-010
15469	9.6707e-010
15470	1.8621e-009
15471	3.1577e-010
15472	2.1732e-010
15473	1.1657e-010
15474	1.7135e-010
15475	1.8856e-010
15476	2.0896e-010
15477	2.1552e-010
15478	2.0996e-010
15479	2.1927e-010
15480	2.0787e-010
15481	2.0752e-010
15482	2.1149e-010
15483	2.0391e-010
15484	2.1596e-010
15485	2.1066e-010
15486	2.1966e-010
15487	2.2256e-010
15488	2.2729e-010
15489	2.3497e-010
15490	2.3718e-010
15491	2.4684e-010
15492	2.4854e-010
15493	2.5827e-010
15494	2.6101e-010
15495	2.6933e-010
15496	2.7451e-010
15497	2.8002e-010
15498	2.8896e-010
15499	2.9114e-010
15500	3.0298e-010
15501	3.0534e-010
15502	3.1361e-010
15503	3.2262e-010
15504	3.2683e-010
15505	3.3619e-010
15506	3.4449e-010
15507	3.5005e-010
15508	3.5787e-010
15509	3.6968e-010
15510	3.7396e-010
15511	3.833e-010
15512	3.9181e-010
15513	4.0304e-010
15514	4.0988e-010
15515	4.1923e-010
15516	4.2856e-010
15517	4.3862e-010
15518	4.4876e-010
15519	4.5845e-010
15520	4.697e-010
15521	4.7923e-010
15522	4.9026e-010
15523	5.0159e-010
15524	5.1288e-010
15525	5.2468e-010
15526	5.3548e-010
15527	5.5041e-010
15528	5.6089e-010
15529	5.7423e-010
15530	5.8713e-010
15531	5.9918e-010
15532	6.1206e-010
15533	6.2975e-010
15534	6.4866e-010
15535	6.5249e-010
15536	6.5224e-010
15537	6.5074e-010
15538	6.3423e-010
15539	6.1526e-010
15540	6.03e-010
15541	5.9295e-010
15542	5.8112e-010
15543	5.6715e-010
15544	5.6191e-010
15545	5.4223e-010
15546	5.3344e-010
15547	5.2215e-010
15548	5.1139e-010
15549	5.0046e-010
15550	4.8916e-010
15551	4.8494e-010
15552	4.7035e-010
15553	4.6286e-010
15554	4.5281e-010
15555	4.4023e-010
15556	4.3324e-010
15557	4.2004e-010
15558	4.445e-010
15559	4.0324e-010
15560	3.9741e-010
15561	3.8498e-010
15562	4.2106e-010
15563	3.7209e-010
15564	3.5778e-010
15565	3.7623e-010
15566	3.5731e-010
15567	3.2881e-010
15568	3.6825e-010
15569	3.3183e-010
15570	3.1564e-010
15571	3.8416e-010
15572	2.9209e-010
15573	3.4283e-010
15574	2.8882e-010
15575	2.9659e-010
15576	2.9346e-010
15577	2.5903e-010
15578	2.9366e-010
15579	2.3954e-010
15580	2.8358e-010
15581	2.2886e-010
15582	2.5977e-010
15583	2.287e-010
15584	2.2704e-010
15585	2.4159e-010
15586	1.9633e-010
15587	2.9225e-010
15588	1.7742e-010
15589	2.4547e-010
15590	1.8761e-010
15591	2.0231e-010
15592	3.5699e-010
15593	2.2552e-010
15594	3.5114e-010
15595	6.0854e-010
15596	8.9105e-010
15597	7.9527e-010
15598	7.3813e-010
15599	6.9195e-010
15600	1.9425e-009
15601	3.1572e-010
15602	2.173e-010
15603	1.1655e-010
15604	1.7133e-010
15605	1.8856e-010
15606	2.0898e-010
15607	2.1554e-010
15608	2.0995e-010
15609	2.1923e-010
15610	2.0782e-010
15611	2.0745e-010
15612	2.1143e-010
15613	2.0387e-010
15614	2.1593e-010
15615	2.1064e-010
15616	2.1966e-010
15617	2.2255e-010
15618	2.2728e-010
15619	2.3493e-010
15620	2.371e-010
15621	2.4674e-010
15622	2.4846e-010
15623	2.582e-010
15624	2.6089e-010
15625	2.6914e-010
15626	2.7426e-010
15627	2.7976e-010
15628	2.8876e-010
15629	2.9105e-010
15630	3.0298e-010
15631	3.0538e-010
15632	3.1361e-010
15633	3.2254e-010
15634	3.2667e-010
15635	3.3604e-010
15636	3.4442e-010
15637	3.499e-010
15638	3.5758e-010
15639	3.694e-010
15640	3.7374e-010
15641	3.8309e-010
15642	3.9148e-010
15643	4.0278e-010
15644	4.0972e-010
15645	4.1915e-010
15646	4.2837e-010
15647	4.3825e-010
15648	4.4838e-010
15649	4.5814e-010
15650	4.6953e-010
15651	4.7908e-010
15652	4.9011e-010
15653	5.0141e-010
15654	5.1283e-010
15655	5.2458e-010
15656	5.3552e-010
15657	5.5069e-010
15658	5.6126e-010
15659	5.7466e-010
15660	5.876e-010
15661	5.9976e-010
15662	6.1261e-010
15663	6.3045e-010
15664	6.4944e-010
15665	6.5336e-010
15666	6.531e-010
15667	6.5169e-010
15668	6.3476e-010
15669	6.1583e-010
15670	6.0354e-010
15671	5.9345e-010
15672	5.8143e-010
15673	5.6748e-010
15674	5.6227e-010
15675	5.4233e-010
15676	5.335e-010
15677	5.2231e-010
15678	5.1144e-010
15679	5.0049e-010
15680	4.8912e-010
15681	4.8458e-010
15682	4.7002e-010
15683	4.625e-010
15684	4.5238e-010
15685	4.3979e-010
15686	4.3262e-010
15687	4.2004e-010
15688	4.4519e-010
15689	4.0345e-010
15690	3.9712e-010
15691	3.852e-010
15692	4.2104e-010
15693	3.7242e-010
15694	3.5804e-010
15695	3.7657e-010
15696	3.5782e-010
15697	3.2952e-010
15698	3.6886e-010
15699	3.3258e-010
15700	3.1646e-010
15701	3.8479e-010
15702	2.928e-010
15703	3.4336e-010
15704	2.8931e-010
15705	2.9708e-010
15706	2.9397e-010
15707	2.5953e-010
15708	2.9425e-010
15709	2.4016e-010
15710	2.8423e-010
15711	2.2949e-010
15712	2.6035e-010
15713	2.2918e-010
15714	2.274e-010
15715	2.419e-010
15716	1.9659e-010
15717	2.9245e-010
15718	1.7767e-010
15719	2.4569e-010
15720	1.8782e-010
15721	2.0255e-010
15722	3.5713e-010
15723	2.2571e-010
15724	3.5132e-010
15725	6.0875e-010
15726	8.9154e-010
15727	7.9532e-010
15728	7.3828e-010
15729	6.924e-010
15730	1.9429e-009
15731	3.2603e-010
15732	2.6558e-010
15733	1.5945e-010
15734	1.9805e-010
15735	2.1291e-010
15736	2.3596e-010
15737	2.4307e-010
15738	2.3571e-010
15739	2.5257e-010
15740	2.3705e-010
15741	2.3947e-010
15742	2.4794e-010
15743	2.355e-010
15744	2.561e-010
15745	2.4519e-010
15746	2.5926e-010
15747	2.6159e-010
15748	2.6692e-010
15749	2.7745e-010
15750	2.777e-010
15751	2.92e-010
15752	2.9072e-010
15753	3.0527e-010
15754	3.0566e-010
15755	3.1742e-010
15756	3.2245e-010
15757	3.2808e-010
15758	3.4148e-010
15759	3.3975e-010
15760	3.5901e-010
15761	3.5742e-010
15762	3.6855e-010
15763	3.8124e-010
15764	3.8251e-010
15765	3.9538e-010
15766	4.0605e-010
15767	4.1017e-010
15768	4.1946e-010
15769	4.3725e-010
15770	4.3823e-010
15771	4.4998e-010
15772	4.5972e-010
15773	4.7527e-010
15774	4.8155e-010
15775	4.9267e-010
15776	5.0344e-010
15777	5.1567e-010
15778	5.2755e-010
15779	5.3865e-010
15780	5.5298e-010
15781	5.634e-010
15782	5.7639e-010
15783	5.8958e-010
15784	6.0303e-010
15785	6.1679e-010
15786	6.2881e-010
15787	6.4916e-010
15788	6.596e-010
15789	6.7615e-010
15790	6.9141e-010
15791	7.0295e-010
15792	7.1743e-010
15793	7.4307e-010
15794	7.7044e-010
15795	7.6187e-010
15796	7.6063e-010
15797	7.7354e-010
15798	7.5004e-010
15799	7.2071e-010
15800	7.0584e-010
15801	6.9834e-010
15802	6.8462e-010
15803	6.6625e-010
15804	6.6596e-010
15805	6.3546e-010
15806	6.2783e-010
15807	6.1454e-010
15808	6.018e-010
15809	5.8846e-010
15810	5.7402e-010
15811	5.7389e-010
15812	5.5208e-010
15813	5.4539e-010
15814	5.3309e-010
15815	5.1384e-010
15816	5.0651e-010
15817	4.882e-010
15818	5.3609e-010
15819	4.6824e-010
15820	4.6207e-010
15821	4.368e-010
15822	5.2163e-010
15823	4.2618e-010
15824	4.0459e-010
15825	4.5802e-010
15826	4.2616e-010
15827	3.6168e-010
15828	4.5712e-010
15829	3.8584e-010
15830	3.4407e-010
15831	4.875e-010
15832	3.0633e-010
15833	4.2532e-010
15834	3.3143e-010
15835	3.4206e-010
15836	3.5629e-010
15837	2.8837e-010
15838	3.6443e-010
15839	2.6068e-010
15840	3.5298e-010
15841	2.5293e-010
15842	3.176e-010
15843	2.6418e-010
15844	2.6514e-010
15845	2.9592e-010
15846	2.0654e-010
15847	3.71e-010
15848	1.7795e-010
15849	3.0824e-010
15850	2.171e-010
15851	2.0832e-010
15852	4.4063e-010
15853	2.3067e-010
15854	3.7373e-010
15855	6.5997e-010
15856	1.0083e-009
15857	7.7297e-010
15858	8.8296e-010
15859	9.68e-010
15860	1.8628e-009
15861	3.1572e-010
15862	2.173e-010
15863	1.1655e-010
15864	1.7133e-010
15865	1.8856e-010
15866	2.0898e-010
15867	2.1554e-010
15868	2.0995e-010
15869	2.1923e-010
15870	2.0782e-010
15871	2.0745e-010
15872	2.1143e-010
15873	2.0387e-010
15874	2.1593e-010
15875	2.1064e-010
15876	2.1966e-010
15877	2.2255e-010
15878	2.2728e-010
15879	2.3493e-010
15880	2.371e-010
15881	2.4674e-010
15882	2.4846e-010
15883	2.582e-010
15884	2.6089e-010
15885	2.6914e-010
15886	2.7426e-010
15887	2.7976e-010
15888	2.8876e-010
15889	2.9105e-010
15890	3.0298e-010
15891	3.0538e-010
15892	3.1361e-010
15893	3.2254e-010
15894	3.2667e-010
15895	3.3604e-010
15896	3.4442e-010
15897	3.499e-010
15898	3.5758e-010
15899	3.694e-010
15900	3.7374e-010
15901	3.831e-010
15902	3.9148e-010
15903	4.0278e-010
15904	4.0972e-010
15905	4.1915e-010
15906	4.2837e-010
15907	4.3825e-010
15908	4.4838e-010
15909	4.5814e-010
15910	4.6953e-010
15911	4.7908e-010
15912	4.9011e-010
15913	5.0141e-010
15914	5.1283e-010
15915	5.2458e-010
15916	5.3552e-010
15917	5.5069e-010
15918	5.6126e-010
15919	5.7466e-010
15920	5.876e-010
15921	5.9976e-010
15922	6.1261e-010
15923	6.3045e-010
15924	6.4944e-010
15925	6.5336e-010
15926	6.531e-010
15927	6.5169e-010
15928	6.3476e-010
15929	6.1583e-010
15930	6.0354e-010
15931	5.9345e-010
15932	5.8143e-010
15933	5.6748e-010
15934	5.6227e-010
15935	5.4233e-010
15936	5.335e-010
15937	5.223e-010
15938	5.1145e-010
15939	5.0041e-010
15940	4.895e-010
15941	4.8422e-010
15942	4.7039e-010
15943	4.6241e-010
15944	4.5238e-010
15945	4.397e-010
15946	4.3189e-010
15947	4.2258e-010
15948	4.3746e-010
15949	4.0581e-010
15950	3.9683e-010
15951	3.8484e-010
15952	4.2452e-010
15953	3.7213e-010
15954	3.584e-010
15955	3.7656e-010
15956	3.5783e-010
15957	3.2952e-010
15958	3.6886e-010
15959	3.3258e-010
15960	3.1646e-010
15961	3.8479e-010
15962	2.928e-010
15963	3.4336e-010
15964	2.8931e-010
15965	2.9708e-010
15966	2.9397e-010
15967	2.5953e-010
15968	2.9425e-010
15969	2.4016e-010
15970	2.8423e-010
15971	2.2949e-010
15972	2.6035e-010
15973	2.2917e-010
15974	2.274e-010
15975	2.419e-010
15976	1.9659e-010
15977	2.9245e-010
15978	1.7767e-010
15979	2.4569e-010
15980	1.8782e-010
15981	2.0255e-010
15982	3.5713e-010
15983	2.2571e-010
15984	3.5132e-010
15985	6.0875e-010
15986	8.9154e-010
15987	7.9532e-010
15988	7.3828e-010
15989	6.924e-010
15990	1.9429e-009
15991	3.1577e-010
15992	2.1732e-010
15993	1.1657e-010
15994	1.7135e-010
15995	1.8856e-010
15996	2.0896e-010
15997	2.1552e-010
15998	2.0996e-010
15999	2.1927e-010
16000	2.0787e-010
16001	2.0752e-010
16002	2.1149e-010
16003	2.0391e-010
16004	2.1596e-010
16005	2.1066e-010
16006	2.1966e-010
16007	2.2256e-010
16008	2.2729e-010
16009	2.3497e-010
16010	2.3718e-010
16011	2.4684e-010
16012	2.4854e-010
16013	2.5827e-010
16014	2.6101e-010
16015	2.6933e-010
16016	2.7451e-010
16017	2.8002e-010
16018	2.8896e-010
16019	2.9115e-010
16020	3.0298e-010
16021	3.0534e-010
16022	3.1361e-010
16023	3.2262e-010
16024	3.2683e-010
16025	3.3619e-010
16026	3.4449e-010
16027	3.5005e-010
16028	3.5787e-010
16029	3.6968e-010
16030	3.7396e-010
16031	3.833e-010
16032	3.9181e-010
16033	4.0304e-010
16034	4.0988e-010
16035	4.1923e-010
16036	4.2856e-010
16037	4.3862e-010
16038	4.4876e-010
16039	4.5845e-010
16040	4.697e-010
16041	4.7923e-010
16042	4.9026e-010
16043	5.0159e-010
16044	5.1288e-010
16045	5.2468e-010
16046	5.3548e-010
16047	5.5041e-010
16048	5.6089e-010
16049	5.7423e-010
16050	5.8713e-010
16051	5.9918e-010
16052	6.1206e-010
16053	6.2975e-010
16054	6.4866e-010
16055	6.5249e-010
16056	6.5224e-010
16057	6.5074e-010
16058	6.3423e-010
16059	6.1526e-010
16060	6.03e-010
16061	5.9295e-010
16062	5.8112e-010
16063	5.6715e-010
16064	5.6191e-010
16065	5.4223e-010
16066	5.3344e-010
16067	5.2214e-010
16068	5.1139e-010
16069	5.0039e-010
16070	4.8955e-010
16071	4.8422e-010
16072	4.7072e-010
16073	4.628e-010
16074	4.5278e-010
16075	4.4034e-010
16076	4.3277e-010
16077	4.212e-010
16078	4.4401e-010
16079	4.044e-010
16080	3.9776e-010
16081	3.8393e-010
16082	4.3015e-010
16083	3.7095e-010
16084	3.5852e-010
16085	3.7626e-010
16086	3.5733e-010
16087	3.2881e-010
16088	3.6825e-010
16089	3.3183e-010
16090	3.1564e-010
16091	3.8416e-010
16092	2.9209e-010
16093	3.4283e-010
16094	2.8882e-010
16095	2.9659e-010
16096	2.9346e-010
16097	2.5903e-010
16098	2.9366e-010
16099	2.3954e-010
16100	2.8358e-010
16101	2.2886e-010
16102	2.5977e-010
16103	2.287e-010
16104	2.2704e-010
16105	2.4159e-010
16106	1.9633e-010
16107	2.9225e-010
16108	1.7742e-010
16109	2.4546e-010
16110	1.8761e-010
16111	2.0231e-010
16112	3.5699e-010
16113	2.2552e-010
16114	3.5114e-010
16115	6.0854e-010
16116	8.9105e-010
16117	7.9527e-010
16118	7.3813e-010
16119	6.9195e-010
16120	1.9425e-009
16121	3.2614e-010
16122	2.6565e-010
16123	1.5956e-010
16124	1.9824e-010
16125	2.1311e-010
16126	2.3616e-010
16127	2.4327e-010
16128	2.359e-010
16129	2.5276e-010
16130	2.3725e-010
16131	2.397e-010
16132	2.4818e-010
16133	2.3574e-010
16134	2.5633e-010
16135	2.4544e-010
16136	2.5951e-010
16137	2.6183e-010
16138	2.6711e-010
16139	2.7761e-010
16140	2.7788e-010
16141	2.9217e-010
16142	2.9083e-010
16143	3.0536e-010
16144	3.0578e-010
16145	3.1763e-010
16146	3.2275e-010
16147	3.2846e-010
16148	3.4184e-010
16149	3.4004e-010
16150	3.5918e-010
16151	3.575e-010
16152	3.6863e-010
16153	3.8132e-010
16154	3.8268e-010
16155	3.9566e-010
16156	4.0637e-010
16157	4.1053e-010
16158	4.1987e-010
16159	4.3767e-010
16160	4.3863e-010
16161	4.5034e-010
16162	4.6021e-010
16163	4.7579e-010
16164	4.8197e-010
16165	4.9289e-010
16166	5.0368e-010
16167	5.1597e-010
16168	5.2779e-010
16169	5.3905e-010
16170	5.532e-010
16171	5.6366e-010
16172	5.7676e-010
16173	5.9e-010
16174	6.0317e-010
16175	6.1688e-010
16176	6.2875e-010
16177	6.4894e-010
16178	6.593e-010
16179	6.7602e-010
16180	6.9114e-010
16181	7.0248e-010
16182	7.1712e-010
16183	7.428e-010
16184	7.7003e-010
16185	7.6153e-010
16186	7.6018e-010
16187	7.7305e-010
16188	7.4991e-010
16189	7.2058e-010
16190	7.057e-010
16191	6.9812e-010
16192	6.8437e-010
16193	6.6598e-010
16194	6.6586e-010
16195	6.3543e-010
16196	6.2789e-010
16197	6.1444e-010
16198	6.0177e-010
16199	5.886e-010
16200	5.7456e-010
16201	5.7427e-010
16202	5.5261e-010
16203	5.4565e-010
16204	5.3332e-010
16205	5.1418e-010
16206	5.0699e-010
16207	4.8749e-010
16208	5.4064e-010
16209	4.6757e-010
16210	4.635e-010
16211	4.3459e-010
16212	5.3307e-010
16213	4.2385e-010
16214	4.0547e-010
16215	4.5776e-010
16216	4.2586e-010
16217	3.6129e-010
16218	4.5645e-010
16219	3.8516e-010
16220	3.434e-010
16221	4.8658e-010
16222	3.0563e-010
16223	4.2442e-010
16224	3.3067e-010
16225	3.4123e-010
16226	3.5538e-010
16227	2.8762e-010
16228	3.635e-010
16229	2.6007e-010
16230	3.5217e-010
16231	2.5244e-010
16232	3.1692e-010
16233	2.6374e-010
16234	2.6478e-010
16235	2.9551e-010
16236	2.0632e-010
16237	3.7055e-010
16238	1.7773e-010
16239	3.0785e-010
16240	2.1679e-010
16241	2.0797e-010
16242	4.4037e-010
16243	2.3043e-010
16244	3.7347e-010
16245	6.5965e-010
16246	1.0076e-009
16247	7.7307e-010
16248	8.8275e-010
16249	9.6707e-010
16250	1.8621e-009
16251	3.1594e-010
16252	2.174e-010
16253	1.1666e-010
16254	1.7148e-010
16255	1.8868e-010
16256	2.0907e-010
16257	2.1561e-010
16258	2.1001e-010
16259	2.1929e-010
16260	2.0789e-010
16261	2.0754e-010
16262	2.1153e-010
16263	2.0393e-010
16264	2.1598e-010
16265	2.1074e-010
16266	2.1984e-010
16267	2.2273e-010
16268	2.2738e-010
16269	2.3506e-010
16270	2.3738e-010
16271	2.4707e-010
16272	2.4866e-010
16273	2.5829e-010
16274	2.6096e-010
16275	2.6928e-010
16276	2.7451e-010
16277	2.8008e-010
16278	2.8905e-010
16279	2.913e-010
16280	3.032e-010
16281	3.0555e-010
16282	3.1389e-010
16283	3.2294e-010
16284	3.2694e-010
16285	3.3612e-010
16286	3.4453e-010
16287	3.5013e-010
16288	3.5795e-010
16289	3.6978e-010
16290	3.7415e-010
16291	3.8344e-010
16292	3.9187e-010
16293	4.0321e-010
16294	4.1018e-010
16295	4.1947e-010
16296	4.2882e-010
16297	4.388e-010
16298	4.4877e-010
16299	4.5867e-010
16300	4.6985e-010
16301	4.7938e-010
16302	4.9036e-010
16303	5.0157e-010
16304	5.13e-010
16305	5.2471e-010
16306	5.353e-010
16307	5.5029e-010
16308	5.6067e-010
16309	5.7427e-010
16310	5.8706e-010
16311	5.9872e-010
16312	6.1157e-010
16313	6.2943e-010
16314	6.4837e-010
16315	6.5257e-010
16316	6.5201e-010
16317	6.5053e-010
16318	6.3375e-010
16319	6.1504e-010
16320	6.0287e-010
16321	5.9282e-010
16322	5.8098e-010
16323	5.6713e-010
16324	5.6201e-010
16325	5.4201e-010
16326	5.3363e-010
16327	5.2231e-010
16328	5.115e-010
16329	5.0048e-010
16330	4.8968e-010
16331	4.8443e-010
16332	4.707e-010
16333	4.6265e-010
16334	4.526e-010
16335	4.4018e-010
16336	4.3299e-010
16337	4.2098e-010
16338	4.4403e-010
16339	4.0418e-010
16340	3.9833e-010
16341	3.8403e-010
16342	4.3069e-010
16343	3.7109e-010
16344	3.5894e-010
16345	3.7625e-010
16346	3.574e-010
16347	3.2891e-010
16348	3.6813e-010
16349	3.317e-010
16350	3.1548e-010
16351	3.8384e-010
16352	2.9173e-010
16353	3.424e-010
16354	2.8846e-010
16355	2.9619e-010
16356	2.9299e-010
16357	2.5851e-010
16358	2.9319e-010
16359	2.3906e-010
16360	2.8322e-010
16361	2.2851e-010
16362	2.5951e-010
16363	2.2848e-010
16364	2.2682e-010
16365	2.4138e-010
16366	1.9617e-010
16367	2.919e-010
16368	1.7742e-010
16369	2.4534e-010
16370	1.8756e-010
16371	2.0239e-010
16372	3.5713e-010
16373	2.2534e-010
16374	3.5069e-010
16375	6.0804e-010
16376	8.9114e-010
16377	7.9514e-010
16378	7.3837e-010
16379	6.9188e-010
16380	1.9416e-009
16381	3.1594e-010
16382	2.174e-010
16383	1.1666e-010
16384	1.7148e-010
16385	1.8868e-010
16386	2.0907e-010
16387	2.1561e-010
16388	2.1001e-010
16389	2.1929e-010
16390	2.0789e-010
16391	2.0754e-010
16392	2.1153e-010
16393	2.0393e-010
16394	2.1598e-010
16395	2.1074e-010
16396	2.1984e-010
16397	2.2273e-010
16398	2.2738e-010
16399	2.3506e-010
16400	2.3738e-010
16401	2.4707e-010
16402	2.4866e-010
16403	2.5829e-010
16404	2.6096e-010
16405	2.6928e-010
16406	2.7451e-010
16407	2.8008e-010
16408	2.8905e-010
16409	2.913e-010
16410	3.032e-010
16411	3.0555e-010
16412	3.1389e-010
16413	3.2293e-010
16414	3.2694e-010
16415	3.3612e-010
16416	3.4453e-010
16417	3.5013e-010
16418	3.5795e-010
16419	3.6978e-010
16420	3.7415e-010
16421	3.8344e-010
16422	3.9187e-010
16423	4.0321e-010
16424	4.1018e-010
16425	4.1947e-010
16426	4.2882e-010
16427	4.388e-010
16428	4.4877e-010
16429	4.5867e-010
16430	4.6985e-010
16431	4.7938e-010
16432	4.9036e-010
16433	5.0157e-010
16434	5.13e-010
16435	5.2471e-010
16436	5.353e-010
16437	5.5029e-010
16438	5.6067e-010
16439	5.7427e-010
16440	5.8706e-010
16441	5.9872e-010
16442	6.1157e-010
16443	6.2943e-010
16444	6.4837e-010
16445	6.5257e-010
16446	6.5201e-010
16447	6.5053e-010
16448	6.3375e-010
16449	6.1504e-010
16450	6.0287e-010
16451	5.9282e-010
16452	5.8098e-010
16453	5.6713e-010
16454	5.6201e-010
16455	5.4201e-010
16456	5.3363e-010
16457	5.2231e-010
16458	5.115e-010
16459	5.0053e-010
16460	4.894e-010
16461	4.8469e-010
16462	4.7044e-010
16463	4.6271e-010
16464	4.526e-010
16465	4.4018e-010
16466	4.3302e-010
16467	4.208e-010
16468	4.4397e-010
16469	4.04e-010
16470	3.9835e-010
16471	3.8409e-010
16472	4.3068e-010
16473	3.7114e-010
16474	3.5892e-010
16475	3.7625e-010
16476	3.574e-010
16477	3.2891e-010
16478	3.6813e-010
16479	3.317e-010
16480	3.1548e-010
16481	3.8384e-010
16482	2.9174e-010
16483	3.424e-010
16484	2.8846e-010
16485	2.9619e-010
16486	2.9299e-010
16487	2.5851e-010
16488	2.9319e-010
16489	2.3906e-010
16490	2.8322e-010
16491	2.2851e-010
16492	2.5951e-010
16493	2.2848e-010
16494	2.2682e-010
16495	2.4138e-010
16496	1.9617e-010
16497	2.919e-010
16498	1.7742e-010
16499	2.4534e-010
16500	1.8756e-010
16501	2.0239e-010
16502	3.5713e-010
16503	2.2534e-010
16504	3.5069e-010
16505	6.0804e-010
16506	8.9114e-010
16507	7.9514e-010
16508	7.3837e-010
16509	6.9188e-010
16510	1.9416e-009
16511	3.2614e-010
16512	2.6565e-010
16513	1.5956e-010
16514	1.9824e-010
16515	2.1311e-010
16516	2.3616e-010
16517	2.4327e-010
16518	2.359e-010
16519	2.5276e-010
16520	2.3725e-010
16521	2.397e-010
16522	2.4818e-010
16523	2.3574e-010
16524	2.5633e-010
16525	2.4544e-010
16526	2.5951e-010
16527	2.6183e-010
16528	2.6711e-010
16529	2.7761e-010
16530	2.7788e-010
16531	2.9217e-010
16532	2.9083e-010
16533	3.0536e-010
16534	3.0578e-010
16535	3.1763e-010
16536	3.2275e-010
16537	3.2846e-010
16538	3.4184e-010
16539	3.4004e-010
16540	3.5919e-010
16541	3.575e-010
16542	3.6863e-010
16543	3.8132e-010
16544	3.8268e-010
16545	3.9566e-010
16546	4.0637e-010
16547	4.1053e-010
16548	4.1987e-010
16549	4.3767e-010
16550	4.3863e-010
16551	4.5034e-010
16552	4.6021e-010
16553	4.7579e-010
16554	4.8197e-010
16555	4.9289e-010
16556	5.0369e-010
16557	5.1597e-010
16558	5.2779e-010
16559	5.3905e-010
16560	5.532e-010
16561	5.6366e-010
16562	5.7676e-010
16563	5.9e-010
16564	6.0317e-010
16565	6.1688e-010
16566	6.2875e-010
16567	6.4894e-010
16568	6.593e-010
16569	6.7602e-010
16570	6.9114e-010
16571	7.0248e-010
16572	7.1712e-010
16573	7.428e-010
16574	7.7003e-010
16575	7.6153e-010
16576	7.6018e-010
16577	7.7305e-010
16578	7.4991e-010
16579	7.2058e-010
16580	7.057e-010
16581	6.9812e-010
16582	6.8437e-010
16583	6.6598e-010
16584	6.6586e-010
16585	6.3543e-010
16586	6.2788e-010
16587	6.1445e-010
16588	6.0174e-010
16589	5.8867e-010
16590	5.7425e-010
16591	5.7451e-010
16592	5.523e-010
16593	5.4574e-010
16594	5.3327e-010
16595	5.1426e-010
16596	5.0659e-010
16597	4.8888e-010
16598	5.4023e-010
16599	4.6887e-010
16600	4.6315e-010
16601	4.3454e-010
16602	5.3394e-010
16603	4.2374e-010
16604	4.0549e-010
16605	4.5779e-010
16606	4.2586e-010
16607	3.6129e-010
16608	4.5645e-010
16609	3.8516e-010
16610	3.4341e-010
16611	4.8658e-010
16612	3.0563e-010
16613	4.2442e-010
16614	3.3067e-010
16615	3.4123e-010
16616	3.5538e-010
16617	2.8762e-010
16618	3.635e-010
16619	2.6007e-010
16620	3.5217e-010
16621	2.5244e-010
16622	3.1692e-010
16623	2.6374e-010
16624	2.6478e-010
16625	2.9551e-010
16626	2.0632e-010
16627	3.7055e-010
16628	1.7773e-010
16629	3.0785e-010
16630	2.1679e-010
16631	2.0797e-010
16632	4.4037e-010
16633	2.3043e-010
16634	3.7347e-010
16635	6.5965e-010
16636	1.0076e-009
16637	7.7307e-010
16638	8.8275e-010
16639	9.6707e-010
16640	1.8621e-009
16641	3.1577e-010
16642	2.1732e-010
16643	1.1657e-010
16644	1.7135e-010
16645	1.8856e-010
16646	2.0896e-010
16647	2.1552e-010
16648	2.0996e-010
16649	2.1927e-010
16650	2.0787e-010
16651	2.0752e-010
16652	2.1149e-010
16653	2.0391e-010
16654	2.1596e-010
16655	2.1066e-010
16656	2.1966e-010
16657	2.2256e-010
16658	2.2729e-010
16659	2.3497e-010
16660	2.3718e-010
16661	2.4684e-010
16662	2.4854e-010
16663	2.5827e-010
16664	2.6101e-010
16665	2.6933e-010
16666	2.7451e-010
16667	2.8002e-010
16668	2.8896e-010
16669	2.9115e-010
16670	3.0298e-010
16671	3.0534e-010
16672	3.1361e-010
16673	3.2262e-010
16674	3.2683e-010
16675	3.3619e-010
16676	3.4449e-010
16677	3.5005e-010
16678	3.5787e-010
16679	3.6968e-010
16680	3.7396e-010
16681	3.833e-010
16682	3.9181e-010
16683	4.0304e-010
16684	4.0988e-010
16685	4.1923e-010
16686	4.2856e-010
16687	4.3862e-010
16688	4.4876e-010
16689	4.5845e-010
16690	4.697e-010
16691	4.7923e-010
16692	4.9026e-010
16693	5.0159e-010
16694	5.1288e-010
16695	5.2468e-010
16696	5.3548e-010
16697	5.5041e-010
16698	5.6089e-010
16699	5.7423e-010
16700	5.8713e-010
16701	5.9918e-010
16702	6.1206e-010
16703	6.2975e-010
16704	6.4866e-010
16705	6.5249e-010
16706	6.5224e-010
16707	6.5074e-010
16708	6.3423e-010
16709	6.1526e-010
16710	6.03e-010
16711	5.9295e-010
16712	5.8112e-010
16713	5.6715e-010
16714	5.6191e-010
16715	5.4223e-010
16716	5.3343e-010
16717	5.2215e-010
16718	5.1138e-010
16719	5.0047e-010
16720	4.8913e-010
16721	4.8489e-010
16722	4.7032e-010
16723	4.6289e-010
16724	4.5277e-010
16725	4.4027e-010
16726	4.326e-010
16727	4.2155e-010
16728	4.4124e-010
16729	4.0458e-010
16730	3.9777e-010
16731	3.8384e-010
16732	4.3057e-010
16733	3.7091e-010
16734	3.5869e-010
16735	3.762e-010
16736	3.5734e-010
16737	3.2881e-010
16738	3.6825e-010
16739	3.3184e-010
16740	3.1564e-010
16741	3.8416e-010
16742	2.9209e-010
16743	3.4283e-010
16744	2.8882e-010
16745	2.9659e-010
16746	2.9346e-010
16747	2.5903e-010
16748	2.9366e-010
16749	2.3954e-010
16750	2.8358e-010
16751	2.2886e-010
16752	2.5977e-010
16753	2.287e-010
16754	2.2703e-010
16755	2.4159e-010
16756	1.9633e-010
16757	2.9225e-010
16758	1.7742e-010
16759	2.4547e-010
16760	1.8761e-010
16761	2.0231e-010
16762	3.5699e-010
16763	2.2552e-010
16764	3.5114e-010
16765	6.0854e-010
16766	8.9105e-010
16767	7.9527e-010
16768	7.3813e-010
16769	6.9195e-010
16770	1.9425e-009
16771	3.1572e-010
16772	2.173e-010
16773	1.1655e-010
16774	1.7133e-010
16775	1.8856e-010
16776	2.0898e-010
16777	2.1554e-010
16778	2.0995e-010
16779	2.1923e-010
16780	2.0782e-010
16781	2.0745e-010
16782	2.1143e-010
16783	2.0387e-010
16784	2.1593e-010
16785	2.1064e-010
16786	2.1966e-010
16787	2.2255e-010
16788	2.2728e-010
16789	2.3493e-010
16790	2.371e-010
16791	2.4674e-010
16792	2.4846e-010
16793	2.582e-010
16794	2.6089e-010
16795	2.6914e-010
16796	2.7426e-010
16797	2.7976e-010
16798	2.8876e-010
16799	2.9105e-010
16800	3.0298e-010
16801	3.0538e-010
16802	3.1361e-010
16803	3.2254e-010
16804	3.2667e-010
16805	3.3604e-010
16806	3.4442e-010
16807	3.499e-010
16808	3.5758e-010
16809	3.694e-010
16810	3.7374e-010
16811	3.831e-010
16812	3.9148e-010
16813	4.0278e-010
16814	4.0972e-010
16815	4.1915e-010
16816	4.2837e-010
16817	4.3825e-010
16818	4.4838e-010
16819	4.5814e-010
16820	4.6953e-010
16821	4.7908e-010
16822	4.9011e-010
16823	5.0141e-010
16824	5.1283e-010
16825	5.2458e-010
16826	5.3552e-010
16827	5.5069e-010
16828	5.6126e-010
16829	5.7466e-010
16830	5.876e-010
16831	5.9976e-010
16832	6.1261e-010
16833	6.3045e-010
16834	6.4944e-010
16835	6.5336e-010
16836	6.531e-010
16837	6.5169e-010
16838	6.3477e-010
16839	6.1583e-010
16840	6.0354e-010
16841	5.9345e-010
16842	5.8143e-010
16843	5.6748e-010
16844	5.6227e-010
16845	5.4233e-010
16846	5.335e-010
16847	5.2231e-010
16848	5.1145e-010
16849	5.0047e-010
16850	4.8911e-010
16851	4.8482e-010
16852	4.7001e-010
16853	4.6249e-010
16854	4.5238e-010
16855	4.3962e-010
16856	4.3171e-010
16857	4.2284e-010
16858	4.3431e-010
16859	4.0596e-010
16860	3.9729e-010
16861	3.8361e-010
16862	4.3053e-010
16863	3.7101e-010
16864	3.5898e-010
16865	3.7654e-010
16866	3.5785e-010
16867	3.2952e-010
16868	3.6886e-010
16869	3.3258e-010
16870	3.1646e-010
16871	3.8479e-010
16872	2.928e-010
16873	3.4336e-010
16874	2.8931e-010
16875	2.9708e-010
16876	2.9397e-010
16877	2.5953e-010
16878	2.9425e-010
16879	2.4016e-010
16880	2.8423e-010
16881	2.2949e-010
16882	2.6035e-010
16883	2.2918e-010
16884	2.274e-010
16885	2.419e-010
16886	1.9659e-010
16887	2.9245e-010
16888	1.7767e-010
16889	2.4569e-010
16890	1.8782e-010
16891	2.0255e-010
16892	3.5713e-010
16893	2.2571e-010
16894	3.5132e-010
16895	6.0875e-010
16896	8.9154e-010
16897	7.9532e-010
16898	7.3828e-010
16899	6.924e-010
16900	1.9429e-009
16901	3.2603e-010
16902	2.6558e-010
16903	1.5945e-010
16904	1.9805e-010
16905	2.1291e-010
16906	2.3596e-010
16907	2.4307e-010
16908	2.3571e-010
16909	2.5257e-010
16910	2.3705e-010
16911	2.3947e-010
16912	2.4794e-010
16913	2.355e-010
16914	2.561e-010
16915	2.4519e-010
16916	2.5926e-010
16917	2.6159e-010
16918	2.6692e-010
16919	2.7745e-010
16920	2.777e-010
16921	2.92e-010
16922	2.9072e-010
16923	3.0527e-010
16924	3.0566e-010
16925	3.1742e-010
16926	3.2245e-010
16927	3.2808e-010
16928	3.4148e-010
16929	3.3975e-010
16930	3.5901e-010
16931	3.5742e-010
16932	3.6855e-010
16933	3.8124e-010
16934	3.8251e-010
16935	3.9538e-010
16936	4.0605e-010
16937	4.1017e-010
16938	4.1946e-010
16939	4.3725e-010
16940	4.3823e-010
16941	4.4998e-010
16942	4.5972e-010
16943	4.7527e-010
16944	4.8155e-010
16945	4.9267e-010
16946	5.0344e-010
16947	5.1567e-010
16948	5.2755e-010
16949	5.3865e-010
16950	5.5298e-010
16951	5.634e-010
16952	5.7639e-010
16953	5.8958e-010
16954	6.0303e-010
16955	6.1679e-010
16956	6.2881e-010
16957	6.4916e-010
16958	6.596e-010
16959	6.7615e-010
16960	6.9141e-010
16961	7.0295e-010
16962	7.1743e-010
16963	7.4307e-010
16964	7.7044e-010
16965	7.6187e-010
16966	7.6063e-010
16967	7.7354e-010
16968	7.5004e-010
16969	7.2071e-010
16970	7.0584e-010
16971	6.9834e-010
16972	6.8462e-010
16973	6.6625e-010
16974	6.6596e-010
16975	6.3546e-010
16976	6.2782e-010
16977	6.1455e-010
16978	6.018e-010
16979	5.884e-010
16980	5.741e-010
16981	5.7407e-010
16982	5.5214e-010
16983	5.4537e-010
16984	5.3305e-010
16985	5.1397e-010
16986	5.0605e-010
16987	4.8952e-010
16988	5.3571e-010
16989	4.6951e-010
16990	4.6271e-010
16991	4.3444e-010
16992	5.3387e-010
16993	4.2377e-010
16994	4.056e-010
16995	4.5802e-010
16996	4.2619e-010
16997	3.6169e-010
16998	4.5712e-010
16999	3.8584e-010
17000	3.4407e-010
17001	4.875e-010
17002	3.0633e-010
17003	4.2532e-010
17004	3.3143e-010
17005	3.4206e-010
17006	3.5629e-010
17007	2.8837e-010
17008	3.6443e-010
17009	2.6068e-010
17010	3.5298e-010
17011	2.5293e-010
17012	3.176e-010
17013	2.6418e-010
17014	2.6514e-010
17015	2.9592e-010
17016	2.0654e-010
17017	3.71e-010
17018	1.7795e-010
17019	3.0824e-010
17020	2.171e-010
17021	2.0832e-010
17022	4.4063e-010
17023	2.3067e-010
17024	3.7373e-010
17025	6.5997e-010
17026	1.0083e-009
17027	7.7297e-010
17028	8.8296e-010
17029	9.68e-010
17030	1.8628e-009
17031	3.1572e-010
17032	2.173e-010
17033	1.1655e-010
17034	1.7133e-010
17035	1.8856e-010
17036	2.0898e-010
17037	2.1554e-010
17038	2.0995e-010
17039	2.1923e-010
17040	2.0782e-010
17041	2.0745e-010
17042	2.1143e-010
17043	2.0387e-010
17044	2.1593e-010
17045	2.1064e-010
17046	2.1966e-010
17047	2.2255e-010
17048	2.2728e-010
17049	2.3493e-010
17050	2.371e-010
17051	2.4674e-010
17052	2.4846e-010
17053	2.582e-010
17054	2.6089e-010
17055	2.6914e-010
17056	2.7426e-010
17057	2.7976e-010
17058	2.8876e-010
17059	2.9105e-010
17060	3.0298e-010
17061	3.0538e-010
17062	3.1361e-010
17063	3.2254e-010
17064	3.2667e-010
17065	3.3604e-010
17066	3.4442e-010
17067	3.499e-010
17068	3.5758e-010
17069	3.694e-010
17070	3.7374e-010
17071	3.831e-010
17072	3.9148e-010
17073	4.0278e-010
17074	4.0972e-010
17075	4.1915e-010
17076	4.2837e-010
17077	4.3825e-010
17078	4.4838e-010
17079	4.5814e-010
17080	4.6953e-010
17081	4.7908e-010
17082	4.9011e-010
17083	5.0141e-010
17084	5.1283e-010
17085	5.2458e-010
17086	5.3552e-010
17087	5.5069e-010
17088	5.6126e-010
17089	5.7466e-010
17090	5.876e-010
17091	5.9976e-010
17092	6.1261e-010
17093	6.3045e-010
17094	6.4944e-010
17095	6.5336e-010
17096	6.531e-010
17097	6.5169e-010
17098	6.3477e-010
17099	6.1583e-010
17100	6.0354e-010
17101	5.9345e-010
17102	5.8143e-010
17103	5.6748e-010
17104	5.6227e-010
17105	5.4233e-010
17106	5.335e-010
17107	5.2231e-010
17108	5.1146e-010
17109	5.0045e-010
17110	4.8915e-010
17111	4.848e-010
17112	4.7004e-010
17113	4.6248e-010
17114	4.5238e-010
17115	4.3984e-010
17116	4.3239e-010
17117	4.2061e-010
17118	4.4441e-010
17119	4.04e-010
17120	3.9791e-010
17121	3.8382e-010
17122	4.3052e-010
17123	3.7102e-010
17124	3.5898e-010
17125	3.7654e-010
17126	3.5785e-010
17127	3.2952e-010
17128	3.6886e-010
17129	3.3258e-010
17130	3.1646e-010
17131	3.8479e-010
17132	2.928e-010
17133	3.4336e-010
17134	2.8931e-010
17135	2.9708e-010
17136	2.9397e-010
17137	2.5953e-010
17138	2.9425e-010
17139	2.4016e-010
17140	2.8423e-010
17141	2.2949e-010
17142	2.6035e-010
17143	2.2918e-010
17144	2.274e-010
17145	2.419e-010
17146	1.9659e-010
17147	2.9245e-010
17148	1.7767e-010
17149	2.4569e-010
17150	1.8782e-010
17151	2.0255e-010
17152	3.5713e-010
17153	2.2571e-010
17154	3.5132e-010
17155	6.0875e-010
17156	8.9154e-010
17157	7.9532e-010
17158	7.3828e-010
17159	6.924e-010
17160	1.9429e-009
17161	3.1577e-010
17162	2.1732e-010
17163	1.1657e-010
17164	1.7135e-010
17165	1.8856e-010
17166	2.0896e-010
17167	2.1552e-010
17168	2.0996e-010
17169	2.1927e-010
17170	2.0787e-010
17171	2.0752e-010
17172	2.1149e-010
17173	2.0391e-010
17174	2.1596e-010
17175	2.1066e-010
17176	2.1966e-010
17177	2.2256e-010
17178	2.2729e-010
17179	2.3497e-010
17180	2.3718e-010
17181	2.4684e-010
17182	2.4854e-010
17183	2.5827e-010
17184	2.6101e-010
17185	2.6933e-010
17186	2.7451e-010
17187	2.8002e-010
17188	2.8896e-010
17189	2.9115e-010
17190	3.0298e-010
17191	3.0534e-010
17192	3.1361e-010
17193	3.2262e-010
17194	3.2683e-010
17195	3.3619e-010
17196	3.4449e-010
17197	3.5005e-010
17198	3.5787e-010
17199	3.6968e-010
17200	3.7396e-010
17201	3.833e-010
17202	3.9181e-010
17203	4.0304e-010
17204	4.0988e-010
17205	4.1923e-010
17206	4.2856e-010
17207	4.3862e-010
17208	4.4876e-010
17209	4.5845e-010
17210	4.697e-010
17211	4.7923e-010
17212	4.9026e-010
17213	5.0159e-010
17214	5.1288e-010
17215	5.2468e-010
17216	5.3548e-010
17217	5.5041e-010
17218	5.6089e-010
17219	5.7423e-010
17220	5.8713e-010
17221	5.9918e-010
17222	6.1206e-010
17223	6.2975e-010
17224	6.4866e-010
17225	6.5249e-010
17226	6.5224e-010
17227	6.5074e-010
17228	6.3423e-010
17229	6.1526e-010
17230	6.03e-010
17231	5.9295e-010
17232	5.8112e-010
17233	5.6715e-010
17234	5.6191e-010
17235	5.4223e-010
17236	5.3344e-010
17237	5.2215e-010
17238	5.1139e-010
17239	5.0044e-010
17240	4.8919e-010
17241	4.8489e-010
17242	4.7038e-010
17243	4.6286e-010
17244	4.528e-010
17245	4.403e-010
17246	4.3295e-010
17247	4.2074e-010
17248	4.4358e-010
17249	4.0391e-010
17250	3.9812e-010
17251	3.8385e-010
17252	4.3059e-010
17253	3.7092e-010
17254	3.5869e-010
17255	3.762e-010
17256	3.5734e-010
17257	3.2881e-010
17258	3.6825e-010
17259	3.3183e-010
17260	3.1564e-010
17261	3.8416e-010
17262	2.9209e-010
17263	3.4283e-010
17264	2.8882e-010
17265	2.9659e-010
17266	2.9346e-010
17267	2.5903e-010
17268	2.9366e-010
17269	2.3954e-010
17270	2.8358e-010
17271	2.2886e-010
17272	2.5977e-010
17273	2.287e-010
17274	2.2704e-010
17275	2.4159e-010
17276	1.9633e-010
17277	2.9225e-010
17278	1.7742e-010
17279	2.4546e-010
17280	1.8761e-010
17281	2.0231e-010
17282	3.5699e-010
17283	2.2552e-010
17284	3.5114e-010
17285	6.0854e-010
17286	8.9105e-010
17287	7.9527e-010
17288	7.3813e-010
17289	6.9195e-010
17290	1.9425e-009
17291	3.2614e-010
17292	2.6565e-010
17293	1.5956e-010
17294	1.9824e-010
17295	2.1311e-010
17296	2.3616e-010
17297	2.4327e-010
17298	2.359e-010
17299	2.5276e-010
17300	2.3725e-010
17301	2.397e-010
17302	2.4818e-010
17303	2.3574e-010
17304	2.5633e-010
17305	2.4544e-010
17306	2.5951e-010
17307	2.6183e-010
17308	2.6711e-010
17309	2.7761e-010
17310	2.7788e-010
17311	2.9217e-010
17312	2.9083e-010
17313	3.0536e-010
17314	3.0578e-010
17315	3.1763e-010
17316	3.2275e-010
17317	3.2846e-010
17318	3.4184e-010
17319	3.4004e-010
17320	3.5919e-010
17321	3.575e-010
17322	3.6863e-010
17323	3.8132e-010
17324	3.8268e-010
17325	3.9566e-010
17326	4.0637e-010
17327	4.1053e-010
17328	4.1987e-010
17329	4.3767e-010
17330	4.3863e-010
17331	4.5034e-010
17332	4.6021e-010
17333	4.7579e-010
17334	4.8197e-010
17335	4.9289e-010
17336	5.0369e-010
17337	5.1597e-010
17338	5.2779e-010
17339	5.3905e-010
17340	5.532e-010
17341	5.6366e-010
17342	5.7676e-010
17343	5.9e-010
17344	6.0317e-010
17345	6.1688e-010
17346	6.2875e-010
17347	6.4894e-010
17348	6.593e-010
17349	6.7602e-010
17350	6.9114e-010
17351	7.0248e-010
17352	7.1712e-010
17353	7.428e-010
17354	7.7002e-010
17355	7.6153e-010
17356	7.6018e-010
17357	7.7305e-010
17358	7.4991e-010
17359	7.2058e-010
17360	7.057e-010
17361	6.9813e-010
17362	6.8437e-010
17363	6.6598e-010
17364	6.6585e-010
17365	6.3543e-010
17366	6.2788e-010
17367	6.1446e-010
17368	6.0175e-010
17369	5.8859e-010
17370	5.7448e-010
17371	5.7451e-010
17372	5.5252e-010
17373	5.4567e-010
17374	5.3328e-010
17375	5.1429e-010
17376	5.0653e-010
17377	4.8898e-010
17378	5.4013e-010
17379	4.6896e-010
17380	4.6316e-010
17381	4.3428e-010
17382	5.3397e-010
17383	4.2347e-010
17384	4.0554e-010
17385	4.5779e-010
17386	4.2586e-010
17387	3.6129e-010
17388	4.5645e-010
17389	3.8516e-010
17390	3.4341e-010
17391	4.8658e-010
17392	3.0563e-010
17393	4.2442e-010
17394	3.3067e-010
17395	3.4123e-010
17396	3.5537e-010
17397	2.8762e-010
17398	3.635e-010
17399	2.6007e-010
17400	3.5217e-010
17401	2.5244e-010
17402	3.1692e-010
17403	2.6374e-010
17404	2.6478e-010
17405	2.9551e-010
17406	2.0632e-010
17407	3.7055e-010
17408	1.7773e-010
17409	3.0785e-010
17410	2.1679e-010
17411	2.0797e-010
17412	4.4037e-010
17413	2.3043e-010
17414	3.7347e-010
17415	6.5965e-010
17416	1.0076e-009
17417	7.7307e-010
17418	8.8275e-010
17419	9.6707e-010
17420	1.8621e-009
17421	3.1594e-010
17422	2.174e-010
17423	1.1666e-010
17424	1.7148e-010
17425	1.8868e-010
17426	2.0907e-010
17427	2.1561e-010
17428	2.1001e-010
17429	2.1929e-010
17430	2.0789e-010
17431	2.0754e-010
17432	2.1153e-010
17433	2.0393e-010
17434	2.1598e-010
17435	2.1074e-010
17436	2.1984e-010
17437	2.2273e-010
17438	2.2738e-010
17439	2.3506e-010
17440	2.3738e-010
17441	2.4707e-010
17442	2.4866e-010
17443	2.5829e-010
17444	2.6096e-010
17445	2.6928e-010
17446	2.7451e-010
17447	2.8008e-010
17448	2.8905e-010
17449	2.913e-010
17450	3.032e-010
17451	3.0555e-010
17452	3.1389e-010
17453	3.2293e-010
17454	3.2694e-010
17455	3.3612e-010
17456	3.4453e-010
17457	3.5013e-010
17458	3.5795e-010
17459	3.6978e-010
17460	3.7414e-010
17461	3.8344e-010
17462	3.9187e-010
17463	4.0321e-010
17464	4.1018e-010
17465	4.1947e-010
17466	4.2882e-010
17467	4.388e-010
17468	4.4877e-010
17469	4.5867e-010
17470	4.6985e-010
17471	4.7938e-010
17472	4.9036e-010
17473	5.0157e-010
17474	5.13e-010
17475	5.2471e-010
17476	5.3531e-010
17477	5.5029e-010
17478	5.6067e-010
17479	5.7427e-010
17480	5.8706e-010
17481	5.9872e-010
17482	6.1157e-010
17483	6.2943e-010
17484	6.4837e-010
17485	6.5257e-010
17486	6.5201e-010
17487	6.5053e-010
17488	6.3375e-010
17489	6.1504e-010
17490	6.0288e-010
17491	5.9282e-010
17492	5.8098e-010
17493	5.6713e-010
17494	5.6201e-010
17495	5.4201e-010
17496	5.3363e-010
17497	5.2232e-010
17498	5.1149e-010
17499	5.0056e-010
17500	4.8925e-010
17501	4.8488e-010
17502	4.7029e-010
17503	4.6274e-010
17504	4.5258e-010
17505	4.4021e-010
17506	4.3259e-010
17507	4.2175e-010
17508	4.4127e-010
17509	4.048e-010
17510	3.9779e-010
17511	3.8451e-010
17512	4.3038e-010
17513	3.7151e-010
17514	3.588e-010
17515	3.7627e-010
17516	3.5739e-010
17517	3.2891e-010
17518	3.6813e-010
17519	3.317e-010
17520	3.1548e-010
17521	3.8384e-010
17522	2.9173e-010
17523	3.424e-010
17524	2.8846e-010
17525	2.9619e-010
17526	2.9299e-010
17527	2.5851e-010
17528	2.9319e-010
17529	2.3906e-010
17530	2.8322e-010
17531	2.2851e-010
17532	2.5951e-010
17533	2.2848e-010
17534	2.2682e-010
17535	2.4138e-010
17536	1.9617e-010
17537	2.919e-010
17538	1.7742e-010
17539	2.4534e-010
17540	1.8756e-010
17541	2.0239e-010
17542	3.5713e-010
17543	2.2534e-010
17544	3.5069e-010
17545	6.0804e-010
17546	8.9114e-010
17547	7.9514e-010
17548	7.3837e-010
17549	6.9188e-010
17550	1.9416e-009
17551	3.1594e-010
17552	2.174e-010
17553	1.1666e-010
17554	1.7148e-010
17555	1.8868e-010
17556	2.0907e-010
17557	2.1561e-010
17558	2.1001e-010
17559	2.1929e-010
17560	2.0789e-010
17561	2.0754e-010
17562	2.1153e-010
17563	2.0393e-010
17564	2.1598e-010
17565	2.1074e-010
17566	2.1984e-010
17567	2.2273e-010
17568	2.2738e-010
17569	2.3506e-010
17570	2.3738e-010
17571	2.4707e-010
17572	2.4866e-010
17573	2.5829e-010
17574	2.6096e-010
17575	2.6928e-010
17576	2.7451e-010
17577	2.8008e-010
17578	2.8905e-010
17579	2.913e-010
17580	3.032e-010
17581	3.0555e-010
17582	3.1389e-010
17583	3.2294e-010
17584	3.2694e-010
17585	3.3612e-010
17586	3.4453e-010
17587	3.5013e-010
17588	3.5795e-010
17589	3.6978e-010
17590	3.7414e-010
17591	3.8344e-010
17592	3.9187e-010
17593	4.0321e-010
17594	4.1018e-010
17595	4.1947e-010
17596	4.2882e-010
17597	4.388e-010
17598	4.4877e-010
17599	4.5867e-010
17600	4.6985e-010
17601	4.7938e-010
17602	4.9036e-010
17603	5.0157e-010
17604	5.13e-010
17605	5.2471e-010
17606	5.3531e-010
17607	5.5029e-010
17608	5.6067e-010
17609	5.7427e-010
17610	5.8706e-010
17611	5.9872e-010
17612	6.1157e-010
17613	6.2943e-010
17614	6.4837e-010
17615	6.5257e-010
17616	6.5201e-010
17617	6.5053e-010
17618	6.3375e-010
17619	6.1504e-010
17620	6.0288e-010
17621	5.9282e-010
17622	5.8098e-010
17623	5.6713e-010
17624	5.6201e-010
17625	5.4201e-010
17626	5.3363e-010
17627	5.2232e-010
17628	5.1149e-010
17629	5.0056e-010
17630	4.8925e-010
17631	4.8488e-010
17632	4.7029e-010
17633	4.6274e-010
17634	4.5259e-010
17635	4.4007e-010
17636	4.3221e-010
17637	4.2317e-010
17638	4.3453e-010
17639	4.0609e-010
17640	3.9736e-010
17641	3.8476e-010
17642	4.3046e-010
17643	3.7187e-010
17644	3.5871e-010
17645	3.7629e-010
17646	3.5739e-010
17647	3.2892e-010
17648	3.6813e-010
17649	3.317e-010
17650	3.1548e-010
17651	3.8384e-010
17652	2.9173e-010
17653	3.424e-010
17654	2.8846e-010
17655	2.9619e-010
17656	2.9299e-010
17657	2.5851e-010
17658	2.9319e-010
17659	2.3906e-010
17660	2.8322e-010
17661	2.2851e-010
17662	2.5951e-010
17663	2.2848e-010
17664	2.2682e-010
17665	2.4138e-010
17666	1.9617e-010
17667	2.919e-010
17668	1.7742e-010
17669	2.4534e-010
17670	1.8756e-010
17671	2.0239e-010
17672	3.5713e-010
17673	2.2534e-010
17674	3.5069e-010
17675	6.0804e-010
17676	8.9114e-010
17677	7.9514e-010
17678	7.3837e-010
17679	6.9188e-010
17680	1.9416e-009
17681	3.2614e-010
17682	2.6565e-010
17683	1.5956e-010
17684	1.9824e-010
17685	2.1311e-010
17686	2.3616e-010
17687	2.4327e-010
17688	2.359e-010
17689	2.5276e-010
17690	2.3725e-010
17691	2.397e-010
17692	2.4818e-010
17693	2.3574e-010
17694	2.5633e-010
17695	2.4544e-010
17696	2.5951e-010
17697	2.6183e-010
17698	2.6711e-010
17699	2.7761e-010
17700	2.7788e-010
17701	2.9217e-010
17702	2.9083e-010
17703	3.0536e-010
17704	3.0578e-010
17705	3.1763e-010
17706	3.2275e-010
17707	3.2846e-010
17708	3.4184e-010
17709	3.4004e-010
17710	3.5918e-010
17711	3.575e-010
17712	3.6863e-010
17713	3.8132e-010
17714	3.8268e-010
17715	3.9566e-010
17716	4.0637e-010
17717	4.1053e-010
17718	4.1987e-010
17719	4.3766e-010
17720	4.3863e-010
17721	4.5034e-010
17722	4.6021e-010
17723	4.7579e-010
17724	4.8197e-010
17725	4.9289e-010
17726	5.0369e-010
17727	5.1597e-010
17728	5.2779e-010
17729	5.3905e-010
17730	5.532e-010
17731	5.6366e-010
17732	5.7676e-010
17733	5.9e-010
17734	6.0317e-010
17735	6.1688e-010
17736	6.2875e-010
17737	6.4894e-010
17738	6.593e-010
17739	6.7602e-010
17740	6.9114e-010
17741	7.0248e-010
17742	7.1712e-010
17743	7.428e-010
17744	7.7002e-010
17745	7.6153e-010
17746	7.6018e-010
17747	7.7305e-010
17748	7.4991e-010
17749	7.2058e-010
17750	7.057e-010
17751	6.9812e-010
17752	6.8437e-010
17753	6.6598e-010
17754	6.6585e-010
17755	6.3543e-010
17756	6.2788e-010
17757	6.1446e-010
17758	6.0175e-010
17759	5.8859e-010
17760	5.7447e-010
17761	5.7452e-010
17762	5.5251e-010
17763	5.4567e-010
17764	5.3325e-010
17765	5.1431e-010
17766	5.0581e-010
17767	4.9142e-010
17768	5.3457e-010
17769	4.7118e-010
17770	4.6229e-010
17771	4.3483e-010
17772	5.3309e-010
17773	4.2396e-010
17774	4.0539e-010
17775	4.578e-010
17776	4.2584e-010
17777	3.6129e-010
17778	4.5645e-010
17779	3.8516e-010
17780	3.434e-010
17781	4.8658e-010
17782	3.0563e-010
17783	4.2442e-010
17784	3.3067e-010
17785	3.4123e-010
17786	3.5537e-010
17787	2.8762e-010
17788	3.635e-010
17789	2.6007e-010
17790	3.5217e-010
17791	2.5244e-010
17792	3.1692e-010
17793	2.6374e-010
17794	2.6478e-010
17795	2.9551e-010
17796	2.0632e-010
17797	3.7055e-010
17798	1.7773e-010
17799	3.0785e-010
17800	2.1679e-010
17801	2.0797e-010
17802	4.4037e-010
17803	2.3043e-010
17804	3.7347e-010
17805	6.5965e-010
17806	1.0076e-009
17807	7.7307e-010
17808	8.8275e-010
17809	9.6707e-010
17810	1.8621e-009
17811	3.1577e-010
17812	2.1732e-010
17813	1.1657e-010
17814	1.7135e-010
17815	1.8856e-010
17816	2.0896e-010
17817	2.1552e-010
17818	2.0996e-010
17819	2.1927e-010
17820	2.0787e-010
17821	2.0752e-010
17822	2.1149e-010
17823	2.0391e-010
17824	2.1596e-010
17825	2.1066e-010
17826	2.1966e-010
17827	2.2256e-010
17828	2.2729e-010
17829	2.3497e-010
17830	2.3718e-010
17831	2.4684e-010
17832	2.4854e-010
17833	2.5827e-010
17834	2.6101e-010
17835	2.6933e-010
17836	2.7451e-010
17837	2.8002e-010
17838	2.8896e-010
17839	2.9114e-010
17840	3.0298e-010
17841	3.0534e-010
17842	3.1361e-010
17843	3.2262e-010
17844	3.2683e-010
17845	3.3619e-010
17846	3.4449e-010
17847	3.5005e-010
17848	3.5787e-010
17849	3.6967e-010
17850	3.7396e-010
17851	3.833e-010
17852	3.9181e-010
17853	4.0304e-010
17854	4.0988e-010
17855	4.1923e-010
17856	4.2856e-010
17857	4.3862e-010
17858	4.4876e-010
17859	4.5845e-010
17860	4.697e-010
17861	4.7923e-010
17862	4.9026e-010
17863	5.0159e-010
17864	5.1288e-010
17865	5.2468e-010
17866	5.3548e-010
17867	5.5041e-010
17868	5.6089e-010
17869	5.7423e-010
17870	5.8713e-010
17871	5.9918e-010
17872	6.1206e-010
17873	6.2975e-010
17874	6.4866e-010
17875	6.5249e-010
17876	6.5224e-010
17877	6.5074e-010
17878	6.3423e-010
17879	6.1526e-010
17880	6.03e-010
17881	5.9295e-010
17882	5.8112e-010
17883	5.6715e-010
17884	5.6191e-010
17885	5.4223e-010
17886	5.3344e-010
17887	5.2215e-010
17888	5.1139e-010
17889	5.0044e-010
17890	4.8918e-010
17891	4.8489e-010
17892	4.7037e-010
17893	4.6286e-010
17894	4.5276e-010
17895	4.4035e-010
17896	4.325e-010
17897	4.2166e-010
17898	4.4161e-010
17899	4.0469e-010
17900	3.9747e-010
17901	3.8388e-010
17902	4.2998e-010
17903	3.709e-010
17904	3.5851e-010
17905	3.7626e-010
17906	3.5732e-010
17907	3.2881e-010
17908	3.6825e-010
17909	3.3183e-010
17910	3.1564e-010
17911	3.8416e-010
17912	2.9209e-010
17913	3.4283e-010
17914	2.8882e-010
17915	2.9659e-010
17916	2.9346e-010
17917	2.5903e-010
17918	2.9366e-010
17919	2.3954e-010
17920	2.8358e-010
17921	2.2886e-010
17922	2.5977e-010
17923	2.287e-010
17924	2.2704e-010
17925	2.4159e-010
17926	1.9633e-010
17927	2.9225e-010
17928	1.7742e-010
17929	2.4547e-010
17930	1.8761e-010
17931	2.0231e-010
17932	3.5699e-010
17933	2.2552e-010
17934	3.5114e-010
17935	6.0854e-010
17936	8.9105e-010
17937	7.9527e-010
17938	7.3813e-010
17939	6.9195e-010
17940	1.9425e-009
17941	3.1572e-010
17942	2.173e-010
17943	1.1655e-010
17944	1.7133e-010
17945	1.8856e-010
17946	2.0898e-010
17947	2.1554e-010
17948	2.0995e-010
17949	2.1923e-010
17950	2.0782e-010
17951	2.0745e-010
17952	2.1143e-010
17953	2.0387e-010
17954	2.1593e-010
17955	2.1064e-010
17956	2.1966e-010
17957	2.2255e-010
17958	2.2728e-010
17959	2.3493e-010
17960	2.371e-010
17961	2.4674e-010
17962	2.4846e-010
17963	2.582e-010
17964	2.6089e-010
17965	2.6914e-010
17966	2.7426e-010
17967	2.7976e-010
17968	2.8876e-010
17969	2.9105e-010
17970	3.0298e-010
17971	3.0538e-010
17972	3.1361e-010
17973	3.2254e-010
17974	3.2667e-010
17975	3.3604e-010
17976	3.4442e-010
17977	3.4989e-010
17978	3.576e-010
17979	3.6948e-010
17980	3.7376e-010
17981	3.8309e-010
17982	3.9148e-010
17983	4.0278e-010
17984	4.0972e-010
17985	4.1915e-010
17986	4.2837e-010
17987	4.3825e-010
17988	4.4838e-010
17989	4.5814e-010
17990	4.6953e-010
17991	4.7908e-010
17992	4.9011e-010
17993	5.0141e-010
17994	5.1283e-010
17995	5.2458e-010
17996	5.3552e-010
17997	5.5069e-010
17998	5.6126e-010
17999	5.7466e-010
18000	5.876e-010
18001	5.9976e-010
18002	6.1261e-010
18003	6.3045e-010
18004	6.4944e-010
18005	6.5336e-010
18006	6.531e-010
18007	6.5169e-010
18008	6.3476e-010
18009	6.1583e-010
18010	6.0354e-010
18011	5.9345e-010
18012	5.8143e-010
18013	5.6748e-010
18014	5.6227e-010
18015	5.4233e-010
18016	5.335e-010
18017	5.2231e-010
18018	5.1146e-010
18019	5.0045e-010
18020	4.8914e-010
18021	4.8478e-010
18022	4.7003e-010
18023	4.6247e-010
18024	4.5237e-010
18025	4.3972e-010
18026	4.3161e-010
18027	4.228e-010
18028	4.3496e-010
18029	4.0587e-010
18030	3.9653e-010
18031	3.849e-010
18032	4.2454e-010
18033	3.7217e-010
18034	3.5838e-010
18035	3.7656e-010
18036	3.5782e-010
18037	3.2952e-010
18038	3.6886e-010
18039	3.3258e-010
18040	3.1646e-010
18041	3.8479e-010
18042	2.928e-010
18043	3.4336e-010
18044	2.8931e-010
18045	2.9708e-010
18046	2.9397e-010
18047	2.5953e-010
18048	2.9425e-010
18049	2.4016e-010
18050	2.8423e-010
18051	2.2949e-010
18052	2.6035e-010
18053	2.2918e-010
18054	2.274e-010
18055	2.419e-010
18056	1.9659e-010
18057	2.9245e-010
18058	1.7767e-010
18059	2.4569e-010
18060	1.8782e-010
18061	2.0255e-010
18062	3.5713e-010
18063	2.2571e-010
18064	3.5132e-010
18065	6.0875e-010
18066	8.9154e-010
18067	7.9532e-010
18068	7.3828e-010
18069	6.924e-010
18070	1.9429e-009
18071	3.2603e-010
18072	2.6558e-010
18073	1.5945e-010
18074	1.9805e-010
18075	2.1291e-010
18076	2.3596e-010
18077	2.4307e-010
18078	2.3571e-010
18079	2.5257e-010
18080	2.3705e-010
18081	2.3947e-010
18082	2.4794e-010
18083	2.355e-010
18084	2.561e-010
18085	2.4519e-010
18086	2.5926e-010
18087	2.6159e-010
18088	2.6692e-010
18089	2.7745e-010
18090	2.777e-010
18091	2.92e-010
18092	2.9072e-010
18093	3.0527e-010
18094	3.0566e-010
18095	3.1742e-010
18096	3.2245e-010
18097	3.2808e-010
18098	3.4148e-010
18099	3.3975e-010
18100	3.5901e-010
18101	3.5742e-010
18102	3.6855e-010
18103	3.8124e-010
18104	3.8251e-010
18105	3.9538e-010
18106	4.0606e-010
18107	4.1011e-010
18108	4.1973e-010
18109	4.3681e-010
18110	4.3851e-010
18111	4.4991e-010
18112	4.5972e-010
18113	4.7527e-010
18114	4.8155e-010
18115	4.9267e-010
18116	5.0344e-010
18117	5.1567e-010
18118	5.2755e-010
18119	5.3865e-010
18120	5.5298e-010
18121	5.634e-010
18122	5.7639e-010
18123	5.8958e-010
18124	6.0303e-010
18125	6.1679e-010
18126	6.2881e-010
18127	6.4916e-010
18128	6.596e-010
18129	6.7615e-010
18130	6.9141e-010
18131	7.0295e-010
18132	7.1743e-010
18133	7.4307e-010
18134	7.7044e-010
18135	7.6187e-010
18136	7.6063e-010
18137	7.7354e-010
18138	7.5004e-010
18139	7.2071e-010
18140	7.0584e-010
18141	6.9835e-010
18142	6.8462e-010
18143	6.6625e-010
18144	6.6596e-010
18145	6.3546e-010
18146	6.2782e-010
18147	6.1455e-010
18148	6.018e-010
18149	5.8839e-010
18150	5.7406e-010
18151	5.7409e-010
18152	5.521e-010
18153	5.4536e-010
18154	5.3302e-010
18155	5.1402e-010
18156	5.0518e-010
18157	4.9216e-010
18158	5.2943e-010
18159	4.7188e-010
18160	4.6083e-010
18161	4.3685e-010
18162	5.2251e-010
18163	4.2606e-010
18164	4.0461e-010
18165	4.5804e-010
18166	4.2615e-010
18167	3.6168e-010
18168	4.5712e-010
18169	3.8584e-010
18170	3.4407e-010
18171	4.875e-010
18172	3.0633e-010
18173	4.2532e-010
18174	3.3143e-010
18175	3.4206e-010
18176	3.5629e-010
18177	2.8837e-010
18178	3.6443e-010
18179	2.6068e-010
18180	3.5298e-010
18181	2.5293e-010
18182	3.176e-010
18183	2.6418e-010
18184	2.6514e-010
18185	2.9592e-010
18186	2.0654e-010
18187	3.71e-010
18188	1.7795e-010
18189	3.0824e-010
18190	2.171e-010
18191	2.0832e-010
18192	4.4063e-010
18193	2.3067e-010
18194	3.7373e-010
18195	6.5997e-010
18196	1.0083e-009
18197	7.7297e-010
18198	8.8296e-010
18199	9.68e-010
18200	1.8628e-009
18201	3.1572e-010
18202	2.173e-010
18203	1.1655e-010
18204	1.7133e-010
18205	1.8856e-010
18206	2.0898e-010
18207	2.1554e-010
18208	2.0995e-010
18209	2.1923e-010
18210	2.0782e-010
18211	2.0745e-010
18212	2.1143e-010
18213	2.0387e-010
18214	2.1593e-010
18215	2.1064e-010
18216	2.1966e-010
18217	2.2255e-010
18218	2.2728e-010
18219	2.3493e-010
18220	2.371e-010
18221	2.4674e-010
18222	2.4846e-010
18223	2.582e-010
18224	2.6089e-010
18225	2.6914e-010
18226	2.7426e-010
18227	2.7976e-010
18228	2.8876e-010
18229	2.9105e-010
18230	3.0299e-010
18231	3.0538e-010
18232	3.1361e-010
18233	3.2254e-010
18234	3.2667e-010
18235	3.3604e-010
18236	3.4441e-010
18237	3.4985e-010
18238	3.5781e-010
18239	3.6885e-010
18240	3.7398e-010
18241	3.8305e-010
18242	3.9147e-010
18243	4.0278e-010
18244	4.0972e-010
18245	4.1915e-010
18246	4.2837e-010
18247	4.3825e-010
18248	4.4838e-010
18249	4.5814e-010
18250	4.6953e-010
18251	4.7908e-010
18252	4.9011e-010
18253	5.0141e-010
18254	5.1283e-010
18255	5.2458e-010
18256	5.3552e-010
18257	5.5069e-010
18258	5.6126e-010
18259	5.7466e-010
18260	5.876e-010
18261	5.9976e-010
18262	6.1261e-010
18263	6.3045e-010
18264	6.4944e-010
18265	6.5336e-010
18266	6.531e-010
18267	6.5169e-010
18268	6.3476e-010
18269	6.1583e-010
18270	6.0354e-010
18271	5.9345e-010
18272	5.8143e-010
18273	5.6748e-010
18274	5.6227e-010
18275	5.4233e-010
18276	5.335e-010
18277	5.2231e-010
18278	5.1146e-010
18279	5.0045e-010
18280	4.8914e-010
18281	4.8478e-010
18282	4.7003e-010
18283	4.6247e-010
18284	4.5235e-010
18285	4.3979e-010
18286	4.3143e-010
18287	4.2317e-010
18288	4.3507e-010
18289	4.0613e-010
18290	3.9615e-010
18291	3.8518e-010
18292	4.2138e-010
18293	3.7236e-010
18294	3.5821e-010
18295	3.7651e-010
18296	3.5783e-010
18297	3.2952e-010
18298	3.6886e-010
18299	3.3258e-010
18300	3.1646e-010
18301	3.8479e-010
18302	2.928e-010
18303	3.4336e-010
18304	2.8931e-010
18305	2.9708e-010
18306	2.9397e-010
18307	2.5953e-010
18308	2.9425e-010
18309	2.4016e-010
18310	2.8423e-010
18311	2.2949e-010
18312	2.6035e-010
18313	2.2918e-010
18314	2.274e-010
18315	2.419e-010
18316	1.9659e-010
18317	2.9245e-010
18318	1.7767e-010
18319	2.4569e-010
18320	1.8782e-010
18321	2.0255e-010
18322	3.5713e-010
18323	2.2571e-010
18324	3.5132e-010
18325	6.0875e-010
18326	8.9154e-010
18327	7.9532e-010
18328	7.3828e-010
18329	6.924e-010
18330	1.9429e-009
18331	3.1577e-010
18332	2.1732e-010
18333	1.1657e-010
18334	1.7135e-010
18335	1.8856e-010
18336	2.0896e-010
18337	2.1552e-010
18338	2.0996e-010
18339	2.1927e-010
18340	2.0787e-010
18341	2.0752e-010
18342	2.1149e-010
18343	2.0391e-010
18344	2.1596e-010
18345	2.1066e-010
18346	2.1966e-010
18347	2.2256e-010
18348	2.2729e-010
18349	2.3497e-010
18350	2.3718e-010
18351	2.4684e-010
18352	2.4854e-010
18353	2.5827e-010
18354	2.6101e-010
18355	2.6933e-010
18356	2.7451e-010
18357	2.8002e-010
18358	2.8896e-010
18359	2.9115e-010
18360	3.0298e-010
18361	3.0534e-010
18362	3.1361e-010
18363	3.2262e-010
18364	3.2683e-010
18365	3.3619e-010
18366	3.4449e-010
18367	3.5e-010
18368	3.5807e-010
18369	3.6928e-010
18370	3.7416e-010
18371	3.8325e-010
18372	3.9181e-010
18373	4.0304e-010
18374	4.0988e-010
18375	4.1923e-010
18376	4.2856e-010
18377	4.3862e-010
18378	4.4876e-010
18379	4.5845e-010
18380	4.697e-010
18381	4.7923e-010
18382	4.9026e-010
18383	5.0159e-010
18384	5.1288e-010
18385	5.2468e-010
18386	5.3548e-010
18387	5.5041e-010
18388	5.6089e-010
18389	5.7423e-010
18390	5.8713e-010
18391	5.9918e-010
18392	6.1206e-010
18393	6.2975e-010
18394	6.4866e-010
18395	6.5249e-010
18396	6.5224e-010
18397	6.5074e-010
18398	6.3423e-010
18399	6.1526e-010
18400	6.03e-010
18401	5.9295e-010
18402	5.8112e-010
18403	5.6715e-010
18404	5.6191e-010
18405	5.4223e-010
18406	5.3344e-010
18407	5.2215e-010
18408	5.1139e-010
18409	5.0044e-010
18410	4.8918e-010
18411	4.8489e-010
18412	4.7037e-010
18413	4.6285e-010
18414	4.5275e-010
18415	4.4027e-010
18416	4.3192e-010
18417	4.2356e-010
18418	4.3504e-010
18419	4.0633e-010
18420	3.9679e-010
18421	3.8384e-010
18422	4.2705e-010
18423	3.7093e-010
18424	3.5837e-010
18425	3.7621e-010
18426	3.5733e-010
18427	3.2881e-010
18428	3.6825e-010
18429	3.3183e-010
18430	3.1564e-010
18431	3.8416e-010
18432	2.9209e-010
18433	3.4283e-010
18434	2.8882e-010
18435	2.9659e-010
18436	2.9346e-010
18437	2.5903e-010
18438	2.9366e-010
18439	2.3954e-010
18440	2.8358e-010
18441	2.2886e-010
18442	2.5977e-010
18443	2.287e-010
18444	2.2704e-010
18445	2.4159e-010
18446	1.9633e-010
18447	2.9225e-010
18448	1.7742e-010
18449	2.4546e-010
18450	1.8761e-010
18451	2.0231e-010
18452	3.5699e-010
18453	2.2552e-010
18454	3.5114e-010
18455	6.0854e-010
18456	8.9105e-010
18457	7.9527e-010
18458	7.3813e-010
18459	6.9195e-010
18460	1.9425e-009
18461	3.2614e-010
18462	2.6565e-010
18463	1.5956e-010
18464	1.9824e-010
18465	2.1311e-010
18466	2.3616e-010
18467	2.4327e-010
18468	2.359e-010
18469	2.5276e-010
18470	2.3725e-010
18471	2.397e-010
18472	2.4818e-010
18473	2.3574e-010
18474	2.5633e-010
18475	2.4544e-010
18476	2.5951e-010
18477	2.6183e-010
18478	2.6711e-010
18479	2.7761e-010
18480	2.7788e-010
18481	2.9217e-010
18482	2.9083e-010
18483	3.0536e-010
18484	3.0578e-010
18485	3.1763e-010
18486	3.2275e-010
18487	3.2846e-010
18488	3.4184e-010
18489	3.4004e-010
18490	3.5919e-010
18491	3.575e-010
18492	3.6863e-010
18493	3.8132e-010
18494	3.8268e-010
18495	3.9566e-010
18496	4.0637e-010
18497	4.1043e-010
18498	4.2034e-010
18499	4.3686e-010
18500	4.3912e-010
18501	4.5023e-010
18502	4.6021e-010
18503	4.7579e-010
18504	4.8197e-010
18505	4.9289e-010
18506	5.0368e-010
18507	5.1597e-010
18508	5.2779e-010
18509	5.3905e-010
18510	5.532e-010
18511	5.6366e-010
18512	5.7676e-010
18513	5.9e-010
18514	6.0317e-010
18515	6.1688e-010
18516	6.2875e-010
18517	6.4894e-010
18518	6.593e-010
18519	6.7602e-010
18520	6.9114e-010
18521	7.0248e-010
18522	7.1712e-010
18523	7.428e-010
18524	7.7003e-010
18525	7.6153e-010
18526	7.6018e-010
18527	7.7305e-010
18528	7.4991e-010
18529	7.2058e-010
18530	7.057e-010
18531	6.9812e-010
18532	6.8437e-010
18533	6.6598e-010
18534	6.6586e-010
18535	6.3543e-010
18536	6.2788e-010
18537	6.1446e-010
18538	6.0175e-010
18539	5.8859e-010
18540	5.7448e-010
18541	5.7451e-010
18542	5.5251e-010
18543	5.4566e-010
18544	5.3324e-010
18545	5.1422e-010
18546	5.0544e-010
18547	4.9266e-010
18548	5.2828e-010
18549	4.7227e-010
18550	4.6157e-010
18551	4.3588e-010
18552	5.3163e-010
18553	4.2505e-010
18554	4.0506e-010
18555	4.5782e-010
18556	4.2584e-010
18557	3.613e-010
18558	4.5645e-010
18559	3.8516e-010
18560	3.434e-010
18561	4.8658e-010
18562	3.0563e-010
18563	4.2442e-010
18564	3.3067e-010
18565	3.4123e-010
18566	3.5538e-010
18567	2.8762e-010
18568	3.635e-010
18569	2.6007e-010
18570	3.5217e-010
18571	2.5244e-010
18572	3.1692e-010
18573	2.6374e-010
18574	2.6478e-010
18575	2.9551e-010
18576	2.0632e-010
18577	3.7055e-010
18578	1.7773e-010
18579	3.0785e-010
18580	2.1679e-010
18581	2.0797e-010
18582	4.4037e-010
18583	2.3043e-010
18584	3.7347e-010
18585	6.5965e-010
18586	1.0076e-009
18587	7.7307e-010
18588	8.8275e-010
18589	9.6707e-010
18590	1.8621e-009
18591	3.1594e-010
18592	2.174e-010
18593	1.1666e-010
18594	1.7148e-010
18595	1.8868e-010
18596	2.0907e-010
18597	2.1561e-010
18598	2.1001e-010
18599	2.1929e-010
18600	2.0789e-010
18601	2.0754e-010
18602	2.1153e-010
18603	2.0393e-010
18604	2.1598e-010
18605	2.1074e-010
18606	2.1984e-010
18607	2.2273e-010
18608	2.2738e-010
18609	2.3506e-010
18610	2.3738e-010
18611	2.4707e-010
18612	2.4866e-010
18613	2.5829e-010
18614	2.6096e-010
18615	2.6928e-010
18616	2.7451e-010
18617	2.8008e-010
18618	2.8905e-010
18619	2.913e-010
18620	3.032e-010
18621	3.0555e-010
18622	3.1389e-010
18623	3.2293e-010
18624	3.2694e-010
18625	3.3612e-010
18626	3.4453e-010
18627	3.5008e-010
18628	3.5818e-010
18629	3.6939e-010
18630	3.7438e-010
18631	3.8339e-010
18632	3.9187e-010
18633	4.032e-010
18634	4.1018e-010
18635	4.1947e-010
18636	4.2882e-010
18637	4.388e-010
18638	4.4877e-010
18639	4.5867e-010
18640	4.6985e-010
18641	4.7938e-010
18642	4.9036e-010
18643	5.0157e-010
18644	5.13e-010
18645	5.2471e-010
18646	5.353e-010
18647	5.5029e-010
18648	5.6067e-010
18649	5.7427e-010
18650	5.8706e-010
18651	5.9872e-010
18652	6.1157e-010
18653	6.2943e-010
18654	6.4837e-010
18655	6.5257e-010
18656	6.5201e-010
18657	6.5053e-010
18658	6.3375e-010
18659	6.1504e-010
18660	6.0287e-010
18661	5.9282e-010
18662	5.8098e-010
18663	5.6713e-010
18664	5.6201e-010
18665	5.4201e-010
18666	5.3363e-010
18667	5.2232e-010
18668	5.1149e-010
18669	5.0056e-010
18670	4.8926e-010
18671	4.8488e-010
18672	4.7029e-010
18673	4.6274e-010
18674	4.5255e-010
18675	4.4016e-010
18676	4.3201e-010
18677	4.2354e-010
18678	4.352e-010
18679	4.0639e-010
18680	3.9723e-010
18681	3.8386e-010
18682	4.301e-010
18683	3.7095e-010
18684	3.5879e-010
18685	3.7631e-010
18686	3.5739e-010
18687	3.2892e-010
18688	3.6813e-010
18689	3.317e-010
18690	3.1548e-010
18691	3.8384e-010
18692	2.9174e-010
18693	3.424e-010
18694	2.8846e-010
18695	2.9619e-010
18696	2.9299e-010
18697	2.5851e-010
18698	2.9319e-010
18699	2.3906e-010
18700	2.8322e-010
18701	2.2851e-010
18702	2.5951e-010
18703	2.2848e-010
18704	2.2682e-010
18705	2.4138e-010
18706	1.9617e-010
18707	2.919e-010
18708	1.7742e-010
18709	2.4534e-010
18710	1.8756e-010
18711	2.0239e-010
18712	3.5713e-010
18713	2.2534e-010
18714	3.5069e-010
18715	6.0804e-010
18716	8.9114e-010
18717	7.9514e-010
18718	7.3837e-010
18719	6.9188e-010
18720	1.9416e-009
