Element Number	Structural Error (J)
1	2.5879e-010
2	2.294e-010
3	7.3801e-011
4	4.2571e-011
5	4.4617e-011
6	3.9838e-011
7	4.1273e-011
8	4.4842e-011
9	4.1031e-011
10	4.5768e-011
11	4.6142e-011
12	4.4959e-011
13	5.0245e-011
14	4.6337e-011
15	5.1863e-011
16	5.0279e-011
17	5.2419e-011
18	5.3717e-011
19	5.3738e-011
20	5.6756e-011
21	5.5674e-011
22	5.9436e-011
23	5.8311e-011
24	6.1812e-011
25	6.1598e-011
26	6.3768e-011
27	6.5849e-011
28	6.5092e-011
29	6.9839e-011
30	6.7428e-011
31	7.2331e-011
32	7.2933e-011
33	7.2915e-011
34	7.7233e-011
35	7.737e-011
36	7.8444e-011
37	8.2276e-011
38	8.3666e-011
39	8.3157e-011
40	8.7521e-011
41	8.9433e-011
42	9.1151e-011
43	9.1501e-011
44	9.4995e-011
45	9.7314e-011
46	9.9608e-011
47	1.0152e-010
48	1.0373e-010
49	1.0614e-010
50	1.0778e-010
51	1.1087e-010
52	1.1349e-010
53	1.1605e-010
54	1.1864e-010
55	1.2136e-010
56	1.2462e-010
57	1.257e-010
58	1.2985e-010
59	1.3253e-010
60	1.3577e-010
61	1.4061e-010
62	1.4426e-010
63	1.4403e-010
64	1.448e-010
65	1.5706e-010
66	1.5793e-010
67	1.4523e-010
68	1.4403e-010
69	1.4655e-010
70	1.4391e-010
71	1.3866e-010
72	1.353e-010
73	1.3319e-010
74	1.2634e-010
75	1.2872e-010
76	1.2487e-010
77	1.2239e-010
78	1.2005e-010
79	1.1799e-010
80	1.1581e-010
81	1.0985e-010
82	1.1142e-010
83	1.0895e-010
84	1.0784e-010
85	1.0953e-010
86	1.0863e-010
87	1.1018e-010
88	9.2051e-011
89	1.0871e-010
90	1.07e-010
91	1.1259e-010
92	8.6611e-011
93	1.0731e-010
94	1.1071e-010
95	8.178e-011
96	8.6755e-011
97	1.1321e-010
98	7.7133e-011
99	9.7871e-011
100	1.2217e-010
101	8.0511e-011
102	1.2557e-010
103	7.4028e-011
104	1.1e-010
105	9.3944e-011
106	7.7553e-011
107	8.9497e-011
108	6.5541e-011
109	9.3595e-011
110	6.1789e-011
111	8.6198e-011
112	6.3828e-011
113	7.5429e-011
114	7.4313e-011
115	6.2096e-011
116	1.0035e-010
117	6.7014e-011
118	1.0505e-010
119	5.4917e-011
120	6.8086e-011
121	7.3217e-011
122	5.1984e-011
123	7.4443e-011
124	6.5802e-011
125	8.8339e-011
126	2.2319e-010
127	7.4065e-010
128	9.6769e-010
129	1.1549e-009
130	9.9052e-010
131	1.9319e-010
132	2.1726e-010
133	7.28e-011
134	5.3295e-011
135	5.3706e-011
136	5.4131e-011
137	5.4677e-011
138	5.6019e-011
139	5.7999e-011
140	5.5253e-011
141	5.6247e-011
142	5.8233e-011
143	5.6739e-011
144	6.1046e-011
145	5.899e-011
146	6.1699e-011
147	6.2449e-011
148	6.3694e-011
149	6.5937e-011
150	6.6063e-011
151	6.9332e-011
152	6.8899e-011
153	7.2474e-011
154	7.2383e-011
155	7.5387e-011
156	7.6361e-011
157	7.751e-011
158	8.1266e-011
159	8.0082e-011
160	8.5552e-011
161	8.4309e-011
162	8.7072e-011
163	9.0662e-011
164	9.0104e-011
165	9.3629e-011
166	9.6554e-011
167	9.6737e-011
168	9.9346e-011
169	1.0399e-010
170	1.038e-010
171	1.061e-010
172	1.0886e-010
173	1.1313e-010
174	1.1413e-010
175	1.163e-010
176	1.1881e-010
177	1.2198e-010
178	1.2487e-010
179	1.2763e-010
180	1.3097e-010
181	1.3323e-010
182	1.3623e-010
183	1.3938e-010
184	1.426e-010
185	1.4577e-010
186	1.4859e-010
187	1.5415e-010
188	1.5623e-010
189	1.602e-010
190	1.6364e-010
191	1.6585e-010
192	1.6944e-010
193	1.7708e-010
194	1.8445e-010
195	1.7973e-010
196	1.794e-010
197	1.8583e-010
198	1.7963e-010
199	1.7066e-010
200	1.6706e-010
201	1.6613e-010
202	1.6316e-010
203	1.5914e-010
204	1.604e-010
205	1.5118e-010
206	1.4941e-010
207	1.466e-010
208	1.4352e-010
209	1.4045e-010
210	1.3747e-010
211	1.3974e-010
212	1.3351e-010
213	1.3251e-010
214	1.2913e-010
215	1.2327e-010
216	1.2266e-010
217	1.2299e-010
218	1.448e-010
219	1.1925e-010
220	1.1206e-010
221	1.1317e-010
222	1.4763e-010
223	1.1171e-010
224	1.0118e-010
225	1.2403e-010
226	1.1109e-010
227	9.2655e-011
228	1.3138e-010
229	1.0457e-010
230	1.0031e-010
231	1.5634e-010
232	8.7178e-011
233	1.2966e-010
234	1.0101e-010
235	1.0042e-010
236	1.014e-010
237	8.5824e-011
238	1.0615e-010
239	7.6231e-011
240	1.0204e-010
241	7.497e-011
242	9.1129e-011
243	7.8551e-011
244	8.0158e-011
245	8.547e-011
246	7.6896e-011
247	1.2571e-010
248	7.3927e-011
249	9.0851e-011
250	6.7317e-011
251	6.7034e-011
252	9.7879e-011
253	7.2676e-011
254	9.1888e-011
255	1.1467e-010
256	2.7742e-010
257	7.3669e-010
258	1.0178e-009
259	1.1098e-009
260	8.2508e-010
261	2.5873e-010
262	2.2934e-010
263	7.376e-011
264	4.253e-011
265	4.4579e-011
266	3.9806e-011
267	4.1248e-011
268	4.4821e-011
269	4.1017e-011
270	4.5748e-011
271	4.6113e-011
272	4.4927e-011
273	5.0211e-011
274	4.6308e-011
275	5.1849e-011
276	5.0285e-011
277	5.2419e-011
278	5.369e-011
279	5.3698e-011
280	5.6721e-011
281	5.5651e-011
282	5.9433e-011
283	5.8303e-011
284	6.1772e-011
285	6.1548e-011
286	6.375e-011
287	6.5834e-011
288	6.5047e-011
289	6.9817e-011
290	6.7441e-011
291	7.2354e-011
292	7.2941e-011
293	7.2897e-011
294	7.7225e-011
295	7.7352e-011
296	7.8381e-011
297	8.2237e-011
298	8.3755e-011
299	8.2988e-011
300	8.7563e-011
301	8.9388e-011
302	9.1103e-011
303	9.1444e-011
304	9.4925e-011
305	9.7323e-011
306	9.9611e-011
307	1.0146e-010
308	1.0367e-010
309	1.0605e-010
310	1.0785e-010
311	1.1085e-010
312	1.1338e-010
313	1.1602e-010
314	1.1862e-010
315	1.2138e-010
316	1.2466e-010
317	1.2569e-010
318	1.2989e-010
319	1.3252e-010
320	1.3586e-010
321	1.4063e-010
322	1.443e-010
323	1.4398e-010
324	1.4497e-010
325	1.5705e-010
326	1.5797e-010
327	1.4512e-010
328	1.4405e-010
329	1.4652e-010
330	1.4393e-010
331	1.3862e-010
332	1.3526e-010
333	1.3313e-010
334	1.263e-010
335	1.2864e-010
336	1.2485e-010
337	1.2241e-010
338	1.2007e-010
339	1.1791e-010
340	1.1621e-010
341	1.0885e-010
342	1.1177e-010
343	1.0889e-010
344	1.0788e-010
345	1.0956e-010
346	1.0867e-010
347	1.1017e-010
348	9.2067e-011
349	1.0872e-010
350	1.0701e-010
351	1.1259e-010
352	8.664e-011
353	1.0735e-010
354	1.1073e-010
355	8.1793e-011
356	8.6775e-011
357	1.1323e-010
358	7.7168e-011
359	9.7897e-011
360	1.2219e-010
361	8.0517e-011
362	1.2559e-010
363	7.4044e-011
364	1.1001e-010
365	9.3962e-011
366	7.7605e-011
367	8.9561e-011
368	6.5579e-011
369	9.3636e-011
370	6.1803e-011
371	8.6222e-011
372	6.3864e-011
373	7.5466e-011
374	7.4338e-011
375	6.2111e-011
376	1.0039e-010
377	6.7049e-011
378	1.0509e-010
379	5.4939e-011
380	6.8112e-011
381	7.3228e-011
382	5.1996e-011
383	7.4455e-011
384	6.584e-011
385	8.8377e-011
386	2.232e-010
387	7.4063e-010
388	9.6766e-010
389	1.155e-009
390	9.906e-010
391	2.5878e-010
392	2.2939e-010
393	7.3754e-011
394	4.2523e-011
395	4.4576e-011
396	3.9807e-011
397	4.1243e-011
398	4.4807e-011
399	4.0994e-011
400	4.5716e-011
401	4.6075e-011
402	4.4895e-011
403	5.0202e-011
404	4.6317e-011
405	5.1843e-011
406	5.0249e-011
407	5.238e-011
408	5.3674e-011
409	5.3705e-011
410	5.6749e-011
411	5.5688e-011
412	5.9471e-011
413	5.8334e-011
414	6.1785e-011
415	6.1558e-011
416	6.3761e-011
417	6.5854e-011
418	6.5081e-011
419	6.9871e-011
420	6.7489e-011
421	7.2388e-011
422	7.2952e-011
423	7.291e-011
424	7.7228e-011
425	7.7335e-011
426	7.8357e-011
427	8.2218e-011
428	8.3783e-011
429	8.2909e-011
430	8.7576e-011
431	8.9388e-011
432	9.1105e-011
433	9.1411e-011
434	9.4861e-011
435	9.725e-011
436	9.9565e-011
437	1.0145e-010
438	1.036e-010
439	1.06e-010
440	1.0782e-010
441	1.1087e-010
442	1.1342e-010
443	1.16e-010
444	1.1855e-010
445	1.2137e-010
446	1.2464e-010
447	1.2572e-010
448	1.2985e-010
449	1.3255e-010
450	1.359e-010
451	1.4064e-010
452	1.4422e-010
453	1.44e-010
454	1.4498e-010
455	1.5707e-010
456	1.5794e-010
457	1.4517e-010
458	1.4406e-010
459	1.4657e-010
460	1.4394e-010
461	1.3858e-010
462	1.3521e-010
463	1.332e-010
464	1.2623e-010
465	1.2874e-010
466	1.248e-010
467	1.2241e-010
468	1.1996e-010
469	1.1783e-010
470	1.1612e-010
471	1.0886e-010
472	1.1179e-010
473	1.0892e-010
474	1.0791e-010
475	1.096e-010
476	1.0867e-010
477	1.1013e-010
478	9.2035e-011
479	1.0871e-010
480	1.0703e-010
481	1.1261e-010
482	8.6663e-011
483	1.0735e-010
484	1.1073e-010
485	8.181e-011
486	8.681e-011
487	1.1328e-010
488	7.7216e-011
489	9.797e-011
490	1.2227e-010
491	8.0596e-011
492	1.2568e-010
493	7.4113e-011
494	1.1011e-010
495	9.4041e-011
496	7.7667e-011
497	8.9624e-011
498	6.5678e-011
499	9.3721e-011
500	6.1885e-011
501	8.6304e-011
502	6.3933e-011
503	7.5536e-011
504	7.4411e-011
505	6.2166e-011
506	1.0047e-010
507	6.7067e-011
508	1.0514e-010
509	5.4968e-011
510	6.8142e-011
511	7.3267e-011
512	5.2015e-011
513	7.4496e-011
514	6.5872e-011
515	8.8416e-011
516	2.2318e-010
517	7.4067e-010
518	9.6766e-010
519	1.1549e-009
520	9.9062e-010
521	1.9322e-010
522	2.1724e-010
523	7.2791e-011
524	5.3278e-011
525	5.3705e-011
526	5.4139e-011
527	5.4671e-011
528	5.5969e-011
529	5.7909e-011
530	5.5151e-011
531	5.6155e-011
532	5.8164e-011
533	5.6699e-011
534	6.102e-011
535	5.8951e-011
536	6.1622e-011
537	6.2365e-011
538	6.3636e-011
539	6.5925e-011
540	6.6102e-011
541	6.9406e-011
542	6.8975e-011
543	7.2518e-011
544	7.2383e-011
545	7.5352e-011
546	7.6331e-011
547	7.7521e-011
548	8.1352e-011
549	8.0222e-011
550	8.5716e-011
551	8.4406e-011
552	8.7101e-011
553	9.065e-011
554	9.0105e-011
555	9.3599e-011
556	9.6422e-011
557	9.6659e-011
558	9.9157e-011
559	1.0417e-010
560	1.0359e-010
561	1.061e-010
562	1.088e-010
563	1.1296e-010
564	1.14e-010
565	1.1622e-010
566	1.1872e-010
567	1.2187e-010
568	1.2471e-010
569	1.2742e-010
570	1.3093e-010
571	1.3332e-010
572	1.3625e-010
573	1.3934e-010
574	1.4254e-010
575	1.4573e-010
576	1.4864e-010
577	1.5411e-010
578	1.5623e-010
579	1.6009e-010
580	1.638e-010
581	1.6594e-010
582	1.6929e-010
583	1.7713e-010
584	1.8462e-010
585	1.7982e-010
586	1.7931e-010
587	1.858e-010
588	1.7982e-010
589	1.7085e-010
590	1.6706e-010
591	1.6605e-010
592	1.6316e-010
593	1.5901e-010
594	1.606e-010
595	1.5107e-010
596	1.4942e-010
597	1.4641e-010
598	1.4337e-010
599	1.4022e-010
600	1.3743e-010
601	1.3975e-010
602	1.3357e-010
603	1.3259e-010
604	1.2921e-010
605	1.2335e-010
606	1.2268e-010
607	1.2292e-010
608	1.4476e-010
609	1.1922e-010
610	1.1207e-010
611	1.1319e-010
612	1.4763e-010
613	1.1174e-010
614	1.012e-010
615	1.2407e-010
616	1.1117e-010
617	9.2731e-011
618	1.3148e-010
619	1.0471e-010
620	1.0047e-010
621	1.5652e-010
622	8.7341e-011
623	1.2991e-010
624	1.0116e-010
625	1.0058e-010
626	1.0157e-010
627	8.5983e-011
628	1.0634e-010
629	7.6418e-011
630	1.0225e-010
631	7.5133e-011
632	9.1312e-011
633	7.8713e-011
634	8.0333e-011
635	8.565e-011
636	7.7011e-011
637	1.2589e-010
638	7.3998e-011
639	9.0925e-011
640	6.7393e-011
641	6.7112e-011
642	9.7983e-011
643	7.2761e-011
644	9.2001e-011
645	1.1477e-010
646	2.7754e-010
647	7.3669e-010
648	1.0179e-009
649	1.1098e-009
650	8.2507e-010
651	2.5878e-010
652	2.2939e-010
653	7.3754e-011
654	4.2523e-011
655	4.4576e-011
656	3.9807e-011
657	4.1243e-011
658	4.4807e-011
659	4.0994e-011
660	4.5716e-011
661	4.6075e-011
662	4.4895e-011
663	5.0202e-011
664	4.6317e-011
665	5.1843e-011
666	5.0249e-011
667	5.238e-011
668	5.3674e-011
669	5.3705e-011
670	5.6749e-011
671	5.5688e-011
672	5.9471e-011
673	5.8334e-011
674	6.1785e-011
675	6.1558e-011
676	6.3761e-011
677	6.5854e-011
678	6.5081e-011
679	6.9871e-011
680	6.7489e-011
681	7.2388e-011
682	7.2951e-011
683	7.2909e-011
684	7.7228e-011
685	7.7335e-011
686	7.8356e-011
687	8.2208e-011
688	8.3832e-011
689	8.2836e-011
690	8.7628e-011
691	8.9377e-011
692	9.1104e-011
693	9.1411e-011
694	9.4861e-011
695	9.725e-011
696	9.9564e-011
697	1.0145e-010
698	1.036e-010
699	1.06e-010
700	1.0782e-010
701	1.1087e-010
702	1.1342e-010
703	1.16e-010
704	1.1855e-010
705	1.2137e-010
706	1.2464e-010
707	1.2572e-010
708	1.2985e-010
709	1.3255e-010
710	1.359e-010
711	1.4064e-010
712	1.4422e-010
713	1.44e-010
714	1.4498e-010
715	1.5707e-010
716	1.5794e-010
717	1.4517e-010
718	1.4406e-010
719	1.4657e-010
720	1.4394e-010
721	1.3858e-010
722	1.3521e-010
723	1.332e-010
724	1.2623e-010
725	1.2874e-010
726	1.248e-010
727	1.2242e-010
728	1.1995e-010
729	1.1789e-010
730	1.1576e-010
731	1.0989e-010
732	1.1143e-010
733	1.0896e-010
734	1.079e-010
735	1.096e-010
736	1.0867e-010
737	1.1012e-010
738	9.2046e-011
739	1.087e-010
740	1.0703e-010
741	1.1261e-010
742	8.6667e-011
743	1.0735e-010
744	1.1073e-010
745	8.1809e-011
746	8.6809e-011
747	1.1328e-010
748	7.7216e-011
749	9.7971e-011
750	1.2227e-010
751	8.0596e-011
752	1.2568e-010
753	7.4114e-011
754	1.1011e-010
755	9.4041e-011
756	7.7667e-011
757	8.9624e-011
758	6.5678e-011
759	9.3721e-011
760	6.1885e-011
761	8.6304e-011
762	6.3933e-011
763	7.5536e-011
764	7.4411e-011
765	6.2166e-011
766	1.0047e-010
767	6.7067e-011
768	1.0514e-010
769	5.4968e-011
770	6.8142e-011
771	7.3267e-011
772	5.2015e-011
773	7.4497e-011
774	6.5872e-011
775	8.8417e-011
776	2.2318e-010
777	7.4067e-010
778	9.6766e-010
779	1.1549e-009
780	9.9062e-010
781	2.5873e-010
782	2.2934e-010
783	7.376e-011
784	4.253e-011
785	4.4579e-011
786	3.9806e-011
787	4.1248e-011
788	4.4821e-011
789	4.1017e-011
790	4.5748e-011
791	4.6113e-011
792	4.4927e-011
793	5.0211e-011
794	4.6308e-011
795	5.1849e-011
796	5.0285e-011
797	5.2419e-011
798	5.369e-011
799	5.3698e-011
800	5.672e-011
801	5.5651e-011
802	5.9433e-011
803	5.8303e-011
804	6.1772e-011
805	6.1548e-011
806	6.375e-011
807	6.5834e-011
808	6.5047e-011
809	6.9817e-011
810	6.7441e-011
811	7.2354e-011
812	7.2941e-011
813	7.2897e-011
814	7.7224e-011
815	7.7353e-011
816	7.838e-011
817	8.2235e-011
818	8.3846e-011
819	8.2845e-011
820	8.7659e-011
821	8.9386e-011
822	9.11e-011
823	9.1445e-011
824	9.4925e-011
825	9.7323e-011
826	9.9611e-011
827	1.0146e-010
828	1.0367e-010
829	1.0605e-010
830	1.0785e-010
831	1.1085e-010
832	1.1338e-010
833	1.1602e-010
834	1.1862e-010
835	1.2138e-010
836	1.2466e-010
837	1.2569e-010
838	1.2989e-010
839	1.3252e-010
840	1.3586e-010
841	1.4063e-010
842	1.443e-010
843	1.4398e-010
844	1.4497e-010
845	1.5705e-010
846	1.5797e-010
847	1.4512e-010
848	1.4405e-010
849	1.4652e-010
850	1.4393e-010
851	1.3863e-010
852	1.3526e-010
853	1.3313e-010
854	1.263e-010
855	1.2864e-010
856	1.2485e-010
857	1.2241e-010
858	1.2007e-010
859	1.1797e-010
860	1.1581e-010
861	1.0997e-010
862	1.1138e-010
863	1.0893e-010
864	1.0788e-010
865	1.0957e-010
866	1.0867e-010
867	1.1016e-010
868	9.2077e-011
869	1.087e-010
870	1.0701e-010
871	1.126e-010
872	8.6645e-011
873	1.0735e-010
874	1.1073e-010
875	8.1793e-011
876	8.6775e-011
877	1.1323e-010
878	7.7168e-011
879	9.7898e-011
880	1.2219e-010
881	8.0517e-011
882	1.2559e-010
883	7.4044e-011
884	1.1001e-010
885	9.3962e-011
886	7.7604e-011
887	8.9561e-011
888	6.5578e-011
889	9.3636e-011
890	6.1803e-011
891	8.6222e-011
892	6.3865e-011
893	7.5466e-011
894	7.4338e-011
895	6.2112e-011
896	1.0039e-010
897	6.7049e-011
898	1.0509e-010
899	5.4939e-011
900	6.8112e-011
901	7.3228e-011
902	5.1996e-011
903	7.4455e-011
904	6.584e-011
905	8.8377e-011
906	2.232e-010
907	7.4063e-010
908	9.6766e-010
909	1.155e-009
910	9.906e-010
911	1.9319e-010
912	2.1726e-010
913	7.28e-011
914	5.3295e-011
915	5.3706e-011
916	5.4131e-011
917	5.4677e-011
918	5.6019e-011
919	5.7999e-011
920	5.5253e-011
921	5.6247e-011
922	5.8233e-011
923	5.6739e-011
924	6.1046e-011
925	5.899e-011
926	6.1699e-011
927	6.2449e-011
928	6.3694e-011
929	6.5937e-011
930	6.6063e-011
931	6.9332e-011
932	6.89e-011
933	7.2473e-011
934	7.2382e-011
935	7.5387e-011
936	7.6362e-011
937	7.751e-011
938	8.1266e-011
939	8.0082e-011
940	8.5552e-011
941	8.4309e-011
942	8.7072e-011
943	9.0662e-011
944	9.0104e-011
945	9.3628e-011
946	9.6555e-011
947	9.6758e-011
948	9.9196e-011
949	1.0431e-010
950	1.0364e-010
951	1.0612e-010
952	1.0887e-010
953	1.1312e-010
954	1.1413e-010
955	1.163e-010
956	1.1881e-010
957	1.2198e-010
958	1.2487e-010
959	1.2763e-010
960	1.3097e-010
961	1.3323e-010
962	1.3623e-010
963	1.3938e-010
964	1.426e-010
965	1.4577e-010
966	1.4859e-010
967	1.5415e-010
968	1.5623e-010
969	1.602e-010
970	1.6364e-010
971	1.6585e-010
972	1.6944e-010
973	1.7708e-010
974	1.8445e-010
975	1.7974e-010
976	1.794e-010
977	1.8583e-010
978	1.7963e-010
979	1.7066e-010
980	1.6706e-010
981	1.6614e-010
982	1.6316e-010
983	1.5914e-010
984	1.604e-010
985	1.5118e-010
986	1.4941e-010
987	1.466e-010
988	1.4353e-010
989	1.4039e-010
990	1.3768e-010
991	1.3956e-010
992	1.3371e-010
993	1.3247e-010
994	1.2913e-010
995	1.2327e-010
996	1.2265e-010
997	1.2301e-010
998	1.4475e-010
999	1.1927e-010
1000	1.1206e-010
1001	1.1316e-010
1002	1.4763e-010
1003	1.1171e-010
1004	1.0118e-010
1005	1.2403e-010
1006	1.1109e-010
1007	9.2655e-011
1008	1.3138e-010
1009	1.0457e-010
1010	1.0031e-010
1011	1.5634e-010
1012	8.7178e-011
1013	1.2966e-010
1014	1.0101e-010
1015	1.0042e-010
1016	1.014e-010
1017	8.5824e-011
1018	1.0615e-010
1019	7.6231e-011
1020	1.0204e-010
1021	7.497e-011
1022	9.1128e-011
1023	7.8551e-011
1024	8.0157e-011
1025	8.547e-011
1026	7.6896e-011
1027	1.2571e-010
1028	7.3927e-011
1029	9.0851e-011
1030	6.7317e-011
1031	6.7034e-011
1032	9.788e-011
1033	7.2676e-011
1034	9.1888e-011
1035	1.1467e-010
1036	2.7742e-010
1037	7.3669e-010
1038	1.0178e-009
1039	1.1098e-009
1040	8.2508e-010
1041	2.5879e-010
1042	2.294e-010
1043	7.3801e-011
1044	4.2571e-011
1045	4.4617e-011
1046	3.9838e-011
1047	4.1273e-011
1048	4.4842e-011
1049	4.1031e-011
1050	4.5768e-011
1051	4.6142e-011
1052	4.4959e-011
1053	5.0245e-011
1054	4.6337e-011
1055	5.1863e-011
1056	5.0279e-011
1057	5.2419e-011
1058	5.3717e-011
1059	5.3738e-011
1060	5.6756e-011
1061	5.5674e-011
1062	5.9436e-011
1063	5.8311e-011
1064	6.1812e-011
1065	6.1598e-011
1066	6.3768e-011
1067	6.5849e-011
1068	6.5092e-011
1069	6.9839e-011
1070	6.7428e-011
1071	7.233e-011
1072	7.2933e-011
1073	7.2915e-011
1074	7.7233e-011
1075	7.737e-011
1076	7.8443e-011
1077	8.2254e-011
1078	8.3829e-011
1079	8.2872e-011
1080	8.7693e-011
1081	8.9408e-011
1082	9.115e-011
1083	9.15e-011
1084	9.4995e-011
1085	9.7314e-011
1086	9.9609e-011
1087	1.0152e-010
1088	1.0373e-010
1089	1.0614e-010
1090	1.0778e-010
1091	1.1087e-010
1092	1.1348e-010
1093	1.1605e-010
1094	1.1863e-010
1095	1.2136e-010
1096	1.2462e-010
1097	1.257e-010
1098	1.2985e-010
1099	1.3253e-010
1100	1.3577e-010
1101	1.4061e-010
1102	1.4426e-010
1103	1.4403e-010
1104	1.448e-010
1105	1.5706e-010
1106	1.5793e-010
1107	1.4523e-010
1108	1.4403e-010
1109	1.4655e-010
1110	1.4391e-010
1111	1.3866e-010
1112	1.353e-010
1113	1.3319e-010
1114	1.2634e-010
1115	1.2872e-010
1116	1.2487e-010
1117	1.2238e-010
1118	1.2005e-010
1119	1.1799e-010
1120	1.1578e-010
1121	1.0994e-010
1122	1.1139e-010
1123	1.0894e-010
1124	1.0785e-010
1125	1.0952e-010
1126	1.0866e-010
1127	1.1014e-010
1128	9.2042e-011
1129	1.0868e-010
1130	1.0703e-010
1131	1.1258e-010
1132	8.6609e-011
1133	1.0731e-010
1134	1.1071e-010
1135	8.178e-011
1136	8.6756e-011
1137	1.1321e-010
1138	7.7133e-011
1139	9.787e-011
1140	1.2217e-010
1141	8.0511e-011
1142	1.2557e-010
1143	7.4028e-011
1144	1.1e-010
1145	9.3944e-011
1146	7.7553e-011
1147	8.9497e-011
1148	6.5541e-011
1149	9.3595e-011
1150	6.1788e-011
1151	8.6197e-011
1152	6.3828e-011
1153	7.5429e-011
1154	7.4313e-011
1155	6.2096e-011
1156	1.0035e-010
1157	6.7014e-011
1158	1.0505e-010
1159	5.4917e-011
1160	6.8085e-011
1161	7.3217e-011
1162	5.1984e-011
1163	7.4443e-011
1164	6.5802e-011
1165	8.8339e-011
1166	2.2319e-010
1167	7.4065e-010
1168	9.6769e-010
1169	1.1549e-009
1170	9.9052e-010
1171	2.5879e-010
1172	2.294e-010
1173	7.3801e-011
1174	4.2571e-011
1175	4.4617e-011
1176	3.9838e-011
1177	4.1273e-011
1178	4.4842e-011
1179	4.1031e-011
1180	4.5768e-011
1181	4.6142e-011
1182	4.4959e-011
1183	5.0245e-011
1184	4.6337e-011
1185	5.1863e-011
1186	5.0279e-011
1187	5.2419e-011
1188	5.3717e-011
1189	5.3738e-011
1190	5.6756e-011
1191	5.5674e-011
1192	5.9436e-011
1193	5.8311e-011
1194	6.1812e-011
1195	6.1598e-011
1196	6.3768e-011
1197	6.5849e-011
1198	6.5092e-011
1199	6.9839e-011
1200	6.7428e-011
1201	7.2331e-011
1202	7.2933e-011
1203	7.2915e-011
1204	7.7233e-011
1205	7.737e-011
1206	7.8444e-011
1207	8.2254e-011
1208	8.3829e-011
1209	8.2872e-011
1210	8.7693e-011
1211	8.9408e-011
1212	9.115e-011
1213	9.1499e-011
1214	9.4994e-011
1215	9.7314e-011
1216	9.9609e-011
1217	1.0152e-010
1218	1.0373e-010
1219	1.0614e-010
1220	1.0778e-010
1221	1.1087e-010
1222	1.1348e-010
1223	1.1605e-010
1224	1.1864e-010
1225	1.2136e-010
1226	1.2462e-010
1227	1.257e-010
1228	1.2985e-010
1229	1.3253e-010
1230	1.3577e-010
1231	1.4061e-010
1232	1.4426e-010
1233	1.4403e-010
1234	1.448e-010
1235	1.5706e-010
1236	1.5793e-010
1237	1.4523e-010
1238	1.4403e-010
1239	1.4655e-010
1240	1.4391e-010
1241	1.3866e-010
1242	1.353e-010
1243	1.3319e-010
1244	1.2634e-010
1245	1.2872e-010
1246	1.2487e-010
1247	1.2238e-010
1248	1.2005e-010
1249	1.1799e-010
1250	1.1579e-010
1251	1.0992e-010
1252	1.114e-010
1253	1.0894e-010
1254	1.0785e-010
1255	1.0952e-010
1256	1.0867e-010
1257	1.1015e-010
1258	9.195e-011
1259	1.0868e-010
1260	1.0704e-010
1261	1.1258e-010
1262	8.661e-011
1263	1.0731e-010
1264	1.1071e-010
1265	8.178e-011
1266	8.6756e-011
1267	1.1321e-010
1268	7.7133e-011
1269	9.787e-011
1270	1.2217e-010
1271	8.0511e-011
1272	1.2557e-010
1273	7.4028e-011
1274	1.1001e-010
1275	9.3944e-011
1276	7.7553e-011
1277	8.9497e-011
1278	6.5541e-011
1279	9.3595e-011
1280	6.1788e-011
1281	8.6198e-011
1282	6.3828e-011
1283	7.5429e-011
1284	7.4313e-011
1285	6.2096e-011
1286	1.0035e-010
1287	6.7014e-011
1288	1.0505e-010
1289	5.4916e-011
1290	6.8085e-011
1291	7.3217e-011
1292	5.1984e-011
1293	7.4443e-011
1294	6.5802e-011
1295	8.8339e-011
1296	2.2319e-010
1297	7.4065e-010
1298	9.6769e-010
1299	1.1549e-009
1300	9.9052e-010
1301	1.9319e-010
1302	2.1726e-010
1303	7.28e-011
1304	5.3295e-011
1305	5.3706e-011
1306	5.4131e-011
1307	5.4677e-011
1308	5.6019e-011
1309	5.7999e-011
1310	5.5253e-011
1311	5.6247e-011
1312	5.8233e-011
1313	5.6739e-011
1314	6.1046e-011
1315	5.899e-011
1316	6.1699e-011
1317	6.2449e-011
1318	6.3694e-011
1319	6.5937e-011
1320	6.6063e-011
1321	6.9332e-011
1322	6.89e-011
1323	7.2474e-011
1324	7.2382e-011
1325	7.5387e-011
1326	7.6361e-011
1327	7.751e-011
1328	8.1266e-011
1329	8.0082e-011
1330	8.5552e-011
1331	8.4309e-011
1332	8.7072e-011
1333	9.0663e-011
1334	9.0103e-011
1335	9.3629e-011
1336	9.6555e-011
1337	9.6758e-011
1338	9.9196e-011
1339	1.0432e-010
1340	1.0364e-010
1341	1.0612e-010
1342	1.0887e-010
1343	1.1312e-010
1344	1.1413e-010
1345	1.163e-010
1346	1.1881e-010
1347	1.2198e-010
1348	1.2487e-010
1349	1.2763e-010
1350	1.3097e-010
1351	1.3323e-010
1352	1.3623e-010
1353	1.3938e-010
1354	1.426e-010
1355	1.4577e-010
1356	1.4859e-010
1357	1.5415e-010
1358	1.5623e-010
1359	1.602e-010
1360	1.6364e-010
1361	1.6585e-010
1362	1.6944e-010
1363	1.7708e-010
1364	1.8445e-010
1365	1.7973e-010
1366	1.794e-010
1367	1.8583e-010
1368	1.7963e-010
1369	1.7066e-010
1370	1.6706e-010
1371	1.6614e-010
1372	1.6315e-010
1373	1.5914e-010
1374	1.604e-010
1375	1.5118e-010
1376	1.4941e-010
1377	1.466e-010
1378	1.4354e-010
1379	1.4039e-010
1380	1.3761e-010
1381	1.3971e-010
1382	1.3365e-010
1383	1.3247e-010
1384	1.2914e-010
1385	1.2327e-010
1386	1.2259e-010
1387	1.2322e-010
1388	1.4442e-010
1389	1.1947e-010
1390	1.1201e-010
1391	1.1317e-010
1392	1.4764e-010
1393	1.1171e-010
1394	1.0118e-010
1395	1.2403e-010
1396	1.1109e-010
1397	9.2656e-011
1398	1.3138e-010
1399	1.0457e-010
1400	1.0031e-010
1401	1.5633e-010
1402	8.7177e-011
1403	1.2966e-010
1404	1.0101e-010
1405	1.0042e-010
1406	1.014e-010
1407	8.5824e-011
1408	1.0615e-010
1409	7.6231e-011
1410	1.0204e-010
1411	7.497e-011
1412	9.1128e-011
1413	7.8551e-011
1414	8.0158e-011
1415	8.5469e-011
1416	7.6896e-011
1417	1.2571e-010
1418	7.3927e-011
1419	9.0851e-011
1420	6.7317e-011
1421	6.7034e-011
1422	9.7879e-011
1423	7.2676e-011
1424	9.1888e-011
1425	1.1467e-010
1426	2.7742e-010
1427	7.3669e-010
1428	1.0178e-009
1429	1.1098e-009
1430	8.2508e-010
1431	2.5873e-010
1432	2.2934e-010
1433	7.376e-011
1434	4.253e-011
1435	4.4579e-011
1436	3.9806e-011
1437	4.1248e-011
1438	4.4821e-011
1439	4.1017e-011
1440	4.5748e-011
1441	4.6113e-011
1442	4.4927e-011
1443	5.0211e-011
1444	4.6308e-011
1445	5.1849e-011
1446	5.0285e-011
1447	5.2419e-011
1448	5.369e-011
1449	5.3698e-011
1450	5.672e-011
1451	5.5651e-011
1452	5.9433e-011
1453	5.8303e-011
1454	6.1772e-011
1455	6.1548e-011
1456	6.375e-011
1457	6.5834e-011
1458	6.5047e-011
1459	6.9818e-011
1460	6.7441e-011
1461	7.2354e-011
1462	7.2941e-011
1463	7.2897e-011
1464	7.7225e-011
1465	7.7352e-011
1466	7.838e-011
1467	8.2235e-011
1468	8.3846e-011
1469	8.2845e-011
1470	8.7658e-011
1471	8.9386e-011
1472	9.11e-011
1473	9.1445e-011
1474	9.4925e-011
1475	9.7324e-011
1476	9.9611e-011
1477	1.0146e-010
1478	1.0367e-010
1479	1.0605e-010
1480	1.0785e-010
1481	1.1085e-010
1482	1.1338e-010
1483	1.1602e-010
1484	1.1862e-010
1485	1.2138e-010
1486	1.2466e-010
1487	1.2569e-010
1488	1.2989e-010
1489	1.3252e-010
1490	1.3586e-010
1491	1.4063e-010
1492	1.443e-010
1493	1.4398e-010
1494	1.4497e-010
1495	1.5705e-010
1496	1.5797e-010
1497	1.4512e-010
1498	1.4405e-010
1499	1.4652e-010
1500	1.4393e-010
1501	1.3862e-010
1502	1.3526e-010
1503	1.3313e-010
1504	1.263e-010
1505	1.2864e-010
1506	1.2485e-010
1507	1.2242e-010
1508	1.2006e-010
1509	1.1797e-010
1510	1.1599e-010
1511	1.1013e-010
1512	1.1155e-010
1513	1.0891e-010
1514	1.0787e-010
1515	1.0956e-010
1516	1.087e-010
1517	1.1015e-010
1518	9.2011e-011
1519	1.087e-010
1520	1.0704e-010
1521	1.1259e-010
1522	8.6641e-011
1523	1.0735e-010
1524	1.1073e-010
1525	8.1794e-011
1526	8.6775e-011
1527	1.1323e-010
1528	7.7168e-011
1529	9.7897e-011
1530	1.2219e-010
1531	8.0517e-011
1532	1.2559e-010
1533	7.4044e-011
1534	1.1001e-010
1535	9.3962e-011
1536	7.7605e-011
1537	8.9562e-011
1538	6.5579e-011
1539	9.3636e-011
1540	6.1802e-011
1541	8.6222e-011
1542	6.3865e-011
1543	7.5466e-011
1544	7.4338e-011
1545	6.2111e-011
1546	1.0039e-010
1547	6.705e-011
1548	1.0509e-010
1549	5.4939e-011
1550	6.8113e-011
1551	7.3228e-011
1552	5.1996e-011
1553	7.4455e-011
1554	6.584e-011
1555	8.8377e-011
1556	2.232e-010
1557	7.4063e-010
1558	9.6766e-010
1559	1.155e-009
1560	9.906e-010
1561	2.5878e-010
1562	2.2939e-010
1563	7.3754e-011
1564	4.2523e-011
1565	4.4576e-011
1566	3.9807e-011
1567	4.1243e-011
1568	4.4807e-011
1569	4.0994e-011
1570	4.5716e-011
1571	4.6075e-011
1572	4.4895e-011
1573	5.0202e-011
1574	4.6317e-011
1575	5.1843e-011
1576	5.0249e-011
1577	5.238e-011
1578	5.3674e-011
1579	5.3705e-011
1580	5.6749e-011
1581	5.5688e-011
1582	5.9471e-011
1583	5.8334e-011
1584	6.1785e-011
1585	6.1558e-011
1586	6.3761e-011
1587	6.5854e-011
1588	6.5081e-011
1589	6.9871e-011
1590	6.7489e-011
1591	7.2388e-011
1592	7.2952e-011
1593	7.291e-011
1594	7.7228e-011
1595	7.7335e-011
1596	7.8355e-011
1597	8.2208e-011
1598	8.3839e-011
1599	8.2824e-011
1600	8.7636e-011
1601	8.9378e-011
1602	9.1103e-011
1603	9.1411e-011
1604	9.4861e-011
1605	9.725e-011
1606	9.9565e-011
1607	1.0145e-010
1608	1.036e-010
1609	1.06e-010
1610	1.0782e-010
1611	1.1087e-010
1612	1.1342e-010
1613	1.16e-010
1614	1.1855e-010
1615	1.2137e-010
1616	1.2464e-010
1617	1.2572e-010
1618	1.2985e-010
1619	1.3255e-010
1620	1.359e-010
1621	1.4064e-010
1622	1.4422e-010
1623	1.44e-010
1624	1.4498e-010
1625	1.5707e-010
1626	1.5794e-010
1627	1.4517e-010
1628	1.4406e-010
1629	1.4657e-010
1630	1.4394e-010
1631	1.3858e-010
1632	1.3521e-010
1633	1.332e-010
1634	1.2623e-010
1635	1.2874e-010
1636	1.248e-010
1637	1.2242e-010
1638	1.1995e-010
1639	1.1794e-010
1640	1.1614e-010
1641	1.0987e-010
1642	1.1182e-010
1643	1.09e-010
1644	1.079e-010
1645	1.096e-010
1646	1.087e-010
1647	1.1011e-010
1648	9.1986e-011
1649	1.0869e-010
1650	1.0705e-010
1651	1.126e-010
1652	8.6663e-011
1653	1.0735e-010
1654	1.1073e-010
1655	8.1809e-011
1656	8.681e-011
1657	1.1328e-010
1658	7.7216e-011
1659	9.797e-011
1660	1.2227e-010
1661	8.0596e-011
1662	1.2568e-010
1663	7.4114e-011
1664	1.1011e-010
1665	9.4041e-011
1666	7.7667e-011
1667	8.9624e-011
1668	6.5678e-011
1669	9.3721e-011
1670	6.1885e-011
1671	8.6304e-011
1672	6.3933e-011
1673	7.5536e-011
1674	7.4411e-011
1675	6.2166e-011
1676	1.0047e-010
1677	6.7067e-011
1678	1.0514e-010
1679	5.4968e-011
1680	6.8142e-011
1681	7.3267e-011
1682	5.2015e-011
1683	7.4496e-011
1684	6.5872e-011
1685	8.8417e-011
1686	2.2318e-010
1687	7.4067e-010
1688	9.6766e-010
1689	1.1549e-009
1690	9.9062e-010
1691	1.9322e-010
1692	2.1724e-010
1693	7.2791e-011
1694	5.3278e-011
1695	5.3705e-011
1696	5.4139e-011
1697	5.4671e-011
1698	5.5969e-011
1699	5.7909e-011
1700	5.5151e-011
1701	5.6155e-011
1702	5.8164e-011
1703	5.6699e-011
1704	6.102e-011
1705	5.8951e-011
1706	6.1622e-011
1707	6.2365e-011
1708	6.3636e-011
1709	6.5925e-011
1710	6.6102e-011
1711	6.9406e-011
1712	6.8975e-011
1713	7.2518e-011
1714	7.2383e-011
1715	7.5352e-011
1716	7.6332e-011
1717	7.752e-011
1718	8.1352e-011
1719	8.0222e-011
1720	8.5716e-011
1721	8.4406e-011
1722	8.71e-011
1723	9.0651e-011
1724	9.0105e-011
1725	9.3599e-011
1726	9.6424e-011
1727	9.6662e-011
1728	9.9133e-011
1729	1.0423e-010
1730	1.0357e-010
1731	1.061e-010
1732	1.0881e-010
1733	1.1296e-010
1734	1.14e-010
1735	1.1622e-010
1736	1.1872e-010
1737	1.2187e-010
1738	1.2471e-010
1739	1.2742e-010
1740	1.3093e-010
1741	1.3332e-010
1742	1.3625e-010
1743	1.3934e-010
1744	1.4254e-010
1745	1.4573e-010
1746	1.4864e-010
1747	1.5411e-010
1748	1.5623e-010
1749	1.6009e-010
1750	1.638e-010
1751	1.6594e-010
1752	1.6929e-010
1753	1.7713e-010
1754	1.8462e-010
1755	1.7982e-010
1756	1.7931e-010
1757	1.858e-010
1758	1.7982e-010
1759	1.7085e-010
1760	1.6706e-010
1761	1.6605e-010
1762	1.6316e-010
1763	1.5901e-010
1764	1.606e-010
1765	1.5107e-010
1766	1.4942e-010
1767	1.464e-010
1768	1.4339e-010
1769	1.4016e-010
1770	1.3737e-010
1771	1.4072e-010
1772	1.3355e-010
1773	1.3257e-010
1774	1.2924e-010
1775	1.2336e-010
1776	1.226e-010
1777	1.2314e-010
1778	1.4439e-010
1779	1.1943e-010
1780	1.1201e-010
1781	1.1319e-010
1782	1.4764e-010
1783	1.1174e-010
1784	1.0119e-010
1785	1.2407e-010
1786	1.1117e-010
1787	9.2731e-011
1788	1.3148e-010
1789	1.0471e-010
1790	1.0047e-010
1791	1.5652e-010
1792	8.7341e-011
1793	1.2991e-010
1794	1.0116e-010
1795	1.0058e-010
1796	1.0157e-010
1797	8.5983e-011
1798	1.0634e-010
1799	7.6417e-011
1800	1.0225e-010
1801	7.5133e-011
1802	9.1313e-011
1803	7.8714e-011
1804	8.0332e-011
1805	8.565e-011
1806	7.7011e-011
1807	1.2589e-010
1808	7.3998e-011
1809	9.0925e-011
1810	6.7393e-011
1811	6.7112e-011
1812	9.7983e-011
1813	7.2761e-011
1814	9.2001e-011
1815	1.1477e-010
1816	2.7754e-010
1817	7.3669e-010
1818	1.0179e-009
1819	1.1098e-009
1820	8.2507e-010
1821	2.5878e-010
1822	2.2939e-010
1823	7.3754e-011
1824	4.2523e-011
1825	4.4576e-011
1826	3.9807e-011
1827	4.1243e-011
1828	4.4807e-011
1829	4.0994e-011
1830	4.5716e-011
1831	4.6075e-011
1832	4.4895e-011
1833	5.0202e-011
1834	4.6317e-011
1835	5.1843e-011
1836	5.0249e-011
1837	5.238e-011
1838	5.3674e-011
1839	5.3706e-011
1840	5.6749e-011
1841	5.5688e-011
1842	5.9471e-011
1843	5.8334e-011
1844	6.1785e-011
1845	6.1558e-011
1846	6.3761e-011
1847	6.5854e-011
1848	6.5081e-011
1849	6.9871e-011
1850	6.7489e-011
1851	7.2388e-011
1852	7.2951e-011
1853	7.2909e-011
1854	7.7228e-011
1855	7.7335e-011
1856	7.8355e-011
1857	8.2209e-011
1858	8.3839e-011
1859	8.2824e-011
1860	8.7636e-011
1861	8.9378e-011
1862	9.1104e-011
1863	9.1411e-011
1864	9.4861e-011
1865	9.725e-011
1866	9.9565e-011
1867	1.0145e-010
1868	1.036e-010
1869	1.06e-010
1870	1.0782e-010
1871	1.1087e-010
1872	1.1342e-010
1873	1.16e-010
1874	1.1855e-010
1875	1.2137e-010
1876	1.2464e-010
1877	1.2572e-010
1878	1.2985e-010
1879	1.3255e-010
1880	1.359e-010
1881	1.4064e-010
1882	1.4422e-010
1883	1.44e-010
1884	1.4498e-010
1885	1.5707e-010
1886	1.5794e-010
1887	1.4517e-010
1888	1.4406e-010
1889	1.4657e-010
1890	1.4394e-010
1891	1.3858e-010
1892	1.3521e-010
1893	1.332e-010
1894	1.2623e-010
1895	1.2874e-010
1896	1.248e-010
1897	1.2241e-010
1898	1.1995e-010
1899	1.1782e-010
1900	1.167e-010
1901	1.0877e-010
1902	1.1238e-010
1903	1.089e-010
1904	1.0791e-010
1905	1.096e-010
1906	1.0869e-010
1907	1.1012e-010
1908	9.1969e-011
1909	1.0869e-010
1910	1.0705e-010
1911	1.1261e-010
1912	8.6667e-011
1913	1.0735e-010
1914	1.1073e-010
1915	8.181e-011
1916	8.6809e-011
1917	1.1328e-010
1918	7.7217e-011
1919	9.7971e-011
1920	1.2227e-010
1921	8.0596e-011
1922	1.2568e-010
1923	7.4113e-011
1924	1.1011e-010
1925	9.4041e-011
1926	7.7667e-011
1927	8.9624e-011
1928	6.5678e-011
1929	9.3721e-011
1930	6.1885e-011
1931	8.6304e-011
1932	6.3933e-011
1933	7.5536e-011
1934	7.4411e-011
1935	6.2166e-011
1936	1.0047e-010
1937	6.7067e-011
1938	1.0514e-010
1939	5.4968e-011
1940	6.8142e-011
1941	7.3267e-011
1942	5.2015e-011
1943	7.4496e-011
1944	6.5872e-011
1945	8.8416e-011
1946	2.2318e-010
1947	7.4067e-010
1948	9.6766e-010
1949	1.1549e-009
1950	9.9062e-010
1951	2.5873e-010
1952	2.2934e-010
1953	7.376e-011
1954	4.253e-011
1955	4.4579e-011
1956	3.9806e-011
1957	4.1248e-011
1958	4.4821e-011
1959	4.1017e-011
1960	4.5748e-011
1961	4.6113e-011
1962	4.4927e-011
1963	5.0211e-011
1964	4.6308e-011
1965	5.1849e-011
1966	5.0285e-011
1967	5.2419e-011
1968	5.369e-011
1969	5.3698e-011
1970	5.6721e-011
1971	5.5651e-011
1972	5.9433e-011
1973	5.8303e-011
1974	6.1772e-011
1975	6.1548e-011
1976	6.375e-011
1977	6.5833e-011
1978	6.5047e-011
1979	6.9817e-011
1980	6.7441e-011
1981	7.2354e-011
1982	7.2941e-011
1983	7.2897e-011
1984	7.7225e-011
1985	7.7353e-011
1986	7.838e-011
1987	8.2235e-011
1988	8.3846e-011
1989	8.2844e-011
1990	8.7659e-011
1991	8.9386e-011
1992	9.11e-011
1993	9.1445e-011
1994	9.4925e-011
1995	9.7324e-011
1996	9.9611e-011
1997	1.0146e-010
1998	1.0367e-010
1999	1.0605e-010
2000	1.0785e-010
2001	1.1085e-010
2002	1.1338e-010
2003	1.1602e-010
2004	1.1862e-010
2005	1.2138e-010
2006	1.2466e-010
2007	1.2569e-010
2008	1.2989e-010
2009	1.3252e-010
2010	1.3586e-010
2011	1.4063e-010
2012	1.443e-010
2013	1.4398e-010
2014	1.4497e-010
2015	1.5705e-010
2016	1.5797e-010
2017	1.4512e-010
2018	1.4405e-010
2019	1.4652e-010
2020	1.4393e-010
2021	1.3862e-010
2022	1.3526e-010
2023	1.3313e-010
2024	1.263e-010
2025	1.2864e-010
2026	1.2485e-010
2027	1.2242e-010
2028	1.2005e-010
2029	1.1792e-010
2030	1.1645e-010
2031	1.0937e-010
2032	1.1203e-010
2033	1.0887e-010
2034	1.0787e-010
2035	1.0957e-010
2036	1.0867e-010
2037	1.1016e-010
2038	9.2099e-011
2039	1.0871e-010
2040	1.0701e-010
2041	1.126e-010
2042	8.6645e-011
2043	1.0735e-010
2044	1.1073e-010
2045	8.1794e-011
2046	8.6773e-011
2047	1.1323e-010
2048	7.7168e-011
2049	9.7897e-011
2050	1.2219e-010
2051	8.0517e-011
2052	1.2559e-010
2053	7.4044e-011
2054	1.1001e-010
2055	9.3962e-011
2056	7.7604e-011
2057	8.9562e-011
2058	6.5579e-011
2059	9.3636e-011
2060	6.1803e-011
2061	8.6222e-011
2062	6.3865e-011
2063	7.5466e-011
2064	7.4338e-011
2065	6.2111e-011
2066	1.0039e-010
2067	6.7049e-011
2068	1.0509e-010
2069	5.4939e-011
2070	6.8112e-011
2071	7.3228e-011
2072	5.1996e-011
2073	7.4455e-011
2074	6.584e-011
2075	8.8377e-011
2076	2.232e-010
2077	7.4063e-010
2078	9.6766e-010
2079	1.155e-009
2080	9.906e-010
2081	1.9319e-010
2082	2.1726e-010
2083	7.28e-011
2084	5.3295e-011
2085	5.3706e-011
2086	5.4131e-011
2087	5.4677e-011
2088	5.6019e-011
2089	5.7999e-011
2090	5.5253e-011
2091	5.6247e-011
2092	5.8233e-011
2093	5.6739e-011
2094	6.1046e-011
2095	5.899e-011
2096	6.1699e-011
2097	6.2449e-011
2098	6.3694e-011
2099	6.5937e-011
2100	6.6063e-011
2101	6.9332e-011
2102	6.8899e-011
2103	7.2474e-011
2104	7.2383e-011
2105	7.5387e-011
2106	7.6361e-011
2107	7.751e-011
2108	8.1266e-011
2109	8.0082e-011
2110	8.5552e-011
2111	8.4309e-011
2112	8.7073e-011
2113	9.0662e-011
2114	9.0103e-011
2115	9.3628e-011
2116	9.6555e-011
2117	9.6757e-011
2118	9.9196e-011
2119	1.0432e-010
2120	1.0364e-010
2121	1.0612e-010
2122	1.0887e-010
2123	1.1312e-010
2124	1.1413e-010
2125	1.163e-010
2126	1.1881e-010
2127	1.2198e-010
2128	1.2487e-010
2129	1.2763e-010
2130	1.3097e-010
2131	1.3323e-010
2132	1.3623e-010
2133	1.3938e-010
2134	1.426e-010
2135	1.4577e-010
2136	1.4859e-010
2137	1.5415e-010
2138	1.5623e-010
2139	1.602e-010
2140	1.6364e-010
2141	1.6585e-010
2142	1.6944e-010
2143	1.7708e-010
2144	1.8445e-010
2145	1.7973e-010
2146	1.794e-010
2147	1.8583e-010
2148	1.7963e-010
2149	1.7066e-010
2150	1.6706e-010
2151	1.6614e-010
2152	1.6315e-010
2153	1.5914e-010
2154	1.604e-010
2155	1.5118e-010
2156	1.4941e-010
2157	1.4659e-010
2158	1.4355e-010
2159	1.404e-010
2160	1.3786e-010
2161	1.3971e-010
2162	1.3392e-010
2163	1.3246e-010
2164	1.2916e-010
2165	1.2326e-010
2166	1.2266e-010
2167	1.2298e-010
2168	1.448e-010
2169	1.1924e-010
2170	1.1207e-010
2171	1.1315e-010
2172	1.4765e-010
2173	1.117e-010
2174	1.0119e-010
2175	1.2403e-010
2176	1.1109e-010
2177	9.2656e-011
2178	1.3138e-010
2179	1.0457e-010
2180	1.0031e-010
2181	1.5633e-010
2182	8.7177e-011
2183	1.2966e-010
2184	1.0101e-010
2185	1.0042e-010
2186	1.014e-010
2187	8.5824e-011
2188	1.0615e-010
2189	7.6231e-011
2190	1.0204e-010
2191	7.497e-011
2192	9.1128e-011
2193	7.8551e-011
2194	8.0158e-011
2195	8.547e-011
2196	7.6896e-011
2197	1.2571e-010
2198	7.3927e-011
2199	9.0851e-011
2200	6.7317e-011
2201	6.7034e-011
2202	9.788e-011
2203	7.2677e-011
2204	9.1888e-011
2205	1.1467e-010
2206	2.7742e-010
2207	7.3669e-010
2208	1.0178e-009
2209	1.1098e-009
2210	8.2508e-010
2211	2.5879e-010
2212	2.294e-010
2213	7.3801e-011
2214	4.2571e-011
2215	4.4617e-011
2216	3.9838e-011
2217	4.1273e-011
2218	4.4842e-011
2219	4.1031e-011
2220	4.5768e-011
2221	4.6142e-011
2222	4.4959e-011
2223	5.0245e-011
2224	4.6337e-011
2225	5.1863e-011
2226	5.0279e-011
2227	5.2419e-011
2228	5.3717e-011
2229	5.3738e-011
2230	5.6756e-011
2231	5.5674e-011
2232	5.9436e-011
2233	5.8311e-011
2234	6.1812e-011
2235	6.1598e-011
2236	6.3768e-011
2237	6.5849e-011
2238	6.5092e-011
2239	6.9839e-011
2240	6.7428e-011
2241	7.2331e-011
2242	7.2933e-011
2243	7.2915e-011
2244	7.7233e-011
2245	7.737e-011
2246	7.8444e-011
2247	8.2254e-011
2248	8.3829e-011
2249	8.2872e-011
2250	8.7692e-011
2251	8.9408e-011
2252	9.115e-011
2253	9.15e-011
2254	9.4995e-011
2255	9.7313e-011
2256	9.9608e-011
2257	1.0152e-010
2258	1.0373e-010
2259	1.0614e-010
2260	1.0778e-010
2261	1.1087e-010
2262	1.1349e-010
2263	1.1605e-010
2264	1.1864e-010
2265	1.2136e-010
2266	1.2462e-010
2267	1.257e-010
2268	1.2985e-010
2269	1.3253e-010
2270	1.3577e-010
2271	1.4061e-010
2272	1.4426e-010
2273	1.4403e-010
2274	1.448e-010
2275	1.5706e-010
2276	1.5793e-010
2277	1.4523e-010
2278	1.4403e-010
2279	1.4655e-010
2280	1.4391e-010
2281	1.3866e-010
2282	1.353e-010
2283	1.3319e-010
2284	1.2634e-010
2285	1.2872e-010
2286	1.2487e-010
2287	1.2239e-010
2288	1.2003e-010
2289	1.1804e-010
2290	1.1584e-010
2291	1.1035e-010
2292	1.1148e-010
2293	1.0898e-010
2294	1.0783e-010
2295	1.0953e-010
2296	1.0864e-010
2297	1.1016e-010
2298	9.2055e-011
2299	1.087e-010
2300	1.0702e-010
2301	1.1259e-010
2302	8.6606e-011
2303	1.0731e-010
2304	1.1071e-010
2305	8.1781e-011
2306	8.6755e-011
2307	1.1321e-010
2308	7.7133e-011
2309	9.7871e-011
2310	1.2217e-010
2311	8.0511e-011
2312	1.2557e-010
2313	7.4029e-011
2314	1.1001e-010
2315	9.3944e-011
2316	7.7553e-011
2317	8.9496e-011
2318	6.5541e-011
2319	9.3595e-011
2320	6.1789e-011
2321	8.6198e-011
2322	6.3828e-011
2323	7.5429e-011
2324	7.4313e-011
2325	6.2096e-011
2326	1.0035e-010
2327	6.7014e-011
2328	1.0505e-010
2329	5.4917e-011
2330	6.8086e-011
2331	7.3217e-011
2332	5.1984e-011
2333	7.4443e-011
2334	6.5802e-011
2335	8.8339e-011
2336	2.2319e-010
2337	7.4065e-010
2338	9.6769e-010
2339	1.1549e-009
2340	9.9052e-010
2341	2.5879e-010
2342	2.294e-010
2343	7.3801e-011
2344	4.2571e-011
2345	4.4617e-011
2346	3.9838e-011
2347	4.1273e-011
2348	4.4842e-011
2349	4.1031e-011
2350	4.5768e-011
2351	4.6142e-011
2352	4.4959e-011
2353	5.0245e-011
2354	4.6337e-011
2355	5.1863e-011
2356	5.0279e-011
2357	5.2419e-011
2358	5.3717e-011
2359	5.3738e-011
2360	5.6756e-011
2361	5.5674e-011
2362	5.9436e-011
2363	5.8311e-011
2364	6.1812e-011
2365	6.1598e-011
2366	6.3768e-011
2367	6.5849e-011
2368	6.5092e-011
2369	6.9839e-011
2370	6.7428e-011
2371	7.2331e-011
2372	7.2934e-011
2373	7.2914e-011
2374	7.7233e-011
2375	7.737e-011
2376	7.8443e-011
2377	8.2255e-011
2378	8.3828e-011
2379	8.2872e-011
2380	8.7692e-011
2381	8.9408e-011
2382	9.115e-011
2383	9.1499e-011
2384	9.4995e-011
2385	9.7313e-011
2386	9.9609e-011
2387	1.0152e-010
2388	1.0373e-010
2389	1.0614e-010
2390	1.0778e-010
2391	1.1087e-010
2392	1.1349e-010
2393	1.1605e-010
2394	1.1864e-010
2395	1.2136e-010
2396	1.2462e-010
2397	1.257e-010
2398	1.2985e-010
2399	1.3253e-010
2400	1.3577e-010
2401	1.4061e-010
2402	1.4426e-010
2403	1.4403e-010
2404	1.448e-010
2405	1.5706e-010
2406	1.5793e-010
2407	1.4523e-010
2408	1.4403e-010
2409	1.4655e-010
2410	1.4391e-010
2411	1.3866e-010
2412	1.353e-010
2413	1.3319e-010
2414	1.2634e-010
2415	1.2872e-010
2416	1.2487e-010
2417	1.2238e-010
2418	1.2005e-010
2419	1.1794e-010
2420	1.1636e-010
2421	1.0941e-010
2422	1.1197e-010
2423	1.089e-010
2424	1.0785e-010
2425	1.0953e-010
2426	1.0864e-010
2427	1.1016e-010
2428	9.2052e-011
2429	1.087e-010
2430	1.0701e-010
2431	1.1258e-010
2432	8.6605e-011
2433	1.0731e-010
2434	1.1071e-010
2435	8.178e-011
2436	8.6754e-011
2437	1.1321e-010
2438	7.7133e-011
2439	9.787e-011
2440	1.2217e-010
2441	8.0511e-011
2442	1.2557e-010
2443	7.4029e-011
2444	1.1001e-010
2445	9.3944e-011
2446	7.7553e-011
2447	8.9497e-011
2448	6.5541e-011
2449	9.3595e-011
2450	6.1789e-011
2451	8.6198e-011
2452	6.3828e-011
2453	7.5429e-011
2454	7.4313e-011
2455	6.2096e-011
2456	1.0035e-010
2457	6.7014e-011
2458	1.0505e-010
2459	5.4916e-011
2460	6.8086e-011
2461	7.3217e-011
2462	5.1984e-011
2463	7.4443e-011
2464	6.5802e-011
2465	8.8339e-011
2466	2.2319e-010
2467	7.4065e-010
2468	9.6769e-010
2469	1.1549e-009
2470	9.9052e-010
2471	1.9319e-010
2472	2.1726e-010
2473	7.28e-011
2474	5.3295e-011
2475	5.3706e-011
2476	5.4131e-011
2477	5.4677e-011
2478	5.6019e-011
2479	5.7999e-011
2480	5.5253e-011
2481	5.6247e-011
2482	5.8233e-011
2483	5.6739e-011
2484	6.1046e-011
2485	5.899e-011
2486	6.1699e-011
2487	6.2449e-011
2488	6.3694e-011
2489	6.5937e-011
2490	6.6063e-011
2491	6.9332e-011
2492	6.8899e-011
2493	7.2474e-011
2494	7.2383e-011
2495	7.5387e-011
2496	7.6361e-011
2497	7.751e-011
2498	8.1266e-011
2499	8.0082e-011
2500	8.5552e-011
2501	8.4309e-011
2502	8.7073e-011
2503	9.0662e-011
2504	9.0103e-011
2505	9.3628e-011
2506	9.6555e-011
2507	9.6757e-011
2508	9.9195e-011
2509	1.0432e-010
2510	1.0364e-010
2511	1.0612e-010
2512	1.0887e-010
2513	1.1312e-010
2514	1.1413e-010
2515	1.163e-010
2516	1.1881e-010
2517	1.2198e-010
2518	1.2487e-010
2519	1.2763e-010
2520	1.3097e-010
2521	1.3323e-010
2522	1.3623e-010
2523	1.3938e-010
2524	1.426e-010
2525	1.4577e-010
2526	1.4859e-010
2527	1.5415e-010
2528	1.5623e-010
2529	1.602e-010
2530	1.6364e-010
2531	1.6585e-010
2532	1.6944e-010
2533	1.7708e-010
2534	1.8445e-010
2535	1.7974e-010
2536	1.794e-010
2537	1.8583e-010
2538	1.7963e-010
2539	1.7066e-010
2540	1.6706e-010
2541	1.6614e-010
2542	1.6316e-010
2543	1.5914e-010
2544	1.604e-010
2545	1.5118e-010
2546	1.4941e-010
2547	1.466e-010
2548	1.4353e-010
2549	1.4046e-010
2550	1.3697e-010
2551	1.4112e-010
2552	1.3305e-010
2553	1.3255e-010
2554	1.2914e-010
2555	1.2328e-010
2556	1.2266e-010
2557	1.2297e-010
2558	1.4484e-010
2559	1.1923e-010
2560	1.1207e-010
2561	1.1315e-010
2562	1.4766e-010
2563	1.117e-010
2564	1.0119e-010
2565	1.2403e-010
2566	1.1109e-010
2567	9.2656e-011
2568	1.3138e-010
2569	1.0457e-010
2570	1.0031e-010
2571	1.5634e-010
2572	8.7177e-011
2573	1.2966e-010
2574	1.0101e-010
2575	1.0042e-010
2576	1.014e-010
2577	8.5824e-011
2578	1.0615e-010
2579	7.6231e-011
2580	1.0204e-010
2581	7.497e-011
2582	9.1129e-011
2583	7.8551e-011
2584	8.0158e-011
2585	8.547e-011
2586	7.6896e-011
2587	1.2571e-010
2588	7.3927e-011
2589	9.0851e-011
2590	6.7317e-011
2591	6.7034e-011
2592	9.788e-011
2593	7.2676e-011
2594	9.1888e-011
2595	1.1467e-010
2596	2.7742e-010
2597	7.3669e-010
2598	1.0178e-009
2599	1.1098e-009
2600	8.2508e-010
2601	2.5873e-010
2602	2.2934e-010
2603	7.376e-011
2604	4.253e-011
2605	4.4579e-011
2606	3.9806e-011
2607	4.1248e-011
2608	4.4821e-011
2609	4.1017e-011
2610	4.5748e-011
2611	4.6113e-011
2612	4.4927e-011
2613	5.0211e-011
2614	4.6308e-011
2615	5.1849e-011
2616	5.0285e-011
2617	5.2419e-011
2618	5.369e-011
2619	5.3698e-011
2620	5.6721e-011
2621	5.5651e-011
2622	5.9433e-011
2623	5.8303e-011
2624	6.1772e-011
2625	6.1548e-011
2626	6.375e-011
2627	6.5834e-011
2628	6.5047e-011
2629	6.9817e-011
2630	6.7441e-011
2631	7.2354e-011
2632	7.2941e-011
2633	7.2896e-011
2634	7.7225e-011
2635	7.7352e-011
2636	7.8379e-011
2637	8.2235e-011
2638	8.3846e-011
2639	8.2845e-011
2640	8.7658e-011
2641	8.9386e-011
2642	9.11e-011
2643	9.1445e-011
2644	9.4924e-011
2645	9.7324e-011
2646	9.9611e-011
2647	1.0146e-010
2648	1.0367e-010
2649	1.0605e-010
2650	1.0785e-010
2651	1.1085e-010
2652	1.1338e-010
2653	1.1602e-010
2654	1.1862e-010
2655	1.2138e-010
2656	1.2466e-010
2657	1.2569e-010
2658	1.2989e-010
2659	1.3252e-010
2660	1.3586e-010
2661	1.4063e-010
2662	1.443e-010
2663	1.4398e-010
2664	1.4497e-010
2665	1.5705e-010
2666	1.5797e-010
2667	1.4512e-010
2668	1.4405e-010
2669	1.4652e-010
2670	1.4393e-010
2671	1.3862e-010
2672	1.3526e-010
2673	1.3313e-010
2674	1.263e-010
2675	1.2864e-010
2676	1.2485e-010
2677	1.2241e-010
2678	1.2008e-010
2679	1.1795e-010
2680	1.1638e-010
2681	1.0901e-010
2682	1.1195e-010
2683	1.0892e-010
2684	1.079e-010
2685	1.0956e-010
2686	1.0867e-010
2687	1.1017e-010
2688	9.2057e-011
2689	1.0872e-010
2690	1.0701e-010
2691	1.1259e-010
2692	8.6642e-011
2693	1.0735e-010
2694	1.1073e-010
2695	8.1793e-011
2696	8.6773e-011
2697	1.1323e-010
2698	7.7168e-011
2699	9.7897e-011
2700	1.2219e-010
2701	8.0517e-011
2702	1.2559e-010
2703	7.4044e-011
2704	1.1001e-010
2705	9.3962e-011
2706	7.7605e-011
2707	8.9561e-011
2708	6.5579e-011
2709	9.3636e-011
2710	6.1803e-011
2711	8.6222e-011
2712	6.3864e-011
2713	7.5466e-011
2714	7.4338e-011
2715	6.2111e-011
2716	1.0039e-010
2717	6.7049e-011
2718	1.0509e-010
2719	5.4939e-011
2720	6.8112e-011
2721	7.3228e-011
2722	5.1996e-011
2723	7.4455e-011
2724	6.584e-011
2725	8.8377e-011
2726	2.232e-010
2727	7.4063e-010
2728	9.6766e-010
2729	1.155e-009
2730	9.906e-010
2731	2.5878e-010
2732	2.2939e-010
2733	7.3754e-011
2734	4.2523e-011
2735	4.4576e-011
2736	3.9807e-011
2737	4.1243e-011
2738	4.4807e-011
2739	4.0994e-011
2740	4.5716e-011
2741	4.6075e-011
2742	4.4895e-011
2743	5.0202e-011
2744	4.6317e-011
2745	5.1843e-011
2746	5.0249e-011
2747	5.238e-011
2748	5.3674e-011
2749	5.3705e-011
2750	5.6749e-011
2751	5.5688e-011
2752	5.9471e-011
2753	5.8334e-011
2754	6.1785e-011
2755	6.1558e-011
2756	6.3761e-011
2757	6.5854e-011
2758	6.5081e-011
2759	6.9871e-011
2760	6.749e-011
2761	7.2388e-011
2762	7.2952e-011
2763	7.2909e-011
2764	7.7227e-011
2765	7.7335e-011
2766	7.8355e-011
2767	8.2209e-011
2768	8.3839e-011
2769	8.2824e-011
2770	8.7636e-011
2771	8.9377e-011
2772	9.1103e-011
2773	9.1411e-011
2774	9.486e-011
2775	9.725e-011
2776	9.9565e-011
2777	1.0145e-010
2778	1.036e-010
2779	1.06e-010
2780	1.0782e-010
2781	1.1087e-010
2782	1.1342e-010
2783	1.16e-010
2784	1.1855e-010
2785	1.2137e-010
2786	1.2464e-010
2787	1.2572e-010
2788	1.2985e-010
2789	1.3255e-010
2790	1.359e-010
2791	1.4064e-010
2792	1.4422e-010
2793	1.44e-010
2794	1.4498e-010
2795	1.5707e-010
2796	1.5794e-010
2797	1.4517e-010
2798	1.4406e-010
2799	1.4657e-010
2800	1.4394e-010
2801	1.3858e-010
2802	1.3521e-010
2803	1.332e-010
2804	1.2623e-010
2805	1.2874e-010
2806	1.248e-010
2807	1.2241e-010
2808	1.1996e-010
2809	1.1789e-010
2810	1.1589e-010
2811	1.0964e-010
2812	1.1157e-010
2813	1.0896e-010
2814	1.0791e-010
2815	1.096e-010
2816	1.0867e-010
2817	1.1012e-010
2818	9.2032e-011
2819	1.087e-010
2820	1.0703e-010
2821	1.1261e-010
2822	8.6664e-011
2823	1.0735e-010
2824	1.1073e-010
2825	8.181e-011
2826	8.6808e-011
2827	1.1327e-010
2828	7.7217e-011
2829	9.797e-011
2830	1.2227e-010
2831	8.0596e-011
2832	1.2568e-010
2833	7.4114e-011
2834	1.1011e-010
2835	9.4041e-011
2836	7.7667e-011
2837	8.9624e-011
2838	6.5678e-011
2839	9.3721e-011
2840	6.1885e-011
2841	8.6304e-011
2842	6.3933e-011
2843	7.5536e-011
2844	7.4411e-011
2845	6.2166e-011
2846	1.0047e-010
2847	6.7067e-011
2848	1.0514e-010
2849	5.4968e-011
2850	6.8142e-011
2851	7.3267e-011
2852	5.2015e-011
2853	7.4496e-011
2854	6.5872e-011
2855	8.8417e-011
2856	2.2318e-010
2857	7.4067e-010
2858	9.6766e-010
2859	1.1549e-009
2860	9.9062e-010
2861	1.9322e-010
2862	2.1724e-010
2863	7.2791e-011
2864	5.3278e-011
2865	5.3705e-011
2866	5.4139e-011
2867	5.4671e-011
2868	5.5969e-011
2869	5.7909e-011
2870	5.5151e-011
2871	5.6155e-011
2872	5.8164e-011
2873	5.6699e-011
2874	6.102e-011
2875	5.8951e-011
2876	6.1622e-011
2877	6.2365e-011
2878	6.3636e-011
2879	6.5925e-011
2880	6.6102e-011
2881	6.9406e-011
2882	6.8975e-011
2883	7.2518e-011
2884	7.2383e-011
2885	7.5352e-011
2886	7.6331e-011
2887	7.7521e-011
2888	8.1352e-011
2889	8.0222e-011
2890	8.5716e-011
2891	8.4406e-011
2892	8.71e-011
2893	9.0651e-011
2894	9.0105e-011
2895	9.3599e-011
2896	9.6424e-011
2897	9.6663e-011
2898	9.9133e-011
2899	1.0423e-010
2900	1.0357e-010
2901	1.061e-010
2902	1.0881e-010
2903	1.1296e-010
2904	1.14e-010
2905	1.1622e-010
2906	1.1872e-010
2907	1.2187e-010
2908	1.2471e-010
2909	1.2742e-010
2910	1.3093e-010
2911	1.3332e-010
2912	1.3625e-010
2913	1.3934e-010
2914	1.4254e-010
2915	1.4573e-010
2916	1.4864e-010
2917	1.5411e-010
2918	1.5623e-010
2919	1.6009e-010
2920	1.638e-010
2921	1.6594e-010
2922	1.6929e-010
2923	1.7713e-010
2924	1.8462e-010
2925	1.7982e-010
2926	1.7931e-010
2927	1.858e-010
2928	1.7982e-010
2929	1.7085e-010
2930	1.6706e-010
2931	1.6605e-010
2932	1.6316e-010
2933	1.5901e-010
2934	1.606e-010
2935	1.5107e-010
2936	1.4942e-010
2937	1.4641e-010
2938	1.4337e-010
2939	1.4019e-010
2940	1.3752e-010
2941	1.3968e-010
2942	1.3366e-010
2943	1.3257e-010
2944	1.2921e-010
2945	1.2334e-010
2946	1.2268e-010
2947	1.2294e-010
2948	1.4462e-010
2949	1.1923e-010
2950	1.1208e-010
2951	1.1317e-010
2952	1.4767e-010
2953	1.1172e-010
2954	1.012e-010
2955	1.2407e-010
2956	1.1117e-010
2957	9.2731e-011
2958	1.3148e-010
2959	1.0471e-010
2960	1.0047e-010
2961	1.5652e-010
2962	8.7341e-011
2963	1.2991e-010
2964	1.0116e-010
2965	1.0058e-010
2966	1.0157e-010
2967	8.5983e-011
2968	1.0634e-010
2969	7.6418e-011
2970	1.0224e-010
2971	7.5132e-011
2972	9.1312e-011
2973	7.8713e-011
2974	8.0333e-011
2975	8.565e-011
2976	7.7011e-011
2977	1.2589e-010
2978	7.3998e-011
2979	9.0925e-011
2980	6.7393e-011
2981	6.7112e-011
2982	9.7983e-011
2983	7.2761e-011
2984	9.2001e-011
2985	1.1477e-010
2986	2.7754e-010
2987	7.3669e-010
2988	1.0179e-009
2989	1.1098e-009
2990	8.2507e-010
2991	2.5878e-010
2992	2.2939e-010
2993	7.3754e-011
2994	4.2523e-011
2995	4.4576e-011
2996	3.9807e-011
2997	4.1243e-011
2998	4.4807e-011
2999	4.0994e-011
3000	4.5716e-011
3001	4.6075e-011
3002	4.4895e-011
3003	5.0202e-011
3004	4.6317e-011
3005	5.1843e-011
3006	5.0249e-011
3007	5.238e-011
3008	5.3674e-011
3009	5.3705e-011
3010	5.6749e-011
3011	5.5688e-011
3012	5.9471e-011
3013	5.8334e-011
3014	6.1785e-011
3015	6.1558e-011
3016	6.3761e-011
3017	6.5854e-011
3018	6.5081e-011
3019	6.9871e-011
3020	6.749e-011
3021	7.2388e-011
3022	7.2952e-011
3023	7.2909e-011
3024	7.7228e-011
3025	7.7336e-011
3026	7.8355e-011
3027	8.2209e-011
3028	8.3839e-011
3029	8.2824e-011
3030	8.7636e-011
3031	8.9377e-011
3032	9.1103e-011
3033	9.1411e-011
3034	9.4861e-011
3035	9.725e-011
3036	9.9564e-011
3037	1.0145e-010
3038	1.036e-010
3039	1.06e-010
3040	1.0782e-010
3041	1.1087e-010
3042	1.1342e-010
3043	1.16e-010
3044	1.1855e-010
3045	1.2137e-010
3046	1.2464e-010
3047	1.2572e-010
3048	1.2985e-010
3049	1.3255e-010
3050	1.359e-010
3051	1.4064e-010
3052	1.4422e-010
3053	1.44e-010
3054	1.4498e-010
3055	1.5707e-010
3056	1.5794e-010
3057	1.4517e-010
3058	1.4406e-010
3059	1.4657e-010
3060	1.4394e-010
3061	1.3858e-010
3062	1.3521e-010
3063	1.332e-010
3064	1.2623e-010
3065	1.2874e-010
3066	1.248e-010
3067	1.2242e-010
3068	1.1995e-010
3069	1.179e-010
3070	1.1573e-010
3071	1.0993e-010
3072	1.114e-010
3073	1.0897e-010
3074	1.079e-010
3075	1.0961e-010
3076	1.0864e-010
3077	1.1015e-010
3078	9.1649e-011
3079	1.0872e-010
3080	1.07e-010
3081	1.1263e-010
3082	8.6661e-011
3083	1.0735e-010
3084	1.1073e-010
3085	8.181e-011
3086	8.6807e-011
3087	1.1327e-010
3088	7.7217e-011
3089	9.7971e-011
3090	1.2227e-010
3091	8.0596e-011
3092	1.2568e-010
3093	7.4113e-011
3094	1.1011e-010
3095	9.4041e-011
3096	7.7667e-011
3097	8.9624e-011
3098	6.5678e-011
3099	9.3721e-011
3100	6.1885e-011
3101	8.6304e-011
3102	6.3933e-011
3103	7.5536e-011
3104	7.4411e-011
3105	6.2166e-011
3106	1.0047e-010
3107	6.7067e-011
3108	1.0514e-010
3109	5.4968e-011
3110	6.8142e-011
3111	7.3267e-011
3112	5.2015e-011
3113	7.4496e-011
3114	6.5872e-011
3115	8.8417e-011
3116	2.2318e-010
3117	7.4067e-010
3118	9.6766e-010
3119	1.1549e-009
3120	9.9062e-010
3121	2.5873e-010
3122	2.2934e-010
3123	7.376e-011
3124	4.253e-011
3125	4.4579e-011
3126	3.9806e-011
3127	4.1248e-011
3128	4.4821e-011
3129	4.1017e-011
3130	4.5748e-011
3131	4.6113e-011
3132	4.4927e-011
3133	5.0211e-011
3134	4.6308e-011
3135	5.1849e-011
3136	5.0285e-011
3137	5.2419e-011
3138	5.369e-011
3139	5.3698e-011
3140	5.6721e-011
3141	5.5651e-011
3142	5.9433e-011
3143	5.8303e-011
3144	6.1772e-011
3145	6.1548e-011
3146	6.375e-011
3147	6.5834e-011
3148	6.5047e-011
3149	6.9817e-011
3150	6.7441e-011
3151	7.2354e-011
3152	7.2941e-011
3153	7.2897e-011
3154	7.7225e-011
3155	7.7353e-011
3156	7.8379e-011
3157	8.2235e-011
3158	8.3846e-011
3159	8.2845e-011
3160	8.7659e-011
3161	8.9386e-011
3162	9.11e-011
3163	9.1445e-011
3164	9.4925e-011
3165	9.7324e-011
3166	9.9611e-011
3167	1.0146e-010
3168	1.0367e-010
3169	1.0605e-010
3170	1.0785e-010
3171	1.1085e-010
3172	1.1338e-010
3173	1.1602e-010
3174	1.1862e-010
3175	1.2138e-010
3176	1.2466e-010
3177	1.2569e-010
3178	1.2989e-010
3179	1.3252e-010
3180	1.3586e-010
3181	1.4063e-010
3182	1.443e-010
3183	1.4398e-010
3184	1.4497e-010
3185	1.5705e-010
3186	1.5797e-010
3187	1.4512e-010
3188	1.4405e-010
3189	1.4652e-010
3190	1.4393e-010
3191	1.3862e-010
3192	1.3526e-010
3193	1.3313e-010
3194	1.263e-010
3195	1.2864e-010
3196	1.2485e-010
3197	1.2241e-010
3198	1.2007e-010
3199	1.1798e-010
3200	1.158e-010
3201	1.0996e-010
3202	1.1137e-010
3203	1.0893e-010
3204	1.0789e-010
3205	1.0954e-010
3206	1.0861e-010
3207	1.0926e-010
3208	9.3058e-011
3209	1.078e-010
3210	1.0696e-010
3211	1.126e-010
3212	8.6662e-011
3213	1.0736e-010
3214	1.1073e-010
3215	8.1793e-011
3216	8.6773e-011
3217	1.1323e-010
3218	7.7169e-011
3219	9.7897e-011
3220	1.2219e-010
3221	8.0517e-011
3222	1.2559e-010
3223	7.4044e-011
3224	1.1001e-010
3225	9.3962e-011
3226	7.7604e-011
3227	8.9561e-011
3228	6.5578e-011
3229	9.3636e-011
3230	6.1803e-011
3231	8.6222e-011
3232	6.3865e-011
3233	7.5466e-011
3234	7.4338e-011
3235	6.2111e-011
3236	1.0039e-010
3237	6.7049e-011
3238	1.0509e-010
3239	5.4939e-011
3240	6.8112e-011
3241	7.3228e-011
3242	5.1996e-011
3243	7.4455e-011
3244	6.584e-011
3245	8.8377e-011
3246	2.232e-010
3247	7.4063e-010
3248	9.6766e-010
3249	1.155e-009
3250	9.906e-010
3251	1.9319e-010
3252	2.1726e-010
3253	7.28e-011
3254	5.3295e-011
3255	5.3706e-011
3256	5.4131e-011
3257	5.4677e-011
3258	5.6019e-011
3259	5.7999e-011
3260	5.5253e-011
3261	5.6247e-011
3262	5.8233e-011
3263	5.6739e-011
3264	6.1046e-011
3265	5.899e-011
3266	6.1699e-011
3267	6.2449e-011
3268	6.3694e-011
3269	6.5937e-011
3270	6.6063e-011
3271	6.9332e-011
3272	6.89e-011
3273	7.2474e-011
3274	7.2382e-011
3275	7.5387e-011
3276	7.6361e-011
3277	7.751e-011
3278	8.1266e-011
3279	8.0082e-011
3280	8.5552e-011
3281	8.4309e-011
3282	8.7073e-011
3283	9.0662e-011
3284	9.0104e-011
3285	9.3629e-011
3286	9.6555e-011
3287	9.6757e-011
3288	9.9196e-011
3289	1.0432e-010
3290	1.0364e-010
3291	1.0612e-010
3292	1.0887e-010
3293	1.1313e-010
3294	1.1413e-010
3295	1.163e-010
3296	1.1881e-010
3297	1.2198e-010
3298	1.2487e-010
3299	1.2763e-010
3300	1.3097e-010
3301	1.3323e-010
3302	1.3623e-010
3303	1.3938e-010
3304	1.426e-010
3305	1.4577e-010
3306	1.4859e-010
3307	1.5415e-010
3308	1.5623e-010
3309	1.602e-010
3310	1.6364e-010
3311	1.6585e-010
3312	1.6944e-010
3313	1.7708e-010
3314	1.8445e-010
3315	1.7974e-010
3316	1.794e-010
3317	1.8583e-010
3318	1.7963e-010
3319	1.7066e-010
3320	1.6706e-010
3321	1.6614e-010
3322	1.6315e-010
3323	1.5914e-010
3324	1.604e-010
3325	1.5118e-010
3326	1.4941e-010
3327	1.466e-010
3328	1.4353e-010
3329	1.4039e-010
3330	1.3769e-010
3331	1.3954e-010
3332	1.3373e-010
3333	1.3247e-010
3334	1.2913e-010
3335	1.2325e-010
3336	1.2238e-010
3337	1.243e-010
3338	1.4135e-010
3339	1.2045e-010
3340	1.118e-010
3341	1.1312e-010
3342	1.4775e-010
3343	1.1167e-010
3344	1.0119e-010
3345	1.2403e-010
3346	1.1109e-010
3347	9.2656e-011
3348	1.3138e-010
3349	1.0457e-010
3350	1.0031e-010
3351	1.5634e-010
3352	8.7178e-011
3353	1.2966e-010
3354	1.0101e-010
3355	1.0042e-010
3356	1.014e-010
3357	8.5824e-011
3358	1.0615e-010
3359	7.6231e-011
3360	1.0204e-010
3361	7.497e-011
3362	9.1128e-011
3363	7.8551e-011
3364	8.0158e-011
3365	8.547e-011
3366	7.6896e-011
3367	1.2571e-010
3368	7.3927e-011
3369	9.0851e-011
3370	6.7316e-011
3371	6.7034e-011
3372	9.788e-011
3373	7.2676e-011
3374	9.1888e-011
3375	1.1467e-010
3376	2.7742e-010
3377	7.3669e-010
3378	1.0178e-009
3379	1.1098e-009
3380	8.2508e-010
3381	2.5879e-010
3382	2.294e-010
3383	7.3801e-011
3384	4.2571e-011
3385	4.4617e-011
3386	3.9838e-011
3387	4.1273e-011
3388	4.4842e-011
3389	4.1031e-011
3390	4.5768e-011
3391	4.6142e-011
3392	4.4959e-011
3393	5.0245e-011
3394	4.6337e-011
3395	5.1863e-011
3396	5.0279e-011
3397	5.2419e-011
3398	5.3717e-011
3399	5.3738e-011
3400	5.6756e-011
3401	5.5674e-011
3402	5.9436e-011
3403	5.8311e-011
3404	6.1812e-011
3405	6.1598e-011
3406	6.3768e-011
3407	6.5849e-011
3408	6.5092e-011
3409	6.9839e-011
3410	6.7428e-011
3411	7.233e-011
3412	7.2933e-011
3413	7.2915e-011
3414	7.7233e-011
3415	7.737e-011
3416	7.8443e-011
3417	8.2254e-011
3418	8.3829e-011
3419	8.2872e-011
3420	8.7692e-011
3421	8.9408e-011
3422	9.115e-011
3423	9.15e-011
3424	9.4995e-011
3425	9.7314e-011
3426	9.9609e-011
3427	1.0152e-010
3428	1.0373e-010
3429	1.0614e-010
3430	1.0778e-010
3431	1.1087e-010
3432	1.1348e-010
3433	1.1605e-010
3434	1.1864e-010
3435	1.2136e-010
3436	1.2462e-010
3437	1.257e-010
3438	1.2985e-010
3439	1.3253e-010
3440	1.3577e-010
3441	1.4061e-010
3442	1.4426e-010
3443	1.4403e-010
3444	1.448e-010
3445	1.5706e-010
3446	1.5793e-010
3447	1.4523e-010
3448	1.4403e-010
3449	1.4655e-010
3450	1.4391e-010
3451	1.3866e-010
3452	1.353e-010
3453	1.3319e-010
3454	1.2634e-010
3455	1.2872e-010
3456	1.2487e-010
3457	1.2238e-010
3458	1.2005e-010
3459	1.1799e-010
3460	1.1577e-010
3461	1.0995e-010
3462	1.114e-010
3463	1.0895e-010
3464	1.0786e-010
3465	1.0948e-010
3466	1.0857e-010
3467	1.0878e-010
3468	9.3578e-011
3469	1.0728e-010
3470	1.0693e-010
3471	1.1256e-010
3472	8.6645e-011
3473	1.0732e-010
3474	1.107e-010
3475	8.1785e-011
3476	8.6754e-011
3477	1.1321e-010
3478	7.7133e-011
3479	9.787e-011
3480	1.2217e-010
3481	8.0511e-011
3482	1.2557e-010
3483	7.4028e-011
3484	1.1e-010
3485	9.3944e-011
3486	7.7553e-011
3487	8.9496e-011
3488	6.5541e-011
3489	9.3595e-011
3490	6.1788e-011
3491	8.6198e-011
3492	6.3828e-011
3493	7.5429e-011
3494	7.4312e-011
3495	6.2096e-011
3496	1.0035e-010
3497	6.7014e-011
3498	1.0505e-010
3499	5.4916e-011
3500	6.8085e-011
3501	7.3217e-011
3502	5.1984e-011
3503	7.4443e-011
3504	6.5802e-011
3505	8.8339e-011
3506	2.2319e-010
3507	7.4065e-010
3508	9.6769e-010
3509	1.1549e-009
3510	9.9052e-010
3511	2.5879e-010
3512	2.294e-010
3513	7.3801e-011
3514	4.2571e-011
3515	4.4617e-011
3516	3.9838e-011
3517	4.1273e-011
3518	4.4842e-011
3519	4.1031e-011
3520	4.5768e-011
3521	4.6142e-011
3522	4.4959e-011
3523	5.0245e-011
3524	4.6337e-011
3525	5.1863e-011
3526	5.0279e-011
3527	5.2419e-011
3528	5.3717e-011
3529	5.3738e-011
3530	5.6756e-011
3531	5.5674e-011
3532	5.9436e-011
3533	5.8311e-011
3534	6.1812e-011
3535	6.1598e-011
3536	6.3768e-011
3537	6.5849e-011
3538	6.5092e-011
3539	6.9839e-011
3540	6.7428e-011
3541	7.233e-011
3542	7.2933e-011
3543	7.2914e-011
3544	7.7233e-011
3545	7.737e-011
3546	7.8444e-011
3547	8.2254e-011
3548	8.3829e-011
3549	8.2872e-011
3550	8.7692e-011
3551	8.9408e-011
3552	9.115e-011
3553	9.15e-011
3554	9.4995e-011
3555	9.7314e-011
3556	9.9609e-011
3557	1.0152e-010
3558	1.0373e-010
3559	1.0614e-010
3560	1.0778e-010
3561	1.1087e-010
3562	1.1348e-010
3563	1.1605e-010
3564	1.1864e-010
3565	1.2136e-010
3566	1.2462e-010
3567	1.257e-010
3568	1.2985e-010
3569	1.3253e-010
3570	1.3577e-010
3571	1.4061e-010
3572	1.4426e-010
3573	1.4403e-010
3574	1.448e-010
3575	1.5706e-010
3576	1.5793e-010
3577	1.4523e-010
3578	1.4403e-010
3579	1.4655e-010
3580	1.4391e-010
3581	1.3866e-010
3582	1.353e-010
3583	1.3319e-010
3584	1.2634e-010
3585	1.2872e-010
3586	1.2487e-010
3587	1.2238e-010
3588	1.2005e-010
3589	1.1799e-010
3590	1.1577e-010
3591	1.0995e-010
3592	1.114e-010
3593	1.0895e-010
3594	1.0786e-010
3595	1.0947e-010
3596	1.0859e-010
3597	1.0878e-010
3598	9.3514e-011
3599	1.0729e-010
3600	1.0693e-010
3601	1.1257e-010
3602	8.6749e-011
3603	1.0733e-010
3604	1.1068e-010
3605	8.1793e-011
3606	8.6754e-011
3607	1.1321e-010
3608	7.7133e-011
3609	9.787e-011
3610	1.2217e-010
3611	8.0511e-011
3612	1.2557e-010
3613	7.4028e-011
3614	1.1001e-010
3615	9.3944e-011
3616	7.7553e-011
3617	8.9496e-011
3618	6.5541e-011
3619	9.3595e-011
3620	6.1788e-011
3621	8.6198e-011
3622	6.3828e-011
3623	7.5429e-011
3624	7.4312e-011
3625	6.2096e-011
3626	1.0035e-010
3627	6.7014e-011
3628	1.0505e-010
3629	5.4916e-011
3630	6.8085e-011
3631	7.3217e-011
3632	5.1984e-011
3633	7.4443e-011
3634	6.5802e-011
3635	8.8339e-011
3636	2.2319e-010
3637	7.4065e-010
3638	9.6769e-010
3639	1.1549e-009
3640	9.9052e-010
3641	1.9319e-010
3642	2.1726e-010
3643	7.28e-011
3644	5.3295e-011
3645	5.3706e-011
3646	5.4131e-011
3647	5.4677e-011
3648	5.6019e-011
3649	5.7999e-011
3650	5.5253e-011
3651	5.6247e-011
3652	5.8233e-011
3653	5.6739e-011
3654	6.1046e-011
3655	5.899e-011
3656	6.1699e-011
3657	6.2449e-011
3658	6.3694e-011
3659	6.5937e-011
3660	6.6063e-011
3661	6.9332e-011
3662	6.89e-011
3663	7.2474e-011
3664	7.2382e-011
3665	7.5387e-011
3666	7.6361e-011
3667	7.7509e-011
3668	8.1266e-011
3669	8.0082e-011
3670	8.5552e-011
3671	8.4309e-011
3672	8.7072e-011
3673	9.0661e-011
3674	9.0103e-011
3675	9.3628e-011
3676	9.6556e-011
3677	9.6758e-011
3678	9.9195e-011
3679	1.0431e-010
3680	1.0364e-010
3681	1.0612e-010
3682	1.0887e-010
3683	1.1313e-010
3684	1.1413e-010
3685	1.163e-010
3686	1.1881e-010
3687	1.2198e-010
3688	1.2487e-010
3689	1.2763e-010
3690	1.3097e-010
3691	1.3323e-010
3692	1.3623e-010
3693	1.3938e-010
3694	1.426e-010
3695	1.4577e-010
3696	1.4859e-010
3697	1.5415e-010
3698	1.5623e-010
3699	1.602e-010
3700	1.6364e-010
3701	1.6585e-010
3702	1.6944e-010
3703	1.7708e-010
3704	1.8445e-010
3705	1.7974e-010
3706	1.794e-010
3707	1.8583e-010
3708	1.7963e-010
3709	1.7066e-010
3710	1.6706e-010
3711	1.6614e-010
3712	1.6315e-010
3713	1.5914e-010
3714	1.604e-010
3715	1.5118e-010
3716	1.4941e-010
3717	1.466e-010
3718	1.4353e-010
3719	1.4039e-010
3720	1.3769e-010
3721	1.3953e-010
3722	1.3373e-010
3723	1.3247e-010
3724	1.2914e-010
3725	1.2324e-010
3726	1.2233e-010
3727	1.246e-010
3728	1.4073e-010
3729	1.2072e-010
3730	1.1178e-010
3731	1.1305e-010
3732	1.4786e-010
3733	1.1161e-010
3734	1.012e-010
3735	1.2403e-010
3736	1.1109e-010
3737	9.2656e-011
3738	1.3138e-010
3739	1.0457e-010
3740	1.0031e-010
3741	1.5634e-010
3742	8.7178e-011
3743	1.2966e-010
3744	1.0101e-010
3745	1.0042e-010
3746	1.014e-010
3747	8.5824e-011
3748	1.0615e-010
3749	7.6231e-011
3750	1.0204e-010
3751	7.497e-011
3752	9.1128e-011
3753	7.8551e-011
3754	8.0158e-011
3755	8.5469e-011
3756	7.6897e-011
3757	1.2571e-010
3758	7.3927e-011
3759	9.0851e-011
3760	6.7317e-011
3761	6.7034e-011
3762	9.788e-011
3763	7.2676e-011
3764	9.1888e-011
3765	1.1467e-010
3766	2.7742e-010
3767	7.3669e-010
3768	1.0178e-009
3769	1.1098e-009
3770	8.2508e-010
3771	2.5873e-010
3772	2.2934e-010
3773	7.376e-011
3774	4.253e-011
3775	4.4579e-011
3776	3.9806e-011
3777	4.1248e-011
3778	4.4821e-011
3779	4.1017e-011
3780	4.5748e-011
3781	4.6113e-011
3782	4.4927e-011
3783	5.0211e-011
3784	4.6308e-011
3785	5.1849e-011
3786	5.0285e-011
3787	5.2419e-011
3788	5.369e-011
3789	5.3698e-011
3790	5.672e-011
3791	5.5651e-011
3792	5.9433e-011
3793	5.8303e-011
3794	6.1772e-011
3795	6.1548e-011
3796	6.375e-011
3797	6.5834e-011
3798	6.5047e-011
3799	6.9817e-011
3800	6.7441e-011
3801	7.2354e-011
3802	7.2941e-011
3803	7.2897e-011
3804	7.7225e-011
3805	7.7352e-011
3806	7.8379e-011
3807	8.2235e-011
3808	8.3846e-011
3809	8.2846e-011
3810	8.7659e-011
3811	8.9385e-011
3812	9.11e-011
3813	9.1445e-011
3814	9.4925e-011
3815	9.7324e-011
3816	9.9611e-011
3817	1.0146e-010
3818	1.0367e-010
3819	1.0605e-010
3820	1.0785e-010
3821	1.1085e-010
3822	1.1338e-010
3823	1.1602e-010
3824	1.1862e-010
3825	1.2138e-010
3826	1.2466e-010
3827	1.2569e-010
3828	1.2989e-010
3829	1.3252e-010
3830	1.3586e-010
3831	1.4063e-010
3832	1.443e-010
3833	1.4398e-010
3834	1.4497e-010
3835	1.5705e-010
3836	1.5797e-010
3837	1.4512e-010
3838	1.4405e-010
3839	1.4652e-010
3840	1.4393e-010
3841	1.3862e-010
3842	1.3526e-010
3843	1.3313e-010
3844	1.263e-010
3845	1.2864e-010
3846	1.2485e-010
3847	1.2242e-010
3848	1.2007e-010
3849	1.1798e-010
3850	1.158e-010
3851	1.0997e-010
3852	1.1137e-010
3853	1.0893e-010
3854	1.0788e-010
3855	1.0956e-010
3856	1.0871e-010
3857	1.0877e-010
3858	9.2431e-011
3859	1.0728e-010
3860	1.0703e-010
3861	1.1261e-010
3862	8.6646e-011
3863	1.0734e-010
3864	1.1072e-010
3865	8.1794e-011
3866	8.6773e-011
3867	1.1323e-010
3868	7.7168e-011
3869	9.7898e-011
3870	1.2219e-010
3871	8.0517e-011
3872	1.2559e-010
3873	7.4044e-011
3874	1.1001e-010
3875	9.3962e-011
3876	7.7605e-011
3877	8.9562e-011
3878	6.5578e-011
3879	9.3636e-011
3880	6.1802e-011
3881	8.6222e-011
3882	6.3865e-011
3883	7.5466e-011
3884	7.4338e-011
3885	6.2111e-011
3886	1.0039e-010
3887	6.705e-011
3888	1.0509e-010
3889	5.4939e-011
3890	6.8113e-011
3891	7.3228e-011
3892	5.1996e-011
3893	7.4455e-011
3894	6.584e-011
3895	8.8377e-011
3896	2.232e-010
3897	7.4063e-010
3898	9.6766e-010
3899	1.155e-009
3900	9.906e-010
3901	2.5878e-010
3902	2.2939e-010
3903	7.3754e-011
3904	4.2523e-011
3905	4.4576e-011
3906	3.9807e-011
3907	4.1243e-011
3908	4.4807e-011
3909	4.0994e-011
3910	4.5716e-011
3911	4.6075e-011
3912	4.4895e-011
3913	5.0202e-011
3914	4.6317e-011
3915	5.1843e-011
3916	5.0249e-011
3917	5.238e-011
3918	5.3674e-011
3919	5.3705e-011
3920	5.6749e-011
3921	5.5688e-011
3922	5.9471e-011
3923	5.8334e-011
3924	6.1785e-011
3925	6.1558e-011
3926	6.3761e-011
3927	6.5854e-011
3928	6.5081e-011
3929	6.9871e-011
3930	6.749e-011
3931	7.2388e-011
3932	7.2952e-011
3933	7.2909e-011
3934	7.7228e-011
3935	7.7335e-011
3936	7.8356e-011
3937	8.2208e-011
3938	8.3832e-011
3939	8.2836e-011
3940	8.7628e-011
3941	8.9376e-011
3942	9.1104e-011
3943	9.1411e-011
3944	9.4862e-011
3945	9.725e-011
3946	9.9565e-011
3947	1.0145e-010
3948	1.036e-010
3949	1.06e-010
3950	1.0782e-010
3951	1.1087e-010
3952	1.1342e-010
3953	1.16e-010
3954	1.1855e-010
3955	1.2137e-010
3956	1.2464e-010
3957	1.2572e-010
3958	1.2985e-010
3959	1.3255e-010
3960	1.359e-010
3961	1.4064e-010
3962	1.4422e-010
3963	1.44e-010
3964	1.4498e-010
3965	1.5707e-010
3966	1.5794e-010
3967	1.4517e-010
3968	1.4406e-010
3969	1.4657e-010
3970	1.4394e-010
3971	1.3858e-010
3972	1.3521e-010
3973	1.332e-010
3974	1.2623e-010
3975	1.2874e-010
3976	1.248e-010
3977	1.2241e-010
3978	1.1995e-010
3979	1.179e-010
3980	1.1572e-010
3981	1.0997e-010
3982	1.1139e-010
3983	1.0897e-010
3984	1.079e-010
3985	1.096e-010
3986	1.0852e-010
3987	1.087e-010
3988	9.0893e-011
3989	1.0714e-010
3990	1.0685e-010
3991	1.1265e-010
3992	8.6677e-011
3993	1.0737e-010
3994	1.1073e-010
3995	8.1809e-011
3996	8.6808e-011
3997	1.1327e-010
3998	7.7217e-011
3999	9.797e-011
4000	1.2227e-010
4001	8.0596e-011
4002	1.2568e-010
4003	7.4113e-011
4004	1.1011e-010
4005	9.4041e-011
4006	7.7667e-011
4007	8.9624e-011
4008	6.5678e-011
4009	9.3722e-011
4010	6.1885e-011
4011	8.6304e-011
4012	6.3933e-011
4013	7.5536e-011
4014	7.4411e-011
4015	6.2166e-011
4016	1.0047e-010
4017	6.7067e-011
4018	1.0514e-010
4019	5.4968e-011
4020	6.8142e-011
4021	7.3267e-011
4022	5.2015e-011
4023	7.4496e-011
4024	6.5872e-011
4025	8.8417e-011
4026	2.2318e-010
4027	7.4067e-010
4028	9.6766e-010
4029	1.1549e-009
4030	9.9062e-010
4031	1.9322e-010
4032	2.1724e-010
4033	7.2791e-011
4034	5.3278e-011
4035	5.3705e-011
4036	5.4139e-011
4037	5.4671e-011
4038	5.5969e-011
4039	5.7909e-011
4040	5.5151e-011
4041	5.6155e-011
4042	5.8164e-011
4043	5.6699e-011
4044	6.102e-011
4045	5.8951e-011
4046	6.1622e-011
4047	6.2365e-011
4048	6.3636e-011
4049	6.5925e-011
4050	6.6102e-011
4051	6.9406e-011
4052	6.8975e-011
4053	7.2518e-011
4054	7.2383e-011
4055	7.5352e-011
4056	7.6331e-011
4057	7.752e-011
4058	8.1352e-011
4059	8.0222e-011
4060	8.5716e-011
4061	8.4406e-011
4062	8.71e-011
4063	9.0651e-011
4064	9.0104e-011
4065	9.3599e-011
4066	9.6423e-011
4067	9.6658e-011
4068	9.9157e-011
4069	1.0418e-010
4070	1.0359e-010
4071	1.061e-010
4072	1.088e-010
4073	1.1296e-010
4074	1.14e-010
4075	1.1622e-010
4076	1.1872e-010
4077	1.2187e-010
4078	1.2471e-010
4079	1.2742e-010
4080	1.3093e-010
4081	1.3332e-010
4082	1.3625e-010
4083	1.3934e-010
4084	1.4254e-010
4085	1.4573e-010
4086	1.4864e-010
4087	1.5411e-010
4088	1.5623e-010
4089	1.6009e-010
4090	1.638e-010
4091	1.6594e-010
4092	1.6929e-010
4093	1.7713e-010
4094	1.8462e-010
4095	1.7982e-010
4096	1.7931e-010
4097	1.858e-010
4098	1.7982e-010
4099	1.7085e-010
4100	1.6706e-010
4101	1.6605e-010
4102	1.6316e-010
4103	1.5901e-010
4104	1.606e-010
4105	1.5107e-010
4106	1.4942e-010
4107	1.4641e-010
4108	1.4337e-010
4109	1.4015e-010
4110	1.3767e-010
4111	1.3953e-010
4112	1.338e-010
4113	1.3254e-010
4114	1.2923e-010
4115	1.2327e-010
4116	1.2248e-010
4117	1.2245e-010
4118	1.4035e-010
4119	1.185e-010
4120	1.1182e-010
4121	1.1314e-010
4122	1.477e-010
4123	1.1173e-010
4124	1.0119e-010
4125	1.2407e-010
4126	1.1117e-010
4127	9.2731e-011
4128	1.3148e-010
4129	1.0471e-010
4130	1.0047e-010
4131	1.5652e-010
4132	8.7341e-011
4133	1.2991e-010
4134	1.0116e-010
4135	1.0058e-010
4136	1.0157e-010
4137	8.5983e-011
4138	1.0634e-010
4139	7.6417e-011
4140	1.0225e-010
4141	7.5132e-011
4142	9.1313e-011
4143	7.8714e-011
4144	8.0333e-011
4145	8.565e-011
4146	7.7011e-011
4147	1.2589e-010
4148	7.3998e-011
4149	9.0925e-011
4150	6.7393e-011
4151	6.7111e-011
4152	9.7983e-011
4153	7.2761e-011
4154	9.2001e-011
4155	1.1477e-010
4156	2.7754e-010
4157	7.3669e-010
4158	1.0179e-009
4159	1.1098e-009
4160	8.2507e-010
4161	2.5878e-010
4162	2.2939e-010
4163	7.3754e-011
4164	4.2523e-011
4165	4.4576e-011
4166	3.9807e-011
4167	4.1243e-011
4168	4.4807e-011
4169	4.0994e-011
4170	4.5716e-011
4171	4.6075e-011
4172	4.4895e-011
4173	5.0202e-011
4174	4.6317e-011
4175	5.1843e-011
4176	5.0249e-011
4177	5.238e-011
4178	5.3674e-011
4179	5.3706e-011
4180	5.6749e-011
4181	5.5688e-011
4182	5.9471e-011
4183	5.8334e-011
4184	6.1785e-011
4185	6.1558e-011
4186	6.3761e-011
4187	6.5854e-011
4188	6.5081e-011
4189	6.9871e-011
4190	6.749e-011
4191	7.2388e-011
4192	7.2952e-011
4193	7.2909e-011
4194	7.7228e-011
4195	7.7335e-011
4196	7.8356e-011
4197	8.2219e-011
4198	8.3783e-011
4199	8.2939e-011
4200	8.7576e-011
4201	8.939e-011
4202	9.1104e-011
4203	9.1412e-011
4204	9.4861e-011
4205	9.725e-011
4206	9.9565e-011
4207	1.0145e-010
4208	1.036e-010
4209	1.06e-010
4210	1.0782e-010
4211	1.1087e-010
4212	1.1342e-010
4213	1.16e-010
4214	1.1855e-010
4215	1.2137e-010
4216	1.2464e-010
4217	1.2572e-010
4218	1.2985e-010
4219	1.3255e-010
4220	1.359e-010
4221	1.4064e-010
4222	1.4422e-010
4223	1.44e-010
4224	1.4498e-010
4225	1.5707e-010
4226	1.5794e-010
4227	1.4517e-010
4228	1.4406e-010
4229	1.4657e-010
4230	1.4394e-010
4231	1.3858e-010
4232	1.3521e-010
4233	1.332e-010
4234	1.2623e-010
4235	1.2874e-010
4236	1.248e-010
4237	1.2241e-010
4238	1.1995e-010
4239	1.179e-010
4240	1.1572e-010
4241	1.0998e-010
4242	1.1139e-010
4243	1.0897e-010
4244	1.0791e-010
4245	1.0956e-010
4246	1.0853e-010
4247	1.0818e-010
4248	9.1796e-011
4249	1.0662e-010
4250	1.0686e-010
4251	1.126e-010
4252	8.6681e-011
4253	1.0735e-010
4254	1.1073e-010
4255	8.1811e-011
4256	8.6809e-011
4257	1.1328e-010
4258	7.7217e-011
4259	9.7971e-011
4260	1.2227e-010
4261	8.0596e-011
4262	1.2568e-010
4263	7.4113e-011
4264	1.1011e-010
4265	9.4041e-011
4266	7.7667e-011
4267	8.9624e-011
4268	6.5678e-011
4269	9.3721e-011
4270	6.1885e-011
4271	8.6304e-011
4272	6.3933e-011
4273	7.5536e-011
4274	7.4411e-011
4275	6.2166e-011
4276	1.0047e-010
4277	6.7067e-011
4278	1.0514e-010
4279	5.4968e-011
4280	6.8142e-011
4281	7.3267e-011
4282	5.2015e-011
4283	7.4496e-011
4284	6.5872e-011
4285	8.8417e-011
4286	2.2318e-010
4287	7.4067e-010
4288	9.6766e-010
4289	1.1549e-009
4290	9.9062e-010
4291	2.5873e-010
4292	2.2934e-010
4293	7.376e-011
4294	4.253e-011
4295	4.4579e-011
4296	3.9806e-011
4297	4.1248e-011
4298	4.4821e-011
4299	4.1017e-011
4300	4.5748e-011
4301	4.6113e-011
4302	4.4927e-011
4303	5.0211e-011
4304	4.6308e-011
4305	5.1849e-011
4306	5.0285e-011
4307	5.2419e-011
4308	5.369e-011
4309	5.3698e-011
4310	5.6721e-011
4311	5.5651e-011
4312	5.9433e-011
4313	5.8303e-011
4314	6.1772e-011
4315	6.1548e-011
4316	6.375e-011
4317	6.5833e-011
4318	6.5047e-011
4319	6.9818e-011
4320	6.7441e-011
4321	7.2354e-011
4322	7.294e-011
4323	7.2897e-011
4324	7.7224e-011
4325	7.7352e-011
4326	7.8381e-011
4327	8.224e-011
4328	8.3801e-011
4329	8.2922e-011
4330	8.761e-011
4331	8.9392e-011
4332	9.1103e-011
4333	9.1445e-011
4334	9.4925e-011
4335	9.7324e-011
4336	9.9611e-011
4337	1.0146e-010
4338	1.0366e-010
4339	1.0605e-010
4340	1.0785e-010
4341	1.1085e-010
4342	1.1338e-010
4343	1.1602e-010
4344	1.1862e-010
4345	1.2138e-010
4346	1.2466e-010
4347	1.2569e-010
4348	1.2989e-010
4349	1.3252e-010
4350	1.3586e-010
4351	1.4063e-010
4352	1.443e-010
4353	1.4398e-010
4354	1.4497e-010
4355	1.5705e-010
4356	1.5797e-010
4357	1.4512e-010
4358	1.4405e-010
4359	1.4652e-010
4360	1.4393e-010
4361	1.3862e-010
4362	1.3526e-010
4363	1.3313e-010
4364	1.263e-010
4365	1.2864e-010
4366	1.2485e-010
4367	1.2242e-010
4368	1.2007e-010
4369	1.1798e-010
4370	1.158e-010
4371	1.0997e-010
4372	1.1138e-010
4373	1.0894e-010
4374	1.0789e-010
4375	1.0953e-010
4376	1.0864e-010
4377	1.0836e-010
4378	9.3422e-011
4379	1.0688e-010
4380	1.0698e-010
4381	1.1259e-010
4382	8.6673e-011
4383	1.0735e-010
4384	1.1073e-010
4385	8.1795e-011
4386	8.6774e-011
4387	1.1323e-010
4388	7.7168e-011
4389	9.7897e-011
4390	1.2219e-010
4391	8.0517e-011
4392	1.2559e-010
4393	7.4044e-011
4394	1.1001e-010
4395	9.3962e-011
4396	7.7604e-011
4397	8.9561e-011
4398	6.5579e-011
4399	9.3636e-011
4400	6.1802e-011
4401	8.6222e-011
4402	6.3865e-011
4403	7.5466e-011
4404	7.4338e-011
4405	6.2111e-011
4406	1.0039e-010
4407	6.7049e-011
4408	1.0509e-010
4409	5.4939e-011
4410	6.8113e-011
4411	7.3228e-011
4412	5.1996e-011
4413	7.4455e-011
4414	6.584e-011
4415	8.8377e-011
4416	2.232e-010
4417	7.4063e-010
4418	9.6766e-010
4419	1.155e-009
4420	9.906e-010
4421	1.9319e-010
4422	2.1726e-010
4423	7.28e-011
4424	5.3295e-011
4425	5.3706e-011
4426	5.4131e-011
4427	5.4677e-011
4428	5.6019e-011
4429	5.7999e-011
4430	5.5253e-011
4431	5.6247e-011
4432	5.8233e-011
4433	5.6739e-011
4434	6.1046e-011
4435	5.899e-011
4436	6.1699e-011
4437	6.2449e-011
4438	6.3694e-011
4439	6.5937e-011
4440	6.6063e-011
4441	6.9332e-011
4442	6.8899e-011
4443	7.2473e-011
4444	7.2383e-011
4445	7.5387e-011
4446	7.6361e-011
4447	7.751e-011
4448	8.1266e-011
4449	8.0082e-011
4450	8.5552e-011
4451	8.4309e-011
4452	8.7073e-011
4453	9.0662e-011
4454	9.0104e-011
4455	9.363e-011
4456	9.6554e-011
4457	9.6748e-011
4458	9.9238e-011
4459	1.0418e-010
4460	1.0369e-010
4461	1.0611e-010
4462	1.0886e-010
4463	1.1313e-010
4464	1.1413e-010
4465	1.163e-010
4466	1.1881e-010
4467	1.2198e-010
4468	1.2487e-010
4469	1.2763e-010
4470	1.3097e-010
4471	1.3323e-010
4472	1.3623e-010
4473	1.3938e-010
4474	1.426e-010
4475	1.4577e-010
4476	1.4859e-010
4477	1.5415e-010
4478	1.5623e-010
4479	1.602e-010
4480	1.6364e-010
4481	1.6585e-010
4482	1.6944e-010
4483	1.7708e-010
4484	1.8445e-010
4485	1.7973e-010
4486	1.794e-010
4487	1.8583e-010
4488	1.7963e-010
4489	1.7066e-010
4490	1.6706e-010
4491	1.6614e-010
4492	1.6315e-010
4493	1.5914e-010
4494	1.604e-010
4495	1.5118e-010
4496	1.4941e-010
4497	1.466e-010
4498	1.4353e-010
4499	1.4039e-010
4500	1.3769e-010
4501	1.3954e-010
4502	1.3373e-010
4503	1.3247e-010
4504	1.2913e-010
4505	1.2325e-010
4506	1.2248e-010
4507	1.2389e-010
4508	1.4276e-010
4509	1.2007e-010
4510	1.1189e-010
4511	1.1315e-010
4512	1.4766e-010
4513	1.117e-010
4514	1.0119e-010
4515	1.2403e-010
4516	1.1109e-010
4517	9.2655e-011
4518	1.3138e-010
4519	1.0457e-010
4520	1.0031e-010
4521	1.5634e-010
4522	8.7178e-011
4523	1.2966e-010
4524	1.0101e-010
4525	1.0042e-010
4526	1.014e-010
4527	8.5824e-011
4528	1.0615e-010
4529	7.6231e-011
4530	1.0204e-010
4531	7.497e-011
4532	9.1128e-011
4533	7.8551e-011
4534	8.0158e-011
4535	8.547e-011
4536	7.6896e-011
4537	1.2571e-010
4538	7.3927e-011
4539	9.0851e-011
4540	6.7317e-011
4541	6.7034e-011
4542	9.788e-011
4543	7.2676e-011
4544	9.1888e-011
4545	1.1467e-010
4546	2.7742e-010
4547	7.3669e-010
4548	1.0178e-009
4549	1.1098e-009
4550	8.2508e-010
4551	2.5879e-010
4552	2.294e-010
4553	7.3801e-011
4554	4.2571e-011
4555	4.4617e-011
4556	3.9838e-011
4557	4.1273e-011
4558	4.4842e-011
4559	4.1031e-011
4560	4.5768e-011
4561	4.6142e-011
4562	4.4959e-011
4563	5.0245e-011
4564	4.6337e-011
4565	5.1863e-011
4566	5.0279e-011
4567	5.2419e-011
4568	5.3717e-011
4569	5.3738e-011
4570	5.6756e-011
4571	5.5674e-011
4572	5.9436e-011
4573	5.8311e-011
4574	6.1812e-011
4575	6.1598e-011
4576	6.3768e-011
4577	6.5849e-011
4578	6.5092e-011
4579	6.984e-011
4580	6.7428e-011
4581	7.2331e-011
4582	7.2933e-011
4583	7.2915e-011
4584	7.7234e-011
4585	7.737e-011
4586	7.8446e-011
4587	8.2261e-011
4588	8.3701e-011
4589	8.3092e-011
4590	8.7558e-011
4591	8.9416e-011
4592	9.1153e-011
4593	9.15e-011
4594	9.4995e-011
4595	9.7313e-011
4596	9.9609e-011
4597	1.0152e-010
4598	1.0373e-010
4599	1.0614e-010
4600	1.0778e-010
4601	1.1087e-010
4602	1.1349e-010
4603	1.1605e-010
4604	1.1864e-010
4605	1.2136e-010
4606	1.2462e-010
4607	1.257e-010
4608	1.2985e-010
4609	1.3253e-010
4610	1.3577e-010
4611	1.4061e-010
4612	1.4426e-010
4613	1.4403e-010
4614	1.448e-010
4615	1.5706e-010
4616	1.5793e-010
4617	1.4523e-010
4618	1.4403e-010
4619	1.4655e-010
4620	1.4391e-010
4621	1.3866e-010
4622	1.353e-010
4623	1.3319e-010
4624	1.2634e-010
4625	1.2872e-010
4626	1.2487e-010
4627	1.2238e-010
4628	1.2005e-010
4629	1.1799e-010
4630	1.1577e-010
4631	1.0994e-010
4632	1.1139e-010
4633	1.0895e-010
4634	1.0785e-010
4635	1.0953e-010
4636	1.0869e-010
4637	1.1002e-010
4638	9.2149e-011
4639	1.0855e-010
4640	1.0705e-010
4641	1.1259e-010
4642	8.6615e-011
4643	1.0732e-010
4644	1.1071e-010
4645	8.1781e-011
4646	8.6755e-011
4647	1.1321e-010
4648	7.7133e-011
4649	9.787e-011
4650	1.2217e-010
4651	8.0511e-011
4652	1.2557e-010
4653	7.4028e-011
4654	1.1001e-010
4655	9.3944e-011
4656	7.7553e-011
4657	8.9496e-011
4658	6.5541e-011
4659	9.3595e-011
4660	6.1789e-011
4661	8.6198e-011
4662	6.3828e-011
4663	7.5429e-011
4664	7.4313e-011
4665	6.2096e-011
4666	1.0035e-010
4667	6.7014e-011
4668	1.0505e-010
4669	5.4916e-011
4670	6.8086e-011
4671	7.3217e-011
4672	5.1984e-011
4673	7.4443e-011
4674	6.5802e-011
4675	8.8339e-011
4676	2.2319e-010
4677	7.4065e-010
4678	9.6769e-010
4679	1.1549e-009
4680	9.9052e-010
4681	3.8769e-010
4682	2.4017e-010
4683	4.1436e-011
4684	4.0994e-011
4685	4.8446e-011
4686	4.3922e-011
4687	4.3873e-011
4688	4.5615e-011
4689	4.5363e-011
4690	4.4917e-011
4691	4.5289e-011
4692	4.6232e-011
4693	4.6981e-011
4694	4.8493e-011
4695	4.8909e-011
4696	4.9887e-011
4697	5.0999e-011
4698	5.2294e-011
4699	5.3464e-011
4700	5.461e-011
4701	5.605e-011
4702	5.7034e-011
4703	5.8707e-011
4704	5.9681e-011
4705	6.1373e-011
4706	6.2467e-011
4707	6.3689e-011
4708	6.5921e-011
4709	6.6537e-011
4710	6.9042e-011
4711	6.9647e-011
4712	7.132e-011
4713	7.3599e-011
4714	7.4369e-011
4715	7.6452e-011
4716	7.855e-011
4717	7.9541e-011
4718	8.1569e-011
4719	8.4299e-011
4720	8.5338e-011
4721	8.6899e-011
4722	8.947e-011
4723	9.1718e-011
4724	9.3702e-011
4725	9.5322e-011
4726	9.7354e-011
4727	9.9864e-011
4728	1.022e-010
4729	1.0455e-010
4730	1.0682e-010
4731	1.0921e-010
4732	1.1159e-010
4733	1.1411e-010
4734	1.1667e-010
4735	1.1922e-010
4736	1.2224e-010
4737	1.2504e-010
4738	1.2821e-010
4739	1.3097e-010
4740	1.3358e-010
4741	1.3597e-010
4742	1.3989e-010
4743	1.4436e-010
4744	1.4725e-010
4745	1.4955e-010
4746	1.4993e-010
4747	1.4811e-010
4748	1.4573e-010
4749	1.413e-010
4750	1.3706e-010
4751	1.355e-010
4752	1.335e-010
4753	1.3126e-010
4754	1.2778e-010
4755	1.2524e-010
4756	1.217e-010
4757	1.1936e-010
4758	1.1699e-010
4759	1.1471e-010
4760	1.1312e-010
4761	1.1108e-010
4762	1.0988e-010
4763	1.0861e-010
4764	1.0586e-010
4765	1.0031e-010
4766	1.0144e-010
4767	1.066e-010
4768	1.0739e-010
4769	1.0403e-010
4770	9.1527e-011
4771	9.9903e-011
4772	1.1067e-010
4773	9.5259e-011
4774	8.9262e-011
4775	9.6422e-011
4776	8.6637e-011
4777	8.7374e-011
4778	1.0038e-010
4779	8.2616e-011
4780	9.2173e-011
4781	1.1783e-010
4782	9.0275e-011
4783	9.7326e-011
4784	8.149e-011
4785	8.2108e-011
4786	7.9001e-011
4787	7.0898e-011
4788	7.564e-011
4789	6.9383e-011
4790	7.2276e-011
4791	6.5877e-011
4792	6.2954e-011
4793	6.1374e-011
4794	5.8584e-011
4795	5.7498e-011
4796	7.6946e-011
4797	9.8755e-011
4798	7.647e-011
4799	6.1984e-011
4800	5.2191e-011
4801	6.5508e-011
4802	8.357e-011
4803	6.256e-011
4804	6.8523e-011
4805	6.99e-011
4806	1.5555e-010
4807	4.8879e-010
4808	2.998e-010
4809	1.3366e-009
4810	1.4885e-009
4811	3.6062e-010
4812	3.1887e-010
4813	6.7409e-011
4814	6.1206e-011
4815	5.8853e-011
4816	5.9135e-011
4817	6.0061e-011
4818	6.0639e-011
4819	6.0945e-011
4820	6.1763e-011
4821	6.2313e-011
4822	6.3141e-011
4823	6.4417e-011
4824	6.5311e-011
4825	6.697e-011
4826	6.8101e-011
4827	6.967e-011
4828	7.1141e-011
4829	7.2736e-011
4830	7.4429e-011
4831	7.5907e-011
4832	7.7957e-011
4833	7.9413e-011
4834	8.1581e-011
4835	8.3085e-011
4836	8.512e-011
4837	8.7309e-011
4838	8.861e-011
4839	9.1411e-011
4840	9.2614e-011
4841	9.5434e-011
4842	9.7378e-011
4843	9.9001e-011
4844	1.0196e-010
4845	1.0386e-010
4846	1.0599e-010
4847	1.0911e-010
4848	1.1122e-010
4849	1.1317e-010
4850	1.162e-010
4851	1.1926e-010
4852	1.214e-010
4853	1.2399e-010
4854	1.2682e-010
4855	1.3007e-010
4856	1.3309e-010
4857	1.3592e-010
4858	1.3883e-010
4859	1.4181e-010
4860	1.4503e-010
4861	1.4829e-010
4862	1.5183e-010
4863	1.5534e-010
4864	1.5882e-010
4865	1.6244e-010
4866	1.6582e-010
4867	1.699e-010
4868	1.735e-010
4869	1.7779e-010
4870	1.8203e-010
4871	1.8677e-010
4872	1.9087e-010
4873	1.9431e-010
4874	1.9955e-010
4875	2.0491e-010
4876	2.0503e-010
4877	2.0025e-010
4878	1.9558e-010
4879	1.9295e-010
4880	1.8975e-010
4881	1.8551e-010
4882	1.8165e-010
4883	1.7663e-010
4884	1.7375e-010
4885	1.6946e-010
4886	1.6707e-010
4887	1.6357e-010
4888	1.6043e-010
4889	1.5733e-010
4890	1.5317e-010
4891	1.5051e-010
4892	1.4755e-010
4893	1.4662e-010
4894	1.4442e-010
4895	1.4247e-010
4896	1.4282e-010
4897	1.3858e-010
4898	1.3673e-010
4899	1.3617e-010
4900	1.361e-010
4901	1.3467e-010
4902	1.324e-010
4903	1.2943e-010
4904	1.3099e-010
4905	1.1867e-010
4906	1.1559e-010
4907	1.276e-010
4908	1.1754e-010
4909	1.1632e-010
4910	1.2958e-010
4911	1.302e-010
4912	1.2978e-010
4913	1.1186e-010
4914	1.1725e-010
4915	1.0887e-010
4916	1.0122e-010
4917	1.0088e-010
4918	9.4609e-011
4919	9.7611e-011
4920	9.1486e-011
4921	9.0551e-011
4922	8.4706e-011
4923	8.337e-011
4924	8.1609e-011
4925	7.9808e-011
4926	1.0023e-010
4927	1.1198e-010
4928	9.8973e-011
4929	8.1007e-011
4930	7.602e-011
4931	8.7455e-011
4932	9.8476e-011
4933	9.2625e-011
4934	8.3059e-011
4935	9.249e-011
4936	2.0915e-010
4937	4.714e-010
4938	2.847e-010
4939	1.5607e-009
4940	1.3828e-009
4941	3.876e-010
4942	2.4013e-010
4943	4.1434e-011
4944	4.0996e-011
4945	4.8449e-011
4946	4.393e-011
4947	4.3876e-011
4948	4.5602e-011
4949	4.534e-011
4950	4.4895e-011
4951	4.528e-011
4952	4.6229e-011
4953	4.698e-011
4954	4.8488e-011
4955	4.8904e-011
4956	4.9882e-011
4957	5.0991e-011
4958	5.2284e-011
4959	5.3453e-011
4960	5.4608e-011
4961	5.6048e-011
4962	5.702e-011
4963	5.8688e-011
4964	5.9663e-011
4965	6.1361e-011
4966	6.2478e-011
4967	6.3698e-011
4968	6.5897e-011
4969	6.6524e-011
4970	6.9054e-011
4971	6.9681e-011
4972	7.1348e-011
4973	7.3583e-011
4974	7.4363e-011
4975	7.6464e-011
4976	7.8549e-011
4977	7.9531e-011
4978	8.1688e-011
4979	8.4126e-011
4980	8.5443e-011
4981	8.686e-011
4982	8.9456e-011
4983	9.1718e-011
4984	9.3656e-011
4985	9.5288e-011
4986	9.734e-011
4987	9.9825e-011
4988	1.022e-010
4989	1.0448e-010
4990	1.0689e-010
4991	1.092e-010
4992	1.1157e-010
4993	1.1412e-010
4994	1.1665e-010
4995	1.1918e-010
4996	1.2227e-010
4997	1.2507e-010
4998	1.2821e-010
4999	1.3099e-010
5000	1.3361e-010
5001	1.3596e-010
5002	1.3993e-010
5003	1.4431e-010
5004	1.4735e-010
5005	1.4947e-010
5006	1.5e-010
5007	1.4811e-010
5008	1.4573e-010
5009	1.4129e-010
5010	1.3703e-010
5011	1.3542e-010
5012	1.3345e-010
5013	1.3127e-010
5014	1.2775e-010
5015	1.2523e-010
5016	1.2171e-010
5017	1.1938e-010
5018	1.1699e-010
5019	1.1466e-010
5020	1.1335e-010
5021	1.1085e-010
5022	1.1009e-010
5023	1.0855e-010
5024	1.0588e-010
5025	1.0031e-010
5026	1.0145e-010
5027	1.0658e-010
5028	1.0735e-010
5029	1.0401e-010
5030	9.1517e-011
5031	9.9864e-011
5032	1.1067e-010
5033	9.5246e-011
5034	8.9261e-011
5035	9.6426e-011
5036	8.6636e-011
5037	8.7371e-011
5038	1.0041e-010
5039	8.2637e-011
5040	9.217e-011
5041	1.1786e-010
5042	9.0259e-011
5043	9.7349e-011
5044	8.1483e-011
5045	8.2133e-011
5046	7.9032e-011
5047	7.0911e-011
5048	7.5666e-011
5049	6.9394e-011
5050	7.2305e-011
5051	6.59e-011
5052	6.2978e-011
5053	6.1392e-011
5054	5.8595e-011
5055	5.7507e-011
5056	7.6949e-011
5057	9.8793e-011
5058	7.6472e-011
5059	6.1995e-011
5060	5.2192e-011
5061	6.5497e-011
5062	8.3559e-011
5063	6.2558e-011
5064	6.8551e-011
5065	6.9927e-011
5066	1.5557e-010
5067	4.8878e-010
5068	2.9982e-010
5069	1.3367e-009
5070	1.4887e-009
5071	3.8761e-010
5072	2.4012e-010
5073	4.142e-011
5074	4.0977e-011
5075	4.8425e-011
5076	4.3899e-011
5077	4.384e-011
5078	4.5562e-011
5079	4.5294e-011
5080	4.4842e-011
5081	4.5221e-011
5082	4.6178e-011
5083	4.6962e-011
5084	4.8498e-011
5085	4.89e-011
5086	4.9843e-011
5087	5.093e-011
5088	5.2212e-011
5089	5.3395e-011
5090	5.4586e-011
5091	5.6051e-011
5092	5.7029e-011
5093	5.87e-011
5094	5.9678e-011
5095	6.1364e-011
5096	6.2444e-011
5097	6.3654e-011
5098	6.5879e-011
5099	6.6519e-011
5100	6.9048e-011
5101	6.9663e-011
5102	7.1332e-011
5103	7.358e-011
5104	7.4337e-011
5105	7.6409e-011
5106	7.8492e-011
5107	7.9489e-011
5108	8.1572e-011
5109	8.4212e-011
5110	8.5267e-011
5111	8.6774e-011
5112	8.9384e-011
5113	9.1621e-011
5114	9.3556e-011
5115	9.5188e-011
5116	9.7253e-011
5117	9.982e-011
5118	1.0215e-010
5119	1.0441e-010
5120	1.068e-010
5121	1.0912e-010
5122	1.1154e-010
5123	1.1406e-010
5124	1.1659e-010
5125	1.1915e-010
5126	1.2224e-010
5127	1.2504e-010
5128	1.2818e-010
5129	1.3103e-010
5130	1.3375e-010
5131	1.3605e-010
5132	1.3989e-010
5133	1.4436e-010
5134	1.474e-010
5135	1.4949e-010
5136	1.4996e-010
5137	1.482e-010
5138	1.4577e-010
5139	1.4123e-010
5140	1.3698e-010
5141	1.3538e-010
5142	1.3347e-010
5143	1.3135e-010
5144	1.2769e-010
5145	1.2526e-010
5146	1.217e-010
5147	1.1937e-010
5148	1.1686e-010
5149	1.145e-010
5150	1.1328e-010
5151	1.1083e-010
5152	1.1011e-010
5153	1.086e-010
5154	1.059e-010
5155	1.0031e-010
5156	1.014e-010
5157	1.065e-010
5158	1.0739e-010
5159	1.0401e-010
5160	9.152e-011
5161	9.9879e-011
5162	1.1068e-010
5163	9.5249e-011
5164	8.9267e-011
5165	9.6439e-011
5166	8.6683e-011
5167	8.745e-011
5168	1.0051e-010
5169	8.2756e-011
5170	9.2304e-011
5171	1.1801e-010
5172	9.04e-011
5173	9.7489e-011
5174	8.1616e-011
5175	8.2269e-011
5176	7.9153e-011
5177	7.1035e-011
5178	7.5825e-011
5179	6.9542e-011
5180	7.2437e-011
5181	6.6015e-011
5182	6.3081e-011
5183	6.149e-011
5184	5.869e-011
5185	5.7592e-011
5186	7.7009e-011
5187	9.8842e-011
5188	7.6535e-011
5189	6.208e-011
5190	5.227e-011
5191	6.556e-011
5192	8.3604e-011
5193	6.2603e-011
5194	6.8596e-011
5195	6.9966e-011
5196	1.5561e-010
5197	4.888e-010
5198	2.9986e-010
5199	1.3367e-009
5200	1.4887e-009
5201	3.6061e-010
5202	3.1887e-010
5203	6.7385e-011
5204	6.1164e-011
5205	5.8795e-011
5206	5.9069e-011
5207	5.9994e-011
5208	6.0579e-011
5209	6.0883e-011
5210	6.1682e-011
5211	6.2194e-011
5212	6.3033e-011
5213	6.4381e-011
5214	6.5334e-011
5215	6.6971e-011
5216	6.8027e-011
5217	6.9563e-011
5218	7.1047e-011
5219	7.2674e-011
5220	7.4422e-011
5221	7.5936e-011
5222	7.7993e-011
5223	7.9444e-011
5224	8.1604e-011
5225	8.3099e-011
5226	8.5127e-011
5227	8.7295e-011
5228	8.8574e-011
5229	9.1388e-011
5230	9.2613e-011
5231	9.5425e-011
5232	9.7372e-011
5233	9.9013e-011
5234	1.0192e-010
5235	1.0377e-010
5236	1.0592e-010
5237	1.0909e-010
5238	1.1124e-010
5239	1.1311e-010
5240	1.1609e-010
5241	1.1913e-010
5242	1.2132e-010
5243	1.2387e-010
5244	1.2664e-010
5245	1.2981e-010
5246	1.329e-010
5247	1.3592e-010
5248	1.3881e-010
5249	1.4173e-010
5250	1.4494e-010
5251	1.4823e-010
5252	1.5175e-010
5253	1.5527e-010
5254	1.5867e-010
5255	1.6231e-010
5256	1.6585e-010
5257	1.6989e-010
5258	1.7349e-010
5259	1.779e-010
5260	1.8231e-010
5261	1.8692e-010
5262	1.9079e-010
5263	1.9441e-010
5264	1.996e-010
5265	2.0487e-010
5266	2.0507e-010
5267	2.0046e-010
5268	1.9564e-010
5269	1.9284e-010
5270	1.8966e-010
5271	1.8544e-010
5272	1.8158e-010
5273	1.7671e-010
5274	1.7381e-010
5275	1.6941e-010
5276	1.6717e-010
5277	1.6354e-010
5278	1.6024e-010
5279	1.5705e-010
5280	1.5299e-010
5281	1.5049e-010
5282	1.4762e-010
5283	1.4669e-010
5284	1.4449e-010
5285	1.4251e-010
5286	1.4276e-010
5287	1.384e-010
5288	1.3676e-010
5289	1.3613e-010
5290	1.3613e-010
5291	1.3472e-010
5292	1.3238e-010
5293	1.2944e-010
5294	1.3097e-010
5295	1.1868e-010
5296	1.1566e-010
5297	1.2773e-010
5298	1.1772e-010
5299	1.1654e-010
5300	1.2983e-010
5301	1.3046e-010
5302	1.3002e-010
5303	1.1212e-010
5304	1.1749e-010
5305	1.0917e-010
5306	1.0144e-010
5307	1.0113e-010
5308	9.4919e-011
5309	9.7899e-011
5310	9.175e-011
5311	9.0774e-011
5312	8.4927e-011
5313	8.3563e-011
5314	8.1769e-011
5315	7.994e-011
5316	1.0033e-010
5317	1.1208e-010
5318	9.9078e-011
5319	8.1127e-011
5320	7.6142e-011
5321	8.7547e-011
5322	9.8544e-011
5323	9.2697e-011
5324	8.3139e-011
5325	9.2571e-011
5326	2.0924e-010
5327	4.7147e-010
5328	2.8481e-010
5329	1.5609e-009
5330	1.3829e-009
5331	3.8761e-010
5332	2.4012e-010
5333	4.142e-011
5334	4.0977e-011
5335	4.8425e-011
5336	4.3899e-011
5337	4.384e-011
5338	4.5562e-011
5339	4.5294e-011
5340	4.4842e-011
5341	4.5221e-011
5342	4.6178e-011
5343	4.6962e-011
5344	4.8498e-011
5345	4.89e-011
5346	4.9843e-011
5347	5.093e-011
5348	5.2212e-011
5349	5.3395e-011
5350	5.4586e-011
5351	5.6051e-011
5352	5.7028e-011
5353	5.87e-011
5354	5.9678e-011
5355	6.1364e-011
5356	6.2444e-011
5357	6.3654e-011
5358	6.5879e-011
5359	6.6519e-011
5360	6.9048e-011
5361	6.9663e-011
5362	7.1332e-011
5363	7.358e-011
5364	7.4337e-011
5365	7.6409e-011
5366	7.8493e-011
5367	7.948e-011
5368	8.1622e-011
5369	8.4149e-011
5370	8.532e-011
5371	8.6764e-011
5372	8.9385e-011
5373	9.1621e-011
5374	9.3557e-011
5375	9.5187e-011
5376	9.7253e-011
5377	9.982e-011
5378	1.0215e-010
5379	1.0441e-010
5380	1.068e-010
5381	1.0912e-010
5382	1.1154e-010
5383	1.1406e-010
5384	1.1659e-010
5385	1.1915e-010
5386	1.2224e-010
5387	1.2504e-010
5388	1.2818e-010
5389	1.3103e-010
5390	1.3375e-010
5391	1.3605e-010
5392	1.3989e-010
5393	1.4436e-010
5394	1.474e-010
5395	1.4949e-010
5396	1.4996e-010
5397	1.482e-010
5398	1.4577e-010
5399	1.4123e-010
5400	1.3698e-010
5401	1.3538e-010
5402	1.3347e-010
5403	1.3135e-010
5404	1.2769e-010
5405	1.2526e-010
5406	1.217e-010
5407	1.1937e-010
5408	1.1684e-010
5409	1.1457e-010
5410	1.1306e-010
5411	1.1102e-010
5412	1.0989e-010
5413	1.0864e-010
5414	1.0588e-010
5415	1.0032e-010
5416	1.0138e-010
5417	1.0651e-010
5418	1.074e-010
5419	1.0402e-010
5420	9.1512e-011
5421	9.9879e-011
5422	1.1068e-010
5423	9.5246e-011
5424	8.9266e-011
5425	9.6439e-011
5426	8.6683e-011
5427	8.745e-011
5428	1.0051e-010
5429	8.2756e-011
5430	9.2304e-011
5431	1.1801e-010
5432	9.04e-011
5433	9.7489e-011
5434	8.1616e-011
5435	8.2268e-011
5436	7.9153e-011
5437	7.1035e-011
5438	7.5825e-011
5439	6.9542e-011
5440	7.2437e-011
5441	6.6015e-011
5442	6.3081e-011
5443	6.149e-011
5444	5.869e-011
5445	5.7592e-011
5446	7.7009e-011
5447	9.8842e-011
5448	7.6535e-011
5449	6.208e-011
5450	5.227e-011
5451	6.556e-011
5452	8.3604e-011
5453	6.2603e-011
5454	6.8596e-011
5455	6.9966e-011
5456	1.5561e-010
5457	4.888e-010
5458	2.9986e-010
5459	1.3367e-009
5460	1.4888e-009
5461	3.876e-010
5462	2.4013e-010
5463	4.1434e-011
5464	4.0996e-011
5465	4.8449e-011
5466	4.393e-011
5467	4.3876e-011
5468	4.5602e-011
5469	4.534e-011
5470	4.4895e-011
5471	4.528e-011
5472	4.6229e-011
5473	4.698e-011
5474	4.8488e-011
5475	4.8904e-011
5476	4.9882e-011
5477	5.0991e-011
5478	5.2284e-011
5479	5.3453e-011
5480	5.4608e-011
5481	5.6048e-011
5482	5.702e-011
5483	5.8688e-011
5484	5.9663e-011
5485	6.136e-011
5486	6.2478e-011
5487	6.3698e-011
5488	6.5897e-011
5489	6.6524e-011
5490	6.9054e-011
5491	6.9681e-011
5492	7.1348e-011
5493	7.3583e-011
5494	7.4363e-011
5495	7.6465e-011
5496	7.855e-011
5497	7.9527e-011
5498	8.1668e-011
5499	8.4189e-011
5500	8.5424e-011
5501	8.6855e-011
5502	8.9457e-011
5503	9.1719e-011
5504	9.3656e-011
5505	9.5287e-011
5506	9.734e-011
5507	9.9825e-011
5508	1.022e-010
5509	1.0448e-010
5510	1.0689e-010
5511	1.092e-010
5512	1.1157e-010
5513	1.1412e-010
5514	1.1665e-010
5515	1.1918e-010
5516	1.2227e-010
5517	1.2507e-010
5518	1.2821e-010
5519	1.3099e-010
5520	1.3361e-010
5521	1.3596e-010
5522	1.3993e-010
5523	1.4431e-010
5524	1.4735e-010
5525	1.4947e-010
5526	1.5e-010
5527	1.4811e-010
5528	1.4573e-010
5529	1.4129e-010
5530	1.3703e-010
5531	1.3542e-010
5532	1.3345e-010
5533	1.3127e-010
5534	1.2775e-010
5535	1.2523e-010
5536	1.2171e-010
5537	1.1938e-010
5538	1.1697e-010
5539	1.1471e-010
5540	1.1317e-010
5541	1.111e-010
5542	1.0991e-010
5543	1.0858e-010
5544	1.0587e-010
5545	1.0032e-010
5546	1.0143e-010
5547	1.0654e-010
5548	1.0743e-010
5549	1.0398e-010
5550	9.1507e-011
5551	9.9868e-011
5552	1.1067e-010
5553	9.5241e-011
5554	8.9262e-011
5555	9.6426e-011
5556	8.6636e-011
5557	8.7371e-011
5558	1.0041e-010
5559	8.2637e-011
5560	9.217e-011
5561	1.1786e-010
5562	9.0259e-011
5563	9.7349e-011
5564	8.1483e-011
5565	8.2133e-011
5566	7.9032e-011
5567	7.0911e-011
5568	7.5666e-011
5569	6.9394e-011
5570	7.2305e-011
5571	6.59e-011
5572	6.2978e-011
5573	6.1392e-011
5574	5.8595e-011
5575	5.7507e-011
5576	7.6949e-011
5577	9.8793e-011
5578	7.6472e-011
5579	6.1994e-011
5580	5.2192e-011
5581	6.5497e-011
5582	8.3559e-011
5583	6.2558e-011
5584	6.8551e-011
5585	6.9927e-011
5586	1.5557e-010
5587	4.8878e-010
5588	2.9982e-010
5589	1.3367e-009
5590	1.4887e-009
5591	3.6062e-010
5592	3.1887e-010
5593	6.7409e-011
5594	6.1206e-011
5595	5.8853e-011
5596	5.9135e-011
5597	6.0061e-011
5598	6.0639e-011
5599	6.0945e-011
5600	6.1763e-011
5601	6.2313e-011
5602	6.3141e-011
5603	6.4417e-011
5604	6.5311e-011
5605	6.6969e-011
5606	6.8101e-011
5607	6.967e-011
5608	7.1141e-011
5609	7.2736e-011
5610	7.4429e-011
5611	7.5907e-011
5612	7.7957e-011
5613	7.9413e-011
5614	8.1581e-011
5615	8.3085e-011
5616	8.512e-011
5617	8.7309e-011
5618	8.861e-011
5619	9.1411e-011
5620	9.2614e-011
5621	9.5434e-011
5622	9.7378e-011
5623	9.9001e-011
5624	1.0196e-010
5625	1.0386e-010
5626	1.0599e-010
5627	1.0912e-010
5628	1.1121e-010
5629	1.1319e-010
5630	1.1619e-010
5631	1.1928e-010
5632	1.214e-010
5633	1.2399e-010
5634	1.2682e-010
5635	1.3007e-010
5636	1.3309e-010
5637	1.3592e-010
5638	1.3883e-010
5639	1.4181e-010
5640	1.4503e-010
5641	1.4829e-010
5642	1.5183e-010
5643	1.5534e-010
5644	1.5882e-010
5645	1.6244e-010
5646	1.6582e-010
5647	1.699e-010
5648	1.735e-010
5649	1.7779e-010
5650	1.8203e-010
5651	1.8677e-010
5652	1.9087e-010
5653	1.9431e-010
5654	1.9955e-010
5655	2.0491e-010
5656	2.0503e-010
5657	2.0025e-010
5658	1.9558e-010
5659	1.9295e-010
5660	1.8975e-010
5661	1.8551e-010
5662	1.8165e-010
5663	1.7663e-010
5664	1.7375e-010
5665	1.6946e-010
5666	1.6707e-010
5667	1.6357e-010
5668	1.6043e-010
5669	1.5728e-010
5670	1.5334e-010
5671	1.5046e-010
5672	1.4772e-010
5673	1.4658e-010
5674	1.4443e-010
5675	1.4246e-010
5676	1.4283e-010
5677	1.3854e-010
5678	1.3671e-010
5679	1.3613e-010
5680	1.3611e-010
5681	1.3469e-010
5682	1.3236e-010
5683	1.2945e-010
5684	1.3099e-010
5685	1.1866e-010
5686	1.1559e-010
5687	1.276e-010
5688	1.1754e-010
5689	1.1632e-010
5690	1.2958e-010
5691	1.302e-010
5692	1.2978e-010
5693	1.1186e-010
5694	1.1725e-010
5695	1.0887e-010
5696	1.0122e-010
5697	1.0088e-010
5698	9.4609e-011
5699	9.761e-011
5700	9.1486e-011
5701	9.0551e-011
5702	8.4706e-011
5703	8.337e-011
5704	8.1608e-011
5705	7.9808e-011
5706	1.0023e-010
5707	1.1198e-010
5708	9.8973e-011
5709	8.1007e-011
5710	7.602e-011
5711	8.7455e-011
5712	9.8476e-011
5713	9.2625e-011
5714	8.3059e-011
5715	9.249e-011
5716	2.0915e-010
5717	4.714e-010
5718	2.847e-010
5719	1.5607e-009
5720	1.3828e-009
5721	3.8769e-010
5722	2.4017e-010
5723	4.1436e-011
5724	4.0994e-011
5725	4.8446e-011
5726	4.3922e-011
5727	4.3873e-011
5728	4.5615e-011
5729	4.5363e-011
5730	4.4917e-011
5731	4.5289e-011
5732	4.6232e-011
5733	4.6981e-011
5734	4.8493e-011
5735	4.8909e-011
5736	4.9887e-011
5737	5.0999e-011
5738	5.2294e-011
5739	5.3464e-011
5740	5.461e-011
5741	5.605e-011
5742	5.7034e-011
5743	5.8707e-011
5744	5.9681e-011
5745	6.1373e-011
5746	6.2467e-011
5747	6.3689e-011
5748	6.5921e-011
5749	6.6538e-011
5750	6.9042e-011
5751	6.9647e-011
5752	7.132e-011
5753	7.3599e-011
5754	7.4369e-011
5755	7.6452e-011
5756	7.8549e-011
5757	7.9522e-011
5758	8.1664e-011
5759	8.4203e-011
5760	8.544e-011
5761	8.6877e-011
5762	8.947e-011
5763	9.1718e-011
5764	9.3702e-011
5765	9.5322e-011
5766	9.7354e-011
5767	9.9864e-011
5768	1.022e-010
5769	1.0455e-010
5770	1.0682e-010
5771	1.0921e-010
5772	1.1159e-010
5773	1.1411e-010
5774	1.1667e-010
5775	1.1922e-010
5776	1.2224e-010
5777	1.2504e-010
5778	1.2821e-010
5779	1.3097e-010
5780	1.3357e-010
5781	1.3597e-010
5782	1.3989e-010
5783	1.4436e-010
5784	1.4725e-010
5785	1.4955e-010
5786	1.4993e-010
5787	1.4811e-010
5788	1.4573e-010
5789	1.413e-010
5790	1.3706e-010
5791	1.355e-010
5792	1.335e-010
5793	1.3126e-010
5794	1.2778e-010
5795	1.2524e-010
5796	1.217e-010
5797	1.1936e-010
5798	1.1699e-010
5799	1.147e-010
5800	1.1316e-010
5801	1.1114e-010
5802	1.0992e-010
5803	1.086e-010
5804	1.0586e-010
5805	1.0031e-010
5806	1.0149e-010
5807	1.0642e-010
5808	1.0744e-010
5809	1.0383e-010
5810	9.1572e-011
5811	9.9895e-011
5812	1.1065e-010
5813	9.5241e-011
5814	8.9264e-011
5815	9.6415e-011
5816	8.6636e-011
5817	8.7374e-011
5818	1.0038e-010
5819	8.2616e-011
5820	9.2173e-011
5821	1.1783e-010
5822	9.0275e-011
5823	9.7326e-011
5824	8.149e-011
5825	8.2107e-011
5826	7.9001e-011
5827	7.0898e-011
5828	7.564e-011
5829	6.9383e-011
5830	7.2276e-011
5831	6.5877e-011
5832	6.2954e-011
5833	6.1374e-011
5834	5.8584e-011
5835	5.7498e-011
5836	7.6946e-011
5837	9.8755e-011
5838	7.647e-011
5839	6.1984e-011
5840	5.2191e-011
5841	6.5508e-011
5842	8.3571e-011
5843	6.256e-011
5844	6.8523e-011
5845	6.99e-011
5846	1.5555e-010
5847	4.8879e-010
5848	2.998e-010
5849	1.3366e-009
5850	1.4885e-009
5851	3.8769e-010
5852	2.4017e-010
5853	4.1436e-011
5854	4.0994e-011
5855	4.8446e-011
5856	4.3922e-011
5857	4.3873e-011
5858	4.5615e-011
5859	4.5363e-011
5860	4.4917e-011
5861	4.5289e-011
5862	4.6232e-011
5863	4.6981e-011
5864	4.8493e-011
5865	4.8909e-011
5866	4.9887e-011
5867	5.0999e-011
5868	5.2294e-011
5869	5.3464e-011
5870	5.461e-011
5871	5.605e-011
5872	5.7034e-011
5873	5.8707e-011
5874	5.9681e-011
5875	6.1373e-011
5876	6.2466e-011
5877	6.3689e-011
5878	6.5921e-011
5879	6.6537e-011
5880	6.9042e-011
5881	6.9648e-011
5882	7.132e-011
5883	7.3599e-011
5884	7.4369e-011
5885	7.6452e-011
5886	7.8549e-011
5887	7.9523e-011
5888	8.1664e-011
5889	8.4203e-011
5890	8.544e-011
5891	8.6877e-011
5892	8.947e-011
5893	9.1719e-011
5894	9.3702e-011
5895	9.5322e-011
5896	9.7354e-011
5897	9.9864e-011
5898	1.022e-010
5899	1.0455e-010
5900	1.0682e-010
5901	1.0921e-010
5902	1.1159e-010
5903	1.1411e-010
5904	1.1667e-010
5905	1.1922e-010
5906	1.2224e-010
5907	1.2504e-010
5908	1.2821e-010
5909	1.3097e-010
5910	1.3357e-010
5911	1.3597e-010
5912	1.3989e-010
5913	1.4436e-010
5914	1.4725e-010
5915	1.4955e-010
5916	1.4993e-010
5917	1.4811e-010
5918	1.4573e-010
5919	1.413e-010
5920	1.3706e-010
5921	1.355e-010
5922	1.335e-010
5923	1.3126e-010
5924	1.2778e-010
5925	1.2524e-010
5926	1.217e-010
5927	1.1936e-010
5928	1.1699e-010
5929	1.147e-010
5930	1.1315e-010
5931	1.1113e-010
5932	1.0991e-010
5933	1.0861e-010
5934	1.0585e-010
5935	1.0034e-010
5936	1.0144e-010
5937	1.0658e-010
5938	1.0734e-010
5939	1.0397e-010
5940	9.1507e-011
5941	9.9926e-011
5942	1.1064e-010
5943	9.5243e-011
5944	8.9264e-011
5945	9.6415e-011
5946	8.6636e-011
5947	8.7374e-011
5948	1.0038e-010
5949	8.2616e-011
5950	9.2173e-011
5951	1.1783e-010
5952	9.0275e-011
5953	9.7326e-011
5954	8.149e-011
5955	8.2108e-011
5956	7.9001e-011
5957	7.0898e-011
5958	7.564e-011
5959	6.9383e-011
5960	7.2276e-011
5961	6.5877e-011
5962	6.2954e-011
5963	6.1374e-011
5964	5.8584e-011
5965	5.7498e-011
5966	7.6946e-011
5967	9.8755e-011
5968	7.647e-011
5969	6.1984e-011
5970	5.2191e-011
5971	6.5508e-011
5972	8.3571e-011
5973	6.256e-011
5974	6.8523e-011
5975	6.99e-011
5976	1.5555e-010
5977	4.8879e-010
5978	2.998e-010
5979	1.3366e-009
5980	1.4885e-009
5981	3.6062e-010
5982	3.1887e-010
5983	6.7409e-011
5984	6.1206e-011
5985	5.8853e-011
5986	5.9135e-011
5987	6.0061e-011
5988	6.0639e-011
5989	6.0945e-011
5990	6.1763e-011
5991	6.2313e-011
5992	6.3141e-011
5993	6.4417e-011
5994	6.5311e-011
5995	6.6969e-011
5996	6.8101e-011
5997	6.967e-011
5998	7.1141e-011
5999	7.2736e-011
6000	7.4429e-011
6001	7.5907e-011
6002	7.7957e-011
6003	7.9413e-011
6004	8.1581e-011
6005	8.3085e-011
6006	8.512e-011
6007	8.7309e-011
6008	8.861e-011
6009	9.1411e-011
6010	9.2614e-011
6011	9.5434e-011
6012	9.7378e-011
6013	9.9001e-011
6014	1.0196e-010
6015	1.0386e-010
6016	1.0599e-010
6017	1.0912e-010
6018	1.1121e-010
6019	1.1319e-010
6020	1.1619e-010
6021	1.1927e-010
6022	1.214e-010
6023	1.2399e-010
6024	1.2682e-010
6025	1.3007e-010
6026	1.3309e-010
6027	1.3592e-010
6028	1.3883e-010
6029	1.4181e-010
6030	1.4503e-010
6031	1.4829e-010
6032	1.5183e-010
6033	1.5534e-010
6034	1.5882e-010
6035	1.6244e-010
6036	1.6582e-010
6037	1.699e-010
6038	1.735e-010
6039	1.7779e-010
6040	1.8203e-010
6041	1.8677e-010
6042	1.9087e-010
6043	1.9431e-010
6044	1.9955e-010
6045	2.0491e-010
6046	2.0503e-010
6047	2.0025e-010
6048	1.9558e-010
6049	1.9295e-010
6050	1.8975e-010
6051	1.8551e-010
6052	1.8165e-010
6053	1.7663e-010
6054	1.7375e-010
6055	1.6946e-010
6056	1.6707e-010
6057	1.6357e-010
6058	1.6044e-010
6059	1.5728e-010
6060	1.5331e-010
6061	1.505e-010
6062	1.4769e-010
6063	1.4658e-010
6064	1.4444e-010
6065	1.4241e-010
6066	1.4297e-010
6067	1.3843e-010
6068	1.3658e-010
6069	1.3597e-010
6070	1.3621e-010
6071	1.3466e-010
6072	1.3237e-010
6073	1.2944e-010
6074	1.3099e-010
6075	1.1866e-010
6076	1.1559e-010
6077	1.276e-010
6078	1.1754e-010
6079	1.1632e-010
6080	1.2958e-010
6081	1.302e-010
6082	1.2978e-010
6083	1.1186e-010
6084	1.1725e-010
6085	1.0887e-010
6086	1.0122e-010
6087	1.0088e-010
6088	9.4609e-011
6089	9.761e-011
6090	9.1486e-011
6091	9.0551e-011
6092	8.4706e-011
6093	8.337e-011
6094	8.1609e-011
6095	7.9808e-011
6096	1.0023e-010
6097	1.1198e-010
6098	9.8973e-011
6099	8.1007e-011
6100	7.602e-011
6101	8.7455e-011
6102	9.8476e-011
6103	9.2625e-011
6104	8.3059e-011
6105	9.249e-011
6106	2.0915e-010
6107	4.714e-010
6108	2.847e-010
6109	1.5607e-009
6110	1.3828e-009
6111	3.876e-010
6112	2.4013e-010
6113	4.1434e-011
6114	4.0996e-011
6115	4.8449e-011
6116	4.393e-011
6117	4.3876e-011
6118	4.5602e-011
6119	4.534e-011
6120	4.4895e-011
6121	4.528e-011
6122	4.6229e-011
6123	4.698e-011
6124	4.8488e-011
6125	4.8904e-011
6126	4.9882e-011
6127	5.0991e-011
6128	5.2284e-011
6129	5.3453e-011
6130	5.4608e-011
6131	5.6048e-011
6132	5.702e-011
6133	5.8688e-011
6134	5.9663e-011
6135	6.136e-011
6136	6.2478e-011
6137	6.3698e-011
6138	6.5897e-011
6139	6.6524e-011
6140	6.9054e-011
6141	6.9681e-011
6142	7.1348e-011
6143	7.3583e-011
6144	7.4363e-011
6145	7.6465e-011
6146	7.855e-011
6147	7.9527e-011
6148	8.1667e-011
6149	8.4189e-011
6150	8.5423e-011
6151	8.6855e-011
6152	8.9457e-011
6153	9.1719e-011
6154	9.3657e-011
6155	9.5287e-011
6156	9.734e-011
6157	9.9825e-011
6158	1.022e-010
6159	1.0448e-010
6160	1.0689e-010
6161	1.092e-010
6162	1.1157e-010
6163	1.1412e-010
6164	1.1665e-010
6165	1.1918e-010
6166	1.2227e-010
6167	1.2507e-010
6168	1.2821e-010
6169	1.3099e-010
6170	1.3361e-010
6171	1.3596e-010
6172	1.3993e-010
6173	1.4431e-010
6174	1.4735e-010
6175	1.4947e-010
6176	1.5e-010
6177	1.4811e-010
6178	1.4573e-010
6179	1.4129e-010
6180	1.3703e-010
6181	1.3542e-010
6182	1.3345e-010
6183	1.3127e-010
6184	1.2775e-010
6185	1.2523e-010
6186	1.2171e-010
6187	1.1938e-010
6188	1.1697e-010
6189	1.147e-010
6190	1.1324e-010
6191	1.1115e-010
6192	1.0997e-010
6193	1.0858e-010
6194	1.0585e-010
6195	1.0035e-010
6196	1.0144e-010
6197	1.0651e-010
6198	1.0737e-010
6199	1.039e-010
6200	9.1487e-011
6201	9.9916e-011
6202	1.1065e-010
6203	9.5244e-011
6204	8.9262e-011
6205	9.6426e-011
6206	8.6636e-011
6207	8.7371e-011
6208	1.0041e-010
6209	8.2637e-011
6210	9.217e-011
6211	1.1786e-010
6212	9.0259e-011
6213	9.7349e-011
6214	8.1483e-011
6215	8.2134e-011
6216	7.9032e-011
6217	7.0911e-011
6218	7.5666e-011
6219	6.9394e-011
6220	7.2305e-011
6221	6.59e-011
6222	6.2978e-011
6223	6.1392e-011
6224	5.8595e-011
6225	5.7507e-011
6226	7.6949e-011
6227	9.8793e-011
6228	7.6471e-011
6229	6.1995e-011
6230	5.2192e-011
6231	6.5497e-011
6232	8.3559e-011
6233	6.2558e-011
6234	6.8551e-011
6235	6.9927e-011
6236	1.5557e-010
6237	4.8878e-010
6238	2.9982e-010
6239	1.3367e-009
6240	1.4887e-009
6241	3.8761e-010
6242	2.4012e-010
6243	4.142e-011
6244	4.0977e-011
6245	4.8425e-011
6246	4.3899e-011
6247	4.384e-011
6248	4.5562e-011
6249	4.5294e-011
6250	4.4842e-011
6251	4.5221e-011
6252	4.6178e-011
6253	4.6962e-011
6254	4.8498e-011
6255	4.89e-011
6256	4.9843e-011
6257	5.093e-011
6258	5.2212e-011
6259	5.3395e-011
6260	5.4586e-011
6261	5.6051e-011
6262	5.7029e-011
6263	5.87e-011
6264	5.9679e-011
6265	6.1364e-011
6266	6.2444e-011
6267	6.3654e-011
6268	6.5879e-011
6269	6.6519e-011
6270	6.9048e-011
6271	6.9663e-011
6272	7.1332e-011
6273	7.358e-011
6274	7.4337e-011
6275	7.6409e-011
6276	7.8492e-011
6277	7.9481e-011
6278	8.1626e-011
6279	8.4126e-011
6280	8.5325e-011
6281	8.6765e-011
6282	8.9384e-011
6283	9.1621e-011
6284	9.3556e-011
6285	9.5188e-011
6286	9.7253e-011
6287	9.982e-011
6288	1.0215e-010
6289	1.0441e-010
6290	1.068e-010
6291	1.0912e-010
6292	1.1154e-010
6293	1.1406e-010
6294	1.1659e-010
6295	1.1915e-010
6296	1.2224e-010
6297	1.2504e-010
6298	1.2818e-010
6299	1.3103e-010
6300	1.3375e-010
6301	1.3605e-010
6302	1.3989e-010
6303	1.4436e-010
6304	1.474e-010
6305	1.4949e-010
6306	1.4996e-010
6307	1.482e-010
6308	1.4577e-010
6309	1.4123e-010
6310	1.3698e-010
6311	1.3538e-010
6312	1.3347e-010
6313	1.3135e-010
6314	1.2769e-010
6315	1.2526e-010
6316	1.217e-010
6317	1.1937e-010
6318	1.1686e-010
6319	1.1453e-010
6320	1.1289e-010
6321	1.1195e-010
6322	1.0975e-010
6323	1.0863e-010
6324	1.0589e-010
6325	1.0035e-010
6326	1.014e-010
6327	1.0647e-010
6328	1.074e-010
6329	1.0394e-010
6330	9.1492e-011
6331	9.9929e-011
6332	1.1066e-010
6333	9.5253e-011
6334	8.9265e-011
6335	9.644e-011
6336	8.6683e-011
6337	8.745e-011
6338	1.0051e-010
6339	8.2756e-011
6340	9.2304e-011
6341	1.1801e-010
6342	9.04e-011
6343	9.7489e-011
6344	8.1616e-011
6345	8.2268e-011
6346	7.9154e-011
6347	7.1035e-011
6348	7.5825e-011
6349	6.9542e-011
6350	7.2437e-011
6351	6.6015e-011
6352	6.3082e-011
6353	6.149e-011
6354	5.869e-011
6355	5.7592e-011
6356	7.7009e-011
6357	9.8842e-011
6358	7.6535e-011
6359	6.208e-011
6360	5.227e-011
6361	6.556e-011
6362	8.3604e-011
6363	6.2603e-011
6364	6.8596e-011
6365	6.9966e-011
6366	1.5561e-010
6367	4.888e-010
6368	2.9986e-010
6369	1.3367e-009
6370	1.4887e-009
6371	3.6061e-010
6372	3.1887e-010
6373	6.7385e-011
6374	6.1164e-011
6375	5.8795e-011
6376	5.9069e-011
6377	5.9994e-011
6378	6.0579e-011
6379	6.0883e-011
6380	6.1682e-011
6381	6.2194e-011
6382	6.3033e-011
6383	6.4381e-011
6384	6.5334e-011
6385	6.6971e-011
6386	6.8027e-011
6387	6.9563e-011
6388	7.1047e-011
6389	7.2674e-011
6390	7.4422e-011
6391	7.5936e-011
6392	7.7993e-011
6393	7.9444e-011
6394	8.1604e-011
6395	8.3099e-011
6396	8.5127e-011
6397	8.7295e-011
6398	8.8574e-011
6399	9.1388e-011
6400	9.2613e-011
6401	9.5425e-011
6402	9.7372e-011
6403	9.9013e-011
6404	1.0192e-010
6405	1.0377e-010
6406	1.0592e-010
6407	1.091e-010
6408	1.1121e-010
6409	1.1316e-010
6410	1.1606e-010
6411	1.1914e-010
6412	1.2132e-010
6413	1.2387e-010
6414	1.2664e-010
6415	1.2981e-010
6416	1.329e-010
6417	1.3592e-010
6418	1.3881e-010
6419	1.4173e-010
6420	1.4494e-010
6421	1.4823e-010
6422	1.5175e-010
6423	1.5527e-010
6424	1.5867e-010
6425	1.6231e-010
6426	1.6585e-010
6427	1.6989e-010
6428	1.7349e-010
6429	1.779e-010
6430	1.8231e-010
6431	1.8692e-010
6432	1.9079e-010
6433	1.9441e-010
6434	1.996e-010
6435	2.0487e-010
6436	2.0507e-010
6437	2.0046e-010
6438	1.9564e-010
6439	1.9284e-010
6440	1.8966e-010
6441	1.8544e-010
6442	1.8158e-010
6443	1.7671e-010
6444	1.7381e-010
6445	1.6941e-010
6446	1.6717e-010
6447	1.6354e-010
6448	1.6021e-010
6449	1.5716e-010
6450	1.5344e-010
6451	1.5016e-010
6452	1.481e-010
6453	1.4684e-010
6454	1.4446e-010
6455	1.4247e-010
6456	1.4289e-010
6457	1.3831e-010
6458	1.3663e-010
6459	1.3599e-010
6460	1.3624e-010
6461	1.3468e-010
6462	1.3242e-010
6463	1.2942e-010
6464	1.3098e-010
6465	1.1868e-010
6466	1.1566e-010
6467	1.2773e-010
6468	1.1772e-010
6469	1.1654e-010
6470	1.2982e-010
6471	1.3046e-010
6472	1.3002e-010
6473	1.1212e-010
6474	1.1749e-010
6475	1.0917e-010
6476	1.0144e-010
6477	1.0113e-010
6478	9.4919e-011
6479	9.7899e-011
6480	9.175e-011
6481	9.0773e-011
6482	8.4926e-011
6483	8.3563e-011
6484	8.1769e-011
6485	7.994e-011
6486	1.0033e-010
6487	1.1208e-010
6488	9.9077e-011
6489	8.1127e-011
6490	7.6142e-011
6491	8.7547e-011
6492	9.8545e-011
6493	9.2697e-011
6494	8.3139e-011
6495	9.2571e-011
6496	2.0924e-010
6497	4.7147e-010
6498	2.8481e-010
6499	1.5609e-009
6500	1.3829e-009
6501	3.8761e-010
6502	2.4012e-010
6503	4.142e-011
6504	4.0977e-011
6505	4.8425e-011
6506	4.3899e-011
6507	4.384e-011
6508	4.5562e-011
6509	4.5294e-011
6510	4.4842e-011
6511	4.5221e-011
6512	4.6178e-011
6513	4.6962e-011
6514	4.8498e-011
6515	4.89e-011
6516	4.9843e-011
6517	5.093e-011
6518	5.2212e-011
6519	5.3395e-011
6520	5.4586e-011
6521	5.6051e-011
6522	5.7028e-011
6523	5.87e-011
6524	5.9679e-011
6525	6.1364e-011
6526	6.2444e-011
6527	6.3654e-011
6528	6.5879e-011
6529	6.6519e-011
6530	6.9048e-011
6531	6.9663e-011
6532	7.1332e-011
6533	7.358e-011
6534	7.4337e-011
6535	7.6409e-011
6536	7.8492e-011
6537	7.9481e-011
6538	8.1626e-011
6539	8.4126e-011
6540	8.5325e-011
6541	8.6765e-011
6542	8.9384e-011
6543	9.1621e-011
6544	9.3557e-011
6545	9.5187e-011
6546	9.7253e-011
6547	9.9821e-011
6548	1.0215e-010
6549	1.0441e-010
6550	1.068e-010
6551	1.0912e-010
6552	1.1154e-010
6553	1.1406e-010
6554	1.1659e-010
6555	1.1915e-010
6556	1.2224e-010
6557	1.2504e-010
6558	1.2818e-010
6559	1.3103e-010
6560	1.3375e-010
6561	1.3605e-010
6562	1.3989e-010
6563	1.4436e-010
6564	1.474e-010
6565	1.4949e-010
6566	1.4996e-010
6567	1.482e-010
6568	1.4576e-010
6569	1.4123e-010
6570	1.3698e-010
6571	1.3538e-010
6572	1.3347e-010
6573	1.3135e-010
6574	1.2769e-010
6575	1.2526e-010
6576	1.217e-010
6577	1.1937e-010
6578	1.1688e-010
6579	1.1443e-010
6580	1.133e-010
6581	1.1151e-010
6582	1.1017e-010
6583	1.0857e-010
6584	1.0591e-010
6585	1.0035e-010
6586	1.0135e-010
6587	1.0661e-010
6588	1.0722e-010
6589	1.041e-010
6590	9.1456e-011
6591	9.9934e-011
6592	1.1069e-010
6593	9.5269e-011
6594	8.9264e-011
6595	9.6447e-011
6596	8.6683e-011
6597	8.745e-011
6598	1.0051e-010
6599	8.2756e-011
6600	9.2304e-011
6601	1.1801e-010
6602	9.04e-011
6603	9.7489e-011
6604	8.1616e-011
6605	8.2268e-011
6606	7.9153e-011
6607	7.1035e-011
6608	7.5825e-011
6609	6.9542e-011
6610	7.2437e-011
6611	6.6015e-011
6612	6.3081e-011
6613	6.149e-011
6614	5.869e-011
6615	5.7592e-011
6616	7.7009e-011
6617	9.8842e-011
6618	7.6535e-011
6619	6.208e-011
6620	5.227e-011
6621	6.556e-011
6622	8.3605e-011
6623	6.2603e-011
6624	6.8596e-011
6625	6.9966e-011
6626	1.5561e-010
6627	4.888e-010
6628	2.9986e-010
6629	1.3367e-009
6630	1.4887e-009
6631	3.876e-010
6632	2.4013e-010
6633	4.1434e-011
6634	4.0996e-011
6635	4.8449e-011
6636	4.393e-011
6637	4.3876e-011
6638	4.5602e-011
6639	4.534e-011
6640	4.4895e-011
6641	4.528e-011
6642	4.6229e-011
6643	4.698e-011
6644	4.8488e-011
6645	4.8904e-011
6646	4.9882e-011
6647	5.0991e-011
6648	5.2284e-011
6649	5.3453e-011
6650	5.4608e-011
6651	5.6048e-011
6652	5.702e-011
6653	5.8687e-011
6654	5.9663e-011
6655	6.1361e-011
6656	6.2478e-011
6657	6.3698e-011
6658	6.5897e-011
6659	6.6524e-011
6660	6.9054e-011
6661	6.9681e-011
6662	7.1348e-011
6663	7.3583e-011
6664	7.4363e-011
6665	7.6464e-011
6666	7.855e-011
6667	7.9527e-011
6668	8.1667e-011
6669	8.4189e-011
6670	8.5424e-011
6671	8.6855e-011
6672	8.9457e-011
6673	9.1718e-011
6674	9.3656e-011
6675	9.5287e-011
6676	9.734e-011
6677	9.9825e-011
6678	1.022e-010
6679	1.0448e-010
6680	1.0689e-010
6681	1.092e-010
6682	1.1157e-010
6683	1.1412e-010
6684	1.1665e-010
6685	1.1918e-010
6686	1.2227e-010
6687	1.2507e-010
6688	1.2821e-010
6689	1.3099e-010
6690	1.3361e-010
6691	1.3596e-010
6692	1.3993e-010
6693	1.4431e-010
6694	1.4735e-010
6695	1.4947e-010
6696	1.5e-010
6697	1.4811e-010
6698	1.4573e-010
6699	1.4129e-010
6700	1.3703e-010
6701	1.3542e-010
6702	1.3345e-010
6703	1.3127e-010
6704	1.2775e-010
6705	1.2523e-010
6706	1.2171e-010
6707	1.1938e-010
6708	1.1702e-010
6709	1.1462e-010
6710	1.1326e-010
6711	1.1165e-010
6712	1.1004e-010
6713	1.0855e-010
6714	1.059e-010
6715	1.0032e-010
6716	1.0144e-010
6717	1.0652e-010
6718	1.0748e-010
6719	1.0397e-010
6720	9.1503e-011
6721	9.99e-011
6722	1.1076e-010
6723	9.5266e-011
6724	8.9258e-011
6725	9.6439e-011
6726	8.6636e-011
6727	8.7372e-011
6728	1.0041e-010
6729	8.2637e-011
6730	9.217e-011
6731	1.1786e-010
6732	9.0259e-011
6733	9.7349e-011
6734	8.1483e-011
6735	8.2134e-011
6736	7.9032e-011
6737	7.0911e-011
6738	7.5666e-011
6739	6.9394e-011
6740	7.2305e-011
6741	6.59e-011
6742	6.2978e-011
6743	6.1392e-011
6744	5.8595e-011
6745	5.7507e-011
6746	7.6949e-011
6747	9.8793e-011
6748	7.6472e-011
6749	6.1994e-011
6750	5.2192e-011
6751	6.5497e-011
6752	8.3559e-011
6753	6.2558e-011
6754	6.8551e-011
6755	6.9927e-011
6756	1.5557e-010
6757	4.8878e-010
6758	2.9982e-010
6759	1.3367e-009
6760	1.4887e-009
6761	3.6062e-010
6762	3.1887e-010
6763	6.7409e-011
6764	6.1206e-011
6765	5.8853e-011
6766	5.9135e-011
6767	6.0061e-011
6768	6.0639e-011
6769	6.0945e-011
6770	6.1763e-011
6771	6.2313e-011
6772	6.3141e-011
6773	6.4417e-011
6774	6.5311e-011
6775	6.697e-011
6776	6.8101e-011
6777	6.967e-011
6778	7.1141e-011
6779	7.2736e-011
6780	7.4429e-011
6781	7.5907e-011
6782	7.7957e-011
6783	7.9413e-011
6784	8.1581e-011
6785	8.3086e-011
6786	8.512e-011
6787	8.7309e-011
6788	8.861e-011
6789	9.1411e-011
6790	9.2614e-011
6791	9.5434e-011
6792	9.7378e-011
6793	9.9002e-011
6794	1.0196e-010
6795	1.0386e-010
6796	1.0599e-010
6797	1.0912e-010
6798	1.1121e-010
6799	1.1319e-010
6800	1.1619e-010
6801	1.1927e-010
6802	1.214e-010
6803	1.2399e-010
6804	1.2682e-010
6805	1.3007e-010
6806	1.3309e-010
6807	1.3592e-010
6808	1.3883e-010
6809	1.4181e-010
6810	1.4503e-010
6811	1.4829e-010
6812	1.5183e-010
6813	1.5534e-010
6814	1.5882e-010
6815	1.6244e-010
6816	1.6582e-010
6817	1.699e-010
6818	1.735e-010
6819	1.7779e-010
6820	1.8203e-010
6821	1.8677e-010
6822	1.9087e-010
6823	1.9431e-010
6824	1.9955e-010
6825	2.0491e-010
6826	2.0503e-010
6827	2.0025e-010
6828	1.9558e-010
6829	1.9295e-010
6830	1.8975e-010
6831	1.8551e-010
6832	1.8165e-010
6833	1.7663e-010
6834	1.7375e-010
6835	1.6946e-010
6836	1.6707e-010
6837	1.6358e-010
6838	1.6037e-010
6839	1.5745e-010
6840	1.5375e-010
6841	1.5e-010
6842	1.4815e-010
6843	1.4678e-010
6844	1.4437e-010
6845	1.4247e-010
6846	1.4283e-010
6847	1.3855e-010
6848	1.3688e-010
6849	1.3616e-010
6850	1.3612e-010
6851	1.3466e-010
6852	1.3251e-010
6853	1.2942e-010
6854	1.31e-010
6855	1.1868e-010
6856	1.1559e-010
6857	1.276e-010
6858	1.1754e-010
6859	1.1632e-010
6860	1.2958e-010
6861	1.302e-010
6862	1.2978e-010
6863	1.1186e-010
6864	1.1725e-010
6865	1.0887e-010
6866	1.0122e-010
6867	1.0088e-010
6868	9.4609e-011
6869	9.7611e-011
6870	9.1486e-011
6871	9.0551e-011
6872	8.4706e-011
6873	8.337e-011
6874	8.1609e-011
6875	7.9808e-011
6876	1.0023e-010
6877	1.1198e-010
6878	9.8973e-011
6879	8.1007e-011
6880	7.602e-011
6881	8.7455e-011
6882	9.8476e-011
6883	9.2625e-011
6884	8.3059e-011
6885	9.249e-011
6886	2.0915e-010
6887	4.714e-010
6888	2.847e-010
6889	1.5607e-009
6890	1.3828e-009
6891	3.8769e-010
6892	2.4017e-010
6893	4.1436e-011
6894	4.0994e-011
6895	4.8446e-011
6896	4.3922e-011
6897	4.3873e-011
6898	4.5615e-011
6899	4.5363e-011
6900	4.4917e-011
6901	4.5289e-011
6902	4.6232e-011
6903	4.6981e-011
6904	4.8493e-011
6905	4.8909e-011
6906	4.9887e-011
6907	5.0999e-011
6908	5.2294e-011
6909	5.3464e-011
6910	5.461e-011
6911	5.605e-011
6912	5.7034e-011
6913	5.8707e-011
6914	5.9681e-011
6915	6.1373e-011
6916	6.2467e-011
6917	6.3689e-011
6918	6.5921e-011
6919	6.6537e-011
6920	6.9042e-011
6921	6.9648e-011
6922	7.1321e-011
6923	7.3599e-011
6924	7.4369e-011
6925	7.6452e-011
6926	7.855e-011
6927	7.9522e-011
6928	8.1664e-011
6929	8.4203e-011
6930	8.544e-011
6931	8.6877e-011
6932	8.947e-011
6933	9.1719e-011
6934	9.3702e-011
6935	9.5321e-011
6936	9.7354e-011
6937	9.9864e-011
6938	1.022e-010
6939	1.0455e-010
6940	1.0682e-010
6941	1.0921e-010
6942	1.1159e-010
6943	1.1411e-010
6944	1.1667e-010
6945	1.1922e-010
6946	1.2224e-010
6947	1.2504e-010
6948	1.2821e-010
6949	1.3097e-010
6950	1.3358e-010
6951	1.3597e-010
6952	1.3989e-010
6953	1.4436e-010
6954	1.4725e-010
6955	1.4955e-010
6956	1.4993e-010
6957	1.4811e-010
6958	1.4573e-010
6959	1.413e-010
6960	1.3706e-010
6961	1.355e-010
6962	1.335e-010
6963	1.3126e-010
6964	1.2778e-010
6965	1.2524e-010
6966	1.217e-010
6967	1.1936e-010
6968	1.1702e-010
6969	1.147e-010
6970	1.1294e-010
6971	1.119e-010
6972	1.0975e-010
6973	1.0864e-010
6974	1.0588e-010
6975	1.0032e-010
6976	1.0142e-010
6977	1.066e-010
6978	1.0745e-010
6979	1.0404e-010
6980	9.1521e-011
6981	9.9915e-011
6982	1.1072e-010
6983	9.5266e-011
6984	8.9265e-011
6985	9.6429e-011
6986	8.6637e-011
6987	8.7374e-011
6988	1.0037e-010
6989	8.2616e-011
6990	9.2173e-011
6991	1.1783e-010
6992	9.0275e-011
6993	9.7326e-011
6994	8.149e-011
6995	8.2108e-011
6996	7.9001e-011
6997	7.0898e-011
6998	7.564e-011
6999	6.9383e-011
7000	7.2276e-011
7001	6.5877e-011
7002	6.2954e-011
7003	6.1374e-011
7004	5.8584e-011
7005	5.7498e-011
7006	7.6946e-011
7007	9.8755e-011
7008	7.647e-011
7009	6.1984e-011
7010	5.2191e-011
7011	6.5508e-011
7012	8.3571e-011
7013	6.256e-011
7014	6.8523e-011
7015	6.99e-011
7016	1.5555e-010
7017	4.8879e-010
7018	2.998e-010
7019	1.3366e-009
7020	1.4885e-009
7021	3.8769e-010
7022	2.4017e-010
7023	4.1436e-011
7024	4.0994e-011
7025	4.8446e-011
7026	4.3922e-011
7027	4.3873e-011
7028	4.5615e-011
7029	4.5363e-011
7030	4.4917e-011
7031	4.5289e-011
7032	4.6232e-011
7033	4.6981e-011
7034	4.8493e-011
7035	4.8909e-011
7036	4.9887e-011
7037	5.0999e-011
7038	5.2294e-011
7039	5.3464e-011
7040	5.461e-011
7041	5.605e-011
7042	5.7034e-011
7043	5.8707e-011
7044	5.9681e-011
7045	6.1373e-011
7046	6.2467e-011
7047	6.3689e-011
7048	6.5921e-011
7049	6.6537e-011
7050	6.9042e-011
7051	6.9648e-011
7052	7.1321e-011
7053	7.3599e-011
7054	7.4369e-011
7055	7.6452e-011
7056	7.8549e-011
7057	7.9523e-011
7058	8.1664e-011
7059	8.4203e-011
7060	8.544e-011
7061	8.6877e-011
7062	8.947e-011
7063	9.1719e-011
7064	9.3702e-011
7065	9.5322e-011
7066	9.7354e-011
7067	9.9864e-011
7068	1.022e-010
7069	1.0455e-010
7070	1.0682e-010
7071	1.0921e-010
7072	1.1159e-010
7073	1.1411e-010
7074	1.1667e-010
7075	1.1922e-010
7076	1.2224e-010
7077	1.2504e-010
7078	1.2821e-010
7079	1.3097e-010
7080	1.3358e-010
7081	1.3597e-010
7082	1.3989e-010
7083	1.4436e-010
7084	1.4725e-010
7085	1.4955e-010
7086	1.4993e-010
7087	1.4811e-010
7088	1.4573e-010
7089	1.413e-010
7090	1.3706e-010
7091	1.355e-010
7092	1.335e-010
7093	1.3126e-010
7094	1.2778e-010
7095	1.2524e-010
7096	1.217e-010
7097	1.1936e-010
7098	1.1697e-010
7099	1.1466e-010
7100	1.1349e-010
7101	1.1072e-010
7102	1.1025e-010
7103	1.0857e-010
7104	1.0585e-010
7105	1.0032e-010
7106	1.0142e-010
7107	1.0661e-010
7108	1.0743e-010
7109	1.0404e-010
7110	9.1521e-011
7111	9.9914e-011
7112	1.1072e-010
7113	9.5266e-011
7114	8.9265e-011
7115	9.6429e-011
7116	8.6637e-011
7117	8.7374e-011
7118	1.0037e-010
7119	8.2616e-011
7120	9.2173e-011
7121	1.1783e-010
7122	9.0275e-011
7123	9.7326e-011
7124	8.149e-011
7125	8.2108e-011
7126	7.9001e-011
7127	7.0898e-011
7128	7.564e-011
7129	6.9383e-011
7130	7.2276e-011
7131	6.5877e-011
7132	6.2954e-011
7133	6.1374e-011
7134	5.8584e-011
7135	5.7498e-011
7136	7.6946e-011
7137	9.8755e-011
7138	7.647e-011
7139	6.1984e-011
7140	5.2191e-011
7141	6.5508e-011
7142	8.3571e-011
7143	6.256e-011
7144	6.8523e-011
7145	6.99e-011
7146	1.5555e-010
7147	4.8879e-010
7148	2.998e-010
7149	1.3366e-009
7150	1.4885e-009
7151	3.6062e-010
7152	3.1887e-010
7153	6.7409e-011
7154	6.1206e-011
7155	5.8853e-011
7156	5.9135e-011
7157	6.0061e-011
7158	6.0639e-011
7159	6.0945e-011
7160	6.1763e-011
7161	6.2313e-011
7162	6.3141e-011
7163	6.4417e-011
7164	6.5311e-011
7165	6.697e-011
7166	6.8101e-011
7167	6.967e-011
7168	7.1141e-011
7169	7.2736e-011
7170	7.4429e-011
7171	7.5907e-011
7172	7.7957e-011
7173	7.9413e-011
7174	8.1581e-011
7175	8.3085e-011
7176	8.512e-011
7177	8.7309e-011
7178	8.861e-011
7179	9.1411e-011
7180	9.2614e-011
7181	9.5434e-011
7182	9.7378e-011
7183	9.9001e-011
7184	1.0196e-010
7185	1.0386e-010
7186	1.0599e-010
7187	1.0912e-010
7188	1.1121e-010
7189	1.1319e-010
7190	1.1619e-010
7191	1.1927e-010
7192	1.214e-010
7193	1.2399e-010
7194	1.2682e-010
7195	1.3007e-010
7196	1.3309e-010
7197	1.3592e-010
7198	1.3883e-010
7199	1.4181e-010
7200	1.4503e-010
7201	1.4829e-010
7202	1.5183e-010
7203	1.5534e-010
7204	1.5882e-010
7205	1.6244e-010
7206	1.6582e-010
7207	1.699e-010
7208	1.735e-010
7209	1.7779e-010
7210	1.8203e-010
7211	1.8677e-010
7212	1.9087e-010
7213	1.9431e-010
7214	1.9955e-010
7215	2.0491e-010
7216	2.0503e-010
7217	2.0025e-010
7218	1.9558e-010
7219	1.9295e-010
7220	1.8975e-010
7221	1.8551e-010
7222	1.8165e-010
7223	1.7663e-010
7224	1.7375e-010
7225	1.6946e-010
7226	1.6707e-010
7227	1.6356e-010
7228	1.6047e-010
7229	1.5731e-010
7230	1.5304e-010
7231	1.5095e-010
7232	1.4745e-010
7233	1.4659e-010
7234	1.4447e-010
7235	1.4246e-010
7236	1.4283e-010
7237	1.3854e-010
7238	1.3686e-010
7239	1.3614e-010
7240	1.3612e-010
7241	1.3465e-010
7242	1.3252e-010
7243	1.2941e-010
7244	1.31e-010
7245	1.1868e-010
7246	1.1559e-010
7247	1.276e-010
7248	1.1754e-010
7249	1.1632e-010
7250	1.2958e-010
7251	1.302e-010
7252	1.2978e-010
7253	1.1186e-010
7254	1.1725e-010
7255	1.0887e-010
7256	1.0122e-010
7257	1.0088e-010
7258	9.4609e-011
7259	9.7611e-011
7260	9.1486e-011
7261	9.0551e-011
7262	8.4706e-011
7263	8.337e-011
7264	8.1609e-011
7265	7.9808e-011
7266	1.0023e-010
7267	1.1198e-010
7268	9.8973e-011
7269	8.1007e-011
7270	7.602e-011
7271	8.7455e-011
7272	9.8476e-011
7273	9.2625e-011
7274	8.3059e-011
7275	9.249e-011
7276	2.0915e-010
7277	4.714e-010
7278	2.847e-010
7279	1.5607e-009
7280	1.3828e-009
7281	3.876e-010
7282	2.4013e-010
7283	4.1434e-011
7284	4.0996e-011
7285	4.8449e-011
7286	4.393e-011
7287	4.3876e-011
7288	4.5602e-011
7289	4.534e-011
7290	4.4895e-011
7291	4.528e-011
7292	4.6229e-011
7293	4.698e-011
7294	4.8488e-011
7295	4.8904e-011
7296	4.9882e-011
7297	5.0991e-011
7298	5.2284e-011
7299	5.3453e-011
7300	5.4608e-011
7301	5.6048e-011
7302	5.702e-011
7303	5.8688e-011
7304	5.9663e-011
7305	6.1361e-011
7306	6.2478e-011
7307	6.3698e-011
7308	6.5897e-011
7309	6.6524e-011
7310	6.9054e-011
7311	6.9681e-011
7312	7.1347e-011
7313	7.3583e-011
7314	7.4363e-011
7315	7.6464e-011
7316	7.855e-011
7317	7.9527e-011
7318	8.1667e-011
7319	8.4189e-011
7320	8.5424e-011
7321	8.6855e-011
7322	8.9457e-011
7323	9.1718e-011
7324	9.3656e-011
7325	9.5288e-011
7326	9.734e-011
7327	9.9825e-011
7328	1.022e-010
7329	1.0448e-010
7330	1.0689e-010
7331	1.092e-010
7332	1.1157e-010
7333	1.1412e-010
7334	1.1665e-010
7335	1.1918e-010
7336	1.2227e-010
7337	1.2507e-010
7338	1.2821e-010
7339	1.3099e-010
7340	1.3361e-010
7341	1.3596e-010
7342	1.3993e-010
7343	1.4431e-010
7344	1.4735e-010
7345	1.4947e-010
7346	1.5e-010
7347	1.4811e-010
7348	1.4573e-010
7349	1.4129e-010
7350	1.3703e-010
7351	1.3542e-010
7352	1.3345e-010
7353	1.3127e-010
7354	1.2775e-010
7355	1.2523e-010
7356	1.2171e-010
7357	1.1939e-010
7358	1.1696e-010
7359	1.1465e-010
7360	1.1336e-010
7361	1.1079e-010
7362	1.1009e-010
7363	1.0853e-010
7364	1.0586e-010
7365	1.0032e-010
7366	1.0144e-010
7367	1.0659e-010
7368	1.0742e-010
7369	1.0403e-010
7370	9.151e-011
7371	9.9888e-011
7372	1.1073e-010
7373	9.5264e-011
7374	8.9264e-011
7375	9.644e-011
7376	8.6637e-011
7377	8.7372e-011
7378	1.0041e-010
7379	8.2637e-011
7380	9.217e-011
7381	1.1786e-010
7382	9.0259e-011
7383	9.7349e-011
7384	8.1483e-011
7385	8.2134e-011
7386	7.9032e-011
7387	7.0911e-011
7388	7.5666e-011
7389	6.9394e-011
7390	7.2305e-011
7391	6.59e-011
7392	6.2978e-011
7393	6.1392e-011
7394	5.8595e-011
7395	5.7507e-011
7396	7.6949e-011
7397	9.8793e-011
7398	7.6472e-011
7399	6.1995e-011
7400	5.2192e-011
7401	6.5497e-011
7402	8.3559e-011
7403	6.2558e-011
7404	6.8551e-011
7405	6.9927e-011
7406	1.5557e-010
7407	4.8878e-010
7408	2.9982e-010
7409	1.3367e-009
7410	1.4887e-009
7411	3.8761e-010
7412	2.4012e-010
7413	4.142e-011
7414	4.0977e-011
7415	4.8425e-011
7416	4.3899e-011
7417	4.384e-011
7418	4.5562e-011
7419	4.5294e-011
7420	4.4842e-011
7421	4.5221e-011
7422	4.6178e-011
7423	4.6962e-011
7424	4.8498e-011
7425	4.89e-011
7426	4.9843e-011
7427	5.093e-011
7428	5.2212e-011
7429	5.3395e-011
7430	5.4586e-011
7431	5.6051e-011
7432	5.7029e-011
7433	5.87e-011
7434	5.9678e-011
7435	6.1364e-011
7436	6.2444e-011
7437	6.3654e-011
7438	6.5879e-011
7439	6.6519e-011
7440	6.9048e-011
7441	6.9663e-011
7442	7.1332e-011
7443	7.358e-011
7444	7.4337e-011
7445	7.6409e-011
7446	7.8492e-011
7447	7.9481e-011
7448	8.1626e-011
7449	8.4126e-011
7450	8.5325e-011
7451	8.6765e-011
7452	8.9384e-011
7453	9.1621e-011
7454	9.3557e-011
7455	9.5188e-011
7456	9.7253e-011
7457	9.9821e-011
7458	1.0215e-010
7459	1.0441e-010
7460	1.068e-010
7461	1.0912e-010
7462	1.1154e-010
7463	1.1406e-010
7464	1.1659e-010
7465	1.1915e-010
7466	1.2224e-010
7467	1.2504e-010
7468	1.2818e-010
7469	1.3103e-010
7470	1.3375e-010
7471	1.3605e-010
7472	1.3989e-010
7473	1.4436e-010
7474	1.474e-010
7475	1.4949e-010
7476	1.4996e-010
7477	1.482e-010
7478	1.4577e-010
7479	1.4123e-010
7480	1.3698e-010
7481	1.3538e-010
7482	1.3347e-010
7483	1.3135e-010
7484	1.2769e-010
7485	1.2526e-010
7486	1.217e-010
7487	1.1937e-010
7488	1.1685e-010
7489	1.1453e-010
7490	1.131e-010
7491	1.1104e-010
7492	1.0993e-010
7493	1.0861e-010
7494	1.059e-010
7495	1.0031e-010
7496	1.014e-010
7497	1.0651e-010
7498	1.0726e-010
7499	1.0402e-010
7500	9.1524e-011
7501	9.9897e-011
7502	1.1075e-010
7503	9.527e-011
7504	8.9268e-011
7505	9.6454e-011
7506	8.6683e-011
7507	8.745e-011
7508	1.0051e-010
7509	8.2756e-011
7510	9.2304e-011
7511	1.1801e-010
7512	9.04e-011
7513	9.7489e-011
7514	8.1616e-011
7515	8.2269e-011
7516	7.9153e-011
7517	7.1035e-011
7518	7.5825e-011
7519	6.9542e-011
7520	7.2437e-011
7521	6.6015e-011
7522	6.3081e-011
7523	6.149e-011
7524	5.869e-011
7525	5.7592e-011
7526	7.7009e-011
7527	9.8842e-011
7528	7.6535e-011
7529	6.208e-011
7530	5.227e-011
7531	6.556e-011
7532	8.3604e-011
7533	6.2603e-011
7534	6.8596e-011
7535	6.9966e-011
7536	1.5561e-010
7537	4.888e-010
7538	2.9986e-010
7539	1.3367e-009
7540	1.4887e-009
7541	3.6061e-010
7542	3.1887e-010
7543	6.7385e-011
7544	6.1164e-011
7545	5.8795e-011
7546	5.9069e-011
7547	5.9994e-011
7548	6.0579e-011
7549	6.0883e-011
7550	6.1682e-011
7551	6.2194e-011
7552	6.3033e-011
7553	6.4381e-011
7554	6.5334e-011
7555	6.6971e-011
7556	6.8027e-011
7557	6.9563e-011
7558	7.1047e-011
7559	7.2674e-011
7560	7.4422e-011
7561	7.5936e-011
7562	7.7993e-011
7563	7.9444e-011
7564	8.1604e-011
7565	8.3099e-011
7566	8.5127e-011
7567	8.7295e-011
7568	8.8574e-011
7569	9.1388e-011
7570	9.2613e-011
7571	9.5425e-011
7572	9.7372e-011
7573	9.9013e-011
7574	1.0192e-010
7575	1.0377e-010
7576	1.0592e-010
7577	1.091e-010
7578	1.1121e-010
7579	1.1316e-010
7580	1.1606e-010
7581	1.1913e-010
7582	1.2132e-010
7583	1.2387e-010
7584	1.2664e-010
7585	1.2981e-010
7586	1.329e-010
7587	1.3592e-010
7588	1.3881e-010
7589	1.4173e-010
7590	1.4494e-010
7591	1.4823e-010
7592	1.5175e-010
7593	1.5527e-010
7594	1.5867e-010
7595	1.6231e-010
7596	1.6585e-010
7597	1.6989e-010
7598	1.7349e-010
7599	1.779e-010
7600	1.8231e-010
7601	1.8692e-010
7602	1.9079e-010
7603	1.9441e-010
7604	1.996e-010
7605	2.0487e-010
7606	2.0507e-010
7607	2.0046e-010
7608	1.9564e-010
7609	1.9284e-010
7610	1.8966e-010
7611	1.8544e-010
7612	1.8158e-010
7613	1.7671e-010
7614	1.7381e-010
7615	1.6941e-010
7616	1.6717e-010
7617	1.6353e-010
7618	1.6025e-010
7619	1.5701e-010
7620	1.5315e-010
7621	1.5031e-010
7622	1.4776e-010
7623	1.4665e-010
7624	1.4449e-010
7625	1.425e-010
7626	1.4276e-010
7627	1.3839e-010
7628	1.3674e-010
7629	1.3612e-010
7630	1.3615e-010
7631	1.3468e-010
7632	1.3254e-010
7633	1.294e-010
7634	1.3098e-010
7635	1.1869e-010
7636	1.1567e-010
7637	1.2773e-010
7638	1.1772e-010
7639	1.1654e-010
7640	1.2982e-010
7641	1.3046e-010
7642	1.3002e-010
7643	1.1212e-010
7644	1.1749e-010
7645	1.0917e-010
7646	1.0144e-010
7647	1.0113e-010
7648	9.4919e-011
7649	9.7899e-011
7650	9.175e-011
7651	9.0773e-011
7652	8.4927e-011
7653	8.3563e-011
7654	8.1769e-011
7655	7.994e-011
7656	1.0033e-010
7657	1.1208e-010
7658	9.9078e-011
7659	8.1127e-011
7660	7.6142e-011
7661	8.7547e-011
7662	9.8544e-011
7663	9.2697e-011
7664	8.3139e-011
7665	9.2571e-011
7666	2.0924e-010
7667	4.7147e-010
7668	2.8481e-010
7669	1.5609e-009
7670	1.3829e-009
7671	3.8761e-010
7672	2.4012e-010
7673	4.142e-011
7674	4.0977e-011
7675	4.8425e-011
7676	4.3899e-011
7677	4.384e-011
7678	4.5562e-011
7679	4.5294e-011
7680	4.4842e-011
7681	4.5221e-011
7682	4.6178e-011
7683	4.6962e-011
7684	4.8498e-011
7685	4.89e-011
7686	4.9843e-011
7687	5.093e-011
7688	5.2212e-011
7689	5.3395e-011
7690	5.4586e-011
7691	5.6051e-011
7692	5.7028e-011
7693	5.87e-011
7694	5.9678e-011
7695	6.1364e-011
7696	6.2444e-011
7697	6.3654e-011
7698	6.5879e-011
7699	6.6519e-011
7700	6.9048e-011
7701	6.9663e-011
7702	7.1332e-011
7703	7.358e-011
7704	7.4337e-011
7705	7.6409e-011
7706	7.8492e-011
7707	7.9481e-011
7708	8.1626e-011
7709	8.4126e-011
7710	8.5325e-011
7711	8.6765e-011
7712	8.9384e-011
7713	9.1621e-011
7714	9.3557e-011
7715	9.5187e-011
7716	9.7253e-011
7717	9.9821e-011
7718	1.0215e-010
7719	1.0441e-010
7720	1.068e-010
7721	1.0912e-010
7722	1.1154e-010
7723	1.1406e-010
7724	1.1659e-010
7725	1.1915e-010
7726	1.2224e-010
7727	1.2504e-010
7728	1.2818e-010
7729	1.3103e-010
7730	1.3375e-010
7731	1.3605e-010
7732	1.3989e-010
7733	1.4436e-010
7734	1.474e-010
7735	1.4949e-010
7736	1.4996e-010
7737	1.482e-010
7738	1.4576e-010
7739	1.4123e-010
7740	1.3698e-010
7741	1.3538e-010
7742	1.3347e-010
7743	1.3135e-010
7744	1.2769e-010
7745	1.2526e-010
7746	1.217e-010
7747	1.1937e-010
7748	1.1684e-010
7749	1.1457e-010
7750	1.1303e-010
7751	1.1111e-010
7752	1.0986e-010
7753	1.0865e-010
7754	1.0588e-010
7755	1.0032e-010
7756	1.0138e-010
7757	1.0653e-010
7758	1.0743e-010
7759	1.0405e-010
7760	9.1506e-011
7761	9.9899e-011
7762	1.1074e-010
7763	9.5268e-011
7764	8.9269e-011
7765	9.6454e-011
7766	8.6683e-011
7767	8.745e-011
7768	1.0051e-010
7769	8.2756e-011
7770	9.2304e-011
7771	1.1801e-010
7772	9.04e-011
7773	9.7489e-011
7774	8.1616e-011
7775	8.2269e-011
7776	7.9153e-011
7777	7.1035e-011
7778	7.5825e-011
7779	6.9542e-011
7780	7.2437e-011
7781	6.6015e-011
7782	6.3081e-011
7783	6.149e-011
7784	5.869e-011
7785	5.7592e-011
7786	7.7009e-011
7787	9.8842e-011
7788	7.6535e-011
7789	6.208e-011
7790	5.227e-011
7791	6.556e-011
7792	8.3605e-011
7793	6.2603e-011
7794	6.8596e-011
7795	6.9966e-011
7796	1.5561e-010
7797	4.888e-010
7798	2.9986e-010
7799	1.3367e-009
7800	1.4887e-009
7801	3.876e-010
7802	2.4013e-010
7803	4.1434e-011
7804	4.0996e-011
7805	4.8449e-011
7806	4.393e-011
7807	4.3876e-011
7808	4.5602e-011
7809	4.534e-011
7810	4.4895e-011
7811	4.528e-011
7812	4.6229e-011
7813	4.698e-011
7814	4.8488e-011
7815	4.8904e-011
7816	4.9882e-011
7817	5.0991e-011
7818	5.2284e-011
7819	5.3453e-011
7820	5.4608e-011
7821	5.6048e-011
7822	5.702e-011
7823	5.8688e-011
7824	5.9663e-011
7825	6.136e-011
7826	6.2478e-011
7827	6.3698e-011
7828	6.5897e-011
7829	6.6524e-011
7830	6.9054e-011
7831	6.9681e-011
7832	7.1348e-011
7833	7.3583e-011
7834	7.4363e-011
7835	7.6464e-011
7836	7.855e-011
7837	7.9527e-011
7838	8.1668e-011
7839	8.4189e-011
7840	8.5423e-011
7841	8.6855e-011
7842	8.9457e-011
7843	9.1718e-011
7844	9.3656e-011
7845	9.5287e-011
7846	9.734e-011
7847	9.9825e-011
7848	1.022e-010
7849	1.0448e-010
7850	1.0689e-010
7851	1.092e-010
7852	1.1157e-010
7853	1.1412e-010
7854	1.1665e-010
7855	1.1918e-010
7856	1.2227e-010
7857	1.2507e-010
7858	1.2821e-010
7859	1.3099e-010
7860	1.3361e-010
7861	1.3596e-010
7862	1.3993e-010
7863	1.4431e-010
7864	1.4735e-010
7865	1.4947e-010
7866	1.5e-010
7867	1.4811e-010
7868	1.4573e-010
7869	1.4129e-010
7870	1.3703e-010
7871	1.3542e-010
7872	1.3345e-010
7873	1.3127e-010
7874	1.2775e-010
7875	1.2523e-010
7876	1.2171e-010
7877	1.1938e-010
7878	1.1697e-010
7879	1.1472e-010
7880	1.1314e-010
7881	1.1113e-010
7882	1.0987e-010
7883	1.0859e-010
7884	1.0585e-010
7885	1.0035e-010
7886	1.0149e-010
7887	1.0628e-010
7888	1.0781e-010
7889	1.0375e-010
7890	9.1548e-011
7891	9.9962e-011
7892	1.1073e-010
7893	9.5302e-011
7894	8.926e-011
7895	9.6437e-011
7896	8.6637e-011
7897	8.7371e-011
7898	1.0041e-010
7899	8.2637e-011
7900	9.217e-011
7901	1.1786e-010
7902	9.0259e-011
7903	9.7349e-011
7904	8.1483e-011
7905	8.2134e-011
7906	7.9032e-011
7907	7.091e-011
7908	7.5666e-011
7909	6.9394e-011
7910	7.2305e-011
7911	6.59e-011
7912	6.2978e-011
7913	6.1392e-011
7914	5.8595e-011
7915	5.7507e-011
7916	7.6949e-011
7917	9.8793e-011
7918	7.6471e-011
7919	6.1994e-011
7920	5.2192e-011
7921	6.5497e-011
7922	8.3559e-011
7923	6.2558e-011
7924	6.8551e-011
7925	6.9927e-011
7926	1.5557e-010
7927	4.8878e-010
7928	2.9982e-010
7929	1.3367e-009
7930	1.4887e-009
7931	3.6062e-010
7932	3.1887e-010
7933	6.7409e-011
7934	6.1206e-011
7935	5.8853e-011
7936	5.9135e-011
7937	6.0061e-011
7938	6.0639e-011
7939	6.0945e-011
7940	6.1763e-011
7941	6.2313e-011
7942	6.3141e-011
7943	6.4417e-011
7944	6.5311e-011
7945	6.6969e-011
7946	6.8101e-011
7947	6.967e-011
7948	7.1141e-011
7949	7.2736e-011
7950	7.4429e-011
7951	7.5907e-011
7952	7.7957e-011
7953	7.9413e-011
7954	8.1581e-011
7955	8.3085e-011
7956	8.512e-011
7957	8.7309e-011
7958	8.861e-011
7959	9.1411e-011
7960	9.2614e-011
7961	9.5434e-011
7962	9.7378e-011
7963	9.9001e-011
7964	1.0196e-010
7965	1.0386e-010
7966	1.0599e-010
7967	1.0912e-010
7968	1.1121e-010
7969	1.1319e-010
7970	1.1619e-010
7971	1.1927e-010
7972	1.214e-010
7973	1.2399e-010
7974	1.2682e-010
7975	1.3007e-010
7976	1.3309e-010
7977	1.3592e-010
7978	1.3883e-010
7979	1.4181e-010
7980	1.4503e-010
7981	1.4829e-010
7982	1.5183e-010
7983	1.5534e-010
7984	1.5882e-010
7985	1.6244e-010
7986	1.6582e-010
7987	1.699e-010
7988	1.735e-010
7989	1.7779e-010
7990	1.8203e-010
7991	1.8677e-010
7992	1.9087e-010
7993	1.9431e-010
7994	1.9955e-010
7995	2.0491e-010
7996	2.0503e-010
7997	2.0026e-010
7998	1.9558e-010
7999	1.9295e-010
8000	1.8975e-010
8001	1.8551e-010
8002	1.8165e-010
8003	1.7663e-010
8004	1.7375e-010
8005	1.6946e-010
8006	1.6707e-010
8007	1.6357e-010
8008	1.6043e-010
8009	1.5728e-010
8010	1.5335e-010
8011	1.504e-010
8012	1.4772e-010
8013	1.4657e-010
8014	1.4444e-010
8015	1.424e-010
8016	1.4282e-010
8017	1.389e-010
8018	1.3618e-010
8019	1.3645e-010
8020	1.361e-010
8021	1.3463e-010
8022	1.3264e-010
8023	1.2941e-010
8024	1.31e-010
8025	1.1868e-010
8026	1.1559e-010
8027	1.276e-010
8028	1.1754e-010
8029	1.1632e-010
8030	1.2958e-010
8031	1.302e-010
8032	1.2978e-010
8033	1.1186e-010
8034	1.1725e-010
8035	1.0887e-010
8036	1.0122e-010
8037	1.0088e-010
8038	9.4609e-011
8039	9.761e-011
8040	9.1486e-011
8041	9.0551e-011
8042	8.4706e-011
8043	8.337e-011
8044	8.1608e-011
8045	7.9808e-011
8046	1.0023e-010
8047	1.1198e-010
8048	9.8973e-011
8049	8.1007e-011
8050	7.602e-011
8051	8.7455e-011
8052	9.8476e-011
8053	9.2625e-011
8054	8.3059e-011
8055	9.249e-011
8056	2.0915e-010
8057	4.714e-010
8058	2.847e-010
8059	1.5607e-009
8060	1.3828e-009
8061	3.8769e-010
8062	2.4017e-010
8063	4.1436e-011
8064	4.0994e-011
8065	4.8446e-011
8066	4.3922e-011
8067	4.3873e-011
8068	4.5615e-011
8069	4.5363e-011
8070	4.4917e-011
8071	4.5289e-011
8072	4.6232e-011
8073	4.6981e-011
8074	4.8493e-011
8075	4.8909e-011
8076	4.9887e-011
8077	5.0999e-011
8078	5.2294e-011
8079	5.3464e-011
8080	5.461e-011
8081	5.605e-011
8082	5.7034e-011
8083	5.8707e-011
8084	5.9681e-011
8085	6.1373e-011
8086	6.2467e-011
8087	6.3689e-011
8088	6.5921e-011
8089	6.6538e-011
8090	6.9042e-011
8091	6.9648e-011
8092	7.132e-011
8093	7.3599e-011
8094	7.4369e-011
8095	7.6452e-011
8096	7.8549e-011
8097	7.9522e-011
8098	8.1664e-011
8099	8.4203e-011
8100	8.544e-011
8101	8.6877e-011
8102	8.947e-011
8103	9.1718e-011
8104	9.3702e-011
8105	9.5321e-011
8106	9.7355e-011
8107	9.9864e-011
8108	1.022e-010
8109	1.0455e-010
8110	1.0682e-010
8111	1.0921e-010
8112	1.1159e-010
8113	1.1411e-010
8114	1.1667e-010
8115	1.1922e-010
8116	1.2224e-010
8117	1.2504e-010
8118	1.2821e-010
8119	1.3097e-010
8120	1.3358e-010
8121	1.3597e-010
8122	1.3989e-010
8123	1.4436e-010
8124	1.4725e-010
8125	1.4955e-010
8126	1.4993e-010
8127	1.4811e-010
8128	1.4573e-010
8129	1.413e-010
8130	1.3706e-010
8131	1.355e-010
8132	1.335e-010
8133	1.3126e-010
8134	1.2778e-010
8135	1.2524e-010
8136	1.217e-010
8137	1.1936e-010
8138	1.1699e-010
8139	1.147e-010
8140	1.1314e-010
8141	1.1113e-010
8142	1.099e-010
8143	1.086e-010
8144	1.0585e-010
8145	1.0032e-010
8146	1.0163e-010
8147	1.0602e-010
8148	1.0805e-010
8149	1.0346e-010
8150	9.1667e-011
8151	1.0011e-010
8152	1.1073e-010
8153	9.5428e-011
8154	8.9259e-011
8155	9.6415e-011
8156	8.6636e-011
8157	8.7374e-011
8158	1.0038e-010
8159	8.2616e-011
8160	9.2173e-011
8161	1.1783e-010
8162	9.0275e-011
8163	9.7326e-011
8164	8.149e-011
8165	8.2107e-011
8166	7.9001e-011
8167	7.0898e-011
8168	7.564e-011
8169	6.9383e-011
8170	7.2276e-011
8171	6.5877e-011
8172	6.2954e-011
8173	6.1374e-011
8174	5.8584e-011
8175	5.7498e-011
8176	7.6946e-011
8177	9.8755e-011
8178	7.647e-011
8179	6.1984e-011
8180	5.2191e-011
8181	6.5508e-011
8182	8.357e-011
8183	6.256e-011
8184	6.8523e-011
8185	6.99e-011
8186	1.5555e-010
8187	4.8879e-010
8188	2.998e-010
8189	1.3366e-009
8190	1.4885e-009
8191	3.8769e-010
8192	2.4017e-010
8193	4.1436e-011
8194	4.0994e-011
8195	4.8446e-011
8196	4.3922e-011
8197	4.3873e-011
8198	4.5615e-011
8199	4.5363e-011
8200	4.4917e-011
8201	4.5289e-011
8202	4.6232e-011
8203	4.6981e-011
8204	4.8493e-011
8205	4.8909e-011
8206	4.9887e-011
8207	5.0999e-011
8208	5.2294e-011
8209	5.3464e-011
8210	5.461e-011
8211	5.605e-011
8212	5.7034e-011
8213	5.8707e-011
8214	5.9681e-011
8215	6.1373e-011
8216	6.2466e-011
8217	6.3689e-011
8218	6.5921e-011
8219	6.6538e-011
8220	6.9042e-011
8221	6.9648e-011
8222	7.132e-011
8223	7.3599e-011
8224	7.4369e-011
8225	7.6452e-011
8226	7.855e-011
8227	7.9522e-011
8228	8.1664e-011
8229	8.4204e-011
8230	8.544e-011
8231	8.6877e-011
8232	8.947e-011
8233	9.1719e-011
8234	9.3702e-011
8235	9.5322e-011
8236	9.7355e-011
8237	9.9864e-011
8238	1.022e-010
8239	1.0455e-010
8240	1.0682e-010
8241	1.0921e-010
8242	1.1159e-010
8243	1.1411e-010
8244	1.1667e-010
8245	1.1922e-010
8246	1.2224e-010
8247	1.2504e-010
8248	1.2821e-010
8249	1.3097e-010
8250	1.3358e-010
8251	1.3597e-010
8252	1.3989e-010
8253	1.4436e-010
8254	1.4725e-010
8255	1.4955e-010
8256	1.4993e-010
8257	1.4811e-010
8258	1.4573e-010
8259	1.413e-010
8260	1.3706e-010
8261	1.355e-010
8262	1.335e-010
8263	1.3126e-010
8264	1.2778e-010
8265	1.2524e-010
8266	1.217e-010
8267	1.1936e-010
8268	1.1699e-010
8269	1.147e-010
8270	1.1314e-010
8271	1.1113e-010
8272	1.099e-010
8273	1.086e-010
8274	1.0584e-010
8275	1.0034e-010
8276	1.0158e-010
8277	1.0622e-010
8278	1.0785e-010
8279	1.0361e-010
8280	9.1688e-011
8281	9.9969e-011
8282	1.1085e-010
8283	9.5275e-011
8284	8.9343e-011
8285	9.6389e-011
8286	8.6641e-011
8287	8.7373e-011
8288	1.0038e-010
8289	8.2616e-011
8290	9.2173e-011
8291	1.1783e-010
8292	9.0275e-011
8293	9.7326e-011
8294	8.149e-011
8295	8.2107e-011
8296	7.9001e-011
8297	7.0898e-011
8298	7.564e-011
8299	6.9383e-011
8300	7.2276e-011
8301	6.5877e-011
8302	6.2954e-011
8303	6.1374e-011
8304	5.8584e-011
8305	5.7498e-011
8306	7.6946e-011
8307	9.8755e-011
8308	7.647e-011
8309	6.1984e-011
8310	5.2191e-011
8311	6.5508e-011
8312	8.357e-011
8313	6.256e-011
8314	6.8523e-011
8315	6.99e-011
8316	1.5555e-010
8317	4.8879e-010
8318	2.998e-010
8319	1.3366e-009
8320	1.4885e-009
8321	3.6062e-010
8322	3.1887e-010
8323	6.7409e-011
8324	6.1206e-011
8325	5.8853e-011
8326	5.9135e-011
8327	6.0061e-011
8328	6.0639e-011
8329	6.0945e-011
8330	6.1763e-011
8331	6.2313e-011
8332	6.3141e-011
8333	6.4417e-011
8334	6.5311e-011
8335	6.697e-011
8336	6.8101e-011
8337	6.967e-011
8338	7.1141e-011
8339	7.2736e-011
8340	7.4429e-011
8341	7.5907e-011
8342	7.7957e-011
8343	7.9413e-011
8344	8.1581e-011
8345	8.3085e-011
8346	8.512e-011
8347	8.7309e-011
8348	8.861e-011
8349	9.1411e-011
8350	9.2614e-011
8351	9.5434e-011
8352	9.7378e-011
8353	9.9001e-011
8354	1.0196e-010
8355	1.0386e-010
8356	1.0599e-010
8357	1.0912e-010
8358	1.1121e-010
8359	1.1319e-010
8360	1.1619e-010
8361	1.1928e-010
8362	1.214e-010
8363	1.2399e-010
8364	1.2682e-010
8365	1.3007e-010
8366	1.3309e-010
8367	1.3592e-010
8368	1.3883e-010
8369	1.4181e-010
8370	1.4503e-010
8371	1.4829e-010
8372	1.5183e-010
8373	1.5534e-010
8374	1.5882e-010
8375	1.6244e-010
8376	1.6582e-010
8377	1.699e-010
8378	1.735e-010
8379	1.7779e-010
8380	1.8203e-010
8381	1.8677e-010
8382	1.9087e-010
8383	1.9431e-010
8384	1.9955e-010
8385	2.0491e-010
8386	2.0503e-010
8387	2.0026e-010
8388	1.9558e-010
8389	1.9295e-010
8390	1.8975e-010
8391	1.8551e-010
8392	1.8165e-010
8393	1.7663e-010
8394	1.7375e-010
8395	1.6946e-010
8396	1.6707e-010
8397	1.6357e-010
8398	1.6043e-010
8399	1.5728e-010
8400	1.5335e-010
8401	1.504e-010
8402	1.4772e-010
8403	1.4657e-010
8404	1.4444e-010
8405	1.4236e-010
8406	1.4295e-010
8407	1.3885e-010
8408	1.3592e-010
8409	1.3635e-010
8410	1.3617e-010
8411	1.347e-010
8412	1.3266e-010
8413	1.2952e-010
8414	1.3097e-010
8415	1.1868e-010
8416	1.1559e-010
8417	1.276e-010
8418	1.1754e-010
8419	1.1632e-010
8420	1.2958e-010
8421	1.302e-010
8422	1.2978e-010
8423	1.1186e-010
8424	1.1725e-010
8425	1.0887e-010
8426	1.0122e-010
8427	1.0088e-010
8428	9.4609e-011
8429	9.761e-011
8430	9.1486e-011
8431	9.0551e-011
8432	8.4706e-011
8433	8.337e-011
8434	8.1609e-011
8435	7.9808e-011
8436	1.0023e-010
8437	1.1198e-010
8438	9.8973e-011
8439	8.1007e-011
8440	7.602e-011
8441	8.7455e-011
8442	9.8476e-011
8443	9.2625e-011
8444	8.3058e-011
8445	9.249e-011
8446	2.0915e-010
8447	4.714e-010
8448	2.847e-010
8449	1.5607e-009
8450	1.3828e-009
8451	3.876e-010
8452	2.4013e-010
8453	4.1434e-011
8454	4.0996e-011
8455	4.8449e-011
8456	4.393e-011
8457	4.3876e-011
8458	4.5602e-011
8459	4.534e-011
8460	4.4895e-011
8461	4.528e-011
8462	4.6229e-011
8463	4.698e-011
8464	4.8488e-011
8465	4.8904e-011
8466	4.9882e-011
8467	5.0991e-011
8468	5.2284e-011
8469	5.3453e-011
8470	5.4608e-011
8471	5.6048e-011
8472	5.702e-011
8473	5.8688e-011
8474	5.9663e-011
8475	6.136e-011
8476	6.2478e-011
8477	6.3698e-011
8478	6.5897e-011
8479	6.6524e-011
8480	6.9054e-011
8481	6.9681e-011
8482	7.1348e-011
8483	7.3583e-011
8484	7.4363e-011
8485	7.6465e-011
8486	7.855e-011
8487	7.9527e-011
8488	8.1668e-011
8489	8.419e-011
8490	8.5424e-011
8491	8.6855e-011
8492	8.9457e-011
8493	9.1719e-011
8494	9.3657e-011
8495	9.5288e-011
8496	9.734e-011
8497	9.9825e-011
8498	1.022e-010
8499	1.0448e-010
8500	1.0689e-010
8501	1.092e-010
8502	1.1157e-010
8503	1.1412e-010
8504	1.1665e-010
8505	1.1918e-010
8506	1.2227e-010
8507	1.2507e-010
8508	1.2821e-010
8509	1.3099e-010
8510	1.3361e-010
8511	1.3596e-010
8512	1.3993e-010
8513	1.4431e-010
8514	1.4735e-010
8515	1.4947e-010
8516	1.5e-010
8517	1.4811e-010
8518	1.4573e-010
8519	1.4129e-010
8520	1.3703e-010
8521	1.3542e-010
8522	1.3345e-010
8523	1.3127e-010
8524	1.2775e-010
8525	1.2523e-010
8526	1.2171e-010
8527	1.1938e-010
8528	1.1697e-010
8529	1.1472e-010
8530	1.1314e-010
8531	1.1113e-010
8532	1.0987e-010
8533	1.086e-010
8534	1.0584e-010
8535	1.0037e-010
8536	1.0152e-010
8537	1.0613e-010
8538	1.0759e-010
8539	1.0357e-010
8540	9.153e-011
8541	1.0002e-010
8542	1.1073e-010
8543	9.5331e-011
8544	8.9249e-011
8545	9.6435e-011
8546	8.6636e-011
8547	8.7372e-011
8548	1.0041e-010
8549	8.2637e-011
8550	9.217e-011
8551	1.1785e-010
8552	9.0259e-011
8553	9.7349e-011
8554	8.1483e-011
8555	8.2134e-011
8556	7.9032e-011
8557	7.0911e-011
8558	7.5666e-011
8559	6.9394e-011
8560	7.2305e-011
8561	6.59e-011
8562	6.2978e-011
8563	6.1392e-011
8564	5.8595e-011
8565	5.7507e-011
8566	7.6949e-011
8567	9.8793e-011
8568	7.6471e-011
8569	6.1994e-011
8570	5.2192e-011
8571	6.5497e-011
8572	8.3559e-011
8573	6.2558e-011
8574	6.8551e-011
8575	6.9926e-011
8576	1.5557e-010
8577	4.8878e-010
8578	2.9982e-010
8579	1.3367e-009
8580	1.4887e-009
8581	3.8761e-010
8582	2.4012e-010
8583	4.142e-011
8584	4.0977e-011
8585	4.8425e-011
8586	4.3899e-011
8587	4.384e-011
8588	4.5562e-011
8589	4.5294e-011
8590	4.4842e-011
8591	4.5221e-011
8592	4.6178e-011
8593	4.6962e-011
8594	4.8498e-011
8595	4.89e-011
8596	4.9843e-011
8597	5.093e-011
8598	5.2212e-011
8599	5.3395e-011
8600	5.4586e-011
8601	5.6051e-011
8602	5.7029e-011
8603	5.87e-011
8604	5.9679e-011
8605	6.1364e-011
8606	6.2444e-011
8607	6.3654e-011
8608	6.5879e-011
8609	6.6519e-011
8610	6.9048e-011
8611	6.9663e-011
8612	7.1332e-011
8613	7.358e-011
8614	7.4337e-011
8615	7.6409e-011
8616	7.8493e-011
8617	7.948e-011
8618	8.1622e-011
8619	8.4153e-011
8620	8.532e-011
8621	8.6764e-011
8622	8.9385e-011
8623	9.1621e-011
8624	9.3557e-011
8625	9.5187e-011
8626	9.7253e-011
8627	9.9821e-011
8628	1.0215e-010
8629	1.0441e-010
8630	1.068e-010
8631	1.0912e-010
8632	1.1154e-010
8633	1.1406e-010
8634	1.1659e-010
8635	1.1915e-010
8636	1.2224e-010
8637	1.2504e-010
8638	1.2818e-010
8639	1.3103e-010
8640	1.3375e-010
8641	1.3605e-010
8642	1.3989e-010
8643	1.4436e-010
8644	1.474e-010
8645	1.4949e-010
8646	1.4996e-010
8647	1.482e-010
8648	1.4576e-010
8649	1.4124e-010
8650	1.3698e-010
8651	1.3538e-010
8652	1.3347e-010
8653	1.3135e-010
8654	1.2769e-010
8655	1.2526e-010
8656	1.217e-010
8657	1.1937e-010
8658	1.1684e-010
8659	1.1457e-010
8660	1.1305e-010
8661	1.111e-010
8662	1.0988e-010
8663	1.0864e-010
8664	1.0589e-010
8665	1.0027e-010
8666	1.0137e-010
8667	1.0637e-010
8668	1.0433e-010
8669	1.0372e-010
8670	9.1511e-011
8671	9.9856e-011
8672	1.1068e-010
8673	9.5279e-011
8674	8.9262e-011
8675	9.6446e-011
8676	8.6683e-011
8677	8.745e-011
8678	1.0051e-010
8679	8.2755e-011
8680	9.2304e-011
8681	1.1801e-010
8682	9.04e-011
8683	9.7489e-011
8684	8.1616e-011
8685	8.2268e-011
8686	7.9153e-011
8687	7.1035e-011
8688	7.5825e-011
8689	6.9542e-011
8690	7.2437e-011
8691	6.6015e-011
8692	6.3081e-011
8693	6.149e-011
8694	5.869e-011
8695	5.7592e-011
8696	7.7009e-011
8697	9.8842e-011
8698	7.6535e-011
8699	6.208e-011
8700	5.227e-011
8701	6.556e-011
8702	8.3604e-011
8703	6.2603e-011
8704	6.8596e-011
8705	6.9966e-011
8706	1.5561e-010
8707	4.888e-010
8708	2.9986e-010
8709	1.3367e-009
8710	1.4887e-009
8711	3.6061e-010
8712	3.1887e-010
8713	6.7385e-011
8714	6.1164e-011
8715	5.8795e-011
8716	5.9069e-011
8717	5.9994e-011
8718	6.0579e-011
8719	6.0883e-011
8720	6.1682e-011
8721	6.2194e-011
8722	6.3033e-011
8723	6.4381e-011
8724	6.5334e-011
8725	6.6971e-011
8726	6.8027e-011
8727	6.9563e-011
8728	7.1047e-011
8729	7.2674e-011
8730	7.4422e-011
8731	7.5936e-011
8732	7.7993e-011
8733	7.9444e-011
8734	8.1604e-011
8735	8.3099e-011
8736	8.5127e-011
8737	8.7295e-011
8738	8.8574e-011
8739	9.1388e-011
8740	9.2613e-011
8741	9.5425e-011
8742	9.7372e-011
8743	9.9013e-011
8744	1.0192e-010
8745	1.0377e-010
8746	1.0592e-010
8747	1.0909e-010
8748	1.1124e-010
8749	1.131e-010
8750	1.1609e-010
8751	1.1913e-010
8752	1.2132e-010
8753	1.2387e-010
8754	1.2664e-010
8755	1.2981e-010
8756	1.329e-010
8757	1.3592e-010
8758	1.3881e-010
8759	1.4173e-010
8760	1.4494e-010
8761	1.4823e-010
8762	1.5175e-010
8763	1.5527e-010
8764	1.5867e-010
8765	1.6231e-010
8766	1.6585e-010
8767	1.6989e-010
8768	1.7349e-010
8769	1.779e-010
8770	1.8231e-010
8771	1.8692e-010
8772	1.9079e-010
8773	1.9441e-010
8774	1.996e-010
8775	2.0487e-010
8776	2.0507e-010
8777	2.0046e-010
8778	1.9564e-010
8779	1.9284e-010
8780	1.8966e-010
8781	1.8544e-010
8782	1.8158e-010
8783	1.7671e-010
8784	1.7381e-010
8785	1.6941e-010
8786	1.6717e-010
8787	1.6353e-010
8788	1.6025e-010
8789	1.57e-010
8790	1.5317e-010
8791	1.5032e-010
8792	1.4779e-010
8793	1.4665e-010
8794	1.4449e-010
8795	1.4258e-010
8796	1.4225e-010
8797	1.3644e-010
8798	1.3598e-010
8799	1.3397e-010
8800	1.3572e-010
8801	1.3473e-010
8802	1.3244e-010
8803	1.2942e-010
8804	1.3097e-010
8805	1.1868e-010
8806	1.1566e-010
8807	1.2773e-010
8808	1.1772e-010
8809	1.1654e-010
8810	1.2983e-010
8811	1.3046e-010
8812	1.3002e-010
8813	1.1212e-010
8814	1.1749e-010
8815	1.0917e-010
8816	1.0144e-010
8817	1.0113e-010
8818	9.4919e-011
8819	9.7899e-011
8820	9.175e-011
8821	9.0773e-011
8822	8.4926e-011
8823	8.3563e-011
8824	8.1769e-011
8825	7.994e-011
8826	1.0033e-010
8827	1.1208e-010
8828	9.9077e-011
8829	8.1127e-011
8830	7.6142e-011
8831	8.7547e-011
8832	9.8545e-011
8833	9.2697e-011
8834	8.3139e-011
8835	9.2571e-011
8836	2.0924e-010
8837	4.7147e-010
8838	2.8481e-010
8839	1.5609e-009
8840	1.3829e-009
8841	3.8761e-010
8842	2.4012e-010
8843	4.142e-011
8844	4.0977e-011
8845	4.8425e-011
8846	4.3899e-011
8847	4.384e-011
8848	4.5562e-011
8849	4.5294e-011
8850	4.4842e-011
8851	4.5221e-011
8852	4.6178e-011
8853	4.6962e-011
8854	4.8498e-011
8855	4.89e-011
8856	4.9843e-011
8857	5.093e-011
8858	5.2212e-011
8859	5.3395e-011
8860	5.4586e-011
8861	5.6051e-011
8862	5.7028e-011
8863	5.87e-011
8864	5.9679e-011
8865	6.1364e-011
8866	6.2444e-011
8867	6.3654e-011
8868	6.5879e-011
8869	6.6519e-011
8870	6.9048e-011
8871	6.9663e-011
8872	7.1332e-011
8873	7.358e-011
8874	7.4338e-011
8875	7.6409e-011
8876	7.8492e-011
8877	7.9489e-011
8878	8.1572e-011
8879	8.4204e-011
8880	8.5267e-011
8881	8.6774e-011
8882	8.9384e-011
8883	9.1621e-011
8884	9.3557e-011
8885	9.5188e-011
8886	9.7253e-011
8887	9.9821e-011
8888	1.0215e-010
8889	1.0441e-010
8890	1.068e-010
8891	1.0912e-010
8892	1.1154e-010
8893	1.1406e-010
8894	1.1659e-010
8895	1.1915e-010
8896	1.2224e-010
8897	1.2504e-010
8898	1.2818e-010
8899	1.3103e-010
8900	1.3375e-010
8901	1.3605e-010
8902	1.3989e-010
8903	1.4436e-010
8904	1.474e-010
8905	1.4949e-010
8906	1.4996e-010
8907	1.482e-010
8908	1.4576e-010
8909	1.4123e-010
8910	1.3698e-010
8911	1.3538e-010
8912	1.3347e-010
8913	1.3135e-010
8914	1.2769e-010
8915	1.2526e-010
8916	1.217e-010
8917	1.1937e-010
8918	1.1684e-010
8919	1.1457e-010
8920	1.1305e-010
8921	1.111e-010
8922	1.0988e-010
8923	1.0863e-010
8924	1.0589e-010
8925	1.0024e-010
8926	1.0145e-010
8927	1.0628e-010
8928	1.0454e-010
8929	1.0364e-010
8930	9.1584e-011
8931	9.9807e-011
8932	1.1065e-010
8933	9.5247e-011
8934	8.9271e-011
8935	9.6439e-011
8936	8.6683e-011
8937	8.7449e-011
8938	1.0051e-010
8939	8.2756e-011
8940	9.2304e-011
8941	1.1801e-010
8942	9.04e-011
8943	9.7489e-011
8944	8.1616e-011
8945	8.2268e-011
8946	7.9153e-011
8947	7.1035e-011
8948	7.5825e-011
8949	6.9542e-011
8950	7.2437e-011
8951	6.6015e-011
8952	6.3081e-011
8953	6.149e-011
8954	5.869e-011
8955	5.7592e-011
8956	7.7009e-011
8957	9.8842e-011
8958	7.6535e-011
8959	6.208e-011
8960	5.227e-011
8961	6.556e-011
8962	8.3604e-011
8963	6.2603e-011
8964	6.8596e-011
8965	6.9966e-011
8966	1.5561e-010
8967	4.888e-010
8968	2.9986e-010
8969	1.3367e-009
8970	1.4887e-009
8971	3.876e-010
8972	2.4013e-010
8973	4.1434e-011
8974	4.0996e-011
8975	4.8449e-011
8976	4.393e-011
8977	4.3876e-011
8978	4.5602e-011
8979	4.534e-011
8980	4.4895e-011
8981	4.528e-011
8982	4.6229e-011
8983	4.698e-011
8984	4.8488e-011
8985	4.8904e-011
8986	4.9882e-011
8987	5.0991e-011
8988	5.2284e-011
8989	5.3453e-011
8990	5.4608e-011
8991	5.6048e-011
8992	5.702e-011
8993	5.8687e-011
8994	5.9663e-011
8995	6.1361e-011
8996	6.2478e-011
8997	6.3698e-011
8998	6.5897e-011
8999	6.6524e-011
9000	6.9054e-011
9001	6.9681e-011
9002	7.1348e-011
9003	7.3583e-011
9004	7.4362e-011
9005	7.6465e-011
9006	7.8547e-011
9007	7.9533e-011
9008	8.1685e-011
9009	8.4112e-011
9010	8.5441e-011
9011	8.6861e-011
9012	8.9453e-011
9013	9.1719e-011
9014	9.3656e-011
9015	9.5288e-011
9016	9.734e-011
9017	9.9825e-011
9018	1.022e-010
9019	1.0448e-010
9020	1.0689e-010
9021	1.092e-010
9022	1.1157e-010
9023	1.1412e-010
9024	1.1665e-010
9025	1.1918e-010
9026	1.2227e-010
9027	1.2507e-010
9028	1.2821e-010
9029	1.3099e-010
9030	1.3361e-010
9031	1.3596e-010
9032	1.3993e-010
9033	1.4431e-010
9034	1.4735e-010
9035	1.4947e-010
9036	1.5e-010
9037	1.4811e-010
9038	1.4573e-010
9039	1.4129e-010
9040	1.3703e-010
9041	1.3542e-010
9042	1.3345e-010
9043	1.3127e-010
9044	1.2775e-010
9045	1.2523e-010
9046	1.2171e-010
9047	1.1938e-010
9048	1.1697e-010
9049	1.1472e-010
9050	1.1314e-010
9051	1.1112e-010
9052	1.0987e-010
9053	1.0859e-010
9054	1.0585e-010
9055	1.0033e-010
9056	1.0161e-010
9057	1.06e-010
9058	1.0777e-010
9059	1.0344e-010
9060	9.1648e-011
9061	9.9897e-011
9062	1.107e-010
9063	9.5244e-011
9064	8.9265e-011
9065	9.6432e-011
9066	8.6637e-011
9067	8.7371e-011
9068	1.0041e-010
9069	8.2637e-011
9070	9.217e-011
9071	1.1786e-010
9072	9.0259e-011
9073	9.7349e-011
9074	8.1483e-011
9075	8.2133e-011
9076	7.9032e-011
9077	7.0911e-011
9078	7.5666e-011
9079	6.9394e-011
9080	7.2304e-011
9081	6.59e-011
9082	6.2978e-011
9083	6.1392e-011
9084	5.8595e-011
9085	5.7507e-011
9086	7.6949e-011
9087	9.8793e-011
9088	7.6471e-011
9089	6.1994e-011
9090	5.2192e-011
9091	6.5497e-011
9092	8.3559e-011
9093	6.2558e-011
9094	6.8551e-011
9095	6.9927e-011
9096	1.5557e-010
9097	4.8878e-010
9098	2.9982e-010
9099	1.3367e-009
9100	1.4887e-009
9101	3.6062e-010
9102	3.1887e-010
9103	6.7409e-011
9104	6.1206e-011
9105	5.8853e-011
9106	5.9135e-011
9107	6.0061e-011
9108	6.0639e-011
9109	6.0945e-011
9110	6.1763e-011
9111	6.2313e-011
9112	6.3141e-011
9113	6.4417e-011
9114	6.5311e-011
9115	6.697e-011
9116	6.8101e-011
9117	6.967e-011
9118	7.1141e-011
9119	7.2736e-011
9120	7.4429e-011
9121	7.5907e-011
9122	7.7957e-011
9123	7.9413e-011
9124	8.1581e-011
9125	8.3085e-011
9126	8.512e-011
9127	8.7309e-011
9128	8.861e-011
9129	9.1411e-011
9130	9.2614e-011
9131	9.5434e-011
9132	9.7378e-011
9133	9.9001e-011
9134	1.0196e-010
9135	1.0386e-010
9136	1.06e-010
9137	1.091e-010
9138	1.1119e-010
9139	1.1322e-010
9140	1.1617e-010
9141	1.1926e-010
9142	1.214e-010
9143	1.2399e-010
9144	1.2682e-010
9145	1.3007e-010
9146	1.3309e-010
9147	1.3592e-010
9148	1.3883e-010
9149	1.4181e-010
9150	1.4503e-010
9151	1.4829e-010
9152	1.5183e-010
9153	1.5534e-010
9154	1.5882e-010
9155	1.6244e-010
9156	1.6582e-010
9157	1.699e-010
9158	1.735e-010
9159	1.7779e-010
9160	1.8203e-010
9161	1.8677e-010
9162	1.9087e-010
9163	1.9431e-010
9164	1.9955e-010
9165	2.0491e-010
9166	2.0503e-010
9167	2.0025e-010
9168	1.9558e-010
9169	1.9295e-010
9170	1.8975e-010
9171	1.8551e-010
9172	1.8165e-010
9173	1.7663e-010
9174	1.7375e-010
9175	1.6946e-010
9176	1.6707e-010
9177	1.6357e-010
9178	1.6043e-010
9179	1.5728e-010
9180	1.5335e-010
9181	1.504e-010
9182	1.4772e-010
9183	1.4657e-010
9184	1.4443e-010
9185	1.4243e-010
9186	1.4279e-010
9187	1.3886e-010
9188	1.363e-010
9189	1.3642e-010
9190	1.3608e-010
9191	1.3465e-010
9192	1.3247e-010
9193	1.2943e-010
9194	1.31e-010
9195	1.1867e-010
9196	1.1559e-010
9197	1.276e-010
9198	1.1754e-010
9199	1.1632e-010
9200	1.2958e-010
9201	1.302e-010
9202	1.2978e-010
9203	1.1186e-010
9204	1.1725e-010
9205	1.0887e-010
9206	1.0122e-010
9207	1.0088e-010
9208	9.4609e-011
9209	9.761e-011
9210	9.1486e-011
9211	9.0551e-011
9212	8.4706e-011
9213	8.337e-011
9214	8.1609e-011
9215	7.9808e-011
9216	1.0023e-010
9217	1.1198e-010
9218	9.8973e-011
9219	8.1007e-011
9220	7.602e-011
9221	8.7455e-011
9222	9.8476e-011
9223	9.2625e-011
9224	8.3058e-011
9225	9.249e-011
9226	2.0915e-010
9227	4.714e-010
9228	2.847e-010
9229	1.5607e-009
9230	1.3828e-009
9231	3.8769e-010
9232	2.4017e-010
9233	4.1436e-011
9234	4.0994e-011
9235	4.8446e-011
9236	4.3922e-011
9237	4.3873e-011
9238	4.5615e-011
9239	4.5363e-011
9240	4.4917e-011
9241	4.5289e-011
9242	4.6232e-011
9243	4.6981e-011
9244	4.8493e-011
9245	4.8909e-011
9246	4.9887e-011
9247	5.0999e-011
9248	5.2294e-011
9249	5.3464e-011
9250	5.461e-011
9251	5.605e-011
9252	5.7034e-011
9253	5.8707e-011
9254	5.9681e-011
9255	6.1373e-011
9256	6.2467e-011
9257	6.3689e-011
9258	6.5921e-011
9259	6.6537e-011
9260	6.9042e-011
9261	6.9648e-011
9262	7.132e-011
9263	7.3599e-011
9264	7.4369e-011
9265	7.6452e-011
9266	7.8547e-011
9267	7.9537e-011
9268	8.1649e-011
9269	8.4159e-011
9270	8.5422e-011
9271	8.6893e-011
9272	8.9467e-011
9273	9.1718e-011
9274	9.3702e-011
9275	9.5322e-011
9276	9.7354e-011
9277	9.9864e-011
9278	1.022e-010
9279	1.0455e-010
9280	1.0682e-010
9281	1.0921e-010
9282	1.1159e-010
9283	1.1411e-010
9284	1.1667e-010
9285	1.1922e-010
9286	1.2224e-010
9287	1.2504e-010
9288	1.2821e-010
9289	1.3097e-010
9290	1.3358e-010
9291	1.3597e-010
9292	1.3989e-010
9293	1.4436e-010
9294	1.4725e-010
9295	1.4955e-010
9296	1.4993e-010
9297	1.4811e-010
9298	1.4573e-010
9299	1.413e-010
9300	1.3706e-010
9301	1.355e-010
9302	1.335e-010
9303	1.3126e-010
9304	1.2778e-010
9305	1.2524e-010
9306	1.217e-010
9307	1.1936e-010
9308	1.1699e-010
9309	1.147e-010
9310	1.1314e-010
9311	1.1114e-010
9312	1.099e-010
9313	1.086e-010
9314	1.0587e-010
9315	1.003e-010
9316	1.0147e-010
9317	1.0653e-010
9318	1.0743e-010
9319	1.0398e-010
9320	9.1552e-011
9321	9.9892e-011
9322	1.1075e-010
9323	9.5261e-011
9324	8.9261e-011
9325	9.6428e-011
9326	8.6636e-011
9327	8.7374e-011
9328	1.0037e-010
9329	8.2616e-011
9330	9.2173e-011
9331	1.1783e-010
9332	9.0275e-011
9333	9.7326e-011
9334	8.149e-011
9335	8.2108e-011
9336	7.9001e-011
9337	7.0898e-011
9338	7.564e-011
9339	6.9383e-011
9340	7.2276e-011
9341	6.5877e-011
9342	6.2954e-011
9343	6.1374e-011
9344	5.8584e-011
9345	5.7498e-011
9346	7.6946e-011
9347	9.8755e-011
9348	7.647e-011
9349	6.1984e-011
9350	5.2191e-011
9351	6.5508e-011
9352	8.357e-011
9353	6.256e-011
9354	6.8523e-011
9355	6.99e-011
9356	1.5555e-010
9357	4.8879e-010
9358	2.998e-010
9359	1.3366e-009
9360	1.4885e-009
9361	1.6326e-010
9362	1.2415e-010
9363	3.9665e-011
9364	4.0807e-011
9365	4.7117e-011
9366	4.8446e-011
9367	4.9072e-011
9368	5.0131e-011
9369	5.0387e-011
9370	5.0083e-011
9371	5.0414e-011
9372	5.1098e-011
9373	5.1934e-011
9374	5.3145e-011
9375	5.3876e-011
9376	5.483e-011
9377	5.6009e-011
9378	5.7367e-011
9379	5.8623e-011
9380	6.0016e-011
9381	6.1429e-011
9382	6.2781e-011
9383	6.4324e-011
9384	6.5672e-011
9385	6.7266e-011
9386	6.8692e-011
9387	7.0175e-011
9388	7.212e-011
9389	7.3451e-011
9390	7.5433e-011
9391	7.6799e-011
9392	7.846e-011
9393	8.0467e-011
9394	8.2046e-011
9395	8.3964e-011
9396	8.5975e-011
9397	8.773e-011
9398	8.9844e-011
9399	9.1928e-011
9400	9.3968e-011
9401	9.5805e-011
9402	9.8324e-011
9403	1.0035e-010
9404	1.0284e-010
9405	1.0491e-010
9406	1.0718e-010
9407	1.0972e-010
9408	1.1218e-010
9409	1.1479e-010
9410	1.1725e-010
9411	1.2003e-010
9412	1.2263e-010
9413	1.2539e-010
9414	1.2825e-010
9415	1.3112e-010
9416	1.3442e-010
9417	1.3698e-010
9418	1.4059e-010
9419	1.4365e-010
9420	1.4682e-010
9421	1.499e-010
9422	1.5404e-010
9423	1.5779e-010
9424	1.6057e-010
9425	1.6507e-010
9426	1.656e-010
9427	1.6127e-010
9428	1.588e-010
9429	1.5566e-010
9430	1.5146e-010
9431	1.4894e-010
9432	1.4625e-010
9433	1.4376e-010
9434	1.3936e-010
9435	1.3763e-010
9436	1.337e-010
9437	1.3115e-010
9438	1.2857e-010
9439	1.2609e-010
9440	1.2417e-010
9441	1.2109e-010
9442	1.1994e-010
9443	1.1822e-010
9444	1.1592e-010
9445	1.1148e-010
9446	1.1213e-010
9447	1.1612e-010
9448	1.1307e-010
9449	1.1397e-010
9450	1.0297e-010
9451	1.1112e-010
9452	1.1501e-010
9453	1.0563e-010
9454	1.013e-010
9455	1.0125e-010
9456	9.3681e-011
9457	1.0012e-010
9458	1.04e-010
9459	8.9738e-011
9460	1.0334e-010
9461	1.242e-010
9462	1.0465e-010
9463	1.0009e-010
9464	8.6223e-011
9465	7.7264e-011
9466	7.7018e-011
9467	7.4346e-011
9468	7.7479e-011
9469	7.4632e-011
9470	7.4399e-011
9471	6.8659e-011
9472	6.3564e-011
9473	6.1359e-011
9474	5.8865e-011
9475	5.8241e-011
9476	8.0049e-011
9477	1.0027e-010
9478	7.9701e-011
9479	6.3264e-011
9480	5.7175e-011
9481	7.5017e-011
9482	9.4612e-011
9483	7.6431e-011
9484	6.8153e-011
9485	7.6694e-011
9486	1.3067e-010
9487	1.8344e-010
9488	1.8567e-010
9489	5.7166e-010
9490	6.8301e-010
9491	1.3811e-010
9492	1.5632e-010
9493	6.2974e-011
9494	6.076e-011
9495	6.3903e-011
9496	6.4899e-011
9497	6.5791e-011
9498	6.671e-011
9499	6.5902e-011
9500	6.7163e-011
9501	6.7345e-011
9502	6.7563e-011
9503	6.9836e-011
9504	6.9695e-011
9505	7.238e-011
9506	7.295e-011
9507	7.4966e-011
9508	7.6686e-011
9509	7.8155e-011
9510	8.0464e-011
9511	8.1603e-011
9512	8.4312e-011
9513	8.5438e-011
9514	8.8132e-011
9515	8.9522e-011
9516	9.1796e-011
9517	9.4209e-011
9518	9.5419e-011
9519	9.8877e-011
9520	9.971e-011
9521	1.0307e-010
9522	1.0497e-010
9523	1.0671e-010
9524	1.1009e-010
9525	1.1198e-010
9526	1.1428e-010
9527	1.1768e-010
9528	1.2011e-010
9529	1.2206e-010
9530	1.2554e-010
9531	1.2849e-010
9532	1.3104e-010
9533	1.3359e-010
9534	1.3689e-010
9535	1.4027e-010
9536	1.4354e-010
9537	1.4657e-010
9538	1.4974e-010
9539	1.5304e-010
9540	1.5649e-010
9541	1.6015e-010
9542	1.6381e-010
9543	1.6751e-010
9544	1.7129e-010
9545	1.7529e-010
9546	1.7911e-010
9547	1.8291e-010
9548	1.872e-010
9549	1.917e-010
9550	1.9616e-010
9551	2.0124e-010
9552	2.0597e-010
9553	2.0948e-010
9554	2.1421e-010
9555	2.2106e-010
9556	2.215e-010
9557	2.1505e-010
9558	2.1055e-010
9559	2.0825e-010
9560	2.0417e-010
9561	1.9939e-010
9562	1.9543e-010
9563	1.9066e-010
9564	1.8643e-010
9565	1.8297e-010
9566	1.7955e-010
9567	1.7573e-010
9568	1.7238e-010
9569	1.691e-010
9570	1.6527e-010
9571	1.6147e-010
9572	1.5916e-010
9573	1.5723e-010
9574	1.5458e-010
9575	1.5214e-010
9576	1.518e-010
9577	1.505e-010
9578	1.4498e-010
9579	1.4759e-010
9580	1.4307e-010
9581	1.461e-010
9582	1.4069e-010
9583	1.3923e-010
9584	1.3947e-010
9585	1.2657e-010
9586	1.2266e-010
9587	1.3793e-010
9588	1.2436e-010
9589	1.211e-010
9590	1.392e-010
9591	1.3842e-010
9592	1.4403e-010
9593	1.1462e-010
9594	1.1932e-010
9595	1.0552e-010
9596	9.6152e-011
9597	1.0352e-010
9598	9.5372e-011
9599	1.0359e-010
9600	9.1508e-011
9601	9.4817e-011
9602	8.301e-011
9603	8.3789e-011
9604	8.142e-011
9605	7.6529e-011
9606	1.0622e-010
9607	1.0942e-010
9608	1.0617e-010
9609	7.7036e-011
9610	7.7819e-011
9611	9.8712e-011
9612	1.0522e-010
9613	1.0148e-010
9614	9.3655e-011
9615	1.1925e-010
9616	1.6496e-010
9617	2.1245e-010
9618	2.1631e-010
9619	7.52e-010
9620	5.0643e-010
9621	1.6319e-010
9622	1.241e-010
9623	3.9665e-011
9624	4.0811e-011
9625	4.713e-011
9626	4.8471e-011
9627	4.9092e-011
9628	5.0134e-011
9629	5.0371e-011
9630	5.006e-011
9631	5.0385e-011
9632	5.1071e-011
9633	5.1918e-011
9634	5.3135e-011
9635	5.3873e-011
9636	5.4825e-011
9637	5.6008e-011
9638	5.7375e-011
9639	5.8634e-011
9640	6.0023e-011
9641	6.1428e-011
9642	6.2769e-011
9643	6.4304e-011
9644	6.5652e-011
9645	6.7239e-011
9646	6.8646e-011
9647	7.013e-011
9648	7.209e-011
9649	7.3429e-011
9650	7.5413e-011
9651	7.6803e-011
9652	7.848e-011
9653	8.0468e-011
9654	8.2024e-011
9655	8.3922e-011
9656	8.5957e-011
9657	8.7704e-011
9658	8.9868e-011
9659	9.1887e-011
9660	9.3977e-011
9661	9.5756e-011
9662	9.8281e-011
9663	1.0032e-010
9664	1.0279e-010
9665	1.0485e-010
9666	1.0716e-010
9667	1.0971e-010
9668	1.1217e-010
9669	1.1476e-010
9670	1.1732e-010
9671	1.2003e-010
9672	1.2261e-010
9673	1.2536e-010
9674	1.282e-010
9675	1.3107e-010
9676	1.3437e-010
9677	1.3701e-010
9678	1.406e-010
9679	1.4372e-010
9680	1.4683e-010
9681	1.4994e-010
9682	1.5413e-010
9683	1.5774e-010
9684	1.6062e-010
9685	1.6507e-010
9686	1.6571e-010
9687	1.6125e-010
9688	1.5882e-010
9689	1.5568e-010
9690	1.5148e-010
9691	1.4895e-010
9692	1.4624e-010
9693	1.4376e-010
9694	1.3927e-010
9695	1.3758e-010
9696	1.3371e-010
9697	1.3122e-010
9698	1.2855e-010
9699	1.2609e-010
9700	1.2418e-010
9701	1.2102e-010
9702	1.2002e-010
9703	1.1817e-010
9704	1.1593e-010
9705	1.1147e-010
9706	1.1211e-010
9707	1.1611e-010
9708	1.1306e-010
9709	1.14e-010
9710	1.0297e-010
9711	1.1098e-010
9712	1.1498e-010
9713	1.0552e-010
9714	1.013e-010
9715	1.0128e-010
9716	9.3689e-011
9717	1.0011e-010
9718	1.0404e-010
9719	8.9744e-011
9720	1.0334e-010
9721	1.2424e-010
9722	1.0465e-010
9723	1.0012e-010
9724	8.6214e-011
9725	7.7268e-011
9726	7.7057e-011
9727	7.4369e-011
9728	7.7499e-011
9729	7.4645e-011
9730	7.4426e-011
9731	6.8685e-011
9732	6.3596e-011
9733	6.1385e-011
9734	5.8886e-011
9735	5.8257e-011
9736	8.0069e-011
9737	1.0032e-010
9738	7.9709e-011
9739	6.3285e-011
9740	5.7177e-011
9741	7.4989e-011
9742	9.458e-011
9743	7.6431e-011
9744	6.8184e-011
9745	7.6719e-011
9746	1.307e-010
9747	1.8347e-010
9748	1.857e-010
9749	5.7188e-010
9750	6.8318e-010
9751	1.6317e-010
9752	1.2404e-010
9753	3.9588e-011
9754	4.0727e-011
9755	4.7052e-011
9756	4.8401e-011
9757	4.9039e-011
9758	5.0103e-011
9759	5.0358e-011
9760	5.004e-011
9761	5.0347e-011
9762	5.1034e-011
9763	5.1911e-011
9764	5.3152e-011
9765	5.386e-011
9766	5.4755e-011
9767	5.5902e-011
9768	5.7256e-011
9769	5.8531e-011
9770	5.9968e-011
9771	6.1408e-011
9772	6.2758e-011
9773	6.4295e-011
9774	6.5638e-011
9775	6.7199e-011
9776	6.8558e-011
9777	7.0038e-011
9778	7.2039e-011
9779	7.3402e-011
9780	7.5395e-011
9781	7.6785e-011
9782	7.8479e-011
9783	8.0489e-011
9784	8.202e-011
9785	8.3892e-011
9786	8.5922e-011
9787	8.7666e-011
9788	8.9735e-011
9789	9.1915e-011
9790	9.3803e-011
9791	9.5649e-011
9792	9.8162e-011
9793	1.0018e-010
9794	1.0264e-010
9795	1.0473e-010
9796	1.0703e-010
9797	1.0957e-010
9798	1.1206e-010
9799	1.1464e-010
9800	1.1711e-010
9801	1.198e-010
9802	1.2245e-010
9803	1.2525e-010
9804	1.2814e-010
9805	1.3099e-010
9806	1.3433e-010
9807	1.3704e-010
9808	1.4067e-010
9809	1.4379e-010
9810	1.4701e-010
9811	1.5011e-010
9812	1.5419e-010
9813	1.5789e-010
9814	1.6066e-010
9815	1.6518e-010
9816	1.6578e-010
9817	1.6137e-010
9818	1.5887e-010
9819	1.5559e-010
9820	1.514e-010
9821	1.4891e-010
9822	1.4626e-010
9823	1.4379e-010
9824	1.3927e-010
9825	1.3758e-010
9826	1.3376e-010
9827	1.312e-010
9828	1.2842e-010
9829	1.2589e-010
9830	1.2408e-010
9831	1.2076e-010
9832	1.1992e-010
9833	1.1807e-010
9834	1.1587e-010
9835	1.1142e-010
9836	1.1208e-010
9837	1.16e-010
9838	1.1302e-010
9839	1.1391e-010
9840	1.0295e-010
9841	1.109e-010
9842	1.15e-010
9843	1.0553e-010
9844	1.0134e-010
9845	1.0131e-010
9846	9.3745e-011
9847	1.0022e-010
9848	1.0418e-010
9849	8.99e-011
9850	1.0351e-010
9851	1.2445e-010
9852	1.0484e-010
9853	1.0032e-010
9854	8.6419e-011
9855	7.7463e-011
9856	7.7243e-011
9857	7.4549e-011
9858	7.7725e-011
9859	7.4846e-011
9860	7.462e-011
9861	6.8849e-011
9862	6.3753e-011
9863	6.1528e-011
9864	5.9015e-011
9865	5.8374e-011
9866	8.0169e-011
9867	1.0042e-010
9868	7.9804e-011
9869	6.3394e-011
9870	5.7281e-011
9871	7.5084e-011
9872	9.4664e-011
9873	7.651e-011
9874	6.826e-011
9875	7.679e-011
9876	1.3078e-010
9877	1.8354e-010
9878	1.8576e-010
9879	5.7197e-010
9880	6.8339e-010
9881	1.381e-010
9882	1.562e-010
9883	6.2859e-011
9884	6.061e-011
9885	6.3756e-011
9886	6.4765e-011
9887	6.5678e-011
9888	6.6622e-011
9889	6.5832e-011
9890	6.7091e-011
9891	6.7258e-011
9892	6.7492e-011
9893	6.9821e-011
9894	6.9715e-011
9895	7.2366e-011
9896	7.2844e-011
9897	7.4793e-011
9898	7.6472e-011
9899	7.7963e-011
9900	8.0357e-011
9901	8.155e-011
9902	8.4264e-011
9903	8.5389e-011
9904	8.8104e-011
9905	8.9459e-011
9906	9.1631e-011
9907	9.402e-011
9908	9.5297e-011
9909	9.8786e-011
9910	9.9635e-011
9911	1.0302e-010
9912	1.0497e-010
9913	1.0674e-010
9914	1.1003e-010
9915	1.1185e-010
9916	1.1417e-010
9917	1.1754e-010
9918	1.2003e-010
9919	1.2177e-010
9920	1.2538e-010
9921	1.2825e-010
9922	1.3083e-010
9923	1.3335e-010
9924	1.3666e-010
9925	1.4004e-010
9926	1.433e-010
9927	1.4635e-010
9928	1.4955e-010
9929	1.5284e-010
9930	1.5614e-010
9931	1.5975e-010
9932	1.6347e-010
9933	1.6729e-010
9934	1.7113e-010
9935	1.752e-010
9936	1.7901e-010
9937	1.8297e-010
9938	1.8731e-010
9939	1.919e-010
9940	1.9656e-010
9941	2.0157e-010
9942	2.0615e-010
9943	2.0961e-010
9944	2.1441e-010
9945	2.2121e-010
9946	2.217e-010
9947	2.1528e-010
9948	2.1071e-010
9949	2.0805e-010
9950	2.0403e-010
9951	1.9938e-010
9952	1.9535e-010
9953	1.9077e-010
9954	1.8644e-010
9955	1.8301e-010
9956	1.7965e-010
9957	1.7575e-010
9958	1.7216e-010
9959	1.6884e-010
9960	1.6496e-010
9961	1.6136e-010
9962	1.5889e-010
9963	1.5705e-010
9964	1.5447e-010
9965	1.5209e-010
9966	1.5161e-010
9967	1.5032e-010
9968	1.4527e-010
9969	1.4753e-010
9970	1.4291e-010
9971	1.461e-010
9972	1.4059e-010
9973	1.3932e-010
9974	1.3946e-010
9975	1.2659e-010
9976	1.2274e-010
9977	1.3812e-010
9978	1.2459e-010
9979	1.2139e-010
9980	1.3953e-010
9981	1.3878e-010
9982	1.4439e-010
9983	1.1497e-010
9984	1.197e-010
9985	1.0587e-010
9986	9.6514e-011
9987	1.0388e-010
9988	9.5782e-011
9989	1.0398e-010
9990	9.1868e-011
9991	9.5135e-011
9992	8.3319e-011
9993	8.4071e-011
9994	8.1676e-011
9995	7.6745e-011
9996	1.064e-010
9997	1.0959e-010
9998	1.0635e-010
9999	7.7231e-011
10000	7.8031e-011
10001	9.888e-011
10002	1.0533e-010
10003	1.0164e-010
10004	9.383e-011
10005	1.1943e-010
10006	1.6514e-010
10007	2.1262e-010
10008	2.1651e-010
10009	7.5246e-010
10010	5.0663e-010
10011	1.6317e-010
10012	1.2404e-010
10013	3.9588e-011
10014	4.0727e-011
10015	4.7052e-011
10016	4.8401e-011
10017	4.9039e-011
10018	5.0103e-011
10019	5.0358e-011
10020	5.004e-011
10021	5.0347e-011
10022	5.1034e-011
10023	5.1911e-011
10024	5.3152e-011
10025	5.386e-011
10026	5.4755e-011
10027	5.5902e-011
10028	5.7256e-011
10029	5.8531e-011
10030	5.9968e-011
10031	6.1408e-011
10032	6.2758e-011
10033	6.4295e-011
10034	6.5638e-011
10035	6.7199e-011
10036	6.8558e-011
10037	7.0038e-011
10038	7.2039e-011
10039	7.3402e-011
10040	7.5395e-011
10041	7.6785e-011
10042	7.8479e-011
10043	8.0489e-011
10044	8.202e-011
10045	8.3891e-011
10046	8.5924e-011
10047	8.7654e-011
10048	8.9796e-011
10049	9.1851e-011
10050	9.3868e-011
10051	9.5636e-011
10052	9.8164e-011
10053	1.0018e-010
10054	1.0264e-010
10055	1.0473e-010
10056	1.0703e-010
10057	1.0957e-010
10058	1.1206e-010
10059	1.1464e-010
10060	1.1711e-010
10061	1.198e-010
10062	1.2245e-010
10063	1.2525e-010
10064	1.2814e-010
10065	1.3099e-010
10066	1.3433e-010
10067	1.3704e-010
10068	1.4067e-010
10069	1.4379e-010
10070	1.4701e-010
10071	1.5011e-010
10072	1.5419e-010
10073	1.5789e-010
10074	1.6066e-010
10075	1.6518e-010
10076	1.6578e-010
10077	1.6137e-010
10078	1.5887e-010
10079	1.5559e-010
10080	1.514e-010
10081	1.4891e-010
10082	1.4626e-010
10083	1.4379e-010
10084	1.3927e-010
10085	1.3758e-010
10086	1.3376e-010
10087	1.312e-010
10088	1.2841e-010
10089	1.2592e-010
10090	1.2417e-010
10091	1.2063e-010
10092	1.2e-010
10093	1.1811e-010
10094	1.1586e-010
10095	1.1141e-010
10096	1.1204e-010
10097	1.1611e-010
10098	1.1301e-010
10099	1.1403e-010
10100	1.0293e-010
10101	1.1088e-010
10102	1.1501e-010
10103	1.0553e-010
10104	1.0134e-010
10105	1.0131e-010
10106	9.3745e-011
10107	1.0022e-010
10108	1.0418e-010
10109	8.99e-011
10110	1.0351e-010
10111	1.2445e-010
10112	1.0484e-010
10113	1.0032e-010
10114	8.6419e-011
10115	7.7463e-011
10116	7.7243e-011
10117	7.4549e-011
10118	7.7725e-011
10119	7.4846e-011
10120	7.462e-011
10121	6.8849e-011
10122	6.3753e-011
10123	6.1528e-011
10124	5.9015e-011
10125	5.8374e-011
10126	8.0169e-011
10127	1.0042e-010
10128	7.9804e-011
10129	6.3394e-011
10130	5.7281e-011
10131	7.5084e-011
10132	9.4664e-011
10133	7.651e-011
10134	6.826e-011
10135	7.679e-011
10136	1.3078e-010
10137	1.8354e-010
10138	1.8576e-010
10139	5.7197e-010
10140	6.8339e-010
10141	1.6319e-010
10142	1.241e-010
10143	3.9665e-011
10144	4.0811e-011
10145	4.713e-011
10146	4.8471e-011
10147	4.9092e-011
10148	5.0134e-011
10149	5.0371e-011
10150	5.006e-011
10151	5.0385e-011
10152	5.1071e-011
10153	5.1918e-011
10154	5.3135e-011
10155	5.3873e-011
10156	5.4825e-011
10157	5.6008e-011
10158	5.7375e-011
10159	5.8634e-011
10160	6.0023e-011
10161	6.1428e-011
10162	6.2769e-011
10163	6.4304e-011
10164	6.5652e-011
10165	6.7238e-011
10166	6.8646e-011
10167	7.013e-011
10168	7.209e-011
10169	7.3429e-011
10170	7.5413e-011
10171	7.6803e-011
10172	7.848e-011
10173	8.0468e-011
10174	8.2024e-011
10175	8.3922e-011
10176	8.5957e-011
10177	8.7701e-011
10178	8.9881e-011
10179	9.1923e-011
10180	9.3993e-011
10181	9.5752e-011
10182	9.8282e-011
10183	1.0032e-010
10184	1.0279e-010
10185	1.0485e-010
10186	1.0716e-010
10187	1.0971e-010
10188	1.1217e-010
10189	1.1476e-010
10190	1.1732e-010
10191	1.2003e-010
10192	1.2261e-010
10193	1.2536e-010
10194	1.282e-010
10195	1.3107e-010
10196	1.3437e-010
10197	1.3701e-010
10198	1.406e-010
10199	1.4372e-010
10200	1.4683e-010
10201	1.4994e-010
10202	1.5413e-010
10203	1.5774e-010
10204	1.6062e-010
10205	1.6507e-010
10206	1.6571e-010
10207	1.6125e-010
10208	1.5882e-010
10209	1.5568e-010
10210	1.5148e-010
10211	1.4895e-010
10212	1.4624e-010
10213	1.4376e-010
10214	1.3927e-010
10215	1.3758e-010
10216	1.3371e-010
10217	1.3122e-010
10218	1.2853e-010
10219	1.2612e-010
10220	1.243e-010
10221	1.2082e-010
10222	1.2014e-010
10223	1.1821e-010
10224	1.1593e-010
10225	1.1146e-010
10226	1.121e-010
10227	1.1611e-010
10228	1.1322e-010
10229	1.1403e-010
10230	1.0299e-010
10231	1.1092e-010
10232	1.1499e-010
10233	1.0549e-010
10234	1.0131e-010
10235	1.0128e-010
10236	9.3689e-011
10237	1.0011e-010
10238	1.0404e-010
10239	8.9744e-011
10240	1.0334e-010
10241	1.2424e-010
10242	1.0465e-010
10243	1.0012e-010
10244	8.6214e-011
10245	7.7268e-011
10246	7.7057e-011
10247	7.4369e-011
10248	7.7499e-011
10249	7.4645e-011
10250	7.4426e-011
10251	6.8685e-011
10252	6.3596e-011
10253	6.1385e-011
10254	5.8886e-011
10255	5.8257e-011
10256	8.0069e-011
10257	1.0032e-010
10258	7.9709e-011
10259	6.3285e-011
10260	5.7177e-011
10261	7.4989e-011
10262	9.458e-011
10263	7.6431e-011
10264	6.8184e-011
10265	7.6719e-011
10266	1.307e-010
10267	1.8347e-010
10268	1.857e-010
10269	5.7188e-010
10270	6.8318e-010
10271	1.3811e-010
10272	1.5632e-010
10273	6.2974e-011
10274	6.076e-011
10275	6.3903e-011
10276	6.4899e-011
10277	6.5791e-011
10278	6.671e-011
10279	6.5902e-011
10280	6.7163e-011
10281	6.7345e-011
10282	6.7563e-011
10283	6.9836e-011
10284	6.9695e-011
10285	7.238e-011
10286	7.295e-011
10287	7.4966e-011
10288	7.6686e-011
10289	7.8155e-011
10290	8.0463e-011
10291	8.1603e-011
10292	8.4312e-011
10293	8.5438e-011
10294	8.8132e-011
10295	8.9522e-011
10296	9.1796e-011
10297	9.4209e-011
10298	9.5419e-011
10299	9.8877e-011
10300	9.971e-011
10301	1.0307e-010
10302	1.0497e-010
10303	1.0671e-010
10304	1.1009e-010
10305	1.1198e-010
10306	1.1428e-010
10307	1.1768e-010
10308	1.2016e-010
10309	1.2201e-010
10310	1.2559e-010
10311	1.2849e-010
10312	1.3104e-010
10313	1.3359e-010
10314	1.3689e-010
10315	1.4027e-010
10316	1.4354e-010
10317	1.4657e-010
10318	1.4974e-010
10319	1.5304e-010
10320	1.5649e-010
10321	1.6015e-010
10322	1.6381e-010
10323	1.6751e-010
10324	1.7129e-010
10325	1.7529e-010
10326	1.7911e-010
10327	1.8291e-010
10328	1.872e-010
10329	1.917e-010
10330	1.9616e-010
10331	2.0124e-010
10332	2.0597e-010
10333	2.0948e-010
10334	2.1421e-010
10335	2.2106e-010
10336	2.215e-010
10337	2.1505e-010
10338	2.1055e-010
10339	2.0825e-010
10340	2.0417e-010
10341	1.9939e-010
10342	1.9543e-010
10343	1.9066e-010
10344	1.8643e-010
10345	1.8297e-010
10346	1.7955e-010
10347	1.7573e-010
10348	1.7239e-010
10349	1.6909e-010
10350	1.653e-010
10351	1.6157e-010
10352	1.5919e-010
10353	1.5721e-010
10354	1.5459e-010
10355	1.5215e-010
10356	1.5174e-010
10357	1.5053e-010
10358	1.4501e-010
10359	1.4765e-010
10360	1.4301e-010
10361	1.4616e-010
10362	1.4058e-010
10363	1.3928e-010
10364	1.3945e-010
10365	1.2657e-010
10366	1.2266e-010
10367	1.3793e-010
10368	1.2436e-010
10369	1.211e-010
10370	1.392e-010
10371	1.3842e-010
10372	1.4403e-010
10373	1.1462e-010
10374	1.1932e-010
10375	1.0552e-010
10376	9.6152e-011
10377	1.0352e-010
10378	9.5372e-011
10379	1.0359e-010
10380	9.1508e-011
10381	9.4817e-011
10382	8.301e-011
10383	8.3789e-011
10384	8.142e-011
10385	7.6529e-011
10386	1.0622e-010
10387	1.0942e-010
10388	1.0617e-010
10389	7.7036e-011
10390	7.7819e-011
10391	9.8712e-011
10392	1.0522e-010
10393	1.0148e-010
10394	9.3655e-011
10395	1.1925e-010
10396	1.6496e-010
10397	2.1245e-010
10398	2.1631e-010
10399	7.52e-010
10400	5.0643e-010
10401	1.6326e-010
10402	1.2415e-010
10403	3.9665e-011
10404	4.0807e-011
10405	4.7117e-011
10406	4.8446e-011
10407	4.9072e-011
10408	5.0131e-011
10409	5.0387e-011
10410	5.0082e-011
10411	5.0414e-011
10412	5.1098e-011
10413	5.1934e-011
10414	5.3145e-011
10415	5.3876e-011
10416	5.483e-011
10417	5.6009e-011
10418	5.7367e-011
10419	5.8623e-011
10420	6.0016e-011
10421	6.1429e-011
10422	6.2781e-011
10423	6.4324e-011
10424	6.5672e-011
10425	6.7266e-011
10426	6.8692e-011
10427	7.0175e-011
10428	7.212e-011
10429	7.3451e-011
10430	7.5433e-011
10431	7.6799e-011
10432	7.846e-011
10433	8.0467e-011
10434	8.2047e-011
10435	8.3963e-011
10436	8.5978e-011
10437	8.7716e-011
10438	8.9892e-011
10439	9.1936e-011
10440	9.402e-011
10441	9.5788e-011
10442	9.8327e-011
10443	1.0035e-010
10444	1.0284e-010
10445	1.0491e-010
10446	1.0718e-010
10447	1.0972e-010
10448	1.1218e-010
10449	1.1479e-010
10450	1.1725e-010
10451	1.2003e-010
10452	1.2263e-010
10453	1.2539e-010
10454	1.2825e-010
10455	1.3112e-010
10456	1.3442e-010
10457	1.3698e-010
10458	1.4059e-010
10459	1.4365e-010
10460	1.4682e-010
10461	1.499e-010
10462	1.5404e-010
10463	1.5779e-010
10464	1.6057e-010
10465	1.6507e-010
10466	1.656e-010
10467	1.6127e-010
10468	1.588e-010
10469	1.5566e-010
10470	1.5146e-010
10471	1.4894e-010
10472	1.4625e-010
10473	1.4376e-010
10474	1.3936e-010
10475	1.3763e-010
10476	1.337e-010
10477	1.3115e-010
10478	1.2857e-010
10479	1.2608e-010
10480	1.2421e-010
10481	1.2101e-010
10482	1.1997e-010
10483	1.1821e-010
10484	1.1594e-010
10485	1.1146e-010
10486	1.1219e-010
10487	1.1532e-010
10488	1.1341e-010
10489	1.1314e-010
10490	1.0307e-010
10491	1.1095e-010
10492	1.1499e-010
10493	1.0549e-010
10494	1.013e-010
10495	1.0125e-010
10496	9.3681e-011
10497	1.0012e-010
10498	1.04e-010
10499	8.9738e-011
10500	1.0334e-010
10501	1.242e-010
10502	1.0465e-010
10503	1.0009e-010
10504	8.6223e-011
10505	7.7264e-011
10506	7.7018e-011
10507	7.4346e-011
10508	7.7479e-011
10509	7.4632e-011
10510	7.4399e-011
10511	6.8659e-011
10512	6.3564e-011
10513	6.1359e-011
10514	5.8865e-011
10515	5.8241e-011
10516	8.0049e-011
10517	1.0027e-010
10518	7.9701e-011
10519	6.3264e-011
10520	5.7175e-011
10521	7.5017e-011
10522	9.4612e-011
10523	7.6431e-011
10524	6.8153e-011
10525	7.6694e-011
10526	1.3067e-010
10527	1.8344e-010
10528	1.8567e-010
10529	5.7166e-010
10530	6.8301e-010
10531	1.6326e-010
10532	1.2415e-010
10533	3.9665e-011
10534	4.0807e-011
10535	4.7117e-011
10536	4.8446e-011
10537	4.9072e-011
10538	5.0131e-011
10539	5.0387e-011
10540	5.0082e-011
10541	5.0414e-011
10542	5.1098e-011
10543	5.1934e-011
10544	5.3145e-011
10545	5.3876e-011
10546	5.483e-011
10547	5.6009e-011
10548	5.7367e-011
10549	5.8623e-011
10550	6.0016e-011
10551	6.1429e-011
10552	6.2781e-011
10553	6.4324e-011
10554	6.5672e-011
10555	6.7266e-011
10556	6.8692e-011
10557	7.0175e-011
10558	7.212e-011
10559	7.345e-011
10560	7.5433e-011
10561	7.6799e-011
10562	7.846e-011
10563	8.0467e-011
10564	8.2047e-011
10565	8.3963e-011
10566	8.5978e-011
10567	8.7716e-011
10568	8.9892e-011
10569	9.1936e-011
10570	9.402e-011
10571	9.5788e-011
10572	9.8327e-011
10573	1.0035e-010
10574	1.0284e-010
10575	1.0491e-010
10576	1.0718e-010
10577	1.0972e-010
10578	1.1218e-010
10579	1.1479e-010
10580	1.1725e-010
10581	1.2003e-010
10582	1.2263e-010
10583	1.2539e-010
10584	1.2825e-010
10585	1.3112e-010
10586	1.3442e-010
10587	1.3698e-010
10588	1.4059e-010
10589	1.4365e-010
10590	1.4682e-010
10591	1.499e-010
10592	1.5404e-010
10593	1.5779e-010
10594	1.6057e-010
10595	1.6507e-010
10596	1.656e-010
10597	1.6127e-010
10598	1.588e-010
10599	1.5566e-010
10600	1.5146e-010
10601	1.4894e-010
10602	1.4625e-010
10603	1.4376e-010
10604	1.3936e-010
10605	1.3763e-010
10606	1.337e-010
10607	1.3115e-010
10608	1.2857e-010
10609	1.2609e-010
10610	1.2417e-010
10611	1.2108e-010
10612	1.1994e-010
10613	1.1821e-010
10614	1.1594e-010
10615	1.1145e-010
10616	1.1208e-010
10617	1.1537e-010
10618	1.1222e-010
10619	1.1312e-010
10620	1.0298e-010
10621	1.1093e-010
10622	1.15e-010
10623	1.0549e-010
10624	1.013e-010
10625	1.0125e-010
10626	9.3681e-011
10627	1.0012e-010
10628	1.04e-010
10629	8.9738e-011
10630	1.0334e-010
10631	1.242e-010
10632	1.0465e-010
10633	1.0009e-010
10634	8.6223e-011
10635	7.7264e-011
10636	7.7018e-011
10637	7.4346e-011
10638	7.7479e-011
10639	7.4632e-011
10640	7.4399e-011
10641	6.8659e-011
10642	6.3564e-011
10643	6.1359e-011
10644	5.8865e-011
10645	5.8241e-011
10646	8.0048e-011
10647	1.0027e-010
10648	7.9701e-011
10649	6.3263e-011
10650	5.7175e-011
10651	7.5017e-011
10652	9.4612e-011
10653	7.6431e-011
10654	6.8153e-011
10655	7.6694e-011
10656	1.3067e-010
10657	1.8344e-010
10658	1.8567e-010
10659	5.7166e-010
10660	6.8301e-010
10661	1.3811e-010
10662	1.5632e-010
10663	6.2974e-011
10664	6.076e-011
10665	6.3903e-011
10666	6.4899e-011
10667	6.5791e-011
10668	6.671e-011
10669	6.5902e-011
10670	6.7163e-011
10671	6.7345e-011
10672	6.7563e-011
10673	6.9836e-011
10674	6.9695e-011
10675	7.238e-011
10676	7.295e-011
10677	7.4966e-011
10678	7.6686e-011
10679	7.8155e-011
10680	8.0464e-011
10681	8.1603e-011
10682	8.4312e-011
10683	8.5438e-011
10684	8.8132e-011
10685	8.9521e-011
10686	9.1796e-011
10687	9.4209e-011
10688	9.5419e-011
10689	9.8877e-011
10690	9.971e-011
10691	1.0307e-010
10692	1.0497e-010
10693	1.0671e-010
10694	1.1009e-010
10695	1.1198e-010
10696	1.1428e-010
10697	1.1768e-010
10698	1.2016e-010
10699	1.2201e-010
10700	1.2559e-010
10701	1.2849e-010
10702	1.3104e-010
10703	1.3359e-010
10704	1.3689e-010
10705	1.4027e-010
10706	1.4354e-010
10707	1.4657e-010
10708	1.4974e-010
10709	1.5304e-010
10710	1.5649e-010
10711	1.6015e-010
10712	1.6381e-010
10713	1.6751e-010
10714	1.7129e-010
10715	1.7529e-010
10716	1.7911e-010
10717	1.8291e-010
10718	1.872e-010
10719	1.917e-010
10720	1.9616e-010
10721	2.0124e-010
10722	2.0597e-010
10723	2.0948e-010
10724	2.1421e-010
10725	2.2106e-010
10726	2.215e-010
10727	2.1505e-010
10728	2.1055e-010
10729	2.0825e-010
10730	2.0417e-010
10731	1.9939e-010
10732	1.9543e-010
10733	1.9066e-010
10734	1.8643e-010
10735	1.8297e-010
10736	1.7955e-010
10737	1.7573e-010
10738	1.7238e-010
10739	1.6909e-010
10740	1.6532e-010
10741	1.6151e-010
10742	1.5921e-010
10743	1.5722e-010
10744	1.5458e-010
10745	1.5221e-010
10746	1.5169e-010
10747	1.4881e-010
10748	1.4614e-010
10749	1.4586e-010
10750	1.4298e-010
10751	1.4621e-010
10752	1.4059e-010
10753	1.3929e-010
10754	1.3945e-010
10755	1.2657e-010
10756	1.2266e-010
10757	1.3793e-010
10758	1.2436e-010
10759	1.211e-010
10760	1.392e-010
10761	1.3842e-010
10762	1.4403e-010
10763	1.1462e-010
10764	1.1932e-010
10765	1.0552e-010
10766	9.6152e-011
10767	1.0352e-010
10768	9.5372e-011
10769	1.0359e-010
10770	9.1508e-011
10771	9.4817e-011
10772	8.301e-011
10773	8.3789e-011
10774	8.142e-011
10775	7.6528e-011
10776	1.0622e-010
10777	1.0942e-010
10778	1.0617e-010
10779	7.7036e-011
10780	7.7819e-011
10781	9.8712e-011
10782	1.0522e-010
10783	1.0148e-010
10784	9.3655e-011
10785	1.1925e-010
10786	1.6496e-010
10787	2.1245e-010
10788	2.1631e-010
10789	7.52e-010
10790	5.0643e-010
10791	1.6319e-010
10792	1.241e-010
10793	3.9665e-011
10794	4.0811e-011
10795	4.713e-011
10796	4.8471e-011
10797	4.9092e-011
10798	5.0134e-011
10799	5.0371e-011
10800	5.006e-011
10801	5.0385e-011
10802	5.1071e-011
10803	5.1918e-011
10804	5.3135e-011
10805	5.3873e-011
10806	5.4825e-011
10807	5.6008e-011
10808	5.7375e-011
10809	5.8634e-011
10810	6.0023e-011
10811	6.1428e-011
10812	6.2769e-011
10813	6.4304e-011
10814	6.5652e-011
10815	6.7239e-011
10816	6.8646e-011
10817	7.013e-011
10818	7.209e-011
10819	7.3429e-011
10820	7.5413e-011
10821	7.6803e-011
10822	7.848e-011
10823	8.0468e-011
10824	8.2024e-011
10825	8.3922e-011
10826	8.5957e-011
10827	8.7701e-011
10828	8.9881e-011
10829	9.1923e-011
10830	9.3993e-011
10831	9.5752e-011
10832	9.8282e-011
10833	1.0032e-010
10834	1.0279e-010
10835	1.0485e-010
10836	1.0716e-010
10837	1.0971e-010
10838	1.1217e-010
10839	1.1476e-010
10840	1.1732e-010
10841	1.2003e-010
10842	1.2261e-010
10843	1.2536e-010
10844	1.282e-010
10845	1.3107e-010
10846	1.3437e-010
10847	1.3701e-010
10848	1.406e-010
10849	1.4372e-010
10850	1.4683e-010
10851	1.4994e-010
10852	1.5413e-010
10853	1.5774e-010
10854	1.6062e-010
10855	1.6507e-010
10856	1.6571e-010
10857	1.6125e-010
10858	1.5882e-010
10859	1.5568e-010
10860	1.5148e-010
10861	1.4895e-010
10862	1.4624e-010
10863	1.4376e-010
10864	1.3927e-010
10865	1.3758e-010
10866	1.3371e-010
10867	1.3122e-010
10868	1.2854e-010
10869	1.2613e-010
10870	1.2411e-010
10871	1.2112e-010
10872	1.1995e-010
10873	1.182e-010
10874	1.1594e-010
10875	1.1145e-010
10876	1.1211e-010
10877	1.151e-010
10878	1.1233e-010
10879	1.1289e-010
10880	1.0302e-010
10881	1.1092e-010
10882	1.1499e-010
10883	1.055e-010
10884	1.0131e-010
10885	1.0128e-010
10886	9.3689e-011
10887	1.0011e-010
10888	1.0404e-010
10889	8.9744e-011
10890	1.0334e-010
10891	1.2424e-010
10892	1.0465e-010
10893	1.0012e-010
10894	8.6214e-011
10895	7.7268e-011
10896	7.7057e-011
10897	7.4369e-011
10898	7.7499e-011
10899	7.4645e-011
10900	7.4426e-011
10901	6.8685e-011
10902	6.3596e-011
10903	6.1385e-011
10904	5.8886e-011
10905	5.8257e-011
10906	8.0069e-011
10907	1.0032e-010
10908	7.9709e-011
10909	6.3285e-011
10910	5.7177e-011
10911	7.4989e-011
10912	9.458e-011
10913	7.6431e-011
10914	6.8183e-011
10915	7.6719e-011
10916	1.307e-010
10917	1.8347e-010
10918	1.857e-010
10919	5.7188e-010
10920	6.8318e-010
10921	1.6317e-010
10922	1.2404e-010
10923	3.9588e-011
10924	4.0727e-011
10925	4.7052e-011
10926	4.8401e-011
10927	4.9039e-011
10928	5.0103e-011
10929	5.0358e-011
10930	5.004e-011
10931	5.0347e-011
10932	5.1034e-011
10933	5.1911e-011
10934	5.3152e-011
10935	5.386e-011
10936	5.4755e-011
10937	5.5902e-011
10938	5.7256e-011
10939	5.8531e-011
10940	5.9968e-011
10941	6.1408e-011
10942	6.2758e-011
10943	6.4296e-011
10944	6.5638e-011
10945	6.7199e-011
10946	6.8558e-011
10947	7.0038e-011
10948	7.2039e-011
10949	7.3402e-011
10950	7.5395e-011
10951	7.6785e-011
10952	7.8479e-011
10953	8.0489e-011
10954	8.202e-011
10955	8.3891e-011
10956	8.5923e-011
10957	8.7654e-011
10958	8.9803e-011
10959	9.1825e-011
10960	9.3875e-011
10961	9.5635e-011
10962	9.8163e-011
10963	1.0018e-010
10964	1.0264e-010
10965	1.0473e-010
10966	1.0703e-010
10967	1.0957e-010
10968	1.1206e-010
10969	1.1464e-010
10970	1.1711e-010
10971	1.198e-010
10972	1.2245e-010
10973	1.2525e-010
10974	1.2814e-010
10975	1.3099e-010
10976	1.3433e-010
10977	1.3704e-010
10978	1.4067e-010
10979	1.4379e-010
10980	1.4701e-010
10981	1.5011e-010
10982	1.5419e-010
10983	1.5789e-010
10984	1.6066e-010
10985	1.6518e-010
10986	1.6578e-010
10987	1.6137e-010
10988	1.5887e-010
10989	1.5559e-010
10990	1.514e-010
10991	1.4891e-010
10992	1.4626e-010
10993	1.4379e-010
10994	1.3927e-010
10995	1.3758e-010
10996	1.3376e-010
10997	1.312e-010
10998	1.2843e-010
10999	1.2591e-010
11000	1.2388e-010
11001	1.213e-010
11002	1.1973e-010
11003	1.181e-010
11004	1.1589e-010
11005	1.114e-010
11006	1.1208e-010
11007	1.1506e-010
11008	1.1224e-010
11009	1.1285e-010
11010	1.0298e-010
11011	1.1089e-010
11012	1.1502e-010
11013	1.0556e-010
11014	1.0133e-010
11015	1.0131e-010
11016	9.3745e-011
11017	1.0022e-010
11018	1.0418e-010
11019	8.99e-011
11020	1.0351e-010
11021	1.2445e-010
11022	1.0484e-010
11023	1.0032e-010
11024	8.6419e-011
11025	7.7463e-011
11026	7.7243e-011
11027	7.4549e-011
11028	7.7725e-011
11029	7.4846e-011
11030	7.462e-011
11031	6.8849e-011
11032	6.3753e-011
11033	6.1528e-011
11034	5.9015e-011
11035	5.8374e-011
11036	8.0169e-011
11037	1.0042e-010
11038	7.9804e-011
11039	6.3394e-011
11040	5.7281e-011
11041	7.5084e-011
11042	9.4664e-011
11043	7.651e-011
11044	6.826e-011
11045	7.679e-011
11046	1.3078e-010
11047	1.8354e-010
11048	1.8576e-010
11049	5.7197e-010
11050	6.8339e-010
11051	1.381e-010
11052	1.562e-010
11053	6.2859e-011
11054	6.061e-011
11055	6.3756e-011
11056	6.4765e-011
11057	6.5678e-011
11058	6.6622e-011
11059	6.5832e-011
11060	6.7091e-011
11061	6.7258e-011
11062	6.7492e-011
11063	6.9821e-011
11064	6.9715e-011
11065	7.2366e-011
11066	7.2844e-011
11067	7.4793e-011
11068	7.6472e-011
11069	7.7963e-011
11070	8.0357e-011
11071	8.155e-011
11072	8.4264e-011
11073	8.5389e-011
11074	8.8104e-011
11075	8.9459e-011
11076	9.1631e-011
11077	9.402e-011
11078	9.5297e-011
11079	9.8786e-011
11080	9.9635e-011
11081	1.0302e-010
11082	1.0497e-010
11083	1.0674e-010
11084	1.1003e-010
11085	1.1185e-010
11086	1.1417e-010
11087	1.1755e-010
11088	1.1999e-010
11089	1.2182e-010
11090	1.2534e-010
11091	1.2826e-010
11092	1.3083e-010
11093	1.3335e-010
11094	1.3666e-010
11095	1.4004e-010
11096	1.433e-010
11097	1.4635e-010
11098	1.4955e-010
11099	1.5284e-010
11100	1.5614e-010
11101	1.5975e-010
11102	1.6347e-010
11103	1.6729e-010
11104	1.7113e-010
11105	1.752e-010
11106	1.7901e-010
11107	1.8297e-010
11108	1.8731e-010
11109	1.919e-010
11110	1.9656e-010
11111	2.0157e-010
11112	2.0615e-010
11113	2.0961e-010
11114	2.1441e-010
11115	2.2121e-010
11116	2.217e-010
11117	2.1528e-010
11118	2.1071e-010
11119	2.0805e-010
11120	2.0403e-010
11121	1.9938e-010
11122	1.9535e-010
11123	1.9077e-010
11124	1.8644e-010
11125	1.8301e-010
11126	1.7965e-010
11127	1.7575e-010
11128	1.7217e-010
11129	1.6886e-010
11130	1.6508e-010
11131	1.6157e-010
11132	1.5904e-010
11133	1.5708e-010
11134	1.5446e-010
11135	1.5214e-010
11136	1.5162e-010
11137	1.4858e-010
11138	1.4625e-010
11139	1.4571e-010
11140	1.4294e-010
11141	1.4609e-010
11142	1.407e-010
11143	1.3927e-010
11144	1.3947e-010
11145	1.2659e-010
11146	1.2274e-010
11147	1.3812e-010
11148	1.2459e-010
11149	1.2139e-010
11150	1.3953e-010
11151	1.3878e-010
11152	1.4439e-010
11153	1.1497e-010
11154	1.197e-010
11155	1.0587e-010
11156	9.6514e-011
11157	1.0388e-010
11158	9.5783e-011
11159	1.0398e-010
11160	9.1868e-011
11161	9.5136e-011
11162	8.3319e-011
11163	8.4071e-011
11164	8.1676e-011
11165	7.6745e-011
11166	1.064e-010
11167	1.0959e-010
11168	1.0635e-010
11169	7.7231e-011
11170	7.8031e-011
11171	9.888e-011
11172	1.0533e-010
11173	1.0164e-010
11174	9.383e-011
11175	1.1943e-010
11176	1.6514e-010
11177	2.1262e-010
11178	2.1651e-010
11179	7.5246e-010
11180	5.0663e-010
11181	1.6317e-010
11182	1.2404e-010
11183	3.9588e-011
11184	4.0727e-011
11185	4.7052e-011
11186	4.8401e-011
11187	4.9039e-011
11188	5.0103e-011
11189	5.0358e-011
11190	5.004e-011
11191	5.0347e-011
11192	5.1034e-011
11193	5.1911e-011
11194	5.3152e-011
11195	5.386e-011
11196	5.4755e-011
11197	5.5902e-011
11198	5.7256e-011
11199	5.8531e-011
11200	5.9968e-011
11201	6.1408e-011
11202	6.2758e-011
11203	6.4295e-011
11204	6.5638e-011
11205	6.7199e-011
11206	6.8558e-011
11207	7.0038e-011
11208	7.2039e-011
11209	7.3402e-011
11210	7.5395e-011
11211	7.6785e-011
11212	7.8479e-011
11213	8.0489e-011
11214	8.202e-011
11215	8.3891e-011
11216	8.5923e-011
11217	8.7654e-011
11218	8.9803e-011
11219	9.1825e-011
11220	9.3875e-011
11221	9.5635e-011
11222	9.8163e-011
11223	1.0018e-010
11224	1.0264e-010
11225	1.0473e-010
11226	1.0703e-010
11227	1.0957e-010
11228	1.1206e-010
11229	1.1464e-010
11230	1.1711e-010
11231	1.198e-010
11232	1.2245e-010
11233	1.2525e-010
11234	1.2814e-010
11235	1.3099e-010
11236	1.3433e-010
11237	1.3704e-010
11238	1.4067e-010
11239	1.4379e-010
11240	1.4701e-010
11241	1.5011e-010
11242	1.5419e-010
11243	1.5789e-010
11244	1.6066e-010
11245	1.6518e-010
11246	1.6578e-010
11247	1.6137e-010
11248	1.5887e-010
11249	1.5559e-010
11250	1.514e-010
11251	1.4891e-010
11252	1.4626e-010
11253	1.4379e-010
11254	1.3927e-010
11255	1.3758e-010
11256	1.3376e-010
11257	1.312e-010
11258	1.2844e-010
11259	1.2586e-010
11260	1.2405e-010
11261	1.2115e-010
11262	1.1992e-010
11263	1.1806e-010
11264	1.1589e-010
11265	1.1142e-010
11266	1.1195e-010
11267	1.1605e-010
11268	1.1187e-010
11269	1.1387e-010
11270	1.0283e-010
11271	1.1105e-010
11272	1.1503e-010
11273	1.0567e-010
11274	1.0134e-010
11275	1.013e-010
11276	9.3745e-011
11277	1.0022e-010
11278	1.0418e-010
11279	8.99e-011
11280	1.0351e-010
11281	1.2445e-010
11282	1.0484e-010
11283	1.0032e-010
11284	8.6419e-011
11285	7.7463e-011
11286	7.7243e-011
11287	7.4549e-011
11288	7.7725e-011
11289	7.4846e-011
11290	7.462e-011
11291	6.8849e-011
11292	6.3753e-011
11293	6.1528e-011
11294	5.9015e-011
11295	5.8374e-011
11296	8.0169e-011
11297	1.0042e-010
11298	7.9804e-011
11299	6.3394e-011
11300	5.7281e-011
11301	7.5084e-011
11302	9.4664e-011
11303	7.651e-011
11304	6.8261e-011
11305	7.679e-011
11306	1.3078e-010
11307	1.8354e-010
11308	1.8576e-010
11309	5.7197e-010
11310	6.8339e-010
11311	1.6319e-010
11312	1.241e-010
11313	3.9665e-011
11314	4.0811e-011
11315	4.713e-011
11316	4.8471e-011
11317	4.9092e-011
11318	5.0134e-011
11319	5.0371e-011
11320	5.006e-011
11321	5.0385e-011
11322	5.1071e-011
11323	5.1918e-011
11324	5.3135e-011
11325	5.3873e-011
11326	5.4825e-011
11327	5.6008e-011
11328	5.7375e-011
11329	5.8634e-011
11330	6.0023e-011
11331	6.1428e-011
11332	6.2769e-011
11333	6.4304e-011
11334	6.5652e-011
11335	6.7238e-011
11336	6.8646e-011
11337	7.013e-011
11338	7.209e-011
11339	7.3429e-011
11340	7.5413e-011
11341	7.6803e-011
11342	7.848e-011
11343	8.0468e-011
11344	8.2024e-011
11345	8.3922e-011
11346	8.5957e-011
11347	8.7701e-011
11348	8.9881e-011
11349	9.1923e-011
11350	9.3993e-011
11351	9.5752e-011
11352	9.8282e-011
11353	1.0032e-010
11354	1.0279e-010
11355	1.0485e-010
11356	1.0716e-010
11357	1.0971e-010
11358	1.1217e-010
11359	1.1476e-010
11360	1.1732e-010
11361	1.2003e-010
11362	1.2261e-010
11363	1.2536e-010
11364	1.282e-010
11365	1.3107e-010
11366	1.3437e-010
11367	1.3701e-010
11368	1.406e-010
11369	1.4372e-010
11370	1.4683e-010
11371	1.4994e-010
11372	1.5413e-010
11373	1.5774e-010
11374	1.6062e-010
11375	1.6507e-010
11376	1.6571e-010
11377	1.6125e-010
11378	1.5882e-010
11379	1.5568e-010
11380	1.5148e-010
11381	1.4895e-010
11382	1.4624e-010
11383	1.4376e-010
11384	1.3927e-010
11385	1.3758e-010
11386	1.3372e-010
11387	1.3122e-010
11388	1.2856e-010
11389	1.2609e-010
11390	1.2415e-010
11391	1.2135e-010
11392	1.2002e-010
11393	1.1817e-010
11394	1.1595e-010
11395	1.1144e-010
11396	1.1218e-010
11397	1.1586e-010
11398	1.1319e-010
11399	1.1375e-010
11400	1.031e-010
11401	1.1104e-010
11402	1.1507e-010
11403	1.0561e-010
11404	1.0137e-010
11405	1.0125e-010
11406	9.3693e-011
11407	1.0011e-010
11408	1.0404e-010
11409	8.9744e-011
11410	1.0334e-010
11411	1.2424e-010
11412	1.0465e-010
11413	1.0012e-010
11414	8.6214e-011
11415	7.7268e-011
11416	7.7058e-011
11417	7.4369e-011
11418	7.7499e-011
11419	7.4645e-011
11420	7.4426e-011
11421	6.8685e-011
11422	6.3596e-011
11423	6.1385e-011
11424	5.8886e-011
11425	5.8257e-011
11426	8.0069e-011
11427	1.0032e-010
11428	7.9709e-011
11429	6.3285e-011
11430	5.7177e-011
11431	7.4989e-011
11432	9.458e-011
11433	7.6431e-011
11434	6.8183e-011
11435	7.6719e-011
11436	1.307e-010
11437	1.8347e-010
11438	1.857e-010
11439	5.7188e-010
11440	6.8318e-010
11441	1.3811e-010
11442	1.5632e-010
11443	6.2974e-011
11444	6.076e-011
11445	6.3903e-011
11446	6.4899e-011
11447	6.5791e-011
11448	6.671e-011
11449	6.5902e-011
11450	6.7163e-011
11451	6.7345e-011
11452	6.7563e-011
11453	6.9836e-011
11454	6.9695e-011
11455	7.238e-011
11456	7.295e-011
11457	7.4966e-011
11458	7.6686e-011
11459	7.8155e-011
11460	8.0464e-011
11461	8.1603e-011
11462	8.4312e-011
11463	8.5438e-011
11464	8.8132e-011
11465	8.9522e-011
11466	9.1796e-011
11467	9.4209e-011
11468	9.5419e-011
11469	9.8877e-011
11470	9.971e-011
11471	1.0307e-010
11472	1.0497e-010
11473	1.0671e-010
11474	1.1009e-010
11475	1.1198e-010
11476	1.1428e-010
11477	1.1768e-010
11478	1.2016e-010
11479	1.2201e-010
11480	1.2559e-010
11481	1.2849e-010
11482	1.3104e-010
11483	1.3359e-010
11484	1.3689e-010
11485	1.4027e-010
11486	1.4354e-010
11487	1.4657e-010
11488	1.4974e-010
11489	1.5304e-010
11490	1.5649e-010
11491	1.6015e-010
11492	1.6381e-010
11493	1.6751e-010
11494	1.7129e-010
11495	1.7529e-010
11496	1.7911e-010
11497	1.8291e-010
11498	1.872e-010
11499	1.917e-010
11500	1.9616e-010
11501	2.0124e-010
11502	2.0597e-010
11503	2.0948e-010
11504	2.1421e-010
11505	2.2106e-010
11506	2.215e-010
11507	2.1505e-010
11508	2.1055e-010
11509	2.0825e-010
11510	2.0417e-010
11511	1.9939e-010
11512	1.9543e-010
11513	1.9066e-010
11514	1.8643e-010
11515	1.8297e-010
11516	1.7955e-010
11517	1.7573e-010
11518	1.7239e-010
11519	1.6913e-010
11520	1.6528e-010
11521	1.6185e-010
11522	1.592e-010
11523	1.5726e-010
11524	1.5459e-010
11525	1.5216e-010
11526	1.5173e-010
11527	1.5048e-010
11528	1.4538e-010
11529	1.4765e-010
11530	1.4301e-010
11531	1.4616e-010
11532	1.4109e-010
11533	1.3931e-010
11534	1.3945e-010
11535	1.2658e-010
11536	1.2265e-010
11537	1.3794e-010
11538	1.2436e-010
11539	1.211e-010
11540	1.392e-010
11541	1.3842e-010
11542	1.4403e-010
11543	1.1462e-010
11544	1.1932e-010
11545	1.0552e-010
11546	9.6153e-011
11547	1.0352e-010
11548	9.5372e-011
11549	1.0359e-010
11550	9.1508e-011
11551	9.4817e-011
11552	8.301e-011
11553	8.3789e-011
11554	8.142e-011
11555	7.6528e-011
11556	1.0622e-010
11557	1.0942e-010
11558	1.0617e-010
11559	7.7036e-011
11560	7.7819e-011
11561	9.8712e-011
11562	1.0522e-010
11563	1.0148e-010
11564	9.3655e-011
11565	1.1925e-010
11566	1.6496e-010
11567	2.1245e-010
11568	2.1631e-010
11569	7.52e-010
11570	5.0643e-010
11571	1.6326e-010
11572	1.2415e-010
11573	3.9665e-011
11574	4.0807e-011
11575	4.7117e-011
11576	4.8447e-011
11577	4.9072e-011
11578	5.0131e-011
11579	5.0387e-011
11580	5.0083e-011
11581	5.0414e-011
11582	5.1098e-011
11583	5.1934e-011
11584	5.3145e-011
11585	5.3876e-011
11586	5.483e-011
11587	5.6009e-011
11588	5.7367e-011
11589	5.8623e-011
11590	6.0016e-011
11591	6.1429e-011
11592	6.2781e-011
11593	6.4324e-011
11594	6.5672e-011
11595	6.7266e-011
11596	6.8692e-011
11597	7.0175e-011
11598	7.212e-011
11599	7.345e-011
11600	7.5433e-011
11601	7.6799e-011
11602	7.846e-011
11603	8.0467e-011
11604	8.2047e-011
11605	8.3963e-011
11606	8.5978e-011
11607	8.7716e-011
11608	8.9892e-011
11609	9.1936e-011
11610	9.402e-011
11611	9.5788e-011
11612	9.8327e-011
11613	1.0035e-010
11614	1.0284e-010
11615	1.0491e-010
11616	1.0718e-010
11617	1.0972e-010
11618	1.1218e-010
11619	1.1479e-010
11620	1.1725e-010
11621	1.2003e-010
11622	1.2263e-010
11623	1.2539e-010
11624	1.2825e-010
11625	1.3112e-010
11626	1.3442e-010
11627	1.3698e-010
11628	1.4059e-010
11629	1.4365e-010
11630	1.4682e-010
11631	1.499e-010
11632	1.5404e-010
11633	1.5779e-010
11634	1.6057e-010
11635	1.6507e-010
11636	1.656e-010
11637	1.6127e-010
11638	1.588e-010
11639	1.5566e-010
11640	1.5146e-010
11641	1.4894e-010
11642	1.4625e-010
11643	1.4376e-010
11644	1.3936e-010
11645	1.3763e-010
11646	1.337e-010
11647	1.3115e-010
11648	1.2859e-010
11649	1.2608e-010
11650	1.2414e-010
11651	1.2141e-010
11652	1.1993e-010
11653	1.1822e-010
11654	1.1595e-010
11655	1.1145e-010
11656	1.1211e-010
11657	1.1623e-010
11658	1.1311e-010
11659	1.1409e-010
11660	1.0305e-010
11661	1.1111e-010
11662	1.1508e-010
11663	1.0565e-010
11664	1.0137e-010
11665	1.0122e-010
11666	9.3686e-011
11667	1.0012e-010
11668	1.04e-010
11669	8.9738e-011
11670	1.0334e-010
11671	1.242e-010
11672	1.0465e-010
11673	1.0009e-010
11674	8.6223e-011
11675	7.7264e-011
11676	7.7018e-011
11677	7.4346e-011
11678	7.7479e-011
11679	7.4632e-011
11680	7.4399e-011
11681	6.8659e-011
11682	6.3564e-011
11683	6.1359e-011
11684	5.8865e-011
11685	5.8241e-011
11686	8.0049e-011
11687	1.0027e-010
11688	7.9701e-011
11689	6.3264e-011
11690	5.7175e-011
11691	7.5017e-011
11692	9.4612e-011
11693	7.6431e-011
11694	6.8153e-011
11695	7.6694e-011
11696	1.3067e-010
11697	1.8344e-010
11698	1.8567e-010
11699	5.7166e-010
11700	6.8301e-010
11701	1.6326e-010
11702	1.2415e-010
11703	3.9665e-011
11704	4.0807e-011
11705	4.7117e-011
11706	4.8446e-011
11707	4.9072e-011
11708	5.0131e-011
11709	5.0387e-011
11710	5.0083e-011
11711	5.0414e-011
11712	5.1098e-011
11713	5.1934e-011
11714	5.3145e-011
11715	5.3876e-011
11716	5.483e-011
11717	5.6009e-011
11718	5.7367e-011
11719	5.8623e-011
11720	6.0016e-011
11721	6.1429e-011
11722	6.2781e-011
11723	6.4324e-011
11724	6.5672e-011
11725	6.7266e-011
11726	6.8692e-011
11727	7.0175e-011
11728	7.212e-011
11729	7.3451e-011
11730	7.5433e-011
11731	7.6799e-011
11732	7.846e-011
11733	8.0467e-011
11734	8.2047e-011
11735	8.3963e-011
11736	8.5978e-011
11737	8.7716e-011
11738	8.9892e-011
11739	9.1936e-011
11740	9.402e-011
11741	9.5788e-011
11742	9.8327e-011
11743	1.0035e-010
11744	1.0284e-010
11745	1.0491e-010
11746	1.0718e-010
11747	1.0972e-010
11748	1.1218e-010
11749	1.1479e-010
11750	1.1725e-010
11751	1.2003e-010
11752	1.2263e-010
11753	1.2539e-010
11754	1.2825e-010
11755	1.3112e-010
11756	1.3442e-010
11757	1.3698e-010
11758	1.4059e-010
11759	1.4365e-010
11760	1.4682e-010
11761	1.499e-010
11762	1.5404e-010
11763	1.5779e-010
11764	1.6057e-010
11765	1.6507e-010
11766	1.656e-010
11767	1.6127e-010
11768	1.588e-010
11769	1.5566e-010
11770	1.5146e-010
11771	1.4894e-010
11772	1.4625e-010
11773	1.4376e-010
11774	1.3936e-010
11775	1.3763e-010
11776	1.337e-010
11777	1.3115e-010
11778	1.2858e-010
11779	1.2605e-010
11780	1.2433e-010
11781	1.2091e-010
11782	1.201e-010
11783	1.1819e-010
11784	1.1594e-010
11785	1.1145e-010
11786	1.1212e-010
11787	1.1622e-010
11788	1.1308e-010
11789	1.1407e-010
11790	1.0305e-010
11791	1.1111e-010
11792	1.1506e-010
11793	1.0565e-010
11794	1.0137e-010
11795	1.0122e-010
11796	9.3686e-011
11797	1.0012e-010
11798	1.04e-010
11799	8.9738e-011
11800	1.0334e-010
11801	1.242e-010
11802	1.0465e-010
11803	1.0009e-010
11804	8.6223e-011
11805	7.7264e-011
11806	7.7017e-011
11807	7.4346e-011
11808	7.7479e-011
11809	7.4632e-011
11810	7.4399e-011
11811	6.8659e-011
11812	6.3564e-011
11813	6.1359e-011
11814	5.8865e-011
11815	5.8241e-011
11816	8.0049e-011
11817	1.0027e-010
11818	7.9701e-011
11819	6.3264e-011
11820	5.7175e-011
11821	7.5017e-011
11822	9.4612e-011
11823	7.6431e-011
11824	6.8153e-011
11825	7.6694e-011
11826	1.3067e-010
11827	1.8344e-010
11828	1.8567e-010
11829	5.7166e-010
11830	6.8301e-010
11831	1.3811e-010
11832	1.5632e-010
11833	6.2974e-011
11834	6.076e-011
11835	6.3903e-011
11836	6.4899e-011
11837	6.5791e-011
11838	6.671e-011
11839	6.5902e-011
11840	6.7163e-011
11841	6.7345e-011
11842	6.7563e-011
11843	6.9836e-011
11844	6.9695e-011
11845	7.238e-011
11846	7.295e-011
11847	7.4966e-011
11848	7.6686e-011
11849	7.8155e-011
11850	8.0464e-011
11851	8.1603e-011
11852	8.4312e-011
11853	8.5438e-011
11854	8.8132e-011
11855	8.9522e-011
11856	9.1796e-011
11857	9.4209e-011
11858	9.5419e-011
11859	9.8877e-011
11860	9.971e-011
11861	1.0307e-010
11862	1.0497e-010
11863	1.0671e-010
11864	1.1009e-010
11865	1.1198e-010
11866	1.1428e-010
11867	1.1768e-010
11868	1.2016e-010
11869	1.2201e-010
11870	1.2559e-010
11871	1.2849e-010
11872	1.3104e-010
11873	1.3359e-010
11874	1.3689e-010
11875	1.4027e-010
11876	1.4354e-010
11877	1.4657e-010
11878	1.4974e-010
11879	1.5304e-010
11880	1.5649e-010
11881	1.6015e-010
11882	1.6381e-010
11883	1.6751e-010
11884	1.7129e-010
11885	1.7529e-010
11886	1.7911e-010
11887	1.8291e-010
11888	1.872e-010
11889	1.917e-010
11890	1.9616e-010
11891	2.0124e-010
11892	2.0597e-010
11893	2.0948e-010
11894	2.1421e-010
11895	2.2106e-010
11896	2.215e-010
11897	2.1505e-010
11898	2.1055e-010
11899	2.0825e-010
11900	2.0417e-010
11901	1.9939e-010
11902	1.9543e-010
11903	1.9066e-010
11904	1.8643e-010
11905	1.8297e-010
11906	1.7955e-010
11907	1.7574e-010
11908	1.7237e-010
11909	1.6916e-010
11910	1.651e-010
11911	1.6174e-010
11912	1.5899e-010
11913	1.5728e-010
11914	1.5457e-010
11915	1.5216e-010
11916	1.5173e-010
11917	1.5046e-010
11918	1.4541e-010
11919	1.4763e-010
11920	1.4301e-010
11921	1.4615e-010
11922	1.4114e-010
11923	1.3929e-010
11924	1.3945e-010
11925	1.2659e-010
11926	1.2265e-010
11927	1.3794e-010
11928	1.2436e-010
11929	1.211e-010
11930	1.392e-010
11931	1.3842e-010
11932	1.4403e-010
11933	1.1462e-010
11934	1.1932e-010
11935	1.0552e-010
11936	9.6152e-011
11937	1.0352e-010
11938	9.5372e-011
11939	1.0359e-010
11940	9.1508e-011
11941	9.4817e-011
11942	8.301e-011
11943	8.3789e-011
11944	8.142e-011
11945	7.6529e-011
11946	1.0622e-010
11947	1.0942e-010
11948	1.0617e-010
11949	7.7036e-011
11950	7.7819e-011
11951	9.8712e-011
11952	1.0522e-010
11953	1.0148e-010
11954	9.3655e-011
11955	1.1925e-010
11956	1.6496e-010
11957	2.1245e-010
11958	2.1631e-010
11959	7.52e-010
11960	5.0643e-010
11961	1.6319e-010
11962	1.241e-010
11963	3.9665e-011
11964	4.0811e-011
11965	4.713e-011
11966	4.8471e-011
11967	4.9092e-011
11968	5.0134e-011
11969	5.0371e-011
11970	5.006e-011
11971	5.0385e-011
11972	5.1071e-011
11973	5.1918e-011
11974	5.3135e-011
11975	5.3873e-011
11976	5.4825e-011
11977	5.6008e-011
11978	5.7375e-011
11979	5.8634e-011
11980	6.0023e-011
11981	6.1428e-011
11982	6.2769e-011
11983	6.4304e-011
11984	6.5652e-011
11985	6.7239e-011
11986	6.8646e-011
11987	7.013e-011
11988	7.209e-011
11989	7.3429e-011
11990	7.5413e-011
11991	7.6803e-011
11992	7.8479e-011
11993	8.0468e-011
11994	8.2024e-011
11995	8.3922e-011
11996	8.5957e-011
11997	8.7701e-011
11998	8.9881e-011
11999	9.1923e-011
12000	9.3993e-011
12001	9.5752e-011
12002	9.8282e-011
12003	1.0032e-010
12004	1.0279e-010
12005	1.0485e-010
12006	1.0716e-010
12007	1.0971e-010
12008	1.1217e-010
12009	1.1476e-010
12010	1.1732e-010
12011	1.2003e-010
12012	1.2261e-010
12013	1.2536e-010
12014	1.282e-010
12015	1.3107e-010
12016	1.3437e-010
12017	1.3701e-010
12018	1.406e-010
12019	1.4372e-010
12020	1.4683e-010
12021	1.4994e-010
12022	1.5413e-010
12023	1.5774e-010
12024	1.6062e-010
12025	1.6507e-010
12026	1.6571e-010
12027	1.6125e-010
12028	1.5882e-010
12029	1.5568e-010
12030	1.5148e-010
12031	1.4895e-010
12032	1.4624e-010
12033	1.4376e-010
12034	1.3927e-010
12035	1.3758e-010
12036	1.3371e-010
12037	1.3122e-010
12038	1.2854e-010
12039	1.261e-010
12040	1.2418e-010
12041	1.2093e-010
12042	1.2002e-010
12043	1.1818e-010
12044	1.1594e-010
12045	1.1145e-010
12046	1.1214e-010
12047	1.1607e-010
12048	1.1308e-010
12049	1.1395e-010
12050	1.0306e-010
12051	1.111e-010
12052	1.1505e-010
12053	1.0565e-010
12054	1.0137e-010
12055	1.0125e-010
12056	9.3694e-011
12057	1.0011e-010
12058	1.0404e-010
12059	8.9745e-011
12060	1.0334e-010
12061	1.2424e-010
12062	1.0465e-010
12063	1.0012e-010
12064	8.6214e-011
12065	7.7268e-011
12066	7.7057e-011
12067	7.4369e-011
12068	7.7499e-011
12069	7.4645e-011
12070	7.4426e-011
12071	6.8685e-011
12072	6.3596e-011
12073	6.1385e-011
12074	5.8886e-011
12075	5.8257e-011
12076	8.0069e-011
12077	1.0032e-010
12078	7.9709e-011
12079	6.3285e-011
12080	5.7177e-011
12081	7.4989e-011
12082	9.458e-011
12083	7.6431e-011
12084	6.8183e-011
12085	7.6719e-011
12086	1.307e-010
12087	1.8347e-010
12088	1.857e-010
12089	5.7188e-010
12090	6.8318e-010
12091	1.6317e-010
12092	1.2404e-010
12093	3.9588e-011
12094	4.0727e-011
12095	4.7052e-011
12096	4.8401e-011
12097	4.9039e-011
12098	5.0103e-011
12099	5.0358e-011
12100	5.004e-011
12101	5.0347e-011
12102	5.1034e-011
12103	5.1911e-011
12104	5.3152e-011
12105	5.386e-011
12106	5.4755e-011
12107	5.5902e-011
12108	5.7256e-011
12109	5.8531e-011
12110	5.9968e-011
12111	6.1408e-011
12112	6.2758e-011
12113	6.4295e-011
12114	6.5638e-011
12115	6.7199e-011
12116	6.8558e-011
12117	7.0038e-011
12118	7.2039e-011
12119	7.3402e-011
12120	7.5394e-011
12121	7.6785e-011
12122	7.8479e-011
12123	8.0489e-011
12124	8.202e-011
12125	8.3891e-011
12126	8.5923e-011
12127	8.7654e-011
12128	8.9803e-011
12129	9.1825e-011
12130	9.3875e-011
12131	9.5635e-011
12132	9.8163e-011
12133	1.0018e-010
12134	1.0264e-010
12135	1.0473e-010
12136	1.0703e-010
12137	1.0957e-010
12138	1.1206e-010
12139	1.1464e-010
12140	1.1711e-010
12141	1.198e-010
12142	1.2245e-010
12143	1.2525e-010
12144	1.2814e-010
12145	1.3099e-010
12146	1.3433e-010
12147	1.3704e-010
12148	1.4067e-010
12149	1.4379e-010
12150	1.4701e-010
12151	1.5011e-010
12152	1.5419e-010
12153	1.5789e-010
12154	1.6066e-010
12155	1.6518e-010
12156	1.6578e-010
12157	1.6137e-010
12158	1.5887e-010
12159	1.5559e-010
12160	1.514e-010
12161	1.4891e-010
12162	1.4626e-010
12163	1.4379e-010
12164	1.3927e-010
12165	1.3758e-010
12166	1.3376e-010
12167	1.312e-010
12168	1.2842e-010
12169	1.2592e-010
12170	1.2399e-010
12171	1.2089e-010
12172	1.1982e-010
12173	1.181e-010
12174	1.1586e-010
12175	1.1144e-010
12176	1.1202e-010
12177	1.1617e-010
12178	1.1288e-010
12179	1.1403e-010
12180	1.0293e-010
12181	1.111e-010
12182	1.1506e-010
12183	1.0569e-010
12184	1.014e-010
12185	1.0128e-010
12186	9.3749e-011
12187	1.0022e-010
12188	1.0418e-010
12189	8.99e-011
12190	1.0351e-010
12191	1.2445e-010
12192	1.0484e-010
12193	1.0032e-010
12194	8.6419e-011
12195	7.7463e-011
12196	7.7243e-011
12197	7.4549e-011
12198	7.7725e-011
12199	7.4846e-011
12200	7.462e-011
12201	6.8849e-011
12202	6.3753e-011
12203	6.1528e-011
12204	5.9015e-011
12205	5.8374e-011
12206	8.0169e-011
12207	1.0042e-010
12208	7.9804e-011
12209	6.3394e-011
12210	5.7281e-011
12211	7.5084e-011
12212	9.4665e-011
12213	7.651e-011
12214	6.826e-011
12215	7.679e-011
12216	1.3078e-010
12217	1.8354e-010
12218	1.8576e-010
12219	5.7197e-010
12220	6.8339e-010
12221	1.381e-010
12222	1.562e-010
12223	6.2859e-011
12224	6.061e-011
12225	6.3756e-011
12226	6.4765e-011
12227	6.5678e-011
12228	6.6622e-011
12229	6.5832e-011
12230	6.7091e-011
12231	6.7258e-011
12232	6.7492e-011
12233	6.9821e-011
12234	6.9715e-011
12235	7.2366e-011
12236	7.2844e-011
12237	7.4793e-011
12238	7.6472e-011
12239	7.7963e-011
12240	8.0357e-011
12241	8.155e-011
12242	8.4264e-011
12243	8.5389e-011
12244	8.8104e-011
12245	8.9459e-011
12246	9.1631e-011
12247	9.402e-011
12248	9.5297e-011
12249	9.8786e-011
12250	9.9635e-011
12251	1.0302e-010
12252	1.0497e-010
12253	1.0674e-010
12254	1.1003e-010
12255	1.1185e-010
12256	1.1417e-010
12257	1.1755e-010
12258	1.1999e-010
12259	1.2182e-010
12260	1.2534e-010
12261	1.2826e-010
12262	1.3083e-010
12263	1.3335e-010
12264	1.3666e-010
12265	1.4004e-010
12266	1.433e-010
12267	1.4635e-010
12268	1.4955e-010
12269	1.5284e-010
12270	1.5614e-010
12271	1.5975e-010
12272	1.6347e-010
12273	1.6729e-010
12274	1.7113e-010
12275	1.752e-010
12276	1.7901e-010
12277	1.8297e-010
12278	1.8731e-010
12279	1.919e-010
12280	1.9656e-010
12281	2.0157e-010
12282	2.0615e-010
12283	2.0961e-010
12284	2.1441e-010
12285	2.2121e-010
12286	2.217e-010
12287	2.1528e-010
12288	2.1071e-010
12289	2.0805e-010
12290	2.0403e-010
12291	1.9938e-010
12292	1.9535e-010
12293	1.9077e-010
12294	1.8644e-010
12295	1.8301e-010
12296	1.7965e-010
12297	1.7575e-010
12298	1.7216e-010
12299	1.6882e-010
12300	1.6506e-010
12301	1.6122e-010
12302	1.5898e-010
12303	1.5704e-010
12304	1.5446e-010
12305	1.5208e-010
12306	1.5166e-010
12307	1.5028e-010
12308	1.4518e-010
12309	1.4748e-010
12310	1.4295e-010
12311	1.4608e-010
12312	1.4114e-010
12313	1.3932e-010
12314	1.3946e-010
12315	1.2661e-010
12316	1.2274e-010
12317	1.3812e-010
12318	1.2459e-010
12319	1.2139e-010
12320	1.3953e-010
12321	1.3878e-010
12322	1.4439e-010
12323	1.1497e-010
12324	1.197e-010
12325	1.0587e-010
12326	9.6514e-011
12327	1.0388e-010
12328	9.5782e-011
12329	1.0398e-010
12330	9.1868e-011
12331	9.5135e-011
12332	8.3319e-011
12333	8.4071e-011
12334	8.1676e-011
12335	7.6745e-011
12336	1.064e-010
12337	1.0959e-010
12338	1.0635e-010
12339	7.7231e-011
12340	7.8031e-011
12341	9.888e-011
12342	1.0533e-010
12343	1.0164e-010
12344	9.383e-011
12345	1.1943e-010
12346	1.6514e-010
12347	2.1262e-010
12348	2.1651e-010
12349	7.5246e-010
12350	5.0663e-010
12351	1.6317e-010
12352	1.2404e-010
12353	3.9588e-011
12354	4.0727e-011
12355	4.7052e-011
12356	4.8401e-011
12357	4.9039e-011
12358	5.0103e-011
12359	5.0358e-011
12360	5.004e-011
12361	5.0347e-011
12362	5.1034e-011
12363	5.1911e-011
12364	5.3152e-011
12365	5.386e-011
12366	5.4755e-011
12367	5.5902e-011
12368	5.7256e-011
12369	5.8531e-011
12370	5.9968e-011
12371	6.1408e-011
12372	6.2758e-011
12373	6.4295e-011
12374	6.5638e-011
12375	6.7199e-011
12376	6.8558e-011
12377	7.0038e-011
12378	7.2039e-011
12379	7.3402e-011
12380	7.5395e-011
12381	7.6785e-011
12382	7.8479e-011
12383	8.0489e-011
12384	8.202e-011
12385	8.3891e-011
12386	8.5923e-011
12387	8.7654e-011
12388	8.9803e-011
12389	9.1825e-011
12390	9.3875e-011
12391	9.5635e-011
12392	9.8163e-011
12393	1.0018e-010
12394	1.0264e-010
12395	1.0473e-010
12396	1.0703e-010
12397	1.0957e-010
12398	1.1206e-010
12399	1.1464e-010
12400	1.1711e-010
12401	1.198e-010
12402	1.2245e-010
12403	1.2525e-010
12404	1.2814e-010
12405	1.3099e-010
12406	1.3433e-010
12407	1.3704e-010
12408	1.4067e-010
12409	1.4379e-010
12410	1.4701e-010
12411	1.5011e-010
12412	1.5419e-010
12413	1.5789e-010
12414	1.6066e-010
12415	1.6518e-010
12416	1.6578e-010
12417	1.6137e-010
12418	1.5887e-010
12419	1.5559e-010
12420	1.514e-010
12421	1.4891e-010
12422	1.4626e-010
12423	1.4379e-010
12424	1.3927e-010
12425	1.3758e-010
12426	1.3376e-010
12427	1.312e-010
12428	1.2841e-010
12429	1.2593e-010
12430	1.2397e-010
12431	1.2092e-010
12432	1.198e-010
12433	1.1811e-010
12434	1.1587e-010
12435	1.1141e-010
12436	1.1206e-010
12437	1.1605e-010
12438	1.131e-010
12439	1.1394e-010
12440	1.0299e-010
12441	1.1105e-010
12442	1.1508e-010
12443	1.0569e-010
12444	1.0141e-010
12445	1.0128e-010
12446	9.3749e-011
12447	1.0022e-010
12448	1.0418e-010
12449	8.99e-011
12450	1.0351e-010
12451	1.2445e-010
12452	1.0484e-010
12453	1.0032e-010
12454	8.6419e-011
12455	7.7463e-011
12456	7.7243e-011
12457	7.4549e-011
12458	7.7725e-011
12459	7.4846e-011
12460	7.462e-011
12461	6.8849e-011
12462	6.3753e-011
12463	6.1528e-011
12464	5.9015e-011
12465	5.8374e-011
12466	8.0169e-011
12467	1.0042e-010
12468	7.9804e-011
12469	6.3394e-011
12470	5.7281e-011
12471	7.5084e-011
12472	9.4664e-011
12473	7.651e-011
12474	6.826e-011
12475	7.679e-011
12476	1.3078e-010
12477	1.8354e-010
12478	1.8576e-010
12479	5.7197e-010
12480	6.8339e-010
12481	1.6319e-010
12482	1.241e-010
12483	3.9665e-011
12484	4.0811e-011
12485	4.713e-011
12486	4.8471e-011
12487	4.9092e-011
12488	5.0134e-011
12489	5.0371e-011
12490	5.006e-011
12491	5.0385e-011
12492	5.1071e-011
12493	5.1918e-011
12494	5.3135e-011
12495	5.3873e-011
12496	5.4825e-011
12497	5.6008e-011
12498	5.7375e-011
12499	5.8634e-011
12500	6.0023e-011
12501	6.1428e-011
12502	6.2769e-011
12503	6.4304e-011
12504	6.5652e-011
12505	6.7238e-011
12506	6.8646e-011
12507	7.013e-011
12508	7.209e-011
12509	7.3429e-011
12510	7.5413e-011
12511	7.6803e-011
12512	7.848e-011
12513	8.0468e-011
12514	8.2024e-011
12515	8.3922e-011
12516	8.5957e-011
12517	8.7701e-011
12518	8.9881e-011
12519	9.1923e-011
12520	9.3993e-011
12521	9.5752e-011
12522	9.8282e-011
12523	1.0032e-010
12524	1.0279e-010
12525	1.0485e-010
12526	1.0716e-010
12527	1.0971e-010
12528	1.1217e-010
12529	1.1476e-010
12530	1.1732e-010
12531	1.2003e-010
12532	1.2261e-010
12533	1.2536e-010
12534	1.282e-010
12535	1.3107e-010
12536	1.3437e-010
12537	1.3701e-010
12538	1.406e-010
12539	1.4372e-010
12540	1.4683e-010
12541	1.4994e-010
12542	1.5413e-010
12543	1.5774e-010
12544	1.6062e-010
12545	1.6507e-010
12546	1.6571e-010
12547	1.6125e-010
12548	1.5882e-010
12549	1.5568e-010
12550	1.5148e-010
12551	1.4895e-010
12552	1.4624e-010
12553	1.4376e-010
12554	1.3927e-010
12555	1.3758e-010
12556	1.3371e-010
12557	1.3122e-010
12558	1.2854e-010
12559	1.2612e-010
12560	1.2411e-010
12561	1.211e-010
12562	1.1995e-010
12563	1.182e-010
12564	1.1594e-010
12565	1.1145e-010
12566	1.1211e-010
12567	1.1605e-010
12568	1.1338e-010
12569	1.1395e-010
12570	1.0304e-010
12571	1.1113e-010
12572	1.1492e-010
12573	1.057e-010
12574	1.0137e-010
12575	1.0124e-010
12576	9.3695e-011
12577	1.0011e-010
12578	1.0404e-010
12579	8.9744e-011
12580	1.0334e-010
12581	1.2424e-010
12582	1.0465e-010
12583	1.0012e-010
12584	8.6214e-011
12585	7.7268e-011
12586	7.7057e-011
12587	7.4369e-011
12588	7.7499e-011
12589	7.4645e-011
12590	7.4426e-011
12591	6.8685e-011
12592	6.3596e-011
12593	6.1385e-011
12594	5.8886e-011
12595	5.8257e-011
12596	8.0069e-011
12597	1.0032e-010
12598	7.9709e-011
12599	6.3285e-011
12600	5.7176e-011
12601	7.4989e-011
12602	9.458e-011
12603	7.6431e-011
12604	6.8183e-011
12605	7.6719e-011
12606	1.307e-010
12607	1.8347e-010
12608	1.857e-010
12609	5.7188e-010
12610	6.8318e-010
12611	1.3811e-010
12612	1.5632e-010
12613	6.2974e-011
12614	6.076e-011
12615	6.3903e-011
12616	6.4899e-011
12617	6.5791e-011
12618	6.671e-011
12619	6.5902e-011
12620	6.7163e-011
12621	6.7345e-011
12622	6.7563e-011
12623	6.9836e-011
12624	6.9695e-011
12625	7.238e-011
12626	7.295e-011
12627	7.4966e-011
12628	7.6686e-011
12629	7.8155e-011
12630	8.0463e-011
12631	8.1603e-011
12632	8.4312e-011
12633	8.5438e-011
12634	8.8132e-011
12635	8.9522e-011
12636	9.1796e-011
12637	9.4209e-011
12638	9.5419e-011
12639	9.8877e-011
12640	9.971e-011
12641	1.0307e-010
12642	1.0497e-010
12643	1.0671e-010
12644	1.1009e-010
12645	1.1198e-010
12646	1.1428e-010
12647	1.1768e-010
12648	1.2016e-010
12649	1.2201e-010
12650	1.2559e-010
12651	1.2849e-010
12652	1.3104e-010
12653	1.3359e-010
12654	1.3689e-010
12655	1.4027e-010
12656	1.4354e-010
12657	1.4657e-010
12658	1.4974e-010
12659	1.5304e-010
12660	1.5649e-010
12661	1.6015e-010
12662	1.6381e-010
12663	1.6751e-010
12664	1.7129e-010
12665	1.7529e-010
12666	1.7911e-010
12667	1.8291e-010
12668	1.872e-010
12669	1.917e-010
12670	1.9616e-010
12671	2.0124e-010
12672	2.0597e-010
12673	2.0948e-010
12674	2.1421e-010
12675	2.2106e-010
12676	2.215e-010
12677	2.1505e-010
12678	2.1055e-010
12679	2.0825e-010
12680	2.0417e-010
12681	1.9939e-010
12682	1.9543e-010
12683	1.9066e-010
12684	1.8643e-010
12685	1.8297e-010
12686	1.7955e-010
12687	1.7573e-010
12688	1.7238e-010
12689	1.6909e-010
12690	1.6533e-010
12691	1.6145e-010
12692	1.5921e-010
12693	1.5722e-010
12694	1.5458e-010
12695	1.5216e-010
12696	1.5167e-010
12697	1.5064e-010
12698	1.4494e-010
12699	1.4779e-010
12700	1.4296e-010
12701	1.4611e-010
12702	1.4151e-010
12703	1.3927e-010
12704	1.3946e-010
12705	1.2659e-010
12706	1.2265e-010
12707	1.3794e-010
12708	1.2436e-010
12709	1.211e-010
12710	1.392e-010
12711	1.3842e-010
12712	1.4403e-010
12713	1.1462e-010
12714	1.1932e-010
12715	1.0552e-010
12716	9.6153e-011
12717	1.0352e-010
12718	9.5372e-011
12719	1.0359e-010
12720	9.1508e-011
12721	9.4817e-011
12722	8.301e-011
12723	8.3789e-011
12724	8.142e-011
12725	7.6528e-011
12726	1.0622e-010
12727	1.0942e-010
12728	1.0617e-010
12729	7.7036e-011
12730	7.7819e-011
12731	9.8712e-011
12732	1.0522e-010
12733	1.0148e-010
12734	9.3655e-011
12735	1.1925e-010
12736	1.6496e-010
12737	2.1245e-010
12738	2.1631e-010
12739	7.52e-010
12740	5.0643e-010
12741	1.6326e-010
12742	1.2415e-010
12743	3.9665e-011
12744	4.0807e-011
12745	4.7117e-011
12746	4.8446e-011
12747	4.9072e-011
12748	5.0131e-011
12749	5.0387e-011
12750	5.0082e-011
12751	5.0414e-011
12752	5.1098e-011
12753	5.1934e-011
12754	5.3145e-011
12755	5.3876e-011
12756	5.483e-011
12757	5.6009e-011
12758	5.7367e-011
12759	5.8623e-011
12760	6.0016e-011
12761	6.1429e-011
12762	6.2781e-011
12763	6.4324e-011
12764	6.5672e-011
12765	6.7266e-011
12766	6.8692e-011
12767	7.0175e-011
12768	7.212e-011
12769	7.3451e-011
12770	7.5433e-011
12771	7.6799e-011
12772	7.846e-011
12773	8.0467e-011
12774	8.2047e-011
12775	8.3963e-011
12776	8.5978e-011
12777	8.7716e-011
12778	8.9892e-011
12779	9.1936e-011
12780	9.402e-011
12781	9.5788e-011
12782	9.8327e-011
12783	1.0035e-010
12784	1.0284e-010
12785	1.0491e-010
12786	1.0718e-010
12787	1.0972e-010
12788	1.1218e-010
12789	1.1479e-010
12790	1.1725e-010
12791	1.2003e-010
12792	1.2263e-010
12793	1.2539e-010
12794	1.2825e-010
12795	1.3112e-010
12796	1.3442e-010
12797	1.3698e-010
12798	1.4059e-010
12799	1.4365e-010
12800	1.4682e-010
12801	1.499e-010
12802	1.5404e-010
12803	1.5779e-010
12804	1.6057e-010
12805	1.6507e-010
12806	1.656e-010
12807	1.6127e-010
12808	1.588e-010
12809	1.5566e-010
12810	1.5146e-010
12811	1.4894e-010
12812	1.4625e-010
12813	1.4376e-010
12814	1.3936e-010
12815	1.3763e-010
12816	1.337e-010
12817	1.3115e-010
12818	1.2857e-010
12819	1.2609e-010
12820	1.2417e-010
12821	1.2109e-010
12822	1.1994e-010
12823	1.1821e-010
12824	1.1594e-010
12825	1.1144e-010
12826	1.1221e-010
12827	1.1517e-010
12828	1.1364e-010
12829	1.1299e-010
12830	1.0305e-010
12831	1.1219e-010
12832	1.1539e-010
12833	1.0667e-010
12834	1.0131e-010
12835	1.0122e-010
12836	9.3685e-011
12837	1.0012e-010
12838	1.04e-010
12839	8.9738e-011
12840	1.0334e-010
12841	1.242e-010
12842	1.0465e-010
12843	1.0009e-010
12844	8.6223e-011
12845	7.7264e-011
12846	7.7018e-011
12847	7.4346e-011
12848	7.7479e-011
12849	7.4632e-011
12850	7.4399e-011
12851	6.8659e-011
12852	6.3564e-011
12853	6.1359e-011
12854	5.8865e-011
12855	5.8241e-011
12856	8.0048e-011
12857	1.0027e-010
12858	7.9701e-011
12859	6.3264e-011
12860	5.7175e-011
12861	7.5017e-011
12862	9.4612e-011
12863	7.6431e-011
12864	6.8153e-011
12865	7.6694e-011
12866	1.3067e-010
12867	1.8344e-010
12868	1.8567e-010
12869	5.7166e-010
12870	6.8301e-010
12871	1.6326e-010
12872	1.2415e-010
12873	3.9665e-011
12874	4.0807e-011
12875	4.7117e-011
12876	4.8446e-011
12877	4.9072e-011
12878	5.0131e-011
12879	5.0387e-011
12880	5.0082e-011
12881	5.0414e-011
12882	5.1098e-011
12883	5.1934e-011
12884	5.3145e-011
12885	5.3876e-011
12886	5.483e-011
12887	5.6009e-011
12888	5.7367e-011
12889	5.8623e-011
12890	6.0016e-011
12891	6.1429e-011
12892	6.2781e-011
12893	6.4324e-011
12894	6.5672e-011
12895	6.7266e-011
12896	6.8692e-011
12897	7.0175e-011
12898	7.212e-011
12899	7.3451e-011
12900	7.5433e-011
12901	7.6799e-011
12902	7.846e-011
12903	8.0467e-011
12904	8.2047e-011
12905	8.3963e-011
12906	8.5978e-011
12907	8.7716e-011
12908	8.9891e-011
12909	9.1936e-011
12910	9.402e-011
12911	9.5788e-011
12912	9.8327e-011
12913	1.0035e-010
12914	1.0284e-010
12915	1.0491e-010
12916	1.0718e-010
12917	1.0972e-010
12918	1.1218e-010
12919	1.1479e-010
12920	1.1725e-010
12921	1.2003e-010
12922	1.2263e-010
12923	1.2539e-010
12924	1.2825e-010
12925	1.3112e-010
12926	1.3442e-010
12927	1.3698e-010
12928	1.4059e-010
12929	1.4365e-010
12930	1.4682e-010
12931	1.499e-010
12932	1.5404e-010
12933	1.5779e-010
12934	1.6057e-010
12935	1.6507e-010
12936	1.656e-010
12937	1.6127e-010
12938	1.588e-010
12939	1.5566e-010
12940	1.5146e-010
12941	1.4894e-010
12942	1.4625e-010
12943	1.4376e-010
12944	1.3936e-010
12945	1.3763e-010
12946	1.337e-010
12947	1.3115e-010
12948	1.2857e-010
12949	1.2609e-010
12950	1.2417e-010
12951	1.2109e-010
12952	1.1994e-010
12953	1.1821e-010
12954	1.1593e-010
12955	1.1146e-010
12956	1.1203e-010
12957	1.1542e-010
12958	1.1215e-010
12959	1.1315e-010
12960	1.0305e-010
12961	1.1196e-010
12962	1.1714e-010
12963	1.0643e-010
12964	1.0144e-010
12965	1.0123e-010
12966	9.3693e-011
12967	1.0012e-010
12968	1.04e-010
12969	8.9738e-011
12970	1.0334e-010
12971	1.242e-010
12972	1.0465e-010
12973	1.0009e-010
12974	8.6223e-011
12975	7.7264e-011
12976	7.7018e-011
12977	7.4346e-011
12978	7.7479e-011
12979	7.4632e-011
12980	7.4399e-011
12981	6.8659e-011
12982	6.3564e-011
12983	6.1359e-011
12984	5.8865e-011
12985	5.8241e-011
12986	8.0049e-011
12987	1.0027e-010
12988	7.9701e-011
12989	6.3264e-011
12990	5.7175e-011
12991	7.5017e-011
12992	9.4612e-011
12993	7.6431e-011
12994	6.8153e-011
12995	7.6694e-011
12996	1.3067e-010
12997	1.8344e-010
12998	1.8567e-010
12999	5.7166e-010
13000	6.8301e-010
13001	1.3811e-010
13002	1.5632e-010
13003	6.2974e-011
13004	6.076e-011
13005	6.3903e-011
13006	6.4899e-011
13007	6.5791e-011
13008	6.671e-011
13009	6.5902e-011
13010	6.7163e-011
13011	6.7345e-011
13012	6.7563e-011
13013	6.9836e-011
13014	6.9695e-011
13015	7.238e-011
13016	7.295e-011
13017	7.4966e-011
13018	7.6686e-011
13019	7.8155e-011
13020	8.0464e-011
13021	8.1603e-011
13022	8.4312e-011
13023	8.5438e-011
13024	8.8132e-011
13025	8.9521e-011
13026	9.1796e-011
13027	9.4209e-011
13028	9.5419e-011
13029	9.8877e-011
13030	9.971e-011
13031	1.0306e-010
13032	1.0497e-010
13033	1.0671e-010
13034	1.1009e-010
13035	1.1198e-010
13036	1.1428e-010
13037	1.1768e-010
13038	1.2016e-010
13039	1.22e-010
13040	1.2559e-010
13041	1.2849e-010
13042	1.3104e-010
13043	1.3359e-010
13044	1.3689e-010
13045	1.4027e-010
13046	1.4354e-010
13047	1.4657e-010
13048	1.4974e-010
13049	1.5304e-010
13050	1.5649e-010
13051	1.6015e-010
13052	1.6381e-010
13053	1.6751e-010
13054	1.7129e-010
13055	1.7529e-010
13056	1.7911e-010
13057	1.8291e-010
13058	1.872e-010
13059	1.917e-010
13060	1.9616e-010
13061	2.0124e-010
13062	2.0597e-010
13063	2.0948e-010
13064	2.1421e-010
13065	2.2106e-010
13066	2.215e-010
13067	2.1505e-010
13068	2.1055e-010
13069	2.0825e-010
13070	2.0417e-010
13071	1.9939e-010
13072	1.9543e-010
13073	1.9066e-010
13074	1.8643e-010
13075	1.8297e-010
13076	1.7955e-010
13077	1.7573e-010
13078	1.7238e-010
13079	1.6909e-010
13080	1.6533e-010
13081	1.6145e-010
13082	1.5921e-010
13083	1.5722e-010
13084	1.5458e-010
13085	1.5222e-010
13086	1.5166e-010
13087	1.4888e-010
13088	1.4604e-010
13089	1.4593e-010
13090	1.4293e-010
13091	1.4729e-010
13092	1.4132e-010
13093	1.4034e-010
13094	1.3943e-010
13095	1.2656e-010
13096	1.2266e-010
13097	1.3794e-010
13098	1.2436e-010
13099	1.211e-010
13100	1.392e-010
13101	1.3842e-010
13102	1.4403e-010
13103	1.1462e-010
13104	1.1932e-010
13105	1.0552e-010
13106	9.6152e-011
13107	1.0352e-010
13108	9.5372e-011
13109	1.0359e-010
13110	9.1508e-011
13111	9.4817e-011
13112	8.301e-011
13113	8.3789e-011
13114	8.142e-011
13115	7.6528e-011
13116	1.0622e-010
13117	1.0942e-010
13118	1.0617e-010
13119	7.7036e-011
13120	7.7819e-011
13121	9.8712e-011
13122	1.0522e-010
13123	1.0148e-010
13124	9.3655e-011
13125	1.1925e-010
13126	1.6496e-010
13127	2.1245e-010
13128	2.1631e-010
13129	7.52e-010
13130	5.0643e-010
13131	1.6319e-010
13132	1.241e-010
13133	3.9665e-011
13134	4.0811e-011
13135	4.713e-011
13136	4.8471e-011
13137	4.9092e-011
13138	5.0134e-011
13139	5.0371e-011
13140	5.006e-011
13141	5.0385e-011
13142	5.1071e-011
13143	5.1918e-011
13144	5.3135e-011
13145	5.3873e-011
13146	5.4825e-011
13147	5.6008e-011
13148	5.7375e-011
13149	5.8634e-011
13150	6.0023e-011
13151	6.1428e-011
13152	6.2769e-011
13153	6.4304e-011
13154	6.5652e-011
13155	6.7239e-011
13156	6.8646e-011
13157	7.013e-011
13158	7.209e-011
13159	7.3429e-011
13160	7.5413e-011
13161	7.6803e-011
13162	7.848e-011
13163	8.0468e-011
13164	8.2024e-011
13165	8.3922e-011
13166	8.5957e-011
13167	8.7701e-011
13168	8.9881e-011
13169	9.1925e-011
13170	9.3993e-011
13171	9.5752e-011
13172	9.8282e-011
13173	1.0032e-010
13174	1.0279e-010
13175	1.0485e-010
13176	1.0716e-010
13177	1.0971e-010
13178	1.1217e-010
13179	1.1476e-010
13180	1.1732e-010
13181	1.2003e-010
13182	1.2261e-010
13183	1.2536e-010
13184	1.282e-010
13185	1.3107e-010
13186	1.3437e-010
13187	1.3701e-010
13188	1.406e-010
13189	1.4372e-010
13190	1.4683e-010
13191	1.4994e-010
13192	1.5413e-010
13193	1.5774e-010
13194	1.6062e-010
13195	1.6507e-010
13196	1.6571e-010
13197	1.6125e-010
13198	1.5882e-010
13199	1.5568e-010
13200	1.5148e-010
13201	1.4895e-010
13202	1.4624e-010
13203	1.4376e-010
13204	1.3927e-010
13205	1.3758e-010
13206	1.3371e-010
13207	1.3122e-010
13208	1.2854e-010
13209	1.2613e-010
13210	1.2411e-010
13211	1.2109e-010
13212	1.1995e-010
13213	1.182e-010
13214	1.1594e-010
13215	1.1143e-010
13216	1.1216e-010
13217	1.1567e-010
13218	1.1221e-010
13219	1.1347e-010
13220	1.0297e-010
13221	1.1146e-010
13222	1.1486e-010
13223	1.0602e-010
13224	1.0129e-010
13225	1.0125e-010
13226	9.3689e-011
13227	1.0011e-010
13228	1.0404e-010
13229	8.9744e-011
13230	1.0334e-010
13231	1.2424e-010
13232	1.0465e-010
13233	1.0012e-010
13234	8.6214e-011
13235	7.7268e-011
13236	7.7057e-011
13237	7.4369e-011
13238	7.7499e-011
13239	7.4645e-011
13240	7.4426e-011
13241	6.8685e-011
13242	6.3596e-011
13243	6.1385e-011
13244	5.8886e-011
13245	5.8257e-011
13246	8.0069e-011
13247	1.0032e-010
13248	7.9709e-011
13249	6.3285e-011
13250	5.7176e-011
13251	7.4989e-011
13252	9.458e-011
13253	7.6431e-011
13254	6.8183e-011
13255	7.6719e-011
13256	1.307e-010
13257	1.8347e-010
13258	1.857e-010
13259	5.7188e-010
13260	6.8318e-010
13261	1.6317e-010
13262	1.2404e-010
13263	3.9588e-011
13264	4.0727e-011
13265	4.7052e-011
13266	4.8401e-011
13267	4.9039e-011
13268	5.0103e-011
13269	5.0358e-011
13270	5.004e-011
13271	5.0347e-011
13272	5.1034e-011
13273	5.1911e-011
13274	5.3152e-011
13275	5.386e-011
13276	5.4755e-011
13277	5.5902e-011
13278	5.7256e-011
13279	5.8531e-011
13280	5.9968e-011
13281	6.1408e-011
13282	6.2758e-011
13283	6.4296e-011
13284	6.5638e-011
13285	6.7199e-011
13286	6.8558e-011
13287	7.0038e-011
13288	7.2039e-011
13289	7.3402e-011
13290	7.5395e-011
13291	7.6785e-011
13292	7.8479e-011
13293	8.0489e-011
13294	8.202e-011
13295	8.3891e-011
13296	8.5923e-011
13297	8.7656e-011
13298	8.979e-011
13299	9.1859e-011
13300	9.3861e-011
13301	9.5638e-011
13302	9.8163e-011
13303	1.0018e-010
13304	1.0264e-010
13305	1.0473e-010
13306	1.0703e-010
13307	1.0957e-010
13308	1.1206e-010
13309	1.1464e-010
13310	1.1711e-010
13311	1.198e-010
13312	1.2245e-010
13313	1.2525e-010
13314	1.2814e-010
13315	1.3099e-010
13316	1.3433e-010
13317	1.3704e-010
13318	1.4067e-010
13319	1.4379e-010
13320	1.4701e-010
13321	1.5011e-010
13322	1.5419e-010
13323	1.5789e-010
13324	1.6066e-010
13325	1.6518e-010
13326	1.6578e-010
13327	1.6137e-010
13328	1.5887e-010
13329	1.5559e-010
13330	1.514e-010
13331	1.4891e-010
13332	1.4626e-010
13333	1.4379e-010
13334	1.3927e-010
13335	1.3758e-010
13336	1.3376e-010
13337	1.312e-010
13338	1.2841e-010
13339	1.2592e-010
13340	1.2398e-010
13341	1.2091e-010
13342	1.1981e-010
13343	1.181e-010
13344	1.1586e-010
13345	1.114e-010
13346	1.1208e-010
13347	1.1582e-010
13348	1.117e-010
13349	1.1361e-010
13350	1.0291e-010
13351	1.1103e-010
13352	1.1501e-010
13353	1.0567e-010
13354	1.0134e-010
13355	1.013e-010
13356	9.3745e-011
13357	1.0022e-010
13358	1.0418e-010
13359	8.99e-011
13360	1.0351e-010
13361	1.2445e-010
13362	1.0484e-010
13363	1.0032e-010
13364	8.6419e-011
13365	7.7464e-011
13366	7.7243e-011
13367	7.4549e-011
13368	7.7725e-011
13369	7.4846e-011
13370	7.462e-011
13371	6.8849e-011
13372	6.3753e-011
13373	6.1528e-011
13374	5.9015e-011
13375	5.8374e-011
13376	8.0169e-011
13377	1.0042e-010
13378	7.9804e-011
13379	6.3394e-011
13380	5.7281e-011
13381	7.5084e-011
13382	9.4664e-011
13383	7.651e-011
13384	6.826e-011
13385	7.679e-011
13386	1.3078e-010
13387	1.8354e-010
13388	1.8576e-010
13389	5.7197e-010
13390	6.8339e-010
13391	1.381e-010
13392	1.562e-010
13393	6.2859e-011
13394	6.061e-011
13395	6.3756e-011
13396	6.4765e-011
13397	6.5678e-011
13398	6.6622e-011
13399	6.5832e-011
13400	6.7091e-011
13401	6.7258e-011
13402	6.7492e-011
13403	6.9821e-011
13404	6.9715e-011
13405	7.2366e-011
13406	7.2844e-011
13407	7.4793e-011
13408	7.6472e-011
13409	7.7963e-011
13410	8.0357e-011
13411	8.155e-011
13412	8.4264e-011
13413	8.5389e-011
13414	8.8104e-011
13415	8.9459e-011
13416	9.163e-011
13417	9.402e-011
13418	9.5297e-011
13419	9.8786e-011
13420	9.9635e-011
13421	1.0302e-010
13422	1.0497e-010
13423	1.0674e-010
13424	1.1003e-010
13425	1.1185e-010
13426	1.1417e-010
13427	1.1755e-010
13428	1.2004e-010
13429	1.2175e-010
13430	1.2539e-010
13431	1.2825e-010
13432	1.3083e-010
13433	1.3335e-010
13434	1.3666e-010
13435	1.4004e-010
13436	1.433e-010
13437	1.4635e-010
13438	1.4955e-010
13439	1.5284e-010
13440	1.5614e-010
13441	1.5975e-010
13442	1.6347e-010
13443	1.6729e-010
13444	1.7113e-010
13445	1.752e-010
13446	1.7901e-010
13447	1.8297e-010
13448	1.8731e-010
13449	1.919e-010
13450	1.9656e-010
13451	2.0157e-010
13452	2.0615e-010
13453	2.0961e-010
13454	2.1441e-010
13455	2.2121e-010
13456	2.217e-010
13457	2.1528e-010
13458	2.1071e-010
13459	2.0805e-010
13460	2.0403e-010
13461	1.9938e-010
13462	1.9535e-010
13463	1.9077e-010
13464	1.8644e-010
13465	1.8301e-010
13466	1.7965e-010
13467	1.7575e-010
13468	1.7216e-010
13469	1.6882e-010
13470	1.6505e-010
13471	1.6122e-010
13472	1.5898e-010
13473	1.5703e-010
13474	1.5447e-010
13475	1.5204e-010
13476	1.5162e-010
13477	1.4939e-010
13478	1.4374e-010
13479	1.464e-010
13480	1.4294e-010
13481	1.4596e-010
13482	1.4075e-010
13483	1.3925e-010
13484	1.3948e-010
13485	1.2659e-010
13486	1.2274e-010
13487	1.3812e-010
13488	1.2459e-010
13489	1.2139e-010
13490	1.3953e-010
13491	1.3878e-010
13492	1.4439e-010
13493	1.1497e-010
13494	1.197e-010
13495	1.0587e-010
13496	9.6514e-011
13497	1.0388e-010
13498	9.5782e-011
13499	1.0398e-010
13500	9.1869e-011
13501	9.5136e-011
13502	8.3319e-011
13503	8.4071e-011
13504	8.1676e-011
13505	7.6745e-011
13506	1.064e-010
13507	1.0959e-010
13508	1.0635e-010
13509	7.7231e-011
13510	7.8031e-011
13511	9.888e-011
13512	1.0533e-010
13513	1.0164e-010
13514	9.383e-011
13515	1.1943e-010
13516	1.6514e-010
13517	2.1262e-010
13518	2.1651e-010
13519	7.5246e-010
13520	5.0663e-010
13521	1.6317e-010
13522	1.2404e-010
13523	3.9588e-011
13524	4.0727e-011
13525	4.7052e-011
13526	4.8401e-011
13527	4.9039e-011
13528	5.0103e-011
13529	5.0358e-011
13530	5.004e-011
13531	5.0347e-011
13532	5.1034e-011
13533	5.1911e-011
13534	5.3152e-011
13535	5.386e-011
13536	5.4755e-011
13537	5.5902e-011
13538	5.7256e-011
13539	5.8531e-011
13540	5.9968e-011
13541	6.1408e-011
13542	6.2758e-011
13543	6.4295e-011
13544	6.5638e-011
13545	6.7199e-011
13546	6.8558e-011
13547	7.0038e-011
13548	7.2039e-011
13549	7.3402e-011
13550	7.5395e-011
13551	7.6785e-011
13552	7.8479e-011
13553	8.0489e-011
13554	8.202e-011
13555	8.3891e-011
13556	8.5925e-011
13557	8.766e-011
13558	8.9746e-011
13559	9.1909e-011
13560	9.3813e-011
13561	9.5643e-011
13562	9.8165e-011
13563	1.0018e-010
13564	1.0264e-010
13565	1.0473e-010
13566	1.0703e-010
13567	1.0957e-010
13568	1.1206e-010
13569	1.1464e-010
13570	1.1711e-010
13571	1.198e-010
13572	1.2245e-010
13573	1.2525e-010
13574	1.2814e-010
13575	1.3099e-010
13576	1.3433e-010
13577	1.3704e-010
13578	1.4067e-010
13579	1.4379e-010
13580	1.4701e-010
13581	1.5011e-010
13582	1.5419e-010
13583	1.5789e-010
13584	1.6066e-010
13585	1.6518e-010
13586	1.6578e-010
13587	1.6137e-010
13588	1.5887e-010
13589	1.5559e-010
13590	1.514e-010
13591	1.4891e-010
13592	1.4626e-010
13593	1.4379e-010
13594	1.3927e-010
13595	1.3758e-010
13596	1.3376e-010
13597	1.312e-010
13598	1.2842e-010
13599	1.2592e-010
13600	1.2398e-010
13601	1.2091e-010
13602	1.1981e-010
13603	1.181e-010
13604	1.1586e-010
13605	1.1141e-010
13606	1.12e-010
13607	1.1603e-010
13608	1.1168e-010
13609	1.1384e-010
13610	1.0285e-010
13611	1.1095e-010
13612	1.1498e-010
13613	1.056e-010
13614	1.0134e-010
13615	1.0131e-010
13616	9.3745e-011
13617	1.0022e-010
13618	1.0418e-010
13619	8.99e-011
13620	1.0351e-010
13621	1.2445e-010
13622	1.0484e-010
13623	1.0032e-010
13624	8.6419e-011
13625	7.7463e-011
13626	7.7243e-011
13627	7.4549e-011
13628	7.7725e-011
13629	7.4846e-011
13630	7.462e-011
13631	6.8849e-011
13632	6.3753e-011
13633	6.1528e-011
13634	5.9015e-011
13635	5.8374e-011
13636	8.0169e-011
13637	1.0042e-010
13638	7.9804e-011
13639	6.3394e-011
13640	5.7281e-011
13641	7.5084e-011
13642	9.4664e-011
13643	7.651e-011
13644	6.826e-011
13645	7.679e-011
13646	1.3078e-010
13647	1.8354e-010
13648	1.8576e-010
13649	5.7197e-010
13650	6.8339e-010
13651	1.6319e-010
13652	1.241e-010
13653	3.9665e-011
13654	4.0811e-011
13655	4.713e-011
13656	4.8471e-011
13657	4.9092e-011
13658	5.0134e-011
13659	5.0371e-011
13660	5.006e-011
13661	5.0385e-011
13662	5.1071e-011
13663	5.1918e-011
13664	5.3135e-011
13665	5.3873e-011
13666	5.4825e-011
13667	5.6008e-011
13668	5.7375e-011
13669	5.8634e-011
13670	6.0023e-011
13671	6.1428e-011
13672	6.2769e-011
13673	6.4304e-011
13674	6.5652e-011
13675	6.7238e-011
13676	6.8646e-011
13677	7.013e-011
13678	7.209e-011
13679	7.3429e-011
13680	7.5413e-011
13681	7.6803e-011
13682	7.848e-011
13683	8.0468e-011
13684	8.2024e-011
13685	8.3922e-011
13686	8.5957e-011
13687	8.7706e-011
13688	8.9861e-011
13689	9.1889e-011
13690	9.3969e-011
13691	9.5759e-011
13692	9.8282e-011
13693	1.0032e-010
13694	1.0279e-010
13695	1.0485e-010
13696	1.0716e-010
13697	1.0971e-010
13698	1.1217e-010
13699	1.1476e-010
13700	1.1732e-010
13701	1.2003e-010
13702	1.2261e-010
13703	1.2536e-010
13704	1.282e-010
13705	1.3107e-010
13706	1.3437e-010
13707	1.3701e-010
13708	1.406e-010
13709	1.4372e-010
13710	1.4683e-010
13711	1.4994e-010
13712	1.5413e-010
13713	1.5774e-010
13714	1.6062e-010
13715	1.6507e-010
13716	1.6571e-010
13717	1.6125e-010
13718	1.5882e-010
13719	1.5568e-010
13720	1.5148e-010
13721	1.4895e-010
13722	1.4624e-010
13723	1.4376e-010
13724	1.3927e-010
13725	1.3758e-010
13726	1.3371e-010
13727	1.3122e-010
13728	1.2854e-010
13729	1.2613e-010
13730	1.2411e-010
13731	1.211e-010
13732	1.1995e-010
13733	1.182e-010
13734	1.1592e-010
13735	1.1147e-010
13736	1.1212e-010
13737	1.1597e-010
13738	1.1324e-010
13739	1.1384e-010
13740	1.0302e-010
13741	1.1096e-010
13742	1.1503e-010
13743	1.0551e-010
13744	1.0137e-010
13745	1.0125e-010
13746	9.3693e-011
13747	1.0011e-010
13748	1.0404e-010
13749	8.9744e-011
13750	1.0334e-010
13751	1.2424e-010
13752	1.0465e-010
13753	1.0012e-010
13754	8.6214e-011
13755	7.7268e-011
13756	7.7058e-011
13757	7.4369e-011
13758	7.7499e-011
13759	7.4645e-011
13760	7.4426e-011
13761	6.8685e-011
13762	6.3596e-011
13763	6.1385e-011
13764	5.8886e-011
13765	5.8257e-011
13766	8.0069e-011
13767	1.0032e-010
13768	7.9709e-011
13769	6.3285e-011
13770	5.7177e-011
13771	7.4989e-011
13772	9.458e-011
13773	7.6431e-011
13774	6.8183e-011
13775	7.6719e-011
13776	1.307e-010
13777	1.8347e-010
13778	1.857e-010
13779	5.7188e-010
13780	6.8318e-010
13781	1.3811e-010
13782	1.5632e-010
13783	6.2974e-011
13784	6.076e-011
13785	6.3903e-011
13786	6.4899e-011
13787	6.5791e-011
13788	6.671e-011
13789	6.5902e-011
13790	6.7163e-011
13791	6.7345e-011
13792	6.7563e-011
13793	6.9836e-011
13794	6.9695e-011
13795	7.238e-011
13796	7.295e-011
13797	7.4966e-011
13798	7.6686e-011
13799	7.8155e-011
13800	8.0464e-011
13801	8.1603e-011
13802	8.4312e-011
13803	8.5437e-011
13804	8.8132e-011
13805	8.9522e-011
13806	9.1796e-011
13807	9.4209e-011
13808	9.5419e-011
13809	9.8877e-011
13810	9.971e-011
13811	1.0306e-010
13812	1.0497e-010
13813	1.0672e-010
13814	1.1009e-010
13815	1.1198e-010
13816	1.1428e-010
13817	1.1768e-010
13818	1.2011e-010
13819	1.2205e-010
13820	1.2554e-010
13821	1.2849e-010
13822	1.3103e-010
13823	1.3359e-010
13824	1.3689e-010
13825	1.4027e-010
13826	1.4354e-010
13827	1.4657e-010
13828	1.4974e-010
13829	1.5304e-010
13830	1.5649e-010
13831	1.6015e-010
13832	1.6381e-010
13833	1.6751e-010
13834	1.7129e-010
13835	1.7529e-010
13836	1.7911e-010
13837	1.8291e-010
13838	1.872e-010
13839	1.917e-010
13840	1.9616e-010
13841	2.0124e-010
13842	2.0597e-010
13843	2.0948e-010
13844	2.1421e-010
13845	2.2106e-010
13846	2.215e-010
13847	2.1505e-010
13848	2.1055e-010
13849	2.0825e-010
13850	2.0417e-010
13851	1.9939e-010
13852	1.9543e-010
13853	1.9066e-010
13854	1.8643e-010
13855	1.8297e-010
13856	1.7955e-010
13857	1.7573e-010
13858	1.7238e-010
13859	1.6909e-010
13860	1.6533e-010
13861	1.6145e-010
13862	1.5921e-010
13863	1.5721e-010
13864	1.5458e-010
13865	1.5214e-010
13866	1.5176e-010
13867	1.5061e-010
13868	1.4476e-010
13869	1.4771e-010
13870	1.43e-010
13871	1.4619e-010
13872	1.4098e-010
13873	1.3935e-010
13874	1.3943e-010
13875	1.2658e-010
13876	1.2265e-010
13877	1.3794e-010
13878	1.2436e-010
13879	1.211e-010
13880	1.392e-010
13881	1.3842e-010
13882	1.4403e-010
13883	1.1462e-010
13884	1.1932e-010
13885	1.0552e-010
13886	9.6152e-011
13887	1.0352e-010
13888	9.5372e-011
13889	1.0359e-010
13890	9.1508e-011
13891	9.4817e-011
13892	8.301e-011
13893	8.3789e-011
13894	8.142e-011
13895	7.6529e-011
13896	1.0622e-010
13897	1.0942e-010
13898	1.0617e-010
13899	7.7036e-011
13900	7.7819e-011
13901	9.8712e-011
13902	1.0522e-010
13903	1.0148e-010
13904	9.3655e-011
13905	1.1925e-010
13906	1.6496e-010
13907	2.1245e-010
13908	2.1631e-010
13909	7.52e-010
13910	5.0643e-010
13911	1.6326e-010
13912	1.2415e-010
13913	3.9665e-011
13914	4.0807e-011
13915	4.7117e-011
13916	4.8446e-011
13917	4.9072e-011
13918	5.0131e-011
13919	5.0387e-011
13920	5.0083e-011
13921	5.0414e-011
13922	5.1098e-011
13923	5.1934e-011
13924	5.3145e-011
13925	5.3876e-011
13926	5.483e-011
13927	5.6009e-011
13928	5.7367e-011
13929	5.8623e-011
13930	6.0016e-011
13931	6.1429e-011
13932	6.2781e-011
13933	6.4324e-011
13934	6.5672e-011
13935	6.7266e-011
13936	6.8692e-011
13937	7.0175e-011
13938	7.212e-011
13939	7.3451e-011
13940	7.5433e-011
13941	7.6799e-011
13942	7.846e-011
13943	8.0467e-011
13944	8.2047e-011
13945	8.3963e-011
13946	8.5977e-011
13947	8.7724e-011
13948	8.9852e-011
13949	9.1921e-011
13950	9.3976e-011
13951	9.5799e-011
13952	9.8326e-011
13953	1.0035e-010
13954	1.0284e-010
13955	1.0491e-010
13956	1.0718e-010
13957	1.0972e-010
13958	1.1218e-010
13959	1.1479e-010
13960	1.1725e-010
13961	1.2003e-010
13962	1.2263e-010
13963	1.2539e-010
13964	1.2825e-010
13965	1.3112e-010
13966	1.3442e-010
13967	1.3698e-010
13968	1.4059e-010
13969	1.4365e-010
13970	1.4682e-010
13971	1.499e-010
13972	1.5404e-010
13973	1.5779e-010
13974	1.6057e-010
13975	1.6507e-010
13976	1.656e-010
13977	1.6127e-010
13978	1.588e-010
13979	1.5566e-010
13980	1.5146e-010
13981	1.4894e-010
13982	1.4625e-010
13983	1.4376e-010
13984	1.3936e-010
13985	1.3763e-010
13986	1.337e-010
13987	1.3115e-010
13988	1.2857e-010
13989	1.2609e-010
13990	1.2417e-010
13991	1.2109e-010
13992	1.1994e-010
13993	1.1821e-010
13994	1.1592e-010
13995	1.1147e-010
13996	1.1214e-010
13997	1.1609e-010
13998	1.1313e-010
13999	1.1393e-010
14000	1.0304e-010
14001	1.1106e-010
14002	1.1506e-010
14003	1.0558e-010
14004	1.0137e-010
14005	1.0122e-010
14006	9.3685e-011
14007	1.0012e-010
14008	1.04e-010
14009	8.9738e-011
14010	1.0334e-010
14011	1.242e-010
14012	1.0465e-010
14013	1.0009e-010
14014	8.6223e-011
14015	7.7264e-011
14016	7.7018e-011
14017	7.4346e-011
14018	7.7479e-011
14019	7.4632e-011
14020	7.4399e-011
14021	6.8659e-011
14022	6.3564e-011
14023	6.1359e-011
14024	5.8865e-011
14025	5.8241e-011
14026	8.0049e-011
14027	1.0027e-010
14028	7.9701e-011
14029	6.3264e-011
14030	5.7175e-011
14031	7.5017e-011
14032	9.4612e-011
14033	7.6431e-011
14034	6.8153e-011
14035	7.6694e-011
14036	1.3067e-010
14037	1.8344e-010
14038	1.8567e-010
14039	5.7166e-010
14040	6.8301e-010
14041	2.6704e-010
14042	1.2688e-010
14043	8.4884e-011
14044	9.3263e-011
14045	1.0327e-010
14046	1.0823e-010
14047	1.1115e-010
14048	1.128e-010
14049	1.1136e-010
14050	1.1205e-010
14051	1.1162e-010
14052	1.1136e-010
14053	1.1448e-010
14054	1.1414e-010
14055	1.1811e-010
14056	1.191e-010
14057	1.2221e-010
14058	1.2516e-010
14059	1.2746e-010
14060	1.3153e-010
14061	1.3341e-010
14062	1.3778e-010
14063	1.3962e-010
14064	1.4387e-010
14065	1.4631e-010
14066	1.5011e-010
14067	1.5386e-010
14068	1.5636e-010
14069	1.6162e-010
14070	1.6311e-010
14071	1.6856e-010
14072	1.7173e-010
14073	1.748e-010
14074	1.803e-010
14075	1.8341e-010
14076	1.871e-010
14077	1.9245e-010
14078	1.9668e-010
14079	1.9957e-010
14080	2.0574e-010
14081	2.1e-010
14082	2.148e-010
14083	2.1828e-010
14084	2.2447e-010
14085	2.2953e-010
14086	2.3465e-010
14087	2.3969e-010
14088	2.4508e-010
14089	2.509e-010
14090	2.5607e-010
14091	2.6233e-010
14092	2.6825e-010
14093	2.7423e-010
14094	2.8035e-010
14095	2.8664e-010
14096	2.9388e-010
14097	2.9869e-010
14098	3.0693e-010
14099	3.1354e-010
14100	3.2059e-010
14101	3.2879e-010
14102	3.3712e-010
14103	3.424e-010
14104	3.4745e-010
14105	3.6272e-010
14106	3.6374e-010
14107	3.4832e-010
14108	3.4346e-010
14109	3.4008e-010
14110	3.3254e-010
14111	3.2453e-010
14112	3.1779e-010
14113	3.1226e-010
14114	3.0153e-010
14115	3.0014e-010
14116	2.9194e-010
14117	2.8606e-010
14118	2.8034e-010
14119	2.7505e-010
14120	2.7001e-010
14121	2.6116e-010
14122	2.5919e-010
14123	2.5361e-010
14124	2.4855e-010
14125	2.4393e-010
14126	2.4136e-010
14127	2.3953e-010
14128	2.2544e-010
14129	2.3167e-010
14130	2.2374e-010
14131	2.3065e-010
14132	2.0799e-010
14133	2.1897e-010
14134	2.1496e-010
14135	1.9536e-010
14136	1.9238e-010
14137	2.0889e-010
14138	1.8577e-010
14139	1.8698e-010
14140	2.0436e-010
14141	1.8679e-010
14142	2.0557e-010
14143	1.6691e-010
14144	1.75e-010
14145	1.5738e-010
14146	1.511e-010
14147	1.6012e-010
14148	1.4419e-010
14149	1.5666e-010
14150	1.3763e-010
14151	1.4618e-010
14152	1.2899e-010
14153	1.3187e-010
14154	1.2661e-010
14155	1.1826e-010
14156	1.4767e-010
14157	1.4106e-010
14158	1.4676e-010
14159	1.108e-010
14160	1.1367e-010
14161	1.4479e-010
14162	1.5289e-010
14163	1.6403e-010
14164	1.3184e-010
14165	1.8447e-010
14166	3.4515e-010
14167	3.6236e-010
14168	3.5085e-010
14169	1.0205e-009
14170	1.2997e-009
14171	2.7337e-010
14172	1.0895e-010
14173	1.0443e-010
14174	1.1061e-010
14175	1.1846e-010
14176	1.2426e-010
14177	1.2698e-010
14178	1.2667e-010
14179	1.2556e-010
14180	1.2669e-010
14181	1.2635e-010
14182	1.2624e-010
14183	1.294e-010
14184	1.2918e-010
14185	1.3386e-010
14186	1.3541e-010
14187	1.3897e-010
14188	1.4214e-010
14189	1.4507e-010
14190	1.4938e-010
14191	1.5166e-010
14192	1.5661e-010
14193	1.5865e-010
14194	1.6365e-010
14195	1.6621e-010
14196	1.7071e-010
14197	1.7524e-010
14198	1.7732e-010
14199	1.8386e-010
14200	1.8488e-010
14201	1.9169e-010
14202	1.9533e-010
14203	1.9819e-010
14204	2.0507e-010
14205	2.0828e-010
14206	2.1217e-010
14207	2.1906e-010
14208	2.2342e-010
14209	2.2639e-010
14210	2.3355e-010
14211	2.3934e-010
14212	2.438e-010
14213	2.4795e-010
14214	2.5457e-010
14215	2.6104e-010
14216	2.6703e-010
14217	2.7255e-010
14218	2.7851e-010
14219	2.8476e-010
14220	2.9079e-010
14221	2.9784e-010
14222	3.0475e-010
14223	3.1159e-010
14224	3.186e-010
14225	3.2583e-010
14226	3.3327e-010
14227	3.3956e-010
14228	3.479e-010
14229	3.5609e-010
14230	3.6463e-010
14231	3.7448e-010
14232	3.829e-010
14233	3.8803e-010
14234	3.9594e-010
14235	4.1163e-010
14236	4.1248e-010
14237	3.9688e-010
14238	3.8919e-010
14239	3.8622e-010
14240	3.7928e-010
14241	3.6986e-010
14242	3.6133e-010
14243	3.5301e-010
14244	3.4348e-010
14245	3.3961e-010
14246	3.3271e-010
14247	3.2575e-010
14248	3.194e-010
14249	3.1322e-010
14250	3.0592e-010
14251	2.9689e-010
14252	2.931e-010
14253	2.8793e-010
14254	2.8323e-010
14255	2.809e-010
14256	2.7774e-010
14257	2.6715e-010
14258	2.5483e-010
14259	2.5959e-010
14260	2.6263e-010
14261	2.5754e-010
14262	2.3297e-010
14263	2.4598e-010
14264	2.4936e-010
14265	2.1755e-010
14266	2.1861e-010
14267	2.4036e-010
14268	2.0465e-010
14269	2.157e-010
14270	2.3322e-010
14271	2.0334e-010
14272	2.352e-010
14273	1.8086e-010
14274	2.0501e-010
14275	1.798e-010
14276	1.7011e-010
14277	1.8338e-010
14278	1.6246e-010
14279	1.7804e-010
14280	1.5625e-010
14281	1.652e-010
14282	1.4879e-010
14283	1.4981e-010
14284	1.4594e-010
14285	1.3788e-010
14286	1.6474e-010
14287	1.5469e-010
14288	1.6169e-010
14289	1.2775e-010
14290	1.2988e-010
14291	1.6229e-010
14292	1.6761e-010
14293	1.6499e-010
14294	1.6729e-010
14295	2.3726e-010
14296	4.0911e-010
14297	3.5406e-010
14298	3.4128e-010
14299	1.0969e-009
14300	1.2515e-009
14301	2.6691e-010
14302	1.2679e-010
14303	8.4866e-011
14304	9.3222e-011
14305	1.0322e-010
14306	1.0817e-010
14307	1.111e-010
14308	1.1276e-010
14309	1.1133e-010
14310	1.1205e-010
14311	1.1165e-010
14312	1.1138e-010
14313	1.1447e-010
14314	1.1407e-010
14315	1.1804e-010
14316	1.1904e-010
14317	1.2217e-010
14318	1.2516e-010
14319	1.2746e-010
14320	1.3146e-010
14321	1.3331e-010
14322	1.3773e-010
14323	1.3962e-010
14324	1.439e-010
14325	1.4635e-010
14326	1.5013e-010
14327	1.5384e-010
14328	1.5628e-010
14329	1.6155e-010
14330	1.6307e-010
14331	1.6854e-010
14332	1.7165e-010
14333	1.7466e-010
14334	1.8018e-010
14335	1.8334e-010
14336	1.8705e-010
14337	1.924e-010
14338	1.9675e-010
14339	1.9927e-010
14340	2.0577e-010
14341	2.0998e-010
14342	2.149e-010
14343	2.1838e-010
14344	2.2448e-010
14345	2.2937e-010
14346	2.345e-010
14347	2.397e-010
14348	2.4513e-010
14349	2.5085e-010
14350	2.5587e-010
14351	2.6222e-010
14352	2.6809e-010
14353	2.7407e-010
14354	2.8026e-010
14355	2.8664e-010
14356	2.9387e-010
14357	2.9876e-010
14358	3.0689e-010
14359	3.1347e-010
14360	3.2059e-010
14361	3.2891e-010
14362	3.3727e-010
14363	3.4252e-010
14364	3.4748e-010
14365	3.627e-010
14366	3.6384e-010
14367	3.4838e-010
14368	3.4349e-010
14369	3.4022e-010
14370	3.3261e-010
14371	3.2453e-010
14372	3.1776e-010
14373	3.1223e-010
14374	3.0154e-010
14375	3.0007e-010
14376	2.9194e-010
14377	2.8609e-010
14378	2.8035e-010
14379	2.7502e-010
14380	2.6994e-010
14381	2.6106e-010
14382	2.5915e-010
14383	2.5352e-010
14384	2.4846e-010
14385	2.4386e-010
14386	2.4124e-010
14387	2.3984e-010
14388	2.2515e-010
14389	2.3198e-010
14390	2.2378e-010
14391	2.2887e-010
14392	2.0915e-010
14393	2.1731e-010
14394	2.1508e-010
14395	1.9545e-010
14396	1.9247e-010
14397	2.0894e-010
14398	1.859e-010
14399	1.8712e-010
14400	2.0448e-010
14401	1.8696e-010
14402	2.057e-010
14403	1.6709e-010
14404	1.7515e-010
14405	1.5754e-010
14406	1.5129e-010
14407	1.603e-010
14408	1.4434e-010
14409	1.5678e-010
14410	1.3775e-010
14411	1.4627e-010
14412	1.2906e-010
14413	1.3193e-010
14414	1.2666e-010
14415	1.1832e-010
14416	1.4775e-010
14417	1.4118e-010
14418	1.4682e-010
14419	1.1089e-010
14420	1.1371e-010
14421	1.4474e-010
14422	1.5294e-010
14423	1.6403e-010
14424	1.3195e-010
14425	1.8454e-010
14426	3.4514e-010
14427	3.6236e-010
14428	3.5093e-010
14429	1.0212e-009
14430	1.3003e-009
14431	2.6688e-010
14432	1.2675e-010
14433	8.4814e-011
14434	9.3159e-011
14435	1.0317e-010
14436	1.0815e-010
14437	1.1108e-010
14438	1.1275e-010
14439	1.1133e-010
14440	1.1203e-010
14441	1.116e-010
14442	1.1133e-010
14443	1.1444e-010
14444	1.1406e-010
14445	1.18e-010
14446	1.1896e-010
14447	1.2207e-010
14448	1.2505e-010
14449	1.2736e-010
14450	1.314e-010
14451	1.3329e-010
14452	1.3774e-010
14453	1.3963e-010
14454	1.4389e-010
14455	1.463e-010
14456	1.5004e-010
14457	1.5374e-010
14458	1.562e-010
14459	1.615e-010
14460	1.6304e-010
14461	1.685e-010
14462	1.7162e-010
14463	1.7464e-010
14464	1.8016e-010
14465	1.833e-010
14466	1.8699e-010
14467	1.923e-010
14468	1.9661e-010
14469	1.9916e-010
14470	2.0562e-010
14471	2.0981e-010
14472	2.1468e-010
14473	2.1814e-010
14474	2.2429e-010
14475	2.293e-010
14476	2.3441e-010
14477	2.3948e-010
14478	2.4487e-010
14479	2.5062e-010
14480	2.5566e-010
14481	2.6209e-010
14482	2.6796e-010
14483	2.7392e-010
14484	2.802e-010
14485	2.8663e-010
14486	2.9394e-010
14487	2.9889e-010
14488	3.0701e-010
14489	3.1359e-010
14490	3.2079e-010
14491	3.2911e-010
14492	3.3748e-010
14493	3.4289e-010
14494	3.478e-010
14495	3.63e-010
14496	3.6406e-010
14497	3.486e-010
14498	3.4362e-010
14499	3.4037e-010
14500	3.3273e-010
14501	3.2459e-010
14502	3.179e-010
14503	3.1236e-010
14504	3.0164e-010
14505	3.0012e-010
14506	2.9201e-010
14507	2.8605e-010
14508	2.8025e-010
14509	2.7489e-010
14510	2.699e-010
14511	2.6085e-010
14512	2.59e-010
14513	2.5338e-010
14514	2.4832e-010
14515	2.4367e-010
14516	2.4113e-010
14517	2.4043e-010
14518	2.2495e-010
14519	2.3261e-010
14520	2.2369e-010
14521	2.287e-010
14522	2.0933e-010
14523	2.173e-010
14524	2.1516e-010
14525	1.9554e-010
14526	1.9259e-010
14527	2.0914e-010
14528	1.8613e-010
14529	1.8737e-010
14530	2.0473e-010
14531	1.8723e-010
14532	2.0598e-010
14533	1.6739e-010
14534	1.7545e-010
14535	1.5782e-010
14536	1.5156e-010
14537	1.6057e-010
14538	1.4466e-010
14539	1.5709e-010
14540	1.3805e-010
14541	1.4653e-010
14542	1.293e-010
14543	1.3214e-010
14544	1.2684e-010
14545	1.1848e-010
14546	1.4789e-010
14547	1.4131e-010
14548	1.4694e-010
14549	1.1098e-010
14550	1.1381e-010
14551	1.4484e-010
14552	1.5303e-010
14553	1.6414e-010
14554	1.3209e-010
14555	1.8471e-010
14556	3.4534e-010
14557	3.6247e-010
14558	3.5104e-010
14559	1.0214e-009
14560	1.3006e-009
14561	2.7325e-010
14562	1.0883e-010
14563	1.0427e-010
14564	1.1044e-010
14565	1.1833e-010
14566	1.2418e-010
14567	1.2693e-010
14568	1.2664e-010
14569	1.2553e-010
14570	1.2664e-010
14571	1.2626e-010
14572	1.2614e-010
14573	1.2932e-010
14574	1.2911e-010
14575	1.3374e-010
14576	1.352e-010
14577	1.3872e-010
14578	1.419e-010
14579	1.4488e-010
14580	1.4924e-010
14581	1.5158e-010
14582	1.566e-010
14583	1.5867e-010
14584	1.6365e-010
14585	1.6613e-010
14586	1.7052e-010
14587	1.7501e-010
14588	1.7716e-010
14589	1.838e-010
14590	1.849e-010
14591	1.9169e-010
14592	1.9529e-010
14593	1.9816e-010
14594	2.0504e-010
14595	2.0823e-010
14596	2.1207e-010
14597	2.1891e-010
14598	2.2333e-010
14599	2.2588e-010
14600	2.3346e-010
14601	2.3908e-010
14602	2.434e-010
14603	2.4742e-010
14604	2.5419e-010
14605	2.6087e-010
14606	2.6685e-010
14607	2.7216e-010
14608	2.7803e-010
14609	2.8436e-010
14610	2.9035e-010
14611	2.9743e-010
14612	3.044e-010
14613	3.1128e-010
14614	3.1853e-010
14615	3.2596e-010
14616	3.3342e-010
14617	3.3987e-010
14618	3.4817e-010
14619	3.5636e-010
14620	3.6511e-010
14621	3.7501e-010
14622	3.8348e-010
14623	3.8862e-010
14624	3.9684e-010
14625	4.121e-010
14626	4.1283e-010
14627	3.9735e-010
14628	3.8946e-010
14629	3.8656e-010
14630	3.7971e-010
14631	3.7013e-010
14632	3.6167e-010
14633	3.5324e-010
14634	3.4353e-010
14635	3.3963e-010
14636	3.3294e-010
14637	3.2573e-010
14638	3.1928e-010
14639	3.1305e-010
14640	3.0546e-010
14641	2.9673e-010
14642	2.926e-010
14643	2.8768e-010
14644	2.8296e-010
14645	2.8049e-010
14646	2.776e-010
14647	2.696e-010
14648	2.5159e-010
14649	2.6196e-010
14650	2.6239e-010
14651	2.5729e-010
14652	2.3265e-010
14653	2.4607e-010
14654	2.4943e-010
14655	2.1762e-010
14656	2.1876e-010
14657	2.4064e-010
14658	2.0498e-010
14659	2.161e-010
14660	2.3365e-010
14661	2.0384e-010
14662	2.358e-010
14663	1.8146e-010
14664	2.0572e-010
14665	1.8046e-010
14666	1.7076e-010
14667	1.8404e-010
14668	1.6318e-010
14669	1.7872e-010
14670	1.5691e-010
14671	1.6574e-010
14672	1.493e-010
14673	1.5023e-010
14674	1.4633e-010
14675	1.3824e-010
14676	1.6504e-010
14677	1.5497e-010
14678	1.6192e-010
14679	1.2791e-010
14680	1.3006e-010
14681	1.6244e-010
14682	1.6771e-010
14683	1.6516e-010
14684	1.6759e-010
14685	2.3766e-010
14686	4.0955e-010
14687	3.5429e-010
14688	3.4158e-010
14689	1.0977e-009
14690	1.252e-009
14691	2.6688e-010
14692	1.2675e-010
14693	8.4814e-011
14694	9.3159e-011
14695	1.0317e-010
14696	1.0815e-010
14697	1.1108e-010
14698	1.1275e-010
14699	1.1133e-010
14700	1.1203e-010
14701	1.116e-010
14702	1.1133e-010
14703	1.1444e-010
14704	1.1406e-010
14705	1.18e-010
14706	1.1896e-010
14707	1.2207e-010
14708	1.2505e-010
14709	1.2736e-010
14710	1.314e-010
14711	1.3329e-010
14712	1.3774e-010
14713	1.3963e-010
14714	1.4389e-010
14715	1.463e-010
14716	1.5004e-010
14717	1.5374e-010
14718	1.562e-010
14719	1.615e-010
14720	1.6304e-010
14721	1.685e-010
14722	1.7162e-010
14723	1.7464e-010
14724	1.8016e-010
14725	1.833e-010
14726	1.8699e-010
14727	1.923e-010
14728	1.9662e-010
14729	1.9914e-010
14730	2.0563e-010
14731	2.0981e-010
14732	2.1469e-010
14733	2.1814e-010
14734	2.2429e-010
14735	2.293e-010
14736	2.3441e-010
14737	2.3948e-010
14738	2.4487e-010
14739	2.5062e-010
14740	2.5566e-010
14741	2.6209e-010
14742	2.6796e-010
14743	2.7392e-010
14744	2.802e-010
14745	2.8663e-010
14746	2.9394e-010
14747	2.9889e-010
14748	3.0701e-010
14749	3.1359e-010
14750	3.2079e-010
14751	3.2911e-010
14752	3.3748e-010
14753	3.4289e-010
14754	3.478e-010
14755	3.63e-010
14756	3.6406e-010
14757	3.486e-010
14758	3.4362e-010
14759	3.4037e-010
14760	3.3273e-010
14761	3.2459e-010
14762	3.179e-010
14763	3.1236e-010
14764	3.0164e-010
14765	3.0012e-010
14766	2.9202e-010
14767	2.8605e-010
14768	2.8026e-010
14769	2.7488e-010
14770	2.6991e-010
14771	2.6105e-010
14772	2.5902e-010
14773	2.5337e-010
14774	2.4832e-010
14775	2.4364e-010
14776	2.41e-010
14777	2.4208e-010
14778	2.2318e-010
14779	2.3426e-010
14780	2.2357e-010
14781	2.2865e-010
14782	2.0932e-010
14783	2.1728e-010
14784	2.1515e-010
14785	1.9554e-010
14786	1.9259e-010
14787	2.0914e-010
14788	1.8613e-010
14789	1.8737e-010
14790	2.0473e-010
14791	1.8723e-010
14792	2.0598e-010
14793	1.6739e-010
14794	1.7545e-010
14795	1.5782e-010
14796	1.5156e-010
14797	1.6057e-010
14798	1.4466e-010
14799	1.5709e-010
14800	1.3805e-010
14801	1.4653e-010
14802	1.293e-010
14803	1.3214e-010
14804	1.2684e-010
14805	1.1848e-010
14806	1.4789e-010
14807	1.4131e-010
14808	1.4694e-010
14809	1.1098e-010
14810	1.1381e-010
14811	1.4484e-010
14812	1.5303e-010
14813	1.6414e-010
14814	1.3209e-010
14815	1.8471e-010
14816	3.4534e-010
14817	3.6247e-010
14818	3.5104e-010
14819	1.0214e-009
14820	1.3006e-009
14821	2.6691e-010
14822	1.2679e-010
14823	8.4866e-011
14824	9.3222e-011
14825	1.0322e-010
14826	1.0817e-010
14827	1.111e-010
14828	1.1276e-010
14829	1.1133e-010
14830	1.1205e-010
14831	1.1165e-010
14832	1.1138e-010
14833	1.1447e-010
14834	1.1407e-010
14835	1.1804e-010
14836	1.1904e-010
14837	1.2217e-010
14838	1.2516e-010
14839	1.2746e-010
14840	1.3146e-010
14841	1.3331e-010
14842	1.3773e-010
14843	1.3962e-010
14844	1.439e-010
14845	1.4635e-010
14846	1.5013e-010
14847	1.5384e-010
14848	1.5628e-010
14849	1.6155e-010
14850	1.6307e-010
14851	1.6854e-010
14852	1.7165e-010
14853	1.7466e-010
14854	1.8018e-010
14855	1.8334e-010
14856	1.8706e-010
14857	1.9239e-010
14858	1.9677e-010
14859	1.993e-010
14860	2.058e-010
14861	2.0997e-010
14862	2.149e-010
14863	2.1838e-010
14864	2.2448e-010
14865	2.2937e-010
14866	2.345e-010
14867	2.397e-010
14868	2.4513e-010
14869	2.5085e-010
14870	2.5587e-010
14871	2.6222e-010
14872	2.6809e-010
14873	2.7407e-010
14874	2.8026e-010
14875	2.8664e-010
14876	2.9387e-010
14877	2.9876e-010
14878	3.0689e-010
14879	3.1347e-010
14880	3.2059e-010
14881	3.2891e-010
14882	3.3727e-010
14883	3.4252e-010
14884	3.4748e-010
14885	3.627e-010
14886	3.6384e-010
14887	3.4838e-010
14888	3.4349e-010
14889	3.4022e-010
14890	3.3261e-010
14891	3.2453e-010
14892	3.1776e-010
14893	3.1223e-010
14894	3.0154e-010
14895	3.0007e-010
14896	2.9194e-010
14897	2.8608e-010
14898	2.8036e-010
14899	2.75e-010
14900	2.6996e-010
14901	2.6119e-010
14902	2.5918e-010
14903	2.5351e-010
14904	2.4846e-010
14905	2.4379e-010
14906	2.4113e-010
14907	2.4219e-010
14908	2.2347e-010
14909	2.3437e-010
14910	2.2367e-010
14911	2.2873e-010
14912	2.0934e-010
14913	2.1724e-010
14914	2.1507e-010
14915	1.9545e-010
14916	1.9247e-010
14917	2.0894e-010
14918	1.859e-010
14919	1.8712e-010
14920	2.0448e-010
14921	1.8696e-010
14922	2.057e-010
14923	1.6709e-010
14924	1.7515e-010
14925	1.5754e-010
14926	1.5129e-010
14927	1.603e-010
14928	1.4434e-010
14929	1.5678e-010
14930	1.3775e-010
14931	1.4627e-010
14932	1.2906e-010
14933	1.3193e-010
14934	1.2666e-010
14935	1.1832e-010
14936	1.4775e-010
14937	1.4118e-010
14938	1.4682e-010
14939	1.1089e-010
14940	1.1371e-010
14941	1.4474e-010
14942	1.5294e-010
14943	1.6403e-010
14944	1.3195e-010
14945	1.8454e-010
14946	3.4514e-010
14947	3.6236e-010
14948	3.5093e-010
14949	1.0212e-009
14950	1.3003e-009
14951	2.7337e-010
14952	1.0895e-010
14953	1.0443e-010
14954	1.1061e-010
14955	1.1846e-010
14956	1.2426e-010
14957	1.2698e-010
14958	1.2667e-010
14959	1.2556e-010
14960	1.2669e-010
14961	1.2635e-010
14962	1.2624e-010
14963	1.2941e-010
14964	1.2918e-010
14965	1.3386e-010
14966	1.3541e-010
14967	1.3897e-010
14968	1.4214e-010
14969	1.4507e-010
14970	1.4938e-010
14971	1.5166e-010
14972	1.5661e-010
14973	1.5865e-010
14974	1.6365e-010
14975	1.6621e-010
14976	1.7071e-010
14977	1.7524e-010
14978	1.7732e-010
14979	1.8386e-010
14980	1.8488e-010
14981	1.9169e-010
14982	1.9533e-010
14983	1.9819e-010
14984	2.0507e-010
14985	2.0828e-010
14986	2.1216e-010
14987	2.1908e-010
14988	2.2352e-010
14989	2.2622e-010
14990	2.3366e-010
14991	2.3936e-010
14992	2.438e-010
14993	2.4795e-010
14994	2.5457e-010
14995	2.6104e-010
14996	2.6703e-010
14997	2.7255e-010
14998	2.7851e-010
14999	2.8476e-010
15000	2.9079e-010
15001	2.9784e-010
15002	3.0475e-010
15003	3.1159e-010
15004	3.186e-010
15005	3.2583e-010
15006	3.3327e-010
15007	3.3956e-010
15008	3.479e-010
15009	3.5609e-010
15010	3.6463e-010
15011	3.7448e-010
15012	3.829e-010
15013	3.8803e-010
15014	3.9594e-010
15015	4.1163e-010
15016	4.1248e-010
15017	3.9688e-010
15018	3.8919e-010
15019	3.8622e-010
15020	3.7928e-010
15021	3.6986e-010
15022	3.6133e-010
15023	3.5301e-010
15024	3.4348e-010
15025	3.3961e-010
15026	3.3271e-010
15027	3.2575e-010
15028	3.1939e-010
15029	3.1326e-010
15030	3.0575e-010
15031	2.9703e-010
15032	2.9294e-010
15033	2.8796e-010
15034	2.832e-010
15035	2.8079e-010
15036	2.7779e-010
15037	2.7009e-010
15038	2.5148e-010
15039	2.6253e-010
15040	2.6263e-010
15041	2.575e-010
15042	2.327e-010
15043	2.4602e-010
15044	2.4933e-010
15045	2.1754e-010
15046	2.1861e-010
15047	2.4036e-010
15048	2.0465e-010
15049	2.157e-010
15050	2.3322e-010
15051	2.0334e-010
15052	2.352e-010
15053	1.8086e-010
15054	2.0502e-010
15055	1.798e-010
15056	1.7011e-010
15057	1.8338e-010
15058	1.6246e-010
15059	1.7804e-010
15060	1.5625e-010
15061	1.652e-010
15062	1.4879e-010
15063	1.4981e-010
15064	1.4594e-010
15065	1.3788e-010
15066	1.6474e-010
15067	1.5469e-010
15068	1.6169e-010
15069	1.2775e-010
15070	1.2988e-010
15071	1.6229e-010
15072	1.6761e-010
15073	1.6499e-010
15074	1.6729e-010
15075	2.3726e-010
15076	4.0911e-010
15077	3.5406e-010
15078	3.4128e-010
15079	1.0969e-009
15080	1.2515e-009
15081	2.6704e-010
15082	1.2688e-010
15083	8.4884e-011
15084	9.3263e-011
15085	1.0327e-010
15086	1.0823e-010
15087	1.1115e-010
15088	1.128e-010
15089	1.1136e-010
15090	1.1205e-010
15091	1.1162e-010
15092	1.1136e-010
15093	1.1448e-010
15094	1.1414e-010
15095	1.1811e-010
15096	1.191e-010
15097	1.2221e-010
15098	1.2516e-010
15099	1.2746e-010
15100	1.3153e-010
15101	1.3341e-010
15102	1.3778e-010
15103	1.3962e-010
15104	1.4387e-010
15105	1.4631e-010
15106	1.5011e-010
15107	1.5386e-010
15108	1.5636e-010
15109	1.6162e-010
15110	1.6311e-010
15111	1.6856e-010
15112	1.7173e-010
15113	1.748e-010
15114	1.803e-010
15115	1.8341e-010
15116	1.871e-010
15117	1.9243e-010
15118	1.9681e-010
15119	1.9942e-010
15120	2.0588e-010
15121	2.0997e-010
15122	2.1479e-010
15123	2.1828e-010
15124	2.2447e-010
15125	2.2953e-010
15126	2.3465e-010
15127	2.3969e-010
15128	2.4508e-010
15129	2.509e-010
15130	2.5607e-010
15131	2.6233e-010
15132	2.6825e-010
15133	2.7423e-010
15134	2.8035e-010
15135	2.8664e-010
15136	2.9388e-010
15137	2.9869e-010
15138	3.0693e-010
15139	3.1354e-010
15140	3.2059e-010
15141	3.2879e-010
15142	3.3712e-010
15143	3.424e-010
15144	3.4745e-010
15145	3.6272e-010
15146	3.6374e-010
15147	3.4832e-010
15148	3.4346e-010
15149	3.4008e-010
15150	3.3254e-010
15151	3.2454e-010
15152	3.1779e-010
15153	3.1226e-010
15154	3.0153e-010
15155	3.0014e-010
15156	2.9193e-010
15157	2.8606e-010
15158	2.8033e-010
15159	2.7504e-010
15160	2.7002e-010
15161	2.6108e-010
15162	2.592e-010
15163	2.5361e-010
15164	2.4854e-010
15165	2.4389e-010
15166	2.4117e-010
15167	2.4066e-010
15168	2.2418e-010
15169	2.3281e-010
15170	2.2372e-010
15171	2.2874e-010
15172	2.0931e-010
15173	2.1722e-010
15174	2.1507e-010
15175	1.9539e-010
15176	1.9239e-010
15177	2.0889e-010
15178	1.8577e-010
15179	1.8698e-010
15180	2.0436e-010
15181	1.8679e-010
15182	2.0557e-010
15183	1.6691e-010
15184	1.75e-010
15185	1.5738e-010
15186	1.511e-010
15187	1.6012e-010
15188	1.4419e-010
15189	1.5666e-010
15190	1.3763e-010
15191	1.4618e-010
15192	1.2899e-010
15193	1.3187e-010
15194	1.2661e-010
15195	1.1826e-010
15196	1.4767e-010
15197	1.4106e-010
15198	1.4676e-010
15199	1.108e-010
15200	1.1367e-010
15201	1.4479e-010
15202	1.5289e-010
15203	1.6403e-010
15204	1.3184e-010
15205	1.8447e-010
15206	3.4515e-010
15207	3.6236e-010
15208	3.5085e-010
15209	1.0205e-009
15210	1.2997e-009
15211	2.6704e-010
15212	1.2688e-010
15213	8.4884e-011
15214	9.3263e-011
15215	1.0327e-010
15216	1.0823e-010
15217	1.1115e-010
15218	1.128e-010
15219	1.1136e-010
15220	1.1205e-010
15221	1.1162e-010
15222	1.1136e-010
15223	1.1448e-010
15224	1.1414e-010
15225	1.1811e-010
15226	1.191e-010
15227	1.2221e-010
15228	1.2516e-010
15229	1.2746e-010
15230	1.3153e-010
15231	1.3341e-010
15232	1.3778e-010
15233	1.3962e-010
15234	1.4387e-010
15235	1.4631e-010
15236	1.5011e-010
15237	1.5386e-010
15238	1.5636e-010
15239	1.6162e-010
15240	1.6311e-010
15241	1.6856e-010
15242	1.7173e-010
15243	1.748e-010
15244	1.803e-010
15245	1.8341e-010
15246	1.871e-010
15247	1.9243e-010
15248	1.9681e-010
15249	1.9942e-010
15250	2.0588e-010
15251	2.0997e-010
15252	2.1479e-010
15253	2.1828e-010
15254	2.2447e-010
15255	2.2953e-010
15256	2.3465e-010
15257	2.3969e-010
15258	2.4508e-010
15259	2.509e-010
15260	2.5607e-010
15261	2.6233e-010
15262	2.6825e-010
15263	2.7423e-010
15264	2.8035e-010
15265	2.8664e-010
15266	2.9388e-010
15267	2.9869e-010
15268	3.0693e-010
15269	3.1354e-010
15270	3.2059e-010
15271	3.2879e-010
15272	3.3712e-010
15273	3.424e-010
15274	3.4745e-010
15275	3.6272e-010
15276	3.6374e-010
15277	3.4832e-010
15278	3.4346e-010
15279	3.4008e-010
15280	3.3254e-010
15281	3.2454e-010
15282	3.1779e-010
15283	3.1226e-010
15284	3.0153e-010
15285	3.0014e-010
15286	2.9193e-010
15287	2.8606e-010
15288	2.8034e-010
15289	2.7504e-010
15290	2.7e-010
15291	2.6116e-010
15292	2.5919e-010
15293	2.5361e-010
15294	2.4855e-010
15295	2.4384e-010
15296	2.4113e-010
15297	2.4085e-010
15298	2.2276e-010
15299	2.3293e-010
15300	2.2369e-010
15301	2.2869e-010
15302	2.0932e-010
15303	2.1722e-010
15304	2.1508e-010
15305	1.9539e-010
15306	1.9239e-010
15307	2.0889e-010
15308	1.8577e-010
15309	1.8698e-010
15310	2.0436e-010
15311	1.8679e-010
15312	2.0557e-010
15313	1.6691e-010
15314	1.75e-010
15315	1.5738e-010
15316	1.511e-010
15317	1.6012e-010
15318	1.4419e-010
15319	1.5666e-010
15320	1.3763e-010
15321	1.4618e-010
15322	1.2899e-010
15323	1.3187e-010
15324	1.2661e-010
15325	1.1826e-010
15326	1.4767e-010
15327	1.4106e-010
15328	1.4676e-010
15329	1.108e-010
15330	1.1367e-010
15331	1.4479e-010
15332	1.5289e-010
15333	1.6403e-010
15334	1.3184e-010
15335	1.8447e-010
15336	3.4515e-010
15337	3.6236e-010
15338	3.5085e-010
15339	1.0205e-009
15340	1.2997e-009
15341	2.7337e-010
15342	1.0895e-010
15343	1.0443e-010
15344	1.1061e-010
15345	1.1846e-010
15346	1.2426e-010
15347	1.2698e-010
15348	1.2667e-010
15349	1.2556e-010
15350	1.2669e-010
15351	1.2635e-010
15352	1.2624e-010
15353	1.294e-010
15354	1.2918e-010
15355	1.3386e-010
15356	1.3541e-010
15357	1.3897e-010
15358	1.4214e-010
15359	1.4507e-010
15360	1.4938e-010
15361	1.5166e-010
15362	1.5661e-010
15363	1.5865e-010
15364	1.6365e-010
15365	1.6621e-010
15366	1.7071e-010
15367	1.7524e-010
15368	1.7732e-010
15369	1.8386e-010
15370	1.8488e-010
15371	1.9169e-010
15372	1.9533e-010
15373	1.9819e-010
15374	2.0507e-010
15375	2.0828e-010
15376	2.1216e-010
15377	2.1908e-010
15378	2.2352e-010
15379	2.2623e-010
15380	2.3366e-010
15381	2.3936e-010
15382	2.438e-010
15383	2.4795e-010
15384	2.5457e-010
15385	2.6104e-010
15386	2.6703e-010
15387	2.7255e-010
15388	2.7851e-010
15389	2.8476e-010
15390	2.9079e-010
15391	2.9784e-010
15392	3.0475e-010
15393	3.1159e-010
15394	3.186e-010
15395	3.2583e-010
15396	3.3327e-010
15397	3.3956e-010
15398	3.479e-010
15399	3.5609e-010
15400	3.6463e-010
15401	3.7448e-010
15402	3.829e-010
15403	3.8803e-010
15404	3.9594e-010
15405	4.1163e-010
15406	4.1248e-010
15407	3.9688e-010
15408	3.8919e-010
15409	3.8622e-010
15410	3.7928e-010
15411	3.6986e-010
15412	3.6133e-010
15413	3.5301e-010
15414	3.4348e-010
15415	3.3962e-010
15416	3.3271e-010
15417	3.2575e-010
15418	3.1939e-010
15419	3.1322e-010
15420	3.0592e-010
15421	2.969e-010
15422	2.9309e-010
15423	2.8792e-010
15424	2.8321e-010
15425	2.8081e-010
15426	2.7754e-010
15427	2.6986e-010
15428	2.5e-010
15429	2.6222e-010
15430	2.6242e-010
15431	2.575e-010
15432	2.3272e-010
15433	2.4602e-010
15434	2.4933e-010
15435	2.1754e-010
15436	2.1861e-010
15437	2.4036e-010
15438	2.0465e-010
15439	2.157e-010
15440	2.3322e-010
15441	2.0334e-010
15442	2.352e-010
15443	1.8086e-010
15444	2.0501e-010
15445	1.798e-010
15446	1.7011e-010
15447	1.8338e-010
15448	1.6246e-010
15449	1.7804e-010
15450	1.5625e-010
15451	1.652e-010
15452	1.4879e-010
15453	1.4981e-010
15454	1.4594e-010
15455	1.3788e-010
15456	1.6474e-010
15457	1.5469e-010
15458	1.6169e-010
15459	1.2775e-010
15460	1.2988e-010
15461	1.6229e-010
15462	1.6761e-010
15463	1.6499e-010
15464	1.6729e-010
15465	2.3726e-010
15466	4.0911e-010
15467	3.5406e-010
15468	3.4128e-010
15469	1.0969e-009
15470	1.2515e-009
15471	2.6691e-010
15472	1.2679e-010
15473	8.4866e-011
15474	9.3222e-011
15475	1.0322e-010
15476	1.0817e-010
15477	1.111e-010
15478	1.1276e-010
15479	1.1133e-010
15480	1.1205e-010
15481	1.1165e-010
15482	1.1138e-010
15483	1.1447e-010
15484	1.1407e-010
15485	1.1804e-010
15486	1.1904e-010
15487	1.2217e-010
15488	1.2516e-010
15489	1.2746e-010
15490	1.3146e-010
15491	1.3331e-010
15492	1.3773e-010
15493	1.3962e-010
15494	1.439e-010
15495	1.4635e-010
15496	1.5013e-010
15497	1.5384e-010
15498	1.5628e-010
15499	1.6155e-010
15500	1.6307e-010
15501	1.6854e-010
15502	1.7165e-010
15503	1.7466e-010
15504	1.8018e-010
15505	1.8333e-010
15506	1.8706e-010
15507	1.9239e-010
15508	1.9677e-010
15509	1.993e-010
15510	2.058e-010
15511	2.0997e-010
15512	2.149e-010
15513	2.1838e-010
15514	2.2448e-010
15515	2.2937e-010
15516	2.345e-010
15517	2.397e-010
15518	2.4513e-010
15519	2.5085e-010
15520	2.5587e-010
15521	2.6222e-010
15522	2.6809e-010
15523	2.7407e-010
15524	2.8026e-010
15525	2.8664e-010
15526	2.9387e-010
15527	2.9876e-010
15528	3.0689e-010
15529	3.1347e-010
15530	3.2059e-010
15531	3.2891e-010
15532	3.3727e-010
15533	3.4252e-010
15534	3.4748e-010
15535	3.627e-010
15536	3.6384e-010
15537	3.4838e-010
15538	3.4349e-010
15539	3.4022e-010
15540	3.3261e-010
15541	3.2453e-010
15542	3.1776e-010
15543	3.1223e-010
15544	3.0154e-010
15545	3.0007e-010
15546	2.9194e-010
15547	2.8609e-010
15548	2.8035e-010
15549	2.7501e-010
15550	2.6994e-010
15551	2.6109e-010
15552	2.5915e-010
15553	2.5351e-010
15554	2.4846e-010
15555	2.4374e-010
15556	2.4103e-010
15557	2.4224e-010
15558	2.2149e-010
15559	2.343e-010
15560	2.2361e-010
15561	2.2869e-010
15562	2.0935e-010
15563	2.1725e-010
15564	2.1508e-010
15565	1.9545e-010
15566	1.9246e-010
15567	2.0894e-010
15568	1.859e-010
15569	1.8712e-010
15570	2.0448e-010
15571	1.8696e-010
15572	2.057e-010
15573	1.6709e-010
15574	1.7515e-010
15575	1.5754e-010
15576	1.5129e-010
15577	1.603e-010
15578	1.4434e-010
15579	1.5678e-010
15580	1.3775e-010
15581	1.4627e-010
15582	1.2906e-010
15583	1.3193e-010
15584	1.2666e-010
15585	1.1832e-010
15586	1.4775e-010
15587	1.4118e-010
15588	1.4682e-010
15589	1.1089e-010
15590	1.1371e-010
15591	1.4474e-010
15592	1.5294e-010
15593	1.6403e-010
15594	1.3195e-010
15595	1.8454e-010
15596	3.4514e-010
15597	3.6236e-010
15598	3.5093e-010
15599	1.0212e-009
15600	1.3003e-009
15601	2.6688e-010
15602	1.2675e-010
15603	8.4814e-011
15604	9.3159e-011
15605	1.0317e-010
15606	1.0815e-010
15607	1.1108e-010
15608	1.1275e-010
15609	1.1133e-010
15610	1.1203e-010
15611	1.116e-010
15612	1.1133e-010
15613	1.1444e-010
15614	1.1406e-010
15615	1.18e-010
15616	1.1896e-010
15617	1.2207e-010
15618	1.2505e-010
15619	1.2736e-010
15620	1.314e-010
15621	1.3329e-010
15622	1.3774e-010
15623	1.3963e-010
15624	1.4389e-010
15625	1.463e-010
15626	1.5004e-010
15627	1.5374e-010
15628	1.562e-010
15629	1.615e-010
15630	1.6304e-010
15631	1.685e-010
15632	1.7162e-010
15633	1.7464e-010
15634	1.8017e-010
15635	1.833e-010
15636	1.8699e-010
15637	1.923e-010
15638	1.9663e-010
15639	1.9913e-010
15640	2.0564e-010
15641	2.0981e-010
15642	2.1469e-010
15643	2.1814e-010
15644	2.2429e-010
15645	2.293e-010
15646	2.3441e-010
15647	2.3948e-010
15648	2.4487e-010
15649	2.5062e-010
15650	2.5566e-010
15651	2.6209e-010
15652	2.6796e-010
15653	2.7392e-010
15654	2.802e-010
15655	2.8663e-010
15656	2.9394e-010
15657	2.9889e-010
15658	3.0701e-010
15659	3.1359e-010
15660	3.2079e-010
15661	3.2911e-010
15662	3.3748e-010
15663	3.4289e-010
15664	3.478e-010
15665	3.63e-010
15666	3.6406e-010
15667	3.486e-010
15668	3.4362e-010
15669	3.4037e-010
15670	3.3273e-010
15671	3.2459e-010
15672	3.179e-010
15673	3.1236e-010
15674	3.0164e-010
15675	3.0012e-010
15676	2.9201e-010
15677	2.8605e-010
15678	2.8025e-010
15679	2.749e-010
15680	2.6985e-010
15681	2.61e-010
15682	2.5896e-010
15683	2.5337e-010
15684	2.4832e-010
15685	2.4355e-010
15686	2.4105e-010
15687	2.4171e-010
15688	2.2138e-010
15689	2.3377e-010
15690	2.2363e-010
15691	2.2864e-010
15692	2.0914e-010
15693	2.1734e-010
15694	2.1516e-010
15695	1.9553e-010
15696	1.9259e-010
15697	2.0914e-010
15698	1.8613e-010
15699	1.8737e-010
15700	2.0473e-010
15701	1.8723e-010
15702	2.0598e-010
15703	1.6739e-010
15704	1.7545e-010
15705	1.5783e-010
15706	1.5156e-010
15707	1.6057e-010
15708	1.4466e-010
15709	1.5709e-010
15710	1.3805e-010
15711	1.4653e-010
15712	1.293e-010
15713	1.3213e-010
15714	1.2684e-010
15715	1.1848e-010
15716	1.4789e-010
15717	1.4131e-010
15718	1.4694e-010
15719	1.1098e-010
15720	1.1381e-010
15721	1.4484e-010
15722	1.5303e-010
15723	1.6414e-010
15724	1.3209e-010
15725	1.8471e-010
15726	3.4534e-010
15727	3.6247e-010
15728	3.5104e-010
15729	1.0214e-009
15730	1.3006e-009
15731	2.7325e-010
15732	1.0883e-010
15733	1.0427e-010
15734	1.1044e-010
15735	1.1833e-010
15736	1.2418e-010
15737	1.2693e-010
15738	1.2664e-010
15739	1.2553e-010
15740	1.2664e-010
15741	1.2626e-010
15742	1.2614e-010
15743	1.2933e-010
15744	1.2911e-010
15745	1.3374e-010
15746	1.352e-010
15747	1.3872e-010
15748	1.419e-010
15749	1.4488e-010
15750	1.4924e-010
15751	1.5158e-010
15752	1.566e-010
15753	1.5867e-010
15754	1.6365e-010
15755	1.6613e-010
15756	1.7052e-010
15757	1.7501e-010
15758	1.7716e-010
15759	1.838e-010
15760	1.849e-010
15761	1.9168e-010
15762	1.9529e-010
15763	1.9816e-010
15764	2.0504e-010
15765	2.0823e-010
15766	2.1207e-010
15767	2.1892e-010
15768	2.2329e-010
15769	2.2591e-010
15770	2.3342e-010
15771	2.3909e-010
15772	2.434e-010
15773	2.4742e-010
15774	2.5419e-010
15775	2.6087e-010
15776	2.6685e-010
15777	2.7216e-010
15778	2.7803e-010
15779	2.8436e-010
15780	2.9035e-010
15781	2.9743e-010
15782	3.044e-010
15783	3.1128e-010
15784	3.1853e-010
15785	3.2596e-010
15786	3.3342e-010
15787	3.3987e-010
15788	3.4817e-010
15789	3.5636e-010
15790	3.6511e-010
15791	3.7501e-010
15792	3.8348e-010
15793	3.8862e-010
15794	3.9684e-010
15795	4.121e-010
15796	4.1283e-010
15797	3.9735e-010
15798	3.8946e-010
15799	3.8655e-010
15800	3.7971e-010
15801	3.7013e-010
15802	3.6167e-010
15803	3.5324e-010
15804	3.4353e-010
15805	3.3963e-010
15806	3.3294e-010
15807	3.2573e-010
15808	3.1931e-010
15809	3.1299e-010
15810	3.0552e-010
15811	2.9677e-010
15812	2.9268e-010
15813	2.8761e-010
15814	2.8299e-010
15815	2.8056e-010
15816	2.773e-010
15817	2.6793e-010
15818	2.5177e-010
15819	2.6022e-010
15820	2.6218e-010
15821	2.5729e-010
15822	2.329e-010
15823	2.4602e-010
15824	2.4946e-010
15825	2.1762e-010
15826	2.1875e-010
15827	2.4065e-010
15828	2.0498e-010
15829	2.161e-010
15830	2.3365e-010
15831	2.0384e-010
15832	2.358e-010
15833	1.8146e-010
15834	2.0572e-010
15835	1.8046e-010
15836	1.7076e-010
15837	1.8404e-010
15838	1.6318e-010
15839	1.7872e-010
15840	1.5691e-010
15841	1.6574e-010
15842	1.493e-010
15843	1.5023e-010
15844	1.4633e-010
15845	1.3824e-010
15846	1.6504e-010
15847	1.5497e-010
15848	1.6192e-010
15849	1.2791e-010
15850	1.3006e-010
15851	1.6244e-010
15852	1.6771e-010
15853	1.6516e-010
15854	1.6759e-010
15855	2.3766e-010
15856	4.0955e-010
15857	3.5429e-010
15858	3.4158e-010
15859	1.0977e-009
15860	1.252e-009
15861	2.6688e-010
15862	1.2675e-010
15863	8.4814e-011
15864	9.3159e-011
15865	1.0317e-010
15866	1.0815e-010
15867	1.1108e-010
15868	1.1275e-010
15869	1.1133e-010
15870	1.1203e-010
15871	1.116e-010
15872	1.1133e-010
15873	1.1444e-010
15874	1.1406e-010
15875	1.18e-010
15876	1.1896e-010
15877	1.2207e-010
15878	1.2505e-010
15879	1.2736e-010
15880	1.314e-010
15881	1.3329e-010
15882	1.3774e-010
15883	1.3963e-010
15884	1.4389e-010
15885	1.463e-010
15886	1.5004e-010
15887	1.5374e-010
15888	1.562e-010
15889	1.615e-010
15890	1.6304e-010
15891	1.685e-010
15892	1.7162e-010
15893	1.7464e-010
15894	1.8016e-010
15895	1.833e-010
15896	1.8699e-010
15897	1.923e-010
15898	1.9663e-010
15899	1.9913e-010
15900	2.0564e-010
15901	2.0981e-010
15902	2.1469e-010
15903	2.1814e-010
15904	2.2429e-010
15905	2.293e-010
15906	2.3441e-010
15907	2.3948e-010
15908	2.4487e-010
15909	2.5062e-010
15910	2.5566e-010
15911	2.6209e-010
15912	2.6796e-010
15913	2.7392e-010
15914	2.802e-010
15915	2.8663e-010
15916	2.9394e-010
15917	2.9889e-010
15918	3.0701e-010
15919	3.1359e-010
15920	3.2079e-010
15921	3.2911e-010
15922	3.3748e-010
15923	3.4289e-010
15924	3.478e-010
15925	3.63e-010
15926	3.6406e-010
15927	3.486e-010
15928	3.4362e-010
15929	3.4037e-010
15930	3.3273e-010
15931	3.2459e-010
15932	3.1791e-010
15933	3.1236e-010
15934	3.0163e-010
15935	3.0012e-010
15936	2.9201e-010
15937	2.8605e-010
15938	2.8026e-010
15939	2.7488e-010
15940	2.6987e-010
15941	2.6097e-010
15942	2.5898e-010
15943	2.5335e-010
15944	2.4832e-010
15945	2.4364e-010
15946	2.4083e-010
15947	2.4194e-010
15948	2.2126e-010
15949	2.3397e-010
15950	2.233e-010
15951	2.3052e-010
15952	2.0801e-010
15953	2.1904e-010
15954	2.1504e-010
15955	1.9551e-010
15956	1.9258e-010
15957	2.0914e-010
15958	1.8613e-010
15959	1.8737e-010
15960	2.0473e-010
15961	1.8723e-010
15962	2.0598e-010
15963	1.6739e-010
15964	1.7545e-010
15965	1.5783e-010
15966	1.5156e-010
15967	1.6057e-010
15968	1.4466e-010
15969	1.5709e-010
15970	1.3805e-010
15971	1.4653e-010
15972	1.293e-010
15973	1.3213e-010
15974	1.2684e-010
15975	1.1848e-010
15976	1.4789e-010
15977	1.4131e-010
15978	1.4694e-010
15979	1.1098e-010
15980	1.1381e-010
15981	1.4484e-010
15982	1.5303e-010
15983	1.6414e-010
15984	1.3209e-010
15985	1.8471e-010
15986	3.4534e-010
15987	3.6247e-010
15988	3.5104e-010
15989	1.0214e-009
15990	1.3006e-009
15991	2.6691e-010
15992	1.2679e-010
15993	8.4866e-011
15994	9.3222e-011
15995	1.0322e-010
15996	1.0817e-010
15997	1.111e-010
15998	1.1276e-010
15999	1.1133e-010
16000	1.1205e-010
16001	1.1165e-010
16002	1.1138e-010
16003	1.1447e-010
16004	1.1407e-010
16005	1.1804e-010
16006	1.1904e-010
16007	1.2217e-010
16008	1.2516e-010
16009	1.2746e-010
16010	1.3146e-010
16011	1.3331e-010
16012	1.3773e-010
16013	1.3962e-010
16014	1.439e-010
16015	1.4635e-010
16016	1.5013e-010
16017	1.5384e-010
16018	1.5628e-010
16019	1.6155e-010
16020	1.6307e-010
16021	1.6854e-010
16022	1.7165e-010
16023	1.7466e-010
16024	1.8018e-010
16025	1.8333e-010
16026	1.8706e-010
16027	1.9239e-010
16028	1.9677e-010
16029	1.993e-010
16030	2.058e-010
16031	2.0997e-010
16032	2.149e-010
16033	2.1838e-010
16034	2.2448e-010
16035	2.2937e-010
16036	2.345e-010
16037	2.397e-010
16038	2.4513e-010
16039	2.5085e-010
16040	2.5587e-010
16041	2.6222e-010
16042	2.6809e-010
16043	2.7407e-010
16044	2.8026e-010
16045	2.8664e-010
16046	2.9387e-010
16047	2.9876e-010
16048	3.0689e-010
16049	3.1347e-010
16050	3.2059e-010
16051	3.2891e-010
16052	3.3727e-010
16053	3.4252e-010
16054	3.4748e-010
16055	3.627e-010
16056	3.6384e-010
16057	3.4838e-010
16058	3.4349e-010
16059	3.4022e-010
16060	3.3261e-010
16061	3.2453e-010
16062	3.1776e-010
16063	3.1223e-010
16064	3.0154e-010
16065	3.0007e-010
16066	2.9194e-010
16067	2.8609e-010
16068	2.8036e-010
16069	2.7501e-010
16070	2.6992e-010
16071	2.6115e-010
16072	2.5913e-010
16073	2.535e-010
16074	2.4846e-010
16075	2.4377e-010
16076	2.412e-010
16077	2.4199e-010
16078	2.2333e-010
16079	2.341e-010
16080	2.2358e-010
16081	2.3145e-010
16082	2.0829e-010
16083	2.1979e-010
16084	2.1495e-010
16085	1.954e-010
16086	1.9246e-010
16087	2.0894e-010
16088	1.859e-010
16089	1.8712e-010
16090	2.0448e-010
16091	1.8696e-010
16092	2.057e-010
16093	1.6709e-010
16094	1.7515e-010
16095	1.5754e-010
16096	1.5129e-010
16097	1.603e-010
16098	1.4434e-010
16099	1.5678e-010
16100	1.3775e-010
16101	1.4627e-010
16102	1.2906e-010
16103	1.3193e-010
16104	1.2666e-010
16105	1.1832e-010
16106	1.4775e-010
16107	1.4118e-010
16108	1.4682e-010
16109	1.1089e-010
16110	1.1371e-010
16111	1.4474e-010
16112	1.5294e-010
16113	1.6403e-010
16114	1.3195e-010
16115	1.8454e-010
16116	3.4514e-010
16117	3.6236e-010
16118	3.5093e-010
16119	1.0212e-009
16120	1.3003e-009
16121	2.7337e-010
16122	1.0895e-010
16123	1.0443e-010
16124	1.1061e-010
16125	1.1846e-010
16126	1.2426e-010
16127	1.2698e-010
16128	1.2667e-010
16129	1.2556e-010
16130	1.2669e-010
16131	1.2635e-010
16132	1.2624e-010
16133	1.294e-010
16134	1.2918e-010
16135	1.3386e-010
16136	1.3541e-010
16137	1.3897e-010
16138	1.4214e-010
16139	1.4508e-010
16140	1.4938e-010
16141	1.5166e-010
16142	1.5661e-010
16143	1.5866e-010
16144	1.6365e-010
16145	1.6621e-010
16146	1.7071e-010
16147	1.7524e-010
16148	1.7732e-010
16149	1.8386e-010
16150	1.8488e-010
16151	1.9169e-010
16152	1.9533e-010
16153	1.9819e-010
16154	2.0507e-010
16155	2.0828e-010
16156	2.1216e-010
16157	2.1908e-010
16158	2.2352e-010
16159	2.2623e-010
16160	2.3366e-010
16161	2.3936e-010
16162	2.438e-010
16163	2.4795e-010
16164	2.5457e-010
16165	2.6104e-010
16166	2.6703e-010
16167	2.7255e-010
16168	2.7851e-010
16169	2.8475e-010
16170	2.9079e-010
16171	2.9784e-010
16172	3.0475e-010
16173	3.1159e-010
16174	3.186e-010
16175	3.2583e-010
16176	3.3327e-010
16177	3.3956e-010
16178	3.479e-010
16179	3.5609e-010
16180	3.6463e-010
16181	3.7448e-010
16182	3.829e-010
16183	3.8803e-010
16184	3.9594e-010
16185	4.1163e-010
16186	4.1248e-010
16187	3.9688e-010
16188	3.8919e-010
16189	3.8622e-010
16190	3.7928e-010
16191	3.6986e-010
16192	3.6133e-010
16193	3.5301e-010
16194	3.4348e-010
16195	3.3961e-010
16196	3.3271e-010
16197	3.2575e-010
16198	3.1942e-010
16199	3.132e-010
16200	3.0578e-010
16201	2.971e-010
16202	2.9298e-010
16203	2.8789e-010
16204	2.8324e-010
16205	2.8078e-010
16206	2.7787e-010
16207	2.6972e-010
16208	2.5191e-010
16209	2.6213e-010
16210	2.6279e-010
16211	2.6035e-010
16212	2.3107e-010
16213	2.4872e-010
16214	2.4942e-010
16215	2.1746e-010
16216	2.186e-010
16217	2.4035e-010
16218	2.0465e-010
16219	2.157e-010
16220	2.3322e-010
16221	2.0334e-010
16222	2.352e-010
16223	1.8086e-010
16224	2.0501e-010
16225	1.798e-010
16226	1.7011e-010
16227	1.8338e-010
16228	1.6246e-010
16229	1.7804e-010
16230	1.5625e-010
16231	1.652e-010
16232	1.4879e-010
16233	1.4981e-010
16234	1.4594e-010
16235	1.3788e-010
16236	1.6474e-010
16237	1.5469e-010
16238	1.6169e-010
16239	1.2775e-010
16240	1.2988e-010
16241	1.6229e-010
16242	1.6761e-010
16243	1.6499e-010
16244	1.6729e-010
16245	2.3726e-010
16246	4.0911e-010
16247	3.5406e-010
16248	3.4128e-010
16249	1.0969e-009
16250	1.2515e-009
16251	2.6704e-010
16252	1.2688e-010
16253	8.4884e-011
16254	9.3263e-011
16255	1.0327e-010
16256	1.0823e-010
16257	1.1115e-010
16258	1.128e-010
16259	1.1136e-010
16260	1.1205e-010
16261	1.1162e-010
16262	1.1136e-010
16263	1.1448e-010
16264	1.1414e-010
16265	1.1811e-010
16266	1.191e-010
16267	1.2221e-010
16268	1.2516e-010
16269	1.2746e-010
16270	1.3153e-010
16271	1.3341e-010
16272	1.3778e-010
16273	1.3962e-010
16274	1.4387e-010
16275	1.4631e-010
16276	1.5011e-010
16277	1.5386e-010
16278	1.5636e-010
16279	1.6162e-010
16280	1.6311e-010
16281	1.6856e-010
16282	1.7173e-010
16283	1.748e-010
16284	1.803e-010
16285	1.8341e-010
16286	1.871e-010
16287	1.9243e-010
16288	1.9681e-010
16289	1.9942e-010
16290	2.0588e-010
16291	2.0997e-010
16292	2.1479e-010
16293	2.1828e-010
16294	2.2447e-010
16295	2.2953e-010
16296	2.3465e-010
16297	2.3969e-010
16298	2.4508e-010
16299	2.509e-010
16300	2.5607e-010
16301	2.6233e-010
16302	2.6825e-010
16303	2.7423e-010
16304	2.8035e-010
16305	2.8664e-010
16306	2.9388e-010
16307	2.9869e-010
16308	3.0693e-010
16309	3.1354e-010
16310	3.2059e-010
16311	3.2879e-010
16312	3.3712e-010
16313	3.424e-010
16314	3.4745e-010
16315	3.6272e-010
16316	3.6374e-010
16317	3.4832e-010
16318	3.4346e-010
16319	3.4008e-010
16320	3.3254e-010
16321	3.2454e-010
16322	3.1779e-010
16323	3.1226e-010
16324	3.0153e-010
16325	3.0014e-010
16326	2.9193e-010
16327	2.8607e-010
16328	2.8034e-010
16329	2.7504e-010
16330	2.6998e-010
16331	2.6129e-010
16332	2.5917e-010
16333	2.536e-010
16334	2.4854e-010
16335	2.4386e-010
16336	2.4118e-010
16337	2.4222e-010
16338	2.2304e-010
16339	2.3435e-010
16340	2.235e-010
16341	2.3174e-010
16342	2.0801e-010
16343	2.2005e-010
16344	2.1491e-010
16345	1.9534e-010
16346	1.9238e-010
16347	2.0889e-010
16348	1.8577e-010
16349	1.8698e-010
16350	2.0436e-010
16351	1.8679e-010
16352	2.0557e-010
16353	1.6691e-010
16354	1.75e-010
16355	1.5738e-010
16356	1.511e-010
16357	1.6012e-010
16358	1.4419e-010
16359	1.5666e-010
16360	1.3763e-010
16361	1.4618e-010
16362	1.2899e-010
16363	1.3187e-010
16364	1.2661e-010
16365	1.1826e-010
16366	1.4767e-010
16367	1.4106e-010
16368	1.4676e-010
16369	1.108e-010
16370	1.1367e-010
16371	1.4479e-010
16372	1.5289e-010
16373	1.6403e-010
16374	1.3184e-010
16375	1.8447e-010
16376	3.4515e-010
16377	3.6236e-010
16378	3.5085e-010
16379	1.0205e-009
16380	1.2997e-009
16381	2.6704e-010
16382	1.2688e-010
16383	8.4884e-011
16384	9.3263e-011
16385	1.0327e-010
16386	1.0823e-010
16387	1.1115e-010
16388	1.128e-010
16389	1.1136e-010
16390	1.1205e-010
16391	1.1162e-010
16392	1.1136e-010
16393	1.1448e-010
16394	1.1414e-010
16395	1.1811e-010
16396	1.191e-010
16397	1.2221e-010
16398	1.2516e-010
16399	1.2746e-010
16400	1.3153e-010
16401	1.3341e-010
16402	1.3778e-010
16403	1.3962e-010
16404	1.4387e-010
16405	1.4631e-010
16406	1.5011e-010
16407	1.5386e-010
16408	1.5636e-010
16409	1.6162e-010
16410	1.6311e-010
16411	1.6856e-010
16412	1.7173e-010
16413	1.748e-010
16414	1.803e-010
16415	1.8341e-010
16416	1.871e-010
16417	1.9243e-010
16418	1.9681e-010
16419	1.9942e-010
16420	2.0588e-010
16421	2.0997e-010
16422	2.1479e-010
16423	2.1828e-010
16424	2.2447e-010
16425	2.2953e-010
16426	2.3465e-010
16427	2.3969e-010
16428	2.4508e-010
16429	2.509e-010
16430	2.5607e-010
16431	2.6233e-010
16432	2.6825e-010
16433	2.7423e-010
16434	2.8035e-010
16435	2.8664e-010
16436	2.9388e-010
16437	2.9869e-010
16438	3.0693e-010
16439	3.1354e-010
16440	3.2059e-010
16441	3.2879e-010
16442	3.3712e-010
16443	3.424e-010
16444	3.4745e-010
16445	3.6272e-010
16446	3.6374e-010
16447	3.4832e-010
16448	3.4346e-010
16449	3.4008e-010
16450	3.3254e-010
16451	3.2453e-010
16452	3.178e-010
16453	3.1226e-010
16454	3.0153e-010
16455	3.0014e-010
16456	2.9193e-010
16457	2.8606e-010
16458	2.8035e-010
16459	2.7501e-010
16460	2.7005e-010
16461	2.6116e-010
16462	2.5923e-010
16463	2.5358e-010
16464	2.4854e-010
16465	2.4386e-010
16466	2.4117e-010
16467	2.422e-010
16468	2.2324e-010
16469	2.3433e-010
16470	2.2349e-010
16471	2.3179e-010
16472	2.0801e-010
16473	2.2009e-010
16474	2.149e-010
16475	1.9534e-010
16476	1.9238e-010
16477	2.0889e-010
16478	1.8577e-010
16479	1.8698e-010
16480	2.0436e-010
16481	1.8679e-010
16482	2.0557e-010
16483	1.6691e-010
16484	1.75e-010
16485	1.5738e-010
16486	1.511e-010
16487	1.6012e-010
16488	1.4419e-010
16489	1.5666e-010
16490	1.3763e-010
16491	1.4618e-010
16492	1.2899e-010
16493	1.3187e-010
16494	1.2661e-010
16495	1.1826e-010
16496	1.4767e-010
16497	1.4106e-010
16498	1.4676e-010
16499	1.108e-010
16500	1.1367e-010
16501	1.4479e-010
16502	1.5289e-010
16503	1.6403e-010
16504	1.3184e-010
16505	1.8447e-010
16506	3.4515e-010
16507	3.6236e-010
16508	3.5085e-010
16509	1.0205e-009
16510	1.2997e-009
16511	2.7337e-010
16512	1.0895e-010
16513	1.0443e-010
16514	1.1061e-010
16515	1.1846e-010
16516	1.2426e-010
16517	1.2698e-010
16518	1.2667e-010
16519	1.2556e-010
16520	1.2669e-010
16521	1.2635e-010
16522	1.2624e-010
16523	1.294e-010
16524	1.2918e-010
16525	1.3386e-010
16526	1.3541e-010
16527	1.3897e-010
16528	1.4214e-010
16529	1.4507e-010
16530	1.4938e-010
16531	1.5166e-010
16532	1.5661e-010
16533	1.5865e-010
16534	1.6365e-010
16535	1.6621e-010
16536	1.7071e-010
16537	1.7524e-010
16538	1.7732e-010
16539	1.8386e-010
16540	1.8488e-010
16541	1.9169e-010
16542	1.9533e-010
16543	1.9819e-010
16544	2.0507e-010
16545	2.0828e-010
16546	2.1216e-010
16547	2.1908e-010
16548	2.2352e-010
16549	2.2623e-010
16550	2.3366e-010
16551	2.3936e-010
16552	2.438e-010
16553	2.4795e-010
16554	2.5457e-010
16555	2.6104e-010
16556	2.6703e-010
16557	2.7255e-010
16558	2.7851e-010
16559	2.8475e-010
16560	2.9079e-010
16561	2.9784e-010
16562	3.0475e-010
16563	3.1159e-010
16564	3.186e-010
16565	3.2583e-010
16566	3.3327e-010
16567	3.3956e-010
16568	3.479e-010
16569	3.5609e-010
16570	3.6463e-010
16571	3.7448e-010
16572	3.829e-010
16573	3.8803e-010
16574	3.9594e-010
16575	4.1163e-010
16576	4.1248e-010
16577	3.9688e-010
16578	3.8919e-010
16579	3.8622e-010
16580	3.7928e-010
16581	3.6986e-010
16582	3.6133e-010
16583	3.5301e-010
16584	3.4348e-010
16585	3.3961e-010
16586	3.3271e-010
16587	3.2575e-010
16588	3.194e-010
16589	3.1323e-010
16590	3.0585e-010
16591	2.9689e-010
16592	2.9303e-010
16593	2.8793e-010
16594	2.8322e-010
16595	2.8078e-010
16596	2.7787e-010
16597	2.6974e-010
16598	2.5187e-010
16599	2.6213e-010
16600	2.6282e-010
16601	2.6033e-010
16602	2.3116e-010
16603	2.487e-010
16604	2.4943e-010
16605	2.1746e-010
16606	2.186e-010
16607	2.4035e-010
16608	2.0465e-010
16609	2.157e-010
16610	2.3322e-010
16611	2.0334e-010
16612	2.352e-010
16613	1.8086e-010
16614	2.0501e-010
16615	1.798e-010
16616	1.7011e-010
16617	1.8338e-010
16618	1.6246e-010
16619	1.7804e-010
16620	1.5625e-010
16621	1.652e-010
16622	1.4879e-010
16623	1.4981e-010
16624	1.4594e-010
16625	1.3788e-010
16626	1.6474e-010
16627	1.5469e-010
16628	1.6169e-010
16629	1.2775e-010
16630	1.2988e-010
16631	1.6229e-010
16632	1.6761e-010
16633	1.6499e-010
16634	1.6729e-010
16635	2.3726e-010
16636	4.0911e-010
16637	3.5406e-010
16638	3.4128e-010
16639	1.0969e-009
16640	1.2515e-009
16641	2.6691e-010
16642	1.2679e-010
16643	8.4866e-011
16644	9.3222e-011
16645	1.0322e-010
16646	1.0817e-010
16647	1.111e-010
16648	1.1276e-010
16649	1.1133e-010
16650	1.1205e-010
16651	1.1165e-010
16652	1.1138e-010
16653	1.1447e-010
16654	1.1407e-010
16655	1.1804e-010
16656	1.1904e-010
16657	1.2217e-010
16658	1.2516e-010
16659	1.2746e-010
16660	1.3146e-010
16661	1.3331e-010
16662	1.3773e-010
16663	1.3962e-010
16664	1.439e-010
16665	1.4635e-010
16666	1.5013e-010
16667	1.5384e-010
16668	1.5628e-010
16669	1.6155e-010
16670	1.6307e-010
16671	1.6854e-010
16672	1.7165e-010
16673	1.7466e-010
16674	1.8018e-010
16675	1.8334e-010
16676	1.8706e-010
16677	1.9239e-010
16678	1.9677e-010
16679	1.993e-010
16680	2.058e-010
16681	2.0997e-010
16682	2.149e-010
16683	2.1838e-010
16684	2.2448e-010
16685	2.2937e-010
16686	2.345e-010
16687	2.397e-010
16688	2.4513e-010
16689	2.5085e-010
16690	2.5587e-010
16691	2.6222e-010
16692	2.6809e-010
16693	2.7407e-010
16694	2.8026e-010
16695	2.8664e-010
16696	2.9387e-010
16697	2.9876e-010
16698	3.0689e-010
16699	3.1347e-010
16700	3.2059e-010
16701	3.2891e-010
16702	3.3727e-010
16703	3.4252e-010
16704	3.4748e-010
16705	3.627e-010
16706	3.6384e-010
16707	3.4838e-010
16708	3.4349e-010
16709	3.4022e-010
16710	3.3261e-010
16711	3.2452e-010
16712	3.1776e-010
16713	3.1223e-010
16714	3.0154e-010
16715	3.0007e-010
16716	2.9194e-010
16717	2.8609e-010
16718	2.8036e-010
16719	2.75e-010
16720	2.6997e-010
16721	2.6106e-010
16722	2.5918e-010
16723	2.5351e-010
16724	2.4846e-010
16725	2.438e-010
16726	2.4125e-010
16727	2.406e-010
16728	2.2497e-010
16729	2.3271e-010
16730	2.2359e-010
16731	2.3182e-010
16732	2.0806e-010
16733	2.2011e-010
16734	2.149e-010
16735	1.954e-010
16736	1.9246e-010
16737	2.0894e-010
16738	1.859e-010
16739	1.8712e-010
16740	2.0448e-010
16741	1.8696e-010
16742	2.057e-010
16743	1.6709e-010
16744	1.7515e-010
16745	1.5754e-010
16746	1.5129e-010
16747	1.603e-010
16748	1.4434e-010
16749	1.5678e-010
16750	1.3775e-010
16751	1.4627e-010
16752	1.2906e-010
16753	1.3193e-010
16754	1.2666e-010
16755	1.1832e-010
16756	1.4775e-010
16757	1.4118e-010
16758	1.4682e-010
16759	1.1089e-010
16760	1.1371e-010
16761	1.4474e-010
16762	1.5294e-010
16763	1.6403e-010
16764	1.3195e-010
16765	1.8454e-010
16766	3.4514e-010
16767	3.6236e-010
16768	3.5093e-010
16769	1.0212e-009
16770	1.3003e-009
16771	2.6688e-010
16772	1.2675e-010
16773	8.4814e-011
16774	9.3159e-011
16775	1.0317e-010
16776	1.0815e-010
16777	1.1108e-010
16778	1.1275e-010
16779	1.1133e-010
16780	1.1203e-010
16781	1.116e-010
16782	1.1133e-010
16783	1.1444e-010
16784	1.1406e-010
16785	1.18e-010
16786	1.1896e-010
16787	1.2207e-010
16788	1.2505e-010
16789	1.2736e-010
16790	1.314e-010
16791	1.3329e-010
16792	1.3774e-010
16793	1.3963e-010
16794	1.4389e-010
16795	1.463e-010
16796	1.5004e-010
16797	1.5374e-010
16798	1.562e-010
16799	1.615e-010
16800	1.6304e-010
16801	1.685e-010
16802	1.7162e-010
16803	1.7464e-010
16804	1.8016e-010
16805	1.833e-010
16806	1.8699e-010
16807	1.923e-010
16808	1.9663e-010
16809	1.9913e-010
16810	2.0564e-010
16811	2.0981e-010
16812	2.1469e-010
16813	2.1814e-010
16814	2.2429e-010
16815	2.293e-010
16816	2.3441e-010
16817	2.3948e-010
16818	2.4487e-010
16819	2.5062e-010
16820	2.5566e-010
16821	2.6209e-010
16822	2.6796e-010
16823	2.7392e-010
16824	2.802e-010
16825	2.8663e-010
16826	2.9394e-010
16827	2.9889e-010
16828	3.0701e-010
16829	3.1359e-010
16830	3.2079e-010
16831	3.2911e-010
16832	3.3748e-010
16833	3.4289e-010
16834	3.478e-010
16835	3.63e-010
16836	3.6406e-010
16837	3.486e-010
16838	3.4362e-010
16839	3.4037e-010
16840	3.3273e-010
16841	3.2459e-010
16842	3.179e-010
16843	3.1236e-010
16844	3.0163e-010
16845	3.0012e-010
16846	2.9201e-010
16847	2.8605e-010
16848	2.8025e-010
16849	2.7489e-010
16850	2.6988e-010
16851	2.6098e-010
16852	2.5899e-010
16853	2.5338e-010
16854	2.4831e-010
16855	2.4372e-010
16856	2.4094e-010
16857	2.4035e-010
16858	2.243e-010
16859	2.3241e-010
16860	2.2333e-010
16861	2.3179e-010
16862	2.0803e-010
16863	2.2016e-010
16864	2.1499e-010
16865	1.9549e-010
16866	1.9258e-010
16867	2.0914e-010
16868	1.8613e-010
16869	1.8737e-010
16870	2.0473e-010
16871	1.8723e-010
16872	2.0598e-010
16873	1.6739e-010
16874	1.7545e-010
16875	1.5783e-010
16876	1.5156e-010
16877	1.6057e-010
16878	1.4466e-010
16879	1.5709e-010
16880	1.3805e-010
16881	1.4653e-010
16882	1.293e-010
16883	1.3214e-010
16884	1.2684e-010
16885	1.1848e-010
16886	1.4789e-010
16887	1.4131e-010
16888	1.4694e-010
16889	1.1098e-010
16890	1.1381e-010
16891	1.4484e-010
16892	1.5303e-010
16893	1.6414e-010
16894	1.3209e-010
16895	1.8471e-010
16896	3.4534e-010
16897	3.6247e-010
16898	3.5104e-010
16899	1.0214e-009
16900	1.3006e-009
16901	2.7325e-010
16902	1.0883e-010
16903	1.0427e-010
16904	1.1044e-010
16905	1.1833e-010
16906	1.2418e-010
16907	1.2693e-010
16908	1.2664e-010
16909	1.2553e-010
16910	1.2664e-010
16911	1.2626e-010
16912	1.2614e-010
16913	1.2932e-010
16914	1.2911e-010
16915	1.3374e-010
16916	1.352e-010
16917	1.3872e-010
16918	1.419e-010
16919	1.4488e-010
16920	1.4924e-010
16921	1.5158e-010
16922	1.566e-010
16923	1.5867e-010
16924	1.6365e-010
16925	1.6613e-010
16926	1.7052e-010
16927	1.7501e-010
16928	1.7716e-010
16929	1.838e-010
16930	1.849e-010
16931	1.9169e-010
16932	1.9529e-010
16933	1.9817e-010
16934	2.0504e-010
16935	2.0823e-010
16936	2.1207e-010
16937	2.1892e-010
16938	2.2329e-010
16939	2.2591e-010
16940	2.3342e-010
16941	2.3909e-010
16942	2.434e-010
16943	2.4742e-010
16944	2.5419e-010
16945	2.6087e-010
16946	2.6685e-010
16947	2.7216e-010
16948	2.7803e-010
16949	2.8436e-010
16950	2.9035e-010
16951	2.9743e-010
16952	3.044e-010
16953	3.1128e-010
16954	3.1853e-010
16955	3.2596e-010
16956	3.3342e-010
16957	3.3987e-010
16958	3.4817e-010
16959	3.5636e-010
16960	3.6511e-010
16961	3.7501e-010
16962	3.8348e-010
16963	3.8862e-010
16964	3.9684e-010
16965	4.121e-010
16966	4.1283e-010
16967	3.9735e-010
16968	3.8946e-010
16969	3.8656e-010
16970	3.7971e-010
16971	3.7013e-010
16972	3.6167e-010
16973	3.5324e-010
16974	3.4353e-010
16975	3.3963e-010
16976	3.3294e-010
16977	3.2573e-010
16978	3.1928e-010
16979	3.13e-010
16980	3.0565e-010
16981	2.9655e-010
16982	2.9278e-010
16983	2.8764e-010
16984	2.8297e-010
16985	2.8054e-010
16986	2.7755e-010
16987	2.682e-010
16988	2.5328e-010
16989	2.6048e-010
16990	2.6247e-010
16991	2.6018e-010
16992	2.311e-010
16993	2.4875e-010
16994	2.4953e-010
16995	2.1754e-010
16996	2.1874e-010
16997	2.4064e-010
16998	2.0498e-010
16999	2.161e-010
17000	2.3365e-010
17001	2.0384e-010
17002	2.358e-010
17003	1.8146e-010
17004	2.0572e-010
17005	1.8046e-010
17006	1.7076e-010
17007	1.8404e-010
17008	1.6318e-010
17009	1.7872e-010
17010	1.5691e-010
17011	1.6574e-010
17012	1.493e-010
17013	1.5023e-010
17014	1.4633e-010
17015	1.3824e-010
17016	1.6504e-010
17017	1.5497e-010
17018	1.6192e-010
17019	1.2791e-010
17020	1.3006e-010
17021	1.6244e-010
17022	1.6771e-010
17023	1.6516e-010
17024	1.6759e-010
17025	2.3766e-010
17026	4.0955e-010
17027	3.5429e-010
17028	3.4158e-010
17029	1.0977e-009
17030	1.252e-009
17031	2.6688e-010
17032	1.2675e-010
17033	8.4814e-011
17034	9.3159e-011
17035	1.0317e-010
17036	1.0815e-010
17037	1.1108e-010
17038	1.1275e-010
17039	1.1133e-010
17040	1.1203e-010
17041	1.116e-010
17042	1.1133e-010
17043	1.1444e-010
17044	1.1406e-010
17045	1.18e-010
17046	1.1896e-010
17047	1.2207e-010
17048	1.2505e-010
17049	1.2736e-010
17050	1.314e-010
17051	1.3329e-010
17052	1.3774e-010
17053	1.3963e-010
17054	1.4389e-010
17055	1.463e-010
17056	1.5004e-010
17057	1.5374e-010
17058	1.562e-010
17059	1.615e-010
17060	1.6304e-010
17061	1.685e-010
17062	1.7162e-010
17063	1.7464e-010
17064	1.8016e-010
17065	1.833e-010
17066	1.8699e-010
17067	1.923e-010
17068	1.9663e-010
17069	1.9913e-010
17070	2.0564e-010
17071	2.0981e-010
17072	2.1469e-010
17073	2.1814e-010
17074	2.2429e-010
17075	2.293e-010
17076	2.3441e-010
17077	2.3948e-010
17078	2.4487e-010
17079	2.5062e-010
17080	2.5566e-010
17081	2.6209e-010
17082	2.6796e-010
17083	2.7392e-010
17084	2.802e-010
17085	2.8663e-010
17086	2.9394e-010
17087	2.9889e-010
17088	3.0701e-010
17089	3.1359e-010
17090	3.2079e-010
17091	3.2911e-010
17092	3.3748e-010
17093	3.4289e-010
17094	3.478e-010
17095	3.63e-010
17096	3.6406e-010
17097	3.486e-010
17098	3.4362e-010
17099	3.4037e-010
17100	3.3273e-010
17101	3.2459e-010
17102	3.179e-010
17103	3.1236e-010
17104	3.0163e-010
17105	3.0012e-010
17106	2.9201e-010
17107	2.8605e-010
17108	2.8025e-010
17109	2.749e-010
17110	2.6987e-010
17111	2.6101e-010
17112	2.5897e-010
17113	2.5338e-010
17114	2.4832e-010
17115	2.4361e-010
17116	2.4115e-010
17117	2.4159e-010
17118	2.236e-010
17119	2.3372e-010
17120	2.235e-010
17121	2.3169e-010
17122	2.0803e-010
17123	2.2015e-010
17124	2.1499e-010
17125	1.9549e-010
17126	1.9258e-010
17127	2.0914e-010
17128	1.8613e-010
17129	1.8737e-010
17130	2.0473e-010
17131	1.8723e-010
17132	2.0598e-010
17133	1.6739e-010
17134	1.7545e-010
17135	1.5783e-010
17136	1.5156e-010
17137	1.6057e-010
17138	1.4466e-010
17139	1.5709e-010
17140	1.3805e-010
17141	1.4653e-010
17142	1.293e-010
17143	1.3214e-010
17144	1.2684e-010
17145	1.1848e-010
17146	1.4789e-010
17147	1.4131e-010
17148	1.4694e-010
17149	1.1098e-010
17150	1.1381e-010
17151	1.4484e-010
17152	1.5303e-010
17153	1.6414e-010
17154	1.3209e-010
17155	1.8471e-010
17156	3.4534e-010
17157	3.6247e-010
17158	3.5104e-010
17159	1.0214e-009
17160	1.3006e-009
17161	2.6691e-010
17162	1.2679e-010
17163	8.4866e-011
17164	9.3222e-011
17165	1.0322e-010
17166	1.0817e-010
17167	1.111e-010
17168	1.1276e-010
17169	1.1133e-010
17170	1.1205e-010
17171	1.1165e-010
17172	1.1138e-010
17173	1.1447e-010
17174	1.1407e-010
17175	1.1804e-010
17176	1.1904e-010
17177	1.2217e-010
17178	1.2516e-010
17179	1.2746e-010
17180	1.3146e-010
17181	1.3331e-010
17182	1.3773e-010
17183	1.3962e-010
17184	1.439e-010
17185	1.4635e-010
17186	1.5013e-010
17187	1.5384e-010
17188	1.5628e-010
17189	1.6155e-010
17190	1.6307e-010
17191	1.6854e-010
17192	1.7165e-010
17193	1.7466e-010
17194	1.8018e-010
17195	1.8334e-010
17196	1.8706e-010
17197	1.9239e-010
17198	1.9677e-010
17199	1.993e-010
17200	2.058e-010
17201	2.0997e-010
17202	2.149e-010
17203	2.1838e-010
17204	2.2448e-010
17205	2.2937e-010
17206	2.345e-010
17207	2.397e-010
17208	2.4513e-010
17209	2.5085e-010
17210	2.5587e-010
17211	2.6222e-010
17212	2.6809e-010
17213	2.7407e-010
17214	2.8026e-010
17215	2.8664e-010
17216	2.9387e-010
17217	2.9876e-010
17218	3.0689e-010
17219	3.1347e-010
17220	3.2059e-010
17221	3.2891e-010
17222	3.3727e-010
17223	3.4252e-010
17224	3.4748e-010
17225	3.627e-010
17226	3.6384e-010
17227	3.4838e-010
17228	3.4349e-010
17229	3.4022e-010
17230	3.3261e-010
17231	3.2453e-010
17232	3.1776e-010
17233	3.1223e-010
17234	3.0154e-010
17235	3.0007e-010
17236	2.9194e-010
17237	2.8609e-010
17238	2.8035e-010
17239	2.7502e-010
17240	2.6993e-010
17241	2.6113e-010
17242	2.5914e-010
17243	2.5352e-010
17244	2.4845e-010
17245	2.4379e-010
17246	2.4115e-010
17247	2.4209e-010
17248	2.2358e-010
17249	2.3421e-010
17250	2.2348e-010
17251	2.3183e-010
17252	2.079e-010
17253	2.2014e-010
17254	2.149e-010
17255	1.954e-010
17256	1.9246e-010
17257	2.0894e-010
17258	1.859e-010
17259	1.8712e-010
17260	2.0448e-010
17261	1.8696e-010
17262	2.057e-010
17263	1.6709e-010
17264	1.7515e-010
17265	1.5754e-010
17266	1.5129e-010
17267	1.603e-010
17268	1.4434e-010
17269	1.5678e-010
17270	1.3775e-010
17271	1.4627e-010
17272	1.2906e-010
17273	1.3193e-010
17274	1.2666e-010
17275	1.1832e-010
17276	1.4775e-010
17277	1.4118e-010
17278	1.4682e-010
17279	1.1089e-010
17280	1.1371e-010
17281	1.4474e-010
17282	1.5294e-010
17283	1.6403e-010
17284	1.3195e-010
17285	1.8454e-010
17286	3.4514e-010
17287	3.6236e-010
17288	3.5093e-010
17289	1.0212e-009
17290	1.3003e-009
17291	2.7337e-010
17292	1.0895e-010
17293	1.0443e-010
17294	1.1061e-010
17295	1.1846e-010
17296	1.2426e-010
17297	1.2698e-010
17298	1.2667e-010
17299	1.2556e-010
17300	1.2669e-010
17301	1.2635e-010
17302	1.2624e-010
17303	1.2941e-010
17304	1.2918e-010
17305	1.3386e-010
17306	1.3541e-010
17307	1.3897e-010
17308	1.4214e-010
17309	1.4507e-010
17310	1.4938e-010
17311	1.5166e-010
17312	1.5661e-010
17313	1.5865e-010
17314	1.6365e-010
17315	1.6621e-010
17316	1.7071e-010
17317	1.7524e-010
17318	1.7732e-010
17319	1.8386e-010
17320	1.8488e-010
17321	1.9169e-010
17322	1.9533e-010
17323	1.9819e-010
17324	2.0507e-010
17325	2.0828e-010
17326	2.1216e-010
17327	2.1908e-010
17328	2.2352e-010
17329	2.2623e-010
17330	2.3366e-010
17331	2.3936e-010
17332	2.438e-010
17333	2.4795e-010
17334	2.5457e-010
17335	2.6104e-010
17336	2.6703e-010
17337	2.7255e-010
17338	2.7851e-010
17339	2.8476e-010
17340	2.9079e-010
17341	2.9784e-010
17342	3.0475e-010
17343	3.1159e-010
17344	3.186e-010
17345	3.2583e-010
17346	3.3327e-010
17347	3.3956e-010
17348	3.479e-010
17349	3.5609e-010
17350	3.6463e-010
17351	3.7448e-010
17352	3.829e-010
17353	3.8803e-010
17354	3.9594e-010
17355	4.1163e-010
17356	4.1248e-010
17357	3.9688e-010
17358	3.8919e-010
17359	3.8622e-010
17360	3.7928e-010
17361	3.6986e-010
17362	3.6133e-010
17363	3.5301e-010
17364	3.4348e-010
17365	3.3961e-010
17366	3.3271e-010
17367	3.2575e-010
17368	3.194e-010
17369	3.1322e-010
17370	3.0592e-010
17371	2.9688e-010
17372	2.931e-010
17373	2.8792e-010
17374	2.8321e-010
17375	2.8079e-010
17376	2.7776e-010
17377	2.701e-010
17378	2.5147e-010
17379	2.6246e-010
17380	2.6279e-010
17381	2.6006e-010
17382	2.3155e-010
17383	2.4843e-010
17384	2.4951e-010
17385	2.1745e-010
17386	2.186e-010
17387	2.4035e-010
17388	2.0465e-010
17389	2.157e-010
17390	2.3322e-010
17391	2.0334e-010
17392	2.352e-010
17393	1.8086e-010
17394	2.0502e-010
17395	1.798e-010
17396	1.7011e-010
17397	1.8338e-010
17398	1.6246e-010
17399	1.7804e-010
17400	1.5625e-010
17401	1.652e-010
17402	1.4879e-010
17403	1.4981e-010
17404	1.4594e-010
17405	1.3788e-010
17406	1.6474e-010
17407	1.5469e-010
17408	1.6169e-010
17409	1.2775e-010
17410	1.2988e-010
17411	1.6229e-010
17412	1.6761e-010
17413	1.6499e-010
17414	1.6729e-010
17415	2.3726e-010
17416	4.0911e-010
17417	3.5406e-010
17418	3.4128e-010
17419	1.0969e-009
17420	1.2515e-009
17421	2.6704e-010
17422	1.2688e-010
17423	8.4884e-011
17424	9.3263e-011
17425	1.0327e-010
17426	1.0823e-010
17427	1.1115e-010
17428	1.128e-010
17429	1.1136e-010
17430	1.1205e-010
17431	1.1162e-010
17432	1.1136e-010
17433	1.1448e-010
17434	1.1414e-010
17435	1.1811e-010
17436	1.191e-010
17437	1.2221e-010
17438	1.2516e-010
17439	1.2746e-010
17440	1.3153e-010
17441	1.3341e-010
17442	1.3778e-010
17443	1.3962e-010
17444	1.4387e-010
17445	1.4631e-010
17446	1.5011e-010
17447	1.5386e-010
17448	1.5636e-010
17449	1.6162e-010
17450	1.6311e-010
17451	1.6856e-010
17452	1.7173e-010
17453	1.748e-010
17454	1.803e-010
17455	1.8341e-010
17456	1.871e-010
17457	1.9243e-010
17458	1.9681e-010
17459	1.9942e-010
17460	2.0588e-010
17461	2.0997e-010
17462	2.1479e-010
17463	2.1828e-010
17464	2.2447e-010
17465	2.2953e-010
17466	2.3465e-010
17467	2.3969e-010
17468	2.4508e-010
17469	2.509e-010
17470	2.5607e-010
17471	2.6233e-010
17472	2.6825e-010
17473	2.7423e-010
17474	2.8035e-010
17475	2.8664e-010
17476	2.9388e-010
17477	2.9869e-010
17478	3.0693e-010
17479	3.1354e-010
17480	3.2059e-010
17481	3.2879e-010
17482	3.3712e-010
17483	3.424e-010
17484	3.4745e-010
17485	3.6272e-010
17486	3.6374e-010
17487	3.4832e-010
17488	3.4346e-010
17489	3.4008e-010
17490	3.3254e-010
17491	3.2454e-010
17492	3.1779e-010
17493	3.1226e-010
17494	3.0153e-010
17495	3.0014e-010
17496	2.9193e-010
17497	2.8606e-010
17498	2.8034e-010
17499	2.7505e-010
17500	2.7e-010
17501	2.6115e-010
17502	2.5918e-010
17503	2.5361e-010
17504	2.4855e-010
17505	2.4388e-010
17506	2.4126e-010
17507	2.4031e-010
17508	2.2455e-010
17509	2.3242e-010
17510	2.2361e-010
17511	2.3213e-010
17512	2.0885e-010
17513	2.2039e-010
17514	2.1491e-010
17515	1.9534e-010
17516	1.9238e-010
17517	2.0889e-010
17518	1.8577e-010
17519	1.8698e-010
17520	2.0436e-010
17521	1.8679e-010
17522	2.0557e-010
17523	1.6691e-010
17524	1.75e-010
17525	1.5738e-010
17526	1.511e-010
17527	1.6012e-010
17528	1.4419e-010
17529	1.5666e-010
17530	1.3763e-010
17531	1.4618e-010
17532	1.2899e-010
17533	1.3187e-010
17534	1.2661e-010
17535	1.1826e-010
17536	1.4767e-010
17537	1.4106e-010
17538	1.4676e-010
17539	1.108e-010
17540	1.1367e-010
17541	1.4479e-010
17542	1.5289e-010
17543	1.6403e-010
17544	1.3184e-010
17545	1.8447e-010
17546	3.4515e-010
17547	3.6236e-010
17548	3.5085e-010
17549	1.0205e-009
17550	1.2997e-009
17551	2.6704e-010
17552	1.2688e-010
17553	8.4884e-011
17554	9.3263e-011
17555	1.0327e-010
17556	1.0823e-010
17557	1.1115e-010
17558	1.128e-010
17559	1.1136e-010
17560	1.1205e-010
17561	1.1162e-010
17562	1.1136e-010
17563	1.1448e-010
17564	1.1414e-010
17565	1.1811e-010
17566	1.191e-010
17567	1.2221e-010
17568	1.2516e-010
17569	1.2746e-010
17570	1.3153e-010
17571	1.3341e-010
17572	1.3778e-010
17573	1.3962e-010
17574	1.4387e-010
17575	1.4631e-010
17576	1.5011e-010
17577	1.5386e-010
17578	1.5636e-010
17579	1.6162e-010
17580	1.6311e-010
17581	1.6856e-010
17582	1.7173e-010
17583	1.748e-010
17584	1.803e-010
17585	1.8341e-010
17586	1.871e-010
17587	1.9243e-010
17588	1.9681e-010
17589	1.9942e-010
17590	2.0588e-010
17591	2.0997e-010
17592	2.1479e-010
17593	2.1828e-010
17594	2.2447e-010
17595	2.2953e-010
17596	2.3465e-010
17597	2.3969e-010
17598	2.4508e-010
17599	2.509e-010
17600	2.5607e-010
17601	2.6233e-010
17602	2.6825e-010
17603	2.7423e-010
17604	2.8035e-010
17605	2.8664e-010
17606	2.9388e-010
17607	2.9869e-010
17608	3.0693e-010
17609	3.1354e-010
17610	3.2059e-010
17611	3.2879e-010
17612	3.3712e-010
17613	3.424e-010
17614	3.4745e-010
17615	3.6272e-010
17616	3.6374e-010
17617	3.4832e-010
17618	3.4346e-010
17619	3.4008e-010
17620	3.3254e-010
17621	3.2454e-010
17622	3.1779e-010
17623	3.1226e-010
17624	3.0153e-010
17625	3.0014e-010
17626	2.9193e-010
17627	2.8606e-010
17628	2.8034e-010
17629	2.7505e-010
17630	2.7e-010
17631	2.6115e-010
17632	2.5918e-010
17633	2.5361e-010
17634	2.4855e-010
17635	2.4389e-010
17636	2.4103e-010
17637	2.4028e-010
17638	2.2253e-010
17639	2.3234e-010
17640	2.2347e-010
17641	2.3187e-010
17642	2.1076e-010
17643	2.2014e-010
17644	2.1495e-010
17645	1.954e-010
17646	1.9238e-010
17647	2.0889e-010
17648	1.8576e-010
17649	1.8698e-010
17650	2.0436e-010
17651	1.8679e-010
17652	2.0557e-010
17653	1.6691e-010
17654	1.75e-010
17655	1.5738e-010
17656	1.511e-010
17657	1.6012e-010
17658	1.4419e-010
17659	1.5666e-010
17660	1.3763e-010
17661	1.4618e-010
17662	1.2899e-010
17663	1.3187e-010
17664	1.2661e-010
17665	1.1826e-010
17666	1.4767e-010
17667	1.4106e-010
17668	1.4676e-010
17669	1.108e-010
17670	1.1367e-010
17671	1.4479e-010
17672	1.5289e-010
17673	1.6403e-010
17674	1.3184e-010
17675	1.8447e-010
17676	3.4515e-010
17677	3.6236e-010
17678	3.5085e-010
17679	1.0205e-009
17680	1.2997e-009
17681	2.7337e-010
17682	1.0895e-010
17683	1.0443e-010
17684	1.1061e-010
17685	1.1846e-010
17686	1.2426e-010
17687	1.2698e-010
17688	1.2667e-010
17689	1.2556e-010
17690	1.2669e-010
17691	1.2635e-010
17692	1.2624e-010
17693	1.294e-010
17694	1.2918e-010
17695	1.3386e-010
17696	1.3541e-010
17697	1.3897e-010
17698	1.4214e-010
17699	1.4507e-010
17700	1.4938e-010
17701	1.5166e-010
17702	1.5661e-010
17703	1.5865e-010
17704	1.6365e-010
17705	1.6621e-010
17706	1.7071e-010
17707	1.7524e-010
17708	1.7732e-010
17709	1.8386e-010
17710	1.8488e-010
17711	1.9169e-010
17712	1.9533e-010
17713	1.9819e-010
17714	2.0507e-010
17715	2.0828e-010
17716	2.1216e-010
17717	2.1907e-010
17718	2.2352e-010
17719	2.2622e-010
17720	2.3366e-010
17721	2.3936e-010
17722	2.438e-010
17723	2.4795e-010
17724	2.5457e-010
17725	2.6104e-010
17726	2.6703e-010
17727	2.7255e-010
17728	2.7851e-010
17729	2.8476e-010
17730	2.9079e-010
17731	2.9784e-010
17732	3.0475e-010
17733	3.1159e-010
17734	3.186e-010
17735	3.2583e-010
17736	3.3327e-010
17737	3.3956e-010
17738	3.479e-010
17739	3.5609e-010
17740	3.6463e-010
17741	3.7448e-010
17742	3.829e-010
17743	3.8803e-010
17744	3.9594e-010
17745	4.1163e-010
17746	4.1248e-010
17747	3.9688e-010
17748	3.8919e-010
17749	3.8622e-010
17750	3.7928e-010
17751	3.6986e-010
17752	3.6133e-010
17753	3.5301e-010
17754	3.4348e-010
17755	3.3961e-010
17756	3.3271e-010
17757	3.2575e-010
17758	3.194e-010
17759	3.1322e-010
17760	3.0592e-010
17761	2.9688e-010
17762	2.931e-010
17763	2.8792e-010
17764	2.8322e-010
17765	2.8085e-010
17766	2.7754e-010
17767	2.6821e-010
17768	2.5174e-010
17769	2.6049e-010
17770	2.6264e-010
17771	2.6057e-010
17772	2.323e-010
17773	2.4887e-010
17774	2.4952e-010
17775	2.1745e-010
17776	2.1861e-010
17777	2.4035e-010
17778	2.0465e-010
17779	2.157e-010
17780	2.3322e-010
17781	2.0334e-010
17782	2.352e-010
17783	1.8086e-010
17784	2.0501e-010
17785	1.798e-010
17786	1.7011e-010
17787	1.8338e-010
17788	1.6246e-010
17789	1.7804e-010
17790	1.5625e-010
17791	1.652e-010
17792	1.4879e-010
17793	1.4981e-010
17794	1.4594e-010
17795	1.3788e-010
17796	1.6474e-010
17797	1.5469e-010
17798	1.6169e-010
17799	1.2775e-010
17800	1.2988e-010
17801	1.6229e-010
17802	1.6761e-010
17803	1.6499e-010
17804	1.6729e-010
17805	2.3726e-010
17806	4.0911e-010
17807	3.5406e-010
17808	3.4128e-010
17809	1.0969e-009
17810	1.2515e-009
17811	2.6691e-010
17812	1.2679e-010
17813	8.4866e-011
17814	9.3222e-011
17815	1.0322e-010
17816	1.0817e-010
17817	1.111e-010
17818	1.1276e-010
17819	1.1133e-010
17820	1.1205e-010
17821	1.1165e-010
17822	1.1138e-010
17823	1.1447e-010
17824	1.1407e-010
17825	1.1804e-010
17826	1.1904e-010
17827	1.2217e-010
17828	1.2516e-010
17829	1.2746e-010
17830	1.3146e-010
17831	1.3331e-010
17832	1.3773e-010
17833	1.3962e-010
17834	1.439e-010
17835	1.4635e-010
17836	1.5013e-010
17837	1.5384e-010
17838	1.5628e-010
17839	1.6155e-010
17840	1.6307e-010
17841	1.6854e-010
17842	1.7165e-010
17843	1.7466e-010
17844	1.8018e-010
17845	1.8334e-010
17846	1.8706e-010
17847	1.9239e-010
17848	1.9677e-010
17849	1.9931e-010
17850	2.058e-010
17851	2.0997e-010
17852	2.149e-010
17853	2.1838e-010
17854	2.2448e-010
17855	2.2937e-010
17856	2.345e-010
17857	2.397e-010
17858	2.4513e-010
17859	2.5085e-010
17860	2.5587e-010
17861	2.6222e-010
17862	2.6809e-010
17863	2.7407e-010
17864	2.8026e-010
17865	2.8664e-010
17866	2.9387e-010
17867	2.9876e-010
17868	3.0689e-010
17869	3.1347e-010
17870	3.2059e-010
17871	3.2891e-010
17872	3.3727e-010
17873	3.4252e-010
17874	3.4748e-010
17875	3.627e-010
17876	3.6384e-010
17877	3.4838e-010
17878	3.4349e-010
17879	3.4022e-010
17880	3.3261e-010
17881	3.2453e-010
17882	3.1776e-010
17883	3.1223e-010
17884	3.0154e-010
17885	3.0007e-010
17886	2.9194e-010
17887	2.8609e-010
17888	2.8035e-010
17889	2.7502e-010
17890	2.6993e-010
17891	2.6112e-010
17892	2.5914e-010
17893	2.5352e-010
17894	2.4847e-010
17895	2.4375e-010
17896	2.4138e-010
17897	2.4014e-010
17898	2.2449e-010
17899	2.322e-010
17900	2.2373e-010
17901	2.3165e-010
17902	2.0803e-010
17903	2.2e-010
17904	2.1493e-010
17905	1.9539e-010
17906	1.9246e-010
17907	2.0894e-010
17908	1.859e-010
17909	1.8712e-010
17910	2.0448e-010
17911	1.8696e-010
17912	2.057e-010
17913	1.6709e-010
17914	1.7515e-010
17915	1.5754e-010
17916	1.5129e-010
17917	1.603e-010
17918	1.4434e-010
17919	1.5678e-010
17920	1.3775e-010
17921	1.4627e-010
17922	1.2906e-010
17923	1.3193e-010
17924	1.2666e-010
17925	1.1832e-010
17926	1.4775e-010
17927	1.4118e-010
17928	1.4682e-010
17929	1.1089e-010
17930	1.1371e-010
17931	1.4474e-010
17932	1.5294e-010
17933	1.6403e-010
17934	1.3195e-010
17935	1.8454e-010
17936	3.4514e-010
17937	3.6236e-010
17938	3.5093e-010
17939	1.0212e-009
17940	1.3003e-009
17941	2.6688e-010
17942	1.2675e-010
17943	8.4814e-011
17944	9.3159e-011
17945	1.0317e-010
17946	1.0815e-010
17947	1.1108e-010
17948	1.1275e-010
17949	1.1133e-010
17950	1.1203e-010
17951	1.116e-010
17952	1.1133e-010
17953	1.1444e-010
17954	1.1406e-010
17955	1.18e-010
17956	1.1896e-010
17957	1.2207e-010
17958	1.2505e-010
17959	1.2736e-010
17960	1.314e-010
17961	1.3329e-010
17962	1.3774e-010
17963	1.3963e-010
17964	1.4389e-010
17965	1.463e-010
17966	1.5004e-010
17967	1.5374e-010
17968	1.562e-010
17969	1.615e-010
17970	1.6304e-010
17971	1.685e-010
17972	1.7162e-010
17973	1.7464e-010
17974	1.8016e-010
17975	1.833e-010
17976	1.8699e-010
17977	1.9231e-010
17978	1.9659e-010
17979	1.992e-010
17980	2.0559e-010
17981	2.0982e-010
17982	2.1469e-010
17983	2.1814e-010
17984	2.2429e-010
17985	2.293e-010
17986	2.3441e-010
17987	2.3948e-010
17988	2.4487e-010
17989	2.5062e-010
17990	2.5566e-010
17991	2.6209e-010
17992	2.6796e-010
17993	2.7392e-010
17994	2.802e-010
17995	2.8663e-010
17996	2.9394e-010
17997	2.9889e-010
17998	3.0701e-010
17999	3.1359e-010
18000	3.2079e-010
18001	3.2911e-010
18002	3.3748e-010
18003	3.4289e-010
18004	3.478e-010
18005	3.63e-010
18006	3.6406e-010
18007	3.486e-010
18008	3.4362e-010
18009	3.4037e-010
18010	3.3273e-010
18011	3.2459e-010
18012	3.179e-010
18013	3.1236e-010
18014	3.0164e-010
18015	3.0012e-010
18016	2.9201e-010
18017	2.8605e-010
18018	2.8025e-010
18019	2.749e-010
18020	2.6987e-010
18021	2.6098e-010
18022	2.5898e-010
18023	2.5338e-010
18024	2.4831e-010
18025	2.4373e-010
18026	2.4109e-010
18027	2.3972e-010
18028	2.2502e-010
18029	2.3182e-010
18030	2.2349e-010
18031	2.3067e-010
18032	2.08e-010
18033	2.1909e-010
18034	2.1503e-010
18035	1.9551e-010
18036	1.9258e-010
18037	2.0914e-010
18038	1.8613e-010
18039	1.8737e-010
18040	2.0473e-010
18041	1.8723e-010
18042	2.0598e-010
18043	1.6739e-010
18044	1.7545e-010
18045	1.5783e-010
18046	1.5156e-010
18047	1.6057e-010
18048	1.4466e-010
18049	1.5709e-010
18050	1.3805e-010
18051	1.4653e-010
18052	1.293e-010
18053	1.3213e-010
18054	1.2684e-010
18055	1.1848e-010
18056	1.4789e-010
18057	1.4131e-010
18058	1.4694e-010
18059	1.1098e-010
18060	1.1381e-010
18061	1.4484e-010
18062	1.5303e-010
18063	1.6414e-010
18064	1.3209e-010
18065	1.8471e-010
18066	3.4534e-010
18067	3.6247e-010
18068	3.5104e-010
18069	1.0214e-009
18070	1.3006e-009
18071	2.7325e-010
18072	1.0883e-010
18073	1.0427e-010
18074	1.1044e-010
18075	1.1833e-010
18076	1.2418e-010
18077	1.2693e-010
18078	1.2664e-010
18079	1.2553e-010
18080	1.2664e-010
18081	1.2626e-010
18082	1.2614e-010
18083	1.2933e-010
18084	1.2911e-010
18085	1.3374e-010
18086	1.352e-010
18087	1.3872e-010
18088	1.419e-010
18089	1.4488e-010
18090	1.4924e-010
18091	1.5158e-010
18092	1.566e-010
18093	1.5867e-010
18094	1.6365e-010
18095	1.6613e-010
18096	1.7052e-010
18097	1.7501e-010
18098	1.7716e-010
18099	1.838e-010
18100	1.849e-010
18101	1.9169e-010
18102	1.9529e-010
18103	1.9816e-010
18104	2.0504e-010
18105	2.0823e-010
18106	2.1207e-010
18107	2.1891e-010
18108	2.2325e-010
18109	2.2601e-010
18110	2.3338e-010
18111	2.3908e-010
18112	2.434e-010
18113	2.4742e-010
18114	2.5419e-010
18115	2.6087e-010
18116	2.6685e-010
18117	2.7216e-010
18118	2.7803e-010
18119	2.8436e-010
18120	2.9035e-010
18121	2.9743e-010
18122	3.044e-010
18123	3.1128e-010
18124	3.1853e-010
18125	3.2595e-010
18126	3.3342e-010
18127	3.3987e-010
18128	3.4817e-010
18129	3.5636e-010
18130	3.6511e-010
18131	3.7501e-010
18132	3.8348e-010
18133	3.8862e-010
18134	3.9684e-010
18135	4.121e-010
18136	4.1283e-010
18137	3.9735e-010
18138	3.8946e-010
18139	3.8655e-010
18140	3.7971e-010
18141	3.7013e-010
18142	3.6167e-010
18143	3.5324e-010
18144	3.4353e-010
18145	3.3963e-010
18146	3.3294e-010
18147	3.2573e-010
18148	3.1928e-010
18149	3.1301e-010
18150	3.0563e-010
18151	2.9657e-010
18152	2.9277e-010
18153	2.8765e-010
18154	2.8299e-010
18155	2.8053e-010
18156	2.7756e-010
18157	2.6701e-010
18158	2.5411e-010
18159	2.5928e-010
18160	2.6241e-010
18161	2.5725e-010
18162	2.3302e-010
18163	2.4599e-010
18164	2.4948e-010
18165	2.1763e-010
18166	2.1875e-010
18167	2.4064e-010
18168	2.0498e-010
18169	2.161e-010
18170	2.3365e-010
18171	2.0384e-010
18172	2.358e-010
18173	1.8146e-010
18174	2.0572e-010
18175	1.8046e-010
18176	1.7076e-010
18177	1.8404e-010
18178	1.6318e-010
18179	1.7872e-010
18180	1.5691e-010
18181	1.6574e-010
18182	1.493e-010
18183	1.5023e-010
18184	1.4633e-010
18185	1.3824e-010
18186	1.6504e-010
18187	1.5497e-010
18188	1.6192e-010
18189	1.2791e-010
18190	1.3006e-010
18191	1.6244e-010
18192	1.6771e-010
18193	1.6516e-010
18194	1.6759e-010
18195	2.3766e-010
18196	4.0955e-010
18197	3.5429e-010
18198	3.4158e-010
18199	1.0977e-009
18200	1.252e-009
18201	2.6688e-010
18202	1.2675e-010
18203	8.4814e-011
18204	9.3159e-011
18205	1.0317e-010
18206	1.0815e-010
18207	1.1108e-010
18208	1.1275e-010
18209	1.1133e-010
18210	1.1203e-010
18211	1.116e-010
18212	1.1133e-010
18213	1.1444e-010
18214	1.1406e-010
18215	1.18e-010
18216	1.1896e-010
18217	1.2207e-010
18218	1.2505e-010
18219	1.2736e-010
18220	1.314e-010
18221	1.3329e-010
18222	1.3774e-010
18223	1.3963e-010
18224	1.4389e-010
18225	1.463e-010
18226	1.5004e-010
18227	1.5374e-010
18228	1.562e-010
18229	1.615e-010
18230	1.6304e-010
18231	1.685e-010
18232	1.7162e-010
18233	1.7464e-010
18234	1.8016e-010
18235	1.833e-010
18236	1.8699e-010
18237	1.9231e-010
18238	1.9651e-010
18239	1.9931e-010
18240	2.0551e-010
18241	2.0982e-010
18242	2.1469e-010
18243	2.1814e-010
18244	2.2429e-010
18245	2.293e-010
18246	2.3441e-010
18247	2.3948e-010
18248	2.4487e-010
18249	2.5062e-010
18250	2.5566e-010
18251	2.6209e-010
18252	2.6796e-010
18253	2.7392e-010
18254	2.802e-010
18255	2.8663e-010
18256	2.9394e-010
18257	2.9889e-010
18258	3.0701e-010
18259	3.1359e-010
18260	3.2079e-010
18261	3.2911e-010
18262	3.3748e-010
18263	3.4289e-010
18264	3.478e-010
18265	3.63e-010
18266	3.6406e-010
18267	3.486e-010
18268	3.4362e-010
18269	3.4037e-010
18270	3.3273e-010
18271	3.2459e-010
18272	3.179e-010
18273	3.1236e-010
18274	3.0164e-010
18275	3.0012e-010
18276	2.9202e-010
18277	2.8605e-010
18278	2.8025e-010
18279	2.749e-010
18280	2.6987e-010
18281	2.6098e-010
18282	2.5898e-010
18283	2.5338e-010
18284	2.4832e-010
18285	2.4371e-010
18286	2.4117e-010
18287	2.3948e-010
18288	2.2539e-010
18289	2.3161e-010
18290	2.2365e-010
18291	2.2913e-010
18292	2.0888e-010
18293	2.1766e-010
18294	2.1511e-010
18295	1.9553e-010
18296	1.9259e-010
18297	2.0914e-010
18298	1.8613e-010
18299	1.8737e-010
18300	2.0473e-010
18301	1.8723e-010
18302	2.0598e-010
18303	1.6739e-010
18304	1.7545e-010
18305	1.5783e-010
18306	1.5156e-010
18307	1.6057e-010
18308	1.4466e-010
18309	1.5709e-010
18310	1.3805e-010
18311	1.4653e-010
18312	1.293e-010
18313	1.3213e-010
18314	1.2684e-010
18315	1.1848e-010
18316	1.4789e-010
18317	1.4131e-010
18318	1.4694e-010
18319	1.1098e-010
18320	1.1381e-010
18321	1.4484e-010
18322	1.5303e-010
18323	1.6414e-010
18324	1.3209e-010
18325	1.8471e-010
18326	3.4534e-010
18327	3.6247e-010
18328	3.5104e-010
18329	1.0214e-009
18330	1.3006e-009
18331	2.6691e-010
18332	1.2679e-010
18333	8.4866e-011
18334	9.3222e-011
18335	1.0322e-010
18336	1.0817e-010
18337	1.111e-010
18338	1.1276e-010
18339	1.1133e-010
18340	1.1205e-010
18341	1.1165e-010
18342	1.1138e-010
18343	1.1447e-010
18344	1.1407e-010
18345	1.1804e-010
18346	1.1904e-010
18347	1.2217e-010
18348	1.2516e-010
18349	1.2746e-010
18350	1.3146e-010
18351	1.3331e-010
18352	1.3773e-010
18353	1.3962e-010
18354	1.439e-010
18355	1.4635e-010
18356	1.5013e-010
18357	1.5384e-010
18358	1.5628e-010
18359	1.6155e-010
18360	1.6307e-010
18361	1.6854e-010
18362	1.7165e-010
18363	1.7466e-010
18364	1.8018e-010
18365	1.8334e-010
18366	1.8706e-010
18367	1.9241e-010
18368	1.9664e-010
18369	1.9944e-010
18370	2.0566e-010
18371	2.0999e-010
18372	2.149e-010
18373	2.1838e-010
18374	2.2448e-010
18375	2.2937e-010
18376	2.345e-010
18377	2.397e-010
18378	2.4513e-010
18379	2.5085e-010
18380	2.5587e-010
18381	2.6222e-010
18382	2.6809e-010
18383	2.7407e-010
18384	2.8026e-010
18385	2.8664e-010
18386	2.9387e-010
18387	2.9876e-010
18388	3.0689e-010
18389	3.1347e-010
18390	3.2059e-010
18391	3.2891e-010
18392	3.3727e-010
18393	3.4252e-010
18394	3.4748e-010
18395	3.627e-010
18396	3.6384e-010
18397	3.4838e-010
18398	3.4349e-010
18399	3.4022e-010
18400	3.3261e-010
18401	3.2453e-010
18402	3.1776e-010
18403	3.1223e-010
18404	3.0154e-010
18405	3.0007e-010
18406	2.9194e-010
18407	2.8609e-010
18408	2.8035e-010
18409	2.7502e-010
18410	2.6993e-010
18411	2.6112e-010
18412	2.5914e-010
18413	2.5352e-010
18414	2.4846e-010
18415	2.4384e-010
18416	2.4134e-010
18417	2.3946e-010
18418	2.2571e-010
18419	2.3159e-010
18420	2.238e-010
18421	2.2997e-010
18422	2.0942e-010
18423	2.1834e-010
18424	2.1503e-010
18425	1.9543e-010
18426	1.9246e-010
18427	2.0894e-010
18428	1.859e-010
18429	1.8712e-010
18430	2.0448e-010
18431	1.8696e-010
18432	2.057e-010
18433	1.6709e-010
18434	1.7515e-010
18435	1.5754e-010
18436	1.5129e-010
18437	1.603e-010
18438	1.4434e-010
18439	1.5678e-010
18440	1.3775e-010
18441	1.4627e-010
18442	1.2906e-010
18443	1.3193e-010
18444	1.2666e-010
18445	1.1832e-010
18446	1.4775e-010
18447	1.4118e-010
18448	1.4682e-010
18449	1.1089e-010
18450	1.1371e-010
18451	1.4474e-010
18452	1.5294e-010
18453	1.6403e-010
18454	1.3195e-010
18455	1.8454e-010
18456	3.4514e-010
18457	3.6236e-010
18458	3.5093e-010
18459	1.0212e-009
18460	1.3003e-009
18461	2.7337e-010
18462	1.0895e-010
18463	1.0443e-010
18464	1.1061e-010
18465	1.1846e-010
18466	1.2426e-010
18467	1.2698e-010
18468	1.2667e-010
18469	1.2556e-010
18470	1.2669e-010
18471	1.2635e-010
18472	1.2624e-010
18473	1.294e-010
18474	1.2918e-010
18475	1.3386e-010
18476	1.3541e-010
18477	1.3897e-010
18478	1.4214e-010
18479	1.4508e-010
18480	1.4938e-010
18481	1.5166e-010
18482	1.5661e-010
18483	1.5866e-010
18484	1.6365e-010
18485	1.6621e-010
18486	1.7071e-010
18487	1.7524e-010
18488	1.7732e-010
18489	1.8386e-010
18490	1.8488e-010
18491	1.9169e-010
18492	1.9533e-010
18493	1.9819e-010
18494	2.0507e-010
18495	2.0828e-010
18496	2.1217e-010
18497	2.1906e-010
18498	2.2343e-010
18499	2.2639e-010
18500	2.3356e-010
18501	2.3934e-010
18502	2.438e-010
18503	2.4795e-010
18504	2.5457e-010
18505	2.6104e-010
18506	2.6703e-010
18507	2.7255e-010
18508	2.7851e-010
18509	2.8475e-010
18510	2.9079e-010
18511	2.9784e-010
18512	3.0475e-010
18513	3.1159e-010
18514	3.186e-010
18515	3.2583e-010
18516	3.3327e-010
18517	3.3956e-010
18518	3.479e-010
18519	3.5609e-010
18520	3.6463e-010
18521	3.7448e-010
18522	3.829e-010
18523	3.8803e-010
18524	3.9594e-010
18525	4.1163e-010
18526	4.1248e-010
18527	3.9688e-010
18528	3.8919e-010
18529	3.8622e-010
18530	3.7928e-010
18531	3.6986e-010
18532	3.6133e-010
18533	3.5301e-010
18534	3.4348e-010
18535	3.3962e-010
18536	3.3271e-010
18537	3.2575e-010
18538	3.194e-010
18539	3.1321e-010
18540	3.0592e-010
18541	2.9688e-010
18542	2.931e-010
18543	2.8792e-010
18544	2.8323e-010
18545	2.809e-010
18546	2.777e-010
18547	2.6719e-010
18548	2.5474e-010
18549	2.5954e-010
18550	2.6263e-010
18551	2.605e-010
18552	2.3082e-010
18553	2.4877e-010
18554	2.4939e-010
18555	2.1745e-010
18556	2.186e-010
18557	2.4035e-010
18558	2.0465e-010
18559	2.157e-010
18560	2.3322e-010
18561	2.0334e-010
18562	2.352e-010
18563	1.8086e-010
18564	2.0502e-010
18565	1.798e-010
18566	1.7011e-010
18567	1.8338e-010
18568	1.6246e-010
18569	1.7804e-010
18570	1.5625e-010
18571	1.652e-010
18572	1.4879e-010
18573	1.4981e-010
18574	1.4594e-010
18575	1.3788e-010
18576	1.6474e-010
18577	1.5469e-010
18578	1.6169e-010
18579	1.2775e-010
18580	1.2988e-010
18581	1.6229e-010
18582	1.6761e-010
18583	1.6499e-010
18584	1.6729e-010
18585	2.3726e-010
18586	4.0911e-010
18587	3.5406e-010
18588	3.4128e-010
18589	1.0969e-009
18590	1.2515e-009
18591	2.6704e-010
18592	1.2688e-010
18593	8.4884e-011
18594	9.3263e-011
18595	1.0327e-010
18596	1.0823e-010
18597	1.1115e-010
18598	1.128e-010
18599	1.1136e-010
18600	1.1205e-010
18601	1.1162e-010
18602	1.1136e-010
18603	1.1448e-010
18604	1.1414e-010
18605	1.1811e-010
18606	1.191e-010
18607	1.2221e-010
18608	1.2516e-010
18609	1.2746e-010
18610	1.3153e-010
18611	1.3341e-010
18612	1.3778e-010
18613	1.3962e-010
18614	1.4387e-010
18615	1.4631e-010
18616	1.5011e-010
18617	1.5386e-010
18618	1.5636e-010
18619	1.6162e-010
18620	1.6311e-010
18621	1.6856e-010
18622	1.7173e-010
18623	1.748e-010
18624	1.803e-010
18625	1.8341e-010
18626	1.871e-010
18627	1.9245e-010
18628	1.9668e-010
18629	1.9959e-010
18630	2.0574e-010
18631	2.0999e-010
18632	2.148e-010
18633	2.1828e-010
18634	2.2447e-010
18635	2.2953e-010
18636	2.3465e-010
18637	2.3969e-010
18638	2.4508e-010
18639	2.509e-010
18640	2.5607e-010
18641	2.6233e-010
18642	2.6825e-010
18643	2.7423e-010
18644	2.8035e-010
18645	2.8664e-010
18646	2.9388e-010
18647	2.9869e-010
18648	3.0693e-010
18649	3.1354e-010
18650	3.2059e-010
18651	3.2879e-010
18652	3.3712e-010
18653	3.424e-010
18654	3.4745e-010
18655	3.6272e-010
18656	3.6374e-010
18657	3.4832e-010
18658	3.4346e-010
18659	3.4007e-010
18660	3.3254e-010
18661	3.2454e-010
18662	3.1779e-010
18663	3.1226e-010
18664	3.0153e-010
18665	3.0014e-010
18666	2.9194e-010
18667	2.8606e-010
18668	2.8034e-010
18669	2.7505e-010
18670	2.7e-010
18671	2.6116e-010
18672	2.5918e-010
18673	2.5362e-010
18674	2.4854e-010
18675	2.4393e-010
18676	2.4137e-010
18677	2.3948e-010
18678	2.2547e-010
18679	2.3159e-010
18680	2.2375e-010
18681	2.3144e-010
18682	2.0845e-010
18683	2.1971e-010
18684	2.1495e-010
18685	1.9534e-010
18686	1.9238e-010
18687	2.0889e-010
18688	1.8577e-010
18689	1.8698e-010
18690	2.0436e-010
18691	1.8679e-010
18692	2.0557e-010
18693	1.6691e-010
18694	1.75e-010
18695	1.5738e-010
18696	1.511e-010
18697	1.6012e-010
18698	1.4419e-010
18699	1.5666e-010
18700	1.3763e-010
18701	1.4618e-010
18702	1.2899e-010
18703	1.3187e-010
18704	1.2661e-010
18705	1.1826e-010
18706	1.4767e-010
18707	1.4106e-010
18708	1.4676e-010
18709	1.108e-010
18710	1.1367e-010
18711	1.4479e-010
18712	1.5289e-010
18713	1.6403e-010
18714	1.3184e-010
18715	1.8447e-010
18716	3.4515e-010
18717	3.6236e-010
18718	3.5085e-010
18719	1.0205e-009
18720	1.2997e-009
18721	2.7332e-010
18722	1.8425e-010
18723	5.1297e-011
18724	7.2282e-011
18725	7.752e-011
18726	8.4922e-011
18727	8.7197e-011
18728	8.5329e-011
18729	9.0001e-011
18730	8.5773e-011
18731	8.6301e-011
18732	8.8533e-011
18733	8.5752e-011
18734	9.1142e-011
18735	8.9021e-011
18736	9.2817e-011
18737	9.3998e-011
18738	9.5926e-011
18739	9.9071e-011
18740	1.001e-010
18741	1.0411e-010
18742	1.048e-010
18743	1.0876e-010
18744	1.0986e-010
18745	1.1333e-010
18746	1.1557e-010
18747	1.1794e-010
18748	1.2172e-010
18749	1.227e-010
18750	1.2766e-010
18751	1.2865e-010
18752	1.3211e-010
18753	1.3598e-010
18754	1.3768e-010
18755	1.4153e-010
18756	1.4508e-010
18757	1.4734e-010
18758	1.5085e-010
18759	1.5559e-010
18760	1.5772e-010
18761	1.6128e-010
18762	1.6494e-010
18763	1.6966e-010
18764	1.7264e-010
18765	1.7652e-010
18766	1.8053e-010
18767	1.8471e-010
18768	1.889e-010
18769	1.9317e-010
18770	1.9786e-010
18771	2.0189e-010
18772	2.0654e-010
18773	2.1122e-010
18774	2.1591e-010
18775	2.2076e-010
18776	2.2534e-010
18777	2.3164e-010
18778	2.3614e-010
18779	2.4171e-010
18780	2.47e-010
18781	2.5205e-010
18782	2.5768e-010
18783	2.6517e-010
18784	2.7295e-010
18785	2.7513e-010
18786	2.75e-010
18787	2.7423e-010
18788	2.6728e-010
18789	2.5941e-010
18790	2.5415e-010
18791	2.4985e-010
18792	2.4502e-010
18793	2.3928e-010
18794	2.3701e-010
18795	2.2856e-010
18796	2.2489e-010
18797	2.2018e-010
18798	2.157e-010
18799	2.1113e-010
18800	2.0655e-010
18801	2.0483e-010
18802	1.9894e-010
18803	1.9589e-010
18804	1.9178e-010
18805	1.8658e-010
18806	1.8306e-010
18807	1.8161e-010
18808	1.8608e-010
18809	1.7492e-010
18810	1.6848e-010
18811	1.6779e-010
18812	1.8649e-010
18813	1.6213e-010
18814	1.5492e-010
18815	1.6285e-010
18816	1.5369e-010
18817	1.4422e-010
18818	1.6185e-010
18819	1.4496e-010
18820	1.4303e-010
18821	1.7589e-010
18822	1.333e-010
18823	1.5434e-010
18824	1.2882e-010
18825	1.3021e-010
18826	1.2798e-010
18827	1.1399e-010
18828	1.2952e-010
18829	1.0714e-010
18830	1.2529e-010
18831	1.0192e-010
18832	1.1417e-010
18833	1.0135e-010
18834	1.0085e-010
18835	1.0734e-010
18836	9.3251e-011
18837	1.3975e-010
18838	8.7648e-011
18839	1.1329e-010
18840	8.5628e-011
18841	1.0366e-010
18842	1.8504e-010
18843	1.1966e-010
18844	1.9007e-010
18845	2.8814e-010
18846	4.2277e-010
18847	4.9217e-010
18848	4.693e-010
18849	6.8701e-010
18850	1.8139e-009
18851	2.873e-010
18852	2.1647e-010
18853	7.5075e-011
18854	8.2729e-011
18855	8.5438e-011
18856	9.4749e-011
18857	9.6654e-011
18858	9.2441e-011
18859	1.0328e-010
18860	9.4107e-011
18861	9.6359e-011
18862	1.0208e-010
18863	9.4134e-011
18864	1.0687e-010
18865	9.8942e-011
18866	1.068e-010
18867	1.0699e-010
18868	1.09e-010
18869	1.142e-010
18870	1.1283e-010
18871	1.2051e-010
18872	1.1792e-010
18873	1.258e-010
18874	1.2418e-010
18875	1.303e-010
18876	1.3178e-010
18877	1.3361e-010
18878	1.4091e-010
18879	1.3746e-010
18880	1.4858e-010
18881	1.4507e-010
18882	1.5039e-010
18883	1.57e-010
18884	1.5526e-010
18885	1.6185e-010
18886	1.6688e-010
18887	1.6685e-010
18888	1.7114e-010
18889	1.8018e-010
18890	1.788e-010
18891	1.8346e-010
18892	1.8777e-010
18893	1.9553e-010
18894	1.9685e-010
18895	2.0111e-010
18896	2.0542e-010
18897	2.1082e-010
18898	2.1577e-010
18899	2.2027e-010
18900	2.2654e-010
18901	2.3026e-010
18902	2.3561e-010
18903	2.4101e-010
18904	2.4634e-010
18905	2.5186e-010
18906	2.5635e-010
18907	2.661e-010
18908	2.6934e-010
18909	2.7651e-010
18910	2.8247e-010
18911	2.8565e-010
18912	2.9158e-010
18913	3.0506e-010
18914	3.1869e-010
18915	3.0783e-010
18916	3.0698e-010
18917	3.2058e-010
18918	3.0936e-010
18919	2.928e-010
18920	2.8619e-010
18921	2.8551e-010
18922	2.8036e-010
18923	2.7218e-010
18924	2.7539e-010
18925	2.5863e-010
18926	2.5654e-010
18927	2.5112e-010
18928	2.4598e-010
18929	2.4041e-010
18930	2.3458e-010
18931	2.3792e-010
18932	2.2648e-010
18933	2.2479e-010
18934	2.1926e-010
18935	2.0835e-010
18936	2.055e-010
18937	2.0189e-010
18938	2.3096e-010
18939	1.9368e-010
18940	1.8512e-010
18941	1.7561e-010
18942	2.3887e-010
18943	1.7324e-010
18944	1.5846e-010
18945	2.0187e-010
18946	1.8052e-010
18947	1.3772e-010
18948	2.0947e-010
18949	1.5936e-010
18950	1.3469e-010
18951	2.3901e-010
18952	1.1368e-010
18953	1.9841e-010
18954	1.3363e-010
18955	1.44e-010
18956	1.5802e-010
18957	1.1248e-010
18958	1.6696e-010
18959	9.9504e-011
18960	1.6256e-010
18961	9.8348e-011
18962	1.418e-010
18963	1.0925e-010
18964	1.1158e-010
18965	1.3308e-010
18966	7.9465e-011
18967	1.905e-010
18968	6.5598e-011
18969	1.4931e-010
18970	9.0147e-011
18971	8.7434e-011
18972	2.4342e-010
18973	1.0477e-010
18974	1.9018e-010
18975	3.1691e-010
18976	5.0265e-010
18977	4.3903e-010
18978	5.6618e-010
18979	9.1403e-010
18980	1.7929e-009
18981	2.7315e-010
18982	1.8413e-010
18983	5.1259e-011
18984	7.2229e-011
18985	7.7454e-011
18986	8.4838e-011
18987	8.7121e-011
18988	8.5282e-011
18989	8.9981e-011
18990	8.5794e-011
18991	8.6362e-011
18992	8.8592e-011
18993	8.5753e-011
18994	9.1087e-011
18995	8.8947e-011
18996	9.2748e-011
18997	9.3959e-011
18998	9.5942e-011
18999	9.9086e-011
19000	1.0005e-010
19001	1.0404e-010
19002	1.0478e-010
19003	1.0879e-010
19004	1.0991e-010
19005	1.1339e-010
19006	1.1564e-010
19007	1.1798e-010
19008	1.2172e-010
19009	1.2269e-010
19010	1.2766e-010
19011	1.2867e-010
19012	1.3208e-010
19013	1.359e-010
19014	1.3764e-010
19015	1.4154e-010
19016	1.4506e-010
19017	1.4736e-010
19018	1.508e-010
19019	1.556e-010
19020	1.5763e-010
19021	1.6137e-010
19022	1.6509e-010
19023	1.6979e-010
19024	1.7265e-010
19025	1.7648e-010
19026	1.8043e-010
19027	1.847e-010
19028	1.8901e-010
19029	1.9306e-010
19030	1.9776e-010
19031	2.0177e-010
19032	2.0638e-010
19033	2.1118e-010
19034	2.1588e-010
19035	2.2082e-010
19036	2.2543e-010
19037	2.3175e-010
19038	2.3613e-010
19039	2.4176e-010
19040	2.4705e-010
19041	2.5226e-010
19042	2.5781e-010
19043	2.6524e-010
19044	2.7307e-010
19045	2.751e-010
19046	2.7516e-010
19047	2.7425e-010
19048	2.6744e-010
19049	2.5953e-010
19050	2.543e-010
19051	2.499e-010
19052	2.4504e-010
19053	2.3933e-010
19054	2.37e-010
19055	2.2874e-010
19056	2.2488e-010
19057	2.2028e-010
19058	2.1582e-010
19059	2.1113e-010
19060	2.0654e-010
19061	2.0477e-010
19062	1.9899e-010
19063	1.9589e-010
19064	1.9179e-010
19065	1.8653e-010
19066	1.831e-010
19067	1.8165e-010
19068	1.864e-010
19069	1.7488e-010
19070	1.6822e-010
19071	1.6741e-010
19072	1.8447e-010
19073	1.6177e-010
19074	1.5454e-010
19075	1.6276e-010
19076	1.5359e-010
19077	1.4407e-010
19078	1.6186e-010
19079	1.4496e-010
19080	1.4303e-010
19081	1.7599e-010
19082	1.334e-010
19083	1.5447e-010
19084	1.2897e-010
19085	1.3038e-010
19086	1.2819e-010
19087	1.1424e-010
19088	1.2968e-010
19089	1.0735e-010
19090	1.2541e-010
19091	1.0208e-010
19092	1.1426e-010
19093	1.0144e-010
19094	1.0093e-010
19095	1.074e-010
19096	9.3314e-011
19097	1.399e-010
19098	8.7621e-011
19099	1.1333e-010
19100	8.5604e-011
19101	1.0351e-010
19102	1.8484e-010
19103	1.1969e-010
19104	1.903e-010
19105	2.8841e-010
19106	4.2266e-010
19107	4.9219e-010
19108	4.6909e-010
19109	6.8722e-010
19110	1.8149e-009
19111	2.7313e-010
19112	1.8412e-010
19113	5.1256e-011
19114	7.2232e-011
19115	7.7478e-011
19116	8.4884e-011
19117	8.717e-011
19118	8.5313e-011
19119	8.9996e-011
19120	8.5786e-011
19121	8.6332e-011
19122	8.8558e-011
19123	8.5746e-011
19124	9.1092e-011
19125	8.895e-011
19126	9.2727e-011
19127	9.3928e-011
19128	9.591e-011
19129	9.9046e-011
19130	1.e-010
19131	1.0399e-010
19132	1.0475e-010
19133	1.0877e-010
19134	1.0988e-010
19135	1.1333e-010
19136	1.1554e-010
19137	1.1788e-010
19138	1.2164e-010
19139	1.2265e-010
19140	1.2764e-010
19141	1.2863e-010
19142	1.3201e-010
19143	1.3579e-010
19144	1.3754e-010
19145	1.4149e-010
19146	1.4505e-010
19147	1.473e-010
19148	1.5059e-010
19149	1.556e-010
19150	1.5741e-010
19151	1.6122e-010
19152	1.6486e-010
19153	1.6958e-010
19154	1.7249e-010
19155	1.7641e-010
19156	1.8032e-010
19157	1.8442e-010
19158	1.8868e-010
19159	1.928e-010
19160	1.9761e-010
19161	2.0171e-010
19162	2.0633e-010
19163	2.1108e-010
19164	2.1583e-010
19165	2.2081e-010
19166	2.2557e-010
19167	2.319e-010
19168	2.3635e-010
19169	2.42e-010
19170	2.4735e-010
19171	2.526e-010
19172	2.5823e-010
19173	2.6583e-010
19174	2.7365e-010
19175	2.7566e-010
19176	2.7564e-010
19177	2.7478e-010
19178	2.678e-010
19179	2.5994e-010
19180	2.5468e-010
19181	2.5023e-010
19182	2.4525e-010
19183	2.3953e-010
19184	2.3721e-010
19185	2.2885e-010
19186	2.2491e-010
19187	2.2033e-010
19188	2.1573e-010
19189	2.1114e-010
19190	2.0661e-010
19191	2.0478e-010
19192	1.9885e-010
19193	1.9573e-010
19194	1.9157e-010
19195	1.863e-010
19196	1.8315e-010
19197	1.8048e-010
19198	1.8962e-010
19199	1.7395e-010
19200	1.6844e-010
19201	1.672e-010
19202	1.8436e-010
19203	1.6168e-010
19204	1.5478e-010
19205	1.6295e-010
19206	1.5387e-010
19207	1.4451e-010
19208	1.6218e-010
19209	1.4538e-010
19210	1.4349e-010
19211	1.7627e-010
19212	1.3382e-010
19213	1.5477e-010
19214	1.2928e-010
19215	1.3067e-010
19216	1.2848e-010
19217	1.1454e-010
19218	1.3006e-010
19219	1.0774e-010
19220	1.258e-010
19221	1.0245e-010
19222	1.146e-010
19223	1.0172e-010
19224	1.0116e-010
19225	1.076e-010
19226	9.3485e-011
19227	1.4e-010
19228	8.7773e-011
19229	1.1341e-010
19230	8.5703e-011
19231	1.0365e-010
19232	1.8487e-010
19233	1.1979e-010
19234	1.9035e-010
19235	2.8847e-010
19236	4.2294e-010
19237	4.9223e-010
19238	4.6922e-010
19239	6.8763e-010
19240	1.8153e-009
19241	2.8717e-010
19242	2.164e-010
19243	7.504e-011
19244	8.2668e-011
19245	8.5379e-011
19246	9.4701e-011
19247	9.6613e-011
19248	9.2408e-011
19249	1.0325e-010
19250	9.4069e-011
19251	9.6298e-011
19252	1.02e-010
19253	9.4062e-011
19254	1.0681e-010
19255	9.8853e-011
19256	1.0669e-010
19257	1.0687e-010
19258	1.0891e-010
19259	1.1412e-010
19260	1.1275e-010
19261	1.2045e-010
19262	1.1788e-010
19263	1.2578e-010
19264	1.2415e-010
19265	1.3025e-010
19266	1.3167e-010
19267	1.3349e-010
19268	1.4081e-010
19269	1.3738e-010
19270	1.4854e-010
19271	1.4502e-010
19272	1.5031e-010
19273	1.5691e-010
19274	1.5519e-010
19275	1.6176e-010
19276	1.6677e-010
19277	1.6673e-010
19278	1.7075e-010
19279	1.8037e-010
19280	1.7837e-010
19281	1.8329e-010
19282	1.875e-010
19283	1.9526e-010
19284	1.9661e-010
19285	2.01e-010
19286	2.0529e-010
19287	2.1057e-010
19288	2.1551e-010
19289	2.1993e-010
19290	2.2636e-010
19291	2.3011e-010
19292	2.3542e-010
19293	2.4083e-010
19294	2.4628e-010
19295	2.5188e-010
19296	2.5656e-010
19297	2.6625e-010
19298	2.6952e-010
19299	2.7666e-010
19300	2.8274e-010
19301	2.8596e-010
19302	2.919e-010
19303	3.0551e-010
19304	3.1928e-010
19305	3.0817e-010
19306	3.073e-010
19307	3.2091e-010
19308	3.0965e-010
19309	2.9307e-010
19310	2.8649e-010
19311	2.8574e-010
19312	2.8054e-010
19313	2.724e-010
19314	2.755e-010
19315	2.5875e-010
19316	2.5656e-010
19317	2.5117e-010
19318	2.4591e-010
19319	2.4036e-010
19320	2.3442e-010
19321	2.378e-010
19322	2.2625e-010
19323	2.2469e-010
19324	2.1912e-010
19325	2.082e-010
19326	2.0586e-010
19327	1.9985e-010
19328	2.3768e-010
19329	1.9187e-010
19330	1.8523e-010
19331	1.7622e-010
19332	2.3763e-010
19333	1.7392e-010
19334	1.5828e-010
19335	2.02e-010
19336	1.8067e-010
19337	1.3791e-010
19338	2.0983e-010
19339	1.5967e-010
19340	1.3496e-010
19341	2.3949e-010
19342	1.1401e-010
19343	1.989e-010
19344	1.3402e-010
19345	1.4446e-010
19346	1.5853e-010
19347	1.1287e-010
19348	1.6757e-010
19349	9.9861e-011
19350	1.6312e-010
19351	9.8632e-011
19352	1.4223e-010
19353	1.0951e-010
19354	1.1181e-010
19355	1.3335e-010
19356	7.9584e-011
19357	1.9077e-010
19358	6.5685e-011
19359	1.4948e-010
19360	9.0251e-011
19361	8.7561e-011
19362	2.4344e-010
19363	1.0484e-010
19364	1.9024e-010
19365	3.1704e-010
19366	5.0303e-010
19367	4.3901e-010
19368	5.6642e-010
19369	9.1497e-010
19370	1.7937e-009
19371	2.7313e-010
19372	1.8412e-010
19373	5.1256e-011
19374	7.2232e-011
19375	7.7478e-011
19376	8.4884e-011
19377	8.717e-011
19378	8.5313e-011
19379	8.9996e-011
19380	8.5786e-011
19381	8.6332e-011
19382	8.8558e-011
19383	8.5746e-011
19384	9.1092e-011
19385	8.895e-011
19386	9.2727e-011
19387	9.3928e-011
19388	9.591e-011
19389	9.9046e-011
19390	1.e-010
19391	1.0399e-010
19392	1.0475e-010
19393	1.0877e-010
19394	1.0988e-010
19395	1.1333e-010
19396	1.1554e-010
19397	1.1788e-010
19398	1.2164e-010
19399	1.2265e-010
19400	1.2764e-010
19401	1.2863e-010
19402	1.3201e-010
19403	1.3579e-010
19404	1.3754e-010
19405	1.4149e-010
19406	1.4505e-010
19407	1.473e-010
19408	1.506e-010
19409	1.5556e-010
19410	1.5743e-010
19411	1.6122e-010
19412	1.6486e-010
19413	1.6958e-010
19414	1.7249e-010
19415	1.7641e-010
19416	1.8032e-010
19417	1.8442e-010
19418	1.8868e-010
19419	1.928e-010
19420	1.9761e-010
19421	2.0171e-010
19422	2.0633e-010
19423	2.1108e-010
19424	2.1583e-010
19425	2.2081e-010
19426	2.2557e-010
19427	2.319e-010
19428	2.3635e-010
19429	2.42e-010
19430	2.4735e-010
19431	2.526e-010
19432	2.5823e-010
19433	2.6583e-010
19434	2.7365e-010
19435	2.7566e-010
19436	2.7564e-010
19437	2.7478e-010
19438	2.678e-010
19439	2.5994e-010
19440	2.5468e-010
19441	2.5023e-010
19442	2.4525e-010
19443	2.3953e-010
19444	2.3721e-010
19445	2.2884e-010
19446	2.2491e-010
19447	2.2032e-010
19448	2.1575e-010
19449	2.1109e-010
19450	2.0678e-010
19451	2.0468e-010
19452	1.9902e-010
19453	1.9568e-010
19454	1.9159e-010
19455	1.8632e-010
19456	1.833e-010
19457	1.8027e-010
19458	1.911e-010
19459	1.7385e-010
19460	1.6861e-010
19461	1.672e-010
19462	1.8431e-010
19463	1.6168e-010
19464	1.5478e-010
19465	1.6295e-010
19466	1.5387e-010
19467	1.4451e-010
19468	1.6218e-010
19469	1.4538e-010
19470	1.4349e-010
19471	1.7627e-010
19472	1.3383e-010
19473	1.5477e-010
19474	1.2928e-010
19475	1.3067e-010
19476	1.2848e-010
19477	1.1454e-010
19478	1.3006e-010
19479	1.0774e-010
19480	1.258e-010
19481	1.0245e-010
19482	1.146e-010
19483	1.0172e-010
19484	1.0116e-010
19485	1.076e-010
19486	9.3485e-011
19487	1.4e-010
19488	8.7773e-011
19489	1.1341e-010
19490	8.5703e-011
19491	1.0365e-010
19492	1.8487e-010
19493	1.1979e-010
19494	1.9035e-010
19495	2.8847e-010
19496	4.2294e-010
19497	4.9223e-010
19498	4.6922e-010
19499	6.8763e-010
19500	1.8153e-009
19501	2.7315e-010
19502	1.8413e-010
19503	5.1259e-011
19504	7.2229e-011
19505	7.7454e-011
19506	8.4838e-011
19507	8.7121e-011
19508	8.5282e-011
19509	8.9981e-011
19510	8.5794e-011
19511	8.6362e-011
19512	8.8592e-011
19513	8.5753e-011
19514	9.1087e-011
19515	8.8947e-011
19516	9.2748e-011
19517	9.3959e-011
19518	9.5942e-011
19519	9.9086e-011
19520	1.0005e-010
19521	1.0404e-010
19522	1.0478e-010
19523	1.0879e-010
19524	1.0991e-010
19525	1.1339e-010
19526	1.1564e-010
19527	1.1798e-010
19528	1.2172e-010
19529	1.2269e-010
19530	1.2766e-010
19531	1.2867e-010
19532	1.3208e-010
19533	1.359e-010
19534	1.3764e-010
19535	1.4154e-010
19536	1.4506e-010
19537	1.4737e-010
19538	1.5076e-010
19539	1.5573e-010
19540	1.5759e-010
19541	1.6138e-010
19542	1.6509e-010
19543	1.6979e-010
19544	1.7265e-010
19545	1.7648e-010
19546	1.8043e-010
19547	1.847e-010
19548	1.8901e-010
19549	1.9306e-010
19550	1.9776e-010
19551	2.0177e-010
19552	2.0638e-010
19553	2.1118e-010
19554	2.1588e-010
19555	2.2082e-010
19556	2.2543e-010
19557	2.3175e-010
19558	2.3613e-010
19559	2.4176e-010
19560	2.4705e-010
19561	2.5226e-010
19562	2.5781e-010
19563	2.6524e-010
19564	2.7307e-010
19565	2.751e-010
19566	2.7516e-010
19567	2.7425e-010
19568	2.6744e-010
19569	2.5953e-010
19570	2.543e-010
19571	2.499e-010
19572	2.4504e-010
19573	2.3933e-010
19574	2.37e-010
19575	2.2874e-010
19576	2.2488e-010
19577	2.2028e-010
19578	2.1583e-010
19579	2.1108e-010
19580	2.0672e-010
19581	2.0465e-010
19582	1.9916e-010
19583	1.9584e-010
19584	1.9181e-010
19585	1.8661e-010
19586	1.8355e-010
19587	1.805e-010
19588	1.9124e-010
19589	1.7397e-010
19590	1.687e-010
19591	1.6728e-010
19592	1.8438e-010
19593	1.616e-010
19594	1.5457e-010
19595	1.6276e-010
19596	1.5359e-010
19597	1.4407e-010
19598	1.6186e-010
19599	1.4496e-010
19600	1.4303e-010
19601	1.7599e-010
19602	1.334e-010
19603	1.5447e-010
19604	1.2897e-010
19605	1.3038e-010
19606	1.2819e-010
19607	1.1424e-010
19608	1.2968e-010
19609	1.0735e-010
19610	1.2541e-010
19611	1.0208e-010
19612	1.1426e-010
19613	1.0144e-010
19614	1.0093e-010
19615	1.074e-010
19616	9.3314e-011
19617	1.399e-010
19618	8.7621e-011
19619	1.1333e-010
19620	8.5603e-011
19621	1.0351e-010
19622	1.8484e-010
19623	1.1969e-010
19624	1.903e-010
19625	2.8841e-010
19626	4.2266e-010
19627	4.9219e-010
19628	4.6909e-010
19629	6.8722e-010
19630	1.8149e-009
19631	2.873e-010
19632	2.1647e-010
19633	7.5075e-011
19634	8.2729e-011
19635	8.5438e-011
19636	9.4749e-011
19637	9.6654e-011
19638	9.2441e-011
19639	1.0328e-010
19640	9.4107e-011
19641	9.6359e-011
19642	1.0208e-010
19643	9.4134e-011
19644	1.0687e-010
19645	9.8942e-011
19646	1.068e-010
19647	1.0699e-010
19648	1.09e-010
19649	1.142e-010
19650	1.1283e-010
19651	1.2051e-010
19652	1.1792e-010
19653	1.258e-010
19654	1.2418e-010
19655	1.303e-010
19656	1.3178e-010
19657	1.3361e-010
19658	1.4091e-010
19659	1.3746e-010
19660	1.4858e-010
19661	1.4507e-010
19662	1.5039e-010
19663	1.57e-010
19664	1.5526e-010
19665	1.6185e-010
19666	1.6689e-010
19667	1.6689e-010
19668	1.7092e-010
19669	1.8067e-010
19670	1.7856e-010
19671	1.835e-010
19672	1.8777e-010
19673	1.9553e-010
19674	1.9685e-010
19675	2.0111e-010
19676	2.0542e-010
19677	2.1082e-010
19678	2.1577e-010
19679	2.2027e-010
19680	2.2654e-010
19681	2.3026e-010
19682	2.3561e-010
19683	2.4101e-010
19684	2.4634e-010
19685	2.5186e-010
19686	2.5635e-010
19687	2.661e-010
19688	2.6934e-010
19689	2.7651e-010
19690	2.8247e-010
19691	2.8565e-010
19692	2.9158e-010
19693	3.0506e-010
19694	3.1869e-010
19695	3.0783e-010
19696	3.0698e-010
19697	3.2058e-010
19698	3.0936e-010
19699	2.928e-010
19700	2.8619e-010
19701	2.8551e-010
19702	2.8036e-010
19703	2.7218e-010
19704	2.7539e-010
19705	2.5863e-010
19706	2.5654e-010
19707	2.5112e-010
19708	2.4598e-010
19709	2.4044e-010
19710	2.3449e-010
19711	2.3794e-010
19712	2.264e-010
19713	2.2482e-010
19714	2.1928e-010
19715	2.0841e-010
19716	2.0599e-010
19717	2.0005e-010
19718	2.3833e-010
19719	1.9209e-010
19720	1.8538e-010
19721	1.7635e-010
19722	2.3773e-010
19723	1.7392e-010
19724	1.5823e-010
19725	2.019e-010
19726	1.8051e-010
19727	1.3772e-010
19728	2.0947e-010
19729	1.5936e-010
19730	1.3469e-010
19731	2.3901e-010
19732	1.1368e-010
19733	1.9841e-010
19734	1.3363e-010
19735	1.4401e-010
19736	1.5802e-010
19737	1.1248e-010
19738	1.6696e-010
19739	9.9504e-011
19740	1.6256e-010
19741	9.8347e-011
19742	1.418e-010
19743	1.0925e-010
19744	1.1158e-010
19745	1.3308e-010
19746	7.9465e-011
19747	1.905e-010
19748	6.5598e-011
19749	1.4931e-010
19750	9.0147e-011
19751	8.7434e-011
19752	2.4342e-010
19753	1.0477e-010
19754	1.9018e-010
19755	3.1691e-010
19756	5.0265e-010
19757	4.3903e-010
19758	5.6618e-010
19759	9.1403e-010
19760	1.7929e-009
19761	2.7332e-010
19762	1.8425e-010
19763	5.1297e-011
19764	7.2282e-011
19765	7.752e-011
19766	8.4922e-011
19767	8.7197e-011
19768	8.5329e-011
19769	9.0001e-011
19770	8.5773e-011
19771	8.6301e-011
19772	8.8533e-011
19773	8.5752e-011
19774	9.1142e-011
19775	8.9021e-011
19776	9.2817e-011
19777	9.3997e-011
19778	9.5927e-011
19779	9.907e-011
19780	1.001e-010
19781	1.0411e-010
19782	1.048e-010
19783	1.0876e-010
19784	1.0986e-010
19785	1.1333e-010
19786	1.1557e-010
19787	1.1794e-010
19788	1.2173e-010
19789	1.227e-010
19790	1.2766e-010
19791	1.2865e-010
19792	1.3211e-010
19793	1.3598e-010
19794	1.3768e-010
19795	1.4153e-010
19796	1.4509e-010
19797	1.4735e-010
19798	1.5076e-010
19799	1.5577e-010
19800	1.5762e-010
19801	1.613e-010
19802	1.6494e-010
19803	1.6966e-010
19804	1.7264e-010
19805	1.7653e-010
19806	1.8053e-010
19807	1.8471e-010
19808	1.889e-010
19809	1.9317e-010
19810	1.9786e-010
19811	2.0189e-010
19812	2.0654e-010
19813	2.1122e-010
19814	2.1591e-010
19815	2.2076e-010
19816	2.2534e-010
19817	2.3164e-010
19818	2.3614e-010
19819	2.4171e-010
19820	2.47e-010
19821	2.5205e-010
19822	2.5768e-010
19823	2.6517e-010
19824	2.7295e-010
19825	2.7513e-010
19826	2.75e-010
19827	2.7423e-010
19828	2.6728e-010
19829	2.5941e-010
19830	2.5415e-010
19831	2.4985e-010
19832	2.4502e-010
19833	2.3928e-010
19834	2.3701e-010
19835	2.2856e-010
19836	2.2489e-010
19837	2.2018e-010
19838	2.157e-010
19839	2.1112e-010
19840	2.0656e-010
19841	2.0482e-010
19842	1.9895e-010
19843	1.9589e-010
19844	1.9181e-010
19845	1.8656e-010
19846	1.8356e-010
19847	1.8039e-010
19848	1.904e-010
19849	1.7389e-010
19850	1.6884e-010
19851	1.6737e-010
19852	1.8445e-010
19853	1.6178e-010
19854	1.5479e-010
19855	1.6285e-010
19856	1.5368e-010
19857	1.4422e-010
19858	1.6185e-010
19859	1.4496e-010
19860	1.4303e-010
19861	1.7589e-010
19862	1.333e-010
19863	1.5434e-010
19864	1.2882e-010
19865	1.3021e-010
19866	1.2797e-010
19867	1.1399e-010
19868	1.2952e-010
19869	1.0714e-010
19870	1.2529e-010
19871	1.0192e-010
19872	1.1417e-010
19873	1.0135e-010
19874	1.0085e-010
19875	1.0734e-010
19876	9.3251e-011
19877	1.3975e-010
19878	8.7648e-011
19879	1.1329e-010
19880	8.5628e-011
19881	1.0366e-010
19882	1.8504e-010
19883	1.1966e-010
19884	1.9007e-010
19885	2.8814e-010
19886	4.2277e-010
19887	4.9217e-010
19888	4.693e-010
19889	6.8701e-010
19890	1.8139e-009
19891	2.7332e-010
19892	1.8425e-010
19893	5.1297e-011
19894	7.2282e-011
19895	7.752e-011
19896	8.4922e-011
19897	8.7197e-011
19898	8.5329e-011
19899	9.0001e-011
19900	8.5773e-011
19901	8.6301e-011
19902	8.8533e-011
19903	8.5752e-011
19904	9.1142e-011
19905	8.9021e-011
19906	9.2817e-011
19907	9.3997e-011
19908	9.5927e-011
19909	9.907e-011
19910	1.001e-010
19911	1.0411e-010
19912	1.048e-010
19913	1.0876e-010
19914	1.0986e-010
19915	1.1333e-010
19916	1.1557e-010
19917	1.1794e-010
19918	1.2173e-010
19919	1.227e-010
19920	1.2766e-010
19921	1.2865e-010
19922	1.3211e-010
19923	1.3598e-010
19924	1.3768e-010
19925	1.4153e-010
19926	1.4509e-010
19927	1.4735e-010
19928	1.5076e-010
19929	1.5577e-010
19930	1.5762e-010
19931	1.613e-010
19932	1.6494e-010
19933	1.6966e-010
19934	1.7264e-010
19935	1.7653e-010
19936	1.8053e-010
19937	1.8471e-010
19938	1.889e-010
19939	1.9317e-010
19940	1.9786e-010
19941	2.0189e-010
19942	2.0654e-010
19943	2.1122e-010
19944	2.1591e-010
19945	2.2076e-010
19946	2.2534e-010
19947	2.3164e-010
19948	2.3614e-010
19949	2.4171e-010
19950	2.47e-010
19951	2.5205e-010
19952	2.5768e-010
19953	2.6517e-010
19954	2.7295e-010
19955	2.7513e-010
19956	2.75e-010
19957	2.7423e-010
19958	2.6728e-010
19959	2.5941e-010
19960	2.5415e-010
19961	2.4985e-010
19962	2.4502e-010
19963	2.3928e-010
19964	2.3701e-010
19965	2.2856e-010
19966	2.2489e-010
19967	2.2018e-010
19968	2.157e-010
19969	2.1113e-010
19970	2.0655e-010
19971	2.0483e-010
19972	1.9894e-010
19973	1.9589e-010
19974	1.9182e-010
19975	1.8656e-010
19976	1.8363e-010
19977	1.8008e-010
19978	1.9063e-010
19979	1.7359e-010
19980	1.689e-010
19981	1.6737e-010
19982	1.8445e-010
19983	1.6178e-010
19984	1.5479e-010
19985	1.6285e-010
19986	1.5368e-010
19987	1.4422e-010
19988	1.6185e-010
19989	1.4496e-010
19990	1.4303e-010
19991	1.7589e-010
19992	1.333e-010
19993	1.5434e-010
19994	1.2882e-010
19995	1.3021e-010
19996	1.2798e-010
19997	1.1399e-010
19998	1.2952e-010
19999	1.0714e-010
20000	1.2529e-010
20001	1.0192e-010
20002	1.1417e-010
20003	1.0135e-010
20004	1.0085e-010
20005	1.0734e-010
20006	9.3251e-011
20007	1.3975e-010
20008	8.7648e-011
20009	1.1329e-010
20010	8.5628e-011
20011	1.0366e-010
20012	1.8504e-010
20013	1.1966e-010
20014	1.9007e-010
20015	2.8814e-010
20016	4.2277e-010
20017	4.9217e-010
20018	4.693e-010
20019	6.8701e-010
20020	1.8139e-009
20021	2.873e-010
20022	2.1647e-010
20023	7.5075e-011
20024	8.2729e-011
20025	8.5438e-011
20026	9.4749e-011
20027	9.6654e-011
20028	9.2441e-011
20029	1.0328e-010
20030	9.4107e-011
20031	9.6359e-011
20032	1.0208e-010
20033	9.4134e-011
20034	1.0687e-010
20035	9.8942e-011
20036	1.068e-010
20037	1.0699e-010
20038	1.09e-010
20039	1.142e-010
20040	1.1283e-010
20041	1.2051e-010
20042	1.1792e-010
20043	1.258e-010
20044	1.2418e-010
20045	1.303e-010
20046	1.3178e-010
20047	1.3361e-010
20048	1.4091e-010
20049	1.3746e-010
20050	1.4858e-010
20051	1.4507e-010
20052	1.5039e-010
20053	1.57e-010
20054	1.5526e-010
20055	1.6185e-010
20056	1.6689e-010
20057	1.6689e-010
20058	1.7092e-010
20059	1.8067e-010
20060	1.7856e-010
20061	1.835e-010
20062	1.8777e-010
20063	1.9553e-010
20064	1.9685e-010
20065	2.0111e-010
20066	2.0542e-010
20067	2.1082e-010
20068	2.1577e-010
20069	2.2027e-010
20070	2.2654e-010
20071	2.3026e-010
20072	2.3561e-010
20073	2.4101e-010
20074	2.4634e-010
20075	2.5186e-010
20076	2.5635e-010
20077	2.661e-010
20078	2.6934e-010
20079	2.7651e-010
20080	2.8247e-010
20081	2.8565e-010
20082	2.9158e-010
20083	3.0506e-010
20084	3.1869e-010
20085	3.0783e-010
20086	3.0698e-010
20087	3.2058e-010
20088	3.0936e-010
20089	2.928e-010
20090	2.8619e-010
20091	2.8551e-010
20092	2.8036e-010
20093	2.7218e-010
20094	2.7539e-010
20095	2.5863e-010
20096	2.5654e-010
20097	2.5112e-010
20098	2.4598e-010
20099	2.4042e-010
20100	2.3458e-010
20101	2.3791e-010
20102	2.2648e-010
20103	2.248e-010
20104	2.193e-010
20105	2.0835e-010
20106	2.0607e-010
20107	1.9996e-010
20108	2.3806e-010
20109	1.9197e-010
20110	1.8545e-010
20111	1.763e-010
20112	2.3777e-010
20113	1.7391e-010
20114	1.5823e-010
20115	2.019e-010
20116	1.8051e-010
20117	1.3772e-010
20118	2.0947e-010
20119	1.5936e-010
20120	1.3469e-010
20121	2.3901e-010
20122	1.1368e-010
20123	1.9841e-010
20124	1.3363e-010
20125	1.4401e-010
20126	1.5802e-010
20127	1.1248e-010
20128	1.6696e-010
20129	9.9504e-011
20130	1.6256e-010
20131	9.8348e-011
20132	1.418e-010
20133	1.0925e-010
20134	1.1158e-010
20135	1.3308e-010
20136	7.9465e-011
20137	1.905e-010
20138	6.5598e-011
20139	1.4931e-010
20140	9.0147e-011
20141	8.7434e-011
20142	2.4342e-010
20143	1.0477e-010
20144	1.9018e-010
20145	3.1691e-010
20146	5.0265e-010
20147	4.3903e-010
20148	5.6618e-010
20149	9.1403e-010
20150	1.7929e-009
20151	2.7315e-010
20152	1.8413e-010
20153	5.1259e-011
20154	7.2229e-011
20155	7.7454e-011
20156	8.4838e-011
20157	8.7121e-011
20158	8.5282e-011
20159	8.9981e-011
20160	8.5794e-011
20161	8.6362e-011
20162	8.8592e-011
20163	8.5753e-011
20164	9.1087e-011
20165	8.8947e-011
20166	9.2748e-011
20167	9.3959e-011
20168	9.5942e-011
20169	9.9086e-011
20170	1.0005e-010
20171	1.0404e-010
20172	1.0478e-010
20173	1.0879e-010
20174	1.0991e-010
20175	1.1339e-010
20176	1.1564e-010
20177	1.1798e-010
20178	1.2172e-010
20179	1.2269e-010
20180	1.2766e-010
20181	1.2867e-010
20182	1.3208e-010
20183	1.359e-010
20184	1.3764e-010
20185	1.4154e-010
20186	1.4506e-010
20187	1.4737e-010
20188	1.5076e-010
20189	1.5573e-010
20190	1.5759e-010
20191	1.6138e-010
20192	1.6509e-010
20193	1.6979e-010
20194	1.7265e-010
20195	1.7648e-010
20196	1.8043e-010
20197	1.847e-010
20198	1.8901e-010
20199	1.9306e-010
20200	1.9776e-010
20201	2.0176e-010
20202	2.0638e-010
20203	2.1118e-010
20204	2.1588e-010
20205	2.2082e-010
20206	2.2543e-010
20207	2.3175e-010
20208	2.3613e-010
20209	2.4176e-010
20210	2.4705e-010
20211	2.5226e-010
20212	2.5781e-010
20213	2.6524e-010
20214	2.7307e-010
20215	2.751e-010
20216	2.7516e-010
20217	2.7425e-010
20218	2.6744e-010
20219	2.5953e-010
20220	2.543e-010
20221	2.499e-010
20222	2.4503e-010
20223	2.3933e-010
20224	2.37e-010
20225	2.2874e-010
20226	2.2488e-010
20227	2.2028e-010
20228	2.1582e-010
20229	2.1113e-010
20230	2.0655e-010
20231	2.048e-010
20232	1.99e-010
20233	1.9589e-010
20234	1.9181e-010
20235	1.866e-010
20236	1.8372e-010
20237	1.7992e-010
20238	1.9185e-010
20239	1.7339e-010
20240	1.6885e-010
20241	1.6728e-010
20242	1.8443e-010
20243	1.616e-010
20244	1.5457e-010
20245	1.6276e-010
20246	1.5359e-010
20247	1.4407e-010
20248	1.6186e-010
20249	1.4496e-010
20250	1.4303e-010
20251	1.7599e-010
20252	1.334e-010
20253	1.5447e-010
20254	1.2897e-010
20255	1.3038e-010
20256	1.2819e-010
20257	1.1424e-010
20258	1.2968e-010
20259	1.0735e-010
20260	1.2541e-010
20261	1.0208e-010
20262	1.1426e-010
20263	1.0144e-010
20264	1.0093e-010
20265	1.074e-010
20266	9.3314e-011
20267	1.399e-010
20268	8.7621e-011
20269	1.1333e-010
20270	8.5603e-011
20271	1.0351e-010
20272	1.8484e-010
20273	1.1969e-010
20274	1.903e-010
20275	2.8841e-010
20276	4.2266e-010
20277	4.9219e-010
20278	4.6909e-010
20279	6.8722e-010
20280	1.8149e-009
20281	2.7313e-010
20282	1.8412e-010
20283	5.1255e-011
20284	7.2232e-011
20285	7.7478e-011
20286	8.4884e-011
20287	8.717e-011
20288	8.5313e-011
20289	8.9996e-011
20290	8.5786e-011
20291	8.6332e-011
20292	8.8558e-011
20293	8.5746e-011
20294	9.1092e-011
20295	8.895e-011
20296	9.2727e-011
20297	9.3928e-011
20298	9.591e-011
20299	9.9046e-011
20300	1.e-010
20301	1.0399e-010
20302	1.0475e-010
20303	1.0877e-010
20304	1.0988e-010
20305	1.1333e-010
20306	1.1554e-010
20307	1.1788e-010
20308	1.2164e-010
20309	1.2265e-010
20310	1.2764e-010
20311	1.2863e-010
20312	1.3201e-010
20313	1.3579e-010
20314	1.3754e-010
20315	1.4149e-010
20316	1.4505e-010
20317	1.473e-010
20318	1.5061e-010
20319	1.5556e-010
20320	1.5743e-010
20321	1.6122e-010
20322	1.6486e-010
20323	1.6958e-010
20324	1.7249e-010
20325	1.7641e-010
20326	1.8032e-010
20327	1.8442e-010
20328	1.8868e-010
20329	1.928e-010
20330	1.9761e-010
20331	2.0171e-010
20332	2.0633e-010
20333	2.1108e-010
20334	2.1583e-010
20335	2.2081e-010
20336	2.2557e-010
20337	2.319e-010
20338	2.3635e-010
20339	2.42e-010
20340	2.4735e-010
20341	2.526e-010
20342	2.5823e-010
20343	2.6583e-010
20344	2.7365e-010
20345	2.7566e-010
20346	2.7563e-010
20347	2.7478e-010
20348	2.678e-010
20349	2.5994e-010
20350	2.5468e-010
20351	2.5023e-010
20352	2.4525e-010
20353	2.3953e-010
20354	2.3721e-010
20355	2.2884e-010
20356	2.2491e-010
20357	2.2033e-010
20358	2.1573e-010
20359	2.1114e-010
20360	2.0666e-010
20361	2.0472e-010
20362	1.989e-010
20363	1.9573e-010
20364	1.9157e-010
20365	1.8634e-010
20366	1.8343e-010
20367	1.7979e-010
20368	1.9239e-010
20369	1.7334e-010
20370	1.6866e-010
20371	1.6741e-010
20372	1.8439e-010
20373	1.6185e-010
20374	1.5475e-010
20375	1.6295e-010
20376	1.5387e-010
20377	1.4451e-010
20378	1.6218e-010
20379	1.4538e-010
20380	1.4349e-010
20381	1.7627e-010
20382	1.3382e-010
20383	1.5477e-010
20384	1.2928e-010
20385	1.3067e-010
20386	1.2848e-010
20387	1.1454e-010
20388	1.3006e-010
20389	1.0774e-010
20390	1.258e-010
20391	1.0245e-010
20392	1.146e-010
20393	1.0172e-010
20394	1.0116e-010
20395	1.076e-010
20396	9.3485e-011
20397	1.4e-010
20398	8.7773e-011
20399	1.1341e-010
20400	8.5703e-011
20401	1.0365e-010
20402	1.8487e-010
20403	1.1979e-010
20404	1.9035e-010
20405	2.8847e-010
20406	4.2294e-010
20407	4.9223e-010
20408	4.6922e-010
20409	6.8763e-010
20410	1.8153e-009
20411	2.8717e-010
20412	2.164e-010
20413	7.504e-011
20414	8.2668e-011
20415	8.5379e-011
20416	9.4701e-011
20417	9.6613e-011
20418	9.2408e-011
20419	1.0325e-010
20420	9.4069e-011
20421	9.6298e-011
20422	1.02e-010
20423	9.4062e-011
20424	1.0681e-010
20425	9.8853e-011
20426	1.0669e-010
20427	1.0687e-010
20428	1.0891e-010
20429	1.1412e-010
20430	1.1275e-010
20431	1.2045e-010
20432	1.1788e-010
20433	1.2578e-010
20434	1.2415e-010
20435	1.3025e-010
20436	1.3167e-010
20437	1.3349e-010
20438	1.4081e-010
20439	1.3739e-010
20440	1.4854e-010
20441	1.4502e-010
20442	1.5031e-010
20443	1.5691e-010
20444	1.5519e-010
20445	1.6176e-010
20446	1.6677e-010
20447	1.6674e-010
20448	1.7072e-010
20449	1.8043e-010
20450	1.7833e-010
20451	1.833e-010
20452	1.875e-010
20453	1.9526e-010
20454	1.9661e-010
20455	2.01e-010
20456	2.0529e-010
20457	2.1057e-010
20458	2.1551e-010
20459	2.1993e-010
20460	2.2636e-010
20461	2.3011e-010
20462	2.3542e-010
20463	2.4083e-010
20464	2.4628e-010
20465	2.5188e-010
20466	2.5656e-010
20467	2.6625e-010
20468	2.6952e-010
20469	2.7666e-010
20470	2.8274e-010
20471	2.8596e-010
20472	2.919e-010
20473	3.0551e-010
20474	3.1928e-010
20475	3.0817e-010
20476	3.073e-010
20477	3.2091e-010
20478	3.0965e-010
20479	2.9307e-010
20480	2.8649e-010
20481	2.8574e-010
20482	2.8054e-010
20483	2.724e-010
20484	2.755e-010
20485	2.5875e-010
20486	2.5656e-010
20487	2.5117e-010
20488	2.459e-010
20489	2.4037e-010
20490	2.3453e-010
20491	2.3766e-010
20492	2.2635e-010
20493	2.2469e-010
20494	2.1913e-010
20495	2.0808e-010
20496	2.0602e-010
20497	1.9942e-010
20498	2.3544e-010
20499	1.9139e-010
20500	1.8562e-010
20501	1.7541e-010
20502	2.3881e-010
20503	1.7323e-010
20504	1.5851e-010
20505	2.0198e-010
20506	1.8068e-010
20507	1.379e-010
20508	2.0983e-010
20509	1.5967e-010
20510	1.3496e-010
20511	2.3949e-010
20512	1.1401e-010
20513	1.9891e-010
20514	1.3402e-010
20515	1.4446e-010
20516	1.5853e-010
20517	1.1287e-010
20518	1.6757e-010
20519	9.9861e-011
20520	1.6312e-010
20521	9.8632e-011
20522	1.4223e-010
20523	1.0951e-010
20524	1.1181e-010
20525	1.3335e-010
20526	7.9584e-011
20527	1.9077e-010
20528	6.5685e-011
20529	1.4948e-010
20530	9.0251e-011
20531	8.7561e-011
20532	2.4344e-010
20533	1.0484e-010
20534	1.9024e-010
20535	3.1704e-010
20536	5.0303e-010
20537	4.3901e-010
20538	5.6642e-010
20539	9.1497e-010
20540	1.7937e-009
20541	2.7313e-010
20542	1.8412e-010
20543	5.1256e-011
20544	7.2232e-011
20545	7.7478e-011
20546	8.4884e-011
20547	8.717e-011
20548	8.5313e-011
20549	8.9996e-011
20550	8.5786e-011
20551	8.6332e-011
20552	8.8558e-011
20553	8.5746e-011
20554	9.1092e-011
20555	8.895e-011
20556	9.2727e-011
20557	9.3928e-011
20558	9.591e-011
20559	9.9046e-011
20560	1.e-010
20561	1.0399e-010
20562	1.0475e-010
20563	1.0877e-010
20564	1.0988e-010
20565	1.1333e-010
20566	1.1554e-010
20567	1.1788e-010
20568	1.2164e-010
20569	1.2265e-010
20570	1.2764e-010
20571	1.2863e-010
20572	1.3201e-010
20573	1.3579e-010
20574	1.3754e-010
20575	1.4149e-010
20576	1.4505e-010
20577	1.473e-010
20578	1.5061e-010
20579	1.5556e-010
20580	1.5743e-010
20581	1.6122e-010
20582	1.6486e-010
20583	1.6958e-010
20584	1.7249e-010
20585	1.7641e-010
20586	1.8032e-010
20587	1.8442e-010
20588	1.8868e-010
20589	1.928e-010
20590	1.9761e-010
20591	2.0171e-010
20592	2.0633e-010
20593	2.1108e-010
20594	2.1583e-010
20595	2.2081e-010
20596	2.2557e-010
20597	2.319e-010
20598	2.3635e-010
20599	2.42e-010
20600	2.4735e-010
20601	2.526e-010
20602	2.5823e-010
20603	2.6583e-010
20604	2.7365e-010
20605	2.7566e-010
20606	2.7563e-010
20607	2.7478e-010
20608	2.678e-010
20609	2.5994e-010
20610	2.5468e-010
20611	2.5023e-010
20612	2.4525e-010
20613	2.3953e-010
20614	2.3721e-010
20615	2.2885e-010
20616	2.2491e-010
20617	2.2033e-010
20618	2.1573e-010
20619	2.1114e-010
20620	2.067e-010
20621	2.0463e-010
20622	1.9894e-010
20623	1.9573e-010
20624	1.9156e-010
20625	1.8628e-010
20626	1.8294e-010
20627	1.8134e-010
20628	1.8752e-010
20629	1.7479e-010
20630	1.6839e-010
20631	1.6755e-010
20632	1.8643e-010
20633	1.6203e-010
20634	1.5491e-010
20635	1.6295e-010
20636	1.5387e-010
20637	1.4451e-010
20638	1.6218e-010
20639	1.4538e-010
20640	1.4349e-010
20641	1.7627e-010
20642	1.3383e-010
20643	1.5477e-010
20644	1.2928e-010
20645	1.3067e-010
20646	1.2848e-010
20647	1.1454e-010
20648	1.3006e-010
20649	1.0774e-010
20650	1.258e-010
20651	1.0245e-010
20652	1.146e-010
20653	1.0172e-010
20654	1.0116e-010
20655	1.076e-010
20656	9.3485e-011
20657	1.4e-010
20658	8.7773e-011
20659	1.1341e-010
20660	8.5703e-011
20661	1.0365e-010
20662	1.8487e-010
20663	1.1979e-010
20664	1.9035e-010
20665	2.8847e-010
20666	4.2294e-010
20667	4.9223e-010
20668	4.6922e-010
20669	6.8763e-010
20670	1.8153e-009
20671	2.7315e-010
20672	1.8413e-010
20673	5.1259e-011
20674	7.2229e-011
20675	7.7454e-011
20676	8.4838e-011
20677	8.7121e-011
20678	8.5282e-011
20679	8.9981e-011
20680	8.5794e-011
20681	8.6362e-011
20682	8.8592e-011
20683	8.5753e-011
20684	9.1087e-011
20685	8.8947e-011
20686	9.2748e-011
20687	9.3959e-011
20688	9.5942e-011
20689	9.9086e-011
20690	1.0005e-010
20691	1.0404e-010
20692	1.0478e-010
20693	1.0879e-010
20694	1.0991e-010
20695	1.1339e-010
20696	1.1564e-010
20697	1.1798e-010
20698	1.2172e-010
20699	1.2269e-010
20700	1.2766e-010
20701	1.2867e-010
20702	1.3208e-010
20703	1.359e-010
20704	1.3764e-010
20705	1.4154e-010
20706	1.4506e-010
20707	1.4737e-010
20708	1.5076e-010
20709	1.5573e-010
20710	1.5759e-010
20711	1.6138e-010
20712	1.6509e-010
20713	1.6979e-010
20714	1.7265e-010
20715	1.7648e-010
20716	1.8043e-010
20717	1.847e-010
20718	1.8901e-010
20719	1.9306e-010
20720	1.9776e-010
20721	2.0177e-010
20722	2.0638e-010
20723	2.1118e-010
20724	2.1588e-010
20725	2.2082e-010
20726	2.2543e-010
20727	2.3175e-010
20728	2.3613e-010
20729	2.4176e-010
20730	2.4705e-010
20731	2.5226e-010
20732	2.5781e-010
20733	2.6524e-010
20734	2.7307e-010
20735	2.751e-010
20736	2.7516e-010
20737	2.7425e-010
20738	2.6744e-010
20739	2.5953e-010
20740	2.543e-010
20741	2.499e-010
20742	2.4504e-010
20743	2.3933e-010
20744	2.37e-010
20745	2.2874e-010
20746	2.2488e-010
20747	2.2028e-010
20748	2.1582e-010
20749	2.1112e-010
20750	2.0664e-010
20751	2.046e-010
20752	1.9909e-010
20753	1.9589e-010
20754	1.9178e-010
20755	1.8665e-010
20756	1.8346e-010
20757	1.8064e-010
20758	1.9138e-010
20759	1.7413e-010
20760	1.6902e-010
20761	1.6714e-010
20762	1.8989e-010
20763	1.614e-010
20764	1.5496e-010
20765	1.6279e-010
20766	1.536e-010
20767	1.4408e-010
20768	1.6186e-010
20769	1.4496e-010
20770	1.4303e-010
20771	1.7599e-010
20772	1.334e-010
20773	1.5447e-010
20774	1.2897e-010
20775	1.3038e-010
20776	1.2819e-010
20777	1.1424e-010
20778	1.2968e-010
20779	1.0735e-010
20780	1.2541e-010
20781	1.0208e-010
20782	1.1426e-010
20783	1.0144e-010
20784	1.0093e-010
20785	1.074e-010
20786	9.3314e-011
20787	1.399e-010
20788	8.7621e-011
20789	1.1333e-010
20790	8.5603e-011
20791	1.0351e-010
20792	1.8484e-010
20793	1.1969e-010
20794	1.903e-010
20795	2.8841e-010
20796	4.2266e-010
20797	4.9219e-010
20798	4.6909e-010
20799	6.8722e-010
20800	1.8149e-009
20801	2.873e-010
20802	2.1647e-010
20803	7.5075e-011
20804	8.2729e-011
20805	8.5438e-011
20806	9.4749e-011
20807	9.6654e-011
20808	9.2441e-011
20809	1.0328e-010
20810	9.4107e-011
20811	9.6359e-011
20812	1.0208e-010
20813	9.4134e-011
20814	1.0687e-010
20815	9.8942e-011
20816	1.068e-010
20817	1.0699e-010
20818	1.09e-010
20819	1.142e-010
20820	1.1283e-010
20821	1.2051e-010
20822	1.1792e-010
20823	1.258e-010
20824	1.2418e-010
20825	1.303e-010
20826	1.3178e-010
20827	1.3361e-010
20828	1.4091e-010
20829	1.3746e-010
20830	1.4858e-010
20831	1.4507e-010
20832	1.5039e-010
20833	1.57e-010
20834	1.5526e-010
20835	1.6185e-010
20836	1.6689e-010
20837	1.6689e-010
20838	1.7092e-010
20839	1.8067e-010
20840	1.7857e-010
20841	1.835e-010
20842	1.8777e-010
20843	1.9553e-010
20844	1.9685e-010
20845	2.0111e-010
20846	2.0542e-010
20847	2.1082e-010
20848	2.1577e-010
20849	2.2027e-010
20850	2.2654e-010
20851	2.3026e-010
20852	2.3561e-010
20853	2.4101e-010
20854	2.4634e-010
20855	2.5186e-010
20856	2.5635e-010
20857	2.661e-010
20858	2.6934e-010
20859	2.7651e-010
20860	2.8247e-010
20861	2.8565e-010
20862	2.9158e-010
20863	3.0506e-010
20864	3.1869e-010
20865	3.0783e-010
20866	3.0698e-010
20867	3.2058e-010
20868	3.0936e-010
20869	2.928e-010
20870	2.8619e-010
20871	2.8551e-010
20872	2.8036e-010
20873	2.7218e-010
20874	2.7539e-010
20875	2.5863e-010
20876	2.5654e-010
20877	2.5112e-010
20878	2.4597e-010
20879	2.4045e-010
20880	2.3462e-010
20881	2.3783e-010
20882	2.2651e-010
20883	2.2482e-010
20884	2.1929e-010
20885	2.0837e-010
20886	2.0621e-010
20887	1.992e-010
20888	2.3838e-010
20889	1.913e-010
20890	1.8638e-010
20891	1.744e-010
20892	2.4638e-010
20893	1.7206e-010
20894	1.5899e-010
20895	2.0187e-010
20896	1.8054e-010
20897	1.3772e-010
20898	2.0947e-010
20899	1.5936e-010
20900	1.3469e-010
20901	2.3901e-010
20902	1.1368e-010
20903	1.9841e-010
20904	1.3363e-010
20905	1.4401e-010
20906	1.5802e-010
20907	1.1248e-010
20908	1.6696e-010
20909	9.9503e-011
20910	1.6256e-010
20911	9.8348e-011
20912	1.418e-010
20913	1.0925e-010
20914	1.1158e-010
20915	1.3308e-010
20916	7.9465e-011
20917	1.905e-010
20918	6.5598e-011
20919	1.4931e-010
20920	9.0147e-011
20921	8.7434e-011
20922	2.4342e-010
20923	1.0477e-010
20924	1.9018e-010
20925	3.1691e-010
20926	5.0265e-010
20927	4.3903e-010
20928	5.6618e-010
20929	9.1403e-010
20930	1.7929e-009
20931	2.7332e-010
20932	1.8425e-010
20933	5.1297e-011
20934	7.2282e-011
20935	7.752e-011
20936	8.4922e-011
20937	8.7197e-011
20938	8.5329e-011
20939	9.0001e-011
20940	8.5773e-011
20941	8.6301e-011
20942	8.8533e-011
20943	8.5752e-011
20944	9.1142e-011
20945	8.9021e-011
20946	9.2817e-011
20947	9.3998e-011
20948	9.5926e-011
20949	9.9071e-011
20950	1.001e-010
20951	1.0411e-010
20952	1.048e-010
20953	1.0876e-010
20954	1.0986e-010
20955	1.1333e-010
20956	1.1557e-010
20957	1.1794e-010
20958	1.2172e-010
20959	1.227e-010
20960	1.2766e-010
20961	1.2865e-010
20962	1.3211e-010
20963	1.3598e-010
20964	1.3768e-010
20965	1.4153e-010
20966	1.4509e-010
20967	1.4735e-010
20968	1.5076e-010
20969	1.5577e-010
20970	1.5762e-010
20971	1.613e-010
20972	1.6494e-010
20973	1.6966e-010
20974	1.7264e-010
20975	1.7653e-010
20976	1.8053e-010
20977	1.8471e-010
20978	1.889e-010
20979	1.9317e-010
20980	1.9786e-010
20981	2.0189e-010
20982	2.0654e-010
20983	2.1122e-010
20984	2.1591e-010
20985	2.2076e-010
20986	2.2534e-010
20987	2.3164e-010
20988	2.3614e-010
20989	2.4171e-010
20990	2.47e-010
20991	2.5205e-010
20992	2.5768e-010
20993	2.6517e-010
20994	2.7295e-010
20995	2.7513e-010
20996	2.75e-010
20997	2.7423e-010
20998	2.6728e-010
20999	2.5941e-010
21000	2.5415e-010
21001	2.4985e-010
21002	2.4502e-010
21003	2.3928e-010
21004	2.3701e-010
21005	2.2856e-010
21006	2.2489e-010
21007	2.2018e-010
21008	2.157e-010
21009	2.1112e-010
21010	2.0665e-010
21011	2.0466e-010
21012	1.9904e-010
21013	1.9588e-010
21014	1.918e-010
21015	1.8664e-010
21016	1.8353e-010
21017	1.8062e-010
21018	1.9134e-010
21019	1.7421e-010
21020	1.6931e-010
21021	1.6741e-010
21022	1.9039e-010
21023	1.6173e-010
21024	1.5526e-010
21025	1.6285e-010
21026	1.537e-010
21027	1.4423e-010
21028	1.6185e-010
21029	1.4496e-010
21030	1.4303e-010
21031	1.7589e-010
21032	1.333e-010
21033	1.5434e-010
21034	1.2882e-010
21035	1.3021e-010
21036	1.2798e-010
21037	1.1399e-010
21038	1.2952e-010
21039	1.0714e-010
21040	1.2529e-010
21041	1.0192e-010
21042	1.1417e-010
21043	1.0135e-010
21044	1.0085e-010
21045	1.0734e-010
21046	9.3251e-011
21047	1.3975e-010
21048	8.7648e-011
21049	1.1329e-010
21050	8.5628e-011
21051	1.0366e-010
21052	1.8504e-010
21053	1.1966e-010
21054	1.9007e-010
21055	2.8814e-010
21056	4.2277e-010
21057	4.9217e-010
21058	4.693e-010
21059	6.8701e-010
21060	1.8139e-009
21061	2.7332e-010
21062	1.8425e-010
21063	5.1297e-011
21064	7.2282e-011
21065	7.752e-011
21066	8.4922e-011
21067	8.7197e-011
21068	8.5329e-011
21069	9.0001e-011
21070	8.5773e-011
21071	8.6301e-011
21072	8.8533e-011
21073	8.5752e-011
21074	9.1142e-011
21075	8.9021e-011
21076	9.2817e-011
21077	9.3998e-011
21078	9.5926e-011
21079	9.9071e-011
21080	1.001e-010
21081	1.0411e-010
21082	1.048e-010
21083	1.0876e-010
21084	1.0986e-010
21085	1.1333e-010
21086	1.1557e-010
21087	1.1794e-010
21088	1.2172e-010
21089	1.227e-010
21090	1.2766e-010
21091	1.2865e-010
21092	1.3211e-010
21093	1.3598e-010
21094	1.3768e-010
21095	1.4153e-010
21096	1.4509e-010
21097	1.4735e-010
21098	1.5076e-010
21099	1.5577e-010
21100	1.5762e-010
21101	1.613e-010
21102	1.6494e-010
21103	1.6966e-010
21104	1.7264e-010
21105	1.7653e-010
21106	1.8053e-010
21107	1.8471e-010
21108	1.889e-010
21109	1.9317e-010
21110	1.9786e-010
21111	2.0189e-010
21112	2.0654e-010
21113	2.1122e-010
21114	2.1591e-010
21115	2.2076e-010
21116	2.2534e-010
21117	2.3164e-010
21118	2.3614e-010
21119	2.4171e-010
21120	2.47e-010
21121	2.5205e-010
21122	2.5768e-010
21123	2.6517e-010
21124	2.7295e-010
21125	2.7513e-010
21126	2.75e-010
21127	2.7423e-010
21128	2.6728e-010
21129	2.5941e-010
21130	2.5415e-010
21131	2.4985e-010
21132	2.4502e-010
21133	2.3928e-010
21134	2.3701e-010
21135	2.2856e-010
21136	2.2489e-010
21137	2.2018e-010
21138	2.157e-010
21139	2.1113e-010
21140	2.0659e-010
21141	2.0476e-010
21142	1.9898e-010
21143	1.9589e-010
21144	1.918e-010
21145	1.8664e-010
21146	1.8356e-010
21147	1.8049e-010
21148	1.913e-010
21149	1.7408e-010
21150	1.6933e-010
21151	1.6744e-010
21152	1.9037e-010
21153	1.6176e-010
21154	1.5525e-010
21155	1.6285e-010
21156	1.537e-010
21157	1.4423e-010
21158	1.6185e-010
21159	1.4496e-010
21160	1.4303e-010
21161	1.7589e-010
21162	1.333e-010
21163	1.5434e-010
21164	1.2882e-010
21165	1.3021e-010
21166	1.2798e-010
21167	1.1399e-010
21168	1.2952e-010
21169	1.0714e-010
21170	1.2529e-010
21171	1.0192e-010
21172	1.1417e-010
21173	1.0135e-010
21174	1.0085e-010
21175	1.0734e-010
21176	9.3251e-011
21177	1.3975e-010
21178	8.7648e-011
21179	1.1329e-010
21180	8.5628e-011
21181	1.0366e-010
21182	1.8504e-010
21183	1.1966e-010
21184	1.9007e-010
21185	2.8814e-010
21186	4.2277e-010
21187	4.9217e-010
21188	4.693e-010
21189	6.8701e-010
21190	1.8139e-009
21191	2.873e-010
21192	2.1647e-010
21193	7.5075e-011
21194	8.2729e-011
21195	8.5438e-011
21196	9.4749e-011
21197	9.6654e-011
21198	9.2441e-011
21199	1.0328e-010
21200	9.4107e-011
21201	9.6359e-011
21202	1.0208e-010
21203	9.4134e-011
21204	1.0687e-010
21205	9.8942e-011
21206	1.068e-010
21207	1.0699e-010
21208	1.09e-010
21209	1.142e-010
21210	1.1283e-010
21211	1.2051e-010
21212	1.1792e-010
21213	1.258e-010
21214	1.2418e-010
21215	1.303e-010
21216	1.3178e-010
21217	1.3361e-010
21218	1.4091e-010
21219	1.3746e-010
21220	1.4858e-010
21221	1.4507e-010
21222	1.5039e-010
21223	1.57e-010
21224	1.5526e-010
21225	1.6185e-010
21226	1.6689e-010
21227	1.6689e-010
21228	1.7092e-010
21229	1.8067e-010
21230	1.7856e-010
21231	1.835e-010
21232	1.8777e-010
21233	1.9553e-010
21234	1.9685e-010
21235	2.0111e-010
21236	2.0542e-010
21237	2.1082e-010
21238	2.1577e-010
21239	2.2027e-010
21240	2.2654e-010
21241	2.3026e-010
21242	2.3561e-010
21243	2.4101e-010
21244	2.4634e-010
21245	2.5186e-010
21246	2.5635e-010
21247	2.661e-010
21248	2.6934e-010
21249	2.7651e-010
21250	2.8247e-010
21251	2.8565e-010
21252	2.9158e-010
21253	3.0506e-010
21254	3.1869e-010
21255	3.0783e-010
21256	3.0698e-010
21257	3.2058e-010
21258	3.0936e-010
21259	2.928e-010
21260	2.8619e-010
21261	2.8551e-010
21262	2.8036e-010
21263	2.7218e-010
21264	2.7539e-010
21265	2.5863e-010
21266	2.5654e-010
21267	2.5112e-010
21268	2.4598e-010
21269	2.4043e-010
21270	2.3455e-010
21271	2.3794e-010
21272	2.2645e-010
21273	2.2481e-010
21274	2.1928e-010
21275	2.084e-010
21276	2.0602e-010
21277	1.9991e-010
21278	2.38e-010
21279	1.9197e-010
21280	1.8622e-010
21281	1.7435e-010
21282	2.4701e-010
21283	1.7197e-010
21284	1.59e-010
21285	2.0189e-010
21286	1.8054e-010
21287	1.3772e-010
21288	2.0947e-010
21289	1.5936e-010
21290	1.3469e-010
21291	2.3901e-010
21292	1.1368e-010
21293	1.9841e-010
21294	1.3363e-010
21295	1.4401e-010
21296	1.5802e-010
21297	1.1248e-010
21298	1.6696e-010
21299	9.9504e-011
21300	1.6256e-010
21301	9.8348e-011
21302	1.418e-010
21303	1.0925e-010
21304	1.1158e-010
21305	1.3308e-010
21306	7.9465e-011
21307	1.905e-010
21308	6.5598e-011
21309	1.4931e-010
21310	9.0147e-011
21311	8.7434e-011
21312	2.4342e-010
21313	1.0477e-010
21314	1.9018e-010
21315	3.1691e-010
21316	5.0265e-010
21317	4.3903e-010
21318	5.6618e-010
21319	9.1403e-010
21320	1.7929e-009
21321	2.7315e-010
21322	1.8413e-010
21323	5.1259e-011
21324	7.2229e-011
21325	7.7454e-011
21326	8.4838e-011
21327	8.7121e-011
21328	8.5282e-011
21329	8.9981e-011
21330	8.5794e-011
21331	8.6362e-011
21332	8.8592e-011
21333	8.5753e-011
21334	9.1087e-011
21335	8.8947e-011
21336	9.2748e-011
21337	9.3959e-011
21338	9.5942e-011
21339	9.9086e-011
21340	1.0005e-010
21341	1.0404e-010
21342	1.0478e-010
21343	1.0879e-010
21344	1.0991e-010
21345	1.1339e-010
21346	1.1564e-010
21347	1.1798e-010
21348	1.2172e-010
21349	1.2269e-010
21350	1.2766e-010
21351	1.2867e-010
21352	1.3208e-010
21353	1.359e-010
21354	1.3764e-010
21355	1.4154e-010
21356	1.4506e-010
21357	1.4737e-010
21358	1.5076e-010
21359	1.5573e-010
21360	1.5759e-010
21361	1.6138e-010
21362	1.6509e-010
21363	1.6979e-010
21364	1.7265e-010
21365	1.7648e-010
21366	1.8043e-010
21367	1.8471e-010
21368	1.8901e-010
21369	1.9306e-010
21370	1.9776e-010
21371	2.0177e-010
21372	2.0638e-010
21373	2.1118e-010
21374	2.1588e-010
21375	2.2082e-010
21376	2.2543e-010
21377	2.3175e-010
21378	2.3613e-010
21379	2.4176e-010
21380	2.4705e-010
21381	2.5226e-010
21382	2.5781e-010
21383	2.6524e-010
21384	2.7307e-010
21385	2.751e-010
21386	2.7516e-010
21387	2.7425e-010
21388	2.6744e-010
21389	2.5953e-010
21390	2.543e-010
21391	2.499e-010
21392	2.4504e-010
21393	2.3933e-010
21394	2.37e-010
21395	2.2874e-010
21396	2.2488e-010
21397	2.2028e-010
21398	2.1582e-010
21399	2.1114e-010
21400	2.0652e-010
21401	2.0479e-010
21402	1.9897e-010
21403	1.959e-010
21404	1.9179e-010
21405	1.8659e-010
21406	1.834e-010
21407	1.8071e-010
21408	1.8998e-010
21409	1.7409e-010
21410	1.6902e-010
21411	1.6728e-010
21412	1.9034e-010
21413	1.6158e-010
21414	1.5503e-010
21415	1.6276e-010
21416	1.536e-010
21417	1.4408e-010
21418	1.6186e-010
21419	1.4496e-010
21420	1.4303e-010
21421	1.7599e-010
21422	1.334e-010
21423	1.5447e-010
21424	1.2897e-010
21425	1.3038e-010
21426	1.2819e-010
21427	1.1424e-010
21428	1.2968e-010
21429	1.0735e-010
21430	1.2541e-010
21431	1.0208e-010
21432	1.1426e-010
21433	1.0144e-010
21434	1.0093e-010
21435	1.074e-010
21436	9.3314e-011
21437	1.399e-010
21438	8.7621e-011
21439	1.1333e-010
21440	8.5604e-011
21441	1.0351e-010
21442	1.8484e-010
21443	1.1969e-010
21444	1.903e-010
21445	2.8841e-010
21446	4.2266e-010
21447	4.9219e-010
21448	4.6909e-010
21449	6.8722e-010
21450	1.8149e-009
21451	2.7313e-010
21452	1.8412e-010
21453	5.1255e-011
21454	7.2232e-011
21455	7.7478e-011
21456	8.4884e-011
21457	8.717e-011
21458	8.5313e-011
21459	8.9996e-011
21460	8.5786e-011
21461	8.6332e-011
21462	8.8558e-011
21463	8.5746e-011
21464	9.1092e-011
21465	8.895e-011
21466	9.2727e-011
21467	9.3928e-011
21468	9.591e-011
21469	9.9046e-011
21470	1.e-010
21471	1.0399e-010
21472	1.0475e-010
21473	1.0877e-010
21474	1.0988e-010
21475	1.1333e-010
21476	1.1554e-010
21477	1.1788e-010
21478	1.2164e-010
21479	1.2265e-010
21480	1.2764e-010
21481	1.2863e-010
21482	1.3201e-010
21483	1.3579e-010
21484	1.3754e-010
21485	1.4149e-010
21486	1.4505e-010
21487	1.473e-010
21488	1.5061e-010
21489	1.5556e-010
21490	1.5743e-010
21491	1.6122e-010
21492	1.6486e-010
21493	1.6958e-010
21494	1.7249e-010
21495	1.7641e-010
21496	1.8032e-010
21497	1.8442e-010
21498	1.8868e-010
21499	1.928e-010
21500	1.9761e-010
21501	2.0171e-010
21502	2.0633e-010
21503	2.1108e-010
21504	2.1583e-010
21505	2.2081e-010
21506	2.2557e-010
21507	2.319e-010
21508	2.3635e-010
21509	2.42e-010
21510	2.4735e-010
21511	2.526e-010
21512	2.5823e-010
21513	2.6583e-010
21514	2.7365e-010
21515	2.7566e-010
21516	2.7563e-010
21517	2.7478e-010
21518	2.678e-010
21519	2.5994e-010
21520	2.5468e-010
21521	2.5023e-010
21522	2.4525e-010
21523	2.3953e-010
21524	2.3721e-010
21525	2.2885e-010
21526	2.2491e-010
21527	2.2033e-010
21528	2.1573e-010
21529	2.1115e-010
21530	2.0659e-010
21531	2.0482e-010
21532	1.9884e-010
21533	1.9573e-010
21534	1.9157e-010
21535	1.8622e-010
21536	1.8281e-010
21537	1.8167e-010
21538	1.8577e-010
21539	1.7505e-010
21540	1.6862e-010
21541	1.6712e-010
21542	1.9029e-010
21543	1.6165e-010
21544	1.5524e-010
21545	1.6295e-010
21546	1.5388e-010
21547	1.4451e-010
21548	1.6218e-010
21549	1.4538e-010
21550	1.4349e-010
21551	1.7627e-010
21552	1.3383e-010
21553	1.5477e-010
21554	1.2928e-010
21555	1.3067e-010
21556	1.2848e-010
21557	1.1454e-010
21558	1.3006e-010
21559	1.0774e-010
21560	1.258e-010
21561	1.0245e-010
21562	1.146e-010
21563	1.0172e-010
21564	1.0116e-010
21565	1.076e-010
21566	9.3485e-011
21567	1.4e-010
21568	8.7773e-011
21569	1.1341e-010
21570	8.5703e-011
21571	1.0365e-010
21572	1.8487e-010
21573	1.1979e-010
21574	1.9035e-010
21575	2.8847e-010
21576	4.2294e-010
21577	4.9223e-010
21578	4.6922e-010
21579	6.8763e-010
21580	1.8153e-009
21581	2.8717e-010
21582	2.164e-010
21583	7.504e-011
21584	8.2668e-011
21585	8.5379e-011
21586	9.4701e-011
21587	9.6613e-011
21588	9.2408e-011
21589	1.0325e-010
21590	9.4069e-011
21591	9.6298e-011
21592	1.02e-010
21593	9.4062e-011
21594	1.0681e-010
21595	9.8853e-011
21596	1.0669e-010
21597	1.0687e-010
21598	1.0891e-010
21599	1.1412e-010
21600	1.1275e-010
21601	1.2045e-010
21602	1.1788e-010
21603	1.2578e-010
21604	1.2415e-010
21605	1.3025e-010
21606	1.3167e-010
21607	1.3349e-010
21608	1.4081e-010
21609	1.3738e-010
21610	1.4854e-010
21611	1.4502e-010
21612	1.5031e-010
21613	1.5691e-010
21614	1.5519e-010
21615	1.6176e-010
21616	1.6677e-010
21617	1.6674e-010
21618	1.7072e-010
21619	1.8043e-010
21620	1.7833e-010
21621	1.833e-010
21622	1.875e-010
21623	1.9526e-010
21624	1.9661e-010
21625	2.01e-010
21626	2.0529e-010
21627	2.1057e-010
21628	2.1551e-010
21629	2.1993e-010
21630	2.2636e-010
21631	2.3011e-010
21632	2.3542e-010
21633	2.4083e-010
21634	2.4628e-010
21635	2.5188e-010
21636	2.5656e-010
21637	2.6625e-010
21638	2.6952e-010
21639	2.7666e-010
21640	2.8274e-010
21641	2.8596e-010
21642	2.919e-010
21643	3.0551e-010
21644	3.1928e-010
21645	3.0817e-010
21646	3.073e-010
21647	3.2091e-010
21648	3.0965e-010
21649	2.9307e-010
21650	2.8649e-010
21651	2.8574e-010
21652	2.8054e-010
21653	2.724e-010
21654	2.755e-010
21655	2.5875e-010
21656	2.5656e-010
21657	2.5117e-010
21658	2.4591e-010
21659	2.4034e-010
21660	2.3453e-010
21661	2.3775e-010
21662	2.2636e-010
21663	2.2467e-010
21664	2.1911e-010
21665	2.0817e-010
21666	2.0574e-010
21667	2.0024e-010
21668	2.3527e-010
21669	1.9221e-010
21670	1.859e-010
21671	1.7421e-010
21672	2.469e-010
21673	1.7197e-010
21674	1.5905e-010
21675	2.0199e-010
21676	1.807e-010
21677	1.3791e-010
21678	2.0983e-010
21679	1.5967e-010
21680	1.3496e-010
21681	2.3949e-010
21682	1.1401e-010
21683	1.9891e-010
21684	1.3402e-010
21685	1.4446e-010
21686	1.5853e-010
21687	1.1287e-010
21688	1.6757e-010
21689	9.9861e-011
21690	1.6312e-010
21691	9.8632e-011
21692	1.4223e-010
21693	1.0951e-010
21694	1.1181e-010
21695	1.3335e-010
21696	7.9584e-011
21697	1.9077e-010
21698	6.5685e-011
21699	1.4948e-010
21700	9.0251e-011
21701	8.7561e-011
21702	2.4344e-010
21703	1.0484e-010
21704	1.9024e-010
21705	3.1704e-010
21706	5.0303e-010
21707	4.3901e-010
21708	5.6642e-010
21709	9.1497e-010
21710	1.7937e-009
21711	2.7313e-010
21712	1.8412e-010
21713	5.1256e-011
21714	7.2232e-011
21715	7.7478e-011
21716	8.4884e-011
21717	8.717e-011
21718	8.5313e-011
21719	8.9996e-011
21720	8.5786e-011
21721	8.6332e-011
21722	8.8558e-011
21723	8.5746e-011
21724	9.1092e-011
21725	8.895e-011
21726	9.2727e-011
21727	9.3928e-011
21728	9.591e-011
21729	9.9046e-011
21730	1.e-010
21731	1.0399e-010
21732	1.0475e-010
21733	1.0877e-010
21734	1.0988e-010
21735	1.1333e-010
21736	1.1554e-010
21737	1.1788e-010
21738	1.2164e-010
21739	1.2265e-010
21740	1.2764e-010
21741	1.2863e-010
21742	1.3201e-010
21743	1.3579e-010
21744	1.3754e-010
21745	1.4149e-010
21746	1.4505e-010
21747	1.473e-010
21748	1.5061e-010
21749	1.5556e-010
21750	1.5743e-010
21751	1.6122e-010
21752	1.6486e-010
21753	1.6958e-010
21754	1.7249e-010
21755	1.7641e-010
21756	1.8032e-010
21757	1.8442e-010
21758	1.8868e-010
21759	1.928e-010
21760	1.9761e-010
21761	2.0171e-010
21762	2.0633e-010
21763	2.1108e-010
21764	2.1583e-010
21765	2.2081e-010
21766	2.2557e-010
21767	2.319e-010
21768	2.3635e-010
21769	2.42e-010
21770	2.4735e-010
21771	2.526e-010
21772	2.5823e-010
21773	2.6583e-010
21774	2.7365e-010
21775	2.7566e-010
21776	2.7563e-010
21777	2.7478e-010
21778	2.678e-010
21779	2.5994e-010
21780	2.5468e-010
21781	2.5023e-010
21782	2.4525e-010
21783	2.3953e-010
21784	2.3721e-010
21785	2.2884e-010
21786	2.2491e-010
21787	2.2033e-010
21788	2.1574e-010
21789	2.1114e-010
21790	2.0661e-010
21791	2.048e-010
21792	1.9886e-010
21793	1.9573e-010
21794	1.9157e-010
21795	1.8635e-010
21796	1.8328e-010
21797	1.8026e-010
21798	1.9159e-010
21799	1.7382e-010
21800	1.6906e-010
21801	1.6725e-010
21802	1.9028e-010
21803	1.6166e-010
21804	1.5524e-010
21805	1.6295e-010
21806	1.5388e-010
21807	1.4451e-010
21808	1.6218e-010
21809	1.4538e-010
21810	1.4349e-010
21811	1.7627e-010
21812	1.3382e-010
21813	1.5477e-010
21814	1.2928e-010
21815	1.3067e-010
21816	1.2848e-010
21817	1.1454e-010
21818	1.3006e-010
21819	1.0774e-010
21820	1.258e-010
21821	1.0245e-010
21822	1.146e-010
21823	1.0172e-010
21824	1.0116e-010
21825	1.076e-010
21826	9.3485e-011
21827	1.4e-010
21828	8.7773e-011
21829	1.1341e-010
21830	8.5703e-011
21831	1.0365e-010
21832	1.8487e-010
21833	1.1979e-010
21834	1.9035e-010
21835	2.8847e-010
21836	4.2294e-010
21837	4.9223e-010
21838	4.6922e-010
21839	6.8763e-010
21840	1.8153e-009
21841	2.7315e-010
21842	1.8413e-010
21843	5.1259e-011
21844	7.2229e-011
21845	7.7454e-011
21846	8.4838e-011
21847	8.7121e-011
21848	8.5282e-011
21849	8.9981e-011
21850	8.5794e-011
21851	8.6362e-011
21852	8.8592e-011
21853	8.5753e-011
21854	9.1087e-011
21855	8.8947e-011
21856	9.2748e-011
21857	9.3959e-011
21858	9.5942e-011
21859	9.9086e-011
21860	1.0005e-010
21861	1.0404e-010
21862	1.0478e-010
21863	1.0879e-010
21864	1.0991e-010
21865	1.1339e-010
21866	1.1564e-010
21867	1.1798e-010
21868	1.2172e-010
21869	1.2269e-010
21870	1.2766e-010
21871	1.2867e-010
21872	1.3208e-010
21873	1.359e-010
21874	1.3764e-010
21875	1.4154e-010
21876	1.4506e-010
21877	1.4737e-010
21878	1.5076e-010
21879	1.5573e-010
21880	1.5759e-010
21881	1.6137e-010
21882	1.6509e-010
21883	1.6979e-010
21884	1.7265e-010
21885	1.7648e-010
21886	1.8043e-010
21887	1.847e-010
21888	1.8901e-010
21889	1.9306e-010
21890	1.9776e-010
21891	2.0177e-010
21892	2.0638e-010
21893	2.1118e-010
21894	2.1588e-010
21895	2.2082e-010
21896	2.2543e-010
21897	2.3175e-010
21898	2.3613e-010
21899	2.4176e-010
21900	2.4705e-010
21901	2.5226e-010
21902	2.5781e-010
21903	2.6524e-010
21904	2.7307e-010
21905	2.751e-010
21906	2.7516e-010
21907	2.7425e-010
21908	2.6744e-010
21909	2.5953e-010
21910	2.543e-010
21911	2.499e-010
21912	2.4504e-010
21913	2.3933e-010
21914	2.37e-010
21915	2.2874e-010
21916	2.2488e-010
21917	2.2028e-010
21918	2.1582e-010
21919	2.1112e-010
21920	2.0655e-010
21921	2.0478e-010
21922	1.99e-010
21923	1.9589e-010
21924	1.918e-010
21925	1.8661e-010
21926	1.8355e-010
21927	1.8051e-010
21928	1.9111e-010
21929	1.7398e-010
21930	1.6918e-010
21931	1.6733e-010
21932	1.9036e-010
21933	1.6161e-010
21934	1.5503e-010
21935	1.6276e-010
21936	1.536e-010
21937	1.4408e-010
21938	1.6186e-010
21939	1.4496e-010
21940	1.4303e-010
21941	1.7599e-010
21942	1.334e-010
21943	1.5447e-010
21944	1.2897e-010
21945	1.3038e-010
21946	1.2819e-010
21947	1.1424e-010
21948	1.2968e-010
21949	1.0735e-010
21950	1.2541e-010
21951	1.0208e-010
21952	1.1426e-010
21953	1.0144e-010
21954	1.0093e-010
21955	1.074e-010
21956	9.3314e-011
21957	1.399e-010
21958	8.7621e-011
21959	1.1333e-010
21960	8.5604e-011
21961	1.0351e-010
21962	1.8484e-010
21963	1.1969e-010
21964	1.903e-010
21965	2.8841e-010
21966	4.2266e-010
21967	4.9219e-010
21968	4.6909e-010
21969	6.8722e-010
21970	1.8149e-009
21971	2.873e-010
21972	2.1647e-010
21973	7.5075e-011
21974	8.2729e-011
21975	8.5438e-011
21976	9.4749e-011
21977	9.6654e-011
21978	9.2441e-011
21979	1.0328e-010
21980	9.4107e-011
21981	9.6359e-011
21982	1.0208e-010
21983	9.4134e-011
21984	1.0687e-010
21985	9.8942e-011
21986	1.068e-010
21987	1.0699e-010
21988	1.09e-010
21989	1.142e-010
21990	1.1283e-010
21991	1.2051e-010
21992	1.1792e-010
21993	1.258e-010
21994	1.2418e-010
21995	1.303e-010
21996	1.3178e-010
21997	1.3361e-010
21998	1.4091e-010
21999	1.3746e-010
22000	1.4858e-010
22001	1.4507e-010
22002	1.5039e-010
22003	1.57e-010
22004	1.5526e-010
22005	1.6185e-010
22006	1.6689e-010
22007	1.6689e-010
22008	1.7092e-010
22009	1.8067e-010
22010	1.7856e-010
22011	1.835e-010
22012	1.8777e-010
22013	1.9553e-010
22014	1.9685e-010
22015	2.0111e-010
22016	2.0542e-010
22017	2.1082e-010
22018	2.1577e-010
22019	2.2027e-010
22020	2.2654e-010
22021	2.3026e-010
22022	2.3561e-010
22023	2.4101e-010
22024	2.4634e-010
22025	2.5186e-010
22026	2.5635e-010
22027	2.661e-010
22028	2.6934e-010
22029	2.7651e-010
22030	2.8247e-010
22031	2.8565e-010
22032	2.9158e-010
22033	3.0506e-010
22034	3.1869e-010
22035	3.0783e-010
22036	3.0698e-010
22037	3.2058e-010
22038	3.0936e-010
22039	2.928e-010
22040	2.8619e-010
22041	2.8551e-010
22042	2.8036e-010
22043	2.7218e-010
22044	2.7539e-010
22045	2.5863e-010
22046	2.5654e-010
22047	2.5112e-010
22048	2.4598e-010
22049	2.4041e-010
22050	2.3458e-010
22051	2.3792e-010
22052	2.2648e-010
22053	2.2479e-010
22054	2.1929e-010
22055	2.084e-010
22056	2.0594e-010
22057	2.002e-010
22058	2.3775e-010
22059	1.9223e-010
22060	1.862e-010
22061	1.7418e-010
22062	2.4714e-010
22063	1.7181e-010
22064	1.5904e-010
22065	2.0188e-010
22066	1.8054e-010
22067	1.3772e-010
22068	2.0947e-010
22069	1.5936e-010
22070	1.3469e-010
22071	2.3901e-010
22072	1.1368e-010
22073	1.9841e-010
22074	1.3363e-010
22075	1.4401e-010
22076	1.5802e-010
22077	1.1248e-010
22078	1.6697e-010
22079	9.9503e-011
22080	1.6256e-010
22081	9.8347e-011
22082	1.418e-010
22083	1.0925e-010
22084	1.1158e-010
22085	1.3308e-010
22086	7.9465e-011
22087	1.905e-010
22088	6.5598e-011
22089	1.4931e-010
22090	9.0147e-011
22091	8.7434e-011
22092	2.4342e-010
22093	1.0477e-010
22094	1.9018e-010
22095	3.1691e-010
22096	5.0265e-010
22097	4.3903e-010
22098	5.6618e-010
22099	9.1403e-010
22100	1.7929e-009
22101	2.7332e-010
22102	1.8425e-010
22103	5.1297e-011
22104	7.2282e-011
22105	7.752e-011
22106	8.4922e-011
22107	8.7197e-011
22108	8.5329e-011
22109	9.0001e-011
22110	8.5773e-011
22111	8.6301e-011
22112	8.8533e-011
22113	8.5752e-011
22114	9.1142e-011
22115	8.9021e-011
22116	9.2817e-011
22117	9.3997e-011
22118	9.5927e-011
22119	9.907e-011
22120	1.001e-010
22121	1.0411e-010
22122	1.048e-010
22123	1.0876e-010
22124	1.0986e-010
22125	1.1333e-010
22126	1.1557e-010
22127	1.1794e-010
22128	1.2173e-010
22129	1.227e-010
22130	1.2766e-010
22131	1.2865e-010
22132	1.3211e-010
22133	1.3598e-010
22134	1.3768e-010
22135	1.4153e-010
22136	1.4509e-010
22137	1.4735e-010
22138	1.5076e-010
22139	1.5577e-010
22140	1.5762e-010
22141	1.613e-010
22142	1.6494e-010
22143	1.6966e-010
22144	1.7264e-010
22145	1.7653e-010
22146	1.8053e-010
22147	1.8471e-010
22148	1.889e-010
22149	1.9317e-010
22150	1.9786e-010
22151	2.0189e-010
22152	2.0654e-010
22153	2.1122e-010
22154	2.1591e-010
22155	2.2076e-010
22156	2.2534e-010
22157	2.3164e-010
22158	2.3614e-010
22159	2.4171e-010
22160	2.47e-010
22161	2.5205e-010
22162	2.5768e-010
22163	2.6517e-010
22164	2.7295e-010
22165	2.7513e-010
22166	2.75e-010
22167	2.7423e-010
22168	2.6728e-010
22169	2.5941e-010
22170	2.5415e-010
22171	2.4985e-010
22172	2.4502e-010
22173	2.3928e-010
22174	2.3701e-010
22175	2.2856e-010
22176	2.2489e-010
22177	2.2018e-010
22178	2.157e-010
22179	2.1113e-010
22180	2.0655e-010
22181	2.0482e-010
22182	1.9894e-010
22183	1.9589e-010
22184	1.918e-010
22185	1.866e-010
22186	1.835e-010
22187	1.804e-010
22188	1.9022e-010
22189	1.739e-010
22190	1.6916e-010
22191	1.6777e-010
22192	1.9012e-010
22193	1.6208e-010
22194	1.5517e-010
22195	1.6286e-010
22196	1.5369e-010
22197	1.4423e-010
22198	1.6185e-010
22199	1.4496e-010
22200	1.4303e-010
22201	1.7589e-010
22202	1.333e-010
22203	1.5434e-010
22204	1.2882e-010
22205	1.3021e-010
22206	1.2797e-010
22207	1.1399e-010
22208	1.2952e-010
22209	1.0714e-010
22210	1.2529e-010
22211	1.0192e-010
22212	1.1417e-010
22213	1.0135e-010
22214	1.0085e-010
22215	1.0734e-010
22216	9.3251e-011
22217	1.3975e-010
22218	8.7648e-011
22219	1.1329e-010
22220	8.5628e-011
22221	1.0366e-010
22222	1.8504e-010
22223	1.1966e-010
22224	1.9007e-010
22225	2.8814e-010
22226	4.2277e-010
22227	4.9217e-010
22228	4.693e-010
22229	6.8701e-010
22230	1.8139e-009
22231	2.7332e-010
22232	1.8425e-010
22233	5.1297e-011
22234	7.2282e-011
22235	7.752e-011
22236	8.4922e-011
22237	8.7197e-011
22238	8.5329e-011
22239	9.0001e-011
22240	8.5773e-011
22241	8.6301e-011
22242	8.8533e-011
22243	8.5752e-011
22244	9.1142e-011
22245	8.9021e-011
22246	9.2817e-011
22247	9.3997e-011
22248	9.5927e-011
22249	9.907e-011
22250	1.001e-010
22251	1.0411e-010
22252	1.048e-010
22253	1.0876e-010
22254	1.0986e-010
22255	1.1333e-010
22256	1.1557e-010
22257	1.1794e-010
22258	1.2173e-010
22259	1.227e-010
22260	1.2766e-010
22261	1.2865e-010
22262	1.3211e-010
22263	1.3598e-010
22264	1.3768e-010
22265	1.4153e-010
22266	1.4509e-010
22267	1.4735e-010
22268	1.5076e-010
22269	1.5577e-010
22270	1.5762e-010
22271	1.613e-010
22272	1.6494e-010
22273	1.6966e-010
22274	1.7264e-010
22275	1.7652e-010
22276	1.8053e-010
22277	1.8471e-010
22278	1.889e-010
22279	1.9317e-010
22280	1.9786e-010
22281	2.0189e-010
22282	2.0654e-010
22283	2.1122e-010
22284	2.1591e-010
22285	2.2076e-010
22286	2.2534e-010
22287	2.3164e-010
22288	2.3614e-010
22289	2.4171e-010
22290	2.47e-010
22291	2.5205e-010
22292	2.5768e-010
22293	2.6517e-010
22294	2.7295e-010
22295	2.7513e-010
22296	2.75e-010
22297	2.7423e-010
22298	2.6728e-010
22299	2.5941e-010
22300	2.5415e-010
22301	2.4985e-010
22302	2.4502e-010
22303	2.3928e-010
22304	2.3701e-010
22305	2.2856e-010
22306	2.2489e-010
22307	2.2018e-010
22308	2.157e-010
22309	2.1113e-010
22310	2.0655e-010
22311	2.0482e-010
22312	1.9894e-010
22313	1.9589e-010
22314	1.918e-010
22315	1.8651e-010
22316	1.8326e-010
22317	1.8113e-010
22318	1.8638e-010
22319	1.7454e-010
22320	1.6891e-010
22321	1.6789e-010
22322	1.9011e-010
22323	1.6228e-010
22324	1.5514e-010
22325	1.6286e-010
22326	1.5369e-010
22327	1.4423e-010
22328	1.6185e-010
22329	1.4496e-010
22330	1.4303e-010
22331	1.7589e-010
22332	1.333e-010
22333	1.5434e-010
22334	1.2882e-010
22335	1.3021e-010
22336	1.2798e-010
22337	1.1399e-010
22338	1.2952e-010
22339	1.0714e-010
22340	1.2529e-010
22341	1.0192e-010
22342	1.1417e-010
22343	1.0135e-010
22344	1.0085e-010
22345	1.0734e-010
22346	9.3251e-011
22347	1.3975e-010
22348	8.7648e-011
22349	1.1329e-010
22350	8.5628e-011
22351	1.0366e-010
22352	1.8504e-010
22353	1.1966e-010
22354	1.9007e-010
22355	2.8814e-010
22356	4.2277e-010
22357	4.9217e-010
22358	4.693e-010
22359	6.8701e-010
22360	1.8139e-009
22361	2.873e-010
22362	2.1647e-010
22363	7.5075e-011
22364	8.2729e-011
22365	8.5438e-011
22366	9.4749e-011
22367	9.6654e-011
22368	9.2441e-011
22369	1.0328e-010
22370	9.4107e-011
22371	9.6359e-011
22372	1.0208e-010
22373	9.4134e-011
22374	1.0687e-010
22375	9.8942e-011
22376	1.068e-010
22377	1.0699e-010
22378	1.09e-010
22379	1.142e-010
22380	1.1283e-010
22381	1.2051e-010
22382	1.1792e-010
22383	1.258e-010
22384	1.2418e-010
22385	1.303e-010
22386	1.3178e-010
22387	1.3361e-010
22388	1.4091e-010
22389	1.3746e-010
22390	1.4858e-010
22391	1.4507e-010
22392	1.5039e-010
22393	1.57e-010
22394	1.5526e-010
22395	1.6185e-010
22396	1.6689e-010
22397	1.6689e-010
22398	1.7092e-010
22399	1.8066e-010
22400	1.7857e-010
22401	1.835e-010
22402	1.8777e-010
22403	1.9553e-010
22404	1.9685e-010
22405	2.0111e-010
22406	2.0542e-010
22407	2.1082e-010
22408	2.1577e-010
22409	2.2027e-010
22410	2.2654e-010
22411	2.3026e-010
22412	2.3561e-010
22413	2.4101e-010
22414	2.4634e-010
22415	2.5186e-010
22416	2.5635e-010
22417	2.661e-010
22418	2.6934e-010
22419	2.7651e-010
22420	2.8247e-010
22421	2.8565e-010
22422	2.9158e-010
22423	3.0506e-010
22424	3.1869e-010
22425	3.0783e-010
22426	3.0698e-010
22427	3.2058e-010
22428	3.0936e-010
22429	2.928e-010
22430	2.8619e-010
22431	2.8551e-010
22432	2.8036e-010
22433	2.7218e-010
22434	2.7539e-010
22435	2.5863e-010
22436	2.5654e-010
22437	2.5112e-010
22438	2.4598e-010
22439	2.4041e-010
22440	2.3457e-010
22441	2.3792e-010
22442	2.2648e-010
22443	2.2479e-010
22444	2.1928e-010
22445	2.0834e-010
22446	2.0573e-010
22447	2.0125e-010
22448	2.3407e-010
22449	1.9312e-010
22450	1.8587e-010
22451	1.7442e-010
22452	2.4653e-010
22453	1.7208e-010
22454	1.5896e-010
22455	2.0189e-010
22456	1.8053e-010
22457	1.3772e-010
22458	2.0947e-010
22459	1.5936e-010
22460	1.3469e-010
22461	2.3901e-010
22462	1.1368e-010
22463	1.9841e-010
22464	1.3363e-010
22465	1.4401e-010
22466	1.5802e-010
22467	1.1248e-010
22468	1.6696e-010
22469	9.9504e-011
22470	1.6256e-010
22471	9.8348e-011
22472	1.418e-010
22473	1.0925e-010
22474	1.1158e-010
22475	1.3308e-010
22476	7.9465e-011
22477	1.905e-010
22478	6.5598e-011
22479	1.4931e-010
22480	9.0147e-011
22481	8.7434e-011
22482	2.4342e-010
22483	1.0477e-010
22484	1.9018e-010
22485	3.1691e-010
22486	5.0265e-010
22487	4.3903e-010
22488	5.6618e-010
22489	9.1403e-010
22490	1.7929e-009
22491	2.7315e-010
22492	1.8413e-010
22493	5.1259e-011
22494	7.2229e-011
22495	7.7454e-011
22496	8.4838e-011
22497	8.7121e-011
22498	8.5282e-011
22499	8.9981e-011
22500	8.5794e-011
22501	8.6362e-011
22502	8.8592e-011
22503	8.5753e-011
22504	9.1087e-011
22505	8.8947e-011
22506	9.2748e-011
22507	9.3959e-011
22508	9.5942e-011
22509	9.9086e-011
22510	1.0005e-010
22511	1.0404e-010
22512	1.0478e-010
22513	1.0879e-010
22514	1.0991e-010
22515	1.1339e-010
22516	1.1564e-010
22517	1.1798e-010
22518	1.2172e-010
22519	1.2269e-010
22520	1.2766e-010
22521	1.2867e-010
22522	1.3208e-010
22523	1.359e-010
22524	1.3764e-010
22525	1.4154e-010
22526	1.4506e-010
22527	1.4737e-010
22528	1.5076e-010
22529	1.5572e-010
22530	1.5759e-010
22531	1.6138e-010
22532	1.6509e-010
22533	1.6979e-010
22534	1.7265e-010
22535	1.7648e-010
22536	1.8043e-010
22537	1.847e-010
22538	1.8901e-010
22539	1.9306e-010
22540	1.9776e-010
22541	2.0177e-010
22542	2.0638e-010
22543	2.1118e-010
22544	2.1588e-010
22545	2.2082e-010
22546	2.2543e-010
22547	2.3175e-010
22548	2.3613e-010
22549	2.4176e-010
22550	2.4705e-010
22551	2.5226e-010
22552	2.5781e-010
22553	2.6524e-010
22554	2.7307e-010
22555	2.751e-010
22556	2.7516e-010
22557	2.7425e-010
22558	2.6744e-010
22559	2.5953e-010
22560	2.543e-010
22561	2.499e-010
22562	2.4503e-010
22563	2.3933e-010
22564	2.37e-010
22565	2.2874e-010
22566	2.2488e-010
22567	2.2028e-010
22568	2.1582e-010
22569	2.1112e-010
22570	2.0655e-010
22571	2.0478e-010
22572	1.99e-010
22573	1.9589e-010
22574	1.9179e-010
22575	1.8662e-010
22576	1.8349e-010
22577	1.8027e-010
22578	1.9054e-010
22579	1.7364e-010
22580	1.6901e-010
22581	1.6716e-010
22582	1.8981e-010
22583	1.6143e-010
22584	1.5495e-010
22585	1.6279e-010
22586	1.536e-010
22587	1.4408e-010
22588	1.6186e-010
22589	1.4496e-010
22590	1.4303e-010
22591	1.7599e-010
22592	1.334e-010
22593	1.5447e-010
22594	1.2897e-010
22595	1.3038e-010
22596	1.2819e-010
22597	1.1424e-010
22598	1.2968e-010
22599	1.0734e-010
22600	1.2541e-010
22601	1.0208e-010
22602	1.1426e-010
22603	1.0144e-010
22604	1.0093e-010
22605	1.074e-010
22606	9.3314e-011
22607	1.399e-010
22608	8.7621e-011
22609	1.1333e-010
22610	8.5603e-011
22611	1.0351e-010
22612	1.8484e-010
22613	1.1969e-010
22614	1.903e-010
22615	2.8841e-010
22616	4.2266e-010
22617	4.9219e-010
22618	4.6909e-010
22619	6.8722e-010
22620	1.8149e-009
22621	2.7313e-010
22622	1.8412e-010
22623	5.1256e-011
22624	7.2232e-011
22625	7.7478e-011
22626	8.4884e-011
22627	8.717e-011
22628	8.5313e-011
22629	8.9996e-011
22630	8.5786e-011
22631	8.6332e-011
22632	8.8558e-011
22633	8.5746e-011
22634	9.1092e-011
22635	8.895e-011
22636	9.2727e-011
22637	9.3928e-011
22638	9.591e-011
22639	9.9046e-011
22640	1.e-010
22641	1.0399e-010
22642	1.0475e-010
22643	1.0877e-010
22644	1.0988e-010
22645	1.1333e-010
22646	1.1554e-010
22647	1.1788e-010
22648	1.2164e-010
22649	1.2265e-010
22650	1.2764e-010
22651	1.2863e-010
22652	1.3201e-010
22653	1.3579e-010
22654	1.3754e-010
22655	1.4149e-010
22656	1.4505e-010
22657	1.473e-010
22658	1.506e-010
22659	1.5562e-010
22660	1.5742e-010
22661	1.6122e-010
22662	1.6486e-010
22663	1.6958e-010
22664	1.7249e-010
22665	1.7641e-010
22666	1.8032e-010
22667	1.8442e-010
22668	1.8868e-010
22669	1.928e-010
22670	1.9761e-010
22671	2.0171e-010
22672	2.0633e-010
22673	2.1108e-010
22674	2.1583e-010
22675	2.2081e-010
22676	2.2557e-010
22677	2.319e-010
22678	2.3635e-010
22679	2.42e-010
22680	2.4735e-010
22681	2.526e-010
22682	2.5823e-010
22683	2.6583e-010
22684	2.7365e-010
22685	2.7566e-010
22686	2.7563e-010
22687	2.7478e-010
22688	2.678e-010
22689	2.5994e-010
22690	2.5468e-010
22691	2.5023e-010
22692	2.4525e-010
22693	2.3953e-010
22694	2.3721e-010
22695	2.2884e-010
22696	2.2491e-010
22697	2.2033e-010
22698	2.1574e-010
22699	2.1113e-010
22700	2.0661e-010
22701	2.048e-010
22702	1.9886e-010
22703	1.9573e-010
22704	1.9156e-010
22705	1.8625e-010
22706	1.8286e-010
22707	1.8137e-010
22708	1.8632e-010
22709	1.747e-010
22710	1.6829e-010
22711	1.6758e-010
22712	1.8645e-010
22713	1.6206e-010
22714	1.549e-010
22715	1.6295e-010
22716	1.5387e-010
22717	1.4451e-010
22718	1.6218e-010
22719	1.4538e-010
22720	1.4349e-010
22721	1.7627e-010
22722	1.3382e-010
22723	1.5477e-010
22724	1.2928e-010
22725	1.3067e-010
22726	1.2848e-010
22727	1.1454e-010
22728	1.3006e-010
22729	1.0774e-010
22730	1.258e-010
22731	1.0245e-010
22732	1.146e-010
22733	1.0172e-010
22734	1.0116e-010
22735	1.076e-010
22736	9.3485e-011
22737	1.4e-010
22738	8.7773e-011
22739	1.1341e-010
22740	8.5703e-011
22741	1.0365e-010
22742	1.8487e-010
22743	1.1979e-010
22744	1.9035e-010
22745	2.8847e-010
22746	4.2294e-010
22747	4.9223e-010
22748	4.6922e-010
22749	6.8763e-010
22750	1.8153e-009
22751	2.8717e-010
22752	2.164e-010
22753	7.504e-011
22754	8.2668e-011
22755	8.5379e-011
22756	9.4701e-011
22757	9.6613e-011
22758	9.2408e-011
22759	1.0325e-010
22760	9.4069e-011
22761	9.6298e-011
22762	1.02e-010
22763	9.4062e-011
22764	1.0681e-010
22765	9.8853e-011
22766	1.0669e-010
22767	1.0687e-010
22768	1.0891e-010
22769	1.1412e-010
22770	1.1275e-010
22771	1.2045e-010
22772	1.1788e-010
22773	1.2578e-010
22774	1.2415e-010
22775	1.3025e-010
22776	1.3167e-010
22777	1.3349e-010
22778	1.4081e-010
22779	1.3738e-010
22780	1.4854e-010
22781	1.4502e-010
22782	1.5031e-010
22783	1.5691e-010
22784	1.5519e-010
22785	1.6176e-010
22786	1.6677e-010
22787	1.667e-010
22788	1.7089e-010
22789	1.8014e-010
22790	1.7851e-010
22791	1.8326e-010
22792	1.875e-010
22793	1.9526e-010
22794	1.9661e-010
22795	2.01e-010
22796	2.0529e-010
22797	2.1057e-010
22798	2.1551e-010
22799	2.1993e-010
22800	2.2636e-010
22801	2.3011e-010
22802	2.3542e-010
22803	2.4083e-010
22804	2.4628e-010
22805	2.5188e-010
22806	2.5656e-010
22807	2.6625e-010
22808	2.6952e-010
22809	2.7666e-010
22810	2.8274e-010
22811	2.8596e-010
22812	2.919e-010
22813	3.0551e-010
22814	3.1928e-010
22815	3.0817e-010
22816	3.073e-010
22817	3.2091e-010
22818	3.0965e-010
22819	2.9307e-010
22820	2.8649e-010
22821	2.8574e-010
22822	2.8054e-010
22823	2.724e-010
22824	2.755e-010
22825	2.5875e-010
22826	2.5656e-010
22827	2.5117e-010
22828	2.4591e-010
22829	2.4034e-010
22830	2.3451e-010
22831	2.3778e-010
22832	2.2633e-010
22833	2.2466e-010
22834	2.1909e-010
22835	2.0818e-010
22836	2.0528e-010
22837	2.0179e-010
22838	2.3091e-010
22839	1.9356e-010
22840	1.8492e-010
22841	1.7541e-010
22842	2.3945e-010
22843	1.7313e-010
22844	1.5852e-010
22845	2.0199e-010
22846	1.8068e-010
22847	1.3791e-010
22848	2.0983e-010
22849	1.5967e-010
22850	1.3496e-010
22851	2.3949e-010
22852	1.1401e-010
22853	1.9891e-010
22854	1.3402e-010
22855	1.4446e-010
22856	1.5853e-010
22857	1.1287e-010
22858	1.6757e-010
22859	9.986e-011
22860	1.6312e-010
22861	9.8632e-011
22862	1.4223e-010
22863	1.0951e-010
22864	1.1181e-010
22865	1.3335e-010
22866	7.9584e-011
22867	1.9077e-010
22868	6.5685e-011
22869	1.4948e-010
22870	9.0251e-011
22871	8.7561e-011
22872	2.4344e-010
22873	1.0484e-010
22874	1.9024e-010
22875	3.1704e-010
22876	5.0303e-010
22877	4.3901e-010
22878	5.6642e-010
22879	9.1497e-010
22880	1.7937e-009
22881	2.7313e-010
22882	1.8412e-010
22883	5.1256e-011
22884	7.2232e-011
22885	7.7478e-011
22886	8.4884e-011
22887	8.717e-011
22888	8.5313e-011
22889	8.9996e-011
22890	8.5786e-011
22891	8.6332e-011
22892	8.8558e-011
22893	8.5746e-011
22894	9.1092e-011
22895	8.895e-011
22896	9.2727e-011
22897	9.3928e-011
22898	9.591e-011
22899	9.9046e-011
22900	1.e-010
22901	1.0399e-010
22902	1.0475e-010
22903	1.0877e-010
22904	1.0988e-010
22905	1.1333e-010
22906	1.1554e-010
22907	1.1788e-010
22908	1.2164e-010
22909	1.2265e-010
22910	1.2764e-010
22911	1.2863e-010
22912	1.3201e-010
22913	1.3579e-010
22914	1.3754e-010
22915	1.4149e-010
22916	1.4504e-010
22917	1.4729e-010
22918	1.5071e-010
22919	1.5528e-010
22920	1.5754e-010
22921	1.612e-010
22922	1.6485e-010
22923	1.6958e-010
22924	1.7249e-010
22925	1.7641e-010
22926	1.8032e-010
22927	1.8442e-010
22928	1.8868e-010
22929	1.928e-010
22930	1.9761e-010
22931	2.0171e-010
22932	2.0633e-010
22933	2.1108e-010
22934	2.1583e-010
22935	2.2081e-010
22936	2.2557e-010
22937	2.319e-010
22938	2.3635e-010
22939	2.42e-010
22940	2.4735e-010
22941	2.526e-010
22942	2.5823e-010
22943	2.6583e-010
22944	2.7365e-010
22945	2.7566e-010
22946	2.7563e-010
22947	2.7478e-010
22948	2.678e-010
22949	2.5994e-010
22950	2.5468e-010
22951	2.5023e-010
22952	2.4525e-010
22953	2.3953e-010
22954	2.3721e-010
22955	2.2884e-010
22956	2.2491e-010
22957	2.2033e-010
22958	2.1574e-010
22959	2.1113e-010
22960	2.0661e-010
22961	2.048e-010
22962	1.9886e-010
22963	1.9573e-010
22964	1.9155e-010
22965	1.8629e-010
22966	1.828e-010
22967	1.8134e-010
22968	1.8609e-010
22969	1.7461e-010
22970	1.6814e-010
22971	1.6757e-010
22972	1.8478e-010
22973	1.6201e-010
22974	1.5481e-010
22975	1.6292e-010
22976	1.5387e-010
22977	1.4451e-010
22978	1.6218e-010
22979	1.4538e-010
22980	1.4349e-010
22981	1.7627e-010
22982	1.3382e-010
22983	1.5477e-010
22984	1.2928e-010
22985	1.3067e-010
22986	1.2848e-010
22987	1.1454e-010
22988	1.3006e-010
22989	1.0774e-010
22990	1.258e-010
22991	1.0245e-010
22992	1.146e-010
22993	1.0172e-010
22994	1.0116e-010
22995	1.076e-010
22996	9.3485e-011
22997	1.4e-010
22998	8.7773e-011
22999	1.1341e-010
23000	8.5703e-011
23001	1.0365e-010
23002	1.8487e-010
23003	1.1979e-010
23004	1.9035e-010
23005	2.8847e-010
23006	4.2294e-010
23007	4.9223e-010
23008	4.6922e-010
23009	6.8763e-010
23010	1.8153e-009
23011	2.7315e-010
23012	1.8413e-010
23013	5.1259e-011
23014	7.2229e-011
23015	7.7454e-011
23016	8.4838e-011
23017	8.7121e-011
23018	8.5282e-011
23019	8.9981e-011
23020	8.5794e-011
23021	8.6362e-011
23022	8.8592e-011
23023	8.5753e-011
23024	9.1087e-011
23025	8.8947e-011
23026	9.2748e-011
23027	9.3959e-011
23028	9.5942e-011
23029	9.9086e-011
23030	1.0005e-010
23031	1.0404e-010
23032	1.0478e-010
23033	1.0879e-010
23034	1.0991e-010
23035	1.1339e-010
23036	1.1564e-010
23037	1.1798e-010
23038	1.2172e-010
23039	1.2269e-010
23040	1.2766e-010
23041	1.2867e-010
23042	1.3208e-010
23043	1.359e-010
23044	1.3764e-010
23045	1.4154e-010
23046	1.4506e-010
23047	1.4735e-010
23048	1.5083e-010
23049	1.5555e-010
23050	1.5766e-010
23051	1.6136e-010
23052	1.6509e-010
23053	1.6979e-010
23054	1.7265e-010
23055	1.7648e-010
23056	1.8043e-010
23057	1.847e-010
23058	1.8901e-010
23059	1.9306e-010
23060	1.9776e-010
23061	2.0177e-010
23062	2.0638e-010
23063	2.1118e-010
23064	2.1588e-010
23065	2.2082e-010
23066	2.2543e-010
23067	2.3175e-010
23068	2.3613e-010
23069	2.4176e-010
23070	2.4705e-010
23071	2.5226e-010
23072	2.5781e-010
23073	2.6524e-010
23074	2.7307e-010
23075	2.751e-010
23076	2.7516e-010
23077	2.7425e-010
23078	2.6744e-010
23079	2.5953e-010
23080	2.543e-010
23081	2.499e-010
23082	2.4504e-010
23083	2.3933e-010
23084	2.37e-010
23085	2.2874e-010
23086	2.2488e-010
23087	2.2028e-010
23088	2.1582e-010
23089	2.1112e-010
23090	2.0655e-010
23091	2.0478e-010
23092	1.99e-010
23093	1.9589e-010
23094	1.9177e-010
23095	1.8656e-010
23096	1.8305e-010
23097	1.8165e-010
23098	1.8609e-010
23099	1.7485e-010
23100	1.6856e-010
23101	1.6686e-010
23102	1.883e-010
23103	1.612e-010
23104	1.549e-010
23105	1.6276e-010
23106	1.536e-010
23107	1.4407e-010
23108	1.6186e-010
23109	1.4496e-010
23110	1.4303e-010
23111	1.7599e-010
23112	1.334e-010
23113	1.5447e-010
23114	1.2897e-010
23115	1.3038e-010
23116	1.2819e-010
23117	1.1424e-010
23118	1.2968e-010
23119	1.0735e-010
23120	1.2541e-010
23121	1.0208e-010
23122	1.1426e-010
23123	1.0144e-010
23124	1.0093e-010
23125	1.074e-010
23126	9.3314e-011
23127	1.399e-010
23128	8.7621e-011
23129	1.1333e-010
23130	8.5603e-011
23131	1.0351e-010
23132	1.8484e-010
23133	1.1969e-010
23134	1.903e-010
23135	2.8841e-010
23136	4.2266e-010
23137	4.9219e-010
23138	4.6909e-010
23139	6.8722e-010
23140	1.8149e-009
23141	2.873e-010
23142	2.1647e-010
23143	7.5075e-011
23144	8.2729e-011
23145	8.5438e-011
23146	9.4749e-011
23147	9.6654e-011
23148	9.2441e-011
23149	1.0328e-010
23150	9.4107e-011
23151	9.6359e-011
23152	1.0208e-010
23153	9.4134e-011
23154	1.0687e-010
23155	9.8942e-011
23156	1.068e-010
23157	1.0699e-010
23158	1.09e-010
23159	1.142e-010
23160	1.1283e-010
23161	1.2051e-010
23162	1.1792e-010
23163	1.258e-010
23164	1.2418e-010
23165	1.303e-010
23166	1.3178e-010
23167	1.3361e-010
23168	1.4091e-010
23169	1.3746e-010
23170	1.4858e-010
23171	1.4507e-010
23172	1.5039e-010
23173	1.57e-010
23174	1.5526e-010
23175	1.6185e-010
23176	1.6689e-010
23177	1.6683e-010
23178	1.7122e-010
23179	1.8012e-010
23180	1.7888e-010
23181	1.8344e-010
23182	1.8777e-010
23183	1.9553e-010
23184	1.9685e-010
23185	2.0111e-010
23186	2.0542e-010
23187	2.1082e-010
23188	2.1577e-010
23189	2.2027e-010
23190	2.2654e-010
23191	2.3026e-010
23192	2.3561e-010
23193	2.4101e-010
23194	2.4634e-010
23195	2.5186e-010
23196	2.5635e-010
23197	2.661e-010
23198	2.6934e-010
23199	2.7651e-010
23200	2.8247e-010
23201	2.8565e-010
23202	2.9158e-010
23203	3.0506e-010
23204	3.1869e-010
23205	3.0783e-010
23206	3.0698e-010
23207	3.2058e-010
23208	3.0936e-010
23209	2.928e-010
23210	2.8619e-010
23211	2.8551e-010
23212	2.8036e-010
23213	2.7218e-010
23214	2.7539e-010
23215	2.5863e-010
23216	2.5654e-010
23217	2.5112e-010
23218	2.4598e-010
23219	2.4041e-010
23220	2.3458e-010
23221	2.3792e-010
23222	2.2648e-010
23223	2.2479e-010
23224	2.1926e-010
23225	2.0834e-010
23226	2.0544e-010
23227	2.0209e-010
23228	2.3031e-010
23229	1.9389e-010
23230	1.8537e-010
23231	1.7509e-010
23232	2.4518e-010
23233	1.7272e-010
23234	1.5875e-010
23235	2.0189e-010
23236	1.8053e-010
23237	1.3773e-010
23238	2.0947e-010
23239	1.5936e-010
23240	1.3469e-010
23241	2.3901e-010
23242	1.1368e-010
23243	1.9841e-010
23244	1.3363e-010
23245	1.4401e-010
23246	1.5802e-010
23247	1.1248e-010
23248	1.6696e-010
23249	9.9503e-011
23250	1.6256e-010
23251	9.8348e-011
23252	1.418e-010
23253	1.0925e-010
23254	1.1158e-010
23255	1.3308e-010
23256	7.9465e-011
23257	1.905e-010
23258	6.5598e-011
23259	1.4931e-010
23260	9.0147e-011
23261	8.7434e-011
23262	2.4342e-010
23263	1.0477e-010
23264	1.9018e-010
23265	3.1691e-010
23266	5.0265e-010
23267	4.3903e-010
23268	5.6618e-010
23269	9.1403e-010
23270	1.7929e-009
23271	2.7332e-010
23272	1.8425e-010
23273	5.1297e-011
23274	7.2282e-011
23275	7.752e-011
23276	8.4922e-011
23277	8.7197e-011
23278	8.5329e-011
23279	9.0001e-011
23280	8.5773e-011
23281	8.6301e-011
23282	8.8533e-011
23283	8.5752e-011
23284	9.1142e-011
23285	8.9021e-011
23286	9.2817e-011
23287	9.3998e-011
23288	9.5926e-011
23289	9.9071e-011
23290	1.001e-010
23291	1.0411e-010
23292	1.048e-010
23293	1.0876e-010
23294	1.0986e-010
23295	1.1333e-010
23296	1.1557e-010
23297	1.1794e-010
23298	1.2172e-010
23299	1.227e-010
23300	1.2766e-010
23301	1.2865e-010
23302	1.3211e-010
23303	1.3598e-010
23304	1.3768e-010
23305	1.4153e-010
23306	1.4508e-010
23307	1.4734e-010
23308	1.5083e-010
23309	1.556e-010
23310	1.577e-010
23311	1.6129e-010
23312	1.6494e-010
23313	1.6966e-010
23314	1.7264e-010
23315	1.7652e-010
23316	1.8053e-010
23317	1.8471e-010
23318	1.889e-010
23319	1.9317e-010
23320	1.9786e-010
23321	2.0189e-010
23322	2.0654e-010
23323	2.1122e-010
23324	2.1591e-010
23325	2.2076e-010
23326	2.2534e-010
23327	2.3164e-010
23328	2.3614e-010
23329	2.4171e-010
23330	2.47e-010
23331	2.5205e-010
23332	2.5768e-010
23333	2.6517e-010
23334	2.7295e-010
23335	2.7513e-010
23336	2.75e-010
23337	2.7423e-010
23338	2.6728e-010
23339	2.5941e-010
23340	2.5415e-010
23341	2.4985e-010
23342	2.4502e-010
23343	2.3928e-010
23344	2.3701e-010
23345	2.2856e-010
23346	2.2489e-010
23347	2.2018e-010
23348	2.157e-010
23349	2.1112e-010
23350	2.0655e-010
23351	2.0483e-010
23352	1.9894e-010
23353	1.9589e-010
23354	1.9178e-010
23355	1.8659e-010
23356	1.8306e-010
23357	1.8158e-010
23358	1.8611e-010
23359	1.7493e-010
23360	1.688e-010
23361	1.6702e-010
23362	1.8985e-010
23363	1.6141e-010
23364	1.5521e-010
23365	1.6288e-010
23366	1.5369e-010
23367	1.4423e-010
23368	1.6185e-010
23369	1.4496e-010
23370	1.4303e-010
23371	1.7589e-010
23372	1.333e-010
23373	1.5434e-010
23374	1.2882e-010
23375	1.3021e-010
23376	1.2798e-010
23377	1.1399e-010
23378	1.2952e-010
23379	1.0714e-010
23380	1.2529e-010
23381	1.0192e-010
23382	1.1417e-010
23383	1.0135e-010
23384	1.0085e-010
23385	1.0734e-010
23386	9.3251e-011
23387	1.3975e-010
23388	8.7648e-011
23389	1.1329e-010
23390	8.5628e-011
23391	1.0366e-010
23392	1.8504e-010
23393	1.1966e-010
23394	1.9007e-010
23395	2.8814e-010
23396	4.2277e-010
23397	4.9217e-010
23398	4.693e-010
23399	6.8701e-010
23400	1.8139e-009
