node_id,T_K
3,504.047485
5,504.047516
10,505.803711
12,505.80368
10672,496.247467
10674,496.247559
10676,498.323669
10678,498.323578
10734,502.218292
10736,502.217896
10738,504.047302
10740,504.046906
11568,494.078186
11570,494.078278
11577,496.247467
11579,498.323578
11603,496.247192
11605,498.323334
11659,502.217682
11661,504.04657
12471,491.809692
12473,491.809753
12492,494.078186
12520,494.077942
12547,496.246918
12549,498.322968
13400,489.435455
13402,489.435547
13415,491.809692
13439,491.809479
13456,494.077942
13458,496.247192
13485,494.07782
14347,486.948639
14349,486.9487
14362,489.435455
14386,489.435303
14398,491.809479
14421,491.80957
14436,494.07782
14438,496.246918
14463,494.078369
14465,496.247223
14565,504.0466
14567,504.04657
14569,505.802612
14571,505.802704
15314,484.342041
15316,484.342072
15329,486.948639
15353,486.948547
15365,489.435303
15388,489.435638
15399,491.80957
15421,491.810364
15434,494.078369
15436,496.247223
15459,494.079163
15461,496.247925
15538,502.217865
15540,502.217682
15559,504.046906
15561,505.803131
16286,481.608124
16288,481.608154
16301,484.342041
16325,484.342072
16337,486.948547
16360,486.949188
16371,489.435638
16393,489.436707
16403,491.810364
16424,491.811249
16435,494.079163
16437,496.247925
16458,494.079498
16460,496.24823
16510,498.32309
16512,498.323608
16514,500.311493
16516,500.311829
16522,500.311829
16524,500.311493
16542,502.217896
16558,504.047302
16560,505.803528
16563,507.490387
16565,507.490906
17265,478.739044
17267,478.739014
17280,481.608124
17304,481.608398
17316,484.342072
17339,484.343018
17350,486.949188
17372,486.950531
17382,489.436707
17403,489.437683
17412,491.811249
17432,491.811584
17441,494.079498
17443,496.24823
17462,494.079163
17464,496.247925
17490,496.247223
17496,498.323608
17498,498.32309
17515,498.322968
17517,500.311554
17522,500.311554
17539,502.218292
17551,502.218506
17553,502.218292
17555,504.047485
17557,504.047302
17559,507.491302
18233,475.726654
18235,475.726562
18248,478.739044
18272,478.739563
18284,481.608398
18307,481.609619
18318,484.343018
18340,484.344604
18350,486.950531
18371,486.951599
18380,489.437683
18400,489.438049
18408,491.811584
18427,491.811249
18434,494.079163
18436,496.247925
18454,494.078369
18460,496.247223
18480,496.246918
18485,498.322968
18500,498.323334
18502,500.311951
18506,500.311951
18518,500.312195
18522,502.218506
18524,504.047485
18534,502.218567
18536,504.047516
18540,504.047485
18542,505.80368
18544,505.803711
19185,472.563354
19187,472.563171
19200,475.726654
19224,475.727417
19236,478.739563
19259,478.741058
19270,481.609619
19292,481.611328
19302,484.344604
19323,484.345734
19332,486.951599
19352,486.951965
19360,489.438049
19379,489.437683
19386,491.811249
19404,491.810364
19410,494.078369
19427,494.07782
19432,496.246918
19451,496.247192
19455,498.323334
19469,498.323578
19472,500.312195
19483,500.312256
19485,502.218567
19487,504.047516
19496,502.218506
19498,504.047302
19500,505.803528
19786,504.047485
19788,504.047302
19790,505.80368
19792,505.803528
20117,469.242767
20119,469.242401
20132,472.563354
20156,472.564362
20168,475.727417
20191,475.729126
20202,478.741058
20224,478.742767
20234,481.611328
20255,481.612457
20264,484.345734
20284,484.34613
20292,486.951965
20311,486.951599
20318,489.437683
20336,489.436707
20342,491.810364
20359,491.80957
20364,494.07782
20380,494.077942
20384,496.247192
20402,496.247467
20405,498.323578
20418,498.323669
20420,500.312256
20430,500.312195
20438,502.218292
20692,500.312195
20694,502.218506
20723,504.046906
20725,505.803131
21022,465.758759
21024,465.75824
21037,469.242767
21061,469.243958
21073,472.564362
21096,472.566162
21107,475.729126
21129,475.730835
21139,478.742767
21160,478.743835
21169,481.612457
21189,481.612823
21197,484.34613
21216,484.345734
21223,486.951599
21241,486.950531
21247,489.436707
21264,489.435638
21269,491.80957
21285,491.809479
21289,494.077942
21304,494.078186
21307,496.247467
21324,496.247559
21326,498.323669
21338,498.323578
21347,500.311951
21353,502.217896
21355,504.046906
21595,498.323578
21607,500.311951
21609,502.218292
21621,502.217896
21637,504.04657
21639,505.802704
21907,462.105286
21909,462.104736
21922,465.758759
21946,465.760101
21958,469.243958
21981,469.245728
21992,472.566162
22014,472.56778
22024,475.730835
22045,475.731812
22054,478.743835
22074,478.744171
22082,481.612823
22101,481.612457
22108,484.345734
22126,484.344604
22132,486.950531
22149,486.949188
22154,489.435638
22170,489.435303
22174,491.809479
22189,491.809692
22192,494.078186
22206,494.078278
22208,496.247559
22224,496.247467
22235,498.323334
22243,500.311554
22247,502.217682
22249,504.04657
22477,496.247467
22488,498.323334
22499,500.311554
22510,502.217682
22524,504.0466
22526,505.802612
22764,458.276215
22766,458.275879
22779,462.105286
22803,462.106537
22815,465.760101
22838,465.76178
22849,469.245728
22871,469.247253
22881,472.56778
22902,472.568695
22911,475.731812
22931,475.732117
22939,478.744171
22958,478.743835
22965,481.612457
22983,481.611328
22989,484.344604
23006,484.343018
23011,486.949188
23027,486.948547
23031,489.435303
23046,489.435455
23049,491.809692
23063,491.809753
23065,494.078278
23078,494.078186
23093,496.247192
23103,498.322968
23110,500.311493
23112,502.217865
23114,504.0466
23330,494.078186
23341,496.247192
23351,498.322968
23361,500.311493
23371,502.217865
23383,504.046753
23385,505.802734
23592,454.264587
23594,454.264557
23607,458.276215
23631,458.27713
23643,462.106537
23666,462.107971
23677,465.76178
23699,465.763153
23709,469.247253
23730,469.248077
23739,472.568695
23759,472.56897
23767,475.732117
23786,475.731812
23793,478.743835
23811,478.742767
23817,481.611328
23834,481.609619
23839,484.343018
23855,484.342072
23859,486.948547
23874,486.948639
23877,489.435455
23891,489.435547
23893,491.809753
23906,491.809692
23918,494.077942
23932,496.246918
23941,498.32309
23947,500.311829
24151,491.809692
24162,494.077942
24172,496.246918
24181,498.32309
24190,500.311829
24199,502.218048
24209,504.0466
24211,505.802612
24386,450.05188
24388,450.052277
24401,454.264587
24425,454.264954
24437,458.27713
24460,458.278229
24471,462.107971
24493,462.109161
24503,465.763153
24524,465.763947
24533,469.248077
24553,469.248352
24561,472.56897
24580,472.568695
24587,475.731812
24605,475.730835
24611,478.742767
24628,478.741058
24633,481.609619
24649,481.608398
24653,484.342072
24668,484.342041
24671,486.948639
24685,486.9487
24687,489.435547
24700,489.435455
24712,491.809479
24723,494.07782
24736,496.247223
24744,498.323608
24748,500.312042
24750,502.218048
24942,489.435455
24953,491.809479
24963,494.07782
24972,496.247223
24980,498.323608
24988,500.312042
24996,502.217865
25004,504.04657
25006,505.802704
25148,445.543854
25150,445.544312
25163,450.05188
25187,450.051208
25199,454.264954
25222,454.265717
25233,458.278229
25255,458.279236
25265,462.109161
25286,462.109894
25295,465.763947
25315,465.764221
25323,469.248352
25342,469.248077
25349,472.568695
25367,472.56778
25373,475.730835
25390,475.729126
25395,478.741058
25411,478.739563
25415,481.608398
25430,481.608124
25433,484.342041
25447,484.342072
25449,486.9487
25462,486.948639
25474,489.435303
25485,491.80957
25495,494.078369
25507,496.247925
25514,498.323853
25516,500.311829
25518,502.217865
25698,486.948639
25709,489.435303
25719,491.80957
25728,494.078369
25736,496.247925
25743,498.323853
25750,500.311829
25757,502.217682
25763,504.046906
25765,505.803131
25873,440.303925
25875,440.30365
25888,445.543854
25912,445.542908
25924,450.051208
25947,450.051147
25958,454.265717
25980,454.266663
25990,458.279236
26011,458.28006
26020,462.109894
26040,462.110199
26048,465.764221
26067,465.763947
26074,469.248077
26092,469.247253
26098,472.56778
26115,472.566162
26120,475.729126
26136,475.727417
26140,478.739563
26155,478.739044
26158,481.608124
26172,481.608154
26174,484.342072
26187,484.342041
26199,486.948547
26210,489.435638
26220,491.810364
26229,494.079163
26240,496.24823
26246,498.323608
26414,484.342041
26425,486.948547
26435,489.435638
26444,491.810364
26452,494.079163
26459,496.24823
26465,498.323608
26471,500.311493
26477,502.217896
26481,504.047302
26483,505.803528
26556,432.772858
26558,432.772522
26571,440.303925
26595,440.304443
26607,445.542908
26630,445.542725
26641,450.051147
26663,450.052002
26673,454.266663
26694,454.267517
26703,458.28006
26723,458.280365
26731,462.110199
26750,462.109894
26757,465.763947
26775,465.763153
26781,469.247253
26798,469.245728
26803,472.566162
26819,472.564362
26823,475.727417
26838,475.726654
26841,478.739044
26855,478.739014
26857,481.608154
26870,481.608124
26882,484.342072
26893,486.949188
26903,489.436707
26912,491.811249
26920,494.079498
26930,496.247925
26934,498.32309
26936,500.311493
27092,481.608124
27103,484.342072
27113,486.949188
27122,489.436707
27130,491.811249
27137,494.079498
27143,496.247925
27148,498.32309
27153,500.311554
27158,502.218292
27160,504.047485
27162,505.80368
27198,428.783417
27199,428.783386
27212,432.772858
27236,432.773621
27248,440.304443
27271,440.305176
27282,445.542725
27304,445.543884
27314,450.052002
27335,450.053223
27344,454.267517
27364,454.267883
27372,458.280365
27391,458.28006
27398,462.109894
27416,462.109161
27422,465.763153
27439,465.76178
27444,469.245728
27460,469.243958
27464,472.564362
27479,472.563354
27482,475.726654
27496,475.726562
27498,478.739014
27511,478.739044
27523,481.608398
27534,484.343018
27544,486.950531
27553,489.437683
27561,491.811584
27568,494.079163
27577,496.247223
27579,498.322968
27581,500.311554
27725,478.739044
27736,481.608398
27746,484.343018
27755,486.950531
27763,489.437683
27770,491.811584
27776,494.079163
27781,496.247223
27785,498.322968
27789,500.311951
27793,502.218506
27805,428.783386
27828,428.783417
27840,432.773621
27863,432.774445
27874,440.305176
27896,440.305756
27906,445.543884
27927,445.54541
27936,450.053223
27956,450.053802
27964,454.267883
27983,454.267517
27990,458.28006
28008,458.279236
28014,462.109161
28031,462.107971
28036,465.76178
28052,465.760101
28056,469.243958
28071,469.242767
28074,472.563354
28088,472.563171
28090,475.726562
28103,475.726654
28115,478.739563
28126,481.609619
28136,484.344604
28145,486.951599
28153,489.438049
28160,491.811249
28166,494.078369
28174,496.246918
28307,475.726654
28318,478.739563
28328,481.609619
28337,484.344604
28345,486.951599
28352,489.438049
28358,491.811249
28363,494.078369
28367,496.246918
28370,498.323334
28373,500.312195
28375,502.218567
28377,504.047516
28388,428.783417
28410,428.783936
28421,432.774445
28443,432.77475
28453,440.305756
28474,440.305939
28483,445.54541
28503,445.546143
28511,450.053802
28530,450.053223
28537,454.267517
28555,454.266663
28561,458.279236
28578,458.278229
28583,462.107971
28599,462.106537
28603,465.760101
28618,465.758759
28621,469.242767
28635,469.242401
28637,472.563171
28650,472.563354
28662,475.727417
28673,478.741058
28683,481.611328
28692,484.345734
28700,486.951965
28707,489.437683
28713,491.810364
28718,494.07782
28724,496.247192
28726,498.323334
28848,472.563354
28859,475.727417
28869,478.741058
28878,481.611328
28886,484.345734
28893,486.951965
28899,489.437683
28904,491.810364
28908,494.07782
28911,496.247192
28913,498.323578
28915,500.312256
28925,428.783936
28946,428.784729
28956,432.77475
28977,432.774567
28986,440.305939
29006,440.30603
29014,445.546143
29033,445.54541
29040,450.053223
29058,450.052002
29064,454.266663
29081,454.265717
29086,458.278229
29102,458.27713
29106,462.106537
29121,462.105286
29124,465.758759
29138,465.75824
29140,469.242401
29153,469.242767
29165,472.564362
29176,475.729126
29186,478.742767
29195,481.612457
29203,484.34613
29210,486.951599
29216,489.436707
29221,491.80957
29225,494.077942
29229,496.247467
29231,498.323578
29342,469.242767
29353,472.564362
29363,475.729126
29372,478.742767
29380,481.612457
29387,484.34613
29393,486.951599
29398,489.436707
29402,491.80957
29405,494.077942
29407,496.247467
29416,428.784729
29436,428.7854
29445,432.774567
29465,432.774445
29473,440.30603
29492,440.305939
29499,445.54541
29517,445.543884
29523,450.052002
29540,450.051147
29545,454.265717
29561,454.264954
29565,458.27713
29580,458.276215
29583,462.105286
29597,462.104736
29599,465.75824
29612,465.758759
29624,469.243958
29635,472.566162
29645,475.730835
29654,478.743835
29662,481.612823
29669,484.345734
29675,486.950531
29680,489.435638
29684,491.809479
29687,494.078186
29689,496.247559
29691,498.323669
29791,465.758759
29802,469.243958
29812,472.566162
29821,475.730835
29829,478.743835
29836,481.612823
29842,484.345734
29847,486.950531
29851,489.435638
29854,491.809479
29856,494.078186
29864,428.7854
29883,428.785645
29891,432.774445
29910,432.774567
29917,440.305939
29935,440.305756
29941,445.543884
29958,445.542725
29963,450.051147
29979,450.051208
29983,454.264954
29998,454.264587
30001,458.276215
30015,458.275879
30017,462.104736
30030,462.105286
30042,465.760101
30053,469.245728
30063,472.56778
30072,475.731812
30080,478.744171
30087,481.612457
30093,484.344604
30098,486.949188
30102,489.435303
30105,491.809692
30107,494.078278
30196,462.105286
30207,465.760101
30217,469.245728
30226,472.56778
30234,475.731812
30241,478.744171
30247,481.612457
30252,484.344604
30256,486.949188
30259,489.435303
30261,491.809692
30268,428.785645
30286,428.7854
30293,432.774567
30311,432.77475
30317,440.305756
30334,440.305176
30339,445.542725
30355,445.542908
30359,450.051208
30374,450.05188
30377,454.264587
30391,454.264557
30393,458.275879
30406,458.276215
30418,462.106537
30429,465.76178
30439,469.247253
30448,472.568695
30456,475.732117
30463,478.743835
30469,481.611328
30474,484.343018
30478,486.948547
30481,489.435455
30483,491.809753
30561,458.276215
30572,462.106537
30582,465.76178
30591,469.247253
30599,472.568695
30606,475.732117
30612,478.743835
30617,481.611328
30621,484.343018
30624,486.948547
30626,489.435455
30632,428.7854
30649,428.784729
30655,432.77475
30672,432.774445
30677,440.305176
30693,440.304443
30697,445.542908
30712,445.543854
30715,450.05188
30729,450.052277
30731,454.264557
30744,454.264587
30756,458.27713
30767,462.107971
30777,465.763153
30786,469.248077
30794,472.56897
30801,475.731812
30807,478.742767
30812,481.609619
30816,484.342072
30819,486.948639
30821,489.435547
30888,454.264587
30899,458.27713
30909,462.107971
30918,465.763153
30926,469.248077
30933,472.56897
30939,475.731812
30944,478.742767
30948,481.609619
30951,484.342072
30953,486.948639
30958,428.784729
30974,428.783936
30979,432.774445
30995,432.773621
30999,440.304443
31014,440.303925
31017,445.543854
31031,445.544312
31033,450.052277
31046,450.05188
31058,454.264954
31069,458.278229
31079,462.109161
31088,465.763947
31096,469.248352
31103,472.568695
31109,475.730835
31114,478.741058
31118,481.608398
31121,484.342041
31123,486.9487
31179,450.05188
31190,454.264954
31200,458.278229
31209,462.109161
31217,465.763947
31224,469.248352
31230,472.568695
31235,475.730835
31239,478.741058
31242,481.608398
31244,484.342041
31248,428.783936
31263,428.783417
31267,432.773621
31282,432.772858
31285,440.303925
31299,440.30365
31301,445.544312
31314,445.543854
31326,450.051208
31337,454.265717
31347,458.279236
31356,462.109894
31364,465.764221
31371,469.248077
31377,472.56778
31382,475.729126
31386,478.739563
31389,481.608124
31391,484.342072
31436,445.543854
31447,450.051208
31457,454.265717
31466,458.279236
31474,462.109894
31481,465.764221
31487,469.248077
31492,472.56778
31496,475.729126
31499,478.739563
31501,481.608124
31504,428.783417
31518,428.783386
31521,432.772858
31535,432.772522
31537,440.30365
31550,440.303925
31562,445.542908
31573,450.051147
31583,454.266663
31592,458.28006
31600,462.110199
31607,465.763947
31613,469.247253
31618,472.566162
31622,475.727417
31625,478.739044
31627,481.608154
31661,440.303925
31672,445.542908
31682,450.051147
31691,454.266663
31699,458.28006
31706,462.110199
31712,465.763947
31717,469.247253
31721,472.566162
31724,475.727417
31726,478.739044
31728,428.783386
31741,428.783417
31743,432.772522
31756,432.772858
31768,440.304443
31779,445.542725
31789,450.052002
31798,454.267517
31806,458.280365
31813,462.109894
31819,465.763153
31824,469.245728
31828,472.564362
31831,475.726654
31833,478.739014
31856,432.772858
31867,440.304443
31877,445.542725
31886,450.052002
31894,454.267517
31901,458.280365
31907,462.109894
31912,465.763153
31916,469.245728
31919,472.564362
31921,475.726654
31922,428.783417
31934,428.783386
31946,432.773621
31957,440.305176
31967,445.543884
31976,450.053223
31984,454.267883
31991,458.28006
31997,462.109161
32002,465.76178
32006,469.243958
32009,472.563354
32011,475.726562
32022,428.783386
32033,432.773621
32043,440.305176
32052,445.543884
32060,450.053223
32067,454.267883
32073,458.28006
32078,462.109161
32082,465.76178
32085,469.243958
32087,472.563354
32098,428.783417
32109,432.774445
32119,440.305756
32128,445.54541
32136,450.053802
32143,454.267517
32149,458.279236
32154,462.107971
32158,465.760101
32161,469.242767
32163,472.563171
32173,428.783417
32183,432.774445
32192,440.305756
32200,445.54541
32207,450.053802
32213,454.267517
32218,458.279236
32222,462.107971
32225,465.760101
32227,469.242767
32237,428.783936
32247,432.77475
32256,440.305939
32264,445.546143
32271,450.053223
32277,454.266663
32282,458.278229
32286,462.106537
32289,465.758759
32291,469.242401
32300,428.783936
32309,432.77475
32317,440.305939
32324,445.546143
32330,450.053223
32335,454.266663
32339,458.278229
32342,462.106537
32344,465.758759
32353,428.784729
32362,432.774567
32370,440.30603
32377,445.54541
32383,450.052002
32388,454.265717
32392,458.27713
32395,462.105286
32397,465.75824
32405,428.784729
32413,432.774567
32420,440.30603
32426,445.54541
32431,450.052002
32435,454.265717
32438,458.27713
32440,462.105286
32448,428.7854
32456,432.774445
32463,440.305939
32469,445.543884
32474,450.051147
32478,454.264954
32481,458.276215
32483,462.104736
32490,428.7854
32497,432.774445
32503,440.305939
32508,445.543884
32512,450.051147
32515,454.264954
32517,458.276215
32524,428.785645
32531,432.774567
32537,440.305756
32542,445.542725
32546,450.051208
32549,454.264587
32551,458.275879
32557,428.785645
32563,432.774567
32568,440.305756
32572,445.542725
32575,450.051208
32577,454.264587
32583,428.7854
32589,432.77475
32594,440.305176
32598,445.542908
32601,450.05188
32603,454.264557
32608,428.7854
32613,432.77475
32617,440.305176
32620,445.542908
32622,450.05188
32627,428.784729
32632,432.774445
32636,440.304443
32639,445.543854
32641,450.052277
32645,428.784729
32649,432.774445
32652,440.304443
32654,445.543854
32658,428.783936
32662,432.773621
32665,440.303925
32667,445.544312
32670,428.783936
32673,432.773621
32675,440.303925
32678,428.783417
32681,432.772858
32683,440.30365
32685,428.783417
32687,432.772858
32689,428.783386
32691,432.772522
32692,428.783386
32693,428.783417
32833,509.114136
32835,509.114502
32837,510.676544
32839,510.67688
32841,509.114594
32843,510.67691
32844,504.636139
32845,504.636169
32846,506.391968
32847,506.391937
32848,505.212067
32849,505.212097
32850,506.967499
32851,506.967468
32852,505.823181
32853,505.823212
32854,507.578156
32855,507.578125
32856,506.469696
32857,506.469727
32858,508.224121
32859,508.224091
32860,507.151581
32861,507.151611
32862,508.905396
32863,508.905396
32864,504.642517
32865,505.325043
32866,505.325043
32867,504.642548
32868,506.469604
32869,507.15152
32870,508.223999
32871,508.905304
32872,502.738007
32873,503.421143
32874,503.421173
32875,502.738037
32876,505.325043
32877,504.642517
32878,506.469696
32879,507.151581
32880,504.642426
32881,505.324982
32882,506.042847
32883,506.042877
32884,507.868713
32885,507.868683
32886,506.469482
32887,507.151428
32888,508.223877
32889,508.905212
32890,500.751282
32891,501.435059
32892,501.435059
32893,500.751312
32894,503.421143
32895,502.738007
32896,502.737946
32897,503.421112
32898,504.139709
32899,504.139709
32900,505.324982
32901,504.642426
32902,506.469604
32903,507.15152
32904,506.042847
32905,507.868683
32906,504.642334
32907,505.32489
32908,506.042816
32909,507.868652
32910,498.677063
32911,499.361481
32912,499.361511
32913,498.677063
32914,501.435059
32915,500.751282
32916,500.751221
32917,501.434998
32918,502.154358
32919,502.154358
32920,503.421112
32921,502.737946
32922,504.139709
32923,502.737854
32924,503.421051
32925,504.139648
32926,504.893372
32927,504.893402
32928,506.795685
32929,506.795685
32930,505.32489
32931,504.642334
32932,506.469482
32933,507.151428
32934,506.042816
32935,507.868652
32936,504.642242
32937,505.324829
32938,506.46936
32939,507.151337
32940,506.042755
32941,507.868561
32942,506.795654
32943,508.620667
32944,508.620697
32945,496.509735
32946,497.194824
32947,497.194824
32948,496.509735
32949,498.028351
32950,498.028381
32951,500.103149
32952,500.103119
32953,499.361481
32954,498.677063
32955,498.677002
32956,499.361481
32957,500.081543
32958,500.081543
32959,501.434998
32960,500.751221
32961,502.154358
32962,500.75116
32963,501.434967
32964,502.154327
32965,502.908905
32966,502.908905
32967,503.421051
32968,502.737854
32969,504.139648
32970,504.893372
32971,506.795685
32972,502.737823
32973,503.421021
32974,504.139618
32975,504.893341
32976,505.681793
32977,505.681793
32978,507.583099
32979,507.583099
32980,503.995361
32981,503.995209
32982,505.822906
32983,505.823059
32984,506.042755
32985,507.868561
32986,506.795654
32987,508.620697
32988,508.620667
32989,504.642242
32990,505.324829
32991,506.46933
32992,507.151306
32993,506.042694
32994,507.8685
32995,506.795593
32996,508.620605
32997,507.583069
32998,509.407104
32999,509.407166
33000,494.243256
33001,494.929077
33002,494.929047
33003,494.243256
33004,495.860413
33005,495.860443
33006,497.194824
33007,496.509735
33008,496.509705
33009,497.194855
33010,497.91568
33011,497.91568
33012,497.415283
33013,497.415344
33014,499.490631
33015,499.49057
33016,498.028351
33017,500.103119
33018,498.028259
33019,500.103027
33020,499.361481
33021,498.677002
33022,500.081543
33023,498.677002
33024,499.361481
33025,500.081543
33026,500.837006
33027,500.837006
33028,501.434967
33029,500.75116
33030,502.154327
33031,502.908905
33032,500.75119
33033,501.434998
33034,502.154297
33035,502.908875
33036,503.698334
33037,503.698334
33038,504.139618
33039,504.893341
33040,505.681793
33041,507.583099
33042,502.737854
33043,503.421021
33044,504.139587
33045,504.893311
33046,505.681763
33047,506.504456
33048,506.504486
33049,508.404602
33050,508.404602
33051,503.383728
33052,503.383545
33053,505.2117
33054,505.211914
33055,504.642242
33056,503.995117
33057,505.822754
33058,506.46936
33059,506.042694
33060,505.324829
33061,507.151337
33062,507.8685
33063,506.795593
33064,508.620605
33065,507.583069
33066,509.407166
33067,509.407104
33068,504.642242
33069,505.324829
33070,506.46933
33071,507.151276
33072,506.042694
33073,507.868469
33074,506.795563
33075,508.620544
33076,507.583038
33077,509.407074
33078,508.404602
33079,510.227509
33080,510.227539
33081,491.871185
33082,492.55777
33083,492.557739
33084,491.871185
33085,493.593353
33086,493.593353
33087,494.929077
33088,494.243256
33089,494.243286
33090,494.929108
33091,495.650757
33092,495.650726
33093,495.246887
33094,495.246918
33095,495.860413
33096,495.860382
33097,497.194855
33098,496.509705
33099,497.91568
33100,496.509766
33101,497.194916
33102,497.91571
33103,498.672058
33104,498.672058
33105,496.837708
33106,496.837769
33107,498.913452
33108,498.913391
33109,497.415283
33110,499.49057
33111,497.415161
33112,499.490448
33113,498.028229
33114,500.102936
33115,499.361481
33116,498.677002
33117,500.081543
33118,500.837006
33119,498.677094
33120,499.361542
33121,500.081543
33122,500.837006
33123,501.627502
33124,501.627502
33125,502.154297
33126,502.908875
33127,503.698334
33128,500.751282
33129,501.435059
33130,502.154327
33131,502.908875
33132,503.698334
33133,504.522217
33134,504.522217
33135,504.139587
33136,503.421021
33137,504.893311
33138,505.681763
33139,506.504456
33140,508.404602
33141,502.737885
33142,503.421051
33143,504.139618
33144,504.893311
33145,505.681763
33146,506.504456
33147,507.360931
33148,507.360931
33149,509.259674
33150,509.259674
33151,502.807373
33152,502.807098
33153,504.635681
33154,504.635956
33155,503.383423
33156,505.211517
33157,506.042694
33158,505.324829
33159,507.151306
33160,507.868469
33161,506.795563
33162,508.620544
33163,507.583038
33164,509.407074
33165,508.404602
33166,510.227539
33167,510.227509
33168,504.642242
33169,505.324829
33170,506.46933
33171,507.151306
33172,506.042694
33173,507.868469
33174,508.223633
33175,508.223633
33176,508.904999
33177,508.905029
33178,506.795563
33179,508.620514
33180,507.583008
33181,509.407043
33182,509.621643
33183,509.621582
33184,510.372833
33185,510.372894
33186,508.404572
33187,510.227478
33188,509.259674
33189,511.081238
33190,511.081268
33191,489.386749
33192,490.074127
33193,490.074097
33194,489.386719
33195,491.220642
33196,491.220642
33197,492.55777
33198,491.871185
33199,491.871277
33200,492.557861
33201,493.280334
33202,493.280304
33203,492.979279
33204,492.979279
33205,493.593353
33206,493.593353
33207,494.929108
33208,494.243286
33209,495.650757
33210,494.243408
33211,494.92923
33212,495.650787
33213,496.408112
33214,496.408081
33215,494.668823
33216,494.668884
33217,495.246887
33218,495.246796
33219,495.860382
33220,498.028259
33221,495.860443
33222,497.194916
33223,496.509766
33224,497.91571
33225,498.672058
33226,496.509949
33227,497.195038
33228,497.915771
33229,498.672089
33230,499.463684
33231,499.463654
33232,496.837708
33233,498.913391
33234,496.837524
33235,498.913208
33236,497.4151
33237,499.490295
33238,499.361542
33239,498.677094
33240,500.75119
33241,501.434998
33242,500.081543
33243,500.837006
33244,501.627502
33245,498.677246
33246,499.361633
33247,500.081604
33248,500.837006
33249,501.627502
33250,502.452637
33251,502.452637
33252,502.154327
33253,502.908875
33254,503.698334
33255,504.522217
33256,500.751312
33257,501.435089
33258,502.154358
33259,502.908875
33260,503.698334
33261,504.522217
33262,505.380127
33263,505.380127
33264,504.139618
33265,503.421021
33266,504.893311
33267,505.681763
33268,506.504456
33269,507.360931
33270,509.259674
33271,502.737854
33272,503.421021
33273,504.139618
33274,504.893311
33275,505.681732
33276,506.504456
33277,507.360901
33278,508.250671
33279,508.250702
33280,510.147797
33281,510.147797
33282,510.227539
33283,511.081268
33284,502.806915
33285,504.635406
33286,506.042694
33287,505.324829
33288,507.151276
33289,507.868469
33290,506.795563
33291,508.620514
33292,507.583008
33293,509.407043
33294,508.404572
33295,510.227478
33296,509.259674
33297,511.081268
33298,511.081238
33299,504.642242
33300,505.324829
33301,506.46936
33302,507.151337
33303,506.042694
33304,507.868469
33305,508.223633
33306,508.905029
33307,506.795532
33308,508.620514
33309,509.62149
33310,509.621521
33311,509.909515
33312,509.909485
33313,510.590271
33314,510.590302
33315,507.583008
33316,509.407013
33317,508.404541
33318,510.227448
33319,511.158386
33320,511.158417
33321,510.147766
33322,511.967773
33323,511.967804
33324,486.782776
33325,487.471039
33326,487.470978
33327,486.782715
33328,488.735504
33329,488.735474
33330,490.074127
33331,489.386749
33332,489.386902
33333,490.07428
33334,490.797638
33335,490.797577
33336,490.605988
33337,490.606018
33338,491.220642
33339,491.220703
33340,492.557861
33341,491.871277
33342,493.280334
33343,491.87149
33344,492.558044
33345,493.280396
33346,494.038696
33347,494.038696
33348,492.400757
33349,492.400818
33350,492.979279
33351,492.979248
33352,493.593353
33353,493.593506
33354,494.92923
33355,494.243408
33356,495.650787
33357,496.408112
33358,494.243683
33359,494.929413
33360,495.650909
33361,496.408142
33362,497.200867
33363,497.200836
33364,494.668823
33365,494.668701
33366,495.246796
33367,497.415161
33368,495.246826
33369,495.860443
33370,498.028229
33371,495.860657
33372,498.028351
33373,497.195038
33374,496.509949
33375,497.915771
33376,498.672089
33377,499.463684
33378,496.510132
33379,497.19516
33380,497.915863
33381,498.67215
33382,499.463684
33383,500.290131
33384,500.290131
33385,496.837372
33386,498.912994
33387,500.081604
33388,500.837006
33389,501.627502
33390,502.452637
33391,498.677307
33392,499.361694
33393,500.081665
33394,500.837036
33395,501.627502
33396,502.452667
33397,503.312042
33398,503.312042
33399,502.908875
33400,503.698334
33401,504.522217
33402,505.380127
33403,500.751282
33404,501.435059
33405,502.154358
33406,502.908905
33407,503.698334
33408,504.522217
33409,505.380127
33410,506.271606
33411,506.271606
33412,504.893311
33413,505.681732
33414,506.504456
33415,507.360901
33416,508.250671
33417,510.147797
33418,502.737823
33419,503.421021
33420,504.139618
33421,504.893311
33422,505.681732
33423,506.504425
33424,507.360901
33425,509.259644
33426,508.250671
33427,509.125031
33428,509.125031
33429,511.020264
33430,511.020264
33431,511.967804
33432,506.042694
33433,505.324829
33434,507.151306
33435,507.868469
33436,506.795532
33437,508.620514
33438,507.583008
33439,509.407013
33440,508.404541
33441,510.227448
33442,509.259644
33443,511.081207
33444,510.147766
33445,511.967804
33446,511.967773
33447,504.642334
33448,505.32489
33449,506.469482
33450,507.151428
33451,506.042694
33452,507.8685
33453,508.223724
33454,508.90509
33455,506.795563
33456,508.620514
33457,509.621521
33458,509.909515
33459,510.590302
33460,507.582977
33461,509.407013
33462,510.372772
33463,510.372772
33464,511.306091
33465,511.306122
33466,508.404541
33467,510.227417
33468,511.158356
33469,511.977692
33470,511.977722
33471,511.020264
33472,512.838501
33473,512.838501
33474,484.051849
33475,484.741119
33476,484.741028
33477,484.051788
33478,486.130768
33479,486.130707
33480,487.471039
33481,486.782776
33482,486.78299
33483,487.471252
33484,488.195587
33485,488.195526
33486,488.120239
33487,488.120239
33488,488.735504
33489,488.735626
33490,490.07428
33491,489.386902
33492,490.797638
33493,489.387207
33494,490.074524
33495,490.79776
33496,491.557129
33497,491.557098
33498,490.027008
33499,490.027039
33500,490.605988
33501,490.606049
33502,491.220703
33503,491.220978
33504,492.558044
33505,491.87149
33506,493.280396
33507,494.038696
33508,491.871826
33509,492.558289
33510,493.280548
33511,494.038788
33512,494.832672
33513,494.832672
33514,492.400757
33515,492.400665
33516,492.979248
33517,492.979401
33518,493.593506
33519,493.593842
33520,494.929413
33521,494.243683
33522,495.650909
33523,496.408142
33524,497.200867
33525,494.243927
33526,494.929596
33527,495.651031
33528,496.408234
33529,497.200897
33530,498.028687
33531,498.028687
33532,494.668701
33533,496.837524
33534,494.668671
33535,495.246826
33536,497.4151
33537,495.247131
33538,497.415283
33539,495.860657
33540,498.028351
33541,495.860931
33542,498.028564
33543,497.19516
33544,496.510132
33545,498.677246
33546,499.361633
33547,497.915863
33548,498.67215
33549,499.463684
33550,500.290131
33551,496.510223
33552,497.195221
33553,497.915955
33554,498.672211
33555,499.463745
33556,500.290161
33557,501.151093
33558,501.151093
33559,500.837036
33560,501.627502
33561,502.452667
33562,503.312042
33563,498.677246
33564,499.361633
33565,500.081696
33566,500.837097
33567,501.627533
33568,502.452667
33569,503.312042
33570,504.205322
33571,504.205322
33572,503.698334
33573,504.522217
33574,505.380127
33575,506.271606
33576,500.75119
33577,501.434998
33578,502.154358
33579,502.908905
33580,503.698334
33581,504.522217
33582,505.380127
33583,506.271606
33584,507.147888
33585,507.147888
33586,504.893311
33587,504.139618
33588,505.681732
33589,506.504425
33590,507.360901
33591,508.250671
33592,509.125031
33593,511.020264
33594,502.737854
33595,503.421051
33596,504.139587
33597,504.893311
33598,505.681732
33599,506.504425
33600,507.360901
33601,509.259613
33602,508.250671
33603,510.147766
33604,509.125
33605,512.838501
33606,506.042694
33607,505.324829
33608,507.151337
33609,507.8685
33610,506.795563
33611,508.620514
33612,508.905029
33613,508.904999
33614,509.62149
33615,509.621521
33616,507.582977
33617,509.407013
33618,508.404541
33619,510.227417
33620,510.147766
33621,511.967773
33622,511.020264
33623,512.838501
33624,512.838501
33625,504.642426
33626,505.324982
33627,506.469604
33628,507.15152
33629,506.042755
33630,507.868561
33631,508.223877
33632,508.905212
33633,506.795563
33634,508.620544
33635,509.621582
33636,509.909607
33637,510.590393
33638,507.583008
33639,509.407013
33640,510.372772
33641,511.306122
33642,508.40451
33643,510.227417
33644,511.158325
33645,512.05658
33646,512.05658
33647,509.259613
33648,511.081177
33649,511.081207
33650,511.977661
33651,512.056641
33652,512.841248
33653,512.841309
33654,511.081207
33655,512.830139
33656,512.8302
33657,481.186249
33658,481.876617
33659,481.876495
33660,481.186127
33661,483.398987
33662,483.398895
33663,484.741119
33664,484.051849
33665,484.052155
33666,484.741364
33667,485.466766
33668,485.466705
33669,485.514832
33670,485.514801
33671,486.130768
33672,486.130981
33673,487.471252
33674,486.78299
33675,488.195587
33676,486.783417
33677,487.471588
33678,488.19574
33679,488.956268
33680,488.956207
33681,487.54071
33682,487.540741
33683,488.120239
33684,488.120361
33685,488.735626
33686,488.736023
33687,490.074524
33688,489.387207
33689,490.79776
33690,491.557129
33691,489.387665
33692,490.07486
33693,490.797943
33694,491.55722
33695,492.352386
33696,492.352356
33697,490.027008
33698,490.026978
33699,490.606049
33700,490.606323
33701,491.220978
33702,491.221436
33703,492.558289
33704,491.871826
33705,493.280548
33706,494.038788
33707,494.832672
33708,491.872131
33709,492.558533
33710,493.280762
33711,494.03891
33712,494.832733
33713,495.661957
33714,495.661957
33715,492.400665
33716,492.400818
33717,492.979401
33718,492.979828
33719,493.593842
33720,493.594177
33721,494.929596
33722,494.243927
33723,495.651031
33724,496.408234
33725,497.200897
33726,498.028687
33727,494.244019
33728,494.929688
33729,495.651154
33730,496.408325
33731,497.200958
33732,498.028748
33733,498.891296
33734,498.891296
33735,494.668671
33736,496.837372
33737,494.669067
33738,496.837585
33739,495.247131
33740,497.415283
33741,495.247528
33742,497.415588
33743,495.860931
33744,498.028564
33745,495.861053
33746,498.028687
33747,498.672211
33748,499.463745
33749,500.290161
33750,501.151093
33751,496.510132
33752,497.19516
33753,497.915985
33754,498.672272
33755,499.463776
33756,500.290192
33757,501.151123
33758,502.046265
33759,502.046234
33760,501.627533
33761,502.452667
33762,503.312042
33763,504.205322
33764,498.677094
33765,499.361542
33766,500.081665
33767,500.837097
33768,501.627563
33769,502.452698
33770,503.312073
33771,504.205322
33772,505.083649
33773,505.083649
33774,503.698334
33775,502.908905
33776,504.522217
33777,505.380127
33778,506.271606
33779,507.147888
33780,500.102997
33781,500.103119
33782,502.09024
33783,502.090149
33784,500.75116
33785,501.434967
33786,502.154327
33787,502.908905
33788,503.698334
33789,504.522217
33790,505.380127
33791,506.271606
33792,507.147888
33793,502.154358
33794,502.908905
33795,502.154358
33796,504.893311
33797,504.139618
33798,505.681732
33799,506.504425
33800,507.360901
33801,509.259613
33802,508.250671
33803,509.125
33804,502.737946
33805,503.421112
33806,504.139618
33807,504.893311
33808,505.681732
33809,506.504425
33810,507.360901
33811,508.250671
33812,510.147736
33813,509.125
33814,511.020233
33815,503.421021
33816,504.139587
33817,503.421021
33818,504.642242
33819,504.642242
33820,506.46936
33821,506.46933
33822,506.042755
33823,505.32489
33824,507.151428
33825,507.868561
33826,506.795563
33827,508.620544
33828,508.90509
33829,509.621582
33830,507.583008
33831,509.407013
33832,510.372772
33833,510.372772
33834,510.590302
33835,510.590271
33836,511.306091
33837,511.306122
33838,508.40451
33839,510.227417
33840,511.020233
33841,512.83844
33842,504.642517
33843,505.325043
33844,506.469696
33845,507.151581
33846,506.042816
33847,507.868652
33848,508.223999
33849,508.905304
33850,506.795593
33851,508.620605
33852,509.621643
33853,509.90979
33854,510.590515
33855,507.583008
33856,509.407043
33857,510.372833
33858,511.306183
33859,508.404541
33860,510.227417
33861,511.158356
33862,512.05658
33863,509.259613
33864,511.081177
33865,511.977661
33866,512.841248
33867,510.147736
33868,511.967712
33869,511.967743
33870,512.830139
33871,513.659485
33872,513.659546
33873,511.967773
33874,513.71521
33875,513.71521
33876,478.178009
33877,478.869659
33878,478.869568
33879,478.177856
33880,480.532349
33881,480.532227
33882,481.876617
33883,481.186249
33884,481.186584
33885,481.876892
33886,482.603516
33887,482.603455
33888,482.782288
33889,482.782196
33890,483.398987
33891,483.399292
33892,484.741364
33893,484.052155
33894,485.466766
33895,484.052673
33896,484.74176
33897,485.46698
33898,486.22876
33899,486.228699
33900,484.934692
33901,484.934692
33902,485.514832
33903,485.515045
33904,486.130981
33905,486.1315
33906,487.471588
33907,486.783417
33908,488.19574
33909,488.956268
33910,486.783936
33911,487.471985
33912,488.196014
33913,488.95639
33914,489.75293
33915,489.752899
33916,487.54071
33917,487.540741
33918,488.120361
33919,488.120819
33920,488.736023
33921,488.736603
33922,490.07486
33923,489.387665
33924,490.797943
33925,491.55722
33926,492.352386
33927,489.388031
33928,490.075134
33929,490.798218
33930,491.557373
33931,492.352478
33932,493.183228
33933,493.183197
33934,490.026978
33935,490.027313
33936,490.606323
33937,490.606934
33938,491.221436
33939,491.221832
33940,492.558533
33941,491.872131
33942,493.280762
33943,494.03891
33944,494.832733
33945,495.661957
33946,491.872253
33947,492.558594
33948,493.280914
33949,494.039062
33950,494.832855
33951,495.662018
33952,496.526306
33953,496.526276
33954,492.400818
33955,492.401398
33956,492.979828
33957,492.980316
33958,493.594177
33959,493.59433
33960,494.929688
33961,494.244019
33962,496.510223
33963,497.195221
33964,495.651154
33965,497.915955
33966,496.408325
33967,497.200958
33968,498.028748
33969,498.891296
33970,494.243927
33971,494.929596
33972,495.651215
33973,496.408447
33974,497.20105
33975,498.028778
33976,498.891327
33977,499.788422
33978,499.788422
33979,494.669067
33980,496.837585
33981,494.669617
33982,496.838043
33983,495.247528
33984,497.415588
33985,495.247681
33986,497.415741
33987,495.861053
33988,498.028687
33989,498.677307
33990,495.860931
33991,498.028564
33992,499.463776
33993,500.290192
33994,501.151123
33995,502.046265
33996,496.509949
33997,497.195038
33998,497.915955
33999,498.672302
34000,499.463837
34001,500.290222
34002,501.151154
34003,502.046265
34004,502.926697
34005,502.926697
34006,501.627563
34007,500.837097
34008,502.452698
34009,503.312073
34010,504.205322
34011,505.083649
34012,498.028351
34013,498.677002
34014,499.361481
34015,500.081604
34016,500.837097
34017,501.627594
34018,502.452698
34019,503.312073
34020,504.205322
34021,505.083649
34022,503.698334
34023,504.522217
34024,505.380127
34025,506.271606
34026,507.147888
34027,499.490356
34028,499.49057
34029,501.478119
34030,501.477997
34031,500.102936
34032,502.09021
34033,500.751221
34034,501.434998
34035,502.154297
34036,502.908875
34037,503.698334
34038,504.522217
34039,505.380127
34040,506.271606
34041,507.147888
34042,500.081665
34043,500.837097
34044,500.081696
34045,502.908905
34046,502.154358
34047,504.893311
34048,505.681732
34049,506.504425
34050,507.360901
34051,509.259613
34052,508.250671
34053,510.147736
34054,509.125
34055,502.738007
34056,503.421143
34057,504.139648
34058,504.893311
34059,505.681732
34060,506.504425
34061,507.360901
34062,508.250641
34063,509.125
34064,511.020233
34065,501.435059
34066,502.154327
34067,501.434998
34068,504.139618
34069,503.421051
34070,503.995117
34071,503.995117
34072,505.822754
34073,505.822723
34074,504.642334
34075,506.469482
34076,508.223724
34077,508.223633
34078,506.042816
34079,505.324982
34080,507.15152
34081,507.868652
34082,506.795593
34083,508.620605
34084,508.905212
34085,509.621643
34086,507.583008
34087,509.407043
34088,510.372833
34089,510.590393
34090,511.306183
34091,508.404541
34092,510.227417
34093,503.995483
34094,503.995361
34095,505.823059
34096,505.823181
34097,504.642548
34098,505.325043
34099,506.469727
34100,507.151611
34101,506.042847
34102,507.868683
34103,508.224091
34104,508.905396
34105,506.795654
34106,508.620667
34107,509.621735
34108,509.909912
34109,510.590637
34110,507.583038
34111,509.407074
34112,510.372894
34113,511.306274
34114,508.404541
34115,510.227448
34116,511.158386
34117,512.056641
34118,509.259613
34119,511.081177
34120,511.977661
34121,512.841248
34122,510.147736
34123,511.967712
34124,512.830139
34125,513.659485
34126,511.020203
34127,512.83844
34128,512.83844
34129,513.715149
34130,514.510742
34131,514.510742
34132,512.83844
34133,514.584167
34134,514.584229
34135,475.019409
34136,475.712616
34137,475.712494
34138,475.019257
34139,477.522949
34140,477.522797
34141,478.869659
34142,478.178009
34143,478.178406
34144,478.870026
34145,479.598053
34146,479.597961
34147,479.914795
34148,479.914673
34149,480.532349
34150,480.532776
34151,481.876892
34152,481.186584
34153,482.603516
34154,481.187164
34155,481.87735
34156,482.60376
34157,483.366974
34158,483.366882
34159,482.201447
34160,482.201416
34161,482.782288
34162,482.782623
34163,483.399292
34164,483.399933
34165,484.74176
34166,484.052673
34167,485.46698
34168,486.22876
34169,484.053253
34170,484.742218
34171,485.467285
34172,486.228912
34173,487.026947
34174,487.026886
34175,484.934692
34176,484.934845
34177,485.515045
34178,485.515686
34179,486.1315
34180,486.132202
34181,487.471985
34182,486.783936
34183,488.196014
34184,488.95639
34185,489.75293
34186,486.784363
34187,487.47229
34188,488.19632
34189,488.956604
34190,489.753052
34191,490.585419
34192,490.585388
34193,487.540741
34194,487.54129
34195,488.120819
34196,488.121582
34197,488.736603
34198,488.737091
34199,490.075134
34200,489.388031
34201,490.798218
34202,491.557373
34203,492.352478
34204,493.183228
34205,489.388153
34206,490.075226
34207,490.798401
34208,491.557587
34209,492.3526
34210,493.183289
34211,494.049377
34212,494.049377
34213,490.027313
34214,490.028076
34215,490.606934
34216,490.607483
34217,491.221832
34218,491.221985
34219,492.558594
34220,491.872253
34221,493.280914
34222,494.039062
34223,494.832855
34224,495.662018
34225,496.526306
34226,491.872131
34227,492.558533
34228,493.280975
34229,494.039185
34230,494.832947
34231,495.662109
34232,496.526337
34233,497.425507
34234,497.425507
34235,492.401398
34236,492.402039
34237,492.980316
34238,492.980499
34239,493.59433
34240,493.594177
34241,494.929596
34242,494.243927
34243,496.510132
34244,497.19516
34245,495.651215
34246,497.915985
34247,496.408447
34248,498.672272
34249,497.20105
34250,498.028778
34251,498.891327
34252,499.788422
34253,494.243683
34254,494.929413
34255,495.651154
34256,496.408478
34257,497.201111
34258,498.028839
34259,498.891388
34260,499.788452
34261,500.671143
34262,500.671143
34263,494.669617
34264,496.838043
34265,494.669861
34266,496.838257
34267,495.247681
34268,497.415741
34269,495.247528
34270,497.415588
34271,495.860931
34272,498.028564
34273,498.677246
34274,495.860657
34275,499.463837
34276,500.290222
34277,501.151154
34278,502.046265
34279,502.926697
34280,496.509766
34281,497.194916
34282,497.915863
34283,498.672272
34284,499.463837
34285,500.290253
34286,501.151184
34287,502.046295
34288,502.926727
34289,501.627594
34290,502.452698
34291,503.312073
34292,504.205322
34293,505.083649
34294,497.415283
34295,498.028229
34296,498.677002
34297,499.361481
34298,500.081543
34299,500.837036
34300,501.627563
34301,502.452728
34302,503.312103
34303,504.205353
34304,505.083649
34305,503.698334
34306,504.522217
34307,505.380127
34308,506.271606
34309,507.147888
34310,498.913055
34311,498.913391
34312,500.901306
34313,500.901093
34314,499.490295
34315,501.478027
34316,500.103027
34317,502.090332
34318,500.751282
34319,501.435059
34320,502.154327
34321,502.908875
34322,503.698334
34323,504.522217
34324,505.380127
34325,506.271606
34326,507.147888
34327,498.672302
34328,500.837097
34329,500.081665
34330,501.435089
34331,503.421051
34332,502.908875
34333,504.893311
34334,505.681732
34335,506.504425
34336,507.360901
34337,509.259613
34338,508.250641
34339,510.147736
34340,509.125
34341,511.020233
34342,502.090424
34343,502.738037
34344,503.421173
34345,504.139709
34346,504.893341
34347,505.681763
34348,506.504425
34349,507.360901
34350,508.250641
34351,509.125
34352,499.361633
34353,500.081604
34354,499.361542
34355,502.154297
34356,501.434967
34357,504.139648
34358,503.421112
34359,502.09024
34360,502.737854
34361,502.737823
34362,502.090149
34363,503.383453
34364,503.383423
34365,505.211517
34366,505.211487
34367,503.995209
34368,505.822906
34369,507.577637
34370,507.577545
34371,504.642426
34372,506.469604
34373,508.223877
34374,506.042847
34375,505.325043
34376,507.151581
34377,507.868683
34378,506.795654
34379,508.620667
34380,508.905304
34381,509.621735
34382,507.583038
34383,509.407074
34384,510.372894
34385,508.404541
34386,510.227448
34387,512.05658
34388,512.056641
34389,503.383881
34390,503.383728
34391,505.211914
34392,505.212067
34393,503.995514
34394,505.823212
34395,504.642517
34396,505.325043
34397,506.469696
34398,507.151581
34399,506.042877
34400,507.868713
34401,508.224121
34402,508.905396
34403,506.795685
34404,508.620697
34405,509.621796
34406,509.910004
34407,510.590698
34408,507.583069
34409,509.407104
34410,510.372955
34411,511.306366
34412,508.404572
34413,510.227478
34414,511.158417
34415,512.056702
34416,509.259613
34417,511.081207
34418,511.977692
34419,512.841309
34420,510.147736
34421,511.967712
34422,512.830139
34423,513.659485
34424,511.020203
34425,512.83844
34426,513.715149
34427,514.510742
34428,514.584167
34429,515.394287
34430,515.394348
34431,471.703613
34432,472.398407
34433,472.398285
34434,471.70343
34435,474.363007
34436,474.362823
34437,475.712616
34438,475.019409
34439,475.019897
34440,475.713013
34441,476.442719
34442,476.442627
34443,476.904327
34444,476.904144
34445,477.522949
34446,477.523468
34447,478.870026
34448,478.178406
34449,479.598053
34450,478.179077
34451,478.870514
34452,479.598328
34453,480.363159
34454,480.363098
34455,479.33316
34456,479.333069
34457,479.914795
34458,479.915253
34459,480.532776
34460,480.533508
34461,481.87735
34462,481.187164
34463,482.60376
34464,483.366974
34465,481.187805
34466,481.877838
34467,482.604126
34468,483.367157
34469,484.16684
34470,484.166779
34471,482.201447
34472,482.201782
34473,482.782623
34474,482.783417
34475,483.399933
34476,483.400696
34477,484.742218
34478,484.053253
34479,485.467285
34480,486.228912
34481,487.026947
34482,484.053711
34483,484.742554
34484,485.467621
34485,486.229156
34486,487.027069
34487,487.861206
34488,487.861145
34489,484.934845
34490,484.935608
34491,485.515686
34492,485.516602
34493,486.132202
34494,486.132751
34495,487.47229
34496,486.784363
34497,488.19632
34498,488.956604
34499,489.753052
34500,490.585419
34501,486.784515
34502,487.472412
34503,488.196564
34504,488.956848
34505,489.753204
34506,490.58551
34507,491.453522
34508,491.453522
34509,487.54129
34510,487.542297
34511,488.121582
34512,488.122223
34513,488.737091
34514,488.737274
34515,490.075226
34516,489.388153
34517,490.798401
34518,491.557587
34519,492.3526
34520,493.183289
34521,494.049377
34522,489.388031
34523,490.075134
34524,490.798492
34525,491.557739
34526,492.352753
34527,493.183411
34528,494.049438
34529,494.950806
34530,494.950775
34531,490.028076
34532,490.028809
34533,490.607483
34534,490.607697
34535,491.221985
34536,491.221832
34537,492.558533
34538,491.872131
34539,493.280975
34540,494.039185
34541,494.832947
34542,495.662109
34543,496.526337
34544,497.425507
34545,491.871826
34546,492.558289
34547,493.280914
34548,494.039215
34549,494.833038
34550,495.662201
34551,496.526428
34552,497.425568
34553,498.310577
34554,498.310577
34555,492.402039
34556,492.402283
34557,492.980499
34558,492.980316
34559,493.594177
34560,493.593842
34561,494.929413
34562,494.243683
34563,496.509949
34564,497.195038
34565,495.651154
34566,497.915955
34567,496.408478
34568,497.201111
34569,498.028839
34570,498.891388
34571,499.788452
34572,500.671143
34573,494.243408
34574,494.92923
34575,495.651031
34576,496.408447
34577,497.201141
34578,498.0289
34579,498.891418
34580,499.788513
34581,500.671173
34582,494.669861
34583,496.838257
34584,494.669617
34585,496.838043
34586,495.247528
34587,497.415588
34588,495.247131
34589,495.860657
34590,498.028351
34591,498.677094
34592,495.860443
34593,499.463837
34594,500.290253
34595,501.151184
34596,502.046295
34597,502.926727
34598,496.509705
34599,497.194855
34600,497.915771
34601,498.672211
34602,499.463837
34603,500.290283
34604,501.151215
34605,502.046326
34606,502.926758
34607,501.627563
34608,502.452728
34609,503.312103
34610,504.205353
34611,505.083649
34612,496.837585
34613,497.4151
34614,498.028259
34615,498.677063
34616,499.361481
34617,500.081543
34618,500.837006
34619,501.627533
34620,502.452698
34621,503.312103
34622,504.205353
34623,505.083679
34624,503.698334
34625,504.522217
34626,505.380127
34627,506.271606
34628,507.147888
34629,498.912994
34630,500.901154
34631,499.490448
34632,501.47821
34633,500.103119
34634,500.751312
34635,501.435059
34636,502.154358
34637,502.908875
34638,503.698334
34639,504.522217
34640,505.380127
34641,506.271606
34642,507.147888
34643,498.672272
34644,499.361694
34645,500.837036
34646,502.908875
34647,504.893341
34648,505.681763
34649,506.504425
34650,507.360901
34651,509.259613
34652,508.250641
34653,510.147736
34654,509.125
34655,511.020203
34656,501.478363
34657,502.090454
34658,502.738007
34659,503.421143
34660,504.139709
34661,504.893372
34662,505.681763
34663,506.504456
34664,507.360901
34665,508.250641
34666,509.125
34667,500.75119
34668,500.751282
34669,500.081543
34670,499.361481
34671,500.75116
34672,502.737854
34673,502.154327
34674,501.434998
34675,502.737946
34676,504.139709
34677,503.421143
34678,500.103119
34679,500.102997
34680,501.478119
34681,501.477997
34682,502.09021
34683,502.807007
34684,502.806915
34685,504.635406
34686,504.635406
34687,503.383545
34688,505.2117
34689,506.966858
34690,506.966766
34691,503.995361
34692,505.823059
34693,507.57782
34694,504.642517
34695,506.469696
34696,508.223999
34697,506.042877
34698,505.325043
34699,507.151611
34700,507.868713
34701,506.795685
34702,508.620697
34703,508.905396
34704,509.621796
34705,507.583069
34706,509.407104
34707,510.372955
34708,510.590637
34709,510.590515
34710,511.306274
34711,511.306366
34712,508.404572
34713,510.227478
34714,511.158386
34715,511.158417
34716,512.056702
34717,502.807526
34718,502.807373
34719,504.635956
34720,504.636139
34721,503.383911
34722,505.212097
34723,503.995483
34724,505.823181
34725,504.642426
34726,505.324982
34727,506.469604
34728,507.15152
34729,506.042847
34730,507.868683
34731,508.224091
34732,508.905396
34733,506.795685
34734,508.620697
34735,509.621826
34736,507.583099
34737,509.407166
34738,510.372986
34739,511.306427
34740,508.404602
34741,510.227509
34742,511.158478
34743,512.056763
34744,509.259644
34745,511.081207
34746,511.977722
34747,512.84137
34748,510.147736
34749,511.967743
34750,512.830139
34751,513.659546
34752,511.020203
34753,512.83844
34754,513.715149
34755,514.510742
34756,514.584167
34757,515.394287
34758,516.261658
34759,516.261719
34760,468.224854
34761,468.921295
34762,468.921143
34763,468.22467
34764,471.045776
34765,471.045563
34766,472.398407
34767,471.703613
34768,471.704102
34769,472.398804
34770,473.130341
34771,473.130219
34772,473.743134
34773,473.74292
34774,474.363007
34775,474.363586
34776,475.713013
34777,475.019897
34778,476.442719
34779,475.020569
34780,475.713531
34781,476.443024
34782,477.209717
34783,477.209656
34784,476.321747
34785,476.321594
34786,476.904327
34787,476.904907
34788,477.523468
34789,477.524292
34790,478.870514
34791,478.179077
34792,479.598328
34793,480.363159
34794,478.179718
34795,478.871033
34796,479.598724
34797,480.363373
34798,481.164917
34799,481.164856
34800,479.33316
34801,479.333679
34802,479.915253
34803,479.916199
34804,480.533508
34805,480.534332
34806,481.877838
34807,481.187805
34808,482.604126
34809,483.367157
34810,484.16684
34811,481.188263
34812,481.878204
34813,482.604492
34814,483.367432
34815,484.166992
34816,485.003021
34817,485.002991
34818,482.201782
34819,482.202759
34820,482.783417
34821,482.784424
34822,483.400696
34823,483.401276
34824,484.742554
34825,484.053711
34826,485.467621
34827,486.229156
34828,487.027069
34829,487.861206
34830,484.053864
34831,484.742706
34832,485.467896
34833,486.229431
34834,487.027283
34835,487.861298
34836,488.731415
34837,488.731384
34838,484.935608
34839,484.936798
34840,485.516602
34841,485.517303
34842,486.132751
34843,486.132935
34844,487.472412
34845,486.784515
34846,488.196564
34847,488.956848
34848,489.753204
34849,490.58551
34850,491.453522
34851,486.784363
34852,487.47229
34853,488.196655
34854,488.957031
34855,489.753387
34856,490.585632
34857,491.453613
34858,492.357269
34859,492.357239
34860,487.542297
34861,487.543121
34862,488.122223
34863,488.122437
34864,488.737274
34865,488.737091
34866,490.075134
34867,489.388031
34868,490.798492
34869,491.557739
34870,492.352753
34871,493.183411
34872,494.049438
34873,494.950806
34874,489.387665
34875,490.07486
34876,490.798401
34877,491.5578
34878,492.352875
34879,493.183502
34880,494.04953
34881,494.950867
34882,495.838379
34883,495.838348
34884,490.028809
34885,490.029083
34886,490.607697
34887,490.607483
34888,491.221832
34889,491.221436
34890,492.558289
34891,491.871826
34892,493.280914
34893,494.039215
34894,494.833038
34895,495.662201
34896,496.526428
34897,497.425568
34898,498.310577
34899,491.87149
34900,492.558044
34901,493.280762
34902,494.039185
34903,494.833069
34904,495.662262
34905,496.526489
34906,497.425598
34907,498.310638
34908,492.402283
34909,492.402039
34910,492.980316
34911,492.979828
34912,493.593842
34913,493.593506
34914,494.92923
34915,494.243408
34916,496.509766
34917,497.194916
34918,495.651031
34919,497.915863
34920,496.408447
34921,497.201141
34922,498.0289
34923,498.891418
34924,499.788513
34925,500.671173
34926,494.243286
34927,494.929108
34928,495.650909
34929,496.408325
34930,497.201111
34931,498.028931
34932,498.891479
34933,499.788544
34934,500.671204
34935,494.669617
34936,496.838043
34937,494.669067
34938,495.247131
34939,497.415283
34940,495.246826
34941,495.860443
34942,498.028229
34943,498.677002
34944,495.860382
34945,499.463837
34946,500.290283
34947,501.151215
34948,502.046326
34949,502.926758
34950,496.509735
34951,497.194824
34952,497.91571
34953,498.67215
34954,499.463776
34955,500.290253
34956,501.151215
34957,502.046356
34958,502.926788
34959,501.627533
34960,502.452698
34961,503.312103
34962,504.205353
34963,505.083679
34964,496.837372
34965,497.415161
34966,498.028351
34967,498.677063
34968,499.361511
34969,500.081543
34970,500.837006
34971,501.627502
34972,502.452698
34973,503.312103
34974,504.205353
34975,505.083679
34976,503.698334
34977,504.522217
34978,505.380127
34979,506.271606
34980,507.147888
34981,498.913208
34982,500.901428
34983,499.49057
34984,500.103149
34985,500.751282
34986,501.435059
34987,502.154358
34988,502.908905
34989,503.698334
34990,504.522217
34991,505.380127
34992,506.271606
34993,507.147888
34994,500.837006
34995,502.908875
34996,504.893372
34997,505.681763
34998,506.504456
34999,507.360901
35000,509.259613
35001,508.250641
35002,510.147736
35003,509.125
35004,511.020203
35005,500.901611
35006,501.478394
35007,502.090424
35008,502.737946
35009,503.421112
35010,504.139709
35011,504.893402
35012,505.681793
35013,506.504456
35014,507.360901
35015,508.250671
35016,509.125
35017,497.915771
35018,500.081543
35019,499.361481
35020,500.102936
35021,500.751221
35022,502.154358
35023,501.435059
35024,502.090332
35025,502.738007
35026,504.139709
35027,503.421173
35028,499.49057
35029,499.490356
35030,500.901306
35031,500.901093
35032,501.478027
35033,502.807098
35034,504.635681
35035,506.391174
35036,506.391083
35037,503.383728
35038,505.211914
35039,506.967102
35040,503.995483
35041,505.823181
35042,507.578003
35043,509.264282
35044,509.264069
35045,509.909607
35046,509.90979
35047,504.642548
35048,506.469727
35049,508.224091
35050,509.909912
35051,506.042847
35052,505.325043
35053,507.151581
35054,507.868683
35055,506.795685
35056,508.620697
35057,508.905396
35058,509.621826
35059,507.583099
35060,509.407166
35061,510.372986
35062,510.590698
35063,511.306427
35064,508.404602
35065,510.227509
35066,511.158478
35067,512.056763
35068,511.977692
35069,511.977722
35070,512.841309
35071,512.84137
35072,502.807587
35073,504.636169
35074,503.383881
35075,505.212067
35076,503.995361
35077,505.823059
35078,507.578156
35079,507.578125
35080,504.642334
35081,505.32489
35082,506.469482
35083,507.151428
35084,506.042816
35085,507.868652
35086,508.223999
35087,508.905304
35088,506.795685
35089,508.620697
35090,509.621796
35091,507.583099
35092,509.407166
35093,510.373016
35094,508.404602
35095,510.227539
35096,511.158508
35097,512.056824
35098,509.259674
35099,511.081238
35100,511.977783
35101,512.84137
35102,510.147766
35103,511.967773
35104,512.8302
35105,513.659607
35106,511.020233
35107,512.83844
35108,513.71521
35109,514.510742
35110,514.584167
35111,515.394287
35112,516.261658
35113,464.577637
35114,465.276001
35115,465.275879
35116,464.577454
35117,467.565552
35118,467.565308
35119,468.921295
35120,468.224854
35121,468.225372
35122,468.921692
35123,469.65509
35124,469.654968
35125,470.424683
35126,470.424408
35127,471.045776
35128,471.046417
35129,472.398804
35130,471.704102
35131,473.130341
35132,471.704803
35133,472.399353
35134,473.130646
35135,473.899414
35136,473.899323
35137,473.159485
35138,473.159271
35139,473.743134
35140,473.743835
35141,474.363586
35142,474.364441
35143,475.713531
35144,475.020569
35145,476.443024
35146,477.209717
35147,475.02124
35148,475.71405
35149,476.44342
35150,477.209961
35151,478.013611
35152,478.01355
35153,476.321747
35154,476.322418
35155,476.904907
35156,476.905945
35157,477.524292
35158,477.525116
35159,478.871033
35160,478.179718
35161,479.598724
35162,480.363373
35163,481.164917
35164,478.180176
35165,478.871399
35166,479.599121
35167,480.363678
35168,481.16507
35169,482.003265
35170,482.003204
35171,479.333679
35172,479.334839
35173,479.916199
35174,479.917236
35175,480.534332
35176,480.534912
35177,481.878204
35178,481.188263
35179,482.604492
35180,483.367432
35181,484.166992
35182,485.003021
35183,481.188446
35184,481.878326
35185,482.604767
35186,483.367737
35187,484.167206
35188,485.003143
35189,485.875519
35190,485.875488
35191,482.202759
35192,482.204071
35193,482.784424
35194,482.785156
35195,483.401276
35196,483.401489
35197,484.742706
35198,484.053864
35199,485.467896
35200,486.229431
35201,487.027283
35202,487.861298
35203,488.731415
35204,484.053711
35205,484.742554
35206,485.467987
35207,486.229645
35208,487.027466
35209,487.86145
35210,488.731506
35211,489.637634
35212,489.637604
35213,484.936798
35214,484.937714
35215,485.517303
35216,485.517548
35217,486.132935
35218,486.132751
35219,487.47229
35220,486.784363
35221,488.196655
35222,488.957031
35223,489.753387
35224,490.585632
35225,491.453613
35226,492.357269
35227,486.783936
35228,487.471985
35229,488.196564
35230,488.957092
35231,489.75354
35232,490.585785
35233,491.453735
35234,492.35733
35235,493.247467
35236,493.247467
35237,487.543121
35238,487.543427
35239,488.122437
35240,488.122223
35241,488.737091
35242,488.736603
35243,490.07486
35244,489.387665
35245,490.798401
35246,491.5578
35247,492.352875
35248,493.183502
35249,494.04953
35250,494.950867
35251,495.838379
35252,489.387207
35253,490.074524
35254,490.798218
35255,491.557739
35256,492.352905
35257,493.183594
35258,494.049622
35259,494.950928
35260,495.838409
35261,490.029083
35262,490.028809
35263,490.607483
35264,490.606934
35265,491.221436
35266,491.220978
35267,492.558044
35268,491.87149
35269,493.280762
35270,494.039185
35271,494.833069
35272,495.662262
35273,496.526489
35274,497.425598
35275,498.310638
35276,491.871277
35277,492.557861
35278,493.280548
35279,494.039062
35280,494.833038
35281,495.662292
35282,496.52655
35283,497.42569
35284,498.310669
35285,492.402039
35286,492.401398
35287,492.979828
35288,492.979401
35289,493.593506
35290,493.593353
35291,494.929108
35292,494.243286
35293,496.509705
35294,497.194855
35295,495.650909
35296,496.408325
35297,498.672211
35298,497.201111
35299,498.028931
35300,498.891479
35301,499.788544
35302,500.671204
35303,494.243256
35304,494.929077
35305,495.650787
35306,496.408234
35307,497.20105
35308,498.0289
35309,498.891479
35310,499.788574
35311,500.671234
35312,494.669067
35313,496.837585
35314,494.668671
35315,495.246826
35316,497.4151
35317,495.246796
35318,495.860382
35319,498.028259
35320,498.677002
35321,495.860413
35322,499.463776
35323,500.290253
35324,501.151215
35325,502.046356
35326,502.926788
35327,496.509735
35328,497.194824
35329,497.91568
35330,498.672089
35331,499.463745
35332,500.290222
35333,501.151215
35334,502.046356
35335,502.926788
35336,501.627502
35337,502.452698
35338,503.312103
35339,504.205353
35340,505.083679
35341,496.837524
35342,497.415283
35343,498.028381
35344,498.677063
35345,499.361481
35346,500.081543
35347,500.837006
35348,501.627502
35349,502.452667
35350,503.312073
35351,504.205353
35352,505.083679
35353,503.698334
35354,504.522217
35355,505.380127
35356,506.271606
35357,507.147888
35358,498.913391
35359,499.490631
35360,500.103119
35361,500.751221
35362,501.434998
35363,502.154358
35364,502.908905
35365,503.698334
35366,504.522217
35367,505.380127
35368,506.271606
35369,507.147888
35370,498.67215
35371,500.837006
35372,502.908905
35373,504.893402
35374,505.681793
35375,506.504456
35376,507.360901
35377,509.259644
35378,508.250671
35379,510.147736
35380,509.125
35381,511.020203
35382,500.901672
35383,501.478363
35384,502.090332
35385,502.737854
35386,503.421051
35387,504.139648
35388,504.893372
35389,505.681793
35390,506.504456
35391,507.360901
35392,508.250671
35393,509.125
35394,497.91571
35395,500.081543
35396,499.361481
35397,499.490295
35398,500.103027
35399,500.751282
35400,502.154358
35401,501.435059
35402,501.47821
35403,502.090424
35404,502.738037
35405,504.139709
35406,503.421143
35407,498.913391
35408,498.913055
35409,500.901154
35410,502.807373
35411,504.635956
35412,506.391479
35413,503.383881
35414,505.212067
35415,506.967316
35416,508.654022
35417,508.653717
35418,503.995514
35419,505.823212
35420,509.264465
35421,504.642517
35422,506.469696
35423,508.224121
35424,509.910004
35425,506.042816
35426,505.324982
35427,507.15152
35428,507.868652
35429,506.795685
35430,508.620697
35431,508.905396
35432,509.621796
35433,507.583099
35434,509.407166
35435,510.373016
35436,510.590729
35437,511.306458
35438,508.404602
35439,510.227539
35440,511.158508
35441,512.056824
35442,509.259674
35443,511.081207
35444,511.081238
35445,511.977783
35446,512.84137
35447,513.659546
35448,513.659607
35449,502.807526
35450,504.636139
35451,503.383728
35452,505.211914
35453,506.967499
35454,506.967468
35455,503.995209
35456,505.822906
35457,507.578003
35458,504.642242
35459,505.324829
35460,506.46936
35461,507.151337
35462,506.042755
35463,507.868561
35464,508.223877
35465,508.905212
35466,506.795654
35467,508.620667
35468,509.621735
35469,509.910004
35470,509.909912
35471,510.590637
35472,510.590698
35473,507.583099
35474,509.407166
35475,510.372986
35476,508.404602
35477,510.227539
35478,511.158508
35479,511.306458
35480,512.056824
35481,509.259674
35482,511.081268
35483,511.977783
35484,512.841431
35485,512.926453
35486,512.926514
35487,513.676147
35488,513.676147
35489,510.147766
35490,511.967773
35491,512.8302
35492,513.659607
35493,511.020233
35494,512.83844
35495,513.71521
35496,514.510803
35497,514.584167
35498,515.394348
35499,516.261658
35500,460.756165
35501,461.456818
35502,461.456696
35503,460.756012
35504,463.916595
35505,463.916351
35506,465.276001
35507,464.577637
35508,464.578125
35509,465.276367
35510,466.011841
35511,466.011749
35512,466.943115
35513,466.94281
35514,467.565552
35515,467.566193
35516,468.921692
35517,468.225372
35518,469.65509
35519,468.226044
35520,468.922211
35521,469.655396
35522,470.426239
35523,470.426178
35524,469.839935
35525,469.83963
35526,470.424683
35527,470.425476
35528,471.046417
35529,471.047272
35530,472.399353
35531,471.704803
35532,473.130646
35533,473.899414
35534,471.705444
35535,472.399841
35536,473.131042
35537,473.899628
35538,474.705627
35539,474.705566
35540,473.159485
35541,473.160309
35542,473.743835
35543,473.744934
35544,474.364441
35545,474.365265
35546,475.71405
35547,475.02124
35548,476.44342
35549,477.209961
35550,478.013611
35551,475.021667
35552,475.714417
35553,476.443848
35554,477.210266
35555,478.013794
35556,478.85437
35557,478.854309
35558,476.322418
35559,476.32373
35560,476.905945
35561,476.907013
35562,477.525116
35563,477.525696
35564,478.871399
35565,478.180176
35566,479.599121
35567,480.363678
35568,481.16507
35569,482.003265
35570,478.180359
35571,478.871521
35572,479.599426
35573,480.363983
35574,481.165314
35575,482.003387
35576,482.878235
35577,482.878204
35578,479.334839
35579,479.336182
35580,479.917236
35581,479.917969
35582,480.534912
35583,480.535126
35584,481.878326
35585,481.188446
35586,482.604767
35587,483.367737
35588,484.167206
35589,485.003143
35590,485.875519
35591,481.188263
35592,481.878204
35593,482.604889
35594,483.36795
35595,484.167419
35596,485.003326
35597,485.875641
35598,486.784393
35599,486.784363
35600,482.204071
35601,482.204956
35602,482.785156
35603,482.7854
35604,483.401489
35605,483.401276
35606,484.742554
35607,484.053711
35608,485.467987
35609,486.229645
35610,487.027466
35611,487.86145
35612,488.731506
35613,489.637634
35614,484.053253
35615,484.742218
35616,485.467896
35617,486.229706
35618,487.027649
35619,487.861633
35620,488.731628
35621,489.637726
35622,490.53064
35623,490.530609
35624,484.937714
35625,484.938019
35626,485.517548
35627,485.517303
35628,486.132751
35629,486.132202
35630,487.471985
35631,486.783936
35632,488.196564
35633,488.957092
35634,489.75354
35635,490.585785
35636,491.453735
35637,492.35733
35638,493.247467
35639,486.783417
35640,487.471588
35641,488.19632
35642,488.957031
35643,489.753571
35644,490.585876
35645,491.453827
35646,492.357452
35647,493.247559
35648,487.543427
35649,487.543121
35650,488.122223
35651,488.121582
35652,488.736603
35653,488.736023
35654,490.074524
35655,489.387207
35656,490.798218
35657,491.557739
35658,492.352905
35659,493.183594
35660,494.049622
35661,494.950928
35662,495.838409
35663,489.386902
35664,490.07428
35665,490.797943
35666,491.557587
35667,492.352875
35668,493.183624
35669,494.049713
35670,494.951019
35671,495.838501
35672,490.028809
35673,490.028076
35674,490.606934
35675,490.606323
35676,491.220978
35677,491.220703
35678,492.557861
35679,491.871277
35680,493.280548
35681,494.039062
35682,494.833038
35683,495.662292
35684,496.52655
35685,497.42569
35686,498.310669
35687,491.871185
35688,492.55777
35689,493.280396
35690,494.03891
35691,494.832947
35692,495.662262
35693,496.52655
35694,497.42572
35695,498.31073
35696,492.401398
35697,492.400818
35698,492.979401
35699,492.979248
35700,493.593353
35701,493.593353
35702,494.929077
35703,494.243256
35704,496.509735
35705,497.194824
35706,495.650787
35707,496.408234
35708,497.20105
35709,498.0289
35710,498.891479
35711,499.788574
35712,500.671234
35713,494.243256
35714,494.929047
35715,495.650757
35716,496.408142
35717,497.200958
35718,498.028839
35719,498.891479
35720,499.788605
35721,500.671265
35722,494.668671
35723,496.837372
35724,494.668701
35725,495.246796
35726,497.415161
35727,495.246887
35728,495.860413
35729,498.028351
35730,498.677063
35731,495.860443
35732,499.463745
35733,500.290222
35734,501.151215
35735,502.046356
35736,502.926788
35737,496.509735
35738,497.194824
35739,497.91568
35740,498.672058
35741,499.463684
35742,500.290192
35743,501.151184
35744,502.046356
35745,502.926819
35746,501.627502
35747,502.452667
35748,503.312073
35749,504.205353
35750,505.083679
35751,496.837708
35752,497.415344
35753,498.028351
35754,498.677002
35755,499.361481
35756,500.081543
35757,500.837006
35758,501.627502
35759,502.452667
35760,503.312073
35761,504.205353
35762,505.083679
35763,503.698334
35764,504.522217
35765,505.380127
35766,506.271606
35767,507.147888
35768,498.913452
35769,499.49057
35770,500.103027
35771,500.75116
35772,501.434967
35773,502.154327
35774,502.908905
35775,503.698334
35776,504.522217
35777,505.380127
35778,506.271606
35779,507.147888
35780,498.672089
35781,500.837006
35782,502.908905
35783,504.893372
35784,505.681793
35785,506.504456
35786,507.360901
35787,508.250671
35788,510.147766
35789,509.125
35790,511.020233
35791,500.901611
35792,501.47821
35793,502.09021
35794,502.737823
35795,503.421021
35796,504.139618
35797,504.893341
35798,505.681793
35799,506.504486
35800,507.360931
35801,508.250671
35802,509.125
35803,497.91568
35804,500.081543
35805,499.361511
35806,498.912994
35807,499.490448
35808,500.103119
35809,500.751312
35810,502.154358
35811,501.435059
35812,500.901428
35813,501.478363
35814,502.090454
35815,502.738007
35816,504.139648
35817,503.421112
35818,502.807526
35819,504.636139
35820,506.391785
35821,508.078827
35822,508.078461
35823,503.383911
35824,505.212097
35825,508.654236
35826,504.642426
35827,506.469604
35828,508.224091
35829,509.910034
35830,506.042755
35831,505.32489
35832,507.151428
35833,507.868561
35834,506.795654
35835,508.620667
35836,508.905304
35837,509.621735
35838,507.583099
35839,509.407166
35840,510.372986
35841,510.590698
35842,511.306427
35843,508.404602
35844,510.227539
35845,511.158508
35846,512.056824
35847,509.259674
35848,511.081268
35849,511.977783
35850,512.841431
35851,510.147766
35852,511.967773
35853,511.967773
35854,513.659607
35855,502.807373
35856,504.635956
35857,506.391968
35858,506.391937
35859,503.383545
35860,505.2117
35861,506.967316
35862,503.995117
35863,505.822754
35864,504.642242
35865,505.324829
35866,506.46933
35867,507.151306
35868,506.042694
35869,507.8685
35870,508.223724
35871,508.90509
35872,506.795593
35873,508.620605
35874,509.621643
35875,509.90979
35876,510.590515
35877,507.583069
35878,509.407104
35879,510.372955
35880,511.306366
35881,511.306427
35882,508.404602
35883,510.227539
35884,511.158508
35885,512.056824
35886,509.259674
35887,511.081268
35888,511.977814
35889,512.841431
35890,512.926575
35891,513.676208
35892,510.147797
35893,511.967804
35894,512.830261
35895,513.659668
35896,511.020264
35897,512.838501
35898,513.715271
35899,514.584229
35900,516.261719
35901,456.753693
35902,457.457367
35903,457.457306
35904,456.753601
35905,460.092987
35906,460.092834
35907,461.456818
35908,460.756165
35909,460.7565
35910,461.457092
35911,462.19516
35912,462.195068
35913,463.292572
35914,463.292267
35915,463.916595
35916,463.917206
35917,465.276367
35918,464.578125
35919,466.011841
35920,464.578705
35921,465.276825
35922,466.012115
35923,466.785278
35924,466.785187
35925,466.357147
35926,466.35675
35927,466.943115
35928,466.94397
35929,467.566193
35930,467.567047
35931,468.922211
35932,468.226044
35933,469.655396
35934,470.426239
35935,468.226654
35936,468.922699
35937,469.655792
35938,470.426483
35939,471.234863
35940,471.234802
35941,469.839935
35942,469.840912
35943,470.425476
35944,470.426575
35945,471.047272
35946,471.048096
35947,472.399841
35948,471.705444
35949,473.131042
35950,473.899628
35951,474.705627
35952,471.705872
35953,472.400208
35954,473.131439
35955,473.899963
35956,474.705841
35957,475.549042
35958,475.549011
35959,473.160309
35960,473.161713
35961,473.744934
35962,473.746002
35963,474.365265
35964,474.365814
35965,475.714417
35966,475.021667
35967,476.443848
35968,477.210266
35969,478.013794
35970,478.85437
35971,475.021851
35972,475.714539
35973,476.444122
35974,477.210602
35975,478.014038
35976,478.854492
35977,479.732025
35978,479.731995
35979,476.32373
35980,476.325073
35981,476.907013
35982,476.907715
35983,477.525696
35984,477.525879
35985,478.871521
35986,478.180359
35987,479.599426
35988,480.363983
35989,481.165314
35990,482.003387
35991,482.878235
35992,478.180176
35993,478.871399
35994,479.599518
35995,480.364227
35996,481.165558
35997,482.003601
35998,482.878357
35999,483.789978
36000,483.789948
36001,479.336182
36002,479.337036
36003,479.917969
36004,479.918213
36005,480.535126
36006,480.534912
36007,481.878204
36008,481.188263
36009,482.604889
36010,483.36795
36011,484.167419
36012,485.003326
36013,485.875641
36014,486.784393
36015,481.187805
36016,481.877838
36017,482.604767
36018,483.368011
36019,484.167603
36020,485.00351
36021,485.875763
36022,486.784485
36023,487.680359
36024,487.680328
36025,482.204956
36026,482.205292
36027,482.7854
36028,482.785156
36029,483.401276
36030,483.400696
36031,484.742218
36032,484.053253
36033,485.467896
36034,486.229706
36035,487.027649
36036,487.861633
36037,488.731628
36038,489.637726
36039,490.53064
36040,484.052673
36041,484.74176
36042,485.467621
36043,486.229645
36044,487.027679
36045,487.861755
36046,488.731781
36047,489.637848
36048,490.530701
36049,484.938019
36050,484.937714
36051,485.517303
36052,485.516602
36053,486.132202
36054,486.1315
36055,487.471588
36056,486.783417
36057,488.19632
36058,488.957031
36059,489.753571
36060,490.585876
36061,491.453827
36062,492.357452
36063,493.247559
36064,486.78299
36065,487.471252
36066,488.196014
36067,488.956848
36068,489.75354
36069,490.585907
36070,491.453918
36071,492.357544
36072,493.24765
36073,487.543121
36074,487.542297
36075,488.121582
36076,488.120819
36077,488.736023
36078,488.735626
36079,490.07428
36080,489.386902
36081,490.797943
36082,491.557587
36083,492.352875
36084,493.183624
36085,494.049713
36086,494.951019
36087,495.838501
36088,489.386749
36089,490.074127
36090,490.79776
36091,491.557373
36092,492.352753
36093,493.183594
36094,494.049744
36095,494.95108
36096,495.838562
36097,490.028076
36098,490.027313
36099,490.606323
36100,490.606049
36101,491.220703
36102,491.220642
36103,492.55777
36104,491.871185
36105,493.280396
36106,494.03891
36107,494.832947
36108,495.662262
36109,496.52655
36110,497.42572
36111,498.31073
36112,491.871185
36113,492.557739
36114,493.280334
36115,494.038788
36116,494.832855
36117,495.662201
36118,496.52655
36119,497.425751
36120,498.310791
36121,492.400818
36122,492.400665
36123,492.979248
36124,492.979279
36125,493.593353
36126,493.593353
36127,494.929047
36128,494.243256
36129,496.509735
36130,497.194824
36131,495.650757
36132,496.408142
36133,497.200958
36134,498.028839
36135,498.891479
36136,499.788605
36137,500.671265
36138,494.243256
36139,494.929077
36140,495.650726
36141,496.408112
36142,497.200897
36143,498.028778
36144,498.891418
36145,499.788574
36146,500.671295
36147,494.668701
36148,496.837524
36149,494.668823
36150,495.246887
36151,497.415283
36152,495.246918
36153,495.860443
36154,498.028381
36155,498.677063
36156,495.860413
36157,499.463684
36158,500.290192
36159,501.151184
36160,502.046356
36161,502.926819
36162,496.509705
36163,497.194855
36164,497.91568
36165,498.672058
36166,499.463684
36167,500.290161
36168,501.151154
36169,502.046326
36170,502.926788
36171,501.627502
36172,502.452667
36173,503.312073
36174,504.205353
36175,505.083679
36176,496.837769
36177,497.415283
36178,498.028259
36179,498.677002
36180,499.361481
36181,500.081543
36182,500.837006
36183,501.627502
36184,502.452637
36185,503.312042
36186,504.205322
36187,505.083679
36188,503.698334
36189,504.522217
36190,505.380127
36191,506.271606
36192,507.147888
36193,498.913391
36194,499.490448
36195,500.102936
36196,500.75119
36197,501.434998
36198,502.154297
36199,502.908875
36200,503.698334
36201,504.522217
36202,505.380127
36203,506.271606
36204,507.147888
36205,498.672058
36206,500.837006
36207,502.908905
36208,504.893341
36209,505.681793
36210,506.504486
36211,507.360931
36212,508.250671
36213,509.125
36214,511.020233
36215,500.901428
36216,501.478027
36217,502.090149
36218,502.737854
36219,503.421021
36220,504.139587
36221,504.893311
36222,505.681763
36223,506.504456
36224,507.360931
36225,508.250671
36226,509.125
36227,497.91568
36228,500.081543
36229,499.361481
36230,498.913208
36231,499.49057
36232,500.103149
36233,500.751282
36234,502.154327
36235,501.434998
36236,500.901611
36237,501.478394
36238,502.090424
36239,503.995483
36240,502.737946
36241,504.139618
36242,503.421051
36243,502.807587
36244,504.636169
36245,508.079132
36246,504.642334
36247,506.469482
36248,508.223999
36249,509.910004
36250,511.531433
36251,511.531403
36252,512.211487
36253,512.211548
36254,506.042694
36255,505.324829
36256,507.151337
36257,507.8685
36258,506.795593
36259,508.620605
36260,508.905212
36261,509.621643
36262,507.583069
36263,509.407104
36264,510.372955
36265,510.590637
36266,511.306366
36267,508.404602
36268,510.227539
36269,511.158508
36270,512.056824
36271,512.211487
36272,512.926575
36273,512.926514
36274,509.259674
36275,511.081268
36276,511.977814
36277,512.841431
36278,510.147797
36279,511.967804
36280,512.8302
36281,512.830261
36282,513.659668
36283,513.676147
36284,513.676147
36285,514.459839
36286,514.4599
36287,511.020264
36288,512.83844
36289,512.838501
36290,512.8302
36291,513.71521
36292,513.715271
36293,502.807098
36294,504.635681
36295,506.391785
36296,503.383423
36297,505.211517
36298,503.995117
36299,505.822723
36300,504.642242
36301,505.324829
36302,506.46933
36303,507.151276
36304,506.042694
36305,507.868469
36306,508.223633
36307,508.905029
36308,506.795563
36309,508.620544
36310,509.621582
36311,509.909607
36312,510.590393
36313,507.583038
36314,509.407074
36315,510.372894
36316,511.306274
36317,508.404602
36318,510.227509
36319,511.158478
36320,512.056763
36321,509.259674
36322,511.081268
36323,511.977783
36324,512.841431
36325,512.926514
36326,513.676147
36327,510.147797
36328,511.967804
36329,512.830261
36330,513.659668
36331,514.4599
36332,514.4599
36333,514.48584
36334,514.48584
36335,515.23468
36336,515.23468
36337,511.020264
36338,512.838501
36339,513.715271
36340,514.510864
36341,514.510864
36342,514.584229
36343,452.554688
36344,453.264099
36345,453.26413
36346,452.554749
36347,456.08783
36348,456.087769
36349,457.457367
36350,456.753693
36351,456.753876
36352,457.45752
36353,458.199066
36354,458.199005
36355,459.467041
36356,459.466827
36357,460.092987
36358,460.093445
36359,461.457092
36360,460.7565
36361,462.19516
36362,460.756989
36363,461.457458
36364,462.195374
36365,462.971283
36366,462.971222
36367,462.705109
36368,462.704712
36369,463.292572
36370,463.293335
36371,463.917206
36372,463.917938
36373,465.276825
36374,464.578705
36375,466.012115
36376,466.785278
36377,464.579254
36378,465.277252
36379,466.012482
36380,466.785492
36381,467.596344
36382,467.596283
36383,466.357147
36384,466.358215
36385,466.94397
36386,466.945038
36387,467.567047
36388,467.56781
36389,468.922699
36390,468.226654
36391,469.655792
36392,470.426483
36393,471.234863
36394,468.227051
36395,468.923035
36396,469.656158
36397,470.426788
36398,471.235046
36399,472.080963
36400,472.080933
36401,469.840912
36402,469.842285
36403,470.426575
36404,470.427582
36405,471.048096
36406,471.048615
36407,472.400208
36408,471.705872
36409,473.131439
36410,473.899963
36411,474.705841
36412,475.549042
36413,471.706024
36414,472.40033
36415,473.131744
36416,473.900269
36417,474.706085
36418,475.549194
36419,476.429718
36420,476.429657
36421,473.161713
36422,473.163025
36423,473.746002
36424,473.746643
36425,474.365814
36426,474.366028
36427,475.714539
36428,475.021851
36429,476.444122
36430,477.210602
36431,478.014038
36432,478.854492
36433,479.732025
36434,475.021667
36435,475.714417
36436,476.444214
36437,477.210815
36438,478.014282
36439,478.854706
36440,479.732147
36441,480.646881
36442,480.64682
36443,476.325073
36444,476.325897
36445,476.907715
36446,476.907959
36447,477.525879
36448,477.525696
36449,478.871399
36450,478.180176
36451,479.599518
36452,480.364227
36453,481.165558
36454,482.003601
36455,482.878357
36456,483.789978
36457,478.179718
36458,478.871033
36459,479.599426
36460,480.364288
36461,481.165741
36462,482.003784
36463,482.87851
36464,483.79007
36465,484.689087
36466,484.689026
36467,479.337036
36468,479.337341
36469,479.918213
36470,479.917969
36471,480.534912
36472,480.534332
36473,481.877838
36474,481.187805
36475,482.604767
36476,483.368011
36477,484.167603
36478,485.00351
36479,485.875763
36480,486.784485
36481,487.680359
36482,481.187164
36483,481.87735
36484,482.604492
36485,483.36795
36486,484.167664
36487,485.003632
36488,485.875916
36489,486.784607
36490,487.68045
36491,482.205292
36492,482.204956
36493,482.785156
36494,482.784424
36495,483.400696
36496,483.399933
36497,484.74176
36498,484.052673
36499,485.467621
36500,486.229645
36501,487.027679
36502,487.861755
36503,488.731781
36504,489.637848
36505,490.530701
36506,484.052155
36507,484.741364
36508,485.467285
36509,486.229431
36510,487.027649
36511,487.861786
36512,488.731873
36513,489.637939
36514,490.530823
36515,484.937714
36516,484.936798
36517,485.516602
36518,485.515686
36519,486.1315
36520,486.130981
36521,487.471252
36522,486.78299
36523,488.196014
36524,488.956848
36525,489.75354
36526,490.585907
36527,491.453918
36528,492.357544
36529,493.24765
36530,486.782776
36531,487.471039
36532,488.19574
36533,488.956604
36534,489.753387
36535,490.585876
36536,491.453949
36537,492.357605
36538,493.247742
36539,487.542297
36540,487.54129
36541,488.120819
36542,488.120361
36543,488.735626
36544,488.735504
36545,490.074127
36546,489.386749
36547,490.79776
36548,491.557373
36549,492.352753
36550,493.183594
36551,494.049744
36552,494.95108
36553,495.838562
36554,489.386719
36555,490.074097
36556,490.797638
36557,491.55722
36558,492.3526
36559,493.183502
36560,494.049713
36561,494.951111
36562,495.838623
36563,490.027313
36564,490.026978
36565,490.606049
36566,490.605988
36567,491.220642
36568,491.220642
36569,492.557739
36570,491.871185
36571,493.280334
36572,494.038788
36573,494.832855
36574,495.662201
36575,496.52655
36576,497.425751
36577,498.310791
36578,491.871185
36579,492.55777
36580,493.280304
36581,494.038696
36582,494.832733
36583,495.662109
36584,496.526489
36585,497.42572
36586,498.310791
36587,492.400665
36588,492.400757
36589,492.979279
36590,492.979279
36591,493.593353
36592,493.593353
36593,494.929077
36594,494.243256
36595,496.509735
36596,497.194824
36597,495.650726
36598,496.408112
36599,497.200897
36600,498.028778
36601,498.891418
36602,499.788574
36603,500.671295
36604,494.243286
36605,494.929108
36606,495.650757
36607,496.408081
36608,497.200867
36609,498.028748
36610,498.891388
36611,499.788544
36612,500.671265
36613,494.668823
36614,496.837708
36615,494.668884
36616,495.246918
36617,497.415344
36618,495.246887
36619,495.860413
36620,498.028351
36621,498.677063
36622,495.860382
36623,499.463684
36624,500.290161
36625,501.151154
36626,502.046326
36627,502.926788
36628,496.509766
36629,497.194916
36630,497.91571
36631,498.672058
36632,499.463654
36633,500.290131
36634,501.151123
36635,502.046295
36636,502.926788
36637,501.627502
36638,502.452637
36639,503.312042
36640,504.205322
36641,505.083679
36642,496.837708
36643,497.415161
36644,498.028229
36645,498.677094
36646,499.361542
36647,500.081543
36648,500.837006
36649,501.627502
36650,502.452637
36651,503.312042
36652,504.205322
36653,505.083649
36654,503.698334
36655,504.522217
36656,505.380127
36657,506.271606
36658,507.147888
36659,498.913208
36660,499.490295
36661,500.102997
36662,500.751282
36663,501.435059
36664,502.154327
36665,502.908875
36666,503.698334
36667,504.522217
36668,505.380127
36669,506.271606
36670,507.147888
36671,498.672058
36672,500.837006
36673,502.908875
36674,504.893311
36675,505.681763
36676,506.504456
36677,507.360931
36678,508.250671
36679,509.125
36680,500.901154
36681,501.477997
36682,502.09024
36683,502.737885
36684,503.421051
36685,504.139618
36686,504.893311
36687,505.681763
36688,506.504456
36689,507.360931
36690,508.250702
36691,509.125031
36692,497.91568
36693,500.081543
36694,499.361481
36695,498.913391
36696,499.490631
36697,500.103119
36698,500.751221
36699,502.154297
36700,501.434967
36701,500.901672
36702,501.478363
36703,503.383881
36704,502.090332
36705,503.995361
36706,502.737854
36707,504.139587
36708,503.421021
36709,503.995209
36710,505.822906
36711,505.823059
36712,504.642242
36713,506.46936
36714,508.223877
36715,505.823181
36716,507.578003
36717,507.578125
36718,509.909912
36719,511.531403
36720,513.09198
36721,513.091919
36722,513.771423
36723,513.771484
36724,506.042694
36725,505.324829
36726,507.151306
36727,507.868469
36728,506.795563
36729,508.620544
36730,508.90509
36731,509.621582
36732,507.583038
36733,509.407074
36734,510.372894
36735,510.590515
36736,511.306274
36737,508.404602
36738,510.227509
36739,511.158478
36740,512.056763
36741,512.211426
36742,512.926453
36743,509.259674
36744,511.081268
36745,511.977783
36746,512.841431
36747,513.676208
36748,513.676147
36749,513.771423
36750,514.48584
36751,514.48584
36752,510.147797
36753,511.967804
36754,512.830261
36755,513.659668
36756,514.4599
36757,511.020264
36758,512.838501
36759,513.715271
36760,515.277039
36761,515.2771
36762,514.584229
36763,514.584229
36764,502.806915
36765,504.635406
36766,503.383453
36767,505.211487
36768,506.042694
36769,507.868469
36770,508.223633
36771,508.904999
36772,506.795563
36773,508.620514
36774,509.621521
36775,509.909515
36776,510.590302
36777,507.583008
36778,509.407043
36779,510.372833
36780,511.306183
36781,511.531189
36782,511.531006
36783,512.211182
36784,512.211304
36785,508.404572
36786,510.227478
36787,511.158417
36788,512.056702
36789,509.259674
36790,511.081238
36791,511.977783
36792,512.84137
36793,512.926453
36794,513.676147
36795,510.147797
36796,511.967804
36797,512.830261
36798,513.659668
36799,514.4599
36800,514.48584
36801,515.23468
36802,511.020264
36803,512.838501
36804,513.715271
36805,514.510864
36806,515.2771
36807,515.2771
36808,516.017517
36809,516.017517
36810,515.987671
36811,515.987671
36812,516.735779
36813,516.735779
36814,514.58429
36815,515.394409
36816,515.394409
36817,515.277039
36818,516.127075
36819,516.127075
36820,448.098389
36821,448.829132
36822,448.829163
36823,448.09845
36824,451.884125
36825,451.884216
36826,453.264099
36827,452.554688
36828,452.554657
36829,453.264099
36830,454.012573
36831,454.012573
36832,455.459473
36833,455.459412
36834,456.08783
36835,456.088074
36836,457.45752
36837,456.753876
36838,458.199066
36839,456.754211
36840,457.457794
36841,458.199188
36842,458.978912
36843,458.978882
36844,458.877808
36845,458.877563
36846,459.467041
36847,459.46759
36848,460.093445
36849,460.094025
36850,461.457458
36851,460.756989
36852,462.195374
36853,462.971283
36854,460.757446
36855,461.457825
36856,462.195648
36857,462.971466
36858,463.785309
36859,463.785248
36860,462.705109
36861,462.706116
36862,463.293335
36863,463.294281
36864,463.917938
36865,463.91861
36866,465.277252
36867,464.579254
36868,466.012482
36869,466.785492
36870,467.596344
36871,464.57962
36872,465.277557
36873,466.012817
36874,466.785767
36875,467.596527
36876,468.44519
36877,468.445129
36878,466.358215
36879,466.359528
36880,466.945038
36881,466.945953
36882,467.56781
36883,467.568298
36884,468.923035
36885,468.227051
36886,469.656158
36887,470.426788
36888,471.235046
36889,472.080963
36890,468.227203
36891,468.923157
36892,469.656433
36893,470.427094
36894,471.235291
36895,472.081116
36896,472.964691
36897,472.964661
36898,469.842285
36899,469.843506
36900,470.427582
36901,470.428192
36902,471.048615
36903,471.048798
36904,472.40033
36905,471.706024
36906,473.131744
36907,473.900269
36908,474.706085
36909,475.549194
36910,476.429718
36911,471.705872
36912,472.400208
36913,473.131836
36914,473.900482
36915,474.706329
36916,475.549408
36917,476.42984
36918,477.3479
36919,477.347839
36920,473.163025
36921,473.163788
36922,473.746643
36923,473.746887
36924,474.366028
36925,474.365814
36926,475.714417
36927,475.021667
36928,476.444214
36929,477.210815
36930,478.014282
36931,478.854706
36932,479.732147
36933,480.646881
36934,475.02124
36935,475.71405
36936,476.444122
36937,477.210907
36938,478.014465
36939,478.854889
36940,479.73233
36941,480.646973
36942,481.549316
36943,481.549286
36944,476.325897
36945,476.326172
36946,476.907959
36947,476.907715
36948,477.525696
36949,477.525116
36950,478.871033
36951,478.179718
36952,479.599426
36953,480.364288
36954,481.165741
36955,482.003784
36956,482.87851
36957,483.79007
36958,484.689087
36959,478.179077
36960,478.870514
36961,479.599121
36962,480.364227
36963,481.165802
36964,482.003906
36965,482.878662
36966,483.790192
36967,484.689178
36968,479.337341
36969,479.337036
36970,479.917969
36971,479.917236
36972,480.534332
36973,480.533508
36974,481.87735
36975,481.187164
36976,482.604492
36977,483.36795
36978,484.167664
36979,485.003632
36980,485.875916
36981,486.784607
36982,487.68045
36983,481.186584
36984,481.876892
36985,482.604126
36986,483.367737
36987,484.167603
36988,485.003693
36989,485.876038
36990,486.784729
36991,487.680573
36992,482.204956
36993,482.204071
36994,482.784424
36995,482.783417
36996,483.399933
36997,483.399292
36998,484.741364
36999,484.052155
37000,485.467285
37001,486.229431
37002,487.027649
37003,487.861786
37004,488.731873
37005,489.637939
37006,490.530823
37007,484.051849
37008,484.741119
37009,485.46698
37010,486.229156
37011,487.027466
37012,487.861755
37013,488.731903
37014,489.638031
37015,490.530945
37016,484.936798
37017,484.935608
37018,485.515686
37019,485.515045
37020,486.130981
37021,486.130768
37022,487.471039
37023,486.782776
37024,488.19574
37025,488.956604
37026,489.753387
37027,490.585876
37028,491.453949
37029,492.357605
37030,493.247742
37031,486.782715
37032,487.470978
37033,488.195587
37034,488.95639
37035,489.753204
37036,490.585785
37037,491.453918
37038,492.357635
37039,493.247803
37040,487.54129
37041,487.540741
37042,488.120361
37043,488.120239
37044,488.735504
37045,488.735474
37046,490.074097
37047,489.386719
37048,490.797638
37049,491.55722
37050,492.3526
37051,493.183502
37052,494.049713
37053,494.951111
37054,495.838623
37055,489.386749
37056,490.074127
37057,490.797577
37058,491.557129
37059,492.352478
37060,493.183411
37061,494.049622
37062,494.95108
37063,495.838654
37064,490.026978
37065,490.027008
37066,490.605988
37067,490.606018
37068,491.220642
37069,491.220642
37070,492.55777
37071,491.871185
37072,493.280304
37073,494.038696
37074,494.832733
37075,495.662109
37076,496.526489
37077,497.42572
37078,498.310791
37079,491.871277
37080,492.557861
37081,493.280334
37082,494.038696
37083,494.832672
37084,495.662018
37085,496.526428
37086,497.42569
37087,498.310791
37088,492.400757
37089,492.400818
37090,492.979279
37091,492.979279
37092,493.593353
37093,493.593353
37094,494.929108
37095,494.243286
37096,496.509705
37097,497.194855
37098,495.650757
37099,496.408081
37100,497.200867
37101,498.028748
37102,498.891388
37103,499.788544
37104,500.671265
37105,494.243408
37106,494.92923
37107,495.650787
37108,496.408112
37109,497.200836
37110,498.028687
37111,498.891327
37112,499.788513
37113,500.671234
37114,494.668884
37115,496.837769
37116,494.668823
37117,495.246887
37118,497.415283
37119,495.246796
37120,495.860382
37121,498.028259
37122,498.677002
37123,495.860443
37124,499.463654
37125,500.290131
37126,501.151123
37127,502.046295
37128,502.926788
37129,496.509949
37130,497.195038
37131,497.915771
37132,498.672089
37133,499.463684
37134,500.290131
37135,501.151093
37136,502.046265
37137,502.926758
37138,501.627502
37139,502.452637
37140,503.312042
37141,504.205322
37142,505.083649
37143,496.837524
37144,497.4151
37145,498.028351
37146,498.677246
37147,499.361633
37148,500.081604
37149,500.837006
37150,501.627502
37151,502.452637
37152,503.312042
37153,504.205322
37154,505.083649
37155,503.698334
37156,504.522217
37157,505.380127
37158,506.271606
37159,507.147888
37160,498.912994
37161,499.490356
37162,500.103119
37163,500.751312
37164,501.435089
37165,502.154358
37166,502.908875
37167,503.698334
37168,504.522217
37169,505.380127
37170,506.271606
37171,507.147888
37172,498.672058
37173,500.837006
37174,502.908875
37175,504.893311
37176,505.681763
37177,506.504456
37178,507.360931
37179,508.250702
37180,509.125031
37181,500.901093
37182,501.478119
37183,502.090271
37184,503.995148
37185,502.737854
37186,503.421021
37187,504.642242
37188,505.324829
37189,504.139618
37190,504.893311
37191,505.681732
37192,506.504456
37193,507.360901
37194,508.250671
37195,509.125031
37196,497.91571
37197,500.081543
37198,499.361481
37199,498.913452
37200,499.49057
37201,500.103027
37202,500.75116
37203,502.154327
37204,501.434998
37205,500.901611
37206,502.807526
37207,501.47821
37208,503.383728
37209,502.09021
37210,502.737823
37211,504.139618
37212,503.421021
37213,503.383545
37214,505.2117
37215,505.211914
37216,503.995117
37217,505.822754
37218,507.57782
37219,504.642242
37220,506.46933
37221,508.223724
37222,509.90979
37223,505.212067
37224,506.967316
37225,506.967468
37226,511.531311
37227,513.091919
37228,511.531311
37229,512.211426
37230,513.091858
37231,513.771362
37232,512.926514
37233,514.48584
37234,506.042694
37235,505.324829
37236,507.151276
37237,507.868469
37238,506.795563
37239,508.620514
37240,508.905029
37241,509.621521
37242,507.583008
37243,509.407043
37244,510.372833
37245,510.590393
37246,511.306183
37247,508.404572
37248,510.227478
37249,511.158417
37250,512.056702
37251,512.211304
37252,512.926392
37253,509.259674
37254,511.081238
37255,511.977783
37256,512.84137
37257,513.676147
37258,513.771362
37259,514.485779
37260,510.147797
37261,511.967804
37262,512.830261
37263,513.659668
37264,514.4599
37265,515.23468
37266,515.23468
37267,511.020264
37268,512.838501
37269,513.715271
37270,514.510864
37271,514.510864
37272,515.2771
37273,515.23468
37274,516.017517
37275,516.017517
37276,514.58429
37277,514.510864
37278,515.394409
37279,515.394409
37280,516.127075
37281,516.127075
37282,502.807007
37283,504.635406
37284,506.795532
37285,508.620514
37286,509.62149
37287,506.46933
37288,507.151306
37289,508.223633
37290,508.905029
37291,509.909485
37292,510.590271
37293,507.583008
37294,509.407013
37295,510.372772
37296,511.306122
37297,511.530884
37298,512.21106
37299,508.404541
37300,510.227448
37301,511.158386
37302,512.056641
37303,512.92627
37304,512.926392
37305,513.091736
37306,513.091553
37307,513.771118
37308,513.77124
37309,509.259644
37310,511.081207
37311,511.977722
37312,512.84137
37313,513.676025
37314,510.147766
37315,511.967773
37316,512.8302
37317,513.659607
37318,514.459839
37319,514.485779
37320,515.234619
37321,511.020264
37322,512.838501
37323,513.715271
37324,514.510864
37325,515.2771
37326,516.017517
37327,515.987671
37328,516.735779
37329,514.58429
37330,515.394409
37331,516.127075
37332,516.83374
37333,516.833679
37334,514.459839
37335,515.234619
37336,516.017456
37337,517.517761
37338,517.517761
37339,513.771484
37340,513.771423
37341,515.273926
37342,515.273987
37343,517.435303
37344,517.435303
37345,518.182678
37346,518.182678
37347,516.26178
37348,516.26178
37349,517.009216
37350,517.009216
37351,443.174957
37352,444.007965
37353,444.007904
37354,443.174896
37355,447.410004
37356,447.410126
37357,448.829132
37358,448.098389
37359,448.098297
37360,448.829102
37361,449.602173
37362,449.602173
37363,451.252014
37364,451.252167
37365,451.884125
37366,451.884003
37367,453.264099
37368,452.554657
37369,454.012573
37370,452.554749
37371,453.264191
37372,454.012604
37373,454.80014
37374,454.80014
37375,454.868164
37376,454.868134
37377,455.459473
37378,455.459778
37379,456.088074
37380,456.088501
37381,457.457794
37382,456.754211
37383,458.199188
37384,458.978912
37385,456.754608
37386,457.458099
37387,458.199402
37388,458.979034
37389,459.796967
37390,459.796936
37391,458.877808
37392,458.87854
37393,459.46759
37394,459.468323
37395,460.094025
37396,460.094604
37397,461.457825
37398,460.757446
37399,462.195648
37400,462.971466
37401,463.785309
37402,460.757782
37403,461.458099
37404,462.195953
37405,462.97168
37406,463.785431
37407,464.637268
37408,464.637238
37409,462.706116
37410,462.707275
37411,463.294281
37412,463.295074
37413,463.91861
37414,463.919067
37415,465.277557
37416,464.57962
37417,466.012817
37418,466.785767
37419,467.596527
37420,468.44519
37421,464.579742
37422,465.277649
37423,466.013062
37424,466.786041
37425,467.596741
37426,468.445312
37427,469.33197
37428,469.331909
37429,466.359528
37430,466.360657
37431,466.945953
37432,466.946564
37433,467.568298
37434,467.568481
37435,468.923157
37436,468.227203
37437,469.656433
37438,470.427094
37439,471.235291
37440,472.081116
37441,472.964691
37442,468.227051
37443,468.923035
37444,469.656525
37445,470.427307
37446,471.235535
37447,472.081299
37448,472.964813
37449,473.886353
37450,473.886322
37451,469.843506
37452,469.844269
37453,470.428192
37454,470.428406
37455,471.048798
37456,471.048615
37457,472.400208
37458,471.705872
37459,473.131836
37460,473.900482
37461,474.706329
37462,475.549408
37463,476.42984
37464,477.3479
37465,471.705444
37466,472.399841
37467,473.131744
37468,473.900574
37469,474.706482
37470,475.549591
37471,476.429993
37472,477.347992
37473,478.253906
37474,478.253876
37475,473.163788
37476,473.164062
37477,473.746887
37478,473.746643
37479,474.365814
37480,474.365265
37481,475.71405
37482,475.02124
37483,476.444122
37484,477.210907
37485,478.014465
37486,478.854889
37487,479.73233
37488,480.646973
37489,481.549316
37490,475.020569
37491,475.713531
37492,476.443848
37493,477.210815
37494,478.014526
37495,478.855042
37496,479.732483
37497,480.647125
37498,481.549408
37499,476.326172
37500,476.325897
37501,476.907715
37502,476.907013
37503,477.525116
37504,477.524292
37505,478.870514
37506,478.179077
37507,479.599121
37508,480.364227
37509,481.165802
37510,482.003906
37511,482.878662
37512,483.790192
37513,484.689178
37514,478.178406
37515,478.870026
37516,479.598724
37517,480.363983
37518,481.165741
37519,482.003967
37520,482.878754
37521,483.790344
37522,484.689301
37523,479.337036
37524,479.336182
37525,479.917236
37526,479.916199
37527,480.533508
37528,480.532776
37529,481.876892
37530,481.186584
37531,482.604126
37532,483.367737
37533,484.167603
37534,485.003693
37535,485.876038
37536,486.784729
37537,487.680573
37538,481.186249
37539,481.876617
37540,482.60376
37541,483.367432
37542,484.167419
37543,485.003632
37544,485.876068
37545,486.784851
37546,487.680695
37547,482.204071
37548,482.202759
37549,482.783417
37550,482.782623
37551,483.399292
37552,483.398987
37553,484.741119
37554,484.051849
37555,485.46698
37556,486.229156
37557,487.027466
37558,487.861755
37559,488.731903
37560,489.638031
37561,490.530945
37562,484.051788
37563,484.741028
37564,485.466766
37565,486.228912
37566,487.027283
37567,487.861633
37568,488.731873
37569,489.638062
37570,490.531006
37571,484.935608
37572,484.934845
37573,485.515045
37574,485.514832
37575,486.130768
37576,486.130707
37577,487.470978
37578,486.782715
37579,488.195587
37580,488.95639
37581,489.753204
37582,490.585785
37583,491.453918
37584,492.357635
37585,493.247803
37586,486.782776
37587,487.471039
37588,488.195526
37589,488.956268
37590,489.753052
37591,490.585632
37592,491.453827
37593,492.357605
37594,493.247833
37595,487.540741
37596,487.54071
37597,488.120239
37598,488.120239
37599,488.735474
37600,488.735504
37601,490.074127
37602,489.386749
37603,490.797577
37604,491.557129
37605,492.352478
37606,493.183411
37607,494.049622
37608,494.95108
37609,495.838654
37610,489.386902
37611,490.07428
37612,490.797638
37613,491.557098
37614,492.352386
37615,493.183289
37616,494.04953
37617,494.951019
37618,495.838623
37619,490.027008
37620,490.027039
37621,490.606018
37622,490.605988
37623,491.220642
37624,491.220703
37625,492.557861
37626,491.871277
37627,493.280334
37628,494.038696
37629,494.832672
37630,495.662018
37631,496.526428
37632,497.42569
37633,498.310791
37634,491.87149
37635,492.558044
37636,493.280396
37637,494.038696
37638,494.832672
37639,495.661957
37640,496.526337
37641,497.425598
37642,498.31073
37643,492.400818
37644,492.400757
37645,492.979279
37646,492.979248
37647,493.593353
37648,493.593506
37649,494.92923
37650,494.243408
37651,496.509766
37652,497.194916
37653,495.650787
37654,496.408112
37655,497.200836
37656,498.028687
37657,498.891327
37658,499.788513
37659,500.671234
37660,494.243683
37661,494.929413
37662,495.650909
37663,496.408142
37664,497.200867
37665,498.028687
37666,498.891296
37667,499.788452
37668,500.671204
37669,494.668823
37670,496.837708
37671,494.668701
37672,495.246796
37673,497.415161
37674,495.246826
37675,495.860443
37676,498.028229
37677,498.677002
37678,495.860657
37679,499.463684
37680,500.290131
37681,501.151093
37682,502.046265
37683,502.926758
37684,496.510132
37685,497.19516
37686,497.915863
37687,498.67215
37688,499.463684
37689,500.290131
37690,501.151093
37691,502.046265
37692,502.926727
37693,501.627502
37694,502.452637
37695,503.312042
37696,504.205322
37697,505.083649
37698,496.837372
37699,497.415283
37700,498.028564
37701,498.677307
37702,499.361694
37703,500.081665
37704,500.837036
37705,501.627502
37706,502.452667
37707,503.312042
37708,504.205322
37709,505.083649
37710,503.698334
37711,504.522217
37712,505.380127
37713,506.271606
37714,507.147888
37715,498.913055
37716,499.49057
37717,500.10321
37718,500.751282
37719,501.435059
37720,502.154358
37721,502.908905
37722,503.698334
37723,504.522217
37724,505.380127
37725,506.271606
37726,507.147888
37727,498.672089
37728,500.837006
37729,502.908875
37730,504.893311
37731,505.681732
37732,506.504456
37733,507.360901
37734,508.250671
37735,509.125031
37736,500.901306
37737,501.47818
37738,503.383514
37739,502.09024
37740,503.995117
37741,502.737823
37742,503.421021
37743,504.642242
37744,505.324829
37745,504.139618
37746,506.042694
37747,504.893311
37748,505.681732
37749,506.504425
37750,507.360901
37751,508.250671
37752,509.125031
37753,497.915771
37754,500.081604
37755,499.361542
37756,498.913391
37757,499.490448
37758,500.102936
37759,500.75119
37760,502.154358
37761,501.435059
37762,500.901428
37763,502.807373
37764,501.478027
37765,502.090149
37766,502.737854
37767,504.139618
37768,503.421051
37769,502.807098
37770,504.635681
37771,504.635956
37772,503.383423
37773,505.211517
37774,506.967102
37775,503.995117
37776,505.822723
37777,507.577637
37778,504.642242
37779,506.46933
37780,508.223633
37781,509.909607
37782,511.531189
37783,504.636139
37784,506.391785
37785,506.391937
37786,513.091858
37787,506.042694
37788,505.324829
37789,507.151306
37790,507.868469
37791,506.795532
37792,508.620514
37793,508.904999
37794,509.62149
37795,507.583008
37796,509.407013
37797,510.372772
37798,510.590302
37799,511.306122
37800,508.404541
37801,510.227448
37802,511.158386
37803,512.056641
37804,512.211182
37805,512.92627
37806,509.259644
37807,511.081207
37808,511.977722
37809,512.84137
37810,513.676025
37811,513.77124
37812,514.485657
37813,510.147766
37814,511.967773
37815,512.8302
37816,513.659607
37817,514.459839
37818,515.234619
37819,515.273865
37820,515.273926
37821,515.987671
37822,515.98761
37823,511.020264
37824,512.838501
37825,513.715271
37826,514.510864
37827,515.2771
37828,516.017517
37829,514.58429
37830,515.394409
37831,516.127075
37832,516.833679
37833,516.83374
37834,516.735779
37835,516.735779
37836,517.517761
37837,517.517761
37838,516.26178
37839,516.26178
37840,517.009216
37841,517.009216
37842,506.795563
37843,507.868469
37844,508.620514
37845,507.582977
37846,509.407013
37847,510.372772
37848,511.306091
37849,506.46936
37850,507.151337
37851,508.223724
37852,508.90509
37853,509.909515
37854,510.590302
37855,511.530853
37856,512.21106
37857,508.404541
37858,510.227417
37859,511.158356
37860,512.05658
37861,512.926208
37862,513.091431
37863,513.770996
37864,509.259613
37865,511.081207
37866,511.977692
37867,512.841309
37868,513.675964
37869,514.485596
37870,514.485657
37871,512.211426
37872,511.531311
37873,513.091858
37874,513.771362
37875,514.594849
37876,514.594666
37877,515.273621
37878,515.273804
37879,510.147766
37880,511.967773
37881,512.8302
37882,513.659607
37883,514.459778
37884,515.234558
37885,511.020264
37886,512.838501
37887,513.715271
37888,514.510864
37889,515.277039
37890,516.017456
37891,512.211487
37892,513.771423
37893,515.98761
37894,516.735718
37895,514.58429
37896,515.394409
37897,516.127075
37898,516.833679
37899,517.517761
37900,515.273926
37901,517.435303
37902,518.182678
37903,516.26178
37904,517.009216
37905,517.682556
37906,517.682556
37907,516.833679
37908,518.333008
37909,518.333008
37910,516.735718
37911,517.517761
37912,518.963867
37913,518.963806
37914,517.875
37915,517.875
37916,437.483276
37917,438.730499
37918,438.730438
37919,437.483185
37920,442.392792
37921,442.39267
37922,444.007965
37923,443.174957
37924,443.175171
37925,444.008118
37926,444.88913
37927,444.889069
37928,446.76358
37929,446.763763
37930,447.410004
37931,447.409821
37932,448.829102
37933,448.098297
37934,449.602173
37935,448.098389
37936,448.829193
37937,449.602173
37938,450.41687
37939,450.41687
37940,450.657806
37941,450.658051
37942,451.252014
37943,451.251801
37944,451.884003
37945,451.884094
37946,453.264191
37947,452.554749
37948,454.012604
37949,454.80014
37950,452.555023
37951,453.264404
37952,454.012695
37953,454.800171
37954,455.626617
37955,455.626587
37956,454.868164
37957,454.8685
37958,455.459778
37959,455.460297
37960,456.088501
37961,456.088989
37962,457.458099
37963,456.754608
37964,458.199402
37965,458.979034
37966,459.796967
37967,456.754913
37968,457.458313
37969,458.199646
37970,458.979187
37971,459.797058
37972,460.653229
37973,460.653198
37974,458.87854
37975,458.879425
37976,459.468323
37977,459.469025
37978,460.094604
37979,460.095032
37980,461.458099
37981,460.757782
37982,462.195953
37983,462.97168
37984,463.785431
37985,464.637268
37986,460.757904
37987,461.458191
37988,462.196136
37989,462.971893
37990,463.785614
37991,464.63739
37992,465.527405
37993,465.527374
37994,462.707275
37995,462.708252
37996,463.295074
37997,463.295624
37998,463.919067
37999,463.91922
38000,465.277649
38001,464.579742
38002,466.013062
38003,466.786041
38004,467.596741
38005,468.445312
38006,469.33197
38007,464.57962
38008,465.277557
38009,466.013153
38010,466.786224
38011,467.596954
38012,468.445496
38013,469.332062
38014,470.257019
38015,470.256989
38016,466.360657
38017,466.361359
38018,466.946564
38019,466.946747
38020,467.568481
38021,467.568298
38022,468.923035
38023,468.227051
38024,469.656525
38025,470.427307
38026,471.235535
38027,472.081299
38028,472.964813
38029,473.886353
38030,468.226654
38031,468.922699
38032,469.656433
38033,470.427368
38034,471.235687
38035,472.081482
38036,472.964966
38037,473.886444
38038,474.796112
38039,474.796082
38040,469.844269
38041,469.844482
38042,470.428406
38043,470.428192
38044,471.048615
38045,471.048096
38046,472.399841
38047,471.705444
38048,473.131744
38049,473.900574
38050,474.706482
38051,475.549591
38052,476.429993
38053,477.347992
38054,478.253906
38055,471.704803
38056,472.399353
38057,473.131439
38058,473.900482
38059,474.706543
38060,475.549713
38061,476.430145
38062,477.348145
38063,478.254028
38064,473.164062
38065,473.163788
38066,473.746643
38067,473.746002
38068,474.365265
38069,474.364441
38070,475.713531
38071,475.020569
38072,476.443848
38073,477.210815
38074,478.014526
38075,478.855042
38076,479.732483
38077,480.647125
38078,481.549408
38079,475.019897
38080,475.713013
38081,476.44342
38082,477.210602
38083,478.014465
38084,478.855072
38085,479.732605
38086,480.647247
38087,481.549561
38088,476.325897
38089,476.325073
38090,476.907013
38091,476.905945
38092,477.524292
38093,477.523468
38094,478.870026
38095,478.178406
38096,479.598724
38097,480.363983
38098,481.165741
38099,482.003967
38100,482.878754
38101,483.790344
38102,484.689301
38103,478.178009
38104,478.869659
38105,479.598328
38106,480.363678
38107,481.165558
38108,482.003906
38109,482.878815
38110,483.790436
38111,484.689423
38112,479.336182
38113,479.334839
38114,479.916199
38115,479.915253
38116,480.532776
38117,480.532349
38118,481.876617
38119,481.186249
38120,482.60376
38121,483.367432
38122,484.167419
38123,485.003632
38124,485.876068
38125,486.784851
38126,487.680695
38127,481.186127
38128,481.876495
38129,482.603516
38130,483.367157
38131,484.167206
38132,485.00351
38133,485.876038
38134,486.784882
38135,487.680756
38136,482.202759
38137,482.201782
38138,482.782623
38139,482.782288
38140,483.398987
38141,483.398895
38142,484.741028
38143,484.051788
38144,485.466766
38145,486.228912
38146,487.027283
38147,487.861633
38148,488.731873
38149,489.638062
38150,490.531006
38151,484.051849
38152,484.741119
38153,485.466705
38154,486.22876
38155,487.027069
38156,487.86145
38157,488.731781
38158,489.638031
38159,490.531036
38160,484.934845
38161,484.934692
38162,485.514832
38163,485.514801
38164,486.130707
38165,486.130768
38166,487.471039
38167,486.782776
38168,488.195526
38169,488.956268
38170,489.753052
38171,490.585632
38172,491.453827
38173,492.357605
38174,493.247833
38175,486.78299
38176,487.471252
38177,488.195587
38178,488.956207
38179,489.75293
38180,490.58551
38181,491.453735
38182,492.357544
38183,493.247803
38184,487.54071
38185,487.540741
38186,488.120239
38187,488.120239
38188,488.735504
38189,488.735626
38190,490.07428
38191,489.386902
38192,490.797638
38193,491.557098
38194,492.352386
38195,493.183289
38196,494.04953
38197,494.951019
38198,495.838623
38199,489.387207
38200,490.074524
38201,490.79776
38202,491.557129
38203,492.352356
38204,493.183228
38205,494.049438
38206,494.950928
38207,495.838562
38208,490.027039
38209,490.027008
38210,490.605988
38211,490.606049
38212,491.220703
38213,491.220978
38214,492.558044
38215,491.87149
38216,493.280396
38217,494.038696
38218,494.832672
38219,495.661957
38220,496.526337
38221,497.425598
38222,498.31073
38223,491.871826
38224,492.558289
38225,493.280548
38226,494.038788
38227,494.832672
38228,495.661957
38229,496.526306
38230,497.425568
38231,498.310669
38232,492.400757
38233,492.400665
38234,492.979248
38235,492.979401
38236,493.593506
38237,493.593842
38238,494.929413
38239,494.243683
38240,496.509949
38241,497.195038
38242,495.650909
38243,496.408142
38244,497.200867
38245,498.028687
38246,498.891296
38247,499.788452
38248,500.671204
38249,494.243927
38250,494.929596
38251,495.651031
38252,496.408234
38253,497.200897
38254,498.028687
38255,498.891296
38256,499.788422
38257,500.671173
38258,494.668701
38259,496.837524
38260,494.668671
38261,495.246826
38262,497.4151
38263,495.247131
38264,495.860657
38265,498.028351
38266,498.677094
38267,495.860931
38268,499.463684
38269,500.290131
38270,501.151093
38271,502.046265
38272,502.926727
38273,496.510223
38274,497.195221
38275,497.915955
38276,498.672211
38277,499.463745
38278,500.290161
38279,501.151093
38280,502.046234
38281,502.926697
38282,501.627502
38283,502.452667
38284,503.312042
38285,504.205322
38286,505.083649
38287,496.837585
38288,497.415588
38289,498.028687
38290,498.677246
38291,499.361633
38292,500.081696
38293,500.837097
38294,501.627533
38295,502.452667
38296,503.312042
38297,504.205322
38298,505.083649
38299,503.698334
38300,504.522217
38301,505.380127
38302,506.271606
38303,507.147888
38304,498.913391
38305,499.490692
38306,500.103119
38307,500.75119
38308,501.434998
38309,502.154358
38310,502.908905
38311,503.698334
38312,504.522217
38313,505.380127
38314,506.271606
38315,507.147888
38316,498.67215
38317,500.837036
38318,502.908905
38319,504.893311
38320,505.681732
38321,506.504425
38322,507.360901
38323,508.250671
38324,509.125031
38325,500.901428
38326,502.807098
38327,501.478119
38328,503.383453
38329,502.737854
38330,503.421051
38331,504.642334
38332,505.32489
38333,504.139587
38334,506.042694
38335,504.893311
38336,505.681732
38337,506.504425
38338,507.360901
38339,508.250671
38340,509.125
38341,497.915863
38342,500.081665
38343,499.361633
38344,498.913208
38345,499.490295
38346,500.102997
38347,500.751282
38348,502.154358
38349,501.435089
38350,500.901154
38351,501.477997
38352,502.09024
38353,502.737885
38354,504.139618
38355,503.421021
38356,502.806915
38357,504.635406
38358,506.391479
38359,503.383453
38360,505.211487
38361,506.966858
38362,503.995148
38363,505.822723
38364,507.577545
38365,504.642242
38366,506.46933
38367,508.223633
38368,509.909515
38369,511.531006
38370,513.091736
38371,514.594971
38372,514.595032
38373,506.042694
38374,505.324829
38375,507.151337
38376,507.8685
38377,506.795563
38378,508.620514
38379,508.905029
38380,509.621521
38381,507.582977
38382,509.407013
38383,510.372772
38384,510.590271
38385,511.306091
38386,508.404541
38387,510.227417
38388,511.158356
38389,512.05658
38390,512.21106
38391,512.926208
38392,509.259613
38393,511.081207
38394,511.977692
38395,512.841309
38396,513.675964
38397,513.771118
38398,514.485596
38399,510.147766
38400,511.967773
38401,512.8302
38402,513.659607
38403,514.459778
38404,515.234558
38405,515.273804
38406,515.987549
38407,511.020264
38408,512.838501
38409,513.715271
38410,514.510864
38411,515.277039
38412,516.017456
38413,516.735779
38414,516.735718
38415,514.58429
38416,515.394409
38417,516.127075
38418,516.833679
38419,517.517761
38420,516.26178
38421,517.009216
38422,517.682556
38423,517.682556
38424,518.333008
38425,518.333008
38426,515.234619
38427,516.017456
38428,516.735718
38429,517.517761
38430,518.182678
38431,518.182678
38432,518.963806
38433,518.963867
38434,517.875
38435,517.875
38436,507.583008
38437,509.407013
38438,509.621521
38439,510.372772
38440,508.40451
38441,510.227417
38442,511.158325
38443,512.05658
38444,511.306122
38445,512.926208
38446,506.469482
38447,507.151428
38448,508.223877
38449,508.905212
38450,509.909607
38451,510.590393
38452,511.530884
38453,512.21106
38454,513.09137
38455,513.770996
38456,509.259613
38457,511.081177
38458,511.977661
38459,512.841248
38460,513.675903
38461,514.485474
38462,514.594482
38463,515.27356
38464,510.147736
38465,511.967743
38466,512.830139
38467,513.659546
38468,514.459717
38469,515.234497
38470,515.987427
38471,515.987549
38472,514.594971
38473,515.273865
38474,516.043701
38475,516.043518
38476,516.721924
38477,516.722046
38478,511.020233
38479,512.83844
38480,513.71521
38481,514.510803
38482,515.276978
38483,516.017456
38484,516.735657
38485,514.584229
38486,515.394409
38487,516.127075
38488,516.833679
38489,517.517761
38490,516.26178
38491,517.009216
38492,517.682556
38493,518.333008
38494,518.963806
38495,517.875061
38496,518.563354
38497,518.563354
38498,519.180725
38499,519.180664
38500,518.332947
38501,519.778076
38502,519.778076
38503,518.182617
38504,518.963806
38505,434.340118
38506,434.340088
38507,435.921936
38508,435.921967
38509,436.266449
38510,436.266327
38511,438.730499
38512,437.483276
38513,437.483521
38514,438.730682
38515,439.998657
38516,439.998596
38517,441.662689
38518,441.662567
38519,442.392792
38520,442.393036
38521,444.008118
38522,443.175171
38523,444.88913
38524,443.175415
38525,444.008331
38526,444.889221
38527,445.814087
38528,445.814056
38529,446.158386
38530,446.158661
38531,446.76358
38532,446.763275
38533,447.409821
38534,447.409912
38535,448.829193
38536,448.098389
38537,449.602173
38538,450.41687
38539,448.098694
38540,448.829437
38541,449.602264
38542,450.416901
38543,451.271881
38544,451.271881
38545,450.657806
38546,450.65741
38547,451.251801
38548,451.251862
38549,451.884094
38550,451.88446
38551,453.264404
38552,452.555023
38553,454.012695
38554,454.800171
38555,455.626617
38556,452.555328
38557,453.264618
38558,454.012848
38559,454.800262
38560,455.626648
38561,456.491638
38562,456.491638
38563,454.8685
38564,454.869141
38565,455.460297
38566,455.460907
38567,456.088989
38568,456.089386
38569,457.458313
38570,456.754913
38571,458.199646
38572,458.979187
38573,459.797058
38574,460.653229
38575,456.755035
38576,457.458405
38577,458.199829
38578,458.97937
38579,459.79718
38580,460.65332
38581,461.547821
38582,461.547791
38583,458.879425
38584,458.88028
38585,459.469025
38586,459.469543
38587,460.095032
38588,460.095184
38589,461.458191
38590,460.757904
38591,462.196136
38592,462.971893
38593,463.785614
38594,464.63739
38595,465.527405
38596,460.757782
38597,461.458099
38598,462.196228
38599,462.972076
38600,463.785767
38601,464.637512
38602,465.527496
38603,466.456085
38604,466.456055
38605,462.708252
38606,462.708893
38607,463.295624
38608,463.295807
38609,463.91922
38610,463.919067
38611,465.277557
38612,464.57962
38613,466.013153
38614,466.786224
38615,467.596954
38616,468.445496
38617,469.332062
38618,470.257019
38619,464.579254
38620,465.277252
38621,466.013062
38622,466.786285
38623,467.597107
38624,468.445648
38625,469.332214
38626,470.257111
38627,471.17041
38628,471.17038
38629,466.361359
38630,466.361603
38631,466.946747
38632,466.946564
38633,467.568298
38634,467.56781
38635,468.922699
38636,468.226654
38637,469.656433
38638,470.427368
38639,471.235687
38640,472.081482
38641,472.964966
38642,473.886444
38643,474.796112
38644,468.226044
38645,468.922211
38646,469.656158
38647,470.427307
38648,471.235748
38649,472.081635
38650,472.965118
38651,473.886597
38652,474.796204
38653,469.844482
38654,469.844269
38655,470.428192
38656,470.427582
38657,471.048096
38658,471.047272
38659,472.399353
38660,471.704803
38661,473.131439
38662,473.900482
38663,474.706543
38664,475.549713
38665,476.430145
38666,477.348145
38667,478.254028
38668,471.704102
38669,472.398804
38670,473.131042
38671,473.900269
38672,474.706482
38673,475.549774
38674,476.430267
38675,477.348267
38676,478.25415
38677,473.163788
38678,473.163025
38679,473.746002
38680,473.744934
38681,474.364441
38682,474.363586
38683,475.713013
38684,475.019897
38685,476.44342
38686,477.210602
38687,478.014465
38688,478.855072
38689,479.732605
38690,480.647247
38691,481.549561
38692,475.019409
38693,475.712616
38694,476.443024
38695,477.210266
38696,478.014282
38697,478.855042
38698,479.732635
38699,480.647339
38700,481.549683
38701,476.325073
38702,476.32373
38703,476.905945
38704,476.904907
38705,477.523468
38706,477.522949
38707,478.869659
38708,478.178009
38709,479.598328
38710,480.363678
38711,481.165558
38712,482.003906
38713,482.878815
38714,483.790436
38715,484.689423
38716,478.177856
38717,478.869568
38718,479.598053
38719,480.363373
38720,481.165314
38721,482.003784
38722,482.878754
38723,483.790466
38724,484.689514
38725,479.334839
38726,479.333679
38727,479.915253
38728,479.914795
38729,480.532349
38730,480.532227
38731,481.876495
38732,481.186127
38733,482.603516
38734,483.367157
38735,484.167206
38736,485.00351
38737,485.876038
38738,486.784882
38739,487.680756
38740,481.186249
38741,481.876617
38742,482.603455
38743,483.366974
38744,484.166992
38745,485.003326
38746,485.875916
38747,486.784851
38748,487.680817
38749,482.201782
38750,482.201447
38751,482.782288
38752,482.782196
38753,483.398895
38754,483.398987
38755,484.741119
38756,484.051849
38757,485.466705
38758,486.22876
38759,487.027069
38760,487.86145
38761,488.731781
38762,489.638031
38763,490.531036
38764,484.052155
38765,484.741364
38766,485.466766
38767,486.228699
38768,487.026947
38769,487.861298
38770,488.731628
38771,489.637939
38772,490.531006
38773,484.934692
38774,484.934692
38775,485.514801
38776,485.514832
38777,486.130768
38778,486.130981
38779,487.471252
38780,486.78299
38781,488.195587
38782,488.956207
38783,489.75293
38784,490.58551
38785,491.453735
38786,492.357544
38787,493.247803
38788,486.783417
38789,487.471588
38790,488.19574
38791,488.956268
38792,489.752899
38793,490.585419
38794,491.453613
38795,492.357452
38796,493.247742
38797,487.540741
38798,487.54071
38799,488.120239
38800,488.120361
38801,488.735626
38802,488.736023
38803,490.074524
38804,489.387207
38805,490.79776
38806,491.557129
38807,492.352356
38808,493.183228
38809,494.049438
38810,494.950928
38811,495.838562
38812,489.387665
38813,490.07486
38814,490.797943
38815,491.55722
38816,492.352386
38817,493.183197
38818,494.049377
38819,494.950867
38820,495.838501
38821,490.027008
38822,490.026978
38823,490.606049
38824,490.606323
38825,491.220978
38826,491.221436
38827,492.558289
38828,491.871826
38829,493.280548
38830,494.038788
38831,494.832672
38832,495.661957
38833,496.526306
38834,497.425568
38835,498.310669
38836,491.872131
38837,492.558533
38838,493.280762
38839,494.03891
38840,494.832733
38841,495.661957
38842,496.526276
38843,497.425507
38844,498.310638
38845,492.400665
38846,492.400818
38847,492.979401
38848,492.979828
38849,493.593842
38850,493.594177
38851,494.929596
38852,494.243927
38853,496.510132
38854,497.19516
38855,495.651031
38856,496.408234
38857,497.200897
38858,498.028687
38859,498.891296
38860,499.788422
38861,500.671173
38862,494.244019
38863,494.929688
38864,495.651154
38865,496.408325
38866,497.200958
38867,498.028748
38868,498.891296
38869,499.788422
38870,500.671143
38871,494.668671
38872,496.837372
38873,494.669067
38874,495.247131
38875,497.415283
38876,495.247528
38877,495.860931
38878,498.028564
38879,498.677246
38880,495.861053
38881,499.463745
38882,500.290161
38883,501.151093
38884,502.046234
38885,502.926697
38886,496.510132
38887,497.19516
38888,497.915985
38889,498.672272
38890,499.463776
38891,500.290192
38892,501.151123
38893,502.046265
38894,502.926697
38895,501.627533
38896,502.452667
38897,503.312042
38898,504.205322
38899,505.083649
38900,496.838043
38901,497.415741
38902,498.028564
38903,498.677094
38904,499.361542
38905,500.081665
38906,500.837097
38907,501.627563
38908,502.452698
38909,503.312073
38910,504.205322
38911,505.083649
38912,503.698334
38913,504.522217
38914,505.380127
38915,506.271606
38916,507.147888
38917,498.913574
38918,499.49057
38919,500.102997
38920,502.090149
38921,500.75116
38922,501.434967
38923,502.154327
38924,502.908905
38925,503.698334
38926,504.522217
38927,505.380127
38928,506.271606
38929,507.147888
38930,498.672211
38931,500.837097
38932,502.908905
38933,504.893311
38934,505.681732
38935,506.504425
38936,507.360901
38937,508.250671
38938,509.125
38939,500.901306
38940,502.807007
38941,502.737946
38942,503.421112
38943,504.642426
38944,505.324982
38945,504.139618
38946,506.042755
38947,504.893311
38948,506.795563
38949,505.681732
38950,506.504425
38951,507.360901
38952,508.250671
38953,509.125
38954,497.915955
38955,500.081696
38956,499.361694
38957,498.912994
38958,499.490356
38959,500.103119
38960,500.751312
38961,502.154358
38962,501.435059
38963,500.901093
38964,501.478119
38965,502.090271
38966,502.737854
38967,504.139587
38968,503.421021
38969,502.807007
38970,504.635406
38971,506.391174
38972,503.383514
38973,505.211517
38974,506.966766
38975,503.995117
38976,505.822723
38977,507.577545
38978,504.642242
38979,506.46936
38980,508.223633
38981,509.909485
38982,511.530884
38983,513.091553
38984,514.594849
38985,506.042755
38986,505.32489
38987,507.151428
38988,507.868561
38989,506.795563
38990,508.620544
38991,508.90509
38992,509.621582
38993,507.583008
38994,509.407013
38995,510.372772
38996,510.590302
38997,511.306122
38998,508.40451
38999,510.227417
39000,511.158325
39001,512.05658
39002,512.21106
39003,512.926208
39004,509.259613
39005,511.081177
39006,511.977661
39007,512.841248
39008,513.675903
39009,513.770996
39010,514.485474
39011,510.147736
39012,511.967743
39013,512.830139
39014,513.659546
39015,514.459717
39016,515.234497
39017,515.273621
39018,515.987427
39019,511.020233
39020,512.83844
39021,513.71521
39022,514.510803
39023,515.276978
39024,516.017456
39025,516.735657
39026,514.584229
39027,515.394409
39028,516.127075
39029,516.833679
39030,517.517761
39031,516.26178
39032,517.009216
39033,517.682556
39034,518.333008
39035,518.182678
39036,518.963806
39037,517.875061
39038,518.563354
39039,518.563354
39040,519.180664
39041,519.180725
39042,516.833679
39043,518.332947
39044,519.778076
39045,519.778076
39046,515.234558
39047,516.017456
39048,516.735657
39049,517.5177
39050,518.182617
39051,518.963806
39052,507.583008
39053,508.620544
39054,509.407043
39055,508.404541
39056,510.227417
39057,511.158356
39058,512.05658
39059,509.259613
39060,511.081177
39061,511.977661
39062,512.841248
39063,513.675903
39064,509.621582
39065,511.306183
39066,512.926208
39067,514.485474
39068,506.469604
39069,507.15152
39070,508.223999
39071,508.905304
39072,507.868561
39073,507.8685
39074,509.621643
39075,509.90979
39076,510.590515
39077,511.531006
39078,512.211182
39079,513.091431
39080,513.770996
39081,514.594482
39082,515.273499
39083,510.147736
39084,511.967712
39085,512.830139
39086,513.659485
39087,514.459656
39088,515.234436
39089,515.987366
39090,516.043396
39091,516.721863
39092,511.020233
39093,512.83844
39094,513.71521
39095,514.510742
39096,515.276978
39097,516.017395
39098,516.735596
39099,517.435059
39100,517.435181
39101,516.043823
39102,516.722168
39103,517.441284
39104,517.441162
39105,518.118958
39106,518.11908
39107,514.584229
39108,515.394348
39109,516.127014
39110,516.833618
39111,517.5177
39112,517.435242
39113,518.182556
39114,518.182617
39115,516.26178
39116,517.009216
39117,517.682495
39118,518.332947
39119,517.875
39120,518.563354
39121,519.180664
39122,519.778076
39123,519.427612
39124,519.427612
39125,520.060181
39126,520.060181
39127,520.624695
39128,520.624695
39129,519.778076
39130,517.5177
39131,516.735657
39132,518.182556
39133,518.963745
39134,432.762512
39135,432.762482
39136,434.340118
39137,435.921967
39138,434.340271
39139,435.922089
39140,437.494019
39141,437.494049
39142,435.08786
39143,435.087677
39144,436.266449
39145,436.266785
39146,438.730682
39147,437.483521
39148,439.998657
39149,437.483765
39150,438.730896
39151,439.998779
39152,441.276306
39153,441.276245
39154,440.984833
39155,440.98465
39156,441.662689
39157,441.663025
39158,442.393036
39159,442.393372
39160,444.008331
39161,443.175415
39162,444.889221
39163,445.814087
39164,443.175659
39165,444.008514
39166,444.889374
39167,445.814178
39168,446.776733
39169,446.776703
39170,446.158386
39171,446.157806
39172,446.763275
39173,446.763275
39174,447.409912
39175,447.410339
39176,448.829437
39177,448.098694
39178,449.602264
39179,450.416901
39180,451.271881
39181,448.09906
39182,448.829681
39183,449.602448
39184,450.416962
39185,451.271912
39186,452.16507
39187,452.165039
39188,450.65741
39189,450.65741
39190,451.251862
39191,451.252319
39192,451.88446
39193,451.884888
39194,453.264618
39195,452.555328
39196,454.012848
39197,454.800262
39198,455.626648
39199,456.491638
39200,452.555481
39201,453.264709
39202,454.013
39203,454.800354
39204,455.626709
39205,456.491669
39206,457.394714
39207,457.394714
39208,454.869141
39209,454.869904
39210,455.460907
39211,455.461426
39212,456.089386
39213,456.089539
39214,457.458405
39215,456.755035
39216,458.199829
39217,458.97937
39218,459.79718
39219,460.65332
39220,461.547821
39221,456.754913
39222,457.458313
39223,458.19989
39224,458.979492
39225,459.797302
39226,460.653412
39227,461.547882
39228,462.480896
39229,462.480896
39230,458.88028
39231,458.88092
39232,459.469543
39233,459.469757
39234,460.095184
39235,460.095032
39236,461.458099
39237,460.757782
39238,462.196228
39239,462.972076
39240,463.785767
39241,464.637512
39242,465.527496
39243,466.456085
39244,460.757446
39245,461.457825
39246,462.196136
39247,462.972137
39248,463.785919
39249,464.637665
39250,465.527618
39251,466.456146
39252,467.373047
39253,467.373016
39254,462.708893
39255,462.709106
39256,463.295807
39257,463.295624
39258,463.919067
39259,463.91861
39260,465.277252
39261,464.579254
39262,466.013062
39263,466.786285
39264,467.597107
39265,468.445648
39266,469.332214
39267,470.257111
39268,471.17041
39269,464.578705
39270,465.276825
39271,466.012817
39272,466.786224
39273,467.597137
39274,468.44577
39275,469.332336
39276,470.257233
39277,471.170502
39278,466.361603
39279,466.361359
39280,466.946564
39281,466.945953
39282,467.56781
39283,467.567047
39284,468.922211
39285,468.226044
39286,469.656158
39287,470.427307
39288,471.235748
39289,472.081635
39290,472.965118
39291,473.886597
39292,474.796204
39293,468.225372
39294,468.921692
39295,469.655792
39296,470.427094
39297,471.235687
39298,472.081665
39299,472.96524
39300,473.886719
39301,474.796326
39302,469.844269
39303,469.843506
39304,470.427582
39305,470.426575
39306,471.047272
39307,471.046417
39308,472.398804
39309,471.704102
39310,473.131042
39311,473.900269
39312,474.706482
39313,475.549774
39314,476.430267
39315,477.348267
39316,478.25415
39317,471.703613
39318,472.398407
39319,473.130646
39320,473.899963
39321,474.706329
39322,475.549713
39323,476.430298
39324,477.348358
39325,478.254272
39326,473.163025
39327,473.161713
39328,473.744934
39329,473.743835
39330,474.363586
39331,474.363007
39332,475.712616
39333,475.019409
39334,476.443024
39335,477.210266
39336,478.014282
39337,478.855042
39338,479.732635
39339,480.647339
39340,481.549683
39341,475.019257
39342,475.712494
39343,476.442719
39344,477.209961
39345,478.014038
39346,478.854889
39347,479.732605
39348,480.6474
39349,481.549774
39350,476.32373
39351,476.322418
39352,476.904907
39353,476.904327
39354,477.522949
39355,477.522797
39356,478.869568
39357,478.177856
39358,479.598053
39359,480.363373
39360,481.165314
39361,482.003784
39362,482.878754
39363,483.790466
39364,484.689514
39365,478.178009
39366,478.869659
39367,479.597961
39368,480.363159
39369,481.16507
39370,482.003601
39371,482.878662
39372,483.790436
39373,484.689545
39374,479.333679
39375,479.33316
39376,479.914795
39377,479.914673
39378,480.532227
39379,480.532349
39380,481.876617
39381,481.186249
39382,482.603455
39383,483.366974
39384,484.166992
39385,485.003326
39386,485.875916
39387,486.784851
39388,487.680817
39389,481.186584
39390,481.876892
39391,482.603516
39392,483.366882
39393,484.16684
39394,485.003143
39395,485.875763
39396,486.784729
39397,487.680756
39398,482.201447
39399,482.201416
39400,482.782196
39401,482.782288
39402,483.398987
39403,483.399292
39404,484.741364
39405,484.052155
39406,485.466766
39407,486.228699
39408,487.026947
39409,487.861298
39410,488.731628
39411,489.637939
39412,490.531006
39413,484.052673
39414,484.74176
39415,485.46698
39416,486.22876
39417,487.026886
39418,487.861206
39419,488.731506
39420,489.637848
39421,490.530945
39422,484.934692
39423,484.934692
39424,485.514832
39425,485.515045
39426,486.130981
39427,486.1315
39428,487.471588
39429,486.783417
39430,488.19574
39431,488.956268
39432,489.752899
39433,490.585419
39434,491.453613
39435,492.357452
39436,493.247742
39437,486.783936
39438,487.471985
39439,488.196014
39440,488.95639
39441,489.75293
39442,490.585388
39443,491.453522
39444,492.35733
39445,493.24765
39446,487.54071
39447,487.540741
39448,488.120361
39449,488.120819
39450,488.736023
39451,488.736603
39452,490.07486
39453,489.387665
39454,490.797943
39455,491.55722
39456,492.352386
39457,493.183197
39458,494.049377
39459,494.950867
39460,495.838501
39461,489.388031
39462,490.075134
39463,490.798218
39464,491.557373
39465,492.352478
39466,493.183228
39467,494.049377
39468,494.950806
39469,495.838409
39470,490.026978
39471,490.027313
39472,490.606323
39473,490.606934
39474,491.221436
39475,491.221832
39476,492.558533
39477,491.872131
39478,493.280762
39479,494.03891
39480,494.832733
39481,495.661957
39482,496.526276
39483,497.425507
39484,498.310638
39485,491.872253
39486,492.558594
39487,493.280914
39488,494.039062
39489,494.832855
39490,495.662018
39491,496.526306
39492,497.425507
39493,498.310577
39494,492.400818
39495,492.401398
39496,492.979828
39497,492.980316
39498,493.594177
39499,493.59433
39500,494.929688
39501,494.244019
39502,496.510223
39503,497.195221
39504,495.651154
39505,496.408325
39506,497.200958
39507,498.028748
39508,498.891296
39509,499.788422
39510,500.671143
39511,494.243927
39512,494.929596
39513,495.651215
39514,496.408447
39515,497.20105
39516,498.028778
39517,498.891327
39518,499.788422
39519,500.671143
39520,494.669067
39521,496.837585
39522,494.669617
39523,495.247528
39524,497.415588
39525,495.247681
39526,495.861053
39527,498.028687
39528,498.677307
39529,495.860931
39530,499.463776
39531,500.290192
39532,501.151123
39533,502.046265
39534,502.926697
39535,496.509949
39536,497.195038
39537,497.915955
39538,498.672302
39539,499.463837
39540,500.290222
39541,501.151154
39542,502.046265
39543,502.926697
39544,501.627563
39545,502.452698
39546,503.312073
39547,504.205322
39548,505.083649
39549,496.838257
39550,497.415588
39551,498.028351
39552,498.677002
39553,499.361481
39554,500.081604
39555,500.837097
39556,501.627594
39557,502.452698
39558,503.312073
39559,504.205322
39560,505.083649
39561,503.698334
39562,504.522217
39563,505.380127
39564,506.271606
39565,507.147888
39566,498.913391
39567,499.490356
39568,501.477997
39569,500.102936
39570,502.09021
39571,500.751221
39572,501.434998
39573,502.154297
39574,502.908875
39575,503.698334
39576,504.522217
39577,505.380127
39578,506.271606
39579,507.147888
39580,498.672272
39581,500.837097
39582,502.908905
39583,504.893311
39584,505.681732
39585,506.504425
39586,507.360901
39587,508.250671
39588,509.125
39589,502.738007
39590,503.421143
39591,504.642517
39592,505.325043
39593,504.139648
39594,506.042816
39595,504.893311
39596,506.795593
39597,505.681732
39598,506.504425
39599,507.360901
39600,508.250641
39601,509.125
39602,497.915985
39603,500.081665
39604,499.361633
39605,498.913055
39606,499.49057
39607,500.10321
39608,500.751282
39609,502.154327
39610,501.434998
39611,500.901306
39612,501.47818
39613,502.09024
39614,502.737823
39615,504.139618
39616,503.421051
39617,502.807098
39618,504.635468
39619,506.391083
39620,503.383453
39621,505.211487
39622,506.966766
39623,503.995117
39624,505.822754
39625,507.577545
39626,504.642334
39627,506.469482
39628,508.223724
39629,509.909515
39630,511.530853
39631,513.091431
39632,514.594666
39633,516.043701
39634,516.043823
39635,516.722168
39636,516.722046
39637,506.042816
39638,505.324982
39639,507.15152
39640,507.868652
39641,506.795593
39642,508.620605
39643,508.905212
39644,509.621643
39645,507.583008
39646,509.407043
39647,510.372833
39648,510.590393
39649,511.306183
39650,508.404541
39651,510.227417
39652,511.158356
39653,512.05658
39654,512.21106
39655,512.926208
39656,509.259613
39657,511.081177
39658,511.977661
39659,512.841248
39660,513.675903
39661,513.770996
39662,514.485474
39663,510.147736
39664,511.967712
39665,512.830139
39666,513.659485
39667,514.459656
39668,515.234436
39669,515.27356
39670,515.987366
39671,511.020233
39672,512.83844
39673,513.71521
39674,514.510742
39675,515.276978
39676,516.017395
39677,516.735596
39678,514.584229
39679,515.394348
39680,516.127014
39681,516.833618
39682,517.5177
39683,516.26178
39684,517.009216
39685,517.682495
39686,518.332947
39687,518.182617
39688,518.963806
39689,517.875
39690,518.563354
39691,519.180664
39692,519.778076
39693,519.427612
39694,519.427612
39695,520.060181
39696,520.060181
39697,517.682495
39698,519.180664
39699,520.624695
39700,520.624695
39701,516.833618
39702,518.332886
39703,519.778076
39704,507.583038
39705,508.620605
39706,509.407074
39707,508.404541
39708,510.227448
39709,510.372833
39710,511.158386
39711,509.259613
39712,511.081177
39713,511.977661
39714,512.841248
39715,512.056641
39716,513.675903
39717,510.147736
39718,511.967712
39719,512.830139
39720,513.659485
39721,514.459656
39722,515.234375
39723,511.306274
39724,512.92627
39725,514.485474
39726,515.987305
39727,506.469696
39728,507.151581
39729,508.224091
39730,508.905396
39731,507.868652
39732,509.621735
39733,509.909912
39734,510.590637
39735,510.372894
39736,511.531189
39737,512.211304
39738,513.091553
39739,513.771118
39740,514.594482
39741,515.27356
39742,516.043335
39743,516.721802
39744,511.020203
39745,512.83844
39746,513.715149
39747,514.510742
39748,515.276917
39749,516.017334
39750,516.735535
39751,517.434998
39752,517.44104
39753,518.118896
39754,514.584167
39755,515.394348
39756,516.126953
39757,516.833557
39758,517.517639
39759,518.182495
39760,518.831482
39761,518.831543
39762,514.595032
39763,516.043884
39764,516.722229
39765,517.441406
39766,518.119202
39767,516.261719
39768,517.009155
39769,517.682495
39770,518.332886
39771,518.963745
39772,518.963806
39773,518.831604
39774,519.578247
39775,519.578308
39776,517.875
39777,518.563293
39778,519.180664
39779,519.427612
39780,520.060181
39781,520.624695
39782,520.358643
39783,520.358643
39784,521.171997
39785,521.171997
39786,520.923035
39787,520.923035
39788,518.563293
39789,517.682495
39790,519.180664
39791,520.06012
39792,521.50293
39793,521.50293
39794,520.624695
39795,521.171997
39796,522.017517
39797,522.017517
39798,518.332886
39799,519.778015
39800,431.201782
39801,431.201752
39802,432.762512
39803,432.762634
39804,434.340271
39805,435.922089
39806,437.494049
39807,434.340515
39808,435.922272
39809,437.494141
39810,439.040863
39811,439.040894
39812,433.953705
39813,433.953461
39814,435.08786
39815,435.088287
39816,436.266785
39817,436.26712
39818,438.730896
39819,437.483765
39820,439.998779
39821,441.276306
39822,437.483948
39823,438.731049
39824,439.998932
39825,441.276398
39826,442.549835
39827,442.549835
39828,440.984833
39829,440.98526
39830,441.663025
39831,441.663483
39832,442.393372
39833,442.393677
39834,444.008514
39835,443.175659
39836,444.889374
39837,445.814178
39838,446.776733
39839,443.175812
39840,444.008636
39841,444.889526
39842,445.814301
39843,446.776825
39844,447.76886
39845,447.76886
39846,446.157806
39847,446.157776
39848,446.763275
39849,446.763885
39850,447.410339
39851,447.410858
39852,448.829681
39853,448.09906
39854,449.602448
39855,450.416962
39856,451.271912
39857,452.16507
39858,448.099243
39859,448.829773
39860,449.6026
39861,450.417084
39862,451.271973
39863,452.1651
39864,453.093445
39865,453.093414
39866,450.65741
39867,450.658051
39868,451.252319
39869,451.25293
39870,451.884888
39871,451.885101
39872,453.264709
39873,452.555481
39874,454.013
39875,454.800354
39876,455.626709
39877,456.491669
39878,457.394714
39879,452.555328
39880,453.264618
39881,454.013062
39882,454.800476
39883,455.626801
39884,456.49173
39885,457.394745
39886,458.335266
39887,458.335236
39888,454.869904
39889,454.870544
39890,455.461426
39891,455.461609
39892,456.089539
39893,456.089386
39894,457.458313
39895,456.754913
39896,458.19989
39897,458.979492
39898,459.797302
39899,460.653412
39900,461.547882
39901,462.480896
39902,456.754608
39903,457.458099
39904,458.199829
39905,458.979553
39906,459.797424
39907,460.653503
39908,461.547943
39909,462.480957
39910,463.401917
39911,463.401886
39912,458.88092
39913,458.881165
39914,459.469757
39915,459.469543
39916,460.095032
39917,460.094604
39918,461.457825
39919,460.757446
39920,462.196136
39921,462.972137
39922,463.785919
39923,464.637665
39924,465.527618
39925,466.456146
39926,467.373047
39927,460.756989
39928,461.457458
39929,462.195953
39930,462.972076
39931,463.78595
39932,464.637756
39933,465.52774
39934,466.456238
39935,467.373108
39936,462.709106
39937,462.708893
39938,463.295624
39939,463.295074
39940,463.91861
39941,463.917938
39942,465.276825
39943,464.578705
39944,466.012817
39945,466.786224
39946,467.597137
39947,468.44577
39948,469.332336
39949,470.257233
39950,471.170502
39951,464.578125
39952,465.276367
39953,466.012482
39954,466.786041
39955,467.597107
39956,468.445801
39957,469.332428
39958,470.257355
39959,471.170593
39960,466.361359
39961,466.360657
39962,466.945953
39963,466.945038
39964,467.567047
39965,467.566193
39966,468.921692
39967,468.225372
39968,469.655792
39969,470.427094
39970,471.235687
39971,472.081665
39972,472.96524
39973,473.886719
39974,474.796326
39975,468.224854
39976,468.921295
39977,469.655396
39978,470.426788
39979,471.235535
39980,472.081635
39981,472.965271
39982,473.88681
39983,474.796448
39984,469.843506
39985,469.842285
39986,470.426575
39987,470.425476
39988,471.046417
39989,471.045776
39990,472.398407
39991,471.703613
39992,473.130646
39993,473.899963
39994,474.706329
39995,475.549713
39996,476.430298
39997,477.348358
39998,478.254272
39999,471.70343
40000,472.398285
40001,473.130341
40002,473.899628
40003,474.706085
40004,475.549591
40005,476.430267
40006,477.348419
40007,478.254364
40008,473.161713
40009,473.160309
40010,473.743835
40011,473.743134
40012,474.363007
40013,474.362823
40014,475.712494
40015,475.019257
40016,476.442719
40017,477.209961
40018,478.014038
40019,478.854889
40020,479.732605
40021,480.6474
40022,481.549774
40023,475.019409
40024,475.712616
40025,476.442627
40026,477.209717
40027,478.013794
40028,478.854706
40029,479.732483
40030,480.647339
40031,481.549805
40032,476.322418
40033,476.321747
40034,476.904327
40035,476.904144
40036,477.522797
40037,477.522949
40038,478.869659
40039,478.178009
40040,479.597961
40041,480.363159
40042,481.16507
40043,482.003601
40044,482.878662
40045,483.790436
40046,484.689545
40047,478.178406
40048,478.870026
40049,479.598053
40050,480.363098
40051,481.164917
40052,482.003387
40053,482.87851
40054,483.790344
40055,484.689514
40056,479.33316
40057,479.333069
40058,479.914673
40059,479.914795
40060,480.532349
40061,480.532776
40062,481.876892
40063,481.186584
40064,482.603516
40065,483.366882
40066,484.16684
40067,485.003143
40068,485.875763
40069,486.784729
40070,487.680756
40071,481.187164
40072,481.87735
40073,482.60376
40074,483.366974
40075,484.166779
40076,485.003021
40077,485.875641
40078,486.784607
40079,487.680695
40080,482.201416
40081,482.201447
40082,482.782288
40083,482.782623
40084,483.399292
40085,483.399933
40086,484.74176
40087,484.052673
40088,485.46698
40089,486.22876
40090,487.026886
40091,487.861206
40092,488.731506
40093,489.637848
40094,490.530945
40095,484.053253
40096,484.742218
40097,485.467285
40098,486.228912
40099,487.026947
40100,487.861145
40101,488.731415
40102,489.637726
40103,490.530823
40104,484.934692
40105,484.934845
40106,485.515045
40107,485.515686
40108,486.1315
40109,486.132202
40110,487.471985
40111,486.783936
40112,488.196014
40113,488.95639
40114,489.75293
40115,490.585388
40116,491.453522
40117,492.35733
40118,493.24765
40119,486.784363
40120,487.47229
40121,488.19632
40122,488.956604
40123,489.753052
40124,490.585419
40125,491.453522
40126,492.357269
40127,493.247559
40128,487.540741
40129,487.54129
40130,488.120819
40131,488.121582
40132,488.736603
40133,488.737091
40134,490.075134
40135,489.388031
40136,490.798218
40137,491.557373
40138,492.352478
40139,493.183228
40140,494.049377
40141,494.950806
40142,495.838409
40143,489.388153
40144,490.075226
40145,490.798401
40146,491.557587
40147,492.3526
40148,493.183289
40149,494.049377
40150,494.950775
40151,495.838379
40152,490.027313
40153,490.028076
40154,490.606934
40155,490.607483
40156,491.221832
40157,491.221985
40158,492.558594
40159,491.872253
40160,493.280914
40161,494.039062
40162,494.832855
40163,495.662018
40164,496.526306
40165,497.425507
40166,498.310577
40167,491.872131
40168,492.558533
40169,493.280975
40170,494.039185
40171,494.832947
40172,495.662109
40173,496.526337
40174,497.425507
40175,498.310577
40176,492.401398
40177,492.402039
40178,492.980316
40179,492.980499
40180,493.59433
40181,493.594177
40182,494.929596
40183,494.243927
40184,496.510132
40185,497.19516
40186,495.651215
40187,496.408447
40188,497.20105
40189,498.028778
40190,498.891327
40191,499.788422
40192,500.671143
40193,494.243683
40194,494.929413
40195,495.651154
40196,496.408478
40197,497.201111
40198,498.028839
40199,498.891388
40200,499.788452
40201,500.671143
40202,494.669617
40203,496.838043
40204,494.669861
40205,495.247681
40206,497.415741
40207,495.247528
40208,495.860931
40209,498.028564
40210,498.677246
40211,495.860657
40212,499.463837
40213,500.290222
40214,501.151154
40215,502.046265
40216,502.926697
40217,496.509766
40218,497.194916
40219,497.915863
40220,498.672272
40221,499.463837
40222,500.290253
40223,501.151184
40224,502.046295
40225,502.926727
40226,501.627594
40227,502.452698
40228,503.312073
40229,504.205322
40230,505.083649
40231,496.838043
40232,497.415283
40233,498.028229
40234,498.677002
40235,499.361481
40236,500.081543
40237,500.837036
40238,501.627563
40239,502.452728
40240,503.312103
40241,504.205353
40242,505.083649
40243,503.698334
40244,504.522217
40245,505.380127
40246,506.271606
40247,507.147888
40248,498.913055
40249,500.901093
40250,499.490295
40251,501.478027
40252,500.751282
40253,501.435059
40254,502.154327
40255,502.908875
40256,503.698334
40257,504.522217
40258,505.380127
40259,506.271606
40260,507.147888
40261,498.672302
40262,500.837097
40263,502.908875
40264,504.893311
40265,505.681732
40266,506.504425
40267,507.360901
40268,508.250641
40269,509.125
40270,502.738037
40271,503.421173
40272,504.642548
40273,505.325043
40274,504.139709
40275,506.042847
40276,504.893341
40277,506.795654
40278,505.681763
40279,506.504425
40280,507.360901
40281,508.250641
40282,509.125
40283,497.915955
40284,500.081604
40285,499.361542
40286,498.913391
40287,499.490692
40288,500.103119
40289,500.75119
40290,502.154297
40291,501.434967
40292,500.901428
40293,501.478119
40294,502.090149
40295,502.737854
40296,504.139648
40297,503.421112
40298,502.807007
40299,504.635406
40300,506.391113
40301,503.383423
40302,505.211517
40303,506.966766
40304,503.995209
40305,505.822906
40306,507.577637
40307,504.642426
40308,506.469604
40309,508.223877
40310,509.909607
40311,511.530884
40312,513.09137
40313,514.594482
40314,516.043518
40315,516.721924
40316,506.042847
40317,505.325043
40318,507.151581
40319,507.868683
40320,506.795654
40321,508.620667
40322,508.905304
40323,509.621735
40324,507.583038
40325,509.407074
40326,510.372894
40327,510.590515
40328,511.306274
40329,508.404541
40330,510.227448
40331,511.158386
40332,512.056641
40333,512.211182
40334,512.92627
40335,509.259613
40336,511.081177
40337,511.977661
40338,512.841248
40339,513.675903
40340,513.770996
40341,514.485474
40342,510.147736
40343,511.967712
40344,512.830139
40345,513.659485
40346,514.459656
40347,515.234375
40348,511.020203
40349,512.83844
40350,513.715149
40351,514.510742
40352,515.276917
40353,516.017334
40354,516.735535
40355,514.584167
40356,515.394348
40357,516.126953
40358,516.833557
40359,517.517639
40360,516.261719
40361,517.009155
40362,517.682495
40363,518.332886
40364,517.875
40365,518.563293
40366,519.180664
40367,519.778076
40368,519.427612
40369,520.060181
40370,520.624695
40371,520.923035
40372,520.923035
40373,521.50293
40374,521.50293
40375,517.682495
40376,519.180603
40377,520.624695
40378,507.583069
40379,508.620667
40380,509.407104
40381,508.404572
40382,510.227478
40383,511.158417
40384,509.259613
40385,511.081207
40386,511.977692
40387,512.841309
40388,510.147736
40389,511.967712
40390,512.830139
40391,513.659485
40392,514.459656
40393,512.056702
40394,513.675964
40395,515.234436
40396,511.020203
40397,512.83844
40398,513.715149
40399,514.510742
40400,515.276917
40401,516.017273
40402,516.735535
40403,511.306366
40404,512.926392
40405,514.485596
40406,515.987366
40407,517.434937
40408,506.469727
40409,507.151611
40410,508.224121
40411,508.905396
40412,507.868683
40413,509.621796
40414,509.910004
40415,510.590698
40416,510.372955
40417,511.531311
40418,512.211426
40419,513.091736
40420,513.77124
40421,514.594666
40422,515.273621
40423,516.043396
40424,516.721863
40425,517.440979
40426,518.118835
40427,514.584167
40428,515.394287
40429,516.126953
40430,516.833557
40431,517.517578
40432,518.182434
40433,518.83136
40434,516.261719
40435,517.009155
40436,517.682434
40437,518.332886
40438,518.963684
40439,519.578186
40440,517.441467
40441,518.119202
40442,517.875
40443,518.563293
40444,519.180603
40445,519.778015
40446,519.778076
40447,520.358582
40448,520.358643
40449,519.427612
40450,520.06012
40451,520.624695
40452,520.923035
40453,521.50293
40454,522.017517
40455,521.171936
40456,521.705017
40457,521.705017
40458,522.517456
40459,522.517456
40460,519.427612
40461,520.922974
40462,522.36438
40463,522.36438
40464,521.502869
40465,522.894531
40466,522.894531
40467,519.180603
40468,520.624634
40469,521.171936
40470,522.017517
40471,522.517456
40472,523.361938
40473,523.361938
40474,429.669281
40475,429.669312
40476,431.201782
40477,431.201904
40478,432.762634
40479,432.762939
40480,434.340515
40481,435.922272
40482,437.494141
40483,439.040894
40484,434.34082
40485,435.922516
40486,437.494293
40487,439.040985
40488,440.54538
40489,440.54541
40490,433.953705
40491,433.954285
40492,435.088287
40493,435.088745
40494,436.26712
40495,436.267334
40496,438.731049
40497,437.483948
40498,439.998932
40499,441.276398
40500,442.549835
40501,437.484039
40502,438.73111
40503,439.999054
40504,441.27652
40505,442.549927
40506,443.803192
40507,443.803192
40508,440.98526
40509,440.985809
40510,441.663483
40511,441.663849
40512,442.393677
40513,442.39386
40514,444.008636
40515,443.175812
40516,444.889526
40517,445.814301
40518,446.776825
40519,447.76886
40520,443.175873
40521,444.008698
40522,444.889648
40523,445.814423
40524,446.776886
40525,447.768921
40526,448.780182
40527,448.780182
40528,446.157776
40529,446.1586
40530,446.763885
40531,446.764648
40532,447.410858
40533,447.411102
40534,448.829773
40535,448.099243
40536,449.6026
40537,450.417084
40538,451.271973
40539,452.1651
40540,453.093445
40541,448.09906
40542,448.829681
40543,449.602692
40544,450.417206
40545,451.272064
40546,452.165131
40547,453.093475
40548,454.053345
40549,454.053345
40550,450.658051
40551,450.658905
40552,451.25293
40553,451.253235
40554,451.885101
40555,451.884888
40556,453.264618
40557,452.555328
40558,454.013062
40559,454.800476
40560,455.626801
40561,456.49173
40562,457.394745
40563,458.335266
40564,452.555023
40565,453.264404
40566,454.013
40567,454.800537
40568,455.626892
40569,456.491821
40570,457.394806
40571,458.335297
40572,459.261536
40573,459.261505
40574,454.870544
40575,454.870819
40576,455.461609
40577,455.461426
40578,456.089386
40579,456.088989
40580,457.458099
40581,456.754608
40582,458.199829
40583,458.979553
40584,459.797424
40585,460.653503
40586,461.547943
40587,462.480957
40588,463.401917
40589,456.754211
40590,457.457794
40591,458.199646
40592,458.979492
40593,459.797455
40594,460.653595
40595,461.548035
40596,462.481018
40597,463.401947
40598,458.881165
40599,458.88092
40600,459.469543
40601,459.469025
40602,460.094604
40603,460.094025
40604,461.457458
40605,460.756989
40606,462.195953
40607,462.972076
40608,463.78595
40609,464.637756
40610,465.52774
40611,466.456238
40612,467.373108
40613,460.7565
40614,461.457092
40615,462.195648
40616,462.971893
40617,463.785919
40618,464.637787
40619,465.527802
40620,466.45636
40621,467.373199
40622,462.708893
40623,462.708252
40624,463.295074
40625,463.294281
40626,463.917938
40627,463.917206
40628,465.276367
40629,464.578125
40630,466.012482
40631,466.786041
40632,467.597107
40633,468.445801
40634,469.332428
40635,470.257355
40636,471.170593
40637,464.577637
40638,465.276001
40639,466.012115
40640,466.785767
40641,467.596954
40642,468.44577
40643,469.332458
40644,470.257446
40645,471.170715
40646,466.360657
40647,466.359528
40648,466.945038
40649,466.94397
40650,467.566193
40651,467.565552
40652,468.921295
40653,468.224854
40654,469.655396
40655,470.426788
40656,471.235535
40657,472.081635
40658,472.965271
40659,473.88681
40660,474.796448
40661,468.22467
40662,468.921143
40663,469.65509
40664,470.426483
40665,471.235291
40666,472.081482
40667,472.96524
40668,473.886841
40669,474.796539
40670,469.842285
40671,469.840912
40672,470.425476
40673,470.424683
40674,471.045776
40675,471.045563
40676,472.398285
40677,471.70343
40678,473.130341
40679,473.899628
40680,474.706085
40681,475.549591
40682,476.430267
40683,477.348419
40684,478.254364
40685,471.703613
40686,472.398407
40687,473.130219
40688,473.899414
40689,474.705841
40690,475.549408
40691,476.430145
40692,477.348358
40693,478.254425
40694,473.160309
40695,473.159485
40696,473.743134
40697,473.74292
40698,474.362823
40699,474.363007
40700,475.712616
40701,475.019409
40702,476.442627
40703,477.209717
40704,478.013794
40705,478.854706
40706,479.732483
40707,480.647339
40708,481.549805
40709,475.019897
40710,475.713013
40711,476.442719
40712,477.209656
40713,478.013611
40714,478.854492
40715,479.73233
40716,480.647247
40717,481.549774
40718,476.321747
40719,476.321594
40720,476.904144
40721,476.904327
40722,477.522949
40723,477.523468
40724,478.870026
40725,478.178406
40726,479.598053
40727,480.363098
40728,481.164917
40729,482.003387
40730,482.87851
40731,483.790344
40732,484.689514
40733,478.179077
40734,478.870514
40735,479.598328
40736,480.363159
40737,481.164856
40738,482.003265
40739,482.878357
40740,483.790192
40741,484.689423
40742,479.333069
40743,479.33316
40744,479.914795
40745,479.915253
40746,480.532776
40747,480.533508
40748,481.87735
40749,481.187164
40750,482.60376
40751,483.366974
40752,484.166779
40753,485.003021
40754,485.875641
40755,486.784607
40756,487.680695
40757,481.187805
40758,481.877838
40759,482.604126
40760,483.367157
40761,484.16684
40762,485.002991
40763,485.875519
40764,486.784485
40765,487.680573
40766,482.201447
40767,482.201782
40768,482.782623
40769,482.783417
40770,483.399933
40771,483.400696
40772,484.742218
40773,484.053253
40774,485.467285
40775,486.228912
40776,487.026947
40777,487.861145
40778,488.731415
40779,489.637726
40780,490.530823
40781,484.053711
40782,484.742554
40783,485.467621
40784,486.229156
40785,487.027069
40786,487.861206
40787,488.731384
40788,489.637634
40789,490.530701
40790,484.934845
40791,484.935608
40792,485.515686
40793,485.516602
40794,486.132202
40795,486.132751
40796,487.47229
40797,486.784363
40798,488.19632
40799,488.956604
40800,489.753052
40801,490.585419
40802,491.453522
40803,492.357269
40804,493.247559
40805,486.784515
40806,487.472412
40807,488.196564
40808,488.956848
40809,489.753204
40810,490.58551
40811,491.453522
40812,492.357239
40813,493.247467
40814,487.54129
40815,487.542297
40816,488.121582
40817,488.122223
40818,488.737091
40819,488.737274
40820,490.075226
40821,489.388153
40822,490.798401
40823,491.557587
40824,492.3526
40825,493.183289
40826,494.049377
40827,494.950775
40828,495.838379
40829,489.388031
40830,490.075134
40831,490.798492
40832,491.557739
40833,492.352753
40834,493.183411
40835,494.049438
40836,494.950806
40837,495.838348
40838,490.028076
40839,490.028809
40840,490.607483
40841,490.607697
40842,491.221985
40843,491.221832
40844,492.558533
40845,491.872131
40846,493.280975
40847,494.039185
40848,494.832947
40849,495.662109
40850,496.526337
40851,497.425507
40852,498.310577
40853,491.871826
40854,492.558289
40855,493.280914
40856,494.039215
40857,494.833038
40858,495.662201
40859,496.526428
40860,497.425568
40861,498.310577
40862,492.402039
40863,492.402283
40864,492.980499
40865,492.980316
40866,493.594177
40867,493.593842
40868,494.929413
40869,494.243683
40870,496.509949
40871,497.195038
40872,495.651154
40873,496.408478
40874,497.201111
40875,498.028839
40876,498.891388
40877,499.788452
40878,500.671143
40879,494.243408
40880,494.92923
40881,495.651031
40882,496.408447
40883,497.201141
40884,498.0289
40885,498.891418
40886,499.788513
40887,500.671173
40888,494.669861
40889,496.838257
40890,494.669617
40891,495.247528
40892,497.415588
40893,495.247131
40894,495.860657
40895,498.028351
40896,498.677094
40897,495.860443
40898,499.463837
40899,500.290253
40900,501.151184
40901,502.046295
40902,502.926727
40903,496.509705
40904,497.194855
40905,497.915771
40906,498.672211
40907,499.463837
40908,500.290283
40909,501.151215
40910,502.046326
40911,502.926758
40912,501.627563
40913,502.452728
40914,503.312103
40915,504.205353
40916,505.083649
40917,496.837585
40918,497.4151
40919,498.028259
40920,500.103027
40921,498.677063
40922,499.361481
40923,500.081543
40924,500.837006
40925,501.627533
40926,502.452698
40927,503.312103
40928,504.205353
40929,505.083679
40930,503.698334
40931,504.522217
40932,505.380127
40933,506.271606
40934,507.147888
40935,498.912994
40936,500.901154
40937,500.751312
40938,501.435059
40939,502.154358
40940,502.908875
40941,503.698334
40942,504.522217
40943,505.380127
40944,506.271606
40945,507.147888
40946,498.672272
40947,500.837036
40948,502.908875
40949,504.893341
40950,505.681763
40951,506.504425
40952,507.360901
40953,508.250641
40954,509.125
40955,502.738007
40956,503.421143
40957,504.642517
40958,504.139709
40959,506.042877
40960,504.893372
40961,506.795685
40962,505.681763
40963,506.504456
40964,507.360901
40965,508.250641
40966,509.125
40967,497.915863
40968,500.081543
40969,499.361481
40970,498.913574
40971,499.49057
40972,500.102997
40973,500.75116
40974,502.154327
40975,501.434998
40976,500.901306
40977,501.477997
40978,502.09021
40979,502.737946
40980,504.139709
40981,502.806915
40982,504.635406
40983,506.391083
40984,503.383545
40985,505.2117
40986,506.966858
40987,503.995361
40988,505.823059
40989,507.57782
40990,506.469696
40991,508.223999
40992,509.90979
40993,511.531006
40994,513.091431
40995,514.594482
40996,515.273499
40997,507.868713
40998,506.795685
40999,508.620697
41000,508.905396
41001,509.621796
41002,507.583069
41003,509.407104
41004,510.372955
41005,510.590637
41006,511.306366
41007,508.404572
41008,510.227478
41009,511.158417
41010,512.056702
41011,512.211304
41012,512.926392
41013,509.259613
41014,511.081207
41015,511.977692
41016,512.841309
41017,513.675964
41018,513.771118
41019,514.485596
41020,510.147736
41021,511.967712
41022,512.830139
41023,513.659485
41024,514.459656
41025,515.234436
41026,511.020203
41027,512.83844
41028,513.715149
41029,514.510742
41030,515.276917
41031,516.017273
41032,514.584167
41033,515.394287
41034,516.126953
41035,516.833557
41036,517.517578
41037,516.261719
41038,517.009155
41039,518.332886
41040,517.875
41041,518.563293
41042,519.427612
41043,520.06012
41044,520.624695
41045,520.923035
41046,521.50293
41047,522.36438
41048,522.36438
41049,520.06012
41050,521.502869
41051,516.833557
41052,517.682434
41053,518.332886
41054,519.180603
41055,519.778015
41056,520.624634
41057,507.583099
41058,508.620697
41059,509.407166
41060,508.404602
41061,510.227509
41062,511.158478
41063,509.259644
41064,511.081207
41065,511.977722
41066,512.84137
41067,510.147736
41068,511.967743
41069,512.830139
41070,513.659546
41071,514.459717
41072,511.020203
41073,512.83844
41074,513.715149
41075,514.510742
41076,515.276917
41077,516.017334
41078,512.056763
41079,513.676025
41080,515.234497
41081,516.735535
41082,514.584167
41083,515.394287
41084,516.126953
41085,516.833557
41086,517.517578
41087,518.182434
41088,511.306427
41089,512.926453
41090,514.485657
41091,515.987427
41092,517.434998
41093,518.83136
41094,508.224091
41095,509.621826
41096,509.910034
41097,510.590729
41098,510.372986
41099,511.531403
41100,512.211487
41101,513.091858
41102,513.771362
41103,514.594849
41104,515.273804
41105,516.043518
41106,516.721924
41107,517.44104
41108,518.118896
41109,516.261658
41110,517.009094
41111,517.682434
41112,518.332825
41113,518.963623
41114,519.578125
41115,517.874939
41116,518.563232
41117,519.180603
41118,519.777954
41119,520.358521
41120,519.427551
41121,520.06012
41122,520.624634
41123,521.171936
41124,519.578308
41125,520.922974
41126,521.502869
41127,522.017517
41128,522.36438
41129,522.894531
41130,523.361938
41131,521.705017
41132,522.517395
41133,519.578308
41134,520.925476
41135,520.925476
41136,522.36438
41137,523.754639
41138,523.754639
41139,520.06012
41140,521.502869
41141,522.894531
41142,524.237793
41143,524.237793
41144,521.171936
41145,522.017517
41146,522.517395
41147,523.361938
41148,429.669281
41149,429.669373
41150,431.201904
41151,431.202271
41152,432.762939
41153,432.763336
41154,434.34082
41155,435.922516
41156,437.494293
41157,439.040985
41158,440.54541
41159,434.341064
41160,435.922699
41161,437.494476
41162,439.041107
41163,440.545471
41164,441.988129
41165,441.988159
41166,433.954285
41167,433.954895
41168,435.088745
41169,435.088989
41170,436.267334
41171,436.267395
41172,438.73111
41173,437.484039
41174,439.999054
41175,441.27652
41176,442.549927
41177,443.803192
41178,437.484039
41179,438.73114
41180,439.999115
41181,441.276611
41182,442.550018
41183,443.803253
41184,445.01709
41185,445.01709
41186,440.985809
41187,440.986298
41188,441.663849
41189,441.664032
41190,442.39386
41191,442.393921
41192,444.008698
41193,443.175873
41194,444.889648
41195,445.814423
41196,446.776886
41197,447.768921
41198,448.780182
41199,443.175812
41200,444.008636
41201,444.889679
41202,445.814484
41203,446.776978
41204,447.768982
41205,448.780243
41206,449.79837
41207,449.79837
41208,446.1586
41209,446.159668
41210,446.764648
41211,446.764984
41212,447.411102
41213,447.410858
41214,448.829681
41215,448.09906
41216,449.602692
41217,450.417206
41218,451.272064
41219,452.165131
41220,453.093475
41221,454.053345
41222,448.098694
41223,448.829437
41224,449.6026
41225,450.417267
41226,451.272156
41227,452.165222
41228,453.093506
41229,454.053375
41230,454.989319
41231,454.989319
41232,450.658905
41233,450.659302
41234,451.253235
41235,451.25293
41236,451.884888
41237,451.88446
41238,453.264404
41239,452.555023
41240,454.013
41241,454.800537
41242,455.626892
41243,456.491821
41244,457.394806
41245,458.335297
41246,459.261536
41247,452.554749
41248,453.264191
41249,454.012848
41250,454.800476
41251,455.626923
41252,456.491882
41253,457.394867
41254,458.335327
41255,459.261566
41256,454.870819
41257,454.870544
41258,455.461426
41259,455.460907
41260,456.088989
41261,456.088501
41262,457.457794
41263,456.754211
41264,458.199646
41265,458.979492
41266,459.797455
41267,460.653595
41268,461.548035
41269,462.481018
41270,463.401947
41271,456.753876
41272,457.45752
41273,458.199402
41274,458.97937
41275,459.797424
41276,460.653625
41277,461.548096
41278,462.48111
41279,463.402039
41280,458.88092
41281,458.88028
41282,459.469025
41283,459.468323
41284,460.094025
41285,460.093445
41286,461.457092
41287,460.7565
41288,462.195648
41289,462.971893
41290,463.785919
41291,464.637787
41292,465.527802
41293,466.45636
41294,467.373199
41295,460.756165
41296,461.456818
41297,462.195374
41298,462.97168
41299,463.785767
41300,464.637756
41301,465.527832
41302,466.456421
41303,467.373322
41304,462.708252
41305,462.707275
41306,463.294281
41307,463.293335
41308,463.917206
41309,463.916595
41310,465.276001
41311,464.577637
41312,466.012115
41313,466.785767
41314,467.596954
41315,468.44577
41316,469.332458
41317,470.257446
41318,471.170715
41319,464.577454
41320,465.275879
41321,466.011841
41322,466.785492
41323,467.596741
41324,468.445648
41325,469.332428
41326,470.257477
41327,471.170807
41328,466.359528
41329,466.358215
41330,466.94397
41331,466.943115
41332,467.565552
41333,467.565308
41334,468.921143
41335,468.22467
41336,469.65509
41337,470.426483
41338,471.235291
41339,472.081482
41340,472.96524
41341,473.886841
41342,474.796539
41343,468.224854
41344,468.921295
41345,469.654968
41346,470.426239
41347,471.235046
41348,472.081299
41349,472.965118
41350,473.88681
41351,474.7966
41352,469.840912
41353,469.839935
41354,470.424683
41355,470.424408
41356,471.045563
41357,471.045776
41358,472.398407
41359,471.703613
41360,473.130219
41361,473.899414
41362,474.705841
41363,475.549408
41364,476.430145
41365,477.348358
41366,478.254425
41367,471.704102
41368,472.398804
41369,473.130341
41370,473.899323
41371,474.705627
41372,475.549194
41373,476.429993
41374,477.348267
41375,478.254364
41376,473.159485
41377,473.159271
41378,473.74292
41379,473.743134
41380,474.363007
41381,474.363586
41382,475.713013
41383,475.019897
41384,476.442719
41385,477.209656
41386,478.013611
41387,478.854492
41388,479.73233
41389,480.647247
41390,481.549774
41391,475.020569
41392,475.713531
41393,476.443024
41394,477.209717
41395,478.01355
41396,478.85437
41397,479.732147
41398,480.647125
41399,481.549683
41400,476.321594
41401,476.321747
41402,476.904327
41403,476.904907
41404,477.523468
41405,477.524292
41406,478.870514
41407,478.179077
41408,479.598328
41409,480.363159
41410,481.164856
41411,482.003265
41412,482.878357
41413,483.790192
41414,484.689423
41415,478.179718
41416,478.871033
41417,479.598724
41418,480.363373
41419,481.164917
41420,482.003204
41421,482.878235
41422,483.79007
41423,484.689301
41424,479.33316
41425,479.333679
41426,479.915253
41427,479.916199
41428,480.533508
41429,480.534332
41430,481.877838
41431,481.187805
41432,482.604126
41433,483.367157
41434,484.16684
41435,485.002991
41436,485.875519
41437,486.784485
41438,487.680573
41439,481.188263
41440,481.878204
41441,482.604492
41442,483.367432
41443,484.166992
41444,485.003021
41445,485.875488
41446,486.784393
41447,487.68045
41448,482.201782
41449,482.202759
41450,482.783417
41451,482.784424
41452,483.400696
41453,483.401276
41454,484.742554
41455,484.053711
41456,485.467621
41457,486.229156
41458,487.027069
41459,487.861206
41460,488.731384
41461,489.637634
41462,490.530701
41463,484.053864
41464,484.742706
41465,485.467896
41466,486.229431
41467,487.027283
41468,487.861298
41469,488.731415
41470,489.637604
41471,490.53064
41472,484.935608
41473,484.936798
41474,485.516602
41475,485.517303
41476,486.132751
41477,486.132935
41478,487.472412
41479,486.784515
41480,488.196564
41481,488.956848
41482,489.753204
41483,490.58551
41484,491.453522
41485,492.357239
41486,493.247467
41487,486.784363
41488,487.47229
41489,488.196655
41490,488.957031
41491,489.753387
41492,490.585632
41493,491.453613
41494,492.357269
41495,493.247467
41496,487.542297
41497,487.543121
41498,488.122223
41499,488.122437
41500,488.737274
41501,488.737091
41502,490.075134
41503,489.388031
41504,490.798492
41505,491.557739
41506,492.352753
41507,493.183411
41508,494.049438
41509,494.950806
41510,495.838348
41511,489.387665
41512,490.07486
41513,490.798401
41514,491.5578
41515,492.352875
41516,493.183502
41517,494.04953
41518,494.950867
41519,495.838379
41520,490.028809
41521,490.029083
41522,490.607697
41523,490.607483
41524,491.221832
41525,491.221436
41526,492.558289
41527,491.871826
41528,493.280914
41529,494.039215
41530,494.833038
41531,495.662201
41532,496.526428
41533,497.425568
41534,498.310577
41535,491.87149
41536,492.558044
41537,493.280762
41538,494.039185
41539,494.833069
41540,495.662262
41541,496.526489
41542,497.425598
41543,498.310638
41544,492.402283
41545,492.402039
41546,492.980316
41547,492.979828
41548,493.593842
41549,493.593506
41550,494.92923
41551,494.243408
41552,496.509766
41553,497.194916
41554,495.651031
41555,496.408447
41556,497.201141
41557,498.0289
41558,498.891418
41559,499.788513
41560,500.671173
41561,494.243286
41562,494.929108
41563,495.650909
41564,496.408325
41565,497.201111
41566,498.028931
41567,498.891479
41568,499.788544
41569,500.671204
41570,494.669617
41571,496.838043
41572,494.669067
41573,495.247131
41574,497.415283
41575,495.246826
41576,495.860443
41577,498.028229
41578,498.677002
41579,495.860382
41580,499.463837
41581,500.290283
41582,501.151215
41583,502.046326
41584,502.926758
41585,496.509735
41586,497.194824
41587,497.91571
41588,498.67215
41589,499.463776
41590,500.290253
41591,501.151215
41592,502.046356
41593,502.926788
41594,501.627533
41595,502.452698
41596,503.312103
41597,504.205353
41598,505.083679
41599,496.837372
41600,497.415161
41601,499.490448
41602,498.028351
41603,500.103119
41604,498.677063
41605,499.361511
41606,500.081543
41607,500.837006
41608,501.627502
41609,502.452698
41610,503.312103
41611,504.205353
41612,505.083679
41613,503.698334
41614,504.522217
41615,505.380127
41616,506.271606
41617,507.147888
41618,500.751282
41619,501.435059
41620,502.154358
41621,502.908905
41622,503.698334
41623,504.522217
41624,505.380127
41625,506.271606
41626,507.147888
41627,498.672211
41628,500.837006
41629,502.908875
41630,504.893372
41631,505.681763
41632,506.504456
41633,507.360901
41634,508.250641
41635,509.125
41636,502.090424
41637,502.090454
41638,503.995514
41639,503.995483
41640,504.893402
41641,506.795685
41642,505.681793
41643,506.504456
41644,507.360901
41645,508.250671
41646,509.125
41647,497.915771
41648,500.081543
41649,499.361481
41650,498.913391
41651,499.490356
41652,500.102936
41653,500.751221
41654,502.154358
41655,500.901093
41656,501.478027
41657,502.090332
41658,502.807098
41659,504.635681
41660,506.391174
41661,503.383728
41662,505.211914
41663,506.967102
41664,505.823181
41665,507.578003
41666,509.909912
41667,511.531189
41668,513.091553
41669,514.594482
41670,515.27356
41671,508.620697
41672,507.583099
41673,509.407166
41674,510.372986
41675,510.590698
41676,511.306427
41677,508.404602
41678,510.227509
41679,511.158478
41680,512.056763
41681,512.211426
41682,512.926453
41683,509.259644
41684,511.081207
41685,511.977722
41686,512.84137
41687,513.676025
41688,513.77124
41689,514.485657
41690,510.147736
41691,511.967743
41692,512.830139
41693,513.659546
41694,514.459717
41695,515.234497
41696,511.020203
41697,512.83844
41698,513.715149
41699,514.510742
41700,515.276917
41701,516.017334
41702,514.584167
41703,515.394287
41704,516.126953
41705,516.833557
41706,516.735535
41707,517.517578
41708,516.261658
41709,517.009094
41710,518.332825
41711,517.874939
41712,517.682434
41713,518.563232
41714,519.427551
41715,519.180603
41716,520.06012
41717,520.922974
41718,521.502869
41719,522.36438
41720,520.922974
41721,522.36438
41722,520.06012
41723,521.502869
41724,519.777954
41725,520.624634
41726,507.583099
41727,509.407166
41728,508.404602
41729,510.227539
41730,511.158508
41731,509.259674
41732,511.081238
41733,511.977783
41734,512.84137
41735,510.147766
41736,511.967773
41737,512.8302
41738,513.659607
41739,514.459778
41740,511.020233
41741,512.83844
41742,513.71521
41743,514.510742
41744,515.276978
41745,516.017395
41746,514.584167
41747,515.394287
41748,516.126953
41749,516.833557
41750,517.517578
41751,512.056824
41752,513.676147
41753,515.234558
41754,516.735596
41755,518.182434
41756,516.261658
41757,517.009094
41758,517.682434
41759,518.332825
41760,518.963623
41761,519.578064
41762,511.306458
41763,512.926514
41764,514.485779
41765,515.987549
41766,517.435059
41767,518.83136
41768,519.467407
41769,519.467407
41770,520.17926
41771,520.179321
41772,509.910004
41773,510.373016
41774,511.531433
41775,512.211548
41776,513.091919
41777,513.771423
41778,514.594971
41779,515.273865
41780,516.043701
41781,516.722046
41782,517.441162
41783,518.118958
41784,517.874939
41785,518.563232
41786,519.180542
41787,519.777954
41788,520.358521
41789,519.427551
41790,520.060059
41791,520.624634
41792,521.171875
41793,520.922974
41794,521.502869
41795,522.017517
41796,520.925476
41797,522.36438
41798,522.894531
41799,523.361938
41800,523.754639
41801,524.237793
41802,520.922974
41803,522.364319
41804,523.754639
41805,525.096619
41806,525.096619
41807,522.89447
41808,524.237732
41809,522.517395
41810,523.361938
41811,429.669373
41812,429.66983
41813,431.202271
41814,431.202789
41815,432.763336
41816,432.763672
41817,434.341064
41818,435.922699
41819,437.494476
41820,439.041107
41821,440.545471
41822,441.988159
41823,434.341156
41824,435.92276
41825,437.494598
41826,439.041229
41827,440.545563
41828,441.98822
41829,443.346436
41830,443.346436
41831,433.954895
41832,433.95517
41833,435.088989
41834,435.08902
41835,436.267395
41836,436.267395
41837,438.73114
41838,437.484039
41839,439.999115
41840,441.276611
41841,442.550018
41842,443.803253
41843,445.01709
41844,437.484039
41845,438.73111
41846,439.999146
41847,441.276672
41848,442.55011
41849,443.803314
41850,445.017151
41851,446.168304
41852,446.168274
41853,440.986298
41854,440.986481
41855,441.664032
41856,441.664124
41857,442.393921
41858,442.39386
41859,444.008636
41860,443.175812
41861,444.889679
41862,445.814484
41863,446.776978
41864,447.768982
41865,448.780243
41866,449.79837
41867,443.175659
41868,444.008514
41869,444.889648
41870,445.814514
41871,446.777069
41872,447.769073
41873,448.780273
41874,449.798401
41875,450.757782
41876,450.757751
41877,446.159668
41878,446.160156
41879,446.764984
41880,446.764648
41881,447.410858
41882,447.410339
41883,448.829437
41884,448.098694
41885,449.6026
41886,450.417267
41887,451.272156
41888,452.165222
41889,453.093506
41890,454.053375
41891,454.989319
41892,448.098389
41893,448.829193
41894,449.602448
41895,450.417206
41896,451.272186
41897,452.165283
41898,453.093567
41899,454.053436
41900,454.989349
41901,450.659302
41902,450.658905
41903,451.25293
41904,451.252319
41905,451.88446
41906,451.884094
41907,453.264191
41908,452.554749
41909,454.012848
41910,454.800476
41911,455.626923
41912,456.491882
41913,457.394867
41914,458.335327
41915,459.261566
41916,452.554657
41917,453.264099
41918,454.012695
41919,454.800354
41920,455.626892
41921,456.491882
41922,457.394897
41923,458.335388
41924,459.261597
41925,454.870544
41926,454.869904
41927,455.460907
41928,455.460297
41929,456.088501
41930,456.088074
41931,457.45752
41932,456.753876
41933,458.199402
41934,458.97937
41935,459.797424
41936,460.653625
41937,461.548096
41938,462.48111
41939,463.402039
41940,456.753693
41941,457.457367
41942,458.199188
41943,458.979187
41944,459.797302
41945,460.653595
41946,461.548126
41947,462.481171
41948,463.4021
41949,458.88028
41950,458.879425
41951,459.468323
41952,459.46759
41953,460.093445
41954,460.092987
41955,461.456818
41956,460.756165
41957,462.195374
41958,462.97168
41959,463.785767
41960,464.637756
41961,465.527832
41962,466.456421
41963,467.373322
41964,460.756012
41965,461.456696
41966,462.19516
41967,462.971466
41968,463.785614
41969,464.637665
41970,465.527802
41971,466.456451
41972,467.373383
41973,462.707275
41974,462.706116
41975,463.293335
41976,463.292572
41977,463.916595
41978,463.916351
41979,465.275879
41980,464.577454
41981,466.011841
41982,466.785492
41983,467.596741
41984,468.445648
41985,469.332428
41986,470.257477
41987,471.170807
41988,464.577637
41989,465.276001
41990,466.011749
41991,466.785278
41992,467.596527
41993,468.445496
41994,469.332336
41995,470.257446
41996,471.170837
41997,466.358215
41998,466.357147
41999,466.943115
42000,466.94281
42001,467.565308
42002,467.565552
42003,468.921295
42004,468.224854
42005,469.654968
42006,470.426239
42007,471.235046
42008,472.081299
42009,472.965118
42010,473.88681
42011,474.7966
42012,468.225372
42013,468.921692
42014,469.65509
42015,470.426178
42016,471.234863
42017,472.081116
42018,472.964966
42019,473.886719
42020,474.796539
42021,469.839935
42022,469.83963
42023,470.424408
42024,470.424683
42025,471.045776
42026,471.046417
42027,472.398804
42028,471.704102
42029,473.130341
42030,473.899323
42031,474.705627
42032,475.549194
42033,476.429993
42034,477.348267
42035,478.254364
42036,471.704803
42037,472.399353
42038,473.130646
42039,473.899414
42040,474.705566
42041,475.549042
42042,476.42984
42043,477.348145
42044,478.254272
42045,473.159271
42046,473.159485
42047,473.743134
42048,473.743835
42049,474.363586
42050,474.364441
42051,475.713531
42052,475.020569
42053,476.443024
42054,477.209717
42055,478.01355
42056,478.85437
42057,479.732147
42058,480.647125
42059,481.549683
42060,475.02124
42061,475.71405
42062,476.44342
42063,477.209961
42064,478.013611
42065,478.854309
42066,479.732025
42067,480.646973
42068,481.549561
42069,476.321747
42070,476.322418
42071,476.904907
42072,476.905945
42073,477.524292
42074,477.525116
42075,478.871033
42076,478.179718
42077,479.598724
42078,480.363373
42079,481.164917
42080,482.003204
42081,482.878235
42082,483.79007
42083,484.689301
42084,478.180176
42085,478.871399
42086,479.599121
42087,480.363678
42088,481.16507
42089,482.003265
42090,482.878204
42091,483.789978
42092,484.689178
42093,479.333679
42094,479.334839
42095,479.916199
42096,479.917236
42097,480.534332
42098,480.534912
42099,481.878204
42100,481.188263
42101,482.604492
42102,483.367432
42103,484.166992
42104,485.003021
42105,485.875488
42106,486.784393
42107,487.68045
42108,481.188446
42109,481.878326
42110,482.604767
42111,483.367737
42112,484.167206
42113,485.003143
42114,485.875519
42115,486.784363
42116,487.680359
42117,482.202759
42118,482.204071
42119,482.784424
42120,482.785156
42121,483.401276
42122,483.401489
42123,484.742706
42124,484.053864
42125,485.467896
42126,486.229431
42127,487.027283
42128,487.861298
42129,488.731415
42130,489.637604
42131,490.53064
42132,484.053711
42133,484.742554
42134,485.467987
42135,486.229645
42136,487.027466
42137,487.86145
42138,488.731506
42139,489.637634
42140,490.530609
42141,484.936798
42142,484.937714
42143,485.517303
42144,485.517548
42145,486.132935
42146,486.132751
42147,487.47229
42148,486.784363
42149,488.196655
42150,488.957031
42151,489.753387
42152,490.585632
42153,491.453613
42154,492.357269
42155,493.247467
42156,486.783936
42157,487.471985
42158,488.196564
42159,488.957092
42160,489.75354
42161,490.585785
42162,491.453735
42163,492.35733
42164,493.247467
42165,487.543121
42166,487.543427
42167,488.122437
42168,488.122223
42169,488.737091
42170,488.736603
42171,490.07486
42172,489.387665
42173,490.798401
42174,491.5578
42175,492.352875
42176,493.183502
42177,494.04953
42178,494.950867
42179,495.838379
42180,489.387207
42181,490.074524
42182,490.798218
42183,491.557739
42184,492.352905
42185,493.183594
42186,494.049622
42187,494.950928
42188,495.838409
42189,490.029083
42190,490.028809
42191,490.607483
42192,490.606934
42193,491.221436
42194,491.220978
42195,492.558044
42196,491.87149
42197,493.280762
42198,494.039185
42199,494.833069
42200,495.662262
42201,496.526489
42202,497.425598
42203,498.310638
42204,491.871277
42205,492.557861
42206,493.280548
42207,494.039062
42208,494.833038
42209,495.662292
42210,496.52655
42211,497.42569
42212,498.310669
42213,492.402039
42214,492.401398
42215,492.979828
42216,492.979401
42217,493.593506
42218,493.593353
42219,494.929108
42220,494.243286
42221,496.509705
42222,497.194855
42223,495.650909
42224,496.408325
42225,497.201111
42226,498.028931
42227,498.891479
42228,499.788544
42229,500.671204
42230,494.243256
42231,494.929077
42232,495.650787
42233,496.408234
42234,497.20105
42235,498.0289
42236,498.891479
42237,499.788574
42238,500.671234
42239,494.669067
42240,496.837585
42241,494.668671
42242,495.246826
42243,497.4151
42244,495.246796
42245,495.860382
42246,498.028259
42247,498.677002
42248,495.860413
42249,499.463776
42250,500.290253
42251,501.151215
42252,502.046356
42253,502.926788
42254,496.509735
42255,497.194824
42256,497.91568
42257,498.672089
42258,499.463745
42259,500.290222
42260,501.151215
42261,502.046356
42262,502.926788
42263,501.627502
42264,502.452698
42265,503.312103
42266,504.205353
42267,505.083679
42268,496.837524
42269,498.913208
42270,497.415283
42271,499.49057
42272,498.028381
42273,500.103149
42274,498.677063
42275,499.361481
42276,500.081543
42277,500.837006
42278,501.627502
42279,502.452667
42280,503.312073
42281,504.205353
42282,505.083679
42283,503.698334
42284,504.522217
42285,505.380127
42286,506.271606
42287,507.147888
42288,502.908905
42289,503.698334
42290,504.522217
42291,505.380127
42292,506.271606
42293,507.147888
42294,498.67215
42295,500.837006
42296,502.908905
42297,505.681793
42298,506.504456
42299,507.360901
42300,508.250671
42301,509.125
42302,501.478363
42303,501.478394
42304,503.383911
42305,503.383881
42306,505.823212
42307,505.681793
42308,506.504456
42309,507.360901
42310,508.250671
42311,509.125
42312,497.91571
42313,500.081543
42314,498.913055
42315,499.490295
42316,500.103027
42317,500.901154
42318,501.47821
42319,502.807373
42320,504.635956
42321,506.391479
42322,505.212067
42323,506.967316
42324,507.578125
42325,511.531311
42326,513.091736
42327,514.594666
42328,515.273621
42329,516.043396
42330,516.043335
42331,516.721802
42332,516.721863
42333,508.404602
42334,510.227539
42335,511.158508
42336,512.056824
42337,512.211487
42338,512.926514
42339,509.259674
42340,511.081238
42341,511.977783
42342,512.84137
42343,513.676147
42344,513.771362
42345,514.485779
42346,510.147766
42347,511.967773
42348,512.8302
42349,513.659607
42350,514.459778
42351,515.234558
42352,511.020233
42353,512.83844
42354,513.71521
42355,514.510742
42356,515.276978
42357,516.017395
42358,514.584167
42359,515.394287
42360,516.126953
42361,516.833557
42362,516.735535
42363,517.517578
42364,516.261658
42365,517.009094
42366,517.682434
42367,517.682434
42368,518.332825
42369,517.874939
42370,518.563232
42371,519.427551
42372,519.180603
42373,520.060059
42374,520.922974
42375,520.624634
42376,521.502869
42377,522.36438
42378,520.922974
42379,522.364319
42380,520.060059
42381,521.502808
42382,508.404602
42383,510.227539
42384,511.158508
42385,509.259674
42386,511.081268
42387,511.977783
42388,512.841431
42389,510.147766
42390,511.967773
42391,512.8302
42392,513.659607
42393,514.459839
42394,511.020233
42395,512.83844
42396,513.71521
42397,514.510803
42398,515.276978
42399,516.017456
42400,514.584167
42401,515.394348
42402,516.126953
42403,516.833557
42404,517.517639
42405,516.261658
42406,517.009094
42407,517.682434
42408,518.332825
42409,518.963623
42410,512.056824
42411,513.676147
42412,515.234619
42413,516.735657
42414,518.182495
42415,519.578125
42416,517.874939
42417,518.563232
42418,519.180542
42419,519.777954
42420,520.358459
42421,520.925293
42422,520.925293
42423,512.926575
42424,514.48584
42425,515.98761
42426,517.435181
42427,518.831482
42428,519.467407
42429,520.179321
42430,511.531403
42431,513.09198
42432,513.771484
42433,514.595032
42434,515.273926
42435,516.043823
42436,516.722168
42437,517.441284
42438,518.11908
42439,519.427551
42440,520.060059
42441,520.624573
42442,521.171875
42443,520.925354
42444,521.704895
42445,521.704895
42446,520.922913
42447,521.502808
42448,522.017456
42449,522.364319
42450,522.89447
42451,523.754639
42452,524.237732
42453,525.096619
42454,523.754578
42455,525.096558
42456,524.237732
42457,429.66983
42458,429.670532
42459,431.202789
42460,431.203247
42461,432.763672
42462,432.763794
42463,434.341156
42464,435.92276
42465,437.494598
42466,439.041229
42467,440.545563
42468,441.98822
42469,443.346436
42470,434.341064
42471,435.922699
42472,437.494659
42473,439.041321
42474,440.545654
42475,441.988281
42476,443.346497
42477,444.592377
42478,444.592407
42479,433.95517
42480,433.955109
42481,435.08902
42482,435.088989
42483,436.267395
42484,436.267395
42485,438.73111
42486,437.484039
42487,439.999146
42488,441.276672
42489,442.55011
42490,443.803314
42491,445.017151
42492,446.168304
42493,437.483948
42494,438.731049
42495,439.999115
42496,441.276703
42497,442.55014
42498,443.803406
42499,445.017212
42500,446.168335
42501,447.176117
42502,447.176086
42503,440.986481
42504,440.986572
42505,441.664124
42506,441.664032
42507,442.39386
42508,442.393677
42509,444.008514
42510,443.175659
42511,444.889648
42512,445.814514
42513,446.777069
42514,447.769073
42515,448.780273
42516,449.798401
42517,450.757782
42518,443.175415
42519,444.008331
42520,444.889526
42521,445.814484
42522,446.777069
42523,447.769104
42524,448.780334
42525,449.798462
42526,450.757812
42527,446.160156
42528,446.159668
42529,446.764648
42530,446.763885
42531,447.410339
42532,447.409912
42533,448.829193
42534,448.098389
42535,449.602448
42536,450.417206
42537,451.272186
42538,452.165283
42539,453.093567
42540,454.053436
42541,454.989349
42542,448.098297
42543,448.829102
42544,449.602264
42545,450.417084
42546,451.272156
42547,452.165314
42548,453.093628
42549,454.053467
42550,454.98938
42551,450.658905
42552,450.658051
42553,451.252319
42554,451.251862
42555,451.884094
42556,451.884003
42557,453.264099
42558,452.554657
42559,454.012695
42560,454.800354
42561,455.626892
42562,456.491882
42563,457.394897
42564,458.335388
42565,459.261597
42566,452.554688
42567,453.264099
42568,454.012604
42569,454.800262
42570,455.626801
42571,456.491882
42572,457.394928
42573,458.335449
42574,459.261658
42575,454.869904
42576,454.869141
42577,455.460297
42578,455.459778
42579,456.088074
42580,456.08783
42581,457.457367
42582,456.753693
42583,458.199188
42584,458.979187
42585,459.797302
42586,460.653595
42587,461.548126
42588,462.481171
42589,463.4021
42590,456.753601
42591,457.457306
42592,458.199066
42593,458.979034
42594,459.79718
42595,460.653503
42596,461.548096
42597,462.481171
42598,463.402161
42599,458.879425
42600,458.87854
42601,459.46759
42602,459.467041
42603,460.092987
42604,460.092834
42605,461.456696
42606,460.756012
42607,462.19516
42608,462.971466
42609,463.785614
42610,464.637665
42611,465.527802
42612,466.456451
42613,467.373383
42614,460.756165
42615,461.456818
42616,462.195068
42617,462.971283
42618,463.785431
42619,464.637512
42620,465.52774
42621,466.456421
42622,467.373413
42623,462.706116
42624,462.705109
42625,463.292572
42626,463.292267
42627,463.916351
42628,463.916595
42629,465.276001
42630,464.577637
42631,466.011749
42632,466.785278
42633,467.596527
42634,468.445496
42635,469.332336
42636,470.257446
42637,471.170837
42638,464.578125
42639,465.276367
42640,466.011841
42641,466.785187
42642,467.596344
42643,468.445312
42644,469.332214
42645,470.257355
42646,471.170807
42647,466.357147
42648,466.35675
42649,466.94281
42650,466.943115
42651,467.565552
42652,467.566193
42653,468.921692
42654,468.225372
42655,469.65509
42656,470.426178
42657,471.234863
42658,472.081116
42659,472.964966
42660,473.886719
42661,474.796539
42662,468.226044
42663,468.922211
42664,469.655396
42665,470.426239
42666,471.234802
42667,472.080963
42668,472.964813
42669,473.886597
42670,474.796448
42671,469.83963
42672,469.839935
42673,470.424683
42674,470.425476
42675,471.046417
42676,471.047272
42677,472.399353
42678,471.704803
42679,473.130646
42680,473.899414
42681,474.705566
42682,475.549042
42683,476.42984
42684,477.348145
42685,478.254272
42686,471.705444
42687,472.399841
42688,473.131042
42689,473.899628
42690,474.705627
42691,475.549011
42692,476.429718
42693,477.347992
42694,478.25415
42695,473.159485
42696,473.160309
42697,473.743835
42698,473.744934
42699,474.364441
42700,474.365265
42701,475.71405
42702,475.02124
42703,476.44342
42704,477.209961
42705,478.013611
42706,478.854309
42707,479.732025
42708,480.646973
42709,481.549561
42710,475.021667
42711,475.714417
42712,476.443848
42713,477.210266
42714,478.013794
42715,478.85437
42716,479.731995
42717,480.646881
42718,481.549408
42719,476.322418
42720,476.32373
42721,476.905945
42722,476.907013
42723,477.525116
42724,477.525696
42725,478.871399
42726,478.180176
42727,479.599121
42728,480.363678
42729,481.16507
42730,482.003265
42731,482.878204
42732,483.789978
42733,484.689178
42734,478.180359
42735,478.871521
42736,479.599426
42737,480.363983
42738,481.165314
42739,482.003387
42740,482.878235
42741,483.789948
42742,484.689087
42743,479.334839
42744,479.336182
42745,479.917236
42746,479.917969
42747,480.534912
42748,480.535126
42749,481.878326
42750,481.188446
42751,482.604767
42752,483.367737
42753,484.167206
42754,485.003143
42755,485.875519
42756,486.784363
42757,487.680359
42758,481.188263
42759,481.878204
42760,482.604889
42761,483.36795
42762,484.167419
42763,485.003326
42764,485.875641
42765,486.784393
42766,487.680328
42767,482.204071
42768,482.204956
42769,482.785156
42770,482.7854
42771,483.401489
42772,483.401276
42773,484.742554
42774,484.053711
42775,485.467987
42776,486.229645
42777,487.027466
42778,487.86145
42779,488.731506
42780,489.637634
42781,490.530609
42782,484.053253
42783,484.742218
42784,485.467896
42785,486.229706
42786,487.027649
42787,487.861633
42788,488.731628
42789,489.637726
42790,490.53064
42791,484.937714
42792,484.938019
42793,485.517548
42794,485.517303
42795,486.132751
42796,486.132202
42797,487.471985
42798,486.783936
42799,488.196564
42800,488.957092
42801,489.75354
42802,490.585785
42803,491.453735
42804,492.35733
42805,493.247467
42806,486.783417
42807,487.471588
42808,488.19632
42809,488.957031
42810,489.753571
42811,490.585876
42812,491.453827
42813,492.357452
42814,493.247559
42815,487.543427
42816,487.543121
42817,488.122223
42818,488.121582
42819,488.736603
42820,488.736023
42821,490.074524
42822,489.387207
42823,490.798218
42824,491.557739
42825,492.352905
42826,493.183594
42827,494.049622
42828,494.950928
42829,495.838409
42830,489.386902
42831,490.07428
42832,490.797943
42833,491.557587
42834,492.352875
42835,493.183624
42836,494.049713
42837,494.951019
42838,495.838501
42839,490.028809
42840,490.028076
42841,490.606934
42842,490.606323
42843,491.220978
42844,491.220703
42845,492.557861
42846,491.871277
42847,493.280548
42848,494.039062
42849,494.833038
42850,495.662292
42851,496.52655
42852,497.42569
42853,498.310669
42854,491.871185
42855,492.55777
42856,493.280396
42857,494.03891
42858,494.832947
42859,495.662262
42860,496.52655
42861,497.42572
42862,498.31073
42863,492.401398
42864,492.400818
42865,492.979401
42866,492.979248
42867,493.593353
42868,493.593353
42869,494.929077
42870,494.243256
42871,496.509735
42872,497.194824
42873,495.650787
42874,496.408234
42875,497.20105
42876,498.0289
42877,498.891479
42878,499.788574
42879,500.671234
42880,494.243256
42881,494.929047
42882,495.650757
42883,496.408142
42884,497.200958
42885,498.028839
42886,498.891479
42887,499.788605
42888,500.671265
42889,494.668671
42890,496.837372
42891,494.668701
42892,495.246796
42893,497.415161
42894,495.246887
42895,495.860413
42896,498.028351
42897,495.860443
42898,499.463745
42899,500.290222
42900,501.151215
42901,502.046356
42902,502.926788
42903,497.91568
42904,498.672058
42905,499.463684
42906,500.290192
42907,501.151184
42908,502.046356
42909,502.926819
42910,501.627502
42911,502.452667
42912,503.312073
42913,504.205353
42914,505.083679
42915,496.837708
42916,498.913391
42917,497.415344
42918,499.490631
42919,500.103119
42920,500.837006
42921,501.627502
42922,502.452667
42923,503.312073
42924,504.205353
42925,505.083679
42926,503.698334
42927,504.522217
42928,505.380127
42929,506.271606
42930,507.147888
42931,503.698334
42932,504.522217
42933,505.380127
42934,506.271606
42935,507.147888
42936,498.672089
42937,500.837006
42938,506.504456
42939,507.360901
42940,508.250671
42941,509.125
42942,500.901611
42943,500.901672
42944,502.807587
42945,502.807526
42946,505.212097
42947,506.504486
42948,507.360931
42949,508.250671
42950,509.125
42951,497.91568
42952,498.912994
42953,499.490448
42954,500.901428
42955,504.636139
42956,506.391785
42957,506.967468
42958,513.091858
42959,514.594849
42960,515.273804
42961,516.043518
42962,516.721924
42963,509.259674
42964,511.081268
42965,511.977783
42966,512.841431
42967,513.676147
42968,513.771423
42969,514.48584
42970,510.147766
42971,511.967773
42972,512.8302
42973,513.659607
42974,514.459839
42975,515.234619
42976,511.020233
42977,512.83844
42978,513.71521
42979,514.510803
42980,515.276978
42981,516.017456
42982,514.584167
42983,515.394348
42984,516.126953
42985,516.833557
42986,516.261658
42987,517.009094
42988,517.682434
42989,518.332825
42990,517.874939
42991,518.563232
42992,519.180542
42993,519.180542
42994,519.427551
42995,520.060059
42996,520.922913
42997,520.624634
42998,521.502808
42999,522.364319
43000,520.922913
43001,522.364319
43002,509.259674
43003,511.081268
43004,511.977814
43005,512.841431
43006,510.147797
43007,511.967804
43008,512.830261
43009,513.659668
43010,514.4599
43011,511.020264
43012,512.838501
43013,513.715271
43014,514.510864
43015,515.277039
43016,516.017456
43017,514.584229
43018,515.394348
43019,516.127014
43020,516.833618
43021,517.5177
43022,516.261719
43023,517.009155
43024,517.682434
43025,518.332886
43026,518.963684
43027,517.874939
43028,518.563232
43029,519.180542
43030,519.777954
43031,520.358521
43032,513.676208
43033,515.23468
43034,516.735718
43035,518.182556
43036,519.578186
43037,520.925293
43038,519.42749
43039,520.060059
43040,520.624573
43041,521.171814
43042,521.704834
43043,514.48584
43044,515.987671
43045,517.435242
43046,518.831543
43047,519.467529
43048,520.179382
43049,513.091919
43050,514.595032
43051,515.273987
43052,516.043884
43053,516.722229
43054,517.441406
43055,518.119202
43056,520.922913
43057,521.502808
43058,522.017456
43059,522.517334
43060,522.517334
43061,522.364319
43062,522.89447
43063,523.754578
43064,523.361938
43065,524.237732
43066,525.096558
43067,525.096558
43068,429.670532
43069,429.671112
43070,431.203247
43071,431.2034
43072,432.763794
43073,432.763672
43074,434.341064
43075,435.922699
43076,437.494659
43077,439.041321
43078,440.545654
43079,441.988281
43080,443.346497
43081,444.592407
43082,434.34082
43083,435.922516
43084,437.494598
43085,439.041351
43086,440.545746
43087,441.988373
43088,443.346558
43089,444.592438
43090,445.34259
43091,445.34259
43092,433.955109
43093,433.955048
43094,435.088989
43095,435.08902
43096,436.267395
43097,436.267334
43098,438.731049
43099,437.483948
43100,439.999115
43101,441.276703
43102,442.55014
43103,443.803406
43104,445.017212
43105,446.168335
43106,447.176117
43107,437.483765
43108,438.730896
43109,439.999054
43110,441.276672
43111,442.550171
43112,443.803436
43113,445.017273
43114,446.168365
43115,447.176147
43116,440.986572
43117,440.986481
43118,441.664032
43119,441.663849
43120,442.393677
43121,442.393372
43122,444.008331
43123,443.175415
43124,444.889526
43125,445.814484
43126,446.777069
43127,447.769104
43128,448.780334
43129,449.798462
43130,450.757812
43131,443.175171
43132,444.008118
43133,444.889374
43134,445.814423
43135,446.777069
43136,447.769135
43137,448.780396
43138,449.798523
43139,450.757874
43140,446.159668
43141,446.1586
43142,446.763885
43143,446.763275
43144,447.409912
43145,447.409821
43146,448.829102
43147,448.098297
43148,449.602264
43149,450.417084
43150,451.272156
43151,452.165314
43152,453.093628
43153,454.053467
43154,454.98938
43155,448.098389
43156,448.829132
43157,449.602173
43158,450.416962
43159,451.272064
43160,452.165283
43161,453.093628
43162,454.053528
43163,454.989441
43164,450.658051
43165,450.65741
43166,451.251862
43167,451.251801
43168,451.884003
43169,451.884125
43170,453.264099
43171,452.554688
43172,454.012604
43173,454.800262
43174,455.626801
43175,456.491882
43176,457.394928
43177,458.335449
43178,459.261658
43179,452.554749
43180,453.26413
43181,454.012573
43182,454.800171
43183,455.626709
43184,456.491821
43185,457.394897
43186,458.335449
43187,459.261688
43188,454.869141
43189,454.8685
43190,455.459778
43191,455.459473
43192,456.08783
43193,456.087769
43194,457.457306
43195,456.753601
43196,458.199066
43197,458.979034
43198,459.79718
43199,460.653503
43200,461.548096
43201,462.481171
43202,463.402161
43203,456.753693
43204,457.457367
43205,458.199005
43206,458.978912
43207,459.797058
43208,460.653412
43209,461.548035
43210,462.481171
43211,463.402161
43212,458.87854
43213,458.877808
43214,459.467041
43215,459.466827
43216,460.092834
43217,460.092987
43218,461.456818
43219,460.756165
43220,462.195068
43221,462.971283
43222,463.785431
43223,464.637512
43224,465.52774
43225,466.456421
43226,467.373413
43227,460.7565
43228,461.457092
43229,462.19516
43230,462.971222
43231,463.785309
43232,464.63739
43233,465.527618
43234,466.45636
43235,467.373383
43236,462.705109
43237,462.704712
43238,463.292267
43239,463.292572
43240,463.916595
43241,463.917206
43242,465.276367
43243,464.578125
43244,466.011841
43245,466.785187
43246,467.596344
43247,468.445312
43248,469.332214
43249,470.257355
43250,471.170807
43251,464.578705
43252,465.276825
43253,466.012115
43254,466.785278
43255,467.596283
43256,468.44519
43257,469.332062
43258,470.257233
43259,471.170715
43260,466.35675
43261,466.357147
43262,466.943115
43263,466.94397
43264,467.566193
43265,467.567047
43266,468.922211
43267,468.226044
43268,469.655396
43269,470.426239
43270,471.234802
43271,472.080963
43272,472.964813
43273,473.886597
43274,474.796448
43275,468.226654
43276,468.922699
43277,469.655792
43278,470.426483
43279,471.234863
43280,472.080933
43281,472.964691
43282,473.886444
43283,474.796326
43284,469.839935
43285,469.840912
43286,470.425476
43287,470.426575
43288,471.047272
43289,471.048096
43290,472.399841
43291,471.705444
43292,473.131042
43293,473.899628
43294,474.705627
43295,475.549011
43296,476.429718
43297,477.347992
43298,478.25415
43299,471.705872
43300,472.400208
43301,473.131439
43302,473.899963
43303,474.705841
43304,475.549042
43305,476.429657
43306,477.3479
43307,478.254028
43308,473.160309
43309,473.161713
43310,473.744934
43311,473.746002
43312,474.365265
43313,474.365814
43314,475.714417
43315,475.021667
43316,476.443848
43317,477.210266
43318,478.013794
43319,478.85437
43320,479.731995
43321,480.646881
43322,481.549408
43323,475.021851
43324,475.714539
43325,476.444122
43326,477.210602
43327,478.014038
43328,478.854492
43329,479.732025
43330,480.64682
43331,481.549316
43332,476.32373
43333,476.325073
43334,476.907013
43335,476.907715
43336,477.525696
43337,477.525879
43338,478.871521
43339,478.180359
43340,479.599426
43341,480.363983
43342,481.165314
43343,482.003387
43344,482.878235
43345,483.789948
43346,484.689087
43347,478.180176
43348,478.871399
43349,479.599518
43350,480.364227
43351,481.165558
43352,482.003601
43353,482.878357
43354,483.789978
43355,484.689026
43356,479.336182
43357,479.337036
43358,479.917969
43359,479.918213
43360,480.535126
43361,480.534912
43362,481.878204
43363,481.188263
43364,482.604889
43365,483.36795
43366,484.167419
43367,485.003326
43368,485.875641
43369,486.784393
43370,487.680328
43371,481.187805
43372,481.877838
43373,482.604767
43374,483.368011
43375,484.167603
43376,485.00351
43377,485.875763
43378,486.784485
43379,487.680359
43380,482.204956
43381,482.205292
43382,482.7854
43383,482.785156
43384,483.401276
43385,483.400696
43386,484.742218
43387,484.053253
43388,485.467896
43389,486.229706
43390,487.027649
43391,487.861633
43392,488.731628
43393,489.637726
43394,490.53064
43395,484.052673
43396,484.74176
43397,485.467621
43398,486.229645
43399,487.027679
43400,487.861755
43401,488.731781
43402,489.637848
43403,490.530701
43404,484.938019
43405,484.937714
43406,485.517303
43407,485.516602
43408,486.132202
43409,486.1315
43410,487.471588
43411,486.783417
43412,488.19632
43413,488.957031
43414,489.753571
43415,490.585876
43416,491.453827
43417,492.357452
43418,493.247559
43419,486.78299
43420,487.471252
43421,488.196014
43422,488.956848
43423,489.75354
43424,490.585907
43425,491.453918
43426,492.357544
43427,493.24765
43428,487.543121
43429,487.542297
43430,488.121582
43431,488.120819
43432,488.736023
43433,488.735626
43434,490.07428
43435,489.386902
43436,490.797943
43437,491.557587
43438,492.352875
43439,493.183624
43440,494.049713
43441,494.951019
43442,495.838501
43443,489.386749
43444,490.074127
43445,490.79776
43446,491.557373
43447,492.352753
43448,493.183594
43449,494.049744
43450,494.95108
43451,495.838562
43452,490.028076
43453,490.027313
43454,490.606323
43455,490.606049
43456,491.220703
43457,491.220642
43458,492.55777
43459,491.871185
43460,493.280396
43461,494.03891
43462,494.832947
43463,495.662262
43464,496.52655
43465,497.42572
43466,498.31073
43467,491.871185
43468,492.557739
43469,493.280334
43470,494.038788
43471,494.832855
43472,495.662201
43473,496.52655
43474,497.425751
43475,498.310791
43476,492.400818
43477,492.400665
43478,492.979248
43479,492.979279
43480,493.593353
43481,493.593353
43482,495.650757
43483,496.408142
43484,497.200958
43485,498.028839
43486,498.891479
43487,499.788605
43488,500.671265
43489,495.650726
43490,496.408112
43491,497.200897
43492,498.028778
43493,498.891418
43494,499.788574
43495,500.671295
43496,494.668701
43497,496.837524
43498,494.668823
43499,495.246887
43500,497.415283
43501,495.246918
43502,499.463684
43503,500.290192
43504,501.151184
43505,502.046356
43506,502.926819
43507,498.672058
43508,499.463684
43509,500.290161
43510,501.151154
43511,502.046326
43512,502.926788
43513,501.627502
43514,502.452667
43515,503.312073
43516,504.205353
43517,505.083679
43518,496.837769
43519,498.913452
43520,499.49057
43521,501.627502
43522,502.452637
43523,503.312042
43524,504.205322
43525,505.083679
43526,504.522217
43527,505.380127
43528,506.271606
43529,507.147888
43530,504.522217
43531,505.380127
43532,506.271606
43533,507.147888
43534,498.672058
43535,507.360931
43536,508.250671
43537,509.125
43538,504.636169
43539,507.360931
43540,508.250671
43541,509.125
43542,498.913208
43543,506.391937
43544,510.8862
43545,510.886383
43546,512.447449
43547,512.447266
43548,516.043701
43549,516.722046
43550,510.147797
43551,511.967804
43552,512.830261
43553,513.659668
43554,514.4599
43555,515.23468
43556,511.020264
43557,512.838501
43558,513.715271
43559,514.510864
43560,515.277039
43561,516.017456
43562,514.584229
43563,515.394348
43564,516.127014
43565,516.833618
43566,516.261719
43567,517.009155
43568,517.682434
43569,517.874939
43570,518.563232
43571,519.180542
43572,519.42749
43573,520.060059
43574,520.922913
43575,520.624573
43576,521.502808
43577,522.364319
43578,510.147797
43579,511.967804
43580,512.830261
43581,513.659668
43582,514.4599
43583,511.020264
43584,512.838501
43585,513.715271
43586,514.510864
43587,515.2771
43588,516.017517
43589,514.584229
43590,515.394409
43591,516.127075
43592,516.833679
43593,517.517761
43594,516.261719
43595,517.009155
43596,517.682495
43597,518.332886
43598,518.963745
43599,517.874939
43600,518.563232
43601,519.180603
43602,519.777954
43603,520.358521
43604,519.427551
43605,520.060059
43606,520.624573
43607,521.171875
43608,521.704895
43609,515.23468
43610,516.735779
43611,518.182617
43612,519.578247
43613,520.925354
43614,520.922913
43615,521.502808
43616,522.017395
43617,522.517334
43618,515.987671
43619,517.435303
43620,518.831604
43621,519.46759
43622,520.179443
43623,514.595032
43624,515.273926
43625,516.043884
43626,516.722229
43627,517.441467
43628,518.119202
43629,522.364258
43630,522.894409
43631,523.361877
43632,523.361877
43633,523.754578
43634,524.237732
43635,525.096558
43636,429.671112
43637,429.671326
43638,431.2034
43639,431.203247
43640,432.763672
43641,432.763336
43642,434.34082
43643,435.922516
43644,437.494598
43645,439.041351
43646,440.545746
43647,441.988373
43648,443.346558
43649,444.592438
43650,445.34259
43651,434.340515
43652,435.922272
43653,437.494476
43654,439.041321
43655,440.545776
43656,441.988434
43657,443.346619
43658,444.592499
43659,445.342621
43660,433.955048
43661,433.955109
43662,435.08902
43663,435.088989
43664,436.267334
43665,436.26712
43666,438.730896
43667,437.483765
43668,439.999054
43669,441.276672
43670,442.550171
43671,443.803436
43672,445.017273
43673,446.168365
43674,447.176147
43675,437.483521
43676,438.730682
43677,439.998932
43678,441.276611
43679,442.55014
43680,443.803467
43681,445.017303
43682,446.168427
43683,447.176208
43684,440.986481
43685,440.986298
43686,441.663849
43687,441.663483
43688,442.393372
43689,442.393036
43690,444.008118
43691,443.175171
43692,444.889374
43693,445.814423
43694,446.777069
43695,447.769135
43696,448.780396
43697,449.798523
43698,450.757874
43699,443.174957
43700,444.007965
43701,444.889221
43702,445.814301
43703,446.776978
43704,447.769104
43705,448.780396
43706,449.798553
43707,450.757904
43708,446.1586
43709,446.157776
43710,446.763275
43711,446.763275
43712,447.409821
43713,447.410004
43714,448.829132
43715,448.098389
43716,449.602173
43717,450.416962
43718,451.272064
43719,452.165283
43720,453.093628
43721,454.053528
43722,454.989441
43723,448.09845
43724,448.829163
43725,449.602173
43726,450.416901
43727,451.271973
43728,452.165222
43729,453.093628
43730,454.053528
43731,454.989471
43732,450.65741
43733,450.65741
43734,451.251801
43735,451.252014
43736,451.884125
43737,451.884216
43738,453.26413
43739,452.554749
43740,454.012573
43741,454.800171
43742,455.626709
43743,456.491821
43744,457.394897
43745,458.335449
43746,459.261688
43747,452.554688
43748,453.264099
43749,454.012573
43750,454.80014
43751,455.626648
43752,456.49173
43753,457.394867
43754,458.335449
43755,459.261719
43756,454.8685
43757,454.868164
43758,455.459473
43759,455.459412
43760,456.087769
43761,456.08783
43762,457.457367
43763,456.753693
43764,458.199005
43765,458.978912
43766,459.797058
43767,460.653412
43768,461.548035
43769,462.481171
43770,463.402161
43771,456.753876
43772,457.45752
43773,458.199066
43774,458.978882
43775,459.796967
43776,460.65332
43777,461.547943
43778,462.48111
43779,463.402161
43780,458.877808
43781,458.877563
43782,459.466827
43783,459.467041
43784,460.092987
43785,460.093445
43786,461.457092
43787,460.7565
43788,462.19516
43789,462.971222
43790,463.785309
43791,464.63739
43792,465.527618
43793,466.45636
43794,467.373383
43795,460.756989
43796,461.457458
43797,462.195374
43798,462.971283
43799,463.785248
43800,464.637268
43801,465.527496
43802,466.456238
43803,467.373322
43804,462.704712
43805,462.705109
43806,463.292572
43807,463.293335
43808,463.917206
43809,463.917938
43810,465.276825
43811,464.578705
43812,466.012115
43813,466.785278
43814,467.596283
43815,468.44519
43816,469.332062
43817,470.257233
43818,471.170715
43819,464.579254
43820,465.277252
43821,466.012482
43822,466.785492
43823,467.596344
43824,468.445129
43825,469.33197
43826,470.257111
43827,471.170593
43828,466.357147
43829,466.358215
43830,466.94397
43831,466.945038
43832,467.567047
43833,467.56781
43834,468.922699
43835,468.226654
43836,469.655792
43837,470.426483
43838,471.234863
43839,472.080933
43840,472.964691
43841,473.886444
43842,474.796326
43843,468.227051
43844,468.923035
43845,469.656158
43846,470.426788
43847,471.235046
43848,472.080963
43849,472.964661
43850,473.886353
43851,474.796204
43852,469.840912
43853,469.842285
43854,470.426575
43855,470.427582
43856,471.048096
43857,471.048615
43858,472.400208
43859,471.705872
43860,473.131439
43861,473.899963
43862,474.705841
43863,475.549042
43864,476.429657
43865,477.3479
43866,478.254028
43867,471.706024
43868,472.40033
43869,473.131744
43870,473.900269
43871,474.706085
43872,475.549194
43873,476.429718
43874,477.347839
43875,478.253906
43876,473.161713
43877,473.163025
43878,473.746002
43879,473.746643
43880,474.365814
43881,474.366028
43882,475.714539
43883,475.021851
43884,476.444122
43885,477.210602
43886,478.014038
43887,478.854492
43888,479.732025
43889,480.64682
43890,481.549316
43891,475.021667
43892,475.714417
43893,476.444214
43894,477.210815
43895,478.014282
43896,478.854706
43897,479.732147
43898,480.646881
43899,481.549286
43900,476.325073
43901,476.325897
43902,476.907715
43903,476.907959
43904,477.525879
43905,477.525696
43906,478.871399
43907,478.180176
43908,479.599518
43909,480.364227
43910,481.165558
43911,482.003601
43912,482.878357
43913,483.789978
43914,484.689026
43915,478.179718
43916,478.871033
43917,479.599426
43918,480.364288
43919,481.165741
43920,482.003784
43921,482.87851
43922,483.79007
43923,484.689087
43924,479.337036
43925,479.337341
43926,479.918213
43927,479.917969
43928,480.534912
43929,480.534332
43930,481.877838
43931,481.187805
43932,482.604767
43933,483.368011
43934,484.167603
43935,485.00351
43936,485.875763
43937,486.784485
43938,487.680359
43939,481.187164
43940,481.87735
43941,482.604492
43942,483.36795
43943,484.167664
43944,485.003632
43945,485.875916
43946,486.784607
43947,487.68045
43948,482.205292
43949,482.204956
43950,482.785156
43951,482.784424
43952,483.400696
43953,483.399933
43954,484.74176
43955,484.052673
43956,485.467621
43957,486.229645
43958,487.027679
43959,487.861755
43960,488.731781
43961,489.637848
43962,490.530701
43963,484.052155
43964,484.741364
43965,485.467285
43966,486.229431
43967,487.027649
43968,487.861786
43969,488.731873
43970,489.637939
43971,490.530823
43972,484.937714
43973,484.936798
43974,485.516602
43975,485.515686
43976,486.1315
43977,486.130981
43978,487.471252
43979,486.78299
43980,488.196014
43981,488.956848
43982,489.75354
43983,490.585907
43984,491.453918
43985,492.357544
43986,493.24765
43987,486.782776
43988,487.471039
43989,488.19574
43990,488.956604
43991,489.753387
43992,490.585876
43993,491.453949
43994,492.357605
43995,493.247742
43996,487.542297
43997,487.54129
43998,488.120819
43999,488.120361
44000,488.735626
44001,488.735504
44002,490.074127
44003,489.386749
44004,490.79776
44005,491.557373
44006,492.352753
44007,493.183594
44008,494.049744
44009,494.95108
44010,495.838562
44011,489.386719
44012,490.074097
44013,490.797638
44014,491.55722
44015,492.3526
44016,493.183502
44017,494.049713
44018,494.951111
44019,495.838623
44020,490.027313
44021,490.026978
44022,490.606049
44023,490.605988
44024,491.220642
44025,491.220642
44026,493.280334
44027,494.038788
44028,494.832855
44029,495.662201
44030,496.52655
44031,497.425751
44032,498.310791
44033,493.280304
44034,494.038696
44035,494.832733
44036,495.662109
44037,496.526489
44038,497.42572
44039,498.310791
44040,492.400665
44041,492.400757
44042,492.979279
44043,492.979279
44044,496.408112
44045,497.200897
44046,498.028778
44047,498.891418
44048,499.788574
44049,500.671295
44050,496.408081
44051,497.200867
44052,498.028748
44053,498.891388
44054,499.788544
44055,500.671265
44056,494.668823
44057,496.837708
44058,494.668884
44059,499.463684
44060,500.290161
44061,501.151154
44062,502.046326
44063,502.926788
44064,499.463654
44065,500.290131
44066,501.151123
44067,502.046295
44068,502.926788
44069,502.452637
44070,503.312042
44071,504.205322
44072,505.083679
44073,498.913391
44074,502.452637
44075,503.312042
44076,504.205322
44077,505.083649
44078,505.380127
44079,506.271606
44080,507.147888
44081,505.380127
44082,506.271606
44083,507.147888
44084,508.250671
44085,509.125
44086,508.250702
44087,509.125031
44088,510.886475
44089,512.44751
44090,510.276398
44091,510.276642
44092,511.838196
44093,511.837952
44094,511.020264
44095,512.838501
44096,513.715271
44097,514.510864
44098,515.2771
44099,516.017517
44100,514.584229
44101,515.394409
44102,516.127075
44103,516.833679
44104,516.261719
44105,517.009155
44106,517.682495
44107,517.874939
44108,518.563232
44109,518.332886
44110,519.180603
44111,519.427551
44112,520.060059
44113,520.922913
44114,522.364258
44115,511.020264
44116,512.838501
44117,513.715271
44118,514.510864
44119,515.2771
44120,516.017517
44121,514.58429
44122,515.394409
44123,516.127075
44124,516.833679
44125,517.517761
44126,516.26178
44127,517.009216
44128,517.682495
44129,518.332947
44130,518.963806
44131,517.875
44132,518.563293
44133,519.180603
44134,519.778015
44135,520.358582
44136,519.427551
44137,520.060059
44138,520.624634
44139,521.171875
44140,521.704895
44141,520.922913
44142,521.502808
44143,522.017456
44144,522.517334
44145,518.182678
44146,519.578308
44147,520.925415
44148,522.364258
44149,522.894409
44150,523.361877
44151,517.435303
44152,518.831665
44153,516.043884
44154,516.722229
44155,517.441467
44156,518.119202
44157,523.754578
44158,524.237671
44159,525.096558
44160,429.671326
44161,429.671112
44162,431.203247
44163,431.202789
44164,432.763336
44165,432.762939
44166,434.340515
44167,435.922272
44168,437.494476
44169,439.041321
44170,440.545776
44171,441.988434
44172,443.346619
44173,444.592499
44174,445.342621
44175,434.340271
44176,435.922089
44177,437.494293
44178,439.041229
44179,440.545746
44180,441.988434
44181,443.346649
44182,444.592529
44183,445.342682
44184,433.955109
44185,433.95517
44186,435.088989
44187,435.088745
44188,436.26712
44189,436.266785
44190,438.730682
44191,437.483521
44192,439.998932
44193,441.276611
44194,442.55014
44195,443.803467
44196,445.017303
44197,446.168427
44198,447.176208
44199,437.483276
44200,438.730499
44201,439.998779
44202,441.27652
44203,442.55011
44204,443.803436
44205,445.017303
44206,446.168457
44207,447.176239
44208,440.986298
44209,440.985809
44210,441.663483
44211,441.663025
44212,442.393036
44213,442.392792
44214,444.007965
44215,443.174957
44216,444.889221
44217,445.814301
44218,446.776978
44219,447.769104
44220,448.780396
44221,449.798553
44222,450.757904
44223,443.174896
44224,444.007904
44225,444.88913
44226,445.814178
44227,446.776886
44228,447.769073
44229,448.780396
44230,449.798553
44231,450.757935
44232,446.157776
44233,446.157806
44234,446.763275
44235,446.76358
44236,447.410004
44237,447.410126
44238,448.829163
44239,448.09845
44240,449.602173
44241,450.416901
44242,451.271973
44243,452.165222
44244,453.093628
44245,454.053528
44246,454.989471
44247,448.098389
44248,448.829132
44249,449.602173
44250,450.41687
44251,451.271912
44252,452.165131
44253,453.093567
44254,454.053528
44255,454.989471
44256,450.65741
44257,450.657806
44258,451.252014
44259,451.252167
44260,451.884216
44261,451.884125
44262,453.264099
44263,452.554688
44264,454.012573
44265,454.80014
44266,455.626648
44267,456.49173
44268,457.394867
44269,458.335449
44270,459.261719
44271,452.554657
44272,453.264099
44273,454.012573
44274,454.80014
44275,455.626617
44276,456.491669
44277,457.394806
44278,458.335388
44279,459.261688
44280,454.868164
44281,454.868134
44282,455.459412
44283,455.459473
44284,456.08783
44285,456.088074
44286,457.45752
44287,456.753876
44288,458.199066
44289,458.978882
44290,459.796967
44291,460.65332
44292,461.547943
44293,462.48111
44294,463.402161
44295,456.754211
44296,457.457794
44297,458.199188
44298,458.978912
44299,459.796936
44300,460.653229
44301,461.547882
44302,462.481018
44303,463.4021
44304,458.877563
44305,458.877808
44306,459.467041
44307,459.46759
44308,460.093445
44309,460.094025
44310,461.457458
44311,460.756989
44312,462.195374
44313,462.971283
44314,463.785248
44315,464.637268
44316,465.527496
44317,466.456238
44318,467.373322
44319,460.757446
44320,461.457825
44321,462.195648
44322,462.971466
44323,463.785309
44324,464.637238
44325,465.527405
44326,466.456146
44327,467.373199
44328,462.705109
44329,462.706116
44330,463.293335
44331,463.294281
44332,463.917938
44333,463.91861
44334,465.277252
44335,464.579254
44336,466.012482
44337,466.785492
44338,467.596344
44339,468.445129
44340,469.33197
44341,470.257111
44342,471.170593
44343,464.57962
44344,465.277557
44345,466.012817
44346,466.785767
44347,467.596527
44348,468.44519
44349,469.331909
44350,470.257019
44351,471.170502
44352,466.358215
44353,466.359528
44354,466.945038
44355,466.945953
44356,467.56781
44357,467.568298
44358,468.923035
44359,468.227051
44360,469.656158
44361,470.426788
44362,471.235046
44363,472.080963
44364,472.964661
44365,473.886353
44366,474.796204
44367,468.227203
44368,468.923157
44369,469.656433
44370,470.427094
44371,471.235291
44372,472.081116
44373,472.964691
44374,473.886322
44375,474.796112
44376,469.842285
44377,469.843506
44378,470.427582
44379,470.428192
44380,471.048615
44381,471.048798
44382,472.40033
44383,471.706024
44384,473.131744
44385,473.900269
44386,474.706085
44387,475.549194
44388,476.429718
44389,477.347839
44390,478.253906
44391,471.705872
44392,472.400208
44393,473.131836
44394,473.900482
44395,474.706329
44396,475.549408
44397,476.42984
44398,477.3479
44399,478.253876
44400,473.163025
44401,473.163788
44402,473.746643
44403,473.746887
44404,474.366028
44405,474.365814
44406,475.714417
44407,475.021667
44408,476.444214
44409,477.210815
44410,478.014282
44411,478.854706
44412,479.732147
44413,480.646881
44414,481.549286
44415,475.02124
44416,475.71405
44417,476.444122
44418,477.210907
44419,478.014465
44420,478.854889
44421,479.73233
44422,480.646973
44423,481.549316
44424,476.325897
44425,476.326172
44426,476.907959
44427,476.907715
44428,477.525696
44429,477.525116
44430,478.871033
44431,478.179718
44432,479.599426
44433,480.364288
44434,481.165741
44435,482.003784
44436,482.87851
44437,483.79007
44438,484.689087
44439,478.179077
44440,478.870514
44441,479.599121
44442,480.364227
44443,481.165802
44444,482.003906
44445,482.878662
44446,483.790192
44447,484.689178
44448,479.337341
44449,479.337036
44450,479.917969
44451,479.917236
44452,480.534332
44453,480.533508
44454,481.87735
44455,481.187164
44456,482.604492
44457,483.36795
44458,484.167664
44459,485.003632
44460,485.875916
44461,486.784607
44462,487.68045
44463,481.186584
44464,481.876892
44465,482.604126
44466,483.367737
44467,484.167603
44468,485.003693
44469,485.876038
44470,486.784729
44471,487.680573
44472,482.204956
44473,482.204071
44474,482.784424
44475,482.783417
44476,483.399933
44477,483.399292
44478,484.741364
44479,484.052155
44480,485.467285
44481,486.229431
44482,487.027649
44483,487.861786
44484,488.731873
44485,489.637939
44486,490.530823
44487,484.051849
44488,484.741119
44489,485.46698
44490,486.229156
44491,487.027466
44492,487.861755
44493,488.731903
44494,489.638031
44495,490.530945
44496,484.936798
44497,484.935608
44498,485.515686
44499,485.515045
44500,486.130981
44501,486.130768
44502,487.471039
44503,486.782776
44504,488.19574
44505,488.956604
44506,489.753387
44507,490.585876
44508,491.453949
44509,492.357605
44510,493.247742
44511,486.782715
44512,487.470978
44513,488.195587
44514,488.95639
44515,489.753204
44516,490.585785
44517,491.453918
44518,492.357635
44519,493.247803
44520,487.54129
44521,487.540741
44522,488.120361
44523,488.120239
44524,488.735504
44525,488.735474
44526,490.797638
44527,491.55722
44528,492.3526
44529,493.183502
44530,494.049713
44531,494.951111
44532,495.838623
44533,490.797577
44534,491.557129
44535,492.352478
44536,493.183411
44537,494.049622
44538,494.95108
44539,495.838654
44540,490.026978
44541,490.027008
44542,490.605988
44543,490.606018
44544,494.038696
44545,494.832733
44546,495.662109
44547,496.526489
44548,497.42572
44549,498.310791
44550,494.038696
44551,494.832672
44552,495.662018
44553,496.526428
44554,497.42569
44555,498.310791
44556,492.400757
44557,492.400818
44558,497.200867
44559,498.028748
44560,498.891388
44561,499.788544
44562,500.671265
44563,497.200836
44564,498.028687
44565,498.891327
44566,499.788513
44567,500.671234
44568,500.290131
44569,501.151123
44570,502.046295
44571,502.926788
44572,500.290131
44573,501.151093
44574,502.046265
44575,502.926758
44576,503.312042
44577,504.205322
44578,505.083649
44579,503.312042
44580,504.205322
44581,505.083649
44582,506.271606
44583,507.147888
44584,506.271606
44585,507.147888
44586,509.125031
44587,509.125031
44588,510.276764
44589,511.838257
44590,509.70166
44591,509.701965
44592,511.263916
44593,511.263641
44594,514.58429
44595,515.394409
44596,516.127075
44597,516.833679
44598,516.26178
44599,517.009216
44600,517.682495
44601,517.875
44602,518.563293
44603,518.332886
44604,519.180603
44605,519.427551
44606,520.060059
44607,520.922913
44608,514.58429
44609,515.394409
44610,516.127075
44611,516.83374
44612,516.26178
44613,517.009216
44614,517.682556
44615,518.333008
44616,518.963806
44617,517.875
44618,518.563293
44619,519.180664
44620,519.778076
44621,520.358643
44622,519.427551
44623,520.06012
44624,520.624634
44625,521.171936
44626,520.922913
44627,521.502808
44628,522.017456
44629,522.517334
44630,522.364258
44631,522.894409
44632,523.361877
44633,519.578308
44634,523.754578
44635,525.096497
44636,429.671112
44637,429.670532
44638,431.202789
44639,431.202271
44640,432.762939
44641,432.762634
44642,434.340271
44643,435.922089
44644,437.494293
44645,439.041229
44646,440.545746
44647,441.988434
44648,443.346649
44649,444.592529
44650,445.342682
44651,434.340118
44652,435.921967
44653,437.494141
44654,439.041107
44655,440.545654
44656,441.988434
44657,443.34668
44658,444.59259
44659,445.342743
44660,433.95517
44661,433.954895
44662,435.088745
44663,435.088287
44664,436.266785
44665,436.266449
44666,438.730499
44667,437.483276
44668,439.998779
44669,441.27652
44670,442.55011
44671,443.803436
44672,445.017303
44673,446.168457
44674,447.176239
44675,437.483185
44676,438.730438
44677,439.998657
44678,441.276398
44679,442.550018
44680,443.803406
44681,445.017303
44682,446.168488
44683,447.17627
44684,440.985809
44685,440.98526
44686,441.663025
44687,441.662689
44688,442.392792
44689,442.39267
44690,444.007904
44691,443.174896
44692,444.88913
44693,445.814178
44694,446.776886
44695,447.769073
44696,448.780396
44697,449.798553
44698,450.757935
44699,443.174957
44700,444.007965
44701,444.889069
44702,445.814087
44703,446.776825
44704,447.768982
44705,448.780334
44706,449.798553
44707,450.757965
44708,446.157806
44709,446.158386
44710,446.76358
44711,446.763763
44712,447.410126
44713,447.410004
44714,448.829132
44715,448.098389
44716,449.602173
44717,450.41687
44718,451.271912
44719,452.165131
44720,453.093567
44721,454.053528
44722,454.989471
44723,448.098297
44724,448.829102
44725,449.602173
44726,450.41687
44727,451.271881
44728,452.1651
44729,453.093506
44730,454.053467
44731,454.989471
44732,450.657806
44733,450.658051
44734,451.252167
44735,451.252014
44736,451.884125
44737,451.884003
44738,453.264099
44739,452.554657
44740,454.012573
44741,454.80014
44742,455.626617
44743,456.491669
44744,457.394806
44745,458.335388
44746,459.261688
44747,452.554749
44748,453.264191
44749,454.012604
44750,454.80014
44751,455.626587
44752,456.491638
44753,457.394745
44754,458.335327
44755,459.261658
44756,454.868134
44757,454.868164
44758,455.459473
44759,455.459778
44760,456.088074
44761,456.088501
44762,457.457794
44763,456.754211
44764,458.199188
44765,458.978912
44766,459.796936
44767,460.653229
44768,461.547882
44769,462.481018
44770,463.4021
44771,456.754608
44772,457.458099
44773,458.199402
44774,458.979034
44775,459.796967
44776,460.653198
44777,461.547821
44778,462.480957
44779,463.402039
44780,458.877808
44781,458.87854
44782,459.46759
44783,459.468323
44784,460.094025
44785,460.094604
44786,461.457825
44787,460.757446
44788,462.195648
44789,462.971466
44790,463.785309
44791,464.637238
44792,465.527405
44793,466.456146
44794,467.373199
44795,460.757782
44796,461.458099
44797,462.195953
44798,462.97168
44799,463.785431
44800,464.637268
44801,465.527374
44802,466.456085
44803,467.373108
44804,462.706116
44805,462.707275
44806,463.294281
44807,463.295074
44808,463.91861
44809,463.919067
44810,465.277557
44811,464.57962
44812,466.012817
44813,466.785767
44814,467.596527
44815,468.44519
44816,469.331909
44817,470.257019
44818,471.170502
44819,464.579742
44820,465.277649
44821,466.013062
44822,466.786041
44823,467.596741
44824,468.445312
44825,469.33197
44826,470.256989
44827,471.17041
44828,466.359528
44829,466.360657
44830,466.945953
44831,466.946564
44832,467.568298
44833,467.568481
44834,468.923157
44835,468.227203
44836,469.656433
44837,470.427094
44838,471.235291
44839,472.081116
44840,472.964691
44841,473.886322
44842,474.796112
44843,468.227051
44844,468.923035
44845,469.656525
44846,470.427307
44847,471.235535
44848,472.081299
44849,472.964813
44850,473.886353
44851,474.796082
44852,469.843506
44853,469.844269
44854,470.428192
44855,470.428406
44856,471.048798
44857,471.048615
44858,472.400208
44859,471.705872
44860,473.131836
44861,473.900482
44862,474.706329
44863,475.549408
44864,476.42984
44865,477.3479
44866,478.253876
44867,471.705444
44868,472.399841
44869,473.131744
44870,473.900574
44871,474.706482
44872,475.549591
44873,476.429993
44874,477.347992
44875,478.253906
44876,473.163788
44877,473.164062
44878,473.746887
44879,473.746643
44880,474.365814
44881,474.365265
44882,475.71405
44883,475.02124
44884,476.444122
44885,477.210907
44886,478.014465
44887,478.854889
44888,479.73233
44889,480.646973
44890,481.549316
44891,475.020569
44892,475.713531
44893,476.443848
44894,477.210815
44895,478.014526
44896,478.855042
44897,479.732483
44898,480.647125
44899,481.549408
44900,476.326172
44901,476.325897
44902,476.907715
44903,476.907013
44904,477.525116
44905,477.524292
44906,478.870514
44907,478.179077
44908,479.599121
44909,480.364227
44910,481.165802
44911,482.003906
44912,482.878662
44913,483.790192
44914,484.689178
44915,478.178406
44916,478.870026
44917,479.598724
44918,480.363983
44919,481.165741
44920,482.003967
44921,482.878754
44922,483.790344
44923,484.689301
44924,479.337036
44925,479.336182
44926,479.917236
44927,479.916199
44928,480.533508
44929,480.532776
44930,481.876892
44931,481.186584
44932,482.604126
44933,483.367737
44934,484.167603
44935,485.003693
44936,485.876038
44937,486.784729
44938,487.680573
44939,481.186249
44940,481.876617
44941,482.60376
44942,483.367432
44943,484.167419
44944,485.003632
44945,485.876068
44946,486.784851
44947,487.680695
44948,482.204071
44949,482.202759
44950,482.783417
44951,482.782623
44952,483.399292
44953,483.398987
44954,484.741119
44955,484.051849
44956,485.46698
44957,486.229156
44958,487.027466
44959,487.861755
44960,488.731903
44961,489.638031
44962,490.530945
44963,484.051788
44964,484.741028
44965,485.466766
44966,486.228912
44967,487.027283
44968,487.861633
44969,488.731873
44970,489.638062
44971,490.531006
44972,484.935608
44973,484.934845
44974,485.515045
44975,485.514832
44976,486.130768
44977,486.130707
44978,488.195587
44979,488.95639
44980,489.753204
44981,490.585785
44982,491.453918
44983,492.357635
44984,493.247803
44985,488.195526
44986,488.956268
44987,489.753052
44988,490.585632
44989,491.453827
44990,492.357605
44991,493.247833
44992,487.540741
44993,487.54071
44994,488.120239
44995,488.120239
44996,491.557129
44997,492.352478
44998,493.183411
44999,494.049622
45000,494.95108
45001,495.838654
45002,491.557098
45003,492.352386
45004,493.183289
45005,494.04953
45006,494.951019
45007,495.838623
45008,490.027008
45009,490.027039
45010,494.832672
45011,495.662018
45012,496.526428
45013,497.42569
45014,498.310791
45015,494.832672
45016,495.661957
45017,496.526337
45018,497.425598
45019,498.31073
45020,498.028687
45021,498.891327
45022,499.788513
45023,500.671234
45024,498.028687
45025,498.891296
45026,499.788452
45027,500.671204
45028,501.151093
45029,502.046265
45030,502.926758
45031,501.151093
45032,502.046265
45033,502.926727
45034,504.205322
45035,505.083649
45036,504.205322
45037,505.083649
45038,507.147888
45039,507.147888
45040,509.702057
45041,511.263977
45042,516.26178
45043,517.009216
45044,517.682556
45045,517.875
45046,518.563293
45047,519.427551
45048,520.06012
45049,520.922913
45050,520.624634
45051,520.624573
45052,521.502808
45053,521.502808
45054,516.26178
45055,517.009216
45056,517.682556
45057,517.875
45058,518.563354
45059,519.180664
45060,519.778076
45061,520.358643
45062,519.427612
45063,520.06012
45064,520.624695
45065,521.171936
45066,520.922974
45067,521.502869
45068,522.017517
45069,522.364319
45070,522.89447
45071,523.361877
45072,523.754578
45073,429.670532
45074,429.66983
45075,431.202271
45076,431.201904
45077,432.762634
45078,432.762512
45079,434.340118
45080,435.921967
45081,437.494141
45082,439.041107
45083,440.545654
45084,441.988434
45085,443.34668
45086,444.59259
45087,445.342743
45088,434.340088
45089,435.921936
45090,437.494049
45091,439.040985
45092,440.545563
45093,441.988373
45094,443.346649
45095,444.59259
45096,445.342773
45097,433.954895
45098,433.954285
45099,435.088287
45100,435.08786
45101,436.266449
45102,436.266327
45103,438.730438
45104,437.483185
45105,439.998657
45106,441.276398
45107,442.550018
45108,443.803406
45109,445.017303
45110,446.168488
45111,447.17627
45112,437.483276
45113,438.730499
45114,439.998596
45115,441.276306
45116,442.549927
45117,443.803314
45118,445.017273
45119,446.168457
45120,447.1763
45121,440.98526
45122,440.984833
45123,441.662689
45124,441.662567
45125,442.39267
45126,442.392792
45127,444.007965
45128,443.174957
45129,444.889069
45130,445.814087
45131,446.776825
45132,447.768982
45133,448.780334
45134,449.798553
45135,450.757965
45136,443.175171
45137,444.008118
45138,444.88913
45139,445.814056
45140,446.776733
45141,447.768921
45142,448.780273
45143,449.798523
45144,450.757935
45145,446.158386
45146,446.158661
45147,446.763763
45148,446.76358
45149,447.410004
45150,447.409821
45151,448.829102
45152,448.098297
45153,449.602173
45154,450.41687
45155,451.271881
45156,452.1651
45157,453.093506
45158,454.053467
45159,454.989471
45160,448.098389
45161,448.829193
45162,449.602173
45163,450.41687
45164,451.271881
45165,452.16507
45166,453.093475
45167,454.053436
45168,454.989441
45169,450.658051
45170,450.657806
45171,451.252014
45172,451.251801
45173,451.884003
45174,451.884094
45175,453.264191
45176,452.554749
45177,454.012604
45178,454.80014
45179,455.626587
45180,456.491638
45181,457.394745
45182,458.335327
45183,459.261658
45184,452.555023
45185,453.264404
45186,454.012695
45187,454.800171
45188,455.626617
45189,456.491638
45190,457.394714
45191,458.335297
45192,459.261597
45193,454.868164
45194,454.8685
45195,455.459778
45196,455.460297
45197,456.088501
45198,456.088989
45199,457.458099
45200,456.754608
45201,458.199402
45202,458.979034
45203,459.796967
45204,460.653198
45205,461.547821
45206,462.480957
45207,463.402039
45208,456.754913
45209,457.458313
45210,458.199646
45211,458.979187
45212,459.797058
45213,460.653229
45214,461.547791
45215,462.480896
45216,463.401947
45217,458.87854
45218,458.879425
45219,459.468323
45220,459.469025
45221,460.094604
45222,460.095032
45223,461.458099
45224,460.757782
45225,462.195953
45226,462.97168
45227,463.785431
45228,464.637268
45229,465.527374
45230,466.456085
45231,467.373108
45232,460.757904
45233,461.458191
45234,462.196136
45235,462.971893
45236,463.785614
45237,464.63739
45238,465.527405
45239,466.456055
45240,467.373047
45241,462.707275
45242,462.708252
45243,463.295074
45244,463.295624
45245,463.919067
45246,463.91922
45247,465.277649
45248,464.579742
45249,466.013062
45250,466.786041
45251,467.596741
45252,468.445312
45253,469.33197
45254,470.256989
45255,471.17041
45256,464.57962
45257,465.277557
45258,466.013153
45259,466.786224
45260,467.596954
45261,468.445496
45262,469.332062
45263,470.257019
45264,471.17038
45265,466.360657
45266,466.361359
45267,466.946564
45268,466.946747
45269,467.568481
45270,467.568298
45271,468.923035
45272,468.227051
45273,469.656525
45274,470.427307
45275,471.235535
45276,472.081299
45277,472.964813
45278,473.886353
45279,474.796082
45280,468.226654
45281,468.922699
45282,469.656433
45283,470.427368
45284,471.235687
45285,472.081482
45286,472.964966
45287,473.886444
45288,474.796112
45289,469.844269
45290,469.844482
45291,470.428406
45292,470.428192
45293,471.048615
45294,471.048096
45295,472.399841
45296,471.705444
45297,473.131744
45298,473.900574
45299,474.706482
45300,475.549591
45301,476.429993
45302,477.347992
45303,478.253906
45304,471.704803
45305,472.399353
45306,473.131439
45307,473.900482
45308,474.706543
45309,475.549713
45310,476.430145
45311,477.348145
45312,478.254028
45313,473.164062
45314,473.163788
45315,473.746643
45316,473.746002
45317,474.365265
45318,474.364441
45319,475.713531
45320,475.020569
45321,476.443848
45322,477.210815
45323,478.014526
45324,478.855042
45325,479.732483
45326,480.647125
45327,481.549408
45328,475.019897
45329,475.713013
45330,476.44342
45331,477.210602
45332,478.014465
45333,478.855072
45334,479.732605
45335,480.647247
45336,481.549561
45337,476.325897
45338,476.325073
45339,476.907013
45340,476.905945
45341,477.524292
45342,477.523468
45343,478.870026
45344,478.178406
45345,479.598724
45346,480.363983
45347,481.165741
45348,482.003967
45349,482.878754
45350,483.790344
45351,484.689301
45352,478.178009
45353,478.869659
45354,479.598328
45355,480.363678
45356,481.165558
45357,482.003906
45358,482.878815
45359,483.790436
45360,484.689423
45361,479.336182
45362,479.334839
45363,479.916199
45364,479.915253
45365,480.532776
45366,480.532349
45367,481.876617
45368,481.186249
45369,482.60376
45370,483.367432
45371,484.167419
45372,485.003632
45373,485.876068
45374,486.784851
45375,487.680695
45376,481.186127
45377,481.876495
45378,482.603516
45379,483.367157
45380,484.167206
45381,485.00351
45382,485.876038
45383,486.784882
45384,487.680756
45385,482.202759
45386,482.201782
45387,482.782623
45388,482.782288
45389,483.398987
45390,483.398895
45391,485.466766
45392,486.228912
45393,487.027283
45394,487.861633
45395,488.731873
45396,489.638062
45397,490.531006
45398,485.466705
45399,486.22876
45400,487.027069
45401,487.86145
45402,488.731781
45403,489.638031
45404,490.531036
45405,484.934845
45406,484.934692
45407,485.514832
45408,485.514801
45409,488.956268
45410,489.753052
45411,490.585632
45412,491.453827
45413,492.357605
45414,493.247833
45415,488.956207
45416,489.75293
45417,490.58551
45418,491.453735
45419,492.357544
45420,493.247803
45421,487.54071
45422,487.540741
45423,492.352386
45424,493.183289
45425,494.04953
45426,494.951019
45427,495.838623
45428,492.352356
45429,493.183228
45430,494.049438
45431,494.950928
45432,495.838562
45433,495.661957
45434,496.526337
45435,497.425598
45436,498.31073
45437,495.661957
45438,496.526306
45439,497.425568
45440,498.310669
45441,498.891296
45442,499.788452
45443,500.671204
45444,498.891296
45445,499.788422
45446,500.671173
45447,502.046265
45448,502.926727
45449,502.046234
45450,502.926697
45451,505.083649
45452,505.083649
45453,517.875
45454,518.563354
45455,519.427612
45456,519.180664
45457,520.06012
45458,520.922974
45459,520.624634
45460,521.502869
45461,522.364258
45462,522.364319
45463,522.017456
45464,522.017456
45465,522.894409
45466,522.89447
45467,517.875061
45468,518.563354
45469,519.427612
45470,520.060181
45471,520.624695
45472,521.171997
45473,520.922974
45474,521.502869
45475,522.017517
45476,522.364319
45477,522.89447
45478,522.517395
45479,523.361938
45480,523.754578
45481,524.237732
45482,524.237671
45483,429.66983
45484,429.669373
45485,431.201904
45486,431.201782
45487,432.762512
45488,432.762482
45489,434.340088
45490,435.921936
45491,437.494049
45492,439.040985
45493,440.545563
45494,441.988373
45495,443.346649
45496,444.59259
45497,445.342773
45498,434.340118
45499,435.921967
45500,437.494019
45501,439.040894
45502,440.545471
45503,441.988281
45504,443.346619
45505,444.59259
45506,445.342773
45507,433.954285
45508,433.953705
45509,435.08786
45510,435.087677
45511,436.266327
45512,436.266449
45513,438.730499
45514,437.483276
45515,439.998596
45516,441.276306
45517,442.549927
45518,443.803314
45519,445.017273
45520,446.168457
45521,447.1763
45522,437.483521
45523,438.730682
45524,439.998657
45525,441.276245
45526,442.549835
45527,443.803253
45528,445.017212
45529,446.168427
45530,447.17627
45531,440.984833
45532,440.98465
45533,441.662567
45534,441.662689
45535,442.392792
45536,442.393036
45537,444.008118
45538,443.175171
45539,444.88913
45540,445.814056
45541,446.776733
45542,447.768921
45543,448.780273
45544,449.798523
45545,450.757935
45546,443.175415
45547,444.008331
45548,444.889221
45549,445.814087
45550,446.776703
45551,447.76886
45552,448.780243
45553,449.798462
45554,450.757904
45555,446.158661
45556,446.158386
45557,446.76358
45558,446.763275
45559,447.409821
45560,447.409912
45561,448.829193
45562,448.098389
45563,449.602173
45564,450.41687
45565,451.271881
45566,452.16507
45567,453.093475
45568,454.053436
45569,454.989441
45570,448.098694
45571,448.829437
45572,449.602264
45573,450.416901
45574,451.271881
45575,452.165039
45576,453.093445
45577,454.053375
45578,454.98938
45579,450.657806
45580,450.65741
45581,451.251801
45582,451.251862
45583,451.884094
45584,451.88446
45585,453.264404
45586,452.555023
45587,454.012695
45588,454.800171
45589,455.626617
45590,456.491638
45591,457.394714
45592,458.335297
45593,459.261597
45594,452.555328
45595,453.264618
45596,454.012848
45597,454.800262
45598,455.626648
45599,456.491638
45600,457.394714
45601,458.335266
45602,459.261566
45603,454.8685
45604,454.869141
45605,455.460297
45606,455.460907
45607,456.088989
45608,456.089386
45609,457.458313
45610,456.754913
45611,458.199646
45612,458.979187
45613,459.797058
45614,460.653229
45615,461.547791
45616,462.480896
45617,463.401947
45618,456.755035
45619,457.458405
45620,458.199829
45621,458.97937
45622,459.79718
45623,460.65332
45624,461.547821
45625,462.480896
45626,463.401917
45627,458.879425
45628,458.88028
45629,459.469025
45630,459.469543
45631,460.095032
45632,460.095184
45633,461.458191
45634,460.757904
45635,462.196136
45636,462.971893
45637,463.785614
45638,464.63739
45639,465.527405
45640,466.456055
45641,467.373047
45642,460.757782
45643,461.458099
45644,462.196228
45645,462.972076
45646,463.785767
45647,464.637512
45648,465.527496
45649,466.456085
45650,467.373016
45651,462.708252
45652,462.708893
45653,463.295624
45654,463.295807
45655,463.91922
45656,463.919067
45657,465.277557
45658,464.57962
45659,466.013153
45660,466.786224
45661,467.596954
45662,468.445496
45663,469.332062
45664,470.257019
45665,471.17038
45666,464.579254
45667,465.277252
45668,466.013062
45669,466.786285
45670,467.597107
45671,468.445648
45672,469.332214
45673,470.257111
45674,471.17041
45675,466.361359
45676,466.361603
45677,466.946747
45678,466.946564
45679,467.568298
45680,467.56781
45681,468.922699
45682,468.226654
45683,469.656433
45684,470.427368
45685,471.235687
45686,472.081482
45687,472.964966
45688,473.886444
45689,474.796112
45690,468.226044
45691,468.922211
45692,469.656158
45693,470.427307
45694,471.235748
45695,472.081635
45696,472.965118
45697,473.886597
45698,474.796204
45699,469.844482
45700,469.844269
45701,470.428192
45702,470.427582
45703,471.048096
45704,471.047272
45705,472.399353
45706,471.704803
45707,473.131439
45708,473.900482
45709,474.706543
45710,475.549713
45711,476.430145
45712,477.348145
45713,478.254028
45714,471.704102
45715,472.398804
45716,473.131042
45717,473.900269
45718,474.706482
45719,475.549774
45720,476.430267
45721,477.348267
45722,478.25415
45723,473.163788
45724,473.163025
45725,473.746002
45726,473.744934
45727,474.364441
45728,474.363586
45729,475.713013
45730,475.019897
45731,476.44342
45732,477.210602
45733,478.014465
45734,478.855072
45735,479.732605
45736,480.647247
45737,481.549561
45738,475.019409
45739,475.712616
45740,476.443024
45741,477.210266
45742,478.014282
45743,478.855042
45744,479.732635
45745,480.647339
45746,481.549683
45747,476.325073
45748,476.32373
45749,476.905945
45750,476.904907
45751,477.523468
45752,477.522949
45753,478.869659
45754,478.178009
45755,479.598328
45756,480.363678
45757,481.165558
45758,482.003906
45759,482.878815
45760,483.790436
45761,484.689423
45762,478.177856
45763,478.869568
45764,479.598053
45765,480.363373
45766,481.165314
45767,482.003784
45768,482.878754
45769,483.790466
45770,484.689514
45771,479.334839
45772,479.333679
45773,479.915253
45774,479.914795
45775,480.532349
45776,480.532227
45777,482.603516
45778,483.367157
45779,484.167206
45780,485.00351
45781,485.876038
45782,486.784882
45783,487.680756
45784,482.603455
45785,483.366974
45786,484.166992
45787,485.003326
45788,485.875916
45789,486.784851
45790,487.680817
45791,482.201782
45792,482.201447
45793,482.782288
45794,482.782196
45795,486.22876
45796,487.027069
45797,487.86145
45798,488.731781
45799,489.638031
45800,490.531036
45801,486.228699
45802,487.026947
45803,487.861298
45804,488.731628
45805,489.637939
45806,490.531006
45807,484.934692
45808,484.934692
45809,489.75293
45810,490.58551
45811,491.453735
45812,492.357544
45813,493.247803
45814,489.752899
45815,490.585419
45816,491.453613
45817,492.357452
45818,493.247742
45819,493.183228
45820,494.049438
45821,494.950928
45822,495.838562
45823,493.183197
45824,494.049377
45825,494.950867
45826,495.838501
45827,496.526306
45828,497.425568
45829,498.310669
45830,496.526276
45831,497.425507
45832,498.310638
45833,499.788422
45834,500.671173
45835,499.788422
45836,500.671143
45837,502.926697
45838,502.926697
45839,519.427612
45840,519.180664
45841,520.060181
45842,520.922974
45843,520.624695
45844,521.502869
45845,522.364319
45846,522.017517
45847,522.89447
45848,523.754578
45849,523.754578
45850,519.777954
45851,519.777954
45852,521.171875
45853,521.171875
45854,519.427612
45855,519.180725
45856,520.060181
45857,520.923035
45858,521.50293
45859,522.017517
45860,522.36438
45861,522.894531
45862,523.754578
45863,524.237732
45864,525.096558
45865,525.096497
45866,429.669373
45867,429.669281
45868,431.201782
45869,431.201752
45870,432.762482
45871,432.762512
45872,434.340118
45873,435.921967
45874,437.494019
45875,439.040894
45876,440.545471
45877,441.988281
45878,443.346619
45879,444.59259
45880,445.342773
45881,434.340271
45882,435.922089
45883,437.494049
45884,439.040863
45885,440.54541
45886,441.98822
45887,443.346558
45888,444.592529
45889,445.342773
45890,433.953705
45891,433.953461
45892,435.087677
45893,435.08786
45894,436.266449
45895,436.266785
45896,438.730682
45897,437.483521
45898,439.998657
45899,441.276245
45900,442.549835
45901,443.803253
45902,445.017212
45903,446.168427
45904,447.17627
45905,437.483765
45906,438.730896
45907,439.998779
45908,441.276306
45909,442.549835
45910,443.803192
45911,445.017151
45912,446.168365
45913,447.176239
45914,440.98465
45915,440.984833
45916,441.662689
45917,441.663025
45918,442.393036
45919,442.393372
45920,444.008331
45921,443.175415
45922,444.889221
45923,445.814087
45924,446.776703
45925,447.76886
45926,448.780243
45927,449.798462
45928,450.757904
45929,443.175659
45930,444.008514
45931,444.889374
45932,445.814178
45933,446.776733
45934,447.76886
45935,448.780182
45936,449.798401
45937,450.757874
45938,446.158386
45939,446.157806
45940,446.763275
45941,446.763275
45942,447.409912
45943,447.410339
45944,448.829437
45945,448.098694
45946,449.602264
45947,450.416901
45948,451.271881
45949,452.165039
45950,453.093445
45951,454.053375
45952,454.98938
45953,448.09906
45954,448.829681
45955,449.602448
45956,450.416962
45957,451.271912
45958,452.16507
45959,453.093414
45960,454.053345
45961,454.989349
45962,450.65741
45963,450.65741
45964,451.251862
45965,451.252319
45966,451.88446
45967,451.884888
45968,453.264618
45969,452.555328
45970,454.012848
45971,454.800262
45972,455.626648
45973,456.491638
45974,457.394714
45975,458.335266
45976,459.261566
45977,452.555481
45978,453.264709
45979,454.013
45980,454.800354
45981,455.626709
45982,456.491669
45983,457.394714
45984,458.335236
45985,459.261536
45986,454.869141
45987,454.869904
45988,455.460907
45989,455.461426
45990,456.089386
45991,456.089539
45992,457.458405
45993,456.755035
45994,458.199829
45995,458.97937
45996,459.79718
45997,460.65332
45998,461.547821
45999,462.480896
46000,463.401917
46001,456.754913
46002,457.458313
46003,458.19989
46004,458.979492
46005,459.797302
46006,460.653412
46007,461.547882
46008,462.480896
46009,463.401886
46010,458.88028
46011,458.88092
46012,459.469543
46013,459.469757
46014,460.095184
46015,460.095032
46016,461.458099
46017,460.757782
46018,462.196228
46019,462.972076
46020,463.785767
46021,464.637512
46022,465.527496
46023,466.456085
46024,467.373016
46025,460.757446
46026,461.457825
46027,462.196136
46028,462.972137
46029,463.785919
46030,464.637665
46031,465.527618
46032,466.456146
46033,467.373047
46034,462.708893
46035,462.709106
46036,463.295807
46037,463.295624
46038,463.919067
46039,463.91861
46040,465.277252
46041,464.579254
46042,466.013062
46043,466.786285
46044,467.597107
46045,468.445648
46046,469.332214
46047,470.257111
46048,471.17041
46049,464.578705
46050,465.276825
46051,466.012817
46052,466.786224
46053,467.597137
46054,468.44577
46055,469.332336
46056,470.257233
46057,471.170502
46058,466.361603
46059,466.361359
46060,466.946564
46061,466.945953
46062,467.56781
46063,467.567047
46064,468.922211
46065,468.226044
46066,469.656158
46067,470.427307
46068,471.235748
46069,472.081635
46070,472.965118
46071,473.886597
46072,474.796204
46073,468.225372
46074,468.921692
46075,469.655792
46076,470.427094
46077,471.235687
46078,472.081665
46079,472.96524
46080,473.886719
46081,474.796326
46082,469.844269
46083,469.843506
46084,470.427582
46085,470.426575
46086,471.047272
46087,471.046417
46088,472.398804
46089,471.704102
46090,473.131042
46091,473.900269
46092,474.706482
46093,475.549774
46094,476.430267
46095,477.348267
46096,478.25415
46097,471.703613
46098,472.398407
46099,473.130646
46100,473.899963
46101,474.706329
46102,475.549713
46103,476.430298
46104,477.348358
46105,478.254272
46106,473.163025
46107,473.161713
46108,473.744934
46109,473.743835
46110,474.363586
46111,474.363007
46112,475.712616
46113,475.019409
46114,476.443024
46115,477.210266
46116,478.014282
46117,478.855042
46118,479.732635
46119,480.647339
46120,481.549683
46121,475.019257
46122,475.712494
46123,476.442719
46124,477.209961
46125,478.014038
46126,478.854889
46127,479.732605
46128,480.6474
46129,481.549774
46130,476.32373
46131,476.322418
46132,476.904907
46133,476.904327
46134,477.522949
46135,477.522797
46136,479.598053
46137,480.363373
46138,481.165314
46139,482.003784
46140,482.878754
46141,483.790466
46142,484.689514
46143,479.597961
46144,480.363159
46145,481.16507
46146,482.003601
46147,482.878662
46148,483.790436
46149,484.689545
46150,479.333679
46151,479.33316
46152,479.914795
46153,479.914673
46154,483.366974
46155,484.166992
46156,485.003326
46157,485.875916
46158,486.784851
46159,487.680817
46160,483.366882
46161,484.16684
46162,485.003143
46163,485.875763
46164,486.784729
46165,487.680756
46166,482.201447
46167,482.201416
46168,487.026947
46169,487.861298
46170,488.731628
46171,489.637939
46172,490.531006
46173,487.026886
46174,487.861206
46175,488.731506
46176,489.637848
46177,490.530945
46178,490.585419
46179,491.453613
46180,492.357452
46181,493.247742
46182,490.585388
46183,491.453522
46184,492.35733
46185,493.24765
46186,494.049377
46187,494.950867
46188,495.838501
46189,494.049377
46190,494.950806
46191,495.838409
46192,497.425507
46193,498.310638
46194,497.425507
46195,498.310577
46196,500.671143
46197,500.671143
46198,520.923035
46199,520.624695
46200,521.50293
46201,522.36438
46202,522.017517
46203,522.894531
46204,523.754578
46205,518.963623
46206,518.963684
46207,520.358521
46208,520.358521
46209,519.777954
46210,520.624573
46211,521.171814
46212,522.017395
46213,520.923035
46214,520.624695
46215,521.50293
46216,522.36438
46217,522.894531
46218,523.754639
46219,523.361938
46220,524.237732
46221,525.096558
46222,429.669281
46223,429.669312
46224,431.201752
46225,431.201782
46226,432.762512
46227,432.762634
46228,434.340271
46229,435.922089
46230,437.494049
46231,439.040863
46232,440.54541
46233,441.98822
46234,443.346558
46235,444.592529
46236,445.342773
46237,434.340515
46238,435.922272
46239,437.494141
46240,439.040894
46241,440.54538
46242,441.988159
46243,443.346497
46244,444.592499
46245,445.342743
46246,433.953461
46247,433.953705
46248,435.08786
46249,435.088287
46250,436.266785
46251,436.26712
46252,438.730896
46253,437.483765
46254,439.998779
46255,441.276306
46256,442.549835
46257,443.803192
46258,445.017151
46259,446.168365
46260,447.176239
46261,437.483948
46262,438.731049
46263,439.998932
46264,441.276398
46265,442.549835
46266,443.803192
46267,445.01709
46268,446.168335
46269,447.176208
46270,440.984833
46271,440.98526
46272,441.663025
46273,441.663483
46274,442.393372
46275,442.393677
46276,444.008514
46277,443.175659
46278,444.889374
46279,445.814178
46280,446.776733
46281,447.76886
46282,448.780182
46283,449.798401
46284,450.757874
46285,443.175812
46286,444.008636
46287,444.889526
46288,445.814301
46289,446.776825
46290,447.76886
46291,448.780182
46292,449.79837
46293,450.757812
46294,446.157806
46295,446.157776
46296,446.763275
46297,446.763885
46298,447.410339
46299,447.410858
46300,448.829681
46301,448.09906
46302,449.602448
46303,450.416962
46304,451.271912
46305,452.16507
46306,453.093414
46307,454.053345
46308,454.989349
46309,448.099243
46310,448.829773
46311,449.6026
46312,450.417084
46313,451.271973
46314,452.1651
46315,453.093445
46316,454.053345
46317,454.989319
46318,450.65741
46319,450.658051
46320,451.252319
46321,451.25293
46322,451.884888
46323,451.885101
46324,453.264709
46325,452.555481
46326,454.013
46327,454.800354
46328,455.626709
46329,456.491669
46330,457.394714
46331,458.335236
46332,459.261536
46333,452.555328
46334,453.264618
46335,454.013062
46336,454.800476
46337,455.626801
46338,456.49173
46339,457.394745
46340,458.335266
46341,459.261505
46342,454.869904
46343,454.870544
46344,455.461426
46345,455.461609
46346,456.089539
46347,456.089386
46348,457.458313
46349,456.754913
46350,458.19989
46351,458.979492
46352,459.797302
46353,460.653412
46354,461.547882
46355,462.480896
46356,463.401886
46357,456.754608
46358,457.458099
46359,458.199829
46360,458.979553
46361,459.797424
46362,460.653503
46363,461.547943
46364,462.480957
46365,463.401917
46366,458.88092
46367,458.881165
46368,459.469757
46369,459.469543
46370,460.095032
46371,460.094604
46372,461.457825
46373,460.757446
46374,462.196136
46375,462.972137
46376,463.785919
46377,464.637665
46378,465.527618
46379,466.456146
46380,467.373047
46381,460.756989
46382,461.457458
46383,462.195953
46384,462.972076
46385,463.78595
46386,464.637756
46387,465.52774
46388,466.456238
46389,467.373108
46390,462.709106
46391,462.708893
46392,463.295624
46393,463.295074
46394,463.91861
46395,463.917938
46396,465.276825
46397,464.578705
46398,466.012817
46399,466.786224
46400,467.597137
46401,468.44577
46402,469.332336
46403,470.257233
46404,471.170502
46405,464.578125
46406,465.276367
46407,466.012482
46408,466.786041
46409,467.597107
46410,468.445801
46411,469.332428
46412,470.257355
46413,471.170593
46414,466.361359
46415,466.360657
46416,466.945953
46417,466.945038
46418,467.567047
46419,467.566193
46420,468.921692
46421,468.225372
46422,469.655792
46423,470.427094
46424,471.235687
46425,472.081665
46426,472.96524
46427,473.886719
46428,474.796326
46429,468.224854
46430,468.921295
46431,469.655396
46432,470.426788
46433,471.235535
46434,472.081635
46435,472.965271
46436,473.88681
46437,474.796448
46438,469.843506
46439,469.842285
46440,470.426575
46441,470.425476
46442,471.046417
46443,471.045776
46444,472.398407
46445,471.703613
46446,473.130646
46447,473.899963
46448,474.706329
46449,475.549713
46450,476.430298
46451,477.348358
46452,478.254272
46453,471.70343
46454,472.398285
46455,473.130341
46456,473.899628
46457,474.706085
46458,475.549591
46459,476.430267
46460,477.348419
46461,478.254364
46462,473.161713
46463,473.160309
46464,473.743835
46465,473.743134
46466,474.363007
46467,474.362823
46468,476.442719
46469,477.209961
46470,478.014038
46471,478.854889
46472,479.732605
46473,480.6474
46474,481.549774
46475,476.442627
46476,477.209717
46477,478.013794
46478,478.854706
46479,479.732483
46480,480.647339
46481,481.549805
46482,476.322418
46483,476.321747
46484,476.904327
46485,476.904144
46486,480.363159
46487,481.16507
46488,482.003601
46489,482.878662
46490,483.790436
46491,484.689545
46492,480.363098
46493,481.164917
46494,482.003387
46495,482.87851
46496,483.790344
46497,484.689514
46498,479.33316
46499,479.333069
46500,484.16684
46501,485.003143
46502,485.875763
46503,486.784729
46504,487.680756
46505,484.166779
46506,485.003021
46507,485.875641
46508,486.784607
46509,487.680695
46510,487.861206
46511,488.731506
46512,489.637848
46513,490.530945
46514,487.861145
46515,488.731415
46516,489.637726
46517,490.530823
46518,491.453522
46519,492.35733
46520,493.24765
46521,491.453522
46522,492.357269
46523,493.247559
46524,494.950806
46525,495.838409
46526,494.950775
46527,495.838379
46528,498.310577
46529,498.310577
46530,522.36438
46531,522.017517
46532,522.894531
46533,523.754639
46534,518.182434
46535,518.182495
46536,519.578186
46537,519.578125
46538,519.778015
46539,518.963745
46540,520.358582
46541,521.171936
46542,522.36438
46543,523.754639
46544,523.361938
46545,524.237793
46546,525.096558
46547,429.669312
46548,429.669281
46549,431.201782
46550,431.201904
46551,432.762634
46552,432.762939
46553,434.340515
46554,435.922272
46555,437.494141
46556,439.040894
46557,440.54538
46558,441.988159
46559,443.346497
46560,444.592499
46561,445.342743
46562,434.34082
46563,435.922516
46564,437.494293
46565,439.040985
46566,440.54541
46567,441.988129
46568,443.346436
46569,444.592438
46570,445.342682
46571,433.953705
46572,433.954285
46573,435.088287
46574,435.088745
46575,436.26712
46576,436.267334
46577,438.731049
46578,437.483948
46579,439.998932
46580,441.276398
46581,442.549835
46582,443.803192
46583,445.01709
46584,446.168335
46585,447.176208
46586,437.484039
46587,438.73111
46588,439.999054
46589,441.27652
46590,442.549927
46591,443.803192
46592,445.01709
46593,446.168304
46594,447.176147
46595,440.98526
46596,440.985809
46597,441.663483
46598,441.663849
46599,442.393677
46600,442.39386
46601,444.008636
46602,443.175812
46603,444.889526
46604,445.814301
46605,446.776825
46606,447.76886
46607,448.780182
46608,449.79837
46609,450.757812
46610,443.175873
46611,444.008698
46612,444.889648
46613,445.814423
46614,446.776886
46615,447.768921
46616,448.780182
46617,449.79837
46618,450.757782
46619,446.157776
46620,446.1586
46621,446.763885
46622,446.764648
46623,447.410858
46624,447.411102
46625,448.829773
46626,448.099243
46627,449.6026
46628,450.417084
46629,451.271973
46630,452.1651
46631,453.093445
46632,454.053345
46633,454.989319
46634,448.09906
46635,448.829681
46636,449.602692
46637,450.417206
46638,451.272064
46639,452.165131
46640,453.093475
46641,454.053345
46642,454.989319
46643,450.658051
46644,450.658905
46645,451.25293
46646,451.253235
46647,451.885101
46648,451.884888
46649,453.264618
46650,452.555328
46651,454.013062
46652,454.800476
46653,455.626801
46654,456.49173
46655,457.394745
46656,458.335266
46657,459.261505
46658,452.555023
46659,453.264404
46660,454.013
46661,454.800537
46662,455.626892
46663,456.491821
46664,457.394806
46665,458.335297
46666,459.261536
46667,454.870544
46668,454.870819
46669,455.461609
46670,455.461426
46671,456.089386
46672,456.088989
46673,457.458099
46674,456.754608
46675,458.199829
46676,458.979553
46677,459.797424
46678,460.653503
46679,461.547943
46680,462.480957
46681,463.401917
46682,456.754211
46683,457.457794
46684,458.199646
46685,458.979492
46686,459.797455
46687,460.653595
46688,461.548035
46689,462.481018
46690,463.401947
46691,458.881165
46692,458.88092
46693,459.469543
46694,459.469025
46695,460.094604
46696,460.094025
46697,461.457458
46698,460.756989
46699,462.195953
46700,462.972076
46701,463.78595
46702,464.637756
46703,465.52774
46704,466.456238
46705,467.373108
46706,460.7565
46707,461.457092
46708,462.195648
46709,462.971893
46710,463.785919
46711,464.637787
46712,465.527802
46713,466.45636
46714,467.373199
46715,462.708893
46716,462.708252
46717,463.295074
46718,463.294281
46719,463.917938
46720,463.917206
46721,465.276367
46722,464.578125
46723,466.012482
46724,466.786041
46725,467.597107
46726,468.445801
46727,469.332428
46728,470.257355
46729,471.170593
46730,464.577637
46731,465.276001
46732,466.012115
46733,466.785767
46734,467.596954
46735,468.44577
46736,469.332458
46737,470.257446
46738,471.170715
46739,466.360657
46740,466.359528
46741,466.945038
46742,466.94397
46743,467.566193
46744,467.565552
46745,468.921295
46746,468.224854
46747,469.655396
46748,470.426788
46749,471.235535
46750,472.081635
46751,472.965271
46752,473.88681
46753,474.796448
46754,468.22467
46755,468.921143
46756,469.65509
46757,470.426483
46758,471.235291
46759,472.081482
46760,472.96524
46761,473.886841
46762,474.796539
46763,469.842285
46764,469.840912
46765,470.425476
46766,470.424683
46767,471.045776
46768,471.045563
46769,473.130341
46770,473.899628
46771,474.706085
46772,475.549591
46773,476.430267
46774,477.348419
46775,478.254364
46776,473.130219
46777,473.899414
46778,474.705841
46779,475.549408
46780,476.430145
46781,477.348358
46782,478.254425
46783,473.160309
46784,473.159485
46785,473.743134
46786,473.74292
46787,477.209717
46788,478.013794
46789,478.854706
46790,479.732483
46791,480.647339
46792,481.549805
46793,477.209656
46794,478.013611
46795,478.854492
46796,479.73233
46797,480.647247
46798,481.549774
46799,476.321747
46800,476.321594
46801,481.164917
46802,482.003387
46803,482.87851
46804,483.790344
46805,484.689514
46806,481.164856
46807,482.003265
46808,482.878357
46809,483.790192
46810,484.689423
46811,485.003021
46812,485.875641
46813,486.784607
46814,487.680695
46815,485.002991
46816,485.875519
46817,486.784485
46818,487.680573
46819,488.731415
46820,489.637726
46821,490.530823
46822,488.731384
46823,489.637634
46824,490.530701
46825,492.357269
46826,493.247559
46827,492.357239
46828,493.247467
46829,495.838379
46830,495.838348
46831,523.754639
46832,518.182556
46833,519.578247
46834,525.096619
46835,429.669281
46836,429.669373
46837,431.201904
46838,431.202271
46839,432.762939
46840,432.763336
46841,434.34082
46842,435.922516
46843,437.494293
46844,439.040985
46845,440.54541
46846,441.988129
46847,443.346436
46848,444.592438
46849,445.342682
46850,434.341064
46851,435.922699
46852,437.494476
46853,439.041107
46854,440.545471
46855,441.988159
46856,443.346436
46857,444.592407
46858,445.342621
46859,433.954285
46860,433.954895
46861,435.088745
46862,435.088989
46863,436.267334
46864,436.267395
46865,438.73111
46866,437.484039
46867,439.999054
46868,441.27652
46869,442.549927
46870,443.803192
46871,445.01709
46872,446.168304
46873,447.176147
46874,437.484039
46875,438.73114
46876,439.999115
46877,441.276611
46878,442.550018
46879,443.803253
46880,445.01709
46881,446.168274
46882,447.176117
46883,440.985809
46884,440.986298
46885,441.663849
46886,441.664032
46887,442.39386
46888,442.393921
46889,444.008698
46890,443.175873
46891,444.889648
46892,445.814423
46893,446.776886
46894,447.768921
46895,448.780182
46896,449.79837
46897,450.757782
46898,443.175812
46899,444.008636
46900,444.889679
46901,445.814484
46902,446.776978
46903,447.768982
46904,448.780243
46905,449.79837
46906,450.757751
46907,446.1586
46908,446.159668
46909,446.764648
46910,446.764984
46911,447.411102
46912,447.410858
46913,448.829681
46914,448.09906
46915,449.602692
46916,450.417206
46917,451.272064
46918,452.165131
46919,453.093475
46920,454.053345
46921,454.989319
46922,448.098694
46923,448.829437
46924,449.6026
46925,450.417267
46926,451.272156
46927,452.165222
46928,453.093506
46929,454.053375
46930,454.989319
46931,450.658905
46932,450.659302
46933,451.253235
46934,451.25293
46935,451.884888
46936,451.88446
46937,453.264404
46938,452.555023
46939,454.013
46940,454.800537
46941,455.626892
46942,456.491821
46943,457.394806
46944,458.335297
46945,459.261536
46946,452.554749
46947,453.264191
46948,454.012848
46949,454.800476
46950,455.626923
46951,456.491882
46952,457.394867
46953,458.335327
46954,459.261566
46955,454.870819
46956,454.870544
46957,455.461426
46958,455.460907
46959,456.088989
46960,456.088501
46961,457.457794
46962,456.754211
46963,458.199646
46964,458.979492
46965,459.797455
46966,460.653595
46967,461.548035
46968,462.481018
46969,463.401947
46970,456.753876
46971,457.45752
46972,458.199402
46973,458.97937
46974,459.797424
46975,460.653625
46976,461.548096
46977,462.48111
46978,463.402039
46979,458.88092
46980,458.88028
46981,459.469025
46982,459.468323
46983,460.094025
46984,460.093445
46985,461.457092
46986,460.7565
46987,462.195648
46988,462.971893
46989,463.785919
46990,464.637787
46991,465.527802
46992,466.45636
46993,467.373199
46994,460.756165
46995,461.456818
46996,462.195374
46997,462.97168
46998,463.785767
46999,464.637756
47000,465.527832
47001,466.456421
47002,467.373322
47003,462.708252
47004,462.707275
47005,463.294281
47006,463.293335
47007,463.917206
47008,463.916595
47009,465.276001
47010,464.577637
47011,466.012115
47012,466.785767
47013,467.596954
47014,468.44577
47015,469.332458
47016,470.257446
47017,471.170715
47018,464.577454
47019,465.275879
47020,466.011841
47021,466.785492
47022,467.596741
47023,468.445648
47024,469.332428
47025,470.257477
47026,471.170807
47027,466.359528
47028,466.358215
47029,466.94397
47030,466.943115
47031,467.565552
47032,467.565308
47033,469.65509
47034,470.426483
47035,471.235291
47036,472.081482
47037,472.96524
47038,473.886841
47039,474.796539
47040,469.654968
47041,470.426239
47042,471.235046
47043,472.081299
47044,472.965118
47045,473.88681
47046,474.7966
47047,469.840912
47048,469.839935
47049,470.424683
47050,470.424408
47051,473.899414
47052,474.705841
47053,475.549408
47054,476.430145
47055,477.348358
47056,478.254425
47057,473.899323
47058,474.705627
47059,475.549194
47060,476.429993
47061,477.348267
47062,478.254364
47063,473.159485
47064,473.159271
47065,478.013611
47066,478.854492
47067,479.73233
47068,480.647247
47069,481.549774
47070,478.01355
47071,478.85437
47072,479.732147
47073,480.647125
47074,481.549683
47075,482.003265
47076,482.878357
47077,483.790192
47078,484.689423
47079,482.003204
47080,482.878235
47081,483.79007
47082,484.689301
47083,485.875519
47084,486.784485
47085,487.680573
47086,485.875488
47087,486.784393
47088,487.68045
47089,489.637634
47090,490.530701
47091,489.637604
47092,490.53064
47093,493.247467
47094,493.247467
47095,429.669373
47096,429.66983
47097,431.202271
47098,431.202789
47099,432.763336
47100,432.763672
47101,434.341064
47102,435.922699
47103,437.494476
47104,439.041107
47105,440.545471
47106,441.988159
47107,443.346436
47108,444.592407
47109,445.342621
47110,434.341156
47111,435.92276
47112,437.494598
47113,439.041229
47114,440.545563
47115,441.98822
47116,443.346436
47117,444.592377
47118,445.34259
47119,433.954895
47120,433.95517
47121,435.088989
47122,435.08902
47123,436.267395
47124,436.267395
47125,438.73114
47126,437.484039
47127,439.999115
47128,441.276611
47129,442.550018
47130,443.803253
47131,445.01709
47132,446.168274
47133,447.176117
47134,437.484039
47135,438.73111
47136,439.999146
47137,441.276672
47138,442.55011
47139,443.803314
47140,445.017151
47141,446.168304
47142,447.176086
47143,440.986298
47144,440.986481
47145,441.664032
47146,441.664124
47147,442.393921
47148,442.39386
47149,444.008636
47150,443.175812
47151,444.889679
47152,445.814484
47153,446.776978
47154,447.768982
47155,448.780243
47156,449.79837
47157,450.757751
47158,443.175659
47159,444.008514
47160,444.889648
47161,445.814514
47162,446.777069
47163,447.769073
47164,448.780273
47165,449.798401
47166,450.757782
47167,446.159668
47168,446.160156
47169,446.764984
47170,446.764648
47171,447.410858
47172,447.410339
47173,448.829437
47174,448.098694
47175,449.6026
47176,450.417267
47177,451.272156
47178,452.165222
47179,453.093506
47180,454.053375
47181,454.989319
47182,448.098389
47183,448.829193
47184,449.602448
47185,450.417206
47186,451.272186
47187,452.165283
47188,453.093567
47189,454.053436
47190,454.989349
47191,450.659302
47192,450.658905
47193,451.25293
47194,451.252319
47195,451.88446
47196,451.884094
47197,453.264191
47198,452.554749
47199,454.012848
47200,454.800476
47201,455.626923
47202,456.491882
47203,457.394867
47204,458.335327
47205,459.261566
47206,452.554657
47207,453.264099
47208,454.012695
47209,454.800354
47210,455.626892
47211,456.491882
47212,457.394897
47213,458.335388
47214,459.261597
47215,454.870544
47216,454.869904
47217,455.460907
47218,455.460297
47219,456.088501
47220,456.088074
47221,457.45752
47222,456.753876
47223,458.199402
47224,458.97937
47225,459.797424
47226,460.653625
47227,461.548096
47228,462.48111
47229,463.402039
47230,456.753693
47231,457.457367
47232,458.199188
47233,458.979187
47234,459.797302
47235,460.653595
47236,461.548126
47237,462.481171
47238,463.4021
47239,458.88028
47240,458.879425
47241,459.468323
47242,459.46759
47243,460.093445
47244,460.092987
47245,461.456818
47246,460.756165
47247,462.195374
47248,462.97168
47249,463.785767
47250,464.637756
47251,465.527832
47252,466.456421
47253,467.373322
47254,460.756012
47255,461.456696
47256,462.19516
47257,462.971466
47258,463.785614
47259,464.637665
47260,465.527802
47261,466.456451
47262,467.373383
47263,462.707275
47264,462.706116
47265,463.293335
47266,463.292572
47267,463.916595
47268,463.916351
47269,466.011841
47270,466.785492
47271,467.596741
47272,468.445648
47273,469.332428
47274,470.257477
47275,471.170807
47276,466.011749
47277,466.785278
47278,467.596527
47279,468.445496
47280,469.332336
47281,470.257446
47282,471.170837
47283,466.358215
47284,466.357147
47285,466.943115
47286,466.94281
47287,470.426239
47288,471.235046
47289,472.081299
47290,472.965118
47291,473.88681
47292,474.7966
47293,470.426178
47294,471.234863
47295,472.081116
47296,472.964966
47297,473.886719
47298,474.796539
47299,469.839935
47300,469.83963
47301,474.705627
47302,475.549194
47303,476.429993
47304,477.348267
47305,478.254364
47306,474.705566
47307,475.549042
47308,476.42984
47309,477.348145
47310,478.254272
47311,478.85437
47312,479.732147
47313,480.647125
47314,481.549683
47315,478.854309
47316,479.732025
47317,480.646973
47318,481.549561
47319,482.878235
47320,483.79007
47321,484.689301
47322,482.878204
47323,483.789978
47324,484.689178
47325,486.784393
47326,487.68045
47327,486.784363
47328,487.680359
47329,490.53064
47330,490.530609
47331,429.66983
47332,429.670532
47333,431.202789
47334,431.203247
47335,432.763672
47336,432.763794
47337,434.341156
47338,435.92276
47339,437.494598
47340,439.041229
47341,440.545563
47342,441.98822
47343,443.346436
47344,444.592377
47345,445.34259
47346,434.341064
47347,435.922699
47348,437.494659
47349,439.041321
47350,440.545654
47351,441.988281
47352,443.346497
47353,444.592407
47354,445.34259
47355,433.95517
47356,433.955109
47357,435.08902
47358,435.088989
47359,436.267395
47360,436.267395
47361,438.73111
47362,437.484039
47363,439.999146
47364,441.276672
47365,442.55011
47366,443.803314
47367,445.017151
47368,446.168304
47369,447.176086
47370,437.483948
47371,438.731049
47372,439.999115
47373,441.276703
47374,442.55014
47375,443.803406
47376,445.017212
47377,446.168335
47378,447.176117
47379,440.986481
47380,440.986572
47381,441.664124
47382,441.664032
47383,442.39386
47384,442.393677
47385,444.008514
47386,443.175659
47387,444.889648
47388,445.814514
47389,446.777069
47390,447.769073
47391,448.780273
47392,449.798401
47393,450.757782
47394,443.175415
47395,444.008331
47396,444.889526
47397,445.814484
47398,446.777069
47399,447.769104
47400,448.780334
47401,449.798462
47402,450.757812
47403,446.160156
47404,446.159668
47405,446.764648
47406,446.763885
47407,447.410339
47408,447.409912
47409,448.829193
47410,448.098389
47411,449.602448
47412,450.417206
47413,451.272186
47414,452.165283
47415,453.093567
47416,454.053436
47417,454.989349
47418,448.098297
47419,448.829102
47420,449.602264
47421,450.417084
47422,451.272156
47423,452.165314
47424,453.093628
47425,454.053467
47426,454.98938
47427,450.658905
47428,450.658051
47429,451.252319
47430,451.251862
47431,451.884094
47432,451.884003
47433,453.264099
47434,452.554657
47435,454.012695
47436,454.800354
47437,455.626892
47438,456.491882
47439,457.394897
47440,458.335388
47441,459.261597
47442,452.554688
47443,453.264099
47444,454.012604
47445,454.800262
47446,455.626801
47447,456.491882
47448,457.394928
47449,458.335449
47450,459.261658
47451,454.869904
47452,454.869141
47453,455.460297
47454,455.459778
47455,456.088074
47456,456.08783
47457,457.457367
47458,456.753693
47459,458.199188
47460,458.979187
47461,459.797302
47462,460.653595
47463,461.548126
47464,462.481171
47465,463.4021
47466,456.753601
47467,457.457306
47468,458.199066
47469,458.979034
47470,459.79718
47471,460.653503
47472,461.548096
47473,462.481171
47474,463.402161
47475,458.879425
47476,458.87854
47477,459.46759
47478,459.467041
47479,460.092987
47480,460.092834
47481,462.19516
47482,462.971466
47483,463.785614
47484,464.637665
47485,465.527802
47486,466.456451
47487,467.373383
47488,462.195068
47489,462.971283
47490,463.785431
47491,464.637512
47492,465.52774
47493,466.456421
47494,467.373413
47495,462.706116
47496,462.705109
47497,463.292572
47498,463.292267
47499,466.785278
47500,467.596527
47501,468.445496
47502,469.332336
47503,470.257446
47504,471.170837
47505,466.785187
47506,467.596344
47507,468.445312
47508,469.332214
47509,470.257355
47510,471.170807
47511,466.357147
47512,466.35675
47513,471.234863
47514,472.081116
47515,472.964966
47516,473.886719
47517,474.796539
47518,471.234802
47519,472.080963
47520,472.964813
47521,473.886597
47522,474.796448
47523,475.549042
47524,476.42984
47525,477.348145
47526,478.254272
47527,475.549011
47528,476.429718
47529,477.347992
47530,478.25415
47531,479.732025
47532,480.646973
47533,481.549561
47534,479.731995
47535,480.646881
47536,481.549408
47537,483.789978
47538,484.689178
47539,483.789948
47540,484.689087
47541,487.680359
47542,487.680328
47543,429.670532
47544,429.671112
47545,431.203247
47546,431.2034
47547,432.763794
47548,432.763672
47549,434.341064
47550,435.922699
47551,437.494659
47552,439.041321
47553,440.545654
47554,441.988281
47555,443.346497
47556,444.592407
47557,445.34259
47558,434.34082
47559,435.922516
47560,437.494598
47561,439.041351
47562,440.545746
47563,441.988373
47564,443.346558
47565,444.592438
47566,445.34259
47567,433.955109
47568,433.955048
47569,435.088989
47570,435.08902
47571,436.267395
47572,436.267334
47573,438.731049
47574,437.483948
47575,439.999115
47576,441.276703
47577,442.55014
47578,443.803406
47579,445.017212
47580,446.168335
47581,447.176117
47582,437.483765
47583,438.730896
47584,439.999054
47585,441.276672
47586,442.550171
47587,443.803436
47588,445.017273
47589,446.168365
47590,447.176147
47591,440.986572
47592,440.986481
47593,441.664032
47594,441.663849
47595,442.393677
47596,442.393372
47597,444.008331
47598,443.175415
47599,444.889526
47600,445.814484
47601,446.777069
47602,447.769104
47603,448.780334
47604,449.798462
47605,450.757812
47606,443.175171
47607,444.008118
47608,444.889374
47609,445.814423
47610,446.777069
47611,447.769135
47612,448.780396
47613,449.798523
47614,450.757874
47615,446.159668
47616,446.1586
47617,446.763885
47618,446.763275
47619,447.409912
47620,447.409821
47621,448.829102
47622,448.098297
47623,449.602264
47624,450.417084
47625,451.272156
47626,452.165314
47627,453.093628
47628,454.053467
47629,454.98938
47630,448.098389
47631,448.829132
47632,449.602173
47633,450.416962
47634,451.272064
47635,452.165283
47636,453.093628
47637,454.053528
47638,454.989441
47639,450.658051
47640,450.65741
47641,451.251862
47642,451.251801
47643,451.884003
47644,451.884125
47645,453.264099
47646,452.554688
47647,454.012604
47648,454.800262
47649,455.626801
47650,456.491882
47651,457.394928
47652,458.335449
47653,459.261658
47654,452.554749
47655,453.26413
47656,454.012573
47657,454.800171
47658,455.626709
47659,456.491821
47660,457.394897
47661,458.335449
47662,459.261688
47663,454.869141
47664,454.8685
47665,455.459778
47666,455.459473
47667,456.08783
47668,456.087769
47669,458.199066
47670,458.979034
47671,459.79718
47672,460.653503
47673,461.548096
47674,462.481171
47675,463.402161
47676,458.199005
47677,458.978912
47678,459.797058
47679,460.653412
47680,461.548035
47681,462.481171
47682,463.402161
47683,458.87854
47684,458.877808
47685,459.467041
47686,459.466827
47687,462.971283
47688,463.785431
47689,464.637512
47690,465.52774
47691,466.456421
47692,467.373413
47693,462.971222
47694,463.785309
47695,464.63739
47696,465.527618
47697,466.45636
47698,467.373383
47699,462.705109
47700,462.704712
47701,467.596344
47702,468.445312
47703,469.332214
47704,470.257355
47705,471.170807
47706,467.596283
47707,468.44519
47708,469.332062
47709,470.257233
47710,471.170715
47711,472.080963
47712,472.964813
47713,473.886597
47714,474.796448
47715,472.080933
47716,472.964691
47717,473.886444
47718,474.796326
47719,476.429718
47720,477.347992
47721,478.25415
47722,476.429657
47723,477.3479
47724,478.254028
47725,480.646881
47726,481.549408
47727,480.64682
47728,481.549316
47729,484.689087
47730,484.689026
47731,429.671112
47732,429.671326
47733,431.2034
47734,431.203247
47735,432.763672
47736,432.763336
47737,434.34082
47738,435.922516
47739,437.494598
47740,439.041351
47741,440.545746
47742,441.988373
47743,443.346558
47744,444.592438
47745,445.34259
47746,434.340515
47747,435.922272
47748,437.494476
47749,439.041321
47750,440.545776
47751,441.988434
47752,443.346619
47753,444.592499
47754,445.342621
47755,433.955048
47756,433.955109
47757,435.08902
47758,435.088989
47759,436.267334
47760,436.26712
47761,438.730896
47762,437.483765
47763,439.999054
47764,441.276672
47765,442.550171
47766,443.803436
47767,445.017273
47768,446.168365
47769,447.176147
47770,437.483521
47771,438.730682
47772,439.998932
47773,441.276611
47774,442.55014
47775,443.803467
47776,445.017303
47777,446.168427
47778,447.176208
47779,440.986481
47780,440.986298
47781,441.663849
47782,441.663483
47783,442.393372
47784,442.393036
47785,444.008118
47786,443.175171
47787,444.889374
47788,445.814423
47789,446.777069
47790,447.769135
47791,448.780396
47792,449.798523
47793,450.757874
47794,443.174957
47795,444.007965
47796,444.889221
47797,445.814301
47798,446.776978
47799,447.769104
47800,448.780396
47801,449.798553
47802,450.757904
47803,446.1586
47804,446.157776
47805,446.763275
47806,446.763275
47807,447.409821
47808,447.410004
47809,448.829132
47810,448.098389
47811,449.602173
47812,450.416962
47813,451.272064
47814,452.165283
47815,453.093628
47816,454.053528
47817,454.989441
47818,448.09845
47819,448.829163
47820,449.602173
47821,450.416901
47822,451.271973
47823,452.165222
47824,453.093628
47825,454.053528
47826,454.989471
47827,450.65741
47828,450.65741
47829,451.251801
47830,451.252014
47831,451.884125
47832,451.884216
47833,454.012573
47834,454.800171
47835,455.626709
47836,456.491821
47837,457.394897
47838,458.335449
47839,459.261688
47840,454.012573
47841,454.80014
47842,455.626648
47843,456.49173
47844,457.394867
47845,458.335449
47846,459.261719
47847,454.8685
47848,454.868164
47849,455.459473
47850,455.459412
47851,458.978912
47852,459.797058
47853,460.653412
47854,461.548035
47855,462.481171
47856,463.402161
47857,458.978882
47858,459.796967
47859,460.65332
47860,461.547943
47861,462.48111
47862,463.402161
47863,458.877808
47864,458.877563
47865,463.785309
47866,464.63739
47867,465.527618
47868,466.45636
47869,467.373383
47870,463.785248
47871,464.637268
47872,465.527496
47873,466.456238
47874,467.373322
47875,468.44519
47876,469.332062
47877,470.257233
47878,471.170715
47879,468.445129
47880,469.33197
47881,470.257111
47882,471.170593
47883,472.964691
47884,473.886444
47885,474.796326
47886,472.964661
47887,473.886353
47888,474.796204
47889,477.3479
47890,478.254028
47891,477.347839
47892,478.253906
47893,481.549316
47894,481.549286
47895,429.671326
47896,429.671112
47897,431.203247
47898,431.202789
47899,432.763336
47900,432.762939
47901,434.340515
47902,435.922272
47903,437.494476
47904,439.041321
47905,440.545776
47906,441.988434
47907,443.346619
47908,444.592499
47909,445.342621
47910,434.340271
47911,435.922089
47912,437.494293
47913,439.041229
47914,440.545746
47915,441.988434
47916,443.346649
47917,444.592529
47918,445.342682
47919,433.955109
47920,433.95517
47921,435.088989
47922,435.088745
47923,436.26712
47924,436.266785
47925,438.730682
47926,437.483521
47927,439.998932
47928,441.276611
47929,442.55014
47930,443.803467
47931,445.017303
47932,446.168427
47933,447.176208
47934,437.483276
47935,438.730499
47936,439.998779
47937,441.27652
47938,442.55011
47939,443.803436
47940,445.017303
47941,446.168457
47942,447.176239
47943,440.986298
47944,440.985809
47945,441.663483
47946,441.663025
47947,442.393036
47948,442.392792
47949,444.007965
47950,443.174957
47951,444.889221
47952,445.814301
47953,446.776978
47954,447.769104
47955,448.780396
47956,449.798553
47957,450.757904
47958,443.174896
47959,444.007904
47960,444.88913
47961,445.814178
47962,446.776886
47963,447.769073
47964,448.780396
47965,449.798553
47966,450.757935
47967,446.157776
47968,446.157806
47969,446.763275
47970,446.76358
47971,447.410004
47972,447.410126
47973,449.602173
47974,450.416901
47975,451.271973
47976,452.165222
47977,453.093628
47978,454.053528
47979,454.989471
47980,449.602173
47981,450.41687
47982,451.271912
47983,452.165131
47984,453.093567
47985,454.053528
47986,454.989471
47987,450.65741
47988,450.657806
47989,451.252014
47990,451.252167
47991,454.80014
47992,455.626648
47993,456.49173
47994,457.394867
47995,458.335449
47996,459.261719
47997,454.80014
47998,455.626617
47999,456.491669
48000,457.394806
48001,458.335388
48002,459.261688
48003,454.868164
48004,454.868134
48005,459.796967
48006,460.65332
48007,461.547943
48008,462.48111
48009,463.402161
48010,459.796936
48011,460.653229
48012,461.547882
48013,462.481018
48014,463.4021
48015,464.637268
48016,465.527496
48017,466.456238
48018,467.373322
48019,464.637238
48020,465.527405
48021,466.456146
48022,467.373199
48023,469.33197
48024,470.257111
48025,471.170593
48026,469.331909
48027,470.257019
48028,471.170502
48029,473.886353
48030,474.796204
48031,473.886322
48032,474.796112
48033,478.253906
48034,478.253876
48035,429.671112
48036,429.670532
48037,431.202789
48038,431.202271
48039,432.762939
48040,432.762634
48041,434.340271
48042,435.922089
48043,437.494293
48044,439.041229
48045,440.545746
48046,441.988434
48047,443.346649
48048,444.592529
48049,445.342682
48050,434.340118
48051,435.921967
48052,437.494141
48053,439.041107
48054,440.545654
48055,441.988434
48056,443.34668
48057,444.59259
48058,445.342743
48059,433.95517
48060,433.954895
48061,435.088745
48062,435.088287
48063,436.266785
48064,436.266449
48065,438.730499
48066,437.483276
48067,439.998779
48068,441.27652
48069,442.55011
48070,443.803436
48071,445.017303
48072,446.168457
48073,447.176239
48074,437.483185
48075,438.730438
48076,439.998657
48077,441.276398
48078,442.550018
48079,443.803406
48080,445.017303
48081,446.168488
48082,447.17627
48083,440.985809
48084,440.98526
48085,441.663025
48086,441.662689
48087,442.392792
48088,442.39267
48089,444.88913
48090,445.814178
48091,446.776886
48092,447.769073
48093,448.780396
48094,449.798553
48095,450.757935
48096,444.889069
48097,445.814087
48098,446.776825
48099,447.768982
48100,448.780334
48101,449.798553
48102,450.757965
48103,446.157806
48104,446.158386
48105,446.76358
48106,446.763763
48107,450.41687
48108,451.271912
48109,452.165131
48110,453.093567
48111,454.053528
48112,454.989471
48113,450.41687
48114,451.271881
48115,452.1651
48116,453.093506
48117,454.053467
48118,454.989471
48119,450.657806
48120,450.658051
48121,455.626617
48122,456.491669
48123,457.394806
48124,458.335388
48125,459.261688
48126,455.626587
48127,456.491638
48128,457.394745
48129,458.335327
48130,459.261658
48131,460.653229
48132,461.547882
48133,462.481018
48134,463.4021
48135,460.653198
48136,461.547821
48137,462.480957
48138,463.402039
48139,465.527405
48140,466.456146
48141,467.373199
48142,465.527374
48143,466.456085
48144,467.373108
48145,470.257019
48146,471.170502
48147,470.256989
48148,471.17041
48149,474.796112
48150,474.796082
48151,429.670532
48152,429.66983
48153,431.202271
48154,431.201904
48155,432.762634
48156,432.762512
48157,434.340118
48158,435.921967
48159,437.494141
48160,439.041107
48161,440.545654
48162,441.988434
48163,443.34668
48164,444.59259
48165,445.342743
48166,434.340088
48167,435.921936
48168,437.494049
48169,439.040985
48170,440.545563
48171,441.988373
48172,443.346649
48173,444.59259
48174,445.342773
48175,433.954895
48176,433.954285
48177,435.088287
48178,435.08786
48179,436.266449
48180,436.266327
48181,439.998657
48182,441.276398
48183,442.550018
48184,443.803406
48185,445.017303
48186,446.168488
48187,447.17627
48188,439.998596
48189,441.276306
48190,442.549927
48191,443.803314
48192,445.017273
48193,446.168457
48194,447.1763
48195,440.98526
48196,440.984833
48197,441.662689
48198,441.662567
48199,445.814087
48200,446.776825
48201,447.768982
48202,448.780334
48203,449.798553
48204,450.757965
48205,445.814056
48206,446.776733
48207,447.768921
48208,448.780273
48209,449.798523
48210,450.757935
48211,446.158386
48212,446.158661
48213,451.271881
48214,452.1651
48215,453.093506
48216,454.053467
48217,454.989471
48218,451.271881
48219,452.16507
48220,453.093475
48221,454.053436
48222,454.989441
48223,456.491638
48224,457.394745
48225,458.335327
48226,459.261658
48227,456.491638
48228,457.394714
48229,458.335297
48230,459.261597
48231,461.547821
48232,462.480957
48233,463.402039
48234,461.547791
48235,462.480896
48236,463.401947
48237,466.456085
48238,467.373108
48239,466.456055
48240,467.373047
48241,471.17041
48242,471.17038
48243,429.66983
48244,429.669373
48245,431.201904
48246,431.201782
48247,432.762512
48248,432.762482
48249,437.494049
48250,439.040985
48251,440.545563
48252,441.988373
48253,443.346649
48254,444.59259
48255,445.342773
48256,437.494019
48257,439.040894
48258,440.545471
48259,441.988281
48260,443.346619
48261,444.59259
48262,445.342773
48263,433.954285
48264,433.953705
48265,435.08786
48266,435.087677
48267,441.276306
48268,442.549927
48269,443.803314
48270,445.017273
48271,446.168457
48272,447.1763
48273,441.276245
48274,442.549835
48275,443.803253
48276,445.017212
48277,446.168427
48278,447.17627
48279,440.984833
48280,440.98465
48281,446.776733
48282,447.768921
48283,448.780273
48284,449.798523
48285,450.757935
48286,446.776703
48287,447.76886
48288,448.780243
48289,449.798462
48290,450.757904
48291,452.16507
48292,453.093475
48293,454.053436
48294,454.989441
48295,452.165039
48296,453.093445
48297,454.053375
48298,454.98938
48299,457.394714
48300,458.335297
48301,459.261597
48302,457.394714
48303,458.335266
48304,459.261566
48305,462.480896
48306,463.401947
48307,462.480896
48308,463.401917
48309,467.373047
48310,467.373016
48311,429.669373
48312,429.669281
48313,431.201782
48314,431.201752
48315,439.040894
48316,440.545471
48317,441.988281
48318,443.346619
48319,444.59259
48320,445.342773
48321,439.040863
48322,440.54541
48323,441.98822
48324,443.346558
48325,444.592529
48326,445.342773
48327,433.953705
48328,433.953461
48329,442.549835
48330,443.803253
48331,445.017212
48332,446.168427
48333,447.17627
48334,442.549835
48335,443.803192
48336,445.017151
48337,446.168365
48338,447.176239
48339,447.76886
48340,448.780243
48341,449.798462
48342,450.757904
48343,447.76886
48344,448.780182
48345,449.798401
48346,450.757874
48347,453.093445
48348,454.053375
48349,454.98938
48350,453.093414
48351,454.053345
48352,454.989349
48353,458.335266
48354,459.261566
48355,458.335236
48356,459.261536
48357,463.401917
48358,463.401886
48359,429.669281
48360,429.669312
48361,440.54541
48362,441.98822
48363,443.346558
48364,444.592529
48365,445.342773
48366,440.54538
48367,441.988159
48368,443.346497
48369,444.592499
48370,445.342743
48371,443.803192
48372,445.017151
48373,446.168365
48374,447.176239
48375,443.803192
48376,445.01709
48377,446.168335
48378,447.176208
48379,448.780182
48380,449.798401
48381,450.757874
48382,448.780182
48383,449.79837
48384,450.757812
48385,454.053345
48386,454.989349
48387,454.053345
48388,454.989319
48389,459.261536
48390,459.261505
48391,441.988159
48392,443.346497
48393,444.592499
48394,445.342743
48395,441.988129
48396,443.346436
48397,444.592438
48398,445.342682
48399,445.01709
48400,446.168335
48401,447.176208
48402,445.01709
48403,446.168304
48404,447.176147
48405,449.79837
48406,450.757812
48407,449.79837
48408,450.757782
48409,454.989319
48410,454.989319
48411,443.346436
48412,444.592438
48413,445.342682
48414,443.346436
48415,444.592407
48416,445.342621
48417,446.168304
48418,447.176147
48419,446.168274
48420,447.176117
48421,450.757782
48422,450.757751
48423,444.592407
48424,445.342621
48425,444.592377
48426,445.34259
48427,447.176117
48428,447.176086
48429,445.34259
48430,445.34259
48433,532.25116
48435,532.250916
48440,533.089478
48442,533.089233
48445,531.391479
48447,531.391174
48455,532.25177
48458,533.090027
48461,530.509338
48463,530.509033
48469,531.39209
48478,532.252136
48481,533.090454
48484,529.603638
48486,529.603333
48492,530.509949
48494,530.509338
48498,531.391479
48504,531.392456
48515,532.252258
48518,533.090515
48521,528.673157
48523,528.672852
48529,529.604187
48531,529.603638
48540,530.510315
48542,530.509949
48546,531.39209
48553,531.392517
48566,532.252136
48569,533.090454
48572,527.716614
48574,527.71637
48580,528.673706
48582,528.673157
48590,529.604553
48592,529.604187
48604,530.510376
48606,530.510315
48610,531.392456
48618,531.392456
48633,532.252136
48636,533.090393
48639,526.732666
48641,526.732422
48647,527.717102
48649,527.716614
48657,528.674011
48659,528.673706
48669,529.604614
48671,529.604553
48686,530.510315
48688,530.510376
48692,531.392517
48701,531.392395
48718,532.252136
48721,533.090454
48725,533.908264
48727,533.908325
48730,525.719971
48732,525.719727
48738,526.733154
48740,526.732666
48748,527.717407
48750,527.717102
48760,528.674011
48762,528.674011
48774,529.604492
48776,529.604614
48794,530.510254
48796,530.510315
48800,531.392456
48810,531.392456
48831,532.252258
48834,533.090515
48837,533.908325
48840,524.67688
48842,524.676697
48848,525.720337
48850,525.719971
48858,526.733398
48860,526.733154
48870,527.717407
48872,527.717407
48884,528.673889
48886,528.674011
48900,529.604431
48902,529.604492
48923,530.510315
48925,530.510254
48929,531.392395
48940,531.392517
48964,532.252136
48967,533.090454
48970,533.908386
48973,523.60199
48975,523.601746
48981,524.677307
48983,524.67688
48991,525.720581
48993,525.720337
49003,526.733337
49005,526.733398
49017,527.717224
49019,527.717407
49033,528.673828
49035,528.673889
49051,529.604492
49053,529.604431
49077,530.510376
49079,530.510315
49083,531.392456
49095,531.392456
49122,532.25177
49125,533.090027
49128,533.908325
49131,522.49353
49133,522.493347
49139,523.602356
49141,523.60199
49149,524.677429
49151,524.677307
49161,525.720459
49163,525.720581
49175,526.733154
49177,526.733337
49191,527.717163
49193,527.717224
49209,528.673889
49211,528.673828
49229,529.604614
49231,529.604492
49258,530.510315
49260,530.510376
49264,531.392517
49277,531.39209
49307,532.25116
49310,533.089478
49313,533.907959
49316,521.349731
49318,521.349609
49324,522.493835
49326,522.49353
49334,523.602417
49336,523.602356
49346,524.677307
49348,524.677429
49360,525.720276
49362,525.720459
49376,526.733093
49378,526.733154
49394,527.717224
49396,527.717163
49414,528.674011
49416,528.673889
49436,529.604553
49438,529.604614
49468,530.509949
49482,531.391479
49515,532.250916
49518,533.089233
49521,533.907471
49525,534.706482
49527,534.706787
49530,520.168823
49532,520.168701
49538,521.350037
49540,521.349731
49548,522.493896
49550,522.493835
49560,523.602295
49562,523.602417
49574,524.677124
49576,524.677307
49590,525.720215
49592,525.720276
49608,526.733154
49610,526.733093
49628,527.717407
49630,527.717224
49650,528.674011
49652,528.674011
49674,529.604187
49676,529.604553
49680,530.510315
49710,530.509338
49725,531.391174
49763,533.907166
49766,534.705994
49769,518.94873
49771,518.948608
49777,520.169067
49779,520.168823
49787,521.350037
49789,521.350037
49799,522.493713
49801,522.493896
49813,523.60199
49815,523.602295
49829,524.677002
49831,524.677124
49847,525.720276
49849,525.720215
49867,526.733337
49869,526.733154
49889,527.717407
49891,527.717407
49913,528.673706
49915,528.674011
49940,529.603638
49942,529.604187
49946,530.509949
49977,530.509033
49993,531.391479
49996,532.25116
50036,534.70575
50039,517.687439
50041,517.687317
50047,518.948975
50049,518.94873
50057,520.169067
50059,520.169067
50069,521.349792
50071,521.350037
50083,522.493408
50085,522.493713
50099,523.601929
50101,523.60199
50117,524.677124
50119,524.677002
50137,525.720459
50139,525.720276
50159,526.733398
50161,526.733337
50183,527.717102
50185,527.717407
50209,528.673157
50211,528.673706
50239,529.603333
50271,530.509338
50289,531.39209
50292,532.25177
50333,516.382568
50335,516.382446
50341,517.687561
50343,517.687439
50351,518.948914
50353,518.948975
50363,520.168762
50365,520.169067
50377,521.349487
50379,521.349792
50393,522.493286
50395,522.493408
50411,523.60199
50413,523.601929
50431,524.677307
50433,524.677124
50453,525.720581
50455,525.720459
50477,526.733154
50479,526.733398
50503,527.716614
50505,527.717102
50531,528.672852
50559,529.603638
50592,530.509949
50612,531.392456
50615,532.252136
50619,533.090027
50621,533.089478
50662,515.031738
50664,515.031677
50670,516.38269
50672,516.382568
50680,517.6875
50682,517.687561
50692,518.948547
50694,518.948914
50706,520.168457
50708,520.168762
50722,521.349365
50724,521.349487
50740,522.493408
50742,522.493286
50760,523.602295
50762,523.60199
50782,524.677429
50784,524.677307
50806,525.720337
50808,525.720581
50832,526.732666
50834,526.733154
50860,527.71637
50862,527.716614
50866,528.673157
50892,528.673157
50921,529.604187
50955,530.510315
50979,533.090454
51020,513.632446
51022,513.632324
51028,515.03186
51030,515.031738
51038,516.382507
51040,516.38269
51050,517.687134
51052,517.6875
51064,518.948181
51066,518.948547
51080,520.168274
51082,520.168457
51098,521.349487
51100,521.349365
51118,522.493713
51120,522.493408
51140,523.602417
51142,523.602295
51164,524.677307
51166,524.677429
51190,525.719971
51192,525.720337
51218,526.732422
51220,526.732666
51249,527.716614
51251,527.71637
51255,528.672852
51282,528.673706
51312,529.604553
51347,530.510376
51350,531.392517
51413,512.181824
51415,512.181763
51421,513.632446
51423,513.632446
51431,515.031616
51433,515.03186
51443,516.382141
51445,516.382507
51457,517.686707
51459,517.687134
51473,518.948059
51475,518.948181
51491,520.168457
51493,520.168274
51511,521.349792
51513,521.349487
51533,522.493896
51535,522.493713
51557,523.602356
51559,523.602417
51583,524.67688
51585,524.677307
51611,525.719727
51613,525.719971
51641,526.732666
51643,526.732422
51675,527.717102
51677,527.716614
51681,528.673157
51709,528.674011
51740,529.604614
51777,530.510315
51780,531.392456
51842,510.67688
51848,512.181824
51850,512.181824
51858,513.632202
51860,513.632446
51870,515.031189
51872,515.031616
51884,516.381714
51886,516.382141
51900,517.686584
51902,517.686707
51918,518.948181
51920,518.948059
51938,520.168762
51940,520.168457
51960,521.350037
51962,521.349792
51984,522.493835
51986,522.493896
52010,523.60199
52012,523.602356
52038,524.676697
52040,524.67688
52068,525.719971
52070,525.719727
52100,526.733154
52102,526.732666
52137,527.717407
52139,527.717102
52143,528.673706
52172,528.674011
52204,529.604492
52243,530.510254
52246,531.392395
52308,509.114563
52312,510.67691
52320,512.181519
52322,512.181824
52332,513.631714
52334,513.632202
52346,515.030762
52348,515.031189
52362,516.381531
52364,516.381714
52380,517.686707
52382,517.686584
52400,518.948547
52402,518.948181
52422,520.169067
52424,520.168762
52446,521.350037
52448,521.350037
52472,522.49353
52474,522.493835
52500,523.601746
52502,523.60199
52530,524.67688
52532,524.676697
52562,525.720337
52564,525.719971
52596,526.733398
52598,526.733154
52636,527.717407
52666,528.673889
52699,529.604431
52740,530.510315
52743,531.392456
52806,507.491425
52808,507.491425
52812,509.114594
52817,510.67688
52827,512.180969
52829,512.181519
52841,513.631287
52843,513.631714
52857,515.030579
52859,515.030762
52875,516.381714
52877,516.381531
52895,517.687134
52897,517.686707
52917,518.948914
52919,518.948547
52941,520.169067
52943,520.169067
52967,521.349731
52969,521.350037
52995,522.493347
52997,522.49353
53025,523.60199
53027,523.601746
53057,524.677307
53059,524.67688
53091,525.720581
53093,525.720337
53127,526.733337
53129,526.733398
53133,527.717407
53171,527.717224
53202,528.673828
53236,529.604492
53279,530.510376
53282,531.392517
53344,505.803711
53350,507.491302
53352,507.491425
53357,509.114502
53364,510.676025
53366,510.676544
53378,512.180542
53380,512.180969
53394,513.631104
53396,513.631287
53412,515.030762
53414,515.030579
53432,516.382141
53434,516.381714
53454,517.6875
53456,517.687134
53478,518.948975
53480,518.948914
53504,520.168823
53506,520.169067
53532,521.349609
53534,521.349731
53562,522.49353
53564,522.493347
53594,523.602356
53596,523.60199
53628,524.677429
53630,524.677307
53664,525.720459
53666,525.720581
53703,526.733154
53705,526.733337
53709,527.717407
53748,527.717163
53780,528.673889
53815,529.604614
53860,530.510315
53863,531.392456
53867,532.252258
53869,532.252136
53932,505.80368
53940,507.490906
53942,507.491302
53948,509.114136
53957,509.113617
53960,510.675659
53962,510.676025
53976,512.18042
53978,512.180542
53994,513.631287
53996,513.631104
54014,515.031189
54016,515.030762
54036,516.382507
54038,516.382141
54060,517.687561
54062,517.6875
54086,518.94873
54088,518.948975
54114,520.168701
54116,520.168823
54144,521.349731
54146,521.349609
54176,522.493835
54178,522.49353
54210,523.602417
54212,523.602356
54246,524.677307
54248,524.677429
54284,525.720276
54286,525.720459
54326,526.733093
54328,526.733154
54332,527.717224
54372,527.717224
54405,528.674011
54441,529.604553
54490,530.509949
54493,531.39209
54496,532.252136
54554,504.047485
54559,505.803528
54569,507.490387
54571,507.490906
54578,509.113617
54590,509.113373
54593,510.675568
54595,510.675659
54611,512.180542
54613,512.18042
54631,513.631714
54633,513.631287
54653,515.031616
54655,515.031189
54677,516.38269
54679,516.382507
54703,517.687439
54705,517.687561
54731,518.948608
54733,518.94873
54761,520.168823
54763,520.168701
54793,521.350037
54795,521.349731
54827,522.493896
54829,522.493835
54863,523.602295
54865,523.602417
54901,524.677124
54903,524.677307
54941,525.720215
54943,525.720276
54986,526.733154
54988,526.733093
54992,527.717163
55033,527.717407
55067,528.674011
55104,529.604187
55156,530.509338
55159,531.391479
55162,532.25177
55217,502.218506
55220,504.047302
55226,505.803131
55238,507.490234
55240,507.490387
55248,509.113373
55263,509.113342
55266,510.675659
55268,510.675568
55286,512.180969
55288,512.180542
55308,513.632202
55310,513.631714
55332,515.03186
55334,515.031616
55358,516.382568
55360,516.38269
55386,517.687317
55388,517.687439
55416,518.94873
55418,518.948608
55448,520.169067
55450,520.168823
55482,521.350037
55484,521.350037
55518,522.493713
55520,522.493896
55556,523.60199
55558,523.602295
55596,524.677002
55598,524.677124
55638,525.720276
55640,525.720215
55686,526.733337
55688,526.733154
55692,527.717224
55696,528.673889
55698,528.673828
55740,527.717407
55775,528.673706
55813,529.603638
55870,530.509033
55873,531.391174
55876,532.25116
55930,500.312195
55933,502.218292
55936,504.046906
55943,505.802704
55957,507.490295
55959,507.490234
55968,509.113342
55986,509.113373
55989,510.676025
55991,510.675659
56011,512.181519
56013,512.180969
56035,513.632446
56037,513.632202
56061,515.031738
56063,515.03186
56089,516.382446
56091,516.382568
56119,517.687439
56121,517.687317
56151,518.948975
56153,518.94873
56185,520.169067
56187,520.169067
56221,521.349792
56223,521.350037
56259,522.493408
56261,522.493713
56299,523.601929
56301,523.60199
56341,524.677124
56343,524.677002
56385,525.720459
56387,525.720276
56438,526.733398
56440,526.733337
56444,527.717407
56447,528.673889
56451,529.604492
56453,529.604431
56496,527.717102
56532,528.673157
56571,529.603333
56630,530.509338
56633,531.391479
56687,500.311951
56690,502.217896
56693,504.04657
56701,505.802612
56717,507.490234
56719,507.490295
56729,509.113373
56750,509.113617
56753,510.676544
56755,510.676025
56777,512.181824
56779,512.181519
56803,513.632446
56805,513.632446
56831,515.031677
56833,515.031738
56861,516.382568
56863,516.382446
56893,517.687561
56895,517.687439
56927,518.948914
56929,518.948975
56963,520.168762
56965,520.169067
57001,521.349487
57003,521.349792
57041,522.493286
57043,522.493408
57083,523.60199
57085,523.601929
57127,524.677307
57129,524.677124
57173,525.720581
57175,525.720459
57232,526.733154
57234,526.733398
57238,527.717407
57241,528.674011
57244,529.604492
57248,530.510315
57250,530.510254
57294,527.716614
57331,528.672852
57370,529.603638
57430,530.509949
57433,531.39209
57487,502.217682
57490,504.0466
57499,505.802734
57517,507.490387
57519,507.490234
57530,509.113617
57554,509.114136
57557,510.67688
57559,510.676544
57583,512.181824
57585,512.181824
57611,513.632324
57613,513.632446
57641,515.031738
57643,515.031677
57673,516.38269
57675,516.382568
57707,517.6875
57709,517.687561
57743,518.948547
57745,518.948914
57781,520.168457
57783,520.168762
57821,521.349365
57823,521.349487
57863,522.493408
57865,522.493286
57907,523.602295
57909,523.60199
57953,524.677429
57955,524.677307
58001,525.720337
58003,525.720581
58067,526.732666
58069,526.733154
58073,527.717102
58076,528.674011
58079,529.604614
58082,530.510315
58085,529.604614
58088,530.510376
58092,531.392456
58094,531.392395
58139,527.71637
58176,528.673157
58215,529.604187
58276,530.510315
58279,531.392456
58332,504.046753
58342,505.802612
58362,507.490906
58364,507.490387
58376,509.114136
58403,509.114502
58406,510.67691
58408,510.67688
58434,512.181763
58436,512.181824
58464,513.632446
58466,513.632324
58496,515.03186
58498,515.031738
58530,516.382507
58532,516.38269
58566,517.687134
58568,517.6875
58604,518.948181
58606,518.948547
58644,520.168274
58646,520.168457
58686,521.349487
58688,521.349365
58730,522.493713
58732,522.493408
58776,523.602417
58778,523.602295
58824,524.677307
58826,524.677429
58874,525.719971
58876,525.720337
58950,526.732422
58952,526.732666
58956,527.716614
58959,528.673706
58962,529.604553
58965,530.510376
58968,531.392517
59142,531.392517
59199,505.802704
59221,507.491302
59223,507.490906
59236,509.114502
59266,509.114594
59269,510.67688
59271,510.67691
59299,512.181824
59301,512.181763
59331,513.632446
59333,513.632446
59365,515.031616
59367,515.03186
59401,516.382141
59403,516.382507
59439,517.686707
59441,517.687134
59479,518.948059
59481,518.948181
59521,520.168457
59523,520.168274
59565,521.349792
59567,521.349487
59611,522.493896
59613,522.493713
59659,523.602356
59661,523.602417
59709,524.67688
59711,524.677307
59761,525.719727
59763,525.719971
60062,505.803131
60086,507.491425
60088,507.491302
60102,509.114594
60135,509.114563
60138,510.67691
60140,510.67688
60170,512.181824
60172,512.181824
60204,513.632202
60206,513.632446
60240,515.031189
60242,515.031616
60278,516.381714
60280,516.382141
60318,517.686584
60320,517.686707
60360,518.948181
60362,518.948059
60404,520.168762
60406,520.168457
60450,521.350037
60452,521.349792
60498,522.493835
60500,522.493896
60548,523.60199
60550,523.602356
60600,524.676697
60602,524.67688
60967,507.491425
60969,507.491425
60984,509.114563
61020,509.114594
61023,510.67688
61025,510.67691
61057,512.181519
61059,512.181824
61093,513.631714
61095,513.632202
61131,515.030762
61133,515.031189
61171,516.381531
61173,516.381714
61213,517.686707
61215,517.686584
61257,518.948547
61259,518.948181
61303,520.169067
61305,520.168762
61351,521.350037
61353,521.350037
61401,522.49353
61403,522.493835
61453,523.601746
61455,523.60199
61837,505.803711
61864,507.491425
61866,507.491425
61882,509.114594
61921,509.114502
61924,510.676544
61926,510.67688
61960,512.180969
61962,512.181519
61998,513.631287
62000,513.631714
62038,515.030579
62040,515.030762
62080,516.381714
62082,516.381531
62124,517.687134
62126,517.686707
62170,518.948914
62172,518.948547
62218,520.169067
62220,520.169067
62268,521.349731
62270,521.350037
62320,522.493347
62322,522.49353
62745,505.80368
62773,507.491425
62790,509.114502
62832,509.114136
62835,510.676025
62837,510.676544
62873,512.180542
62875,512.180969
62913,513.631104
62915,513.631287
62955,515.030762
62957,515.030579
62999,516.382141
63001,516.381714
63045,517.6875
63047,517.687134
63093,518.948975
63095,518.948914
63143,520.168823
63145,520.169067
63195,521.349609
63197,521.349731
63657,505.80368
63687,507.491302
63705,509.114136
63750,509.113617
63753,510.675659
63755,510.676025
63793,512.18042
63795,512.180542
63835,513.631287
63837,513.631104
63879,515.031189
63881,515.030762
63925,516.382507
63927,516.382141
63973,517.687561
63975,517.6875
64023,518.94873
64025,518.948975
64075,520.168701
64077,520.168823
64575,505.803528
64606,507.490906
64625,509.113617
64673,509.113373
64676,510.675568
64678,510.675659
64718,512.180542
64720,512.18042
64762,513.631714
64764,513.631287
64808,515.031616
64810,515.031189
64856,516.38269
64858,516.382507
64906,517.687439
64908,517.687561
64958,518.948608
64960,518.94873
65495,505.803131
65528,507.490234
65530,507.490387
65550,509.113373
65601,509.113342
65604,510.675659
65606,510.675568
65648,512.180969
65650,512.180542
65694,513.632202
65696,513.631714
65742,515.03186
65744,515.031616
65792,516.382568
65794,516.38269
65844,517.687317
65846,517.687439
66410,504.046906
66413,505.802704
66448,507.490295
66450,507.490234
66471,509.113342
66525,509.113373
66528,510.676025
66530,510.675659
66574,512.181519
66576,512.180969
66622,513.632446
66624,513.632202
66672,515.031738
66674,515.03186
66724,516.382446
66726,516.382568
67318,502.217896
67321,504.04657
67324,505.802612
67361,505.802734
67364,507.490234
67366,507.490295
67388,509.113373
67445,509.113617
67448,510.676544
67450,510.676025
67496,512.181824
67498,512.181519
67546,513.632446
67548,513.632446
67598,515.031677
67600,515.031738
68222,502.217682
68225,504.0466
68228,505.802734
68268,504.046753
68271,505.802612
68274,507.490387
68276,507.490234
68299,509.113617
68359,509.114136
68362,510.67688
68364,510.676544
68412,512.181824
68414,512.181824
68464,513.632324
68466,513.632446
69130,502.217865
69133,504.046753
69136,505.802612
69180,502.218048
69183,504.0466
69186,505.802704
69189,507.490906
69191,507.490387
69215,509.114136
69278,509.114502
69281,510.67691
69283,510.67688
69333,512.181763
69335,512.181824
70021,502.218048
70024,504.0466
70027,505.802704
70076,500.312042
70079,502.217865
70082,505.803131
70085,507.491302
70087,507.490906
70112,509.114502
70179,509.114594
70182,510.67688
70184,510.67691
70883,500.312042
70886,502.217865
70889,504.04657
70892,505.803131
70946,498.323853
70949,500.311829
70952,505.803528
70955,507.491425
70957,507.491302
70984,509.114594
71054,509.114563
71724,498.323853
71727,500.311829
71730,502.217682
71733,504.046906
71736,505.803528
71795,498.323608
71798,500.311493
71801,505.80368
71804,507.491425
71806,507.491425
72542,498.323608
72545,500.311493
72548,502.217896
72551,504.047302
72614,498.32309
72617,500.311554
72620,504.047485
73316,498.32309
73319,500.311554
73322,502.218292
73387,498.322968
73390,500.311951
73393,502.218506
74036,500.311951
74039,502.218506
74103,498.323334
74106,500.312195
74109,502.218567
74697,500.312195
74762,500.312256
79363,538.279114
79364,539.124573
79365,539.124634
79366,538.279175
79367,539.155579
79368,539.155518
79369,540.000183
79370,540.000183
79371,537.379272
79372,538.225525
79373,538.225586
79374,537.379272
79375,537.415833
79376,537.415833
79377,538.29303
79378,538.29303
79379,538.279114
79380,539.124573
79381,539.155518
79382,540.000122
79383,536.454651
79384,537.301819
79385,537.30188
79386,536.454712
79387,536.515137
79388,536.515137
79389,537.379211
79390,538.225525
79391,537.415771
79392,538.292969
79393,535.50415
79394,536.352234
79395,536.352234
79396,535.50415
79397,535.589722
79398,535.589722
79399,536.454651
79400,537.301819
79401,537.30188
79402,536.454712
79403,537.379272
79404,538.225586
79405,536.515076
79406,537.379211
79407,538.225525
79408,538.279114
79409,539.124512
79410,534.526367
79411,535.375366
79412,535.375366
79413,534.526367
79414,534.638367
79415,534.638367
79416,535.50415
79417,536.352234
79418,536.352234
79419,535.50415
79420,534.754822
79421,534.754822
79422,535.680969
79423,535.680969
79424,535.589661
79425,535.589722
79426,536.515137
79427,536.454651
79428,537.301819
79429,536.515076
79430,537.415771
79431,537.379211
79432,538.225525
79433,538.279114
79434,539.124512
79435,533.519897
79436,534.369812
79437,534.369812
79438,533.519897
79439,533.659668
79440,533.659668
79441,534.526367
79442,535.375366
79443,535.375366
79444,534.526367
79445,533.802673
79446,533.802673
79447,534.638306
79448,534.638367
79449,535.504089
79450,536.352173
79451,536.352234
79452,535.50415
79453,536.454712
79454,537.30188
79455,533.950989
79456,533.950989
79457,534.877808
79458,534.877808
79459,534.754761
79460,535.680908
79461,534.754883
79462,535.68103
79463,535.589661
79464,536.454651
79465,537.301819
79466,535.680908
79467,536.582336
79468,536.582336
79469,536.515076
79470,537.415771
79471,537.379211
79472,538.225525
79473,538.279114
79474,539.124512
79475,532.483215
79476,533.334167
79477,533.334167
79478,532.483215
79479,532.652283
79480,532.652283
79481,533.519836
79482,534.369812
79483,534.369873
79484,533.519897
79485,532.823242
79486,532.823242
79487,533.659668
79488,533.659729
79489,534.526306
79490,535.375305
79491,535.375366
79492,534.526367
79493,532.998169
79494,532.998169
79495,533.802673
79496,533.802734
79497,534.638306
79498,534.638367
79499,535.589783
79500,535.504089
79501,536.352173
79502,533.179138
79503,533.179199
79504,534.106628
79505,534.106567
79506,533.950928
79507,534.877747
79508,534.754761
79509,534.754883
79510,535.68103
79511,536.515137
79512,535.589661
79513,536.454651
79514,537.301819
79515,535.680908
79516,536.582275
79517,537.460266
79518,537.460205
79519,538.292969
79520,536.515076
79521,537.415771
79522,537.379211
79523,538.225525
79524,538.279114
79525,539.124573
79526,539.155457
79527,539.155518
79528,540.000122
79529,540.000122
79530,531.414856
79531,532.266785
79532,532.266785
79533,531.414856
79534,531.614746
79535,531.614746
79536,532.483215
79537,533.334167
79538,533.334167
79539,532.483215
79540,531.815063
79541,531.815063
79542,532.652283
79543,532.652344
79544,533.519836
79545,534.369812
79546,534.369873
79547,533.519897
79548,532.018005
79549,532.018005
79550,532.823181
79551,532.823242
79552,533.659668
79553,533.659729
79554,534.526306
79555,535.375305
79556,535.375366
79557,534.526367
79558,535.50415
79559,536.352234
79560,532.225708
79561,532.225708
79562,532.998108
79563,533.802612
79564,533.802734
79565,534.638306
79566,535.504089
79567,536.352173
79568,533.179077
79569,534.106506
79570,533.950928
79571,534.877686
79572,534.754761
79573,535.589722
79574,534.754883
79575,535.68103
79576,536.515137
79577,535.589661
79578,536.454651
79579,537.301819
79580,535.680908
79581,536.582336
79582,537.460205
79583,538.292908
79584,536.515076
79585,537.415771
79586,538.292969
79587,537.379272
79588,538.225525
79589,538.279114
79590,539.124573
79591,539.155518
79592,540.000122
79593,530.31311
79594,531.166077
79595,531.166077
79596,530.313049
79597,530.54541
79598,530.54541
79599,531.414856
79600,532.266785
79601,532.266785
79602,531.414856
79603,530.776672
79604,530.776672
79605,531.614746
79606,531.614746
79607,532.483215
79608,533.334167
79609,533.334167
79610,532.483215
79611,531.009094
79612,531.009094
79613,531.815063
79614,531.815063
79615,532.652283
79616,532.652344
79617,533.519836
79618,534.369812
79619,534.369873
79620,533.519897
79621,531.244873
79622,531.244934
79623,532.017944
79624,532.018005
79625,532.998169
79626,532.823181
79627,532.823242
79628,533.659668
79629,533.659729
79630,534.638367
79631,534.526306
79632,535.375305
79633,535.375366
79634,534.526367
79635,535.50415
79636,536.352234
79637,532.225647
79638,532.998108
79639,533.802612
79640,533.802734
79641,534.638306
79642,535.50415
79643,536.352234
79644,533.179016
79645,534.106445
79646,533.950867
79647,534.877686
79648,534.754761
79649,535.589661
79650,536.454651
79651,537.301819
79652,535.680908
79653,536.582336
79654,537.460205
79655,536.515137
79656,537.415833
79657,538.292969
79658,537.379272
79659,538.225586
79660,538.279175
79661,539.124634
79662,539.155518
79663,540.000183
79664,529.176147
79665,530.030273
79666,530.030212
79667,529.176147
79668,529.442627
79669,529.442627
79670,530.31311
79671,531.166077
79672,531.166077
79673,530.313049
79674,529.706482
79675,529.706482
79676,530.54541
79677,530.54541
79678,531.414856
79679,532.266785
79680,532.266785
79681,531.414856
79682,529.969971
79683,529.969971
79684,530.776672
79685,530.776672
79686,531.614746
79687,531.614746
79688,532.483215
79689,533.334167
79690,533.334167
79691,532.483215
79692,530.235352
79693,530.235352
79694,531.009094
79695,531.009094
79696,531.815002
79697,531.815063
79698,532.652283
79699,532.652344
79700,533.519836
79701,534.369812
79702,534.369812
79703,533.519897
79704,531.244873
79705,531.244934
79706,532.225769
79707,532.017944
79708,532.823181
79709,532.823242
79710,533.659668
79711,533.659668
79712,534.638367
79713,534.526367
79714,535.375366
79715,535.375366
79716,534.526367
79717,535.50415
79718,536.352234
79719,531.486084
79720,531.486084
79721,532.440125
79722,532.440063
79723,532.225586
79724,532.998108
79725,533.802612
79726,532.99823
79727,532.998169
79728,533.95105
79729,533.95105
79730,534.638306
79731,535.50415
79732,536.352234
79733,532.440002
79734,533.368042
79735,533.367981
79736,533.179016
79737,534.106445
79738,533.950928
79739,534.877686
79740,534.754761
79741,535.589722
79742,536.454712
79743,537.30188
79744,534.877747
79745,535.779785
79746,535.779846
79747,535.680969
79748,536.582397
79749,537.460266
79750,536.515137
79751,537.415833
79752,538.29303
79753,537.379272
79754,538.225586
79755,538.279175
79756,539.124634
79757,539.155579
79758,540.000183
79759,528.002197
79760,528.857422
79761,528.857422
79762,528.002197
79763,528.304688
79764,528.304688
79765,529.176147
79766,530.030273
79767,530.030212
79768,529.176147
79769,528.602844
79770,528.602844
79771,529.442627
79772,529.442627
79773,530.31311
79774,531.166077
79775,531.166077
79776,530.313049
79777,528.899048
79778,528.899048
79779,529.706482
79780,529.706482
79781,530.54541
79782,530.54541
79783,531.414856
79784,532.266785
79785,532.266785
79786,531.414856
79787,529.195557
79788,529.195557
79789,529.969971
79790,529.969971
79791,530.776611
79792,530.776672
79793,531.614746
79794,531.614746
79795,532.483215
79796,533.334167
79797,533.334167
79798,532.483215
79799,530.235352
79800,531.009033
79801,531.009094
79802,532.018005
79803,531.815002
79804,531.815063
79805,532.652283
79806,532.652283
79807,533.519836
79808,534.369812
79809,534.369812
79810,533.519897
79811,530.5047
79812,530.504761
79813,531.244812
79814,532.017944
79815,532.823181
79816,533.659668
79817,533.659668
79818,534.638367
79819,534.526367
79820,535.375366
79821,535.375366
79822,534.526367
79823,535.50415
79824,536.352234
79825,531.486023
79826,532.225586
79827,532.998108
79828,533.802673
79829,532.225769
79830,532.225769
79831,533.179199
79832,533.179199
79833,534.638367
79834,535.50415
79835,536.352234
79836,531.734436
79837,531.734558
79838,532.663025
79839,532.662903
79840,532.439941
79841,533.36792
79842,533.179016
79843,534.106445
79844,533.950928
79845,534.754822
79846,535.589722
79847,536.454712
79848,537.30188
79849,534.106506
79850,535.009155
79851,535.009216
79852,534.877808
79853,535.779907
79854,536.658325
79855,536.658386
79856,535.680969
79857,536.582397
79858,537.460266
79859,536.515137
79860,537.415833
79861,538.29303
79862,537.379272
79863,538.225586
79864,538.279175
79865,539.124634
79866,539.155579
79867,540.000183
79868,526.789246
79869,527.64563
79870,527.64563
79871,526.789246
79872,527.1297
79873,527.1297
79874,528.002197
79875,528.857422
79876,528.857422
79877,528.002197
79878,527.46405
79879,527.463989
79880,528.304749
79881,528.304688
79882,529.176147
79883,530.030273
79884,530.030212
79885,529.176147
79886,527.794617
79887,527.794617
79888,528.602844
79889,528.602844
79890,529.442627
79891,529.442627
79892,530.31311
79893,531.166077
79894,531.166077
79895,530.313049
79896,528.123901
79897,528.123901
79898,528.899048
79899,528.899048
79900,529.706482
79901,529.706482
79902,530.54541
79903,530.54541
79904,531.414856
79905,532.266785
79906,532.266785
79907,531.414856
79908,528.454163
79909,528.454163
79910,529.494629
79911,529.494568
79912,529.195557
79913,530.235352
79914,529.195557
79915,529.969971
79916,529.969971
79917,530.776611
79918,530.776672
79919,531.614746
79920,531.614746
79921,532.483215
79922,533.334167
79923,533.334167
79924,532.483215
79925,530.235352
79926,531.244934
79927,530.235291
79928,531.009033
79929,531.009094
79930,532.018005
79931,531.815002
79932,531.815063
79933,532.823242
79934,532.652283
79935,532.652283
79936,533.519897
79937,534.369812
79938,534.369812
79939,533.519836
79940,530.504639
79941,531.244812
79942,532.017944
79943,532.823181
79944,533.659668
79945,532.823242
79946,533.802673
79947,533.802673
79948,533.659668
79949,534.638306
79950,534.526367
79951,535.375366
79952,535.375305
79953,534.526306
79954,535.504089
79955,536.352173
79956,530.779907
79957,530.780029
79958,531.485962
79959,532.225586
79960,532.998108
79961,533.802673
79962,534.638367
79963,535.50415
79964,536.352234
79965,531.734375
79966,532.662903
79967,532.440002
79968,533.367981
79969,533.179077
79970,533.950989
79971,534.754822
79972,535.589722
79973,536.454712
79974,537.30188
79975,533.368042
79976,534.271179
79977,534.271301
79978,534.106567
79979,535.009277
79980,535.888245
79981,535.888306
79982,534.877808
79983,535.779907
79984,536.658447
79985,535.68103
79986,536.582458
79987,537.460327
79988,536.515137
79989,537.415894
79990,538.29303
79991,537.379272
79992,538.225586
79993,538.279175
79994,539.124634
79995,539.155579
79996,540.000183
79997,525.535156
79998,526.392761
79999,526.392761
80000,525.535156
80001,525.91571
80002,525.91571
80003,526.789246
80004,527.64563
80005,527.64563
80006,526.789246
80007,526.288147
80008,526.288086
80009,527.129761
80010,527.1297
80011,528.002197
80012,528.857422
80013,528.857422
80014,528.002197
80015,526.654968
80016,526.654968
80017,527.46405
80018,527.463989
80019,528.304749
80020,528.304688
80021,529.176147
80022,530.030273
80023,530.030212
80024,529.176147
80025,527.018799
80026,527.018799
80027,527.794617
80028,527.794617
80029,528.602844
80030,528.602844
80031,529.442627
80032,529.442627
80033,530.31311
80034,531.166077
80035,531.166077
80036,530.313049
80037,527.381958
80038,527.381958
80039,528.123901
80040,528.123901
80041,528.898987
80042,528.899048
80043,529.706482
80044,529.706482
80045,530.54541
80046,530.54541
80047,531.414856
80048,532.266785
80049,532.266785
80050,531.414856
80051,527.746521
80052,527.746521
80053,528.787476
80054,528.787476
80055,528.454163
80056,529.494568
80057,528.454163
80058,529.494629
80059,529.195496
80060,529.195557
80061,529.96991
80062,529.969971
80063,530.776611
80064,530.776672
80065,531.614746
80066,531.614746
80067,532.483215
80068,533.334167
80069,533.334167
80070,532.483215
80071,530.235352
80072,531.244934
80073,529.494507
80074,530.235291
80075,531.009033
80076,531.009094
80077,532.018005
80078,531.815063
80079,531.815063
80080,532.652283
80081,532.652283
80082,533.519897
80083,534.369812
80084,534.369812
80085,533.519836
80086,529.798035
80087,529.798096
80088,530.504639
80089,531.244812
80090,532.017944
80091,532.823242
80092,533.659668
80093,532.823181
80094,533.802673
80095,533.659668
80096,534.638306
80097,534.526367
80098,535.375366
80099,530.10791
80100,530.108032
80101,531.062988
80102,531.062866
80103,530.779907
80104,531.486023
80105,532.225647
80106,532.998169
80107,533.802673
80108,534.638367
80109,535.50415
80110,536.352234
80111,531.734436
80112,532.662903
80113,532.440063
80114,534.271179
80115,535.009094
80116,533.179138
80117,533.950989
80118,534.754883
80119,535.589783
80120,536.454712
80121,537.30188
80122,532.663025
80123,533.56665
80124,533.566772
80125,533.368103
80126,534.271362
80127,535.150879
80128,535.15094
80129,534.106628
80130,535.009277
80131,535.888367
80132,534.877869
80133,535.779968
80134,536.658447
80135,535.68103
80136,536.582458
80137,537.460327
80138,536.515137
80139,537.415833
80140,538.29303
80141,537.379272
80142,538.225586
80143,538.279175
80144,539.124634
80145,524.660522
80146,524.660522
80147,525.535217
80148,526.392761
80149,526.392761
80150,525.535156
80151,525.07312
80152,525.07312
80153,525.91571
80154,525.915649
80155,526.789307
80156,527.64563
80157,527.64563
80158,526.789246
80159,525.478271
80160,525.478271
80161,526.288147
80162,526.288086
80163,527.129761
80164,527.1297
80165,528.002197
80166,528.857422
80167,528.857422
80168,528.002197
80169,525.878479
80170,525.878479
80171,526.655029
80172,526.654968
80173,527.46405
80174,527.463989
80175,528.304749
80176,528.304688
80177,529.176147
80178,530.030273
80179,530.030212
80180,529.176147
80181,526.276184
80182,526.276184
80183,527.018799
80184,527.018799
80185,527.794617
80186,527.794617
80187,528.602844
80188,528.602844
80189,529.442627
80190,529.442627
80191,530.31311
80192,531.166077
80193,531.166077
80194,530.31311
80195,526.673706
80196,526.673706
80197,527.381958
80198,527.381897
80199,528.123901
80200,528.123901
80201,528.898987
80202,528.899048
80203,529.706482
80204,529.706482
80205,530.54541
80206,530.54541
80207,531.414856
80208,532.266785
80209,532.266785
80210,531.414856
80211,527.073059
80212,527.073059
80213,528.114563
80214,528.114563
80215,527.746521
80216,528.787415
80217,527.746521
80218,528.787476
80219,528.454102
80220,528.454163
80221,529.494629
80222,529.195496
80223,529.195557
80224,529.969971
80225,529.969971
80226,530.776672
80227,530.776672
80228,531.614746
80229,531.614746
80230,532.483215
80231,533.334167
80232,533.334167
80233,532.483215
80234,530.235352
80235,531.244934
80236,528.787354
80237,529.494507
80238,530.235291
80239,531.009094
80240,531.009094
80241,532.018005
80242,531.815063
80243,531.815063
80244,532.652283
80245,532.652283
80246,533.519897
80247,534.369873
80248,534.369812
80249,533.519836
80250,534.526306
80251,535.375305
80252,529.125549
80253,529.12561
80254,529.797974
80255,530.504639
80256,531.244873
80257,532.018005
80258,532.823242
80259,533.659729
80260,534.526367
80261,535.375366
80262,529.470215
80263,529.470398
80264,530.425842
80265,530.425659
80266,530.107849
80267,531.062805
80268,530.779907
80269,531.486084
80270,532.225708
80271,532.998169
80272,533.802734
80273,534.638367
80274,535.50415
80275,536.352234
80276,531.062866
80277,531.99176
80278,531.991821
80279,531.734558
80280,533.566589
80281,532.440125
80282,533.179199
80283,533.95105
80284,534.754883
80285,535.589722
80286,536.454712
80287,537.30188
80288,531.992004
80289,532.895996
80290,532.896179
80291,532.663147
80292,533.566833
80293,534.446777
80294,534.446899
80295,533.368164
80296,534.271423
80297,535.151001
80298,534.106628
80299,535.009338
80300,535.888428
80301,534.877869
80302,535.779968
80303,536.658508
80304,535.68103
80305,536.582458
80306,537.460327
80307,536.515137
80308,537.415833
80309,537.379272
80310,538.225525
80311,538.279114
80312,539.124573
80313,539.155579
80314,539.155579
80315,540.000183
80316,540.000183
80317,523.817017
80318,523.816956
80319,524.660522
80320,524.660461
80321,525.535217
80322,526.392822
80323,526.3927
80324,525.535156
80325,524.262451
80326,524.262451
80327,525.073181
80328,525.07312
80329,525.91571
80330,525.915649
80331,526.789307
80332,527.64563
80333,527.64563
80334,526.789246
80335,524.700989
80336,524.700989
80337,525.478271
80338,525.47821
80339,526.288147
80340,526.288086
80341,527.129761
80342,527.1297
80343,528.002197
80344,528.857422
80345,528.857422
80346,528.002197
80347,525.135193
80348,525.135193
80349,525.878479
80350,525.878418
80351,526.655029
80352,526.654968
80353,527.46405
80354,527.463989
80355,528.304749
80356,528.304688
80357,529.176147
80358,530.030273
80359,530.030273
80360,529.176147
80361,525.567444
80362,525.567383
80363,526.276184
80364,526.276184
80365,527.018799
80366,527.018799
80367,527.794617
80368,527.794617
80369,528.602844
80370,528.602844
80371,529.442627
80372,529.442627
80373,530.31311
80374,531.166077
80375,531.166077
80376,530.31311
80377,525.999756
80378,525.999756
80379,526.673706
80380,526.673706
80381,527.381897
80382,527.381897
80383,528.123901
80384,528.123901
80385,528.898987
80386,528.899048
80387,529.706482
80388,529.706482
80389,530.54541
80390,530.54541
80391,531.414856
80392,532.266785
80393,532.266785
80394,531.414856
80395,526.434143
80396,526.434143
80397,527.476074
80398,527.476074
80399,527.072998
80400,528.114441
80401,527.073059
80402,528.114502
80403,527.74646
80404,527.746521
80405,528.787476
80406,528.454102
80407,528.454163
80408,529.494629
80409,529.195496
80410,529.195557
80411,529.969971
80412,529.969971
80413,530.776672
80414,530.776672
80415,531.614746
80416,531.614746
80417,532.483215
80418,533.334167
80419,533.334167
80420,532.483215
80421,530.235352
80422,531.244873
80423,528.787354
80424,529.494507
80425,530.235352
80426,531.009094
80427,531.009094
80428,532.017944
80429,531.815063
80430,531.815002
80431,532.823181
80432,532.652344
80433,532.652283
80434,533.659668
80435,533.519897
80436,534.369873
80437,528.487427
80438,528.48761
80439,529.125488
80440,529.798035
80441,530.5047
80442,531.244873
80443,532.018005
80444,532.823242
80445,533.659729
80446,534.526367
80447,535.375366
80448,528.867065
80449,528.86731
80450,529.82312
80451,529.822876
80452,529.470154
80453,530.425537
80454,530.108093
80455,529.47052
80456,530.425964
80457,531.06311
80458,531.355225
80459,531.355042
80460,531.991821
80461,531.992004
80462,530.10791
80463,530.780029
80464,531.486084
80465,532.225708
80466,532.998169
80467,533.802734
80468,534.638367
80469,535.50415
80470,536.352234
80471,530.425659
80472,531.354919
80473,531.355042
80474,531.062988
80475,532.895935
80476,531.734619
80477,534.446777
80478,535.150818
80479,532.440186
80480,533.179199
80481,533.95105
80482,534.754883
80483,535.589722
80484,536.454651
80485,537.301819
80486,531.355225
80487,532.259644
80488,532.259827
80489,531.992126
80490,532.896301
80491,533.776611
80492,533.776794
80493,532.663208
80494,533.566956
80495,534.447021
80496,533.368225
80497,534.271423
80498,535.151062
80499,534.106628
80500,535.009338
80501,535.888489
80502,534.877869
80503,535.779968
80504,536.658508
80505,535.680969
80506,536.582397
80507,537.460327
80508,538.29303
80509,536.515137
80510,537.415833
80511,538.29303
80512,537.379211
80513,538.225525
80514,538.279114
80515,539.124573
80516,539.155518
80517,540.000183
80518,540.009583
80519,540.009583
80520,540.853394
80521,540.853394
80522,525.096497
80523,524.237671
80524,523.005432
80525,523.005432
80526,523.817017
80527,523.816956
80528,524.660522
80529,524.660461
80530,525.535217
80531,526.392822
80532,526.392761
80533,525.535156
80534,523.484436
80535,523.484436
80536,524.262451
80537,524.26239
80538,525.073181
80539,525.07312
80540,525.91571
80541,525.915649
80542,526.789307
80543,527.64563
80544,527.64563
80545,526.789246
80546,523.957092
80547,523.957031
80548,524.70105
80549,524.700928
80550,525.478271
80551,525.47821
80552,526.288147
80553,526.288086
80554,527.129761
80555,527.1297
80556,528.002197
80557,528.857422
80558,528.857422
80559,528.002197
80560,524.425842
80561,524.425781
80562,525.135254
80563,525.135132
80564,525.878479
80565,525.878418
80566,526.655029
80567,526.654968
80568,527.46405
80569,527.463989
80570,528.304749
80571,528.304688
80572,529.176147
80573,530.030273
80574,530.030273
80575,529.176147
80576,524.892944
80577,524.892883
80578,525.567383
80579,525.567322
80580,526.276184
80581,526.276123
80582,527.018799
80583,527.018799
80584,527.794617
80585,527.794617
80586,528.602844
80587,528.602844
80588,529.442627
80589,529.442627
80590,530.313049
80591,531.166077
80592,531.166077
80593,530.31311
80594,525.360352
80595,525.360291
80596,525.999756
80597,525.999695
80598,526.673645
80599,526.673645
80600,527.381897
80601,527.381897
80602,528.123901
80603,528.123901
80604,528.899048
80605,528.899048
80606,529.706482
80607,529.706482
80608,530.54541
80609,530.54541
80610,531.414856
80611,532.266785
80612,532.266785
80613,531.414856
80614,525.829834
80615,525.829773
80616,526.872131
80617,526.872192
80618,526.434082
80619,527.475952
80620,526.434082
80621,527.476013
80622,528.487732
80623,528.487671
80624,529.125732
80625,529.125732
80626,527.072937
80627,528.11438
80628,527.746399
80629,527.746521
80630,528.787476
80631,528.454102
80632,528.454163
80633,529.494629
80634,529.195557
80635,529.195557
80636,529.969971
80637,529.969971
80638,530.776672
80639,530.776611
80640,531.614746
80641,531.614746
80642,532.483215
80643,533.334167
80644,528.114319
80645,528.787354
80646,529.494568
80647,530.235352
80648,531.009094
80649,531.815063
80650,531.815002
80651,532.823181
80652,532.652344
80653,533.519897
80654,534.369873
80655,527.47583
80656,527.88385
80657,527.884094
80658,528.487366
80659,529.125549
80660,529.798096
80661,530.504761
80662,531.244934
80663,532.018005
80664,532.823242
80665,533.659729
80666,534.526367
80667,535.375366
80668,528.298279
80669,528.298584
80670,529.254822
80671,529.254456
80672,528.866943
80673,529.822754
80674,528.867493
80675,529.823303
80676,530.75293
80677,530.752625
80678,529.470215
80679,530.108154
80680,529.470581
80681,530.426025
80682,531.063171
80683,531.355408
80684,531.992126
80685,532.259827
80686,532.259644
80687,532.895996
80688,532.896179
80689,530.108032
80690,530.78009
80691,531.486145
80692,532.225769
80693,532.99823
80694,533.802734
80695,534.638367
80696,535.50415
80697,536.352234
80698,529.822876
80699,530.752502
80700,530.752625
80701,530.425842
80702,532.259521
80703,531.06311
80704,533.77655
80705,531.73468
80706,532.440186
80707,533.179199
80708,533.95105
80709,534.754822
80710,535.589722
80711,536.454651
80712,537.301819
80713,530.75293
80714,531.657654
80715,531.657898
80716,531.355408
80717,532.26001
80718,533.140686
80719,533.140869
80720,531.992188
80721,532.896362
80722,533.776917
80723,532.663208
80724,533.566956
80725,534.447083
80726,533.368225
80727,534.271423
80728,535.151123
80729,534.106628
80730,535.009338
80731,535.888489
80732,534.877808
80733,535.779907
80734,536.658508
80735,535.680969
80736,536.582397
80737,537.460327
80738,536.515076
80739,537.415771
80740,538.29303
80741,539.147827
80742,539.147827
80743,537.379211
80744,538.225525
80745,538.279114
80746,539.124512
80747,539.155518
80748,540.000122
80749,540.009583
80750,540.853394
80751,521.704956
80752,522.517395
80753,524.237793
80754,525.096619
80755,522.226685
80756,522.226624
80757,523.005493
80758,523.005371
80759,523.817017
80760,523.816956
80761,524.660583
80762,524.660461
80763,525.535217
80764,526.392822
80765,526.392761
80766,525.535156
80767,522.739868
80768,522.739807
80769,523.484497
80770,523.484375
80771,524.262512
80772,524.26239
80773,525.073181
80774,525.07312
80775,525.91571
80776,525.91571
80777,526.789246
80778,527.64563
80779,527.64563
80780,526.789246
80781,523.247131
80782,523.24707
80783,523.957092
80784,523.957031
80785,524.70105
80786,524.700928
80787,525.478271
80788,525.47821
80789,526.288147
80790,526.288086
80791,527.129761
80792,527.1297
80793,528.002197
80794,528.857422
80795,528.857422
80796,528.002197
80797,523.750793
80798,523.750732
80799,524.425842
80800,524.42572
80801,525.135193
80802,525.135132
80803,525.878479
80804,525.878418
80805,526.655029
80806,526.654968
80807,527.46405
80808,527.46405
80809,528.304688
80810,528.304749
80811,529.176147
80812,530.030212
80813,530.030273
80814,529.176147
80815,524.253052
80816,524.252991
80817,524.892944
80818,524.892822
80819,525.567383
80820,525.567322
80821,526.276184
80822,526.276184
80823,527.018799
80824,527.018799
80825,527.794617
80826,527.794617
80827,528.602844
80828,528.602844
80829,529.442627
80830,529.442627
80831,530.313049
80832,531.166077
80833,531.166077
80834,530.31311
80835,524.755615
80836,524.755554
80837,525.360291
80838,525.360229
80839,525.999634
80840,525.999634
80841,527.072998
80842,526.673645
80843,526.673706
80844,527.381897
80845,527.381958
80846,528.123901
80847,528.123901
80848,528.899048
80849,528.899048
80850,529.706482
80851,529.706482
80852,530.54541
80853,530.54541
80854,531.414856
80855,532.266785
80856,532.266785
80857,531.414856
80858,532.483215
80859,533.334167
80860,525.26001
80861,525.259949
80862,526.302734
80863,526.302795
80864,525.829712
80865,526.87207
80866,525.829651
80867,526.87207
80868,527.884216
80869,527.884216
80870,526.43396
80871,526.434021
80872,527.476013
80873,528.114502
80874,528.487671
80875,529.125732
80876,527.072876
80877,527.74646
80878,527.746521
80879,528.787476
80880,528.454163
80881,528.454163
80882,529.494568
80883,529.195557
80884,529.969971
80885,529.969971
80886,531.009033
80887,530.776672
80888,530.776611
80889,531.614746
80890,532.483215
80891,533.334167
80892,527.475769
80893,528.11438
80894,528.787415
80895,529.494568
80896,530.235352
80897,531.009094
80898,531.815063
80899,532.652344
80900,533.519897
80901,534.369812
80902,526.871826
80903,527.314697
80904,527.315002
80905,527.883728
80906,528.487427
80907,529.12561
80908,529.798157
80909,530.504761
80910,531.244934
80911,532.018005
80912,532.823242
80913,533.659668
80914,534.526367
80915,535.375366
80916,528.298096
80917,529.254272
80918,528.298828
80919,529.255066
80920,530.184998
80921,530.18457
80922,528.867065
80923,528.867493
80924,529.823364
80925,530.753113
80926,531.657898
80927,531.657654
80928,529.470398
80929,530.108154
80930,529.470581
80931,530.426025
80932,531.063171
80933,531.355469
80934,531.992188
80935,532.26001
80936,532.896301
80937,533.140869
80938,533.140686
80939,533.776611
80940,533.776794
80941,530.108093
80942,530.780151
80943,531.486145
80944,532.225769
80945,532.998169
80946,533.802673
80947,534.638367
80948,535.50415
80949,536.352234
80950,529.254456
80951,530.184387
80952,530.18457
80953,529.82312
80954,531.657471
80955,530.425964
80956,533.140564
80957,531.063171
80958,531.73468
80959,532.440186
80960,533.179199
80961,533.950989
80962,534.754822
80963,535.589661
80964,536.454651
80965,537.301819
80966,530.184998
80967,531.089905
80968,531.090332
80969,530.753113
80970,531.658142
80971,532.539062
80972,532.539368
80973,531.355469
80974,532.260132
80975,533.141052
80976,533.999268
80977,533.999451
80978,534.634949
80979,534.634827
80980,531.992188
80981,532.896423
80982,533.777039
80983,532.663208
80984,533.566956
80985,534.447144
80986,533.368225
80987,534.271423
80988,535.151123
80989,534.106628
80990,535.009277
80991,535.888489
80992,534.877808
80993,535.779907
80994,536.658447
80995,537.514648
80996,537.514587
80997,538.315857
80998,538.315857
80999,535.680908
81000,536.582336
81001,537.460266
81002,538.315796
81003,536.515076
81004,537.415771
81005,538.292969
81006,539.147827
81007,537.379211
81008,538.225525
81009,538.279114
81010,539.124512
81011,539.155518
81012,540.000122
81013,540.009521
81014,540.853333
81015,521.705017
81016,522.517456
81017,523.361938
81018,522.894531
81019,523.754639
81020,524.237793
81021,525.096619
81022,521.481384
81023,521.481323
81024,522.226685
81025,522.226562
81026,523.005493
81027,523.005371
81028,523.817017
81029,523.816956
81030,524.660522
81031,524.660522
81032,525.535217
81033,526.392761
81034,526.392761
81035,525.535156
81036,522.029297
81037,522.029236
81038,522.739868
81039,522.739746
81040,523.484497
81041,523.484375
81042,524.262512
81043,524.26239
81044,525.073181
81045,525.07312
81046,525.91571
81047,525.91571
81048,526.789246
81049,527.64563
81050,527.64563
81051,526.789246
81052,522.571594
81053,522.571472
81054,523.247131
81055,523.247009
81056,523.957092
81057,523.95697
81058,524.70105
81059,524.700928
81060,525.478271
81061,525.478271
81062,526.288147
81063,526.288147
81064,527.1297
81065,527.129761
81066,528.002197
81067,528.857422
81068,528.857422
81069,528.002197
81070,523.110474
81071,523.110352
81072,523.750854
81073,523.750671
81074,524.425842
81075,524.42572
81076,525.135193
81077,525.135132
81078,525.878479
81079,525.878479
81080,526.655029
81081,526.654968
81082,527.46405
81083,527.46405
81084,528.304688
81085,528.304749
81086,529.176147
81087,530.030212
81088,530.030273
81089,529.176147
81090,523.647827
81091,523.647766
81092,524.252991
81093,524.252869
81094,524.892883
81095,524.892822
81096,525.567383
81097,525.567322
81098,526.276184
81099,526.276184
81100,527.018799
81101,527.018799
81102,527.794617
81103,527.794617
81104,528.602844
81105,528.602844
81106,529.442627
81107,529.442627
81108,530.313049
81109,531.166077
81110,531.166077
81111,530.31311
81112,524.185425
81113,524.185303
81114,524.755554
81115,524.755432
81116,525.360229
81117,525.360168
81118,525.999634
81119,526.673645
81120,526.673706
81121,527.381958
81122,527.381958
81123,528.123901
81124,528.123901
81125,529.195557
81126,528.899048
81127,528.898987
81128,529.706482
81129,529.706482
81130,530.54541
81131,530.54541
81132,531.614746
81133,531.414856
81134,532.266785
81135,532.266785
81136,531.414856
81137,532.483215
81138,533.334167
81139,525.259888
81140,526.302612
81141,525.259827
81142,526.302612
81143,527.315186
81144,527.315186
81145,525.829529
81146,525.829651
81147,526.872009
81148,527.884155
81149,526.433899
81150,527.073059
81151,526.434082
81152,527.476013
81153,528.114502
81154,528.487671
81155,529.125732
81156,527.072937
81157,527.746521
81158,527.746521
81159,528.787476
81160,528.454163
81161,529.195557
81162,529.969971
81163,529.195496
81164,530.235291
81165,530.235352
81166,529.96991
81167,531.009033
81168,530.776672
81169,531.614746
81170,532.483215
81171,533.334167
81172,526.871765
81173,527.47583
81174,528.114441
81175,528.787476
81176,529.494629
81177,530.235352
81178,531.009094
81179,531.815063
81180,532.652283
81181,533.519897
81182,534.369812
81183,526.302307
81184,527.314514
81185,527.88385
81186,528.48761
81187,529.125732
81188,529.798218
81189,530.504761
81190,531.244934
81191,532.018005
81192,532.823242
81193,533.659668
81194,534.526367
81195,535.375366
81196,528.298279
81197,528.298889
81198,529.255127
81199,530.185242
81200,531.090332
81201,531.089905
81202,528.86731
81203,528.867493
81204,529.823364
81205,530.753235
81206,531.658142
81207,532.539368
81208,532.539062
81209,529.47052
81210,530.108154
81211,529.470581
81212,530.426025
81213,531.063171
81214,531.355469
81215,531.992188
81216,532.260132
81217,532.896362
81218,533.141052
81219,533.776917
81220,530.108154
81221,530.780151
81222,531.486145
81223,532.225769
81224,532.998169
81225,533.802673
81226,534.638306
81227,535.504089
81228,536.352173
81229,529.254822
81230,531.089722
81231,529.823303
81232,532.53894
81233,530.426025
81234,533.999146
81235,534.634766
81236,531.063171
81237,531.73468
81238,532.440186
81239,533.179199
81240,533.950989
81241,534.754761
81242,535.589661
81243,536.454651
81244,537.301819
81245,530.185242
81246,531.090637
81247,531.971741
81248,531.972107
81249,530.753235
81250,531.658264
81251,532.539612
81252,533.39801
81253,533.398315
81254,531.355469
81255,532.260132
81256,533.141174
81257,533.999634
81258,534.635132
81259,534.836487
81260,534.83667
81261,535.471741
81262,535.471619
81263,531.992188
81264,532.896423
81265,533.777039
81266,534.635193
81267,535.30481
81268,535.304749
81269,532.663208
81270,533.566956
81271,534.447144
81272,533.368164
81273,534.271423
81274,535.151123
81275,536.008362
81276,536.008362
81277,536.745178
81278,536.745178
81279,534.106567
81280,535.009277
81281,535.888428
81282,536.745178
81283,534.877747
81284,535.779846
81285,536.658447
81286,537.514587
81287,538.349426
81288,538.349365
81289,539.149963
81290,539.149963
81291,535.680908
81292,536.582336
81293,537.460266
81294,538.315796
81295,536.515076
81296,537.415771
81297,538.292969
81298,539.147766
81299,537.379211
81300,538.225525
81301,538.279114
81302,539.124512
81303,540.009521
81304,540.853333
81305,520.925476
81306,521.705017
81307,522.517456
81308,522.017517
81309,523.361938
81310,524.237732
81311,525.096558
81312,520.770203
81313,520.770142
81314,521.481445
81315,521.481262
81316,522.226746
81317,522.226562
81318,523.005493
81319,523.005371
81320,523.817017
81321,523.816956
81322,524.660522
81323,524.660522
81324,525.535156
81325,526.392761
81326,526.392761
81327,525.535217
81328,521.353149
81329,521.353088
81330,522.029297
81331,522.029175
81332,522.739929
81333,522.739746
81334,523.484497
81335,523.484375
81336,524.262512
81337,524.262451
81338,525.073181
81339,525.07312
81340,525.91571
81341,525.91571
81342,526.789246
81343,527.64563
81344,527.64563
81345,526.789307
81346,521.930725
81347,521.930603
81348,522.571594
81349,522.571411
81350,523.247131
81351,523.247009
81352,523.957092
81353,523.957031
81354,524.70105
81355,524.700989
81356,525.478271
81357,525.478271
81358,526.288147
81359,526.288147
81360,527.1297
81361,527.129761
81362,528.002197
81363,528.857422
81364,528.857422
81365,528.002197
81366,522.504822
81367,522.5047
81368,523.110474
81369,523.110229
81370,523.750793
81371,523.750671
81372,524.425842
81373,524.42572
81374,525.135193
81375,525.135193
81376,525.878479
81377,525.878479
81378,526.654968
81379,526.655029
81380,527.463989
81381,527.46405
81382,528.304688
81383,528.304749
81384,529.176147
81385,530.030212
81386,530.030273
81387,529.176147
81388,523.077271
81389,523.077148
81390,523.647827
81391,523.647644
81392,524.25293
81393,524.252808
81394,524.892822
81395,525.567383
81396,525.567383
81397,526.276184
81398,526.276184
81399,527.018799
81400,527.018799
81401,527.794617
81402,527.794617
81403,528.602844
81404,528.602844
81405,529.442627
81406,529.442627
81407,530.313049
81408,531.166077
81409,531.166077
81410,530.31311
81411,524.185364
81412,524.18512
81413,524.755371
81414,524.755371
81415,525.360168
81416,525.999695
81417,525.360229
81418,525.999634
81419,526.673706
81420,526.673706
81421,527.381958
81422,527.381958
81423,528.454163
81424,528.123901
81425,528.123901
81426,528.899048
81427,528.898987
81428,529.706482
81429,529.706482
81430,530.776611
81431,530.54541
81432,530.54541
81433,531.614746
81434,531.414856
81435,532.266785
81436,532.266785
81437,531.414856
81438,532.483215
81439,533.334167
81440,525.259644
81441,525.259766
81442,526.302551
81443,527.315125
81444,525.829468
81445,525.829651
81446,526.87207
81447,527.884155
81448,526.43396
81449,527.073059
81450,526.434143
81451,527.476074
81452,528.114563
81453,528.487671
81454,529.125732
81455,527.072998
81456,527.746521
81457,528.454163
81458,529.195557
81459,529.969971
81460,529.195496
81461,530.235291
81462,530.776672
81463,531.614746
81464,532.483215
81465,533.334167
81466,526.302185
81467,526.871826
81468,527.475952
81469,528.114563
81470,528.787476
81471,529.494629
81472,530.235352
81473,531.009094
81474,531.815063
81475,532.652283
81476,533.519836
81477,534.369812
81478,527.314697
81479,527.884094
81480,528.487671
81481,529.125732
81482,529.798218
81483,530.504761
81484,531.244934
81485,532.018005
81486,532.823242
81487,533.659668
81488,534.526306
81489,535.375305
81490,528.298584
81491,528.298767
81492,529.255066
81493,530.185303
81494,531.090637
81495,531.972107
81496,531.971741
81497,528.867493
81498,528.867432
81499,529.823364
81500,530.753174
81501,531.658264
81502,532.539612
81503,529.470581
81504,530.108154
81505,529.470581
81506,530.426025
81507,531.063171
81508,531.355469
81509,531.992188
81510,532.260132
81511,532.896423
81512,533.141174
81513,533.777039
81514,530.108154
81515,530.780151
81516,531.486145
81517,532.225708
81518,532.998169
81519,533.802673
81520,534.638306
81521,535.504089
81522,536.352173
81523,529.255066
81524,531.971497
81525,529.823364
81526,533.397888
81527,530.426025
81528,534.836365
81529,535.471558
81530,531.73468
81531,532.440186
81532,533.179138
81533,533.950928
81534,534.754761
81535,535.589661
81536,536.454651
81537,537.301819
81538,530.185303
81539,531.090698
81540,531.972412
81541,532.831055
81542,532.831421
81543,530.753174
81544,531.658264
81545,532.539673
81546,533.39856
81547,534.235657
81548,534.235901
81549,531.355469
81550,532.260132
81551,533.141174
81552,533.999756
81553,534.836853
81554,535.471924
81555,531.992188
81556,532.896423
81557,533.777039
81558,534.635254
81559,535.304871
81560,535.471985
81561,536.141174
81562,536.141113
81563,532.663208
81564,533.566956
81565,534.447144
81566,535.304871
81567,533.368103
81568,534.271362
81569,535.151062
81570,536.008362
81571,534.106506
81572,535.009216
81573,535.888367
81574,536.745117
81575,537.580505
81576,537.580505
81577,534.877686
81578,535.779785
81579,536.658386
81580,537.514526
81581,538.349365
81582,539.149963
81583,535.680908
81584,536.582275
81585,537.460205
81586,538.315735
81587,536.515076
81588,537.415771
81589,539.147766
81590,537.379211
81591,538.225525
81592,538.279114
81593,539.124573
81594,520.179504
81595,520.925476
81596,521.705017
81597,521.171997
81598,522.517456
81599,523.361938
81600,524.237732
81601,525.096558
81602,520.093567
81603,520.093445
81604,520.770264
81605,520.77002
81606,521.481445
81607,521.481262
81608,522.226746
81609,522.226562
81610,523.005493
81611,523.005432
81612,523.817017
81613,523.817017
81614,524.660522
81615,524.660522
81616,525.535156
81617,526.392761
81618,526.392822
81619,525.535217
81620,520.711792
81621,520.71167
81622,521.35321
81623,521.352966
81624,522.029358
81625,522.029114
81626,522.739929
81627,522.739746
81628,523.484497
81629,523.484436
81630,524.262451
81631,524.262451
81632,525.07312
81633,525.073181
81634,525.91571
81635,525.91571
81636,526.789246
81637,527.64563
81638,527.64563
81639,526.789307
81640,521.324646
81641,521.324463
81642,521.930725
81643,521.930481
81644,522.571594
81645,522.57135
81646,523.247131
81647,523.247009
81648,523.957092
81649,523.957031
81650,524.70105
81651,524.700989
81652,525.478271
81653,525.478271
81654,526.288086
81655,526.288147
81656,527.1297
81657,527.129761
81658,528.002197
81659,528.857422
81660,528.857422
81661,528.002197
81662,521.933838
81663,521.933655
81664,522.504822
81665,522.504517
81666,523.110413
81667,523.110229
81668,523.750793
81669,523.750671
81670,524.892822
81671,524.425842
81672,524.425781
81673,525.135254
81674,525.135193
81675,525.878479
81676,525.878479
81677,526.654968
81678,526.655029
81679,527.463989
81680,527.46405
81681,528.304688
81682,528.304749
81683,529.176147
81684,530.030212
81685,530.030273
81686,529.176147
81687,523.077209
81688,523.076965
81689,523.647705
81690,523.647583
81691,524.252869
81692,524.252869
81693,524.892883
81694,525.567383
81695,525.567444
81696,526.276184
81697,526.276184
81698,527.018799
81699,527.018799
81700,527.794617
81701,527.794617
81702,528.602844
81703,528.602844
81704,529.442627
81705,529.442627
81706,530.313049
81707,531.166077
81708,531.166077
81709,530.31311
81710,524.18512
81711,524.185059
81712,524.75531
81713,524.755432
81714,525.360229
81715,525.999756
81716,525.360291
81717,525.999756
81718,526.673706
81719,525.999756
81720,527.073059
81721,526.673706
81722,527.746521
81723,527.381958
81724,527.381897
81725,528.454102
81726,528.123901
81727,528.123901
81728,528.899048
81729,528.898987
81730,529.969971
81731,529.706482
81732,529.706482
81733,530.776672
81734,530.54541
81735,530.54541
81736,531.614746
81737,531.414856
81738,532.266785
81739,532.266785
81740,531.414856
81741,532.483215
81742,533.334167
81743,525.259521
81744,525.259827
81745,526.302612
81746,527.315063
81747,525.829529
81748,525.829773
81749,526.872131
81750,527.884155
81751,526.434082
81752,526.434143
81753,527.476074
81754,528.114563
81755,528.487732
81756,529.125732
81757,527.073059
81758,527.746521
81759,528.454163
81760,529.195557
81761,529.969971
81762,530.776672
81763,531.614746
81764,532.483215
81765,533.334167
81766,526.302307
81767,526.87207
81768,527.476074
81769,528.114563
81770,528.787476
81771,529.494629
81772,530.235352
81773,531.009094
81774,531.815063
81775,532.652283
81776,533.519836
81777,534.369812
81778,527.315002
81779,527.884216
81780,528.487732
81781,529.125732
81782,530.504761
81783,531.244934
81784,532.018005
81785,532.823181
81786,533.659668
81787,534.526306
81788,535.375305
81789,528.298828
81790,528.298767
81791,529.255005
81792,530.185303
81793,531.090698
81794,531.972412
81795,528.867493
81796,528.867493
81797,529.823364
81798,530.753174
81799,531.658264
81800,532.539673
81801,529.470581
81802,530.108154
81803,529.470581
81804,530.426025
81805,531.063171
81806,531.355469
81807,531.992188
81808,532.260132
81809,532.896423
81810,533.141174
81811,533.777039
81812,530.780151
81813,531.486145
81814,532.225708
81815,532.998108
81816,533.802612
81817,534.638306
81818,535.504089
81819,536.352173
81820,529.255127
81821,532.830872
81822,529.823364
81823,534.235474
81824,530.426025
81825,531.063171
81826,531.73468
81827,532.440125
81828,533.179077
81829,533.950928
81830,534.754761
81831,535.589661
81832,536.454651
81833,537.301819
81834,530.185303
81835,531.090698
81836,531.972534
81837,532.831726
81838,533.669006
81839,533.669373
81840,530.753174
81841,531.658264
81842,532.539673
81843,533.398682
81844,534.236145
81845,531.355469
81846,532.260132
81847,533.141174
81848,533.999756
81849,534.836975
81850,531.992188
81851,532.896362
81852,533.777039
81853,534.635254
81854,535.472046
81855,536.141235
81856,532.663147
81857,533.566833
81858,534.447083
81859,535.304871
81860,533.368042
81861,534.271301
81862,535.151001
81863,536.008301
81864,534.106445
81865,535.009155
81866,535.888306
81867,536.745117
81868,537.580505
81869,536.658325
81870,537.514526
81871,535.680908
81872,536.582336
81873,538.315674
81874,536.515076
81875,537.415771
81876,537.379272
81877,538.225525
81878,538.279114
81879,539.124573
81880,520.358643
81881,518.790405
81882,518.790283
81883,519.467712
81884,520.179504
81885,520.925476
81886,521.705017
81887,519.778076
81888,521.171997
81889,522.517395
81890,522.517395
81891,523.361938
81892,524.237732
81893,525.096558
81894,519.45166
81895,519.451538
81896,520.093628
81897,520.093323
81898,520.770264
81899,520.77002
81900,521.481445
81901,521.481262
81902,522.226746
81903,522.226624
81904,523.005493
81905,523.005432
81906,523.817017
81907,523.817017
81908,524.660522
81909,524.660522
81910,525.535156
81911,526.392761
81912,526.392822
81913,525.535217
81914,520.105286
81915,520.105103
81916,520.711853
81917,520.711548
81918,521.35321
81919,521.352966
81920,522.029297
81921,522.029175
81922,522.739929
81923,522.739807
81924,523.484497
81925,523.484436
81926,524.262451
81927,524.262451
81928,525.07312
81929,525.073181
81930,525.915649
81931,525.91571
81932,526.789246
81933,527.64563
81934,527.64563
81935,526.789307
81936,520.753235
81937,520.753052
81938,521.324646
81939,521.32428
81940,521.930664
81941,521.93042
81942,522.571533
81943,522.571411
81944,523.247131
81945,523.24707
81946,523.957092
81947,523.957092
81948,524.700989
81949,524.70105
81950,525.478271
81951,525.478271
81952,526.288086
81953,526.288147
81954,527.1297
81955,527.129761
81956,528.002197
81957,528.857422
81958,528.857422
81959,528.002197
81960,521.933838
81961,521.933472
81962,522.5047
81963,522.504456
81964,523.110352
81965,523.110229
81966,523.750793
81967,523.750732
81968,524.892883
81969,524.425842
81970,524.425842
81971,525.135193
81972,525.135254
81973,525.878479
81974,525.878479
81975,526.654968
81976,526.655029
81977,527.463989
81978,527.46405
81979,528.304688
81980,528.304749
81981,529.176147
81982,530.030212
81983,530.030273
81984,529.176147
81985,523.077026
81986,523.076843
81987,523.647644
81988,523.647644
81989,524.25293
81990,524.252991
81991,524.892944
81992,525.567444
81993,524.892944
81994,525.567383
81995,526.276184
81996,526.276184
81997,527.018799
81998,527.018799
81999,527.794617
82000,527.794617
82001,528.602844
82002,528.602844
82003,529.442627
82004,529.442627
82005,530.31311
82006,531.166077
82007,531.166077
82008,530.313049
82009,524.184998
82010,524.18512
82011,524.755371
82012,524.755554
82013,525.360291
82014,525.360352
82015,525.999756
82016,526.673706
82017,525.999756
82018,527.072998
82019,526.673645
82020,527.74646
82021,527.381897
82022,528.123901
82023,528.123901
82024,529.195496
82025,528.899048
82026,528.899048
82027,529.969971
82028,529.706482
82029,529.706482
82030,530.776672
82031,530.54541
82032,530.54541
82033,531.614746
82034,531.414856
82035,532.266785
82036,532.266785
82037,531.414856
82038,532.483215
82039,533.334167
82040,525.259644
82041,525.259949
82042,526.302734
82043,527.315125
82044,525.829712
82045,525.829834
82046,526.872192
82047,527.884216
82048,526.434143
82049,526.434082
82050,527.475952
82051,528.114441
82052,528.487671
82053,529.125732
82054,527.073059
82055,527.746521
82056,528.454163
82057,529.195557
82058,529.969971
82059,530.776672
82060,531.614746
82061,532.483215
82062,533.334167
82063,526.302612
82064,526.872192
82065,527.476074
82066,528.114502
82067,529.494629
82068,530.235352
82069,531.009094
82070,531.815063
82071,532.652283
82072,533.519836
82073,534.369812
82074,527.315186
82075,527.884216
82076,528.487671
82077,530.504761
82078,531.244873
82079,532.017944
82080,532.823181
82081,533.659668
82082,534.526306
82083,535.375305
82084,528.298889
82085,528.298767
82086,529.255066
82087,530.185242
82088,531.090698
82089,531.972534
82090,528.867493
82091,528.867493
82092,529.823364
82093,530.753174
82094,531.658264
82095,532.539673
82096,529.470581
82097,530.108154
82098,530.108093
82099,529.47052
82100,530.425964
82101,531.06311
82102,531.355469
82103,531.992188
82104,532.260132
82105,532.896423
82106,533.141174
82107,533.777039
82108,530.780151
82109,531.486084
82110,532.225647
82111,532.998108
82112,533.802612
82113,534.638306
82114,535.50415
82115,536.352234
82116,529.255066
82117,533.668823
82118,529.823364
82119,530.426025
82120,531.063171
82121,531.063171
82122,531.734619
82123,532.440063
82124,533.179016
82125,533.950867
82126,534.877686
82127,534.754761
82128,535.589661
82129,536.454651
82130,537.301819
82131,530.185242
82132,531.090637
82133,531.972473
82134,532.831848
82135,533.669678
82136,530.753174
82137,531.658264
82138,532.539673
82139,533.398682
82140,534.236267
82141,531.355469
82142,532.260132
82143,533.141174
82144,533.999756
82145,534.836975
82146,531.992126
82147,532.896301
82148,533.777039
82149,534.635254
82150,532.663025
82151,533.566772
82152,534.447021
82153,535.30481
82154,533.367981
82155,534.271179
82156,535.15094
82157,536.00824
82158,535.888245
82159,536.745056
82160,537.514465
82161,535.680908
82162,536.582336
82163,536.515137
82164,537.415833
82165,537.379272
82166,538.225586
82167,538.279175
82168,539.124634
82169,539.155518
82170,539.155518
82171,540.000183
82172,540.000122
82173,519.578308
82174,518.963867
82175,520.358643
82176,518.14801
82177,518.147827
82178,518.790466
82179,518.790161
82180,519.467712
82181,520.179504
82182,520.925476
82183,521.705017
82184,521.704956
82185,518.333008
82186,519.778076
82187,521.171936
82188,522.517395
82189,523.361877
82190,524.237671
82191,525.096497
82192,518.844727
82193,518.844482
82194,519.451782
82195,519.451355
82196,520.093628
82197,520.093262
82198,520.770264
82199,520.77002
82200,521.481445
82201,521.481323
82202,522.226685
82203,522.226685
82204,523.005432
82205,523.005493
82206,523.816956
82207,523.817017
82208,524.660461
82209,524.660583
82210,525.535156
82211,526.3927
82212,526.392822
82213,525.535217
82214,519.533508
82215,519.533264
82216,520.105347
82217,520.104919
82218,520.711853
82219,520.711487
82220,521.35321
82221,521.352966
82222,522.029358
82223,522.029236
82224,522.739868
82225,522.739868
82226,523.484436
82227,523.484497
82228,524.262451
82229,524.262512
82230,525.07312
82231,525.073181
82232,525.915649
82233,525.91571
82234,526.789246
82235,527.64563
82236,527.64563
82237,526.789246
82238,520.753235
82239,520.752808
82240,521.324585
82241,521.324219
82242,521.930664
82243,521.930481
82244,522.571594
82245,522.571472
82246,523.247131
82247,523.247131
82248,523.957092
82249,523.957092
82250,524.700989
82251,524.70105
82252,525.47821
82253,525.478271
82254,526.288086
82255,526.288147
82256,527.1297
82257,527.129761
82258,528.002197
82259,528.857422
82260,528.857422
82261,528.002197
82262,521.933655
82263,521.93335
82264,522.504639
82265,522.504517
82266,523.110413
82267,523.110352
82268,523.750854
82269,523.750793
82270,524.425842
82271,524.425842
82272,525.135193
82273,525.135193
82274,525.878418
82275,525.878479
82276,526.654968
82277,526.655029
82278,527.463989
82279,527.46405
82280,528.304688
82281,528.304688
82282,529.176147
82283,530.030273
82284,530.030212
82285,529.176147
82286,523.076904
82287,523.076965
82288,523.647705
82289,523.647766
82290,524.252991
82291,524.253052
82292,524.892944
82293,525.567383
82294,524.892944
82295,525.567383
82296,526.276184
82297,527.018799
82298,527.018799
82299,527.794617
82300,527.794617
82301,528.602844
82302,528.602844
82303,529.442627
82304,529.442627
82305,530.31311
82306,531.166077
82307,531.166077
82308,530.313049
82309,524.18512
82310,524.185303
82311,524.755554
82312,524.755615
82313,525.360352
82314,525.360291
82315,525.999756
82316,526.673706
82317,525.999634
82318,527.072937
82319,527.381897
82320,526.673645
82321,527.746399
82322,528.454102
82323,527.381897
82324,528.123901
82325,528.123901
82326,529.195557
82327,528.899048
82328,528.899048
82329,529.969971
82330,529.706482
82331,529.706482
82332,530.776672
82333,530.54541
82334,530.54541
82335,531.614746
82336,531.414856
82337,532.266785
82338,532.266785
82339,531.414856
82340,532.483215
82341,533.334167
82342,525.259888
82343,525.26001
82344,526.302795
82345,527.315186
82346,525.829834
82347,525.829712
82348,526.87207
82349,527.884216
82350,526.434143
82351,526.43396
82352,527.47583
82353,528.11438
82354,528.48761
82355,529.12561
82356,527.073059
82357,527.746521
82358,528.787476
82359,528.454163
82360,529.195557
82361,529.969971
82362,530.776672
82363,531.614746
82364,532.483215
82365,533.334167
82366,526.302795
82367,526.872131
82368,527.476013
82369,528.114502
82370,529.125732
82371,529.798218
82372,529.494629
82373,530.235352
82374,531.009094
82375,531.815002
82376,532.652283
82377,533.519836
82378,534.369812
82379,527.315186
82380,527.884155
82381,528.487671
82382,529.798218
82383,529.798218
82384,530.504761
82385,531.244873
82386,532.017944
82387,532.823181
82388,533.659668
82389,534.526367
82390,535.375366
82391,528.298767
82392,528.298889
82393,529.255127
82394,530.185303
82395,531.090637
82396,531.972473
82397,528.867432
82398,528.867493
82399,529.823303
82400,530.753235
82401,531.658264
82402,532.539673
82403,529.470581
82404,530.108154
82405,530.108032
82406,529.470398
82407,530.425842
82408,531.062988
82409,531.355408
82410,531.992126
82411,532.260132
82412,532.896362
82413,533.141174
82414,533.777039
82415,530.108154
82416,530.78009
82417,531.486084
82418,532.225586
82419,532.998108
82420,533.802612
82421,534.638306
82422,535.50415
82423,536.352234
82424,529.255005
82425,529.823364
82426,530.426025
82427,531.06311
82428,531.734558
82429,532.440002
82430,533.179016
82431,534.106445
82432,533.950928
82433,534.877686
82434,534.754761
82435,535.589722
82436,536.454712
82437,537.30188
82438,530.185303
82439,531.090698
82440,531.972473
82441,532.831848
82442,533.6698
82443,530.753235
82444,531.658264
82445,532.539673
82446,533.398682
82447,534.236267
82448,531.355408
82449,532.26001
82450,533.141174
82451,533.999756
82452,534.836975
82453,535.472046
82454,531.992004
82455,532.896179
82456,533.776917
82457,534.635193
82458,532.662903
82459,533.56665
82460,534.446899
82461,535.304749
82462,533.36792
82463,534.271179
82464,535.009094
82465,535.150879
82466,536.008179
82467,536.844177
82468,536.844116
82469,537.580444
82470,536.744995
82471,534.877747
82472,535.779785
82473,535.779846
82474,535.680969
82475,536.582397
82476,536.515137
82477,537.415833
82478,538.292969
82479,538.29303
82480,537.379272
82481,538.225586
82482,538.279175
82483,539.124634
82484,539.155579
82485,540.000183
82486,518.831665
82487,518.182678
82488,519.578308
82489,517.517761
82490,518.963806
82491,520.358643
82492,516.798401
82493,516.798218
82494,517.540588
82495,517.540344
82496,518.148132
82497,518.147705
82498,518.790527
82499,518.7901
82500,519.467712
82501,520.179504
82502,520.179382
82503,520.925476
82504,520.925415
82505,521.704956
82506,518.333008
82507,519.778076
82508,522.517334
82509,523.361877
82510,524.237671
82511,525.096497
82512,518.272461
82513,518.272217
82514,518.844788
82515,518.844299
82516,519.451721
82517,519.451294
82518,520.093628
82519,520.093323
82520,520.770264
82521,520.770142
82522,521.481445
82523,521.481384
82524,522.226685
82525,522.226685
82526,523.005432
82527,523.005493
82528,523.816956
82529,523.817017
82530,524.660461
82531,524.660522
82532,525.535156
82533,526.392761
82534,526.392761
82535,525.535217
82536,519.533569
82537,519.53302
82538,520.105286
82539,520.104858
82540,520.711792
82541,520.711548
82542,521.35321
82543,521.353088
82544,522.029297
82545,522.029297
82546,522.739868
82547,522.739868
82548,523.484436
82549,523.484497
82550,524.26239
82551,524.262512
82552,525.07312
82553,525.073181
82554,525.915649
82555,525.91571
82556,526.789246
82557,527.64563
82558,527.64563
82559,526.789246
82560,520.753113
82561,520.752686
82562,521.324524
82563,521.32428
82564,521.930664
82565,521.930603
82566,522.571594
82567,522.571594
82568,523.247131
82569,523.247131
82570,523.957031
82571,523.957092
82572,524.700928
82573,524.70105
82574,525.47821
82575,525.478271
82576,526.288086
82577,526.288147
82578,527.1297
82579,527.1297
82580,528.002197
82581,528.857422
82582,528.857422
82583,528.002197
82584,521.933533
82585,521.933472
82586,522.5047
82587,522.5047
82588,523.110474
82589,523.110474
82590,523.750793
82591,523.750854
82592,524.425781
82593,524.425842
82594,525.135132
82595,525.135193
82596,526.276184
82597,525.878418
82598,525.878479
82599,526.654968
82600,526.655029
82601,527.463989
82602,527.46405
82603,528.304688
82604,528.304688
82605,529.176147
82606,530.030273
82607,530.030212
82608,529.176147
82609,523.077026
82610,523.077148
82611,523.647827
82612,523.647827
82613,524.253052
82614,524.252991
82615,524.892883
82616,525.567322
82617,524.892883
82618,525.567383
82619,526.276123
82620,527.018799
82621,527.018799
82622,527.794617
82623,527.794617
82624,528.602844
82625,528.602844
82626,529.442627
82627,529.442627
82628,530.31311
82629,531.166077
82630,531.166077
82631,530.313049
82632,524.185364
82633,524.185425
82634,524.755615
82635,524.755554
82636,525.360291
82637,525.360229
82638,525.999695
82639,526.673645
82640,525.999634
82641,527.072876
82642,528.787415
82643,528.787354
82644,527.381897
82645,526.673645
82646,527.74646
82647,528.454102
82648,528.787354
82649,529.494507
82650,529.494507
82651,527.381897
82652,528.123901
82653,527.381958
82654,528.454163
82655,528.123901
82656,529.195557
82657,528.899048
82658,528.899048
82659,529.969971
82660,529.706482
82661,529.706482
82662,530.776672
82663,530.54541
82664,530.54541
82665,531.614746
82666,531.414856
82667,532.266785
82668,532.266785
82669,531.414856
82670,532.483215
82671,533.334167
82672,525.26001
82673,525.259888
82674,526.302612
82675,527.315186
82676,525.829773
82677,525.829529
82678,526.871826
82679,527.884094
82680,526.434082
82681,526.433899
82682,527.475769
82683,528.114319
82684,528.487427
82685,529.125549
82686,527.072998
82687,527.746521
82688,528.787476
82689,528.454163
82690,529.195557
82691,529.969971
82692,530.776611
82693,531.614746
82694,532.483215
82695,533.334167
82696,526.302734
82697,526.87207
82698,527.476013
82699,528.114502
82700,529.125732
82701,528.787476
82702,529.494568
82703,530.235352
82704,531.009033
82705,531.815002
82706,532.652283
82707,533.519836
82708,534.369812
82709,527.315125
82710,527.884155
82711,528.487671
82712,529.125732
82713,529.798157
82714,530.5047
82715,531.244812
82716,532.017944
82717,532.823181
82718,533.659668
82719,534.526367
82720,535.375366
82721,528.298767
82722,528.298828
82723,529.255066
82724,530.185303
82725,531.090698
82726,531.972473
82727,528.867493
82728,528.86731
82729,529.82312
82730,530.753113
82731,531.658264
82732,532.539673
82733,529.470581
82734,530.10791
82735,529.470215
82736,530.425659
82737,531.062866
82738,531.355225
82739,531.992004
82740,532.26001
82741,532.896301
82742,533.141174
82743,533.777039
82744,530.108093
82745,530.780029
82746,531.486023
82747,532.225586
82748,532.998108
82749,533.802673
82750,534.638367
82751,535.50415
82752,536.352234
82753,529.255066
82754,529.823364
82755,530.425964
82756,531.062988
82757,531.734436
82758,532.439941
82759,533.179016
82760,534.106445
82761,533.950928
82762,534.754822
82763,535.589722
82764,536.454712
82765,537.30188
82766,530.185303
82767,531.090698
82768,531.972473
82769,532.831848
82770,533.6698
82771,530.753113
82772,531.658142
82773,532.539673
82774,533.398682
82775,534.236267
82776,531.355225
82777,532.259827
82778,533.141052
82779,533.999756
82780,534.836975
82781,535.472046
82782,535.653809
82783,535.653809
82784,536.288452
82785,536.288452
82786,531.991821
82787,532.895996
82788,533.776794
82789,534.635132
82790,532.662903
82791,533.566589
82792,534.446777
82793,535.304626
82794,536.141174
82795,536.141113
82796,533.367981
82797,534.271179
82798,535.009155
82799,535.150818
82800,535.888245
82801,536.008118
82802,534.106506
82803,535.009216
82804,534.877808
82805,535.779907
82806,535.680969
82807,536.582397
82808,537.460266
82809,537.460266
82810,536.515137
82811,537.415833
82812,538.29303
82813,537.379272
82814,538.225586
82815,538.279175
82816,539.124634
82817,539.155579
82818,540.000183
82819,516.798523
82820,518.831665
82821,516.735779
82822,518.182678
82823,519.578308
82824,517.517761
82825,518.963806
82826,515.40033
82827,515.400085
82828,516.190552
82829,516.190247
82830,516.798035
82831,516.967957
82832,516.967651
82833,517.54071
82834,517.5401
82835,518.148132
82836,518.147644
82837,518.790527
82838,518.790161
82839,519.467712
82840,519.467529
82841,520.179504
82842,520.179443
82843,520.925415
82844,521.704895
82845,518.332947
82846,522.517334
82847,523.361877
82848,522.894409
82849,523.754578
82850,524.237671
82851,525.096497
82852,518.272583
82853,518.271912
82854,518.844727
82855,518.844177
82856,519.451721
82857,519.451355
82858,520.093628
82859,520.093445
82860,520.770264
82861,520.770203
82862,521.481384
82863,521.481445
82864,522.226624
82865,522.226746
82866,523.005371
82867,523.005493
82868,523.816956
82869,523.817017
82870,524.660461
82871,524.660522
82872,525.535156
82873,526.392761
82874,526.392761
82875,525.535156
82876,519.533447
82877,519.532898
82878,520.105225
82879,520.104919
82880,520.711853
82881,520.71167
82882,521.35321
82883,521.353149
82884,522.029297
82885,522.029297
82886,522.739807
82887,522.739929
82888,523.484375
82889,523.484497
82890,524.26239
82891,524.262512
82892,525.07312
82893,525.073181
82894,525.91571
82895,525.91571
82896,526.789246
82897,527.64563
82898,527.64563
82899,526.789246
82900,520.753052
82901,520.752808
82902,521.324585
82903,521.324463
82904,521.930725
82905,521.930725
82906,522.571594
82907,522.571594
82908,523.24707
82909,523.247131
82910,523.957031
82911,523.957092
82912,524.700928
82913,524.70105
82914,525.47821
82915,525.478271
82916,526.288086
82917,526.288147
82918,527.1297
82919,527.1297
82920,528.002197
82921,528.857422
82922,528.857422
82923,528.002197
82924,521.933655
82925,521.933655
82926,522.504822
82927,522.504822
82928,523.110474
82929,523.110474
82930,523.750732
82931,523.750793
82932,524.42572
82933,524.425842
82934,525.135132
82935,525.135193
82936,526.276184
82937,525.878418
82938,525.878479
82939,526.654968
82940,526.654968
82941,527.46405
82942,527.463989
82943,528.304749
82944,528.304688
82945,529.176147
82946,530.030273
82947,530.030212
82948,529.176147
82949,523.077209
82950,523.077271
82951,523.647827
82952,523.647827
82953,524.252991
82954,524.25293
82955,524.892822
82956,525.567322
82957,524.892822
82958,525.567383
82959,526.276184
82960,527.018799
82961,526.276184
82962,527.018799
82963,527.794617
82964,527.794617
82965,528.602844
82966,528.602844
82967,529.442627
82968,529.442627
82969,530.31311
82970,531.166077
82971,531.166077
82972,530.313049
82973,524.185425
82974,524.185364
82975,524.755554
82976,524.755371
82977,525.360229
82978,525.360168
82979,525.999634
82980,526.673706
82981,525.999634
82982,527.072937
82983,526.673706
82984,527.746521
82985,528.787354
82986,529.494507
82987,527.381958
82988,528.123901
82989,527.381958
82990,528.454163
82991,528.123901
82992,529.195557
82993,528.899048
82994,528.899048
82995,529.969971
82996,529.706482
82997,529.706482
82998,530.776672
82999,530.54541
83000,530.54541
83001,531.614746
83002,531.414856
83003,532.266785
83004,532.266785
83005,531.414856
83006,532.483215
83007,533.334167
83008,533.519897
83009,533.519897
83010,534.369873
83011,534.369873
83012,525.259949
83013,525.259644
83014,526.302307
83015,527.315002
83016,525.829651
83017,525.829468
83018,526.871765
83019,527.88385
83020,526.434021
83021,526.43396
83022,527.47583
83023,528.11438
83024,528.487366
83025,529.125488
83026,527.073059
83027,527.746521
83028,528.454163
83029,529.195557
83030,529.969971
83031,530.776611
83032,531.614746
83033,532.483215
83034,533.334167
83035,526.302612
83036,526.872009
83037,527.476013
83038,528.114563
83039,528.787476
83040,529.494568
83041,530.235291
83042,531.009033
83043,531.815002
83044,532.652283
83045,533.519897
83046,534.369812
83047,527.315063
83048,527.884155
83049,528.487732
83050,529.125732
83051,529.798096
83052,530.504639
83053,531.244812
83054,532.017944
83055,532.823181
83056,533.659668
83057,534.526367
83058,535.375366
83059,528.298767
83060,528.298584
83061,529.254822
83062,530.185242
83063,531.090698
83064,531.972473
83065,528.867493
83066,528.867065
83067,529.822876
83068,530.75293
83069,531.658142
83070,532.539673
83071,529.47052
83072,530.107849
83073,529.470154
83074,530.425537
83075,531.062805
83076,532.259827
83077,532.896179
83078,530.108032
83079,530.779907
83080,531.485962
83081,532.225586
83082,532.998108
83083,533.802673
83084,534.638367
83085,535.50415
83086,536.352234
83087,529.255127
83088,529.823303
83089,530.425842
83090,531.062866
83091,531.734375
83092,532.440002
83093,533.179077
83094,533.950989
83095,534.754822
83096,535.589722
83097,536.454712
83098,537.30188
83099,530.185242
83100,531.090637
83101,531.972534
83102,532.831848
83103,533.669739
83104,530.75293
83105,531.657898
83106,532.539612
83107,533.398682
83108,534.236267
83109,535.053467
83110,535.053467
83111,531.355042
83112,532.259644
83113,533.140869
83114,533.999634
83115,534.836975
83116,535.471985
83117,535.653809
83118,536.288452
83119,531.99176
83120,532.895935
83121,533.776611
83122,534.634949
83123,532.662903
83124,533.56665
83125,534.446777
83126,535.304504
83127,536.140991
83128,536.844055
83129,533.368042
83130,534.271301
83131,535.150879
83132,535.888245
83133,534.106567
83134,535.009277
83135,534.877808
83136,535.779907
83137,536.658386
83138,536.658447
83139,535.68103
83140,536.582458
83141,537.460327
83142,536.515137
83143,537.415894
83144,538.29303
83145,537.379272
83146,538.225586
83147,538.279175
83148,539.124634
83149,515.400452
83150,516.190674
83151,516.798584
83152,518.119202
83153,517.435303
83154,518.831604
83155,516.735779
83156,518.182617
83157,517.517761
83158,513.950928
83159,513.950684
83160,514.791931
83161,514.791626
83162,515.399902
83163,515.617493
83164,515.617126
83165,516.190002
83166,516.797974
83167,516.968079
83168,516.967346
83169,517.54071
83170,517.540039
83171,518.148132
83172,518.147705
83173,518.790527
83174,518.790283
83175,519.467712
83176,519.46759
83177,520.179443
83178,520.179504
83179,520.925354
83180,521.704895
83181,522.517334
83182,523.361877
83183,521.502808
83184,522.364258
83185,522.894409
83186,523.754578
83187,524.237732
83188,525.096558
83189,518.272522
83190,518.27179
83191,518.844727
83192,518.844299
83193,519.451721
83194,519.451538
83195,520.093628
83196,520.093567
83197,520.770203
83198,520.770264
83199,521.481323
83200,521.481445
83201,522.226562
83202,522.226746
83203,523.005371
83204,523.005493
83205,523.816956
83206,523.817017
83207,524.660522
83208,524.660522
83209,525.535156
83210,526.392761
83211,526.392761
83212,525.535156
83213,519.533325
83214,519.53302
83215,520.105286
83216,520.105103
83217,520.711853
83218,520.711792
83219,521.353149
83220,521.35321
83221,522.029236
83222,522.029358
83223,522.739746
83224,522.739929
83225,523.484375
83226,523.484497
83227,524.26239
83228,524.262451
83229,525.07312
83230,525.07312
83231,525.91571
83232,525.91571
83233,526.789246
83234,527.64563
83235,527.64563
83236,526.789246
83237,520.753113
83238,520.753052
83239,521.324646
83240,521.324646
83241,521.930725
83242,521.930725
83243,522.571472
83244,522.571594
83245,523.247009
83246,523.247131
83247,523.95697
83248,523.957092
83249,524.700928
83250,524.70105
83251,525.478271
83252,525.478271
83253,526.288147
83254,526.288086
83255,527.129761
83256,527.1297
83257,528.002197
83258,528.857422
83259,528.857422
83260,528.002197
83261,521.933838
83262,521.933838
83263,522.504822
83264,522.504822
83265,523.110352
83266,523.110413
83267,523.750671
83268,523.750793
83269,524.42572
83270,524.425842
83271,525.135132
83272,525.135254
83273,525.878479
83274,525.878479
83275,526.654968
83276,526.654968
83277,527.46405
83278,527.463989
83279,528.304749
83280,528.304688
83281,529.176147
83282,530.030273
83283,530.030212
83284,529.176147
83285,523.077271
83286,523.077209
83287,523.647766
83288,523.647705
83289,524.252869
83290,524.252869
83291,524.892822
83292,525.567322
83293,524.892883
83294,525.567383
83295,526.276184
83296,527.018799
83297,526.276184
83298,527.018799
83299,527.794617
83300,527.794617
83301,528.602844
83302,528.602844
83303,529.442627
83304,529.442627
83305,530.31311
83306,531.166077
83307,531.166077
83308,530.313049
83309,524.185303
83310,524.18512
83311,524.755432
83312,524.75531
83313,525.360168
83314,525.360229
83315,525.999695
83316,526.673706
83317,525.999756
83318,527.072998
83319,529.798035
83320,529.797974
83321,526.673706
83322,527.746521
83323,528.787415
83324,529.494568
83325,527.381958
83326,528.123901
83327,527.381958
83328,528.454163
83329,528.123901
83330,529.195557
83331,528.898987
83332,528.899048
83333,529.969971
83334,529.706482
83335,529.706482
83336,530.776672
83337,531.815063
83338,531.815063
83339,532.652344
83340,532.652344
83341,530.54541
83342,530.54541
83343,531.614746
83344,532.652344
83345,531.414856
83346,532.266785
83347,532.266785
83348,531.414856
83349,532.483215
83350,533.334167
83351,533.519897
83352,534.369812
83353,525.259827
83354,525.259521
83355,526.302185
83356,527.314697
83357,525.829651
83358,525.829529
83359,526.871826
83360,527.883728
83361,526.434082
83362,526.434082
83363,527.475952
83364,528.114441
83365,528.487427
83366,529.125549
83367,527.073059
83368,527.746521
83369,528.454163
83370,529.195496
83371,529.96991
83372,530.776611
83373,531.614746
83374,532.483215
83375,533.334167
83376,526.302551
83377,526.87207
83378,527.476074
83379,528.114563
83380,528.787415
83381,529.494507
83382,530.235291
83383,531.009033
83384,531.815063
83385,532.652283
83386,533.519897
83387,534.369812
83388,527.315125
83389,527.884216
83390,528.487671
83391,529.12561
83392,529.798035
83393,530.504639
83394,531.244812
83395,532.017944
83396,532.823242
83397,533.659668
83398,534.526367
83399,535.375366
83400,528.298889
83401,528.298279
83402,529.254456
83403,530.184998
83404,531.090637
83405,531.972534
83406,528.867493
83407,528.866943
83408,529.822754
83409,531.657898
83410,529.470398
83411,530.10791
83412,529.470215
83413,530.425659
83414,531.062866
83415,530.10791
83416,530.779907
83417,531.486023
83418,532.225647
83419,532.998169
83420,533.802673
83421,534.638367
83422,535.50415
83423,536.352234
83424,529.255066
83425,529.82312
83426,530.425659
83427,531.062805
83428,531.734436
83429,532.440063
83430,533.179138
83431,533.950989
83432,534.754883
83433,535.589783
83434,536.454712
83435,537.30188
83436,530.184998
83437,531.090332
83438,531.972412
83439,532.831848
83440,533.6698
83441,534.487305
83442,534.487305
83443,530.752625
83444,531.657654
83445,532.539368
83446,533.39856
83447,534.236267
83448,535.053467
83449,531.354919
83450,532.259521
83451,533.140686
83452,533.999451
83453,534.836853
83454,535.471924
83455,535.653809
83456,536.288391
83457,531.991821
83458,532.895996
83459,533.77655
83460,534.634827
83461,532.663025
83462,533.566772
83463,534.446777
83464,536.140869
83465,536.843994
83466,533.368103
83467,534.271362
83468,535.15094
83469,535.888306
83470,534.106628
83471,535.009277
83472,535.888367
83473,534.877869
83474,535.779968
83475,536.658447
83476,535.68103
83477,536.582458
83478,537.460327
83479,536.515137
83480,537.415833
83481,513.95105
83482,514.792114
83483,515.400513
83484,515.617615
83485,516.190674
83486,516.798584
83487,517.441467
83488,518.119202
83489,515.987671
83490,517.435242
83491,518.831543
83492,516.735718
83493,517.5177
83494,512.447266
83495,512.447021
83496,513.342041
83497,513.341797
83498,513.9505
83499,514.218445
83500,514.218079
83501,514.791382
83502,515.399841
83503,515.616821
83504,516.189941
83505,516.798035
83506,516.968018
83507,516.967224
83508,517.540649
83509,517.5401
83510,518.148132
83511,518.147827
83512,518.790466
83513,518.790405
83514,519.46759
83515,519.467712
83516,520.179382
83517,520.179504
83518,520.925293
83519,521.704834
83520,521.705017
83521,522.517334
83522,522.017456
83523,523.361877
83524,522.89447
83525,523.754578
83526,524.237732
83527,525.096558
83528,525.096558
83529,524.237732
83530,518.2724
83531,518.271912
83532,518.844727
83533,518.844482
83534,519.451782
83535,519.45166
83536,520.093567
83537,520.093628
83538,520.770142
83539,520.770264
83540,521.481262
83541,521.481445
83542,522.226562
83543,522.226746
83544,523.005371
83545,523.005493
83546,523.816956
83547,523.817017
83548,524.660522
83549,524.660522
83550,525.535217
83551,526.392761
83552,526.392761
83553,525.535156
83554,519.533447
83555,519.533264
83556,520.105347
83557,520.105286
83558,520.711792
83559,520.711853
83560,521.353088
83561,521.35321
83562,522.029175
83563,522.029297
83564,522.739746
83565,522.739929
83566,523.484375
83567,523.484497
83568,524.262451
83569,524.262451
83570,525.07312
83571,525.07312
83572,525.91571
83573,525.915649
83574,526.789307
83575,527.64563
83576,527.64563
83577,526.789246
83578,520.753235
83579,520.753235
83580,521.324646
83581,521.324646
83582,521.930603
83583,521.930664
83584,522.571411
83585,522.571533
83586,523.247009
83587,523.247131
83588,523.957031
83589,523.957092
83590,524.700989
83591,524.700989
83592,525.478271
83593,525.478271
83594,526.288147
83595,526.288086
83596,527.129761
83597,527.1297
83598,528.002197
83599,528.857422
83600,528.857422
83601,528.002197
83602,521.933838
83603,521.933838
83604,522.5047
83605,522.5047
83606,523.110229
83607,523.110352
83608,523.750671
83609,523.750793
83610,524.42572
83611,524.425842
83612,525.135193
83613,525.135193
83614,525.878479
83615,525.878479
83616,526.655029
83617,526.654968
83618,527.46405
83619,527.463989
83620,528.304749
83621,528.304688
83622,529.176147
83623,530.030273
83624,530.030212
83625,529.176147
83626,523.077148
83627,523.077026
83628,523.647644
83629,523.647644
83630,524.252808
83631,524.25293
83632,524.892822
83633,525.567383
83634,524.892944
83635,525.567444
83636,526.276184
83637,527.018799
83638,526.276184
83639,527.018799
83640,527.794617
83641,527.794617
83642,528.602844
83643,528.602844
83644,529.442627
83645,529.442627
83646,530.31311
83647,531.166077
83648,531.166077
83649,530.31311
83650,524.18512
83651,524.184998
83652,524.755371
83653,524.755371
83654,525.360229
83655,525.360291
83656,525.999756
83657,526.673706
83658,525.999756
83659,527.073059
83660,529.798035
83661,526.673706
83662,527.746521
83663,528.787476
83664,529.494568
83665,527.381958
83666,528.123901
83667,527.381897
83668,528.454163
83669,529.494629
83670,530.235352
83671,530.235352
83672,528.123901
83673,529.195557
83674,528.898987
83675,529.706482
83676,529.706482
83677,530.776672
83678,531.815063
83679,530.54541
83680,530.54541
83681,531.614746
83682,532.652283
83683,531.414856
83684,532.266785
83685,532.266785
83686,531.414856
83687,532.483215
83688,533.334167
83689,533.519897
83690,534.369812
83691,525.259766
83692,525.259644
83693,526.302307
83694,527.314514
83695,525.829651
83696,525.829712
83697,526.87207
83698,527.88385
83699,526.434143
83700,526.434143
83701,527.476074
83702,528.114563
83703,528.48761
83704,529.12561
83705,527.073059
83706,527.746521
83707,528.454102
83708,529.195496
83709,529.969971
83710,530.776672
83711,531.614746
83712,532.483215
83713,533.334167
83714,526.302612
83715,526.872131
83716,527.476074
83717,528.114441
83718,528.787354
83719,529.494507
83720,530.235291
83721,531.009094
83722,531.815063
83723,532.652283
83724,533.519897
83725,534.369873
83726,527.315186
83727,527.884216
83728,528.48761
83729,529.125549
83730,529.797974
83731,530.504639
83732,531.244873
83733,532.018005
83734,532.823242
83735,533.659729
83736,534.526367
83737,535.375366
83738,528.298828
83739,528.298096
83740,529.254272
83741,531.090332
83742,528.86731
83743,528.867065
83744,529.822876
83745,529.470215
83746,530.108032
83747,529.470398
83748,530.425842
83749,531.062988
83750,530.107849
83751,530.779907
83752,531.486084
83753,532.225708
83754,532.998169
83755,533.802734
83756,534.638367
83757,535.50415
83758,536.352234
83759,529.254822
83760,529.822876
83761,530.425537
83762,531.062866
83763,531.734558
83764,532.440125
83765,533.179199
83766,533.95105
83767,534.754883
83768,535.589722
83769,536.454712
83770,537.30188
83771,537.379272
83772,538.225586
83773,530.18457
83774,531.089905
83775,531.972107
83776,532.831726
83777,533.6698
83778,534.487305
83779,530.752502
83780,531.657471
83781,532.539062
83782,533.398315
83783,534.236145
83784,535.053467
83785,531.355042
83786,532.259644
83787,533.140564
83788,533.999268
83789,534.83667
83790,535.471741
83791,535.653687
83792,536.28833
83793,536.141235
83794,536.957153
83795,536.957214
83796,531.992004
83797,532.896179
83798,533.776611
83799,534.634766
83800,535.304504
83801,535.471619
83802,532.663147
83803,533.566833
83804,534.446899
83805,536.008057
83806,536.140869
83807,536.843933
83808,533.368164
83809,534.271423
83810,535.151001
83811,536.008118
83812,536.008179
83813,536.745056
83814,536.744995
83815,534.106628
83816,535.009338
83817,535.888428
83818,534.877869
83819,535.779968
83820,536.658508
83821,535.68103
83822,536.582458
83823,537.460327
83824,538.29303
83825,512.447449
83826,513.342285
83827,513.951172
83828,514.218689
83829,514.792175
83830,515.400513
83831,515.617615
83832,516.190674
83833,516.798584
83834,517.441406
83835,516.722168
83836,518.11908
83837,515.98761
83838,517.435181
83839,518.831482
83840,516.735657
83841,517.517639
83842,520.358459
83843,510.8862
83844,510.885986
83845,511.837952
83846,511.837646
83847,512.446838
83848,512.768188
83849,512.767761
83850,513.341492
83851,513.950439
83852,514.217773
83853,514.791321
83854,515.399902
83855,515.616699
83856,516.190002
83857,516.798218
83858,516.967957
83859,516.967346
83860,517.54071
83861,517.540344
83862,518.148132
83863,518.14801
83864,518.790405
83865,518.790466
83866,519.467529
83867,519.467712
83868,520.179321
83869,518.831665
83870,520.179504
83871,520.925293
83872,520.925476
83873,521.704895
83874,520.358643
83875,521.705017
83876,521.171875
83877,522.517334
83878,522.017456
83879,523.361938
83880,523.361877
83881,522.89447
83882,523.754578
83883,524.237732
83884,525.096558
83885,523.754578
83886,522.89447
83887,525.096497
83888,524.237671
83889,518.272522
83890,518.272217
83891,518.844788
83892,518.844727
83893,519.45166
83894,519.451782
83895,520.093445
83896,520.093628
83897,520.77002
83898,520.770264
83899,521.481262
83900,521.481445
83901,522.226562
83902,522.226685
83903,523.005432
83904,523.005432
83905,523.817017
83906,523.816956
83907,524.660522
83908,524.660461
83909,525.535217
83910,526.392822
83911,526.3927
83912,525.535156
83913,519.533569
83914,519.533508
83915,520.105286
83916,520.105347
83917,520.71167
83918,520.711853
83919,521.352966
83920,521.35321
83921,522.029114
83922,522.029358
83923,522.739746
83924,522.739868
83925,523.484436
83926,523.484436
83927,524.262451
83928,524.262451
83929,525.073181
83930,525.07312
83931,525.91571
83932,525.915649
83933,526.789307
83934,527.64563
83935,527.64563
83936,526.789246
83937,520.753235
83938,520.753235
83939,521.324463
83940,521.324585
83941,521.930481
83942,521.930664
83943,522.57135
83944,522.571594
83945,523.247009
83946,523.247131
83947,523.957031
83948,523.957092
83949,524.700989
83950,524.700989
83951,525.478271
83952,525.47821
83953,526.288147
83954,526.288086
83955,527.129761
83956,527.1297
83957,528.002197
83958,528.857422
83959,528.857422
83960,528.002197
83961,521.933655
83962,521.933655
83963,522.504517
83964,522.504639
83965,523.110229
83966,523.110413
83967,523.750671
83968,523.750854
83969,524.425781
83970,524.425842
83971,525.135193
83972,525.135193
83973,525.878479
83974,525.878418
83975,526.655029
83976,526.654968
83977,527.46405
83978,527.463989
83979,528.304749
83980,528.304688
83981,529.176147
83982,530.030273
83983,530.030273
83984,529.176147
83985,523.076965
83986,523.076904
83987,523.647583
83988,523.647705
83989,524.252869
83990,524.252991
83991,524.892883
83992,525.567444
83993,524.892944
83994,525.567383
83995,526.276184
83996,527.018799
83997,526.276184
83998,527.018799
83999,527.794617
84000,528.602844
84001,528.602844
84002,529.442627
84003,529.442627
84004,530.31311
84005,531.166077
84006,531.166077
84007,530.31311
84008,524.185059
84009,524.18512
84010,524.755432
84011,524.755554
84012,525.360291
84013,525.360352
84014,525.999756
84015,526.673706
84016,525.999756
84017,527.073059
84018,529.798096
84019,526.673706
84020,527.746521
84021,528.787476
84022,527.381897
84023,528.123901
84024,529.494629
84025,530.235352
84026,528.898987
84027,529.706482
84028,529.706482
84029,530.776672
84030,531.815063
84031,530.54541
84032,530.54541
84033,531.614746
84034,532.652283
84035,531.414856
84036,532.266785
84037,532.266785
84038,531.414856
84039,532.483215
84040,533.334167
84041,533.519836
84042,534.369812
84043,534.526367
84044,534.526367
84045,535.375366
84046,535.375366
84047,525.259827
84048,525.259888
84049,526.302612
84050,527.314697
84051,525.829773
84052,525.829834
84053,526.872192
84054,527.884094
84055,526.434143
84056,526.434143
84057,527.476074
84058,528.114563
84059,528.487671
84060,529.125732
84061,527.072998
84062,527.74646
84063,528.454102
84064,529.195496
84065,529.969971
84066,530.776672
84067,531.614746
84068,532.483215
84069,533.334167
84070,526.302734
84071,526.872192
84072,527.475952
84073,528.11438
84074,528.787354
84075,529.494507
84076,530.235352
84077,531.009094
84078,531.815063
84079,532.652344
84080,533.519897
84081,534.369873
84082,527.315186
84083,527.884094
84084,528.487427
84085,529.125488
84086,529.798035
84087,530.5047
84088,531.244873
84089,532.018005
84090,532.823242
84091,533.659729
84092,534.526367
84093,535.375366
84094,528.298584
84095,528.298279
84096,529.254456
84097,528.867065
84098,528.86731
84099,529.82312
84100,529.470154
84101,530.10791
84102,530.780029
84103,531.486084
84104,532.225708
84105,532.998169
84106,533.802734
84107,534.638367
84108,535.50415
84109,536.352234
84110,529.254456
84111,529.822754
84112,530.425659
84113,531.062988
84114,531.734619
84115,532.440186
84116,533.179199
84117,533.95105
84118,534.754883
84119,535.589722
84120,536.515137
84121,536.454651
84122,537.301819
84123,537.379272
84124,538.225525
84125,530.184387
84126,531.089722
84127,531.971741
84128,532.831421
84129,533.669678
84130,534.487366
84131,530.752625
84132,531.657654
84133,532.53894
84134,533.39801
84135,534.235901
84136,535.053345
84137,531.355225
84138,532.259827
84139,533.140686
84140,533.999146
84141,534.836487
84142,535.653503
84143,536.288208
84144,531.992126
84145,532.896301
84146,533.776794
84147,534.634827
84148,535.304504
84149,535.471558
84150,532.663208
84151,533.566956
84152,534.447021
84153,535.304626
84154,533.368225
84155,534.271423
84156,535.151062
84157,536.00824
84158,536.745117
84159,536.843994
84160,536.844055
84161,537.580383
84162,537.580322
84163,534.106628
84164,535.009338
84165,535.888489
84166,534.877869
84167,535.779968
84168,536.658508
84169,535.680969
84170,536.582397
84171,537.415833
84172,537.460327
84173,538.29303
84174,510.886383
84175,511.838196
84176,512.44751
84177,512.768433
84178,513.342346
84179,513.951172
84180,514.218689
84181,514.792114
84182,515.400513
84183,515.617554
84184,516.190674
84185,516.798523
84186,516.043823
84187,517.441284
84188,515.273865
84189,518.118958
84190,515.987549
84191,517.435059
84192,518.83136
84193,516.735596
84194,519.578064
84195,518.963623
84196,520.358521
84197,509.264282
84198,509.264069
84199,510.276398
84200,510.276123
84201,510.885834
84202,511.263641
84203,511.263245
84204,511.837433
84205,512.446777
84206,512.767456
84207,513.341431
84208,513.9505
84209,514.21759
84210,514.791382
84211,515.400085
84212,515.616821
84213,516.190247
84214,516.798401
84215,516.968018
84216,516.967651
84217,517.54071
84218,517.540588
84219,518.14801
84220,518.148132
84221,518.790283
84222,518.790527
84223,519.467407
84224,519.467712
84225,520.17926
84226,518.831665
84227,520.179504
84228,520.925293
84229,519.578308
84230,520.925476
84231,521.704895
84232,520.358643
84233,521.704956
84234,519.777954
84235,521.171875
84236,522.517395
84237,522.517334
84238,522.017517
84239,523.361938
84240,522.017456
84241,523.361877
84242,522.894531
84243,523.754639
84244,524.237793
84245,525.096619
84246,522.364319
84247,521.502808
84248,523.754578
84249,522.894409
84250,525.096497
84251,524.237671
84252,518.272583
84253,518.272461
84254,518.844727
84255,518.844788
84256,519.451538
84257,519.451721
84258,520.093323
84259,520.093628
84260,520.77002
84261,520.770264
84262,521.481262
84263,521.481445
84264,522.226624
84265,522.226685
84266,523.005432
84267,523.005432
84268,523.817017
84269,523.816956
84270,524.660522
84271,524.660461
84272,525.535217
84273,526.392822
84274,526.392761
84275,525.535156
84276,519.533508
84277,519.533569
84278,520.105103
84279,520.105286
84280,520.711548
84281,520.711792
84282,521.352966
84283,521.35321
84284,522.029175
84285,522.029297
84286,522.739807
84287,522.739868
84288,523.484436
84289,523.484436
84290,524.262451
84291,524.26239
84292,525.073181
84293,525.07312
84294,525.91571
84295,525.915649
84296,526.789307
84297,527.64563
84298,527.64563
84299,526.789246
84300,520.753052
84301,520.753113
84302,521.32428
84303,521.324524
84304,521.93042
84305,521.930664
84306,522.571411
84307,522.571594
84308,523.24707
84309,523.247131
84310,523.957092
84311,523.957031
84312,524.70105
84313,524.700928
84314,525.478271
84315,525.47821
84316,526.288147
84317,526.288086
84318,527.129761
84319,527.1297
84320,528.002197
84321,528.857422
84322,528.857422
84323,528.002197
84324,521.933472
84325,521.933533
84326,522.504456
84327,522.5047
84328,523.110229
84329,523.110474
84330,523.750732
84331,523.750793
84332,524.425842
84333,524.425781
84334,525.135254
84335,525.135132
84336,525.878479
84337,525.878418
84338,526.655029
84339,526.654968
84340,527.794617
84341,527.46405
84342,527.463989
84343,528.304749
84344,528.304688
84345,529.176147
84346,530.030273
84347,530.030273
84348,529.176147
84349,523.076843
84350,523.077026
84351,523.647644
84352,523.647827
84353,524.252991
84354,524.253052
84355,524.892944
84356,525.567383
84357,524.892883
84358,525.567322
84359,526.276184
84360,527.018799
84361,526.276123
84362,527.381897
84363,527.794617
84364,528.602844
84365,528.602844
84366,529.442627
84367,529.442627
84368,530.313049
84369,531.166077
84370,531.166077
84371,530.31311
84372,524.18512
84373,524.185364
84374,524.755554
84375,524.755615
84376,525.360352
84377,525.360291
84378,525.999756
84379,526.673645
84380,525.999695
84381,527.073059
84382,529.798157
84383,530.779907
84384,530.780029
84385,526.673645
84386,527.746521
84387,528.454163
84388,528.787476
84389,527.381897
84390,528.123901
84391,528.899048
84392,529.706482
84393,528.899048
84394,528.899048
84395,529.969971
84396,529.969971
84397,529.706482
84398,530.776672
84399,531.815063
84400,530.54541
84401,530.54541
84402,531.614746
84403,532.652283
84404,533.659668
84405,533.659668
84406,531.414856
84407,532.266785
84408,532.266785
84409,531.414856
84410,532.483215
84411,533.334167
84412,533.519836
84413,534.369812
84414,534.526367
84415,535.375366
84416,525.259949
84417,525.26001
84418,526.302795
84419,527.315002
84420,525.829834
84421,525.829773
84422,526.872131
84423,527.884216
84424,526.434082
84425,526.434082
84426,527.476013
84427,528.114502
84428,528.487732
84429,529.125732
84430,529.47052
84431,530.108093
84432,527.072937
84433,527.746399
84434,528.454102
84435,529.195557
84436,529.969971
84437,530.776672
84438,531.614746
84439,532.483215
84440,533.334167
84441,526.302795
84442,526.87207
84443,527.47583
84444,528.114319
84445,528.787354
84446,529.494568
84447,530.235352
84448,531.009094
84449,531.815063
84450,532.652344
84451,533.519897
84452,534.369873
84453,527.315002
84454,527.88385
84455,528.487366
84456,529.125549
84457,529.798096
84458,530.504761
84459,531.244934
84460,532.018005
84461,532.823242
84462,533.659729
84463,534.526367
84464,535.375366
84465,528.298279
84466,528.298584
84467,529.254822
84468,528.866943
84469,529.470215
84470,530.108032
84471,530.78009
84472,531.486145
84473,532.225769
84474,532.99823
84475,533.802734
84476,534.638367
84477,535.50415
84478,536.352234
84479,529.254272
84480,529.822876
84481,530.425842
84482,531.06311
84483,531.73468
84484,532.440186
84485,533.179199
84486,533.95105
84487,534.754822
84488,535.589722
84489,536.515137
84490,536.454651
84491,537.301819
84492,537.379211
84493,538.225525
84494,530.18457
84495,531.089905
84496,531.971497
84497,532.831055
84498,533.669373
84499,534.487244
84500,530.75293
84501,531.657898
84502,532.539062
84503,533.397888
84504,534.235657
84505,535.053162
84506,531.355408
84507,532.26001
84508,533.140869
84509,533.999268
84510,534.836365
84511,535.65332
84512,536.288025
84513,536.451111
84514,536.450928
84515,537.085205
84516,537.085327
84517,531.992188
84518,532.896362
84519,533.776917
84520,534.634949
84521,535.471619
84522,536.140869
84523,532.663208
84524,533.566956
84525,534.447083
84526,535.304749
84527,536.140991
84528,533.368225
84529,534.271423
84530,535.151123
84531,536.008301
84532,536.745117
84533,536.844116
84534,537.580444
84535,537.659485
84536,537.659546
84537,538.395386
84538,538.395325
84539,534.106628
84540,535.009338
84541,535.888489
84542,534.877808
84543,535.779907
84544,536.658508
84545,537.460327
84546,538.29303
84547,509.264465
84548,510.276642
84549,510.886475
84550,511.263916
84551,511.838257
84552,512.447571
84553,512.768433
84554,513.342346
84555,513.951172
84556,514.218628
84557,514.792175
84558,515.400452
84559,515.617615
84560,516.190674
84561,516.798401
84562,514.594971
84563,517.441162
84564,518.118896
84565,515.987427
84566,517.434998
84567,518.83136
84568,518.182434
84569,519.578125
84570,518.963623
84571,520.358521
84572,507.57782
84573,507.577637
84574,508.654022
84575,508.653717
84576,509.263947
84577,509.70166
84578,509.701263
84579,510.27594
84580,510.885773
84581,511.26297
84582,511.837372
84583,512.446838
84584,512.767334
84585,513.341492
84586,513.950684
84587,514.217773
84588,514.791626
84589,515.40033
84590,515.617126
84591,516.190552
84592,516.798523
84593,516.968079
84594,516.967957
84595,517.540588
84596,517.54071
84597,518.147827
84598,518.148132
84599,518.790161
84600,518.790527
84601,519.467407
84602,518.119202
84603,519.467712
84604,520.179321
84605,518.831665
84606,520.179504
84607,520.925354
84608,519.578308
84609,520.925415
84610,521.704956
84611,520.358582
84612,521.704895
84613,519.777954
84614,521.171936
84615,522.517395
84616,521.171875
84617,522.517334
84618,522.017517
84619,523.361938
84620,520.624634
84621,522.017456
84622,523.361877
84623,522.894531
84624,523.754639
84625,524.237793
84626,525.096619
84627,520.922913
84628,520.060059
84629,522.364258
84630,521.502808
84631,523.754578
84632,522.894409
84633,525.096497
84634,524.237671
84635,518.272461
84636,518.272583
84637,518.844482
84638,518.844727
84639,519.451355
84640,519.451721
84641,520.093262
84642,520.093628
84643,520.77002
84644,520.770264
84645,521.481323
84646,521.481384
84647,522.226685
84648,522.226624
84649,523.005493
84650,523.005371
84651,523.817017
84652,523.816956
84653,524.660583
84654,524.660461
84655,525.535217
84656,526.392822
84657,526.392761
84658,525.535156
84659,519.533264
84660,519.533447
84661,520.104919
84662,520.105225
84663,520.711487
84664,520.711853
84665,521.352966
84666,521.35321
84667,522.029236
84668,522.029297
84669,522.739868
84670,522.739807
84671,523.484497
84672,523.484375
84673,524.262512
84674,524.26239
84675,525.073181
84676,525.07312
84677,525.91571
84678,525.91571
84679,526.789246
84680,527.64563
84681,527.64563
84682,526.789246
84683,520.752808
84684,520.753052
84685,521.324219
84686,521.324585
84687,521.930481
84688,521.930725
84689,522.571472
84690,522.571594
84691,523.247131
84692,523.24707
84693,523.957092
84694,523.957031
84695,524.70105
84696,524.700928
84697,525.478271
84698,525.47821
84699,526.288147
84700,526.288086
84701,527.129761
84702,527.1297
84703,528.002197
84704,528.857422
84705,528.857422
84706,528.002197
84707,521.93335
84708,521.933655
84709,522.504517
84710,522.504822
84711,523.110352
84712,523.110474
84713,523.750793
84714,523.750732
84715,524.425842
84716,524.42572
84717,525.135193
84718,525.135132
84719,525.878479
84720,525.878418
84721,527.018799
84722,526.655029
84723,526.654968
84724,527.794617
84725,527.46405
84726,527.46405
84727,528.304688
84728,528.304749
84729,529.176147
84730,530.030212
84731,530.030273
84732,529.176147
84733,523.076965
84734,523.077209
84735,523.647766
84736,523.647827
84737,524.253052
84738,524.252991
84739,524.892944
84740,525.567383
84741,524.892822
84742,525.567322
84743,526.276184
84744,527.018799
84745,526.276184
84746,527.381897
84747,528.123901
84748,527.794617
84749,528.602844
84750,527.794617
84751,528.602844
84752,529.442627
84753,529.442627
84754,530.313049
84755,531.166077
84756,531.166077
84757,530.31311
84758,524.185303
84759,524.185425
84760,524.755615
84761,524.755554
84762,525.360291
84763,525.360229
84764,525.999634
84765,526.673645
84766,525.999634
84767,527.072998
84768,530.78009
84769,526.673706
84770,527.746521
84771,528.454163
84772,528.787476
84773,529.494629
84774,527.381897
84775,528.123901
84776,528.899048
84777,529.706482
84778,528.123901
84779,528.123901
84780,529.195557
84781,529.195557
84782,528.899048
84783,529.969971
84784,531.009094
84785,531.009094
84786,529.706482
84787,530.776611
84788,531.815063
84789,532.823242
84790,532.823242
84791,530.54541
84792,530.54541
84793,531.614746
84794,532.652283
84795,533.659668
84796,531.414856
84797,532.266785
84798,532.266785
84799,531.414856
84800,532.483215
84801,533.334167
84802,533.519836
84803,534.369812
84804,534.526306
84805,535.375305
84806,525.26001
84807,525.259949
84808,526.302734
84809,527.315186
84810,525.829712
84811,525.829651
84812,526.87207
84813,527.884216
84814,528.867493
84815,526.43396
84816,526.434021
84817,527.476013
84818,528.114502
84819,528.487671
84820,529.125732
84821,529.470581
84822,530.108154
84823,527.072876
84824,527.74646
84825,528.454163
84826,529.195557
84827,529.969971
84828,530.776672
84829,531.614746
84830,532.483215
84831,533.334167
84832,526.302612
84833,526.871826
84834,527.475769
84835,528.11438
84836,528.787415
84837,529.494568
84838,530.235352
84839,531.009094
84840,531.815063
84841,532.652344
84842,533.519897
84843,534.369812
84844,527.314697
84845,527.883728
84846,528.487427
84847,529.12561
84848,529.798157
84849,530.504761
84850,531.244934
84851,532.018005
84852,532.823242
84853,533.659668
84854,534.526367
84855,535.375366
84856,528.298096
84857,528.867065
84858,529.470398
84859,530.108093
84860,530.780151
84861,531.486145
84862,532.225769
84863,532.998169
84864,533.802673
84865,534.638367
84866,535.50415
84867,536.352234
84868,529.254456
84869,529.82312
84870,530.425964
84871,531.063171
84872,531.73468
84873,532.440186
84874,533.179199
84875,533.950989
84876,534.754822
84877,535.680969
84878,535.589661
84879,536.515076
84880,530.184998
84881,531.090332
84882,531.971741
84883,532.830872
84884,533.669006
84885,534.487
84886,530.753113
84887,531.658142
84888,532.539368
84889,533.39801
84890,534.235474
84891,535.052856
84892,535.851135
84893,535.850952
84894,531.355469
84895,532.260132
84896,533.141052
84897,533.999451
84898,535.653259
84899,536.287964
84900,536.450745
84901,537.085083
84902,531.992188
84903,532.896423
84904,533.777039
84905,534.635132
84906,535.471741
84907,532.663208
84908,533.566956
84909,534.447144
84910,535.30481
84911,536.141113
84912,536.956909
84913,536.95697
84914,533.368225
84915,534.271423
84916,535.151123
84917,536.008362
84918,536.745178
84919,537.659668
84920,538.395447
84921,534.106628
84922,535.009277
84923,535.888489
84924,534.877808
84925,535.779907
84926,536.582397
84927,536.658447
84928,507.578003
84929,508.654236
84930,509.264557
84931,509.701965
84932,510.276764
84933,510.886505
84934,511.263977
84935,511.838287
84936,512.768433
84937,513.342346
84938,513.95105
84939,514.218689
84940,514.792114
84941,515.40033
84942,515.617615
84943,516.190552
84944,516.798218
84945,517.44104
84946,518.118835
84947,515.987366
84948,517.434937
84949,518.83136
84950,518.182434
84951,519.578186
84952,518.963684
84953,520.358582
84954,505.822906
84955,505.822754
84956,506.967102
84957,506.966858
84958,507.577545
84959,508.078827
84960,508.078461
84961,508.653595
84962,509.263916
84963,509.70105
84964,510.275879
84965,510.885834
84966,511.262878
84967,511.837433
84968,512.447021
84969,512.767456
84970,513.341797
84971,513.950928
84972,514.218079
84973,514.791931
84974,515.400452
84975,515.617493
84976,516.190674
84977,516.798584
84978,517.441467
84979,516.967957
84980,516.968079
84981,517.540344
84982,517.54071
84983,518.147705
84984,518.148132
84985,518.7901
84986,518.790527
84987,519.467407
84988,516.722229
84989,518.119202
84990,519.467712
84991,520.179382
84992,518.831604
84993,520.179443
84994,520.925415
84995,519.578247
84996,520.925354
84997,521.705017
84998,520.358521
84999,521.704895
85000,519.778015
85001,521.171936
85002,522.517456
85003,519.777954
85004,521.171875
85005,522.517334
85006,522.017517
85007,523.361938
85008,519.180603
85009,520.624573
85010,522.017395
85011,523.361877
85012,522.894531
85013,523.754639
85014,524.237793
85015,525.096619
85016,518.563293
85017,519.427551
85018,519.427551
85019,518.563232
85020,520.922913
85021,520.060059
85022,522.364258
85023,521.502808
85024,523.754578
85025,522.894409
85026,525.096558
85027,524.237732
85028,518.272217
85029,518.272522
85030,518.844299
85031,518.844727
85032,519.451294
85033,519.451721
85034,520.093323
85035,520.093628
85036,520.770142
85037,520.770203
85038,521.481384
85039,521.481323
85040,522.226685
85041,522.226562
85042,523.005493
85043,523.005371
85044,523.817017
85045,523.816956
85046,524.660522
85047,524.660522
85048,525.535217
85049,526.392761
85050,526.392761
85051,525.535156
85052,519.53302
85053,519.533325
85054,520.104858
85055,520.105286
85056,520.711548
85057,520.711853
85058,521.353088
85059,521.353149
85060,522.029297
85061,522.029236
85062,522.739868
85063,522.739746
85064,523.484497
85065,523.484375
85066,524.262512
85067,524.26239
85068,525.073181
85069,525.07312
85070,525.91571
85071,525.91571
85072,526.789246
85073,527.64563
85074,527.64563
85075,526.789246
85076,520.752686
85077,520.753113
85078,521.32428
85079,521.324646
85080,521.930603
85081,521.930725
85082,522.571594
85083,522.571472
85084,523.247131
85085,523.247009
85086,523.957092
85087,523.95697
85088,524.70105
85089,524.700928
85090,525.478271
85091,525.478271
85092,526.288147
85093,526.288147
85094,527.1297
85095,527.129761
85096,528.002197
85097,528.857422
85098,528.857422
85099,528.002197
85100,521.933472
85101,521.933838
85102,522.5047
85103,522.504822
85104,523.110474
85105,523.110352
85106,523.750854
85107,523.750671
85108,524.425842
85109,524.42572
85110,525.135193
85111,525.135132
85112,525.878479
85113,525.878479
85114,527.018799
85115,526.655029
85116,526.654968
85117,527.46405
85118,527.46405
85119,528.304688
85120,528.304749
85121,529.176147
85122,530.030212
85123,530.030273
85124,529.176147
85125,523.077148
85126,523.077271
85127,523.647827
85128,523.647766
85129,524.252991
85130,524.252869
85131,524.892883
85132,525.567383
85133,524.892822
85134,525.567322
85135,526.276184
85136,527.018799
85137,526.276184
85138,527.381958
85139,527.794617
85140,528.602844
85141,527.018799
85142,527.794617
85143,528.602844
85144,529.442627
85145,529.442627
85146,530.313049
85147,531.166077
85148,531.166077
85149,530.31311
85150,524.185425
85151,524.185303
85152,524.755554
85153,524.755432
85154,525.360229
85155,525.360168
85156,525.999634
85157,526.673645
85158,525.999695
85159,527.073059
85160,526.673706
85161,527.746521
85162,528.454163
85163,528.787476
85164,529.494629
85165,527.381958
85166,528.123901
85167,528.899048
85168,529.706482
85169,527.381958
85170,528.454163
85171,528.123901
85172,529.195557
85173,530.235352
85174,530.235352
85175,528.898987
85176,529.969971
85177,531.009094
85178,532.018005
85179,532.018005
85180,529.706482
85181,530.776611
85182,531.815002
85183,532.823181
85184,530.54541
85185,530.54541
85186,531.614746
85187,532.652283
85188,533.659668
85189,531.414856
85190,532.266785
85191,532.266785
85192,531.414856
85193,532.483215
85194,533.334167
85195,533.519836
85196,534.369812
85197,534.526306
85198,535.375305
85199,525.259888
85200,525.259827
85201,526.302612
85202,527.315186
85203,528.298828
85204,525.829529
85205,525.829651
85206,526.872009
85207,527.884155
85208,528.867493
85209,526.433899
85210,526.434082
85211,527.476013
85212,528.114502
85213,528.487671
85214,529.125732
85215,529.470581
85216,530.108154
85217,527.072937
85218,527.746521
85219,528.454163
85220,529.195557
85221,529.969971
85222,530.776672
85223,531.614746
85224,532.483215
85225,533.334167
85226,526.302307
85227,526.871765
85228,527.47583
85229,528.114441
85230,528.787476
85231,529.494629
85232,530.235352
85233,531.009094
85234,531.815063
85235,532.652283
85236,533.519897
85237,534.369812
85238,527.314514
85239,527.88385
85240,528.48761
85241,529.125732
85242,529.798218
85243,530.504761
85244,531.244934
85245,532.018005
85246,532.823242
85247,533.659668
85248,534.526367
85249,535.375366
85250,528.298279
85251,528.86731
85252,529.47052
85253,530.108154
85254,530.780151
85255,531.486145
85256,532.225769
85257,532.998169
85258,533.802673
85259,534.638306
85260,535.504089
85261,536.352173
85262,536.454651
85263,537.301819
85264,529.254822
85265,529.823303
85266,530.426025
85267,531.063171
85268,531.73468
85269,532.440186
85270,533.179199
85271,533.950989
85272,534.754761
85273,535.680908
85274,530.185242
85275,531.090637
85276,531.972107
85277,532.831055
85278,533.668823
85279,534.486572
85280,535.2854
85281,535.285156
85282,530.753235
85283,531.658264
85284,532.539612
85285,533.398315
85286,535.052734
85287,535.850708
85288,531.355469
85289,532.260132
85290,533.141174
85291,533.999634
85292,534.836487
85293,534.83667
85294,536.450684
85295,537.085022
85296,531.992188
85297,532.896423
85298,533.777039
85299,534.635193
85300,535.471924
85301,532.663208
85302,533.566956
85303,534.447144
85304,535.304871
85305,536.957092
85306,533.368164
85307,534.271423
85308,535.151123
85309,536.008362
85310,536.745178
85311,538.455688
85312,538.45575
85313,539.19104
85314,539.190979
85315,534.106567
85316,535.009277
85317,535.888428
85318,505.823059
85319,506.967316
85320,507.578125
85321,508.079132
85322,508.654358
85323,509.264587
85324,509.702057
85325,510.276764
85326,511.263977
85327,512.768433
85328,513.342285
85329,513.950928
85330,514.218689
85331,514.791931
85332,515.400085
85333,515.617493
85334,516.190247
85335,516.798035
85336,517.440979
85337,518.118896
85338,515.987305
85339,517.434998
85340,518.831482
85341,518.182495
85342,519.578247
85343,518.963745
85344,520.358643
85345,503.995209
85346,503.995117
85347,505.2117
85348,505.211517
85349,505.822723
85350,506.391479
85351,506.391174
85352,506.966766
85353,507.577545
85354,508.078308
85355,508.653564
85356,509.263947
85357,509.701019
85358,510.27594
85359,510.885986
85360,511.26297
85361,511.837646
85362,512.447266
85363,512.767761
85364,513.342041
85365,513.95105
85366,514.218445
85367,514.792114
85368,515.400513
85369,515.617615
85370,516.190674
85371,516.798584
85372,516.043884
85373,517.441467
85374,516.967651
85375,516.968018
85376,517.5401
85377,517.540649
85378,518.147644
85379,518.148132
85380,518.790161
85381,518.790466
85382,519.467529
85383,516.722229
85384,518.119202
85385,519.46759
85386,520.179443
85387,517.435242
85388,518.831543
85389,520.179382
85390,520.925476
85391,519.578186
85392,520.925293
85393,521.705017
85394,518.963684
85395,520.358521
85396,521.704834
85397,521.171997
85398,522.517456
85399,518.332886
85400,519.777954
85401,521.171814
85402,522.517334
85403,522.017517
85404,523.361938
85405,517.682495
85406,517.682434
85407,519.180542
85408,520.624573
85409,522.017456
85410,523.361877
85411,522.894531
85412,523.754639
85413,524.237732
85414,525.096558
85415,517.009155
85416,517.875
85417,517.874939
85418,517.009155
85419,519.427551
85420,518.563232
85421,520.922913
85422,520.060059
85423,522.364258
85424,521.502808
85425,523.754578
85426,522.89447
85427,525.096558
85428,524.237732
85429,518.271912
85430,518.2724
85431,518.844177
85432,518.844727
85433,519.451355
85434,519.451782
85435,520.093445
85436,520.093567
85437,520.770203
85438,520.770142
85439,521.481445
85440,521.481262
85441,522.226746
85442,522.226562
85443,523.005493
85444,523.005371
85445,523.817017
85446,523.816956
85447,524.660522
85448,524.660522
85449,525.535156
85450,526.392761
85451,526.392761
85452,525.535217
85453,519.532898
85454,519.533447
85455,520.104919
85456,520.105347
85457,520.71167
85458,520.711792
85459,521.353149
85460,521.353088
85461,522.029297
85462,522.029175
85463,522.739929
85464,522.739746
85465,523.484497
85466,523.484375
85467,524.262512
85468,524.262451
85469,525.073181
85470,525.07312
85471,525.91571
85472,525.91571
85473,526.789246
85474,527.64563
85475,527.64563
85476,526.789307
85477,520.752808
85478,520.753235
85479,521.324463
85480,521.324646
85481,521.930725
85482,521.930603
85483,522.571594
85484,522.571411
85485,523.247131
85486,523.247009
85487,523.957092
85488,523.957031
85489,524.70105
85490,524.700989
85491,525.478271
85492,525.478271
85493,526.288147
85494,526.288147
85495,527.1297
85496,527.129761
85497,528.002197
85498,528.857422
85499,528.857422
85500,528.002197
85501,521.933655
85502,521.933838
85503,522.504822
85504,522.5047
85505,523.110474
85506,523.110229
85507,523.750793
85508,523.750671
85509,524.425842
85510,524.42572
85511,525.135193
85512,525.135193
85513,525.878479
85514,525.878479
85515,526.654968
85516,526.655029
85517,527.463989
85518,527.46405
85519,528.304688
85520,528.304749
85521,529.176147
85522,530.030212
85523,530.030273
85524,529.176147
85525,523.077271
85526,523.077148
85527,523.647827
85528,523.647644
85529,524.25293
85530,524.252808
85531,524.892822
85532,525.567383
85533,524.892822
85534,525.567383
85535,526.276184
85536,527.018799
85537,526.276184
85538,529.195557
85539,527.794617
85540,528.602844
85541,527.018799
85542,527.794617
85543,528.602844
85544,529.442627
85545,529.442627
85546,530.313049
85547,531.166077
85548,531.166077
85549,530.31311
85550,524.185364
85551,524.18512
85552,524.755371
85553,524.755371
85554,525.360168
85555,525.360229
85556,525.999634
85557,526.673706
85558,525.999756
85559,527.073059
85560,526.673706
85561,527.746521
85562,528.787476
85563,529.494629
85564,527.381958
85565,528.123901
85566,528.899048
85567,529.706482
85568,527.381958
85569,528.454163
85570,529.494568
85571,528.123901
85572,529.195496
85573,530.235352
85574,531.244873
85575,531.244934
85576,528.898987
85577,529.96991
85578,531.009033
85579,532.017944
85580,529.706482
85581,530.776611
85582,531.815002
85583,532.823181
85584,530.54541
85585,530.54541
85586,531.614746
85587,532.652283
85588,533.659668
85589,531.414856
85590,532.266785
85591,532.266785
85592,531.414856
85593,532.483215
85594,533.334167
85595,533.519836
85596,534.369812
85597,534.526306
85598,535.375305
85599,535.504089
85600,535.504089
85601,536.352173
85602,536.352173
85603,525.259644
85604,525.259766
85605,526.302551
85606,527.315125
85607,528.298889
85608,525.829468
85609,525.829651
85610,526.87207
85611,527.884155
85612,528.867493
85613,526.43396
85614,526.434143
85615,527.476074
85616,528.114563
85617,528.487671
85618,529.125732
85619,529.470581
85620,530.108154
85621,527.072998
85622,527.746521
85623,528.454163
85624,529.195557
85625,529.969971
85626,530.776672
85627,531.614746
85628,526.302185
85629,526.871826
85630,527.475952
85631,528.114563
85632,528.787476
85633,529.494629
85634,530.235352
85635,531.009094
85636,531.815063
85637,532.652283
85638,527.314697
85639,527.884094
85640,528.487671
85641,529.125732
85642,529.798218
85643,530.504761
85644,531.244934
85645,532.018005
85646,532.823242
85647,533.659668
85648,528.298584
85649,528.867493
85650,529.470581
85651,530.108154
85652,530.780151
85653,531.486145
85654,532.225708
85655,532.998169
85656,533.802673
85657,534.638306
85658,535.589661
85659,536.454651
85660,537.301819
85661,529.255066
85662,529.823364
85663,530.426025
85664,531.063171
85665,531.73468
85666,532.440186
85667,533.179138
85668,533.950928
85669,534.877747
85670,530.185303
85671,531.090698
85672,531.972412
85673,532.831421
85674,534.486389
85675,535.28479
85676,530.753174
85677,531.658264
85678,532.539673
85679,533.39856
85680,534.235657
85681,534.235901
85682,535.850586
85683,531.355469
85684,532.260132
85685,533.141174
85686,534.836853
85687,531.992188
85688,532.896423
85689,533.777039
85690,534.635254
85691,532.663208
85692,533.566956
85693,534.447144
85694,535.304871
85695,533.368103
85696,534.271362
85697,535.151062
85698,539.163757
85699,539.163696
85700,539.958801
85701,539.95874
85702,503.995361
85703,505.211914
85704,505.823181
85705,506.391785
85706,506.967468
85707,507.578156
85708,508.079254
85709,508.654388
85710,509.264557
85711,509.702057
85712,512.768433
85713,513.342041
85714,513.950684
85715,514.218445
85716,514.791626
85717,515.399902
85718,515.617126
85719,516.190002
85720,516.797974
85721,517.44104
85722,516.721863
85723,518.118958
85724,517.435059
85725,518.831543
85726,518.182556
85727,519.578308
85728,520.358643
85729,503.383545
85730,503.383423
85731,504.635681
85732,504.635406
85733,505.211487
85734,505.822723
85735,506.391083
85736,506.966766
85737,507.577545
85738,508.078308
85739,508.653595
85740,509.264069
85741,509.70105
85742,510.276123
85743,510.8862
85744,511.263245
85745,511.837952
85746,512.447449
85747,512.768188
85748,513.342285
85749,513.951172
85750,514.218689
85751,514.792175
85752,515.400513
85753,515.617615
85754,516.190674
85755,516.798584
85756,514.595032
85757,516.043884
85758,517.441406
85759,516.967346
85760,516.967957
85761,517.540039
85762,517.54071
85763,518.147705
85764,518.148132
85765,518.790283
85766,518.790405
85767,519.46759
85768,516.722168
85769,518.11908
85770,519.467529
85771,520.179504
85772,515.98761
85773,517.435181
85774,518.831482
85775,520.179321
85776,520.925476
85777,518.182495
85778,519.578125
85779,520.925293
85780,521.705017
85781,517.517639
85782,518.963623
85783,520.358459
85784,521.704895
85785,521.171997
85786,522.517456
85787,516.833618
85788,516.833557
85789,518.332825
85790,519.777954
85791,521.171875
85792,522.517334
85793,522.017517
85794,523.361938
85795,516.127014
85796,516.126953
85797,517.682434
85798,519.180542
85799,520.624573
85800,522.017456
85801,523.361938
85802,522.894531
85803,523.754639
85804,524.237732
85805,525.096558
85806,515.394348
85807,516.261719
85808,517.874939
85809,517.009094
85810,519.42749
85811,518.563232
85812,520.922913
85813,520.060059
85814,522.364319
85815,521.502808
85816,523.754578
85817,522.89447
85818,525.096558
85819,524.237732
85820,518.27179
85821,518.272522
85822,518.844299
85823,518.844788
85824,519.451538
85825,519.45166
85826,520.093567
85827,520.093445
85828,520.770264
85829,520.77002
85830,521.481445
85831,521.481262
85832,522.226746
85833,522.226562
85834,523.005493
85835,523.005432
85836,523.817017
85837,523.817017
85838,524.660522
85839,524.660522
85840,525.535156
85841,526.392761
85842,526.392822
85843,525.535217
85844,519.53302
85845,519.533569
85846,520.105103
85847,520.105286
85848,520.711792
85849,520.71167
85850,521.35321
85851,521.352966
85852,522.029358
85853,522.029114
85854,522.739929
85855,522.739746
85856,523.484497
85857,523.484436
85858,524.262451
85859,524.262451
85860,525.07312
85861,525.073181
85862,525.91571
85863,525.91571
85864,526.789246
85865,527.64563
85866,527.64563
85867,526.789307
85868,520.753052
85869,520.753235
85870,521.324646
85871,521.324463
85872,521.930725
85873,521.930481
85874,522.571594
85875,522.57135
85876,523.247131
85877,523.247009
85878,523.957092
85879,523.957031
85880,524.70105
85881,524.700989
85882,525.478271
85883,525.478271
85884,526.288086
85885,526.288147
85886,527.1297
85887,527.129761
85888,528.002197
85889,528.857422
85890,528.857422
85891,528.002197
85892,521.933838
85893,521.933655
85894,522.504822
85895,522.504517
85896,523.110413
85897,523.110229
85898,523.750793
85899,523.750671
85900,524.425842
85901,524.425781
85902,525.135254
85903,525.135193
85904,525.878479
85905,525.878479
85906,526.654968
85907,526.655029
85908,527.463989
85909,527.46405
85910,528.304688
85911,528.304749
85912,529.176147
85913,530.030212
85914,530.030273
85915,529.176147
85916,523.077209
85917,523.076965
85918,523.647705
85919,523.647583
85920,524.252869
85921,524.252869
85922,524.892883
85923,525.567383
85924,524.892883
85925,525.567444
85926,526.276184
85927,527.018799
85928,526.276184
85929,530.235352
85930,527.794617
85931,528.602844
85932,527.018799
85933,527.794617
85934,528.602844
85935,529.442627
85936,529.442627
85937,530.313049
85938,531.166077
85939,531.166077
85940,530.31311
85941,524.18512
85942,524.185059
85943,524.75531
85944,524.755432
85945,525.360229
85946,525.360291
85947,525.999756
85948,526.673706
85949,525.999756
85950,527.073059
85951,526.673706
85952,527.746521
85953,528.787476
85954,529.798218
85955,529.798218
85956,530.504761
85957,530.504761
85958,527.381958
85959,528.123901
85960,528.899048
85961,529.706482
85962,527.381897
85963,528.454102
85964,529.494568
85965,530.504761
85966,528.123901
85967,529.195496
85968,530.235291
85969,531.244873
85970,528.898987
85971,529.969971
85972,531.009033
85973,532.017944
85974,529.706482
85975,530.776672
85976,531.815002
85977,532.823181
85978,530.54541
85979,530.54541
85980,531.614746
85981,532.652283
85982,533.659668
85983,534.638306
85984,534.638306
85985,536.454651
85986,537.301819
85987,525.259521
85988,525.259827
85989,526.302612
85990,527.315063
85991,528.298767
85992,525.829529
85993,525.829773
85994,526.872131
85995,527.884155
85996,528.867432
85997,526.434082
85998,526.434143
85999,527.476074
86000,528.114563
86001,528.487732
86002,529.125732
86003,529.470581
86004,530.108154
86005,530.426025
86006,530.426025
86007,531.063171
86008,531.063171
86009,527.073059
86010,527.746521
86011,528.454163
86012,529.195557
86013,529.969971
86014,530.776672
86015,526.302307
86016,526.87207
86017,527.476074
86018,528.114563
86019,528.787476
86020,529.494629
86021,530.235352
86022,531.009094
86023,531.815063
86024,527.315002
86025,527.884216
86026,528.487732
86027,529.125732
86028,529.798218
86029,530.504761
86030,531.244934
86031,532.018005
86032,532.823181
86033,528.298828
86034,528.867493
86035,529.470581
86036,530.108154
86037,530.780151
86038,531.486145
86039,532.225708
86040,532.998108
86041,533.802612
86042,534.754761
86043,535.589661
86044,529.255127
86045,529.823364
86046,530.426025
86047,531.063171
86048,531.73468
86049,532.440125
86050,533.179077
86051,534.106506
86052,530.185303
86053,531.090698
86054,531.972534
86055,532.831726
86056,533.669006
86057,533.669373
86058,535.284607
86059,530.753174
86060,531.658264
86061,532.539673
86062,534.236145
86063,531.355469
86064,532.260132
86065,533.141174
86066,531.992188
86067,532.896362
86068,533.777039
86069,534.635254
86070,532.663147
86071,533.566833
86072,534.447083
86073,533.368042
86074,534.271301
86075,535.009216
86076,502.090332
86077,503.383728
86078,503.995483
86079,504.635956
86080,505.212067
86081,506.391937
86082,506.967499
86083,508.079285
86084,508.654358
86085,509.264465
86086,512.447021
86087,512.768188
86088,513.341797
86089,513.9505
86090,514.218079
86091,514.791382
86092,515.399841
86093,515.616821
86094,516.189941
86095,516.798035
86096,516.043396
86097,517.441162
86098,518.11908
86099,517.435181
86100,518.831604
86101,519.578308
86102,520.358643
86103,502.807098
86104,502.806915
86105,504.635406
86106,505.211517
86107,506.391113
86108,506.966766
86109,507.577637
86110,508.078308
86111,508.653717
86112,509.264282
86113,509.701263
86114,510.276398
86115,510.886383
86116,511.263641
86117,511.838196
86118,513.091919
86119,512.44751
86120,512.768433
86121,513.342346
86122,513.951172
86123,514.218689
86124,514.792114
86125,515.400513
86126,515.617554
86127,516.190674
86128,516.798523
86129,513.09198
86130,514.595032
86131,516.043823
86132,517.441284
86133,516.967224
86134,516.968018
86135,517.5401
86136,517.54071
86137,518.147827
86138,518.14801
86139,518.790405
86140,518.790283
86141,519.467712
86142,515.273865
86143,516.722046
86144,518.118958
86145,519.467407
86146,520.179504
86147,514.485779
86148,515.987549
86149,517.435059
86150,518.83136
86151,520.17926
86152,520.925476
86153,516.735596
86154,518.182434
86155,519.578064
86156,520.925293
86157,521.705017
86158,516.017456
86159,516.017395
86160,517.517578
86161,518.963623
86162,520.358521
86163,521.704895
86164,521.171997
86165,522.517395
86166,515.276978
86167,515.276978
86168,516.833557
86169,518.332825
86170,519.777954
86171,521.171875
86172,522.517395
86173,522.017517
86174,523.361938
86175,516.126953
86176,517.682434
86177,519.180542
86178,520.624634
86179,522.017517
86180,523.361938
86181,522.89447
86182,523.754578
86183,524.237732
86184,525.096558
86185,517.874939
86186,517.009094
86187,519.427551
86188,518.563232
86189,520.922913
86190,520.060059
86191,522.364319
86192,521.502869
86193,523.754639
86194,522.894531
86195,525.096619
86196,524.237793
86197,518.271912
86198,518.272583
86199,518.844482
86200,518.844727
86201,519.45166
86202,519.451538
86203,520.093628
86204,520.093323
86205,520.770264
86206,520.77002
86207,521.481445
86208,521.481262
86209,522.226746
86210,522.226624
86211,523.005493
86212,523.005432
86213,523.817017
86214,523.817017
86215,524.660522
86216,524.660522
86217,525.535156
86218,526.392761
86219,526.392822
86220,525.535217
86221,519.533264
86222,519.533508
86223,520.105286
86224,520.105103
86225,520.711853
86226,520.711548
86227,521.35321
86228,521.352966
86229,522.029297
86230,522.029175
86231,522.739929
86232,522.739807
86233,523.484497
86234,523.484436
86235,524.262451
86236,524.262451
86237,525.07312
86238,525.073181
86239,525.915649
86240,525.91571
86241,526.789246
86242,527.64563
86243,527.64563
86244,526.789307
86245,520.753235
86246,520.753052
86247,521.324646
86248,521.32428
86249,521.930664
86250,521.93042
86251,522.571533
86252,522.571411
86253,523.247131
86254,523.24707
86255,523.957092
86256,523.957092
86257,524.700989
86258,524.70105
86259,525.478271
86260,525.478271
86261,526.288086
86262,526.288147
86263,527.1297
86264,527.129761
86265,528.002197
86266,528.857422
86267,528.857422
86268,528.002197
86269,521.933838
86270,521.933472
86271,522.5047
86272,522.504456
86273,523.110352
86274,523.110229
86275,523.750793
86276,523.750732
86277,524.425842
86278,524.425842
86279,525.135193
86280,525.135254
86281,525.878479
86282,525.878479
86283,526.654968
86284,526.655029
86285,527.463989
86286,527.46405
86287,528.304688
86288,528.304749
86289,529.176147
86290,530.030212
86291,530.030273
86292,529.176147
86293,523.077026
86294,523.076843
86295,523.647644
86296,523.647644
86297,524.25293
86298,524.252991
86299,524.892944
86300,525.567444
86301,524.892944
86302,525.567383
86303,526.276184
86304,527.018799
86305,526.276184
86306,531.244934
86307,527.794617
86308,528.602844
86309,527.018799
86310,527.794617
86311,528.602844
86312,529.442627
86313,529.442627
86314,524.184998
86315,524.18512
86316,524.755371
86317,524.755554
86318,525.360291
86319,525.360352
86320,525.999756
86321,526.673706
86322,525.999756
86323,527.072998
86324,526.673645
86325,527.74646
86326,528.787415
86327,529.798157
86328,527.381897
86329,528.123901
86330,528.899048
86331,529.706482
86332,527.381897
86333,528.454102
86334,529.494507
86335,530.5047
86336,528.123901
86337,529.195496
86338,530.235291
86339,531.244812
86340,528.899048
86341,529.969971
86342,531.009033
86343,532.017944
86344,529.706482
86345,530.776672
86346,531.815063
86347,532.823181
86348,533.802612
86349,533.802612
86350,535.589661
86351,525.259644
86352,525.259949
86353,526.302734
86354,527.315125
86355,528.298767
86356,525.829712
86357,525.829834
86358,526.872192
86359,527.884216
86360,528.867493
86361,529.823364
86362,529.823364
86363,526.434143
86364,526.434082
86365,527.475952
86366,528.114441
86367,528.487671
86368,529.125732
86369,529.470581
86370,530.108154
86371,530.426025
86372,531.063171
86373,531.355469
86374,531.355469
86375,531.992188
86376,531.992188
86377,527.073059
86378,527.746521
86379,528.454163
86380,529.195557
86381,529.969971
86382,526.302612
86383,526.872192
86384,527.476074
86385,528.114502
86386,528.787476
86387,529.494629
86388,530.235352
86389,531.009094
86390,527.315186
86391,527.884216
86392,528.487671
86393,529.125732
86394,529.798218
86395,530.504761
86396,531.244873
86397,532.017944
86398,528.298889
86399,528.867493
86400,529.470581
86401,530.108154
86402,530.780151
86403,531.486084
86404,532.225647
86405,532.998108
86406,533.950928
86407,534.754761
86408,529.255066
86409,529.823364
86410,530.426025
86411,531.063171
86412,531.734619
86413,532.440063
86414,530.185242
86415,531.090637
86416,531.972473
86417,533.669678
86418,530.753174
86419,531.658264
86420,532.539673
86421,531.355469
86422,532.260132
86423,533.141174
86424,531.992126
86425,532.896301
86426,533.777039
86427,534.635254
86428,535.304871
86429,532.663025
86430,533.566772
86431,533.367981
86432,534.106445
86433,534.271179
86434,535.009155
86435,501.47821
86436,502.090424
86437,502.807373
86438,503.383881
86439,504.636139
86440,506.391968
86441,508.079254
86442,508.654236
86443,509.264282
86444,511.837646
86445,510.885986
86446,512.446838
86447,512.767761
86448,513.341492
86449,513.950439
86450,514.217773
86451,514.791321
86452,515.399902
86453,515.616699
86454,516.190002
86455,516.798218
86456,517.441284
86457,518.119202
86458,517.435242
86459,518.831665
86460,519.578308
86461,520.358643
86462,504.635468
86463,506.391083
86464,506.966858
86465,507.57782
86466,508.078461
86467,508.654022
86468,509.264465
86469,509.70166
86470,510.276642
86471,511.531403
86472,510.886475
86473,511.263916
86474,511.838257
86475,512.447571
86476,512.768433
86477,513.342346
86478,513.951172
86479,514.218628
86480,514.792175
86481,515.400452
86482,515.617615
86483,516.190674
86484,516.798401
86485,512.211548
86486,511.531433
86487,513.091919
86488,514.594971
86489,516.043701
86490,517.441162
86491,516.967346
86492,516.968079
86493,517.540344
86494,517.540588
86495,518.14801
86496,518.147827
86497,518.790466
86498,518.790161
86499,519.467712
86500,513.771362
86501,515.273804
86502,516.721924
86503,518.118896
86504,519.467407
86505,520.179504
86506,515.234558
86507,514.485657
86508,515.987427
86509,517.434998
86510,518.83136
86511,520.179321
86512,520.925476
86513,515.234497
86514,516.735535
86515,518.182434
86516,519.578125
86517,520.925354
86518,521.705017
86519,514.459778
86520,514.459717
86521,516.017334
86522,517.517578
86523,518.963623
86524,520.358521
86525,521.704956
86526,521.171936
86527,522.517395
86528,515.276917
86529,516.833557
86530,518.332825
86531,519.777954
86532,521.171936
86533,522.517395
86534,522.017517
86535,523.361877
86536,516.126953
86537,517.682434
86538,519.180603
86539,520.624634
86540,522.017517
86541,523.361938
86542,522.89447
86543,523.754578
86544,524.237671
86545,525.096497
86546,517.874939
86547,517.009094
86548,519.427551
86549,518.563232
86550,520.922974
86551,520.06012
86552,522.36438
86553,521.502869
86554,523.754639
86555,522.894531
86556,525.096619
86557,524.237793
86558,518.272217
86559,518.272461
86560,518.844727
86561,518.844482
86562,519.451782
86563,519.451355
86564,520.093628
86565,520.093262
86566,520.770264
86567,520.77002
86568,521.481445
86569,521.481323
86570,522.226685
86571,522.226685
86572,523.005432
86573,523.005493
86574,523.816956
86575,523.817017
86576,524.660461
86577,524.660583
86578,525.535156
86579,526.3927
86580,526.392822
86581,525.535217
86582,519.533508
86583,519.533264
86584,520.105347
86585,520.104919
86586,520.711853
86587,520.711487
86588,521.35321
86589,521.352966
86590,522.029358
86591,522.029236
86592,522.739868
86593,522.739868
86594,523.484436
86595,523.484497
86596,524.262451
86597,524.262512
86598,525.07312
86599,525.073181
86600,525.915649
86601,525.91571
86602,526.789246
86603,527.64563
86604,527.64563
86605,526.789246
86606,520.753235
86607,520.752808
86608,521.324585
86609,521.324219
86610,521.930664
86611,521.930481
86612,522.571594
86613,522.571472
86614,523.247131
86615,523.247131
86616,523.957092
86617,523.957092
86618,524.700989
86619,524.70105
86620,525.47821
86621,525.478271
86622,526.288086
86623,526.288147
86624,527.1297
86625,527.129761
86626,528.002197
86627,528.857422
86628,528.857422
86629,528.002197
86630,521.933655
86631,521.93335
86632,522.504639
86633,522.504517
86634,523.110413
86635,523.110352
86636,523.750854
86637,523.750793
86638,524.425842
86639,524.425842
86640,525.135193
86641,525.135193
86642,525.878418
86643,525.878479
86644,526.654968
86645,526.655029
86646,527.463989
86647,527.46405
86648,528.304688
86649,528.304688
86650,523.076904
86651,523.076965
86652,523.647705
86653,523.647766
86654,524.252991
86655,524.253052
86656,524.892944
86657,525.567383
86658,524.892944
86659,525.567383
86660,526.276184
86661,527.018799
86662,526.276184
86663,527.794617
86664,528.602844
86665,527.018799
86666,527.794617
86667,528.602844
86668,524.18512
86669,524.185303
86670,524.755554
86671,524.755615
86672,525.360352
86673,525.360291
86674,525.999756
86675,526.673706
86676,525.999634
86677,527.072937
86678,526.673645
86679,527.746399
86680,528.787354
86681,529.798096
86682,527.381897
86683,528.123901
86684,528.899048
86685,527.381897
86686,528.454102
86687,529.494507
86688,530.504639
86689,531.486084
86690,531.486084
86691,532.225708
86692,532.225647
86693,528.123901
86694,529.195557
86695,530.235291
86696,531.244812
86697,528.899048
86698,529.969971
86699,531.009094
86700,532.017944
86701,532.998108
86702,532.998108
86703,534.754761
86704,525.259888
86705,525.26001
86706,526.302795
86707,527.315186
86708,528.298767
86709,529.255005
86710,529.255066
86711,525.829834
86712,525.829712
86713,526.87207
86714,527.884216
86715,528.867493
86716,529.823364
86717,530.753174
86718,530.753174
86719,526.434143
86720,526.43396
86721,527.47583
86722,528.11438
86723,528.48761
86724,529.12561
86725,529.47052
86726,530.108093
86727,530.426025
86728,531.063171
86729,531.355469
86730,531.992188
86731,532.260132
86732,532.260132
86733,532.896423
86734,532.896423
86735,527.073059
86736,527.746521
86737,528.454163
86738,529.195557
86739,526.302795
86740,526.872131
86741,527.476013
86742,528.114502
86743,528.787476
86744,529.494629
86745,530.235352
86746,527.315186
86747,527.884155
86748,528.487671
86749,529.125732
86750,529.798218
86751,530.504761
86752,531.244873
86753,528.298767
86754,528.867432
86755,529.470581
86756,530.108154
86757,530.78009
86758,531.486084
86759,532.225586
86760,533.179016
86761,533.950867
86762,529.255005
86763,529.823364
86764,530.426025
86765,531.06311
86766,531.734558
86767,530.185303
86768,531.090698
86769,531.972473
86770,530.753235
86771,531.658264
86772,532.539673
86773,531.355408
86774,532.26001
86775,533.141174
86776,531.992004
86777,532.896179
86778,534.635193
86779,535.30481
86780,532.662903
86781,533.56665
86782,533.36792
86783,534.106445
86784,534.271179
86785,535.009094
86786,500.901428
86787,501.478363
86788,502.807526
86789,508.079132
86790,508.654022
86791,509.264069
86792,511.263245
86793,510.276123
86794,511.837433
86795,510.885834
86796,512.446777
86797,512.767456
86798,513.341431
86799,513.9505
86800,514.21759
86801,514.791382
86802,515.400085
86803,515.616821
86804,516.190247
86805,516.798401
86806,517.441406
86807,518.119202
86808,517.435303
86809,518.831665
86810,519.578308
86811,520.358643
86812,506.391174
86813,506.967102
86814,508.078827
86815,508.654236
86816,509.264557
86817,509.701965
86818,510.276764
86819,510.886505
86820,511.263977
86821,511.838287
86822,512.44751
86823,512.768433
86824,513.342346
86825,513.95105
86826,514.218689
86827,514.792114
86828,515.40033
86829,515.617615
86830,516.190552
86831,516.798218
86832,510.590729
86833,509.910034
86834,512.211487
86835,511.531403
86836,513.091858
86837,514.594849
86838,516.043518
86839,517.44104
86840,516.967651
86841,516.967957
86842,517.540588
86843,517.540344
86844,518.148132
86845,518.147705
86846,518.790527
86847,518.7901
86848,519.467712
86849,512.211426
86850,513.77124
86851,515.273621
86852,516.721863
86853,518.118835
86854,519.467407
86855,520.179504
86856,513.676025
86857,512.926392
86858,514.485596
86859,515.987366
86860,517.434937
86861,518.83136
86862,520.179382
86863,520.925476
86864,513.675964
86865,515.234436
86866,516.735535
86867,518.182434
86868,519.578186
86869,520.925415
86870,521.704956
86871,514.459656
86872,516.017273
86873,517.517578
86874,518.963684
86875,520.358582
86876,521.705017
86877,521.171936
86878,522.517334
86879,515.276917
86880,516.833557
86881,518.332886
86882,519.778015
86883,521.171936
86884,522.517456
86885,522.017456
86886,523.361877
86887,516.126953
86888,517.682434
86889,519.180603
86890,520.624695
86891,522.017517
86892,523.361938
86893,522.894409
86894,523.754578
86895,524.237671
86896,525.096497
86897,517.874939
86898,517.009155
86899,519.427551
86900,518.563293
86901,520.922974
86902,520.06012
86903,522.36438
86904,521.50293
86905,523.754639
86906,522.894531
86907,525.096619
86908,524.237793
86909,518.272461
86910,518.272217
86911,518.844788
86912,518.844299
86913,519.451721
86914,519.451294
86915,520.093628
86916,520.093323
86917,520.770264
86918,520.770142
86919,521.481445
86920,521.481384
86921,522.226685
86922,522.226685
86923,523.005432
86924,523.005493
86925,523.816956
86926,523.817017
86927,524.660461
86928,524.660522
86929,525.535156
86930,526.392761
86931,526.392761
86932,525.535217
86933,519.533569
86934,519.53302
86935,520.105286
86936,520.104858
86937,520.711792
86938,520.711548
86939,521.35321
86940,521.353088
86941,522.029297
86942,522.029297
86943,522.739868
86944,522.739868
86945,523.484436
86946,523.484497
86947,524.26239
86948,524.262512
86949,525.07312
86950,525.073181
86951,525.915649
86952,525.91571
86953,526.789246
86954,527.64563
86955,527.64563
86956,526.789246
86957,520.753113
86958,520.752686
86959,521.324524
86960,521.32428
86961,521.930664
86962,521.930603
86963,522.571594
86964,522.571594
86965,523.247131
86966,523.247131
86967,523.957031
86968,523.957092
86969,524.700928
86970,524.70105
86971,525.47821
86972,525.478271
86973,526.288086
86974,526.288147
86975,527.1297
86976,527.1297
86977,521.933533
86978,521.933472
86979,522.5047
86980,522.5047
86981,523.110474
86982,523.110474
86983,523.750793
86984,523.750854
86985,524.425781
86986,524.425842
86987,525.135132
86988,525.135193
86989,525.878418
86990,525.878479
86991,526.654968
86992,526.655029
86993,527.463989
86994,527.46405
86995,523.077026
86996,523.077148
86997,523.647827
86998,523.647827
86999,524.253052
87000,524.252991
87001,524.892883
87002,525.567322
87003,524.892883
87004,525.567383
87005,526.276123
87006,527.018799
87007,526.276184
87008,527.794617
87009,527.018799
87010,527.794617
87011,524.185364
87012,524.185425
87013,524.755615
87014,524.755554
87015,525.360291
87016,525.360229
87017,525.999695
87018,526.673645
87019,525.999634
87020,527.072876
87021,526.673645
87022,527.74646
87023,528.787354
87024,529.798035
87025,527.381897
87026,528.123901
87027,527.381958
87028,528.454163
87029,529.494507
87030,530.504639
87031,531.486023
87032,532.225586
87033,528.123901
87034,529.195557
87035,530.235352
87036,531.244812
87037,532.225586
87038,533.950928
87039,525.26001
87040,525.259888
87041,526.302612
87042,527.315186
87043,528.298889
87044,529.255066
87045,530.185242
87046,530.185303
87047,525.829773
87048,525.829529
87049,526.871826
87050,527.884094
87051,528.867493
87052,529.823364
87053,530.753174
87054,531.658264
87055,531.658264
87056,526.434082
87057,526.433899
87058,527.475769
87059,528.114319
87060,528.487427
87061,529.125549
87062,529.470398
87063,530.108032
87064,530.425964
87065,531.06311
87066,531.355469
87067,531.992188
87068,532.260132
87069,532.896423
87070,531.355469
87071,531.992188
87072,532.260132
87073,532.896362
87074,533.141174
87075,533.141174
87076,533.777039
87077,533.777039
87078,527.072998
87079,527.746521
87080,528.454163
87081,526.302734
87082,526.87207
87083,527.476013
87084,528.114502
87085,528.787476
87086,529.494568
87087,527.315125
87088,527.884155
87089,528.487671
87090,529.125732
87091,529.798157
87092,530.5047
87093,528.298767
87094,528.867493
87095,529.470581
87096,530.108093
87097,530.780029
87098,531.486023
87099,532.440002
87100,533.179016
87101,529.255066
87102,529.823364
87103,530.425964
87104,531.062988
87105,531.734436
87106,530.185303
87107,531.090698
87108,531.972473
87109,530.753113
87110,531.658142
87111,532.539673
87112,531.355225
87113,532.259827
87114,533.141052
87115,533.776917
87116,533.999756
87117,533.999756
87118,531.991821
87119,532.895996
87120,533.776794
87121,534.446899
87122,534.447021
87123,532.662903
87124,533.566589
87125,500.901611
87126,508.078827
87127,508.653717
87128,509.263947
87129,509.701263
87130,511.26297
87131,510.27594
87132,511.837372
87133,510.885773
87134,512.446838
87135,512.767334
87136,513.341492
87137,513.950684
87138,514.217773
87139,514.791626
87140,515.40033
87141,515.617126
87142,516.190552
87143,516.798523
87144,517.441467
87145,516.722229
87146,518.119202
87147,517.435303
87148,518.831665
87149,519.578308
87150,520.358582
87151,506.391479
87152,508.079132
87153,508.654358
87154,509.264587
87155,509.702057
87156,510.276764
87157,510.886475
87158,511.263977
87159,511.838257
87160,512.447449
87161,512.768433
87162,513.342285
87163,513.950928
87164,514.218689
87165,514.791931
87166,515.400085
87167,515.617493
87168,516.190247
87169,516.798035
87170,511.531311
87171,513.091736
87172,514.594666
87173,516.043396
87174,517.440979
87175,516.967957
87176,516.967651
87177,517.54071
87178,517.5401
87179,518.148132
87180,518.147644
87181,518.790527
87182,518.790161
87183,519.467712
87184,512.211304
87185,513.771118
87186,515.27356
87187,516.721802
87188,518.118896
87189,519.467529
87190,520.179504
87191,512.92627
87192,514.485474
87193,515.987305
87194,517.434998
87195,518.831482
87196,520.179443
87197,520.925415
87198,513.675903
87199,515.234375
87200,516.735535
87201,518.182495
87202,519.578247
87203,520.925476
87204,521.704895
87205,514.459656
87206,516.017334
87207,517.517639
87208,518.963745
87209,520.358643
87210,521.705017
87211,521.171875
87212,522.517334
87213,515.276917
87214,516.833557
87215,518.332886
87216,519.778076
87217,521.171997
87218,522.517456
87219,522.017456
87220,523.361877
87221,516.126953
87222,517.682495
87223,519.180664
87224,520.624695
87225,522.017517
87226,523.361938
87227,521.502808
87228,522.364258
87229,522.894409
87230,523.754578
87231,524.237671
87232,525.096497
87233,517.875
87234,517.009155
87235,519.427612
87236,518.563293
87237,520.923035
87238,520.060181
87239,522.36438
87240,521.50293
87241,523.754639
87242,522.894531
87243,525.096558
87244,524.237732
87245,518.272583
87246,518.271912
87247,518.844727
87248,518.844177
87249,519.451721
87250,519.451355
87251,520.093628
87252,520.093445
87253,520.770264
87254,520.770203
87255,521.481384
87256,521.481445
87257,522.226624
87258,522.226746
87259,523.005371
87260,523.005493
87261,523.816956
87262,523.817017
87263,524.660461
87264,524.660522
87265,525.535156
87266,526.392761
87267,526.392761
87268,525.535156
87269,519.533447
87270,519.532898
87271,520.105225
87272,520.104919
87273,520.711853
87274,520.71167
87275,521.35321
87276,521.353149
87277,522.029297
87278,522.029297
87279,522.739807
87280,522.739929
87281,523.484375
87282,523.484497
87283,524.26239
87284,524.262512
87285,525.07312
87286,525.073181
87287,525.91571
87288,525.91571
87289,520.753052
87290,520.752808
87291,521.324585
87292,521.324463
87293,521.930725
87294,521.930725
87295,522.571594
87296,522.571594
87297,523.24707
87298,523.247131
87299,523.957031
87300,523.957092
87301,524.700928
87302,524.70105
87303,525.47821
87304,525.478271
87305,526.288086
87306,526.288147
87307,521.933655
87308,521.933655
87309,522.504822
87310,522.504822
87311,523.110474
87312,523.110474
87313,523.750732
87314,523.750793
87315,524.42572
87316,524.425842
87317,525.135132
87318,525.135193
87319,525.878418
87320,525.878479
87321,526.654968
87322,526.654968
87323,523.077209
87324,523.077271
87325,523.647827
87326,523.647827
87327,524.252991
87328,524.25293
87329,524.892822
87330,525.567322
87331,524.892822
87332,525.567383
87333,526.276184
87334,527.018799
87335,526.276184
87336,527.018799
87337,524.185425
87338,524.185364
87339,524.755554
87340,524.755371
87341,525.360229
87342,525.360168
87343,525.999634
87344,526.673706
87345,525.999634
87346,527.072937
87347,530.78009
87348,530.780029
87349,526.673706
87350,527.746521
87351,528.787354
87352,529.797974
87353,530.779907
87354,527.381958
87355,527.381958
87356,528.454163
87357,529.494568
87358,530.504639
87359,531.485962
87360,532.440002
87361,532.440063
87362,533.179077
87363,533.179016
87364,525.259949
87365,525.259644
87366,526.302307
87367,527.315002
87368,528.298828
87369,529.255127
87370,530.185303
87371,531.090637
87372,531.090698
87373,525.829651
87374,525.829468
87375,526.871765
87376,527.88385
87377,528.86731
87378,529.823303
87379,530.753235
87380,531.658264
87381,530.753235
87382,531.658264
87383,532.539673
87384,532.539673
87385,526.434021
87386,526.43396
87387,527.47583
87388,528.11438
87389,528.487366
87390,529.125488
87391,529.470215
87392,530.10791
87393,530.425842
87394,531.062988
87395,531.355408
87396,531.992126
87397,532.260132
87398,532.896362
87399,533.141174
87400,533.777039
87401,527.073059
87402,527.746521
87403,526.302612
87404,526.872009
87405,527.476013
87406,528.114563
87407,528.787476
87408,527.315063
87409,527.884155
87410,528.487732
87411,529.125732
87412,529.798096
87413,528.298767
87414,528.867493
87415,529.47052
87416,530.108032
87417,530.779907
87418,532.439941
87419,529.255127
87420,529.823303
87421,530.425842
87422,531.062866
87423,531.734375
87424,530.185242
87425,531.090637
87426,531.972534
87427,530.75293
87428,531.657898
87429,532.539612
87430,533.398682
87431,533.398682
87432,531.355042
87433,532.259644
87434,533.140869
87435,533.999634
87436,534.635132
87437,531.99176
87438,532.895935
87439,533.776611
87440,534.446777
87441,508.078461
87442,508.653595
87443,509.263916
87444,509.70105
87445,511.262878
87446,510.275879
87447,511.837433
87448,510.885834
87449,512.447021
87450,512.767456
87451,513.341797
87452,513.950928
87453,514.218079
87454,514.791931
87455,515.400452
87456,515.617493
87457,516.190674
87458,516.798584
87459,516.043884
87460,517.441467
87461,516.722229
87462,518.119202
87463,515.987671
87464,517.435303
87465,518.831604
87466,519.578247
87467,518.963745
87468,520.358521
87469,508.079254
87470,508.654388
87471,509.264557
87472,509.702057
87473,510.276764
87474,510.886383
87475,511.263977
87476,511.838196
87477,512.447266
87478,512.768433
87479,513.342041
87480,513.950684
87481,514.218445
87482,514.791626
87483,515.399902
87484,515.617126
87485,516.190002
87486,516.797974
87487,511.531189
87488,513.091553
87489,514.594482
87490,516.043335
87491,517.44104
87492,516.968079
87493,516.967346
87494,517.54071
87495,517.540039
87496,518.148132
87497,518.147705
87498,518.790527
87499,518.790283
87500,519.467712
87501,512.211182
87502,513.770996
87503,515.273499
87504,516.721863
87505,518.118958
87506,519.46759
87507,520.179443
87508,512.926208
87509,514.485474
87510,515.987366
87511,517.435059
87512,518.831543
87513,520.179504
87514,520.925354
87515,513.675903
87516,515.234436
87517,516.735596
87518,518.182556
87519,519.578308
87520,520.925476
87521,521.704895
87522,514.459656
87523,516.017395
87524,517.5177
87525,518.963806
87526,520.358643
87527,521.705017
87528,521.171875
87529,522.517334
87530,515.276978
87531,516.833618
87532,518.332947
87533,519.778076
87534,521.171997
87535,522.517456
87536,520.624573
87537,522.017395
87538,523.361877
87539,516.127014
87540,517.682495
87541,519.180664
87542,520.624695
87543,522.017517
87544,523.361938
87545,520.060059
87546,520.922913
87547,521.502808
87548,522.364258
87549,522.894409
87550,523.754578
87551,524.237732
87552,525.096558
87553,516.261719
87554,515.394348
87555,517.875
87556,517.009216
87557,519.427612
87558,518.563354
87559,520.923035
87560,520.060181
87561,522.36438
87562,521.50293
87563,523.754639
87564,522.894531
87565,525.096558
87566,524.237732
87567,518.272522
87568,518.27179
87569,518.844727
87570,518.844299
87571,519.451721
87572,519.451538
87573,520.093628
87574,520.093567
87575,520.770203
87576,520.770264
87577,521.481323
87578,521.481445
87579,522.226562
87580,522.226746
87581,523.005371
87582,523.005493
87583,523.816956
87584,523.817017
87585,524.660522
87586,524.660522
87587,519.533325
87588,519.53302
87589,520.105286
87590,520.105103
87591,520.711853
87592,520.711792
87593,521.353149
87594,521.35321
87595,522.029236
87596,522.029358
87597,522.739746
87598,522.739929
87599,523.484375
87600,523.484497
87601,524.26239
87602,524.262451
87603,525.07312
87604,525.07312
87605,520.753113
87606,520.753052
87607,521.324646
87608,521.324646
87609,521.930725
87610,521.930725
87611,522.571472
87612,522.571594
87613,523.247009
87614,523.247131
87615,523.95697
87616,523.957092
87617,524.700928
87618,524.70105
87619,525.478271
87620,525.478271
87621,521.933838
87622,521.933838
87623,522.504822
87624,522.504822
87625,523.110352
87626,523.110413
87627,523.750671
87628,523.750793
87629,524.42572
87630,524.425842
87631,525.135132
87632,525.135254
87633,525.878479
87634,525.878479
87635,523.077271
87636,523.077209
87637,523.647766
87638,523.647705
87639,524.252869
87640,524.252869
87641,524.892822
87642,525.567322
87643,524.892883
87644,525.567383
87645,526.276184
87646,526.276184
87647,524.185303
87648,524.18512
87649,524.755432
87650,524.75531
87651,525.360168
87652,525.360229
87653,525.999695
87654,526.673706
87655,525.999756
87656,527.072998
87657,531.734619
87658,531.734558
87659,526.673706
87660,527.746521
87661,528.787415
87662,529.798035
87663,530.779907
87664,531.734436
87665,525.259827
87666,525.259521
87667,526.302185
87668,527.314697
87669,528.298584
87670,529.255066
87671,530.185303
87672,531.090698
87673,530.185303
87674,531.090698
87675,531.972473
87676,531.972473
87677,525.829651
87678,525.829529
87679,526.871826
87680,527.883728
87681,528.867065
87682,529.82312
87683,530.753113
87684,531.658264
87685,532.539673
87686,526.434082
87687,526.434082
87688,527.475952
87689,528.114441
87690,528.487427
87691,529.125549
87692,529.470154
87693,530.107849
87694,530.425659
87695,531.062866
87696,531.355225
87697,531.992004
87698,532.26001
87699,532.896301
87700,527.073059
87701,526.302551
87702,526.87207
87703,527.476074
87704,528.114563
87705,527.315125
87706,527.884216
87707,528.487671
87708,529.12561
87709,528.298889
87710,528.867493
87711,529.470398
87712,530.10791
87713,529.255066
87714,529.82312
87715,530.425659
87716,531.062805
87717,530.184998
87718,531.090332
87719,531.972412
87720,532.831848
87721,532.831848
87722,530.752625
87723,531.657654
87724,532.539368
87725,533.39856
87726,531.354919
87727,532.259521
87728,533.140686
87729,533.999451
87730,534.634949
87731,533.77655
87732,534.446777
87733,508.078308
87734,508.653564
87735,509.263947
87736,509.701019
87737,511.26297
87738,510.27594
87739,511.837646
87740,510.885986
87741,512.447266
87742,512.767761
87743,513.342041
87744,513.95105
87745,514.218445
87746,514.792114
87747,515.400513
87748,515.617615
87749,516.190674
87750,516.798584
87751,516.043884
87752,517.441467
87753,515.273987
87754,516.722229
87755,518.119202
87756,515.987671
87757,517.435242
87758,518.831543
87759,518.182556
87760,519.578186
87761,518.963684
87762,520.358521
87763,507.578125
87764,508.079285
87765,508.654358
87766,509.264465
87767,509.702057
87768,510.276642
87769,510.8862
87770,511.263916
87771,511.837952
87772,512.447021
87773,512.768188
87774,513.341797
87775,513.9505
87776,514.218079
87777,514.791382
87778,515.399841
87779,515.616821
87780,516.189941
87781,516.798035
87782,511.531006
87783,513.091431
87784,514.594482
87785,516.043396
87786,517.441162
87787,516.968018
87788,516.967224
87789,517.540649
87790,517.5401
87791,518.148132
87792,518.147827
87793,518.790466
87794,518.790405
87795,519.46759
87796,512.21106
87797,513.770996
87798,515.27356
87799,516.721924
87800,518.11908
87801,519.467712
87802,520.179382
87803,512.926208
87804,514.485474
87805,515.987427
87806,517.435181
87807,518.831604
87808,520.179504
87809,520.925293
87810,513.675903
87811,515.234497
87812,516.735657
87813,518.182617
87814,519.578308
87815,520.925476
87816,521.704834
87817,514.459717
87818,516.017456
87819,517.517761
87820,518.963806
87821,520.358643
87822,521.705017
87823,519.777954
87824,521.171814
87825,522.517334
87826,515.276978
87827,516.833679
87828,518.333008
87829,519.778076
87830,521.171997
87831,522.517395
87832,519.180542
87833,520.624573
87834,522.017456
87835,523.361877
87836,514.510803
87837,516.127075
87838,517.682556
87839,519.180725
87840,520.624695
87841,522.017517
87842,523.361938
87843,518.563232
87844,519.427551
87845,519.427551
87846,518.563232
87847,520.060059
87848,520.922913
87849,521.502808
87850,522.364258
87851,522.89447
87852,523.754578
87853,516.26178
87854,515.394409
87855,517.875
87856,517.009216
87857,519.427612
87858,518.563354
87859,520.923035
87860,520.060181
87861,522.36438
87862,521.502869
87863,523.754578
87864,522.89447
87865,518.2724
87866,518.271912
87867,518.844727
87868,518.844482
87869,519.451782
87870,519.45166
87871,520.093567
87872,520.093628
87873,520.770142
87874,520.770264
87875,521.481262
87876,521.481445
87877,522.226562
87878,522.226746
87879,523.005371
87880,523.005493
87881,523.816956
87882,523.817017
87883,519.533447
87884,519.533264
87885,520.105347
87886,520.105286
87887,520.711792
87888,520.711853
87889,521.353088
87890,521.35321
87891,522.029175
87892,522.029297
87893,522.739746
87894,522.739929
87895,523.484375
87896,523.484497
87897,524.262451
87898,524.262451
87899,520.753235
87900,520.753235
87901,521.324646
87902,521.324646
87903,521.930603
87904,521.930664
87905,522.571411
87906,522.571533
87907,523.247009
87908,523.247131
87909,523.957031
87910,523.957092
87911,524.700989
87912,524.700989
87913,521.933838
87914,521.933838
87915,522.5047
87916,522.5047
87917,523.110229
87918,523.110352
87919,523.750671
87920,523.750793
87921,524.42572
87922,524.425842
87923,525.135193
87924,525.135193
87925,523.077148
87926,523.077026
87927,523.647644
87928,523.647644
87929,524.252808
87930,524.25293
87931,524.892822
87932,525.567383
87933,524.892944
87934,525.567444
87935,524.18512
87936,524.184998
87937,524.755371
87938,524.755371
87939,525.360229
87940,525.360291
87941,525.999756
87942,525.999756
87943,527.073059
87944,525.259766
87945,525.259644
87946,526.302307
87947,527.314514
87948,528.298279
87949,529.254822
87950,530.185242
87951,531.090698
87952,531.972534
87953,525.829651
87954,525.829712
87955,526.87207
87956,527.88385
87957,528.866943
87958,529.822876
87959,530.75293
87960,531.658142
87961,526.434143
87962,526.434143
87963,527.476074
87964,528.48761
87965,529.470215
87966,530.425537
87967,531.355042
87968,531.991821
87969,532.259827
87970,532.896179
87971,533.141052
87972,533.141174
87973,533.777039
87974,533.776917
87975,526.302612
87976,526.872131
87977,527.315186
87978,527.884216
87979,528.298828
87980,528.86731
87981,529.254822
87982,529.822876
87983,530.18457
87984,531.089905
87985,531.972107
87986,532.831726
87987,530.752502
87988,531.657471
87989,532.539062
87990,533.398315
87991,532.259644
87992,532.895996
87993,533.140564
87994,533.999268
87995,534.634827
87996,508.078308
87997,508.653595
87998,509.264069
87999,509.70105
88000,511.263245
88001,510.276123
88002,511.837952
88003,510.8862
88004,512.447449
88005,512.768188
88006,513.342285
88007,513.951172
88008,514.218689
88009,514.792175
88010,515.400513
88011,515.617615
88012,516.190674
88013,516.798584
88014,514.595032
88015,516.043884
88016,517.441406
88017,515.273926
88018,516.722168
88019,518.11908
88020,515.98761
88021,517.435181
88022,518.831482
88023,518.182495
88024,519.578125
88025,517.517639
88026,518.963623
88027,520.358459
88028,506.967468
88029,507.578003
88030,508.079254
88031,508.654236
88032,509.264282
88033,509.701965
88034,510.276398
88035,510.885986
88036,511.263641
88037,511.837646
88038,512.446838
88039,512.767761
88040,513.341492
88041,513.950439
88042,514.217773
88043,514.791321
88044,515.399902
88045,515.616699
88046,516.190002
88047,516.798218
88048,511.530884
88049,513.09137
88050,514.594482
88051,516.043518
88052,517.441284
88053,516.967957
88054,516.967346
88055,517.54071
88056,517.540344
88057,518.148132
88058,518.14801
88059,518.790405
88060,518.790466
88061,519.467529
88062,512.21106
88063,513.770996
88064,515.273621
88065,516.722046
88066,518.119202
88067,519.467712
88068,520.179321
88069,512.926208
88070,514.485596
88071,515.987549
88072,517.435242
88073,518.831665
88074,520.179504
88075,520.925293
88076,513.675964
88077,515.234558
88078,516.735718
88079,518.182678
88080,519.578308
88081,520.925476
88082,521.704895
88083,514.459778
88084,516.017456
88085,517.517761
88086,518.963867
88087,520.358643
88088,521.705017
88089,518.332825
88090,519.777954
88091,521.171875
88092,522.517334
88093,513.659607
88094,515.277039
88095,516.833679
88096,518.333008
88097,519.778076
88098,521.171936
88099,522.517395
88100,517.682434
88101,519.180542
88102,520.624573
88103,522.017456
88104,514.510864
88105,516.127075
88106,517.682556
88107,519.180664
88108,520.624695
88109,522.017517
88110,517.009094
88111,517.874939
88112,517.874939
88113,517.009155
88114,518.563232
88115,519.42749
88116,519.427551
88117,518.563293
88118,520.060059
88119,520.922913
88120,521.502808
88121,522.364319
88122,514.584229
88123,513.715271
88124,516.26178
88125,515.394409
88126,517.875061
88127,517.009216
88128,519.427612
88129,518.563354
88130,520.922974
88131,520.06012
88132,522.364319
88133,521.502869
88134,518.272522
88135,518.272217
88136,518.844788
88137,518.844727
88138,519.45166
88139,519.451782
88140,520.093445
88141,520.093628
88142,520.77002
88143,520.770264
88144,521.481262
88145,521.481445
88146,522.226562
88147,522.226685
88148,523.005432
88149,523.005432
88150,519.533569
88151,519.533508
88152,520.105286
88153,520.105347
88154,520.71167
88155,520.711853
88156,521.352966
88157,521.35321
88158,522.029114
88159,522.029358
88160,522.739746
88161,522.739868
88162,523.484436
88163,523.484436
88164,520.753235
88165,520.753235
88166,521.324463
88167,521.324585
88168,521.930481
88169,521.930664
88170,522.57135
88171,522.571594
88172,523.247009
88173,523.247131
88174,523.957031
88175,523.957092
88176,521.933655
88177,521.933655
88178,522.504517
88179,522.504639
88180,523.110229
88181,523.110413
88182,523.750671
88183,523.750854
88184,524.425781
88185,524.425842
88186,523.076965
88187,523.076904
88188,523.647583
88189,523.647705
88190,524.252869
88191,524.252991
88192,524.892883
88193,524.892944
88194,524.185059
88195,524.18512
88196,524.755432
88197,524.755554
88198,525.360291
88199,525.360352
88200,525.259827
88201,525.259888
88202,526.302612
88203,527.314697
88204,528.298096
88205,529.254456
88206,530.184998
88207,531.090637
88208,525.829773
88209,525.829834
88210,526.872192
88211,527.884094
88212,528.867065
88213,529.822754
88214,530.752625
88215,531.657898
88216,532.539612
88217,532.539673
88218,533.140869
88219,533.776794
88220,526.302734
88221,527.315186
88222,528.298584
88223,529.254456
88224,530.184387
88225,531.089722
88226,531.971741
88227,532.831421
88228,531.657654
88229,532.53894
88230,533.39801
88231,533.140686
88232,533.776611
88233,508.078308
88234,508.653717
88235,509.264282
88236,509.701263
88237,511.263641
88238,510.276398
88239,511.838196
88240,510.886383
88241,512.44751
88242,512.768433
88243,513.342346
88244,513.951172
88245,514.218689
88246,514.792114
88247,515.400513
88248,515.617554
88249,516.190674
88250,516.798523
88251,514.595032
88252,516.043823
88253,517.441284
88254,515.273865
88255,516.722046
88256,518.118958
88257,514.485779
88258,515.987549
88259,517.435059
88260,518.83136
88261,516.735596
88262,518.182434
88263,519.578064
88264,516.017395
88265,517.517578
88266,518.963623
88267,520.358521
88268,506.391937
88269,506.967316
88270,507.57782
88271,508.079132
88272,508.654022
88273,509.264069
88274,509.70166
88275,510.276123
88276,510.885834
88277,511.263245
88278,511.837433
88279,512.446777
88280,512.767456
88281,513.341431
88282,513.9505
88283,514.21759
88284,514.791382
88285,515.400085
88286,515.616821
88287,516.190247
88288,516.798401
88289,511.530853
88290,513.091431
88291,514.594666
88292,516.043701
88293,517.441406
88294,516.968018
88295,516.967651
88296,517.54071
88297,517.540588
88298,518.14801
88299,518.148132
88300,518.790283
88301,518.790527
88302,519.467407
88303,512.21106
88304,513.771118
88305,515.273804
88306,516.722168
88307,518.119202
88308,519.467712
88309,520.17926
88310,512.92627
88311,514.485657
88312,515.98761
88313,517.435303
88314,518.831665
88315,520.179504
88316,520.925293
88317,513.676025
88318,515.234619
88319,516.735779
88320,518.182678
88321,519.578308
88322,520.925476
88323,521.704895
88324,512.84137
88325,514.459839
88326,516.017517
88327,517.517761
88328,518.963806
88329,520.358643
88330,521.704956
88331,516.833557
88332,518.332825
88333,519.777954
88334,521.171875
88335,513.659607
88336,515.2771
88337,516.83374
88338,518.333008
88339,519.778076
88340,521.171936
88341,516.126953
88342,516.126953
88343,517.682434
88344,519.180542
88345,520.624634
88346,512.8302
88347,514.510864
88348,516.127075
88349,517.682556
88350,519.180664
88351,520.624634
88352,515.394287
88353,516.261658
88354,516.261719
88355,515.394348
88356,517.009094
88357,517.874939
88358,517.875
88359,517.009155
88360,518.563232
88361,519.427551
88362,519.427612
88363,518.563293
88364,520.060059
88365,520.922913
88366,514.58429
88367,513.715271
88368,516.26178
88369,515.394409
88370,517.875
88371,517.009216
88372,519.427612
88373,518.563293
88374,520.922974
88375,520.06012
88376,518.272583
88377,518.272461
88378,518.844727
88379,518.844788
88380,519.451538
88381,519.451721
88382,520.093323
88383,520.093628
88384,520.77002
88385,520.770264
88386,521.481262
88387,521.481445
88388,522.226624
88389,522.226685
88390,519.533508
88391,519.533569
88392,520.105103
88393,520.105286
88394,520.711548
88395,520.711792
88396,521.352966
88397,521.35321
88398,522.029175
88399,522.029297
88400,522.739807
88401,522.739868
88402,520.753052
88403,520.753113
88404,521.32428
88405,521.324524
88406,521.93042
88407,521.930664
88408,522.571411
88409,522.571594
88410,523.24707
88411,523.247131
88412,521.933472
88413,521.933533
88414,522.504456
88415,522.5047
88416,523.110229
88417,523.110474
88418,523.750732
88419,523.750793
88420,523.076843
88421,523.077026
88422,523.647644
88423,523.647827
88424,524.252991
88425,524.253052
88426,524.18512
88427,524.185364
88428,524.755554
88429,524.755615
88430,525.259949
88431,525.26001
88432,526.302795
88433,527.315002
88434,528.298279
88435,529.254272
88436,530.18457
88437,531.090332
88438,531.972412
88439,531.972534
88440,532.539368
88441,531.089905
88442,531.971497
88443,532.831055
88444,532.539062
88445,508.078461
88446,508.654022
88447,509.264465
88448,509.70166
88449,511.263916
88450,510.276642
88451,511.838257
88452,510.886475
88453,512.447571
88454,512.768433
88455,513.342346
88456,513.951172
88457,514.218628
88458,514.792175
88459,515.400452
88460,515.617615
88461,516.190674
88462,516.798401
88463,514.594971
88464,516.043701
88465,517.441162
88466,515.273804
88467,516.721924
88468,518.118896
88469,512.926453
88470,514.485657
88471,515.987427
88472,517.434998
88473,518.83136
88474,515.234497
88475,516.735535
88476,518.182434
88477,519.578125
88478,514.459717
88479,515.276978
88480,515.276978
88481,514.459778
88482,516.017334
88483,517.517578
88484,518.963623
88485,520.358521
88486,506.391785
88487,506.967102
88488,505.822906
88489,507.577637
88490,508.078827
88491,508.653717
88492,509.263947
88493,509.701263
88494,510.27594
88495,510.885773
88496,511.26297
88497,511.837372
88498,512.446838
88499,512.767334
88500,513.341492
88501,513.950684
88502,514.217773
88503,514.791626
88504,515.40033
88505,515.617126
88506,516.190552
88507,516.798523
88508,511.530884
88509,513.091553
88510,514.594849
88511,516.043823
88512,517.441467
88513,516.968079
88514,516.967957
88515,517.540588
88516,517.54071
88517,518.147827
88518,518.148132
88519,518.790161
88520,518.790527
88521,519.467407
88522,512.211182
88523,513.77124
88524,515.273865
88525,516.722229
88526,518.119202
88527,519.467712
88528,520.179321
88529,511.306183
88530,512.926392
88531,514.485779
88532,515.987671
88533,517.435303
88534,518.831665
88535,520.179504
88536,520.925354
88537,512.056702
88538,513.676147
88539,515.23468
88540,516.735779
88541,518.182678
88542,519.578308
88543,520.925415
88544,512.84137
88545,514.4599
88546,516.017517
88547,517.517761
88548,518.963806
88549,520.358582
88550,515.276917
88551,516.833557
88552,518.332825
88553,519.777954
88554,511.977783
88555,513.659668
88556,515.2771
88557,516.833679
88558,518.332947
88559,519.778015
88560,514.510742
88561,514.510742
88562,516.126953
88563,516.127014
88564,517.682434
88565,519.180603
88566,512.830261
88567,514.510864
88568,516.127075
88569,517.682495
88570,519.180603
88571,513.715149
88572,514.584167
88573,514.584167
88574,513.71521
88575,515.394287
88576,516.261658
88577,516.261719
88578,515.394348
88579,517.009094
88580,517.874939
88581,518.563232
88582,519.427551
88583,514.58429
88584,513.715271
88585,516.26178
88586,515.394409
88587,517.875
88588,517.009216
88589,519.427551
88590,518.563293
88591,518.272461
88592,518.272583
88593,518.844482
88594,518.844727
88595,519.451355
88596,519.451721
88597,520.093262
88598,520.093628
88599,520.77002
88600,520.770264
88601,521.481323
88602,521.481384
88603,519.533264
88604,519.533447
88605,520.104919
88606,520.105225
88607,520.711487
88608,520.711853
88609,521.352966
88610,521.35321
88611,522.029236
88612,522.029297
88613,520.752808
88614,520.753052
88615,521.324219
88616,521.324585
88617,521.930481
88618,521.930725
88619,522.571472
88620,522.571594
88621,521.93335
88622,521.933655
88623,522.504517
88624,522.504822
88625,523.110352
88626,523.110474
88627,523.076965
88628,523.077209
88629,523.647766
88630,523.647827
88631,524.185303
88632,524.185425
88633,531.972107
88634,531.971741
88635,508.078827
88636,508.654236
88637,509.264557
88638,509.701965
88639,511.263977
88640,510.276764
88641,511.838287
88642,510.886505
88643,512.44751
88644,512.768433
88645,513.342346
88646,513.95105
88647,514.218689
88648,514.792114
88649,515.40033
88650,515.617615
88651,516.190552
88652,516.798218
88653,514.594849
88654,516.043518
88655,517.44104
88656,513.77124
88657,515.273621
88658,516.721863
88659,518.118835
88660,512.926392
88661,513.676025
88662,514.485596
88663,515.987366
88664,517.434937
88665,518.83136
88666,513.675964
88667,515.234436
88668,516.735535
88669,518.182434
88670,519.578186
88671,514.459656
88672,516.017273
88673,517.517578
88674,518.963684
88675,506.391479
88676,505.2117
88677,506.966858
88678,503.995209
88679,505.822754
88680,507.577545
88681,508.078461
88682,508.653595
88683,509.263916
88684,509.70105
88685,510.275879
88686,510.885834
88687,511.262878
88688,511.837433
88689,512.447021
88690,512.767456
88691,513.341797
88692,513.950928
88693,514.218079
88694,514.791931
88695,515.400452
88696,515.617493
88697,516.190674
88698,516.798584
88699,511.531006
88700,513.091736
88701,514.594971
88702,516.043884
88703,517.441467
88704,516.967957
88705,516.968079
88706,517.540344
88707,517.54071
88708,518.147705
88709,518.148132
88710,518.7901
88711,518.790527
88712,519.467407
88713,510.590393
88714,512.211304
88715,513.771362
88716,515.273926
88717,516.722229
88718,518.119202
88719,519.467712
88720,520.179382
88721,511.306274
88722,512.926453
88723,514.48584
88724,515.987671
88725,517.435303
88726,518.831604
88727,520.179443
88728,512.056763
88729,513.676147
88730,515.23468
88731,516.735779
88732,518.182617
88733,519.578247
88734,511.158478
88735,512.841431
88736,514.4599
88737,516.017517
88738,517.517761
88739,518.963745
88740,513.659485
88741,515.276917
88742,516.833557
88743,518.332886
88744,511.977783
88745,513.659668
88746,515.2771
88747,516.833679
88748,518.332886
88749,512.830139
88750,512.830139
88751,514.510742
88752,514.510803
88753,516.126953
88754,517.682434
88755,512.830261
88756,514.510864
88757,516.127075
88758,517.682495
88759,511.967712
88760,512.83844
88761,512.83844
88762,511.967743
88763,513.715149
88764,514.584167
88765,515.394287
88766,516.261658
88767,517.009155
88768,517.874939
88769,514.58429
88770,513.715271
88771,516.26178
88772,515.394409
88773,517.875
88774,517.009155
88775,518.272217
88776,518.272522
88777,518.844299
88778,518.844727
88779,519.451294
88780,519.451721
88781,520.093323
88782,520.093628
88783,520.770142
88784,520.770203
88785,519.53302
88786,519.533325
88787,520.104858
88788,520.105286
88789,520.711548
88790,520.711853
88791,521.353088
88792,521.353149
88793,520.752686
88794,520.753113
88795,521.32428
88796,521.324646
88797,521.930603
88798,521.930725
88799,521.933472
88800,521.933838
88801,522.5047
88802,522.504822
88803,523.077148
88804,523.077271
88805,508.079132
88806,508.654358
88807,509.264587
88808,509.702057
88809,511.263977
88810,510.276764
88811,511.838257
88812,510.886475
88813,512.447449
88814,512.768433
88815,513.342285
88816,513.950928
88817,514.218689
88818,514.791931
88819,515.400085
88820,515.617493
88821,516.190247
88822,516.798035
88823,513.091736
88824,514.594666
88825,516.043396
88826,517.440979
88827,512.211304
88828,513.771118
88829,515.27356
88830,516.721802
88831,518.118896
88832,512.92627
88833,514.485474
88834,515.987305
88835,517.434998
88836,518.831482
88837,513.675903
88838,515.234375
88839,516.735535
88840,518.182495
88841,512.841248
88842,514.459656
88843,516.017334
88844,517.517639
88845,504.635681
88846,506.391174
88847,503.383545
88848,505.211517
88849,506.966766
88850,503.995117
88851,505.822723
88852,507.577545
88853,508.078308
88854,508.653564
88855,509.263947
88856,509.701019
88857,510.27594
88858,510.885986
88859,511.26297
88860,511.837646
88861,512.447266
88862,512.767761
88863,513.342041
88864,513.95105
88865,514.218445
88866,514.792114
88867,515.400513
88868,515.617615
88869,516.190674
88870,516.798584
88871,509.909607
88872,511.531189
88873,513.091858
88874,514.595032
88875,516.043884
88876,517.441467
88877,516.967651
88878,516.968018
88879,517.5401
88880,517.540649
88881,518.147644
88882,518.148132
88883,518.790161
88884,518.790466
88885,519.467529
88886,508.90509
88887,510.590515
88888,512.211426
88889,513.771423
88890,515.273987
88891,516.722229
88892,518.119202
88893,519.46759
88894,511.306366
88895,512.926514
88896,514.48584
88897,515.987671
88898,517.435242
88899,518.831543
88900,510.372955
88901,512.056824
88902,513.676208
88903,515.23468
88904,516.735718
88905,518.182556
88906,511.158508
88907,512.841431
88908,514.4599
88909,516.017456
88910,517.5177
88911,511.977661
88912,513.659485
88913,515.276917
88914,516.833557
88915,511.977814
88916,513.659668
88917,515.277039
88918,516.833618
88919,511.081177
88920,511.081207
88921,512.830139
88922,514.510742
88923,516.126953
88924,512.830261
88925,514.510864
88926,516.127014
88927,511.967712
88928,512.83844
88929,513.715149
88930,514.584167
88931,515.394348
88932,516.261719
88933,514.584229
88934,513.715271
88935,516.261719
88936,515.394348
88937,518.271912
88938,518.2724
88939,518.844177
88940,518.844727
88941,519.451355
88942,519.451782
88943,520.093445
88944,520.093567
88945,519.532898
88946,519.533447
88947,520.104919
88948,520.105347
88949,520.71167
88950,520.711792
88951,520.752808
88952,520.753235
88953,521.324463
88954,521.324646
88955,521.933655
88956,521.933838
88957,507.578156
88958,508.079254
88959,508.654388
88960,509.264557
88961,509.702057
88962,511.263977
88963,510.276764
88964,511.838196
88965,510.886383
88966,512.447266
88967,512.768433
88968,513.342041
88969,513.950684
88970,514.218445
88971,514.791626
88972,515.399902
88973,515.617126
88974,516.190002
88975,516.797974
88976,511.531189
88977,513.091553
88978,514.594482
88979,516.043335
88980,517.44104
88981,512.211182
88982,513.770996
88983,515.273499
88984,516.721863
88985,518.118958
88986,512.926208
88987,514.485474
88988,515.987366
88989,517.435059
88990,513.675903
88991,515.234436
88992,516.735596
88993,511.158356
88994,512.841248
88995,514.459656
88996,516.017395
88997,502.807098
88998,504.635406
88999,506.391083
89000,503.383423
89001,505.211487
89002,506.966766
89003,503.995117
89004,505.822723
89005,507.577545
89006,508.078308
89007,508.653595
89008,509.264069
89009,509.70105
89010,510.276123
89011,510.8862
89012,511.263245
89013,511.837952
89014,512.447449
89015,512.768188
89016,513.342285
89017,513.951172
89018,514.218689
89019,514.792175
89020,515.400513
89021,515.617615
89022,516.190674
89023,516.798584
89024,508.223724
89025,509.90979
89026,511.531311
89027,513.091919
89028,514.595032
89029,516.043884
89030,517.441406
89031,516.967346
89032,516.967957
89033,517.540039
89034,517.54071
89035,518.147705
89036,518.148132
89037,518.790283
89038,518.790405
89039,510.590637
89040,512.211487
89041,513.771484
89042,515.273926
89043,516.722168
89044,518.11908
89045,509.621735
89046,511.306427
89047,512.926575
89048,514.48584
89049,515.98761
89050,517.435181
89051,510.372986
89052,512.056824
89053,513.676147
89054,515.234619
89055,516.735657
89056,511.158508
89057,512.841431
89058,514.459839
89059,516.017456
89060,511.977661
89061,513.659485
89062,515.276978
89063,511.977783
89064,513.659607
89065,515.276978
89066,511.081177
89067,512.830139
89068,514.510742
89069,512.8302
89070,514.510803
89071,511.967712
89072,512.83844
89073,513.71521
89074,514.584167
89075,514.584229
89076,513.71521
89077,518.27179
89078,518.272522
89079,518.844299
89080,518.844788
89081,519.451538
89082,519.45166
89083,519.53302
89084,519.533569
89085,520.105103
89086,520.105286
89087,520.753052
89088,520.753235
89089,506.967499
89090,507.578125
89091,508.079285
89092,508.654358
89093,509.702057
89094,511.263916
89095,510.276642
89096,511.837952
89097,510.8862
89098,512.447021
89099,512.768188
89100,513.341797
89101,513.9505
89102,514.218079
89103,514.791382
89104,515.399841
89105,515.616821
89106,516.189941
89107,516.798035
89108,511.531006
89109,513.091431
89110,514.594482
89111,516.043396
89112,517.441162
89113,512.21106
89114,513.770996
89115,515.27356
89116,516.721924
89117,512.926208
89118,514.485474
89119,515.987427
89120,512.05658
89121,513.675903
89122,515.234497
89123,511.158325
89124,512.841248
89125,514.459717
89126,502.806915
89127,504.635406
89128,506.391113
89129,503.383453
89130,505.211517
89131,506.966766
89132,503.995148
89133,505.822723
89134,507.577637
89135,508.078308
89136,508.653717
89137,509.264282
89138,509.701263
89139,510.276398
89140,510.886383
89141,511.263641
89142,511.838196
89143,512.44751
89144,512.768433
89145,513.342346
89146,513.951172
89147,514.218689
89148,514.792114
89149,515.400513
89150,515.617554
89151,516.190674
89152,516.798523
89153,509.909912
89154,511.531403
89155,513.09198
89156,514.595032
89157,516.043823
89158,517.441284
89159,516.967224
89160,516.968018
89161,517.5401
89162,517.54071
89163,518.147827
89164,518.14801
89165,510.590698
89166,512.211548
89167,513.771423
89168,515.273865
89169,516.722046
89170,509.621796
89171,511.306458
89172,512.926514
89173,514.485779
89174,515.987549
89175,510.373016
89176,512.056824
89177,513.676147
89178,515.234558
89179,509.407166
89180,511.158508
89181,512.84137
89182,514.459778
89183,511.977661
89184,513.659546
89185,511.977783
89186,513.659607
89187,511.081177
89188,512.830139
89189,512.8302
89190,511.967743
89191,512.83844
89192,518.271912
89193,518.272583
89194,518.844482
89195,518.844727
89196,519.533264
89197,519.533508
89198,506.391968
89199,506.967468
89200,508.079254
89201,509.701965
89202,511.263641
89203,510.276398
89204,511.837646
89205,510.885986
89206,512.446838
89207,512.767761
89208,513.341492
89209,513.950439
89210,514.217773
89211,514.791321
89212,515.399902
89213,515.616699
89214,516.190002
89215,516.798218
89216,511.530884
89217,513.09137
89218,514.594482
89219,516.043518
89220,512.21106
89221,513.770996
89222,515.273621
89223,512.926208
89224,514.485596
89225,512.05658
89226,513.675964
89227,511.158356
89228,512.841309
89229,502.807007
89230,504.635468
89231,506.391083
89232,503.383514
89233,505.211487
89234,506.966858
89235,502.090271
89236,503.995117
89237,505.822754
89238,507.57782
89239,508.078461
89240,508.654022
89241,509.264465
89242,509.70166
89243,510.276642
89244,510.886475
89245,511.263916
89246,511.838257
89247,512.447571
89248,512.768433
89249,513.342346
89250,513.951172
89251,514.218628
89252,514.792175
89253,515.400452
89254,515.617615
89255,516.190674
89256,516.798401
89257,509.910004
89258,511.531433
89259,513.091919
89260,514.594971
89261,516.043701
89262,516.967346
89263,516.968079
89264,517.540344
89265,517.540588
89266,510.590729
89267,512.211487
89268,513.771362
89269,515.273804
89270,509.621826
89271,511.306427
89272,512.926453
89273,514.485657
89274,508.620697
89275,510.372986
89276,512.056763
89277,513.676025
89278,511.158478
89279,512.84137
89280,511.977692
89281,511.977722
89282,511.081207
89283,518.272217
89284,518.272461
89285,506.391937
89286,509.70166
89287,511.263245
89288,510.276123
89289,511.837433
89290,510.885834
89291,512.446777
89292,512.767456
89293,513.341431
89294,513.9505
89295,514.21759
89296,514.791382
89297,515.400085
89298,515.616821
89299,516.190247
89300,509.909515
89301,511.530853
89302,513.091431
89303,514.594666
89304,512.21106
89305,513.771118
89306,511.306122
89307,512.92627
89308,510.372772
89309,512.056641
89310,511.158386
89311,502.807098
89312,504.635406
89313,506.391174
89314,501.47818
89315,503.383453
89316,505.211517
89317,506.967102
89318,500.10321
89319,502.09024
89320,503.995117
89321,505.822906
89322,507.578003
89323,508.078827
89324,508.654236
89325,509.264557
89326,509.701965
89327,510.276764
89328,510.886505
89329,511.263977
89330,511.838287
89331,512.44751
89332,512.768433
89333,513.342346
89334,513.95105
89335,514.218689
89336,514.792114
89337,515.40033
89338,515.617615
89339,516.190552
89340,509.910034
89341,511.531403
89342,513.091858
89343,514.594849
89344,516.967651
89345,516.967957
89346,510.590698
89347,512.211426
89348,513.77124
89349,509.621796
89350,511.306366
89351,512.926392
89352,510.372955
89353,512.056702
89354,511.158417
89355,509.263947
89356,509.701263
89357,511.26297
89358,510.27594
89359,511.837372
89360,510.885773
89361,512.446838
89362,512.767334
89363,513.341492
89364,513.950684
89365,514.217773
89366,514.791626
89367,515.617126
89368,509.909485
89369,511.530884
89370,513.091553
89371,510.590302
89372,512.211182
89373,509.621521
89374,511.306183
89375,510.372833
89376,500.901428
89377,502.807007
89378,504.635406
89379,506.391479
89380,499.490692
89381,501.478119
89382,503.383423
89383,505.2117
89384,506.967316
89385,500.103119
89386,502.090149
89387,503.995209
89388,505.823059
89389,508.079132
89390,508.654358
89391,509.264587
89392,509.702057
89393,510.276764
89394,510.886475
89395,511.263977
89396,511.838257
89397,512.447449
89398,512.768433
89399,513.342285
89400,513.950928
89401,514.218689
89402,514.791931
89403,515.617493
89404,509.910004
89405,511.531311
89406,513.091736
89407,508.905396
89408,510.590637
89409,512.211304
89410,509.621735
89411,511.306274
89412,510.372894
89413,508.653595
89414,509.263916
89415,509.70105
89416,511.262878
89417,510.275879
89418,511.837433
89419,510.885834
89420,512.447021
89421,512.767456
89422,513.341797
89423,514.218079
89424,508.223633
89425,509.909515
89426,511.531006
89427,508.905029
89428,510.590393
89429,509.621582
89430,498.913574
89431,500.901306
89432,502.806915
89433,504.635681
89434,506.391785
89435,499.49057
89436,501.477997
89437,503.383545
89438,505.211914
89439,500.102997
89440,502.09021
89441,503.995361
89442,508.079254
89443,508.654388
89444,509.264557
89445,509.702057
89446,510.276764
89447,510.886383
89448,511.263977
89449,511.838196
89450,512.447266
89451,512.768433
89452,513.342041
89453,514.218445
89454,508.224091
89455,509.909912
89456,511.531189
89457,508.905304
89458,510.590515
89459,509.621643
89460,508.078308
89461,508.653564
89462,507.577545
89463,509.263947
89464,509.701019
89465,511.26297
89466,510.27594
89467,511.837646
89468,510.885986
89469,512.767761
89470,506.46933
89471,508.223633
89472,509.909607
89473,508.90509
89474,498.913391
89475,500.901093
89476,502.807098
89477,504.635956
89478,499.490356
89479,501.478027
89480,503.383728
89481,502.090332
89482,503.995483
89483,507.578125
89484,508.079285
89485,508.654358
89486,509.264465
89487,509.702057
89488,510.276642
89489,510.8862
89490,511.263916
89491,511.837952
89492,512.768188
89493,508.223999
89494,509.90979
89495,508.905212
89496,508.078308
89497,506.966766
89498,508.653595
89499,505.822723
89500,507.577545
89501,509.264069
89502,509.70105
89503,511.263245
89504,510.276123
89505,504.642242
89506,506.46933
89507,508.223724
89508,498.913055
89509,500.901154
89510,502.807373
89511,501.47821
89512,503.383881
89513,506.967468
89514,502.090424
89515,503.995514
89516,505.823181
89517,507.578003
89518,508.079254
89519,508.654236
89520,509.264282
89521,509.701965
89522,510.276398
89523,511.263641
89524,508.223877
89525,506.391113
89526,508.078308
89527,505.211517
89528,506.966766
89529,508.653717
89530,503.995148
89531,505.822723
89532,507.577637
89533,509.701263
89534,502.737885
89535,504.642242
89536,500.901428
89537,502.807526
89538,506.391937
89539,501.478363
89540,503.383911
89541,505.212067
89542,506.967316
89543,502.090454
89544,503.995483
89545,507.57782
89546,508.079132
89547,508.654022
89548,509.70166
89549,504.635468
89550,506.391083
89551,508.078461
89552,503.383514
89553,505.211487
89554,506.966858
89555,502.090271
89556,503.995117
89557,500.751312
89558,502.737854
89559,500.901611
89560,502.807587
89561,504.636139
89562,506.391785
89563,501.478394
89564,503.383881
89565,506.967102
89566,502.090424
89567,508.078827
89568,502.807098
89569,504.635406
89570,506.391174
89571,501.47818
89572,503.383453
89573,500.10321
89574,502.09024
89575,500.751282
89576,501.435059
89577,502.737823
89578,500.901672
89579,502.807526
89580,506.391479
89581,501.478363
89582,502.090332
89583,500.901428
89584,502.807007
89585,499.490692
89586,501.478119
89587,500.103119
89588,502.090149
89589,500.901611
89590,501.47821
89591,500.103027
89592,502.09021
89593,498.913574
89594,500.901306
89595,499.49057
89596,501.477997
89597,500.102997
89598,500.901428
89599,499.490448
89600,501.478027
89601,500.102936
89602,498.913391
89603,500.901093
89604,499.490356
89605,498.913208
89606,500.901154
89607,499.490295
89608,498.913055
89609,498.912994
89612,547.589233
89614,547.589417
89619,548.105103
89621,548.105286
101586,548.105286
101588,548.105286
101590,548.609314
101592,548.609314
102581,548.105103
102583,548.609131
102604,549.101257
102606,549.101257
102644,549.580811
102646,549.580933
102648,550.047729
102650,550.047852
103396,549.580322
103398,550.047241
103577,547.588684
103579,547.587952
103581,548.104553
103583,548.103821
103605,548.608582
103626,549.101135
103646,549.580933
103648,549.580933
103667,550.047852
103685,550.501465
103687,550.501587
104427,549.579651
104429,550.046631
104447,550.500977
104608,547.587402
104610,548.103271
104632,548.60791
104653,549.100647
104673,549.580811
104692,550.047852
104710,550.501587
104727,550.941345
104729,550.941467
105132,547.060486
105134,547.059875
105463,549.579102
105465,550.046082
105483,550.500366
105500,550.940918
105642,547.587158
105644,548.103027
105666,548.6073
105687,549.099915
105707,549.580322
105726,550.047729
105744,550.501587
105761,550.941467
105777,551.366638
105779,551.36676
106158,546.521484
106160,546.520874
106180,547.059631
106502,549.578857
106504,550.045837
106522,550.499817
106539,550.940247
106555,551.366211
106677,547.587402
106679,548.103271
106701,548.607117
106722,549.099365
106742,549.579651
106761,550.047241
106779,550.501465
106796,550.941467
106812,551.36676
106827,551.776428
106829,551.77655
107173,545.971008
107175,545.970398
107177,546.521484
107179,546.520874
107207,546.52063
107226,547.059875
107459,547.589417
107461,547.589233
107463,548.105286
107465,548.105103
107545,549.579102
107547,550.046082
107565,550.499634
107582,550.939758
107598,551.365601
107613,551.776001
107714,547.587952
107716,548.103821
107738,548.6073
107759,549.099121
107779,549.579102
107798,550.046631
107816,550.500977
107833,550.941345
107849,551.36676
107864,551.77655
107878,552.169617
107880,552.169739
108245,546.520874
108263,547.060486
108484,547.589478
108486,548.105286
108508,548.609314
108510,548.609131
108531,548.608582
108533,549.101135
108535,549.100647
108573,549.579651
108575,550.046631
108593,550.499817
108610,550.939575
108626,551.365112
108641,551.775391
108655,552.169189
108734,547.588684
108736,548.104553
108758,548.60791
108779,549.099365
108799,549.578857
108818,550.046082
108836,550.500366
108853,550.940918
108869,551.366638
108884,551.77655
108898,552.169678
108911,552.5448
108913,552.544922
109273,546.521484
109290,547.061218
109498,547.589417
109500,548.105286
109522,548.609314
109543,549.101257
109563,549.580811
109565,549.580322
109584,550.047241
109602,550.500366
109619,550.939758
109635,551.364868
109650,551.774902
109664,552.168579
109677,552.544373
109733,547.589233
109735,548.105103
109757,548.608582
109778,549.099915
109798,549.579102
109817,550.045837
109835,550.499817
109852,550.940247
109868,551.366211
109883,551.776428
109897,552.169739
109910,552.544922
109922,552.900452
109924,552.900574
110280,546.522217
110292,547.062012
110294,547.062012
110298,547.061768
110492,547.589233
110494,548.105103
110516,548.609314
110537,549.101257
110557,549.580933
110576,550.047729
110594,550.500977
110611,550.940247
110627,551.365112
110642,551.774719
110656,552.168091
110669,552.543823
110681,552.900024
110714,547.589417
110716,548.105286
110738,548.609131
110759,549.100647
110779,549.579651
110798,550.046082
110816,550.499634
110833,550.939758
110849,551.365601
110864,551.776001
110878,552.169617
110891,552.544922
110903,552.900513
110914,553.234619
110916,553.234741
111204,547.589417
111206,547.589233
111208,548.105286
111210,548.105103
111260,545.971008
111262,545.971741
111274,546.522766
111285,547.061768
111288,547.062012
111467,547.588684
111469,548.104553
111491,548.609131
111512,549.101257
111532,549.580933
111551,550.047852
111569,550.501465
111586,550.940918
111602,551.365601
111617,551.774902
111631,552.167908
111644,552.543335
111656,552.899475
111667,553.234192
111677,547.589478
111679,548.105286
111701,548.609314
111722,549.101135
111742,549.580322
111761,550.046631
111779,550.499817
111796,550.939575
111812,551.365112
111827,551.775391
111841,552.169189
111854,552.5448
111866,552.900574
111877,553.23468
111887,553.545105
111889,553.545227
111949,547.062012
111951,547.061768
112140,547.588684
112142,548.104553
112182,548.609314
112184,548.609131
112227,545.972351
112238,546.52301
112249,547.062012
112412,547.587952
112414,548.103821
112436,548.608582
112457,549.101135
112477,549.580933
112496,550.047852
112514,550.501587
112531,550.941345
112547,551.366211
112562,551.775391
112576,552.168091
112589,552.543152
112601,552.898987
112612,553.233643
112622,553.544739
112631,548.609314
112652,549.101257
112672,549.580811
112691,550.047241
112709,550.500366
112726,550.939758
112742,551.364868
112757,551.774902
112771,552.168579
112784,552.544373
112796,552.900452
112807,553.234741
112817,553.545227
112826,553.829346
112828,553.829468
112875,546.52301
112877,546.522766
112887,547.061218
113058,547.587952
113060,548.103821
113081,548.608582
113119,549.101257
113121,549.101135
113156,545.972595
113158,545.409912
113160,545.410461
113170,546.52301
113325,547.587402
113327,548.103271
113349,548.60791
113370,549.100647
113390,549.580811
113409,550.047852
113427,550.501587
113444,550.941467
113460,551.366638
113475,551.776001
113489,552.168579
113502,552.543335
113514,552.898804
113525,553.233154
113535,553.544189
113544,553.828979
113552,549.101257
113572,549.580933
113591,550.047729
113609,550.500977
113626,550.940247
113642,551.365112
113657,551.774719
113671,552.168091
113684,552.543823
113696,552.900024
113707,553.234619
113717,553.545227
113726,553.829468
113734,554.084412
113736,554.084534
113770,545.972595
113772,545.972351
113782,546.522217
113791,547.060486
113943,547.587402
113945,548.103271
113966,548.60791
113986,549.100647
114022,549.580933
114024,549.580811
114051,545.972595
114055,545.410706
114072,547.059875
114074,547.060486
114202,547.587158
114204,548.103027
114226,548.6073
114247,549.099915
114267,549.580322
114286,550.047729
114304,550.501587
114321,550.941467
114337,551.36676
114352,551.776428
114366,552.169189
114379,552.543823
114391,552.898987
114402,553.232971
114412,553.543701
114421,553.82843
114429,554.084045
114436,549.580933
114455,550.047852
114473,550.501465
114490,550.940918
114506,551.365601
114521,551.774902
114535,552.167908
114548,552.543335
114560,552.899475
114571,553.234192
114581,553.545105
114590,553.829468
114598,554.084473
114605,554.30658
114607,554.306702
114636,545.971741
114638,545.410706
114640,545.410461
114649,546.521484
114657,547.059875
114789,547.587158
114791,548.103027
114812,548.6073
114832,549.099915
114851,549.580322
114885,550.047852
114887,550.047729
114905,545.971008
114907,545.971741
114909,546.521484
114911,546.522217
114914,545.410706
114916,544.837097
114918,544.83728
114927,546.520874
114935,547.059631
115044,547.587402
115046,548.103271
115068,548.607117
115089,549.099365
115109,549.579651
115128,550.047241
115146,550.501465
115163,550.941467
115179,551.36676
115194,551.77655
115208,552.169617
115221,552.544373
115233,552.899475
115244,553.233154
115254,553.543518
115263,553.827942
115271,554.083496
115278,554.306213
115284,550.047852
115302,550.501587
115319,550.941345
115335,551.366211
115350,551.775391
115364,552.168091
115377,552.543152
115389,552.898987
115400,553.233643
115410,553.544739
115419,553.829346
115427,554.084534
115434,554.306641
115440,554.492188
115442,554.492249
115467,545.971008
115469,545.409912
115477,546.520874
115484,547.059631
115595,547.587402
115597,548.103271
115618,548.607117
115638,549.099365
115657,549.579651
115675,550.047241
115707,550.501587
115709,550.501465
115724,545.970398
115726,544.837341
115734,546.52063
115741,547.059875
115830,547.587952
115832,548.103821
115854,548.6073
115875,549.099121
115895,549.579102
115914,550.046631
115932,550.500977
115949,550.941345
115965,551.36676
115980,551.77655
115994,552.169739
116007,552.5448
116019,552.900024
116030,553.233643
116040,553.543701
116049,553.827759
116057,554.083069
116064,554.305725
116070,554.491821
116075,550.501587
116092,550.941467
116108,551.366638
116123,551.776001
116137,552.168579
116150,552.543335
116162,552.898804
116173,553.233154
116183,553.544189
116192,553.828979
116200,554.084412
116207,554.306702
116213,554.492249
116218,554.636108
116220,554.63623
116241,545.970398
116243,545.40918
116250,546.52063
116256,547.059875
116345,547.587952
116347,548.103821
116368,548.6073
116388,549.099121
116407,549.579102
116425,550.046631
116442,550.500977
116472,550.941467
116474,550.941345
116487,545.970215
116494,546.520874
116500,547.060486
116568,547.588684
116570,548.104553
116592,548.60791
116613,549.099365
116633,549.578857
116652,550.046082
116670,550.500366
116687,550.940918
116703,551.366638
116718,551.77655
116732,552.169678
116745,552.544922
116757,552.900452
116768,553.234192
116778,553.544189
116787,553.827942
116795,554.082886
116802,554.305237
116808,554.491333
116813,554.635803
116817,550.941467
116833,551.36676
116848,551.776428
116862,552.169189
116875,552.543823
116887,552.898987
116898,553.232971
116908,553.543701
116917,553.82843
116925,554.084045
116932,554.30658
116938,554.492249
116943,554.636169
116947,554.736023
116949,554.736023
116964,545.970215
116968,545.408569
116974,546.520874
116979,547.060486
117045,547.588684
117047,548.104553
117068,548.60791
117088,549.099365
117107,549.578857
117125,550.046082
117142,550.500366
117158,550.940918
117186,551.36676
117188,551.366638
117200,545.970398
117206,546.521484
117211,547.061218
117257,547.589233
117259,548.105103
117281,548.608582
117302,549.099915
117322,549.579102
117341,550.045837
117359,550.499817
117376,550.940247
117392,551.366211
117407,551.776428
117421,552.169739
117434,552.544922
117446,552.900574
117457,553.234619
117467,553.544739
117476,553.82843
117484,554.083069
117491,554.305054
117497,554.490906
117502,554.635315
117506,554.735718
117509,551.36676
117524,551.77655
117538,552.169617
117551,552.544373
117563,552.899475
117574,553.233154
117584,553.543518
117593,553.827942
117601,554.083496
117608,554.306213
117614,554.492188
117619,554.63623
117623,554.735962
117625,554.99353
117626,554.993591
117636,545.970398
117639,545.408325
117641,544.835815
117643,544.835205
117648,546.521484
117652,547.061218
117696,547.589233
117698,548.105103
117719,548.608582
117739,549.099915
117758,549.579102
117776,550.045837
117793,550.499817
117809,550.940247
117824,551.366211
117850,551.77655
117852,551.776428
117861,545.971008
117863,545.408569
117865,545.408325
117870,546.522217
117874,547.061768
117898,547.589417
117900,548.105286
117922,548.609131
117943,549.100647
117963,549.579651
117982,550.046082
118000,550.499634
118017,550.939758
118033,551.365601
118048,551.776001
118062,552.169617
118075,552.544922
118087,552.900513
118098,553.234741
118108,553.545105
118117,553.828979
118125,554.083496
118132,554.305237
118138,554.490723
118143,554.634888
118147,554.735229
118149,554.993286
118151,551.77655
118165,552.169739
118178,552.5448
118190,552.900024
118201,553.233643
118211,553.543701
118220,553.827759
118228,554.083069
118235,554.305725
118241,554.491821
118246,554.636108
118250,554.736023
118252,554.99353
118259,545.971008
118262,545.408569
118264,544.835022
118268,546.522217
118271,547.061768
118293,547.589417
118295,548.105286
118316,548.609131
118336,549.100647
118355,549.579651
118373,550.046082
118390,550.499634
118406,550.939758
118421,551.365601
118435,551.776001
118459,552.169739
118461,552.169617
118468,545.971741
118470,545.40918
118474,546.522766
118477,547.062012
118479,547.589478
118481,548.105286
118503,548.609314
118524,549.101135
118544,549.580322
118563,550.046631
118581,550.499817
118598,550.939575
118614,551.365112
118629,551.775391
118643,552.169189
118656,552.5448
118668,552.900574
118679,553.23468
118689,553.545227
118698,553.829346
118706,554.084045
118713,554.305725
118719,554.490906
118724,554.634705
118728,554.734802
118730,554.992859
118732,552.169678
118745,552.544922
118757,552.900452
118768,553.234192
118778,553.544189
118787,553.827942
118795,554.082886
118802,554.305237
118808,554.491333
118813,554.635803
118817,554.736023
118819,554.993591
118823,545.971741
118826,545.40918
118828,544.835205
118831,546.522766
118833,547.062012
118854,548.609314
118874,549.101135
118893,549.580322
118911,550.046631
118928,550.499817
118944,550.939575
118959,551.365112
118973,551.775391
118986,552.169189
119008,552.544922
119010,552.5448
119015,545.972351
119017,545.409912
119020,546.52301
119022,547.062012
119024,548.609314
119045,549.101257
119065,549.580811
119084,550.047241
119102,550.500366
119119,550.939758
119135,551.364868
119150,551.774902
119164,552.168579
119177,552.544373
119189,552.900452
119200,553.234741
119210,553.545227
119219,553.829468
119227,554.084412
119234,554.306213
119240,554.491333
119245,554.634888
119249,554.734619
119251,554.992493
119253,552.544922
119265,552.900574
119276,553.234619
119286,553.544739
119295,553.82843
119303,554.083069
119310,554.305054
119316,554.490906
119321,554.635315
119325,554.735718
119327,554.99353
119330,545.972351
119332,544.835815
119334,546.52301
119354,549.101257
119373,549.580811
119391,550.047241
119408,550.500366
119424,550.939758
119439,551.364868
119453,551.774902
119466,552.168579
119478,552.544373
119498,552.900574
119500,552.900452
119503,545.972595
119505,545.410461
119507,546.52301
119509,549.101257
119529,549.580933
119548,550.047729
119566,550.500977
119583,550.940247
119599,551.365112
119614,551.774719
119628,552.168091
119641,552.543823
119653,552.900024
119664,553.234619
119674,553.545227
119683,553.829468
119691,554.084534
119698,554.30658
119704,554.491821
119709,554.635315
119713,554.734802
119715,554.99231
119717,552.900513
119728,553.234741
119738,553.545105
119747,553.828979
119755,554.083496
119762,554.305237
119768,554.490723
119773,554.634888
119777,554.735229
119779,554.993286
119781,545.972595
119800,549.580933
119818,550.047729
119835,550.500977
119851,550.940247
119866,551.365112
119880,551.774719
119893,552.168091
119905,552.543823
119916,552.900024
119934,553.234741
119936,553.234619
119938,545.972595
119940,549.580933
119959,550.047852
119977,550.501465
119994,550.940918
120010,551.365601
120025,551.774902
120039,552.167908
120052,552.543335
120064,552.899475
120075,553.234192
120085,553.545105
120094,553.829468
120102,554.084473
120109,554.306702
120115,554.492188
120120,554.635803
120124,554.735229
120126,554.992493
120128,553.23468
120138,553.545227
120147,553.829346
120155,554.084045
120162,554.305725
120168,554.490906
120173,554.634705
120177,554.734802
120179,554.992859
120197,550.047852
120214,550.501465
120230,550.940918
120245,551.365601
120259,551.774902
120272,552.167908
120284,552.543335
120295,552.899475
120305,553.234192
120321,553.545227
120323,553.545105
120325,550.047852
120343,550.501587
120360,550.941345
120376,551.366211
120391,551.775391
120405,552.168091
120418,552.543152
120430,552.898987
120441,553.233643
120451,553.544739
120460,553.829346
120468,554.084534
120475,554.306641
120481,554.492249
120486,554.636108
120490,554.735718
120492,554.992859
120494,553.545227
120503,553.829468
120511,554.084412
120518,554.306213
120524,554.491333
120529,554.634888
120533,554.734619
120535,554.992493
120552,550.501587
120568,550.941345
120583,551.366211
120597,551.775391
120610,552.168091
120622,552.543152
120633,552.898987
120643,553.233643
120652,553.544739
120666,553.829468
120668,553.829346
120670,550.501587
120687,550.941467
120703,551.366638
120718,551.776001
120732,552.168579
120745,552.543335
120757,552.898804
120768,553.233154
120778,553.544189
120787,553.828979
120795,554.084412
120802,554.306702
120808,554.492249
120813,554.63623
120817,554.736023
120819,554.993286
120821,553.829468
120829,554.084534
120836,554.30658
120842,554.491821
120847,554.635315
120851,554.734802
120853,554.99231
120869,550.941467
120884,551.366638
120898,551.776001
120911,552.168579
120923,552.543335
120934,552.898804
120944,553.233154
120953,553.544189
120961,553.828979
120973,554.084534
120975,554.084412
120977,550.941467
120993,551.36676
121008,551.776428
121022,552.169189
121035,552.543823
121047,552.898987
121058,553.232971
121068,553.543701
121077,553.82843
121085,554.084045
121092,554.30658
121098,554.492249
121103,554.636169
121107,554.736023
121109,554.99353
121111,554.084473
121118,554.306702
121124,554.492188
121129,554.635803
121133,554.735229
121135,554.992493
121150,551.36676
121164,551.776428
121177,552.169189
121189,552.543823
121200,552.898987
121210,553.232971
121219,553.543701
121227,553.82843
121234,554.084045
121244,554.306702
121246,554.30658
121248,551.36676
121263,551.77655
121277,552.169617
121290,552.544373
121302,552.899475
121313,553.233154
121323,553.543518
121332,553.827942
121340,554.083496
121347,554.306213
121353,554.492188
121358,554.63623
121362,554.735962
121364,554.993591
121366,554.306641
121372,554.492249
121377,554.636108
121381,554.735718
121383,554.992859
121397,551.77655
121410,552.169617
121422,552.544373
121433,552.899475
121443,553.233154
121452,553.543518
121460,553.827942
121467,554.083496
121473,554.306213
121481,554.492249
121483,554.492188
121485,551.77655
121499,552.169739
121512,552.5448
121524,552.900024
121535,553.233643
121545,553.543701
121554,553.827759
121562,554.083069
121569,554.305725
121575,554.491821
121580,554.636108
121584,554.736023
121586,554.99353
121588,554.492249
121593,554.63623
121597,554.736023
121599,554.993286
121612,552.169739
121624,552.5448
121635,552.900024
121645,553.233643
121654,553.543701
121662,553.827759
121669,554.083069
121675,554.305725
121680,554.491821
121686,554.63623
121688,554.636108
121690,552.169678
121703,552.544922
121715,552.900452
121726,553.234192
121736,553.544189
121745,553.827942
121753,554.082886
121760,554.305237
121766,554.491333
121771,554.635803
121775,554.736023
121777,554.993591
121779,554.636169
121783,554.736023
121785,554.99353
121797,552.544922
121808,552.900452
121818,553.234192
121827,553.544189
121835,553.827942
121842,554.082886
121848,554.305237
121853,554.491333
121857,554.635803
121861,554.736023
121863,554.736023
121865,552.544922
121877,552.900574
121888,553.234619
121898,553.544739
121907,553.82843
121915,554.083069
121922,554.305054
121928,554.490906
121933,554.635315
121937,554.735718
121939,554.99353
121941,554.735962
121943,554.993591
121954,552.900574
121964,553.234619
121973,553.544739
121981,553.82843
121988,554.083069
121994,554.305054
121999,554.490906
122003,554.635315
122006,554.735718
122007,554.993591
122008,554.99353
122010,552.900513
122021,553.234741
122031,553.545105
122040,553.828979
122048,554.083496
122055,554.305237
122061,554.490723
122066,554.634888
122070,554.735229
122072,554.993286
122073,554.99353
122083,553.234741
122092,553.545105
122100,553.828979
122107,554.083496
122113,554.305237
122118,554.490723
122122,554.634888
122125,554.735229
122126,554.993286
122128,553.23468
122138,553.545227
122147,553.829346
122155,554.084045
122162,554.305725
122168,554.490906
122173,554.634705
122177,554.734802
122179,554.992859
122188,553.545227
122196,553.829346
122203,554.084045
122209,554.305725
122214,554.490906
122218,554.634705
122221,554.734802
122222,554.992859
122224,553.545227
122233,553.829468
122241,554.084412
122248,554.306213
122254,554.491333
122259,554.634888
122263,554.734619
122265,554.992493
122273,553.829468
122280,554.084412
122286,554.306213
122291,554.491333
122295,554.634888
122298,554.734619
122299,554.992493
122301,553.829468
122309,554.084534
122316,554.30658
122322,554.491821
122327,554.635315
122331,554.734802
122333,554.99231
122340,554.084534
122346,554.30658
122351,554.491821
122355,554.635315
122358,554.734802
122359,554.99231
122361,554.084473
122368,554.306702
122374,554.492188
122379,554.635803
122383,554.735229
122385,554.992493
122391,554.306702
122396,554.492188
122400,554.635803
122403,554.735229
122404,554.992493
122406,554.306641
122412,554.492249
122417,554.636108
122421,554.735718
122423,554.992859
122428,554.492249
122432,554.636108
122435,554.735718
122436,554.992859
122438,554.492249
122443,554.63623
122447,554.736023
122449,554.993286
122453,554.63623
122456,554.736023
122457,554.993286
122459,554.636169
122463,554.736023
122465,554.99353
122468,554.736023
122469,554.99353
122471,554.735962
122473,554.993591
122474,554.993591
122475,554.99353
122476,546.543762
122477,546.543274
122478,547.093811
122479,547.093323
122480,547.103699
122481,547.103333
122482,547.653442
122483,547.653015
122484,547.697449
122485,547.697144
122486,548.246765
122487,548.24646
122488,548.324951
122489,548.324768
122490,548.873901
122491,548.873657
122492,548.160583
122493,548.160767
122494,548.676025
122495,548.676208
122496,548.719238
122497,548.719421
122498,549.234314
122499,549.234497
122500,549.311646
122501,549.311768
122502,549.826294
122503,549.826477
122504,549.937805
122505,549.937927
122506,550.452087
122507,550.452209
122508,553.286316
122509,554.074585
122510,554.074646
122511,553.286438
122512,553.787048
122513,553.786926
122514,554.574646
122515,554.574707
122516,554.892761
122517,554.892822
122518,555.392334
122519,555.392395
122520,554.892883
122521,554.074707
122522,554.574768
122523,555.392456
122524,555.062744
122525,555.062683
122526,555.879883
122527,555.879944
122528,554.892883
122529,554.074707
122530,554.574829
122531,555.392456
122532,555.739868
122533,555.739929
122534,556.238953
122535,556.239014
122536,555.062805
122537,555.880005
122538,554.574585
122539,555.392273
122540,555.062622
122541,555.879822
122542,556.238892
122543,556.725952
122544,556.725952
122545,555.53833
122546,555.538269
122547,556.35498
122548,556.355042
122549,553.286499
122550,553.286499
122551,553.787109
122552,553.787109
122553,554.892883
122554,554.074707
122555,554.574768
122556,555.392456
122557,555.739929
122558,556.239014
122559,555.062805
122560,555.880005
122561,556.568848
122562,556.568848
122563,557.067444
122564,557.067444
122565,556.726013
122566,555.538391
122567,556.355042
122568,555.538208
122569,556.354919
122570,557.067383
122571,557.553955
122572,557.553955
122573,557.2005
122574,557.200562
122575,554.275452
122576,554.275574
122577,554.751648
122578,554.751587
122579,556.001099
122580,556.001038
122581,556.817261
122582,556.817261
122583,552.529358
122584,552.529358
122585,553.030457
122586,553.030396
122587,553.286499
122588,553.787109
122589,554.275635
122590,554.275635
122591,553.562744
122592,554.38147
122593,554.381409
122594,553.562744
122595,554.892822
122596,554.074646
122597,554.574707
122598,555.392395
122599,555.739929
122600,556.239014
122601,555.062805
122602,555.880005
122603,556.568848
122604,557.067505
122605,556.726013
122606,555.538391
122607,556.355103
122608,557.554016
122609,557.200623
122610,554.751709
122611,556.00116
122612,556.817322
122613,554.275391
122614,554.751465
122615,555.062561
122616,555.879761
122617,555.538147
122618,556.354858
122619,556.725891
122620,557.2005
122621,556.000977
122622,556.8172
122623,558.028076
122624,558.028137
122625,557.662292
122626,557.662354
122627,553.519226
122628,553.519348
122629,553.995911
122630,553.99585
122631,555.214905
122632,555.214844
122633,556.4505
122634,556.450439
122635,557.266113
122636,557.266174
122637,551.804138
122638,551.804138
122639,552.305664
122640,552.305664
122641,552.529358
122642,553.030396
122643,553.51947
122644,553.519409
122645,552.774109
122646,552.774048
122647,553.286438
122648,553.787048
122649,554.275635
122650,554.751709
122651,554.381409
122652,553.562683
122653,555.229004
122654,555.229004
122655,554.892761
122656,554.074585
122657,554.574646
122658,555.392334
122659,555.739868
122660,556.238953
122661,555.062744
122662,555.879944
122663,556.568848
122664,557.067444
122665,556.726013
122666,555.538391
122667,556.355042
122668,557.554016
122669,557.200623
122670,556.00116
122671,556.817322
122672,558.028137
122673,557.662354
122674,553.996033
122675,555.214966
122676,556.450562
122677,557.266235
122678,553.519104
122679,553.995728
122680,554.275269
122681,554.751404
122682,555.214722
122683,555.0625
122684,555.879761
122685,555.538147
122686,556.354858
122687,556.72583
122688,557.200439
122689,556.000916
122690,556.817139
122691,557.553894
122692,558.028015
122693,557.662231
122694,556.450378
122695,557.266052
122696,558.48938
122697,558.489441
122698,558.110718
122699,558.110718
122700,552.794922
122701,552.795044
122702,553.272095
122703,553.271973
122704,554.459717
122705,554.459595
122706,555.664795
122707,555.664734
122708,556.885925
122709,556.885803
122710,557.700989
122711,557.70105
122712,551.111572
122713,551.111572
122714,551.613586
122715,551.613525
122716,551.804138
122717,552.305664
122718,552.795166
122719,552.795166
122720,552.016418
122721,552.016418
122722,552.529236
122723,553.030334
122724,553.519409
122725,553.996033
122726,552.773987
122727,553.286316
122728,553.786926
122729,554.275574
122730,554.751709
122731,555.214966
122732,554.381348
122733,553.562622
122734,555.228943
122735,556.058411
122736,556.058411
122737,554.8927
122738,554.074463
122739,554.574585
122740,555.392273
122741,555.739807
122742,556.238892
122743,555.062683
122744,555.879883
122745,556.568848
122746,557.067444
122747,556.725952
122748,555.53833
122749,556.355042
122750,557.554016
122751,557.200623
122752,556.00116
122753,556.817322
122754,558.028137
122755,557.662415
122756,556.450562
122757,557.266235
122758,558.489441
122759,558.110779
122760,553.272217
122761,554.459778
122762,555.664856
122763,556.885925
122764,557.701111
122765,552.794739
122766,553.271851
122767,553.519043
122768,553.995605
122769,554.459473
122770,554.275269
122771,554.751343
122772,555.214661
122773,555.664673
122774,555.062561
122775,555.879761
122776,555.538147
122777,556.354858
122778,556.72583
122779,557.200439
122780,556.000916
122781,556.817139
122782,557.553833
122783,558.028015
122784,557.662231
122785,556.450317
122786,557.266052
122787,558.489319
122788,558.110657
122789,556.885742
122790,557.700928
122791,558.937317
122792,558.937378
122793,558.545105
122794,558.545105
122795,552.10321
122796,552.103394
122797,552.580933
122798,552.58075
122799,553.736389
122800,553.736267
122801,554.910156
122802,554.910034
122803,556.100769
122804,556.100647
122805,557.306458
122806,557.306396
122807,558.121094
122808,558.121094
122809,551.111572
122810,551.613525
122811,552.103516
122812,552.103516
122813,551.290771
122814,551.29071
122815,551.804016
122816,552.305542
122817,552.795166
122818,553.272217
122819,552.016357
122820,552.529175
122821,553.030212
122822,553.519348
122823,553.996033
122824,554.459778
122825,552.773926
122826,553.286255
122827,553.786865
122828,554.275452
122829,554.751648
122830,555.214966
122831,555.664917
122832,554.381226
122833,553.562561
122834,555.228882
122835,556.058411
122836,554.892639
122837,554.074402
122838,554.574524
122839,555.392273
122840,555.739746
122841,556.238892
122842,555.062622
122843,555.879822
122844,556.568787
122845,557.067383
122846,556.725952
122847,555.538269
122848,556.35498
122849,557.553955
122850,557.200562
122851,556.001099
122852,556.817261
122853,558.028137
122854,557.662354
122855,556.450562
122856,557.266235
122857,558.489441
122858,558.110779
122859,556.885925
122860,557.701111
122861,558.937439
122862,558.545166
122863,552.581055
122864,553.73645
122865,554.910217
122866,556.100769
122867,557.306519
122868,558.121155
122869,552.103027
122870,552.580566
122871,552.794617
122872,553.271729
122873,553.736084
122874,553.518982
122875,553.995605
122876,554.459412
122877,554.909912
122878,554.275269
122879,554.751404
122880,555.214661
122881,555.664612
122882,556.100586
122883,555.062622
122884,555.879822
122885,555.538208
122886,556.354919
122887,556.72583
122888,557.200439
122889,556.000916
122890,556.817139
122891,557.553833
122892,558.027954
122893,557.66217
122894,556.450317
122895,557.265991
122896,558.489319
122897,558.110596
122898,556.885742
122899,557.700928
122900,558.937317
122901,558.545044
122902,557.306335
122903,558.121033
122904,559.371277
122905,559.371338
122906,558.964661
122907,558.964722
122908,551.444702
122909,551.444885
122910,551.922913
122911,551.922668
122912,553.045654
122913,553.045532
122914,554.187317
122915,554.187195
122916,555.346558
122917,555.346497
122918,556.521851
122919,556.52179
122920,557.711304
122921,557.711243
122922,558.52533
122923,558.525391
122924,550.597717
122925,550.597717
122926,550.452271
122927,550.452209
122928,550.954651
122929,550.954712
122930,551.11145
122931,551.613464
122932,552.103516
122933,550.954651
122934,551.445068
122935,551.445007
122936,552.581055
122937,551.290649
122938,551.803894
122939,552.30542
122940,552.795044
122941,553.272217
122942,553.736511
122943,552.016235
122944,552.528992
122945,553.03009
122946,553.519226
122947,553.995911
122948,554.459778
122949,554.910217
122950,552.773804
122951,553.286194
122952,553.786804
122953,554.275391
122954,554.751587
122955,555.214905
122956,555.664856
122957,556.10083
122958,554.381226
122959,553.5625
122960,555.228821
122961,556.05835
122962,554.892639
122963,554.074402
122964,554.574524
122965,555.392212
122966,555.739746
122967,556.238831
122968,555.062561
122969,555.879761
122970,556.568726
122971,557.067322
122972,556.725891
122973,555.538208
122974,556.354919
122975,557.553955
122976,557.2005
122977,556.001038
122978,556.817261
122979,558.028137
122980,557.662354
122981,556.4505
122982,557.266174
122983,558.489441
122984,558.110779
122985,556.885925
122986,557.701111
122987,558.937439
122988,558.545166
122989,557.306519
122990,558.121155
122991,559.371338
122992,558.964722
122993,551.923035
122994,553.045776
122995,554.187439
122996,555.34668
122997,556.521912
122998,557.711304
122999,558.525452
123000,551.444397
123001,551.922424
123002,552.102844
123003,552.580383
123004,553.045349
123005,552.794556
123006,553.271667
123007,553.736023
123008,554.187073
123009,553.519043
123010,553.995605
123011,554.459351
123012,554.909851
123013,555.346375
123014,554.275391
123015,554.751465
123016,555.214661
123017,555.664551
123018,556.100525
123019,556.521729
123020,555.062683
123021,555.879883
123022,555.538269
123023,556.35498
123024,556.725891
123025,557.2005
123026,556.000977
123027,556.8172
123028,557.553833
123029,558.028015
123030,557.662231
123031,556.450317
123032,557.266052
123033,558.489258
123034,558.110596
123035,556.885681
123036,557.700867
123037,558.937256
123038,558.544983
123039,557.306335
123040,558.120972
123041,559.371277
123042,558.9646
123043,557.711182
123044,558.525269
123045,559.790466
123046,559.790466
123047,559.368408
123048,559.368469
123049,552.388123
123050,552.387939
123051,553.497131
123052,553.496948
123053,554.624329
123054,554.624207
123055,555.76825
123056,555.768188
123057,556.927246
123058,556.927185
123059,558.099182
123060,558.099121
123061,558.912659
123062,558.91272
123063,549.937988
123064,549.937927
123065,550.597595
123066,549.826538
123067,549.826477
123068,550.329346
123069,550.329346
123070,550.452087
123071,550.954529
123072,551.445007
123073,551.111267
123074,551.613281
123075,552.103394
123076,552.581055
123077,550.954529
123078,551.613464
123079,551.923096
123080,553.045837
123081,551.290466
123082,551.803711
123083,552.305237
123084,552.794922
123085,553.272095
123086,553.73645
123087,554.187439
123088,552.016113
123089,552.528931
123090,553.030029
123091,553.519104
123092,553.99585
123093,554.459717
123094,554.910217
123095,555.34668
123096,552.773743
123097,553.286133
123098,553.786743
123099,554.275269
123100,554.751465
123101,555.214844
123102,555.664795
123103,556.100769
123104,556.521912
123105,553.03894
123106,553.858154
123107,553.858093
123108,553.038879
123109,554.381165
123110,553.562439
123111,555.228821
123112,556.058289
123113,554.892639
123114,554.074402
123115,554.574524
123116,555.392273
123117,555.739685
123118,556.238831
123119,555.0625
123120,555.879761
123121,556.568665
123122,557.067322
123123,556.72583
123124,555.538147
123125,556.354858
123126,557.553894
123127,557.2005
123128,556.000977
123129,556.8172
123130,558.028076
123131,557.662292
123132,556.450439
123133,557.266113
123134,558.489441
123135,558.110718
123136,556.885925
123137,557.70105
123138,558.937439
123139,558.545166
123140,557.306519
123141,558.121155
123142,559.371399
123143,558.964722
123144,557.711365
123145,558.525452
123146,559.790527
123147,559.36853
123148,552.388245
123149,553.497192
123150,554.62439
123151,555.768311
123152,556.927307
123153,558.099182
123154,558.91272
123155,551.444214
123156,551.922241
123157,552.387695
123158,552.102783
123159,552.580322
123160,553.045166
123161,553.496765
123162,552.794617
123163,553.271729
123164,553.735962
123165,554.186951
123166,554.624023
123167,553.519104
123168,553.995728
123169,554.459412
123170,554.90979
123171,555.346313
123172,555.768066
123173,553.786865
123174,554.574585
123175,554.574524
123176,553.786804
123177,554.275452
123178,554.751587
123179,555.214722
123180,555.664612
123181,556.100464
123182,556.521667
123183,556.927063
123184,555.062744
123185,555.879944
123186,555.53833
123187,556.355042
123188,556.725952
123189,557.2005
123190,556.001038
123191,556.817261
123192,557.553894
123193,558.028015
123194,557.662231
123195,556.450378
123196,557.266052
123197,558.489319
123198,558.110596
123199,556.885742
123200,557.700928
123201,558.937256
123202,558.544983
123203,557.306274
123204,558.120972
123205,559.371216
123206,558.9646
123207,557.711121
123208,558.525269
123209,559.790405
123210,559.368408
123211,558.09906
123212,558.912598
123213,560.193787
123214,560.193848
123215,559.755249
123216,559.75531
123217,551.298157
123218,551.298401
123219,551.764099
123220,551.763855
123221,552.840027
123222,552.839844
123223,553.934631
123224,553.934448
123225,555.046509
123226,555.046387
123227,556.174194
123228,556.174133
123229,557.315674
123230,557.315613
123231,558.468689
123232,558.468628
123233,559.281616
123234,559.281677
123235,549.937805
123236,550.597412
123237,549.234558
123238,549.234497
123239,549.737732
123240,549.737793
123241,549.826294
123242,550.329163
123243,550.820129
123244,550.82019
123245,550.451843
123246,550.954285
123247,551.444885
123248,551.923035
123249,551.111023
123250,551.613037
123251,552.10321
123252,552.580933
123253,553.045776
123254,552.388306
123255,553.497253
123256,551.290283
123257,551.803589
123258,552.305115
123259,552.794739
123260,553.271973
123261,553.736389
123262,554.187439
123263,554.62439
123264,552.015991
123265,552.52887
123266,553.029968
123267,553.519043
123268,553.995728
123269,554.459595
123270,554.910156
123271,555.34668
123272,555.768372
123273,552.249695
123274,552.249634
123275,552.773682
123276,553.286194
123277,553.786804
123278,554.275269
123279,554.751404
123280,555.214722
123281,555.664734
123282,556.100769
123283,556.521912
123284,556.927307
123285,553.858093
123286,553.038818
123287,554.706238
123288,554.706238
123289,554.381226
123290,553.5625
123291,555.22876
123292,556.058228
123293,554.8927
123294,554.074463
123295,554.574585
123296,555.392273
123297,555.739746
123298,556.238831
123299,555.062561
123300,555.879761
123301,556.568665
123302,557.067261
123303,556.72583
123304,555.538147
123305,556.354858
123306,557.553833
123307,557.200439
123308,556.000916
123309,556.817139
123310,558.028015
123311,557.662231
123312,556.450378
123313,557.266052
123314,558.48938
123315,558.110718
123316,556.885803
123317,557.700989
123318,558.937378
123319,558.545105
123320,557.306458
123321,558.121094
123322,559.371338
123323,558.964722
123324,557.711304
123325,558.525452
123326,559.790527
123327,559.36853
123328,558.099243
123329,558.912781
123330,560.193848
123331,559.75531
123332,551.298584
123333,551.764221
123334,552.840149
123335,553.934692
123336,555.046631
123337,556.174255
123338,557.315735
123339,558.46875
123340,559.281738
123341,551.444153
123342,551.92218
123343,552.387451
123344,551.297852
123345,551.76355
123346,552.8396
123347,552.102844
123348,552.580383
123349,553.045105
123350,553.496643
123351,553.934265
123352,552.794739
123353,553.271851
123354,553.736023
123355,554.18689
123356,554.623901
123357,555.046265
123358,553.03009
123359,553.030029
123360,553.519226
123361,553.99585
123362,554.459473
123363,554.909851
123364,555.346252
123365,555.768005
123366,556.174011
123367,554.275574
123368,554.751648
123369,555.214844
123370,555.664673
123371,556.100525
123372,556.521606
123373,556.927002
123374,557.315552
123375,554.574707
123376,555.392395
123377,555.392334
123378,554.574646
123379,555.062805
123380,555.880005
123381,555.538391
123382,556.355042
123383,556.725952
123384,557.200562
123385,556.001099
123386,556.817261
123387,557.553955
123388,558.028076
123389,557.662292
123390,556.450439
123391,557.266113
123392,558.489319
123393,558.110657
123394,556.885742
123395,557.700928
123396,558.937256
123397,558.544983
123398,557.306335
123399,558.120972
123400,559.371216
123401,558.964539
123402,557.711121
123403,558.525269
123404,559.790344
123405,559.368347
123406,558.098999
123407,558.912598
123408,560.193787
123409,559.755188
123410,558.468567
123411,559.281555
123412,560.5802
123413,560.580261
123414,560.123718
123415,560.123779
123416,550.707336
123417,550.707642
123418,551.173767
123419,551.173462
123420,552.216492
123421,552.216248
123422,553.278076
123423,553.277832
123424,554.357361
123425,554.357239
123426,555.453064
123427,555.452942
123428,556.563232
123429,556.563171
123430,557.685852
123431,557.685791
123432,558.818237
123433,558.818176
123434,559.630615
123435,559.630676
123436,549.937561
123437,550.597168
123438,548.67627
123439,548.676208
123440,549.179871
123441,549.179871
123442,549.234314
123443,549.737549
123444,550.228943
123445,550.229004
123446,549.825989
123447,550.328918
123448,550.820007
123449,551.298584
123450,551.298584
123451,550.451538
123452,550.954041
123453,551.444702
123454,551.922913
123455,552.388245
123456,551.11084
123457,551.612915
123458,552.103027
123459,552.58075
123460,553.045654
123461,553.497192
123462,551.764282
123463,552.84021
123464,553.934753
123465,551.290161
123466,551.803528
123467,552.305115
123468,552.794617
123469,553.271851
123470,553.736267
123471,554.187317
123472,554.62439
123473,555.046631
123474,551.491516
123475,551.491394
123476,552.01593
123477,552.528931
123478,553.030029
123479,553.518982
123480,553.995605
123481,554.459473
123482,554.910034
123483,555.346558
123484,555.768311
123485,556.174316
123486,552.249573
123487,552.773743
123488,553.286255
123489,553.786865
123490,554.275269
123491,554.751343
123492,555.214661
123493,555.664673
123494,556.100647
123495,556.521851
123496,556.927307
123497,557.315735
123498,553.858093
123499,553.038879
123500,554.706238
123501,555.536194
123502,555.536194
123503,554.381226
123504,553.562561
123505,555.228821
123506,556.058228
123507,554.892761
123508,554.074585
123509,554.574646
123510,555.392334
123511,555.739746
123512,556.238892
123513,555.062622
123514,555.879822
123515,556.568665
123516,557.067322
123517,556.72583
123518,555.538147
123519,556.354858
123520,557.553833
123521,557.200439
123522,556.000916
123523,556.817139
123524,558.028015
123525,557.662231
123526,556.450317
123527,557.266052
123528,558.489319
123529,558.110657
123530,556.885742
123531,557.700928
123532,558.937317
123533,558.545105
123534,557.306396
123535,558.121094
123536,559.371338
123537,558.964722
123538,557.711304
123539,558.525391
123540,559.790527
123541,559.36853
123542,558.099182
123543,558.91272
123544,560.193909
123545,559.755371
123546,558.46875
123547,559.281738
123548,560.580261
123549,560.123779
123550,550.707825
123551,551.173889
123552,552.216614
123553,553.278137
123554,554.357483
123555,555.453125
123556,556.563293
123557,557.685913
123558,558.818298
123559,559.630676
123560,551.444214
123561,551.922241
123562,552.38739
123563,551.297546
123564,551.763245
123565,552.839417
123566,550.706909
123567,551.173035
123568,552.215942
123569,553.277649
123570,552.103027
123571,552.580566
123572,553.045166
123573,553.496582
123574,553.934143
123575,554.357056
123576,552.794922
123577,553.271973
123578,553.736084
123579,554.186951
123580,554.623901
123581,555.046143
123582,555.45282
123583,553.519348
123584,553.995911
123585,554.459595
123586,554.909912
123587,555.346313
123588,555.767944
123589,556.17395
123590,556.563049
123591,554.275635
123592,554.751709
123593,555.214905
123594,555.664734
123595,556.100586
123596,556.521667
123597,556.927002
123598,557.315491
123599,557.685669
123600,554.574768
123601,555.392456
123602,555.062805
123603,555.880005
123604,555.538391
123605,556.355103
123606,556.726013
123607,557.200623
123608,556.00116
123609,556.817322
123610,557.553955
123611,558.028137
123612,557.662354
123613,556.4505
123614,557.266174
123615,558.48938
123616,558.110718
123617,556.885803
123618,557.700989
123619,558.937317
123620,558.545044
123621,557.306335
123622,558.121033
123623,559.371216
123624,558.9646
123625,557.711121
123626,558.525269
123627,559.790344
123628,559.368347
123629,558.098999
123630,558.912537
123631,560.193726
123632,559.755188
123633,558.468506
123634,559.281555
123635,560.5802
123636,560.123657
123637,558.818115
123638,559.630554
123639,560.948303
123640,560.948303
123641,560.472168
123642,560.472229
123643,550.150146
123644,550.150513
123645,550.617065
123646,550.616638
123647,551.626587
123648,551.626282
123649,552.654968
123650,552.654724
123651,553.701355
123652,553.701172
123653,554.764465
123654,554.764343
123655,555.842712
123656,555.84259
123657,556.934021
123658,556.93396
123659,558.036011
123660,558.03595
123661,559.145874
123662,559.145813
123663,559.957581
123664,559.957642
123665,549.937256
123666,550.596985
123667,548.676025
123668,549.179688
123669,549.671448
123670,549.671448
123671,549.233948
123672,549.737244
123673,550.228821
123674,550.707825
123675,550.707825
123676,549.825684
123677,550.328552
123678,550.819702
123679,551.298401
123680,551.764221
123681,550.451355
123682,550.953796
123683,551.444397
123684,551.922668
123685,552.388123
123686,552.840149
123687,551.110779
123688,551.612854
123689,552.102844
123690,552.580566
123691,553.045532
123692,553.497131
123693,553.934692
123694,551.17395
123695,552.216675
123696,553.278198
123697,554.357483
123698,551.2901
123699,551.803589
123700,552.305115
123701,552.794556
123702,553.271729
123703,553.736084
123704,554.187195
123705,554.624329
123706,555.046631
123707,555.453125
123708,551.491394
123709,552.015991
123710,552.528992
123711,553.03009
123712,553.519043
123713,553.995605
123714,554.459412
123715,554.909912
123716,555.346497
123717,555.76825
123718,556.174255
123719,556.563354
123720,552.249634
123721,552.773804
123722,553.286316
123723,553.786926
123724,554.275391
123725,554.751404
123726,555.214661
123727,555.664612
123728,556.100586
123729,556.52179
123730,556.927246
123731,557.315735
123732,557.685913
123733,553.858154
123734,553.03894
123735,554.706238
123736,555.536133
123737,554.381348
123738,553.562622
123739,555.228821
123740,556.058228
123741,554.892822
123742,554.074646
123743,554.574707
123744,555.392395
123745,555.739807
123746,556.238892
123747,555.062683
123748,555.879883
123749,556.568726
123750,557.067322
123751,556.725891
123752,555.538208
123753,556.354919
123754,557.553833
123755,557.200439
123756,556.000916
123757,556.817139
123758,558.027954
123759,557.66217
123760,556.450317
123761,557.265991
123762,558.489319
123763,558.110596
123764,556.885742
123765,557.700928
123766,558.937317
123767,558.545044
123768,557.306335
123769,558.121033
123770,559.371277
123771,558.964661
123772,557.711243
123773,558.52533
123774,559.790466
123775,559.368469
123776,558.099182
123777,558.91272
123778,560.193848
123779,559.75531
123780,558.46875
123781,559.281738
123782,560.580322
123783,560.123779
123784,558.818298
123785,559.630676
123786,560.948364
123787,560.472229
123788,550.150696
123789,550.617188
123790,551.62677
123791,552.65509
123792,553.701477
123793,554.764587
123794,555.842773
123795,556.934082
123796,558.036072
123797,559.145874
123798,559.957703
123799,551.444397
123800,551.922424
123801,552.387451
123802,551.297485
123803,551.763184
123804,552.839355
123805,550.706604
123806,551.172729
123807,552.215698
123808,553.277466
123809,550.149597
123810,550.61615
123811,551.625916
123812,552.654419
123813,553.700928
123814,552.10321
123815,552.58075
123816,553.045349
123817,553.496643
123818,553.934082
123819,554.356934
123820,554.76416
123821,552.795044
123822,553.272095
123823,553.736267
123824,554.187073
123825,554.623901
123826,555.046143
123827,555.452698
123828,555.842468
123829,553.519409
123830,553.996033
123831,554.459717
123832,554.910034
123833,555.346375
123834,555.768005
123835,556.173889
123836,556.562988
123837,556.933838
123838,553.787109
123839,553.787048
123840,554.275635
123841,554.751709
123842,555.214966
123843,555.664795
123844,556.100647
123845,556.521729
123846,556.927002
123847,557.31543
123848,557.685608
123849,558.035889
123850,554.574829
123851,555.392456
123852,556.239014
123853,556.238953
123854,555.062805
123855,555.880005
123856,555.538391
123857,556.355042
123858,556.726013
123859,557.200623
123860,556.00116
123861,556.817322
123862,557.554016
123863,558.028137
123864,557.662354
123865,556.450562
123866,557.266235
123867,558.489441
123868,558.110718
123869,556.885925
123870,557.70105
123871,558.937317
123872,558.545105
123873,557.306396
123874,558.121094
123875,559.371277
123876,558.9646
123877,557.711182
123878,558.525269
123879,559.790344
123880,559.368347
123881,558.098999
123882,558.912598
123883,560.193726
123884,559.755188
123885,558.468506
123886,559.281555
123887,560.580139
123888,560.123657
123889,558.818054
123890,559.630493
123891,560.948242
123892,560.472107
123893,559.145752
123894,559.957581
123895,561.296326
123896,561.296387
123897,560.798645
123898,560.798706
123899,551.070312
123900,551.069946
123901,552.065552
123902,552.065247
123903,553.078796
123904,553.078552
123905,554.109009
123906,554.108826
123907,555.154785
123908,555.154602
123909,556.214172
123910,556.21405
123911,557.284912
123912,557.28479
123913,558.364319
123914,558.364258
123915,559.44928
123916,559.449219
123917,560.260376
123918,560.260437
123919,549.31134
123920,549.310974
123921,549.937073
123922,550.596924
123923,548.675598
123924,549.17926
123925,549.671265
123926,550.150696
123927,550.150696
123928,549.233521
123929,549.736816
123930,550.228455
123931,550.707642
123932,551.173889
123933,549.825378
123934,550.328308
123935,550.819397
123936,551.298157
123937,551.764099
123938,552.216614
123939,550.451294
123940,550.953735
123941,551.444214
123942,551.922424
123943,552.387939
123944,552.840027
123945,553.278137
123946,551.11084
123947,551.612915
123948,552.102783
123949,552.580383
123950,553.045349
123951,553.496948
123952,553.934631
123953,554.357483
123954,550.617249
123955,551.62677
123956,552.655151
123957,553.701477
123958,554.764587
123959,550.765137
123960,550.765076
123961,551.290161
123962,551.803711
123963,552.305237
123964,552.794617
123965,553.271667
123966,553.736023
123967,554.187073
123968,554.624207
123969,555.046509
123970,555.453125
123971,555.842834
123972,551.491394
123973,552.016113
123974,552.529175
123975,553.030212
123976,553.519104
123977,553.995605
123978,554.459351
123979,554.909851
123980,555.346375
123981,555.768188
123982,556.174194
123983,556.563293
123984,556.934143
123985,552.249695
123986,552.773926
123987,553.286438
123988,553.787048
123989,554.275452
123990,554.751465
123991,555.214661
123992,555.664551
123993,556.100525
123994,556.521729
123995,556.927185
123996,557.315674
123997,557.685913
123998,558.036072
123999,552.503723
124000,553.323486
124001,553.323547
124002,552.503784
124003,553.858215
124004,553.039001
124005,554.706238
124006,555.536194
124007,554.381409
124008,553.562683
124009,555.228882
124010,556.058289
124011,554.892883
124012,554.074707
124013,554.574768
124014,555.392456
124015,555.739868
124016,556.238953
124017,555.062744
124018,555.879944
124019,556.568787
124020,557.067383
124021,556.725952
124022,555.538269
124023,556.35498
124024,557.553894
124025,557.2005
124026,556.000977
124027,556.8172
124028,558.028015
124029,557.662231
124030,556.450317
124031,557.266052
124032,558.489258
124033,558.110596
124034,556.885681
124035,557.700867
124036,558.937256
124037,558.544983
124038,557.306335
124039,558.120972
124040,559.371277
124041,558.9646
124042,557.711182
124043,558.525269
124044,559.790466
124045,559.368408
124046,558.099121
124047,558.912659
124048,560.193848
124049,559.75531
124050,558.468689
124051,559.281677
124052,560.580261
124053,560.123779
124054,558.818298
124055,559.630676
124056,560.948364
124057,560.47229
124058,559.145935
124059,559.957703
124060,561.296448
124061,560.798706
124062,551.070496
124063,552.065735
124064,553.078918
124065,554.109131
124066,555.154846
124067,556.214233
124068,557.284973
124069,558.36438
124070,559.44928
124071,560.260437
124072,551.444702
124073,551.922668
124074,552.387695
124075,551.297546
124076,551.763245
124077,552.839417
124078,550.706421
124079,551.172607
124080,552.215576
124081,553.277344
124082,550.14917
124083,550.615723
124084,551.625549
124085,552.654175
124086,553.700745
124087,551.069458
124088,552.06488
124089,553.078308
124090,554.108643
124091,552.103394
124092,552.580933
124093,553.045532
124094,553.496765
124095,553.934143
124096,554.356873
124097,554.764038
124098,555.154419
124099,552.795166
124100,553.272217
124101,553.736389
124102,554.187195
124103,554.624023
124104,555.046143
124105,555.452637
124106,555.842346
124107,556.213928
124108,553.030396
124109,553.030334
124110,553.51947
124111,553.996033
124112,554.459778
124113,554.910156
124114,555.346497
124115,555.768066
124116,556.17395
124117,556.562988
124118,556.933777
124119,557.284729
124120,553.787109
124121,554.275635
124122,554.751709
124123,555.214966
124124,555.664856
124125,556.100769
124126,556.52179
124127,556.927063
124128,557.315491
124129,557.685608
124130,558.035828
124131,558.364197
124132,554.574768
124133,555.392456
124134,556.239014
124135,554.892883
124136,555.739929
124137,555.739868
124138,554.892822
124139,557.067444
124140,557.067444
124141,555.062744
124142,555.879944
124143,555.53833
124144,556.355042
124145,556.726013
124146,557.200623
124147,556.00116
124148,556.817322
124149,557.554016
124150,558.028137
124151,557.662415
124152,556.450562
124153,557.266235
124154,558.489441
124155,558.110779
124156,556.885925
124157,557.701111
124158,558.937378
124159,558.545105
124160,557.306458
124161,558.121094
124162,559.371277
124163,558.964661
124164,557.711243
124165,558.52533
124166,559.790405
124167,559.368408
124168,558.09906
124169,558.912598
124170,560.193726
124171,559.755188
124172,558.468506
124173,559.281555
124174,560.580139
124175,560.123657
124176,558.818054
124177,559.630493
124178,560.948242
124179,560.472107
124180,559.145691
124181,559.95752
124182,561.296326
124183,560.798645
124184,559.449158
124185,560.260315
124186,561.622437
124187,561.622498
124188,561.100891
124189,561.100952
124190,551.509766
124191,551.509399
124192,552.489868
124193,552.489624
124194,553.487061
124195,553.486816
124196,554.499939
124197,554.499695
124198,555.526855
124199,555.526672
124200,556.565735
124201,556.565613
124202,557.613892
124203,557.613831
124204,558.668457
124205,558.668396
124206,559.725769
124207,559.725708
124208,560.536194
124209,560.536255
124210,548.718872
124211,548.718384
124212,549.310669
124213,549.936951
124214,550.071533
124215,550.071472
124216,550.596985
124217,548.675049
124218,549.178711
124219,549.670837
124220,550.150513
124221,550.617188
124222,549.233154
124223,549.73645
124224,550.228027
124225,550.707336
124226,551.173767
124227,551.62677
124228,549.825256
124229,550.328186
124230,550.819092
124231,551.297852
124232,551.763855
124233,552.216492
124234,552.65509
124235,550.451355
124236,550.953796
124237,551.444153
124238,551.922241
124239,552.387695
124240,552.839844
124241,553.278076
124242,553.701477
124243,551.111023
124244,551.613037
124245,552.102844
124246,552.580322
124247,553.045166
124248,553.496765
124249,553.934448
124250,554.357361
124251,554.764587
124252,551.070496
124253,552.065735
124254,553.078979
124255,554.109192
124256,555.154907
124257,550.765137
124258,551.290283
124259,551.803894
124260,552.30542
124261,552.794739
124262,553.271729
124263,553.735962
124264,554.186951
124265,554.624023
124266,555.046387
124267,555.453064
124268,555.842773
124269,556.214233
124270,551.491516
124271,552.016235
124272,552.529236
124273,553.030334
124274,553.519226
124275,553.995728
124276,554.459412
124277,554.90979
124278,555.346313
124279,555.768066
124280,556.174133
124281,556.563232
124282,556.934082
124283,557.284973
124284,551.713989
124285,551.71405
124286,552.249817
124287,552.773987
124288,553.286499
124289,553.787109
124290,554.275574
124291,554.751587
124292,555.214722
124293,555.664612
124294,556.100464
124295,556.521667
124296,556.927063
124297,557.315613
124298,557.685852
124299,558.036072
124300,558.36438
124301,553.323608
124302,552.503906
124303,554.172119
124304,554.17218
124305,553.858276
124306,553.039062
124307,554.706299
124308,555.536194
124309,554.381409
124310,553.562744
124311,555.228943
124312,556.05835
124313,554.892883
124314,554.074707
124315,554.574829
124316,555.392456
124317,555.739929
124318,556.239014
124319,555.062805
124320,555.880005
124321,556.568848
124322,557.067444
124323,556.725952
124324,555.53833
124325,556.355042
124326,557.553955
124327,557.2005
124328,556.001038
124329,556.817261
124330,558.028015
124331,557.662231
124332,556.450378
124333,557.266052
124334,558.489319
124335,558.110596
124336,556.885742
124337,557.700928
124338,558.937256
124339,558.544983
124340,557.306274
124341,558.120972
124342,559.371216
124343,558.9646
124344,557.711121
124345,558.525269
124346,559.790405
124347,559.368408
124348,558.09906
124349,558.912598
124350,560.193787
124351,559.755249
124352,558.468628
124353,559.281616
124354,560.580261
124355,560.123779
124356,558.818237
124357,559.630676
124358,560.948364
124359,560.472229
124360,559.145874
124361,559.957703
124362,561.296448
124363,560.798767
124364,559.449341
124365,560.260437
124366,561.622498
124367,561.100952
124368,551.509888
124369,552.490051
124370,553.487183
124371,554.5
124372,555.526917
124373,556.565796
124374,557.613953
124375,558.668457
124376,559.72583
124377,560.536316
124378,551.444885
124379,551.922913
124380,552.387939
124381,551.297852
124382,551.76355
124383,552.8396
124384,550.706604
124385,551.172729
124386,552.215698
124387,553.277466
124388,550.148987
124389,550.61554
124390,551.625427
124391,552.654114
124392,553.700684
124393,551.069031
124394,552.064575
124395,553.078064
124396,554.108459
124397,551.508911
124398,552.489258
124399,553.486511
124400,554.499512
124401,552.103516
124402,552.581055
124403,553.045654
124404,553.496948
124405,553.934265
124406,554.356934
124407,554.763977
124408,555.154297
124409,555.52655
124410,552.305664
124411,552.305542
124412,552.795166
124413,553.272217
124414,553.73645
124415,554.187317
124416,554.624207
124417,555.046265
124418,555.452698
124419,555.842346
124420,556.213806
124421,556.565491
124422,553.030457
124423,553.519409
124424,553.996033
124425,554.459778
124426,554.910217
124427,555.346558
124428,555.768188
124429,556.174011
124430,556.562988
124431,556.933716
124432,557.284668
124433,557.613708
124434,553.787109
124435,554.275574
124436,554.751648
124437,555.214966
124438,555.664917
124439,556.100769
124440,556.521851
124441,556.927185
124442,557.315552
124443,557.685608
124444,558.035767
124445,558.364136
124446,558.668274
124447,554.574707
124448,555.392395
124449,556.239014
124450,554.892883
124451,555.739929
124452,557.067505
124453,556.568848
124454,556.568848
124455,555.062683
124456,555.879883
124457,555.538269
124458,556.35498
124459,556.725952
124460,557.200562
124461,556.001099
124462,556.817261
124463,557.554016
124464,558.028137
124465,557.662354
124466,556.450562
124467,557.266235
124468,558.489441
124469,558.110779
124470,556.885925
124471,557.701111
124472,558.937439
124473,558.545166
124474,557.306519
124475,558.121155
124476,559.371338
124477,558.964722
124478,557.711304
124479,558.525391
124480,559.790466
124481,559.368408
124482,558.099121
124483,558.912659
124484,560.193787
124485,559.755188
124486,558.468567
124487,559.281555
124488,560.580139
124489,560.123657
124490,558.818054
124491,559.630493
124492,560.948181
124493,560.472107
124494,559.145691
124495,559.95752
124496,561.296265
124497,560.798584
124498,559.449097
124499,560.260254
124500,561.622437
124501,561.10083
124502,559.725647
124503,560.536194
124504,561.924316
124505,561.924377
124506,561.376221
124507,561.376221
124508,551.93457
124509,551.934204
124510,552.898621
124511,552.898376
124512,553.878479
124513,553.878296
124514,554.87262
124515,554.872437
124516,555.879089
124517,555.878967
124518,556.895447
124519,556.895325
124520,557.918823
124521,557.918701
124522,558.94574
124523,558.945679
124524,559.972351
124525,559.97229
124526,560.782043
124527,560.782104
124528,548.160095
124529,548.159546
124530,548.718018
124531,548.784607
124532,549.411316
124533,549.411133
124534,548.784302
124535,549.310547
124536,549.937073
124537,550.071533
124538,550.597168
124539,548.674561
124540,549.178223
124541,549.670349
124542,550.150146
124543,550.617065
124544,551.070496
124545,549.233032
124546,549.736328
124547,550.227661
124548,550.706909
124549,551.173462
124550,551.626587
124551,552.065735
124552,549.825378
124553,550.328308
124554,550.819031
124555,551.297546
124556,551.76355
124557,552.216248
124558,552.654968
124559,553.078918
124560,550.451538
124561,550.954041
124562,551.444214
124563,551.92218
124564,552.387451
124565,552.8396
124566,553.277832
124567,553.701355
124568,554.109131
124569,551.111267
124570,551.613281
124571,552.103027
124572,552.580383
124573,553.045105
124574,553.496643
124575,553.934265
124576,554.357239
124577,554.764465
124578,555.154846
124579,551.509888
124580,552.490051
124581,553.487183
124582,554.500061
124583,555.526978
124584,550.765259
124585,551.290466
124586,551.804016
124587,552.305542
124588,552.794922
124589,553.271851
124590,553.736023
124591,554.18689
124592,554.623901
124593,555.046265
124594,555.452942
124595,555.842712
124596,556.214233
124597,556.565796
124598,550.955261
124599,550.955383
124600,551.491638
124601,552.016357
124602,552.529358
124603,553.030396
124604,553.519348
124605,553.99585
124606,554.459473
124607,554.909851
124608,555.346252
124609,555.768005
124610,556.174011
124611,556.563171
124612,556.934021
124613,557.284973
124614,557.614014
124615,551.714172
124616,552.249878
124617,552.774048
124618,553.286499
124619,553.787109
124620,554.275635
124621,554.751648
124622,555.214844
124623,555.664673
124624,556.100525
124625,556.521606
124626,556.927002
124627,557.315552
124628,557.685791
124629,558.036011
124630,558.36438
124631,558.668518
124632,553.323669
124633,552.503967
124634,554.172241
124635,555.002563
124636,555.002625
124637,553.858337
124638,553.039124
124639,554.70636
124640,555.536255
124641,554.38147
124642,553.562744
124643,555.229004
124644,556.058411
124645,554.892883
124646,554.074707
124647,554.574768
124648,555.392456
124649,555.739929
124650,556.239014
124651,555.062805
124652,555.880005
124653,556.568848
124654,557.067444
124655,556.726013
124656,555.538391
124657,556.355042
124658,557.553955
124659,557.200562
124660,556.001099
124661,556.817261
124662,558.028076
124663,557.662292
124664,556.450439
124665,557.266113
124666,558.489319
124667,558.110657
124668,556.885742
124669,557.700928
124670,558.937256
124671,558.544983
124672,557.306335
124673,558.120972
124674,559.371216
124675,558.964539
124676,557.711121
124677,558.525269
124678,559.790344
124679,559.368347
124680,558.098999
124681,558.912598
124682,560.193787
124683,559.755188
124684,558.468567
124685,559.281555
124686,560.5802
124687,560.123718
124688,558.818176
124689,559.630615
124690,560.948303
124691,560.472229
124692,559.145874
124693,559.957642
124694,561.296448
124695,560.798706
124696,559.44928
124697,560.260437
124698,561.622559
124699,561.100952
124700,559.72583
124701,560.536316
124702,561.924377
124703,561.376282
124704,551.934692
124705,552.898804
124706,553.878601
124707,554.872742
124708,555.879211
124709,556.895569
124710,557.918884
124711,558.945801
124712,559.972412
124713,560.782166
124714,550.820007
124715,550.819702
124716,551.298157
124717,551.298401
124718,551.445007
124719,551.923035
124720,552.388123
124721,551.763855
124722,552.839844
124723,550.706909
124724,551.173035
124725,552.215942
124726,553.277649
124727,550.14917
124728,550.615723
124729,551.625549
124730,552.654175
124731,553.700745
124732,551.068909
124733,552.064453
124734,553.077942
124735,554.108337
124736,551.508484
124737,552.488892
124738,553.486267
124739,554.499329
124740,551.933716
124741,552.89801
124742,553.877991
124743,554.872253
124744,551.613525
124745,551.613464
124746,552.103516
124747,552.581055
124748,553.045776
124749,553.497131
124750,553.934448
124751,554.357056
124752,554.764038
124753,555.154236
124754,555.526367
124755,555.878784
124756,552.305664
124757,552.795166
124758,553.272217
124759,553.736511
124760,554.187439
124761,554.624329
124762,555.046387
124763,555.45282
124764,555.842346
124765,556.213745
124766,556.565369
124767,556.895203
124768,553.030396
124769,553.519348
124770,553.995911
124771,554.459778
124772,554.910217
124773,555.34668
124774,555.76825
124775,556.174133
124776,556.563049
124777,556.933777
124778,557.284607
124779,557.613647
124780,557.91864
124781,553.787048
124782,554.275452
124783,554.751587
124784,555.214905
124785,555.664856
124786,556.10083
124787,556.521912
124788,556.927246
124789,557.315613
124790,557.685669
124791,558.035828
124792,558.364075
124793,558.668213
124794,558.945557
124795,554.574646
124796,555.392334
124797,556.238953
124798,554.892883
124799,555.739929
124800,557.067444
124801,556.568848
124802,555.062622
124803,555.879822
124804,555.538208
124805,556.354919
124806,556.725952
124807,557.2005
124808,556.001038
124809,556.817261
124810,557.553955
124811,558.028137
124812,557.662354
124813,556.4505
124814,557.266174
124815,558.489441
124816,558.110779
124817,556.885925
124818,557.701111
124819,558.937439
124820,558.545166
124821,557.306519
124822,558.121155
124823,559.371338
124824,558.964722
124825,557.711304
124826,558.525452
124827,559.790466
124828,559.368469
124829,558.099182
124830,558.91272
124831,560.193787
124832,559.755249
124833,558.468628
124834,559.281616
124835,560.5802
124836,560.123657
124837,558.818115
124838,559.630554
124839,560.948242
124840,560.472107
124841,559.145691
124842,559.95752
124843,561.296265
124844,560.798584
124845,559.449097
124846,560.260254
124847,561.622375
124848,561.10083
124849,559.725647
124850,560.536133
124851,561.924255
124852,561.37616
124853,559.972229
124854,560.782043
124855,562.19928
124856,562.199341
124857,561.621521
124858,561.621521
124859,552.343811
124860,552.343445
124861,553.29071
124862,553.290405
124863,554.251892
124864,554.251648
124865,555.225586
124866,555.225403
124867,556.209595
124868,556.209473
124869,557.201172
124870,557.20105
124871,558.196899
124872,558.196838
124873,559.193115
124874,559.193054
124875,560.185364
124876,560.185303
124877,560.994324
124878,560.994385
124879,548.159058
124880,548.19165
124881,548.191284
124882,548.717896
124883,548.246765
124884,548.873901
124885,548.873657
124886,548.24646
124887,549.411011
124888,548.784241
124889,549.310669
124890,549.411133
124891,549.937256
124892,550.071655
124893,550.597412
124894,548.674377
124895,549.178101
124896,549.669861
124897,550.149597
124898,550.616638
124899,551.070312
124900,551.509888
124901,549.233154
124902,549.73645
124903,550.227539
124904,550.706604
124905,551.173035
124906,551.626282
124907,552.065552
124908,552.490051
124909,549.825684
124910,550.328552
124911,550.819092
124912,551.297485
124913,551.763245
124914,552.215942
124915,552.654724
124916,553.078796
124917,553.487183
124918,550.451843
124919,550.954285
124920,551.444397
124921,551.922241
124922,552.38739
124923,552.839417
124924,553.277649
124925,553.701172
124926,554.109009
124927,554.5
124928,551.11145
124929,551.613464
124930,552.10321
124931,552.580566
124932,553.045166
124933,553.496582
124934,553.934143
124935,554.357056
124936,554.764343
124937,555.154785
124938,555.526917
124939,551.934692
124940,552.898804
124941,553.878662
124942,554.872803
124943,555.879211
124944,550.765442
124945,551.290649
124946,551.804138
124947,552.305664
124948,552.795044
124949,553.271973
124950,553.736084
124951,554.186951
124952,554.623901
124953,555.046143
124954,555.45282
124955,555.84259
124956,556.214172
124957,556.565796
124958,556.895569
124959,550.955505
124960,551.49176
124961,552.016418
124962,552.529358
124963,553.030457
124964,553.519409
124965,553.995911
124966,554.459595
124967,554.909912
124968,555.346313
124969,555.767944
124970,556.17395
124971,556.563049
124972,556.93396
124973,557.284912
124974,557.613953
124975,557.918884
124976,551.714294
124977,552.249939
124978,552.774109
124979,553.286499
124980,553.787109
124981,554.275635
124982,554.751709
124983,555.214905
124984,555.664734
124985,556.100586
124986,556.521667
124987,556.927002
124988,557.315491
124989,557.685669
124990,558.03595
124991,558.364319
124992,558.668457
124993,558.945801
124994,553.32373
124995,552.504028
124996,554.172302
124997,555.002686
124998,553.858337
124999,553.039185
125000,554.706421
125001,555.536316
125002,554.381409
125003,553.562744
125004,555.229004
125005,556.058411
125006,554.892822
125007,554.074646
125008,554.574707
125009,555.392395
125010,555.739929
125011,556.239014
125012,555.062805
125013,555.880005
125014,556.568848
125015,557.067505
125016,556.726013
125017,555.538391
125018,556.355103
125019,557.554016
125020,557.200623
125021,556.00116
125022,556.817322
125023,558.028137
125024,557.662354
125025,556.4505
125026,557.266174
125027,558.48938
125028,558.110718
125029,556.885803
125030,557.700989
125031,558.937317
125032,558.545044
125033,557.306335
125034,558.121033
125035,559.371216
125036,558.9646
125037,557.711121
125038,558.525269
125039,559.790344
125040,559.368347
125041,558.098999
125042,558.912537
125043,560.193726
125044,559.755188
125045,558.468506
125046,559.281555
125047,560.5802
125048,560.123657
125049,558.818115
125050,559.630554
125051,560.948303
125052,560.472168
125053,559.145813
125054,559.957581
125055,561.296387
125056,560.798706
125057,559.44928
125058,560.260437
125059,561.622498
125060,561.100952
125061,559.72583
125062,560.536316
125063,561.924377
125064,561.376282
125065,559.972412
125066,560.782166
125067,562.199341
125068,561.621582
125069,552.343933
125070,553.290833
125071,554.252014
125072,555.225708
125073,556.209717
125074,557.201233
125075,558.19696
125076,559.193176
125077,560.185364
125078,560.994385
125079,550.329163
125080,550.954529
125081,550.954285
125082,550.328918
125083,550.228821
125084,550.228455
125085,550.707336
125086,550.707642
125087,550.820129
125088,551.298584
125089,551.764099
125090,550.954651
125091,551.445068
125092,551.923096
125093,552.388245
125094,552.840027
125095,551.173462
125096,552.216248
125097,553.277832
125098,550.149597
125099,550.61615
125100,551.625916
125101,552.654419
125102,553.700928
125103,551.069031
125104,552.064575
125105,553.078064
125106,554.108459
125107,551.508362
125108,552.488831
125109,553.486206
125110,554.499268
125111,551.93335
125112,552.897705
125113,553.877747
125114,554.87207
125115,552.343018
125116,553.290039
125117,554.251343
125118,555.22522
125119,551.613586
125120,552.103516
125121,552.581055
125122,553.045837
125123,553.497192
125124,553.934631
125125,554.357239
125126,554.76416
125127,555.154297
125128,555.526367
125129,555.878662
125130,556.20929
125131,552.305664
125132,552.795044
125133,553.272095
125134,553.73645
125135,554.187439
125136,554.62439
125137,555.046509
125138,555.452942
125139,555.842468
125140,556.213806
125141,556.565308
125142,556.895142
125143,557.200928
125144,553.030334
125145,553.519226
125146,553.99585
125147,554.459717
125148,554.910217
125149,555.34668
125150,555.768311
125151,556.174194
125152,556.563171
125153,556.933838
125154,557.284668
125155,557.613647
125156,557.918579
125157,558.196777
125158,553.786926
125159,554.275391
125160,554.751465
125161,555.214844
125162,555.664795
125163,556.100769
125164,556.521912
125165,556.927307
125166,557.315674
125167,557.685791
125168,558.035889
125169,558.364136
125170,558.668213
125171,558.945496
125172,559.192993
125173,554.074585
125174,554.892761
125175,554.892822
125176,554.074646
125177,554.574585
125178,555.392273
125179,556.238892
125180,555.739868
125181,557.067444
125182,556.568848
125183,555.062561
125184,555.879761
125185,555.538147
125186,556.354858
125187,556.725891
125188,557.2005
125189,556.000977
125190,556.8172
125191,557.553955
125192,558.028076
125193,557.662292
125194,556.450439
125195,557.266113
125196,558.489441
125197,558.110718
125198,556.885925
125199,557.70105
125200,558.937439
125201,558.545166
125202,557.306519
125203,558.121155
125204,559.371399
125205,558.964722
125206,557.711365
125207,558.525452
125208,559.790527
125209,559.36853
125210,558.099182
125211,558.91272
125212,560.193848
125213,559.75531
125214,558.468689
125215,559.281677
125216,560.5802
125217,560.123718
125218,558.818176
125219,559.630615
125220,560.948242
125221,560.472107
125222,559.145752
125223,559.957581
125224,561.296265
125225,560.798584
125226,559.449097
125227,560.260254
125228,561.622375
125229,561.10083
125230,559.725586
125231,560.536133
125232,561.924255
125233,561.37616
125234,559.972168
125235,560.781982
125236,562.199219
125237,561.62146
125238,560.185242
125239,560.994263
125240,562.444214
125241,562.444275
125242,561.833191
125243,561.833191
125244,552.736389
125245,552.736084
125246,553.664673
125247,553.664429
125248,554.60553
125249,554.605286
125250,555.556885
125251,555.556702
125252,556.516113
125253,556.515991
125254,557.480164
125255,557.480042
125256,558.44519
125257,558.445129
125258,559.406982
125259,559.406921
125260,560.360718
125261,560.360657
125262,561.168884
125263,561.168884
125264,547.632446
125265,547.631958
125266,548.158936
125267,547.653442
125268,547.653015
125269,548.191162
125270,548.718018
125271,548.873596
125272,548.246338
125273,548.784302
125274,549.310974
125275,549.411316
125276,549.937561
125277,550.071899
125278,550.597595
125279,548.674561
125280,549.178223
125281,549.669739
125282,550.14917
125283,550.61615
125284,551.069946
125285,551.509766
125286,551.934692
125287,549.233521
125288,549.736816
125289,550.227661
125290,550.706421
125291,551.172729
125292,551.625916
125293,552.065247
125294,552.489868
125295,552.898804
125296,549.825989
125297,550.328918
125298,550.819397
125299,551.297546
125300,551.763184
125301,552.215698
125302,552.654419
125303,553.078552
125304,553.487061
125305,553.878601
125306,550.452087
125307,550.954529
125308,551.444702
125309,551.922424
125310,552.387451
125311,552.839355
125312,553.277466
125313,553.700928
125314,554.108826
125315,554.499939
125316,554.872742
125317,551.111572
125318,551.613525
125319,552.103394
125320,552.58075
125321,553.045349
125322,553.496643
125323,553.934082
125324,554.356934
125325,554.76416
125326,555.154602
125327,555.526855
125328,555.879211
125329,552.343933
125330,553.290833
125331,554.252014
125332,555.225708
125333,556.209717
125334,550.765564
125335,551.29071
125336,551.804138
125337,552.305664
125338,552.795166
125339,553.272095
125340,553.736267
125341,554.187073
125342,554.623901
125343,555.046143
125344,555.452698
125345,555.842468
125346,556.21405
125347,556.565735
125348,556.895569
125349,557.201233
125350,551.491821
125351,552.016418
125352,552.529358
125353,553.030396
125354,553.51947
125355,553.996033
125356,554.459717
125357,554.910034
125358,555.346375
125359,555.768005
125360,556.173889
125361,556.562988
125362,556.933838
125363,557.28479
125364,557.613892
125365,557.918884
125366,558.197021
125367,551.714355
125368,552.25
125369,552.774048
125370,553.286438
125371,553.787048
125372,554.275635
125373,554.751709
125374,555.214966
125375,555.664795
125376,556.100647
125377,556.521729
125378,556.927002
125379,557.31543
125380,557.685608
125381,558.035889
125382,558.364258
125383,558.668457
125384,558.945801
125385,559.193176
125386,553.32373
125387,552.504028
125388,554.172302
125389,555.002747
125390,553.858337
125391,553.039124
125392,554.706421
125393,555.536377
125394,554.381409
125395,553.562683
125396,555.229004
125397,556.058411
125398,554.892761
125399,554.074585
125400,554.574646
125401,555.392334
125402,555.739868
125403,556.238953
125404,555.062744
125405,555.879944
125406,556.568848
125407,557.067444
125408,556.726013
125409,555.538391
125410,556.355042
125411,557.554016
125412,557.200623
125413,556.00116
125414,556.817322
125415,558.028137
125416,557.662354
125417,556.450562
125418,557.266235
125419,558.489441
125420,558.110718
125421,556.885925
125422,557.70105
125423,558.937317
125424,558.545105
125425,557.306396
125426,558.121094
125427,559.371277
125428,558.9646
125429,557.711182
125430,558.525269
125431,559.790344
125432,559.368347
125433,558.098999
125434,558.912598
125435,560.193726
125436,559.755188
125437,558.468506
125438,559.281555
125439,560.580139
125440,560.123657
125441,558.818054
125442,559.630493
125443,560.948242
125444,560.472107
125445,559.145752
125446,559.957581
125447,561.296326
125448,560.798645
125449,559.449219
125450,560.260376
125451,561.622498
125452,561.100952
125453,559.725769
125454,560.536255
125455,561.924377
125456,561.376282
125457,559.972412
125458,560.782166
125459,562.199341
125460,561.621582
125461,560.185425
125462,560.994385
125463,562.444275
125464,561.833252
125465,552.736572
125466,553.664795
125467,554.605652
125468,555.556946
125469,556.516235
125470,557.480225
125471,558.445251
125472,559.407043
125473,560.360718
125474,561.168945
125475,549.737549
125476,549.737244
125477,550.329346
125478,549.671265
125479,549.670837
125480,550.150146
125481,550.150513
125482,550.228943
125483,550.707825
125484,551.173767
125485,550.82019
125486,551.298584
125487,551.764221
125488,552.216492
125489,550.452209
125490,551.111572
125491,551.11145
125492,550.452087
125493,550.954712
125494,551.445007
125495,551.923035
125496,552.388306
125497,552.840149
125498,553.278076
125499,550.616638
125500,551.626282
125501,552.654724
125502,553.701172
125503,551.069458
125504,552.06488
125505,553.078308
125506,554.108643
125507,551.508484
125508,552.488892
125509,553.486267
125510,554.499329
125511,551.933167
125512,552.897583
125513,553.877686
125514,554.872009
125515,552.34259
125516,553.289734
125517,554.25116
125518,555.225037
125519,552.735596
125520,553.664062
125521,554.605042
125522,555.556458
125523,551.613525
125524,552.103394
125525,552.580933
125526,553.045776
125527,553.497253
125528,553.934692
125529,554.357361
125530,554.764343
125531,555.154419
125532,555.526367
125533,555.878601
125534,556.209167
125535,556.515808
125536,552.305542
125537,552.794922
125538,553.271973
125539,553.736389
125540,554.187439
125541,554.62439
125542,555.046631
125543,555.453064
125544,555.84259
125545,556.213928
125546,556.565369
125547,556.895081
125548,557.200806
125549,557.479919
125550,553.030212
125551,553.519104
125552,553.995728
125553,554.459595
125554,554.910156
125555,555.34668
125556,555.768372
125557,556.174255
125558,556.563232
125559,556.93396
125560,557.284729
125561,557.613647
125562,557.918518
125563,558.196655
125564,558.445007
125565,553.286316
125566,553.286438
125567,553.786865
125568,554.275269
125569,554.751404
125570,555.214722
125571,555.664734
125572,556.100769
125573,556.521912
125574,556.927307
125575,557.315735
125576,557.685852
125577,558.03595
125578,558.364197
125579,558.668213
125580,558.945496
125581,559.192932
125582,559.40686
125583,553.562622
125584,554.381348
125585,554.381409
125586,553.562683
125587,554.074463
125588,554.8927
125589,555.739807
125590,554.574524
125591,555.392273
125592,556.238892
125593,557.067383
125594,556.568848
125595,555.0625
125596,555.879761
125597,555.538147
125598,556.354858
125599,556.72583
125600,557.200439
125601,556.000916
125602,556.817139
125603,557.553894
125604,558.028015
125605,557.662231
125606,556.450378
125607,557.266052
125608,558.48938
125609,558.110718
125610,556.885803
125611,557.700989
125612,558.937378
125613,558.545105
125614,557.306458
125615,558.121094
125616,559.371338
125617,558.964722
125618,557.711304
125619,558.525452
125620,559.790527
125621,559.36853
125622,558.099243
125623,558.912781
125624,560.193848
125625,559.75531
125626,558.46875
125627,559.281738
125628,560.580261
125629,560.123779
125630,558.818237
125631,559.630676
125632,560.948303
125633,560.472168
125634,559.145813
125635,559.957581
125636,561.296326
125637,560.798645
125638,559.449158
125639,560.260315
125640,561.622375
125641,561.10083
125642,559.725647
125643,560.536133
125644,561.924255
125645,561.376099
125646,559.972168
125647,560.781982
125648,562.199219
125649,561.621399
125650,560.185181
125651,560.994263
125652,562.444214
125653,561.83313
125654,560.360596
125655,561.168823
125656,562.655579
125657,562.655579
125658,562.007141
125659,562.007141
125660,553.110962
125661,553.110657
125662,554.018982
125663,554.018738
125664,554.9375
125665,554.937317
125666,555.864197
125667,555.864014
125668,556.796021
125669,556.795837
125670,557.72937
125671,557.729248
125672,558.660034
125673,558.659973
125674,559.583313
125675,559.583252
125676,560.493591
125677,560.49353
125678,561.300903
125679,561.300964
125680,547.093811
125681,547.093323
125682,547.631775
125683,548.159058
125684,547.652893
125685,548.191284
125686,548.718384
125687,548.873657
125688,548.24646
125689,548.784607
125690,549.31134
125691,549.411621
125692,549.937805
125693,550.072083
125694,550.597717
125695,548.675049
125696,549.178711
125697,549.669861
125698,550.148987
125699,550.615723
125700,551.069458
125701,551.509399
125702,551.93457
125703,552.343933
125704,549.233948
125705,549.737244
125706,550.228027
125707,550.706604
125708,551.172607
125709,551.625549
125710,552.06488
125711,552.489624
125712,552.898621
125713,553.290833
125714,549.826294
125715,550.329163
125716,550.819702
125717,551.297852
125718,551.763245
125719,552.215576
125720,552.654175
125721,553.078308
125722,553.486816
125723,553.878479
125724,554.252014
125725,550.452209
125726,550.954651
125727,551.444885
125728,551.922668
125729,552.387695
125730,552.839417
125731,553.277344
125732,553.700745
125733,554.108643
125734,554.499695
125735,554.87262
125736,555.225708
125737,551.111572
125738,551.613586
125739,552.103516
125740,552.580933
125741,553.045532
125742,553.496765
125743,553.934143
125744,554.356873
125745,554.764038
125746,555.154419
125747,555.526672
125748,555.879089
125749,556.209717
125750,552.736572
125751,553.664856
125752,554.605652
125753,555.557007
125754,556.516235
125755,550.765686
125756,551.290771
125757,551.804138
125758,552.305664
125759,552.795166
125760,553.272217
125761,553.736389
125762,554.187195
125763,554.624023
125764,555.046143
125765,555.452637
125766,555.842346
125767,556.213928
125768,556.565613
125769,556.895447
125770,557.201233
125771,557.480225
125772,550.955627
125773,550.95575
125774,551.491882
125775,552.016418
125776,552.529236
125777,553.030334
125778,553.519409
125779,553.996033
125780,554.459778
125781,554.910156
125782,555.346497
125783,555.768066
125784,556.17395
125785,556.562988
125786,556.933777
125787,557.284729
125788,557.613831
125789,557.918823
125790,558.19696
125791,558.445312
125792,551.714355
125793,552.249939
125794,552.773987
125795,553.286316
125796,553.786926
125797,554.275574
125798,554.751709
125799,555.214966
125800,555.664856
125801,556.100769
125802,556.52179
125803,556.927063
125804,557.315491
125805,557.685608
125806,558.035828
125807,558.364197
125808,558.668396
125809,558.94574
125810,559.193176
125811,559.407043
125812,553.32373
125813,552.504028
125814,554.172363
125815,555.002747
125816,553.858276
125817,553.039062
125818,554.706421
125819,555.536377
125820,554.381348
125821,553.562622
125822,555.228943
125823,556.058411
125824,554.8927
125825,554.074463
125826,554.574585
125827,555.392273
125828,555.739807
125829,556.238892
125830,555.062683
125831,555.879883
125832,556.568848
125833,557.067444
125834,556.725952
125835,555.53833
125836,556.355042
125837,557.554016
125838,557.200623
125839,556.00116
125840,556.817322
125841,558.028137
125842,557.662415
125843,556.450562
125844,557.266235
125845,558.489441
125846,558.110779
125847,556.885925
125848,557.701111
125849,558.937378
125850,558.545105
125851,557.306458
125852,558.121094
125853,559.371277
125854,558.964661
125855,557.711243
125856,558.52533
125857,559.790405
125858,559.368408
125859,558.09906
125860,558.912598
125861,560.193726
125862,559.755188
125863,558.468506
125864,559.281555
125865,560.580139
125866,560.123657
125867,558.818054
125868,559.630493
125869,560.948242
125870,560.472107
125871,559.145691
125872,559.95752
125873,561.296326
125874,560.798645
125875,559.449158
125876,560.260315
125877,561.622437
125878,561.100891
125879,559.725708
125880,560.536194
125881,561.924377
125882,561.376221
125883,559.972351
125884,560.782104
125885,562.199341
125886,561.621582
125887,560.185364
125888,560.994385
125889,562.444275
125890,561.833252
125891,560.360718
125892,561.168945
125893,562.65564
125894,562.007202
125895,553.111145
125896,554.019104
125897,554.937622
125898,555.864319
125899,556.796082
125900,557.729431
125901,558.660095
125902,559.583313
125903,560.493652
125904,561.300964
125905,549.179688
125906,549.17926
125907,549.737732
125908,549.826477
125909,549.826294
125910,550.329346
125911,549.671448
125912,550.150696
125913,550.617065
125914,550.229004
125915,550.707825
125916,551.173889
125917,551.626587
125918,550.820129
125919,551.298584
125920,551.764282
125921,552.216614
125922,552.654968
125923,550.954651
125924,551.444885
125925,551.922913
125926,552.388245
125927,552.84021
125928,553.278137
125929,553.701355
125930,551.069946
125931,552.065247
125932,553.078552
125933,554.108826
125934,551.508911
125935,552.489258
125936,553.486511
125937,554.499512
125938,551.93335
125939,552.897705
125940,553.877747
125941,554.87207
125942,552.342468
125943,553.289612
125944,554.251038
125945,555.224976
125946,552.735229
125947,553.663757
125948,554.604797
125949,555.556274
125950,553.110168
125951,554.018372
125952,554.937012
125953,555.863831
125954,551.613464
125955,552.10321
125956,552.58075
125957,553.045654
125958,553.497192
125959,553.934753
125960,554.357483
125961,554.764465
125962,555.154602
125963,555.52655
125964,555.878662
125965,556.209106
125966,556.515686
125967,556.795715
125968,552.30542
125969,552.794739
125970,553.271851
125971,553.736267
125972,554.187317
125973,554.62439
125974,555.046631
125975,555.453125
125976,555.842712
125977,556.21405
125978,556.565491
125979,556.895142
125980,557.200806
125981,557.479797
125982,557.729126
125983,552.529175
125984,552.529236
125985,553.03009
125986,553.519043
125987,553.995605
125988,554.459473
125989,554.910034
125990,555.346558
125991,555.768311
125992,556.174316
125993,556.563293
125994,556.934021
125995,557.28479
125996,557.613708
125997,557.918579
125998,558.196655
125999,558.444946
126000,558.659912
126001,552.773926
126002,552.773987
126003,553.286255
126004,553.786804
126005,554.275269
126006,554.751343
126007,555.214661
126008,555.664673
126009,556.100647
126010,556.521851
126011,556.927307
126012,557.315735
126013,557.685913
126014,558.036011
126015,558.364258
126016,558.668274
126017,558.945496
126018,559.192871
126019,559.406799
126020,559.583191
126021,553.562561
126022,554.381226
126023,554.074402
126024,554.892639
126025,555.739746
126026,556.568787
126027,554.574524
126028,555.392212
126029,556.238831
126030,557.067322
126031,555.062561
126032,555.879761
126033,555.538147
126034,556.354858
126035,556.72583
126036,557.200439
126037,556.000916
126038,556.817139
126039,557.553833
126040,558.028015
126041,557.662231
126042,556.450317
126043,557.266052
126044,558.489319
126045,558.110657
126046,556.885742
126047,557.700928
126048,558.937317
126049,558.545105
126050,557.306396
126051,558.121094
126052,559.371338
126053,558.964722
126054,557.711304
126055,558.525391
126056,559.790527
126057,559.36853
126058,558.099182
126059,558.91272
126060,560.193909
126061,559.755371
126062,558.46875
126063,559.281738
126064,560.580261
126065,560.123779
126066,558.818298
126067,559.630676
126068,560.948303
126069,560.472229
126070,559.145874
126071,559.957642
126072,561.296326
126073,560.798645
126074,559.449219
126075,560.260376
126076,561.622437
126077,561.10083
126078,559.725647
126079,560.536194
126080,561.924255
126081,561.37616
126082,559.972168
126083,560.781982
126084,562.199219
126085,561.621399
126086,560.185181
126087,560.994202
126088,562.444153
126089,561.83313
126090,560.360535
126091,561.168762
126092,562.655518
126093,562.00708
126094,560.49353
126095,561.300903
126096,562.829224
126097,562.829224
126098,562.13855
126099,562.138611
126100,553.465942
126101,553.465637
126102,554.351746
126103,554.35144
126104,555.245667
126105,555.245483
126106,556.144958
126107,556.144775
126108,557.046204
126109,557.046082
126110,557.945251
126111,557.945129
126112,558.837402
126113,558.837341
126114,559.717224
126115,559.717163
126116,560.578613
126117,560.578552
126118,561.384949
126119,561.38501
126120,547.09314
126121,547.631958
126122,548.159546
126123,547.653015
126124,548.19165
126125,548.718872
126126,548.873901
126127,548.246765
126128,548.784973
126129,549.311646
126130,549.411865
126131,549.937927
126132,550.072205
126133,550.597717
126134,548.675598
126135,549.17926
126136,549.670349
126137,550.14917
126138,550.61554
126139,551.069031
126140,551.508911
126141,551.934204
126142,552.343811
126143,552.736572
126144,549.234314
126145,549.737549
126146,550.228455
126147,550.706909
126148,551.172729
126149,551.625427
126150,552.064575
126151,552.489258
126152,552.898376
126153,553.29071
126154,553.664795
126155,549.826477
126156,550.329346
126157,550.820007
126158,551.298157
126159,551.76355
126160,552.215698
126161,552.654114
126162,553.078064
126163,553.486511
126164,553.878296
126165,554.251892
126166,554.605652
126167,550.452271
126168,550.954712
126169,551.445007
126170,551.922913
126171,552.387939
126172,552.8396
126173,553.277466
126174,553.700684
126175,554.108459
126176,554.499512
126177,554.872437
126178,555.225586
126179,555.556946
126180,551.111572
126181,551.613525
126182,552.103516
126183,552.581055
126184,553.045654
126185,553.496948
126186,553.934265
126187,554.356934
126188,554.763977
126189,555.154297
126190,555.52655
126191,555.878967
126192,556.209595
126193,556.516235
126194,553.111145
126195,554.019165
126196,554.937683
126197,555.864319
126198,556.796143
126199,550.229004
126200,550.229126
126201,550.765686
126202,551.29071
126203,551.804016
126204,552.305542
126205,552.795166
126206,553.272217
126207,553.73645
126208,554.187317
126209,554.624207
126210,555.046265
126211,555.452698
126212,555.842346
126213,556.213806
126214,556.565491
126215,556.895325
126216,557.201172
126217,557.480225
126218,557.729492
126219,550.95575
126220,551.491821
126221,552.016357
126222,552.529175
126223,553.030212
126224,553.519348
126225,553.996033
126226,554.459778
126227,554.910217
126228,555.346558
126229,555.768188
126230,556.174011
126231,556.562988
126232,556.933716
126233,557.284668
126234,557.613708
126235,557.918701
126236,558.196899
126237,558.445251
126238,558.660156
126239,551.714355
126240,552.249878
126241,552.773926
126242,553.286255
126243,553.786865
126244,554.275452
126245,554.751648
126246,555.214966
126247,555.664917
126248,556.100769
126249,556.521851
126250,556.927185
126251,557.315552
126252,557.685608
126253,558.035767
126254,558.364136
126255,558.668274
126256,558.945679
126257,559.193115
126258,559.407043
126259,559.583374
126260,553.323669
126261,552.503967
126262,554.172302
126263,552.777649
126264,553.62677
126265,553.626831
126266,552.777649
126267,555.002808
126268,553.858215
126269,553.039001
126270,554.70636
126271,555.536377
126272,554.381226
126273,553.562561
126274,555.228882
126275,556.058411
126276,554.892639
126277,554.074402
126278,554.574524
126279,555.392273
126280,555.739746
126281,556.238892
126282,555.062622
126283,555.879822
126284,556.568787
126285,557.067383
126286,556.725952
126287,555.538269
126288,556.35498
126289,557.553955
126290,557.200562
126291,556.001099
126292,556.817261
126293,558.028137
126294,557.662354
126295,556.450562
126296,557.266235
126297,558.489441
126298,558.110779
126299,556.885925
126300,557.701111
126301,558.937439
126302,558.545166
126303,557.306519
126304,558.121155
126305,559.371338
126306,558.964722
126307,557.711304
126308,558.525391
126309,559.790466
126310,559.368408
126311,558.099121
126312,558.912659
126313,560.193787
126314,559.755188
126315,558.468567
126316,559.281555
126317,560.580139
126318,560.123657
126319,558.818054
126320,559.630493
126321,560.948181
126322,560.472107
126323,559.145691
126324,559.95752
126325,561.296265
126326,560.798584
126327,559.449097
126328,560.260254
126329,561.622437
126330,561.10083
126331,559.725647
126332,560.536194
126333,561.924316
126334,561.376221
126335,559.97229
126336,560.782043
126337,562.199341
126338,561.621521
126339,560.185364
126340,560.994385
126341,562.444275
126342,561.833252
126343,560.360718
126344,561.168945
126345,562.65564
126346,562.007202
126347,560.493652
126348,561.301025
126349,562.829285
126350,562.138611
126351,553.466064
126352,554.351868
126353,555.245789
126354,556.145081
126355,557.046265
126356,557.945312
126357,558.837463
126358,559.717285
126359,560.578613
126360,561.38501
126361,549.179871
126362,549.234497
126363,549.234314
126364,549.737793
126365,549.311768
126366,549.937927
126367,549.937805
126368,549.311646
126369,549.826538
126370,550.452271
126371,550.329346
126372,549.671448
126373,550.150696
126374,550.617188
126375,551.070312
126376,550.228943
126377,550.707825
126378,551.17395
126379,551.62677
126380,552.065552
126381,550.820007
126382,551.298401
126383,551.764221
126384,552.216675
126385,552.65509
126386,553.078796
126387,550.954529
126388,551.444702
126389,551.922668
126390,552.388123
126391,552.840149
126392,553.278198
126393,553.701477
126394,554.109009
126395,551.509399
126396,552.489624
126397,553.486816
126398,554.499695
126399,551.933716
126400,552.89801
126401,553.877991
126402,554.872253
126403,552.34259
126404,553.289734
126405,554.25116
126406,555.225037
126407,552.735046
126408,553.663635
126409,554.604675
126410,555.556213
126411,553.109802
126412,554.018066
126413,554.936829
126414,555.863647
126415,553.465149
126416,554.351074
126417,555.245178
126418,556.144592
126419,551.11145
126420,551.804016
126421,551.804138
126422,551.111572
126423,551.613281
126424,552.103027
126425,552.580566
126426,553.045532
126427,553.497131
126428,553.934692
126429,554.357483
126430,554.764587
126431,555.154785
126432,555.526672
126433,555.878784
126434,556.209167
126435,556.515625
126436,556.795593
126437,557.045898
126438,551.803894
126439,552.305237
126440,552.794617
126441,553.271729
126442,553.736084
126443,554.187195
126444,554.624329
126445,555.046631
126446,555.453125
126447,555.842773
126448,556.214172
126449,556.565613
126450,556.895203
126451,557.200806
126452,557.479797
126453,557.729065
126454,557.945007
126455,552.016235
126456,552.016357
126457,552.528992
126458,553.030029
126459,553.518982
126460,553.995605
126461,554.459412
126462,554.909912
126463,555.346497
126464,555.76825
126465,556.174255
126466,556.563354
126467,556.934082
126468,557.284912
126469,557.613831
126470,557.91864
126471,558.196655
126472,558.444946
126473,558.65979
126474,558.83728
126475,552.773804
126476,553.286194
126477,553.786743
126478,554.275269
126479,554.751404
126480,555.214661
126481,555.664612
126482,556.100586
126483,556.52179
126484,556.927246
126485,557.315735
126486,557.685913
126487,558.036072
126488,558.364319
126489,558.668396
126490,558.945557
126491,559.192932
126492,559.406799
126493,559.58313
126494,559.717102
126495,553.5625
126496,554.381226
126497,555.228821
126498,555.228882
126499,554.074402
126500,554.892639
126501,555.739746
126502,556.568726
126503,554.574524
126504,555.392273
126505,556.238831
126506,557.067322
126507,555.062622
126508,555.879822
126509,555.538208
126510,556.354919
126511,556.72583
126512,557.200439
126513,556.000916
126514,556.817139
126515,557.553833
126516,558.027954
126517,557.66217
126518,556.450317
126519,557.265991
126520,558.489319
126521,558.110596
126522,556.885742
126523,557.700928
126524,558.937317
126525,558.545044
126526,557.306335
126527,558.121033
126528,559.371277
126529,558.964661
126530,557.711243
126531,558.52533
126532,559.790466
126533,559.368469
126534,558.099182
126535,558.91272
126536,560.193848
126537,559.75531
126538,558.46875
126539,559.281738
126540,560.580322
126541,560.123779
126542,558.818298
126543,559.630676
126544,560.948364
126545,560.472229
126546,559.145874
126547,559.957703
126548,561.296387
126549,560.798706
126550,559.44928
126551,560.260437
126552,561.622437
126553,561.100891
126554,559.725708
126555,560.536194
126556,561.924255
126557,561.37616
126558,559.972229
126559,560.782043
126560,562.199219
126561,561.621399
126562,560.185181
126563,560.994263
126564,562.444153
126565,561.833069
126566,560.360535
126567,561.168762
126568,562.655518
126569,562.00708
126570,560.493469
126571,561.300842
126572,562.829163
126573,562.138489
126574,560.578491
126575,561.384949
126576,562.960327
126577,562.960388
126578,562.221924
126579,562.221985
126580,553.799377
126581,553.799072
126582,554.660645
126583,554.6604
126584,555.527344
126585,555.5271
126586,556.396179
126587,556.395996
126588,557.263123
126589,557.263
126590,558.123779
126591,558.123657
126592,558.972534
126593,558.972473
126594,559.803406
126595,559.803345
126596,560.583618
126597,560.583557
126598,561.389954
126599,561.389954
126600,547.093323
126601,547.632446
126602,548.160095
126603,547.653442
126604,548.192139
126605,548.719238
126606,548.874146
126607,548.247131
126608,548.785278
126609,549.311768
126610,549.412048
126611,549.937988
126612,549.535095
126613,549.535217
126614,550.072266
126615,550.597717
126616,548.676025
126617,549.179688
126618,549.670837
126619,550.149597
126620,550.615723
126621,551.068909
126622,551.508484
126623,551.933716
126624,552.343445
126625,552.736389
126626,553.111145
126627,549.234497
126628,549.737732
126629,550.228821
126630,550.707336
126631,551.173035
126632,551.625549
126633,552.064453
126634,552.488892
126635,552.89801
126636,553.290405
126637,553.664673
126638,554.019104
126639,549.826538
126640,550.329346
126641,550.820129
126642,551.298401
126643,551.763855
126644,552.215942
126645,552.654175
126646,553.077942
126647,553.486267
126648,553.877991
126649,554.251648
126650,554.60553
126651,554.937622
126652,550.452209
126653,550.954651
126654,551.445068
126655,551.923035
126656,552.388123
126657,552.839844
126658,553.277649
126659,553.700745
126660,554.108337
126661,554.499329
126662,554.872253
126663,555.225403
126664,555.556885
126665,555.864319
126666,551.11145
126667,551.613464
126668,552.103516
126669,552.581055
126670,553.045776
126671,553.497131
126672,553.934448
126673,554.357056
126674,554.764038
126675,555.154236
126676,555.526367
126677,555.878784
126678,556.209473
126679,556.516113
126680,556.796082
126681,553.466064
126682,554.351868
126683,555.24585
126684,556.145081
126685,557.046326
126686,550.229126
126687,550.765686
126688,551.290649
126689,551.803894
126690,552.30542
126691,552.795044
126692,553.272217
126693,553.736511
126694,554.187439
126695,554.624329
126696,555.046387
126697,555.45282
126698,555.842346
126699,556.213745
126700,556.565369
126701,556.895203
126702,557.20105
126703,557.480164
126704,557.729431
126705,557.945312
126706,550.95575
126707,551.49176
126708,552.016235
126709,552.528992
126710,553.03009
126711,553.519226
126712,553.995911
126713,554.459778
126714,554.910217
126715,555.34668
126716,555.76825
126717,556.174133
126718,556.563049
126719,556.933777
126720,557.284607
126721,557.613647
126722,557.91864
126723,558.196838
126724,558.44519
126725,558.660095
126726,558.837463
126727,551.714294
126728,552.249817
126729,552.773804
126730,553.286194
126731,553.786804
126732,554.275391
126733,554.751587
126734,555.214905
126735,555.664856
126736,556.10083
126737,556.521912
126738,556.927246
126739,557.315613
126740,557.685669
126741,558.035828
126742,558.364075
126743,558.668213
126744,558.945557
126745,559.193054
126746,559.406982
126747,559.583313
126748,559.717285
126749,553.323608
126750,552.503906
126751,554.172302
126752,553.62677
126753,552.777649
126754,555.002747
126755,554.457764
126756,554.457764
126757,553.858154
126758,553.03894
126759,554.706299
126760,555.536316
126761,554.381226
126762,553.5625
126763,555.228821
126764,556.05835
126765,554.892639
126766,554.074402
126767,554.574524
126768,555.392212
126769,555.739746
126770,556.238831
126771,555.062561
126772,555.879761
126773,556.568726
126774,557.067322
126775,556.725891
126776,555.538208
126777,556.354919
126778,557.553955
126779,557.2005
126780,556.001038
126781,556.817261
126782,558.028137
126783,557.662354
126784,556.4505
126785,557.266174
126786,558.489441
126787,558.110779
126788,556.885925
126789,557.701111
126790,558.937439
126791,558.545166
126792,557.306519
126793,558.121155
126794,559.371338
126795,558.964722
126796,557.711304
126797,558.525452
126798,559.790466
126799,559.368469
126800,558.099182
126801,558.91272
126802,560.193787
126803,559.755249
126804,558.468628
126805,559.281616
126806,560.5802
126807,560.123657
126808,558.818115
126809,559.630554
126810,560.948242
126811,560.472107
126812,559.145691
126813,559.95752
126814,561.296265
126815,560.798584
126816,559.449097
126817,560.260254
126818,561.622375
126819,561.10083
126820,559.725647
126821,560.536133
126822,561.924255
126823,561.37616
126824,559.972229
126825,560.782043
126826,562.19928
126827,561.621521
126828,560.185303
126829,560.994324
126830,562.444275
126831,561.833191
126832,560.360718
126833,561.168884
126834,562.65564
126835,562.007202
126836,560.493652
126837,561.300964
126838,562.829285
126839,562.138611
126840,560.578674
126841,561.385071
126842,562.960388
126843,562.221985
126844,553.7995
126845,554.660767
126846,555.527466
126847,556.39624
126848,557.263245
126849,558.12384
126850,558.972595
126851,559.803467
126852,560.583618
126853,561.390015
126854,548.676208
126855,548.676025
126856,549.179871
126857,548.719421
126858,548.719238
126859,549.234558
126860,549.737732
126861,549.311829
126862,549.937988
126863,549.826477
126864,550.452209
126865,550.329163
126866,549.671448
126867,550.150696
126868,550.617249
126869,551.070496
126870,551.509766
126871,550.228821
126872,550.707642
126873,551.173889
126874,551.62677
126875,552.065735
126876,552.489868
126877,550.819702
126878,551.298157
126879,551.764099
126880,552.216614
126881,552.655151
126882,553.078918
126883,553.487061
126884,550.452087
126885,550.954285
126886,551.444397
126887,551.922424
126888,552.387939
126889,552.840027
126890,553.278137
126891,553.701477
126892,554.109131
126893,554.499939
126894,551.934204
126895,552.898376
126896,553.878296
126897,554.872437
126898,552.343018
126899,553.290039
126900,554.251343
126901,555.22522
126902,552.735229
126903,553.663757
126904,554.604797
126905,555.556274
126906,553.10968
126907,554.017944
126908,554.936707
126909,555.863586
126910,553.464783
126911,554.35083
126912,555.244995
126913,556.144409
126914,553.798584
126915,554.660034
126916,555.526855
126917,556.395813
126918,550.597595
126919,551.290649
126920,551.29071
126921,550.597717
126922,551.111267
126923,551.613037
126924,552.102844
126925,552.580383
126926,553.045349
126927,553.496948
126928,553.934631
126929,554.357483
126930,554.764587
126931,555.154846
126932,555.526855
126933,555.878967
126934,556.20929
126935,556.515686
126936,556.795532
126937,557.045776
126938,557.262878
126939,551.290466
126940,551.803711
126941,552.305115
126942,552.794556
126943,553.271667
126944,553.736023
126945,554.187073
126946,554.624207
126947,555.046509
126948,555.453125
126949,555.842834
126950,556.214233
126951,556.565735
126952,556.895325
126953,557.200928
126954,557.479797
126955,557.729004
126956,557.944946
126957,558.123535
126958,552.016113
126959,552.528931
126960,553.029968
126961,553.519043
126962,553.995605
126963,554.459351
126964,554.909851
126965,555.346375
126966,555.768188
126967,556.174194
126968,556.563293
126969,556.934143
126970,557.284973
126971,557.613892
126972,557.918701
126973,558.196777
126974,558.444946
126975,558.65979
126976,558.837219
126977,558.972351
126978,552.773743
126979,553.286133
126980,553.786804
126981,554.275391
126982,554.751465
126983,555.214661
126984,555.664551
126985,556.100525
126986,556.521729
126987,556.927185
126988,557.315674
126989,557.685913
126990,558.036072
126991,558.36438
126992,558.668457
126993,558.945679
126994,559.192993
126995,559.406799
126996,559.583069
126997,559.717041
126998,559.803284
126999,553.038879
127000,553.858093
127001,553.858154
127002,553.03894
127003,553.562439
127004,554.381165
127005,555.228821
127006,554.706238
127007,554.706299
127008,553.858215
127009,556.058289
127010,556.05835
127011,554.074402
127012,554.892639
127013,555.739685
127014,556.568665
127015,554.574585
127016,555.392273
127017,556.238831
127018,557.067261
127019,555.062683
127020,555.879883
127021,555.538269
127022,556.35498
127023,556.725891
127024,557.2005
127025,556.000977
127026,556.8172
127027,557.553833
127028,558.028015
127029,557.662231
127030,556.450317
127031,557.266052
127032,558.489258
127033,558.110596
127034,556.885681
127035,557.700867
127036,558.937256
127037,558.544983
127038,557.306335
127039,558.120972
127040,559.371277
127041,558.9646
127042,557.711182
127043,558.525269
127044,559.790466
127045,559.368408
127046,558.099121
127047,558.912659
127048,560.193848
127049,559.75531
127050,558.468689
127051,559.281677
127052,560.580261
127053,560.123779
127054,558.818298
127055,559.630676
127056,560.948364
127057,560.47229
127058,559.145935
127059,559.957703
127060,561.296448
127061,560.798706
127062,559.44928
127063,560.260437
127064,561.622498
127065,561.100952
127066,559.725769
127067,560.536255
127068,561.924316
127069,561.376221
127070,559.97229
127071,560.782043
127072,562.199219
127073,561.62146
127074,560.185242
127075,560.994263
127076,562.444153
127077,561.83313
127078,560.360535
127079,561.168762
127080,562.655518
127081,562.007019
127082,560.493469
127083,561.300842
127084,562.829163
127085,562.138489
127086,560.578491
127087,561.384888
127088,562.960327
127089,562.221924
127090,560.583496
127091,561.389893
127092,563.043457
127093,563.043518
127094,562.22699
127095,562.22699
127096,554.10907
127097,554.108765
127098,554.943176
127099,554.942932
127100,555.77948
127101,555.779297
127102,556.614136
127103,556.614014
127104,557.44281
127105,557.442688
127106,558.260132
127107,558.26001
127108,559.06012
127109,559.060059
127110,559.808594
127111,559.808533
127112,547.093811
127113,547.632996
127114,548.160583
127115,547.65387
127116,548.192505
127117,548.719421
127118,547.697449
127119,548.324951
127120,548.325256
127121,547.697815
127122,548.87439
127123,548.247437
127124,548.785461
127125,549.311829
127126,548.874573
127127,549.412048
127128,549.937927
127129,549.535217
127130,550.072205
127131,550.597595
127132,548.676208
127133,549.179871
127134,549.671265
127135,550.150146
127136,550.61615
127137,551.069031
127138,551.508362
127139,551.93335
127140,552.343018
127141,552.736084
127142,553.110962
127143,553.466064
127144,549.234558
127145,549.737793
127146,550.228943
127147,550.707642
127148,551.173462
127149,551.625916
127150,552.064575
127151,552.488831
127152,552.897705
127153,553.290039
127154,553.664429
127155,554.018982
127156,554.351868
127157,549.826477
127158,550.329346
127159,550.82019
127160,551.298584
127161,551.764099
127162,552.216248
127163,552.654419
127164,553.078064
127165,553.486206
127166,553.877747
127167,554.251343
127168,554.605286
127169,554.9375
127170,555.245789
127171,550.452087
127172,550.954529
127173,551.445007
127174,551.923096
127175,552.388245
127176,552.840027
127177,553.277832
127178,553.700928
127179,554.108459
127180,554.499268
127181,554.87207
127182,555.22522
127183,555.556702
127184,555.864197
127185,556.145081
127186,551.111267
127187,551.613281
127188,552.103394
127189,552.581055
127190,553.045837
127191,553.497192
127192,553.934631
127193,554.357239
127194,554.76416
127195,555.154297
127196,555.526367
127197,555.878662
127198,556.20929
127199,556.515991
127200,556.796021
127201,557.046265
127202,553.7995
127203,554.660828
127204,555.527466
127205,556.396301
127206,557.263245
127207,550.229126
127208,550.765564
127209,551.290466
127210,551.803711
127211,552.305237
127212,552.794922
127213,553.272095
127214,553.73645
127215,554.187439
127216,554.62439
127217,555.046509
127218,555.452942
127219,555.842468
127220,556.213806
127221,556.565308
127222,556.895142
127223,557.200928
127224,557.480042
127225,557.72937
127226,557.945312
127227,558.12384
127228,550.955627
127229,551.491638
127230,552.016113
127231,552.528931
127232,553.030029
127233,553.519104
127234,553.99585
127235,554.459717
127236,554.910217
127237,555.34668
127238,555.768311
127239,556.174194
127240,556.563171
127241,556.933838
127242,557.284668
127243,557.613647
127244,557.918579
127245,558.196777
127246,558.445129
127247,558.660034
127248,558.837463
127249,558.972595
127250,551.714172
127251,552.249695
127252,552.773743
127253,553.286133
127254,553.786743
127255,554.275269
127256,554.751465
127257,555.214844
127258,555.664795
127259,556.100769
127260,556.521912
127261,556.927307
127262,557.315674
127263,557.685791
127264,558.035889
127265,558.364136
127266,558.668213
127267,558.945496
127268,559.192993
127269,559.406921
127270,559.583313
127271,559.717285
127272,559.803467
127273,553.323547
127274,552.503784
127275,554.172241
127276,555.002747
127277,554.457764
127278,553.858093
127279,553.038879
127280,554.706238
127281,555.536255
127282,554.381165
127283,553.562439
127284,555.228821
127285,556.058289
127286,554.892639
127287,554.074402
127288,554.574524
127289,555.392273
127290,555.739685
127291,556.238831
127292,555.0625
127293,555.879761
127294,556.568665
127295,557.067322
127296,556.72583
127297,555.538147
127298,556.354858
127299,557.553894
127300,557.2005
127301,556.000977
127302,556.8172
127303,558.028076
127304,557.662292
127305,556.450439
127306,557.266113
127307,558.489441
127308,558.110718
127309,556.885925
127310,557.70105
127311,558.937439
127312,558.545166
127313,557.306519
127314,558.121155
127315,559.371399
127316,558.964722
127317,557.711365
127318,558.525452
127319,559.790527
127320,559.36853
127321,558.099182
127322,558.91272
127323,560.193848
127324,559.75531
127325,558.468689
127326,559.281677
127327,560.5802
127328,560.123718
127329,558.818176
127330,559.630615
127331,560.948242
127332,560.472107
127333,559.145752
127334,559.957581
127335,561.296265
127336,560.798584
127337,559.449097
127338,560.260254
127339,561.622375
127340,561.10083
127341,559.725586
127342,560.536133
127343,561.924255
127344,561.37616
127345,559.972168
127346,560.781982
127347,562.199219
127348,561.62146
127349,560.185242
127350,560.994263
127351,562.444214
127352,561.833191
127353,560.360657
127354,561.168884
127355,562.655579
127356,562.007141
127357,560.493591
127358,561.300964
127359,562.829285
127360,562.138611
127361,560.578613
127362,561.38501
127363,562.960388
127364,562.222046
127365,560.583679
127366,561.390015
127367,563.043518
127368,562.227051
127369,554.109253
127370,554.943298
127371,555.779602
127372,556.614258
127373,557.442871
127374,558.260132
127375,559.06012
127376,559.808594
127377,548.160767
127378,548.160583
127379,548.67627
127380,549.179871
127381,548.719482
127382,549.234497
127383,549.737549
127384,549.311768
127385,549.937927
127386,549.826294
127387,550.328918
127388,549.671265
127389,550.150513
127390,550.617188
127391,551.070496
127392,551.509888
127393,551.93457
127394,550.228455
127395,550.707336
127396,551.173767
127397,551.62677
127398,552.065735
127399,552.490051
127400,552.898621
127401,550.819397
127402,551.297852
127403,551.763855
127404,552.216492
127405,552.65509
127406,553.078979
127407,553.487183
127408,553.878479
127409,550.451843
127410,550.954041
127411,551.444214
127412,551.922241
127413,552.387695
127414,552.839844
127415,553.278076
127416,553.701477
127417,554.109192
127418,554.5
127419,554.87262
127420,552.343445
127421,553.290405
127422,554.251648
127423,555.225403
127424,552.735596
127425,553.664062
127426,554.605042
127427,555.556458
127428,553.109802
127429,554.018066
127430,554.936829
127431,555.863647
127432,553.464661
127433,554.350708
127434,555.244873
127435,556.144348
127436,553.798218
127437,554.65979
127438,555.526611
127439,556.39563
127440,554.108337
127441,554.942566
127442,555.779053
127443,556.61377
127444,550.597412
127445,551.111023
127446,551.612915
127447,552.102783
127448,552.580322
127449,553.045166
127450,553.496765
127451,553.934448
127452,554.357361
127453,554.764587
127454,555.154907
127455,555.526917
127456,555.879089
127457,556.209473
127458,556.515808
127459,556.795593
127460,557.045776
127461,557.262756
127462,557.442566
127463,551.290283
127464,551.803589
127465,552.305115
127466,552.794617
127467,553.271729
127468,553.735962
127469,554.186951
127470,554.624023
127471,555.046387
127472,555.453064
127473,555.842773
127474,556.214233
127475,556.565796
127476,556.895447
127477,557.20105
127478,557.479919
127479,557.729065
127480,557.944885
127481,558.123474
127482,558.259888
127483,552.015991
127484,552.52887
127485,553.030029
127486,553.519104
127487,553.995728
127488,554.459412
127489,554.90979
127490,555.346313
127491,555.768066
127492,556.174133
127493,556.563232
127494,556.934082
127495,557.284973
127496,557.613953
127497,557.918823
127498,558.196838
127499,558.445007
127500,558.65979
127501,558.837158
127502,558.97229
127503,559.059937
127504,552.249634
127505,552.249695
127506,552.773682
127507,553.286194
127508,553.786865
127509,554.275452
127510,554.751587
127511,555.214722
127512,555.664612
127513,556.100464
127514,556.521667
127515,556.927063
127516,557.315613
127517,557.685852
127518,558.036072
127519,558.36438
127520,558.668457
127521,558.94574
127522,559.193054
127523,559.40686
127524,559.58313
127525,559.717041
127526,559.803284
127527,559.808472
127528,552.503723
127529,553.323486
127530,553.323547
127531,552.503784
127532,553.038818
127533,553.858093
127534,554.706238
127535,553.5625
127536,554.381226
127537,555.22876
127538,556.058228
127539,555.536194
127540,555.536255
127541,554.074463
127542,554.8927
127543,555.739746
127544,556.568665
127545,554.574646
127546,555.392334
127547,556.238892
127548,557.067322
127549,555.062744
127550,555.879944
127551,555.53833
127552,556.355042
127553,556.725952
127554,557.2005
127555,556.001038
127556,556.817261
127557,557.553894
127558,558.028015
127559,557.662231
127560,556.450378
127561,557.266052
127562,558.489319
127563,558.110596
127564,556.885742
127565,557.700928
127566,558.937256
127567,558.544983
127568,557.306274
127569,558.120972
127570,559.371216
127571,558.9646
127572,557.711121
127573,558.525269
127574,559.790405
127575,559.368408
127576,558.09906
127577,558.912598
127578,560.193787
127579,559.755249
127580,558.468628
127581,559.281616
127582,560.580261
127583,560.123779
127584,558.818237
127585,559.630676
127586,560.948364
127587,560.472229
127588,559.145874
127589,559.957703
127590,561.296448
127591,560.798767
127592,559.449341
127593,560.260437
127594,561.622498
127595,561.100952
127596,559.72583
127597,560.536316
127598,561.924377
127599,561.376221
127600,559.972351
127601,560.782104
127602,562.19928
127603,561.621521
127604,560.185303
127605,560.994324
127606,562.444214
127607,561.83313
127608,560.360596
127609,561.168823
127610,562.655518
127611,562.00708
127612,560.493469
127613,561.300842
127614,562.829163
127615,562.138489
127616,560.578491
127617,561.384888
127618,562.960266
127619,562.221924
127620,560.583496
127621,561.389832
127622,563.043457
127623,562.226929
127624,562.791016
127625,562.791016
127626,554.392456
127627,554.392151
127628,555.19635
127629,555.196045
127630,555.998535
127631,555.998352
127632,556.795044
127633,556.794861
127634,557.580444
127635,557.580322
127636,558.349182
127637,558.349121
127638,559.065491
127639,559.06543
127640,547.094421
127641,547.633484
127642,548.160767
127643,547.103699
127644,547.104187
127645,547.654236
127646,548.192688
127647,548.719482
127648,548.3255
127649,547.69812
127650,548.24762
127651,548.785522
127652,549.311768
127653,548.986572
127654,548.986694
127655,548.325623
127656,548.874634
127657,549.412048
127658,549.937805
127659,549.535217
127660,550.072083
127661,550.597412
127662,548.67627
127663,549.179871
127664,549.671448
127665,550.150513
127666,550.616638
127667,551.069458
127668,551.508484
127669,551.933167
127670,552.34259
127671,552.735596
127672,553.110657
127673,553.465942
127674,553.7995
127675,549.234497
127676,549.737732
127677,550.229004
127678,550.707825
127679,551.173767
127680,551.626282
127681,552.06488
127682,552.488892
127683,552.897583
127684,553.289734
127685,553.664062
127686,554.018738
127687,554.351746
127688,554.660767
127689,549.826294
127690,550.329163
127691,550.820129
127692,551.298584
127693,551.764221
127694,552.216492
127695,552.654724
127696,553.078308
127697,553.486267
127698,553.877686
127699,554.25116
127700,554.605042
127701,554.937317
127702,555.245667
127703,555.527466
127704,550.451843
127705,550.954285
127706,551.444885
127707,551.923035
127708,552.388306
127709,552.840149
127710,553.278076
127711,553.701172
127712,554.108643
127713,554.499329
127714,554.872009
127715,555.225037
127716,555.556458
127717,555.864014
127718,556.144958
127719,556.39624
127720,551.111023
127721,551.613037
127722,552.10321
127723,552.580933
127724,553.045776
127725,553.497253
127726,553.934692
127727,554.357361
127728,554.764343
127729,555.154419
127730,555.526367
127731,555.878601
127732,556.209167
127733,556.515808
127734,556.795837
127735,557.046204
127736,557.263245
127737,554.109253
127738,554.943359
127739,555.779663
127740,556.614258
127741,557.442932
127742,550.229004
127743,550.765442
127744,551.290283
127745,551.803589
127746,552.305115
127747,552.794739
127748,553.271973
127749,553.736389
127750,554.187439
127751,554.62439
127752,555.046631
127753,555.453064
127754,555.84259
127755,556.213928
127756,556.565369
127757,556.895081
127758,557.200806
127759,557.479919
127760,557.729248
127761,557.945251
127762,558.12384
127763,558.260193
127764,550.955505
127765,551.491516
127766,552.015991
127767,552.52887
127768,553.029968
127769,553.519043
127770,553.995728
127771,554.459595
127772,554.910156
127773,555.34668
127774,555.768372
127775,556.174255
127776,556.563232
127777,556.93396
127778,557.284729
127779,557.613647
127780,557.918518
127781,558.196655
127782,558.445007
127783,558.659973
127784,558.837402
127785,558.972595
127786,559.060181
127787,551.71405
127788,552.249634
127789,552.773682
127790,553.286194
127791,553.786804
127792,554.275269
127793,554.751404
127794,555.214722
127795,555.664734
127796,556.100769
127797,556.521912
127798,556.927307
127799,557.315735
127800,557.685852
127801,558.03595
127802,558.364197
127803,558.668213
127804,558.945496
127805,559.192932
127806,559.40686
127807,559.583252
127808,559.717224
127809,559.803467
127810,559.808655
127811,551.957275
127812,552.777527
127813,552.777466
127814,551.957214
127815,553.323486
127816,552.503723
127817,554.17218
127818,555.002686
127819,553.858093
127820,553.038818
127821,554.706238
127822,555.536194
127823,554.381226
127824,553.5625
127825,555.22876
127826,556.058228
127827,554.8927
127828,554.074463
127829,554.574585
127830,555.392273
127831,555.739746
127832,556.238831
127833,555.062561
127834,555.879761
127835,556.568665
127836,557.067261
127837,556.72583
127838,555.538147
127839,556.354858
127840,557.553833
127841,557.200439
127842,556.000916
127843,556.817139
127844,558.028015
127845,557.662231
127846,556.450378
127847,557.266052
127848,558.48938
127849,558.110718
127850,556.885803
127851,557.700989
127852,558.937378
127853,558.545105
127854,557.306458
127855,558.121094
127856,559.371338
127857,558.964722
127858,557.711304
127859,558.525452
127860,559.790527
127861,559.36853
127862,558.099243
127863,558.912781
127864,560.193848
127865,559.75531
127866,558.46875
127867,559.281738
127868,560.580261
127869,560.123779
127870,558.818237
127871,559.630676
127872,560.948303
127873,560.472168
127874,559.145813
127875,559.957581
127876,561.296326
127877,560.798645
127878,559.449158
127879,560.260315
127880,561.622375
127881,561.10083
127882,559.725647
127883,560.536133
127884,561.924255
127885,561.376099
127886,559.972168
127887,560.781982
127888,562.199219
127889,561.621399
127890,560.185181
127891,560.994263
127892,562.444214
127893,561.83313
127894,560.360596
127895,561.168823
127896,562.655579
127897,562.007141
127898,560.49353
127899,561.300903
127900,562.829224
127901,562.138611
127902,560.578613
127903,561.38501
127904,562.960388
127905,562.221985
127906,560.583618
127907,561.390015
127908,563.043518
127909,562.227051
127910,562.791016
127911,554.392578
127912,555.196411
127913,555.998657
127914,556.795105
127915,557.580505
127916,558.349243
127917,559.065552
127918,548.160828
127919,548.676208
127920,549.179688
127921,548.719421
127922,549.234314
127923,549.737244
127924,548.785461
127925,549.412048
127926,549.412048
127927,548.785522
127928,549.311646
127929,549.937805
127930,549.825989
127931,550.328552
127932,549.670837
127933,550.150146
127934,550.617065
127935,551.070496
127936,551.509888
127937,551.934692
127938,552.343811
127939,550.228027
127940,550.706909
127941,551.173462
127942,551.626587
127943,552.065735
127944,552.490051
127945,552.898804
127946,553.29071
127947,550.819092
127948,551.297546
127949,551.76355
127950,552.216248
127951,552.654968
127952,553.078918
127953,553.487183
127954,553.878601
127955,554.251892
127956,549.937561
127957,550.451538
127958,550.953796
127959,551.444153
127960,551.92218
127961,552.387451
127962,552.8396
127963,553.277832
127964,553.701355
127965,554.109131
127966,554.500061
127967,554.872742
127968,555.225586
127969,552.736084
127970,553.664429
127971,554.605286
127972,555.556702
127973,553.110168
127974,554.018372
127975,554.937012
127976,555.863831
127977,553.464783
127978,554.35083
127979,555.244995
127980,556.144409
127981,553.798096
127982,554.659668
127983,555.52655
127984,556.395569
127985,554.107971
127986,554.942322
127987,555.778809
127988,556.613647
127989,554.391724
127990,555.19574
127991,555.998108
127992,556.794678
127993,550.597168
127994,551.11084
127995,551.612854
127996,552.102844
127997,552.580383
127998,553.045105
127999,553.496643
128000,553.934265
128001,554.357239
128002,554.764465
128003,555.154846
128004,555.526978
128005,555.879211
128006,556.209595
128007,556.515991
128008,556.795715
128009,557.045776
128010,557.262695
128011,557.442444
128012,557.5802
128013,550.765259
128014,551.491516
128015,551.491638
128016,550.765442
128017,551.290161
128018,551.803528
128019,552.305115
128020,552.794739
128021,553.271851
128022,553.736023
128023,554.18689
128024,554.623901
128025,555.046265
128026,555.452942
128027,555.842712
128028,556.214233
128029,556.565796
128030,556.895569
128031,557.201172
128032,557.480042
128033,557.729126
128034,557.944946
128035,558.123413
128036,558.259827
128037,558.348999
128038,551.491394
128039,552.01593
128040,552.528931
128041,553.03009
128042,553.519226
128043,553.99585
128044,554.459473
128045,554.909851
128046,555.346252
128047,555.768005
128048,556.174011
128049,556.563171
128050,556.934021
128051,557.284973
128052,557.614014
128053,557.918884
128054,558.196899
128055,558.445129
128056,558.659912
128057,558.837219
128058,558.97229
128059,559.059875
128060,559.065369
128061,551.713989
128062,551.71405
128063,552.249573
128064,552.773743
128065,553.286255
128066,553.786926
128067,554.275574
128068,554.751648
128069,555.214844
128070,555.664673
128071,556.100525
128072,556.521606
128073,556.927002
128074,557.315552
128075,557.685791
128076,558.036011
128077,558.36438
128078,558.668518
128079,558.945801
128080,559.193115
128081,559.406921
128082,559.583191
128083,559.717041
128084,559.803223
128085,559.808411
128086,552.503723
128087,553.323486
128088,554.172119
128089,554.17218
128090,553.038879
128091,553.858093
128092,554.706238
128093,555.536194
128094,553.562561
128095,554.381226
128096,555.228821
128097,556.058228
128098,554.074585
128099,554.892761
128100,555.739746
128101,556.568665
128102,554.574707
128103,555.392395
128104,556.238892
128105,557.067322
128106,555.062805
128107,555.880005
128108,555.538391
128109,556.355042
128110,556.725952
128111,557.200562
128112,556.001099
128113,556.817261
128114,557.553955
128115,558.028076
128116,557.662292
128117,556.450439
128118,557.266113
128119,558.489319
128120,558.110657
128121,556.885742
128122,557.700928
128123,558.937256
128124,558.544983
128125,557.306335
128126,558.120972
128127,559.371216
128128,558.964539
128129,557.711121
128130,558.525269
128131,559.790344
128132,559.368347
128133,558.098999
128134,558.912598
128135,560.193787
128136,559.755188
128137,558.468567
128138,559.281555
128139,560.5802
128140,560.123718
128141,558.818176
128142,559.630615
128143,560.948303
128144,560.472229
128145,559.145874
128146,559.957642
128147,561.296448
128148,560.798706
128149,559.44928
128150,560.260437
128151,561.622559
128152,561.100952
128153,559.72583
128154,560.536316
128155,561.924377
128156,561.376282
128157,559.972412
128158,560.782166
128159,562.199341
128160,561.621521
128161,560.185364
128162,560.994385
128163,562.444214
128164,561.833191
128165,560.360657
128166,561.168884
128167,562.655518
128168,562.00708
128169,560.49353
128170,561.300903
128171,562.829163
128172,562.138489
128173,560.578491
128174,561.384888
128175,562.960266
128176,562.221863
128177,560.583496
128178,561.389832
128179,563.043396
128180,562.226929
128181,562.790955
128182,554.646545
128183,554.64624
128184,555.416443
128185,555.416199
128186,556.180603
128187,556.18042
128188,556.93396
128189,556.933838
128190,557.671204
128191,557.671082
128192,558.354858
128193,558.354797
128194,546.543762
128195,546.544312
128196,547.094849
128197,547.633667
128198,548.160828
128199,547.104553
128200,547.65448
128201,548.192749
128202,548.719421
128203,547.137024
128204,547.764893
128205,547.765137
128206,547.137329
128207,547.698303
128208,548.247681
128209,548.785461
128210,549.311646
128211,548.986755
128212,548.325684
128213,548.874573
128214,549.411865
128215,549.937561
128216,549.535095
128217,550.071899
128218,550.597168
128219,548.676208
128220,549.179871
128221,549.671448
128222,550.150696
128223,550.617065
128224,551.069946
128225,551.508911
128226,551.93335
128227,552.342468
128228,552.735229
128229,553.110168
128230,553.465637
128231,553.799377
128232,554.109253
128233,549.234314
128234,549.737549
128235,550.228943
128236,550.707825
128237,551.173889
128238,551.626587
128239,552.065247
128240,552.489258
128241,552.897705
128242,553.289612
128243,553.663757
128244,554.018372
128245,554.35144
128246,554.660645
128247,554.943298
128248,549.825989
128249,550.328918
128250,550.820007
128251,551.298584
128252,551.764282
128253,552.216614
128254,552.654968
128255,553.078552
128256,553.486511
128257,553.877747
128258,554.251038
128259,554.604797
128260,554.937012
128261,555.245483
128262,555.527344
128263,555.779602
128264,550.451538
128265,550.954041
128266,551.444702
128267,551.922913
128268,552.388245
128269,552.84021
128270,553.278137
128271,553.701355
128272,554.108826
128273,554.499512
128274,554.87207
128275,555.224976
128276,555.556274
128277,555.863831
128278,556.144775
128279,556.396179
128280,556.614258
128281,551.11084
128282,551.612915
128283,552.103027
128284,552.58075
128285,553.045654
128286,553.497192
128287,553.934753
128288,554.357483
128289,554.764465
128290,555.154602
128291,555.52655
128292,555.878662
128293,556.209106
128294,556.515686
128295,556.795715
128296,557.046082
128297,557.263123
128298,557.442871
128299,554.392578
128300,555.196472
128301,555.998657
128302,556.795105
128303,557.580566
128304,550.228821
128305,550.765259
128306,551.290161
128307,551.803528
128308,552.305115
128309,552.794617
128310,553.271851
128311,553.736267
128312,554.187317
128313,554.62439
128314,555.046631
128315,555.453125
128316,555.842712
128317,556.21405
128318,556.565491
128319,556.895142
128320,557.200806
128321,557.479797
128322,557.729126
128323,557.945129
128324,558.123779
128325,558.260132
128326,558.349243
128327,550.408081
128328,551.167175
128329,551.167053
128330,550.407959
128331,550.955383
128332,551.491394
128333,552.01593
128334,552.528931
128335,553.030029
128336,553.518982
128337,553.995605
128338,554.459473
128339,554.910034
128340,555.346558
128341,555.768311
128342,556.174316
128343,556.563293
128344,556.934021
128345,557.28479
128346,557.613708
128347,557.918579
128348,558.196655
128349,558.444946
128350,558.659912
128351,558.837341
128352,558.972534
128353,559.06012
128354,559.065552
128355,551.166992
128356,551.713989
128357,552.249573
128358,552.773743
128359,553.286255
128360,553.786865
128361,554.275269
128362,554.751343
128363,555.214661
128364,555.664673
128365,556.100647
128366,556.521851
128367,556.927307
128368,557.315735
128369,557.685913
128370,558.036011
128371,558.364258
128372,558.668274
128373,558.945496
128374,559.192871
128375,559.406799
128376,559.583191
128377,559.717163
128378,559.803406
128379,559.808594
128380,552.777405
128381,551.957153
128382,553.626709
128383,553.626648
128384,553.323486
128385,552.503723
128386,554.172119
128387,555.002625
128388,553.858093
128389,553.038879
128390,554.706238
128391,555.536194
128392,554.381226
128393,553.562561
128394,555.228821
128395,556.058228
128396,554.892761
128397,554.074585
128398,554.574646
128399,555.392334
128400,555.739746
128401,556.238892
128402,555.062622
128403,555.879822
128404,556.568665
128405,557.067322
128406,556.72583
128407,555.538147
128408,556.354858
128409,557.553833
128410,557.200439
128411,556.000916
128412,556.817139
128413,558.028015
128414,557.662231
128415,556.450317
128416,557.266052
128417,558.489319
128418,558.110657
128419,556.885742
128420,557.700928
128421,558.937317
128422,558.545105
128423,557.306396
128424,558.121094
128425,559.371338
128426,558.964722
128427,557.711304
128428,558.525391
128429,559.790527
128430,559.36853
128431,558.099182
128432,558.91272
128433,560.193909
128434,559.755371
128435,558.46875
128436,559.281738
128437,560.580261
128438,560.123779
128439,558.818298
128440,559.630676
128441,560.948303
128442,560.472229
128443,559.145874
128444,559.957642
128445,561.296326
128446,560.798645
128447,559.449219
128448,560.260376
128449,561.622437
128450,561.10083
128451,559.725647
128452,560.536194
128453,561.924255
128454,561.37616
128455,559.972168
128456,560.781982
128457,562.199219
128458,561.621399
128459,560.185181
128460,560.994202
128461,562.444153
128462,561.83313
128463,560.360535
128464,561.168762
128465,562.655518
128466,562.00708
128467,560.49353
128468,561.300903
128469,562.829224
128470,562.13855
128471,560.578552
128472,561.384949
128473,562.960388
128474,562.221985
128475,560.583618
128476,561.389954
128477,563.043518
128478,562.227051
128479,562.791077
128480,554.646667
128481,555.416504
128482,556.180725
128483,556.934021
128484,557.671265
128485,558.354919
128486,548.160767
128487,548.676025
128488,549.17926
128489,548.192688
128490,548.192749
128491,548.719238
128492,549.233948
128493,549.736816
128494,548.785278
128495,549.411865
128496,549.31134
128497,549.825684
128498,550.328308
128499,549.670349
128500,550.149597
128501,550.616638
128502,551.070312
128503,551.509888
128504,551.934692
128505,552.343933
128506,552.736389
128507,550.227661
128508,550.706604
128509,551.173035
128510,551.626282
128511,552.065552
128512,552.490051
128513,552.898804
128514,553.290833
128515,553.664673
128516,550.819031
128517,551.297485
128518,551.763245
128519,552.215942
128520,552.654724
128521,553.078796
128522,553.487183
128523,553.878662
128524,554.252014
128525,554.60553
128526,549.937256
128527,550.451355
128528,550.953735
128529,551.444214
128530,551.922241
128531,552.38739
128532,552.839417
128533,553.277649
128534,553.701172
128535,554.109009
128536,554.5
128537,554.872803
128538,555.225708
128539,555.556885
128540,553.110657
128541,554.018738
128542,554.937317
128543,555.864014
128544,553.465149
128545,554.351074
128546,555.245178
128547,556.144592
128548,553.798218
128549,554.65979
128550,555.526611
128551,556.39563
128552,554.107849
128553,554.9422
128554,555.778748
128555,556.613586
128556,554.391357
128557,555.195435
128558,555.997864
128559,556.794495
128560,554.645813
128561,555.415833
128562,556.180176
128563,556.933655
128564,550.071655
128565,550.071899
128566,550.596985
128567,551.110779
128568,551.612915
128569,552.103027
128570,552.580566
128571,553.045166
128572,553.496582
128573,553.934143
128574,554.357056
128575,554.764343
128576,555.154785
128577,555.526917
128578,555.879211
128579,556.209717
128580,556.516113
128581,556.795837
128582,557.045898
128583,557.262756
128584,557.442383
128585,557.580078
128586,557.670959
128587,550.765137
128588,551.2901
128589,551.803589
128590,552.305237
128591,552.794922
128592,553.271973
128593,553.736084
128594,554.186951
128595,554.623901
128596,555.046143
128597,555.45282
128598,555.84259
128599,556.214172
128600,556.565796
128601,556.895569
128602,557.201233
128603,557.480164
128604,557.729248
128605,557.945007
128606,558.123474
128607,558.259766
128608,558.348938
128609,558.354675
128610,550.955261
128611,550.955383
128612,551.491394
128613,552.015991
128614,552.528992
128615,553.030212
128616,553.519348
128617,553.995911
128618,554.459595
128619,554.909912
128620,555.346313
128621,555.767944
128622,556.17395
128623,556.563049
128624,556.93396
128625,557.284912
128626,557.613953
128627,557.918884
128628,558.19696
128629,558.44519
128630,558.659973
128631,558.83728
128632,558.97229
128633,559.059875
128634,559.065308
128635,551.713989
128636,552.249634
128637,552.773804
128638,553.286316
128639,553.787048
128640,554.275635
128641,554.751709
128642,555.214905
128643,555.664734
128644,556.100586
128645,556.521667
128646,556.927002
128647,557.315491
128648,557.685669
128649,558.03595
128650,558.364319
128651,558.668457
128652,558.945801
128653,559.193176
128654,559.406982
128655,559.583252
128656,559.717102
128657,559.803284
128658,559.808411
128659,552.503723
128660,553.323486
128661,554.172119
128662,555.002563
128663,555.002625
128664,553.03894
128665,553.858154
128666,554.706238
128667,555.536133
128668,553.562622
128669,554.381348
128670,555.228821
128671,556.058228
128672,554.074646
128673,554.892822
128674,555.739807
128675,556.568726
128676,554.574768
128677,555.392456
128678,556.238953
128679,557.067383
128680,555.062805
128681,555.880005
128682,555.538391
128683,556.355103
128684,556.726013
128685,557.200623
128686,556.00116
128687,556.817322
128688,557.553955
128689,558.028137
128690,557.662354
128691,556.4505
128692,557.266174
128693,558.48938
128694,558.110718
128695,556.885803
128696,557.700989
128697,558.937317
128698,558.545044
128699,557.306335
128700,558.121033
128701,559.371216
128702,558.9646
128703,557.711121
128704,558.525269
128705,559.790344
128706,559.368347
128707,558.098999
128708,558.912537
128709,560.193726
128710,559.755188
128711,558.468506
128712,559.281555
128713,560.5802
128714,560.123657
128715,558.818115
128716,559.630554
128717,560.948303
128718,560.472168
128719,559.145813
128720,559.957581
128721,561.296387
128722,560.798706
128723,559.44928
128724,560.260437
128725,561.622498
128726,561.100952
128727,559.72583
128728,560.536316
128729,561.924377
128730,561.376282
128731,559.972412
128732,560.782166
128733,562.199341
128734,561.621582
128735,560.185364
128736,560.994385
128737,562.444275
128738,561.833191
128739,560.360718
128740,561.168884
128741,562.655579
128742,562.007141
128743,560.49353
128744,561.300903
128745,562.829163
128746,562.138489
128747,560.578491
128748,561.384949
128749,562.960266
128750,562.221924
128751,560.583496
128752,561.389832
128753,563.043396
128754,562.226929
128755,562.790955
128756,554.867615
128757,554.86731
128758,555.59967
128759,555.599426
128760,556.320862
128761,556.320679
128762,557.026428
128763,557.026306
128764,557.677246
128765,557.677124
128766,546.5448
128767,547.095093
128768,547.633728
128769,548.160767
128770,546.54303
128771,546.543396
128772,547.104736
128773,547.65448
128774,548.192688
128775,548.719238
128776,547.765259
128777,547.137512
128778,547.698303
128779,548.24762
128780,548.785278
128781,549.31134
128782,548.986694
128783,548.325623
128784,548.87439
128785,549.411621
128786,549.937256
128787,549.534851
128788,550.071655
128789,550.596985
128790,548.676025
128791,549.179688
128792,549.671448
128793,550.150696
128794,550.617188
128795,551.070312
128796,551.509399
128797,551.933716
128798,552.34259
128799,552.735046
128800,553.109802
128801,553.465149
128802,553.799072
128803,554.10907
128804,554.392578
128805,549.233948
128806,549.737244
128807,550.228821
128808,550.707825
128809,551.17395
128810,551.62677
128811,552.065552
128812,552.489624
128813,552.89801
128814,553.289734
128815,553.663635
128816,554.018066
128817,554.351074
128818,554.6604
128819,554.943176
128820,555.196411
128821,549.825684
128822,550.328552
128823,550.819702
128824,551.298401
128825,551.764221
128826,552.216675
128827,552.65509
128828,553.078796
128829,553.486816
128830,553.877991
128831,554.25116
128832,554.604675
128833,554.936829
128834,555.245178
128835,555.5271
128836,555.77948
128837,555.998657
128838,550.451355
128839,550.953796
128840,551.444397
128841,551.922668
128842,552.388123
128843,552.840149
128844,553.278198
128845,553.701477
128846,554.109009
128847,554.499695
128848,554.872253
128849,555.225037
128850,555.556213
128851,555.863647
128852,556.144592
128853,556.395996
128854,556.614136
128855,556.795105
128856,551.110779
128857,551.612854
128858,552.102844
128859,552.580566
128860,553.045532
128861,553.497131
128862,553.934692
128863,554.357483
128864,554.764587
128865,555.154785
128866,555.526672
128867,555.878784
128868,556.209167
128869,556.515625
128870,556.795593
128871,557.045898
128872,557.263
128873,557.44281
128874,557.580505
128875,554.646667
128876,555.416565
128877,556.180725
128878,556.934082
128879,557.671265
128880,549.680969
128881,549.680786
128882,550.228699
128883,550.765137
128884,551.2901
128885,551.803589
128886,552.305115
128887,552.794556
128888,553.271729
128889,553.736084
128890,554.187195
128891,554.624329
128892,555.046631
128893,555.453125
128894,555.842773
128895,556.214172
128896,556.565613
128897,556.895203
128898,557.200806
128899,557.479797
128900,557.729065
128901,557.945007
128902,558.123657
128903,558.260132
128904,558.349243
128905,558.354919
128906,550.407837
128907,550.955261
128908,551.491394
128909,552.015991
128910,552.528992
128911,553.03009
128912,553.519043
128913,553.995605
128914,554.459412
128915,554.909912
128916,555.346497
128917,555.76825
128918,556.174255
128919,556.563354
128920,556.934082
128921,557.284912
128922,557.613831
128923,557.91864
128924,558.196655
128925,558.444946
128926,558.65979
128927,558.83728
128928,558.972473
128929,559.06012
128930,559.065552
128931,551.16687
128932,551.713989
128933,552.249634
128934,552.773804
128935,553.286316
128936,553.786926
128937,554.275391
128938,554.751404
128939,555.214661
128940,555.664612
128941,556.100586
128942,556.52179
128943,556.927246
128944,557.315735
128945,557.685913
128946,558.036072
128947,558.364319
128948,558.668396
128949,558.945557
128950,559.192932
128951,559.406799
128952,559.58313
128953,559.717102
128954,559.803345
128955,559.808594
128956,552.777405
128957,551.957092
128958,553.626587
128959,554.457642
128960,554.457581
128961,553.323486
128962,552.503723
128963,554.172119
128964,555.002563
128965,553.858154
128966,553.03894
128967,554.706238
128968,555.536133
128969,554.381348
128970,553.562622
128971,555.228821
128972,556.058228
128973,554.892822
128974,554.074646
128975,554.574707
128976,555.392395
128977,555.739807
128978,556.238892
128979,555.062683
128980,555.879883
128981,556.568726
128982,557.067322
128983,556.725891
128984,555.538208
128985,556.354919
128986,557.553833
128987,557.200439
128988,556.000916
128989,556.817139
128990,558.027954
128991,557.66217
128992,556.450317
128993,557.265991
128994,558.489319
128995,558.110596
128996,556.885742
128997,557.700928
128998,558.937317
128999,558.545044
129000,557.306335
129001,558.121033
129002,559.371277
129003,558.964661
129004,557.711243
129005,558.52533
129006,559.790466
129007,559.368469
129008,558.099182
129009,558.91272
129010,560.193848
129011,559.75531
129012,558.46875
129013,559.281738
129014,560.580322
129015,560.123779
129016,558.818298
129017,559.630676
129018,560.948364
129019,560.472229
129020,559.145874
129021,559.957703
129022,561.296387
129023,560.798706
129024,559.44928
129025,560.260437
129026,561.622437
129027,561.100891
129028,559.725708
129029,560.536194
129030,561.924255
129031,561.37616
129032,559.972229
129033,560.782043
129034,562.199219
129035,561.621399
129036,560.185181
129037,560.994263
129038,562.444153
129039,561.833069
129040,560.360535
129041,561.168762
129042,562.655518
129043,562.00708
129044,560.493469
129045,561.300842
129046,562.829163
129047,562.138489
129048,560.578491
129049,561.384949
129050,562.960327
129051,562.221924
129052,560.583557
129053,561.389954
129054,563.043518
129055,562.22699
129056,562.791016
129057,554.867737
129058,555.599731
129059,556.320923
129060,557.026489
129061,557.677307
129062,547.633667
129063,547.633728
129064,548.160583
129065,548.675598
129066,549.178711
129067,548.192505
129068,548.718872
129069,549.233521
129070,549.73645
129071,549.310974
129072,549.825378
129073,550.328186
129074,549.669861
129075,550.14917
129076,550.61615
129077,551.069946
129078,551.509766
129079,551.934692
129080,552.343933
129081,552.736572
129082,553.110962
129083,550.227539
129084,550.706421
129085,551.172729
129086,551.625916
129087,552.065247
129088,552.489868
129089,552.898804
129090,553.290833
129091,553.664795
129092,554.018982
129093,550.819092
129094,551.297546
129095,551.763184
129096,552.215698
129097,552.654419
129098,553.078552
129099,553.487061
129100,553.878601
129101,554.252014
129102,554.605652
129103,554.9375
129104,549.937073
129105,550.451294
129106,550.953796
129107,551.444397
129108,551.922424
129109,552.387451
129110,552.839355
129111,553.277466
129112,553.700928
129113,554.108826
129114,554.499939
129115,554.872742
129116,555.225708
129117,555.556946
129118,555.864197
129119,553.465637
129120,554.35144
129121,555.245483
129122,556.144775
129123,553.798584
129124,554.660034
129125,555.526855
129126,556.395813
129127,554.107971
129128,554.942322
129129,555.778809
129130,556.613647
129131,554.391174
129132,555.195374
129133,555.997803
129134,556.794434
129135,554.645447
129136,555.415588
129137,556.179993
129138,556.933472
129139,554.866943
129140,555.599121
129141,556.320435
129142,557.026123
129143,550.071533
129144,550.596924
129145,551.11084
129146,551.613037
129147,552.10321
129148,552.58075
129149,553.045349
129150,553.496643
129151,553.934082
129152,554.356934
129153,554.76416
129154,555.154602
129155,555.526855
129156,555.879211
129157,556.209717
129158,556.516235
129159,556.796021
129160,557.046082
129161,557.262878
129162,557.442444
129163,557.580017
129164,557.670837
129165,557.677002
129166,550.765076
129167,551.290161
129168,551.803711
129169,552.30542
129170,552.795044
129171,553.272095
129172,553.736267
129173,554.187073
129174,554.623901
129175,555.046143
129176,555.452698
129177,555.842468
129178,556.21405
129179,556.565735
129180,556.895569
129181,557.201233
129182,557.480225
129183,557.72937
129184,557.945129
129185,558.123535
129186,558.259827
129187,558.348877
129188,558.354614
129189,550.955261
129190,551.491394
129191,552.016113
129192,552.529175
129193,553.030334
129194,553.519409
129195,553.996033
129196,554.459717
129197,554.910034
129198,555.346375
129199,555.768005
129200,556.173889
129201,556.562988
129202,556.933838
129203,557.28479
129204,557.613892
129205,557.918884
129206,558.197021
129207,558.445251
129208,558.660034
129209,558.837341
129210,558.972351
129211,559.059875
129212,559.065247
129213,551.713989
129214,552.249695
129215,552.773926
129216,553.286438
129217,553.787109
129218,554.275635
129219,554.751709
129220,555.214966
129221,555.664795
129222,556.100647
129223,556.521729
129224,556.927002
129225,557.31543
129226,557.685608
129227,558.035889
129228,558.364258
129229,558.668457
129230,558.945801
129231,559.193176
129232,559.407043
129233,559.583313
129234,559.717163
129235,559.803284
129236,559.808411
129237,552.503784
129238,553.323547
129239,554.172119
129240,555.002563
129241,553.039001
129242,553.858215
129243,554.706238
129244,555.536194
129245,553.562683
129246,554.381409
129247,555.228882
129248,556.058289
129249,554.074707
129250,554.892883
129251,555.739868
129252,556.568787
129253,554.574829
129254,555.392456
129255,556.239014
129256,557.067444
129257,555.062805
129258,555.880005
129259,555.538391
129260,556.355042
129261,556.726013
129262,557.200623
129263,556.00116
129264,556.817322
129265,557.554016
129266,558.028137
129267,557.662354
129268,556.450562
129269,557.266235
129270,558.489441
129271,558.110718
129272,556.885925
129273,557.70105
129274,558.937317
129275,558.545105
129276,557.306396
129277,558.121094
129278,559.371277
129279,558.9646
129280,557.711182
129281,558.525269
129282,559.790344
129283,559.368347
129284,558.098999
129285,558.912598
129286,560.193726
129287,559.755188
129288,558.468506
129289,559.281555
129290,560.580139
129291,560.123657
129292,558.818054
129293,559.630493
129294,560.948242
129295,560.472107
129296,559.145752
129297,559.957581
129298,561.296326
129299,560.798645
129300,559.449219
129301,560.260376
129302,561.622498
129303,561.100952
129304,559.725769
129305,560.536255
129306,561.924377
129307,561.376282
129308,559.972412
129309,560.782166
129310,562.199341
129311,561.621582
129312,560.185425
129313,560.994385
129314,562.444275
129315,561.833252
129316,560.360718
129317,561.168945
129318,562.655579
129319,562.007141
129320,560.493591
129321,561.300964
129322,562.829224
129323,562.13855
129324,560.578552
129325,561.384949
129326,562.960327
129327,562.221924
129328,560.583496
129329,561.389893
129330,563.043396
129331,562.226929
129332,562.790955
129333,555.052002
129334,555.051758
129335,555.74115
129336,555.740906
129337,556.4151
129338,556.414917
129339,557.032837
129340,557.032715
129341,545.982788
129342,545.983276
129343,546.544983
129344,547.095154
129345,547.633667
129346,548.160583
129347,546.543579
129348,547.104797
129349,547.65448
129350,548.192505
129351,548.718872
129352,546.565063
129353,547.193298
129354,547.19342
129355,546.565247
129356,547.76532
129357,547.137573
129358,547.698303
129359,548.247437
129360,548.784973
129361,549.310974
129362,548.986572
129363,548.3255
129364,548.874146
129365,549.411316
129366,549.937073
129367,548.986389
129368,549.534668
129369,550.071533
129370,550.596924
129371,548.675598
129372,549.17926
129373,549.671265
129374,550.150696
129375,550.617249
129376,551.070496
129377,551.509766
129378,551.934204
129379,552.343018
129380,552.735229
129381,553.10968
129382,553.464783
129383,553.798584
129384,554.108765
129385,554.392456
129386,554.646667
129387,549.233521
129388,549.736816
129389,550.228455
129390,550.707642
129391,551.173889
129392,551.62677
129393,552.065735
129394,552.489868
129395,552.898376
129396,553.290039
129397,553.663757
129398,554.017944
129399,554.35083
129400,554.660034
129401,554.942932
129402,555.19635
129403,555.416504
129404,549.825378
129405,550.328308
129406,550.819397
129407,551.298157
129408,551.764099
129409,552.216614
129410,552.655151
129411,553.078918
129412,553.487061
129413,553.878296
129414,554.251343
129415,554.604797
129416,554.936707
129417,555.244995
129418,555.526855
129419,555.779297
129420,555.998535
129421,556.180725
129422,550.451294
129423,550.953735
129424,551.444214
129425,551.922424
129426,552.387939
129427,552.840027
129428,553.278137
129429,553.701477
129430,554.109131
129431,554.499939
129432,554.872437
129433,555.22522
129434,555.556274
129435,555.863586
129436,556.144409
129437,556.395813
129438,556.614014
129439,556.795044
129440,556.934021
129441,551.11084
129442,551.612915
129443,552.102783
129444,552.580383
129445,553.045349
129446,553.496948
129447,553.934631
129448,554.357483
129449,554.764587
129450,555.154846
129451,555.526855
129452,555.878967
129453,556.20929
129454,556.515686
129455,556.795532
129456,557.045776
129457,557.262878
129458,557.442688
129459,557.580444
129460,557.671265
129461,554.867737
129462,555.599792
129463,556.320923
129464,557.026489
129465,557.677307
129466,549.680603
129467,550.228516
129468,550.765076
129469,551.290161
129470,551.803711
129471,552.305237
129472,552.794617
129473,553.271667
129474,553.736023
129475,554.187073
129476,554.624207
129477,555.046509
129478,555.453125
129479,555.842834
129480,556.214233
129481,556.565735
129482,556.895325
129483,557.200928
129484,557.479797
129485,557.729004
129486,557.944946
129487,558.123535
129488,558.26001
129489,558.349182
129490,558.354919
129491,550.407715
129492,550.955261
129493,551.491394
129494,552.016113
129495,552.529175
129496,553.030212
129497,553.519104
129498,553.995605
129499,554.459351
129500,554.909851
129501,555.346375
129502,555.768188
129503,556.174194
129504,556.563293
129505,556.934143
129506,557.284973
129507,557.613892
129508,557.918701
129509,558.196777
129510,558.444946
129511,558.65979
129512,558.837219
129513,558.972351
129514,559.060059
129515,559.065491
129516,551.16687
129517,551.713989
129518,552.249695
129519,552.773926
129520,553.286438
129521,553.787048
129522,554.275452
129523,554.751465
129524,555.214661
129525,555.664551
129526,556.100525
129527,556.521729
129528,556.927185
129529,557.315674
129530,557.685913
129531,558.036072
129532,558.36438
129533,558.668457
129534,558.945679
129535,559.192993
129536,559.406799
129537,559.583069
129538,559.717041
129539,559.803284
129540,559.808533
129541,551.399109
129542,552.21991
129543,552.21991
129544,551.399109
129545,552.777405
129546,551.957153
129547,553.626587
129548,554.457581
129549,553.323547
129550,552.503784
129551,554.172119
129552,555.002563
129553,553.858215
129554,553.039001
129555,554.706238
129556,555.536194
129557,554.381409
129558,553.562683
129559,555.228882
129560,556.058289
129561,554.892883
129562,554.074707
129563,554.574768
129564,555.392456
129565,555.739868
129566,556.238953
129567,555.062744
129568,555.879944
129569,556.568787
129570,557.067383
129571,556.725952
129572,555.538269
129573,556.35498
129574,557.553894
129575,557.2005
129576,556.000977
129577,556.8172
129578,558.028015
129579,557.662231
129580,556.450317
129581,557.266052
129582,558.489258
129583,558.110596
129584,556.885681
129585,557.700867
129586,558.937256
129587,558.544983
129588,557.306335
129589,558.120972
129590,559.371277
129591,558.9646
129592,557.711182
129593,558.525269
129594,559.790466
129595,559.368408
129596,558.099121
129597,558.912659
129598,560.193848
129599,559.75531
129600,558.468689
129601,559.281677
129602,560.580261
129603,560.123779
129604,558.818298
129605,559.630676
129606,560.948364
129607,560.47229
129608,559.145935
129609,559.957703
129610,561.296448
129611,560.798706
129612,559.44928
129613,560.260437
129614,561.622498
129615,561.100952
129616,559.725769
129617,560.536255
129618,561.924316
129619,561.376221
129620,559.97229
129621,560.782043
129622,562.199219
129623,561.62146
129624,560.185242
129625,560.994263
129626,562.444153
129627,561.83313
129628,560.360535
129629,561.168762
129630,562.655518
129631,562.007019
129632,560.493469
129633,561.300842
129634,562.829163
129635,562.138489
129636,560.578491
129637,561.384888
129638,562.960327
129639,562.221924
129640,560.583496
129641,561.389893
129642,563.043457
129643,562.22699
129644,562.791016
129645,555.052124
129646,555.741211
129647,556.415161
129648,557.032898
129649,547.633484
129650,548.160095
129651,548.675049
129652,549.178223
129653,548.718384
129654,549.233154
129655,549.736328
129656,549.310669
129657,549.825256
129658,550.328308
129659,549.669739
129660,550.148987
129661,550.615723
129662,551.069458
129663,551.509399
129664,551.93457
129665,552.343933
129666,552.736572
129667,553.111145
129668,553.465942
129669,550.227661
129670,550.706604
129671,551.172607
129672,551.625549
129673,552.06488
129674,552.489624
129675,552.898621
129676,553.290833
129677,553.664856
129678,554.019104
129679,554.351746
129680,550.819397
129681,551.297852
129682,551.763245
129683,552.215576
129684,552.654175
129685,553.078308
129686,553.486816
129687,553.878479
129688,554.252014
129689,554.605652
129690,554.937622
129691,555.245667
129692,549.411133
129693,549.411316
129694,549.936951
129695,550.451355
129696,550.954041
129697,551.444702
129698,551.922668
129699,552.387695
129700,552.839417
129701,553.277344
129702,553.700745
129703,554.108643
129704,554.499695
129705,554.87262
129706,555.225708
129707,555.557007
129708,555.864319
129709,556.144958
129710,553.799072
129711,554.6604
129712,555.5271
129713,556.395996
129714,554.108337
129715,554.942566
129716,555.779053
129717,556.61377
129718,554.391357
129719,555.195435
129720,555.997864
129721,556.794495
129722,554.645325
129723,555.415466
129724,556.179871
129725,556.933411
129726,554.866577
129727,555.598816
129728,556.32019
129729,557.02594
129730,555.051331
129731,555.740601
129732,556.414673
129733,557.032532
129734,550.071472
129735,550.596985
129736,551.111023
129737,551.613281
129738,552.103394
129739,552.580933
129740,553.045532
129741,553.496765
129742,553.934143
129743,554.356873
129744,554.764038
129745,555.154419
129746,555.526672
129747,555.879089
129748,556.209717
129749,556.516235
129750,556.796082
129751,557.046204
129752,557.263
129753,557.442566
129754,557.580078
129755,557.670776
129756,557.67688
129757,550.228516
129758,550.228516
129759,550.765137
129760,551.290283
129761,551.803894
129762,552.305542
129763,552.795166
129764,553.272217
129765,553.736389
129766,554.187195
129767,554.624023
129768,555.046143
129769,555.452637
129770,555.842346
129771,556.213928
129772,556.565613
129773,556.895447
129774,557.201233
129775,557.480225
129776,557.729431
129777,557.945251
129778,558.123657
129779,558.259888
129780,558.348938
129781,558.354553
129782,550.955261
129783,551.491516
129784,552.016235
129785,552.529236
129786,553.030396
129787,553.51947
129788,553.996033
129789,554.459778
129790,554.910156
129791,555.346497
129792,555.768066
129793,556.17395
129794,556.562988
129795,556.933777
129796,557.284729
129797,557.613831
129798,557.918823
129799,558.19696
129800,558.445312
129801,558.660095
129802,558.837402
129803,558.972473
129804,559.059937
129805,559.065308
129806,551.71405
129807,552.249817
129808,552.773987
129809,553.286499
129810,553.787109
129811,554.275635
129812,554.751709
129813,555.214966
129814,555.664856
129815,556.100769
129816,556.52179
129817,556.927063
129818,557.315491
129819,557.685608
129820,558.035828
129821,558.364197
129822,558.668396
129823,558.94574
129824,559.193176
129825,559.407043
129826,559.583313
129827,559.717224
129828,559.803345
129829,559.808472
129830,552.503906
129831,553.323608
129832,554.17218
129833,555.002563
129834,553.039062
129835,553.858276
129836,554.706299
129837,555.536194
129838,553.562744
129839,554.381409
129840,555.228943
129841,556.05835
129842,554.074707
129843,554.892883
129844,555.739929
129845,556.568848
129846,556.239014
129847,557.067444
129848,555.53833
129849,556.355042
129850,556.726013
129851,557.200623
129852,556.00116
129853,556.817322
129854,557.554016
129855,558.028137
129856,557.662415
129857,556.450562
129858,557.266235
129859,558.489441
129860,558.110779
129861,556.885925
129862,557.701111
129863,558.937378
129864,558.545105
129865,557.306458
129866,558.121094
129867,559.371277
129868,558.964661
129869,557.711243
129870,558.52533
129871,559.790405
129872,559.368408
129873,558.09906
129874,558.912598
129875,560.193726
129876,559.755188
129877,558.468506
129878,559.281555
129879,560.580139
129880,560.123657
129881,558.818054
129882,559.630493
129883,560.948242
129884,560.472107
129885,559.145691
129886,559.95752
129887,561.296326
129888,560.798645
129889,559.449158
129890,560.260315
129891,561.622437
129892,561.100891
129893,559.725708
129894,560.536194
129895,561.924377
129896,561.376221
129897,559.972351
129898,560.782104
129899,562.199341
129900,561.621582
129901,560.185364
129902,560.994385
129903,562.444275
129904,561.833252
129905,560.360718
129906,561.168945
129907,562.65564
129908,562.007202
129909,560.493652
129910,561.300964
129911,562.829224
129912,562.138611
129913,560.578613
129914,561.38501
129915,562.960327
129916,562.221924
129917,560.583557
129918,561.389954
129919,563.043457
129920,562.226929
129921,562.790955
129922,555.194702
129923,555.194458
129924,555.837219
129925,555.836975
129926,556.421936
129927,556.421753
129928,545.983459
129929,546.545044
129930,547.095093
129931,547.633484
129932,548.160095
129933,545.970764
129934,545.970947
129935,546.54364
129936,547.104736
129937,547.654236
129938,548.192139
129939,548.718384
129940,547.193481
129941,546.565308
129942,547.765259
129943,547.137512
129944,547.69812
129945,548.247131
129946,548.784607
129947,549.310669
129948,548.426758
129949,548.426636
129950,547.765137
129951,548.325256
129952,548.873901
129953,549.411133
129954,549.936951
129955,549.12146
129956,549.121338
129957,548.426453
129958,548.986145
129959,549.534485
129960,550.071472
129961,550.596985
129962,548.675049
129963,549.178711
129964,549.670837
129965,550.150513
129966,550.617188
129967,551.070496
129968,551.509888
129969,551.93457
129970,552.343445
129971,552.735596
129972,553.109802
129973,553.464661
129974,553.798218
129975,554.108337
129976,554.392151
129977,554.646545
129978,554.867737
129979,549.233154
129980,549.73645
129981,550.228027
129982,550.707336
129983,551.173767
129984,551.62677
129985,552.065735
129986,552.490051
129987,552.898621
129988,553.290405
129989,553.664062
129990,554.018066
129991,554.350708
129992,554.65979
129993,554.942566
129994,555.196045
129995,555.416443
129996,555.599731
129997,549.825256
129998,550.328186
129999,550.819092
130000,551.297852
130001,551.763855
130002,552.216492
130003,552.65509
130004,553.078979
130005,553.487183
130006,553.878479
130007,554.251648
130008,554.605042
130009,554.936829
130010,555.244873
130011,555.526611
130012,555.779053
130013,555.998352
130014,556.180603
130015,556.320923
130016,550.451355
130017,550.953796
130018,551.444153
130019,551.922241
130020,552.387695
130021,552.839844
130022,553.278076
130023,553.701477
130024,554.109192
130025,554.5
130026,554.87262
130027,555.225403
130028,555.556458
130029,555.863647
130030,556.144348
130031,556.39563
130032,556.61377
130033,556.794861
130034,556.93396
130035,557.026489
130036,551.111023
130037,551.613037
130038,552.102844
130039,552.580322
130040,553.045166
130041,553.496765
130042,553.934448
130043,554.357361
130044,554.764587
130045,555.154907
130046,555.526917
130047,555.879089
130048,556.209473
130049,556.515808
130050,556.795593
130051,557.045776
130052,557.262756
130053,557.442566
130054,557.580322
130055,557.671204
130056,557.677307
130057,555.052124
130058,555.741211
130059,556.415161
130060,557.032959
130061,549.848938
130062,549.848816
130063,549.121155
130064,549.680481
130065,550.228516
130066,550.765137
130067,551.290283
130068,551.803894
130069,552.30542
130070,552.794739
130071,553.271729
130072,553.735962
130073,554.186951
130074,554.624023
130075,555.046387
130076,555.453064
130077,555.842773
130078,556.214233
130079,556.565796
130080,556.895447
130081,557.20105
130082,557.479919
130083,557.729065
130084,557.944885
130085,558.123474
130086,558.259888
130087,558.349121
130088,558.354858
130089,550.407654
130090,550.955261
130091,551.491516
130092,552.016235
130093,552.529236
130094,553.030334
130095,553.519226
130096,553.995728
130097,554.459412
130098,554.90979
130099,555.346313
130100,555.768066
130101,556.174133
130102,556.563232
130103,556.934082
130104,557.284973
130105,557.613953
130106,557.918823
130107,558.196838
130108,558.445007
130109,558.65979
130110,558.837158
130111,558.97229
130112,559.059937
130113,559.06543
130114,550.608337
130115,550.608337
130116,551.16687
130117,551.71405
130118,552.249817
130119,552.773987
130120,553.286499
130121,553.787109
130122,554.275574
130123,554.751587
130124,555.214722
130125,555.664612
130126,556.100464
130127,556.521667
130128,556.927063
130129,557.315613
130130,557.685852
130131,558.036072
130132,558.36438
130133,558.668457
130134,558.94574
130135,559.193054
130136,559.40686
130137,559.58313
130138,559.717041
130139,559.803284
130140,559.808472
130141,550.829651
130142,551.65094
130143,551.65094
130144,550.82959
130145,552.21991
130146,551.399109
130147,553.069641
130148,553.069641
130149,552.777466
130150,551.957214
130151,553.626587
130152,554.457581
130153,553.323608
130154,552.503906
130155,554.17218
130156,555.002563
130157,553.858276
130158,553.039062
130159,554.706299
130160,555.536194
130161,554.381409
130162,553.562744
130163,555.228943
130164,556.05835
130165,555.739929
130166,556.239014
130167,556.568848
130168,557.067444
130169,556.725952
130170,557.553955
130171,557.2005
130172,556.001038
130173,556.817261
130174,558.028015
130175,557.662231
130176,556.450378
130177,557.266052
130178,558.489319
130179,558.110596
130180,556.885742
130181,557.700928
130182,558.937256
130183,558.544983
130184,557.306274
130185,558.120972
130186,559.371216
130187,558.9646
130188,557.711121
130189,558.525269
130190,559.790405
130191,559.368408
130192,558.09906
130193,558.912598
130194,560.193787
130195,559.755249
130196,558.468628
130197,559.281616
130198,560.580261
130199,560.123779
130200,558.818237
130201,559.630676
130202,560.948364
130203,560.472229
130204,559.145874
130205,559.957703
130206,561.296448
130207,560.798767
130208,559.449341
130209,560.260437
130210,561.622498
130211,561.100952
130212,559.72583
130213,560.536316
130214,561.924377
130215,561.376221
130216,559.972351
130217,560.782104
130218,562.19928
130219,561.621521
130220,560.185303
130221,560.994324
130222,562.444214
130223,561.83313
130224,560.360596
130225,561.168823
130226,562.655518
130227,562.00708
130228,560.493469
130229,561.300842
130230,562.829163
130231,562.138489
130232,560.578491
130233,561.384888
130234,562.960266
130235,562.221924
130236,560.583496
130237,561.389832
130238,563.043457
130239,562.226929
130240,562.791016
130241,555.194824
130242,555.83728
130243,556.421997
130244,548.159546
130245,548.674561
130246,549.178101
130247,548.718018
130248,549.233032
130249,549.73645
130250,548.784302
130251,548.784607
130252,549.310547
130253,549.825378
130254,550.328552
130255,549.669861
130256,550.14917
130257,550.61554
130258,551.069031
130259,551.508911
130260,551.934204
130261,552.343811
130262,552.736572
130263,553.111145
130264,553.466064
130265,553.799377
130266,550.228027
130267,550.706909
130268,551.172729
130269,551.625427
130270,552.064575
130271,552.489258
130272,552.898376
130273,553.29071
130274,553.664795
130275,554.019165
130276,554.351868
130277,554.660645
130278,550.819702
130279,551.298157
130280,551.76355
130281,552.215698
130282,552.654114
130283,553.078064
130284,553.486511
130285,553.878296
130286,554.251892
130287,554.605652
130288,554.937683
130289,555.245789
130290,555.527344
130291,549.937073
130292,550.451538
130293,550.954285
130294,551.444885
130295,551.922913
130296,552.387939
130297,552.8396
130298,553.277466
130299,553.700684
130300,554.108459
130301,554.499512
130302,554.872437
130303,555.225586
130304,555.556946
130305,555.864319
130306,556.145081
130307,556.396179
130308,554.108765
130309,554.942932
130310,555.779297
130311,556.614014
130312,554.391724
130313,555.19574
130314,555.998108
130315,556.794678
130316,554.645447
130317,555.415588
130318,556.179993
130319,556.933472
130320,554.866455
130321,555.598755
130322,556.320129
130323,557.02594
130324,555.051025
130325,555.740356
130326,556.41449
130327,557.03241
130328,555.194031
130329,555.836731
130330,556.42157
130331,550.071533
130332,550.597168
130333,551.111267
130334,551.613464
130335,552.103516
130336,552.581055
130337,553.045654
130338,553.496948
130339,553.934265
130340,554.356934
130341,554.763977
130342,555.154297
130343,555.52655
130344,555.878967
130345,556.209595
130346,556.516235
130347,556.796143
130348,557.046265
130349,557.263123
130350,557.442688
130351,557.5802
130352,557.670837
130353,557.676819
130354,550.228516
130355,550.765259
130356,551.290466
130357,551.804016
130358,552.305664
130359,552.795166
130360,553.272217
130361,553.73645
130362,554.187317
130363,554.624207
130364,555.046265
130365,555.452698
130366,555.842346
130367,556.213806
130368,556.565491
130369,556.895325
130370,557.201172
130371,557.480225
130372,557.729492
130373,557.945312
130374,558.123779
130375,558.26001
130376,558.348999
130377,558.354614
130378,550.955383
130379,551.491638
130380,552.016357
130381,552.529358
130382,553.030457
130383,553.519409
130384,553.996033
130385,554.459778
130386,554.910217
130387,555.346558
130388,555.768188
130389,556.174011
130390,556.562988
130391,556.933716
130392,557.284668
130393,557.613708
130394,557.918701
130395,558.196899
130396,558.445251
130397,558.660156
130398,558.837463
130399,558.972534
130400,559.060059
130401,559.065369
130402,551.714172
130403,552.249878
130404,552.774048
130405,553.286499
130406,554.751648
130407,555.214966
130408,555.664917
130409,556.100769
130410,556.521851
130411,556.927185
130412,557.315552
130413,557.685608
130414,558.035767
130415,558.364136
130416,558.668274
130417,558.945679
130418,559.193115
130419,559.407043
130420,559.583374
130421,559.717285
130422,559.803406
130423,559.808533
130424,551.957275
130425,552.777527
130426,552.777466
130427,551.957214
130428,552.503967
130429,553.323669
130430,554.172241
130431,555.002625
130432,553.039124
130433,553.858337
130434,554.70636
130435,555.536255
130436,553.562744
130437,554.38147
130438,555.229004
130439,556.058411
130440,555.739929
130441,556.568848
130442,557.067505
130443,557.200562
130444,556.001099
130445,556.817261
130446,557.554016
130447,558.028137
130448,557.662354
130449,556.450562
130450,557.266235
130451,558.489441
130452,558.110779
130453,556.885925
130454,557.701111
130455,558.937439
130456,558.545166
130457,557.306519
130458,558.121155
130459,559.371338
130460,558.964722
130461,557.711304
130462,558.525391
130463,559.790466
130464,559.368408
130465,558.099121
130466,558.912659
130467,560.193787
130468,559.755188
130469,558.468567
130470,559.281555
130471,560.580139
130472,560.123657
130473,558.818054
130474,559.630493
130475,560.948181
130476,560.472107
130477,559.145691
130478,559.95752
130479,561.296265
130480,560.798584
130481,559.449097
130482,560.260254
130483,561.622437
130484,561.10083
130485,559.725647
130486,560.536194
130487,561.924316
130488,561.376221
130489,559.97229
130490,560.782043
130491,562.199341
130492,561.621521
130493,560.185364
130494,560.994385
130495,562.444275
130496,561.833252
130497,560.360718
130498,561.168945
130499,562.65564
130500,562.007202
130501,560.493652
130502,561.301025
130503,562.829285
130504,562.138611
130505,560.578613
130506,561.38501
130507,562.960388
130508,562.221985
130509,560.583618
130510,561.389954
130511,563.043457
130512,562.22699
130513,562.790955
130514,555.292603
130515,555.292358
130516,555.844482
130517,555.844299
130518,545.410278
130519,545.410522
130520,545.983521
130521,546.544983
130522,547.094849
130523,547.632996
130524,548.159546
130525,545.971008
130526,546.543579
130527,547.104553
130528,547.65387
130529,548.19165
130530,548.718018
130531,547.137329
130532,547.697815
130533,548.246765
130534,548.784302
130535,549.310547
130536,547.764893
130537,548.324951
130538,548.873657
130539,549.411011
130540,549.937073
130541,547.855225
130542,548.550476
130543,548.550354
130544,547.855042
130545,548.426208
130546,548.985962
130547,549.534424
130548,550.071533
130549,550.597168
130550,548.674561
130551,549.178223
130552,549.670349
130553,550.150146
130554,550.617065
130555,551.070496
130556,551.509888
130557,551.934692
130558,552.343811
130559,552.736084
130560,553.110168
130561,553.464783
130562,553.798096
130563,554.107971
130564,554.391724
130565,554.64624
130566,554.867615
130567,555.052124
130568,549.233032
130569,549.736328
130570,550.227661
130571,550.706909
130572,551.173462
130573,551.626587
130574,552.065735
130575,552.490051
130576,552.898804
130577,553.29071
130578,553.664429
130579,554.018372
130580,554.35083
130581,554.659668
130582,554.942322
130583,555.19574
130584,555.416199
130585,555.59967
130586,555.741211
130587,549.825378
130588,550.328308
130589,550.819031
130590,551.297546
130591,551.76355
130592,552.216248
130593,552.654968
130594,553.078918
130595,553.487183
130596,553.878601
130597,554.251892
130598,554.605286
130599,554.937012
130600,555.244995
130601,555.52655
130602,555.778809
130603,555.998108
130604,556.18042
130605,556.320862
130606,556.415161
130607,550.451538
130608,550.954041
130609,551.444214
130610,551.92218
130611,552.387451
130612,552.8396
130613,553.277832
130614,553.701355
130615,554.109131
130616,554.500061
130617,554.872742
130618,555.225586
130619,555.556702
130620,555.863831
130621,556.144409
130622,556.395569
130623,556.613647
130624,556.794678
130625,556.933838
130626,557.026428
130627,557.032898
130628,551.111267
130629,551.613281
130630,552.103027
130631,552.580383
130632,553.045105
130633,553.496643
130634,553.934265
130635,554.357239
130636,554.764465
130637,555.154846
130638,555.526978
130639,555.879211
130640,556.209595
130641,556.515991
130642,556.795715
130643,557.045776
130644,557.262695
130645,557.442444
130646,557.5802
130647,557.671082
130648,557.677246
130649,555.194824
130650,555.83728
130651,556.421997
130652,549.278442
130653,549.27832
130654,548.550171
130655,549.68042
130656,550.228516
130657,550.765259
130658,551.290466
130659,551.804016
130660,552.305542
130661,552.794922
130662,553.271851
130663,553.736023
130664,554.18689
130665,554.623901
130666,555.046265
130667,555.452942
130668,555.842712
130669,556.214233
130670,556.565796
130671,556.895569
130672,557.201172
130673,557.480042
130674,557.729126
130675,557.944946
130676,558.123413
130677,558.259827
130678,558.348999
130679,558.354797
130680,549.848694
130681,549.848633
130682,550.407715
130683,550.955383
130684,551.491638
130685,552.016357
130686,552.529358
130687,553.030396
130688,553.519348
130689,553.99585
130690,554.459473
130691,554.909851
130692,555.346252
130693,555.768005
130694,556.174011
130695,556.563171
130696,556.934021
130697,557.284973
130698,557.614014
130699,557.918884
130700,558.196899
130701,558.445129
130702,558.659912
130703,558.837219
130704,558.97229
130705,559.059875
130706,559.065369
130707,550.038391
130708,550.03833
130709,550.608337
130710,551.166992
130711,551.714172
130712,552.249878
130713,552.774048
130714,555.214844
130715,555.664673
130716,556.100525
130717,556.521606
130718,556.927002
130719,557.315552
130720,557.685791
130721,558.036011
130722,558.36438
130723,558.668518
130724,558.945801
130725,559.193115
130726,559.406921
130727,559.583191
130728,559.717041
130729,559.803223
130730,559.808411
130731,551.65094
130732,550.829651
130733,552.501221
130734,552.501221
130735,552.219971
130736,551.39917
130737,553.069641
130738,553.901123
130739,553.901123
130740,552.777527
130741,551.957275
130742,553.626648
130743,554.457581
130744,553.323669
130745,552.503967
130746,554.172241
130747,555.002625
130748,553.858337
130749,553.039124
130750,554.70636
130751,555.536255
130752,555.229004
130753,556.058411
130754,556.568848
130755,557.067444
130756,557.553955
130757,558.028076
130758,557.662292
130759,556.450439
130760,557.266113
130761,558.489319
130762,558.110657
130763,556.885742
130764,557.700928
130765,558.937256
130766,558.544983
130767,557.306335
130768,558.120972
130769,559.371216
130770,558.964539
130771,557.711121
130772,558.525269
130773,559.790344
130774,559.368347
130775,558.098999
130776,558.912598
130777,560.193787
130778,559.755188
130779,558.468567
130780,559.281555
130781,560.5802
130782,560.123718
130783,558.818176
130784,559.630615
130785,560.948303
130786,560.472229
130787,559.145874
130788,559.957642
130789,561.296448
130790,560.798706
130791,559.44928
130792,560.260437
130793,561.622559
130794,561.100952
130795,559.72583
130796,560.536316
130797,561.924377
130798,561.376282
130799,559.972412
130800,560.782166
130801,562.199341
130802,561.621521
130803,560.185364
130804,560.994385
130805,562.444214
130806,561.833191
130807,560.360657
130808,561.168884
130809,562.655518
130810,562.00708
130811,560.49353
130812,561.300903
130813,562.829163
130814,562.138489
130815,560.578491
130816,561.384888
130817,562.960266
130818,562.221863
130819,560.583496
130820,561.389832
130821,563.043396
130822,562.226929
130823,562.790955
130824,555.292664
130825,555.844543
130826,548.159058
130827,548.674377
130828,549.178223
130829,548.191284
130830,548.19165
130831,548.717896
130832,549.233154
130833,549.736816
130834,548.24646
130835,548.873657
130836,548.873901
130837,548.246765
130838,548.784241
130839,549.411011
130840,549.310669
130841,549.825684
130842,550.328918
130843,549.670349
130844,550.149597
130845,550.615723
130846,551.068909
130847,551.508484
130848,551.933716
130849,552.343445
130850,552.736389
130851,553.111145
130852,553.466064
130853,553.7995
130854,554.10907
130855,550.228455
130856,550.707336
130857,551.173035
130858,551.625549
130859,552.064453
130860,552.488892
130861,552.89801
130862,553.290405
130863,553.664673
130864,554.019104
130865,554.351868
130866,554.660767
130867,554.943176
130868,550.820007
130869,551.298401
130870,551.763855
130871,552.215942
130872,552.654175
130873,553.077942
130874,553.486267
130875,553.877991
130876,554.251648
130877,554.60553
130878,554.937622
130879,555.24585
130880,555.527466
130881,555.77948
130882,549.411133
130883,549.937256
130884,550.451843
130885,550.954529
130886,551.445007
130887,551.923035
130888,552.388123
130889,552.839844
130890,553.277649
130891,553.700745
130892,554.108337
130893,554.499329
130894,554.872253
130895,555.225403
130896,555.556885
130897,555.864319
130898,556.145081
130899,556.39624
130900,556.614136
130901,554.392151
130902,555.196045
130903,555.998352
130904,556.794861
130905,554.645813
130906,555.415833
130907,556.180176
130908,556.933655
130909,554.866577
130910,555.598816
130911,556.32019
130912,557.02594
130913,555.050842
130914,555.740234
130915,556.414429
130916,557.032349
130917,555.193726
130918,555.836426
130919,556.421387
130920,555.291992
130921,555.843994
130922,550.071655
130923,550.597412
130924,551.11145
130925,551.613525
130926,552.103516
130927,552.581055
130928,553.045776
130929,553.497131
130930,553.934448
130931,554.357056
130932,554.764038
130933,555.154236
130934,555.526367
130935,555.878784
130936,556.209473
130937,556.516113
130938,556.796082
130939,557.046326
130940,557.263245
130941,557.44281
130942,557.580322
130943,557.670959
130944,557.67688
130945,550.765442
130946,551.290649
130947,551.804138
130948,552.305664
130949,552.795166
130950,553.272217
130951,553.736511
130952,554.187439
130953,554.624329
130954,555.046387
130955,555.45282
130956,555.842346
130957,556.213745
130958,556.565369
130959,556.895203
130960,557.20105
130961,557.480164
130962,557.729431
130963,557.945312
130964,558.12384
130965,558.260132
130966,558.349121
130967,558.354675
130968,550.955505
130969,551.49176
130970,552.016418
130971,552.529358
130972,553.995911
130973,554.459778
130974,554.910217
130975,555.34668
130976,555.76825
130977,556.174133
130978,556.563049
130979,556.933777
130980,557.284607
130981,557.613647
130982,557.91864
130983,558.196838
130984,558.44519
130985,558.660095
130986,558.837463
130987,558.972595
130988,559.06012
130989,559.06543
130990,551.167053
130991,551.166992
130992,551.714294
130993,552.249939
130994,552.774109
130995,555.214905
130996,555.664856
130997,556.10083
130998,556.521912
130999,556.927246
131000,557.315613
131001,557.685669
131002,558.035828
131003,558.364075
131004,558.668213
131005,558.945557
131006,559.193054
131007,559.406982
131008,559.583313
131009,559.717285
131010,559.803467
131011,559.808594
131012,551.957336
131013,552.777588
131014,553.626709
131015,553.626648
131016,552.504028
131017,553.32373
131018,554.172302
131019,555.002686
131020,553.039185
131021,553.858337
131022,554.706421
131023,555.536316
131024,555.229004
131025,556.058411
131026,556.568848
131027,558.028137
131028,557.662354
131029,556.4505
131030,557.266174
131031,558.489441
131032,558.110779
131033,556.885925
131034,557.701111
131035,558.937439
131036,558.545166
131037,557.306519
131038,558.121155
131039,559.371338
131040,558.964722
131041,557.711304
131042,558.525452
131043,559.790466
131044,559.368469
131045,558.099182
131046,558.91272
131047,560.193787
131048,559.755249
131049,558.468628
131050,559.281616
131051,560.5802
131052,560.123657
131053,558.818115
131054,559.630554
131055,560.948242
131056,560.472107
131057,559.145691
131058,559.95752
131059,561.296265
131060,560.798584
131061,559.449097
131062,560.260254
131063,561.622375
131064,561.10083
131065,559.725647
131066,560.536133
131067,561.924255
131068,561.37616
131069,559.972229
131070,560.782043
131071,562.19928
131072,561.621521
131073,560.185303
131074,560.994324
131075,562.444275
131076,561.833191
131077,560.360718
131078,561.168884
131079,562.65564
131080,562.007202
131081,560.493652
131082,561.300964
131083,562.829285
131084,562.138611
131085,560.578674
131086,561.385071
131087,562.960388
131088,562.221985
131089,560.583618
131090,561.390015
131091,563.043518
131092,562.22699
131093,562.791016
131094,555.300354
131095,555.30011
131096,545.410522
131097,545.983459
131098,546.5448
131099,547.094421
131100,547.632446
131101,548.159058
131102,546.543396
131103,547.104187
131104,547.653442
131105,548.191284
131106,548.717896
131107,547.137024
131108,547.697449
131109,548.24646
131110,548.784241
131111,549.310669
131112,547.193298
131113,547.193054
131114,547.764587
131115,548.324768
131116,548.873596
131117,549.411133
131118,549.937256
131119,547.854797
131120,549.121033
131121,548.426025
131122,548.985901
131123,549.534485
131124,550.071655
131125,550.597412
131126,548.674377
131127,549.178101
131128,549.669861
131129,550.149597
131130,550.616638
131131,551.070312
131132,551.509888
131133,551.934692
131134,552.343933
131135,552.736389
131136,553.110657
131137,553.465149
131138,553.798218
131139,554.107849
131140,554.391357
131141,554.645813
131142,554.86731
131143,555.052002
131144,555.194824
131145,549.233154
131146,549.73645
131147,550.227539
131148,550.706604
131149,551.173035
131150,551.626282
131151,552.065552
131152,552.490051
131153,552.898804
131154,553.290833
131155,553.664673
131156,554.018738
131157,554.351074
131158,554.65979
131159,554.9422
131160,555.195435
131161,555.415833
131162,555.599426
131163,555.74115
131164,555.83728
131165,549.825684
131166,550.328552
131167,550.819092
131168,551.297485
131169,551.763245
131170,552.215942
131171,552.654724
131172,553.078796
131173,553.487183
131174,553.878662
131175,554.252014
131176,554.60553
131177,554.937317
131178,555.245178
131179,555.526611
131180,555.778748
131181,555.997864
131182,556.180176
131183,556.320679
131184,556.4151
131185,556.421997
131186,550.451843
131187,550.954285
131188,551.444397
131189,551.922241
131190,552.38739
131191,552.839417
131192,553.277649
131193,553.701172
131194,554.109009
131195,554.5
131196,554.872803
131197,555.225708
131198,555.556885
131199,555.864014
131200,556.144592
131201,556.39563
131202,556.613586
131203,556.794495
131204,556.933655
131205,557.026306
131206,557.032837
131207,551.11145
131208,551.613464
131209,552.10321
131210,552.580566
131211,553.045166
131212,553.496582
131213,553.934143
131214,554.357056
131215,554.764343
131216,555.154785
131217,555.526917
131218,555.879211
131219,556.209717
131220,556.516113
131221,556.795837
131222,557.045898
131223,557.262756
131224,557.442383
131225,557.580078
131226,557.670959
131227,557.677124
131228,555.292664
131229,555.844543
131230,549.278198
131231,548.550049
131232,549.120972
131233,549.680481
131234,550.228699
131235,550.765442
131236,551.290649
131237,551.804138
131238,552.305664
131239,552.795044
131240,553.271973
131241,553.736084
131242,554.186951
131243,554.623901
131244,555.046143
131245,555.45282
131246,555.84259
131247,556.214172
131248,556.565796
131249,556.895569
131250,557.201233
131251,557.480164
131252,557.729248
131253,557.945007
131254,558.123474
131255,558.259766
131256,558.348938
131257,558.354675
131258,549.278198
131259,549.848694
131260,550.407837
131261,550.955505
131262,551.49176
131263,552.016418
131264,554.459595
131265,554.909912
131266,555.346313
131267,555.767944
131268,556.17395
131269,556.563049
131270,556.93396
131271,557.284912
131272,557.613953
131273,557.918884
131274,558.19696
131275,558.44519
131276,558.659973
131277,558.83728
131278,558.97229
131279,559.059875
131280,559.065308
131281,550.038452
131282,550.829712
131283,550.608459
131284,551.39917
131285,550.038391
131286,550.608459
131287,551.167053
131288,551.714294
131289,552.249939
131290,555.664734
131291,556.100586
131292,556.521667
131293,556.927002
131294,557.315491
131295,557.685669
131296,558.03595
131297,558.364319
131298,558.668457
131299,558.945801
131300,559.193176
131301,559.406982
131302,559.583252
131303,559.717102
131304,559.803284
131305,559.808411
131306,551.651001
131307,550.829712
131308,552.501221
131309,553.333252
131310,553.333252
131311,552.220032
131312,551.399231
131313,553.069702
131314,553.901123
131315,552.777588
131316,551.957336
131317,553.626709
131318,554.457581
131319,553.32373
131320,552.504028
131321,554.172302
131322,555.002686
131323,554.706421
131324,555.536316
131325,556.058411
131326,558.48938
131327,558.110718
131328,556.885803
131329,557.700989
131330,558.937317
131331,558.545044
131332,557.306335
131333,558.121033
131334,559.371216
131335,558.9646
131336,557.711121
131337,558.525269
131338,559.790344
131339,559.368347
131340,558.098999
131341,558.912537
131342,560.193726
131343,559.755188
131344,558.468506
131345,559.281555
131346,560.5802
131347,560.123657
131348,558.818115
131349,559.630554
131350,560.948303
131351,560.472168
131352,559.145813
131353,559.957581
131354,561.296387
131355,560.798706
131356,559.44928
131357,560.260437
131358,561.622498
131359,561.100952
131360,559.72583
131361,560.536316
131362,561.924377
131363,561.376282
131364,559.972412
131365,560.782166
131366,562.199341
131367,561.621582
131368,560.185364
131369,560.994385
131370,562.444275
131371,561.833191
131372,560.360718
131373,561.168884
131374,562.655579
131375,562.007141
131376,560.49353
131377,561.300903
131378,562.829163
131379,562.138489
131380,560.578491
131381,561.384949
131382,562.960266
131383,562.221924
131384,560.583496
131385,561.389832
131386,563.043396
131387,562.226929
131388,562.790955
131389,555.300415
131390,547.631958
131391,547.632446
131392,548.158936
131393,548.674561
131394,549.178711
131395,547.653015
131396,547.653442
131397,548.191162
131398,548.718018
131399,549.233521
131400,549.737244
131401,547.697144
131402,548.324768
131403,548.324951
131404,547.697449
131405,548.246338
131406,548.873596
131407,548.784302
131408,549.310974
131409,549.825989
131410,550.329163
131411,549.670837
131412,550.150146
131413,550.61615
131414,551.069031
131415,551.508362
131416,551.93335
131417,552.343018
131418,552.736084
131419,553.110962
131420,553.466064
131421,553.7995
131422,554.109253
131423,554.392456
131424,550.228821
131425,550.707642
131426,551.173462
131427,551.625916
131428,552.064575
131429,552.488831
131430,552.897705
131431,553.290039
131432,553.664429
131433,554.018982
131434,554.351868
131435,554.660828
131436,554.943298
131437,555.19635
131438,550.820129
131439,551.298584
131440,551.764099
131441,552.216248
131442,552.654419
131443,553.078064
131444,553.486206
131445,553.877747
131446,554.251343
131447,554.605286
131448,554.9375
131449,555.245789
131450,555.527466
131451,555.779602
131452,555.998535
131453,549.411316
131454,549.937561
131455,550.452087
131456,550.954651
131457,551.445068
131458,551.923096
131459,552.388245
131460,552.840027
131461,553.277832
131462,553.700928
131463,554.108459
131464,554.499268
131465,554.87207
131466,555.22522
131467,555.556702
131468,555.864197
131469,556.145081
131470,556.396301
131471,556.614258
131472,556.795044
131473,554.64624
131474,555.416199
131475,556.18042
131476,556.933838
131477,554.866943
131478,555.599121
131479,556.320435
131480,557.026123
131481,555.051025
131482,555.740356
131483,556.41449
131484,557.03241
131485,555.193604
131486,555.836365
131487,556.421265
131488,555.291687
131489,555.84375
131490,555.299744
131491,550.071899
131492,550.597595
131493,551.111572
131494,551.613586
131495,552.103516
131496,552.581055
131497,553.045837
131498,553.497192
131499,553.934631
131500,554.357239
131501,554.76416
131502,555.154297
131503,555.526367
131504,555.878662
131505,556.20929
131506,556.515991
131507,556.796021
131508,557.046265
131509,557.263245
131510,557.442871
131511,557.580444
131512,557.671082
131513,557.677002
131514,550.228821
131515,550.228699
131516,550.765564
131517,551.29071
131518,551.804138
131519,553.272095
131520,553.73645
131521,554.187439
131522,554.62439
131523,555.046509
131524,555.452942
131525,555.842468
131526,556.213806
131527,556.565308
131528,556.895142
131529,557.200928
131530,557.480042
131531,557.72937
131532,557.945312
131533,558.12384
131534,558.260132
131535,558.349182
131536,558.354797
131537,550.407959
131538,550.407837
131539,550.955627
131540,551.491821
131541,552.016418
131542,554.459717
131543,554.910217
131544,555.34668
131545,555.768311
131546,556.174194
131547,556.563171
131548,556.933838
131549,557.284668
131550,557.613647
131551,557.918579
131552,558.196777
131553,558.445129
131554,558.660034
131555,558.837463
131556,558.972595
131557,559.06012
131558,559.065491
131559,551.167175
131560,551.714355
131561,552.25
131562,555.664795
131563,556.100769
131564,556.521912
131565,556.927307
131566,557.315674
131567,557.685791
131568,558.035889
131569,558.364136
131570,558.668213
131571,558.945496
131572,559.192993
131573,559.406921
131574,559.583313
131575,559.717285
131576,559.803467
131577,559.808594
131578,551.957397
131579,552.777649
131580,553.62677
131581,554.457642
131582,554.457581
131583,552.504028
131584,553.32373
131585,554.172302
131586,555.002747
131587,554.706421
131588,555.536377
131589,556.058411
131590,558.489441
131591,558.110718
131592,556.885925
131593,557.70105
131594,558.937439
131595,558.545166
131596,557.306519
131597,558.121155
131598,559.371399
131599,558.964722
131600,557.711365
131601,558.525452
131602,559.790527
131603,559.36853
131604,558.099182
131605,558.91272
131606,560.193848
131607,559.75531
131608,558.468689
131609,559.281677
131610,560.5802
131611,560.123718
131612,558.818176
131613,559.630615
131614,560.948242
131615,560.472107
131616,559.145752
131617,559.957581
131618,561.296265
131619,560.798584
131620,559.449097
131621,560.260254
131622,561.622375
131623,561.10083
131624,559.725586
131625,560.536133
131626,561.924255
131627,561.37616
131628,559.972168
131629,560.781982
131630,562.199219
131631,561.62146
131632,560.185242
131633,560.994263
131634,562.444214
131635,561.833191
131636,560.360657
131637,561.168884
131638,562.655579
131639,562.007141
131640,560.493591
131641,561.300964
131642,562.829285
131643,562.138611
131644,560.578613
131645,561.38501
131646,562.960388
131647,562.222046
131648,560.583679
131649,561.390015
131650,563.043518
131651,562.227051
131652,562.791016
131653,545.983276
131654,546.544312
131655,547.093811
131656,547.631958
131657,548.158936
131658,546.54303
131659,547.103699
131660,547.653015
131661,548.191162
131662,548.718018
131663,547.136658
131664,547.697144
131665,548.246338
131666,548.784302
131667,549.310974
131668,547.19281
131669,547.764404
131670,548.324646
131671,548.873657
131672,549.411316
131673,549.937561
131674,547.854675
131675,548.425964
131676,548.985962
131677,549.534668
131678,550.071899
131679,550.597595
131680,548.674561
131681,549.178223
131682,549.669739
131683,550.14917
131684,550.61615
131685,551.069946
131686,551.509766
131687,551.934692
131688,552.343933
131689,552.736572
131690,553.110962
131691,553.465637
131692,553.798584
131693,554.107971
131694,554.391174
131695,554.645447
131696,554.866943
131697,555.051758
131698,555.194702
131699,555.292664
131700,549.233521
131701,549.736816
131702,550.227661
131703,550.706421
131704,551.172729
131705,551.625916
131706,552.065247
131707,552.489868
131708,552.898804
131709,553.290833
131710,553.664795
131711,554.018982
131712,554.35144
131713,554.660034
131714,554.942322
131715,555.195374
131716,555.415588
131717,555.599121
131718,555.740906
131719,555.837219
131720,555.844543
131721,549.825989
131722,550.328918
131723,550.819397
131724,551.297546
131725,551.763184
131726,552.215698
131727,552.654419
131728,553.078552
131729,553.487061
131730,553.878601
131731,554.252014
131732,554.605652
131733,554.9375
131734,555.245483
131735,555.526855
131736,555.778809
131737,555.997803
131738,556.179993
131739,556.320435
131740,556.414917
131741,556.421936
131742,550.452087
131743,550.954529
131744,551.444702
131745,551.922424
131746,552.387451
131747,552.839355
131748,553.277466
131749,553.700928
131750,554.108826
131751,554.499939
131752,554.872742
131753,555.225708
131754,555.556946
131755,555.864197
131756,556.144775
131757,556.395813
131758,556.613647
131759,556.794434
131760,556.933472
131761,557.026123
131762,557.032715
131763,551.111572
131764,551.613525
131765,552.103394
131766,552.58075
131767,553.045349
131768,553.496643
131769,553.934082
131770,554.356934
131771,554.76416
131772,555.154602
131773,555.526855
131774,555.879211
131775,556.209717
131776,556.516235
131777,556.796021
131778,557.046082
131779,557.262878
131780,557.442444
131781,557.580017
131782,557.670837
131783,557.677002
131784,555.300415
131785,548.549988
131786,549.121033
131787,549.680603
131788,550.228821
131789,550.765564
131790,551.29071
131791,553.736267
131792,554.187073
131793,554.623901
131794,555.046143
131795,555.452698
131796,555.842468
131797,556.21405
131798,556.565735
131799,556.895569
131800,557.201233
131801,557.480225
131802,557.72937
131803,557.945129
131804,558.123535
131805,558.259827
131806,558.348877
131807,558.354614
131808,549.278198
131809,549.848816
131810,550.407959
131811,550.955627
131812,551.491821
131813,554.910034
131814,555.346375
131815,555.768005
131816,556.173889
131817,556.562988
131818,556.933838
131819,557.28479
131820,557.613892
131821,557.918884
131822,558.197021
131823,558.445251
131824,558.660034
131825,558.837341
131826,558.972351
131827,559.059875
131828,559.065247
131829,550.038452
131830,550.608521
131831,551.167175
131832,551.714355
131833,556.100647
131834,556.521729
131835,556.927002
131836,557.31543
131837,557.685608
131838,558.035889
131839,558.364258
131840,558.668457
131841,558.945801
131842,559.193176
131843,559.407043
131844,559.583313
131845,559.717163
131846,559.803284
131847,559.808411
131848,551.651062
131849,550.829773
131850,552.501282
131851,553.333252
131852,552.220093
131853,551.399353
131854,553.069702
131855,553.901184
131856,552.777649
131857,551.957397
131858,553.62677
131859,554.457642
131860,554.172302
131861,555.002747
131862,555.536377
131863,558.937317
131864,558.545105
131865,557.306396
131866,558.121094
131867,559.371277
131868,558.9646
131869,557.711182
131870,558.525269
131871,559.790344
131872,559.368347
131873,558.098999
131874,558.912598
131875,560.193726
131876,559.755188
131877,558.468506
131878,559.281555
131879,560.580139
131880,560.123657
131881,558.818054
131882,559.630493
131883,560.948242
131884,560.472107
131885,559.145752
131886,559.957581
131887,561.296326
131888,560.798645
131889,559.449219
131890,560.260376
131891,561.622498
131892,561.100952
131893,559.725769
131894,560.536255
131895,561.924377
131896,561.376282
131897,559.972412
131898,560.782166
131899,562.199341
131900,561.621582
131901,560.185425
131902,560.994385
131903,562.444275
131904,561.833252
131905,560.360718
131906,561.168945
131907,562.655579
131908,562.007141
131909,560.493591
131910,561.300964
131911,562.829224
131912,562.13855
131913,560.578552
131914,561.384949
131915,562.960327
131916,562.221924
131917,560.583496
131918,561.389893
131919,563.043396
131920,562.226929
131921,562.790955
131922,547.093323
131923,547.093811
131924,547.631775
131925,548.159058
131926,548.675049
131927,549.17926
131928,547.103333
131929,547.103699
131930,547.652893
131931,548.191284
131932,548.718384
131933,549.233948
131934,549.737549
131935,547.697021
131936,548.324646
131937,548.325256
131938,547.697815
131939,548.247131
131940,548.874146
131941,548.24646
131942,548.873657
131943,548.784607
131944,549.31134
131945,549.826294
131946,550.329346
131947,549.671265
131948,550.150513
131949,550.616638
131950,551.069458
131951,551.508484
131952,551.933167
131953,552.34259
131954,552.735596
131955,553.110657
131956,553.465942
131957,553.7995
131958,554.109253
131959,554.392578
131960,554.646545
131961,550.228943
131962,550.707825
131963,551.173767
131964,551.626282
131965,552.06488
131966,552.488892
131967,552.897583
131968,553.289734
131969,553.664062
131970,554.018738
131971,554.351746
131972,554.660767
131973,554.943359
131974,555.196411
131975,555.416443
131976,550.82019
131977,551.298584
131978,551.764221
131979,552.216492
131980,552.654724
131981,553.078308
131982,553.486267
131983,553.877686
131984,554.25116
131985,554.605042
131986,554.937317
131987,555.245667
131988,555.527466
131989,555.779663
131990,555.998657
131991,556.180603
131992,549.411621
131993,549.937805
131994,550.452209
131995,550.954712
131996,551.445007
131997,551.923035
131998,552.388306
131999,552.840149
132000,553.278076
132001,553.701172
132002,554.108643
132003,554.499329
132004,554.872009
132005,555.225037
132006,555.556458
132007,555.864014
132008,556.144958
132009,556.39624
132010,556.614258
132011,556.795105
132012,556.93396
132013,554.86731
132014,555.599426
132015,556.320679
132016,557.026306
132017,555.051331
132018,555.740601
132019,556.414673
132020,557.032532
132021,555.193726
132022,555.836426
132023,556.421387
132024,555.291504
132025,555.843689
132026,555.299438
132027,549.534851
132028,549.534668
132029,550.072083
132030,550.597717
132031,551.111572
132032,552.580933
132033,553.045776
132034,553.497253
132035,553.934692
132036,554.357361
132037,554.764343
132038,555.154419
132039,555.526367
132040,555.878601
132041,556.209167
132042,556.515808
132043,556.795837
132044,557.046204
132045,557.263245
132046,557.442932
132047,557.580505
132048,557.671204
132049,557.677124
132050,549.680786
132051,549.680603
132052,550.229004
132053,550.765686
132054,551.290771
132055,553.736389
132056,554.187439
132057,554.62439
132058,555.046631
132059,555.453064
132060,555.84259
132061,556.213928
132062,556.565369
132063,556.895081
132064,557.200806
132065,557.479919
132066,557.729248
132067,557.945251
132068,558.12384
132069,558.260193
132070,558.349243
132071,558.354858
132072,550.408081
132073,550.95575
132074,551.491882
132075,554.910156
132076,555.34668
132077,555.768372
132078,556.174255
132079,556.563232
132080,556.93396
132081,557.284729
132082,557.613647
132083,557.918518
132084,558.196655
132085,558.445007
132086,558.659973
132087,558.837402
132088,558.972595
132089,559.060181
132090,559.065552
132091,551.167236
132092,551.714355
132093,556.100769
132094,556.521912
132095,556.927307
132096,557.315735
132097,557.685852
132098,558.03595
132099,558.364197
132100,558.668213
132101,558.945496
132102,559.192932
132103,559.40686
132104,559.583252
132105,559.717224
132106,559.803467
132107,559.808655
132108,551.957458
132109,552.777649
132110,554.457703
132111,554.172363
132112,555.002747
132113,555.536377
132114,558.937378
132115,558.545105
132116,557.306458
132117,558.121094
132118,559.371338
132119,558.964722
132120,557.711304
132121,558.525452
132122,559.790527
132123,559.36853
132124,558.099243
132125,558.912781
132126,560.193848
132127,559.75531
132128,558.46875
132129,559.281738
132130,560.580261
132131,560.123779
132132,558.818237
132133,559.630676
132134,560.948303
132135,560.472168
132136,559.145813
132137,559.957581
132138,561.296326
132139,560.798645
132140,559.449158
132141,560.260315
132142,561.622375
132143,561.10083
132144,559.725647
132145,560.536133
132146,561.924255
132147,561.376099
132148,559.972168
132149,560.781982
132150,562.199219
132151,561.621399
132152,560.185181
132153,560.994263
132154,562.444214
132155,561.83313
132156,560.360596
132157,561.168823
132158,562.655579
132159,562.007141
132160,560.49353
132161,561.300903
132162,562.829224
132163,562.138611
132164,560.578613
132165,561.38501
132166,562.960388
132167,562.221985
132168,560.583618
132169,561.390015
132170,563.043518
132171,562.227051
132172,562.791016
132173,545.982788
132174,546.543762
132175,547.093323
132176,547.631775
132177,548.159058
132178,546.542542
132179,547.103333
132180,547.652893
132181,548.191284
132182,548.718384
132183,547.136353
132184,547.697021
132185,548.24646
132186,548.784607
132187,549.31134
132188,547.192566
132189,547.764282
132190,548.324768
132191,548.873901
132192,549.411621
132193,549.937805
132194,547.854614
132195,548.426025
132196,548.986145
132197,549.534851
132198,550.072083
132199,550.597717
132200,548.675049
132201,549.178711
132202,549.669861
132203,550.148987
132204,550.615723
132205,551.069458
132206,551.509399
132207,551.93457
132208,552.343933
132209,552.736572
132210,553.111145
132211,553.465942
132212,553.799072
132213,554.108337
132214,554.391357
132215,554.645325
132216,554.866577
132217,555.051331
132218,555.194458
132219,555.292603
132220,555.300415
132221,549.233948
132222,549.737244
132223,550.228027
132224,550.706604
132225,551.172607
132226,551.625549
132227,552.06488
132228,552.489624
132229,552.898621
132230,553.290833
132231,553.664856
132232,554.019104
132233,554.351746
132234,554.6604
132235,554.942566
132236,555.195435
132237,555.415466
132238,555.598816
132239,555.740601
132240,555.836975
132241,555.844482
132242,549.826294
132243,550.329163
132244,550.819702
132245,551.297852
132246,551.763245
132247,552.215576
132248,552.654175
132249,553.078308
132250,553.486816
132251,553.878479
132252,554.252014
132253,554.605652
132254,554.937622
132255,555.245667
132256,555.5271
132257,555.779053
132258,555.997864
132259,556.179871
132260,556.32019
132261,556.414673
132262,556.421753
132263,550.452209
132264,550.954651
132265,551.444885
132266,551.922668
132267,552.387695
132268,552.839417
132269,553.277344
132270,553.700745
132271,554.108643
132272,554.499695
132273,554.87262
132274,555.225708
132275,555.557007
132276,555.864319
132277,556.144958
132278,556.395996
132279,556.61377
132280,556.794495
132281,556.933411
132282,557.02594
132283,557.032532
132284,553.045532
132285,553.496765
132286,553.934143
132287,554.356873
132288,554.764038
132289,555.154419
132290,555.526672
132291,555.879089
132292,556.209717
132293,556.516235
132294,556.796082
132295,557.046204
132296,557.263
132297,557.442566
132298,557.580078
132299,557.670776
132300,557.67688
132301,548.550049
132302,549.121155
132303,549.680786
132304,550.229004
132305,550.765686
132306,554.187195
132307,554.624023
132308,555.046143
132309,555.452637
132310,555.842346
132311,556.213928
132312,556.565613
132313,556.895447
132314,557.201233
132315,557.480225
132316,557.729431
132317,557.945251
132318,558.123657
132319,558.259888
132320,558.348938
132321,558.354553
132322,549.27832
132323,549.848938
132324,550.408081
132325,550.95575
132326,555.346497
132327,555.768066
132328,556.17395
132329,556.562988
132330,556.933777
132331,557.284729
132332,557.613831
132333,557.918823
132334,558.19696
132335,558.445312
132336,558.660095
132337,558.837402
132338,558.972473
132339,559.059937
132340,559.065308
132341,550.038574
132342,550.608643
132343,551.167236
132344,556.52179
132345,556.927063
132346,557.315491
132347,557.685608
132348,558.035828
132349,558.364197
132350,558.668396
132351,558.94574
132352,559.193176
132353,559.407043
132354,559.583313
132355,559.717224
132356,559.803345
132357,559.808472
132358,551.651123
132359,550.829834
132360,552.501343
132361,553.333313
132362,552.220154
132363,551.399414
132364,553.069763
132365,553.901245
132366,553.62677
132367,554.457703
132368,555.002747
132369,559.371277
132370,558.964661
132371,557.711243
132372,558.52533
132373,559.790405
132374,559.368408
132375,558.09906
132376,558.912598
132377,560.193726
132378,559.755188
132379,558.468506
132380,559.281555
132381,560.580139
132382,560.123657
132383,558.818054
132384,559.630493
132385,560.948242
132386,560.472107
132387,559.145691
132388,559.95752
132389,561.296326
132390,560.798645
132391,559.449158
132392,560.260315
132393,561.622437
132394,561.100891
132395,559.725708
132396,560.536194
132397,561.924377
132398,561.376221
132399,559.972351
132400,560.782104
132401,562.199341
132402,561.621582
132403,560.185364
132404,560.994385
132405,562.444275
132406,561.833252
132407,560.360718
132408,561.168945
132409,562.65564
132410,562.007202
132411,560.493652
132412,561.300964
132413,562.829224
132414,562.138611
132415,560.578613
132416,561.38501
132417,562.960327
132418,562.221924
132419,560.583557
132420,561.389954
132421,563.043457
132422,562.226929
132423,562.790955
132424,546.543274
132425,546.543762
132426,547.09314
132427,547.631958
132428,548.159546
132429,548.675598
132430,549.179688
132431,547.10321
132432,547.104187
132433,547.65387
132434,547.653015
132435,548.19165
132436,548.718872
132437,549.234314
132438,549.737732
132439,547.697144
132440,548.324768
132441,548.246765
132442,548.873901
132443,548.784973
132444,549.311646
132445,549.826477
132446,550.329346
132447,549.671448
132448,550.150696
132449,550.617065
132450,551.069946
132451,551.508911
132452,551.93335
132453,552.342468
132454,552.735229
132455,553.110168
132456,553.465637
132457,553.799377
132458,554.109253
132459,554.392578
132460,554.646667
132461,554.867615
132462,550.229004
132463,550.707825
132464,551.173889
132465,551.626587
132466,552.065247
132467,552.489258
132468,552.897705
132469,553.289612
132470,553.663757
132471,554.018372
132472,554.35144
132473,554.660645
132474,554.943298
132475,555.196472
132476,555.416504
132477,555.59967
132478,550.820129
132479,551.298584
132480,551.764282
132481,552.216614
132482,552.654968
132483,553.078552
132484,553.486511
132485,553.877747
132486,554.251038
132487,554.604797
132488,554.937012
132489,555.245483
132490,555.527344
132491,555.779602
132492,555.998657
132493,556.180725
132494,556.320862
132495,548.874146
132496,549.411865
132497,549.937927
132498,550.452271
132499,551.922913
132500,552.388245
132501,552.84021
132502,553.278137
132503,553.701355
132504,554.108826
132505,554.499512
132506,554.87207
132507,555.224976
132508,555.556274
132509,555.863831
132510,556.144775
132511,556.396179
132512,556.614258
132513,556.795105
132514,556.934021
132515,557.026428
132516,555.051758
132517,555.740906
132518,556.414917
132519,557.032715
132520,555.194031
132521,555.836731
132522,556.42157
132523,555.291687
132524,555.84375
132525,555.299316
132526,548.986389
132527,548.986145
132528,549.535095
132529,550.072205
132530,550.597717
132531,553.045654
132532,553.497192
132533,553.934753
132534,554.357483
132535,554.764465
132536,555.154602
132537,555.52655
132538,555.878662
132539,556.209106
132540,556.515686
132541,556.795715
132542,557.046082
132543,557.263123
132544,557.442871
132545,557.580566
132546,557.671265
132547,557.677246
132548,549.680969
132549,550.229126
132550,550.765686
132551,554.187317
132552,554.62439
132553,555.046631
132554,555.453125
132555,555.842712
132556,556.21405
132557,556.565491
132558,556.895142
132559,557.200806
132560,557.479797
132561,557.729126
132562,557.945129
132563,558.123779
132564,558.260132
132565,558.349243
132566,558.354919
132567,550.408142
132568,550.95575
132569,555.346558
132570,555.768311
132571,556.174316
132572,556.563293
132573,556.934021
132574,557.28479
132575,557.613708
132576,557.918579
132577,558.196655
132578,558.444946
132579,558.659912
132580,558.837341
132581,558.972534
132582,559.06012
132583,559.065552
132584,550.608704
132585,551.399414
132586,551.399353
132587,550.608643
132588,551.167236
132589,556.521851
132590,556.927307
132591,557.315735
132592,557.685913
132593,558.036011
132594,558.364258
132595,558.668274
132596,558.945496
132597,559.192871
132598,559.406799
132599,559.583191
132600,559.717163
132601,559.803406
132602,559.808594
132603,553.626831
132604,553.62677
132605,555.002808
132606,559.371338
132607,558.964722
132608,557.711304
132609,558.525391
132610,559.790527
132611,559.36853
132612,558.099182
132613,558.91272
132614,560.193909
132615,559.755371
132616,558.46875
132617,559.281738
132618,560.580261
132619,560.123779
132620,558.818298
132621,559.630676
132622,560.948303
132623,560.472229
132624,559.145874
132625,559.957642
132626,561.296326
132627,560.798645
132628,559.449219
132629,560.260376
132630,561.622437
132631,561.10083
132632,559.725647
132633,560.536194
132634,561.924255
132635,561.37616
132636,559.972168
132637,560.781982
132638,562.199219
132639,561.621399
132640,560.185181
132641,560.994202
132642,562.444153
132643,561.83313
132644,560.360535
132645,561.168762
132646,562.655518
132647,562.00708
132648,560.49353
132649,561.300903
132650,562.829224
132651,562.13855
132652,560.578552
132653,561.384949
132654,562.960388
132655,562.221985
132656,560.583618
132657,561.389954
132658,563.043518
132659,562.227051
132660,562.791077
132661,545.982239
132662,546.543274
132663,547.09314
132664,547.631958
132665,548.159546
132666,546.542175
132667,547.10321
132668,547.653015
132669,548.19165
132670,548.718872
132671,546.564453
132672,546.564148
132673,547.136292
132674,547.697144
132675,548.246765
132676,548.784973
132677,549.311646
132678,547.192505
132679,547.764404
132680,548.324951
132681,548.874146
132682,549.411865
132683,549.937927
132684,547.854675
132685,548.426208
132686,548.986389
132687,549.535095
132688,550.072205
132689,548.675598
132690,549.17926
132691,549.670349
132692,550.14917
132693,550.61554
132694,551.069031
132695,551.508911
132696,551.934204
132697,552.343811
132698,552.736572
132699,553.111145
132700,553.466064
132701,553.799377
132702,554.108765
132703,554.391724
132704,554.645447
132705,554.866455
132706,555.051025
132707,555.194031
132708,555.292358
132709,555.300354
132710,549.234314
132711,549.737549
132712,550.228455
132713,550.706909
132714,551.172729
132715,551.625427
132716,552.064575
132717,552.489258
132718,552.898376
132719,553.29071
132720,553.664795
132721,554.019165
132722,554.351868
132723,554.660645
132724,554.942932
132725,555.19574
132726,555.415588
132727,555.598755
132728,555.740356
132729,555.836731
132730,555.844299
132731,549.826477
132732,550.329346
132733,550.820007
132734,551.298157
132735,551.76355
132736,552.215698
132737,552.654114
132738,553.078064
132739,553.486511
132740,553.878296
132741,554.251892
132742,554.605652
132743,554.937683
132744,555.245789
132745,555.527344
132746,555.779297
132747,555.998108
132748,556.179993
132749,556.320129
132750,556.41449
132751,556.42157
132752,552.387939
132753,552.8396
132754,553.277466
132755,553.700684
132756,554.108459
132757,554.499512
132758,554.872437
132759,555.225586
132760,555.556946
132761,555.864319
132762,556.145081
132763,556.396179
132764,556.614014
132765,556.794678
132766,556.933472
132767,557.02594
132768,557.03241
132769,553.496948
132770,553.934265
132771,554.356934
132772,554.763977
132773,555.154297
132774,555.52655
132775,555.878967
132776,556.209595
132777,556.516235
132778,556.796143
132779,557.046265
132780,557.263123
132781,557.442688
132782,557.5802
132783,557.670837
132784,557.676819
132785,548.550171
132786,549.121338
132787,549.680969
132788,550.229126
132789,554.624207
132790,555.046265
132791,555.452698
132792,555.842346
132793,556.213806
132794,556.565491
132795,556.895325
132796,557.201172
132797,557.480225
132798,557.729492
132799,557.945312
132800,558.123779
132801,558.26001
132802,558.348999
132803,558.354614
132804,549.278442
132805,549.84906
132806,550.408142
132807,555.768188
132808,556.174011
132809,556.562988
132810,556.933716
132811,557.284668
132812,557.613708
132813,557.918701
132814,558.196899
132815,558.445251
132816,558.660156
132817,558.837463
132818,558.972534
132819,559.060059
132820,559.065369
132821,550.038635
132822,550.608704
132823,556.927185
132824,557.315552
132825,557.685608
132826,558.035767
132827,558.364136
132828,558.668274
132829,558.945679
132830,559.193115
132831,559.407043
132832,559.583374
132833,559.717285
132834,559.803406
132835,559.808533
132836,551.651184
132837,550.829895
132838,552.501404
132839,553.333374
132840,552.220154
132841,551.399414
132842,553.069824
132843,553.901306
132844,554.457764
132845,559.790466
132846,559.368408
132847,558.099121
132848,558.912659
132849,560.193787
132850,559.755188
132851,558.468567
132852,559.281555
132853,560.580139
132854,560.123657
132855,558.818054
132856,559.630493
132857,560.948181
132858,560.472107
132859,559.145691
132860,559.95752
132861,561.296265
132862,560.798584
132863,559.449097
132864,560.260254
132865,561.622437
132866,561.10083
132867,559.725647
132868,560.536194
132869,561.924316
132870,561.376221
132871,559.97229
132872,560.782043
132873,562.199341
132874,561.621521
132875,560.185364
132876,560.994385
132877,562.444275
132878,561.833252
132879,560.360718
132880,561.168945
132881,562.65564
132882,562.007202
132883,560.493652
132884,561.301025
132885,562.829285
132886,562.138611
132887,560.578613
132888,561.38501
132889,562.960388
132890,562.221985
132891,560.583618
132892,561.389954
132893,563.043457
132894,562.22699
132895,562.790955
132896,546.543091
132897,546.544312
132898,547.094421
132899,547.093323
132900,547.632446
132901,548.160095
132902,548.676025
132903,549.179871
132904,547.103333
132905,547.653442
132906,548.192139
132907,548.719238
132908,549.234497
132909,549.737793
132910,547.136353
132911,547.764404
132912,547.764282
132913,547.136292
132914,547.697449
132915,548.324951
132916,548.247131
132917,548.785278
132918,549.311768
132919,549.826538
132920,549.671448
132921,550.150696
132922,550.617188
132923,551.070312
132924,551.509399
132925,551.933716
132926,552.34259
132927,552.735046
132928,553.109802
132929,553.465149
132930,553.799072
132931,554.10907
132932,554.392578
132933,554.646667
132934,554.867737
132935,555.052002
132936,550.228943
132937,550.707825
132938,551.17395
132939,551.62677
132940,552.065552
132941,552.489624
132942,552.89801
132943,553.289734
132944,553.663635
132945,554.018066
132946,554.351074
132947,554.6604
132948,554.943176
132949,555.196411
132950,555.416565
132951,555.599731
132952,555.74115
132953,551.298401
132954,551.764221
132955,552.216675
132956,552.65509
132957,553.078796
132958,553.486816
132959,553.877991
132960,554.25116
132961,554.604675
132962,554.936829
132963,555.245178
132964,555.5271
132965,555.77948
132966,555.998657
132967,556.180725
132968,556.320923
132969,556.4151
132970,548.325256
132971,548.87439
132972,549.412048
132973,549.937988
132974,552.388123
132975,552.840149
132976,553.278198
132977,553.701477
132978,554.109009
132979,554.499695
132980,554.872253
132981,555.225037
132982,555.556213
132983,555.863647
132984,556.144592
132985,556.395996
132986,556.614136
132987,556.795105
132988,556.934082
132989,557.026489
132990,557.032837
132991,555.194458
132992,555.836975
132993,556.421753
132994,555.291992
132995,555.843994
132996,555.299438
132997,548.986572
132998,549.535217
132999,550.072266
133000,553.497131
133001,553.934692
133002,554.357483
133003,554.764587
133004,555.154785
133005,555.526672
133006,555.878784
133007,556.209167
133008,556.515625
133009,556.795593
133010,557.045898
133011,557.263
133012,557.44281
133013,557.580505
133014,557.671265
133015,557.677307
133016,549.68103
133017,550.229126
133018,554.624329
133019,555.046631
133020,555.453125
133021,555.842773
133022,556.214172
133023,556.565613
133024,556.895203
133025,557.200806
133026,557.479797
133027,557.729065
133028,557.945007
133029,558.123657
133030,558.260132
133031,558.349243
133032,558.354919
133033,549.849121
133034,549.84906
133035,550.408203
133036,555.76825
133037,556.174255
133038,556.563354
133039,556.934082
133040,557.284912
133041,557.613831
133042,557.91864
133043,558.196655
133044,558.444946
133045,558.65979
133046,558.83728
133047,558.972473
133048,559.06012
133049,559.065552
133050,550.608704
133051,556.927246
133052,557.315735
133053,557.685913
133054,558.036072
133055,558.364319
133056,558.668396
133057,558.945557
133058,559.192932
133059,559.406799
133060,559.58313
133061,559.717102
133062,559.803345
133063,559.808594
133064,554.457764
133065,554.457764
133066,559.790466
133067,559.368469
133068,558.099182
133069,558.91272
133070,560.193848
133071,559.75531
133072,558.46875
133073,559.281738
133074,560.580322
133075,560.123779
133076,558.818298
133077,559.630676
133078,560.948364
133079,560.472229
133080,559.145874
133081,559.957703
133082,561.296387
133083,560.798706
133084,559.44928
133085,560.260437
133086,561.622437
133087,561.100891
133088,559.725708
133089,560.536194
133090,561.924255
133091,561.37616
133092,559.972229
133093,560.782043
133094,562.199219
133095,561.621399
133096,560.185181
133097,560.994263
133098,562.444153
133099,561.833069
133100,560.360535
133101,561.168762
133102,562.655518
133103,562.00708
133104,560.493469
133105,561.300842
133106,562.829163
133107,562.138489
133108,560.578491
133109,561.384949
133110,562.960327
133111,562.221924
133112,560.583557
133113,561.389954
133114,563.043518
133115,562.22699
133116,562.791016
133117,545.98175
133118,546.543091
133119,547.093323
133120,547.632446
133121,548.160095
133122,545.969971
133123,545.969604
133124,546.542053
133125,547.103333
133126,547.653442
133127,548.192139
133128,548.719238
133129,546.564026
133130,547.136353
133131,547.697449
133132,548.247131
133133,548.785278
133134,549.311768
133135,547.192566
133136,547.764587
133137,548.325256
133138,548.87439
133139,549.412048
133140,547.854797
133141,548.426453
133142,548.986572
133143,549.535217
133144,548.676025
133145,549.179688
133146,549.670837
133147,550.149597
133148,550.615723
133149,551.068909
133150,551.508484
133151,551.933716
133152,552.343445
133153,552.736389
133154,553.111145
133155,553.466064
133156,553.7995
133157,554.10907
133158,554.392151
133159,554.645813
133160,554.866577
133161,555.050842
133162,555.193726
133163,555.291992
133164,555.30011
133165,549.234497
133166,549.737732
133167,550.228821
133168,550.707336
133169,551.173035
133170,551.625549
133171,552.064453
133172,552.488892
133173,552.89801
133174,553.290405
133175,553.664673
133176,554.019104
133177,554.351868
133178,554.660767
133179,554.943176
133180,555.196045
133181,555.415833
133182,555.598816
133183,555.740234
133184,555.836426
133185,555.843994
133186,551.763855
133187,552.215942
133188,552.654175
133189,553.077942
133190,553.486267
133191,553.877991
133192,554.251648
133193,554.60553
133194,554.937622
133195,555.24585
133196,555.527466
133197,555.77948
133198,555.998352
133199,556.180176
133200,556.32019
133201,556.414429
133202,556.421387
133203,552.839844
133204,553.277649
133205,553.700745
133206,554.108337
133207,554.499329
133208,554.872253
133209,555.225403
133210,555.556885
133211,555.864319
133212,556.145081
133213,556.39624
133214,556.614136
133215,556.794861
133216,556.933655
133217,557.02594
133218,557.032349
133219,553.934448
133220,554.357056
133221,554.764038
133222,555.154236
133223,555.526367
133224,555.878784
133225,556.209473
133226,556.516113
133227,556.796082
133228,557.046326
133229,557.263245
133230,557.44281
133231,557.580322
133232,557.670959
133233,557.67688
133234,548.550354
133235,549.12146
133236,549.68103
133237,555.046387
133238,555.45282
133239,555.842346
133240,556.213745
133241,556.565369
133242,556.895203
133243,557.20105
133244,557.480164
133245,557.729431
133246,557.945312
133247,558.12384
133248,558.260132
133249,558.349121
133250,558.354675
133251,549.278564
133252,549.849121
133253,556.174133
133254,556.563049
133255,556.933777
133256,557.284607
133257,557.613647
133258,557.91864
133259,558.196838
133260,558.44519
133261,558.660095
133262,558.837463
133263,558.972595
133264,559.06012
133265,559.06543
133266,557.315613
133267,557.685669
133268,558.035828
133269,558.364075
133270,558.668213
133271,558.945557
133272,559.193054
133273,559.406982
133274,559.583313
133275,559.717285
133276,559.803467
133277,559.808594
133278,552.501404
133279,553.333435
133280,553.901306
133281,560.193787
133282,559.755249
133283,558.468628
133284,559.281616
133285,560.5802
133286,560.123657
133287,558.818115
133288,559.630554
133289,560.948242
133290,560.472107
133291,559.145691
133292,559.95752
133293,561.296265
133294,560.798584
133295,559.449097
133296,560.260254
133297,561.622375
133298,561.10083
133299,559.725647
133300,560.536133
133301,561.924255
133302,561.37616
133303,559.972229
133304,560.782043
133305,562.19928
133306,561.621521
133307,560.185303
133308,560.994324
133309,562.444275
133310,561.833191
133311,560.360718
133312,561.168884
133313,562.65564
133314,562.007202
133315,560.493652
133316,561.300964
133317,562.829285
133318,562.138611
133319,560.578674
133320,561.385071
133321,562.960388
133322,562.221985
133323,560.583618
133324,561.390015
133325,563.043518
133326,562.22699
133327,562.791016
133328,546.543274
133329,547.093811
133330,547.632996
133331,548.160583
133332,548.676208
133333,549.179871
133334,546.542175
133335,546.542053
133336,547.103699
133337,547.65387
133338,548.192505
133339,548.719421
133340,549.234558
133341,547.136658
133342,547.764587
133343,547.697815
133344,548.247437
133345,548.785461
133346,549.311829
133347,549.671448
133348,550.150696
133349,550.617249
133350,551.070496
133351,551.509766
133352,551.934204
133353,552.343018
133354,552.735229
133355,553.10968
133356,553.464783
133357,553.798584
133358,554.108765
133359,554.392456
133360,554.646667
133361,554.867737
133362,555.052124
133363,555.194702
133364,550.707642
133365,551.173889
133366,551.62677
133367,552.065735
133368,552.489868
133369,552.898376
133370,553.290039
133371,553.663757
133372,554.017944
133373,554.35083
133374,554.660034
133375,554.942932
133376,555.19635
133377,555.416504
133378,555.599792
133379,555.741211
133380,555.837219
133381,551.764099
133382,552.216614
133383,552.655151
133384,553.078918
133385,553.487061
133386,553.878296
133387,554.251343
133388,554.604797
133389,554.936707
133390,555.244995
133391,555.526855
133392,555.779297
133393,555.998535
133394,556.180725
133395,556.320923
133396,556.415161
133397,556.421936
133398,548.3255
133399,548.874573
133400,549.412048
133401,552.840027
133402,553.278137
133403,553.701477
133404,554.109131
133405,554.499939
133406,554.872437
133407,555.22522
133408,555.556274
133409,555.863586
133410,556.144409
133411,556.395813
133412,556.614014
133413,556.795044
133414,556.934021
133415,557.026489
133416,557.032898
133417,555.292358
133418,555.844299
133419,555.299744
133420,548.986694
133421,549.535217
133422,553.934631
133423,554.357483
133424,554.764587
133425,555.154846
133426,555.526855
133427,555.878967
133428,556.20929
133429,556.515686
133430,556.795532
133431,557.045776
133432,557.262878
133433,557.442688
133434,557.580444
133435,557.671265
133436,557.677307
133437,549.121582
133438,549.12146
133439,549.681091
133440,555.046509
133441,555.453125
133442,555.842834
133443,556.214233
133444,556.565735
133445,556.895325
133446,557.200928
133447,557.479797
133448,557.729004
133449,557.944946
133450,558.123535
133451,558.26001
133452,558.349182
133453,558.354919
133454,549.849182
133455,556.174194
133456,556.563293
133457,556.934143
133458,557.284973
133459,557.613892
133460,557.918701
133461,558.196777
133462,558.444946
133463,558.65979
133464,558.837219
133465,558.972351
133466,559.060059
133467,559.065491
133468,557.315674
133469,557.685913
133470,558.036072
133471,558.36438
133472,558.668457
133473,558.945679
133474,559.192993
133475,559.406799
133476,559.583069
133477,559.717041
133478,559.803284
133479,559.808533
133480,560.193848
133481,559.75531
133482,558.468689
133483,559.281677
133484,560.580261
133485,560.123779
133486,558.818298
133487,559.630676
133488,560.948364
133489,560.47229
133490,559.145935
133491,559.957703
133492,561.296448
133493,560.798706
133494,559.44928
133495,560.260437
133496,561.622498
133497,561.100952
133498,559.725769
133499,560.536255
133500,561.924316
133501,561.376221
133502,559.97229
133503,560.782043
133504,562.199219
133505,561.62146
133506,560.185242
133507,560.994263
133508,562.444153
133509,561.83313
133510,560.360535
133511,561.168762
133512,562.655518
133513,562.007019
133514,560.493469
133515,561.300842
133516,562.829163
133517,562.138489
133518,560.578491
133519,561.384888
133520,562.960327
133521,562.221924
133522,560.583496
133523,561.389893
133524,563.043457
133525,562.22699
133526,562.791016
133527,545.409241
133528,545.408813
133529,545.981567
133530,546.543274
133531,547.093811
133532,547.632996
133533,548.160583
133534,545.969421
133535,546.542175
133536,547.103699
133537,547.65387
133538,548.192505
133539,548.719421
133540,546.564148
133541,547.136658
133542,547.697815
133543,548.247437
133544,548.785461
133545,547.19281
133546,547.764893
133547,548.3255
133548,548.874573
133549,547.855042
133550,548.426636
133551,548.986694
133552,548.676208
133553,549.179871
133554,549.671265
133555,550.150146
133556,550.61615
133557,551.069031
133558,551.508362
133559,551.93335
133560,552.343018
133561,552.736084
133562,553.110962
133563,553.466064
133564,553.7995
133565,554.109253
133566,554.392456
133567,554.64624
133568,554.866943
133569,555.051025
133570,555.193604
133571,555.291687
133572,555.299744
133573,551.173462
133574,551.625916
133575,552.064575
133576,552.488831
133577,552.897705
133578,553.290039
133579,553.664429
133580,554.018982
133581,554.351868
133582,554.660828
133583,554.943298
133584,555.19635
133585,555.416199
133586,555.599121
133587,555.740356
133588,555.836365
133589,555.84375
133590,552.216248
133591,552.654419
133592,553.078064
133593,553.486206
133594,553.877747
133595,554.251343
133596,554.605286
133597,554.9375
133598,555.245789
133599,555.527466
133600,555.779602
133601,555.998535
133602,556.18042
133603,556.320435
133604,556.41449
133605,556.421265
133606,553.277832
133607,553.700928
133608,554.108459
133609,554.499268
133610,554.87207
133611,555.22522
133612,555.556702
133613,555.864197
133614,556.145081
133615,556.396301
133616,556.614258
133617,556.795044
133618,556.933838
133619,557.026123
133620,557.03241
133621,554.357239
133622,554.76416
133623,555.154297
133624,555.526367
133625,555.878662
133626,556.20929
133627,556.515991
133628,556.796021
133629,557.046265
133630,557.263245
133631,557.442871
133632,557.580444
133633,557.671082
133634,557.677002
133635,549.121582
133636,555.452942
133637,555.842468
133638,556.213806
133639,556.565308
133640,556.895142
133641,557.200928
133642,557.480042
133643,557.72937
133644,557.945312
133645,558.12384
133646,558.260132
133647,558.349182
133648,558.354797
133649,556.563171
133650,556.933838
133651,557.284668
133652,557.613647
133653,557.918579
133654,558.196777
133655,558.445129
133656,558.660034
133657,558.837463
133658,558.972595
133659,559.06012
133660,559.065491
133661,557.685791
133662,558.035889
133663,558.364136
133664,558.668213
133665,558.945496
133666,559.192993
133667,559.406921
133668,559.583313
133669,559.717285
133670,559.803467
133671,559.808594
133672,553.333435
133673,560.5802
133674,560.123718
133675,558.818176
133676,559.630615
133677,560.948242
133678,560.472107
133679,559.145752
133680,559.957581
133681,561.296265
133682,560.798584
133683,559.449097
133684,560.260254
133685,561.622375
133686,561.10083
133687,559.725586
133688,560.536133
133689,561.924255
133690,561.37616
133691,559.972168
133692,560.781982
133693,562.199219
133694,561.62146
133695,560.185242
133696,560.994263
133697,562.444214
133698,561.833191
133699,560.360657
133700,561.168884
133701,562.655579
133702,562.007141
133703,560.493591
133704,561.300964
133705,562.829285
133706,562.138611
133707,560.578613
133708,561.38501
133709,562.960388
133710,562.222046
133711,560.583679
133712,561.390015
133713,563.043518
133714,562.227051
133715,562.791016
133716,545.98175
133717,545.981567
133718,546.543762
133719,547.094421
133720,547.633484
133721,548.160767
133722,548.67627
133723,546.542542
133724,547.104187
133725,547.654236
133726,548.192688
133727,548.719482
133728,547.137024
133729,547.764893
133730,547.69812
133731,548.24762
133732,548.785522
133733,550.150513
133734,550.617188
133735,551.070496
133736,551.509888
133737,551.93457
133738,552.343445
133739,552.735596
133740,553.109802
133741,553.464661
133742,553.798218
133743,554.108337
133744,554.392151
133745,554.646545
133746,554.867737
133747,555.052124
133748,555.194824
133749,555.292603
133750,551.173767
133751,551.62677
133752,552.065735
133753,552.490051
133754,552.898621
133755,553.290405
133756,553.664062
133757,554.018066
133758,554.350708
133759,554.65979
133760,554.942566
133761,555.196045
133762,555.416443
133763,555.599731
133764,555.741211
133765,555.83728
133766,555.844482
133767,552.216492
133768,552.65509
133769,553.078979
133770,553.487183
133771,553.878479
133772,554.251648
133773,554.605042
133774,554.936829
133775,555.244873
133776,555.526611
133777,555.779053
133778,555.998352
133779,556.180603
133780,556.320923
133781,556.415161
133782,556.421997
133783,547.765137
133784,548.426636
133785,548.426453
133786,548.325623
133787,548.874634
133788,553.278076
133789,553.701477
133790,554.109192
133791,554.5
133792,554.87262
133793,555.225403
133794,555.556458
133795,555.863647
133796,556.144348
133797,556.39563
133798,556.61377
133799,556.794861
133800,556.93396
133801,557.026489
133802,557.032959
133803,555.30011
133804,548.426758
133805,548.986755
133806,554.357361
133807,554.764587
133808,555.154907
133809,555.526917
133810,555.879089
133811,556.209473
133812,556.515808
133813,556.795593
133814,557.045776
133815,557.262756
133816,557.442566
133817,557.580322
133818,557.671204
133819,557.677307
133820,549.121582
133821,555.453064
133822,555.842773
133823,556.214233
133824,556.565796
133825,556.895447
133826,557.20105
133827,557.479919
133828,557.729065
133829,557.944885
133830,558.123474
133831,558.259888
133832,558.349121
133833,558.354858
133834,556.563232
133835,556.934082
133836,557.284973
133837,557.613953
133838,557.918823
133839,558.196838
133840,558.445007
133841,558.65979
133842,558.837158
133843,558.97229
133844,559.059937
133845,559.06543
133846,557.685852
133847,558.036072
133848,558.36438
133849,558.668457
133850,558.94574
133851,559.193054
133852,559.40686
133853,559.58313
133854,559.717041
133855,559.803284
133856,559.808472
133857,560.580261
133858,560.123779
133859,558.818237
133860,559.630676
133861,560.948364
133862,560.472229
133863,559.145874
133864,559.957703
133865,561.296448
133866,560.798767
133867,559.449341
133868,560.260437
133869,561.622498
133870,561.100952
133871,559.72583
133872,560.536316
133873,561.924377
133874,561.376221
133875,559.972351
133876,560.782104
133877,562.19928
133878,561.621521
133879,560.185303
133880,560.994324
133881,562.444214
133882,561.83313
133883,560.360596
133884,561.168823
133885,562.655518
133886,562.00708
133887,560.493469
133888,561.300842
133889,562.829163
133890,562.138489
133891,560.578491
133892,561.384888
133893,562.960266
133894,562.221924
133895,560.583496
133896,561.389832
133897,563.043457
133898,562.226929
133899,562.791016
133900,545.40863
133901,545.98175
133902,546.543762
133903,547.094421
133904,547.633484
133905,548.160767
133906,545.969604
133907,546.542542
133908,547.104187
133909,547.654236
133910,548.192688
133911,546.564453
133912,547.69812
133913,548.24762
133914,547.193054
133915,547.765137
133916,548.325623
133917,548.550476
133918,547.855225
133919,548.426758
133920,550.616638
133921,551.069458
133922,551.508484
133923,551.933167
133924,552.34259
133925,552.735596
133926,553.110657
133927,553.465942
133928,553.7995
133929,554.109253
133930,554.392578
133931,554.646545
133932,554.86731
133933,555.051331
133934,555.193726
133935,555.291504
133936,555.299438
133937,551.626282
133938,552.06488
133939,552.488892
133940,552.897583
133941,553.289734
133942,553.664062
133943,554.018738
133944,554.351746
133945,554.660767
133946,554.943359
133947,555.196411
133948,555.416443
133949,555.599426
133950,555.740601
133951,555.836426
133952,555.843689
133953,552.654724
133954,553.078308
133955,553.486267
133956,553.877686
133957,554.25116
133958,554.605042
133959,554.937317
133960,555.245667
133961,555.527466
133962,555.779663
133963,555.998657
133964,556.180603
133965,556.320679
133966,556.414673
133967,556.421387
133968,553.701172
133969,554.108643
133970,554.499329
133971,554.872009
133972,555.225037
133973,555.556458
133974,555.864014
133975,556.144958
133976,556.39624
133977,556.614258
133978,556.795105
133979,556.93396
133980,557.026306
133981,557.032532
133982,554.764343
133983,555.154419
133984,555.526367
133985,555.878601
133986,556.209167
133987,556.515808
133988,556.795837
133989,557.046204
133990,557.263245
133991,557.442932
133992,557.580505
133993,557.671204
133994,557.677124
133995,555.84259
133996,556.213928
133997,556.565369
133998,556.895081
133999,557.200806
134000,557.479919
134001,557.729248
134002,557.945251
134003,558.12384
134004,558.260193
134005,558.349243
134006,558.354858
134007,556.93396
134008,557.284729
134009,557.613647
134010,557.918518
134011,558.196655
134012,558.445007
134013,558.659973
134014,558.837402
134015,558.972595
134016,559.060181
134017,559.065552
134018,558.03595
134019,558.364197
134020,558.668213
134021,558.945496
134022,559.192932
134023,559.40686
134024,559.583252
134025,559.717224
134026,559.803467
134027,559.808655
134028,560.948303
134029,560.472168
134030,559.145813
134031,559.957581
134032,561.296326
134033,560.798645
134034,559.449158
134035,560.260315
134036,561.622375
134037,561.10083
134038,559.725647
134039,560.536133
134040,561.924255
134041,561.376099
134042,559.972168
134043,560.781982
134044,562.199219
134045,561.621399
134046,560.185181
134047,560.994263
134048,562.444214
134049,561.83313
134050,560.360596
134051,561.168823
134052,562.655579
134053,562.007141
134054,560.49353
134055,561.300903
134056,562.829224
134057,562.138611
134058,560.578613
134059,561.38501
134060,562.960388
134061,562.221985
134062,560.583618
134063,561.390015
134064,563.043518
134065,562.227051
134066,562.791016
134067,545.982239
134068,546.544312
134069,547.094849
134070,547.633667
134071,548.160828
134072,546.54303
134073,547.104553
134074,547.65448
134075,548.192749
134076,547.137329
134077,547.698303
134078,548.247681
134079,550.617065
134080,551.070496
134081,551.509888
134082,551.934692
134083,552.343811
134084,552.736084
134085,553.110168
134086,553.464783
134087,553.798096
134088,554.107971
134089,554.391724
134090,554.64624
134091,554.867615
134092,555.052124
134093,555.194824
134094,555.292664
134095,555.300354
134096,551.626587
134097,552.065735
134098,552.490051
134099,552.898804
134100,553.29071
134101,553.664429
134102,554.018372
134103,554.35083
134104,554.659668
134105,554.942322
134106,555.19574
134107,555.416199
134108,555.59967
134109,555.741211
134110,555.83728
134111,555.844543
134112,552.654968
134113,553.078918
134114,553.487183
134115,553.878601
134116,554.251892
134117,554.605286
134118,554.937012
134119,555.244995
134120,555.52655
134121,555.778809
134122,555.998108
134123,556.18042
134124,556.320862
134125,556.415161
134126,556.421997
134127,547.765259
134128,548.325684
134129,553.701355
134130,554.109131
134131,554.500061
134132,554.872742
134133,555.225586
134134,555.556702
134135,555.863831
134136,556.144409
134137,556.395569
134138,556.613647
134139,556.794678
134140,556.933838
134141,557.026428
134142,557.032898
134143,548.426819
134144,554.764465
134145,555.154846
134146,555.526978
134147,555.879211
134148,556.209595
134149,556.515991
134150,556.795715
134151,557.045776
134152,557.262695
134153,557.442444
134154,557.5802
134155,557.671082
134156,557.677246
134157,555.842712
134158,556.214233
134159,556.565796
134160,556.895569
134161,557.201172
134162,557.480042
134163,557.729126
134164,557.944946
134165,558.123413
134166,558.259827
134167,558.348999
134168,558.354797
134169,556.934021
134170,557.284973
134171,557.614014
134172,557.918884
134173,558.196899
134174,558.445129
134175,558.659912
134176,558.837219
134177,558.97229
134178,559.059875
134179,559.065369
134180,558.036011
134181,558.36438
134182,558.668518
134183,558.945801
134184,559.193115
134185,559.406921
134186,559.583191
134187,559.717041
134188,559.803223
134189,559.808411
134190,560.948303
134191,560.472229
134192,559.145874
134193,559.957642
134194,561.296448
134195,560.798706
134196,559.44928
134197,560.260437
134198,561.622559
134199,561.100952
134200,559.72583
134201,560.536316
134202,561.924377
134203,561.376282
134204,559.972412
134205,560.782166
134206,562.199341
134207,561.621521
134208,560.185364
134209,560.994385
134210,562.444214
134211,561.833191
134212,560.360657
134213,561.168884
134214,562.655518
134215,562.00708
134216,560.49353
134217,561.300903
134218,562.829163
134219,562.138489
134220,560.578491
134221,561.384888
134222,562.960266
134223,562.221863
134224,560.583496
134225,561.389832
134226,563.043396
134227,562.226929
134228,562.790955
134229,545.408813
134230,545.982239
134231,546.544312
134232,547.094849
134233,547.633667
134234,545.969971
134235,547.104553
134236,547.65448
134237,547.698303
134238,547.193298
134239,547.765259
134240,548.550598
134241,547.855347
134242,551.069946
134243,551.508911
134244,551.93335
134245,552.342468
134246,552.735229
134247,553.110168
134248,553.465637
134249,553.799377
134250,554.109253
134251,554.392578
134252,554.646667
134253,554.867615
134254,555.051758
134255,555.194031
134256,555.291687
134257,555.299316
134258,552.065247
134259,552.489258
134260,552.897705
134261,553.289612
134262,553.663757
134263,554.018372
134264,554.35144
134265,554.660645
134266,554.943298
134267,555.196472
134268,555.416504
134269,555.59967
134270,555.740906
134271,555.836731
134272,555.84375
134273,553.078552
134274,553.486511
134275,553.877747
134276,554.251038
134277,554.604797
134278,554.937012
134279,555.245483
134280,555.527344
134281,555.779602
134282,555.998657
134283,556.180725
134284,556.320862
134285,556.414917
134286,556.42157
134287,554.108826
134288,554.499512
134289,554.87207
134290,555.224976
134291,555.556274
134292,555.863831
134293,556.144775
134294,556.396179
134295,556.614258
134296,556.795105
134297,556.934021
134298,557.026428
134299,557.032715
134300,555.154602
134301,555.52655
134302,555.878662
134303,556.209106
134304,556.515686
134305,556.795715
134306,557.046082
134307,557.263123
134308,557.442871
134309,557.580566
134310,557.671265
134311,557.677246
134312,556.21405
134313,556.565491
134314,556.895142
134315,557.200806
134316,557.479797
134317,557.729126
134318,557.945129
134319,558.123779
134320,558.260132
134321,558.349243
134322,558.354919
134323,557.28479
134324,557.613708
134325,557.918579
134326,558.196655
134327,558.444946
134328,558.659912
134329,558.837341
134330,558.972534
134331,559.06012
134332,559.065552
134333,558.364258
134334,558.668274
134335,558.945496
134336,559.192871
134337,559.406799
134338,559.583191
134339,559.717163
134340,559.803406
134341,559.808594
134342,561.296326
134343,560.798645
134344,559.449219
134345,560.260376
134346,561.622437
134347,561.10083
134348,559.725647
134349,560.536194
134350,561.924255
134351,561.37616
134352,559.972168
134353,560.781982
134354,562.199219
134355,561.621399
134356,560.185181
134357,560.994202
134358,562.444153
134359,561.83313
134360,560.360535
134361,561.168762
134362,562.655518
134363,562.00708
134364,560.49353
134365,561.300903
134366,562.829224
134367,562.13855
134368,560.578552
134369,561.384949
134370,562.960388
134371,562.221985
134372,560.583618
134373,561.389954
134374,563.043518
134375,562.227051
134376,562.791077
134377,545.982788
134378,546.5448
134379,547.095093
134380,547.633728
134381,546.543396
134382,547.104736
134383,547.65448
134384,547.698303
134385,551.070312
134386,551.509888
134387,551.934692
134388,552.343933
134389,552.736389
134390,553.110657
134391,553.465149
134392,553.798218
134393,554.107849
134394,554.391357
134395,554.645813
134396,554.86731
134397,555.052002
134398,555.194824
134399,555.292664
134400,555.300415
134401,552.065552
134402,552.490051
134403,552.898804
134404,553.290833
134405,553.664673
134406,554.018738
134407,554.351074
134408,554.65979
134409,554.9422
134410,555.195435
134411,555.415833
134412,555.599426
134413,555.74115
134414,555.83728
134415,555.844543
134416,553.078796
134417,553.487183
134418,553.878662
134419,554.252014
134420,554.60553
134421,554.937317
134422,555.245178
134423,555.526611
134424,555.778748
134425,555.997864
134426,556.180176
134427,556.320679
134428,556.4151
134429,556.421997
134430,547.76532
134431,554.109009
134432,554.5
134433,554.872803
134434,555.225708
134435,555.556885
134436,555.864014
134437,556.144592
134438,556.39563
134439,556.613586
134440,556.794495
134441,556.933655
134442,557.026306
134443,557.032837
134444,547.855408
134445,548.550659
134446,548.550598
134447,547.855347
134448,555.154785
134449,555.526917
134450,555.879211
134451,556.209717
134452,556.516113
134453,556.795837
134454,557.045898
134455,557.262756
134456,557.442383
134457,557.580078
134458,557.670959
134459,557.677124
134460,556.214172
134461,556.565796
134462,556.895569
134463,557.201233
134464,557.480164
134465,557.729248
134466,557.945007
134467,558.123474
134468,558.259766
134469,558.348938
134470,558.354675
134471,557.284912
134472,557.613953
134473,557.918884
134474,558.19696
134475,558.44519
134476,558.659973
134477,558.83728
134478,558.97229
134479,559.059875
134480,559.065308
134481,558.364319
134482,558.668457
134483,558.945801
134484,559.193176
134485,559.406982
134486,559.583252
134487,559.717102
134488,559.803284
134489,559.808411
134490,561.296387
134491,560.798706
134492,559.44928
134493,560.260437
134494,561.622498
134495,561.100952
134496,559.72583
134497,560.536316
134498,561.924377
134499,561.376282
134500,559.972412
134501,560.782166
134502,562.199341
134503,561.621582
134504,560.185364
134505,560.994385
134506,562.444275
134507,561.833191
134508,560.360718
134509,561.168884
134510,562.655579
134511,562.007141
134512,560.49353
134513,561.300903
134514,562.829163
134515,562.138489
134516,560.578491
134517,561.384949
134518,562.960266
134519,562.221924
134520,560.583496
134521,561.389832
134522,563.043396
134523,562.226929
134524,562.790955
134525,545.409241
134526,546.5448
134527,547.095093
134528,547.104736
134529,547.19342
134530,551.509399
134531,551.933716
134532,552.34259
134533,552.735046
134534,553.109802
134535,553.465149
134536,553.799072
134537,554.10907
134538,554.392578
134539,554.646667
134540,554.867737
134541,555.052002
134542,555.194458
134543,555.291992
134544,555.299438
134545,552.489624
134546,552.89801
134547,553.289734
134548,553.663635
134549,554.018066
134550,554.351074
134551,554.6604
134552,554.943176
134553,555.196411
134554,555.416565
134555,555.599731
134556,555.74115
134557,555.836975
134558,555.843994
134559,553.486816
134560,553.877991
134561,554.25116
134562,554.604675
134563,554.936829
134564,555.245178
134565,555.5271
134566,555.77948
134567,555.998657
134568,556.180725
134569,556.320923
134570,556.4151
134571,556.421753
134572,554.499695
134573,554.872253
134574,555.225037
134575,555.556213
134576,555.863647
134577,556.144592
134578,556.395996
134579,556.614136
134580,556.795105
134581,556.934082
134582,557.026489
134583,557.032837
134584,555.526672
134585,555.878784
134586,556.209167
134587,556.515625
134588,556.795593
134589,557.045898
134590,557.263
134591,557.44281
134592,557.580505
134593,557.671265
134594,557.677307
134595,556.565613
134596,556.895203
134597,557.200806
134598,557.479797
134599,557.729065
134600,557.945007
134601,558.123657
134602,558.260132
134603,558.349243
134604,558.354919
134605,557.613831
134606,557.91864
134607,558.196655
134608,558.444946
134609,558.65979
134610,558.83728
134611,558.972473
134612,559.06012
134613,559.065552
134614,558.668396
134615,558.945557
134616,559.192932
134617,559.406799
134618,559.58313
134619,559.717102
134620,559.803345
134621,559.808594
134622,561.622437
134623,561.100891
134624,559.725708
134625,560.536194
134626,561.924255
134627,561.37616
134628,559.972229
134629,560.782043
134630,562.199219
134631,561.621399
134632,560.185181
134633,560.994263
134634,562.444153
134635,561.833069
134636,560.360535
134637,561.168762
134638,562.655518
134639,562.00708
134640,560.493469
134641,561.300842
134642,562.829163
134643,562.138489
134644,560.578491
134645,561.384949
134646,562.960327
134647,562.221924
134648,560.583557
134649,561.389954
134650,563.043518
134651,562.22699
134652,562.791016
134653,545.983276
134654,546.544983
134655,547.095154
134656,547.104797
134657,551.509766
134658,551.934692
134659,552.343933
134660,552.736572
134661,553.110962
134662,553.465637
134663,553.798584
134664,554.107971
134665,554.391174
134666,554.645447
134667,554.866943
134668,555.051758
134669,555.194702
134670,555.292664
134671,555.300415
134672,552.489868
134673,552.898804
134674,553.290833
134675,553.664795
134676,554.018982
134677,554.35144
134678,554.660034
134679,554.942322
134680,555.195374
134681,555.415588
134682,555.599121
134683,555.740906
134684,555.837219
134685,555.844543
134686,553.487061
134687,553.878601
134688,554.252014
134689,554.605652
134690,554.9375
134691,555.245483
134692,555.526855
134693,555.778809
134694,555.997803
134695,556.179993
134696,556.320435
134697,556.414917
134698,556.421936
134699,547.193481
134700,547.19342
134701,554.499939
134702,554.872742
134703,555.225708
134704,555.556946
134705,555.864197
134706,556.144775
134707,556.395813
134708,556.613647
134709,556.794434
134710,556.933472
134711,557.026123
134712,557.032715
134713,547.272461
134714,547.96814
134715,547.96814
134716,547.2724
134717,555.526855
134718,555.879211
134719,556.209717
134720,556.516235
134721,556.796021
134722,557.046082
134723,557.262878
134724,557.442444
134725,557.580017
134726,557.670837
134727,557.677002
134728,556.565735
134729,556.895569
134730,557.201233
134731,557.480225
134732,557.72937
134733,557.945129
134734,558.123535
134735,558.259827
134736,558.348877
134737,558.354614
134738,557.613892
134739,557.918884
134740,558.197021
134741,558.445251
134742,558.660034
134743,558.837341
134744,558.972351
134745,559.059875
134746,559.065247
134747,558.668457
134748,558.945801
134749,559.193176
134750,559.407043
134751,559.583313
134752,559.717163
134753,559.803284
134754,559.808411
134755,561.622498
134756,561.100952
134757,559.725769
134758,560.536255
134759,561.924377
134760,561.376282
134761,559.972412
134762,560.782166
134763,562.199341
134764,561.621582
134765,560.185425
134766,560.994385
134767,562.444275
134768,561.833252
134769,560.360718
134770,561.168945
134771,562.655579
134772,562.007141
134773,560.493591
134774,561.300964
134775,562.829224
134776,562.13855
134777,560.578552
134778,561.384949
134779,562.960327
134780,562.221924
134781,560.583496
134782,561.389893
134783,563.043396
134784,562.226929
134785,562.790955
134786,546.544983
134787,547.2724
134788,547.96814
134789,551.934204
134790,552.343018
134791,552.735229
134792,553.10968
134793,553.464783
134794,553.798584
134795,554.108765
134796,554.392456
134797,554.646667
134798,554.867737
134799,555.052124
134800,555.194702
134801,555.292358
134802,555.299744
134803,552.898376
134804,553.290039
134805,553.663757
134806,554.017944
134807,554.35083
134808,554.660034
134809,554.942932
134810,555.19635
134811,555.416504
134812,555.599792
134813,555.741211
134814,555.837219
134815,555.844299
134816,553.878296
134817,554.251343
134818,554.604797
134819,554.936707
134820,555.244995
134821,555.526855
134822,555.779297
134823,555.998535
134824,556.180725
134825,556.320923
134826,556.415161
134827,556.421936
134828,554.872437
134829,555.22522
134830,555.556274
134831,555.863586
134832,556.144409
134833,556.395813
134834,556.614014
134835,556.795044
134836,556.934021
134837,557.026489
134838,557.032898
134839,555.878967
134840,556.20929
134841,556.515686
134842,556.795532
134843,557.045776
134844,557.262878
134845,557.442688
134846,557.580444
134847,557.671265
134848,557.677307
134849,556.895325
134850,557.200928
134851,557.479797
134852,557.729004
134853,557.944946
134854,558.123535
134855,558.26001
134856,558.349182
134857,558.354919
134858,557.918701
134859,558.196777
134860,558.444946
134861,558.65979
134862,558.837219
134863,558.972351
134864,559.060059
134865,559.065491
134866,558.945679
134867,559.192993
134868,559.406799
134869,559.583069
134870,559.717041
134871,559.803284
134872,559.808533
134873,561.924316
134874,561.376221
134875,559.97229
134876,560.782043
134877,562.199219
134878,561.62146
134879,560.185242
134880,560.994263
134881,562.444153
134882,561.83313
134883,560.360535
134884,561.168762
134885,562.655518
134886,562.007019
134887,560.493469
134888,561.300842
134889,562.829163
134890,562.138489
134891,560.578491
134892,561.384888
134893,562.960327
134894,562.221924
134895,560.583496
134896,561.389893
134897,563.043457
134898,562.22699
134899,562.791016
134900,546.545044
134901,551.93457
134902,552.343933
134903,552.736572
134904,553.111145
134905,553.465942
134906,553.799072
134907,554.108337
134908,554.391357
134909,554.645325
134910,554.866577
134911,555.051331
134912,555.194458
134913,555.292603
134914,555.300415
134915,552.898621
134916,553.290833
134917,553.664856
134918,554.019104
134919,554.351746
134920,554.6604
134921,554.942566
134922,555.195435
134923,555.415466
134924,555.598816
134925,555.740601
134926,555.836975
134927,555.844482
134928,553.878479
134929,554.252014
134930,554.605652
134931,554.937622
134932,555.245667
134933,555.5271
134934,555.779053
134935,555.997864
134936,556.179871
134937,556.32019
134938,556.414673
134939,556.421753
134940,554.87262
134941,555.225708
134942,555.557007
134943,555.864319
134944,556.144958
134945,556.395996
134946,556.61377
134947,556.794495
134948,556.933411
134949,557.02594
134950,557.032532
134951,555.879089
134952,556.209717
134953,556.516235
134954,556.796082
134955,557.046204
134956,557.263
134957,557.442566
134958,557.580078
134959,557.670776
134960,557.67688
134961,556.895447
134962,557.201233
134963,557.480225
134964,557.729431
134965,557.945251
134966,558.123657
134967,558.259888
134968,558.348938
134969,558.354553
134970,557.918823
134971,558.19696
134972,558.445312
134973,558.660095
134974,558.837402
134975,558.972473
134976,559.059937
134977,559.065308
134978,558.94574
134979,559.193176
134980,559.407043
134981,559.583313
134982,559.717224
134983,559.803345
134984,559.808472
134985,561.924377
134986,561.376221
134987,559.972351
134988,560.782104
134989,562.199341
134990,561.621582
134991,560.185364
134992,560.994385
134993,562.444275
134994,561.833252
134995,560.360718
134996,561.168945
134997,562.65564
134998,562.007202
134999,560.493652
135000,561.300964
135001,562.829224
135002,562.138611
135003,560.578613
135004,561.38501
135005,562.960327
135006,562.221924
135007,560.583557
135008,561.389954
135009,563.043457
135010,562.226929
135011,562.790955
135012,546.610046
135013,546.610107
135014,552.343445
135015,552.735596
135016,553.109802
135017,553.464661
135018,553.798218
135019,554.108337
135020,554.392151
135021,554.646545
135022,554.867737
135023,555.052124
135024,555.194824
135025,555.292603
135026,555.30011
135027,553.290405
135028,553.664062
135029,554.018066
135030,554.350708
135031,554.65979
135032,554.942566
135033,555.196045
135034,555.416443
135035,555.599731
135036,555.741211
135037,555.83728
135038,555.844482
135039,554.251648
135040,554.605042
135041,554.936829
135042,555.244873
135043,555.526611
135044,555.779053
135045,555.998352
135046,556.180603
135047,556.320923
135048,556.415161
135049,556.421997
135050,555.225403
135051,555.556458
135052,555.863647
135053,556.144348
135054,556.39563
135055,556.61377
135056,556.794861
135057,556.93396
135058,557.026489
135059,557.032959
135060,556.209473
135061,556.515808
135062,556.795593
135063,557.045776
135064,557.262756
135065,557.442566
135066,557.580322
135067,557.671204
135068,557.677307
135069,557.20105
135070,557.479919
135071,557.729065
135072,557.944885
135073,558.123474
135074,558.259888
135075,558.349121
135076,558.354858
135077,558.196838
135078,558.445007
135079,558.65979
135080,558.837158
135081,558.97229
135082,559.059937
135083,559.06543
135084,559.193054
135085,559.40686
135086,559.58313
135087,559.717041
135088,559.803284
135089,559.808472
135090,562.19928
135091,561.621521
135092,560.185303
135093,560.994324
135094,562.444214
135095,561.83313
135096,560.360596
135097,561.168823
135098,562.655518
135099,562.00708
135100,560.493469
135101,561.300842
135102,562.829163
135103,562.138489
135104,560.578491
135105,561.384888
135106,562.960266
135107,562.221924
135108,560.583496
135109,561.389832
135110,563.043457
135111,562.226929
135112,562.791016
135113,552.343811
135114,552.736572
135115,553.111145
135116,553.466064
135117,553.799377
135118,554.108765
135119,554.391724
135120,554.645447
135121,554.866455
135122,555.051025
135123,555.194031
135124,555.292358
135125,555.300354
135126,553.29071
135127,553.664795
135128,554.019165
135129,554.351868
135130,554.660645
135131,554.942932
135132,555.19574
135133,555.415588
135134,555.598755
135135,555.740356
135136,555.836731
135137,555.844299
135138,554.251892
135139,554.605652
135140,554.937683
135141,555.245789
135142,555.527344
135143,555.779297
135144,555.998108
135145,556.179993
135146,556.320129
135147,556.41449
135148,556.42157
135149,555.225586
135150,555.556946
135151,555.864319
135152,556.145081
135153,556.396179
135154,556.614014
135155,556.794678
135156,556.933472
135157,557.02594
135158,557.03241
135159,556.209595
135160,556.516235
135161,556.796143
135162,557.046265
135163,557.263123
135164,557.442688
135165,557.5802
135166,557.670837
135167,557.676819
135168,557.201172
135169,557.480225
135170,557.729492
135171,557.945312
135172,558.123779
135173,558.26001
135174,558.348999
135175,558.354614
135176,558.196899
135177,558.445251
135178,558.660156
135179,558.837463
135180,558.972534
135181,559.060059
135182,559.065369
135183,559.193115
135184,559.407043
135185,559.583374
135186,559.717285
135187,559.803406
135188,559.808533
135189,562.199341
135190,561.621521
135191,560.185364
135192,560.994385
135193,562.444275
135194,561.833252
135195,560.360718
135196,561.168945
135197,562.65564
135198,562.007202
135199,560.493652
135200,561.301025
135201,562.829285
135202,562.138611
135203,560.578613
135204,561.38501
135205,562.960388
135206,562.221985
135207,560.583618
135208,561.389954
135209,563.043457
135210,562.22699
135211,562.790955
135212,552.736084
135213,553.110168
135214,553.464783
135215,553.798096
135216,554.107971
135217,554.391724
135218,554.64624
135219,554.867615
135220,555.052124
135221,555.194824
135222,555.292664
135223,555.300354
135224,553.664429
135225,554.018372
135226,554.35083
135227,554.659668
135228,554.942322
135229,555.19574
135230,555.416199
135231,555.59967
135232,555.741211
135233,555.83728
135234,555.844543
135235,554.605286
135236,554.937012
135237,555.244995
135238,555.52655
135239,555.778809
135240,555.998108
135241,556.18042
135242,556.320862
135243,556.415161
135244,556.421997
135245,555.556702
135246,555.863831
135247,556.144409
135248,556.395569
135249,556.613647
135250,556.794678
135251,556.933838
135252,557.026428
135253,557.032898
135254,556.515991
135255,556.795715
135256,557.045776
135257,557.262695
135258,557.442444
135259,557.5802
135260,557.671082
135261,557.677246
135262,557.480042
135263,557.729126
135264,557.944946
135265,558.123413
135266,558.259827
135267,558.348999
135268,558.354797
135269,558.445129
135270,558.659912
135271,558.837219
135272,558.97229
135273,559.059875
135274,559.065369
135275,559.406921
135276,559.583191
135277,559.717041
135278,559.803223
135279,559.808411
135280,562.444214
135281,561.833191
135282,560.360657
135283,561.168884
135284,562.655518
135285,562.00708
135286,560.49353
135287,561.300903
135288,562.829163
135289,562.138489
135290,560.578491
135291,561.384888
135292,562.960266
135293,562.221863
135294,560.583496
135295,561.389832
135296,563.043396
135297,562.226929
135298,562.790955
135299,552.736389
135300,553.111145
135301,553.466064
135302,553.7995
135303,554.10907
135304,554.392151
135305,554.645813
135306,554.866577
135307,555.050842
135308,555.193726
135309,555.291992
135310,555.30011
135311,553.664673
135312,554.019104
135313,554.351868
135314,554.660767
135315,554.943176
135316,555.196045
135317,555.415833
135318,555.598816
135319,555.740234
135320,555.836426
135321,555.843994
135322,554.60553
135323,554.937622
135324,555.24585
135325,555.527466
135326,555.77948
135327,555.998352
135328,556.180176
135329,556.32019
135330,556.414429
135331,556.421387
135332,555.556885
135333,555.864319
135334,556.145081
135335,556.39624
135336,556.614136
135337,556.794861
135338,556.933655
135339,557.02594
135340,557.032349
135341,556.516113
135342,556.796082
135343,557.046326
135344,557.263245
135345,557.44281
135346,557.580322
135347,557.670959
135348,557.67688
135349,557.480164
135350,557.729431
135351,557.945312
135352,558.12384
135353,558.260132
135354,558.349121
135355,558.354675
135356,558.44519
135357,558.660095
135358,558.837463
135359,558.972595
135360,559.06012
135361,559.06543
135362,559.406982
135363,559.583313
135364,559.717285
135365,559.803467
135366,559.808594
135367,562.444275
135368,561.833191
135369,560.360718
135370,561.168884
135371,562.65564
135372,562.007202
135373,560.493652
135374,561.300964
135375,562.829285
135376,562.138611
135377,560.578674
135378,561.385071
135379,562.960388
135380,562.221985
135381,560.583618
135382,561.390015
135383,563.043518
135384,562.22699
135385,562.791016
135386,553.110657
135387,553.465149
135388,553.798218
135389,554.107849
135390,554.391357
135391,554.645813
135392,554.86731
135393,555.052002
135394,555.194824
135395,555.292664
135396,555.300415
135397,554.018738
135398,554.351074
135399,554.65979
135400,554.9422
135401,555.195435
135402,555.415833
135403,555.599426
135404,555.74115
135405,555.83728
135406,555.844543
135407,554.937317
135408,555.245178
135409,555.526611
135410,555.778748
135411,555.997864
135412,556.180176
135413,556.320679
135414,556.4151
135415,556.421997
135416,555.864014
135417,556.144592
135418,556.39563
135419,556.613586
135420,556.794495
135421,556.933655
135422,557.026306
135423,557.032837
135424,556.795837
135425,557.045898
135426,557.262756
135427,557.442383
135428,557.580078
135429,557.670959
135430,557.677124
135431,557.729248
135432,557.945007
135433,558.123474
135434,558.259766
135435,558.348938
135436,558.354675
135437,558.659973
135438,558.83728
135439,558.97229
135440,559.059875
135441,559.065308
135442,559.583252
135443,559.717102
135444,559.803284
135445,559.808411
135446,562.655579
135447,562.007141
135448,560.49353
135449,561.300903
135450,562.829163
135451,562.138489
135452,560.578491
135453,561.384949
135454,562.960266
135455,562.221924
135456,560.583496
135457,561.389832
135458,563.043396
135459,562.226929
135460,562.790955
135461,553.110962
135462,553.466064
135463,553.7995
135464,554.109253
135465,554.392456
135466,554.64624
135467,554.866943
135468,555.051025
135469,555.193604
135470,555.291687
135471,555.299744
135472,554.018982
135473,554.351868
135474,554.660828
135475,554.943298
135476,555.19635
135477,555.416199
135478,555.599121
135479,555.740356
135480,555.836365
135481,555.84375
135482,554.9375
135483,555.245789
135484,555.527466
135485,555.779602
135486,555.998535
135487,556.18042
135488,556.320435
135489,556.41449
135490,556.421265
135491,555.864197
135492,556.145081
135493,556.396301
135494,556.614258
135495,556.795044
135496,556.933838
135497,557.026123
135498,557.03241
135499,556.796021
135500,557.046265
135501,557.263245
135502,557.442871
135503,557.580444
135504,557.671082
135505,557.677002
135506,557.72937
135507,557.945312
135508,558.12384
135509,558.260132
135510,558.349182
135511,558.354797
135512,558.660034
135513,558.837463
135514,558.972595
135515,559.06012
135516,559.065491
135517,559.583313
135518,559.717285
135519,559.803467
135520,559.808594
135521,562.655579
135522,562.007141
135523,560.493591
135524,561.300964
135525,562.829285
135526,562.138611
135527,560.578613
135528,561.38501
135529,562.960388
135530,562.222046
135531,560.583679
135532,561.390015
135533,563.043518
135534,562.227051
135535,562.791016
135536,553.465637
135537,553.798584
135538,554.107971
135539,554.391174
135540,554.645447
135541,554.866943
135542,555.051758
135543,555.194702
135544,555.292664
135545,555.300415
135546,554.35144
135547,554.660034
135548,554.942322
135549,555.195374
135550,555.415588
135551,555.599121
135552,555.740906
135553,555.837219
135554,555.844543
135555,555.245483
135556,555.526855
135557,555.778809
135558,555.997803
135559,556.179993
135560,556.320435
135561,556.414917
135562,556.421936
135563,556.144775
135564,556.395813
135565,556.613647
135566,556.794434
135567,556.933472
135568,557.026123
135569,557.032715
135570,557.046082
135571,557.262878
135572,557.442444
135573,557.580017
135574,557.670837
135575,557.677002
135576,557.945129
135577,558.123535
135578,558.259827
135579,558.348877
135580,558.354614
135581,558.837341
135582,558.972351
135583,559.059875
135584,559.065247
135585,559.717163
135586,559.803284
135587,559.808411
135588,562.829224
135589,562.13855
135590,560.578552
135591,561.384949
135592,562.960327
135593,562.221924
135594,560.583496
135595,561.389893
135596,563.043396
135597,562.226929
135598,562.790955
135599,553.465942
135600,553.7995
135601,554.109253
135602,554.392578
135603,554.646545
135604,554.86731
135605,555.051331
135606,555.193726
135607,555.291504
135608,555.299438
135609,554.351746
135610,554.660767
135611,554.943359
135612,555.196411
135613,555.416443
135614,555.599426
135615,555.740601
135616,555.836426
135617,555.843689
135618,555.245667
135619,555.527466
135620,555.779663
135621,555.998657
135622,556.180603
135623,556.320679
135624,556.414673
135625,556.421387
135626,556.144958
135627,556.39624
135628,556.614258
135629,556.795105
135630,556.93396
135631,557.026306
135632,557.032532
135633,557.046204
135634,557.263245
135635,557.442932
135636,557.580505
135637,557.671204
135638,557.677124
135639,557.945251
135640,558.12384
135641,558.260193
135642,558.349243
135643,558.354858
135644,558.837402
135645,558.972595
135646,559.060181
135647,559.065552
135648,559.717224
135649,559.803467
135650,559.808655
135651,562.829224
135652,562.138611
135653,560.578613
135654,561.38501
135655,562.960388
135656,562.221985
135657,560.583618
135658,561.390015
135659,563.043518
135660,562.227051
135661,562.791016
135662,553.799072
135663,554.108337
135664,554.391357
135665,554.645325
135666,554.866577
135667,555.051331
135668,555.194458
135669,555.292603
135670,555.300415
135671,554.6604
135672,554.942566
135673,555.195435
135674,555.415466
135675,555.598816
135676,555.740601
135677,555.836975
135678,555.844482
135679,555.5271
135680,555.779053
135681,555.997864
135682,556.179871
135683,556.32019
135684,556.414673
135685,556.421753
135686,556.395996
135687,556.61377
135688,556.794495
135689,556.933411
135690,557.02594
135691,557.032532
135692,557.263
135693,557.442566
135694,557.580078
135695,557.670776
135696,557.67688
135697,558.123657
135698,558.259888
135699,558.348938
135700,558.354553
135701,558.972473
135702,559.059937
135703,559.065308
135704,559.803345
135705,559.808472
135706,562.960327
135707,562.221924
135708,560.583557
135709,561.389954
135710,563.043457
135711,562.226929
135712,562.790955
135713,553.799377
135714,554.109253
135715,554.392578
135716,554.646667
135717,554.867615
135718,555.051758
135719,555.194031
135720,555.291687
135721,555.299316
135722,554.660645
135723,554.943298
135724,555.196472
135725,555.416504
135726,555.59967
135727,555.740906
135728,555.836731
135729,555.84375
135730,555.527344
135731,555.779602
135732,555.998657
135733,556.180725
135734,556.320862
135735,556.414917
135736,556.42157
135737,556.396179
135738,556.614258
135739,556.795105
135740,556.934021
135741,557.026428
135742,557.032715
135743,557.263123
135744,557.442871
135745,557.580566
135746,557.671265
135747,557.677246
135748,558.123779
135749,558.260132
135750,558.349243
135751,558.354919
135752,558.972534
135753,559.06012
135754,559.065552
135755,559.803406
135756,559.808594
135757,562.960388
135758,562.221985
135759,560.583618
135760,561.389954
135761,563.043518
135762,562.227051
135763,562.791077
135764,554.108765
135765,554.391724
135766,554.645447
135767,554.866455
135768,555.051025
135769,555.194031
135770,555.292358
135771,555.300354
135772,554.942932
135773,555.19574
135774,555.415588
135775,555.598755
135776,555.740356
135777,555.836731
135778,555.844299
135779,555.779297
135780,555.998108
135781,556.179993
135782,556.320129
135783,556.41449
135784,556.42157
135785,556.614014
135786,556.794678
135787,556.933472
135788,557.02594
135789,557.03241
135790,557.442688
135791,557.5802
135792,557.670837
135793,557.676819
135794,558.26001
135795,558.348999
135796,558.354614
135797,559.060059
135798,559.065369
135799,559.808533
135800,563.043457
135801,562.22699
135802,562.790955
135803,554.10907
135804,554.392578
135805,554.646667
135806,554.867737
135807,555.052002
135808,555.194458
135809,555.291992
135810,555.299438
135811,554.943176
135812,555.196411
135813,555.416565
135814,555.599731
135815,555.74115
135816,555.836975
135817,555.843994
135818,555.77948
135819,555.998657
135820,556.180725
135821,556.320923
135822,556.4151
135823,556.421753
135824,556.614136
135825,556.795105
135826,556.934082
135827,557.026489
135828,557.032837
135829,557.44281
135830,557.580505
135831,557.671265
135832,557.677307
135833,558.260132
135834,558.349243
135835,558.354919
135836,559.06012
135837,559.065552
135838,559.808594
135839,563.043518
135840,562.22699
135841,562.791016
135842,554.392151
135843,554.645813
135844,554.866577
135845,555.050842
135846,555.193726
135847,555.291992
135848,555.30011
135849,555.196045
135850,555.415833
135851,555.598816
135852,555.740234
135853,555.836426
135854,555.843994
135855,555.998352
135856,556.180176
135857,556.32019
135858,556.414429
135859,556.421387
135860,556.794861
135861,556.933655
135862,557.02594
135863,557.032349
135864,557.580322
135865,557.670959
135866,557.67688
135867,558.349121
135868,558.354675
135869,559.06543
135870,562.791016
135871,554.392456
135872,554.646667
135873,554.867737
135874,555.052124
135875,555.194702
135876,555.292358
135877,555.299744
135878,555.19635
135879,555.416504
135880,555.599792
135881,555.741211
135882,555.837219
135883,555.844299
135884,555.998535
135885,556.180725
135886,556.320923
135887,556.415161
135888,556.421936
135889,556.795044
135890,556.934021
135891,557.026489
135892,557.032898
135893,557.580444
135894,557.671265
135895,557.677307
135896,558.349182
135897,558.354919
135898,559.065491
135899,562.791016
135900,554.64624
135901,554.866943
135902,555.051025
135903,555.193604
135904,555.291687
135905,555.299744
135906,555.416199
135907,555.599121
135908,555.740356
135909,555.836365
135910,555.84375
135911,556.18042
135912,556.320435
135913,556.41449
135914,556.421265
135915,556.933838
135916,557.026123
135917,557.03241
135918,557.671082
135919,557.677002
135920,558.354797
135921,554.646545
135922,554.867737
135923,555.052124
135924,555.194824
135925,555.292603
135926,555.30011
135927,555.416443
135928,555.599731
135929,555.741211
135930,555.83728
135931,555.844482
135932,556.180603
135933,556.320923
135934,556.415161
135935,556.421997
135936,556.93396
135937,557.026489
135938,557.032959
135939,557.671204
135940,557.677307
135941,558.354858
135942,554.86731
135943,555.051331
135944,555.193726
135945,555.291504
135946,555.299438
135947,555.599426
135948,555.740601
135949,555.836426
135950,555.843689
135951,556.320679
135952,556.414673
135953,556.421387
135954,557.026306
135955,557.032532
135956,557.677124
135957,554.867615
135958,555.052124
135959,555.194824
135960,555.292664
135961,555.300354
135962,555.59967
135963,555.741211
135964,555.83728
135965,555.844543
135966,556.320862
135967,556.415161
135968,556.421997
135969,557.026428
135970,557.032898
135971,557.677246
135972,555.051758
135973,555.194031
135974,555.291687
135975,555.299316
135976,555.740906
135977,555.836731
135978,555.84375
135979,556.414917
135980,556.42157
135981,557.032715
135982,555.052002
135983,555.194824
135984,555.292664
135985,555.300415
135986,555.74115
135987,555.83728
135988,555.844543
135989,556.4151
135990,556.421997
135991,557.032837
135992,555.194458
135993,555.291992
135994,555.299438
135995,555.836975
135996,555.843994
135997,556.421753
135998,555.194702
135999,555.292664
136000,555.300415
136001,555.837219
136002,555.844543
136003,556.421936
136004,555.292358
136005,555.299744
136006,555.844299
136007,555.292603
136008,555.300415
136009,555.844482
136010,555.30011
136011,555.300354
136014,545.410706
136016,545.410706
136020,544.83728
136022,544.837341
136028,545.410461
136030,545.410706
136034,544.25238
136036,544.25238
136042,544.837097
136044,544.83728
136052,545.409912
136055,543.655823
136057,543.655823
136063,544.252197
136065,544.25238
136073,544.836548
136075,544.837097
136084,543.047424
136086,543.047424
136092,543.65564
136094,543.655823
136102,544.251648
136104,544.252197
136113,544.836548
136122,542.427124
136124,542.427063
136130,543.047302
136132,543.047424
136140,543.655151
136142,543.65564
136152,544.250977
136154,544.251648
136164,544.835815
136173,541.794556
136175,541.794495
136181,542.427002
136183,542.427124
136191,543.046875
136193,543.047302
136203,543.65448
136205,543.655151
136217,544.250366
136219,544.250977
136230,544.835205
136239,541.149536
136241,541.149414
136247,541.794495
136249,541.794556
136257,542.426636
136259,542.427002
136269,543.046265
136271,543.046875
136283,543.653931
136285,543.65448
136299,544.250183
136301,544.250366
136313,544.835022
136322,540.491638
136324,540.491577
136330,541.149536
136332,541.149536
136340,541.794189
136342,541.794495
136352,542.426025
136354,542.426636
136366,543.045715
136368,543.046265
136382,543.653687
136384,543.653931
136400,544.250366
136402,544.250183
136415,544.835205
136419,545.408569
136427,539.820557
136429,539.820435
136435,540.49176
136437,540.491638
136445,541.149292
136447,541.149536
136457,541.793701
136459,541.794189
136471,542.425537
136473,542.426025
136487,543.045532
136489,543.045715
136505,543.653931
136507,543.653687
136525,544.250977
136527,544.250366
136542,544.835815
136546,545.40918
136554,539.135803
136556,539.135681
136562,539.82074
136564,539.820557
136572,540.491577
136574,540.49176
136584,541.148865
136586,541.149292
136598,541.793213
136600,541.793701
136614,542.425354
136616,542.425537
136632,543.045715
136634,543.045532
136652,543.65448
136654,543.653931
136674,544.251648
136677,544.836548
136679,544.250977
136696,544.836548
136700,545.409912
136708,538.436829
136710,538.436646
136716,539.136047
136718,539.135803
136726,539.820679
136728,539.82074
136738,540.491211
136740,540.491577
136752,541.148438
136754,541.148865
136768,541.79303
136770,541.793213
136786,542.425537
136788,542.425354
136806,543.046265
136808,543.045715
136828,543.655151
136830,543.65448
136853,544.252197
136856,544.837097
136858,544.251648
136877,544.837097
136881,545.410461
136889,537.723022
136891,537.722839
136897,538.437134
136899,538.436829
136907,539.136047
136909,539.136047
136919,539.820374
136921,539.820679
136933,540.490845
136935,540.491211
136949,541.148254
136951,541.148438
136967,541.793213
136969,541.79303
136987,542.426025
136989,542.425537
137009,543.046875
137011,543.046265
137033,543.65564
137035,543.655151
137061,544.25238
137064,544.83728
137066,544.252197
137087,544.83728
137091,545.410706
137094,545.972351
137102,536.993774
137104,536.99353
137110,537.723389
137112,537.723022
137120,538.437195
137122,538.437134
137132,539.135803
137134,539.136047
137146,539.820007
137148,539.820374
137162,540.490662
137164,540.490845
137180,541.148438
137182,541.148254
137200,541.793701
137202,541.793213
137222,542.426636
137224,542.426025
137246,543.047302
137248,543.046875
137272,543.655823
137274,543.65564
137303,544.25238
137305,544.25238
137329,544.837341
137333,545.410706
137336,545.972595
137339,546.522766
137347,536.248352
137349,536.248108
137355,536.994141
137357,536.993774
137365,537.723511
137367,537.723389
137377,538.437012
137379,538.437195
137391,539.135559
137393,539.135803
137407,539.819885
137409,539.820007
137425,540.490845
137427,540.490662
137445,541.148865
137447,541.148438
137467,541.794189
137469,541.793701
137491,542.427002
137493,542.426636
137517,543.047424
137519,543.047302
137545,543.655823
137547,543.655823
137578,544.25238
137580,544.25238
137608,544.83728
137612,545.410706
137615,545.972595
137618,546.52301
137621,547.061218
137629,535.486023
137631,535.485779
137637,536.248779
137639,536.248352
137647,536.994324
137649,536.994141
137659,537.723389
137661,537.723511
137673,538.436768
137675,538.437012
137689,539.135437
137691,539.135559
137707,539.820007
137709,539.819885
137727,540.491211
137729,540.490845
137749,541.149292
137751,541.148865
137773,541.794495
137775,541.794189
137799,542.427124
137801,542.427002
137827,543.047424
137829,543.047424
137857,543.655823
137859,543.655823
137892,544.252197
137894,544.25238
137927,544.837097
137931,545.410461
137934,545.972595
137937,546.52301
137945,534.705994
137947,534.70575
137953,535.48645
137955,535.486023
137963,536.249023
137965,536.248779
137975,536.994263
137977,536.994324
137989,537.723206
137991,537.723389
138005,538.436707
138007,538.436768
138023,539.135559
138025,539.135437
138043,539.820374
138045,539.820007
138065,540.491577
138067,540.491211
138089,541.149536
138091,541.149292
138115,541.794556
138117,541.794495
138143,542.427063
138145,542.427124
138173,543.047424
138175,543.047424
138205,543.65564
138207,543.655823
138242,544.251648
138245,544.836548
138247,544.252197
138284,544.836548
138288,545.409912
138291,545.972351
138294,546.52301
138302,533.907471
138304,533.907166
138310,534.706482
138312,534.705994
138320,535.486755
138322,535.48645
138332,536.248962
138334,536.249023
138346,536.994141
138348,536.994263
138362,537.723083
138364,537.723206
138380,538.436768
138382,538.436707
138400,539.135803
138402,539.135559
138422,539.820679
138424,539.820374
138446,540.49176
138448,540.491577
138472,541.149536
138474,541.149536
138500,541.794495
138502,541.794556
138530,542.427124
138532,542.427063
138562,543.047302
138564,543.047424
138596,543.655151
138598,543.65564
138636,544.250977
138639,544.835815
138641,544.251648
138682,544.835815
138686,545.40918
138689,545.971741
138692,546.522766
138695,547.062012
138705,533.907959
138707,533.907471
138715,534.706787
138717,534.706482
138727,535.486755
138729,535.486755
138741,536.24884
138743,536.248962
138757,536.994019
138759,536.994141
138775,537.723206
138777,537.723083
138795,538.437012
138797,538.436768
138817,539.136047
138819,539.135803
138841,539.82074
138843,539.820679
138867,540.491638
138869,540.49176
138895,541.149414
138897,541.149536
138925,541.794556
138927,541.794495
138957,542.427002
138959,542.427124
138991,543.046875
138993,543.047302
139027,543.65448
139029,543.655151
139070,544.250366
139073,544.835205
139076,545.40918
139078,544.250977
139124,544.835205
139128,545.408569
139131,546.522217
139134,547.061768
139141,533.089478
139149,533.908325
139151,533.907959
139161,534.706848
139163,534.706787
139175,535.486633
139177,535.486755
139191,536.248779
139193,536.24884
139209,536.994141
139211,536.994019
139229,537.723389
139231,537.723206
139251,538.437195
139253,538.437012
139275,539.136047
139277,539.136047
139301,539.820557
139303,539.82074
139329,540.491577
139331,540.491638
139359,541.149536
139361,541.149414
139391,541.794495
139393,541.794556
139425,542.426636
139427,542.427002
139461,543.046265
139463,543.046875
139499,543.653931
139501,543.65448
139546,544.250183
139549,544.835022
139552,545.408569
139554,544.250366
139604,544.835022
139608,545.408325
139611,547.061218
139619,532.25116
139622,533.090027
139632,533.908386
139634,533.908325
139646,534.706787
139648,534.706848
139662,535.486633
139664,535.486633
139680,536.24884
139682,536.248779
139700,536.994263
139702,536.994141
139722,537.723511
139724,537.723389
139746,538.437134
139748,538.437195
139772,539.135803
139774,539.136047
139800,539.820435
139802,539.820557
139830,540.491638
139832,540.491577
139862,541.149536
139864,541.149536
139896,541.794189
139898,541.794495
139932,542.426025
139934,542.426636
139970,543.045715
139972,543.046265
140010,543.653687
140012,543.653931
140061,544.250366
140064,544.835205
140067,545.408325
140070,545.970398
140072,544.250183
140125,544.835205
140129,545.408569
140132,545.970215
140135,547.060486
140138,547.588684
140148,532.25177
140151,533.090454
140162,533.908386
140176,534.706726
140178,534.706787
140194,535.486633
140196,535.486633
140214,536.248962
140216,536.24884
140236,536.994324
140238,536.994263
140260,537.723389
140262,537.723511
140286,538.436829
140288,538.437134
140314,539.135681
140316,539.135803
140344,539.820557
140346,539.820435
140376,540.49176
140378,540.491638
140410,541.149292
140412,541.149536
140446,541.793701
140448,541.794189
140484,542.425537
140486,542.426025
140524,543.045532
140526,543.045715
140566,543.653931
140568,543.653687
140622,544.250977
140625,544.835815
140628,545.408569
140631,545.970215
140633,544.250366
140691,544.835815
140695,545.40918
140698,545.970398
140701,546.52063
140704,547.059875
140707,547.587952
140710,548.104553
140722,532.252136
140725,533.090515
140737,533.908325
140753,534.706787
140755,534.706726
140773,535.486755
140775,535.486633
140795,536.249023
140797,536.248962
140819,536.994141
140821,536.994324
140845,537.723022
140847,537.723389
140873,538.436646
140875,538.436829
140903,539.135803
140905,539.135681
140935,539.82074
140937,539.820557
140969,540.491577
140971,540.49176
141005,541.148865
141007,541.149292
141043,541.793213
141045,541.793701
141083,542.425354
141085,542.425537
141125,543.045715
141127,543.045532
141169,543.65448
141171,543.653931
141230,544.251648
141233,544.836548
141236,545.40918
141239,545.970398
141241,544.250977
141306,544.836548
141310,545.409912
141313,545.971008
141316,546.520874
141319,547.059631
141322,547.587402
141325,548.103821
141339,532.252258
141342,533.090454
141355,533.908264
141373,534.706848
141375,534.706787
141395,535.486755
141397,535.486755
141419,536.248779
141421,536.249023
141445,536.993774
141447,536.994141
141473,537.722839
141475,537.723022
141503,538.436829
141505,538.436646
141535,539.136047
141537,539.135803
141569,539.820679
141571,539.82074
141605,540.491211
141607,540.491577
141643,541.148438
141645,541.148865
141683,541.79303
141685,541.793213
141725,542.425537
141727,542.425354
141769,543.046265
141771,543.045715
141815,543.655151
141817,543.65448
141881,544.252197
141884,544.837097
141887,545.409912
141890,545.971008
141892,544.251648
141964,544.837097
141968,545.410461
141971,545.971741
141974,546.521484
141977,547.059875
141980,547.587158
141983,548.103271
141986,548.60791
142002,532.252136
142005,533.090393
142019,533.908325
142038,534.706848
142060,535.48645
142062,535.486755
142086,536.248352
142088,536.248779
142114,536.99353
142116,536.993774
142144,537.723022
142146,537.722839
142176,538.437134
142178,538.436829
142210,539.136047
142212,539.136047
142246,539.820374
142248,539.820679
142284,540.490845
142286,540.491211
142324,541.148254
142326,541.148438
142366,541.793213
142368,541.79303
142410,542.426025
142412,542.425537
142456,543.046875
142458,543.046265
142504,543.65564
142506,543.655151
142575,544.25238
142578,544.83728
142581,545.410461
142584,545.971741
142586,544.252197
142666,544.83728
142670,545.410706
142673,545.972351
142676,546.522217
142679,547.060486
142682,547.587402
142685,548.103027
142688,548.6073
142691,549.099915
142708,532.252136
142711,533.090454
142726,533.908386
142746,534.706787
142770,535.486023
142772,535.48645
142798,536.248108
142800,536.248352
142828,536.993774
142830,536.99353
142860,537.723389
142862,537.723022
142894,538.437195
142896,538.437134
142930,539.135803
142932,539.136047
142968,539.820007
142970,539.820374
143008,540.490662
143010,540.490845
143050,541.148438
143052,541.148254
143094,541.793701
143096,541.793213
143140,542.426636
143142,542.426025
143188,543.047302
143190,543.046875
143238,543.655823
143240,543.65564
143314,544.25238
143317,544.837341
143320,545.410706
143323,545.972351
143326,546.522217
143328,544.25238
143417,545.410706
143420,545.972595
143423,546.522766
143426,547.061218
143429,547.587952
143432,548.103271
143435,548.607117
143438,549.099365
143457,532.252136
143460,533.090515
143476,533.908325
143497,534.706482
143523,535.485779
143525,535.486023
143553,536.248352
143555,536.248108
143585,536.994141
143587,536.993774
143619,537.723511
143621,537.723389
143655,538.437012
143657,538.437195
143693,539.135559
143695,539.135803
143733,539.819885
143735,539.820007
143775,540.490845
143777,540.490662
143819,541.148865
143821,541.148438
143865,541.794189
143867,541.793701
143913,542.427002
143915,542.426636
143963,543.047424
143965,543.047302
144015,543.655823
144017,543.655823
144096,545.972595
144099,546.522766
144102,547.061218
144197,545.972595
144200,546.52301
144203,547.061768
144206,547.588684
144209,548.103821
144212,548.6073
144215,549.099121
144236,532.252258
144239,533.090454
144256,533.907959
144278,534.705994
144306,535.486023
144308,535.485779
144338,536.248779
144340,536.248352
144372,536.994324
144374,536.994141
144408,537.723389
144410,537.723511
144446,538.436768
144448,538.437012
144486,539.135437
144488,539.135559
144528,539.820007
144530,539.819885
144572,540.491211
144574,540.490845
144618,541.149292
144620,541.148865
144666,541.794495
144668,541.794189
144716,542.427124
144718,542.427002
144768,543.047424
144770,543.047424
144898,546.52301
144901,547.061768
145003,546.52301
145006,547.062012
145009,548.104553
145012,548.60791
145015,549.099365
145038,532.252136
145041,533.090027
145059,533.907471
145083,534.705994
145085,534.70575
145115,535.48645
145117,535.486023
145149,536.249023
145151,536.248779
145185,536.994263
145187,536.994324
145223,537.723206
145225,537.723389
145263,538.436707
145265,538.436768
145305,539.135559
145307,539.135437
145349,539.820374
145351,539.820007
145395,540.491577
145397,540.491211
145443,541.149536
145445,541.149292
145493,541.794556
145495,541.794495
145545,542.427063
145547,542.427124
145722,547.062012
145725,547.589233
145832,547.062012
145835,548.608582
145838,549.099915
145864,531.392456
145867,532.25177
145870,533.089478
145889,533.907166
145915,533.907471
145918,534.706482
145920,534.705994
145952,535.486755
145954,535.48645
145988,536.248962
145990,536.249023
146026,536.994141
146028,536.994263
146066,537.723083
146068,537.723206
146108,538.436768
146110,538.436707
146152,539.135803
146154,539.135559
146198,539.820679
146200,539.820374
146246,540.49176
146248,540.491577
146296,541.149536
146298,541.149536
146348,541.794495
146350,541.794556
146571,547.589417
146681,547.589478
146684,548.609131
146687,549.100647
146717,531.39209
146720,532.25116
146723,533.089233
146743,533.907471
146772,533.907959
146775,534.706787
146777,534.706482
146811,535.486755
146813,535.486755
146849,536.24884
146851,536.248962
146889,536.994019
146891,536.994141
146931,537.723206
146933,537.723083
146975,538.437012
146977,538.436768
147021,539.136047
147023,539.135803
147069,539.82074
147071,539.820679
147119,540.491638
147121,540.49176
147171,541.149414
147173,541.149536
147548,548.609314
147551,549.101135
147583,531.391479
147586,532.250916
147589,533.089478
147610,533.907959
147642,533.908325
147645,534.706848
147647,534.706787
147683,535.486633
147685,535.486755
147723,536.248779
147725,536.24884
147765,536.994141
147767,536.994019
147809,537.723389
147811,537.723206
147855,538.437195
147857,538.437012
147903,539.136047
147905,539.136047
147953,539.820557
147955,539.82074
148005,540.491577
148007,540.491638
148425,549.101257
148460,530.509338
148463,531.391174
148466,532.25116
148469,533.090027
148491,533.908325
148526,533.908386
148529,534.706787
148531,534.706848
148569,535.486633
148571,535.486633
148611,536.24884
148613,536.248779
148655,536.994263
148657,536.994141
148701,537.723511
148703,537.723389
148749,538.437134
148751,538.437195
148799,539.135803
148801,539.136047
148851,539.820435
148853,539.820557
149348,529.603638
149351,530.509033
149354,531.391479
149357,532.25177
149360,533.090454
149383,533.908386
149421,533.090515
149424,533.908325
149427,534.706726
149429,534.706787
149469,535.486633
149471,535.486633
149513,536.248962
149515,536.24884
149559,536.994324
149561,536.994263
149607,537.723389
149609,537.723511
149657,538.436829
149659,538.437134
149709,539.135681
149711,539.135803
150250,529.603333
150253,530.509338
150256,531.39209
150259,532.252136
150262,533.090515
150286,533.908325
150328,532.252258
150331,533.090454
150334,533.908264
150337,534.706787
150339,534.706726
150381,535.486755
150383,535.486633
150427,536.249023
150429,536.248962
150475,536.994141
150477,536.994324
150525,537.723022
150527,537.723389
150577,538.436646
150579,538.436829
151158,529.603638
151161,530.509949
151164,531.392456
151167,532.252258
151170,533.090454
151195,533.908264
151242,532.252136
151245,533.090393
151248,533.908325
151251,534.706848
151253,534.706787
151297,535.486755
151299,535.486755
151345,536.248779
151347,536.249023
151395,536.993774
151397,536.994141
151447,537.722839
151449,537.723022
152067,529.604187
152070,530.510315
152073,532.252136
152076,533.090393
152102,533.908325
152154,532.252136
152157,533.090454
152160,533.908386
152163,534.706787
152165,534.706848
152211,535.48645
152213,535.486755
152261,536.248352
152263,536.248779
152313,536.99353
152315,536.993774
152968,529.604553
152971,532.252136
152974,533.090454
153001,533.908386
153058,533.090515
153061,533.908325
153064,534.706482
153066,534.706787
153114,535.486023
153116,535.48645
153166,536.248108
153168,536.248352
153852,528.674011
153855,532.252136
153858,533.090515
153886,533.908325
153947,533.090454
153950,533.907959
153953,534.705994
153955,534.706482
154005,535.485779
154007,535.486023
154718,528.674011
154721,531.392456
154724,532.252258
154727,533.090454
154756,533.907959
154821,533.090027
154824,533.907471
154827,534.70575
154829,534.705994
155563,532.252136
155566,533.090027
155596,533.907471
155664,533.089478
155667,533.907166
156376,532.25177
156379,533.089478
156475,533.089233
157157,532.25116
157252,532.250916
163854,529.798157
163855,529.798218
163856,530.78009
163857,529.798218
163858,530.504761
163859,530.780151
163860,531.734619
163861,529.798218
163862,530.504761
163863,530.780151
163864,531.486145
163865,531.73468
163866,532.663147
163867,529.798218
163868,530.504761
163869,530.780151
163870,531.486145
163871,531.73468
163872,532.440186
163873,532.663208
163874,533.368103
163875,533.566772
163876,533.566833
163877,529.798218
163878,530.504761
163879,530.780151
163880,531.486145
163881,531.73468
163882,532.440186
163883,532.663208
163884,533.368164
163885,533.566956
163886,534.271301
163887,534.271362
163888,533.56665
163889,534.446899
163890,534.447021
163891,529.798157
163892,530.504761
163893,530.780151
163894,531.486145
163895,531.73468
163896,532.440186
163897,532.663208
163898,533.179199
163899,533.368225
163900,533.566956
163901,534.271423
163902,534.447083
163903,535.009216
163904,535.009277
163905,534.271179
163906,535.15094
163907,535.151001
163908,534.446777
163909,534.635132
163910,534.634949
163911,535.304626
163912,535.304749
163913,529.798096
163914,530.504761
163915,530.78009
163916,531.486145
163917,531.73468
163918,532.440186
163919,532.663208
163920,533.368225
163921,533.566956
163922,533.95105
163923,534.106628
163924,534.271423
163925,534.447144
163926,535.009277
163927,535.151062
163928,534.635193
163929,535.30481
163930,535.009155
163931,535.779846
163932,535.779907
163933,535.888306
163934,535.888367
163935,535.150879
163936,536.008179
163937,536.00824
163938,534.634827
163939,535.304504
163940,533.999634
163941,533.999451
163942,535.471924
163943,535.471741
163944,536.140991
163945,536.141113
163946,529.494568
163947,530.5047
163948,530.780029
163949,531.486084
163950,531.734619
163951,532.225708
163952,532.440186
163953,532.663208
163954,533.368225
163955,533.566956
163956,534.106628
163957,534.271423
163958,534.447144
163959,534.877869
163960,535.009338
163961,535.151123
163962,534.635254
163963,535.304871
163964,535.779907
163965,535.888428
163966,536.008301
163967,533.999756
163968,535.471985
163969,536.141174
163970,535.779785
163971,535.888245
163972,536.582397
163973,536.658386
163974,536.658447
163975,536.745056
163976,536.745117
163977,536.008118
163978,536.844055
163979,536.844116
163980,535.304504
163981,533.999268
163982,535.471619
163983,536.140869
163984,533.39856
163985,533.398315
163986,534.836853
163987,534.83667
163988,536.28833
163989,536.288208
163990,536.95697
163991,536.957092
163992,530.504639
163993,530.779907
163994,531.244873
163995,531.486084
163996,531.734558
163997,532.225708
163998,532.440125
163999,532.663147
164000,532.998169
164001,533.179199
164002,533.368164
164003,533.566956
164004,534.106628
164005,534.271423
164006,534.447144
164007,534.877869
164008,535.009338
164009,535.151123
164010,534.635254
164011,535.304871
164012,535.779968
164013,535.888489
164014,536.008362
164015,533.999756
164016,535.472046
164017,536.141235
164018,536.582397
164019,536.658447
164020,536.745117
164021,536.844177
164022,533.398682
164023,534.836975
164024,536.288391
164025,536.957153
164026,535.779785
164027,535.888245
164028,536.658325
164029,536.744995
164030,537.460266
164031,537.514526
164032,537.514526
164033,537.580383
164034,537.580444
164035,536.008057
164036,536.843994
164037,537.659546
164038,537.659668
164039,535.304504
164040,536.140869
164041,533.39801
164042,534.836487
164043,536.288025
164044,536.956909
164045,532.831726
164046,532.831421
164047,534.236145
164048,534.235901
164049,535.653687
164050,535.653503
164051,537.085327
164052,537.085205
164053,537.753601
164054,537.753662
164055,530.504639
164056,531.244812
164057,531.486023
164058,530.779907
164059,531.734436
164060,532.225647
164061,532.440063
164062,532.663025
164063,532.998169
164064,533.179138
164065,533.368103
164066,533.566833
164067,533.950989
164068,534.106628
164069,534.271423
164070,534.447083
164071,534.877869
164072,535.009338
164073,535.151123
164074,534.635254
164075,535.304871
164076,535.779968
164077,535.888489
164078,536.008362
164079,533.999756
164080,535.472046
164081,536.141235
164082,536.582458
164083,536.658508
164084,536.745178
164085,536.844238
164086,533.398682
164087,534.836975
164088,536.288452
164089,536.957214
164090,537.460327
164091,537.514587
164092,537.580505
164093,537.659668
164094,532.831848
164095,534.236267
164096,535.653809
164097,537.085388
164098,537.753723
164099,536.658325
164100,536.744934
164101,537.514465
164102,537.580322
164103,538.315735
164104,538.315796
164105,538.349304
164106,538.349304
164107,538.395386
164108,538.395447
164109,536.008118
164110,536.843933
164111,537.659485
164112,538.455688
164113,538.45575
164114,535.304626
164115,536.140869
164116,536.287964
164117,536.956848
164118,532.831055
164119,534.235657
164120,535.65332
164121,537.085083
164122,537.753479
164123,533.669678
164124,533.669373
164125,535.053345
164126,535.053162
164127,536.451111
164128,536.450928
164129,537.863831
164130,537.863708
164131,538.531616
164132,538.531738
164133,530.504639
164134,531.244812
164135,531.485962
164136,532.017944
164137,532.225586
164138,532.440002
164139,531.734375
164140,531.991821
164141,532.662903
164142,532.998108
164143,533.179077
164144,533.368042
164145,533.566772
164146,533.950989
164147,534.106567
164148,534.271362
164149,533.776917
164150,534.447021
164151,534.754822
164152,534.877808
164153,535.009277
164154,535.151062
164155,534.635193
164156,535.30481
164157,535.779968
164158,535.888489
164159,536.008362
164160,533.999756
164161,535.472046
164162,536.141235
164163,536.582458
164164,536.658508
164165,536.745178
164166,536.844238
164167,533.398682
164168,534.836975
164169,536.288452
164170,536.957214
164171,537.415833
164172,537.460327
164173,537.514587
164174,537.580505
164175,537.659729
164176,532.831848
164177,534.236267
164178,535.653809
164179,537.085388
164180,537.753723
164181,538.315796
164182,538.349365
164183,538.395508
164184,538.455811
164185,533.6698
164186,535.053467
164187,536.451172
164188,537.863892
164189,538.531738
164190,537.514465
164191,536.744995
164192,537.580322
164193,538.315674
164194,538.349243
164195,538.395325
164196,539.147766
164197,539.147827
164198,539.149902
164199,539.149902
164200,539.163696
164201,539.163757
164202,539.190979
164203,539.19104
164204,536.008179
164205,536.843994
164206,537.659485
164207,538.455627
164208,539.233276
164209,539.233337
164210,535.653259
164211,536.140991
164212,536.288025
164213,536.956909
164214,537.085022
164215,537.753418
164216,533.669006
164217,535.052856
164218,536.450745
164219,537.863586
164220,538.531555
164221,534.487244
164222,534.487
164223,535.851135
164224,535.850952
164225,537.22998
164226,537.229858
164227,538.624634
164228,538.624512
164229,539.291992
164230,539.292053
164231,530.5047
164232,530.235291
164233,531.244812
164234,531.486023
164235,532.017944
164236,532.225586
164237,532.439941
164238,532.998108
164239,533.179016
164240,533.367981
164241,531.734436
164242,531.99176
164243,532.662903
164244,531.355042
164245,532.895996
164246,533.56665
164247,533.950928
164248,534.106506
164249,534.271301
164250,533.776794
164251,534.446899
164252,534.754822
164253,534.877808
164254,535.009277
164255,535.151001
164256,533.141052
164257,534.635132
164258,535.304749
164259,535.589722
164260,535.680969
164261,535.779907
164262,535.888428
164263,536.008301
164264,533.999756
164265,535.471985
164266,536.141174
164267,536.582458
164268,536.658508
164269,536.745178
164270,536.844238
164271,533.398682
164272,534.836975
164273,536.288452
164274,536.957214
164275,537.415894
164276,537.460327
164277,537.514648
164278,537.580505
164279,537.659729
164280,532.831848
164281,534.236267
164282,535.653809
164283,537.085388
164284,537.753723
164285,538.279175
164286,538.29303
164287,538.315857
164288,538.349365
164289,538.395508
164290,538.455811
164291,533.6698
164292,535.053467
164293,536.451172
164294,537.863892
164295,538.531799
164296,539.147827
164297,539.149963
164298,539.163818
164299,539.19104
164300,539.233337
164301,534.487366
164302,535.851196
164303,537.230042
164304,538.624634
164305,539.292114
164306,537.514465
164307,538.315674
164308,538.349243
164309,536.745056
164310,537.580322
164311,538.395325
164312,539.147766
164313,539.149841
164314,539.163696
164315,539.190918
164316,540.009521
164317,540.009583
164318,539.981262
164319,539.981262
164320,539.963745
164321,539.963745
164322,539.95874
164323,539.958801
164324,539.968079
164325,539.96814
164326,536.00824
164327,536.844055
164328,537.659485
164329,538.455566
164330,539.233215
164331,539.993164
164332,539.993225
164333,535.052734
164334,535.65332
164335,536.450684
164336,536.288208
164337,536.95697
164338,537.085083
164339,537.753479
164340,537.863525
164341,538.531494
164342,534.486572
164343,535.850708
164344,537.229675
164345,538.624451
164346,539.291931
164347,535.2854
164348,535.285156
164349,536.630371
164350,536.630249
164351,537.991211
164352,537.991089
164353,539.36853
164354,539.368469
164355,540.035522
164356,540.035583
164357,530.504761
164358,530.235352
164359,531.244873
164360,531.486084
164361,531.009033
164362,532.017944
164363,532.225586
164364,532.440002
164365,532.998108
164366,533.179016
164367,533.36792
164368,533.802612
164369,533.950928
164370,534.106445
164371,534.271179
164372,531.734558
164373,531.991821
164374,532.662903
164375,531.354919
164376,532.895935
164377,533.566589
164378,530.752625
164379,532.259644
164380,533.776611
164381,534.446777
164382,534.754761
164383,534.877747
164384,535.009216
164385,535.15094
164386,533.140869
164387,534.634949
164388,535.304626
164389,535.589722
164390,535.680969
164391,535.779907
164392,535.888367
164393,536.00824
164394,532.539612
164395,533.999634
164396,535.471924
164397,536.141113
164398,536.454712
164399,536.454712
164400,536.515137
164401,536.582397
164402,536.658447
164403,536.745117
164404,536.844177
164405,533.398682
164406,534.836975
164407,536.288391
164408,536.957153
164409,537.415833
164410,537.460327
164411,537.514587
164412,537.580505
164413,537.659729
164414,532.831848
164415,534.236267
164416,535.653809
164417,537.085388
164418,537.753723
164419,537.379272
164420,538.279175
164421,538.29303
164422,538.315857
164423,538.349426
164424,538.395508
164425,538.455811
164426,533.669739
164427,535.053467
164428,536.451172
164429,537.863892
164430,538.531799
164431,539.124634
164432,539.155579
164433,539.147827
164434,539.149963
164435,539.163818
164436,539.191101
164437,539.233398
164438,534.487305
164439,535.851196
164440,537.230042
164441,538.624634
164442,539.292114
164443,540.009583
164444,539.981323
164445,539.963806
164446,539.958862
164447,539.96814
164448,539.993286
164449,535.285461
164450,536.630432
164451,537.991211
164452,539.36853
164453,540.035583
164454,538.315674
164455,537.514526
164456,538.349243
164457,539.147705
164458,539.149841
164459,539.163635
164460,536.745117
164461,537.580383
164462,538.395325
164463,539.190918
164464,539.155518
164465,540.009521
164466,539.981201
164467,539.963684
164468,539.95874
164469,539.968018
164470,540.853333
164471,540.853394
164472,540.842285
164473,540.842285
164474,540.794434
164475,540.794434
164476,540.758179
164477,540.758179
164478,540.735291
164479,540.735352
164480,540.727478
164481,540.727539
164482,536.008301
164483,536.844116
164484,537.659546
164485,538.455627
164486,539.233215
164487,539.993164
164488,540.736206
164489,540.736267
164490,534.486389
164491,535.052856
164492,535.850586
164493,535.653503
164494,536.450745
164495,537.229614
164496,536.28833
164497,536.957092
164498,537.085205
164499,537.753601
164500,537.863586
164501,538.531555
164502,538.62439
164503,539.291931
164504,535.28479
164505,536.630005
164506,537.990906
164507,539.368347
164508,540.035461
164509,536.065002
164510,536.064758
164511,537.391968
164512,537.391846
164513,538.735474
164514,538.735413
164515,540.096252
164516,540.096191
164517,540.762817
164518,540.762878
164519,529.798218
164520,530.504761
164521,531.244873
164522,531.486084
164523,531.009094
164524,532.017944
164525,532.225647
164526,532.440063
164527,531.815002
164528,532.823181
164529,532.998108
164530,533.179016
164531,533.367981
164532,533.802612
164533,533.950867
164534,534.106445
164535,534.271179
164536,534.754761
164537,534.877686
164538,535.009155
164539,535.150879
164540,531.06311
164541,531.734619
164542,531.992004
164543,532.663025
164544,531.355042
164545,532.895996
164546,533.56665
164547,530.752502
164548,532.259521
164549,533.77655
164550,534.446777
164551,530.18457
164552,531.657654
164553,533.140686
164554,534.634827
164555,535.304504
164556,535.589661
164557,535.680908
164558,535.779846
164559,535.888306
164560,536.008179
164561,532.539368
164562,533.999451
164563,535.471741
164564,536.140991
164565,536.454651
164566,536.515137
164567,536.582397
164568,536.658447
164569,536.745117
164570,536.844116
164571,531.972412
164572,533.39856
164573,534.836853
164574,536.28833
164575,536.957092
164576,537.30188
164577,537.30188
164578,537.379272
164579,537.379272
164580,537.415833
164581,537.460327
164582,537.514587
164583,537.580505
164584,537.659668
164585,532.831848
164586,534.236267
164587,535.653809
164588,537.085388
164589,537.753723
164590,538.279175
164591,538.29303
164592,538.315857
164593,538.349365
164594,538.395508
164595,538.455811
164596,533.6698
164597,535.053467
164598,536.451172
164599,537.863892
164600,538.531799
164601,538.225586
164602,539.124634
164603,539.155579
164604,539.147827
164605,539.149963
164606,539.163818
164607,539.191101
164608,539.233398
164609,534.487305
164610,535.851196
164611,537.230042
164612,538.624634
164613,539.292114
164614,540.000183
164615,540.009583
164616,539.981323
164617,539.963806
164618,539.958862
164619,539.96814
164620,539.993286
164621,535.2854
164622,536.630432
164623,537.991211
164624,539.36853
164625,540.035583
164626,540.853394
164627,540.842346
164628,540.794434
164629,540.75824
164630,540.735352
164631,540.727539
164632,540.736267
164633,536.065002
164634,537.391968
164635,538.735474
164636,540.096252
164637,540.762878
164638,538.315735
164639,539.147766
164640,539.149841
164641,537.514526
164642,538.349304
164643,539.163696
164644,540.009521
164645,539.981201
164646,539.963684
164647,539.95874
164648,536.745117
164649,537.580444
164650,538.395386
164651,539.190918
164652,539.968018
164653,540.000122
164654,540.853333
164655,540.842224
164656,540.794373
164657,540.758118
164658,540.735291
164659,540.727478
164660,541.685303
164661,541.685303
164662,541.654724
164663,541.654724
164664,541.588196
164665,541.588257
164666,541.534119
164667,541.53418
164668,541.494202
164669,541.494202
164670,541.470032
164671,541.470032
164672,536.844177
164673,537.659668
164674,538.455688
164675,539.233215
164676,539.993103
164677,540.736206
164678,541.463074
164679,541.463135
164680,534.486572
164681,535.284607
164682,535.053162
164683,535.850708
164684,536.629883
164685,535.653687
164686,536.450928
164687,537.229675
164688,537.990845
164689,536.288391
164690,536.957153
164691,537.085327
164692,537.753662
164693,537.863708
164694,538.531616
164695,538.624451
164696,539.291931
164697,539.368286
164698,540.0354
164699,536.064453
164700,537.391602
164701,538.735291
164702,540.09613
164703,540.762817
164704,536.826904
164705,536.826721
164706,538.136597
164707,538.136536
164708,539.463623
164709,539.463562
164710,540.808472
164711,540.808472
164712,541.47467
164713,541.47467
164714,529.798218
164715,530.504761
164716,531.244934
164717,530.780151
164718,531.486145
164719,531.009094
164720,532.018005
164721,532.225708
164722,532.440125
164723,531.815063
164724,532.823181
164725,532.998108
164726,533.179077
164727,533.368042
164728,532.652283
164729,533.659668
164730,533.802612
164731,533.950928
164732,534.106445
164733,534.271179
164734,534.638306
164735,534.754761
164736,534.877686
164737,535.009094
164738,535.150818
164739,535.589661
164740,535.680908
164741,535.779785
164742,535.888245
164743,536.008118
164744,530.425964
164745,531.063171
164746,531.73468
164747,531.992126
164748,532.663147
164749,531.355225
164750,532.896179
164751,533.566772
164752,530.752625
164753,532.259644
164754,533.776611
164755,534.446777
164756,530.184387
164757,531.657471
164758,533.140564
164759,534.634766
164760,535.304504
164761,531.089905
164762,532.539062
164763,533.999268
164764,535.471619
164765,536.140869
164766,536.454651
164767,536.515076
164768,536.582336
164769,536.658386
164770,536.745056
164771,536.844055
164772,531.972107
164773,533.398315
164774,534.83667
164775,536.288208
164776,536.95697
164777,537.301819
164778,537.379272
164779,537.415833
164780,537.460266
164781,537.514526
164782,537.580444
164783,537.659668
164784,532.831726
164785,534.236145
164786,535.653687
164787,537.085327
164788,537.753662
164789,538.225586
164790,538.225586
164791,538.279175
164792,538.29303
164793,538.315796
164794,538.349365
164795,538.395508
164796,538.455811
164797,533.6698
164798,535.053467
164799,536.451172
164800,537.863892
164801,538.531738
164802,539.124634
164803,539.155579
164804,539.147827
164805,539.149963
164806,539.163818
164807,539.191101
164808,539.233398
164809,534.487305
164810,535.851196
164811,537.230042
164812,538.624634
164813,539.292114
164814,540.000183
164815,540.009644
164816,539.981323
164817,539.963806
164818,539.958862
164819,539.96814
164820,539.993286
164821,535.2854
164822,536.630432
164823,537.991211
164824,539.368469
164825,540.035583
164826,540.853394
164827,540.842346
164828,540.794495
164829,540.75824
164830,540.735413
164831,540.727539
164832,540.736267
164833,536.064941
164834,537.391968
164835,538.735474
164836,540.096191
164837,540.762817
164838,541.685364
164839,541.654724
164840,541.588257
164841,541.53418
164842,541.494263
164843,541.470093
164844,541.463135
164845,536.826904
164846,538.136597
164847,539.463562
164848,540.808472
164849,541.47467
164850,538.315796
164851,539.147766
164852,539.149902
164853,540.009521
164854,539.981201
164855,539.963684
164856,537.514587
164857,538.349304
164858,539.163696
164859,539.95874
164860,540.853333
164861,540.842224
164862,540.794373
164863,540.758118
164864,540.735291
164865,537.580505
164866,538.395447
164867,539.190979
164868,539.968018
164869,540.727417
164870,541.685303
164871,541.654663
164872,541.588196
164873,541.534119
164874,541.494202
164875,541.469971
164876,542.496948
164877,542.497009
164878,542.447754
164879,542.447815
164880,542.363525
164881,542.363525
164882,542.292419
164883,542.29248
164884,542.236206
164885,542.236206
164886,542.196411
164887,542.196411
164888,536.844238
164889,537.659668
164890,538.45575
164891,539.233276
164892,539.993164
164893,540.736145
164894,541.463074
164895,542.1745
164896,542.1745
164897,534.487
164898,535.28479
164899,536.06427
164900,535.053345
164901,535.850952
164902,536.630005
164903,537.391479
164904,535.653809
164905,536.451111
164906,537.229858
164907,537.990906
164908,538.735229
164909,536.957214
164910,537.085388
164911,537.753723
164912,537.863831
164913,538.531738
164914,538.624512
164915,539.291992
164916,539.368347
164917,540.035461
164918,540.096069
164919,540.762756
164920,536.826416
164921,538.136353
164922,539.46344
164923,540.808411
164924,541.47467
164925,537.571899
164926,537.571716
164927,538.865112
164928,538.865051
164929,540.17627
164930,540.176208
164931,541.50592
164932,541.50592
164933,542.171753
164934,542.171692
164935,529.798218
164936,530.504761
164937,531.244934
164938,530.780151
164939,531.486145
164940,531.009094
164941,532.018005
164942,532.225708
164943,532.440186
164944,531.815063
164945,532.823242
164946,532.998169
164947,533.179138
164948,533.368103
164949,532.652283
164950,533.659668
164951,533.802673
164952,533.950928
164953,534.106506
164954,534.271301
164955,533.519836
164956,534.526306
164957,534.638306
164958,534.754761
164959,534.877686
164960,535.009155
164961,535.150879
164962,535.504089
164963,535.589661
164964,535.680908
164965,535.779785
164966,535.888245
164967,536.008057
164968,536.454651
164969,536.515076
164970,536.582336
164971,536.658325
164972,536.744995
164973,536.843994
164974,529.823303
164975,530.426025
164976,531.355408
164977,531.73468
164978,532.663208
164979,532.896301
164980,533.566833
164981,530.75293
164982,532.259827
164983,533.776794
164984,534.446899
164985,530.18457
164986,531.657654
164987,533.140686
164988,534.634827
164989,535.304504
164990,531.089722
164991,532.53894
164992,533.999146
164993,535.471558
164994,536.140869
164995,531.971741
164996,533.39801
164997,534.836487
164998,536.288025
164999,536.956909
165000,537.301819
165001,537.379211
165002,537.415771
165003,537.460266
165004,537.514526
165005,537.580383
165006,537.659546
165007,532.831421
165008,534.235901
165009,535.653503
165010,537.085205
165011,537.753601
165012,538.225525
165013,538.279114
165014,538.29303
165015,538.315796
165016,538.349304
165017,538.395447
165018,538.45575
165019,533.669678
165020,535.053345
165021,536.451111
165022,537.863831
165023,538.531738
165024,539.124634
165025,539.155579
165026,539.147827
165027,539.149963
165028,539.163818
165029,539.19104
165030,539.233337
165031,534.487366
165032,535.851196
165033,537.230042
165034,538.624634
165035,539.292114
165036,540.000183
165037,540.009583
165038,539.981323
165039,539.963806
165040,539.958862
165041,539.96814
165042,539.993286
165043,535.2854
165044,536.630432
165045,537.991211
165046,539.36853
165047,540.035583
165048,540.853455
165049,540.842346
165050,540.794495
165051,540.75824
165052,540.735413
165053,540.727539
165054,540.736267
165055,536.064941
165056,537.391907
165057,538.735413
165058,540.096191
165059,540.762817
165060,541.685364
165061,541.654785
165062,541.588257
165063,541.53418
165064,541.494263
165065,541.470093
165066,541.463074
165067,536.826782
165068,538.136536
165069,539.463501
165070,540.808411
165071,541.47467
165072,542.497009
165073,542.447815
165074,542.363586
165075,542.29248
165076,542.236206
165077,542.196411
165078,542.1745
165079,537.571838
165080,538.865051
165081,540.176208
165082,541.505859
165083,542.171631
165084,538.315796
165085,539.147827
165086,539.149902
165087,540.009521
165088,539.981262
165089,539.963745
165090,540.853333
165091,540.842224
165092,540.794373
165093,540.758118
165094,537.514587
165095,538.349365
165096,539.163757
165097,539.95874
165098,540.735291
165099,541.685303
165100,541.654663
165101,541.588196
165102,541.534119
165103,541.494141
165104,537.580505
165105,538.395508
165106,539.19104
165107,539.968079
165108,540.727478
165109,541.469971
165110,542.496948
165111,542.447754
165112,542.363525
165113,542.292419
165114,542.236206
165115,542.196411
165116,543.289307
165117,543.289307
165118,543.222412
165119,543.222412
165120,543.121216
165121,543.121216
165122,543.033875
165123,543.033875
165124,542.962036
165125,542.962097
165126,542.907349
165127,542.907349
165128,536.141235
165129,536.844238
165130,537.659729
165131,538.455811
165132,539.233337
165133,539.993164
165134,540.736206
165135,541.463074
165136,542.1745
165137,542.871094
165138,542.871033
165139,534.487244
165140,535.285156
165141,536.064453
165142,536.826233
165143,535.053467
165144,535.851135
165145,536.630249
165146,537.391602
165147,538.13623
165148,536.451172
165149,537.22998
165150,537.991089
165151,538.735291
165152,539.463379
165153,536.957214
165154,537.085388
165155,537.753723
165156,537.863892
165157,538.531738
165158,538.624634
165159,539.292053
165160,539.368469
165161,540.035522
165162,540.09613
165163,540.762817
165164,540.808411
165165,541.47467
165166,537.571472
165167,538.864868
165168,540.176147
165169,541.50592
165170,542.171692
165171,538.30072
165172,538.300598
165173,539.578125
165174,539.578064
165175,540.874023
165176,540.874084
165177,542.189087
165178,542.189148
165179,542.854492
165180,542.854492
165181,530.235352
165182,531.244934
165183,530.780151
165184,531.486145
165185,531.009094
165186,532.018005
165187,532.225769
165188,532.440186
165189,531.815063
165190,532.823242
165191,532.998169
165192,533.179199
165193,533.368164
165194,532.652283
165195,533.659668
165196,533.802673
165197,533.950989
165198,534.106567
165199,534.271362
165200,533.519836
165201,534.526367
165202,534.638306
165203,534.754761
165204,534.877747
165205,535.009216
165206,535.15094
165207,534.369812
165208,535.375305
165209,535.504089
165210,535.589661
165211,535.680908
165212,535.779785
165213,535.888245
165214,536.008118
165215,536.352173
165216,536.454651
165217,536.515076
165218,536.582275
165219,536.658325
165220,536.744934
165221,536.843933
165222,537.301819
165223,537.379211
165224,537.415771
165225,537.460205
165226,537.514465
165227,537.580322
165228,537.659485
165229,529.255066
165230,529.823364
165231,530.753113
165232,532.26001
165233,531.73468
165234,532.663208
165235,533.566956
165236,533.776917
165237,534.447021
165238,530.184998
165239,531.657898
165240,533.140869
165241,534.634949
165242,535.304626
165243,531.089905
165244,532.539062
165245,533.999268
165246,535.471619
165247,536.140869
165248,531.971497
165249,533.397888
165250,534.836365
165251,536.287964
165252,536.956848
165253,532.831055
165254,534.235657
165255,535.65332
165256,537.085083
165257,537.753479
165258,538.225525
165259,538.279114
165260,538.292969
165261,538.315735
165262,538.349304
165263,538.395386
165264,538.455688
165265,533.669373
165266,535.053162
165267,536.450928
165268,537.863708
165269,538.531616
165270,539.124573
165271,539.155518
165272,539.147827
165273,539.149902
165274,539.163757
165275,539.19104
165276,539.233337
165277,534.487244
165278,535.851135
165279,537.22998
165280,538.624634
165281,539.292053
165282,540.000183
165283,540.009583
165284,539.981323
165285,539.963806
165286,539.958862
165287,539.96814
165288,539.993286
165289,535.285461
165290,536.630432
165291,537.991211
165292,539.36853
165293,540.035583
165294,540.853394
165295,540.842346
165296,540.794495
165297,540.75824
165298,540.735413
165299,540.727539
165300,540.736267
165301,536.064941
165302,537.391968
165303,538.735474
165304,540.096191
165305,540.762817
165306,541.685364
165307,541.654785
165308,541.588257
165309,541.53418
165310,541.494263
165311,541.470093
165312,541.463074
165313,536.826782
165314,538.136536
165315,539.463501
165316,540.808411
165317,541.474609
165318,542.497009
165319,542.447815
165320,542.363586
165321,542.29248
165322,542.236267
165323,542.196411
165324,542.174438
165325,537.571716
165326,538.86499
165327,540.176086
165328,541.505798
165329,542.171631
165330,543.289307
165331,543.222412
165332,543.121216
165333,543.033875
165334,542.962097
165335,542.907349
165336,542.871033
165337,538.300598
165338,539.578003
165339,540.873962
165340,542.189026
165341,542.854431
165342,538.315857
165343,539.147827
165344,539.149963
165345,540.009583
165346,539.981262
165347,539.963745
165348,540.853333
165349,540.842285
165350,540.794434
165351,540.758179
165352,541.685303
165353,541.654663
165354,541.588196
165355,541.534119
165356,538.349365
165357,539.163818
165358,539.958801
165359,540.735291
165360,541.494202
165361,542.496948
165362,542.447754
165363,542.363525
165364,542.292419
165365,542.236206
165366,538.395508
165367,539.19104
165368,539.96814
165369,540.727478
165370,541.469971
165371,542.196411
165372,543.289307
165373,543.222412
165374,543.121155
165375,543.033875
165376,542.962036
165377,542.907349
165378,544.063171
165379,544.063171
165380,543.97937
165381,543.97937
165382,543.862
165383,543.862
165384,543.759155
165385,543.759155
165386,543.672485
165387,543.672485
165388,543.603455
165389,543.603394
165390,536.844238
165391,537.659729
165392,538.455811
165393,539.233337
165394,539.993225
165395,540.736206
165396,541.463074
165397,542.1745
165398,542.871094
165399,543.553406
165400,543.553406
165401,534.487366
165402,535.2854
165403,536.064758
165404,536.826416
165405,537.57135
165406,535.851196
165407,536.630371
165408,537.391846
165409,538.136353
165410,538.864807
165411,536.451172
165412,537.230042
165413,537.991211
165414,538.735413
165415,539.46344
165416,540.176086
165417,537.085388
165418,537.753723
165419,537.863892
165420,538.531799
165421,538.624634
165422,539.292114
165423,539.36853
165424,540.035583
165425,540.096191
165426,540.762817
165427,540.808411
165428,541.47467
165429,541.505859
165430,542.171692
165431,538.300354
165432,539.577942
165433,540.874023
165434,542.189148
165435,542.854492
165436,539.014038
165437,539.013977
165438,540.276306
165439,540.276306
165440,541.557617
165441,541.557678
165442,542.858582
165443,542.858643
165444,543.523621
165445,543.52356
165446,530.780151
165447,531.486145
165448,531.009094
165449,532.018005
165450,532.225769
165451,532.440186
165452,532.823242
165453,532.998169
165454,533.179199
165455,533.368225
165456,532.652283
165457,533.659668
165458,533.802673
165459,533.950989
165460,534.106628
165461,534.271423
165462,533.519897
165463,534.526367
165464,534.638367
165465,534.754822
165466,534.877808
165467,535.009277
165468,535.151001
165469,534.369812
165470,535.375366
165471,535.50415
165472,535.589661
165473,535.680908
165474,535.779846
165475,535.888306
165476,536.008179
165477,536.352173
165478,536.454651
165479,536.515076
165480,536.582336
165481,536.658325
165482,536.744995
165483,536.843994
165484,537.301819
165485,537.379211
165486,537.415771
165487,537.460205
165488,537.514465
165489,537.580322
165490,537.659485
165491,538.225525
165492,538.279114
165493,538.292969
165494,538.315674
165495,538.349243
165496,538.395325
165497,538.455627
165498,529.255127
165499,530.185242
165500,531.658142
165501,533.141052
165502,531.73468
165503,532.663208
165504,533.566956
165505,534.447083
165506,534.635132
165507,535.304749
165508,531.090332
165509,532.539368
165510,533.999451
165511,535.471741
165512,536.140991
165513,531.971741
165514,533.39801
165515,534.836487
165516,536.288025
165517,536.956909
165518,532.830872
165519,534.235474
165520,535.653259
165521,537.085022
165522,537.753418
165523,533.669006
165524,535.052856
165525,536.450745
165526,537.863586
165527,538.531555
165528,539.124573
165529,539.155518
165530,539.147766
165531,539.149902
165532,539.163696
165533,539.190979
165534,539.233276
165535,534.487
165536,535.850952
165537,537.229858
165538,538.624512
165539,539.291992
165540,540.000183
165541,540.009583
165542,539.981262
165543,539.963745
165544,539.958801
165545,539.96814
165546,539.993225
165547,535.2854
165548,536.630371
165549,537.991211
165550,539.36853
165551,540.035583
165552,540.853394
165553,540.842346
165554,540.794434
165555,540.75824
165556,540.735352
165557,540.727539
165558,540.736267
165559,536.065002
165560,537.391968
165561,538.735474
165562,540.096252
165563,540.762878
165564,541.685364
165565,541.654785
165566,541.588257
165567,541.53418
165568,541.494263
165569,541.470093
165570,541.463074
165571,536.826782
165572,538.136536
165573,539.463501
165574,540.808411
165575,541.47467
165576,542.497009
165577,542.447815
165578,542.363586
165579,542.29248
165580,542.236267
165581,542.196411
165582,542.174438
165583,537.571716
165584,538.864929
165585,540.176086
165586,541.505737
165587,542.17157
165588,543.289368
165589,543.222473
165590,543.121216
165591,543.033875
165592,542.962097
165593,542.907288
165594,542.870972
165595,538.300476
165596,539.577942
165597,540.87384
165598,542.188904
165599,542.854309
165600,544.063232
165601,543.979431
165602,543.862061
165603,543.759155
165604,543.672485
165605,543.603394
165606,543.553345
165607,539.013916
165608,540.276184
165609,541.557495
165610,542.858459
165611,543.523438
165612,539.147827
165613,539.149963
165614,540.009583
165615,539.981323
165616,539.963806
165617,540.853394
165618,540.842285
165619,540.794434
165620,540.758179
165621,541.685303
165622,541.654724
165623,541.588196
165624,541.534119
165625,542.496948
165626,542.447754
165627,542.363525
165628,542.292419
165629,539.163818
165630,539.958862
165631,540.735352
165632,541.494202
165633,542.236206
165634,543.289307
165635,543.222351
165636,543.121155
165637,543.033875
165638,542.962036
165639,538.395508
165640,539.191101
165641,539.96814
165642,540.727539
165643,541.470032
165644,542.196411
165645,542.907349
165646,544.063171
165647,543.97937
165648,543.862
165649,543.759155
165650,543.672485
165651,543.603455
165652,544.819458
165653,544.819458
165654,544.719543
165655,544.719543
165656,544.58667
165657,544.586731
165658,544.468994
165659,544.468994
165660,544.368042
165661,544.368042
165662,544.285278
165663,544.285278
165664,537.659729
165665,538.455811
165666,539.233398
165667,539.993286
165668,540.736267
165669,541.463074
165670,542.1745
165671,542.871094
165672,543.553406
165673,544.222046
165674,544.221985
165675,535.285461
165676,536.065002
165677,536.826721
165678,537.571472
165679,538.300232
165680,535.851196
165681,536.630432
165682,537.391968
165683,538.136536
165684,538.864868
165685,539.577881
165686,536.451172
165687,537.230042
165688,537.991211
165689,538.735474
165690,539.463562
165691,540.176147
165692,540.873962
165693,537.085388
165694,537.753723
165695,537.863892
165696,538.531799
165697,538.624634
165698,539.292114
165699,539.36853
165700,540.035583
165701,540.096252
165702,540.762878
165703,540.808472
165704,541.47467
165705,541.50592
165706,542.171692
165707,542.189148
165708,542.854492
165709,539.013794
165710,540.276245
165711,541.557678
165712,542.858704
165713,543.523621
165714,539.712524
165715,539.712585
165716,540.960205
165717,540.960266
165718,542.227478
165719,542.2276
165720,543.514832
165721,543.514954
165722,544.179443
165723,544.179382
165724,531.009094
165725,532.018005
165726,532.225769
165727,530.780151
165728,531.486145
165729,532.440186
165730,532.823242
165731,532.99823
165732,533.179199
165733,533.368225
165734,533.659729
165735,533.802734
165736,533.95105
165737,534.106628
165738,534.271423
165739,533.519897
165740,534.526367
165741,534.638367
165742,534.754822
165743,534.877808
165744,535.009277
165745,535.151062
165746,534.369812
165747,535.375366
165748,535.50415
165749,535.589722
165750,535.680969
165751,535.779907
165752,535.888367
165753,536.00824
165754,536.352234
165755,536.454651
165756,536.515076
165757,536.582336
165758,536.658386
165759,536.745056
165760,536.844055
165761,537.301819
165762,537.379211
165763,537.415771
165764,537.460205
165765,537.514465
165766,537.580322
165767,537.659485
165768,538.225525
165769,538.279114
165770,538.292908
165771,538.315674
165772,538.349243
165773,538.395325
165774,538.455566
165775,539.124512
165776,539.155518
165777,539.147766
165778,539.149841
165779,539.163696
165780,539.190918
165781,539.233215
165782,531.090637
165783,532.539612
165784,533.999634
165785,531.73468
165786,532.663208
165787,533.566956
165788,534.447144
165789,534.635193
165790,535.30481
165791,535.471924
165792,536.141113
165793,531.972107
165794,533.398315
165795,534.83667
165796,536.288208
165797,536.95697
165798,532.831055
165799,534.235657
165800,535.65332
165801,537.085083
165802,537.753479
165803,533.668823
165804,535.052734
165805,536.450684
165806,537.863525
165807,538.531494
165808,534.486572
165809,535.850708
165810,537.229675
165811,538.624451
165812,539.291931
165813,540.000122
165814,540.009521
165815,539.981262
165816,539.963745
165817,539.95874
165818,539.968079
165819,539.993164
165820,535.285156
165821,536.630249
165822,537.991089
165823,539.368469
165824,540.035522
165825,540.853394
165826,540.842285
165827,540.794434
165828,540.758179
165829,540.735352
165830,540.727539
165831,540.736267
165832,536.065002
165833,537.391968
165834,538.735474
165835,540.096252
165836,540.762878
165837,541.685364
165838,541.654724
165839,541.588257
165840,541.53418
165841,541.494263
165842,541.470093
165843,541.463135
165844,536.826904
165845,538.136597
165846,539.463562
165847,540.808472
165848,541.47467
165849,542.497009
165850,542.447815
165851,542.363586
165852,542.29248
165853,542.236267
165854,542.196411
165855,542.174438
165856,537.571716
165857,538.86499
165858,540.176086
165859,541.505798
165860,542.171631
165861,543.289368
165862,543.222473
165863,543.121216
165864,543.033875
165865,542.962097
165866,542.907288
165867,542.870972
165868,538.300415
165869,539.577881
165870,540.87384
165871,542.188904
165872,542.854309
165873,544.063232
165874,543.979431
165875,543.862061
165876,543.759155
165877,543.672424
165878,543.603394
165879,543.553284
165880,539.013794
165881,540.276001
165882,541.557373
165883,542.858337
165884,543.523376
165885,544.819458
165886,544.719543
165887,544.586731
165888,544.468994
165889,544.368042
165890,544.285217
165891,544.221924
165892,539.712402
165893,540.960022
165894,542.227356
165895,543.514648
165896,544.17926
165897,539.147827
165898,540.009583
165899,539.981323
165900,539.963806
165901,540.853394
165902,540.842346
165903,540.794434
165904,540.75824
165905,541.685303
165906,541.654724
165907,541.588257
165908,541.53418
165909,542.496948
165910,542.447754
165911,542.363525
165912,542.292419
165913,543.289307
165914,543.222412
165915,543.121155
165916,543.033875
165917,539.163818
165918,539.958862
165919,540.735352
165920,541.494202
165921,542.236206
165922,542.962036
165923,544.063171
165924,543.97937
165925,543.862
165926,543.759155
165927,543.672485
165928,538.395508
165929,539.191101
165930,539.96814
165931,540.727539
165932,541.470032
165933,542.196411
165934,542.907349
165935,543.603455
165936,544.819458
165937,544.719543
165938,544.58667
165939,544.468994
165940,544.368042
165941,544.285278
165942,545.558899
165943,545.558899
165944,545.443542
165945,545.443542
165946,545.295959
165947,545.295959
165948,545.164062
165949,545.164062
165950,545.049377
165951,545.049377
165952,544.95343
165953,544.95343
165954,537.659668
165955,538.455811
165956,539.233398
165957,539.993286
165958,540.736267
165959,541.463135
165960,542.1745
165961,542.871094
165962,543.553406
165963,544.222107
165964,544.877441
165965,544.87738
165966,535.2854
165967,536.065002
165968,536.826904
165969,537.571716
165970,538.300354
165971,539.013672
165972,535.851196
165973,536.630432
165974,537.391968
165975,538.136597
165976,538.865051
165977,539.577942
165978,540.276184
165979,536.451172
165980,537.230042
165981,537.991211
165982,538.735474
165983,539.463623
165984,540.176208
165985,540.874023
165986,541.557617
165987,537.085388
165988,537.753723
165989,537.863892
165990,538.531799
165991,538.624634
165992,539.292114
165993,539.36853
165994,540.035583
165995,540.096252
165996,540.762878
165997,540.808472
165998,541.47467
165999,541.50592
166000,542.171753
166001,542.189148
166002,542.854492
166003,542.858704
166004,543.523621
166005,539.712402
166006,540.960266
166007,542.2276
166008,543.515015
166009,544.179504
166010,540.396851
166011,540.396912
166012,541.630432
166013,541.630554
166014,542.884155
166015,542.884277
166016,544.158264
166017,544.158386
166018,544.822449
166019,544.822327
166020,529.969971
166021,532.823242
166022,532.998169
166023,532.225708
166024,533.179199
166025,532.440186
166026,533.368225
166027,533.659729
166028,533.802734
166029,533.95105
166030,534.106628
166031,534.271423
166032,533.519897
166033,534.526367
166034,534.638367
166035,534.754883
166036,534.877869
166037,535.009338
166038,535.151123
166039,534.369812
166040,535.375366
166041,535.50415
166042,535.589722
166043,535.680969
166044,535.779907
166045,535.888428
166046,536.008301
166047,536.352234
166048,536.454651
166049,536.515137
166050,536.582397
166051,536.658447
166052,536.745117
166053,536.844116
166054,537.301819
166055,537.379211
166056,537.415771
166057,537.460266
166058,537.514526
166059,537.580383
166060,537.659546
166061,538.225525
166062,538.279114
166063,538.292969
166064,538.315674
166065,538.349243
166066,538.395325
166067,538.455627
166068,539.124512
166069,539.155457
166070,539.147705
166071,539.149841
166072,539.163635
166073,539.190918
166074,539.233215
166075,540.000122
166076,540.009521
166077,539.981201
166078,539.963684
166079,539.95874
166080,539.968018
166081,539.993164
166082,531.972412
166083,533.39856
166084,533.999756
166085,534.836853
166086,532.663208
166087,533.566956
166088,534.447144
166089,534.635254
166090,535.304871
166091,535.471985
166092,536.141174
166093,536.28833
166094,536.957092
166095,532.831421
166096,534.235901
166097,535.653503
166098,537.085205
166099,537.753601
166100,533.669006
166101,535.052856
166102,536.450745
166103,537.863586
166104,538.531555
166105,534.486389
166106,535.850586
166107,537.229614
166108,538.62439
166109,539.291931
166110,535.28479
166111,536.630005
166112,537.990906
166113,539.368347
166114,540.035461
166115,540.853333
166116,540.842285
166117,540.794434
166118,540.758179
166119,540.735291
166120,540.727478
166121,540.736206
166122,536.064758
166123,537.391846
166124,538.735413
166125,540.096191
166126,540.762817
166127,541.685303
166128,541.654724
166129,541.588257
166130,541.53418
166131,541.494202
166132,541.470032
166133,541.463135
166134,536.826904
166135,538.136597
166136,539.463623
166137,540.808472
166138,541.47467
166139,542.497009
166140,542.447815
166141,542.363586
166142,542.29248
166143,542.236206
166144,542.196411
166145,542.1745
166146,537.571838
166147,538.865051
166148,540.176208
166149,541.505859
166150,542.171631
166151,543.289368
166152,543.222473
166153,543.121216
166154,543.033875
166155,542.962097
166156,542.907288
166157,542.870972
166158,538.300476
166159,539.577942
166160,540.87384
166161,542.188904
166162,542.854309
166163,544.063232
166164,543.979431
166165,543.862061
166166,543.759155
166167,543.672424
166168,543.603333
166169,543.553284
166170,539.013672
166171,540.27594
166172,541.557312
166173,542.858276
166174,543.523315
166175,544.819519
166176,544.719543
166177,544.586731
166178,544.468994
166179,544.367981
166180,544.285217
166181,544.221863
166182,539.712219
166183,540.9599
166184,542.227173
166185,543.514526
166186,544.179138
166187,545.558899
166188,545.443542
166189,545.295959
166190,545.164001
166191,545.049377
166192,544.953369
166193,544.877258
166194,540.396606
166195,541.630249
166196,542.883911
166197,544.158081
166198,544.822205
166199,540.009644
166200,539.981323
166201,539.963806
166202,540.853394
166203,540.842346
166204,540.794495
166205,540.75824
166206,541.685364
166207,541.654724
166208,541.588257
166209,541.53418
166210,542.497009
166211,542.447815
166212,542.363525
166213,542.29248
166214,543.289307
166215,543.222412
166216,543.121216
166217,543.033875
166218,544.063171
166219,543.97937
166220,543.862
166221,543.759155
166222,539.163818
166223,539.958862
166224,540.735413
166225,541.494263
166226,542.236206
166227,542.962036
166228,543.672485
166229,544.819458
166230,544.719543
166231,544.58667
166232,544.468994
166233,544.368042
166234,538.395508
166235,539.191101
166236,539.96814
166237,540.727539
166238,541.470093
166239,542.196411
166240,542.907349
166241,543.603455
166242,544.285278
166243,545.558899
166244,545.443542
166245,545.295959
166246,545.164062
166247,545.049438
166248,544.953491
166249,546.282227
166250,546.282227
166251,546.152161
166252,546.152161
166253,545.990417
166254,545.990356
166255,545.844849
166256,545.844849
166257,545.717041
166258,545.717041
166259,545.608337
166260,545.608276
166261,536.957092
166262,537.659668
166263,538.455811
166264,539.233398
166265,539.993286
166266,540.736267
166267,541.463135
166268,542.1745
166269,542.871094
166270,543.553406
166271,544.222107
166272,544.877502
166273,545.52002
166274,545.519897
166275,535.2854
166276,536.064941
166277,536.826904
166278,537.571899
166279,538.300598
166280,539.013794
166281,539.712341
166282,535.851196
166283,536.630432
166284,537.391968
166285,538.136597
166286,538.865112
166287,539.578064
166288,540.276245
166289,540.960205
166290,536.451172
166291,537.230042
166292,537.991211
166293,538.735474
166294,539.463562
166295,540.17627
166296,540.874084
166297,541.557678
166298,542.2276
166299,537.753662
166300,537.863892
166301,538.531738
166302,538.624634
166303,539.292114
166304,539.368469
166305,540.035583
166306,540.096191
166307,540.762817
166308,540.808472
166309,541.47467
166310,541.50592
166311,542.171692
166312,542.189148
166313,542.854492
166314,542.858704
166315,543.523621
166316,543.515015
166317,544.179504
166318,540.39679
166319,541.630554
166320,542.884338
166321,544.158447
166322,544.822571
166323,541.067383
166324,541.067566
166325,542.287476
166326,542.287659
166327,543.527954
166328,543.528137
166329,544.789185
166330,544.789368
166331,545.453003
166332,545.452881
166333,528.899048
166334,532.998169
166335,533.659729
166336,533.802734
166337,533.95105
166338,533.179199
166339,534.106628
166340,532.440125
166341,533.368164
166342,534.271423
166343,534.526367
166344,534.638367
166345,534.754883
166346,534.877869
166347,535.009338
166348,535.151123
166349,534.369873
166350,535.375366
166351,535.50415
166352,535.589722
166353,535.68103
166354,535.779968
166355,535.888489
166356,536.008362
166357,536.352234
166358,536.454712
166359,536.515137
166360,536.582397
166361,536.658447
166362,536.745117
166363,536.844177
166364,537.301819
166365,537.379272
166366,537.415833
166367,537.460266
166368,537.514526
166369,537.580444
166370,537.659668
166371,538.225525
166372,538.279114
166373,538.292969
166374,538.315735
166375,538.349304
166376,538.395386
166377,538.455688
166378,539.124512
166379,539.155518
166380,539.147766
166381,539.149841
166382,539.163696
166383,539.190918
166384,539.233215
166385,540.000122
166386,540.009521
166387,539.981201
166388,539.963684
166389,539.95874
166390,539.968018
166391,539.993103
166392,540.853333
166393,540.842224
166394,540.794373
166395,540.758118
166396,540.735291
166397,540.727478
166398,540.736206
166399,532.831726
166400,533.398682
166401,534.236145
166402,533.999756
166403,534.836975
166404,535.653687
166405,532.663147
166406,533.566956
166407,533.777039
166408,534.447144
166409,534.635254
166410,535.304871
166411,535.472046
166412,536.141235
166413,536.288391
166414,536.957153
166415,537.085327
166416,537.753662
166417,533.669373
166418,535.053162
166419,536.450928
166420,537.863708
166421,538.531616
166422,534.486572
166423,535.850708
166424,537.229675
166425,538.624451
166426,539.291931
166427,535.284607
166428,536.629883
166429,537.990845
166430,539.368286
166431,540.0354
166432,536.064453
166433,537.391602
166434,538.735291
166435,540.09613
166436,540.762817
166437,541.685303
166438,541.654724
166439,541.588196
166440,541.534119
166441,541.494202
166442,541.470032
166443,541.463074
166444,536.826721
166445,538.136536
166446,539.463562
166447,540.808472
166448,541.47467
166449,542.497009
166450,542.447815
166451,542.363525
166452,542.29248
166453,542.236206
166454,542.196411
166455,542.1745
166456,537.571899
166457,538.865112
166458,540.17627
166459,541.50592
166460,542.171692
166461,543.289307
166462,543.222412
166463,543.121216
166464,543.033875
166465,542.962097
166466,542.907349
166467,542.871033
166468,538.300598
166469,539.578003
166470,540.873962
166471,542.189026
166472,542.854431
166473,544.063232
166474,543.979431
166475,543.862061
166476,543.759155
166477,543.672424
166478,543.603394
166479,543.553284
166480,539.013794
166481,540.276001
166482,541.557373
166483,542.858337
166484,543.523376
166485,544.819519
166486,544.719543
166487,544.586731
166488,544.468994
166489,544.367981
166490,544.285156
166491,544.221863
166492,539.712097
166493,540.959778
166494,542.227112
166495,543.514465
166496,544.179077
166497,545.558899
166498,545.443542
166499,545.295959
166500,545.164001
166501,545.049316
166502,544.953308
166503,544.877197
166504,540.396362
166505,541.630005
166506,542.883728
166507,544.157898
166508,544.822083
166509,546.282288
166510,546.152161
166511,545.990356
166512,545.844788
166513,545.71698
166514,545.608215
166515,545.519836
166516,541.067139
166517,542.28717
166518,543.52771
166519,544.78894
166520,545.452698
166521,539.981323
166522,540.853455
166523,540.842346
166524,540.794495
166525,539.963806
166526,540.75824
166527,541.685364
166528,541.654785
166529,541.588257
166530,541.53418
166531,542.497009
166532,542.447815
166533,542.363586
166534,542.29248
166535,543.289307
166536,543.222412
166537,543.121216
166538,543.033875
166539,544.063171
166540,543.97937
166541,543.862
166542,543.759155
166543,544.819458
166544,544.719543
166545,544.58667
166546,544.468994
166547,539.163818
166548,539.958862
166549,540.735413
166550,541.494263
166551,542.236206
166552,542.962097
166553,543.672485
166554,544.368042
166555,545.558899
166556,545.443542
166557,545.295959
166558,545.164062
166559,545.049438
166560,538.395447
166561,539.19104
166562,539.96814
166563,540.727539
166564,541.470093
166565,542.196411
166566,542.907349
166567,543.603455
166568,544.285278
166569,544.953491
166570,546.282227
166571,546.152161
166572,545.990417
166573,545.844849
166574,545.717041
166575,545.608398
166576,546.990173
166577,546.990173
166578,546.845947
166579,546.845947
166580,546.670593
166581,546.670593
166582,546.511963
166583,546.511902
166584,546.37146
166585,546.371399
166586,546.250427
166587,546.250366
166588,536.95697
166589,537.659546
166590,538.45575
166591,539.233337
166592,539.993286
166593,540.736267
166594,541.463074
166595,542.1745
166596,542.871033
166597,543.553406
166598,544.222107
166599,544.877502
166600,545.520081
166601,546.150085
166602,546.149963
166603,535.2854
166604,536.064941
166605,536.826782
166606,537.571838
166607,538.30072
166608,539.013977
166609,539.712402
166610,540.396729
166611,535.851196
166612,536.630432
166613,537.391907
166614,538.136536
166615,538.865051
166616,539.578125
166617,540.276306
166618,540.960266
166619,541.630554
166620,537.230042
166621,537.991211
166622,538.735413
166623,539.463501
166624,540.176208
166625,540.874023
166626,541.557678
166627,542.2276
166628,542.884338
166629,537.753601
166630,537.863831
166631,538.531738
166632,538.624634
166633,539.292114
166634,539.36853
166635,540.035583
166636,540.096191
166637,540.762817
166638,540.808411
166639,541.47467
166640,541.505859
166641,542.171631
166642,542.189087
166643,542.854492
166644,542.858643
166645,543.523621
166646,543.515015
166647,544.179504
166648,544.158508
166649,544.822571
166650,541.067505
166651,542.287659
166652,543.528198
166653,544.789429
166654,545.453125
166655,541.724792
166656,541.724976
166657,542.931641
166658,542.931885
166659,544.159302
166660,544.159485
166661,545.407898
166662,545.408142
166663,546.07135
166664,546.071167
166665,533.802673
166666,532.998169
166667,533.950989
166668,534.526367
166669,534.638367
166670,534.754883
166671,534.877869
166672,533.179138
166673,534.106628
166674,535.009338
166675,533.368103
166676,534.271423
166677,535.151123
166678,535.375366
166679,535.50415
166680,535.589783
166681,535.68103
166682,535.779968
166683,535.888489
166684,536.008362
166685,536.352234
166686,536.454712
166687,536.515137
166688,536.582458
166689,536.658508
166690,536.745178
166691,536.844238
166692,537.30188
166693,537.379272
166694,537.415833
166695,537.460327
166696,537.514587
166697,537.580505
166698,537.659668
166699,538.225525
166700,538.279114
166701,538.29303
166702,538.315796
166703,538.349304
166704,538.395447
166705,538.45575
166706,539.124573
166707,539.155518
166708,539.147766
166709,539.149902
166710,539.163696
166711,539.190979
166712,539.233276
166713,540.000122
166714,540.009521
166715,539.981201
166716,539.963684
166717,539.95874
166718,539.968018
166719,539.993164
166720,540.853333
166721,540.842224
166722,540.794373
166723,540.758118
166724,540.735291
166725,540.727417
166726,540.736145
166727,541.685303
166728,541.654663
166729,541.588196
166730,541.534119
166731,541.494202
166732,541.469971
166733,541.463074
166734,532.831848
166735,533.669678
166736,533.398682
166737,534.236267
166738,535.053345
166739,533.999756
166740,534.836975
166741,535.653809
166742,536.451111
166743,532.663025
166744,533.566833
166745,534.447083
166746,533.141174
166747,534.635254
166748,535.304871
166749,535.472046
166750,536.141235
166751,536.288452
166752,536.957214
166753,537.085388
166754,537.753723
166755,537.863831
166756,538.531738
166757,534.487
166758,535.850952
166759,537.229858
166760,538.624512
166761,539.291992
166762,535.28479
166763,536.630005
166764,537.990906
166765,539.368347
166766,540.035461
166767,536.06427
166768,537.391479
166769,538.735229
166770,540.096069
166771,540.762756
166772,536.826416
166773,538.136353
166774,539.46344
166775,540.808411
166776,541.47467
166777,542.496948
166778,542.447754
166779,542.363525
166780,542.292419
166781,542.236206
166782,542.196411
166783,542.1745
166784,537.571716
166785,538.865051
166786,540.176208
166787,541.50592
166788,542.171753
166789,543.289307
166790,543.222412
166791,543.121216
166792,543.033875
166793,542.962097
166794,542.907349
166795,542.871033
166796,538.30072
166797,539.578125
166798,540.874023
166799,542.189087
166800,542.854492
166801,544.063232
166802,543.979431
166803,543.862061
166804,543.759155
166805,543.672485
166806,543.603394
166807,543.553345
166808,539.013916
166809,540.276184
166810,541.557495
166811,542.858459
166812,543.523438
166813,544.819519
166814,544.719543
166815,544.586731
166816,544.468994
166817,544.367981
166818,544.285217
166819,544.221863
166820,539.712219
166821,540.9599
166822,542.227173
166823,543.514526
166824,544.179138
166825,545.558899
166826,545.443542
166827,545.295959
166828,545.164001
166829,545.049316
166830,544.953308
166831,544.877197
166832,540.396301
166833,541.629944
166834,542.883667
166835,544.157837
166836,544.822021
166837,546.282288
166838,546.152161
166839,545.990356
166840,545.844788
166841,545.716919
166842,545.608154
166843,545.519714
166844,541.066833
166845,542.286987
166846,543.527527
166847,544.788818
166848,545.452576
166849,546.990173
166850,546.845947
166851,546.670593
166852,546.511902
166853,546.371338
166854,546.250305
166855,546.149841
166856,541.724426
166857,542.931335
166858,544.158997
166859,545.407715
166860,546.070984
166861,540.842346
166862,539.981323
166863,540.794495
166864,541.685364
166865,541.654785
166866,541.588257
166867,539.963806
166868,540.75824
166869,541.53418
166870,542.497009
166871,542.447815
166872,542.363586
166873,542.29248
166874,543.289307
166875,543.222412
166876,543.121216
166877,543.033875
166878,544.063171
166879,543.97937
166880,543.862
166881,543.759155
166882,544.819458
166883,544.719543
166884,544.58667
166885,544.468994
166886,545.558899
166887,545.443542
166888,545.295959
166889,545.164062
166890,538.349304
166891,539.163757
166892,539.958862
166893,540.735413
166894,541.494263
166895,542.236267
166896,542.962097
166897,543.672485
166898,544.368042
166899,545.049438
166900,546.282227
166901,546.152161
166902,545.990417
166903,545.844849
166904,545.717102
166905,537.580383
166906,538.395386
166907,539.19104
166908,539.96814
166909,540.727539
166910,541.470093
166911,542.196411
166912,542.907349
166913,543.603394
166914,544.285278
166915,544.953491
166916,545.608398
166917,546.990173
166918,546.845947
166919,546.670593
166920,546.511963
166921,546.37146
166922,546.250488
166923,547.68335
166924,547.68335
166925,547.525574
166926,547.525513
166927,547.337158
166928,547.337097
166929,547.165833
166930,547.165771
166931,547.013062
166932,547.013
166933,546.880066
166934,546.879944
166935,536.956909
166936,537.659485
166937,538.455688
166938,539.233337
166939,539.993286
166940,540.736267
166941,541.463074
166942,542.174438
166943,542.871033
166944,543.553406
166945,544.222046
166946,544.877502
166947,545.520081
166948,546.150146
166949,546.768005
166950,546.767822
166951,535.285461
166952,536.064941
166953,536.826782
166954,537.571716
166955,538.300598
166956,539.014038
166957,539.712585
166958,540.39679
166959,541.067444
166960,536.630432
166961,537.391968
166962,538.136536
166963,538.86499
166964,539.578003
166965,540.276306
166966,540.960266
166967,541.630554
166968,542.287659
166969,537.22998
166970,537.991211
166971,538.735474
166972,539.463501
166973,540.176086
166974,540.873962
166975,541.557617
166976,542.2276
166977,542.884338
166978,543.528259
166979,537.753479
166980,537.863708
166981,538.531616
166982,538.624634
166983,539.292053
166984,539.36853
166985,540.035583
166986,540.096191
166987,540.762817
166988,540.808411
166989,541.474609
166990,541.505798
166991,542.171631
166992,542.189026
166993,542.854431
166994,542.858582
166995,543.52356
166996,543.514954
166997,544.179443
166998,544.158447
166999,544.822571
167000,544.78949
167001,545.453125
167002,541.724976
167003,542.931946
167004,544.159607
167005,545.408264
167006,546.071472
167007,542.369324
167008,542.369568
167009,543.563354
167010,543.56366
167011,544.778442
167012,544.778687
167013,546.014709
167014,546.014893
167015,546.677734
167016,546.677551
167017,534.638367
167018,533.802673
167019,534.754822
167020,532.998108
167021,533.950989
167022,534.877808
167023,535.375366
167024,535.50415
167025,535.589722
167026,535.68103
167027,535.779968
167028,534.106567
167029,535.009277
167030,535.888489
167031,533.368042
167032,534.271362
167033,535.151062
167034,536.008362
167035,536.352234
167036,536.454712
167037,536.515137
167038,536.582458
167039,536.658508
167040,536.745178
167041,536.844238
167042,537.30188
167043,537.379272
167044,537.415833
167045,537.460327
167046,537.514587
167047,537.580505
167048,537.659729
167049,538.225586
167050,538.279175
167051,538.29303
167052,538.315796
167053,538.349365
167054,538.395508
167055,538.455811
167056,539.124573
167057,539.155518
167058,539.147827
167059,539.149902
167060,539.163757
167061,539.19104
167062,539.233337
167063,540.000122
167064,540.009521
167065,539.981262
167066,539.963745
167067,539.95874
167068,539.968079
167069,539.993164
167070,540.853333
167071,540.842224
167072,540.794373
167073,540.758118
167074,540.735291
167075,540.727478
167076,540.736206
167077,541.685303
167078,541.654663
167079,541.588196
167080,541.534119
167081,541.494141
167082,541.469971
167083,541.463074
167084,542.496948
167085,542.447754
167086,542.363525
167087,542.292419
167088,542.236206
167089,542.196411
167090,542.1745
167091,532.831848
167092,533.6698
167093,534.487244
167094,533.398682
167095,534.236267
167096,535.053467
167097,535.851135
167098,533.999756
167099,534.836975
167100,535.653809
167101,536.451172
167102,537.22998
167103,532.662903
167104,533.566772
167105,534.447021
167106,534.635193
167107,535.30481
167108,532.539673
167109,535.472046
167110,536.141235
167111,536.288452
167112,536.957214
167113,537.085388
167114,537.753723
167115,537.863892
167116,538.531738
167117,538.624634
167118,539.292053
167119,535.285156
167120,536.630249
167121,537.991089
167122,539.368469
167123,540.035522
167124,536.064453
167125,537.391602
167126,538.735291
167127,540.09613
167128,540.762817
167129,536.826233
167130,538.13623
167131,539.463379
167132,540.808411
167133,541.47467
167134,537.571472
167135,538.864868
167136,540.176147
167137,541.50592
167138,542.171692
167139,543.289307
167140,543.222412
167141,543.121216
167142,543.033875
167143,542.962036
167144,542.907349
167145,542.871094
167146,538.300598
167147,539.578064
167148,540.874084
167149,542.189148
167150,542.854492
167151,544.063171
167152,543.97937
167153,543.862
167154,543.759155
167155,543.672485
167156,543.603394
167157,543.553406
167158,539.014038
167159,540.276306
167160,541.557617
167161,542.858582
167162,543.52356
167163,544.819458
167164,544.719543
167165,544.586731
167166,544.468994
167167,544.368042
167168,544.285217
167169,544.221924
167170,539.712402
167171,540.960022
167172,542.227356
167173,543.514648
167174,544.17926
167175,545.558899
167176,545.443542
167177,545.295959
167178,545.164001
167179,545.049316
167180,544.953308
167181,544.877197
167182,540.396362
167183,541.630005
167184,542.883728
167185,544.157898
167186,544.822083
167187,546.282288
167188,546.152161
167189,545.990356
167190,545.844788
167191,545.716919
167192,545.608154
167193,545.519714
167194,541.066711
167195,542.286865
167196,543.527405
167197,544.788757
167198,545.452515
167199,546.990173
167200,546.845947
167201,546.670532
167202,546.511841
167203,546.371338
167204,546.250244
167205,546.14978
167206,541.724121
167207,542.931091
167208,544.158813
167209,545.407471
167210,546.070862
167211,547.68335
167212,547.525513
167213,547.337097
167214,547.165771
167215,547.012939
167216,546.879883
167217,546.7677
167218,542.368896
167219,543.563049
167220,544.778137
167221,546.014465
167222,546.677368
167223,541.685364
167224,540.842346
167225,541.654785
167226,539.149902
167227,539.981262
167228,540.794434
167229,541.588257
167230,542.497009
167231,542.447815
167232,542.363586
167233,539.963745
167234,540.75824
167235,541.53418
167236,542.29248
167237,543.289368
167238,543.222473
167239,543.121216
167240,543.033875
167241,544.063232
167242,543.979431
167243,543.862061
167244,543.759155
167245,544.819458
167246,544.719543
167247,544.586731
167248,544.468994
167249,545.558899
167250,545.443542
167251,545.295959
167252,545.164062
167253,546.282227
167254,546.152161
167255,545.990417
167256,545.844849
167257,538.349304
167258,539.163696
167259,539.958801
167260,540.735352
167261,541.494263
167262,542.236267
167263,542.962097
167264,543.672485
167265,544.368042
167266,545.049377
167267,545.717041
167268,546.990173
167269,546.845947
167270,546.670593
167271,546.511963
167272,546.371521
167273,537.580322
167274,538.395325
167275,539.190979
167276,539.96814
167277,540.727539
167278,541.470093
167279,542.196411
167280,542.907288
167281,543.603394
167282,544.285278
167283,544.95343
167284,545.608398
167285,546.250488
167286,547.68335
167287,547.525574
167288,547.337158
167289,547.165833
167290,547.013062
167291,546.880127
167292,548.362305
167293,548.362305
167294,548.191467
167295,548.191467
167296,547.990417
167297,547.990417
167298,547.806885
167299,547.806824
167300,547.642151
167301,547.64209
167302,547.497437
167303,547.497375
167304,536.956848
167305,537.659485
167306,538.455627
167307,539.233276
167308,539.993225
167309,540.736267
167310,541.463074
167311,542.174438
167312,542.870972
167313,543.553345
167314,544.221985
167315,544.877441
167316,545.520081
167317,546.150208
167318,546.768066
167319,547.373901
167320,547.373779
167321,536.065002
167322,536.826782
167323,537.571716
167324,538.300476
167325,539.013916
167326,539.712524
167327,540.396912
167328,541.067505
167329,541.724976
167330,536.630371
167331,537.391968
167332,538.136536
167333,538.864929
167334,539.577942
167335,540.276184
167336,540.960205
167337,541.630554
167338,542.287659
167339,542.931946
167340,537.229858
167341,537.991211
167342,538.735474
167343,539.463501
167344,540.176086
167345,540.87384
167346,541.557495
167347,542.227478
167348,542.884277
167349,543.528198
167350,544.159668
167351,537.753418
167352,537.863586
167353,538.531555
167354,538.624512
167355,539.291992
167356,539.36853
167357,540.035583
167358,540.096252
167359,540.762878
167360,540.808411
167361,541.47467
167362,541.505737
167363,542.17157
167364,542.188904
167365,542.854309
167366,542.858459
167367,543.523438
167368,543.514832
167369,544.179382
167370,544.158386
167371,544.822449
167372,544.789429
167373,545.453125
167374,545.408264
167375,546.071472
167376,542.369629
167377,543.563782
167378,544.778809
167379,546.015076
167380,546.677795
167381,543.001404
167382,543.001709
167383,544.182922
167384,544.183228
167385,545.38562
167386,545.385864
167387,546.60968
167388,546.609924
167389,547.272278
167390,547.272095
167391,535.50415
167392,534.638367
167393,535.589722
167394,533.802673
167395,534.754822
167396,535.680969
167397,533.950928
167398,534.877808
167399,535.779907
167400,536.352234
167401,536.454712
167402,536.515137
167403,536.582458
167404,536.658508
167405,534.106506
167406,535.009277
167407,535.888428
167408,536.745178
167409,533.367981
167410,534.271301
167411,535.151001
167412,536.008301
167413,536.844238
167414,537.30188
167415,537.379272
167416,537.415894
167417,537.460327
167418,537.514648
167419,537.580505
167420,537.659729
167421,538.225586
167422,538.279175
167423,538.29303
167424,538.315857
167425,538.349365
167426,538.395508
167427,538.455811
167428,539.124634
167429,539.155579
167430,539.147827
167431,539.149963
167432,539.163818
167433,539.19104
167434,539.233337
167435,540.000183
167436,540.009583
167437,539.981262
167438,539.963745
167439,539.958801
167440,539.96814
167441,539.993225
167442,540.853333
167443,540.842285
167444,540.794434
167445,540.758179
167446,540.735291
167447,540.727478
167448,540.736206
167449,541.685303
167450,541.654663
167451,541.588196
167452,541.534119
167453,541.494202
167454,541.469971
167455,541.463074
167456,542.496948
167457,542.447754
167458,542.363525
167459,542.292419
167460,542.236206
167461,542.196411
167462,542.1745
167463,543.289307
167464,543.222412
167465,543.121155
167466,543.033875
167467,542.962036
167468,542.907349
167469,542.871094
167470,532.831848
167471,533.6698
167472,534.487366
167473,535.2854
167474,533.398682
167475,534.236267
167476,535.053467
167477,535.851196
167478,536.630371
167479,533.999756
167480,534.836975
167481,535.653809
167482,536.451172
167483,537.230042
167484,537.991211
167485,533.56665
167486,534.446899
167487,534.635132
167488,535.304749
167489,535.471985
167490,536.141174
167491,531.972473
167492,536.288452
167493,536.957214
167494,537.085388
167495,537.753723
167496,537.863892
167497,538.531799
167498,538.624634
167499,539.292114
167500,539.36853
167501,540.035583
167502,536.064758
167503,537.391846
167504,538.735413
167505,540.096191
167506,540.762817
167507,536.826416
167508,538.136353
167509,539.46344
167510,540.808411
167511,541.47467
167512,537.57135
167513,538.864807
167514,540.176086
167515,541.505859
167516,542.171692
167517,538.300354
167518,539.577942
167519,540.874023
167520,542.189148
167521,542.854492
167522,544.063171
167523,543.97937
167524,543.862
167525,543.759155
167526,543.672485
167527,543.603455
167528,543.553406
167529,539.013977
167530,540.276306
167531,541.557678
167532,542.858643
167533,543.523621
167534,544.819458
167535,544.719543
167536,544.586731
167537,544.468994
167538,544.368042
167539,544.285278
167540,544.221985
167541,539.712524
167542,540.960205
167543,542.227478
167544,543.514832
167545,544.179382
167546,545.558899
167547,545.443542
167548,545.295959
167549,545.164001
167550,545.049377
167551,544.953369
167552,544.877258
167553,540.396606
167554,541.630249
167555,542.883911
167556,544.158081
167557,544.822205
167558,546.282288
167559,546.152161
167560,545.990356
167561,545.844788
167562,545.716919
167563,545.608154
167564,545.519714
167565,541.066833
167566,542.286987
167567,543.527527
167568,544.788818
167569,545.452576
167570,546.990173
167571,546.845947
167572,546.670532
167573,546.511841
167574,546.371277
167575,546.250183
167576,546.149719
167577,541.723999
167578,542.930969
167579,544.158691
167580,545.40741
167581,546.070801
167582,547.683289
167583,547.525513
167584,547.337036
167585,547.16571
167586,547.012878
167587,546.879822
167588,546.767578
167589,542.36853
167590,543.562744
167591,544.777893
167592,546.014221
167593,546.677185
167594,548.362244
167595,548.191406
167596,547.990356
167597,547.806763
167598,547.641968
167599,547.497253
167600,547.373596
167601,543.000916
167602,544.182495
167603,545.385315
167604,546.609436
167605,547.271912
167606,541.685364
167607,542.497009
167608,540.842285
167609,541.654724
167610,542.447815
167611,539.149902
167612,539.981262
167613,540.794434
167614,541.588257
167615,542.363586
167616,543.289368
167617,543.222473
167618,543.121216
167619,539.963745
167620,540.758179
167621,541.53418
167622,542.29248
167623,543.033875
167624,544.063232
167625,543.979431
167626,543.862061
167627,543.759155
167628,544.819458
167629,544.719543
167630,544.586731
167631,544.468994
167632,545.558899
167633,545.443542
167634,545.295959
167635,545.164062
167636,546.282227
167637,546.152161
167638,545.990417
167639,545.844849
167640,546.990173
167641,546.845947
167642,546.670593
167643,546.511963
167644,538.349243
167645,539.163696
167646,539.95874
167647,540.735352
167648,541.494263
167649,542.236267
167650,542.962097
167651,543.672424
167652,544.368042
167653,545.049377
167654,545.717041
167655,546.37146
167656,547.68335
167657,547.525574
167658,547.337158
167659,547.165833
167660,547.013062
167661,537.580322
167662,538.395325
167663,539.190918
167664,539.968079
167665,540.727539
167666,541.470093
167667,542.196411
167668,542.907288
167669,543.603394
167670,544.285217
167671,544.95343
167672,545.608337
167673,546.250488
167674,546.880127
167675,548.362305
167676,548.191467
167677,547.990479
167678,547.806885
167679,547.642151
167680,547.497498
167681,549.027588
167682,549.027527
167683,548.844177
167684,548.844116
167685,548.63092
167686,548.630859
167687,548.435425
167688,548.435364
167689,548.259033
167690,548.258972
167691,548.102905
167692,548.102783
167693,538.455566
167694,539.233215
167695,539.993164
167696,540.736267
167697,541.463135
167698,542.174438
167699,542.870972
167700,543.553284
167701,544.221924
167702,544.87738
167703,545.52002
167704,546.150146
167705,546.768066
167706,547.373962
167707,547.968018
167708,547.967896
167709,536.065002
167710,536.826904
167711,537.571716
167712,538.300415
167713,539.013794
167714,539.712402
167715,540.396851
167716,541.067566
167717,541.724976
167718,542.369629
167719,536.630249
167720,537.391968
167721,538.136597
167722,538.86499
167723,539.577881
167724,540.276001
167725,540.960022
167726,541.630432
167727,542.287659
167728,542.931946
167729,543.563782
167730,537.229675
167731,537.991089
167732,538.735474
167733,539.463562
167734,540.176086
167735,540.87384
167736,541.557373
167737,542.227356
167738,542.884155
167739,543.528137
167740,544.159607
167741,544.77887
167742,536.288025
167743,537.085083
167744,537.753479
167745,537.863525
167746,538.531494
167747,538.624451
167748,539.291931
167749,539.368469
167750,540.035522
167751,540.096252
167752,540.762878
167753,540.808472
167754,541.47467
167755,541.505798
167756,542.171631
167757,542.188904
167758,542.854309
167759,542.858337
167760,543.523376
167761,543.514648
167762,544.17926
167763,544.158264
167764,544.822327
167765,544.789368
167766,545.453003
167767,545.408264
167768,546.071472
167769,546.015076
167770,546.677856
167771,543.001831
167772,544.18335
167773,545.386047
167774,546.610046
167775,543.621277
167776,543.621643
167777,544.790466
167778,544.790771
167779,545.981018
167780,545.981323
167781,547.193054
167782,547.193298
167783,547.855225
167784,547.855042
167785,536.352234
167786,535.50415
167787,536.454712
167788,534.638306
167789,535.589722
167790,536.515137
167791,534.754761
167792,535.680969
167793,536.582397
167794,534.877747
167795,535.779907
167796,536.658447
167797,537.30188
167798,537.379272
167799,537.415833
167800,537.460327
167801,537.514587
167802,534.106445
167803,535.009216
167804,535.888367
167805,536.745117
167806,537.580505
167807,534.271179
167808,535.15094
167809,536.00824
167810,536.844177
167811,537.659729
167812,538.225586
167813,538.279175
167814,538.29303
167815,538.315857
167816,538.349426
167817,538.395508
167818,538.455811
167819,539.124634
167820,539.155579
167821,539.147827
167822,539.149963
167823,539.163818
167824,539.191101
167825,539.233398
167826,540.000183
167827,540.009583
167828,539.981323
167829,539.963806
167830,539.958862
167831,539.96814
167832,539.993286
167833,540.853394
167834,540.842285
167835,540.794434
167836,540.758179
167837,540.735352
167838,540.727539
167839,540.736267
167840,541.685303
167841,541.654724
167842,541.588196
167843,541.534119
167844,541.494202
167845,541.470032
167846,541.463074
167847,542.496948
167848,542.447754
167849,542.363525
167850,542.292419
167851,542.236206
167852,542.196411
167853,542.1745
167854,543.289307
167855,543.222351
167856,543.121155
167857,543.033875
167858,542.962036
167859,542.907349
167860,542.871094
167861,544.063171
167862,543.97937
167863,543.862
167864,543.759155
167865,543.672485
167866,543.603455
167867,543.553406
167868,532.831848
167869,533.669739
167870,534.487305
167871,535.285461
167872,536.065002
167873,533.398682
167874,534.236267
167875,535.053467
167876,535.851196
167877,536.630432
167878,537.391968
167879,533.999634
167880,534.836975
167881,535.653809
167882,536.451172
167883,537.230042
167884,537.991211
167885,538.735474
167886,534.446777
167887,534.634949
167888,535.304626
167889,535.471924
167890,536.141113
167891,536.288391
167892,536.957153
167893,537.085388
167894,537.753723
167895,537.863892
167896,538.531799
167897,538.624634
167898,539.292114
167899,539.36853
167900,540.035583
167901,540.096252
167902,540.762878
167903,536.826721
167904,538.136536
167905,539.463562
167906,540.808472
167907,541.47467
167908,537.571472
167909,538.864868
167910,540.176147
167911,541.50592
167912,542.171692
167913,538.300232
167914,539.577881
167915,540.873962
167916,542.189148
167917,542.854492
167918,539.013794
167919,540.276245
167920,541.557678
167921,542.858704
167922,543.523621
167923,544.819458
167924,544.719543
167925,544.58667
167926,544.468994
167927,544.368042
167928,544.285278
167929,544.222046
167930,539.712585
167931,540.960266
167932,542.2276
167933,543.514954
167934,544.179443
167935,545.558899
167936,545.443542
167937,545.295959
167938,545.164062
167939,545.049377
167940,544.95343
167941,544.87738
167942,540.396851
167943,541.630432
167944,542.884155
167945,544.158264
167946,544.822327
167947,546.282288
167948,546.152161
167949,545.990356
167950,545.844788
167951,545.71698
167952,545.608215
167953,545.519836
167954,541.067139
167955,542.28717
167956,543.52771
167957,544.78894
167958,545.452698
167959,546.990173
167960,546.845947
167961,546.670532
167962,546.511841
167963,546.371338
167964,546.250244
167965,546.14978
167966,541.724121
167967,542.931091
167968,544.158813
167969,545.407471
167970,546.070862
167971,547.683289
167972,547.525513
167973,547.337036
167974,547.16571
167975,547.012817
167976,546.879761
167977,546.767578
167978,542.368408
167979,543.562622
167980,544.777771
167981,546.01416
167982,546.677124
167983,548.362244
167984,548.191406
167985,547.990356
167986,547.806702
167987,547.641907
167988,547.497192
167989,547.373474
167990,543.000549
167991,544.18219
167992,545.38501
167993,546.609192
167994,547.271729
167995,549.027527
167996,548.844116
167997,548.630859
167998,548.435303
167999,548.25885
168000,548.102661
168001,547.967712
168002,543.620789
168003,544.790039
168004,545.980713
168005,547.19281
168006,547.854797
168007,541.685303
168008,542.497009
168009,543.289368
168010,540.842285
168011,541.654724
168012,542.447815
168013,543.222473
168014,539.149841
168015,539.981201
168016,540.794434
168017,541.588257
168018,542.363586
168019,543.121216
168020,544.063232
168021,543.979431
168022,543.862061
168023,539.963684
168024,540.758179
168025,541.53418
168026,542.29248
168027,543.033875
168028,543.759155
168029,544.819519
168030,544.719543
168031,544.586731
168032,544.468994
168033,545.558899
168034,545.443542
168035,545.295959
168036,545.164001
168037,546.282227
168038,546.152161
168039,545.990356
168040,545.844849
168041,546.990173
168042,546.845947
168043,546.670593
168044,546.511963
168045,547.68335
168046,547.525574
168047,547.337158
168048,547.165833
168049,538.349243
168050,539.163635
168051,539.95874
168052,540.735291
168053,541.494202
168054,542.236206
168055,542.962097
168056,543.672424
168057,544.367981
168058,545.049377
168059,545.717041
168060,546.37146
168061,547.013062
168062,548.362305
168063,548.191467
168064,547.990479
168065,547.806885
168066,547.642212
168067,536.744934
168068,539.190918
168069,539.968018
168070,540.727478
168071,541.470032
168072,542.196411
168073,542.907288
168074,543.603333
168075,544.285217
168076,544.953369
168077,545.608276
168078,546.250427
168079,546.880127
168080,547.497559
168081,549.027588
168082,548.844177
168083,548.63092
168084,548.435486
168085,548.259094
168086,548.102966
168087,549.679626
168088,549.679626
168089,549.484009
168090,549.484009
168091,549.258911
168092,549.25885
168093,549.051819
168094,549.051758
168095,548.863953
168096,548.863892
168097,548.696533
168098,548.696411
168099,538.455627
168100,539.233215
168101,539.993164
168102,540.736206
168103,541.463135
168104,542.1745
168105,542.870972
168106,543.553284
168107,544.221863
168108,544.877258
168109,545.519897
168110,546.150085
168111,546.768066
168112,547.374023
168113,548.550476
168114,548.550354
168115,536.064758
168116,536.826904
168117,537.571838
168118,538.300476
168119,539.013672
168120,539.712219
168121,540.396606
168122,541.067383
168123,541.724976
168124,542.369629
168125,543.001831
168126,536.630005
168127,537.391846
168128,538.136597
168129,538.865051
168130,539.577942
168131,540.27594
168132,540.9599
168133,541.630249
168134,542.287476
168135,542.931885
168136,543.563782
168137,544.183411
168138,537.229614
168139,537.990906
168140,538.735413
168141,539.463623
168142,540.176208
168143,540.87384
168144,541.557312
168145,542.227173
168146,542.883911
168147,543.527954
168148,544.159485
168149,544.778809
168150,545.386108
168151,535.65332
168152,536.450745
168153,536.288208
168154,537.085205
168155,537.753601
168156,537.863586
168157,538.531555
168158,538.62439
168159,539.291931
168160,539.368347
168161,540.035461
168162,540.096191
168163,540.762817
168164,540.808472
168165,541.47467
168166,541.505859
168167,542.171631
168168,542.188904
168169,542.854309
168170,542.858276
168171,543.523315
168172,543.514526
168173,544.179138
168174,544.158081
168175,544.822205
168176,544.789185
168177,545.452881
168178,545.408142
168179,546.07135
168180,546.015076
168181,546.677795
168182,543.621765
168183,544.790955
168184,545.981445
168185,544.229187
168186,544.229553
168187,545.38623
168188,545.386597
168189,546.564758
168190,546.565063
168191,536.352234
168192,537.30188
168193,535.50415
168194,536.454651
168195,537.379272
168196,535.589661
168197,536.515137
168198,537.415833
168199,535.680908
168200,536.582397
168201,537.460327
168202,534.877686
168203,535.779846
168204,536.658447
168205,537.514587
168206,538.225586
168207,538.279175
168208,538.29303
168209,538.315857
168210,538.349365
168211,535.009155
168212,535.888306
168213,536.745117
168214,537.580505
168215,538.395508
168216,535.150879
168217,536.008179
168218,536.844116
168219,537.659668
168220,538.455811
168221,539.124634
168222,539.155579
168223,539.147827
168224,539.149963
168225,539.163818
168226,539.191101
168227,539.233398
168228,540.000183
168229,540.009583
168230,539.981323
168231,539.963806
168232,539.958862
168233,539.96814
168234,539.993286
168235,540.853394
168236,540.842346
168237,540.794434
168238,540.75824
168239,540.735352
168240,540.727539
168241,540.736267
168242,541.685303
168243,541.654724
168244,541.588257
168245,541.53418
168246,541.494202
168247,541.470032
168248,541.463135
168249,542.496948
168250,542.447754
168251,542.363525
168252,542.292419
168253,542.236206
168254,542.196411
168255,542.1745
168256,543.289307
168257,543.222412
168258,543.121155
168259,543.033875
168260,542.962036
168261,542.907349
168262,542.871094
168263,544.063171
168264,543.97937
168265,543.862
168266,543.759155
168267,543.672485
168268,543.603455
168269,543.553406
168270,544.819458
168271,544.719543
168272,544.58667
168273,544.468994
168274,544.368042
168275,544.285278
168276,544.222107
168277,532.831848
168278,533.6698
168279,534.487305
168280,535.2854
168281,536.065002
168282,536.826904
168283,533.39856
168284,534.236267
168285,535.053467
168286,535.851196
168287,536.630432
168288,537.391968
168289,538.136597
168290,533.999451
168291,534.836853
168292,535.653809
168293,536.451172
168294,537.230042
168295,537.991211
168296,538.735474
168297,539.463623
168298,534.634827
168299,535.304504
168300,535.471741
168301,536.140991
168302,536.28833
168303,536.957092
168304,537.085388
168305,537.753723
168306,537.863892
168307,538.531799
168308,538.624634
168309,539.292114
168310,539.36853
168311,540.035583
168312,540.096252
168313,540.762878
168314,540.808472
168315,541.47467
168316,537.571716
168317,538.865051
168318,540.176208
168319,541.50592
168320,542.171753
168321,538.300354
168322,539.577942
168323,540.874023
168324,542.189148
168325,542.854492
168326,539.013672
168327,540.276184
168328,541.557617
168329,542.858704
168330,543.523621
168331,539.712402
168332,540.960266
168333,542.2276
168334,543.515015
168335,544.179504
168336,545.558899
168337,545.443542
168338,545.295959
168339,545.164062
168340,545.049377
168341,544.95343
168342,544.877441
168343,540.396912
168344,541.630554
168345,542.884277
168346,544.158386
168347,544.822449
168348,546.282227
168349,546.152161
168350,545.990356
168351,545.844849
168352,545.717041
168353,545.608276
168354,545.519897
168355,541.067383
168356,542.287476
168357,543.527954
168358,544.789185
168359,545.452881
168360,546.990173
168361,546.845947
168362,546.670593
168363,546.511902
168364,546.371338
168365,546.250305
168366,546.149841
168367,541.724426
168368,542.931335
168369,544.158997
168370,545.407715
168371,546.070984
168372,547.683289
168373,547.525513
168374,547.337036
168375,547.16571
168376,547.012878
168377,546.879822
168378,546.767578
168379,542.36853
168380,543.562744
168381,544.777893
168382,546.014221
168383,546.677185
168384,548.362244
168385,548.191406
168386,547.990356
168387,547.806702
168388,547.641907
168389,547.497131
168390,547.373413
168391,543.000427
168392,544.182068
168393,545.384949
168394,546.609131
168395,547.271667
168396,549.027527
168397,548.844055
168398,548.630798
168399,548.435242
168400,548.258789
168401,548.1026
168402,547.96759
168403,543.620361
168404,544.789734
168405,545.980408
168406,547.192566
168407,547.854675
168408,549.679565
168409,549.483948
168410,549.258789
168411,549.051697
168412,548.86377
168413,548.696289
168414,548.550171
168415,544.228638
168416,545.385803
168417,546.564453
168418,548.426208
168419,541.685303
168420,542.497009
168421,543.289307
168422,544.063232
168423,540.842224
168424,541.654724
168425,542.447815
168426,543.222412
168427,543.979431
168428,538.315674
168429,539.147705
168430,539.149841
168431,539.981201
168432,540.794373
168433,541.588196
168434,542.363525
168435,543.121216
168436,543.862061
168437,544.819519
168438,544.719543
168439,544.586731
168440,539.963684
168441,540.758118
168442,541.534119
168443,542.29248
168444,543.033875
168445,543.759155
168446,544.468994
168447,545.558899
168448,545.443542
168449,545.295959
168450,545.164001
168451,546.282288
168452,546.152161
168453,545.990356
168454,545.844788
168455,546.990173
168456,546.845947
168457,546.670593
168458,546.511902
168459,547.68335
168460,547.525574
168461,547.337158
168462,547.165833
168463,548.362305
168464,548.191467
168465,547.990479
168466,547.806885
168467,537.514465
168468,538.349243
168469,539.163696
168470,539.95874
168471,540.735291
168472,541.494202
168473,542.236206
168474,542.962097
168475,543.672424
168476,544.367981
168477,545.049316
168478,545.71698
168479,546.371399
168480,547.013062
168481,547.642151
168482,549.027588
168483,548.844177
168484,548.63092
168485,548.435486
168486,548.259094
168487,539.190918
168488,539.968018
168489,540.727478
168490,541.470032
168491,542.196411
168492,542.907349
168493,543.603394
168494,544.285156
168495,544.953308
168496,545.608215
168497,546.250366
168498,546.880066
168499,547.497498
168500,548.102966
168501,549.679688
168502,549.48407
168503,549.258972
168504,549.051819
168505,548.864014
168506,548.696594
168507,550.318909
168508,550.318909
168509,550.11145
168510,550.111389
168511,549.874695
168512,549.874695
168513,549.656189
168514,549.656128
168515,549.457092
168516,549.457031
168517,549.278564
168518,549.278442
168519,539.233215
168520,539.993103
168521,540.736206
168522,541.463074
168523,542.1745
168524,542.871033
168525,543.553284
168526,544.221863
168527,544.877197
168528,545.519836
168529,546.149963
168530,546.768005
168531,547.373962
168532,549.121338
168533,536.064453
168534,536.826721
168535,537.571899
168536,538.300598
168537,539.013794
168538,539.712097
168539,540.396362
168540,541.067139
168541,541.724792
168542,542.369568
168543,543.001831
168544,543.621826
168545,536.629883
168546,537.391602
168547,538.136536
168548,538.865112
168549,539.578003
168550,540.276001
168551,540.959778
168552,541.630005
168553,542.28717
168554,542.931641
168555,543.56366
168556,544.18335
168557,544.791016
168558,537.229675
168559,537.990845
168560,538.735291
168561,539.463562
168562,540.17627
168563,540.873962
168564,541.557373
168565,542.227112
168566,542.883728
168567,543.52771
168568,544.159302
168569,544.778687
168570,545.386047
168571,545.981506
168572,535.052856
168573,535.850708
168574,535.653503
168575,536.450928
168576,536.28833
168577,537.085327
168578,537.753662
168579,537.863708
168580,538.531616
168581,538.624451
168582,539.291931
168583,539.368286
168584,540.0354
168585,540.09613
168586,540.762817
168587,540.808472
168588,541.47467
168589,541.50592
168590,542.171692
168591,542.189026
168592,542.854431
168593,542.858337
168594,543.523376
168595,543.514465
168596,544.179077
168597,544.157898
168598,544.822083
168599,544.78894
168600,545.452698
168601,545.407898
168602,546.071167
168603,546.014893
168604,546.677734
168605,544.229736
168606,545.38678
168607,546.565247
168608,544.825317
168609,544.825745
168610,545.970398
168611,545.970764
168612,536.352234
168613,537.301819
168614,538.225586
168615,536.454651
168616,537.379272
168617,538.279175
168618,536.515076
168619,537.415833
168620,538.29303
168621,535.680908
168622,536.582336
168623,537.460266
168624,538.315796
168625,534.877686
168626,535.779785
168627,536.658386
168628,537.514526
168629,538.349365
168630,539.124634
168631,539.155579
168632,539.147827
168633,539.149963
168634,539.163818
168635,535.888245
168636,536.745056
168637,537.580444
168638,538.395508
168639,539.191101
168640,535.150818
168641,536.008118
168642,536.844055
168643,537.659668
168644,538.455811
168645,539.233398
168646,540.000183
168647,540.009644
168648,539.981323
168649,539.963806
168650,539.958862
168651,539.96814
168652,539.993286
168653,540.853394
168654,540.842346
168655,540.794495
168656,540.75824
168657,540.735413
168658,540.727539
168659,540.736267
168660,541.685364
168661,541.654724
168662,541.588257
168663,541.53418
168664,541.494263
168665,541.470093
168666,541.463135
168667,542.497009
168668,542.447815
168669,542.363525
168670,542.29248
168671,542.236206
168672,542.196411
168673,542.1745
168674,543.289307
168675,543.222412
168676,543.121216
168677,543.033875
168678,542.962036
168679,542.907349
168680,542.871094
168681,544.063171
168682,543.97937
168683,543.862
168684,543.759155
168685,543.672485
168686,543.603455
168687,543.553406
168688,544.819458
168689,544.719543
168690,544.58667
168691,544.468994
168692,544.368042
168693,544.285278
168694,544.222107
168695,545.558899
168696,545.443542
168697,545.295959
168698,545.164062
168699,545.049438
168700,544.953491
168701,544.877502
168702,532.831726
168703,533.6698
168704,534.487305
168705,535.2854
168706,536.064941
168707,536.826904
168708,537.571899
168709,533.398315
168710,534.236145
168711,535.053467
168712,535.851196
168713,536.630432
168714,537.391968
168715,538.136597
168716,538.865112
168717,533.999268
168718,534.83667
168719,535.653687
168720,536.451172
168721,537.230042
168722,537.991211
168723,538.735474
168724,539.463562
168725,540.17627
168726,534.634766
168727,535.304504
168728,535.471619
168729,536.140869
168730,536.288208
168731,536.95697
168732,537.085327
168733,537.753662
168734,537.863892
168735,538.531738
168736,538.624634
168737,539.292114
168738,539.368469
168739,540.035583
168740,540.096191
168741,540.762817
168742,540.808472
168743,541.47467
168744,541.50592
168745,542.171692
168746,538.300598
168747,539.578064
168748,540.874084
168749,542.189148
168750,542.854492
168751,539.013794
168752,540.276245
168753,541.557678
168754,542.858704
168755,543.523621
168756,539.712341
168757,540.960205
168758,542.2276
168759,543.515015
168760,544.179504
168761,540.39679
168762,541.630554
168763,542.884338
168764,544.158447
168765,544.822571
168766,546.282227
168767,546.152161
168768,545.990417
168769,545.844849
168770,545.717041
168771,545.608337
168772,545.52002
168773,541.067566
168774,542.287659
168775,543.528137
168776,544.789368
168777,545.453003
168778,546.990173
168779,546.845947
168780,546.670593
168781,546.511902
168782,546.371399
168783,546.250366
168784,546.149963
168785,541.724792
168786,542.931641
168787,544.159302
168788,545.407898
168789,546.071167
168790,547.68335
168791,547.525513
168792,547.337097
168793,547.165771
168794,547.012939
168795,546.879883
168796,546.7677
168797,542.368896
168798,543.563049
168799,544.778137
168800,546.014465
168801,546.677368
168802,548.362244
168803,548.191406
168804,547.990356
168805,547.806702
168806,547.641907
168807,547.497192
168808,547.373474
168809,543.000549
168810,544.18219
168811,545.38501
168812,546.609192
168813,547.271729
168814,549.027527
168815,548.844055
168816,548.630798
168817,548.435242
168818,548.258789
168819,548.102539
168820,547.967529
168821,543.620178
168822,544.789612
168823,545.980286
168824,547.192505
168825,547.854614
168826,549.679565
168827,549.483948
168828,549.258789
168829,549.051636
168830,548.863708
168831,548.696228
168832,548.550049
168833,544.22821
168834,545.385437
168835,546.564148
168836,548.426025
168837,550.318848
168838,550.111328
168839,549.874634
168840,549.656067
168841,549.456909
168842,549.27832
168843,549.121155
168844,544.824768
168845,545.969971
168846,541.685303
168847,542.496948
168848,543.289307
168849,544.063232
168850,544.819519
168851,540.009521
168852,540.842224
168853,541.654663
168854,542.447754
168855,543.222412
168856,543.979431
168857,544.719543
168858,537.460205
168859,538.292908
168860,538.315674
168861,539.147766
168862,539.149841
168863,539.981201
168864,540.794373
168865,541.588196
168866,542.363525
168867,543.121216
168868,543.862061
168869,544.586731
168870,545.558899
168871,545.443542
168872,545.295959
168873,539.963684
168874,540.758118
168875,541.534119
168876,542.292419
168877,543.033875
168878,543.759155
168879,544.468994
168880,545.164001
168881,546.282288
168882,546.152161
168883,545.990356
168884,545.844788
168885,546.990173
168886,546.845947
168887,546.670593
168888,546.511902
168889,547.68335
168890,547.525513
168891,547.337097
168892,547.165771
168893,548.362305
168894,548.191467
168895,547.990417
168896,547.806885
168897,549.027588
168898,548.844177
168899,548.63092
168900,548.435486
168901,536.658325
168902,537.514465
168903,538.349304
168904,539.95874
168905,540.735291
168906,541.494202
168907,542.236206
168908,542.962097
168909,543.672485
168910,544.367981
168911,545.049316
168912,545.716919
168913,546.371338
168914,547.013
168915,547.642151
168916,548.259094
168917,549.679688
168918,549.48407
168919,549.258972
168920,549.05188
168921,548.864014
168922,539.968018
168923,540.727417
168924,541.469971
168925,542.196411
168926,542.907349
168927,543.603394
168928,544.285217
168929,544.953308
168930,545.608154
168931,546.250305
168932,546.879944
168933,547.497437
168934,548.102966
168935,548.696655
168936,550.31897
168937,550.11145
168938,549.874756
168939,549.65625
168940,549.457153
168941,549.278625
168942,550.94574
168943,550.945679
168944,550.726685
168945,550.726624
168946,550.478577
168947,550.478516
168948,550.24884
168949,550.248779
168950,550.038635
168951,550.038574
168952,549.848938
168953,539.233276
168954,539.993164
168955,540.736145
168956,541.463074
168957,542.1745
168958,542.871033
168959,543.553345
168960,544.221863
168961,544.877197
168962,545.519714
168963,546.149841
168964,546.767822
168965,547.373901
168966,536.06427
168967,536.826416
168968,537.571716
168969,538.30072
168970,539.013916
168971,539.712219
168972,540.396301
168973,541.066833
168974,541.724426
168975,542.369324
168976,543.001709
168977,543.621765
168978,544.229797
168979,536.630005
168980,537.391479
168981,538.136353
168982,538.865051
168983,539.578125
168984,540.276184
168985,540.9599
168986,541.629944
168987,542.286987
168988,542.931335
168989,543.563354
168990,544.183228
168991,544.790955
168992,545.386841
168993,537.229858
168994,537.990906
168995,538.735229
168996,539.46344
168997,540.176208
168998,540.874023
168999,541.557495
169000,542.227173
169001,542.883667
169002,543.527527
169003,544.158997
169004,544.778442
169005,545.385864
169006,545.981445
169007,546.565308
169008,534.486572
169009,535.28479
169010,535.053162
169011,535.850952
169012,535.653687
169013,536.451111
169014,536.288391
169015,536.957153
169016,537.085388
169017,537.753723
169018,537.863831
169019,538.531738
169020,538.624512
169021,539.291992
169022,539.368347
169023,540.035461
169024,540.096069
169025,540.762756
169026,540.808411
169027,541.47467
169028,541.50592
169029,542.171753
169030,542.189087
169031,542.854492
169032,542.858459
169033,543.523438
169034,543.514526
169035,544.179138
169036,544.157837
169037,544.822021
169038,544.788818
169039,545.452576
169040,545.407715
169041,546.070984
169042,546.014709
169043,546.677551
169044,546.609924
169045,547.272278
169046,544.825928
169047,545.970947
169048,547.137512
169049,545.409851
169050,545.410278
169051,537.301819
169052,538.225525
169053,539.124634
169054,537.379211
169055,538.279114
169056,539.155579
169057,536.515076
169058,537.415771
169059,538.29303
169060,539.147827
169061,535.680908
169062,536.582336
169063,537.460266
169064,538.315796
169065,539.149963
169066,534.877686
169067,535.779785
169068,536.658325
169069,537.514526
169070,538.349304
169071,539.163818
169072,540.000183
169073,540.009583
169074,539.981323
169075,539.963806
169076,539.958862
169077,535.888245
169078,536.744995
169079,537.580383
169080,538.395447
169081,539.19104
169082,539.96814
169083,535.150879
169084,536.008057
169085,536.843994
169086,537.659546
169087,538.45575
169088,539.233337
169089,539.993286
169090,540.853455
169091,540.842346
169092,540.794495
169093,540.75824
169094,540.735413
169095,540.727539
169096,540.736267
169097,541.685364
169098,541.654785
169099,541.588257
169100,541.53418
169101,541.494263
169102,541.470093
169103,541.463074
169104,542.497009
169105,542.447815
169106,542.363586
169107,542.29248
169108,542.236206
169109,542.196411
169110,542.1745
169111,543.289307
169112,543.222412
169113,543.121216
169114,543.033875
169115,542.962097
169116,542.907349
169117,542.871033
169118,544.063171
169119,543.97937
169120,543.862
169121,543.759155
169122,543.672485
169123,543.603455
169124,543.553406
169125,544.819458
169126,544.719543
169127,544.58667
169128,544.468994
169129,544.368042
169130,544.285278
169131,544.222107
169132,545.558899
169133,545.443542
169134,545.295959
169135,545.164062
169136,545.049438
169137,544.953491
169138,544.877502
169139,546.282227
169140,546.152161
169141,545.990417
169142,545.844849
169143,545.717041
169144,545.608398
169145,545.520081
169146,532.831421
169147,533.669678
169148,534.487366
169149,535.2854
169150,536.064941
169151,536.826782
169152,537.571838
169153,538.30072
169154,533.39801
169155,534.235901
169156,535.053345
169157,535.851196
169158,536.630432
169159,537.391907
169160,538.136536
169161,538.865051
169162,539.578125
169163,533.999146
169164,534.836487
169165,535.653503
169166,536.451111
169167,537.230042
169168,537.991211
169169,538.735413
169170,539.463501
169171,540.176208
169172,540.874023
169173,535.304504
169174,535.471558
169175,536.140869
169176,536.288025
169177,536.956909
169178,537.085205
169179,537.753601
169180,537.863831
169181,538.531738
169182,538.624634
169183,539.292114
169184,539.36853
169185,540.035583
169186,540.096191
169187,540.762817
169188,540.808411
169189,541.47467
169190,541.505859
169191,542.171631
169192,542.189087
169193,542.854492
169194,539.013977
169195,540.276306
169196,541.557678
169197,542.858643
169198,543.523621
169199,539.712402
169200,540.960266
169201,542.2276
169202,543.515015
169203,544.179504
169204,540.396729
169205,541.630554
169206,542.884338
169207,544.158508
169208,544.822571
169209,541.067505
169210,542.287659
169211,543.528198
169212,544.789429
169213,545.453125
169214,546.990173
169215,546.845947
169216,546.670593
169217,546.511963
169218,546.37146
169219,546.250427
169220,546.150085
169221,541.724976
169222,542.931885
169223,544.159485
169224,545.408142
169225,546.07135
169226,547.68335
169227,547.525513
169228,547.337097
169229,547.165771
169230,547.013
169231,546.879944
169232,546.767822
169233,542.369324
169234,543.563354
169235,544.778442
169236,546.014709
169237,546.677551
169238,548.362244
169239,548.191406
169240,547.990356
169241,547.806763
169242,547.641968
169243,547.497253
169244,547.373596
169245,543.000916
169246,544.182495
169247,545.385315
169248,546.609436
169249,547.271912
169250,549.027527
169251,548.844055
169252,548.630798
169253,548.435242
169254,548.258789
169255,548.1026
169256,547.96759
169257,543.620361
169258,544.789734
169259,545.980408
169260,547.192566
169261,547.854675
169262,549.679565
169263,549.483948
169264,549.258789
169265,549.051575
169266,548.863708
169267,548.696167
169268,548.549988
169269,544.228088
169270,545.385315
169271,546.564026
169272,548.425964
169273,550.318848
169274,550.111328
169275,549.874573
169276,549.656006
169277,549.456848
169278,549.278198
169279,549.121033
169280,544.824341
169281,545.969604
169282,548.985962
169283,550.945679
169284,550.726562
169285,550.478455
169286,550.248718
169287,550.038452
169288,549.848816
169289,545.409241
169290,540.853333
169291,541.685303
169292,542.496948
169293,543.289307
169294,544.063171
169295,544.819458
169296,545.558899
169297,539.155457
169298,540.009521
169299,540.842224
169300,541.654663
169301,542.447754
169302,543.222412
169303,543.97937
169304,544.719543
169305,545.443542
169306,537.460205
169307,538.292969
169308,538.315735
169309,539.147766
169310,539.149902
169311,539.981262
169312,540.794373
169313,541.588196
169314,542.363525
169315,543.121216
169316,543.862
169317,544.586731
169318,545.295959
169319,546.282288
169320,546.152161
169321,545.990356
169322,539.963745
169323,540.758118
169324,541.534119
169325,542.292419
169326,543.033875
169327,543.759155
169328,544.468994
169329,545.164001
169330,545.844788
169331,546.990173
169332,546.845947
169333,546.670532
169334,546.511841
169335,547.68335
169336,547.525513
169337,547.337097
169338,547.165771
169339,548.362305
169340,548.191467
169341,547.990417
169342,547.806824
169343,549.027588
169344,548.844177
169345,548.63092
169346,548.435425
169347,549.679688
169348,549.48407
169349,549.258972
169350,549.051819
169351,535.779785
169352,536.658325
169353,537.514526
169354,538.349304
169355,540.735291
169356,541.494141
169357,542.236206
169358,542.962036
169359,543.672485
169360,544.368042
169361,545.049316
169362,545.716919
169363,546.371338
169364,547.012939
169365,547.64209
169366,548.259033
169367,548.864014
169368,550.31897
169369,550.11145
169370,549.874756
169371,549.65625
169372,549.457214
169373,539.968079
169374,540.727478
169375,541.469971
169376,542.196411
169377,542.907349
169378,543.603394
169379,544.285217
169380,544.953308
169381,545.608154
169382,546.250244
169383,546.879883
169384,547.497375
169385,548.102905
169386,548.696594
169387,549.278687
169388,550.94574
169389,550.726685
169390,550.478638
169391,550.248901
169392,550.038696
169393,551.560364
169394,551.560364
169395,551.329956
169396,551.329895
169397,551.070679
169398,551.070618
169399,550.829834
169400,550.829773
169401,550.608521
169402,535.471985
169403,536.141174
169404,537.659668
169405,538.455811
169406,539.233337
169407,539.993164
169408,540.736206
169409,541.463074
169410,542.1745
169411,542.871094
169412,543.553406
169413,544.221924
169414,544.877197
169415,545.519714
169416,546.14978
169417,546.7677
169418,547.373779
169419,547.968018
169420,536.064453
169421,536.826233
169422,537.571472
169423,538.300598
169424,539.014038
169425,539.712402
169426,540.396362
169427,541.066711
169428,541.724121
169429,542.368896
169430,543.001404
169431,543.621643
169432,544.229736
169433,544.825989
169434,536.630249
169435,537.391602
169436,538.13623
169437,538.864868
169438,539.578064
169439,540.276306
169440,540.960022
169441,541.630005
169442,542.286865
169443,542.931091
169444,543.563049
169445,544.182922
169446,544.790771
169447,545.38678
169448,545.971008
169449,537.22998
169450,537.991089
169451,538.735291
169452,539.463379
169453,540.176147
169454,540.874084
169455,541.557617
169456,542.227356
169457,542.883728
169458,543.527405
169459,544.158813
169460,544.778137
169461,545.38562
169462,545.981323
169463,546.565247
169464,547.137573
169465,534.487
169466,535.285156
169467,535.053345
169468,535.851135
169469,535.653809
169470,536.451172
169471,536.288452
169472,536.957214
169473,537.085388
169474,537.753723
169475,537.863892
169476,538.531738
169477,538.624634
169478,539.292053
169479,539.368469
169480,540.035522
169481,540.09613
169482,540.762817
169483,540.808411
169484,541.47467
169485,541.50592
169486,542.171692
169487,542.189148
169488,542.854492
169489,542.858582
169490,543.52356
169491,543.514648
169492,544.17926
169493,544.157898
169494,544.822083
169495,544.788757
169496,545.452515
169497,545.407471
169498,546.070862
169499,546.014465
169500,546.677368
169501,546.60968
169502,547.272095
169503,545.410522
169504,546.543579
169505,538.225525
169506,539.124573
169507,540.000183
169508,537.379211
169509,538.279114
169510,539.155518
169511,540.009583
169512,536.515076
169513,537.415771
169514,538.292969
169515,539.147827
169516,539.981323
169517,535.680908
169518,536.582275
169519,537.460205
169520,538.315735
169521,539.149902
169522,539.963806
169523,535.779785
169524,536.658325
169525,537.514465
169526,538.349304
169527,539.163757
169528,539.958862
169529,540.853394
169530,540.842346
169531,540.794495
169532,540.75824
169533,540.735413
169534,535.888245
169535,536.744934
169536,537.580322
169537,538.395386
169538,539.19104
169539,539.96814
169540,540.727539
169541,535.15094
169542,536.008118
169543,536.843933
169544,537.659485
169545,538.455688
169546,539.233337
169547,539.993286
169548,540.736267
169549,541.685364
169550,541.654785
169551,541.588257
169552,541.53418
169553,541.494263
169554,541.470093
169555,541.463074
169556,542.497009
169557,542.447815
169558,542.363586
169559,542.29248
169560,542.236267
169561,542.196411
169562,542.174438
169563,543.289307
169564,543.222412
169565,543.121216
169566,543.033875
169567,542.962097
169568,542.907349
169569,542.871033
169570,544.063171
169571,543.97937
169572,543.862
169573,543.759155
169574,543.672485
169575,543.603394
169576,543.553406
169577,544.819458
169578,544.719543
169579,544.58667
169580,544.468994
169581,544.368042
169582,544.285278
169583,544.222046
169584,545.558899
169585,545.443542
169586,545.295959
169587,545.164062
169588,545.049438
169589,544.953491
169590,544.877502
169591,546.282227
169592,546.152161
169593,545.990417
169594,545.844849
169595,545.717102
169596,545.608398
169597,545.520081
169598,546.990173
169599,546.845947
169600,546.670593
169601,546.511963
169602,546.37146
169603,546.250488
169604,546.150146
169605,532.831055
169606,533.669373
169607,534.487244
169608,535.285461
169609,536.064941
169610,536.826782
169611,537.571716
169612,538.300598
169613,539.014038
169614,533.397888
169615,534.235657
169616,535.053162
169617,535.851135
169618,536.630432
169619,537.391968
169620,538.136536
169621,538.86499
169622,539.578003
169623,540.276306
169624,534.836365
169625,535.65332
169626,536.450928
169627,537.22998
169628,537.991211
169629,538.735474
169630,539.463501
169631,540.176086
169632,540.873962
169633,541.557617
169634,535.304626
169635,535.471619
169636,536.140869
169637,536.287964
169638,536.956848
169639,537.085083
169640,537.753479
169641,537.863708
169642,538.531616
169643,538.624634
169644,539.292053
169645,539.36853
169646,540.035583
169647,540.096191
169648,540.762817
169649,540.808411
169650,541.474609
169651,541.505798
169652,542.171631
169653,542.189026
169654,542.854431
169655,542.858582
169656,543.52356
169657,539.712585
169658,540.960266
169659,542.2276
169660,543.514954
169661,544.179443
169662,540.39679
169663,541.630554
169664,542.884338
169665,544.158447
169666,544.822571
169667,541.067444
169668,542.287659
169669,543.528259
169670,544.78949
169671,545.453125
169672,541.724976
169673,542.931946
169674,544.159607
169675,545.408264
169676,546.071472
169677,547.68335
169678,547.525574
169679,547.337158
169680,547.165833
169681,547.013062
169682,546.880066
169683,546.768005
169684,542.369568
169685,543.56366
169686,544.778687
169687,546.014893
169688,546.677734
169689,548.362305
169690,548.191467
169691,547.990417
169692,547.806824
169693,547.64209
169694,547.497375
169695,547.373779
169696,543.001404
169697,544.182922
169698,545.38562
169699,546.60968
169700,547.272095
169701,549.027527
169702,548.844116
169703,548.630859
169704,548.435303
169705,548.25885
169706,548.102661
169707,547.967712
169708,543.620789
169709,544.790039
169710,545.980713
169711,547.19281
169712,547.854797
169713,549.679565
169714,549.483948
169715,549.258789
169716,549.051636
169717,548.863708
169718,548.696228
169719,548.550049
169720,544.22821
169721,545.385437
169722,546.564148
169723,547.764404
169724,548.426025
169725,550.318787
169726,550.111328
169727,549.874573
169728,549.656006
169729,549.456848
169730,549.278198
169731,549.120972
169732,544.824158
169733,545.969421
169734,548.985901
169735,550.945618
169736,550.726562
169737,550.478394
169738,550.248657
169739,550.038391
169740,549.848694
169741,549.680481
169742,545.408813
169743,549.534485
169744,551.560303
169745,551.329834
169746,551.070557
169747,550.829712
169748,550.608459
169749,540.000122
169750,540.853333
169751,541.685303
169752,542.496948
169753,543.289307
169754,544.063171
169755,544.819458
169756,545.558899
169757,546.282288
169758,539.155518
169759,540.009521
169760,540.842285
169761,541.654663
169762,542.447754
169763,543.222412
169764,543.97937
169765,544.719543
169766,545.443542
169767,546.152161
169768,538.315796
169769,539.147827
169770,539.149902
169771,539.981262
169772,540.794434
169773,541.588196
169774,542.363525
169775,543.121155
169776,543.862
169777,544.586731
169778,545.295959
169779,545.990356
169780,546.990173
169781,546.845947
169782,546.670532
169783,539.963745
169784,540.758179
169785,541.534119
169786,542.292419
169787,543.033875
169788,543.759155
169789,544.468994
169790,545.164001
169791,545.844788
169792,546.511841
169793,547.683289
169794,547.525513
169795,547.337036
169796,547.16571
169797,548.362244
169798,548.191406
169799,547.990356
169800,547.806763
169801,549.027527
169802,548.844116
169803,548.630859
169804,548.435364
169805,549.679626
169806,549.484009
169807,549.258911
169808,549.051819
169809,550.31897
169810,550.11145
169811,549.874756
169812,549.65625
169813,537.514526
169814,537.580505
169815,538.349365
169816,538.395508
169817,539.163818
169818,540.735291
169819,541.494202
169820,542.236206
169821,542.962036
169822,543.672485
169823,544.368042
169824,545.049377
169825,545.716919
169826,546.371277
169827,547.012878
169828,547.641968
169829,548.258972
169830,548.863953
169831,549.457153
169832,550.94574
169833,550.726685
169834,550.478638
169835,550.248901
169836,550.038757
169837,539.96814
169838,540.727478
169839,541.469971
169840,542.196411
169841,542.907349
169842,543.603455
169843,544.285278
169844,544.953369
169845,545.608154
169846,546.250183
169847,546.879822
169848,547.497253
169849,548.102783
169850,548.696533
169851,549.278625
169852,551.560425
169853,551.329956
169854,551.07074
169855,550.829895
169856,552.163086
169857,552.163025
169858,551.921448
169859,551.921387
169860,551.651123
169861,551.651062
169862,551.399231
169863,534.836975
169864,535.472046
169865,536.141235
169866,536.844177
169867,537.659729
169868,538.455811
169869,539.19104
169870,539.233337
169871,539.993225
169872,540.736206
169873,541.463074
169874,542.1745
169875,542.871094
169876,543.553406
169877,544.221985
169878,544.877258
169879,545.519714
169880,546.149719
169881,546.767578
169882,547.373596
169883,547.967896
169884,536.064758
169885,536.826416
169886,537.57135
169887,538.300354
169888,539.013977
169889,539.712524
169890,540.396606
169891,541.066833
169892,541.723999
169893,542.36853
169894,543.000916
169895,543.621277
169896,544.229553
169897,544.825928
169898,545.410522
169899,536.630371
169900,537.391846
169901,538.136353
169902,538.864807
169903,539.577942
169904,540.276306
169905,540.960205
169906,541.630249
169907,542.286987
169908,542.930969
169909,543.562744
169910,544.182495
169911,544.790466
169912,545.386597
169913,545.970947
169914,546.54364
169915,537.230042
169916,537.991211
169917,538.735413
169918,539.46344
169919,540.176086
169920,540.874023
169921,541.557678
169922,542.227478
169923,542.883911
169924,543.527527
169925,544.158691
169926,544.777893
169927,545.385315
169928,545.981018
169929,546.565063
169930,547.137512
169931,534.487244
169932,535.2854
169933,535.053467
169934,535.851196
169935,535.653809
169936,536.451172
169937,536.288452
169938,536.957214
169939,537.085388
169940,537.753723
169941,537.863892
169942,538.531799
169943,538.624634
169944,539.292114
169945,539.36853
169946,540.035583
169947,540.096191
169948,540.762817
169949,540.808411
169950,541.47467
169951,541.505859
169952,542.171692
169953,542.189148
169954,542.854492
169955,542.858643
169956,543.523621
169957,543.514832
169958,544.179382
169959,544.158081
169960,544.822205
169961,544.788818
169962,545.452576
169963,545.40741
169964,546.070801
169965,546.014221
169966,546.677185
169967,546.609436
169968,547.271912
169969,545.983459
169970,538.225525
169971,539.124573
169972,540.000183
169973,540.853394
169974,537.379211
169975,538.279114
169976,539.155518
169977,540.009583
169978,540.842346
169979,536.515076
169980,537.415771
169981,538.292969
169982,539.147766
169983,539.981262
169984,540.794434
169985,536.582336
169986,537.460205
169987,538.315674
169988,539.149902
169989,539.963745
169990,540.75824
169991,535.779846
169992,536.658325
169993,537.514465
169994,538.349243
169995,539.163696
169996,539.958801
169997,540.735352
169998,541.685364
169999,541.654785
170000,541.588257
170001,541.53418
170002,541.494263
170003,535.888306
170004,536.744995
170005,537.580322
170006,538.395325
170007,539.190979
170008,539.96814
170009,540.727539
170010,541.470093
170011,535.151001
170012,536.008179
170013,536.843994
170014,537.659485
170015,538.455627
170016,539.233276
170017,539.993225
170018,540.736267
170019,541.463074
170020,542.497009
170021,542.447815
170022,542.363586
170023,542.29248
170024,542.236267
170025,542.196411
170026,542.174438
170027,543.289368
170028,543.222473
170029,543.121216
170030,543.033875
170031,542.962097
170032,542.907288
170033,542.870972
170034,544.063232
170035,543.979431
170036,543.862061
170037,543.759155
170038,543.672485
170039,543.603394
170040,543.553345
170041,544.819458
170042,544.719543
170043,544.586731
170044,544.468994
170045,544.368042
170046,544.285278
170047,544.221985
170048,545.558899
170049,545.443542
170050,545.295959
170051,545.164062
170052,545.049377
170053,544.95343
170054,544.877441
170055,546.282227
170056,546.152161
170057,545.990417
170058,545.844849
170059,545.717041
170060,545.608398
170061,545.520081
170062,546.990173
170063,546.845947
170064,546.670593
170065,546.511963
170066,546.371521
170067,546.250488
170068,546.150208
170069,547.68335
170070,547.525574
170071,547.337158
170072,547.165833
170073,547.013062
170074,546.880127
170075,546.768066
170076,532.830872
170077,533.669006
170078,534.487
170079,535.2854
170080,536.065002
170081,536.826782
170082,537.571716
170083,538.300476
170084,539.013916
170085,539.712524
170086,534.235474
170087,535.052856
170088,535.850952
170089,536.630371
170090,537.391968
170091,538.136536
170092,538.864929
170093,539.577942
170094,540.276184
170095,540.960205
170096,534.836487
170097,535.653259
170098,536.450745
170099,537.229858
170100,537.991211
170101,538.735474
170102,539.463501
170103,540.176086
170104,540.87384
170105,541.557495
170106,542.227478
170107,535.304749
170108,535.471741
170109,536.140991
170110,536.288025
170111,536.956909
170112,537.085022
170113,537.753418
170114,537.863586
170115,538.531555
170116,538.624512
170117,539.291992
170118,539.36853
170119,540.035583
170120,540.096252
170121,540.762878
170122,540.808411
170123,541.47467
170124,541.505737
170125,542.17157
170126,542.188904
170127,542.854309
170128,542.858459
170129,543.523438
170130,543.514832
170131,544.179382
170132,540.396912
170133,541.630554
170134,542.884277
170135,544.158386
170136,544.822449
170137,541.067505
170138,542.287659
170139,543.528198
170140,544.789429
170141,545.453125
170142,541.724976
170143,542.931946
170144,544.159668
170145,545.408264
170146,546.071472
170147,542.369629
170148,543.563782
170149,544.778809
170150,546.015076
170151,546.677795
170152,548.362305
170153,548.191467
170154,547.990417
170155,547.806885
170156,547.642151
170157,547.497437
170158,547.373901
170159,543.001709
170160,544.183228
170161,545.385864
170162,546.609924
170163,547.272278
170164,549.027527
170165,548.844116
170166,548.630859
170167,548.435364
170168,548.258972
170169,548.102783
170170,547.967896
170171,543.621277
170172,544.790466
170173,545.981018
170174,547.193054
170175,547.855042
170176,549.679565
170177,549.483948
170178,549.258789
170179,549.051697
170180,548.86377
170181,548.696289
170182,548.550171
170183,544.228638
170184,545.385803
170185,546.564453
170186,547.764587
170187,548.426208
170188,550.318848
170189,550.111328
170190,549.874573
170191,549.656006
170192,549.456848
170193,549.278198
170194,549.121033
170195,544.824341
170196,545.969604
170197,547.136353
170198,548.985962
170199,550.945618
170200,550.726501
170201,550.478394
170202,550.248596
170203,550.03833
170204,549.848633
170205,549.68042
170206,545.40863
170207,549.534424
170208,551.560242
170209,551.329834
170210,551.070496
170211,550.829651
170212,550.608337
170213,550.407715
170214,552.162964
170215,551.921387
170216,551.651001
170217,551.39917
170218,540.000122
170219,540.853333
170220,541.685303
170221,542.496948
170222,543.289307
170223,544.063171
170224,544.819458
170225,545.558899
170226,546.282288
170227,546.990173
170228,540.009583
170229,540.842285
170230,541.654724
170231,542.447754
170232,543.222351
170233,543.97937
170234,544.719543
170235,545.443542
170236,546.152161
170237,546.845947
170238,538.315796
170239,539.147827
170240,539.149963
170241,539.981323
170242,540.794434
170243,541.588196
170244,542.363525
170245,543.121155
170246,543.862
170247,544.58667
170248,545.295959
170249,545.990356
170250,546.670532
170251,547.683289
170252,547.525513
170253,547.337036
170254,539.963806
170255,540.758179
170256,541.534119
170257,542.292419
170258,543.033875
170259,543.759155
170260,544.468994
170261,545.164062
170262,545.844788
170263,546.511841
170264,547.16571
170265,548.362244
170266,548.191406
170267,547.990356
170268,547.806702
170269,549.027527
170270,548.844116
170271,548.630859
170272,548.435303
170273,549.679626
170274,549.484009
170275,549.25885
170276,549.051758
170277,550.318909
170278,550.11145
170279,549.874695
170280,549.656189
170281,550.94574
170282,550.726685
170283,550.478638
170284,550.248901
170285,537.514587
170286,537.580505
170287,538.349365
170288,538.395508
170289,539.163818
170290,539.958862
170291,540.735352
170292,541.494202
170293,542.236206
170294,542.962036
170295,543.672485
170296,544.368042
170297,545.049377
170298,545.71698
170299,546.371338
170300,547.012817
170301,547.641907
170302,548.25885
170303,548.863892
170304,549.457092
170305,550.038696
170306,551.560425
170307,551.330017
170308,551.07074
170309,550.829895
170310,539.96814
170311,540.727539
170312,541.470032
170313,542.196411
170314,542.907349
170315,543.603455
170316,544.285278
170317,544.95343
170318,545.608215
170319,546.250244
170320,546.879761
170321,547.497192
170322,548.102661
170323,548.696411
170324,552.163147
170325,551.921509
170326,551.651184
170327,552.754028
170328,552.754028
170329,552.501404
170330,552.501343
170331,552.220093
170332,552.220032
170333,534.236267
170334,533.999756
170335,534.836975
170336,535.472046
170337,536.141235
170338,536.844238
170339,537.659729
170340,538.455811
170341,539.191101
170342,539.233398
170343,539.993286
170344,540.736267
170345,541.463074
170346,542.1745
170347,542.871094
170348,543.553406
170349,544.222046
170350,544.87738
170351,545.519836
170352,546.14978
170353,546.767578
170354,547.373474
170355,547.967712
170356,536.065002
170357,536.826721
170358,537.571472
170359,538.300232
170360,539.013794
170361,539.712585
170362,540.396851
170363,541.067139
170364,541.724121
170365,542.368408
170366,543.000549
170367,543.620789
170368,544.229187
170369,544.825745
170370,545.410522
170371,545.983521
170372,536.630432
170373,537.391968
170374,538.136536
170375,538.864868
170376,539.577881
170377,540.276245
170378,540.960266
170379,541.630432
170380,542.28717
170381,542.931091
170382,543.562622
170383,544.18219
170384,544.790039
170385,545.38623
170386,545.970764
170387,546.543579
170388,537.230042
170389,537.991211
170390,538.735474
170391,539.463562
170392,540.176147
170393,540.873962
170394,541.557678
170395,542.2276
170396,542.884155
170397,543.52771
170398,544.158813
170399,544.777771
170400,545.38501
170401,545.980713
170402,546.564758
170403,547.137329
170404,534.487366
170405,535.285461
170406,535.053467
170407,535.851196
170408,535.653809
170409,536.451172
170410,536.288452
170411,536.957214
170412,537.085388
170413,537.753723
170414,537.863892
170415,538.531799
170416,538.624634
170417,539.292114
170418,539.36853
170419,540.035583
170420,540.096252
170421,540.762878
170422,540.808472
170423,541.47467
170424,541.50592
170425,542.171692
170426,542.189148
170427,542.854492
170428,542.858704
170429,543.523621
170430,543.514954
170431,544.179443
170432,544.158264
170433,544.822327
170434,544.78894
170435,545.452698
170436,545.407471
170437,546.070862
170438,546.01416
170439,546.677124
170440,546.609192
170441,547.271729
170442,538.225525
170443,539.124512
170444,540.000122
170445,540.853394
170446,541.685364
170447,537.379211
170448,538.279114
170449,539.155518
170450,540.009521
170451,540.842285
170452,541.654724
170453,537.415771
170454,538.292908
170455,539.147766
170456,539.981262
170457,540.794434
170458,541.588257
170459,536.582336
170460,537.460205
170461,538.315674
170462,539.149841
170463,539.963745
170464,540.758179
170465,541.53418
170466,536.658386
170467,537.514465
170468,538.349243
170469,539.163696
170470,539.95874
170471,540.735352
170472,541.494263
170473,542.497009
170474,542.447815
170475,542.363586
170476,542.29248
170477,542.236267
170478,535.888367
170479,536.745056
170480,537.580322
170481,538.395325
170482,539.190918
170483,539.968079
170484,540.727539
170485,541.470093
170486,542.196411
170487,536.00824
170488,536.844055
170489,537.659485
170490,538.455566
170491,539.233215
170492,539.993164
170493,540.736267
170494,541.463135
170495,542.174438
170496,543.289368
170497,543.222473
170498,543.121216
170499,543.033875
170500,542.962097
170501,542.907288
170502,542.870972
170503,544.063232
170504,543.979431
170505,543.862061
170506,543.759155
170507,543.672424
170508,543.603394
170509,543.553284
170510,544.819458
170511,544.719543
170512,544.586731
170513,544.468994
170514,544.368042
170515,544.285217
170516,544.221924
170517,545.558899
170518,545.443542
170519,545.295959
170520,545.164062
170521,545.049377
170522,544.95343
170523,544.87738
170524,546.282227
170525,546.152161
170526,545.990417
170527,545.844849
170528,545.717041
170529,545.608337
170530,545.52002
170531,546.990173
170532,546.845947
170533,546.670593
170534,546.511963
170535,546.37146
170536,546.250488
170537,546.150146
170538,547.68335
170539,547.525574
170540,547.337158
170541,547.165833
170542,547.013062
170543,546.880127
170544,546.768066
170545,548.362305
170546,548.191467
170547,547.990479
170548,547.806885
170549,547.642151
170550,547.497498
170551,547.373962
170552,533.668823
170553,534.486572
170554,535.285156
170555,536.065002
170556,536.826904
170557,537.571716
170558,538.300415
170559,539.013794
170560,539.712402
170561,540.396851
170562,534.235657
170563,535.052734
170564,535.850708
170565,536.630249
170566,537.391968
170567,538.136597
170568,538.86499
170569,539.577881
170570,540.276001
170571,540.960022
170572,541.630432
170573,534.83667
170574,535.65332
170575,536.450684
170576,537.229675
170577,537.991089
170578,538.735474
170579,539.463562
170580,540.176086
170581,540.87384
170582,541.557373
170583,542.227356
170584,542.884155
170585,535.471924
170586,536.141113
170587,536.288208
170588,536.95697
170589,537.085083
170590,537.753479
170591,537.863525
170592,538.531494
170593,538.624451
170594,539.291931
170595,539.368469
170596,540.035522
170597,540.096252
170598,540.762878
170599,540.808472
170600,541.47467
170601,541.505798
170602,542.171631
170603,542.188904
170604,542.854309
170605,542.858337
170606,543.523376
170607,543.514648
170608,544.17926
170609,544.158264
170610,544.822327
170611,541.067566
170612,542.287659
170613,543.528137
170614,544.789368
170615,545.453003
170616,541.724976
170617,542.931946
170618,544.159607
170619,545.408264
170620,546.071472
170621,542.369629
170622,543.563782
170623,544.77887
170624,546.015076
170625,546.677856
170626,543.001831
170627,544.18335
170628,545.386047
170629,546.610046
170630,547.2724
170631,549.027588
170632,548.844177
170633,548.63092
170634,548.435425
170635,548.259033
170636,548.102905
170637,547.968018
170638,543.621643
170639,544.790771
170640,545.981323
170641,547.193298
170642,547.855225
170643,549.679626
170644,549.484009
170645,549.25885
170646,549.051758
170647,548.863892
170648,548.696411
170649,548.550354
170650,544.229187
170651,545.38623
170652,546.564758
170653,547.764893
170654,548.426453
170655,550.318848
170656,550.111328
170657,549.874634
170658,549.656067
170659,549.456909
170660,549.27832
170661,549.121155
170662,544.824768
170663,545.969971
170664,547.136658
170665,548.986145
170666,550.945618
170667,550.726562
170668,550.478394
170669,550.248657
170670,550.038391
170671,549.848694
170672,549.680481
170673,545.408813
170674,546.542175
170675,549.534485
170676,551.560242
170677,551.329773
170678,551.070496
170679,550.82959
170680,550.608337
170681,550.407654
170682,552.162964
170683,551.921326
170684,551.65094
170685,551.399109
170686,551.16687
170687,552.753967
170688,552.501282
170689,552.219971
170690,540.853394
170691,541.685303
170692,542.496948
170693,543.289307
170694,544.063171
170695,544.819458
170696,545.558899
170697,546.282227
170698,546.990173
170699,547.683289
170700,540.009583
170701,540.842346
170702,541.654724
170703,542.447754
170704,543.222412
170705,543.97937
170706,544.719543
170707,545.443542
170708,546.152161
170709,546.845947
170710,547.525513
170711,538.315857
170712,539.147827
170713,539.149963
170714,539.981323
170715,540.794434
170716,541.588257
170717,542.363525
170718,543.121155
170719,543.862
170720,544.58667
170721,545.295959
170722,545.990356
170723,546.670593
170724,547.337036
170725,548.362244
170726,548.191406
170727,547.990356
170728,539.963806
170729,540.75824
170730,541.53418
170731,542.292419
170732,543.033875
170733,543.759155
170734,544.468994
170735,545.164062
170736,545.844849
170737,546.511902
170738,547.16571
170739,547.806702
170740,549.027527
170741,548.844055
170742,548.630798
170743,548.435242
170744,549.679565
170745,549.483948
170746,549.258789
170747,549.051697
170748,550.318909
170749,550.111389
170750,549.874695
170751,549.656128
170752,550.94574
170753,550.726685
170754,550.478577
170755,550.24884
170756,551.560425
170757,551.329956
170758,551.07074
170759,537.514587
170760,537.580505
170761,538.349426
170762,538.395508
170763,539.163818
170764,539.958862
170765,540.735352
170766,541.494202
170767,542.236206
170768,542.962036
170769,543.672485
170770,544.368042
170771,545.049377
170772,545.717041
170773,546.371338
170774,547.012878
170775,547.641907
170776,548.258789
170777,548.86377
170778,549.457031
170779,552.163147
170780,551.921509
170781,551.651184
170782,539.96814
170783,540.727539
170784,541.470032
170785,542.196411
170786,542.907349
170787,543.603455
170788,544.285278
170789,544.95343
170790,545.608276
170791,546.250305
170792,546.879822
170793,547.497131
170794,548.1026
170795,548.696289
170796,552.754089
170797,552.501404
170798,552.220154
170799,553.333435
170800,553.333374
170801,553.069763
170802,553.069702
170803,533.6698
170804,533.398682
170805,534.236267
170806,533.999756
170807,534.836975
170808,535.472046
170809,536.141235
170810,536.844238
170811,537.659729
170812,538.455811
170813,539.191101
170814,539.233398
170815,539.993286
170816,540.736267
170817,541.463135
170818,542.1745
170819,542.871094
170820,543.553406
170821,544.222107
170822,544.877441
170823,545.519897
170824,546.149841
170825,546.767578
170826,547.373413
170827,547.96759
170828,536.065002
170829,536.826904
170830,537.571716
170831,538.300354
170832,539.013672
170833,539.712402
170834,540.396912
170835,541.067383
170836,541.724426
170837,542.36853
170838,543.000427
170839,543.620361
170840,544.228638
170841,544.825317
170842,545.410278
170843,545.983459
170844,536.630432
170845,537.391968
170846,538.136597
170847,538.865051
170848,539.577942
170849,540.276184
170850,540.960266
170851,541.630554
170852,542.287476
170853,542.931335
170854,543.562744
170855,544.182068
170856,544.789734
170857,545.385803
170858,545.970398
170859,546.543396
170860,537.230042
170861,537.991211
170862,538.735474
170863,539.463623
170864,540.176208
170865,540.874023
170866,541.557617
170867,542.2276
170868,542.884277
170869,543.527954
170870,544.158997
170871,544.777893
170872,545.384949
170873,545.980408
170874,547.137024
170875,534.487305
170876,535.2854
170877,535.053467
170878,535.851196
170879,535.653809
170880,536.451172
170881,536.288391
170882,536.957153
170883,537.085388
170884,537.753723
170885,537.863892
170886,538.531799
170887,538.624634
170888,539.292114
170889,539.36853
170890,540.035583
170891,540.096252
170892,540.762878
170893,540.808472
170894,541.47467
170895,541.50592
170896,542.171753
170897,542.189148
170898,542.854492
170899,542.858704
170900,543.523621
170901,543.515015
170902,544.179504
170903,544.158386
170904,544.822449
170905,544.789185
170906,545.452881
170907,545.407715
170908,546.070984
170909,546.014221
170910,546.677185
170911,546.609131
170912,547.271667
170913,538.225525
170914,539.124512
170915,540.000122
170916,540.853333
170917,541.685303
170918,542.497009
170919,538.279114
170920,539.155457
170921,540.009521
170922,540.842285
170923,541.654724
170924,542.447815
170925,537.415771
170926,538.292969
170927,539.147705
170928,539.981201
170929,540.794434
170930,541.588257
170931,542.363586
170932,537.460266
170933,538.315674
170934,539.149841
170935,539.963684
170936,540.758179
170937,541.53418
170938,542.29248
170939,536.658447
170940,537.514526
170941,538.349243
170942,539.163635
170943,539.95874
170944,540.735291
170945,541.494202
170946,542.236206
170947,543.289368
170948,543.222473
170949,543.121216
170950,543.033875
170951,542.962097
170952,536.745117
170953,537.580383
170954,538.395325
170955,539.190918
170956,539.968018
170957,540.727478
170958,541.470032
170959,542.196411
170960,542.907288
170961,536.008301
170962,536.844116
170963,537.659546
170964,538.455627
170965,539.233215
170966,539.993164
170967,540.736206
170968,541.463135
170969,542.1745
170970,542.870972
170971,544.063232
170972,543.979431
170973,543.862061
170974,543.759155
170975,543.672424
170976,543.603333
170977,543.553284
170978,544.819519
170979,544.719543
170980,544.586731
170981,544.468994
170982,544.367981
170983,544.285217
170984,544.221863
170985,545.558899
170986,545.443542
170987,545.295959
170988,545.164001
170989,545.049377
170990,544.953369
170991,544.877258
170992,546.282227
170993,546.152161
170994,545.990356
170995,545.844849
170996,545.717041
170997,545.608276
170998,545.519897
170999,546.990173
171000,546.845947
171001,546.670593
171002,546.511963
171003,546.37146
171004,546.250427
171005,546.150085
171006,547.68335
171007,547.525574
171008,547.337158
171009,547.165833
171010,547.013062
171011,546.880127
171012,546.768066
171013,548.362305
171014,548.191467
171015,547.990479
171016,547.806885
171017,547.642212
171018,547.497559
171019,547.374023
171020,549.027588
171021,548.844177
171022,548.63092
171023,548.435486
171024,548.259094
171025,548.102966
171026,547.96814
171027,533.669006
171028,534.486389
171029,535.28479
171030,536.064758
171031,536.826904
171032,537.571838
171033,538.300476
171034,539.013672
171035,539.712219
171036,540.396606
171037,541.067383
171038,534.235901
171039,535.052856
171040,535.850586
171041,536.630005
171042,537.391846
171043,538.136597
171044,538.865051
171045,539.577942
171046,540.27594
171047,540.9599
171048,541.630249
171049,542.287476
171050,534.836853
171051,535.653503
171052,536.450745
171053,537.229614
171054,537.990906
171055,538.735413
171056,539.463623
171057,540.176208
171058,540.87384
171059,541.557312
171060,542.227173
171061,542.883911
171062,543.527954
171063,535.471985
171064,536.141174
171065,536.28833
171066,536.957092
171067,537.085205
171068,537.753601
171069,537.863586
171070,538.531555
171071,538.62439
171072,539.291931
171073,539.368347
171074,540.035461
171075,540.096191
171076,540.762817
171077,540.808472
171078,541.47467
171079,541.505859
171080,542.171631
171081,542.188904
171082,542.854309
171083,542.858276
171084,543.523315
171085,543.514526
171086,544.179138
171087,544.158081
171088,544.822205
171089,544.789185
171090,545.452881
171091,541.724976
171092,542.931885
171093,544.159485
171094,545.408142
171095,546.07135
171096,542.369629
171097,543.563782
171098,544.778809
171099,546.015076
171100,546.677795
171101,543.001831
171102,544.183411
171103,545.386108
171104,546.610107
171105,547.272461
171106,543.621765
171107,544.790955
171108,545.981445
171109,547.19342
171110,547.855347
171111,549.679626
171112,549.484009
171113,549.258911
171114,549.051819
171115,548.863953
171116,548.696533
171117,548.550476
171118,544.229553
171119,545.386597
171120,546.565063
171121,547.765137
171122,548.426636
171123,550.318909
171124,550.111389
171125,549.874695
171126,549.656128
171127,549.457031
171128,549.278442
171129,549.121338
171130,544.825317
171131,545.970398
171132,547.137024
171133,548.986389
171134,550.945679
171135,550.726562
171136,550.478455
171137,550.248718
171138,550.038452
171139,549.848816
171140,549.680603
171141,545.409241
171142,546.542542
171143,549.534668
171144,551.560242
171145,551.329834
171146,551.070496
171147,550.829651
171148,550.608337
171149,550.407715
171150,545.98175
171151,552.162964
171152,551.921326
171153,551.65094
171154,551.399109
171155,551.16687
171156,552.753906
171157,552.501221
171158,552.21991
171159,551.957153
171160,553.333313
171161,553.069702
171162,540.853394
171163,541.685364
171164,542.497009
171165,543.289307
171166,544.063171
171167,544.819458
171168,545.558899
171169,546.282227
171170,546.990173
171171,547.68335
171172,548.362244
171173,540.009583
171174,540.842346
171175,541.654724
171176,542.447815
171177,543.222412
171178,543.97937
171179,544.719543
171180,545.443542
171181,546.152161
171182,546.845947
171183,547.525513
171184,548.191406
171185,538.315857
171186,539.147827
171187,539.149963
171188,539.981323
171189,540.794495
171190,541.588257
171191,542.363525
171192,543.121216
171193,543.862
171194,544.58667
171195,545.295959
171196,545.990417
171197,546.670593
171198,547.337097
171199,547.990356
171200,549.027527
171201,548.844055
171202,548.630798
171203,539.963806
171204,540.75824
171205,541.53418
171206,542.29248
171207,543.033875
171208,543.759155
171209,544.468994
171210,545.164062
171211,545.844849
171212,546.511902
171213,547.165771
171214,547.806702
171215,548.435242
171216,549.679565
171217,549.483948
171218,549.258789
171219,549.051636
171220,550.318848
171221,550.111328
171222,549.874634
171223,549.656067
171224,550.945679
171225,550.726624
171226,550.478516
171227,550.248779
171228,551.560364
171229,551.329956
171230,551.070679
171231,552.163147
171232,551.921509
171233,537.514648
171234,537.580505
171235,538.349365
171236,538.395508
171237,539.163818
171238,539.958862
171239,540.735413
171240,541.494263
171241,542.236206
171242,542.962036
171243,543.672485
171244,544.368042
171245,545.049438
171246,545.717041
171247,546.371399
171248,547.012939
171249,547.641907
171250,548.258789
171251,548.863708
171252,549.456909
171253,552.754089
171254,552.501404
171255,539.96814
171256,540.727539
171257,541.470093
171258,542.196411
171259,542.907349
171260,543.603455
171261,544.285278
171262,544.953491
171263,545.608337
171264,546.250366
171265,546.879883
171266,547.497192
171267,548.102539
171268,548.696228
171269,553.333435
171270,553.069824
171271,553.901306
171272,553.901245
171273,532.831848
171274,533.6698
171275,533.398682
171276,534.236267
171277,533.999756
171278,534.836975
171279,536.844238
171280,537.659668
171281,538.455811
171282,539.191101
171283,539.233398
171284,539.993286
171285,540.736267
171286,541.463135
171287,542.1745
171288,542.871094
171289,543.553406
171290,544.222107
171291,544.877502
171292,545.52002
171293,546.149963
171294,546.7677
171295,547.373474
171296,547.967529
171297,536.064941
171298,536.826904
171299,537.571899
171300,538.300598
171301,539.013794
171302,539.712341
171303,540.39679
171304,541.067566
171305,541.724792
171306,542.368896
171307,543.000549
171308,543.620178
171309,544.22821
171310,544.824768
171311,545.409851
171312,545.983276
171313,536.630432
171314,537.391968
171315,538.136597
171316,538.865112
171317,539.578064
171318,540.276245
171319,540.960205
171320,541.630554
171321,542.287659
171322,542.931641
171323,543.563049
171324,544.18219
171325,544.789612
171326,545.385437
171327,546.54303
171328,537.230042
171329,537.991211
171330,538.735474
171331,539.463562
171332,540.17627
171333,540.874084
171334,541.557678
171335,542.2276
171336,542.884338
171337,543.528137
171338,544.159302
171339,544.778137
171340,545.38501
171341,545.980286
171342,534.487305
171343,535.2854
171344,535.053467
171345,535.851196
171346,535.653809
171347,536.451172
171348,537.085327
171349,537.753662
171350,537.863892
171351,538.531738
171352,538.624634
171353,539.292114
171354,539.368469
171355,540.035583
171356,540.096191
171357,540.762817
171358,540.808472
171359,541.47467
171360,541.50592
171361,542.171692
171362,542.189148
171363,542.854492
171364,542.858704
171365,543.523621
171366,543.515015
171367,544.179504
171368,544.158447
171369,544.822571
171370,544.789368
171371,545.453003
171372,545.407898
171373,546.071167
171374,546.014465
171375,546.677368
171376,546.609192
171377,547.271729
171378,539.124512
171379,540.000122
171380,540.853333
171381,541.685303
171382,542.497009
171383,543.289307
171384,538.279114
171385,539.155518
171386,540.009521
171387,540.842224
171388,541.654724
171389,542.447815
171390,543.222412
171391,537.415833
171392,538.292969
171393,539.147766
171394,539.981201
171395,540.794373
171396,541.588196
171397,542.363525
171398,543.121216
171399,537.460266
171400,538.315735
171401,539.149841
171402,539.963684
171403,540.758118
171404,541.534119
171405,542.29248
171406,543.033875
171407,537.514526
171408,538.349304
171409,539.163696
171410,539.95874
171411,540.735291
171412,541.494202
171413,542.236206
171414,542.962097
171415,544.063232
171416,543.979431
171417,543.862061
171418,543.759155
171419,543.672424
171420,536.745117
171421,537.580444
171422,538.395386
171423,539.190918
171424,539.968018
171425,540.727478
171426,541.470032
171427,542.196411
171428,542.907349
171429,543.603394
171430,536.008362
171431,536.844177
171432,537.659668
171433,538.455688
171434,539.233215
171435,539.993103
171436,540.736206
171437,541.463074
171438,542.1745
171439,542.871033
171440,543.553284
171441,544.819519
171442,544.719543
171443,544.586731
171444,544.468994
171445,544.367981
171446,544.285156
171447,544.221863
171448,545.558899
171449,545.443542
171450,545.295959
171451,545.164001
171452,545.049316
171453,544.953308
171454,544.877197
171455,546.282288
171456,546.152161
171457,545.990356
171458,545.844788
171459,545.71698
171460,545.608215
171461,545.519836
171462,546.990173
171463,546.845947
171464,546.670593
171465,546.511902
171466,546.371399
171467,546.250366
171468,546.149963
171469,547.68335
171470,547.525574
171471,547.337158
171472,547.165833
171473,547.013062
171474,546.880066
171475,546.768005
171476,548.362305
171477,548.191467
171478,547.990479
171479,547.806885
171480,547.642151
171481,547.497498
171482,547.373962
171483,549.027588
171484,548.844177
171485,548.63092
171486,548.435486
171487,548.259094
171488,548.102966
171489,547.96814
171490,549.679688
171491,549.48407
171492,549.258972
171493,549.051819
171494,548.864014
171495,548.696594
171496,548.550598
171497,533.669373
171498,534.486572
171499,535.284607
171500,536.064453
171501,536.826721
171502,537.571899
171503,538.300598
171504,539.013794
171505,539.712097
171506,540.396362
171507,541.067139
171508,541.724792
171509,534.236145
171510,535.053162
171511,535.850708
171512,536.629883
171513,537.391602
171514,538.136536
171515,538.865112
171516,539.578003
171517,540.276001
171518,540.959778
171519,541.630005
171520,542.28717
171521,542.931641
171522,534.836975
171523,535.653687
171524,536.450928
171525,537.229675
171526,537.990845
171527,538.735291
171528,539.463562
171529,540.17627
171530,540.873962
171531,541.557373
171532,542.227112
171533,542.883728
171534,543.52771
171535,544.159302
171536,537.863708
171537,538.531616
171538,538.624451
171539,539.291931
171540,539.368286
171541,540.0354
171542,540.09613
171543,540.762817
171544,540.808472
171545,541.47467
171546,541.50592
171547,542.171692
171548,542.189026
171549,542.854431
171550,542.858337
171551,543.523376
171552,543.514465
171553,544.179077
171554,544.157898
171555,544.822083
171556,544.78894
171557,545.452698
171558,545.407898
171559,546.071167
171560,542.369568
171561,543.56366
171562,544.778687
171563,546.014893
171564,546.677734
171565,543.001831
171566,544.18335
171567,545.386047
171568,546.610046
171569,547.2724
171570,543.621826
171571,544.791016
171572,545.981506
171573,547.193481
171574,547.855408
171575,544.229736
171576,545.38678
171577,546.565247
171578,547.765259
171579,548.426758
171580,550.318909
171581,550.11145
171582,549.874695
171583,549.656189
171584,549.457092
171585,549.278564
171586,549.12146
171587,544.825745
171588,545.970764
171589,547.137329
171590,548.3255
171591,548.986572
171592,550.945679
171593,550.726624
171594,550.478516
171595,550.248779
171596,550.038574
171597,549.848938
171598,549.680786
171599,545.409851
171600,546.54303
171601,549.534851
171602,551.560303
171603,551.329834
171604,551.070557
171605,550.829712
171606,550.608459
171607,550.407837
171608,550.228699
171609,545.982239
171610,552.162964
171611,551.921326
171612,551.65094
171613,551.399109
171614,551.16687
171615,552.753906
171616,552.501221
171617,552.21991
171618,551.957092
171619,553.333252
171620,553.069641
171621,552.777405
171622,553.901184
171623,540.853394
171624,541.685364
171625,542.497009
171626,543.289307
171627,544.063171
171628,544.819458
171629,545.558899
171630,546.282227
171631,546.990173
171632,547.68335
171633,548.362244
171634,549.027527
171635,540.009644
171636,540.842346
171637,541.654785
171638,542.447815
171639,543.222412
171640,543.97937
171641,544.719543
171642,545.443542
171643,546.152161
171644,546.845947
171645,547.525513
171646,548.191406
171647,548.844055
171648,538.315857
171649,539.147827
171650,539.149963
171651,539.981323
171652,540.794495
171653,541.588257
171654,542.363586
171655,543.121216
171656,543.862
171657,544.58667
171658,545.295959
171659,545.990417
171660,546.670593
171661,547.337097
171662,547.990356
171663,548.630798
171664,549.679565
171665,549.483948
171666,549.258789
171667,539.963806
171668,540.75824
171669,541.53418
171670,542.29248
171671,543.033875
171672,543.759155
171673,544.468994
171674,545.164062
171675,545.844849
171676,546.511963
171677,547.165771
171678,547.806763
171679,548.435242
171680,549.051575
171681,550.318848
171682,550.111328
171683,549.874573
171684,549.656006
171685,550.945679
171686,550.726562
171687,550.478455
171688,550.248718
171689,551.560364
171690,551.329895
171691,551.070618
171692,552.163086
171693,551.921448
171694,552.754089
171695,536.745178
171696,537.514587
171697,537.580505
171698,538.349365
171699,538.395508
171700,539.163818
171701,539.958862
171702,540.735413
171703,541.494263
171704,542.236206
171705,542.962097
171706,543.672485
171707,544.368042
171708,545.049438
171709,545.717041
171710,546.37146
171711,547.013
171712,547.641968
171713,548.258789
171714,548.863708
171715,549.456848
171716,553.333435
171717,553.069824
171718,539.96814
171719,540.727539
171720,541.470093
171721,542.196411
171722,542.907349
171723,543.603455
171724,544.285278
171725,544.953491
171726,545.608398
171727,546.250427
171728,546.879944
171729,547.497253
171730,548.1026
171731,548.696167
171732,553.901306
171733,532.831848
171734,533.669739
171735,533.398682
171736,534.236267
171737,538.45575
171738,539.19104
171739,539.233337
171740,539.993286
171741,540.736267
171742,541.463074
171743,542.1745
171744,542.871033
171745,543.553406
171746,544.222107
171747,544.877502
171748,545.520081
171749,546.150085
171750,546.767822
171751,547.373596
171752,547.96759
171753,536.064941
171754,536.826782
171755,537.571838
171756,538.30072
171757,539.013977
171758,539.712402
171759,540.396729
171760,541.067505
171761,541.724976
171762,542.369324
171763,543.000916
171764,543.620361
171765,544.228088
171766,544.824341
171767,545.982788
171768,536.630432
171769,537.391907
171770,538.136536
171771,538.865051
171772,539.578125
171773,540.276306
171774,540.960266
171775,541.630554
171776,542.287659
171777,542.931885
171778,543.563354
171779,544.182495
171780,544.789734
171781,545.385315
171782,537.230042
171783,537.991211
171784,538.735413
171785,539.463501
171786,540.176208
171787,540.874023
171788,541.557678
171789,542.2276
171790,542.884338
171791,543.528198
171792,544.159485
171793,544.778442
171794,545.385315
171795,545.980408
171796,534.487305
171797,535.2854
171798,535.053467
171799,535.851196
171800,536.451111
171801,537.863831
171802,538.531738
171803,538.624634
171804,539.292114
171805,539.36853
171806,540.035583
171807,540.096191
171808,540.762817
171809,540.808411
171810,541.47467
171811,541.505859
171812,542.171631
171813,542.189087
171814,542.854492
171815,542.858643
171816,543.523621
171817,543.515015
171818,544.179504
171819,544.158508
171820,544.822571
171821,544.789429
171822,545.453125
171823,545.408142
171824,546.07135
171825,546.014709
171826,546.677551
171827,546.609436
171828,547.271912
171829,539.124573
171830,540.000122
171831,540.853333
171832,541.685303
171833,542.496948
171834,543.289307
171835,544.063232
171836,538.279114
171837,539.155518
171838,540.009521
171839,540.842224
171840,541.654663
171841,542.447754
171842,543.222412
171843,543.979431
171844,538.29303
171845,539.147766
171846,539.981201
171847,540.794373
171848,541.588196
171849,542.363525
171850,543.121216
171851,543.862061
171852,538.315796
171853,539.149902
171854,539.963684
171855,540.758118
171856,541.534119
171857,542.292419
171858,543.033875
171859,543.759155
171860,537.514587
171861,538.349304
171862,539.163696
171863,539.95874
171864,540.735291
171865,541.494202
171866,542.236206
171867,542.962097
171868,543.672485
171869,544.819519
171870,544.719543
171871,544.586731
171872,544.468994
171873,544.367981
171874,538.395447
171875,539.190979
171876,539.968018
171877,540.727417
171878,541.469971
171879,542.196411
171880,542.907349
171881,543.603394
171882,544.285217
171883,539.233276
171884,539.993164
171885,540.736145
171886,541.463074
171887,542.1745
171888,542.871033
171889,543.553345
171890,544.221863
171891,545.558899
171892,545.443542
171893,545.295959
171894,545.164001
171895,545.049316
171896,544.953308
171897,544.877197
171898,546.282288
171899,546.152161
171900,545.990356
171901,545.844788
171902,545.716919
171903,545.608154
171904,545.519714
171905,546.990173
171906,546.845947
171907,546.670593
171908,546.511902
171909,546.371338
171910,546.250305
171911,546.149841
171912,547.68335
171913,547.525513
171914,547.337097
171915,547.165771
171916,547.013
171917,546.879944
171918,546.767822
171919,548.362305
171920,548.191467
171921,547.990417
171922,547.806885
171923,547.642151
171924,547.497437
171925,547.373901
171926,549.027588
171927,548.844177
171928,548.63092
171929,548.435486
171930,548.259094
171931,548.102966
171932,547.96814
171933,549.679688
171934,549.48407
171935,549.258972
171936,549.05188
171937,548.864014
171938,548.696655
171939,548.550659
171940,550.31897
171941,550.11145
171942,549.874756
171943,549.65625
171944,549.457153
171945,549.278625
171946,549.121582
171947,533.669678
171948,534.487
171949,535.28479
171950,536.06427
171951,536.826416
171952,537.571716
171953,538.30072
171954,539.013916
171955,539.712219
171956,540.396301
171957,541.066833
171958,541.724426
171959,542.369324
171960,534.236267
171961,535.053345
171962,535.850952
171963,536.630005
171964,537.391479
171965,538.136353
171966,538.865051
171967,539.578125
171968,540.276184
171969,540.9599
171970,541.629944
171971,542.286987
171972,542.931335
171973,543.563354
171974,537.229858
171975,537.990906
171976,538.735229
171977,539.46344
171978,540.176208
171979,540.874023
171980,541.557495
171981,542.227173
171982,542.883667
171983,543.527527
171984,544.158997
171985,544.778442
171986,538.624512
171987,539.291992
171988,539.368347
171989,540.035461
171990,540.096069
171991,540.762756
171992,540.808411
171993,541.47467
171994,541.50592
171995,542.171753
171996,542.189087
171997,542.854492
171998,542.858459
171999,543.523438
172000,543.514526
172001,544.179138
172002,544.157837
172003,544.822021
172004,544.788818
172005,545.452576
172006,545.407715
172007,546.070984
172008,546.014709
172009,546.677551
172010,543.001709
172011,544.183228
172012,545.385864
172013,546.609924
172014,547.272278
172015,543.621765
172016,544.790955
172017,545.981445
172018,547.19342
172019,547.855347
172020,544.229797
172021,545.386841
172022,546.565308
172023,547.76532
172024,548.426819
172025,544.825928
172026,545.970947
172027,547.137512
172028,548.325623
172029,548.986694
172030,550.94574
172031,550.726685
172032,550.478577
172033,550.24884
172034,550.038635
172035,549.84906
172036,549.680969
172037,545.410278
172038,546.543396
172039,547.69812
172040,548.87439
172041,549.535095
172042,551.560364
172043,551.329895
172044,551.070618
172045,550.829773
172046,550.608521
172047,550.407959
172048,550.228821
172049,545.982788
172050,549.411621
172051,552.162964
172052,551.921387
172053,551.651001
172054,551.39917
172055,551.166992
172056,552.753906
172057,552.501221
172058,552.21991
172059,551.957153
172060,553.333252
172061,553.069641
172062,552.777405
172063,553.901123
172064,553.626587
172065,540.853455
172066,541.685364
172067,542.497009
172068,543.289307
172069,544.063171
172070,544.819458
172071,545.558899
172072,546.282227
172073,546.990173
172074,547.68335
172075,548.362305
172076,549.027527
172077,549.679565
172078,539.155579
172079,540.009583
172080,540.842346
172081,541.654785
172082,542.447815
172083,543.222412
172084,543.97937
172085,544.719543
172086,545.443542
172087,546.152161
172088,546.845947
172089,547.525574
172090,548.191467
172091,548.844116
172092,549.483948
172093,538.315796
172094,539.147827
172095,539.149963
172096,539.981323
172097,540.794495
172098,541.588257
172099,542.363586
172100,543.121216
172101,543.862
172102,544.58667
172103,545.295959
172104,545.990417
172105,546.670593
172106,547.337158
172107,547.990417
172108,548.630859
172109,549.258789
172110,550.318787
172111,550.111328
172112,549.874573
172113,539.963806
172114,540.75824
172115,541.53418
172116,542.29248
172117,543.033875
172118,543.759155
172119,544.468994
172120,545.164062
172121,545.844849
172122,546.511963
172123,547.165833
172124,547.806824
172125,548.435303
172126,549.051636
172127,549.656006
172128,550.945618
172129,550.726562
172130,550.478394
172131,550.248657
172132,551.560303
172133,551.329834
172134,551.070557
172135,552.163025
172136,551.921387
172137,552.754028
172138,539.163757
172139,539.958862
172140,540.735413
172141,541.494263
172142,542.236267
172143,542.962097
172144,543.672485
172145,544.368042
172146,545.049438
172147,545.717102
172148,546.37146
172149,547.013062
172150,547.64209
172151,548.25885
172152,548.863708
172153,549.456848
172154,553.901306
172155,539.96814
172156,540.727539
172157,541.470093
172158,542.196411
172159,542.907349
172160,543.603394
172161,544.285278
172162,544.953491
172163,545.608398
172164,546.250488
172165,546.880066
172166,547.497375
172167,548.102661
172168,548.696228
172169,532.831848
172170,533.6698
172171,539.19104
172172,539.233337
172173,539.993286
172174,540.736267
172175,541.463074
172176,542.174438
172177,542.871033
172178,543.553406
172179,544.222046
172180,544.877502
172181,545.520081
172182,546.150146
172183,546.768005
172184,547.373779
172185,547.967712
172186,536.064941
172187,536.826782
172188,537.571716
172189,538.300598
172190,539.014038
172191,539.712585
172192,540.39679
172193,541.067444
172194,541.724976
172195,542.369568
172196,543.001404
172197,543.620789
172198,544.22821
172199,544.824158
172200,536.630432
172201,537.391968
172202,538.136536
172203,538.86499
172204,539.578003
172205,540.276306
172206,540.960266
172207,541.630554
172208,542.287659
172209,542.931946
172210,543.56366
172211,544.182922
172212,544.790039
172213,545.385437
172214,537.22998
172215,537.991211
172216,538.735474
172217,539.463501
172218,540.176086
172219,540.873962
172220,541.557617
172221,542.2276
172222,542.884338
172223,543.528259
172224,544.159607
172225,544.778687
172226,545.38562
172227,545.980713
172228,534.487366
172229,535.285461
172230,535.851135
172231,538.624634
172232,539.292053
172233,539.36853
172234,540.035583
172235,540.096191
172236,540.762817
172237,540.808411
172238,541.474609
172239,541.505798
172240,542.171631
172241,542.189026
172242,542.854431
172243,542.858582
172244,543.52356
172245,543.514954
172246,544.179443
172247,544.158447
172248,544.822571
172249,544.78949
172250,545.453125
172251,545.408264
172252,546.071472
172253,546.014893
172254,546.677734
172255,546.60968
172256,547.272095
172257,539.124573
172258,540.000122
172259,540.853333
172260,541.685303
172261,542.496948
172262,543.289307
172263,544.063171
172264,544.819458
172265,538.279175
172266,539.155518
172267,540.009521
172268,540.842224
172269,541.654663
172270,542.447754
172271,543.222412
172272,543.97937
172273,544.719543
172274,539.147827
172275,539.981262
172276,540.794373
172277,541.588196
172278,542.363525
172279,543.121216
172280,543.862
172281,544.586731
172282,539.149902
172283,539.963745
172284,540.758118
172285,541.534119
172286,542.292419
172287,543.033875
172288,543.759155
172289,544.468994
172290,539.95874
172291,540.735291
172292,541.494141
172293,542.236206
172294,542.962036
172295,543.672485
172296,544.368042
172297,545.558899
172298,545.443542
172299,545.295959
172300,545.164001
172301,545.049316
172302,539.968079
172303,540.727478
172304,541.469971
172305,542.196411
172306,542.907349
172307,543.603394
172308,544.285217
172309,544.953308
172310,539.993164
172311,540.736206
172312,541.463074
172313,542.1745
172314,542.871094
172315,543.553406
172316,544.221924
172317,544.877197
172318,546.282288
172319,546.152161
172320,545.990356
172321,545.844788
172322,545.716919
172323,545.608154
172324,545.519714
172325,546.990173
172326,546.845947
172327,546.670532
172328,546.511841
172329,546.371338
172330,546.250244
172331,546.14978
172332,547.68335
172333,547.525513
172334,547.337097
172335,547.165771
172336,547.012939
172337,546.879883
172338,546.7677
172339,548.362305
172340,548.191467
172341,547.990417
172342,547.806824
172343,547.64209
172344,547.497375
172345,547.373779
172346,549.027588
172347,548.844177
172348,548.63092
172349,548.435425
172350,548.259033
172351,548.102905
172352,547.968018
172353,549.679688
172354,549.48407
172355,549.258972
172356,549.051819
172357,548.864014
172358,548.696594
172359,548.550598
172360,550.31897
172361,550.11145
172362,549.874756
172363,549.65625
172364,549.457214
172365,549.278687
172366,549.121582
172367,550.94574
172368,550.726685
172369,550.478638
172370,550.248901
172371,550.038696
172372,549.849121
172373,549.68103
172374,533.6698
172375,534.487244
172376,535.285156
172377,536.064453
172378,536.826233
172379,537.571472
172380,538.300598
172381,539.014038
172382,539.712402
172383,540.396362
172384,541.066711
172385,541.724121
172386,542.368896
172387,543.001404
172388,536.630249
172389,537.391602
172390,538.13623
172391,538.864868
172392,539.578064
172393,540.276306
172394,540.960022
172395,541.630005
172396,542.286865
172397,542.931091
172398,543.563049
172399,544.182922
172400,537.991089
172401,538.735291
172402,539.463379
172403,540.176147
172404,540.874084
172405,541.557617
172406,542.227356
172407,542.883728
172408,543.527405
172409,544.158813
172410,544.778137
172411,545.38562
172412,539.368469
172413,540.035522
172414,540.09613
172415,540.762817
172416,540.808411
172417,541.47467
172418,541.50592
172419,542.171692
172420,542.189148
172421,542.854492
172422,542.858582
172423,543.52356
172424,543.514648
172425,544.17926
172426,544.157898
172427,544.822083
172428,544.788757
172429,545.452515
172430,545.407471
172431,546.070862
172432,546.014465
172433,546.677368
172434,546.60968
172435,547.272095
172436,543.621643
172437,544.790771
172438,545.981323
172439,547.193298
172440,547.855225
172441,544.229736
172442,545.38678
172443,546.565247
172444,547.765259
172445,548.426758
172446,544.825989
172447,545.971008
172448,547.137573
172449,548.325684
172450,548.986755
172451,545.410522
172452,546.543579
172453,547.698303
172454,548.874573
172455,549.535217
172456,551.560364
172457,551.329956
172458,551.070679
172459,550.829834
172460,550.608643
172461,550.408081
172462,550.229004
172463,545.983276
172464,547.104553
172465,548.247437
172466,550.072083
172467,552.163025
172468,551.921387
172469,551.651062
172470,551.399231
172471,551.167053
172472,550.955505
172473,548.784973
172474,552.753967
172475,552.501282
172476,552.219971
172477,551.957214
172478,553.333252
172479,553.069641
172480,552.777405
172481,553.901123
172482,553.626587
172483,554.457581
172484,540.000183
172485,540.853394
172486,541.685364
172487,542.497009
172488,543.289368
172489,544.063232
172490,544.819458
172491,545.558899
172492,546.282227
172493,546.990173
172494,547.68335
172495,548.362305
172496,549.027527
172497,549.679565
172498,550.318848
172499,539.155579
172500,540.009583
172501,540.842346
172502,541.654785
172503,542.447815
172504,543.222473
172505,543.979431
172506,544.719543
172507,545.443542
172508,546.152161
172509,546.845947
172510,547.525574
172511,548.191467
172512,548.844116
172513,549.483948
172514,550.111328
172515,539.981262
172516,540.794434
172517,541.588257
172518,542.363586
172519,543.121216
172520,543.862061
172521,544.586731
172522,545.295959
172523,545.990417
172524,546.670593
172525,547.337158
172526,547.990417
172527,548.630859
172528,549.258789
172529,549.874573
172530,550.945618
172531,550.726501
172532,550.478394
172533,539.963745
172534,540.75824
172535,541.53418
172536,542.29248
172537,543.033875
172538,543.759155
172539,544.468994
172540,545.164062
172541,545.844849
172542,546.511963
172543,547.165833
172544,547.806885
172545,548.435364
172546,549.051697
172547,549.656006
172548,550.248596
172549,551.560242
172550,551.329834
172551,551.070496
172552,552.162964
172553,551.921387
172554,552.754028
172555,539.958801
172556,540.735352
172557,541.494263
172558,542.236267
172559,542.962097
172560,543.672485
172561,544.368042
172562,545.049377
172563,545.717041
172564,546.371521
172565,547.013062
172566,547.642151
172567,548.258972
172568,548.86377
172569,549.456848
172570,539.96814
172571,540.727539
172572,541.470093
172573,542.196411
172574,542.907288
172575,543.603394
172576,544.285278
172577,544.95343
172578,545.608398
172579,546.250488
172580,546.880127
172581,547.497437
172582,548.102783
172583,548.696289
172584,539.993225
172585,540.736267
172586,541.463074
172587,542.174438
172588,542.870972
172589,543.553345
172590,544.221985
172591,544.877441
172592,545.520081
172593,546.150208
172594,546.768066
172595,547.373901
172596,547.967896
172597,536.065002
172598,536.826782
172599,537.571716
172600,538.300476
172601,539.013916
172602,539.712524
172603,540.396912
172604,541.067505
172605,541.724976
172606,542.369629
172607,543.001709
172608,543.621277
172609,544.228638
172610,544.824341
172611,536.630371
172612,537.391968
172613,538.136536
172614,538.864929
172615,539.577942
172616,540.276184
172617,540.960205
172618,541.630554
172619,542.287659
172620,542.931946
172621,543.563782
172622,544.183228
172623,544.790466
172624,545.385803
172625,537.991211
172626,538.735474
172627,539.463501
172628,540.176086
172629,540.87384
172630,541.557495
172631,542.227478
172632,542.884277
172633,543.528198
172634,544.159668
172635,544.778809
172636,545.385864
172637,545.981018
172638,535.2854
172639,539.36853
172640,540.035583
172641,540.096252
172642,540.762878
172643,540.808411
172644,541.47467
172645,541.505737
172646,542.17157
172647,542.188904
172648,542.854309
172649,542.858459
172650,543.523438
172651,543.514832
172652,544.179382
172653,544.158386
172654,544.822449
172655,544.789429
172656,545.453125
172657,545.408264
172658,546.071472
172659,546.015076
172660,546.677795
172661,546.609924
172662,547.272278
172663,539.124634
172664,540.000183
172665,540.853333
172666,541.685303
172667,542.496948
172668,543.289307
172669,544.063171
172670,544.819458
172671,545.558899
172672,539.155579
172673,540.009583
172674,540.842285
172675,541.654663
172676,542.447754
172677,543.222412
172678,543.97937
172679,544.719543
172680,545.443542
172681,540.794434
172682,541.588196
172683,542.363525
172684,543.121155
172685,543.862
172686,544.586731
172687,545.295959
172688,540.758179
172689,541.534119
172690,542.292419
172691,543.033875
172692,543.759155
172693,544.468994
172694,545.164001
172695,540.735291
172696,541.494202
172697,542.236206
172698,542.962036
172699,543.672485
172700,544.368042
172701,545.049377
172702,546.282288
172703,546.152161
172704,545.990356
172705,545.844788
172706,545.716919
172707,540.727478
172708,541.469971
172709,542.196411
172710,542.907349
172711,543.603455
172712,544.285278
172713,544.953369
172714,545.608154
172715,540.736206
172716,541.463074
172717,542.1745
172718,542.871094
172719,543.553406
172720,544.221985
172721,544.877258
172722,545.519714
172723,546.990173
172724,546.845947
172725,546.670532
172726,546.511841
172727,546.371277
172728,546.250183
172729,546.149719
172730,547.683289
172731,547.525513
172732,547.337036
172733,547.16571
172734,547.012878
172735,546.879822
172736,546.767578
172737,548.362244
172738,548.191406
172739,547.990356
172740,547.806763
172741,547.641968
172742,547.497253
172743,547.373596
172744,549.027527
172745,548.844116
172746,548.630859
172747,548.435364
172748,548.258972
172749,548.102783
172750,547.967896
172751,549.679626
172752,549.484009
172753,549.258911
172754,549.051819
172755,548.863953
172756,548.696533
172757,548.550476
172758,550.31897
172759,550.11145
172760,549.874756
172761,549.65625
172762,549.457153
172763,549.278625
172764,549.121582
172765,550.94574
172766,550.726685
172767,550.478638
172768,550.248901
172769,550.038757
172770,549.849182
172771,549.681091
172772,551.560425
172773,551.329956
172774,551.07074
172775,550.829895
172776,550.608704
172777,550.408142
172778,550.229126
172779,536.064758
172780,536.826416
172781,537.57135
172782,538.300354
172783,539.013977
172784,539.712524
172785,540.396606
172786,541.066833
172787,541.723999
172788,542.36853
172789,543.000916
172790,543.621277
172791,537.391846
172792,538.136353
172793,538.864807
172794,539.577942
172795,540.276306
172796,540.960205
172797,541.630249
172798,542.286987
172799,542.930969
172800,543.562744
172801,544.182495
172802,544.790466
172803,538.735413
172804,539.46344
172805,540.176086
172806,540.874023
172807,541.557678
172808,542.227478
172809,542.883911
172810,543.527527
172811,544.158691
172812,544.777893
172813,545.385315
172814,545.981018
172815,540.096191
172816,540.762817
172817,540.808411
172818,541.47467
172819,541.505859
172820,542.171692
172821,542.189148
172822,542.854492
172823,542.858643
172824,543.523621
172825,543.514832
172826,544.179382
172827,544.158081
172828,544.822205
172829,544.788818
172830,545.452576
172831,545.40741
172832,546.070801
172833,546.014221
172834,546.677185
172835,546.609436
172836,547.271912
172837,547.193054
172838,547.855042
172839,544.229553
172840,545.386597
172841,546.565063
172842,547.765137
172843,548.426636
172844,544.825928
172845,545.970947
172846,547.137512
172847,548.325623
172848,548.986694
172849,545.410522
172850,546.54364
172851,547.698303
172852,548.874634
172853,549.535217
172854,545.983459
172855,547.104736
172856,548.24762
172857,550.072205
172858,552.163086
172859,551.921448
172860,551.651123
172861,551.399353
172862,551.167175
172863,550.955627
172864,550.765564
172865,546.5448
172866,547.654236
172867,552.754028
172868,552.501343
172869,552.220032
172870,551.957275
172871,551.714172
172872,548.192139
172873,553.333313
172874,553.069702
172875,552.777466
172876,553.901123
172877,553.626587
172878,554.457581
172879,540.000183
172880,540.853394
172881,541.685364
172882,542.497009
172883,543.289368
172884,544.063232
172885,544.819458
172886,545.558899
172887,546.282227
172888,546.990173
172889,547.68335
172890,548.362305
172891,549.027588
172892,549.679626
172893,550.318848
172894,550.945618
172895,540.842285
172896,541.654724
172897,542.447815
172898,543.222473
172899,543.979431
172900,544.719543
172901,545.443542
172902,546.152161
172903,546.845947
172904,547.525574
172905,548.191467
172906,548.844177
172907,549.484009
172908,550.111328
172909,550.726562
172910,540.794434
172911,541.588257
172912,542.363586
172913,543.121216
172914,543.862061
172915,544.586731
172916,545.295959
172917,545.990417
172918,546.670593
172919,547.337158
172920,547.990479
172921,548.63092
172922,549.25885
172923,549.874634
172924,550.478394
172925,551.560242
172926,551.329773
172927,551.070496
172928,540.758179
172929,541.53418
172930,542.29248
172931,543.033875
172932,543.759155
172933,544.468994
172934,545.164062
172935,545.844849
172936,546.511963
172937,547.165833
172938,547.806885
172939,548.435425
172940,549.051758
172941,549.656067
172942,550.248657
172943,552.162964
172944,551.921326
172945,552.753967
172946,540.735352
172947,541.494263
172948,542.236267
172949,542.962097
172950,543.672424
172951,544.368042
172952,545.049377
172953,545.717041
172954,546.37146
172955,547.013062
172956,547.642151
172957,548.259033
172958,548.863892
172959,549.456909
172960,540.727539
172961,541.470093
172962,542.196411
172963,542.907288
172964,543.603394
172965,544.285217
172966,544.95343
172967,545.608337
172968,546.250488
172969,546.880127
172970,547.497498
172971,548.102905
172972,548.696411
172973,540.736267
172974,541.463135
172975,542.174438
172976,542.870972
172977,543.553284
172978,544.221924
172979,544.87738
172980,545.52002
172981,546.150146
172982,546.768066
172983,547.373962
172984,547.968018
172985,536.065002
172986,536.826904
172987,537.571716
172988,538.300415
172989,539.013794
172990,539.712402
172991,540.396851
172992,541.067566
172993,541.724976
172994,542.369629
172995,543.001831
172996,543.621643
172997,544.229187
172998,544.824768
172999,537.391968
173000,538.136597
173001,538.86499
173002,539.577881
173003,540.276001
173004,540.960022
173005,541.630432
173006,542.287659
173007,542.931946
173008,543.563782
173009,544.18335
173010,544.790771
173011,545.38623
173012,538.735474
173013,539.463562
173014,540.176086
173015,540.87384
173016,541.557373
173017,542.227356
173018,542.884155
173019,543.528137
173020,544.159607
173021,544.77887
173022,545.386047
173023,545.981323
173024,546.564758
173025,540.096252
173026,540.762878
173027,540.808472
173028,541.47467
173029,541.505798
173030,542.171631
173031,542.188904
173032,542.854309
173033,542.858337
173034,543.523376
173035,543.514648
173036,544.17926
173037,544.158264
173038,544.822327
173039,544.789368
173040,545.453003
173041,545.408264
173042,546.071472
173043,546.015076
173044,546.677856
173045,546.610046
173046,547.2724
173047,540.000183
173048,540.853394
173049,541.685303
173050,542.496948
173051,543.289307
173052,544.063171
173053,544.819458
173054,545.558899
173055,546.282288
173056,541.654724
173057,542.447754
173058,543.222351
173059,543.97937
173060,544.719543
173061,545.443542
173062,546.152161
173063,541.588196
173064,542.363525
173065,543.121155
173066,543.862
173067,544.58667
173068,545.295959
173069,545.990356
173070,541.534119
173071,542.292419
173072,543.033875
173073,543.759155
173074,544.468994
173075,545.164062
173076,545.844788
173077,541.494202
173078,542.236206
173079,542.962036
173080,543.672485
173081,544.368042
173082,545.049377
173083,545.71698
173084,546.990173
173085,546.845947
173086,546.670532
173087,546.511841
173088,546.371338
173089,541.470032
173090,542.196411
173091,542.907349
173092,543.603455
173093,544.285278
173094,544.95343
173095,545.608215
173096,546.250244
173097,541.463074
173098,542.1745
173099,542.871094
173100,543.553406
173101,544.222046
173102,544.87738
173103,545.519836
173104,546.14978
173105,547.683289
173106,547.525513
173107,547.337036
173108,547.16571
173109,547.012817
173110,546.879761
173111,546.767578
173112,548.362244
173113,548.191406
173114,547.990356
173115,547.806702
173116,547.641907
173117,547.497192
173118,547.373474
173119,549.027527
173120,548.844116
173121,548.630859
173122,548.435303
173123,548.25885
173124,548.102661
173125,547.967712
173126,549.679626
173127,549.484009
173128,549.25885
173129,549.051758
173130,548.863892
173131,548.696411
173132,548.550354
173133,550.318909
173134,550.11145
173135,549.874695
173136,549.656189
173137,549.457092
173138,549.278564
173139,549.12146
173140,550.94574
173141,550.726685
173142,550.478638
173143,550.248901
173144,550.038696
173145,549.849121
173146,549.68103
173147,551.560425
173148,551.330017
173149,551.07074
173150,550.829895
173151,550.608704
173152,550.408203
173153,550.229126
173154,552.163147
173155,551.921509
173156,551.651184
173157,551.399414
173158,551.167236
173159,550.95575
173160,550.765686
173161,536.826721
173162,537.571472
173163,538.300232
173164,539.013794
173165,539.712585
173166,540.396851
173167,541.067139
173168,541.724121
173169,542.368408
173170,543.000549
173171,543.620789
173172,544.229187
173173,538.136536
173174,538.864868
173175,539.577881
173176,540.276245
173177,540.960266
173178,541.630432
173179,542.28717
173180,542.931091
173181,543.562622
173182,544.18219
173183,544.790039
173184,545.38623
173185,539.463562
173186,540.176147
173187,540.873962
173188,541.557678
173189,542.2276
173190,542.884155
173191,543.52771
173192,544.158813
173193,544.777771
173194,545.38501
173195,545.980713
173196,546.564758
173197,540.808472
173198,541.47467
173199,541.50592
173200,542.171692
173201,542.189148
173202,542.854492
173203,542.858704
173204,543.523621
173205,543.514954
173206,544.179443
173207,544.158264
173208,544.822327
173209,544.78894
173210,545.452698
173211,545.407471
173212,546.070862
173213,546.01416
173214,546.677124
173215,546.609192
173216,547.271729
173217,547.19281
173218,547.854797
173219,547.764893
173220,548.426453
173221,544.825745
173222,545.970764
173223,547.137329
173224,548.3255
173225,548.986572
173226,545.410522
173227,546.543579
173228,547.698303
173229,548.874573
173230,549.535217
173231,545.983521
173232,547.104797
173233,548.247681
173234,550.072266
173235,546.544983
173236,547.65448
173237,552.754028
173238,552.501404
173239,552.220093
173240,551.957336
173241,551.714294
173242,551.49176
173243,547.094849
173244,553.333374
173245,553.069702
173246,552.777527
173247,552.503906
173248,552.249817
173249,547.632996
173250,553.901184
173251,553.626648
173252,554.457581
173253,541.685303
173254,542.497009
173255,543.289368
173256,544.063232
173257,544.819519
173258,545.558899
173259,546.282227
173260,546.990173
173261,547.68335
173262,548.362305
173263,549.027588
173264,549.679626
173265,550.318909
173266,550.945679
173267,551.560242
173268,541.654724
173269,542.447815
173270,543.222473
173271,543.979431
173272,544.719543
173273,545.443542
173274,546.152161
173275,546.845947
173276,547.525574
173277,548.191467
173278,548.844177
173279,549.484009
173280,550.111389
173281,550.726562
173282,551.329834
173283,541.588257
173284,542.363586
173285,543.121216
173286,543.862061
173287,544.586731
173288,545.295959
173289,545.990356
173290,546.670593
173291,547.337158
173292,547.990479
173293,548.63092
173294,549.258911
173295,549.874695
173296,550.478455
173297,551.070496
173298,552.162964
173299,551.921326
173300,541.53418
173301,542.29248
173302,543.033875
173303,543.759155
173304,544.468994
173305,545.164001
173306,545.844849
173307,546.511963
173308,547.165833
173309,547.806885
173310,548.435486
173311,549.051819
173312,549.656128
173313,550.248718
173314,552.753906
173315,541.494202
173316,542.236206
173317,542.962097
173318,543.672424
173319,544.367981
173320,545.049377
173321,545.717041
173322,546.37146
173323,547.013062
173324,547.642212
173325,548.259094
173326,548.863953
173327,549.457031
173328,541.470032
173329,542.196411
173330,542.907288
173331,543.603333
173332,544.285217
173333,544.953369
173334,545.608276
173335,546.250427
173336,546.880127
173337,547.497559
173338,548.102966
173339,548.696533
173340,541.463135
173341,542.1745
173342,542.870972
173343,543.553284
173344,544.221863
173345,544.877258
173346,545.519897
173347,546.150085
173348,546.768066
173349,547.374023
173350,547.96814
173351,536.826904
173352,537.571838
173353,538.300476
173354,539.013672
173355,539.712219
173356,540.396606
173357,541.067383
173358,541.724976
173359,542.369629
173360,543.001831
173361,543.621765
173362,544.229553
173363,544.825317
173364,538.136597
173365,538.865051
173366,539.577942
173367,540.27594
173368,540.9599
173369,541.630249
173370,542.287476
173371,542.931885
173372,543.563782
173373,544.183411
173374,544.790955
173375,545.386597
173376,545.970398
173377,539.463623
173378,540.176208
173379,540.87384
173380,541.557312
173381,542.227173
173382,542.883911
173383,543.527954
173384,544.159485
173385,544.778809
173386,545.386108
173387,545.981445
173388,546.565063
173389,540.808472
173390,541.47467
173391,541.505859
173392,542.171631
173393,542.188904
173394,542.854309
173395,542.858276
173396,543.523315
173397,543.514526
173398,544.179138
173399,544.158081
173400,544.822205
173401,544.789185
173402,545.452881
173403,545.408142
173404,546.07135
173405,546.015076
173406,546.677795
173407,546.610107
173408,547.272461
173409,547.19342
173410,547.855347
173411,542.496948
173412,543.289307
173413,544.063171
173414,544.819458
173415,545.558899
173416,546.282227
173417,546.990173
173418,542.447754
173419,543.222412
173420,543.97937
173421,544.719543
173422,545.443542
173423,546.152161
173424,546.845947
173425,542.363525
173426,543.121155
173427,543.862
173428,544.58667
173429,545.295959
173430,545.990356
173431,546.670593
173432,542.292419
173433,543.033875
173434,543.759155
173435,544.468994
173436,545.164062
173437,545.844849
173438,546.511902
173439,542.236206
173440,542.962036
173441,543.672485
173442,544.368042
173443,545.049377
173444,545.717041
173445,546.371338
173446,547.683289
173447,547.525513
173448,547.337036
173449,547.16571
173450,547.012878
173451,542.196411
173452,542.907349
173453,543.603455
173454,544.285278
173455,544.95343
173456,545.608276
173457,546.250305
173458,546.879822
173459,542.1745
173460,542.871094
173461,543.553406
173462,544.222107
173463,544.877441
173464,545.519897
173465,546.149841
173466,546.767578
173467,548.362244
173468,548.191406
173469,547.990356
173470,547.806702
173471,547.641907
173472,547.497131
173473,547.373413
173474,549.027527
173475,548.844055
173476,548.630798
173477,548.435242
173478,548.258789
173479,548.1026
173480,547.96759
173481,549.679565
173482,549.483948
173483,549.258789
173484,549.051697
173485,548.86377
173486,548.696289
173487,548.550171
173488,550.318909
173489,550.111389
173490,549.874695
173491,549.656128
173492,549.457031
173493,549.278442
173494,549.121338
173495,550.94574
173496,550.726685
173497,550.478577
173498,550.24884
173499,550.038635
173500,549.84906
173501,549.680969
173502,551.560425
173503,551.329956
173504,551.07074
173505,550.829895
173506,550.608704
173507,550.408142
173508,550.229126
173509,552.163147
173510,551.921509
173511,551.651184
173512,551.399414
173513,551.167236
173514,550.95575
173515,550.765686
173516,552.754089
173517,552.501404
173518,552.220154
173519,551.957397
173520,551.714355
173521,551.491821
173522,537.571716
173523,538.300354
173524,539.013672
173525,539.712402
173526,540.396912
173527,541.067383
173528,541.724426
173529,542.36853
173530,543.000427
173531,543.620361
173532,544.228638
173533,544.825317
173534,538.865051
173535,539.577942
173536,540.276184
173537,540.960266
173538,541.630554
173539,542.287476
173540,542.931335
173541,543.562744
173542,544.182068
173543,544.789734
173544,545.385803
173545,545.970398
173546,540.176208
173547,540.874023
173548,541.557617
173549,542.2276
173550,542.884277
173551,543.527954
173552,544.158997
173553,544.777893
173554,545.384949
173555,545.980408
173556,546.564453
173557,547.137024
173558,541.50592
173559,542.171753
173560,542.189148
173561,542.854492
173562,542.858704
173563,543.523621
173564,543.515015
173565,544.179504
173566,544.158386
173567,544.822449
173568,544.789185
173569,545.452881
173570,545.407715
173571,546.070984
173572,546.014221
173573,546.677185
173574,546.609131
173575,547.271667
173576,547.192566
173577,547.854675
173578,547.764587
173579,548.426208
173580,548.325256
173581,548.986389
173582,545.410278
173583,546.543396
173584,547.69812
173585,548.87439
173586,549.535095
173587,545.983459
173588,547.104736
173589,548.24762
173590,549.412048
173591,550.072205
173592,546.545044
173593,547.65448
173594,550.597717
173595,547.095093
173596,553.333435
173597,553.069763
173598,552.777588
173599,552.503967
173600,552.249878
173601,553.901245
173602,553.626709
173603,553.323608
173604,553.039001
173605,554.457581
173606,542.497009
173607,543.289307
173608,544.063232
173609,544.819519
173610,545.558899
173611,546.282288
173612,546.990173
173613,547.68335
173614,548.362305
173615,549.027588
173616,549.679688
173617,550.318909
173618,550.945679
173619,551.560303
173620,552.162964
173621,542.447815
173622,543.222412
173623,543.979431
173624,544.719543
173625,545.443542
173626,546.152161
173627,546.845947
173628,547.525574
173629,548.191467
173630,548.844177
173631,549.48407
173632,550.11145
173633,550.726624
173634,551.329834
173635,551.921326
173636,542.363525
173637,543.121216
173638,543.862061
173639,544.586731
173640,545.295959
173641,545.990356
173642,546.670593
173643,547.337158
173644,547.990479
173645,548.63092
173646,549.258972
173647,549.874695
173648,550.478516
173649,551.070557
173650,552.753906
173651,542.29248
173652,543.033875
173653,543.759155
173654,544.468994
173655,545.164001
173656,545.844788
173657,546.511902
173658,547.165833
173659,547.806885
173660,548.435486
173661,549.051819
173662,549.656189
173663,550.248779
173664,542.236206
173665,542.962097
173666,543.672424
173667,544.367981
173668,545.049316
173669,545.71698
173670,546.371399
173671,547.013062
173672,547.642151
173673,548.259094
173674,548.864014
173675,549.457092
173676,550.038574
173677,542.196411
173678,542.907349
173679,543.603394
173680,544.285156
173681,544.953308
173682,545.608215
173683,546.250366
173684,546.880066
173685,547.497498
173686,548.102966
173687,548.696594
173688,549.278564
173689,542.1745
173690,542.871033
173691,543.553284
173692,544.221863
173693,544.877197
173694,545.519836
173695,546.149963
173696,546.768005
173697,547.373962
173698,547.96814
173699,548.550598
173700,537.571899
173701,538.300598
173702,539.013794
173703,539.712097
173704,540.396362
173705,541.067139
173706,541.724792
173707,542.369568
173708,543.001831
173709,543.621826
173710,544.229736
173711,544.825745
173712,545.409851
173713,538.865112
173714,539.578003
173715,540.276001
173716,540.959778
173717,541.630005
173718,542.28717
173719,542.931641
173720,543.56366
173721,544.18335
173722,544.791016
173723,545.38678
173724,545.970764
173725,540.17627
173726,540.873962
173727,541.557373
173728,542.227112
173729,542.883728
173730,543.52771
173731,544.159302
173732,544.778687
173733,545.386047
173734,545.981506
173735,546.565247
173736,541.50592
173737,542.171692
173738,542.189026
173739,542.854431
173740,542.858337
173741,543.523376
173742,543.514465
173743,544.179077
173744,544.157898
173745,544.822083
173746,544.78894
173747,545.452698
173748,545.407898
173749,546.071167
173750,546.014893
173751,546.677734
173752,546.610046
173753,547.2724
173754,547.855408
173755,543.289307
173756,544.063171
173757,544.819458
173758,545.558899
173759,546.282227
173760,546.990173
173761,547.68335
173762,543.222412
173763,543.97937
173764,544.719543
173765,545.443542
173766,546.152161
173767,546.845947
173768,547.525513
173769,543.121216
173770,543.862
173771,544.58667
173772,545.295959
173773,545.990417
173774,546.670593
173775,547.337097
173776,543.033875
173777,543.759155
173778,544.468994
173779,545.164062
173780,545.844849
173781,546.511902
173782,547.165771
173783,542.962036
173784,543.672485
173785,544.368042
173786,545.049438
173787,545.717041
173788,546.371399
173789,547.012939
173790,548.362244
173791,548.191406
173792,547.990356
173793,547.806702
173794,547.641907
173795,542.907349
173796,543.603455
173797,544.285278
173798,544.953491
173799,545.608337
173800,546.250366
173801,546.879883
173802,547.497192
173803,542.871094
173804,543.553406
173805,544.222107
173806,544.877502
173807,545.52002
173808,546.149963
173809,546.7677
173810,547.373474
173811,549.027527
173812,548.844055
173813,548.630798
173814,548.435242
173815,548.258789
173816,548.102539
173817,547.967529
173818,549.679565
173819,549.483948
173820,549.258789
173821,549.051636
173822,548.863708
173823,548.696228
173824,548.550049
173825,550.318848
173826,550.111328
173827,549.874634
173828,549.656067
173829,549.456909
173830,549.27832
173831,549.121155
173832,550.945679
173833,550.726624
173834,550.478516
173835,550.248779
173836,550.038574
173837,549.848938
173838,549.680786
173839,551.560364
173840,551.329956
173841,551.070679
173842,550.829834
173843,550.608643
173844,550.408081
173845,550.229004
173846,552.163147
173847,551.921509
173848,551.651184
173849,551.399414
173850,551.167236
173851,550.95575
173852,550.765686
173853,552.754089
173854,552.501404
173855,552.220154
173856,551.957458
173857,551.714355
173858,551.491882
173859,551.290771
173860,553.333435
173861,553.069824
173862,552.777649
173863,552.504028
173864,552.249939
173865,552.016418
173866,538.300598
173867,539.013794
173868,539.712341
173869,540.39679
173870,541.067566
173871,541.724792
173872,542.368896
173873,543.000549
173874,543.620178
173875,544.22821
173876,544.824768
173877,545.409851
173878,539.578064
173879,540.276245
173880,540.960205
173881,541.630554
173882,542.287659
173883,542.931641
173884,543.563049
173885,544.18219
173886,544.789612
173887,545.385437
173888,545.969971
173889,546.54303
173890,540.874084
173891,541.557678
173892,542.2276
173893,542.884338
173894,543.528137
173895,544.159302
173896,544.778137
173897,545.38501
173898,545.980286
173899,546.564148
173900,547.136658
173901,547.697815
173902,542.189148
173903,542.854492
173904,542.858704
173905,543.523621
173906,543.515015
173907,544.179504
173908,544.158447
173909,544.822571
173910,544.789368
173911,545.453003
173912,545.407898
173913,546.071167
173914,546.014465
173915,546.677368
173916,546.609192
173917,547.271729
173918,547.192505
173919,547.854614
173920,547.764404
173921,548.426025
173922,548.986145
173923,548.874146
173924,549.534851
173925,545.983276
173926,547.104553
173927,548.247437
173928,549.411865
173929,550.072083
173930,546.544983
173931,547.65448
173932,548.785461
173933,550.597717
173934,547.095154
173935,551.111572
173936,553.901306
173937,553.62677
173938,553.323669
173939,553.039062
173940,554.457642
173941,554.172241
173942,543.289307
173943,544.063232
173944,544.819519
173945,545.558899
173946,546.282288
173947,546.990173
173948,547.68335
173949,548.362305
173950,549.027588
173951,549.679688
173952,550.31897
173953,550.94574
173954,551.560364
173955,552.162964
173956,552.753906
173957,543.222412
173958,543.979431
173959,544.719543
173960,545.443542
173961,546.152161
173962,546.845947
173963,547.525513
173964,548.191467
173965,548.844177
173966,549.48407
173967,550.11145
173968,550.726685
173969,551.329895
173970,551.921387
173971,543.121216
173972,543.862061
173973,544.586731
173974,545.295959
173975,545.990356
173976,546.670593
173977,547.337097
173978,547.990417
173979,548.63092
173980,549.258972
173981,549.874756
173982,550.478577
173983,551.070618
173984,551.651001
173985,543.033875
173986,543.759155
173987,544.468994
173988,545.164001
173989,545.844788
173990,546.511902
173991,547.165771
173992,547.806885
173993,548.435486
173994,549.05188
173995,549.65625
173996,550.24884
173997,550.829773
173998,542.962097
173999,543.672485
174000,544.367981
174001,545.049316
174002,545.716919
174003,546.371338
174004,547.013
174005,547.642151
174006,548.259094
174007,548.864014
174008,549.457153
174009,550.038635
174010,550.608521
174011,542.907349
174012,543.603394
174013,544.285217
174014,544.953308
174015,545.608154
174016,546.250305
174017,546.879944
174018,547.497437
174019,548.102966
174020,548.696655
174021,549.278625
174022,549.84906
174023,542.871033
174024,543.553345
174025,544.221863
174026,544.877197
174027,545.519714
174028,546.149841
174029,546.767822
174030,547.373901
174031,547.96814
174032,548.550659
174033,549.121582
174034,538.30072
174035,539.013916
174036,539.712219
174037,540.396301
174038,541.066833
174039,541.724426
174040,542.369324
174041,543.001709
174042,543.621765
174043,544.229797
174044,544.825928
174045,545.410278
174046,539.578125
174047,540.276184
174048,540.9599
174049,541.629944
174050,542.286987
174051,542.931335
174052,543.563354
174053,544.183228
174054,544.790955
174055,545.386841
174056,545.970947
174057,540.874023
174058,541.557495
174059,542.227173
174060,542.883667
174061,543.527527
174062,544.158997
174063,544.778442
174064,545.385864
174065,545.981445
174066,542.189087
174067,542.854492
174068,542.858459
174069,543.523438
174070,543.514526
174071,544.179138
174072,544.157837
174073,544.822021
174074,544.788818
174075,545.452576
174076,545.407715
174077,546.070984
174078,546.014709
174079,546.677551
174080,546.609924
174081,547.272278
174082,547.855347
174083,548.426819
174084,544.063171
174085,544.819458
174086,545.558899
174087,546.282227
174088,546.990173
174089,547.68335
174090,548.362244
174091,543.97937
174092,544.719543
174093,545.443542
174094,546.152161
174095,546.845947
174096,547.525513
174097,548.191406
174098,543.862
174099,544.58667
174100,545.295959
174101,545.990417
174102,546.670593
174103,547.337097
174104,547.990356
174105,543.759155
174106,544.468994
174107,545.164062
174108,545.844849
174109,546.511963
174110,547.165771
174111,547.806763
174112,543.672485
174113,544.368042
174114,545.049438
174115,545.717041
174116,546.37146
174117,547.013
174118,547.641968
174119,549.027527
174120,548.844055
174121,548.630798
174122,548.435242
174123,548.258789
174124,543.603455
174125,544.285278
174126,544.953491
174127,545.608398
174128,546.250427
174129,546.879944
174130,547.497253
174131,548.1026
174132,543.553406
174133,544.222107
174134,544.877502
174135,545.520081
174136,546.150085
174137,546.767822
174138,547.373596
174139,547.96759
174140,549.679565
174141,549.483948
174142,549.258789
174143,549.051575
174144,548.863708
174145,548.696167
174146,548.549988
174147,550.318848
174148,550.111328
174149,549.874573
174150,549.656006
174151,549.456848
174152,549.278198
174153,549.121033
174154,550.945679
174155,550.726562
174156,550.478455
174157,550.248718
174158,550.038452
174159,549.848816
174160,549.680603
174161,551.560364
174162,551.329895
174163,551.070618
174164,550.829773
174165,550.608521
174166,550.407959
174167,550.228821
174168,552.163086
174169,551.921448
174170,551.651123
174171,551.399353
174172,551.167175
174173,550.955627
174174,550.765564
174175,552.754089
174176,552.501404
174177,552.220154
174178,551.957397
174179,551.714355
174180,551.491821
174181,551.29071
174182,553.333435
174183,553.069824
174184,552.777649
174185,552.504028
174186,552.25
174187,552.016418
174188,551.804138
174189,553.901306
174190,553.62677
174191,553.32373
174192,553.039124
174193,552.774048
174194,552.529358
174195,539.013977
174196,539.712402
174197,540.396729
174198,541.067505
174199,541.724976
174200,542.369324
174201,543.000916
174202,543.620361
174203,544.228088
174204,544.824341
174205,545.409241
174206,545.982788
174207,540.276306
174208,540.960266
174209,541.630554
174210,542.287659
174211,542.931885
174212,543.563354
174213,544.182495
174214,544.789734
174215,545.385315
174216,545.969604
174217,546.542542
174218,547.104187
174219,541.557678
174220,542.2276
174221,542.884338
174222,543.528198
174223,544.159485
174224,544.778442
174225,545.385315
174226,545.980408
174227,546.564026
174228,547.136353
174229,548.247131
174230,542.858643
174231,543.523621
174232,543.515015
174233,544.179504
174234,544.158508
174235,544.822571
174236,544.789429
174237,545.453125
174238,545.408142
174239,546.07135
174240,546.014709
174241,546.677551
174242,546.609436
174243,547.271912
174244,547.192566
174245,547.854675
174246,547.764282
174247,548.425964
174248,548.985962
174249,549.534668
174250,549.411621
174251,550.071899
174252,546.5448
174253,547.654236
174254,548.785278
174255,550.597595
174256,547.095093
174257,548.192688
174258,554.457703
174259,554.172302
174260,553.858276
174261,555.002686
174262,544.063171
174263,544.819458
174264,545.558899
174265,546.282288
174266,546.990173
174267,547.68335
174268,548.362305
174269,549.027588
174270,549.679688
174271,550.31897
174272,550.94574
174273,551.560364
174274,552.163025
174275,552.753967
174276,543.97937
174277,544.719543
174278,545.443542
174279,546.152161
174280,546.845947
174281,547.525513
174282,548.191467
174283,548.844177
174284,549.48407
174285,550.11145
174286,550.726685
174287,551.329956
174288,551.921387
174289,552.501282
174290,543.862
174291,544.586731
174292,545.295959
174293,545.990356
174294,546.670532
174295,547.337097
174296,547.990417
174297,548.63092
174298,549.258972
174299,549.874756
174300,550.478638
174301,551.070679
174302,551.651062
174303,552.219971
174304,543.759155
174305,544.468994
174306,545.164001
174307,545.844788
174308,546.511841
174309,547.165771
174310,547.806824
174311,548.435425
174312,549.051819
174313,549.65625
174314,550.248901
174315,550.829834
174316,551.399231
174317,543.672485
174318,544.368042
174319,545.049316
174320,545.716919
174321,546.371338
174322,547.012939
174323,547.64209
174324,548.259033
174325,548.864014
174326,549.457214
174327,550.038696
174328,550.608643
174329,543.603394
174330,544.285217
174331,544.953308
174332,545.608154
174333,546.250244
174334,546.879883
174335,547.497375
174336,548.102905
174337,548.696594
174338,549.278687
174339,549.849121
174340,543.553406
174341,544.221924
174342,544.877197
174343,545.519714
174344,546.14978
174345,546.7677
174346,547.373779
174347,547.968018
174348,548.550598
174349,549.121582
174350,549.68103
174351,539.014038
174352,539.712402
174353,540.396362
174354,541.066711
174355,541.724121
174356,542.368896
174357,543.001404
174358,543.621643
174359,544.229736
174360,544.825989
174361,545.410522
174362,540.276306
174363,540.960022
174364,541.630005
174365,542.286865
174366,542.931091
174367,543.563049
174368,544.182922
174369,544.790771
174370,545.38678
174371,541.557617
174372,542.227356
174373,542.883728
174374,543.527405
174375,544.158813
174376,544.778137
174377,545.38562
174378,545.981323
174379,542.858582
174380,543.52356
174381,543.514648
174382,544.17926
174383,544.157898
174384,544.822083
174385,544.788757
174386,545.452515
174387,545.407471
174388,546.070862
174389,546.014465
174390,546.677368
174391,546.60968
174392,547.272095
174393,547.855225
174394,548.426758
174395,544.819458
174396,545.558899
174397,546.282227
174398,546.990173
174399,547.68335
174400,548.362305
174401,549.027527
174402,544.719543
174403,545.443542
174404,546.152161
174405,546.845947
174406,547.525574
174407,548.191467
174408,548.844116
174409,544.58667
174410,545.295959
174411,545.990417
174412,546.670593
174413,547.337158
174414,547.990417
174415,548.630859
174416,544.468994
174417,545.164062
174418,545.844849
174419,546.511963
174420,547.165833
174421,547.806824
174422,548.435303
174423,544.368042
174424,545.049438
174425,545.717102
174426,546.37146
174427,547.013062
174428,547.64209
174429,548.25885
174430,549.679565
174431,549.483948
174432,549.258789
174433,549.051636
174434,548.863708
174435,544.285278
174436,544.953491
174437,545.608398
174438,546.250488
174439,546.880066
174440,547.497375
174441,548.102661
174442,548.696228
174443,544.222046
174444,544.877502
174445,545.520081
174446,546.150146
174447,546.768005
174448,547.373779
174449,547.967712
174450,548.550049
174451,550.318787
174452,550.111328
174453,549.874573
174454,549.656006
174455,549.456848
174456,549.278198
174457,549.120972
174458,550.945618
174459,550.726562
174460,550.478394
174461,550.248657
174462,550.038391
174463,549.848694
174464,549.680481
174465,551.560303
174466,551.329834
174467,551.070557
174468,550.829712
174469,550.608459
174470,550.407837
174471,550.228699
174472,552.163025
174473,551.921387
174474,551.651062
174475,551.399231
174476,551.167053
174477,550.955505
174478,550.765442
174479,552.754028
174480,552.501404
174481,552.220093
174482,551.957336
174483,551.714294
174484,551.49176
174485,551.290649
174486,553.333435
174487,553.069824
174488,552.777649
174489,552.504028
174490,552.249939
174491,552.016418
174492,551.804138
174493,553.901306
174494,553.626831
174495,553.32373
174496,553.039185
174497,552.774109
174498,552.529358
174499,554.457764
174500,554.172302
174501,553.858337
174502,553.562744
174503,553.286499
174504,539.712585
174505,540.39679
174506,541.067444
174507,541.724976
174508,542.369568
174509,543.001404
174510,543.620789
174511,544.22821
174512,544.824158
174513,545.408813
174514,545.982239
174515,546.544312
174516,540.960266
174517,541.630554
174518,542.287659
174519,542.931946
174520,543.56366
174521,544.182922
174522,544.790039
174523,545.385437
174524,545.969421
174525,546.542175
174526,547.65387
174527,542.2276
174528,542.884338
174529,543.528259
174530,544.159607
174531,544.778687
174532,545.38562
174533,545.980713
174534,546.564148
174535,547.136292
174536,548.784973
174537,543.514954
174538,544.179443
174539,544.158447
174540,544.822571
174541,544.78949
174542,545.453125
174543,545.408264
174544,546.071472
174545,546.014893
174546,546.677734
174547,546.60968
174548,547.272095
174549,547.19281
174550,547.854797
174551,547.764404
174552,548.426025
174553,548.324646
174554,548.985901
174555,549.534485
174556,549.411316
174557,550.071655
174558,549.937561
174559,550.597412
174560,547.094849
174561,548.192505
174562,547.633667
174563,555.002747
174564,554.70636
174565,544.819458
174566,545.558899
174567,546.282288
174568,546.990173
174569,547.683289
174570,548.362244
174571,549.027527
174572,549.679626
174573,550.31897
174574,550.94574
174575,551.560425
174576,552.163086
174577,552.754028
174578,553.333313
174579,544.719543
174580,545.443542
174581,546.152161
174582,546.845947
174583,547.525513
174584,548.191406
174585,548.844116
174586,549.484009
174587,550.11145
174588,550.726685
174589,551.329956
174590,551.921448
174591,552.501343
174592,553.069702
174593,544.586731
174594,545.295959
174595,545.990356
174596,546.670532
174597,547.337036
174598,547.990356
174599,548.630859
174600,549.258911
174601,549.874756
174602,550.478638
174603,551.07074
174604,551.651123
174605,552.220032
174606,544.468994
174607,545.164001
174608,545.844788
174609,546.511841
174610,547.16571
174611,547.806763
174612,548.435364
174613,549.051819
174614,549.65625
174615,550.248901
174616,550.829895
174617,551.399353
174618,544.368042
174619,545.049377
174620,545.716919
174621,546.371277
174622,547.012878
174623,547.641968
174624,548.258972
174625,548.863953
174626,549.457153
174627,550.038757
174628,550.608704
174629,544.285278
174630,544.953369
174631,545.608154
174632,546.250183
174633,546.879822
174634,547.497253
174635,548.102783
174636,548.696533
174637,549.278625
174638,549.849182
174639,550.408142
174640,544.221985
174641,544.877258
174642,545.519714
174643,546.149719
174644,546.767578
174645,547.373596
174646,547.967896
174647,548.550476
174648,549.121582
174649,549.681091
174650,539.712524
174651,540.396606
174652,541.066833
174653,541.723999
174654,542.36853
174655,543.000916
174656,543.621277
174657,544.229553
174658,544.825928
174659,540.960205
174660,541.630249
174661,542.286987
174662,542.930969
174663,543.562744
174664,544.182495
174665,544.790466
174666,545.386597
174667,542.227478
174668,542.883911
174669,543.527527
174670,544.158691
174671,544.777893
174672,545.385315
174673,545.981018
174674,543.514832
174675,544.179382
174676,544.158081
174677,544.822205
174678,544.788818
174679,545.452576
174680,545.40741
174681,546.070801
174682,546.014221
174683,546.677185
174684,546.609436
174685,547.271912
174686,547.193054
174687,547.855042
174688,548.426636
174689,545.558899
174690,546.282227
174691,546.990173
174692,547.68335
174693,548.362305
174694,549.027527
174695,549.679565
174696,545.443542
174697,546.152161
174698,546.845947
174699,547.525574
174700,548.191467
174701,548.844116
174702,549.483948
174703,545.295959
174704,545.990417
174705,546.670593
174706,547.337158
174707,547.990417
174708,548.630859
174709,549.258789
174710,545.164062
174711,545.844849
174712,546.511963
174713,547.165833
174714,547.806885
174715,548.435364
174716,549.051697
174717,545.049377
174718,545.717041
174719,546.371521
174720,547.013062
174721,547.642151
174722,548.258972
174723,548.86377
174724,550.318848
174725,550.111328
174726,549.874573
174727,549.656006
174728,549.456848
174729,544.95343
174730,545.608398
174731,546.250488
174732,546.880127
174733,547.497437
174734,548.102783
174735,548.696289
174736,549.278198
174737,544.877441
174738,545.520081
174739,546.150208
174740,546.768066
174741,547.373901
174742,547.967896
174743,548.550171
174744,549.121033
174745,550.945618
174746,550.726501
174747,550.478394
174748,550.248596
174749,550.03833
174750,549.848633
174751,549.68042
174752,551.560242
174753,551.329834
174754,551.070496
174755,550.829651
174756,550.608337
174757,550.407715
174758,550.228516
174759,552.162964
174760,551.921387
174761,551.651001
174762,551.39917
174763,551.166992
174764,550.955383
174765,550.765259
174766,552.754028
174767,552.501343
174768,552.220032
174769,551.957275
174770,551.714172
174771,551.491638
174772,551.290466
174773,553.333435
174774,553.069763
174775,552.777588
174776,552.503967
174777,552.249878
174778,552.016357
174779,551.804016
174780,553.901306
174781,553.62677
174782,553.32373
174783,553.039124
174784,552.774048
174785,552.529358
174786,554.457764
174787,554.172363
174788,553.858337
174789,553.562744
174790,553.286499
174791,555.002747
174792,554.706421
174793,554.381409
174794,554.074707
174795,540.396912
174796,541.067505
174797,541.724976
174798,542.369629
174799,543.001709
174800,543.621277
174801,544.228638
174802,544.824341
174803,545.40863
174804,545.98175
174805,547.094421
174806,541.630554
174807,542.287659
174808,542.931946
174809,543.563782
174810,544.183228
174811,544.790466
174812,545.385803
174813,545.969604
174814,546.542053
174815,548.192139
174816,542.884277
174817,543.528198
174818,544.159668
174819,544.778809
174820,545.385864
174821,545.981018
174822,546.564453
174823,547.136353
174824,547.697021
174825,548.784607
174826,549.31134
174827,544.158386
174828,544.822449
174829,544.789429
174830,545.453125
174831,545.408264
174832,546.071472
174833,546.015076
174834,546.677795
174835,546.609924
174836,547.272278
174837,547.193054
174838,547.855042
174839,547.764587
174840,548.426208
174841,548.324768
174842,548.985962
174843,548.873596
174844,549.534424
174845,549.411133
174846,550.071533
174847,549.937256
174848,550.597168
174849,550.451843
174850,551.111267
174851,547.633484
174852,555.536316
174853,555.228943
174854,545.558899
174855,546.282288
174856,546.990173
174857,547.683289
174858,548.362244
174859,549.027527
174860,549.679626
174861,550.318909
174862,550.94574
174863,551.560425
174864,552.163147
174865,552.754028
174866,553.333374
174867,553.901184
174868,545.443542
174869,546.152161
174870,546.845947
174871,547.525513
174872,548.191406
174873,548.844116
174874,549.484009
174875,550.11145
174876,550.726685
174877,551.330017
174878,551.921509
174879,552.501404
174880,553.069702
174881,545.295959
174882,545.990356
174883,546.670532
174884,547.337036
174885,547.990356
174886,548.630859
174887,549.25885
174888,549.874695
174889,550.478638
174890,551.07074
174891,551.651184
174892,552.220093
174893,545.164062
174894,545.844788
174895,546.511841
174896,547.16571
174897,547.806702
174898,548.435303
174899,549.051758
174900,549.656189
174901,550.248901
174902,550.829895
174903,551.399414
174904,551.957336
174905,545.049377
174906,545.71698
174907,546.371338
174908,547.012817
174909,547.641907
174910,548.25885
174911,548.863892
174912,549.457092
174913,550.038696
174914,550.608704
174915,551.167236
174916,544.95343
174917,545.608215
174918,546.250244
174919,546.879761
174920,547.497192
174921,548.102661
174922,548.696411
174923,549.278564
174924,549.849121
174925,550.408203
174926,544.87738
174927,545.519836
174928,546.14978
174929,546.767578
174930,547.373474
174931,547.967712
174932,548.550354
174933,549.12146
174934,549.68103
174935,540.396851
174936,541.067139
174937,541.724121
174938,542.368408
174939,543.000549
174940,543.620789
174941,544.229187
174942,544.825745
174943,541.630432
174944,542.28717
174945,542.931091
174946,543.562622
174947,544.18219
174948,544.790039
174949,545.38623
174950,542.884155
174951,543.52771
174952,544.158813
174953,544.777771
174954,545.38501
174955,545.980713
174956,546.564758
174957,544.158264
174958,544.822327
174959,544.78894
174960,545.452698
174961,545.407471
174962,546.070862
174963,546.01416
174964,546.677124
174965,546.609192
174966,547.271729
174967,547.19281
174968,547.854797
174969,548.426453
174970,546.282227
174971,546.990173
174972,547.68335
174973,548.362305
174974,549.027588
174975,549.679626
174976,550.318848
174977,546.152161
174978,546.845947
174979,547.525574
174980,548.191467
174981,548.844177
174982,549.484009
174983,550.111328
174984,545.990417
174985,546.670593
174986,547.337158
174987,547.990479
174988,548.63092
174989,549.25885
174990,549.874634
174991,545.844849
174992,546.511963
174993,547.165833
174994,547.806885
174995,548.435425
174996,549.051758
174997,549.656067
174998,545.717041
174999,546.37146
175000,547.013062
175001,547.642151
175002,548.259033
175003,548.863892
175004,549.456909
175005,550.945618
175006,550.726562
175007,550.478394
175008,550.248657
175009,550.038391
175010,545.608337
175011,546.250488
175012,546.880127
175013,547.497498
175014,548.102905
175015,548.696411
175016,549.27832
175017,549.848694
175018,545.52002
175019,546.150146
175020,546.768066
175021,547.373962
175022,547.968018
175023,548.550354
175024,549.121155
175025,549.680481
175026,551.560242
175027,551.329773
175028,551.070496
175029,550.82959
175030,550.608337
175031,550.407654
175032,550.228516
175033,552.162964
175034,551.921326
175035,551.65094
175036,551.399109
175037,551.16687
175038,550.955261
175039,550.765137
175040,552.753967
175041,552.501282
175042,552.219971
175043,551.957214
175044,551.71405
175045,551.491516
175046,551.290283
175047,553.333374
175048,553.069702
175049,552.777527
175050,552.503906
175051,552.249817
175052,552.016235
175053,551.803894
175054,553.901306
175055,553.62677
175056,553.323669
175057,553.039062
175058,552.773987
175059,552.529236
175060,554.457764
175061,554.172302
175062,553.858337
175063,553.562744
175064,553.286499
175065,555.002808
175066,554.706421
175067,554.38147
175068,554.074707
175069,555.536377
175070,555.229004
175071,541.067566
175072,541.724976
175073,542.369629
175074,543.001831
175075,543.621643
175076,544.229187
175077,544.824768
175078,545.408813
175079,545.981567
175080,547.632996
175081,542.287659
175082,542.931946
175083,543.563782
175084,544.18335
175085,544.790771
175086,545.38623
175087,545.969971
175088,546.542175
175089,547.10321
175090,548.19165
175091,548.718872
175092,543.528137
175093,544.159607
175094,544.77887
175095,545.386047
175096,545.981323
175097,546.564758
175098,547.136658
175099,547.697144
175100,548.246338
175101,548.784302
175102,549.310974
175103,549.825989
175104,544.789368
175105,545.453003
175106,545.408264
175107,546.071472
175108,546.015076
175109,546.677856
175110,546.610046
175111,547.2724
175112,547.193298
175113,547.855225
175114,547.764893
175115,548.426453
175116,548.324951
175117,548.986145
175118,548.873657
175119,549.534485
175120,549.411011
175121,550.071472
175122,549.937073
175123,550.596985
175124,550.451538
175125,551.111023
175126,551.613281
175127,556.058411
175128,546.282227
175129,546.990173
175130,547.683289
175131,548.362244
175132,549.027527
175133,549.679565
175134,550.318909
175135,550.94574
175136,551.560425
175137,552.163147
175138,552.754089
175139,553.333435
175140,553.901245
175141,546.152161
175142,546.845947
175143,547.525513
175144,548.191406
175145,548.844055
175146,549.483948
175147,550.111389
175148,550.726685
175149,551.329956
175150,551.921509
175151,552.501404
175152,553.069763
175153,545.990356
175154,546.670593
175155,547.337036
175156,547.990356
175157,548.630798
175158,549.258789
175159,549.874695
175160,550.478577
175161,551.07074
175162,551.651184
175163,552.220154
175164,552.777588
175165,545.844849
175166,546.511902
175167,547.16571
175168,547.806702
175169,548.435242
175170,549.051697
175171,549.656128
175172,550.24884
175173,550.829895
175174,551.399414
175175,551.957397
175176,545.717041
175177,546.371338
175178,547.012878
175179,547.641907
175180,548.258789
175181,548.86377
175182,549.457031
175183,550.038635
175184,550.608704
175185,551.167236
175186,545.608276
175187,546.250305
175188,546.879822
175189,547.497131
175190,548.1026
175191,548.696289
175192,549.278442
175193,549.84906
175194,550.408142
175195,545.519897
175196,546.149841
175197,546.767578
175198,547.373413
175199,547.96759
175200,548.550171
175201,549.121338
175202,549.680969
175203,541.067383
175204,541.724426
175205,542.36853
175206,543.000427
175207,543.620361
175208,544.228638
175209,544.825317
175210,542.287476
175211,542.931335
175212,543.562744
175213,544.182068
175214,544.789734
175215,545.385803
175216,545.970398
175217,543.527954
175218,544.158997
175219,544.777893
175220,545.384949
175221,545.980408
175222,546.564453
175223,544.789185
175224,545.452881
175225,545.407715
175226,546.070984
175227,546.014221
175228,546.677185
175229,546.609131
175230,547.271667
175231,547.192566
175232,547.854675
175233,547.764587
175234,548.426208
175235,548.986389
175236,546.990173
175237,547.68335
175238,548.362305
175239,549.027588
175240,549.679626
175241,550.318909
175242,550.945679
175243,546.845947
175244,547.525574
175245,548.191467
175246,548.844177
175247,549.484009
175248,550.111389
175249,550.726562
175250,546.670593
175251,547.337158
175252,547.990479
175253,548.63092
175254,549.258911
175255,549.874695
175256,550.478455
175257,546.511963
175258,547.165833
175259,547.806885
175260,548.435486
175261,549.051819
175262,549.656128
175263,550.248718
175264,546.37146
175265,547.013062
175266,547.642212
175267,548.259094
175268,548.863953
175269,549.457031
175270,550.038452
175271,551.560242
175272,551.329834
175273,551.070496
175274,550.829651
175275,550.608337
175276,546.250427
175277,546.880127
175278,547.497559
175279,548.102966
175280,548.696533
175281,549.278442
175282,549.848816
175283,550.407715
175284,546.150085
175285,546.768066
175286,547.374023
175287,547.96814
175288,548.550476
175289,549.121338
175290,549.680603
175291,550.228516
175292,552.162964
175293,551.921326
175294,551.65094
175295,551.399109
175296,551.16687
175297,550.955261
175298,550.765076
175299,552.753906
175300,552.501221
175301,552.21991
175302,551.957153
175303,551.713989
175304,551.491394
175305,551.290161
175306,553.333313
175307,553.069702
175308,552.777466
175309,552.503784
175310,552.249695
175311,552.016113
175312,551.803711
175313,553.901245
175314,553.626709
175315,553.323608
175316,553.039001
175317,552.773926
175318,552.529175
175319,552.30542
175320,554.457703
175321,554.172302
175322,553.858276
175323,553.562683
175324,553.286438
175325,555.002747
175326,554.706421
175327,554.381409
175328,554.074707
175329,555.536377
175330,555.229004
175331,556.058411
175332,541.724976
175333,542.369629
175334,543.001831
175335,543.621765
175336,544.229553
175337,544.825317
175338,545.409241
175339,545.98175
175340,546.543091
175341,547.632446
175342,548.160095
175343,542.931885
175344,543.563782
175345,544.183411
175346,544.790955
175347,545.386597
175348,545.970398
175349,546.542542
175350,547.103333
175351,547.652893
175352,548.191284
175353,548.718384
175354,549.233948
175355,544.159485
175356,544.778809
175357,545.386108
175358,545.981445
175359,546.565063
175360,547.137024
175361,547.697449
175362,548.24646
175363,548.784241
175364,549.310669
175365,549.825684
175366,545.408142
175367,546.07135
175368,546.015076
175369,546.677795
175370,546.610107
175371,547.272461
175372,547.19342
175373,547.855347
175374,547.765137
175375,548.426636
175376,548.325256
175377,548.986389
175378,548.873901
175379,549.534668
175380,549.411133
175381,550.071533
175382,549.936951
175383,550.596924
175384,550.451355
175385,551.11084
175386,550.954041
175387,551.613037
175388,546.990173
175389,547.68335
175390,548.362244
175391,549.027527
175392,549.679565
175393,550.318848
175394,550.945679
175395,551.560364
175396,552.163147
175397,552.754089
175398,553.333435
175399,553.901306
175400,546.845947
175401,547.525513
175402,548.191406
175403,548.844055
175404,549.483948
175405,550.111328
175406,550.726624
175407,551.329956
175408,551.921509
175409,552.501404
175410,553.069824
175411,553.62677
175412,546.670593
175413,547.337097
175414,547.990356
175415,548.630798
175416,549.258789
175417,549.874634
175418,550.478516
175419,551.070679
175420,551.651184
175421,552.220154
175422,546.511902
175423,547.165771
175424,547.806702
175425,548.435242
175426,549.051636
175427,549.656067
175428,550.248779
175429,550.829834
175430,551.399414
175431,551.957458
175432,546.371399
175433,547.012939
175434,547.641907
175435,548.258789
175436,548.863708
175437,549.456909
175438,550.038574
175439,550.608643
175440,551.167236
175441,546.250366
175442,546.879883
175443,547.497192
175444,548.102539
175445,548.696228
175446,549.27832
175447,549.848938
175448,550.408081
175449,546.149963
175450,546.7677
175451,547.373474
175452,547.967529
175453,548.550049
175454,549.121155
175455,549.680786
175456,541.724792
175457,542.368896
175458,543.000549
175459,543.620178
175460,544.22821
175461,544.824768
175462,545.409851
175463,542.931641
175464,543.563049
175465,544.18219
175466,544.789612
175467,545.385437
175468,545.969971
175469,544.159302
175470,544.778137
175471,545.38501
175472,545.980286
175473,546.564148
175474,547.136658
175475,545.407898
175476,546.071167
175477,546.014465
175478,546.677368
175479,546.609192
175480,547.271729
175481,547.192505
175482,547.854614
175483,547.764404
175484,548.426025
175485,548.986145
175486,549.534851
175487,547.68335
175488,548.362305
175489,549.027588
175490,549.679688
175491,550.318909
175492,550.945679
175493,551.560303
175494,547.525574
175495,548.191467
175496,548.844177
175497,549.48407
175498,550.11145
175499,550.726624
175500,551.329834
175501,547.337158
175502,547.990479
175503,548.63092
175504,549.258972
175505,549.874695
175506,550.478516
175507,551.070557
175508,547.165833
175509,547.806885
175510,548.435486
175511,549.051819
175512,549.656189
175513,550.248779
175514,550.829712
175515,547.013062
175516,547.642151
175517,548.259094
175518,548.864014
175519,549.457092
175520,550.038574
175521,550.608459
175522,552.162964
175523,551.921326
175524,551.65094
175525,551.399109
175526,551.16687
175527,546.880066
175528,547.497498
175529,548.102966
175530,548.696594
175531,549.278564
175532,549.848938
175533,550.407837
175534,550.955261
175535,546.768005
175536,547.373962
175537,547.96814
175538,548.550598
175539,549.12146
175540,549.680786
175541,550.228699
175542,550.765137
175543,552.753906
175544,552.501221
175545,552.21991
175546,551.957092
175547,551.713989
175548,551.491394
175549,551.2901
175550,553.333252
175551,553.069641
175552,552.777405
175553,552.503723
175554,552.249634
175555,552.015991
175556,551.803589
175557,553.901184
175558,553.626648
175559,553.323547
175560,553.03894
175561,552.773804
175562,552.528992
175563,552.305237
175564,554.457642
175565,554.172241
175566,553.858215
175567,553.562622
175568,553.286316
175569,553.030212
175570,555.002747
175571,554.70636
175572,554.381409
175573,554.074646
175574,555.536377
175575,555.229004
175576,556.058411
175577,542.369568
175578,543.001831
175579,543.621826
175580,544.229736
175581,544.825745
175582,545.409851
175583,545.982239
175584,546.543274
175585,547.09314
175586,547.631958
175587,548.159546
175588,548.675598
175589,543.56366
175590,544.18335
175591,544.791016
175592,545.38678
175593,545.970764
175594,546.54303
175595,547.103699
175596,547.653015
175597,548.191162
175598,548.718018
175599,549.233521
175600,544.778687
175601,545.386047
175602,545.981506
175603,546.565247
175604,547.137329
175605,547.697815
175606,548.246765
175607,548.784302
175608,549.310547
175609,549.825378
175610,550.328552
175611,546.014893
175612,546.677734
175613,546.610046
175614,547.2724
175615,547.193481
175616,547.855408
175617,547.765259
175618,548.426758
175619,548.3255
175620,548.986572
175621,548.874146
175622,549.534851
175623,549.411316
175624,550.071655
175625,549.937073
175626,550.596985
175627,550.451294
175628,551.110779
175629,550.953796
175630,551.612915
175631,547.68335
175632,548.362244
175633,549.027527
175634,549.679565
175635,550.318848
175636,550.945679
175637,551.560364
175638,552.163086
175639,552.754089
175640,553.333435
175641,553.901306
175642,554.457703
175643,547.525513
175644,548.191406
175645,548.844055
175646,549.483948
175647,550.111328
175648,550.726562
175649,551.329895
175650,551.921448
175651,552.501404
175652,553.069824
175653,547.337097
175654,547.990356
175655,548.630798
175656,549.258789
175657,549.874573
175658,550.478455
175659,551.070618
175660,551.651123
175661,552.220154
175662,547.165771
175663,547.806763
175664,548.435242
175665,549.051575
175666,549.656006
175667,550.248718
175668,550.829773
175669,551.399353
175670,551.957397
175671,547.013
175672,547.641968
175673,548.258789
175674,548.863708
175675,549.456848
175676,550.038452
175677,550.608521
175678,551.167175
175679,546.879944
175680,547.497253
175681,548.1026
175682,548.696167
175683,549.278198
175684,549.848816
175685,550.407959
175686,546.767822
175687,547.373596
175688,547.96759
175689,548.549988
175690,549.121033
175691,549.680603
175692,550.228821
175693,542.369324
175694,543.000916
175695,543.620361
175696,544.228088
175697,544.824341
175698,545.409241
175699,543.563354
175700,544.182495
175701,544.789734
175702,545.385315
175703,545.969604
175704,546.542542
175705,544.778442
175706,545.385315
175707,545.980408
175708,546.564026
175709,547.136353
175710,546.014709
175711,546.677551
175712,546.609436
175713,547.271912
175714,547.192566
175715,547.854675
175716,547.764282
175717,548.425964
175718,548.324768
175719,548.985962
175720,549.534668
175721,548.362305
175722,549.027588
175723,549.679688
175724,550.31897
175725,550.94574
175726,551.560364
175727,552.162964
175728,548.191467
175729,548.844177
175730,549.48407
175731,550.11145
175732,550.726685
175733,551.329895
175734,551.921387
175735,547.990417
175736,548.63092
175737,549.258972
175738,549.874756
175739,550.478577
175740,551.070618
175741,551.651001
175742,547.806885
175743,548.435486
175744,549.05188
175745,549.65625
175746,550.24884
175747,550.829773
175748,551.39917
175749,547.642151
175750,548.259094
175751,548.864014
175752,549.457153
175753,550.038635
175754,550.608521
175755,551.166992
175756,552.753906
175757,552.501221
175758,552.21991
175759,551.957153
175760,551.713989
175761,547.497437
175762,548.102966
175763,548.696655
175764,549.278625
175765,549.84906
175766,550.407959
175767,550.955383
175768,551.491394
175769,547.373901
175770,547.96814
175771,548.550659
175772,549.121582
175773,549.680969
175774,550.228821
175775,550.765259
175776,551.290161
175777,553.333252
175778,553.069641
175779,552.777405
175780,552.503723
175781,552.249573
175782,552.01593
175783,551.803528
175784,553.901123
175785,553.626587
175786,553.323486
175787,553.038879
175788,552.773743
175789,552.528931
175790,552.305115
175791,554.457581
175792,554.17218
175793,553.858154
175794,553.562561
175795,553.286255
175796,555.002686
175797,554.706299
175798,554.381348
175799,554.074585
175800,553.786926
175801,555.536316
175802,555.228943
175803,556.058411
175804,543.001709
175805,543.621765
175806,544.229797
175807,544.825928
175808,545.410278
175809,545.982788
175810,546.543762
175811,547.093323
175812,547.631775
175813,548.159058
175814,548.675049
175815,544.183228
175816,544.790955
175817,545.386841
175818,545.970947
175819,546.543396
175820,547.104187
175821,547.653442
175822,548.191284
175823,548.717896
175824,549.233154
175825,549.736816
175826,545.385864
175827,545.981445
175828,546.565308
175829,547.137512
175830,547.69812
175831,548.247131
175832,548.784607
175833,549.310669
175834,549.825256
175835,550.328308
175836,550.819397
175837,546.609924
175838,547.272278
175839,547.19342
175840,547.855347
175841,547.76532
175842,548.426819
175843,548.325623
175844,548.986694
175845,548.87439
175846,549.535095
175847,549.411621
175848,550.071899
175849,549.937256
175850,550.597168
175851,550.451355
175852,551.11084
175853,550.953735
175854,551.612854
175855,548.362305
175856,549.027527
175857,549.679565
175858,550.318787
175859,550.945618
175860,551.560303
175861,552.163025
175862,552.754028
175863,553.333435
175864,553.901306
175865,548.191467
175866,548.844116
175867,549.483948
175868,550.111328
175869,550.726562
175870,551.329834
175871,551.921387
175872,552.501404
175873,553.069824
175874,547.990417
175875,548.630859
175876,549.258789
175877,549.874573
175878,550.478394
175879,551.070557
175880,551.651062
175881,552.220093
175882,547.806824
175883,548.435303
175884,549.051636
175885,549.656006
175886,550.248657
175887,550.829712
175888,551.399231
175889,551.957336
175890,547.64209
175891,548.25885
175892,548.863708
175893,549.456848
175894,550.038391
175895,550.608459
175896,551.167053
175897,547.497375
175898,548.102661
175899,548.696228
175900,549.278198
175901,549.848694
175902,550.407837
175903,547.373779
175904,547.967712
175905,548.550049
175906,549.120972
175907,549.680481
175908,550.228699
175909,543.001404
175910,543.620789
175911,544.22821
175912,544.824158
175913,545.408813
175914,545.982239
175915,544.182922
175916,544.790039
175917,545.385437
175918,545.969421
175919,546.542175
175920,545.38562
175921,545.980713
175922,546.564148
175923,547.136292
175924,547.697144
175925,546.60968
175926,547.272095
175927,547.19281
175928,547.854797
175929,547.764404
175930,548.426025
175931,548.324646
175932,548.985901
175933,549.534485
175934,549.027588
175935,549.679688
175936,550.31897
175937,550.94574
175938,551.560364
175939,552.163025
175940,552.753967
175941,548.844177
175942,549.48407
175943,550.11145
175944,550.726685
175945,551.329956
175946,551.921387
175947,552.501282
175948,548.63092
175949,549.258972
175950,549.874756
175951,550.478638
175952,551.070679
175953,551.651062
175954,552.219971
175955,548.435425
175956,549.051819
175957,549.65625
175958,550.248901
175959,550.829834
175960,551.399231
175961,551.957214
175962,548.259033
175963,548.864014
175964,549.457214
175965,550.038696
175966,550.608643
175967,551.167053
175968,551.71405
175969,553.333252
175970,553.069641
175971,552.777405
175972,552.503723
175973,552.249634
175974,548.102905
175975,548.696594
175976,549.278687
175977,549.849121
175978,550.408081
175979,550.955505
175980,551.491516
175981,552.015991
175982,547.968018
175983,548.550598
175984,549.121582
175985,549.68103
175986,550.229004
175987,550.765442
175988,551.290283
175989,551.803589
175990,553.901123
175991,553.626587
175992,553.323486
175993,553.038818
175994,552.773682
175995,552.52887
175996,552.305115
175997,554.457581
175998,554.172119
175999,553.858093
176000,553.5625
176001,553.286194
176002,555.002625
176003,554.706238
176004,554.381226
176005,554.074463
176006,555.536255
176007,555.228882
176008,554.892761
176009,556.058411
176010,543.621643
176011,544.229736
176012,544.825989
176013,545.410522
176014,545.983276
176015,546.544312
176016,547.093811
176017,547.631958
176018,548.158936
176019,548.674561
176020,549.178711
176021,544.790771
176022,545.38678
176023,545.971008
176024,546.543579
176025,547.104553
176026,547.65387
176027,548.19165
176028,548.718018
176029,549.233032
176030,549.73645
176031,550.228027
176032,545.981323
176033,546.565247
176034,547.137573
176035,547.698303
176036,548.247437
176037,548.784973
176038,549.310974
176039,549.825378
176040,550.328186
176041,550.819092
176042,547.193298
176043,547.855225
176044,547.765259
176045,548.426758
176046,548.325684
176047,548.986755
176048,548.874573
176049,549.535217
176050,549.411865
176051,550.072083
176052,549.937561
176053,550.597412
176054,550.451538
176055,551.111023
176056,550.953796
176057,551.612915
176058,549.027527
176059,549.679565
176060,550.318848
176061,550.945618
176062,551.560242
176063,552.162964
176064,552.754028
176065,553.333435
176066,553.901306
176067,548.844116
176068,549.483948
176069,550.111328
176070,550.726501
176071,551.329834
176072,551.921387
176073,552.501343
176074,553.069763
176075,548.630859
176076,549.258789
176077,549.874573
176078,550.478394
176079,551.070496
176080,551.651001
176081,552.220032
176082,552.777588
176083,548.435364
176084,549.051697
176085,549.656006
176086,550.248596
176087,550.829651
176088,551.39917
176089,551.957275
176090,548.258972
176091,548.86377
176092,549.456848
176093,550.03833
176094,550.608337
176095,551.166992
176096,548.102783
176097,548.696289
176098,549.278198
176099,549.848633
176100,550.407715
176101,547.967896
176102,548.550171
176103,549.121033
176104,549.68042
176105,550.228516
176106,543.621277
176107,544.228638
176108,544.824341
176109,545.40863
176110,545.98175
176111,544.790466
176112,545.385803
176113,545.969604
176114,546.542053
176115,547.103333
176116,545.981018
176117,546.564453
176118,547.136353
176119,547.697021
176120,547.193054
176121,547.855042
176122,547.764587
176123,548.426208
176124,548.324768
176125,548.985962
176126,549.534424
176127,549.679626
176128,550.31897
176129,550.94574
176130,551.560425
176131,552.163086
176132,552.754028
176133,553.333313
176134,549.484009
176135,550.11145
176136,550.726685
176137,551.329956
176138,551.921448
176139,552.501343
176140,553.069702
176141,549.258911
176142,549.874756
176143,550.478638
176144,551.07074
176145,551.651123
176146,552.220032
176147,552.777466
176148,549.051819
176149,549.65625
176150,550.248901
176151,550.829895
176152,551.399353
176153,551.957275
176154,552.503784
176155,548.863953
176156,549.457153
176157,550.038757
176158,550.608704
176159,551.167175
176160,551.714172
176161,552.249695
176162,553.901123
176163,553.626587
176164,553.323486
176165,553.038879
176166,552.773743
176167,548.696533
176168,549.278625
176169,549.849182
176170,550.408142
176171,550.955627
176172,551.491638
176173,552.016113
176174,552.528931
176175,548.550476
176176,549.121582
176177,549.681091
176178,550.229126
176179,550.765564
176180,551.290466
176181,551.803711
176182,552.305115
176183,554.457581
176184,554.172119
176185,553.858093
176186,553.562439
176187,553.286133
176188,553.029968
176189,555.002563
176190,554.706238
176191,554.381226
176192,554.074402
176193,555.536194
176194,555.228821
176195,554.8927
176196,556.05835
176197,555.739807
176198,544.229553
176199,544.825928
176200,545.410522
176201,545.983459
176202,546.5448
176203,547.094421
176204,547.632446
176205,548.159058
176206,548.674377
176207,549.178223
176208,549.670349
176209,545.386597
176210,545.970947
176211,546.54364
176212,547.104736
176213,547.654236
176214,548.192139
176215,548.718384
176216,549.233154
176217,549.736328
176218,550.227661
176219,546.565063
176220,547.137512
176221,547.698303
176222,548.24762
176223,548.785278
176224,549.31134
176225,549.825684
176226,550.328308
176227,550.819031
176228,547.765137
176229,548.426636
176230,548.325623
176231,548.986694
176232,548.874634
176233,549.535217
176234,549.412048
176235,550.072205
176236,550.597595
176237,550.451843
176238,551.111267
176239,550.954041
176240,551.613037
176241,549.679626
176242,550.318848
176243,550.945618
176244,551.560242
176245,552.162964
176246,552.753967
176247,553.333374
176248,553.901306
176249,549.484009
176250,550.111328
176251,550.726562
176252,551.329773
176253,551.921326
176254,552.501282
176255,553.069702
176256,553.62677
176257,549.25885
176258,549.874634
176259,550.478394
176260,551.070496
176261,551.65094
176262,552.219971
176263,552.777527
176264,549.051758
176265,549.656067
176266,550.248657
176267,550.82959
176268,551.399109
176269,551.957214
176270,548.863892
176271,549.456909
176272,550.038391
176273,550.608337
176274,551.16687
176275,548.696411
176276,549.27832
176277,549.848694
176278,550.407654
176279,548.550354
176280,549.121155
176281,549.680481
176282,550.228516
176283,544.229187
176284,544.824768
176285,545.408813
176286,545.981567
176287,546.543274
176288,545.38623
176289,545.969971
176290,546.542175
176291,547.10321
176292,546.564758
176293,547.136658
176294,547.697144
176295,547.764893
176296,548.426453
176297,548.324951
176298,548.986145
176299,549.534485
176300,550.318909
176301,550.94574
176302,551.560425
176303,552.163147
176304,552.754028
176305,553.333374
176306,553.901184
176307,550.11145
176308,550.726685
176309,551.330017
176310,551.921509
176311,552.501404
176312,553.069702
176313,553.626648
176314,549.874695
176315,550.478638
176316,551.07074
176317,551.651184
176318,552.220093
176319,552.777527
176320,553.323547
176321,549.656189
176322,550.248901
176323,550.829895
176324,551.399414
176325,551.957336
176326,552.503906
176327,553.03894
176328,549.457092
176329,550.038696
176330,550.608704
176331,551.167236
176332,551.714294
176333,552.249817
176334,552.773804
176335,554.457581
176336,554.172119
176337,553.858093
176338,553.5625
176339,553.286194
176340,549.278564
176341,549.849121
176342,550.408203
176343,550.95575
176344,551.49176
176345,552.016235
176346,552.528992
176347,553.030029
176348,549.12146
176349,549.68103
176350,550.229126
176351,550.765686
176352,551.290649
176353,551.803894
176354,552.305237
176355,555.002563
176356,554.706238
176357,554.381165
176358,554.074402
176359,553.786743
176360,555.536194
176361,555.228821
176362,554.892639
176363,556.058289
176364,555.739746
176365,555.392273
176366,556.568787
176367,556.238892
176368,544.825745
176369,545.410522
176370,545.983521
176371,546.544983
176372,547.094849
176373,547.632996
176374,548.159546
176375,548.674561
176376,549.178101
176377,549.669861
176378,545.970764
176379,546.543579
176380,547.104797
176381,547.65448
176382,548.192505
176383,548.718872
176384,549.233521
176385,549.73645
176386,550.227539
176387,547.137329
176388,547.698303
176389,548.247681
176390,548.785461
176391,549.825989
176392,550.328552
176393,550.819092
176394,548.3255
176395,548.986572
176396,548.874573
176397,549.535217
176398,549.412048
176399,550.072266
176400,550.597717
176401,551.11145
176402,550.954285
176403,551.613281
176404,550.318909
176405,550.945679
176406,551.560242
176407,552.162964
176408,552.753906
176409,553.333313
176410,553.901245
176411,554.457703
176412,550.111389
176413,550.726562
176414,551.329834
176415,551.921326
176416,552.501221
176417,553.069702
176418,553.626709
176419,549.874695
176420,550.478455
176421,551.070496
176422,551.65094
176423,552.21991
176424,552.777466
176425,549.656128
176426,550.248718
176427,550.829651
176428,551.399109
176429,551.957153
176430,549.457031
176431,550.038452
176432,550.608337
176433,551.16687
176434,549.278442
176435,549.848816
176436,550.407715
176437,550.955261
176438,549.121338
176439,549.680603
176440,550.228516
176441,544.825317
176442,545.409241
176443,545.98175
176444,546.543091
176445,545.970398
176446,546.542542
176447,547.103333
176448,547.137024
176449,547.697449
176450,548.325256
176451,548.986389
176452,549.534668
176453,550.94574
176454,551.560425
176455,552.163147
176456,552.754089
176457,553.333435
176458,553.901245
176459,554.457581
176460,550.726685
176461,551.329956
176462,551.921509
176463,552.501404
176464,553.069763
176465,553.626709
176466,554.17218
176467,550.478577
176468,551.07074
176469,551.651184
176470,552.220154
176471,552.777588
176472,553.323608
176473,553.858154
176474,550.24884
176475,550.829895
176476,551.399414
176477,551.957397
176478,552.503967
176479,553.039001
176480,553.562561
176481,550.038635
176482,550.608704
176483,551.167236
176484,551.714355
176485,552.249878
176486,552.773926
176487,553.286255
176488,555.002563
176489,554.706238
176490,554.381226
176491,554.074402
176492,553.786804
176493,549.84906
176494,550.408142
176495,550.95575
176496,551.491821
176497,552.016357
176498,552.529175
176499,553.03009
176500,549.680969
176501,550.229126
176502,550.765686
176503,551.29071
176504,551.804016
176505,552.30542
176506,555.536133
176507,555.22876
176508,554.892639
176509,554.574524
176510,556.058228
176511,555.739746
176512,555.392273
176513,556.568726
176514,556.238892
176515,557.067383
176516,545.410278
176517,545.983459
176518,546.545044
176519,547.095093
176520,547.633484
176521,548.160095
176522,548.675049
176523,549.178223
176524,549.669739
176525,546.543396
176526,547.104736
176527,547.65448
176528,548.192688
176529,549.233948
176530,549.736816
176531,550.227661
176532,547.69812
176533,548.24762
176534,548.785522
176535,550.328918
176536,550.819397
176537,548.87439
176538,549.535095
176539,549.412048
176540,550.072205
176541,550.945679
176542,551.560303
176543,552.162964
176544,552.753906
176545,553.333252
176546,553.901184
176547,554.457642
176548,550.726624
176549,551.329834
176550,551.921326
176551,552.501221
176552,553.069641
176553,553.626648
176554,550.478516
176555,551.070557
176556,551.65094
176557,552.21991
176558,552.777405
176559,550.248779
176560,550.829712
176561,551.399109
176562,551.957092
176563,550.038574
176564,550.608459
176565,551.16687
176566,551.713989
176567,549.848938
176568,550.407837
176569,550.955261
176570,549.680786
176571,550.228699
176572,545.409851
176573,545.982239
176574,546.543274
176575,546.54303
176576,547.103699
176577,547.697815
176578,548.874146
176579,549.534851
176580,550.071655
176581,551.560364
176582,552.163147
176583,552.754089
176584,553.333435
176585,553.901306
176586,554.457642
176587,555.002625
176588,551.329956
176589,551.921509
176590,552.501404
176591,553.069824
176592,553.62677
176593,554.172241
176594,554.706238
176595,551.070679
176596,551.651184
176597,552.220154
176598,552.777649
176599,553.323669
176600,553.858215
176601,554.381226
176602,550.829834
176603,551.399414
176604,551.957458
176605,552.504028
176606,553.039062
176607,553.562622
176608,554.074463
176609,550.608643
176610,551.167236
176611,551.714355
176612,552.249939
176613,552.773987
176614,553.786865
176615,555.536194
176616,555.228821
176617,554.892639
176618,554.574524
176619,550.408081
176620,550.95575
176621,551.491882
176622,552.016418
176623,552.529236
176624,553.030212
176625,550.229004
176626,550.765686
176627,552.305542
176628,556.058228
176629,555.739685
176630,555.392212
176631,556.568665
176632,556.238831
176633,557.067322
176634,545.983276
176635,546.544983
176636,547.095154
176637,547.633667
176638,548.675598
176639,549.178711
176640,549.669861
176641,547.104553
176642,547.65448
176643,548.192749
176644,549.737244
176645,550.228027
176646,548.247437
176647,548.785461
176648,549.311829
176649,550.329163
176650,550.819702
176651,549.411865
176652,550.072083
176653,551.560364
176654,552.162964
176655,552.753906
176656,553.333252
176657,553.901123
176658,554.457581
176659,551.329895
176660,551.921387
176661,552.501221
176662,553.069641
176663,553.626587
176664,551.070618
176665,551.651001
176666,552.21991
176667,552.777405
176668,550.829773
176669,551.39917
176670,551.957153
176671,552.503723
176672,550.608521
176673,551.166992
176674,551.713989
176675,550.407959
176676,550.955383
176677,550.228821
176678,550.765259
176679,545.982788
176680,546.543762
176681,547.104187
176682,548.247131
176683,549.411621
176684,550.071899
176685,552.163086
176686,552.754089
176687,553.333435
176688,553.901306
176689,554.457703
176690,555.002686
176691,555.536194
176692,551.921448
176693,552.501404
176694,553.069824
176695,553.62677
176696,554.172302
176697,554.706299
176698,555.228821
176699,551.651123
176700,552.220154
176701,552.777649
176702,553.32373
176703,553.858276
176704,554.381348
176705,554.8927
176706,551.399353
176707,551.957397
176708,552.504028
176709,553.039124
176710,553.562683
176711,551.167175
176712,551.714355
176713,552.25
176714,552.774048
176715,556.058228
176716,555.739746
176717,555.392273
176718,550.955627
176719,551.491821
176720,553.030334
176721,550.765564
176722,556.568665
176723,556.238831
176724,557.067322
176725,546.5448
176726,547.095093
176727,547.633728
176728,549.17926
176729,549.670349
176730,547.654236
176731,548.192688
176732,548.719482
176733,549.737549
176734,550.228455
176735,548.785278
176736,549.311768
176737,550.329346
176738,550.820007
176739,552.163025
176740,552.753967
176741,553.333252
176742,553.901123
176743,554.457581
176744,551.921387
176745,552.501282
176746,553.069641
176747,553.626587
176748,551.651062
176749,552.219971
176750,552.777405
176751,553.323486
176752,551.399231
176753,551.957214
176754,552.503723
176755,551.167053
176756,551.71405
176757,550.955505
176758,550.765442
176759,546.544312
176760,547.65387
176761,548.784973
176762,552.754028
176763,553.333435
176764,553.901306
176765,554.457764
176766,555.002747
176767,555.536255
176768,556.058289
176769,552.501404
176770,553.069824
176771,553.626831
176772,554.172302
176773,554.70636
176774,555.228882
176775,555.739746
176776,552.220093
176777,552.777649
176778,553.32373
176779,553.858337
176780,554.381409
176781,551.957336
176782,552.504028
176783,553.039185
176784,553.562744
176785,551.714294
176786,552.249939
176787,556.568665
176788,556.238831
176789,551.49176
176790,557.067261
176791,547.094849
176792,547.633667
176793,548.160828
176794,549.179688
176795,549.670837
176796,548.192505
176797,548.719421
176798,549.737732
176799,550.228821
176800,549.311646
176801,550.820129
176802,552.754028
176803,553.333313
176804,553.901123
176805,554.457581
176806,552.501343
176807,553.069702
176808,553.626587
176809,554.172119
176810,552.220032
176811,552.777466
176812,553.323486
176813,551.957275
176814,552.503784
176815,551.714172
176816,551.491638
176817,547.094421
176818,548.192139
176819,553.333435
176820,553.901306
176821,554.457764
176822,555.002747
176823,555.536316
176824,556.05835
176825,556.568726
176826,553.069763
176827,553.62677
176828,554.172363
176829,554.706421
176830,555.228943
176831,555.739807
176832,556.238892
176833,552.777588
176834,553.32373
176835,553.858337
176836,554.381409
176837,552.503967
176838,553.039124
176839,552.249878
176840,557.067322
176841,547.633484
176842,548.160767
176843,549.179871
176844,549.671265
176845,548.719238
176846,550.228943
176847,553.333374
176848,553.901184
176849,554.457581
176850,555.002563
176851,553.069702
176852,553.626648
176853,554.172119
176854,552.777527
176855,553.323547
176856,552.503906
176857,552.249817
176858,547.632996
176859,553.901306
176860,554.457764
176861,555.002808
176862,555.536377
176863,556.058411
176864,556.568787
176865,557.067322
176866,553.62677
176867,554.172302
176868,554.706421
176869,555.229004
176870,553.323669
176871,553.858337
176872,553.039062
176873,548.160583
176874,549.671448
176875,553.901245
176876,554.457581
176877,555.002563
176878,553.626709
176879,554.17218
176880,553.323608
176881,553.039001
176882,554.457703
176883,555.002747
176884,555.536377
176885,556.058411
176886,554.172302
176887,554.706421
176888,553.858276
176889,554.457642
176890,555.002625
176891,554.172241
176892,553.858215
176893,555.002747
176894,555.536377
176895,554.70636
176896,555.002686
176897,554.706299
176898,555.536316
176899,555.536255
