cellnumber,    x-coordinate,    y-coordinate,    z-coordinate,    x-coordinate,    y-coordinate,    z-coordinate,face-area-magnitude,        pressure,  total-pressure,     temperature,         density,      z-velocity,velocity-magnitude,        enthalpy
         1,-4.631140269E-03,-3.101762384E-03, 6.000000238E-01,-4.641567575E-03,-3.103176171E-03, 5.966666667E-01, 6.164973525E-07, 0.000000000E+00, 6.222400009E+02, 3.490781908E+02, 1.011224825E+00, 3.500014915E+01, 3.500015002E+01, 5.133282730E+04
         2,-3.949485254E-03,-3.015428782E-03, 6.000000238E-01,-3.943734986E-03,-3.013379239E-03, 5.966666667E-01, 4.123595895E-07, 0.000000000E+00, 6.521876956E+02, 3.438832726E+02, 1.026501027E+00, 3.556882455E+01, 3.556882542E+01, 4.609188607E+04
         3,-4.820572678E-03,-2.384747379E-03, 6.000000238E-01,-4.832235626E-03,-2.385056029E-03, 5.966666667E-01, 6.213272719E-07, 0.000000000E+00, 6.320125166E+02, 3.473760476E+02, 1.016179828E+00, 3.518914880E+01, 3.518914968E+01, 4.961548555E+04
         4,-4.288387485E-03,-3.764230292E-03, 6.000000238E-01,-4.296900333E-03,-3.769029306E-03, 5.966666667E-01, 6.119995882E-07, 0.000000000E+00, 6.153298698E+02, 3.503004813E+02, 1.007696395E+00, 3.486519569E+01, 3.486519652E+01, 5.256610596E+04
         5,-5.272400565E-03,-3.528956324E-03, 6.000000238E-01,-5.279567770E-03,-3.528197927E-03, 5.966666667E-01, 5.803211172E-07, 0.000000000E+00, 5.800139211E+02, 3.564657063E+02, 9.902678603E-01, 3.414137662E+01, 3.414137728E+01, 5.878890374E+04
         6,-3.674950916E-03,-3.674950916E-03, 6.000000238E-01,-3.669488865E-03,-3.669488865E-03, 5.966666667E-01, 2.438993344E-07, 0.000000000E+00, 6.412686863E+02, 3.458001025E+02, 1.020810953E+00, 3.536657289E+01, 3.536657371E+01, 4.802557199E+04
         7,-3.240047488E-03,-3.240047721E-03, 6.000000238E-01,-3.237190572E-03,-3.237190572E-03, 5.966666667E-01, 5.500287908E-07, 0.000000000E+00, 6.696434365E+02, 3.409090756E+02, 1.035456541E+00, 3.588768777E+01, 3.588768865E+01, 4.309182598E+04
         8,-4.082478583E-03,-2.305219183E-03, 6.000000238E-01,-4.076842442E-03,-2.305268602E-03, 5.966666667E-01, 4.709030643E-07, 0.000000000E+00, 6.647394155E+02, 3.417294493E+02, 1.032970770E+00, 3.579843833E+01, 3.579843921E+01, 4.391929819E+04
         9,-4.914961755E-03,-1.674166066E-03, 6.000000238E-01,-4.928066155E-03,-1.674595543E-03, 5.966666667E-01, 6.239987061E-07, 0.000000000E+00, 6.409363030E+02, 3.458316448E+02, 1.020717848E+00, 3.535902972E+01, 3.535903062E+01, 4.805739289E+04
        10,-5.542861763E-03,-2.739628311E-03, 6.000000238E-01,-5.550517885E-03,-2.737968237E-03, 5.966666667E-01, 5.907096666E-07, 0.000000000E+00, 5.894261452E+02, 3.548019034E+02, 9.949116082E-01, 3.433828544E+01, 3.433828614E+01, 5.710918920E+04
        11,-3.764230292E-03,-4.288387485E-03, 6.000000238E-01,-3.769029306E-03,-4.296900333E-03, 5.966666667E-01, 6.119995882E-07, 0.000000000E+00, 6.153298698E+02, 3.503004813E+02, 1.007696395E+00, 3.486519569E+01, 3.486519652E+01, 5.256610596E+04
        12,-4.850606434E-03,-4.256685730E-03, 6.000000238E-01,-4.856256533E-03,-4.258977071E-03, 5.966666667E-01, 5.724605274E-07, 0.000000000E+00, 5.733993204E+02, 3.576402910E+02, 9.870155604E-01, 3.400100820E+01, 3.400100882E+01, 5.997488814E+04
        13,-5.802772939E-03,-3.882278688E-03, 6.000000238E-01,-5.808105861E-03,-3.880298426E-03, 5.966666667E-01, 5.281486930E-07, 0.000000000E+00, 5.396284945E+02, 3.636413126E+02, 9.707272524E-01, 3.325469648E+01, 3.325469697E+01, 6.603630447E+04
        14,-3.015429014E-03,-3.949485254E-03, 6.000000238E-01,-3.013379239E-03,-3.943734986E-03, 5.966666667E-01, 4.123595895E-07, 0.000000000E+00, 6.521876956E+02, 3.438832726E+02, 1.026501027E+00, 3.556882455E+01, 3.556882542E+01, 4.609188607E+04
        15,-2.479922492E-03,-3.348860424E-03, 6.000000238E-01,-2.479012602E-03,-3.345823492E-03, 5.966666667E-01, 5.886253745E-07, 0.000000000E+00, 6.870480320E+02, 3.379421043E+02, 1.044547358E+00, 3.619466591E+01, 3.619466678E+01, 4.009940691E+04
        16,-3.348860657E-03,-2.479922492E-03, 6.000000238E-01,-3.345823492E-03,-2.479012602E-03, 5.966666667E-01, 5.886253745E-07, 0.000000000E+00, 6.870480320E+02, 3.379421043E+02, 1.044547358E+00, 3.619466591E+01, 3.619466678E+01, 4.009940691E+04
        17,-4.133446608E-03,-1.609289320E-03, 6.000000238E-01,-4.127739223E-03,-1.610079647E-03, 5.966666667E-01, 4.677851922E-07, 0.000000000E+00, 6.755374693E+02, 3.398863700E+02, 1.038572192E+00, 3.599190669E+01, 3.599190758E+01, 4.206030885E+04
        18,-4.959166050E-03,-9.899165016E-04, 6.000000238E-01,-4.973614299E-03,-9.904304461E-04, 5.966666667E-01, 6.248118250E-07, 0.000000000E+00, 6.472367196E+02, 3.447455220E+02, 1.023933626E+00, 3.547737209E+01, 3.547737301E+01, 4.696169970E+04
        19,-5.708118435E-03,-1.942398725E-03, 6.000000238E-01,-5.716232548E-03,-1.941140455E-03, 5.966666667E-01, 5.992703727E-07, 0.000000000E+00, 5.980358836E+02, 3.532873594E+02, 9.991767973E-01, 3.451553512E+01, 3.451553585E+01, 5.558040173E+04
        20,-6.140251178E-03,-3.033142304E-03, 6.000000238E-01,-6.145686613E-03,-3.030391317E-03, 5.966666667E-01, 5.411145742E-07, 0.000000000E+00, 5.486615641E+02, 3.620170567E+02, 9.750825982E-01, 3.345843127E+01, 3.345843180E+01, 6.439534652E+04
        21,-3.101762384E-03,-4.631140269E-03, 6.000000238E-01,-3.103176171E-03,-4.641567575E-03, 5.966666667E-01, 6.164973525E-07, 0.000000000E+00, 6.222400009E+02, 3.490781908E+02, 1.011224825E+00, 3.500014915E+01, 3.500015002E+01, 5.133282730E+04
        22,-4.256685730E-03,-4.850606434E-03, 6.000000238E-01,-4.258977071E-03,-4.856256533E-03, 5.966666667E-01, 5.724605274E-07, 0.000000000E+00, 5.733993204E+02, 3.576402910E+02, 9.870155604E-01, 3.400100820E+01, 3.400100882E+01, 5.997488814E+04
        23,-5.315604620E-03,-4.663984291E-03, 6.000000238E-01,-5.319612649E-03,-4.664837046E-03, 5.966666667E-01, 5.188149762E-07, 0.000000000E+00, 5.332589616E+02, 3.647916810E+02, 9.676660699E-01, 3.310900742E+01, 3.310900788E+01, 6.719866157E+04
        24,-6.241431925E-03,-4.174503498E-03, 6.000000238E-01,-6.245685863E-03,-4.171804640E-03, 5.966666667E-01, 4.697765035E-07, 0.000000000E+00, 5.009558119E+02, 3.706457434E+02, 9.523825339E-01, 3.234115669E+01, 3.234115705E+01, 7.311578320E+04
        25,-2.305219183E-03,-4.082478583E-03, 6.000000238E-01,-2.305268602E-03,-4.076842442E-03, 5.966666667E-01, 4.709030643E-07, 0.000000000E+00, 6.647394155E+02, 3.417294493E+02, 1.032970770E+00, 3.579843833E+01, 3.579843921E+01, 4.391929819E+04
        26,-1.734077465E-03,-3.390561556E-03, 6.000000238E-01,-1.734003159E-03,-3.387419836E-03, 5.966666667E-01, 5.748591436E-07, 0.000000000E+00, 7.010957528E+02, 3.355586803E+02, 1.051966625E+00, 3.643530598E+01, 3.643530681E+01, 3.769579524E+04
        27,-2.564554801E-03,-2.564554801E-03, 6.000000238E-01,-2.563381748E-03,-2.563381748E-03, 5.966666667E-01, 6.168069242E-07, 0.000000000E+00, 7.081172986E+02, 3.343763567E+02, 1.055686280E+00, 3.655354216E+01, 3.655354297E+01, 3.650354164E+04
        28,-3.390561556E-03,-1.734077465E-03, 6.000000238E-01,-3.387419836E-03,-1.734003159E-03, 5.966666667E-01, 5.748591436E-07, 0.000000000E+00, 7.010957528E+02, 3.355586803E+02, 1.051966625E+00, 3.643530598E+01, 3.643530681E+01, 3.769579524E+04
        29,-4.148196895E-03,-9.474668186E-04, 6.000000238E-01,-4.142269384E-03,-9.481934315E-04, 5.966666667E-01, 4.491128626E-07, 0.000000000E+00, 6.829844735E+02, 3.386191984E+02, 1.042458709E+00, 3.612312179E+01, 3.612312267E+01, 4.078227744E+04
        30,-4.976690281E-03,-3.273406764E-04, 6.000000238E-01,-4.991929244E-03,-3.275688199E-04, 5.966666667E-01, 6.248665610E-07, 0.000000000E+00, 6.504177249E+02, 3.441983545E+02, 1.025561359E+00, 3.553661849E+01, 3.553661941E+01, 4.640972865E+04
        31,-5.803687032E-03,-1.157293795E-03, 6.000000238E-01,-5.812276806E-03,-1.156646757E-03, 5.966666667E-01, 6.047273891E-07, 0.000000000E+00, 6.041227677E+02, 3.522205533E+02, 1.002203105E+00, 3.463920667E+01, 3.463920742E+01, 5.450370061E+04
        32,-6.364120636E-03,-2.164247679E-03, 6.000000238E-01,-6.369491644E-03,-2.162061938E-03, 5.966666667E-01, 5.525395406E-07, 0.000000000E+00, 5.569345148E+02, 3.605366326E+02, 9.790864516E-01, 3.364210757E+01, 3.364210813E+01, 6.289992908E+04
        33,-6.634338293E-03,-3.275901079E-03, 6.000000238E-01,-6.638481184E-03,-3.272515104E-03, 5.966666667E-01, 4.834921837E-07, 0.000000000E+00, 5.096144745E+02, 3.690571424E+02, 9.564820503E-01, 3.255112339E+01, 3.255112377E+01, 7.150973123E+04
        34,-2.384747379E-03,-4.820573144E-03, 6.000000238E-01,-2.385056029E-03,-4.832235626E-03, 5.966666667E-01, 6.213272719E-07, 0.000000000E+00, 6.320125166E+02, 3.473760476E+02, 1.016179828E+00, 3.518914880E+01, 3.518914968E+01, 4.961548555E+04
        35,-3.528956091E-03,-5.272400565E-03, 6.000000238E-01,-3.528197927E-03,-5.279567770E-03, 5.966666667E-01, 5.803211172E-07, 0.000000000E+00, 5.800139211E+02, 3.564657063E+02, 9.902678603E-01, 3.414137662E+01, 3.414137728E+01, 5.878890374E+04
        36,-4.663984291E-03,-5.315604620E-03, 6.000000238E-01,-4.664837046E-03,-5.319612649E-03, 5.966666667E-01, 5.188149762E-07, 0.000000000E+00, 5.332589616E+02, 3.647916810E+02, 9.676660699E-01, 3.310900742E+01, 3.310900788E+01, 6.719866157E+04
        37,-5.700194743E-03,-5.000852048E-03, 6.000000238E-01,-5.703217361E-03,-5.000841674E-03, 5.966666667E-01, 4.601192732E-07, 0.000000000E+00, 4.948855730E+02, 3.717649761E+02, 9.495152985E-01, 3.219194065E+01, 3.219194098E+01, 7.424746240E+04
        38,-6.604237016E-03,-4.416196141E-03, 6.000000238E-01,-6.607837751E-03,-4.413062295E-03, 5.966666667E-01, 4.110857695E-07, 0.000000000E+00, 4.637971728E+02, 3.775261084E+02, 9.350254841E-01, 3.139864102E+01, 3.139864127E+01, 8.007464347E+04
        39,-1.609289320E-03,-4.133446608E-03, 6.000000238E-01,-1.610079647E-03,-4.127739223E-03, 5.966666667E-01, 4.677851922E-07, 0.000000000E+00, 6.755374693E+02, 3.398863700E+02, 1.038572192E+00, 3.599190669E+01, 3.599190758E+01, 4.206030885E+04
        40,-1.022339682E-03,-3.402630100E-03, 6.000000238E-01,-1.022470806E-03,-3.399358916E-03, 5.966666667E-01, 5.509921557E-07, 0.000000000E+00, 7.105737520E+02, 3.339564757E+02, 1.057013587E+00, 3.659416514E+01, 3.659416594E+01, 3.608014762E+04
        41,-1.794529031E-03,-2.596989041E-03, 6.000000238E-01,-1.794210060E-03,-2.595738055E-03, 5.966666667E-01, 5.990847424E-07, 0.000000000E+00, 7.248617131E+02, 3.315548789E+02, 1.064669998E+00, 3.682869879E+01, 3.682869951E+01, 3.365859301E+04
        42,-2.596989041E-03,-1.794529031E-03, 6.000000238E-01,-2.595738055E-03,-1.794210060E-03, 5.966666667E-01, 5.990847424E-07, 0.000000000E+00, 7.248617131E+02, 3.315548789E+02, 1.064669998E+00, 3.682869879E+01, 3.682869951E+01, 3.365859301E+04
        43,-3.402630100E-03,-1.022339682E-03, 6.000000238E-01,-3.399358916E-03,-1.022470806E-03, 5.966666667E-01, 5.509921557E-07, 0.000000000E+00, 7.105737520E+02, 3.339564757E+02, 1.057013587E+00, 3.659416514E+01, 3.659416594E+01, 3.608014762E+04
        44,-4.150846042E-03,-3.125824442E-04, 6.000000238E-01,-4.144747570E-03,-3.128621781E-04, 5.966666667E-01, 4.363359312E-07, 0.000000000E+00, 6.867096879E+02, 3.379864640E+02, 1.044410265E+00, 3.618808827E+01, 3.618808915E+01, 4.014414443E+04
        45,-4.976690281E-03, 3.273406764E-04, 6.000000238E-01,-4.991929244E-03, 3.275688199E-04, 5.966666667E-01, 6.248665610E-07, 0.000000000E+00, 6.504177249E+02, 3.441983545E+02, 1.025561359E+00, 3.553661849E+01, 3.553661941E+01, 4.640972865E+04
        46,-5.847949069E-03,-3.842446313E-04, 6.000000238E-01,-5.856836426E-03,-3.840579255E-04, 5.966666667E-01, 6.072854638E-07, 0.000000000E+00, 6.071989241E+02, 3.516826030E+02, 1.003736122E+00, 3.470119449E+01, 3.470119525E+01, 5.396080378E+04
        47,-6.502171047E-03,-1.295728027E-03, 6.000000238E-01,-6.507559797E-03,-1.294446376E-03, 5.966666667E-01, 5.603257899E-07, 0.000000000E+00, 5.627895993E+02, 3.594928125E+02, 9.819293181E-01, 3.377044342E+01, 3.377044400E+01, 6.184566928E+04
        48,-6.906685419E-03,-2.347734291E-03, 6.000000238E-01,-6.910461705E-03,-2.345009116E-03, 5.966666667E-01, 4.959134699E-07, 0.000000000E+00, 5.175598817E+02, 3.676072589E+02, 9.602545210E-01, 3.274086606E+01, 3.274086647E+01, 7.004414074E+04
        49,-7.042986341E-03,-3.476681421E-03, 6.000000238E-01,-7.046353416E-03,-3.472914165E-03, 5.966666667E-01, 4.244763245E-07, 0.000000000E+00, 4.721060048E+02, 3.759657106E+02, 9.389061883E-01, 3.161488902E+01, 3.161488929E+01, 7.849602866E+04
        50,-1.674166066E-03,-4.914961755E-03, 6.000000238E-01,-1.674595543E-03,-4.928066155E-03, 5.966666667E-01, 6.239987061E-07, 0.000000000E+00, 6.409363030E+02, 3.458316448E+02, 1.020717848E+00, 3.535902972E+01, 3.535903062E+01, 4.805739289E+04
        51,-2.739628311E-03,-5.542861763E-03, 6.000000238E-01,-2.737968237E-03,-5.550517885E-03, 5.966666667E-01, 5.907096666E-07, 0.000000000E+00, 5.894261452E+02, 3.548019034E+02, 9.949116082E-01, 3.433828544E+01, 3.433828614E+01, 5.710918920E+04
        52,-3.882278688E-03,-5.802772939E-03, 6.000000238E-01,-3.880298426E-03,-5.808105861E-03, 5.966666667E-01, 5.281486930E-07, 0.000000000E+00, 5.396284945E+02, 3.636413126E+02, 9.707272524E-01, 3.325469648E+01, 3.325469697E+01, 6.603630447E+04
        53,-5.000852048E-03,-5.700194743E-03, 6.000000238E-01,-5.000841674E-03,-5.703217361E-03, 5.966666667E-01, 4.601192732E-07, 0.000000000E+00, 4.948855730E+02, 3.717649761E+02, 9.495152985E-01, 3.219194065E+01, 3.219194098E+01, 7.424746240E+04
        54,-6.018280052E-03,-5.279466975E-03, 6.000000238E-01,-6.020694031E-03,-5.278923843E-03, 5.966666667E-01, 4.017731153E-07, 0.000000000E+00, 4.579875764E+02, 3.786232378E+02, 9.323160785E-01, 3.124540758E+01, 3.124540781E+01, 8.118472716E+04
        55,-6.904304028E-03,-4.616094287E-03, 6.000000238E-01,-6.907503053E-03,-4.612692755E-03, 5.966666667E-01, 3.554213022E-07, 0.000000000E+00, 4.279574594E+02, 3.843315806E+02, 9.184687131E-01, 3.042361463E+01, 3.042361481E+01, 8.696241351E+04
        56,-9.474668186E-04,-4.148196895E-03, 6.000000238E-01,-9.481934315E-04,-4.142269384E-03, 5.966666667E-01, 4.491128626E-07, 0.000000000E+00, 6.829844735E+02, 3.386191984E+02, 1.042458709E+00, 3.612312179E+01, 3.612312267E+01, 4.078227744E+04
        57,-3.375400847E-04,-3.404797753E-03, 6.000000238E-01,-3.376077162E-04,-3.401436783E-03, 5.966666667E-01, 5.360952662E-07, 0.000000000E+00, 7.152872813E+02, 3.331614166E+02, 1.059536053E+00, 3.667213459E+01, 3.667213537E+01, 3.527845588E+04
        58,-1.058610622E-03,-2.606375609E-03, 6.000000238E-01,-1.058572516E-03,-2.605069615E-03, 5.966666667E-01, 5.740758154E-07, 0.000000000E+00, 7.361594438E+02, 3.296582290E+02, 1.070795452E+00, 3.700950084E+01, 3.700950148E+01, 3.174634456E+04
        59,-1.817696262E-03,-1.817696262E-03, 6.000000238E-01,-1.817324888E-03,-1.817324888E-03, 5.966666667E-01, 5.811356110E-07, 0.000000000E+00, 7.437858983E+02, 3.283809008E+02, 1.074960606E+00, 3.712937705E+01, 3.712937763E+01, 3.045859239E+04
        60,-2.606375609E-03,-1.058610622E-03, 6.000000238E-01,-2.605069615E-03,-1.058572516E-03, 5.966666667E-01, 5.740758154E-07, 0.000000000E+00, 7.361594438E+02, 3.296582290E+02, 1.070795452E+00, 3.700950084E+01, 3.700950148E+01, 3.174634456E+04
        61,-3.404797520E-03,-3.375400847E-04, 6.000000238E-01,-3.401436783E-03,-3.376077162E-04, 5.966666667E-01, 5.360952662E-07, 0.000000000E+00, 7.152872813E+02, 3.331614166E+02, 1.059536053E+00, 3.667213459E+01, 3.667213537E+01, 3.527845588E+04
        62,-4.150846507E-03, 3.125824442E-04, 6.000000238E-01,-4.144747570E-03, 3.128621781E-04, 5.966666667E-01, 4.363359312E-07, 0.000000000E+00, 6.867096879E+02, 3.379864640E+02, 1.044410265E+00, 3.618808827E+01, 3.618808915E+01, 4.014414443E+04
        63,-4.959165584E-03, 9.899165016E-04, 6.000000238E-01,-4.973614299E-03, 9.904304461E-04, 5.966666667E-01, 6.248118250E-07, 0.000000000E+00, 6.472367196E+02, 3.447455220E+02, 1.023933626E+00, 3.547737209E+01, 3.547737301E+01, 4.696169970E+04
        64,-5.847949069E-03, 3.842446022E-04, 6.000000238E-01,-5.856836426E-03, 3.840579255E-04, 5.966666667E-01, 6.072854638E-07, 0.000000000E+00, 6.071989241E+02, 3.516826030E+02, 1.003736122E+00, 3.470119449E+01, 3.470119525E+01, 5.396080378E+04
        65,-6.568547804E-03,-4.313085810E-04, 6.000000238E-01,-6.573976120E-03,-4.308959917E-04, 5.966666667E-01, 5.641604171E-07, 0.000000000E+00, 5.657506808E+02, 3.589661293E+02, 9.833700269E-01, 3.383482852E+01, 3.383482911E+01, 6.131375985E+04
        66,-7.079871371E-03,-1.410223776E-03, 6.000000238E-01,-7.083400597E-03,-1.408573492E-03, 5.966666667E-01, 5.045921339E-07, 0.000000000E+00, 5.231886886E+02, 3.665843567E+02, 9.629339764E-01, 3.287361451E+01, 3.287361494E+01, 6.901028372E+04
        67,-7.355427835E-03,-2.499491675E-03, 6.000000238E-01,-7.358243837E-03,-2.496441668E-03, 5.966666667E-01, 4.367826766E-07, 0.000000000E+00, 4.797460334E+02, 3.745398587E+02, 9.424805506E-01, 3.181077604E+01, 3.181077633E+01, 7.705374346E+04
        68,-7.380969822E-03,-3.642742289E-03, 6.000000238E-01,-7.383862103E-03,-3.638741644E-03, 5.966666667E-01, 3.678963368E-07, 0.000000000E+00, 4.359461807E+02, 3.827905961E+02, 9.221661553E-01, 3.064658313E+01, 3.064658332E+01, 8.540238838E+04
        69,-9.899165016E-04,-4.959165584E-03, 6.000000238E-01,-9.904304461E-04,-4.973614299E-03, 5.966666667E-01, 6.248118250E-07, 0.000000000E+00, 6.472367196E+02, 3.447455220E+02, 1.023933626E+00, 3.547737209E+01, 3.547737301E+01, 4.696169970E+04
        70,-1.942398609E-03,-5.708118435E-03, 6.000000238E-01,-1.941140455E-03,-5.716232548E-03, 5.966666667E-01, 5.992703727E-07, 0.000000000E+00, 5.980358836E+02, 3.532873594E+02, 9.991767973E-01, 3.451553512E+01, 3.451553585E+01, 5.558040173E+04
        71,-3.033142304E-03,-6.140251178E-03, 6.000000238E-01,-3.030391317E-03,-6.145686613E-03, 5.966666667E-01, 5.411145742E-07, 0.000000000E+00, 5.486615641E+02, 3.620170567E+02, 9.750825982E-01, 3.345843127E+01, 3.345843180E+01, 6.439534652E+04
        72,-4.174503498E-03,-6.241431925E-03, 6.000000238E-01,-4.171804640E-03,-6.245685863E-03, 5.966666667E-01, 4.697765035E-07, 0.000000000E+00, 5.009558119E+02, 3.706457434E+02, 9.523825339E-01, 3.234115669E+01, 3.234115705E+01, 7.311578320E+04
        73,-5.279466975E-03,-6.018280052E-03, 6.000000238E-01,-5.278923843E-03,-6.020694031E-03, 5.966666667E-01, 4.017731153E-07, 0.000000000E+00, 4.579875764E+02, 3.786232378E+02, 9.323160785E-01, 3.124540758E+01, 3.124540781E+01, 8.118472716E+04
        74,-6.281361915E-03,-5.509903654E-03, 6.000000238E-01,-6.283391011E-03,-5.509023730E-03, 5.966666667E-01, 3.468123825E-07, 0.000000000E+00, 4.223784910E+02, 3.854144603E+02, 9.158881376E-01, 3.026582941E+01, 3.026582957E+01, 8.805881544E+04
        75,-7.152483799E-03,-4.781426396E-03, 6.000000238E-01,-7.155431648E-03,-4.777857355E-03, 5.966666667E-01, 3.045101533E-07, 0.000000000E+00, 3.932496711E+02, 3.911142707E+02, 9.025406606E-01, 2.941112283E+01, 2.941112295E+01, 9.383173411E+04
        76,-3.125824442E-04,-4.150846507E-03, 6.000000238E-01,-3.128621781E-04,-4.144747570E-03, 5.966666667E-01, 4.363359312E-07, 0.000000000E+00, 6.867096879E+02, 3.379864640E+02, 1.044410265E+00, 3.618808827E+01, 3.618808915E+01, 4.014414443E+04
        77, 3.375400847E-04,-3.404797753E-03, 6.000000238E-01, 3.376077162E-04,-3.401436783E-03, 5.966666667E-01, 5.360952662E-07, 0.000000000E+00, 7.152872813E+02, 3.331614166E+02, 1.059536053E+00, 3.667213459E+01, 3.667213537E+01, 3.527845588E+04
        78,-3.496303980E-04,-2.608061535E-03, 6.000000238E-01,-3.496378060E-04,-2.606720544E-03, 5.966666667E-01, 5.589492242E-07, 0.000000000E+00, 7.418007579E+02, 3.287134110E+02, 1.073873230E+00, 3.709835122E+01, 3.709835180E+01, 3.079380980E+04
        79,-1.072510961E-03,-1.824401086E-03, 6.000000238E-01,-1.072441383E-03,-1.824010234E-03, 5.966666667E-01, 5.569418069E-07, 0.000000000E+00, 7.566593764E+02, 3.262302019E+02, 1.082047371E+00, 3.732779884E+01, 3.732779928E+01, 2.829048951E+04
        80,-1.824400970E-03,-1.072510961E-03, 6.000000238E-01,-1.824010234E-03,-1.072441383E-03, 5.966666667E-01, 5.569418069E-07, 0.000000000E+00, 7.566593764E+02, 3.262302019E+02, 1.082047371E+00, 3.732779884E+01, 3.732779928E+01, 2.829048951E+04
        81,-2.608061535E-03,-3.496303980E-04, 6.000000238E-01,-2.606720544E-03,-3.496378060E-04, 5.966666667E-01, 5.589492242E-07, 0.000000000E+00, 7.418007579E+02, 3.287134110E+02, 1.073873230E+00, 3.709835122E+01, 3.709835180E+01, 3.079380980E+04
        82,-3.404797753E-03, 3.375400556E-04, 6.000000238E-01,-3.401436783E-03, 3.376077162E-04, 5.966666667E-01, 5.360952662E-07, 0.000000000E+00, 7.152872813E+02, 3.331614166E+02, 1.059536053E+00, 3.667213459E+01, 3.667213537E+01, 3.527845588E+04
        83,-4.148196895E-03, 9.474667604E-04, 6.000000238E-01,-4.142269384E-03, 9.481934315E-04, 5.966666667E-01, 4.491128626E-07, 0.000000000E+00, 6.829844735E+02, 3.386191984E+02, 1.042458709E+00, 3.612312179E+01, 3.612312267E+01, 4.078227744E+04
        84,-4.914961755E-03, 1.674166066E-03, 6.000000238E-01,-4.928066155E-03, 1.674595543E-03, 5.966666667E-01, 6.239987061E-07, 0.000000000E+00, 6.409363030E+02, 3.458316448E+02, 1.020717848E+00, 3.535902972E+01, 3.535903062E+01, 4.805739289E+04
        85,-5.803686567E-03, 1.157293911E-03, 6.000000238E-01,-5.812276806E-03, 1.156646757E-03, 5.966666667E-01, 6.047273891E-07, 0.000000000E+00, 6.041227677E+02, 3.522205533E+02, 1.002203105E+00, 3.463920667E+01, 3.463920742E+01, 5.450370061E+04
        86,-6.568547804E-03, 4.313085810E-04, 6.000000238E-01,-6.573976120E-03, 4.308959917E-04, 5.966666667E-01, 5.641604171E-07, 0.000000000E+00, 5.657506808E+02, 3.589661293E+02, 9.833700269E-01, 3.383482852E+01, 3.383482911E+01, 6.131375985E+04
        87,-7.164538372E-03,-4.702341394E-04, 6.000000238E-01,-7.167958872E-03,-4.696903909E-04, 5.966666667E-01, 5.089394943E-07, 0.000000000E+00, 5.260366470E+02, 3.660680972E+02, 9.642919855E-01, 3.294025733E+01, 3.294025776E+01, 6.848853503E+04
        88,-7.557674777E-03,-1.504920539E-03, 6.000000238E-01,-7.560079471E-03,-1.503047494E-03, 5.966666667E-01, 4.454920934E-07, 0.000000000E+00, 4.851623049E+02, 3.735337491E+02, 9.450191132E-01, 3.194795285E+01, 3.194795315E+01, 7.603616044E+04
        89,-7.726572920E-03,-2.625006950E-03, 6.000000238E-01,-7.728796082E-03,-2.621756343E-03, 5.966666667E-01, 3.794653219E-07, 0.000000000E+00, 4.433072490E+02, 3.813809873E+02, 9.255745411E-01, 3.084902305E+01, 3.084902325E+01, 8.397557023E+04
        90,-7.660508621E-03,-3.780087456E-03, 6.000000238E-01,-7.663106743E-03,-3.775942364E-03, 5.966666667E-01, 3.157856588E-07, 0.000000000E+00, 4.009482050E+02, 3.895832056E+02, 9.060876525E-01, 2.964156514E+01, 2.964156527E+01, 9.228071178E+04
        91,-3.273406764E-04,-4.976690281E-03, 6.000000238E-01,-3.275688199E-04,-4.991929244E-03, 5.966666667E-01, 6.248665610E-07, 0.000000000E+00, 6.504177249E+02, 3.441983545E+02, 1.025561359E+00, 3.553661849E+01, 3.553661941E+01, 4.640972865E+04
        92,-1.157293911E-03,-5.803686567E-03, 6.000000238E-01,-1.156646757E-03,-5.812276806E-03, 5.966666667E-01, 6.047273891E-07, 0.000000000E+00, 6.041227677E+02, 3.522205533E+02, 1.002203105E+00, 3.463920667E+01, 3.463920742E+01, 5.450370061E+04
        93,-2.164247911E-03,-6.364120636E-03, 6.000000238E-01,-2.162061938E-03,-6.369491644E-03, 5.966666667E-01, 5.525395406E-07, 0.000000000E+00, 5.569345148E+02, 3.605366326E+02, 9.790864516E-01, 3.364210757E+01, 3.364210813E+01, 6.289992908E+04
        94,-3.275901079E-03,-6.634338293E-03, 6.000000238E-01,-3.272515104E-03,-6.638481184E-03, 5.966666667E-01, 4.834921837E-07, 0.000000000E+00, 5.096144745E+02, 3.690571424E+02, 9.564820503E-01, 3.255112339E+01, 3.255112377E+01, 7.150973123E+04
        95,-4.416196141E-03,-6.604236551E-03, 6.000000238E-01,-4.413062295E-03,-6.607837751E-03, 5.966666667E-01, 4.110857695E-07, 0.000000000E+00, 4.637971728E+02, 3.775261084E+02, 9.350254841E-01, 3.139864102E+01, 3.139864127E+01, 8.007464347E+04
        96,-5.509903654E-03,-6.281361450E-03, 6.000000238E-01,-5.509023730E-03,-6.283391011E-03, 5.966666667E-01, 3.468123825E-07, 0.000000000E+00, 4.223784910E+02, 3.854144603E+02, 9.158881376E-01, 3.026582941E+01, 3.026582957E+01, 8.805881544E+04
        97,-6.498950068E-03,-5.700492766E-03, 6.000000238E-01,-6.500733277E-03,-5.699396801E-03, 5.966666667E-01, 2.967697208E-07, 0.000000000E+00, 3.878753434E+02, 3.921905442E+02, 9.000638528E-01, 2.924810211E+01, 2.924810222E+01, 9.492217702E+04
        98,-7.357746828E-03,-4.918168299E-03, 6.000000238E-01,-7.360538266E-03,-4.914494892E-03, 5.966666667E-01, 2.590697426E-07, 0.000000000E+00, 3.594908594E+02, 3.979311047E+02, 8.870795173E-01, 2.835443966E+01, 2.835443974E+01, 1.007402699E+05
        99, 3.125824442E-04,-4.150846042E-03, 6.000000238E-01, 3.128621781E-04,-4.144747570E-03, 5.966666667E-01, 4.363359312E-07, 0.000000000E+00, 6.867096879E+02, 3.379864640E+02, 1.044410265E+00, 3.618808827E+01, 3.618808915E+01, 4.014414443E+04
       100, 1.022339682E-03,-3.402630100E-03, 6.000000238E-01, 1.022470806E-03,-3.399358916E-03, 5.966666667E-01, 5.509921557E-07, 0.000000000E+00, 7.105737520E+02, 3.339564757E+02, 1.057013587E+00, 3.659416514E+01, 3.659416594E+01, 3.608014762E+04
       101, 3.496303980E-04,-2.608061535E-03, 6.000000238E-01, 3.496378060E-04,-2.606720544E-03, 5.966666667E-01, 5.589492242E-07, 0.000000000E+00, 7.418007579E+02, 3.287134110E+02, 1.073873230E+00, 3.709835122E+01, 3.709835180E+01, 3.079380980E+04
       102,-3.542638442E-04,-1.825605286E-03, 6.000000238E-01,-3.542605916E-04,-1.825204009E-03, 5.966666667E-01, 5.424254734E-07, 0.000000000E+00, 7.631333836E+02, 3.251518442E+02, 1.085635953E+00, 3.742578942E+01, 3.742578978E+01, 2.720347521E+04
       103,-1.076533808E-03,-1.076533808E-03, 6.000000238E-01,-1.076458258E-03,-1.076458258E-03, 5.966666667E-01, 5.338454516E-07, 0.000000000E+00, 7.706943203E+02, 3.238849636E+02, 1.089882433E+00, 3.753812006E+01, 3.753812033E+01, 2.592648393E+04
       104,-1.825605286E-03,-3.542638442E-04, 6.000000238E-01,-1.825204009E-03,-3.542605916E-04, 5.966666667E-01, 5.424254734E-07, 0.000000000E+00, 7.631333836E+02, 3.251518442E+02, 1.085635953E+00, 3.742578942E+01, 3.742578978E+01, 2.720347521E+04
       105,-2.608061535E-03, 3.496303980E-04, 6.000000238E-01,-2.606720544E-03, 3.496378060E-04, 5.966666667E-01, 5.589492242E-07, 0.000000000E+00, 7.418007579E+02, 3.287134110E+02, 1.073873230E+00, 3.709835122E+01, 3.709835180E+01, 3.079380980E+04
       106,-3.402629867E-03, 1.022339682E-03, 6.000000238E-01,-3.399358916E-03, 1.022470806E-03, 5.966666667E-01, 5.509921557E-07, 0.000000000E+00, 7.105737520E+02, 3.339564757E+02, 1.057013587E+00, 3.659416514E+01, 3.659416594E+01, 3.608014762E+04
       107,-4.133446608E-03, 1.609289320E-03, 6.000000238E-01,-4.127739223E-03, 1.610079647E-03, 5.966666667E-01, 4.677851922E-07, 0.000000000E+00, 6.755374693E+02, 3.398863700E+02, 1.038572192E+00, 3.599190669E+01, 3.599190758E+01, 4.206030885E+04
       108,-4.820573144E-03, 2.384747379E-03, 6.000000238E-01,-4.832235626E-03, 2.385056029E-03, 5.966666667E-01, 6.213272719E-07, 0.000000000E+00, 6.320125166E+02, 3.473760476E+02, 1.016179828E+00, 3.518914880E+01, 3.518914968E+01, 4.961548555E+04
       109,-5.708118435E-03, 1.942398609E-03, 6.000000238E-01,-5.716232548E-03, 1.941140455E-03, 5.966666667E-01, 5.992703727E-07, 0.000000000E+00, 5.980358836E+02, 3.532873594E+02, 9.991767973E-01, 3.451553512E+01, 3.451553585E+01, 5.558040173E+04
       110,-6.502171047E-03, 1.295727910E-03, 6.000000238E-01,-6.507559797E-03, 1.294446376E-03, 5.966666667E-01, 5.603257899E-07, 0.000000000E+00, 5.627895993E+02, 3.594928125E+02, 9.819293181E-01, 3.377044342E+01, 3.377044400E+01, 6.184566928E+04
       111,-7.164538372E-03, 4.702341103E-04, 6.000000238E-01,-7.167958872E-03, 4.696903909E-04, 5.966666667E-01, 5.089394943E-07, 0.000000000E+00, 5.260366470E+02, 3.660680972E+02, 9.642919855E-01, 3.294025733E+01, 3.294025776E+01, 6.848853503E+04
       112,-7.657469250E-03,-5.024285638E-04, 6.000000238E-01,-7.659674068E-03,-5.018054574E-04, 5.966666667E-01, 4.498920298E-07, 0.000000000E+00, 4.879031043E+02, 3.730260365E+02, 9.463053453E-01, 3.201683798E+01, 3.201683829E+01, 7.552269651E+04
       113,-7.952854969E-03,-1.583242090E-03, 6.000000238E-01,-7.954561338E-03,-1.581230697E-03, 5.966666667E-01, 3.877163104E-07, 0.000000000E+00, 4.485273985E+02, 3.803866445E+02, 9.279940223E-01, 3.099085068E+01, 3.099085089E+01, 8.296920752E+04
       114,-8.033538237E-03,-2.728817752E-03, 6.000000238E-01,-8.035390150E-03,-2.725441415E-03, 5.966666667E-01, 3.263054093E-07, 0.000000000E+00, 4.080572766E+02, 3.881812810E+02, 9.093600066E-01, 2.985125504E+01, 2.985125519E+01, 9.086071882E+04
       115,-7.891708985E-03,-3.893682733E-03, 6.000000238E-01,-7.894124023E-03,-3.889447630E-03, 5.966666667E-01, 2.690505708E-07, 0.000000000E+00, 3.669285038E+02, 3.963996559E+02, 8.905066566E-01, 2.859345457E+01, 2.859345466E+01, 9.918781499E+04
       116, 3.273406764E-04,-4.976690281E-03, 6.000000238E-01, 3.275688199E-04,-4.991929244E-03, 5.966666667E-01, 6.248665610E-07, 0.000000000E+00, 6.504177249E+02, 3.441983545E+02, 1.025561359E+00, 3.553661849E+01, 3.553661941E+01, 4.640972865E+04
       117,-3.842446022E-04,-5.847949069E-03, 6.000000238E-01,-3.840579255E-04,-5.856836426E-03, 5.966666667E-01, 6.072854638E-07, 0.000000000E+00, 6.071989241E+02, 3.516826030E+02, 1.003736122E+00, 3.470119449E+01, 3.470119525E+01, 5.396080378E+04
       118,-1.295727910E-03,-6.502171047E-03, 6.000000238E-01,-1.294446376E-03,-6.507559797E-03, 5.966666667E-01, 5.603257899E-07, 0.000000000E+00, 5.627895993E+02, 3.594928125E+02, 9.819293181E-01, 3.377044342E+01, 3.377044400E+01, 6.184566928E+04
       119,-2.347734291E-03,-6.906684954E-03, 6.000000238E-01,-2.345009116E-03,-6.910461705E-03, 5.966666667E-01, 4.959134699E-07, 0.000000000E+00, 5.175598817E+02, 3.676072589E+02, 9.602545210E-01, 3.274086606E+01, 3.274086647E+01, 7.004414074E+04
       120,-3.476681421E-03,-7.042986806E-03, 6.000000238E-01,-3.472914165E-03,-7.046353416E-03, 5.966666667E-01, 4.244763245E-07, 0.000000000E+00, 4.721060048E+02, 3.759657106E+02, 9.389061883E-01, 3.161488902E+01, 3.161488929E+01, 7.849602866E+04
       121,-4.616094287E-03,-6.904304493E-03, 6.000000238E-01,-4.612692755E-03,-6.907503053E-03, 5.966666667E-01, 3.554213022E-07, 0.000000000E+00, 4.279574594E+02, 3.843315806E+02, 9.184687131E-01, 3.042361463E+01, 3.042361481E+01, 8.696241351E+04
       122,-5.700492766E-03,-6.498950534E-03, 6.000000238E-01,-5.699396801E-03,-6.500733277E-03, 5.966666667E-01, 2.967697208E-07, 0.000000000E+00, 3.878753434E+02, 3.921905442E+02, 9.000638528E-01, 2.924810211E+01, 2.924810222E+01, 9.492217702E+04
       123,-6.678912789E-03,-5.858124699E-03, 6.000000238E-01,-6.680536249E-03,-5.856888690E-03, 5.966666667E-01, 2.522435608E-07, 0.000000000E+00, 3.542974923E+02, 3.990086986E+02, 8.846838015E-01, 2.818528103E+01, 2.818528111E+01, 1.018327853E+05
       124,-7.527515758E-03,-5.031264387E-03, 6.000000238E-01,-7.530208995E-03,-5.027525815E-03, 5.966666667E-01, 2.192070773E-07, 0.000000000E+00, 3.264984658E+02, 4.048456624E+02, 8.719286509E-01, 2.724453199E+01, 2.724453205E+01, 1.077530611E+05
       125, 9.474668186E-04,-4.148196895E-03, 6.000000238E-01, 9.481934315E-04,-4.142269384E-03, 5.966666667E-01, 4.491128626E-07, 0.000000000E+00, 6.829844735E+02, 3.386191984E+02, 1.042458709E+00, 3.612312179E+01, 3.612312267E+01, 4.078227744E+04
       126, 1.734077465E-03,-3.390561556E-03, 6.000000238E-01, 1.734003159E-03,-3.387419836E-03, 5.966666667E-01, 5.748591436E-07, 0.000000000E+00, 7.010957528E+02, 3.355586803E+02, 1.051966625E+00, 3.643530598E+01, 3.643530681E+01, 3.769579524E+04
       127, 1.058610622E-03,-2.606375609E-03, 6.000000238E-01, 1.058572516E-03,-2.605069615E-03, 5.966666667E-01, 5.740758154E-07, 0.000000000E+00, 7.361594438E+02, 3.296582290E+02, 1.070795452E+00, 3.700950084E+01, 3.700950148E+01, 3.174634456E+04
       128, 3.542638442E-04,-1.825605286E-03, 6.000000238E-01, 3.542605916E-04,-1.825204009E-03, 5.966666667E-01, 5.424254734E-07, 0.000000000E+00, 7.631333836E+02, 3.251518442E+02, 1.085635953E+00, 3.742578942E+01, 3.742578978E+01, 2.720347521E+04
       129,-3.556047741E-04,-1.077256398E-03, 6.000000238E-01,-3.556002617E-04,-1.077178702E-03, 5.966666667E-01, 5.199868022E-07, 0.000000000E+00, 7.777783025E+02, 3.227094277E+02, 1.093852556E+00, 3.764240928E+01, 3.764240943E+01, 2.474162386E+04
       130,-1.077256398E-03,-3.556047741E-04, 6.000000238E-01,-1.077178702E-03,-3.556002617E-04, 5.966666667E-01, 5.199868022E-07, 0.000000000E+00, 7.777783025E+02, 3.227094277E+02, 1.093852556E+00, 3.764240928E+01, 3.764240943E+01, 2.474162386E+04
       131,-1.825605286E-03, 3.542638442E-04, 6.000000238E-01,-1.825204009E-03, 3.542605916E-04, 5.966666667E-01, 5.424254734E-07, 0.000000000E+00, 7.631333836E+02, 3.251518442E+02, 1.085635953E+00, 3.742578942E+01, 3.742578978E+01, 2.720347521E+04
       132,-2.606375609E-03, 1.058610622E-03, 6.000000238E-01,-2.605069615E-03, 1.058572516E-03, 5.966666667E-01, 5.740758154E-07, 0.000000000E+00, 7.361594438E+02, 3.296582290E+02, 1.070795452E+00, 3.700950084E+01, 3.700950148E+01, 3.174634456E+04
       133,-3.390561556E-03, 1.734077465E-03, 6.000000238E-01,-3.387419836E-03, 1.734003159E-03, 5.966666667E-01, 5.748591436E-07, 0.000000000E+00, 7.010957528E+02, 3.355586803E+02, 1.051966625E+00, 3.643530598E+01, 3.643530681E+01, 3.769579524E+04
       134,-4.082478583E-03, 2.305219183E-03, 6.000000238E-01,-4.076842442E-03, 2.305268602E-03, 5.966666667E-01, 4.709030643E-07, 0.000000000E+00, 6.647394155E+02, 3.417294493E+02, 1.032970770E+00, 3.579843833E+01, 3.579843921E+01, 4.391929819E+04
       135,-4.631140269E-03, 3.101762384E-03, 6.000000238E-01,-4.641567575E-03, 3.103176171E-03, 5.966666667E-01, 6.164973525E-07, 0.000000000E+00, 6.222400009E+02, 3.490781908E+02, 1.011224825E+00, 3.500014915E+01, 3.500015002E+01, 5.133282730E+04
       136,-5.542861763E-03, 2.739628311E-03, 6.000000238E-01,-5.550517885E-03, 2.737968237E-03, 5.966666667E-01, 5.907096666E-07, 0.000000000E+00, 5.894261452E+02, 3.548019034E+02, 9.949116082E-01, 3.433828544E+01, 3.433828614E+01, 5.710918920E+04
       137,-6.364120636E-03, 2.164247911E-03, 6.000000238E-01,-6.369491644E-03, 2.162061938E-03, 5.966666667E-01, 5.525395406E-07, 0.000000000E+00, 5.569345148E+02, 3.605366326E+02, 9.790864516E-01, 3.364210757E+01, 3.364210813E+01, 6.289992908E+04
       138,-7.079871837E-03, 1.410223660E-03, 6.000000238E-01,-7.083400597E-03, 1.408573492E-03, 5.966666667E-01, 5.045921339E-07, 0.000000000E+00, 5.231886886E+02, 3.665843567E+02, 9.629339764E-01, 3.287361451E+01, 3.287361494E+01, 6.901028372E+04
       139,-7.657468785E-03, 5.024285638E-04, 6.000000238E-01,-7.659674068E-03, 5.018054574E-04, 5.966666667E-01, 4.498920298E-07, 0.000000000E+00, 4.879031043E+02, 3.730260365E+02, 9.463053453E-01, 3.201683798E+01, 3.201683829E+01, 7.552269651E+04
       140,-8.065160364E-03,-5.290558911E-04, 6.000000238E-01,-8.066608792E-03,-5.283833135E-04, 5.966666667E-01, 3.919056080E-07, 0.000000000E+00, 4.511683770E+02, 3.798851369E+02, 9.292191192E-01, 3.106206053E+01, 3.106206075E+01, 8.246167494E+04
       141,-8.279699832E-03,-1.648020116E-03, 6.000000238E-01,-8.280963826E-03,-1.645921102E-03, 5.966666667E-01, 3.338462521E-07, 0.000000000E+00, 4.130980742E+02, 3.871931443E+02, 9.116807400E-01, 2.999814100E+01, 2.999814115E+01, 8.985996483E+04
       142,-8.287423290E-03,-2.814677311E-03, 6.000000238E-01,-8.289039240E-03,-2.811221366E-03, 5.966666667E-01, 2.784019653E-07, 0.000000000E+00, 3.738117189E+02, 3.949961283E+02, 8.936708665E-01, 2.881139283E+01, 2.881139293E+01, 9.776524185E+04
       143,-8.082929067E-03,-3.987634555E-03, 6.000000238E-01,-8.085230901E-03,-3.983343796E-03, 5.966666667E-01, 2.279101291E-07, 0.000000000E+00, 3.337037580E+02, 4.033025660E+02, 8.752647815E-01, 2.749364595E+01, 2.749364601E+01, 1.061874812E+05
       144, 9.899165016E-04,-4.959166050E-03, 6.000000238E-01, 9.904304461E-04,-4.973614299E-03, 5.966666667E-01, 6.248118250E-07, 0.000000000E+00, 6.472367196E+02, 3.447455220E+02, 1.023933626E+00, 3.547737209E+01, 3.547737301E+01, 4.696169970E+04
       145, 3.842446313E-04,-5.847949069E-03, 6.000000238E-01, 3.840579255E-04,-5.856836426E-03, 5.966666667E-01, 6.072854638E-07, 0.000000000E+00, 6.071989241E+02, 3.516826030E+02, 1.003736122E+00, 3.470119449E+01, 3.470119525E+01, 5.396080378E+04
       146,-4.313085810E-04,-6.568547804E-03, 6.000000238E-01,-4.308959917E-04,-6.573976120E-03, 5.966666667E-01, 5.641604171E-07, 0.000000000E+00, 5.657506808E+02, 3.589661293E+02, 9.833700269E-01, 3.383482852E+01, 3.383482911E+01, 6.131375985E+04
       147,-1.410223660E-03,-7.079871837E-03, 6.000000238E-01,-1.408573492E-03,-7.083400597E-03, 5.966666667E-01, 5.045921339E-07, 0.000000000E+00, 5.231886886E+02, 3.665843567E+02, 9.629339764E-01, 3.287361451E+01, 3.287361494E+01, 6.901028372E+04
       148,-2.499491675E-03,-7.355427835E-03, 6.000000238E-01,-2.496441668E-03,-7.358243837E-03, 5.966666667E-01, 4.367826766E-07, 0.000000000E+00, 4.797460334E+02, 3.745398587E+02, 9.424805506E-01, 3.181077604E+01, 3.181077633E+01, 7.705374346E+04
       149,-3.642742289E-03,-7.380969822E-03, 6.000000238E-01,-3.638741644E-03,-7.383862103E-03, 5.966666667E-01, 3.678963368E-07, 0.000000000E+00, 4.359461807E+02, 3.827905961E+02, 9.221661553E-01, 3.064658313E+01, 3.064658332E+01, 8.540238838E+04
       150,-4.781425931E-03,-7.152483799E-03, 6.000000238E-01,-4.777857355E-03,-7.155431648E-03, 5.966666667E-01, 3.045101533E-07, 0.000000000E+00, 3.932496711E+02, 3.911142707E+02, 9.025406606E-01, 2.941112283E+01, 2.941112295E+01, 9.383173411E+04
       151,-5.858124234E-03,-6.678912789E-03, 6.000000238E-01,-5.856888690E-03,-6.680536249E-03, 5.966666667E-01, 2.522435608E-07, 0.000000000E+00, 3.542974923E+02, 3.990086986E+02, 8.846838015E-01, 2.818528103E+01, 2.818528111E+01, 1.018327853E+05
       152,-6.827756297E-03,-5.988498218E-03, 6.000000238E-01,-6.829274979E-03,-5.987170983E-03, 5.966666667E-01, 2.132710886E-07, 0.000000000E+00, 3.214642274E+02, 4.059329995E+02, 8.695930923E-01, 2.706804681E+01, 2.706804686E+01, 1.088564413E+05
       153,-7.667927537E-03,-5.124803632E-03, 6.000000238E-01,-7.670560039E-03,-5.121024606E-03, 5.966666667E-01, 1.846779659E-07, 0.000000000E+00, 2.940846711E+02, 4.119322743E+02, 8.569285640E-01, 2.606922114E+01, 2.606922118E+01, 1.149472084E+05
       154, 1.609289320E-03,-4.133446142E-03, 6.000000238E-01, 1.610079647E-03,-4.127739223E-03, 5.966666667E-01, 4.677851922E-07, 0.000000000E+00, 6.755374693E+02, 3.398863700E+02, 1.038572192E+00, 3.599190669E+01, 3.599190758E+01, 4.206030885E+04
       155, 2.479922492E-03,-3.348860657E-03, 6.000000238E-01, 2.479012602E-03,-3.345823492E-03, 5.966666667E-01, 5.886253745E-07, 0.000000000E+00, 6.870480320E+02, 3.379421043E+02, 1.044547358E+00, 3.619466591E+01, 3.619466678E+01, 4.009940691E+04
       156, 1.794529031E-03,-2.596988808E-03, 6.000000238E-01, 1.794210060E-03,-2.595738055E-03, 5.966666667E-01, 5.990847424E-07, 0.000000000E+00, 7.248617131E+02, 3.315548789E+02, 1.064669998E+00, 3.682869879E+01, 3.682869951E+01, 3.365859301E+04
       157, 1.072511077E-03,-1.824401086E-03, 6.000000238E-01, 1.072441383E-03,-1.824010234E-03, 5.966666667E-01, 5.569418069E-07, 0.000000000E+00, 7.566593764E+02, 3.262302019E+02, 1.082047371E+00, 3.732779884E+01, 3.732779928E+01, 2.829048951E+04
       158, 3.556047741E-04,-1.077256398E-03, 6.000000238E-01, 3.556002617E-04,-1.077178702E-03, 5.966666667E-01, 5.199868022E-07, 0.000000000E+00, 7.777783025E+02, 3.227094277E+02, 1.093852556E+00, 3.764240928E+01, 3.764240943E+01, 2.474162386E+04
       159,-3.558456374E-04,-3.558456374E-04, 6.000000238E-01,-3.558409490E-04,-3.558409490E-04, 5.966666667E-01, 5.065044831E-07, 0.000000000E+00, 7.851885629E+02, 3.214912237E+02, 1.097997414E+00, 3.775048384E+01, 3.775048389E+01, 2.351381545E+04
       160,-1.077256398E-03, 3.556048032E-04, 6.000000238E-01,-1.077178702E-03, 3.556002617E-04, 5.966666667E-01, 5.199868022E-07, 0.000000000E+00, 7.777783025E+02, 3.227094277E+02, 1.093852556E+00, 3.764240928E+01, 3.764240943E+01, 2.474162386E+04
       161,-1.824401086E-03, 1.072510961E-03, 6.000000238E-01,-1.824010234E-03, 1.072441383E-03, 5.966666667E-01, 5.569418069E-07, 0.000000000E+00, 7.566593764E+02, 3.262302019E+02, 1.082047371E+00, 3.732779884E+01, 3.732779928E+01, 2.829048951E+04
       162,-2.596988808E-03, 1.794529031E-03, 6.000000238E-01,-2.595738055E-03, 1.794210060E-03, 5.966666667E-01, 5.990847424E-07, 0.000000000E+00, 7.248617131E+02, 3.315548789E+02, 1.064669998E+00, 3.682869879E+01, 3.682869951E+01, 3.365859301E+04
       163,-3.348860657E-03, 2.479922492E-03, 6.000000238E-01,-3.345823492E-03, 2.479012602E-03, 5.966666667E-01, 5.886253745E-07, 0.000000000E+00, 6.870480320E+02, 3.379421043E+02, 1.044547358E+00, 3.619466591E+01, 3.619466678E+01, 4.009940691E+04
       164,-3.949484788E-03, 3.015428782E-03, 6.000000238E-01,-3.943734986E-03, 3.013379239E-03, 5.966666667E-01, 4.123595895E-07, 0.000000000E+00, 6.521876956E+02, 3.438832726E+02, 1.026501027E+00, 3.556882455E+01, 3.556882542E+01, 4.609188607E+04
       165,-4.288387485E-03, 3.764230292E-03, 6.000000238E-01,-4.296900333E-03, 3.769029306E-03, 5.966666667E-01, 6.119995882E-07, 0.000000000E+00, 6.153298698E+02, 3.503004813E+02, 1.007696395E+00, 3.486519569E+01, 3.486519652E+01, 5.256610596E+04
       166,-5.272400565E-03, 3.528956091E-03, 6.000000238E-01,-5.279567770E-03, 3.528197927E-03, 5.966666667E-01, 5.803211172E-07, 0.000000000E+00, 5.800139211E+02, 3.564657063E+02, 9.902678603E-01, 3.414137662E+01, 3.414137728E+01, 5.878890374E+04
       167,-6.140251178E-03, 3.033142304E-03, 6.000000238E-01,-6.145686613E-03, 3.030391317E-03, 5.966666667E-01, 5.411145742E-07, 0.000000000E+00, 5.486615641E+02, 3.620170567E+02, 9.750825982E-01, 3.345843127E+01, 3.345843180E+01, 6.439534652E+04
       168,-6.906684954E-03, 2.347734291E-03, 6.000000238E-01,-6.910461705E-03, 2.345009116E-03, 5.966666667E-01, 4.959134699E-07, 0.000000000E+00, 5.175598817E+02, 3.676072589E+02, 9.602545210E-01, 3.274086606E+01, 3.274086647E+01, 7.004414074E+04
       169,-7.557674777E-03, 1.504920539E-03, 6.000000238E-01,-7.560079471E-03, 1.503047494E-03, 5.966666667E-01, 4.454920934E-07, 0.000000000E+00, 4.851623049E+02, 3.735337491E+02, 9.450191132E-01, 3.194795285E+01, 3.194795315E+01, 7.603616044E+04
       170,-8.065160364E-03, 5.290558911E-04, 6.000000238E-01,-8.066608792E-03, 5.283833135E-04, 5.966666667E-01, 3.919056080E-07, 0.000000000E+00, 4.511683770E+02, 3.798851369E+02, 9.292191192E-01, 3.106206053E+01, 3.106206075E+01, 8.246167494E+04
       171,-8.402353153E-03,-5.510787014E-04, 6.000000238E-01,-8.403320083E-03,-5.503747134E-04, 5.966666667E-01, 3.376875003E-07, 0.000000000E+00, 4.156469487E+02, 3.866952010E+02, 9.128547016E-01, 3.007185014E+01, 3.007185029E+01, 8.935570043E+04
       172,-8.550025523E-03,-1.701596659E-03, 6.000000238E-01,-8.551005856E-03,-1.699441308E-03, 5.966666667E-01, 2.851290465E-07, 0.000000000E+00, 3.786895863E+02, 3.940081189E+02, 8.959118234E-01, 2.896394483E+01, 2.896394493E+01, 9.676394349E+04
       173,-8.497404866E-03,-2.885689726E-03, 6.000000238E-01,-8.498871501E-03,-2.882183186E-03, 5.966666667E-01, 2.360896041E-07, 0.000000000E+00, 3.403858330E+02, 4.018874061E+02, 8.783468376E-01, 2.772118733E+01, 2.772118740E+01, 1.047519950E+05
       174,-8.241083473E-03,-4.065340385E-03, 6.000000238E-01,-8.243315060E-03,-4.061014975E-03, 5.966666667E-01, 1.921826129E-07, 0.000000000E+00, 3.010894011E+02, 4.103637338E+02, 8.602040171E-01, 2.633065762E+01, 2.633065767E+01, 1.133542603E+05
       175, 1.674166066E-03,-4.914961755E-03, 6.000000238E-01, 1.674595543E-03,-4.928066155E-03, 5.966666667E-01, 6.239987061E-07, 0.000000000E+00, 6.409363030E+02, 3.458316448E+02, 1.020717848E+00, 3.535902972E+01, 3.535903062E+01, 4.805739289E+04
       176, 1.157293795E-03,-5.803687032E-03, 6.000000238E-01, 1.156646757E-03,-5.812276806E-03, 5.966666667E-01, 6.047273891E-07, 0.000000000E+00, 6.041227677E+02, 3.522205533E+02, 1.002203105E+00, 3.463920667E+01, 3.463920742E+01, 5.450370061E+04
       177, 4.313085810E-04,-6.568547804E-03, 6.000000238E-01, 4.308959917E-04,-6.573976120E-03, 5.966666667E-01, 5.641604171E-07, 0.000000000E+00, 5.657506808E+02, 3.589661293E+02, 9.833700269E-01, 3.383482852E+01, 3.383482911E+01, 6.131375985E+04
       178,-4.702341103E-04,-7.164538372E-03, 6.000000238E-01,-4.696903909E-04,-7.167958872E-03, 5.966666667E-01, 5.089394943E-07, 0.000000000E+00, 5.260366470E+02, 3.660680972E+02, 9.642919855E-01, 3.294025733E+01, 3.294025776E+01, 6.848853503E+04
       179,-1.504920539E-03,-7.557674777E-03, 6.000000238E-01,-1.503047494E-03,-7.560079471E-03, 5.966666667E-01, 4.454920934E-07, 0.000000000E+00, 4.851623049E+02, 3.735337491E+02, 9.450191132E-01, 3.194795285E+01, 3.194795315E+01, 7.603616044E+04
       180,-2.625006717E-03,-7.726572920E-03, 6.000000238E-01,-2.621756343E-03,-7.728796082E-03, 5.966666667E-01, 3.794653219E-07, 0.000000000E+00, 4.433072490E+02, 3.813809873E+02, 9.255745411E-01, 3.084902305E+01, 3.084902325E+01, 8.397557023E+04
       181,-3.780087456E-03,-7.660508621E-03, 6.000000238E-01,-3.775942364E-03,-7.663106743E-03, 5.966666667E-01, 3.157856588E-07, 0.000000000E+00, 4.009482050E+02, 3.895832056E+02, 9.060876525E-01, 2.964156514E+01, 2.964156527E+01, 9.228071178E+04
       182,-4.918168299E-03,-7.357746828E-03, 6.000000238E-01,-4.914494892E-03,-7.360538266E-03, 5.966666667E-01, 2.590697426E-07, 0.000000000E+00, 3.594908594E+02, 3.979311047E+02, 8.870795173E-01, 2.835443966E+01, 2.835443974E+01, 1.007402699E+05
       183,-5.988498218E-03,-6.827756297E-03, 6.000000238E-01,-5.987170983E-03,-6.829274979E-03, 5.966666667E-01, 2.132710886E-07, 0.000000000E+00, 3.214642274E+02, 4.059329995E+02, 8.695930923E-01, 2.706804681E+01, 2.706804686E+01, 1.088564413E+05
       184,-6.950860843E-03,-6.096327212E-03, 6.000000238E-01,-6.952311176E-03,-6.094940074E-03, 5.966666667E-01, 1.795699249E-07, 0.000000000E+00, 2.891736568E+02, 4.130423217E+02, 8.546255764E-01, 2.588324551E+01, 2.588324555E+01, 1.160747372E+05
       185,-7.784059271E-03,-5.202168133E-03, 6.000000238E-01,-7.786654290E-03,-5.198364054E-03, 5.966666667E-01, 1.550528610E-07, 0.000000000E+00, 2.619425529E+02, 4.193071599E+02, 8.418566769E-01, 2.480745521E+01, 2.480745524E+01, 1.224414696E+05
       186, 2.305219183E-03,-4.082478583E-03, 6.000000238E-01, 2.305268602E-03,-4.076842442E-03, 5.966666667E-01, 4.709030643E-07, 0.000000000E+00, 6.647394155E+02, 3.417294493E+02, 1.032970770E+00, 3.579843833E+01, 3.579843921E+01, 4.391929819E+04
       187, 3.240047488E-03,-3.240047488E-03, 6.000000238E-01, 3.237190572E-03,-3.237190572E-03, 5.966666667E-01, 5.500287908E-07, 0.000000000E+00, 6.696434365E+02, 3.409090756E+02, 1.035456541E+00, 3.588768777E+01, 3.588768865E+01, 4.309182598E+04
       188, 2.564555034E-03,-2.564554801E-03, 6.000000238E-01, 2.563381748E-03,-2.563381748E-03, 5.966666667E-01, 6.168069242E-07, 0.000000000E+00, 7.081172986E+02, 3.343763567E+02, 1.055686280E+00, 3.655354216E+01, 3.655354297E+01, 3.650354164E+04
       189, 1.817696262E-03,-1.817696262E-03, 6.000000238E-01, 1.817324888E-03,-1.817324888E-03, 5.966666667E-01, 5.811356110E-07, 0.000000000E+00, 7.437858983E+02, 3.283809008E+02, 1.074960606E+00, 3.712937705E+01, 3.712937763E+01, 3.045859239E+04
       190, 1.076533808E-03,-1.076533808E-03, 6.000000238E-01, 1.076458258E-03,-1.076458258E-03, 5.966666667E-01, 5.338454516E-07, 0.000000000E+00, 7.706943203E+02, 3.238849636E+02, 1.089882433E+00, 3.753812006E+01, 3.753812033E+01, 2.592648393E+04
       191, 3.558456374E-04,-3.558456374E-04, 6.000000238E-01, 3.558409490E-04,-3.558409490E-04, 5.966666667E-01, 5.065044831E-07, 0.000000000E+00, 7.851885629E+02, 3.214912237E+02, 1.097997414E+00, 3.775048384E+01, 3.775048389E+01, 2.351381545E+04
       192,-3.558456374E-04, 3.558456374E-04, 6.000000238E-01,-3.558409490E-04, 3.558409490E-04, 5.966666667E-01, 5.065044831E-07, 0.000000000E+00, 7.851885629E+02, 3.214912237E+02, 1.097997414E+00, 3.775048384E+01, 3.775048389E+01, 2.351381545E+04
       193,-1.076533808E-03, 1.076533808E-03, 6.000000238E-01,-1.076458258E-03, 1.076458258E-03, 5.966666667E-01, 5.338454516E-07, 0.000000000E+00, 7.706943203E+02, 3.238849636E+02, 1.089882433E+00, 3.753812006E+01, 3.753812033E+01, 2.592648393E+04
       194,-1.817696262E-03, 1.817696262E-03, 6.000000238E-01,-1.817324888E-03, 1.817324888E-03, 5.966666667E-01, 5.811356110E-07, 0.000000000E+00, 7.437858983E+02, 3.283809008E+02, 1.074960606E+00, 3.712937705E+01, 3.712937763E+01, 3.045859239E+04
       195,-2.564554801E-03, 2.564554801E-03, 6.000000238E-01,-2.563381748E-03, 2.563381748E-03, 5.966666667E-01, 6.168069242E-07, 0.000000000E+00, 7.081172986E+02, 3.343763567E+02, 1.055686280E+00, 3.655354216E+01, 3.655354297E+01, 3.650354164E+04
       196,-3.240047721E-03, 3.240047488E-03, 6.000000238E-01,-3.237190572E-03, 3.237190572E-03, 5.966666667E-01, 5.500287908E-07, 0.000000000E+00, 6.696434365E+02, 3.409090756E+02, 1.035456541E+00, 3.588768777E+01, 3.588768865E+01, 4.309182598E+04
       197,-3.674950916E-03, 3.674951149E-03, 6.000000238E-01,-3.669488865E-03, 3.669488865E-03, 5.966666667E-01, 2.438993344E-07, 0.000000000E+00, 6.412686863E+02, 3.458001025E+02, 1.020810953E+00, 3.536657289E+01, 3.536657371E+01, 4.802557199E+04
       198,-3.764230292E-03, 4.288387485E-03, 6.000000238E-01,-3.769029306E-03, 4.296900333E-03, 5.966666667E-01, 6.119995882E-07, 0.000000000E+00, 6.153298698E+02, 3.503004813E+02, 1.007696395E+00, 3.486519569E+01, 3.486519652E+01, 5.256610596E+04
       199,-4.850606434E-03, 4.256685730E-03, 6.000000238E-01,-4.856256533E-03, 4.258977071E-03, 5.966666667E-01, 5.724605274E-07, 0.000000000E+00, 5.733993204E+02, 3.576402910E+02, 9.870155604E-01, 3.400100820E+01, 3.400100882E+01, 5.997488814E+04
       200,-5.802772939E-03, 3.882278688E-03, 6.000000238E-01,-5.808105861E-03, 3.880298426E-03, 5.966666667E-01, 5.281486930E-07, 0.000000000E+00, 5.396284945E+02, 3.636413126E+02, 9.707272524E-01, 3.325469648E+01, 3.325469697E+01, 6.603630447E+04
       201,-6.634338293E-03, 3.275901079E-03, 6.000000238E-01,-6.638481184E-03, 3.272515104E-03, 5.966666667E-01, 4.834921837E-07, 0.000000000E+00, 5.096144745E+02, 3.690571424E+02, 9.564820503E-01, 3.255112339E+01, 3.255112377E+01, 7.150973123E+04
       202,-7.355427835E-03, 2.499491675E-03, 6.000000238E-01,-7.358243837E-03, 2.496441668E-03, 5.966666667E-01, 4.367826766E-07, 0.000000000E+00, 4.797460334E+02, 3.745398587E+02, 9.424805506E-01, 3.181077604E+01, 3.181077633E+01, 7.705374346E+04
       203,-7.952854969E-03, 1.583242090E-03, 6.000000238E-01,-7.954561338E-03, 1.581230697E-03, 5.966666667E-01, 3.877163104E-07, 0.000000000E+00, 4.485273985E+02, 3.803866445E+02, 9.279940223E-01, 3.099085068E+01, 3.099085089E+01, 8.296920752E+04
       204,-8.402353153E-03, 5.510787014E-04, 6.000000238E-01,-8.403320083E-03, 5.503747134E-04, 5.966666667E-01, 3.376875003E-07, 0.000000000E+00, 4.156469487E+02, 3.866952010E+02, 9.128547016E-01, 3.007185014E+01, 3.007185029E+01, 8.935570043E+04
       205,-8.681237698E-03,-5.692933337E-04, 6.000000238E-01,-8.681893745E-03,-5.685690090E-04, 5.966666667E-01, 2.885635180E-07, 0.000000000E+00, 3.811541922E+02, 3.935107979E+02, 8.970440815E-01, 2.904043125E+01, 2.904043136E+01, 9.625997033E+04
       206,-8.773606271E-03,-1.745908521E-03, 6.000000238E-01,-8.774402310E-03,-1.743716728E-03, 5.966666667E-01, 2.419887598E-07, 0.000000000E+00, 3.451166411E+02, 4.008929006E+02, 8.805257757E-01, 2.788025748E+01, 2.788025755E+01, 1.037433728E+05
       207,-8.671076968E-03,-2.944422420E-03, 6.000000238E-01,-8.672447440E-03,-2.940883713E-03, 5.966666667E-01, 1.992521786E-07, 0.000000000E+00, 3.075925780E+02, 4.089258207E+02, 8.632287677E-01, 2.656957051E+01, 2.656957056E+01, 1.118942749E+05
       208,-8.371889591E-03,-4.129608627E-03, 6.000000238E-01,-8.374078362E-03,-4.125262651E-03, 5.966666667E-01, 1.614694825E-07, 0.000000000E+00, 2.687982585E+02, 4.176917500E+02, 8.451125317E-01, 2.508513446E+01, 2.508513450E+01, 1.207992601E+05
       209, 2.384747379E-03,-4.820572678E-03, 6.000000238E-01, 2.385056029E-03,-4.832235626E-03, 5.966666667E-01, 6.213272719E-07, 0.000000000E+00, 6.320125166E+02, 3.473760476E+02, 1.016179828E+00, 3.518914880E+01, 3.518914968E+01, 4.961548555E+04
       210, 1.942398725E-03,-5.708118435E-03, 6.000000238E-01, 1.941140455E-03,-5.716232548E-03, 5.966666667E-01, 5.992703727E-07, 0.000000000E+00, 5.980358836E+02, 3.532873594E+02, 9.991767973E-01, 3.451553512E+01, 3.451553585E+01, 5.558040173E+04
       211, 1.295728027E-03,-6.502171047E-03, 6.000000238E-01, 1.294446376E-03,-6.507559797E-03, 5.966666667E-01, 5.603257899E-07, 0.000000000E+00, 5.627895993E+02, 3.594928125E+02, 9.819293181E-01, 3.377044342E+01, 3.377044400E+01, 6.184566928E+04
       212, 4.702341394E-04,-7.164538372E-03, 6.000000238E-01, 4.696903909E-04,-7.167958872E-03, 5.966666667E-01, 5.089394943E-07, 0.000000000E+00, 5.260366470E+02, 3.660680972E+02, 9.642919855E-01, 3.294025733E+01, 3.294025776E+01, 6.848853503E+04
       213,-5.024285638E-04,-7.657468785E-03, 6.000000238E-01,-5.018054574E-04,-7.659674068E-03, 5.966666667E-01, 4.498920298E-07, 0.000000000E+00, 4.879031043E+02, 3.730260365E+02, 9.463053453E-01, 3.201683798E+01, 3.201683829E+01, 7.552269651E+04
       214,-1.583242090E-03,-7.952854969E-03, 6.000000238E-01,-1.581230697E-03,-7.954561338E-03, 5.966666667E-01, 3.877163104E-07, 0.000000000E+00, 4.485273985E+02, 3.803866445E+02, 9.279940223E-01, 3.099085068E+01, 3.099085089E+01, 8.296920752E+04
       215,-2.728817519E-03,-8.033539169E-03, 6.000000238E-01,-2.725441415E-03,-8.035390150E-03, 5.966666667E-01, 3.263054093E-07, 0.000000000E+00, 4.080572766E+02, 3.881812810E+02, 9.093600066E-01, 2.985125504E+01, 2.985125519E+01, 9.086071882E+04
       216,-3.893682733E-03,-7.891708985E-03, 6.000000238E-01,-3.889447630E-03,-7.894124023E-03, 5.966666667E-01, 2.690505708E-07, 0.000000000E+00, 3.669285038E+02, 3.963996559E+02, 8.905066566E-01, 2.859345457E+01, 2.859345466E+01, 9.918781499E+04
       217,-5.031264387E-03,-7.527515758E-03, 6.000000238E-01,-5.027525815E-03,-7.530208995E-03, 5.966666667E-01, 2.192070773E-07, 0.000000000E+00, 3.264984658E+02, 4.048456624E+02, 8.719286509E-01, 2.724453199E+01, 2.724453205E+01, 1.077530611E+05
       218,-6.096327212E-03,-6.950860843E-03, 6.000000238E-01,-6.094940074E-03,-6.952311176E-03, 5.966666667E-01, 1.795699249E-07, 0.000000000E+00, 2.891736568E+02, 4.130423217E+02, 8.546255764E-01, 2.588324551E+01, 2.588324555E+01, 1.160747372E+05
       219,-7.052678149E-03,-6.185510661E-03, 6.000000238E-01,-7.054083136E-03,-6.184083530E-03, 5.966666667E-01, 1.506923174E-07, 0.000000000E+00, 2.571177918E+02, 4.204559552E+02, 8.395565051E-01, 2.460898050E+01, 2.460898053E+01, 1.236095455E+05
       220,-7.880108431E-03,-5.266154185E-03, 6.000000238E-01,-7.882681769E-03,-5.262335456E-03, 5.966666667E-01, 1.298208147E-07, 0.000000000E+00, 2.297567989E+02, 4.271152301E+02, 8.264667410E-01, 2.343034411E+01, 2.343034413E+01, 1.303842256E+05
       221, 3.015428782E-03,-3.949484788E-03, 6.000000238E-01, 3.013379239E-03,-3.943734986E-03, 5.966666667E-01, 4.123595895E-07, 0.000000000E+00, 6.521876956E+02, 3.438832726E+02, 1.026501027E+00, 3.556882455E+01, 3.556882542E+01, 4.609188607E+04
       222, 3.949484788E-03,-3.015429014E-03, 6.000000238E-01, 3.943734986E-03,-3.013379239E-03, 5.966666667E-01, 4.123595895E-07, 0.000000000E+00, 6.521876956E+02, 3.438832726E+02, 1.026501027E+00, 3.556882455E+01, 3.556882542E+01, 4.609188607E+04
       223, 3.348860424E-03,-2.479922725E-03, 6.000000238E-01, 3.345823492E-03,-2.479012602E-03, 5.966666667E-01, 5.886253745E-07, 0.000000000E+00, 6.870480320E+02, 3.379421043E+02, 1.044547358E+00, 3.619466591E+01, 3.619466678E+01, 4.009940691E+04
       224, 2.596989041E-03,-1.794529031E-03, 6.000000238E-01, 2.595738055E-03,-1.794210060E-03, 5.966666667E-01, 5.990847424E-07, 0.000000000E+00, 7.248617131E+02, 3.315548789E+02, 1.064669998E+00, 3.682869879E+01, 3.682869951E+01, 3.365859301E+04
       225, 1.824401086E-03,-1.072510961E-03, 6.000000238E-01, 1.824010234E-03,-1.072441383E-03, 5.966666667E-01, 5.569418069E-07, 0.000000000E+00, 7.566593764E+02, 3.262302019E+02, 1.082047371E+00, 3.732779884E+01, 3.732779928E+01, 2.829048951E+04
       226, 1.077256398E-03,-3.556048032E-04, 6.000000238E-01, 1.077178702E-03,-3.556002617E-04, 5.966666667E-01, 5.199868022E-07, 0.000000000E+00, 7.777783025E+02, 3.227094277E+02, 1.093852556E+00, 3.764240928E+01, 3.764240943E+01, 2.474162386E+04
       227, 3.558456374E-04, 3.558456374E-04, 6.000000238E-01, 3.558409490E-04, 3.558409490E-04, 5.966666667E-01, 5.065044831E-07, 0.000000000E+00, 7.851885629E+02, 3.214912237E+02, 1.097997414E+00, 3.775048384E+01, 3.775048389E+01, 2.351381545E+04
       228,-3.556048032E-04, 1.077256398E-03, 6.000000238E-01,-3.556002617E-04, 1.077178702E-03, 5.966666667E-01, 5.199868022E-07, 0.000000000E+00, 7.777783025E+02, 3.227094277E+02, 1.093852556E+00, 3.764240928E+01, 3.764240943E+01, 2.474162386E+04
       229,-1.072510961E-03, 1.824401086E-03, 6.000000238E-01,-1.072441383E-03, 1.824010234E-03, 5.966666667E-01, 5.569418069E-07, 0.000000000E+00, 7.566593764E+02, 3.262302019E+02, 1.082047371E+00, 3.732779884E+01, 3.732779928E+01, 2.829048951E+04
       230,-1.794529031E-03, 2.596989041E-03, 6.000000238E-01,-1.794210060E-03, 2.595738055E-03, 5.966666667E-01, 5.990847424E-07, 0.000000000E+00, 7.248617131E+02, 3.315548789E+02, 1.064669998E+00, 3.682869879E+01, 3.682869951E+01, 3.365859301E+04
       231,-2.479922492E-03, 3.348860424E-03, 6.000000238E-01,-2.479012602E-03, 3.345823492E-03, 5.966666667E-01, 5.886253745E-07, 0.000000000E+00, 6.870480320E+02, 3.379421043E+02, 1.044547358E+00, 3.619466591E+01, 3.619466678E+01, 4.009940691E+04
       232,-3.015429014E-03, 3.949484788E-03, 6.000000238E-01,-3.013379239E-03, 3.943734986E-03, 5.966666667E-01, 4.123595895E-07, 0.000000000E+00, 6.521876956E+02, 3.438832726E+02, 1.026501027E+00, 3.556882455E+01, 3.556882542E+01, 4.609188607E+04
       233,-3.101762384E-03, 4.631140269E-03, 6.000000238E-01,-3.103176171E-03, 4.641567575E-03, 5.966666667E-01, 6.164973525E-07, 0.000000000E+00, 6.222400009E+02, 3.490781908E+02, 1.011224825E+00, 3.500014915E+01, 3.500015002E+01, 5.133282730E+04
       234,-4.256685730E-03, 4.850606434E-03, 6.000000238E-01,-4.258977071E-03, 4.856256533E-03, 5.966666667E-01, 5.724605274E-07, 0.000000000E+00, 5.733993204E+02, 3.576402910E+02, 9.870155604E-01, 3.400100820E+01, 3.400100882E+01, 5.997488814E+04
       235,-5.315604620E-03, 4.663984291E-03, 6.000000238E-01,-5.319612649E-03, 4.664837046E-03, 5.966666667E-01, 5.188149762E-07, 0.000000000E+00, 5.332589616E+02, 3.647916810E+02, 9.676660699E-01, 3.310900742E+01, 3.310900788E+01, 6.719866157E+04
       236,-6.241431925E-03, 4.174503498E-03, 6.000000238E-01,-6.245685863E-03, 4.171804640E-03, 5.966666667E-01, 4.697765035E-07, 0.000000000E+00, 5.009558119E+02, 3.706457434E+02, 9.523825339E-01, 3.234115669E+01, 3.234115705E+01, 7.311578320E+04
       237,-7.042986806E-03, 3.476681421E-03, 6.000000238E-01,-7.046353416E-03, 3.472914165E-03, 5.966666667E-01, 4.244763245E-07, 0.000000000E+00, 4.721060048E+02, 3.759657106E+02, 9.389061883E-01, 3.161488902E+01, 3.161488929E+01, 7.849602866E+04
       238,-7.726572920E-03, 2.625006717E-03, 6.000000238E-01,-7.728796082E-03, 2.621756343E-03, 5.966666667E-01, 3.794653219E-07, 0.000000000E+00, 4.433072490E+02, 3.813809873E+02, 9.255745411E-01, 3.084902305E+01, 3.084902325E+01, 8.397557023E+04
       239,-8.279698901E-03, 1.648020116E-03, 6.000000238E-01,-8.280963826E-03, 1.645921102E-03, 5.966666667E-01, 3.338462521E-07, 0.000000000E+00, 4.130980742E+02, 3.871931443E+02, 9.116807400E-01, 2.999814100E+01, 2.999814115E+01, 8.985996483E+04
       240,-8.681237698E-03, 5.692932755E-04, 6.000000238E-01,-8.681893745E-03, 5.685690090E-04, 5.966666667E-01, 2.885635180E-07, 0.000000000E+00, 3.811541922E+02, 3.935107979E+02, 8.970440815E-01, 2.904043125E+01, 2.904043136E+01, 9.625997033E+04
       241,-8.911896497E-03,-5.843581748E-04, 6.000000238E-01,-8.912349810E-03,-5.836206323E-04, 5.966666667E-01, 2.450054524E-07, 0.000000000E+00, 3.475048338E+02, 4.003929432E+02, 8.816252590E-01, 2.795992611E+01, 2.795992618E+01, 1.032363710E+05
       242,-8.958524093E-03,-1.782557811E-03, 6.000000238E-01,-8.959200585E-03,-1.780342292E-03, 5.966666667E-01, 2.043606279E-07, 0.000000000E+00, 3.121911548E+02, 4.079173639E+02, 8.653628493E-01, 2.673630239E+01, 2.673630244E+01, 1.108705107E+05
       243,-8.814716712E-03,-2.992999274E-03, 6.000000238E-01,-8.816026455E-03,-2.989439775E-03, 5.966666667E-01, 1.675248605E-07, 0.000000000E+00, 2.751693455E+02, 4.162118425E+02, 8.481174638E-01, 2.533888657E+01, 2.533888661E+01, 1.192951217E+05
       244,-8.480075747E-03,-4.182763863E-03, 6.000000238E-01,-8.482239820E-03,-4.178405407E-03, 5.966666667E-01, 1.352713025E-07, 0.000000000E+00, 2.365068196E+02, 4.254282516E+02, 8.297439836E-01, 2.372937921E+01, 2.372937923E+01, 1.286674247E+05
       245, 3.101762384E-03,-4.631140269E-03, 6.000000238E-01, 3.103176171E-03,-4.641567575E-03, 5.966666667E-01, 6.164973525E-07, 0.000000000E+00, 6.222400009E+02, 3.490781908E+02, 1.011224825E+00, 3.500014915E+01, 3.500015002E+01, 5.133282730E+04
       246, 2.739628311E-03,-5.542861763E-03, 6.000000238E-01, 2.737968237E-03,-5.550517885E-03, 5.966666667E-01, 5.907096666E-07, 0.000000000E+00, 5.894261452E+02, 3.548019034E+02, 9.949116082E-01, 3.433828544E+01, 3.433828614E+01, 5.710918920E+04
       247, 2.164247679E-03,-6.364120636E-03, 6.000000238E-01, 2.162061938E-03,-6.369491644E-03, 5.966666667E-01, 5.525395406E-07, 0.000000000E+00, 5.569345148E+02, 3.605366326E+02, 9.790864516E-01, 3.364210757E+01, 3.364210813E+01, 6.289992908E+04
       248, 1.410223776E-03,-7.079871371E-03, 6.000000238E-01, 1.408573492E-03,-7.083400597E-03, 5.966666667E-01, 5.045921339E-07, 0.000000000E+00, 5.231886886E+02, 3.665843567E+02, 9.629339764E-01, 3.287361451E+01, 3.287361494E+01, 6.901028372E+04
       249, 5.024285638E-04,-7.657469250E-03, 6.000000238E-01, 5.018054574E-04,-7.659674068E-03, 5.966666667E-01, 4.498920298E-07, 0.000000000E+00, 4.879031043E+02, 3.730260365E+02, 9.463053453E-01, 3.201683798E+01, 3.201683829E+01, 7.552269651E+04
       250,-5.290558911E-04,-8.065160364E-03, 6.000000238E-01,-5.283833135E-04,-8.066608792E-03, 5.966666667E-01, 3.919056080E-07, 0.000000000E+00, 4.511683770E+02, 3.798851369E+02, 9.292191192E-01, 3.106206053E+01, 3.106206075E+01, 8.246167494E+04
       251,-1.648020116E-03,-8.279698901E-03, 6.000000238E-01,-1.645921102E-03,-8.280963826E-03, 5.966666667E-01, 3.338462521E-07, 0.000000000E+00, 4.130980742E+02, 3.871931443E+02, 9.116807400E-01, 2.999814100E+01, 2.999814115E+01, 8.985996483E+04
       252,-2.814677311E-03,-8.287423290E-03, 6.000000238E-01,-2.811221366E-03,-8.289039240E-03, 5.966666667E-01, 2.784019653E-07, 0.000000000E+00, 3.738117189E+02, 3.949961283E+02, 8.936708665E-01, 2.881139283E+01, 2.881139293E+01, 9.776524185E+04
       253,-3.987634555E-03,-8.082929067E-03, 6.000000238E-01,-3.983343796E-03,-8.085230901E-03, 5.966666667E-01, 2.279101291E-07, 0.000000000E+00, 3.337037580E+02, 4.033025660E+02, 8.752647815E-01, 2.749364595E+01, 2.749364601E+01, 1.061874812E+05
       254,-5.124803632E-03,-7.667928003E-03, 6.000000238E-01,-5.121024606E-03,-7.670560039E-03, 5.966666667E-01, 1.846779659E-07, 0.000000000E+00, 2.940846711E+02, 4.119322743E+02, 8.569285640E-01, 2.606922114E+01, 2.606922118E+01, 1.149472084E+05
       255,-6.185510196E-03,-7.052678149E-03, 6.000000238E-01,-6.184083530E-03,-7.054083136E-03, 5.966666667E-01, 1.506923174E-07, 0.000000000E+00, 2.571177918E+02, 4.204559552E+02, 8.395565051E-01, 2.460898050E+01, 2.460898053E+01, 1.236095455E+05
       256,-7.136888802E-03,-6.259271875E-03, 6.000000238E-01,-7.138263953E-03,-6.257818662E-03, 5.966666667E-01, 1.261214138E-07, 0.000000000E+00, 2.250008062E+02, 4.283180069E+02, 8.241459071E-01, 2.321605093E+01, 2.321605095E+01, 1.316085084E+05
       257,-7.959549315E-03,-5.319075659E-03, 6.000000238E-01,-7.962109559E-03,-5.315248510E-03, 5.966666667E-01, 1.084527402E-07, 0.000000000E+00, 1.973576564E+02, 4.355029815E+02, 8.105490600E-01, 2.190474022E+01, 2.190474024E+01, 1.389261713E+05
       258, 3.674950916E-03,-3.674950916E-03, 6.000000238E-01, 3.669488865E-03,-3.669488865E-03, 5.966666667E-01, 2.438993344E-07, 0.000000000E+00, 6.412686863E+02, 3.458001025E+02, 1.020810953E+00, 3.536657289E+01, 3.536657371E+01, 4.802557199E+04
       259, 4.082478583E-03,-2.305219183E-03, 6.000000238E-01, 4.076842442E-03,-2.305268602E-03, 5.966666667E-01, 4.709030643E-07, 0.000000000E+00, 6.647394155E+02, 3.417294493E+02, 1.032970770E+00, 3.579843833E+01, 3.579843921E+01, 4.391929819E+04
       260, 4.631140269E-03,-3.101762384E-03, 6.000000238E-01, 4.641567575E-03,-3.103176171E-03, 5.966666667E-01, 6.164973525E-07, 0.000000000E+00, 6.222400009E+02, 3.490781908E+02, 1.011224825E+00, 3.500014915E+01, 3.500015002E+01, 5.133282730E+04
       261, 3.390561556E-03,-1.734077465E-03, 6.000000238E-01, 3.387419836E-03,-1.734003159E-03, 5.966666667E-01, 5.748591436E-07, 0.000000000E+00, 7.010957528E+02, 3.355586803E+02, 1.051966625E+00, 3.643530598E+01, 3.643530681E+01, 3.769579524E+04
       262, 2.606375609E-03,-1.058610622E-03, 6.000000238E-01, 2.605069615E-03,-1.058572516E-03, 5.966666667E-01, 5.740758154E-07, 0.000000000E+00, 7.361594438E+02, 3.296582290E+02, 1.070795452E+00, 3.700950084E+01, 3.700950148E+01, 3.174634456E+04
       263, 1.825605403E-03,-3.542638442E-04, 6.000000238E-01, 1.825204009E-03,-3.542605916E-04, 5.966666667E-01, 5.424254734E-07, 0.000000000E+00, 7.631333836E+02, 3.251518442E+02, 1.085635953E+00, 3.742578942E+01, 3.742578978E+01, 2.720347521E+04
       264, 1.077256398E-03, 3.556047741E-04, 6.000000238E-01, 1.077178702E-03, 3.556002617E-04, 5.966666667E-01, 5.199868022E-07, 0.000000000E+00, 7.777783025E+02, 3.227094277E+02, 1.093852556E+00, 3.764240928E+01, 3.764240943E+01, 2.474162386E+04
       265, 3.556048032E-04, 1.077256398E-03, 6.000000238E-01, 3.556002617E-04, 1.077178702E-03, 5.966666667E-01, 5.199868022E-07, 0.000000000E+00, 7.777783025E+02, 3.227094277E+02, 1.093852556E+00, 3.764240928E+01, 3.764240943E+01, 2.474162386E+04
       266,-3.542638442E-04, 1.825605403E-03, 6.000000238E-01,-3.542605916E-04, 1.825204009E-03, 5.966666667E-01, 5.424254734E-07, 0.000000000E+00, 7.631333836E+02, 3.251518442E+02, 1.085635953E+00, 3.742578942E+01, 3.742578978E+01, 2.720347521E+04
       267,-1.058610622E-03, 2.606375609E-03, 6.000000238E-01,-1.058572516E-03, 2.605069615E-03, 5.966666667E-01, 5.740758154E-07, 0.000000000E+00, 7.361594438E+02, 3.296582290E+02, 1.070795452E+00, 3.700950084E+01, 3.700950148E+01, 3.174634456E+04
       268,-1.734077348E-03, 3.390561556E-03, 6.000000238E-01,-1.734003159E-03, 3.387419836E-03, 5.966666667E-01, 5.748591436E-07, 0.000000000E+00, 7.010957528E+02, 3.355586803E+02, 1.051966625E+00, 3.643530598E+01, 3.643530681E+01, 3.769579524E+04
       269,-2.305219183E-03, 4.082478583E-03, 6.000000238E-01,-2.305268602E-03, 4.076842442E-03, 5.966666667E-01, 4.709030643E-07, 0.000000000E+00, 6.647394155E+02, 3.417294493E+02, 1.032970770E+00, 3.579843833E+01, 3.579843921E+01, 4.391929819E+04
       270,-2.384747379E-03, 4.820572678E-03, 6.000000238E-01,-2.385056029E-03, 4.832235626E-03, 5.966666667E-01, 6.213272719E-07, 0.000000000E+00, 6.320125166E+02, 3.473760476E+02, 1.016179828E+00, 3.518914880E+01, 3.518914968E+01, 4.961548555E+04
       271,-3.528956324E-03, 5.272400565E-03, 6.000000238E-01,-3.528197927E-03, 5.279567770E-03, 5.966666667E-01, 5.803211172E-07, 0.000000000E+00, 5.800139211E+02, 3.564657063E+02, 9.902678603E-01, 3.414137662E+01, 3.414137728E+01, 5.878890374E+04
       272,-4.663984291E-03, 5.315604620E-03, 6.000000238E-01,-4.664837046E-03, 5.319612649E-03, 5.966666667E-01, 5.188149762E-07, 0.000000000E+00, 5.332589616E+02, 3.647916810E+02, 9.676660699E-01, 3.310900742E+01, 3.310900788E+01, 6.719866157E+04
       273,-5.700194743E-03, 5.000852048E-03, 6.000000238E-01,-5.703217361E-03, 5.000841674E-03, 5.966666667E-01, 4.601192732E-07, 0.000000000E+00, 4.948855730E+02, 3.717649761E+02, 9.495152985E-01, 3.219194065E+01, 3.219194098E+01, 7.424746240E+04
       274,-6.604236551E-03, 4.416196141E-03, 6.000000238E-01,-6.607837751E-03, 4.413062295E-03, 5.966666667E-01, 4.110857695E-07, 0.000000000E+00, 4.637971728E+02, 3.775261084E+02, 9.350254841E-01, 3.139864102E+01, 3.139864127E+01, 8.007464347E+04
       275,-7.380969822E-03, 3.642742289E-03, 6.000000238E-01,-7.383862103E-03, 3.638741644E-03, 5.966666667E-01, 3.678963368E-07, 0.000000000E+00, 4.359461807E+02, 3.827905961E+02, 9.221661553E-01, 3.064658313E+01, 3.064658332E+01, 8.540238838E+04
       276,-8.033539169E-03, 2.728817519E-03, 6.000000238E-01,-8.035390150E-03, 2.725441415E-03, 5.966666667E-01, 3.263054093E-07, 0.000000000E+00, 4.080572766E+02, 3.881812810E+02, 9.093600066E-01, 2.985125504E+01, 2.985125519E+01, 9.086071882E+04
       277,-8.550025523E-03, 1.701596659E-03, 6.000000238E-01,-8.551005856E-03, 1.699441308E-03, 5.966666667E-01, 2.851290465E-07, 0.000000000E+00, 3.786895863E+02, 3.940081189E+02, 8.959118234E-01, 2.896394483E+01, 2.896394493E+01, 9.676394349E+04
       278,-8.911896497E-03, 5.843581748E-04, 6.000000238E-01,-8.912349810E-03, 5.836206323E-04, 5.966666667E-01, 2.450054524E-07, 0.000000000E+00, 3.475048338E+02, 4.003929432E+02, 8.816252590E-01, 2.795992611E+01, 2.795992618E+01, 1.032363710E+05
       279,-9.102669545E-03,-5.968179903E-04, 6.000000238E-01,-9.102988969E-03,-5.960717204E-04, 5.966666667E-01, 2.069761415E-07, 0.000000000E+00, 3.145105449E+02, 4.074110668E+02, 8.664382512E-01, 2.681970956E+01, 2.681970961E+01, 1.103565822E+05
       280,-9.111465886E-03,-1.812869683E-03, 6.000000238E-01,-9.112063680E-03,-1.810638555E-03, 5.966666667E-01, 1.719068602E-07, 0.000000000E+00, 2.796666855E+02, 4.151766951E+02, 8.502320492E-01, 2.551552405E+01, 2.551552408E+01, 1.182432079E+05
       281,-8.933518082E-03,-3.033175832E-03, 6.000000238E-01,-8.934789308E-03,-3.029603419E-03, 5.966666667E-01, 1.404220580E-07, 0.000000000E+00, 2.427864470E+02, 4.238838913E+02, 8.327670371E-01, 2.400252668E+01, 2.400252671E+01, 1.270961124E+05
       282,-8.569554426E-03,-4.226726945E-03, 6.000000238E-01,-8.571704354E-03,-4.222361841E-03, 5.966666667E-01, 1.130588402E-07, 0.000000000E+00, 2.040026564E+02, 4.337237341E+02, 8.138741428E-01, 2.223032137E+01, 2.223032139E+01, 1.371133924E+05
       283, 3.764230292E-03,-4.288387485E-03, 6.000000238E-01, 3.769029306E-03,-4.296900333E-03, 5.966666667E-01, 6.119995882E-07, 0.000000000E+00, 6.153298698E+02, 3.503004813E+02, 1.007696395E+00, 3.486519569E+01, 3.486519652E+01, 5.256610596E+04
       284, 3.528956324E-03,-5.272400565E-03, 6.000000238E-01, 3.528197927E-03,-5.279567770E-03, 5.966666667E-01, 5.803211172E-07, 0.000000000E+00, 5.800139211E+02, 3.564657063E+02, 9.902678603E-01, 3.414137662E+01, 3.414137728E+01, 5.878890374E+04
       285, 3.033142304E-03,-6.140251178E-03, 6.000000238E-01, 3.030391317E-03,-6.145686613E-03, 5.966666667E-01, 5.411145742E-07, 0.000000000E+00, 5.486615641E+02, 3.620170567E+02, 9.750825982E-01, 3.345843127E+01, 3.345843180E+01, 6.439534652E+04
       286, 2.347734291E-03,-6.906685419E-03, 6.000000238E-01, 2.345009116E-03,-6.910461705E-03, 5.966666667E-01, 4.959134699E-07, 0.000000000E+00, 5.175598817E+02, 3.676072589E+02, 9.602545210E-01, 3.274086606E+01, 3.274086647E+01, 7.004414074E+04
       287, 1.504920539E-03,-7.557674777E-03, 6.000000238E-01, 1.503047494E-03,-7.560079471E-03, 5.966666667E-01, 4.454920934E-07, 0.000000000E+00, 4.851623049E+02, 3.735337491E+02, 9.450191132E-01, 3.194795285E+01, 3.194795315E+01, 7.603616044E+04
       288, 5.290558911E-04,-8.065160364E-03, 6.000000238E-01, 5.283833135E-04,-8.066608792E-03, 5.966666667E-01, 3.919056080E-07, 0.000000000E+00, 4.511683770E+02, 3.798851369E+02, 9.292191192E-01, 3.106206053E+01, 3.106206075E+01, 8.246167494E+04
       289,-5.510787014E-04,-8.402353153E-03, 6.000000238E-01,-5.503747134E-04,-8.403320083E-03, 5.966666667E-01, 3.376875003E-07, 0.000000000E+00, 4.156469487E+02, 3.866952010E+02, 9.128547016E-01, 3.007185014E+01, 3.007185029E+01, 8.935570043E+04
       290,-1.701596659E-03,-8.550025523E-03, 6.000000238E-01,-1.699441308E-03,-8.551005856E-03, 5.966666667E-01, 2.851290465E-07, 0.000000000E+00, 3.786895863E+02, 3.940081189E+02, 8.959118234E-01, 2.896394483E+01, 2.896394493E+01, 9.676394349E+04
       291,-2.885689726E-03,-8.497404866E-03, 6.000000238E-01,-2.882183186E-03,-8.498871501E-03, 5.966666667E-01, 2.360896041E-07, 0.000000000E+00, 3.403858330E+02, 4.018874061E+02, 8.783468376E-01, 2.772118733E+01, 2.772118740E+01, 1.047519950E+05
       292,-4.065340385E-03,-8.241083473E-03, 6.000000238E-01,-4.061014975E-03,-8.243315060E-03, 5.966666667E-01, 1.921826129E-07, 0.000000000E+00, 3.010894011E+02, 4.103637338E+02, 8.602040171E-01, 2.633065762E+01, 2.633065767E+01, 1.133542603E+05
       293,-5.202168133E-03,-7.784059271E-03, 6.000000238E-01,-5.198364054E-03,-7.786654290E-03, 5.966666667E-01, 1.550528610E-07, 0.000000000E+00, 2.619425529E+02, 4.193071599E+02, 8.418566769E-01, 2.480745521E+01, 2.480745524E+01, 1.224414696E+05
       294,-6.259271875E-03,-7.136888802E-03, 6.000000238E-01,-6.257818662E-03,-7.138263953E-03, 5.966666667E-01, 1.261214138E-07, 0.000000000E+00, 2.250008062E+02, 4.283180069E+02, 8.241459071E-01, 2.321605093E+01, 2.321605095E+01, 1.316085084E+05
       295,-7.206537295E-03,-6.320278160E-03, 6.000000238E-01,-7.207892974E-03,-6.318807676E-03, 5.966666667E-01, 1.053295046E-07, 0.000000000E+00, 1.926782652E+02, 4.367730054E+02, 8.081921911E-01, 2.167110304E+01, 2.167110305E+01, 1.402204010E+05
       296,-8.025253192E-03,-5.362845957E-03, 6.000000238E-01,-8.027806228E-03,-5.359014192E-03, 5.966666667E-01, 9.043819386E-08, 0.000000000E+00, 1.647685717E+02, 4.446123377E+02, 7.939422780E-01, 2.019304707E+01, 2.019304708E+01, 1.482141445E+05
       297, 4.288387485E-03,-3.764230292E-03, 6.000000238E-01, 4.296900333E-03,-3.769029306E-03, 5.966666667E-01, 6.119995882E-07, 0.000000000E+00, 6.153298698E+02, 3.503004813E+02, 1.007696395E+00, 3.486519569E+01, 3.486519652E+01, 5.256610596E+04
       298, 4.133446142E-03,-1.609289437E-03, 6.000000238E-01, 4.127739223E-03,-1.610079647E-03, 5.966666667E-01, 4.677851922E-07, 0.000000000E+00, 6.755374693E+02, 3.398863700E+02, 1.038572192E+00, 3.599190669E+01, 3.599190758E+01, 4.206030885E+04
       299, 4.820573144E-03,-2.384747379E-03, 6.000000238E-01, 4.832235626E-03,-2.385056029E-03, 5.966666667E-01, 6.213272719E-07, 0.000000000E+00, 6.320125166E+02, 3.473760476E+02, 1.016179828E+00, 3.518914880E+01, 3.518914968E+01, 4.961548555E+04
       300, 5.272400565E-03,-3.528956091E-03, 6.000000238E-01, 5.279567770E-03,-3.528197927E-03, 5.966666667E-01, 5.803211172E-07, 0.000000000E+00, 5.800139211E+02, 3.564657063E+02, 9.902678603E-01, 3.414137662E+01, 3.414137728E+01, 5.878890374E+04
       301, 3.402630100E-03,-1.022339682E-03, 6.000000238E-01, 3.399358916E-03,-1.022470806E-03, 5.966666667E-01, 5.509921557E-07, 0.000000000E+00, 7.105737520E+02, 3.339564757E+02, 1.057013587E+00, 3.659416514E+01, 3.659416594E+01, 3.608014762E+04
       302, 2.608061535E-03,-3.496303980E-04, 6.000000238E-01, 2.606720544E-03,-3.496378060E-04, 5.966666667E-01, 5.589492242E-07, 0.000000000E+00, 7.418007579E+02, 3.287134110E+02, 1.073873230E+00, 3.709835122E+01, 3.709835180E+01, 3.079380980E+04
       303, 1.825605403E-03, 3.542638442E-04, 6.000000238E-01, 1.825204009E-03, 3.542605916E-04, 5.966666667E-01, 5.424254734E-07, 0.000000000E+00, 7.631333836E+02, 3.251518442E+02, 1.085635953E+00, 3.742578942E+01, 3.742578978E+01, 2.720347521E+04
       304, 1.076533808E-03, 1.076533808E-03, 6.000000238E-01, 1.076458258E-03, 1.076458258E-03, 5.966666667E-01, 5.338454516E-07, 0.000000000E+00, 7.706943203E+02, 3.238849636E+02, 1.089882433E+00, 3.753812006E+01, 3.753812033E+01, 2.592648393E+04
       305, 3.542638442E-04, 1.825605403E-03, 6.000000238E-01, 3.542605916E-04, 1.825204009E-03, 5.966666667E-01, 5.424254734E-07, 0.000000000E+00, 7.631333836E+02, 3.251518442E+02, 1.085635953E+00, 3.742578942E+01, 3.742578978E+01, 2.720347521E+04
       306,-3.496303980E-04, 2.608061535E-03, 6.000000238E-01,-3.496378060E-04, 2.606720544E-03, 5.966666667E-01, 5.589492242E-07, 0.000000000E+00, 7.418007579E+02, 3.287134110E+02, 1.073873230E+00, 3.709835122E+01, 3.709835180E+01, 3.079380980E+04
       307,-1.022339682E-03, 3.402630100E-03, 6.000000238E-01,-1.022470806E-03, 3.399358916E-03, 5.966666667E-01, 5.509921557E-07, 0.000000000E+00, 7.105737520E+02, 3.339564757E+02, 1.057013587E+00, 3.659416514E+01, 3.659416594E+01, 3.608014762E+04
       308,-1.609289320E-03, 4.133446608E-03, 6.000000238E-01,-1.610079647E-03, 4.127739223E-03, 5.966666667E-01, 4.677851922E-07, 0.000000000E+00, 6.755374693E+02, 3.398863700E+02, 1.038572192E+00, 3.599190669E+01, 3.599190758E+01, 4.206030885E+04
       309,-1.674166066E-03, 4.914961755E-03, 6.000000238E-01,-1.674595543E-03, 4.928066155E-03, 5.966666667E-01, 6.239987061E-07, 0.000000000E+00, 6.409363030E+02, 3.458316448E+02, 1.020717848E+00, 3.535902972E+01, 3.535903062E+01, 4.805739289E+04
       310,-2.739628311E-03, 5.542861763E-03, 6.000000238E-01,-2.737968237E-03, 5.550517885E-03, 5.966666667E-01, 5.907096666E-07, 0.000000000E+00, 5.894261452E+02, 3.548019034E+02, 9.949116082E-01, 3.433828544E+01, 3.433828614E+01, 5.710918920E+04
       311,-3.882278688E-03, 5.802772939E-03, 6.000000238E-01,-3.880298426E-03, 5.808105861E-03, 5.966666667E-01, 5.281486930E-07, 0.000000000E+00, 5.396284945E+02, 3.636413126E+02, 9.707272524E-01, 3.325469648E+01, 3.325469697E+01, 6.603630447E+04
       312,-5.000852048E-03, 5.700194743E-03, 6.000000238E-01,-5.000841674E-03, 5.703217361E-03, 5.966666667E-01, 4.601192732E-07, 0.000000000E+00, 4.948855730E+02, 3.717649761E+02, 9.495152985E-01, 3.219194065E+01, 3.219194098E+01, 7.424746240E+04
       313,-6.018280052E-03, 5.279466975E-03, 6.000000238E-01,-6.020694031E-03, 5.278923843E-03, 5.966666667E-01, 4.017731153E-07, 0.000000000E+00, 4.579875764E+02, 3.786232378E+02, 9.323160785E-01, 3.124540758E+01, 3.124540781E+01, 8.118472716E+04
       314,-6.904304493E-03, 4.616094287E-03, 6.000000238E-01,-6.907503053E-03, 4.612692755E-03, 5.966666667E-01, 3.554213022E-07, 0.000000000E+00, 4.279574594E+02, 3.843315806E+02, 9.184687131E-01, 3.042361463E+01, 3.042361481E+01, 8.696241351E+04
       315,-7.660508621E-03, 3.780087456E-03, 6.000000238E-01,-7.663106743E-03, 3.775942364E-03, 5.966666667E-01, 3.157856588E-07, 0.000000000E+00, 4.009482050E+02, 3.895832056E+02, 9.060876525E-01, 2.964156514E+01, 2.964156527E+01, 9.228071178E+04
       316,-8.287423290E-03, 2.814677311E-03, 6.000000238E-01,-8.289039240E-03, 2.811221366E-03, 5.966666667E-01, 2.784019653E-07, 0.000000000E+00, 3.738117189E+02, 3.949961283E+02, 8.936708665E-01, 2.881139283E+01, 2.881139293E+01, 9.776524185E+04
       317,-8.773605339E-03, 1.745908405E-03, 6.000000238E-01,-8.774402310E-03, 1.743716728E-03, 5.966666667E-01, 2.419887598E-07, 0.000000000E+00, 3.451166411E+02, 4.008929006E+02, 8.805257757E-01, 2.788025748E+01, 2.788025755E+01, 1.037433728E+05
       318,-9.102669545E-03, 5.968179903E-04, 6.000000238E-01,-9.102988969E-03, 5.960717204E-04, 5.966666667E-01, 2.069761415E-07, 0.000000000E+00, 3.145105449E+02, 4.074110668E+02, 8.664382512E-01, 2.681970956E+01, 2.681970961E+01, 1.103565822E+05
       319,-9.260453284E-03,-6.071232492E-04, 6.000000238E-01,-9.260684213E-03,-6.063711647E-04, 5.966666667E-01, 1.741525043E-07, 0.000000000E+00, 2.819326601E+02, 4.146578247E+02, 8.512959632E-01, 2.560375374E+01, 2.560375378E+01, 1.177159897E+05
       320,-9.237960912E-03,-1.837939955E-03, 6.000000238E-01,-9.238506688E-03,-1.835698564E-03, 5.966666667E-01, 1.441536509E-07, 0.000000000E+00, 2.472110585E+02, 4.228068653E+02, 8.348883646E-01, 2.419209027E+01, 2.419209030E+01, 1.260004879E+05
       321,-9.031775407E-03,-3.066404955E-03, 6.000000238E-01,-9.033023194E-03,-3.062824504E-03, 5.966666667E-01, 1.174163845E-07, 0.000000000E+00, 2.101875216E+02, 4.320973178E+02, 8.169375687E-01, 2.252723076E+01, 2.252723078E+01, 1.354567127E+05
       322,-8.643560112E-03,-4.263088573E-03, 6.000000238E-01,-8.645702847E-03,-4.258719374E-03, 5.966666667E-01, 9.431491804E-08, 0.000000000E+00, 1.712504761E+02, 4.427288066E+02, 7.973200005E-01, 2.054973150E+01, 2.054973151E+01, 1.462927282E+05
       323, 4.256685730E-03,-4.850606434E-03, 6.000000238E-01, 4.258977071E-03,-4.856256533E-03, 5.966666667E-01, 5.724605274E-07, 0.000000000E+00, 5.733993204E+02, 3.576402910E+02, 9.870155604E-01, 3.400100820E+01, 3.400100882E+01, 5.997488814E+04
       324, 3.882278688E-03,-5.802772939E-03, 6.000000238E-01, 3.880298426E-03,-5.808105861E-03, 5.966666667E-01, 5.281486930E-07, 0.000000000E+00, 5.396284945E+02, 3.636413126E+02, 9.707272524E-01, 3.325469648E+01, 3.325469697E+01, 6.603630447E+04
       325, 3.275901079E-03,-6.634338293E-03, 6.000000238E-01, 3.272515104E-03,-6.638481184E-03, 5.966666667E-01, 4.834921837E-07, 0.000000000E+00, 5.096144745E+02, 3.690571424E+02, 9.564820503E-01, 3.255112339E+01, 3.255112377E+01, 7.150973123E+04
       326, 2.499491675E-03,-7.355427835E-03, 6.000000238E-01, 2.496441668E-03,-7.358243837E-03, 5.966666667E-01, 4.367826766E-07, 0.000000000E+00, 4.797460334E+02, 3.745398587E+02, 9.424805506E-01, 3.181077604E+01, 3.181077633E+01, 7.705374346E+04
       327, 1.583242090E-03,-7.952854969E-03, 6.000000238E-01, 1.581230697E-03,-7.954561338E-03, 5.966666667E-01, 3.877163104E-07, 0.000000000E+00, 4.485273985E+02, 3.803866445E+02, 9.279940223E-01, 3.099085068E+01, 3.099085089E+01, 8.296920752E+04
       328, 5.510787014E-04,-8.402353153E-03, 6.000000238E-01, 5.503747134E-04,-8.403320083E-03, 5.966666667E-01, 3.376875003E-07, 0.000000000E+00, 4.156469487E+02, 3.866952010E+02, 9.128547016E-01, 3.007185014E+01, 3.007185029E+01, 8.935570043E+04
       329,-5.692932755E-04,-8.681237698E-03, 6.000000238E-01,-5.685690090E-04,-8.681893745E-03, 5.966666667E-01, 2.885635180E-07, 0.000000000E+00, 3.811541922E+02, 3.935107979E+02, 8.970440815E-01, 2.904043125E+01, 2.904043136E+01, 9.625997033E+04
       330,-1.745908405E-03,-8.773605339E-03, 6.000000238E-01,-1.743716728E-03,-8.774402310E-03, 5.966666667E-01, 2.419887598E-07, 0.000000000E+00, 3.451166411E+02, 4.008929006E+02, 8.805257757E-01, 2.788025748E+01, 2.788025755E+01, 1.037433728E+05
       331,-2.944422420E-03,-8.671076968E-03, 6.000000238E-01,-2.940883713E-03,-8.672447440E-03, 5.966666667E-01, 1.992521786E-07, 0.000000000E+00, 3.075925780E+02, 4.089258207E+02, 8.632287677E-01, 2.656957051E+01, 2.656957056E+01, 1.118942749E+05
       332,-4.129608627E-03,-8.371889591E-03, 6.000000238E-01,-4.125262651E-03,-8.374078362E-03, 5.966666667E-01, 1.614694825E-07, 0.000000000E+00, 2.687982585E+02, 4.176917500E+02, 8.451125317E-01, 2.508513446E+01, 2.508513450E+01, 1.207992601E+05
       333,-5.266154185E-03,-7.880109362E-03, 6.000000238E-01,-5.262335456E-03,-7.882681769E-03, 5.966666667E-01, 1.298208147E-07, 0.000000000E+00, 2.297567989E+02, 4.271152301E+02, 8.264667410E-01, 2.343034411E+01, 2.343034413E+01, 1.303842256E+05
       334,-6.320277695E-03,-7.206537295E-03, 6.000000238E-01,-6.318807676E-03,-7.207892974E-03, 5.966666667E-01, 1.053295046E-07, 0.000000000E+00, 1.926782652E+02, 4.367730054E+02, 8.081921911E-01, 2.167110304E+01, 2.167110305E+01, 1.402204010E+05
       335,-7.264141925E-03,-6.370734889E-03, 6.000000238E-01,-7.265484863E-03,-6.369253202E-03, 5.966666667E-01, 8.781156800E-08, 0.000000000E+00, 1.602160654E+02, 4.459561024E+02, 7.915499538E-01, 1.993711359E+01, 1.993711360E+01, 1.495852411E+05
       336,-8.079594932E-03,-5.399047397E-03, 6.000000238E-01,-8.082144953E-03,-5.395213461E-03, 5.966666667E-01, 7.530516763E-08, 0.000000000E+00, 1.323644145E+02, 4.545390499E+02, 7.766033135E-01, 1.825956694E+01, 1.825956695E+01, 1.583491400E+05
       337, 4.850606434E-03,-4.256685730E-03, 6.000000238E-01, 4.856256533E-03,-4.258977071E-03, 5.966666667E-01, 5.724605274E-07, 0.000000000E+00, 5.733993204E+02, 3.576402910E+02, 9.870155604E-01, 3.400100820E+01, 3.400100882E+01, 5.997488814E+04
       338, 4.148196895E-03,-9.474668186E-04, 6.000000238E-01, 4.142269384E-03,-9.481934315E-04, 5.966666667E-01, 4.491128626E-07, 0.000000000E+00, 6.829844735E+02, 3.386191984E+02, 1.042458709E+00, 3.612312179E+01, 3.612312267E+01, 4.078227744E+04
       339, 4.914961755E-03,-1.674166066E-03, 6.000000238E-01, 4.928066155E-03,-1.674595543E-03, 5.966666667E-01, 6.239987061E-07, 0.000000000E+00, 6.409363030E+02, 3.458316448E+02, 1.020717848E+00, 3.535902972E+01, 3.535903062E+01, 4.805739289E+04
       340, 5.542861763E-03,-2.739628311E-03, 6.000000238E-01, 5.550517885E-03,-2.737968237E-03, 5.966666667E-01, 5.907096666E-07, 0.000000000E+00, 5.894261452E+02, 3.548019034E+02, 9.949116082E-01, 3.433828544E+01, 3.433828614E+01, 5.710918920E+04
       341, 5.802772939E-03,-3.882278688E-03, 6.000000238E-01, 5.808105861E-03,-3.880298426E-03, 5.966666667E-01, 5.281486930E-07, 0.000000000E+00, 5.396284945E+02, 3.636413126E+02, 9.707272524E-01, 3.325469648E+01, 3.325469697E+01, 6.603630447E+04
       342, 3.404797753E-03,-3.375400556E-04, 6.000000238E-01, 3.401436783E-03,-3.376077162E-04, 5.966666667E-01, 5.360952662E-07, 0.000000000E+00, 7.152872813E+02, 3.331614166E+02, 1.059536053E+00, 3.667213459E+01, 3.667213537E+01, 3.527845588E+04
       343, 2.608061535E-03, 3.496303980E-04, 6.000000238E-01, 2.606720544E-03, 3.496378060E-04, 5.966666667E-01, 5.589492242E-07, 0.000000000E+00, 7.418007579E+02, 3.287134110E+02, 1.073873230E+00, 3.709835122E+01, 3.709835180E+01, 3.079380980E+04
       344, 1.824401086E-03, 1.072510961E-03, 6.000000238E-01, 1.824010234E-03, 1.072441383E-03, 5.966666667E-01, 5.569418069E-07, 0.000000000E+00, 7.566593764E+02, 3.262302019E+02, 1.082047371E+00, 3.732779884E+01, 3.732779928E+01, 2.829048951E+04
       345, 1.072510961E-03, 1.824401086E-03, 6.000000238E-01, 1.072441383E-03, 1.824010234E-03, 5.966666667E-01, 5.569418069E-07, 0.000000000E+00, 7.566593764E+02, 3.262302019E+02, 1.082047371E+00, 3.732779884E+01, 3.732779928E+01, 2.829048951E+04
       346, 3.496303980E-04, 2.608061535E-03, 6.000000238E-01, 3.496378060E-04, 2.606720544E-03, 5.966666667E-01, 5.589492242E-07, 0.000000000E+00, 7.418007579E+02, 3.287134110E+02, 1.073873230E+00, 3.709835122E+01, 3.709835180E+01, 3.079380980E+04
       347,-3.375400556E-04, 3.404797753E-03, 6.000000238E-01,-3.376077162E-04, 3.401436783E-03, 5.966666667E-01, 5.360952662E-07, 0.000000000E+00, 7.152872813E+02, 3.331614166E+02, 1.059536053E+00, 3.667213459E+01, 3.667213537E+01, 3.527845588E+04
       348,-9.474667604E-04, 4.148196895E-03, 6.000000238E-01,-9.481934315E-04, 4.142269384E-03, 5.966666667E-01, 4.491128626E-07, 0.000000000E+00, 6.829844735E+02, 3.386191984E+02, 1.042458709E+00, 3.612312179E+01, 3.612312267E+01, 4.078227744E+04
       349,-9.899165016E-04, 4.959166050E-03, 6.000000238E-01,-9.904304461E-04, 4.973614299E-03, 5.966666667E-01, 6.248118250E-07, 0.000000000E+00, 6.472367196E+02, 3.447455220E+02, 1.023933626E+00, 3.547737209E+01, 3.547737301E+01, 4.696169970E+04
       350,-1.942398725E-03, 5.708118435E-03, 6.000000238E-01,-1.941140455E-03, 5.716232548E-03, 5.966666667E-01, 5.992703727E-07, 0.000000000E+00, 5.980358836E+02, 3.532873594E+02, 9.991767973E-01, 3.451553512E+01, 3.451553585E+01, 5.558040173E+04
       351,-3.033142304E-03, 6.140251178E-03, 6.000000238E-01,-3.030391317E-03, 6.145686613E-03, 5.966666667E-01, 5.411145742E-07, 0.000000000E+00, 5.486615641E+02, 3.620170567E+02, 9.750825982E-01, 3.345843127E+01, 3.345843180E+01, 6.439534652E+04
       352,-4.174503498E-03, 6.241431925E-03, 6.000000238E-01,-4.171804640E-03, 6.245685863E-03, 5.966666667E-01, 4.697765035E-07, 0.000000000E+00, 5.009558119E+02, 3.706457434E+02, 9.523825339E-01, 3.234115669E+01, 3.234115705E+01, 7.311578320E+04
       353,-5.279466975E-03, 6.018280052E-03, 6.000000238E-01,-5.278923843E-03, 6.020694031E-03, 5.966666667E-01, 4.017731153E-07, 0.000000000E+00, 4.579875764E+02, 3.786232378E+02, 9.323160785E-01, 3.124540758E+01, 3.124540781E+01, 8.118472716E+04
       354,-6.281361450E-03, 5.509903654E-03, 6.000000238E-01,-6.283391011E-03, 5.509023730E-03, 5.966666667E-01, 3.468123825E-07, 0.000000000E+00, 4.223784910E+02, 3.854144603E+02, 9.158881376E-01, 3.026582941E+01, 3.026582957E+01, 8.805881544E+04
       355,-7.152483799E-03, 4.781425931E-03, 6.000000238E-01,-7.155431648E-03, 4.777857355E-03, 5.966666667E-01, 3.045101533E-07, 0.000000000E+00, 3.932496711E+02, 3.911142707E+02, 9.025406606E-01, 2.941112283E+01, 2.941112295E+01, 9.383173411E+04
       356,-7.891708985E-03, 3.893682733E-03, 6.000000238E-01,-7.894124023E-03, 3.889447630E-03, 5.966666667E-01, 2.690505708E-07, 0.000000000E+00, 3.669285038E+02, 3.963996559E+02, 8.905066566E-01, 2.859345457E+01, 2.859345466E+01, 9.918781499E+04
       357,-8.497404866E-03, 2.885689726E-03, 6.000000238E-01,-8.498871501E-03, 2.882183186E-03, 5.966666667E-01, 2.360896041E-07, 0.000000000E+00, 3.403858330E+02, 4.018874061E+02, 8.783468376E-01, 2.772118733E+01, 2.772118740E+01, 1.047519950E+05
       358,-8.958524093E-03, 1.782557811E-03, 6.000000238E-01,-8.959200585E-03, 1.780342292E-03, 5.966666667E-01, 2.043606279E-07, 0.000000000E+00, 3.121911548E+02, 4.079173639E+02, 8.653628493E-01, 2.673630239E+01, 2.673630244E+01, 1.108705107E+05
       359,-9.260453284E-03, 6.071232492E-04, 6.000000238E-01,-9.260684213E-03, 6.063711647E-04, 5.966666667E-01, 1.741525043E-07, 0.000000000E+00, 2.819326601E+02, 4.146578247E+02, 8.512959632E-01, 2.560375374E+01, 2.560375378E+01, 1.177159897E+05
       360,-9.390952997E-03,-6.156464806E-04, 6.000000238E-01,-9.391124608E-03,-6.148905311E-04, 5.966666667E-01, 1.460673470E-07, 0.000000000E+00, 2.494383613E+02, 4.222678726E+02, 8.359540358E-01, 2.428662561E+01, 2.428662563E+01, 1.254522486E+05
       361,-9.342581034E-03,-1.858675038E-03, 6.000000238E-01,-9.343093632E-03,-1.856426874E-03, 5.966666667E-01, 1.205761273E-07, 0.000000000E+00, 2.145416932E+02, 4.309656077E+02, 8.190828362E-01, 2.273277954E+01, 2.273277956E+01, 1.343041628E+05
       362,-9.113042615E-03,-3.093888052E-03, 6.000000238E-01,-9.114275393E-03,-3.090302661E-03, 5.966666667E-01, 9.798562009E-08, 0.000000000E+00, 1.772902114E+02, 4.410089775E+02, 8.004293570E-01, 2.087445150E+01, 2.087445151E+01, 1.445387405E+05
       363,-8.704768494E-03,-4.293161444E-03, 6.000000238E-01,-8.706908260E-03,-4.288791309E-03, 5.966666667E-01, 7.855743457E-08, 0.000000000E+00, 1.385393496E+02, 4.525589606E+02, 7.800011998E-01, 1.864920839E+01, 1.864920840E+01, 1.563262039E+05
       364, 4.663984291E-03,-5.315604620E-03, 6.000000238E-01, 4.664837046E-03,-5.319612649E-03, 5.966666667E-01, 5.188149762E-07, 0.000000000E+00, 5.332589616E+02, 3.647916810E+02, 9.676660699E-01, 3.310900742E+01, 3.310900788E+01, 6.719866157E+04
       365, 4.174503498E-03,-6.241431925E-03, 6.000000238E-01, 4.171804640E-03,-6.245685863E-03, 5.966666667E-01, 4.697765035E-07, 0.000000000E+00, 5.009558119E+02, 3.706457434E+02, 9.523825339E-01, 3.234115669E+01, 3.234115705E+01, 7.311578320E+04
       366, 3.476681421E-03,-7.042986341E-03, 6.000000238E-01, 3.472914165E-03,-7.046353416E-03, 5.966666667E-01, 4.244763245E-07, 0.000000000E+00, 4.721060048E+02, 3.759657106E+02, 9.389061883E-01, 3.161488902E+01, 3.161488929E+01, 7.849602866E+04
       367, 2.625006950E-03,-7.726572920E-03, 6.000000238E-01, 2.621756343E-03,-7.728796082E-03, 5.966666667E-01, 3.794653219E-07, 0.000000000E+00, 4.433072490E+02, 3.813809873E+02, 9.255745411E-01, 3.084902305E+01, 3.084902325E+01, 8.397557023E+04
       368, 1.648020116E-03,-8.279699832E-03, 6.000000238E-01, 1.645921102E-03,-8.280963826E-03, 5.966666667E-01, 3.338462521E-07, 0.000000000E+00, 4.130980742E+02, 3.871931443E+02, 9.116807400E-01, 2.999814100E+01, 2.999814115E+01, 8.985996483E+04
       369, 5.692933337E-04,-8.681237698E-03, 6.000000238E-01, 5.685690090E-04,-8.681893745E-03, 5.966666667E-01, 2.885635180E-07, 0.000000000E+00, 3.811541922E+02, 3.935107979E+02, 8.970440815E-01, 2.904043125E+01, 2.904043136E+01, 9.625997033E+04
       370,-5.843581748E-04,-8.911896497E-03, 6.000000238E-01,-5.836206323E-04,-8.912349810E-03, 5.966666667E-01, 2.450054524E-07, 0.000000000E+00, 3.475048338E+02, 4.003929432E+02, 8.816252590E-01, 2.795992611E+01, 2.795992618E+01, 1.032363710E+05
       371,-1.782557811E-03,-8.958524093E-03, 6.000000238E-01,-1.780342292E-03,-8.959200585E-03, 5.966666667E-01, 2.043606279E-07, 0.000000000E+00, 3.121911548E+02, 4.079173639E+02, 8.653628493E-01, 2.673630239E+01, 2.673630244E+01, 1.108705107E+05
       372,-2.992999041E-03,-8.814716712E-03, 6.000000238E-01,-2.989439775E-03,-8.816026455E-03, 5.966666667E-01, 1.675248605E-07, 0.000000000E+00, 2.751693455E+02, 4.162118425E+02, 8.481174638E-01, 2.533888657E+01, 2.533888661E+01, 1.192951217E+05
       373,-4.182763863E-03,-8.480075747E-03, 6.000000238E-01,-4.178405407E-03,-8.482239820E-03, 5.966666667E-01, 1.352713025E-07, 0.000000000E+00, 2.365068196E+02, 4.254282516E+02, 8.297439836E-01, 2.372937921E+01, 2.372937923E+01, 1.286674247E+05
       374,-5.319076125E-03,-7.959549315E-03, 6.000000238E-01,-5.315248510E-03,-7.962109559E-03, 5.966666667E-01, 1.084527402E-07, 0.000000000E+00, 1.973576564E+02, 4.355029815E+02, 8.105490600E-01, 2.190474022E+01, 2.190474024E+01, 1.389261713E+05
       375,-6.370734889E-03,-7.264142390E-03, 6.000000238E-01,-6.369253202E-03,-7.265484863E-03, 5.966666667E-01, 8.781156800E-08, 0.000000000E+00, 1.602160654E+02, 4.459561024E+02, 7.915499538E-01, 1.993711359E+01, 1.993711360E+01, 1.495852411E+05
       376,-7.311786059E-03,-6.412466988E-03, 6.000000238E-01,-7.313120018E-03,-6.410977487E-03, 5.966666667E-01, 7.310300995E-08, 0.000000000E+00, 1.280530822E+02, 4.559471884E+02, 7.742048668E-01, 1.798073911E+01, 1.798073911E+01, 1.597881784E+05
       377,-8.124539629E-03,-5.428988487E-03, 6.000000238E-01,-8.127088957E-03,-5.425154172E-03, 5.966666667E-01, 6.262918632E-08, 0.000000000E+00, 1.010666130E+02, 4.652553374E+02, 7.587157071E-01, 1.608633337E+01, 1.608633338E+01, 1.693095605E+05
       378, 5.315604620E-03,-4.663984291E-03, 6.000000238E-01, 5.319612649E-03,-4.664837046E-03, 5.966666667E-01, 5.188149762E-07, 0.000000000E+00, 5.332589616E+02, 3.647916810E+02, 9.676660699E-01, 3.310900742E+01, 3.310900788E+01, 6.719866157E+04
       379, 4.150846042E-03,-3.125824442E-04, 6.000000238E-01, 4.144747570E-03,-3.128621781E-04, 5.966666667E-01, 4.363359312E-07, 0.000000000E+00, 6.867096879E+02, 3.379864640E+02, 1.044410265E+00, 3.618808827E+01, 3.618808915E+01, 4.014414443E+04
       380, 4.959165584E-03,-9.899165016E-04, 6.000000238E-01, 4.973614299E-03,-9.904304461E-04, 5.966666667E-01, 6.248118250E-07, 0.000000000E+00, 6.472367196E+02, 3.447455220E+02, 1.023933626E+00, 3.547737209E+01, 3.547737301E+01, 4.696169970E+04
       381, 5.708118435E-03,-1.942398609E-03, 6.000000238E-01, 5.716232548E-03,-1.941140455E-03, 5.966666667E-01, 5.992703727E-07, 0.000000000E+00, 5.980358836E+02, 3.532873594E+02, 9.991767973E-01, 3.451553512E+01, 3.451553585E+01, 5.558040173E+04
       382, 6.140251178E-03,-3.033142304E-03, 6.000000238E-01, 6.145686613E-03,-3.030391317E-03, 5.966666667E-01, 5.411145742E-07, 0.000000000E+00, 5.486615641E+02, 3.620170567E+02, 9.750825982E-01, 3.345843127E+01, 3.345843180E+01, 6.439534652E+04
       383, 6.241431925E-03,-4.174503498E-03, 6.000000238E-01, 6.245685863E-03,-4.171804640E-03, 5.966666667E-01, 4.697765035E-07, 0.000000000E+00, 5.009558119E+02, 3.706457434E+02, 9.523825339E-01, 3.234115669E+01, 3.234115705E+01, 7.311578320E+04
       384, 3.404797753E-03, 3.375400847E-04, 6.000000238E-01, 3.401436783E-03, 3.376077162E-04, 5.966666667E-01, 5.360952662E-07, 0.000000000E+00, 7.152872813E+02, 3.331614166E+02, 1.059536053E+00, 3.667213459E+01, 3.667213537E+01, 3.527845588E+04
       385, 2.606375609E-03, 1.058610622E-03, 6.000000238E-01, 2.605069615E-03, 1.058572516E-03, 5.966666667E-01, 5.740758154E-07, 0.000000000E+00, 7.361594438E+02, 3.296582290E+02, 1.070795452E+00, 3.700950084E+01, 3.700950148E+01, 3.174634456E+04
       386, 1.817696262E-03, 1.817696262E-03, 6.000000238E-01, 1.817324888E-03, 1.817324888E-03, 5.966666667E-01, 5.811356110E-07, 0.000000000E+00, 7.437858983E+02, 3.283809008E+02, 1.074960606E+00, 3.712937705E+01, 3.712937763E+01, 3.045859239E+04
       387, 1.058610738E-03, 2.606375609E-03, 6.000000238E-01, 1.058572516E-03, 2.605069615E-03, 5.966666667E-01, 5.740758154E-07, 0.000000000E+00, 7.361594438E+02, 3.296582290E+02, 1.070795452E+00, 3.700950084E+01, 3.700950148E+01, 3.174634456E+04
       388, 3.375400556E-04, 3.404797753E-03, 6.000000238E-01, 3.376077162E-04, 3.401436783E-03, 5.966666667E-01, 5.360952662E-07, 0.000000000E+00, 7.152872813E+02, 3.331614166E+02, 1.059536053E+00, 3.667213459E+01, 3.667213537E+01, 3.527845588E+04
       389,-3.125824442E-04, 4.150846507E-03, 6.000000238E-01,-3.128621781E-04, 4.144747570E-03, 5.966666667E-01, 4.363359312E-07, 0.000000000E+00, 6.867096879E+02, 3.379864640E+02, 1.044410265E+00, 3.618808827E+01, 3.618808915E+01, 4.014414443E+04
       390,-3.273406764E-04, 4.976690281E-03, 6.000000238E-01,-3.275688199E-04, 4.991929244E-03, 5.966666667E-01, 6.248665610E-07, 0.000000000E+00, 6.504177249E+02, 3.441983545E+02, 1.025561359E+00, 3.553661849E+01, 3.553661941E+01, 4.640972865E+04
       391,-1.157293795E-03, 5.803687032E-03, 6.000000238E-01,-1.156646757E-03, 5.812276806E-03, 5.966666667E-01, 6.047273891E-07, 0.000000000E+00, 6.041227677E+02, 3.522205533E+02, 1.002203105E+00, 3.463920667E+01, 3.463920742E+01, 5.450370061E+04
       392,-2.164247679E-03, 6.364120636E-03, 6.000000238E-01,-2.162061938E-03, 6.369491644E-03, 5.966666667E-01, 5.525395406E-07, 0.000000000E+00, 5.569345148E+02, 3.605366326E+02, 9.790864516E-01, 3.364210757E+01, 3.364210813E+01, 6.289992908E+04
       393,-3.275901079E-03, 6.634338293E-03, 6.000000238E-01,-3.272515104E-03, 6.638481184E-03, 5.966666667E-01, 4.834921837E-07, 0.000000000E+00, 5.096144745E+02, 3.690571424E+02, 9.564820503E-01, 3.255112339E+01, 3.255112377E+01, 7.150973123E+04
       394,-4.416196141E-03, 6.604237016E-03, 6.000000238E-01,-4.413062295E-03, 6.607837751E-03, 5.966666667E-01, 4.110857695E-07, 0.000000000E+00, 4.637971728E+02, 3.775261084E+02, 9.350254841E-01, 3.139864102E+01, 3.139864127E+01, 8.007464347E+04
       395,-5.509903654E-03, 6.281361915E-03, 6.000000238E-01,-5.509023730E-03, 6.283391011E-03, 5.966666667E-01, 3.468123825E-07, 0.000000000E+00, 4.223784910E+02, 3.854144603E+02, 9.158881376E-01, 3.026582941E+01, 3.026582957E+01, 8.805881544E+04
       396,-6.498950534E-03, 5.700492766E-03, 6.000000238E-01,-6.500733277E-03, 5.699396801E-03, 5.966666667E-01, 2.967697208E-07, 0.000000000E+00, 3.878753434E+02, 3.921905442E+02, 9.000638528E-01, 2.924810211E+01, 2.924810222E+01, 9.492217702E+04
       397,-7.357746828E-03, 4.918168299E-03, 6.000000238E-01,-7.360538266E-03, 4.914494892E-03, 5.966666667E-01, 2.590697426E-07, 0.000000000E+00, 3.594908594E+02, 3.979311047E+02, 8.870795173E-01, 2.835443966E+01, 2.835443974E+01, 1.007402699E+05
       398,-8.082929067E-03, 3.987634555E-03, 6.000000238E-01,-8.085230901E-03, 3.983343796E-03, 5.966666667E-01, 2.279101291E-07, 0.000000000E+00, 3.337037580E+02, 4.033025660E+02, 8.752647815E-01, 2.749364595E+01, 2.749364601E+01, 1.061874812E+05
       399,-8.671076968E-03, 2.944422420E-03, 6.000000238E-01,-8.672447440E-03, 2.940883713E-03, 5.966666667E-01, 1.992521786E-07, 0.000000000E+00, 3.075925780E+02, 4.089258207E+02, 8.632287677E-01, 2.656957051E+01, 2.656957056E+01, 1.118942749E+05
       400,-9.111465886E-03, 1.812869683E-03, 6.000000238E-01,-9.112063680E-03, 1.810638555E-03, 5.966666667E-01, 1.719068602E-07, 0.000000000E+00, 2.796666855E+02, 4.151766951E+02, 8.502320492E-01, 2.551552405E+01, 2.551552408E+01, 1.182432079E+05
       401,-9.390952997E-03, 6.156464806E-04, 6.000000238E-01,-9.391124608E-03, 6.148905311E-04, 5.966666667E-01, 1.460673470E-07, 0.000000000E+00, 2.494383613E+02, 4.222678726E+02, 8.359540358E-01, 2.428662561E+01, 2.428662563E+01, 1.254522486E+05
       402,-9.498885833E-03,-6.226958358E-04, 6.000000238E-01,-9.499018234E-03,-6.219373155E-04, 5.966666667E-01, 1.221974655E-07, 0.000000000E+00, 2.167332466E+02, 4.303998269E+02, 8.201595591E-01, 2.283517650E+01, 2.283517652E+01, 1.337280307E+05
       403,-9.429111145E-03,-1.875824411E-03, 6.000000238E-01,-9.429600941E-03,-1.873571942E-03, 5.966666667E-01, 1.006492001E-07, 0.000000000E+00, 1.815465940E+02, 4.398131422E+02, 8.026056940E-01, 2.109900486E+01, 2.109900488E+01, 1.433193980E+05
       404,-9.180256166E-03,-3.116618609E-03, 6.000000238E-01,-9.181480693E-03,-3.113030388E-03, 5.966666667E-01, 8.163899926E-08, 0.000000000E+00, 1.443106489E+02, 4.507501447E+02, 7.831312678E-01, 1.900374612E+01, 1.900374613E+01, 1.544788641E+05
       405,-8.755392395E-03,-4.318034276E-03, 6.000000238E-01,-8.757531837E-03,-4.313664092E-03, 5.966666667E-01, 6.535047198E-08, 0.000000000E+00, 1.066982632E+02, 4.632175158E+02, 7.620535066E-01, 1.650507100E+01, 1.650507101E+01, 1.672237227E+05
       406, 5.000852048E-03,-5.700194743E-03, 6.000000238E-01, 5.000841674E-03,-5.703217361E-03, 5.966666667E-01, 4.601192732E-07, 0.000000000E+00, 4.948855730E+02, 3.717649761E+02, 9.495152985E-01, 3.219194065E+01, 3.219194098E+01, 7.424746240E+04
       407, 4.416196141E-03,-6.604237016E-03, 6.000000238E-01, 4.413062295E-03,-6.607837751E-03, 5.966666667E-01, 4.110857695E-07, 0.000000000E+00, 4.637971728E+02, 3.775261084E+02, 9.350254841E-01, 3.139864102E+01, 3.139864127E+01, 8.007464347E+04
       408, 3.642742289E-03,-7.380969822E-03, 6.000000238E-01, 3.638741644E-03,-7.383862103E-03, 5.966666667E-01, 3.678963368E-07, 0.000000000E+00, 4.359461807E+02, 3.827905961E+02, 9.221661553E-01, 3.064658313E+01, 3.064658332E+01, 8.540238838E+04
       409, 2.728817752E-03,-8.033538237E-03, 6.000000238E-01, 2.725441415E-03,-8.035390150E-03, 5.966666667E-01, 3.263054093E-07, 0.000000000E+00, 4.080572766E+02, 3.881812810E+02, 9.093600066E-01, 2.985125504E+01, 2.985125519E+01, 9.086071882E+04
       410, 1.701596659E-03,-8.550025523E-03, 6.000000238E-01, 1.699441308E-03,-8.551005856E-03, 5.966666667E-01, 2.851290465E-07, 0.000000000E+00, 3.786895863E+02, 3.940081189E+02, 8.959118234E-01, 2.896394483E+01, 2.896394493E+01, 9.676394349E+04
       411, 5.843581748E-04,-8.911896497E-03, 6.000000238E-01, 5.836206323E-04,-8.912349810E-03, 5.966666667E-01, 2.450054524E-07, 0.000000000E+00, 3.475048338E+02, 4.003929432E+02, 8.816252590E-01, 2.795992611E+01, 2.795992618E+01, 1.032363710E+05
       412,-5.968179903E-04,-9.102669545E-03, 6.000000238E-01,-5.960717204E-04,-9.102988969E-03, 5.966666667E-01, 2.069761415E-07, 0.000000000E+00, 3.145105449E+02, 4.074110668E+02, 8.664382512E-01, 2.681970956E+01, 2.681970961E+01, 1.103565822E+05
       413,-1.812869683E-03,-9.111465886E-03, 6.000000238E-01,-1.810638555E-03,-9.112063680E-03, 5.966666667E-01, 1.719068602E-07, 0.000000000E+00, 2.796666855E+02, 4.151766951E+02, 8.502320492E-01, 2.551552405E+01, 2.551552408E+01, 1.182432079E+05
       414,-3.033175599E-03,-8.933518082E-03, 6.000000238E-01,-3.029603419E-03,-8.934789308E-03, 5.966666667E-01, 1.404220580E-07, 0.000000000E+00, 2.427864470E+02, 4.238838913E+02, 8.327670371E-01, 2.400252668E+01, 2.400252671E+01, 1.270961124E+05
       415,-4.226726945E-03,-8.569554426E-03, 6.000000238E-01,-4.222361841E-03,-8.571704354E-03, 5.966666667E-01, 1.130588402E-07, 0.000000000E+00, 2.040026564E+02, 4.337237341E+02, 8.138741428E-01, 2.223032137E+01, 2.223032139E+01, 1.371133924E+05
       416,-5.362845957E-03,-8.025253192E-03, 6.000000238E-01,-5.359014192E-03,-8.027806228E-03, 5.966666667E-01, 9.043819386E-08, 0.000000000E+00, 1.647685717E+02, 4.446123377E+02, 7.939422780E-01, 2.019304707E+01, 2.019304708E+01, 1.482141445E+05
       417,-6.412466522E-03,-7.311786059E-03, 6.000000238E-01,-6.410977487E-03,-7.313120018E-03, 5.966666667E-01, 7.310300995E-08, 0.000000000E+00, 1.280530822E+02, 4.559471884E+02, 7.742048668E-01, 1.798073911E+01, 1.798073911E+01, 1.597881784E+05
       418,-7.351191249E-03,-6.446982268E-03, 6.000000238E-01,-7.352519457E-03,-6.445487996E-03, 5.966666667E-01, 6.078749115E-08, 0.000000000E+00, 9.717511330E+01, 4.666947365E+02, 7.563756449E-01, 1.578862231E+01, 1.578862232E+01, 1.707833260E+05
       419,-8.161712438E-03,-5.453752819E-03, 6.000000238E-01,-8.164262253E-03,-5.449918207E-03, 5.966666667E-01, 5.203585803E-08, 0.000000000E+00, 7.232487550E+01, 4.765505047E+02, 7.407326794E-01, 1.369119120E+01, 1.369119120E+01, 1.808844248E+05
       420, 5.700194743E-03,-5.000852048E-03, 6.000000238E-01, 5.703217361E-03,-5.000841674E-03, 5.966666667E-01, 4.601192732E-07, 0.000000000E+00, 4.948855730E+02, 3.717649761E+02, 9.495152985E-01, 3.219194065E+01, 3.219194098E+01, 7.424746240E+04
       421, 4.150846042E-03, 3.125824442E-04, 6.000000238E-01, 4.144747570E-03, 3.128621781E-04, 5.966666667E-01, 4.363359312E-07, 0.000000000E+00, 6.867096879E+02, 3.379864640E+02, 1.044410265E+00, 3.618808827E+01, 3.618808915E+01, 4.014414443E+04
       422, 4.976690281E-03,-3.273406764E-04, 6.000000238E-01, 4.991929244E-03,-3.275688199E-04, 5.966666667E-01, 6.248665610E-07, 0.000000000E+00, 6.504177249E+02, 3.441983545E+02, 1.025561359E+00, 3.553661849E+01, 3.553661941E+01, 4.640972865E+04
       423, 5.803686567E-03,-1.157293911E-03, 6.000000238E-01, 5.812276806E-03,-1.156646757E-03, 5.966666667E-01, 6.047273891E-07, 0.000000000E+00, 6.041227677E+02, 3.522205533E+02, 1.002203105E+00, 3.463920667E+01, 3.463920742E+01, 5.450370061E+04
       424, 6.364120636E-03,-2.164247911E-03, 6.000000238E-01, 6.369491644E-03,-2.162061938E-03, 5.966666667E-01, 5.525395406E-07, 0.000000000E+00, 5.569345148E+02, 3.605366326E+02, 9.790864516E-01, 3.364210757E+01, 3.364210813E+01, 6.289992908E+04
       425, 6.634338293E-03,-3.275901079E-03, 6.000000238E-01, 6.638481184E-03,-3.272515104E-03, 5.966666667E-01, 4.834921837E-07, 0.000000000E+00, 5.096144745E+02, 3.690571424E+02, 9.564820503E-01, 3.255112339E+01, 3.255112377E+01, 7.150973123E+04
       426, 6.604236551E-03,-4.416196141E-03, 6.000000238E-01, 6.607837751E-03,-4.413062295E-03, 5.966666667E-01, 4.110857695E-07, 0.000000000E+00, 4.637971728E+02, 3.775261084E+02, 9.350254841E-01, 3.139864102E+01, 3.139864127E+01, 8.007464347E+04
       427, 3.402630100E-03, 1.022339682E-03, 6.000000238E-01, 3.399358916E-03, 1.022470806E-03, 5.966666667E-01, 5.509921557E-07, 0.000000000E+00, 7.105737520E+02, 3.339564757E+02, 1.057013587E+00, 3.659416514E+01, 3.659416594E+01, 3.608014762E+04
       428, 2.596988808E-03, 1.794529031E-03, 6.000000238E-01, 2.595738055E-03, 1.794210060E-03, 5.966666667E-01, 5.990847424E-07, 0.000000000E+00, 7.248617131E+02, 3.315548789E+02, 1.064669998E+00, 3.682869879E+01, 3.682869951E+01, 3.365859301E+04
       429, 1.794529031E-03, 2.596988808E-03, 6.000000238E-01, 1.794210060E-03, 2.595738055E-03, 5.966666667E-01, 5.990847424E-07, 0.000000000E+00, 7.248617131E+02, 3.315548789E+02, 1.064669998E+00, 3.682869879E+01, 3.682869951E+01, 3.365859301E+04
       430, 1.022339682E-03, 3.402630100E-03, 6.000000238E-01, 1.022470806E-03, 3.399358916E-03, 5.966666667E-01, 5.509921557E-07, 0.000000000E+00, 7.105737520E+02, 3.339564757E+02, 1.057013587E+00, 3.659416514E+01, 3.659416594E+01, 3.608014762E+04
       431, 3.125824442E-04, 4.150846042E-03, 6.000000238E-01, 3.128621781E-04, 4.144747570E-03, 5.966666667E-01, 4.363359312E-07, 0.000000000E+00, 6.867096879E+02, 3.379864640E+02, 1.044410265E+00, 3.618808827E+01, 3.618808915E+01, 4.014414443E+04
       432, 3.273406764E-04, 4.976690281E-03, 6.000000238E-01, 3.275688199E-04, 4.991929244E-03, 5.966666667E-01, 6.248665610E-07, 0.000000000E+00, 6.504177249E+02, 3.441983545E+02, 1.025561359E+00, 3.553661849E+01, 3.553661941E+01, 4.640972865E+04
       433,-3.842446313E-04, 5.847949069E-03, 6.000000238E-01,-3.840579255E-04, 5.856836426E-03, 5.966666667E-01, 6.072854638E-07, 0.000000000E+00, 6.071989241E+02, 3.516826030E+02, 1.003736122E+00, 3.470119449E+01, 3.470119525E+01, 5.396080378E+04
       434,-1.295728027E-03, 6.502171047E-03, 6.000000238E-01,-1.294446376E-03, 6.507559797E-03, 5.966666667E-01, 5.603257899E-07, 0.000000000E+00, 5.627895993E+02, 3.594928125E+02, 9.819293181E-01, 3.377044342E+01, 3.377044400E+01, 6.184566928E+04
       435,-2.347734291E-03, 6.906685419E-03, 6.000000238E-01,-2.345009116E-03, 6.910461705E-03, 5.966666667E-01, 4.959134699E-07, 0.000000000E+00, 5.175598817E+02, 3.676072589E+02, 9.602545210E-01, 3.274086606E+01, 3.274086647E+01, 7.004414074E+04
       436,-3.476681421E-03, 7.042986341E-03, 6.000000238E-01,-3.472914165E-03, 7.046353416E-03, 5.966666667E-01, 4.244763245E-07, 0.000000000E+00, 4.721060048E+02, 3.759657106E+02, 9.389061883E-01, 3.161488902E+01, 3.161488929E+01, 7.849602866E+04
       437,-4.616094287E-03, 6.904304028E-03, 6.000000238E-01,-4.612692755E-03, 6.907503053E-03, 5.966666667E-01, 3.554213022E-07, 0.000000000E+00, 4.279574594E+02, 3.843315806E+02, 9.184687131E-01, 3.042361463E+01, 3.042361481E+01, 8.696241351E+04
       438,-5.700492766E-03, 6.498950068E-03, 6.000000238E-01,-5.699396801E-03, 6.500733277E-03, 5.966666667E-01, 2.967697208E-07, 0.000000000E+00, 3.878753434E+02, 3.921905442E+02, 9.000638528E-01, 2.924810211E+01, 2.924810222E+01, 9.492217702E+04
       439,-6.678912789E-03, 5.858124234E-03, 6.000000238E-01,-6.680536249E-03, 5.856888690E-03, 5.966666667E-01, 2.522435608E-07, 0.000000000E+00, 3.542974923E+02, 3.990086986E+02, 8.846838015E-01, 2.818528103E+01, 2.818528111E+01, 1.018327853E+05
       440,-7.527515758E-03, 5.031264387E-03, 6.000000238E-01,-7.530208995E-03, 5.027525815E-03, 5.966666667E-01, 2.192070773E-07, 0.000000000E+00, 3.264984658E+02, 4.048456624E+02, 8.719286509E-01, 2.724453199E+01, 2.724453205E+01, 1.077530611E+05
       441,-8.241083473E-03, 4.065340385E-03, 6.000000238E-01,-8.243315060E-03, 4.061014975E-03, 5.966666667E-01, 1.921826129E-07, 0.000000000E+00, 3.010894011E+02, 4.103637338E+02, 8.602040171E-01, 2.633065762E+01, 2.633065767E+01, 1.133542603E+05
       442,-8.814716712E-03, 2.992999041E-03, 6.000000238E-01,-8.816026455E-03, 2.989439775E-03, 5.966666667E-01, 1.675248605E-07, 0.000000000E+00, 2.751693455E+02, 4.162118425E+02, 8.481174638E-01, 2.533888657E+01, 2.533888661E+01, 1.192951217E+05
       443,-9.237960912E-03, 1.837939955E-03, 6.000000238E-01,-9.238506688E-03, 1.835698564E-03, 5.966666667E-01, 1.441536509E-07, 0.000000000E+00, 2.472110585E+02, 4.228068653E+02, 8.348883646E-01, 2.419209027E+01, 2.419209030E+01, 1.260004879E+05
       444,-9.498885833E-03, 6.226958358E-04, 6.000000238E-01,-9.499018234E-03, 6.219373155E-04, 5.966666667E-01, 1.221974655E-07, 0.000000000E+00, 2.167332466E+02, 4.303998269E+02, 8.201595591E-01, 2.283517650E+01, 2.283517652E+01, 1.337280307E+05
       445,-9.588154964E-03,-6.285262061E-04, 6.000000238E-01,-9.588260775E-03,-6.277659541E-04, 5.966666667E-01, 1.020165519E-07, 0.000000000E+00, 1.836911745E+02, 4.392153495E+02, 8.036980781E-01, 2.121084513E+01, 2.121084515E+01, 1.427099292E+05
       446,-9.500677697E-03,-1.890008338E-03, 6.000000238E-01,-9.501153047E-03,-1.887753006E-03, 5.966666667E-01, 8.387634497E-08, 0.000000000E+00, 1.483924821E+02, 4.494906559E+02, 7.853256294E-01, 1.924912823E+01, 1.924912824E+01, 1.531928936E+05
       447,-9.235847741E-03,-3.135418752E-03, 6.000000238E-01,-9.237066982E-03,-3.131828757E-03, 5.966666667E-01, 6.793036436E-08, 0.000000000E+00, 1.119739106E+02, 4.613569602E+02, 7.651267083E-01, 1.688531516E+01, 1.688531517E+01, 1.653199803E+05
       448,-8.797262795E-03,-4.338606726E-03, 6.000000238E-01,-8.799402774E-03,-4.334236457E-03, 5.966666667E-01, 5.430805761E-08, 0.000000000E+00, 7.715639174E+01, 4.745183735E+02, 7.439048769E-01, 1.412938286E+01, 1.412938286E+01, 1.788002787E+05
       449, 5.279466975E-03,-6.018280052E-03, 6.000000238E-01, 5.278923843E-03,-6.020694031E-03, 5.966666667E-01, 4.017731153E-07, 0.000000000E+00, 4.579875764E+02, 3.786232378E+02, 9.323160785E-01, 3.124540758E+01, 3.124540781E+01, 8.118472716E+04
       450, 4.616094287E-03,-6.904304028E-03, 6.000000238E-01, 4.612692755E-03,-6.907503053E-03, 5.966666667E-01, 3.554213022E-07, 0.000000000E+00, 4.279574594E+02, 3.843315806E+02, 9.184687131E-01, 3.042361463E+01, 3.042361481E+01, 8.696241351E+04
       451, 3.780087456E-03,-7.660508621E-03, 6.000000238E-01, 3.775942364E-03,-7.663106743E-03, 5.966666667E-01, 3.157856588E-07, 0.000000000E+00, 4.009482050E+02, 3.895832056E+02, 9.060876525E-01, 2.964156514E+01, 2.964156527E+01, 9.228071178E+04
       452, 2.814677311E-03,-8.287423290E-03, 6.000000238E-01, 2.811221366E-03,-8.289039240E-03, 5.966666667E-01, 2.784019653E-07, 0.000000000E+00, 3.738117189E+02, 3.949961283E+02, 8.936708665E-01, 2.881139283E+01, 2.881139293E+01, 9.776524185E+04
       453, 1.745908521E-03,-8.773606271E-03, 6.000000238E-01, 1.743716728E-03,-8.774402310E-03, 5.966666667E-01, 2.419887598E-07, 0.000000000E+00, 3.451166411E+02, 4.008929006E+02, 8.805257757E-01, 2.788025748E+01, 2.788025755E+01, 1.037433728E+05
       454, 5.968179903E-04,-9.102669545E-03, 6.000000238E-01, 5.960717204E-04,-9.102988969E-03, 5.966666667E-01, 2.069761415E-07, 0.000000000E+00, 3.145105449E+02, 4.074110668E+02, 8.664382512E-01, 2.681970956E+01, 2.681970961E+01, 1.103565822E+05
       455,-6.071232492E-04,-9.260453284E-03, 6.000000238E-01,-6.063711647E-04,-9.260684213E-03, 5.966666667E-01, 1.741525043E-07, 0.000000000E+00, 2.819326601E+02, 4.146578247E+02, 8.512959632E-01, 2.560375374E+01, 2.560375378E+01, 1.177159897E+05
       456,-1.837939955E-03,-9.237960912E-03, 6.000000238E-01,-1.835698564E-03,-9.238506688E-03, 5.966666667E-01, 1.441536509E-07, 0.000000000E+00, 2.472110585E+02, 4.228068653E+02, 8.348883646E-01, 2.419209027E+01, 2.419209030E+01, 1.260004879E+05
       457,-3.066404955E-03,-9.031775407E-03, 6.000000238E-01,-3.062824504E-03,-9.033023194E-03, 5.966666667E-01, 1.174163845E-07, 0.000000000E+00, 2.101875216E+02, 4.320973178E+02, 8.169375687E-01, 2.252723076E+01, 2.252723078E+01, 1.354567127E+05
       458,-4.263088107E-03,-8.643560112E-03, 6.000000238E-01,-4.258719374E-03,-8.645702847E-03, 5.966666667E-01, 9.431491804E-08, 0.000000000E+00, 1.712504761E+02, 4.427288066E+02, 7.973200005E-01, 2.054973150E+01, 2.054973151E+01, 1.462927282E+05
       459,-5.399047397E-03,-8.079594932E-03, 6.000000238E-01,-5.395213461E-03,-8.082144953E-03, 5.966666667E-01, 7.530516763E-08, 0.000000000E+00, 1.323644145E+02, 4.545390499E+02, 7.766033135E-01, 1.825956694E+01, 1.825956695E+01, 1.583491400E+05
       460,-6.446982268E-03,-7.351191249E-03, 6.000000238E-01,-6.445487996E-03,-7.352519457E-03, 5.966666667E-01, 6.078749115E-08, 0.000000000E+00, 9.717511330E+01, 4.666947365E+02, 7.563756449E-01, 1.578862231E+01, 1.578862232E+01, 1.707833260E+05
       461,-7.383781951E-03,-6.475529168E-03, 6.000000238E-01,-7.385106838E-03,-6.474031730E-03, 5.966666667E-01, 5.049871962E-08, 0.000000000E+00, 6.903580384E+01, 4.779713636E+02, 7.385307137E-01, 1.338283576E+01, 1.338283576E+01, 1.823420938E+05
       462,-8.192458190E-03,-5.474234000E-03, 6.000000238E-01,-8.195008205E-03,-5.470400487E-03, 5.966666667E-01, 4.319958080E-08, 0.000000000E+00, 4.778512036E+01, 4.880278584E+02, 7.233122581E-01, 1.114043798E+01, 1.114043798E+01, 1.926695098E+05
       463, 6.018280052E-03,-5.279466975E-03, 6.000000238E-01, 6.020694031E-03,-5.278923843E-03, 5.966666667E-01, 4.017731153E-07, 0.000000000E+00, 4.579875764E+02, 3.786232378E+02, 9.323160785E-01, 3.124540758E+01, 3.124540781E+01, 8.118472716E+04
       464, 4.148196895E-03, 9.474668186E-04, 6.000000238E-01, 4.142269384E-03, 9.481934315E-04, 5.966666667E-01, 4.491128626E-07, 0.000000000E+00, 6.829844735E+02, 3.386191984E+02, 1.042458709E+00, 3.612312179E+01, 3.612312267E+01, 4.078227744E+04
       465, 4.976690281E-03, 3.273406764E-04, 6.000000238E-01, 4.991929244E-03, 3.275688199E-04, 5.966666667E-01, 6.248665610E-07, 0.000000000E+00, 6.504177249E+02, 3.441983545E+02, 1.025561359E+00, 3.553661849E+01, 3.553661941E+01, 4.640972865E+04
       466, 5.847949069E-03,-3.842446022E-04, 6.000000238E-01, 5.856836426E-03,-3.840579255E-04, 5.966666667E-01, 6.072854638E-07, 0.000000000E+00, 6.071989241E+02, 3.516826030E+02, 1.003736122E+00, 3.470119449E+01, 3.470119525E+01, 5.396080378E+04
       467, 6.502171047E-03,-1.295727910E-03, 6.000000238E-01, 6.507559797E-03,-1.294446376E-03, 5.966666667E-01, 5.603257899E-07, 0.000000000E+00, 5.627895993E+02, 3.594928125E+02, 9.819293181E-01, 3.377044342E+01, 3.377044400E+01, 6.184566928E+04
       468, 6.906684954E-03,-2.347734291E-03, 6.000000238E-01, 6.910461705E-03,-2.345009116E-03, 5.966666667E-01, 4.959134699E-07, 0.000000000E+00, 5.175598817E+02, 3.676072589E+02, 9.602545210E-01, 3.274086606E+01, 3.274086647E+01, 7.004414074E+04
       469, 7.042986806E-03,-3.476681421E-03, 6.000000238E-01, 7.046353416E-03,-3.472914165E-03, 5.966666667E-01, 4.244763245E-07, 0.000000000E+00, 4.721060048E+02, 3.759657106E+02, 9.389061883E-01, 3.161488902E+01, 3.161488929E+01, 7.849602866E+04
       470, 6.904304493E-03,-4.616094287E-03, 6.000000238E-01, 6.907503053E-03,-4.612692755E-03, 5.966666667E-01, 3.554213022E-07, 0.000000000E+00, 4.279574594E+02, 3.843315806E+02, 9.184687131E-01, 3.042361463E+01, 3.042361481E+01, 8.696241351E+04
       471, 3.390561556E-03, 1.734077465E-03, 6.000000238E-01, 3.387419836E-03, 1.734003159E-03, 5.966666667E-01, 5.748591436E-07, 0.000000000E+00, 7.010957528E+02, 3.355586803E+02, 1.051966625E+00, 3.643530598E+01, 3.643530681E+01, 3.769579524E+04
       472, 2.564554801E-03, 2.564554801E-03, 6.000000238E-01, 2.563381748E-03, 2.563381748E-03, 5.966666667E-01, 6.168069242E-07, 0.000000000E+00, 7.081172986E+02, 3.343763567E+02, 1.055686280E+00, 3.655354216E+01, 3.655354297E+01, 3.650354164E+04
       473, 1.734077465E-03, 3.390561556E-03, 6.000000238E-01, 1.734003159E-03, 3.387419836E-03, 5.966666667E-01, 5.748591436E-07, 0.000000000E+00, 7.010957528E+02, 3.355586803E+02, 1.051966625E+00, 3.643530598E+01, 3.643530681E+01, 3.769579524E+04
       474, 9.474668186E-04, 4.148196895E-03, 6.000000238E-01, 9.481934315E-04, 4.142269384E-03, 5.966666667E-01, 4.491128626E-07, 0.000000000E+00, 6.829844735E+02, 3.386191984E+02, 1.042458709E+00, 3.612312179E+01, 3.612312267E+01, 4.078227744E+04
       475, 9.899165016E-04, 4.959165584E-03, 6.000000238E-01, 9.904304461E-04, 4.973614299E-03, 5.966666667E-01, 6.248118250E-07, 0.000000000E+00, 6.472367196E+02, 3.447455220E+02, 1.023933626E+00, 3.547737209E+01, 3.547737301E+01, 4.696169970E+04
       476, 3.842446022E-04, 5.847949069E-03, 6.000000238E-01, 3.840579255E-04, 5.856836426E-03, 5.966666667E-01, 6.072854638E-07, 0.000000000E+00, 6.071989241E+02, 3.516826030E+02, 1.003736122E+00, 3.470119449E+01, 3.470119525E+01, 5.396080378E+04
       477,-4.313085810E-04, 6.568547804E-03, 6.000000238E-01,-4.308959917E-04, 6.573976120E-03, 5.966666667E-01, 5.641604171E-07, 0.000000000E+00, 5.657506808E+02, 3.589661293E+02, 9.833700269E-01, 3.383482852E+01, 3.383482911E+01, 6.131375985E+04
       478,-1.410223776E-03, 7.079871371E-03, 6.000000238E-01,-1.408573492E-03, 7.083400597E-03, 5.966666667E-01, 5.045921339E-07, 0.000000000E+00, 5.231886886E+02, 3.665843567E+02, 9.629339764E-01, 3.287361451E+01, 3.287361494E+01, 6.901028372E+04
       479,-2.499491675E-03, 7.355427835E-03, 6.000000238E-01,-2.496441668E-03, 7.358243837E-03, 5.966666667E-01, 4.367826766E-07, 0.000000000E+00, 4.797460334E+02, 3.745398587E+02, 9.424805506E-01, 3.181077604E+01, 3.181077633E+01, 7.705374346E+04
       480,-3.642742289E-03, 7.380969822E-03, 6.000000238E-01,-3.638741644E-03, 7.383862103E-03, 5.966666667E-01, 3.678963368E-07, 0.000000000E+00, 4.359461807E+02, 3.827905961E+02, 9.221661553E-01, 3.064658313E+01, 3.064658332E+01, 8.540238838E+04
       481,-4.781426396E-03, 7.152483799E-03, 6.000000238E-01,-4.777857355E-03, 7.155431648E-03, 5.966666667E-01, 3.045101533E-07, 0.000000000E+00, 3.932496711E+02, 3.911142707E+02, 9.025406606E-01, 2.941112283E+01, 2.941112295E+01, 9.383173411E+04
       482,-5.858124699E-03, 6.678912789E-03, 6.000000238E-01,-5.856888690E-03, 6.680536249E-03, 5.966666667E-01, 2.522435608E-07, 0.000000000E+00, 3.542974923E+02, 3.990086986E+02, 8.846838015E-01, 2.818528103E+01, 2.818528111E+01, 1.018327853E+05
       483,-6.827756297E-03, 5.988498218E-03, 6.000000238E-01,-6.829274979E-03, 5.987170983E-03, 5.966666667E-01, 2.132710886E-07, 0.000000000E+00, 3.214642274E+02, 4.059329995E+02, 8.695930923E-01, 2.706804681E+01, 2.706804686E+01, 1.088564413E+05
       484,-7.667928003E-03, 5.124803632E-03, 6.000000238E-01,-7.670560039E-03, 5.121024606E-03, 5.966666667E-01, 1.846779659E-07, 0.000000000E+00, 2.940846711E+02, 4.119322743E+02, 8.569285640E-01, 2.606922114E+01, 2.606922118E+01, 1.149472084E+05
       485,-8.371889591E-03, 4.129608627E-03, 6.000000238E-01,-8.374078362E-03, 4.125262651E-03, 5.966666667E-01, 1.614694825E-07, 0.000000000E+00, 2.687982585E+02, 4.176917500E+02, 8.451125317E-01, 2.508513446E+01, 2.508513450E+01, 1.207992601E+05
       486,-8.933518082E-03, 3.033175599E-03, 6.000000238E-01,-8.934789308E-03, 3.029603419E-03, 5.966666667E-01, 1.404220580E-07, 0.000000000E+00, 2.427864470E+02, 4.238838913E+02, 8.327670371E-01, 2.400252668E+01, 2.400252671E+01, 1.270961124E+05
       487,-9.342581034E-03, 1.858675038E-03, 6.000000238E-01,-9.343093632E-03, 1.856426874E-03, 5.966666667E-01, 1.205761273E-07, 0.000000000E+00, 2.145416932E+02, 4.309656077E+02, 8.190828362E-01, 2.273277954E+01, 2.273277956E+01, 1.343041628E+05
       488,-9.588155895E-03, 6.285262061E-04, 6.000000238E-01,-9.588260775E-03, 6.277659541E-04, 5.966666667E-01, 1.020165519E-07, 0.000000000E+00, 1.836911745E+02, 4.392153495E+02, 8.036980781E-01, 2.121084513E+01, 2.121084515E+01, 1.427099292E+05
       489,-9.661988355E-03,-6.333484198E-04, 6.000000238E-01,-9.662075361E-03,-6.325869569E-04, 5.966666667E-01, 8.502529593E-08, 0.000000000E+00, 1.504544769E+02, 4.488602447E+02, 7.864285965E-01, 1.937145957E+01, 1.937145958E+01, 1.525493165E+05
       490,-9.559868835E-03,-1.901739626E-03, 6.000000238E-01,-9.560334761E-03,-1.899482356E-03, 5.966666667E-01, 6.980432592E-08, 0.000000000E+00, 1.157329360E+02, 4.600555647E+02, 7.672910826E-01, 1.714958321E+01, 1.714958322E+01, 1.639887476E+05
       491,-9.281825274E-03,-3.150967648E-03, 6.000000238E-01,-9.283042693E-03,-3.147376986E-03, 5.966666667E-01, 5.646317080E-08, 0.000000000E+00, 8.163155951E+01, 4.726872323E+02, 7.467866871E-01, 1.452083406E+01, 1.452083406E+01, 1.769229039E+05
       492,-8.831892163E-03,-4.355621058E-03, 6.000000238E-01,-8.834034170E-03,-4.351251833E-03, 5.966666667E-01, 4.509356319E-08, 0.000000000E+00, 5.148357332E+01, 4.861357417E+02, 7.261275030E-01, 1.156786198E+01, 1.156786198E+01, 1.907250293E+05
       493, 5.509903654E-03,-6.281361915E-03, 6.000000238E-01, 5.509023730E-03,-6.283391011E-03, 5.966666667E-01, 3.468123825E-07, 0.000000000E+00, 4.223784910E+02, 3.854144603E+02, 9.158881376E-01, 3.026582941E+01, 3.026582957E+01, 8.805881544E+04
       494, 4.781426396E-03,-7.152483799E-03, 6.000000238E-01, 4.777857355E-03,-7.155431648E-03, 5.966666667E-01, 3.045101533E-07, 0.000000000E+00, 3.932496711E+02, 3.911142707E+02, 9.025406606E-01, 2.941112283E+01, 2.941112295E+01, 9.383173411E+04
       495, 3.893682733E-03,-7.891708985E-03, 6.000000238E-01, 3.889447630E-03,-7.894124023E-03, 5.966666667E-01, 2.690505708E-07, 0.000000000E+00, 3.669285038E+02, 3.963996559E+02, 8.905066566E-01, 2.859345457E+01, 2.859345466E+01, 9.918781499E+04
       496, 2.885689726E-03,-8.497404866E-03, 6.000000238E-01, 2.882183186E-03,-8.498871501E-03, 5.966666667E-01, 2.360896041E-07, 0.000000000E+00, 3.403858330E+02, 4.018874061E+02, 8.783468376E-01, 2.772118733E+01, 2.772118740E+01, 1.047519950E+05
       497, 1.782557811E-03,-8.958524093E-03, 6.000000238E-01, 1.780342292E-03,-8.959200585E-03, 5.966666667E-01, 2.043606279E-07, 0.000000000E+00, 3.121911548E+02, 4.079173639E+02, 8.653628493E-01, 2.673630239E+01, 2.673630244E+01, 1.108705107E+05
       498, 6.071232492E-04,-9.260453284E-03, 6.000000238E-01, 6.063711647E-04,-9.260684213E-03, 5.966666667E-01, 1.741525043E-07, 0.000000000E+00, 2.819326601E+02, 4.146578247E+02, 8.512959632E-01, 2.560375374E+01, 2.560375378E+01, 1.177159897E+05
       499,-6.156464806E-04,-9.390952997E-03, 6.000000238E-01,-6.148905311E-04,-9.391124608E-03, 5.966666667E-01, 1.460673470E-07, 0.000000000E+00, 2.494383613E+02, 4.222678726E+02, 8.359540358E-01, 2.428662561E+01, 2.428662563E+01, 1.254522486E+05
       500,-1.858675038E-03,-9.342581034E-03, 6.000000238E-01,-1.856426874E-03,-9.343093632E-03, 5.966666667E-01, 1.205761273E-07, 0.000000000E+00, 2.145416932E+02, 4.309656077E+02, 8.190828362E-01, 2.273277954E+01, 2.273277956E+01, 1.343041628E+05
       501,-3.093888052E-03,-9.113042615E-03, 6.000000238E-01,-3.090302661E-03,-9.114275393E-03, 5.966666667E-01, 9.798562009E-08, 0.000000000E+00, 1.772902114E+02, 4.410089775E+02, 8.004293570E-01, 2.087445150E+01, 2.087445151E+01, 1.445387405E+05
       502,-4.293161444E-03,-8.704768494E-03, 6.000000238E-01,-4.288791309E-03,-8.706908260E-03, 5.966666667E-01, 7.855743457E-08, 0.000000000E+00, 1.385393496E+02, 4.525589606E+02, 7.800011998E-01, 1.864920839E+01, 1.864920840E+01, 1.563262039E+05
       503,-5.428988952E-03,-8.124539629E-03, 6.000000238E-01,-5.425154172E-03,-8.127088957E-03, 5.966666667E-01, 6.262918632E-08, 0.000000000E+00, 1.010666130E+02, 4.652553374E+02, 7.587157071E-01, 1.608633337E+01, 1.608633338E+01, 1.693095605E+05
       504,-6.475529168E-03,-7.383781951E-03, 6.000000238E-01,-6.474031730E-03,-7.385106838E-03, 5.966666667E-01, 5.049871962E-08, 0.000000000E+00, 6.903580384E+01, 4.779713636E+02, 7.385307137E-01, 1.338283576E+01, 1.338283576E+01, 1.823420938E+05
       505,-7.410737686E-03,-6.499139592E-03, 6.000000238E-01,-7.412059797E-03,-6.497640196E-03, 5.966666667E-01, 4.191873041E-08, 0.000000000E+00, 4.531584499E+01, 4.893330921E+02, 7.213829147E-01, 1.084412735E+01, 1.084412735E+01, 1.940112411E+05
       506,-8.217886090E-03,-5.491174292E-03, 6.000000238E-01,-8.220438001E-03,-5.487341261E-03, 5.966666667E-01, 3.584014529E-08, 0.000000000E+00, 2.920622822E+01, 4.989128532E+02, 7.075314456E-01, 8.623221218E+00, 8.623221219E+00, 2.038682610E+05
       507, 6.281361450E-03,-5.509903654E-03, 6.000000238E-01, 6.283391011E-03,-5.509023730E-03, 5.966666667E-01, 3.468123825E-07, 0.000000000E+00, 4.223784910E+02, 3.854144603E+02, 9.158881376E-01, 3.026582941E+01, 3.026582957E+01, 8.805881544E+04
       508, 4.133446142E-03, 1.609289320E-03, 6.000000238E-01, 4.127739223E-03, 1.610079647E-03, 5.966666667E-01, 4.677851922E-07, 0.000000000E+00, 6.755374693E+02, 3.398863700E+02, 1.038572192E+00, 3.599190669E+01, 3.599190758E+01, 4.206030885E+04
       509, 4.959166050E-03, 9.899165016E-04, 6.000000238E-01, 4.973614299E-03, 9.904304461E-04, 5.966666667E-01, 6.248118250E-07, 0.000000000E+00, 6.472367196E+02, 3.447455220E+02, 1.023933626E+00, 3.547737209E+01, 3.547737301E+01, 4.696169970E+04
       510, 5.847949069E-03, 3.842446313E-04, 6.000000238E-01, 5.856836426E-03, 3.840579255E-04, 5.966666667E-01, 6.072854638E-07, 0.000000000E+00, 6.071989241E+02, 3.516826030E+02, 1.003736122E+00, 3.470119449E+01, 3.470119525E+01, 5.396080378E+04
       511, 6.568547804E-03,-4.313085810E-04, 6.000000238E-01, 6.573976120E-03,-4.308959917E-04, 5.966666667E-01, 5.641604171E-07, 0.000000000E+00, 5.657506808E+02, 3.589661293E+02, 9.833700269E-01, 3.383482852E+01, 3.383482911E+01, 6.131375985E+04
       512, 7.079871837E-03,-1.410223660E-03, 6.000000238E-01, 7.083400597E-03,-1.408573492E-03, 5.966666667E-01, 5.045921339E-07, 0.000000000E+00, 5.231886886E+02, 3.665843567E+02, 9.629339764E-01, 3.287361451E+01, 3.287361494E+01, 6.901028372E+04
       513, 7.355427835E-03,-2.499491675E-03, 6.000000238E-01, 7.358243837E-03,-2.496441668E-03, 5.966666667E-01, 4.367826766E-07, 0.000000000E+00, 4.797460334E+02, 3.745398587E+02, 9.424805506E-01, 3.181077604E+01, 3.181077633E+01, 7.705374346E+04
       514, 7.380969822E-03,-3.642742289E-03, 6.000000238E-01, 7.383862103E-03,-3.638741644E-03, 5.966666667E-01, 3.678963368E-07, 0.000000000E+00, 4.359461807E+02, 3.827905961E+02, 9.221661553E-01, 3.064658313E+01, 3.064658332E+01, 8.540238838E+04
       515, 7.152483799E-03,-4.781425931E-03, 6.000000238E-01, 7.155431648E-03,-4.777857355E-03, 5.966666667E-01, 3.045101533E-07, 0.000000000E+00, 3.932496711E+02, 3.911142707E+02, 9.025406606E-01, 2.941112283E+01, 2.941112295E+01, 9.383173411E+04
       516, 3.348860657E-03, 2.479922725E-03, 6.000000238E-01, 3.345823492E-03, 2.479012602E-03, 5.966666667E-01, 5.886253745E-07, 0.000000000E+00, 6.870480320E+02, 3.379421043E+02, 1.044547358E+00, 3.619466591E+01, 3.619466678E+01, 4.009940691E+04
       517, 2.479922492E-03, 3.348860657E-03, 6.000000238E-01, 2.479012602E-03, 3.345823492E-03, 5.966666667E-01, 5.886253745E-07, 0.000000000E+00, 6.870480320E+02, 3.379421043E+02, 1.044547358E+00, 3.619466591E+01, 3.619466678E+01, 4.009940691E+04
       518, 1.609289320E-03, 4.133446608E-03, 6.000000238E-01, 1.610079647E-03, 4.127739223E-03, 5.966666667E-01, 4.677851922E-07, 0.000000000E+00, 6.755374693E+02, 3.398863700E+02, 1.038572192E+00, 3.599190669E+01, 3.599190758E+01, 4.206030885E+04
       519, 1.674166066E-03, 4.914961755E-03, 6.000000238E-01, 1.674595543E-03, 4.928066155E-03, 5.966666667E-01, 6.239987061E-07, 0.000000000E+00, 6.409363030E+02, 3.458316448E+02, 1.020717848E+00, 3.535902972E+01, 3.535903062E+01, 4.805739289E+04
       520, 1.157293911E-03, 5.803686567E-03, 6.000000238E-01, 1.156646757E-03, 5.812276806E-03, 5.966666667E-01, 6.047273891E-07, 0.000000000E+00, 6.041227677E+02, 3.522205533E+02, 1.002203105E+00, 3.463920667E+01, 3.463920742E+01, 5.450370061E+04
       521, 4.313085810E-04, 6.568547804E-03, 6.000000238E-01, 4.308959917E-04, 6.573976120E-03, 5.966666667E-01, 5.641604171E-07, 0.000000000E+00, 5.657506808E+02, 3.589661293E+02, 9.833700269E-01, 3.383482852E+01, 3.383482911E+01, 6.131375985E+04
       522,-4.702341394E-04, 7.164538372E-03, 6.000000238E-01,-4.696903909E-04, 7.167958872E-03, 5.966666667E-01, 5.089394943E-07, 0.000000000E+00, 5.260366470E+02, 3.660680972E+02, 9.642919855E-01, 3.294025733E+01, 3.294025776E+01, 6.848853503E+04
       523,-1.504920539E-03, 7.557674777E-03, 6.000000238E-01,-1.503047494E-03, 7.560079471E-03, 5.966666667E-01, 4.454920934E-07, 0.000000000E+00, 4.851623049E+02, 3.735337491E+02, 9.450191132E-01, 3.194795285E+01, 3.194795315E+01, 7.603616044E+04
       524,-2.625006950E-03, 7.726572920E-03, 6.000000238E-01,-2.621756343E-03, 7.728796082E-03, 5.966666667E-01, 3.794653219E-07, 0.000000000E+00, 4.433072490E+02, 3.813809873E+02, 9.255745411E-01, 3.084902305E+01, 3.084902325E+01, 8.397557023E+04
       525,-3.780087456E-03, 7.660508621E-03, 6.000000238E-01,-3.775942364E-03, 7.663106743E-03, 5.966666667E-01, 3.157856588E-07, 0.000000000E+00, 4.009482050E+02, 3.895832056E+02, 9.060876525E-01, 2.964156514E+01, 2.964156527E+01, 9.228071178E+04
       526,-4.918168299E-03, 7.357746828E-03, 6.000000238E-01,-4.914494892E-03, 7.360538266E-03, 5.966666667E-01, 2.590697426E-07, 0.000000000E+00, 3.594908594E+02, 3.979311047E+02, 8.870795173E-01, 2.835443966E+01, 2.835443974E+01, 1.007402699E+05
       527,-5.988498218E-03, 6.827756297E-03, 6.000000238E-01,-5.987170983E-03, 6.829274979E-03, 5.966666667E-01, 2.132710886E-07, 0.000000000E+00, 3.214642274E+02, 4.059329995E+02, 8.695930923E-01, 2.706804681E+01, 2.706804686E+01, 1.088564413E+05
       528,-6.950860843E-03, 6.096327212E-03, 6.000000238E-01,-6.952311176E-03, 6.094940074E-03, 5.966666667E-01, 1.795699249E-07, 0.000000000E+00, 2.891736568E+02, 4.130423217E+02, 8.546255764E-01, 2.588324551E+01, 2.588324555E+01, 1.160747372E+05
       529,-7.784059271E-03, 5.202168133E-03, 6.000000238E-01,-7.786654290E-03, 5.198364054E-03, 5.966666667E-01, 1.550528610E-07, 0.000000000E+00, 2.619425529E+02, 4.193071599E+02, 8.418566769E-01, 2.480745521E+01, 2.480745524E+01, 1.224414696E+05
       530,-8.480075747E-03, 4.182763863E-03, 6.000000238E-01,-8.482239820E-03, 4.178405407E-03, 5.966666667E-01, 1.352713025E-07, 0.000000000E+00, 2.365068196E+02, 4.254282516E+02, 8.297439836E-01, 2.372937921E+01, 2.372937923E+01, 1.286674247E+05
       531,-9.031775407E-03, 3.066404955E-03, 6.000000238E-01,-9.033023194E-03, 3.062824504E-03, 5.966666667E-01, 1.174163845E-07, 0.000000000E+00, 2.101875216E+02, 4.320973178E+02, 8.169375687E-01, 2.252723076E+01, 2.252723078E+01, 1.354567127E+05
       532,-9.429111145E-03, 1.875824411E-03, 6.000000238E-01,-9.429600941E-03, 1.873571942E-03, 5.966666667E-01, 1.006492001E-07, 0.000000000E+00, 1.815465940E+02, 4.398131422E+02, 8.026056940E-01, 2.109900486E+01, 2.109900488E+01, 1.433193980E+05
       533,-9.661988355E-03, 6.333483616E-04, 6.000000238E-01,-9.662075361E-03, 6.325869569E-04, 5.966666667E-01, 8.502529593E-08, 0.000000000E+00, 1.504544769E+02, 4.488602447E+02, 7.864285965E-01, 1.937145957E+01, 1.937145958E+01, 1.525493165E+05
       534,-9.723053314E-03,-6.373366923E-04, 6.000000238E-01,-9.723128476E-03,-6.365744783E-04, 5.966666667E-01, 7.076694123E-08, 0.000000000E+00, 1.176410236E+02, 4.594021910E+02, 7.683823438E-01, 1.728170257E+01, 1.728170257E+01, 1.633205089E+05
       535,-9.608824737E-03,-1.911442261E-03, 6.000000238E-01,-9.609284356E-03,-1.909183781E-03, 5.966666667E-01, 5.802915980E-08, 0.000000000E+00, 8.485919072E+01, 4.713957057E+02, 7.488327280E-01, 1.479524755E+01, 1.479524756E+01, 1.755991312E+05
       536,-9.319853038E-03,-3.163827816E-03, 6.000000238E-01,-9.321069208E-03,-3.160236928E-03, 5.966666667E-01, 4.689060813E-08, 0.000000000E+00, 5.491401781E+01, 4.844365752E+02, 7.286744030E-01, 1.194837739E+01, 1.194837739E+01, 1.889793881E+05
       537,-8.860534057E-03,-4.369693808E-03, 6.000000238E-01,-8.862677618E-03,-4.365325162E-03, 5.966666667E-01, 3.741666925E-08, 0.000000000E+00, 3.160313974E+01, 4.973303716E+02, 7.097827771E-01, 8.993246688E+00, 8.993246689E+00, 2.022388400E+05
       538, 5.700492766E-03,-6.498950068E-03, 6.000000238E-01, 5.699396801E-03,-6.500733277E-03, 5.966666667E-01, 2.967697208E-07, 0.000000000E+00, 3.878753434E+02, 3.921905442E+02, 9.000638528E-01, 2.924810211E+01, 2.924810222E+01, 9.492217702E+04
       539, 4.918168299E-03,-7.357746828E-03, 6.000000238E-01, 4.914494892E-03,-7.360538266E-03, 5.966666667E-01, 2.590697426E-07, 0.000000000E+00, 3.594908594E+02, 3.979311047E+02, 8.870795173E-01, 2.835443966E+01, 2.835443974E+01, 1.007402699E+05
       540, 3.987634555E-03,-8.082929067E-03, 6.000000238E-01, 3.983343796E-03,-8.085230901E-03, 5.966666667E-01, 2.279101291E-07, 0.000000000E+00, 3.337037580E+02, 4.033025660E+02, 8.752647815E-01, 2.749364595E+01, 2.749364601E+01, 1.061874812E+05
       541, 2.944422420E-03,-8.671076968E-03, 6.000000238E-01, 2.940883713E-03,-8.672447440E-03, 5.966666667E-01, 1.992521786E-07, 0.000000000E+00, 3.075925780E+02, 4.089258207E+02, 8.632287677E-01, 2.656957051E+01, 2.656957056E+01, 1.118942749E+05
       542, 1.812869683E-03,-9.111465886E-03, 6.000000238E-01, 1.810638555E-03,-9.112063680E-03, 5.966666667E-01, 1.719068602E-07, 0.000000000E+00, 2.796666855E+02, 4.151766951E+02, 8.502320492E-01, 2.551552405E+01, 2.551552408E+01, 1.182432079E+05
       543, 6.156464806E-04,-9.390952997E-03, 6.000000238E-01, 6.148905311E-04,-9.391124608E-03, 5.966666667E-01, 1.460673470E-07, 0.000000000E+00, 2.494383613E+02, 4.222678726E+02, 8.359540358E-01, 2.428662561E+01, 2.428662563E+01, 1.254522486E+05
       544,-6.226958358E-04,-9.498885833E-03, 6.000000238E-01,-6.219373155E-04,-9.499018234E-03, 5.966666667E-01, 1.221974655E-07, 0.000000000E+00, 2.167332466E+02, 4.303998269E+02, 8.201595591E-01, 2.283517650E+01, 2.283517652E+01, 1.337280307E+05
       545,-1.875824411E-03,-9.429111145E-03, 6.000000238E-01,-1.873571942E-03,-9.429600941E-03, 5.966666667E-01, 1.006492001E-07, 0.000000000E+00, 1.815465940E+02, 4.398131422E+02, 8.026056940E-01, 2.109900486E+01, 2.109900488E+01, 1.433193980E+05
       546,-3.116618609E-03,-9.180256166E-03, 6.000000238E-01,-3.113030388E-03,-9.181480693E-03, 5.966666667E-01, 8.163899926E-08, 0.000000000E+00, 1.443106489E+02, 4.507501447E+02, 7.831312678E-01, 1.900374612E+01, 1.900374613E+01, 1.544788641E+05
       547,-4.318034742E-03,-8.755392395E-03, 6.000000238E-01,-4.313664092E-03,-8.757531837E-03, 5.966666667E-01, 6.535047198E-08, 0.000000000E+00, 1.066982632E+02, 4.632175158E+02, 7.620535066E-01, 1.650507100E+01, 1.650507101E+01, 1.672237227E+05
       548,-5.453752819E-03,-8.161713369E-03, 6.000000238E-01,-5.449918207E-03,-8.164262253E-03, 5.966666667E-01, 5.203585803E-08, 0.000000000E+00, 7.232487550E+01, 4.765505047E+02, 7.407326794E-01, 1.369119120E+01, 1.369119120E+01, 1.808844248E+05
       549,-6.499139592E-03,-7.410737220E-03, 6.000000238E-01,-6.497640196E-03,-7.412059797E-03, 5.966666667E-01, 4.191873041E-08, 0.000000000E+00, 4.531584499E+01, 4.893330921E+02, 7.213829147E-01, 1.084412735E+01, 1.084412735E+01, 1.940112411E+05
       550,-7.433031686E-03,-6.518667564E-03, 6.000000238E-01,-7.434352435E-03,-6.517166624E-03, 5.966666667E-01, 3.477427203E-08, 0.000000000E+00, 2.763336890E+01, 4.999910025E+02, 7.060057691E-01, 8.370468099E+00, 8.370468100E+00, 2.049786483E+05
       551,-8.238918148E-03,-5.505184643E-03, 6.000000238E-01,-8.241470760E-03,-5.501352824E-03, 5.966666667E-01, 2.971833269E-08, 0.000000000E+00, 1.695197383E+01, 5.084410870E+02, 6.942722397E-01, 6.362313077E+00, 6.362313077E+00, 2.136893606E+05
       552, 6.498950534E-03,-5.700492766E-03, 6.000000238E-01, 6.500733277E-03,-5.699396801E-03, 5.966666667E-01, 2.967697208E-07, 0.000000000E+00, 3.878753434E+02, 3.921905442E+02, 9.000638528E-01, 2.924810211E+01, 2.924810222E+01, 9.492217702E+04
       553, 4.082478583E-03, 2.305219183E-03, 6.000000238E-01, 4.076842442E-03, 2.305268602E-03, 5.966666667E-01, 4.709030643E-07, 0.000000000E+00, 6.647394155E+02, 3.417294493E+02, 1.032970770E+00, 3.579843833E+01, 3.579843921E+01, 4.391929819E+04
       554, 4.914961755E-03, 1.674166066E-03, 6.000000238E-01, 4.928066155E-03, 1.674595543E-03, 5.966666667E-01, 6.239987061E-07, 0.000000000E+00, 6.409363030E+02, 3.458316448E+02, 1.020717848E+00, 3.535902972E+01, 3.535903062E+01, 4.805739289E+04
       555, 5.803687032E-03, 1.157293795E-03, 6.000000238E-01, 5.812276806E-03, 1.156646757E-03, 5.966666667E-01, 6.047273891E-07, 0.000000000E+00, 6.041227677E+02, 3.522205533E+02, 1.002203105E+00, 3.463920667E+01, 3.463920742E+01, 5.450370061E+04
       556, 6.568547804E-03, 4.313085810E-04, 6.000000238E-01, 6.573976120E-03, 4.308959917E-04, 5.966666667E-01, 5.641604171E-07, 0.000000000E+00, 5.657506808E+02, 3.589661293E+02, 9.833700269E-01, 3.383482852E+01, 3.383482911E+01, 6.131375985E+04
       557, 7.164538372E-03,-4.702341103E-04, 6.000000238E-01, 7.167958872E-03,-4.696903909E-04, 5.966666667E-01, 5.089394943E-07, 0.000000000E+00, 5.260366470E+02, 3.660680972E+02, 9.642919855E-01, 3.294025733E+01, 3.294025776E+01, 6.848853503E+04
       558, 7.557674777E-03,-1.504920539E-03, 6.000000238E-01, 7.560079471E-03,-1.503047494E-03, 5.966666667E-01, 4.454920934E-07, 0.000000000E+00, 4.851623049E+02, 3.735337491E+02, 9.450191132E-01, 3.194795285E+01, 3.194795315E+01, 7.603616044E+04
       559, 7.726572920E-03,-2.625006717E-03, 6.000000238E-01, 7.728796082E-03,-2.621756343E-03, 5.966666667E-01, 3.794653219E-07, 0.000000000E+00, 4.433072490E+02, 3.813809873E+02, 9.255745411E-01, 3.084902305E+01, 3.084902325E+01, 8.397557023E+04
       560, 7.660508621E-03,-3.780087456E-03, 6.000000238E-01, 7.663106743E-03,-3.775942364E-03, 5.966666667E-01, 3.157856588E-07, 0.000000000E+00, 4.009482050E+02, 3.895832056E+02, 9.060876525E-01, 2.964156514E+01, 2.964156527E+01, 9.228071178E+04
       561, 7.357746828E-03,-4.918168299E-03, 6.000000238E-01, 7.360538266E-03,-4.914494892E-03, 5.966666667E-01, 2.590697426E-07, 0.000000000E+00, 3.594908594E+02, 3.979311047E+02, 8.870795173E-01, 2.835443966E+01, 2.835443974E+01, 1.007402699E+05
       562, 3.240047488E-03, 3.240047488E-03, 6.000000238E-01, 3.237190572E-03, 3.237190572E-03, 5.966666667E-01, 5.500287908E-07, 0.000000000E+00, 6.696434365E+02, 3.409090756E+02, 1.035456541E+00, 3.588768777E+01, 3.588768865E+01, 4.309182598E+04
       563, 2.305219183E-03, 4.082478583E-03, 6.000000238E-01, 2.305268602E-03, 4.076842442E-03, 5.966666667E-01, 4.709030643E-07, 0.000000000E+00, 6.647394155E+02, 3.417294493E+02, 1.032970770E+00, 3.579843833E+01, 3.579843921E+01, 4.391929819E+04
       564, 2.384747379E-03, 4.820573144E-03, 6.000000238E-01, 2.385056029E-03, 4.832235626E-03, 5.966666667E-01, 6.213272719E-07, 0.000000000E+00, 6.320125166E+02, 3.473760476E+02, 1.016179828E+00, 3.518914880E+01, 3.518914968E+01, 4.961548555E+04
       565, 1.942398609E-03, 5.708118435E-03, 6.000000238E-01, 1.941140455E-03, 5.716232548E-03, 5.966666667E-01, 5.992703727E-07, 0.000000000E+00, 5.980358836E+02, 3.532873594E+02, 9.991767973E-01, 3.451553512E+01, 3.451553585E+01, 5.558040173E+04
       566, 1.295727910E-03, 6.502171047E-03, 6.000000238E-01, 1.294446376E-03, 6.507559797E-03, 5.966666667E-01, 5.603257899E-07, 0.000000000E+00, 5.627895993E+02, 3.594928125E+02, 9.819293181E-01, 3.377044342E+01, 3.377044400E+01, 6.184566928E+04
       567, 4.702341103E-04, 7.164538372E-03, 6.000000238E-01, 4.696903909E-04, 7.167958872E-03, 5.966666667E-01, 5.089394943E-07, 0.000000000E+00, 5.260366470E+02, 3.660680972E+02, 9.642919855E-01, 3.294025733E+01, 3.294025776E+01, 6.848853503E+04
       568,-5.024285638E-04, 7.657469250E-03, 6.000000238E-01,-5.018054574E-04, 7.659674068E-03, 5.966666667E-01, 4.498920298E-07, 0.000000000E+00, 4.879031043E+02, 3.730260365E+02, 9.463053453E-01, 3.201683798E+01, 3.201683829E+01, 7.552269651E+04
       569,-1.583242090E-03, 7.952854969E-03, 6.000000238E-01,-1.581230697E-03, 7.954561338E-03, 5.966666667E-01, 3.877163104E-07, 0.000000000E+00, 4.485273985E+02, 3.803866445E+02, 9.279940223E-01, 3.099085068E+01, 3.099085089E+01, 8.296920752E+04
       570,-2.728817752E-03, 8.033538237E-03, 6.000000238E-01,-2.725441415E-03, 8.035390150E-03, 5.966666667E-01, 3.263054093E-07, 0.000000000E+00, 4.080572766E+02, 3.881812810E+02, 9.093600066E-01, 2.985125504E+01, 2.985125519E+01, 9.086071882E+04
       571,-3.893682733E-03, 7.891708985E-03, 6.000000238E-01,-3.889447630E-03, 7.894124023E-03, 5.966666667E-01, 2.690505708E-07, 0.000000000E+00, 3.669285038E+02, 3.963996559E+02, 8.905066566E-01, 2.859345457E+01, 2.859345466E+01, 9.918781499E+04
       572,-5.031264387E-03, 7.527515758E-03, 6.000000238E-01,-5.027525815E-03, 7.530208995E-03, 5.966666667E-01, 2.192070773E-07, 0.000000000E+00, 3.264984658E+02, 4.048456624E+02, 8.719286509E-01, 2.724453199E+01, 2.724453205E+01, 1.077530611E+05
       573,-6.096327212E-03, 6.950860843E-03, 6.000000238E-01,-6.094940074E-03, 6.952311176E-03, 5.966666667E-01, 1.795699249E-07, 0.000000000E+00, 2.891736568E+02, 4.130423217E+02, 8.546255764E-01, 2.588324551E+01, 2.588324555E+01, 1.160747372E+05
       574,-7.052678149E-03, 6.185510196E-03, 6.000000238E-01,-7.054083136E-03, 6.184083530E-03, 5.966666667E-01, 1.506923174E-07, 0.000000000E+00, 2.571177918E+02, 4.204559552E+02, 8.395565051E-01, 2.460898050E+01, 2.460898053E+01, 1.236095455E+05
       575,-7.880109362E-03, 5.266154185E-03, 6.000000238E-01,-7.882681769E-03, 5.262335456E-03, 5.966666667E-01, 1.298208147E-07, 0.000000000E+00, 2.297567989E+02, 4.271152301E+02, 8.264667410E-01, 2.343034411E+01, 2.343034413E+01, 1.303842256E+05
       576,-8.569554426E-03, 4.226726945E-03, 6.000000238E-01,-8.571704354E-03, 4.222361841E-03, 5.966666667E-01, 1.130588402E-07, 0.000000000E+00, 2.040026564E+02, 4.337237341E+02, 8.138741428E-01, 2.223032137E+01, 2.223032139E+01, 1.371133924E+05
       577,-9.113042615E-03, 3.093888052E-03, 6.000000238E-01,-9.114275393E-03, 3.090302661E-03, 5.966666667E-01, 9.798562009E-08, 0.000000000E+00, 1.772902114E+02, 4.410089775E+02, 8.004293570E-01, 2.087445150E+01, 2.087445151E+01, 1.445387405E+05
       578,-9.500677697E-03, 1.890008454E-03, 6.000000238E-01,-9.501153047E-03, 1.887753006E-03, 5.966666667E-01, 8.387634497E-08, 0.000000000E+00, 1.483924821E+02, 4.494906559E+02, 7.853256294E-01, 1.924912823E+01, 1.924912824E+01, 1.531928936E+05
       579,-9.723053314E-03, 6.373366923E-04, 6.000000238E-01,-9.723128476E-03, 6.365744783E-04, 5.966666667E-01, 7.076694123E-08, 0.000000000E+00, 1.176410236E+02, 4.594021910E+02, 7.683823438E-01, 1.728170257E+01, 1.728170257E+01, 1.633205089E+05
       580,-9.773558937E-03,-6.406353205E-04, 6.000000238E-01,-9.773625966E-03,-6.398725871E-04, 5.966666667E-01, 5.883376113E-08, 0.000000000E+00, 8.651010123E+01, 4.707438725E+02, 7.498696274E-01, 1.493318739E+01, 1.493318739E+01, 1.749311373E+05
       581,-9.649314918E-03,-1.919467119E-03, 6.000000238E-01,-9.649770629E-03,-1.917207842E-03, 5.966666667E-01, 4.819680034E-08, 0.000000000E+00, 5.743095837E+01, 4.832234949E+02, 7.305036614E-01, 1.221874055E+01, 1.221874055E+01, 1.877334461E+05
       582,-9.351304732E-03,-3.174464218E-03, 6.000000238E-01,-9.352520785E-03,-3.170873334E-03, 5.966666667E-01, 3.891295142E-08, 0.000000000E+00, 3.386643763E+01, 4.958923244E+02, 7.118410891E-01, 9.327596764E+00, 9.327596765E+00, 2.007585284E+05
       583,-8.884223178E-03,-4.381332546E-03, 6.000000238E-01,-8.886368374E-03,-4.376965094E-03, 5.966666667E-01, 3.102911749E-08, 0.000000000E+00, 1.827623133E+01, 5.072450735E+02, 6.959092374E-01, 6.647565013E+00, 6.647565013E+00, 2.124555906E+05
       584, 5.858124699E-03,-6.678912789E-03, 6.000000238E-01, 5.856888690E-03,-6.680536249E-03, 5.966666667E-01, 2.522435608E-07, 0.000000000E+00, 3.542974923E+02, 3.990086986E+02, 8.846838015E-01, 2.818528103E+01, 2.818528111E+01, 1.018327853E+05
       585, 5.031264387E-03,-7.527515758E-03, 6.000000238E-01, 5.027525815E-03,-7.530208995E-03, 5.966666667E-01, 2.192070773E-07, 0.000000000E+00, 3.264984658E+02, 4.048456624E+02, 8.719286509E-01, 2.724453199E+01, 2.724453205E+01, 1.077530611E+05
       586, 4.065340385E-03,-8.241083473E-03, 6.000000238E-01, 4.061014975E-03,-8.243315060E-03, 5.966666667E-01, 1.921826129E-07, 0.000000000E+00, 3.010894011E+02, 4.103637338E+02, 8.602040171E-01, 2.633065762E+01, 2.633065767E+01, 1.133542603E+05
       587, 2.992999274E-03,-8.814716712E-03, 6.000000238E-01, 2.989439775E-03,-8.816026455E-03, 5.966666667E-01, 1.675248605E-07, 0.000000000E+00, 2.751693455E+02, 4.162118425E+02, 8.481174638E-01, 2.533888657E+01, 2.533888661E+01, 1.192951217E+05
       588, 1.837939955E-03,-9.237960912E-03, 6.000000238E-01, 1.835698564E-03,-9.238506688E-03, 5.966666667E-01, 1.441536509E-07, 0.000000000E+00, 2.472110585E+02, 4.228068653E+02, 8.348883646E-01, 2.419209027E+01, 2.419209030E+01, 1.260004879E+05
       589, 6.226958358E-04,-9.498885833E-03, 6.000000238E-01, 6.219373155E-04,-9.499018234E-03, 5.966666667E-01, 1.221974655E-07, 0.000000000E+00, 2.167332466E+02, 4.303998269E+02, 8.201595591E-01, 2.283517650E+01, 2.283517652E+01, 1.337280307E+05
       590,-6.285262061E-04,-9.588155895E-03, 6.000000238E-01,-6.277659541E-04,-9.588260775E-03, 5.966666667E-01, 1.020165519E-07, 0.000000000E+00, 1.836911745E+02, 4.392153495E+02, 8.036980781E-01, 2.121084513E+01, 2.121084515E+01, 1.427099292E+05
       591,-1.890008454E-03,-9.500677697E-03, 6.000000238E-01,-1.887753006E-03,-9.501153047E-03, 5.966666667E-01, 8.387634497E-08, 0.000000000E+00, 1.483924821E+02, 4.494906559E+02, 7.853256294E-01, 1.924912823E+01, 1.924912824E+01, 1.531928936E+05
       592,-3.135418519E-03,-9.235847741E-03, 6.000000238E-01,-3.131828757E-03,-9.237066982E-03, 5.966666667E-01, 6.793036436E-08, 0.000000000E+00, 1.119739106E+02, 4.613569602E+02, 7.651267083E-01, 1.688531516E+01, 1.688531517E+01, 1.653199803E+05
       593,-4.338606261E-03,-8.797262795E-03, 6.000000238E-01,-4.334236457E-03,-8.799402774E-03, 5.966666667E-01, 5.430805761E-08, 0.000000000E+00, 7.715639174E+01, 4.745183735E+02, 7.439048769E-01, 1.412938286E+01, 1.412938286E+01, 1.788002787E+05
       594,-5.474234466E-03,-8.192457259E-03, 6.000000238E-01,-5.470400487E-03,-8.195008205E-03, 5.966666667E-01, 4.319958081E-08, 0.000000000E+00, 4.778512036E+01, 4.880278584E+02, 7.233122581E-01, 1.114043798E+01, 1.114043798E+01, 1.926695098E+05
       595,-6.518667564E-03,-7.433031686E-03, 6.000000238E-01,-6.517166624E-03,-7.434352435E-03, 5.966666667E-01, 3.477427203E-08, 0.000000000E+00, 2.763336890E+01, 4.999910025E+02, 7.060057691E-01, 8.370468099E+00, 8.370468100E+00, 2.049786483E+05
       596,-7.451470941E-03,-6.534818560E-03, 6.000000238E-01,-7.452790481E-03,-6.533316761E-03, 5.966666667E-01, 2.883231921E-08, 0.000000000E+00, 1.609028751E+01, 5.092508102E+02, 6.931683273E-01, 6.169037288E+00, 6.169037288E+00, 2.145248080E+05
       597,-8.256311528E-03,-5.516772624E-03, 6.000000238E-01,-8.258866716E-03,-5.512941629E-03, 5.966666667E-01, 2.463118475E-08, 0.000000000E+00, 9.667302394E+00, 5.163883349E+02, 6.835873478E-01, 4.449566580E+00, 4.449566580E+00, 2.218947585E+05
       598, 6.678912789E-03,-5.858124234E-03, 6.000000238E-01, 6.680536249E-03,-5.856888690E-03, 5.966666667E-01, 2.522435608E-07, 0.000000000E+00, 3.542974923E+02, 3.990086986E+02, 8.846838015E-01, 2.818528103E+01, 2.818528111E+01, 1.018327853E+05
       599, 3.949485254E-03, 3.015428782E-03, 6.000000238E-01, 3.943734986E-03, 3.013379239E-03, 5.966666667E-01, 4.123595895E-07, 0.000000000E+00, 6.521876956E+02, 3.438832726E+02, 1.026501027E+00, 3.556882455E+01, 3.556882542E+01, 4.609188607E+04
       600, 4.820572678E-03, 2.384747379E-03, 6.000000238E-01, 4.832235626E-03, 2.385056029E-03, 5.966666667E-01, 6.213272719E-07, 0.000000000E+00, 6.320125166E+02, 3.473760476E+02, 1.016179828E+00, 3.518914880E+01, 3.518914968E+01, 4.961548555E+04
       601, 5.708118435E-03, 1.942398725E-03, 6.000000238E-01, 5.716232548E-03, 1.941140455E-03, 5.966666667E-01, 5.992703727E-07, 0.000000000E+00, 5.980358836E+02, 3.532873594E+02, 9.991767973E-01, 3.451553512E+01, 3.451553585E+01, 5.558040173E+04
       602, 6.502171047E-03, 1.295728027E-03, 6.000000238E-01, 6.507559797E-03, 1.294446376E-03, 5.966666667E-01, 5.603257899E-07, 0.000000000E+00, 5.627895993E+02, 3.594928125E+02, 9.819293181E-01, 3.377044342E+01, 3.377044400E+01, 6.184566928E+04
       603, 7.164538372E-03, 4.702341394E-04, 6.000000238E-01, 7.167958872E-03, 4.696903909E-04, 5.966666667E-01, 5.089394943E-07, 0.000000000E+00, 5.260366470E+02, 3.660680972E+02, 9.642919855E-01, 3.294025733E+01, 3.294025776E+01, 6.848853503E+04
       604, 7.657468785E-03,-5.024285638E-04, 6.000000238E-01, 7.659674068E-03,-5.018054574E-04, 5.966666667E-01, 4.498920298E-07, 0.000000000E+00, 4.879031043E+02, 3.730260365E+02, 9.463053453E-01, 3.201683798E+01, 3.201683829E+01, 7.552269651E+04
       605, 7.952854969E-03,-1.583242090E-03, 6.000000238E-01, 7.954561338E-03,-1.581230697E-03, 5.966666667E-01, 3.877163104E-07, 0.000000000E+00, 4.485273985E+02, 3.803866445E+02, 9.279940223E-01, 3.099085068E+01, 3.099085089E+01, 8.296920752E+04
       606, 8.033539169E-03,-2.728817519E-03, 6.000000238E-01, 8.035390150E-03,-2.725441415E-03, 5.966666667E-01, 3.263054093E-07, 0.000000000E+00, 4.080572766E+02, 3.881812810E+02, 9.093600066E-01, 2.985125504E+01, 2.985125519E+01, 9.086071882E+04
       607, 7.891708985E-03,-3.893682733E-03, 6.000000238E-01, 7.894124023E-03,-3.889447630E-03, 5.966666667E-01, 2.690505708E-07, 0.000000000E+00, 3.669285038E+02, 3.963996559E+02, 8.905066566E-01, 2.859345457E+01, 2.859345466E+01, 9.918781499E+04
       608, 7.527515758E-03,-5.031264387E-03, 6.000000238E-01, 7.530208995E-03,-5.027525815E-03, 5.966666667E-01, 2.192070773E-07, 0.000000000E+00, 3.264984658E+02, 4.048456624E+02, 8.719286509E-01, 2.724453199E+01, 2.724453205E+01, 1.077530611E+05
       609, 3.015428782E-03, 3.949485254E-03, 6.000000238E-01, 3.013379239E-03, 3.943734986E-03, 5.966666667E-01, 4.123595895E-07, 0.000000000E+00, 6.521876956E+02, 3.438832726E+02, 1.026501027E+00, 3.556882455E+01, 3.556882542E+01, 4.609188607E+04
       610, 3.101762384E-03, 4.631140269E-03, 6.000000238E-01, 3.103176171E-03, 4.641567575E-03, 5.966666667E-01, 6.164973525E-07, 0.000000000E+00, 6.222400009E+02, 3.490781908E+02, 1.011224825E+00, 3.500014915E+01, 3.500015002E+01, 5.133282730E+04
       611, 2.739628311E-03, 5.542861763E-03, 6.000000238E-01, 2.737968237E-03, 5.550517885E-03, 5.966666667E-01, 5.907096666E-07, 0.000000000E+00, 5.894261452E+02, 3.548019034E+02, 9.949116082E-01, 3.433828544E+01, 3.433828614E+01, 5.710918920E+04
       612, 2.164247911E-03, 6.364120636E-03, 6.000000238E-01, 2.162061938E-03, 6.369491644E-03, 5.966666667E-01, 5.525395406E-07, 0.000000000E+00, 5.569345148E+02, 3.605366326E+02, 9.790864516E-01, 3.364210757E+01, 3.364210813E+01, 6.289992908E+04
       613, 1.410223660E-03, 7.079871837E-03, 6.000000238E-01, 1.408573492E-03, 7.083400597E-03, 5.966666667E-01, 5.045921339E-07, 0.000000000E+00, 5.231886886E+02, 3.665843567E+02, 9.629339764E-01, 3.287361451E+01, 3.287361494E+01, 6.901028372E+04
       614, 5.024285638E-04, 7.657468785E-03, 6.000000238E-01, 5.018054574E-04, 7.659674068E-03, 5.966666667E-01, 4.498920298E-07, 0.000000000E+00, 4.879031043E+02, 3.730260365E+02, 9.463053453E-01, 3.201683798E+01, 3.201683829E+01, 7.552269651E+04
       615,-5.290558911E-04, 8.065160364E-03, 6.000000238E-01,-5.283833135E-04, 8.066608792E-03, 5.966666667E-01, 3.919056080E-07, 0.000000000E+00, 4.511683770E+02, 3.798851369E+02, 9.292191192E-01, 3.106206053E+01, 3.106206075E+01, 8.246167494E+04
       616,-1.648020116E-03, 8.279699832E-03, 6.000000238E-01,-1.645921102E-03, 8.280963826E-03, 5.966666667E-01, 3.338462521E-07, 0.000000000E+00, 4.130980742E+02, 3.871931443E+02, 9.116807400E-01, 2.999814100E+01, 2.999814115E+01, 8.985996483E+04
       617,-2.814677311E-03, 8.287423290E-03, 6.000000238E-01,-2.811221366E-03, 8.289039240E-03, 5.966666667E-01, 2.784019653E-07, 0.000000000E+00, 3.738117189E+02, 3.949961283E+02, 8.936708665E-01, 2.881139283E+01, 2.881139293E+01, 9.776524185E+04
       618,-3.987634555E-03, 8.082929067E-03, 6.000000238E-01,-3.983343796E-03, 8.085230901E-03, 5.966666667E-01, 2.279101291E-07, 0.000000000E+00, 3.337037580E+02, 4.033025660E+02, 8.752647815E-01, 2.749364595E+01, 2.749364601E+01, 1.061874812E+05
       619,-5.124803632E-03, 7.667927537E-03, 6.000000238E-01,-5.121024606E-03, 7.670560039E-03, 5.966666667E-01, 1.846779659E-07, 0.000000000E+00, 2.940846711E+02, 4.119322743E+02, 8.569285640E-01, 2.606922114E+01, 2.606922118E+01, 1.149472084E+05
       620,-6.185510661E-03, 7.052678149E-03, 6.000000238E-01,-6.184083530E-03, 7.054083136E-03, 5.966666667E-01, 1.506923174E-07, 0.000000000E+00, 2.571177918E+02, 4.204559552E+02, 8.395565051E-01, 2.460898050E+01, 2.460898053E+01, 1.236095455E+05
       621,-7.136888802E-03, 6.259271875E-03, 6.000000238E-01,-7.138263953E-03, 6.257818662E-03, 5.966666667E-01, 1.261214138E-07, 0.000000000E+00, 2.250008062E+02, 4.283180069E+02, 8.241459071E-01, 2.321605093E+01, 2.321605095E+01, 1.316085084E+05
       622,-7.959549315E-03, 5.319076125E-03, 6.000000238E-01,-7.962109559E-03, 5.315248510E-03, 5.966666667E-01, 1.084527402E-07, 0.000000000E+00, 1.973576564E+02, 4.355029815E+02, 8.105490600E-01, 2.190474022E+01, 2.190474024E+01, 1.389261713E+05
       623,-8.643560112E-03, 4.263088107E-03, 6.000000238E-01,-8.645702847E-03, 4.258719374E-03, 5.966666667E-01, 9.431491804E-08, 0.000000000E+00, 1.712504761E+02, 4.427288066E+02, 7.973200005E-01, 2.054973150E+01, 2.054973151E+01, 1.462927282E+05
       624,-9.180256166E-03, 3.116618609E-03, 6.000000238E-01,-9.181480693E-03, 3.113030388E-03, 5.966666667E-01, 8.163899926E-08, 0.000000000E+00, 1.443106489E+02, 4.507501447E+02, 7.831312678E-01, 1.900374612E+01, 1.900374613E+01, 1.544788641E+05
       625,-9.559868835E-03, 1.901739626E-03, 6.000000238E-01,-9.560334761E-03, 1.899482356E-03, 5.966666667E-01, 6.980432592E-08, 0.000000000E+00, 1.157329360E+02, 4.600555647E+02, 7.672910826E-01, 1.714958321E+01, 1.714958322E+01, 1.639887476E+05
       626,-9.773558937E-03, 6.406353787E-04, 6.000000238E-01,-9.773625966E-03, 6.398725871E-04, 5.966666667E-01, 5.883376113E-08, 0.000000000E+00, 8.651010123E+01, 4.707438725E+02, 7.498696274E-01, 1.493318739E+01, 1.493318739E+01, 1.749311373E+05
       627,-9.815330617E-03,-6.433635717E-04, 6.000000238E-01,-9.815392538E-03,-6.426004594E-04, 5.966666667E-01, 4.886804409E-08, 0.000000000E+00, 5.873221908E+01, 4.826065935E+02, 7.314374420E-01, 1.235578193E+01, 1.235578193E+01, 1.870999349E+05
       628,-9.682803415E-03,-1.926104189E-03, 6.000000238E-01,-9.683256701E-03,-1.923844518E-03, 5.966666667E-01, 4.000079683E-08, 0.000000000E+00, 3.555528172E+01, 4.948531590E+02, 7.133359176E-01, 9.568554108E+00, 9.568554109E+00, 1.996890537E+05
       629,-9.377317503E-03,-3.183261491E-03, 6.000000238E-01,-9.378534151E-03,-3.179670627E-03, 5.966666667E-01, 3.227349030E-08, 0.000000000E+00, 1.953965395E+01, 5.061505082E+02, 6.974141615E-01, 6.907848801E+00, 6.907848801E+00, 2.113267221E+05
       630,-8.903815411E-03,-4.390958697E-03, 6.000000238E-01,-8.905962741E-03,-4.386592356E-03, 5.966666667E-01, 2.572000984E-08, 0.000000000E+00, 1.030551319E+01, 5.155529794E+02, 6.846949710E-01, 4.650948281E+00, 4.650948282E+00, 2.210316741E+05
       631, 5.988498218E-03,-6.827756297E-03, 6.000000238E-01, 5.987170983E-03,-6.829274979E-03, 5.966666667E-01, 2.132710886E-07, 0.000000000E+00, 3.214642274E+02, 4.059329995E+02, 8.695930923E-01, 2.706804681E+01, 2.706804686E+01, 1.088564413E+05
       632, 5.124803632E-03,-7.667927537E-03, 6.000000238E-01, 5.121024606E-03,-7.670560039E-03, 5.966666667E-01, 1.846779659E-07, 0.000000000E+00, 2.940846711E+02, 4.119322743E+02, 8.569285640E-01, 2.606922114E+01, 2.606922118E+01, 1.149472084E+05
       633, 4.129608627E-03,-8.371889591E-03, 6.000000238E-01, 4.125262651E-03,-8.374078362E-03, 5.966666667E-01, 1.614694825E-07, 0.000000000E+00, 2.687982585E+02, 4.176917500E+02, 8.451125317E-01, 2.508513446E+01, 2.508513450E+01, 1.207992601E+05
       634, 3.033175832E-03,-8.933518082E-03, 6.000000238E-01, 3.029603419E-03,-8.934789308E-03, 5.966666667E-01, 1.404220580E-07, 0.000000000E+00, 2.427864470E+02, 4.238838913E+02, 8.327670371E-01, 2.400252668E+01, 2.400252671E+01, 1.270961124E+05
       635, 1.858675038E-03,-9.342581034E-03, 6.000000238E-01, 1.856426874E-03,-9.343093632E-03, 5.966666667E-01, 1.205761273E-07, 0.000000000E+00, 2.145416932E+02, 4.309656077E+02, 8.190828362E-01, 2.273277954E+01, 2.273277956E+01, 1.343041628E+05
       636, 6.285262061E-04,-9.588154964E-03, 6.000000238E-01, 6.277659541E-04,-9.588260775E-03, 5.966666667E-01, 1.020165519E-07, 0.000000000E+00, 1.836911745E+02, 4.392153495E+02, 8.036980781E-01, 2.121084513E+01, 2.121084515E+01, 1.427099292E+05
       637,-6.333483616E-04,-9.661988355E-03, 6.000000238E-01,-6.325869569E-04,-9.662075361E-03, 5.966666667E-01, 8.502529593E-08, 0.000000000E+00, 1.504544769E+02, 4.488602447E+02, 7.864285965E-01, 1.937145957E+01, 1.937145958E+01, 1.525493165E+05
       638,-1.901739626E-03,-9.559868835E-03, 6.000000238E-01,-1.899482356E-03,-9.560334761E-03, 5.966666667E-01, 6.980432592E-08, 0.000000000E+00, 1.157329360E+02, 4.600555647E+02, 7.672910826E-01, 1.714958321E+01, 1.714958322E+01, 1.639887476E+05
       639,-3.150967648E-03,-9.281825274E-03, 6.000000238E-01,-3.147376986E-03,-9.283042693E-03, 5.966666667E-01, 5.646317080E-08, 0.000000000E+00, 8.163155951E+01, 4.726872323E+02, 7.467866871E-01, 1.452083406E+01, 1.452083406E+01, 1.769229039E+05
       640,-4.355621058E-03,-8.831892163E-03, 6.000000238E-01,-4.351251833E-03,-8.834034170E-03, 5.966666667E-01, 4.509356319E-08, 0.000000000E+00, 5.148357332E+01, 4.861357417E+02, 7.261275030E-01, 1.156786198E+01, 1.156786198E+01, 1.907250293E+05
       641,-5.491174292E-03,-8.217886090E-03, 6.000000238E-01,-5.487341261E-03,-8.220438001E-03, 5.966666667E-01, 3.584014529E-08, 0.000000000E+00, 2.920622822E+01, 4.989128532E+02, 7.075314456E-01, 8.623221218E+00, 8.623221219E+00, 2.038682610E+05
       642,-6.534818560E-03,-7.451470941E-03, 6.000000238E-01,-6.533316761E-03,-7.452790481E-03, 5.966666667E-01, 2.883231921E-08, 0.000000000E+00, 1.609028751E+01, 5.092508102E+02, 6.931683273E-01, 6.169037288E+00, 6.169037288E+00, 2.145248080E+05
       643,-7.466720883E-03,-6.548176520E-03, 6.000000238E-01,-7.468040382E-03,-6.546674358E-03, 5.966666667E-01, 2.389533636E-08, 0.000000000E+00, 9.252699236E+00, 5.169530602E+02, 6.828405893E-01, 4.313432192E+00, 4.313432193E+00, 2.224783084E+05
       644,-8.270698600E-03,-5.526356865E-03, 6.000000238E-01,-8.273254679E-03,-5.522526575E-03, 5.966666667E-01, 2.040734664E-08, 0.000000000E+00, 5.673250290E+00, 5.229108447E+02, 6.750606453E-01, 2.866273842E+00, 2.866273842E+00, 2.286385765E+05
       645, 6.827756297E-03,-5.988498218E-03, 6.000000238E-01, 6.829274979E-03,-5.987170983E-03, 5.966666667E-01, 2.132710886E-07, 0.000000000E+00, 3.214642274E+02, 4.059329995E+02, 8.695930923E-01, 2.706804681E+01, 2.706804686E+01, 1.088564413E+05
       646, 3.674951149E-03, 3.674950916E-03, 6.000000238E-01, 3.669488865E-03, 3.669488865E-03, 5.966666667E-01, 2.438993344E-07, 0.000000000E+00, 6.412686863E+02, 3.458001025E+02, 1.020810953E+00, 3.536657289E+01, 3.536657371E+01, 4.802557199E+04
       647, 4.631140269E-03, 3.101762384E-03, 6.000000238E-01, 4.641567575E-03, 3.103176171E-03, 5.966666667E-01, 6.164973525E-07, 0.000000000E+00, 6.222400009E+02, 3.490781908E+02, 1.011224825E+00, 3.500014915E+01, 3.500015002E+01, 5.133282730E+04
       648, 5.542861763E-03, 2.739628311E-03, 6.000000238E-01, 5.550517885E-03, 2.737968237E-03, 5.966666667E-01, 5.907096666E-07, 0.000000000E+00, 5.894261452E+02, 3.548019034E+02, 9.949116082E-01, 3.433828544E+01, 3.433828614E+01, 5.710918920E+04
       649, 6.364120636E-03, 2.164247679E-03, 6.000000238E-01, 6.369491644E-03, 2.162061938E-03, 5.966666667E-01, 5.525395406E-07, 0.000000000E+00, 5.569345148E+02, 3.605366326E+02, 9.790864516E-01, 3.364210757E+01, 3.364210813E+01, 6.289992908E+04
       650, 7.079871371E-03, 1.410223776E-03, 6.000000238E-01, 7.083400597E-03, 1.408573492E-03, 5.966666667E-01, 5.045921339E-07, 0.000000000E+00, 5.231886886E+02, 3.665843567E+02, 9.629339764E-01, 3.287361451E+01, 3.287361494E+01, 6.901028372E+04
       651, 7.657469250E-03, 5.024285638E-04, 6.000000238E-01, 7.659674068E-03, 5.018054574E-04, 5.966666667E-01, 4.498920298E-07, 0.000000000E+00, 4.879031043E+02, 3.730260365E+02, 9.463053453E-01, 3.201683798E+01, 3.201683829E+01, 7.552269651E+04
       652, 8.065160364E-03,-5.290558911E-04, 6.000000238E-01, 8.066608792E-03,-5.283833135E-04, 5.966666667E-01, 3.919056080E-07, 0.000000000E+00, 4.511683770E+02, 3.798851369E+02, 9.292191192E-01, 3.106206053E+01, 3.106206075E+01, 8.246167494E+04
       653, 8.279698901E-03,-1.648020116E-03, 6.000000238E-01, 8.280963826E-03,-1.645921102E-03, 5.966666667E-01, 3.338462521E-07, 0.000000000E+00, 4.130980742E+02, 3.871931443E+02, 9.116807400E-01, 2.999814100E+01, 2.999814115E+01, 8.985996483E+04
       654, 8.287423290E-03,-2.814677311E-03, 6.000000238E-01, 8.289039240E-03,-2.811221366E-03, 5.966666667E-01, 2.784019653E-07, 0.000000000E+00, 3.738117189E+02, 3.949961283E+02, 8.936708665E-01, 2.881139283E+01, 2.881139293E+01, 9.776524185E+04
       655, 8.082929067E-03,-3.987634555E-03, 6.000000238E-01, 8.085230901E-03,-3.983343796E-03, 5.966666667E-01, 2.279101291E-07, 0.000000000E+00, 3.337037580E+02, 4.033025660E+02, 8.752647815E-01, 2.749364595E+01, 2.749364601E+01, 1.061874812E+05
       656, 7.667928003E-03,-5.124803632E-03, 6.000000238E-01, 7.670560039E-03,-5.121024606E-03, 5.966666667E-01, 1.846779659E-07, 0.000000000E+00, 2.940846711E+02, 4.119322743E+02, 8.569285640E-01, 2.606922114E+01, 2.606922118E+01, 1.149472084E+05
       657, 3.764230292E-03, 4.288387485E-03, 6.000000238E-01, 3.769029306E-03, 4.296900333E-03, 5.966666667E-01, 6.119995882E-07, 0.000000000E+00, 6.153298698E+02, 3.503004813E+02, 1.007696395E+00, 3.486519569E+01, 3.486519652E+01, 5.256610596E+04
       658, 3.528956091E-03, 5.272400565E-03, 6.000000238E-01, 3.528197927E-03, 5.279567770E-03, 5.966666667E-01, 5.803211172E-07, 0.000000000E+00, 5.800139211E+02, 3.564657063E+02, 9.902678603E-01, 3.414137662E+01, 3.414137728E+01, 5.878890374E+04
       659, 3.033142304E-03, 6.140251178E-03, 6.000000238E-01, 3.030391317E-03, 6.145686613E-03, 5.966666667E-01, 5.411145742E-07, 0.000000000E+00, 5.486615641E+02, 3.620170567E+02, 9.750825982E-01, 3.345843127E+01, 3.345843180E+01, 6.439534652E+04
       660, 2.347734291E-03, 6.906684954E-03, 6.000000238E-01, 2.345009116E-03, 6.910461705E-03, 5.966666667E-01, 4.959134699E-07, 0.000000000E+00, 5.175598817E+02, 3.676072589E+02, 9.602545210E-01, 3.274086606E+01, 3.274086647E+01, 7.004414074E+04
       661, 1.504920539E-03, 7.557674777E-03, 6.000000238E-01, 1.503047494E-03, 7.560079471E-03, 5.966666667E-01, 4.454920934E-07, 0.000000000E+00, 4.851623049E+02, 3.735337491E+02, 9.450191132E-01, 3.194795285E+01, 3.194795315E+01, 7.603616044E+04
       662, 5.290558911E-04, 8.065160364E-03, 6.000000238E-01, 5.283833135E-04, 8.066608792E-03, 5.966666667E-01, 3.919056080E-07, 0.000000000E+00, 4.511683770E+02, 3.798851369E+02, 9.292191192E-01, 3.106206053E+01, 3.106206075E+01, 8.246167494E+04
       663,-5.510787014E-04, 8.402353153E-03, 6.000000238E-01,-5.503747134E-04, 8.403320083E-03, 5.966666667E-01, 3.376875003E-07, 0.000000000E+00, 4.156469487E+02, 3.866952010E+02, 9.128547016E-01, 3.007185014E+01, 3.007185029E+01, 8.935570043E+04
       664,-1.701596659E-03, 8.550025523E-03, 6.000000238E-01,-1.699441308E-03, 8.551005856E-03, 5.966666667E-01, 2.851290465E-07, 0.000000000E+00, 3.786895863E+02, 3.940081189E+02, 8.959118234E-01, 2.896394483E+01, 2.896394493E+01, 9.676394349E+04
       665,-2.885689726E-03, 8.497404866E-03, 6.000000238E-01,-2.882183186E-03, 8.498871501E-03, 5.966666667E-01, 2.360896041E-07, 0.000000000E+00, 3.403858330E+02, 4.018874061E+02, 8.783468376E-01, 2.772118733E+01, 2.772118740E+01, 1.047519950E+05
       666,-4.065340385E-03, 8.241083473E-03, 6.000000238E-01,-4.061014975E-03, 8.243315060E-03, 5.966666667E-01, 1.921826129E-07, 0.000000000E+00, 3.010894011E+02, 4.103637338E+02, 8.602040171E-01, 2.633065762E+01, 2.633065767E+01, 1.133542603E+05
       667,-5.202168133E-03, 7.784059271E-03, 6.000000238E-01,-5.198364054E-03, 7.786654290E-03, 5.966666667E-01, 1.550528610E-07, 0.000000000E+00, 2.619425529E+02, 4.193071599E+02, 8.418566769E-01, 2.480745521E+01, 2.480745524E+01, 1.224414696E+05
       668,-6.259271875E-03, 7.136888802E-03, 6.000000238E-01,-6.257818662E-03, 7.138263953E-03, 5.966666667E-01, 1.261214138E-07, 0.000000000E+00, 2.250008062E+02, 4.283180069E+02, 8.241459071E-01, 2.321605093E+01, 2.321605095E+01, 1.316085084E+05
       669,-7.206537295E-03, 6.320277695E-03, 6.000000238E-01,-7.207892974E-03, 6.318807676E-03, 5.966666667E-01, 1.053295046E-07, 0.000000000E+00, 1.926782652E+02, 4.367730054E+02, 8.081921911E-01, 2.167110304E+01, 2.167110305E+01, 1.402204010E+05
       670,-8.025253192E-03, 5.362845957E-03, 6.000000238E-01,-8.027806228E-03, 5.359014192E-03, 5.966666667E-01, 9.043819386E-08, 0.000000000E+00, 1.647685717E+02, 4.446123377E+02, 7.939422780E-01, 2.019304707E+01, 2.019304708E+01, 1.482141445E+05
       671,-8.704768494E-03, 4.293161444E-03, 6.000000238E-01,-8.706908260E-03, 4.288791309E-03, 5.966666667E-01, 7.855743457E-08, 0.000000000E+00, 1.385393496E+02, 4.525589606E+02, 7.800011998E-01, 1.864920839E+01, 1.864920840E+01, 1.563262039E+05
       672,-9.235847741E-03, 3.135418519E-03, 6.000000238E-01,-9.237066982E-03, 3.131828757E-03, 5.966666667E-01, 6.793036436E-08, 0.000000000E+00, 1.119739106E+02, 4.613569602E+02, 7.651267083E-01, 1.688531516E+01, 1.688531517E+01, 1.653199803E+05
       673,-9.608823806E-03, 1.911442145E-03, 6.000000238E-01,-9.609284356E-03, 1.909183781E-03, 5.966666667E-01, 5.802915980E-08, 0.000000000E+00, 8.485919072E+01, 4.713957057E+02, 7.488327280E-01, 1.479524755E+01, 1.479524756E+01, 1.755991312E+05
       674,-9.815330617E-03, 6.433635717E-04, 6.000000238E-01,-9.815392538E-03, 6.426004594E-04, 5.966666667E-01, 4.886804409E-08, 0.000000000E+00, 5.873221908E+01, 4.826065935E+02, 7.314374420E-01, 1.235578193E+01, 1.235578193E+01, 1.870999349E+05
       675,-9.849879891E-03,-6.456200499E-04, 6.000000238E-01,-9.849937562E-03,-6.448566755E-04, 5.966666667E-01, 4.055991859E-08, 0.000000000E+00, 3.643793661E+01, 4.943205750E+02, 7.141044701E-01, 9.691800075E+00, 9.691800076E+00, 1.991410111E+05
       676,-9.710500948E-03,-1.931593637E-03, 6.000000238E-01,-9.710952810E-03,-1.929333669E-03, 5.966666667E-01, 3.317836907E-08, 0.000000000E+00, 2.049158850E+01, 5.053538430E+02, 6.985136002E-01, 7.097133460E+00, 7.097133461E+00, 2.105052405E+05
       677,-9.398832917E-03,-3.190537449E-03, 6.000000238E-01,-9.400049543E-03,-3.186946779E-03, 5.966666667E-01, 2.675387571E-08, 0.000000000E+00, 1.091592141E+01, 5.147873870E+02, 6.857132502E-01, 4.835288160E+00, 4.835288160E+00, 2.202407910E+05
       678,-8.920019493E-03,-4.398920573E-03, 6.000000238E-01,-8.922168987E-03,-4.394554939E-03, 5.966666667E-01, 2.131110749E-08, 0.000000000E+00, 5.932776672E+00, 5.223765863E+02, 6.757510607E-01, 2.995953164E+00, 2.995953164E+00, 2.280858708E+05
       679, 6.096327212E-03,-6.950860843E-03, 6.000000238E-01, 6.094940074E-03,-6.952311176E-03, 5.966666667E-01, 1.795699249E-07, 0.000000000E+00, 2.891736568E+02, 4.130423217E+02, 8.546255764E-01, 2.588324551E+01, 2.588324555E+01, 1.160747372E+05
       680, 5.202168133E-03,-7.784059271E-03, 6.000000238E-01, 5.198364054E-03,-7.786654290E-03, 5.966666667E-01, 1.550528610E-07, 0.000000000E+00, 2.619425529E+02, 4.193071599E+02, 8.418566769E-01, 2.480745521E+01, 2.480745524E+01, 1.224414696E+05
       681, 4.182763863E-03,-8.480075747E-03, 6.000000238E-01, 4.178405407E-03,-8.482239820E-03, 5.966666667E-01, 1.352713025E-07, 0.000000000E+00, 2.365068196E+02, 4.254282516E+02, 8.297439836E-01, 2.372937921E+01, 2.372937923E+01, 1.286674247E+05
       682, 3.066404955E-03,-9.031775407E-03, 6.000000238E-01, 3.062824504E-03,-9.033023194E-03, 5.966666667E-01, 1.174163845E-07, 0.000000000E+00, 2.101875216E+02, 4.320973178E+02, 8.169375687E-01, 2.252723076E+01, 2.252723078E+01, 1.354567127E+05
       683, 1.875824411E-03,-9.429111145E-03, 6.000000238E-01, 1.873571942E-03,-9.429600941E-03, 5.966666667E-01, 1.006492001E-07, 0.000000000E+00, 1.815465940E+02, 4.398131422E+02, 8.026056940E-01, 2.109900486E+01, 2.109900488E+01, 1.433193980E+05
       684, 6.333484198E-04,-9.661988355E-03, 6.000000238E-01, 6.325869569E-04,-9.662075361E-03, 5.966666667E-01, 8.502529593E-08, 0.000000000E+00, 1.504544769E+02, 4.488602447E+02, 7.864285965E-01, 1.937145957E+01, 1.937145958E+01, 1.525493165E+05
       685,-6.373366923E-04,-9.723053314E-03, 6.000000238E-01,-6.365744783E-04,-9.723128476E-03, 5.966666667E-01, 7.076694123E-08, 0.000000000E+00, 1.176410236E+02, 4.594021910E+02, 7.683823438E-01, 1.728170257E+01, 1.728170257E+01, 1.633205089E+05
       686,-1.911442145E-03,-9.608823806E-03, 6.000000238E-01,-1.909183781E-03,-9.609284356E-03, 5.966666667E-01, 5.802915980E-08, 0.000000000E+00, 8.485919072E+01, 4.713957057E+02, 7.488327280E-01, 1.479524755E+01, 1.479524756E+01, 1.755991312E+05
       687,-3.163828049E-03,-9.319853038E-03, 6.000000238E-01,-3.160236928E-03,-9.321069208E-03, 5.966666667E-01, 4.689060813E-08, 0.000000000E+00, 5.491401781E+01, 4.844365752E+02, 7.286744030E-01, 1.194837739E+01, 1.194837739E+01, 1.889793881E+05
       688,-4.369693808E-03,-8.860534057E-03, 6.000000238E-01,-4.365325162E-03,-8.862677618E-03, 5.966666667E-01, 3.741666925E-08, 0.000000000E+00, 3.160313974E+01, 4.973303716E+02, 7.097827771E-01, 8.993246688E+00, 8.993246689E+00, 2.022388400E+05
       689,-5.505185109E-03,-8.238917217E-03, 6.000000238E-01,-5.501352824E-03,-8.241470760E-03, 5.966666667E-01, 2.971833269E-08, 0.000000000E+00, 1.695197383E+01, 5.084410870E+02, 6.942722397E-01, 6.362313077E+00, 6.362313077E+00, 2.136893606E+05
       690,-6.548176520E-03,-7.466720883E-03, 6.000000238E-01,-6.546674358E-03,-7.468040382E-03, 5.966666667E-01, 2.389533636E-08, 0.000000000E+00, 9.252699236E+00, 5.169530602E+02, 6.828405893E-01, 4.313432192E+00, 4.313432193E+00, 2.224783084E+05
       691,-7.479334250E-03,-6.559224799E-03, 6.000000238E-01,-7.480653373E-03,-6.557722250E-03, 5.966666667E-01, 1.979665898E-08, 0.000000000E+00, 5.504555143E+00, 5.232720925E+02, 6.745946083E-01, 2.778634999E+00, 2.778634999E+00, 2.290123301E+05
       692,-8.282598108E-03,-5.534283351E-03, 6.000000238E-01,-8.285154748E-03,-5.530454140E-03, 5.966666667E-01, 1.690270549E-08, 0.000000000E+00, 3.714945248E+00, 5.282526776E+02, 6.682342508E-01, 1.561502877E+00, 1.561502877E+00, 2.341679951E+05
       693, 6.950860843E-03,-6.096327212E-03, 6.000000238E-01, 6.952311176E-03,-6.094940074E-03, 5.966666667E-01, 1.795699249E-07, 0.000000000E+00, 2.891736568E+02, 4.130423217E+02, 8.546255764E-01, 2.588324551E+01, 2.588324555E+01, 1.160747372E+05
       694, 4.288387485E-03, 3.764230292E-03, 6.000000238E-01, 4.296900333E-03, 3.769029306E-03, 5.966666667E-01, 6.119995882E-07, 0.000000000E+00, 6.153298698E+02, 3.503004813E+02, 1.007696395E+00, 3.486519569E+01, 3.486519652E+01, 5.256610596E+04
       695, 5.272400565E-03, 3.528956324E-03, 6.000000238E-01, 5.279567770E-03, 3.528197927E-03, 5.966666667E-01, 5.803211172E-07, 0.000000000E+00, 5.800139211E+02, 3.564657063E+02, 9.902678603E-01, 3.414137662E+01, 3.414137728E+01, 5.878890374E+04
       696, 6.140251178E-03, 3.033142304E-03, 6.000000238E-01, 6.145686613E-03, 3.030391317E-03, 5.966666667E-01, 5.411145742E-07, 0.000000000E+00, 5.486615641E+02, 3.620170567E+02, 9.750825982E-01, 3.345843127E+01, 3.345843180E+01, 6.439534652E+04
       697, 6.906685419E-03, 2.347734291E-03, 6.000000238E-01, 6.910461705E-03, 2.345009116E-03, 5.966666667E-01, 4.959134699E-07, 0.000000000E+00, 5.175598817E+02, 3.676072589E+02, 9.602545210E-01, 3.274086606E+01, 3.274086647E+01, 7.004414074E+04
       698, 7.557674777E-03, 1.504920539E-03, 6.000000238E-01, 7.560079471E-03, 1.503047494E-03, 5.966666667E-01, 4.454920934E-07, 0.000000000E+00, 4.851623049E+02, 3.735337491E+02, 9.450191132E-01, 3.194795285E+01, 3.194795315E+01, 7.603616044E+04
       699, 8.065160364E-03, 5.290558911E-04, 6.000000238E-01, 8.066608792E-03, 5.283833135E-04, 5.966666667E-01, 3.919056080E-07, 0.000000000E+00, 4.511683770E+02, 3.798851369E+02, 9.292191192E-01, 3.106206053E+01, 3.106206075E+01, 8.246167494E+04
       700, 8.402353153E-03,-5.510787014E-04, 6.000000238E-01, 8.403320083E-03,-5.503747134E-04, 5.966666667E-01, 3.376875003E-07, 0.000000000E+00, 4.156469487E+02, 3.866952010E+02, 9.128547016E-01, 3.007185014E+01, 3.007185029E+01, 8.935570043E+04
       701, 8.550025523E-03,-1.701596659E-03, 6.000000238E-01, 8.551005856E-03,-1.699441308E-03, 5.966666667E-01, 2.851290465E-07, 0.000000000E+00, 3.786895863E+02, 3.940081189E+02, 8.959118234E-01, 2.896394483E+01, 2.896394493E+01, 9.676394349E+04
       702, 8.497404866E-03,-2.885689726E-03, 6.000000238E-01, 8.498871501E-03,-2.882183186E-03, 5.966666667E-01, 2.360896041E-07, 0.000000000E+00, 3.403858330E+02, 4.018874061E+02, 8.783468376E-01, 2.772118733E+01, 2.772118740E+01, 1.047519950E+05
       703, 8.241083473E-03,-4.065340385E-03, 6.000000238E-01, 8.243315060E-03,-4.061014975E-03, 5.966666667E-01, 1.921826129E-07, 0.000000000E+00, 3.010894011E+02, 4.103637338E+02, 8.602040171E-01, 2.633065762E+01, 2.633065767E+01, 1.133542603E+05
       704, 7.784059271E-03,-5.202168133E-03, 6.000000238E-01, 7.786654290E-03,-5.198364054E-03, 5.966666667E-01, 1.550528610E-07, 0.000000000E+00, 2.619425529E+02, 4.193071599E+02, 8.418566769E-01, 2.480745521E+01, 2.480745524E+01, 1.224414696E+05
       705, 4.256685730E-03, 4.850606434E-03, 6.000000238E-01, 4.258977071E-03, 4.856256533E-03, 5.966666667E-01, 5.724605274E-07, 0.000000000E+00, 5.733993204E+02, 3.576402910E+02, 9.870155604E-01, 3.400100820E+01, 3.400100882E+01, 5.997488814E+04
       706, 3.882278688E-03, 5.802772939E-03, 6.000000238E-01, 3.880298426E-03, 5.808105861E-03, 5.966666667E-01, 5.281486930E-07, 0.000000000E+00, 5.396284945E+02, 3.636413126E+02, 9.707272524E-01, 3.325469648E+01, 3.325469697E+01, 6.603630447E+04
       707, 3.275901079E-03, 6.634338293E-03, 6.000000238E-01, 3.272515104E-03, 6.638481184E-03, 5.966666667E-01, 4.834921837E-07, 0.000000000E+00, 5.096144745E+02, 3.690571424E+02, 9.564820503E-01, 3.255112339E+01, 3.255112377E+01, 7.150973123E+04
       708, 2.499491675E-03, 7.355427835E-03, 6.000000238E-01, 2.496441668E-03, 7.358243837E-03, 5.966666667E-01, 4.367826766E-07, 0.000000000E+00, 4.797460334E+02, 3.745398587E+02, 9.424805506E-01, 3.181077604E+01, 3.181077633E+01, 7.705374346E+04
       709, 1.583242090E-03, 7.952854969E-03, 6.000000238E-01, 1.581230697E-03, 7.954561338E-03, 5.966666667E-01, 3.877163104E-07, 0.000000000E+00, 4.485273985E+02, 3.803866445E+02, 9.279940223E-01, 3.099085068E+01, 3.099085089E+01, 8.296920752E+04
       710, 5.510787014E-04, 8.402353153E-03, 6.000000238E-01, 5.503747134E-04, 8.403320083E-03, 5.966666667E-01, 3.376875003E-07, 0.000000000E+00, 4.156469487E+02, 3.866952010E+02, 9.128547016E-01, 3.007185014E+01, 3.007185029E+01, 8.935570043E+04
       711,-5.692933337E-04, 8.681237698E-03, 6.000000238E-01,-5.685690090E-04, 8.681893745E-03, 5.966666667E-01, 2.885635180E-07, 0.000000000E+00, 3.811541922E+02, 3.935107979E+02, 8.970440815E-01, 2.904043125E+01, 2.904043136E+01, 9.625997033E+04
       712,-1.745908521E-03, 8.773606271E-03, 6.000000238E-01,-1.743716728E-03, 8.774402310E-03, 5.966666667E-01, 2.419887598E-07, 0.000000000E+00, 3.451166411E+02, 4.008929006E+02, 8.805257757E-01, 2.788025748E+01, 2.788025755E+01, 1.037433728E+05
       713,-2.944422420E-03, 8.671076968E-03, 6.000000238E-01,-2.940883713E-03, 8.672447440E-03, 5.966666667E-01, 1.992521786E-07, 0.000000000E+00, 3.075925780E+02, 4.089258207E+02, 8.632287677E-01, 2.656957051E+01, 2.656957056E+01, 1.118942749E+05
       714,-4.129608627E-03, 8.371889591E-03, 6.000000238E-01,-4.125262651E-03, 8.374078362E-03, 5.966666667E-01, 1.614694825E-07, 0.000000000E+00, 2.687982585E+02, 4.176917500E+02, 8.451125317E-01, 2.508513446E+01, 2.508513450E+01, 1.207992601E+05
       715,-5.266154185E-03, 7.880108431E-03, 6.000000238E-01,-5.262335456E-03, 7.882681769E-03, 5.966666667E-01, 1.298208147E-07, 0.000000000E+00, 2.297567989E+02, 4.271152301E+02, 8.264667410E-01, 2.343034411E+01, 2.343034413E+01, 1.303842256E+05
       716,-6.320278160E-03, 7.206537295E-03, 6.000000238E-01,-6.318807676E-03, 7.207892974E-03, 5.966666667E-01, 1.053295046E-07, 0.000000000E+00, 1.926782652E+02, 4.367730054E+02, 8.081921911E-01, 2.167110304E+01, 2.167110305E+01, 1.402204010E+05
       717,-7.264142390E-03, 6.370734889E-03, 6.000000238E-01,-7.265484863E-03, 6.369253202E-03, 5.966666667E-01, 8.781156800E-08, 0.000000000E+00, 1.602160654E+02, 4.459561024E+02, 7.915499538E-01, 1.993711359E+01, 1.993711360E+01, 1.495852411E+05
       718,-8.079594932E-03, 5.399047397E-03, 6.000000238E-01,-8.082144953E-03, 5.395213461E-03, 5.966666667E-01, 7.530516763E-08, 0.000000000E+00, 1.323644145E+02, 4.545390499E+02, 7.766033135E-01, 1.825956694E+01, 1.825956695E+01, 1.583491400E+05
       719,-8.755392395E-03, 4.318034742E-03, 6.000000238E-01,-8.757531837E-03, 4.313664092E-03, 5.966666667E-01, 6.535047198E-08, 0.000000000E+00, 1.066982632E+02, 4.632175158E+02, 7.620535066E-01, 1.650507100E+01, 1.650507101E+01, 1.672237227E+05
       720,-9.281825274E-03, 3.150967648E-03, 6.000000238E-01,-9.283042693E-03, 3.147376986E-03, 5.966666667E-01, 5.646317080E-08, 0.000000000E+00, 8.163155951E+01, 4.726872323E+02, 7.467866871E-01, 1.452083406E+01, 1.452083406E+01, 1.769229039E+05
       721,-9.649314918E-03, 1.919467119E-03, 6.000000238E-01,-9.649770629E-03, 1.917207842E-03, 5.966666667E-01, 4.819680034E-08, 0.000000000E+00, 5.743095837E+01, 4.832234949E+02, 7.305036614E-01, 1.221874055E+01, 1.221874055E+01, 1.877334461E+05
       722,-9.849879891E-03, 6.456200499E-04, 6.000000238E-01,-9.849937562E-03, 6.448566755E-04, 5.966666667E-01, 4.055991859E-08, 0.000000000E+00, 3.643793661E+01, 4.943205750E+02, 7.141044701E-01, 9.691800075E+00, 9.691800076E+00, 1.991410111E+05
       723,-9.878453799E-03,-6.474863039E-04, 6.000000238E-01,-9.878509538E-03,-6.467227778E-04, 5.966666667E-01, 3.364350892E-08, 0.000000000E+00, 2.099239228E+01, 5.049435406E+02, 6.990811921E-01, 7.194539511E+00, 7.194539511E+00, 2.100822064E+05
       724,-9.733409621E-03,-1.936133835E-03, 6.000000238E-01,-9.733859999E-03,-1.933873693E-03, 5.966666667E-01, 2.750580093E-08, 0.000000000E+00, 1.137694808E+01, 5.142290509E+02, 6.864577792E-01, 4.969738442E+00, 4.969738442E+00, 2.196640848E+05
       725,-9.416626766E-03,-3.196555423E-03, 6.000000238E-01,-9.417844658E-03,-3.192964794E-03, 5.966666667E-01, 2.216939136E-08, 0.000000000E+00, 6.180919030E+00, 5.218874647E+02, 6.763843858E-01, 3.114726814E+00, 3.114726814E+00, 2.275799105E+05
       726,-8.933422156E-03,-4.405505490E-03, 6.000000238E-01,-8.935572936E-03,-4.401140675E-03, 5.966666667E-01, 1.765238712E-08, 0.000000000E+00, 3.790521063E+00, 5.279634889E+02, 6.686002720E-01, 1.632030012E+00, 1.632030012E+00, 2.338685050E+05
       727, 6.185510661E-03,-7.052678149E-03, 6.000000238E-01, 6.184083530E-03,-7.054083136E-03, 5.966666667E-01, 1.506923174E-07, 0.000000000E+00, 2.571177918E+02, 4.204559552E+02, 8.395565051E-01, 2.460898050E+01, 2.460898053E+01, 1.236095455E+05
       728, 5.266154185E-03,-7.880108431E-03, 6.000000238E-01, 5.262335456E-03,-7.882681769E-03, 5.966666667E-01, 1.298208147E-07, 0.000000000E+00, 2.297567989E+02, 4.271152301E+02, 8.264667410E-01, 2.343034411E+01, 2.343034413E+01, 1.303842256E+05
       729, 4.226726945E-03,-8.569554426E-03, 6.000000238E-01, 4.222361841E-03,-8.571704354E-03, 5.966666667E-01, 1.130588402E-07, 0.000000000E+00, 2.040026564E+02, 4.337237341E+02, 8.138741428E-01, 2.223032137E+01, 2.223032139E+01, 1.371133924E+05
       730, 3.093888052E-03,-9.113042615E-03, 6.000000238E-01, 3.090302661E-03,-9.114275393E-03, 5.966666667E-01, 9.798562009E-08, 0.000000000E+00, 1.772902114E+02, 4.410089775E+02, 8.004293570E-01, 2.087445150E+01, 2.087445151E+01, 1.445387405E+05
       731, 1.890008338E-03,-9.500677697E-03, 6.000000238E-01, 1.887753006E-03,-9.501153047E-03, 5.966666667E-01, 8.387634497E-08, 0.000000000E+00, 1.483924821E+02, 4.494906559E+02, 7.853256294E-01, 1.924912823E+01, 1.924912824E+01, 1.531928936E+05
       732, 6.373366923E-04,-9.723053314E-03, 6.000000238E-01, 6.365744783E-04,-9.723128476E-03, 5.966666667E-01, 7.076694123E-08, 0.000000000E+00, 1.176410236E+02, 4.594021910E+02, 7.683823438E-01, 1.728170257E+01, 1.728170257E+01, 1.633205089E+05
       733,-6.406353787E-04,-9.773558937E-03, 6.000000238E-01,-6.398725871E-04,-9.773625966E-03, 5.966666667E-01, 5.883376113E-08, 0.000000000E+00, 8.651010123E+01, 4.707438725E+02, 7.498696274E-01, 1.493318739E+01, 1.493318739E+01, 1.749311373E+05
       734,-1.919467119E-03,-9.649314918E-03, 6.000000238E-01,-1.917207842E-03,-9.649770629E-03, 5.966666667E-01, 4.819680034E-08, 0.000000000E+00, 5.743095837E+01, 4.832234949E+02, 7.305036614E-01, 1.221874055E+01, 1.221874055E+01, 1.877334461E+05
       735,-3.174464218E-03,-9.351304732E-03, 6.000000238E-01,-3.170873334E-03,-9.352520785E-03, 5.966666667E-01, 3.891295142E-08, 0.000000000E+00, 3.386643763E+01, 4.958923244E+02, 7.118410891E-01, 9.327596764E+00, 9.327596765E+00, 2.007585284E+05
       736,-4.381332546E-03,-8.884223178E-03, 6.000000238E-01,-4.376965094E-03,-8.886368374E-03, 5.966666667E-01, 3.102911749E-08, 0.000000000E+00, 1.827623133E+01, 5.072450735E+02, 6.959092374E-01, 6.647565013E+00, 6.647565013E+00, 2.124555906E+05
       737,-5.516772624E-03,-8.256312460E-03, 6.000000238E-01,-5.512941629E-03,-8.258866716E-03, 5.966666667E-01, 2.463118475E-08, 0.000000000E+00, 9.667302394E+00, 5.163883349E+02, 6.835873478E-01, 4.449566580E+00, 4.449566580E+00, 2.218947585E+05
       738,-6.559224799E-03,-7.479334250E-03, 6.000000238E-01,-6.557722250E-03,-7.480653373E-03, 5.966666667E-01, 1.979665898E-08, 0.000000000E+00, 5.504555143E+00, 5.232720925E+02, 6.745946083E-01, 2.778634999E+00, 2.778634999E+00, 2.290123301E+05
       739,-7.489766926E-03,-6.568362471E-03, 6.000000238E-01,-7.491085390E-03,-6.566859797E-03, 5.966666667E-01, 1.639619388E-08, 0.000000000E+00, 3.665766409E+00, 5.284483444E+02, 6.679868260E-01, 1.513835300E+00, 1.513835300E+00, 2.343706413E+05
       740,-8.292438462E-03,-5.540839862E-03, 6.000000238E-01,-8.294997101E-03,-5.537010900E-03, 5.966666667E-01, 1.399643445E-08, 0.000000000E+00, 2.978643287E+00, 5.326328551E+02, 6.627389371E-01, 4.862866331E-01, 4.862866331E-01, 2.387062468E+05
       741, 7.052678149E-03,-6.185510196E-03, 6.000000238E-01, 7.054083136E-03,-6.184083530E-03, 5.966666667E-01, 1.506923174E-07, 0.000000000E+00, 2.571177918E+02, 4.204559552E+02, 8.395565051E-01, 2.460898050E+01, 2.460898053E+01, 1.236095455E+05
       742, 4.850606434E-03, 4.256685730E-03, 6.000000238E-01, 4.856256533E-03, 4.258977071E-03, 5.966666667E-01, 5.724605274E-07, 0.000000000E+00, 5.733993204E+02, 3.576402910E+02, 9.870155604E-01, 3.400100820E+01, 3.400100882E+01, 5.997488814E+04
       743, 5.802772939E-03, 3.882278688E-03, 6.000000238E-01, 5.808105861E-03, 3.880298426E-03, 5.966666667E-01, 5.281486930E-07, 0.000000000E+00, 5.396284945E+02, 3.636413126E+02, 9.707272524E-01, 3.325469648E+01, 3.325469697E+01, 6.603630447E+04
       744, 6.634338293E-03, 3.275901079E-03, 6.000000238E-01, 6.638481184E-03, 3.272515104E-03, 5.966666667E-01, 4.834921837E-07, 0.000000000E+00, 5.096144745E+02, 3.690571424E+02, 9.564820503E-01, 3.255112339E+01, 3.255112377E+01, 7.150973123E+04
       745, 7.355427835E-03, 2.499491675E-03, 6.000000238E-01, 7.358243837E-03, 2.496441668E-03, 5.966666667E-01, 4.367826766E-07, 0.000000000E+00, 4.797460334E+02, 3.745398587E+02, 9.424805506E-01, 3.181077604E+01, 3.181077633E+01, 7.705374346E+04
       746, 7.952854969E-03, 1.583242090E-03, 6.000000238E-01, 7.954561338E-03, 1.581230697E-03, 5.966666667E-01, 3.877163104E-07, 0.000000000E+00, 4.485273985E+02, 3.803866445E+02, 9.279940223E-01, 3.099085068E+01, 3.099085089E+01, 8.296920752E+04
       747, 8.402353153E-03, 5.510787014E-04, 6.000000238E-01, 8.403320083E-03, 5.503747134E-04, 5.966666667E-01, 3.376875003E-07, 0.000000000E+00, 4.156469487E+02, 3.866952010E+02, 9.128547016E-01, 3.007185014E+01, 3.007185029E+01, 8.935570043E+04
       748, 8.681237698E-03,-5.692932755E-04, 6.000000238E-01, 8.681893745E-03,-5.685690090E-04, 5.966666667E-01, 2.885635180E-07, 0.000000000E+00, 3.811541922E+02, 3.935107979E+02, 8.970440815E-01, 2.904043125E+01, 2.904043136E+01, 9.625997033E+04
       749, 8.773605339E-03,-1.745908405E-03, 6.000000238E-01, 8.774402310E-03,-1.743716728E-03, 5.966666667E-01, 2.419887598E-07, 0.000000000E+00, 3.451166411E+02, 4.008929006E+02, 8.805257757E-01, 2.788025748E+01, 2.788025755E+01, 1.037433728E+05
       750, 8.671076968E-03,-2.944422420E-03, 6.000000238E-01, 8.672447440E-03,-2.940883713E-03, 5.966666667E-01, 1.992521786E-07, 0.000000000E+00, 3.075925780E+02, 4.089258207E+02, 8.632287677E-01, 2.656957051E+01, 2.656957056E+01, 1.118942749E+05
       751, 8.371889591E-03,-4.129608627E-03, 6.000000238E-01, 8.374078362E-03,-4.125262651E-03, 5.966666667E-01, 1.614694825E-07, 0.000000000E+00, 2.687982585E+02, 4.176917500E+02, 8.451125317E-01, 2.508513446E+01, 2.508513450E+01, 1.207992601E+05
       752, 7.880109362E-03,-5.266154185E-03, 6.000000238E-01, 7.882681769E-03,-5.262335456E-03, 5.966666667E-01, 1.298208147E-07, 0.000000000E+00, 2.297567989E+02, 4.271152301E+02, 8.264667410E-01, 2.343034411E+01, 2.343034413E+01, 1.303842256E+05
       753, 4.663984291E-03, 5.315604620E-03, 6.000000238E-01, 4.664837046E-03, 5.319612649E-03, 5.966666667E-01, 5.188149762E-07, 0.000000000E+00, 5.332589616E+02, 3.647916810E+02, 9.676660699E-01, 3.310900742E+01, 3.310900788E+01, 6.719866157E+04
       754, 4.174503498E-03, 6.241431925E-03, 6.000000238E-01, 4.171804640E-03, 6.245685863E-03, 5.966666667E-01, 4.697765035E-07, 0.000000000E+00, 5.009558119E+02, 3.706457434E+02, 9.523825339E-01, 3.234115669E+01, 3.234115705E+01, 7.311578320E+04
       755, 3.476681421E-03, 7.042986806E-03, 6.000000238E-01, 3.472914165E-03, 7.046353416E-03, 5.966666667E-01, 4.244763245E-07, 0.000000000E+00, 4.721060048E+02, 3.759657106E+02, 9.389061883E-01, 3.161488902E+01, 3.161488929E+01, 7.849602866E+04
       756, 2.625006717E-03, 7.726572920E-03, 6.000000238E-01, 2.621756343E-03, 7.728796082E-03, 5.966666667E-01, 3.794653219E-07, 0.000000000E+00, 4.433072490E+02, 3.813809873E+02, 9.255745411E-01, 3.084902305E+01, 3.084902325E+01, 8.397557023E+04
       757, 1.648020116E-03, 8.279698901E-03, 6.000000238E-01, 1.645921102E-03, 8.280963826E-03, 5.966666667E-01, 3.338462521E-07, 0.000000000E+00, 4.130980742E+02, 3.871931443E+02, 9.116807400E-01, 2.999814100E+01, 2.999814115E+01, 8.985996483E+04
       758, 5.692932755E-04, 8.681237698E-03, 6.000000238E-01, 5.685690090E-04, 8.681893745E-03, 5.966666667E-01, 2.885635180E-07, 0.000000000E+00, 3.811541922E+02, 3.935107979E+02, 8.970440815E-01, 2.904043125E+01, 2.904043136E+01, 9.625997033E+04
       759,-5.843581748E-04, 8.911896497E-03, 6.000000238E-01,-5.836206323E-04, 8.912349810E-03, 5.966666667E-01, 2.450054524E-07, 0.000000000E+00, 3.475048338E+02, 4.003929432E+02, 8.816252590E-01, 2.795992611E+01, 2.795992618E+01, 1.032363710E+05
       760,-1.782557811E-03, 8.958524093E-03, 6.000000238E-01,-1.780342292E-03, 8.959200585E-03, 5.966666667E-01, 2.043606279E-07, 0.000000000E+00, 3.121911548E+02, 4.079173639E+02, 8.653628493E-01, 2.673630239E+01, 2.673630244E+01, 1.108705107E+05
       761,-2.992999274E-03, 8.814716712E-03, 6.000000238E-01,-2.989439775E-03, 8.816026455E-03, 5.966666667E-01, 1.675248605E-07, 0.000000000E+00, 2.751693455E+02, 4.162118425E+02, 8.481174638E-01, 2.533888657E+01, 2.533888661E+01, 1.192951217E+05
       762,-4.182763863E-03, 8.480075747E-03, 6.000000238E-01,-4.178405407E-03, 8.482239820E-03, 5.966666667E-01, 1.352713025E-07, 0.000000000E+00, 2.365068196E+02, 4.254282516E+02, 8.297439836E-01, 2.372937921E+01, 2.372937923E+01, 1.286674247E+05
       763,-5.319075659E-03, 7.959549315E-03, 6.000000238E-01,-5.315248510E-03, 7.962109559E-03, 5.966666667E-01, 1.084527402E-07, 0.000000000E+00, 1.973576564E+02, 4.355029815E+02, 8.105490600E-01, 2.190474022E+01, 2.190474024E+01, 1.389261713E+05
       764,-6.370734889E-03, 7.264141925E-03, 6.000000238E-01,-6.369253202E-03, 7.265484863E-03, 5.966666667E-01, 8.781156800E-08, 0.000000000E+00, 1.602160654E+02, 4.459561024E+02, 7.915499538E-01, 1.993711359E+01, 1.993711360E+01, 1.495852411E+05
       765,-7.311786059E-03, 6.412466522E-03, 6.000000238E-01,-7.313120018E-03, 6.410977487E-03, 5.966666667E-01, 7.310300995E-08, 0.000000000E+00, 1.280530822E+02, 4.559471884E+02, 7.742048668E-01, 1.798073911E+01, 1.798073911E+01, 1.597881784E+05
       766,-8.124539629E-03, 5.428988952E-03, 6.000000238E-01,-8.127088957E-03, 5.425154172E-03, 5.966666667E-01, 6.262918632E-08, 0.000000000E+00, 1.010666130E+02, 4.652553374E+02, 7.587157071E-01, 1.608633337E+01, 1.608633338E+01, 1.693095605E+05
       767,-8.797262795E-03, 4.338606261E-03, 6.000000238E-01,-8.799402774E-03, 4.334236457E-03, 5.966666667E-01, 5.430805761E-08, 0.000000000E+00, 7.715639174E+01, 4.745183735E+02, 7.439048769E-01, 1.412938286E+01, 1.412938286E+01, 1.788002787E+05
       768,-9.319853038E-03, 3.163828049E-03, 6.000000238E-01,-9.321069208E-03, 3.160236928E-03, 5.966666667E-01, 4.689060813E-08, 0.000000000E+00, 5.491401781E+01, 4.844365752E+02, 7.286744030E-01, 1.194837739E+01, 1.194837739E+01, 1.889793881E+05
       769,-9.682803415E-03, 1.926104305E-03, 6.000000238E-01,-9.683256701E-03, 1.923844518E-03, 5.966666667E-01, 4.000079683E-08, 0.000000000E+00, 3.555528172E+01, 4.948531590E+02, 7.133359176E-01, 9.568554108E+00, 9.568554109E+00, 1.996890537E+05
       770,-9.878453799E-03, 6.474863039E-04, 6.000000238E-01,-9.878509538E-03, 6.467227778E-04, 5.966666667E-01, 3.364350892E-08, 0.000000000E+00, 2.099239228E+01, 5.049435406E+02, 6.990811921E-01, 7.194539511E+00, 7.194539511E+00, 2.100822064E+05
       771,-9.902087972E-03,-6.490298547E-04, 6.000000238E-01,-9.902141157E-03,-6.482662141E-04, 5.966666667E-01, 2.789235651E-08, 0.000000000E+00, 1.161992162E+01, 5.139410667E+02, 6.868424322E-01, 5.039069694E+00, 5.039069694E+00, 2.193666498E+05
       772,-9.752355516E-03,-1.939888927E-03, 6.000000238E-01,-9.752806264E-03,-1.937628694E-03, 5.966666667E-01, 2.279369991E-08, 0.000000000E+00, 6.368263064E+00, 5.215307868E+02, 6.768469690E-01, 3.201393132E+00, 3.201393132E+00, 2.272109837E+05
       773,-9.431344457E-03,-3.201532643E-03, 6.000000238E-01,-9.432562745E-03,-3.197942209E-03, 5.966666667E-01, 1.836444110E-08, 0.000000000E+00, 3.862731850E+00, 5.276994753E+02, 6.689347797E-01, 1.696628996E+00, 1.696628996E+00, 2.335951015E+05
       774,-8.944506757E-03,-4.410951864E-03, 6.000000238E-01,-8.946659126E-03,-4.406587631E-03, 5.966666667E-01, 1.461798511E-08, 0.000000000E+00, 2.985726497E+00, 5.325429006E+02, 6.628508837E-01, 5.082362998E-01, 5.082362998E-01, 2.386130074E+05
       775, 6.259271875E-03,-7.136888802E-03, 6.000000238E-01, 6.257818662E-03,-7.138263953E-03, 5.966666667E-01, 1.261214138E-07, 0.000000000E+00, 2.250008062E+02, 4.283180069E+02, 8.241459071E-01, 2.321605093E+01, 2.321605095E+01, 1.316085084E+05
       776, 5.319075659E-03,-7.959549315E-03, 6.000000238E-01, 5.315248510E-03,-7.962109559E-03, 5.966666667E-01, 1.084527402E-07, 0.000000000E+00, 1.973576564E+02, 4.355029815E+02, 8.105490600E-01, 2.190474022E+01, 2.190474024E+01, 1.389261713E+05
       777, 4.263088573E-03,-8.643560112E-03, 6.000000238E-01, 4.258719374E-03,-8.645702847E-03, 5.966666667E-01, 9.431491804E-08, 0.000000000E+00, 1.712504761E+02, 4.427288066E+02, 7.973200005E-01, 2.054973150E+01, 2.054973151E+01, 1.462927282E+05
       778, 3.116618609E-03,-9.180256166E-03, 6.000000238E-01, 3.113030388E-03,-9.181480693E-03, 5.966666667E-01, 8.163899926E-08, 0.000000000E+00, 1.443106489E+02, 4.507501447E+02, 7.831312678E-01, 1.900374612E+01, 1.900374613E+01, 1.544788641E+05
       779, 1.901739626E-03,-9.559868835E-03, 6.000000238E-01, 1.899482356E-03,-9.560334761E-03, 5.966666667E-01, 6.980432592E-08, 0.000000000E+00, 1.157329360E+02, 4.600555647E+02, 7.672910826E-01, 1.714958321E+01, 1.714958322E+01, 1.639887476E+05
       780, 6.406353205E-04,-9.773558937E-03, 6.000000238E-01, 6.398725871E-04,-9.773625966E-03, 5.966666667E-01, 5.883376113E-08, 0.000000000E+00, 8.651010123E+01, 4.707438725E+02, 7.498696274E-01, 1.493318739E+01, 1.493318739E+01, 1.749311373E+05
       781,-6.433635717E-04,-9.815330617E-03, 6.000000238E-01,-6.426004594E-04,-9.815392538E-03, 5.966666667E-01, 4.886804409E-08, 0.000000000E+00, 5.873221908E+01, 4.826065935E+02, 7.314374420E-01, 1.235578193E+01, 1.235578193E+01, 1.870999349E+05
       782,-1.926104305E-03,-9.682803415E-03, 6.000000238E-01,-1.923844518E-03,-9.683256701E-03, 5.966666667E-01, 4.000079683E-08, 0.000000000E+00, 3.555528172E+01, 4.948531590E+02, 7.133359176E-01, 9.568554108E+00, 9.568554109E+00, 1.996890537E+05
       783,-3.183261491E-03,-9.377318434E-03, 6.000000238E-01,-3.179670627E-03,-9.378534151E-03, 5.966666667E-01, 3.227349030E-08, 0.000000000E+00, 1.953965395E+01, 5.061505082E+02, 6.974141615E-01, 6.907848801E+00, 6.907848801E+00, 2.113267221E+05
       784,-4.390958697E-03,-8.903815411E-03, 6.000000238E-01,-4.386592356E-03,-8.905962741E-03, 5.966666667E-01, 2.572000984E-08, 0.000000000E+00, 1.030551319E+01, 5.155529794E+02, 6.846949710E-01, 4.650948281E+00, 4.650948282E+00, 2.210316741E+05
       785,-5.526356865E-03,-8.270698600E-03, 6.000000238E-01,-5.522526575E-03,-8.273254679E-03, 5.966666667E-01, 2.040734664E-08, 0.000000000E+00, 5.673250290E+00, 5.229108447E+02, 6.750606453E-01, 2.866273842E+00, 2.866273842E+00, 2.286385765E+05
       786,-6.568362005E-03,-7.489766460E-03, 6.000000238E-01,-6.566859797E-03,-7.491085390E-03, 5.966666667E-01, 1.639619388E-08, 0.000000000E+00, 3.665766409E+00, 5.284483444E+02, 6.679868260E-01, 1.513835300E+00, 1.513835300E+00, 2.343706413E+05
       787,-7.498394698E-03,-6.575920153E-03, 6.000000238E-01,-7.499713542E-03,-6.574417313E-03, 5.966666667E-01, 1.357653491E-08, 0.000000000E+00, 2.974010391E+00, 5.326938331E+02, 6.626630728E-01, 4.714504849E-01, 4.714504849E-01, 2.387694525E+05
       788, 7.136888802E-03,-6.259271875E-03, 6.000000238E-01, 7.138263953E-03,-6.257818662E-03, 5.966666667E-01, 1.261214138E-07, 0.000000000E+00, 2.250008062E+02, 4.283180069E+02, 8.241459071E-01, 2.321605093E+01, 2.321605095E+01, 1.316085084E+05
       789, 5.315604620E-03, 4.663984291E-03, 6.000000238E-01, 5.319612649E-03, 4.664837046E-03, 5.966666667E-01, 5.188149762E-07, 0.000000000E+00, 5.332589616E+02, 3.647916810E+02, 9.676660699E-01, 3.310900742E+01, 3.310900788E+01, 6.719866157E+04
       790, 6.241431925E-03, 4.174503498E-03, 6.000000238E-01, 6.245685863E-03, 4.171804640E-03, 5.966666667E-01, 4.697765035E-07, 0.000000000E+00, 5.009558119E+02, 3.706457434E+02, 9.523825339E-01, 3.234115669E+01, 3.234115705E+01, 7.311578320E+04
       791, 7.042986341E-03, 3.476681421E-03, 6.000000238E-01, 7.046353416E-03, 3.472914165E-03, 5.966666667E-01, 4.244763245E-07, 0.000000000E+00, 4.721060048E+02, 3.759657106E+02, 9.389061883E-01, 3.161488902E+01, 3.161488929E+01, 7.849602866E+04
       792, 7.726572920E-03, 2.625006950E-03, 6.000000238E-01, 7.728796082E-03, 2.621756343E-03, 5.966666667E-01, 3.794653219E-07, 0.000000000E+00, 4.433072490E+02, 3.813809873E+02, 9.255745411E-01, 3.084902305E+01, 3.084902325E+01, 8.397557023E+04
       793, 8.279699832E-03, 1.648020116E-03, 6.000000238E-01, 8.280963826E-03, 1.645921102E-03, 5.966666667E-01, 3.338462521E-07, 0.000000000E+00, 4.130980742E+02, 3.871931443E+02, 9.116807400E-01, 2.999814100E+01, 2.999814115E+01, 8.985996483E+04
       794, 8.681237698E-03, 5.692933337E-04, 6.000000238E-01, 8.681893745E-03, 5.685690090E-04, 5.966666667E-01, 2.885635180E-07, 0.000000000E+00, 3.811541922E+02, 3.935107979E+02, 8.970440815E-01, 2.904043125E+01, 2.904043136E+01, 9.625997033E+04
       795, 8.911896497E-03,-5.843581748E-04, 6.000000238E-01, 8.912349810E-03,-5.836206323E-04, 5.966666667E-01, 2.450054524E-07, 0.000000000E+00, 3.475048338E+02, 4.003929432E+02, 8.816252590E-01, 2.795992611E+01, 2.795992618E+01, 1.032363710E+05
       796, 8.958524093E-03,-1.782557811E-03, 6.000000238E-01, 8.959200585E-03,-1.780342292E-03, 5.966666667E-01, 2.043606279E-07, 0.000000000E+00, 3.121911548E+02, 4.079173639E+02, 8.653628493E-01, 2.673630239E+01, 2.673630244E+01, 1.108705107E+05
       797, 8.814716712E-03,-2.992999041E-03, 6.000000238E-01, 8.816026455E-03,-2.989439775E-03, 5.966666667E-01, 1.675248605E-07, 0.000000000E+00, 2.751693455E+02, 4.162118425E+02, 8.481174638E-01, 2.533888657E+01, 2.533888661E+01, 1.192951217E+05
       798, 8.480075747E-03,-4.182763863E-03, 6.000000238E-01, 8.482239820E-03,-4.178405407E-03, 5.966666667E-01, 1.352713025E-07, 0.000000000E+00, 2.365068196E+02, 4.254282516E+02, 8.297439836E-01, 2.372937921E+01, 2.372937923E+01, 1.286674247E+05
       799, 7.959549315E-03,-5.319076125E-03, 6.000000238E-01, 7.962109559E-03,-5.315248510E-03, 5.966666667E-01, 1.084527402E-07, 0.000000000E+00, 1.973576564E+02, 4.355029815E+02, 8.105490600E-01, 2.190474022E+01, 2.190474024E+01, 1.389261713E+05
       800, 5.000852048E-03, 5.700194743E-03, 6.000000238E-01, 5.000841674E-03, 5.703217361E-03, 5.966666667E-01, 4.601192732E-07, 0.000000000E+00, 4.948855730E+02, 3.717649761E+02, 9.495152985E-01, 3.219194065E+01, 3.219194098E+01, 7.424746240E+04
       801, 4.416196141E-03, 6.604236551E-03, 6.000000238E-01, 4.413062295E-03, 6.607837751E-03, 5.966666667E-01, 4.110857695E-07, 0.000000000E+00, 4.637971728E+02, 3.775261084E+02, 9.350254841E-01, 3.139864102E+01, 3.139864127E+01, 8.007464347E+04
       802, 3.642742289E-03, 7.380969822E-03, 6.000000238E-01, 3.638741644E-03, 7.383862103E-03, 5.966666667E-01, 3.678963368E-07, 0.000000000E+00, 4.359461807E+02, 3.827905961E+02, 9.221661553E-01, 3.064658313E+01, 3.064658332E+01, 8.540238838E+04
       803, 2.728817519E-03, 8.033539169E-03, 6.000000238E-01, 2.725441415E-03, 8.035390150E-03, 5.966666667E-01, 3.263054093E-07, 0.000000000E+00, 4.080572766E+02, 3.881812810E+02, 9.093600066E-01, 2.985125504E+01, 2.985125519E+01, 9.086071882E+04
       804, 1.701596659E-03, 8.550025523E-03, 6.000000238E-01, 1.699441308E-03, 8.551005856E-03, 5.966666667E-01, 2.851290465E-07, 0.000000000E+00, 3.786895863E+02, 3.940081189E+02, 8.959118234E-01, 2.896394483E+01, 2.896394493E+01, 9.676394349E+04
       805, 5.843581748E-04, 8.911896497E-03, 6.000000238E-01, 5.836206323E-04, 8.912349810E-03, 5.966666667E-01, 2.450054524E-07, 0.000000000E+00, 3.475048338E+02, 4.003929432E+02, 8.816252590E-01, 2.795992611E+01, 2.795992618E+01, 1.032363710E+05
       806,-5.968179903E-04, 9.102669545E-03, 6.000000238E-01,-5.960717204E-04, 9.102988969E-03, 5.966666667E-01, 2.069761415E-07, 0.000000000E+00, 3.145105449E+02, 4.074110668E+02, 8.664382512E-01, 2.681970956E+01, 2.681970961E+01, 1.103565822E+05
       807,-1.812869683E-03, 9.111465886E-03, 6.000000238E-01,-1.810638555E-03, 9.112063680E-03, 5.966666667E-01, 1.719068602E-07, 0.000000000E+00, 2.796666855E+02, 4.151766951E+02, 8.502320492E-01, 2.551552405E+01, 2.551552408E+01, 1.182432079E+05
       808,-3.033175832E-03, 8.933518082E-03, 6.000000238E-01,-3.029603419E-03, 8.934789308E-03, 5.966666667E-01, 1.404220580E-07, 0.000000000E+00, 2.427864470E+02, 4.238838913E+02, 8.327670371E-01, 2.400252668E+01, 2.400252671E+01, 1.270961124E+05
       809,-4.226726945E-03, 8.569554426E-03, 6.000000238E-01,-4.222361841E-03, 8.571704354E-03, 5.966666667E-01, 1.130588402E-07, 0.000000000E+00, 2.040026564E+02, 4.337237341E+02, 8.138741428E-01, 2.223032137E+01, 2.223032139E+01, 1.371133924E+05
       810,-5.362845957E-03, 8.025253192E-03, 6.000000238E-01,-5.359014192E-03, 8.027806228E-03, 5.966666667E-01, 9.043819386E-08, 0.000000000E+00, 1.647685717E+02, 4.446123377E+02, 7.939422780E-01, 2.019304707E+01, 2.019304708E+01, 1.482141445E+05
       811,-6.412466988E-03, 7.311786059E-03, 6.000000238E-01,-6.410977487E-03, 7.313120018E-03, 5.966666667E-01, 7.310300995E-08, 0.000000000E+00, 1.280530822E+02, 4.559471884E+02, 7.742048668E-01, 1.798073911E+01, 1.798073911E+01, 1.597881784E+05
       812,-7.351191249E-03, 6.446982268E-03, 6.000000238E-01,-7.352519457E-03, 6.445487996E-03, 5.966666667E-01, 6.078749115E-08, 0.000000000E+00, 9.717511330E+01, 4.666947365E+02, 7.563756449E-01, 1.578862231E+01, 1.578862232E+01, 1.707833260E+05
       813,-8.161713369E-03, 5.453752819E-03, 6.000000238E-01,-8.164262253E-03, 5.449918207E-03, 5.966666667E-01, 5.203585803E-08, 0.000000000E+00, 7.232487550E+01, 4.765505047E+02, 7.407326794E-01, 1.369119120E+01, 1.369119120E+01, 1.808844248E+05
       814,-8.831892163E-03, 4.355621058E-03, 6.000000238E-01,-8.834034170E-03, 4.351251833E-03, 5.966666667E-01, 4.509356319E-08, 0.000000000E+00, 5.148357332E+01, 4.861357417E+02, 7.261275030E-01, 1.156786198E+01, 1.156786198E+01, 1.907250293E+05
       815,-9.351304732E-03, 3.174464218E-03, 6.000000238E-01,-9.352520785E-03, 3.170873334E-03, 5.966666667E-01, 3.891295142E-08, 0.000000000E+00, 3.386643763E+01, 4.958923244E+02, 7.118410891E-01, 9.327596764E+00, 9.327596765E+00, 2.007585284E+05
       816,-9.710500948E-03, 1.931593637E-03, 6.000000238E-01,-9.710952810E-03, 1.929333669E-03, 5.966666667E-01, 3.317836907E-08, 0.000000000E+00, 2.049158850E+01, 5.053538430E+02, 6.985136002E-01, 7.097133460E+00, 7.097133461E+00, 2.105052405E+05
       817,-9.902087972E-03, 6.490298547E-04, 6.000000238E-01,-9.902141157E-03, 6.482662141E-04, 5.966666667E-01, 2.789235651E-08, 0.000000000E+00, 1.161992162E+01, 5.139410667E+02, 6.868424322E-01, 5.039069694E+00, 5.039069694E+00, 2.193666498E+05
       818,-9.921634570E-03,-6.503064651E-04, 6.000000238E-01,-9.921686597E-03,-6.495427723E-04, 5.966666667E-01, 2.311467607E-08, 0.000000000E+00, 6.466982561E+00, 5.213468019E+02, 6.770858304E-01, 3.246098121E+00, 3.246098121E+00, 2.270206903E+05
       819,-9.768025950E-03,-1.942994655E-03, 6.000000238E-01,-9.768476459E-03,-1.940734403E-03, 5.966666667E-01, 1.888243994E-08, 0.000000000E+00, 3.917186532E+00, 5.275070812E+02, 6.691787558E-01, 1.743762037E+00, 1.743762037E+00, 2.333958734E+05
       820,-9.443516843E-03,-3.205648856E-03, 6.000000238E-01,-9.444735845E-03,-3.202058951E-03, 5.966666667E-01, 1.520840476E-08, 0.000000000E+00, 2.992493473E+00, 5.324617710E+02, 6.629518803E-01, 5.283424487E-01, 5.283424487E-01, 2.385289165E+05
       821, 6.320278160E-03,-7.206537295E-03, 6.000000238E-01, 6.318807676E-03,-7.207892974E-03, 5.966666667E-01, 1.053295046E-07, 0.000000000E+00, 1.926782652E+02, 4.367730054E+02, 8.081921911E-01, 2.167110304E+01, 2.167110305E+01, 1.402204010E+05
       822, 5.362845957E-03,-8.025253192E-03, 6.000000238E-01, 5.359014192E-03,-8.027806228E-03, 5.966666667E-01, 9.043819386E-08, 0.000000000E+00, 1.647685717E+02, 4.446123377E+02, 7.939422780E-01, 2.019304707E+01, 2.019304708E+01, 1.482141445E+05
       823, 4.293161444E-03,-8.704768494E-03, 6.000000238E-01, 4.288791309E-03,-8.706908260E-03, 5.966666667E-01, 7.855743457E-08, 0.000000000E+00, 1.385393496E+02, 4.525589606E+02, 7.800011998E-01, 1.864920839E+01, 1.864920840E+01, 1.563262039E+05
       824, 3.135418752E-03,-9.235847741E-03, 6.000000238E-01, 3.131828757E-03,-9.237066982E-03, 5.966666667E-01, 6.793036436E-08, 0.000000000E+00, 1.119739106E+02, 4.613569602E+02, 7.651267083E-01, 1.688531516E+01, 1.688531517E+01, 1.653199803E+05
       825, 1.911442261E-03,-9.608824737E-03, 6.000000238E-01, 1.909183781E-03,-9.609284356E-03, 5.966666667E-01, 5.802915980E-08, 0.000000000E+00, 8.485919072E+01, 4.713957057E+02, 7.488327280E-01, 1.479524755E+01, 1.479524756E+01, 1.755991312E+05
       826, 6.433635717E-04,-9.815330617E-03, 6.000000238E-01, 6.426004594E-04,-9.815392538E-03, 5.966666667E-01, 4.886804409E-08, 0.000000000E+00, 5.873221908E+01, 4.826065935E+02, 7.314374420E-01, 1.235578193E+01, 1.235578193E+01, 1.870999349E+05
       827,-6.456200499E-04,-9.849879891E-03, 6.000000238E-01,-6.448566755E-04,-9.849937562E-03, 5.966666667E-01, 4.055991859E-08, 0.000000000E+00, 3.643793661E+01, 4.943205750E+02, 7.141044701E-01, 9.691800075E+00, 9.691800076E+00, 1.991410111E+05
       828,-1.931593637E-03,-9.710500948E-03, 6.000000238E-01,-1.929333669E-03,-9.710952810E-03, 5.966666667E-01, 3.317836907E-08, 0.000000000E+00, 2.049158850E+01, 5.053538430E+02, 6.985136002E-01, 7.097133460E+00, 7.097133461E+00, 2.105052405E+05
       829,-3.190537449E-03,-9.398832917E-03, 6.000000238E-01,-3.186946779E-03,-9.400049543E-03, 5.966666667E-01, 2.675387571E-08, 0.000000000E+00, 1.091592141E+01, 5.147873870E+02, 6.857132502E-01, 4.835288160E+00, 4.835288160E+00, 2.202407910E+05
       830,-4.398920573E-03,-8.920019493E-03, 6.000000238E-01,-4.394554939E-03,-8.922168987E-03, 5.966666667E-01, 2.131110749E-08, 0.000000000E+00, 5.932776672E+00, 5.223765863E+02, 6.757510607E-01, 2.995953164E+00, 2.995953164E+00, 2.280858708E+05
       831,-5.534283351E-03,-8.282597177E-03, 6.000000238E-01,-5.530454140E-03,-8.285154748E-03, 5.966666667E-01, 1.690270549E-08, 0.000000000E+00, 3.714945248E+00, 5.282526776E+02, 6.682342508E-01, 1.561502877E+00, 1.561502877E+00, 2.341679951E+05
       832,-6.575920153E-03,-7.498394698E-03, 6.000000238E-01,-6.574417313E-03,-7.499713542E-03, 5.966666667E-01, 1.357653491E-08, 0.000000000E+00, 2.974010391E+00, 5.326938331E+02, 6.626630728E-01, 4.714504849E-01, 4.714504849E-01, 2.387694525E+05
       833, 7.206537295E-03,-6.320277695E-03, 6.000000238E-01, 7.207892974E-03,-6.318807676E-03, 5.966666667E-01, 1.053295046E-07, 0.000000000E+00, 1.926782652E+02, 4.367730054E+02, 8.081921911E-01, 2.167110304E+01, 2.167110305E+01, 1.402204010E+05
       834, 5.700194743E-03, 5.000852048E-03, 6.000000238E-01, 5.703217361E-03, 5.000841674E-03, 5.966666667E-01, 4.601192732E-07, 0.000000000E+00, 4.948855730E+02, 3.717649761E+02, 9.495152985E-01, 3.219194065E+01, 3.219194098E+01, 7.424746240E+04
       835, 6.604237016E-03, 4.416196141E-03, 6.000000238E-01, 6.607837751E-03, 4.413062295E-03, 5.966666667E-01, 4.110857695E-07, 0.000000000E+00, 4.637971728E+02, 3.775261084E+02, 9.350254841E-01, 3.139864102E+01, 3.139864127E+01, 8.007464347E+04
       836, 7.380969822E-03, 3.642742289E-03, 6.000000238E-01, 7.383862103E-03, 3.638741644E-03, 5.966666667E-01, 3.678963368E-07, 0.000000000E+00, 4.359461807E+02, 3.827905961E+02, 9.221661553E-01, 3.064658313E+01, 3.064658332E+01, 8.540238838E+04
       837, 8.033538237E-03, 2.728817752E-03, 6.000000238E-01, 8.035390150E-03, 2.725441415E-03, 5.966666667E-01, 3.263054093E-07, 0.000000000E+00, 4.080572766E+02, 3.881812810E+02, 9.093600066E-01, 2.985125504E+01, 2.985125519E+01, 9.086071882E+04
       838, 8.550025523E-03, 1.701596659E-03, 6.000000238E-01, 8.551005856E-03, 1.699441308E-03, 5.966666667E-01, 2.851290465E-07, 0.000000000E+00, 3.786895863E+02, 3.940081189E+02, 8.959118234E-01, 2.896394483E+01, 2.896394493E+01, 9.676394349E+04
       839, 8.911896497E-03, 5.843581748E-04, 6.000000238E-01, 8.912349810E-03, 5.836206323E-04, 5.966666667E-01, 2.450054524E-07, 0.000000000E+00, 3.475048338E+02, 4.003929432E+02, 8.816252590E-01, 2.795992611E+01, 2.795992618E+01, 1.032363710E+05
       840, 9.102669545E-03,-5.968179903E-04, 6.000000238E-01, 9.102988969E-03,-5.960717204E-04, 5.966666667E-01, 2.069761415E-07, 0.000000000E+00, 3.145105449E+02, 4.074110668E+02, 8.664382512E-01, 2.681970956E+01, 2.681970961E+01, 1.103565822E+05
       841, 9.111465886E-03,-1.812869683E-03, 6.000000238E-01, 9.112063680E-03,-1.810638555E-03, 5.966666667E-01, 1.719068602E-07, 0.000000000E+00, 2.796666855E+02, 4.151766951E+02, 8.502320492E-01, 2.551552405E+01, 2.551552408E+01, 1.182432079E+05
       842, 8.933518082E-03,-3.033175599E-03, 6.000000238E-01, 8.934789308E-03,-3.029603419E-03, 5.966666667E-01, 1.404220580E-07, 0.000000000E+00, 2.427864470E+02, 4.238838913E+02, 8.327670371E-01, 2.400252668E+01, 2.400252671E+01, 1.270961124E+05
       843, 8.569554426E-03,-4.226726945E-03, 6.000000238E-01, 8.571704354E-03,-4.222361841E-03, 5.966666667E-01, 1.130588402E-07, 0.000000000E+00, 2.040026564E+02, 4.337237341E+02, 8.138741428E-01, 2.223032137E+01, 2.223032139E+01, 1.371133924E+05
       844, 8.025253192E-03,-5.362845957E-03, 6.000000238E-01, 8.027806228E-03,-5.359014192E-03, 5.966666667E-01, 9.043819386E-08, 0.000000000E+00, 1.647685717E+02, 4.446123377E+02, 7.939422780E-01, 2.019304707E+01, 2.019304708E+01, 1.482141445E+05
       845, 5.279466975E-03, 6.018280052E-03, 6.000000238E-01, 5.278923843E-03, 6.020694031E-03, 5.966666667E-01, 4.017731153E-07, 0.000000000E+00, 4.579875764E+02, 3.786232378E+02, 9.323160785E-01, 3.124540758E+01, 3.124540781E+01, 8.118472716E+04
       846, 4.616094287E-03, 6.904304493E-03, 6.000000238E-01, 4.612692755E-03, 6.907503053E-03, 5.966666667E-01, 3.554213022E-07, 0.000000000E+00, 4.279574594E+02, 3.843315806E+02, 9.184687131E-01, 3.042361463E+01, 3.042361481E+01, 8.696241351E+04
       847, 3.780087456E-03, 7.660508621E-03, 6.000000238E-01, 3.775942364E-03, 7.663106743E-03, 5.966666667E-01, 3.157856588E-07, 0.000000000E+00, 4.009482050E+02, 3.895832056E+02, 9.060876525E-01, 2.964156514E+01, 2.964156527E+01, 9.228071178E+04
       848, 2.814677311E-03, 8.287423290E-03, 6.000000238E-01, 2.811221366E-03, 8.289039240E-03, 5.966666667E-01, 2.784019653E-07, 0.000000000E+00, 3.738117189E+02, 3.949961283E+02, 8.936708665E-01, 2.881139283E+01, 2.881139293E+01, 9.776524185E+04
       849, 1.745908405E-03, 8.773605339E-03, 6.000000238E-01, 1.743716728E-03, 8.774402310E-03, 5.966666667E-01, 2.419887598E-07, 0.000000000E+00, 3.451166411E+02, 4.008929006E+02, 8.805257757E-01, 2.788025748E+01, 2.788025755E+01, 1.037433728E+05
       850, 5.968179903E-04, 9.102669545E-03, 6.000000238E-01, 5.960717204E-04, 9.102988969E-03, 5.966666667E-01, 2.069761415E-07, 0.000000000E+00, 3.145105449E+02, 4.074110668E+02, 8.664382512E-01, 2.681970956E+01, 2.681970961E+01, 1.103565822E+05
       851,-6.071232492E-04, 9.260453284E-03, 6.000000238E-01,-6.063711647E-04, 9.260684213E-03, 5.966666667E-01, 1.741525043E-07, 0.000000000E+00, 2.819326601E+02, 4.146578247E+02, 8.512959632E-01, 2.560375374E+01, 2.560375378E+01, 1.177159897E+05
       852,-1.837939955E-03, 9.237960912E-03, 6.000000238E-01,-1.835698564E-03, 9.238506688E-03, 5.966666667E-01, 1.441536509E-07, 0.000000000E+00, 2.472110585E+02, 4.228068653E+02, 8.348883646E-01, 2.419209027E+01, 2.419209030E+01, 1.260004879E+05
       853,-3.066404955E-03, 9.031775407E-03, 6.000000238E-01,-3.062824504E-03, 9.033023194E-03, 5.966666667E-01, 1.174163845E-07, 0.000000000E+00, 2.101875216E+02, 4.320973178E+02, 8.169375687E-01, 2.252723076E+01, 2.252723078E+01, 1.354567127E+05
       854,-4.263088573E-03, 8.643560112E-03, 6.000000238E-01,-4.258719374E-03, 8.645702847E-03, 5.966666667E-01, 9.431491804E-08, 0.000000000E+00, 1.712504761E+02, 4.427288066E+02, 7.973200005E-01, 2.054973150E+01, 2.054973151E+01, 1.462927282E+05
       855,-5.399047397E-03, 8.079594932E-03, 6.000000238E-01,-5.395213461E-03, 8.082144953E-03, 5.966666667E-01, 7.530516763E-08, 0.000000000E+00, 1.323644145E+02, 4.545390499E+02, 7.766033135E-01, 1.825956694E+01, 1.825956695E+01, 1.583491400E+05
       856,-6.446982268E-03, 7.351191249E-03, 6.000000238E-01,-6.445487996E-03, 7.352519457E-03, 5.966666667E-01, 6.078749115E-08, 0.000000000E+00, 9.717511330E+01, 4.666947365E+02, 7.563756449E-01, 1.578862231E+01, 1.578862232E+01, 1.707833260E+05
       857,-7.383781951E-03, 6.475529168E-03, 6.000000238E-01,-7.385106838E-03, 6.474031730E-03, 5.966666667E-01, 5.049871962E-08, 0.000000000E+00, 6.903580384E+01, 4.779713636E+02, 7.385307137E-01, 1.338283576E+01, 1.338283576E+01, 1.823420938E+05
       858,-8.192457259E-03, 5.474234466E-03, 6.000000238E-01,-8.195008205E-03, 5.470400487E-03, 5.966666667E-01, 4.319958081E-08, 0.000000000E+00, 4.778512036E+01, 4.880278584E+02, 7.233122581E-01, 1.114043798E+01, 1.114043798E+01, 1.926695098E+05
       859,-8.860534057E-03, 4.369693808E-03, 6.000000238E-01,-8.862677618E-03, 4.365325162E-03, 5.966666667E-01, 3.741666925E-08, 0.000000000E+00, 3.160313974E+01, 4.973303716E+02, 7.097827771E-01, 8.993246688E+00, 8.993246689E+00, 2.022388400E+05
       860,-9.377318434E-03, 3.183261491E-03, 6.000000238E-01,-9.378534151E-03, 3.179670627E-03, 5.966666667E-01, 3.227349030E-08, 0.000000000E+00, 1.953965395E+01, 5.061505082E+02, 6.974141615E-01, 6.907848801E+00, 6.907848801E+00, 2.113267221E+05
       861,-9.733408689E-03, 1.936133835E-03, 6.000000238E-01,-9.733859999E-03, 1.933873693E-03, 5.966666667E-01, 2.750580093E-08, 0.000000000E+00, 1.137694808E+01, 5.142290509E+02, 6.864577792E-01, 4.969738442E+00, 4.969738442E+00, 2.196640848E+05
       862,-9.921633638E-03, 6.503064651E-04, 6.000000238E-01,-9.921686597E-03, 6.495427723E-04, 5.966666667E-01, 2.311467607E-08, 0.000000000E+00, 6.466982561E+00, 5.213468019E+02, 6.770858304E-01, 3.246098121E+00, 3.246098121E+00, 2.270206903E+05
       863,-9.937800467E-03,-6.513623521E-04, 6.000000238E-01,-9.937852367E-03,-6.505985964E-04, 5.966666667E-01, 1.914877724E-08, 0.000000000E+00, 3.945864987E+00, 5.274078596E+02, 6.693046489E-01, 1.768073512E+00, 1.768073512E+00, 2.332931302E+05
       864,-9.780986235E-03,-1.945563476E-03, 6.000000238E-01,-9.781437039E-03,-1.943303088E-03, 5.966666667E-01, 1.563795677E-08, 0.000000000E+00, 2.997562681E+00, 5.324027777E+02, 6.630253392E-01, 5.430115704E-01, 5.430115704E-01, 2.384677708E+05
       865, 6.370734889E-03,-7.264141925E-03, 6.000000238E-01, 6.369253202E-03,-7.265484863E-03, 5.966666667E-01, 8.781156800E-08, 0.000000000E+00, 1.602160654E+02, 4.459561024E+02, 7.915499538E-01, 1.993711359E+01, 1.993711360E+01, 1.495852411E+05
       866, 5.399047397E-03,-8.079594932E-03, 6.000000238E-01, 5.395213461E-03,-8.082144953E-03, 5.966666667E-01, 7.530516763E-08, 0.000000000E+00, 1.323644145E+02, 4.545390499E+02, 7.766033135E-01, 1.825956694E+01, 1.825956695E+01, 1.583491400E+05
       867, 4.318034276E-03,-8.755392395E-03, 6.000000238E-01, 4.313664092E-03,-8.757531837E-03, 5.966666667E-01, 6.535047198E-08, 0.000000000E+00, 1.066982632E+02, 4.632175158E+02, 7.620535066E-01, 1.650507100E+01, 1.650507101E+01, 1.672237227E+05
       868, 3.150967648E-03,-9.281825274E-03, 6.000000238E-01, 3.147376986E-03,-9.283042693E-03, 5.966666667E-01, 5.646317080E-08, 0.000000000E+00, 8.163155951E+01, 4.726872323E+02, 7.467866871E-01, 1.452083406E+01, 1.452083406E+01, 1.769229039E+05
       869, 1.919467119E-03,-9.649314918E-03, 6.000000238E-01, 1.917207842E-03,-9.649770629E-03, 5.966666667E-01, 4.819680034E-08, 0.000000000E+00, 5.743095837E+01, 4.832234949E+02, 7.305036614E-01, 1.221874055E+01, 1.221874055E+01, 1.877334461E+05
       870, 6.456200499E-04,-9.849879891E-03, 6.000000238E-01, 6.448566755E-04,-9.849937562E-03, 5.966666667E-01, 4.055991859E-08, 0.000000000E+00, 3.643793661E+01, 4.943205750E+02, 7.141044701E-01, 9.691800075E+00, 9.691800076E+00, 1.991410111E+05
       871,-6.474863039E-04,-9.878453799E-03, 6.000000238E-01,-6.467227778E-04,-9.878509538E-03, 5.966666667E-01, 3.364350892E-08, 0.000000000E+00, 2.099239228E+01, 5.049435406E+02, 6.990811921E-01, 7.194539511E+00, 7.194539511E+00, 2.100822064E+05
       872,-1.936133835E-03,-9.733408689E-03, 6.000000238E-01,-1.933873693E-03,-9.733859999E-03, 5.966666667E-01, 2.750580093E-08, 0.000000000E+00, 1.137694808E+01, 5.142290509E+02, 6.864577792E-01, 4.969738442E+00, 4.969738442E+00, 2.196640848E+05
       873,-3.196555190E-03,-9.416626766E-03, 6.000000238E-01,-3.192964794E-03,-9.417844658E-03, 5.966666667E-01, 2.216939136E-08, 0.000000000E+00, 6.180919030E+00, 5.218874647E+02, 6.763843858E-01, 3.114726814E+00, 3.114726814E+00, 2.275799105E+05
       874,-4.405505490E-03,-8.933422156E-03, 6.000000238E-01,-4.401140675E-03,-8.935572936E-03, 5.966666667E-01, 1.765238712E-08, 0.000000000E+00, 3.790521063E+00, 5.279634889E+02, 6.686002720E-01, 1.632030012E+00, 1.632030012E+00, 2.338685050E+05
       875,-5.540839862E-03,-8.292438462E-03, 6.000000238E-01,-5.537010900E-03,-8.294997101E-03, 5.966666667E-01, 1.399643445E-08, 0.000000000E+00, 2.978643287E+00, 5.326328551E+02, 6.627389371E-01, 4.862866331E-01, 4.862866331E-01, 2.387062468E+05
       876, 7.264142390E-03,-6.370734889E-03, 6.000000238E-01, 7.265484863E-03,-6.369253202E-03, 5.966666667E-01, 8.781156800E-08, 0.000000000E+00, 1.602160654E+02, 4.459561024E+02, 7.915499538E-01, 1.993711359E+01, 1.993711360E+01, 1.495852411E+05
       877, 6.018280052E-03, 5.279466975E-03, 6.000000238E-01, 6.020694031E-03, 5.278923843E-03, 5.966666667E-01, 4.017731153E-07, 0.000000000E+00, 4.579875764E+02, 3.786232378E+02, 9.323160785E-01, 3.124540758E+01, 3.124540781E+01, 8.118472716E+04
       878, 6.904304028E-03, 4.616094287E-03, 6.000000238E-01, 6.907503053E-03, 4.612692755E-03, 5.966666667E-01, 3.554213022E-07, 0.000000000E+00, 4.279574594E+02, 3.843315806E+02, 9.184687131E-01, 3.042361463E+01, 3.042361481E+01, 8.696241351E+04
       879, 7.660508621E-03, 3.780087456E-03, 6.000000238E-01, 7.663106743E-03, 3.775942364E-03, 5.966666667E-01, 3.157856588E-07, 0.000000000E+00, 4.009482050E+02, 3.895832056E+02, 9.060876525E-01, 2.964156514E+01, 2.964156527E+01, 9.228071178E+04
       880, 8.287423290E-03, 2.814677311E-03, 6.000000238E-01, 8.289039240E-03, 2.811221366E-03, 5.966666667E-01, 2.784019653E-07, 0.000000000E+00, 3.738117189E+02, 3.949961283E+02, 8.936708665E-01, 2.881139283E+01, 2.881139293E+01, 9.776524185E+04
       881, 8.773606271E-03, 1.745908521E-03, 6.000000238E-01, 8.774402310E-03, 1.743716728E-03, 5.966666667E-01, 2.419887598E-07, 0.000000000E+00, 3.451166411E+02, 4.008929006E+02, 8.805257757E-01, 2.788025748E+01, 2.788025755E+01, 1.037433728E+05
       882, 9.102669545E-03, 5.968179903E-04, 6.000000238E-01, 9.102988969E-03, 5.960717204E-04, 5.966666667E-01, 2.069761415E-07, 0.000000000E+00, 3.145105449E+02, 4.074110668E+02, 8.664382512E-01, 2.681970956E+01, 2.681970961E+01, 1.103565822E+05
       883, 9.260453284E-03,-6.071232492E-04, 6.000000238E-01, 9.260684213E-03,-6.063711647E-04, 5.966666667E-01, 1.741525043E-07, 0.000000000E+00, 2.819326601E+02, 4.146578247E+02, 8.512959632E-01, 2.560375374E+01, 2.560375378E+01, 1.177159897E+05
       884, 9.237960912E-03,-1.837939955E-03, 6.000000238E-01, 9.238506688E-03,-1.835698564E-03, 5.966666667E-01, 1.441536509E-07, 0.000000000E+00, 2.472110585E+02, 4.228068653E+02, 8.348883646E-01, 2.419209027E+01, 2.419209030E+01, 1.260004879E+05
       885, 9.031775407E-03,-3.066404955E-03, 6.000000238E-01, 9.033023194E-03,-3.062824504E-03, 5.966666667E-01, 1.174163845E-07, 0.000000000E+00, 2.101875216E+02, 4.320973178E+02, 8.169375687E-01, 2.252723076E+01, 2.252723078E+01, 1.354567127E+05
       886, 8.643560112E-03,-4.263088107E-03, 6.000000238E-01, 8.645702847E-03,-4.258719374E-03, 5.966666667E-01, 9.431491804E-08, 0.000000000E+00, 1.712504761E+02, 4.427288066E+02, 7.973200005E-01, 2.054973150E+01, 2.054973151E+01, 1.462927282E+05
       887, 8.079594932E-03,-5.399047397E-03, 6.000000238E-01, 8.082144953E-03,-5.395213461E-03, 5.966666667E-01, 7.530516763E-08, 0.000000000E+00, 1.323644145E+02, 4.545390499E+02, 7.766033135E-01, 1.825956694E+01, 1.825956695E+01, 1.583491400E+05
       888, 5.509903654E-03, 6.281361450E-03, 6.000000238E-01, 5.509023730E-03, 6.283391011E-03, 5.966666667E-01, 3.468123825E-07, 0.000000000E+00, 4.223784910E+02, 3.854144603E+02, 9.158881376E-01, 3.026582941E+01, 3.026582957E+01, 8.805881544E+04
       889, 4.781425931E-03, 7.152483799E-03, 6.000000238E-01, 4.777857355E-03, 7.155431648E-03, 5.966666667E-01, 3.045101533E-07, 0.000000000E+00, 3.932496711E+02, 3.911142707E+02, 9.025406606E-01, 2.941112283E+01, 2.941112295E+01, 9.383173411E+04
       890, 3.893682733E-03, 7.891708985E-03, 6.000000238E-01, 3.889447630E-03, 7.894124023E-03, 5.966666667E-01, 2.690505708E-07, 0.000000000E+00, 3.669285038E+02, 3.963996559E+02, 8.905066566E-01, 2.859345457E+01, 2.859345466E+01, 9.918781499E+04
       891, 2.885689726E-03, 8.497404866E-03, 6.000000238E-01, 2.882183186E-03, 8.498871501E-03, 5.966666667E-01, 2.360896041E-07, 0.000000000E+00, 3.403858330E+02, 4.018874061E+02, 8.783468376E-01, 2.772118733E+01, 2.772118740E+01, 1.047519950E+05
       892, 1.782557811E-03, 8.958524093E-03, 6.000000238E-01, 1.780342292E-03, 8.959200585E-03, 5.966666667E-01, 2.043606279E-07, 0.000000000E+00, 3.121911548E+02, 4.079173639E+02, 8.653628493E-01, 2.673630239E+01, 2.673630244E+01, 1.108705107E+05
       893, 6.071232492E-04, 9.260453284E-03, 6.000000238E-01, 6.063711647E-04, 9.260684213E-03, 5.966666667E-01, 1.741525043E-07, 0.000000000E+00, 2.819326601E+02, 4.146578247E+02, 8.512959632E-01, 2.560375374E+01, 2.560375378E+01, 1.177159897E+05
       894,-6.156464806E-04, 9.390952997E-03, 6.000000238E-01,-6.148905311E-04, 9.391124608E-03, 5.966666667E-01, 1.460673470E-07, 0.000000000E+00, 2.494383613E+02, 4.222678726E+02, 8.359540358E-01, 2.428662561E+01, 2.428662563E+01, 1.254522486E+05
       895,-1.858675038E-03, 9.342581034E-03, 6.000000238E-01,-1.856426874E-03, 9.343093632E-03, 5.966666667E-01, 1.205761273E-07, 0.000000000E+00, 2.145416932E+02, 4.309656077E+02, 8.190828362E-01, 2.273277954E+01, 2.273277956E+01, 1.343041628E+05
       896,-3.093888052E-03, 9.113042615E-03, 6.000000238E-01,-3.090302661E-03, 9.114275393E-03, 5.966666667E-01, 9.798562009E-08, 0.000000000E+00, 1.772902114E+02, 4.410089775E+02, 8.004293570E-01, 2.087445150E+01, 2.087445151E+01, 1.445387405E+05
       897,-4.293161444E-03, 8.704768494E-03, 6.000000238E-01,-4.288791309E-03, 8.706908260E-03, 5.966666667E-01, 7.855743457E-08, 0.000000000E+00, 1.385393496E+02, 4.525589606E+02, 7.800011998E-01, 1.864920839E+01, 1.864920840E+01, 1.563262039E+05
       898,-5.428988487E-03, 8.124539629E-03, 6.000000238E-01,-5.425154172E-03, 8.127088957E-03, 5.966666667E-01, 6.262918632E-08, 0.000000000E+00, 1.010666130E+02, 4.652553374E+02, 7.587157071E-01, 1.608633337E+01, 1.608633338E+01, 1.693095605E+05
       899,-6.475529168E-03, 7.383781951E-03, 6.000000238E-01,-6.474031730E-03, 7.385106838E-03, 5.966666667E-01, 5.049871962E-08, 0.000000000E+00, 6.903580384E+01, 4.779713636E+02, 7.385307137E-01, 1.338283576E+01, 1.338283576E+01, 1.823420938E+05
       900,-7.410737220E-03, 6.499139592E-03, 6.000000238E-01,-7.412059797E-03, 6.497640196E-03, 5.966666667E-01, 4.191873041E-08, 0.000000000E+00, 4.531584499E+01, 4.893330921E+02, 7.213829147E-01, 1.084412735E+01, 1.084412735E+01, 1.940112411E+05
       901,-8.217886090E-03, 5.491174292E-03, 6.000000238E-01,-8.220438001E-03, 5.487341261E-03, 5.966666667E-01, 3.584014529E-08, 0.000000000E+00, 2.920622822E+01, 4.989128532E+02, 7.075314456E-01, 8.623221218E+00, 8.623221219E+00, 2.038682610E+05
       902,-8.884223178E-03, 4.381332546E-03, 6.000000238E-01,-8.886368374E-03, 4.376965094E-03, 5.966666667E-01, 3.102911749E-08, 0.000000000E+00, 1.827623133E+01, 5.072450735E+02, 6.959092374E-01, 6.647565013E+00, 6.647565013E+00, 2.124555906E+05
       903,-9.398832917E-03, 3.190537449E-03, 6.000000238E-01,-9.400049543E-03, 3.186946779E-03, 5.966666667E-01, 2.675387571E-08, 0.000000000E+00, 1.091592141E+01, 5.147873870E+02, 6.857132502E-01, 4.835288160E+00, 4.835288160E+00, 2.202407910E+05
       904,-9.752355516E-03, 1.939888927E-03, 6.000000238E-01,-9.752806264E-03, 1.937628694E-03, 5.966666667E-01, 2.279369991E-08, 0.000000000E+00, 6.368263064E+00, 5.215307868E+02, 6.768469690E-01, 3.201393132E+00, 3.201393132E+00, 2.272109837E+05
       905,-9.937800467E-03, 6.513623521E-04, 6.000000238E-01,-9.937852367E-03, 6.505985964E-04, 5.966666667E-01, 1.914877724E-08, 0.000000000E+00, 3.945864987E+00, 5.274078596E+02, 6.693046489E-01, 1.768073512E+00, 1.768073512E+00, 2.332931302E+05
       906,-9.951171465E-03,-6.522356416E-04, 6.000000238E-01,-9.951222830E-03,-6.514718526E-04, 5.966666667E-01, 1.585883018E-08, 0.000000000E+00, 3.000227113E+00, 5.323723638E+02, 6.630632172E-01, 5.505776457E-01, 5.505776457E-01, 2.384362475E+05
       907, 6.412466988E-03,-7.311786059E-03, 6.000000238E-01, 6.410977487E-03,-7.313120018E-03, 5.966666667E-01, 7.310300995E-08, 0.000000000E+00, 1.280530822E+02, 4.559471884E+02, 7.742048668E-01, 1.798073911E+01, 1.798073911E+01, 1.597881784E+05
       908, 5.428988487E-03,-8.124539629E-03, 6.000000238E-01, 5.425154172E-03,-8.127088957E-03, 5.966666667E-01, 6.262918632E-08, 0.000000000E+00, 1.010666130E+02, 4.652553374E+02, 7.587157071E-01, 1.608633337E+01, 1.608633338E+01, 1.693095605E+05
       909, 4.338606726E-03,-8.797262795E-03, 6.000000238E-01, 4.334236457E-03,-8.799402774E-03, 5.966666667E-01, 5.430805761E-08, 0.000000000E+00, 7.715639174E+01, 4.745183735E+02, 7.439048769E-01, 1.412938286E+01, 1.412938286E+01, 1.788002787E+05
       910, 3.163827816E-03,-9.319853038E-03, 6.000000238E-01, 3.160236928E-03,-9.321069208E-03, 5.966666667E-01, 4.689060813E-08, 0.000000000E+00, 5.491401781E+01, 4.844365752E+02, 7.286744030E-01, 1.194837739E+01, 1.194837739E+01, 1.889793881E+05
       911, 1.926104189E-03,-9.682803415E-03, 6.000000238E-01, 1.923844518E-03,-9.683256701E-03, 5.966666667E-01, 4.000079683E-08, 0.000000000E+00, 3.555528172E+01, 4.948531590E+02, 7.133359176E-01, 9.568554108E+00, 9.568554109E+00, 1.996890537E+05
       912, 6.474863039E-04,-9.878453799E-03, 6.000000238E-01, 6.467227778E-04,-9.878509538E-03, 5.966666667E-01, 3.364350892E-08, 0.000000000E+00, 2.099239228E+01, 5.049435406E+02, 6.990811921E-01, 7.194539511E+00, 7.194539511E+00, 2.100822064E+05
       913,-6.490298547E-04,-9.902087972E-03, 6.000000238E-01,-6.482662141E-04,-9.902141157E-03, 5.966666667E-01, 2.789235651E-08, 0.000000000E+00, 1.161992162E+01, 5.139410667E+02, 6.868424322E-01, 5.039069694E+00, 5.039069694E+00, 2.193666498E+05
       914,-1.939888927E-03,-9.752355516E-03, 6.000000238E-01,-1.937628694E-03,-9.752806264E-03, 5.966666667E-01, 2.279369991E-08, 0.000000000E+00, 6.368263064E+00, 5.215307868E+02, 6.768469690E-01, 3.201393132E+00, 3.201393132E+00, 2.272109837E+05
       915,-3.201532410E-03,-9.431344457E-03, 6.000000238E-01,-3.197942209E-03,-9.432562745E-03, 5.966666667E-01, 1.836444110E-08, 0.000000000E+00, 3.862731850E+00, 5.276994753E+02, 6.689347797E-01, 1.696628996E+00, 1.696628996E+00, 2.335951015E+05
       916,-4.410951864E-03,-8.944506757E-03, 6.000000238E-01,-4.406587631E-03,-8.946659126E-03, 5.966666667E-01, 1.461798511E-08, 0.000000000E+00, 2.985726497E+00, 5.325429006E+02, 6.628508837E-01, 5.082362998E-01, 5.082362998E-01, 2.386130074E+05
       917, 7.311786059E-03,-6.412466522E-03, 6.000000238E-01, 7.313120018E-03,-6.410977487E-03, 5.966666667E-01, 7.310300995E-08, 0.000000000E+00, 1.280530822E+02, 4.559471884E+02, 7.742048668E-01, 1.798073911E+01, 1.798073911E+01, 1.597881784E+05
       918, 6.281361915E-03, 5.509903654E-03, 6.000000238E-01, 6.283391011E-03, 5.509023730E-03, 5.966666667E-01, 3.468123825E-07, 0.000000000E+00, 4.223784910E+02, 3.854144603E+02, 9.158881376E-01, 3.026582941E+01, 3.026582957E+01, 8.805881544E+04
       919, 7.152483799E-03, 4.781426396E-03, 6.000000238E-01, 7.155431648E-03, 4.777857355E-03, 5.966666667E-01, 3.045101533E-07, 0.000000000E+00, 3.932496711E+02, 3.911142707E+02, 9.025406606E-01, 2.941112283E+01, 2.941112295E+01, 9.383173411E+04
       920, 7.891708985E-03, 3.893682733E-03, 6.000000238E-01, 7.894124023E-03, 3.889447630E-03, 5.966666667E-01, 2.690505708E-07, 0.000000000E+00, 3.669285038E+02, 3.963996559E+02, 8.905066566E-01, 2.859345457E+01, 2.859345466E+01, 9.918781499E+04
       921, 8.497404866E-03, 2.885689726E-03, 6.000000238E-01, 8.498871501E-03, 2.882183186E-03, 5.966666667E-01, 2.360896041E-07, 0.000000000E+00, 3.403858330E+02, 4.018874061E+02, 8.783468376E-01, 2.772118733E+01, 2.772118740E+01, 1.047519950E+05
       922, 8.958524093E-03, 1.782557811E-03, 6.000000238E-01, 8.959200585E-03, 1.780342292E-03, 5.966666667E-01, 2.043606279E-07, 0.000000000E+00, 3.121911548E+02, 4.079173639E+02, 8.653628493E-01, 2.673630239E+01, 2.673630244E+01, 1.108705107E+05
       923, 9.260453284E-03, 6.071232492E-04, 6.000000238E-01, 9.260684213E-03, 6.063711647E-04, 5.966666667E-01, 1.741525043E-07, 0.000000000E+00, 2.819326601E+02, 4.146578247E+02, 8.512959632E-01, 2.560375374E+01, 2.560375378E+01, 1.177159897E+05
       924, 9.390952997E-03,-6.156464806E-04, 6.000000238E-01, 9.391124608E-03,-6.148905311E-04, 5.966666667E-01, 1.460673470E-07, 0.000000000E+00, 2.494383613E+02, 4.222678726E+02, 8.359540358E-01, 2.428662561E+01, 2.428662563E+01, 1.254522486E+05
       925, 9.342581034E-03,-1.858675038E-03, 6.000000238E-01, 9.343093632E-03,-1.856426874E-03, 5.966666667E-01, 1.205761273E-07, 0.000000000E+00, 2.145416932E+02, 4.309656077E+02, 8.190828362E-01, 2.273277954E+01, 2.273277956E+01, 1.343041628E+05
       926, 9.113042615E-03,-3.093888052E-03, 6.000000238E-01, 9.114275393E-03,-3.090302661E-03, 5.966666667E-01, 9.798562009E-08, 0.000000000E+00, 1.772902114E+02, 4.410089775E+02, 8.004293570E-01, 2.087445150E+01, 2.087445151E+01, 1.445387405E+05
       927, 8.704768494E-03,-4.293161444E-03, 6.000000238E-01, 8.706908260E-03,-4.288791309E-03, 5.966666667E-01, 7.855743457E-08, 0.000000000E+00, 1.385393496E+02, 4.525589606E+02, 7.800011998E-01, 1.864920839E+01, 1.864920840E+01, 1.563262039E+05
       928, 8.124539629E-03,-5.428988952E-03, 6.000000238E-01, 8.127088957E-03,-5.425154172E-03, 5.966666667E-01, 6.262918632E-08, 0.000000000E+00, 1.010666130E+02, 4.652553374E+02, 7.587157071E-01, 1.608633337E+01, 1.608633338E+01, 1.693095605E+05
       929, 5.700492766E-03, 6.498950534E-03, 6.000000238E-01, 5.699396801E-03, 6.500733277E-03, 5.966666667E-01, 2.967697208E-07, 0.000000000E+00, 3.878753434E+02, 3.921905442E+02, 9.000638528E-01, 2.924810211E+01, 2.924810222E+01, 9.492217702E+04
       930, 4.918168299E-03, 7.357746828E-03, 6.000000238E-01, 4.914494892E-03, 7.360538266E-03, 5.966666667E-01, 2.590697426E-07, 0.000000000E+00, 3.594908594E+02, 3.979311047E+02, 8.870795173E-01, 2.835443966E+01, 2.835443974E+01, 1.007402699E+05
       931, 3.987634555E-03, 8.082929067E-03, 6.000000238E-01, 3.983343796E-03, 8.085230901E-03, 5.966666667E-01, 2.279101291E-07, 0.000000000E+00, 3.337037580E+02, 4.033025660E+02, 8.752647815E-01, 2.749364595E+01, 2.749364601E+01, 1.061874812E+05
       932, 2.944422420E-03, 8.671076968E-03, 6.000000238E-01, 2.940883713E-03, 8.672447440E-03, 5.966666667E-01, 1.992521786E-07, 0.000000000E+00, 3.075925780E+02, 4.089258207E+02, 8.632287677E-01, 2.656957051E+01, 2.656957056E+01, 1.118942749E+05
       933, 1.812869683E-03, 9.111465886E-03, 6.000000238E-01, 1.810638555E-03, 9.112063680E-03, 5.966666667E-01, 1.719068602E-07, 0.000000000E+00, 2.796666855E+02, 4.151766951E+02, 8.502320492E-01, 2.551552405E+01, 2.551552408E+01, 1.182432079E+05
       934, 6.156464806E-04, 9.390952997E-03, 6.000000238E-01, 6.148905311E-04, 9.391124608E-03, 5.966666667E-01, 1.460673470E-07, 0.000000000E+00, 2.494383613E+02, 4.222678726E+02, 8.359540358E-01, 2.428662561E+01, 2.428662563E+01, 1.254522486E+05
       935,-6.226958358E-04, 9.498885833E-03, 6.000000238E-01,-6.219373155E-04, 9.499018234E-03, 5.966666667E-01, 1.221974655E-07, 0.000000000E+00, 2.167332466E+02, 4.303998269E+02, 8.201595591E-01, 2.283517650E+01, 2.283517652E+01, 1.337280307E+05
       936,-1.875824411E-03, 9.429111145E-03, 6.000000238E-01,-1.873571942E-03, 9.429600941E-03, 5.966666667E-01, 1.006492001E-07, 0.000000000E+00, 1.815465940E+02, 4.398131422E+02, 8.026056940E-01, 2.109900486E+01, 2.109900488E+01, 1.433193980E+05
       937,-3.116618609E-03, 9.180256166E-03, 6.000000238E-01,-3.113030388E-03, 9.181480693E-03, 5.966666667E-01, 8.163899926E-08, 0.000000000E+00, 1.443106489E+02, 4.507501447E+02, 7.831312678E-01, 1.900374612E+01, 1.900374613E+01, 1.544788641E+05
       938,-4.318034276E-03, 8.755392395E-03, 6.000000238E-01,-4.313664092E-03, 8.757531837E-03, 5.966666667E-01, 6.535047198E-08, 0.000000000E+00, 1.066982632E+02, 4.632175158E+02, 7.620535066E-01, 1.650507100E+01, 1.650507101E+01, 1.672237227E+05
       939,-5.453752819E-03, 8.161712438E-03, 6.000000238E-01,-5.449918207E-03, 8.164262253E-03, 5.966666667E-01, 5.203585803E-08, 0.000000000E+00, 7.232487550E+01, 4.765505047E+02, 7.407326794E-01, 1.369119120E+01, 1.369119120E+01, 1.808844248E+05
       940,-6.499139592E-03, 7.410737686E-03, 6.000000238E-01,-6.497640196E-03, 7.412059797E-03, 5.966666667E-01, 4.191873041E-08, 0.000000000E+00, 4.531584499E+01, 4.893330921E+02, 7.213829147E-01, 1.084412735E+01, 1.084412735E+01, 1.940112411E+05
       941,-7.433031686E-03, 6.518667564E-03, 6.000000238E-01,-7.434352435E-03, 6.517166624E-03, 5.966666667E-01, 3.477427203E-08, 0.000000000E+00, 2.763336890E+01, 4.999910025E+02, 7.060057691E-01, 8.370468099E+00, 8.370468100E+00, 2.049786483E+05
       942,-8.238917217E-03, 5.505185109E-03, 6.000000238E-01,-8.241470760E-03, 5.501352824E-03, 5.966666667E-01, 2.971833269E-08, 0.000000000E+00, 1.695197383E+01, 5.084410870E+02, 6.942722397E-01, 6.362313077E+00, 6.362313077E+00, 2.136893606E+05
       943,-8.903815411E-03, 4.390958697E-03, 6.000000238E-01,-8.905962741E-03, 4.386592356E-03, 5.966666667E-01, 2.572000984E-08, 0.000000000E+00, 1.030551319E+01, 5.155529794E+02, 6.846949710E-01, 4.650948281E+00, 4.650948282E+00, 2.210316741E+05
       944,-9.416626766E-03, 3.196555190E-03, 6.000000238E-01,-9.417844658E-03, 3.192964794E-03, 5.966666667E-01, 2.216939136E-08, 0.000000000E+00, 6.180919030E+00, 5.218874647E+02, 6.763843858E-01, 3.114726814E+00, 3.114726814E+00, 2.275799105E+05
       945,-9.768025950E-03, 1.942994655E-03, 6.000000238E-01,-9.768476459E-03, 1.940734403E-03, 5.966666667E-01, 1.888243994E-08, 0.000000000E+00, 3.917186532E+00, 5.275070812E+02, 6.691787558E-01, 1.743762037E+00, 1.743762037E+00, 2.333958734E+05
       946,-9.951171465E-03, 6.522356416E-04, 6.000000238E-01,-9.951222830E-03, 6.514718526E-04, 5.966666667E-01, 1.585883018E-08, 0.000000000E+00, 3.000227113E+00, 5.323723638E+02, 6.630632172E-01, 5.505776457E-01, 5.505776457E-01, 2.384362475E+05
       947, 6.446982268E-03,-7.351191249E-03, 6.000000238E-01, 6.445487996E-03,-7.352519457E-03, 5.966666667E-01, 6.078749115E-08, 0.000000000E+00, 9.717511330E+01, 4.666947365E+02, 7.563756449E-01, 1.578862231E+01, 1.578862232E+01, 1.707833260E+05
       948, 5.453752819E-03,-8.161712438E-03, 6.000000238E-01, 5.449918207E-03,-8.164262253E-03, 5.966666667E-01, 5.203585803E-08, 0.000000000E+00, 7.232487550E+01, 4.765505047E+02, 7.407326794E-01, 1.369119120E+01, 1.369119120E+01, 1.808844248E+05
       949, 4.355621058E-03,-8.831892163E-03, 6.000000238E-01, 4.351251833E-03,-8.834034170E-03, 5.966666667E-01, 4.509356319E-08, 0.000000000E+00, 5.148357332E+01, 4.861357417E+02, 7.261275030E-01, 1.156786198E+01, 1.156786198E+01, 1.907250293E+05
       950, 3.174464218E-03,-9.351304732E-03, 6.000000238E-01, 3.170873334E-03,-9.352520785E-03, 5.966666667E-01, 3.891295142E-08, 0.000000000E+00, 3.386643763E+01, 4.958923244E+02, 7.118410891E-01, 9.327596764E+00, 9.327596765E+00, 2.007585284E+05
       951, 1.931593637E-03,-9.710500948E-03, 6.000000238E-01, 1.929333669E-03,-9.710952810E-03, 5.966666667E-01, 3.317836907E-08, 0.000000000E+00, 2.049158850E+01, 5.053538430E+02, 6.985136002E-01, 7.097133460E+00, 7.097133461E+00, 2.105052405E+05
       952, 6.490298547E-04,-9.902087972E-03, 6.000000238E-01, 6.482662141E-04,-9.902141157E-03, 5.966666667E-01, 2.789235651E-08, 0.000000000E+00, 1.161992162E+01, 5.139410667E+02, 6.868424322E-01, 5.039069694E+00, 5.039069694E+00, 2.193666498E+05
       953,-6.503064651E-04,-9.921633638E-03, 6.000000238E-01,-6.495427723E-04,-9.921686597E-03, 5.966666667E-01, 2.311467607E-08, 0.000000000E+00, 6.466982561E+00, 5.213468019E+02, 6.770858304E-01, 3.246098121E+00, 3.246098121E+00, 2.270206903E+05
       954,-1.942994655E-03,-9.768025950E-03, 6.000000238E-01,-1.940734403E-03,-9.768476459E-03, 5.966666667E-01, 1.888243994E-08, 0.000000000E+00, 3.917186532E+00, 5.275070812E+02, 6.691787558E-01, 1.743762037E+00, 1.743762037E+00, 2.333958734E+05
       955,-3.205649089E-03,-9.443516843E-03, 6.000000238E-01,-3.202058951E-03,-9.444735845E-03, 5.966666667E-01, 1.520840476E-08, 0.000000000E+00, 2.992493473E+00, 5.324617710E+02, 6.629518803E-01, 5.283424487E-01, 5.283424487E-01, 2.385289165E+05
       956, 7.351191249E-03,-6.446982268E-03, 6.000000238E-01, 7.352519457E-03,-6.445487996E-03, 5.966666667E-01, 6.078749115E-08, 0.000000000E+00, 9.717511330E+01, 4.666947365E+02, 7.563756449E-01, 1.578862231E+01, 1.578862232E+01, 1.707833260E+05
       957, 6.498950068E-03, 5.700492766E-03, 6.000000238E-01, 6.500733277E-03, 5.699396801E-03, 5.966666667E-01, 2.967697208E-07, 0.000000000E+00, 3.878753434E+02, 3.921905442E+02, 9.000638528E-01, 2.924810211E+01, 2.924810222E+01, 9.492217702E+04
       958, 7.357746828E-03, 4.918168299E-03, 6.000000238E-01, 7.360538266E-03, 4.914494892E-03, 5.966666667E-01, 2.590697426E-07, 0.000000000E+00, 3.594908594E+02, 3.979311047E+02, 8.870795173E-01, 2.835443966E+01, 2.835443974E+01, 1.007402699E+05
       959, 8.082929067E-03, 3.987634555E-03, 6.000000238E-01, 8.085230901E-03, 3.983343796E-03, 5.966666667E-01, 2.279101291E-07, 0.000000000E+00, 3.337037580E+02, 4.033025660E+02, 8.752647815E-01, 2.749364595E+01, 2.749364601E+01, 1.061874812E+05
       960, 8.671076968E-03, 2.944422420E-03, 6.000000238E-01, 8.672447440E-03, 2.940883713E-03, 5.966666667E-01, 1.992521786E-07, 0.000000000E+00, 3.075925780E+02, 4.089258207E+02, 8.632287677E-01, 2.656957051E+01, 2.656957056E+01, 1.118942749E+05
       961, 9.111465886E-03, 1.812869683E-03, 6.000000238E-01, 9.112063680E-03, 1.810638555E-03, 5.966666667E-01, 1.719068602E-07, 0.000000000E+00, 2.796666855E+02, 4.151766951E+02, 8.502320492E-01, 2.551552405E+01, 2.551552408E+01, 1.182432079E+05
       962, 9.390952997E-03, 6.156464806E-04, 6.000000238E-01, 9.391124608E-03, 6.148905311E-04, 5.966666667E-01, 1.460673470E-07, 0.000000000E+00, 2.494383613E+02, 4.222678726E+02, 8.359540358E-01, 2.428662561E+01, 2.428662563E+01, 1.254522486E+05
       963, 9.498885833E-03,-6.226958358E-04, 6.000000238E-01, 9.499018234E-03,-6.219373155E-04, 5.966666667E-01, 1.221974655E-07, 0.000000000E+00, 2.167332466E+02, 4.303998269E+02, 8.201595591E-01, 2.283517650E+01, 2.283517652E+01, 1.337280307E+05
       964, 9.429111145E-03,-1.875824411E-03, 6.000000238E-01, 9.429600941E-03,-1.873571942E-03, 5.966666667E-01, 1.006492001E-07, 0.000000000E+00, 1.815465940E+02, 4.398131422E+02, 8.026056940E-01, 2.109900486E+01, 2.109900488E+01, 1.433193980E+05
       965, 9.180256166E-03,-3.116618609E-03, 6.000000238E-01, 9.181480693E-03,-3.113030388E-03, 5.966666667E-01, 8.163899926E-08, 0.000000000E+00, 1.443106489E+02, 4.507501447E+02, 7.831312678E-01, 1.900374612E+01, 1.900374613E+01, 1.544788641E+05
       966, 8.755392395E-03,-4.318034742E-03, 6.000000238E-01, 8.757531837E-03,-4.313664092E-03, 5.966666667E-01, 6.535047198E-08, 0.000000000E+00, 1.066982632E+02, 4.632175158E+02, 7.620535066E-01, 1.650507100E+01, 1.650507101E+01, 1.672237227E+05
       967, 8.161713369E-03,-5.453752819E-03, 6.000000238E-01, 8.164262253E-03,-5.449918207E-03, 5.966666667E-01, 5.203585803E-08, 0.000000000E+00, 7.232487550E+01, 4.765505047E+02, 7.407326794E-01, 1.369119120E+01, 1.369119120E+01, 1.808844248E+05
       968, 5.858124234E-03, 6.678912789E-03, 6.000000238E-01, 5.856888690E-03, 6.680536249E-03, 5.966666667E-01, 2.522435608E-07, 0.000000000E+00, 3.542974923E+02, 3.990086986E+02, 8.846838015E-01, 2.818528103E+01, 2.818528111E+01, 1.018327853E+05
       969, 5.031264387E-03, 7.527515758E-03, 6.000000238E-01, 5.027525815E-03, 7.530208995E-03, 5.966666667E-01, 2.192070773E-07, 0.000000000E+00, 3.264984658E+02, 4.048456624E+02, 8.719286509E-01, 2.724453199E+01, 2.724453205E+01, 1.077530611E+05
       970, 4.065340385E-03, 8.241083473E-03, 6.000000238E-01, 4.061014975E-03, 8.243315060E-03, 5.966666667E-01, 1.921826129E-07, 0.000000000E+00, 3.010894011E+02, 4.103637338E+02, 8.602040171E-01, 2.633065762E+01, 2.633065767E+01, 1.133542603E+05
       971, 2.992999041E-03, 8.814716712E-03, 6.000000238E-01, 2.989439775E-03, 8.816026455E-03, 5.966666667E-01, 1.675248605E-07, 0.000000000E+00, 2.751693455E+02, 4.162118425E+02, 8.481174638E-01, 2.533888657E+01, 2.533888661E+01, 1.192951217E+05
       972, 1.837939955E-03, 9.237960912E-03, 6.000000238E-01, 1.835698564E-03, 9.238506688E-03, 5.966666667E-01, 1.441536509E-07, 0.000000000E+00, 2.472110585E+02, 4.228068653E+02, 8.348883646E-01, 2.419209027E+01, 2.419209030E+01, 1.260004879E+05
       973, 6.226958358E-04, 9.498885833E-03, 6.000000238E-01, 6.219373155E-04, 9.499018234E-03, 5.966666667E-01, 1.221974655E-07, 0.000000000E+00, 2.167332466E+02, 4.303998269E+02, 8.201595591E-01, 2.283517650E+01, 2.283517652E+01, 1.337280307E+05
       974,-6.285262061E-04, 9.588154964E-03, 6.000000238E-01,-6.277659541E-04, 9.588260775E-03, 5.966666667E-01, 1.020165519E-07, 0.000000000E+00, 1.836911745E+02, 4.392153495E+02, 8.036980781E-01, 2.121084513E+01, 2.121084515E+01, 1.427099292E+05
       975,-1.890008338E-03, 9.500677697E-03, 6.000000238E-01,-1.887753006E-03, 9.501153047E-03, 5.966666667E-01, 8.387634497E-08, 0.000000000E+00, 1.483924821E+02, 4.494906559E+02, 7.853256294E-01, 1.924912823E+01, 1.924912824E+01, 1.531928936E+05
       976,-3.135418752E-03, 9.235847741E-03, 6.000000238E-01,-3.131828757E-03, 9.237066982E-03, 5.966666667E-01, 6.793036436E-08, 0.000000000E+00, 1.119739106E+02, 4.613569602E+02, 7.651267083E-01, 1.688531516E+01, 1.688531517E+01, 1.653199803E+05
       977,-4.338606726E-03, 8.797262795E-03, 6.000000238E-01,-4.334236457E-03, 8.799402774E-03, 5.966666667E-01, 5.430805761E-08, 0.000000000E+00, 7.715639174E+01, 4.745183735E+02, 7.439048769E-01, 1.412938286E+01, 1.412938286E+01, 1.788002787E+05
       978,-5.474234000E-03, 8.192458190E-03, 6.000000238E-01,-5.470400487E-03, 8.195008205E-03, 5.966666667E-01, 4.319958080E-08, 0.000000000E+00, 4.778512036E+01, 4.880278584E+02, 7.233122581E-01, 1.114043798E+01, 1.114043798E+01, 1.926695098E+05
       979,-6.518667564E-03, 7.433031686E-03, 6.000000238E-01,-6.517166624E-03, 7.434352435E-03, 5.966666667E-01, 3.477427203E-08, 0.000000000E+00, 2.763336890E+01, 4.999910025E+02, 7.060057691E-01, 8.370468099E+00, 8.370468100E+00, 2.049786483E+05
       980,-7.451470941E-03, 6.534818560E-03, 6.000000238E-01,-7.452790481E-03, 6.533316761E-03, 5.966666667E-01, 2.883231921E-08, 0.000000000E+00, 1.609028751E+01, 5.092508102E+02, 6.931683273E-01, 6.169037288E+00, 6.169037288E+00, 2.145248080E+05
       981,-8.256312460E-03, 5.516772624E-03, 6.000000238E-01,-8.258866716E-03, 5.512941629E-03, 5.966666667E-01, 2.463118475E-08, 0.000000000E+00, 9.667302394E+00, 5.163883349E+02, 6.835873478E-01, 4.449566580E+00, 4.449566580E+00, 2.218947585E+05
       982,-8.920019493E-03, 4.398920573E-03, 6.000000238E-01,-8.922168987E-03, 4.394554939E-03, 5.966666667E-01, 2.131110749E-08, 0.000000000E+00, 5.932776672E+00, 5.223765863E+02, 6.757510607E-01, 2.995953164E+00, 2.995953164E+00, 2.280858708E+05
       983,-9.431344457E-03, 3.201532410E-03, 6.000000238E-01,-9.432562745E-03, 3.197942209E-03, 5.966666667E-01, 1.836444110E-08, 0.000000000E+00, 3.862731850E+00, 5.276994753E+02, 6.689347797E-01, 1.696628996E+00, 1.696628996E+00, 2.335951015E+05
       984,-9.780986235E-03, 1.945563359E-03, 6.000000238E-01,-9.781437039E-03, 1.943303088E-03, 5.966666667E-01, 1.563795677E-08, 0.000000000E+00, 2.997562681E+00, 5.324027777E+02, 6.630253392E-01, 5.430115704E-01, 5.430115704E-01, 2.384677708E+05
       985, 6.475529168E-03,-7.383781951E-03, 6.000000238E-01, 6.474031730E-03,-7.385106838E-03, 5.966666667E-01, 5.049871962E-08, 0.000000000E+00, 6.903580384E+01, 4.779713636E+02, 7.385307137E-01, 1.338283576E+01, 1.338283576E+01, 1.823420938E+05
       986, 5.474234000E-03,-8.192458190E-03, 6.000000238E-01, 5.470400487E-03,-8.195008205E-03, 5.966666667E-01, 4.319958080E-08, 0.000000000E+00, 4.778512036E+01, 4.880278584E+02, 7.233122581E-01, 1.114043798E+01, 1.114043798E+01, 1.926695098E+05
       987, 4.369693808E-03,-8.860534057E-03, 6.000000238E-01, 4.365325162E-03,-8.862677618E-03, 5.966666667E-01, 3.741666925E-08, 0.000000000E+00, 3.160313974E+01, 4.973303716E+02, 7.097827771E-01, 8.993246688E+00, 8.993246689E+00, 2.022388400E+05
       988, 3.183261491E-03,-9.377317503E-03, 6.000000238E-01, 3.179670627E-03,-9.378534151E-03, 5.966666667E-01, 3.227349030E-08, 0.000000000E+00, 1.953965395E+01, 5.061505082E+02, 6.974141615E-01, 6.907848801E+00, 6.907848801E+00, 2.113267221E+05
       989, 1.936133835E-03,-9.733409621E-03, 6.000000238E-01, 1.933873693E-03,-9.733859999E-03, 5.966666667E-01, 2.750580093E-08, 0.000000000E+00, 1.137694808E+01, 5.142290509E+02, 6.864577792E-01, 4.969738442E+00, 4.969738442E+00, 2.196640848E+05
       990, 6.503064651E-04,-9.921634570E-03, 6.000000238E-01, 6.495427723E-04,-9.921686597E-03, 5.966666667E-01, 2.311467607E-08, 0.000000000E+00, 6.466982561E+00, 5.213468019E+02, 6.770858304E-01, 3.246098121E+00, 3.246098121E+00, 2.270206903E+05
       991,-6.513623521E-04,-9.937800467E-03, 6.000000238E-01,-6.505985964E-04,-9.937852367E-03, 5.966666667E-01, 1.914877724E-08, 0.000000000E+00, 3.945864987E+00, 5.274078596E+02, 6.693046489E-01, 1.768073512E+00, 1.768073512E+00, 2.332931302E+05
       992,-1.945563359E-03,-9.780986235E-03, 6.000000238E-01,-1.943303088E-03,-9.781437039E-03, 5.966666667E-01, 1.563795677E-08, 0.000000000E+00, 2.997562681E+00, 5.324027777E+02, 6.630253392E-01, 5.430115704E-01, 5.430115704E-01, 2.384677708E+05
       993, 7.383781951E-03,-6.475529168E-03, 6.000000238E-01, 7.385106838E-03,-6.474031730E-03, 5.966666667E-01, 5.049871962E-08, 0.000000000E+00, 6.903580384E+01, 4.779713636E+02, 7.385307137E-01, 1.338283576E+01, 1.338283576E+01, 1.823420938E+05
       994, 6.678912789E-03, 5.858124699E-03, 6.000000238E-01, 6.680536249E-03, 5.856888690E-03, 5.966666667E-01, 2.522435608E-07, 0.000000000E+00, 3.542974923E+02, 3.990086986E+02, 8.846838015E-01, 2.818528103E+01, 2.818528111E+01, 1.018327853E+05
       995, 7.527515758E-03, 5.031264387E-03, 6.000000238E-01, 7.530208995E-03, 5.027525815E-03, 5.966666667E-01, 2.192070773E-07, 0.000000000E+00, 3.264984658E+02, 4.048456624E+02, 8.719286509E-01, 2.724453199E+01, 2.724453205E+01, 1.077530611E+05
       996, 8.241083473E-03, 4.065340385E-03, 6.000000238E-01, 8.243315060E-03, 4.061014975E-03, 5.966666667E-01, 1.921826129E-07, 0.000000000E+00, 3.010894011E+02, 4.103637338E+02, 8.602040171E-01, 2.633065762E+01, 2.633065767E+01, 1.133542603E+05
       997, 8.814716712E-03, 2.992999274E-03, 6.000000238E-01, 8.816026455E-03, 2.989439775E-03, 5.966666667E-01, 1.675248605E-07, 0.000000000E+00, 2.751693455E+02, 4.162118425E+02, 8.481174638E-01, 2.533888657E+01, 2.533888661E+01, 1.192951217E+05
       998, 9.237960912E-03, 1.837939955E-03, 6.000000238E-01, 9.238506688E-03, 1.835698564E-03, 5.966666667E-01, 1.441536509E-07, 0.000000000E+00, 2.472110585E+02, 4.228068653E+02, 8.348883646E-01, 2.419209027E+01, 2.419209030E+01, 1.260004879E+05
       999, 9.498885833E-03, 6.226958358E-04, 6.000000238E-01, 9.499018234E-03, 6.219373155E-04, 5.966666667E-01, 1.221974655E-07, 0.000000000E+00, 2.167332466E+02, 4.303998269E+02, 8.201595591E-01, 2.283517650E+01, 2.283517652E+01, 1.337280307E+05
      1000, 9.588155895E-03,-6.285262061E-04, 6.000000238E-01, 9.588260775E-03,-6.277659541E-04, 5.966666667E-01, 1.020165519E-07, 0.000000000E+00, 1.836911745E+02, 4.392153495E+02, 8.036980781E-01, 2.121084513E+01, 2.121084515E+01, 1.427099292E+05
      1001, 9.500677697E-03,-1.890008454E-03, 6.000000238E-01, 9.501153047E-03,-1.887753006E-03, 5.966666667E-01, 8.387634497E-08, 0.000000000E+00, 1.483924821E+02, 4.494906559E+02, 7.853256294E-01, 1.924912823E+01, 1.924912824E+01, 1.531928936E+05
      1002, 9.235847741E-03,-3.135418519E-03, 6.000000238E-01, 9.237066982E-03,-3.131828757E-03, 5.966666667E-01, 6.793036436E-08, 0.000000000E+00, 1.119739106E+02, 4.613569602E+02, 7.651267083E-01, 1.688531516E+01, 1.688531517E+01, 1.653199803E+05
      1003, 8.797262795E-03,-4.338606261E-03, 6.000000238E-01, 8.799402774E-03,-4.334236457E-03, 5.966666667E-01, 5.430805761E-08, 0.000000000E+00, 7.715639174E+01, 4.745183735E+02, 7.439048769E-01, 1.412938286E+01, 1.412938286E+01, 1.788002787E+05
      1004, 8.192457259E-03,-5.474234466E-03, 6.000000238E-01, 8.195008205E-03,-5.470400487E-03, 5.966666667E-01, 4.319958081E-08, 0.000000000E+00, 4.778512036E+01, 4.880278584E+02, 7.233122581E-01, 1.114043798E+01, 1.114043798E+01, 1.926695098E+05
      1005, 5.988498218E-03, 6.827756297E-03, 6.000000238E-01, 5.987170983E-03, 6.829274979E-03, 5.966666667E-01, 2.132710886E-07, 0.000000000E+00, 3.214642274E+02, 4.059329995E+02, 8.695930923E-01, 2.706804681E+01, 2.706804686E+01, 1.088564413E+05
      1006, 5.124803632E-03, 7.667928003E-03, 6.000000238E-01, 5.121024606E-03, 7.670560039E-03, 5.966666667E-01, 1.846779659E-07, 0.000000000E+00, 2.940846711E+02, 4.119322743E+02, 8.569285640E-01, 2.606922114E+01, 2.606922118E+01, 1.149472084E+05
      1007, 4.129608627E-03, 8.371889591E-03, 6.000000238E-01, 4.125262651E-03, 8.374078362E-03, 5.966666667E-01, 1.614694825E-07, 0.000000000E+00, 2.687982585E+02, 4.176917500E+02, 8.451125317E-01, 2.508513446E+01, 2.508513450E+01, 1.207992601E+05
      1008, 3.033175599E-03, 8.933518082E-03, 6.000000238E-01, 3.029603419E-03, 8.934789308E-03, 5.966666667E-01, 1.404220580E-07, 0.000000000E+00, 2.427864470E+02, 4.238838913E+02, 8.327670371E-01, 2.400252668E+01, 2.400252671E+01, 1.270961124E+05
      1009, 1.858675038E-03, 9.342581034E-03, 6.000000238E-01, 1.856426874E-03, 9.343093632E-03, 5.966666667E-01, 1.205761273E-07, 0.000000000E+00, 2.145416932E+02, 4.309656077E+02, 8.190828362E-01, 2.273277954E+01, 2.273277956E+01, 1.343041628E+05
      1010, 6.285262061E-04, 9.588155895E-03, 6.000000238E-01, 6.277659541E-04, 9.588260775E-03, 5.966666667E-01, 1.020165519E-07, 0.000000000E+00, 1.836911745E+02, 4.392153495E+02, 8.036980781E-01, 2.121084513E+01, 2.121084515E+01, 1.427099292E+05
      1011,-6.333484198E-04, 9.661988355E-03, 6.000000238E-01,-6.325869569E-04, 9.662075361E-03, 5.966666667E-01, 8.502529593E-08, 0.000000000E+00, 1.504544769E+02, 4.488602447E+02, 7.864285965E-01, 1.937145957E+01, 1.937145958E+01, 1.525493165E+05
      1012,-1.901739626E-03, 9.559868835E-03, 6.000000238E-01,-1.899482356E-03, 9.560334761E-03, 5.966666667E-01, 6.980432592E-08, 0.000000000E+00, 1.157329360E+02, 4.600555647E+02, 7.672910826E-01, 1.714958321E+01, 1.714958322E+01, 1.639887476E+05
      1013,-3.150967648E-03, 9.281825274E-03, 6.000000238E-01,-3.147376986E-03, 9.283042693E-03, 5.966666667E-01, 5.646317080E-08, 0.000000000E+00, 8.163155951E+01, 4.726872323E+02, 7.467866871E-01, 1.452083406E+01, 1.452083406E+01, 1.769229039E+05
      1014,-4.355621058E-03, 8.831892163E-03, 6.000000238E-01,-4.351251833E-03, 8.834034170E-03, 5.966666667E-01, 4.509356319E-08, 0.000000000E+00, 5.148357332E+01, 4.861357417E+02, 7.261275030E-01, 1.156786198E+01, 1.156786198E+01, 1.907250293E+05
      1015,-5.491174292E-03, 8.217886090E-03, 6.000000238E-01,-5.487341261E-03, 8.220438001E-03, 5.966666667E-01, 3.584014529E-08, 0.000000000E+00, 2.920622822E+01, 4.989128532E+02, 7.075314456E-01, 8.623221218E+00, 8.623221219E+00, 2.038682610E+05
      1016,-6.534818560E-03, 7.451470941E-03, 6.000000238E-01,-6.533316761E-03, 7.452790481E-03, 5.966666667E-01, 2.883231921E-08, 0.000000000E+00, 1.609028751E+01, 5.092508102E+02, 6.931683273E-01, 6.169037288E+00, 6.169037288E+00, 2.145248080E+05
      1017,-7.466720883E-03, 6.548176520E-03, 6.000000238E-01,-7.468040382E-03, 6.546674358E-03, 5.966666667E-01, 2.389533636E-08, 0.000000000E+00, 9.252699236E+00, 5.169530602E+02, 6.828405893E-01, 4.313432192E+00, 4.313432193E+00, 2.224783084E+05
      1018,-8.270698600E-03, 5.526356865E-03, 6.000000238E-01,-8.273254679E-03, 5.522526575E-03, 5.966666667E-01, 2.040734664E-08, 0.000000000E+00, 5.673250290E+00, 5.229108447E+02, 6.750606453E-01, 2.866273842E+00, 2.866273842E+00, 2.286385765E+05
      1019,-8.933422156E-03, 4.405505490E-03, 6.000000238E-01,-8.935572936E-03, 4.401140675E-03, 5.966666667E-01, 1.765238712E-08, 0.000000000E+00, 3.790521063E+00, 5.279634889E+02, 6.686002720E-01, 1.632030012E+00, 1.632030012E+00, 2.338685050E+05
      1020,-9.443516843E-03, 3.205649089E-03, 6.000000238E-01,-9.444735845E-03, 3.202058951E-03, 5.966666667E-01, 1.520840476E-08, 0.000000000E+00, 2.992493473E+00, 5.324617710E+02, 6.629518803E-01, 5.283424487E-01, 5.283424487E-01, 2.385289165E+05
      1021, 6.499139592E-03,-7.410737686E-03, 6.000000238E-01, 6.497640196E-03,-7.412059797E-03, 5.966666667E-01, 4.191873041E-08, 0.000000000E+00, 4.531584499E+01, 4.893330921E+02, 7.213829147E-01, 1.084412735E+01, 1.084412735E+01, 1.940112411E+05
      1022, 5.491174292E-03,-8.217886090E-03, 6.000000238E-01, 5.487341261E-03,-8.220438001E-03, 5.966666667E-01, 3.584014529E-08, 0.000000000E+00, 2.920622822E+01, 4.989128532E+02, 7.075314456E-01, 8.623221218E+00, 8.623221219E+00, 2.038682610E+05
      1023, 4.381332546E-03,-8.884223178E-03, 6.000000238E-01, 4.376965094E-03,-8.886368374E-03, 5.966666667E-01, 3.102911749E-08, 0.000000000E+00, 1.827623133E+01, 5.072450735E+02, 6.959092374E-01, 6.647565013E+00, 6.647565013E+00, 2.124555906E+05
      1024, 3.190537449E-03,-9.398832917E-03, 6.000000238E-01, 3.186946779E-03,-9.400049543E-03, 5.966666667E-01, 2.675387571E-08, 0.000000000E+00, 1.091592141E+01, 5.147873870E+02, 6.857132502E-01, 4.835288160E+00, 4.835288160E+00, 2.202407910E+05
      1025, 1.939888927E-03,-9.752355516E-03, 6.000000238E-01, 1.937628694E-03,-9.752806264E-03, 5.966666667E-01, 2.279369991E-08, 0.000000000E+00, 6.368263064E+00, 5.215307868E+02, 6.768469690E-01, 3.201393132E+00, 3.201393132E+00, 2.272109837E+05
      1026, 6.513623521E-04,-9.937800467E-03, 6.000000238E-01, 6.505985964E-04,-9.937852367E-03, 5.966666667E-01, 1.914877724E-08, 0.000000000E+00, 3.945864987E+00, 5.274078596E+02, 6.693046489E-01, 1.768073512E+00, 1.768073512E+00, 2.332931302E+05
      1027,-6.522356416E-04,-9.951171465E-03, 6.000000238E-01,-6.514718526E-04,-9.951222830E-03, 5.966666667E-01, 1.585883018E-08, 0.000000000E+00, 3.000227113E+00, 5.323723638E+02, 6.630632172E-01, 5.505776457E-01, 5.505776457E-01, 2.384362475E+05
      1028, 7.410737220E-03,-6.499139592E-03, 6.000000238E-01, 7.412059797E-03,-6.497640196E-03, 5.966666667E-01, 4.191873041E-08, 0.000000000E+00, 4.531584499E+01, 4.893330921E+02, 7.213829147E-01, 1.084412735E+01, 1.084412735E+01, 1.940112411E+05
      1029, 6.827756297E-03, 5.988498218E-03, 6.000000238E-01, 6.829274979E-03, 5.987170983E-03, 5.966666667E-01, 2.132710886E-07, 0.000000000E+00, 3.214642274E+02, 4.059329995E+02, 8.695930923E-01, 2.706804681E+01, 2.706804686E+01, 1.088564413E+05
      1030, 7.667927537E-03, 5.124803632E-03, 6.000000238E-01, 7.670560039E-03, 5.121024606E-03, 5.966666667E-01, 1.846779659E-07, 0.000000000E+00, 2.940846711E+02, 4.119322743E+02, 8.569285640E-01, 2.606922114E+01, 2.606922118E+01, 1.149472084E+05
      1031, 8.371889591E-03, 4.129608627E-03, 6.000000238E-01, 8.374078362E-03, 4.125262651E-03, 5.966666667E-01, 1.614694825E-07, 0.000000000E+00, 2.687982585E+02, 4.176917500E+02, 8.451125317E-01, 2.508513446E+01, 2.508513450E+01, 1.207992601E+05
      1032, 8.933518082E-03, 3.033175832E-03, 6.000000238E-01, 8.934789308E-03, 3.029603419E-03, 5.966666667E-01, 1.404220580E-07, 0.000000000E+00, 2.427864470E+02, 4.238838913E+02, 8.327670371E-01, 2.400252668E+01, 2.400252671E+01, 1.270961124E+05
      1033, 9.342581034E-03, 1.858675038E-03, 6.000000238E-01, 9.343093632E-03, 1.856426874E-03, 5.966666667E-01, 1.205761273E-07, 0.000000000E+00, 2.145416932E+02, 4.309656077E+02, 8.190828362E-01, 2.273277954E+01, 2.273277956E+01, 1.343041628E+05
      1034, 9.588154964E-03, 6.285262061E-04, 6.000000238E-01, 9.588260775E-03, 6.277659541E-04, 5.966666667E-01, 1.020165519E-07, 0.000000000E+00, 1.836911745E+02, 4.392153495E+02, 8.036980781E-01, 2.121084513E+01, 2.121084515E+01, 1.427099292E+05
      1035, 9.661988355E-03,-6.333483616E-04, 6.000000238E-01, 9.662075361E-03,-6.325869569E-04, 5.966666667E-01, 8.502529593E-08, 0.000000000E+00, 1.504544769E+02, 4.488602447E+02, 7.864285965E-01, 1.937145957E+01, 1.937145958E+01, 1.525493165E+05
      1036, 9.559868835E-03,-1.901739626E-03, 6.000000238E-01, 9.560334761E-03,-1.899482356E-03, 5.966666667E-01, 6.980432592E-08, 0.000000000E+00, 1.157329360E+02, 4.600555647E+02, 7.672910826E-01, 1.714958321E+01, 1.714958322E+01, 1.639887476E+05
      1037, 9.281825274E-03,-3.150967648E-03, 6.000000238E-01, 9.283042693E-03,-3.147376986E-03, 5.966666667E-01, 5.646317080E-08, 0.000000000E+00, 8.163155951E+01, 4.726872323E+02, 7.467866871E-01, 1.452083406E+01, 1.452083406E+01, 1.769229039E+05
      1038, 8.831892163E-03,-4.355621058E-03, 6.000000238E-01, 8.834034170E-03,-4.351251833E-03, 5.966666667E-01, 4.509356319E-08, 0.000000000E+00, 5.148357332E+01, 4.861357417E+02, 7.261275030E-01, 1.156786198E+01, 1.156786198E+01, 1.907250293E+05
      1039, 8.217886090E-03,-5.491174292E-03, 6.000000238E-01, 8.220438001E-03,-5.487341261E-03, 5.966666667E-01, 3.584014529E-08, 0.000000000E+00, 2.920622822E+01, 4.989128532E+02, 7.075314456E-01, 8.623221218E+00, 8.623221219E+00, 2.038682610E+05
      1040, 6.096327212E-03, 6.950860843E-03, 6.000000238E-01, 6.094940074E-03, 6.952311176E-03, 5.966666667E-01, 1.795699249E-07, 0.000000000E+00, 2.891736568E+02, 4.130423217E+02, 8.546255764E-01, 2.588324551E+01, 2.588324555E+01, 1.160747372E+05
      1041, 5.202168133E-03, 7.784059271E-03, 6.000000238E-01, 5.198364054E-03, 7.786654290E-03, 5.966666667E-01, 1.550528610E-07, 0.000000000E+00, 2.619425529E+02, 4.193071599E+02, 8.418566769E-01, 2.480745521E+01, 2.480745524E+01, 1.224414696E+05
      1042, 4.182763863E-03, 8.480075747E-03, 6.000000238E-01, 4.178405407E-03, 8.482239820E-03, 5.966666667E-01, 1.352713025E-07, 0.000000000E+00, 2.365068196E+02, 4.254282516E+02, 8.297439836E-01, 2.372937921E+01, 2.372937923E+01, 1.286674247E+05
      1043, 3.066404955E-03, 9.031775407E-03, 6.000000238E-01, 3.062824504E-03, 9.033023194E-03, 5.966666667E-01, 1.174163845E-07, 0.000000000E+00, 2.101875216E+02, 4.320973178E+02, 8.169375687E-01, 2.252723076E+01, 2.252723078E+01, 1.354567127E+05
      1044, 1.875824411E-03, 9.429111145E-03, 6.000000238E-01, 1.873571942E-03, 9.429600941E-03, 5.966666667E-01, 1.006492001E-07, 0.000000000E+00, 1.815465940E+02, 4.398131422E+02, 8.026056940E-01, 2.109900486E+01, 2.109900488E+01, 1.433193980E+05
      1045, 6.333483616E-04, 9.661988355E-03, 6.000000238E-01, 6.325869569E-04, 9.662075361E-03, 5.966666667E-01, 8.502529593E-08, 0.000000000E+00, 1.504544769E+02, 4.488602447E+02, 7.864285965E-01, 1.937145957E+01, 1.937145958E+01, 1.525493165E+05
      1046,-6.373366923E-04, 9.723053314E-03, 6.000000238E-01,-6.365744783E-04, 9.723128476E-03, 5.966666667E-01, 7.076694123E-08, 0.000000000E+00, 1.176410236E+02, 4.594021910E+02, 7.683823438E-01, 1.728170257E+01, 1.728170257E+01, 1.633205089E+05
      1047,-1.911442261E-03, 9.608824737E-03, 6.000000238E-01,-1.909183781E-03, 9.609284356E-03, 5.966666667E-01, 5.802915980E-08, 0.000000000E+00, 8.485919072E+01, 4.713957057E+02, 7.488327280E-01, 1.479524755E+01, 1.479524756E+01, 1.755991312E+05
      1048,-3.163827816E-03, 9.319853038E-03, 6.000000238E-01,-3.160236928E-03, 9.321069208E-03, 5.966666667E-01, 4.689060813E-08, 0.000000000E+00, 5.491401781E+01, 4.844365752E+02, 7.286744030E-01, 1.194837739E+01, 1.194837739E+01, 1.889793881E+05
      1049,-4.369693808E-03, 8.860534057E-03, 6.000000238E-01,-4.365325162E-03, 8.862677618E-03, 5.966666667E-01, 3.741666925E-08, 0.000000000E+00, 3.160313974E+01, 4.973303716E+02, 7.097827771E-01, 8.993246688E+00, 8.993246689E+00, 2.022388400E+05
      1050,-5.505184643E-03, 8.238918148E-03, 6.000000238E-01,-5.501352824E-03, 8.241470760E-03, 5.966666667E-01, 2.971833269E-08, 0.000000000E+00, 1.695197383E+01, 5.084410870E+02, 6.942722397E-01, 6.362313077E+00, 6.362313077E+00, 2.136893606E+05
      1051,-6.548176520E-03, 7.466720883E-03, 6.000000238E-01,-6.546674358E-03, 7.468040382E-03, 5.966666667E-01, 2.389533636E-08, 0.000000000E+00, 9.252699236E+00, 5.169530602E+02, 6.828405893E-01, 4.313432192E+00, 4.313432193E+00, 2.224783084E+05
      1052,-7.479334250E-03, 6.559224799E-03, 6.000000238E-01,-7.480653373E-03, 6.557722250E-03, 5.966666667E-01, 1.979665898E-08, 0.000000000E+00, 5.504555143E+00, 5.232720925E+02, 6.745946083E-01, 2.778634999E+00, 2.778634999E+00, 2.290123301E+05
      1053,-8.282597177E-03, 5.534283351E-03, 6.000000238E-01,-8.285154748E-03, 5.530454140E-03, 5.966666667E-01, 1.690270549E-08, 0.000000000E+00, 3.714945248E+00, 5.282526776E+02, 6.682342508E-01, 1.561502877E+00, 1.561502877E+00, 2.341679951E+05
      1054,-8.944506757E-03, 4.410951864E-03, 6.000000238E-01,-8.946659126E-03, 4.406587631E-03, 5.966666667E-01, 1.461798511E-08, 0.000000000E+00, 2.985726497E+00, 5.325429006E+02, 6.628508837E-01, 5.082362998E-01, 5.082362998E-01, 2.386130074E+05
      1055, 6.518667564E-03,-7.433031686E-03, 6.000000238E-01, 6.517166624E-03,-7.434352435E-03, 5.966666667E-01, 3.477427203E-08, 0.000000000E+00, 2.763336890E+01, 4.999910025E+02, 7.060057691E-01, 8.370468099E+00, 8.370468100E+00, 2.049786483E+05
      1056, 5.505184643E-03,-8.238918148E-03, 6.000000238E-01, 5.501352824E-03,-8.241470760E-03, 5.966666667E-01, 2.971833269E-08, 0.000000000E+00, 1.695197383E+01, 5.084410870E+02, 6.942722397E-01, 6.362313077E+00, 6.362313077E+00, 2.136893606E+05
      1057, 4.390958697E-03,-8.903815411E-03, 6.000000238E-01, 4.386592356E-03,-8.905962741E-03, 5.966666667E-01, 2.572000984E-08, 0.000000000E+00, 1.030551319E+01, 5.155529794E+02, 6.846949710E-01, 4.650948281E+00, 4.650948282E+00, 2.210316741E+05
      1058, 3.196555423E-03,-9.416626766E-03, 6.000000238E-01, 3.192964794E-03,-9.417844658E-03, 5.966666667E-01, 2.216939136E-08, 0.000000000E+00, 6.180919030E+00, 5.218874647E+02, 6.763843858E-01, 3.114726814E+00, 3.114726814E+00, 2.275799105E+05
      1059, 1.942994655E-03,-9.768025950E-03, 6.000000238E-01, 1.940734403E-03,-9.768476459E-03, 5.966666667E-01, 1.888243994E-08, 0.000000000E+00, 3.917186532E+00, 5.275070812E+02, 6.691787558E-01, 1.743762037E+00, 1.743762037E+00, 2.333958734E+05
      1060, 6.522356416E-04,-9.951171465E-03, 6.000000238E-01, 6.514718526E-04,-9.951222830E-03, 5.966666667E-01, 1.585883018E-08, 0.000000000E+00, 3.000227113E+00, 5.323723638E+02, 6.630632172E-01, 5.505776457E-01, 5.505776457E-01, 2.384362475E+05
      1061, 7.433031686E-03,-6.518667564E-03, 6.000000238E-01, 7.434352435E-03,-6.517166624E-03, 5.966666667E-01, 3.477427203E-08, 0.000000000E+00, 2.763336890E+01, 4.999910025E+02, 7.060057691E-01, 8.370468099E+00, 8.370468100E+00, 2.049786483E+05
      1062, 6.950860843E-03, 6.096327212E-03, 6.000000238E-01, 6.952311176E-03, 6.094940074E-03, 5.966666667E-01, 1.795699249E-07, 0.000000000E+00, 2.891736568E+02, 4.130423217E+02, 8.546255764E-01, 2.588324551E+01, 2.588324555E+01, 1.160747372E+05
      1063, 7.784059271E-03, 5.202168133E-03, 6.000000238E-01, 7.786654290E-03, 5.198364054E-03, 5.966666667E-01, 1.550528610E-07, 0.000000000E+00, 2.619425529E+02, 4.193071599E+02, 8.418566769E-01, 2.480745521E+01, 2.480745524E+01, 1.224414696E+05
      1064, 8.480075747E-03, 4.182763863E-03, 6.000000238E-01, 8.482239820E-03, 4.178405407E-03, 5.966666667E-01, 1.352713025E-07, 0.000000000E+00, 2.365068196E+02, 4.254282516E+02, 8.297439836E-01, 2.372937921E+01, 2.372937923E+01, 1.286674247E+05
      1065, 9.031775407E-03, 3.066404955E-03, 6.000000238E-01, 9.033023194E-03, 3.062824504E-03, 5.966666667E-01, 1.174163845E-07, 0.000000000E+00, 2.101875216E+02, 4.320973178E+02, 8.169375687E-01, 2.252723076E+01, 2.252723078E+01, 1.354567127E+05
      1066, 9.429111145E-03, 1.875824411E-03, 6.000000238E-01, 9.429600941E-03, 1.873571942E-03, 5.966666667E-01, 1.006492001E-07, 0.000000000E+00, 1.815465940E+02, 4.398131422E+02, 8.026056940E-01, 2.109900486E+01, 2.109900488E+01, 1.433193980E+05
      1067, 9.661988355E-03, 6.333484198E-04, 6.000000238E-01, 9.662075361E-03, 6.325869569E-04, 5.966666667E-01, 8.502529593E-08, 0.000000000E+00, 1.504544769E+02, 4.488602447E+02, 7.864285965E-01, 1.937145957E+01, 1.937145958E+01, 1.525493165E+05
      1068, 9.723053314E-03,-6.373366923E-04, 6.000000238E-01, 9.723128476E-03,-6.365744783E-04, 5.966666667E-01, 7.076694123E-08, 0.000000000E+00, 1.176410236E+02, 4.594021910E+02, 7.683823438E-01, 1.728170257E+01, 1.728170257E+01, 1.633205089E+05
      1069, 9.608823806E-03,-1.911442145E-03, 6.000000238E-01, 9.609284356E-03,-1.909183781E-03, 5.966666667E-01, 5.802915980E-08, 0.000000000E+00, 8.485919072E+01, 4.713957057E+02, 7.488327280E-01, 1.479524755E+01, 1.479524756E+01, 1.755991312E+05
      1070, 9.319853038E-03,-3.163828049E-03, 6.000000238E-01, 9.321069208E-03,-3.160236928E-03, 5.966666667E-01, 4.689060813E-08, 0.000000000E+00, 5.491401781E+01, 4.844365752E+02, 7.286744030E-01, 1.194837739E+01, 1.194837739E+01, 1.889793881E+05
      1071, 8.860534057E-03,-4.369693808E-03, 6.000000238E-01, 8.862677618E-03,-4.365325162E-03, 5.966666667E-01, 3.741666925E-08, 0.000000000E+00, 3.160313974E+01, 4.973303716E+02, 7.097827771E-01, 8.993246688E+00, 8.993246689E+00, 2.022388400E+05
      1072, 8.238917217E-03,-5.505185109E-03, 6.000000238E-01, 8.241470760E-03,-5.501352824E-03, 5.966666667E-01, 2.971833269E-08, 0.000000000E+00, 1.695197383E+01, 5.084410870E+02, 6.942722397E-01, 6.362313077E+00, 6.362313077E+00, 2.136893606E+05
      1073, 6.185510196E-03, 7.052678149E-03, 6.000000238E-01, 6.184083530E-03, 7.054083136E-03, 5.966666667E-01, 1.506923174E-07, 0.000000000E+00, 2.571177918E+02, 4.204559552E+02, 8.395565051E-01, 2.460898050E+01, 2.460898053E+01, 1.236095455E+05
      1074, 5.266154185E-03, 7.880109362E-03, 6.000000238E-01, 5.262335456E-03, 7.882681769E-03, 5.966666667E-01, 1.298208147E-07, 0.000000000E+00, 2.297567989E+02, 4.271152301E+02, 8.264667410E-01, 2.343034411E+01, 2.343034413E+01, 1.303842256E+05
      1075, 4.226726945E-03, 8.569554426E-03, 6.000000238E-01, 4.222361841E-03, 8.571704354E-03, 5.966666667E-01, 1.130588402E-07, 0.000000000E+00, 2.040026564E+02, 4.337237341E+02, 8.138741428E-01, 2.223032137E+01, 2.223032139E+01, 1.371133924E+05
      1076, 3.093888052E-03, 9.113042615E-03, 6.000000238E-01, 3.090302661E-03, 9.114275393E-03, 5.966666667E-01, 9.798562009E-08, 0.000000000E+00, 1.772902114E+02, 4.410089775E+02, 8.004293570E-01, 2.087445150E+01, 2.087445151E+01, 1.445387405E+05
      1077, 1.890008454E-03, 9.500677697E-03, 6.000000238E-01, 1.887753006E-03, 9.501153047E-03, 5.966666667E-01, 8.387634497E-08, 0.000000000E+00, 1.483924821E+02, 4.494906559E+02, 7.853256294E-01, 1.924912823E+01, 1.924912824E+01, 1.531928936E+05
      1078, 6.373366923E-04, 9.723053314E-03, 6.000000238E-01, 6.365744783E-04, 9.723128476E-03, 5.966666667E-01, 7.076694123E-08, 0.000000000E+00, 1.176410236E+02, 4.594021910E+02, 7.683823438E-01, 1.728170257E+01, 1.728170257E+01, 1.633205089E+05
      1079,-6.406353205E-04, 9.773558937E-03, 6.000000238E-01,-6.398725871E-04, 9.773625966E-03, 5.966666667E-01, 5.883376113E-08, 0.000000000E+00, 8.651010123E+01, 4.707438725E+02, 7.498696274E-01, 1.493318739E+01, 1.493318739E+01, 1.749311373E+05
      1080,-1.919467119E-03, 9.649314918E-03, 6.000000238E-01,-1.917207842E-03, 9.649770629E-03, 5.966666667E-01, 4.819680034E-08, 0.000000000E+00, 5.743095837E+01, 4.832234949E+02, 7.305036614E-01, 1.221874055E+01, 1.221874055E+01, 1.877334461E+05
      1081,-3.174464218E-03, 9.351304732E-03, 6.000000238E-01,-3.170873334E-03, 9.352520785E-03, 5.966666667E-01, 3.891295142E-08, 0.000000000E+00, 3.386643763E+01, 4.958923244E+02, 7.118410891E-01, 9.327596764E+00, 9.327596765E+00, 2.007585284E+05
      1082,-4.381332546E-03, 8.884223178E-03, 6.000000238E-01,-4.376965094E-03, 8.886368374E-03, 5.966666667E-01, 3.102911749E-08, 0.000000000E+00, 1.827623133E+01, 5.072450735E+02, 6.959092374E-01, 6.647565013E+00, 6.647565013E+00, 2.124555906E+05
      1083,-5.516772624E-03, 8.256311528E-03, 6.000000238E-01,-5.512941629E-03, 8.258866716E-03, 5.966666667E-01, 2.463118475E-08, 0.000000000E+00, 9.667302394E+00, 5.163883349E+02, 6.835873478E-01, 4.449566580E+00, 4.449566580E+00, 2.218947585E+05
      1084,-6.559224799E-03, 7.479334250E-03, 6.000000238E-01,-6.557722250E-03, 7.480653373E-03, 5.966666667E-01, 1.979665898E-08, 0.000000000E+00, 5.504555143E+00, 5.232720925E+02, 6.745946083E-01, 2.778634999E+00, 2.778634999E+00, 2.290123301E+05
      1085,-7.489766460E-03, 6.568362005E-03, 6.000000238E-01,-7.491085390E-03, 6.566859797E-03, 5.966666667E-01, 1.639619388E-08, 0.000000000E+00, 3.665766409E+00, 5.284483444E+02, 6.679868260E-01, 1.513835300E+00, 1.513835300E+00, 2.343706413E+05
      1086,-8.292438462E-03, 5.540839862E-03, 6.000000238E-01,-8.294997101E-03, 5.537010900E-03, 5.966666667E-01, 1.399643445E-08, 0.000000000E+00, 2.978643287E+00, 5.326328551E+02, 6.627389371E-01, 4.862866331E-01, 4.862866331E-01, 2.387062468E+05
      1087, 6.534818560E-03,-7.451470941E-03, 6.000000238E-01, 6.533316761E-03,-7.452790481E-03, 5.966666667E-01, 2.883231921E-08, 0.000000000E+00, 1.609028751E+01, 5.092508102E+02, 6.931683273E-01, 6.169037288E+00, 6.169037288E+00, 2.145248080E+05
      1088, 5.516772624E-03,-8.256311528E-03, 6.000000238E-01, 5.512941629E-03,-8.258866716E-03, 5.966666667E-01, 2.463118475E-08, 0.000000000E+00, 9.667302394E+00, 5.163883349E+02, 6.835873478E-01, 4.449566580E+00, 4.449566580E+00, 2.218947585E+05
      1089, 4.398920573E-03,-8.920019493E-03, 6.000000238E-01, 4.394554939E-03,-8.922168987E-03, 5.966666667E-01, 2.131110749E-08, 0.000000000E+00, 5.932776672E+00, 5.223765863E+02, 6.757510607E-01, 2.995953164E+00, 2.995953164E+00, 2.280858708E+05
      1090, 3.201532643E-03,-9.431344457E-03, 6.000000238E-01, 3.197942209E-03,-9.432562745E-03, 5.966666667E-01, 1.836444110E-08, 0.000000000E+00, 3.862731850E+00, 5.276994753E+02, 6.689347797E-01, 1.696628996E+00, 1.696628996E+00, 2.335951015E+05
      1091, 1.945563476E-03,-9.780986235E-03, 6.000000238E-01, 1.943303088E-03,-9.781437039E-03, 5.966666667E-01, 1.563795677E-08, 0.000000000E+00, 2.997562681E+00, 5.324027777E+02, 6.630253392E-01, 5.430115704E-01, 5.430115704E-01, 2.384677708E+05
      1092, 7.451470941E-03,-6.534818560E-03, 6.000000238E-01, 7.452790481E-03,-6.533316761E-03, 5.966666667E-01, 2.883231921E-08, 0.000000000E+00, 1.609028751E+01, 5.092508102E+02, 6.931683273E-01, 6.169037288E+00, 6.169037288E+00, 2.145248080E+05
      1093, 7.052678149E-03, 6.185510661E-03, 6.000000238E-01, 7.054083136E-03, 6.184083530E-03, 5.966666667E-01, 1.506923174E-07, 0.000000000E+00, 2.571177918E+02, 4.204559552E+02, 8.395565051E-01, 2.460898050E+01, 2.460898053E+01, 1.236095455E+05
      1094, 7.880108431E-03, 5.266154185E-03, 6.000000238E-01, 7.882681769E-03, 5.262335456E-03, 5.966666667E-01, 1.298208147E-07, 0.000000000E+00, 2.297567989E+02, 4.271152301E+02, 8.264667410E-01, 2.343034411E+01, 2.343034413E+01, 1.303842256E+05
      1095, 8.569554426E-03, 4.226726945E-03, 6.000000238E-01, 8.571704354E-03, 4.222361841E-03, 5.966666667E-01, 1.130588402E-07, 0.000000000E+00, 2.040026564E+02, 4.337237341E+02, 8.138741428E-01, 2.223032137E+01, 2.223032139E+01, 1.371133924E+05
      1096, 9.113042615E-03, 3.093888052E-03, 6.000000238E-01, 9.114275393E-03, 3.090302661E-03, 5.966666667E-01, 9.798562009E-08, 0.000000000E+00, 1.772902114E+02, 4.410089775E+02, 8.004293570E-01, 2.087445150E+01, 2.087445151E+01, 1.445387405E+05
      1097, 9.500677697E-03, 1.890008338E-03, 6.000000238E-01, 9.501153047E-03, 1.887753006E-03, 5.966666667E-01, 8.387634497E-08, 0.000000000E+00, 1.483924821E+02, 4.494906559E+02, 7.853256294E-01, 1.924912823E+01, 1.924912824E+01, 1.531928936E+05
      1098, 9.723053314E-03, 6.373366923E-04, 6.000000238E-01, 9.723128476E-03, 6.365744783E-04, 5.966666667E-01, 7.076694123E-08, 0.000000000E+00, 1.176410236E+02, 4.594021910E+02, 7.683823438E-01, 1.728170257E+01, 1.728170257E+01, 1.633205089E+05
      1099, 9.773558937E-03,-6.406353787E-04, 6.000000238E-01, 9.773625966E-03,-6.398725871E-04, 5.966666667E-01, 5.883376113E-08, 0.000000000E+00, 8.651010123E+01, 4.707438725E+02, 7.498696274E-01, 1.493318739E+01, 1.493318739E+01, 1.749311373E+05
      1100, 9.649314918E-03,-1.919467119E-03, 6.000000238E-01, 9.649770629E-03,-1.917207842E-03, 5.966666667E-01, 4.819680034E-08, 0.000000000E+00, 5.743095837E+01, 4.832234949E+02, 7.305036614E-01, 1.221874055E+01, 1.221874055E+01, 1.877334461E+05
      1101, 9.351304732E-03,-3.174464218E-03, 6.000000238E-01, 9.352520785E-03,-3.170873334E-03, 5.966666667E-01, 3.891295142E-08, 0.000000000E+00, 3.386643763E+01, 4.958923244E+02, 7.118410891E-01, 9.327596764E+00, 9.327596765E+00, 2.007585284E+05
      1102, 8.884223178E-03,-4.381332546E-03, 6.000000238E-01, 8.886368374E-03,-4.376965094E-03, 5.966666667E-01, 3.102911749E-08, 0.000000000E+00, 1.827623133E+01, 5.072450735E+02, 6.959092374E-01, 6.647565013E+00, 6.647565013E+00, 2.124555906E+05
      1103, 8.256312460E-03,-5.516772624E-03, 6.000000238E-01, 8.258866716E-03,-5.512941629E-03, 5.966666667E-01, 2.463118475E-08, 0.000000000E+00, 9.667302394E+00, 5.163883349E+02, 6.835873478E-01, 4.449566580E+00, 4.449566580E+00, 2.218947585E+05
      1104, 6.259271875E-03, 7.136888802E-03, 6.000000238E-01, 6.257818662E-03, 7.138263953E-03, 5.966666667E-01, 1.261214138E-07, 0.000000000E+00, 2.250008062E+02, 4.283180069E+02, 8.241459071E-01, 2.321605093E+01, 2.321605095E+01, 1.316085084E+05
      1105, 5.319076125E-03, 7.959549315E-03, 6.000000238E-01, 5.315248510E-03, 7.962109559E-03, 5.966666667E-01, 1.084527402E-07, 0.000000000E+00, 1.973576564E+02, 4.355029815E+02, 8.105490600E-01, 2.190474022E+01, 2.190474024E+01, 1.389261713E+05
      1106, 4.263088107E-03, 8.643560112E-03, 6.000000238E-01, 4.258719374E-03, 8.645702847E-03, 5.966666667E-01, 9.431491804E-08, 0.000000000E+00, 1.712504761E+02, 4.427288066E+02, 7.973200005E-01, 2.054973150E+01, 2.054973151E+01, 1.462927282E+05
      1107, 3.116618609E-03, 9.180256166E-03, 6.000000238E-01, 3.113030388E-03, 9.181480693E-03, 5.966666667E-01, 8.163899926E-08, 0.000000000E+00, 1.443106489E+02, 4.507501447E+02, 7.831312678E-01, 1.900374612E+01, 1.900374613E+01, 1.544788641E+05
      1108, 1.901739626E-03, 9.559868835E-03, 6.000000238E-01, 1.899482356E-03, 9.560334761E-03, 5.966666667E-01, 6.980432592E-08, 0.000000000E+00, 1.157329360E+02, 4.600555647E+02, 7.672910826E-01, 1.714958321E+01, 1.714958322E+01, 1.639887476E+05
      1109, 6.406353787E-04, 9.773558937E-03, 6.000000238E-01, 6.398725871E-04, 9.773625966E-03, 5.966666667E-01, 5.883376113E-08, 0.000000000E+00, 8.651010123E+01, 4.707438725E+02, 7.498696274E-01, 1.493318739E+01, 1.493318739E+01, 1.749311373E+05
      1110,-6.433635717E-04, 9.815330617E-03, 6.000000238E-01,-6.426004594E-04, 9.815392538E-03, 5.966666667E-01, 4.886804409E-08, 0.000000000E+00, 5.873221908E+01, 4.826065935E+02, 7.314374420E-01, 1.235578193E+01, 1.235578193E+01, 1.870999349E+05
      1111,-1.926104189E-03, 9.682803415E-03, 6.000000238E-01,-1.923844518E-03, 9.683256701E-03, 5.966666667E-01, 4.000079683E-08, 0.000000000E+00, 3.555528172E+01, 4.948531590E+02, 7.133359176E-01, 9.568554108E+00, 9.568554109E+00, 1.996890537E+05
      1112,-3.183261491E-03, 9.377317503E-03, 6.000000238E-01,-3.179670627E-03, 9.378534151E-03, 5.966666667E-01, 3.227349030E-08, 0.000000000E+00, 1.953965395E+01, 5.061505082E+02, 6.974141615E-01, 6.907848801E+00, 6.907848801E+00, 2.113267221E+05
      1113,-4.390958697E-03, 8.903815411E-03, 6.000000238E-01,-4.386592356E-03, 8.905962741E-03, 5.966666667E-01, 2.572000984E-08, 0.000000000E+00, 1.030551319E+01, 5.155529794E+02, 6.846949710E-01, 4.650948281E+00, 4.650948282E+00, 2.210316741E+05
      1114,-5.526356865E-03, 8.270698600E-03, 6.000000238E-01,-5.522526575E-03, 8.273254679E-03, 5.966666667E-01, 2.040734664E-08, 0.000000000E+00, 5.673250290E+00, 5.229108447E+02, 6.750606453E-01, 2.866273842E+00, 2.866273842E+00, 2.286385765E+05
      1115,-6.568362471E-03, 7.489766926E-03, 6.000000238E-01,-6.566859797E-03, 7.491085390E-03, 5.966666667E-01, 1.639619388E-08, 0.000000000E+00, 3.665766409E+00, 5.284483444E+02, 6.679868260E-01, 1.513835300E+00, 1.513835300E+00, 2.343706413E+05
      1116,-7.498394698E-03, 6.575920153E-03, 6.000000238E-01,-7.499713542E-03, 6.574417313E-03, 5.966666667E-01, 1.357653491E-08, 0.000000000E+00, 2.974010391E+00, 5.326938331E+02, 6.626630728E-01, 4.714504849E-01, 4.714504849E-01, 2.387694525E+05
      1117, 6.548176520E-03,-7.466720883E-03, 6.000000238E-01, 6.546674358E-03,-7.468040382E-03, 5.966666667E-01, 2.389533636E-08, 0.000000000E+00, 9.252699236E+00, 5.169530602E+02, 6.828405893E-01, 4.313432192E+00, 4.313432193E+00, 2.224783084E+05
      1118, 5.526356865E-03,-8.270698600E-03, 6.000000238E-01, 5.522526575E-03,-8.273254679E-03, 5.966666667E-01, 2.040734664E-08, 0.000000000E+00, 5.673250290E+00, 5.229108447E+02, 6.750606453E-01, 2.866273842E+00, 2.866273842E+00, 2.286385765E+05
      1119, 4.405505490E-03,-8.933422156E-03, 6.000000238E-01, 4.401140675E-03,-8.935572936E-03, 5.966666667E-01, 1.765238712E-08, 0.000000000E+00, 3.790521063E+00, 5.279634889E+02, 6.686002720E-01, 1.632030012E+00, 1.632030012E+00, 2.338685050E+05
      1120, 3.205648856E-03,-9.443516843E-03, 6.000000238E-01, 3.202058951E-03,-9.444735845E-03, 5.966666667E-01, 1.520840476E-08, 0.000000000E+00, 2.992493473E+00, 5.324617710E+02, 6.629518803E-01, 5.283424487E-01, 5.283424487E-01, 2.385289165E+05
      1121, 7.466720883E-03,-6.548176520E-03, 6.000000238E-01, 7.468040382E-03,-6.546674358E-03, 5.966666667E-01, 2.389533636E-08, 0.000000000E+00, 9.252699236E+00, 5.169530602E+02, 6.828405893E-01, 4.313432192E+00, 4.313432193E+00, 2.224783084E+05
      1122, 7.136888802E-03, 6.259271875E-03, 6.000000238E-01, 7.138263953E-03, 6.257818662E-03, 5.966666667E-01, 1.261214138E-07, 0.000000000E+00, 2.250008062E+02, 4.283180069E+02, 8.241459071E-01, 2.321605093E+01, 2.321605095E+01, 1.316085084E+05
      1123, 7.959549315E-03, 5.319075659E-03, 6.000000238E-01, 7.962109559E-03, 5.315248510E-03, 5.966666667E-01, 1.084527402E-07, 0.000000000E+00, 1.973576564E+02, 4.355029815E+02, 8.105490600E-01, 2.190474022E+01, 2.190474024E+01, 1.389261713E+05
      1124, 8.643560112E-03, 4.263088573E-03, 6.000000238E-01, 8.645702847E-03, 4.258719374E-03, 5.966666667E-01, 9.431491804E-08, 0.000000000E+00, 1.712504761E+02, 4.427288066E+02, 7.973200005E-01, 2.054973150E+01, 2.054973151E+01, 1.462927282E+05
      1125, 9.180256166E-03, 3.116618609E-03, 6.000000238E-01, 9.181480693E-03, 3.113030388E-03, 5.966666667E-01, 8.163899926E-08, 0.000000000E+00, 1.443106489E+02, 4.507501447E+02, 7.831312678E-01, 1.900374612E+01, 1.900374613E+01, 1.544788641E+05
      1126, 9.559868835E-03, 1.901739626E-03, 6.000000238E-01, 9.560334761E-03, 1.899482356E-03, 5.966666667E-01, 6.980432592E-08, 0.000000000E+00, 1.157329360E+02, 4.600555647E+02, 7.672910826E-01, 1.714958321E+01, 1.714958322E+01, 1.639887476E+05
      1127, 9.773558937E-03, 6.406353205E-04, 6.000000238E-01, 9.773625966E-03, 6.398725871E-04, 5.966666667E-01, 5.883376113E-08, 0.000000000E+00, 8.651010123E+01, 4.707438725E+02, 7.498696274E-01, 1.493318739E+01, 1.493318739E+01, 1.749311373E+05
      1128, 9.815330617E-03,-6.433635717E-04, 6.000000238E-01, 9.815392538E-03,-6.426004594E-04, 5.966666667E-01, 4.886804409E-08, 0.000000000E+00, 5.873221908E+01, 4.826065935E+02, 7.314374420E-01, 1.235578193E+01, 1.235578193E+01, 1.870999349E+05
      1129, 9.682803415E-03,-1.926104305E-03, 6.000000238E-01, 9.683256701E-03,-1.923844518E-03, 5.966666667E-01, 4.000079683E-08, 0.000000000E+00, 3.555528172E+01, 4.948531590E+02, 7.133359176E-01, 9.568554108E+00, 9.568554109E+00, 1.996890537E+05
      1130, 9.377318434E-03,-3.183261491E-03, 6.000000238E-01, 9.378534151E-03,-3.179670627E-03, 5.966666667E-01, 3.227349030E-08, 0.000000000E+00, 1.953965395E+01, 5.061505082E+02, 6.974141615E-01, 6.907848801E+00, 6.907848801E+00, 2.113267221E+05
      1131, 8.903815411E-03,-4.390958697E-03, 6.000000238E-01, 8.905962741E-03,-4.386592356E-03, 5.966666667E-01, 2.572000984E-08, 0.000000000E+00, 1.030551319E+01, 5.155529794E+02, 6.846949710E-01, 4.650948281E+00, 4.650948282E+00, 2.210316741E+05
      1132, 8.270698600E-03,-5.526356865E-03, 6.000000238E-01, 8.273254679E-03,-5.522526575E-03, 5.966666667E-01, 2.040734664E-08, 0.000000000E+00, 5.673250290E+00, 5.229108447E+02, 6.750606453E-01, 2.866273842E+00, 2.866273842E+00, 2.286385765E+05
      1133, 6.320277695E-03, 7.206537295E-03, 6.000000238E-01, 6.318807676E-03, 7.207892974E-03, 5.966666667E-01, 1.053295046E-07, 0.000000000E+00, 1.926782652E+02, 4.367730054E+02, 8.081921911E-01, 2.167110304E+01, 2.167110305E+01, 1.402204010E+05
      1134, 5.362845957E-03, 8.025253192E-03, 6.000000238E-01, 5.359014192E-03, 8.027806228E-03, 5.966666667E-01, 9.043819386E-08, 0.000000000E+00, 1.647685717E+02, 4.446123377E+02, 7.939422780E-01, 2.019304707E+01, 2.019304708E+01, 1.482141445E+05
      1135, 4.293161444E-03, 8.704768494E-03, 6.000000238E-01, 4.288791309E-03, 8.706908260E-03, 5.966666667E-01, 7.855743457E-08, 0.000000000E+00, 1.385393496E+02, 4.525589606E+02, 7.800011998E-01, 1.864920839E+01, 1.864920840E+01, 1.563262039E+05
      1136, 3.135418519E-03, 9.235847741E-03, 6.000000238E-01, 3.131828757E-03, 9.237066982E-03, 5.966666667E-01, 6.793036436E-08, 0.000000000E+00, 1.119739106E+02, 4.613569602E+02, 7.651267083E-01, 1.688531516E+01, 1.688531517E+01, 1.653199803E+05
      1137, 1.911442145E-03, 9.608823806E-03, 6.000000238E-01, 1.909183781E-03, 9.609284356E-03, 5.966666667E-01, 5.802915980E-08, 0.000000000E+00, 8.485919072E+01, 4.713957057E+02, 7.488327280E-01, 1.479524755E+01, 1.479524756E+01, 1.755991312E+05
      1138, 6.433635717E-04, 9.815330617E-03, 6.000000238E-01, 6.426004594E-04, 9.815392538E-03, 5.966666667E-01, 4.886804409E-08, 0.000000000E+00, 5.873221908E+01, 4.826065935E+02, 7.314374420E-01, 1.235578193E+01, 1.235578193E+01, 1.870999349E+05
      1139,-6.456200499E-04, 9.849879891E-03, 6.000000238E-01,-6.448566755E-04, 9.849937562E-03, 5.966666667E-01, 4.055991859E-08, 0.000000000E+00, 3.643793661E+01, 4.943205750E+02, 7.141044701E-01, 9.691800075E+00, 9.691800076E+00, 1.991410111E+05
      1140,-1.931593637E-03, 9.710500948E-03, 6.000000238E-01,-1.929333669E-03, 9.710952810E-03, 5.966666667E-01, 3.317836907E-08, 0.000000000E+00, 2.049158850E+01, 5.053538430E+02, 6.985136002E-01, 7.097133460E+00, 7.097133461E+00, 2.105052405E+05
      1141,-3.190537449E-03, 9.398832917E-03, 6.000000238E-01,-3.186946779E-03, 9.400049543E-03, 5.966666667E-01, 2.675387571E-08, 0.000000000E+00, 1.091592141E+01, 5.147873870E+02, 6.857132502E-01, 4.835288160E+00, 4.835288160E+00, 2.202407910E+05
      1142,-4.398920573E-03, 8.920019493E-03, 6.000000238E-01,-4.394554939E-03, 8.922168987E-03, 5.966666667E-01, 2.131110749E-08, 0.000000000E+00, 5.932776672E+00, 5.223765863E+02, 6.757510607E-01, 2.995953164E+00, 2.995953164E+00, 2.280858708E+05
      1143,-5.534283351E-03, 8.282598108E-03, 6.000000238E-01,-5.530454140E-03, 8.285154748E-03, 5.966666667E-01, 1.690270549E-08, 0.000000000E+00, 3.714945248E+00, 5.282526776E+02, 6.682342508E-01, 1.561502877E+00, 1.561502877E+00, 2.341679951E+05
      1144,-6.575920153E-03, 7.498394698E-03, 6.000000238E-01,-6.574417313E-03, 7.499713542E-03, 5.966666667E-01, 1.357653491E-08, 0.000000000E+00, 2.974010391E+00, 5.326938331E+02, 6.626630728E-01, 4.714504849E-01, 4.714504849E-01, 2.387694525E+05
      1145, 6.559224799E-03,-7.479334250E-03, 6.000000238E-01, 6.557722250E-03,-7.480653373E-03, 5.966666667E-01, 1.979665898E-08, 0.000000000E+00, 5.504555143E+00, 5.232720925E+02, 6.745946083E-01, 2.778634999E+00, 2.778634999E+00, 2.290123301E+05
      1146, 5.534283351E-03,-8.282598108E-03, 6.000000238E-01, 5.530454140E-03,-8.285154748E-03, 5.966666667E-01, 1.690270549E-08, 0.000000000E+00, 3.714945248E+00, 5.282526776E+02, 6.682342508E-01, 1.561502877E+00, 1.561502877E+00, 2.341679951E+05
      1147, 4.410951864E-03,-8.944506757E-03, 6.000000238E-01, 4.406587631E-03,-8.946659126E-03, 5.966666667E-01, 1.461798511E-08, 0.000000000E+00, 2.985726497E+00, 5.325429006E+02, 6.628508837E-01, 5.082362998E-01, 5.082362998E-01, 2.386130074E+05
      1148, 7.479334250E-03,-6.559224799E-03, 6.000000238E-01, 7.480653373E-03,-6.557722250E-03, 5.966666667E-01, 1.979665898E-08, 0.000000000E+00, 5.504555143E+00, 5.232720925E+02, 6.745946083E-01, 2.778634999E+00, 2.778634999E+00, 2.290123301E+05
      1149, 7.206537295E-03, 6.320278160E-03, 6.000000238E-01, 7.207892974E-03, 6.318807676E-03, 5.966666667E-01, 1.053295046E-07, 0.000000000E+00, 1.926782652E+02, 4.367730054E+02, 8.081921911E-01, 2.167110304E+01, 2.167110305E+01, 1.402204010E+05
      1150, 8.025253192E-03, 5.362845957E-03, 6.000000238E-01, 8.027806228E-03, 5.359014192E-03, 5.966666667E-01, 9.043819386E-08, 0.000000000E+00, 1.647685717E+02, 4.446123377E+02, 7.939422780E-01, 2.019304707E+01, 2.019304708E+01, 1.482141445E+05
      1151, 8.704768494E-03, 4.293161444E-03, 6.000000238E-01, 8.706908260E-03, 4.288791309E-03, 5.966666667E-01, 7.855743457E-08, 0.000000000E+00, 1.385393496E+02, 4.525589606E+02, 7.800011998E-01, 1.864920839E+01, 1.864920840E+01, 1.563262039E+05
      1152, 9.235847741E-03, 3.135418752E-03, 6.000000238E-01, 9.237066982E-03, 3.131828757E-03, 5.966666667E-01, 6.793036436E-08, 0.000000000E+00, 1.119739106E+02, 4.613569602E+02, 7.651267083E-01, 1.688531516E+01, 1.688531517E+01, 1.653199803E+05
      1153, 9.608824737E-03, 1.911442261E-03, 6.000000238E-01, 9.609284356E-03, 1.909183781E-03, 5.966666667E-01, 5.802915980E-08, 0.000000000E+00, 8.485919072E+01, 4.713957057E+02, 7.488327280E-01, 1.479524755E+01, 1.479524756E+01, 1.755991312E+05
      1154, 9.815330617E-03, 6.433635717E-04, 6.000000238E-01, 9.815392538E-03, 6.426004594E-04, 5.966666667E-01, 4.886804409E-08, 0.000000000E+00, 5.873221908E+01, 4.826065935E+02, 7.314374420E-01, 1.235578193E+01, 1.235578193E+01, 1.870999349E+05
      1155, 9.849879891E-03,-6.456200499E-04, 6.000000238E-01, 9.849937562E-03,-6.448566755E-04, 5.966666667E-01, 4.055991859E-08, 0.000000000E+00, 3.643793661E+01, 4.943205750E+02, 7.141044701E-01, 9.691800075E+00, 9.691800076E+00, 1.991410111E+05
      1156, 9.710500948E-03,-1.931593637E-03, 6.000000238E-01, 9.710952810E-03,-1.929333669E-03, 5.966666667E-01, 3.317836907E-08, 0.000000000E+00, 2.049158850E+01, 5.053538430E+02, 6.985136002E-01, 7.097133460E+00, 7.097133461E+00, 2.105052405E+05
      1157, 9.398832917E-03,-3.190537449E-03, 6.000000238E-01, 9.400049543E-03,-3.186946779E-03, 5.966666667E-01, 2.675387571E-08, 0.000000000E+00, 1.091592141E+01, 5.147873870E+02, 6.857132502E-01, 4.835288160E+00, 4.835288160E+00, 2.202407910E+05
      1158, 8.920019493E-03,-4.398920573E-03, 6.000000238E-01, 8.922168987E-03,-4.394554939E-03, 5.966666667E-01, 2.131110749E-08, 0.000000000E+00, 5.932776672E+00, 5.223765863E+02, 6.757510607E-01, 2.995953164E+00, 2.995953164E+00, 2.280858708E+05
      1159, 8.282597177E-03,-5.534283351E-03, 6.000000238E-01, 8.285154748E-03,-5.530454140E-03, 5.966666667E-01, 1.690270549E-08, 0.000000000E+00, 3.714945248E+00, 5.282526776E+02, 6.682342508E-01, 1.561502877E+00, 1.561502877E+00, 2.341679951E+05
      1160, 6.370734889E-03, 7.264142390E-03, 6.000000238E-01, 6.369253202E-03, 7.265484863E-03, 5.966666667E-01, 8.781156800E-08, 0.000000000E+00, 1.602160654E+02, 4.459561024E+02, 7.915499538E-01, 1.993711359E+01, 1.993711360E+01, 1.495852411E+05
      1161, 5.399047397E-03, 8.079594932E-03, 6.000000238E-01, 5.395213461E-03, 8.082144953E-03, 5.966666667E-01, 7.530516763E-08, 0.000000000E+00, 1.323644145E+02, 4.545390499E+02, 7.766033135E-01, 1.825956694E+01, 1.825956695E+01, 1.583491400E+05
      1162, 4.318034742E-03, 8.755392395E-03, 6.000000238E-01, 4.313664092E-03, 8.757531837E-03, 5.966666667E-01, 6.535047198E-08, 0.000000000E+00, 1.066982632E+02, 4.632175158E+02, 7.620535066E-01, 1.650507100E+01, 1.650507101E+01, 1.672237227E+05
      1163, 3.150967648E-03, 9.281825274E-03, 6.000000238E-01, 3.147376986E-03, 9.283042693E-03, 5.966666667E-01, 5.646317080E-08, 0.000000000E+00, 8.163155951E+01, 4.726872323E+02, 7.467866871E-01, 1.452083406E+01, 1.452083406E+01, 1.769229039E+05
      1164, 1.919467119E-03, 9.649314918E-03, 6.000000238E-01, 1.917207842E-03, 9.649770629E-03, 5.966666667E-01, 4.819680034E-08, 0.000000000E+00, 5.743095837E+01, 4.832234949E+02, 7.305036614E-01, 1.221874055E+01, 1.221874055E+01, 1.877334461E+05
      1165, 6.456200499E-04, 9.849879891E-03, 6.000000238E-01, 6.448566755E-04, 9.849937562E-03, 5.966666667E-01, 4.055991859E-08, 0.000000000E+00, 3.643793661E+01, 4.943205750E+02, 7.141044701E-01, 9.691800075E+00, 9.691800076E+00, 1.991410111E+05
      1166,-6.474863039E-04, 9.878453799E-03, 6.000000238E-01,-6.467227778E-04, 9.878509538E-03, 5.966666667E-01, 3.364350892E-08, 0.000000000E+00, 2.099239228E+01, 5.049435406E+02, 6.990811921E-01, 7.194539511E+00, 7.194539511E+00, 2.100822064E+05
      1167,-1.936133835E-03, 9.733409621E-03, 6.000000238E-01,-1.933873693E-03, 9.733859999E-03, 5.966666667E-01, 2.750580093E-08, 0.000000000E+00, 1.137694808E+01, 5.142290509E+02, 6.864577792E-01, 4.969738442E+00, 4.969738442E+00, 2.196640848E+05
      1168,-3.196555423E-03, 9.416626766E-03, 6.000000238E-01,-3.192964794E-03, 9.417844658E-03, 5.966666667E-01, 2.216939136E-08, 0.000000000E+00, 6.180919030E+00, 5.218874647E+02, 6.763843858E-01, 3.114726814E+00, 3.114726814E+00, 2.275799105E+05
      1169,-4.405505490E-03, 8.933422156E-03, 6.000000238E-01,-4.401140675E-03, 8.935572936E-03, 5.966666667E-01, 1.765238712E-08, 0.000000000E+00, 3.790521063E+00, 5.279634889E+02, 6.686002720E-01, 1.632030012E+00, 1.632030012E+00, 2.338685050E+05
      1170,-5.540839862E-03, 8.292438462E-03, 6.000000238E-01,-5.537010900E-03, 8.294997101E-03, 5.966666667E-01, 1.399643445E-08, 0.000000000E+00, 2.978643287E+00, 5.326328551E+02, 6.627389371E-01, 4.862866331E-01, 4.862866331E-01, 2.387062468E+05
      1171, 6.568362471E-03,-7.489766926E-03, 6.000000238E-01, 6.566859797E-03,-7.491085390E-03, 5.966666667E-01, 1.639619388E-08, 0.000000000E+00, 3.665766409E+00, 5.284483444E+02, 6.679868260E-01, 1.513835300E+00, 1.513835300E+00, 2.343706413E+05
      1172, 5.540839862E-03,-8.292438462E-03, 6.000000238E-01, 5.537010900E-03,-8.294997101E-03, 5.966666667E-01, 1.399643445E-08, 0.000000000E+00, 2.978643287E+00, 5.326328551E+02, 6.627389371E-01, 4.862866331E-01, 4.862866331E-01, 2.387062468E+05
      1173, 7.489766460E-03,-6.568362005E-03, 6.000000238E-01, 7.491085390E-03,-6.566859797E-03, 5.966666667E-01, 1.639619388E-08, 0.000000000E+00, 3.665766409E+00, 5.284483444E+02, 6.679868260E-01, 1.513835300E+00, 1.513835300E+00, 2.343706413E+05
      1174, 7.264141925E-03, 6.370734889E-03, 6.000000238E-01, 7.265484863E-03, 6.369253202E-03, 5.966666667E-01, 8.781156800E-08, 0.000000000E+00, 1.602160654E+02, 4.459561024E+02, 7.915499538E-01, 1.993711359E+01, 1.993711360E+01, 1.495852411E+05
      1175, 8.079594932E-03, 5.399047397E-03, 6.000000238E-01, 8.082144953E-03, 5.395213461E-03, 5.966666667E-01, 7.530516763E-08, 0.000000000E+00, 1.323644145E+02, 4.545390499E+02, 7.766033135E-01, 1.825956694E+01, 1.825956695E+01, 1.583491400E+05
      1176, 8.755392395E-03, 4.318034276E-03, 6.000000238E-01, 8.757531837E-03, 4.313664092E-03, 5.966666667E-01, 6.535047198E-08, 0.000000000E+00, 1.066982632E+02, 4.632175158E+02, 7.620535066E-01, 1.650507100E+01, 1.650507101E+01, 1.672237227E+05
      1177, 9.281825274E-03, 3.150967648E-03, 6.000000238E-01, 9.283042693E-03, 3.147376986E-03, 5.966666667E-01, 5.646317080E-08, 0.000000000E+00, 8.163155951E+01, 4.726872323E+02, 7.467866871E-01, 1.452083406E+01, 1.452083406E+01, 1.769229039E+05
      1178, 9.649314918E-03, 1.919467119E-03, 6.000000238E-01, 9.649770629E-03, 1.917207842E-03, 5.966666667E-01, 4.819680034E-08, 0.000000000E+00, 5.743095837E+01, 4.832234949E+02, 7.305036614E-01, 1.221874055E+01, 1.221874055E+01, 1.877334461E+05
      1179, 9.849879891E-03, 6.456200499E-04, 6.000000238E-01, 9.849937562E-03, 6.448566755E-04, 5.966666667E-01, 4.055991859E-08, 0.000000000E+00, 3.643793661E+01, 4.943205750E+02, 7.141044701E-01, 9.691800075E+00, 9.691800076E+00, 1.991410111E+05
      1180, 9.878453799E-03,-6.474863039E-04, 6.000000238E-01, 9.878509538E-03,-6.467227778E-04, 5.966666667E-01, 3.364350892E-08, 0.000000000E+00, 2.099239228E+01, 5.049435406E+02, 6.990811921E-01, 7.194539511E+00, 7.194539511E+00, 2.100822064E+05
      1181, 9.733408689E-03,-1.936133835E-03, 6.000000238E-01, 9.733859999E-03,-1.933873693E-03, 5.966666667E-01, 2.750580093E-08, 0.000000000E+00, 1.137694808E+01, 5.142290509E+02, 6.864577792E-01, 4.969738442E+00, 4.969738442E+00, 2.196640848E+05
      1182, 9.416626766E-03,-3.196555190E-03, 6.000000238E-01, 9.417844658E-03,-3.192964794E-03, 5.966666667E-01, 2.216939136E-08, 0.000000000E+00, 6.180919030E+00, 5.218874647E+02, 6.763843858E-01, 3.114726814E+00, 3.114726814E+00, 2.275799105E+05
      1183, 8.933422156E-03,-4.405505490E-03, 6.000000238E-01, 8.935572936E-03,-4.401140675E-03, 5.966666667E-01, 1.765238712E-08, 0.000000000E+00, 3.790521063E+00, 5.279634889E+02, 6.686002720E-01, 1.632030012E+00, 1.632030012E+00, 2.338685050E+05
      1184, 8.292438462E-03,-5.540839862E-03, 6.000000238E-01, 8.294997101E-03,-5.537010900E-03, 5.966666667E-01, 1.399643445E-08, 0.000000000E+00, 2.978643287E+00, 5.326328551E+02, 6.627389371E-01, 4.862866331E-01, 4.862866331E-01, 2.387062468E+05
      1185, 6.412466522E-03, 7.311786059E-03, 6.000000238E-01, 6.410977487E-03, 7.313120018E-03, 5.966666667E-01, 7.310300995E-08, 0.000000000E+00, 1.280530822E+02, 4.559471884E+02, 7.742048668E-01, 1.798073911E+01, 1.798073911E+01, 1.597881784E+05
      1186, 5.428988952E-03, 8.124539629E-03, 6.000000238E-01, 5.425154172E-03, 8.127088957E-03, 5.966666667E-01, 6.262918632E-08, 0.000000000E+00, 1.010666130E+02, 4.652553374E+02, 7.587157071E-01, 1.608633337E+01, 1.608633338E+01, 1.693095605E+05
      1187, 4.338606261E-03, 8.797262795E-03, 6.000000238E-01, 4.334236457E-03, 8.799402774E-03, 5.966666667E-01, 5.430805761E-08, 0.000000000E+00, 7.715639174E+01, 4.745183735E+02, 7.439048769E-01, 1.412938286E+01, 1.412938286E+01, 1.788002787E+05
      1188, 3.163828049E-03, 9.319853038E-03, 6.000000238E-01, 3.160236928E-03, 9.321069208E-03, 5.966666667E-01, 4.689060813E-08, 0.000000000E+00, 5.491401781E+01, 4.844365752E+02, 7.286744030E-01, 1.194837739E+01, 1.194837739E+01, 1.889793881E+05
      1189, 1.926104305E-03, 9.682803415E-03, 6.000000238E-01, 1.923844518E-03, 9.683256701E-03, 5.966666667E-01, 4.000079683E-08, 0.000000000E+00, 3.555528172E+01, 4.948531590E+02, 7.133359176E-01, 9.568554108E+00, 9.568554109E+00, 1.996890537E+05
      1190, 6.474863039E-04, 9.878453799E-03, 6.000000238E-01, 6.467227778E-04, 9.878509538E-03, 5.966666667E-01, 3.364350892E-08, 0.000000000E+00, 2.099239228E+01, 5.049435406E+02, 6.990811921E-01, 7.194539511E+00, 7.194539511E+00, 2.100822064E+05
      1191,-6.490298547E-04, 9.902087972E-03, 6.000000238E-01,-6.482662141E-04, 9.902141157E-03, 5.966666667E-01, 2.789235651E-08, 0.000000000E+00, 1.161992162E+01, 5.139410667E+02, 6.868424322E-01, 5.039069694E+00, 5.039069694E+00, 2.193666498E+05
      1192,-1.939888927E-03, 9.752355516E-03, 6.000000238E-01,-1.937628694E-03, 9.752806264E-03, 5.966666667E-01, 2.279369991E-08, 0.000000000E+00, 6.368263064E+00, 5.215307868E+02, 6.768469690E-01, 3.201393132E+00, 3.201393132E+00, 2.272109837E+05
      1193,-3.201532643E-03, 9.431344457E-03, 6.000000238E-01,-3.197942209E-03, 9.432562745E-03, 5.966666667E-01, 1.836444110E-08, 0.000000000E+00, 3.862731850E+00, 5.276994753E+02, 6.689347797E-01, 1.696628996E+00, 1.696628996E+00, 2.335951015E+05
      1194,-4.410951864E-03, 8.944506757E-03, 6.000000238E-01,-4.406587631E-03, 8.946659126E-03, 5.966666667E-01, 1.461798511E-08, 0.000000000E+00, 2.985726497E+00, 5.325429006E+02, 6.628508837E-01, 5.082362998E-01, 5.082362998E-01, 2.386130074E+05
      1195, 6.575920153E-03,-7.498394698E-03, 6.000000238E-01, 6.574417313E-03,-7.499713542E-03, 5.966666667E-01, 1.357653491E-08, 0.000000000E+00, 2.974010391E+00, 5.326938331E+02, 6.626630728E-01, 4.714504849E-01, 4.714504849E-01, 2.387694525E+05
      1196, 7.498394698E-03,-6.575920153E-03, 6.000000238E-01, 7.499713542E-03,-6.574417313E-03, 5.966666667E-01, 1.357653491E-08, 0.000000000E+00, 2.974010391E+00, 5.326938331E+02, 6.626630728E-01, 4.714504849E-01, 4.714504849E-01, 2.387694525E+05
      1197, 7.311786059E-03, 6.412466988E-03, 6.000000238E-01, 7.313120018E-03, 6.410977487E-03, 5.966666667E-01, 7.310300995E-08, 0.000000000E+00, 1.280530822E+02, 4.559471884E+02, 7.742048668E-01, 1.798073911E+01, 1.798073911E+01, 1.597881784E+05
      1198, 8.124539629E-03, 5.428988487E-03, 6.000000238E-01, 8.127088957E-03, 5.425154172E-03, 5.966666667E-01, 6.262918632E-08, 0.000000000E+00, 1.010666130E+02, 4.652553374E+02, 7.587157071E-01, 1.608633337E+01, 1.608633338E+01, 1.693095605E+05
      1199, 8.797262795E-03, 4.338606726E-03, 6.000000238E-01, 8.799402774E-03, 4.334236457E-03, 5.966666667E-01, 5.430805761E-08, 0.000000000E+00, 7.715639174E+01, 4.745183735E+02, 7.439048769E-01, 1.412938286E+01, 1.412938286E+01, 1.788002787E+05
      1200, 9.319853038E-03, 3.163827816E-03, 6.000000238E-01, 9.321069208E-03, 3.160236928E-03, 5.966666667E-01, 4.689060813E-08, 0.000000000E+00, 5.491401781E+01, 4.844365752E+02, 7.286744030E-01, 1.194837739E+01, 1.194837739E+01, 1.889793881E+05
      1201, 9.682803415E-03, 1.926104189E-03, 6.000000238E-01, 9.683256701E-03, 1.923844518E-03, 5.966666667E-01, 4.000079683E-08, 0.000000000E+00, 3.555528172E+01, 4.948531590E+02, 7.133359176E-01, 9.568554108E+00, 9.568554109E+00, 1.996890537E+05
      1202, 9.878453799E-03, 6.474863039E-04, 6.000000238E-01, 9.878509538E-03, 6.467227778E-04, 5.966666667E-01, 3.364350892E-08, 0.000000000E+00, 2.099239228E+01, 5.049435406E+02, 6.990811921E-01, 7.194539511E+00, 7.194539511E+00, 2.100822064E+05
      1203, 9.902087972E-03,-6.490298547E-04, 6.000000238E-01, 9.902141157E-03,-6.482662141E-04, 5.966666667E-01, 2.789235651E-08, 0.000000000E+00, 1.161992162E+01, 5.139410667E+02, 6.868424322E-01, 5.039069694E+00, 5.039069694E+00, 2.193666498E+05
      1204, 9.752355516E-03,-1.939888927E-03, 6.000000238E-01, 9.752806264E-03,-1.937628694E-03, 5.966666667E-01, 2.279369991E-08, 0.000000000E+00, 6.368263064E+00, 5.215307868E+02, 6.768469690E-01, 3.201393132E+00, 3.201393132E+00, 2.272109837E+05
      1205, 9.431344457E-03,-3.201532410E-03, 6.000000238E-01, 9.432562745E-03,-3.197942209E-03, 5.966666667E-01, 1.836444110E-08, 0.000000000E+00, 3.862731850E+00, 5.276994753E+02, 6.689347797E-01, 1.696628996E+00, 1.696628996E+00, 2.335951015E+05
      1206, 8.944506757E-03,-4.410951864E-03, 6.000000238E-01, 8.946659126E-03,-4.406587631E-03, 5.966666667E-01, 1.461798511E-08, 0.000000000E+00, 2.985726497E+00, 5.325429006E+02, 6.628508837E-01, 5.082362998E-01, 5.082362998E-01, 2.386130074E+05
      1207, 6.446982268E-03, 7.351191249E-03, 6.000000238E-01, 6.445487996E-03, 7.352519457E-03, 5.966666667E-01, 6.078749115E-08, 0.000000000E+00, 9.717511330E+01, 4.666947365E+02, 7.563756449E-01, 1.578862231E+01, 1.578862232E+01, 1.707833260E+05
      1208, 5.453752819E-03, 8.161713369E-03, 6.000000238E-01, 5.449918207E-03, 8.164262253E-03, 5.966666667E-01, 5.203585803E-08, 0.000000000E+00, 7.232487550E+01, 4.765505047E+02, 7.407326794E-01, 1.369119120E+01, 1.369119120E+01, 1.808844248E+05
      1209, 4.355621058E-03, 8.831892163E-03, 6.000000238E-01, 4.351251833E-03, 8.834034170E-03, 5.966666667E-01, 4.509356319E-08, 0.000000000E+00, 5.148357332E+01, 4.861357417E+02, 7.261275030E-01, 1.156786198E+01, 1.156786198E+01, 1.907250293E+05
      1210, 3.174464218E-03, 9.351304732E-03, 6.000000238E-01, 3.170873334E-03, 9.352520785E-03, 5.966666667E-01, 3.891295142E-08, 0.000000000E+00, 3.386643763E+01, 4.958923244E+02, 7.118410891E-01, 9.327596764E+00, 9.327596765E+00, 2.007585284E+05
      1211, 1.931593637E-03, 9.710500948E-03, 6.000000238E-01, 1.929333669E-03, 9.710952810E-03, 5.966666667E-01, 3.317836907E-08, 0.000000000E+00, 2.049158850E+01, 5.053538430E+02, 6.985136002E-01, 7.097133460E+00, 7.097133461E+00, 2.105052405E+05
      1212, 6.490298547E-04, 9.902087972E-03, 6.000000238E-01, 6.482662141E-04, 9.902141157E-03, 5.966666667E-01, 2.789235651E-08, 0.000000000E+00, 1.161992162E+01, 5.139410667E+02, 6.868424322E-01, 5.039069694E+00, 5.039069694E+00, 2.193666498E+05
      1213,-6.503064651E-04, 9.921634570E-03, 6.000000238E-01,-6.495427723E-04, 9.921686597E-03, 5.966666667E-01, 2.311467607E-08, 0.000000000E+00, 6.466982561E+00, 5.213468019E+02, 6.770858304E-01, 3.246098121E+00, 3.246098121E+00, 2.270206903E+05
      1214,-1.942994655E-03, 9.768025950E-03, 6.000000238E-01,-1.940734403E-03, 9.768476459E-03, 5.966666667E-01, 1.888243994E-08, 0.000000000E+00, 3.917186532E+00, 5.275070812E+02, 6.691787558E-01, 1.743762037E+00, 1.743762037E+00, 2.333958734E+05
      1215,-3.205648856E-03, 9.443516843E-03, 6.000000238E-01,-3.202058951E-03, 9.444735845E-03, 5.966666667E-01, 1.520840476E-08, 0.000000000E+00, 2.992493473E+00, 5.324617710E+02, 6.629518803E-01, 5.283424487E-01, 5.283424487E-01, 2.385289165E+05
      1216, 7.351191249E-03, 6.446982268E-03, 6.000000238E-01, 7.352519457E-03, 6.445487996E-03, 5.966666667E-01, 6.078749115E-08, 0.000000000E+00, 9.717511330E+01, 4.666947365E+02, 7.563756449E-01, 1.578862231E+01, 1.578862232E+01, 1.707833260E+05
      1217, 8.161712438E-03, 5.453752819E-03, 6.000000238E-01, 8.164262253E-03, 5.449918207E-03, 5.966666667E-01, 5.203585803E-08, 0.000000000E+00, 7.232487550E+01, 4.765505047E+02, 7.407326794E-01, 1.369119120E+01, 1.369119120E+01, 1.808844248E+05
      1218, 8.831892163E-03, 4.355621058E-03, 6.000000238E-01, 8.834034170E-03, 4.351251833E-03, 5.966666667E-01, 4.509356319E-08, 0.000000000E+00, 5.148357332E+01, 4.861357417E+02, 7.261275030E-01, 1.156786198E+01, 1.156786198E+01, 1.907250293E+05
      1219, 9.351304732E-03, 3.174464218E-03, 6.000000238E-01, 9.352520785E-03, 3.170873334E-03, 5.966666667E-01, 3.891295142E-08, 0.000000000E+00, 3.386643763E+01, 4.958923244E+02, 7.118410891E-01, 9.327596764E+00, 9.327596765E+00, 2.007585284E+05
      1220, 9.710500948E-03, 1.931593637E-03, 6.000000238E-01, 9.710952810E-03, 1.929333669E-03, 5.966666667E-01, 3.317836907E-08, 0.000000000E+00, 2.049158850E+01, 5.053538430E+02, 6.985136002E-01, 7.097133460E+00, 7.097133461E+00, 2.105052405E+05
      1221, 9.902087972E-03, 6.490298547E-04, 6.000000238E-01, 9.902141157E-03, 6.482662141E-04, 5.966666667E-01, 2.789235651E-08, 0.000000000E+00, 1.161992162E+01, 5.139410667E+02, 6.868424322E-01, 5.039069694E+00, 5.039069694E+00, 2.193666498E+05
      1222, 9.921633638E-03,-6.503064651E-04, 6.000000238E-01, 9.921686597E-03,-6.495427723E-04, 5.966666667E-01, 2.311467607E-08, 0.000000000E+00, 6.466982561E+00, 5.213468019E+02, 6.770858304E-01, 3.246098121E+00, 3.246098121E+00, 2.270206903E+05
      1223, 9.768025950E-03,-1.942994655E-03, 6.000000238E-01, 9.768476459E-03,-1.940734403E-03, 5.966666667E-01, 1.888243994E-08, 0.000000000E+00, 3.917186532E+00, 5.275070812E+02, 6.691787558E-01, 1.743762037E+00, 1.743762037E+00, 2.333958734E+05
      1224, 9.443516843E-03,-3.205649089E-03, 6.000000238E-01, 9.444735845E-03,-3.202058951E-03, 5.966666667E-01, 1.520840476E-08, 0.000000000E+00, 2.992493473E+00, 5.324617710E+02, 6.629518803E-01, 5.283424487E-01, 5.283424487E-01, 2.385289165E+05
      1225, 6.475529168E-03, 7.383781951E-03, 6.000000238E-01, 6.474031730E-03, 7.385106838E-03, 5.966666667E-01, 5.049871962E-08, 0.000000000E+00, 6.903580384E+01, 4.779713636E+02, 7.385307137E-01, 1.338283576E+01, 1.338283576E+01, 1.823420938E+05
      1226, 5.474234466E-03, 8.192457259E-03, 6.000000238E-01, 5.470400487E-03, 8.195008205E-03, 5.966666667E-01, 4.319958081E-08, 0.000000000E+00, 4.778512036E+01, 4.880278584E+02, 7.233122581E-01, 1.114043798E+01, 1.114043798E+01, 1.926695098E+05
      1227, 4.369693808E-03, 8.860534057E-03, 6.000000238E-01, 4.365325162E-03, 8.862677618E-03, 5.966666667E-01, 3.741666925E-08, 0.000000000E+00, 3.160313974E+01, 4.973303716E+02, 7.097827771E-01, 8.993246688E+00, 8.993246689E+00, 2.022388400E+05
      1228, 3.183261491E-03, 9.377318434E-03, 6.000000238E-01, 3.179670627E-03, 9.378534151E-03, 5.966666667E-01, 3.227349030E-08, 0.000000000E+00, 1.953965395E+01, 5.061505082E+02, 6.974141615E-01, 6.907848801E+00, 6.907848801E+00, 2.113267221E+05
      1229, 1.936133835E-03, 9.733408689E-03, 6.000000238E-01, 1.933873693E-03, 9.733859999E-03, 5.966666667E-01, 2.750580093E-08, 0.000000000E+00, 1.137694808E+01, 5.142290509E+02, 6.864577792E-01, 4.969738442E+00, 4.969738442E+00, 2.196640848E+05
      1230, 6.503064651E-04, 9.921633638E-03, 6.000000238E-01, 6.495427723E-04, 9.921686597E-03, 5.966666667E-01, 2.311467607E-08, 0.000000000E+00, 6.466982561E+00, 5.213468019E+02, 6.770858304E-01, 3.246098121E+00, 3.246098121E+00, 2.270206903E+05
      1231,-6.513623521E-04, 9.937800467E-03, 6.000000238E-01,-6.505985964E-04, 9.937852367E-03, 5.966666667E-01, 1.914877724E-08, 0.000000000E+00, 3.945864987E+00, 5.274078596E+02, 6.693046489E-01, 1.768073512E+00, 1.768073512E+00, 2.332931302E+05
      1232,-1.945563476E-03, 9.780986235E-03, 6.000000238E-01,-1.943303088E-03, 9.781437039E-03, 5.966666667E-01, 1.563795677E-08, 0.000000000E+00, 2.997562681E+00, 5.324027777E+02, 6.630253392E-01, 5.430115704E-01, 5.430115704E-01, 2.384677708E+05
      1233, 7.383781951E-03, 6.475529168E-03, 6.000000238E-01, 7.385106838E-03, 6.474031730E-03, 5.966666667E-01, 5.049871962E-08, 0.000000000E+00, 6.903580384E+01, 4.779713636E+02, 7.385307137E-01, 1.338283576E+01, 1.338283576E+01, 1.823420938E+05
      1234, 8.192458190E-03, 5.474234000E-03, 6.000000238E-01, 8.195008205E-03, 5.470400487E-03, 5.966666667E-01, 4.319958080E-08, 0.000000000E+00, 4.778512036E+01, 4.880278584E+02, 7.233122581E-01, 1.114043798E+01, 1.114043798E+01, 1.926695098E+05
      1235, 8.860534057E-03, 4.369693808E-03, 6.000000238E-01, 8.862677618E-03, 4.365325162E-03, 5.966666667E-01, 3.741666925E-08, 0.000000000E+00, 3.160313974E+01, 4.973303716E+02, 7.097827771E-01, 8.993246688E+00, 8.993246689E+00, 2.022388400E+05
      1236, 9.377317503E-03, 3.183261491E-03, 6.000000238E-01, 9.378534151E-03, 3.179670627E-03, 5.966666667E-01, 3.227349030E-08, 0.000000000E+00, 1.953965395E+01, 5.061505082E+02, 6.974141615E-01, 6.907848801E+00, 6.907848801E+00, 2.113267221E+05
      1237, 9.733409621E-03, 1.936133835E-03, 6.000000238E-01, 9.733859999E-03, 1.933873693E-03, 5.966666667E-01, 2.750580093E-08, 0.000000000E+00, 1.137694808E+01, 5.142290509E+02, 6.864577792E-01, 4.969738442E+00, 4.969738442E+00, 2.196640848E+05
      1238, 9.921634570E-03, 6.503064651E-04, 6.000000238E-01, 9.921686597E-03, 6.495427723E-04, 5.966666667E-01, 2.311467607E-08, 0.000000000E+00, 6.466982561E+00, 5.213468019E+02, 6.770858304E-01, 3.246098121E+00, 3.246098121E+00, 2.270206903E+05
      1239, 9.937800467E-03,-6.513623521E-04, 6.000000238E-01, 9.937852367E-03,-6.505985964E-04, 5.966666667E-01, 1.914877724E-08, 0.000000000E+00, 3.945864987E+00, 5.274078596E+02, 6.693046489E-01, 1.768073512E+00, 1.768073512E+00, 2.332931302E+05
      1240, 9.780986235E-03,-1.945563359E-03, 6.000000238E-01, 9.781437039E-03,-1.943303088E-03, 5.966666667E-01, 1.563795677E-08, 0.000000000E+00, 2.997562681E+00, 5.324027777E+02, 6.630253392E-01, 5.430115704E-01, 5.430115704E-01, 2.384677708E+05
      1241, 6.499139592E-03, 7.410737220E-03, 6.000000238E-01, 6.497640196E-03, 7.412059797E-03, 5.966666667E-01, 4.191873041E-08, 0.000000000E+00, 4.531584499E+01, 4.893330921E+02, 7.213829147E-01, 1.084412735E+01, 1.084412735E+01, 1.940112411E+05
      1242, 5.491174292E-03, 8.217886090E-03, 6.000000238E-01, 5.487341261E-03, 8.220438001E-03, 5.966666667E-01, 3.584014529E-08, 0.000000000E+00, 2.920622822E+01, 4.989128532E+02, 7.075314456E-01, 8.623221218E+00, 8.623221219E+00, 2.038682610E+05
      1243, 4.381332546E-03, 8.884223178E-03, 6.000000238E-01, 4.376965094E-03, 8.886368374E-03, 5.966666667E-01, 3.102911749E-08, 0.000000000E+00, 1.827623133E+01, 5.072450735E+02, 6.959092374E-01, 6.647565013E+00, 6.647565013E+00, 2.124555906E+05
      1244, 3.190537449E-03, 9.398832917E-03, 6.000000238E-01, 3.186946779E-03, 9.400049543E-03, 5.966666667E-01, 2.675387571E-08, 0.000000000E+00, 1.091592141E+01, 5.147873870E+02, 6.857132502E-01, 4.835288160E+00, 4.835288160E+00, 2.202407910E+05
      1245, 1.939888927E-03, 9.752355516E-03, 6.000000238E-01, 1.937628694E-03, 9.752806264E-03, 5.966666667E-01, 2.279369991E-08, 0.000000000E+00, 6.368263064E+00, 5.215307868E+02, 6.768469690E-01, 3.201393132E+00, 3.201393132E+00, 2.272109837E+05
      1246, 6.513623521E-04, 9.937800467E-03, 6.000000238E-01, 6.505985964E-04, 9.937852367E-03, 5.966666667E-01, 1.914877724E-08, 0.000000000E+00, 3.945864987E+00, 5.274078596E+02, 6.693046489E-01, 1.768073512E+00, 1.768073512E+00, 2.332931302E+05
      1247,-6.522356416E-04, 9.951171465E-03, 6.000000238E-01,-6.514718526E-04, 9.951222830E-03, 5.966666667E-01, 1.585883018E-08, 0.000000000E+00, 3.000227113E+00, 5.323723638E+02, 6.630632172E-01, 5.505776457E-01, 5.505776457E-01, 2.384362475E+05
      1248, 7.410737686E-03, 6.499139592E-03, 6.000000238E-01, 7.412059797E-03, 6.497640196E-03, 5.966666667E-01, 4.191873041E-08, 0.000000000E+00, 4.531584499E+01, 4.893330921E+02, 7.213829147E-01, 1.084412735E+01, 1.084412735E+01, 1.940112411E+05
      1249, 8.217886090E-03, 5.491174292E-03, 6.000000238E-01, 8.220438001E-03, 5.487341261E-03, 5.966666667E-01, 3.584014529E-08, 0.000000000E+00, 2.920622822E+01, 4.989128532E+02, 7.075314456E-01, 8.623221218E+00, 8.623221219E+00, 2.038682610E+05
      1250, 8.884223178E-03, 4.381332546E-03, 6.000000238E-01, 8.886368374E-03, 4.376965094E-03, 5.966666667E-01, 3.102911749E-08, 0.000000000E+00, 1.827623133E+01, 5.072450735E+02, 6.959092374E-01, 6.647565013E+00, 6.647565013E+00, 2.124555906E+05
      1251, 9.398832917E-03, 3.190537449E-03, 6.000000238E-01, 9.400049543E-03, 3.186946779E-03, 5.966666667E-01, 2.675387571E-08, 0.000000000E+00, 1.091592141E+01, 5.147873870E+02, 6.857132502E-01, 4.835288160E+00, 4.835288160E+00, 2.202407910E+05
      1252, 9.752355516E-03, 1.939888927E-03, 6.000000238E-01, 9.752806264E-03, 1.937628694E-03, 5.966666667E-01, 2.279369991E-08, 0.000000000E+00, 6.368263064E+00, 5.215307868E+02, 6.768469690E-01, 3.201393132E+00, 3.201393132E+00, 2.272109837E+05
      1253, 9.937800467E-03, 6.513623521E-04, 6.000000238E-01, 9.937852367E-03, 6.505985964E-04, 5.966666667E-01, 1.914877724E-08, 0.000000000E+00, 3.945864987E+00, 5.274078596E+02, 6.693046489E-01, 1.768073512E+00, 1.768073512E+00, 2.332931302E+05
      1254, 9.951171465E-03,-6.522356416E-04, 6.000000238E-01, 9.951222830E-03,-6.514718526E-04, 5.966666667E-01, 1.585883018E-08, 0.000000000E+00, 3.000227113E+00, 5.323723638E+02, 6.630632172E-01, 5.505776457E-01, 5.505776457E-01, 2.384362475E+05
      1255, 6.518667564E-03, 7.433031686E-03, 6.000000238E-01, 6.517166624E-03, 7.434352435E-03, 5.966666667E-01, 3.477427203E-08, 0.000000000E+00, 2.763336890E+01, 4.999910025E+02, 7.060057691E-01, 8.370468099E+00, 8.370468100E+00, 2.049786483E+05
      1256, 5.505185109E-03, 8.238917217E-03, 6.000000238E-01, 5.501352824E-03, 8.241470760E-03, 5.966666667E-01, 2.971833269E-08, 0.000000000E+00, 1.695197383E+01, 5.084410870E+02, 6.942722397E-01, 6.362313077E+00, 6.362313077E+00, 2.136893606E+05
      1257, 4.390958697E-03, 8.903815411E-03, 6.000000238E-01, 4.386592356E-03, 8.905962741E-03, 5.966666667E-01, 2.572000984E-08, 0.000000000E+00, 1.030551319E+01, 5.155529794E+02, 6.846949710E-01, 4.650948281E+00, 4.650948282E+00, 2.210316741E+05
      1258, 3.196555190E-03, 9.416626766E-03, 6.000000238E-01, 3.192964794E-03, 9.417844658E-03, 5.966666667E-01, 2.216939136E-08, 0.000000000E+00, 6.180919030E+00, 5.218874647E+02, 6.763843858E-01, 3.114726814E+00, 3.114726814E+00, 2.275799105E+05
      1259, 1.942994655E-03, 9.768025950E-03, 6.000000238E-01, 1.940734403E-03, 9.768476459E-03, 5.966666667E-01, 1.888243994E-08, 0.000000000E+00, 3.917186532E+00, 5.275070812E+02, 6.691787558E-01, 1.743762037E+00, 1.743762037E+00, 2.333958734E+05
      1260, 6.522356416E-04, 9.951171465E-03, 6.000000238E-01, 6.514718526E-04, 9.951222830E-03, 5.966666667E-01, 1.585883018E-08, 0.000000000E+00, 3.000227113E+00, 5.323723638E+02, 6.630632172E-01, 5.505776457E-01, 5.505776457E-01, 2.384362475E+05
      1261, 7.433031686E-03, 6.518667564E-03, 6.000000238E-01, 7.434352435E-03, 6.517166624E-03, 5.966666667E-01, 3.477427203E-08, 0.000000000E+00, 2.763336890E+01, 4.999910025E+02, 7.060057691E-01, 8.370468099E+00, 8.370468100E+00, 2.049786483E+05
      1262, 8.238918148E-03, 5.505184643E-03, 6.000000238E-01, 8.241470760E-03, 5.501352824E-03, 5.966666667E-01, 2.971833269E-08, 0.000000000E+00, 1.695197383E+01, 5.084410870E+02, 6.942722397E-01, 6.362313077E+00, 6.362313077E+00, 2.136893606E+05
      1263, 8.903815411E-03, 4.390958697E-03, 6.000000238E-01, 8.905962741E-03, 4.386592356E-03, 5.966666667E-01, 2.572000984E-08, 0.000000000E+00, 1.030551319E+01, 5.155529794E+02, 6.846949710E-01, 4.650948281E+00, 4.650948282E+00, 2.210316741E+05
      1264, 9.416626766E-03, 3.196555423E-03, 6.000000238E-01, 9.417844658E-03, 3.192964794E-03, 5.966666667E-01, 2.216939136E-08, 0.000000000E+00, 6.180919030E+00, 5.218874647E+02, 6.763843858E-01, 3.114726814E+00, 3.114726814E+00, 2.275799105E+05
      1265, 9.768025950E-03, 1.942994655E-03, 6.000000238E-01, 9.768476459E-03, 1.940734403E-03, 5.966666667E-01, 1.888243994E-08, 0.000000000E+00, 3.917186532E+00, 5.275070812E+02, 6.691787558E-01, 1.743762037E+00, 1.743762037E+00, 2.333958734E+05
      1266, 9.951171465E-03, 6.522356416E-04, 6.000000238E-01, 9.951222830E-03, 6.514718526E-04, 5.966666667E-01, 1.585883018E-08, 0.000000000E+00, 3.000227113E+00, 5.323723638E+02, 6.630632172E-01, 5.505776457E-01, 5.505776457E-01, 2.384362475E+05
      1267, 6.534818560E-03, 7.451470941E-03, 6.000000238E-01, 6.533316761E-03, 7.452790481E-03, 5.966666667E-01, 2.883231921E-08, 0.000000000E+00, 1.609028751E+01, 5.092508102E+02, 6.931683273E-01, 6.169037288E+00, 6.169037288E+00, 2.145248080E+05
      1268, 5.516772624E-03, 8.256312460E-03, 6.000000238E-01, 5.512941629E-03, 8.258866716E-03, 5.966666667E-01, 2.463118475E-08, 0.000000000E+00, 9.667302394E+00, 5.163883349E+02, 6.835873478E-01, 4.449566580E+00, 4.449566580E+00, 2.218947585E+05
      1269, 4.398920573E-03, 8.920019493E-03, 6.000000238E-01, 4.394554939E-03, 8.922168987E-03, 5.966666667E-01, 2.131110749E-08, 0.000000000E+00, 5.932776672E+00, 5.223765863E+02, 6.757510607E-01, 2.995953164E+00, 2.995953164E+00, 2.280858708E+05
      1270, 3.201532410E-03, 9.431344457E-03, 6.000000238E-01, 3.197942209E-03, 9.432562745E-03, 5.966666667E-01, 1.836444110E-08, 0.000000000E+00, 3.862731850E+00, 5.276994753E+02, 6.689347797E-01, 1.696628996E+00, 1.696628996E+00, 2.335951015E+05
      1271, 1.945563359E-03, 9.780986235E-03, 6.000000238E-01, 1.943303088E-03, 9.781437039E-03, 5.966666667E-01, 1.563795677E-08, 0.000000000E+00, 2.997562681E+00, 5.324027777E+02, 6.630253392E-01, 5.430115704E-01, 5.430115704E-01, 2.384677708E+05
      1272, 7.451470941E-03, 6.534818560E-03, 6.000000238E-01, 7.452790481E-03, 6.533316761E-03, 5.966666667E-01, 2.883231921E-08, 0.000000000E+00, 1.609028751E+01, 5.092508102E+02, 6.931683273E-01, 6.169037288E+00, 6.169037288E+00, 2.145248080E+05
      1273, 8.256311528E-03, 5.516772624E-03, 6.000000238E-01, 8.258866716E-03, 5.512941629E-03, 5.966666667E-01, 2.463118475E-08, 0.000000000E+00, 9.667302394E+00, 5.163883349E+02, 6.835873478E-01, 4.449566580E+00, 4.449566580E+00, 2.218947585E+05
      1274, 8.920019493E-03, 4.398920573E-03, 6.000000238E-01, 8.922168987E-03, 4.394554939E-03, 5.966666667E-01, 2.131110749E-08, 0.000000000E+00, 5.932776672E+00, 5.223765863E+02, 6.757510607E-01, 2.995953164E+00, 2.995953164E+00, 2.280858708E+05
      1275, 9.431344457E-03, 3.201532643E-03, 6.000000238E-01, 9.432562745E-03, 3.197942209E-03, 5.966666667E-01, 1.836444110E-08, 0.000000000E+00, 3.862731850E+00, 5.276994753E+02, 6.689347797E-01, 1.696628996E+00, 1.696628996E+00, 2.335951015E+05
      1276, 9.780986235E-03, 1.945563476E-03, 6.000000238E-01, 9.781437039E-03, 1.943303088E-03, 5.966666667E-01, 1.563795677E-08, 0.000000000E+00, 2.997562681E+00, 5.324027777E+02, 6.630253392E-01, 5.430115704E-01, 5.430115704E-01, 2.384677708E+05
      1277, 6.548176520E-03, 7.466720883E-03, 6.000000238E-01, 6.546674358E-03, 7.468040382E-03, 5.966666667E-01, 2.389533636E-08, 0.000000000E+00, 9.252699236E+00, 5.169530602E+02, 6.828405893E-01, 4.313432192E+00, 4.313432193E+00, 2.224783084E+05
      1278, 5.526356865E-03, 8.270698600E-03, 6.000000238E-01, 5.522526575E-03, 8.273254679E-03, 5.966666667E-01, 2.040734664E-08, 0.000000000E+00, 5.673250290E+00, 5.229108447E+02, 6.750606453E-01, 2.866273842E+00, 2.866273842E+00, 2.286385765E+05
      1279, 4.405505490E-03, 8.933422156E-03, 6.000000238E-01, 4.401140675E-03, 8.935572936E-03, 5.966666667E-01, 1.765238712E-08, 0.000000000E+00, 3.790521063E+00, 5.279634889E+02, 6.686002720E-01, 1.632030012E+00, 1.632030012E+00, 2.338685050E+05
      1280, 3.205649089E-03, 9.443516843E-03, 6.000000238E-01, 3.202058951E-03, 9.444735845E-03, 5.966666667E-01, 1.520840476E-08, 0.000000000E+00, 2.992493473E+00, 5.324617710E+02, 6.629518803E-01, 5.283424487E-01, 5.283424487E-01, 2.385289165E+05
      1281, 7.466720883E-03, 6.548176520E-03, 6.000000238E-01, 7.468040382E-03, 6.546674358E-03, 5.966666667E-01, 2.389533636E-08, 0.000000000E+00, 9.252699236E+00, 5.169530602E+02, 6.828405893E-01, 4.313432192E+00, 4.313432193E+00, 2.224783084E+05
      1282, 8.270698600E-03, 5.526356865E-03, 6.000000238E-01, 8.273254679E-03, 5.522526575E-03, 5.966666667E-01, 2.040734664E-08, 0.000000000E+00, 5.673250290E+00, 5.229108447E+02, 6.750606453E-01, 2.866273842E+00, 2.866273842E+00, 2.286385765E+05
      1283, 8.933422156E-03, 4.405505490E-03, 6.000000238E-01, 8.935572936E-03, 4.401140675E-03, 5.966666667E-01, 1.765238712E-08, 0.000000000E+00, 3.790521063E+00, 5.279634889E+02, 6.686002720E-01, 1.632030012E+00, 1.632030012E+00, 2.338685050E+05
      1284, 9.443516843E-03, 3.205648856E-03, 6.000000238E-01, 9.444735845E-03, 3.202058951E-03, 5.966666667E-01, 1.520840476E-08, 0.000000000E+00, 2.992493473E+00, 5.324617710E+02, 6.629518803E-01, 5.283424487E-01, 5.283424487E-01, 2.385289165E+05
      1285, 6.559224799E-03, 7.479334250E-03, 6.000000238E-01, 6.557722250E-03, 7.480653373E-03, 5.966666667E-01, 1.979665898E-08, 0.000000000E+00, 5.504555143E+00, 5.232720925E+02, 6.745946083E-01, 2.778634999E+00, 2.778634999E+00, 2.290123301E+05
      1286, 5.534283351E-03, 8.282597177E-03, 6.000000238E-01, 5.530454140E-03, 8.285154748E-03, 5.966666667E-01, 1.690270549E-08, 0.000000000E+00, 3.714945248E+00, 5.282526776E+02, 6.682342508E-01, 1.561502877E+00, 1.561502877E+00, 2.341679951E+05
      1287, 4.410951864E-03, 8.944506757E-03, 6.000000238E-01, 4.406587631E-03, 8.946659126E-03, 5.966666667E-01, 1.461798511E-08, 0.000000000E+00, 2.985726497E+00, 5.325429006E+02, 6.628508837E-01, 5.082362998E-01, 5.082362998E-01, 2.386130074E+05
      1288, 7.479334250E-03, 6.559224799E-03, 6.000000238E-01, 7.480653373E-03, 6.557722250E-03, 5.966666667E-01, 1.979665898E-08, 0.000000000E+00, 5.504555143E+00, 5.232720925E+02, 6.745946083E-01, 2.778634999E+00, 2.778634999E+00, 2.290123301E+05
      1289, 8.282598108E-03, 5.534283351E-03, 6.000000238E-01, 8.285154748E-03, 5.530454140E-03, 5.966666667E-01, 1.690270549E-08, 0.000000000E+00, 3.714945248E+00, 5.282526776E+02, 6.682342508E-01, 1.561502877E+00, 1.561502877E+00, 2.341679951E+05
      1290, 8.944506757E-03, 4.410951864E-03, 6.000000238E-01, 8.946659126E-03, 4.406587631E-03, 5.966666667E-01, 1.461798511E-08, 0.000000000E+00, 2.985726497E+00, 5.325429006E+02, 6.628508837E-01, 5.082362998E-01, 5.082362998E-01, 2.386130074E+05
      1291, 6.568362005E-03, 7.489766460E-03, 6.000000238E-01, 6.566859797E-03, 7.491085390E-03, 5.966666667E-01, 1.639619388E-08, 0.000000000E+00, 3.665766409E+00, 5.284483444E+02, 6.679868260E-01, 1.513835300E+00, 1.513835300E+00, 2.343706413E+05
      1292, 5.540839862E-03, 8.292438462E-03, 6.000000238E-01, 5.537010900E-03, 8.294997101E-03, 5.966666667E-01, 1.399643445E-08, 0.000000000E+00, 2.978643287E+00, 5.326328551E+02, 6.627389371E-01, 4.862866331E-01, 4.862866331E-01, 2.387062468E+05
      1293, 7.489766926E-03, 6.568362471E-03, 6.000000238E-01, 7.491085390E-03, 6.566859797E-03, 5.966666667E-01, 1.639619388E-08, 0.000000000E+00, 3.665766409E+00, 5.284483444E+02, 6.679868260E-01, 1.513835300E+00, 1.513835300E+00, 2.343706413E+05
      1294, 8.292438462E-03, 5.540839862E-03, 6.000000238E-01, 8.294997101E-03, 5.537010900E-03, 5.966666667E-01, 1.399643445E-08, 0.000000000E+00, 2.978643287E+00, 5.326328551E+02, 6.627389371E-01, 4.862866331E-01, 4.862866331E-01, 2.387062468E+05
      1295, 6.575920153E-03, 7.498394698E-03, 6.000000238E-01, 6.574417313E-03, 7.499713542E-03, 5.966666667E-01, 1.357653491E-08, 0.000000000E+00, 2.974010391E+00, 5.326938331E+02, 6.626630728E-01, 4.714504849E-01, 4.714504849E-01, 2.387694525E+05
      1296, 7.498394698E-03, 6.575920153E-03, 6.000000238E-01, 7.499713542E-03, 6.574417313E-03, 5.966666667E-01, 1.357653491E-08, 0.000000000E+00, 2.974010391E+00, 5.326938331E+02, 6.626630728E-01, 4.714504849E-01, 4.714504849E-01, 2.387694525E+05
