Iteration,mdot_in,mdot_out,mass_imbalance,q_heated_wall,q_interface,q_fluid_net,p_in,p_out,T_out_bulk,T_wall_max,T_solid_max,T_solid_mean,v_out_max,yplus_max,p_in_area,p_out_area,T_in_bulk,T_outer_max,T_outer_avg,T_inner_avg,yplus_min,yplus_avg,area_in,T_fluid_max,T_fluid_min,T_solid_min,q_ends,q_net_all,F_wall_z
1,0.008662155126,-0.008693745578,-3.159045152e-05,0,0,0,1272.249131,0,300,300,300,300,25.01185036,3.0212605,1272.249131,0,300,300,300,300,2.794049501,2.918527794,0.0003132628613,300,300,300,0,0,2.906325787
2,0.008662155126,-0.008973172556,-0.0003110174302,0,0,0,1177.638434,0,300,300,300,300,25.68813133,2.966955423,1177.638434,0,300,300,300,300,2.271491766,2.434973567,0.0003132628613,300,300,300,0,0,2.02452611
3,0.008662155126,-0.008895007439,-0.0002328523131,0,0,0,818.6267596,0,300,300,300,300,26.00610733,2.212877512,818.6267596,0,300,300,300,300,1.648620486,1.771842942,0.0003132628613,300,300,300,0,0,1.071825388
4,0.008662155126,-0.008829374819,-0.0001672196928,0,0,0,542.2962789,0,300,300,300,300,26.15460587,1.690837502,542.2962789,0,300,300,300,300,1.207943678,1.302962586,0.0003132628613,300,300,300,0,0,0.5795789409
5,0.008662155126,-0.008792545589,-0.000130390463,0,0,0,357.2502052,0,300,300,300,300,26.22389221,1.346071482,357.2502052,0,300,300,300,300,0.8987373114,0.9743708113,0.0003132628613,300,300,300,0,0,0.324174846
6,0.008662155126,-0.008802011233,-0.0001398561072,0,0,0,261.9321902,0,300,300,300,300,26.29693985,1.129277825,261.9321902,0,300,300,300,300,0.6841217875,0.7472888743,0.0003132628613,300,300,300,0,0,0.1908202674
7,0.008662155126,-0.008763863624,-0.0001017084978,0,0,0,187.7001444,0,300,300,300,300,26.31522369,1.000376225,187.7001444,0,300,300,300,300,0.5380408168,0.5937395208,0.0003132628613,300,300,300,0,0,0.1206587437
8,0.008662155126,-0.008737890064,-7.573493745e-05,0,0,0,140.4317007,0,300,300,300,300,26.3219986,0.927690208,140.4317007,0,300,300,300,300,0.4402742088,0.4917527157,0.0003132628613,300,300,300,0,0,0.0830110113
9,0.008662155126,-0.008705213851,-4.305872444e-05,0,0,0,111.5534647,0,300,300,300,300,26.31337738,0.8884177208,111.5534647,0,300,300,300,300,0.3764913678,0.4253746448,0.0003132628613,300,300,300,0,0,0.0623683684
10,0.008662155126,-0.008682850062,-2.069493575e-05,0,0,0,97.04492953,0,300,300,300,300,26.30887604,0.8679096103,97.04492953,0,300,300,300,300,0.3342953324,0.3825329793,0.0003132628613,300,300,300,0,0,0.05067745534
11,0.008662155126,-0.008668941358,-6.786231917e-06,0,0,0,94.28572569,0,300,300,300,300,26.31620407,0.8575975299,94.28572569,0,300,300,300,300,0.30324772,0.3547334632,0.0003132628613,300,300,300,0,0,0.04378760975
12,0.008662155126,-0.008653925122,8.230004099e-06,0,0,0,94.56809385,0,300,300,300,300,26.32881355,0.8527596593,94.56809385,0,300,300,300,300,0.281011343,0.3363591087,0.0003132628613,300,300,300,0,0,0.03954206691
13,0.008662155126,-0.008649287787,1.2867339e-05,0,0,0,101.1722452,0,300,300,300,300,26.35693741,0.8508497477,101.1722452,0,300,300,300,300,0.2682831585,0.3236527385,0.0003132628613,300,300,300,0,0,0.03675630613
14,0.008662155126,-0.008649925617,1.222950962e-05,0,0,0,109.8858736,0,300,300,300,300,26.39940262,0.8504649997,109.8858736,0,300,300,300,300,0.2594845891,0.3146297301,0.0003132628613,300,300,300,0,0,0.03485623551
15,0.008662155126,-0.008647995674,1.415945177e-05,0,0,0,117.0585864,0,300,300,300,300,26.4466095,0.8508091569,117.0585864,0,300,300,300,300,0.254983604,0.3079334475,0.0003132628613,300,300,300,0,0,0.03349135902
16,0.008662155126,-0.008651047393,1.110773337e-05,0,0,0,124.3132556,0,300,300,300,300,26.50218582,0.851449728,124.3132556,0,300,300,300,300,0.25233832,0.302695037,0.0003132628613,300,300,300,0,0,0.03245360324
17,0.008662155126,-0.008654201403,7.953722695e-06,0,0,0,130.0190583,0,300,300,300,300,26.56168556,0.8521635532,130.0190583,0,300,300,300,300,0.2481128424,0.2985269307,0.0003132628613,300,300,300,0,0,0.03164875921
18,0.008662155126,-0.008656561337,5.593788651e-06,0,0,0,134.0515855,0,300,300,300,300,26.62184906,0.8528441191,134.0515855,0,300,300,300,300,0.2445294559,0.2950979478,0.0003132628613,300,300,300,0,0,0.03100301311
19,0.008662155126,-0.008657521719,4.633406896e-06,0,0,0,135.679991,0,300,300,300,300,26.67998314,0.8534475565,135.679991,0,300,300,300,300,0.2413816601,0.2922287104,0.0003132628613,300,300,300,0,0,0.03047653466
20,0.008662155126,-0.00865925002,2.905106618e-06,0,0,0,136.9352897,0,300,300,300,300,26.73710632,0.8539625406,136.9352897,0,300,300,300,300,0.2384907305,0.2897781448,0.0003132628613,300,300,300,0,0,0.03003958233
21,0.008662155126,-0.00866115562,9.995059431e-07,0,0,0,137.8405852,0,300,300,300,300,26.79300308,0.854393065,137.8405852,0,300,300,300,300,0.2358735502,0.2877641124,0.0003132628613,300,300,300,0,0,0.02969336655
22,0.008662155126,-0.008662845181,-6.900544027e-07,0,0,0,138.547099,0,300,300,300,300,26.84724808,0.8547489047,138.547099,0,300,300,300,300,0.23351942,0.2861717542,0.0003132628613,300,300,300,0,0,0.02943371442
23,0.008662155126,-0.008664118054,-1.962928224e-06,0,0,0,139.1472789,0,300,300,300,300,26.89943314,0.8550401926,139.1472789,0,300,300,300,300,0.2313904762,0.2850152796,0.0003132628613,300,300,300,0,0,0.02926248841
24,0.008662155126,-0.00866489426,-2.739133828e-06,0,0,0,139.6984386,0,300,300,300,300,26.94928169,0.855279088,139.6984386,0,300,300,300,300,0.2294875681,0.2843338318,0.0003132628613,300,300,300,0,0,0.02918630433
25,0.008662155126,-0.008665124154,-2.96902772e-06,0,0,0,140.1827677,0,300,300,300,300,26.99666214,0.8554749489,140.1827677,0,300,300,300,300,0.2278310806,0.2841889047,0.0003132628613,300,300,300,0,0,0.02921596459
26,0.008662155126,-0.008664571986,-2.41686014e-06,0,0,0,140.7177759,0,300,300,300,300,27.04134941,0.8556361794,140.7177759,0,300,300,300,300,0.226470679,0.2846609548,0.0003132628613,300,300,300,0,0,0.02936558556
27,0.008662155126,-0.008663271746,-1.116619982e-06,0,0,0,141.4692321,0,300,300,300,300,27.08348083,0.8557687998,141.4692321,0,300,300,300,300,0.2254392505,0.2858588464,0.0003132628613,300,300,300,0,0,0.02965438977
28,0.008662155126,-0.008661096218,1.058908277e-06,0,0,0,142.742651,0,300,300,300,300,27.12327576,0.8558783531,142.742651,0,300,300,300,300,0.2248536497,0.2879153942,0.0003132628613,300,300,300,0,0,0.03010604835
29,0.008662155126,-0.008658217903,3.93722274e-06,0,0,0,144.0566499,0,300,300,300,300,27.16151428,0.8559693098,144.0566499,0,300,300,300,300,0.2249283195,0.2909972784,0.0003132628613,300,300,300,0,0,0.03075143373
30,0.008662155126,-0.008654875607,7.279519019e-06,0,0,0,146.1235763,0,300,300,300,300,27.19935226,0.8560446501,146.1235763,0,300,300,300,300,0.2258166671,0.295162391,0.0003132628613,300,300,300,0,0,0.03160257278
31,0.008662155126,-0.008655398733,6.756393222e-06,0,0,0,151.0584075,0,300,300,300,300,27.24309921,0.8561077118,151.0584075,0,300,300,300,300,0.2278621942,0.3004976636,0.0003132628613,300,300,300,0,0,0.03268140038
32,0.008662155126,-0.008654832936,7.3221904e-06,0,0,0,155.7435067,0,300,300,300,300,27.29030418,0.8561605811,155.7435067,0,300,300,300,300,0.231349051,0.3069465438,0.0003132628613,300,300,300,0,0,0.03398576533
33,0.008662155126,-0.008654941474,7.213652022e-06,0,0,0,161.1769011,0,300,300,300,300,27.34211922,0.856205225,161.1769011,0,300,300,300,300,0.2360826731,0.3141763609,0.0003132628613,300,300,300,0,0,0.03546396027
34,0.008662155126,-0.008654902081,7.253044903e-06,0,0,0,166.5748593,0,300,300,300,300,27.397995,0.8562431931,166.5748593,0,300,300,300,300,0.2419148833,0.3219957285,0.0003132628613,300,300,300,0,0,0.03708846508
35,0.008662155126,-0.008654660454,7.494672443e-06,0,0,0,172.080978,0,300,300,300,300,27.45756721,0.8562754989,172.080978,0,300,300,300,300,0.2486546338,0.3301608816,0.0003132628613,300,300,300,0,0,0.03881909434
36,0.008662155126,-0.008654712204,7.442921879e-06,0,0,0,177.5237646,0,300,300,300,300,27.52117157,0.856303215,177.5237646,0,300,300,300,300,0.2561019957,0.3384816034,0.0003132628613,300,300,300,0,0,0.04062234228
37,0.008662155126,-0.008655016469,7.138657222e-06,0,0,0,183.1190918,0,300,300,300,300,27.58888626,0.8563271761,183.1190918,0,300,300,300,300,0.2640658617,0.3467911826,0.0003132628613,300,300,300,0,0,0.04246570221
38,0.008662155126,-0.008655697788,6.457337925e-06,0,0,0,188.6811326,0,300,300,300,300,27.66083717,0.8563479185,188.6811326,0,300,300,300,300,0.2721379101,0.3549681197,0.0003132628613,300,300,300,0,0,0.04432293656
39,0.008662155126,-0.008655571012,6.584114624e-06,0,0,0,193.7495205,0,300,300,300,300,27.73552132,0.8563658595,193.7495205,0,300,300,300,300,0.2802892029,0.3629062478,0.0003132628613,300,300,300,0,0,0.04616842189
40,0.008662155126,-0.008655212365,6.942761509e-06,0,0,0,198.4414543,0,300,300,300,300,27.81270027,0.8563815951,198.4414543,0,300,300,300,300,0.2884833813,0.3705133779,0.0003132628613,300,300,300,0,0,0.04797757271
41,0.008662155126,-0.008654992673,7.162452704e-06,0,0,0,203.2763945,0,300,300,300,300,27.89249992,0.8563953638,203.2763945,0,300,300,300,300,0.296613574,0.377739418,0.0003132628613,300,300,300,0,0,0.04973359331
42,0.008662155126,-0.008655756558,6.398568314e-06,0,0,0,208.1848103,0,300,300,300,300,27.97589684,0.8564075232,208.1848103,0,300,300,300,300,0.3045901656,0.3845687622,0.0003132628613,300,300,300,0,0,0.05142728963
43,0.008662155126,-0.008656670725,5.484401602e-06,0,0,0,212.9798628,0,300,300,300,300,28.06223106,0.8564180136,212.9798628,0,300,300,300,300,0.3123593032,0.3909870142,0.0003132628613,300,300,300,0,0,0.05304943678
44,0.008662155126,-0.0086566593,5.495825924e-06,0,0,0,217.0746609,0,300,300,300,300,28.14967537,0.8564273119,217.0746609,0,300,300,300,300,0.3198441565,0.3969868143,0.0003132628613,300,300,300,0,0,0.05459283516
45,0.008662155126,-0.008657262303,4.892823059e-06,0,0,0,221.2907301,0,300,300,300,300,28.23897552,0.8564354777,221.2907301,0,300,300,300,300,0.3269605339,0.4025573625,0.0003132628613,300,300,300,0,0,0.05604948924
46,0.008662155126,-0.008657694249,4.460876723e-06,0,0,0,225.1055198,0,300,300,300,300,28.3292923,0.8564426899,225.1055198,0,300,300,300,300,0.3337094784,0.4077376988,0.0003132628613,300,300,300,0,0,0.05742449496
47,0.008662155126,-0.008657848131,4.306995016e-06,0,0,0,228.4692467,0,300,300,300,300,28.41989136,0.8564490676,228.4692467,0,300,300,300,300,0.3400663733,0.4125329999,0.0003132628613,300,300,300,0,0,0.0587149311
48,0.008662155126,-0.008657979437,4.175689544e-06,0,0,0,231.5594838,0,300,300,300,300,28.51049232,0.85645473,231.5594838,0,300,300,300,300,0.3460235596,0.4169615918,0.0003132628613,300,300,300,0,0,0.05992177404
49,0.008662155126,-0.008658298837,3.856289205e-06,0,0,0,234.5373697,0,300,300,300,300,28.60098457,0.8564597964,234.5373697,0,300,300,300,300,0.3515924215,0.4210495124,0.0003132628613,300,300,300,0,0,0.06104862024
50,0.008662155126,-0.008658661761,3.493364832e-06,0,0,0,237.2841501,0,300,300,300,300,28.69090843,0.8564642668,237.2841501,0,300,300,300,300,0.3567927182,0.4248235131,0.0003132628613,300,300,300,0,0,0.06209992387
51,0.008662155126,-0.008658824525,3.330601619e-06,0,0,0,239.7468707,0,300,300,300,300,28.77950478,0.8564682603,239.7468707,0,300,300,300,300,0.3616392314,0.4283009678,0.0003132628613,300,300,300,0,0,0.06307791492
52,0.008662155126,-0.008659067866,3.087259961e-06,0,0,0,242.0802618,0,300,300,300,300,28.86648941,0.8564718366,242.0802618,0,300,300,300,300,0.3661434352,0.4315001182,0.0003132628613,300,300,300,0,0,0.06398555335
53,0.008662155126,-0.00865911755,3.037576216e-06,0,0,0,244.1114994,0,300,300,300,300,28.95106697,0.8564749956,244.1114994,0,300,300,300,300,0.3703296781,0.4344439998,0.0003132628613,300,300,300,0,0,0.06482746337
54,0.008662155126,-0.008659397521,2.757605399e-06,0,0,0,245.9978575,0,300,300,300,300,29.03308487,0.8564778566,245.9978575,0,300,300,300,300,0.3742123842,0.4371455726,0.0003132628613,300,300,300,0,0,0.06560574615
55,0.008662155126,-0.008659578787,2.576338799e-06,0,0,0,247.7562237,0,300,300,300,300,29.1117878,0.85648036,247.7562237,0,300,300,300,300,0.3778207898,0.4396255938,0.0003132628613,300,300,300,0,0,0.06632498061
56,0.008662155126,-0.00865964971,2.505416106e-06,0,0,0,249.2752608,0,300,300,300,300,29.18645096,0.856482625,249.2752608,0,300,300,300,300,0.3811691999,0.4418999476,0.0003132628613,300,300,300,0,0,0.06698859512
57,0.008662155126,-0.008659866429,2.288697625e-06,0,0,0,250.785256,0,300,300,300,300,29.25665665,0.8564846516,250.785256,0,300,300,300,300,0.3842747509,0.4439808332,0.0003132628613,300,300,300,0,0,0.06759915202
58,0.008662155126,-0.008660053125,2.102001031e-06,0,0,0,252.1036812,0,300,300,300,300,29.3216362,0.8564864397,252.1036812,0,300,300,300,300,0.3871617615,0.4458885845,0.0003132628613,300,300,300,0,0,0.06816177824
59,0.008662155126,-0.008660213602,1.94152388e-06,0,0,0,253.250323,0,300,300,300,300,29.38066101,0.8564879894,253.250323,0,300,300,300,300,0.3898454607,0.4476317258,0.0003132628613,300,300,300,0,0,0.06867826587
60,0.008662155126,-0.008660423105,1.732021307e-06,0,0,0,254.2753476,0,300,300,300,300,29.43313408,0.8564893603,254.2753476,0,300,300,300,300,0.3923387527,0.449221543,0.0003132628613,300,300,300,0,0,0.06915134765
61,0.008662155126,-0.008660489075,1.666051353e-06,0,0,0,255.1001009,0,300,300,300,300,29.47823715,0.856490612,255.1001009,0,300,300,300,300,0.3946520686,0.4506693686,0.0003132628613,300,300,300,0,0,0.06958389394
62,0.008662155126,-0.008660683041,1.472085558e-06,0,0,0,255.8533448,0,300,300,300,300,29.51563454,0.8564917445,255.8533448,0,300,300,300,300,0.3967932165,0.4519819164,0.0003132628613,300,300,300,0,0,0.06997745485
63,0.008662155126,-0.008660721024,1.434101844e-06,0,0,0,256.4712126,0,300,300,300,300,29.54461098,0.8564926982,256.4712126,0,300,300,300,300,0.3987796605,0.4531716568,0.0003132628613,300,300,300,0,0,0.07033538276
64,0.008662155126,-0.008660829824,1.325302466e-06,0,0,0,257.0180425,0,300,300,300,300,29.56502724,0.8564935923,257.0180425,0,300,300,300,300,0.4006165266,0.454245789,0.0003132628613,300,300,300,0,0,0.0706595161
65,0.008662155126,-0.008660888073,1.267052882e-06,0,0,0,257.4589221,0,300,300,300,300,29.57667542,0.8564943671,257.4589221,0,300,300,300,300,0.4023189843,0.4552150503,0.0003132628613,300,300,300,0,0,0.0709528137
66,0.008662155126,-0.008661013023,1.14210295e-06,0,0,0,257.8629196,0,300,300,300,300,29.57974625,0.8564950824,257.8629196,0,300,300,300,300,0.4038961828,0.4560867328,0.0003132628613,300,300,300,0,0,0.07121724398
67,0.008662155126,-0.008661134877,1.020249299e-06,0,0,0,258.211385,0,300,300,300,300,29.57448578,0.856495738,258.211385,0,300,300,300,300,0.4053617716,0.4568714989,0.0003132628613,300,300,300,0,0,0.07145585692
68,0.008662155126,-0.008661205139,9.499876128e-07,0,0,0,258.4790513,0,300,300,300,300,29.56129456,0.8564962745,258.4790513,0,300,300,300,300,0.406724304,0.457576849,0.0003132628613,300,300,300,0,0,0.07167077157
69,0.008662155126,-0.008661323636,8.314900626e-07,0,0,0,258.7191442,0,300,300,300,300,29.54091644,0.8564967513,258.7191442,0,300,300,300,300,0.4079895914,0.4582086044,0.0003132628613,300,300,300,0,0,0.07186362805
70,0.008662155126,-0.008661440123,7.150026492e-07,0,0,0,258.9121626,0,300,300,300,300,29.51414299,0.8564972281,258.9121626,0,300,300,300,300,0.4091688097,0.4587762937,0.0003132628613,300,300,300,0,0,0.07203723451
71,0.008662155126,-0.008661563234,5.918916835e-07,0,0,0,259.0800307,0,300,300,300,300,29.48190498,0.8564975858,259.0800307,0,300,300,300,300,0.410266757,0.4592856334,0.0003132628613,300,300,300,0,0,0.07219324803
72,0.008662155126,-0.008661695337,4.597894287e-07,0,0,0,259.2314394,0,300,300,300,300,29.44521141,0.8564979434,259.2314394,0,300,300,300,300,0.4112885892,0.4597427771,0.0003132628613,300,300,300,0,0,0.07233347885
73,0.008662155126,-0.00866178711,3.680161875e-07,0,0,0,259.3267949,0,300,300,300,300,29.40506172,0.8564982414,259.3267949,0,300,300,300,300,0.4122389555,0.4601532542,0.0003132628613,300,300,300,0,0,0.0724595671
74,0.008662155126,-0.008661893435,2.616909203e-07,0,0,0,259.4018116,0,300,300,300,300,29.36258888,0.8564985394,259.4018116,0,300,300,300,300,0.4130415022,0.4605183859,0.0003132628613,300,300,300,0,0,0.07257186707
75,0.008662155126,-0.008661999637,1.554893733e-07,0,0,0,259.4643667,0,300,300,300,300,29.31883812,0.8564987779,259.4643667,0,300,300,300,300,0.4133270383,0.4608460376,0.0003132628613,300,300,300,0,0,0.07267275899
76,0.008662155126,-0.008662099517,5.560958623e-08,0,0,0,259.5094492,0,300,300,300,300,29.27472878,0.8564990163,259.5094492,0,300,300,300,300,0.4135639071,0.4611400906,0.0003132628613,300,300,300,0,0,0.07276340166
77,0.008662155126,-0.008662192475,-3.734846392e-08,0,0,0,259.5382018,0,300,300,300,300,29.23102951,0.8564991951,259.5382018,0,300,300,300,300,0.4137628078,0.4614036412,0.0003132628613,300,300,300,0,0,0.07284472285
78,0.008662155126,-0.008662273511,-1.183848587e-07,0,0,0,259.5520758,0,300,300,300,300,29.18836594,0.8564993739,259.5520758,0,300,300,300,300,0.4139309227,0.4616395672,0.0003132628613,300,300,300,0,0,0.07291758648
79,0.008662155126,-0.008662342981,-1.87854897e-07,0,0,0,259.5525744,0,300,300,300,300,29.14723396,0.8564994931,259.5525744,0,300,300,300,300,0.414073348,0.4618505077,0.0003132628613,300,300,300,0,0,0.07298278846
80,0.008662155126,-0.008662399588,-2.444621619e-07,0,0,0,259.5416486,0,300,300,300,300,29.10800362,0.8564996719,259.5416486,0,300,300,300,300,0.4141971171,0.4620388633,0.0003132628613,300,300,300,0,0,0.07304105493
81,0.008662155126,-0.008662405773,-2.506465375e-07,0,0,0,259.5056844,0,300,300,300,300,29.07086182,0.8564997911,259.5056844,0,300,300,300,300,0.4143023193,0.4622068337,0.0003132628613,300,300,300,0,0,0.07309305318
82,0.008662155126,-0.008662413374,-2.58247834e-07,0,0,0,259.4624687,0,300,300,300,300,29.0359993,0.8564999104,259.4624687,0,300,300,300,300,0.4143947363,0.4623568461,0.0003132628613,300,300,300,0,0,0.07313952466
83,0.008662155126,-0.008662409874,-2.547477208e-07,0,0,0,259.4165521,0,300,300,300,300,29.00348282,0.85649997,259.4165521,0,300,300,300,300,0.4144730568,0.4624900405,0.0003132628613,300,300,300,0,0,0.07318081116
84,0.008662155126,-0.008662396012,-2.408860898e-07,0,0,0,259.3706902,0,300,300,300,300,28.9733181,0.8565000892,259.3706902,0,300,300,300,300,0.4145404398,0.4626080877,0.0003132628613,300,300,300,0,0,0.07321742448
85,0.008662155126,-0.008662376777,-2.216504417e-07,0,0,0,259.3280197,0,300,300,300,300,28.9454689,0.8565001488,259.3280197,0,300,300,300,300,0.4145990014,0.4627126524,0.0003132628613,300,300,300,0,0,0.07324987454
86,0.008662155126,-0.008662338519,-1.833931196e-07,0,0,0,259.2839462,0,300,300,300,300,28.91984367,0.8565002084,259.2839462,0,300,300,300,300,0.4146499336,0.4628052762,0.0003132628613,300,300,300,0,0,0.07327863443
87,0.008662155126,-0.008662325596,-1.704694297e-07,0,0,0,259.2544701,0,300,300,300,300,28.89639091,0.856500268,259.2544701,0,300,300,300,300,0.414693892,0.4628872544,0.0003132628613,300,300,300,0,0,0.0733041022
88,0.008662155126,-0.008662299703,-1.445770107e-07,0,0,0,259.2283957,0,300,300,300,300,28.87497139,0.8565003276,259.2283957,0,300,300,300,300,0.4147313833,0.4629600142,0.0003132628613,300,300,300,0,0,0.07332671715
89,0.008662155126,-0.008662279109,-1.239830693e-07,0,0,0,259.2085365,0,300,300,300,300,28.85547256,0.8565003872,259.2085365,0,300,300,300,300,0.4147642553,0.4630244579,0.0003132628613,300,300,300,0,0,0.07334675672
90,0.008662155126,-0.008662259049,-1.039224711e-07,0,0,0,259.192846,0,300,300,300,300,28.83776665,0.8565003872,259.192846,0,300,300,300,300,0.4147931635,0.4630816518,0.0003132628613,300,300,300,0,0,0.07336454959
91,0.008662155126,-0.008662241178,-8.605192366e-08,0,0,0,259.1807051,0,300,300,300,300,28.82172775,0.8565004468,259.1807051,0,300,300,300,300,0.4148186445,0.4631323995,0.0003132628613,300,300,300,0,0,0.07338034376
92,0.008662155126,-0.008662234565,-7.943856439e-08,0,0,0,259.1738626,0,300,300,300,300,28.80724144,0.8565005064,259.1738626,0,300,300,300,300,0.4148411155,0.4631774417,0.0003132628613,300,300,300,0,0,0.07339436776
93,0.008662155126,-0.008662224658,-6.95321754e-08,0,0,0,259.1688191,0,300,300,300,300,28.7941761,0.8565005064,259.1688191,0,300,300,300,300,0.4148607552,0.4632172878,0.0003132628613,300,300,300,0,0,0.07340677843
94,0.008662155126,-0.008662216578,-6.145219102e-08,0,0,0,259.1649557,0,300,300,300,300,28.78241158,0.856500566,259.1649557,0,300,300,300,300,0.4148782492,0.4632526731,0.0003132628613,300,300,300,0,0,0.07341780379
95,0.008662155126,-0.008662209261,-5.413535209e-08,0,0,0,259.1616664,0,300,300,300,300,28.77183342,0.856500566,259.1616664,0,300,300,300,300,0.414893806,0.4632841363,0.0003132628613,300,300,300,0,0,0.07342761034
96,0.008662155126,-0.008662203843,-4.871672383e-08,0,0,0,259.1587358,0,300,300,300,300,28.76233673,0.856500566,259.1587358,0,300,300,300,300,0.4149076939,0.4633120995,0.0003132628613,300,300,300,0,0,0.07343632871
97,0.008662155126,-0.008662199621,-4.449436703e-08,0,0,0,259.1559623,0,300,300,300,300,28.75382042,0.8565006256,259.1559623,0,300,300,300,300,0.414920032,0.4633369456,0.0003132628613,300,300,300,0,0,0.07344407753
98,0.008662155126,-0.008662196314,-4.118769428e-08,0,0,0,259.1531969,0,300,300,300,300,28.74619484,0.8565006256,259.1531969,0,300,300,300,300,0.4149309993,0.4633590121,0.0003132628613,300,300,300,0,0,0.07345096143
99,0.008662155126,-0.008662189164,-3.403749225e-08,0,0,0,259.1492116,0,300,300,300,300,28.73936462,0.8565006256,259.1492116,0,300,300,300,300,0.4149407744,0.4633786008,0.0003132628613,300,300,300,0,0,0.07345707401
100,0.008662155126,-0.008662185582,-3.045606418e-08,0,0,0,259.1451418,0,300,300,300,300,28.7332592,0.8565006256,259.1451418,0,300,300,300,300,0.4149495363,0.4633960361,0.0003132628613,300,300,300,0,0,0.07346251612
101,0.008662155126,-0.008662182391,-2.726508002e-08,0,0,0,259.1411951,0,300,300,300,300,28.727808,0.8565006852,259.1411951,0,300,300,300,300,0.4149572551,0.4634114906,0.0003132628613,300,300,300,0,0,0.07346734114
102,0.008662155126,-0.008662179522,-2.439560729e-08,0,0,0,259.1374881,0,300,300,300,300,28.72294426,0.8565006852,259.1374881,0,300,300,300,300,0.4149640501,0.4634251656,0.0003132628613,300,300,300,0,0,0.07347161171
103,0.008662155126,-0.008662176884,-2.175745721e-08,0,0,0,259.1340903,0,300,300,300,300,28.71860504,0.8565006852,259.1340903,0,300,300,300,300,0.4149700701,0.463437266,0.0003132628613,300,300,300,0,0,0.0734753915
104,0.008662155126,-0.008662174432,-1.93060092e-08,0,0,0,259.1310367,0,300,300,300,300,28.71474075,0.8565006852,259.1310367,0,300,300,300,300,0.4149752557,0.4634479735,0.0003132628613,300,300,300,0,0,0.07347873703
105,0.008662155126,-0.008662172149,-1.702297734e-08,0,0,0,259.1283368,0,300,300,300,300,28.71129799,0.8565006852,259.1283368,0,300,300,300,300,0.4149794877,0.4634574498,0.0003132628613,300,300,300,0,0,0.07348169858
106,0.008662155126,-0.00866217003,-1.490426527e-08,0,0,0,259.1259828,0,300,300,300,300,28.70823288,0.8565006852,259.1259828,0,300,300,300,300,0.4149832726,0.4634658385,0.0003132628613,300,300,300,0,0,0.0734843208
107,0.008662155126,-0.008662169607,-1.448131652e-08,0,0,0,259.1244633,0,300,300,300,300,28.70551109,0.8565006852,259.1244633,0,300,300,300,300,0.4149866104,0.4634732666,0.0003132628613,300,300,300,0,0,0.07348664326
108,0.008662155126,-0.008662166971,-1.184510179e-08,0,0,0,259.1226943,0,300,300,300,300,28.70308495,0.8565007448,259.1226943,0,300,300,300,300,0.4149896204,0.4634798291,0.0003132628613,300,300,300,0,0,0.07348869546
109,0.008662155126,-0.008662166565,-1.14387293e-08,0,0,0,259.121539,0,300,300,300,300,28.70093155,0.8565007448,259.121539,0,300,300,300,300,0.4149923325,0.4634856607,0.0003132628613,300,300,300,0,0,0.07349051949
110,0.008662155126,-0.008662165516,-1.039017204e-08,0,0,0,259.1205317,0,300,300,300,300,28.69901848,0.8565007448,259.1205317,0,300,300,300,300,0.4149947464,0.4634908229,0.0003132628613,300,300,300,0,0,0.07349213439
111,0.008662155126,-0.008662163523,-8.397320419e-09,0,0,0,259.119314,0,300,300,300,300,28.69731522,0.8565007448,259.119314,0,300,300,300,300,0.4149968922,0.4634954002,0.0003132628613,300,300,300,0,0,0.07349356654
112,0.008662155126,-0.00866216315,-8.023758529e-09,0,0,0,259.118506,0,300,300,300,300,28.69580269,0.8565007448,259.118506,0,300,300,300,300,0.414998889,0.4634994762,0.0003132628613,300,300,300,0,0,0.07349484206
113,0.008662155126,-0.008662162333,-7.206967231e-09,0,0,0,259.1177938,0,300,300,300,300,28.69445992,0.8565007448,259.1177938,0,300,300,300,300,0.4150006175,0.4635030866,0.0003132628613,300,300,300,0,0,0.07349597203
114,0.008662155126,-0.008662161673,-6.547073982e-09,0,0,0,259.1171987,0,300,300,300,300,28.69326591,0.8565007448,259.1171987,0,300,300,300,300,0.415002197,0.4635062899,0.0003132628613,300,300,300,0,0,0.07349697469
115,0.008662155126,-0.008662161045,-5.918713056e-09,0,0,0,259.1166541,0,300,300,300,300,28.69220352,0.8565007448,259.1166541,0,300,300,300,300,0.4150035977,0.4635091379,0.0003132628613,300,300,300,0,0,0.07349786624
116,0.008662155126,-0.008662159916,-4.79006312e-09,0,0,0,259.1159697,0,300,300,300,300,28.69125938,0.8565007448,259.1159697,0,300,300,300,300,0.4150048792,0.4635116693,0.0003132628613,300,300,300,0,0,0.07349865878
117,0.008662155126,-0.008662159647,-4.52135434e-09,0,0,0,259.1155134,0,300,300,300,300,28.69042206,0.8565007448,259.1155134,0,300,300,300,300,0.4150060117,0.4635139251,0.0003132628613,300,300,300,0,0,0.0734993651
118,0.008662155126,-0.008662159159,-4.033115411e-09,0,0,0,259.1151077,0,300,300,300,300,28.68967628,0.8565007448,259.1151077,0,300,300,300,300,0.415007025,0.4635159252,0.0003132628613,300,300,300,0,0,0.0734999914
119,0.008662155126,-0.008662158719,-3.592756552e-09,0,0,0,259.1147453,0,300,300,300,300,28.68901253,0.8565007448,259.1147453,0,300,300,300,300,0.4150079191,0.4635177014,0.0003132628613,300,300,300,0,0,0.07350054762
120,0.008662155126,-0.008662158316,-3.190314058e-09,0,0,0,259.1144217,0,300,300,300,300,28.68842125,0.8565007448,259.1144217,0,300,300,300,300,0.4150087535,0.4635192813,0.0003132628613,300,300,300,0,0,0.07350104241
121,0.008662155126,-0.008662157949,-2.823151777e-09,0,0,0,259.1141335,0,300,300,300,300,28.68789673,0.8565007448,259.1141335,0,300,300,300,300,0.4150094688,0.4635206868,0.0003132628613,300,300,300,0,0,0.07350148262
122,0.008662155126,-0.008662157615,-2.489114741e-09,0,0,0,259.1138775,0,300,300,300,300,28.68742943,0.8565007448,259.1138775,0,300,300,300,300,0.4150101244,0.4635219374,0.0003132628613,300,300,300,0,0,0.07350187433
123,0.008662155126,-0.008662157313,-2.186401796e-09,0,0,0,259.1136512,0,300,300,300,300,28.68701172,0.8565007448,259.1136512,0,300,300,300,300,0.4150106907,0.4635230504,0.0003132628613,300,300,300,0,0,0.07350222296
124,0.008662155126,-0.00866215704,-1.913421567e-09,0,0,0,259.1134522,0,300,300,300,300,28.68663979,0.8565007448,259.1134522,0,300,300,300,300,0.4150111973,0.4635240411,0.0003132628613,300,300,300,0,0,0.07350253331
125,0.008662155126,-0.008662156795,-1.668664495e-09,0,0,0,259.1132782,0,300,300,300,300,28.68630981,0.8565007448,259.1132782,0,300,300,300,300,0.4150116742,0.4635249232,0.0003132628613,300,300,300,0,0,0.07350280964
126,0.008662155126,-0.008662156577,-1.450585638e-09,0,0,0,259.1131268,0,300,300,300,300,28.68601418,0.8565007448,259.1131268,0,300,300,300,300,0.4150120616,0.4635257087,0.0003132628613,300,300,300,0,0,0.07350305573
127,0.008662155126,-0.008662156384,-1.257632455e-09,0,0,0,259.1129958,0,300,300,300,300,28.68575096,0.8565007448,259.1129958,0,300,300,300,300,0.415012449,0.4635264084,0.0003132628613,300,300,300,0,0,0.07350327493
128,0.008662155126,-0.008662156214,-1.088176618e-09,0,0,0,259.1128831,0,300,300,300,300,28.68551445,0.8565007448,259.1128831,0,300,300,300,300,0.4150127769,0.4635270318,0.0003132628613,300,300,300,0,0,0.07350347024
129,0.008662155126,-0.008662156067,-9.404779507e-10,0,0,0,259.1127863,0,300,300,300,300,28.68530464,0.8565007448,259.1127863,0,300,300,300,300,0.4150130451,0.4635275873,0.0003132628613,300,300,300,0,0,0.07350364428
130,0.008662155126,-0.008662155939,-8.127639048e-10,0,0,0,259.1127034,0,300,300,300,300,28.68511772,0.8565007448,259.1127034,0,300,300,300,300,0.4150133133,0.4635280825,0.0003132628613,300,300,300,0,0,0.07350379943
131,0.008662155126,-0.008662155829,-7.030898051e-10,0,0,0,259.1126324,0,300,300,300,300,28.68494987,0.8565007448,259.1126324,0,300,300,300,300,0.4150135517,0.4635285239,0.0003132628613,300,300,300,0,0,0.07350393775
132,0.008662155126,-0.008662155736,-6.097929817e-10,0,0,0,259.1125714,0,300,300,300,300,28.68479919,0.8565007448,259.1125714,0,300,300,300,300,0.4150137603,0.4635289176,0.0003132628613,300,300,300,0,0,0.07350406111
133,0.008662155126,-0.008662155657,-5.30946483e-10,0,0,0,259.1125189,0,300,300,300,300,28.68466568,0.8565007448,259.1125189,0,300,300,300,300,0.4150139391,0.4635292688,0.0003132628613,300,300,300,0,0,0.07350417115
134,0.008662155126,-0.008662155591,-4.64732185e-10,0,0,0,259.1124732,0,300,300,300,300,28.68454552,0.8565007448,259.1124732,0,300,300,300,300,0.415014118,0.4635295821,0.0003132628613,300,300,300,0,0,0.07350426933
135,0.008662155126,-0.008662155536,-4.094005534e-10,0,0,0,259.1124332,0,300,300,300,300,28.6844368,0.8565007448,259.1124332,0,300,300,300,300,0.415014267,0.4635298617,0.0003132628613,300,300,300,0,0,0.07350435695
136,0.008662155126,-0.008662155489,-3.633007003e-10,0,0,0,259.1123977,0,300,300,300,300,28.68434143,0.8565007448,259.1123977,0,300,300,300,300,0.4150143862,0.4635301113,0.0003132628613,300,300,300,0,0,0.07350443515
137,0.008662155126,-0.008662155451,-3.249046934e-10,0,0,0,259.1123659,0,300,300,300,300,28.68425369,0.8565007448,259.1123659,0,300,300,300,300,0.4150145054,0.4635303341,0.0003132628613,300,300,300,0,0,0.07350450497
138,0.008662155126,-0.008662155419,-2.92829011e-10,0,0,0,259.1123369,0,300,300,300,300,28.6841774,0.8565007448,259.1123369,0,300,300,300,300,0.4150145948,0.463530533,0.0003132628613,300,300,300,0,0,0.0735045673
139,0.008662155126,-0.008662155392,-2.658436631e-10,0,0,0,259.1123102,0,300,300,300,300,28.68410873,0.8565007448,259.1123102,0,300,300,300,300,0.415014714,0.4635307106,0.0003132628613,300,300,300,0,0,0.07350462296
140,0.008662155126,-0.008662155369,-2.428800251e-10,0,0,0,259.1122854,0,300,300,300,300,28.68404579,0.8565007448,259.1122854,0,300,300,300,300,0.4150147736,0.4635308693,0.0003132628613,300,300,300,0,0,0.07350467267
141,0.008662155126,-0.008662155349,-2.230328405e-10,0,0,0,259.1122623,0,300,300,300,300,28.68399048,0.8565007448,259.1122623,0,300,300,300,300,0.415014863,0.4635310109,0.0003132628613,300,300,300,0,0,0.07350471707
142,0.008662155126,-0.008662155332,-2.055555882e-10,0,0,0,259.1122404,0,300,300,300,300,28.68393898,0.8565007448,259.1122404,0,300,300,300,300,0.4150149226,0.4635311375,0.0003132628613,300,300,300,0,0,0.07350475672
143,0.008662155126,-0.008662155316,-1.898516153e-10,0,0,0,259.1122198,0,300,300,300,300,28.68389511,0.8565007448,259.1122198,0,300,300,300,300,0.4150149822,0.4635312505,0.0003132628613,300,300,300,0,0,0.07350479215
144,0.008662155126,-0.008662155302,-1.754610363e-10,0,0,0,259.1122004,0,300,300,300,300,28.68385506,0.8565007448,259.1122004,0,300,300,300,300,0.4150150418,0.4635313515,0.0003132628613,300,300,300,0,0,0.0735048238
145,0.008662155126,-0.008662155288,-1.620453789e-10,0,0,0,259.1121821,0,300,300,300,300,28.68381882,0.8565007448,259.1121821,0,300,300,300,300,0.4150150716,0.4635314417,0.0003132628613,300,300,300,0,0,0.07350485207
146,0.008662155126,-0.008662155276,-1.49370365e-10,0,0,0,259.112165,0,300,300,300,300,28.68378639,0.8565007448,259.112165,0,300,300,300,300,0.4150151312,0.4635315223,0.0003132628613,300,300,300,0,0,0.07350487732
147,0.008662155126,-0.008662155263,-1.372880976e-10,0,0,0,259.112149,0,300,300,300,300,28.68375587,0.8565007448,259.112149,0,300,300,300,300,0.415015161,0.4635315943,0.0003132628613,300,300,300,0,0,0.07350489989
148,0.008662155126,-0.008662155252,-1.257191937e-10,0,0,0,259.1121342,0,300,300,300,300,28.68373108,0.8565007448,259.1121342,0,300,300,300,300,0.4150151908,0.4635316587,0.0003132628613,300,300,300,0,0,0.07350492005
149,0.008662155126,-0.008662155241,-1.146358911e-10,0,0,0,259.1121205,0,300,300,300,300,28.68370628,0.8565007448,259.1121205,0,300,300,300,300,0.4150152206,0.4635317161,0.0003132628613,300,300,300,0,0,0.07350493807
150,0.008662155126,-0.00866215523,-1.040464555e-10,0,0,0,259.112108,0,300,300,300,300,28.6836853,0.8565007448,259.112108,0,300,300,300,300,0.4150152504,0.4635317675,0.0003132628613,300,300,300,0,0,0.07350495416
151,0.008662155126,-0.00866215522,-9.398181886e-11,602.755239,3.431342803e-13,-1.750803307e-07,259.1120967,0,300,354.2796021,360.7980776,357.328503,28.68366623,0.8565007448,259.1120967,0,300,361.3824463,360.2065217,353.1185489,0.4150152802,0.4635318134,0.0003132628613,352.0600515,300.0000045,348.1374738,0,602.7552388,0.07350496855
152,0.008662155126,-0.008649171625,1.298350156e-05,602.755239,475.096174,-8.147840031,281.036204,0,300.9373883,380.4339905,388.2628145,383.6294243,28.70879936,0.75817132,281.036204,0,300,388.8250122,386.9647794,378.5543987,0.3610595465,0.4034429691,0.0003132628613,378.0061042,300.0000091,368.8259024,0,594.607399,0.08299735508
153,0.008662155126,-0.008643974769,1.818035758e-05,602.755239,559.0869389,-18.24179143,312.7490254,0,302.0976453,396.5067444,404.5076198,399.3468376,28.76444054,0.7112391591,312.7490254,0,300,405.0559082,402.7426472,394.1330802,0.333786875,0.3733448147,0.0003132628613,394.1435904,300.0000104,380.0121575,0,584.5134476,0.08441850247
154,0.008662155126,-0.008644487225,1.766790122e-05,602.755239,570.0622766,-29.62942226,346.2217042,0,303.404497,408.2913513,416.2287346,410.826915,28.84817696,0.6833443046,346.2217042,0,300,416.7670898,414.1985744,405.6294374,0.3162420094,0.3540785057,0.0003132628613,406.0031599,300.0000121,387.4076611,0,573.1258167,0.08405667397
155,0.008662155126,-0.008647049524,1.510560258e-05,602.755239,570.8555178,-41.93518471,375.9031971,0,304.8150467,417.4317627,425.2613951,419.7084306,28.95285034,0.6646419764,375.9031971,0,300,425.7927856,423.0437203,414.5625951,0.3031828105,0.3398338989,0.0003132628613,415.2097692,300.0000129,392.4239796,0,560.8200543,0.08322303264
156,0.008662155126,-0.008650748945,1.140618129e-05,602.755239,567.6726577,-54.9212988,399.8578557,0,306.3017553,425.5006104,433.264645,427.6866142,29.07257462,0.6519199014,399.8578557,0,300,433.790863,430.9950635,422.5665303,0.2930750251,0.3289027412,0.0003132628613,423.3088576,300.0000134,396.5684833,0,547.8339402,0.08224532633
157,0.008662155126,-0.008654560263,7.594862715e-06,602.755239,570.3662118,-68.4619207,418.0613255,0,307.8506006,432.0596619,439.8354368,434.0457835,29.20254326,0.6422205567,418.0613255,0,300,440.3572388,437.3252058,428.9730886,0.2845223248,0.3197245926,0.0003132628613,429.8694444,300.0000146,399.4740244,0,534.2933183,0.08145385119
158,0.008662155126,-0.008655809608,6.345518181e-06,602.755239,567.2228917,-82.37179387,429.7074446,0,309.4436968,438.6299438,446.3509566,440.0027405,29.33604431,0.6353553534,429.7074446,0,300,446.8688965,443.2611906,434.9558293,0.2776058912,0.312381384,0.0003132628613,436.4579211,300.0000141,402.0779522,0,520.3834451,0.08069324622
159,0.008662155126,-0.008657336702,4.818423847e-06,602.755239,568.3262289,-96.63204017,437.6566041,0,311.0759885,444.7717896,452.4490942,445.5567879,29.47323799,0.6297487617,437.6566041,0,300,452.9634094,448.7976939,440.52717,0.2715155482,0.3059610036,0.0003132628613,442.6182681,300.0000138,404.3194697,0,506.1231988,0.08009318502
160,0.008662155126,-0.008659580938,2.574188049e-06,602.755239,570.7100934,-111.2123921,443.6691431,0,312.7430711,450.4928894,458.1334609,450.732311,29.61467743,0.6251531839,443.6691431,0,300,458.6444702,453.9577035,445.716288,0.2661331594,0.3003097177,0.0003132628613,448.3578209,300.0000134,406.3083241,0,491.5428469,0.07961428712
161,0.008662155126,-0.008661542799,6.123274876e-07,602.755239,573.3956926,-126.062674,448.073022,0,314.4406241,455.1197815,462.7061043,454.8312857,29.75938797,0.6212792993,448.073022,0,300,463.2140503,458.0388096,449.8485028,0.261354655,0.2953103601,0.0003132628613,453.0234237,300.0000126,407.6209179,0,476.692565,0.07923417007
162,0.008662155126,-0.008664285213,-2.130086914e-06,602.755239,569.9905615,-141.1265576,451.5985149,0,316.160162,459.5386353,467.0861396,458.7738603,29.90795708,0.6185626984,451.5985149,0,300,467.5916443,461.9670198,453.8135267,0.2574779391,0.291255071,0.0003132628613,457.4695743,300.0000123,408.8415671,0,461.6286814,0.0788379142
163,0.008662155126,-0.008666941649,-4.786523235e-06,602.755239,569.4109609,-156.3619136,454.1642474,0,317.8983112,463.7206116,471.2316058,462.5435579,30.05960464,0.616245091,454.1642474,0,300,471.7348328,465.7242137,457.5998663,0.254030019,0.2876505839,0.0003132628613,461.6680604,300.0000121,409.9588564,0,446.3933254,0.07852850392
164,0.008662155126,-0.008667818721,-5.66359456e-06,602.755239,570.0128971,-171.7141517,454.8050474,0,319.6530472,467.7532959,475.3091195,466.1503726,30.21165466,0.6142372489,454.8050474,0,300,475.8102722,469.3199519,461.2193747,0.250921011,0.2843975082,0.0003132628613,465.6732356,300.0000121,410.9880521,0,431.0410873,0.07829706922
165,0.008662155126,-0.008667585911,-5.430784537e-06,602.755239,571.2406039,-187.1864769,454.4533353,0,321.4240034,471.9409485,479.4712662,469.5872835,30.36359978,0.6124495864,454.4533353,0,300,479.9699402,472.7466256,464.6667749,0.2480597794,0.2813956456,0.0003132628613,469.8706479,300.0000125,411.9568927,0,415.5687621,0.07810405415
166,0.008662155126,-0.008666871224,-4.716097718e-06,602.755239,572.7103013,-202.7734769,453.5927279,0,323.2094184,475.9571228,483.4591257,472.8563645,30.51588631,0.6108169556,453.5927279,0,300,483.9552002,476.0053617,467.9453376,0.2454300374,0.2786319032,0.0003132628613,473.8977096,300.0000126,412.8547777,0,399.9817621,0.07794660636
167,0.008662155126,-0.008667048318,-4.893191475e-06,602.755239,574.2907111,-218.4993123,453.4065288,0,325.0080943,479.789093,487.2633986,475.9567649,30.67051888,0.6093304753,453.4065288,0,300,487.757019,479.0954606,471.0556014,0.2430133671,0.2760807316,0.0003132628613,477.7392125,300.0000121,413.6894441,0,384.2559267,0.07781700872
168,0.008662155126,-0.00866674764,-4.592513475e-06,602.755239,575.8630509,-234.3036008,453.2078532,0,326.8170863,483.4468079,490.8920834,478.9012849,30.8266716,0.6079729199,453.2078532,0,300,491.3833923,482.0301148,474.0098854,0.2405950576,0.2737402128,0.0003132628613,481.406457,300.0000122,414.4528575,0,368.4516382,0.07771892073
169,0.008662155126,-0.008666027125,-3.871998587e-06,602.755239,577.424052,-250.1633659,452.7333254,0,328.6338543,486.9328003,494.3510165,481.6834125,30.98388863,0.6067332029,452.7333254,0,300,494.8401184,484.8028252,476.8016266,0.2378355116,0.2715765231,0.0003132628613,484.9007355,300.000012,415.1649296,0,352.5918731,0.07764189623
170,0.008662155126,-0.00866571057,-3.555443562e-06,602.755239,578.8524575,-266.0714134,452.4799492,0,330.4547659,490.2424316,497.634131,484.3175479,31.14283943,0.6055907011,452.4799492,0,300,498.1211853,487.4280925,479.4448078,0.2357863784,0.26957305,0.0003132628613,488.2194661,300.000012,415.8142755,0,336.6838256,0.07757764901
171,0.008662155126,-0.008665497578,-3.342451984e-06,602.755239,580.2278292,-281.9886073,452.3804753,0,332.2762653,493.4039001,500.7700264,486.8064395,31.30330276,0.6045509577,452.3804753,0,300,501.2550964,489.9086172,481.9423103,0.2341859043,0.267720533,0.0003132628613,491.3883213,300.000012,416.4138566,0,320.7666317,0.07752887769
172,0.008662155126,-0.00866526746,-3.112334302e-06,602.755239,581.5128437,-297.8683928,452.238428,0,334.0934555,496.4226685,503.7653672,489.1662632,31.46478081,0.6035950184,452.238428,0,300,504.2485962,492.2606365,484.3099687,0.2327383459,0.2660068614,0.0003132628613,494.413445,300.0000118,416.9757669,0,304.8868462,0.07749253681
173,0.008662155126,-0.008665179974,-3.024847394e-06,602.755239,582.793894,-313.6750212,452.1342828,0,335.9015542,499.2766724,506.5976559,491.3985512,31.62699318,0.602707088,452.1342828,0,300,507.0791321,494.4855875,486.5495732,0.2315416932,0.2644132517,0.0003132628613,497.2738157,300.0000116,417.495755,0,289.0802178,0.07746585646
174,0.008662155126,-0.00866514856,-2.99343337e-06,602.755239,584.0167315,-329.3533706,451.9983978,0,337.6945585,502.004425,509.304854,493.4989272,31.78938484,0.6018885374,451.9983978,0,300,509.7846985,496.5790089,488.6570864,0.2303723842,0.2629318812,0.0003132628613,500.0055771,300.0000113,417.9721642,0,273.4018684,0.07744697222
175,0.008662155126,-0.008664761379,-2.606252914e-06,602.755239,585.1062613,-344.8265015,451.5380668,0,339.4655968,504.5959167,511.8757761,495.4790602,31.95077705,0.6011385322,451.5380668,0,300,512.3540649,498.5526267,490.6438966,0.2291132063,0.2615570328,0.0003132628613,502.599987,300.0000111,418.4172284,0,257.9287374,0.07743266486
176,0.008662155126,-0.008664647174,-2.492048329e-06,602.755239,586.120706,-360.0631571,451.1378407,0,341.2081874,507.0736694,514.3354731,497.3436659,32.11108017,0.6004422307,451.1378407,0,300,514.8122559,500.4111176,492.5147894,0.2278419733,0.26028065,0.0003132628613,505.0821195,300.0000109,418.8257078,0,242.6920819,0.0774140115
177,0.008662155126,-0.008664987678,-2.832551977e-06,602.755239,587.0747225,-375.0121091,450.9316527,0,342.9153691,509.5967102,516.8708948,499.1015515,32.27015305,0.5998029709,450.9316527,0,300,517.3463745,502.1632965,494.2784678,0.2266756743,0.2591014926,0.0003132628613,507.5970315,300.0000108,419.20352,0,227.7431299,0.07739803307
178,0.008662155126,-0.008665083456,-2.928329625e-06,602.755239,588.0060629,-389.5745873,450.590305,0,344.5793379,512.2094727,519.4670202,500.7516166,32.4266243,0.5992133021,450.590305,0,300,519.940979,503.8079861,495.934065,0.2255940437,0.2580096522,0.0003132628613,510.2136451,300.0000108,419.552436,0,213.1806517,0.07738863596
179,0.008662155126,-0.008664748289,-2.593162549e-06,602.755239,588.8563024,-403.6774861,449.9245459,0,346.1929197,514.7254028,521.9663397,502.2960792,32.57918167,0.5986697078,449.9245459,0,300,522.4388428,505.3473834,497.4838602,0.2245877832,0.2569936108,0.0003132628613,512.7290638,300.0000108,419.8742981,0,199.0777529,0.07737989262
180,0.008662155126,-0.008664654058,-2.498931775e-06,602.755239,589.6185938,-417.3004358,449.260971,0,347.7501889,517.1522827,524.3762216,503.744696,32.72773743,0.5981690288,449.260971,0,300,524.84729,506.7912822,498.9374178,0.22364223,0.2560439892,0.0003132628613,515.1584902,300.0000107,420.1719821,0,185.4548032,0.07736809879
181,0.008662155126,-0.008664336675,-2.181549212e-06,602.755239,590.343754,-430.3676208,448.4718902,0,349.2450979,519.4921875,526.6973447,505.1025941,32.87132263,0.5977068543,448.4718902,0,300,527.1670532,508.1447855,500.2998886,0.222759217,0.2551578444,0.0003132628613,517.5040289,300.0000107,420.4501526,0,172.3876182,0.07735595811
182,0.008662155126,-0.008664537358,-2.382231385e-06,602.755239,591.0314255,-442.8776704,447.9521171,0,350.6731265,521.7092285,528.8934447,506.3738655,33.01023483,0.5972766876,447.9521171,0,300,529.3618774,509.4119501,501.5754342,0.2219303548,0.2543272737,0.0003132628613,519.7281481,300.0000106,420.7085992,0,159.8775685,0.07734128388
183,0.008662155126,-0.008664443776,-2.288650171e-06,602.755239,591.6738623,-454.7474111,447.2661337,0,352.0295842,523.8185425,530.9832976,507.5655506,33.14328766,0.5968772769,447.2661337,0,300,531.4505615,510.599828,502.7710131,0.2211582512,0.2535550122,0.0003132628613,521.8460452,300.0000106,420.9495712,0,148.0078279,0.07732803528
184,0.008662155126,-0.008664408932,-2.253805744e-06,602.755239,592.2962578,-465.9739728,446.6286503,0,353.3120537,525.8078613,532.9523717,508.6784686,33.27023697,0.5965056419,446.6286503,0,300,533.418457,511.709181,503.8876153,0.2204302996,0.2528289781,0.0003132628613,523.8423483,300.0000106,421.1729514,0,136.7812662,0.0773117078
185,0.008662155126,-0.008663731905,-1.576779071e-06,602.755239,592.8650005,-476.4958934,445.6356053,0,354.5180639,527.6921997,534.8180956,509.7202859,33.38982391,0.5961611271,445.6356053,0,300,535.2830811,512.7477003,504.9327674,0.2197464257,0.252150183,0.0003132628613,525.7338962,300.0000105,421.3825302,0,126.2593455,0.07729379788
186,0.008662155126,-0.008664351171,-2.196045166e-06,602.755239,593.4188494,-486.4307559,445.3530508,0,355.6484712,529.4558716,536.5636147,510.69429,33.50409698,0.5958390236,445.3530508,0,300,537.0275879,513.7186329,505.9098667,0.219096452,0.2515070521,0.0003132628613,527.5043678,300.0000105,421.5775114,0,116.3244831,0.07727010653
187,0.008662155126,-0.008664111543,-1.956416576e-06,602.755239,593.9385883,-495.6417424,444.737767,0,356.7017234,531.1054688,538.1964447,511.6033568,33.61105728,0.5955394506,444.737767,0,300,538.6594849,514.6248333,506.821826,0.2184966803,0.2509149086,0.0003132628613,529.1601852,300.0000105,421.7582716,0,107.1134966,0.07725204648
188,0.008662155126,-0.008663488662,-1.333535747e-06,602.755239,594.4226287,-504.1700866,443.8377093,0,357.679596,532.7920532,539.8714642,512.6133203,33.71041107,0.595261693,443.8377093,0,300,540.3336182,515.6330045,507.8299147,0.2179297805,0.2503548755,0.0003132628613,530.85059,300.0000104,421.9830073,0,98.58515241,0.07722898696
189,0.008662155126,-0.008663963471,-1.808345294e-06,602.755239,596.1764499,-512.1400764,443.6098823,0,358.5860832,534.2236328,541.2853346,513.3843405,33.80417633,0.594938457,443.6098823,0,300,541.746582,516.4010109,508.6052599,0.2173250169,0.2497622432,0.0003132628613,532.2886488,300.0000104,422.1278642,0,90.61516263,0.0772166517
190,0.008662155126,-0.00866328615,-1.131024229e-06,602.755239,596.0562981,-519.4174341,442.8644896,0,359.4214572,535.6883545,542.7386593,514.2420988,33.89028549,0.5947036147,442.8644896,0,300,543.1991577,517.2569604,509.4625253,0.2168281972,0.2492744043,0.0003132628613,533.7563825,300.0000104,422.3128616,0,83.3378049,0.07718782174
191,0.008662155126,-0.008663104195,-9.490689189e-07,602.755239,597.3041071,-526.1485572,442.3605955,0,360.1909618,536.9200439,543.9544667,514.9005572,33.9702034,0.5944325328,442.3605955,0,300,544.4141846,517.9127442,510.1251483,0.2162985057,0.2487592849,0.0003132628613,534.9954938,300.0000103,422.4345627,0,76.60668175,0.0771680022
192,0.008662155126,-0.008663171178,-1.016051903e-06,602.755239,597.0935288,-532.3410378,442.070955,0,360.8971575,538.1763916,545.2006465,515.6364362,34.04439545,0.5942339301,442.070955,0,300,545.659729,518.6470122,510.8608923,0.2158539444,0.2483276503,0.0003132628613,536.2548972,300.0000103,422.5876231,0,70.41420117,0.07713215459
193,0.008662155126,-0.008663255066,-1.099939372e-06,602.755239,598.1055369,-538.0174056,441.8977252,0,361.5442374,539.2369385,546.2473653,516.2028259,34.11302567,0.5940084457,441.8977252,0,300,546.7058105,519.2110752,511.4310193,0.2153959572,0.2478836988,0.0003132628613,537.3222876,300.0000103,422.6890938,0,64.73783338,0.07711204101
194,0.008662155126,-0.008663168447,-1.013320508e-06,602.755239,597.8888294,-543.1947348,441.6283206,0,362.1355696,540.3197632,547.3214923,516.8369319,34.17604065,0.5938424468,441.6283206,0,300,547.7793579,519.8437729,512.0651259,0.2150118649,0.2475107338,0.0003132628613,538.4072943,300.0000103,422.8181388,0,59.56050415,0.07707869239
195,0.008662155126,-0.008663026979,-8.718525667e-07,602.755239,598.7367956,-547.9206302,441.308612,0,362.6757482,541.3167114,548.3091327,517.4145428,34.23377991,0.5936526656,441.308612,0,300,548.7664795,520.4197937,512.6436589,0.2146115005,0.2471234825,0.0003132628613,539.407431,300.0000102,422.9327571,0,54.83460882,0.07705685142
196,0.008662155126,-0.00866306403,-9.089039326e-07,602.755239,599.2456065,-552.2484518,441.0994224,0,363.169144,542.1589355,549.140324,517.8643864,34.28691483,0.5934796333,441.0994224,0,300,549.5971069,520.8677154,513.0968489,0.2142360359,0.246761268,0.0003132628613,540.2554471,300.0000102,423.0095146,0,50.50678719,0.07703091914
197,0.008662155126,-0.008663016522,-8.613957152e-07,602.755239,598.9707147,-556.1877444,440.8704201,0,363.618822,543.0250244,549.9992582,518.3695581,34.33556366,0.5933522582,440.8704201,0,300,550.4556274,521.3717047,513.6022958,0.2139173895,0.2464551486,0.0003132628613,541.123883,300.0000102,423.1077018,0,46.56749462,0.07699673821
198,0.008662155126,-0.008662900448,-7.453220066e-07,602.755239,599.5866846,-559.7766629,440.6301898,0,364.0290138,543.8234253,550.7902122,518.831964,34.38002396,0.5932071805,440.6301898,0,300,551.2460938,521.8328131,514.0655843,0.2135882527,0.246139076,0.0003132628613,541.924545,300.0000102,423.1956927,0,42.97857611,0.07697300388
199,0.008662155126,-0.008662824688,-6.69562167e-07,602.755239,599.9621893,-563.0548164,440.4252203,0,364.4034315,544.5581665,551.5178645,519.2582993,34.42074203,0.5930742621,440.4252203,0,300,551.9733887,522.2578959,514.492984,0.2132791728,0.2458432701,0.0003132628613,542.6619821,300.0000102,423.2749145,0,39.70042261,0.07694711025
200,0.008662155126,-0.008662794013,-6.388864508e-07,602.755239,600.2418893,-566.0511218,440.2695557,0,364.7453387,545.1765747,552.1277374,519.5925069,34.45810699,0.5929532647,440.2695557,0,300,552.5828857,522.5906414,514.829873,0.2129906267,0.2455672418,0.0003132628613,543.2842895,300.0000102,423.328617,0,36.70411718,0.07692089373
201,0.008662155126,-0.008662840951,-6.858245639e-07,602.755239,599.9891519,-568.7904761,440.1724192,0,365.0573343,545.8164673,552.7623299,519.9692313,34.49248505,0.5928637385,440.1724192,0,300,553.2171021,522.9664528,515.2069606,0.2127453238,0.2453321502,0.0003132628613,543.9258728,300.0000102,423.3982274,0,33.96476287,0.07688933254
202,0.008662155126,-0.008662770558,-6.154320172e-07,602.755239,600.4144311,-571.2866749,440.0439618,0,365.3424793,546.4130859,553.3538522,520.3161989,34.52394485,0.5927610397,440.0439618,0,300,553.8083496,523.3124381,515.5546664,0.2124928683,0.2450913914,0.0003132628613,544.5242396,300.0000102,423.4611921,0,31.46856408,0.07686712014
203,0.008662155126,-0.008662758857,-6.037310782e-07,602.755239,600.6786721,-573.5769684,439.9442728,0,365.6036762,546.9625244,553.8980747,520.6367674,34.55289078,0.5926662683,439.9442728,0,300,554.3522339,523.6320528,515.8761091,0.2122552693,0.2448653497,0.0003132628613,545.0756126,300.0000102,423.518073,0,29.17827055,0.07684390629
204,0.008662155126,-0.008662720171,-5.650448754e-07,602.755239,600.8723681,-575.6746652,439.8410415,0,365.8431098,547.4730225,554.4038348,520.9343983,34.57950211,0.5925796628,439.8410415,0,300,554.8577271,523.9287843,516.1746233,0.2120329589,0.2446545205,0.0003132628613,545.5878935,300.0000102,423.5697677,0,27.08057382,0.0768210506
205,0.008662155126,-0.008662677564,-5.224377994e-07,602.755239,601.0342618,-577.6002017,439.742758,0,366.0629353,547.9048462,554.8298342,521.1690528,34.60401154,0.5925005078,439.742758,0,300,555.2834473,524.1624023,516.4112341,0.2118242681,0.244457182,0.0003132628613,546.0224669,300.0000102,423.604536,0,25.15503725,0.07679860662
206,0.008662155126,-0.008662640537,-4.854106328e-07,602.755239,600.8382506,-579.3680472,439.6441477,0,366.2647377,548.3557129,555.2772723,521.434604,34.6266098,0.5924423933,439.6441477,0,300,555.7306519,524.4273009,516.6771023,0.2116445452,0.2442878984,0.0003132628613,546.4742967,300.0000102,423.6508497,0,23.38719175,0.07677277001
207,0.008662155126,-0.008662599059,-4.439326986e-07,602.755239,601.1245592,-580.9949071,439.5567148,0,366.4504895,548.7723389,555.6901214,521.679614,34.64749146,0.5923743844,439.5567148,0,300,556.1433105,524.671607,516.9226925,0.2114603221,0.2441140183,0.0003132628613,546.892534,300.0000102,423.6924597,0,21.76033191,0.07675344249
208,0.008662155126,-0.008662557576,-4.024497545e-07,602.755239,601.298065,-582.4949329,439.4812304,0,366.6217763,549.1613159,556.0757097,521.9065884,34.66682434,0.5923117399,439.4812304,0,300,556.5286865,524.8979,517.1503284,0.2112877369,0.2439510764,0.0003132628613,547.282829,300.0000102,423.7304309,0,20.26030604,0.07673404779
209,0.008662155126,-0.008662512537,-3.57410449e-07,602.755239,601.4253656,-583.8800053,439.4119612,0,366.7799822,549.5224609,556.4336153,522.1179097,34.68474579,0.5922542214,439.4119612,0,300,556.8863525,525.1085789,517.3623078,0.2111259252,0.2437987326,0.0003132628613,547.6449925,300.0000102,423.7654383,0,18.8752337,0.07671512611
210,0.008662155126,-0.008662475272,-3.201462116e-07,602.755239,601.5330236,-585.1613308,439.3581979,0,366.9262969,549.8609009,556.7690992,522.3148605,34.70140457,0.5922009945,439.3581979,0,300,557.2216797,525.3049256,517.5598987,0.2109737247,0.2436560756,0.0003132628613,547.9845264,300.0000102,423.7973828,0,17.59390822,0.07669688059
211,0.008662155126,-0.008662504202,-3.490755934e-07,602.755239,601.6272087,-586.3530201,439.3479067,0,367.0618663,550.1760254,557.0813489,522.4981628,34.71700287,0.5921521783,439.3479067,0,300,557.5337524,525.487657,517.7438311,0.210831672,0.243522637,0.0003132628613,548.300694,300.0000102,423.8266051,0,16.40221889,0.07667946418
212,0.008662155126,-0.008662435973,-2.808470034e-07,602.755239,601.7075187,-587.450566,439.2983251,0,367.1874724,550.4437256,557.3453974,522.644088,34.73146439,0.5921074748,439.2983251,0,300,557.7976074,525.6329387,517.8909918,0.2106987685,0.2433985407,0.0003132628613,548.5702189,300.0000102,423.8466864,0,15.30467295,0.0766632421
213,0.008662155126,-0.008662463824,-3.086974267e-07,602.755239,601.5800925,-588.4749736,439.2821248,0,367.3039813,550.7276611,557.6273128,522.809231,34.74504471,0.5920741558,439.2821248,0,300,558.0794067,525.7976685,518.0563735,0.2105827332,0.2432908288,0.0003132628613,548.8545998,300.0000102,423.8727496,0,14.28026538,0.07664495625
214,0.008662155126,-0.008662454296,-2.991700044e-07,602.755239,601.7488746,-589.424245,439.2587904,0,367.4122173,550.9915771,557.889038,522.9623109,34.75773239,0.59203583,439.2587904,0,300,558.3410034,525.9503077,518.2098344,0.2104646564,0.2431812139,0.0003132628613,549.1192712,300.0000102,423.8965006,0,13.33099402,0.076631346
215,0.008662155126,-0.008662396262,-2.411357083e-07,602.755239,601.8525828,-590.3037774,439.2077426,0,367.51289,551.2380371,558.1333463,523.1044993,34.76954269,0.5920001864,439.2077426,0,300,558.585144,526.092069,518.3524498,0.2103536576,0.2430782244,0.0003132628613,549.366501,300.0000102,423.9181306,0,12.45146158,0.0766178799
216,0.008662155126,-0.008662413133,-2.58007142e-07,602.755239,601.929021,-591.1286013,439.1927248,0,367.6067285,551.468689,558.3619685,523.2370044,34.78067017,0.5919674039,439.1927248,0,300,558.8136597,526.2241694,518.4853832,0.2102490664,0.2429813112,0.0003132628613,549.5978302,300.0000102,423.9379801,0,11.62663772,0.07660453696
217,0.008662155126,-0.008662430575,-2.754485179e-07,602.755239,601.9927176,-591.8975088,439.188663,0,367.6941883,551.684021,558.575501,523.3604554,34.79114532,0.5919372439,439.188663,0,300,559.0270996,526.3472381,518.6092556,0.2101515681,0.2428910931,0.0003132628613,549.8138664,300.0000102,423.9562193,0,10.85773017,0.07659213149
218,0.008662155126,-0.008662426605,-2.714785609e-07,602.755239,602.0469891,-592.6130581,439.1774491,0,367.7757374,551.8852539,558.7749405,523.4758573,34.80097198,0.5919094682,439.1774491,0,300,559.2263794,526.4622829,518.725054,0.2100605071,0.2428068675,0.0003132628613,550.0157371,300.0000102,423.9729995,0,10.14218086,0.07658042435
219,0.008662155126,-0.008662378743,-2.236164539e-07,602.755239,602.0970464,-593.2773221,439.1408089,0,367.8517934,552.0753784,558.9634307,523.5837032,34.81013489,0.5918838382,439.1408089,0,300,559.4147949,526.5697945,518.8332746,0.2099749446,0.2427278913,0.0003132628613,550.2064883,300.0000102,423.9884487,0,9.477916892,0.07656926919
220,0.008662155126,-0.00866239195,-2.368234451e-07,602.755239,602.1428538,-593.9022661,439.1295179,0,367.9228787,552.2369995,559.1230249,523.6694444,34.81879044,0.5918602943,439.1295179,0,300,559.5742798,526.6551554,518.9197549,0.2098942101,0.2426534852,0.0003132628613,550.3690453,300.0000102,423.9989994,0,8.852972922,0.07655839112
221,0.008662155126,-0.008662357142,-2.02016325e-07,602.755239,602.0643699,-594.4812179,439.1002099,0,367.9891108,552.40802,559.2927627,523.7667353,34.82688141,0.5918427706,439.1002099,0,300,559.7439575,526.7522032,519.0171914,0.2098246068,0.2425895773,0.0003132628613,550.5403098,300.0000102,424.0128286,0,8.27402104,0.07654689652
222,0.008662155126,-0.008662338163,-1.830364648e-07,602.755239,602.1624489,-595.0232708,439.0754437,0,368.0510088,552.5664673,559.4499618,523.8568672,34.83448029,0.591822505,439.0754437,0,300,559.901062,526.8420746,519.1075554,0.2097532302,0.2425239854,0.0003132628613,550.6993231,300.0000102,424.0255003,0,7.731968143,0.07653781991
223,0.008662155126,-0.008662320965,-1.658393342e-07,602.755239,602.221574,-595.5299836,439.0553531,0,368.1088655,552.715332,559.5975535,523.9408309,34.84162903,0.5918035507,439.0553531,0,300,560.048584,526.9257879,519.1917692,0.2096862346,0.242462483,0.0003132628613,550.8486206,300.0000102,424.0371349,0,7.225255359,0.07652896326
224,0.008662155126,-0.008662304796,-1.496693899e-07,602.755239,602.2667921,-596.0038322,439.0400008,0,368.162969,552.8549805,559.7359541,524.0190197,34.84835052,0.5917859674,439.0400008,0,300,560.1868896,527.0037384,519.2702119,0.2096228451,0.2424048876,0.0003132628613,550.9886482,300.0000102,424.0478194,0,6.751406794,0.07652050139
225,0.008662155126,-0.008662321797,-1.666710807e-07,602.755239,602.3038408,-596.4495099,439.0423769,0,368.2135955,552.986084,559.8659171,524.0919824,34.85471725,0.5917697549,439.0423769,0,300,560.3167725,527.0764768,519.3434205,0.2095635682,0.2423510496,0.0003132628613,551.1201668,300.0000102,424.0576503,0,6.30572905,0.07651246784
226,0.008662155126,-0.008662288727,-1.336012768e-07,602.755239,602.336392,-596.8623781,439.0284252,0,368.2608872,553.1090088,559.9877803,524.1600707,34.86066055,0.5917547941,439.0284252,0,300,560.4385986,527.1443546,519.4117437,0.2095084637,0.2423009939,0.0003132628613,551.2434625,300.0000102,424.06671,0,5.892860852,0.07650507267
227,0.008662155126,-0.008662303105,-1.479788643e-07,602.755239,602.3655657,-597.2522128,439.0298524,0,368.305172,553.2244263,560.1022152,524.2236374,34.86629105,0.5917410254,439.0298524,0,300,560.5529785,527.2077239,519.475534,0.2094565928,0.242253872,0.0003132628613,551.3592508,300.0000102,424.0750636,0,5.503026148,0.07649787061
228,0.008662155126,-0.008662300091,-1.449652676e-07,602.755239,602.3918653,-597.6154513,439.0285196,0,368.346567,553.3328857,560.2096975,524.283017,34.87158203,0.5917283297,439.0285196,0,300,560.6604004,527.2669188,519.5351241,0.2094083279,0.2422100774,0.0003132628613,551.4680217,300.0000102,424.0827936,0,5.139787649,0.07649126066
229,0.008662155126,-0.008662269751,-1.146251381e-07,602.755239,602.416087,-597.9530121,439.013175,0,368.3852573,553.4346313,560.3104636,524.3385437,34.87651443,0.5917165279,439.013175,0,300,560.7611084,527.3222732,519.5908466,0.2093631178,0.2421690735,0.0003132628613,551.5700877,300.0000102,424.0899348,0,4.802226837,0.0764850036
230,0.008662155126,-0.008662280288,-1.251619278e-07,602.755239,602.4389501,-598.2719236,439.0120642,0,368.4214929,553.5299072,560.4049224,524.3904963,34.88118362,0.5917056799,439.0120642,0,300,560.8555298,527.374065,519.6429816,0.2093205154,0.2421304328,0.0003132628613,551.6657472,300.0000102,424.0965186,0,4.483315418,0.07647893012
231,0.008662155126,-0.008662269624,-1.144980447e-07,602.755239,602.4604494,-598.56847,439.0086966,0,368.4553521,553.6187744,560.492937,524.4389129,34.88555908,0.5916956067,439.0086966,0,300,560.9434814,527.4223299,519.6915746,0.209280923,0.2420944976,0.0003132628613,551.7549221,300.0000102,424.1025935,0,4.186769016,0.07647337908
232,0.008662155126,-0.008662264341,-1.092146117e-07,602.755239,602.4792039,-598.8461436,439.0039806,0,368.487018,553.7022705,560.5756832,524.4842056,34.88966751,0.591686368,439.0039806,0,300,561.0261841,527.4674814,519.7370298,0.2092438191,0.2420608576,0.0003132628613,551.8387278,300.0000102,424.1082117,0,3.909095395,0.07646809286
233,0.008662155126,-0.008662258583,-1.034566255e-07,602.755239,602.4972341,-599.1057103,438.9985557,0,368.5166252,553.7808228,560.6535268,524.5265171,34.89352417,0.5916777849,438.9985557,0,300,561.1039429,527.5096609,519.7794938,0.2092090547,0.2420293678,0.0003132628613,551.9175362,300.0000102,424.1134051,0,3.64952873,0.07646312052
234,0.008662155126,-0.008662252533,-9.740709643e-08,602.755239,602.5138968,-599.3483545,438.9928932,0,368.5443072,553.8544312,560.7264862,524.5660638,34.8971405,0.5916699171,438.9928932,0,300,561.1768799,527.5490843,519.8191829,0.2091765255,0.2419999052,0.0003132628613,551.9913865,300.0000102,424.1182083,0,3.406884454,0.07645843309
235,0.008662155126,-0.008662246344,-9.12176703e-08,602.755239,602.5295284,-599.5751468,438.9873564,0,368.5701847,553.9235229,560.7949494,524.6030028,34.90053177,0.5916626453,438.9873564,0,300,561.2453003,527.585908,519.8562555,0.2091460824,0.2419723358,0.0003132628613,552.0606989,300.0000102,424.1226492,0,3.180092211,0.07645401946
236,0.008662155126,-0.008662240179,-8.505283279e-08,602.755239,602.5440043,-599.787123,438.9821879,0,368.5943744,553.9882812,560.8591034,524.6375036,34.90370941,0.5916558504,438.9821879,0,300,561.3094482,527.620301,519.8908814,0.2091176063,0.2419465492,0.0003132628613,552.1256561,300.0000102,424.126759,0,2.968115955,0.07644986502
237,0.008662155126,-0.008662234187,-7.906102514e-08,602.755239,602.5574443,-599.9852304,438.9775293,0,368.6169831,554.0490723,560.9193768,524.6697512,34.90668869,0.5916495919,438.9775293,0,300,561.3696899,527.6524481,519.9232452,0.2090909779,0.2419224357,0.0003132628613,552.1866694,300.0000102,424.130562,0,2.77000858,0.07644595756
238,0.008662155126,-0.008662242642,-8.751620108e-08,602.755239,602.5701595,-600.1715194,438.9797554,0,368.6381286,554.1061401,560.9759156,524.6998917,34.90949631,0.5916438103,438.9797554,0,300,561.4262085,527.6824947,519.953494,0.209066093,0.2418998838,0.0003132628613,552.2439086,300.0000102,424.1340818,0,2.583719585,0.07644228807
239,0.008662155126,-0.008662228044,-7.291813843e-08,602.755239,602.582081,-600.343777,438.9738038,0,368.6578628,554.159668,561.0290178,524.7280915,34.91210938,0.5916384459,438.9738038,0,300,561.479248,527.7106072,519.9817934,0.2090429813,0.2418789244,0.0003132628613,552.2976539,300.0000102,424.1373427,0,2.411461979,0.07643893111
240,0.008662155126,-0.008662221829,-6.670312632e-08,602.755239,602.5936155,-600.5053744,438.9688205,0,368.676315,554.2097778,561.0786358,524.7544386,34.91455078,0.5916334987,438.9688205,0,300,561.5288696,527.7368728,520.0082339,0.2090211958,0.2418591707,0.0003132628613,552.3479065,300.0000102,424.1403614,0,2.249864611,0.07643568392
241,0.008662155126,-0.008662227931,-7.28046859e-08,602.755239,602.6043369,-600.6573158,438.9700035,0,368.6935676,554.2567749,561.1252039,524.7790608,34.91685486,0.5916289091,438.9700035,0,300,561.5753784,527.7614187,520.0329432,0.2090008259,0.2418407079,0.0003132628613,552.3950583,300.0000102,424.1431565,0,2.097923136,0.07643264055
242,0.008662155126,-0.008662215104,-5.997792964e-08,602.755239,602.6143643,-600.7977569,438.9647851,0,368.709664,554.3007812,561.1688035,524.8020435,34.91899109,0.5916246176,438.9647851,0,300,561.6189575,527.78433,520.0560076,0.2089819312,0.2418235544,0.0003132628613,552.4392098,300.0000102,424.1457445,0,1.957482082,0.07642985959
243,0.008662155126,-0.008662219816,-6.469000773e-08,602.755239,602.6236435,-600.9303128,438.9653012,0,368.72472,554.342041,561.2097467,524.8235252,34.92100525,0.5916206837,438.9653012,0,300,561.6599121,527.8057453,520.0775652,0.2089641243,0.2418074092,0.0003132628613,552.4806603,300.0000102,424.1481406,0,1.824926208,0.07642716858
244,0.008662155126,-0.008662207997,-5.287103605e-08,602.755239,602.6324354,-601.0528042,438.9603442,0,368.738764,554.3806763,561.2479975,524.8435493,34.92287064,0.5916170478,438.9603442,0,300,561.6981201,527.825707,520.0976611,0.208947584,0.2417924175,0.0003132628613,552.5194032,300.0000102,424.1503599,0,1.702434762,0.0764247163
245,0.008662155126,-0.008662211723,-5.65971808e-08,602.755239,602.6403869,-601.1684003,438.9606253,0,368.7518966,554.4168701,561.2838626,524.8622526,34.92462921,0.5916137099,438.9606253,0,300,561.7339478,527.8443523,520.1164311,0.2089320421,0.2417783175,0.0003132628613,552.5557177,300.0000102,424.1524154,0,1.586838668,0.07642234239
246,0.008662155126,-0.008662201006,-4.587953711e-08,602.755239,602.647902,-601.275183,438.9562178,0,368.7641427,554.4507446,561.3174048,524.8797136,34.92625809,0.5916105509,438.9562178,0,300,561.7674561,527.8617591,520.133954,0.2089176029,0.2417652343,0.0003132628613,552.5896902,300.0000102,424.1543187,0,1.480055995,0.07642018068
247,0.008662155126,-0.008662203962,-4.883602339e-08,602.755239,602.6549845,-601.3759421,438.9564896,0,368.7755919,554.4823608,561.348781,524.8959046,34.9277916,0.5916076899,438.9564896,0,300,561.7988281,527.8778987,520.1502064,0.2089040279,0.2417529233,0.0003132628613,552.6214686,300.0000102,424.1560724,0,1.379296927,0.07641809358
248,0.008662155126,-0.008662194664,-3.953758515e-08,602.755239,602.6607181,-601.4690097,438.9528497,0,368.7862647,554.5120239,561.3781469,524.9111111,34.92921066,0.5916050076,438.9528497,0,300,561.828186,527.8930585,520.1654657,0.2088914663,0.2417415447,0.0003132628613,552.6512102,300.0000102,424.1577045,0,1.286229252,0.07641618355
249,0.008662155126,-0.008662197177,-4.205071898e-08,602.755239,602.6671201,-601.556798,438.9532585,0,368.7962404,554.5397339,561.4056327,524.9253002,34.93054581,0.5916025043,438.9532585,0,300,561.8556519,527.9072037,520.1797048,0.2088796347,0.2417308153,0.0003132628613,552.6790461,300.0000102,424.1592163,0,1.198440987,0.07641435405
250,0.008662155126,-0.008662195688,-4.056219863e-08,602.755239,602.6729402,-601.6384032,438.9532687,0,368.8055444,554.5657349,561.4313464,524.9385449,34.93179321,0.5916002393,438.9532687,0,300,561.8813477,527.9204074,520.1929961,0.2088684887,0.2417208669,0.0003132628613,552.7050879,300.0000102,424.1606161,0,1.11683576,0.0764126887
251,0.008662155126,-0.008662189412,-3.428632257e-08,602.755239,602.6783851,-601.7141688,438.9501639,0,368.8142224,554.5899658,561.4554011,524.9509015,34.93294907,0.5915980935,438.9501639,0,300,561.9053955,527.9327259,520.2053962,0.2088580877,0.2417115729,0.0003132628613,552.7294493,300.0000102,424.1619129,0,1.041070215,0.07641112654
252,0.008662155126,-0.008662185704,-3.057800077e-08,602.755239,602.6834612,-601.7850395,438.9479228,0,368.8223221,554.6127319,561.4779165,524.9624294,34.93402863,0.5915961266,438.9479228,0,300,561.9279175,527.9442181,520.2169647,0.2088483125,0.2417028463,0.0003132628613,552.7522529,300.0000102,424.1631138,0,0.9701995224,0.07640962982
253,0.008662155126,-0.008662182543,-2.741686936e-08,602.755239,602.6882027,-601.8511868,438.9464082,0,368.8298795,554.6339722,561.4989706,524.9731835,34.93503189,0.5915942788,438.9464082,0,300,561.9489746,527.9549389,520.2277566,0.2088392079,0.2416947037,0.0003132628613,552.7735758,300.0000102,424.1642244,0,0.9040521545,0.07640823132
254,0.008662155126,-0.008662179842,-2.47161888e-08,602.755239,602.6926319,-601.912914,438.9454727,0,368.8369299,554.6537476,561.5186064,524.9832113,34.93597031,0.5915926099,438.9454727,0,300,561.9685669,527.9649357,520.2378197,0.2088306993,0.2416871089,0.0003132628613,552.7934612,300.0000102,424.1652534,0,0.8423249501,0.07640692539
255,0.008662155126,-0.008662177575,-2.244851519e-08,602.755239,602.6967436,-601.9705061,438.9449587,0,368.8435058,554.6723022,561.5369771,524.9925668,34.93684387,0.5915910602,438.9449587,0,300,561.9869385,527.9742623,520.247208,0.2088227719,0.2416800281,0.0003132628613,552.812066,300.0000102,424.1662068,0,0.7847328795,0.07640570743
256,0.008662155126,-0.008662175687,-2.056078838e-08,602.755239,602.7006161,-602.024234,438.9447188,0,368.8496387,554.6896362,561.554159,525.0012959,34.93766022,0.59158957,438.9447188,0,300,562.0040894,527.9829645,520.2559675,0.2088153809,0.241673426,0.0003132628613,552.8294673,300.0000102,424.1670903,0,0.731004947,0.07640457252
257,0.008662155126,-0.008662174175,-1.904891017e-08,602.755239,602.7042636,-602.0743542,438.9446652,0,368.8553577,554.7058716,561.5702245,525.0094373,34.93841934,0.5915882587,438.9446652,0,300,562.0201416,527.9910808,520.2641373,0.2088084966,0.24166727,0.0003132628613,552.8457379,300.0000102,424.1679091,0,0.6808848203,0.07640351507
258,0.008662155126,-0.008662172869,-1.774243931e-08,602.755239,602.7076739,-602.1210934,438.9446514,0,368.8606901,554.7210083,561.5852428,525.0170279,34.93912888,0.591587007,438.9446514,0,300,562.0351562,527.998648,520.2717544,0.2088020891,0.2416615314,0.0003132628613,552.860948,300.0000102,424.1686679,0,0.6341456185,0.07640252963
259,0.008662155126,-0.00866217174,-1.661346948e-08,602.755239,602.7108454,-602.1646744,438.9446168,0,368.8656614,554.7351685,561.5992756,525.0240948,34.93978882,0.5915858746,438.9446168,0,300,562.0491943,528.005693,520.2788463,0.2087961137,0.2416561812,0.0003132628613,552.8751605,300.0000102,424.1693712,0,0.5905645584,0.07640161024
260,0.008662155126,-0.008662170741,-1.561437651e-08,602.755239,602.713729,-602.2053032,438.9445249,0,368.8702955,554.7484131,561.6123891,525.0306846,34.94040298,0.5915848017,438.9445249,0,300,562.0623169,528.0122624,520.2854591,0.2087905407,0.2416511965,0.0003132628613,552.8884419,300.0000102,424.1700226,0,0.5499357715,0.07640075089
261,0.008662155126,-0.008662169826,-1.469981861e-08,602.755239,602.7164567,-602.2431736,438.9443626,0,368.8746148,554.7608032,561.6246415,525.0368285,34.940979,0.5915837884,438.9443626,0,300,562.0745239,528.0183874,520.2916245,0.2087853402,0.2416465482,0.0003132628613,552.9008509,300.0000102,424.1706265,0,0.5120653377,0.07639994887
262,0.008662155126,-0.008662168967,-1.38409723e-08,602.755239,602.7190226,-602.2784679,438.9441324,0,368.8786403,554.7723389,561.6360874,525.0425563,34.94150925,0.5915828943,438.9441324,0,300,562.0859985,528.0240975,520.2973721,0.2087804973,0.2416422133,0.0003132628613,552.9124433,300.0000102,424.1711859,0,0.4767711067,0.07639919964
263,0.008662155126,-0.008662168145,-1.30192742e-08,602.755239,602.7214286,-602.3113569,438.9438467,0,368.8823916,554.7831421,561.6467792,525.0478993,34.94200516,0.5915820003,438.9438467,0,300,562.0966797,528.0294242,520.3027336,0.2087759823,0.2416381703,0.0003132628613,552.9232716,300.0000102,424.1717041,0,0.4438820907,0.07639849953
264,0.008662155126,-0.00866216735,-1.222360921e-08,602.755239,602.7237096,-602.3420014,438.9435234,0,368.8858872,554.7932129,561.6567645,525.0528787,34.94246674,0.5915812254,438.9435234,0,300,562.1066895,528.0343882,520.3077301,0.2087717652,0.2416343987,0.0003132628613,552.9333846,300.0000102,424.1721845,0,0.4132375948,0.07639784526
265,0.008662155126,-0.008662166578,-1.145192874e-08,602.755239,602.7258305,-602.3705519,438.9431806,0,368.8891441,554.8026123,561.6660888,525.0575187,34.9428978,0.5915805101,438.9431806,0,300,562.1159668,528.039014,520.3123862,0.2087678462,0.2416308814,0.0003132628613,552.9428282,300.0000102,424.1726295,0,0.3846870514,0.07639723367
266,0.008662155126,-0.008662165831,-1.070507856e-08,602.755239,602.727807,-602.3971495,438.9428347,0,368.8921785,554.8114014,561.6748095,525.0618452,34.94329834,0.5915798545,438.9428347,0,300,562.1246948,528.0433272,520.3167274,0.2087641805,0.2416276018,0.0003132628613,552.9516601,300.0000102,424.1730418,0,0.3580894358,0.076396662
267,0.008662155126,-0.008662165111,-9.984548648e-09,602.755239,602.7296759,-602.4219285,438.9424993,0,368.8950056,554.8196411,561.68295,525.0658756,34.94366837,0.5915791988,438.9424993,0,300,562.1328125,528.0473452,520.3207716,0.2087607831,0.2416245433,0.0003132628613,552.9599042,300.0000102,424.1734239,0,0.333310483,0.07639612783
268,0.008662155126,-0.008662164422,-9.295812071e-09,602.755239,602.7314075,-602.4450107,438.9421843,0,368.8976392,554.8272705,561.6905468,525.0696282,34.9440155,0.5915786624,438.9421843,0,300,562.1404419,528.0510863,520.3245372,0.2087575942,0.2416216921,0.0003132628613,552.9675978,300.0000102,424.1737782,0,0.3102282421,0.07639562882
269,0.008662155126,-0.008662163769,-8.6429938e-09,602.755239,602.7330082,-602.4665111,438.9418951,0,368.9000925,554.8344727,561.697635,525.073123,34.94433594,0.591578126,438.9418951,0,300,562.147522,528.0545704,520.328044,0.2087546438,0.2416190354,0.0003132628613,552.9747764,300.0000102,424.1741062,0,0.2887279089,0.07639516251
270,0.008662155126,-0.008662163155,-8.028890991e-09,602.755239,602.7344967,-602.4865364,438.9416342,0,368.9023774,554.8411255,561.7042484,525.0763786,34.94463348,0.5915775895,438.9416342,0,300,562.1541138,528.057816,520.3313108,0.2087518871,0.24161656,0.0003132628613,552.9814744,300.0000102,424.1744103,0,0.2687025679,0.07639472698
271,0.008662155126,-0.008662162581,-7.454381706e-09,602.755239,602.7358923,-602.5051867,438.9414017,0,368.9045055,554.8473511,561.7104252,525.079412,34.94491196,0.5915771723,438.9414017,0,300,562.1602783,528.0608401,520.3343546,0.2087493241,0.2416142534,0.0003132628613,552.9877303,300.0000102,424.1746921,0,0.2500522753,0.07639432057
272,0.008662155126,-0.008662162045,-6.919132718e-09,602.755239,602.7372075,-602.5225558,438.9411961,0,368.9064874,554.8531494,561.7161848,525.0822361,34.94517136,0.5915766954,438.9411961,0,300,562.1660767,528.0636555,520.3371883,0.208746925,0.2416121041,0.0003132628613,552.9935636,300.0000102,424.1749531,0,0.2326831976,0.07639394157
273,0.008662155126,-0.008662161549,-6.422947393e-09,602.755239,602.7384207,-602.5387304,438.9410146,0,368.908333,554.8585815,561.7215562,525.0848658,34.94541168,0.5915763378,438.9410146,0,300,562.1713867,528.0662771,520.339827,0.2087447047,0.2416101022,0.0003132628613,552.9990038,300.0000102,424.1751951,0,0.2165085733,0.07639358785
274,0.008662155126,-0.00866216109,-5.964216211e-09,602.755239,602.7395554,-602.5537917,438.9408539,0,368.9100515,554.8636475,561.7265656,525.0873147,34.94563293,0.5915759206,438.9408539,0,300,562.1764526,528.0687185,520.3422843,0.2087426335,0.2416082375,0.0003132628613,553.0040773,300.0000102,424.1754192,0,0.2014472977,0.07639325803
275,0.008662155126,-0.008662160667,-5.540613501e-09,602.755239,602.7406185,-602.5678153,438.9407108,0,368.9116515,554.8683472,561.7312372,525.0895951,34.94583893,0.5915756226,438.9407108,0,300,562.1810913,528.070992,520.3445725,0.2087406963,0.2416065007,0.0003132628613,553.0088085,300.0000102,424.1756267,0,0.1874236508,0.07639295052
276,0.008662155126,-0.008662160276,-5.149528694e-09,602.755239,602.7416066,-602.580872,438.9405822,0,368.9131413,554.8727417,561.7355896,525.0917187,34.94603348,0.5915753245,438.9405822,0,300,562.1854248,528.073109,520.3467032,0.2087388933,0.2416048833,0.0003132628613,553.0132166,300.0000102,424.1758192,0,0.1743669428,0.07639266365
277,0.008662155126,-0.008662159914,-4.788185367e-09,602.755239,602.7425339,-602.5930274,438.9404656,0,368.9145281,554.8768311,561.7396497,525.0936957,34.94621277,0.5915749669,438.9404656,0,300,562.1895142,528.07508,520.348687,0.2087372243,0.2416033771,0.0003132628613,553.0173287,300.0000102,424.1759974,0,0.1622115565,0.07639239636
278,0.008662155126,-0.00866215958,-4.454123913e-09,602.755239,602.7433993,-602.6043433,438.9403586,0,368.9158192,554.8806763,561.7434362,525.0955362,34.9463768,0.5915747285,438.9403586,0,300,562.1932983,528.0769149,520.3505337,0.2087356597,0.2416019745,0.0003132628613,553.0211634,300.0000102,424.1761626,0,0.1508956598,0.07639214721
279,0.008662155126,-0.008662159271,-4.14468353e-09,602.755239,602.7442063,-602.6148771,438.9402597,0,368.917021,554.8842163,561.7469678,525.0972493,34.9465332,0.5915744901,438.9402597,0,300,562.1968384,528.0786227,520.3522526,0.2087342143,0.2416006686,0.0003132628613,553.02474,300.0000102,424.1763157,0,0.1403618461,0.07639191499
280,0.008662155126,-0.008662158984,-3.857773101e-09,602.755239,602.7449553,-602.6246825,438.9401675,0,368.9181397,554.8875732,561.7502489,525.0988418,34.94667435,0.5915742517,438.9401675,0,300,562.2000732,528.0802104,520.3538507,0.2087328732,0.2415994528,0.0003132628613,553.0280632,300.0000102,424.1764576,0,0.1305564552,0.07639169858
281,0.008662155126,-0.008662158718,-3.592119133e-09,602.755239,602.7456407,-602.6338079,438.9400807,0,368.9191808,554.890625,561.7533097,525.1003247,34.94680786,0.5915740132,438.9400807,0,300,562.203125,528.0816887,520.3553385,0.2087316066,0.2415983218,0.0003132628613,553.0311632,300.0000102,424.1765889,0,0.1214310793,0.07639149654
282,0.008662155126,-0.008662158471,-3.344975037e-09,602.755239,602.7462871,-602.6423006,438.9399986,0,368.9201497,554.8935547,561.7561718,525.1017055,34.94693375,0.5915738344,438.9399986,0,300,562.2059937,528.0830653,520.356724,0.2087304443,0.2415972688,0.0003132628613,553.0340614,300.0000102,424.1767106,0,0.1129383939,0.07639130845
283,0.008662155126,-0.00866215824,-3.114344019e-09,602.755239,602.746898,-602.6502049,438.9399211,0,368.9210515,554.8962402,561.7588313,525.1029906,34.94704819,0.5915736556,438.9399211,0,300,562.2086792,528.0843465,520.3580135,0.2087293565,0.241596288,0.0003132628613,553.0367551,300.0000102,424.1768236,0,0.1050341005,0.07639113355
284,0.008662155126,-0.008662158025,-2.899080377e-09,602.755239,602.7474671,-602.65756,438.9398481,0,368.9218906,554.8987427,561.7613119,525.1041869,34.947155,0.5915734768,438.9398481,0,300,562.2111206,528.0855392,520.3592138,0.2087283432,0.2415953752,0.0003132628613,553.0392673,300.0000102,424.1769282,0,0.09767895211,0.07639097024
285,0.008662155126,-0.008662157824,-2.69809536e-09,602.755239,602.7479991,-602.6644043,438.9397795,0,368.9226715,554.901062,561.7636246,525.1053002,34.94725418,0.591573298,438.9397795,0,300,562.2134399,528.0866491,520.3603308,0.2087274045,0.2415945254,0.0003132628613,553.0416095,300.0000102,424.177025,0,0.0908346568,0.07639081822
286,0.008662155126,-0.008662157637,-2.510424356e-09,602.755239,602.7484967,-602.6707729,438.9397153,0,368.9233981,554.9031982,561.7657805,525.1063362,34.94734573,0.5915731192,438.9397153,0,300,562.2156372,528.0876819,520.3613703,0.2087265253,0.2415937345,0.0003132628613,553.0437929,300.0000102,424.1771148,0,0.08446608712,0.07639067665
287,0.008662155126,-0.008662157461,-2.335286622e-09,602.755239,602.7489586,-602.6766987,438.9396556,0,368.9240742,554.9052734,561.7677896,525.1073002,34.94742966,0.5915730596,438.9396556,0,300,562.2176514,528.0886429,520.3623375,0.2087257206,0.2415929987,0.0003132628613,553.0458278,300.0000102,424.1771981,0,0.07854031585,0.07639054449
288,0.008662155126,-0.008662157298,-2.171883836e-09,602.755239,602.7493912,-602.682212,438.9396001,0,368.9247032,554.9071655,561.7696618,525.1081971,34.94750977,0.5915728807,438.9396001,0,300,562.2194824,528.0895371,520.3632373,0.2087249607,0.2415923136,0.0003132628613,553.0477237,300.0000102,424.1772753,0,0.07302696724,0.07639042182
289,0.008662155126,-0.008662157146,-2.019699442e-09,602.755239,602.7497937,-602.6873415,438.9395488,0,368.9252884,554.9088745,561.7714062,525.1090315,34.94758224,0.5915727615,438.9395488,0,300,562.2212524,528.0903689,520.3640745,0.2087242454,0.2415916762,0.0003132628613,553.0494902,300.0000102,424.1773469,0,0.0678974505,0.07639030734
290,0.008662155126,-0.008662157004,-1.877910816e-09,602.755239,602.7501682,-602.6921136,438.9395014,0,368.9258329,554.9105225,561.7730312,525.1098078,34.94765091,0.5915726423,438.9395014,0,300,562.2228394,528.0911428,520.3648534,0.2087235898,0.2415910831,0.0003132628613,553.051136,300.0000102,424.1774131,0,0.06312536221,0.07639020075
291,0.008662155126,-0.008662156872,-1.745969345e-09,602.755239,602.7505208,-602.696553,438.9394576,0,368.9263394,554.9120483,561.774545,525.1105299,34.94771576,0.5915725827,438.9394576,0,300,562.2243652,528.0918628,520.3655779,0.2087229788,0.2415905312,0.0003132628613,553.052669,300.0000102,424.1774744,0,0.05868599756,0.07639010149
292,0.008662155126,-0.008662156749,-1.623205908e-09,602.755239,602.7508454,-602.7006825,438.9394172,0,368.9268105,554.9135132,561.7759549,525.1112016,34.94777298,0.5915724635,438.9394172,0,300,562.225769,528.0925324,520.3662518,0.2087224126,0.2415900177,0.0003132628613,553.0540969,300.0000102,424.1775315,0,0.05455645737,0.07639000913
293,0.008662155126,-0.008662156635,-1.509050281e-09,602.755239,602.7511482,-602.7045237,438.9393799,0,368.9272487,554.9147949,561.7772682,525.1118263,34.9478302,0.5915724039,438.9393799,0,300,562.2271118,528.0931553,520.3668787,0.208721891,0.2415895403,0.0003132628613,553.0554268,300.0000102,424.1775843,0,0.05071527059,0.07638992293
294,0.008662155126,-0.008662156529,-1.402935388e-09,602.755239,602.7514319,-602.7080965,438.9393453,0,368.9276564,554.9160767,561.7784912,525.1124074,34.94787979,0.5915722847,438.9393453,0,300,562.2283325,528.0937346,520.3674617,0.2087213993,0.2415890963,0.0003132628613,553.0566654,300.0000102,424.1776333,0,0.04714253352,0.07638984279
295,0.008662155126,-0.00866215643,-1.304245984e-09,602.755239,602.7516949,-602.7114193,438.9393134,0,368.9280355,554.9171753,561.7796299,525.1129478,34.94792557,0.5915722251,438.9393134,0,300,562.2294312,528.0942734,520.3680039,0.2087209374,0.2415886828,0.0003132628613,553.0578187,300.0000102,424.1776787,0,0.04381966776,0.07638976847
296,0.008662155126,-0.008662156339,-1.212513671e-09,602.755239,602.7519429,-602.7145096,438.9392839,0,368.928388,554.9182739,561.7806921,525.1134502,34.94797134,0.5915721655,438.9392839,0,300,562.2305298,528.0947742,520.3685079,0.2087205201,0.2415882984,0.0003132628613,553.0588943,300.0000102,424.1777205,0,0.04072934056,0.07638969895
297,0.008662155126,-0.008662156253,-1.127356226e-09,602.755239,602.7521696,-602.7173838,438.9392565,0,368.928716,554.9192505,561.7816802,525.1139174,34.94801331,0.5915721059,438.9392565,0,300,562.2315063,528.09524,520.3689767,0.2087201178,0.2415879408,0.0003132628613,553.059895,300.0000102,424.1777595,0,0.03785520645,0.07638963447
298,0.008662155126,-0.008662156174,-1.048124388e-09,602.755239,602.7523812,-602.7200566,438.939231,0,368.9290209,554.9202271,561.7825997,525.1143519,34.94804764,0.5915720463,438.939231,0,300,562.2324219,528.0956732,520.3694126,0.2087197602,0.2415876083,0.0003132628613,553.0608262,300.0000102,424.1777955,0,0.03518241904,0.07638957422
299,0.008662155126,-0.008662156101,-9.745055943e-10,602.755239,602.7525812,-602.7225419,438.9392074,0,368.9293044,554.9210815,561.7834554,525.1147559,34.94808578,0.5915719867,438.9392074,0,300,562.2332764,528.096076,520.369818,0.2087194175,0.2415872991,0.0003132628613,553.0616929,300.0000102,424.1778289,0,0.03269710832,0.0763895183
300,0.008662155126,-0.008662156032,-9.059988176e-10,602.755239,602.7527655,-602.7248528,438.9391853,0,368.9295681,554.921875,561.7842517,525.1151316,34.9481163,0.5915719271,438.9391853,0,300,562.2340698,528.0964505,520.3701949,0.2087190896,0.2415870115,0.0003132628613,553.0624993,300.0000102,424.1778598,0,0.03038622611,0.07638946629
301,0.008662155126,-0.008662768191,-6.130643991e-07,602.755239,602.7528907,-602.6850895,438.6175638,0,368.9200735,555.0264282,561.8844694,525.1552372,34.95588303,0.5915718675,438.6175638,0,300,562.3342896,528.1360782,520.4132211,0.2087187916,0.2415867441,0.0003132628613,553.1669657,299.9990849,424.1517119,0,0.07014948998,0.0763894178
302,0.008662155126,-0.00866272669,-5.715637167e-07,602.755239,602.0787148,-604.8104411,438.2208236,0,369.1633774,555.0527344,561.9080718,525.1879116,34.96484375,0.5873791575,438.2208236,0,300,562.3578491,528.1683332,520.4474218,0.2087156475,0.2414043013,0.0003132628613,553.1945274,299.9981048,424.2489994,0,-2.055202104,0.07629397694
303,0.008662155126,-0.00866273932,-5.84193795e-07,602.755239,601.8124703,-605.6588946,437.8273638,0,369.260151,555.0512085,561.9056349,525.2136225,34.97182083,0.5853387117,437.8273638,0,300,562.3554077,528.1937608,520.4738528,0.2087096274,0.2412746991,0.0003132628613,553.1940863,299.9978442,424.3631528,0,-2.903655579,0.07622990049
304,0.008662155126,-0.008662787556,-6.324303324e-07,602.755239,601.7311327,-605.937514,437.5413548,0,369.2914621,555.036438,561.89091,525.2539229,34.97633743,0.5843758583,437.5413548,0,300,562.3406982,528.2339757,520.5137911,0.2087019235,0.2411852722,0.0003132628613,553.1803814,299.9989194,424.6589679,0,-3.182275048,0.07618786817
305,0.008662155126,-0.008662690414,-5.352875029e-07,602.755239,601.9270004,-605.9943549,437.2958837,0,369.2986421,555.0287476,561.8836021,525.2679276,34.97859573,0.5837296247,437.2958837,0,300,562.333374,528.2478944,520.5277832,0.2086940259,0.2411161711,0.0003132628613,553.1731585,299.9995143,424.7199833,0,-3.239115917,0.07616474726
306,0.008662155126,-0.008662704625,-5.494986403e-07,602.755239,601.9408931,-606.0049316,437.2069328,0,369.299677,555.0215454,561.8768705,525.2780923,34.97933197,0.5835139751,437.2069328,0,300,562.3266602,528.2580563,520.5376746,0.2086842507,0.2410782595,0.0003132628613,553.1665181,300.0000006,424.775172,0,-3.249692588,0.07614753351
307,0.008662155126,-0.008662672881,-5.177549907e-07,602.755239,602.0214399,-606.003552,437.1635036,0,369.2997573,555.0142212,561.869959,525.2850654,34.97893906,0.5834539533,437.1635036,0,300,562.3197632,528.2650747,520.5442348,0.2086764276,0.2410582715,0.0003132628613,553.1597573,300.0000006,424.8145965,0,-3.24831302,0.07613900186
308,0.008662155126,-0.008662634355,-4.792288663e-07,602.755239,602.1255251,-606.0025966,437.1509738,0,369.2999631,555.0062866,561.8622818,525.2893917,34.97776413,0.583427906,437.1509738,0,300,562.3120728,528.2694739,520.5480928,0.208668381,0.2410507879,0.0003132628613,553.1522775,300.0000004,424.8397462,0,-3.247357607,0.07613597702
309,0.008662155126,-0.008662593666,-4.385403088e-07,602.755239,602.2332039,-605.9993077,437.1641184,0,369.29993,554.9976807,561.8539069,525.291918,34.97606659,0.5834309459,437.1641184,0,300,562.3037109,528.2720875,520.5501427,0.2086604834,0.2410518283,0.0003132628613,553.144082,300.0000002,424.8540601,0,-3.244068719,0.07613656581
310,0.008662155126,-0.008662544651,-3.895243609e-07,602.755239,602.3364728,-605.9887736,437.1927685,0,369.2991428,554.9882812,561.8446959,525.2926225,34.9740448,0.583445847,437.1927685,0,300,562.2944946,528.2728801,520.5504123,0.2086529881,0.2410583766,0.0003132628613,553.1350056,300.0000001,424.8573622,0,-3.233534663,0.07613945881
311,0.008662155126,-0.008662539475,-3.843489743e-07,602.755239,602.4255795,-605.9713714,437.2440729,0,369.2972143,554.9782715,561.8349505,525.2924158,34.9719162,0.5834690332,437.2440729,0,300,562.284729,528.2727591,520.5498139,0.2086460739,0.2410682923,0.0003132628613,553.1253141,300,424.8502192,0,-3.216132412,0.07614352168
312,0.008662155126,-0.008662401705,-2.465788807e-07,602.755239,602.5029259,-605.9305343,437.2568329,0,369.2936983,554.9679565,561.8248191,525.2911786,34.96957779,0.5834993124,437.2568329,0,300,562.2745972,528.2715979,520.5482502,0.2086399645,0.2410798555,0.0003132628613,553.1151672,300,424.8346833,0,-3.175295342,0.07614816392
313,0.008662155126,-0.008662333411,-1.782852364e-07,602.755239,602.5644058,-605.8804566,437.2798323,0,369.2885563,554.958252,561.8153662,525.2912303,34.96730423,0.5835357904,437.2798323,0,300,562.2651978,528.2717487,520.5479531,0.2086333483,0.2410918812,0.0003132628613,553.1055531,300,424.7939418,0,-3.125217595,0.07615259656
314,0.008662155126,-0.008662274224,-1.19097992e-07,602.755239,602.6239658,-605.8137205,437.308259,0,369.2814353,554.9489746,561.8063916,525.2901149,34.96515274,0.5835987926,437.308259,0,300,562.2562256,528.2706908,520.5466208,0.2086255699,0.2411028268,0.0003132628613,553.0963133,299.9999999,424.7472549,0,-3.058481551,0.0761563719
315,0.008662155126,-0.008662220645,-6.551880527e-08,602.755239,602.6618219,-605.7319791,437.3378583,0,369.2725515,554.9403076,561.7979969,525.2883588,34.96317673,0.5836699009,437.3378583,0,300,562.2478027,528.2689735,520.5447199,0.208617121,0.241112707,0.0003132628613,553.0875976,299.9999999,424.697848,0,-2.97674013,0.07615922473
316,0.008662155126,-0.008662211935,-5.680844213e-08,602.755239,602.686729,-605.6392711,437.363734,0,369.2620433,554.932373,561.7903652,525.2863186,34.9614563,0.5837435126,437.363734,0,300,562.2401733,528.2669616,520.542581,0.2086081952,0.2411211888,0.0003132628613,553.0795912,300,424.6487657,0,-2.884032083,0.07616115947
317,0.008662155126,-0.008662142127,1.299894469e-08,602.755239,602.702904,-605.5286337,437.395732,0,369.249984,554.9252319,561.7835204,525.2841685,34.95991898,0.5838170052,437.395732,0,300,562.2333374,528.2648321,520.5403659,0.2085983157,0.2411276231,0.0003132628613,553.0723673,300,424.6008903,0,-2.773394683,0.07616195254
318,0.008662155126,-0.008662109628,4.549771532e-08,602.755239,602.7125395,-605.4091836,437.4294626,0,369.2366079,554.9187622,561.7773798,525.2821495,34.95863724,0.5838879943,437.4294626,0,300,562.2272339,528.2628285,520.5383049,0.2085888237,0.2411332677,0.0003132628613,553.0658488,300,424.5545833,0,-2.653944649,0.07616232557
319,0.008662155126,-0.008662113883,4.12427036e-08,602.755239,602.7178419,-605.2822678,437.4592834,0,369.2220737,554.9130249,561.7718957,525.2803439,34.95762253,0.5839573145,437.4592834,0,300,562.2217407,528.2610336,520.536477,0.2085789144,0.2411374258,0.0003132628613,553.0599919,300,424.510753,0,-2.527028833,0.0761619931
320,0.008662155126,-0.008662068155,8.697107482e-08,602.755239,602.7194189,-605.1422664,437.4946667,0,369.2064507,554.9078369,561.766934,525.2788945,34.95678711,0.58402282,437.4946667,0,300,562.2167358,528.2595915,520.5350173,0.2085682303,0.2411399177,0.0003132628613,553.0546999,300,424.4694064,0,-2.387027434,0.07616089081
321,0.008662155126,-0.008662050868,1.042577349e-07,602.755239,602.7190763,-604.9966026,437.5286478,0,369.1899447,554.9031982,561.7625045,525.2778683,34.95615768,0.5840838552,437.5286478,0,300,562.2123413,528.2585695,520.533991,0.2085581273,0.2411415601,0.0003132628613,553.0499642,300,424.430765,0,-2.24136365,0.076159476
322,0.008662155126,-0.008662039219,1.159071932e-07,602.755239,602.71719,-604.8446412,437.5603245,0,369.1726706,554.8988647,561.758358,525.2773558,34.95569611,0.5841414332,437.5603245,0,300,562.2081909,528.2580588,520.5334851,0.2085479647,0.241142046,0.0003132628613,553.0455489,300,424.394761,0,-2.089402166,0.07615762688
323,0.008662155126,-0.008662030545,1.245807672e-07,602.755239,602.7145493,-604.6873098,437.5894851,0,369.1547568,554.8949585,561.7546784,525.2773555,34.95537186,0.5841949582,437.5894851,0,300,562.2045288,528.2580576,520.5334978,0.2085377276,0.2411414695,0.0003132628613,553.0416201,300,424.3614266,0,-1.932070833,0.0761554099
324,0.008662155126,-0.008662024201,1.309254191e-07,602.755239,602.711187,-604.5258173,437.6163042,0,369.1363474,554.8914185,561.7512339,525.277772,34.95514679,0.5842445493,437.6163042,0,300,562.2010498,528.2584701,520.5339362,0.2085274905,0.2411399579,0.0003132628613,553.0379587,300,424.3304803,0,-1.770578314,0.07615289263
325,0.008662155126,-0.008662021338,1.337881763e-07,602.755239,602.7065081,-604.3616288,437.6445135,0,369.1176007,554.8880615,561.7480424,525.2789063,34.95499802,0.5842905045,437.6445135,0,300,562.197876,528.2596002,520.5350896,0.2085172236,0.2411376668,0.0003132628613,553.034571,300,424.3018424,0,-1.606389862,0.0761501314
326,0.008662155126,-0.008662020877,1.342495516e-07,602.755239,602.7032963,-604.1961856,437.6691969,0,369.0986909,554.8850708,561.7451486,525.2806254,34.95489883,0.5843330026,437.6691969,0,300,562.1950073,528.2613129,520.5368309,0.208506912,0.2411346674,0.0003132628613,553.0314945,300,424.2753945,0,-1.440946573,0.07614725398
327,0.008662155126,-0.008662020616,1.345099652e-07,602.755239,602.7000704,-604.0309494,437.688168,0,369.0798033,554.8824463,561.7426326,525.2829235,34.9548378,0.584372282,437.688168,0,300,562.1925049,528.2636027,520.5391536,0.2084964812,0.2411310142,0.0003132628613,553.0288026,300,424.2510055,0,-1.275710445,0.07614424696
328,0.008662155126,-0.008662018967,1.361595434e-07,602.755239,602.6970253,-603.8675085,437.7107396,0,369.0611325,554.880249,561.7405679,525.2858109,34.95479584,0.5844085217,437.7107396,0,300,562.1904297,528.2664802,520.5420666,0.2084857076,0.2411267399,0.0003132628613,553.0265655,300,424.2285172,0,-1.112269484,0.07614111959
329,0.008662155126,-0.008662021296,1.338304847e-07,602.755239,602.6944556,-603.7080058,437.7333603,0,369.0428797,554.8786011,561.7390715,525.2892719,34.95478058,0.5844419599,437.7333603,0,300,562.1889038,528.26993,520.5455541,0.2084748447,0.2411220663,0.0003132628613,553.024895,300,424.20774,0,-0.9527667801,0.07613800559
330,0.008662155126,-0.008662024452,1.306740183e-07,602.755239,602.6923758,-603.5538011,437.7551712,0,369.0252261,554.8776855,561.738254,525.2932612,34.95478821,0.5844728947,437.7551712,0,300,562.1881104,528.2739065,520.5495713,0.2084638625,0.2411170137,0.0003132628613,553.0238993,300,424.1886182,0,-0.7985621278,0.07613491057
331,0.008662155126,-0.008662034155,1.209714635e-07,602.755239,602.6906047,-603.4068057,437.7795568,0,369.0083431,554.8775024,561.7381687,525.2977553,34.95483398,0.5845014453,437.7795568,0,300,562.1879883,528.2783864,520.5540942,0.2084525526,0.2411116496,0.0003132628613,553.0236327,300,424.1710217,0,-0.6515667614,0.07613185432
332,0.008662155126,-0.008662028581,1.265452715e-07,602.755239,602.68922,-603.2665317,437.7913845,0,368.9923533,554.8782349,561.739047,525.3027384,34.95489883,0.5845277309,437.7913845,0,300,562.1889038,528.2833542,520.5591061,0.208441034,0.2411060833,0.0003132628613,553.0243194,300,424.1548716,0,-0.5112926976,0.07612889559
333,0.008662155126,-0.00866203049,1.246358698e-07,602.755239,602.6884215,-603.1357974,437.8100817,0,368.9773926,554.8798218,561.7407578,525.3081358,34.95500946,0.5845518112,437.8100817,0,300,562.1906128,528.2887351,520.5645338,0.2084288895,0.2411001057,0.0003132628613,553.0258365,300,424.1399486,0,-0.3805583999,0.07612588587
334,0.008662155126,-0.008662031854,1.232722362e-07,602.755239,602.6878197,-603.0146308,437.8238847,0,368.9635294,554.8822632,561.7433418,525.3139365,34.95517349,0.584574163,437.8238847,0,300,562.1931763,528.2945182,520.5703645,0.2084166557,0.2410940814,0.0003132628613,553.0282285,300.0000001,424.1262292,0,-0.2593918522,0.07612302915
335,0.008662155126,-0.008662033201,1.219247585e-07,602.755239,602.6877184,-602.9034888,437.8390654,0,368.9508116,554.8856812,561.7468828,525.3200552,34.95540237,0.584594667,437.8390654,0,300,562.1967163,528.3006182,520.5765144,0.2084042132,0.2410878528,0.0003132628613,553.0315835,300.0000001,424.1136087,0,-0.1482497982,0.0761202219
336,0.008662155126,-0.008662055026,1.001006034e-07,602.755239,602.6877256,-602.8041258,437.8626958,0,368.939272,554.8900146,561.7513064,525.3264815,34.95573044,0.5846136212,437.8626958,0,300,562.2011719,528.307025,520.5829721,0.2083916366,0.2410815781,0.0003132628613,553.0358421,300.0000001,424.1020051,0,-0.04888685759,0.07611753055
337,0.008662155126,-0.008662050091,1.050352565e-07,602.755239,602.6880582,-602.7127582,437.8826354,0,368.9288639,554.8952637,561.7566955,525.3331228,34.95611572,0.5846310258,437.8826354,0,300,562.206543,528.3136461,520.5896456,0.2083790749,0.2410753855,0.0003132628613,553.0410693,300.0000001,424.0913209,0,0.04248079481,0.0761150352
338,0.008662155126,-0.008662056816,9.830965808e-08,602.755239,602.6885062,-602.632218,437.9005913,0,368.919597,554.9014893,561.7630011,525.339941,34.95658875,0.5846470594,437.9005913,0,300,562.2128296,528.3204433,520.5964963,0.2083665729,0.2410692154,0.0003132628613,553.0472258,300.0000001,424.0814849,0,0.1230210203,0.07611265252
339,0.008662155126,-0.008662063776,9.135043946e-08,602.755239,602.6890916,-602.5612142,437.9138228,0,368.9114169,554.9085693,561.7701542,525.3469143,34.95714569,0.5846618414,437.9138228,0,300,562.2199707,528.3273955,520.6035015,0.20835419,0.2410630818,0.0003132628613,553.0542453,300.0000001,424.0724309,0,0.1940247478,0.0761103863
340,0.008662155126,-0.008662070383,8.474333833e-08,602.755239,602.6900163,-602.4992573,437.9305014,0,368.9042724,554.9165039,561.778193,525.3539807,34.95778656,0.5846754909,437.9305014,0,300,562.2280273,528.3344404,520.6105997,0.2083418816,0.2410569318,0.0003132628613,553.0621615,300.0000001,424.0640973,0,0.2559817143,0.07610819251
341,0.008662155126,-0.008662078721,7.640471694e-08,602.755239,602.691084,-602.4460245,437.9456831,0,368.8981097,554.925293,561.7870149,525.3610834,34.95851135,0.5846880078,437.9456831,0,300,562.2368164,528.3415213,520.6177342,0.208329767,0.2410509356,0.0003132628613,553.0708781,300.0000001,424.0564263,0,0.3092145262,0.07610615319
342,0.008662155126,-0.008662087024,6.810179665e-08,602.755239,602.6921908,-602.4008493,437.9596472,0,368.8928668,554.9347534,561.7965816,525.3681816,34.95931625,0.5846995711,437.9596472,0,300,562.2463989,528.3485978,520.6248641,0.2083179206,0.2410450449,0.0003132628613,553.0803544,300.0000001,424.0493182,0,0.3543897241,0.07610422074
343,0.008662155126,-0.008662095003,6.012317015e-08,602.755239,602.6933709,-602.3631939,437.9724945,0,368.8884849,554.9450073,561.8068374,525.37524,34.96019363,0.5847103,437.9724945,0,300,562.2566528,528.3556344,520.6319534,0.2083063871,0.2410392823,0.0003132628613,553.0905371,300.0000001,424.0427787,0,0.392045125,0.07610239239
344,0.008662155126,-0.008662092515,6.26107993e-08,602.755239,602.6946627,-602.3319145,437.9808841,0,368.8849159,554.9558105,561.8176818,525.3822138,34.96111679,0.5847201943,437.9808841,0,300,562.2675171,528.3625869,520.6389572,0.2082951963,0.2410336627,0.0003132628613,553.1013259,300.0000001,424.0368225,0,0.4233244715,0.0761006656
345,0.008662155126,-0.008662095799,5.932666959e-08,602.755239,602.6960983,-602.307563,437.9887461,0,368.8820906,554.9671021,561.8290213,525.3890819,34.96210098,0.5847291946,437.9887461,0,300,562.2788086,528.3694339,520.6458542,0.2082846463,0.2410282663,0.0003132628613,553.1126303,300.0000001,424.0313324,0,0.4476759703,0.07609908185
346,0.008662155126,-0.00866209929,5.583591214e-08,602.755239,602.6976534,-602.2892813,437.996515,0,368.8799564,554.9790039,561.8409223,525.3958102,34.9631424,0.5847374201,437.996515,0,300,562.2907104,528.3761416,520.6526104,0.2082743645,0.2410230063,0.0003132628613,553.1245076,300.0000001,424.0262771,0,0.4659577112,0.07609757015
347,0.008662155126,-0.008662102778,5.234787903e-08,602.755239,602.6992808,-602.2766236,438.0043984,0,368.8784642,554.9912109,561.8531089,525.4023736,34.96422577,0.5847450495,438.0043984,0,300,562.3029175,528.3826851,520.6592005,0.2082644552,0.2410179047,0.0003132628613,553.1366907,300.0000001,424.0216162,0,0.4786154231,0.07609613237
348,0.008662155126,-0.008662106152,4.897433453e-08,602.755239,602.7009856,-602.2691266,438.0125163,0,368.877562,555.0037842,561.8656615,525.4087437,34.96534729,0.5847520828,438.0125163,0,300,562.3154297,528.3890357,520.6655962,0.2082549632,0.2410129852,0.0003132628613,553.1492562,300.0000001,424.0173206,0,0.4861124264,0.07609477519
349,0.008662155126,-0.00866210948,4.564626872e-08,602.755239,602.7027244,-602.2663754,438.0208999,0,368.8772021,555.0165405,561.8784165,525.4148945,34.96649933,0.5847585797,438.0208999,0,300,562.328186,528.3951678,520.6717716,0.2082459033,0.2410082685,0.0003132628613,553.1620338,300.0000001,424.0133623,0,0.4888636128,0.07609350152
350,0.008662155126,-0.008662116762,3.836395889e-08,602.755239,602.7044647,-602.2681023,438.0329332,0,368.8773215,555.0296021,561.8914212,525.420831,34.96768188,0.5847645998,438.0329332,0,300,562.3411865,528.4010864,520.6777309,0.20823735,0.2410037704,0.0003132628613,553.1750696,300.0000001,424.0097103,0,0.4871366389,0.07609231289
351,0.008662155126,-0.008662119729,3.539665065e-08,602.755239,602.7063407,-602.2736594,438.0412081,0,368.8779134,555.0425415,561.90433,525.4265231,34.96887207,0.5847700834,438.0412081,0,300,562.354126,528.4067613,520.6834441,0.2082291692,0.2409994572,0.0003132628613,553.1880365,300.0000001,424.0063509,0,0.4815795436,0.07609118122
352,0.008662155126,-0.008662125114,3.00116444e-08,602.755239,602.7082931,-602.2826579,438.0525095,0,368.878879,555.055481,561.9171919,525.4319504,34.97006989,0.5847752094,438.0525095,0,300,562.3669434,528.4121722,520.6888916,0.2082217187,0.2409954425,0.0003132628613,553.2009646,300.0000001,424.0032515,0,0.4725810874,0.07609018559
353,0.008662155126,-0.008662129665,2.546158931e-08,602.755239,602.7101653,-602.294914,438.0601211,0,368.8802236,555.0682373,561.9298864,525.4371013,34.97126007,0.5847799182,438.0601211,0,300,562.3796387,528.4173076,520.6940613,0.2082146406,0.2409916249,0.0003132628613,553.2137361,300.0000001,424.0004002,0,0.4603249977,0.07608923681
354,0.008662155126,-0.008662133666,2.146016302e-08,602.755239,602.7120414,-602.30957,438.0702008,0,368.8818473,555.0808716,561.9424632,525.4419727,34.97244263,0.5847842097,438.0702008,0,300,562.3922119,528.4221644,520.6989502,0.208208248,0.2409880944,0.0003132628613,553.2263963,300.0000001,423.9977695,0,0.4456689687,0.07608840528
355,0.008662155126,-0.008662138545,1.658079959e-08,602.755239,602.7138873,-602.3266644,438.0790941,0,368.8837428,555.0932617,561.954802,525.4465689,34.97360992,0.5847882032,438.0790941,0,300,562.404541,528.4267469,520.7035622,0.208202213,0.2409847572,0.0003132628613,553.2388255,300.0000001,423.9953462,0,0.4285746287,0.07608761203
356,0.008662155126,-0.008662143219,1.190691003e-08,602.755239,602.7157918,-602.3456553,438.0868704,0,368.8858571,555.1070557,561.9685524,525.4516454,34.97475052,0.5847918987,438.0868704,0,300,562.4182739,528.4318147,520.7086338,0.2081967145,0.2409816591,0.0003132628613,553.2525767,300.0000001,423.9923358,0,0.4095836807,0.07608689722
357,0.008662155126,-0.008662147203,7.923448264e-09,602.755239,602.7236937,-602.366251,438.0936067,0,368.8881607,555.1185913,561.9799716,525.4555713,34.97586441,0.5847961307,438.0936067,0,300,562.4296875,528.4357264,520.7125803,0.2081912309,0.2409785623,0.0003132628613,553.2641407,300.0000001,423.9904117,0,0.3889879989,0.07608631705
358,0.008662155126,-0.008662150912,4.213871951e-09,602.755239,602.7230207,-602.3879971,438.0994516,0,368.8905988,555.1312256,561.9925945,525.4598949,34.97694016,0.5847992301,438.0994516,0,300,562.4423218,528.4400415,520.7169031,0.2081866711,0.2409759135,0.0003132628613,553.276803,300.0000001,423.9880049,0,0.3672418526,0.07608570563
359,0.008662155126,-0.008662153913,1.212722695e-09,602.755239,602.7289224,-602.4106318,438.1044906,0,368.8931447,555.1418457,562.003098,525.4632193,34.97797394,0.5848026872,438.1044906,0,300,562.4528198,528.4433535,520.7202465,0.208182171,0.2409732851,0.0003132628613,553.2874602,300.0000001,423.9864502,0,0.3446071666,0.07608521647
360,0.008662155126,-0.008662156619,-1.49317333e-09,602.755239,602.7280008,-602.4337665,438.1088554,0,368.895751,555.1533813,562.0145931,525.4668645,34.97896576,0.5848052502,438.1088554,0,300,562.4642944,528.4469913,520.7238914,0.2081784606,0.240971054,0.0003132628613,553.2990099,300.0000001,423.9844922,0,0.3214725334,0.07608470273
361,0.008662155126,-0.008662158691,-3.565354156e-09,602.755239,602.7329027,-602.4571815,438.112611,0,368.8983951,555.1630249,562.0241193,525.4696385,34.9799118,0.5848081112,438.112611,0,300,562.4738159,528.4497548,520.7266815,0.2081748098,0.2409688533,0.0003132628613,553.3086885,300.0000001,423.9832192,0,0.2980575034,0.07608429532
362,0.008662155126,-0.008662160518,-5.391503998e-09,602.755239,602.7320599,-602.4805554,438.1158628,0,368.9010375,555.1734619,562.0344546,525.4726692,34.98080444,0.5848101974,438.1158628,0,300,562.4841309,528.4527795,520.7297116,0.2081718445,0.2409670034,0.0003132628613,553.3190853,300.0000001,423.9816077,0,0.2746835984,0.07608386826
363,0.008662155126,-0.008662161823,-6.696949209e-09,602.755239,602.736239,-602.503716,438.118653,0,368.9036604,555.1831055,562.0440656,525.4753598,34.98164368,0.5848125815,438.118653,0,300,562.4937744,528.4554634,520.7324051,0.2081689388,0.2409651901,0.0003132628613,553.3287826,300.0000001,423.9801931,0,0.2515229676,0.07608353359
364,0.008662155126,-0.008662162767,-7.640413221e-09,602.755239,602.7388488,-602.5264694,438.1210629,0,368.9062405,555.1911621,562.0520054,525.4773775,34.98243332,0.5848146677,438.1210629,0,300,562.501709,528.4574731,520.7344358,0.2081663609,0.2409635592,0.0003132628613,553.3368707,300.0000001,423.979261,0,0.2287695369,0.07608321971
365,0.008662155126,-0.008662163602,-8.475431348e-09,602.755239,602.7378457,-602.5485817,438.1231574,0,368.9087493,555.199707,562.060519,525.4795723,34.98316574,0.5848162174,438.1231574,0,300,562.5101929,528.4596635,520.7366301,0.2081643343,0.2409622142,0.0003132628613,553.3454523,300.0000001,423.9780707,0,0.2066573317,0.07608289878
366,0.008662155126,-0.008662164108,-8.98228365e-09,602.755239,602.7408998,-602.5699461,438.1249453,0,368.911176,555.2076416,562.0683616,525.4814953,34.98384857,0.584817946,438.1249453,0,300,562.5180664,528.4615819,520.7385547,0.2081623524,0.2409609131,0.0003132628613,553.3533785,300.0000001,423.9770165,0,0.1852929107,0.07608265248
367,0.008662155126,-0.008662164402,-9.275446012e-09,602.755239,602.7428747,-602.5904488,438.1264706,0,368.9135067,555.2149048,562.0755774,525.483174,34.98447418,0.5848195553,438.1264706,0,300,562.5252686,528.4632563,520.7402355,0.2081606388,0.240959762,0.0003132628613,553.3606817,300.0000001,423.9760766,0,0.1647901605,0.07608242515
368,0.008662155126,-0.008662164537,-9.410392155e-09,602.755239,602.7443733,-602.6099873,438.1277679,0,368.9157294,555.2216187,562.0822073,525.4846324,34.98504639,0.5848209858,438.1277679,0,300,562.5318604,528.4647109,520.741696,0.2081591636,0.2409587532,0.0003132628613,553.3673981,300.0000001,423.9752338,0,0.1452517161,0.07608221923
369,0.008662155126,-0.008662164555,-9.428621538e-09,602.755239,602.7456119,-602.6284809,438.1288625,0,368.9178343,555.2277832,562.0882839,525.485891,34.985569,0.5848222971,438.1288625,0,300,562.5379639,528.4659662,520.7429563,0.2081579268,0.2409578764,0.0003132628613,553.3735581,300.0000001,423.974475,0,0.1267581331,0.0760820346
370,0.008662155126,-0.008662164486,-9.359643555e-09,602.755239,602.7466831,-602.6458701,438.1297722,0,368.9198146,555.2333374,562.0938301,525.4869664,34.98604202,0.5848234296,438.1297722,0,300,562.5435181,528.4670389,520.7440332,0.2081568688,0.2409571211,0.0003132628613,553.3791842,300.0000001,423.9737893,0,0.1093689209,0.07608187058
371,0.008662155126,-0.00866216435,-9.223880271e-09,602.755239,602.7476171,-602.6621138,438.1305096,0,368.9216652,555.2384644,562.0988817,525.4878772,34.98646545,0.5848245025,438.1305096,0,300,562.5485229,528.4679473,520.7449449,0.2081559896,0.240956478,0.0003132628613,553.3843111,300.0000001,423.973168,0,0.09312520792,0.07608172548
372,0.008662155126,-0.008662164159,-9.032958282e-09,602.755239,602.748463,-602.6771899,438.1310852,0,368.9233835,555.243103,562.1034647,525.4886387,34.98684311,0.5848254561,438.1310852,0,300,562.5531006,528.468707,520.745707,0.2081552744,0.240955936,0.0003132628613,553.3889645,300.0000001,423.9726037,0,0.07804906995,0.0760815986
373,0.008662155126,-0.00866216392,-8.79372186e-09,602.755239,602.7492281,-602.6910916,438.1315086,0,368.9249686,555.2473145,562.1076056,525.4892652,34.9871788,0.5848262906,438.1315086,0,300,562.557251,528.469332,520.7463336,0.2081546932,0.2409554862,0.0003132628613,553.3931706,300.0000001,423.9720902,0,0.06414739287,0.07608148807
374,0.008662155126,-0.008662163636,-8.509966249e-09,602.755239,602.7499244,-602.7038258,438.1317902,0,368.9264214,555.2510376,562.1113304,525.4897699,34.98747253,0.5848271251,438.1317902,0,300,562.5609741,528.4698356,520.746838,0.2081542462,0.2409551193,0.0003132628613,553.3969559,300.0000001,423.9716225,0,0.05141319252,0.07608139255
375,0.008662155126,-0.00866216331,-8.183912067e-09,602.755239,602.7505596,-602.7154117,438.1319421,0,368.9277438,555.2544556,562.1146654,525.4901652,34.9877243,0.5848278403,438.1319421,0,300,562.5643311,528.4702301,520.7472328,0.2081539035,0.2409548275,0.0003132628613,553.4003465,300.0000001,423.9711956,0,0.03982724643,0.07608131023
376,0.008662155126,-0.008662162944,-7.817474989e-09,602.755239,602.7511381,-602.725879,438.1319776,0,368.9289392,555.2574463,562.1176364,525.4904629,34.98794556,0.584828496,438.1319776,0,300,562.5673218,528.4705273,520.7475296,0.2081536651,0.2409546024,0.0003132628613,553.4033682,300.0000001,423.9708054,0,0.02936000417,0.07608124015
377,0.008662155126,-0.008662162539,-7.413048621e-09,602.755239,602.7516684,-602.735266,438.1319116,0,368.930012,555.2601318,562.1202689,525.4906735,34.98812866,0.584829092,438.1319116,0,300,562.5699463,528.4707377,520.747739,0.2081535012,0.240954437,0.0003132628613,553.4060467,300.0000001,423.970449,0,0.0199729955,0.07608118075
378,0.008662155126,-0.0086621621,-6.973890607e-09,602.755239,602.7521523,-602.7436186,438.1317597,0,368.9309674,555.2624512,562.122588,525.4908071,34.98828506,0.5848296285,438.1317597,0,300,562.5722656,528.4708712,520.7478713,0.2081534117,0.2409543245,0.0003132628613,553.4084073,300.0000001,423.9701231,0,0.01162040836,0.07608113096
379,0.008662155126,-0.008662161631,-6.504742906e-09,602.755239,602.7525931,-602.7509883,438.1315381,0,368.9318111,555.2642212,562.1243251,525.490821,34.98841095,0.5848301053,438.1315381,0,300,562.5739746,528.470885,520.7478851,0.208153367,0.2409542581,0.0003132628613,553.4101974,300.0000001,423.9699019,0,0.00425065632,0.07608108994
380,0.008662155126,-0.008662161176,-6.049519939e-09,602.755239,602.7525732,-602.7574156,438.1312708,0,368.9325474,555.2661133,562.1261507,525.49084,34.98851013,0.5848304629,438.1312708,0,300,562.5758057,528.4709046,520.7479017,0.2081534266,0.2409542457,0.0003132628613,553.4120478,300.0000001,423.9696121,0,-0.002176643987,0.07608105164
381,0.008662155126,-0.008662160675,-5.549215403e-09,602.755239,602.7531514,-602.7629717,438.1309553,0,368.9331848,555.2677002,562.1277141,525.4908039,34.98858643,0.5848308802,438.1309553,0,300,562.5773926,528.470869,520.7478635,0.2081534863,0.2409542547,0.0003132628613,553.413637,300.0000001,423.9693496,0,-0.007732680703,0.07608102697
382,0.008662155126,-0.008662160152,-5.025987331e-09,602.755239,602.7535674,-602.7677235,438.130608,0,368.9337308,555.2687988,562.1288191,525.4906947,34.98864365,0.5848312974,438.130608,0,300,562.5784912,528.4707602,520.747753,0.2081535757,0.2409542942,0.0003132628613,553.4147785,300.0000001,423.9691727,0,-0.01248448969,0.07608100738
383,0.008662155126,-0.008662159645,-4.51903448e-09,602.755239,602.7536892,-602.771722,438.1302532,0,368.9341909,555.2699585,562.1299911,525.4905812,34.98868179,0.5848315954,438.1302532,0,300,562.5796509,528.4706476,520.7476371,0.2081537098,0.2409543653,0.0003132628613,553.4159654,300.0000001,423.9689423,0,-0.01648300453,0.0760809903
384,0.008662155126,-0.008662159119,-3.993055811e-09,602.755239,602.7541017,-602.7750393,438.1298895,0,368.9345735,555.270813,562.1307693,525.4904176,34.98870468,0.584831953,438.1298895,0,300,562.5804443,528.4704846,520.7474718,0.2081538737,0.2409544524,0.0003132628613,553.4167701,300.0000001,423.9687882,0,-0.01980028351,0.07608098128
385,0.008662155126,-0.008662158617,-3.490467918e-09,602.755239,602.7542805,-602.7777304,438.1295378,0,368.9348847,555.2714233,562.1314225,525.4902351,34.98871231,0.5848321915,438.1295378,0,300,562.5810547,528.470303,520.7472873,0.2081540525,0.2409545604,0.0003132628613,553.4174428,300.0000001,423.9686404,0,-0.022491437,0.0760809743
386,0.008662155126,-0.008662158132,-3.006178874e-09,602.755239,602.7545045,-602.7798543,438.129203,0,368.935131,555.2719727,562.1319596,525.4900367,34.98870468,0.5848324299,438.129203,0,300,562.581604,528.4701055,520.7470868,0.2081542462,0.2409546825,0.0003132628613,553.4179947,300.0000001,423.9684996,0,-0.02461526818,0.07608097165
387,0.008662155126,-0.008662157668,-2.541867361e-09,602.755239,602.7547441,-602.7814709,438.1288886,0,368.9353194,555.2724609,562.1323908,525.4898255,34.98868942,0.5848326087,438.1288886,0,300,562.5820312,528.4698953,520.7468734,0.2081544399,0.2409548158,0.0003132628613,553.4184374,300.0000001,423.9683658,0,-0.02623194794,0.07608097297
388,0.008662155126,-0.008662157227,-2.1007515e-09,602.755239,602.7549722,-602.7826383,438.1285971,0,368.9354564,555.2727661,562.1327268,525.4896042,34.98866653,0.5848327875,438.1285971,0,300,562.5823975,528.4696749,520.7466499,0.2081546485,0.2409549577,0.0003132628613,553.4187821,300.0000001,423.9682393,0,-0.02739933957,0.07608097758
389,0.008662155126,-0.00866215727,-2.143854759e-09,602.755239,602.7551867,-602.7834469,438.1284175,0,368.9355486,555.2730103,562.1329774,525.4893757,34.98863602,0.5848330259,438.1284175,0,300,562.5826416,528.4694475,520.7464193,0.2081548572,0.240955107,0.0003132628613,553.4190391,300.0000001,423.9681201,0,-0.02820791895,0.07608098428
390,0.008662155126,-0.008662156965,-1.838937632e-09,602.755239,602.7553834,-602.7838809,438.1282498,0,368.9356009,555.2731934,562.1331537,525.4891421,34.98859787,0.5848332047,438.1282498,0,300,562.5828247,528.4692149,520.7461836,0.2081550658,0.2409552591,0.0003132628613,553.4192201,300.0000001,423.968008,0,-0.02864192524,0.07608099301
391,0.008662155126,-0.008662156626,-1.500053748e-09,602.755239,602.7555622,-602.7840157,438.1280852,0,368.9356194,555.2733154,562.1332648,525.4889056,34.98855591,0.5848333836,438.1280852,0,300,562.5828857,528.4689794,520.7459451,0.2081552744,0.2409554154,0.0003132628613,553.4193341,300.0000001,423.9679027,0,-0.02877667106,0.07608100317
392,0.008662155126,-0.00866215628,-1.154289938e-09,602.755239,602.7557267,-602.7838972,438.1279201,0,368.9356091,555.2733765,562.1333193,525.4886678,34.98851395,0.5848335028,438.1279201,0,300,562.5829468,528.4687426,520.7457053,0.208155483,0.2409555742,0.0003132628613,553.41939,300.0000001,423.9678039,0,-0.02865823957,0.07608101531
393,0.008662155126,-0.008662155936,-8.099964813e-10,602.755239,602.7558675,-602.7835667,438.1277541,0,368.9355745,555.2733765,562.133325,525.4884304,34.98846436,0.5848336816,438.1277541,0,300,562.5829468,528.4685062,520.7454661,0.2081556916,0.2409557345,0.0003132628613,553.4193961,300.0000001,423.9677115,0,-0.02832771558,0.0760810286
394,0.008662155126,-0.008662155606,-4.798649342e-10,602.755239,602.7559934,-602.7830618,438.1275891,0,368.93552,555.2733765,562.133289,525.4881948,34.98841476,0.5848338008,438.1275891,0,300,562.5829468,528.4682715,520.7452287,0.2081559002,0.2409558945,0.0003132628613,553.4193596,300.0000001,423.9676252,0,-0.02782278468,0.07608104315
395,0.008662155126,-0.008662155297,-1.707851083e-10,602.755239,602.7561043,-602.7824157,438.1274286,0,368.9354492,555.2732544,562.1332178,525.4879621,34.98836517,0.58483392,438.1274286,0,300,562.5828857,528.4680397,520.7449943,0.208156094,0.2409560532,0.0003132628613,553.4192871,300.0000001,423.9675444,0,-0.0271766854,0.07608105854
396,0.008662155126,-0.008662155014,1.124434799e-10,602.755239,602.7562003,-602.781658,438.1272766,0,368.9353654,555.2731934,562.1331172,525.4877333,34.98831177,0.5848340392,438.1272766,0,300,562.5827637,528.4678119,520.744764,0.2081563026,0.2409562099,0.0003132628613,553.4191846,300.0000001,423.9674691,0,-0.02641899211,0.07608107439
397,0.008662155126,-0.008662154759,3.674080849e-10,602.755239,602.7562766,-602.7808143,438.1271366,0,368.9352716,555.2730713,562.1329926,525.4875094,34.98826218,0.5848341584,438.1271366,0,300,562.5826416,528.4675888,520.7445385,0.2081564814,0.2409563644,0.0003132628613,553.4190574,300.0000001,423.9673989,0,-0.02557531916,0.07608109031
398,0.008662155126,-0.008662154533,5.926893039e-10,602.755239,602.7563431,-602.7799072,438.1270119,0,368.9351703,555.2728882,562.1328484,525.4872909,34.98821259,0.5848342776,438.1270119,0,300,562.5825195,528.4673711,520.7443186,0.2081566602,0.2409565157,0.0003132628613,553.4189104,300.0000001,423.9673335,0,-0.02466820711,0.07608110676
399,0.008662155126,-0.008662154339,7.874350824e-10,602.755239,602.756393,-602.7789561,438.1269045,0,368.9350638,555.2727661,562.1326887,525.4870785,34.98816299,0.5848343372,438.1269045,0,300,562.5823364,528.4671595,520.7441048,0.208156839,0.2409566632,0.0003132628613,553.4187477,300.0000001,423.9672725,0,-0.02371712122,0.07608112353
400,0.008662155126,-0.008662154381,7.448870566e-10,602.755239,602.7564317,-602.7779968,438.126856,0,368.9349543,555.272583,562.132517,525.4868725,34.98811722,0.5848344564,438.126856,0,300,562.5821533,528.4669543,520.7438976,0.2081570029,0.2409568067,0.0003132628613,553.4185725,300.0000001,423.9672157,0,-0.02275779978,0.07608114014
401,0.008662155126,-0.008662154347,7.792690573e-10,602.755239,602.7564611,-602.777013,438.1268315,0,368.9348427,555.2723999,562.1323364,525.4866734,34.98807144,0.5848345757,438.1268315,0,300,562.5819702,528.4667559,520.7436973,0.2081571817,0.2409569499,0.0003132628613,553.4183886,300.0000001,423.9671629,0,-0.02177398777,0.07608115927
402,0.008662155126,-0.008662154329,7.969752323e-10,602.755239,602.7564792,-602.7760257,438.1268199,0,368.9347305,555.2722168,562.13215,525.4864813,34.98802567,0.5848346353,438.1268199,0,300,562.5817871,528.4665646,520.7435042,0.2081573457,0.240957088,0.0003132628613,553.4181986,300.0000001,423.9671137,0,-0.02078676107,0.07608117766
403,0.008662155126,-0.008662154329,7.967686181e-10,602.755239,602.7564868,-602.7750453,438.1268141,0,368.934619,555.2720337,562.1319599,525.4862965,34.9879837,0.5848346949,438.1268141,0,300,562.581604,528.4663804,520.7433184,0.2081574947,0.2409572207,0.0003132628613,553.418005,300.0000001,423.967068,0,-0.01980634379,0.07608119563
404,0.008662155126,-0.008662154344,7.820203842e-10,602.755239,602.7564879,-602.7740795,438.1268093,0,368.934509,555.2717896,562.1317682,525.4861191,34.98794556,0.5848347545,438.1268093,0,300,562.5814209,528.4662036,520.74314,0.2081576437,0.2409573485,0.0003132628613,553.4178097,300.0000001,423.9670256,0,-0.0188405261,0.07608121283
405,0.008662155126,-0.00866215437,7.561974501e-10,602.755239,602.756481,-602.7731346,438.1268025,0,368.9344013,555.2716064,562.1315765,525.4859489,34.98790741,0.5848348141,438.1268025,0,300,562.5812378,528.4660341,520.742969,0.2081577778,0.2409574707,0.0003132628613,553.4176144,300.0000001,423.966986,0,-0.01789557575,0.07608122978
406,0.008662155126,-0.008662154403,7.23044959e-10,602.755239,602.7564694,-602.7722151,438.1267919,0,368.9342964,555.2714233,562.1313861,525.4857861,34.98787308,0.5848348737,438.1267919,0,300,562.5810547,528.4658718,520.7428054,0.2081579119,0.2409575878,0.0003132628613,553.4174207,300.0000001,423.9669494,0,-0.01697614081,0.07608124579
407,0.008662155126,-0.008662154441,6.85530778e-10,602.755239,602.7564503,-602.7713249,438.1267768,0,368.9341947,555.2712402,562.1311982,525.4856305,34.98783875,0.5848349333,438.1267768,0,300,562.5808716,528.4657167,520.742649,0.208158046,0.2409576997,0.0003132628613,553.4172295,300.0000001,423.9669155,0,-0.01608587585,0.07608126126
408,0.008662155126,-0.00866215448,6.461732295e-10,602.755239,602.756429,-602.7704664,438.1267572,0,368.9340967,555.2710571,562.1310138,525.485482,34.98780823,0.5848349929,438.1267572,0,300,562.5806885,528.4655687,520.7424998,0.2081581652,0.2409578062,0.0003132628613,553.4170419,300.0000001,423.966884,0,-0.01522739061,0.07608127616
409,0.008662155126,-0.008662154519,6.072061274e-10,602.755239,602.7564031,-602.7696412,438.1267337,0,368.9340025,555.270874,562.1308334,525.4853404,34.98777771,0.5848350525,438.1267337,0,300,562.5805054,528.4654276,520.7423576,0.2081582844,0.2409579077,0.0003132628613,553.4168585,300.0000001,423.9668545,0,-0.01440224995,0.07608129011
410,0.008662155126,-0.008662154556,5.700508659e-10,602.755239,602.7563736,-602.7688503,438.1267071,0,368.9339122,555.2706909,562.1306577,525.4852056,34.98775101,0.5848351121,438.1267071,0,300,562.5803223,528.4652932,520.7422222,0.2081583887,0.2409580042,0.0003132628613,553.4166799,300.0000001,423.9668272,0,-0.01361134024,0.07608130351
411,0.008662155126,-0.008662154591,5.356354336e-10,602.755239,602.7563421,-602.7680942,438.1266783,0,368.9338258,555.2705078,562.1304872,525.4850773,34.98772812,0.5848351121,438.1266783,0,300,562.5801392,528.4651654,520.7420934,0.208158493,0.2409580958,0.0003132628613,553.4165064,300.0000001,423.9668018,0,-0.01285521202,0.07608131613
412,0.008662155126,-0.008662154622,5.043388936e-10,602.755239,602.7563103,-602.7673728,438.1266482,0,368.9337434,555.2703247,562.1303221,525.4849554,34.98770142,0.5848351717,438.1266482,0,300,562.5799561,528.4650439,520.741971,0.2081585824,0.240958183,0.0003132628613,553.4163387,300.0000001,423.9667783,0,-0.01213379444,0.07608132804
413,0.008662155126,-0.00866215465,4.763716279e-10,602.755239,602.7562768,-602.7666856,438.126618,0,368.933665,555.2702026,562.1301625,525.4848397,34.98768234,0.5848352313,438.126618,0,300,562.579834,528.4649285,520.7418548,0.2081586868,0.2409582653,0.0003132628613,553.4161766,300.0000001,423.9667564,0,-0.01144659133,0.07608133952
414,0.008662155126,-0.008662154755,3.715137746e-10,602.755239,602.7562374,-602.7660387,438.1266134,0,368.9335905,555.2700195,562.1300086,525.4847299,34.98765945,0.5848352313,438.1266134,0,300,562.5796509,528.464819,520.7417445,0.2081587762,0.2409583437,0.0003132628613,553.4160205,300.0000001,423.9667362,0,-0.01079968658,0.07608134981
415,0.008662155126,-0.008662154731,3.954407878e-10,602.755239,602.7562027,-602.7654138,438.1265814,0,368.9335196,555.2698975,562.1298521,525.4846068,34.9876442,0.5848352909,438.1265814,0,300,562.5795288,528.4646962,520.7416216,0.2081588507,0.2409584183,0.0003132628613,553.4158621,300.0000001,423.9667108,0,-0.01017485784,0.07608136073
416,0.008662155126,-0.008662154749,3.773230808e-10,602.755239,602.7560163,-602.764824,438.1265463,0,368.9334523,555.2697144,562.1297108,525.4845108,34.98762512,0.5848352909,438.1265463,0,300,562.5793457,528.4646005,520.7415249,0.2081589401,0.2409584947,0.0003132628613,553.4157186,300.0000001,423.9666943,0,-0.009584972397,0.07608136846
417,0.008662155126,-0.008662154829,2.968867322e-10,602.755239,602.7560429,-602.7642699,438.1265321,0,368.9333885,555.2695923,562.1295749,525.4844193,34.98760986,0.5848353505,438.1265321,0,300,562.5792236,528.4645094,520.741433,0.2081590146,0.2409585607,0.0003132628613,553.4155808,300.0000001,423.9666789,0,-0.009030939112,0.07608137784
418,0.008662155126,-0.008662154803,3.235256715e-10,602.755239,602.7560344,-602.7637364,438.1264992,0,368.933328,555.2694702,562.1294351,525.4843165,34.9875946,0.5848353505,438.1264992,0,300,562.5791016,528.4644069,520.7413303,0.2081590891,0.2409586234,0.0003132628613,553.4154398,300.0000001,423.9666594,0,-0.008497400591,0.07608138692
419,0.008662155126,-0.008662154869,2.569581336e-10,602.755239,602.755888,-602.7632385,438.1264826,0,368.9332708,555.2693481,562.1293115,525.4842364,34.98757935,0.5848354101,438.1264826,0,300,562.5789795,528.464327,520.7412497,0.2081591636,0.2409586874,0.0003132628613,553.4153143,300.0000001,423.9666467,0,-0.007999556058,0.07608139358
420,0.008662155126,-0.008662154841,2.846439907e-10,602.755239,602.7559162,-602.7627596,438.1264511,0,368.9332165,555.2692261,562.1291835,525.4841462,34.9875679,0.5848354101,438.1264511,0,300,562.5788574,528.464237,520.7411595,0.2081592232,0.2409587429,0.0003132628613,553.4151852,300.0000001,423.9666306,0,-0.007520626905,0.07608140202
421,0.008662155126,-0.008662154897,2.289129945e-10,602.755239,602.7558005,-602.762313,438.1264351,0,368.9331652,555.269104,562.1290715,525.4840757,34.98755646,0.5848354101,438.1264351,0,300,562.5787354,528.4641668,520.7410885,0.2081592828,0.2409587993,0.0003132628613,553.4150712,300.0000001,423.9666201,0,-0.007074044732,0.07608140808
422,0.008662155126,-0.008662154916,2.102889685e-10,602.755239,602.7558294,-602.7618877,438.1264206,0,368.9331166,555.2689819,562.1289549,525.4839963,34.98754501,0.5848354697,438.1264206,0,300,562.5786133,528.4640875,520.741009,0.2081593424,0.2409588485,0.0003132628613,553.4149537,300.0000001,423.9666068,0,-0.006648757161,0.07608141549
423,0.008662155126,-0.008662154933,1.934987396e-10,602.755239,602.7557322,-602.7614853,438.1264052,0,368.9330707,555.2688599,562.1288448,525.4839231,34.98753738,0.5848354697,438.1264052,0,300,562.5784912,528.4640146,520.7409357,0.2081593871,0.2409588987,0.0003132628613,553.4148425,300.0000001,423.9665948,0,-0.006246281198,0.07608142134
424,0.008662155126,-0.008662154947,1.793528989e-10,602.755239,602.7556731,-602.7611043,438.1263892,0,368.9330272,555.2687378,562.1287492,525.4838655,34.98752594,0.5848354697,438.1263892,0,300,562.5783691,528.4639572,520.7408777,0.2081594467,0.2409589457,0.0003132628613,553.4147452,300.0000001,423.9665868,0,-0.005865291104,0.07608142697
425,0.008662155126,-0.008662154956,1.697700609e-10,602.755239,602.7557103,-602.7607441,438.1263746,0,368.9329861,555.2686768,562.128649,525.4838005,34.98751831,0.5848354697,438.1263746,0,300,562.5783081,528.4638924,520.7408126,0.2081594914,0.2409589861,0.0003132628613,553.4146441,300.0000001,423.9665766,0,-0.005505102632,0.07608143325
426,0.008662155126,-0.008662154966,1.606146501e-10,602.755239,602.7556385,-602.7604036,438.1263606,0,368.9329472,555.2685547,562.1285547,525.4837405,34.98751068,0.5848355293,438.1263606,0,300,562.578186,528.4638326,520.7407526,0.2081595361,0.240959027,0.0003132628613,553.4145489,300.0000001,423.9665674,0,-0.005164638963,0.07608143844
427,0.008662155126,-0.008662154973,1.52793932e-10,602.755239,602.7555899,-602.7600818,438.1263474,0,368.9329105,555.2684937,562.1284735,525.4836933,34.98750305,0.5848355293,438.1263474,0,300,562.578125,528.4637855,520.7407049,0.2081595808,0.2409590658,0.0003132628613,553.4144663,300.0000001,423.9665615,0,-0.004842793851,0.07608144267
428,0.008662155126,-0.008662154978,1.477894439e-10,602.755239,602.7556234,-602.7597779,438.1263368,0,368.9328759,555.2683716,562.1283881,525.48364,34.98749924,0.5848355293,438.1263368,0,300,562.578064,528.4637324,520.7406516,0.2081596106,0.2409590992,0.0003132628613,553.4143801,300.0000001,423.9665539,0,-0.004538955477,0.07608144802
429,0.008662155126,-0.008662154984,1.423124917e-10,602.755239,602.7555655,-602.7594912,438.1263277,0,368.9328432,555.2683105,562.1283079,525.4835908,34.98749161,0.5848355293,438.1263277,0,300,562.5779419,528.4636833,520.7406023,0.2081596553,0.240959133,0.0003132628613,553.4142991,300.0000001,423.9665469,0,-0.004252238802,0.07608145216
430,0.008662155126,-0.008662154989,1.368141052e-10,602.755239,602.7555292,-602.7592206,438.1263201,0,368.9328123,555.2682495,562.1282393,525.483552,34.98748779,0.5848355293,438.1263201,0,300,562.5778809,528.4636447,520.7405632,0.2081597,0.2409591646,0.0003132628613,553.4142293,300.0000001,423.9665422,0,-0.00398157569,0.07608145621
431,0.008662155126,-0.008662154993,1.329217812e-10,602.755239,602.7555555,-602.7589655,438.1263148,0,368.9327832,555.2681885,562.1281669,525.4835083,34.98748016,0.5848355889,438.1263148,0,300,562.5778198,528.4636011,520.7405194,0.2081597149,0.240959192,0.0003132628613,553.4141563,300.0000001,423.9665364,0,-0.003726564939,0.07608146044
432,0.008662155126,-0.008662154998,1.27969935e-10,602.755239,602.7555094,-602.7587253,438.1263108,0,368.9327558,555.2681274,562.1280991,525.4834679,34.98747635,0.5848355889,438.1263108,0,300,562.5777588,528.4635608,520.740479,0.2081597447,0.24095922,0.0003132628613,553.4140879,300.0000001,423.966531,0,-0.003486267983,0.07608146371
433,0.008662155126,-0.008662155004,1.22641652e-10,602.755239,602.7554764,-602.7584988,438.1263079,0,368.93273,555.2680664,562.1280355,525.4834305,34.98747253,0.5848355889,438.1263079,0,300,562.5776978,528.4635235,520.7404415,0.2081597745,0.2409592463,0.0003132628613,553.4140235,300.0000001,423.9665262,0,-0.003259860435,0.07608146694
434,0.008662155126,-0.008662155009,1.170551624e-10,602.755239,602.7554556,-602.7582856,438.1263059,0,368.9327057,555.2680054,562.1279757,525.4833958,34.98746872,0.5848355889,438.1263059,0,300,562.5776367,528.463489,520.7404067,0.2081598043,0.2409592705,0.0003132628613,553.4139629,300.0000001,423.9665217,0,-0.003046566987,0.0760814703
435,0.008662155126,-0.008662155015,1.112954954e-10,602.755239,602.7554377,-602.7580848,438.1263045,0,368.9326828,555.2679443,562.1279248,525.4833684,34.9874649,0.5848355889,438.1263045,0,300,562.5775757,528.4634616,520.740379,0.2081598341,0.2409592931,0.0003132628613,553.4139112,300.0000001,423.9665188,0,-0.002845802971,0.07608147332
436,0.008662155126,-0.008662155019,1.067262355e-10,602.755239,602.7554619,-602.7578962,438.1263044,0,368.9326613,555.2678833,562.127871,525.4833374,34.98746109,0.5848355889,438.1263044,0,300,562.5775146,528.4634307,520.740348,0.208159849,0.2409593124,0.0003132628613,553.413857,300.0000001,423.9665149,0,-0.002657194295,0.07608147674
437,0.008662155126,-0.008662155025,1.014040726e-10,602.755239,602.7554282,-602.7577189,438.1263047,0,368.932641,555.2678223,562.1278207,525.4833088,34.98745728,0.5848355889,438.1263047,0,300,562.5774536,528.4634022,520.7403194,0.2081598788,0.2409593323,0.0003132628613,553.4138061,300.0000001,423.9665115,0,-0.002479941479,0.07608147909
438,0.008662155126,-0.008662155045,8.106293241e-11,602.755239,602.7554075,-602.7575536,438.1263116,0,368.932622,555.2677612,562.1277735,525.4832823,34.98745728,0.5848355889,438.1263116,0,300,562.5774536,528.4633758,520.7402928,0.2081598938,0.2409593512,0.0003132628613,553.4137584,300.0000001,423.9665083,0,-0.00231462827,0.07608148139
439,0.008662155126,-0.008662155042,8.419053822e-11,602.755239,602.7553937,-602.7573965,438.1263104,0,368.9326042,555.2677612,562.1277294,525.4832578,34.98745346,0.5848355889,438.1263104,0,300,562.5773926,528.4633513,520.7402681,0.2081599236,0.2409593689,0.0003132628613,553.4137138,300.0000001,423.9665054,0,-0.002157560544,0.07608148386
440,0.008662155126,-0.008662155046,8.004060262e-11,602.755239,602.7553806,-602.7572496,438.1263093,0,368.9325874,555.2677002,562.127688,525.4832349,34.98744965,0.5848355889,438.1263093,0,300,562.5773315,528.4633285,520.7402452,0.2081599385,0.2409593849,0.0003132628613,553.4136718,300.0000001,423.9665028,0,-0.002010629134,0.07608148626
441,0.008662155126,-0.00866215505,7.599883743e-11,602.755239,602.7553688,-602.7571118,438.1263084,0,368.9325717,555.2676392,562.1276492,525.4832137,34.98744965,0.5848356485,438.1263084,0,300,562.5772705,528.4633074,520.7402239,0.2081599534,0.2409594002,0.0003132628613,553.4136326,300.0000001,423.9665005,0,-0.001872820489,0.07608148813
442,0.008662155126,-0.008662155065,6.087836832e-11,602.755239,602.7553607,-602.7569836,438.1263126,0,368.9325569,555.2676392,562.1276164,525.4831969,34.98744583,0.5848356485,438.1263126,0,300,562.5772705,528.4632907,520.740207,0.2081599683,0.2409594144,0.0003132628613,553.4135992,300.0000001,423.9664988,0,-0.001744577891,0.0760814902
443,0.008662155126,-0.008662155061,6.465821108e-11,602.755239,602.7553766,-602.7568622,438.1263116,0,368.9325432,555.2675781,562.1275816,525.4831779,34.98744583,0.5848356485,438.1263116,0,300,562.5772095,528.4632717,520.740188,0.2081599832,0.2409594264,0.0003132628613,553.413564,300.0000001,423.9664966,0,-0.00162322398,0.07608149247
444,0.008662155126,-0.008662155074,5.250046058e-11,602.755239,602.7553556,-602.7567499,438.126315,0,368.9325303,555.2675781,562.1275491,525.4831604,34.98744202,0.5848356485,438.126315,0,300,562.5772095,528.4632543,520.7401705,0.2081599981,0.2409594388,0.0003132628613,553.4135313,300.0000001,423.9664947,0,-0.001510941052,0.076081494
445,0.008662155126,-0.00866215507,5.587650134e-11,602.755239,602.7553436,-602.7566436,438.1263137,0,368.9325182,555.2675171,562.1275188,525.4831442,34.98744202,0.5848356485,438.1263137,0,300,562.5771484,528.4632381,520.7401542,0.208160013,0.2409594502,0.0003132628613,553.4135007,300.0000001,423.9664929,0,-0.001404637729,0.07608149571
446,0.008662155126,-0.008662155081,4.544302608e-11,602.755239,602.7553352,-602.7565454,438.1263164,0,368.9325069,555.2675171,562.1274906,525.4831292,34.9874382,0.5848356485,438.1263164,0,300,562.5771484,528.4632232,520.7401392,0.208160013,0.2409594607,0.0003132628613,553.4134722,300.0000001,423.9664914,0,-0.001306388718,0.07608149732
447,0.008662155126,-0.008662155085,4.084380577e-11,602.755239,602.7553261,-602.7564531,438.1263181,0,368.9324964,555.2674561,562.1274642,525.4831153,34.9874382,0.5848356485,438.1263181,0,300,562.5770874,528.4632093,520.7401252,0.2081600279,0.2409594708,0.0003132628613,553.4134454,300.0000001,423.96649,0,-0.001214152622,0.07608149853
448,0.008662155126,-0.008662155082,4.400108403e-11,602.755239,602.7553197,-602.7563664,438.1263164,0,368.9324865,555.2674561,562.1274395,525.4831024,34.9874382,0.5848356485,438.1263164,0,300,562.5770874,528.4631964,520.7401122,0.2081600428,0.2409594802,0.0003132628613,553.4134205,300.0000001,423.9664887,0,-0.001127429255,0.07608149984
449,0.008662155126,-0.00866215509,3.626721319e-11,602.755239,602.7553135,-602.7562863,438.126318,0,368.9324773,555.267395,562.1274164,525.4830904,34.98743439,0.5848356485,438.126318,0,300,562.5770874,528.4631844,520.7401002,0.2081600428,0.2409594888,0.0003132628613,553.413397,300.0000001,423.9664875,0,-0.001047347036,0.0760815011
450,0.008662155126,-0.008662155093,3.299307876e-11,602.755239,602.7553086,-602.7562114,438.1263192,0,368.9324688,555.267395,562.1273971,525.4830809,34.98743439,0.5848356485,438.1263192,0,300,562.5770264,528.463175,520.7400906,0.2081600577,0.2409594968,0.0003132628613,553.4133774,300.0000001,423.9664866,0,-0.0009723899243,0.07608150238
451,0.008662155126,-0.008662155095,3.064898335e-11,602.755239,602.7553179,-602.7561416,438.1263204,0,368.9324608,555.267395,562.1273766,525.4830702,34.98743439,0.5848356485,438.1263204,0,300,562.5770264,528.4631643,520.7400799,0.2081600726,0.2409595035,0.0003132628613,553.4133567,300.0000001,423.9664856,0,-0.0009025984218,0.07608150374
452,0.008662155126,-0.008662155098,2.83520013e-11,602.755239,602.7553065,-602.7560766,438.1263214,0,368.9324534,555.267334,562.1273575,525.4830603,34.98743439,0.5848356485,438.1263214,0,300,562.5770264,528.4631545,520.74007,0.2081600726,0.2409595105,0.0003132628613,553.4133374,300.0000001,423.9664846,0,-0.0008376023596,0.07608150466
453,0.008662155126,-0.0086621551,2.626622357e-11,602.755239,602.7552991,-602.7560161,438.1263223,0,368.9324465,555.267334,562.1273397,525.4830512,34.98743057,0.5848356485,438.1263223,0,300,562.5769653,528.4631454,520.7400609,0.2081600875,0.2409595169,0.0003132628613,553.4133194,300.0000001,423.9664838,0,-0.0007770759438,0.07608150563
454,0.008662155126,-0.008662155102,2.441244949e-11,602.755239,602.755294,-602.7559597,438.126323,0,368.93244,555.267334,562.1273232,525.4830428,34.98743057,0.5848356485,438.126323,0,300,562.5769653,528.463137,520.7400524,0.2081600875,0.240959523,0.0003132628613,553.4133027,300.0000001,423.9664829,0,-0.0007207572165,0.07608150645
455,0.008662155126,-0.008662155103,2.273406116e-11,602.755239,602.7552884,-602.7559073,438.1263236,0,368.9324341,555.267334,562.1273078,525.4830349,34.98743057,0.5848356485,438.1263236,0,300,562.5769653,528.4631292,520.7400445,0.2081600875,0.2409595288,0.0003132628613,553.4132871,300.0000001,423.9664822,0,-0.0006683120281,0.07608150723
456,0.008662155126,-0.008662155105,2.114291381e-11,602.755239,602.7552867,-602.7558586,438.1263242,0,368.9324285,555.2672729,562.1272934,525.4830277,34.98743057,0.5848356485,438.1263242,0,300,562.5769653,528.4631219,520.7400373,0.2081601024,0.2409595339,0.0003132628613,553.4132725,300.0000001,423.9664815,0,-0.0006196221901,0.07608150823
457,0.008662155126,-0.008662155106,1.968738193e-11,602.755239,602.7552824,-602.7558133,438.1263248,0,368.9324233,555.2672729,562.1272815,525.483022,34.98743057,0.5848356485,438.1263248,0,300,562.5769043,528.4631163,520.7400315,0.2081601024,0.2409595387,0.0003132628613,553.4132603,300.0000001,423.966481,0,-0.0005743373708,0.07608150885
458,0.008662155126,-0.008662155108,1.862977307e-11,602.755239,602.7552857,-602.7557714,438.1263255,0,368.9324185,555.2672729,562.1272688,525.4830155,34.98743057,0.5848356485,438.1263255,0,300,562.5769043,528.4631098,520.7400251,0.2081601024,0.2409595431,0.0003132628613,553.4132475,300.0000001,423.9664804,0,-0.000532367922,0.07608150949
459,0.008662155126,-0.008662155109,1.75192031e-11,602.755239,602.7552807,-602.7557323,438.1263262,0,368.9324141,555.2672729,562.1272569,525.4830096,34.98742676,0.5848356485,438.1263262,0,300,562.5769043,528.4631039,520.7400191,0.2081601173,0.2409595472,0.0003132628613,553.4132356,300.0000001,423.9664799,0,-0.0004933460516,0.07608151029
460,0.008662155126,-0.00866215511,1.632487374e-11,602.755239,602.7552755,-602.7556962,438.126327,0,368.93241,555.2672729,562.127246,525.4830041,34.98742676,0.5848356485,438.126327,0,300,562.5769043,528.4630984,520.7400136,0.2081601173,0.2409595514,0.0003132628613,553.4132245,300.0000001,423.9664794,0,-0.0004572154301,0.07608151075
461,0.008662155126,-0.008662155111,1.516060021e-11,602.755239,602.755273,-602.7556626,438.1263276,0,368.9324061,555.2672119,562.1272358,525.482999,34.98742676,0.5848356485,438.1263276,0,300,562.5769043,528.4630934,520.7400085,0.2081601173,0.2409595551,0.0003132628613,553.4132142,300.0000001,423.9664789,0,-0.0004236490082,0.07608151137
462,0.008662155126,-0.008662155112,1.39880902e-11,602.755239,602.75527,-602.7556315,438.1263283,0,368.9324026,555.2672119,562.1272264,525.4829943,34.98742676,0.5848356485,438.1263283,0,300,562.5769043,528.4630887,520.7400038,0.2081601173,0.2409595586,0.0003132628613,553.4132047,300.0000001,423.9664784,0,-0.0003925311835,0.0760815119
463,0.008662155126,-0.008662155113,1.293357088e-11,602.755239,602.7552671,-602.7556027,438.1263288,0,368.9323993,555.2672119,562.1272177,525.48299,34.98742676,0.5848356485,438.1263288,0,300,562.5768433,528.4630844,520.7399995,0.2081601173,0.2409595618,0.0003132628613,553.4131958,300.0000001,423.9664781,0,-0.0003636826312,0.07608151237
464,0.008662155126,-0.008662155114,1.198029696e-11,602.755239,602.7552656,-602.7555759,438.1263293,0,368.9323962,555.2672119,562.1272095,525.482986,34.98742676,0.5848356485,438.1263293,0,300,562.5768433,528.4630804,520.7399954,0.2081601173,0.2409595646,0.0003132628613,553.4131876,300.0000001,423.9664777,0,-0.0003368669772,0.07608151292
465,0.008662155126,-0.008662155115,1.114668254e-11,602.755239,602.7552634,-602.755551,438.1263297,0,368.9323934,555.2672119,562.127202,525.4829822,34.98742676,0.5848356485,438.1263297,0,300,562.5768433,528.4630766,520.7399917,0.2081601322,0.2409595673,0.0003132628613,553.4131799,300.0000001,423.9664774,0,-0.0003120269043,0.07608151334
466,0.008662155126,-0.008662155116,1.033977938e-11,602.755239,602.7552618,-602.755528,438.1263301,0,368.9323908,555.2672119,562.1271949,525.4829788,34.98742676,0.5848356485,438.1263301,0,300,562.5768433,528.4630732,520.7399882,0.2081601471,0.2409595698,0.0003132628613,553.4131728,300.0000001,423.9664772,0,-0.000289045606,0.07608151376
467,0.008662155126,-0.008662155117,9.550991942e-12,602.755239,602.7552589,-602.7555067,438.1263305,0,368.9323883,555.2672119,562.1271891,525.4829761,34.98742676,0.5848356485,438.1263305,0,300,562.5768433,528.4630705,520.7399855,0.2081601471,0.2409595724,0.0003132628613,553.4131668,300.0000001,423.966477,0,-0.0002677535631,0.07608151399
468,0.008662155126,-0.008662155117,8.943793622e-12,602.755239,602.7552622,-602.755487,438.1263309,0,368.9323861,555.2672119,562.1271828,525.482973,34.98742676,0.5848356485,438.1263309,0,300,562.5768433,528.4630674,520.7399824,0.2081601471,0.2409595745,0.0003132628613,553.4131605,300.0000001,423.9664767,0,-0.0002480271689,0.07608151446
469,0.008662155126,-0.008662155118,8.293862125e-12,602.755239,602.7552596,-602.7554688,438.1263313,0,368.932384,555.2671509,562.127177,525.4829701,34.98742676,0.5848356485,438.1263313,0,300,562.5768433,528.4630646,520.7399795,0.208160162,0.2409595765,0.0003132628613,553.4131546,300.0000001,423.9664765,0,-0.0002297677361,0.07608151489
470,0.008662155126,-0.008662155118,7.66835033e-12,602.755239,602.7552569,-602.7554519,438.1263317,0,368.9323821,555.2671509,562.1271716,525.4829675,34.98742676,0.5848356485,438.1263317,0,300,562.5768433,528.463062,520.7399769,0.208160162,0.2409595784,0.0003132628613,553.4131492,300.0000001,423.9664762,0,-0.0002128655181,0.07608151517
471,0.008662155126,-0.008662155118,8.384104175e-12,602.755239,602.7552553,-602.7554361,438.1263315,0,368.9323803,555.2671509,562.1271667,525.4829651,34.98742294,0.5848356485,438.1263315,0,300,562.5768433,528.4630596,520.7399745,0.208160162,0.2409595802,0.0003132628613,553.4131442,300.0000001,423.966476,0,-0.0001971106778,0.07608151542
472,0.008662155126,-0.008662155119,6.901274691e-12,602.755239,602.7552537,-602.7554217,438.1263319,0,368.9323786,555.2671509,562.1271627,525.4829632,34.98742294,0.5848356485,438.1263319,0,300,562.5768433,528.4630577,520.7399726,0.208160162,0.2409595819,0.0003132628613,553.4131401,300.0000001,423.9664759,0,-0.0001826682116,0.07608151562
473,0.008662155126,-0.008662155119,7.494569201e-12,602.755239,602.7552555,-602.7554081,438.1263318,0,368.9323771,555.2671509,562.1271583,525.4829611,34.98742294,0.5848356485,438.1263318,0,300,562.5767822,528.4630556,520.7399705,0.208160162,0.2409595833,0.0003132628613,553.4131357,300.0000001,423.9664757,0,-0.000169142916,0.07608151591
474,0.008662155126,-0.00866215512,6.224978866e-12,602.755239,602.7552529,-602.7553957,438.1263323,0,368.9323757,555.2671509,562.1271543,525.4829591,34.98742294,0.5848356485,438.1263323,0,300,562.5767822,528.4630536,520.7399685,0.208160162,0.2409595847,0.0003132628613,553.4131316,300.0000001,423.9664755,0,-0.0001567477034,0.07608151605
475,0.008662155126,-0.008662155121,5.63416154e-12,602.755239,602.7552513,-602.7553842,438.1263328,0,368.9323743,555.2671509,562.1271505,525.4829573,34.98742294,0.5848356485,438.1263328,0,300,562.5767822,528.4630518,520.7399667,0.208160162,0.2409595863,0.0003132628613,553.4131278,300.0000001,423.9664754,0,-0.0001452428482,0.07608151623
476,0.008662155126,-0.00866215512,6.055850266e-12,602.755239,602.7552506,-602.7553735,438.1263327,0,368.9323731,555.2671509,562.127147,525.4829556,34.98742294,0.5848356485,438.1263327,0,300,562.5767822,528.4630501,520.739965,0.208160162,0.2409595875,0.0003132628613,553.4131243,300.0000001,423.9664752,0,-0.0001344903711,0.07608151651
477,0.008662155126,-0.00866215512,5.871586203e-12,602.755239,602.75525,-602.7553636,438.1263328,0,368.932372,555.2671509,562.1271438,525.4829541,34.98742294,0.5848356485,438.1263328,0,300,562.5767822,528.4630486,520.7399634,0.208160162,0.2409595886,0.0003132628613,553.413121,300.0000001,423.9664751,0,-0.000124605476,0.07608151678
478,0.008662155126,-0.008662155121,5.635304723e-12,602.755239,602.7552494,-602.7553544,438.1263329,0,368.932371,555.2671509,562.1271408,525.4829526,34.98742294,0.5848357081,438.1263329,0,300,562.5767822,528.4630471,520.739962,0.208160162,0.2409595896,0.0003132628613,553.413118,300.0000001,423.966475,0,-0.000115422476,0.07608151698
479,0.008662155126,-0.008662155122,4.523423303e-12,602.755239,602.7552484,-602.7553459,438.1263334,0,368.93237,555.2671509,562.127138,525.4829513,34.98742294,0.5848357081,438.1263334,0,300,562.5767822,528.4630458,520.7399606,0.208160162,0.2409595905,0.0003132628613,553.4131152,300.0000001,423.9664748,0,-0.0001069649843,0.07608151714
480,0.008662155126,-0.008662155121,4.70599254e-12,602.755239,602.7552475,-602.7553381,438.1263335,0,368.9323691,555.2671509,562.1271358,525.4829503,34.98742294,0.5848357081,438.1263335,0,300,562.5767822,528.4630447,520.7399596,0.208160162,0.2409595914,0.0003132628613,553.4131128,300.0000001,423.9664748,0,-9.907729896e-05,0.07608151727
481,0.008662155126,-0.008662155122,4.495064043e-12,602.755239,602.7552483,-602.7553308,438.1263336,0,368.9323683,555.2671509,562.1271333,525.4829491,34.98742294,0.5848357081,438.1263336,0,300,562.5767822,528.4630436,520.7399584,0.208160162,0.2409595922,0.0003132628613,553.4131103,300.0000001,423.9664747,0,-9.18067235e-05,0.07608151741
482,0.008662155126,-0.008662155122,4.227181105e-12,602.755239,602.7552471,-602.755324,438.1263337,0,368.9323675,555.2671509,562.127131,525.482948,34.98742294,0.5848357081,438.1263337,0,300,562.5767822,528.4630425,520.7399573,0.208160162,0.2409595929,0.0003132628613,553.413108,300.0000001,423.9664746,0,-8.505259848e-05,0.07608151757
483,0.008662155126,-0.008662155122,3.944650162e-12,602.755239,602.7552462,-602.7553178,438.1263339,0,368.9323668,555.2671509,562.1271289,525.482947,34.98742294,0.5848357081,438.1263339,0,300,562.5767822,528.4630415,520.7399563,0.208160162,0.2409595936,0.0003132628613,553.4131059,300.0000001,423.9664745,0,-7.881460749e-05,0.07608151767
484,0.008662155126,-0.008662155122,3.67993136e-12,602.755239,602.7552451,-602.755312,438.126334,0,368.9323661,555.2671509,562.127127,525.4829461,34.98742294,0.5848357081,438.126334,0,300,562.5767822,528.4630406,520.7399554,0.208160162,0.2409595944,0.0003132628613,553.4131039,300.0000001,423.9664744,0,-7.30500509e-05,0.07608151775
485,0.008662155126,-0.008662155123,3.388522102e-12,602.755239,602.7552444,-602.7553067,438.1263341,0,368.9323655,555.2671509,562.1271254,525.4829454,34.98742294,0.5848357081,438.1263341,0,300,562.5767822,528.4630399,520.7399547,0.208160162,0.2409595951,0.0003132628613,553.4131023,300.0000001,423.9664744,0,-6.769156482e-05,0.07608151784
486,0.008662155126,-0.008662155123,3.127678672e-12,602.755239,602.755245,-602.7553017,438.1263342,0,368.9323649,555.2671509,562.1271237,525.4829445,34.98742294,0.5848357081,438.1263342,0,300,562.5767822,528.463039,520.7399538,0.208160162,0.2409595957,0.0003132628613,553.4131005,300.0000001,423.9664743,0,-6.273744475e-05,0.07608151794
487,0.008662155126,-0.008662155123,2.887886111e-12,602.755239,602.7552439,-602.7552971,438.1263343,0,368.9323644,555.2671509,562.1271221,525.4829438,34.98742294,0.5848357081,438.1263343,0,300,562.5767822,528.4630383,520.7399531,0.2081601769,0.2409595964,0.0003132628613,553.4130989,300.0000001,423.9664743,0,-5.814988299e-05,0.07608151801
488,0.008662155126,-0.008662155123,2.664521381e-12,602.755239,602.7552439,-602.7552929,438.1263344,0,368.9323639,555.2671509,562.1271206,525.4829431,34.98742294,0.5848357081,438.1263344,0,300,562.5767822,528.4630376,520.7399524,0.2081601769,0.2409595969,0.0003132628613,553.4130974,300.0000001,423.9664742,0,-5.388387342e-05,0.07608151814
489,0.008662155126,-0.008662155124,2.427296211e-12,602.755239,602.7552437,-602.7552889,438.1263345,0,368.9323635,555.2670898,562.1271193,525.4829425,34.98742294,0.5848357081,438.1263345,0,300,562.5767822,528.463037,520.7399518,0.2081601769,0.2409595974,0.0003132628613,553.4130961,300.0000001,423.9664742,0,-4.995521635e-05,0.07608151827
490,0.008662155126,-0.008662155124,2.19221169e-12,602.755239,602.7552435,-602.7552853,438.1263346,0,368.9323631,555.2670898,562.127118,525.4829419,34.98742294,0.5848357081,438.1263346,0,300,562.5767822,528.4630364,520.7399512,0.2081601769,0.2409595977,0.0003132628613,553.4130948,300.0000001,423.9664741,0,-4.63078253e-05,0.07608151839
491,0.008662155126,-0.008662155124,2.01665247e-12,602.755239,602.755243,-602.7552819,438.1263346,0,368.9323627,555.2670898,562.1271169,525.4829413,34.98742294,0.5848357081,438.1263346,0,300,562.5767822,528.4630358,520.7399506,0.2081601769,0.240959598,0.0003132628613,553.4130937,300.0000001,423.9664741,0,-4.29049386e-05,0.07608151844
492,0.008662155126,-0.008662155124,1.855231246e-12,602.755239,602.7552427,-602.7552787,438.1263346,0,368.9323623,555.2670898,562.1271159,525.4829409,34.98742294,0.5848357081,438.1263346,0,300,562.5767822,528.4630354,520.7399502,0.2081601769,0.2409595984,0.0003132628613,553.4130927,300.0000001,423.966474,0,-3.9747644e-05,0.07608151848
493,0.008662155126,-0.008662155124,1.722288978e-12,602.755239,602.755243,-602.7552758,438.1263346,0,368.932362,555.2670898,562.1271149,525.4829404,34.98742294,0.5848357081,438.1263346,0,300,562.5767822,528.463035,520.7399497,0.2081601769,0.2409595987,0.0003132628613,553.4130917,300.0000001,423.966474,0,-3.682367424e-05,0.07608151854
494,0.008662155126,-0.008662155125,1.592210738e-12,602.755239,602.7552426,-602.7552731,438.1263346,0,368.9323617,555.2670898,562.127114,525.48294,34.98742294,0.5848357081,438.1263346,0,300,562.5767822,528.4630345,520.7399493,0.2081601769,0.2409595989,0.0003132628613,553.4130908,300.0000001,423.966474,0,-3.413383604e-05,0.07608151861
495,0.008662155126,-0.008662155125,1.469597014e-12,602.755239,602.755242,-602.7552706,438.1263347,0,368.9323614,555.2670898,562.1271131,525.4829396,34.98742294,0.5848357081,438.1263347,0,300,562.5767822,528.4630341,520.7399489,0.2081601769,0.2409595992,0.0003132628613,553.4130899,300.0000001,423.9664739,0,-3.160899223e-05,0.07608151864
496,0.008662155126,-0.008662155125,1.362231508e-12,602.755239,602.7552416,-602.7552683,438.1263347,0,368.9323611,555.2670898,562.1271123,525.4829392,34.98742294,0.5848357081,438.1263347,0,300,562.5767822,528.4630337,520.7399485,0.2081601769,0.2409595995,0.0003132628613,553.4130891,300.0000001,423.9664739,0,-2.928449328e-05,0.07608151868
497,0.008662155126,-0.008662155125,1.282494944e-12,602.755239,602.7552415,-602.7552661,438.1263347,0,368.9323609,555.2670898,562.1271116,525.4829389,34.98742294,0.5848357081,438.1263347,0,300,562.5767822,528.4630334,520.7399482,0.2081601769,0.2409595997,0.0003132628613,553.4130884,300.0000001,423.9664739,0,-2.712506375e-05,0.07608151873
498,0.008662155126,-0.008662155125,1.181213113e-12,602.755239,602.7552414,-602.7552641,438.1263347,0,368.9323606,555.2670898,562.1271109,525.4829385,34.98742294,0.5848357081,438.1263347,0,300,562.5767822,528.4630331,520.7399478,0.2081601769,0.2409595999,0.0003132628613,553.4130877,300.0000001,423.9664739,0,-2.51191459e-05,0.07608151879
499,0.008662155126,-0.008662155125,1.098376598e-12,602.755239,602.755241,-602.7552623,438.1263347,0,368.9323604,555.2670898,562.1271104,525.4829383,34.98742294,0.5848357081,438.1263347,0,300,562.5767822,528.4630328,520.7399476,0.2081601769,0.2409596001,0.0003132628613,553.4130871,300.0000001,423.9664738,0,-2.326547144e-05,0.0760815188
500,0.008662155126,-0.008662155125,1.008790274e-12,602.755239,602.755241,-602.7552605,438.1263347,0,368.9323602,555.2670898,562.1271098,525.482938,34.98742294,0.5848357081,438.1263347,0,300,562.5767822,528.4630325,520.7399473,0.2081601769,0.2409596003,0.0003132628613,553.4130865,300.0000001,423.9664738,0,-2.155889433e-05,0.0760815188
501,0.008662155126,-0.008662155125,1.136618577e-12,602.755239,602.7552408,-602.755259,438.1263346,0,368.93236,555.2670898,562.1271093,525.4829378,34.98742294,0.5848357081,438.1263346,0,300,562.5767822,528.4630323,520.7399471,0.2081601769,0.2409596006,0.0003132628613,553.413086,300.0000001,423.9664738,0,-1.996692833e-05,0.07608151883
502,0.008662155126,-0.008662155125,9.417345376e-13,602.755239,602.7552411,-602.7552575,438.1263347,0,368.9323599,555.2670898,562.1271088,525.4829376,34.98742294,0.5848357081,438.1263347,0,300,562.5767822,528.4630321,520.7399469,0.2081601769,0.2409596007,0.0003132628613,553.4130855,300.0000001,423.9664738,0,-1.851353647e-05,0.07608151888
503,0.008662155126,-0.008662155125,1.075407124e-12,602.755239,602.7552407,-602.7552561,438.1263346,0,368.9323597,555.2670898,562.1271083,525.4829373,34.98742294,0.5848357081,438.1263346,0,300,562.5767822,528.4630319,520.7399466,0.2081601769,0.2409596009,0.0003132628613,553.413085,300.0000001,423.9664738,0,-1.713887275e-05,0.0760815189
504,0.008662155126,-0.008662155125,8.897500792e-13,602.755239,602.7552405,-602.7552549,438.1263347,0,368.9323596,555.2670898,562.1271078,525.4829371,34.98742294,0.5848357081,438.1263347,0,300,562.5767822,528.4630317,520.7399464,0.2081601769,0.240959601,0.0003132628613,553.4130845,300.0000001,423.9664738,0,-1.589101453e-05,0.07608151894
505,0.008662155126,-0.008662155125,8.002903895e-13,602.755239,602.7552403,-602.7552537,438.1263347,0,368.9323594,555.2670898,562.1271074,525.4829369,34.98742294,0.5848357081,438.1263347,0,300,562.5767822,528.4630315,520.7399462,0.2081601769,0.2409596012,0.0003132628613,553.4130841,300.0000001,423.9664737,0,-1.473077725e-05,0.07608151895
506,0.008662155126,-0.008662155125,8.791318368e-13,602.755239,602.75524,-602.7552526,438.1263347,0,368.9323593,555.2670898,562.1271071,525.4829368,34.98742294,0.5848357081,438.1263347,0,300,562.5767822,528.4630313,520.7399461,0.2081601769,0.2409596014,0.0003132628613,553.4130838,300.0000001,423.9664737,0,-1.363718673e-05,0.07608151897
507,0.008662155126,-0.008662155125,7.010329817e-13,602.755239,602.7552404,-602.7552516,438.1263348,0,368.9323592,555.2670898,562.1271068,525.4829366,34.98742294,0.5848357081,438.1263348,0,300,562.5767822,528.4630312,520.7399459,0.2081601918,0.2409596015,0.0003132628613,553.4130834,300.0000001,423.9664737,0,-1.264470723e-05,0.07608151901
508,0.008662155126,-0.008662155125,7.680904524e-13,602.755239,602.7552404,-602.7552507,438.1263348,0,368.9323591,555.2670898,562.1271064,525.4829365,34.98742294,0.5848357081,438.1263348,0,300,562.5767822,528.463031,520.7399458,0.2081601918,0.2409596016,0.0003132628613,553.4130831,300.0000001,423.9664737,0,-1.170954295e-05,0.07608151904
509,0.008662155126,-0.008662155125,7.3375854e-13,602.755239,602.7552402,-602.7552498,438.1263348,0,368.932359,555.2670898,562.1271061,525.4829363,34.98742294,0.5848357081,438.1263348,0,300,562.5767822,528.4630309,520.7399456,0.2081601918,0.2409596016,0.0003132628613,553.4130828,300.0000001,423.9664737,0,-1.084767359e-05,0.07608151906
510,0.008662155126,-0.008662155125,6.961237142e-13,602.755239,602.7552398,-602.755249,438.1263348,0,368.9323589,555.2670898,562.1271059,525.4829362,34.98742294,0.5848357081,438.1263348,0,300,562.5767822,528.4630307,520.7399455,0.2081601918,0.2409596017,0.0003132628613,553.4130825,300.0000001,423.9664737,0,-1.005142849e-05,0.07608151905
511,0.008662155126,-0.008662155125,6.531650221e-13,602.755239,602.7552399,-602.7552483,438.1263348,0,368.9323588,555.2670898,562.1271056,525.4829361,34.98742294,0.5848357081,438.1263348,0,300,562.5767822,528.4630306,520.7399454,0.2081601918,0.2409596018,0.0003132628613,553.4130822,300.0000001,423.9664737,0,-9.311722579e-06,0.07608151908
512,0.008662155126,-0.008662155126,6.198878216e-13,602.755239,602.7552398,-602.7552476,438.1263348,0,368.9323587,555.2670898,562.1271054,525.482936,34.98742294,0.5848357081,438.1263348,0,300,562.5767822,528.4630305,520.7399453,0.2081601918,0.2409596019,0.0003132628613,553.413082,300.0000001,423.9664737,0,-8.624082852e-06,0.07608151909
513,0.008662155126,-0.008662155126,5.834100564e-13,602.755239,602.7552397,-602.755247,438.1263348,0,368.9323587,555.2670898,562.1271051,525.4829359,34.98742294,0.5848357081,438.1263348,0,300,562.5767822,528.4630304,520.7399452,0.2081601918,0.240959602,0.0003132628613,553.4130818,300.0000001,423.9664737,0,-7.991823963e-06,0.07608151908
514,0.008662155126,-0.008662155126,5.497251959e-13,602.755239,602.7552398,-602.7552464,438.1263348,0,368.9323586,555.2670898,562.1271049,525.4829358,34.98742294,0.5848357081,438.1263348,0,300,562.5767822,528.4630303,520.7399451,0.2081601918,0.2409596021,0.0003132628613,553.4130816,300.0000001,423.9664737,0,-7.40518044e-06,0.07608151911
515,0.008662155126,-0.008662155126,5.203077552e-13,602.755239,602.7552395,-602.7552458,438.1263348,0,368.9323585,555.2670898,562.1271047,525.4829357,34.98742294,0.5848357081,438.1263348,0,300,562.5767822,528.4630302,520.739945,0.2081601918,0.2409596021,0.0003132628613,553.4130814,300.0000001,423.9664737,0,-6.860526923e-06,0.07608151912
516,0.008662155126,-0.008662155126,4.836443745e-13,602.755239,602.7552395,-602.7552453,438.1263348,0,368.9323585,555.2670898,562.1271045,525.4829356,34.98742294,0.5848357081,438.1263348,0,300,562.5767822,528.4630302,520.7399449,0.2081601918,0.2409596022,0.0003132628613,553.4130812,300.0000001,423.9664736,0,-6.359274607e-06,0.07608151913
517,0.008662155126,-0.008662155126,4.47645393e-13,602.755239,602.7552394,-602.7552449,438.1263348,0,368.9323584,555.2670898,562.1271044,525.4829356,34.98742294,0.5848357081,438.1263348,0,300,562.5767822,528.4630301,520.7399448,0.2081601918,0.2409596023,0.0003132628613,553.413081,300.0000001,423.9664736,0,-5.891296382e-06,0.07608151913
518,0.008662155126,-0.008662155126,4.092143291e-13,602.755239,602.7552396,-602.7552444,438.1263348,0,368.9323584,555.2670898,562.1271042,525.4829355,34.98742294,0.5848357081,438.1263348,0,300,562.5767822,528.46303,520.7399448,0.2081601918,0.2409596024,0.0003132628613,553.4130809,300.0000001,423.9664736,0,-5.461490332e-06,0.07608151915
519,0.008662155126,-0.008662155126,3.715361352e-13,602.755239,602.7552395,-602.755244,438.1263348,0,368.9323583,555.2670898,562.1271041,525.4829354,34.98742294,0.5848357081,438.1263348,0,300,562.5767822,528.46303,520.7399447,0.2081601918,0.2409596024,0.0003132628613,553.4130807,300.0000001,423.9664736,0,-5.052711572e-06,0.07608151916
520,0.008662155126,-0.008662155126,3.434474927e-13,602.755239,602.7552395,-602.7552437,438.1263348,0,368.9323583,555.2670898,562.127104,525.4829354,34.98742294,0.5848357081,438.1263348,0,300,562.5767822,528.4630299,520.7399447,0.2081601918,0.2409596025,0.0003132628613,553.4130806,300.0000001,423.9664736,0,-4.678739742e-06,0.07608151916
521,0.008662155126,-0.008662155126,3.130828929e-13,602.755239,602.7552394,-602.7552433,438.1263348,0,368.9323583,555.2670898,562.1271038,525.4829353,34.98742294,0.5848357081,438.1263348,0,300,562.5767822,528.4630298,520.7399446,0.2081601918,0.2409596025,0.0003132628613,553.4130805,300.0000001,423.9664736,0,-4.335852509e-06,0.07608151918
522,0.008662155126,-0.008662155126,2.846976127e-13,602.755239,602.7552394,-602.755243,438.1263349,0,368.9323582,555.2670898,562.1271037,525.4829353,34.98742294,0.5848357081,438.1263349,0,300,562.5767822,528.4630298,520.7399445,0.2081601918,0.2409596025,0.0003132628613,553.4130804,300.0000001,423.9664736,0,-4.019118137e-06,0.07608151919
523,0.008662155126,-0.008662155126,2.65142075e-13,602.755239,602.7552393,-602.7552427,438.1263349,0,368.9323582,555.2670898,562.1271036,525.4829352,34.98742294,0.5848357081,438.1263349,0,300,562.5767822,528.4630297,520.7399445,0.2081601918,0.2409596026,0.0003132628613,553.4130803,300.0000001,423.9664736,0,-3.723333975e-06,0.07608151919
524,0.008662155126,-0.008662155126,2.417215733e-13,602.755239,602.7552393,-602.7552424,438.1263349,0,368.9323582,555.2670898,562.1271035,525.4829352,34.98742294,0.5848357081,438.1263349,0,300,562.5767822,528.4630297,520.7399445,0.2081601918,0.2409596026,0.0003132628613,553.4130802,300.0000001,423.9664736,0,-3.449274004e-06,0.07608151919
525,0.008662155126,-0.008662155126,2.195656851e-13,602.755239,602.7552393,-602.7552422,438.1263349,0,368.9323581,555.2670898,562.1271034,525.4829351,34.98742294,0.5848357081,438.1263349,0,300,562.5767822,528.4630297,520.7399444,0.2081601918,0.2409596026,0.0003132628613,553.4130801,300.0000001,423.9664736,0,-3.197027809e-06,0.0760815192
526,0.008662155126,-0.008662155126,2.009087341e-13,602.755239,602.7552392,-602.7552419,438.1263349,0,368.9323581,555.2670898,562.1271034,525.4829351,34.98742294,0.5848357081,438.1263349,0,300,562.5767822,528.4630296,520.7399444,0.2081601918,0.2409596027,0.0003132628613,553.41308,300.0000001,423.9664736,0,-2.961736982e-06,0.0760815192
527,0.008662155126,-0.008662155126,1.844635555e-13,602.755239,602.7552392,-602.7552417,438.1263349,0,368.9323581,555.2670898,562.1271033,525.4829351,34.98742294,0.5848357081,438.1263349,0,300,562.5767822,528.4630296,520.7399443,0.2081601918,0.2409596027,0.0003132628613,553.4130799,300.0000001,423.9664736,0,-2.74843012e-06,0.07608151919
528,0.008662155126,-0.008662155126,1.762635177e-13,602.755239,602.7552393,-602.7552415,438.1263349,0,368.9323581,555.2670898,562.1271032,525.482935,34.98742294,0.5848357081,438.1263349,0,300,562.5767822,528.4630296,520.7399443,0.2081601918,0.2409596027,0.0003132628613,553.4130799,300.0000001,423.9664736,0,-2.545874622e-06,0.07608151921
529,0.008662155126,-0.008662155126,1.678535783e-13,602.755239,602.7552393,-602.7552413,438.1263349,0,368.932358,555.2670898,562.1271032,525.482935,34.98742294,0.5848357081,438.1263349,0,300,562.5767822,528.4630295,520.7399443,0.2081601918,0.2409596028,0.0003132628613,553.4130798,300.0000001,423.9664736,0,-2.357775088e-06,0.07608151922
530,0.008662155126,-0.008662155126,1.615547973e-13,602.755239,602.7552392,-602.7552412,438.1263349,0,368.932358,555.2670898,562.1271031,525.482935,34.98742294,0.5848357081,438.1263349,0,300,562.5767822,528.4630295,520.7399442,0.2081601918,0.2409596028,0.0003132628613,553.4130797,300.0000001,423.9664736,0,-2.183225888e-06,0.07608151923
531,0.008662155126,-0.008662155126,1.907172337e-13,602.755239,602.7552392,-602.755241,438.1263349,0,368.932358,555.2670898,562.127103,525.4829349,34.98742294,0.5848357081,438.1263349,0,300,562.5767822,528.4630295,520.7399442,0.2081601918,0.2409596028,0.0003132628613,553.4130797,300.0000001,423.9664736,0,-2.019145654e-06,0.07608151923
532,0.008662155126,-0.008662155126,2.039132752e-13,602.755239,602.7552392,-602.7552409,438.1263349,0,368.932358,555.2670898,562.127103,525.4829349,34.98742294,0.5848357081,438.1263349,0,300,562.5767822,528.4630294,520.7399442,0.2081601918,0.2409596028,0.0003132628613,553.4130796,300.0000001,423.9664736,0,-1.867263336e-06,0.07608151923
533,0.008662155126,-0.008662155126,2.07653339e-13,602.755239,602.7552391,-602.7552407,438.1263349,0,368.932358,555.2670898,562.1271029,525.4829349,34.98742294,0.5848357081,438.1263349,0,300,562.5767822,528.4630294,520.7399442,0.2081601918,0.2409596028,0.0003132628613,553.4130796,300.0000001,423.9664736,0,-1.730494205e-06,0.07608151922
534,0.008662155126,-0.008662155126,2.039306224e-13,602.755239,602.7552391,-602.7552406,438.1263349,0,368.9323579,555.2670898,562.1271029,525.4829349,34.98742294,0.5848357081,438.1263349,0,300,562.5767822,528.4630294,520.7399442,0.2081601918,0.2409596029,0.0003132628613,553.4130795,300.0000001,423.9664736,0,-1.602885959e-06,0.07608151923
535,0.008662155126,-0.008662155126,2.037398028e-13,602.755239,602.7552392,-602.7552405,438.1263349,0,368.9323579,555.2670898,562.1271028,525.4829349,34.98742294,0.5848357081,438.1263349,0,300,562.5767822,528.4630294,520.7399441,0.2081601918,0.2409596029,0.0003132628613,553.4130795,300.0000001,423.9664736,0,-1.484686436e-06,0.07608151924
536,0.008662155126,-0.008662155126,2.014811928e-13,602.755239,602.7552392,-602.7552404,438.1263349,0,368.9323579,555.2670898,562.1271028,525.4829348,34.98742294,0.5848357081,438.1263349,0,300,562.5767822,528.4630294,520.7399441,0.2081601918,0.2409596029,0.0003132628613,553.4130794,300.0000001,423.9664736,0,-1.375468969e-06,0.07608151924
537,0.008662155126,-0.008662155126,1.932239091e-13,602.755239,602.755239,-602.7552403,438.1263349,0,368.9323579,555.2670898,562.1271028,525.4829348,34.98742294,0.5848357081,438.1263349,0,300,562.5767822,528.4630293,520.7399441,0.2081601918,0.2409596029,0.0003132628613,553.4130794,300.0000001,423.9664736,0,-1.274899432e-06,0.07608151924
538,0.008662155126,-0.008662155126,1.860456234e-13,602.755239,602.7552391,-602.7552402,438.1263349,0,368.9323579,555.2670898,562.1271027,525.4829348,34.98742294,0.5848357081,438.1263349,0,300,562.5767822,528.4630293,520.7399441,0.2081601918,0.2409596029,0.0003132628613,553.4130793,300.0000001,423.9664736,0,-1.181449193e-06,0.07608151925
539,0.008662155126,-0.008662155126,1.713160863e-13,602.755239,602.7552391,-602.7552401,438.1263349,0,368.9323579,555.2670898,562.1271027,525.4829348,34.98742294,0.5848357081,438.1263349,0,300,562.5767822,528.4630293,520.7399441,0.2081601918,0.2409596029,0.0003132628613,553.4130793,300.0000001,423.9664736,0,-1.095247853e-06,0.07608151925
540,0.008662155126,-0.008662155126,1.579777975e-13,602.755239,602.7552391,-602.75524,438.1263349,0,368.9323579,555.2670898,562.1271027,525.4829348,34.98742294,0.5848357081,438.1263349,0,300,562.5767822,528.4630293,520.7399441,0.2081601918,0.2409596029,0.0003132628613,553.4130793,300.0000001,423.9664736,0,-1.015854423e-06,0.07608151925
541,0.008662155126,-0.008662155126,1.471947564e-13,602.755239,602.7552391,-602.7552399,438.1263349,0,368.9323579,555.2670898,562.1271026,525.4829348,34.98742294,0.5848357081,438.1263349,0,300,562.5767822,528.4630293,520.739944,0.2081601918,0.240959603,0.0003132628613,553.4130793,300.0000001,423.9664736,0,-9.424879863e-07,0.07608151926
542,0.008662155126,-0.008662155126,1.3566058e-13,602.755239,602.7552391,-602.7552399,438.1263349,0,368.9323579,555.2670898,562.1271026,525.4829347,34.98742294,0.5848357081,438.1263349,0,300,562.5767822,528.4630293,520.739944,0.2081601918,0.240959603,0.0003132628613,553.4130792,300.0000001,423.9664736,0,-8.75040314e-07,0.07608151926
543,0.008662155126,-0.008662155126,1.229624041e-13,602.755239,602.7552391,-602.7552398,438.1263349,0,368.9323579,555.2670898,562.1271026,525.4829347,34.98742294,0.5848357081,438.1263349,0,300,562.5767822,528.4630293,520.739944,0.2081601918,0.240959603,0.0003132628613,553.4130792,300.0000001,423.9664736,0,-8.124528676e-07,0.07608151926
544,0.008662155126,-0.008662155126,1.006573297e-13,602.755239,602.7552391,-602.7552397,438.1263349,0,368.9323578,555.2670898,562.1271026,525.4829347,34.98742294,0.5848357081,438.1263349,0,300,562.5767822,528.4630293,520.739944,0.2081601918,0.240959603,0.0003132628613,553.4130792,300.0000001,423.9664736,0,-7.557154049e-07,0.07608151926
545,0.008662155126,-0.008662155126,8.828007769e-14,602.755239,602.7552391,-602.7552397,438.1263349,0,368.9323578,555.2670898,562.1271025,525.4829347,34.98742294,0.5848357081,438.1263349,0,300,562.5767822,528.4630292,520.739944,0.2081601918,0.240959603,0.0003132628613,553.4130792,300.0000001,423.9664736,0,-7.025004152e-07,0.07608151926
546,0.008662155126,-0.008662155126,7.846501227e-14,602.755239,602.7552391,-602.7552396,438.1263349,0,368.9323578,555.2670898,562.1271025,525.4829347,34.98742294,0.5848357081,438.1263349,0,300,562.5767822,528.4630292,520.739944,0.2081601918,0.240959603,0.0003132628613,553.4130791,300.0000001,423.9664736,0,-6.527925507e-07,0.07608151926
547,0.008662155126,-0.008662155126,6.720492218e-14,602.755239,602.7552391,-602.7552396,438.1263349,0,368.9323578,555.2670898,562.1271025,525.4829347,34.98742294,0.5848357081,438.1263349,0,300,562.5767822,528.4630292,520.739944,0.2081601918,0.240959603,0.0003132628613,553.4130791,300.0000001,423.9664736,0,-6.058709232e-07,0.07608151926
548,0.008662155126,-0.008662155126,7.392697565e-14,602.755239,602.7552391,-602.7552395,438.1263349,0,368.9323578,555.2670898,562.1271025,525.4829347,34.98742294,0.5848357081,438.1263349,0,300,562.5767822,528.4630292,520.739944,0.2081601918,0.240959603,0.0003132628613,553.4130791,300.0000001,423.9664736,0,-5.607068942e-07,0.07608151926
549,0.008662155126,-0.008662155126,7.804694391e-14,602.755239,602.755239,-602.7552395,438.1263349,0,368.9323578,555.2670898,562.1271025,525.4829347,34.98742294,0.5848357081,438.1263349,0,300,562.5767822,528.4630292,520.739944,0.2081601918,0.240959603,0.0003132628613,553.4130791,300.0000001,423.9664736,0,-5.192524668e-07,0.07608151926
550,0.008662155126,-0.008662155126,7.42704509e-14,602.755239,602.755239,-602.7552395,438.1263349,0,368.9323578,555.2670898,562.1271024,525.4829347,34.98742294,0.5848357081,438.1263349,0,300,562.5767822,528.4630292,520.739944,0.2081601918,0.240959603,0.0003132628613,553.4130791,300.0000001,423.9664736,0,-4.812136467e-07,0.07608151926
551,0.008662155126,-0.008662155126,7.960125614e-14,602.755239,602.755239,-602.7552394,438.1263349,0,368.9323578,555.2670898,562.1271024,525.4829347,34.98742294,0.5848357081,438.1263349,0,300,562.5767822,528.4630292,520.739944,0.2081601918,0.240959603,0.0003132628613,553.4130791,300.0000001,423.9664736,0,-4.457580189e-07,0.07608151926
552,0.008662155126,-0.008662155126,7.963942006e-14,602.755239,602.755239,-602.7552394,438.1263349,0,368.9323578,555.2670898,562.1271024,525.4829347,34.98742294,0.5848357081,438.1263349,0,300,562.5767822,528.4630292,520.739944,0.2081601918,0.240959603,0.0003132628613,553.413079,300.0000001,423.9664736,0,-4.133637503e-07,0.07608151925
553,0.008662155126,-0.008662155126,7.599997021e-14,602.755239,602.755239,-602.7552394,438.1263349,0,368.9323578,555.2670898,562.1271024,525.4829347,34.98742294,0.5848357081,438.1263349,0,300,562.5767822,528.4630292,520.7399439,0.2081601918,0.240959603,0.0003132628613,553.413079,300.0000001,423.9664736,0,-3.837924396e-07,0.07608151926
554,0.008662155126,-0.008662155126,7.767744781e-14,602.755239,602.755239,-602.7552393,438.1263349,0,368.9323578,555.2670898,562.1271024,525.4829347,34.98742294,0.5848357081,438.1263349,0,300,562.5767822,528.4630292,520.7399439,0.2081601918,0.240959603,0.0003132628613,553.413079,300.0000001,423.9664736,0,-3.562030315e-07,0.07608151926
555,0.008662155126,-0.008662155126,7.982330075e-14,602.755239,602.755239,-602.7552393,438.1263349,0,368.9323578,555.2670898,562.1271024,525.4829347,34.98742294,0.5848357081,438.1263349,0,300,562.5767822,528.4630292,520.7399439,0.2081601918,0.240959603,0.0003132628613,553.413079,300.0000001,423.9664736,0,-3.303571248e-07,0.07608151926
556,0.008662155126,-0.008662155126,1.021457224e-13,602.755239,602.755239,-602.7552393,438.1263349,0,368.9323578,555.2670898,562.1271024,525.4829347,34.98742294,0.5848357081,438.1263349,0,300,562.5767822,528.4630292,520.7399439,0.2081601918,0.2409596031,0.0003132628613,553.413079,300.0000001,423.9664736,0,-3.046925485e-07,0.07608151926
557,0.008662155126,-0.008662155126,9.348945229e-14,602.755239,602.755239,-602.7552393,438.1263349,0,368.9323578,555.2670898,562.1271024,525.4829346,34.98742294,0.5848357081,438.1263349,0,300,562.5767822,528.4630292,520.7399439,0.2081601918,0.2409596031,0.0003132628613,553.413079,300.0000001,423.9664736,0,-2.832001655e-07,0.07608151926
558,0.008662155126,-0.008662155126,8.940244378e-14,602.755239,602.755239,-602.7552392,438.1263349,0,368.9323578,555.2670898,562.1271024,525.4829346,34.98742294,0.5848357081,438.1263349,0,300,562.5767822,528.4630292,520.7399439,0.2081601918,0.2409596031,0.0003132628613,553.413079,300.0000001,423.9664736,0,-2.630229119e-07,0.07608151927
559,0.008662155126,-0.008662155126,8.737975621e-14,602.755239,602.755239,-602.7552392,438.1263349,0,368.9323578,555.2670898,562.1271024,525.4829346,34.98742294,0.5848357081,438.1263349,0,300,562.5767822,528.4630292,520.7399439,0.2081601918,0.2409596031,0.0003132628613,553.413079,300.0000001,423.9664736,0,-2.44305852e-07,0.07608151927
560,0.008662155126,-0.008662155126,8.628341097e-14,602.755239,602.755239,-602.7552392,438.1263349,0,368.9323578,555.2670898,562.1271023,525.4829346,34.98742294,0.5848357081,438.1263349,0,300,562.5767822,528.4630292,520.7399439,0.2081601918,0.2409596031,0.0003132628613,553.413079,300.0000001,423.9664736,0,-2.270973027e-07,0.07608151927
561,0.008662155126,-0.008662155126,8.495634751e-14,602.755239,602.755239,-602.7552392,438.1263349,0,368.9323578,555.2670898,562.1271023,525.4829346,34.98742294,0.5848357081,438.1263349,0,300,562.5767822,528.4630292,520.7399439,0.2081601918,0.2409596031,0.0003132628613,553.413079,300.0000001,423.9664736,0,-2.113108621e-07,0.07608151927
562,0.008662155126,-0.008662155126,8.380796057e-14,602.755239,602.755239,-602.7552392,438.1263349,0,368.9323578,555.2670898,562.1271023,525.4829346,34.98742294,0.5848357081,438.1263349,0,300,562.5767822,528.4630292,520.7399439,0.2081601918,0.2409596031,0.0003132628613,553.413079,300.0000001,423.9664736,0,-1.96744395e-07,0.07608151927
563,0.008662155126,-0.008662155126,8.178353827e-14,602.755239,602.755239,-602.7552392,438.1263349,0,368.9323578,555.2670898,562.1271023,525.4829346,34.98742294,0.5848357081,438.1263349,0,300,562.5767822,528.4630292,520.7399439,0.2081601918,0.2409596031,0.0003132628613,553.413079,300.0000001,423.9664736,0,-1.833319629e-07,0.07608151927
564,0.008662155126,-0.008662155126,6.689440668e-14,602.755239,602.755239,-602.7552392,438.1263349,0,368.9323578,555.2670898,562.1271023,525.4829346,34.98742294,0.5848357081,438.1263349,0,300,562.5767822,528.4630292,520.7399439,0.2081601918,0.2409596031,0.0003132628613,553.4130789,300.0000001,423.9664736,0,-1.719846523e-07,0.07608151927
565,0.008662155126,-0.008662155126,6.643470496e-14,602.755239,602.755239,-602.7552391,438.1263349,0,368.9323578,555.2670898,562.1271023,525.4829346,34.98742294,0.5848357081,438.1263349,0,300,562.5767822,528.4630292,520.7399439,0.2081601918,0.2409596031,0.0003132628613,553.4130789,300.0000001,423.9664736,0,-1.601762278e-07,0.07608151927
566,0.008662155126,-0.008662155126,5.432286565e-14,602.755239,602.755239,-602.7552391,438.1263349,0,368.9323578,555.2670898,562.1271023,525.4829346,34.98742294,0.5848357081,438.1263349,0,300,562.5767822,528.4630292,520.7399439,0.2081601918,0.2409596031,0.0003132628613,553.4130789,300.0000001,423.9664736,0,-1.502251052e-07,0.07608151927
567,0.008662155126,-0.008662155126,4.45581072e-14,602.755239,602.755239,-602.7552391,438.1263349,0,368.9323578,555.2670898,562.1271023,525.4829346,34.98742294,0.5848357081,438.1263349,0,300,562.5767822,528.4630292,520.7399439,0.2081601918,0.2409596031,0.0003132628613,553.4130789,300.0000001,423.9664736,0,-1.407630634e-07,0.07608151927
568,0.008662155126,-0.008662155126,3.607704413e-14,602.755239,602.755239,-602.7552391,438.1263349,0,368.9323578,555.2670898,562.1271023,525.4829346,34.98742294,0.5848357081,438.1263349,0,300,562.5767822,528.4630292,520.7399439,0.2081601918,0.2409596031,0.0003132628613,553.4130789,300.0000001,423.9664736,0,-1.318435352e-07,0.07608151927
569,0.008662155126,-0.008662155126,2.715536129e-14,602.755239,602.755239,-602.7552391,438.1263349,0,368.9323578,555.2670898,562.1271023,525.4829346,34.98742294,0.5848357081,438.1263349,0,300,562.5767822,528.4630291,520.7399439,0.2081601918,0.2409596031,0.0003132628613,553.4130789,300.0000001,423.9664736,0,-1.236232947e-07,0.07608151927
570,0.008662155126,-0.008662155126,1.947400574e-14,602.755239,602.755239,-602.7552391,438.1263349,0,368.9323578,555.2670898,562.1271023,525.4829346,34.98742294,0.5848357081,438.1263349,0,300,562.5767822,528.4630291,520.7399439,0.2081601918,0.2409596031,0.0003132628613,553.4130789,300.0000001,423.9664736,0,-1.159099838e-07,0.07608151928
571,0.008662155126,-0.008662155126,1.201816424e-14,602.755239,602.755239,-602.7552391,438.1263349,0,368.9323578,555.2670898,562.1271023,525.4829346,34.98742294,0.5848357081,438.1263349,0,300,562.5767822,528.4630291,520.7399439,0.2081601918,0.2409596031,0.0003132628613,553.4130789,300.0000001,423.9664736,0,-1.087739747e-07,0.07608151928
572,0.008662155126,-0.008662155126,8.179221189e-15,602.755239,602.755239,-602.7552391,438.1263349,0,368.9323578,555.2670898,562.1271023,525.4829346,34.98742294,0.5848357081,438.1263349,0,300,562.5767822,528.4630291,520.7399439,0.2081601918,0.2409596031,0.0003132628613,553.4130789,300.0000001,423.9664736,0,-1.018498779e-07,0.07608151928
573,0.008662155126,-0.008662155126,-5.209374598e-15,602.755239,602.755239,-602.7552391,438.1263349,0,368.9323578,555.2670898,562.1271023,525.4829346,34.98742294,0.5848357081,438.1263349,0,300,562.5767822,528.4630291,520.7399439,0.2081601918,0.2409596031,0.0003132628613,553.4130789,300.0000001,423.9664736,0,-9.630127806e-08,0.07608151928
574,0.008662155126,-0.008662155126,-6.172146128e-15,602.755239,602.755239,-602.7552391,438.1263349,0,368.9323578,555.2670898,562.1271023,525.4829346,34.98742294,0.5848357081,438.1263349,0,300,562.5767822,528.4630291,520.7399439,0.2081601918,0.2409596031,0.0003132628613,553.4130789,300.0000001,423.9664736,0,-9.027576198e-08,0.07608151928
575,0.008662155126,-0.008662155126,-7.497474863e-15,602.755239,602.755239,-602.7552391,438.1263349,0,368.9323578,555.2670898,562.1271023,525.4829346,34.98742294,0.5848357081,438.1263349,0,300,562.5767822,528.4630291,520.7399439,0.2081601918,0.2409596031,0.0003132628613,553.4130789,300.0000001,423.9664736,0,-8.490599157e-08,0.07608151928
576,0.008662155126,-0.008662155126,-9.013623181e-15,602.755239,602.755239,-602.7552391,438.1263349,0,368.9323578,555.2670898,562.1271023,525.4829346,34.98742294,0.5848357081,438.1263349,0,300,562.5767822,528.4630291,520.7399439,0.2081601918,0.2409596031,0.0003132628613,553.4130789,300.0000001,423.9664736,0,-7.985693173e-08,0.07608151928
577,0.008662155126,-0.008662155126,-1.048119924e-14,602.755239,602.755239,-602.7552391,438.1263349,0,368.9323578,555.2670898,562.1271023,525.4829346,34.98742294,0.5848357081,438.1263349,0,300,562.5767822,528.4630291,520.7399439,0.2081601918,0.2409596031,0.0003132628613,553.4130789,300.0000001,423.9664736,0,-7.514177014e-08,0.07608151928
578,0.008662155126,-0.008662155126,-1.043262698e-14,602.755239,602.755239,-602.7552391,438.1263349,0,368.9323578,555.2670898,562.1271023,525.4829346,34.98742294,0.5848357081,438.1263349,0,300,562.5767822,528.4630291,520.7399439,0.2081601918,0.2409596031,0.0003132628613,553.4130789,300.0000001,423.9664736,0,-7.067717434e-08,0.07608151928
579,0.008662155126,-0.008662155126,-9.763023723e-15,602.755239,602.755239,-602.7552391,438.1263349,0,368.9323578,555.2670898,562.1271023,525.4829346,34.98742294,0.5848357081,438.1263349,0,300,562.5767822,528.4630291,520.7399439,0.2081601918,0.2409596031,0.0003132628613,553.4130789,300.0000001,423.9664736,0,-6.654852314e-08,0.07608151928
580,0.008662155126,-0.008662155126,-7.856562623e-15,602.755239,602.755239,-602.755239,438.1263349,0,368.9323578,555.2670898,562.1271023,525.4829346,34.98742294,0.5848357081,438.1263349,0,300,562.5767822,528.4630291,520.7399439,0.2081601918,0.2409596031,0.0003132628613,553.4130789,300.0000001,423.9664736,0,-6.260404462e-08,0.07608151928
581,0.008662155126,-0.008662155126,-6.231126726e-15,602.755239,602.755239,-602.755239,438.1263349,0,368.9323578,555.2670898,562.1271023,525.4829346,34.98742294,0.5848357081,438.1263349,0,300,562.5767822,528.4630291,520.7399439,0.2081601918,0.2409596031,0.0003132628613,553.4130789,300.0000001,423.9664736,0,-5.902779776e-08,0.07608151928
582,0.008662155126,-0.008662155126,-3.613429e-15,602.755239,602.755239,-602.755239,438.1263349,0,368.9323578,555.2670898,562.1271023,525.4829346,34.98742294,0.5848357081,438.1263349,0,300,562.5767822,528.4630291,520.7399439,0.2081601918,0.2409596031,0.0003132628613,553.4130789,300.0000001,423.9664736,0,-5.570302619e-08,0.07608151928
583,0.008662155126,-0.008662155126,-1.17787724e-15,602.755239,602.755239,-602.755239,438.1263349,0,368.9323578,555.2670898,562.1271023,525.4829346,34.98742294,0.5848357081,438.1263349,0,300,562.5767822,528.4630291,520.7399439,0.2081601918,0.2409596031,0.0003132628613,553.4130789,300.0000001,423.9664736,0,-5.274580417e-08,0.07608151928
584,0.008662155126,-0.008662155126,1.477984402e-15,602.755239,602.755239,-602.755239,438.1263349,0,368.9323578,555.2670898,562.1271023,525.4829346,34.98742294,0.5848357081,438.1263349,0,300,562.5767822,528.4630291,520.7399439,0.2081601918,0.2409596031,0.0003132628613,553.4130789,300.0000001,423.9664736,0,-5.005745152e-08,0.07608151928
585,0.008662155126,-0.008662155126,3.382710778e-15,602.755239,602.755239,-602.755239,438.1263349,0,368.9323578,555.2670898,562.1271023,525.4829346,34.98742294,0.5848357081,438.1263349,0,300,562.5767822,528.4630291,520.7399439,0.2081601918,0.2409596031,0.0003132628613,553.4130789,300.0000001,423.9664736,0,-4.771027307e-08,0.07608151928
586,0.008662155126,-0.008662155126,5.676015213e-15,602.755239,602.755239,-602.755239,438.1263349,0,368.9323578,555.2670898,562.1271023,525.4829346,34.98742294,0.5848357081,438.1263349,0,300,562.5767822,528.4630291,520.7399439,0.2081601918,0.2409596031,0.0003132628613,553.4130789,300.0000001,423.9664736,0,-4.554601674e-08,0.07608151928
587,0.008662155126,-0.008662155126,6.723788193e-15,602.755239,602.755239,-602.755239,438.1263349,0,368.9323578,555.2670898,562.1271023,525.4829346,34.98742294,0.5848357081,438.1263349,0,300,562.5767822,528.4630291,520.7399439,0.2081601918,0.2409596031,0.0003132628613,553.4130789,300.0000001,423.9664736,0,-4.367757356e-08,0.07608151928
588,0.008662155126,-0.008662155126,7.941564073e-15,602.755239,602.755239,-602.755239,438.1263349,0,368.9323578,555.2670898,562.1271023,525.4829346,34.98742294,0.5848357081,438.1263349,0,300,562.5767822,528.4630291,520.7399439,0.2081601918,0.2409596031,0.0003132628613,553.4130789,300.0000001,423.9664736,0,-4.193179848e-08,0.07608151928
589,0.008662155126,-0.008662155126,8.35442826e-15,602.755239,602.755239,-602.755239,438.1263349,0,368.9323578,555.2670898,562.1271023,525.4829346,34.98742294,0.5848357081,438.1263349,0,300,562.5767822,528.4630291,520.7399439,0.2081601918,0.2409596031,0.0003132628613,553.4130789,300.0000001,423.9664736,0,-4.038849966e-08,0.07608151928
590,0.008662155126,-0.008662155126,7.497474863e-15,602.755239,602.755239,-602.755239,438.1263349,0,368.9323578,555.2670898,562.1271023,525.4829346,34.98742294,0.5848357081,438.1263349,0,300,562.5767822,528.4630291,520.7399439,0.2081601918,0.2409596031,0.0003132628613,553.4130789,300.0000001,423.9664736,0,-3.902846402e-08,0.07608151928
591,0.008662155126,-0.008662155126,6.309189282e-15,602.755239,602.755239,-602.755239,438.1263349,0,368.9323578,555.2670898,562.1271023,525.4829346,34.98742294,0.5848357081,438.1263349,0,300,562.5767822,528.4630291,520.7399439,0.2081601918,0.2409596031,0.0003132628613,553.4130789,300.0000001,423.9664736,0,-3.777859092e-08,0.07608151928
592,0.008662155126,-0.008662155126,5.597952657e-15,602.755239,602.755239,-602.755239,438.1263349,0,368.9323578,555.2670898,562.1271023,525.4829346,34.98742294,0.5848357081,438.1263349,0,300,562.5767822,528.4630291,520.7399439,0.2081601918,0.2409596031,0.0003132628613,553.4130789,300.0000001,423.9664736,0,-3.652144187e-08,0.07608151928
593,0.008662155126,-0.008662155126,4.70630479e-15,602.755239,602.755239,-602.755239,438.1263349,0,368.9323578,555.2670898,562.1271023,525.4829346,34.98742294,0.5848357081,438.1263349,0,300,562.5767822,528.4630291,520.7399439,0.2081601918,0.2409596031,0.0003132628613,553.4130789,300.0000001,423.9664736,0,-3.532375104e-08,0.07608151928
594,0.008662155126,-0.008662155126,3.550978955e-15,602.755239,602.755239,-602.755239,438.1263349,0,368.9323578,555.2670898,562.1271023,525.4829346,34.98742294,0.5848357081,438.1263349,0,300,562.5767822,528.4630291,520.7399439,0.2081601918,0.2409596031,0.0003132628613,553.4130789,300.0000001,423.9664736,0,-3.416243999e-08,0.07608151928
595,0.008662155126,-0.008662155126,2.543104616e-15,602.755239,602.755239,-602.755239,438.1263349,0,368.9323578,555.2670898,562.1271023,525.4829346,34.98742294,0.5848357081,438.1263349,0,300,562.5767822,528.4630291,520.7399439,0.2081601918,0.2409596031,0.0003132628613,553.4130789,300.0000001,423.9664736,0,-3.302454843e-08,0.07608151928
596,0.008662155126,-0.008662155126,1.54216917e-15,602.755239,602.755239,-602.755239,438.1263349,0,368.9323578,555.2670898,562.1271023,525.4829346,34.98742294,0.5848357081,438.1263349,0,300,562.5767822,528.4630291,520.7399439,0.2081601918,0.2409596031,0.0003132628613,553.4130789,300.0000001,423.9664736,0,-3.189097697e-08,0.07608151928
597,0.008662155126,-0.008662155126,8.031769694e-16,602.755239,602.755239,-602.755239,438.1263349,0,368.9323578,555.2670898,562.1271023,525.4829346,34.98742294,0.5848357081,438.1263349,0,300,562.5767822,528.4630291,520.7399439,0.2081601918,0.2409596031,0.0003132628613,553.4130789,300.0000001,423.9664736,0,-3.075604127e-08,0.07608151928
598,0.008662155126,-0.008662155126,-6.938893904e-18,602.755239,602.755239,-602.755239,438.1263349,0,368.9323578,555.2670898,562.1271023,525.4829346,34.98742294,0.5848357081,438.1263349,0,300,562.5767822,528.4630291,520.7399439,0.2081601918,0.2409596031,0.0003132628613,553.4130789,300.0000001,423.9664736,0,-2.96303142e-08,0.07608151928
599,0.008662155126,-0.008662155126,-2.445960101e-16,602.755239,602.755239,-602.755239,438.1263349,0,368.9323578,555.2670898,562.1271023,525.4829346,34.98742294,0.5848357081,438.1263349,0,300,562.5767822,528.4630291,520.7399439,0.2081601918,0.2409596031,0.0003132628613,553.4130789,300.0000001,423.9664736,0,-2.845024483e-08,0.07608151928
600,0.008662155126,-0.008662155126,-5.915407053e-16,602.755239,602.755239,-602.755239,438.1263349,0,368.9323578,555.2670898,562.1271023,525.4829346,34.98742294,0.5848357081,438.1263349,0,300,562.5767822,528.4630291,520.7399439,0.2081601918,0.2409596031,0.0003132628613,553.4130789,300.0000001,423.9664736,0,-2.729098014e-08,0.07608151928
601,0.008662155126,-0.008662155126,-8.951173136e-16,602.755239,602.755239,-602.755239,438.1263349,0,368.9323578,555.2670898,562.1271023,525.4829346,34.98742294,0.5848357081,438.1263349,0,300,562.5767822,528.4630291,520.7399439,0.2081601918,0.2409596031,0.0003132628613,553.4130789,300.0000001,423.9664736,0,-2.612762273e-08,0.07608151928
602,0.008662155126,-0.008662155126,-6.106226635e-16,602.755239,602.755239,-602.755239,438.1263349,0,368.9323578,555.2670898,562.1271023,525.4829346,34.98742294,0.5848357081,438.1263349,0,300,562.5767822,528.4630291,520.7399439,0.2081601918,0.2409596031,0.0003132628613,553.4130789,300.0000001,423.9664736,0,-2.491754003e-08,0.07608151928
603,0.008662155126,-0.008662155126,-4.874572967e-16,602.755239,602.755239,-602.755239,438.1263349,0,368.9323578,555.2670898,562.1271023,525.4829346,34.98742294,0.5848357081,438.1263349,0,300,562.5767822,528.4630291,520.7399439,0.2081601918,0.2409596031,0.0003132628613,553.4130789,300.0000001,423.9664736,0,-2.374702035e-08,0.07608151928
604,0.008662155126,-0.008662155126,-3.781697178e-16,602.755239,602.755239,-602.755239,438.1263349,0,368.9323578,555.2670898,562.1271023,525.4829346,34.98742294,0.5848357081,438.1263349,0,300,562.5767822,528.4630291,520.7399439,0.2081601918,0.2409596031,0.0003132628613,553.4130789,300.0000001,423.9664736,0,-2.260173915e-08,0.07608151928
605,0.008662155126,-0.008662155126,1.682681772e-16,602.755239,602.755239,-602.755239,438.1263349,0,368.9323578,555.2670898,562.1271023,525.4829346,34.98742294,0.5848357081,438.1263349,0,300,562.5767822,528.4630291,520.7399439,0.2081601918,0.2409596031,0.0003132628613,553.4130789,300.0000001,423.9664736,0,-2.14438387e-08,0.07608151928
606,0.008662155126,-0.008662155126,2.949029909e-16,602.755239,602.755239,-602.755239,438.1263349,0,368.9323578,555.2670898,562.1271023,525.4829346,34.98742294,0.5848357081,438.1263349,0,300,562.5767822,528.4630291,520.7399439,0.2081601918,0.2409596031,0.0003132628613,553.4130789,300.0000001,423.9664736,0,-2.037404556e-08,0.07608151928
607,0.008662155126,-0.008662155126,3.573530361e-16,602.755239,602.755239,-602.755239,438.1263349,0,368.9323578,555.2670898,562.1271023,525.4829346,34.98742294,0.5848357081,438.1263349,0,300,562.5767822,528.4630291,520.7399439,0.2081601918,0.2409596031,0.0003132628613,553.4130789,300.0000001,423.9664736,0,-1.935507044e-08,0.07608151928
608,0.008662155126,-0.008662155126,8.049116929e-16,602.755239,602.755239,-602.755239,438.1263349,0,368.9323578,555.2670898,562.1271023,525.4829346,34.98742294,0.5848357081,438.1263349,0,300,562.5767822,528.4630291,520.7399439,0.2081601918,0.2409596031,0.0003132628613,553.4130789,300.0000001,423.9664736,0,-1.83465545e-08,0.07608151928
609,0.008662155126,-0.008662155126,1.077263279e-15,602.755239,602.755239,-602.755239,438.1263349,0,368.9323578,555.2670898,562.1271023,525.4829346,34.98742294,0.5848357081,438.1263349,0,300,562.5767822,528.4630291,520.7399439,0.2081601918,0.2409596031,0.0003132628613,553.4130789,300.0000001,423.9664736,0,-1.741011602e-08,0.07608151928
610,0.008662155126,-0.008662155126,9.055256545e-16,602.755239,602.755239,-602.755239,438.1263349,0,368.9323578,555.2670898,562.1271023,525.4829346,34.98742294,0.5848357081,438.1263349,0,300,562.5767822,528.4630291,520.7399439,0.2081601918,0.2409596031,0.0003132628613,553.4130789,300.0000001,423.9664736,0,-1.656417226e-08,0.07608151928
611,0.008662155126,-0.008662155126,1.200428645e-15,602.755239,602.755239,-602.755239,438.1263349,0,368.9323578,555.2670898,562.1271023,525.4829346,34.98742294,0.5848357081,438.1263349,0,300,562.5767822,528.4630291,520.7399439,0.2081601918,0.2409596031,0.0003132628613,553.4130789,300.0000001,423.9664736,0,-1.572311703e-08,0.07608151928
612,0.008662155126,-0.008662155126,7.112366252e-16,602.755239,602.755239,-602.755239,438.1263349,0,368.9323578,555.2670898,562.1271023,525.4829346,34.98742294,0.5848357081,438.1263349,0,300,562.5767822,528.4630291,520.7399439,0.2081601918,0.2409596031,0.0003132628613,553.4130789,300.0000001,423.9664736,0,-1.499995506e-08,0.07608151928
613,0.008662155126,-0.008662155126,1.283695372e-16,602.755239,602.755239,-602.755239,438.1263349,0,368.9323578,555.2670898,562.1271023,525.4829346,34.98742294,0.5848357081,438.1263349,0,300,562.5767822,528.4630291,520.7399439,0.2081601918,0.2409596031,0.0003132628613,553.4130789,300.0000001,423.9664736,0,-1.4323291e-08,0.07608151928
614,0.008662155126,-0.008662155126,2.376571162e-16,602.755239,602.755239,-602.755239,438.1263349,0,368.9323578,555.2670898,562.1271023,525.4829346,34.98742294,0.5848357081,438.1263349,0,300,562.5767822,528.4630291,520.7399439,0.2081601918,0.2409596031,0.0003132628613,553.4130789,300.0000001,423.9664736,0,-1.362036528e-08,0.07608151928
615,0.008662155126,-0.008662155126,1.387778781e-16,602.755239,602.755239,-602.755239,438.1263349,0,368.9323578,555.2670898,562.1271023,525.4829346,34.98742294,0.5848357081,438.1263349,0,300,562.5767822,528.4630291,520.7399439,0.2081601918,0.2409596031,0.0003132628613,553.4130789,300.0000001,423.9664736,0,-1.29758746e-08,0.07608151928
616,0.008662155126,-0.008662155126,2.949029909e-17,602.755239,602.755239,-602.755239,438.1263349,0,368.9323578,555.2670898,562.1271023,525.4829346,34.98742294,0.5848357081,438.1263349,0,300,562.5767822,528.4630291,520.7399439,0.2081601918,0.2409596031,0.0003132628613,553.4130789,300.0000001,423.9664736,0,-1.237117431e-08,0.07608151928
617,0.008662155126,-0.008662155126,3.018418848e-16,602.755239,602.755239,-602.755239,438.1263349,0,368.9323578,555.2670898,562.1271023,525.4829346,34.98742294,0.5848357081,438.1263349,0,300,562.5767822,528.4630291,520.7399439,0.2081601918,0.2409596031,0.0003132628613,553.4130789,300.0000001,423.9664736,0,-1.175465059e-08,0.07608151928
618,0.008662155126,-0.008662155126,3.27862737e-16,602.755239,602.755239,-602.755239,438.1263349,0,368.9323578,555.2670898,562.1271023,525.4829346,34.98742294,0.5848357081,438.1263349,0,300,562.5767822,528.4630291,520.7399439,0.2081601918,0.2409596031,0.0003132628613,553.4130789,300.0000001,423.9664736,0,-1.119599347e-08,0.07608151928
619,0.008662155126,-0.008662155126,2.498001805e-16,602.755239,602.755239,-602.755239,438.1263349,0,368.9323578,555.2670898,562.1271023,525.4829346,34.98742294,0.5848357081,438.1263349,0,300,562.5767822,528.4630291,520.7399439,0.2081601918,0.2409596031,0.0003132628613,553.4130789,300.0000001,423.9664736,0,-1.067371613e-08,0.07608151928
620,0.008662155126,-0.008662155126,5.516420654e-16,602.755239,602.755239,-602.755239,438.1263349,0,368.9323578,555.2670898,562.1271023,525.4829346,34.98742294,0.5848357081,438.1263349,0,300,562.5767822,528.4630291,520.7399439,0.2081601918,0.2409596031,0.0003132628613,553.4130789,300.0000001,423.9664736,0,-1.013324891e-08,0.07608151928
621,0.008662155126,-0.008662155126,6.609296443e-16,602.755239,602.755239,-602.755239,438.1263349,0,368.9323578,555.2670898,562.1271023,525.4829346,34.98742294,0.5848357081,438.1263349,0,300,562.5767822,528.4630291,520.7399439,0.2081601918,0.2409596031,0.0003132628613,553.4130789,300.0000001,423.9664736,0,-9.644850252e-09,0.07608151928
622,0.008662155126,-0.008662155126,4.874572967e-16,602.755239,602.755239,-602.755239,438.1263349,0,368.9323578,555.2670898,562.1271022,525.4829346,34.98742294,0.5848357081,438.1263349,0,300,562.5767822,528.4630291,520.7399439,0.2081601918,0.2409596031,0.0003132628613,553.4130789,300.0000001,423.9664736,0,-9.203859008e-09,0.07608151928
623,0.008662155126,-0.008662155126,8.135853102e-16,602.755239,602.755239,-602.755239,438.1263349,0,368.9323578,555.2670898,562.1271022,525.4829346,34.98742294,0.5848357081,438.1263349,0,300,562.5767822,528.4630291,520.7399439,0.2081601918,0.2409596031,0.0003132628613,553.4130789,300.0000001,423.9664736,0,-8.7331955e-09,0.07608151928
624,0.008662155126,-0.008662155126,6.782768791e-16,602.755239,602.755239,-602.755239,438.1263349,0,368.9323578,555.2670898,562.1271022,525.4829346,34.98742294,0.5848357081,438.1263349,0,300,562.5767822,528.4630291,520.7399439,0.2081601918,0.2409596031,0.0003132628613,553.4130789,300.0000001,423.9664736,0,-8.333586266e-09,0.07608151928
625,0.008662155126,-0.008662155126,5.655198532e-16,602.755239,602.755239,-602.755239,438.1263349,0,368.9323578,555.2670898,562.1271022,525.4829346,34.98742294,0.5848357081,438.1263349,0,300,562.5767822,528.4630291,520.7399439,0.2081601918,0.2409596031,0.0003132628613,553.4130789,300.0000001,423.9664736,0,-7.95523647e-09,0.07608151928
626,0.008662155126,-0.008662155126,6.574601974e-16,602.755239,602.755239,-602.755239,438.1263349,0,368.9323578,555.2670898,562.1271022,525.4829346,34.98742294,0.5848357081,438.1263349,0,300,562.5767822,528.4630291,520.7399439,0.2081601918,0.2409596031,0.0003132628613,553.4130789,300.0000001,423.9664736,0,-7.570406524e-09,0.07608151928
627,0.008662155126,-0.008662155126,6.401129626e-16,602.755239,602.755239,-602.755239,438.1263349,0,368.9323578,555.2670898,562.1271022,525.4829346,34.98742294,0.5848357081,438.1263349,0,300,562.5767822,528.4630291,520.7399439,0.2081601918,0.2409596031,0.0003132628613,553.4130789,300.0000001,423.9664736,0,-7.22468485e-09,0.07608151928
628,0.008662155126,-0.008662155126,3.60822483e-16,602.755239,602.755239,-602.755239,438.1263349,0,368.9323578,555.2670898,562.1271022,525.4829346,34.98742294,0.5848357081,438.1263349,0,300,562.5767822,528.4630291,520.7399439,0.2081601918,0.2409596031,0.0003132628613,553.4130789,300.0000001,423.9664736,0,-6.920458873e-09,0.07608151928
629,0.008662155126,-0.008662155126,5.846018114e-16,602.755239,602.755239,-602.755239,438.1263349,0,368.9323578,555.2670898,562.1271022,525.4829346,34.98742294,0.5848357081,438.1263349,0,300,562.5767822,528.4630291,520.7399439,0.2081601918,0.2409596031,0.0003132628613,553.4130789,300.0000001,423.9664736,0,-6.579625733e-09,0.07608151928
630,0.008662155126,-0.008662155126,4.198030812e-16,602.755239,602.755239,-602.755239,438.1263349,0,368.9323578,555.2670898,562.1271022,525.4829346,34.98742294,0.5848357081,438.1263349,0,300,562.5767822,528.4630291,520.7399439,0.2081601918,0.2409596031,0.0003132628613,553.4130789,300.0000001,423.9664736,0,-6.296659194e-09,0.07608151928
631,0.008662155126,-0.008662155126,1.752070711e-16,602.755239,602.755239,-602.755239,438.1263349,0,368.9323578,555.2670898,562.1271022,525.4829346,34.98742294,0.5848357081,438.1263349,0,300,562.5767822,528.4630291,520.7399439,0.2081601918,0.2409596031,0.0003132628613,553.4130789,300.0000001,423.9664736,0,-6.032109923e-09,0.07608151928
632,0.008662155126,-0.008662155126,3.330669074e-16,602.755239,602.755239,-602.755239,438.1263349,0,368.9323578,555.2670898,562.1271022,525.4829346,34.98742294,0.5848357081,438.1263349,0,300,562.5767822,528.4630291,520.7399439,0.2081601918,0.2409596031,0.0003132628613,553.4130789,300.0000001,423.9664736,0,-5.730839803e-09,0.07608151928
633,0.008662155126,-0.008662155126,2.602085214e-16,602.755239,602.755239,-602.755239,438.1263349,0,368.9323578,555.2670898,562.1271022,525.4829346,34.98742294,0.5848357081,438.1263349,0,300,562.5767822,528.4630291,520.7399439,0.2081601918,0.2409596031,0.0003132628613,553.4130789,300.0000001,423.9664736,0,-5.470155884e-09,0.07608151928
634,0.008662155126,-0.008662155126,3.469446952e-17,602.755239,602.755239,-602.755239,438.1263349,0,368.9323578,555.2670898,562.1271022,525.4829346,34.98742294,0.5848357081,438.1263349,0,300,562.5767822,528.4630291,520.7399439,0.2081601918,0.2409596031,0.0003132628613,553.4130789,300.0000001,423.9664736,0,-5.228457667e-09,0.07608151928
635,0.008662155126,-0.008662155126,2.168404345e-16,602.755239,602.755239,-602.755239,438.1263349,0,368.9323578,555.2670898,562.1271022,525.4829346,34.98742294,0.5848357081,438.1263349,0,300,562.5767822,528.4630291,520.7399439,0.2081601918,0.2409596031,0.0003132628613,553.4130789,300.0000001,423.9664736,0,-4.948105925e-09,0.07608151928
636,0.008662155126,-0.008662155126,1.561251128e-16,602.755239,602.755239,-602.755239,438.1263349,0,368.9323578,555.2670898,562.1271022,525.4829346,34.98742294,0.5848357081,438.1263349,0,300,562.5767822,528.4630291,520.7399439,0.2081601918,0.2409596031,0.0003132628613,553.4130789,300.0000001,423.9664736,0,-4.708567758e-09,0.07608151928
637,0.008662155126,-0.008662155126,-2.428612866e-17,602.755239,602.755239,-602.755239,438.1263349,0,368.9323578,555.2670898,562.1271022,525.4829346,34.98742294,0.5848357081,438.1263349,0,300,562.5767822,528.4630291,520.7399439,0.2081601918,0.2409596031,0.0003132628613,553.4130789,300.0000001,423.9664736,0,-4.485741556e-09,0.07608151928
638,0.008662155126,-0.008662155126,2.064320936e-16,602.755239,602.755239,-602.755239,438.1263349,0,368.9323578,555.2670898,562.1271022,525.4829346,34.98742294,0.5848357081,438.1263349,0,300,562.5767822,528.4630291,520.7399439,0.2081601918,0.2409596031,0.0003132628613,553.4130789,300.0000001,423.9664736,0,-4.229946171e-09,0.07608151928
639,0.008662155126,-0.008662155126,1.82145965e-16,602.755239,602.755239,-602.755239,438.1263349,0,368.9323578,555.2670898,562.1271022,525.4829346,34.98742294,0.5848357081,438.1263349,0,300,562.5767822,528.4630291,520.7399439,0.2081601918,0.2409596031,0.0003132628613,553.4130789,300.0000001,423.9664736,0,-4.017010724e-09,0.07608151928
640,0.008662155126,-0.008662155126,1.908195824e-17,602.755239,602.755239,-602.755239,438.1263349,0,368.9323578,555.2670898,562.1271022,525.4829346,34.98742294,0.5848357081,438.1263349,0,300,562.5767822,528.4630291,520.7399439,0.2081601918,0.2409596031,0.0003132628613,553.4130789,300.0000001,423.9664736,0,-3.822947292e-09,0.07608151928
641,0.008662155126,-0.008662155126,2.55004351e-16,602.755239,602.755239,-602.755239,438.1263349,0,368.9323578,555.2670898,562.1271022,525.4829346,34.98742294,0.5848357081,438.1263349,0,300,562.5767822,528.4630291,520.7399439,0.2081601918,0.2409596031,0.0003132628613,553.4130789,300.0000001,423.9664736,0,-3.600007403e-09,0.07608151928
642,0.008662155126,-0.008662155126,2.359223927e-16,602.755239,602.755239,-602.755239,438.1263349,0,368.9323578,555.2670898,562.1271022,525.4829346,34.98742294,0.5848357081,438.1263349,0,300,562.5767822,528.4630291,520.7399439,0.2081601918,0.2409596031,0.0003132628613,553.4130789,300.0000001,423.9664736,0,-3.420950634e-09,0.07608151928
643,0.008662155126,-0.008662155126,6.418476861e-17,602.755239,602.755239,-602.755239,438.1263349,0,368.9323578,555.2670898,562.1271022,525.4829346,34.98742294,0.5848357081,438.1263349,0,300,562.5767822,528.4630291,520.7399439,0.2081601918,0.2409596031,0.0003132628613,553.4130789,300.0000001,423.9664736,0,-3.265881787e-09,0.07608151928
644,0.008662155126,-0.008662155126,2.792904796e-16,602.755239,602.755239,-602.755239,438.1263349,0,368.9323578,555.2670898,562.1271022,525.4829346,34.98742294,0.5848357081,438.1263349,0,300,562.5767822,528.4630291,520.7399439,0.2081601918,0.2409596031,0.0003132628613,553.4130789,300.0000001,423.9664736,0,-3.081254363e-09,0.07608151928
645,0.008662155126,-0.008662155126,2.532696275e-16,602.755239,602.755239,-602.755239,438.1263349,0,368.9323578,555.2670898,562.1271022,525.4829346,34.98742294,0.5848357081,438.1263349,0,300,562.5767822,528.4630291,520.7399439,0.2081601918,0.2409596031,0.0003132628613,553.4130789,300.0000001,423.9664736,0,-2.938577381e-09,0.07608151928
646,0.008662155126,-0.008662155126,7.806255642e-17,602.755239,602.755239,-602.755239,438.1263349,0,368.9323578,555.2670898,562.1271022,525.4829346,34.98742294,0.5848357081,438.1263349,0,300,562.5767822,528.4630291,520.7399439,0.2081601918,0.2409596031,0.0003132628613,553.4130789,300.0000001,423.9664736,0,-2.818978828e-09,0.07608151928
647,0.008662155126,-0.008662155126,2.706168623e-16,602.755239,602.755239,-602.755239,438.1263349,0,368.9323578,555.2670898,562.1271022,525.4829346,34.98742294,0.5848357081,438.1263349,0,300,562.5767822,528.4630291,520.7399439,0.2081601918,0.2409596031,0.0003132628613,553.4130789,300.0000001,423.9664736,0,-2.667661647e-09,0.07608151928
648,0.008662155126,-0.008662155126,2.168404345e-16,602.755239,602.755239,-602.755239,438.1263349,0,368.9323578,555.2670898,562.1271022,525.4829346,34.98742294,0.5848357081,438.1263349,0,300,562.5767822,528.4630291,520.7399439,0.2081601918,0.2409596031,0.0003132628613,553.4130789,300.0000001,423.9664736,0,-2.559659151e-09,0.07608151928
649,0.008662155126,-0.008662155126,4.857225733e-17,602.755239,602.755239,-602.755239,438.1263349,0,368.9323578,555.2670898,562.1271022,525.4829346,34.98742294,0.5848357081,438.1263349,0,300,562.5767822,528.4630291,520.7399439,0.2081601918,0.2409596031,0.0003132628613,553.4130789,300.0000001,423.9664736,0,-2.467345439e-09,0.07608151928
650,0.008662155126,-0.008662155126,2.55004351e-16,602.755239,602.755239,-602.755239,438.1263349,0,368.9323578,555.2670898,562.1271022,525.4829346,34.98742294,0.5848357081,438.1263349,0,300,562.5767822,528.4630291,520.7399439,0.2081601918,0.2409596031,0.0003132628613,553.4130789,300.0000001,423.9664736,0,-2.33751507e-09,0.07608151928
651,0.008662155126,-0.008662155126,1.78676518e-16,602.755239,602.755239,-602.755239,438.1263349,0,368.9323578,555.2670898,562.1271022,525.4829346,34.98742294,0.5848357081,438.1263349,0,300,562.5767822,528.4630291,520.7399439,0.2081601918,0.2409596031,0.0003132628613,553.4130789,300.0000001,423.9664736,0,-2.246338227e-09,0.07608151928
652,0.008662155126,-0.008662155126,-5.204170428e-18,602.755239,602.755239,-602.755239,438.1263349,0,368.9323578,555.2670898,562.1271022,525.4829346,34.98742294,0.5848357081,438.1263349,0,300,562.5767822,528.4630291,520.7399439,0.2081601918,0.2409596031,0.0003132628613,553.4130789,300.0000001,423.9664736,0,-2.167325874e-09,0.07608151928
653,0.008662155126,-0.008662155126,2.116362641e-16,602.755239,602.755239,-602.755239,438.1263349,0,368.9323578,555.2670898,562.1271022,525.4829346,34.98742294,0.5848357081,438.1263349,0,300,562.5767822,528.4630291,520.7399439,0.2081601918,0.2409596031,0.0003132628613,553.4130789,300.0000001,423.9664736,0,-2.052274795e-09,0.07608151928
654,0.008662155126,-0.008662155126,1.647987302e-16,602.755239,602.755239,-602.755239,438.1263349,0,368.9323578,555.2670898,562.1271022,525.4829346,34.98742294,0.5848357081,438.1263349,0,300,562.5767822,528.4630291,520.7399439,0.2081601918,0.2409596031,0.0003132628613,553.4130789,300.0000001,423.9664736,0,-1.974740371e-09,0.07608151928
655,0.008662155126,-0.008662155126,-3.295974604e-17,602.755239,602.755239,-602.755239,438.1263349,0,368.9323578,555.2670898,562.1271022,525.4829346,34.98742294,0.5848357081,438.1263349,0,300,562.5767822,528.4630291,520.7399439,0.2081601918,0.2409596031,0.0003132628613,553.4130789,300.0000001,423.9664736,0,-1.906073521e-09,0.07608151928
656,0.008662155126,-0.008662155126,1.804112415e-16,602.755239,602.755239,-602.755239,438.1263349,0,368.9323578,555.2670898,562.1271022,525.4829346,34.98742294,0.5848357081,438.1263349,0,300,562.5767822,528.4630291,520.7399439,0.2081601918,0.2409596031,0.0003132628613,553.4130789,300.0000001,423.9664736,0,-1.80114057e-09,0.07608151928
657,0.008662155126,-0.008662155126,1.179611964e-16,602.755239,602.755239,-602.755239,438.1263349,0,368.9323578,555.2670898,562.1271022,525.4829346,34.98742294,0.5848357081,438.1263349,0,300,562.5767822,528.4630291,520.7399439,0.2081601918,0.2409596031,0.0003132628613,553.4130789,300.0000001,423.9664736,0,-1.731564225e-09,0.07608151928
658,0.008662155126,-0.008662155126,-3.6429193e-17,602.755239,602.755239,-602.755239,438.1263349,0,368.9323578,555.2670898,562.1271022,525.4829346,34.98742294,0.5848357081,438.1263349,0,300,562.5767822,528.4630291,520.7399439,0.2081601918,0.2409596031,0.0003132628613,553.4130789,300.0000001,423.9664736,0,-1.672106009e-09,0.07608151928
659,0.008662155126,-0.008662155126,1.752070711e-16,602.755239,602.755239,-602.755239,438.1263349,0,368.9323578,555.2670898,562.1271022,525.4829346,34.98742294,0.5848357081,438.1263349,0,300,562.5767822,528.4630291,520.7399439,0.2081601918,0.2409596031,0.0003132628613,553.4130789,300.0000001,423.9664736,0,-1.572402653e-09,0.07608151928
660,0.008662155126,-0.008662155126,1.110223025e-16,602.755239,602.755239,-602.755239,438.1263349,0,368.9323578,555.2670898,562.1271022,525.4829346,34.98742294,0.5848357081,438.1263349,0,300,562.5767822,528.4630291,520.7399439,0.2081601918,0.2409596031,0.0003132628613,553.4130789,300.0000001,423.9664736,0,-1.50885171e-09,0.07608151928
661,0.008662155126,-0.008662155126,-5.377642776e-17,602.755239,602.755239,-602.755239,438.1263349,0,368.9323578,555.2670898,562.1271022,525.4829346,34.98742294,0.5848357081,438.1263349,0,300,562.5767822,528.4630291,520.7399439,0.2081601918,0.2409596031,0.0003132628613,553.4130789,300.0000001,423.9664736,0,-1.458147381e-09,0.07608151928
662,0.008662155126,-0.008662155126,1.700029006e-16,602.755239,602.755239,-602.755239,438.1263349,0,368.9323578,555.2670898,562.1271022,525.4829346,34.98742294,0.5848357081,438.1263349,0,300,562.5767822,528.4630291,520.7399439,0.2081601918,0.2409596031,0.0003132628613,553.4130789,300.0000001,423.9664736,0,-1.366515789e-09,0.07608151928
663,0.008662155126,-0.008662155126,1.110223025e-16,602.755239,602.755239,-602.755239,438.1263349,0,368.9323578,555.2670898,562.1271022,525.4829346,34.98742294,0.5848357081,438.1263349,0,300,562.5767822,528.4630291,520.7399439,0.2081601918,0.2409596031,0.0003132628613,553.4130789,300.0000001,423.9664736,0,-1.308876563e-09,0.07608151928
664,0.008662155126,-0.008662155126,-3.989863995e-17,602.755239,602.755239,-602.755239,438.1263349,0,368.9323578,555.2670898,562.1271022,525.4829346,34.98742294,0.5848357081,438.1263349,0,300,562.5767822,528.4630291,520.7399439,0.2081601918,0.2409596031,0.0003132628613,553.4130789,300.0000001,423.9664736,0,-1.266243999e-09,0.07608151928
665,0.008662155126,-0.008662155126,1.647987302e-16,602.755239,602.755239,-602.755239,438.1263349,0,368.9323578,555.2670898,562.1271022,525.4829346,34.98742294,0.5848357081,438.1263349,0,300,562.5767822,528.4630291,520.7399439,0.2081601918,0.2409596031,0.0003132628613,553.4130789,300.0000001,423.9664736,0,-1.182002052e-09,0.07608151928
666,0.008662155126,-0.008662155126,1.249000903e-16,602.755239,602.755239,-602.755239,438.1263349,0,368.9323578,555.2670898,562.1271022,525.4829346,34.98742294,0.5848357081,438.1263349,0,300,562.5767822,528.4630291,520.7399439,0.2081601918,0.2409596031,0.0003132628613,553.4130789,300.0000001,423.9664736,0,-1.134026206e-09,0.07608151928
667,0.008662155126,-0.008662155126,-5.551115123e-17,602.755239,602.755239,-602.755239,438.1263349,0,368.9323578,555.2670898,562.1271022,525.4829346,34.98742294,0.5848357081,438.1263349,0,300,562.5767822,528.4630291,520.7399439,0.2081601918,0.2409596031,0.0003132628613,553.4130789,300.0000001,423.9664736,0,-1.096736924e-09,0.07608151928
668,0.008662155126,-0.008662155126,1.578598363e-16,602.755239,602.755239,-602.755239,438.1263349,0,368.9323578,555.2670898,562.1271022,525.4829346,34.98742294,0.5848357081,438.1263349,0,300,562.5767822,528.4630291,520.7399439,0.2081601918,0.2409596031,0.0003132628613,553.4130789,300.0000001,423.9664736,0,-1.019543561e-09,0.07608151928
669,0.008662155126,-0.008662155126,1.110223025e-16,602.755239,602.755239,-602.755239,438.1263349,0,368.9323578,555.2670898,562.1271022,525.4829346,34.98742294,0.5848357081,438.1263349,0,300,562.5767822,528.4630291,520.7399439,0.2081601918,0.2409596031,0.0003132628613,553.4130789,300.0000001,423.9664736,0,-9.767973097e-10,0.07608151928
670,0.008662155126,-0.008662155126,-4.683753385e-17,602.755239,602.755239,-602.755239,438.1263349,0,368.9323578,555.2670898,562.1271022,525.4829346,34.98742294,0.5848357081,438.1263349,0,300,562.5767822,528.4630291,520.7399439,0.2081601918,0.2409596031,0.0003132628613,553.4130789,300.0000001,423.9664736,0,-9.465566109e-10,0.07608151928
671,0.008662155126,-0.008662155126,1.700029006e-16,602.755239,602.755239,-602.755239,438.1263349,0,368.9323578,555.2670898,562.1271022,525.4829346,34.98742294,0.5848357081,438.1263349,0,300,562.5767822,528.4630291,520.7399439,0.2081601918,0.2409596031,0.0003132628613,553.4130789,300.0000001,423.9664736,0,-8.748202163e-10,0.07608151928
672,0.008662155126,-0.008662155126,1.196959198e-16,602.755239,602.755239,-602.755239,438.1263349,0,368.9323578,555.2670898,562.1271022,525.4829346,34.98742294,0.5848357081,438.1263349,0,300,562.5767822,528.4630291,520.7399439,0.2081601918,0.2409596031,0.0003132628613,553.4130789,300.0000001,423.9664736,0,-8.393499229e-10,0.07608151928
673,0.008662155126,-0.008662155126,-5.03069808e-17,602.755239,602.755239,-602.755239,438.1263349,0,368.9323578,555.2670898,562.1271022,525.4829346,34.98742294,0.5848357081,438.1263349,0,300,562.5767822,528.4630291,520.7399439,0.2081601918,0.2409596031,0.0003132628613,553.4130789,300.0000001,423.9664736,0,-8.155893738e-10,0.07608151928
674,0.008662155126,-0.008662155126,1.613292833e-16,602.755239,602.755239,-602.755239,438.1263349,0,368.9323578,555.2670898,562.1271022,525.4829346,34.98742294,0.5848357081,438.1263349,0,300,562.5767822,528.4630291,520.7399439,0.2081601918,0.2409596031,0.0003132628613,553.4130789,300.0000001,423.9664736,0,-7.499920684e-10,0.07608151928
675,0.008662155126,-0.008662155126,1.040834086e-16,602.755239,602.755239,-602.755239,438.1263349,0,368.9323578,555.2670898,562.1271022,525.4829346,34.98742294,0.5848357081,438.1263349,0,300,562.5767822,528.4630291,520.7399439,0.2081601918,0.2409596031,0.0003132628613,553.4130789,300.0000001,423.9664736,0,-7.189555618e-10,0.07608151928
676,0.008662155126,-0.008662155126,-3.6429193e-17,602.755239,602.755239,-602.755239,438.1263349,0,368.9323578,555.2670898,562.1271022,525.4829346,34.98742294,0.5848357081,438.1263349,0,300,562.5767822,528.4630291,520.7399439,0.2081601918,0.2409596031,0.0003132628613,553.4130789,300.0000001,423.9664736,0,-6.994014257e-10,0.07608151928
677,0.008662155126,-0.008662155126,1.561251128e-16,602.755239,602.755239,-602.755239,438.1263349,0,368.9323578,555.2670898,562.1271022,525.4829346,34.98742294,0.5848357081,438.1263349,0,300,562.5767822,528.4630291,520.7399439,0.2081601918,0.2409596031,0.0003132628613,553.4130789,300.0000001,423.9664736,0,-6.413074516e-10,0.07608151928
678,0.008662155126,-0.008662155126,1.05818132e-16,602.755239,602.755239,-602.755239,438.1263349,0,368.9323578,555.2670898,562.1271022,525.4829346,34.98742294,0.5848357081,438.1263349,0,300,562.5767822,528.4630291,520.7399439,0.2081601918,0.2409596031,0.0003132628613,553.4130789,300.0000001,423.9664736,0,-6.158415999e-10,0.07608151928
679,0.008662155126,-0.008662155126,-4.163336342e-17,602.755239,602.755239,-602.755239,438.1263349,0,368.9323578,555.2670898,562.1271022,525.4829346,34.98742294,0.5848357081,438.1263349,0,300,562.5767822,528.4630291,520.7399439,0.2081601918,0.2409596031,0.0003132628613,553.4130789,300.0000001,423.9664736,0,-6.014033715e-10,0.07608151928
680,0.008662155126,-0.008662155126,1.561251128e-16,602.755239,602.755239,-602.755239,438.1263349,0,368.9323578,555.2670898,562.1271022,525.4829346,34.98742294,0.5848357081,438.1263349,0,300,562.5767822,528.4630291,520.7399439,0.2081601918,0.2409596031,0.0003132628613,553.4130789,300.0000001,423.9664736,0,-5.479705578e-10,0.07608151928
681,0.008662155126,-0.008662155126,1.127570259e-16,602.755239,602.755239,-602.755239,438.1263349,0,368.9323578,555.2670898,562.1271022,525.4829346,34.98742294,0.5848357081,438.1263349,0,300,562.5767822,528.4630291,520.7399439,0.2081601918,0.2409596031,0.0003132628613,553.4130789,300.0000001,423.9664736,0,-5.263700587e-10,0.07608151928
682,0.008662155126,-0.008662155126,-4.510281038e-17,602.755239,602.755239,-602.755239,438.1263349,0,368.9323578,555.2670898,562.1271022,525.4829346,34.98742294,0.5848357081,438.1263349,0,300,562.5767822,528.4630291,520.7399439,0.2081601918,0.2409596031,0.0003132628613,553.4130789,300.0000001,423.9664736,0,-5.165929906e-10,0.07608151928
683,0.008662155126,-0.008662155126,1.613292833e-16,602.755239,602.755239,-602.755239,438.1263349,0,368.9323578,555.2670898,562.1271022,525.4829346,34.98742294,0.5848357081,438.1263349,0,300,562.5767822,528.4630291,520.7399439,0.2081601918,0.2409596031,0.0003132628613,553.4130789,300.0000001,423.9664736,0,-4.633875506e-10,0.07608151928
684,0.008662155126,-0.008662155126,1.144917494e-16,602.755239,602.755239,-602.755239,438.1263349,0,368.9323578,555.2670898,562.1271022,525.4829346,34.98742294,0.5848357081,438.1263349,0,300,562.5767822,528.4630291,520.7399439,0.2081601918,0.2409596031,0.0003132628613,553.4130789,300.0000001,423.9664736,0,-4.451976565e-10,0.07608151928
685,0.008662155126,-0.008662155126,-5.898059818e-17,602.755239,602.755239,-602.755239,438.1263349,0,368.9323578,555.2670898,562.1271022,525.4829346,34.98742294,0.5848357081,438.1263349,0,300,562.5767822,528.4630291,520.7399439,0.2081601918,0.2409596031,0.0003132628613,553.4130789,300.0000001,423.9664736,0,-4.383764463e-10,0.07608151928
686,0.008662155126,-0.008662155126,1.665334537e-16,602.755239,602.755239,-602.755239,438.1263349,0,368.9323578,555.2670898,562.1271022,525.4829346,34.98742294,0.5848357081,438.1263349,0,300,562.5767822,528.4630291,520.7399439,0.2081601918,0.2409596031,0.0003132628613,553.4130789,300.0000001,423.9664736,0,-3.898321665e-10,0.07608151928
687,0.008662155126,-0.008662155126,1.075528555e-16,602.755239,602.755239,-602.755239,438.1263349,0,368.9323578,555.2670898,562.1271022,525.4829346,34.98742294,0.5848357081,438.1263349,0,300,562.5767822,528.4630291,520.7399439,0.2081601918,0.2409596031,0.0003132628613,553.4130789,300.0000001,423.9664736,0,-3.752802513e-10,0.07608151928
688,0.008662155126,-0.008662155126,-5.377642776e-17,602.755239,602.755239,-602.755239,438.1263349,0,368.9323578,555.2670898,562.1271022,525.4829346,34.98742294,0.5848357081,438.1263349,0,300,562.5767822,528.4630291,520.7399439,0.2081601918,0.2409596031,0.0003132628613,553.4130789,300.0000001,423.9664736,0,-3.717559593e-10,0.07608151928
689,0.008662155126,-0.008662155126,1.578598363e-16,602.755239,602.755239,-602.755239,438.1263349,0,368.9323578,555.2670898,562.1271022,525.4829346,34.98742294,0.5848357081,438.1263349,0,300,562.5767822,528.4630291,520.7399439,0.2081601918,0.2409596031,0.0003132628613,553.4130789,300.0000001,423.9664736,0,-3.291233952e-10,0.07608151928
690,0.008662155126,-0.008662155126,1.006139616e-16,602.755239,602.755239,-602.755239,438.1263349,0,368.9323578,555.2670898,562.1271022,525.4829346,34.98742294,0.5848357081,438.1263349,0,300,562.5767822,528.4630291,520.7399439,0.2081601918,0.2409596031,0.0003132628613,553.4130789,300.0000001,423.9664736,0,-3.174136509e-10,0.07608151928
691,0.008662155126,-0.008662155126,-5.724587471e-17,602.755239,602.755239,-602.755239,438.1263349,0,368.9323578,555.2670898,562.1271022,525.4829346,34.98742294,0.5848357081,438.1263349,0,300,562.5767822,528.4630291,520.7399439,0.2081601918,0.2409596031,0.0003132628613,553.4130789,300.0000001,423.9664736,0,-3.168452167e-10,0.07608151928
692,0.008662155126,-0.008662155126,1.491862189e-16,602.755239,602.755239,-602.755239,438.1263349,0,368.9323578,555.2670898,562.1271022,525.4829346,34.98742294,0.5848357081,438.1263349,0,300,562.5767822,528.4630291,520.7399439,0.2081601918,0.2409596031,0.0003132628613,553.4130789,300.0000001,423.9664736,0,-2.738715921e-10,0.07608151928
693,0.008662155126,-0.008662155126,1.040834086e-16,602.755239,602.755239,-602.755239,438.1263349,0,368.9323578,555.2670898,562.1271022,525.4829346,34.98742294,0.5848357081,438.1263349,0,300,562.5767822,528.4630291,520.7399439,0.2081601918,0.2409596031,0.0003132628613,553.4130789,300.0000001,423.9664736,0,-2.648903319e-10,0.07608151928
694,0.008662155126,-0.008662155126,-5.724587471e-17,602.755239,602.755239,-602.755239,438.1263349,0,368.9323578,555.2670898,562.1271022,525.4829346,34.98742294,0.5848357081,438.1263349,0,300,562.5767822,528.4630291,520.7399439,0.2081601918,0.2409596031,0.0003132628613,553.4130789,300.0000001,423.9664736,0,-2.667093213e-10,0.07608151928
695,0.008662155126,-0.008662155126,1.613292833e-16,602.755239,602.755239,-602.755239,438.1263349,0,368.9323578,555.2670898,562.1271022,525.4829346,34.98742294,0.5848357081,438.1263349,0,300,562.5767822,528.4630291,520.7399439,0.2081601918,0.2409596031,0.0003132628613,553.4130789,300.0000001,423.9664736,0,-2.258957466e-10,0.07608151928
696,0.008662155126,-0.008662155126,1.09287579e-16,602.755239,602.755239,-602.755239,438.1263349,0,368.9323578,555.2670898,562.1271022,525.4829346,34.98742294,0.5848357081,438.1263349,0,300,562.5767822,528.4630291,520.7399439,0.2081601918,0.2409596031,0.0003132628613,553.4130789,300.0000001,423.9664736,0,-2.188471626e-10,0.07608151928
697,0.008662155126,-0.008662155126,-6.071532166e-17,602.755239,602.755239,-602.755239,438.1263349,0,368.9323578,555.2670898,562.1271022,525.4829346,34.98742294,0.5848357081,438.1263349,0,300,562.5767822,528.4630291,520.7399439,0.2081601918,0.2409596031,0.0003132628613,553.4130789,300.0000001,423.9664736,0,-2.230535756e-10,0.07608151928
698,0.008662155126,-0.008662155126,1.630640067e-16,602.755239,602.755239,-602.755239,438.1263349,0,368.9323578,555.2670898,562.1271022,525.4829346,34.98742294,0.5848357081,438.1263349,0,300,562.5767822,528.4630291,520.7399439,0.2081601918,0.2409596031,0.0003132628613,553.4130789,300.0000001,423.9664736,0,-1.839453034e-10,0.07608151928
699,0.008662155126,-0.008662155126,1.162264729e-16,602.755239,602.755239,-602.755239,438.1263349,0,368.9323578,555.2670898,562.1271022,525.4829346,34.98742294,0.5848357081,438.1263349,0,300,562.5767822,528.4630291,520.7399439,0.2081601918,0.2409596031,0.0003132628613,553.4130789,300.0000001,423.9664736,0,-1.789430826e-10,0.07608151928
700,0.008662155126,-0.008662155126,-6.071532166e-17,602.755239,602.755239,-602.755239,438.1263349,0,368.9323578,555.2670898,562.1271022,525.4829346,34.98742294,0.5848357081,438.1263349,0,300,562.5767822,528.4630291,520.7399439,0.2081601918,0.2409596031,0.0003132628613,553.4130789,300.0000001,423.9664736,0,-1.855369192e-10,0.07608151928
